Date,Open,High,Low,Close,Volume,Dividends,Stock Splits
2013-08-12 00:00:00-04:00,1309.0,1568.0,1309.0,1470.0,61,0.0,0.0
2013-08-13 00:00:00-04:00,1470.0,1470.0,1470.0,1470.0,0,0.0,0.0
2013-08-14 00:00:00-04:00,1633.800048828125,1633.800048828125,1505.0,1628.199951171875,37,0.0,0.0
2013-08-15 00:00:00-04:00,1628.199951171875,1628.199951171875,1628.199951171875,1628.199951171875,0,0.0,0.0
2013-08-16 00:00:00-04:00,1442.0,1512.0,1442.0,1498.0,9,0.0,0.0
2013-08-19 00:00:00-04:00,1708.0,1988.0,1701.0,1883.0,186,0.0,0.0
2013-08-20 00:00:00-04:00,1887.199951171875,2090.199951171875,1887.199951171875,2002.0,16,0.0,0.0
2013-08-21 00:00:00-04:00,2119.60009765625,2170.0,2007.5999755859375,2007.5999755859375,103,0.0,0.0
2013-08-22 00:00:00-04:00,2205.0,2545.199951171875,2160.199951171875,2510.199951171875,138,0.0,0.0
2013-08-23 00:00:00-04:00,3134.60009765625,3134.60009765625,2723.0,2814.0,54,0.0,0.0
2013-08-26 00:00:00-04:00,2840.60009765625,2840.60009765625,2556.39990234375,2632.0,32,0.0,0.0
2013-08-27 00:00:00-04:00,2517.199951171875,2517.199951171875,2297.39990234375,2419.199951171875,37,0.0,0.0
2013-08-28 00:00:00-04:00,2745.39990234375,2973.60009765625,2669.800048828125,2973.60009765625,36,0.0,0.0
2013-08-29 00:00:00-04:00,3460.800048828125,3460.800048828125,2982.0,3206.0,41,0.0,0.0
2013-08-30 00:00:00-04:00,3565.800048828125,3565.800048828125,3439.800048828125,3536.39990234375,20,0.0,0.0
2013-09-03 00:00:00-04:00,3792.60009765625,3858.39990234375,3628.800048828125,3732.39990234375,42,0.0,0.0
2013-09-04 00:00:00-04:00,3712.800048828125,3712.800048828125,3631.60009765625,3631.60009765625,13,0.0,0.0
2013-09-05 00:00:00-04:00,3656.800048828125,3656.800048828125,3326.39990234375,3424.39990234375,49,0.0,0.0
2013-09-06 00:00:00-04:00,3431.39990234375,3775.800048828125,3424.39990234375,3775.800048828125,34,0.0,0.0
2013-09-09 00:00:00-04:00,3621.800048828125,3631.60009765625,3512.60009765625,3593.800048828125,27,0.0,0.0
2013-09-10 00:00:00-04:00,3571.39990234375,3571.39990234375,3290.0,3290.0,18,0.0,0.0
2013-09-11 00:00:00-04:00,3361.39990234375,3536.39990234375,3284.39990234375,3536.39990234375,24,0.0,0.0
2013-09-12 00:00:00-04:00,3516.800048828125,3893.39990234375,3516.800048828125,3726.800048828125,14,0.0,0.0
2013-09-13 00:00:00-04:00,3740.800048828125,3740.800048828125,3621.800048828125,3640.0,26,0.0,0.0
2013-09-16 00:00:00-04:00,3782.800048828125,3782.800048828125,3571.39990234375,3635.800048828125,31,0.0,0.0
2013-09-17 00:00:00-04:00,3670.800048828125,3785.60009765625,3584.0,3584.0,31,0.0,0.0
2013-09-18 00:00:00-04:00,3598.0,3598.0,3220.0,3418.800048828125,25,0.0,0.0
2013-09-19 00:00:00-04:00,3362.800048828125,3374.0,3206.0,3374.0,5,0.0,0.0
2013-09-20 00:00:00-04:00,3259.199951171875,3360.0,3243.800048828125,3360.0,18,0.0,0.0
2013-09-23 00:00:00-04:00,3389.39990234375,3389.39990234375,3248.0,3283.0,17,0.0,0.0
2013-09-24 00:00:00-04:00,3348.800048828125,3372.60009765625,3348.800048828125,3348.800048828125,2,0.0,0.0
2013-09-25 00:00:00-04:00,3346.0,3407.60009765625,3274.60009765625,3407.60009765625,9,0.0,0.0
2013-09-26 00:00:00-04:00,3329.199951171875,3329.199951171875,3239.60009765625,3301.199951171875,10,0.0,0.0
2013-09-27 00:00:00-04:00,3358.60009765625,3388.0,3358.60009765625,3388.0,22,0.0,0.0
2013-09-30 00:00:00-04:00,3407.60009765625,3456.60009765625,3332.0,3430.0,32,0.0,0.0
2013-10-01 00:00:00-04:00,3717.0,3754.800048828125,3669.39990234375,3669.39990234375,46,0.0,0.0
2013-10-02 00:00:00-04:00,3901.800048828125,4188.7998046875,3897.60009765625,4188.7998046875,74,0.0,0.0
2013-10-03 00:00:00-04:00,4389.0,4389.0,4302.2001953125,4302.2001953125,15,0.0,0.0
2013-10-04 00:00:00-04:00,4376.39990234375,4519.2001953125,4323.2001953125,4354.0,45,0.0,0.0
2013-10-07 00:00:00-04:00,4394.60009765625,4429.60009765625,4302.2001953125,4429.60009765625,26,0.0,0.0
2013-10-08 00:00:00-04:00,4407.2001953125,4407.2001953125,4214.0,4214.0,9,0.0,0.0
2013-10-09 00:00:00-04:00,4193.0,4193.0,4053.0,4099.2001953125,32,0.0,0.0
2013-10-10 00:00:00-04:00,4104.7998046875,4135.60009765625,4104.7998046875,4135.60009765625,12,0.0,0.0
2013-10-11 00:00:00-04:00,4271.39990234375,4271.39990234375,4271.39990234375,4271.39990234375,8,0.0,0.0
2013-10-14 00:00:00-04:00,4271.39990234375,4271.39990234375,4271.39990234375,4271.39990234375,0,0.0,0.0
2013-10-15 00:00:00-04:00,4370.7998046875,4370.7998046875,4258.7998046875,4258.7998046875,12,0.0,0.0
2013-10-16 00:00:00-04:00,4387.60009765625,4387.60009765625,4312.0,4312.0,27,0.0,0.0
2013-10-17 00:00:00-04:00,4431.0,4431.0,4328.7998046875,4330.2001953125,33,0.0,0.0
2013-10-18 00:00:00-04:00,4340.0,4407.2001953125,4316.2001953125,4340.0,13,0.0,0.0
2013-10-21 00:00:00-04:00,4300.7998046875,4410.0,4149.60009765625,4410.0,21,0.0,0.0
2013-10-22 00:00:00-04:00,4326.0,5033.0,4326.0,5033.0,65,0.0,0.0
2013-10-23 00:00:00-04:00,5252.7998046875,5362.0,5210.7998046875,5250.0,37,0.0,0.0
2013-10-24 00:00:00-04:00,5286.39990234375,5461.39990234375,5252.7998046875,5341.0,48,0.0,0.0
2013-10-25 00:00:00-04:00,4653.60009765625,5243.0,4646.60009765625,5238.7998046875,45,0.0,0.0
2013-10-28 00:00:00-04:00,5573.39990234375,5772.2001953125,5573.39990234375,5772.2001953125,25,0.0,0.0
2013-10-29 00:00:00-04:00,5810.0,5850.60009765625,5623.7998046875,5740.0,19,0.0,0.0
2013-10-30 00:00:00-04:00,5740.0,5740.0,5740.0,5740.0,0,0.0,0.0
2013-10-31 00:00:00-04:00,5678.39990234375,5843.60009765625,5678.39990234375,5804.39990234375,11,0.0,0.0
2013-11-01 00:00:00-04:00,5800.2001953125,5845.0,5721.7998046875,5721.7998046875,17,0.0,0.0
2013-11-04 00:00:00-05:00,5670.0,5670.0,5328.39990234375,5390.0,14,0.0,0.0
2013-11-05 00:00:00-05:00,5336.7998046875,5374.60009765625,5283.60009765625,5310.2001953125,62,0.0,0.0
2013-11-06 00:00:00-05:00,5371.7998046875,5371.7998046875,5371.7998046875,5371.7998046875,20,0.0,0.0
2013-11-07 00:00:00-05:00,5504.7998046875,5504.7998046875,5490.7998046875,5490.7998046875,2,0.0,0.0
2013-11-08 00:00:00-05:00,5490.7998046875,5490.7998046875,5490.7998046875,5490.7998046875,0,0.0,0.0
2013-11-11 00:00:00-05:00,5726.0,6315.39990234375,5726.0,6230.0,16,0.0,0.0
2013-11-12 00:00:00-05:00,6379.7998046875,6419.0,6364.39990234375,6393.7998046875,20,0.0,0.0
2013-11-13 00:00:00-05:00,6791.39990234375,7266.0,6791.39990234375,7142.7998046875,45,0.0,0.0
2013-11-14 00:00:00-05:00,7154.0,7361.2001953125,6860.0,7361.2001953125,35,0.0,0.0
2013-11-15 00:00:00-05:00,7558.60009765625,8400.0,7483.0,8010.7998046875,12,0.0,0.0
2013-11-18 00:00:00-05:00,8157.7998046875,8541.400390625,8008.0,8008.0,28,0.0,0.0
2013-11-19 00:00:00-05:00,8195.599609375,8262.7998046875,8195.599609375,8262.7998046875,5,0.0,0.0
2013-11-20 00:00:00-05:00,7511.0,7541.7998046875,7285.60009765625,7285.60009765625,17,0.0,0.0
2013-11-21 00:00:00-05:00,7280.0,7292.60009765625,6258.0,6549.2001953125,29,0.0,0.0
2013-11-22 00:00:00-05:00,7296.7998046875,7480.2001953125,6860.0,7441.0,9,0.0,0.0
2013-11-25 00:00:00-05:00,7429.7998046875,7582.39990234375,7429.7998046875,7501.2001953125,19,0.0,0.0
2013-11-26 00:00:00-05:00,7564.2001953125,7564.2001953125,7564.2001953125,7564.2001953125,17,0.0,0.0
2013-11-27 00:00:00-05:00,7460.60009765625,7518.0,7347.2001953125,7361.2001953125,8,0.0,0.0
2013-11-29 00:00:00-05:00,7361.2001953125,7361.2001953125,7361.2001953125,7361.2001953125,0,0.0,0.0
2013-12-02 00:00:00-05:00,7648.2001953125,8099.0,7595.0,8092.0,24,0.0,0.0
2013-12-03 00:00:00-05:00,8465.7998046875,8848.0,8400.0,8414.0,22,0.0,0.0
2013-12-04 00:00:00-05:00,8358.0,8358.0,7709.7998046875,8051.39990234375,9,0.0,0.0
2013-12-05 00:00:00-05:00,8008.0,8008.0,7348.60009765625,7348.60009765625,36,0.0,0.0
2013-12-06 00:00:00-05:00,7532.0,7767.2001953125,7532.0,7560.0,29,0.0,0.0
2013-12-09 00:00:00-05:00,7497.0,7518.0,7239.39990234375,7336.0,13,0.0,0.0
2013-12-10 00:00:00-05:00,7506.7998046875,7882.0,7492.7998046875,7826.0,15,0.0,0.0
2013-12-11 00:00:00-05:00,7873.60009765625,7873.60009765625,7546.0,7574.0,8,0.0,0.0
2013-12-12 00:00:00-05:00,7546.0,7546.0,7173.60009765625,7182.0,10,0.0,0.0
2013-12-13 00:00:00-05:00,7196.0,7196.0,7086.7998046875,7140.0,4,0.0,0.0
2013-12-16 00:00:00-05:00,7462.0,7816.2001953125,7421.39990234375,7714.0,18,0.0,0.0
2013-12-17 00:00:00-05:00,7714.0,8050.0,7714.0,7870.7998046875,7,0.0,0.0
2013-12-18 00:00:00-05:00,8288.0,8344.0,8078.0,8344.0,6,0.0,0.0
2013-12-19 00:00:00-05:00,8232.0,8512.0,8232.0,8408.400390625,25,0.0,0.0
2013-12-20 00:00:00-05:00,8408.400390625,8677.2001953125,8405.599609375,8632.400390625,5,0.0,0.0
2013-12-23 00:00:00-05:00,8500.7998046875,8540.0,8246.0,8349.599609375,21,0.0,0.0
2013-12-24 00:00:00-05:00,8456.0,8568.0,8456.0,8461.599609375,8,0.0,0.0
2013-12-26 00:00:00-05:00,8414.0,8876.0,8414.0,8862.0,8,0.0,0.0
2013-12-27 00:00:00-05:00,8486.7998046875,8610.0,8330.0,8358.0,27,0.0,0.0
2013-12-30 00:00:00-05:00,8344.0,8470.0,8338.400390625,8470.0,27,0.0,0.0
2013-12-31 00:00:00-05:00,8456.0,8666.0,8330.0,8666.0,15,0.0,0.0
2014-01-02 00:00:00-05:00,8722.0,8853.599609375,8428.0,8507.7998046875,16,0.0,0.0
2014-01-03 00:00:00-05:00,8498.0,8680.0,8381.7998046875,8554.0,22,0.0,0.0
2014-01-06 00:00:00-05:00,8526.0,8526.0,8075.2001953125,8213.7998046875,22,0.0,0.0
2014-01-07 00:00:00-05:00,8320.2001953125,8320.2001953125,7952.0,7952.0,7,0.0,0.0
2014-01-08 00:00:00-05:00,7868.0,7924.0,7526.39990234375,7551.60009765625,11,0.0,0.0
2014-01-09 00:00:00-05:00,7924.0,7938.0,7644.0,7826.0,8,0.0,0.0
2014-01-10 00:00:00-05:00,7756.0,8246.0,7751.7998046875,8243.2001953125,24,0.0,0.0
2014-01-13 00:00:00-05:00,7978.60009765625,8190.0,7978.60009765625,8104.60009765625,7,0.0,0.0
2014-01-14 00:00:00-05:00,8108.7998046875,8108.7998046875,7882.0,8009.39990234375,9,0.0,0.0
2014-01-15 00:00:00-05:00,7943.60009765625,8064.0,7840.0,8041.60009765625,2,0.0,0.0
2014-01-16 00:00:00-05:00,8078.0,8078.0,7929.60009765625,8064.0,11,0.0,0.0
2014-01-17 00:00:00-05:00,7994.0,8050.0,7452.2001953125,7568.39990234375,44,0.0,0.0
2014-01-21 00:00:00-05:00,7462.0,7728.0,7316.39990234375,7387.7998046875,25,0.0,0.0
2014-01-22 00:00:00-05:00,7387.7998046875,7644.0,7386.39990234375,7624.39990234375,17,0.0,0.0
2014-01-23 00:00:00-05:00,7757.39990234375,7882.0,7677.60009765625,7681.7998046875,37,0.0,0.0
2014-01-24 00:00:00-05:00,7686.0,7686.0,7361.2001953125,7550.2001953125,52,0.0,0.0
2014-01-27 00:00:00-05:00,7812.0,7938.0,7592.2001953125,7789.60009765625,44,0.0,0.0
2014-01-28 00:00:00-05:00,7644.0,8036.0,7644.0,8036.0,42,0.0,0.0
2014-01-29 00:00:00-05:00,8064.0,8257.2001953125,8044.39990234375,8131.2001953125,14,0.0,0.0
2014-01-30 00:00:00-05:00,8327.2001953125,8484.0,8114.39990234375,8232.0,24,0.0,0.0
2014-01-31 00:00:00-05:00,8345.400390625,8481.2001953125,8230.599609375,8433.599609375,16,0.0,0.0
2014-02-03 00:00:00-05:00,8556.7998046875,8568.0,8213.7998046875,8407.0,58,0.0,0.0
2014-02-04 00:00:00-05:00,8450.400390625,8450.400390625,8204.0,8279.599609375,18,0.0,0.0
2014-02-05 00:00:00-05:00,8183.0,8204.0,8092.0,8202.599609375,15,0.0,0.0
2014-02-06 00:00:00-05:00,8218.0,8302.0,8199.7998046875,8255.7998046875,9,0.0,0.0
2014-02-07 00:00:00-05:00,8255.7998046875,8598.7998046875,8246.0,8524.599609375,54,0.0,0.0
2014-02-10 00:00:00-05:00,8244.599609375,9007.599609375,8244.599609375,9004.7998046875,40,0.0,0.0
2014-02-11 00:00:00-05:00,8876.0,9114.0,8820.0,8915.2001953125,57,0.0,0.0
2014-02-12 00:00:00-05:00,9307.2001953125,10060.400390625,9254.0,9856.0,94,0.0,0.0
2014-02-13 00:00:00-05:00,10031.0,10259.2001953125,10021.2001953125,10039.400390625,50,0.0,0.0
2014-02-14 00:00:00-05:00,10038.0,10042.2001953125,9618.0,9710.400390625,42,0.0,0.0
2014-02-18 00:00:00-05:00,9718.7998046875,9718.7998046875,9223.2001953125,9426.2001953125,65,0.0,0.0
2014-02-19 00:00:00-05:00,9042.599609375,9235.7998046875,8670.2001953125,8897.0,18,0.0,0.0
2014-02-20 00:00:00-05:00,9079.0,9086.0,8680.0,9086.0,30,0.0,0.0
2014-02-21 00:00:00-05:00,9002.0,9184.0,8876.0,8990.7998046875,28,0.0,0.0
2014-02-24 00:00:00-05:00,9058.0,9450.0,9058.0,9444.400390625,53,0.0,0.0
2014-02-25 00:00:00-05:00,9545.2001953125,9786.0,9436.0,9553.599609375,47,0.0,0.0
2014-02-26 00:00:00-05:00,9758.0,9842.0,9462.599609375,9832.2001953125,45,0.0,0.0
2014-02-27 00:00:00-05:00,9907.7998046875,9983.400390625,9758.0,9772.0,16,0.0,0.0
2014-02-28 00:00:00-05:00,9886.7998046875,10227.0,9800.0,10178.0,17,0.0,0.0
2014-03-03 00:00:00-05:00,9867.2001953125,10105.2001953125,9704.7998046875,10010.0,30,0.0,0.0
2014-03-04 00:00:00-05:00,10094.0,11099.2001953125,9921.7998046875,10731.0,27,0.0,0.0
2014-03-05 00:00:00-05:00,10766.0,11081.0,10640.0,10773.0,19,0.0,0.0
2014-03-06 00:00:00-05:00,11012.400390625,11012.400390625,10225.599609375,10236.7998046875,32,0.0,0.0
2014-03-07 00:00:00-05:00,10430.0,10430.0,10164.0,10290.0,23,0.0,0.0
2014-03-10 00:00:00-04:00,10385.2001953125,10500.0,9973.599609375,10368.400390625,39,0.0,0.0
2014-03-11 00:00:00-04:00,10472.0,10472.0,10220.0,10290.0,31,0.0,0.0
2014-03-12 00:00:00-04:00,10220.0,10332.0,9730.0,9912.0,32,0.0,0.0
2014-03-13 00:00:00-04:00,10036.599609375,10486.0,10036.599609375,10052.0,29,0.0,0.0
2014-03-14 00:00:00-04:00,9833.599609375,10136.0,9772.0,9951.2001953125,33,0.0,0.0
2014-03-17 00:00:00-04:00,9910.599609375,10010.0,9910.599609375,9933.0,17,0.0,0.0
2014-03-18 00:00:00-04:00,9800.0,9963.7998046875,9660.0,9735.599609375,29,0.0,0.0
2014-03-19 00:00:00-04:00,9786.0,9786.0,8995.0,9413.599609375,38,0.0,0.0
2014-03-20 00:00:00-04:00,9422.0,9436.0,9100.0,9436.0,17,0.0,0.0
2014-03-21 00:00:00-04:00,9689.400390625,9716.0,9689.400390625,9716.0,8,0.0,0.0
2014-03-24 00:00:00-04:00,10010.0,10010.0,8850.7998046875,9030.0,74,0.0,0.0
2014-03-25 00:00:00-04:00,8960.0,9262.400390625,8834.0,9156.0,29,0.0,0.0
2014-03-26 00:00:00-04:00,9240.0,9562.0,8808.7998046875,9072.0,19,0.0,0.0
2014-03-27 00:00:00-04:00,9041.2001953125,9478.0,8860.599609375,8927.7998046875,13,0.0,0.0
2014-03-28 00:00:00-04:00,9100.0,9100.0,8849.400390625,8871.7998046875,34,0.0,0.0
2014-03-31 00:00:00-04:00,8974.0,9129.400390625,8853.599609375,8853.599609375,34,0.0,0.0
2014-04-01 00:00:00-04:00,8874.599609375,8874.599609375,8397.2001953125,8464.400390625,42,0.0,0.0
2014-04-02 00:00:00-04:00,8806.0,8941.7998046875,8596.0,8897.0,10,0.0,0.0
2014-04-03 00:00:00-04:00,9178.400390625,10080.0,9178.400390625,9926.0,67,0.0,0.0
2014-04-04 00:00:00-04:00,10206.0,10473.400390625,9751.0,9758.0,42,0.0,0.0
2014-04-07 00:00:00-04:00,9884.0,10402.0,9821.0,10004.400390625,37,0.0,0.0
2014-04-08 00:00:00-04:00,10131.7998046875,10360.0,10074.400390625,10106.599609375,6,0.0,0.0
2014-04-09 00:00:00-04:00,9954.0,9962.400390625,9450.0,9937.2001953125,24,0.0,0.0
2014-04-10 00:00:00-04:00,9952.599609375,10094.0,9450.0,9798.599609375,26,0.0,0.0
2014-04-11 00:00:00-04:00,9968.0,10038.0,9702.0,10038.0,17,0.0,0.0
2014-04-14 00:00:00-04:00,10234.0,11062.7998046875,8243.2001953125,8834.0,250,0.0,0.0
2014-04-15 00:00:00-04:00,8841.0,9938.599609375,8769.599609375,8885.7998046875,90,0.0,0.0
2014-04-16 00:00:00-04:00,9100.0,9366.0,8876.0,9287.599609375,14,0.0,0.0
2014-04-17 00:00:00-04:00,9310.0,10444.0,9111.2001953125,10284.400390625,9,0.0,0.0
2014-04-21 00:00:00-04:00,10550.400390625,10791.2001953125,10126.2001953125,10610.599609375,46,0.0,0.0
2014-04-22 00:00:00-04:00,10458.0,10929.7998046875,10304.0,10929.7998046875,6,0.0,0.0
2014-04-23 00:00:00-04:00,10976.0,10976.0,10500.0,10768.7998046875,79,0.0,0.0
2014-04-24 00:00:00-04:00,11200.0,11436.599609375,11018.0,11436.599609375,49,0.0,0.0
2014-04-25 00:00:00-04:00,11475.7998046875,12262.599609375,11475.7998046875,12104.400390625,17,0.0,0.0
2014-04-28 00:00:00-04:00,12168.7998046875,12208.0,11186.0,11193.0,26,0.0,0.0
2014-04-29 00:00:00-04:00,11473.0,11473.0,10396.400390625,10920.0,12,0.0,0.0
2014-04-30 00:00:00-04:00,11200.0,11298.0,11041.7998046875,11113.2001953125,31,0.0,0.0
2014-05-01 00:00:00-04:00,11116.0,11242.0,10808.0,11228.0,28,0.0,0.0
2014-05-02 00:00:00-04:00,11214.0,12237.400390625,11214.0,12212.2001953125,3,0.0,0.0
2014-05-05 00:00:00-04:00,11928.0,12437.599609375,11074.0,11074.0,54,0.0,0.0
2014-05-06 00:00:00-04:00,11060.0,12138.0,10836.0,12110.0,18,0.0,0.0
2014-05-07 00:00:00-04:00,12264.0,12264.0,11562.599609375,12153.400390625,13,0.0,0.0
2014-05-08 00:00:00-04:00,11900.0,12166.0,11760.0,11760.0,23,0.0,0.0
2014-05-09 00:00:00-04:00,11886.0,12023.2001953125,11613.0,11971.400390625,13,0.0,0.0
2014-05-12 00:00:00-04:00,12012.0,12012.0,11578.0,11747.400390625,11,0.0,0.0
2014-05-13 00:00:00-04:00,11760.0,12110.0,11760.0,11921.0,28,0.0,0.0
2014-05-14 00:00:00-04:00,11900.0,12194.0,11824.400390625,12180.0,21,0.0,0.0
2014-05-15 00:00:00-04:00,12180.0,12250.0,12020.400390625,12108.599609375,17,0.0,0.0
2014-05-16 00:00:00-04:00,12108.599609375,12108.599609375,12108.599609375,12108.599609375,0,0.0,0.0
2014-05-19 00:00:00-04:00,12108.599609375,12108.599609375,12108.599609375,12108.599609375,0,0.0,0.0
2014-05-20 00:00:00-04:00,11083.7998046875,11782.400390625,10584.0,11678.7998046875,68,0.0,0.0
2014-05-21 00:00:00-04:00,11866.400390625,11866.400390625,11246.2001953125,11676.0,11,0.0,0.0
2014-05-22 00:00:00-04:00,11550.0,11620.0,11186.0,11480.0,24,0.0,0.0
2014-05-23 00:00:00-04:00,11825.7998046875,11825.7998046875,11578.0,11578.0,12,0.0,0.0
2014-05-27 00:00:00-04:00,11690.0,12005.0,11603.2001953125,11793.599609375,38,0.0,0.0
2014-05-28 00:00:00-04:00,11844.0,12103.0,11662.0,12103.0,15,0.0,0.0
2014-05-29 00:00:00-04:00,12208.0,12208.0,11830.0,11914.0,12,0.0,0.0
2014-05-30 00:00:00-04:00,12026.0,12026.0,11741.7998046875,11760.0,16,0.0,0.0
2014-06-02 00:00:00-04:00,12040.0,12040.0,11550.0,11550.0,13,0.0,0.0
2014-06-03 00:00:00-04:00,11527.599609375,11639.599609375,11208.400390625,11351.2001953125,18,0.0,0.0
2014-06-04 00:00:00-04:00,11466.0,11466.0,10941.0,11228.0,19,0.0,0.0
2014-06-05 00:00:00-04:00,11186.0,11340.0,11186.0,11340.0,10,0.0,0.0
2014-06-06 00:00:00-04:00,11536.0,11662.0,11517.7998046875,11662.0,5,0.0,0.0
2014-06-09 00:00:00-04:00,11648.0,11681.599609375,11326.0,11517.7998046875,29,0.0,0.0
2014-06-10 00:00:00-04:00,11361.0,11690.0,11361.0,11466.0,30,0.0,0.0
2014-06-11 00:00:00-04:00,11538.7998046875,11695.599609375,11538.7998046875,11695.599609375,26,0.0,0.0
2014-06-12 00:00:00-04:00,11652.2001953125,11748.7998046875,11484.2001953125,11508.0,11,0.0,0.0
2014-06-13 00:00:00-04:00,11471.599609375,11471.599609375,11088.0,11326.0,11,0.0,0.0
2014-06-16 00:00:00-04:00,11326.0,11382.0,11144.0,11186.0,8,0.0,0.0
2014-06-17 00:00:00-04:00,10990.0,10999.7998046875,10752.0,10999.7998046875,9,0.0,0.0
2014-06-18 00:00:00-04:00,10864.0,10892.0,10477.599609375,10738.0,8,0.0,0.0
2014-06-19 00:00:00-04:00,10719.7998046875,10808.0,9800.0,10808.0,35,0.0,0.0
2014-06-20 00:00:00-04:00,10808.0,11039.0,10654.0,10948.0,9,0.0,0.0
2014-06-23 00:00:00-04:00,10934.0,11550.0,10920.0,11550.0,6,0.0,0.0
2014-06-24 00:00:00-04:00,11608.7998046875,11610.2001953125,11326.0,11508.0,5,0.0,0.0
2014-06-25 00:00:00-04:00,11494.0,11750.2001953125,11254.599609375,11750.2001953125,24,0.0,0.0
2014-06-26 00:00:00-04:00,11816.0,12177.2001953125,11746.0,12177.2001953125,16,0.0,0.0
2014-06-27 00:00:00-04:00,12135.2001953125,12726.0,12135.2001953125,12670.0,7,0.0,0.0
2014-06-30 00:00:00-04:00,12950.0,14700.0,12950.0,14322.0,17,0.0,0.0
2014-07-01 00:00:00-04:00,14322.0,16044.0,14322.0,15680.0,13,0.0,0.0
2014-07-02 00:00:00-04:00,14562.7998046875,14719.599609375,14112.0,14590.7998046875,14,0.0,0.0
2014-07-03 00:00:00-04:00,14614.599609375,14614.599609375,13990.2001953125,14350.0,8,0.0,0.0
2014-07-07 00:00:00-04:00,14470.400390625,14470.400390625,13591.2001953125,13857.2001953125,2,0.0,0.0
2014-07-08 00:00:00-04:00,14000.0,15400.0,12950.0,14000.0,30,0.0,0.0
2014-07-09 00:00:00-04:00,14000.0,14000.0,13062.0,13692.0,39,0.0,0.0
2014-07-10 00:00:00-04:00,13174.0,13546.400390625,12908.0,13090.0,17,0.0,0.0
2014-07-11 00:00:00-04:00,12964.0,13034.0,10500.0,12852.0,40,0.0,0.0
2014-07-14 00:00:00-04:00,12978.0,12978.0,12040.0,12056.7998046875,16,0.0,0.0
2014-07-15 00:00:00-04:00,12040.0,12040.0,11228.0,11690.0,24,0.0,0.0
2014-07-16 00:00:00-04:00,11838.400390625,12334.0,11690.0,12320.0,22,0.0,0.0
2014-07-17 00:00:00-04:00,12390.0,12740.0,12390.0,12479.599609375,14,0.0,0.0
2014-07-18 00:00:00-04:00,12712.0,13230.0,12320.0,12586.0,13,0.0,0.0
2014-07-21 00:00:00-04:00,12670.0,12978.0,12348.0,12502.0,22,0.0,0.0
2014-07-22 00:00:00-04:00,12656.0,12656.0,11898.599609375,11900.0,15,0.0,0.0
2014-07-23 00:00:00-04:00,12040.0,12040.0,11242.0,11452.0,27,0.0,0.0
2014-07-24 00:00:00-04:00,11340.0,11816.0,10780.0,10934.0,78,0.0,0.0
2014-07-25 00:00:00-04:00,10920.0,11046.0,9968.0,10234.0,108,0.0,0.0
2014-07-28 00:00:00-04:00,10780.0,10854.2001953125,10234.0,10276.0,25,0.0,0.0
2014-07-29 00:00:00-04:00,10150.0,10318.0,9646.0,9800.0,58,0.0,0.0
2014-07-30 00:00:00-04:00,9800.0,9800.0,9380.0,9604.0,34,0.0,0.0
2014-07-31 00:00:00-04:00,9226.0,10458.0,8764.0,9028.599609375,39,0.0,0.0
2014-08-01 00:00:00-04:00,9156.0,9422.0,8414.0,9408.0,65,0.0,0.0
2014-08-04 00:00:00-04:00,9422.0,11102.0,9422.0,10444.0,112,0.0,0.0
2014-08-05 00:00:00-04:00,11130.0,11130.0,9856.0,10290.0,40,0.0,0.0
2014-08-06 00:00:00-04:00,9968.0,9996.0,8876.0,8876.0,44,0.0,0.0
2014-08-07 00:00:00-04:00,9184.0,9716.0,8750.0,8904.0,72,0.0,0.0
2014-08-08 00:00:00-04:00,9128.0,9632.0,9044.0,9170.0,18,0.0,0.0
2014-08-11 00:00:00-04:00,9240.0,9800.0,9170.0,9268.0,31,0.0,0.0
2014-08-12 00:00:00-04:00,9268.0,9450.0,9170.0,9338.0,17,0.0,0.0
2014-08-13 00:00:00-04:00,9114.0,9310.0,8848.0,8862.0,13,0.0,0.0
2014-08-14 00:00:00-04:00,8866.2001953125,8918.0,8610.0,8610.0,43,0.0,0.0
2014-08-15 00:00:00-04:00,8554.0,8722.0,8540.0,8656.2001953125,14,0.0,0.0
2014-08-18 00:00:00-04:00,8624.0,9772.0,8624.0,9434.599609375,36,0.0,0.0
2014-08-19 00:00:00-04:00,9380.0,10822.0,9380.0,9492.0,77,0.0,0.0
2014-08-20 00:00:00-04:00,9730.0,10080.0,9703.400390625,9850.400390625,36,0.0,0.0
2014-08-21 00:00:00-04:00,9982.0,10038.0,9870.0,9933.0,17,0.0,0.0
2014-08-22 00:00:00-04:00,9940.0,10416.0,9800.0,10248.0,30,0.0,0.0
2014-08-25 00:00:00-04:00,10612.0,10710.0,10150.0,10598.0,29,0.0,0.0
2014-08-26 00:00:00-04:00,10598.0,10598.0,10080.0,10220.0,31,0.0,0.0
2014-08-27 00:00:00-04:00,10290.0,10500.0,9800.0,9828.0,60,0.0,0.0
2014-08-28 00:00:00-04:00,9800.0,10010.0,9688.0,9772.0,19,0.0,0.0
2014-08-29 00:00:00-04:00,9800.0,9926.0,9254.0,9814.0,19,0.0,0.0
2014-09-02 00:00:00-04:00,9870.0,9870.0,9352.0,9632.0,32,0.0,0.0
2014-09-03 00:00:00-04:00,9632.0,9884.0,9632.0,9646.0,11,0.0,0.0
2014-09-04 00:00:00-04:00,9814.0,9828.0,9422.0,9632.0,12,0.0,0.0
2014-09-05 00:00:00-04:00,9436.0,9630.599609375,9240.0,9352.0,25,0.0,0.0
2014-09-08 00:00:00-04:00,9352.0,9478.0,9100.0,9170.0,18,0.0,0.0
2014-09-09 00:00:00-04:00,9170.0,9436.0,9142.0,9226.0,34,0.0,0.0
2014-09-10 00:00:00-04:00,9506.0,9940.0,9259.599609375,9268.0,21,0.0,0.0
2014-09-11 00:00:00-04:00,9296.0,9366.0,8904.0,8918.0,52,0.0,0.0
2014-09-12 00:00:00-04:00,8918.0,9618.0,8904.0,9394.0,40,0.0,0.0
2014-09-15 00:00:00-04:00,9520.0,9590.0,9170.0,9436.0,23,0.0,0.0
2014-09-16 00:00:00-04:00,9268.0,9450.0,9139.2001953125,9268.0,36,0.0,0.0
2014-09-17 00:00:00-04:00,9226.0,10038.0,9226.0,9800.0,55,0.0,0.0
2014-09-18 00:00:00-04:00,9660.0,9870.0,9296.0,9786.0,49,0.0,0.0
2014-09-19 00:00:00-04:00,9940.0,10304.0,9660.0,9870.0,18,0.0,0.0
2014-09-22 00:00:00-04:00,10024.0,10024.0,9660.0,9730.0,35,0.0,0.0
2014-09-23 00:00:00-04:00,9730.0,10150.0,9576.0,10010.0,39,0.0,0.0
2014-09-24 00:00:00-04:00,9800.0,10136.0,9772.0,10136.0,28,0.0,0.0
2014-09-25 00:00:00-04:00,9870.0,10199.0,9618.0,9618.0,41,0.0,0.0
2014-09-26 00:00:00-04:00,9660.0,9660.0,9226.0,9583.0,45,0.0,0.0
2014-09-29 00:00:00-04:00,9520.0,9590.0,9310.0,9590.0,31,0.0,0.0
2014-09-30 00:00:00-04:00,9338.0,9548.0,9338.0,9527.0,11,0.0,0.0
2014-10-01 00:00:00-04:00,9436.0,9436.0,8904.0,8974.0,38,0.0,0.0
2014-10-02 00:00:00-04:00,9058.0,10066.0,8568.0,10024.0,139,0.0,0.0
2014-10-03 00:00:00-04:00,9884.0,9982.0,9184.0,9298.7998046875,51,0.0,0.0
2014-10-06 00:00:00-04:00,9310.0,9590.0,9142.0,9142.0,9,0.0,0.0
2014-10-07 00:00:00-04:00,9056.599609375,9240.0,8974.0,9168.599609375,16,0.0,0.0
2014-10-08 00:00:00-04:00,8932.0,9100.0,8568.0,8946.0,32,0.0,0.0
2014-10-09 00:00:00-04:00,8834.0,8834.0,7742.0,8148.0,79,0.0,0.0
2014-10-10 00:00:00-04:00,7840.0,8274.0,7390.60009765625,7980.0,61,0.0,0.0
2014-10-13 00:00:00-04:00,7728.0,8722.0,7644.0,8051.39990234375,6,0.0,0.0
2014-10-14 00:00:00-04:00,8120.0,8120.0,7351.39990234375,7532.0,35,0.0,0.0
2014-10-15 00:00:00-04:00,7560.0,7588.0,6818.0,7476.0,68,0.0,0.0
2014-10-16 00:00:00-04:00,7378.0,7462.0,6860.0,7434.0,26,0.0,0.0
2014-10-17 00:00:00-04:00,7490.0,7700.0,7490.0,7560.0,23,0.0,0.0
2014-10-20 00:00:00-04:00,7658.0,7966.0,7336.0,7938.0,24,0.0,0.0
2014-10-21 00:00:00-04:00,7994.0,8034.60009765625,7700.0,7952.0,9,0.0,0.0
2014-10-22 00:00:00-04:00,7770.0,7886.2001953125,7490.0,7840.0,24,0.0,0.0
2014-10-23 00:00:00-04:00,7966.0,7966.0,7588.0,7588.0,16,0.0,0.0
2014-10-24 00:00:00-04:00,7672.0,7798.0,7168.0,7616.0,48,0.0,0.0
2014-10-27 00:00:00-04:00,7491.39990234375,7868.0,7280.0,7868.0,18,0.0,0.0
2014-10-28 00:00:00-04:00,8302.0,8302.0,7448.0,7532.0,42,0.0,0.0
2014-10-29 00:00:00-04:00,7700.0,7700.0,7448.0,7544.60009765625,6,0.0,0.0
2014-10-30 00:00:00-04:00,7644.0,7938.0,7477.39990234375,7938.0,26,0.0,0.0
2014-10-31 00:00:00-04:00,7924.0,8022.0,7532.0,7924.0,23,0.0,0.0
2014-11-03 00:00:00-05:00,7980.0,8064.0,7756.0,7910.0,14,0.0,0.0
2014-11-04 00:00:00-05:00,7700.0,8972.599609375,7700.0,8946.0,44,0.0,0.0
2014-11-05 00:00:00-05:00,8888.599609375,10402.0,8778.0,10262.0,61,0.0,0.0
2014-11-06 00:00:00-05:00,9968.0,11480.0,9968.0,11466.0,108,0.0,0.0
2014-11-07 00:00:00-05:00,11410.0,12250.0,11004.0,11984.0,61,0.0,0.0
2014-11-10 00:00:00-05:00,11550.0,12236.0,11550.0,11942.0,37,0.0,0.0
2014-11-11 00:00:00-05:00,12180.0,12427.7998046875,11942.0,12250.0,53,0.0,0.0
2014-11-12 00:00:00-05:00,12460.0,12530.0,11998.0,12530.0,16,0.0,0.0
2014-11-13 00:00:00-05:00,12516.0,13356.0,12516.0,13298.599609375,119,0.0,0.0
2014-11-14 00:00:00-05:00,13300.0,13300.0,12110.0,12810.0,126,0.0,0.0
2014-11-17 00:00:00-05:00,13300.0,13300.0,11676.0,12740.0,12,0.0,0.0
2014-11-18 00:00:00-05:00,12810.0,13300.0,12404.0,12880.0,53,0.0,0.0
2014-11-19 00:00:00-05:00,12558.0,12950.0,11354.0,11746.0,59,0.0,0.0
2014-11-20 00:00:00-05:00,12152.0,12152.0,10360.0,11172.0,66,0.0,0.0
2014-11-21 00:00:00-05:00,11494.0,11718.0,10906.0,11452.0,41,0.0,0.0
2014-11-24 00:00:00-05:00,11466.0,11466.0,10911.599609375,11130.0,13,0.0,0.0
2014-11-25 00:00:00-05:00,11074.0,11074.0,10542.0,10766.0,23,0.0,0.0
2014-11-26 00:00:00-05:00,10766.0,11240.599609375,10556.0,11228.0,22,0.0,0.0
2014-11-28 00:00:00-05:00,11186.0,11186.0,10640.0,10990.0,9,0.0,0.0
2014-12-01 00:00:00-05:00,10710.0,10976.0,10444.0,10794.0,38,0.0,0.0
2014-12-02 00:00:00-05:00,10850.0,11186.0,10500.0,10570.0,35,0.0,0.0
2014-12-03 00:00:00-05:00,10360.0,10948.0,10290.0,10290.0,42,0.0,0.0
2014-12-04 00:00:00-05:00,10318.0,10353.0,9646.0,9982.0,83,0.0,0.0
2014-12-05 00:00:00-05:00,9886.7998046875,10022.599609375,8960.0,8960.0,80,0.0,0.0
2014-12-08 00:00:00-05:00,9324.0,9338.0,8400.0,8498.0,63,0.0,0.0
2014-12-09 00:00:00-05:00,9744.0,9744.0,8498.0,8624.0,58,0.0,0.0
2014-12-10 00:00:00-05:00,8554.0,8736.0,8022.0,8274.0,101,0.0,0.0
2014-12-11 00:00:00-05:00,8288.0,8960.0,8036.0,8330.0,66,0.0,0.0
2014-12-12 00:00:00-05:00,8274.0,8974.0,8274.0,8596.0,55,0.0,0.0
2014-12-15 00:00:00-05:00,8596.0,8694.0,7364.0,7711.2001953125,95,0.0,0.0
2014-12-16 00:00:00-05:00,7714.0,8029.0,7238.0,7505.39990234375,88,0.0,0.0
2014-12-17 00:00:00-05:00,7420.0,8400.0,7351.39990234375,7924.0,69,0.0,0.0
2014-12-18 00:00:00-05:00,7840.0,8050.0,7294.0,7294.0,53,0.0,0.0
2014-12-19 00:00:00-05:00,7294.0,7700.0,7294.0,7490.0,58,0.0,0.0
2014-12-22 00:00:00-05:00,8400.0,8540.0,7392.0,7854.0,201,0.0,0.0
2014-12-23 00:00:00-05:00,8120.0,8246.0,7672.0,7882.0,56,0.0,0.0
2014-12-24 00:00:00-05:00,7840.0,8428.0,7700.0,8386.0,35,0.0,0.0
2014-12-26 00:00:00-05:00,8680.0,8680.0,7812.0,8400.0,78,0.0,0.0
2014-12-29 00:00:00-05:00,8400.0,8792.0,8330.0,8638.0,66,0.0,0.0
2014-12-30 00:00:00-05:00,8680.0,8680.0,8190.0,8400.0,74,0.0,0.0
2014-12-31 00:00:00-05:00,8386.0,8386.0,7350.0,7350.0,131,0.0,0.0
2015-01-02 00:00:00-05:00,7420.0,8008.0,7420.0,7588.0,58,0.0,0.0
2015-01-05 00:00:00-05:00,7700.0,7924.0,7406.0,7490.0,46,0.0,0.0
2015-01-06 00:00:00-05:00,7742.0,7742.0,7392.0,7420.0,78,0.0,0.0
2015-01-07 00:00:00-05:00,7448.0,7583.7998046875,7434.0,7574.0,36,0.0,0.0
2015-01-08 00:00:00-05:00,7588.0,8400.0,7448.0,8400.0,82,0.0,0.0
2015-01-09 00:00:00-05:00,8400.0,8400.0,7868.0,8106.0,63,0.0,0.0
2015-01-12 00:00:00-05:00,8106.0,8106.0,7784.0,7868.0,29,0.0,0.0
2015-01-13 00:00:00-05:00,7868.0,7868.0,7000.0,7140.0,160,0.0,0.0
2015-01-14 00:00:00-05:00,7168.0,7196.0,6566.0,6902.0,43,0.0,0.0
2015-01-15 00:00:00-05:00,6986.0,7154.0,6342.0,6720.0,121,0.0,0.0
2015-01-16 00:00:00-05:00,6664.0,6986.0,6300.0,6720.0,118,0.0,0.0
2015-01-20 00:00:00-05:00,6930.0,6930.0,5747.0,6090.0,128,0.0,0.0
2015-01-21 00:00:00-05:00,6104.0,6356.0,5446.0,6062.0,257,0.0,0.0
2015-01-22 00:00:00-05:00,6650.0,6762.0,5726.0,6272.0,83,0.0,0.0
2015-01-23 00:00:00-05:00,6748.0,6748.0,5782.0,5782.0,72,0.0,0.0
2015-01-26 00:00:00-05:00,5810.0,6286.0,5810.0,6062.0,133,0.0,0.0
2015-01-27 00:00:00-05:00,6076.0,6076.0,5670.0,5684.0,158,0.0,0.0
2015-01-28 00:00:00-05:00,5740.0,5740.0,5320.0,5670.0,236,0.0,0.0
2015-01-29 00:00:00-05:00,5628.0,5670.0,5348.0,5586.0,60,0.0,0.0
2015-01-30 00:00:00-05:00,5446.0,5558.0,5038.60009765625,5320.0,86,0.0,0.0
2015-02-02 00:00:00-05:00,5138.0,5264.0,4970.0,5068.0,201,0.0,0.0
2015-02-03 00:00:00-05:00,5110.0,5194.0,4914.0,5082.0,133,0.0,0.0
2015-02-04 00:00:00-05:00,5124.0,5810.0,5124.0,5740.0,230,0.0,0.0
2015-02-05 00:00:00-05:00,5880.0,6300.0,5600.0,5768.0,164,0.0,0.0
2015-02-06 00:00:00-05:00,5810.0,5810.0,5489.39990234375,5658.7998046875,180,0.0,0.0
2015-02-09 00:00:00-05:00,5880.0,5880.0,5264.0,5334.0,157,0.0,0.0
2015-02-10 00:00:00-05:00,5208.0,5320.0,5040.0,5124.0,82,0.0,0.0
2015-02-11 00:00:00-05:00,5054.0,5208.0,4774.0,5054.0,124,0.0,0.0
2015-02-12 00:00:00-05:00,4970.0,5320.0,4844.0,4858.0,99,0.0,0.0
2015-02-13 00:00:00-05:00,4886.0,4998.0,4690.0,4928.0,111,0.0,0.0
2015-02-17 00:00:00-05:00,5306.0,6006.0,5194.0,5824.0,576,0.0,0.0
2015-02-18 00:00:00-05:00,5880.0,6790.0,5824.0,6510.0,443,0.0,0.0
2015-02-19 00:00:00-05:00,6580.0,6650.0,5628.0,5726.0,229,0.0,0.0
2015-02-20 00:00:00-05:00,5712.0,6146.0,5642.0,6034.0,101,0.0,0.0
2015-02-23 00:00:00-05:00,6286.0,6832.0,6202.0,6524.0,232,0.0,0.0
2015-02-24 00:00:00-05:00,6510.0,6622.0,6230.0,6524.0,148,0.0,0.0
2015-02-25 00:00:00-05:00,6608.0,6608.0,6064.7998046875,6216.0,166,0.0,0.0
2015-02-26 00:00:00-05:00,6076.0,6286.0,5950.0,5950.0,134,0.0,0.0
2015-02-27 00:00:00-05:00,5922.0,6340.60009765625,5908.0,6314.0,53,0.0,0.0
2015-03-02 00:00:00-05:00,6370.0,7308.0,6370.0,7224.0,263,0.0,0.0
2015-03-03 00:00:00-05:00,7980.0,8596.0,7434.0,8512.0,378,0.0,0.0
2015-03-04 00:00:00-05:00,8820.0,9156.0,7770.0,8876.0,318,0.0,0.0
2015-03-05 00:00:00-05:00,8960.0,9240.0,8540.0,9170.0,199,0.0,0.0
2015-03-06 00:00:00-05:00,9184.0,10220.0,9049.599609375,9800.0,567,0.0,0.0
2015-03-09 00:00:00-04:00,10010.0,10486.0,9800.0,9982.0,454,0.0,0.0
2015-03-10 00:00:00-04:00,9800.0,9940.0,8428.0,8540.0,391,0.0,0.0
2015-03-11 00:00:00-04:00,8442.0,8442.0,7308.0,7378.0,255,0.0,0.0
2015-03-12 00:00:00-04:00,7336.0,8106.0,7228.2001953125,8050.0,209,0.0,0.0
2015-03-13 00:00:00-04:00,7840.0,8050.0,7560.0,7756.0,112,0.0,0.0
2015-03-16 00:00:00-04:00,7756.0,7756.0,6622.0,6874.0,301,0.0,0.0
2015-03-17 00:00:00-04:00,6860.0,7532.0,6846.0,7434.0,157,0.0,0.0
2015-03-18 00:00:00-04:00,7336.0,7616.0,6916.0,7098.0,177,0.0,0.0
2015-03-19 00:00:00-04:00,6930.0,7162.39990234375,6720.0,6804.0,223,0.0,0.0
2015-03-20 00:00:00-04:00,6818.0,6860.0,6300.0,6384.0,193,0.0,0.0
2015-03-23 00:00:00-04:00,6524.0,7000.0,6174.0,6888.0,222,0.0,0.0
2015-03-24 00:00:00-04:00,7210.0,7490.0,6902.0,6986.0,264,0.0,0.0
2015-03-25 00:00:00-04:00,6986.0,6993.0,6384.0,6482.0,127,0.0,0.0
2015-03-26 00:00:00-04:00,6412.0,6440.0,6020.0,6188.0,213,0.0,0.0
2015-03-27 00:00:00-04:00,6286.0,6580.0,5740.0,6244.0,217,0.0,0.0
2015-03-30 00:00:00-04:00,6230.0,6328.0,5908.0,6118.0,277,0.0,0.0
2015-03-31 00:00:00-04:00,5894.0,5915.0,4928.0,5180.0,518,0.0,0.0
2015-04-01 00:00:00-04:00,5222.0,5250.0,4984.0,4998.0,372,0.0,0.0
2015-04-02 00:00:00-04:00,5026.0,5362.0,4830.0,5362.0,147,0.0,0.0
2015-04-06 00:00:00-04:00,5362.0,5390.0,5068.0,5306.0,104,0.0,0.0
2015-04-07 00:00:00-04:00,5460.0,5460.0,5152.0,5215.0,101,0.0,0.0
2015-04-08 00:00:00-04:00,5180.0,5278.0,5054.0,5082.0,82,0.0,0.0
2015-04-09 00:00:00-04:00,5124.0,5164.60009765625,4774.0,4942.0,170,0.0,0.0
2015-04-10 00:00:00-04:00,5054.0,5054.0,4802.0,4970.0,92,0.0,0.0
2015-04-13 00:00:00-04:00,5012.0,5038.60009765625,4858.0,4900.0,61,0.0,0.0
2015-04-14 00:00:00-04:00,4900.0,4998.0,4788.0,4956.0,114,0.0,0.0
2015-04-15 00:00:00-04:00,4928.0,4984.0,4690.0,4746.0,98,0.0,0.0
2015-04-16 00:00:00-04:00,4788.0,4872.0,4172.0,4816.0,659,0.0,0.0
2015-04-17 00:00:00-04:00,4830.0,5152.0,4690.0,4771.2001953125,323,0.0,0.0
2015-04-20 00:00:00-04:00,4844.0,5124.0,4802.0,5026.0,213,0.0,0.0
2015-04-21 00:00:00-04:00,5012.0,5124.0,4830.0,4886.0,102,0.0,0.0
2015-04-22 00:00:00-04:00,4886.0,4886.0,4564.0,4662.0,161,0.0,0.0
2015-04-23 00:00:00-04:00,4662.0,6440.0,4354.0,5978.0,1814,0.0,0.0
2015-04-24 00:00:00-04:00,6370.0,6580.0,5460.0,5712.0,1254,0.0,0.0
2015-04-27 00:00:00-04:00,5656.0,5754.0,4970.0,5096.0,443,0.0,0.0
2015-04-28 00:00:00-04:00,5194.0,5278.0,4704.0,4942.0,425,0.0,0.0
2015-04-29 00:00:00-04:00,4956.0,4956.0,4564.0,4726.39990234375,324,0.0,0.0
2015-04-30 00:00:00-04:00,4718.0,4886.0,4396.0,4396.0,499,0.0,0.0
2015-05-01 00:00:00-04:00,4438.0,4830.0,4354.0,4648.0,454,0.0,0.0
2015-05-04 00:00:00-04:00,4662.0,4774.0,4480.0,4718.0,180,0.0,0.0
2015-05-05 00:00:00-04:00,4634.0,4802.0,4550.0,4746.0,120,0.0,0.0
2015-05-06 00:00:00-04:00,4634.0,5124.0,4634.0,4970.0,184,0.0,0.0
2015-05-07 00:00:00-04:00,5068.0,5124.0,4760.0,4998.0,114,0.0,0.0
2015-05-08 00:00:00-04:00,5110.0,5110.0,4900.0,4984.0,125,0.0,0.0
2015-05-11 00:00:00-04:00,5054.0,5180.0,4774.0,4984.0,236,0.0,0.0
2015-05-12 00:00:00-04:00,5012.0,5418.0,4802.0,5012.0,532,0.0,0.0
2015-05-13 00:00:00-04:00,5110.0,5768.0,4900.0,5208.0,1718,0.0,0.0
2015-05-14 00:00:00-04:00,4634.0,5040.0,4634.0,4942.0,429,0.0,0.0
2015-05-15 00:00:00-04:00,4970.0,5418.0,4914.0,5376.0,224,0.0,0.0
2015-05-18 00:00:00-04:00,5698.0,6230.0,5460.0,5908.0,478,0.0,0.0
2015-05-19 00:00:00-04:00,5964.0,6146.0,5670.0,5880.0,273,0.0,0.0
2015-05-20 00:00:00-04:00,5880.0,6426.0,5432.0,5684.0,704,0.0,0.0
2015-05-21 00:00:00-04:00,5908.0,6090.0,5698.0,5852.0,239,0.0,0.0
2015-05-22 00:00:00-04:00,5880.0,5936.0,5614.0,5852.0,143,0.0,0.0
2015-05-26 00:00:00-04:00,5838.0,5880.0,5474.0,5866.0,181,0.0,0.0
2015-05-27 00:00:00-04:00,5866.0,5866.0,5530.0,5616.7998046875,138,0.0,0.0
2015-05-28 00:00:00-04:00,5600.0,5600.0,5264.0,5474.0,122,0.0,0.0
2015-05-29 00:00:00-04:00,5502.0,5502.0,5040.0,5222.0,185,0.0,0.0
2015-06-01 00:00:00-04:00,5320.0,5320.0,5091.7998046875,5124.0,101,0.0,0.0
2015-06-02 00:00:00-04:00,5068.0,5502.0,5033.0,5320.0,129,0.0,0.0
2015-06-03 00:00:00-04:00,5320.0,5712.0,5236.0,5642.0,193,0.0,0.0
2015-06-04 00:00:00-04:00,5670.0,5740.0,5460.0,5558.0,103,0.0,0.0
2015-06-05 00:00:00-04:00,5572.0,5740.0,5390.0,5726.0,78,0.0,0.0
2015-06-08 00:00:00-04:00,5740.0,6188.0,5698.0,5978.0,162,0.0,0.0
2015-06-09 00:00:00-04:00,5880.0,6272.0,5824.0,6076.0,149,0.0,0.0
2015-06-10 00:00:00-04:00,6146.0,6426.0,6020.0,6272.0,246,0.0,0.0
2015-06-11 00:00:00-04:00,6342.0,6384.0,5908.0,6132.0,117,0.0,0.0
2015-06-12 00:00:00-04:00,6188.0,6230.0,5950.0,6174.0,88,0.0,0.0
2015-06-15 00:00:00-04:00,6146.0,6146.0,5922.0,5978.0,99,0.0,0.0
2015-06-16 00:00:00-04:00,6048.0,6052.2001953125,5810.0,5936.0,119,0.0,0.0
2015-06-17 00:00:00-04:00,5936.0,6132.0,5754.0,6076.0,114,0.0,0.0
2015-06-18 00:00:00-04:00,6104.0,6300.0,6020.0,6300.0,121,0.0,0.0
2015-06-19 00:00:00-04:00,6300.0,7308.0,6174.0,6916.0,624,0.0,0.0
2015-06-22 00:00:00-04:00,7000.0,7644.0,7000.0,7238.0,520,0.0,0.0
2015-06-23 00:00:00-04:00,7140.0,7406.0,6734.0,7098.0,241,0.0,0.0
2015-06-24 00:00:00-04:00,7252.0,7252.0,6734.0,6762.0,253,0.0,0.0
2015-06-25 00:00:00-04:00,6860.0,6986.0,6622.0,6776.0,188,0.0,0.0
2015-06-26 00:00:00-04:00,6734.0,6902.0,6510.0,6650.0,283,0.0,0.0
2015-06-29 00:00:00-04:00,6524.0,7196.0,6524.0,6944.0,276,0.0,0.0
2015-06-30 00:00:00-04:00,7028.0,7350.0,6648.60009765625,7098.0,355,0.0,0.0
2015-07-01 00:00:00-04:00,7182.0,7182.0,6818.0,7042.0,102,0.0,0.0
2015-07-02 00:00:00-04:00,6944.0,7112.0,6874.0,7112.0,118,0.0,0.0
2015-07-06 00:00:00-04:00,7112.0,7630.0,6930.0,7364.0,277,0.0,0.0
2015-07-07 00:00:00-04:00,7322.0,8022.0,7084.0,7686.0,404,0.0,0.0
2015-07-08 00:00:00-04:00,7812.0,7812.0,7154.0,7504.0,276,0.0,0.0
2015-07-09 00:00:00-04:00,7672.0,7686.0,7238.0,7350.0,127,0.0,0.0
2015-07-10 00:00:00-04:00,7420.0,7896.0,7378.0,7756.0,303,0.0,0.0
2015-07-13 00:00:00-04:00,7770.0,7896.0,7560.0,7672.0,158,0.0,0.0
2015-07-14 00:00:00-04:00,7714.0,8022.0,7700.0,7994.0,240,0.0,0.0
2015-07-15 00:00:00-04:00,7966.0,8022.0,7700.0,7770.0,172,0.0,0.0
2015-07-16 00:00:00-04:00,7812.0,7840.0,7350.0,7560.0,177,0.0,0.0
2015-07-17 00:00:00-04:00,7588.0,7588.0,7098.0,7462.0,217,0.0,0.0
2015-07-20 00:00:00-04:00,7560.0,7616.0,7056.0,7252.0,175,0.0,0.0
2015-07-21 00:00:00-04:00,7210.0,7560.0,7000.0,7490.0,157,0.0,0.0
2015-07-22 00:00:00-04:00,7490.0,7868.0,7350.0,7728.0,198,0.0,0.0
2015-07-23 00:00:00-04:00,7770.0,7872.2001953125,7378.0,7700.0,105,0.0,0.0
2015-07-24 00:00:00-04:00,7630.0,7700.0,7378.0,7658.0,94,0.0,0.0
2015-07-27 00:00:00-04:00,7560.0,7637.0,7280.0,7560.0,164,0.0,0.0
2015-07-28 00:00:00-04:00,7630.0,7630.0,7308.0,7476.0,104,0.0,0.0
2015-07-29 00:00:00-04:00,7420.0,7420.0,7042.0,7294.0,268,0.0,0.0
2015-07-30 00:00:00-04:00,7308.0,7350.0,6440.0,7042.0,427,0.0,0.0
2015-07-31 00:00:00-04:00,7112.0,7140.0,6636.0,6930.0,178,0.0,0.0
2015-08-03 00:00:00-04:00,6944.0,6944.0,6230.0,6804.0,271,0.0,0.0
2015-08-04 00:00:00-04:00,6776.0,6790.0,6412.0,6552.0,205,0.0,0.0
2015-08-05 00:00:00-04:00,6510.0,6510.0,6104.0,6272.0,196,0.0,0.0
2015-08-06 00:00:00-04:00,6230.0,6230.0,5464.2001953125,5768.0,483,0.0,0.0
2015-08-07 00:00:00-04:00,5684.0,5754.0,5299.0,5530.0,412,0.0,0.0
2015-08-10 00:00:00-04:00,5572.0,5796.0,5348.0,5628.0,156,0.0,0.0
2015-08-11 00:00:00-04:00,5600.0,5642.0,5250.0,5334.0,324,0.0,0.0
2015-08-12 00:00:00-04:00,5166.0,5460.0,4830.0,5292.0,303,0.0,0.0
2015-08-13 00:00:00-04:00,5096.0,5208.0,4480.0,4494.0,573,0.0,0.0
2015-08-14 00:00:00-04:00,4200.0,4606.0,3570.0,4494.0,1196,0.0,0.0
2015-08-17 00:00:00-04:00,4550.0,5698.0,4088.0,4774.0,912,0.0,0.0
2015-08-18 00:00:00-04:00,4760.0,4970.0,4340.0,4634.0,341,0.0,0.0
2015-08-19 00:00:00-04:00,4592.0,4592.0,4130.0,4368.0,308,0.0,0.0
2015-08-20 00:00:00-04:00,4312.0,4550.0,4158.0,4508.0,145,0.0,0.0
2015-08-21 00:00:00-04:00,4480.0,4494.0,4242.0,4452.0,116,0.0,0.0
2015-08-24 00:00:00-04:00,4200.0,4438.0,3990.0,4242.0,362,0.0,0.0
2015-08-25 00:00:00-04:00,4368.0,4438.0,3654.0,3850.0,495,0.0,0.0
2015-08-26 00:00:00-04:00,3920.0,3920.0,3108.0,3794.0,1212,0.0,0.0
2015-08-27 00:00:00-04:00,3934.0,4158.0,3585.39990234375,3962.0,244,0.0,0.0
2015-08-28 00:00:00-04:00,3934.0,4396.0,3850.0,4158.0,197,0.0,0.0
2015-08-31 00:00:00-04:00,4186.0,4298.0,3962.0,4130.0,115,0.0,0.0
2015-09-01 00:00:00-04:00,3976.0,4102.0,3640.0,3673.60009765625,214,0.0,0.0
2015-09-02 00:00:00-04:00,3738.0,3752.0,3374.0,3498.60009765625,235,0.0,0.0
2015-09-03 00:00:00-04:00,3472.0,3640.0,3248.0,3304.0,219,0.0,0.0
2015-09-04 00:00:00-04:00,3276.0,3346.0,3038.0,3206.0,457,0.0,0.0
2015-09-08 00:00:00-04:00,3318.0,3577.0,3136.0,3458.0,152,0.0,0.0
2015-09-09 00:00:00-04:00,3514.0,3724.0,3416.0,3472.0,127,0.0,0.0
2015-09-10 00:00:00-04:00,3486.0,3570.0,3318.0,3570.0,59,0.0,0.0
2015-09-11 00:00:00-04:00,3374.0,3640.0,3374.0,3626.0,81,0.0,0.0
2015-09-14 00:00:00-04:00,3570.0,3626.0,3458.0,3570.0,74,0.0,0.0
2015-09-15 00:00:00-04:00,3612.0,3612.0,3360.0,3500.0,87,0.0,0.0
2015-09-16 00:00:00-04:00,3458.0,3668.0,3374.0,3654.0,132,0.0,0.0
2015-09-17 00:00:00-04:00,3640.0,3869.60009765625,3598.0,3752.0,150,0.0,0.0
2015-09-18 00:00:00-04:00,3640.0,3654.0,3374.0,3458.0,137,0.0,0.0
2015-09-21 00:00:00-04:00,3458.0,3514.0,3045.0,3262.0,336,0.0,0.0
2015-09-22 00:00:00-04:00,3276.0,3430.0,3080.0,3416.0,149,0.0,0.0
2015-09-23 00:00:00-04:00,3374.0,3472.0,3150.0,3444.0,120,0.0,0.0
2015-09-24 00:00:00-04:00,3458.0,3458.0,3206.0,3360.0,121,0.0,0.0
2015-09-25 00:00:00-04:00,3374.0,3430.0,3150.0,3248.0,112,0.0,0.0
2015-09-28 00:00:00-04:00,3206.0,3206.0,2590.0,2786.0,387,0.0,0.0
2015-09-29 00:00:00-04:00,2758.0,2898.0,2324.0,2884.0,324,0.0,0.0
2015-09-30 00:00:00-04:00,2870.0,3010.0,2744.0,2954.0,272,0.0,0.0
2015-10-01 00:00:00-04:00,2926.0,2940.0,2730.0,2870.0,65,0.0,0.0
2015-10-02 00:00:00-04:00,2870.0,3850.0,2800.0,3808.0,270,0.0,0.0
2015-10-05 00:00:00-04:00,4060.0,4298.0,3654.0,3766.0,261,0.0,0.0
2015-10-06 00:00:00-04:00,3808.0,3920.0,3655.39990234375,3850.0,160,0.0,0.0
2015-10-07 00:00:00-04:00,3836.0,4368.0,3836.0,4368.0,165,0.0,0.0
2015-10-08 00:00:00-04:00,4480.0,5320.0,4396.0,4494.0,470,0.0,0.0
2015-10-09 00:00:00-04:00,4508.0,4517.7998046875,4060.0,4270.0,178,0.0,0.0
2015-10-12 00:00:00-04:00,4312.0,4410.0,3934.0,4186.0,76,0.0,0.0
2015-10-13 00:00:00-04:00,4004.0,4068.39990234375,3808.0,3892.0,130,0.0,0.0
2015-10-14 00:00:00-04:00,3850.0,4550.0,3850.0,4424.0,134,0.0,0.0
2015-10-15 00:00:00-04:00,4368.0,4816.0,4368.0,4704.0,331,0.0,0.0
2015-10-16 00:00:00-04:00,4676.0,4720.7998046875,4158.0,4326.0,221,0.0,0.0
2015-10-19 00:00:00-04:00,4172.0,4270.0,3780.0,3822.0,369,0.0,0.0
2015-10-20 00:00:00-04:00,3850.0,3850.0,3122.0,3500.0,532,0.0,0.0
2015-10-21 00:00:00-04:00,3528.0,3528.0,3136.0,3178.0,305,0.0,0.0
2015-10-22 00:00:00-04:00,3178.0,3416.0,2982.0,3192.0,451,0.0,0.0
2015-10-23 00:00:00-04:00,3262.0,3780.0,3108.0,3696.0,201,0.0,0.0
2015-10-26 00:00:00-04:00,3822.0,4424.0,3794.0,4200.0,393,0.0,0.0
2015-10-27 00:00:00-04:00,4102.0,4536.0,3836.0,3906.0,352,0.0,0.0
2015-10-28 00:00:00-04:00,3892.0,4130.0,3654.0,3864.0,135,0.0,0.0
2015-10-29 00:00:00-04:00,3864.0,3990.0,3640.0,3836.0,107,0.0,0.0
2015-10-30 00:00:00-04:00,3822.0,3822.0,3584.0,3710.0,69,0.0,0.0
2015-11-02 00:00:00-05:00,3710.0,3892.0,3500.0,3822.0,155,0.0,0.0
2015-11-03 00:00:00-05:00,3850.0,3850.0,3668.0,3850.0,168,0.0,0.0
2015-11-04 00:00:00-05:00,3850.0,3850.0,3640.0,3724.0,187,0.0,0.0
2015-11-05 00:00:00-05:00,3724.0,3766.0,3584.0,3640.0,88,0.0,0.0
2015-11-06 00:00:00-05:00,3598.0,3836.0,3570.0,3738.0,196,0.0,0.0
2015-11-09 00:00:00-05:00,3710.0,3710.0,3360.0,3458.0,141,0.0,0.0
2015-11-10 00:00:00-05:00,3430.0,3486.0,3234.0,3458.0,69,0.0,0.0
2015-11-11 00:00:00-05:00,3444.0,3458.0,3234.0,3374.0,66,0.0,0.0
2015-11-12 00:00:00-05:00,3304.0,3472.0,3234.0,3360.0,136,0.0,0.0
2015-11-13 00:00:00-05:00,3318.0,3360.0,3052.0,3122.0,236,0.0,0.0
2015-11-16 00:00:00-05:00,2884.0,3080.0,2730.0,2954.0,380,0.0,0.0
2015-11-17 00:00:00-05:00,3052.0,3066.0,2800.0,2870.0,179,0.0,0.0
2015-11-18 00:00:00-05:00,2856.0,2968.0,2660.0,2730.0,310,0.0,0.0
2015-11-19 00:00:00-05:00,2730.0,2730.0,2480.800048828125,2590.0,319,0.0,0.0
2015-11-20 00:00:00-05:00,2576.0,2590.0,2492.0,2534.0,151,0.0,0.0
2015-11-23 00:00:00-05:00,2492.0,2730.0,2464.0,2646.0,208,0.0,0.0
2015-11-24 00:00:00-05:00,2716.0,2716.0,2520.0,2562.0,193,0.0,0.0
2015-11-25 00:00:00-05:00,2520.0,2590.0,2450.0,2534.0,192,0.0,0.0
2015-11-27 00:00:00-05:00,2520.0,2632.0,2464.0,2506.0,65,0.0,0.0
2015-11-30 00:00:00-05:00,2506.0,2618.0,2352.0,2534.0,333,0.0,0.0
2015-12-01 00:00:00-05:00,2562.0,2618.0,2366.0,2562.0,193,0.0,0.0
2015-12-02 00:00:00-05:00,2604.0,2716.0,2422.0,2478.0,250,0.0,0.0
2015-12-03 00:00:00-05:00,2478.0,2646.0,2212.0,2296.0,364,0.0,0.0
2015-12-04 00:00:00-05:00,2282.0,2282.0,2030.0,2114.0,531,0.0,0.0
2015-12-07 00:00:00-05:00,2044.0,2394.0,1918.0,2184.0,522,0.0,0.0
2015-12-08 00:00:00-05:00,2170.0,2200.800048828125,1974.0,2128.0,255,0.0,0.0
2015-12-09 00:00:00-05:00,2114.0,2114.0,2030.0,2058.0,126,0.0,0.0
2015-12-10 00:00:00-05:00,2030.0,2195.199951171875,2016.0,2100.0,275,0.0,0.0
2015-12-11 00:00:00-05:00,2100.0,2157.39990234375,2030.0,2142.0,165,0.0,0.0
2015-12-14 00:00:00-05:00,2128.0,2128.0,1890.0,1911.0,164,0.0,0.0
2015-12-15 00:00:00-05:00,1890.0,2170.0,1890.0,1988.0,315,0.0,0.0
2015-12-16 00:00:00-05:00,2044.0,2142.0,1904.0,2072.0,334,0.0,0.0
2015-12-17 00:00:00-05:00,2044.0,2086.0,1820.0,1862.0,181,0.0,0.0
2015-12-18 00:00:00-05:00,1834.0,2086.0,1820.0,1960.0,164,0.0,0.0
2015-12-21 00:00:00-05:00,1960.0,2184.0,1960.0,2170.0,202,0.0,0.0
2015-12-22 00:00:00-05:00,2114.0,2573.199951171875,2100.0,2380.0,380,0.0,0.0
2015-12-23 00:00:00-05:00,2380.0,2520.0,2114.0,2156.0,272,0.0,0.0
2015-12-24 00:00:00-05:00,2184.0,2212.0,1946.0,2192.39990234375,113,0.0,0.0
2015-12-28 00:00:00-05:00,2128.0,2296.0,2093.0,2156.0,102,0.0,0.0
2015-12-29 00:00:00-05:00,2156.0,2268.0,2142.0,2184.0,104,0.0,0.0
2015-12-30 00:00:00-05:00,2170.0,2170.0,2030.0,2142.0,130,0.0,0.0
2015-12-31 00:00:00-05:00,2058.0,2128.0,2058.0,2121.0,146,0.0,0.0
2016-01-04 00:00:00-05:00,2002.0,2030.0,1834.0,1904.0,296,0.0,0.0
2016-01-05 00:00:00-05:00,1876.0,1890.0,1820.0,1848.0,133,0.0,0.0
2016-01-06 00:00:00-05:00,1820.0,1834.0,1694.0,1722.0,172,0.0,0.0
2016-01-07 00:00:00-05:00,1694.0,1820.0,1554.0,1722.0,187,0.0,0.0
2016-01-08 00:00:00-05:00,1722.0,1806.0,1428.0,1622.5999755859375,272,0.0,0.0
2016-01-11 00:00:00-05:00,1876.0,1960.0,1596.0,1918.0,396,0.0,0.0
2016-01-12 00:00:00-05:00,1890.0,1932.0,1820.0,1904.0,209,0.0,0.0
2016-01-13 00:00:00-05:00,1890.0,1890.0,1750.0,1820.0,138,0.0,0.0
2016-01-14 00:00:00-05:00,1820.0,1820.0,1750.0,1750.0,51,0.0,0.0
2016-01-15 00:00:00-05:00,1708.0,1708.0,1519.0,1610.0,111,0.0,0.0
2016-01-19 00:00:00-05:00,1624.0,2240.0,1554.0,2044.0,431,0.0,0.0
2016-01-20 00:00:00-05:00,2044.0,2058.0,1820.0,1953.0,276,0.0,0.0
2016-01-21 00:00:00-05:00,1960.0,1960.0,1736.0,1736.0,142,0.0,0.0
2016-01-22 00:00:00-05:00,1764.0,1890.0,1750.0,1820.0,203,0.0,0.0
2016-01-25 00:00:00-05:00,1820.0,1918.0,1736.0,1750.0,145,0.0,0.0
2016-01-26 00:00:00-05:00,1750.0,1876.0,1722.0,1778.0,127,0.0,0.0
2016-01-27 00:00:00-05:00,1792.0,1873.199951171875,1750.0,1750.0,227,0.0,0.0
2016-01-28 00:00:00-05:00,1778.0,1806.0,1666.0,1736.0,87,0.0,0.0
2016-01-29 00:00:00-05:00,1708.0,2114.0,1708.0,1960.0,210,0.0,0.0
2016-02-01 00:00:00-05:00,1890.0,2156.0,1890.0,1967.0,150,0.0,0.0
2016-02-02 00:00:00-05:00,1932.0,1960.0,1680.0,1778.0,93,0.0,0.0
2016-02-03 00:00:00-05:00,1792.0,1820.0,1625.4000244140625,1764.0,309,0.0,0.0
2016-02-04 00:00:00-05:00,1750.0,2094.39990234375,1750.0,2086.0,145,0.0,0.0
2016-02-05 00:00:00-05:00,2100.0,2184.0,1974.0,2149.0,149,0.0,0.0
2016-02-08 00:00:00-05:00,2156.0,2450.0,2016.0,2380.0,231,0.0,0.0
2016-02-09 00:00:00-05:00,2450.0,2800.0,2310.0,2352.0,811,0.0,0.0
2016-02-10 00:00:00-05:00,2464.0,2646.0,2156.0,2240.0,484,0.0,0.0
2016-02-11 00:00:00-05:00,2114.0,2212.0,1652.0,1834.0,663,0.0,0.0
2016-02-12 00:00:00-05:00,1876.0,1880.199951171875,1666.0,1792.0,370,0.0,0.0
2016-02-16 00:00:00-05:00,1806.0,2058.0,1792.0,1974.0,254,0.0,0.0
2016-02-17 00:00:00-05:00,2044.0,2184.0,1974.0,2058.0,173,0.0,0.0
2016-02-18 00:00:00-05:00,2100.0,2100.0,1890.0,1890.0,100,0.0,0.0
2016-02-19 00:00:00-05:00,1834.0,1974.0,1778.0,1904.0,100,0.0,0.0
2016-02-22 00:00:00-05:00,1960.0,2198.0,1960.0,2142.0,296,0.0,0.0
2016-02-23 00:00:00-05:00,2058.0,2100.0,1960.0,1988.0,77,0.0,0.0
2016-02-24 00:00:00-05:00,1960.0,2058.0,1820.0,1974.0,115,0.0,0.0
2016-02-25 00:00:00-05:00,2009.0,2100.0,1932.0,2058.0,58,0.0,0.0
2016-02-26 00:00:00-05:00,2072.0,2366.0,1960.0,2268.0,143,0.0,0.0
2016-02-29 00:00:00-05:00,2282.0,2576.0,2268.0,2576.0,252,0.0,0.0
2016-03-01 00:00:00-05:00,2590.0,2786.0,2548.0,2758.0,796,0.0,0.0
2016-03-02 00:00:00-05:00,2758.0,2758.0,2282.0,2408.0,625,0.0,0.0
2016-03-03 00:00:00-05:00,2366.0,2366.0,2170.0,2268.0,199,0.0,0.0
2016-03-04 00:00:00-05:00,2282.0,2422.0,2128.0,2170.0,308,0.0,0.0
2016-03-07 00:00:00-05:00,2156.0,2198.0,1932.0,1932.0,430,0.0,0.0
2016-03-08 00:00:00-05:00,1946.0,2072.0,1820.0,1848.0,296,0.0,0.0
2016-03-09 00:00:00-05:00,1848.0,2072.0,1848.0,1974.0,281,0.0,0.0
2016-03-10 00:00:00-05:00,2016.0,2030.0,1880.199951171875,1960.0,175,0.0,0.0
2016-03-11 00:00:00-05:00,2002.0,2030.0,1918.0,2002.0,77,0.0,0.0
2016-03-14 00:00:00-04:00,2016.0,2164.39990234375,1918.0,2016.0,217,0.0,0.0
2016-03-15 00:00:00-04:00,1974.0,2002.0,1862.0,1876.0,217,0.0,0.0
2016-03-16 00:00:00-04:00,1890.0,1932.0,1834.0,1862.0,83,0.0,0.0
2016-03-17 00:00:00-04:00,1890.0,2030.0,1863.4000244140625,1946.0,111,0.0,0.0
2016-03-18 00:00:00-04:00,1974.0,2044.0,1890.0,1946.0,188,0.0,0.0
2016-03-21 00:00:00-04:00,1960.0,2030.0,1862.0,1946.0,125,0.0,0.0
2016-03-22 00:00:00-04:00,1946.0,2030.0,1890.0,1974.0,167,0.0,0.0
2016-03-23 00:00:00-04:00,1960.0,1995.0,1862.0,1862.0,97,0.0,0.0
2016-03-24 00:00:00-04:00,1862.0,2030.0,1862.0,1989.4000244140625,120,0.0,0.0
2016-03-28 00:00:00-04:00,1960.0,2002.0,1848.0,1862.0,92,0.0,0.0
2016-03-29 00:00:00-04:00,1848.0,1918.0,1624.0,1904.0,399,0.0,0.0
2016-03-30 00:00:00-04:00,1960.0,1985.199951171875,1750.0,1806.0,455,0.0,0.0
2016-03-31 00:00:00-04:00,1960.0,1960.0,1624.0,1736.0,348,0.0,0.0
2016-04-01 00:00:00-04:00,1750.0,1806.0,1680.0,1717.800048828125,149,0.0,0.0
2016-04-04 00:00:00-04:00,1722.0,1722.0,1526.0,1554.0,364,0.0,0.0
2016-04-05 00:00:00-04:00,1540.0,1568.0,1372.0,1470.0,452,0.0,0.0
2016-04-06 00:00:00-04:00,1470.0,1792.0,1470.0,1694.0,328,0.0,0.0
2016-04-07 00:00:00-04:00,1778.0,1918.0,1766.800048828125,1876.0,310,0.0,0.0
2016-04-08 00:00:00-04:00,1890.0,1932.0,1750.0,1848.0,209,0.0,0.0
2016-04-11 00:00:00-04:00,1820.0,1932.0,1764.0,1820.0,225,0.0,0.0
2016-04-12 00:00:00-04:00,1820.0,1820.0,1722.0,1750.0,157,0.0,0.0
2016-04-13 00:00:00-04:00,1722.0,1787.800048828125,1624.0,1666.0,142,0.0,0.0
2016-04-14 00:00:00-04:00,1666.0,1680.0,1624.0,1666.0,196,0.0,0.0
2016-04-15 00:00:00-04:00,1680.0,1848.0,1638.0,1806.0,354,0.0,0.0
2016-04-18 00:00:00-04:00,1750.0,1848.0,1750.0,1778.0,217,0.0,0.0
2016-04-19 00:00:00-04:00,1806.0,1806.0,1680.0,1736.0,141,0.0,0.0
2016-04-20 00:00:00-04:00,1750.0,1750.0,1610.0,1649.199951171875,138,0.0,0.0
2016-04-21 00:00:00-04:00,1680.0,1738.800048828125,1610.0,1708.0,122,0.0,0.0
2016-04-22 00:00:00-04:00,1666.0,1708.0,1582.0,1666.0,162,0.0,0.0
2016-04-25 00:00:00-04:00,1652.0,1694.0,1624.0,1638.0,61,0.0,0.0
2016-04-26 00:00:00-04:00,1652.0,1750.0,1652.0,1736.0,171,0.0,0.0
2016-04-27 00:00:00-04:00,1750.0,1806.0,1680.0,1792.0,129,0.0,0.0
2016-04-28 00:00:00-04:00,1736.0,1792.0,1736.0,1750.0,102,0.0,0.0
2016-04-29 00:00:00-04:00,1764.0,1764.0,1610.0,1610.0,257,0.0,0.0
2016-05-02 00:00:00-04:00,1624.0,1680.0,1596.0,1652.0,123,0.0,0.0
2016-05-03 00:00:00-04:00,1638.0,1736.0,1596.0,1722.0,99,0.0,0.0
2016-05-04 00:00:00-04:00,1666.0,1722.0,1610.0,1722.0,101,0.0,0.0
2016-05-05 00:00:00-04:00,1708.0,1708.0,1624.0,1624.0,77,0.0,0.0
2016-05-06 00:00:00-04:00,1624.0,1680.0,1596.0,1596.0,77,0.0,0.0
2016-05-09 00:00:00-04:00,1610.0,1666.0,1540.0,1610.0,148,0.0,0.0
2016-05-10 00:00:00-04:00,1624.0,1652.0,1554.0,1652.0,59,0.0,0.0
2016-05-11 00:00:00-04:00,1610.0,1666.0,1568.0,1596.0,99,0.0,0.0
2016-05-12 00:00:00-04:00,1582.0,1708.0,1582.0,1666.0,199,0.0,0.0
2016-05-13 00:00:00-04:00,1666.0,1680.0,1540.0,1652.0,300,0.0,0.0
2016-05-16 00:00:00-04:00,1638.0,1694.0,1624.0,1680.0,92,0.0,0.0
2016-05-17 00:00:00-04:00,1680.0,1708.0,1666.0,1694.0,131,0.0,0.0
2016-05-18 00:00:00-04:00,1694.0,1862.0,1680.0,1820.0,916,0.0,0.0
2016-05-19 00:00:00-04:00,1778.0,1848.0,1568.0,1624.0,227,0.0,0.0
2016-05-20 00:00:00-04:00,1610.0,1610.0,1428.0,1428.0,389,0.0,0.0
2016-05-23 00:00:00-04:00,1554.0,1582.0,1456.0,1540.0,74,0.0,0.0
2016-05-24 00:00:00-04:00,1554.0,1582.0,1470.0,1484.0,138,0.0,0.0
2016-05-25 00:00:00-04:00,1498.0,1568.0,1484.0,1554.0,59,0.0,0.0
2016-05-26 00:00:00-04:00,1554.0,1582.0,1512.0,1517.5999755859375,36,0.0,0.0
2016-05-27 00:00:00-04:00,1498.0,1540.0,1400.0,1470.0,218,0.0,0.0
2016-05-31 00:00:00-04:00,1470.0,1470.0,1408.4000244140625,1428.0,93,0.0,0.0
2016-06-01 00:00:00-04:00,1400.0,1498.0,1400.0,1470.0,150,0.0,0.0
2016-06-02 00:00:00-04:00,1484.0,1498.0,1400.0,1442.0,83,0.0,0.0
2016-06-03 00:00:00-04:00,1414.0,1470.0,1400.0,1400.0,66,0.0,0.0
2016-06-06 00:00:00-04:00,1400.0,1456.0,1400.0,1414.0,76,0.0,0.0
2016-06-07 00:00:00-04:00,1456.0,1484.0,1442.0,1472.800048828125,87,0.0,0.0
2016-06-08 00:00:00-04:00,1484.0,1526.0,1456.0,1498.0,60,0.0,0.0
2016-06-09 00:00:00-04:00,1456.0,1554.0,1456.0,1540.0,142,0.0,0.0
2016-06-10 00:00:00-04:00,1526.0,1531.5999755859375,1470.0,1484.0,57,0.0,0.0
2016-06-13 00:00:00-04:00,1470.0,1512.0,1470.0,1477.0,31,0.0,0.0
2016-06-14 00:00:00-04:00,1498.0,1498.0,1428.0,1470.0,32,0.0,0.0
2016-06-15 00:00:00-04:00,1498.0,1498.0,1400.0,1456.0,53,0.0,0.0
2016-06-16 00:00:00-04:00,1414.0,1470.0,1414.0,1428.0,41,0.0,0.0
2016-06-17 00:00:00-04:00,1428.0,1456.0,1260.0,1302.0,320,0.0,0.0
2016-06-20 00:00:00-04:00,1274.0,1274.0,1106.0,1176.0,446,0.0,0.0
2016-06-21 00:00:00-04:00,1176.0,1176.0,1078.0,1120.0,328,0.0,0.0
2016-06-22 00:00:00-04:00,1120.0,1141.0,928.2000122070312,1022.0,815,0.0,0.0
2016-06-23 00:00:00-04:00,1078.0,1148.0,980.0,1134.0,258,0.0,0.0
2016-06-24 00:00:00-04:00,1050.0,1106.0,1050.0,1085.0,120,0.0,0.0
2016-06-27 00:00:00-04:00,1064.0,1078.0,945.0,1005.2000122070312,249,0.0,0.0
2016-06-28 00:00:00-04:00,1022.0,1078.0,991.2000122070312,991.2000122070312,76,0.0,0.0
2016-06-29 00:00:00-04:00,1008.0,1065.4000244140625,980.0,1043.0,188,0.0,0.0
2016-06-30 00:00:00-04:00,1065.4000244140625,1148.0,980.0,1120.0,100,0.0,0.0
2016-07-01 00:00:00-04:00,1120.0,1162.0,1066.800048828125,1120.0,122,0.0,0.0
2016-07-05 00:00:00-04:00,1134.0,1302.0,1134.0,1218.0,262,0.0,0.0
2016-07-06 00:00:00-04:00,1246.0,1279.5999755859375,1134.0,1204.0,218,0.0,0.0
2016-07-07 00:00:00-04:00,1218.0,1218.0,1120.0,1163.4000244140625,109,0.0,0.0
2016-07-08 00:00:00-04:00,1148.0,1246.0,1120.0,1204.0,131,0.0,0.0
2016-07-11 00:00:00-04:00,1204.0,1274.0,1204.0,1274.0,83,0.0,0.0
2016-07-12 00:00:00-04:00,1274.0,1330.0,1260.0,1260.0,160,0.0,0.0
2016-07-13 00:00:00-04:00,1223.5999755859375,1229.199951171875,1148.0,1190.0,121,0.0,0.0
2016-07-14 00:00:00-04:00,1176.0,1225.0,1120.0,1218.0,109,0.0,0.0
2016-07-15 00:00:00-04:00,1181.5999755859375,1218.0,1181.5999755859375,1204.0,48,0.0,0.0
2016-07-18 00:00:00-04:00,1218.0,1246.0,1176.0,1190.0,60,0.0,0.0
2016-07-19 00:00:00-04:00,1148.0,1246.0,1148.0,1204.0,95,0.0,0.0
2016-07-20 00:00:00-04:00,1246.0,1246.0,1190.0,1218.0,78,0.0,0.0
2016-07-21 00:00:00-04:00,1218.0,1302.0,1218.0,1288.0,149,0.0,0.0
2016-07-22 00:00:00-04:00,1274.0,1300.5999755859375,1211.0,1232.0,110,0.0,0.0
2016-07-25 00:00:00-04:00,1218.0,1246.0,1163.4000244140625,1190.0,51,0.0,0.0
2016-07-26 00:00:00-04:00,1218.0,1241.800048828125,1141.0,1141.0,61,0.0,0.0
2016-07-27 00:00:00-04:00,1148.0,1185.800048828125,1064.0,1078.0,174,0.0,0.0
2016-07-28 00:00:00-04:00,1050.0,1120.0,1050.0,1078.0,82,0.0,0.0
2016-07-29 00:00:00-04:00,1115.800048828125,1176.0,1022.0,1148.0,406,0.0,0.0
2016-08-01 00:00:00-04:00,1148.0,1190.0,1106.0,1148.0,146,0.0,0.0
2016-08-02 00:00:00-04:00,1106.0,1176.0,1036.0,1064.0,168,0.0,0.0
2016-08-03 00:00:00-04:00,1050.0,1176.0,1036.0,1139.5999755859375,104,0.0,0.0
2016-08-04 00:00:00-04:00,1082.199951171875,1162.0,1051.4000244140625,1162.0,92,0.0,0.0
2016-08-05 00:00:00-04:00,1162.0,1267.0,1148.0,1267.0,213,0.0,0.0
2016-08-08 00:00:00-04:00,1302.0,1302.0,1190.0,1269.800048828125,240,0.0,0.0
2016-08-09 00:00:00-04:00,1288.0,1302.0,1176.0,1212.4000244140625,111,0.0,0.0
2016-08-10 00:00:00-04:00,1232.0,1274.0,1036.0,1080.800048828125,180,0.0,0.0
2016-08-11 00:00:00-04:00,1148.0,1157.800048828125,1078.0,1145.199951171875,172,0.0,0.0
2016-08-12 00:00:00-04:00,1050.0,1078.0,910.0,980.0,466,0.0,0.0
2016-08-15 00:00:00-04:00,994.0,1050.0,938.0,938.0,150,0.0,0.0
2016-08-16 00:00:00-04:00,994.0,994.0,869.4000244140625,925.4000244140625,344,0.0,0.0
2016-08-17 00:00:00-04:00,966.0,966.0,924.0,952.0,165,0.0,0.0
2016-08-18 00:00:00-04:00,952.0,980.0,938.0,980.0,176,0.0,0.0
2016-08-19 00:00:00-04:00,966.0,1050.0,952.0,1050.0,319,0.0,0.0
2016-08-22 00:00:00-04:00,1050.0,1106.0,1022.0,1064.0,190,0.0,0.0
2016-08-23 00:00:00-04:00,1050.0,1078.0,980.0,998.2000122070312,94,0.0,0.0
2016-08-24 00:00:00-04:00,952.0,980.0,910.0,966.0,156,0.0,0.0
2016-08-25 00:00:00-04:00,924.0,952.0,882.0,896.0,179,0.0,0.0
2016-08-26 00:00:00-04:00,924.0,924.0,868.0,887.5999755859375,71,0.0,0.0
2016-08-29 00:00:00-04:00,875.0,966.0,875.0,953.4000244140625,122,0.0,0.0
2016-08-30 00:00:00-04:00,966.0,966.0,903.0,921.2000122070312,92,0.0,0.0
2016-08-31 00:00:00-04:00,896.0,921.2000122070312,868.0,882.0,84,0.0,0.0
2016-09-01 00:00:00-04:00,869.4000244140625,945.0,854.0,882.0,92,0.0,0.0
2016-09-02 00:00:00-04:00,910.0,910.0,854.0,882.0,133,0.0,0.0
2016-09-06 00:00:00-04:00,889.0,943.5999755859375,854.0,925.4000244140625,142,0.0,0.0
2016-09-07 00:00:00-04:00,910.0,938.0,814.7999877929688,854.0,354,0.0,0.0
2016-09-08 00:00:00-04:00,826.0,868.0,824.5999755859375,851.2000122070312,142,0.0,0.0
2016-09-09 00:00:00-04:00,882.0,882.0,812.0,882.0,377,0.0,0.0
2016-09-12 00:00:00-04:00,882.0,882.0,805.0,837.2000122070312,92,0.0,0.0
2016-09-13 00:00:00-04:00,812.0,1176.0,792.4000244140625,882.0,1734,0.0,0.0
2016-09-14 00:00:00-04:00,957.5999755859375,996.7999877929688,854.0,879.2000122070312,417,0.0,0.0
2016-09-15 00:00:00-04:00,882.0,882.0,812.0,868.0,227,0.0,0.0
2016-09-16 00:00:00-04:00,868.0,893.2000122070312,798.0,840.0,181,0.0,0.0
2016-09-19 00:00:00-04:00,858.2000122070312,865.2000122070312,805.0,812.0,134,0.0,0.0
2016-09-20 00:00:00-04:00,798.0,840.0,700.0,767.2000122070312,259,0.0,0.0
2016-09-21 00:00:00-04:00,840.0,840.0,718.2000122070312,742.0,208,0.0,0.0
2016-09-22 00:00:00-04:00,728.0,742.0,630.0,700.0,925,0.0,0.0
2016-09-23 00:00:00-04:00,700.0,700.0,627.2000122070312,631.4000244140625,399,0.0,0.0
2016-09-26 00:00:00-04:00,602.0,655.2000122070312,562.7999877929688,651.0,493,0.0,0.0
2016-09-27 00:00:00-04:00,616.0,763.0,616.0,700.0,292,0.0,0.0
2016-09-28 00:00:00-04:00,742.0,742.0,700.0,714.0,117,0.0,0.0
2016-09-29 00:00:00-04:00,756.0,756.0,644.0,686.0,93,0.0,0.0
2016-09-30 00:00:00-04:00,644.0,700.0,644.0,659.4000244140625,170,0.0,0.0
2016-10-03 00:00:00-04:00,644.0,770.0,630.0,686.0,280,0.0,0.0
2016-10-04 00:00:00-04:00,646.7999877929688,812.0,646.7999877929688,798.0,386,0.0,0.0
2016-10-05 00:00:00-04:00,770.0,812.0,756.0,775.5999755859375,171,0.0,0.0
2016-10-06 00:00:00-04:00,756.0,812.0,686.0,743.4000244140625,151,0.0,0.0
2016-10-07 00:00:00-04:00,701.4000244140625,764.4000244140625,700.0,728.0,75,0.0,0.0
2016-10-10 00:00:00-04:00,770.0,770.0,700.0,723.7999877929688,57,0.0,0.0
2016-10-11 00:00:00-04:00,701.4000244140625,754.5999755859375,632.7999877929688,648.2000122070312,322,0.0,0.0
2016-10-12 00:00:00-04:00,714.0,714.0,632.7999877929688,686.0,153,0.0,0.0
2016-10-13 00:00:00-04:00,646.7999877929688,770.0,642.5999755859375,758.7999877929688,237,0.0,0.0
2016-10-14 00:00:00-04:00,770.0,770.0,700.0,756.0,155,0.0,0.0
2016-10-17 00:00:00-04:00,770.0,812.0,749.0,749.0,104,0.0,0.0
2016-10-18 00:00:00-04:00,704.2000122070312,771.4000244140625,704.2000122070312,742.0,89,0.0,0.0
2016-10-19 00:00:00-04:00,737.7999877929688,756.0,714.0,728.0,34,0.0,0.0
2016-10-20 00:00:00-04:00,700.0,756.0,700.0,700.0,56,0.0,0.0
2016-10-21 00:00:00-04:00,700.0,756.0,700.0,742.0,147,0.0,0.0
2016-10-24 00:00:00-04:00,756.0,784.0,704.2000122070312,770.0,85,0.0,0.0
2016-10-25 00:00:00-04:00,740.5999755859375,939.4000244140625,740.5999755859375,851.2000122070312,675,0.0,0.0
2016-10-26 00:00:00-04:00,784.0,938.0,770.0,868.0,316,0.0,0.0
2016-10-27 00:00:00-04:00,896.0,952.0,882.0,882.0,131,0.0,0.0
2016-10-28 00:00:00-04:00,903.0,924.0,750.4000244140625,921.2000122070312,359,0.0,0.0
2016-10-31 00:00:00-04:00,896.0,918.4000244140625,756.0,812.0,351,0.0,0.0
2016-11-01 00:00:00-04:00,756.0,810.5999755859375,686.0,698.5999755859375,191,0.0,0.0
2016-11-02 00:00:00-04:00,700.0,700.0,623.0,658.0,231,0.0,0.0
2016-11-03 00:00:00-04:00,631.4000244140625,700.0,588.0,617.4000244140625,45,0.0,0.0
2016-11-04 00:00:00-04:00,588.0,700.0,588.0,642.5999755859375,211,0.0,0.0
2016-11-07 00:00:00-05:00,644.0,784.0,644.0,784.0,345,0.0,0.0
2016-11-08 00:00:00-05:00,728.0,833.0,715.4000244140625,784.0,113,0.0,0.0
2016-11-09 00:00:00-05:00,728.0,896.0,728.0,826.0,198,0.0,0.0
2016-11-10 00:00:00-05:00,868.0,868.0,770.0,798.0,137,0.0,0.0
2016-11-11 00:00:00-05:00,770.0,882.0,770.0,854.0,134,0.0,0.0
2016-11-14 00:00:00-05:00,854.0,994.0,840.0,940.7999877929688,315,0.0,0.0
2016-11-15 00:00:00-05:00,896.0,924.0,770.0,827.4000244140625,520,0.0,0.0
2016-11-16 00:00:00-05:00,784.0,840.0,770.0,795.2000122070312,207,0.0,0.0
2016-11-17 00:00:00-05:00,792.4000244140625,826.0,714.0,742.0,101,0.0,0.0
2016-11-18 00:00:00-05:00,798.0,798.0,740.5999755859375,768.5999755859375,128,0.0,0.0
2016-11-21 00:00:00-05:00,798.0,896.0,728.0,812.0,225,0.0,0.0
2016-11-22 00:00:00-05:00,826.0,975.7999877929688,826.0,868.0,190,0.0,0.0
2016-11-23 00:00:00-05:00,910.0,910.0,826.0,868.0,223,0.0,0.0
2016-11-25 00:00:00-05:00,868.0,994.0,840.0,980.0,221,0.0,0.0
2016-11-28 00:00:00-05:00,980.0,1148.0,980.0,1139.5999755859375,332,0.0,0.0
2016-11-29 00:00:00-05:00,1134.0,1227.800048828125,1065.4000244140625,1176.0,445,0.0,0.0
2016-11-30 00:00:00-05:00,1246.0,1288.0,1120.0,1120.0,256,0.0,0.0
2016-12-01 00:00:00-05:00,1120.0,1190.0,1037.4000244140625,1092.0,154,0.0,0.0
2016-12-02 00:00:00-05:00,1079.4000244140625,1106.0,833.0,833.0,226,0.0,0.0
2016-12-05 00:00:00-05:00,833.0,966.0,826.0,840.0,284,0.0,0.0
2016-12-06 00:00:00-05:00,784.0,854.0,770.0,771.4000244140625,201,0.0,0.0
2016-12-07 00:00:00-05:00,785.4000244140625,826.0,770.0,802.2000122070312,173,0.0,0.0
2016-12-08 00:00:00-05:00,840.0,980.0,806.4000244140625,924.0,233,0.0,0.0
2016-12-09 00:00:00-05:00,924.0,924.0,693.0,700.0,1061,0.0,0.0
2016-12-12 00:00:00-05:00,700.0,770.0,686.0,714.0,351,0.0,0.0
2016-12-13 00:00:00-05:00,714.0,722.4000244140625,638.4000244140625,670.5999755859375,245,0.0,0.0
2016-12-14 00:00:00-05:00,672.0,672.0,533.4000244140625,560.0,984,0.0,0.0
2016-12-15 00:00:00-05:00,560.0,616.0,450.79998779296875,462.0,766,0.0,0.0
2016-12-16 00:00:00-05:00,504.0,616.0,487.20001220703125,505.3999938964844,756,0.0,0.0
2016-12-19 00:00:00-05:00,518.0,588.0,323.3999938964844,364.0,3385,0.0,0.0
2016-12-20 00:00:00-05:00,406.0,406.0,252.0,280.0,5632,0.0,0.0
2016-12-21 00:00:00-05:00,294.0,616.0,280.0,504.0,19393,0.0,0.0
2016-12-22 00:00:00-05:00,578.2000122070312,581.0,438.20001220703125,498.3999938964844,9556,0.0,0.0
2016-12-23 00:00:00-05:00,501.20001220703125,502.6000061035156,406.0,434.0,2668,0.0,0.0
2016-12-27 00:00:00-05:00,434.0,434.0,354.20001220703125,364.0,1825,0.0,0.0
2016-12-28 00:00:00-05:00,368.20001220703125,476.0,350.0,406.0,4778,0.0,0.0
2016-12-29 00:00:00-05:00,445.20001220703125,539.0,434.0,463.3999938964844,6125,0.0,0.0
2016-12-30 00:00:00-05:00,490.0,490.0,420.0,420.0,2192,0.0,0.0
2017-01-03 00:00:00-05:00,434.0,448.0,392.0,403.20001220703125,1638,0.0,0.0
2017-01-04 00:00:00-05:00,417.20001220703125,417.20001220703125,371.0,393.3999938964844,1224,0.0,0.0
2017-01-05 00:00:00-05:00,387.79998779296875,406.0,366.79998779296875,378.0,726,0.0,0.0
2017-01-06 00:00:00-05:00,406.0,501.20001220703125,392.0,403.20001220703125,5715,0.0,0.0
2017-01-09 00:00:00-05:00,413.0,446.6000061035156,394.79998779296875,407.3999938964844,1744,0.0,0.0
2017-01-10 00:00:00-05:00,406.0,417.20001220703125,385.0,400.3999938964844,905,0.0,0.0
2017-01-11 00:00:00-05:00,407.3999938964844,407.3999938964844,385.0,404.6000061035156,527,0.0,0.0
2017-01-12 00:00:00-05:00,404.6000061035156,476.0,397.6000061035156,406.0,2603,0.0,0.0
2017-01-13 00:00:00-05:00,429.79998779296875,429.79998779296875,406.0,413.0,631,0.0,0.0
2017-01-17 00:00:00-05:00,420.0,455.0,399.0,443.79998779296875,1350,0.0,0.0
2017-01-18 00:00:00-05:00,448.0,462.0,413.0,420.0,865,0.0,0.0
2017-01-19 00:00:00-05:00,644.0,784.0,502.6000061035156,511.0,14773,0.0,0.0
2017-01-20 00:00:00-05:00,490.0,532.0,462.0,485.79998779296875,2398,0.0,0.0
2017-01-23 00:00:00-05:00,511.0,511.0,436.79998779296875,459.20001220703125,722,0.0,0.0
2017-01-24 00:00:00-05:00,436.79998779296875,462.0,434.0,460.6000061035156,756,0.0,0.0
2017-01-25 00:00:00-05:00,469.0,476.0,449.3999938964844,474.6000061035156,374,0.0,0.0
2017-01-26 00:00:00-05:00,476.0,546.0,464.79998779296875,505.3999938964844,2551,0.0,0.0
2017-01-27 00:00:00-05:00,499.79998779296875,504.0,464.79998779296875,490.0,1269,0.0,0.0
2017-01-30 00:00:00-05:00,529.2000122070312,602.0,504.0,518.0,2146,0.0,0.0
2017-01-31 00:00:00-05:00,546.0,546.0,434.0,450.79998779296875,1613,0.0,0.0
2017-02-01 00:00:00-05:00,476.0,504.0,462.0,488.6000061035156,868,0.0,0.0
2017-02-02 00:00:00-05:00,462.0,476.0,450.79998779296875,473.20001220703125,788,0.0,0.0
2017-02-03 00:00:00-05:00,455.0,476.0,448.0,453.6000061035156,601,0.0,0.0
2017-02-06 00:00:00-05:00,448.0,476.0,413.0,434.0,799,0.0,0.0
2017-02-07 00:00:00-05:00,420.0,434.0,392.0,434.0,875,0.0,0.0
2017-02-08 00:00:00-05:00,434.0,434.0,393.3999938964844,401.79998779296875,672,0.0,0.0
2017-02-09 00:00:00-05:00,401.79998779296875,434.0,365.3999938964844,394.79998779296875,845,0.0,0.0
2017-02-10 00:00:00-05:00,379.3999938964844,420.0,379.3999938964844,404.6000061035156,381,0.0,0.0
2017-02-13 00:00:00-05:00,448.0,448.0,406.0,420.0,603,0.0,0.0
2017-02-14 00:00:00-05:00,432.6000061035156,434.0,407.3999938964844,420.0,350,0.0,0.0
2017-02-15 00:00:00-05:00,427.0,434.0,420.0,420.0,331,0.0,0.0
2017-02-16 00:00:00-05:00,431.20001220703125,448.0,427.0,442.3999938964844,445,0.0,0.0
2017-02-17 00:00:00-05:00,459.20001220703125,460.6000061035156,427.0,434.0,400,0.0,0.0
2017-02-21 00:00:00-05:00,434.0,462.0,427.0,455.0,410,0.0,0.0
2017-02-22 00:00:00-05:00,462.0,462.0,445.20001220703125,448.0,273,0.0,0.0
2017-02-23 00:00:00-05:00,463.3999938964844,488.6000061035156,448.0,453.6000061035156,572,0.0,0.0
2017-02-24 00:00:00-05:00,443.79998779296875,483.0,428.3999938964844,448.0,856,0.0,0.0
2017-02-27 00:00:00-05:00,470.3999938964844,471.79998779296875,448.0,452.20001220703125,221,0.0,0.0
2017-02-28 00:00:00-05:00,455.0,462.0,394.79998779296875,417.20001220703125,872,0.0,0.0
2017-03-01 00:00:00-05:00,420.0,448.0,406.0,432.6000061035156,307,0.0,0.0
2017-03-02 00:00:00-05:00,415.79998779296875,434.0,406.0,407.3999938964844,481,0.0,0.0
2017-03-03 00:00:00-05:00,408.79998779296875,418.6000061035156,397.6000061035156,414.3999938964844,562,0.0,0.0
2017-03-06 00:00:00-05:00,397.6000061035156,413.0,385.0,399.0,901,0.0,0.0
2017-03-07 00:00:00-05:00,392.0,406.0,385.0,394.79998779296875,530,0.0,0.0
2017-03-08 00:00:00-05:00,392.0,403.20001220703125,390.6000061035156,393.3999938964844,428,0.0,0.0
2017-03-09 00:00:00-05:00,401.79998779296875,401.79998779296875,390.6000061035156,392.0,259,0.0,0.0
2017-03-10 00:00:00-05:00,387.79998779296875,399.0,387.79998779296875,392.0,164,0.0,0.0
2017-03-13 00:00:00-04:00,399.0,400.3999938964844,389.20001220703125,399.0,234,0.0,0.0
2017-03-14 00:00:00-04:00,403.20001220703125,434.0,393.3999938964844,415.79998779296875,606,0.0,0.0
2017-03-15 00:00:00-04:00,429.79998779296875,473.20001220703125,408.79998779296875,410.20001220703125,2195,0.0,0.0
2017-03-16 00:00:00-04:00,434.0,441.0,415.79998779296875,417.20001220703125,619,0.0,0.0
2017-03-17 00:00:00-04:00,420.0,452.20001220703125,420.0,436.79998779296875,998,0.0,0.0
2017-03-20 00:00:00-04:00,448.0,462.0,414.3999938964844,420.0,904,0.0,0.0
2017-03-21 00:00:00-04:00,439.6000061035156,439.6000061035156,406.0,418.6000061035156,603,0.0,0.0
2017-03-22 00:00:00-04:00,434.0,434.0,392.0,392.0,903,0.0,0.0
2017-03-23 00:00:00-04:00,394.79998779296875,427.0,394.79998779296875,406.0,644,0.0,0.0
2017-03-24 00:00:00-04:00,417.20001220703125,418.6000061035156,281.3999938964844,310.79998779296875,5102,0.0,0.0
2017-03-27 00:00:00-04:00,322.0,329.0,282.79998779296875,299.6000061035156,1924,0.0,0.0
2017-03-28 00:00:00-04:00,313.6000061035156,322.0,294.0,305.20001220703125,1991,0.0,0.0
2017-03-29 00:00:00-04:00,322.0,348.6000061035156,305.20001220703125,309.3999938964844,1757,0.0,0.0
2017-03-30 00:00:00-04:00,364.0,392.0,322.0,344.3999938964844,6855,0.0,0.0
2017-03-31 00:00:00-04:00,355.6000061035156,357.0,296.79998779296875,302.3999938964844,4451,0.0,0.0
2017-04-03 00:00:00-04:00,320.6000061035156,322.0,295.3999938964844,303.79998779296875,1998,0.0,0.0
2017-04-04 00:00:00-04:00,305.20001220703125,320.6000061035156,282.79998779296875,287.0,2758,0.0,0.0
2017-04-05 00:00:00-04:00,282.79998779296875,288.3999938964844,254.8000030517578,267.3999938964844,2971,0.0,0.0
2017-04-06 00:00:00-04:00,266.0,285.6000061035156,259.0,280.0,1327,0.0,0.0
2017-04-07 00:00:00-04:00,308.0,308.0,280.0,292.6000061035156,2142,0.0,0.0
2017-04-10 00:00:00-04:00,308.0,315.0,294.0,301.0,2161,0.0,0.0
2017-04-11 00:00:00-04:00,308.0,308.0,288.3999938964844,291.20001220703125,1318,0.0,0.0
2017-04-12 00:00:00-04:00,280.0,294.0,278.6000061035156,284.20001220703125,964,0.0,0.0
2017-04-13 00:00:00-04:00,280.0,287.0,268.79998779296875,280.0,1622,0.0,0.0
2017-04-17 00:00:00-04:00,280.0,287.0,273.0,277.20001220703125,1405,0.0,0.0
2017-04-18 00:00:00-04:00,280.0,280.0,267.3999938964844,271.6000061035156,897,0.0,0.0
2017-04-19 00:00:00-04:00,275.79998779296875,275.79998779296875,261.79998779296875,266.0,1137,0.0,0.0
2017-04-20 00:00:00-04:00,280.0,280.0,259.0,273.0,879,0.0,0.0
2017-04-21 00:00:00-04:00,273.0,277.20001220703125,267.3999938964844,270.20001220703125,514,0.0,0.0
2017-04-24 00:00:00-04:00,280.0,280.0,260.3999938964844,266.0,795,0.0,0.0
2017-04-25 00:00:00-04:00,261.79998779296875,270.20001220703125,224.0,252.0,1674,0.0,0.0
2017-04-26 00:00:00-04:00,256.20001220703125,259.0,226.8000030517578,256.20001220703125,1722,0.0,0.0
2017-04-27 00:00:00-04:00,260.3999938964844,273.0,245.0,268.79998779296875,1384,0.0,0.0
2017-04-28 00:00:00-04:00,273.0,273.0,252.0,260.3999938964844,993,0.0,0.0
2017-05-01 00:00:00-04:00,260.3999938964844,260.3999938964844,239.39999389648438,250.60000610351562,705,0.0,0.0
2017-05-02 00:00:00-04:00,260.3999938964844,260.3999938964844,243.60000610351562,256.20001220703125,803,0.0,0.0
2017-05-03 00:00:00-04:00,254.8000030517578,259.0,245.0,252.0,436,0.0,0.0
2017-05-04 00:00:00-04:00,261.79998779296875,291.20001220703125,252.0,257.6000061035156,1855,0.0,0.0
2017-05-05 00:00:00-04:00,253.39999389648438,259.0,245.0,253.39999389648438,705,0.0,0.0
2017-05-08 00:00:00-04:00,252.0,253.39999389648438,245.0,246.39999389648438,472,0.0,0.0
2017-05-09 00:00:00-04:00,252.0,280.0,245.0,259.0,1030,0.0,0.0
2017-05-10 00:00:00-04:00,259.0,280.0,253.39999389648438,270.20001220703125,1159,0.0,0.0
2017-05-11 00:00:00-04:00,275.79998779296875,336.0,266.0,320.6000061035156,4927,0.0,0.0
2017-05-12 00:00:00-04:00,350.0,392.0,254.8000030517578,284.20001220703125,8451,0.0,0.0
2017-05-15 00:00:00-04:00,289.79998779296875,291.20001220703125,252.0,253.39999389648438,1897,0.0,0.0
2017-05-16 00:00:00-04:00,253.39999389648438,264.6000061035156,236.60000610351562,245.0,2600,0.0,0.0
2017-05-17 00:00:00-04:00,249.1999969482422,249.1999969482422,226.8000030517578,231.0,1638,0.0,0.0
2017-05-18 00:00:00-04:00,238.0,259.0,231.0,246.39999389648438,1841,0.0,0.0
2017-05-19 00:00:00-04:00,252.0,280.0,242.1999969482422,242.1999969482422,2184,0.0,0.0
2017-05-22 00:00:00-04:00,264.6000061035156,264.6000061035156,245.0,249.1999969482422,415,0.0,0.0
2017-05-23 00:00:00-04:00,245.0,249.1999969482422,238.0,240.8000030517578,771,0.0,0.0
2017-05-24 00:00:00-04:00,245.0,245.0,235.1999969482422,240.8000030517578,996,0.0,0.0
2017-05-25 00:00:00-04:00,238.0,243.60000610351562,235.1999969482422,242.1999969482422,531,0.0,0.0
2017-05-26 00:00:00-04:00,246.39999389648438,246.39999389648438,203.0,210.0,3761,0.0,0.0
2017-05-30 00:00:00-04:00,231.0,231.0,187.60000610351562,190.39999389648438,2598,0.0,0.0
2017-05-31 00:00:00-04:00,172.1999969482422,190.39999389648438,155.39999389648438,173.60000610351562,3052,0.0,0.0
2017-06-01 00:00:00-04:00,162.39999389648438,175.0,154.0,156.8000030517578,2726,0.0,0.0
2017-06-02 00:00:00-04:00,175.0,175.0,158.1999969482422,170.8000030517578,2037,0.0,0.0
2017-06-05 00:00:00-04:00,179.1999969482422,210.0,163.8000030517578,189.0,5057,0.0,0.0
2017-06-06 00:00:00-04:00,194.60000610351562,194.60000610351562,172.1999969482422,173.60000610351562,1964,0.0,0.0
2017-06-07 00:00:00-04:00,180.60000610351562,189.0,172.1999969482422,177.8000030517578,1432,0.0,0.0
2017-06-08 00:00:00-04:00,179.1999969482422,179.1999969482422,163.8000030517578,172.1999969482422,1667,0.0,0.0
2017-06-09 00:00:00-04:00,173.60000610351562,186.1999969482422,163.8000030517578,172.1999969482422,2439,0.0,0.0
2017-06-12 00:00:00-04:00,172.1999969482422,177.8000030517578,165.1999969482422,172.1999969482422,827,0.0,0.0
2017-06-13 00:00:00-04:00,176.39999389648438,180.60000610351562,172.1999969482422,172.1999969482422,681,0.0,0.0
2017-06-14 00:00:00-04:00,196.0,203.0,175.0,182.0,3125,0.0,0.0
2017-06-15 00:00:00-04:00,180.60000610351562,186.1999969482422,169.39999389648438,180.60000610351562,998,0.0,0.0
2017-06-16 00:00:00-04:00,186.1999969482422,186.1999969482422,175.0,182.0,826,0.0,0.0
2017-06-19 00:00:00-04:00,182.0,182.0,175.0,176.39999389648438,669,0.0,0.0
2017-06-20 00:00:00-04:00,175.0,246.39999389648438,170.8000030517578,212.8000030517578,12839,0.0,0.0
2017-06-21 00:00:00-04:00,228.1999969482422,245.0,210.0,226.8000030517578,6789,0.0,0.0
2017-06-22 00:00:00-04:00,280.0,406.0,271.6000061035156,358.3999938964844,43166,0.0,0.0
2017-06-23 00:00:00-04:00,350.0,352.79998779296875,231.0,239.39999389648438,16136,0.0,0.0
2017-06-26 00:00:00-04:00,263.20001220703125,308.0,263.20001220703125,278.6000061035156,9908,0.0,0.0
2017-06-27 00:00:00-04:00,263.20001220703125,280.0,252.0,268.79998779296875,6171,0.0,0.0
2017-06-28 00:00:00-04:00,350.0,404.6000061035156,292.6000061035156,309.3999938964844,19629,0.0,0.0
2017-06-29 00:00:00-04:00,289.79998779296875,308.0,259.0,287.0,7471,0.0,0.0
2017-06-30 00:00:00-04:00,280.0,280.0,266.0,270.20001220703125,3018,0.0,0.0
2017-07-03 00:00:00-04:00,268.79998779296875,270.20001220703125,259.0,266.0,1659,0.0,0.0
2017-07-05 00:00:00-04:00,278.6000061035156,278.6000061035156,238.0,252.0,3161,0.0,0.0
2017-07-06 00:00:00-04:00,252.0,252.0,217.0,235.1999969482422,3540,0.0,0.0
2017-07-07 00:00:00-04:00,238.0,238.0,221.1999969482422,224.0,1487,0.0,0.0
2017-07-10 00:00:00-04:00,221.1999969482422,228.1999969482422,210.0,219.8000030517578,1899,0.0,0.0
2017-07-11 00:00:00-04:00,231.0,231.0,182.0,183.39999389648438,6318,0.0,0.0
2017-07-12 00:00:00-04:00,182.0,206.9199981689453,136.63999938964844,166.32000732421875,5634,0.0,0.04
2017-07-13 00:00:00-04:00,172.47999572753906,294.0,156.8000030517578,274.9599914550781,17636,0.0,0.0
2017-07-14 00:00:00-04:00,263.20001220703125,369.6000061035156,226.8000030517578,255.36000061035156,89355,0.0,0.0
2017-07-17 00:00:00-04:00,249.1999969482422,249.1999969482422,218.9600067138672,220.0800018310547,10711,0.0,0.0
2017-07-18 00:00:00-04:00,217.83999633789062,237.44000244140625,215.8800048828125,218.39999389648438,5946,0.0,0.0
2017-07-19 00:00:00-04:00,216.72000122070312,248.0800018310547,203.83999633789062,233.5760040283203,5571,0.0,0.0
2017-07-20 00:00:00-04:00,246.39999389648438,262.6400146484375,235.47999572753906,244.16000366210938,5736,0.0,0.0
2017-07-21 00:00:00-04:00,243.60000610351562,308.0,215.60000610351562,257.0400085449219,18229,0.0,0.0
2017-07-24 00:00:00-04:00,240.8000030517578,257.6000061035156,219.52000427246094,244.72000122070312,1695,0.0,0.0
2017-07-25 00:00:00-04:00,243.0399932861328,254.74400329589844,240.8000030517578,243.60000610351562,1464,0.0,0.0
2017-07-26 00:00:00-04:00,243.0399932861328,264.8800048828125,243.0399932861328,260.9599914550781,1957,0.0,0.0
2017-07-27 00:00:00-04:00,266.55999755859375,285.0400085449219,249.1999969482422,259.8399963378906,8645,0.0,0.0
2017-07-28 00:00:00-04:00,257.6000061035156,294.0,257.6000061035156,280.33599853515625,9566,0.0,0.0
2017-07-31 00:00:00-04:00,280.0,307.44000244140625,269.9200134277344,285.6000061035156,9193,0.0,0.0
2017-08-01 00:00:00-04:00,283.3599853515625,296.79998779296875,274.3999938964844,296.79998779296875,4114,0.0,0.0
2017-08-02 00:00:00-04:00,297.3599853515625,300.1600036621094,268.239990234375,284.4800109863281,4234,0.0,0.0
2017-08-03 00:00:00-04:00,281.67999267578125,283.9200134277344,268.79998779296875,280.0,1455,0.0,0.0
2017-08-04 00:00:00-04:00,283.9200134277344,283.9200134277344,268.239990234375,271.6000061035156,2057,0.0,0.0
2017-08-07 00:00:00-04:00,271.6000061035156,292.32000732421875,268.79998779296875,292.32000732421875,2439,0.0,0.0
2017-08-08 00:00:00-04:00,290.0799865722656,292.32000732421875,269.3599853515625,269.3599853515625,2902,0.0,0.0
2017-08-09 00:00:00-04:00,280.0,280.0,265.21600341796875,272.1600036621094,820,0.0,0.0
2017-08-10 00:00:00-04:00,272.1600036621094,273.2799987792969,232.9600067138672,263.20001220703125,2373,0.0,0.0
2017-08-11 00:00:00-04:00,280.0,280.0,239.1199951171875,242.47999572753906,1825,0.0,0.0
2017-08-14 00:00:00-04:00,248.0800018310547,263.20001220703125,235.75999450683594,247.52000427246094,4048,0.0,0.0
2017-08-15 00:00:00-04:00,258.7200012207031,260.3999938964844,221.1999969482422,224.55999755859375,2966,0.0,0.0
2017-08-16 00:00:00-04:00,225.67999267578125,241.36000061035156,213.36000061035156,216.72000122070312,2982,0.0,0.0
2017-08-17 00:00:00-04:00,216.72000122070312,220.63999938964844,208.32000732421875,213.9199981689453,1213,0.0,0.0
2017-08-18 00:00:00-04:00,213.9199981689453,213.9199981689453,187.60000610351562,198.8000030517578,2423,0.0,0.0
2017-08-21 00:00:00-04:00,199.36000061035156,206.9199981689453,199.36000061035156,199.9199981689453,1089,0.0,0.0
2017-08-22 00:00:00-04:00,199.36000061035156,221.1999969482422,198.8000030517578,218.39999389648438,2127,0.0,0.0
2017-08-23 00:00:00-04:00,221.75999450683594,221.75999450683594,212.8000030517578,213.0800018310547,984,0.0,0.0
2017-08-24 00:00:00-04:00,209.44000244140625,222.8800048828125,199.36000061035156,222.8800048828125,945,0.0,0.0
2017-08-25 00:00:00-04:00,219.52000427246094,237.44000244140625,218.39999389648438,232.39999389648438,1666,0.0,0.0
2017-08-28 00:00:00-04:00,237.44000244140625,237.44000244140625,226.8000030517578,231.27999877929688,1036,0.0,0.0
2017-08-29 00:00:00-04:00,229.60000610351562,237.44000244140625,229.60000610351562,234.63999938964844,863,0.0,0.0
2017-08-30 00:00:00-04:00,232.39999389648438,243.0399932861328,232.39999389648438,235.1999969482422,739,0.0,0.0
2017-08-31 00:00:00-04:00,240.8000030517578,243.0399932861328,231.72799682617188,237.44000244140625,1014,0.0,0.0
2017-09-01 00:00:00-04:00,241.36000061035156,257.0400085449219,228.8719940185547,245.83999633789062,1466,0.0,0.0
2017-09-05 00:00:00-04:00,243.0399932861328,267.67999267578125,236.32000732421875,250.32000732421875,2270,0.0,0.0
2017-09-06 00:00:00-04:00,246.39999389648438,266.0,246.39999389648438,254.8000030517578,1534,0.0,0.0
2017-09-07 00:00:00-04:00,257.6000061035156,268.79998779296875,252.0,252.55999755859375,1734,0.0,0.0
2017-09-08 00:00:00-04:00,259.2799987792969,260.2879943847656,252.55999755859375,255.36000061035156,282,0.0,0.0
2017-09-11 00:00:00-04:00,255.36000061035156,260.7919921875,248.9199981689453,252.0,580,0.0,0.0
2017-09-12 00:00:00-04:00,248.63999938964844,253.62399291992188,229.60000610351562,240.24000549316406,1675,0.0,0.0
2017-09-13 00:00:00-04:00,238.55999755859375,238.55999755859375,210.0,216.16000366210938,2039,0.0,0.0
2017-09-14 00:00:00-04:00,218.39999389648438,228.47999572753906,207.1999969482422,209.44000244140625,1514,0.0,0.0
2017-09-15 00:00:00-04:00,211.1199951171875,217.55999755859375,204.9600067138672,206.63999938964844,1773,0.0,0.0
2017-09-18 00:00:00-04:00,206.63999938964844,212.74400329589844,193.75999450683594,198.8000030517578,1729,0.0,0.0
2017-09-19 00:00:00-04:00,198.8000030517578,207.1999969482422,188.16000366210938,190.39999389648438,2529,0.0,0.0
2017-09-20 00:00:00-04:00,188.16000366210938,203.2239990234375,187.60000610351562,197.1199951171875,1496,0.0,0.0
2017-09-21 00:00:00-04:00,201.60000610351562,210.0,197.73599243164062,201.0399932861328,2368,0.0,0.0
2017-09-22 00:00:00-04:00,199.36000061035156,202.66400146484375,180.32000732421875,192.63999938964844,3125,0.0,0.0
2017-09-25 00:00:00-04:00,188.16000366210938,192.0800018310547,181.44000244140625,184.24000549316406,1580,0.0,0.0
2017-09-26 00:00:00-04:00,182.0,189.11199951171875,175.27999877929688,180.8800048828125,991,0.0,0.0
2017-09-27 00:00:00-04:00,179.1999969482422,179.1999969482422,165.1999969482422,165.75999450683594,4605,0.0,0.0
2017-09-28 00:00:00-04:00,165.75999450683594,165.75999450683594,119.33599853515625,126.0,10814,0.0,0.0
2017-09-29 00:00:00-04:00,128.24000549316406,148.39999389648438,120.4000015258789,123.76000213623047,10309,0.0,0.0
2017-10-02 00:00:00-04:00,123.19999694824219,131.60000610351562,119.27999877929688,124.87999725341797,4296,0.0,0.0
2017-10-03 00:00:00-04:00,137.1999969482422,140.55999755859375,123.76000213623047,125.44000244140625,8691,0.0,0.0
2017-10-04 00:00:00-04:00,125.44000244140625,129.7519989013672,120.95999908447266,125.44000244140625,3966,0.0,0.0
2017-10-05 00:00:00-04:00,123.19999694824219,132.16000366210938,122.08000183105469,126.0,3802,0.0,0.0
2017-10-06 00:00:00-04:00,126.0,148.39999389648438,126.0,141.1199951171875,14705,0.0,0.0
2017-10-09 00:00:00-04:00,154.0,221.1999969482422,153.44000244140625,161.83999633789062,125161,0.0,0.0
2017-10-10 00:00:00-04:00,177.52000427246094,177.52000427246094,148.39999389648438,157.9199981689453,15141,0.0,0.0
2017-10-11 00:00:00-04:00,172.47999572753906,175.27999877929688,150.0800018310547,156.8000030517578,12395,0.0,0.0
2017-10-12 00:00:00-04:00,151.75999450683594,154.0,134.39999389648438,140.55999755859375,9743,0.0,0.0
2017-10-13 00:00:00-04:00,139.44000244140625,143.3040008544922,126.0,132.16000366210938,6482,0.0,0.0
2017-10-16 00:00:00-04:00,132.16000366210938,136.0800018310547,123.19999694824219,126.55999755859375,4318,0.0,0.0
2017-10-17 00:00:00-04:00,125.44000244140625,141.1199951171875,123.76000213623047,131.60000610351562,8584,0.0,0.0
2017-10-18 00:00:00-04:00,129.9199981689453,141.06399536132812,126.55999755859375,134.9600067138672,6020,0.0,0.0
2017-10-19 00:00:00-04:00,134.39999389648438,134.39999389648438,130.47999572753906,132.72000122070312,1773,0.0,0.0
2017-10-20 00:00:00-04:00,131.0399932861328,136.0800018310547,125.44000244140625,131.60000610351562,6764,0.0,0.0
2017-10-23 00:00:00-04:00,130.47999572753906,132.72000122070312,126.55999755859375,131.0399932861328,3039,0.0,0.0
2017-10-24 00:00:00-04:00,131.0399932861328,131.60000610351562,127.12000274658203,128.24000549316406,1807,0.0,0.0
2017-10-25 00:00:00-04:00,128.8000030517578,129.9199981689453,127.68000030517578,127.68000030517578,1795,0.0,0.0
2017-10-26 00:00:00-04:00,127.12000274658203,143.9199981689453,126.55999755859375,129.36000061035156,12248,0.0,0.0
2017-10-27 00:00:00-04:00,128.8000030517578,133.2239990234375,124.87999725341797,127.12000274658203,5338,0.0,0.0
2017-10-30 00:00:00-04:00,132.72000122070312,138.8800048828125,128.8000030517578,134.9600067138672,10105,0.0,0.0
2017-10-31 00:00:00-04:00,132.16000366210938,147.83999633789062,128.8000030517578,138.8800048828125,19079,0.0,0.0
2017-11-01 00:00:00-04:00,140.55999755859375,146.72000122070312,136.63999938964844,138.8800048828125,5584,0.0,0.0
2017-11-02 00:00:00-04:00,138.8800048828125,156.8000030517578,137.53599548339844,154.0,12318,0.0,0.0
2017-11-03 00:00:00-04:00,159.60000610351562,163.52000427246094,142.8000030517578,151.75999450683594,8866,0.0,0.0
2017-11-06 00:00:00-05:00,151.75999450683594,159.0399932861328,143.41600036621094,151.75999450683594,5248,0.0,0.0
2017-11-07 00:00:00-05:00,150.63999938964844,151.75999450683594,145.0399932861328,146.72000122070312,3021,0.0,0.0
2017-11-08 00:00:00-05:00,151.1999969482422,155.67999267578125,147.27999877929688,154.55999755859375,3607,0.0,0.0
2017-11-09 00:00:00-05:00,158.47999572753906,176.39999389648438,154.0,166.8800048828125,17764,0.0,0.0
2017-11-10 00:00:00-05:00,176.39999389648438,187.0399932861328,147.33599853515625,170.8000030517578,22268,0.0,0.0
2017-11-13 00:00:00-05:00,169.1199951171875,174.72000122070312,168.0,169.67999267578125,4443,0.0,0.0
2017-11-14 00:00:00-05:00,169.1199951171875,169.67999267578125,152.32000732421875,155.1199951171875,3839,0.0,0.0
2017-11-15 00:00:00-05:00,151.1999969482422,153.44000244140625,142.8000030517578,148.9600067138672,2930,0.0,0.0
2017-11-16 00:00:00-05:00,151.1999969482422,159.60000610351562,151.1999969482422,155.67999267578125,1523,0.0,0.0
2017-11-17 00:00:00-05:00,154.0,161.72799682617188,152.32000732421875,159.60000610351562,1877,0.0,0.0
2017-11-20 00:00:00-05:00,162.39999389648438,173.0399932861328,156.91200256347656,160.16000366210938,3704,0.0,0.0
2017-11-21 00:00:00-05:00,160.16000366210938,165.75999450683594,156.24000549316406,161.27999877929688,1613,0.0,0.0
2017-11-22 00:00:00-05:00,163.52000427246094,165.1999969482422,158.47999572753906,164.63999938964844,1821,0.0,0.0
2017-11-24 00:00:00-05:00,164.63999938964844,166.20799255371094,157.41600036621094,162.9600067138672,950,0.0,0.0
2017-11-27 00:00:00-05:00,161.83999633789062,165.03199768066406,158.47999572753906,162.39999389648438,3014,0.0,0.0
2017-11-28 00:00:00-05:00,165.1999969482422,166.8800048828125,145.656005859375,152.26400756835938,4980,0.0,0.0
2017-11-29 00:00:00-05:00,148.9600067138672,158.47999572753906,146.16000366210938,149.52000427246094,1614,0.0,0.0
2017-11-30 00:00:00-05:00,147.50399780273438,157.36000061035156,137.75999450683594,146.72000122070312,3505,0.0,0.0
2017-12-01 00:00:00-05:00,147.27999877929688,147.27999877929688,136.0800018310547,138.8800048828125,3455,0.0,0.0
2017-12-04 00:00:00-05:00,143.36000061035156,144.4239959716797,131.0399932861328,131.60000610351562,3223,0.0,0.0
2017-12-05 00:00:00-05:00,134.39999389648438,134.39999389648438,121.57599639892578,125.44000244140625,4077,0.0,0.0
2017-12-06 00:00:00-05:00,124.87999725341797,143.9199981689453,123.19999694824219,137.1999969482422,6929,0.0,0.0
2017-12-07 00:00:00-05:00,135.52000427246094,138.8800048828125,131.60000610351562,135.52000427246094,2616,0.0,0.0
2017-12-08 00:00:00-05:00,136.0800018310547,136.0800018310547,126.0,129.7519989013672,4954,0.0,0.0
2017-12-11 00:00:00-05:00,129.36000061035156,131.60000610351562,126.0,131.0399932861328,3605,0.0,0.0
2017-12-12 00:00:00-05:00,131.0399932861328,131.0399932861328,106.4000015258789,106.95999908447266,8675,0.0,0.0
2017-12-13 00:00:00-05:00,122.63999938964844,126.0,115.36000061035156,122.63999938964844,7155,0.0,0.0
2017-12-14 00:00:00-05:00,123.19999694824219,128.1840057373047,120.4000015258789,127.12000274658203,9648,0.0,0.0
2017-12-15 00:00:00-05:00,132.16000366210938,142.52000427246094,128.8000030517578,138.32000732421875,12184,0.0,0.0
2017-12-18 00:00:00-05:00,155.67999267578125,155.67999267578125,131.60000610351562,136.63999938964844,10443,0.0,0.0
2017-12-19 00:00:00-05:00,134.39999389648438,134.9040069580078,123.98400115966797,131.60000610351562,5725,0.0,0.0
2017-12-20 00:00:00-05:00,132.72000122070312,133.16799926757812,127.12000274658203,129.9199981689453,1975,0.0,0.0
2017-12-21 00:00:00-05:00,129.9199981689453,138.26400756835938,128.8000030517578,134.9600067138672,4127,0.0,0.0
2017-12-22 00:00:00-05:00,134.39999389648438,136.0240020751953,126.0,131.60000610351562,4066,0.0,0.0
2017-12-26 00:00:00-05:00,131.60000610351562,135.46400451660156,126.0,132.72000122070312,4580,0.0,0.0
2017-12-27 00:00:00-05:00,133.27999877929688,133.83999633789062,131.0399932861328,131.60000610351562,1393,0.0,0.0
2017-12-28 00:00:00-05:00,131.0399932861328,138.32000732421875,126.55999755859375,136.0800018310547,7859,0.0,0.0
2017-12-29 00:00:00-05:00,138.32000732421875,145.60000610351562,134.39999389648438,137.75999450683594,6079,0.0,0.0
2018-01-02 00:00:00-05:00,145.60000610351562,154.0,140.0,151.1999969482422,11329,0.0,0.0
2018-01-03 00:00:00-05:00,151.1999969482422,151.1999969482422,138.8800048828125,145.60000610351562,6311,0.0,0.0
2018-01-04 00:00:00-05:00,145.60000610351562,145.60000610351562,138.32000732421875,140.0,4684,0.0,0.0
2018-01-05 00:00:00-05:00,151.75999450683594,159.60000610351562,141.67999267578125,146.72000122070312,17839,0.0,0.0
2018-01-08 00:00:00-05:00,150.0800018310547,155.67999267578125,138.4320068359375,151.75999450683594,7739,0.0,0.0
2018-01-09 00:00:00-05:00,156.8000030517578,170.24000549316406,154.0,165.1999969482422,18204,0.0,0.0
2018-01-10 00:00:00-05:00,168.0,168.27999877929688,145.60000610351562,150.0800018310547,9600,0.0,0.0
2018-01-11 00:00:00-05:00,148.39999389648438,155.1199951171875,144.47999572753906,150.63999938964844,4330,0.0,0.0
2018-01-12 00:00:00-05:00,150.0800018310547,154.0,137.1999969482422,140.55999755859375,6918,0.0,0.0
2018-01-16 00:00:00-05:00,139.44000244140625,140.0,132.72000122070312,133.83999633789062,5868,0.0,0.0
2018-01-17 00:00:00-05:00,135.52000427246094,135.52000427246094,127.12000274658203,130.47999572753906,7509,0.0,0.0
2018-01-18 00:00:00-05:00,129.36000061035156,143.86399841308594,128.8000030517578,136.63999938964844,11448,0.0,0.0
2018-01-19 00:00:00-05:00,136.63999938964844,137.1999969482422,132.16000366210938,132.72000122070312,3011,0.0,0.0
2018-01-22 00:00:00-05:00,134.39999389648438,134.9040069580078,127.68000030517578,133.27999877929688,5779,0.0,0.0
2018-01-23 00:00:00-05:00,133.27999877929688,133.27999877929688,128.24000549316406,128.24000549316406,5120,0.0,0.0
2018-01-24 00:00:00-05:00,129.36000061035156,147.27999877929688,128.8000030517578,143.9199981689453,18386,0.0,0.0
2018-01-25 00:00:00-05:00,146.16000366210938,146.16000366210938,135.52000427246094,142.24000549316406,6930,0.0,0.0
2018-01-26 00:00:00-05:00,141.67999267578125,141.67999267578125,135.52000427246094,136.63999938964844,2088,0.0,0.0
2018-01-29 00:00:00-05:00,137.75999450683594,138.8800048828125,128.8000030517578,134.39999389648438,4548,0.0,0.0
2018-01-30 00:00:00-05:00,133.27999877929688,133.447998046875,129.9199981689453,130.47999572753906,1980,0.0,0.0
2018-01-31 00:00:00-05:00,132.16000366210938,133.27999877929688,122.63999938964844,126.55999755859375,11579,0.0,0.0
2018-02-01 00:00:00-05:00,125.44000244140625,133.2239990234375,124.31999969482422,129.9199981689453,7075,0.0,0.0
2018-02-02 00:00:00-05:00,133.27999877929688,133.27999877929688,126.0,132.16000366210938,4550,0.0,0.0
2018-02-05 00:00:00-05:00,129.9199981689453,132.72000122070312,126.55999755859375,128.24000549316406,3404,0.0,0.0
2018-02-06 00:00:00-05:00,128.24000549316406,136.0800018310547,124.31999969482422,130.47999572753906,10245,0.0,0.0
2018-02-07 00:00:00-05:00,131.60000610351562,131.60000610351562,126.61599731445312,129.9199981689453,4289,0.0,0.0
2018-02-08 00:00:00-05:00,129.36000061035156,129.6959991455078,123.19999694824219,124.31999969482422,3763,0.0,0.0
2018-02-09 00:00:00-05:00,124.31999969482422,127.12000274658203,116.4800033569336,121.23999786376953,4577,0.0,0.0
2018-02-12 00:00:00-05:00,121.5199966430664,127.06400299072266,121.12799835205078,124.31999969482422,2098,0.0,0.0
2018-02-13 00:00:00-05:00,122.08000183105469,125.38400268554688,120.95999908447266,122.08000183105469,2100,0.0,0.0
2018-02-14 00:00:00-05:00,122.08000183105469,127.8479995727539,121.57599639892578,125.44000244140625,3025,0.0,0.0
2018-02-15 00:00:00-05:00,124.87999725341797,127.68000030517578,123.19999694824219,124.87999725341797,1841,0.0,0.0
2018-02-16 00:00:00-05:00,123.76000213623047,131.60000610351562,123.53600311279297,130.47999572753906,3591,0.0,0.0
2018-02-20 00:00:00-05:00,128.8000030517578,134.39999389648438,128.8000030517578,131.0399932861328,4636,0.0,0.0
2018-02-21 00:00:00-05:00,156.8000030517578,164.63999938964844,123.25599670410156,126.0,64518,0.0,0.0
2018-02-22 00:00:00-05:00,127.68000030517578,128.8000030517578,122.08000183105469,124.31999969482422,10491,0.0,0.0
2018-02-23 00:00:00-05:00,126.0,128.24000549316406,123.19999694824219,126.0,12491,0.0,0.0
2018-02-26 00:00:00-05:00,126.0,126.0,121.5199966430664,123.19999694824219,6304,0.0,0.0
2018-02-27 00:00:00-05:00,124.31999969482422,131.60000610351562,123.19999694824219,124.31999969482422,7432,0.0,0.0
2018-02-28 00:00:00-05:00,122.63999938964844,125.38400268554688,120.4000015258789,122.63999938964844,4598,0.0,0.0
2018-03-01 00:00:00-05:00,124.31999969482422,124.31999969482422,122.08000183105469,122.63999938964844,2273,0.0,0.0
2018-03-02 00:00:00-05:00,122.63999938964844,123.19999694824219,122.08000183105469,123.19999694824219,3021,0.0,0.0
2018-03-05 00:00:00-05:00,123.19999694824219,128.8000030517578,121.5199966430664,124.93599700927734,5655,0.0,0.0
2018-03-06 00:00:00-05:00,126.55999755859375,131.0959930419922,123.87200164794922,129.9199981689453,9768,0.0,0.0
2018-03-07 00:00:00-05:00,128.8000030517578,134.9600067138672,127.68000030517578,131.0399932861328,10596,0.0,0.0
2018-03-08 00:00:00-05:00,128.8000030517578,128.8000030517578,122.63999938964844,123.76000213623047,8461,0.0,0.0
2018-03-09 00:00:00-05:00,125.44000244140625,128.24000549316406,124.31999969482422,128.24000549316406,2852,0.0,0.0
2018-03-12 00:00:00-04:00,128.8000030517578,130.47999572753906,125.44000244140625,129.9199981689453,3014,0.0,0.0
2018-03-13 00:00:00-04:00,129.36000061035156,131.60000610351562,128.24000549316406,129.9199981689453,2561,0.0,0.0
2018-03-14 00:00:00-04:00,129.36000061035156,129.36000061035156,125.44000244140625,127.68000030517578,3389,0.0,0.0
2018-03-15 00:00:00-04:00,127.12000274658203,127.68000030517578,125.44000244140625,125.44000244140625,1886,0.0,0.0
2018-03-16 00:00:00-04:00,125.44000244140625,128.24000549316406,125.44000244140625,126.55999755859375,3316,0.0,0.0
2018-03-19 00:00:00-04:00,127.68000030517578,127.68000030517578,100.80000305175781,104.72000122070312,37543,0.0,0.0
2018-03-20 00:00:00-04:00,110.31999969482422,119.83999633789062,106.68000030517578,110.31999969482422,16613,0.0,0.0
2018-03-21 00:00:00-04:00,110.87999725341797,110.87999725341797,104.72000122070312,106.95999908447266,8659,0.0,0.0
2018-03-22 00:00:00-04:00,104.16000366210938,106.95999908447266,95.19999694824219,98.0,15009,0.0,0.0
2018-03-23 00:00:00-04:00,99.12000274658203,101.36000061035156,70.0,72.23999786376953,38977,0.0,0.0
2018-03-26 00:00:00-04:00,73.36000061035156,74.4800033569336,60.47999954223633,61.040000915527344,24171,0.0,0.0
2018-03-27 00:00:00-04:00,62.15999984741211,62.15999984741211,49.0,53.20000076293945,37043,0.0,0.0
2018-03-28 00:00:00-04:00,54.31999969482422,59.91999816894531,49.0,55.439998626708984,25368,0.0,0.0
2018-03-29 00:00:00-04:00,55.439998626708984,59.36000061035156,53.20000076293945,56.167999267578125,15730,0.0,0.0
2018-04-02 00:00:00-04:00,56.0,57.119998931884766,50.959999084472656,52.63999938964844,10977,0.0,0.0
2018-04-03 00:00:00-04:00,52.69599914550781,53.20000076293945,49.279998779296875,49.84000015258789,8123,0.0,0.0
2018-04-04 00:00:00-04:00,50.959999084472656,55.439998626708984,49.84000015258789,54.992000579833984,21725,0.0,0.0
2018-04-05 00:00:00-04:00,54.880001068115234,56.0,50.736000061035156,51.52000045776367,8748,0.0,0.0
2018-04-06 00:00:00-04:00,50.736000061035156,52.08000183105469,50.400001525878906,51.183998107910156,4432,0.0,0.0
2018-04-09 00:00:00-04:00,52.63999938964844,52.63999938964844,49.84000015258789,50.06399917602539,9105,0.0,0.0
2018-04-10 00:00:00-04:00,51.01599884033203,52.80799865722656,50.400001525878906,52.63999938964844,5263,0.0,0.0
2018-04-11 00:00:00-04:00,52.63999938964844,54.263999938964844,50.400001525878906,50.959999084472656,5073,0.0,0.0
2018-04-12 00:00:00-04:00,50.400001525878906,63.84000015258789,50.400001525878906,61.599998474121094,61239,0.0,0.0
2018-04-13 00:00:00-04:00,36.34400177001953,36.959999084472656,31.920000076293945,34.7760009765625,101268,0.0,0.0
2018-04-16 00:00:00-04:00,34.720001220703125,34.720001220703125,28.559999465942383,29.68000030517578,42059,0.0,0.0
2018-04-17 00:00:00-04:00,30.239999771118164,34.15999984741211,29.1200008392334,33.599998474121094,42355,0.0,0.0
2018-04-18 00:00:00-04:00,33.599998474121094,36.17599868774414,31.360000610351562,32.03200149536133,17652,0.0,0.0
2018-04-19 00:00:00-04:00,33.599998474121094,33.93600082397461,29.1200008392334,30.799999237060547,16438,0.0,0.0
2018-04-20 00:00:00-04:00,30.239999771118164,30.743999481201172,28.615999221801758,29.56800079345703,14320,0.0,0.0
2018-04-23 00:00:00-04:00,29.68000030517578,30.799999237060547,26.8799991607666,28.280000686645508,19809,0.0,0.0
2018-04-24 00:00:00-04:00,28.559999465942383,28.559999465942383,25.479999542236328,26.31999969482422,14368,0.0,0.0
2018-04-25 00:00:00-04:00,26.823999404907227,26.823999404907227,24.695999145507812,25.368000030517578,7589,0.0,0.0
2018-04-26 00:00:00-04:00,25.368000030517578,25.983999252319336,24.75200080871582,25.200000762939453,5225,0.0,0.0
2018-04-27 00:00:00-04:00,25.200000762939453,29.1200008392334,25.200000762939453,27.327999114990234,23486,0.0,0.0
2018-04-30 00:00:00-04:00,27.327999114990234,27.327999114990234,25.760000228881836,25.760000228881836,8943,0.0,0.0
2018-05-01 00:00:00-04:00,25.535999298095703,29.45599937438965,25.256000518798828,27.607999801635742,24566,0.0,0.0
2018-05-02 00:00:00-04:00,27.15999984741211,28.503999710083008,26.600000381469727,27.04800033569336,7579,0.0,0.0
2018-05-03 00:00:00-04:00,26.8799991607666,28.0,25.368000030517578,26.040000915527344,7607,0.0,0.0
2018-05-04 00:00:00-04:00,26.488000869750977,27.440000534057617,25.760000228881836,26.488000869750977,3257,0.0,0.0
2018-05-07 00:00:00-04:00,25.81599998474121,28.0,25.760000228881836,26.8799991607666,6513,0.0,0.0
2018-05-08 00:00:00-04:00,28.0,30.239999771118164,26.93600082397461,28.0,24364,0.0,0.0
2018-05-09 00:00:00-04:00,29.68000030517578,29.68000030517578,25.92799949645996,26.09600067138672,8646,0.0,0.0
2018-05-10 00:00:00-04:00,27.04800033569336,27.15999984741211,21.784000396728516,22.45599937438965,23146,0.0,0.0
2018-05-11 00:00:00-04:00,19.040000915527344,20.719999313354492,17.920000076293945,20.15999984741211,25268,0.0,0.0
2018-05-14 00:00:00-04:00,21.167999267578125,22.288000106811523,19.600000381469727,19.600000381469727,8027,0.0,0.0
2018-05-15 00:00:00-04:00,20.719999313354492,20.719999313354492,18.08799934387207,20.15999984741211,7998,0.0,0.0
2018-05-16 00:00:00-04:00,20.15999984741211,20.719999313354492,19.09600067138672,20.15999984741211,4064,0.0,0.0
2018-05-17 00:00:00-04:00,20.719999313354492,20.719999313354492,19.600000381469727,20.607999801635742,3309,0.0,0.0
2018-05-18 00:00:00-04:00,20.719999313354492,21.11199951171875,20.15999984741211,21.0,3561,0.0,0.0
2018-05-21 00:00:00-04:00,21.280000686645508,28.0,21.0,27.719999313354492,46716,0.0,0.0
2018-05-22 00:00:00-04:00,28.0,40.880001068115234,28.0,30.239999771118164,298148,0.0,0.0
2018-05-23 00:00:00-04:00,29.68000030517578,29.68000030517578,23.520000457763672,25.760000228881836,43075,0.0,0.0
2018-05-24 00:00:00-04:00,25.871999740600586,27.440000534057617,24.079999923706055,27.27199935913086,13105,0.0,0.0
2018-05-25 00:00:00-04:00,26.8799991607666,27.27199935913086,25.200000762939453,27.104000091552734,10196,0.0,0.0
2018-05-29 00:00:00-04:00,24.920000076293945,26.8799991607666,24.920000076293945,25.591999053955078,7563,0.0,0.0
2018-05-30 00:00:00-04:00,24.639999389648438,37.40800094604492,24.639999389648438,36.231998443603516,78239,0.0,0.0
2018-05-31 00:00:00-04:00,37.2400016784668,38.63999938964844,31.920000076293945,33.263999938964844,65354,0.0,0.0
2018-06-01 00:00:00-04:00,29.90399932861328,31.86400032043457,28.280000686645508,28.84000015258789,21066,0.0,0.0
2018-06-04 00:00:00-04:00,28.784000396728516,28.784000396728516,25.760000228881836,27.04800033569336,14141,0.0,0.0
2018-06-05 00:00:00-04:00,26.375999450683594,33.599998474121094,26.152000427246094,29.176000595092773,21434,0.0,0.0
2018-06-06 00:00:00-04:00,30.351999282836914,30.351999282836914,26.375999450683594,28.84000015258789,8275,0.0,0.0
2018-06-07 00:00:00-04:00,28.559999465942383,29.68000030517578,27.496000289916992,28.055999755859375,5225,0.0,0.0
2018-06-08 00:00:00-04:00,28.559999465942383,30.799999237060547,28.055999755859375,28.84000015258789,6891,0.0,0.0
2018-06-11 00:00:00-04:00,28.0,29.399999618530273,28.0,28.672000885009766,3559,0.0,0.0
2018-06-12 00:00:00-04:00,26.992000579833984,33.599998474121094,26.8799991607666,33.040000915527344,28105,0.0,0.0
2018-06-13 00:00:00-04:00,33.040000915527344,33.54399871826172,28.559999465942383,29.624000549316406,15314,0.0,0.0
2018-06-14 00:00:00-04:00,29.68000030517578,31.920000076293945,28.559999465942383,30.799999237060547,11161,0.0,0.0
2018-06-15 00:00:00-04:00,30.07200050354004,32.47999954223633,28.0,31.304000854492188,9961,0.0,0.0
2018-06-18 00:00:00-04:00,32.47999954223633,32.47999954223633,28.11199951171875,29.959999084472656,5618,0.0,0.0
2018-06-19 00:00:00-04:00,29.176000595092773,30.520000457763672,28.0,29.79199981689453,5648,0.0,0.0
2018-06-20 00:00:00-04:00,29.959999084472656,29.959999084472656,28.0,28.615999221801758,7296,0.0,0.0
2018-06-21 00:00:00-04:00,29.68000030517578,29.68000030517578,28.055999755859375,28.559999465942383,4636,0.0,0.0
2018-06-22 00:00:00-04:00,29.1200008392334,29.1200008392334,27.440000534057617,27.440000534057617,4954,0.0,0.0
2018-06-25 00:00:00-04:00,28.0,28.0,25.535999298095703,26.31999969482422,8207,0.0,0.0
2018-06-26 00:00:00-04:00,26.375999450683594,27.944000244140625,26.31999969482422,26.488000869750977,4950,0.0,0.0
2018-06-27 00:00:00-04:00,27.775999069213867,27.775999069213867,26.488000869750977,26.76799964904785,3209,0.0,0.0
2018-06-28 00:00:00-04:00,26.8799991607666,26.8799991607666,24.079999923706055,26.43199920654297,5389,0.0,0.0
2018-06-29 00:00:00-04:00,26.600000381469727,26.600000381469727,25.760000228881836,25.92799949645996,3293,0.0,0.0
2018-07-02 00:00:00-04:00,26.600000381469727,26.600000381469727,24.639999389648438,25.200000762939453,3314,0.0,0.0
2018-07-03 00:00:00-04:00,25.200000762939453,26.600000381469727,24.079999923706055,24.583999633789062,3261,0.0,0.0
2018-07-05 00:00:00-04:00,25.200000762939453,25.200000762939453,23.968000411987305,24.079999923706055,2488,0.0,0.0
2018-07-06 00:00:00-04:00,23.799999237060547,25.143999099731445,22.399999618530273,24.02400016784668,2907,0.0,0.0
2018-07-09 00:00:00-04:00,24.191999435424805,24.191999435424805,22.79199981689453,22.79199981689453,2298,0.0,0.0
2018-07-10 00:00:00-04:00,22.959999084472656,22.959999084472656,21.280000686645508,21.895999908447266,6443,0.0,0.0
2018-07-11 00:00:00-04:00,22.56800079345703,23.464000701904297,21.615999221801758,22.45599937438965,2416,0.0,0.0
2018-07-12 00:00:00-04:00,22.68000030517578,32.47999954223633,22.68000030517578,25.200000762939453,82441,0.0,0.0
2018-07-13 00:00:00-04:00,23.520000457763672,28.0,22.736000061035156,25.648000717163086,13684,0.0,0.0
2018-07-16 00:00:00-04:00,27.440000534057617,29.399999618530273,24.639999389648438,27.607999801635742,14113,0.0,0.0
2018-07-17 00:00:00-04:00,25.81599998474121,29.1200008392334,25.648000717163086,27.440000534057617,3354,0.0,0.0
2018-07-18 00:00:00-04:00,28.280000686645508,28.280000686645508,26.600000381469727,26.6560001373291,3489,0.0,0.0
2018-07-19 00:00:00-04:00,25.479999542236328,27.327999114990234,25.479999542236328,25.92799949645996,2029,0.0,0.0
2018-07-20 00:00:00-04:00,26.31999969482422,26.8799991607666,25.200000762939453,26.31999969482422,3718,0.0,0.0
2018-07-23 00:00:00-04:00,27.440000534057617,27.440000534057617,25.200000762939453,26.43199920654297,1886,0.0,0.0
2018-07-24 00:00:00-04:00,25.760000228881836,26.31999969482422,24.191999435424805,26.040000915527344,4691,0.0,0.0
2018-07-25 00:00:00-04:00,26.43199920654297,26.43199920654297,25.200000762939453,26.040000915527344,4298,0.0,0.0
2018-07-26 00:00:00-04:00,24.079999923706055,24.639999389648438,20.15999984741211,20.719999313354492,12346,0.0,0.0
2018-07-27 00:00:00-04:00,22.45599937438965,22.45599937438965,20.719999313354492,21.336000442504883,6402,0.0,0.0
2018-07-30 00:00:00-04:00,21.280000686645508,21.280000686645508,17.360000610351562,19.040000915527344,10323,0.0,0.0
2018-07-31 00:00:00-04:00,17.360000610351562,20.607999801635742,16.239999771118164,18.479999542236328,11782,0.0,0.0
2018-08-01 00:00:00-04:00,19.20800018310547,20.15999984741211,16.687999725341797,18.760000228881836,2530,0.0,0.0
2018-08-02 00:00:00-04:00,18.760000228881836,20.104000091552734,17.360000610351562,18.92799949645996,13895,0.0,0.0
2018-08-03 00:00:00-04:00,19.54400062561035,19.54400062561035,17.920000076293945,17.920000076293945,2986,0.0,0.0
2018-08-06 00:00:00-04:00,18.368000030517578,18.368000030517578,17.360000610351562,17.695999145507812,2514,0.0,0.0
2018-08-07 00:00:00-04:00,16.91200065612793,18.031999588012695,16.91200065612793,17.02400016784668,3188,0.0,0.0
2018-08-08 00:00:00-04:00,16.799999237060547,17.360000610351562,16.351999282836914,16.799999237060547,2684,0.0,0.0
2018-08-09 00:00:00-04:00,16.799999237060547,18.479999542236328,15.960000038146973,17.079999923706055,5571,0.0,0.0
2018-08-10 00:00:00-04:00,17.24799919128418,17.920000076293945,16.576000213623047,17.02400016784668,2136,0.0,0.0
2018-08-13 00:00:00-04:00,14.0,15.904000282287598,7.392000198364258,11.479999542236328,16748,0.0,0.0
2018-08-14 00:00:00-04:00,13.4399995803833,15.680000305175781,12.039999961853027,13.15999984741211,11918,0.0,0.0
2018-08-15 00:00:00-04:00,14.0,14.0,11.760000228881836,13.04800033569336,7436,0.0,0.0
2018-08-16 00:00:00-04:00,14.0,22.959999084472656,12.319999694824219,17.416000366210938,60152,0.0,0.0
2018-08-17 00:00:00-04:00,16.29599952697754,17.527999877929688,14.84000015258789,16.520000457763672,10338,0.0,0.0
2018-08-20 00:00:00-04:00,16.799999237060547,16.799999237060547,15.119999885559082,16.239999771118164,4670,0.0,0.0
2018-08-21 00:00:00-04:00,16.408000946044922,16.408000946044922,15.119999885559082,15.62399959564209,5068,0.0,0.0
2018-08-22 00:00:00-04:00,15.119999885559082,16.239999771118164,15.119999885559082,15.791999816894531,3173,0.0,0.0
2018-08-23 00:00:00-04:00,15.791999816894531,15.791999816894531,14.5600004196167,15.119999885559082,2873,0.0,0.0
2018-08-24 00:00:00-04:00,15.343999862670898,16.408000946044922,14.5600004196167,15.119999885559082,7464,0.0,0.0
2018-08-27 00:00:00-04:00,15.680000305175781,15.960000038146973,14.5600004196167,14.5600004196167,3880,0.0,0.0
2018-08-28 00:00:00-04:00,14.67199993133545,15.399999618530273,13.32800006866455,15.064000129699707,5168,0.0,0.0
2018-08-29 00:00:00-04:00,15.064000129699707,16.128000259399414,14.5600004196167,15.680000305175781,3288,0.0,0.0
2018-08-30 00:00:00-04:00,15.904000282287598,16.408000946044922,15.119999885559082,15.960000038146973,2763,0.0,0.0
2018-08-31 00:00:00-04:00,16.239999771118164,16.239999771118164,15.119999885559082,15.847999572753906,2936,0.0,0.0
2018-09-04 00:00:00-04:00,16.239999771118164,16.799999237060547,15.119999885559082,15.51200008392334,2261,0.0,0.0
2018-09-05 00:00:00-04:00,15.119999885559082,15.680000305175781,13.4399995803833,15.51200008392334,2411,0.0,0.0
2018-09-06 00:00:00-04:00,15.51200008392334,15.680000305175781,13.4399995803833,14.5600004196167,3352,0.0,0.0
2018-09-07 00:00:00-04:00,14.168000221252441,15.680000305175781,14.168000221252441,14.503999710083008,2152,0.0,0.0
2018-09-10 00:00:00-04:00,15.680000305175781,15.680000305175781,13.496000289916992,14.84000015258789,2139,0.0,0.0
2018-09-11 00:00:00-04:00,18.256000518798828,30.239999771118164,17.360000610351562,21.280000686645508,143318,0.0,0.0
2018-09-12 00:00:00-04:00,24.13599967956543,24.527999877929688,16.29599952697754,17.920000076293945,28295,0.0,0.0
2018-09-13 00:00:00-04:00,17.360000610351562,18.648000717163086,15.680000305175781,16.687999725341797,9666,0.0,0.0
2018-09-14 00:00:00-04:00,15.232000350952148,15.960000038146973,15.119999885559082,15.119999885559082,7375,0.0,0.0
2018-09-17 00:00:00-04:00,14.84000015258789,15.119999885559082,14.0,14.0,9861,0.0,0.0
2018-09-18 00:00:00-04:00,14.84000015258789,15.119999885559082,13.720000267028809,14.0,7116,0.0,0.0
2018-09-19 00:00:00-04:00,14.0,14.84000015258789,13.4399995803833,13.496000289916992,6309,0.0,0.0
2018-09-20 00:00:00-04:00,13.720000267028809,14.392000198364258,12.319999694824219,13.552000045776367,10625,0.0,0.0
2018-09-21 00:00:00-04:00,14.0,14.0,13.15999984741211,13.15999984741211,4693,0.0,0.0
2018-09-24 00:00:00-04:00,14.0,14.0,12.935999870300293,13.552000045776367,3198,0.0,0.0
2018-09-25 00:00:00-04:00,14.0,16.128000259399414,13.4399995803833,15.51200008392334,14177,0.0,0.0
2018-09-26 00:00:00-04:00,27.440000534057617,40.31999969482422,20.719999313354492,23.520000457763672,491377,0.0,0.0
2018-09-27 00:00:00-04:00,22.959999084472656,24.583999633789062,18.479999542236328,20.15999984741211,49868,0.0,0.0
2018-09-28 00:00:00-04:00,21.280000686645508,22.399999618530273,19.600000381469727,21.84000015258789,15002,0.0,0.0
2018-10-01 00:00:00-04:00,21.280000686645508,21.72800064086914,17.360000610351562,18.871999740600586,15932,0.0,0.0
2018-10-02 00:00:00-04:00,17.360000610351562,18.479999542236328,16.29599952697754,17.920000076293945,14339,0.0,0.0
2018-10-03 00:00:00-04:00,16.29599952697754,20.719999313354492,16.239999771118164,19.375999450683594,64220,0.0,0.0
2018-10-04 00:00:00-04:00,17.920000076293945,19.040000915527344,16.799999237060547,18.479999542236328,13232,0.0,0.0
2018-10-05 00:00:00-04:00,17.191999435424805,20.719999313354492,17.191999435424805,20.215999603271484,26046,0.0,0.0
2018-10-08 00:00:00-04:00,20.15999984741211,23.520000457763672,17.360000610351562,19.31999969482422,30514,0.0,0.0
2018-10-09 00:00:00-04:00,19.600000381469727,19.600000381469727,17.920000076293945,19.040000915527344,7039,0.0,0.0
2018-10-10 00:00:00-04:00,18.200000762939453,19.31999969482422,17.360000610351562,17.86400032043457,10864,0.0,0.0
2018-10-11 00:00:00-04:00,16.856000900268555,18.031999588012695,16.799999237060547,17.360000610351562,6045,0.0,0.0
2018-10-12 00:00:00-04:00,17.920000076293945,18.256000518798828,16.799999237060547,17.920000076293945,3395,0.0,0.0
2018-10-15 00:00:00-04:00,17.24799919128418,17.920000076293945,16.799999237060547,17.920000076293945,5168,0.0,0.0
2018-10-16 00:00:00-04:00,16.968000411987305,17.920000076293945,16.799999237060547,17.920000076293945,4639,0.0,0.0
2018-10-17 00:00:00-04:00,16.91200065612793,17.808000564575195,16.799999237060547,17.472000122070312,3654,0.0,0.0
2018-10-18 00:00:00-04:00,16.799999237060547,20.15999984741211,16.799999237060547,19.040000915527344,13375,0.0,0.0
2018-10-19 00:00:00-04:00,17.920000076293945,19.040000915527344,17.360000610351562,18.368000030517578,2000,0.0,0.0
2018-10-22 00:00:00-04:00,18.479999542236328,18.479999542236328,17.75200080871582,18.479999542236328,1411,0.0,0.0
2018-10-23 00:00:00-04:00,17.360000610351562,18.423999786376953,17.360000610351562,17.75200080871582,2459,0.0,0.0
2018-10-24 00:00:00-04:00,17.360000610351562,20.15999984741211,17.360000610351562,18.479999542236328,31295,0.0,0.0
2018-10-25 00:00:00-04:00,18.479999542236328,18.760000228881836,17.416000366210938,17.808000564575195,6307,0.0,0.0
2018-10-26 00:00:00-04:00,18.479999542236328,18.479999542236328,14.616000175476074,14.84000015258789,12973,0.0,0.0
2018-10-29 00:00:00-04:00,15.456000328063965,15.62399959564209,14.5600004196167,14.784000396728516,4407,0.0,0.0
2018-10-30 00:00:00-04:00,15.288000106811523,16.799999237060547,15.119999885559082,15.456000328063965,7348,0.0,0.0
2018-10-31 00:00:00-04:00,16.18400001525879,16.799999237060547,14.727999687194824,15.51200008392334,4150,0.0,0.0
2018-11-01 00:00:00-04:00,15.399999618530273,17.360000610351562,15.399999618530273,17.360000610351562,7259,0.0,0.0
2018-11-02 00:00:00-04:00,15.680000305175781,19.040000915527344,15.399999618530273,18.760000228881836,15173,0.0,0.0
2018-11-05 00:00:00-05:00,19.54400062561035,19.600000381469727,17.472000122070312,18.70400047302246,12111,0.0,0.0
2018-11-06 00:00:00-05:00,17.850000381469727,24.079999923706055,15.539999961853027,16.3799991607666,126257,0.0,0.125
2018-11-07 00:00:00-05:00,15.75,15.75,13.369999885559082,13.930000305175781,19486,0.0,0.0
2018-11-08 00:00:00-05:00,12.670000076293945,14.217000007629395,10.640000343322754,13.012999534606934,9057,0.0,0.0
2018-11-09 00:00:00-05:00,12.390000343322754,14.350000381469727,12.390000343322754,13.376999855041504,25114,0.0,0.0
2018-11-12 00:00:00-05:00,13.300000190734863,18.6200008392334,11.619999885559082,11.970000267028809,126214,0.0,0.0
2018-11-13 00:00:00-05:00,12.180000305175781,12.670000076293945,11.262999534606934,11.550000190734863,9671,0.0,0.0
2018-11-14 00:00:00-05:00,12.25,29.75,11.899999618530273,18.270000457763672,2047529,0.0,0.0
2018-11-15 00:00:00-05:00,17.639999389648438,19.8799991607666,13.300000190734863,14.5600004196167,219743,0.0,0.0
2018-11-16 00:00:00-05:00,15.1899995803833,21.6299991607666,13.859999656677246,16.170000076293945,553057,0.0,0.0
2018-11-19 00:00:00-05:00,16.030000686645508,21.350000381469727,15.75,18.899999618530273,231586,0.0,0.0
2018-11-20 00:00:00-05:00,18.479999542236328,47.4109992980957,17.892000198364258,46.27000045776367,2127957,0.0,0.0
2018-11-21 00:00:00-05:00,45.5,50.2599983215332,28.770000457763672,29.399999618530273,775186,0.0,0.0
2018-11-23 00:00:00-05:00,30.520000457763672,45.9900016784668,28.700000762939453,39.130001068115234,1370186,0.0,0.0
2018-11-26 00:00:00-05:00,39.54999923706055,60.900001525878906,33.25,42.70000076293945,2377457,0.0,0.0
2018-11-27 00:00:00-05:00,47.95000076293945,56.70000076293945,43.81999969482422,46.34000015258789,1810457,0.0,0.0
2018-11-28 00:00:00-05:00,48.93000030517578,54.25,44.59000015258789,49.0,708771,0.0,0.0
2018-11-29 00:00:00-05:00,48.369998931884766,52.5,41.22999954223633,43.959999084472656,196371,0.0,0.0
2018-11-30 00:00:00-05:00,44.2400016784668,45.08700180053711,35.70000076293945,36.81999969482422,133914,0.0,0.0
2018-12-03 00:00:00-05:00,35.560001373291016,36.2599983215332,30.3799991607666,30.3799991607666,72200,0.0,0.0
2018-12-04 00:00:00-05:00,32.7599983215332,42.0,31.010000228881836,33.25,315386,0.0,0.0
2018-12-06 00:00:00-05:00,33.38999938964844,35.4900016784668,28.84000015258789,30.940000534057617,72300,0.0,0.0
2018-12-07 00:00:00-05:00,31.709999084472656,31.709999084472656,27.299999237060547,28.420000076293945,38871,0.0,0.0
2018-12-10 00:00:00-05:00,28.06999969482422,34.15999984741211,27.020000457763672,28.0,92186,0.0,0.0
2018-12-11 00:00:00-05:00,27.93000030517578,31.079999923706055,27.867000579833984,29.049999237060547,66400,0.0,0.0
2018-12-12 00:00:00-05:00,27.860000610351562,29.049999237060547,27.3700008392334,27.860000610351562,45971,0.0,0.0
2018-12-13 00:00:00-05:00,27.649999618530273,30.3799991607666,26.60700035095215,27.649999618530273,105871,0.0,0.0
2018-12-14 00:00:00-05:00,27.719999313354492,29.190000534057617,27.020000457763672,27.790000915527344,42157,0.0,0.0
2018-12-17 00:00:00-05:00,27.860000610351562,28.90999984741211,26.25,26.8799991607666,32857,0.0,0.0
2018-12-18 00:00:00-05:00,26.739999771118164,27.790000915527344,23.450000762939453,23.65999984741211,18386,0.0,0.0
2018-12-19 00:00:00-05:00,23.450000762939453,23.863000869750977,22.329999923706055,22.399999618530273,28857,0.0,0.0
2018-12-20 00:00:00-05:00,22.190000534057617,25.40999984741211,21.06999969482422,21.489999771118164,35386,0.0,0.0
2018-12-21 00:00:00-05:00,21.420000076293945,22.399999618530273,17.219999313354492,18.1299991607666,30086,0.0,0.0
2018-12-24 00:00:00-05:00,18.1299991607666,18.73900032043457,15.126999855041504,16.3799991607666,24314,0.0,0.0
2018-12-26 00:00:00-05:00,16.239999771118164,16.450000762939453,13.649999618530273,14.770000457763672,51014,0.0,0.0
2018-12-27 00:00:00-05:00,14.489999771118164,25.899999618530273,14.489999771118164,19.8799991607666,277414,0.0,0.0
2018-12-28 00:00:00-05:00,20.93000030517578,29.190000534057617,19.8799991607666,23.799999237060547,908643,0.0,0.0
2018-12-31 00:00:00-05:00,23.65999984741211,23.799999237060547,19.950000762939453,21.350000381469727,65757,0.0,0.0
2019-01-02 00:00:00-05:00,21.770000457763672,22.469999313354492,19.670000076293945,21.559999465942383,36829,0.0,0.0
2019-01-03 00:00:00-05:00,21.209999084472656,25.549999237060547,21.0,22.889999389648438,76571,0.0,0.0
2019-01-04 00:00:00-05:00,22.75,26.600000381469727,22.75,24.290000915527344,45200,0.0,0.0
2019-01-07 00:00:00-05:00,24.079999923706055,25.200000762939453,23.520000457763672,23.59000015258789,15871,0.0,0.0
2019-01-08 00:00:00-05:00,24.5,24.850000381469727,23.450000762939453,23.520000457763672,19786,0.0,0.0
2019-01-09 00:00:00-05:00,24.290000915527344,27.09000015258789,24.17099952697754,25.200000762939453,82943,0.0,0.0
2019-01-10 00:00:00-05:00,25.549999237060547,28.0,24.5,24.709999084472656,78671,0.0,0.0
2019-01-11 00:00:00-05:00,24.989999771118164,26.040000915527344,23.520000457763672,24.219999313354492,23814,0.0,0.0
2019-01-14 00:00:00-05:00,24.219999313354492,25.40999984741211,23.520000457763672,23.65999984741211,10986,0.0,0.0
2019-01-15 00:00:00-05:00,23.520000457763672,23.520000457763672,20.790000915527344,20.860000610351562,23171,0.0,0.0
2019-01-16 00:00:00-05:00,20.649999618530273,20.719999313354492,17.920000076293945,18.899999618530273,31386,0.0,0.0
2019-01-17 00:00:00-05:00,19.670000076293945,19.950000762939453,18.899999618530273,19.530000686645508,8814,0.0,0.0
2019-01-18 00:00:00-05:00,19.459999084472656,19.459999084472656,18.200000762939453,18.6200008392334,13771,0.0,0.0
2019-01-22 00:00:00-05:00,18.549999237060547,19.600000381469727,18.40999984741211,19.389999389648438,7114,0.0,0.0
2019-01-23 00:00:00-05:00,19.31999969482422,22.049999237060547,18.270000457763672,19.530000686645508,31357,0.0,0.0
2019-01-24 00:00:00-05:00,19.600000381469727,20.299999237060547,19.600000381469727,19.809999465942383,6686,0.0,0.0
2019-01-25 00:00:00-05:00,19.809999465942383,19.8799991607666,18.969999313354492,19.110000610351562,6071,0.0,0.0
2019-01-28 00:00:00-05:00,19.530000686645508,19.600000381469727,17.5,18.34000015258789,12386,0.0,0.0
2019-01-29 00:00:00-05:00,18.200000762939453,19.600000381469727,17.639999389648438,19.530000686645508,9829,0.0,0.0
2019-01-30 00:00:00-05:00,19.25,19.270999908447266,18.34000015258789,18.479999542236328,6943,0.0,0.0
2019-01-31 00:00:00-05:00,18.1299991607666,18.6200008392334,17.850000381469727,18.200000762939453,8371,0.0,0.0
2019-02-01 00:00:00-05:00,18.059999465942383,18.56399917602539,17.5,17.639999389648438,5914,0.0,0.0
2019-02-04 00:00:00-05:00,17.639999389648438,19.600000381469727,17.5,19.040000915527344,33414,0.0,0.0
2019-02-05 00:00:00-05:00,18.200000762939453,19.075000762939453,17.709999084472656,18.34000015258789,9229,0.0,0.0
2019-02-06 00:00:00-05:00,18.899999618530273,18.899999618530273,18.003999710083008,18.059999465942383,3414,0.0,0.0
2019-02-07 00:00:00-05:00,18.969999313354492,18.969999313354492,17.5,17.639999389648438,9457,0.0,0.0
2019-02-08 00:00:00-05:00,18.479999542236328,18.479999542236328,17.149999618530273,17.360000610351562,8429,0.0,0.0
2019-02-11 00:00:00-05:00,17.360000610351562,20.04800033569336,17.360000610351562,17.86400032043457,33971,0.0,0.0
2019-02-12 00:00:00-05:00,18.6200008392334,18.899999618530273,17.5,17.5,4614,0.0,0.0
2019-02-13 00:00:00-05:00,17.5,19.565000534057617,17.5,18.760000228881836,27100,0.0,0.0
2019-02-14 00:00:00-05:00,18.479999542236328,18.899999618530273,17.639999389648438,18.899999618530273,9086,0.0,0.0
2019-02-15 00:00:00-05:00,18.829999923706055,19.445999145507812,18.34000015258789,18.829999923706055,6557,0.0,0.0
2019-02-19 00:00:00-05:00,18.6200008392334,20.860000610351562,18.6200008392334,20.15999984741211,36486,0.0,0.0
2019-02-20 00:00:00-05:00,20.790000915527344,25.40999984741211,20.790000915527344,21.350000381469727,112514,0.0,0.0
2019-02-21 00:00:00-05:00,20.93000030517578,21.2450008392334,19.18000030517578,20.229999542236328,21829,0.0,0.0
2019-02-22 00:00:00-05:00,20.09000015258789,20.405000686645508,18.948999404907227,20.229999542236328,8214,0.0,0.0
2019-02-25 00:00:00-05:00,20.09000015258789,20.15999984741211,19.110000610351562,19.530000686645508,4971,0.0,0.0
2019-02-26 00:00:00-05:00,19.530000686645508,20.299999237060547,19.31999969482422,19.31999969482422,5600,0.0,0.0
2019-02-27 00:00:00-05:00,19.410999298095703,19.459999084472656,18.549999237060547,19.18000030517578,4143,0.0,0.0
2019-02-28 00:00:00-05:00,18.969999313354492,19.8799991607666,17.709999084472656,18.05299949645996,10043,0.0,0.0
2019-03-01 00:00:00-05:00,18.760000228881836,18.760000228881836,17.5,17.639999389648438,10143,0.0,0.0
2019-03-04 00:00:00-05:00,18.200000762939453,18.753000259399414,16.450000762939453,17.527999877929688,22829,0.0,0.0
2019-03-05 00:00:00-05:00,17.56999969482422,17.850000381469727,16.799999237060547,16.8700008392334,6943,0.0,0.0
2019-03-06 00:00:00-05:00,16.940000534057617,18.549999237060547,16.450000762939453,18.270000457763672,20743,0.0,0.0
2019-03-07 00:00:00-05:00,18.760000228881836,18.760000228881836,16.799999237060547,16.940000534057617,17114,0.0,0.0
2019-03-08 00:00:00-05:00,16.450000762939453,17.43000030517578,16.450000762939453,16.65999984741211,9514,0.0,0.0
2019-03-11 00:00:00-04:00,17.149999618530273,17.360000610351562,16.520000457763672,16.520000457763672,8243,0.0,0.0
2019-03-12 00:00:00-04:00,16.520000457763672,19.950000762939453,16.520000457763672,19.670000076293945,80571,0.0,0.0
2019-03-13 00:00:00-04:00,19.950000762939453,20.020000457763672,17.5,17.56999969482422,48757,0.0,0.0
2019-03-14 00:00:00-04:00,18.059999465942383,20.299999237060547,17.56999969482422,19.600000381469727,40257,0.0,0.0
2019-03-15 00:00:00-04:00,19.530000686645508,19.530000686645508,17.989999771118164,18.549999237060547,10700,0.0,0.0
2019-03-18 00:00:00-04:00,18.549999237060547,18.6200008392334,17.850000381469727,18.361000061035156,7157,0.0,0.0
2019-03-19 00:00:00-04:00,18.34000015258789,21.979999542236328,17.850000381469727,19.600000381469727,63514,0.0,0.0
2019-03-20 00:00:00-04:00,18.829999923706055,19.600000381469727,18.40999984741211,18.549999237060547,15157,0.0,0.0
2019-03-21 00:00:00-04:00,18.829999923706055,19.593000411987305,18.277000427246094,19.389999389648438,12214,0.0,0.0
2019-03-22 00:00:00-04:00,19.040000915527344,19.040000915527344,17.5,17.780000686645508,14443,0.0,0.0
2019-03-25 00:00:00-04:00,18.1299991607666,18.200000762939453,17.43000030517578,17.57699966430664,10043,0.0,0.0
2019-03-26 00:00:00-04:00,17.5,17.920000076293945,17.360000610351562,17.56999969482422,8386,0.0,0.0
2019-03-27 00:00:00-04:00,17.5,17.850000381469727,16.450000762939453,16.59000015258789,12171,0.0,0.0
2019-03-28 00:00:00-04:00,16.729999542236328,17.360000610351562,16.520000457763672,17.114999771118164,6357,0.0,0.0
2019-03-29 00:00:00-04:00,16.940000534057617,17.555999755859375,16.799999237060547,16.799999237060547,3557,0.0,0.0
2019-04-01 00:00:00-04:00,16.729999542236328,17.2549991607666,16.450000762939453,16.59000015258789,13300,0.0,0.0
2019-04-02 00:00:00-04:00,16.59000015258789,17.360000610351562,16.576000213623047,16.799999237060547,4929,0.0,0.0
2019-04-03 00:00:00-04:00,16.799999237060547,19.809999465942383,16.799999237060547,19.25,113986,0.0,0.0
2019-04-04 00:00:00-04:00,18.969999313354492,19.18000030517578,17.639999389648438,18.270000457763672,39314,0.0,0.0
2019-04-05 00:00:00-04:00,17.639999389648438,18.361000061035156,17.149999618530273,17.780000686645508,12214,0.0,0.0
2019-04-08 00:00:00-04:00,17.360000610351562,18.200000762939453,17.290000915527344,17.290000915527344,9071,0.0,0.0
2019-04-09 00:00:00-04:00,17.43000030517578,18.829999923706055,17.43000030517578,17.885000228881836,15771,0.0,0.0
2019-04-10 00:00:00-04:00,17.639999389648438,18.899999618530273,17.639999389648438,17.639999389648438,34314,0.0,0.0
2019-04-11 00:00:00-04:00,17.9060001373291,18.479999542236328,17.709999084472656,18.200000762939453,13429,0.0,0.0
2019-04-12 00:00:00-04:00,18.34000015258789,19.389999389648438,18.200000762939453,19.040000915527344,39343,0.0,0.0
2019-04-15 00:00:00-04:00,18.829999923706055,21.84000015258789,18.34000015258789,19.25,146029,0.0,0.0
2019-04-16 00:00:00-04:00,19.18000030517578,20.579999923706055,17.149999618530273,17.56999969482422,103629,0.0,0.0
2019-04-17 00:00:00-04:00,17.5,18.059999465942383,17.149999618530273,17.5,16857,0.0,0.0
2019-04-18 00:00:00-04:00,17.5,17.892000198364258,17.149999618530273,17.149999618530273,10529,0.0,0.0
2019-04-22 00:00:00-04:00,17.290000915527344,17.780000686645508,17.17799949645996,17.639999389648438,5986,0.0,0.0
2019-04-23 00:00:00-04:00,17.290000915527344,17.639999389648438,17.24799919128418,17.360000610351562,4243,0.0,0.0
2019-04-24 00:00:00-04:00,17.290000915527344,17.639999389648438,17.156999588012695,17.219999313354492,4400,0.0,0.0
2019-04-25 00:00:00-04:00,17.219999313354492,17.5,16.940000534057617,17.149999618530273,3343,0.0,0.0
2019-04-26 00:00:00-04:00,17.360000610351562,17.920000076293945,17.149999618530273,17.709999084472656,5000,0.0,0.0
2019-04-29 00:00:00-04:00,17.56999969482422,18.200000762939453,17.381000518798828,17.639999389648438,4314,0.0,0.0
2019-04-30 00:00:00-04:00,17.850000381469727,18.200000762939453,17.61199951171875,17.850000381469727,7243,0.0,0.0
2019-05-01 00:00:00-04:00,18.024999618530273,18.479999542236328,17.94099998474121,18.200000762939453,4129,0.0,0.0
2019-05-02 00:00:00-04:00,18.40999984741211,18.829999923706055,17.639999389648438,18.024999618530273,6586,0.0,0.0
2019-05-03 00:00:00-04:00,17.989999771118164,18.690000534057617,17.989999771118164,18.1299991607666,2843,0.0,0.0
2019-05-06 00:00:00-04:00,18.1299991607666,18.899999618530273,17.780000686645508,18.690000534057617,27543,0.0,0.0
2019-05-07 00:00:00-04:00,18.270000457763672,18.690000534057617,17.920000076293945,17.920000076293945,7357,0.0,0.0
2019-05-08 00:00:00-04:00,17.920000076293945,18.6200008392334,17.56999969482422,17.780000686645508,10529,0.0,0.0
2019-05-09 00:00:00-04:00,17.674999237060547,18.066999435424805,17.010000228881836,17.010000228881836,8457,0.0,0.0
2019-05-10 00:00:00-04:00,17.149999618530273,17.360000610351562,16.799999237060547,16.87700080871582,5500,0.0,0.0
2019-05-13 00:00:00-04:00,16.799999237060547,16.940000534057617,16.100000381469727,16.170000076293945,9071,0.0,0.0
2019-05-14 00:00:00-04:00,16.450000762939453,16.450000762939453,16.170000076293945,16.239999771118164,4200,0.0,0.0
2019-05-15 00:00:00-04:00,16.3799991607666,16.450000762939453,15.470000267028809,16.344999313354492,5329,0.0,0.0
2019-05-16 00:00:00-04:00,16.239999771118164,16.645999908447266,14.350000381469727,14.5600004196167,29829,0.0,0.0
2019-05-17 00:00:00-04:00,14.699999809265137,14.770000457763672,14.350000381469727,14.350000381469727,3314,0.0,0.0
2019-05-20 00:00:00-04:00,14.350000381469727,14.595000267028809,13.09000015258789,13.972000122070312,8557,0.0,0.0
2019-05-21 00:00:00-04:00,13.859999656677246,15.75,13.649999618530273,13.720000267028809,3957,0.0,0.0
2019-05-22 00:00:00-04:00,13.930000305175781,14.805000305175781,13.4399995803833,13.579999923706055,7014,0.0,0.0
2019-05-23 00:00:00-04:00,13.859999656677246,13.92300033569336,12.467000007629395,12.529999732971191,3157,0.0,0.0
2019-05-24 00:00:00-04:00,13.09000015258789,13.09000015258789,11.34000015258789,11.6899995803833,6871,0.0,0.0
2019-05-28 00:00:00-04:00,11.899999618530273,12.880000114440918,11.899999618530273,12.25,7214,0.0,0.0
2019-05-29 00:00:00-04:00,12.529999732971191,12.880000114440918,11.899999618530273,12.739999771118164,4014,0.0,0.0
2019-05-30 00:00:00-04:00,11.970000267028809,12.8100004196167,11.970000267028809,11.970000267028809,1157,0.0,0.0
2019-05-31 00:00:00-04:00,12.109999656677246,12.586000442504883,11.40999984741211,11.550000190734863,3029,0.0,0.0
2019-06-03 00:00:00-04:00,11.970000267028809,11.970000267028809,10.289999961853027,10.5,3886,0.0,0.0
2019-06-04 00:00:00-04:00,10.710000038146973,12.781999588012695,9.9399995803833,11.479999542236328,12571,0.0,0.0
2019-06-05 00:00:00-04:00,11.6899995803833,12.032999992370605,10.079999923706055,11.130000114440918,3900,0.0,0.0
2019-06-06 00:00:00-04:00,10.989999771118164,11.40999984741211,10.121999740600586,10.920000076293945,6729,0.0,0.0
2019-06-07 00:00:00-04:00,11.34000015258789,11.34000015258789,10.913000106811523,10.947999954223633,814,0.0,0.0
2019-06-10 00:00:00-04:00,10.920000076293945,10.920000076293945,10.5,10.744999885559082,2686,0.0,0.0
2019-06-11 00:00:00-04:00,10.850000381469727,16.65999984741211,10.73799991607666,12.600000381469727,365886,0.0,0.0
2019-06-12 00:00:00-04:00,12.319999694824219,13.09000015258789,12.039999961853027,12.739999771118164,26129,0.0,0.0
2019-06-13 00:00:00-04:00,12.600000381469727,13.15999984741211,11.760000228881836,12.319999694824219,9114,0.0,0.0
2019-06-14 00:00:00-04:00,12.319999694824219,12.319999694824219,11.130000114440918,11.270000457763672,7286,0.0,0.0
2019-06-17 00:00:00-04:00,11.34000015258789,11.696999549865723,10.850000381469727,11.34000015258789,4514,0.0,0.0
2019-06-18 00:00:00-04:00,11.550000190734863,11.550000190734863,10.710000038146973,11.423999786376953,5686,0.0,0.0
2019-06-19 00:00:00-04:00,11.0600004196167,11.479999542236328,10.920000076293945,11.40999984741211,4357,0.0,0.0
2019-06-20 00:00:00-04:00,11.40999984741211,11.711000442504883,10.989999771118164,10.989999771118164,5371,0.0,0.0
2019-06-21 00:00:00-04:00,10.989999771118164,11.550000190734863,10.920000076293945,11.479999542236328,1771,0.0,0.0
2019-06-24 00:00:00-04:00,11.34000015258789,11.479999542236328,10.989999771118164,11.270000457763672,3371,0.0,0.0
2019-06-25 00:00:00-04:00,11.130000114440918,11.29800033569336,10.640000343322754,10.640000343322754,2671,0.0,0.0
2019-06-26 00:00:00-04:00,10.989999771118164,11.199999809265137,10.569999694824219,11.199999809265137,2157,0.0,0.0
2019-06-27 00:00:00-04:00,10.850000381469727,11.270000457763672,10.647000312805176,11.199999809265137,2286,0.0,0.0
2019-06-28 00:00:00-04:00,11.479999542236328,11.479999542236328,10.5,10.989999771118164,2743,0.0,0.0
2019-07-01 00:00:00-04:00,11.130000114440918,11.130000114440918,10.89900016784668,10.920000076293945,1471,0.0,0.0
2019-07-02 00:00:00-04:00,10.710000038146973,10.850000381469727,10.5,10.569999694824219,4100,0.0,0.0
2019-07-03 00:00:00-04:00,10.569999694824219,10.675000190734863,10.289999961853027,10.597999572753906,4214,0.0,0.0
2019-07-05 00:00:00-04:00,10.5,10.583999633789062,10.010000228881836,10.569999694824219,1286,0.0,0.0
2019-07-08 00:00:00-04:00,10.562999725341797,10.569999694824219,10.220000267028809,10.416000366210938,1400,0.0,0.0
2019-07-09 00:00:00-04:00,10.479000091552734,10.5,10.220000267028809,10.42300033569336,1786,0.0,0.0
2019-07-10 00:00:00-04:00,10.5,11.130000114440918,10.149999618530273,10.710000038146973,4500,0.0,0.0
2019-07-11 00:00:00-04:00,10.282999992370605,10.5,10.26200008392334,10.430000305175781,2129,0.0,0.0
2019-07-12 00:00:00-04:00,10.640000343322754,11.178999900817871,10.220000267028809,10.836000442504883,10857,0.0,0.0
2019-07-15 00:00:00-04:00,10.779999732971191,10.779999732971191,10.149999618530273,10.289999961853027,2757,0.0,0.0
2019-07-16 00:00:00-04:00,10.430000305175781,10.5,10.010000228881836,10.010000228881836,5000,0.0,0.0
2019-07-17 00:00:00-04:00,9.869999885559082,10.359999656677246,9.800000190734863,10.149999618530273,2500,0.0,0.0
2019-07-18 00:00:00-04:00,10.149999618530273,10.149999618530273,9.239999771118164,9.869999885559082,1600,0.0,0.0
2019-07-19 00:00:00-04:00,10.114999771118164,14.5600004196167,10.114999771118164,11.550000190734863,221857,0.0,0.0
2019-07-22 00:00:00-04:00,10.989999771118164,12.25,9.869999885559082,11.270000457763672,22300,0.0,0.0
2019-07-23 00:00:00-04:00,11.199999809265137,11.40999984741211,10.569999694824219,10.779999732971191,2671,0.0,0.0
2019-07-24 00:00:00-04:00,10.920000076293945,11.199999809265137,10.149999618530273,11.199999809265137,6086,0.0,0.0
2019-07-25 00:00:00-04:00,11.130000114440918,11.40999984741211,10.079999923706055,10.640000343322754,5057,0.0,0.0
2019-07-26 00:00:00-04:00,10.569999694824219,11.130000114440918,10.5,10.668000221252441,1029,0.0,0.0
2019-07-29 00:00:00-04:00,10.920000076293945,11.970000267028809,10.5,11.130000114440918,20757,0.0,0.0
2019-07-30 00:00:00-04:00,10.920000076293945,11.40999984741211,10.640000343322754,11.130000114440918,3257,0.0,0.0
2019-07-31 00:00:00-04:00,10.850000381469727,10.934000015258789,10.5,10.5,10586,0.0,0.0
2019-08-01 00:00:00-04:00,10.779999732971191,10.779999732971191,8.960000038146973,10.010000228881836,9029,0.0,0.0
2019-08-02 00:00:00-04:00,9.512999534606934,9.9399995803833,9.512999534606934,9.59000015258789,800,0.0,0.0
2019-08-05 00:00:00-04:00,9.65999984741211,10.220000267028809,9.218999862670898,9.288999557495117,1200,0.0,0.0
2019-08-06 00:00:00-04:00,9.449999809265137,10.149999618530273,9.239999771118164,9.520000457763672,2543,0.0,0.0
2019-08-07 00:00:00-04:00,9.680999755859375,9.961000442504883,9.3100004196167,9.800000190734863,1914,0.0,0.0
2019-08-08 00:00:00-04:00,10.149999618530273,10.149999618530273,9.380000114440918,9.65999984741211,1057,0.0,0.0
2019-08-09 00:00:00-04:00,9.65999984741211,9.65999984741211,9.380000114440918,9.520000457763672,1614,0.0,0.0
2019-08-12 00:00:00-04:00,9.59000015258789,11.550000190734863,9.59000015258789,10.710000038146973,44014,0.0,0.0
2019-08-13 00:00:00-04:00,10.779999732971191,10.779999732971191,9.869999885559082,10.5,4257,0.0,0.0
2019-08-14 00:00:00-04:00,9.449999809265137,9.729999542236328,8.960000038146973,9.029999732971191,12171,0.0,0.0
2019-08-15 00:00:00-04:00,9.232999801635742,9.239999771118164,7.210000038146973,7.875,6486,0.0,0.0
2019-08-16 00:00:00-04:00,7.139999866485596,8.539999961853027,7.0,7.7769999504089355,3957,0.0,0.0
2019-08-19 00:00:00-04:00,7.980000019073486,8.539999961853027,7.769999980926514,8.050000190734863,4543,0.0,0.0
2019-08-20 00:00:00-04:00,7.938000202178955,8.539999961853027,7.840000152587891,8.329999923706055,2500,0.0,0.0
2019-08-21 00:00:00-04:00,8.420999526977539,11.199999809265137,8.399999618530273,10.149999618530273,33700,0.0,0.0
2019-08-22 00:00:00-04:00,10.079999923706055,10.149999618530273,8.869000434875488,9.170000076293945,5929,0.0,0.0
2019-08-23 00:00:00-04:00,9.170000076293945,9.758000373840332,8.539999961853027,8.819999694824219,5586,0.0,0.0
2019-08-26 00:00:00-04:00,8.819999694824219,9.38700008392334,8.666000366210938,8.75,7700,0.0,0.0
2019-08-27 00:00:00-04:00,9.170000076293945,13.020000457763672,8.609999656677246,9.46399974822998,101343,0.0,0.0
2019-08-28 00:00:00-04:00,9.100000381469727,9.9399995803833,8.75,9.239999771118164,14314,0.0,0.0
2019-08-29 00:00:00-04:00,9.239999771118164,9.541000366210938,9.057999610900879,9.239999771118164,4543,0.0,0.0
2019-08-30 00:00:00-04:00,9.170000076293945,9.380000114440918,8.890000343322754,8.960000038146973,2643,0.0,0.0
2019-09-03 00:00:00-04:00,9.100000381469727,9.3100004196167,8.819999694824219,9.128000259399414,1443,0.0,0.0
2019-09-04 00:00:00-04:00,9.093000411987305,9.239999771118164,8.819999694824219,8.994999885559082,3014,0.0,0.0
2019-09-05 00:00:00-04:00,9.029999732971191,9.65999984741211,8.960000038146973,9.107000350952148,4657,0.0,0.0
2019-09-06 00:00:00-04:00,9.170000076293945,9.380000114440918,9.170000076293945,9.239999771118164,971,0.0,0.0
2019-09-09 00:00:00-04:00,9.380000114440918,9.65999984741211,9.128000259399414,9.3100004196167,1700,0.0,0.0
2019-09-10 00:00:00-04:00,9.100000381469727,9.42199993133545,8.890000343322754,9.163000106811523,1086,0.0,0.0
2019-09-11 00:00:00-04:00,9.253999710083008,10.065999984741211,9.029999732971191,9.239999771118164,6886,0.0,0.0
2019-09-12 00:00:00-04:00,9.380000114440918,9.652999877929688,9.100000381469727,9.100000381469727,3271,0.0,0.0
2019-09-13 00:00:00-04:00,9.288999557495117,9.59000015258789,9.170000076293945,9.484999656677246,1186,0.0,0.0
2019-09-16 00:00:00-04:00,9.170000076293945,9.800000190734863,9.170000076293945,9.59000015258789,3386,0.0,0.0
2019-09-17 00:00:00-04:00,9.449999809265137,9.59000015258789,9.239999771118164,9.239999771118164,471,0.0,0.0
2019-09-18 00:00:00-04:00,9.576000213623047,11.479999542236328,8.890000343322754,9.520000457763672,42614,0.0,0.0
2019-09-19 00:00:00-04:00,9.380000114440918,10.038000106811523,9.100000381469727,9.3100004196167,3171,0.0,0.0
2019-09-20 00:00:00-04:00,9.22599983215332,9.65999984741211,9.22599983215332,9.65999984741211,1114,0.0,0.0
2019-09-23 00:00:00-04:00,9.800000190734863,9.800000190734863,9.170000076293945,9.520000457763672,1671,0.0,0.0
2019-09-24 00:00:00-04:00,9.449999809265137,9.449999809265137,8.609999656677246,9.135000228881836,4829,0.0,0.0
2019-09-25 00:00:00-04:00,8.95300006866455,9.100000381469727,8.890000343322754,9.029999732971191,1900,0.0,0.0
2019-09-26 00:00:00-04:00,8.890000343322754,8.960000038146973,8.75,8.819999694824219,4500,0.0,0.0
2019-09-27 00:00:00-04:00,8.75,8.890000343322754,8.470000267028809,8.539999961853027,1786,0.0,0.0
2019-09-30 00:00:00-04:00,8.75,8.812999725341797,8.050000190734863,8.1899995803833,2214,0.0,0.0
2019-10-01 00:00:00-04:00,8.1899995803833,8.539999961853027,7.840000152587891,7.980000019073486,4843,0.0,0.0
2019-10-02 00:00:00-04:00,8.119999885559082,8.470000267028809,8.050000190734863,8.260000228881836,1829,0.0,0.0
2019-10-03 00:00:00-04:00,8.175999641418457,8.260000228881836,7.840000152587891,8.218000411987305,1900,0.0,0.0
2019-10-04 00:00:00-04:00,8.260000228881836,8.399999618530273,7.840000152587891,8.329999923706055,1843,0.0,0.0
2019-10-07 00:00:00-04:00,8.204000473022461,8.399999618530273,8.204000473022461,8.260000228881836,257,0.0,0.0
2019-10-08 00:00:00-04:00,8.357999801635742,8.4350004196167,8.14799976348877,8.399999618530273,2057,0.0,0.0
2019-10-09 00:00:00-04:00,8.357999801635742,9.029999732971191,8.329999923706055,8.35099983215332,4329,0.0,0.0
2019-10-10 00:00:00-04:00,8.329999923706055,8.329999923706055,8.050000190734863,8.050000190734863,271,0.0,0.0
2019-10-11 00:00:00-04:00,8.050000190734863,8.75,8.050000190734863,8.1899995803833,2571,0.0,0.0
2019-10-14 00:00:00-04:00,8.1899995803833,8.54699993133545,8.050000190734863,8.470000267028809,743,0.0,0.0
2019-10-15 00:00:00-04:00,8.609999656677246,9.100000381469727,8.399999618530273,8.960000038146973,5257,0.0,0.0
2019-10-16 00:00:00-04:00,9.177000045776367,10.850000381469727,8.539999961853027,8.75,64614,0.0,0.0
2019-10-17 00:00:00-04:00,8.470000267028809,8.890000343322754,8.050000190734863,8.329999923706055,10243,0.0,0.0
2019-10-18 00:00:00-04:00,8.260000228881836,8.960000038146973,8.260000228881836,8.819999694824219,6343,0.0,0.0
2019-10-21 00:00:00-04:00,8.819999694824219,9.449999809265137,8.329999923706055,8.329999923706055,5843,0.0,0.0
2019-10-22 00:00:00-04:00,8.399999618530273,9.029999732971191,8.050000190734863,8.329999923706055,9243,0.0,0.0
2019-10-23 00:00:00-04:00,8.470000267028809,8.470000267028809,8.050000190734863,8.1899995803833,1500,0.0,0.0
2019-10-24 00:00:00-04:00,8.1899995803833,8.1899995803833,7.139999866485596,7.349999904632568,9671,0.0,0.0
2019-10-25 00:00:00-04:00,7.420000076293945,8.329999923706055,7.139999866485596,7.699999809265137,13129,0.0,0.0
2019-10-28 00:00:00-04:00,8.260000228881836,8.260000228881836,7.420000076293945,7.909999847412109,1614,0.0,0.0
2019-10-29 00:00:00-04:00,7.769999980926514,8.071000099182129,7.349999904632568,7.489999771118164,8586,0.0,0.0
2019-10-30 00:00:00-04:00,7.420000076293945,7.980000019073486,7.349999904632568,7.489999771118164,4914,0.0,0.0
2019-10-31 00:00:00-04:00,7.559999942779541,7.559999942779541,6.860000133514404,6.951000213623047,6071,0.0,0.0
2019-11-01 00:00:00-04:00,7.28000020980835,7.559999942779541,7.070000171661377,7.349999904632568,1157,0.0,0.0
2019-11-04 00:00:00-05:00,7.559999942779541,7.559999942779541,7.0980000495910645,7.420000076293945,2114,0.0,0.0
2019-11-05 00:00:00-05:00,7.559999942779541,7.559999942779541,7.070000171661377,7.077000141143799,1986,0.0,0.0
2019-11-06 00:00:00-05:00,7.28000020980835,7.420000076293945,7.139999866485596,7.139999866485596,1129,0.0,0.0
2019-11-07 00:00:00-05:00,7.070000171661377,7.420000076293945,6.531000137329102,7.0,7314,0.0,0.0
2019-11-08 00:00:00-05:00,6.3979997634887695,7.349999904632568,6.369999885559082,6.71999979019165,2671,0.0,0.0
2019-11-11 00:00:00-05:00,7.0,7.105000019073486,6.71999979019165,6.71999979019165,1586,0.0,0.0
2019-11-12 00:00:00-05:00,6.71999979019165,7.070000171661377,6.369999885559082,6.71999979019165,1043,0.0,0.0
2019-11-13 00:00:00-05:00,6.860000133514404,6.860000133514404,6.369999885559082,6.369999885559082,1414,0.0,0.0
2019-11-14 00:00:00-05:00,6.369999885559082,6.440000057220459,4.900000095367432,5.291999816894531,7357,0.0,0.0
2019-11-15 00:00:00-05:00,7.0,10.779999732971191,6.789999961853027,7.070000171661377,463700,0.0,0.0
2019-11-18 00:00:00-05:00,7.349999904632568,7.769999980926514,6.71999979019165,7.47599983215332,39814,0.0,0.0
2019-11-19 00:00:00-05:00,7.210000038146973,7.210000038146973,5.949999809265137,6.440000057220459,36314,0.0,0.0
2019-11-20 00:00:00-05:00,7.0,7.0,6.159999847412109,6.230000019073486,10129,0.0,0.0
2019-11-21 00:00:00-05:00,6.090000152587891,6.335000038146973,5.739999771118164,6.159999847412109,8300,0.0,0.0
2019-11-22 00:00:00-05:00,5.949999809265137,5.949999809265137,5.389999866485596,5.53000020980835,17429,0.0,0.0
2019-11-25 00:00:00-05:00,5.739999771118164,5.880000114440918,5.460000038146973,5.670000076293945,11814,0.0,0.0
2019-11-26 00:00:00-05:00,5.809999942779541,5.809999942779541,5.460000038146973,5.460000038146973,4143,0.0,0.0
2019-11-27 00:00:00-05:00,5.460000038146973,5.599999904632568,5.389999866485596,5.599999904632568,3143,0.0,0.0
2019-11-29 00:00:00-05:00,5.53000020980835,5.599999904632568,5.460000038146973,5.480999946594238,643,0.0,0.0
2019-12-02 00:00:00-05:00,5.460000038146973,5.599999904632568,5.25,5.578999996185303,13143,0.0,0.0
2019-12-03 00:00:00-05:00,5.578999996185303,6.131999969482422,5.25,5.690999984741211,48900,0.0,0.0
2019-12-04 00:00:00-05:00,5.978000164031982,5.978000164031982,5.389999866485596,5.739999771118164,20714,0.0,0.0
2019-12-05 00:00:00-05:00,5.585999965667725,5.599999904632568,5.320000171661377,5.460000038146973,4786,0.0,0.0
2019-12-06 00:00:00-05:00,5.410999774932861,5.53000020980835,5.256999969482422,5.460000038146973,5657,0.0,0.0
2019-12-09 00:00:00-05:00,5.263999938964844,5.4039998054504395,4.619999885559082,5.1519999504089355,14100,0.0,0.0
2019-12-10 00:00:00-05:00,5.179999828338623,5.179999828338623,4.900000095367432,5.026000022888184,4986,0.0,0.0
2019-12-11 00:00:00-05:00,5.039999961853027,5.501999855041504,4.760000228881836,5.480999946594238,31114,0.0,0.0
2019-12-12 00:00:00-05:00,5.320000171661377,5.809999942779541,5.110000133514404,5.320000171661377,10871,0.0,0.0
2019-12-13 00:00:00-05:00,5.389999866485596,5.460000038146973,4.900000095367432,5.284999847412109,7043,0.0,0.0
2019-12-16 00:00:00-05:00,4.836999893188477,5.284999847412109,4.829999923706055,5.039999961853027,10157,0.0,0.0
2019-12-17 00:00:00-05:00,4.96999979019165,5.25,4.900000095367432,4.941999912261963,4929,0.0,0.0
2019-12-18 00:00:00-05:00,5.117000102996826,5.320000171661377,4.900000095367432,5.243000030517578,13786,0.0,0.0
2019-12-19 00:00:00-05:00,5.144999980926514,5.25,4.96999979019165,5.2220001220703125,1429,0.0,0.0
2019-12-20 00:00:00-05:00,5.179999828338623,5.389999866485596,5.144999980926514,5.320000171661377,2357,0.0,0.0
2019-12-23 00:00:00-05:00,5.089000225067139,5.25,5.039999961853027,5.179999828338623,3057,0.0,0.0
2019-12-24 00:00:00-05:00,5.25,5.25,5.039999961853027,5.110000133514404,1129,0.0,0.0
2019-12-26 00:00:00-05:00,4.9070000648498535,5.2220001220703125,4.900000095367432,5.13100004196167,5586,0.0,0.0
2019-12-27 00:00:00-05:00,5.215000152587891,5.215000152587891,4.900000095367432,5.117000102996826,7914,0.0,0.0
2019-12-30 00:00:00-05:00,5.215000152587891,5.775000095367432,4.96999979019165,5.5929999351501465,50029,0.0,0.0
2019-12-31 00:00:00-05:00,5.599999904632568,5.739999771118164,5.039999961853027,5.446000099182129,13000,0.0,0.0
2020-01-02 00:00:00-05:00,5.298999786376953,5.873000144958496,5.298999786376953,5.704999923706055,14500,0.0,0.0
2020-01-03 00:00:00-05:00,5.670000076293945,5.880000114440918,5.432000160217285,5.53000020980835,8786,0.0,0.0
2020-01-06 00:00:00-05:00,5.809999942779541,5.880000114440918,5.460000038146973,5.599999904632568,9886,0.0,0.0
2020-01-07 00:00:00-05:00,5.389999866485596,5.599999904632568,5.110000133514404,5.494999885559082,12529,0.0,0.0
2020-01-08 00:00:00-05:00,5.320000171661377,5.460000038146973,5.25,5.446000099182129,6871,0.0,0.0
2020-01-09 00:00:00-05:00,5.375999927520752,5.880000114440918,5.375999927520752,5.635000228881836,24543,0.0,0.0
2020-01-10 00:00:00-05:00,5.656000137329102,5.711999893188477,5.1519999504089355,5.432000160217285,13914,0.0,0.0
2020-01-13 00:00:00-05:00,5.53000020980835,5.53000020980835,5.25,5.320000171661377,6357,0.0,0.0
2020-01-14 00:00:00-05:00,5.25,5.460000038146973,5.25,5.389999866485596,8457,0.0,0.0
2020-01-15 00:00:00-05:00,5.25,5.809999942779541,5.25,5.739999771118164,21857,0.0,0.0
2020-01-16 00:00:00-05:00,5.739999771118164,6.579999923706055,5.697999954223633,6.125,60214,0.0,0.0
2020-01-17 00:00:00-05:00,6.369999885559082,6.650000095367432,6.090000152587891,6.166999816894531,19586,0.0,0.0
2020-01-21 00:00:00-05:00,6.440000057220459,6.440000057220459,5.84499979019165,5.949999809265137,7600,0.0,0.0
2020-01-22 00:00:00-05:00,5.949999809265137,6.159999847412109,5.84499979019165,5.8520002365112305,3514,0.0,0.0
2020-01-23 00:00:00-05:00,5.84499979019165,6.019999980926514,5.3480000495910645,5.84499979019165,10157,0.0,0.0
2020-01-24 00:00:00-05:00,5.949999809265137,5.949999809265137,5.418000221252441,5.53000020980835,3043,0.0,0.0
2020-01-27 00:00:00-05:00,5.389999866485596,5.704999923706055,5.110000133514404,5.551000118255615,5286,0.0,0.0
2020-01-28 00:00:00-05:00,5.425000190734863,5.599999904632568,5.425000190734863,5.460000038146973,2457,0.0,0.0
2020-01-29 00:00:00-05:00,5.389999866485596,5.866000175476074,5.389999866485596,5.544000148773193,5843,0.0,0.0
2020-01-30 00:00:00-05:00,5.599999904632568,5.670000076293945,5.389999866485596,5.439000129699707,3457,0.0,0.0
2020-01-31 00:00:00-05:00,5.4039998054504395,5.635000228881836,5.4039998054504395,5.432000160217285,1829,0.0,0.0
2020-02-03 00:00:00-05:00,5.453000068664551,5.670000076293945,5.25,5.599999904632568,4386,0.0,0.0
2020-02-04 00:00:00-05:00,5.460000038146973,7.210000038146973,5.320000171661377,6.579999923706055,92486,0.0,0.0
2020-02-05 00:00:00-05:00,6.741000175476074,6.789999961853027,5.320000171661377,6.440000057220459,62929,0.0,0.0
2020-02-06 00:00:00-05:00,6.440000057220459,6.860000133514404,5.949999809265137,6.230000019073486,52386,0.0,0.0
2020-02-07 00:00:00-05:00,5.949999809265137,6.300000190734863,5.775000095367432,5.894000053405762,13171,0.0,0.0
2020-02-10 00:00:00-05:00,5.739999771118164,6.264999866485596,5.599999904632568,5.809999942779541,14971,0.0,0.0
2020-02-11 00:00:00-05:00,5.739999771118164,6.040999889373779,5.432000160217285,5.53000020980835,15829,0.0,0.0
2020-02-12 00:00:00-05:00,5.5370001792907715,5.809999942779541,5.5370001792907715,5.599999904632568,13543,0.0,0.0
2020-02-13 00:00:00-05:00,5.599999904632568,5.914999961853027,5.473999977111816,5.53000020980835,6843,0.0,0.0
2020-02-14 00:00:00-05:00,5.53000020980835,5.880000114440918,5.389999866485596,5.663000106811523,4714,0.0,0.0
2020-02-18 00:00:00-05:00,5.656000137329102,5.711999893188477,5.389999866485596,5.48799991607666,9429,0.0,0.0
2020-02-19 00:00:00-05:00,5.494999885559082,5.670000076293945,5.494999885559082,5.53000020980835,6886,0.0,0.0
2020-02-20 00:00:00-05:00,5.460000038146973,5.809999942779541,5.355000019073486,5.656000137329102,27157,0.0,0.0
2020-02-21 00:00:00-05:00,5.663000106811523,5.670000076293945,5.341000080108643,5.389999866485596,12157,0.0,0.0
2020-02-24 00:00:00-05:00,5.5229997634887695,5.670000076293945,5.320000171661377,5.425000190734863,11614,0.0,0.0
2020-02-25 00:00:00-05:00,5.446000099182129,6.019999980926514,5.361999988555908,5.418000221252441,32629,0.0,0.0
2020-02-26 00:00:00-05:00,5.418000221252441,5.473999977111816,5.3480000495910645,5.389999866485596,4800,0.0,0.0
2020-02-27 00:00:00-05:00,5.334000110626221,5.572000026702881,4.9070000648498535,5.179999828338623,10986,0.0,0.0
2020-02-28 00:00:00-05:00,4.948999881744385,5.039999961853027,4.3470001220703125,4.96999979019165,14414,0.0,0.0
2020-03-02 00:00:00-05:00,4.836999893188477,5.158999919891357,4.697000026702881,5.039999961853027,5314,0.0,0.0
2020-03-03 00:00:00-05:00,5.019000053405762,5.48799991607666,4.857999801635742,5.179999828338623,7314,0.0,0.0
2020-03-04 00:00:00-05:00,5.439000129699707,5.53000020980835,4.900000095367432,5.089000225067139,5000,0.0,0.0
2020-03-05 00:00:00-05:00,5.046999931335449,5.389999866485596,4.900000095367432,5.186999797821045,19843,0.0,0.0
2020-03-06 00:00:00-05:00,4.619999885559082,5.089000225067139,4.619999885559082,4.710999965667725,13257,0.0,0.0
2020-03-09 00:00:00-04:00,4.690000057220459,4.690000057220459,3.8499999046325684,4.192999839782715,5757,0.0,0.0
2020-03-10 00:00:00-04:00,4.269999980926514,4.886000156402588,3.990000009536743,4.409999847412109,36486,0.0,0.0
2020-03-11 00:00:00-04:00,4.263000011444092,4.263000011444092,3.5,3.6610000133514404,19186,0.0,0.0
2020-03-12 00:00:00-04:00,3.5,3.5,2.309999942779541,2.799999952316284,20486,0.0,0.0
2020-03-13 00:00:00-04:00,2.9539999961853027,3.3529999256134033,2.3380000591278076,2.8980000019073486,9643,0.0,0.0
2020-03-16 00:00:00-04:00,2.6459999084472656,2.799999952316284,2.309999942779541,2.7300000190734863,6714,0.0,0.0
2020-03-17 00:00:00-04:00,2.750999927520752,2.940000057220459,2.443000078201294,2.6040000915527344,9971,0.0,0.0
2020-03-18 00:00:00-04:00,2.765000104904175,2.940000057220459,2.380000114440918,2.8350000381469727,17900,0.0,0.0
2020-03-19 00:00:00-04:00,2.8489999771118164,3.6679999828338623,2.450000047683716,3.6679999828338623,30157,0.0,0.0
2020-03-20 00:00:00-04:00,3.9200000762939453,3.9200000762939453,2.8559999465942383,3.6050000190734863,16543,0.0,0.0
2020-03-23 00:00:00-04:00,3.7869999408721924,3.7869999408721924,3.359999895095825,3.640000104904175,2714,0.0,0.0
2020-03-24 00:00:00-04:00,3.8499999046325684,3.871000051498413,3.2200000286102295,3.871000051498413,9014,0.0,0.0
2020-03-25 00:00:00-04:00,4.052999973297119,5.320000171661377,4.052999973297119,5.039999961853027,22629,0.0,0.0
2020-03-26 00:00:00-04:00,5.25,5.25,4.283999919891357,4.690000057220459,7043,0.0,0.0
2020-03-27 00:00:00-04:00,4.760000228881836,5.25,4.199999809265137,4.788000106811523,5029,0.0,0.0
2020-03-30 00:00:00-04:00,4.96999979019165,5.25,4.550000190734863,5.179999828338623,8029,0.0,0.0
2020-03-31 00:00:00-04:00,4.900000095367432,5.284999847412109,4.760000228881836,4.900000095367432,15957,0.0,0.0
2020-04-01 00:00:00-04:00,4.619999885559082,5.25,4.619999885559082,4.829999923706055,2929,0.0,0.0
2020-04-02 00:00:00-04:00,4.760000228881836,4.760000228881836,4.199999809265137,4.340000152587891,7743,0.0,0.0
2020-04-03 00:00:00-04:00,4.269999980926514,4.900000095367432,4.269999980926514,4.669000148773193,1400,0.0,0.0
2020-04-06 00:00:00-04:00,4.65500020980835,4.864999771118164,4.249000072479248,4.690000057220459,1157,0.0,0.0
2020-04-07 00:00:00-04:00,4.864999771118164,4.927999973297119,3.8499999046325684,4.879000186920166,1729,0.0,0.0
2020-04-08 00:00:00-04:00,4.829999923706055,4.9629998207092285,4.318999767303467,4.900000095367432,2086,0.0,0.0
2020-04-09 00:00:00-04:00,4.690000057220459,5.3480000495910645,4.49399995803833,5.320000171661377,3029,0.0,0.0
2020-04-13 00:00:00-04:00,5.320000171661377,5.494999885559082,5.320000171661377,5.460000038146973,4586,0.0,0.0
2020-04-14 00:00:00-04:00,5.460000038146973,5.880000114440918,4.900000095367432,5.460000038146973,10957,0.0,0.0
2020-04-15 00:00:00-04:00,5.670000076293945,5.670000076293945,4.550000190734863,5.53000020980835,3329,0.0,0.0
2020-04-16 00:00:00-04:00,5.599999904632568,11.199999809265137,5.599999904632568,6.159999847412109,306300,0.0,0.0
2020-04-17 00:00:00-04:00,5.739999771118164,5.809999942779541,4.626999855041504,5.270999908447266,27886,0.0,0.0
2020-04-20 00:00:00-04:00,5.124000072479248,5.599999904632568,4.96999979019165,5.179999828338623,12057,0.0,0.0
2020-04-21 00:00:00-04:00,4.941999912261963,5.25,4.760000228881836,5.158999919891357,15686,0.0,0.0
2020-04-22 00:00:00-04:00,5.110000133514404,6.090000152587891,5.039999961853027,6.013000011444092,20614,0.0,0.0
2020-04-23 00:00:00-04:00,6.159999847412109,7.735000133514404,5.9079999923706055,6.894999980926514,31986,0.0,0.0
2020-04-24 00:00:00-04:00,6.71999979019165,7.0,6.047999858856201,6.369999885559082,9786,0.0,0.0
2020-04-27 00:00:00-04:00,6.138999938964844,6.741000175476074,6.0269999504089355,6.579999923706055,4100,0.0,0.0
2020-04-28 00:00:00-04:00,6.019999980926514,6.698999881744385,5.739999771118164,6.307000160217285,7429,0.0,0.0
2020-04-29 00:00:00-04:00,6.188000202178955,6.71999979019165,6.068999767303467,6.440000057220459,3300,0.0,0.0
2020-04-30 00:00:00-04:00,6.300000190734863,6.650000095367432,6.230000019073486,6.369999885559082,10700,0.0,0.0
2020-05-01 00:00:00-04:00,6.090000152587891,6.650000095367432,6.090000152587891,6.579999923706055,5414,0.0,0.0
2020-05-04 00:00:00-04:00,6.789999961853027,7.559999942779541,6.755000114440918,7.559999942779541,23571,0.0,0.0
2020-05-05 00:00:00-04:00,8.329999923706055,10.5,7.699999809265137,8.680000305175781,127343,0.0,0.0
2020-05-06 00:00:00-04:00,9.170000076293945,10.1850004196167,8.399999618530273,9.449999809265137,55200,0.0,0.0
2020-05-07 00:00:00-04:00,9.520000457763672,9.729999542236328,8.78499984741211,9.100000381469727,22429,0.0,0.0
2020-05-08 00:00:00-04:00,9.9399995803833,10.149999618530273,8.960000038146973,9.9399995803833,30629,0.0,0.0
2020-05-11 00:00:00-04:00,10.149999618530273,15.050000190734863,9.59000015258789,13.579999923706055,195343,0.0,0.0
2020-05-12 00:00:00-04:00,12.949999809265137,13.579999923706055,10.779999732971191,11.6899995803833,40971,0.0,0.0
2020-05-13 00:00:00-04:00,12.25,12.25,9.9399995803833,10.5,32143,0.0,0.0
2020-05-14 00:00:00-04:00,9.9399995803833,11.479999542236328,9.59000015258789,10.989999771118164,34586,0.0,0.0
2020-05-15 00:00:00-04:00,11.199999809265137,11.199999809265137,10.5,11.0600004196167,12000,0.0,0.0
2020-05-18 00:00:00-04:00,11.199999809265137,12.880000114440918,10.850000381469727,12.670000076293945,34271,0.0,0.0
2020-05-19 00:00:00-04:00,12.880000114440918,14.489999771118164,11.619999885559082,13.4399995803833,50014,0.0,0.0
2020-05-20 00:00:00-04:00,14.770000457763672,16.030000686645508,13.15999984741211,14.140000343322754,61129,0.0,0.0
2020-05-21 00:00:00-04:00,14.420000076293945,14.770000457763672,13.125,13.720000267028809,13829,0.0,0.0
2020-05-22 00:00:00-04:00,13.720000267028809,17.360000610351562,13.720000267028809,16.100000381469727,108129,0.0,0.0
2020-05-26 00:00:00-04:00,16.8700008392334,17.290000915527344,16.170000076293945,16.520000457763672,40357,0.0,0.0
2020-05-27 00:00:00-04:00,16.239999771118164,16.729999542236328,15.050000190734863,15.75,22429,0.0,0.0
2020-05-28 00:00:00-04:00,15.75,16.309999465942383,15.470000267028809,16.309999465942383,11843,0.0,0.0
2020-05-29 00:00:00-04:00,16.239999771118164,17.079999923706055,15.819999694824219,15.960000038146973,8129,0.0,0.0
2020-06-01 00:00:00-04:00,16.799999237060547,18.899999618530273,15.399999618530273,17.709999084472656,32371,0.0,0.0
2020-06-02 00:00:00-04:00,18.479999542236328,20.440000534057617,18.270000457763672,19.739999771118164,30286,0.0,0.0
2020-06-03 00:00:00-04:00,19.739999771118164,21.0,17.5,19.040000915527344,43186,0.0,0.0
2020-06-04 00:00:00-04:00,18.479999542236328,19.040000915527344,17.850000381469727,17.850000381469727,15286,0.0,0.0
2020-06-05 00:00:00-04:00,17.43000030517578,17.56999969482422,15.75,16.3799991607666,23643,0.0,0.0
2020-06-08 00:00:00-04:00,16.030000686645508,18.969999313354492,16.030000686645508,18.200000762939453,22371,0.0,0.0
2020-06-09 00:00:00-04:00,18.40999984741211,20.020000457763672,17.360000610351562,19.565000534057617,22371,0.0,0.0
2020-06-10 00:00:00-04:00,19.459999084472656,20.649999618530273,18.40999984741211,19.040000915527344,11300,0.0,0.0
2020-06-11 00:00:00-04:00,19.040000915527344,19.915000915527344,16.8700008392334,16.8700008392334,16057,0.0,0.0
2020-06-12 00:00:00-04:00,17.56999969482422,18.549999237060547,15.470000267028809,16.3799991607666,19529,0.0,0.0
2020-06-15 00:00:00-04:00,16.799999237060547,17.850000381469727,15.819999694824219,16.8700008392334,8914,0.0,0.0
2020-06-16 00:00:00-04:00,17.5,19.25,17.149999618530273,17.639999389648438,15214,0.0,0.0
2020-06-17 00:00:00-04:00,17.780000686645508,18.549999237060547,17.56999969482422,17.639999389648438,11500,0.0,0.0
2020-06-18 00:00:00-04:00,17.780000686645508,18.1299991607666,16.898000717163086,17.920000076293945,8057,0.0,0.0
2020-06-19 00:00:00-04:00,17.709999084472656,17.780000686645508,16.239999771118164,16.905000686645508,9814,0.0,0.0
2020-06-22 00:00:00-04:00,16.65999984741211,17.079999923706055,15.75,16.100000381469727,9957,0.0,0.0
2020-06-23 00:00:00-04:00,16.799999237060547,16.799999237060547,14.770000457763672,16.59000015258789,19200,0.0,0.0
2020-06-24 00:00:00-04:00,16.3799991607666,16.450000762939453,15.399999618530273,15.470000267028809,9543,0.0,0.0
2020-06-25 00:00:00-04:00,15.890000343322754,17.219999313354492,14.699999809265137,16.59000015258789,25914,0.0,0.0
2020-06-26 00:00:00-04:00,16.940000534057617,23.309999465942383,16.100000381469727,21.700000762939453,89071,0.0,0.0
2020-06-29 00:00:00-04:00,22.399999618530273,24.290000915527344,20.299999237060547,21.139999389648438,57343,0.0,0.0
2020-06-30 00:00:00-04:00,21.139999389648438,22.540000915527344,18.270000457763672,20.020000457763672,30229,0.0,0.0
2020-07-01 00:00:00-04:00,19.809999465942383,20.93000030517578,18.34000015258789,20.790000915527344,12786,0.0,0.0
2020-07-02 00:00:00-04:00,20.93000030517578,21.0,19.25,20.790000915527344,11900,0.0,0.0
2020-07-06 00:00:00-04:00,20.93000030517578,21.420000076293945,20.356000900268555,21.139999389648438,15243,0.0,0.0
2020-07-07 00:00:00-04:00,21.139999389648438,22.049999237060547,20.614999771118164,21.700000762939453,14086,0.0,0.0
2020-07-08 00:00:00-04:00,22.260000228881836,22.469999313354492,20.649999618530273,21.420000076293945,17014,0.0,0.0
2020-07-09 00:00:00-04:00,21.280000686645508,21.280000686645508,19.950000762939453,20.649999618530273,11100,0.0,0.0
2020-07-10 00:00:00-04:00,20.440000534057617,26.950000762939453,20.440000534057617,25.270000457763672,60900,0.0,0.0
2020-07-13 00:00:00-04:00,25.899999618530273,38.849998474121094,25.899999618530273,36.959999084472656,306243,0.0,0.0
2020-07-14 00:00:00-04:00,32.34000015258789,33.599998474121094,29.75,32.54999923706055,75886,0.0,0.0
2020-07-15 00:00:00-04:00,35.95899963378906,36.119998931884766,20.93000030517578,27.299999237060547,424071,0.0,0.0
2020-07-16 00:00:00-04:00,25.200000762939453,26.8799991607666,23.100000381469727,24.639999389648438,84486,0.0,0.0
2020-07-17 00:00:00-04:00,25.6200008392334,27.09000015258789,23.100000381469727,24.079999923706055,47443,0.0,0.0
2020-07-20 00:00:00-04:00,23.450000762939453,23.940000534057617,20.299999237060547,20.860000610351562,58814,0.0,0.0
2020-07-21 00:00:00-04:00,21.0,22.81999969482422,20.299999237060547,22.329999923706055,44486,0.0,0.0
2020-07-22 00:00:00-04:00,21.90999984741211,22.049999237060547,20.790000915527344,21.700000762939453,23400,0.0,0.0
2020-07-23 00:00:00-04:00,21.700000762939453,21.700000762939453,19.950000762939453,20.510000228881836,28557,0.0,0.0
2020-07-24 00:00:00-04:00,20.09000015258789,23.239999771118164,19.600000381469727,23.170000076293945,44943,0.0,0.0
2020-07-27 00:00:00-04:00,26.31999969482422,26.530000686645508,20.405000686645508,21.90999984741211,147071,0.0,0.0
2020-07-28 00:00:00-04:00,21.90999984741211,24.149999618530273,21.0,23.59000015258789,40243,0.0,0.0
2020-07-29 00:00:00-04:00,23.729999542236328,23.799999237060547,22.329999923706055,23.309999465942383,16457,0.0,0.0
2020-07-30 00:00:00-04:00,22.75,23.100000381469727,21.881999969482422,22.329999923706055,19729,0.0,0.0
2020-07-31 00:00:00-04:00,22.68000030517578,23.450000762939453,21.0,22.959999084472656,32786,0.0,0.0
2020-08-03 00:00:00-04:00,23.799999237060547,23.799999237060547,22.049999237060547,22.75,15814,0.0,0.0
2020-08-04 00:00:00-04:00,22.540000915527344,24.5,18.690000534057617,22.540000915527344,248329,0.0,0.0
2020-08-05 00:00:00-04:00,21.700000762939453,23.450000762939453,20.579999923706055,21.559999465942383,71471,0.0,0.0
2020-08-06 00:00:00-04:00,21.489999771118164,21.90999984741211,20.579999923706055,21.489999771118164,46357,0.0,0.0
2020-08-07 00:00:00-04:00,21.489999771118164,21.700000762939453,20.649999618530273,21.06999969482422,18114,0.0,0.0
2020-08-10 00:00:00-04:00,21.0,21.0,19.600000381469727,20.229999542236328,39771,0.0,0.0
2020-08-11 00:00:00-04:00,20.299999237060547,21.6299991607666,19.739999771118164,20.579999923706055,42571,0.0,0.0
2020-08-12 00:00:00-04:00,21.0,21.90999984741211,20.299999237060547,20.510000228881836,40657,0.0,0.0
2020-08-13 00:00:00-04:00,20.93000030517578,20.93000030517578,19.844999313354492,20.579999923706055,48600,0.0,0.0
2020-08-14 00:00:00-04:00,20.579999923706055,21.700000762939453,19.950000762939453,20.15999984741211,84671,0.0,0.0
2020-08-17 00:00:00-04:00,20.719999313354492,20.719999313354492,18.899999618530273,19.670000076293945,61371,0.0,0.0
2020-08-18 00:00:00-04:00,20.719999313354492,20.790000915527344,19.040000915527344,19.040000915527344,27414,0.0,0.0
2020-08-19 00:00:00-04:00,19.25,20.299999237060547,19.25,19.809999465942383,54914,0.0,0.0
2020-08-20 00:00:00-04:00,20.020000457763672,21.84000015258789,19.8799991607666,20.3700008392334,176771,0.0,0.0
2020-08-21 00:00:00-04:00,20.440000534057617,21.209999084472656,20.09000015258789,21.209999084472656,64186,0.0,0.0
2020-08-24 00:00:00-04:00,21.209999084472656,21.350000381469727,20.299999237060547,20.860000610351562,75800,0.0,0.0
2020-08-25 00:00:00-04:00,20.790000915527344,20.790000915527344,18.549999237060547,18.899999618530273,126443,0.0,0.0
2020-08-26 00:00:00-04:00,18.760000228881836,18.760000228881836,12.670000076293945,13.4399995803833,357586,0.0,0.0
2020-08-27 00:00:00-04:00,12.8100004196167,13.4399995803833,11.760000228881836,12.390000343322754,125571,0.0,0.0
2020-08-28 00:00:00-04:00,12.8100004196167,18.312000274658203,12.390000343322754,16.100000381469727,457157,0.0,0.0
2020-08-31 00:00:00-04:00,16.100000381469727,18.864999771118164,15.470000267028809,18.829999923706055,150829,0.0,0.0
2020-09-01 00:00:00-04:00,17.219999313354492,20.01300048828125,17.149999618530273,19.600000381469727,85343,0.0,0.0
2020-09-02 00:00:00-04:00,19.670000076293945,19.739999771118164,18.1299991607666,19.110000610351562,36457,0.0,0.0
2020-09-03 00:00:00-04:00,18.40999984741211,19.389999389648438,17.56999969482422,18.1299991607666,43829,0.0,0.0
2020-09-04 00:00:00-04:00,17.850000381469727,18.6200008392334,15.819999694824219,18.059999465942383,34486,0.0,0.0
2020-09-08 00:00:00-04:00,17.360000610351562,18.094999313354492,16.729999542236328,17.079999923706055,9557,0.0,0.0
2020-09-09 00:00:00-04:00,16.729999542236328,18.549999237060547,16.170000076293945,17.920000076293945,36571,0.0,0.0
2020-09-10 00:00:00-04:00,18.200000762939453,18.479999542236328,17.360000610351562,17.709999084472656,21229,0.0,0.0
2020-09-11 00:00:00-04:00,17.920000076293945,18.1299991607666,16.8700008392334,17.920000076293945,19657,0.0,0.0
2020-09-14 00:00:00-04:00,18.969999313354492,19.25,16.030000686645508,16.3799991607666,44871,0.0,0.0
2020-09-15 00:00:00-04:00,16.520000457763672,17.114999771118164,15.378999710083008,16.030000686645508,31057,0.0,0.0
2020-09-16 00:00:00-04:00,15.890000343322754,16.100000381469727,15.008000373840332,15.1899995803833,34071,0.0,0.0
2020-09-17 00:00:00-04:00,15.75,17.149999618530273,15.260000228881836,17.079999923706055,44643,0.0,0.0
2020-09-18 00:00:00-04:00,17.149999618530273,18.760000228881836,17.149999618530273,17.920000076293945,60129,0.0,0.0
2020-09-21 00:00:00-04:00,17.56999969482422,18.479999542236328,17.149999618530273,17.43000030517578,21429,0.0,0.0
2020-09-22 00:00:00-04:00,17.360000610351562,17.780000686645508,17.219999313354492,17.5,20614,0.0,0.0
2020-09-23 00:00:00-04:00,17.43000030517578,19.18000030517578,17.43000030517578,18.200000762939453,38271,0.0,0.0
2020-09-24 00:00:00-04:00,18.1299991607666,18.6200008392334,17.850000381469727,18.6200008392334,15371,0.0,0.0
2020-09-25 00:00:00-04:00,19.110000610351562,19.25,18.200000762939453,18.549999237060547,22443,0.0,0.0
2020-09-28 00:00:00-04:00,18.34000015258789,18.760000228881836,17.5,18.40999984741211,14286,0.0,0.0
2020-09-29 00:00:00-04:00,18.40999984741211,18.6200008392334,17.149999618530273,18.1299991607666,7929,0.0,0.0
2020-09-30 00:00:00-04:00,18.34000015258789,18.34000015258789,17.290000915527344,17.290000915527344,16071,0.0,0.0
2020-10-01 00:00:00-04:00,17.149999618530273,17.780000686645508,17.149999618530273,17.219999313354492,13357,0.0,0.0
2020-10-02 00:00:00-04:00,17.149999618530273,17.360000610351562,16.520000457763672,16.799999237060547,2800,0.0,0.0
2020-10-05 00:00:00-04:00,16.65999984741211,17.010000228881836,15.609999656677246,15.819999694824219,13386,0.0,0.0
2020-10-06 00:00:00-04:00,16.100000381469727,16.729999542236328,15.609999656677246,15.75,19800,0.0,0.0
2020-10-07 00:00:00-04:00,15.609999656677246,15.75,14.833000183105469,14.979999542236328,38229,0.0,0.0
2020-10-08 00:00:00-04:00,15.1899995803833,16.239999771118164,14.350000381469727,14.979999542236328,65229,0.0,0.0
2020-10-09 00:00:00-04:00,15.1899995803833,15.399999618530273,13.649999618530273,14.420000076293945,40543,0.0,0.0
2020-10-12 00:00:00-04:00,14.489999771118164,14.630000114440918,13.649999618530273,13.859999656677246,19286,0.0,0.0
2020-10-13 00:00:00-04:00,14.420000076293945,14.420000076293945,13.300000190734863,14.069999694824219,17829,0.0,0.0
2020-10-14 00:00:00-04:00,14.420000076293945,14.699999809265137,12.949999809265137,13.579999923706055,50100,0.0,0.0
2020-10-15 00:00:00-04:00,14.279999732971191,14.279999732971191,12.25,12.460000038146973,54257,0.0,0.0
2020-10-16 00:00:00-04:00,12.039999961853027,12.949999809265137,11.479999542236328,11.970000267028809,34400,0.0,0.0
2020-10-19 00:00:00-04:00,12.529999732971191,12.670000076293945,11.550000190734863,11.760000228881836,31971,0.0,0.0
2020-10-20 00:00:00-04:00,12.039999961853027,12.145000457763672,10.640000343322754,11.619999885559082,37800,0.0,0.0
2020-10-21 00:00:00-04:00,11.970000267028809,12.529999732971191,11.550000190734863,11.550000190734863,39814,0.0,0.0
2020-10-22 00:00:00-04:00,11.829999923706055,11.899999618530273,11.199999809265137,11.40999984741211,20457,0.0,0.0
2020-10-23 00:00:00-04:00,11.760000228881836,12.600000381469727,11.199999809265137,11.619999885559082,137400,0.0,0.0
2020-10-26 00:00:00-04:00,12.145000457763672,12.25,10.569999694824219,10.920000076293945,60214,0.0,0.0
2020-10-27 00:00:00-04:00,10.920000076293945,11.130000114440918,10.149999618530273,10.989999771118164,69729,0.0,0.0
2020-10-28 00:00:00-04:00,10.5,10.786999702453613,10.010000228881836,10.710000038146973,32286,0.0,0.0
2020-10-29 00:00:00-04:00,10.710000038146973,11.199999809265137,10.010000228881836,10.920000076293945,130243,0.0,0.0
2020-10-30 00:00:00-04:00,10.920000076293945,11.199999809265137,9.869999885559082,10.359999656677246,49800,0.0,0.0
2020-11-02 00:00:00-05:00,10.5,10.569999694824219,9.9399995803833,10.5,20957,0.0,0.0
2020-11-03 00:00:00-05:00,10.640000343322754,11.130000114440918,9.9399995803833,10.779999732971191,40057,0.0,0.0
2020-11-04 00:00:00-05:00,10.710000038146973,10.710000038146973,9.869999885559082,10.010000228881836,48343,0.0,0.0
2020-11-05 00:00:00-05:00,10.079999923706055,10.380999565124512,9.9399995803833,10.079999923706055,24871,0.0,0.0
2020-11-06 00:00:00-05:00,9.9399995803833,9.98900032043457,9.100000381469727,9.380000114440918,30757,0.0,0.0
2020-11-09 00:00:00-05:00,9.800000190734863,9.800000190734863,8.925000190734863,9.170000076293945,27686,0.0,0.0
2020-11-10 00:00:00-05:00,9.029999732971191,9.3100004196167,8.819999694824219,9.3100004196167,30600,0.0,0.0
2020-11-11 00:00:00-05:00,9.170000076293945,9.98900032043457,9.170000076293945,9.449999809265137,29071,0.0,0.0
2020-11-12 00:00:00-05:00,9.449999809265137,10.359999656677246,8.819999694824219,9.170000076293945,158729,0.0,0.0
2020-11-13 00:00:00-05:00,9.057999610900879,9.484999656677246,8.819999694824219,9.380000114440918,39357,0.0,0.0
2020-11-16 00:00:00-05:00,9.239999771118164,9.380000114440918,8.960000038146973,9.239999771118164,34857,0.0,0.0
2020-11-17 00:00:00-05:00,9.100000381469727,9.14900016784668,8.819999694824219,9.029999732971191,37557,0.0,0.0
2020-11-18 00:00:00-05:00,8.960000038146973,9.65999984741211,8.609999656677246,9.59000015258789,81700,0.0,0.0
2020-11-19 00:00:00-05:00,9.59000015258789,10.989999771118164,9.59000015258789,10.569999694824219,213186,0.0,0.0
2020-11-20 00:00:00-05:00,10.430000305175781,10.989999771118164,9.800000190734863,10.289999961853027,69829,0.0,0.0
2020-11-23 00:00:00-05:00,10.5,10.5,9.800000190734863,10.289999961853027,40629,0.0,0.0
2020-11-24 00:00:00-05:00,10.493000030517578,10.920000076293945,10.010000228881836,10.513999938964844,70829,0.0,0.0
2020-11-25 00:00:00-05:00,10.710000038146973,12.460000038146973,10.359999656677246,12.109999656677246,217571,0.0,0.0
2020-11-27 00:00:00-05:00,11.899999618530273,12.25,11.34000015258789,11.899999618530273,56429,0.0,0.0
2020-11-30 00:00:00-05:00,11.970000267028809,12.277999877929688,11.192999839782715,11.970000267028809,39371,0.0,0.0
2020-12-01 00:00:00-05:00,12.25,13.300000190734863,11.760000228881836,12.670000076293945,133429,0.0,0.0
2020-12-02 00:00:00-05:00,11.970000267028809,12.480999946594238,11.34000015258789,11.899999618530273,50300,0.0,0.0
2020-12-03 00:00:00-05:00,11.970000267028809,12.460000038146973,11.899999618530273,12.354999542236328,29329,0.0,0.0
2020-12-04 00:00:00-05:00,12.180000305175781,12.529999732971191,11.550000190734863,11.550000190734863,31914,0.0,0.0
2020-12-07 00:00:00-05:00,11.40999984741211,11.788000106811523,10.920000076293945,11.270000457763672,30814,0.0,0.0
2020-12-08 00:00:00-05:00,11.130000114440918,11.760000228881836,11.130000114440918,11.270000457763672,21543,0.0,0.0
2020-12-09 00:00:00-05:00,11.40999984741211,12.039999961853027,10.640000343322754,10.850000381469727,39229,0.0,0.0
2020-12-10 00:00:00-05:00,10.850000381469727,11.024999618530273,10.149999618530273,10.779999732971191,28414,0.0,0.0
2020-12-11 00:00:00-05:00,10.779999732971191,11.34000015258789,10.779999732971191,11.199999809265137,16171,0.0,0.0
2020-12-14 00:00:00-05:00,11.199999809265137,11.34000015258789,10.569999694824219,10.633000373840332,22614,0.0,0.0
2020-12-15 00:00:00-05:00,10.430000305175781,10.751999855041504,10.220000267028809,10.359999656677246,17671,0.0,0.0
2020-12-16 00:00:00-05:00,10.220000267028809,10.486000061035156,9.65999984741211,10.359999656677246,20543,0.0,0.0
2020-12-17 00:00:00-05:00,10.359999656677246,10.619000434875488,9.9399995803833,10.430000305175781,17071,0.0,0.0
2020-12-18 00:00:00-05:00,10.289999961853027,10.920000076293945,10.052000045776367,10.779999732971191,17829,0.0,0.0
2020-12-21 00:00:00-05:00,10.920000076293945,11.0600004196167,10.395000457763672,10.989999771118164,12400,0.0,0.0
2020-12-22 00:00:00-05:00,11.130000114440918,11.270000457763672,10.850000381469727,11.270000457763672,15443,0.0,0.0
2020-12-23 00:00:00-05:00,11.479999542236328,11.829999923706055,10.920000076293945,10.989999771118164,16443,0.0,0.0
2020-12-24 00:00:00-05:00,11.270000457763672,11.270000457763672,10.5,10.920000076293945,7757,0.0,0.0
2020-12-28 00:00:00-05:00,10.359999656677246,10.758999824523926,9.869999885559082,10.149999618530273,39371,0.0,0.0
2020-12-29 00:00:00-05:00,10.359999656677246,10.42300033569336,9.800000190734863,10.149999618530273,33086,0.0,0.0
2020-12-30 00:00:00-05:00,10.010000228881836,10.989999771118164,9.869999885559082,10.5,34400,0.0,0.0
2020-12-31 00:00:00-05:00,10.451000213623047,10.53499984741211,9.869999885559082,10.010000228881836,23957,0.0,0.0
2021-01-04 00:00:00-05:00,10.079999923706055,12.25,10.010000228881836,11.199999809265137,211900,0.0,0.0
2021-01-05 00:00:00-05:00,11.199999809265137,11.375,10.710000038146973,10.850000381469727,41771,0.0,0.0
2021-01-06 00:00:00-05:00,11.34000015258789,11.34000015258789,10.248000144958496,10.5,40843,0.0,0.0
2021-01-07 00:00:00-05:00,10.640000343322754,16.450000762939453,10.430000305175781,15.609999656677246,742971,0.0,0.0
2021-01-08 00:00:00-05:00,13.930000305175781,15.260000228881836,13.15999984741211,15.260000228881836,207871,0.0,0.0
2021-01-11 00:00:00-05:00,14.069999694824219,15.75,14.0,14.979999542236328,78343,0.0,0.0
2021-01-12 00:00:00-05:00,14.90999984741211,15.399999618530273,13.09000015258789,13.4399995803833,118200,0.0,0.0
2021-01-13 00:00:00-05:00,13.510000228881836,14.489999771118164,13.369999885559082,14.279999732971191,42829,0.0,0.0
2021-01-14 00:00:00-05:00,14.210000038146973,15.75,14.0,15.399999618530273,85986,0.0,0.0
2021-01-15 00:00:00-05:00,15.609999656677246,16.520000457763672,14.210000038146973,14.489999771118164,97000,0.0,0.0
2021-01-19 00:00:00-05:00,15.399999618530273,15.399999618530273,13.789999961853027,14.279999732971191,87471,0.0,0.0
2021-01-20 00:00:00-05:00,14.0,14.420000076293945,13.649999618530273,13.859999656677246,55657,0.0,0.0
2021-01-21 00:00:00-05:00,14.140000343322754,14.350000381469727,13.649999618530273,13.859999656677246,39243,0.0,0.0
2021-01-22 00:00:00-05:00,13.930000305175781,13.930000305175781,13.173999786376953,13.300000190734863,47886,0.0,0.0
2021-01-25 00:00:00-05:00,13.510000228881836,23.8700008392334,13.4399995803833,19.25,3740571,0.0,0.0
2021-01-26 00:00:00-05:00,17.639999389648438,19.25,16.239999771118164,16.520000457763672,397386,0.0,0.0
2021-01-27 00:00:00-05:00,16.309999465942383,17.079999923706055,14.90999984741211,15.680000305175781,217771,0.0,0.0
2021-01-28 00:00:00-05:00,15.050000190734863,15.680000305175781,14.0,14.699999809265137,111743,0.0,0.0
2021-01-29 00:00:00-05:00,15.470000267028809,16.450000762939453,14.350000381469727,14.770000457763672,112786,0.0,0.0
2021-02-01 00:00:00-05:00,15.680000305175781,15.960000038146973,14.692999839782715,15.260000228881836,100571,0.0,0.0
2021-02-02 00:00:00-05:00,15.75,15.890000343322754,14.5600004196167,14.630000114440918,76957,0.0,0.0
2021-02-03 00:00:00-05:00,14.770000457763672,15.819999694824219,14.699999809265137,15.75,97043,0.0,0.0
2021-02-04 00:00:00-05:00,16.170000076293945,20.3700008392334,16.14900016784668,18.479999542236328,449386,0.0,0.0
2021-02-05 00:00:00-05:00,18.549999237060547,22.049999237060547,17.079999923706055,21.6299991607666,424586,0.0,0.0
2021-02-08 00:00:00-05:00,21.308000564575195,25.270000457763672,21.139999389648438,25.059999465942383,292843,0.0,0.0
2021-02-09 00:00:00-05:00,24.850000381469727,31.43000030517578,22.1200008392334,26.739999771118164,398900,0.0,0.0
2021-02-10 00:00:00-05:00,28.350000381469727,28.350000381469727,24.149999618530273,26.25,141243,0.0,0.0
2021-02-11 00:00:00-05:00,26.25,26.31999969482422,23.100000381469727,23.65999984741211,105357,0.0,0.0
2021-02-12 00:00:00-05:00,23.170000076293945,25.829999923706055,23.100000381469727,24.360000610351562,74714,0.0,0.0
2021-02-16 00:00:00-05:00,21.489999771118164,22.1200008392334,19.809999465942383,20.3700008392334,311814,0.0,0.0
2021-02-17 00:00:00-05:00,19.739999771118164,20.020000457763672,18.270000457763672,19.040000915527344,131557,0.0,0.0
2021-02-18 00:00:00-05:00,19.389999389648438,23.030000686645508,18.899999618530273,21.06999969482422,843343,0.0,0.0
2021-02-19 00:00:00-05:00,24.920000076293945,26.530000686645508,22.05699920654297,25.059999465942383,748214,0.0,0.0
2021-02-22 00:00:00-05:00,22.610000610351562,24.149999618530273,21.420000076293945,21.559999465942383,134143,0.0,0.0
2021-02-23 00:00:00-05:00,20.09000015258789,20.09000015258789,17.56999969482422,18.40999984741211,109157,0.0,0.0
2021-02-24 00:00:00-05:00,18.6200008392334,20.649999618530273,18.479999542236328,20.579999923706055,57714,0.0,0.0
2021-02-25 00:00:00-05:00,20.790000915527344,21.0,18.899999618530273,19.31999969482422,94000,0.0,0.0
2021-02-26 00:00:00-05:00,19.110000610351562,19.8799991607666,17.639999389648438,18.200000762939453,68857,0.0,0.0
2021-03-01 00:00:00-05:00,18.549999237060547,20.09000015258789,18.354000091552734,19.040000915527344,78071,0.0,0.0
2021-03-02 00:00:00-05:00,18.718000411987305,19.25,17.850000381469727,17.850000381469727,51500,0.0,0.0
2021-03-03 00:00:00-05:00,17.989999771118164,18.059999465942383,16.65999984741211,16.940000534057617,49157,0.0,0.0
2021-03-04 00:00:00-05:00,16.59000015258789,16.757999420166016,14.069999694824219,14.84000015258789,60871,0.0,0.0
2021-03-05 00:00:00-05:00,14.699999809265137,15.119999885559082,12.670000076293945,14.420000076293945,55500,0.0,0.0
2021-03-08 00:00:00-05:00,14.630000114440918,18.059999465942383,14.343000411987305,18.059999465942383,99557,0.0,0.0
2021-03-09 00:00:00-05:00,17.780000686645508,19.18000030517578,17.149999618530273,18.270000457763672,89314,0.0,0.0
2021-03-10 00:00:00-05:00,18.760000228881836,18.934999465942383,17.079999923706055,17.850000381469727,25943,0.0,0.0
2021-03-11 00:00:00-05:00,18.969999313354492,19.040000915527344,18.024999618530273,19.040000915527344,30200,0.0,0.0
2021-03-12 00:00:00-05:00,18.34000015258789,18.969999313354492,17.989999771118164,18.899999618530273,32657,0.0,0.0
2021-03-15 00:00:00-04:00,20.15999984741211,21.979999542236328,19.670000076293945,21.979999542236328,112929,0.0,0.0
2021-03-16 00:00:00-04:00,21.700000762939453,22.959999084472656,21.0,21.0,54629,0.0,0.0
2021-03-17 00:00:00-04:00,20.299999237060547,22.049999237060547,19.950000762939453,21.770000457763672,86357,0.0,0.0
2021-03-18 00:00:00-04:00,21.0,21.69300079345703,19.915000915527344,20.09000015258789,47929,0.0,0.0
2021-03-19 00:00:00-04:00,20.15999984741211,21.700000762939453,20.15999984741211,20.649999618530273,36343,0.0,0.0
2021-03-22 00:00:00-04:00,20.3700008392334,21.68600082397461,20.3700008392334,20.3700008392334,48571,0.0,0.0
2021-03-23 00:00:00-04:00,20.860000610351562,20.860000610351562,17.709999084472656,17.850000381469727,100114,0.0,0.0
2021-03-24 00:00:00-04:00,18.1299991607666,18.1299991607666,16.309999465942383,16.450000762939453,64343,0.0,0.0
2021-03-25 00:00:00-04:00,16.65999984741211,17.219999313354492,15.680000305175781,16.59000015258789,38829,0.0,0.0
2021-03-26 00:00:00-04:00,16.65999984741211,16.8700008392334,14.5600004196167,14.630000114440918,60471,0.0,0.0
2021-03-29 00:00:00-04:00,15.329999923706055,17.56999969482422,14.175000190734863,17.079999923706055,108443,0.0,0.0
2021-03-30 00:00:00-04:00,16.450000762939453,17.010000228881836,15.609999656677246,16.520000457763672,53271,0.0,0.0
2021-03-31 00:00:00-04:00,16.309999465942383,18.479999542236328,15.960000038146973,18.270000457763672,51614,0.0,0.0
2021-04-01 00:00:00-04:00,18.6200008392334,19.25,16.8700008392334,18.969999313354492,75643,0.0,0.0
2021-04-05 00:00:00-04:00,18.795000076293945,21.0,18.690000534057617,19.809999465942383,104729,0.0,0.0
2021-04-06 00:00:00-04:00,19.600000381469727,19.950000762939453,17.850000381469727,18.1299991607666,72900,0.0,0.0
2021-04-07 00:00:00-04:00,18.059999465942383,18.1299991607666,15.960000038146973,15.960000038146973,56314,0.0,0.0
2021-04-08 00:00:00-04:00,17.290000915527344,17.360000610351562,16.3799991607666,16.940000534057617,34129,0.0,0.0
2021-04-09 00:00:00-04:00,16.59000015258789,17.156999588012695,15.050000190734863,15.609999656677246,46929,0.0,0.0
2021-04-12 00:00:00-04:00,15.890000343322754,15.960000038146973,14.979999542236328,15.050000190734863,67757,0.0,0.0
2021-04-13 00:00:00-04:00,14.90999984741211,15.722000122070312,14.350000381469727,14.699999809265137,28057,0.0,0.0
2021-04-14 00:00:00-04:00,14.630000114440918,16.450000762939453,14.279999732971191,15.491000175476074,105271,0.0,0.0
2021-04-15 00:00:00-04:00,16.030000686645508,19.110000610351562,15.470000267028809,16.030000686645508,1743757,0.0,0.0
2021-04-16 00:00:00-04:00,16.520000457763672,16.520000457763672,14.279999732971191,15.050000190734863,166543,0.0,0.0
2021-04-19 00:00:00-04:00,14.5600004196167,16.030000686645508,13.789999961853027,13.859999656677246,76957,0.0,0.0
2021-04-20 00:00:00-04:00,13.859999656677246,13.930000305175781,13.020000457763672,13.300000190734863,69214,0.0,0.0
2021-04-21 00:00:00-04:00,13.4399995803833,15.399999618530273,13.020000457763672,15.1899995803833,139043,0.0,0.0
2021-04-22 00:00:00-04:00,15.463000297546387,15.463000297546387,14.069999694824219,14.699999809265137,99529,0.0,0.0
2021-04-23 00:00:00-04:00,14.5600004196167,15.260000228881836,14.489999771118164,15.1899995803833,63686,0.0,0.0
2021-04-26 00:00:00-04:00,15.050000190734863,16.799999237060547,14.90999984741211,16.170000076293945,92700,0.0,0.0
2021-04-27 00:00:00-04:00,15.399999618530273,15.680000305175781,13.859999656677246,15.119999885559082,641957,0.0,0.0
2021-04-28 00:00:00-04:00,16.100000381469727,16.3799991607666,13.663999557495117,15.399999618530273,747157,0.0,0.0
2021-04-29 00:00:00-04:00,15.329999923706055,15.329999923706055,14.175000190734863,14.420000076293945,135900,0.0,0.0
2021-04-30 00:00:00-04:00,14.140000343322754,14.5600004196167,13.649999618530273,13.789999961853027,92486,0.0,0.0
2021-05-03 00:00:00-04:00,13.720000267028809,13.720000267028809,11.899999618530273,12.529999732971191,268529,0.0,0.0
2021-05-04 00:00:00-04:00,11.970000267028809,12.333999633789062,10.640000343322754,11.550000190734863,183214,0.0,0.0
2021-05-05 00:00:00-04:00,11.0600004196167,11.899999618530273,10.989999771118164,11.40999984741211,68671,0.0,0.0
2021-05-06 00:00:00-04:00,11.270000457763672,11.550000190734863,10.850000381469727,11.0600004196167,82500,0.0,0.0
2021-05-07 00:00:00-04:00,10.920000076293945,11.395999908447266,10.920000076293945,11.199999809265137,53357,0.0,0.0
2021-05-10 00:00:00-04:00,10.989999771118164,11.829999923706055,10.779999732971191,11.199999809265137,94843,0.0,0.0
2021-05-11 00:00:00-04:00,11.130000114440918,11.550000190734863,9.869999885559082,10.359999656677246,97257,0.0,0.0
2021-05-12 00:00:00-04:00,10.430000305175781,10.710000038146973,10.010000228881836,10.289999961853027,86114,0.0,0.0
2021-05-13 00:00:00-04:00,10.359999656677246,10.569999694824219,9.869999885559082,10.010000228881836,34543,0.0,0.0
2021-05-14 00:00:00-04:00,10.079999923706055,10.359999656677246,9.869999885559082,10.149999618530273,45271,0.0,0.0
2021-05-17 00:00:00-04:00,9.9399995803833,10.710000038146973,9.904999732971191,10.640000343322754,37529,0.0,0.0
2021-05-18 00:00:00-04:00,10.5,11.199999809265137,10.5,10.850000381469727,39329,0.0,0.0
2021-05-19 00:00:00-04:00,10.710000038146973,10.793999671936035,10.359999656677246,10.640000343322754,31414,0.0,0.0
2021-05-20 00:00:00-04:00,10.640000343322754,10.920000076293945,10.5,10.640000343322754,25743,0.0,0.0
2021-05-21 00:00:00-04:00,10.850000381469727,10.989999771118164,10.149999618530273,10.359999656677246,36771,0.0,0.0
2021-05-24 00:00:00-04:00,10.289999961853027,10.289999961853027,9.239999771118164,9.274999618530273,132600,0.0,0.0
2021-05-25 00:00:00-04:00,9.029999732971191,9.800000190734863,8.960000038146973,9.59000015258789,400086,0.0,0.0
2021-05-26 00:00:00-04:00,9.380000114440918,9.729999542236328,9.3100004196167,9.380000114440918,85286,0.0,0.0
2021-05-27 00:00:00-04:00,9.449999809265137,10.359999656677246,9.449999809265137,9.65999984741211,182971,0.0,0.0
2021-05-28 00:00:00-04:00,10.149999618530273,10.989999771118164,9.9399995803833,10.710000038146973,173614,0.0,0.0
2021-06-01 00:00:00-04:00,10.640000343322754,10.850000381469727,10.149999618530273,10.850000381469727,113743,0.0,0.0
2021-06-02 00:00:00-04:00,10.968999862670898,12.25,10.850000381469727,12.180000305175781,190143,0.0,0.0
2021-06-03 00:00:00-04:00,15.75,17.360000610351562,11.270000457763672,11.40999984741211,1486471,0.0,0.0
2021-06-04 00:00:00-04:00,11.550000190734863,13.229999542236328,10.710000038146973,11.270000457763672,909943,0.0,0.0
2021-06-07 00:00:00-04:00,11.40999984741211,14.210000038146973,11.0600004196167,13.930000305175781,961686,0.0,0.0
2021-06-08 00:00:00-04:00,13.789999961853027,13.789999961853027,11.970000267028809,12.670000076293945,416529,0.0,0.0
2021-06-09 00:00:00-04:00,12.8100004196167,14.630000114440918,12.180000305175781,14.0,1214686,0.0,0.0
2021-06-10 00:00:00-04:00,16.799999237060547,26.25,15.960000038146973,22.469999313354492,28719600,0.0,0.0
2021-06-11 00:00:00-04:00,20.15999984741211,22.260000228881836,16.799999237060547,18.760000228881836,2741057,0.0,0.0
2021-06-14 00:00:00-04:00,18.690000534057617,21.559999465942383,18.34000015258789,19.110000610351562,1623186,0.0,0.0
2021-06-15 00:00:00-04:00,19.18000030517578,19.600000381469727,17.56999969482422,19.459999084472656,651371,0.0,0.0
2021-06-16 00:00:00-04:00,18.690000534057617,18.760000228881836,16.940000534057617,17.149999618530273,525986,0.0,0.0
2021-06-17 00:00:00-04:00,17.290000915527344,17.56999969482422,16.100000381469727,16.309999465942383,320529,0.0,0.0
2021-06-18 00:00:00-04:00,16.030000686645508,16.520000457763672,15.1899995803833,15.470000267028809,180857,0.0,0.0
2021-06-21 00:00:00-04:00,15.260000228881836,17.709999084472656,15.260000228881836,15.75,474243,0.0,0.0
2021-06-22 00:00:00-04:00,15.609999656677246,16.3799991607666,14.699999809265137,15.539999961853027,346914,0.0,0.0
2021-06-23 00:00:00-04:00,15.960000038146973,16.799999237060547,15.609999656677246,16.239999771118164,330586,0.0,0.0
2021-06-24 00:00:00-04:00,16.65999984741211,17.709999084472656,16.520000457763672,17.010000228881836,251071,0.0,0.0
2021-06-25 00:00:00-04:00,17.5,18.1299991607666,16.309999465942383,17.5,506100,0.0,0.0
2021-06-28 00:00:00-04:00,17.520999908447266,18.549999237060547,17.5,18.059999465942383,274129,0.0,0.0
2021-06-29 00:00:00-04:00,17.709999084472656,22.295000076293945,16.799999237060547,21.6299991607666,2997671,0.0,0.0
2021-06-30 00:00:00-04:00,19.670000076293945,19.76099967956543,17.5,18.270000457763672,867243,0.0,0.0
2021-07-01 00:00:00-04:00,18.200000762939453,20.299999237060547,17.56999969482422,19.459999084472656,856986,0.0,0.0
2021-07-02 00:00:00-04:00,20.020000457763672,20.229999542236328,18.200000762939453,18.829999923706055,455443,0.0,0.0
2021-07-06 00:00:00-04:00,18.899999618530273,21.209999084472656,17.709999084472656,20.719999313354492,1013814,0.0,0.0
2021-07-07 00:00:00-04:00,19.670000076293945,22.68000030517578,18.549999237060547,20.299999237060547,1721000,0.0,0.0
2021-07-08 00:00:00-04:00,18.549999237060547,24.290000915527344,18.200000762939453,24.149999618530273,2344143,0.0,0.0
2021-07-09 00:00:00-04:00,22.959999084472656,27.020000457763672,22.469999313354492,24.5,2731943,0.0,0.0
2021-07-12 00:00:00-04:00,23.729999542236328,27.510000228881836,23.170000076293945,25.40999984741211,1436729,0.0,0.0
2021-07-13 00:00:00-04:00,25.969999313354492,26.739999771118164,22.540000915527344,22.68000030517578,713471,0.0,0.0
2021-07-14 00:00:00-04:00,22.469999313354492,22.469999313354492,19.739999771118164,19.8799991607666,594557,0.0,0.0
2021-07-15 00:00:00-04:00,19.600000381469727,21.06999969482422,16.940000534057617,17.5,830629,0.0,0.0
2021-07-16 00:00:00-04:00,18.242000579833984,19.31999969482422,16.799999237060547,17.010000228881836,379443,0.0,0.0
2021-07-19 00:00:00-04:00,15.791999816894531,18.059999465942383,15.399999618530273,17.360000610351562,385271,0.0,0.0
2021-07-20 00:00:00-04:00,16.940000534057617,18.549999237060547,16.65999984741211,17.639999389648438,489457,0.0,0.0
2021-07-21 00:00:00-04:00,17.709999084472656,19.950000762939453,17.709999084472656,18.899999618530273,383800,0.0,0.0
2021-07-22 00:00:00-04:00,18.899999618530273,22.260000228881836,18.270000457763672,19.809999465942383,903786,0.0,0.0
2021-07-23 00:00:00-04:00,20.09000015258789,20.790000915527344,18.969999313354492,18.969999313354492,333014,0.0,0.0
2021-07-26 00:00:00-04:00,20.860000610351562,22.329999923706055,19.950000762939453,21.0,861300,0.0,0.0
2021-07-27 00:00:00-04:00,20.649999618530273,20.67799949645996,18.760000228881836,19.8799991607666,428857,0.0,0.0
2021-07-28 00:00:00-04:00,20.719999313354492,21.979999542236328,20.510000228881836,21.139999389648438,546871,0.0,0.0
2021-07-29 00:00:00-04:00,21.280000686645508,22.889999389648438,20.229999542236328,21.700000762939453,400057,0.0,0.0
2021-07-30 00:00:00-04:00,21.350000381469727,23.729999542236328,21.139999389648438,23.65999984741211,331843,0.0,0.0
2021-08-02 00:00:00-04:00,23.450000762939453,24.360000610351562,22.329999923706055,23.239999771118164,272871,0.0,0.0
2021-08-03 00:00:00-04:00,22.81999969482422,23.100000381469727,21.280000686645508,22.68000030517578,203229,0.0,0.0
2021-08-04 00:00:00-04:00,22.68000030517578,23.59000015258789,22.399999618530273,23.239999771118164,232771,0.0,0.0
2021-08-05 00:00:00-04:00,22.959999084472656,24.360000610351562,21.84000015258789,24.079999923706055,595029,0.0,0.0
2021-08-06 00:00:00-04:00,37.45000076293945,39.27000045776367,30.520000457763672,34.02000045776367,16878200,0.0,0.0
2021-08-09 00:00:00-04:00,39.970001220703125,46.060001373291016,36.88999938964844,37.79999923706055,15050000,0.0,0.0
2021-08-10 00:00:00-04:00,35.0,35.0,28.90999984741211,29.959999084472656,2440500,0.0,0.0
2021-08-11 00:00:00-04:00,30.65999984741211,33.529998779296875,28.209999084472656,28.700000762939453,1338114,0.0,0.0
2021-08-12 00:00:00-04:00,27.860000610351562,28.489999771118164,25.899999618530273,27.440000534057617,926329,0.0,0.0
2021-08-13 00:00:00-04:00,30.030000686645508,32.060001373291016,27.299999237060547,29.049999237060547,2200629,0.0,0.0
2021-08-16 00:00:00-04:00,28.489999771118164,33.31999969482422,28.280000686645508,32.900001525878906,1696571,0.0,0.0
2021-08-17 00:00:00-04:00,29.610000610351562,30.799999237060547,27.649999618530273,28.350000381469727,776214,0.0,0.0
2021-08-18 00:00:00-04:00,28.139999389648438,30.520000457763672,27.3700008392334,27.719999313354492,721286,0.0,0.0
2021-08-19 00:00:00-04:00,27.229999542236328,27.579999923706055,24.149999618530273,25.1299991607666,1046700,0.0,0.0
2021-08-20 00:00:00-04:00,26.10300064086914,29.1200008392334,25.549999237060547,28.139999389648438,1189857,0.0,0.0
2021-08-23 00:00:00-04:00,29.81999969482422,31.149999618530273,28.84000015258789,29.610000610351562,1297600,0.0,0.0
2021-08-24 00:00:00-04:00,29.253000259399414,31.219999313354492,28.350000381469727,28.700000762939453,857657,0.0,0.0
2021-08-25 00:00:00-04:00,28.90999984741211,30.59000015258789,28.0,29.959999084472656,652371,0.0,0.0
2021-08-26 00:00:00-04:00,29.68000030517578,32.20000076293945,29.260000228881836,31.079999923706055,984200,0.0,0.0
2021-08-27 00:00:00-04:00,32.33300018310547,39.54999923706055,31.290000915527344,36.540000915527344,2909657,0.0,0.0
2021-08-30 00:00:00-04:00,36.435001373291016,53.7599983215332,36.400001525878906,44.79999923706055,13373586,0.0,0.0
2021-08-31 00:00:00-04:00,42.321998596191406,47.25,38.71699905395508,45.43000030517578,2546786,0.0,0.0
2021-09-01 00:00:00-04:00,44.79999923706055,52.0099983215332,43.470001220703125,46.40999984741211,4489114,0.0,0.0
2021-09-02 00:00:00-04:00,48.250999450683594,83.86000061035156,45.9900016784668,65.80000305175781,35100414,0.0,0.0
2021-09-03 00:00:00-04:00,50.400001525878906,53.47999954223633,43.81999969482422,44.52000045776367,12498971,0.0,0.0
2021-09-07 00:00:00-04:00,45.08000183105469,48.09000015258789,40.040000915527344,42.349998474121094,4704643,0.0,0.0
2021-09-08 00:00:00-04:00,43.68000030517578,52.08000183105469,42.630001068115234,49.560001373291016,12576900,0.0,0.0
2021-09-09 00:00:00-04:00,48.369998931884766,53.27000045776367,47.040000915527344,50.33000183105469,6308871,0.0,0.0
2021-09-10 00:00:00-04:00,50.59600067138672,51.52000045776367,45.56999969482422,45.849998474121094,3862114,0.0,0.0
2021-09-13 00:00:00-04:00,45.91999816894531,46.34000015258789,41.797000885009766,44.65999984741211,2200629,0.0,0.0
2021-09-14 00:00:00-04:00,44.45000076293945,45.9900016784668,40.11000061035156,40.810001373291016,2066471,0.0,0.0
2021-09-15 00:00:00-04:00,41.439998626708984,55.09000015258789,39.30500030517578,51.45000076293945,14606329,0.0,0.0
2021-09-16 00:00:00-04:00,48.369998931884766,51.722999572753906,45.63999938964844,46.47999954223633,4362629,0.0,0.0
2021-09-17 00:00:00-04:00,45.290000915527344,47.529998779296875,43.400001525878906,43.81999969482422,1968071,0.0,0.0
2021-09-20 00:00:00-04:00,40.66999816894531,42.4900016784668,38.5,40.31999969482422,1950871,0.0,0.0
2021-09-21 00:00:00-04:00,43.119998931884766,44.72999954223633,40.25,40.529998779296875,2018900,0.0,0.0
2021-09-22 00:00:00-04:00,40.529998779296875,44.59000015258789,40.38999938964844,44.45000076293945,1888814,0.0,0.0
2021-09-23 00:00:00-04:00,44.310001373291016,46.47999954223633,43.119998931884766,45.290000915527344,1559543,0.0,0.0
2021-09-24 00:00:00-04:00,41.89500045776367,43.75,40.95000076293945,41.15999984741211,1500671,0.0,0.0
2021-09-27 00:00:00-04:00,41.29999923706055,52.5,40.95000076293945,47.11000061035156,7834800,0.0,0.0
2021-09-28 00:00:00-04:00,45.0099983215332,45.63999938964844,42.349998474121094,42.77000045776367,1896229,0.0,0.0
2021-09-29 00:00:00-04:00,42.77000045776367,43.189998626708984,40.040000915527344,40.95000076293945,1839814,0.0,0.0
2021-09-30 00:00:00-04:00,41.05500030517578,42.4900016784668,39.619998931884766,41.58000183105469,1372157,0.0,0.0
2021-10-01 00:00:00-04:00,43.20399856567383,44.72999954223633,40.95000076293945,41.790000915527344,1712243,0.0,0.0
2021-10-04 00:00:00-04:00,40.95000076293945,42.90999984741211,39.689998626708984,41.93000030517578,1426400,0.0,0.0
2021-10-05 00:00:00-04:00,41.86000061035156,45.63999938964844,41.439998626708984,43.400001525878906,4398000,0.0,0.0
2021-10-06 00:00:00-04:00,45.779998779296875,49.70000076293945,43.959999084472656,48.29999923706055,7780071,0.0,0.0
2021-10-07 00:00:00-04:00,46.49399948120117,49.41999816894531,44.16999816894531,46.619998931884766,3945371,0.0,0.0
2021-10-08 00:00:00-04:00,46.20000076293945,47.31999969482422,44.59000015258789,46.83000183105469,1987529,0.0,0.0
2021-10-11 00:00:00-04:00,48.29999923706055,58.2400016784668,47.66999816894531,57.959999084472656,10307514,0.0,0.0
2021-10-12 00:00:00-04:00,54.957000732421875,55.86000061035156,48.439998626708984,49.209999084472656,5016514,0.0,0.0
2021-10-13 00:00:00-04:00,53.47999954223633,59.0099983215332,49.70000076293945,56.90999984741211,11001057,0.0,0.0
2021-10-14 00:00:00-04:00,56.525001525878906,60.83000183105469,54.040000915527344,55.29999923706055,8533786,0.0,0.0
2021-10-15 00:00:00-04:00,57.85499954223633,60.130001068115234,55.5099983215332,56.0,7409443,0.0,0.0
2021-10-18 00:00:00-04:00,54.70500183105469,58.2400016784668,53.27000045776367,54.31999969482422,4136571,0.0,0.0
2021-10-19 00:00:00-04:00,55.650001525878906,56.630001068115234,51.345001220703125,53.619998931884766,3692986,0.0,0.0
2021-10-20 00:00:00-04:00,53.40999984741211,57.68000030517578,52.08000183105469,52.9900016784668,4769957,0.0,0.0
2021-10-21 00:00:00-04:00,51.93299865722656,52.35300064086914,47.599998474121094,49.349998474121094,3294271,0.0,0.0
2021-10-22 00:00:00-04:00,47.95000076293945,48.09000015258789,44.099998474121094,45.5,2540257,0.0,0.0
2021-10-25 00:00:00-04:00,45.56999969482422,51.65999984741211,44.59000015258789,48.93000030517578,3271071,0.0,0.0
2021-10-26 00:00:00-04:00,48.93000030517578,49.349998474121094,44.65999984741211,44.939998626708984,1904529,0.0,0.0
2021-10-27 00:00:00-04:00,44.380001068115234,46.54999923706055,43.75,45.150001525878906,1355329,0.0,0.0
2021-10-28 00:00:00-04:00,45.849998474121094,46.20000076293945,43.81999969482422,44.59000015258789,1449700,0.0,0.0
2021-10-29 00:00:00-04:00,44.380001068115234,45.67499923706055,42.349998474121094,45.08000183105469,1714043,0.0,0.0
2021-11-01 00:00:00-04:00,45.290000915527344,48.439998626708984,44.79999923706055,47.18000030517578,1373829,0.0,0.0
2021-11-02 00:00:00-04:00,48.02000045776367,49.70000076293945,45.5,46.20000076293945,2099314,0.0,0.0
2021-11-03 00:00:00-04:00,45.625999450683594,46.30500030517578,44.16999816894531,45.150001525878906,1033943,0.0,0.0
2021-11-04 00:00:00-04:00,45.220001220703125,50.61000061035156,45.08000183105469,46.619998931884766,3119429,0.0,0.0
2021-11-05 00:00:00-04:00,46.34000015258789,47.775001525878906,45.290000915527344,46.900001525878906,855143,0.0,0.0
2021-11-08 00:00:00-05:00,48.650001525878906,52.150001525878906,48.439998626708984,51.65999984741211,2680643,0.0,0.0
2021-11-09 00:00:00-05:00,52.56999969482422,52.9900016784668,47.459999084472656,50.88999938964844,2465957,0.0,0.0
2021-11-10 00:00:00-05:00,50.68000030517578,51.04399871826172,45.779998779296875,46.83000183105469,1850586,0.0,0.0
2021-11-11 00:00:00-05:00,46.77399826049805,48.5099983215332,46.20000076293945,46.27000045776367,774071,0.0,0.0
2021-11-12 00:00:00-05:00,46.27000045776367,49.06999969482422,45.220001220703125,48.369998931884766,1240557,0.0,0.0
2021-11-15 00:00:00-05:00,48.02000045776367,50.2599983215332,45.91999816894531,47.31999969482422,1377443,0.0,0.0
2021-11-16 00:00:00-05:00,40.599998474121094,42.630001068115234,39.20000076293945,40.31999969482422,2137086,0.0,0.0
2021-11-17 00:00:00-05:00,40.66999816894531,41.22999954223633,38.56999969482422,39.900001525878906,1008814,0.0,0.0
2021-11-18 00:00:00-05:00,39.40999984741211,39.54999923706055,35.314998626708984,36.33000183105469,1440600,0.0,0.0
2021-11-19 00:00:00-05:00,35.630001068115234,38.43000030517578,35.36399841308594,35.90999984741211,981443,0.0,0.0
2021-11-22 00:00:00-05:00,35.90999984741211,36.56800079345703,32.900001525878906,34.439998626708984,1030129,0.0,0.0
2021-11-23 00:00:00-05:00,34.22999954223633,38.9900016784668,34.09000015258789,37.72999954223633,1363843,0.0,0.0
2021-11-24 00:00:00-05:00,36.75,37.625,35.349998474121094,36.75,667014,0.0,0.0
2021-11-26 00:00:00-05:00,34.86000061035156,36.61000061035156,34.720001220703125,36.119998931884766,521714,0.0,0.0
2021-11-29 00:00:00-05:00,36.61000061035156,37.09299850463867,34.58000183105469,35.349998474121094,653714,0.0,0.0
2021-11-30 00:00:00-05:00,35.06999969482422,35.4900016784668,31.43000030517578,32.7599983215332,994014,0.0,0.0
2021-12-01 00:00:00-05:00,32.34000015258789,34.650001525878906,30.450000762939453,30.729999542236328,795100,0.0,0.0
2021-12-02 00:00:00-05:00,30.100000381469727,30.8700008392334,28.2450008392334,30.309999465942383,942200,0.0,0.0
2021-12-03 00:00:00-05:00,29.889999389648438,29.889999389648438,26.670000076293945,27.3700008392334,887657,0.0,0.0
2021-12-06 00:00:00-05:00,25.059999465942383,28.385000228881836,24.5,27.93000030517578,752971,0.0,0.0
2021-12-07 00:00:00-05:00,28.84000015258789,30.65999984741211,28.770000457763672,29.329999923706055,559214,0.0,0.0
2021-12-08 00:00:00-05:00,28.559999465942383,29.889999389648438,28.385000228881836,29.469999313354492,347814,0.0,0.0
2021-12-09 00:00:00-05:00,29.399999618530273,29.399999618530273,27.15999984741211,27.15999984741211,397786,0.0,0.0
2021-12-10 00:00:00-05:00,27.719999313354492,28.350000381469727,26.075000762939453,27.299999237060547,439629,0.0,0.0
2021-12-13 00:00:00-05:00,26.809999465942383,27.579999923706055,25.44499969482422,25.829999923706055,450157,0.0,0.0
2021-12-14 00:00:00-05:00,25.34000015258789,26.25,24.639999389648438,25.34000015258789,563657,0.0,0.0
2021-12-15 00:00:00-05:00,25.479999542236328,26.530000686645508,23.65999984741211,26.25,630629,0.0,0.0
2021-12-16 00:00:00-05:00,26.739999771118164,26.950000762939453,24.010000228881836,24.219999313354492,491871,0.0,0.0
2021-12-17 00:00:00-05:00,23.030000686645508,24.850000381469727,22.610000610351562,24.639999389648438,445357,0.0,0.0
2021-12-20 00:00:00-05:00,23.309999465942383,24.045000076293945,22.889999389648438,23.309999465942383,424114,0.0,0.0
2021-12-21 00:00:00-05:00,23.65999984741211,24.989999771118164,23.450000762939453,24.850000381469727,454600,0.0,0.0
2021-12-22 00:00:00-05:00,24.709999084472656,24.850000381469727,23.59000015258789,24.219999313354492,416100,0.0,0.0
2021-12-23 00:00:00-05:00,24.360000610351562,25.200000762939453,23.239999771118164,24.780000686645508,491686,0.0,0.0
2021-12-27 00:00:00-05:00,24.709999084472656,24.920000076293945,23.3799991607666,23.59000015258789,483557,0.0,0.0
2021-12-28 00:00:00-05:00,22.610000610351562,22.81999969482422,20.96500015258789,21.06999969482422,595700,0.0,0.0
2021-12-29 00:00:00-05:00,21.350000381469727,22.049999237060547,19.530000686645508,20.649999618530273,1110729,0.0,0.0
2021-12-30 00:00:00-05:00,20.579999923706055,23.030000686645508,20.299999237060547,22.260000228881836,502257,0.0,0.0
2021-12-31 00:00:00-05:00,22.540000915527344,23.177000045776367,21.735000610351562,21.84000015258789,399629,0.0,0.0
2022-01-03 00:00:00-05:00,22.260000228881836,25.200000762939453,21.979999542236328,24.5,665814,0.0,0.0
2022-01-04 00:00:00-05:00,24.360000610351562,26.670000076293945,23.450000762939453,24.219999313354492,480000,0.0,0.0
2022-01-05 00:00:00-05:00,25.1299991607666,26.459999084472656,21.6299991607666,21.700000762939453,1221486,0.0,0.0
2022-01-06 00:00:00-05:00,21.979999542236328,22.190000534057617,20.3700008392334,21.209999084472656,523671,0.0,0.0
2022-01-07 00:00:00-05:00,20.698999404907227,21.167999267578125,19.530000686645508,20.15999984741211,622829,0.0,0.0
2022-01-10 00:00:00-05:00,18.655000686645508,19.739999771118164,18.6200008392334,19.670000076293945,496686,0.0,0.0
2022-01-11 00:00:00-05:00,19.739999771118164,20.440000534057617,19.25,19.809999465942383,485000,0.0,0.0
2022-01-12 00:00:00-05:00,20.649999618530273,21.139999389648438,19.87299919128418,20.020000457763672,360300,0.0,0.0
2022-01-13 00:00:00-05:00,20.320999145507812,20.320999145507812,18.479999542236328,18.6200008392334,468843,0.0,0.0
2022-01-14 00:00:00-05:00,17.709999084472656,18.795000076293945,17.56999969482422,18.6200008392334,507329,0.0,0.0
2022-01-18 00:00:00-05:00,17.920000076293945,18.40999984741211,16.729999542236328,16.8700008392334,466214,0.0,0.0
2022-01-19 00:00:00-05:00,17.079999923706055,17.639999389648438,16.100000381469727,16.239999771118164,321729,0.0,0.0
2022-01-20 00:00:00-05:00,16.520000457763672,17.43000030517578,15.364999771118164,15.539999961853027,516700,0.0,0.0
2022-01-21 00:00:00-05:00,14.630000114440918,15.119999885559082,13.789999961853027,14.0,734214,0.0,0.0
2022-01-24 00:00:00-05:00,12.670000076293945,13.930000305175781,12.390000343322754,13.579999923706055,771400,0.0,0.0
2022-01-25 00:00:00-05:00,13.09000015258789,14.805000305175781,11.920999526977539,14.279999732971191,550529,0.0,0.0
2022-01-26 00:00:00-05:00,15.470000267028809,15.539999961853027,13.649999618530273,14.0,507143,0.0,0.0
2022-01-27 00:00:00-05:00,14.699999809265137,14.699999809265137,12.460000038146973,12.529999732971191,367971,0.0,0.0
2022-01-28 00:00:00-05:00,12.600000381469727,13.859999656677246,12.25,13.755000114440918,412571,0.0,0.0
2022-01-31 00:00:00-05:00,13.510000228881836,14.770000457763672,13.348999977111816,14.699999809265137,329300,0.0,0.0
2022-02-01 00:00:00-05:00,14.979999542236328,16.450000762939453,14.734999656677246,16.309999465942383,700371,0.0,0.0
2022-02-02 00:00:00-05:00,16.65999984741211,16.975000381469727,15.260000228881836,16.309999465942383,756314,0.0,0.0
2022-02-03 00:00:00-05:00,14.84000015258789,16.3799991607666,14.0,16.170000076293945,859214,0.0,0.0
2022-02-04 00:00:00-05:00,18.34000015258789,23.8700008392334,17.5,21.209999084472656,12295457,0.0,0.0
2022-02-07 00:00:00-05:00,22.049999237060547,22.68000030517578,19.739999771118164,19.809999465942383,3763457,0.0,0.0
2022-02-08 00:00:00-05:00,17.780000686645508,19.389999389648438,17.5,19.389999389648438,1564700,0.0,0.0
2022-02-09 00:00:00-05:00,19.256999969482422,19.950000762939453,18.549999237060547,18.690000534057617,935786,0.0,0.0
2022-02-10 00:00:00-05:00,17.56999969482422,19.600000381469727,17.360000610351562,18.200000762939453,1000129,0.0,0.0
2022-02-11 00:00:00-05:00,18.200000762939453,18.270000457763672,16.3799991607666,16.520000457763672,785029,0.0,0.0
2022-02-14 00:00:00-05:00,16.450000762939453,16.834999084472656,15.645000457763672,15.680000305175781,442257,0.0,0.0
2022-02-15 00:00:00-05:00,16.239999771118164,17.709999084472656,15.890000343322754,17.5,774986,0.0,0.0
2022-02-16 00:00:00-05:00,16.898000717163086,20.93000030517578,16.8700008392334,20.510000228881836,1174500,0.0,0.0
2022-02-17 00:00:00-05:00,19.459999084472656,19.530000686645508,17.850000381469727,17.989999771118164,685571,0.0,0.0
2022-02-18 00:00:00-05:00,17.989999771118164,18.270000457763672,16.940000534057617,17.850000381469727,482914,0.0,0.0
2022-02-22 00:00:00-05:00,16.239999771118164,17.43000030517578,16.030000686645508,16.799999237060547,351886,0.0,0.0
2022-02-23 00:00:00-05:00,17.079999923706055,17.149999618530273,14.630000114440918,15.260000228881836,932314,0.0,0.0
2022-02-24 00:00:00-05:00,14.0,15.756999969482422,13.649999618530273,15.609999656677246,704043,0.0,0.0
2022-02-25 00:00:00-05:00,15.819999694824219,15.960000038146973,15.050000190734863,15.329999923706055,361371,0.0,0.0
2022-02-28 00:00:00-05:00,14.84000015258789,16.239999771118164,14.770000457763672,15.609999656677246,877543,0.0,0.0
2022-03-01 00:00:00-05:00,16.65999984741211,16.729999542236328,15.609999656677246,16.170000076293945,548786,0.0,0.0
2022-03-02 00:00:00-05:00,16.100000381469727,16.100000381469727,15.225000381469727,16.030000686645508,381100,0.0,0.0
2022-03-03 00:00:00-05:00,15.75,15.75,14.0,14.069999694824219,771986,0.0,0.0
2022-03-04 00:00:00-05:00,13.930000305175781,15.119999885559082,13.09000015258789,14.90999984741211,697429,0.0,0.0
2022-03-07 00:00:00-05:00,14.770000457763672,15.399999618530273,13.15999984741211,13.510000228881836,684229,0.0,0.0
2022-03-08 00:00:00-05:00,13.4399995803833,14.0,12.845000267028809,13.4399995803833,467729,0.0,0.0
2022-03-09 00:00:00-05:00,14.0,14.699999809265137,13.579999923706055,13.649999618530273,730300,0.0,0.0
2022-03-10 00:00:00-05:00,13.4399995803833,13.4399995803833,12.914999961853027,13.4399995803833,286886,0.0,0.0
2022-03-11 00:00:00-05:00,13.300000190734863,13.510000228881836,11.899999618530273,12.039999961853027,643300,0.0,0.0
2022-03-14 00:00:00-04:00,11.899999618530273,11.899999618530273,10.920000076293945,11.0600004196167,338014,0.0,0.0
2022-03-15 00:00:00-04:00,11.270000457763672,12.25,11.0600004196167,12.109999656677246,307857,0.0,0.0
2022-03-16 00:00:00-04:00,12.529999732971191,13.09000015258789,11.899999618530273,12.8100004196167,376443,0.0,0.0
2022-03-17 00:00:00-04:00,12.670000076293945,13.789999961853027,12.460000038146973,13.649999618530273,383314,0.0,0.0
2022-03-18 00:00:00-04:00,13.369999885559082,13.859999656677246,13.09000015258789,13.4399995803833,393957,0.0,0.0
2022-03-21 00:00:00-04:00,13.300000190734863,13.859999656677246,12.845000267028809,13.369999885559082,343186,0.0,0.0
2022-03-22 00:00:00-04:00,13.859999656677246,14.454999923706055,13.545000076293945,14.069999694824219,412343,0.0,0.0
2022-03-23 00:00:00-04:00,13.649999618530273,14.420000076293945,13.369999885559082,13.649999618530273,280471,0.0,0.0
2022-03-24 00:00:00-04:00,14.196000099182129,15.050000190734863,13.510000228881836,14.5600004196167,423686,0.0,0.0
2022-03-25 00:00:00-04:00,14.90999984741211,15.050000190734863,13.649999618530273,13.720000267028809,410200,0.0,0.0
2022-03-28 00:00:00-04:00,14.069999694824219,19.040000915527344,14.03499984741211,17.780000686645508,3794086,0.0,0.0
2022-03-29 00:00:00-04:00,17.149999618530273,17.5,15.680000305175781,16.239999771118164,1270786,0.0,0.0
2022-03-30 00:00:00-04:00,16.030000686645508,16.520000457763672,15.119999885559082,15.329999923706055,478571,0.0,0.0
2022-03-31 00:00:00-04:00,15.399999618530273,15.680000305175781,14.420000076293945,14.699999809265137,429343,0.0,0.0
2022-04-01 00:00:00-04:00,14.699999809265137,15.960000038146973,14.069999694824219,15.470000267028809,630557,0.0,0.0
2022-04-04 00:00:00-04:00,15.329999923706055,15.819999694824219,15.050000190734863,15.1899995803833,639814,0.0,0.0
2022-04-05 00:00:00-04:00,16.170000076293945,19.8799991607666,15.819999694824219,17.709999084472656,7854757,0.0,0.0
2022-04-06 00:00:00-04:00,16.8700008392334,17.003000259399414,15.470000267028809,15.680000305175781,614200,0.0,0.0
2022-04-07 00:00:00-04:00,15.399999618530273,15.539999961853027,13.579999923706055,14.279999732971191,708200,0.0,0.0
2022-04-08 00:00:00-04:00,13.789999961853027,13.789999961853027,12.600000381469727,12.600000381469727,580700,0.0,0.0
2022-04-11 00:00:00-04:00,12.529999732971191,13.09000015258789,11.619999885559082,13.020000457763672,680029,0.0,0.0
2022-04-12 00:00:00-04:00,12.8100004196167,13.15999984741211,11.899999618530273,11.899999618530273,453943,0.0,0.0
2022-04-13 00:00:00-04:00,12.005000114440918,12.880000114440918,11.760000228881836,12.670000076293945,351914,0.0,0.0
2022-04-14 00:00:00-04:00,12.670000076293945,12.670000076293945,11.829999923706055,12.180000305175781,283257,0.0,0.0
2022-04-18 00:00:00-04:00,12.109999656677246,12.109999656677246,11.130000114440918,11.40999984741211,418886,0.0,0.0
2022-04-19 00:00:00-04:00,11.34000015258789,12.109999656677246,11.0600004196167,11.760000228881836,273057,0.0,0.0
2022-04-20 00:00:00-04:00,11.829999923706055,11.899999618530273,11.270000457763672,11.6899995803833,301329,0.0,0.0
2022-04-21 00:00:00-04:00,11.899999618530273,12.109999656677246,11.199999809265137,11.34000015258789,254257,0.0,0.0
2022-04-22 00:00:00-04:00,11.270000457763672,11.347000122070312,10.850000381469727,11.270000457763672,208843,0.0,0.0
2022-04-25 00:00:00-04:00,10.989999771118164,11.760000228881836,10.920000076293945,11.479999542236328,201614,0.0,0.0
2022-04-26 00:00:00-04:00,11.40999984741211,11.40999984741211,10.289999961853027,10.5,210500,0.0,0.0
2022-04-27 00:00:00-04:00,10.289999961853027,10.640000343322754,9.800000190734863,9.9399995803833,236943,0.0,0.0
2022-04-28 00:00:00-04:00,10.079999923706055,10.220000267028809,9.239999771118164,10.149999618530273,274529,0.0,0.0
2022-04-29 00:00:00-04:00,10.149999618530273,10.569999694824219,9.520000457763672,9.59000015258789,190400,0.0,0.0
2022-05-02 00:00:00-04:00,9.46399974822998,10.220000267028809,9.3100004196167,10.220000267028809,194971,0.0,0.0
2022-05-03 00:00:00-04:00,10.010000228881836,11.6899995803833,10.010000228881836,10.920000076293945,652000,0.0,0.0
2022-05-04 00:00:00-04:00,11.270000457763672,11.6899995803833,10.359999656677246,11.619999885559082,411229,0.0,0.0
2022-05-05 00:00:00-04:00,11.550000190734863,11.550000190734863,10.430000305175781,10.569999694824219,277257,0.0,0.0
2022-05-06 00:00:00-04:00,10.5,10.850000381469727,9.869999885559082,10.640000343322754,186943,0.0,0.0
2022-05-09 00:00:00-04:00,9.869999885559082,9.9399995803833,8.225000381469727,8.260000228881836,295943,0.0,0.0
2022-05-10 00:00:00-04:00,8.329999923706055,8.539999961853027,7.699999809265137,8.119999885559082,242143,0.0,0.0
2022-05-11 00:00:00-04:00,7.699999809265137,7.909999847412109,6.691999912261963,6.691999912261963,369929,0.0,0.0
2022-05-12 00:00:00-04:00,6.369999885559082,7.139999866485596,5.599999904632568,6.531000137329102,376457,0.0,0.0
2022-05-13 00:00:00-04:00,7.070000171661377,7.769999980926514,7.041999816894531,7.349999904632568,253214,0.0,0.0
2022-05-16 00:00:00-04:00,7.420000076293945,7.489999771118164,6.88100004196167,7.0,180100,0.0,0.0
2022-05-17 00:00:00-04:00,7.210000038146973,7.454999923706055,6.755000114440918,7.349999904632568,169671,0.0,0.0
2022-05-18 00:00:00-04:00,7.28000020980835,7.769999980926514,7.070000171661377,7.210000038146973,113329,0.0,0.0
2022-05-19 00:00:00-04:00,7.28000020980835,7.840000152587891,7.139999866485596,7.489999771118164,109743,0.0,0.0
2022-05-20 00:00:00-04:00,7.559999942779541,7.559999942779541,6.650000095367432,6.929999828338623,167371,0.0,0.0
2022-05-23 00:00:00-04:00,6.986000061035156,7.210000038146973,6.789999961853027,7.070000171661377,127214,0.0,0.0
2022-05-24 00:00:00-04:00,6.929999828338623,6.929999828338623,6.447000026702881,6.572999954223633,142429,0.0,0.0
2022-05-25 00:00:00-04:00,6.300000190734863,6.951000213623047,6.300000190734863,6.789999961853027,96571,0.0,0.0
2022-05-26 00:00:00-04:00,6.755000114440918,7.349999904632568,6.650000095367432,7.210000038146973,129057,0.0,0.0
2022-05-27 00:00:00-04:00,7.28000020980835,7.420000076293945,6.929999828338623,7.349999904632568,148543,0.0,0.0
2022-05-31 00:00:00-04:00,7.630000114440918,7.699999809265137,7.139999866485596,7.420000076293945,150643,0.0,0.0
2022-06-01 00:00:00-04:00,7.420000076293945,7.630000114440918,6.936999797821045,6.979000091552734,124086,0.0,0.0
2022-06-02 00:00:00-04:00,6.958000183105469,7.559999942779541,6.951000213623047,7.420000076293945,83229,0.0,0.0
2022-06-03 00:00:00-04:00,7.139999866485596,7.315000057220459,7.0,7.210000038146973,56214,0.0,0.0
2022-06-06 00:00:00-04:00,7.349999904632568,7.489999771118164,7.0,7.139999866485596,113914,0.0,0.0
2022-06-07 00:00:00-04:00,7.139999866485596,7.28000020980835,6.986000061035156,7.210000038146973,83171,0.0,0.0
2022-06-08 00:00:00-04:00,7.139999866485596,7.559999942779541,7.0,7.139999866485596,143757,0.0,0.0
2022-06-09 00:00:00-04:00,7.210000038146973,7.210000038146973,6.71999979019165,6.741000175476074,103343,0.0,0.0
2022-06-10 00:00:00-04:00,6.636000156402588,6.7270002365112305,6.166999816894531,6.300000190734863,110371,0.0,0.0
2022-06-13 00:00:00-04:00,5.642000198364258,5.642000198364258,5.117000102996826,5.313000202178955,216414,0.0,0.0
2022-06-14 00:00:00-04:00,5.494999885559082,5.494999885559082,5.117000102996826,5.179999828338623,84514,0.0,0.0
2022-06-15 00:00:00-04:00,5.284999847412109,5.284999847412109,4.781000137329102,5.026000022888184,137700,0.0,0.0
2022-06-16 00:00:00-04:00,4.760000228881836,4.96999979019165,4.760000228881836,4.927999973297119,127329,0.0,0.0
2022-06-17 00:00:00-04:00,4.760000228881836,5.026000022888184,4.49399995803833,4.514999866485596,135929,0.0,0.0
2022-06-21 00:00:00-04:00,4.619999885559082,4.9770002365112305,4.619999885559082,4.77400016784668,247686,0.0,0.0
2022-06-22 00:00:00-04:00,4.65500020980835,4.900000095367432,4.65500020980835,4.690000057220459,83200,0.0,0.0
2022-06-23 00:00:00-04:00,4.788000106811523,4.829999923706055,4.65500020980835,4.77400016784668,62814,0.0,0.0
2022-06-24 00:00:00-04:00,4.955999851226807,5.179999828338623,4.822999954223633,4.914000034332275,147857,0.0,0.0
2022-06-27 00:00:00-04:00,5.124000072479248,5.124000072479248,4.697000026702881,4.752999782562256,198129,0.0,0.0
2022-06-28 00:00:00-04:00,4.829999923706055,4.900000095367432,4.2769999504089355,4.318999767303467,191943,0.0,0.0
2022-06-29 00:00:00-04:00,4.381999969482422,4.431000232696533,3.934000015258789,4.025000095367432,133200,0.0,0.0
2022-06-30 00:00:00-04:00,3.878000020980835,3.9200000762939453,3.632999897003174,3.752000093460083,204271,0.0,0.0
2022-07-01 00:00:00-04:00,3.7799999713897705,3.8499999046325684,3.674999952316284,3.8289999961853027,79329,0.0,0.0
2022-07-05 00:00:00-04:00,3.7239999771118164,4.199999809265137,3.7100000381469727,4.199999809265137,105886,0.0,0.0
2022-07-06 00:00:00-04:00,4.199999809265137,4.269999980926514,3.8919999599456787,4.004000186920166,62743,0.0,0.0
2022-07-07 00:00:00-04:00,3.990000009536743,5.5229997634887695,3.990000009536743,5.179999828338623,895971,0.0,0.0
2022-07-08 00:00:00-04:00,5.201000213623047,5.949999809265137,5.046999931335449,5.179999828338623,1219571,0.0,0.0
2022-07-11 00:00:00-04:00,4.900000095367432,4.96999979019165,4.760000228881836,4.781000137329102,223200,0.0,0.0
2022-07-12 00:00:00-04:00,4.619999885559082,4.752999782562256,4.388999938964844,4.605999946594238,148829,0.0,0.0
2022-07-13 00:00:00-04:00,4.5920000076293945,4.872000217437744,4.340000152587891,4.5920000076293945,96257,0.0,0.0
2022-07-14 00:00:00-04:00,4.690000057220459,4.788000106811523,4.409999847412109,4.626999855041504,245714,0.0,0.0
2022-07-15 00:00:00-04:00,4.829999923706055,4.872000217437744,4.480000019073486,4.6620001792907715,209714,0.0,0.0
2022-07-18 00:00:00-04:00,4.829999923706055,5.389999866485596,4.760000228881836,4.879000186920166,541557,0.0,0.0
2022-07-19 00:00:00-04:00,5.019000053405762,5.732999801635742,4.9070000648498535,5.396999835968018,816886,0.0,0.0
2022-07-20 00:00:00-04:00,5.473999977111816,5.809999942779541,5.25,5.4039998054504395,377200,0.0,0.0
2022-07-21 00:00:00-04:00,5.179999828338623,5.446000099182129,4.998000144958496,5.389999866485596,201529,0.0,0.0
2022-07-22 00:00:00-04:00,5.389999866485596,5.460000038146973,4.900000095367432,5.019000053405762,168557,0.0,0.0
2022-07-25 00:00:00-04:00,5.005000114440918,5.005000114440918,4.340000152587891,4.605999946594238,187843,0.0,0.0
2022-07-26 00:00:00-04:00,4.361000061035156,4.4730000495910645,4.199999809265137,4.242000102996826,119014,0.0,0.0
2022-07-27 00:00:00-04:00,4.340000152587891,4.73199987411499,4.2769999504089355,4.5920000076293945,126857,0.0,0.0
2022-07-28 00:00:00-04:00,4.550000190734863,4.829999923706055,4.2769999504089355,4.690000057220459,164657,0.0,0.0
2022-07-29 00:00:00-04:00,4.760000228881836,4.788000106811523,4.626999855041504,4.6620001792907715,84514,0.0,0.0
2022-08-01 00:00:00-04:00,4.438000202178955,4.5289998054504395,4.269999980926514,4.340000152587891,80929,0.0,0.0
2022-08-02 00:00:00-04:00,4.340000152587891,4.690000057220459,4.340000152587891,4.6479997634887695,130971,0.0,0.0
2022-08-03 00:00:00-04:00,4.829999923706055,4.886000156402588,4.619999885559082,4.879000186920166,112457,0.0,0.0
2022-08-04 00:00:00-04:00,4.843999862670898,5.25,4.760000228881836,4.9629998207092285,202486,0.0,0.0
2022-08-05 00:00:00-04:00,4.829999923706055,5.110000133514404,4.767000198364258,4.991000175476074,117400,0.0,0.0
2022-08-08 00:00:00-04:00,5.25,5.789000034332275,5.067999839782715,5.067999839782715,261843,0.0,0.0
2022-08-09 00:00:00-04:00,5.179999828338623,5.179999828338623,4.96999979019165,5.110000133514404,86343,0.0,0.0
2022-08-10 00:00:00-04:00,5.291999816894531,5.320000171661377,5.110000133514404,5.291999816894531,148043,0.0,0.0
2022-08-11 00:00:00-04:00,5.599999904632568,5.8379998207092285,5.320000171661377,5.48799991607666,181714,0.0,0.0
2022-08-12 00:00:00-04:00,5.599999904632568,5.599999904632568,5.313000202178955,5.53000020980835,128800,0.0,0.0
2022-08-15 00:00:00-04:00,5.53000020980835,6.145999908447266,5.334000110626221,6.019999980926514,224886,0.0,0.0
2022-08-16 00:00:00-04:00,6.019999980926514,6.300000190734863,5.739999771118164,5.84499979019165,152900,0.0,0.0
2022-08-17 00:00:00-04:00,5.809999942779541,5.84499979019165,5.25,5.334000110626221,118729,0.0,0.0
2022-08-18 00:00:00-04:00,5.389999866485596,5.515999794006348,5.172999858856201,5.25,52871,0.0,0.0
2022-08-19 00:00:00-04:00,5.026000022888184,5.0329999923706055,4.550000190734863,4.9629998207092285,120714,0.0,0.0
2022-08-22 00:00:00-04:00,4.829999923706055,4.829999923706055,4.550000190734863,4.550000190734863,57186,0.0,0.0
2022-08-23 00:00:00-04:00,4.619999885559082,4.760000228881836,4.500999927520752,4.5920000076293945,72143,0.0,0.0
2022-08-24 00:00:00-04:00,4.690000057220459,4.690000057220459,4.409999847412109,4.550000190734863,78600,0.0,0.0
2022-08-25 00:00:00-04:00,4.690000057220459,4.829999923706055,4.500999927520752,4.767000198364258,71757,0.0,0.0
2022-08-26 00:00:00-04:00,4.626999855041504,4.900000095367432,4.445000171661377,4.500999927520752,71657,0.0,0.0
2022-08-29 00:00:00-04:00,4.318999767303467,4.605999946594238,4.304999828338623,4.438000202178955,90357,0.0,0.0
2022-08-30 00:00:00-04:00,4.381999969482422,4.65500020980835,4.2769999504089355,4.326000213623047,57886,0.0,0.0
2022-08-31 00:00:00-04:00,4.395999908447266,4.619999885559082,4.3470001220703125,4.438000202178955,69100,0.0,0.0
2022-09-01 00:00:00-04:00,4.4029998779296875,4.452000141143799,4.164999961853027,4.199999809265137,86500,0.0,0.0
2022-09-02 00:00:00-04:00,4.199999809265137,4.269999980926514,3.990000009536743,4.178999900817871,57129,0.0,0.0
2022-09-06 00:00:00-04:00,4.409999847412109,4.409999847412109,3.871000051498413,3.940999984741211,57714,0.0,0.0
2022-09-07 00:00:00-04:00,4.046000003814697,4.046000003814697,3.7939999103546143,4.004000186920166,51386,0.0,0.0
2022-09-08 00:00:00-04:00,3.927000045776367,4.192999839782715,3.9200000762939453,4.151000022888184,32314,0.0,0.0
2022-09-09 00:00:00-04:00,4.619999885559082,4.690000057220459,4.375,4.61299991607666,112600,0.0,0.0
2022-09-12 00:00:00-04:00,4.829999923706055,4.829999923706055,4.550000190734863,4.683000087738037,62300,0.0,0.0
2022-09-13 00:00:00-04:00,4.550000190734863,4.550000190734863,4.13700008392334,4.318999767303467,66743,0.0,0.0
2022-09-14 00:00:00-04:00,4.4029998779296875,4.409999847412109,4.304999828338623,4.333000183105469,59114,0.0,0.0
2022-09-15 00:00:00-04:00,4.269999980926514,4.340000152587891,4.171999931335449,4.263000011444092,68586,0.0,0.0
2022-09-16 00:00:00-04:00,4.409999847412109,4.409999847412109,3.990000009536743,4.130000114440918,29529,0.0,0.0
2022-09-19 00:00:00-04:00,4.13700008392334,4.13700008392334,3.8570001125335693,4.0879998207092285,45957,0.0,0.0
2022-09-20 00:00:00-04:00,4.199999809265137,4.206999778747559,3.8499999046325684,3.9130001068115234,57057,0.0,0.0
2022-09-21 00:00:00-04:00,3.9200000762939453,4.059999942779541,3.808000087738037,3.9130001068115234,73943,0.0,0.0
2022-09-22 00:00:00-04:00,3.8570001125335693,3.990000009536743,3.7100000381469727,3.7799999713897705,69443,0.0,0.0
2022-09-23 00:00:00-04:00,3.5,3.562999963760376,3.374000072479248,3.4649999141693115,85286,0.0,0.0
2022-09-26 00:00:00-04:00,3.374000072479248,3.4860000610351562,3.0799999237060547,3.2060000896453857,98743,0.0,0.0
2022-09-27 00:00:00-04:00,3.2829999923706055,3.4579999446868896,3.1500000953674316,3.177999973297119,74357,0.0,0.0
2022-09-28 00:00:00-04:00,3.2060000896453857,3.3389999866485596,3.135999917984009,3.26200008392334,61686,0.0,0.0
2022-09-29 00:00:00-04:00,3.184999942779541,3.247999906539917,3.0799999237060547,3.0940001010894775,27286,0.0,0.0
2022-09-30 00:00:00-04:00,3.0799999237060547,3.2200000286102295,3.0799999237060547,3.0940001010894775,60057,0.0,0.0
2022-10-03 00:00:00-04:00,3.1500000953674316,3.191999912261963,3.0799999237060547,3.0869998931884766,57029,0.0,0.0
2022-10-04 00:00:00-04:00,3.2200000286102295,3.5840001106262207,3.1500000953674316,3.2899999618530273,194929,0.0,0.0
2022-10-05 00:00:00-04:00,3.3529999256134033,3.430000066757202,2.947000026702881,3.115000009536743,146586,0.0,0.0
2022-10-06 00:00:00-04:00,3.1500000953674316,3.4230000972747803,3.0869998931884766,3.2130000591278076,58314,0.0,0.0
2022-10-07 00:00:00-04:00,3.177999973297119,3.2130000591278076,2.9749999046325684,2.9749999046325684,171014,0.0,0.0
2022-10-10 00:00:00-04:00,3.009999990463257,3.009999990463257,2.806999921798706,2.940000057220459,68229,0.0,0.0
2022-10-11 00:00:00-04:00,2.799999952316284,2.947000026702881,2.6670000553131104,2.765000104904175,50886,0.0,0.0
2022-10-12 00:00:00-04:00,2.7300000190734863,2.799999952316284,2.7300000190734863,2.736999988555908,49186,0.0,0.0
2022-10-13 00:00:00-04:00,2.5199999809265137,2.9260001182556152,2.4709999561309814,2.8559999465942383,74043,0.0,0.0
2022-10-14 00:00:00-04:00,2.8559999465942383,2.9119999408721924,2.6600000858306885,2.7300000190734863,35243,0.0,0.0
2022-10-17 00:00:00-04:00,2.7300000190734863,2.877000093460083,2.7230000495910645,2.7300000190734863,23857,0.0,0.0
2022-10-18 00:00:00-04:00,2.799999952316284,2.869999885559082,2.7160000801086426,2.799999952316284,60343,0.0,0.0
2022-10-19 00:00:00-04:00,2.869999885559082,2.869999885559082,2.6600000858306885,2.6740000247955322,37729,0.0,0.0
2022-10-20 00:00:00-04:00,2.799999952316284,2.8350000381469727,2.6740000247955322,2.813999891281128,52414,0.0,0.0
2022-10-21 00:00:00-04:00,2.813999891281128,3.072999954223633,2.694999933242798,3.0380001068115234,100443,0.0,0.0
2022-10-24 00:00:00-04:00,3.0799999237060547,3.1500000953674316,2.9749999046325684,3.059000015258789,37086,0.0,0.0
2022-10-25 00:00:00-04:00,3.128999948501587,3.493000030517578,3.0309998989105225,3.1500000953674316,165386,0.0,0.0
2022-10-26 00:00:00-04:00,3.1500000953674316,3.4790000915527344,3.1500000953674316,3.2829999923706055,109400,0.0,0.0
2022-10-27 00:00:00-04:00,3.430000066757202,3.430000066757202,3.1500000953674316,3.1710000038146973,69229,0.0,0.0
2022-10-28 00:00:00-04:00,3.072999954223633,3.359999895095825,3.072999954223633,3.1570000648498535,48929,0.0,0.0
2022-10-31 00:00:00-04:00,3.0799999237060547,3.3320000171661377,3.0799999237060547,3.1640000343322754,26000,0.0,0.0
2022-11-01 00:00:00-04:00,3.311000108718872,3.318000078201294,3.0869998931884766,3.0940001010894775,31971,0.0,0.0
2022-11-02 00:00:00-04:00,3.135999917984009,3.1500000953674316,2.947000026702881,2.9749999046325684,27471,0.0,0.0
2022-11-03 00:00:00-04:00,3.009999990463257,3.1500000953674316,2.940000057220459,3.121999979019165,32329,0.0,0.0
2022-11-04 00:00:00-04:00,3.1500000953674316,3.1500000953674316,3.009999990463257,3.1429998874664307,93457,0.0,0.0
2022-11-07 00:00:00-05:00,3.1570000648498535,3.1570000648498535,2.8980000019073486,2.947000026702881,32800,0.0,0.0
2022-11-08 00:00:00-05:00,2.8559999465942383,3.009999990463257,2.765000104904175,2.799999952316284,62529,0.0,0.0
2022-11-09 00:00:00-05:00,2.7300000190734863,2.799999952316284,2.5899999141693115,2.5899999141693115,50086,0.0,0.0
2022-11-10 00:00:00-05:00,2.7090001106262207,2.8350000381469727,2.6600000858306885,2.799999952316284,67343,0.0,0.0
2022-11-11 00:00:00-05:00,2.799999952316284,3.0799999237060547,2.6670000553131104,2.9049999713897705,61843,0.0,0.0
2022-11-14 00:00:00-05:00,2.9260001182556152,3.0169999599456787,2.7300000190734863,2.757999897003174,66114,0.0,0.0
2022-11-15 00:00:00-05:00,3.009999990463257,3.009999990463257,2.5339999198913574,2.7300000190734863,103029,0.0,0.0
2022-11-16 00:00:00-05:00,2.799999952316284,2.828000068664551,2.5480000972747803,2.5899999141693115,69214,0.0,0.0
2022-11-17 00:00:00-05:00,2.5899999141693115,2.6459999084472656,2.5899999141693115,2.5899999141693115,24600,0.0,0.0
2022-11-18 00:00:00-05:00,2.5899999141693115,2.6600000858306885,2.380000114440918,2.4149999618530273,55457,0.0,0.0
2022-11-21 00:00:00-05:00,2.316999912261963,2.513000011444092,2.240000009536743,2.380000114440918,68543,0.0,0.0
2022-11-22 00:00:00-05:00,2.380000114440918,2.450000047683716,2.2820000648498535,2.4010000228881836,28029,0.0,0.0
2022-11-23 00:00:00-05:00,2.4079999923706055,2.499000072479248,2.1700000762939453,2.436000108718872,63386,0.0,0.0
2022-11-25 00:00:00-05:00,2.450000047683716,2.499000072479248,2.309999942779541,2.421999931335449,22343,0.0,0.0
2022-11-28 00:00:00-05:00,2.3450000286102295,2.450000047683716,2.1700000762939453,2.2330000400543213,40800,0.0,0.0
2022-11-29 00:00:00-05:00,2.309999942779541,2.450000047683716,2.246999979019165,2.316999912261963,27043,0.0,0.0
2022-11-30 00:00:00-05:00,2.3450000286102295,2.4079999923706055,2.1070001125335693,2.2960000038146973,72771,0.0,0.0
2022-12-01 00:00:00-05:00,2.240000009536743,2.3589999675750732,2.1700000762939453,2.2119998931884766,47457,0.0,0.0
2022-12-02 00:00:00-05:00,2.190999984741211,2.380000114440918,2.128000020980835,2.1700000762939453,40086,0.0,0.0
2022-12-05 00:00:00-05:00,2.1700000762939453,2.240000009536743,2.1070001125335693,2.114000082015991,49214,0.0,0.0
2022-12-06 00:00:00-05:00,2.114000082015991,2.260999917984009,1.8899999856948853,1.9670000076293945,78757,0.0,0.0
2022-12-07 00:00:00-05:00,1.9179999828338623,1.9600000381469727,1.8200000524520874,1.8550000190734863,55800,0.0,0.0
2022-12-08 00:00:00-05:00,1.8550000190734863,1.9600000381469727,1.8270000219345093,1.9600000381469727,30329,0.0,0.0
2022-12-09 00:00:00-05:00,1.9179999828338623,2.380000114440918,1.9179999828338623,2.240000009536743,110286,0.0,0.0
2022-12-12 00:00:00-05:00,2.240000009536743,2.5199999809265137,2.1070001125335693,2.4709999561309814,131471,0.0,0.0
2022-12-13 00:00:00-05:00,2.5199999809265137,2.5759999752044678,2.380000114440918,2.450000047683716,63843,0.0,0.0
2022-12-14 00:00:00-05:00,2.3940000534057617,2.5899999141693115,2.309999942779541,2.5480000972747803,51471,0.0,0.0
2022-12-15 00:00:00-05:00,2.5199999809265137,2.5899999141693115,2.4570000171661377,2.513000011444092,79971,0.0,0.0
2022-12-16 00:00:00-05:00,2.240000009536743,2.5199999809265137,2.240000009536743,2.450000047683716,39543,0.0,0.0
2022-12-19 00:00:00-05:00,2.50600004196167,2.5199999809265137,2.380000114440918,2.421999931335449,36171,0.0,0.0
2022-12-20 00:00:00-05:00,2.3519999980926514,2.4149999618530273,2.128000020980835,2.1700000762939453,53971,0.0,0.0
2022-12-21 00:00:00-05:00,2.2190001010894775,2.309999942779541,2.134999990463257,2.184000015258789,43786,0.0,0.0
2022-12-22 00:00:00-05:00,2.1700000762939453,2.240000009536743,1.7569999694824219,1.9950000047683716,70743,0.0,0.0
2022-12-23 00:00:00-05:00,1.9670000076293945,2.240000009536743,1.9670000076293945,2.0999999046325684,46043,0.0,0.0
2022-12-27 00:00:00-05:00,2.0299999713897705,2.0999999046325684,1.9529999494552612,1.9529999494552612,37414,0.0,0.0
2022-12-28 00:00:00-05:00,1.8969999551773071,1.9600000381469727,1.6169999837875366,1.9320000410079956,99200,0.0,0.0
2022-12-29 00:00:00-05:00,1.8899999856948853,2.072000026702881,1.8200000524520874,1.9600000381469727,53143,0.0,0.0
2022-12-30 00:00:00-05:00,1.8830000162124634,2.002000093460083,1.7569999694824219,1.9320000410079956,89557,0.0,0.0
2023-01-03 00:00:00-05:00,1.8899999856948853,2.0299999713897705,1.8339999914169312,1.9600000381469727,24886,0.0,0.0
2023-01-04 00:00:00-05:00,1.9600000381469727,2.2260000705718994,1.8899999856948853,2.058000087738037,102614,0.0,0.0
2023-01-05 00:00:00-05:00,2.072000026702881,2.072000026702881,1.86899995803833,1.8899999856948853,58943,0.0,0.0
2023-01-06 00:00:00-05:00,1.9320000410079956,1.9600000381469727,1.805999994277954,1.86899995803833,81129,0.0,0.0
2023-01-09 00:00:00-05:00,1.8969999551773071,2.197999954223633,1.8899999856948853,1.9880000352859497,293686,0.0,0.0
2023-01-10 00:00:00-05:00,2.058000087738037,2.7300000190734863,1.9600000381469727,2.316999912261963,632357,0.0,0.0
2023-01-11 00:00:00-05:00,2.450000047683716,2.492000102996826,2.134999990463257,2.2890000343322754,401800,0.0,0.0
2023-01-12 00:00:00-05:00,2.380000114440918,3.1080000400543213,2.1070001125335693,2.9749999046325684,1123014,0.0,0.0
2023-01-13 00:00:00-05:00,2.869999885559082,3.5,2.799999952316284,2.9749999046325684,724157,0.0,0.0
2023-01-17 00:00:00-05:00,3.1500000953674316,3.5209999084472656,3.052000045776367,3.2060000896453857,525657,0.0,0.0
2023-01-18 00:00:00-05:00,3.2200000286102295,3.2200000286102295,2.5269999504089355,2.5829999446868896,411057,0.0,0.0
2023-01-19 00:00:00-05:00,2.5759999752044678,2.869999885559082,2.5269999504089355,2.7929999828338623,223057,0.0,0.0
2023-01-20 00:00:00-05:00,2.799999952316284,3.1500000953674316,2.765000104904175,3.1429998874664307,200900,0.0,0.0
2023-01-23 00:00:00-05:00,3.1500000953674316,3.1500000953674316,2.799999952316284,2.9539999961853027,300129,0.0,0.0
2023-01-24 00:00:00-05:00,2.940000057220459,3.1010000705718994,2.8420000076293945,2.9260001182556152,161586,0.0,0.0
2023-01-25 00:00:00-05:00,2.9189999103546143,3.0450000762939453,2.5969998836517334,2.8910000324249268,163143,0.0,0.0
2023-01-26 00:00:00-05:00,2.940000057220459,3.1429998874664307,2.7720000743865967,2.8559999465942383,133071,0.0,0.0
2023-01-27 00:00:00-05:00,2.799999952316284,3.009999990463257,2.7230000495910645,2.9189999103546143,136000,0.0,0.0
2023-01-30 00:00:00-05:00,2.9749999046325684,2.989000082015991,2.694999933242798,2.694999933242798,124714,0.0,0.0
2023-01-31 00:00:00-05:00,2.694999933242798,2.869999885559082,2.6600000858306885,2.6600000858306885,103957,0.0,0.0
2023-02-01 00:00:00-05:00,2.757999897003174,2.813999891281128,2.492000102996826,2.6670000553131104,203614,0.0,0.0
2023-02-02 00:00:00-05:00,2.799999952316284,3.0450000762939453,2.625,2.8559999465942383,617143,0.0,0.0
2023-02-03 00:00:00-05:00,2.799999952316284,3.0380001068115234,2.799999952316284,2.8980000019073486,264857,0.0,0.0
2023-02-06 00:00:00-05:00,2.806999921798706,3.2200000286102295,2.806999921798706,3.072999954223633,196386,0.0,0.0
2023-02-07 00:00:00-05:00,3.128999948501587,3.128999948501587,2.869999885559082,3.0380001068115234,123957,0.0,0.0
2023-02-08 00:00:00-05:00,3.0239999294281006,3.0799999237060547,2.8350000381469727,2.940000057220459,79100,0.0,0.0
2023-02-09 00:00:00-05:00,2.940000057220459,3.009999990463257,2.7300000190734863,2.7860000133514404,71071,0.0,0.0
2023-02-10 00:00:00-05:00,2.799999952316284,2.799999952316284,2.450000047683716,2.625,126857,0.0,0.0
2023-02-13 00:00:00-05:00,2.5480000972747803,2.6600000858306885,2.5199999809265137,2.5969998836517334,77314,0.0,0.0
2023-02-14 00:00:00-05:00,2.625,2.940000057220459,2.5759999752044678,2.940000057220459,93686,0.0,0.0
2023-02-15 00:00:00-05:00,2.869999885559082,3.359999895095825,2.869999885559082,3.3320000171661377,261514,0.0,0.0
2023-02-16 00:00:00-05:00,3.2899999618530273,3.611999988555908,3.1500000953674316,3.2899999618530273,266800,0.0,0.0
2023-02-17 00:00:00-05:00,3.2200000286102295,3.569999933242798,3.1500000953674316,3.359999895095825,152557,0.0,0.0
2023-02-21 00:00:00-05:00,3.2200000286102295,3.4230000972747803,2.877000093460083,2.989000082015991,105014,0.0,0.0
2023-02-22 00:00:00-05:00,3.0799999237060547,3.0799999237060547,2.799999952316284,3.072999954223633,53757,0.0,0.0
2023-02-23 00:00:00-05:00,3.1080000400543213,3.1640000343322754,2.9119999408721924,3.0799999237060547,38386,0.0,0.0
2023-02-24 00:00:00-05:00,3.0799999237060547,3.184999942779541,2.8350000381469727,3.003000020980835,53457,0.0,0.0
2023-02-27 00:00:00-05:00,3.009999990463257,3.191999912261963,2.806999921798706,2.869999885559082,53743,0.0,0.0
2023-02-28 00:00:00-05:00,2.940000057220459,3.003000020980835,2.8350000381469727,2.947000026702881,41457,0.0,0.0
2023-03-01 00:00:00-05:00,2.9749999046325684,2.9749999046325684,2.813999891281128,2.8910000324249268,40343,0.0,0.0
2023-03-02 00:00:00-05:00,2.799999952316284,2.8420000076293945,2.5899999141693115,2.6530001163482666,140614,0.0,0.0
2023-03-03 00:00:00-05:00,2.6530001163482666,2.7790000438690186,2.5409998893737793,2.625,182000,0.0,0.0
2023-03-06 00:00:00-05:00,2.6040000915527344,2.6600000858306885,2.4149999618530273,2.450000047683716,135443,0.0,0.0
2023-03-07 00:00:00-05:00,2.569000005722046,2.5899999141693115,2.3239998817443848,2.3380000591278076,81171,0.0,0.0
2023-03-08 00:00:00-05:00,2.380000114440918,2.450000047683716,2.128000020980835,2.1700000762939453,132729,0.0,0.0
2023-03-09 00:00:00-05:00,2.1700000762939453,2.3450000286102295,2.134999990463257,2.184000015258789,109129,0.0,0.0
2023-03-10 00:00:00-05:00,2.1489999294281006,2.1700000762939453,1.8619999885559082,1.9670000076293945,113943,0.0,0.0
2023-03-13 00:00:00-04:00,2.0299999713897705,2.372999906539917,2.0299999713897705,2.190999984741211,253114,0.0,0.0
2023-03-14 00:00:00-04:00,2.3519999980926514,2.436000108718872,2.0999999046325684,2.1700000762939453,253557,0.0,0.0
2023-03-15 00:00:00-04:00,2.0789999961853027,2.190999984741211,1.9809999465942383,2.121000051498413,91529,0.0,0.0
2023-03-16 00:00:00-04:00,2.1559998989105225,2.197999954223633,2.0789999961853027,2.1700000762939453,54871,0.0,0.0
2023-03-17 00:00:00-04:00,2.309999942779541,2.3239998817443848,2.1700000762939453,2.309999942779541,114943,0.0,0.0
2023-03-20 00:00:00-04:00,2.443000078201294,2.443000078201294,2.2119998931884766,2.253999948501587,93886,0.0,0.0
2023-03-21 00:00:00-04:00,2.260999917984009,2.569000005722046,2.190999984741211,2.50600004196167,199786,0.0,0.0
2023-03-22 00:00:00-04:00,2.443000078201294,2.6600000858306885,2.3239998817443848,2.4149999618530273,142629,0.0,0.0
2023-03-23 00:00:00-04:00,2.5199999809265137,2.5899999141693115,2.421999931335449,2.484999895095825,215271,0.0,0.0
2023-03-24 00:00:00-04:00,2.3940000534057617,2.555000066757202,2.2049999237060547,2.436000108718872,124857,0.0,0.0
2023-03-27 00:00:00-04:00,2.450000047683716,2.513000011444092,2.2049999237060547,2.380000114440918,48800,0.0,0.0
2023-03-28 00:00:00-04:00,2.309999942779541,2.3519999980926514,2.197999954223633,2.2890000343322754,44614,0.0,0.0
2023-03-29 00:00:00-04:00,2.4079999923706055,2.450000047683716,2.240000009536743,2.380000114440918,80257,0.0,0.0
2023-03-30 00:00:00-04:00,2.380000114440918,2.484999895095825,2.380000114440918,2.3940000534057617,28814,0.0,0.0
2023-03-31 00:00:00-04:00,2.316999912261963,2.555000066757202,2.316999912261963,2.4570000171661377,66343,0.0,0.0
2023-04-03 00:00:00-04:00,2.4570000171661377,2.5199999809265137,2.428999900817871,2.450000047683716,33657,0.0,0.0
2023-04-04 00:00:00-04:00,2.484999895095825,2.5199999809265137,2.4010000228881836,2.484999895095825,31414,0.0,0.0
2023-04-05 00:00:00-04:00,2.5199999809265137,2.5199999809265137,2.309999942779541,2.443000078201294,43071,0.0,0.0
2023-04-06 00:00:00-04:00,2.372999906539917,2.492000102996826,2.3589999675750732,2.4639999866485596,42286,0.0,0.0
2023-04-10 00:00:00-04:00,2.492000102996826,2.5199999809265137,2.2820000648498535,2.3450000286102295,154629,0.0,0.0
2023-04-11 00:00:00-04:00,2.3450000286102295,2.5409998893737793,2.3450000286102295,2.4639999866485596,231157,0.0,0.0
2023-04-12 00:00:00-04:00,2.492000102996826,2.5480000972747803,2.4149999618530273,2.484999895095825,70871,0.0,0.0
2023-04-13 00:00:00-04:00,2.484999895095825,2.996000051498413,2.3940000534057617,2.821000099182129,654586,0.0,0.0
2023-04-14 00:00:00-04:00,3.009999990463257,3.359999895095825,2.947000026702881,3.0380001068115234,280814,0.0,0.0
2023-04-17 00:00:00-04:00,2.940000057220459,3.1500000953674316,2.7790000438690186,2.9749999046325684,257886,0.0,0.0
2023-04-18 00:00:00-04:00,3.1500000953674316,3.5,3.128999948501587,3.240999937057495,388929,0.0,0.0
2023-04-19 00:00:00-04:00,3.128999948501587,3.4159998893737793,3.0799999237060547,3.1010000705718994,180871,0.0,0.0
2023-04-20 00:00:00-04:00,3.1010000705718994,3.2200000286102295,2.806999921798706,2.989000082015991,123200,0.0,0.0
2023-04-21 00:00:00-04:00,2.8350000381469727,3.0799999237060547,2.813999891281128,2.940000057220459,150214,0.0,0.0
2023-04-24 00:00:00-04:00,2.877000093460083,3.0169999599456787,2.799999952316284,2.9609999656677246,69343,0.0,0.0
2023-04-25 00:00:00-04:00,2.9119999408721924,3.003000020980835,2.8350000381469727,3.003000020980835,70643,0.0,0.0
2023-04-26 00:00:00-04:00,3.0380001068115234,3.359999895095825,3.0380001068115234,3.0799999237060547,122929,0.0,0.0
2023-04-27 00:00:00-04:00,3.1500000953674316,3.2899999618530273,3.0869998931884766,3.2829999923706055,58743,0.0,0.0
2023-04-28 00:00:00-04:00,3.2690000534057617,3.2690000534057617,3.0940001010894775,3.1500000953674316,42500,0.0,0.0
2023-05-01 00:00:00-04:00,3.0799999237060547,3.0799999237060547,2.869999885559082,2.9820001125335693,71600,0.0,0.0
2023-05-02 00:00:00-04:00,2.9049999713897705,3.1500000953674316,2.7300000190734863,3.0940001010894775,76443,0.0,0.0
2023-05-03 00:00:00-04:00,3.059000015258789,3.0940001010894775,2.869999885559082,2.940000057220459,67800,0.0,0.0
2023-05-04 00:00:00-04:00,3.009999990463257,3.359999895095825,2.869999885559082,2.9119999408721924,81714,0.0,0.0
2023-05-05 00:00:00-04:00,2.8559999465942383,3.009999990463257,2.806999921798706,2.989000082015991,106986,0.0,0.0
2023-05-08 00:00:00-04:00,2.869999885559082,3.0869998931884766,2.828000068664551,2.877000093460083,51600,0.0,0.0
2023-05-09 00:00:00-04:00,2.806999921798706,3.009999990463257,2.799999952316284,3.009999990463257,73000,0.0,0.0
2023-05-10 00:00:00-04:00,3.1429998874664307,3.1500000953674316,2.806999921798706,2.9679999351501465,66714,0.0,0.0
2023-05-11 00:00:00-04:00,2.9820001125335693,2.9820001125335693,2.7929999828338623,2.8559999465942383,48971,0.0,0.0
2023-05-12 00:00:00-04:00,2.7720000743865967,2.8350000381469727,2.6740000247955322,2.750999927520752,70886,0.0,0.0
2023-05-15 00:00:00-04:00,2.680999994277954,2.7160000801086426,2.450000047683716,2.513000011444092,152229,0.0,0.0
2023-05-16 00:00:00-04:00,2.5269999504089355,2.5269999504089355,2.2890000343322754,2.3450000286102295,203814,0.0,0.0
2023-05-17 00:00:00-04:00,2.380000114440918,2.450000047683716,2.2820000648498535,2.421999931335449,120100,0.0,0.0
2023-05-18 00:00:00-04:00,2.443000078201294,2.443000078201294,2.309999942779541,2.380000114440918,80457,0.0,0.0
2023-05-19 00:00:00-04:00,2.309999942779541,2.380000114440918,2.1700000762939453,2.2049999237060547,121200,0.0,0.0
2023-05-22 00:00:00-04:00,2.1700000762939453,2.365999937057495,2.1700000762939453,2.3310000896453857,57771,0.0,0.0
2023-05-23 00:00:00-04:00,2.3589999675750732,2.428999900817871,2.253999948501587,2.2890000343322754,64057,0.0,0.0
2023-05-24 00:00:00-04:00,2.2890000343322754,2.2890000343322754,2.134999990463257,2.2190001010894775,66086,0.0,0.0
2023-05-25 00:00:00-04:00,2.1700000762939453,2.240000009536743,2.0789999961853027,2.0999999046325684,179100,0.0,0.0
2023-05-26 00:00:00-04:00,2.0999999046325684,2.240000009536743,2.0999999046325684,2.134999990463257,86400,0.0,0.0
2023-05-30 00:00:00-04:00,2.134999990463257,2.2330000400543213,2.121000051498413,2.2049999237060547,93843,0.0,0.0
2023-05-31 00:00:00-04:00,2.1070001125335693,2.2049999237060547,2.0299999713897705,2.1630001068115234,114500,0.0,0.0
2023-06-01 00:00:00-04:00,2.128000020980835,2.1630001068115234,2.065000057220459,2.134999990463257,56914,0.0,0.0
2023-06-02 00:00:00-04:00,2.128000020980835,2.2820000648498535,2.0510001182556152,2.2820000648498535,95271,0.0,0.0
2023-06-05 00:00:00-04:00,2.2679998874664307,2.380000114440918,2.1700000762939453,2.1700000762939453,87800,0.0,0.0
2023-06-06 00:00:00-04:00,2.1070001125335693,2.2679998874664307,2.072000026702881,2.2119998931884766,93257,0.0,0.0
2023-06-07 00:00:00-04:00,2.1700000762939453,2.240000009536743,2.134999990463257,2.1489999294281006,42329,0.0,0.0
2023-06-08 00:00:00-04:00,2.1419999599456787,2.2260000705718994,2.072000026702881,2.0999999046325684,54871,0.0,0.0
2023-06-09 00:00:00-04:00,2.0999999046325684,2.2330000400543213,2.0299999713897705,2.134999990463257,66971,0.0,0.0
2023-06-12 00:00:00-04:00,2.0999999046325684,2.177000045776367,2.0789999961853027,2.0859999656677246,42786,0.0,0.0
2023-06-13 00:00:00-04:00,2.134999990463257,2.190999984741211,2.072000026702881,2.0999999046325684,71571,0.0,0.0
2023-06-14 00:00:00-04:00,2.128000020980835,2.2330000400543213,2.0299999713897705,2.0299999713897705,86157,0.0,0.0
2023-06-15 00:00:00-04:00,2.1700000762939453,2.1700000762939453,1.9739999771118164,2.002000093460083,97786,0.0,0.0
2023-06-16 00:00:00-04:00,1.9880000352859497,2.0859999656677246,1.9179999828338623,1.9670000076293945,132586,0.0,0.0
2023-06-20 00:00:00-04:00,2.0439999103546143,2.1700000762939453,1.9880000352859497,2.072000026702881,202943,0.0,0.0
2023-06-21 00:00:00-04:00,2.240000009536743,2.421999931335449,2.190999984741211,2.2260000705718994,462186,0.0,0.0
2023-06-22 00:00:00-04:00,2.2820000648498535,2.2820000648498535,2.0929999351501465,2.134999990463257,124343,0.0,0.0
2023-06-23 00:00:00-04:00,2.1419999599456787,2.4570000171661377,2.0369999408721924,2.365999937057495,475686,0.0,0.0
2023-06-26 00:00:00-04:00,2.309999942779541,2.3519999980926514,2.1070001125335693,2.114000082015991,139043,0.0,0.0
2023-06-27 00:00:00-04:00,2.2330000400543213,2.240000009536743,2.1419999599456787,2.1559998989105225,84043,0.0,0.0
2023-06-28 00:00:00-04:00,2.2049999237060547,2.2049999237060547,2.0859999656677246,2.121000051498413,94771,0.0,0.0
2023-06-29 00:00:00-04:00,2.0199999809265137,2.069999933242798,1.7599999904632568,2.0,875400,0.0,0.0
2023-06-30 00:00:00-04:00,1.9600000381469727,1.9900000095367432,1.909999966621399,1.940000057220459,182800,0.0,0.0
2023-07-03 00:00:00-04:00,1.9199999570846558,2.200000047683716,1.9199999570846558,2.1500000953674316,339600,0.0,0.0
2023-07-05 00:00:00-04:00,2.140000104904175,2.299999952316284,2.109999895095825,2.240000009536743,199300,0.0,0.0
2023-07-06 00:00:00-04:00,2.259999990463257,2.2899999618530273,2.1500000953674316,2.2699999809265137,183500,0.0,0.0
2023-07-07 00:00:00-04:00,2.2699999809265137,2.4800000190734863,2.25,2.299999952316284,342300,0.0,0.0
2023-07-10 00:00:00-04:00,2.3299999237060547,2.430000066757202,2.2100000381469727,2.4200000762939453,336000,0.0,0.0
2023-07-11 00:00:00-04:00,2.4100000858306885,2.630000114440918,2.4000000953674316,2.609999895095825,490000,0.0,0.0
2023-07-12 00:00:00-04:00,2.7200000286102295,2.7200000286102295,2.5299999713897705,2.619999885559082,322900,0.0,0.0
2023-07-13 00:00:00-04:00,2.690000057220459,2.9800000190734863,2.5999999046325684,2.9600000381469727,655900,0.0,0.0
2023-07-14 00:00:00-04:00,2.990000009536743,2.990000009536743,2.559999942779541,2.6500000953674316,404400,0.0,0.0
2023-07-17 00:00:00-04:00,2.619999885559082,2.740000009536743,2.5429999828338623,2.6050000190734863,214300,0.0,0.0
2023-07-18 00:00:00-04:00,2.5999999046325684,2.625,2.440000057220459,2.5,162700,0.0,0.0
2023-07-19 00:00:00-04:00,2.549999952316284,2.5999999046325684,2.4600000381469727,2.559999942779541,154400,0.0,0.0
2023-07-20 00:00:00-04:00,2.5999999046325684,2.619999885559082,2.4719998836517334,2.5799999237060547,165300,0.0,0.0
2023-07-21 00:00:00-04:00,2.559999942779541,2.680000066757202,2.4700000286102295,2.549999952316284,143300,0.0,0.0
2023-07-24 00:00:00-04:00,2.4800000190734863,2.549999952316284,2.3499999046325684,2.380000114440918,159500,0.0,0.0
2023-07-25 00:00:00-04:00,2.3299999237060547,2.450000047683716,2.319999933242798,2.3299999237060547,73300,0.0,0.0
2023-07-26 00:00:00-04:00,2.3299999237060547,2.430000066757202,2.259999990463257,2.369999885559082,119400,0.0,0.0
2023-07-27 00:00:00-04:00,2.450000047683716,2.450000047683716,2.359999895095825,2.380000114440918,65800,0.0,0.0
2023-07-28 00:00:00-04:00,2.430000066757202,2.4600000381469727,2.3959999084472656,2.4200000762939453,48600,0.0,0.0
2023-07-31 00:00:00-04:00,2.4100000858306885,2.4800000190734863,2.4000000953674316,2.450000047683716,79600,0.0,0.0
2023-08-01 00:00:00-04:00,2.4200000762939453,2.430000066757202,2.369999885559082,2.4000000953674316,56600,0.0,0.0
2023-08-02 00:00:00-04:00,2.430000066757202,2.430000066757202,2.2100000381469727,2.25,117600,0.0,0.0
2023-08-03 00:00:00-04:00,2.259999990463257,2.259999990463257,2.119999885559082,2.140000104904175,85000,0.0,0.0
2023-08-04 00:00:00-04:00,2.119999885559082,2.184999942779541,2.049999952316284,2.0850000381469727,136400,0.0,0.0
2023-08-07 00:00:00-04:00,2.0999999046325684,2.140000104904175,2.0,2.140000104904175,78200,0.0,0.0
2023-08-08 00:00:00-04:00,2.1600000858306885,2.240000009536743,2.0999999046325684,2.240000009536743,177900,0.0,0.0
2023-08-09 00:00:00-04:00,2.2899999618530273,2.2899999618530273,2.0199999809265137,2.049999952316284,92200,0.0,0.0
2023-08-10 00:00:00-04:00,2.1500000953674316,2.1500000953674316,1.9500000476837158,1.9900000095367432,102200,0.0,0.0
2023-08-11 00:00:00-04:00,2.059999942779541,2.119999885559082,2.0,2.049999952316284,49700,0.0,0.0
2023-08-14 00:00:00-04:00,2.180000066757202,2.180000066757202,2.009999990463257,2.0899999141693115,101800,0.0,0.0
2023-08-15 00:00:00-04:00,2.1600000858306885,2.1600000858306885,1.9500000476837158,1.9800000190734863,52800,0.0,0.0
2023-08-16 00:00:00-04:00,2.009999990463257,2.009999990463257,1.8799999952316284,1.909999966621399,140700,0.0,0.0
2023-08-17 00:00:00-04:00,1.8300000429153442,1.8799999952316284,1.5850000381469727,1.6299999952316284,192000,0.0,0.0
2023-08-18 00:00:00-04:00,1.5299999713897705,1.6100000143051147,1.5,1.5,170400,0.0,0.0
2023-08-21 00:00:00-04:00,1.5,1.5399999618530273,1.3899999856948853,1.409999966621399,85400,0.0,0.0
2023-08-22 00:00:00-04:00,1.440000057220459,1.4670000076293945,1.2599999904632568,1.2899999618530273,110100,0.0,0.0
2023-08-23 00:00:00-04:00,1.319000005722046,1.5,1.2999999523162842,1.4900000095367432,145900,0.0,0.0
2023-08-24 00:00:00-04:00,1.559999942779541,1.559999942779541,1.399999976158142,1.4299999475479126,110200,0.0,0.0
2023-08-25 00:00:00-04:00,1.409999966621399,1.4800000190734863,1.3799999952316284,1.440000057220459,37900,0.0,0.0
2023-08-28 00:00:00-04:00,1.5,1.5099999904632568,1.3799999952316284,1.409999966621399,63300,0.0,0.0
2023-08-29 00:00:00-04:00,1.3899999856948853,1.7400000095367432,1.3799999952316284,1.6399999856948853,334300,0.0,0.0
2023-08-30 00:00:00-04:00,1.6200000047683716,1.6200000047683716,1.4900000095367432,1.5,108600,0.0,0.0
2023-08-31 00:00:00-04:00,1.559999942779541,1.559999942779541,1.409999966621399,1.4500000476837158,113700,0.0,0.0
2023-09-01 00:00:00-04:00,1.4299999475479126,1.5,1.4299999475479126,1.4700000286102295,40000,0.0,0.0
2023-09-05 00:00:00-04:00,1.4299999475479126,1.559999942779541,1.4299999475479126,1.559999942779541,32800,0.0,0.0
2023-09-06 00:00:00-04:00,1.5099999904632568,1.5889999866485596,1.472000002861023,1.5499999523162842,78000,0.0,0.0
2023-09-07 00:00:00-04:00,1.5199999809265137,1.5399999618530273,1.4800000190734863,1.5,16800,0.0,0.0
2023-09-08 00:00:00-04:00,1.5399999618530273,1.5399999618530273,1.4500000476837158,1.4900000095367432,36600,0.0,0.0
2023-09-11 00:00:00-04:00,1.4700000286102295,1.5199999809265137,1.468000054359436,1.4800000190734863,44500,0.0,0.0
2023-09-12 00:00:00-04:00,1.5399999618530273,1.6150000095367432,1.4800000190734863,1.4900000095367432,102700,0.0,0.0
2023-09-13 00:00:00-04:00,1.5,1.5199999809265137,1.4199999570846558,1.4199999570846558,51500,0.0,0.0
2023-09-14 00:00:00-04:00,1.3799999952316284,1.4800000190734863,1.3799999952316284,1.399999976158142,65200,0.0,0.0
2023-09-15 00:00:00-04:00,1.399999976158142,1.4500000476837158,1.3700000047683716,1.3700000047683716,21000,0.0,0.0
2023-09-18 00:00:00-04:00,1.4299999475479126,1.440000057220459,1.3799999952316284,1.3799999952316284,32800,0.0,0.0
2023-09-19 00:00:00-04:00,1.409999966621399,1.4199999570846558,1.2799999713897705,1.350000023841858,53800,0.0,0.0
2023-09-20 00:00:00-04:00,1.350000023841858,1.3799999952316284,1.3109999895095825,1.340000033378601,41100,0.0,0.0
2023-09-21 00:00:00-04:00,1.3279999494552612,1.3600000143051147,1.309999942779541,1.350000023841858,47500,0.0,0.0
2023-09-22 00:00:00-04:00,1.3300000429153442,1.399999976158142,1.3200000524520874,1.3300000429153442,35600,0.0,0.0
2023-09-25 00:00:00-04:00,1.309999942779541,1.409000039100647,1.309999942779541,1.350000023841858,17500,0.0,0.0
2023-09-26 00:00:00-04:00,1.399999976158142,1.4299999475479126,1.3600000143051147,1.3600000143051147,23600,0.0,0.0
2023-09-27 00:00:00-04:00,1.4199999570846558,1.4299999475479126,1.340000033378601,1.399999976158142,33400,0.0,0.0
2023-09-28 00:00:00-04:00,1.3799999952316284,1.4199999570846558,1.2899999618530273,1.340000033378601,277700,0.0,0.0
2023-09-29 00:00:00-04:00,1.3600000143051147,1.3799999952316284,1.3200000524520874,1.3300000429153442,66600,0.0,0.0
2023-10-02 00:00:00-04:00,1.4199999570846558,1.440000057220459,1.2999999523162842,1.3200000524520874,92900,0.0,0.0
2023-10-03 00:00:00-04:00,1.309999942779541,1.3109999895095825,1.2200000286102295,1.2400000095367432,62600,0.0,0.0
2023-10-04 00:00:00-04:00,1.25,1.25,1.1200000047683716,1.2000000476837158,172400,0.0,0.0
2023-10-05 00:00:00-04:00,1.1699999570846558,1.2100000381469727,1.149999976158142,1.1699999570846558,38100,0.0,0.0
2023-10-06 00:00:00-04:00,1.1799999475479126,1.3200000524520874,1.159999966621399,1.25,115200,0.0,0.0
2023-10-09 00:00:00-04:00,1.2899999618530273,1.2899999618530273,1.1799999475479126,1.2200000286102295,23000,0.0,0.0
2023-10-10 00:00:00-04:00,1.218999981880188,1.2979999780654907,1.218999981880188,1.2300000190734863,35200,0.0,0.0
2023-10-11 00:00:00-04:00,1.2549999952316284,1.2599999904632568,1.2000000476837158,1.2300000190734863,24700,0.0,0.0
2023-10-12 00:00:00-04:00,1.25,1.25,1.2000000476837158,1.25,54700,0.0,0.0
2023-10-13 00:00:00-04:00,1.2100000381469727,1.2200000286102295,1.1399999856948853,1.1549999713897705,100600,0.0,0.0
2023-10-16 00:00:00-04:00,1.2300000190734863,1.2799999713897705,1.190000057220459,1.2799999713897705,197600,0.0,0.0
2023-10-17 00:00:00-04:00,1.2899999618530273,1.350000023841858,1.253000020980835,1.2999999523162842,122600,0.0,0.0
2023-10-18 00:00:00-04:00,1.3200000524520874,1.3200000524520874,1.25,1.2599999904632568,129500,0.0,0.0
2023-10-19 00:00:00-04:00,1.2309999465942383,1.2599999904632568,1.2100000381469727,1.2100000381469727,85400,0.0,0.0
2023-10-20 00:00:00-04:00,1.190000057220459,1.25,1.1799999475479126,1.2050000429153442,71200,0.0,0.0
2023-10-23 00:00:00-04:00,1.2200000286102295,1.4199999570846558,1.190000057220459,1.409999966621399,435400,0.0,0.0
2023-10-24 00:00:00-04:00,1.5499999523162842,1.600000023841858,1.2699999809265137,1.350000023841858,681200,0.0,0.0
2023-10-25 00:00:00-04:00,1.350000023841858,1.3600000143051147,1.180999994277954,1.2100000381469727,460000,0.0,0.0
2023-10-26 00:00:00-04:00,1.2389999628067017,1.2599999904632568,1.100000023841858,1.100000023841858,287000,0.0,0.0
2023-10-27 00:00:00-04:00,1.100000023841858,1.159999966621399,1.0099999904632568,1.024999976158142,290100,0.0,0.0
2023-10-30 00:00:00-04:00,1.0299999713897705,1.0800000429153442,1.0,1.0199999809265137,203100,0.0,0.0
2023-10-31 00:00:00-04:00,1.0,1.0499999523162842,0.9900000095367432,1.0,137000,0.0,0.0
2023-11-01 00:00:00-04:00,1.0499999523162842,1.0499999523162842,0.9200000166893005,0.9300000071525574,173000,0.0,0.0
2023-11-02 00:00:00-04:00,0.9459999799728394,1.0199999809265137,0.9459999799728394,1.0,114200,0.0,0.0
2023-11-03 00:00:00-04:00,0.9900000095367432,1.0700000524520874,0.9900000095367432,1.0099999904632568,166600,0.0,0.0
2023-11-06 00:00:00-05:00,1.059999942779541,1.059999942779541,0.9599999785423279,0.9599999785423279,70300,0.0,0.0
2023-11-07 00:00:00-05:00,0.9599999785423279,1.0499999523162842,0.9399999976158142,1.0299999713897705,134500,0.0,0.0
2023-11-08 00:00:00-05:00,1.059999942779541,1.0700000524520874,0.9700000286102295,1.0,127500,0.0,0.0
2023-11-09 00:00:00-05:00,1.100000023841858,1.1699999570846558,0.9800000190734863,0.9800000190734863,347200,0.0,0.0
2023-11-10 00:00:00-05:00,1.0099999904632568,1.0299999713897705,0.949999988079071,0.9800000190734863,138400,0.0,0.0
2023-11-13 00:00:00-05:00,0.9700000286102295,1.0049999952316284,0.9509999752044678,0.9599999785423279,106500,0.0,0.0
2023-11-14 00:00:00-05:00,1.0,1.0,0.9110000133514404,0.9520000219345093,134700,0.0,0.0
2023-11-15 00:00:00-05:00,0.949999988079071,1.0199999809265137,0.9399999976158142,0.9900000095367432,231800,0.0,0.0
2023-11-16 00:00:00-05:00,0.9419999718666077,1.0,0.9419999718666077,0.9580000042915344,73400,0.0,0.0
2023-11-17 00:00:00-05:00,0.9599999785423279,0.9750000238418579,0.8920000195503235,0.9279999732971191,177700,0.0,0.0
2023-11-20 00:00:00-05:00,0.9279999732971191,0.9399999976158142,0.8500000238418579,0.9120000004768372,215200,0.0,0.0
2023-11-21 00:00:00-05:00,0.8830000162124634,0.8999999761581421,0.8220000267028809,0.8399999737739563,278000,0.0,0.0
2023-11-22 00:00:00-05:00,0.8600000143051147,0.8600000143051147,0.75,0.7609999775886536,293400,0.0,0.0
2023-11-24 00:00:00-05:00,0.7990000247955322,0.8100000023841858,0.7599999904632568,0.7990000247955322,149300,0.0,0.0
2023-11-27 00:00:00-05:00,0.7699999809265137,0.800000011920929,0.75,0.7699999809265137,170100,0.0,0.0
2023-11-28 00:00:00-05:00,0.7799999713897705,0.7799999713897705,0.699999988079071,0.7350000143051147,241400,0.0,0.0
2023-11-29 00:00:00-05:00,0.7350000143051147,0.7699999809265137,0.7049999833106995,0.7110000252723694,237900,0.0,0.0
2023-11-30 00:00:00-05:00,0.7099999785423279,0.7200000286102295,0.6159999966621399,0.625,284000,0.0,0.0
2023-12-01 00:00:00-05:00,0.6209999918937683,1.090000033378601,0.5709999799728394,0.800000011920929,6642500,0.0,0.0
2023-12-04 00:00:00-05:00,1.0099999904632568,1.0700000524520874,0.8199999928474426,1.0700000524520874,11163900,0.0,0.0
2023-12-05 00:00:00-05:00,1.0700000524520874,1.7899999618530273,1.0499999523162842,1.7400000095367432,26057700,0.0,0.0
2023-12-06 00:00:00-05:00,1.649999976158142,1.850000023841858,1.5099999904632568,1.659999966621399,6463500,0.0,0.0
2023-12-07 00:00:00-05:00,1.5499999523162842,1.8300000429153442,1.5,1.5499999523162842,2910300,0.0,0.0
2023-12-08 00:00:00-05:00,1.590000033378601,1.7000000476837158,1.4199999570846558,1.5399999618530273,2393200,0.0,0.0
2023-12-11 00:00:00-05:00,1.2699999809265137,1.3799999952316284,1.1100000143051147,1.149999976158142,1959600,0.0,0.0
2023-12-12 00:00:00-05:00,1.2400000095367432,1.2489999532699585,1.1399999856948853,1.149999976158142,791800,0.0,0.0
2023-12-13 00:00:00-05:00,1.159999966621399,1.468000054359436,1.0499999523162842,1.4199999570846558,2517000,0.0,0.0
2023-12-14 00:00:00-05:00,1.4500000476837158,1.6490000486373901,1.3799999952316284,1.4700000286102295,2176100,0.0,0.0
2023-12-15 00:00:00-05:00,1.399999976158142,1.5,1.340000033378601,1.4199999570846558,1066100,0.0,0.0
2023-12-18 00:00:00-05:00,1.3600000143051147,1.6200000047683716,1.3200000524520874,1.5700000524520874,1425700,0.0,0.0
2023-12-19 00:00:00-05:00,1.590000033378601,2.0299999713897705,1.590000033378601,1.9500000476837158,4824100,0.0,0.0
2023-12-20 00:00:00-05:00,2.25,2.8499999046325684,2.1600000858306885,2.569999933242798,14964600,0.0,0.0
2023-12-21 00:00:00-05:00,2.5999999046325684,2.7799999713897705,2.2699999809265137,2.559999942779541,2921300,0.0,0.0
2023-12-22 00:00:00-05:00,2.5899999141693115,3.240000009536743,2.4600000381469727,2.930000066757202,5046900,0.0,0.0
2023-12-26 00:00:00-05:00,2.819999933242798,3.109999895095825,2.7699999809265137,3.059999942779541,2016600,0.0,0.0
2023-12-27 00:00:00-05:00,3.2100000381469727,4.090000152587891,3.200000047683716,4.010000228881836,6916500,0.0,0.0
2023-12-28 00:00:00-05:00,3.6700000762939453,3.7699999809265137,3.2100000381469727,3.299999952316284,3571900,0.0,0.0
2023-12-29 00:00:00-05:00,3.490000009536743,3.805000066757202,3.25,3.319999933242798,4019800,0.0,0.0
2024-01-02 00:00:00-05:00,3.8299999237060547,3.9100000858306885,3.2300000190734863,3.3399999141693115,2623900,0.0,0.0
2024-01-03 00:00:00-05:00,3.009999990463257,3.430000066757202,2.8499999046325684,3.009999990463257,2841500,0.0,0.0
2024-01-04 00:00:00-05:00,3.009999990463257,3.119999885559082,2.8299999237060547,2.859999895095825,2348100,0.0,0.0
2024-01-05 00:00:00-05:00,2.759999990463257,2.859999895095825,2.5899999141693115,2.619999885559082,1569900,0.0,0.0
2024-01-08 00:00:00-05:00,2.8299999237060547,3.059999942779541,2.4800000190734863,2.950000047683716,2959700,0.0,0.0
2024-01-09 00:00:00-05:00,2.8399999141693115,2.930000066757202,2.630000114440918,2.6500000953674316,1734600,0.0,0.0
2024-01-10 00:00:00-05:00,2.549999952316284,3.0399999618530273,2.549999952316284,2.75,2103100,0.0,0.0
2024-01-11 00:00:00-05:00,3.0399999618530273,3.2200000286102295,2.309999942779541,2.390000104904175,3579100,0.0,0.0
2024-01-12 00:00:00-05:00,2.3399999141693115,2.3399999141693115,1.9299999475479126,1.9299999475479126,2072600,0.0,0.0
2024-01-16 00:00:00-05:00,1.899999976158142,2.049999952316284,1.7599999904632568,1.9299999475479126,1452400,0.0,0.0
2024-01-17 00:00:00-05:00,1.899999976158142,1.9299999475479126,1.7599999904632568,1.9299999475479126,1068300,0.0,0.0
2024-01-18 00:00:00-05:00,1.9199999570846558,1.9900000095367432,1.7000000476837158,1.7699999809265137,1094600,0.0,0.0
2024-01-19 00:00:00-05:00,1.7999999523162842,1.9199999570846558,1.659999966621399,1.850000023841858,844300,0.0,0.0
2024-01-22 00:00:00-05:00,1.75,1.9700000286102295,1.7400000095367432,1.9299999475479126,907300,0.0,0.0
2024-01-23 00:00:00-05:00,1.8200000524520874,1.9249999523162842,1.7100000381469727,1.8899999856948853,805800,0.0,0.0
2024-01-24 00:00:00-05:00,1.9299999475479126,2.0199999809265137,1.774999976158142,1.8200000524520874,547300,0.0,0.0
2024-01-25 00:00:00-05:00,1.7999999523162842,1.840000033378601,1.7300000190734863,1.7999999523162842,438700,0.0,0.0
2024-01-26 00:00:00-05:00,1.899999976158142,2.2899999618530273,1.871000051498413,2.259999990463257,1902600,0.0,0.0
2024-01-29 00:00:00-05:00,2.2799999713897705,2.5399999618530273,2.130000114440918,2.4200000762939453,1584700,0.0,0.0
2024-01-30 00:00:00-05:00,2.4200000762939453,2.440000057220459,2.190000057220459,2.2100000381469727,1385200,0.0,0.0
2024-01-31 00:00:00-05:00,2.0899999141693115,2.259999990463257,2.009999990463257,2.0999999046325684,878300,0.0,0.0
2024-02-01 00:00:00-05:00,2.069999933242798,2.1500000953674316,1.9600000381469727,2.049999952316284,646900,0.0,0.0
2024-02-02 00:00:00-05:00,2.049999952316284,2.0799999237060547,1.9199999570846558,1.9500000476837158,612700,0.0,0.0
2024-02-05 00:00:00-05:00,1.9800000190734863,2.0,1.8329999446868896,1.8600000143051147,347600,0.0,0.0
2024-02-06 00:00:00-05:00,1.840000033378601,2.180000066757202,1.8300000429153442,2.140000104904175,680600,0.0,0.0
2024-02-07 00:00:00-05:00,2.140000104904175,2.194999933242798,2.01200008392334,2.140000104904175,608200,0.0,0.0
2024-02-08 00:00:00-05:00,2.2300000190734863,2.4000000953674316,2.2300000190734863,2.375,1510100,0.0,0.0
2024-02-09 00:00:00-05:00,2.5,2.5999999046325684,2.25,2.4100000858306885,2583100,0.0,0.0
2024-02-12 00:00:00-05:00,2.4100000858306885,2.7290000915527344,2.3499999046325684,2.5799999237060547,1966200,0.0,0.0
2024-02-13 00:00:00-05:00,2.2899999618530273,2.380000114440918,2.1510000228881836,2.200000047683716,1736800,0.0,0.0
2024-02-14 00:00:00-05:00,2.4800000190734863,2.6050000190734863,2.299999952316284,2.5399999618530273,1577800,0.0,0.0
2024-02-15 00:00:00-05:00,2.5299999713897705,2.680000066757202,2.2100000381469727,2.2799999713897705,1718000,0.0,0.0
2024-02-16 00:00:00-05:00,2.2799999713897705,2.369999885559082,2.200000047683716,2.2300000190734863,652100,0.0,0.0
2024-02-20 00:00:00-05:00,2.309999942779541,2.309999942779541,2.010999917984009,2.119999885559082,931300,0.0,0.0
2024-02-21 00:00:00-05:00,2.069999933242798,2.119999885559082,2.0199999809265137,2.069999933242798,425000,0.0,0.0
2024-02-22 00:00:00-05:00,2.119999885559082,2.2899999618530273,2.0799999237060547,2.2899999618530273,555800,0.0,0.0
2024-02-23 00:00:00-05:00,2.2100000381469727,2.2100000381469727,2.069999933242798,2.119999885559082,420300,0.0,0.0
2024-02-26 00:00:00-05:00,2.119999885559082,2.4600000381469727,2.119999885559082,2.430000066757202,2460800,0.0,0.0
2024-02-27 00:00:00-05:00,2.5999999046325684,2.5999999046325684,2.180000066757202,2.299999952316284,1995500,0.0,0.0
2024-02-28 00:00:00-05:00,2.369999885559082,2.430000066757202,2.0999999046325684,2.130000114440918,2009500,0.0,0.0
2024-02-29 00:00:00-05:00,2.180000066757202,2.2100000381469727,1.8899999856948853,1.9299999475479126,1403200,0.0,0.0
2024-03-01 00:00:00-05:00,1.9700000286102295,2.069999933242798,1.8300000429153442,2.0199999809265137,781500,0.0,0.0
2024-03-04 00:00:00-05:00,1.9600000381469727,2.0199999809265137,1.8200000524520874,1.8600000143051147,1408500,0.0,0.0
2024-03-05 00:00:00-05:00,1.840000033378601,1.8600000143051147,1.7000000476837158,1.7050000429153442,750600,0.0,0.0
2024-03-06 00:00:00-05:00,1.7400000095367432,1.840000033378601,1.7000000476837158,1.75,652700,0.0,0.0
2024-03-07 00:00:00-05:00,1.75,1.7790000438690186,1.694000005722046,1.7100000381469727,484500,0.0,0.0
2024-03-08 00:00:00-05:00,1.7200000286102295,1.9500000476837158,1.7200000286102295,1.899999976158142,829600,0.0,0.0
2024-03-11 00:00:00-04:00,1.9199999570846558,1.9299999475479126,1.7300000190734863,1.7400000095367432,671800,0.0,0.0
2024-03-12 00:00:00-04:00,1.7599999904632568,1.7599999904632568,1.6200000047683716,1.6200000047683716,616900,0.0,0.0
2024-03-13 00:00:00-04:00,1.6699999570846558,1.7100000381469727,1.5800000429153442,1.6100000143051147,545900,0.0,0.0
2024-03-14 00:00:00-04:00,1.5800000429153442,1.593999981880188,1.3600000143051147,1.3799999952316284,814000,0.0,0.0
2024-03-15 00:00:00-04:00,1.309999942779541,1.4600000381469727,1.309999942779541,1.4500000476837158,812200,0.0,0.0
2024-03-18 00:00:00-04:00,1.440000057220459,1.4600000381469727,1.3700000047683716,1.4299999475479126,508400,0.0,0.0
2024-03-19 00:00:00-04:00,1.4199999570846558,1.4290000200271606,1.3250000476837158,1.3600000143051147,370900,0.0,0.0
2024-03-20 00:00:00-04:00,1.3600000143051147,1.5399999618530273,1.3300000429153442,1.5299999713897705,748400,0.0,0.0
2024-03-21 00:00:00-04:00,1.5,1.5199999809265137,1.3899999856948853,1.399999976158142,691100,0.0,0.0
2024-03-22 00:00:00-04:00,1.3899999856948853,1.4199999570846558,1.340000033378601,1.3799999952316284,383600,0.0,0.0
2024-03-25 00:00:00-04:00,1.409999966621399,1.5,1.3880000114440918,1.4700000286102295,773100,0.0,0.0
2024-03-26 00:00:00-04:00,1.5,1.5,1.399999976158142,1.409999966621399,324700,0.0,0.0
2024-03-27 00:00:00-04:00,1.440000057220459,1.4500000476837158,1.3200000524520874,1.3600000143051147,430900,0.0,0.0
2024-03-28 00:00:00-04:00,1.3899999856948853,1.690999984741211,1.3849999904632568,1.5399999618530273,1209100,0.0,0.0
2024-04-01 00:00:00-04:00,1.5399999618530273,1.559999942779541,1.4199999570846558,1.4500000476837158,388800,0.0,0.0
2024-04-02 00:00:00-04:00,1.3899999856948853,1.3899999856948853,1.340000033378601,1.350000023841858,303600,0.0,0.0
2024-04-03 00:00:00-04:00,1.3700000047683716,1.3700000047683716,1.2799999713897705,1.3200000524520874,343900,0.0,0.0
2024-04-04 00:00:00-04:00,1.350000023841858,1.4500000476837158,1.3200000524520874,1.3300000429153442,562600,0.0,0.0
2024-04-05 00:00:00-04:00,1.3300000429153442,1.3799999952316284,1.2699999809265137,1.2799999713897705,376300,0.0,0.0
2024-04-08 00:00:00-04:00,1.3200000524520874,1.36899995803833,1.2799999713897705,1.2999999523162842,329600,0.0,0.0
2024-04-09 00:00:00-04:00,1.2999999523162842,1.2999999523162842,1.2300000190734863,1.25,207700,0.0,0.0
2024-04-10 00:00:00-04:00,1.2300000190734863,1.2699999809265137,1.190000057220459,1.25,387200,0.0,0.0
2024-04-11 00:00:00-04:00,1.2599999904632568,1.2699999809265137,1.2200000286102295,1.2300000190734863,189600,0.0,0.0
2024-04-12 00:00:00-04:00,1.2300000190734863,1.25,1.0800000429153442,1.0800000429153442,471000,0.0,0.0
2024-04-15 00:00:00-04:00,1.090000033378601,1.1699999570846558,1.0499999523162842,1.059999942779541,361800,0.0,0.0
2024-04-16 00:00:00-04:00,1.0499999523162842,1.059999942779541,0.972000002861023,1.0399999618530273,443400,0.0,0.0
2024-04-17 00:00:00-04:00,1.059999942779541,1.090000033378601,0.9900000095367432,1.059999942779541,352200,0.0,0.0
2024-04-18 00:00:00-04:00,1.0800000429153442,1.1299999952316284,1.0399999618530273,1.090000033378601,265700,0.0,0.0
2024-04-19 00:00:00-04:00,1.100000023841858,1.1299999952316284,1.0700000524520874,1.090000033378601,230900,0.0,0.0
2024-04-22 00:00:00-04:00,1.100000023841858,1.1399999856948853,1.0199999809265137,1.1200000047683716,480100,0.0,0.0
2024-04-23 00:00:00-04:00,1.149999976158142,1.2910000085830688,1.1299999952316284,1.2000000476837158,546700,0.0,0.0
2024-04-24 00:00:00-04:00,1.1699999570846558,1.1770000457763672,1.1200000047683716,1.149999976158142,203500,0.0,0.0
2024-04-25 00:00:00-04:00,1.1299999952316284,1.1399999856948853,1.0700000524520874,1.100000023841858,217700,0.0,0.0
2024-04-26 00:00:00-04:00,1.1100000143051147,1.1399999856948853,1.059999942779541,1.0800000429153442,297500,0.0,0.0
2024-04-29 00:00:00-04:00,1.0800000429153442,1.0950000286102295,1.0199999809265137,1.0399999618530273,470500,0.0,0.0
2024-04-30 00:00:00-04:00,1.0199999809265137,1.0299999713897705,0.9700000286102295,0.9990000128746033,332000,0.0,0.0
2024-05-01 00:00:00-04:00,0.9900000095367432,1.0499999523162842,0.9309999942779541,1.0,309400,0.0,0.0
2024-05-02 00:00:00-04:00,1.0099999904632568,1.0399999618530273,0.9559999704360962,0.9729999899864197,265600,0.0,0.0
2024-05-03 00:00:00-04:00,1.0,1.0399999618530273,0.972000002861023,1.0199999809265137,142900,0.0,0.0
2024-05-06 00:00:00-04:00,1.0399999618530273,1.0800000429153442,1.0399999618530273,1.059999942779541,271200,0.0,0.0
2024-05-07 00:00:00-04:00,1.0399999618530273,1.0410000085830688,0.9150000214576721,0.9279999732971191,416800,0.0,0.0
2024-05-08 00:00:00-04:00,0.9279999732971191,0.9279999732971191,0.8500000238418579,0.902999997138977,263600,0.0,0.0
2024-05-09 00:00:00-04:00,0.9100000262260437,0.9290000200271606,0.8500000238418579,0.9110000133514404,268400,0.0,0.0
2024-05-10 00:00:00-04:00,0.9110000133514404,0.9200000166893005,0.8059999942779541,0.8560000061988831,269200,0.0,0.0
2024-05-13 00:00:00-04:00,0.8399999737739563,0.8960000276565552,0.8399999737739563,0.8610000014305115,173600,0.0,0.0
2024-05-14 00:00:00-04:00,0.8299999833106995,0.968999981880188,0.800000011920929,0.9319999814033508,404300,0.0,0.0
2024-05-15 00:00:00-04:00,0.949999988079071,1.0499999523162842,0.8840000033378601,1.0399999618530273,395500,0.0,0.0
2024-05-16 00:00:00-04:00,1.0199999809265137,1.093999981880188,1.0,1.0199999809265137,250800,0.0,0.0
2024-05-17 00:00:00-04:00,1.0199999809265137,1.0880000591278076,0.9330000281333923,1.0299999713897705,316900,0.0,0.0
2024-05-20 00:00:00-04:00,1.059999942779541,1.5499999523162842,1.0299999713897705,1.5299999713897705,2880100,0.0,0.0
2024-05-21 00:00:00-04:00,1.5399999618530273,1.5399999618530273,1.159999966621399,1.184999942779541,1740600,0.0,0.0
2024-05-22 00:00:00-04:00,1.2000000476837158,1.4800000190734863,1.190000057220459,1.2200000286102295,1992000,0.0,0.0
2024-05-23 00:00:00-04:00,1.25,1.2599999904632568,1.1200000047683716,1.1699999570846558,538600,0.0,0.0
2024-05-24 00:00:00-04:00,1.2000000476837158,1.3300000429153442,1.149999976158142,1.25,672100,0.0,0.0
2024-05-28 00:00:00-04:00,1.2300000190734863,1.2899999618530273,1.159999966621399,1.2100000381469727,409900,0.0,0.0
2024-05-29 00:00:00-04:00,1.190000057220459,1.2300000190734863,1.1699999570846558,1.190000057220459,183700,0.0,0.0
2024-05-30 00:00:00-04:00,1.2000000476837158,1.2799999713897705,1.1399999856948853,1.159999966621399,503600,0.0,0.0
2024-05-31 00:00:00-04:00,1.190000057220459,1.190000057220459,1.100000023841858,1.1100000143051147,527800,0.0,0.0
2024-06-03 00:00:00-04:00,1.1299999952316284,1.1699999570846558,1.059999942779541,1.090000033378601,446700,0.0,0.0
2024-06-04 00:00:00-04:00,1.1100000143051147,1.2200000286102295,1.059999942779541,1.190000057220459,981300,0.0,0.0
2024-06-05 00:00:00-04:00,1.2300000190734863,1.25,1.100000023841858,1.1950000524520874,718100,0.0,0.0
2024-06-06 00:00:00-04:00,1.1699999570846558,1.3600000143051147,1.1549999713897705,1.350000023841858,829000,0.0,0.0
2024-06-07 00:00:00-04:00,1.2799999713897705,1.4700000286102295,1.159999966621399,1.1799999475479126,1469300,0.0,0.0
2024-06-10 00:00:00-04:00,1.159999966621399,1.2999999523162842,1.149999976158142,1.25,774600,0.0,0.0
2024-06-11 00:00:00-04:00,1.2100000381469727,1.2200000286102295,1.1100000143051147,1.2000000476837158,1103900,0.0,0.0
2024-06-12 00:00:00-04:00,1.2000000476837158,1.2699999809265137,1.1649999618530273,1.1799999475479126,1161100,0.0,0.0
2024-06-13 00:00:00-04:00,1.159999966621399,1.2300000190734863,1.1399999856948853,1.1699999570846558,954500,0.0,0.0
2024-06-14 00:00:00-04:00,1.190000057220459,1.2200000286102295,1.1089999675750732,1.1299999952316284,983700,0.0,0.0
2024-06-17 00:00:00-04:00,1.1200000047683716,1.184999942779541,1.0499999523162842,1.1399999856948853,1305000,0.0,0.0
2024-06-18 00:00:00-04:00,1.149999976158142,1.149999976158142,1.069000005722046,1.0800000429153442,715500,0.0,0.0
2024-06-20 00:00:00-04:00,1.0700000524520874,1.159999966621399,1.0199999809265137,1.0199999809265137,885200,0.0,0.0
2024-06-21 00:00:00-04:00,1.0299999713897705,1.0800000429153442,0.9900000095367432,1.0700000524520874,433700,0.0,0.0
