Date,Open,High,Low,Close,Volume,Dividends,Stock Splits
2019-09-16 00:00:00-04:00,29.360000610351562,29.360000610351562,25.5,25.5,300,0.0,0.0
2019-09-17 00:00:00-04:00,23.06999969482422,23.06999969482422,21.257999420166016,21.867000579833984,600,0.0,0.0
2019-09-18 00:00:00-04:00,21.867000579833984,21.867000579833984,21.867000579833984,21.867000579833984,0,0.0,0.0
2019-09-19 00:00:00-04:00,19.799999237060547,19.799999237060547,18.82900047302246,18.82900047302246,400,0.0,0.0
2019-09-20 00:00:00-04:00,18.0,18.100000381469727,17.5,17.5,2500,0.0,0.0
2019-09-23 00:00:00-04:00,17.733999252319336,17.733999252319336,17.733999252319336,17.733999252319336,300,0.0,0.0
2019-09-24 00:00:00-04:00,18.0,18.0,18.0,18.0,2500,0.0,0.0
2019-09-25 00:00:00-04:00,17.889999389648438,18.0,17.8799991607666,17.950000762939453,1800,0.0,0.0
2019-09-26 00:00:00-04:00,17.5,17.5,17.5,17.5,400,0.0,0.0
2019-09-27 00:00:00-04:00,17.5,17.5,17.5,17.5,0,0.0,0.0
2019-09-30 00:00:00-04:00,17.25,17.25,17.25,17.25,2000,0.0,0.0
2019-10-01 00:00:00-04:00,17.350000381469727,20.0,17.299999237060547,17.75,674000,0.0,0.0
2019-10-02 00:00:00-04:00,17.190000534057617,18.5,13.5600004196167,15.350000381469727,2336200,0.0,0.0
2019-10-03 00:00:00-04:00,15.5,16.600000381469727,15.010000228881836,15.699999809265137,951900,0.0,0.0
2019-10-04 00:00:00-04:00,15.899999618530273,15.9399995803833,13.390000343322754,13.850000381469727,2023000,0.0,0.0
2019-10-07 00:00:00-04:00,14.25,14.399999618530273,12.890000343322754,13.949999809265137,1977500,0.0,0.0
2019-10-08 00:00:00-04:00,13.930000305175781,14.819999694824219,13.359999656677246,14.029999732971191,1642200,0.0,0.0
2019-10-09 00:00:00-04:00,14.050000190734863,15.329999923706055,13.8100004196167,15.3100004196167,1021600,0.0,0.0
2019-10-10 00:00:00-04:00,15.510000228881836,16.200000762939453,15.510000228881836,16.020000457763672,712500,0.0,0.0
2019-10-11 00:00:00-04:00,16.06999969482422,16.729999542236328,15.729999542236328,16.260000228881836,433500,0.0,0.0
2019-10-14 00:00:00-04:00,16.190000534057617,16.8700008392334,16.010000228881836,16.780000686645508,772600,0.0,0.0
2019-10-15 00:00:00-04:00,16.709999084472656,16.84000015258789,15.772000312805176,15.949999809265137,399600,0.0,0.0
2019-10-16 00:00:00-04:00,15.989999771118164,16.204999923706055,15.0649995803833,15.739999771118164,258900,0.0,0.0
2019-10-17 00:00:00-04:00,15.880000114440918,16.34000015258789,14.84000015258789,15.109999656677246,513100,0.0,0.0
2019-10-18 00:00:00-04:00,15.050000190734863,15.720000267028809,15.0,15.050000190734863,352700,0.0,0.0
2019-10-21 00:00:00-04:00,15.489999771118164,16.479999542236328,15.229999542236328,15.779999732971191,977400,0.0,0.0
2019-10-22 00:00:00-04:00,15.84000015258789,16.700000762939453,15.75,15.979999542236328,570700,0.0,0.0
2019-10-23 00:00:00-04:00,16.049999237060547,16.135000228881836,15.550000190734863,15.720000267028809,570800,0.0,0.0
2019-10-24 00:00:00-04:00,15.970000267028809,15.970000267028809,14.989999771118164,15.390000343322754,452100,0.0,0.0
2019-10-25 00:00:00-04:00,15.380000114440918,15.8100004196167,15.319999694824219,15.539999961853027,416400,0.0,0.0
2019-10-28 00:00:00-04:00,15.600000381469727,15.75,15.270000457763672,15.449999809265137,303100,0.0,0.0
2019-10-29 00:00:00-04:00,15.3100004196167,15.666999816894531,15.119999885559082,15.579999923706055,470900,0.0,0.0
2019-10-30 00:00:00-04:00,15.460000038146973,16.04800033569336,15.3100004196167,15.770000457763672,334600,0.0,0.0
2019-10-31 00:00:00-04:00,15.630000114440918,15.881999969482422,15.449999809265137,15.5,342900,0.0,0.0
2019-11-01 00:00:00-04:00,15.640000343322754,16.010000228881836,15.5,15.800000190734863,467200,0.0,0.0
2019-11-04 00:00:00-05:00,15.989999771118164,16.03499984741211,15.73799991607666,15.9399995803833,321100,0.0,0.0
2019-11-05 00:00:00-05:00,15.949999809265137,16.0049991607666,15.75,15.899999618530273,357100,0.0,0.0
2019-11-06 00:00:00-05:00,15.890000343322754,15.989999771118164,15.75,15.829999923706055,282400,0.0,0.0
2019-11-07 00:00:00-05:00,15.850000381469727,16.579999923706055,15.850000381469727,16.200000762939453,923700,0.0,0.0
2019-11-08 00:00:00-05:00,16.329999923706055,16.40399932861328,15.975000381469727,16.100000381469727,434400,0.0,0.0
2019-11-11 00:00:00-05:00,16.010000228881836,16.200000762939453,15.760000228881836,15.90999984741211,321300,0.0,0.0
2019-11-12 00:00:00-05:00,15.920000076293945,16.100000381469727,15.5,15.550000190734863,373100,0.0,0.0
2019-11-13 00:00:00-05:00,15.539999961853027,15.630000114440918,15.109999656677246,15.15999984741211,491600,0.0,0.0
2019-11-14 00:00:00-05:00,15.109999656677246,15.4399995803833,14.40999984741211,15.270000457763672,472900,0.0,0.0
2019-11-15 00:00:00-05:00,15.25,15.5600004196167,14.850000381469727,15.520000457763672,231900,0.0,0.0
2019-11-18 00:00:00-05:00,15.539999961853027,15.6899995803833,14.649999618530273,14.899999618530273,426300,0.0,0.0
2019-11-19 00:00:00-05:00,14.890000343322754,15.164999961853027,14.699999809265137,14.859999656677246,437600,0.0,0.0
2019-11-20 00:00:00-05:00,14.739999771118164,15.220000267028809,14.6899995803833,14.880000114440918,365700,0.0,0.0
2019-11-21 00:00:00-05:00,14.904999732971191,15.140000343322754,14.720000267028809,14.800000190734863,376800,0.0,0.0
2019-11-22 00:00:00-05:00,14.8100004196167,15.279999732971191,14.699999809265137,15.039999961853027,350100,0.0,0.0
2019-11-25 00:00:00-05:00,15.050000190734863,15.449999809265137,14.850000381469727,15.1899995803833,205800,0.0,0.0
2019-11-26 00:00:00-05:00,15.149999618530273,15.256999969482422,14.529999732971191,14.59000015258789,416100,0.0,0.0
2019-11-27 00:00:00-05:00,14.640000343322754,15.225000381469727,14.5600004196167,15.029999732971191,288000,0.0,0.0
2019-11-29 00:00:00-05:00,14.970000267028809,15.6899995803833,14.970000267028809,15.5600004196167,178000,0.0,0.0
2019-12-02 00:00:00-05:00,15.6899995803833,15.84000015258789,15.390000343322754,15.579999923706055,299100,0.0,0.0
2019-12-03 00:00:00-05:00,15.359999656677246,15.920000076293945,15.279999732971191,15.739999771118164,321900,0.0,0.0
2019-12-04 00:00:00-05:00,16.030000686645508,16.030000686645508,15.050000190734863,15.09000015258789,198800,0.0,0.0
2019-12-05 00:00:00-05:00,15.239999771118164,15.770000457763672,14.930000305175781,15.229999542236328,200200,0.0,0.0
2019-12-06 00:00:00-05:00,15.430000305175781,15.430000305175781,15.010000228881836,15.210000038146973,281300,0.0,0.0
2019-12-09 00:00:00-05:00,15.149999618530273,15.5,14.920000076293945,15.399999618530273,233500,0.0,0.0
2019-12-10 00:00:00-05:00,15.489999771118164,16.270000457763672,15.270000457763672,15.680000305175781,589400,0.0,0.0
2019-12-11 00:00:00-05:00,15.649999618530273,15.765000343322754,15.210000038146973,15.600000381469727,387400,0.0,0.0
2019-12-12 00:00:00-05:00,15.600000381469727,16.209999084472656,15.430000305175781,15.979999542236328,616300,0.0,0.0
2019-12-13 00:00:00-05:00,16.0,16.639999389648438,15.699999809265137,16.520000457763672,767100,0.0,0.0
2019-12-16 00:00:00-05:00,16.5,18.0,16.49799919128418,17.860000610351562,1688600,0.0,0.0
2019-12-17 00:00:00-05:00,18.06999969482422,18.950000762939453,17.266000747680664,18.90999984741211,1275800,0.0,0.0
2019-12-18 00:00:00-05:00,19.489999771118164,20.65999984741211,19.020000457763672,20.6299991607666,1078300,0.0,0.0
2019-12-19 00:00:00-05:00,21.0,21.3700008392334,19.549999237060547,20.729999542236328,787800,0.0,0.0
2019-12-20 00:00:00-05:00,20.829999923706055,22.190000534057617,20.829999923706055,21.6299991607666,974400,0.0,0.0
2019-12-23 00:00:00-05:00,21.780000686645508,22.209999084472656,21.280000686645508,21.579999923706055,568800,0.0,0.0
2019-12-24 00:00:00-05:00,21.559999465942383,21.780000686645508,21.15999984741211,21.440000534057617,143200,0.0,0.0
2019-12-26 00:00:00-05:00,21.75,21.950000762939453,20.959999084472656,21.260000228881836,314800,0.0,0.0
2019-12-27 00:00:00-05:00,21.690000534057617,22.0,20.850000381469727,20.96500015258789,462400,0.0,0.0
2019-12-30 00:00:00-05:00,21.0,22.139999389648438,21.0,21.93000030517578,819200,0.0,0.0
2019-12-31 00:00:00-05:00,21.989999771118164,23.010000228881836,21.920000076293945,22.6299991607666,581800,0.0,0.0
2020-01-02 00:00:00-05:00,22.469999313354492,23.0,22.350000381469727,22.700000762939453,860200,0.0,0.0
2020-01-03 00:00:00-05:00,22.559999465942383,23.420000076293945,22.46299934387207,22.899999618530273,754200,0.0,0.0
2020-01-06 00:00:00-05:00,23.25,23.459999084472656,21.899999618530273,21.979999542236328,987600,0.0,0.0
2020-01-07 00:00:00-05:00,20.809999465942383,21.149999618530273,19.299999237060547,20.6299991607666,1338600,0.0,0.0
2020-01-08 00:00:00-05:00,20.600000381469727,21.8700008392334,20.030000686645508,20.31999969482422,629100,0.0,0.0
2020-01-09 00:00:00-05:00,20.489999771118164,21.15999984741211,20.09000015258789,20.559999465942383,465300,0.0,0.0
2020-01-10 00:00:00-05:00,20.6299991607666,20.864999771118164,19.809999465942383,19.989999771118164,451200,0.0,0.0
2020-01-13 00:00:00-05:00,20.010000228881836,20.920000076293945,19.922000885009766,20.3700008392334,337500,0.0,0.0
2020-01-14 00:00:00-05:00,20.329999923706055,21.889999389648438,20.329999923706055,21.700000762939453,662100,0.0,0.0
2020-01-15 00:00:00-05:00,21.700000762939453,22.040000915527344,21.312999725341797,21.520000457763672,371300,0.0,0.0
2020-01-16 00:00:00-05:00,21.68000030517578,22.0,21.309999465942383,21.610000610351562,414100,0.0,0.0
2020-01-17 00:00:00-05:00,21.920000076293945,21.920000076293945,21.360000610351562,21.56999969482422,431400,0.0,0.0
2020-01-21 00:00:00-05:00,21.56999969482422,21.889999389648438,21.43000030517578,21.700000762939453,316100,0.0,0.0
2020-01-22 00:00:00-05:00,21.709999084472656,23.040000915527344,21.709999084472656,22.84000015258789,472900,0.0,0.0
2020-01-23 00:00:00-05:00,22.59000015258789,22.84000015258789,22.389999389648438,22.75,394500,0.0,0.0
2020-01-24 00:00:00-05:00,22.75,23.0,22.420000076293945,22.579999923706055,381600,0.0,0.0
2020-01-27 00:00:00-05:00,22.190000534057617,22.31999969482422,21.559999465942383,22.049999237060547,289000,0.0,0.0
2020-01-28 00:00:00-05:00,22.190000534057617,23.600000381469727,22.0049991607666,23.440000534057617,932600,0.0,0.0
2020-01-29 00:00:00-05:00,23.600000381469727,24.18000030517578,23.290000915527344,23.719999313354492,802100,0.0,0.0
2020-01-30 00:00:00-05:00,23.600000381469727,24.079999923706055,21.850000381469727,22.079999923706055,796100,0.0,0.0
2020-01-31 00:00:00-05:00,22.149999618530273,22.40999984741211,21.200000762939453,21.350000381469727,445500,0.0,0.0
2020-02-03 00:00:00-05:00,21.530000686645508,22.18000030517578,20.930999755859375,21.09000015258789,535700,0.0,0.0
2020-02-04 00:00:00-05:00,21.440000534057617,21.520000457763672,20.6200008392334,20.8799991607666,629800,0.0,0.0
2020-02-05 00:00:00-05:00,20.81999969482422,21.09000015258789,20.239999771118164,20.579999923706055,682300,0.0,0.0
2020-02-06 00:00:00-05:00,20.600000381469727,21.75,20.375,21.65999984741211,410800,0.0,0.0
2020-02-07 00:00:00-05:00,21.549999237060547,22.790000915527344,21.344999313354492,22.34000015258789,545100,0.0,0.0
2020-02-10 00:00:00-05:00,22.34000015258789,23.1299991607666,21.709999084472656,23.1299991607666,659500,0.0,0.0
2020-02-11 00:00:00-05:00,23.799999237060547,23.850000381469727,21.809999465942383,22.15999984741211,938000,0.0,0.0
2020-02-12 00:00:00-05:00,22.489999771118164,23.729999542236328,22.049999237060547,23.700000762939453,640200,0.0,0.0
2020-02-13 00:00:00-05:00,23.600000381469727,25.239999771118164,23.469999313354492,24.440000534057617,827600,0.0,0.0
2020-02-14 00:00:00-05:00,24.450000762939453,24.739999771118164,24.18000030517578,24.489999771118164,418900,0.0,0.0
2020-02-18 00:00:00-05:00,24.329999923706055,24.8700008392334,22.959999084472656,24.299999237060547,715600,0.0,0.0
2020-02-19 00:00:00-05:00,24.450000762939453,24.5,23.64900016784668,24.350000381469727,637700,0.0,0.0
2020-02-20 00:00:00-05:00,24.360000610351562,25.520000457763672,24.18000030517578,25.510000228881836,641800,0.0,0.0
2020-02-21 00:00:00-05:00,25.5,26.809999465942383,24.420000076293945,26.530000686645508,670600,0.0,0.0
2020-02-24 00:00:00-05:00,25.389999389648438,26.739999771118164,24.645000457763672,26.649999618530273,769400,0.0,0.0
2020-02-25 00:00:00-05:00,26.760000228881836,27.280000686645508,26.06999969482422,26.459999084472656,623600,0.0,0.0
2020-02-26 00:00:00-05:00,26.31999969482422,26.770000457763672,23.940000534057617,23.9950008392334,1066000,0.0,0.0
2020-02-27 00:00:00-05:00,23.260000228881836,24.34600067138672,21.600000381469727,23.18000030517578,812100,0.0,0.0
2020-02-28 00:00:00-05:00,22.479999542236328,22.915000915527344,21.489999771118164,21.709999084472656,593700,0.0,0.0
2020-03-02 00:00:00-05:00,21.90999984741211,22.8700008392334,20.899999618530273,22.860000610351562,428300,0.0,0.0
2020-03-03 00:00:00-05:00,22.860000610351562,24.148000717163086,22.59000015258789,23.260000228881836,306100,0.0,0.0
2020-03-04 00:00:00-05:00,23.81999969482422,25.010000228881836,23.700000762939453,24.889999389648438,461600,0.0,0.0
2020-03-05 00:00:00-05:00,24.510000228881836,24.96500015258789,21.969999313354492,22.139999389648438,617400,0.0,0.0
2020-03-06 00:00:00-05:00,21.68000030517578,22.030000686645508,20.5,20.510000228881836,628400,0.0,0.0
2020-03-09 00:00:00-04:00,18.979999542236328,19.739999771118164,17.5,18.219999313354492,794000,0.0,0.0
2020-03-10 00:00:00-04:00,18.959999084472656,19.84000015258789,18.610000610351562,19.15999984741211,700000,0.0,0.0
2020-03-11 00:00:00-04:00,19.170000076293945,19.2549991607666,17.84000015258789,18.610000610351562,597700,0.0,0.0
2020-03-12 00:00:00-04:00,17.5,17.541000366210938,15.779999732971191,16.510000228881836,959400,0.0,0.0
2020-03-13 00:00:00-04:00,17.579999923706055,18.02899932861328,15.199999809265137,17.6200008392334,617500,0.0,0.0
2020-03-16 00:00:00-04:00,15.520000457763672,17.610000610351562,15.0,17.010000228881836,518100,0.0,0.0
2020-03-17 00:00:00-04:00,17.049999237060547,17.389999389648438,15.4399995803833,15.770000457763672,582100,0.0,0.0
2020-03-18 00:00:00-04:00,15.069999694824219,16.239999771118164,11.390000343322754,13.449999809265137,725700,0.0,0.0
2020-03-19 00:00:00-04:00,13.420000076293945,15.1899995803833,12.510000228881836,14.539999961853027,555100,0.0,0.0
2020-03-20 00:00:00-04:00,14.6899995803833,16.0,14.050000190734863,15.600000381469727,605900,0.0,0.0
2020-03-23 00:00:00-04:00,15.359999656677246,15.600000381469727,13.869999885559082,14.210000038146973,474300,0.0,0.0
2020-03-24 00:00:00-04:00,15.5,17.290000915527344,14.760000228881836,17.1200008392334,314000,0.0,0.0
2020-03-25 00:00:00-04:00,17.049999237060547,18.280000686645508,15.380000114440918,16.3799991607666,448100,0.0,0.0
2020-03-26 00:00:00-04:00,16.68000030517578,18.540000915527344,16.03499984741211,18.530000686645508,357700,0.0,0.0
2020-03-27 00:00:00-04:00,17.920000076293945,18.200000762939453,16.8799991607666,17.510000228881836,345100,0.0,0.0
2020-03-30 00:00:00-04:00,17.510000228881836,18.65999984741211,16.81999969482422,18.270000457763672,559500,0.0,0.0
2020-03-31 00:00:00-04:00,18.309999465942383,19.100000381469727,15.399999618530273,15.399999618530273,1645500,0.0,0.0
2020-04-01 00:00:00-04:00,14.489999771118164,19.21500015258789,14.3100004196167,18.579999923706055,2106300,0.0,0.0
2020-04-02 00:00:00-04:00,18.709999084472656,19.729999542236328,16.90999984741211,18.049999237060547,1312100,0.0,0.0
2020-04-03 00:00:00-04:00,18.0,18.190000534057617,15.395000457763672,15.989999771118164,3173000,0.0,0.0
2020-04-06 00:00:00-04:00,16.549999237060547,18.790000915527344,16.31999969482422,18.329999923706055,677400,0.0,0.0
2020-04-07 00:00:00-04:00,18.520000457763672,19.40999984741211,17.360000610351562,18.040000915527344,623200,0.0,0.0
2020-04-08 00:00:00-04:00,18.170000076293945,19.06999969482422,17.59000015258789,18.780000686645508,671400,0.0,0.0
2020-04-09 00:00:00-04:00,19.3700008392334,19.84000015258789,18.530000686645508,18.989999771118164,971400,0.0,0.0
2020-04-13 00:00:00-04:00,19.0,19.90999984741211,18.459999084472656,19.6299991607666,664500,0.0,0.0
2020-04-14 00:00:00-04:00,19.920000076293945,22.079999923706055,19.663999557495117,21.110000610351562,977400,0.0,0.0
2020-04-15 00:00:00-04:00,20.079999923706055,20.700000762939453,19.540000915527344,20.31999969482422,642100,0.0,0.0
2020-04-16 00:00:00-04:00,20.209999084472656,20.399999618530273,19.030000686645508,19.239999771118164,850100,0.0,0.0
2020-04-17 00:00:00-04:00,19.68000030517578,20.600000381469727,19.389999389648438,20.3799991607666,813900,0.0,0.0
2020-04-20 00:00:00-04:00,19.75,21.299999237060547,19.739999771118164,20.299999237060547,413800,0.0,0.0
2020-04-21 00:00:00-04:00,19.780000686645508,20.139999389648438,18.229999542236328,19.049999237060547,375500,0.0,0.0
2020-04-22 00:00:00-04:00,19.459999084472656,19.530000686645508,17.93000030517578,18.299999237060547,263000,0.0,0.0
2020-04-23 00:00:00-04:00,18.389999389648438,19.309999465942383,18.030000686645508,18.100000381469727,343900,0.0,0.0
2020-04-24 00:00:00-04:00,18.200000762939453,19.40999984741211,17.809999465942383,19.290000915527344,223700,0.0,0.0
2020-04-27 00:00:00-04:00,19.6200008392334,21.239999771118164,19.110000610351562,21.110000610351562,226300,0.0,0.0
2020-04-28 00:00:00-04:00,21.450000762939453,21.459999084472656,19.760000228881836,20.479999542236328,312500,0.0,0.0
2020-04-29 00:00:00-04:00,20.93000030517578,23.15999984741211,20.760000228881836,22.700000762939453,539200,0.0,0.0
2020-04-30 00:00:00-04:00,21.75,22.1299991607666,20.56999969482422,21.15999984741211,385500,0.0,0.0
2020-05-01 00:00:00-04:00,20.579999923706055,20.770000457763672,19.764999389648438,20.670000076293945,631700,0.0,0.0
2020-05-04 00:00:00-04:00,20.489999771118164,21.079999923706055,20.010000228881836,20.8799991607666,306000,0.0,0.0
2020-05-05 00:00:00-04:00,21.309999465942383,21.639999389648438,19.809999465942383,20.059999465942383,333100,0.0,0.0
2020-05-06 00:00:00-04:00,20.780000686645508,20.920000076293945,19.469999313354492,19.469999313354492,364400,0.0,0.0
2020-05-07 00:00:00-04:00,21.399999618530273,22.719999313354492,20.510000228881836,21.829999923706055,744100,0.0,0.0
2020-05-08 00:00:00-04:00,21.799999237060547,22.3700008392334,21.100000381469727,22.149999618530273,761500,0.0,0.0
2020-05-11 00:00:00-04:00,22.290000915527344,24.326000213623047,21.780000686645508,23.850000381469727,790200,0.0,0.0
2020-05-12 00:00:00-04:00,24.489999771118164,25.860000610351562,23.600000381469727,24.739999771118164,594200,0.0,0.0
2020-05-13 00:00:00-04:00,24.559999465942383,24.6299991607666,22.290000915527344,23.579999923706055,423800,0.0,0.0
2020-05-14 00:00:00-04:00,23.1299991607666,25.360000610351562,22.780000686645508,24.760000228881836,485600,0.0,0.0
2020-05-15 00:00:00-04:00,24.440000534057617,26.5,24.440000534057617,25.700000762939453,640400,0.0,0.0
2020-05-18 00:00:00-04:00,26.600000381469727,27.75,25.760000228881836,26.6200008392334,640100,0.0,0.0
2020-05-19 00:00:00-04:00,26.799999237060547,28.579999923706055,26.75,26.790000915527344,1178500,0.0,0.0
2020-05-20 00:00:00-04:00,27.510000228881836,31.739999771118164,26.889999389648438,30.280000686645508,1293500,0.0,0.0
2020-05-21 00:00:00-04:00,30.549999237060547,33.08000183105469,30.360000610351562,32.060001373291016,829000,0.0,0.0
2020-05-22 00:00:00-04:00,32.33000183105469,34.47999954223633,32.060001373291016,33.20000076293945,990200,0.0,0.0
2020-05-26 00:00:00-04:00,33.540000915527344,33.9900016784668,31.06999969482422,32.5,1009100,0.0,0.0
2020-05-27 00:00:00-04:00,32.709999084472656,33.189998626708984,32.007999420166016,33.060001373291016,911300,0.0,0.0
2020-05-28 00:00:00-04:00,31.0,31.350000381469727,27.639999389648438,27.71500015258789,2909400,0.0,0.0
2020-05-29 00:00:00-04:00,27.309999465942383,30.559999465942383,27.149999618530273,29.90999984741211,3050500,0.0,0.0
2020-06-01 00:00:00-04:00,30.40999984741211,35.459999084472656,30.350000381469727,35.0099983215332,1514100,0.0,0.0
2020-06-02 00:00:00-04:00,34.7400016784668,36.650001525878906,34.52000045776367,36.02000045776367,1532300,0.0,0.0
2020-06-03 00:00:00-04:00,37.4900016784668,39.0,37.11000061035156,38.0099983215332,1646100,0.0,0.0
2020-06-04 00:00:00-04:00,39.290000915527344,40.08000183105469,37.90999984741211,39.25,2057000,0.0,0.0
2020-06-05 00:00:00-04:00,40.0,40.060001373291016,34.63999938964844,35.689998626708984,1484800,0.0,0.0
2020-06-08 00:00:00-04:00,38.939998626708984,41.689998626708984,38.0,41.41999816894531,1863200,0.0,0.0
2020-06-09 00:00:00-04:00,40.9900016784668,43.95000076293945,39.25,42.459999084472656,1450100,0.0,0.0
2020-06-10 00:00:00-04:00,43.77000045776367,44.06999969482422,39.279998779296875,41.04999923706055,1219200,0.0,0.0
2020-06-11 00:00:00-04:00,39.09000015258789,39.84000015258789,36.83000183105469,38.72999954223633,1147200,0.0,0.0
2020-06-12 00:00:00-04:00,40.31999969482422,40.970001220703125,36.150001525878906,36.86000061035156,1067600,0.0,0.0
2020-06-15 00:00:00-04:00,36.060001373291016,42.27000045776367,35.29999923706055,40.775001525878906,1256600,0.0,0.0
2020-06-16 00:00:00-04:00,42.81999969482422,42.900001525878906,38.58000183105469,40.56999969482422,950500,0.0,0.0
2020-06-17 00:00:00-04:00,41.0099983215332,42.189998626708984,40.15599822998047,41.58000183105469,679600,0.0,0.0
2020-06-18 00:00:00-04:00,41.560001373291016,44.10900115966797,41.20000076293945,43.33000183105469,1483400,0.0,0.0
2020-06-19 00:00:00-04:00,44.310001373291016,44.97999954223633,42.630001068115234,44.400001525878906,1551200,0.0,0.0
2020-06-22 00:00:00-04:00,44.36000061035156,45.349998474121094,41.95000076293945,42.15999984741211,1359400,0.0,0.0
2020-06-23 00:00:00-04:00,43.36000061035156,43.68000030517578,41.63999938964844,41.84000015258789,1684000,0.0,0.0
2020-06-24 00:00:00-04:00,42.529998779296875,43.33000183105469,40.34000015258789,42.59000015258789,1001300,0.0,0.0
2020-06-25 00:00:00-04:00,42.58000183105469,43.34000015258789,41.83000183105469,42.189998626708984,1264200,0.0,0.0
2020-06-26 00:00:00-04:00,41.75,42.029998779296875,38.15999984741211,38.59000015258789,4878600,0.0,0.0
2020-06-29 00:00:00-04:00,38.61000061035156,40.25,37.689998626708984,38.66999816894531,1355100,0.0,0.0
2020-06-30 00:00:00-04:00,38.63999938964844,41.61000061035156,38.470001220703125,40.84000015258789,1430100,0.0,0.0
2020-07-01 00:00:00-04:00,41.779998779296875,42.90999984741211,41.06999969482422,41.7599983215332,999500,0.0,0.0
2020-07-02 00:00:00-04:00,41.68000030517578,42.790000915527344,41.11000061035156,41.68000030517578,1020100,0.0,0.0
2020-07-06 00:00:00-04:00,42.630001068115234,43.869998931884766,41.380001068115234,42.560001373291016,4083100,0.0,0.0
2020-07-07 00:00:00-04:00,42.38999938964844,42.38999938964844,39.43000030517578,41.029998779296875,1088300,0.0,0.0
2020-07-08 00:00:00-04:00,41.099998474121094,42.07899856567383,40.27000045776367,40.65999984741211,926300,0.0,0.0
2020-07-09 00:00:00-04:00,40.689998626708984,41.75,39.90999984741211,40.41999816894531,918700,0.0,0.0
2020-07-10 00:00:00-04:00,39.88999938964844,40.1349983215332,37.70000076293945,38.81999969482422,934000,0.0,0.0
2020-07-13 00:00:00-04:00,39.47999954223633,39.900001525878906,34.68000030517578,34.72999954223633,1385200,0.0,0.0
2020-07-14 00:00:00-04:00,34.72999954223633,36.470001220703125,34.231998443603516,36.209999084472656,726200,0.0,0.0
2020-07-15 00:00:00-04:00,36.599998474121094,37.66999816894531,35.900001525878906,37.380001068115234,692100,0.0,0.0
2020-07-16 00:00:00-04:00,37.099998474121094,37.279998779296875,35.41999816894531,36.27000045776367,421200,0.0,0.0
2020-07-17 00:00:00-04:00,36.310001373291016,38.33000183105469,36.29999923706055,37.630001068115234,597200,0.0,0.0
2020-07-20 00:00:00-04:00,38.06999969482422,40.119998931884766,38.0,39.959999084472656,702200,0.0,0.0
2020-07-21 00:00:00-04:00,40.369998931884766,41.29999923706055,39.91999816894531,40.34000015258789,743500,0.0,0.0
2020-07-22 00:00:00-04:00,39.88999938964844,40.685001373291016,39.349998474121094,40.2400016784668,368300,0.0,0.0
2020-07-23 00:00:00-04:00,39.84000015258789,42.77000045776367,39.20000076293945,39.70000076293945,782600,0.0,0.0
2020-07-24 00:00:00-04:00,39.08000183105469,39.21799850463867,36.33000183105469,37.84000015258789,686800,0.0,0.0
2020-07-27 00:00:00-04:00,38.040000915527344,39.849998474121094,37.88999938964844,39.619998931884766,489000,0.0,0.0
2020-07-28 00:00:00-04:00,39.599998474121094,40.560001373291016,39.0,39.619998931884766,399400,0.0,0.0
2020-07-29 00:00:00-04:00,40.130001068115234,40.48500061035156,38.459999084472656,39.81999969482422,469900,0.0,0.0
2020-07-30 00:00:00-04:00,39.02000045776367,40.45000076293945,37.93000030517578,40.18000030517578,557400,0.0,0.0
2020-07-31 00:00:00-04:00,40.619998931884766,41.5,38.060001373291016,39.65999984741211,960700,0.0,0.0
2020-08-03 00:00:00-04:00,40.0,41.790000915527344,39.880001068115234,41.47999954223633,975000,0.0,0.0
2020-08-04 00:00:00-04:00,45.06999969482422,52.584999084472656,44.5099983215332,50.52000045776367,3257400,0.0,0.0
2020-08-05 00:00:00-04:00,54.0,55.689998626708984,52.709999084472656,54.41999816894531,1924000,0.0,0.0
2020-08-06 00:00:00-04:00,54.720001220703125,54.720001220703125,50.209999084472656,52.70000076293945,977500,0.0,0.0
2020-08-07 00:00:00-04:00,52.38999938964844,53.68000030517578,49.29999923706055,50.33000183105469,712900,0.0,0.0
2020-08-10 00:00:00-04:00,50.66999816894531,51.56100082397461,48.75,49.869998931884766,472100,0.0,0.0
2020-08-11 00:00:00-04:00,49.150001525878906,50.64500045776367,47.310001373291016,48.689998626708984,824200,0.0,0.0
2020-08-12 00:00:00-04:00,49.220001220703125,54.040000915527344,49.220001220703125,53.16999816894531,693700,0.0,0.0
2020-08-13 00:00:00-04:00,53.310001373291016,55.189998626708984,52.5,52.79999923706055,807700,0.0,0.0
2020-08-14 00:00:00-04:00,52.54999923706055,53.71699905395508,51.779998779296875,52.959999084472656,256700,0.0,0.0
2020-08-17 00:00:00-04:00,52.90999984741211,57.29999923706055,52.48099899291992,56.70000076293945,869500,0.0,0.0
2020-08-18 00:00:00-04:00,57.31999969482422,58.474998474121094,55.16999816894531,56.060001373291016,916600,0.0,0.0
2020-08-19 00:00:00-04:00,56.0,57.400001525878906,53.63999938964844,54.189998626708984,507000,0.0,0.0
2020-08-20 00:00:00-04:00,56.790000915527344,56.79999923706055,54.189998626708984,55.33000183105469,488200,0.0,0.0
2020-08-21 00:00:00-04:00,55.34000015258789,55.74399948120117,54.08000183105469,55.38999938964844,499300,0.0,0.0
2020-08-24 00:00:00-04:00,56.130001068115234,56.130001068115234,52.30500030517578,53.5,490600,0.0,0.0
2020-08-25 00:00:00-04:00,53.18000030517578,53.97700119018555,52.02000045776367,53.68000030517578,392700,0.0,0.0
2020-08-26 00:00:00-04:00,53.5,53.9900016784668,51.40999984741211,52.209999084472656,332200,0.0,0.0
2020-08-27 00:00:00-04:00,52.0,52.470001220703125,50.314998626708984,51.56999969482422,420300,0.0,0.0
2020-08-28 00:00:00-04:00,52.24599838256836,54.08000183105469,52.24599838256836,54.06999969482422,454400,0.0,0.0
2020-08-31 00:00:00-04:00,54.439998626708984,54.459999084472656,51.970001220703125,53.20000076293945,395000,0.0,0.0
2020-09-01 00:00:00-04:00,52.880001068115234,56.68000030517578,52.869998931884766,55.70000076293945,1062800,0.0,0.0
2020-09-02 00:00:00-04:00,56.209999084472656,57.0,52.599998474121094,53.650001525878906,651800,0.0,0.0
2020-09-03 00:00:00-04:00,52.5,52.83000183105469,48.62300109863281,51.61000061035156,1101400,0.0,0.0
2020-09-04 00:00:00-04:00,50.869998931884766,52.400001525878906,45.86000061035156,49.83000183105469,734000,0.0,0.0
2020-09-08 00:00:00-04:00,47.9900016784668,51.75,47.08000183105469,50.25,546600,0.0,0.0
2020-09-09 00:00:00-04:00,51.439998626708984,52.439998626708984,50.099998474121094,52.119998931884766,1025900,0.0,0.0
2020-09-10 00:00:00-04:00,52.630001068115234,54.689998626708984,52.31999969482422,53.16999816894531,380600,0.0,0.0
2020-09-11 00:00:00-04:00,53.90999984741211,54.0,50.70000076293945,51.52000045776367,413600,0.0,0.0
2020-09-14 00:00:00-04:00,52.43000030517578,54.38999938964844,51.79999923706055,54.04999923706055,371800,0.0,0.0
2020-09-15 00:00:00-04:00,54.25,58.99599838256836,54.25,57.90999984741211,683500,0.0,0.0
2020-09-16 00:00:00-04:00,58.2400016784668,62.439998626708984,56.810001373291016,61.599998474121094,1383800,0.0,0.0
2020-09-17 00:00:00-04:00,59.5,59.79999923706055,53.52000045776367,56.9900016784668,1409300,0.0,0.0
2020-09-18 00:00:00-04:00,58.099998474121094,58.18000030517578,53.810001373291016,54.68000030517578,1058400,0.0,0.0
2020-09-21 00:00:00-04:00,53.310001373291016,54.79999923706055,51.720001220703125,54.380001068115234,650700,0.0,0.0
2020-09-22 00:00:00-04:00,54.65999984741211,54.65999984741211,50.540000915527344,50.95000076293945,1075000,0.0,0.0
2020-09-23 00:00:00-04:00,51.13999938964844,52.43000030517578,48.709999084472656,48.81999969482422,776000,0.0,0.0
2020-09-24 00:00:00-04:00,48.11000061035156,49.439998626708984,46.2599983215332,47.04999923706055,856300,0.0,0.0
2020-09-25 00:00:00-04:00,47.380001068115234,49.290000915527344,47.16899871826172,48.04999923706055,760800,0.0,0.0
2020-09-28 00:00:00-04:00,49.38999938964844,52.79999923706055,49.349998474121094,51.599998474121094,687100,0.0,0.0
2020-09-29 00:00:00-04:00,51.349998474121094,52.18000030517578,50.09000015258789,51.52000045776367,534600,0.0,0.0
2020-09-30 00:00:00-04:00,51.310001373291016,51.90999984741211,48.845001220703125,48.869998931884766,670300,0.0,0.0
2020-10-01 00:00:00-04:00,49.5,50.45000076293945,49.20000076293945,49.7400016784668,613400,0.0,0.0
2020-10-02 00:00:00-04:00,48.0,50.47999954223633,47.709999084472656,48.45000076293945,533700,0.0,0.0
2020-10-05 00:00:00-04:00,49.25,51.22999954223633,49.06999969482422,50.0,561600,0.0,0.0
2020-10-06 00:00:00-04:00,50.25,50.84000015258789,48.5099983215332,49.310001373291016,511600,0.0,0.0
2020-10-07 00:00:00-04:00,50.0,53.70000076293945,50.0,52.84000015258789,722200,0.0,0.0
2020-10-08 00:00:00-04:00,53.20000076293945,54.0,51.0099983215332,52.099998474121094,536400,0.0,0.0
2020-10-09 00:00:00-04:00,52.849998474121094,54.470001220703125,52.45000076293945,53.7599983215332,382700,0.0,0.0
2020-10-12 00:00:00-04:00,54.45000076293945,56.5099983215332,54.439998626708984,56.27000045776367,542800,0.0,0.0
2020-10-13 00:00:00-04:00,56.18000030517578,56.709999084472656,54.61000061035156,55.689998626708984,495600,0.0,0.0
2020-10-14 00:00:00-04:00,56.31999969482422,57.41999816894531,54.83000183105469,55.349998474121094,403400,0.0,0.0
2020-10-15 00:00:00-04:00,52.33000183105469,53.900001525878906,51.222999572753906,53.279998779296875,534000,0.0,0.0
2020-10-16 00:00:00-04:00,54.70000076293945,57.95000076293945,54.70000076293945,56.75,657600,0.0,0.0
2020-10-19 00:00:00-04:00,57.22999954223633,58.970001220703125,57.11000061035156,57.56999969482422,481500,0.0,0.0
2020-10-20 00:00:00-04:00,57.720001220703125,58.763999938964844,57.459999084472656,57.81999969482422,369200,0.0,0.0
2020-10-21 00:00:00-04:00,58.25,60.20000076293945,57.917999267578125,58.90999984741211,455200,0.0,0.0
2020-10-22 00:00:00-04:00,59.279998779296875,62.779998779296875,58.849998474121094,62.099998474121094,645600,0.0,0.0
2020-10-23 00:00:00-04:00,63.900001525878906,66.38999938964844,63.15999984741211,65.19999694824219,1219300,0.0,0.0
2020-10-26 00:00:00-04:00,64.98999786376953,66.63600158691406,63.41999816894531,65.16000366210938,566500,0.0,0.0
2020-10-27 00:00:00-04:00,65.95999908447266,66.38999938964844,62.68000030517578,63.349998474121094,368400,0.0,0.0
2020-10-28 00:00:00-04:00,60.34000015258789,61.358001708984375,57.0,57.939998626708984,738100,0.0,0.0
2020-10-29 00:00:00-04:00,58.90999984741211,62.58000183105469,57.68600082397461,59.4900016784668,612600,0.0,0.0
2020-10-30 00:00:00-04:00,59.040000915527344,59.93000030517578,54.0099983215332,54.58000183105469,644000,0.0,0.0
2020-11-02 00:00:00-05:00,55.70000076293945,57.70000076293945,54.540000915527344,55.9900016784668,409900,0.0,0.0
2020-11-03 00:00:00-05:00,57.08000183105469,59.452999114990234,55.56999969482422,59.0,364700,0.0,0.0
2020-11-04 00:00:00-05:00,60.33000183105469,62.189998626708984,58.16999816894531,61.31999969482422,380200,0.0,0.0
2020-11-05 00:00:00-05:00,62.470001220703125,64.02999877929688,62.470001220703125,62.79999923706055,285700,0.0,0.0
2020-11-06 00:00:00-05:00,62.02000045776367,64.4800033569336,60.83000183105469,63.81999969482422,335500,0.0,0.0
2020-11-09 00:00:00-05:00,66.29000091552734,67.73500061035156,62.91999816894531,62.959999084472656,350000,0.0,0.0
2020-11-10 00:00:00-05:00,62.66999816894531,64.22799682617188,59.36000061035156,63.09000015258789,886800,0.0,0.0
2020-11-11 00:00:00-05:00,63.9900016784668,64.95999908447266,61.67499923706055,64.81999969482422,363900,0.0,0.0
2020-11-12 00:00:00-05:00,65.08000183105469,65.7699966430664,63.470001220703125,64.0,323700,0.0,0.0
2020-11-13 00:00:00-05:00,64.66999816894531,65.97000122070312,63.209999084472656,65.97000122070312,481900,0.0,0.0
2020-11-16 00:00:00-05:00,74.79000091552734,79.83999633789062,70.80000305175781,72.52999877929688,1397500,0.0,0.0
2020-11-17 00:00:00-05:00,72.06999969482422,72.5,67.5,69.91000366210938,1110500,0.0,0.0
2020-11-18 00:00:00-05:00,71.80000305175781,75.62000274658203,70.05999755859375,70.6500015258789,1259300,0.0,0.0
2020-11-19 00:00:00-05:00,71.3499984741211,77.95999908447266,71.0,77.5199966430664,1330900,0.0,0.0
2020-11-20 00:00:00-05:00,78.69000244140625,84.4000015258789,78.0,84.06999969482422,1664600,0.0,0.0
2020-11-23 00:00:00-05:00,85.9280014038086,86.08000183105469,80.20999908447266,83.06999969482422,761800,0.0,0.0
2020-11-24 00:00:00-05:00,84.0,88.2770004272461,82.94999694824219,86.72000122070312,624800,0.0,0.0
2020-11-25 00:00:00-05:00,86.27999877929688,87.38999938964844,82.76000213623047,86.61000061035156,461200,0.0,0.0
2020-11-27 00:00:00-05:00,85.87999725341797,92.2699966430664,85.51000213623047,90.5999984741211,430800,0.0,0.0
2020-11-30 00:00:00-05:00,94.61000061035156,94.61000061035156,87.28500366210938,90.75,800300,0.0,0.0
2020-12-01 00:00:00-05:00,94.10600280761719,94.91999816894531,88.0,91.73999786376953,1208200,0.0,0.0
2020-12-02 00:00:00-05:00,89.3499984741211,90.0,81.7300033569336,82.5,1002000,0.0,0.0
2020-12-03 00:00:00-05:00,83.75,87.08399963378906,83.30000305175781,86.05000305175781,613600,0.0,0.0
2020-12-04 00:00:00-05:00,86.16999816894531,91.12999725341797,85.43000030517578,90.52999877929688,789100,0.0,0.0
2020-12-07 00:00:00-05:00,92.03199768066406,93.48999786376953,85.0,85.2300033569336,963500,0.0,0.0
2020-12-08 00:00:00-05:00,86.56999969482422,90.0,85.48500061035156,87.80999755859375,472000,0.0,0.0
2020-12-09 00:00:00-05:00,88.0999984741211,89.68000030517578,85.48999786376953,87.77999877929688,405700,0.0,0.0
2020-12-10 00:00:00-05:00,84.9000015258789,90.25,83.19999694824219,89.5,398500,0.0,0.0
2020-12-11 00:00:00-05:00,88.86000061035156,90.63999938964844,87.05000305175781,90.22000122070312,399800,0.0,0.0
2020-12-14 00:00:00-05:00,92.37000274658203,93.75,87.7699966430664,88.45999908447266,603600,0.0,0.0
2020-12-15 00:00:00-05:00,89.5,92.12999725341797,88.80999755859375,91.0199966430664,531100,0.0,0.0
2020-12-16 00:00:00-05:00,91.19999694824219,95.69499969482422,91.19999694824219,93.97000122070312,927100,0.0,0.0
2020-12-17 00:00:00-05:00,95.75,103.08000183105469,94.58000183105469,102.5,1122300,0.0,0.0
2020-12-18 00:00:00-05:00,101.2770004272461,102.5,99.10299682617188,101.0199966430664,946500,0.0,0.0
2020-12-21 00:00:00-05:00,102.33399963378906,102.38999938964844,95.0,102.2300033569336,874200,0.0,0.0
2020-12-22 00:00:00-05:00,105.45800018310547,109.11000061035156,103.41000366210938,109.08000183105469,734000,0.0,0.0
2020-12-23 00:00:00-05:00,113.0999984741211,113.49500274658203,107.75,108.1500015258789,799400,0.0,0.0
2020-12-24 00:00:00-05:00,109.5999984741211,110.16200256347656,104.8499984741211,105.05999755859375,298600,0.0,0.0
2020-12-28 00:00:00-05:00,108.02999877929688,108.02999877929688,101.11000061035156,103.66000366210938,435300,0.0,0.0
2020-12-29 00:00:00-05:00,103.80000305175781,104.9800033569336,96.63999938964844,100.52999877929688,500200,0.0,0.0
2020-12-30 00:00:00-05:00,100.8499984741211,105.11000061035156,100.19000244140625,102.38999938964844,347100,0.0,0.0
2020-12-31 00:00:00-05:00,102.11000061035156,104.06999969482422,100.19000244140625,100.4800033569336,413500,0.0,0.0
2021-01-04 00:00:00-05:00,101.45999908447266,102.5999984741211,96.78299713134766,101.77999877929688,686000,0.0,0.0
2021-01-05 00:00:00-05:00,100.80000305175781,106.51000213623047,100.4000015258789,104.91000366210938,405100,0.0,0.0
2021-01-06 00:00:00-05:00,104.01000213623047,105.13999938964844,101.05000305175781,104.08999633789062,586300,0.0,0.0
2021-01-07 00:00:00-05:00,107.19000244140625,113.88999938964844,105.91000366210938,112.4800033569336,575000,0.0,0.0
2021-01-08 00:00:00-05:00,111.0,114.2300033569336,101.38999938964844,102.73999786376953,1016700,0.0,0.0
2021-01-11 00:00:00-05:00,99.0199966430664,101.27200317382812,95.2300033569336,98.63999938964844,1065300,0.0,0.0
2021-01-12 00:00:00-05:00,101.5199966430664,106.75,100.27999877929688,104.80000305175781,692500,0.0,0.0
2021-01-13 00:00:00-05:00,107.47100067138672,107.47100067138672,101.12000274658203,101.52999877929688,590700,0.0,0.0
2021-01-14 00:00:00-05:00,104.31999969482422,115.13999938964844,104.2300033569336,113.9800033569336,1135600,0.0,0.0
2021-01-15 00:00:00-05:00,114.45999908447266,120.86000061035156,113.80999755859375,120.25,1056400,0.0,0.0
2021-01-19 00:00:00-05:00,124.40399932861328,126.12000274658203,114.47000122070312,119.05000305175781,782800,0.0,0.0
2021-01-20 00:00:00-05:00,121.2300033569336,124.7040023803711,117.05999755859375,118.7300033569336,506700,0.0,0.0
2021-01-21 00:00:00-05:00,120.0,121.52999877929688,115.76000213623047,121.3499984741211,576800,0.0,0.0
2021-01-22 00:00:00-05:00,118.2300033569336,125.13999938964844,118.0,124.70999908447266,416600,0.0,0.0
2021-01-25 00:00:00-05:00,126.36000061035156,129.08999633789062,116.22000122070312,119.16999816894531,677200,0.0,0.0
2021-01-26 00:00:00-05:00,119.4000015258789,120.72000122070312,116.5199966430664,119.0,661100,0.0,0.0
2021-01-27 00:00:00-05:00,114.72000122070312,120.0,111.5,113.9800033569336,832300,0.0,0.0
2021-01-28 00:00:00-05:00,114.86000061035156,121.12000274658203,114.0,117.79000091552734,730500,0.0,0.0
2021-01-29 00:00:00-05:00,117.08999633789062,120.44999694824219,111.62999725341797,111.91000366210938,709900,0.0,0.0
2021-02-01 00:00:00-05:00,114.36000061035156,117.70999908447266,113.37999725341797,115.8499984741211,368600,0.0,0.0
2021-02-02 00:00:00-05:00,118.2300033569336,118.7300033569336,113.0,117.94000244140625,458900,0.0,0.0
2021-02-03 00:00:00-05:00,118.18000030517578,120.0,115.13999938964844,116.16000366210938,748600,0.0,0.0
2021-02-04 00:00:00-05:00,117.2699966430664,119.2300033569336,114.87999725341797,118.69000244140625,712500,0.0,0.0
2021-02-05 00:00:00-05:00,118.91000366210938,125.72000122070312,118.2300033569336,125.66999816894531,791100,0.0,0.0
2021-02-08 00:00:00-05:00,126.44000244140625,131.8000030517578,111.6500015258789,120.76000213623047,1904200,0.0,0.0
2021-02-09 00:00:00-05:00,120.0,125.30999755859375,119.58999633789062,120.87999725341797,782000,0.0,0.0
2021-02-10 00:00:00-05:00,122.48999786376953,130.97000122070312,121.20999908447266,127.12000274658203,924200,0.0,0.0
2021-02-11 00:00:00-05:00,129.47000122070312,130.39999389648438,123.44999694824219,129.16000366210938,633300,0.0,0.0
2021-02-12 00:00:00-05:00,129.16000366210938,133.9199981689453,124.87000274658203,133.42999267578125,632500,0.0,0.0
2021-02-16 00:00:00-05:00,136.27000427246094,139.0,121.5199966430664,124.94999694824219,1113300,0.0,0.0
2021-02-17 00:00:00-05:00,122.3499984741211,127.2699966430664,120.58000183105469,124.76000213623047,547000,0.0,0.0
2021-02-18 00:00:00-05:00,120.5,124.75,118.80000305175781,122.97000122070312,437500,0.0,0.0
2021-02-19 00:00:00-05:00,129.42100524902344,130.14999389648438,124.5,127.81999969482422,449100,0.0,0.0
2021-02-22 00:00:00-05:00,125.69000244140625,126.77999877929688,117.0999984741211,117.86000061035156,776200,0.0,0.0
2021-02-23 00:00:00-05:00,109.62999725341797,115.52999877929688,99.01000213623047,114.3499984741211,1130300,0.0,0.0
2021-02-24 00:00:00-05:00,115.52999877929688,115.52999877929688,107.63999938964844,111.12000274658203,578200,0.0,0.0
2021-02-25 00:00:00-05:00,110.4800033569336,111.7249984741211,103.51000213623047,105.44000244140625,629000,0.0,0.0
2021-02-26 00:00:00-05:00,106.05000305175781,113.9800033569336,104.45999908447266,111.22000122070312,601800,0.0,0.0
2021-03-01 00:00:00-05:00,115.41999816894531,120.94999694824219,114.7249984741211,117.72000122070312,623300,0.0,0.0
2021-03-02 00:00:00-05:00,118.16999816894531,119.20999908447266,111.11000061035156,112.26000213623047,550700,0.0,0.0
2021-03-03 00:00:00-05:00,112.19999694824219,112.46900177001953,102.08000183105469,103.05999755859375,555400,0.0,0.0
2021-03-04 00:00:00-05:00,101.4800033569336,104.9800033569336,90.2300033569336,93.55000305175781,1340300,0.0,0.0
2021-03-05 00:00:00-05:00,95.23999786376953,95.44000244140625,83.02999877929688,90.73999786376953,1308200,0.0,0.0
2021-03-08 00:00:00-05:00,90.08999633789062,92.83000183105469,84.47000122070312,85.29000091552734,625300,0.0,0.0
2021-03-09 00:00:00-05:00,89.61799621582031,98.05000305175781,89.05000305175781,95.33000183105469,843900,0.0,0.0
2021-03-10 00:00:00-05:00,100.0,104.6449966430664,98.0199966430664,101.66999816894531,687700,0.0,0.0
2021-03-11 00:00:00-05:00,109.1500015258789,113.66000366210938,104.5,112.61000061035156,856500,0.0,0.0
2021-03-12 00:00:00-05:00,107.05999755859375,112.80000305175781,106.91999816894531,112.33999633789062,447000,0.0,0.0
2021-03-15 00:00:00-04:00,111.2300033569336,115.01000213623047,110.80999755859375,112.24500274658203,496000,0.0,0.0
2021-03-16 00:00:00-04:00,113.0,113.80999755859375,106.0,109.3499984741211,414300,0.0,0.0
2021-03-17 00:00:00-04:00,105.1500015258789,110.88999938964844,102.86000061035156,109.31999969482422,378600,0.0,0.0
2021-03-18 00:00:00-04:00,106.29000091552734,107.23999786376953,100.37000274658203,101.08999633789062,359800,0.0,0.0
2021-03-19 00:00:00-04:00,99.91999816894531,105.58000183105469,98.7300033569336,102.58999633789062,730200,0.0,0.0
2021-03-22 00:00:00-04:00,103.25,106.80000305175781,100.3550033569336,105.43000030517578,321900,0.0,0.0
2021-03-23 00:00:00-04:00,104.4000015258789,106.26000213623047,98.79000091552734,99.80000305175781,322500,0.0,0.0
2021-03-24 00:00:00-04:00,100.55000305175781,101.5999984741211,90.83000183105469,91.23999786376953,492700,0.0,0.0
2021-03-25 00:00:00-04:00,87.75,93.02999877929688,85.61000061035156,92.58000183105469,478300,0.0,0.0
2021-03-26 00:00:00-04:00,93.12999725341797,94.98999786376953,83.76000213623047,89.0250015258789,749300,0.0,0.0
2021-03-29 00:00:00-04:00,87.61499786376953,88.0,81.33000183105469,84.13999938964844,770400,0.0,0.0
2021-03-30 00:00:00-04:00,83.5999984741211,86.45999908447266,80.80000305175781,85.44999694824219,540000,0.0,0.0
2021-03-31 00:00:00-04:00,87.02999877929688,91.06999969482422,86.27999877929688,89.58000183105469,659400,0.0,0.0
2021-04-01 00:00:00-04:00,92.45999908447266,96.88800048828125,91.41500091552734,93.33999633789062,449500,0.0,0.0
2021-04-05 00:00:00-04:00,97.55000305175781,97.55000305175781,91.86000061035156,94.66000366210938,549100,0.0,0.0
2021-04-06 00:00:00-04:00,93.75,99.70999908447266,93.70999908447266,96.94000244140625,368500,0.0,0.0
2021-04-07 00:00:00-04:00,99.29000091552734,99.29000091552734,93.55000305175781,94.33000183105469,367200,0.0,0.0
2021-04-08 00:00:00-04:00,94.58999633789062,95.19999694824219,92.23999786376953,94.16999816894531,335800,0.0,0.0
2021-04-09 00:00:00-04:00,93.0,93.44000244140625,90.80000305175781,92.69999694824219,382600,0.0,0.0
2021-04-12 00:00:00-04:00,95.05999755859375,99.13999938964844,92.12000274658203,96.51000213623047,752600,0.0,0.0
2021-04-13 00:00:00-04:00,95.91000366210938,98.19000244140625,92.7300033569336,94.26000213623047,277400,0.0,0.0
2021-04-14 00:00:00-04:00,94.87000274658203,98.61699676513672,93.91000366210938,95.93000030517578,265200,0.0,0.0
2021-04-15 00:00:00-04:00,97.16000366210938,98.5,94.37999725341797,98.36000061035156,257000,0.0,0.0
2021-04-16 00:00:00-04:00,98.95999908447266,101.875,97.63999938964844,99.48999786376953,503400,0.0,0.0
2021-04-19 00:00:00-04:00,97.51000213623047,100.22000122070312,89.1500015258789,91.16999816894531,461200,0.0,0.0
2021-04-20 00:00:00-04:00,90.33999633789062,91.95899963378906,88.25499725341797,89.80000305175781,379000,0.0,0.0
2021-04-21 00:00:00-04:00,89.05999755859375,91.86000061035156,86.19999694824219,91.23999786376953,433800,0.0,0.0
2021-04-22 00:00:00-04:00,91.7699966430664,97.30500030517578,89.05000305175781,93.05999755859375,461200,0.0,0.0
2021-04-23 00:00:00-04:00,93.05999755859375,93.31999969482422,89.7699966430664,90.9800033569336,504500,0.0,0.0
2021-04-26 00:00:00-04:00,92.13999938964844,99.76000213623047,92.13999938964844,99.0999984741211,538300,0.0,0.0
2021-04-27 00:00:00-04:00,99.25,99.97000122070312,96.81999969482422,98.63999938964844,323800,0.0,0.0
2021-04-28 00:00:00-04:00,97.45999908447266,98.75,95.36000061035156,98.04000091552734,273500,0.0,0.0
2021-04-29 00:00:00-04:00,98.25,98.5,94.50499725341797,97.01000213623047,329600,0.0,0.0
2021-04-30 00:00:00-04:00,96.0,97.73999786376953,94.6500015258789,96.41000366210938,389500,0.0,0.0
2021-05-03 00:00:00-04:00,96.70999908447266,97.06999969482422,94.125,96.12000274658203,365100,0.0,0.0
2021-05-04 00:00:00-04:00,94.45999908447266,96.48999786376953,89.19999694824219,92.68000030517578,513700,0.0,0.0
2021-05-05 00:00:00-04:00,93.52999877929688,95.12000274658203,92.12000274658203,93.25,391100,0.0,0.0
2021-05-06 00:00:00-04:00,92.2699966430664,93.83999633789062,87.02999877929688,88.7699966430664,488900,0.0,0.0
2021-05-07 00:00:00-04:00,89.22000122070312,92.91000366210938,89.02999877929688,89.41999816894531,355500,0.0,0.0
2021-05-10 00:00:00-04:00,88.87799835205078,90.7300033569336,84.26000213623047,88.72000122070312,567900,0.0,0.0
2021-05-11 00:00:00-04:00,81.22000122070312,87.0,80.75,85.58000183105469,452400,0.0,0.0
2021-05-12 00:00:00-04:00,83.68000030517578,85.19999694824219,81.26000213623047,81.62999725341797,553200,0.0,0.0
2021-05-13 00:00:00-04:00,82.1500015258789,85.0,79.52999877929688,82.26000213623047,392800,0.0,0.0
2021-05-14 00:00:00-04:00,82.97000122070312,86.12999725341797,81.83999633789062,84.69999694824219,305100,0.0,0.0
2021-05-17 00:00:00-04:00,83.13999938964844,84.7699966430664,80.91000366210938,83.33000183105469,249800,0.0,0.0
2021-05-18 00:00:00-04:00,86.19000244140625,86.5999984741211,84.19000244140625,84.62000274658203,426300,0.0,0.0
2021-05-19 00:00:00-04:00,81.5999984741211,84.66999816894531,79.69999694824219,82.87999725341797,405100,0.0,0.0
2021-05-20 00:00:00-04:00,83.68000030517578,85.9800033569336,83.0,85.0999984741211,285200,0.0,0.0
2021-05-21 00:00:00-04:00,86.55999755859375,87.16999816894531,83.7300033569336,85.2300033569336,218000,0.0,0.0
2021-05-24 00:00:00-04:00,85.7300033569336,89.81999969482422,85.2300033569336,89.41000366210938,429000,0.0,0.0
2021-05-25 00:00:00-04:00,90.0,92.52999877929688,88.8499984741211,90.11000061035156,424400,0.0,0.0
2021-05-26 00:00:00-04:00,90.56999969482422,92.08000183105469,89.9010009765625,91.88999938964844,325200,0.0,0.0
2021-05-27 00:00:00-04:00,91.8499984741211,96.73500061035156,91.4000015258789,95.29000091552734,545200,0.0,0.0
2021-05-28 00:00:00-04:00,95.6500015258789,96.06999969482422,93.19999694824219,95.12999725341797,252100,0.0,0.0
2021-06-01 00:00:00-04:00,96.12000274658203,98.31999969482422,95.0,96.25,265600,0.0,0.0
2021-06-02 00:00:00-04:00,96.66000366210938,100.86000061035156,95.25,100.33999633789062,554600,0.0,0.0
2021-06-03 00:00:00-04:00,98.87000274658203,102.44000244140625,96.0,101.58000183105469,444200,0.0,0.0
2021-06-04 00:00:00-04:00,103.44999694824219,109.48999786376953,102.19999694824219,108.36000061035156,871800,0.0,0.0
2021-06-07 00:00:00-04:00,108.06999969482422,115.20999908447266,108.0,113.45999908447266,707800,0.0,0.0
2021-06-08 00:00:00-04:00,114.69999694824219,120.0,114.6500015258789,119.79000091552734,686900,0.0,0.0
2021-06-09 00:00:00-04:00,119.79000091552734,120.0,115.04000091552734,115.33999633789062,434000,0.0,0.0
2021-06-10 00:00:00-04:00,114.55999755859375,117.0199966430664,114.0,116.12999725341797,264700,0.0,0.0
2021-06-11 00:00:00-04:00,116.5,117.0199966430664,115.3499984741211,116.87999725341797,270100,0.0,0.0
2021-06-14 00:00:00-04:00,118.0,118.5,114.6500015258789,115.19000244140625,261800,0.0,0.0
2021-06-15 00:00:00-04:00,114.69999694824219,114.86000061035156,111.51000213623047,113.83999633789062,402500,0.0,0.0
2021-06-16 00:00:00-04:00,113.44000244140625,115.0,111.68699645996094,114.06999969482422,363800,0.0,0.0
2021-06-17 00:00:00-04:00,113.41999816894531,115.37000274658203,112.44000244140625,112.91999816894531,300500,0.0,0.0
2021-06-18 00:00:00-04:00,111.61000061035156,113.25,108.3499984741211,109.13999938964844,484500,0.0,0.0
2021-06-21 00:00:00-04:00,108.87999725341797,111.66999816894531,107.05999755859375,111.12000274658203,292900,0.0,0.0
2021-06-22 00:00:00-04:00,110.41999816894531,112.30999755859375,109.4000015258789,110.27999877929688,464500,0.0,0.0
2021-06-23 00:00:00-04:00,111.20999908447266,111.51000213623047,108.91000366210938,109.4800033569336,434300,0.0,0.0
2021-06-24 00:00:00-04:00,111.37999725341797,117.54000091552734,110.01000213623047,114.01000213623047,506800,0.0,0.0
2021-06-25 00:00:00-04:00,114.72000122070312,114.72000122070312,110.98999786376953,111.94000244140625,1950500,0.0,0.0
2021-06-28 00:00:00-04:00,113.41999816894531,114.83000183105469,110.63999938964844,111.87999725341797,242600,0.0,0.0
2021-06-29 00:00:00-04:00,111.69000244140625,111.69000244140625,106.72000122070312,109.08999633789062,348700,0.0,0.0
2021-06-30 00:00:00-04:00,108.48999786376953,108.83000183105469,105.61000061035156,106.70999908447266,897000,0.0,0.0
2021-07-01 00:00:00-04:00,105.9000015258789,110.13999938964844,104.70999908447266,108.56999969482422,381600,0.0,0.0
2021-07-02 00:00:00-04:00,122.05999755859375,127.80000305175781,119.16000366210938,123.73999786376953,3623100,0.0,0.0
2021-07-06 00:00:00-04:00,124.5,126.4000015258789,122.05999755859375,124.31999969482422,6789300,0.0,0.0
2021-07-07 00:00:00-04:00,122.5,123.43000030517578,116.12999725341797,116.72000122070312,1198700,0.0,0.0
2021-07-08 00:00:00-04:00,112.4800033569336,116.48999786376953,111.47000122070312,114.41000366210938,507000,0.0,0.0
2021-07-09 00:00:00-04:00,116.55000305175781,116.55000305175781,112.58999633789062,114.41000366210938,431100,0.0,0.0
2021-07-12 00:00:00-04:00,114.41000366210938,114.81999969482422,112.63999938964844,114.66999816894531,355000,0.0,0.0
2021-07-13 00:00:00-04:00,114.8499984741211,115.9800033569336,112.98999786376953,113.06999969482422,279200,0.0,0.0
2021-07-14 00:00:00-04:00,114.06999969482422,114.06999969482422,109.23999786376953,109.83000183105469,351000,0.0,0.0
2021-07-15 00:00:00-04:00,109.08000183105469,110.63999938964844,106.76499938964844,108.33000183105469,288700,0.0,0.0
2021-07-16 00:00:00-04:00,109.27999877929688,109.81999969482422,107.0,108.22000122070312,393000,0.0,0.0
2021-07-19 00:00:00-04:00,105.33999633789062,110.5999984741211,104.01000213623047,108.22000122070312,289000,0.0,0.0
2021-07-20 00:00:00-04:00,109.27999877929688,109.98999786376953,106.91000366210938,107.58999633789062,381300,0.0,0.0
2021-07-21 00:00:00-04:00,107.79000091552734,109.62000274658203,107.1449966430664,109.0,327100,0.0,0.0
2021-07-22 00:00:00-04:00,109.66999816894531,110.0,106.01000213623047,106.87000274658203,233100,0.0,0.0
2021-07-23 00:00:00-04:00,107.2300033569336,108.37999725341797,105.05999755859375,107.61000061035156,221500,0.0,0.0
2021-07-26 00:00:00-04:00,107.98999786376953,109.5,106.54000091552734,107.95999908447266,218500,0.0,0.0
2021-07-27 00:00:00-04:00,107.4800033569336,107.4800033569336,101.5,105.44000244140625,371400,0.0,0.0
2021-07-28 00:00:00-04:00,105.83999633789062,108.76000213623047,105.43000030517578,107.13999938964844,270700,0.0,0.0
2021-07-29 00:00:00-04:00,107.7300033569336,109.4209976196289,106.93000030517578,107.7699966430664,187100,0.0,0.0
2021-07-30 00:00:00-04:00,105.93000030517578,108.83000183105469,105.83000183105469,107.51000213623047,206100,0.0,0.0
2021-08-02 00:00:00-04:00,108.68000030517578,108.69999694824219,106.45999908447266,106.75,243300,0.0,0.0
2021-08-03 00:00:00-04:00,106.75,106.76000213623047,102.61000061035156,106.72000122070312,268200,0.0,0.0
2021-08-04 00:00:00-04:00,105.77999877929688,107.5,104.80000305175781,106.20999908447266,185900,0.0,0.0
2021-08-05 00:00:00-04:00,106.33999633789062,113.91999816894531,105.69999694824219,112.58000183105469,451900,0.0,0.0
2021-08-06 00:00:00-04:00,112.58000183105469,112.99199676513672,103.0,105.45999908447266,820600,0.0,0.0
2021-08-09 00:00:00-04:00,107.9800033569336,119.01000213623047,107.58000183105469,114.55000305175781,781800,0.0,0.0
2021-08-10 00:00:00-04:00,115.93000030517578,125.7300033569336,115.93000030517578,119.08999633789062,890700,0.0,0.0
2021-08-11 00:00:00-04:00,118.87999725341797,120.83200073242188,116.58999633789062,119.94000244140625,387100,0.0,0.0
2021-08-12 00:00:00-04:00,120.0,121.80000305175781,117.87999725341797,119.36000061035156,292300,0.0,0.0
2021-08-13 00:00:00-04:00,118.87999725341797,118.87999725341797,115.4000015258789,116.0,167800,0.0,0.0
2021-08-16 00:00:00-04:00,115.0,116.37999725341797,112.552001953125,113.45999908447266,194900,0.0,0.0
2021-08-17 00:00:00-04:00,111.83000183105469,113.5999984741211,109.22000122070312,112.02999877929688,280500,0.0,0.0
2021-08-18 00:00:00-04:00,111.63999938964844,114.70999908447266,111.08000183105469,111.55999755859375,918500,0.0,0.0
2021-08-19 00:00:00-04:00,109.70999908447266,111.12999725341797,106.73999786376953,108.72000122070312,473800,0.0,0.0
2021-08-20 00:00:00-04:00,108.26000213623047,110.0,105.97000122070312,108.80999755859375,386700,0.0,0.0
2021-08-23 00:00:00-04:00,109.52999877929688,113.37999725341797,109.19599914550781,112.8499984741211,221000,0.0,0.0
2021-08-24 00:00:00-04:00,113.6500015258789,115.50499725341797,112.76000213623047,115.26000213623047,193200,0.0,0.0
2021-08-25 00:00:00-04:00,115.16000366210938,115.80999755859375,109.72000122070312,109.7300033569336,313900,0.0,0.0
2021-08-26 00:00:00-04:00,109.44999694824219,110.61000061035156,105.25,105.55999755859375,431100,0.0,0.0
2021-08-27 00:00:00-04:00,106.5,113.87000274658203,105.56999969482422,113.05000305175781,356200,0.0,0.0
2021-08-30 00:00:00-04:00,112.87999725341797,113.5250015258789,111.54000091552734,112.01000213623047,222000,0.0,0.0
2021-08-31 00:00:00-04:00,111.5999984741211,111.94000244140625,107.70999908447266,108.44000244140625,547200,0.0,0.0
2021-09-01 00:00:00-04:00,109.58499908447266,113.0,108.13999938964844,113.0,393100,0.0,0.0
2021-09-02 00:00:00-04:00,113.61000061035156,114.44000244140625,111.66000366210938,112.70999908447266,234200,0.0,0.0
2021-09-03 00:00:00-04:00,112.36000061035156,113.87999725341797,110.8499984741211,111.52999877929688,160900,0.0,0.0
2021-09-07 00:00:00-04:00,111.52999877929688,112.51000213623047,108.29499816894531,108.94000244140625,257300,0.0,0.0
2021-09-08 00:00:00-04:00,108.0,108.44000244140625,103.81999969482422,103.9800033569336,328800,0.0,0.0
2021-09-09 00:00:00-04:00,106.49400329589844,106.58200073242188,103.2750015258789,105.43000030517578,210200,0.0,0.0
2021-09-10 00:00:00-04:00,105.19999694824219,106.55999755859375,99.80000305175781,100.08000183105469,312200,0.0,0.0
2021-09-13 00:00:00-04:00,100.5999984741211,105.43000030517578,97.65899658203125,105.37000274658203,528900,0.0,0.0
2021-09-14 00:00:00-04:00,105.94000244140625,105.96499633789062,101.43000030517578,103.27999877929688,336400,0.0,0.0
2021-09-15 00:00:00-04:00,103.97000122070312,109.83499908447266,102.91000366210938,108.63999938964844,408000,0.0,0.0
2021-09-16 00:00:00-04:00,108.19999694824219,108.19999694824219,103.94000244140625,105.1449966430664,196800,0.0,0.0
2021-09-17 00:00:00-04:00,105.76000213623047,106.94000244140625,103.54000091552734,105.7300033569336,633300,0.0,0.0
2021-09-20 00:00:00-04:00,102.16999816894531,103.1500015258789,99.08999633789062,100.9000015258789,235800,0.0,0.0
2021-09-21 00:00:00-04:00,102.3499984741211,102.63999938964844,99.62999725341797,101.2699966430664,131800,0.0,0.0
2021-09-22 00:00:00-04:00,101.94999694824219,103.51000213623047,101.28500366210938,102.06999969482422,139000,0.0,0.0
2021-09-23 00:00:00-04:00,103.23999786376953,104.5999984741211,102.35299682617188,103.91000366210938,131200,0.0,0.0
2021-09-24 00:00:00-04:00,103.33000183105469,104.62999725341797,101.58000183105469,103.4000015258789,201200,0.0,0.0
2021-09-27 00:00:00-04:00,102.51000213623047,103.70999908447266,99.36000061035156,103.41999816894531,227500,0.0,0.0
2021-09-28 00:00:00-04:00,102.0,103.26000213623047,99.37999725341797,101.51000213623047,348100,0.0,0.0
2021-09-29 00:00:00-04:00,102.0199966430664,103.69000244140625,100.31999969482422,100.83000183105469,247300,0.0,0.0
2021-09-30 00:00:00-04:00,100.45999908447266,101.68000030517578,95.43000030517578,96.11000061035156,616800,0.0,0.0
2021-10-01 00:00:00-04:00,97.41999816894531,97.41999816894531,91.0199966430664,91.27999877929688,480700,0.0,0.0
2021-10-04 00:00:00-04:00,90.9000015258789,92.552001953125,86.2699966430664,86.91999816894531,541300,0.0,0.0
2021-10-05 00:00:00-04:00,87.11000061035156,88.43499755859375,84.12000274658203,85.77999877929688,1000600,0.0,0.0
2021-10-06 00:00:00-04:00,86.37999725341797,86.52999877929688,82.29000091552734,85.19000244140625,509000,0.0,0.0
2021-10-07 00:00:00-04:00,86.0999984741211,88.2699966430664,85.0,85.18000030517578,645200,0.0,0.0
2021-10-08 00:00:00-04:00,85.86000061035156,86.91500091552734,84.0719985961914,86.01000213623047,527600,0.0,0.0
2021-10-11 00:00:00-04:00,85.0,87.61000061035156,84.98999786376953,85.56999969482422,222000,0.0,0.0
2021-10-12 00:00:00-04:00,86.55999755859375,88.12000274658203,85.32499694824219,87.58999633789062,538100,0.0,0.0
2021-10-13 00:00:00-04:00,88.08999633789062,92.73999786376953,88.08999633789062,91.48999786376953,404600,0.0,0.0
2021-10-14 00:00:00-04:00,91.6500015258789,94.80999755859375,91.01000213623047,92.56999969482422,249200,0.0,0.0
2021-10-15 00:00:00-04:00,93.58000183105469,93.86000061035156,91.6500015258789,91.68000030517578,461300,0.0,0.0
2021-10-18 00:00:00-04:00,90.79000091552734,92.78199768066406,90.30999755859375,92.27999877929688,256500,0.0,0.0
2021-10-19 00:00:00-04:00,92.9000015258789,93.83000183105469,91.72000122070312,93.58999633789062,208000,0.0,0.0
2021-10-20 00:00:00-04:00,93.93000030517578,95.5,92.38999938964844,93.91999816894531,193100,0.0,0.0
2021-10-21 00:00:00-04:00,93.33999633789062,94.88800048828125,93.20999908447266,94.69000244140625,140400,0.0,0.0
2021-10-22 00:00:00-04:00,94.44999694824219,96.0199966430664,93.70999908447266,94.55000305175781,194700,0.0,0.0
2021-10-25 00:00:00-04:00,94.93000030517578,96.94999694824219,94.81500244140625,96.79000091552734,370200,0.0,0.0
2021-10-26 00:00:00-04:00,97.86000061035156,99.9000015258789,96.55500030517578,98.08000183105469,565900,0.0,0.0
2021-10-27 00:00:00-04:00,98.01000213623047,99.88999938964844,96.67500305175781,98.16000366210938,366100,0.0,0.0
2021-10-28 00:00:00-04:00,99.27999877929688,104.61000061035156,99.27999877929688,101.83999633789062,320700,0.0,0.0
2021-10-29 00:00:00-04:00,100.70999908447266,105.31999969482422,100.61000061035156,105.12999725341797,277700,0.0,0.0
2021-11-01 00:00:00-04:00,106.01000213623047,108.37999725341797,103.43000030517578,106.41999816894531,418000,0.0,0.0
2021-11-02 00:00:00-04:00,106.5199966430664,108.7750015258789,104.66999816894531,108.13999938964844,231000,0.0,0.0
2021-11-03 00:00:00-04:00,108.04000091552734,113.54499816894531,107.19999694824219,112.95999908447266,494700,0.0,0.0
2021-11-04 00:00:00-04:00,112.55000305175781,114.8499984741211,109.63500213623047,109.86000061035156,310500,0.0,0.0
2021-11-05 00:00:00-04:00,111.33000183105469,112.19000244140625,106.00499725341797,107.12000274658203,452800,0.0,0.0
2021-11-08 00:00:00-05:00,106.94000244140625,108.63500213623047,105.05999755859375,105.18000030517578,311000,0.0,0.0
2021-11-09 00:00:00-05:00,104.30999755859375,106.97000122070312,104.02999877929688,104.98999786376953,224100,0.0,0.0
2021-11-10 00:00:00-05:00,103.63999938964844,105.11000061035156,101.33999633789062,101.76000213623047,352100,0.0,0.0
2021-11-11 00:00:00-05:00,102.44999694824219,104.08499908447266,99.30999755859375,101.95999908447266,281600,0.0,0.0
2021-11-12 00:00:00-05:00,100.4800033569336,105.55000305175781,100.30000305175781,105.0199966430664,566200,0.0,0.0
2021-11-15 00:00:00-05:00,105.81999969482422,106.54000091552734,103.02999877929688,105.66000366210938,279400,0.0,0.0
2021-11-16 00:00:00-05:00,105.08000183105469,108.97000122070312,104.02999877929688,108.7699966430664,304700,0.0,0.0
2021-11-17 00:00:00-05:00,107.55000305175781,109.05000305175781,104.09500122070312,106.0,377700,0.0,0.0
2021-11-18 00:00:00-05:00,106.08999633789062,106.13500213623047,101.01000213623047,103.06999969482422,355000,0.0,0.0
2021-11-19 00:00:00-05:00,102.85600280761719,105.55999755859375,102.51000213623047,104.05999755859375,342800,0.0,0.0
2021-11-22 00:00:00-05:00,92.0,93.80000305175781,82.01000213623047,82.58999633789062,3239600,0.0,0.0
2021-11-23 00:00:00-05:00,82.63999938964844,85.08999633789062,76.5199966430664,78.2699966430664,1622100,0.0,0.0
2021-11-24 00:00:00-05:00,76.12000274658203,81.12999725341797,74.0999984741211,79.58000183105469,764400,0.0,0.0
2021-11-26 00:00:00-05:00,78.0999984741211,80.5,75.81999969482422,77.06999969482422,324200,0.0,0.0
2021-11-29 00:00:00-05:00,78.19000244140625,79.32499694824219,75.93000030517578,77.66000366210938,389000,0.0,0.0
2021-11-30 00:00:00-05:00,77.30000305175781,77.9800033569336,73.16999816894531,75.18000030517578,821300,0.0,0.0
2021-12-01 00:00:00-05:00,77.47000122070312,77.47000122070312,71.7300033569336,71.81999969482422,895200,0.0,0.0
2021-12-02 00:00:00-05:00,71.5,73.47000122070312,69.36000061035156,70.62999725341797,802600,0.0,0.0
2021-12-03 00:00:00-05:00,70.62999725341797,72.75,66.55999755859375,72.5199966430664,772900,0.0,0.0
2021-12-06 00:00:00-05:00,71.83999633789062,73.20999908447266,68.80000305175781,71.97000122070312,457800,0.0,0.0
2021-12-07 00:00:00-05:00,76.26000213623047,79.5,75.73999786376953,76.91000366210938,528400,0.0,0.0
2021-12-08 00:00:00-05:00,76.01000213623047,77.08999633789062,73.37000274658203,76.08000183105469,420400,0.0,0.0
2021-12-09 00:00:00-05:00,76.2300033569336,78.48999786376953,73.18000030517578,74.01000213623047,729900,0.0,0.0
2021-12-10 00:00:00-05:00,75.0,77.3499984741211,75.0,76.81999969482422,467600,0.0,0.0
2021-12-13 00:00:00-05:00,76.81999969482422,79.66999816894531,75.31199645996094,79.36000061035156,820700,0.0,0.0
2021-12-14 00:00:00-05:00,77.86000061035156,79.26000213623047,76.87000274658203,78.08000183105469,779500,0.0,0.0
2021-12-15 00:00:00-05:00,71.0999984741211,71.8499984741211,63.0,69.19999694824219,3081600,0.0,0.0
2021-12-16 00:00:00-05:00,73.11000061035156,75.5,70.78500366210938,72.8499984741211,1112000,0.0,0.0
2021-12-17 00:00:00-05:00,72.33000183105469,72.72000122070312,69.27999877929688,72.5,1282600,0.0,0.0
2021-12-20 00:00:00-05:00,70.0,72.33000183105469,69.5,70.58999633789062,530700,0.0,0.0
2021-12-21 00:00:00-05:00,71.33000183105469,72.74500274658203,70.08999633789062,71.70999908447266,677600,0.0,0.0
2021-12-22 00:00:00-05:00,72.04000091552734,73.38500213623047,70.86000061035156,72.23999786376953,539600,0.0,0.0
2021-12-23 00:00:00-05:00,72.72000122070312,79.04499816894531,71.9800033569336,78.91999816894531,718800,0.0,0.0
2021-12-27 00:00:00-05:00,78.80000305175781,80.13500213623047,76.45999908447266,79.69999694824219,371500,0.0,0.0
2021-12-28 00:00:00-05:00,79.66999816894531,79.66999816894531,76.41999816894531,77.20999908447266,331000,0.0,0.0
2021-12-29 00:00:00-05:00,77.6500015258789,78.05000305175781,75.22000122070312,76.58999633789062,294100,0.0,0.0
2021-12-30 00:00:00-05:00,76.37000274658203,79.29000091552734,76.0,77.58999633789062,276700,0.0,0.0
2021-12-31 00:00:00-05:00,77.38999938964844,78.36000061035156,76.20999908447266,76.63999938964844,348400,0.0,0.0
2022-01-03 00:00:00-05:00,77.1500015258789,80.90799713134766,77.1500015258789,80.20999908447266,412300,0.0,0.0
2022-01-04 00:00:00-05:00,80.76000213623047,83.94999694824219,80.51000213623047,82.91999816894531,566100,0.0,0.0
2022-01-05 00:00:00-05:00,81.94999694824219,83.80000305175781,78.66000366210938,78.83000183105469,529100,0.0,0.0
2022-01-06 00:00:00-05:00,78.0,80.80000305175781,75.86499786376953,78.25,295500,0.0,0.0
2022-01-07 00:00:00-05:00,77.73999786376953,81.75,76.93000030517578,79.01000213623047,368400,0.0,0.0
2022-01-10 00:00:00-05:00,76.1500015258789,78.86000061035156,74.06999969482422,78.5199966430664,562700,0.0,0.0
2022-01-11 00:00:00-05:00,78.54000091552734,83.63999938964844,77.19999694824219,82.91999816894531,446900,0.0,0.0
2022-01-12 00:00:00-05:00,83.7300033569336,84.9000015258789,78.31999969482422,78.4800033569336,597000,0.0,0.0
2022-01-13 00:00:00-05:00,78.81999969482422,79.18000030517578,75.02999877929688,75.44999694824219,699500,0.0,0.0
2022-01-14 00:00:00-05:00,70.97000122070312,73.76000213623047,68.02999877929688,69.48999786376953,783700,0.0,0.0
2022-01-18 00:00:00-05:00,68.0,72.08499908447266,67.5,70.43000030517578,708100,0.0,0.0
2022-01-19 00:00:00-05:00,71.1500015258789,71.93000030517578,63.41999816894531,63.5099983215332,1080900,0.0,0.0
2022-01-20 00:00:00-05:00,65.0,68.12999725341797,62.41999816894531,62.869998931884766,809000,0.0,0.0
2022-01-21 00:00:00-05:00,61.540000915527344,64.08000183105469,59.83000183105469,60.04999923706055,771400,0.0,0.0
2022-01-24 00:00:00-05:00,57.93000030517578,62.13999938964844,57.0099983215332,62.02000045776367,888800,0.0,0.0
2022-01-25 00:00:00-05:00,61.400001525878906,63.17499923706055,59.959999084472656,61.25,510300,0.0,0.0
2022-01-26 00:00:00-05:00,64.1500015258789,64.1500015258789,58.7599983215332,59.2400016784668,480400,0.0,0.0
2022-01-27 00:00:00-05:00,60.709999084472656,62.65999984741211,58.38999938964844,58.95000076293945,637300,0.0,0.0
2022-01-28 00:00:00-05:00,59.029998779296875,59.84000015258789,56.31999969482422,59.72999954223633,407800,0.0,0.0
2022-01-31 00:00:00-05:00,60.20000076293945,63.80500030517578,60.15999984741211,63.4900016784668,526600,0.0,0.0
2022-02-01 00:00:00-05:00,64.0,65.13999938964844,62.400001525878906,64.87000274658203,444800,0.0,0.0
2022-02-02 00:00:00-05:00,65.01000213623047,66.61000061035156,63.5,64.33999633789062,386200,0.0,0.0
2022-02-03 00:00:00-05:00,62.540000915527344,65.62000274658203,60.880001068115234,61.18000030517578,428200,0.0,0.0
2022-02-04 00:00:00-05:00,61.70000076293945,64.44999694824219,60.810001373291016,63.58000183105469,646400,0.0,0.0
2022-02-07 00:00:00-05:00,41.900001525878906,45.86000061035156,40.11000061035156,43.61000061035156,6229800,0.0,0.0
2022-02-08 00:00:00-05:00,41.099998474121094,47.400001525878906,41.04499816894531,45.790000915527344,2266400,0.0,0.0
2022-02-09 00:00:00-05:00,46.119998931884766,46.70000076293945,45.099998474121094,46.0,1290800,0.0,0.0
2022-02-10 00:00:00-05:00,45.25,47.79999923706055,44.220001220703125,44.470001220703125,1131500,0.0,0.0
2022-02-11 00:00:00-05:00,44.90999984741211,45.83000183105469,43.08000183105469,43.34000015258789,766900,0.0,0.0
2022-02-14 00:00:00-05:00,41.9900016784668,44.2400016784668,41.880001068115234,42.91999816894531,606700,0.0,0.0
2022-02-15 00:00:00-05:00,43.5099983215332,44.47999954223633,42.7400016784668,43.22999954223633,1409800,0.0,0.0
2022-02-16 00:00:00-05:00,42.439998626708984,42.529998779296875,41.150001525878906,41.70000076293945,964900,0.0,0.0
2022-02-17 00:00:00-05:00,41.13999938964844,41.599998474121094,39.86000061035156,40.47999954223633,917200,0.0,0.0
2022-02-18 00:00:00-05:00,40.119998931884766,40.84000015258789,38.34000015258789,38.400001525878906,552100,0.0,0.0
2022-02-22 00:00:00-05:00,36.52000045776367,37.73500061035156,36.41999816894531,36.84000015258789,816400,0.0,0.0
2022-02-23 00:00:00-05:00,37.56999969482422,38.0,35.47999954223633,35.63999938964844,745600,0.0,0.0
2022-02-24 00:00:00-05:00,34.06999969482422,36.0,33.55500030517578,35.880001068115234,1859000,0.0,0.0
2022-02-25 00:00:00-05:00,36.060001373291016,36.5,34.875,35.79999923706055,1433100,0.0,0.0
2022-02-28 00:00:00-05:00,35.630001068115234,36.59000015258789,34.79999923706055,36.11000061035156,1133700,0.0,0.0
2022-03-01 00:00:00-05:00,35.970001220703125,36.08000183105469,32.84000015258789,33.25,985900,0.0,0.0
2022-03-02 00:00:00-05:00,33.459999084472656,34.33000183105469,32.595001220703125,33.59000015258789,1619500,0.0,0.0
2022-03-03 00:00:00-05:00,33.599998474121094,33.599998474121094,32.099998474121094,32.369998931884766,647200,0.0,0.0
2022-03-04 00:00:00-05:00,31.770000457763672,32.29999923706055,30.329999923706055,30.799999237060547,1200500,0.0,0.0
2022-03-07 00:00:00-05:00,34.220001220703125,34.369998931884766,29.829999923706055,29.899999618530273,3477900,0.0,0.0
2022-03-08 00:00:00-05:00,29.84000015258789,32.31999969482422,28.719999313354492,30.670000076293945,1507700,0.0,0.0
2022-03-09 00:00:00-05:00,31.329999923706055,33.61000061035156,31.329999923706055,32.7400016784668,1717600,0.0,0.0
2022-03-10 00:00:00-05:00,31.969999313354492,33.060001373291016,31.440000534057617,32.040000915527344,1286500,0.0,0.0
2022-03-11 00:00:00-05:00,32.22999954223633,32.22999954223633,30.924999237060547,31.549999237060547,8745700,0.0,0.0
2022-03-14 00:00:00-04:00,31.170000076293945,32.65999984741211,29.920000076293945,30.290000915527344,1178800,0.0,0.0
2022-03-15 00:00:00-04:00,30.649999618530273,32.459999084472656,30.649999618530273,32.310001373291016,1075400,0.0,0.0
2022-03-16 00:00:00-04:00,32.709999084472656,33.9900016784668,32.65999984741211,33.91999816894531,896300,0.0,0.0
2022-03-17 00:00:00-04:00,33.439998626708984,37.0,33.310001373291016,37.0,1042300,0.0,0.0
2022-03-18 00:00:00-04:00,36.11000061035156,37.41999816894531,35.95500183105469,36.279998779296875,1655700,0.0,0.0
2022-03-21 00:00:00-04:00,35.810001373291016,35.810001373291016,34.4900016784668,35.25,534700,0.0,0.0
2022-03-22 00:00:00-04:00,35.25,36.29999923706055,35.0,36.040000915527344,686100,0.0,0.0
2022-03-23 00:00:00-04:00,35.7400016784668,36.619998931884766,35.0099983215332,35.09000015258789,773200,0.0,0.0
2022-03-24 00:00:00-04:00,35.5,36.7400016784668,34.814998626708984,36.540000915527344,490000,0.0,0.0
2022-03-25 00:00:00-04:00,36.40999984741211,36.72999954223633,35.029998779296875,35.790000915527344,391700,0.0,0.0
2022-03-28 00:00:00-04:00,35.93000030517578,36.5,34.61000061035156,35.70000076293945,397200,0.0,0.0
2022-03-29 00:00:00-04:00,36.40999984741211,39.119998931884766,36.04999923706055,38.33000183105469,894500,0.0,0.0
2022-03-30 00:00:00-04:00,37.63999938964844,38.33000183105469,37.08000183105469,37.209999084472656,429700,0.0,0.0
2022-03-31 00:00:00-04:00,37.189998626708984,37.75,35.93000030517578,36.099998474121094,547100,0.0,0.0
2022-04-01 00:00:00-04:00,36.279998779296875,38.09000015258789,36.099998474121094,37.34000015258789,796800,0.0,0.0
2022-04-04 00:00:00-04:00,37.2400016784668,38.040000915527344,36.599998474121094,37.75,451800,0.0,0.0
2022-04-05 00:00:00-04:00,37.439998626708984,37.5,35.20000076293945,35.45000076293945,532200,0.0,0.0
2022-04-06 00:00:00-04:00,34.720001220703125,34.970001220703125,33.66999816894531,34.18000030517578,617400,0.0,0.0
2022-04-07 00:00:00-04:00,34.599998474121094,35.0,33.290000915527344,34.04999923706055,662400,0.0,0.0
2022-04-08 00:00:00-04:00,33.77000045776367,34.17499923706055,32.96500015258789,33.0,350300,0.0,0.0
2022-04-11 00:00:00-04:00,32.43000030517578,33.939998626708984,32.060001373291016,33.4900016784668,646600,0.0,0.0
2022-04-12 00:00:00-04:00,34.220001220703125,34.7400016784668,33.31999969482422,33.7599983215332,620700,0.0,0.0
2022-04-13 00:00:00-04:00,33.689998626708984,33.81999969482422,32.91999816894531,33.31999969482422,336000,0.0,0.0
2022-04-14 00:00:00-04:00,33.25,33.369998931884766,31.940000534057617,32.400001525878906,405700,0.0,0.0
2022-04-18 00:00:00-04:00,32.36000061035156,32.779998779296875,31.899999618530273,32.040000915527344,409100,0.0,0.0
2022-04-19 00:00:00-04:00,32.099998474121094,33.58000183105469,31.8799991607666,33.0099983215332,734500,0.0,0.0
2022-04-20 00:00:00-04:00,33.040000915527344,33.685001373291016,32.72999954223633,32.83000183105469,336500,0.0,0.0
2022-04-21 00:00:00-04:00,33.11000061035156,33.83000183105469,31.309999465942383,31.530000686645508,397200,0.0,0.0
2022-04-22 00:00:00-04:00,31.639999389648438,32.2599983215332,30.40999984741211,30.459999084472656,497200,0.0,0.0
2022-04-25 00:00:00-04:00,30.100000381469727,30.905000686645508,29.594999313354492,30.3700008392334,525200,0.0,0.0
2022-04-26 00:00:00-04:00,29.700000762939453,30.020000457763672,27.700000762939453,28.06999969482422,887300,0.0,0.0
2022-04-27 00:00:00-04:00,28.1299991607666,28.979999542236328,27.899999618530273,28.450000762939453,606400,0.0,0.0
2022-04-28 00:00:00-04:00,29.079999923706055,30.6299991607666,28.0,30.079999923706055,466900,0.0,0.0
2022-04-29 00:00:00-04:00,29.809999465942383,30.709999084472656,29.389999389648438,29.5,350700,0.0,0.0
2022-05-02 00:00:00-04:00,29.290000915527344,30.4950008392334,29.229999542236328,30.459999084472656,488100,0.0,0.0
2022-05-03 00:00:00-04:00,30.309999465942383,31.1200008392334,30.100000381469727,30.59000015258789,312800,0.0,0.0
2022-05-04 00:00:00-04:00,30.59000015258789,32.0,29.844999313354492,31.809999465942383,481700,0.0,0.0
2022-05-05 00:00:00-04:00,31.030000686645508,31.260000228881836,28.610000610351562,29.540000915527344,449700,0.0,0.0
2022-05-06 00:00:00-04:00,29.549999237060547,30.399999618530273,27.790000915527344,28.719999313354492,1045000,0.0,0.0
2022-05-09 00:00:00-04:00,27.799999237060547,28.280000686645508,25.88599967956543,26.469999313354492,662800,0.0,0.0
2022-05-10 00:00:00-04:00,27.850000381469727,29.09000015258789,26.520000457763672,28.299999237060547,833700,0.0,0.0
2022-05-11 00:00:00-04:00,27.799999237060547,28.489999771118164,25.8700008392334,26.049999237060547,706800,0.0,0.0
2022-05-12 00:00:00-04:00,25.31999969482422,27.420000076293945,24.65999984741211,26.969999313354492,817600,0.0,0.0
2022-05-13 00:00:00-04:00,27.790000915527344,29.799999237060547,27.7450008392334,29.18000030517578,563500,0.0,0.0
2022-05-16 00:00:00-04:00,28.6299991607666,29.43000030517578,28.049999237060547,28.440000534057617,653600,0.0,0.0
2022-05-17 00:00:00-04:00,29.6200008392334,30.889999389648438,29.229999542236328,30.68000030517578,424800,0.0,0.0
2022-05-18 00:00:00-04:00,29.649999618530273,30.7450008392334,28.969999313354492,29.799999237060547,903000,0.0,0.0
2022-05-19 00:00:00-04:00,29.670000076293945,31.34000015258789,29.290000915527344,30.950000762939453,590600,0.0,0.0
2022-05-20 00:00:00-04:00,31.260000228881836,31.989999771118164,29.290000915527344,30.700000762939453,451900,0.0,0.0
2022-05-23 00:00:00-04:00,31.09000015258789,31.5,30.149999618530273,30.579999923706055,385200,0.0,0.0
2022-05-24 00:00:00-04:00,29.90999984741211,29.90999984741211,28.31999969482422,28.760000228881836,229800,0.0,0.0
2022-05-25 00:00:00-04:00,28.450000762939453,29.56999969482422,28.149999618530273,29.040000915527344,436300,0.0,0.0
2022-05-26 00:00:00-04:00,29.1200008392334,30.43000030517578,28.989999771118164,30.020000457763672,501800,0.0,0.0
2022-05-27 00:00:00-04:00,30.579999923706055,32.25,30.540000915527344,32.060001373291016,638800,0.0,0.0
2022-05-31 00:00:00-04:00,31.969999313354492,32.040000915527344,31.150999069213867,31.760000228881836,605600,0.0,0.0
2022-06-01 00:00:00-04:00,32.13999938964844,32.86000061035156,31.09000015258789,31.280000686645508,432000,0.0,0.0
2022-06-02 00:00:00-04:00,30.8700008392334,31.6299991607666,30.700000762939453,31.079999923706055,386900,0.0,0.0
2022-06-03 00:00:00-04:00,30.360000610351562,30.43000030517578,28.690000534057617,28.770000457763672,443800,0.0,0.0
2022-06-06 00:00:00-04:00,29.420000076293945,30.049999237060547,29.25,29.81999969482422,351600,0.0,0.0
2022-06-07 00:00:00-04:00,29.420000076293945,29.979999542236328,28.854999542236328,29.6299991607666,405500,0.0,0.0
2022-06-08 00:00:00-04:00,29.34000015258789,30.530000686645508,29.34000015258789,30.100000381469727,327900,0.0,0.0
2022-06-09 00:00:00-04:00,30.18000030517578,30.860000610351562,29.360000610351562,29.469999313354492,371500,0.0,0.0
2022-06-10 00:00:00-04:00,28.459999084472656,29.139999389648438,27.56999969482422,28.0,325900,0.0,0.0
2022-06-13 00:00:00-04:00,26.530000686645508,27.479999542236328,25.665000915527344,25.969999313354492,422300,0.0,0.0
2022-06-14 00:00:00-04:00,26.200000762939453,26.43000030517578,25.5,25.860000610351562,357000,0.0,0.0
2022-06-15 00:00:00-04:00,26.079999923706055,27.155000686645508,25.729999542236328,26.579999923706055,361900,0.0,0.0
2022-06-16 00:00:00-04:00,25.479999542236328,25.520000457763672,24.59000015258789,25.270000457763672,482300,0.0,0.0
2022-06-17 00:00:00-04:00,25.5,26.280000686645508,25.4950008392334,25.889999389648438,598800,0.0,0.0
2022-06-21 00:00:00-04:00,26.489999771118164,26.93000030517578,26.06999969482422,26.110000610351562,366700,0.0,0.0
2022-06-22 00:00:00-04:00,25.59000015258789,26.979999542236328,25.59000015258789,26.59000015258789,388500,0.0,0.0
2022-06-23 00:00:00-04:00,26.940000534057617,27.15999984741211,26.559999465942383,27.0,530200,0.0,0.0
2022-06-24 00:00:00-04:00,27.399999618530273,28.780000686645508,27.290000915527344,28.40999984741211,1571100,0.0,0.0
2022-06-27 00:00:00-04:00,28.600000381469727,29.04199981689453,27.200000762939453,28.09000015258789,595700,0.0,0.0
2022-06-28 00:00:00-04:00,28.100000381469727,28.420000076293945,27.190000534057617,27.200000762939453,379900,0.0,0.0
2022-06-29 00:00:00-04:00,26.989999771118164,26.989999771118164,25.780000686645508,26.219999313354492,320600,0.0,0.0
2022-06-30 00:00:00-04:00,25.5,25.780000686645508,24.6299991607666,25.229999542236328,675400,0.0,0.0
2022-07-01 00:00:00-04:00,25.3700008392334,25.899999618530273,24.979999542236328,25.81999969482422,298100,0.0,0.0
2022-07-05 00:00:00-04:00,25.059999465942383,26.299999237060547,24.350000381469727,26.200000762939453,338400,0.0,0.0
2022-07-06 00:00:00-04:00,26.31999969482422,27.010000228881836,25.68000030517578,25.739999771118164,350000,0.0,0.0
2022-07-07 00:00:00-04:00,26.790000915527344,27.8799991607666,26.280000686645508,27.600000381469727,393700,0.0,0.0
2022-07-08 00:00:00-04:00,27.100000381469727,27.5,26.139999389648438,26.309999465942383,211500,0.0,0.0
2022-07-11 00:00:00-04:00,25.729999542236328,26.280000686645508,24.31999969482422,24.450000762939453,359600,0.0,0.0
2022-07-12 00:00:00-04:00,24.350000381469727,25.3799991607666,24.350000381469727,25.309999465942383,312400,0.0,0.0
2022-07-13 00:00:00-04:00,24.549999237060547,25.31999969482422,24.3799991607666,24.8799991607666,209700,0.0,0.0
2022-07-14 00:00:00-04:00,24.389999389648438,24.670000076293945,23.670000076293945,23.989999771118164,273800,0.0,0.0
2022-07-15 00:00:00-04:00,24.81999969482422,24.899999618530273,24.0,24.43000030517578,466000,0.0,0.0
2022-07-18 00:00:00-04:00,24.540000915527344,25.6299991607666,24.540000915527344,25.0,279100,0.0,0.0
2022-07-19 00:00:00-04:00,25.809999465942383,26.860000610351562,25.809999465942383,26.329999923706055,314000,0.0,0.0
2022-07-20 00:00:00-04:00,26.3700008392334,27.889999389648438,26.3700008392334,27.739999771118164,353600,0.0,0.0
2022-07-21 00:00:00-04:00,27.540000915527344,28.014999389648438,27.06999969482422,27.809999465942383,180500,0.0,0.0
2022-07-22 00:00:00-04:00,27.729999542236328,27.80900001525879,26.540000915527344,27.059999465942383,276800,0.0,0.0
2022-07-25 00:00:00-04:00,26.850000381469727,27.1200008392334,26.389999389648438,26.59000015258789,213400,0.0,0.0
2022-07-26 00:00:00-04:00,26.149999618530273,26.18000030517578,25.579999923706055,25.709999084472656,178500,0.0,0.0
2022-07-27 00:00:00-04:00,26.229999542236328,26.920000076293945,26.020000457763672,26.790000915527344,235700,0.0,0.0
2022-07-28 00:00:00-04:00,26.700000762939453,27.469999313354492,26.690000534057617,27.420000076293945,217900,0.0,0.0
2022-07-29 00:00:00-04:00,27.469999313354492,28.260000228881836,27.040000915527344,28.170000076293945,271000,0.0,0.0
2022-08-01 00:00:00-04:00,27.6299991607666,28.450000762939453,27.235000610351562,28.200000762939453,236000,0.0,0.0
2022-08-02 00:00:00-04:00,27.780000686645508,29.149999618530273,27.780000686645508,28.719999313354492,175600,0.0,0.0
2022-08-03 00:00:00-04:00,28.68000030517578,30.59000015258789,28.68000030517578,30.5,433200,0.0,0.0
2022-08-04 00:00:00-04:00,30.8799991607666,30.889999389648438,29.354999542236328,29.690000534057617,265500,0.0,0.0
2022-08-05 00:00:00-04:00,28.809999465942383,30.086999893188477,28.799999237060547,29.399999618530273,224700,0.0,0.0
2022-08-08 00:00:00-04:00,29.530000686645508,30.3799991607666,29.440000534057617,29.75,322800,0.0,0.0
2022-08-09 00:00:00-04:00,24.25,25.8799991607666,22.68000030517578,23.34000015258789,2308500,0.0,0.0
2022-08-10 00:00:00-04:00,23.399999618530273,24.1200008392334,22.610000610351562,23.68000030517578,1235700,0.0,0.0
2022-08-11 00:00:00-04:00,24.299999237060547,25.209999084472656,23.100000381469727,23.31999969482422,962400,0.0,0.0
2022-08-12 00:00:00-04:00,23.6299991607666,24.06999969482422,22.959999084472656,23.59000015258789,794500,0.0,0.0
2022-08-15 00:00:00-04:00,23.18000030517578,23.663000106811523,22.530000686645508,23.059999465942383,945200,0.0,0.0
2022-08-16 00:00:00-04:00,22.670000076293945,22.739999771118164,21.34000015258789,22.149999618530273,1372500,0.0,0.0
2022-08-17 00:00:00-04:00,21.549999237060547,22.079999923706055,20.940000534057617,21.799999237060547,799000,0.0,0.0
2022-08-18 00:00:00-04:00,21.799999237060547,21.93000030517578,21.09000015258789,21.40999984741211,471500,0.0,0.0
2022-08-19 00:00:00-04:00,20.690000534057617,20.959999084472656,20.229999542236328,20.5,479600,0.0,0.0
2022-08-22 00:00:00-04:00,20.020000457763672,20.350000381469727,19.780000686645508,20.0,544500,0.0,0.0
2022-08-23 00:00:00-04:00,19.959999084472656,20.190000534057617,19.920000076293945,20.0,439700,0.0,0.0
2022-08-24 00:00:00-04:00,19.969999313354492,20.549999237060547,19.885000228881836,20.049999237060547,292300,0.0,0.0
2022-08-25 00:00:00-04:00,20.270000457763672,20.77400016784668,20.170000076293945,20.440000534057617,268300,0.0,0.0
2022-08-26 00:00:00-04:00,20.510000228881836,20.579999923706055,19.93000030517578,20.170000076293945,328300,0.0,0.0
2022-08-29 00:00:00-04:00,19.920000076293945,20.43000030517578,19.8700008392334,19.989999771118164,361700,0.0,0.0
2022-08-30 00:00:00-04:00,20.280000686645508,20.43000030517578,19.614999771118164,19.989999771118164,662100,0.0,0.0
2022-08-31 00:00:00-04:00,20.1299991607666,20.25,19.670000076293945,20.010000228881836,656100,0.0,0.0
2022-09-01 00:00:00-04:00,19.68000030517578,20.06999969482422,19.18000030517578,20.010000228881836,647500,0.0,0.0
2022-09-02 00:00:00-04:00,20.510000228881836,20.6200008392334,19.479999542236328,19.520000457763672,461800,0.0,0.0
2022-09-06 00:00:00-04:00,19.5,19.5,18.149999618530273,18.25,618400,0.0,0.0
2022-09-07 00:00:00-04:00,18.110000610351562,18.8700008392334,18.040000915527344,18.719999313354492,389300,0.0,0.0
2022-09-08 00:00:00-04:00,18.420000076293945,18.809999465942383,18.100000381469727,18.649999618530273,336100,0.0,0.0
2022-09-09 00:00:00-04:00,19.049999237060547,19.469999313354492,19.010000228881836,19.329999923706055,352300,0.0,0.0
2022-09-12 00:00:00-04:00,19.56999969482422,20.219999313354492,19.440000534057617,19.969999313354492,419100,0.0,0.0
2022-09-13 00:00:00-04:00,19.09000015258789,19.43000030517578,18.760000228881836,18.959999084472656,353100,0.0,0.0
2022-09-14 00:00:00-04:00,18.8799991607666,18.90999984741211,18.15999984741211,18.25,359800,0.0,0.0
2022-09-15 00:00:00-04:00,18.0,18.614999771118164,17.799999237060547,18.559999465942383,767100,0.0,0.0
2022-09-16 00:00:00-04:00,18.100000381469727,18.18000030517578,17.790000915527344,17.93000030517578,700700,0.0,0.0
2022-09-19 00:00:00-04:00,17.65999984741211,17.889999389648438,17.0,17.209999084472656,440600,0.0,0.0
2022-09-20 00:00:00-04:00,16.93000030517578,17.735000610351562,16.649999618530273,17.09000015258789,970200,0.0,0.0
2022-09-21 00:00:00-04:00,17.34000015258789,17.420000076293945,16.68000030517578,16.690000534057617,449600,0.0,0.0
2022-09-22 00:00:00-04:00,16.540000915527344,16.700000762939453,16.229999542236328,16.549999237060547,348100,0.0,0.0
2022-09-23 00:00:00-04:00,16.18000030517578,16.469999313354492,15.920000076293945,16.350000381469727,494700,0.0,0.0
2022-09-26 00:00:00-04:00,16.239999771118164,17.0,16.239999771118164,16.520000457763672,391300,0.0,0.0
2022-09-27 00:00:00-04:00,16.709999084472656,16.829999923706055,16.344999313354492,16.600000381469727,412700,0.0,0.0
2022-09-28 00:00:00-04:00,16.75,17.149999618530273,16.56999969482422,16.90999984741211,457200,0.0,0.0
2022-09-29 00:00:00-04:00,16.469999313354492,16.549999237060547,16.209999084472656,16.34000015258789,351700,0.0,0.0
2022-09-30 00:00:00-04:00,16.299999237060547,16.6200008392334,15.729999542236328,15.75,477300,0.0,0.0
2022-10-03 00:00:00-04:00,15.989999771118164,16.25,15.779999732971191,15.930000305175781,691600,0.0,0.0
2022-10-04 00:00:00-04:00,16.059999465942383,16.860000610351562,15.960000038146973,16.1200008392334,1379500,0.0,0.0
2022-10-05 00:00:00-04:00,15.829999923706055,16.270000457763672,15.279999732971191,16.219999313354492,725400,0.0,0.0
2022-10-06 00:00:00-04:00,16.059999465942383,16.510000228881836,15.9399995803833,16.149999618530273,511700,0.0,0.0
2022-10-07 00:00:00-04:00,15.649999618530273,15.899999618530273,15.199999809265137,15.220000267028809,434600,0.0,0.0
2022-10-10 00:00:00-04:00,15.050000190734863,15.180000305175781,14.760000228881836,15.069999694824219,417600,0.0,0.0
2022-10-11 00:00:00-04:00,15.079999923706055,15.479999542236328,14.640000343322754,15.100000381469727,380300,0.0,0.0
2022-10-12 00:00:00-04:00,15.010000228881836,15.359999656677246,14.8100004196167,14.84000015258789,267600,0.0,0.0
2022-10-13 00:00:00-04:00,14.329999923706055,15.125,14.109999656677246,14.6899995803833,468300,0.0,0.0
2022-10-14 00:00:00-04:00,14.949999809265137,15.029999732971191,14.09000015258789,14.100000381469727,287000,0.0,0.0
2022-10-17 00:00:00-04:00,14.680000305175781,15.279999732971191,14.649999618530273,15.239999771118164,456000,0.0,0.0
2022-10-18 00:00:00-04:00,15.739999771118164,16.059999465942383,15.359999656677246,15.859999656677246,499500,0.0,0.0
2022-10-19 00:00:00-04:00,15.829999923706055,16.079999923706055,15.399999618530273,16.06999969482422,964800,0.0,0.0
2022-10-20 00:00:00-04:00,16.030000686645508,16.969999313354492,15.930000305175781,16.06999969482422,600800,0.0,0.0
2022-10-21 00:00:00-04:00,16.06999969482422,16.06999969482422,15.65999984741211,15.920000076293945,278000,0.0,0.0
2022-10-24 00:00:00-04:00,15.869999885559082,16.1200008392334,15.420000076293945,15.880000114440918,331200,0.0,0.0
2022-10-25 00:00:00-04:00,16.0,17.489999771118164,15.960000038146973,17.459999084472656,530400,0.0,0.0
2022-10-26 00:00:00-04:00,17.270000457763672,17.639999389648438,16.860000610351562,16.8799991607666,265400,0.0,0.0
2022-10-27 00:00:00-04:00,16.950000762939453,17.299999237060547,16.46500015258789,16.530000686645508,269000,0.0,0.0
2022-10-28 00:00:00-04:00,16.489999771118164,17.0,16.479999542236328,16.940000534057617,216200,0.0,0.0
2022-10-31 00:00:00-04:00,16.670000076293945,17.280000686645508,16.65999984741211,17.200000762939453,317900,0.0,0.0
2022-11-01 00:00:00-04:00,17.6200008392334,17.700000762939453,16.639999389648438,16.760000228881836,225100,0.0,0.0
2022-11-02 00:00:00-04:00,16.780000686645508,17.280000686645508,16.489999771118164,16.5,345100,0.0,0.0
2022-11-03 00:00:00-04:00,16.25,16.690000534057617,16.010000228881836,16.040000915527344,278400,0.0,0.0
2022-11-04 00:00:00-04:00,16.40999984741211,16.75,16.0,16.299999237060547,309200,0.0,0.0
2022-11-07 00:00:00-05:00,16.469999313354492,17.229999542236328,16.260000228881836,17.079999923706055,337800,0.0,0.0
2022-11-08 00:00:00-05:00,17.360000610351562,17.510000228881836,16.3700008392334,16.739999771118164,375200,0.0,0.0
2022-11-09 00:00:00-05:00,16.5,16.579999923706055,15.5,15.550000190734863,478600,0.0,0.0
2022-11-10 00:00:00-05:00,16.489999771118164,17.799999237060547,16.489999771118164,17.790000915527344,473200,0.0,0.0
2022-11-11 00:00:00-05:00,17.729999542236328,18.389999389648438,17.709999084472656,18.149999618530273,277100,0.0,0.0
2022-11-14 00:00:00-05:00,17.989999771118164,18.18000030517578,17.600000381469727,17.770000457763672,349100,0.0,0.0
2022-11-15 00:00:00-05:00,18.350000381469727,18.739999771118164,17.959999084472656,18.030000686645508,271200,0.0,0.0
2022-11-16 00:00:00-05:00,17.760000228881836,17.770000457763672,17.316999435424805,17.3799991607666,216500,0.0,0.0
2022-11-17 00:00:00-05:00,17.010000228881836,17.549999237060547,16.690000534057617,17.34000015258789,365000,0.0,0.0
2022-11-18 00:00:00-05:00,17.860000610351562,17.860000610351562,16.760000228881836,16.889999389648438,257200,0.0,0.0
2022-11-21 00:00:00-05:00,16.739999771118164,16.739999771118164,15.899999618530273,16.399999618530273,711300,0.0,0.0
2022-11-22 00:00:00-05:00,16.540000915527344,16.540000915527344,15.960000038146973,16.190000534057617,463700,0.0,0.0
2022-11-23 00:00:00-05:00,16.190000534057617,16.59000015258789,15.960000038146973,16.59000015258789,271600,0.0,0.0
2022-11-25 00:00:00-05:00,16.59000015258789,16.600000381469727,16.1200008392334,16.260000228881836,147800,0.0,0.0
2022-11-28 00:00:00-05:00,16.0,16.15999984741211,15.279999732971191,15.359999656677246,494800,0.0,0.0
2022-11-29 00:00:00-05:00,14.0,18.299999237060547,12.819999694824219,17.780000686645508,2294900,0.0,0.0
2022-11-30 00:00:00-05:00,17.979999542236328,20.520000457763672,17.84000015258789,20.510000228881836,1295100,0.0,0.0
2022-12-01 00:00:00-05:00,20.31999969482422,21.100000381469727,19.59000015258789,20.459999084472656,679400,0.0,0.0
2022-12-02 00:00:00-05:00,20.020000457763672,20.350000381469727,19.06999969482422,19.200000762939453,624500,0.0,0.0
2022-12-05 00:00:00-05:00,19.079999923706055,19.100000381469727,18.3799991607666,18.59000015258789,498100,0.0,0.0
2022-12-06 00:00:00-05:00,18.59000015258789,18.59000015258789,17.3799991607666,17.579999923706055,551400,0.0,0.0
2022-12-07 00:00:00-05:00,17.510000228881836,17.889999389648438,17.459999084472656,17.670000076293945,604700,0.0,0.0
2022-12-08 00:00:00-05:00,17.799999237060547,18.68000030517578,17.600000381469727,18.520000457763672,821200,0.0,0.0
2022-12-09 00:00:00-05:00,18.440000534057617,19.239999771118164,18.110000610351562,18.139999389648438,376400,0.0,0.0
2022-12-12 00:00:00-05:00,18.049999237060547,18.5,17.84000015258789,18.15999984741211,235800,0.0,0.0
2022-12-13 00:00:00-05:00,19.010000228881836,19.68199920654297,18.219999313354492,18.450000762939453,417400,0.0,0.0
2022-12-14 00:00:00-05:00,18.389999389648438,18.760000228881836,18.030000686645508,18.40999984741211,357400,0.0,0.0
2022-12-15 00:00:00-05:00,17.93000030517578,18.28499984741211,17.594999313354492,18.139999389648438,308500,0.0,0.0
2022-12-16 00:00:00-05:00,17.889999389648438,18.450000762939453,17.71500015258789,18.350000381469727,1495800,0.0,0.0
2022-12-19 00:00:00-05:00,18.209999084472656,18.31999969482422,17.920000076293945,18.260000228881836,491900,0.0,0.0
2022-12-20 00:00:00-05:00,18.110000610351562,18.690000534057617,17.760000228881836,18.479999542236328,404500,0.0,0.0
2022-12-21 00:00:00-05:00,18.540000915527344,19.100000381469727,18.459999084472656,19.010000228881836,330500,0.0,0.0
2022-12-22 00:00:00-05:00,18.719999313354492,18.81999969482422,18.06999969482422,18.3799991607666,594200,0.0,0.0
2022-12-23 00:00:00-05:00,18.299999237060547,18.809999465942383,18.299999237060547,18.559999465942383,382600,0.0,0.0
2022-12-27 00:00:00-05:00,18.420000076293945,18.709999084472656,18.09000015258789,18.360000610351562,387000,0.0,0.0
2022-12-28 00:00:00-05:00,18.200000762939453,18.6299991607666,18.110000610351562,18.260000228881836,468500,0.0,0.0
2022-12-29 00:00:00-05:00,18.420000076293945,19.110000610351562,18.420000076293945,18.760000228881836,355000,0.0,0.0
2022-12-30 00:00:00-05:00,18.360000610351562,18.65999984741211,18.274999618530273,18.530000686645508,345400,0.0,0.0
2023-01-03 00:00:00-05:00,18.950000762939453,19.510000228881836,18.350000381469727,19.139999389648438,386400,0.0,0.0
2023-01-04 00:00:00-05:00,19.559999465942383,20.94499969482422,19.270000457763672,20.860000610351562,788600,0.0,0.0
2023-01-05 00:00:00-05:00,20.579999923706055,21.809999465942383,20.139999389648438,21.479999542236328,380800,0.0,0.0
2023-01-06 00:00:00-05:00,21.6200008392334,21.940000534057617,20.770000457763672,21.59000015258789,361200,0.0,0.0
2023-01-09 00:00:00-05:00,21.8799991607666,22.049999237060547,21.18000030517578,21.200000762939453,209000,0.0,0.0
2023-01-10 00:00:00-05:00,21.049999237060547,21.809999465942383,20.6299991607666,21.56999969482422,286700,0.0,0.0
2023-01-11 00:00:00-05:00,21.649999618530273,21.850000381469727,21.170000076293945,21.690000534057617,284800,0.0,0.0
2023-01-12 00:00:00-05:00,21.860000610351562,22.56999969482422,21.40999984741211,21.6299991607666,274600,0.0,0.0
2023-01-13 00:00:00-05:00,21.309999465942383,21.850000381469727,21.18000030517578,21.59000015258789,219300,0.0,0.0
2023-01-17 00:00:00-05:00,21.65999984741211,21.854999542236328,21.280000686645508,21.790000915527344,397500,0.0,0.0
2023-01-18 00:00:00-05:00,22.1200008392334,22.719999313354492,21.5,21.56999969482422,452700,0.0,0.0
2023-01-19 00:00:00-05:00,21.06999969482422,21.6299991607666,20.920000076293945,21.420000076293945,202700,0.0,0.0
2023-01-20 00:00:00-05:00,21.639999389648438,22.56999969482422,21.420000076293945,22.440000534057617,493300,0.0,0.0
2023-01-23 00:00:00-05:00,22.610000610351562,23.610000610351562,22.297000885009766,23.559999465942383,448900,0.0,0.0
2023-01-24 00:00:00-05:00,23.3700008392334,23.489999771118164,22.844999313354492,23.299999237060547,502800,0.0,0.0
2023-01-25 00:00:00-05:00,22.899999618530273,23.600000381469727,22.704999923706055,23.469999313354492,325200,0.0,0.0
2023-01-26 00:00:00-05:00,23.829999923706055,24.6299991607666,23.579999923706055,24.559999465942383,432900,0.0,0.0
2023-01-27 00:00:00-05:00,24.280000686645508,24.969999313354492,23.81999969482422,24.959999084472656,383000,0.0,0.0
2023-01-30 00:00:00-05:00,24.31999969482422,24.739999771118164,24.049999237060547,24.399999618530273,275800,0.0,0.0
2023-01-31 00:00:00-05:00,24.579999923706055,24.979999542236328,24.450000762939453,24.520000457763672,452400,0.0,0.0
2023-02-01 00:00:00-05:00,24.59000015258789,26.540000915527344,24.479999542236328,26.399999618530273,421300,0.0,0.0
2023-02-02 00:00:00-05:00,27.010000228881836,29.479999542236328,26.969999313354492,29.40999984741211,1436000,0.0,0.0
2023-02-03 00:00:00-05:00,28.329999923706055,29.729999542236328,28.149999618530273,28.43000030517578,483100,0.0,0.0
2023-02-06 00:00:00-05:00,28.149999618530273,28.54599952697754,27.665000915527344,28.190000534057617,299700,0.0,0.0
2023-02-07 00:00:00-05:00,28.030000686645508,28.690000534057617,27.700000762939453,28.329999923706055,422300,0.0,0.0
2023-02-08 00:00:00-05:00,30.190000534057617,32.41999816894531,27.790000915527344,28.920000076293945,1309100,0.0,0.0
2023-02-09 00:00:00-05:00,31.809999465942383,31.809999465942383,29.350000381469727,29.3700008392334,1256600,0.0,0.0
2023-02-10 00:00:00-05:00,29.0,29.760000228881836,28.790000915527344,29.399999618530273,460300,0.0,0.0
2023-02-13 00:00:00-05:00,29.469999313354492,29.6299991607666,28.690000534057617,28.860000610351562,334800,0.0,0.0
2023-02-14 00:00:00-05:00,28.700000762939453,29.399999618530273,28.270000457763672,29.059999465942383,622400,0.0,0.0
2023-02-15 00:00:00-05:00,29.0,29.6200008392334,28.854999542236328,29.079999923706055,367100,0.0,0.0
2023-02-16 00:00:00-05:00,28.31999969482422,29.68000030517578,28.100000381469727,28.709999084472656,458600,0.0,0.0
2023-02-17 00:00:00-05:00,28.579999923706055,28.690000534057617,27.5,28.309999465942383,303900,0.0,0.0
2023-02-21 00:00:00-05:00,27.65999984741211,28.200000762939453,27.198999404907227,27.59000015258789,312700,0.0,0.0
2023-02-22 00:00:00-05:00,27.809999465942383,28.360000610351562,27.43000030517578,27.68000030517578,353700,0.0,0.0
2023-02-23 00:00:00-05:00,27.979999542236328,28.135000228881836,27.15999984741211,27.579999923706055,199500,0.0,0.0
2023-02-24 00:00:00-05:00,27.100000381469727,27.219999313354492,26.45599937438965,27.079999923706055,258500,0.0,0.0
2023-02-27 00:00:00-05:00,27.520000457763672,27.8700008392334,27.049999237060547,27.479999542236328,369000,0.0,0.0
2023-02-28 00:00:00-05:00,27.399999618530273,27.770000457763672,27.209999084472656,27.3799991607666,350800,0.0,0.0
2023-03-01 00:00:00-05:00,27.270000457763672,27.530000686645508,26.75,26.809999465942383,305900,0.0,0.0
2023-03-02 00:00:00-05:00,26.530000686645508,27.5,26.489999771118164,26.93000030517578,504300,0.0,0.0
2023-03-03 00:00:00-05:00,27.190000534057617,28.040000915527344,27.15999984741211,27.90999984741211,463300,0.0,0.0
2023-03-06 00:00:00-05:00,27.959999084472656,28.239999771118164,27.34000015258789,27.559999465942383,350000,0.0,0.0
2023-03-07 00:00:00-05:00,27.530000686645508,27.889999389648438,27.33799934387207,27.540000915527344,512800,0.0,0.0
2023-03-08 00:00:00-05:00,27.450000762939453,27.60099983215332,26.93000030517578,27.510000228881836,359300,0.0,0.0
2023-03-09 00:00:00-05:00,27.510000228881836,27.860000610351562,26.600000381469727,26.75,349300,0.0,0.0
2023-03-10 00:00:00-05:00,26.579999923706055,26.579999923706055,25.094999313354492,25.6299991607666,564500,0.0,0.0
2023-03-13 00:00:00-04:00,25.06999969482422,25.969999313354492,24.709999084472656,25.489999771118164,339400,0.0,0.0
2023-03-14 00:00:00-04:00,26.190000534057617,26.43000030517578,25.530000686645508,25.739999771118164,362700,0.0,0.0
2023-03-15 00:00:00-04:00,25.1200008392334,25.450000762939453,24.600000381469727,25.15999984741211,357000,0.0,0.0
2023-03-16 00:00:00-04:00,24.889999389648438,26.5,24.65999984741211,26.209999084472656,253700,0.0,0.0
2023-03-17 00:00:00-04:00,26.110000610351562,26.239999771118164,25.5,25.600000381469727,758100,0.0,0.0
2023-03-20 00:00:00-04:00,25.670000076293945,25.93000030517578,25.309999465942383,25.59000015258789,295700,0.0,0.0
2023-03-21 00:00:00-04:00,25.969999313354492,26.350000381469727,25.7549991607666,26.299999237060547,391900,0.0,0.0
2023-03-22 00:00:00-04:00,26.309999465942383,26.354999542236328,25.469999313354492,25.469999313354492,339000,0.0,0.0
2023-03-23 00:00:00-04:00,25.549999237060547,26.40999984741211,25.395000457763672,25.790000915527344,209500,0.0,0.0
2023-03-24 00:00:00-04:00,25.549999237060547,26.260000228881836,25.5,26.200000762939453,179000,0.0,0.0
2023-03-27 00:00:00-04:00,26.239999771118164,26.350000381469727,25.649999618530273,25.920000076293945,260900,0.0,0.0
2023-03-28 00:00:00-04:00,25.81999969482422,26.209999084472656,25.81999969482422,26.190000534057617,210000,0.0,0.0
2023-03-29 00:00:00-04:00,26.459999084472656,26.959999084472656,26.040000915527344,26.559999465942383,294200,0.0,0.0
2023-03-30 00:00:00-04:00,26.81999969482422,26.979999542236328,26.600000381469727,26.829999923706055,266000,0.0,0.0
2023-03-31 00:00:00-04:00,26.959999084472656,28.239999771118164,26.75,28.09000015258789,674200,0.0,0.0
2023-04-03 00:00:00-04:00,27.90999984741211,28.139999389648438,27.420000076293945,28.0,221200,0.0,0.0
2023-04-04 00:00:00-04:00,28.040000915527344,28.110000610351562,27.190000534057617,27.56999969482422,205500,0.0,0.0
2023-04-05 00:00:00-04:00,27.399999618530273,27.399999618530273,26.09000015258789,26.530000686645508,267800,0.0,0.0
2023-04-06 00:00:00-04:00,26.5,26.950000762939453,26.25,26.790000915527344,207500,0.0,0.0
2023-04-10 00:00:00-04:00,26.489999771118164,26.739999771118164,25.014999389648438,26.709999084472656,187900,0.0,0.0
2023-04-11 00:00:00-04:00,26.68000030517578,27.173999786376953,26.5,26.530000686645508,156900,0.0,0.0
2023-04-12 00:00:00-04:00,26.84000015258789,26.84000015258789,26.3799991607666,26.479999542236328,181800,0.0,0.0
2023-04-13 00:00:00-04:00,26.600000381469727,27.260000228881836,26.600000381469727,27.139999389648438,133100,0.0,0.0
2023-04-14 00:00:00-04:00,26.90999984741211,27.18000030517578,26.450000762939453,26.959999084472656,158200,0.0,0.0
2023-04-17 00:00:00-04:00,26.959999084472656,27.049999237060547,26.65999984741211,27.030000686645508,143600,0.0,0.0
2023-04-18 00:00:00-04:00,27.209999084472656,27.440000534057617,26.670000076293945,26.809999465942383,175300,0.0,0.0
2023-04-19 00:00:00-04:00,26.349000930786133,26.739999771118164,26.100000381469727,26.520000457763672,256100,0.0,0.0
2023-04-20 00:00:00-04:00,26.350000381469727,26.40999984741211,25.84000015258789,26.09000015258789,286200,0.0,0.0
2023-04-21 00:00:00-04:00,26.040000915527344,26.1299991607666,25.815000534057617,25.969999313354492,305000,0.0,0.0
2023-04-24 00:00:00-04:00,25.93000030517578,26.200000762939453,25.799999237060547,26.0,183600,0.0,0.0
2023-04-25 00:00:00-04:00,25.670000076293945,25.799999237060547,25.15999984741211,25.260000228881836,202700,0.0,0.0
2023-04-26 00:00:00-04:00,25.40999984741211,25.510000228881836,25.139999389648438,25.270000457763672,182100,0.0,0.0
2023-04-27 00:00:00-04:00,25.489999771118164,25.56999969482422,25.18000030517578,25.549999237060547,236900,0.0,0.0
2023-04-28 00:00:00-04:00,25.549999237060547,25.860000610351562,25.25,25.549999237060547,301900,0.0,0.0
2023-05-01 00:00:00-04:00,25.43000030517578,25.8700008392334,25.3799991607666,25.799999237060547,252000,0.0,0.0
2023-05-02 00:00:00-04:00,25.6299991607666,25.639999389648438,25.010000228881836,25.440000534057617,190500,0.0,0.0
2023-05-03 00:00:00-04:00,25.469999313354492,25.864999771118164,25.399999618530273,25.450000762939453,210600,0.0,0.0
2023-05-04 00:00:00-04:00,25.260000228881836,25.81999969482422,25.020000457763672,25.709999084472656,274300,0.0,0.0
2023-05-05 00:00:00-04:00,25.969999313354492,26.719999313354492,25.722999572753906,26.59000015258789,401600,0.0,0.0
2023-05-08 00:00:00-04:00,26.600000381469727,27.049999237060547,26.209999084472656,26.6299991607666,339600,0.0,0.0
2023-05-09 00:00:00-04:00,25.600000381469727,26.0,22.940000534057617,23.270000457763672,1030400,0.0,0.0
2023-05-10 00:00:00-04:00,23.559999465942383,23.739999771118164,22.700000762939453,23.0,443300,0.0,0.0
2023-05-11 00:00:00-04:00,23.049999237060547,23.4950008392334,22.84000015258789,23.459999084472656,396200,0.0,0.0
2023-05-12 00:00:00-04:00,23.450000762939453,24.059999465942383,23.038000106811523,23.770000457763672,334400,0.0,0.0
2023-05-15 00:00:00-04:00,23.809999465942383,24.25,23.559999465942383,24.15999984741211,230300,0.0,0.0
2023-05-16 00:00:00-04:00,23.950000762939453,24.309999465942383,23.940000534057617,24.219999313354492,281200,0.0,0.0
2023-05-17 00:00:00-04:00,24.290000915527344,25.020000457763672,24.139999389648438,24.989999771118164,319700,0.0,0.0
2023-05-18 00:00:00-04:00,25.059999465942383,25.43000030517578,24.829999923706055,25.389999389648438,319300,0.0,0.0
2023-05-19 00:00:00-04:00,25.59000015258789,25.665000915527344,24.239999771118164,24.360000610351562,255800,0.0,0.0
2023-05-22 00:00:00-04:00,24.420000076293945,25.440000534057617,24.2450008392334,25.31999969482422,231600,0.0,0.0
2023-05-23 00:00:00-04:00,25.260000228881836,26.3799991607666,25.030000686645508,26.06999969482422,355100,0.0,0.0
2023-05-24 00:00:00-04:00,25.770000457763672,25.770000457763672,24.90999984741211,25.420000076293945,182000,0.0,0.0
2023-05-25 00:00:00-04:00,25.729999542236328,25.979999542236328,24.93000030517578,25.270000457763672,257500,0.0,0.0
2023-05-26 00:00:00-04:00,25.440000534057617,27.31999969482422,25.299999237060547,27.299999237060547,258700,0.0,0.0
2023-05-30 00:00:00-04:00,27.760000228881836,29.21500015258789,27.75,28.93000030517578,500900,0.0,0.0
2023-05-31 00:00:00-04:00,28.709999084472656,29.290000915527344,27.780000686645508,28.520000457763672,1211400,0.0,0.0
2023-06-01 00:00:00-04:00,28.3799991607666,28.799999237060547,27.649999618530273,28.530000686645508,360500,0.0,0.0
2023-06-02 00:00:00-04:00,28.940000534057617,29.3799991607666,28.559999465942383,29.0,355800,0.0,0.0
2023-06-05 00:00:00-04:00,28.540000915527344,28.770000457763672,27.770000457763672,28.399999618530273,326600,0.0,0.0
2023-06-06 00:00:00-04:00,28.309999465942383,29.299999237060547,27.93000030517578,29.06999969482422,300200,0.0,0.0
2023-06-07 00:00:00-04:00,29.25,31.014999389648438,29.149999618530273,30.360000610351562,708800,0.0,0.0
2023-06-08 00:00:00-04:00,30.299999237060547,30.947999954223633,30.017000198364258,30.479999542236328,337000,0.0,0.0
2023-06-09 00:00:00-04:00,30.600000381469727,30.610000610351562,29.6200008392334,29.850000381469727,192600,0.0,0.0
2023-06-12 00:00:00-04:00,30.0,32.369998931884766,29.6299991607666,32.29499816894531,533000,0.0,0.0
2023-06-13 00:00:00-04:00,32.619998931884766,32.869998931884766,31.729999542236328,32.58000183105469,419900,0.0,0.0
2023-06-14 00:00:00-04:00,32.619998931884766,32.930999755859375,31.670000076293945,32.15999984741211,397000,0.0,0.0
2023-06-15 00:00:00-04:00,31.690000534057617,32.630001068115234,31.329999923706055,32.279998779296875,328200,0.0,0.0
2023-06-16 00:00:00-04:00,32.880001068115234,35.20000076293945,32.15999984741211,35.09000015258789,1472200,0.0,0.0
2023-06-20 00:00:00-04:00,35.150001525878906,36.790000915527344,34.560001373291016,34.560001373291016,789900,0.0,0.0
2023-06-21 00:00:00-04:00,34.45000076293945,34.58000183105469,32.01499938964844,33.2400016784668,532600,0.0,0.0
2023-06-22 00:00:00-04:00,31.09000015258789,31.100000381469727,28.459999084472656,28.725000381469727,1976600,0.0,0.0
2023-06-23 00:00:00-04:00,28.239999771118164,28.989999771118164,27.809999465942383,28.2450008392334,1392900,0.0,0.0
2023-06-26 00:00:00-04:00,28.309999465942383,29.229999542236328,27.700000762939453,28.299999237060547,810800,0.0,0.0
2023-06-27 00:00:00-04:00,28.360000610351562,28.760000228881836,27.709999084472656,28.260000228881836,587600,0.0,0.0
2023-06-28 00:00:00-04:00,28.079999923706055,28.674999237060547,27.950000762939453,28.420000076293945,399800,0.0,0.0
2023-06-29 00:00:00-04:00,28.700000762939453,29.040000915527344,28.43000030517578,28.940000534057617,405800,0.0,0.0
2023-06-30 00:00:00-04:00,29.3799991607666,29.440000534057617,28.829999923706055,29.229999542236328,393700,0.0,0.0
2023-07-03 00:00:00-04:00,29.3700008392334,29.549999237060547,28.729999542236328,29.059999465942383,210300,0.0,0.0
2023-07-05 00:00:00-04:00,28.790000915527344,29.6299991607666,28.739999771118164,29.290000915527344,386200,0.0,0.0
2023-07-06 00:00:00-04:00,28.770000457763672,28.90999984741211,28.003999710083008,28.729999542236328,458000,0.0,0.0
2023-07-07 00:00:00-04:00,28.770000457763672,29.75,28.770000457763672,29.479999542236328,409400,0.0,0.0
2023-07-10 00:00:00-04:00,29.3700008392334,29.549999237060547,28.711999893188477,28.81999969482422,346300,0.0,0.0
2023-07-11 00:00:00-04:00,29.040000915527344,29.049999237060547,28.364999771118164,28.479999542236328,309100,0.0,0.0
2023-07-12 00:00:00-04:00,29.0,29.135000228881836,28.6200008392334,28.809999465942383,362600,0.0,0.0
2023-07-13 00:00:00-04:00,28.969999313354492,29.136999130249023,28.360000610351562,28.469999313354492,294500,0.0,0.0
2023-07-14 00:00:00-04:00,28.350000381469727,28.56999969482422,26.700000762939453,27.1200008392334,529600,0.0,0.0
2023-07-17 00:00:00-04:00,27.030000686645508,27.777999877929688,27.030000686645508,27.459999084472656,398200,0.0,0.0
2023-07-18 00:00:00-04:00,27.549999237060547,27.6200008392334,26.434999465942383,26.739999771118164,484400,0.0,0.0
2023-07-19 00:00:00-04:00,26.889999389648438,27.309999465942383,26.524999618530273,26.549999237060547,359600,0.0,0.0
2023-07-20 00:00:00-04:00,26.600000381469727,26.690000534057617,25.690000534057617,25.770000457763672,481700,0.0,0.0
2023-07-21 00:00:00-04:00,26.0,26.1200008392334,24.940000534057617,25.0,444500,0.0,0.0
2023-07-24 00:00:00-04:00,25.149999618530273,25.260000228881836,24.670000076293945,24.81999969482422,649500,0.0,0.0
2023-07-25 00:00:00-04:00,24.81999969482422,25.18000030517578,24.55500030517578,24.8700008392334,289100,0.0,0.0
2023-07-26 00:00:00-04:00,24.84000015258789,25.700000762939453,24.81999969482422,25.399999618530273,305500,0.0,0.0
2023-07-27 00:00:00-04:00,25.670000076293945,27.225000381469727,25.670000076293945,26.25,754700,0.0,0.0
2023-07-28 00:00:00-04:00,26.540000915527344,27.530000686645508,26.540000915527344,27.5,520700,0.0,0.0
2023-07-31 00:00:00-04:00,27.790000915527344,28.100000381469727,27.219999313354492,27.809999465942383,385300,0.0,0.0
2023-08-01 00:00:00-04:00,27.81999969482422,28.0,27.290000915527344,27.799999237060547,422700,0.0,0.0
2023-08-02 00:00:00-04:00,27.350000381469727,27.399999618530273,26.280000686645508,26.329999923706055,218400,0.0,0.0
2023-08-03 00:00:00-04:00,26.239999771118164,26.780000686645508,26.235000610351562,26.459999084472656,211800,0.0,0.0
2023-08-04 00:00:00-04:00,26.459999084472656,26.719999313354492,26.06999969482422,26.1299991607666,207300,0.0,0.0
2023-08-07 00:00:00-04:00,26.1299991607666,26.25,25.549999237060547,25.75,365300,0.0,0.0
2023-08-08 00:00:00-04:00,25.299999237060547,27.229999542236328,23.709999084472656,26.790000915527344,597000,0.0,0.0
2023-08-09 00:00:00-04:00,26.790000915527344,26.81999969482422,25.799999237060547,26.290000915527344,707900,0.0,0.0
2023-08-10 00:00:00-04:00,26.610000610351562,27.274999618530273,25.30500030517578,25.75,480700,0.0,0.0
2023-08-11 00:00:00-04:00,25.450000762939453,26.399999618530273,25.389999389648438,26.1200008392334,321600,0.0,0.0
2023-08-14 00:00:00-04:00,26.1200008392334,26.940000534057617,25.600000381469727,26.690000534057617,452200,0.0,0.0
2023-08-15 00:00:00-04:00,26.31999969482422,26.809999465942383,25.809999465942383,26.260000228881836,361700,0.0,0.0
2023-08-16 00:00:00-04:00,25.959999084472656,26.135000228881836,24.825000762939453,24.8700008392334,814400,0.0,0.0
2023-08-17 00:00:00-04:00,24.700000762939453,25.31999969482422,24.1299991607666,24.299999237060547,579400,0.0,0.0
2023-08-18 00:00:00-04:00,23.860000610351562,25.165000915527344,23.850000381469727,25.020000457763672,571500,0.0,0.0
2023-08-21 00:00:00-04:00,24.90999984741211,25.5,24.809999465942383,25.309999465942383,211700,0.0,0.0
2023-08-22 00:00:00-04:00,25.389999389648438,25.985000610351562,24.850000381469727,25.049999237060547,272900,0.0,0.0
2023-08-23 00:00:00-04:00,25.18000030517578,25.889999389648438,24.920000076293945,25.479999542236328,489700,0.0,0.0
2023-08-24 00:00:00-04:00,25.59000015258789,25.670000076293945,25.1200008392334,25.299999237060547,388100,0.0,0.0
2023-08-25 00:00:00-04:00,25.209999084472656,25.920000076293945,25.09000015258789,25.729999542236328,226400,0.0,0.0
2023-08-28 00:00:00-04:00,25.81999969482422,26.100000381469727,25.329999923706055,25.56999969482422,358100,0.0,0.0
2023-08-29 00:00:00-04:00,25.459999084472656,26.280000686645508,25.190000534057617,25.860000610351562,504100,0.0,0.0
2023-08-30 00:00:00-04:00,25.610000610351562,26.040000915527344,25.56999969482422,25.8700008392334,261100,0.0,0.0
2023-08-31 00:00:00-04:00,25.829999923706055,26.329999923706055,25.829999923706055,26.100000381469727,350200,0.0,0.0
2023-09-01 00:00:00-04:00,26.34000015258789,26.545000076293945,25.540000915527344,25.770000457763672,166600,0.0,0.0
2023-09-05 00:00:00-04:00,25.43000030517578,25.799999237060547,25.0,25.719999313354492,202400,0.0,0.0
2023-09-06 00:00:00-04:00,25.719999313354492,25.850000381469727,24.920000076293945,25.09000015258789,255500,0.0,0.0
2023-09-07 00:00:00-04:00,24.75,24.75,23.891000747680664,23.950000762939453,404200,0.0,0.0
2023-09-08 00:00:00-04:00,23.93000030517578,23.93000030517578,23.149999618530273,23.350000381469727,257300,0.0,0.0
2023-09-11 00:00:00-04:00,23.579999923706055,23.6299991607666,22.8799991607666,23.06999969482422,468800,0.0,0.0
2023-09-12 00:00:00-04:00,22.940000534057617,23.110000610351562,22.514999389648438,22.549999237060547,422800,0.0,0.0
2023-09-13 00:00:00-04:00,22.510000228881836,22.6200008392334,22.030000686645508,22.25,267300,0.0,0.0
2023-09-14 00:00:00-04:00,22.389999389648438,22.635000228881836,21.68000030517578,21.75,325200,0.0,0.0
2023-09-15 00:00:00-04:00,21.700000762939453,21.729999542236328,21.010000228881836,21.270000457763672,1494300,0.0,0.0
2023-09-18 00:00:00-04:00,21.309999465942383,21.440000534057617,20.649999618530273,20.959999084472656,519500,0.0,0.0
2023-09-19 00:00:00-04:00,20.90999984741211,21.770000457763672,20.6200008392334,21.459999084472656,442900,0.0,0.0
2023-09-20 00:00:00-04:00,21.670000076293945,22.049999237060547,21.479999542236328,21.5,354900,0.0,0.0
2023-09-21 00:00:00-04:00,21.190000534057617,21.59000015258789,21.030000686645508,21.040000915527344,428100,0.0,0.0
2023-09-22 00:00:00-04:00,21.110000610351562,21.437000274658203,20.743999481201172,20.829999923706055,230400,0.0,0.0
2023-09-25 00:00:00-04:00,20.610000610351562,20.889999389648438,20.459999084472656,20.65999984741211,208300,0.0,0.0
2023-09-26 00:00:00-04:00,20.479999542236328,20.760000228881836,19.8799991607666,20.09000015258789,292800,0.0,0.0
2023-09-27 00:00:00-04:00,20.190000534057617,20.780000686645508,20.1299991607666,20.579999923706055,413600,0.0,0.0
2023-09-28 00:00:00-04:00,20.5,20.719999313354492,20.280000686645508,20.3799991607666,455100,0.0,0.0
2023-09-29 00:00:00-04:00,20.479999542236328,20.665000915527344,20.21500015258789,20.3700008392334,279100,0.0,0.0
2023-10-02 00:00:00-04:00,20.31999969482422,20.450000762939453,19.73200035095215,19.979999542236328,291600,0.0,0.0
2023-10-03 00:00:00-04:00,19.68000030517578,19.690000534057617,18.770000457763672,18.84000015258789,296200,0.0,0.0
2023-10-04 00:00:00-04:00,18.799999237060547,19.229999542236328,18.549999237060547,19.15999984741211,593100,0.0,0.0
2023-10-05 00:00:00-04:00,18.989999771118164,19.010000228881836,18.16200065612793,18.25,450800,0.0,0.0
2023-10-06 00:00:00-04:00,18.09000015258789,18.65999984741211,18.09000015258789,18.489999771118164,328700,0.0,0.0
2023-10-09 00:00:00-04:00,18.15999984741211,18.2450008392334,17.391000747680664,17.90999984741211,379900,0.0,0.0
2023-10-10 00:00:00-04:00,17.799999237060547,18.315000534057617,17.770000457763672,18.065000534057617,380200,0.0,0.0
2023-10-11 00:00:00-04:00,18.1200008392334,18.170000076293945,17.670000076293945,17.93000030517578,555700,0.0,0.0
2023-10-12 00:00:00-04:00,17.84000015258789,18.110000610351562,17.649999618530273,18.059999465942383,678300,0.0,0.0
2023-10-13 00:00:00-04:00,18.059999465942383,18.100000381469727,17.459999084472656,17.469999313354492,392200,0.0,0.0
2023-10-16 00:00:00-04:00,17.479999542236328,17.780000686645508,17.18000030517578,17.559999465942383,505500,0.0,0.0
2023-10-17 00:00:00-04:00,17.420000076293945,17.639999389648438,17.270000457763672,17.520000457763672,345100,0.0,0.0
2023-10-18 00:00:00-04:00,17.350000381469727,17.459999084472656,16.950000762939453,17.010000228881836,448300,0.0,0.0
2023-10-19 00:00:00-04:00,17.020000457763672,17.174999237060547,16.420000076293945,16.420000076293945,355100,0.0,0.0
2023-10-20 00:00:00-04:00,16.440000534057617,16.8799991607666,16.25,16.790000915527344,501300,0.0,0.0
2023-10-23 00:00:00-04:00,16.649999618530273,16.8700008392334,16.420000076293945,16.489999771118164,246800,0.0,0.0
2023-10-24 00:00:00-04:00,16.600000381469727,16.8700008392334,16.530000686645508,16.65999984741211,211900,0.0,0.0
2023-10-25 00:00:00-04:00,16.3700008392334,16.6200008392334,15.489999771118164,15.569999694824219,887700,0.0,0.0
2023-10-26 00:00:00-04:00,15.600000381469727,15.980999946594238,15.079999923706055,15.34000015258789,292800,0.0,0.0
2023-10-27 00:00:00-04:00,15.460000038146973,15.460000038146973,14.960000038146973,15.140000343322754,296600,0.0,0.0
2023-10-30 00:00:00-04:00,15.260000228881836,15.380000114440918,14.819999694824219,15.130000114440918,274500,0.0,0.0
2023-10-31 00:00:00-04:00,15.15999984741211,15.529999732971191,14.989999771118164,15.3100004196167,282800,0.0,0.0
2023-11-01 00:00:00-04:00,15.270000457763672,15.272000312805176,14.470000267028809,14.84000015258789,302700,0.0,0.0
2023-11-02 00:00:00-04:00,15.380000114440918,15.8100004196167,15.09000015258789,15.649999618530273,324900,0.0,0.0
2023-11-03 00:00:00-04:00,15.90999984741211,16.649999618530273,15.90999984741211,16.59000015258789,811000,0.0,0.0
2023-11-06 00:00:00-05:00,16.65999984741211,16.77400016784668,16.34000015258789,16.610000610351562,398800,0.0,0.0
2023-11-07 00:00:00-05:00,16.610000610351562,16.760000228881836,16.40999984741211,16.510000228881836,295900,0.0,0.0
2023-11-08 00:00:00-05:00,16.610000610351562,16.850000381469727,16.389999389648438,16.530000686645508,400200,0.0,0.0
2023-11-09 00:00:00-05:00,16.559999465942383,16.649999618530273,16.149999618530273,16.200000762939453,523100,0.0,0.0
2023-11-10 00:00:00-05:00,16.170000076293945,16.59000015258789,15.720000267028809,16.559999465942383,400400,0.0,0.0
2023-11-13 00:00:00-05:00,16.40999984741211,16.6299991607666,16.239999771118164,16.440000534057617,334100,0.0,0.0
2023-11-14 00:00:00-05:00,16.920000076293945,18.600000381469727,16.90999984741211,18.559999465942383,478300,0.0,0.0
2023-11-15 00:00:00-05:00,18.799999237060547,18.799999237060547,18.214000701904297,18.34000015258789,1086900,0.0,0.0
2023-11-16 00:00:00-05:00,18.15999984741211,18.219999313354492,17.600000381469727,17.739999771118164,719200,0.0,0.0
2023-11-17 00:00:00-05:00,17.920000076293945,17.920000076293945,17.239999771118164,17.34000015258789,436700,0.0,0.0
2023-11-20 00:00:00-05:00,17.290000915527344,18.350000381469727,17.200000762939453,18.200000762939453,717100,0.0,0.0
2023-11-21 00:00:00-05:00,18.079999923706055,18.197999954223633,16.65999984741211,16.84000015258789,409400,0.0,0.0
2023-11-22 00:00:00-05:00,16.93000030517578,17.040000915527344,16.690000534057617,16.940000534057617,314400,0.0,0.0
2023-11-24 00:00:00-05:00,16.8799991607666,17.34000015258789,16.850000381469727,17.290000915527344,243300,0.0,0.0
2023-11-27 00:00:00-05:00,17.440000534057617,17.799999237060547,15.510000228881836,16.93000030517578,1706400,0.0,0.0
2023-11-28 00:00:00-05:00,16.959999084472656,17.780000686645508,16.510000228881836,17.670000076293945,892200,0.0,0.0
2023-11-29 00:00:00-05:00,17.90999984741211,19.059999465942383,17.740999221801758,17.93000030517578,738400,0.0,0.0
2023-11-30 00:00:00-05:00,17.969999313354492,18.34000015258789,17.229999542236328,17.290000915527344,543300,0.0,0.0
2023-12-01 00:00:00-05:00,17.280000686645508,17.65999984741211,17.030000686645508,17.579999923706055,448200,0.0,0.0
2023-12-04 00:00:00-05:00,17.520000457763672,18.145000457763672,17.485000610351562,17.8799991607666,512100,0.0,0.0
2023-12-05 00:00:00-05:00,17.65999984741211,17.65999984741211,15.895000457763672,16.459999084472656,836200,0.0,0.0
2023-12-06 00:00:00-05:00,16.649999618530273,17.350000381469727,16.579999923706055,16.954999923706055,564000,0.0,0.0
2023-12-07 00:00:00-05:00,16.899999618530273,16.989999771118164,16.510000228881836,16.959999084472656,331600,0.0,0.0
2023-12-08 00:00:00-05:00,16.899999618530273,17.280000686645508,16.81999969482422,17.149999618530273,271400,0.0,0.0
2023-12-11 00:00:00-05:00,17.06999969482422,17.200000762939453,16.329999923706055,16.43000030517578,388600,0.0,0.0
2023-12-12 00:00:00-05:00,16.43000030517578,16.489999771118164,15.899999618530273,16.040000915527344,410800,0.0,0.0
2023-12-13 00:00:00-05:00,16.06999969482422,16.799999237060547,15.760000228881836,16.690000534057617,439000,0.0,0.0
2023-12-14 00:00:00-05:00,17.149999618530273,17.8700008392334,17.149999618530273,17.59000015258789,567700,0.0,0.0
2023-12-15 00:00:00-05:00,17.829999923706055,17.860000610351562,17.329999923706055,17.520000457763672,1528700,0.0,0.0
2023-12-18 00:00:00-05:00,17.559999465942383,17.799999237060547,17.260000228881836,17.3700008392334,746600,0.0,0.0
2023-12-19 00:00:00-05:00,17.81999969482422,18.3799991607666,17.579999923706055,18.149999618530273,499200,0.0,0.0
2023-12-20 00:00:00-05:00,18.100000381469727,18.459999084472656,17.530000686645508,17.670000076293945,357600,0.0,0.0
2023-12-21 00:00:00-05:00,17.989999771118164,18.549999237060547,17.719999313354492,18.530000686645508,334600,0.0,0.0
2023-12-22 00:00:00-05:00,18.6299991607666,19.6299991607666,18.559999465942383,19.479999542236328,697200,0.0,0.0
2023-12-26 00:00:00-05:00,19.540000915527344,20.06999969482422,19.450000762939453,20.010000228881836,339700,0.0,0.0
2023-12-27 00:00:00-05:00,20.100000381469727,20.280000686645508,19.639999389648438,19.950000762939453,307800,0.0,0.0
2023-12-28 00:00:00-05:00,19.790000915527344,20.31999969482422,19.790000915527344,20.190000534057617,211600,0.0,0.0
2023-12-29 00:00:00-05:00,20.190000534057617,20.315000534057617,19.610000610351562,19.65999984741211,298900,0.0,0.0
2024-01-02 00:00:00-05:00,19.40999984741211,19.479999542236328,19.010000228881836,19.09000015258789,339700,0.0,0.0
2024-01-03 00:00:00-05:00,19.1200008392334,19.1200008392334,18.030000686645508,18.43000030517578,457000,0.0,0.0
2024-01-04 00:00:00-05:00,18.34000015258789,18.90999984741211,18.15999984741211,18.700000762939453,327200,0.0,0.0
2024-01-05 00:00:00-05:00,18.5,19.325000762939453,18.3799991607666,19.110000610351562,544200,0.0,0.0
2024-01-08 00:00:00-05:00,18.979999542236328,20.40999984741211,18.850000381469727,19.90999984741211,502200,0.0,0.0
2024-01-09 00:00:00-05:00,19.6299991607666,19.809999465942383,19.19499969482422,19.6200008392334,296700,0.0,0.0
2024-01-10 00:00:00-05:00,19.489999771118164,19.510000228881836,18.940000534057617,19.420000076293945,369300,0.0,0.0
2024-01-11 00:00:00-05:00,19.40999984741211,19.40999984741211,18.84000015258789,19.280000686645508,281800,0.0,0.0
2024-01-12 00:00:00-05:00,19.479999542236328,19.66900062561035,18.979999542236328,18.989999771118164,198700,0.0,0.0
2024-01-16 00:00:00-05:00,18.729999542236328,18.815000534057617,18.31999969482422,18.709999084472656,249500,0.0,0.0
2024-01-17 00:00:00-05:00,18.299999237060547,18.700000762939453,18.100000381469727,18.670000076293945,307600,0.0,0.0
2024-01-18 00:00:00-05:00,18.920000076293945,19.18000030517578,18.770000457763672,19.110000610351562,329800,0.0,0.0
2024-01-19 00:00:00-05:00,19.15999984741211,19.469999313354492,18.670000076293945,19.459999084472656,292900,0.0,0.0
2024-01-22 00:00:00-05:00,19.670000076293945,20.709999084472656,19.579999923706055,20.260000228881836,628500,0.0,0.0
2024-01-23 00:00:00-05:00,20.540000915527344,20.850000381469727,20.309999465942383,20.65999984741211,349500,0.0,0.0
2024-01-24 00:00:00-05:00,20.940000534057617,21.0,20.579999923706055,20.6299991607666,225200,0.0,0.0
2024-01-25 00:00:00-05:00,20.850000381469727,21.110000610351562,20.709999084472656,20.90999984741211,281400,0.0,0.0
2024-01-26 00:00:00-05:00,20.950000762939453,21.219999313354492,20.579999923706055,20.59000015258789,398900,0.0,0.0
2024-01-29 00:00:00-05:00,20.489999771118164,21.100000381469727,20.290000915527344,21.06999969482422,225900,0.0,0.0
2024-01-30 00:00:00-05:00,20.920000076293945,21.038000106811523,20.489999771118164,20.530000686645508,232400,0.0,0.0
2024-01-31 00:00:00-05:00,20.3700008392334,20.764999389648438,19.989999771118164,20.020000457763672,400800,0.0,0.0
2024-02-01 00:00:00-05:00,20.18000030517578,20.639999389648438,19.68000030517578,20.190000534057617,542400,0.0,0.0
2024-02-02 00:00:00-05:00,19.940000534057617,20.489999771118164,19.729999542236328,20.389999389648438,347000,0.0,0.0
2024-02-05 00:00:00-05:00,20.049999237060547,20.350000381469727,19.68000030517578,20.0,397100,0.0,0.0
2024-02-06 00:00:00-05:00,20.709999084472656,21.665000915527344,18.549999237060547,18.579999923706055,754300,0.0,0.0
2024-02-07 00:00:00-05:00,18.18000030517578,18.299999237060547,15.765000343322754,15.960000038146973,1939700,0.0,0.0
2024-02-08 00:00:00-05:00,16.049999237060547,16.049999237060547,15.520000457763672,15.800000190734863,897700,0.0,0.0
2024-02-09 00:00:00-05:00,15.9399995803833,17.020000457763672,15.79800033569336,16.670000076293945,974300,0.0,0.0
2024-02-12 00:00:00-05:00,16.739999771118164,16.832000732421875,16.219999313354492,16.530000686645508,571600,0.0,0.0
2024-02-13 00:00:00-05:00,15.880000114440918,16.040000915527344,15.199999809265137,15.420000076293945,815600,0.0,0.0
2024-02-14 00:00:00-05:00,15.670000076293945,15.930000305175781,15.420000076293945,15.579999923706055,504500,0.0,0.0
2024-02-15 00:00:00-05:00,15.859999656677246,16.06999969482422,15.369999885559082,15.979999542236328,532800,0.0,0.0
2024-02-16 00:00:00-05:00,15.90999984741211,16.0,15.550000190734863,15.569999694824219,438900,0.0,0.0
2024-02-20 00:00:00-05:00,15.329999923706055,15.600000381469727,14.956000328063965,15.430000305175781,962600,0.0,0.0
2024-02-21 00:00:00-05:00,15.180000305175781,15.305999755859375,14.489999771118164,14.720000267028809,597200,0.0,0.0
2024-02-22 00:00:00-05:00,15.0,15.03499984741211,14.411999702453613,14.529999732971191,469900,0.0,0.0
2024-02-23 00:00:00-05:00,14.430000305175781,14.640000343322754,14.109999656677246,14.149999618530273,405200,0.0,0.0
2024-02-26 00:00:00-05:00,14.100000381469727,14.739999771118164,14.029999732971191,14.569999694824219,466200,0.0,0.0
2024-02-27 00:00:00-05:00,14.760000228881836,15.100000381469727,14.600000381469727,14.859999656677246,440100,0.0,0.0
2024-02-28 00:00:00-05:00,14.6899995803833,14.8100004196167,14.5,14.630000114440918,328700,0.0,0.0
2024-02-29 00:00:00-05:00,14.920000076293945,15.270000457763672,14.829999923706055,14.899999618530273,593900,0.0,0.0
2024-03-01 00:00:00-05:00,14.899999618530273,15.140000343322754,14.670000076293945,14.819999694824219,514200,0.0,0.0
2024-03-04 00:00:00-05:00,14.829999923706055,15.010000228881836,14.40999984741211,14.640000343322754,537000,0.0,0.0
2024-03-05 00:00:00-05:00,14.609999656677246,14.649999618530273,13.930000305175781,14.0,588500,0.0,0.0
2024-03-06 00:00:00-05:00,14.119999885559082,14.199999809265137,13.829999923706055,14.010000228881836,497500,0.0,0.0
2024-03-07 00:00:00-05:00,14.140000343322754,14.279999732971191,14.0,14.09000015258789,394900,0.0,0.0
2024-03-08 00:00:00-05:00,14.289999961853027,14.550000190734863,13.920000076293945,14.0600004196167,592900,0.0,0.0
2024-03-11 00:00:00-04:00,14.09000015258789,14.829999923706055,14.0,14.8100004196167,373700,0.0,0.0
2024-03-12 00:00:00-04:00,14.859999656677246,15.3100004196167,14.789999961853027,15.25,472700,0.0,0.0
2024-03-13 00:00:00-04:00,15.180000305175781,15.524999618530273,15.130000114440918,15.149999618530273,403000,0.0,0.0
2024-03-14 00:00:00-04:00,15.149999618530273,15.149999618530273,14.354000091552734,14.619999885559082,428600,0.0,0.0
2024-03-15 00:00:00-04:00,14.550000190734863,14.880000114440918,14.5,14.800000190734863,1515700,0.0,0.0
2024-03-18 00:00:00-04:00,14.710000038146973,14.994999885559082,14.270000457763672,14.40999984741211,429800,0.0,0.0
2024-03-19 00:00:00-04:00,14.260000228881836,14.829999923706055,14.164999961853027,14.449999809265137,355600,0.0,0.0
2024-03-20 00:00:00-04:00,14.40999984741211,15.020000457763672,14.140000343322754,14.899999618530273,252400,0.0,0.0
2024-03-21 00:00:00-04:00,15.119999885559082,15.34000015258789,14.789999961853027,15.039999961853027,353100,0.0,0.0
2024-03-22 00:00:00-04:00,14.949999809265137,15.0649995803833,14.630000114440918,14.65999984741211,368100,0.0,0.0
2024-03-25 00:00:00-04:00,14.65999984741211,14.729999542236328,14.380000114440918,14.399999618530273,235100,0.0,0.0
2024-03-26 00:00:00-04:00,14.59000015258789,14.59000015258789,14.270000457763672,14.430000305175781,341300,0.0,0.0
2024-03-27 00:00:00-04:00,14.529999732971191,15.5,14.5,15.5,314700,0.0,0.0
2024-03-28 00:00:00-04:00,15.5,15.869999885559082,15.479999542236328,15.75,403200,0.0,0.0
2024-04-01 00:00:00-04:00,15.800000190734863,15.800000190734863,15.045000076293945,15.359999656677246,398800,0.0,0.0
2024-04-02 00:00:00-04:00,15.020000457763672,15.119999885559082,14.8100004196167,14.90999984741211,296100,0.0,0.0
2024-04-03 00:00:00-04:00,14.8100004196167,14.824999809265137,14.399999618530273,14.710000038146973,270000,0.0,0.0
2024-04-04 00:00:00-04:00,14.970000267028809,15.100000381469727,14.399999618530273,14.40999984741211,220900,0.0,0.0
2024-04-05 00:00:00-04:00,14.40999984741211,14.414999961853027,14.09000015258789,14.25,303000,0.0,0.0
2024-04-08 00:00:00-04:00,14.34000015258789,14.460000038146973,13.949999809265137,14.069999694824219,325000,0.0,0.0
2024-04-09 00:00:00-04:00,14.050000190734863,14.460000038146973,14.050000190734863,14.399999618530273,219100,0.0,0.0
2024-04-10 00:00:00-04:00,13.949999809265137,13.949999809265137,12.989999771118164,13.140000343322754,491600,0.0,0.0
2024-04-11 00:00:00-04:00,13.1899995803833,14.024999618530273,13.1899995803833,13.680000305175781,357600,0.0,0.0
2024-04-12 00:00:00-04:00,13.520000457763672,13.585000038146973,13.140000343322754,13.359999656677246,315800,0.0,0.0
2024-04-15 00:00:00-04:00,13.3100004196167,13.3100004196167,11.949999809265137,12.109999656677246,560100,0.0,0.0
2024-04-16 00:00:00-04:00,11.960000038146973,11.960000038146973,11.25,11.255000114440918,514200,0.0,0.0
2024-04-17 00:00:00-04:00,11.279999732971191,11.369999885559082,10.71500015258789,10.739999771118164,711800,0.0,0.0
2024-04-18 00:00:00-04:00,10.770000457763672,10.770000457763672,10.15999984741211,10.350000381469727,546100,0.0,0.0
2024-04-19 00:00:00-04:00,10.199999809265137,10.59000015258789,9.979999542236328,10.350000381469727,544500,0.0,0.0
2024-04-22 00:00:00-04:00,10.359999656677246,10.420000076293945,9.550000190734863,9.619999885559082,713500,0.0,0.0
2024-04-23 00:00:00-04:00,9.600000381469727,10.09000015258789,9.5,9.760000228881836,981200,0.0,0.0
2024-04-24 00:00:00-04:00,9.760000228881836,10.0600004196167,9.680000305175781,10.050000190734863,620700,0.0,0.0
2024-04-25 00:00:00-04:00,9.789999961853027,9.970000267028809,9.350000381469727,9.390000343322754,519300,0.0,0.0
2024-04-26 00:00:00-04:00,9.5,9.710000038146973,9.404999732971191,9.710000038146973,454300,0.0,0.0
2024-04-29 00:00:00-04:00,9.800000190734863,10.119999885559082,9.630000114440918,9.649999618530273,558500,0.0,0.0
2024-04-30 00:00:00-04:00,9.5,9.550000190734863,9.100000381469727,9.109999656677246,558900,0.0,0.0
2024-05-01 00:00:00-04:00,9.100000381469727,9.59000015258789,8.90999984741211,9.289999961853027,917100,0.0,0.0
2024-05-02 00:00:00-04:00,9.529999732971191,9.75,9.329999923706055,9.739999771118164,471400,0.0,0.0
2024-05-03 00:00:00-04:00,10.050000190734863,10.210000038146973,9.800000190734863,10.149999618530273,629800,0.0,0.0
2024-05-06 00:00:00-04:00,10.180000305175781,10.359999656677246,9.989999771118164,10.109999656677246,427600,0.0,0.0
2024-05-07 00:00:00-04:00,9.729999542236328,10.140000343322754,9.40999984741211,9.420000076293945,568700,0.0,0.0
2024-05-08 00:00:00-04:00,9.25,9.659000396728516,9.029999732971191,9.5600004196167,685700,0.0,0.0
2024-05-09 00:00:00-04:00,7.900000095367432,8.199999809265137,6.239999771118164,6.28000020980835,3916200,0.0,0.0
2024-05-10 00:00:00-04:00,6.269999980926514,6.269999980926514,5.28000020980835,5.349999904632568,3728200,0.0,0.0
2024-05-13 00:00:00-04:00,5.380000114440918,5.400000095367432,5.010000228881836,5.099999904632568,2928200,0.0,0.0
2024-05-14 00:00:00-04:00,5.090000152587891,5.840000152587891,4.840000152587891,4.989999771118164,5374100,0.0,0.0
2024-05-15 00:00:00-04:00,5.050000190734863,5.159999847412109,4.75,4.849999904632568,1730800,0.0,0.0
2024-05-16 00:00:00-04:00,4.869999885559082,5.010000228881836,4.590000152587891,4.889999866485596,4063900,0.0,0.0
2024-05-17 00:00:00-04:00,4.739999771118164,4.769999980926514,3.940000057220459,3.990000009536743,5622400,0.0,0.0
2024-05-20 00:00:00-04:00,4.039999961853027,4.070000171661377,3.859999895095825,3.950000047683716,2873800,0.0,0.0
2024-05-21 00:00:00-04:00,3.930000066757202,3.9800000190734863,3.559999942779541,3.875,2507400,0.0,0.0
2024-05-22 00:00:00-04:00,3.869999885559082,4.289999961853027,3.7699999809265137,4.130000114440918,2780000,0.0,0.0
2024-05-23 00:00:00-04:00,4.130000114440918,4.159999847412109,3.424999952316284,3.509999990463257,2541800,0.0,0.0
2024-05-24 00:00:00-04:00,3.5199999809265137,3.5350000858306885,3.1600000858306885,3.2100000381469727,2382900,0.0,0.0
2024-05-28 00:00:00-04:00,3.25,3.890000104904175,3.2300000190734863,3.809999942779541,4163600,0.0,0.0
2024-05-29 00:00:00-04:00,3.7200000286102295,4.130000114440918,3.3499999046325684,3.9000000953674316,2606600,0.0,0.0
2024-05-30 00:00:00-04:00,3.9000000953674316,4.03000020980835,3.575000047683716,3.5799999237060547,1209600,0.0,0.0
2024-05-31 00:00:00-04:00,3.5999999046325684,3.5999999046325684,3.430000066757202,3.440000057220459,2324900,0.0,0.0
2024-06-03 00:00:00-04:00,3.4700000286102295,3.7300000190734863,3.359999895095825,3.390000104904175,1557900,0.0,0.0
2024-06-04 00:00:00-04:00,3.3399999141693115,3.359999895095825,3.1050000190734863,3.1600000858306885,1504700,0.0,0.0
2024-06-05 00:00:00-04:00,3.1700000762939453,3.3299999237060547,3.0799999237060547,3.0999999046325684,1363100,0.0,0.0
2024-06-06 00:00:00-04:00,3.0999999046325684,3.184999942779541,2.990000009536743,3.009999990463257,1362400,0.0,0.0
2024-06-07 00:00:00-04:00,2.9800000190734863,3.4000000953674316,2.9200000762939453,3.0399999618530273,3186500,0.0,0.0
2024-06-10 00:00:00-04:00,2.9200000762939453,3.380000114440918,2.740000009536743,3.299999952316284,4276100,0.0,0.0
2024-06-11 00:00:00-04:00,3.25,3.2790000438690186,2.984999895095825,3.2100000381469727,2243900,0.0,0.0
2024-06-12 00:00:00-04:00,3.299999952316284,3.390000104904175,3.130000114440918,3.1600000858306885,1361700,0.0,0.0
2024-06-13 00:00:00-04:00,3.200000047683716,3.240000009536743,2.9700000286102295,3.0,1473700,0.0,0.0
2024-06-14 00:00:00-04:00,2.9600000381469727,3.0799999237060547,2.9000000953674316,2.9800000190734863,1174300,0.0,0.0
2024-06-17 00:00:00-04:00,2.930000066757202,2.990000009536743,2.819999933242798,2.9700000286102295,1019400,0.0,0.0
2024-06-18 00:00:00-04:00,2.9600000381469727,3.0,2.869999885559082,2.9100000858306885,1194100,0.0,0.0
2024-06-20 00:00:00-04:00,2.9800000190734863,3.130000114440918,2.869999885559082,3.0199999809265137,1497600,0.0,0.0
2024-06-21 00:00:00-04:00,3.0199999809265137,3.240000009536743,2.9539999961853027,3.1700000762939453,12525400,0.0,0.0
