Date,Open,High,Low,Close,Volume,Dividends,Stock Splits,Capital Gains
2022-10-26 00:00:00-04:00,20.336999893188477,20.336999893188477,20.336999893188477,20.336999893188477,100,0.0,0.0,0.0
2022-10-27 00:00:00-04:00,20.145999908447266,20.145999908447266,20.145999908447266,20.145999908447266,100,0.0,0.0,0.0
2022-10-28 00:00:00-04:00,20.514999389648438,20.514999389648438,20.514999389648438,20.514999389648438,100,0.0,0.0,0.0
2022-10-31 00:00:00-04:00,20.395000457763672,20.395000457763672,20.395000457763672,20.395000457763672,100,0.0,0.0,0.0
2022-11-01 00:00:00-04:00,20.530000686645508,20.559999465942383,20.50200080871582,20.50200080871582,6500,0.0,0.0,0.0
2022-11-02 00:00:00-04:00,20.3700008392334,20.440000534057617,19.952999114990234,19.952999114990234,1400,0.0,0.0,0.0
2022-11-03 00:00:00-04:00,19.90399932861328,19.90399932861328,19.90399932861328,19.90399932861328,100,0.0,0.0,0.0
2022-11-04 00:00:00-04:00,20.113000869750977,20.113000869750977,20.113000869750977,20.113000869750977,100,0.0,0.0,0.0
2022-11-07 00:00:00-05:00,20.260000228881836,20.399999618530273,20.239999771118164,20.34600067138672,1400,0.0,0.0,0.0
2022-11-08 00:00:00-05:00,20.559999465942383,20.65999984741211,20.479999542236328,20.559999465942383,900,0.0,0.0,0.0
2022-11-09 00:00:00-05:00,20.051000595092773,20.051000595092773,20.051000595092773,20.051000595092773,0,0.0,0.0,0.0
2022-11-10 00:00:00-05:00,20.8700008392334,21.200000762939453,20.8700008392334,21.200000762939453,6800,0.0,0.0,0.0
2022-11-11 00:00:00-05:00,21.44099998474121,21.44099998474121,21.44099998474121,21.44099998474121,0,0.0,0.0,0.0
2022-11-14 00:00:00-05:00,21.41200065612793,21.41200065612793,21.41200065612793,21.41200065612793,0,0.0,0.0,0.0
2022-11-15 00:00:00-05:00,21.649999618530273,21.649999618530273,21.641000747680664,21.641000747680664,500,0.0,0.0,0.0
2022-11-16 00:00:00-05:00,21.280000686645508,21.280000686645508,21.280000686645508,21.280000686645508,100,0.0,0.0,0.0
2022-11-17 00:00:00-05:00,20.992000579833984,21.240999221801758,20.992000579833984,21.240999221801758,300,0.0,0.0,0.0
2022-11-18 00:00:00-05:00,21.25,21.25,21.25,21.25,100,0.0,0.0,0.0
2022-11-21 00:00:00-05:00,21.200000762939453,21.200000762939453,21.200000762939453,21.200000762939453,100,0.0,0.0,0.0
2022-11-22 00:00:00-05:00,21.459999084472656,21.6200008392334,21.459999084472656,21.6200008392334,200,0.0,0.0,0.0
2022-11-23 00:00:00-05:00,21.649999618530273,21.649999618530273,21.610000610351562,21.610000610351562,100,0.0,0.0,0.0
2022-11-25 00:00:00-05:00,21.59000015258789,21.59000015258789,21.59000015258789,21.59000015258789,0,0.0,0.0,0.0
2022-11-28 00:00:00-05:00,21.469999313354492,21.469999313354492,21.239999771118164,21.239999771118164,7600,0.0,0.0,0.0
2022-11-29 00:00:00-05:00,21.23900032043457,21.270000457763672,21.23900032043457,21.270000457763672,500,0.0,0.0,0.0
2022-11-30 00:00:00-05:00,21.440000534057617,22.076000213623047,21.389999389648438,22.076000213623047,900,0.0,0.0,0.0
2022-12-01 00:00:00-05:00,22.155000686645508,22.155000686645508,22.155000686645508,22.155000686645508,0,0.0,0.0,0.0
2022-12-02 00:00:00-05:00,22.139999389648438,22.139999389648438,22.139999389648438,22.139999389648438,0,0.0,0.0,0.0
2022-12-05 00:00:00-05:00,21.690000534057617,21.690000534057617,21.690000534057617,21.690000534057617,100,0.0,0.0,0.0
2022-12-06 00:00:00-05:00,21.273000717163086,21.273000717163086,21.273000717163086,21.273000717163086,100,0.0,0.0,0.0
2022-12-07 00:00:00-05:00,21.299999237060547,21.299999237060547,21.25,21.25,100,0.0,0.0,0.0
2022-12-08 00:00:00-05:00,21.440000534057617,21.440000534057617,21.440000534057617,21.440000534057617,0,0.0,0.0,0.0
2022-12-09 00:00:00-05:00,21.200000762939453,21.200000762939453,21.200000762939453,21.200000762939453,0,0.0,0.0,0.0
2022-12-12 00:00:00-05:00,21.600000381469727,21.600000381469727,21.58099937438965,21.58099937438965,2000,0.0,0.0,0.0
2022-12-13 00:00:00-05:00,21.780000686645508,21.780000686645508,21.780000686645508,21.780000686645508,0,0.0,0.0,0.0
2022-12-14 00:00:00-05:00,21.8700008392334,21.8700008392334,21.65999984741211,21.65999984741211,600,0.0,0.0,0.0
2022-12-15 00:00:00-05:00,21.165000915527344,21.239999771118164,21.079999923706055,21.079999923706055,1300,0.0,0.0,0.0
2022-12-16 00:00:00-05:00,20.79599952697754,20.868999481201172,20.79599952697754,20.868999481201172,1400,0.0,0.0,0.0
2022-12-19 00:00:00-05:00,20.844999313354492,20.850000381469727,20.65999984741211,20.65999984741211,3200,0.0,0.0,0.0
2022-12-20 00:00:00-05:00,20.709999084472656,20.709999084472656,20.709999084472656,20.709999084472656,0,0.0,0.0,0.0
2022-12-21 00:00:00-05:00,21.079999923706055,21.09000015258789,21.040000915527344,21.040000915527344,1800,0.0,0.0,0.0
2022-12-22 00:00:00-05:00,20.475000381469727,20.6299991607666,20.475000381469727,20.6299991607666,1600,0.0,0.0,0.0
2022-12-23 00:00:00-05:00,20.4950008392334,20.704999923706055,20.4950008392334,20.704999923706055,5500,0.0,0.0,0.0
2022-12-27 00:00:00-05:00,20.54800033569336,20.56999969482422,20.527000427246094,20.527000427246094,1100,0.0,0.0,0.0
2022-12-28 00:00:00-05:00,20.260000228881836,20.260000228881836,20.260000228881836,20.260000228881836,200,0.0,0.0,0.0
2022-12-29 00:00:00-05:00,20.600000381469727,20.6200008392334,20.576000213623047,20.576000213623047,2300,0.0,0.0,0.0
2022-12-30 00:00:00-05:00,20.399999618530273,20.514999389648438,20.399999618530273,20.514999389648438,400,0.0,0.0,0.0
2023-01-03 00:00:00-05:00,20.59000015258789,20.59000015258789,20.190000534057617,20.249000549316406,4400,0.0,0.0,0.0
2023-01-04 00:00:00-05:00,20.378999710083008,20.378999710083008,20.378999710083008,20.378999710083008,100,0.0,0.0,0.0
2023-01-05 00:00:00-05:00,20.280000686645508,20.280000686645508,20.239999771118164,20.239999771118164,1300,0.0,0.0,0.0
2023-01-06 00:00:00-05:00,20.719999313354492,20.760000228881836,20.69499969482422,20.69499969482422,1100,0.0,0.0,0.0
2023-01-09 00:00:00-05:00,20.954999923706055,20.959999084472656,20.739999771118164,20.739999771118164,1300,0.0,0.0,0.0
2023-01-10 00:00:00-05:00,20.749000549316406,20.90999984741211,20.743000030517578,20.90999984741211,300,0.0,0.0,0.0
2023-01-11 00:00:00-05:00,21.142000198364258,21.142000198364258,21.142000198364258,21.142000198364258,0,0.0,0.0,0.0
2023-01-12 00:00:00-05:00,21.290000915527344,21.290000915527344,21.290000915527344,21.290000915527344,1000,0.0,0.0,0.0
2023-01-13 00:00:00-05:00,21.34000015258789,21.3799991607666,21.34000015258789,21.3799991607666,100,0.0,0.0,0.0
2023-01-17 00:00:00-05:00,21.399999618530273,21.399999618530273,21.399999618530273,21.399999618530273,100,0.0,0.0,0.0
2023-01-18 00:00:00-05:00,21.56599998474121,21.56599998474121,21.172000885009766,21.172000885009766,1100,0.0,0.0,0.0
2023-01-19 00:00:00-05:00,21.017000198364258,21.059999465942383,21.017000198364258,21.059999465942383,200,0.0,0.0,0.0
2023-01-20 00:00:00-05:00,21.451000213623047,21.451000213623047,21.451000213623047,21.451000213623047,0,0.0,0.0,0.0
2023-01-23 00:00:00-05:00,21.31999969482422,21.75,21.31999969482422,21.75,3900,0.0,0.0,0.0
2023-01-24 00:00:00-05:00,21.70400047302246,21.70400047302246,21.70400047302246,21.70400047302246,0,0.0,0.0,0.0
2023-01-25 00:00:00-05:00,21.707000732421875,21.707000732421875,21.707000732421875,21.707000732421875,100,0.0,0.0,0.0
2023-01-26 00:00:00-05:00,21.860000610351562,22.131999969482422,21.860000610351562,22.131999969482422,300,0.0,0.0,0.0
2023-01-27 00:00:00-05:00,22.179000854492188,22.18000030517578,22.041000366210938,22.041000366210938,1500,0.0,0.0,0.0
2023-01-30 00:00:00-05:00,21.90999984741211,21.93000030517578,21.673999786376953,21.673999786376953,1600,0.0,0.0,0.0
2023-01-31 00:00:00-05:00,21.920000076293945,22.06599998474121,21.920000076293945,22.06599998474121,700,0.0,0.0,0.0
2023-02-01 00:00:00-05:00,22.04199981689453,22.40999984741211,22.04199981689453,22.40999984741211,100,0.0,0.0,0.0
2023-02-02 00:00:00-05:00,22.6299991607666,22.65999984741211,22.424999237060547,22.58099937438965,23200,0.0,0.0,0.0
2023-02-03 00:00:00-05:00,22.450000762939453,22.799999237060547,22.450000762939453,22.4950008392334,13600,0.0,0.0,0.0
2023-02-06 00:00:00-05:00,22.33099937438965,22.33099937438965,22.33099937438965,22.33099937438965,0,0.0,0.0,0.0
2023-02-07 00:00:00-05:00,22.28499984741211,22.68600082397461,22.280000686645508,22.68600082397461,1500,0.0,0.0,0.0
2023-02-08 00:00:00-05:00,22.6299991607666,22.6299991607666,22.493999481201172,22.493999481201172,1200,0.0,0.0,0.0
2023-02-09 00:00:00-05:00,22.65999984741211,22.65999984741211,22.299999237060547,22.325000762939453,8700,0.0,0.0,0.0
2023-02-10 00:00:00-05:00,22.360000610351562,22.389999389648438,22.360000610351562,22.389999389648438,200,0.0,0.0,0.0
2023-02-13 00:00:00-05:00,22.510000228881836,22.53499984741211,22.4950008392334,22.53499984741211,11600,0.0,0.0,0.0
2023-02-14 00:00:00-05:00,22.709999084472656,22.71299934387207,22.709999084472656,22.71299934387207,2000,0.0,0.0,0.0
2023-02-15 00:00:00-05:00,22.520000457763672,22.64299964904785,22.450000762939453,22.64299964904785,700,0.0,0.0,0.0
2023-02-16 00:00:00-05:00,22.263999938964844,22.263999938964844,22.263999938964844,22.263999938964844,0,0.0,0.0,0.0
2023-02-17 00:00:00-05:00,22.125,22.125,22.059999465942383,22.104000091552734,400,0.0,0.0,0.0
2023-02-21 00:00:00-05:00,21.750999450683594,21.750999450683594,21.750999450683594,21.750999450683594,0,0.0,0.0,0.0
2023-02-22 00:00:00-05:00,21.77899932861328,21.77899932861328,21.69700050354004,21.69700050354004,200,0.0,0.0,0.0
2023-02-23 00:00:00-05:00,21.989999771118164,21.989999771118164,21.809999465942383,21.940000534057617,700,0.0,0.0,0.0
2023-02-24 00:00:00-05:00,21.59000015258789,21.625999450683594,21.59000015258789,21.625999450683594,1000,0.0,0.0,0.0
2023-02-27 00:00:00-05:00,21.934999465942383,21.940000534057617,21.75,21.75,3600,0.0,0.0,0.0
2023-02-28 00:00:00-05:00,21.719999313354492,21.743000030517578,21.719999313354492,21.743000030517578,100,0.0,0.0,0.0
2023-03-01 00:00:00-05:00,21.770000457763672,21.770000457763672,21.770000457763672,21.770000457763672,0,0.0,0.0,0.0
2023-03-02 00:00:00-05:00,21.621999740600586,21.8700008392334,21.621999740600586,21.8700008392334,900,0.0,0.0,0.0
2023-03-03 00:00:00-05:00,22.190000534057617,22.190000534057617,22.190000534057617,22.190000534057617,100,0.0,0.0,0.0
2023-03-06 00:00:00-05:00,22.136999130249023,22.139999389648438,22.136999130249023,22.139999389648438,200,0.0,0.0,0.0
2023-03-07 00:00:00-05:00,22.170000076293945,22.170000076293945,21.829999923706055,21.84000015258789,1400,0.0,0.0,0.0
2023-03-08 00:00:00-05:00,21.875,21.875,21.875,21.875,0,0.0,0.0,0.0
2023-03-09 00:00:00-05:00,21.464000701904297,21.464000701904297,21.464000701904297,21.464000701904297,100,0.0,0.0,0.0
2023-03-10 00:00:00-05:00,21.520000457763672,21.520000457763672,21.059999465942383,21.059999465942383,600,0.0,0.0,0.0
2023-03-13 00:00:00-04:00,21.139999389648438,21.139999389648438,20.940000534057617,20.940000534057617,4600,0.0,0.0,0.0
2023-03-14 00:00:00-04:00,21.350000381469727,21.350000381469727,21.350000381469727,21.350000381469727,200,0.0,0.0,0.0
2023-03-15 00:00:00-04:00,20.889999389648438,20.951000213623047,20.878999710083008,20.951000213623047,1100,0.0,0.0,0.0
2023-03-16 00:00:00-04:00,21.440000534057617,21.440000534057617,21.440000534057617,21.440000534057617,100,0.0,0.0,0.0
2023-03-17 00:00:00-04:00,21.190000534057617,21.190000534057617,21.18000030517578,21.18000030517578,600,0.0,0.0,0.0
2023-03-20 00:00:00-04:00,21.386999130249023,21.386999130249023,21.385000228881836,21.385000228881836,100,0.0,0.0,0.0
2023-03-21 00:00:00-04:00,21.733999252319336,21.733999252319336,21.733999252319336,21.733999252319336,100,0.0,0.0,0.0
2023-03-22 00:00:00-04:00,21.729999542236328,21.729999542236328,21.41200065612793,21.41200065612793,200,0.0,0.0,0.0
2023-03-23 00:00:00-04:00,21.518999099731445,21.518999099731445,21.518999099731445,21.518999099731445,0,0.0,0.0,0.0
2023-03-24 00:00:00-04:00,21.350000381469727,21.40999984741211,21.1299991607666,21.40999984741211,2200,0.0,0.0,0.0
2023-03-27 00:00:00-04:00,21.5,21.57900047302246,21.461000442504883,21.461000442504883,2900,0.0,0.0,0.0
2023-03-28 00:00:00-04:00,21.3700008392334,21.3700008392334,21.3700008392334,21.3700008392334,0,0.0,0.0,0.0
2023-03-29 00:00:00-04:00,21.559999465942383,21.684999465942383,21.559999465942383,21.684999465942383,14000,0.0,0.0,0.0
2023-03-30 00:00:00-04:00,21.850000381469727,21.850000381469727,21.829999923706055,21.829999923706055,1200,0.0,0.0,0.0
2023-03-31 00:00:00-04:00,22.020000457763672,22.1200008392334,22.020000457763672,22.100000381469727,1100,0.0,0.0,0.0
2023-04-03 00:00:00-04:00,22.239999771118164,22.309999465942383,22.141000747680664,22.280000686645508,2900,0.0,0.0,0.0
2023-04-04 00:00:00-04:00,22.15999984741211,22.15999984741211,21.979999542236328,21.979999542236328,12700,0.0,0.0,0.0
2023-04-05 00:00:00-04:00,21.969999313354492,21.969999313354492,21.844999313354492,21.94499969482422,11400,0.0,0.0,0.0
2023-04-06 00:00:00-04:00,21.979999542236328,21.979999542236328,21.979999542236328,21.979999542236328,100,0.0,0.0,0.0
2023-04-10 00:00:00-04:00,21.93000030517578,22.15999984741211,21.93000030517578,22.15999984741211,48700,0.0,0.0,0.0
2023-04-11 00:00:00-04:00,22.209999084472656,22.280000686645508,22.20199966430664,22.20199966430664,1500,0.0,0.0,0.0
2023-04-12 00:00:00-04:00,22.100000381469727,22.10099983215332,22.06999969482422,22.09000015258789,1700,0.0,0.0,0.0
2023-04-13 00:00:00-04:00,22.18000030517578,22.448999404907227,22.155000686645508,22.399999618530273,7000,0.0,0.0,0.0
2023-04-14 00:00:00-04:00,22.43000030517578,22.43000030517578,22.219999313354492,22.31999969482422,2200,0.0,0.0,0.0
2023-04-17 00:00:00-04:00,22.260000228881836,22.290000915527344,22.148000717163086,22.290000915527344,2200,0.0,0.0,0.0
2023-04-18 00:00:00-04:00,22.339000701904297,22.339000701904297,22.20800018310547,22.280000686645508,3000,0.0,0.0,0.0
2023-04-19 00:00:00-04:00,22.054000854492188,22.18000030517578,22.054000854492188,22.18000030517578,2200,0.0,0.0,0.0
2023-04-20 00:00:00-04:00,22.114999771118164,22.114999771118164,22.06800079345703,22.06800079345703,1100,0.0,0.0,0.0
2023-04-21 00:00:00-04:00,21.989999771118164,22.02199935913086,21.989999771118164,22.02199935913086,100,0.0,0.0,0.0
2023-04-24 00:00:00-04:00,22.045000076293945,22.1299991607666,22.045000076293945,22.100000381469727,900,0.0,0.0,0.0
2023-04-25 00:00:00-04:00,21.695999145507812,21.719999313354492,21.565000534057617,21.565000534057617,2200,0.0,0.0,0.0
2023-04-26 00:00:00-04:00,21.43000030517578,21.43000030517578,21.209999084472656,21.209999084472656,800,0.0,0.0,0.0
2023-04-27 00:00:00-04:00,21.329999923706055,21.489999771118164,21.25,21.489999771118164,2900,0.0,0.0,0.0
2023-04-28 00:00:00-04:00,21.649999618530273,21.760000228881836,21.649999618530273,21.735000610351562,10100,0.0,0.0,0.0
2023-05-01 00:00:00-04:00,21.832000732421875,21.8799991607666,21.832000732421875,21.854999542236328,3000,0.0,0.0,0.0
2023-05-02 00:00:00-04:00,21.610000610351562,21.610000610351562,21.440000534057617,21.565000534057617,4900,0.0,0.0,0.0
2023-05-03 00:00:00-04:00,21.6200008392334,21.6200008392334,21.440000534057617,21.440000534057617,1800,0.0,0.0,0.0
2023-05-04 00:00:00-04:00,21.141000747680664,21.219999313354492,21.100000381469727,21.165000915527344,8100,0.0,0.0,0.0
2023-05-05 00:00:00-04:00,21.440000534057617,21.56999969482422,21.440000534057617,21.464000701904297,4300,0.0,0.0,0.0
2023-05-08 00:00:00-04:00,21.469999313354492,21.59000015258789,21.399999618530273,21.43000030517578,9500,0.0,0.0,0.0
2023-05-09 00:00:00-04:00,21.329999923706055,21.329999923706055,21.290000915527344,21.290000915527344,900,0.0,0.0,0.0
2023-05-10 00:00:00-04:00,21.349000930786133,21.349000930786133,21.334999084472656,21.334999084472656,100,0.0,0.0,0.0
2023-05-11 00:00:00-04:00,21.309999465942383,21.309999465942383,21.18899917602539,21.267000198364258,1800,0.0,0.0,0.0
2023-05-12 00:00:00-04:00,21.209999084472656,21.274999618530273,21.209999084472656,21.274999618530273,400,0.0,0.0,0.0
2023-05-15 00:00:00-04:00,21.3439998626709,21.43000030517578,21.333999633789062,21.43000030517578,2100,0.0,0.0,0.0
2023-05-16 00:00:00-04:00,21.20800018310547,21.20800018310547,21.20800018310547,21.20800018310547,100,0.0,0.0,0.0
2023-05-17 00:00:00-04:00,21.356000900268555,21.489999771118164,21.356000900268555,21.489999771118164,400,0.0,0.0,0.0
2023-05-18 00:00:00-04:00,21.483999252319336,21.7549991607666,21.469999313354492,21.7549991607666,90800,0.0,0.0,0.0
2023-05-19 00:00:00-04:00,21.790000915527344,21.790000915527344,21.690000534057617,21.690000534057617,700,0.0,0.0,0.0
2023-05-22 00:00:00-04:00,21.743000030517578,21.829999923706055,21.743000030517578,21.795000076293945,1500,0.0,0.0,0.0
2023-05-23 00:00:00-04:00,21.670000076293945,21.670000076293945,21.586000442504883,21.586000442504883,1000,0.0,0.0,0.0
2023-05-24 00:00:00-04:00,21.3700008392334,21.3799991607666,21.312999725341797,21.312999725341797,1000,0.0,0.0,0.0
2023-05-25 00:00:00-04:00,21.520000457763672,21.65999984741211,21.520000457763672,21.65999984741211,500,0.0,0.0,0.0
2023-05-26 00:00:00-04:00,21.809999465942383,21.989999771118164,21.809999465942383,21.989999771118164,1500,0.0,0.0,0.0
2023-05-30 00:00:00-04:00,21.981000900268555,21.989999771118164,21.979999542236328,21.989999771118164,400,0.0,0.0,0.0
2023-05-31 00:00:00-04:00,21.8700008392334,21.8700008392334,21.756000518798828,21.80500030517578,6300,0.0,0.0,0.0
2023-06-01 00:00:00-04:00,21.729999542236328,22.0,21.729999542236328,21.96500015258789,1400,0.0,0.0,0.0
2023-06-02 00:00:00-04:00,22.209999084472656,22.3799991607666,22.209999084472656,22.360000610351562,900,0.0,0.0,0.0
2023-06-05 00:00:00-04:00,22.18000030517578,22.299999237060547,22.159000396728516,22.225000381469727,6200,0.0,0.0,0.0
2023-06-06 00:00:00-04:00,22.264999389648438,22.385000228881836,22.264999389648438,22.3700008392334,1200,0.0,0.0,0.0
2023-06-07 00:00:00-04:00,22.56999969482422,22.56999969482422,22.43000030517578,22.440000534057617,3300,0.0,0.0,0.0
2023-06-08 00:00:00-04:00,22.420000076293945,22.450000762939453,22.389999389648438,22.450000762939453,1400,0.0,0.0,0.0
2023-06-09 00:00:00-04:00,22.690000534057617,22.690000534057617,22.489999771118164,22.489999771118164,4900,0.0,0.0,0.0
2023-06-12 00:00:00-04:00,22.742000579833984,22.8700008392334,22.742000579833984,22.840999603271484,1900,0.0,0.0,0.0
2023-06-13 00:00:00-04:00,23.010000228881836,23.15999984741211,23.010000228881836,23.1299991607666,11300,0.0,0.0,0.0
2023-06-14 00:00:00-04:00,23.1299991607666,23.1299991607666,23.0,23.020000457763672,5100,0.0,0.0,0.0
2023-06-15 00:00:00-04:00,23.28499984741211,23.28499984741211,23.28499984741211,23.28499984741211,100,0.0,0.0,0.0
2023-06-16 00:00:00-04:00,23.309999465942383,23.3799991607666,23.27199935913086,23.27199935913086,3500,0.0,0.0,0.0
2023-06-20 00:00:00-04:00,23.229999542236328,23.229999542236328,23.084999084472656,23.139999389648438,13700,0.0,0.0,0.0
2023-06-21 00:00:00-04:00,23.040000915527344,23.0939998626709,23.010000228881836,23.010000228881836,2400,0.0,0.0,0.0
2023-06-22 00:00:00-04:00,22.98900032043457,23.020000457763672,22.93000030517578,22.969999313354492,38400,0.0,0.0,0.0
2023-06-23 00:00:00-04:00,22.84000015258789,22.905000686645508,22.799999237060547,22.895000457763672,7700,0.0,0.0,0.0
2023-06-26 00:00:00-04:00,23.02899932861328,23.02899932861328,22.84000015258789,22.843000411987305,7600,0.0,0.0,0.0
2023-06-27 00:00:00-04:00,22.860000610351562,23.1299991607666,22.860000610351562,23.09600067138672,10000,0.0,0.0,0.0
2023-06-28 00:00:00-04:00,23.020000457763672,23.100000381469727,22.990999221801758,23.06399917602539,1400,0.0,0.0,0.0
2023-06-29 00:00:00-04:00,23.15999984741211,23.229999542236328,23.06599998474121,23.219999313354492,5100,0.0,0.0,0.0
2023-06-30 00:00:00-04:00,23.42300033569336,23.538999557495117,23.391000747680664,23.47599983215332,7100,0.0,0.0,0.0
2023-07-03 00:00:00-04:00,23.549999237060547,23.579999923706055,23.459999084472656,23.579999923706055,28500,0.0,0.0,0.0
2023-07-05 00:00:00-04:00,23.40999984741211,23.40999984741211,23.3799991607666,23.399999618530273,2900,0.0,0.0,0.0
2023-07-06 00:00:00-04:00,23.136999130249023,23.136999130249023,23.020000457763672,23.108999252319336,2300,0.0,0.0,0.0
2023-07-07 00:00:00-04:00,23.099000930786133,23.360000610351562,23.099000930786133,23.174999237060547,14400,0.0,0.0,0.0
2023-07-10 00:00:00-04:00,23.368999481201172,23.440000534057617,23.34000015258789,23.408000946044922,7100,0.0,0.0,0.0
2023-07-11 00:00:00-04:00,23.485000610351562,23.600000381469727,23.485000610351562,23.600000381469727,2000,0.0,0.0,0.0
2023-07-12 00:00:00-04:00,23.81999969482422,23.849000930786133,23.770000457763672,23.781999588012695,3100,0.0,0.0,0.0
2023-07-13 00:00:00-04:00,23.8700008392334,23.9950008392334,23.84000015258789,23.9950008392334,2600,0.0,0.0,0.0
2023-07-14 00:00:00-04:00,24.030000686645508,24.040000915527344,23.940000534057617,23.989999771118164,15900,0.0,0.0,0.0
2023-07-17 00:00:00-04:00,24.117000579833984,24.170000076293945,24.117000579833984,24.170000076293945,1700,0.0,0.0,0.0
2023-07-18 00:00:00-04:00,24.290000915527344,24.360000610351562,24.235000610351562,24.360000610351562,6500,0.0,0.0,0.0
2023-07-19 00:00:00-04:00,24.405000686645508,24.405000686645508,24.270000457763672,24.290000915527344,5200,0.0,0.0,0.0
2023-07-20 00:00:00-04:00,24.239999771118164,24.239999771118164,24.010000228881836,24.020000457763672,2500,0.0,0.0,0.0
2023-07-21 00:00:00-04:00,24.18000030517578,24.219999313354492,24.100000381469727,24.100000381469727,3300,0.0,0.0,0.0
2023-07-24 00:00:00-04:00,24.19700050354004,24.239999771118164,24.19700050354004,24.219999313354492,1700,0.0,0.0,0.0
2023-07-25 00:00:00-04:00,24.399999618530273,24.420000076293945,24.3700008392334,24.389999389648438,7700,0.0,0.0,0.0
2023-07-26 00:00:00-04:00,24.309999465942383,24.336000442504883,24.25,24.25,5700,0.0,0.0,0.0
2023-07-27 00:00:00-04:00,24.47100067138672,24.540000915527344,24.290000915527344,24.290000915527344,1900,0.0,0.0,0.0
2023-07-28 00:00:00-04:00,24.349000930786133,24.3700008392334,24.299999237060547,24.3700008392334,2600,0.0,0.0,0.0
2023-07-31 00:00:00-04:00,24.510000228881836,24.579999923706055,24.459999084472656,24.579999923706055,30200,0.0,0.0,0.0
2023-08-01 00:00:00-04:00,24.56999969482422,24.59000015258789,24.5,24.59000015258789,8600,0.0,0.0,0.0
2023-08-02 00:00:00-04:00,24.329999923706055,24.329999923706055,24.219999313354492,24.280000686645508,1800,0.0,0.0,0.0
2023-08-03 00:00:00-04:00,24.299999237060547,24.299999237060547,24.208999633789062,24.208999633789062,1400,0.0,0.0,0.0
2023-08-04 00:00:00-04:00,24.270000457763672,24.40999984741211,24.121999740600586,24.170000076293945,7700,0.0,0.0,0.0
2023-08-07 00:00:00-04:00,24.270000457763672,24.399999618530273,24.270000457763672,24.3700008392334,2400,0.0,0.0,0.0
2023-08-08 00:00:00-04:00,24.1200008392334,24.270000457763672,24.1200008392334,24.23699951171875,7500,0.0,0.0,0.0
2023-08-09 00:00:00-04:00,24.229999542236328,24.31999969482422,24.131999969482422,24.149999618530273,4200,0.0,0.0,0.0
2023-08-10 00:00:00-04:00,24.309999465942383,24.440000534057617,24.139999389648438,24.139999389648438,248300,0.0,0.0,0.0
2023-08-11 00:00:00-04:00,23.90999984741211,24.100000381469727,23.900999069213867,24.0,4700,0.0,0.0,0.0
2023-08-14 00:00:00-04:00,24.163999557495117,24.22800064086914,24.163999557495117,24.22800064086914,200,0.0,0.0,0.0
2023-08-15 00:00:00-04:00,24.000999450683594,24.15999984741211,24.000999450683594,24.013999938964844,25600,0.0,0.0,0.0
2023-08-16 00:00:00-04:00,24.006999969482422,24.040000915527344,23.788999557495117,23.788999557495117,6100,0.0,0.0,0.0
2023-08-17 00:00:00-04:00,23.799999237060547,23.860000610351562,23.559999465942383,23.559999465942383,1900,0.0,0.0,0.0
2023-08-18 00:00:00-04:00,23.510000228881836,23.760000228881836,23.510000228881836,23.760000228881836,5900,0.0,0.0,0.0
2023-08-21 00:00:00-04:00,23.8700008392334,23.989999771118164,23.8700008392334,23.982999801635742,600,0.0,0.0,0.0
2023-08-22 00:00:00-04:00,24.075000762939453,24.139999389648438,23.90999984741211,23.90999984741211,1100,0.0,0.0,0.0
2023-08-23 00:00:00-04:00,23.93000030517578,24.114999771118164,23.8799991607666,24.017000198364258,2300,0.0,0.0,0.0
2023-08-24 00:00:00-04:00,24.239999771118164,24.239999771118164,23.68000030517578,23.68000030517578,200,0.0,0.0,0.0
2023-08-25 00:00:00-04:00,23.75,23.81999969482422,23.739999771118164,23.81999969482422,900,0.0,0.0,0.0
2023-08-28 00:00:00-04:00,23.924999237060547,23.979999542236328,23.924999237060547,23.954999923706055,800,0.0,0.0,0.0
2023-08-29 00:00:00-04:00,23.979999542236328,24.350000381469727,23.979999542236328,24.350000381469727,900,0.0,0.0,0.0
2023-08-30 00:00:00-04:00,24.329999923706055,24.489999771118164,24.329999923706055,24.469999313354492,33900,0.0,0.0,0.0
2023-08-31 00:00:00-04:00,24.56999969482422,24.56999969482422,24.45599937438965,24.47800064086914,5200,0.0,0.0,0.0
2023-09-01 00:00:00-04:00,24.649999618530273,24.649999618530273,24.520000457763672,24.520000457763672,3300,0.0,0.0,0.0
2023-09-05 00:00:00-04:00,24.549999237060547,24.604999542236328,24.530000686645508,24.530000686645508,22800,0.0,0.0,0.0
2023-09-06 00:00:00-04:00,24.25,24.450000762939453,24.219999313354492,24.3700008392334,3600,0.0,0.0,0.0
2023-09-07 00:00:00-04:00,24.304000854492188,24.304000854492188,24.304000854492188,24.304000854492188,100,0.0,0.0,0.0
2023-09-08 00:00:00-04:00,24.3700008392334,24.420000076293945,24.31999969482422,24.34000015258789,3700,0.0,0.0,0.0
2023-09-11 00:00:00-04:00,24.329999923706055,24.3700008392334,24.290000915527344,24.3700008392334,4600,0.0,0.0,0.0
2023-09-12 00:00:00-04:00,24.31999969482422,24.31999969482422,24.184999465942383,24.184999465942383,1800,0.0,0.0,0.0
2023-09-13 00:00:00-04:00,24.239999771118164,24.260000228881836,24.200000762939453,24.20199966430664,4300,0.0,0.0,0.0
2023-09-14 00:00:00-04:00,24.391000747680664,24.489999771118164,24.391000747680664,24.489999771118164,4000,0.0,0.0,0.0
2023-09-15 00:00:00-04:00,24.207000732421875,24.207000732421875,24.065000534057617,24.065000534057617,17600,0.0,0.0,0.0
2023-09-18 00:00:00-04:00,24.139999389648438,24.15999984741211,24.1200008392334,24.15999984741211,2500,0.0,0.0,0.0
2023-09-19 00:00:00-04:00,24.18000030517578,24.18000030517578,23.979999542236328,24.1299991607666,63500,0.0,0.0,0.0
2023-09-20 00:00:00-04:00,24.200000762939453,24.200000762939453,23.899999618530273,23.899999618530273,3600,0.0,0.0,0.0
2023-09-21 00:00:00-04:00,23.860000610351562,23.860000610351562,23.6200008392334,23.6200008392334,1900,0.0,0.0,0.0
2023-09-22 00:00:00-04:00,23.724000930786133,23.724000930786133,23.624000549316406,23.63800048828125,700,0.0,0.0,0.0
2023-09-25 00:00:00-04:00,23.773000717163086,23.797000885009766,23.773000717163086,23.797000885009766,600,0.0,0.0,0.0
2023-09-26 00:00:00-04:00,23.649999618530273,23.649999618530273,23.5,23.559999465942383,5200,0.0,0.0,0.0
2023-09-27 00:00:00-04:00,23.59000015258789,23.639999389648438,23.59000015258789,23.639999389648438,1000,0.0,0.0,0.0
2023-09-28 00:00:00-04:00,23.927000045776367,23.927000045776367,23.927000045776367,23.927000045776367,100,0.0,0.0,0.0
2023-09-29 00:00:00-04:00,23.937999725341797,23.959999084472656,23.76799964904785,23.76799964904785,44300,0.0,0.0,0.0
2023-10-02 00:00:00-04:00,23.770000457763672,23.809999465942383,23.68000030517578,23.809999465942383,17300,0.0,0.0,0.0
2023-10-03 00:00:00-04:00,23.709999084472656,23.709999084472656,23.34000015258789,23.459999084472656,5400,0.0,0.0,0.0
2023-10-04 00:00:00-04:00,23.559999465942383,23.59000015258789,23.360000610351562,23.59000015258789,9500,0.0,0.0,0.0
2023-10-05 00:00:00-04:00,23.579999923706055,23.579999923706055,23.5049991607666,23.510000228881836,500,0.0,0.0,0.0
2023-10-06 00:00:00-04:00,23.8799991607666,23.8799991607666,23.8700008392334,23.8700008392334,800,0.0,0.0,0.0
2023-10-09 00:00:00-04:00,23.785999298095703,24.045000076293945,23.785999298095703,24.024999618530273,900,0.0,0.0,0.0
2023-10-10 00:00:00-04:00,24.1200008392334,24.329999923706055,24.110000610351562,24.110000610351562,5300,0.0,0.0,0.0
2023-10-11 00:00:00-04:00,24.15999984741211,24.219999313354492,24.079999923706055,24.209999084472656,145800,0.0,0.0,0.0
2023-10-12 00:00:00-04:00,24.09600067138672,24.1299991607666,24.0939998626709,24.0939998626709,1700,0.0,0.0,0.0
2023-10-13 00:00:00-04:00,24.209999084472656,24.209999084472656,23.959999084472656,24.040000915527344,16400,0.0,0.0,0.0
2023-10-16 00:00:00-04:00,24.190000534057617,24.3700008392334,24.190000534057617,24.329999923706055,11300,0.0,0.0,0.0
2023-10-17 00:00:00-04:00,24.190000534057617,24.420000076293945,24.16200065612793,24.420000076293945,33400,0.0,0.0,0.0
2023-10-18 00:00:00-04:00,24.34000015258789,24.34000015258789,24.040000915527344,24.1200008392334,63900,0.0,0.0,0.0
2023-10-19 00:00:00-04:00,24.239999771118164,24.239999771118164,23.649999618530273,23.719999313354492,80700,0.0,0.0,0.0
2023-10-20 00:00:00-04:00,23.3799991607666,23.399999618530273,23.31999969482422,23.329999923706055,35800,0.0,0.0,0.0
2023-10-23 00:00:00-04:00,23.260000228881836,23.440000534057617,23.229999542236328,23.2450008392334,62400,0.0,0.0,0.0
2023-10-24 00:00:00-04:00,23.43000030517578,23.56999969482422,23.31999969482422,23.469999313354492,41700,0.0,0.0,0.0
2023-10-25 00:00:00-04:00,23.149999618530273,23.25,23.040000915527344,23.079999923706055,58800,0.0,0.0,0.0
2023-10-26 00:00:00-04:00,22.93000030517578,23.100000381469727,22.816999435424805,22.860000610351562,6900,0.0,0.0,0.0
2023-10-27 00:00:00-04:00,22.969999313354492,22.989999771118164,22.760000228881836,22.84000015258789,10000,0.0,0.0,0.0
2023-10-30 00:00:00-04:00,22.69300079345703,22.899999618530273,22.69300079345703,22.829999923706055,16900,0.0,0.0,0.0
2023-10-31 00:00:00-04:00,22.969999313354492,23.100000381469727,22.969999313354492,23.09000015258789,11900,0.0,0.0,0.0
2023-11-01 00:00:00-04:00,23.104999542236328,23.31999969482422,23.104999542236328,23.299999237060547,11900,0.0,0.0,0.0
2023-11-02 00:00:00-04:00,23.649999618530273,23.889999389648438,23.649999618530273,23.889999389648438,32500,0.0,0.0,0.0
2023-11-03 00:00:00-04:00,24.149999618530273,24.18000030517578,24.100000381469727,24.15999984741211,25300,0.0,0.0,0.0
2023-11-06 00:00:00-05:00,24.110000610351562,24.110000610351562,24.010000228881836,24.104000091552734,336200,0.0,0.0,0.0
2023-11-07 00:00:00-05:00,24.239999771118164,24.280000686645508,24.059999465942383,24.233999252319336,131200,0.0,0.0,0.0
2023-11-08 00:00:00-05:00,24.219999313354492,24.329999923706055,24.170000076293945,24.329999923706055,80200,0.0,0.0,0.0
2023-11-09 00:00:00-05:00,24.239999771118164,24.329999923706055,24.040000915527344,24.040000915527344,20700,0.0,0.0,0.0
2023-11-10 00:00:00-05:00,24.1299991607666,24.510000228881836,24.1299991607666,24.479999542236328,18000,0.0,0.0,0.0
2023-11-13 00:00:00-05:00,24.5,24.59000015258789,24.450000762939453,24.579999923706055,10100,0.0,0.0,0.0
2023-11-14 00:00:00-05:00,25.079999923706055,25.198999404907227,25.06999969482422,25.149999618530273,5800,0.0,0.0,0.0
2023-11-15 00:00:00-05:00,25.195999145507812,25.309999465942383,25.09000015258789,25.09000015258789,276900,0.0,0.0,0.0
2023-11-16 00:00:00-05:00,25.09000015258789,25.09000015258789,24.899999618530273,25.040000915527344,54600,0.0,0.0,0.0
2023-11-17 00:00:00-05:00,25.110000610351562,25.16900062561035,25.110000610351562,25.125,14600,0.0,0.0,0.0
2023-11-20 00:00:00-05:00,25.15999984741211,25.420000076293945,25.15999984741211,25.34000015258789,9000,0.0,0.0,0.0
2023-11-21 00:00:00-05:00,25.26099967956543,25.43000030517578,25.260000228881836,25.360000610351562,35600,0.0,0.0,0.0
2023-11-22 00:00:00-05:00,25.260000228881836,25.40999984741211,25.260000228881836,25.35099983215332,3800,0.0,0.0,0.0
2023-11-24 00:00:00-05:00,25.350000381469727,25.450000762939453,25.350000381469727,25.450000762939453,1000,0.0,0.0,0.0
2023-11-27 00:00:00-05:00,25.3799991607666,25.43000030517578,25.375999450683594,25.43000030517578,6900,0.0,0.0,0.0
2023-11-28 00:00:00-05:00,25.375,25.459999084472656,25.280000686645508,25.3700008392334,13400,0.0,0.0,0.0
2023-11-29 00:00:00-05:00,25.600000381469727,25.610000610351562,25.40999984741211,25.423999786376953,13300,0.0,0.0,0.0
2023-11-30 00:00:00-05:00,25.569000244140625,25.624000549316406,25.466999053955078,25.624000549316406,3300,0.0,0.0,0.0
2023-12-01 00:00:00-05:00,25.6200008392334,25.8799991607666,25.6200008392334,25.8799991607666,4900,0.0,0.0,0.0
2023-12-04 00:00:00-05:00,25.75,25.770000457763672,25.559999465942383,25.760000228881836,15500,0.0,0.0,0.0
2023-12-05 00:00:00-05:00,25.670000076293945,25.670000076293945,25.549999237060547,25.639999389648438,6900,0.0,0.0,0.0
2023-12-06 00:00:00-05:00,25.809999465942383,25.850000381469727,25.549999237060547,25.559999465942383,50700,0.0,0.0,0.0
2023-12-07 00:00:00-05:00,25.65999984741211,25.81999969482422,25.6200008392334,25.75,7600,0.0,0.0,0.0
2023-12-08 00:00:00-05:00,25.68000030517578,25.899999618530273,25.68000030517578,25.8700008392334,14800,0.0,0.0,0.0
2023-12-11 00:00:00-05:00,26.03499984741211,26.25,26.03499984741211,26.239999771118164,14700,0.0,0.0,0.0
2023-12-12 00:00:00-05:00,26.170000076293945,26.399999618530273,26.170000076293945,26.360000610351562,26000,0.0,0.0,0.0
2023-12-13 00:00:00-05:00,26.3799991607666,26.850000381469727,26.341999053955078,26.767000198364258,22300,0.0,0.0,0.0
2023-12-14 00:00:00-05:00,27.010000228881836,27.1299991607666,26.969999313354492,27.1299991607666,56800,0.0,0.0,0.0
2023-12-15 00:00:00-05:00,27.149999618530273,27.200000762939453,27.040000915527344,27.170000076293945,6900,0.0,0.0,0.0
2023-12-18 00:00:00-05:00,27.15999984741211,27.219999313354492,27.139999389648438,27.219999313354492,6100,0.0,0.0,0.0
2023-12-19 00:00:00-05:00,27.36199951171875,27.459999084472656,27.347999572753906,27.43000030517578,7400,0.0,0.0,0.0
2023-12-20 00:00:00-05:00,27.350000381469727,27.40999984741211,26.889999389648438,26.889999389648438,11400,0.0,0.0,0.0
2023-12-21 00:00:00-05:00,27.239999771118164,27.299999237060547,27.049999237060547,27.299999237060547,13200,0.0,0.0,0.0
2023-12-22 00:00:00-05:00,27.235000610351562,27.280000686645508,27.1299991607666,27.15999984741211,7400,0.0,0.0,0.0
2023-12-26 00:00:00-05:00,27.290000915527344,27.40999984741211,27.280000686645508,27.399999618530273,4800,0.0,0.0,0.0
2023-12-27 00:00:00-05:00,27.3700008392334,27.399999618530273,27.30900001525879,27.33300018310547,18200,0.0,0.0,0.0
2023-12-28 00:00:00-05:00,27.389999389648438,27.399999618530273,27.280000686645508,27.31999969482422,3600,0.0,0.0,0.0
2023-12-29 00:00:00-05:00,27.270000457763672,27.295000076293945,27.149999618530273,27.229999542236328,7700,0.0,0.0,0.0
2024-01-02 00:00:00-05:00,26.989999771118164,27.030000686645508,26.809999465942383,26.909000396728516,12200,0.0,0.0,0.0
2024-01-03 00:00:00-05:00,26.690000534057617,26.750999450683594,26.559999465942383,26.59000015258789,18300,0.0,0.0,0.0
2024-01-04 00:00:00-05:00,26.68000030517578,26.729999542236328,26.49799919128418,26.49799919128418,15300,0.0,0.0,0.0
2024-01-05 00:00:00-05:00,26.520000457763672,26.60099983215332,26.40999984741211,26.464000701904297,17600,0.0,0.0,0.0
2024-01-08 00:00:00-05:00,26.700000762939453,26.889999389648438,26.6299991607666,26.889999389648438,21600,0.0,0.0,0.0
2024-01-09 00:00:00-05:00,26.700000762939453,26.84000015258789,26.700000762939453,26.84000015258789,144100,0.0,0.0,0.0
2024-01-10 00:00:00-05:00,26.920000076293945,26.979999542236328,26.819000244140625,26.979999542236328,12300,0.0,0.0,0.0
2024-01-11 00:00:00-05:00,27.030000686645508,27.110000610351562,26.790000915527344,27.110000610351562,12400,0.0,0.0,0.0
2024-01-12 00:00:00-05:00,27.280000686645508,27.280000686645508,26.899999618530273,27.040000915527344,39000,0.0,0.0,0.0
2024-01-16 00:00:00-05:00,26.93000030517578,27.020000457763672,26.860000610351562,27.020000457763672,34200,0.0,0.0,0.0
2024-01-17 00:00:00-05:00,26.75,26.850000381469727,26.70599937438965,26.850000381469727,296100,0.0,0.0,0.0
2024-01-18 00:00:00-05:00,26.8799991607666,27.25,26.81999969482422,27.079999923706055,75800,0.0,0.0,0.0
2024-01-19 00:00:00-05:00,27.079999923706055,27.40999984741211,27.079999923706055,27.40999984741211,7700,0.0,0.0,0.0
2024-01-22 00:00:00-05:00,27.610000610351562,27.670000076293945,27.559999465942383,27.65999984741211,11500,0.0,0.0,0.0
2024-01-23 00:00:00-05:00,27.600000381469727,27.65999984741211,27.514999389648438,27.65999984741211,3500,0.0,0.0,0.0
2024-01-24 00:00:00-05:00,27.90999984741211,28.0,27.81999969482422,27.850000381469727,44300,0.0,0.0,0.0
2024-01-25 00:00:00-05:00,28.079999923706055,28.09000015258789,27.780000686645508,28.0,716400,0.0,0.0,0.0
2024-01-26 00:00:00-05:00,27.90999984741211,27.959999084472656,27.790000915527344,27.809999465942383,13000,0.0,0.0,0.0
2024-01-29 00:00:00-05:00,27.920000076293945,28.15999984741211,27.829999923706055,28.131000518798828,125700,0.0,0.0,0.0
2024-01-30 00:00:00-05:00,28.209999084472656,28.260000228881836,28.059999465942383,28.260000228881836,93600,0.0,0.0,0.0
2024-01-31 00:00:00-05:00,28.049999237060547,28.059999465942383,27.770000457763672,27.770000457763672,42500,0.0,0.0,0.0
2024-02-01 00:00:00-05:00,27.952999114990234,28.049999237060547,27.709999084472656,28.040000915527344,60900,0.0,0.0,0.0
2024-02-02 00:00:00-05:00,28.0,28.358999252319336,28.0,28.260000228881836,42300,0.0,0.0,0.0
2024-02-05 00:00:00-05:00,28.1200008392334,28.329999923706055,28.1200008392334,28.290000915527344,211400,0.0,0.0,0.0
2024-02-06 00:00:00-05:00,28.350000381469727,28.350000381469727,28.110000610351562,28.260000228881836,101800,0.0,0.0,0.0
2024-02-07 00:00:00-05:00,28.649999618530273,28.809999465942383,28.520999908447266,28.711000442504883,47000,0.0,0.0,0.0
2024-02-08 00:00:00-05:00,28.809999465942383,28.948999404907227,28.790000915527344,28.895999908447266,28200,0.0,0.0,0.0
2024-02-09 00:00:00-05:00,29.049999237060547,29.209999084472656,29.0,29.170000076293945,38700,0.0,0.0,0.0
2024-02-12 00:00:00-05:00,29.239999771118164,29.40999984741211,29.204999923706055,29.204999923706055,38700,0.0,0.0,0.0
2024-02-13 00:00:00-05:00,28.690000534057617,28.8700008392334,28.510000228881836,28.65999984741211,37500,0.0,0.0,0.0
2024-02-14 00:00:00-05:00,28.989999771118164,29.15999984741211,28.8799991607666,29.15999984741211,111100,0.0,0.0,0.0
2024-02-15 00:00:00-05:00,29.31999969482422,29.450000762939453,29.280000686645508,29.385000228881836,81900,0.0,0.0,0.0
2024-02-16 00:00:00-05:00,29.360000610351562,29.469999313354492,29.1299991607666,29.15999984741211,45300,0.0,0.0,0.0
2024-02-20 00:00:00-05:00,28.950000762939453,28.950000762939453,28.672000885009766,28.829999923706055,47800,0.0,0.0,0.0
2024-02-21 00:00:00-05:00,28.59000015258789,28.68000030517578,28.399999618530273,28.68000030517578,29400,0.0,0.0,0.0
2024-02-22 00:00:00-05:00,29.200000762939453,29.350000381469727,29.100000381469727,29.299999237060547,51300,0.0,0.0,0.0
2024-02-23 00:00:00-05:00,29.34000015258789,29.34000015258789,29.170000076293945,29.235000610351562,65900,0.0,0.0,0.0
2024-02-26 00:00:00-05:00,29.420000076293945,29.5,29.398000717163086,29.440000534057617,144900,0.0,0.0,0.0
2024-02-27 00:00:00-05:00,29.59000015258789,29.59000015258789,29.344999313354492,29.469999313354492,72300,0.0,0.0,0.0
2024-02-28 00:00:00-05:00,29.3799991607666,29.440000534057617,29.290000915527344,29.350000381469727,23500,0.0,0.0,0.0
2024-02-29 00:00:00-05:00,29.55500030517578,29.572999954223633,29.350000381469727,29.530000686645508,20700,0.0,0.0,0.0
2024-03-01 00:00:00-05:00,29.68000030517578,29.979999542236328,29.610000610351562,29.979999542236328,130900,0.0,0.0,0.0
2024-03-04 00:00:00-05:00,29.940000534057617,30.030000686645508,29.77400016784668,29.809999465942383,43000,0.0,0.0,0.0
2024-03-05 00:00:00-05:00,29.65999984741211,29.690000534057617,29.25,29.440000534057617,110800,0.0,0.0,0.0
2024-03-06 00:00:00-05:00,29.641000747680664,29.780000686645508,29.559999465942383,29.68000030517578,63700,0.0,0.0,0.0
2024-03-07 00:00:00-05:00,29.889999389648438,30.170000076293945,29.889999389648438,30.110000610351562,55100,0.0,0.0,0.0
2024-03-08 00:00:00-05:00,30.200000762939453,30.290000915527344,29.7549991607666,29.84000015258789,45800,0.0,0.0,0.0
2024-03-11 00:00:00-04:00,29.780000686645508,29.809999465942383,29.503000259399414,29.809999465942383,28800,0.0,0.0,0.0
2024-03-12 00:00:00-04:00,29.969999313354492,30.139999389648438,29.729999542236328,30.100000381469727,102200,0.0,0.0,0.0
2024-03-13 00:00:00-04:00,30.190000534057617,30.190000534057617,29.986000061035156,30.040000915527344,49800,0.0,0.0,0.0
2024-03-14 00:00:00-04:00,30.1299991607666,30.1299991607666,29.65999984741211,29.81999969482422,39100,0.0,0.0,0.0
2024-03-15 00:00:00-04:00,29.649999618530273,29.729999542236328,29.57699966430664,29.700000762939453,86300,0.0,0.0,0.0
2024-03-18 00:00:00-04:00,29.979999542236328,30.06999969482422,29.860000610351562,29.989999771118164,75500,0.0,0.0,0.0
2024-03-19 00:00:00-04:00,29.969999313354492,30.139999389648438,29.774999618530273,30.139999389648438,44900,0.0,0.0,0.0
2024-03-20 00:00:00-04:00,30.18000030517578,30.5,30.09000015258789,30.489999771118164,49800,0.0,0.0,0.0
2024-03-21 00:00:00-04:00,30.760000228881836,30.89900016784668,30.670000076293945,30.760000228881836,286000,0.0,0.0,0.0
2024-03-22 00:00:00-04:00,30.81999969482422,30.81999969482422,30.520000457763672,30.579999923706055,64600,0.0,0.0,0.0
2024-03-25 00:00:00-04:00,30.479999542236328,30.6299991607666,30.475000381469727,30.55500030517578,74600,0.0,0.0,0.0
2024-03-26 00:00:00-04:00,30.850000381469727,30.850000381469727,30.40999984741211,30.479999542236328,56200,0.0,0.0,0.0
2024-03-27 00:00:00-04:00,30.709999084472656,30.709999084472656,30.3700008392334,30.700000762939453,531600,0.0,0.0,0.0
2024-03-28 00:00:00-04:00,30.68000030517578,30.760000228881836,30.614999771118164,30.709999084472656,151400,0.0,0.0,0.0
2024-04-01 00:00:00-04:00,31.290000915527344,31.290000915527344,30.625,30.709999084472656,403700,0.0,0.0,0.0
2024-04-02 00:00:00-04:00,30.450000762939453,30.450000762939453,30.15999984741211,30.389999389648438,134800,0.0,0.0,0.0
2024-04-03 00:00:00-04:00,30.3799991607666,30.6299991607666,30.3799991607666,30.6200008392334,131200,0.0,0.0,0.0
2024-04-04 00:00:00-04:00,30.940000534057617,30.948999404907227,30.200000762939453,30.229999542236328,401500,0.0,0.0,0.0
2024-04-05 00:00:00-04:00,30.34000015258789,30.65999984741211,30.322999954223633,30.59000015258789,178300,0.0,0.0,0.0
2024-04-08 00:00:00-04:00,30.739999771118164,30.739999771118164,30.540000915527344,30.610000610351562,49800,0.0,0.0,0.0
2024-04-09 00:00:00-04:00,30.81999969482422,30.82900047302246,30.299999237060547,30.610000610351562,129700,0.0,0.0,0.0
2024-04-10 00:00:00-04:00,30.260000228881836,30.3799991607666,30.09000015258789,30.290000915527344,102500,0.0,0.0,0.0
2024-04-11 00:00:00-04:00,30.389999389648438,30.549999237060547,30.110000610351562,30.485000610351562,74100,0.0,0.0,0.0
2024-04-12 00:00:00-04:00,30.290000915527344,30.290000915527344,29.770000457763672,29.940000534057617,160400,0.0,0.0,0.0
2024-04-15 00:00:00-04:00,30.239999771118164,30.239999771118164,29.389999389648438,29.5,554800,0.0,0.0,0.0
2024-04-16 00:00:00-04:00,29.469999313354492,29.579999923706055,29.28499984741211,29.440000534057617,188300,0.0,0.0,0.0
2024-04-17 00:00:00-04:00,29.479999542236328,29.5,29.079999923706055,29.1200008392334,166700,0.0,0.0,0.0
2024-04-18 00:00:00-04:00,29.31999969482422,29.31999969482422,28.920000076293945,28.989999771118164,300600,0.0,0.0,0.0
2024-04-19 00:00:00-04:00,28.899999618530273,29.030000686645508,28.479999542236328,28.639999389648438,651700,0.0,0.0,0.0
2024-04-22 00:00:00-04:00,28.790000915527344,29.030000686645508,28.559999465942383,28.84000015258789,137800,0.0,0.0,0.0
2024-04-23 00:00:00-04:00,28.809999465942383,29.200000762939453,28.809999465942383,29.15999984741211,368500,0.0,0.0,0.0
2024-04-24 00:00:00-04:00,29.229999542236328,29.450000762939453,29.024999618530273,29.229999542236328,315500,0.0,0.0,0.0
2024-04-25 00:00:00-04:00,28.799999237060547,29.229999542236328,28.65999984741211,29.200000762939453,128400,0.0,0.0,0.0
2024-04-26 00:00:00-04:00,29.290000915527344,29.510000228881836,29.290000915527344,29.40999984741211,57200,0.0,0.0,0.0
2024-04-29 00:00:00-04:00,29.600000381469727,29.649999618530273,29.34000015258789,29.530000686645508,475100,0.0,0.0,0.0
2024-04-30 00:00:00-04:00,29.530000686645508,29.530000686645508,28.90999984741211,28.90999984741211,88700,0.0,0.0,0.0
2024-05-01 00:00:00-04:00,28.809999465942383,29.18000030517578,28.594999313354492,28.670000076293945,291500,0.0,0.0,0.0
2024-05-02 00:00:00-04:00,28.84000015258789,29.030000686645508,28.549999237060547,28.940000534057617,91200,0.0,0.0,0.0
2024-05-03 00:00:00-04:00,29.280000686645508,29.360000610351562,29.100000381469727,29.260000228881836,294800,0.0,0.0,0.0
2024-05-06 00:00:00-04:00,29.440000534057617,29.700000762939453,29.40999984741211,29.700000762939453,889500,0.0,0.0,0.0
2024-05-07 00:00:00-04:00,29.709999084472656,29.809999465942383,29.610000610351562,29.68000030517578,177700,0.0,0.0,0.0
2024-05-08 00:00:00-04:00,29.59000015258789,29.729999542236328,29.549999237060547,29.649999618530273,349500,0.0,0.0,0.0
2024-05-09 00:00:00-04:00,29.670000076293945,29.770000457763672,29.56999969482422,29.729999542236328,133600,0.0,0.0,0.0
2024-05-10 00:00:00-04:00,30.010000228881836,30.010000228881836,29.760000228881836,29.799999237060547,282300,0.0,0.0,0.0
2024-05-13 00:00:00-04:00,29.969999313354492,29.969999313354492,29.65999984741211,29.729999542236328,196200,0.0,0.0,0.0
2024-05-14 00:00:00-04:00,29.809999465942383,29.940000534057617,29.71500015258789,29.920000076293945,109300,0.0,0.0,0.0
2024-05-15 00:00:00-04:00,30.170000076293945,30.40999984741211,30.086000442504883,30.40999984741211,185300,0.0,0.0,0.0
2024-05-16 00:00:00-04:00,30.360000610351562,30.389999389648438,30.18000030517578,30.18000030517578,103300,0.0,0.0,0.0
2024-05-17 00:00:00-04:00,30.200000762939453,30.290000915527344,30.1200008392334,30.260000228881836,68900,0.0,0.0,0.0
2024-05-20 00:00:00-04:00,30.290000915527344,30.479999542236328,30.280000686645508,30.440000534057617,72600,0.0,0.0,0.0
2024-05-21 00:00:00-04:00,30.360000610351562,30.459999084472656,30.290000915527344,30.40999984741211,101100,0.0,0.0,0.0
2024-05-22 00:00:00-04:00,30.450000762939453,30.510000228881836,30.211000442504883,30.3700008392334,139400,0.0,0.0,0.0
2024-05-23 00:00:00-04:00,30.559999465942383,30.559999465942383,30.05500030517578,30.1200008392334,144200,0.0,0.0,0.0
2024-05-24 00:00:00-04:00,30.260000228881836,30.399999618530273,30.143999099731445,30.329999923706055,202800,0.0,0.0,0.0
2024-05-28 00:00:00-04:00,30.399999618530273,30.40999984741211,30.1299991607666,30.31999969482422,357100,0.0,0.0,0.0
2024-05-29 00:00:00-04:00,30.030000686645508,30.040000915527344,29.889999389648438,29.959999084472656,171700,0.0,0.0,0.0
2024-05-30 00:00:00-04:00,29.84000015258789,29.950000762939453,29.74799919128418,29.81999969482422,65600,0.0,0.0,0.0
2024-05-31 00:00:00-04:00,29.940000534057617,30.020000457763672,29.43000030517578,30.010000228881836,155100,0.0,0.0,0.0
2024-06-03 00:00:00-04:00,30.139999389648438,30.700000762939453,29.489999771118164,29.790000915527344,104100,0.0,0.0,0.0
2024-06-04 00:00:00-04:00,29.729999542236328,29.729999542236328,29.485000610351562,29.65999984741211,167900,0.0,0.0,0.0
2024-06-05 00:00:00-04:00,29.889999389648438,30.148000717163086,29.739999771118164,30.139999389648438,209100,0.0,0.0,0.0
2024-06-06 00:00:00-04:00,30.170000076293945,30.170000076293945,29.951000213623047,30.030000686645508,236300,0.0,0.0,0.0
2024-06-07 00:00:00-04:00,29.899999618530273,30.100000381469727,29.8700008392334,29.889999389648438,80200,0.0,0.0,0.0
2024-06-10 00:00:00-04:00,29.850000381469727,30.18000030517578,29.76799964904785,30.15999984741211,209000,0.0,0.0,0.0
2024-06-11 00:00:00-04:00,30.100000381469727,30.1200008392334,29.8700008392334,30.100000381469727,275300,0.0,0.0,0.0
2024-06-12 00:00:00-04:00,30.510000228881836,30.559999465942383,30.312999725341797,30.40999984741211,122800,0.0,0.0,0.0
2024-06-13 00:00:00-04:00,30.520000457763672,30.530000686645508,30.28499984741211,30.489999771118164,203600,0.0,0.0,0.0
2024-06-14 00:00:00-04:00,30.34000015258789,30.459999084472656,30.25,30.450000762939453,169100,0.0,0.0,0.0
2024-06-17 00:00:00-04:00,30.389999389648438,30.950000762939453,30.389999389648438,30.889999389648438,105300,0.0,0.0,0.0
2024-06-18 00:00:00-04:00,30.889999389648438,30.989999771118164,30.850000381469727,30.989999771118164,83000,0.0,0.0,0.0
2024-06-20 00:00:00-04:00,31.010000228881836,31.010000228881836,30.584999084472656,30.65999984741211,136600,0.0,0.0,0.0
2024-06-21 00:00:00-04:00,30.649999618530273,30.700000762939453,30.43199920654297,30.639999389648438,170100,0.0,0.0,0.0
