Date,Open,High,Low,Close,Volume,Dividends,Stock Splits
2021-08-06 00:00:00-04:00,10.0,10.0600004196167,9.970000267028809,10.0600004196167,1047900,0.0,0.0
2021-08-09 00:00:00-04:00,10.010000228881836,10.0600004196167,10.010000228881836,10.029999732971191,13000,0.0,0.0
2021-08-10 00:00:00-04:00,10.010000228881836,10.09000015258789,10.010000228881836,10.0600004196167,35800,0.0,0.0
2021-08-11 00:00:00-04:00,10.100000381469727,10.119999885559082,10.057999610900879,10.09000015258789,39800,0.0,0.0
2021-08-12 00:00:00-04:00,10.119999885559082,10.119999885559082,10.069999694824219,10.069999694824219,6800,0.0,0.0
2021-08-13 00:00:00-04:00,10.050000190734863,10.0649995803833,10.029999732971191,10.0649995803833,30000,0.0,0.0
2021-08-16 00:00:00-04:00,10.09000015258789,10.09000015258789,10.09000015258789,10.09000015258789,200,0.0,0.0
2021-08-17 00:00:00-04:00,10.100000381469727,10.100000381469727,10.029999732971191,10.079999923706055,36900,0.0,0.0
2021-08-18 00:00:00-04:00,10.079999923706055,10.079999923706055,10.069999694824219,10.07800006866455,40600,0.0,0.0
2021-08-19 00:00:00-04:00,10.069999694824219,10.100000381469727,10.069999694824219,10.098999977111816,104700,0.0,0.0
2021-08-20 00:00:00-04:00,10.100000381469727,10.100000381469727,10.100000381469727,10.100000381469727,23200,0.0,0.0
2021-08-23 00:00:00-04:00,10.100000381469727,10.119999885559082,10.100000381469727,10.104999542236328,2800,0.0,0.0
2021-08-24 00:00:00-04:00,10.104999542236328,10.104999542236328,10.104999542236328,10.104999542236328,0,0.0,0.0
2021-08-25 00:00:00-04:00,10.100000381469727,10.109999656677246,10.100000381469727,10.104999542236328,13800,0.0,0.0
2021-08-26 00:00:00-04:00,10.100000381469727,10.100000381469727,10.100000381469727,10.100000381469727,1300,0.0,0.0
2021-08-27 00:00:00-04:00,10.090999603271484,10.180000305175781,10.090999603271484,10.180000305175781,44400,0.0,0.0
2021-08-30 00:00:00-04:00,10.152000427246094,10.152000427246094,10.152000427246094,10.152000427246094,1400,0.0,0.0
2021-08-31 00:00:00-04:00,10.119999885559082,10.130000114440918,10.119999885559082,10.130000114440918,5000,0.0,0.0
2021-09-01 00:00:00-04:00,10.119999885559082,10.125,10.119999885559082,10.119999885559082,5100,0.0,0.0
2021-09-02 00:00:00-04:00,10.1899995803833,10.1899995803833,10.170000076293945,10.1899995803833,600,0.0,0.0
2021-09-03 00:00:00-04:00,10.220000267028809,10.220000267028809,10.156999588012695,10.180000305175781,1000,0.0,0.0
2021-09-07 00:00:00-04:00,10.175000190734863,10.180999755859375,10.156999588012695,10.156999588012695,600,0.0,0.0
2021-09-08 00:00:00-04:00,10.16100025177002,10.25,10.15999984741211,10.170000076293945,12200,0.0,0.0
2021-09-09 00:00:00-04:00,10.244999885559082,10.244999885559082,10.244999885559082,10.244999885559082,200,0.0,0.0
2021-09-10 00:00:00-04:00,10.1899995803833,10.1899995803833,10.170000076293945,10.170000076293945,200,0.0,0.0
2021-09-13 00:00:00-04:00,10.170000076293945,10.210000038146973,10.170000076293945,10.210000038146973,700,0.0,0.0
2021-09-14 00:00:00-04:00,10.210000038146973,10.210000038146973,10.210000038146973,10.210000038146973,0,0.0,0.0
2021-09-15 00:00:00-04:00,10.329999923706055,10.329999923706055,10.199999809265137,10.21500015258789,15200,0.0,0.0
2021-09-16 00:00:00-04:00,10.25,10.25,10.239999771118164,10.25,20400,0.0,0.0
2021-09-17 00:00:00-04:00,10.225000381469727,10.225000381469727,10.220000267028809,10.220000267028809,400,0.0,0.0
2021-09-20 00:00:00-04:00,10.220000267028809,10.234999656677246,10.218000411987305,10.220000267028809,37800,0.0,0.0
2021-09-21 00:00:00-04:00,10.229999542236328,10.25,10.229999542236328,10.25,13600,0.0,0.0
2021-09-22 00:00:00-04:00,10.25,10.25,10.25,10.25,2000,0.0,0.0
2021-09-23 00:00:00-04:00,10.25,10.25,10.25,10.25,0,0.0,0.0
2021-09-24 00:00:00-04:00,10.279999732971191,10.3100004196167,10.260000228881836,10.279999732971191,3300,0.0,0.0
2021-09-27 00:00:00-04:00,10.220999717712402,10.220999717712402,10.220999717712402,10.220999717712402,100,0.0,0.0
2021-09-28 00:00:00-04:00,10.220999717712402,10.220999717712402,10.220999717712402,10.220999717712402,0,0.0,0.0
2021-09-29 00:00:00-04:00,10.093000411987305,10.229999542236328,10.093000411987305,10.229999542236328,400,0.0,0.0
2021-09-30 00:00:00-04:00,10.229999542236328,10.229999542236328,10.229999542236328,10.229999542236328,0,0.0,0.0
2021-10-01 00:00:00-04:00,10.220000267028809,10.399999618530273,10.220000267028809,10.300000190734863,19500,0.0,0.0
2021-10-04 00:00:00-04:00,10.210000038146973,10.210000038146973,10.210000038146973,10.210000038146973,400,0.0,0.0
2021-10-05 00:00:00-04:00,10.210000038146973,10.210000038146973,10.210000038146973,10.210000038146973,0,0.0,0.0
2021-10-06 00:00:00-04:00,10.210000038146973,10.210000038146973,10.210000038146973,10.210000038146973,0,0.0,0.0
2021-10-07 00:00:00-04:00,10.210000038146973,10.210000038146973,10.210000038146973,10.210000038146973,0,0.0,0.0
2021-10-08 00:00:00-04:00,10.210000038146973,10.210000038146973,10.210000038146973,10.210000038146973,0,0.0,0.0
2021-10-11 00:00:00-04:00,10.3100004196167,10.3100004196167,10.3100004196167,10.3100004196167,200,0.0,0.0
2021-10-12 00:00:00-04:00,10.234999656677246,10.234999656677246,10.234999656677246,10.234999656677246,100,0.0,0.0
2021-10-13 00:00:00-04:00,10.234999656677246,10.234999656677246,10.234999656677246,10.234999656677246,0,0.0,0.0
2021-10-14 00:00:00-04:00,10.319999694824219,10.32699966430664,10.3100004196167,10.32699966430664,17500,0.0,0.0
2021-10-15 00:00:00-04:00,10.329999923706055,10.329999923706055,10.329999923706055,10.329999923706055,15000,0.0,0.0
2021-10-18 00:00:00-04:00,10.355999946594238,10.355999946594238,10.355999946594238,10.355999946594238,2000,0.0,0.0
2021-10-19 00:00:00-04:00,10.399999618530273,10.399999618530273,10.399999618530273,10.399999618530273,100,0.0,0.0
2021-10-20 00:00:00-04:00,10.399999618530273,10.399999618530273,10.399999618530273,10.399999618530273,0,0.0,0.0
2021-10-21 00:00:00-04:00,10.399999618530273,10.399999618530273,10.399999618530273,10.399999618530273,0,0.0,0.0
2021-10-22 00:00:00-04:00,10.399999618530273,10.399999618530273,10.399999618530273,10.399999618530273,0,0.0,0.0
2021-10-25 00:00:00-04:00,10.449999809265137,10.5,10.449999809265137,10.470000267028809,13800,0.0,0.0
2021-10-26 00:00:00-04:00,10.5,10.5,10.5,10.5,5000,0.0,0.0
2021-10-27 00:00:00-04:00,10.5,10.5,10.5,10.5,0,0.0,0.0
2021-10-28 00:00:00-04:00,10.5,10.5,10.5,10.5,0,0.0,0.0
2021-10-29 00:00:00-04:00,10.529999732971191,11.569999694824219,10.529999732971191,10.550000190734863,300,0.0,0.0
2021-11-01 00:00:00-04:00,10.550000190734863,10.550000190734863,10.550000190734863,10.550000190734863,0,0.0,0.0
2021-11-02 00:00:00-04:00,10.550000190734863,10.550000190734863,10.550000190734863,10.550000190734863,0,0.0,0.0
2021-11-03 00:00:00-04:00,10.550000190734863,10.550000190734863,10.550000190734863,10.550000190734863,0,0.0,0.0
2021-11-04 00:00:00-04:00,10.550000190734863,10.550000190734863,10.550000190734863,10.550000190734863,0,0.0,0.0
2021-11-05 00:00:00-04:00,10.550000190734863,10.550000190734863,10.550000190734863,10.550000190734863,100,0.0,0.0
2021-11-08 00:00:00-05:00,10.5,10.550999641418457,10.5,10.550999641418457,3000,0.0,0.0
2021-11-09 00:00:00-05:00,10.550999641418457,10.550999641418457,10.550999641418457,10.550999641418457,0,0.0,0.0
2021-11-10 00:00:00-05:00,10.579999923706055,10.579999923706055,10.5,10.5,800,0.0,0.0
2021-11-11 00:00:00-05:00,10.470000267028809,10.470000267028809,10.470000267028809,10.470000267028809,100,0.0,0.0
2021-11-12 00:00:00-05:00,10.470000267028809,10.470000267028809,10.470000267028809,10.470000267028809,0,0.0,0.0
2021-11-15 00:00:00-05:00,10.470000267028809,10.470000267028809,10.470000267028809,10.470000267028809,0,0.0,0.0
2021-11-16 00:00:00-05:00,10.260000228881836,10.449999809265137,9.899999618530273,10.449999809265137,1600,0.0,0.0
2021-11-17 00:00:00-05:00,10.494999885559082,10.494999885559082,10.494999885559082,10.494999885559082,200,0.0,0.0
2021-11-18 00:00:00-05:00,10.600000381469727,10.600000381469727,10.59000015258789,10.600000381469727,2200,0.0,0.0
2021-11-19 00:00:00-05:00,10.5,10.529999732971191,10.5,10.529999732971191,1100,0.0,0.0
2021-11-22 00:00:00-05:00,10.529999732971191,10.529999732971191,10.529999732971191,10.529999732971191,0,0.0,0.0
2021-11-23 00:00:00-05:00,10.529999732971191,10.529999732971191,10.529999732971191,10.529999732971191,0,0.0,0.0
2021-11-24 00:00:00-05:00,10.529999732971191,10.529999732971191,10.529999732971191,10.529999732971191,0,0.0,0.0
2021-11-26 00:00:00-05:00,9.850000381469727,10.164999961853027,9.850000381469727,10.164999961853027,700,0.0,0.0
2021-11-29 00:00:00-05:00,10.164999961853027,10.164999961853027,10.164999961853027,10.164999961853027,0,0.0,0.0
2021-11-30 00:00:00-05:00,10.164999961853027,10.164999961853027,10.164999961853027,10.164999961853027,0,0.0,0.0
2021-12-01 00:00:00-05:00,10.050000190734863,10.050000190734863,10.050000190734863,10.050000190734863,300,0.0,0.0
2021-12-02 00:00:00-05:00,10.050000190734863,10.050000190734863,10.050000190734863,10.050000190734863,0,0.0,0.0
2021-12-03 00:00:00-05:00,9.850000381469727,9.850000381469727,9.850000381469727,9.850000381469727,100,0.0,0.0
2021-12-06 00:00:00-05:00,9.850000381469727,9.850000381469727,9.850000381469727,9.850000381469727,0,0.0,0.0
2021-12-07 00:00:00-05:00,10.300000190734863,10.300000190734863,10.300000190734863,10.300000190734863,1100,0.0,0.0
2021-12-08 00:00:00-05:00,10.300000190734863,10.300000190734863,10.300000190734863,10.300000190734863,0,0.0,0.0
2021-12-09 00:00:00-05:00,10.300000190734863,10.300000190734863,10.300000190734863,10.300000190734863,0,0.0,0.0
2021-12-10 00:00:00-05:00,10.300000190734863,10.300000190734863,10.300000190734863,10.300000190734863,0,0.0,0.0
2021-12-13 00:00:00-05:00,10.149999618530273,10.149999618530273,10.149999618530273,10.149999618530273,300,0.0,0.0
2021-12-14 00:00:00-05:00,10.149999618530273,10.149999618530273,10.149999618530273,10.149999618530273,0,0.0,0.0
2021-12-15 00:00:00-05:00,10.279999732971191,10.289999961853027,10.279999732971191,10.289999961853027,400,0.0,0.0
2021-12-16 00:00:00-05:00,10.289999961853027,10.289999961853027,10.289999961853027,10.289999961853027,400,0.0,0.0
2021-12-17 00:00:00-05:00,10.289999961853027,10.289999961853027,10.289999961853027,10.289999961853027,0,0.0,0.0
2021-12-20 00:00:00-05:00,10.199999809265137,10.199999809265137,10.199999809265137,10.199999809265137,700,0.0,0.0
2021-12-21 00:00:00-05:00,10.199999809265137,10.199999809265137,10.199999809265137,10.199999809265137,0,0.0,0.0
2021-12-22 00:00:00-05:00,10.199999809265137,10.199999809265137,10.199999809265137,10.199999809265137,0,0.0,0.0
2021-12-23 00:00:00-05:00,10.199999809265137,10.199999809265137,10.199999809265137,10.199999809265137,0,0.0,0.0
2021-12-27 00:00:00-05:00,10.199999809265137,10.199999809265137,10.199999809265137,10.199999809265137,0,0.0,0.0
2021-12-28 00:00:00-05:00,10.199999809265137,10.199999809265137,10.199999809265137,10.199999809265137,0,0.0,0.0
2021-12-29 00:00:00-05:00,10.199999809265137,10.199999809265137,10.199999809265137,10.199999809265137,0,0.0,0.0
2021-12-30 00:00:00-05:00,10.140000343322754,10.140000343322754,10.140000343322754,10.140000343322754,200,0.0,0.0
2021-12-31 00:00:00-05:00,10.140000343322754,10.140000343322754,10.140000343322754,10.140000343322754,0,0.0,0.0
2022-01-03 00:00:00-05:00,10.140000343322754,10.140000343322754,10.140000343322754,10.140000343322754,0,0.0,0.0
2022-01-04 00:00:00-05:00,10.140000343322754,10.140000343322754,10.140000343322754,10.140000343322754,0,0.0,0.0
2022-01-05 00:00:00-05:00,10.140000343322754,10.140000343322754,10.140000343322754,10.140000343322754,0,0.0,0.0
2022-01-06 00:00:00-05:00,10.40999984741211,10.40999984741211,10.399999618530273,10.399999618530273,2500,0.0,0.0
2022-01-07 00:00:00-05:00,10.399999618530273,10.399999618530273,10.399999618530273,10.399999618530273,10100,0.0,0.0
2022-01-10 00:00:00-05:00,10.399999618530273,10.399999618530273,10.399999618530273,10.399999618530273,0,0.0,0.0
2022-01-11 00:00:00-05:00,10.390000343322754,10.399999618530273,10.390000343322754,10.399999618530273,4000,0.0,0.0
2022-01-12 00:00:00-05:00,10.40999984741211,10.40999984741211,10.279999732971191,10.399999618530273,12000,0.0,0.0
2022-01-13 00:00:00-05:00,10.399999618530273,10.399999618530273,10.399999618530273,10.399999618530273,1000,0.0,0.0
2022-01-14 00:00:00-05:00,10.399999618530273,10.399999618530273,10.399999618530273,10.399999618530273,0,0.0,0.0
2022-01-18 00:00:00-05:00,10.510000228881836,10.550000190734863,10.350000381469727,10.350000381469727,3900,0.0,0.0
2022-01-19 00:00:00-05:00,10.260000228881836,10.390000343322754,10.260000228881836,10.390000343322754,2100,0.0,0.0
2022-01-20 00:00:00-05:00,10.319999694824219,10.35099983215332,10.319999694824219,10.35099983215332,3800,0.0,0.0
2022-01-21 00:00:00-05:00,10.289999961853027,10.300000190734863,10.289999961853027,10.300000190734863,400,0.0,0.0
2022-01-24 00:00:00-05:00,10.274999618530273,10.274999618530273,10.25,10.25,2000,0.0,0.0
2022-01-25 00:00:00-05:00,10.25,10.25,10.25,10.25,0,0.0,0.0
2022-01-26 00:00:00-05:00,10.25,10.25,10.25,10.25,0,0.0,0.0
2022-01-27 00:00:00-05:00,10.539999961853027,10.539999961853027,10.539999961853027,10.539999961853027,200,0.0,0.0
2022-01-28 00:00:00-05:00,10.539999961853027,10.539999961853027,10.539999961853027,10.539999961853027,0,0.0,0.0
2022-01-31 00:00:00-05:00,10.539999961853027,10.539999961853027,10.539999961853027,10.539999961853027,0,0.0,0.0
2022-02-01 00:00:00-05:00,10.539999961853027,10.539999961853027,10.539999961853027,10.539999961853027,0,0.0,0.0
2022-02-02 00:00:00-05:00,10.539999961853027,10.539999961853027,10.539999961853027,10.539999961853027,0,0.0,0.0
2022-02-03 00:00:00-05:00,10.029999732971191,10.029999732971191,10.029999732971191,10.029999732971191,400,0.0,0.0
2022-02-04 00:00:00-05:00,10.029999732971191,10.029999732971191,10.029999732971191,10.029999732971191,0,0.0,0.0
2022-02-07 00:00:00-05:00,10.029999732971191,10.029999732971191,10.029999732971191,10.029999732971191,0,0.0,0.0
2022-02-08 00:00:00-05:00,10.15999984741211,10.15999984741211,10.15999984741211,10.15999984741211,100,0.0,0.0
2022-02-09 00:00:00-05:00,10.15999984741211,10.15999984741211,10.15999984741211,10.15999984741211,0,0.0,0.0
2022-02-10 00:00:00-05:00,10.149999618530273,10.350000381469727,10.149999618530273,10.350000381469727,1900,0.0,0.0
2022-02-11 00:00:00-05:00,10.350000381469727,10.350000381469727,10.350000381469727,10.350000381469727,0,0.0,0.0
2022-02-14 00:00:00-05:00,10.350000381469727,10.350000381469727,10.350000381469727,10.350000381469727,0,0.0,0.0
2022-02-15 00:00:00-05:00,10.350000381469727,10.350000381469727,10.350000381469727,10.350000381469727,0,0.0,0.0
2022-02-16 00:00:00-05:00,9.949999809265137,10.199999809265137,9.949999809265137,10.003999710083008,3300,0.0,0.0
2022-02-17 00:00:00-05:00,10.0,10.229999542236328,10.0,10.229999542236328,2500,0.0,0.0
2022-02-18 00:00:00-05:00,10.140000343322754,10.140000343322754,10.140000343322754,10.140000343322754,400,0.0,0.0
2022-02-22 00:00:00-05:00,10.140000343322754,10.140000343322754,10.140000343322754,10.140000343322754,0,0.0,0.0
2022-02-23 00:00:00-05:00,10.140000343322754,10.140000343322754,10.140000343322754,10.140000343322754,0,0.0,0.0
2022-02-24 00:00:00-05:00,9.90999984741211,9.90999984741211,9.90999984741211,9.90999984741211,100,0.0,0.0
2022-02-25 00:00:00-05:00,9.90999984741211,9.90999984741211,9.90999984741211,9.90999984741211,0,0.0,0.0
2022-02-28 00:00:00-05:00,9.90999984741211,9.90999984741211,9.90999984741211,9.90999984741211,0,0.0,0.0
2022-03-01 00:00:00-05:00,9.90999984741211,9.90999984741211,9.90999984741211,9.90999984741211,0,0.0,0.0
2022-03-02 00:00:00-05:00,9.90999984741211,9.90999984741211,9.90999984741211,9.90999984741211,0,0.0,0.0
2022-03-03 00:00:00-05:00,9.90999984741211,9.90999984741211,9.90999984741211,9.90999984741211,0,0.0,0.0
2022-03-04 00:00:00-05:00,9.90999984741211,9.90999984741211,9.90999984741211,9.90999984741211,0,0.0,0.0
2022-03-07 00:00:00-05:00,9.90999984741211,9.90999984741211,9.90999984741211,9.90999984741211,0,0.0,0.0
2022-03-08 00:00:00-05:00,9.90999984741211,9.90999984741211,9.90999984741211,9.90999984741211,0,0.0,0.0
2022-03-09 00:00:00-05:00,9.90999984741211,9.90999984741211,9.90999984741211,9.90999984741211,0,0.0,0.0
2022-03-10 00:00:00-05:00,9.90999984741211,9.90999984741211,9.90999984741211,9.90999984741211,0,0.0,0.0
2022-03-11 00:00:00-05:00,9.90999984741211,9.90999984741211,9.90999984741211,9.90999984741211,0,0.0,0.0
2022-03-14 00:00:00-04:00,9.90999984741211,9.90999984741211,9.90999984741211,9.90999984741211,0,0.0,0.0
2022-03-15 00:00:00-04:00,9.90999984741211,9.90999984741211,9.90999984741211,9.90999984741211,0,0.0,0.0
2022-03-16 00:00:00-04:00,9.90999984741211,9.90999984741211,9.90999984741211,9.90999984741211,0,0.0,0.0
2022-03-17 00:00:00-04:00,9.90999984741211,9.90999984741211,9.90999984741211,9.90999984741211,0,0.0,0.0
2022-03-18 00:00:00-04:00,9.90999984741211,9.90999984741211,9.90999984741211,9.90999984741211,0,0.0,0.0
2022-03-21 00:00:00-04:00,9.90999984741211,9.90999984741211,9.90999984741211,9.90999984741211,0,0.0,0.0
2022-03-22 00:00:00-04:00,9.90999984741211,9.90999984741211,9.90999984741211,9.90999984741211,0,0.0,0.0
2022-03-23 00:00:00-04:00,9.90999984741211,9.90999984741211,9.90999984741211,9.90999984741211,0,0.0,0.0
2022-03-24 00:00:00-04:00,9.90999984741211,9.90999984741211,9.90999984741211,9.90999984741211,0,0.0,0.0
2022-03-25 00:00:00-04:00,9.90999984741211,9.90999984741211,9.90999984741211,9.90999984741211,0,0.0,0.0
2022-03-28 00:00:00-04:00,9.90999984741211,9.90999984741211,9.90999984741211,9.90999984741211,0,0.0,0.0
2022-03-29 00:00:00-04:00,9.90999984741211,9.90999984741211,9.90999984741211,9.90999984741211,0,0.0,0.0
2022-03-30 00:00:00-04:00,9.90999984741211,9.90999984741211,9.90999984741211,9.90999984741211,0,0.0,0.0
2022-03-31 00:00:00-04:00,9.90999984741211,9.90999984741211,9.90999984741211,9.90999984741211,0,0.0,0.0
2022-04-01 00:00:00-04:00,9.90999984741211,9.90999984741211,9.90999984741211,9.90999984741211,0,0.0,0.0
2022-04-04 00:00:00-04:00,10.180000305175781,10.199999809265137,10.170000076293945,10.1899995803833,800,0.0,0.0
2022-04-05 00:00:00-04:00,10.1899995803833,10.1899995803833,10.1899995803833,10.1899995803833,0,0.0,0.0
2022-04-06 00:00:00-04:00,10.1899995803833,10.1899995803833,10.1899995803833,10.1899995803833,0,0.0,0.0
2022-04-07 00:00:00-04:00,10.1899995803833,10.1899995803833,10.1899995803833,10.1899995803833,0,0.0,0.0
2022-04-08 00:00:00-04:00,10.1899995803833,10.1899995803833,10.1899995803833,10.1899995803833,0,0.0,0.0
2022-04-11 00:00:00-04:00,10.1899995803833,10.1899995803833,10.1899995803833,10.1899995803833,0,0.0,0.0
2022-04-12 00:00:00-04:00,10.1899995803833,10.1899995803833,10.1899995803833,10.1899995803833,0,0.0,0.0
2022-04-13 00:00:00-04:00,10.1899995803833,10.1899995803833,10.1899995803833,10.1899995803833,0,0.0,0.0
2022-04-14 00:00:00-04:00,10.1899995803833,10.1899995803833,10.1899995803833,10.1899995803833,0,0.0,0.0
2022-04-18 00:00:00-04:00,10.1899995803833,10.1899995803833,10.1899995803833,10.1899995803833,0,0.0,0.0
2022-04-19 00:00:00-04:00,10.1899995803833,10.1899995803833,10.1899995803833,10.1899995803833,0,0.0,0.0
2022-04-20 00:00:00-04:00,10.1899995803833,10.1899995803833,10.1899995803833,10.1899995803833,0,0.0,0.0
2022-04-21 00:00:00-04:00,10.1899995803833,10.1899995803833,10.1899995803833,10.1899995803833,0,0.0,0.0
2022-04-22 00:00:00-04:00,10.1899995803833,10.1899995803833,10.1899995803833,10.1899995803833,0,0.0,0.0
2022-04-25 00:00:00-04:00,10.069999694824219,10.069999694824219,10.069999694824219,10.069999694824219,300,0.0,0.0
2022-04-26 00:00:00-04:00,10.069999694824219,10.069999694824219,10.069999694824219,10.069999694824219,0,0.0,0.0
2022-04-27 00:00:00-04:00,10.069999694824219,10.069999694824219,10.069999694824219,10.069999694824219,0,0.0,0.0
2022-04-28 00:00:00-04:00,10.069999694824219,10.069999694824219,10.069999694824219,10.069999694824219,0,0.0,0.0
2022-04-29 00:00:00-04:00,10.069999694824219,10.069999694824219,10.069999694824219,10.069999694824219,0,0.0,0.0
2022-05-02 00:00:00-04:00,10.069999694824219,10.069999694824219,10.069999694824219,10.069999694824219,0,0.0,0.0
2022-05-03 00:00:00-04:00,10.069999694824219,10.069999694824219,10.069999694824219,10.069999694824219,0,0.0,0.0
2022-05-04 00:00:00-04:00,10.069999694824219,10.069999694824219,10.069999694824219,10.069999694824219,0,0.0,0.0
2022-05-05 00:00:00-04:00,10.069999694824219,10.069999694824219,10.069999694824219,10.069999694824219,100,0.0,0.0
2022-05-06 00:00:00-04:00,10.069999694824219,10.069999694824219,10.069999694824219,10.069999694824219,0,0.0,0.0
2022-05-09 00:00:00-04:00,10.069999694824219,10.069999694824219,10.069999694824219,10.069999694824219,0,0.0,0.0
2022-05-10 00:00:00-04:00,10.069999694824219,10.069999694824219,10.069999694824219,10.069999694824219,0,0.0,0.0
2022-05-11 00:00:00-04:00,10.069999694824219,10.069999694824219,10.069999694824219,10.069999694824219,0,0.0,0.0
2022-05-12 00:00:00-04:00,10.069999694824219,10.069999694824219,10.069999694824219,10.069999694824219,0,0.0,0.0
2022-05-13 00:00:00-04:00,10.069999694824219,10.069999694824219,10.069999694824219,10.069999694824219,0,0.0,0.0
2022-05-16 00:00:00-04:00,10.069999694824219,10.069999694824219,10.069999694824219,10.069999694824219,0,0.0,0.0
2022-05-17 00:00:00-04:00,10.069999694824219,10.069999694824219,10.069999694824219,10.069999694824219,0,0.0,0.0
2022-05-18 00:00:00-04:00,10.069999694824219,10.069999694824219,10.069999694824219,10.069999694824219,0,0.0,0.0
2022-05-19 00:00:00-04:00,10.069999694824219,10.069999694824219,10.069999694824219,10.069999694824219,0,0.0,0.0
2022-05-20 00:00:00-04:00,10.069999694824219,10.069999694824219,10.069999694824219,10.069999694824219,0,0.0,0.0
2022-05-23 00:00:00-04:00,10.069999694824219,10.069999694824219,10.069999694824219,10.069999694824219,0,0.0,0.0
2022-05-24 00:00:00-04:00,10.0,10.0,10.0,10.0,400,0.0,0.0
2022-05-25 00:00:00-04:00,10.0,10.0,10.0,10.0,0,0.0,0.0
2022-05-26 00:00:00-04:00,10.0,10.0,10.0,10.0,0,0.0,0.0
2022-05-27 00:00:00-04:00,10.0,10.0,10.0,10.0,0,0.0,0.0
2022-05-31 00:00:00-04:00,10.0,10.0,10.0,10.0,0,0.0,0.0
2022-06-01 00:00:00-04:00,10.0,10.0,10.0,10.0,0,0.0,0.0
2022-06-02 00:00:00-04:00,10.0,10.0,10.0,10.0,0,0.0,0.0
2022-06-03 00:00:00-04:00,10.100000381469727,10.100000381469727,10.100000381469727,10.100000381469727,400,0.0,0.0
2022-06-06 00:00:00-04:00,10.100000381469727,10.100000381469727,10.100000381469727,10.100000381469727,0,0.0,0.0
2022-06-07 00:00:00-04:00,10.210000038146973,10.210000038146973,10.210000038146973,10.210000038146973,500,0.0,0.0
2022-06-08 00:00:00-04:00,10.050000190734863,10.050000190734863,10.050000190734863,10.050000190734863,100,0.0,0.0
2022-06-09 00:00:00-04:00,10.050000190734863,10.050000190734863,10.050000190734863,10.050000190734863,0,0.0,0.0
2022-06-10 00:00:00-04:00,10.050000190734863,10.050000190734863,10.050000190734863,10.050000190734863,0,0.0,0.0
2022-06-13 00:00:00-04:00,10.170000076293945,10.170000076293945,10.170000076293945,10.170000076293945,9600,0.0,0.0
2022-06-14 00:00:00-04:00,10.109999656677246,10.109999656677246,10.109999656677246,10.109999656677246,500,0.0,0.0
2022-06-15 00:00:00-04:00,10.109999656677246,10.109999656677246,10.109999656677246,10.109999656677246,0,0.0,0.0
2022-06-16 00:00:00-04:00,10.1899995803833,10.1899995803833,10.1899995803833,10.1899995803833,700,0.0,0.0
2022-06-17 00:00:00-04:00,10.1899995803833,10.1899995803833,10.1899995803833,10.1899995803833,0,0.0,0.0
2022-06-21 00:00:00-04:00,10.1899995803833,10.1899995803833,10.1899995803833,10.1899995803833,0,0.0,0.0
2022-06-22 00:00:00-04:00,10.1899995803833,10.1899995803833,10.1899995803833,10.1899995803833,0,0.0,0.0
2022-06-23 00:00:00-04:00,10.5,10.5,10.5,10.5,200,0.0,0.0
2022-06-24 00:00:00-04:00,10.5,10.5,10.5,10.5,0,0.0,0.0
2022-06-27 00:00:00-04:00,10.5,10.5,10.5,10.5,0,0.0,0.0
2022-06-28 00:00:00-04:00,10.5,10.5,10.5,10.5,0,0.0,0.0
2022-06-29 00:00:00-04:00,10.5,10.5,10.5,10.5,0,0.0,0.0
2022-06-30 00:00:00-04:00,10.5,10.5,10.5,10.5,0,0.0,0.0
2022-07-01 00:00:00-04:00,10.5,10.5,10.5,10.5,0,0.0,0.0
2022-07-05 00:00:00-04:00,10.5,10.5,10.5,10.5,0,0.0,0.0
2022-07-06 00:00:00-04:00,10.5,10.5,10.5,10.5,0,0.0,0.0
2022-07-07 00:00:00-04:00,10.5,10.5,10.5,10.5,0,0.0,0.0
2022-07-08 00:00:00-04:00,10.5,10.5,10.5,10.5,0,0.0,0.0
2022-07-11 00:00:00-04:00,10.5,10.5,10.5,10.5,0,0.0,0.0
2022-07-12 00:00:00-04:00,10.5,10.5,10.5,10.5,0,0.0,0.0
2022-07-13 00:00:00-04:00,10.5,10.5,10.5,10.5,0,0.0,0.0
2022-07-14 00:00:00-04:00,10.5,10.5,10.5,10.5,0,0.0,0.0
2022-07-15 00:00:00-04:00,10.5,10.5,10.5,10.5,0,0.0,0.0
2022-07-18 00:00:00-04:00,10.5,10.5,10.5,10.5,0,0.0,0.0
2022-07-19 00:00:00-04:00,10.5,10.5,10.5,10.5,0,0.0,0.0
2022-07-20 00:00:00-04:00,10.5,10.5,10.5,10.5,0,0.0,0.0
2022-07-21 00:00:00-04:00,10.5,10.5,10.5,10.5,0,0.0,0.0
2022-07-22 00:00:00-04:00,10.5,10.5,10.5,10.5,0,0.0,0.0
2022-07-25 00:00:00-04:00,10.5,10.5,10.5,10.5,0,0.0,0.0
2022-07-26 00:00:00-04:00,10.5,10.5,10.5,10.5,0,0.0,0.0
2022-07-27 00:00:00-04:00,10.5,10.5,10.5,10.5,0,0.0,0.0
2022-07-28 00:00:00-04:00,10.5,10.5,10.5,10.5,0,0.0,0.0
2022-07-29 00:00:00-04:00,10.5,10.5,10.5,10.5,0,0.0,0.0
2022-08-01 00:00:00-04:00,10.5,10.5,10.5,10.5,0,0.0,0.0
2022-08-02 00:00:00-04:00,10.5,10.5,10.5,10.5,0,0.0,0.0
2022-08-03 00:00:00-04:00,10.5,10.5,10.5,10.5,0,0.0,0.0
2022-08-04 00:00:00-04:00,10.5,10.5,10.5,10.5,0,0.0,0.0
2022-08-05 00:00:00-04:00,10.5,10.5,10.5,10.5,0,0.0,0.0
2022-08-08 00:00:00-04:00,10.5,10.5,10.5,10.5,0,0.0,0.0
2022-08-09 00:00:00-04:00,10.5,10.5,10.5,10.5,0,0.0,0.0
2022-08-10 00:00:00-04:00,10.5,10.5,10.5,10.5,0,0.0,0.0
2022-08-11 00:00:00-04:00,10.5,10.5,10.5,10.5,0,0.0,0.0
2022-08-12 00:00:00-04:00,10.25,10.25,10.25,10.25,200,0.0,0.0
2022-08-15 00:00:00-04:00,10.25,10.25,10.25,10.25,0,0.0,0.0
2022-08-16 00:00:00-04:00,10.25,10.25,10.25,10.25,0,0.0,0.0
2022-08-17 00:00:00-04:00,10.25,10.25,10.25,10.25,0,0.0,0.0
2022-08-18 00:00:00-04:00,10.25,10.25,10.25,10.25,0,0.0,0.0
2022-08-19 00:00:00-04:00,10.34000015258789,10.34000015258789,10.34000015258789,10.34000015258789,1000,0.0,0.0
2022-08-22 00:00:00-04:00,10.34000015258789,10.34000015258789,10.34000015258789,10.34000015258789,0,0.0,0.0
2022-08-23 00:00:00-04:00,10.34000015258789,10.34000015258789,10.34000015258789,10.34000015258789,0,0.0,0.0
2022-08-24 00:00:00-04:00,10.34000015258789,10.34000015258789,10.34000015258789,10.34000015258789,0,0.0,0.0
2022-08-25 00:00:00-04:00,10.34000015258789,10.34000015258789,10.34000015258789,10.34000015258789,0,0.0,0.0
2022-08-26 00:00:00-04:00,10.34000015258789,10.34000015258789,10.34000015258789,10.34000015258789,0,0.0,0.0
2022-08-29 00:00:00-04:00,10.34000015258789,10.34000015258789,10.34000015258789,10.34000015258789,0,0.0,0.0
2022-08-30 00:00:00-04:00,10.34000015258789,10.34000015258789,10.34000015258789,10.34000015258789,0,0.0,0.0
2022-08-31 00:00:00-04:00,10.34000015258789,10.34000015258789,10.34000015258789,10.34000015258789,0,0.0,0.0
2022-09-01 00:00:00-04:00,10.34000015258789,10.34000015258789,10.34000015258789,10.34000015258789,0,0.0,0.0
2022-09-02 00:00:00-04:00,10.34000015258789,10.34000015258789,10.34000015258789,10.34000015258789,0,0.0,0.0
2022-09-06 00:00:00-04:00,10.180000305175781,10.180000305175781,10.180000305175781,10.180000305175781,100,0.0,0.0
2022-09-07 00:00:00-04:00,10.180000305175781,10.180000305175781,10.180000305175781,10.180000305175781,0,0.0,0.0
2022-09-08 00:00:00-04:00,10.180000305175781,10.180000305175781,10.180000305175781,10.180000305175781,0,0.0,0.0
2022-09-09 00:00:00-04:00,10.180000305175781,10.180000305175781,10.180000305175781,10.180000305175781,0,0.0,0.0
2022-09-12 00:00:00-04:00,10.180000305175781,10.180000305175781,10.180000305175781,10.180000305175781,0,0.0,0.0
2022-09-13 00:00:00-04:00,10.180000305175781,10.180000305175781,10.180000305175781,10.180000305175781,0,0.0,0.0
2022-09-14 00:00:00-04:00,10.180000305175781,10.180000305175781,10.180000305175781,10.180000305175781,0,0.0,0.0
2022-09-15 00:00:00-04:00,10.180000305175781,10.180000305175781,10.180000305175781,10.180000305175781,0,0.0,0.0
2022-09-16 00:00:00-04:00,10.180000305175781,10.180000305175781,10.180000305175781,10.180000305175781,0,0.0,0.0
2022-09-19 00:00:00-04:00,10.180000305175781,10.180000305175781,10.180000305175781,10.180000305175781,100,0.0,0.0
2022-09-20 00:00:00-04:00,10.180000305175781,10.180000305175781,10.180000305175781,10.180000305175781,0,0.0,0.0
2022-09-21 00:00:00-04:00,10.180000305175781,10.180000305175781,10.180000305175781,10.180000305175781,0,0.0,0.0
2022-09-22 00:00:00-04:00,10.180000305175781,10.180000305175781,10.180000305175781,10.180000305175781,0,0.0,0.0
2022-09-23 00:00:00-04:00,10.1899995803833,10.1899995803833,10.1899995803833,10.1899995803833,500,0.0,0.0
2022-09-26 00:00:00-04:00,10.1899995803833,10.1899995803833,10.1899995803833,10.1899995803833,0,0.0,0.0
2022-09-27 00:00:00-04:00,10.1899995803833,10.1899995803833,10.1899995803833,10.1899995803833,0,0.0,0.0
2022-09-28 00:00:00-04:00,10.1899995803833,10.1899995803833,10.1899995803833,10.1899995803833,0,0.0,0.0
2022-09-29 00:00:00-04:00,10.1899995803833,10.1899995803833,10.1899995803833,10.1899995803833,0,0.0,0.0
2022-09-30 00:00:00-04:00,10.1899995803833,10.1899995803833,10.1899995803833,10.1899995803833,0,0.0,0.0
2022-10-03 00:00:00-04:00,10.229999542236328,10.229999542236328,10.229999542236328,10.229999542236328,200,0.0,0.0
2022-10-04 00:00:00-04:00,10.239999771118164,10.239999771118164,10.239999771118164,10.239999771118164,100,0.0,0.0
2022-10-05 00:00:00-04:00,10.300000190734863,10.300000190734863,10.229999542236328,10.229999542236328,2300,0.0,0.0
2022-10-06 00:00:00-04:00,10.25,10.25,10.25,10.25,100,0.0,0.0
2022-10-07 00:00:00-04:00,10.25,10.25,10.25,10.25,100,0.0,0.0
2022-10-10 00:00:00-04:00,10.25,10.25,10.25,10.25,0,0.0,0.0
2022-10-11 00:00:00-04:00,10.279999732971191,10.279999732971191,10.279999732971191,10.279999732971191,100,0.0,0.0
2022-10-12 00:00:00-04:00,10.279999732971191,10.279999732971191,10.279999732971191,10.279999732971191,0,0.0,0.0
2022-10-13 00:00:00-04:00,10.279999732971191,10.279999732971191,10.279999732971191,10.279999732971191,0,0.0,0.0
2022-10-14 00:00:00-04:00,10.279999732971191,10.279999732971191,10.279999732971191,10.279999732971191,0,0.0,0.0
2022-10-17 00:00:00-04:00,10.279999732971191,10.279999732971191,10.279999732971191,10.279999732971191,0,0.0,0.0
2022-10-18 00:00:00-04:00,10.279999732971191,10.279999732971191,10.279999732971191,10.279999732971191,0,0.0,0.0
2022-10-19 00:00:00-04:00,10.279999732971191,10.279999732971191,10.279999732971191,10.279999732971191,0,0.0,0.0
2022-10-20 00:00:00-04:00,10.279999732971191,10.279999732971191,10.279999732971191,10.279999732971191,0,0.0,0.0
2022-10-21 00:00:00-04:00,10.300000190734863,10.300000190734863,10.300000190734863,10.300000190734863,200,0.0,0.0
2022-10-24 00:00:00-04:00,10.300000190734863,10.300000190734863,10.300000190734863,10.300000190734863,0,0.0,0.0
2022-10-25 00:00:00-04:00,10.300000190734863,10.300000190734863,10.300000190734863,10.300000190734863,0,0.0,0.0
2022-10-26 00:00:00-04:00,10.300000190734863,10.300000190734863,10.300000190734863,10.300000190734863,0,0.0,0.0
2022-10-27 00:00:00-04:00,10.300000190734863,10.300000190734863,10.300000190734863,10.300000190734863,0,0.0,0.0
2022-10-28 00:00:00-04:00,10.300000190734863,10.300000190734863,10.300000190734863,10.300000190734863,0,0.0,0.0
2022-10-31 00:00:00-04:00,10.300000190734863,10.300000190734863,10.300000190734863,10.300000190734863,0,0.0,0.0
2022-11-01 00:00:00-04:00,10.300000190734863,10.300000190734863,10.300000190734863,10.300000190734863,0,0.0,0.0
2022-11-02 00:00:00-04:00,10.300000190734863,10.300000190734863,10.300000190734863,10.300000190734863,0,0.0,0.0
2022-11-03 00:00:00-04:00,10.300000190734863,10.300000190734863,10.300000190734863,10.300000190734863,0,0.0,0.0
2022-11-04 00:00:00-04:00,10.300000190734863,10.300000190734863,10.300000190734863,10.300000190734863,0,0.0,0.0
2022-11-07 00:00:00-05:00,10.300000190734863,10.300000190734863,10.300000190734863,10.300000190734863,0,0.0,0.0
2022-11-08 00:00:00-05:00,10.300000190734863,10.300000190734863,10.300000190734863,10.300000190734863,0,0.0,0.0
2022-11-09 00:00:00-05:00,10.300000190734863,10.300000190734863,10.300000190734863,10.300000190734863,0,0.0,0.0
2022-11-10 00:00:00-05:00,10.300000190734863,10.300000190734863,10.300000190734863,10.300000190734863,0,0.0,0.0
2022-11-11 00:00:00-05:00,10.300000190734863,10.300000190734863,10.300000190734863,10.300000190734863,0,0.0,0.0
2022-11-14 00:00:00-05:00,10.300000190734863,10.300000190734863,10.300000190734863,10.300000190734863,0,0.0,0.0
2022-11-15 00:00:00-05:00,10.300000190734863,10.300000190734863,10.300000190734863,10.300000190734863,0,0.0,0.0
2022-11-16 00:00:00-05:00,10.300000190734863,10.300000190734863,10.300000190734863,10.300000190734863,0,0.0,0.0
2022-11-17 00:00:00-05:00,10.300000190734863,10.300000190734863,10.300000190734863,10.300000190734863,0,0.0,0.0
2022-11-18 00:00:00-05:00,10.300000190734863,10.300000190734863,10.300000190734863,10.300000190734863,0,0.0,0.0
2022-11-21 00:00:00-05:00,10.399999618530273,10.4399995803833,10.399999618530273,10.4399995803833,1100,0.0,0.0
2022-11-22 00:00:00-05:00,10.329999923706055,10.40999984741211,10.329999923706055,10.40999984741211,200,0.0,0.0
2022-11-23 00:00:00-05:00,10.449999809265137,10.449999809265137,10.449999809265137,10.449999809265137,500,0.0,0.0
2022-11-25 00:00:00-05:00,10.449999809265137,10.449999809265137,10.449999809265137,10.449999809265137,0,0.0,0.0
2022-11-28 00:00:00-05:00,10.449999809265137,10.449999809265137,10.449999809265137,10.449999809265137,0,0.0,0.0
2022-11-29 00:00:00-05:00,10.399999618530273,10.399999618530273,10.350000381469727,10.350000381469727,14000,0.0,0.0
2022-11-30 00:00:00-05:00,10.350000381469727,10.350000381469727,10.350000381469727,10.350000381469727,0,0.0,0.0
2022-12-01 00:00:00-05:00,10.350000381469727,10.350000381469727,10.350000381469727,10.350000381469727,0,0.0,0.0
2022-12-02 00:00:00-05:00,10.350000381469727,10.350000381469727,10.350000381469727,10.350000381469727,0,0.0,0.0
2022-12-05 00:00:00-05:00,10.350000381469727,10.350000381469727,10.350000381469727,10.350000381469727,0,0.0,0.0
2022-12-06 00:00:00-05:00,10.350000381469727,10.350000381469727,10.350000381469727,10.350000381469727,0,0.0,0.0
2022-12-07 00:00:00-05:00,10.350000381469727,10.350000381469727,10.350000381469727,10.350000381469727,0,0.0,0.0
2022-12-08 00:00:00-05:00,10.350000381469727,10.350000381469727,10.350000381469727,10.350000381469727,0,0.0,0.0
2022-12-09 00:00:00-05:00,10.350000381469727,10.350000381469727,10.350000381469727,10.350000381469727,0,0.0,0.0
2022-12-12 00:00:00-05:00,10.369999885559082,10.369999885559082,10.369999885559082,10.369999885559082,1500,0.0,0.0
2022-12-13 00:00:00-05:00,10.369999885559082,10.369999885559082,10.369999885559082,10.369999885559082,0,0.0,0.0
2022-12-14 00:00:00-05:00,10.369999885559082,10.369999885559082,10.369999885559082,10.369999885559082,0,0.0,0.0
2022-12-15 00:00:00-05:00,10.369999885559082,10.369999885559082,10.369999885559082,10.369999885559082,0,0.0,0.0
2022-12-16 00:00:00-05:00,10.369999885559082,10.369999885559082,10.369999885559082,10.369999885559082,0,0.0,0.0
2022-12-19 00:00:00-05:00,10.369999885559082,10.369999885559082,10.369999885559082,10.369999885559082,0,0.0,0.0
2022-12-20 00:00:00-05:00,10.369999885559082,10.369999885559082,10.369999885559082,10.369999885559082,0,0.0,0.0
2022-12-21 00:00:00-05:00,10.369999885559082,10.369999885559082,10.369999885559082,10.369999885559082,0,0.0,0.0
2022-12-22 00:00:00-05:00,10.369999885559082,10.369999885559082,10.369999885559082,10.369999885559082,0,0.0,0.0
2022-12-23 00:00:00-05:00,10.369999885559082,10.369999885559082,10.369999885559082,10.369999885559082,0,0.0,0.0
2022-12-27 00:00:00-05:00,10.369999885559082,10.369999885559082,10.369999885559082,10.369999885559082,0,0.0,0.0
2022-12-28 00:00:00-05:00,10.479999542236328,10.479999542236328,10.479999542236328,10.479999542236328,300,0.0,0.0
2022-12-29 00:00:00-05:00,10.479999542236328,10.479999542236328,10.479999542236328,10.479999542236328,0,0.0,0.0
2022-12-30 00:00:00-05:00,10.479999542236328,10.479999542236328,10.479999542236328,10.479999542236328,0,0.0,0.0
2023-01-03 00:00:00-05:00,10.479999542236328,10.479999542236328,10.479999542236328,10.479999542236328,0,0.0,0.0
2023-01-04 00:00:00-05:00,10.479999542236328,10.479999542236328,10.479999542236328,10.479999542236328,0,0.0,0.0
2023-01-05 00:00:00-05:00,10.479999542236328,10.479999542236328,10.479999542236328,10.479999542236328,0,0.0,0.0
2023-01-06 00:00:00-05:00,10.550000190734863,11.1899995803833,10.5,11.1899995803833,2500,0.0,0.0
2023-01-09 00:00:00-05:00,11.1899995803833,11.1899995803833,11.1899995803833,11.1899995803833,0,0.0,0.0
2023-01-10 00:00:00-05:00,11.1899995803833,11.1899995803833,11.1899995803833,11.1899995803833,0,0.0,0.0
2023-01-11 00:00:00-05:00,10.550000190734863,11.300000190734863,10.550000190734863,10.800000190734863,2000,0.0,0.0
2023-01-12 00:00:00-05:00,10.800000190734863,10.800000190734863,10.800000190734863,10.800000190734863,0,0.0,0.0
2023-01-13 00:00:00-05:00,11.579999923706055,11.729999542236328,10.4399995803833,10.4399995803833,2200,0.0,0.0
2023-01-17 00:00:00-05:00,10.4399995803833,10.4399995803833,10.4399995803833,10.4399995803833,0,0.0,0.0
2023-01-18 00:00:00-05:00,10.4399995803833,10.4399995803833,10.4399995803833,10.4399995803833,0,0.0,0.0
2023-01-19 00:00:00-05:00,10.4399995803833,10.4399995803833,10.4399995803833,10.4399995803833,0,0.0,0.0
2023-01-20 00:00:00-05:00,10.4399995803833,10.4399995803833,10.4399995803833,10.4399995803833,0,0.0,0.0
2023-01-23 00:00:00-05:00,10.4399995803833,10.4399995803833,10.4399995803833,10.4399995803833,0,0.0,0.0
2023-01-24 00:00:00-05:00,10.84000015258789,10.84000015258789,10.449999809265137,10.600000381469727,1400,0.0,0.0
2023-01-25 00:00:00-05:00,10.600000381469727,10.600000381469727,10.600000381469727,10.600000381469727,0,0.0,0.0
2023-01-26 00:00:00-05:00,10.600000381469727,10.600000381469727,10.600000381469727,10.600000381469727,0,0.0,0.0
2023-01-27 00:00:00-05:00,10.600000381469727,10.600000381469727,10.600000381469727,10.600000381469727,0,0.0,0.0
2023-01-30 00:00:00-05:00,10.600000381469727,10.600000381469727,10.600000381469727,10.600000381469727,0,0.0,0.0
2023-01-31 00:00:00-05:00,10.600000381469727,10.600000381469727,10.600000381469727,10.600000381469727,0,0.0,0.0
2023-02-01 00:00:00-05:00,10.600000381469727,10.600000381469727,10.600000381469727,10.600000381469727,0,0.0,0.0
2023-02-02 00:00:00-05:00,10.600000381469727,10.600000381469727,10.600000381469727,10.600000381469727,0,0.0,0.0
2023-02-03 00:00:00-05:00,10.600000381469727,10.600000381469727,10.600000381469727,10.600000381469727,0,0.0,0.0
2023-02-06 00:00:00-05:00,10.600000381469727,10.600000381469727,10.600000381469727,10.600000381469727,0,0.0,0.0
2023-02-07 00:00:00-05:00,11.050000190734863,11.050000190734863,11.050000190734863,11.050000190734863,100,0.0,0.0
2023-02-08 00:00:00-05:00,11.050000190734863,11.050000190734863,11.050000190734863,11.050000190734863,0,0.0,0.0
2023-02-09 00:00:00-05:00,11.050000190734863,11.050000190734863,11.050000190734863,11.050000190734863,0,0.0,0.0
2023-02-10 00:00:00-05:00,11.050000190734863,11.050000190734863,11.050000190734863,11.050000190734863,0,0.0,0.0
2023-02-13 00:00:00-05:00,11.050000190734863,11.050000190734863,11.050000190734863,11.050000190734863,0,0.0,0.0
2023-02-14 00:00:00-05:00,11.050000190734863,11.050000190734863,11.050000190734863,11.050000190734863,0,0.0,0.0
2023-02-15 00:00:00-05:00,11.050000190734863,11.050000190734863,11.050000190734863,11.050000190734863,0,0.0,0.0
2023-02-16 00:00:00-05:00,10.199999809265137,10.199999809265137,10.199999809265137,10.199999809265137,100,0.0,0.0
2023-02-17 00:00:00-05:00,10.199999809265137,10.199999809265137,10.199999809265137,10.199999809265137,0,0.0,0.0
2023-02-21 00:00:00-05:00,10.199999809265137,10.199999809265137,10.199999809265137,10.199999809265137,0,0.0,0.0
2023-02-22 00:00:00-05:00,10.199999809265137,10.199999809265137,10.199999809265137,10.199999809265137,0,0.0,0.0
2023-02-23 00:00:00-05:00,10.199999809265137,10.199999809265137,10.199999809265137,10.199999809265137,0,0.0,0.0
2023-02-24 00:00:00-05:00,10.630000114440918,10.630000114440918,10.630000114440918,10.630000114440918,100,0.0,0.0
2023-02-27 00:00:00-05:00,10.630000114440918,10.640000343322754,10.630000114440918,10.640000343322754,400,0.0,0.0
2023-02-28 00:00:00-05:00,10.640000343322754,10.640000343322754,10.640000343322754,10.640000343322754,0,0.0,0.0
2023-03-01 00:00:00-05:00,10.640000343322754,10.640000343322754,10.640000343322754,10.640000343322754,0,0.0,0.0
2023-03-02 00:00:00-05:00,11.0,11.0,10.670000076293945,10.670000076293945,300,0.0,0.0
2023-03-03 00:00:00-05:00,10.670000076293945,10.670000076293945,10.670000076293945,10.670000076293945,0,0.0,0.0
2023-03-06 00:00:00-05:00,10.670000076293945,10.670000076293945,10.670000076293945,10.670000076293945,0,0.0,0.0
2023-03-07 00:00:00-05:00,10.670000076293945,10.670000076293945,10.670000076293945,10.670000076293945,0,0.0,0.0
2023-03-08 00:00:00-05:00,10.670000076293945,10.670000076293945,10.670000076293945,10.670000076293945,0,0.0,0.0
2023-03-09 00:00:00-05:00,10.670000076293945,10.670000076293945,10.670000076293945,10.670000076293945,0,0.0,0.0
2023-03-10 00:00:00-05:00,10.670000076293945,10.670000076293945,10.670000076293945,10.670000076293945,0,0.0,0.0
2023-03-13 00:00:00-04:00,10.670000076293945,10.670000076293945,10.670000076293945,10.670000076293945,0,0.0,0.0
2023-03-14 00:00:00-04:00,10.670000076293945,10.670000076293945,10.670000076293945,10.670000076293945,0,0.0,0.0
2023-03-15 00:00:00-04:00,10.670000076293945,10.670000076293945,10.670000076293945,10.670000076293945,0,0.0,0.0
2023-03-16 00:00:00-04:00,10.670000076293945,10.670000076293945,10.670000076293945,10.670000076293945,0,0.0,0.0
2023-03-17 00:00:00-04:00,10.670000076293945,10.670000076293945,10.670000076293945,10.670000076293945,0,0.0,0.0
2023-03-20 00:00:00-04:00,10.670000076293945,10.670000076293945,10.670000076293945,10.670000076293945,0,0.0,0.0
2023-03-21 00:00:00-04:00,10.670000076293945,10.670000076293945,10.670000076293945,10.670000076293945,0,0.0,0.0
2023-03-22 00:00:00-04:00,10.670000076293945,10.670000076293945,10.670000076293945,10.670000076293945,0,0.0,0.0
2023-03-23 00:00:00-04:00,10.670000076293945,10.670000076293945,10.670000076293945,10.670000076293945,0,0.0,0.0
2023-03-24 00:00:00-04:00,10.670000076293945,10.670000076293945,10.670000076293945,10.670000076293945,0,0.0,0.0
2023-03-27 00:00:00-04:00,10.390000343322754,10.390000343322754,10.390000343322754,10.390000343322754,200,0.0,0.0
2023-03-28 00:00:00-04:00,10.390000343322754,10.390000343322754,10.390000343322754,10.390000343322754,0,0.0,0.0
2023-03-29 00:00:00-04:00,10.390000343322754,10.390000343322754,10.390000343322754,10.390000343322754,0,0.0,0.0
2023-03-30 00:00:00-04:00,10.390000343322754,10.390000343322754,10.390000343322754,10.390000343322754,0,0.0,0.0
2023-03-31 00:00:00-04:00,10.390000343322754,10.390000343322754,10.390000343322754,10.390000343322754,0,0.0,0.0
2023-04-03 00:00:00-04:00,10.390000343322754,10.390000343322754,10.390000343322754,10.390000343322754,0,0.0,0.0
2023-04-04 00:00:00-04:00,10.390000343322754,10.390000343322754,10.390000343322754,10.390000343322754,0,0.0,0.0
2023-04-05 00:00:00-04:00,10.390000343322754,10.390000343322754,10.390000343322754,10.390000343322754,0,0.0,0.0
2023-04-06 00:00:00-04:00,10.390000343322754,10.390000343322754,10.390000343322754,10.390000343322754,0,0.0,0.0
2023-04-10 00:00:00-04:00,10.390000343322754,10.390000343322754,10.390000343322754,10.390000343322754,0,0.0,0.0
2023-04-11 00:00:00-04:00,10.390000343322754,10.390000343322754,10.390000343322754,10.390000343322754,0,0.0,0.0
2023-04-12 00:00:00-04:00,10.390000343322754,10.390000343322754,10.390000343322754,10.390000343322754,0,0.0,0.0
2023-04-13 00:00:00-04:00,10.390000343322754,10.390000343322754,10.390000343322754,10.390000343322754,0,0.0,0.0
2023-04-14 00:00:00-04:00,10.390000343322754,10.390000343322754,10.390000343322754,10.390000343322754,0,0.0,0.0
2023-04-17 00:00:00-04:00,10.390000343322754,10.390000343322754,10.390000343322754,10.390000343322754,0,0.0,0.0
2023-04-18 00:00:00-04:00,10.390000343322754,10.390000343322754,10.390000343322754,10.390000343322754,0,0.0,0.0
2023-04-19 00:00:00-04:00,10.390000343322754,10.390000343322754,10.390000343322754,10.390000343322754,0,0.0,0.0
2023-04-20 00:00:00-04:00,10.390000343322754,10.390000343322754,10.390000343322754,10.390000343322754,0,0.0,0.0
2023-04-21 00:00:00-04:00,10.390000343322754,10.390000343322754,10.390000343322754,10.390000343322754,0,0.0,0.0
2023-04-24 00:00:00-04:00,10.390000343322754,10.390000343322754,10.390000343322754,10.390000343322754,0,0.0,0.0
2023-04-25 00:00:00-04:00,10.390000343322754,10.390000343322754,10.390000343322754,10.390000343322754,0,0.0,0.0
2023-04-26 00:00:00-04:00,10.390000343322754,10.390000343322754,10.390000343322754,10.390000343322754,0,0.0,0.0
2023-04-27 00:00:00-04:00,10.390000343322754,10.390000343322754,10.390000343322754,10.390000343322754,0,0.0,0.0
2023-04-28 00:00:00-04:00,10.390000343322754,10.390000343322754,10.390000343322754,10.390000343322754,0,0.0,0.0
2023-05-01 00:00:00-04:00,10.390000343322754,10.390000343322754,10.390000343322754,10.390000343322754,0,0.0,0.0
2023-05-02 00:00:00-04:00,10.390000343322754,10.390000343322754,10.390000343322754,10.390000343322754,0,0.0,0.0
2023-05-03 00:00:00-04:00,10.390000343322754,10.390000343322754,10.390000343322754,10.390000343322754,0,0.0,0.0
2023-05-04 00:00:00-04:00,10.390000343322754,10.390000343322754,10.390000343322754,10.390000343322754,0,0.0,0.0
2023-05-05 00:00:00-04:00,10.390000343322754,10.390000343322754,10.390000343322754,10.390000343322754,0,0.0,0.0
2023-05-08 00:00:00-04:00,10.390000343322754,10.390000343322754,10.390000343322754,10.390000343322754,0,0.0,0.0
2023-05-09 00:00:00-04:00,10.390000343322754,10.390000343322754,10.390000343322754,10.390000343322754,0,0.0,0.0
2023-05-10 00:00:00-04:00,10.390000343322754,10.390000343322754,10.390000343322754,10.390000343322754,0,0.0,0.0
2023-05-11 00:00:00-04:00,10.390000343322754,10.390000343322754,10.390000343322754,10.390000343322754,0,0.0,0.0
2023-05-12 00:00:00-04:00,10.390000343322754,10.390000343322754,10.390000343322754,10.390000343322754,0,0.0,0.0
2023-05-15 00:00:00-04:00,10.390000343322754,10.390000343322754,10.390000343322754,10.390000343322754,0,0.0,0.0
2023-05-16 00:00:00-04:00,10.390000343322754,10.390000343322754,10.390000343322754,10.390000343322754,0,0.0,0.0
2023-05-17 00:00:00-04:00,10.390000343322754,10.390000343322754,10.390000343322754,10.390000343322754,0,0.0,0.0
2023-05-18 00:00:00-04:00,10.390000343322754,10.390000343322754,10.390000343322754,10.390000343322754,0,0.0,0.0
2023-05-19 00:00:00-04:00,10.390000343322754,10.390000343322754,10.390000343322754,10.390000343322754,0,0.0,0.0
2023-05-22 00:00:00-04:00,10.390000343322754,10.390000343322754,10.390000343322754,10.390000343322754,0,0.0,0.0
2023-05-23 00:00:00-04:00,10.390000343322754,10.390000343322754,10.390000343322754,10.390000343322754,0,0.0,0.0
2023-05-24 00:00:00-04:00,10.390000343322754,10.390000343322754,10.390000343322754,10.390000343322754,0,0.0,0.0
2023-05-25 00:00:00-04:00,10.390000343322754,10.390000343322754,10.390000343322754,10.390000343322754,0,0.0,0.0
2023-05-26 00:00:00-04:00,10.390000343322754,10.390000343322754,10.390000343322754,10.390000343322754,0,0.0,0.0
2023-05-30 00:00:00-04:00,10.390000343322754,10.390000343322754,10.390000343322754,10.390000343322754,0,0.0,0.0
2023-05-31 00:00:00-04:00,10.390000343322754,10.390000343322754,10.390000343322754,10.390000343322754,0,0.0,0.0
2023-06-01 00:00:00-04:00,10.390000343322754,10.390000343322754,10.390000343322754,10.390000343322754,0,0.0,0.0
2023-06-02 00:00:00-04:00,10.390000343322754,10.390000343322754,10.390000343322754,10.390000343322754,0,0.0,0.0
2023-06-05 00:00:00-04:00,10.390000343322754,10.390000343322754,10.390000343322754,10.390000343322754,0,0.0,0.0
2023-06-06 00:00:00-04:00,10.390000343322754,10.390000343322754,10.390000343322754,10.390000343322754,0,0.0,0.0
2023-06-07 00:00:00-04:00,10.890000343322754,10.890000343322754,10.862000465393066,10.862000465393066,1000,0.0,0.0
2023-06-08 00:00:00-04:00,10.862000465393066,10.862000465393066,10.862000465393066,10.862000465393066,0,0.0,0.0
2023-06-09 00:00:00-04:00,10.862000465393066,10.862000465393066,10.862000465393066,10.862000465393066,0,0.0,0.0
2023-06-12 00:00:00-04:00,10.862000465393066,10.862000465393066,10.862000465393066,10.862000465393066,0,0.0,0.0
2023-06-13 00:00:00-04:00,10.862000465393066,10.862000465393066,10.862000465393066,10.862000465393066,0,0.0,0.0
2023-06-14 00:00:00-04:00,10.862000465393066,10.862000465393066,10.862000465393066,10.862000465393066,0,0.0,0.0
2023-06-15 00:00:00-04:00,10.862000465393066,10.862000465393066,10.862000465393066,10.862000465393066,0,0.0,0.0
2023-06-16 00:00:00-04:00,10.862000465393066,10.862000465393066,10.862000465393066,10.862000465393066,0,0.0,0.0
2023-06-20 00:00:00-04:00,10.862000465393066,10.862000465393066,10.862000465393066,10.862000465393066,0,0.0,0.0
2023-06-21 00:00:00-04:00,10.862000465393066,10.862000465393066,10.862000465393066,10.862000465393066,0,0.0,0.0
2023-06-22 00:00:00-04:00,10.862000465393066,10.862000465393066,10.862000465393066,10.862000465393066,0,0.0,0.0
2023-06-23 00:00:00-04:00,10.862000465393066,10.862000465393066,10.862000465393066,10.862000465393066,0,0.0,0.0
2023-06-26 00:00:00-04:00,11.010000228881836,11.0600004196167,11.010000228881836,11.0600004196167,600,0.0,0.0
2023-06-27 00:00:00-04:00,11.0600004196167,11.0600004196167,11.0600004196167,11.0600004196167,0,0.0,0.0
2023-06-28 00:00:00-04:00,11.0600004196167,11.0600004196167,11.0600004196167,11.0600004196167,0,0.0,0.0
2023-06-29 00:00:00-04:00,11.0,11.0,11.0,11.0,400,0.0,0.0
2023-06-30 00:00:00-04:00,11.0,11.0,11.0,11.0,0,0.0,0.0
2023-07-03 00:00:00-04:00,11.0,11.0,11.0,11.0,0,0.0,0.0
2023-07-05 00:00:00-04:00,11.0,11.0,11.0,11.0,0,0.0,0.0
2023-07-06 00:00:00-04:00,11.0,11.0,11.0,11.0,0,0.0,0.0
2023-07-07 00:00:00-04:00,11.0,11.0,11.0,11.0,0,0.0,0.0
2023-07-10 00:00:00-04:00,11.0,11.0,11.0,11.0,0,0.0,0.0
2023-07-11 00:00:00-04:00,11.0,11.0,11.0,11.0,0,0.0,0.0
2023-07-12 00:00:00-04:00,11.0,11.0,11.0,11.0,0,0.0,0.0
2023-07-13 00:00:00-04:00,11.0,11.0,11.0,11.0,0,0.0,0.0
2023-07-14 00:00:00-04:00,11.0,11.0,11.0,11.0,0,0.0,0.0
2023-07-17 00:00:00-04:00,11.109999656677246,11.109999656677246,11.109999656677246,11.109999656677246,400,0.0,0.0
2023-07-18 00:00:00-04:00,10.960000038146973,10.960000038146973,10.960000038146973,10.960000038146973,200,0.0,0.0
2023-07-19 00:00:00-04:00,10.960000038146973,10.960000038146973,10.960000038146973,10.960000038146973,0,0.0,0.0
2023-07-20 00:00:00-04:00,10.960000038146973,10.960000038146973,10.960000038146973,10.960000038146973,0,0.0,0.0
2023-07-21 00:00:00-04:00,10.960000038146973,10.960000038146973,10.960000038146973,10.960000038146973,0,0.0,0.0
2023-07-24 00:00:00-04:00,10.960000038146973,10.960000038146973,10.960000038146973,10.960000038146973,0,0.0,0.0
2023-07-25 00:00:00-04:00,10.960000038146973,10.960000038146973,10.960000038146973,10.960000038146973,0,0.0,0.0
2023-07-26 00:00:00-04:00,10.960000038146973,10.960000038146973,10.960000038146973,10.960000038146973,0,0.0,0.0
2023-07-27 00:00:00-04:00,10.960000038146973,10.960000038146973,10.960000038146973,10.960000038146973,0,0.0,0.0
2023-07-28 00:00:00-04:00,10.960000038146973,10.960000038146973,10.960000038146973,10.960000038146973,0,0.0,0.0
2023-07-31 00:00:00-04:00,10.960000038146973,10.960000038146973,10.960000038146973,10.960000038146973,0,0.0,0.0
2023-08-01 00:00:00-04:00,10.960000038146973,10.960000038146973,10.960000038146973,10.960000038146973,0,0.0,0.0
2023-08-02 00:00:00-04:00,10.960000038146973,10.960000038146973,10.960000038146973,10.960000038146973,0,0.0,0.0
2023-08-03 00:00:00-04:00,10.960000038146973,10.960000038146973,10.960000038146973,10.960000038146973,0,0.0,0.0
2023-08-04 00:00:00-04:00,11.0,11.0,11.0,11.0,100,0.0,0.0
2023-08-07 00:00:00-04:00,11.0,11.0,11.0,11.0,0,0.0,0.0
2023-08-08 00:00:00-04:00,11.0,11.0,11.0,11.0,0,0.0,0.0
2023-08-09 00:00:00-04:00,11.0,11.0,11.0,11.0,300,0.0,0.0
2023-08-10 00:00:00-04:00,11.0,11.0,11.0,11.0,0,0.0,0.0
2023-08-11 00:00:00-04:00,11.0,11.0,11.0,11.0,0,0.0,0.0
2023-08-14 00:00:00-04:00,11.0,11.0,11.0,11.0,0,0.0,0.0
2023-08-15 00:00:00-04:00,11.0,11.0,11.0,11.0,0,0.0,0.0
2023-08-16 00:00:00-04:00,11.0,11.0,11.0,11.0,0,0.0,0.0
2023-08-17 00:00:00-04:00,11.199999809265137,11.199999809265137,11.199999809265137,11.199999809265137,500,0.0,0.0
2023-08-18 00:00:00-04:00,11.199999809265137,11.199999809265137,11.199999809265137,11.199999809265137,0,0.0,0.0
2023-08-21 00:00:00-04:00,11.199999809265137,11.199999809265137,11.199999809265137,11.199999809265137,0,0.0,0.0
2023-08-22 00:00:00-04:00,11.199999809265137,11.199999809265137,11.199999809265137,11.199999809265137,0,0.0,0.0
2023-08-23 00:00:00-04:00,11.199999809265137,11.199999809265137,11.199999809265137,11.199999809265137,0,0.0,0.0
2023-08-24 00:00:00-04:00,11.199999809265137,11.199999809265137,11.199999809265137,11.199999809265137,0,0.0,0.0
2023-08-25 00:00:00-04:00,11.199999809265137,11.199999809265137,11.199999809265137,11.199999809265137,0,0.0,0.0
2023-08-28 00:00:00-04:00,11.199999809265137,11.199999809265137,11.199999809265137,11.199999809265137,0,0.0,0.0
2023-08-29 00:00:00-04:00,11.199999809265137,11.199999809265137,11.199999809265137,11.199999809265137,0,0.0,0.0
2023-08-30 00:00:00-04:00,11.300000190734863,11.300000190734863,11.300000190734863,11.300000190734863,100,0.0,0.0
2023-08-31 00:00:00-04:00,11.300000190734863,11.300000190734863,11.300000190734863,11.300000190734863,0,0.0,0.0
2023-09-01 00:00:00-04:00,11.300000190734863,11.300000190734863,11.300000190734863,11.300000190734863,0,0.0,0.0
2023-09-05 00:00:00-04:00,11.300000190734863,11.300000190734863,11.300000190734863,11.300000190734863,0,0.0,0.0
2023-09-06 00:00:00-04:00,11.300000190734863,11.300000190734863,11.300000190734863,11.300000190734863,0,0.0,0.0
2023-09-07 00:00:00-04:00,11.300000190734863,11.300000190734863,11.300000190734863,11.300000190734863,0,0.0,0.0
2023-09-08 00:00:00-04:00,11.300000190734863,11.300000190734863,11.300000190734863,11.300000190734863,0,0.0,0.0
2023-09-11 00:00:00-04:00,11.300000190734863,11.300000190734863,11.300000190734863,11.300000190734863,0,0.0,0.0
2023-09-12 00:00:00-04:00,11.300000190734863,11.300000190734863,11.300000190734863,11.300000190734863,0,0.0,0.0
2023-09-13 00:00:00-04:00,11.300000190734863,11.300000190734863,11.300000190734863,11.300000190734863,0,0.0,0.0
2023-09-14 00:00:00-04:00,11.300000190734863,11.300000190734863,11.300000190734863,11.300000190734863,0,0.0,0.0
2023-09-15 00:00:00-04:00,11.300000190734863,11.300000190734863,11.300000190734863,11.300000190734863,0,0.0,0.0
2023-09-18 00:00:00-04:00,11.300000190734863,11.300000190734863,11.300000190734863,11.300000190734863,0,0.0,0.0
2023-09-19 00:00:00-04:00,11.300000190734863,11.300000190734863,11.300000190734863,11.300000190734863,0,0.0,0.0
2023-09-20 00:00:00-04:00,11.300000190734863,11.300000190734863,11.300000190734863,11.300000190734863,0,0.0,0.0
2023-09-21 00:00:00-04:00,11.300000190734863,11.300000190734863,11.300000190734863,11.300000190734863,0,0.0,0.0
2023-09-22 00:00:00-04:00,11.300000190734863,11.300000190734863,11.300000190734863,11.300000190734863,0,0.0,0.0
2023-09-25 00:00:00-04:00,11.300000190734863,11.300000190734863,11.300000190734863,11.300000190734863,0,0.0,0.0
2023-09-26 00:00:00-04:00,11.300000190734863,11.300000190734863,11.300000190734863,11.300000190734863,0,0.0,0.0
2023-09-27 00:00:00-04:00,11.300000190734863,11.300000190734863,11.300000190734863,11.300000190734863,0,0.0,0.0
2023-09-28 00:00:00-04:00,11.300000190734863,11.300000190734863,11.300000190734863,11.300000190734863,0,0.0,0.0
2023-09-29 00:00:00-04:00,11.300000190734863,11.300000190734863,11.300000190734863,11.300000190734863,0,0.0,0.0
2023-10-02 00:00:00-04:00,11.300000190734863,11.300000190734863,11.300000190734863,11.300000190734863,0,0.0,0.0
2023-10-03 00:00:00-04:00,11.300000190734863,11.300000190734863,11.300000190734863,11.300000190734863,0,0.0,0.0
2023-10-04 00:00:00-04:00,11.300000190734863,11.300000190734863,11.300000190734863,11.300000190734863,0,0.0,0.0
2023-10-05 00:00:00-04:00,11.300000190734863,11.300000190734863,11.300000190734863,11.300000190734863,0,0.0,0.0
2023-10-06 00:00:00-04:00,11.300000190734863,11.300000190734863,11.300000190734863,11.300000190734863,0,0.0,0.0
2023-10-09 00:00:00-04:00,11.300000190734863,11.300000190734863,11.300000190734863,11.300000190734863,0,0.0,0.0
2023-10-10 00:00:00-04:00,11.300000190734863,11.300000190734863,11.300000190734863,11.300000190734863,0,0.0,0.0
2023-10-11 00:00:00-04:00,11.300000190734863,11.300000190734863,11.300000190734863,11.300000190734863,0,0.0,0.0
2023-10-12 00:00:00-04:00,11.300000190734863,11.300000190734863,11.300000190734863,11.300000190734863,0,0.0,0.0
2023-10-13 00:00:00-04:00,11.300000190734863,11.300000190734863,11.300000190734863,11.300000190734863,0,0.0,0.0
2023-10-16 00:00:00-04:00,11.300000190734863,11.300000190734863,11.300000190734863,11.300000190734863,0,0.0,0.0
2023-10-17 00:00:00-04:00,11.300000190734863,11.300000190734863,11.300000190734863,11.300000190734863,0,0.0,0.0
2023-10-18 00:00:00-04:00,11.300000190734863,11.300000190734863,11.300000190734863,11.300000190734863,0,0.0,0.0
2023-10-19 00:00:00-04:00,11.300000190734863,11.300000190734863,11.300000190734863,11.300000190734863,0,0.0,0.0
2023-10-20 00:00:00-04:00,11.300000190734863,11.300000190734863,11.300000190734863,11.300000190734863,0,0.0,0.0
2023-10-23 00:00:00-04:00,11.300000190734863,11.300000190734863,11.300000190734863,11.300000190734863,0,0.0,0.0
2023-10-24 00:00:00-04:00,11.300000190734863,11.300000190734863,11.300000190734863,11.300000190734863,0,0.0,0.0
2023-10-25 00:00:00-04:00,11.300000190734863,11.300000190734863,11.300000190734863,11.300000190734863,0,0.0,0.0
2023-10-26 00:00:00-04:00,11.300000190734863,11.300000190734863,11.300000190734863,11.300000190734863,0,0.0,0.0
2023-10-27 00:00:00-04:00,11.300000190734863,11.300000190734863,11.300000190734863,11.300000190734863,0,0.0,0.0
2023-10-30 00:00:00-04:00,11.300000190734863,11.300000190734863,11.300000190734863,11.300000190734863,0,0.0,0.0
2023-10-31 00:00:00-04:00,11.300000190734863,11.300000190734863,11.300000190734863,11.300000190734863,0,0.0,0.0
2023-11-01 00:00:00-04:00,11.300000190734863,11.300000190734863,11.300000190734863,11.300000190734863,0,0.0,0.0
2023-11-02 00:00:00-04:00,11.300000190734863,11.300000190734863,11.300000190734863,11.300000190734863,0,0.0,0.0
2023-11-03 00:00:00-04:00,11.300000190734863,11.300000190734863,11.300000190734863,11.300000190734863,0,0.0,0.0
2023-11-06 00:00:00-05:00,11.300000190734863,11.300000190734863,11.300000190734863,11.300000190734863,0,0.0,0.0
2023-11-07 00:00:00-05:00,11.300000190734863,11.300000190734863,11.300000190734863,11.300000190734863,0,0.0,0.0
2023-11-08 00:00:00-05:00,11.300000190734863,11.300000190734863,11.300000190734863,11.300000190734863,0,0.0,0.0
2023-11-09 00:00:00-05:00,11.300000190734863,11.300000190734863,11.300000190734863,11.300000190734863,0,0.0,0.0
2023-11-10 00:00:00-05:00,11.300000190734863,11.300000190734863,11.300000190734863,11.300000190734863,0,0.0,0.0
2023-11-13 00:00:00-05:00,11.300000190734863,11.300000190734863,11.300000190734863,11.300000190734863,0,0.0,0.0
2023-11-14 00:00:00-05:00,11.300000190734863,11.300000190734863,11.300000190734863,11.300000190734863,0,0.0,0.0
2023-11-15 00:00:00-05:00,11.300000190734863,11.300000190734863,11.300000190734863,11.300000190734863,0,0.0,0.0
2023-11-16 00:00:00-05:00,11.300000190734863,11.300000190734863,11.300000190734863,11.300000190734863,0,0.0,0.0
2023-11-17 00:00:00-05:00,11.300000190734863,11.300000190734863,11.300000190734863,11.300000190734863,0,0.0,0.0
2023-11-20 00:00:00-05:00,11.489999771118164,11.489999771118164,11.489999771118164,11.489999771118164,200,0.0,0.0
2023-11-21 00:00:00-05:00,11.489999771118164,11.489999771118164,11.489999771118164,11.489999771118164,0,0.0,0.0
2023-11-22 00:00:00-05:00,11.489999771118164,11.489999771118164,11.489999771118164,11.489999771118164,0,0.0,0.0
2023-11-24 00:00:00-05:00,11.489999771118164,11.489999771118164,11.489999771118164,11.489999771118164,0,0.0,0.0
2023-11-27 00:00:00-05:00,11.489999771118164,11.489999771118164,11.489999771118164,11.489999771118164,0,0.0,0.0
2023-11-28 00:00:00-05:00,11.489999771118164,11.489999771118164,11.489999771118164,11.489999771118164,0,0.0,0.0
2023-11-29 00:00:00-05:00,11.489999771118164,11.489999771118164,11.489999771118164,11.489999771118164,0,0.0,0.0
2023-11-30 00:00:00-05:00,11.489999771118164,11.489999771118164,11.489999771118164,11.489999771118164,0,0.0,0.0
2023-12-01 00:00:00-05:00,11.489999771118164,11.489999771118164,11.489999771118164,11.489999771118164,0,0.0,0.0
2023-12-04 00:00:00-05:00,12.0,12.0,11.600000381469727,11.649999618530273,700,0.0,0.0
2023-12-05 00:00:00-05:00,11.6899995803833,11.6899995803833,11.6899995803833,11.6899995803833,200,0.0,0.0
2023-12-06 00:00:00-05:00,11.6899995803833,11.6899995803833,11.6899995803833,11.6899995803833,0,0.0,0.0
2023-12-07 00:00:00-05:00,11.6899995803833,11.6899995803833,11.6899995803833,11.6899995803833,0,0.0,0.0
2023-12-08 00:00:00-05:00,11.6899995803833,11.6899995803833,11.6899995803833,11.6899995803833,0,0.0,0.0
2023-12-11 00:00:00-05:00,11.6899995803833,11.6899995803833,11.6899995803833,11.6899995803833,0,0.0,0.0
2023-12-12 00:00:00-05:00,11.6899995803833,11.6899995803833,11.6899995803833,11.6899995803833,0,0.0,0.0
2023-12-13 00:00:00-05:00,11.6899995803833,11.6899995803833,11.6899995803833,11.6899995803833,0,0.0,0.0
2023-12-14 00:00:00-05:00,11.6899995803833,11.6899995803833,11.6899995803833,11.6899995803833,0,0.0,0.0
2023-12-15 00:00:00-05:00,11.6899995803833,11.6899995803833,11.6899995803833,11.6899995803833,0,0.0,0.0
2023-12-18 00:00:00-05:00,11.6899995803833,11.6899995803833,11.6899995803833,11.6899995803833,0,0.0,0.0
2023-12-19 00:00:00-05:00,11.6899995803833,11.6899995803833,11.6899995803833,11.6899995803833,0,0.0,0.0
2023-12-20 00:00:00-05:00,11.6899995803833,11.6899995803833,11.6899995803833,11.6899995803833,0,0.0,0.0
2023-12-21 00:00:00-05:00,11.6899995803833,11.6899995803833,11.6899995803833,11.6899995803833,0,0.0,0.0
2023-12-22 00:00:00-05:00,11.6899995803833,11.6899995803833,11.6899995803833,11.6899995803833,0,0.0,0.0
2023-12-26 00:00:00-05:00,11.6899995803833,11.6899995803833,11.6899995803833,11.6899995803833,0,0.0,0.0
2023-12-27 00:00:00-05:00,11.6899995803833,11.6899995803833,11.6899995803833,11.6899995803833,0,0.0,0.0
2023-12-28 00:00:00-05:00,11.6899995803833,11.6899995803833,11.6899995803833,11.6899995803833,0,0.0,0.0
2023-12-29 00:00:00-05:00,11.6899995803833,11.6899995803833,11.6899995803833,11.6899995803833,0,0.0,0.0
2024-01-02 00:00:00-05:00,11.6899995803833,11.6899995803833,11.6899995803833,11.6899995803833,0,0.0,0.0
2024-01-03 00:00:00-05:00,11.6899995803833,11.6899995803833,11.6899995803833,11.6899995803833,0,0.0,0.0
2024-01-04 00:00:00-05:00,11.6899995803833,11.6899995803833,11.6899995803833,11.6899995803833,0,0.0,0.0
2024-01-05 00:00:00-05:00,11.6899995803833,11.6899995803833,11.6899995803833,11.6899995803833,0,0.0,0.0
2024-01-08 00:00:00-05:00,11.6899995803833,11.6899995803833,11.6899995803833,11.6899995803833,0,0.0,0.0
2024-01-09 00:00:00-05:00,11.6899995803833,11.6899995803833,11.6899995803833,11.6899995803833,0,0.0,0.0
2024-01-10 00:00:00-05:00,11.6899995803833,11.6899995803833,11.6899995803833,11.6899995803833,0,0.0,0.0
2024-01-11 00:00:00-05:00,11.6899995803833,11.6899995803833,11.6899995803833,11.6899995803833,0,0.0,0.0
2024-01-12 00:00:00-05:00,11.6899995803833,11.6899995803833,11.6899995803833,11.6899995803833,0,0.0,0.0
2024-01-16 00:00:00-05:00,11.6899995803833,11.6899995803833,11.6899995803833,11.6899995803833,0,0.0,0.0
2024-01-17 00:00:00-05:00,11.6899995803833,11.6899995803833,11.6899995803833,11.6899995803833,0,0.0,0.0
2024-01-18 00:00:00-05:00,11.6899995803833,11.6899995803833,11.6899995803833,11.6899995803833,0,0.0,0.0
2024-01-19 00:00:00-05:00,11.6899995803833,11.6899995803833,11.6899995803833,11.6899995803833,0,0.0,0.0
2024-01-22 00:00:00-05:00,11.6899995803833,11.6899995803833,11.6899995803833,11.6899995803833,0,0.0,0.0
2024-01-23 00:00:00-05:00,11.6899995803833,11.6899995803833,11.6899995803833,11.6899995803833,0,0.0,0.0
2024-01-24 00:00:00-05:00,11.6899995803833,11.6899995803833,11.6899995803833,11.6899995803833,0,0.0,0.0
2024-01-25 00:00:00-05:00,11.6899995803833,11.6899995803833,11.6899995803833,11.6899995803833,0,0.0,0.0
2024-01-26 00:00:00-05:00,11.6899995803833,11.6899995803833,11.6899995803833,11.6899995803833,0,0.0,0.0
2024-01-29 00:00:00-05:00,11.6899995803833,11.6899995803833,11.6899995803833,11.6899995803833,0,0.0,0.0
2024-01-30 00:00:00-05:00,11.6899995803833,11.6899995803833,11.6899995803833,11.6899995803833,0,0.0,0.0
2024-01-31 00:00:00-05:00,11.6899995803833,11.6899995803833,11.6899995803833,11.6899995803833,0,0.0,0.0
2024-02-01 00:00:00-05:00,11.6899995803833,11.6899995803833,11.6899995803833,11.6899995803833,0,0.0,0.0
2024-02-02 00:00:00-05:00,11.6899995803833,11.6899995803833,11.6899995803833,11.6899995803833,0,0.0,0.0
2024-02-05 00:00:00-05:00,11.6899995803833,11.6899995803833,11.6899995803833,11.6899995803833,0,0.0,0.0
2024-02-06 00:00:00-05:00,11.6899995803833,11.6899995803833,11.6899995803833,11.6899995803833,0,0.0,0.0
2024-02-07 00:00:00-05:00,11.6899995803833,11.6899995803833,11.6899995803833,11.6899995803833,0,0.0,0.0
2024-02-08 00:00:00-05:00,11.6899995803833,11.6899995803833,11.6899995803833,11.6899995803833,0,0.0,0.0
2024-02-09 00:00:00-05:00,11.6899995803833,11.6899995803833,11.6899995803833,11.6899995803833,0,0.0,0.0
2024-02-12 00:00:00-05:00,11.6899995803833,11.6899995803833,11.6899995803833,11.6899995803833,0,0.0,0.0
2024-02-13 00:00:00-05:00,11.6899995803833,11.6899995803833,11.6899995803833,11.6899995803833,0,0.0,0.0
2024-02-14 00:00:00-05:00,11.6899995803833,11.6899995803833,11.6899995803833,11.6899995803833,0,0.0,0.0
2024-02-15 00:00:00-05:00,11.6899995803833,11.6899995803833,11.6899995803833,11.6899995803833,0,0.0,0.0
2024-02-16 00:00:00-05:00,11.6899995803833,11.6899995803833,11.6899995803833,11.6899995803833,0,0.0,0.0
2024-02-20 00:00:00-05:00,11.6899995803833,11.6899995803833,11.6899995803833,11.6899995803833,0,0.0,0.0
2024-02-21 00:00:00-05:00,11.6899995803833,11.6899995803833,11.6899995803833,11.6899995803833,0,0.0,0.0
2024-02-22 00:00:00-05:00,11.6899995803833,11.6899995803833,11.6899995803833,11.6899995803833,0,0.0,0.0
2024-02-23 00:00:00-05:00,11.6899995803833,11.6899995803833,11.6899995803833,11.6899995803833,0,0.0,0.0
2024-02-26 00:00:00-05:00,11.6899995803833,11.6899995803833,11.6899995803833,11.6899995803833,0,0.0,0.0
2024-02-27 00:00:00-05:00,11.6899995803833,11.6899995803833,11.6899995803833,11.6899995803833,0,0.0,0.0
2024-02-28 00:00:00-05:00,11.6899995803833,11.6899995803833,11.6899995803833,11.6899995803833,0,0.0,0.0
2024-02-29 00:00:00-05:00,11.6899995803833,11.6899995803833,11.6899995803833,11.6899995803833,0,0.0,0.0
2024-03-01 00:00:00-05:00,11.6899995803833,11.6899995803833,11.6899995803833,11.6899995803833,0,0.0,0.0
2024-03-04 00:00:00-05:00,11.6899995803833,11.6899995803833,11.6899995803833,11.6899995803833,0,0.0,0.0
2024-03-05 00:00:00-05:00,11.6899995803833,11.6899995803833,11.6899995803833,11.6899995803833,0,0.0,0.0
2024-03-06 00:00:00-05:00,11.6899995803833,11.6899995803833,11.6899995803833,11.6899995803833,0,0.0,0.0
2024-03-07 00:00:00-05:00,11.6899995803833,11.6899995803833,11.6899995803833,11.6899995803833,0,0.0,0.0
2024-03-08 00:00:00-05:00,11.6899995803833,11.6899995803833,11.6899995803833,11.6899995803833,0,0.0,0.0
2024-03-11 00:00:00-04:00,11.6899995803833,11.6899995803833,11.6899995803833,11.6899995803833,0,0.0,0.0
2024-03-12 00:00:00-04:00,11.6899995803833,11.6899995803833,11.6899995803833,11.6899995803833,0,0.0,0.0
2024-03-13 00:00:00-04:00,11.649999618530273,11.649999618530273,11.649999618530273,11.649999618530273,100,0.0,0.0
2024-03-14 00:00:00-04:00,11.649999618530273,11.649999618530273,11.649999618530273,11.649999618530273,0,0.0,0.0
2024-03-15 00:00:00-04:00,11.649999618530273,11.649999618530273,11.649999618530273,11.649999618530273,0,0.0,0.0
2024-03-18 00:00:00-04:00,11.649999618530273,11.649999618530273,11.649999618530273,11.649999618530273,0,0.0,0.0
2024-03-19 00:00:00-04:00,11.649999618530273,11.649999618530273,11.649999618530273,11.649999618530273,0,0.0,0.0
2024-03-20 00:00:00-04:00,11.649999618530273,11.649999618530273,11.649999618530273,11.649999618530273,0,0.0,0.0
2024-03-21 00:00:00-04:00,11.649999618530273,11.649999618530273,11.649999618530273,11.649999618530273,0,0.0,0.0
2024-03-22 00:00:00-04:00,11.649999618530273,11.649999618530273,11.649999618530273,11.649999618530273,0,0.0,0.0
2024-03-25 00:00:00-04:00,11.649999618530273,11.649999618530273,11.649999618530273,11.649999618530273,0,0.0,0.0
2024-03-26 00:00:00-04:00,11.649999618530273,11.649999618530273,11.649999618530273,11.649999618530273,0,0.0,0.0
2024-03-27 00:00:00-04:00,11.649999618530273,11.649999618530273,11.649999618530273,11.649999618530273,0,0.0,0.0
2024-03-28 00:00:00-04:00,11.649999618530273,11.649999618530273,11.649999618530273,11.649999618530273,0,0.0,0.0
2024-04-01 00:00:00-04:00,11.649999618530273,11.649999618530273,11.649999618530273,11.649999618530273,0,0.0,0.0
2024-04-02 00:00:00-04:00,11.649999618530273,11.649999618530273,11.649999618530273,11.649999618530273,0,0.0,0.0
2024-04-03 00:00:00-04:00,11.649999618530273,11.649999618530273,11.649999618530273,11.649999618530273,0,0.0,0.0
2024-04-04 00:00:00-04:00,11.649999618530273,11.649999618530273,11.649999618530273,11.649999618530273,0,0.0,0.0
2024-04-05 00:00:00-04:00,11.649999618530273,11.649999618530273,11.649999618530273,11.649999618530273,0,0.0,0.0
2024-04-08 00:00:00-04:00,11.649999618530273,11.649999618530273,11.649999618530273,11.649999618530273,0,0.0,0.0
2024-04-09 00:00:00-04:00,11.649999618530273,11.649999618530273,11.649999618530273,11.649999618530273,0,0.0,0.0
2024-04-10 00:00:00-04:00,11.649999618530273,11.649999618530273,11.649999618530273,11.649999618530273,0,0.0,0.0
2024-04-11 00:00:00-04:00,11.649999618530273,11.649999618530273,11.649999618530273,11.649999618530273,0,0.0,0.0
2024-04-12 00:00:00-04:00,11.649999618530273,11.649999618530273,11.649999618530273,11.649999618530273,0,0.0,0.0
2024-04-15 00:00:00-04:00,11.649999618530273,12.5,11.649999618530273,12.399999618530273,1500,0.0,0.0
2024-04-16 00:00:00-04:00,12.5,12.5,12.050000190734863,12.050000190734863,300,0.0,0.0
2024-04-17 00:00:00-04:00,11.739999771118164,11.739999771118164,11.739999771118164,11.739999771118164,600,0.0,0.0
2024-04-18 00:00:00-04:00,11.739999771118164,11.739999771118164,11.739999771118164,11.739999771118164,0,0.0,0.0
2024-04-19 00:00:00-04:00,11.739999771118164,11.739999771118164,11.739999771118164,11.739999771118164,0,0.0,0.0
2024-04-22 00:00:00-04:00,11.739999771118164,11.739999771118164,11.739999771118164,11.739999771118164,0,0.0,0.0
2024-04-23 00:00:00-04:00,11.739999771118164,11.739999771118164,11.739999771118164,11.739999771118164,0,0.0,0.0
2024-04-24 00:00:00-04:00,11.739999771118164,11.739999771118164,11.739999771118164,11.739999771118164,0,0.0,0.0
2024-04-25 00:00:00-04:00,11.739999771118164,11.739999771118164,11.739999771118164,11.739999771118164,0,0.0,0.0
2024-04-26 00:00:00-04:00,11.739999771118164,11.739999771118164,11.739999771118164,11.739999771118164,0,0.0,0.0
2024-04-29 00:00:00-04:00,11.739999771118164,11.739999771118164,11.739999771118164,11.739999771118164,0,0.0,0.0
2024-04-30 00:00:00-04:00,11.739999771118164,11.739999771118164,11.739999771118164,11.739999771118164,0,0.0,0.0
2024-05-01 00:00:00-04:00,11.739999771118164,11.739999771118164,11.739999771118164,11.739999771118164,0,0.0,0.0
2024-05-02 00:00:00-04:00,11.739999771118164,11.739999771118164,11.739999771118164,11.739999771118164,0,0.0,0.0
2024-05-03 00:00:00-04:00,11.739999771118164,11.739999771118164,11.739999771118164,11.739999771118164,0,0.0,0.0
2024-05-06 00:00:00-04:00,11.739999771118164,11.739999771118164,11.739999771118164,11.739999771118164,0,0.0,0.0
2024-05-07 00:00:00-04:00,11.739999771118164,11.739999771118164,11.739999771118164,11.739999771118164,0,0.0,0.0
2024-05-08 00:00:00-04:00,11.739999771118164,11.739999771118164,11.739999771118164,11.739999771118164,0,0.0,0.0
2024-05-09 00:00:00-04:00,11.739999771118164,11.739999771118164,11.739999771118164,11.739999771118164,0,0.0,0.0
2024-05-10 00:00:00-04:00,11.739999771118164,11.739999771118164,11.739999771118164,11.739999771118164,0,0.0,0.0
2024-05-13 00:00:00-04:00,11.739999771118164,11.739999771118164,11.739999771118164,11.739999771118164,0,0.0,0.0
2024-05-14 00:00:00-04:00,11.739999771118164,11.739999771118164,11.739999771118164,11.739999771118164,0,0.0,0.0
2024-05-15 00:00:00-04:00,11.380000114440918,11.380000114440918,11.380000114440918,11.380000114440918,100,0.0,0.0
2024-05-16 00:00:00-04:00,11.380000114440918,11.380000114440918,11.380000114440918,11.380000114440918,0,0.0,0.0
2024-05-17 00:00:00-04:00,11.380000114440918,11.380000114440918,11.380000114440918,11.380000114440918,0,0.0,0.0
2024-05-20 00:00:00-04:00,11.380000114440918,11.380000114440918,11.380000114440918,11.380000114440918,0,0.0,0.0
2024-05-21 00:00:00-04:00,11.380000114440918,11.380000114440918,11.380000114440918,11.380000114440918,0,0.0,0.0
2024-05-22 00:00:00-04:00,11.380000114440918,11.380000114440918,11.380000114440918,11.380000114440918,0,0.0,0.0
2024-05-23 00:00:00-04:00,11.380000114440918,11.380000114440918,11.380000114440918,11.380000114440918,0,0.0,0.0
2024-05-24 00:00:00-04:00,11.380000114440918,11.380000114440918,11.380000114440918,11.380000114440918,0,0.0,0.0
2024-05-28 00:00:00-04:00,11.380000114440918,11.380000114440918,11.380000114440918,11.380000114440918,0,0.0,0.0
2024-05-29 00:00:00-04:00,11.380000114440918,11.380000114440918,11.380000114440918,11.380000114440918,0,0.0,0.0
2024-05-30 00:00:00-04:00,11.380000114440918,11.380000114440918,11.380000114440918,11.380000114440918,0,0.0,0.0
2024-05-31 00:00:00-04:00,11.380000114440918,11.380000114440918,11.380000114440918,11.380000114440918,0,0.0,0.0
2024-06-03 00:00:00-04:00,11.380000114440918,11.380000114440918,11.380000114440918,11.380000114440918,0,0.0,0.0
2024-06-04 00:00:00-04:00,11.380000114440918,11.380000114440918,11.380000114440918,11.380000114440918,0,0.0,0.0
2024-06-05 00:00:00-04:00,11.380000114440918,11.380000114440918,11.380000114440918,11.380000114440918,0,0.0,0.0
2024-06-06 00:00:00-04:00,11.380000114440918,11.380000114440918,11.380000114440918,11.380000114440918,0,0.0,0.0
2024-06-07 00:00:00-04:00,11.380000114440918,11.380000114440918,11.380000114440918,11.380000114440918,0,0.0,0.0
2024-06-10 00:00:00-04:00,11.380000114440918,11.380000114440918,11.380000114440918,11.380000114440918,0,0.0,0.0
2024-06-11 00:00:00-04:00,11.380000114440918,11.380000114440918,11.380000114440918,11.380000114440918,0,0.0,0.0
2024-06-12 00:00:00-04:00,11.380000114440918,11.380000114440918,11.380000114440918,11.380000114440918,0,0.0,0.0
2024-06-13 00:00:00-04:00,11.380000114440918,11.380000114440918,11.380000114440918,11.380000114440918,0,0.0,0.0
2024-06-14 00:00:00-04:00,11.380000114440918,11.380000114440918,11.380000114440918,11.380000114440918,0,0.0,0.0
2024-06-17 00:00:00-04:00,11.380000114440918,11.380000114440918,11.380000114440918,11.380000114440918,0,0.0,0.0
2024-06-18 00:00:00-04:00,11.380000114440918,11.380000114440918,11.380000114440918,11.380000114440918,0,0.0,0.0
2024-06-20 00:00:00-04:00,11.380000114440918,11.380000114440918,11.380000114440918,11.380000114440918,0,0.0,0.0
2024-06-21 00:00:00-04:00,11.380000114440918,11.380000114440918,11.380000114440918,11.380000114440918,0,0.0,0.0
