Date,Open,High,Low,Close,Volume,Dividends,Stock Splits
2000-11-16 00:00:00+09:00,2569.390380859375,2569.390380859375,2569.390380859375,2569.390380859375,306391,0.0,0.0
2000-11-17 00:00:00+09:00,2537.472412109375,2537.472412109375,2537.472412109375,2537.472412109375,199344,0.0,0.0
2000-11-20 00:00:00+09:00,2537.472412109375,2537.472412109375,2537.472412109375,2537.472412109375,193012,0.0,0.0
2000-11-21 00:00:00+09:00,2449.6982421875,2449.6982421875,2449.6982421875,2449.6982421875,226690,0.0,0.0
2000-11-22 00:00:00+09:00,2569.390380859375,2569.390380859375,2569.390380859375,2569.390380859375,559102,0.0,0.0
2000-11-23 00:00:00+09:00,2393.841796875,2393.841796875,2393.841796875,2393.841796875,461221,0.0,0.0
2000-11-24 00:00:00+09:00,2449.6982421875,2449.6982421875,2449.6982421875,2449.6982421875,296365,0.0,0.0
2000-11-27 00:00:00+09:00,2736.959228515625,2736.959228515625,2736.959228515625,2736.959228515625,775456,0.0,0.0
2000-11-28 00:00:00+09:00,2832.712890625,2832.712890625,2832.712890625,2832.712890625,1957237,0.0,0.0
2000-11-29 00:00:00+09:00,2697.0615234375,2697.0615234375,2697.0615234375,2697.0615234375,404529,0.0,0.0
2000-11-30 00:00:00+09:00,2473.635986328125,2473.635986328125,2473.635986328125,2473.635986328125,778475,0.0,0.0
2000-12-01 00:00:00+09:00,2489.595458984375,2489.595458984375,2489.595458984375,2489.595458984375,473524,0.0,0.0
2000-12-04 00:00:00+09:00,2409.800537109375,2409.800537109375,2409.800537109375,2409.800537109375,403037,0.0,0.0
2000-12-05 00:00:00+09:00,2473.635986328125,2473.635986328125,2473.635986328125,2473.635986328125,277646,0.0,0.0
2000-12-06 00:00:00+09:00,2409.800537109375,2409.800537109375,2409.800537109375,2409.800537109375,365578,0.0,0.0
2000-12-07 00:00:00+09:00,2385.86181640625,2385.86181640625,2385.86181640625,2385.86181640625,184323,0.0,0.0
2000-12-08 00:00:00+09:00,2401.82177734375,2401.82177734375,2401.82177734375,2401.82177734375,195964,0.0,0.0
2000-12-11 00:00:00+09:00,2449.6982421875,2449.6982421875,2449.6982421875,2449.6982421875,294869,0.0,0.0
2000-12-12 00:00:00+09:00,2449.6982421875,2449.6982421875,2449.6982421875,2449.6982421875,207434,0.0,0.0
2000-12-13 00:00:00+09:00,2449.6982421875,2449.6982421875,2449.6982421875,2449.6982421875,208843,0.0,0.0
2000-12-14 00:00:00+09:00,2441.71875,2441.71875,2441.71875,2441.71875,184035,0.0,0.0
2000-12-15 00:00:00+09:00,2409.800537109375,2409.800537109375,2409.800537109375,2409.800537109375,166902,0.0,0.0
2000-12-18 00:00:00+09:00,2385.86181640625,2385.86181640625,2385.86181640625,2385.86181640625,117312,0.0,0.0
2000-12-19 00:00:00+09:00,2266.170166015625,2266.170166015625,2266.170166015625,2266.170166015625,192765,0.0,0.0
2000-12-20 00:00:00+09:00,1994.8681640625,1994.8681640625,1994.8681640625,1994.8681640625,175448,0.0,0.0
2000-12-21 00:00:00+09:00,1755.4840087890625,1755.4840087890625,1755.4840087890625,1755.4840087890625,186560,0.0,0.0
2000-12-22 00:00:00+09:00,1548.0177001953125,1548.0177001953125,1548.0177001953125,1548.0177001953125,159560,0.0,0.0
2000-12-25 00:00:00+09:00,1548.0177001953125,1548.0177001953125,1548.0177001953125,1548.0177001953125,0,0.0,0.0
2000-12-26 00:00:00+09:00,1587.914794921875,1587.914794921875,1587.914794921875,1587.914794921875,127248,0.0,0.0
2000-12-27 00:00:00+09:00,1587.914794921875,1587.914794921875,1587.914794921875,1587.914794921875,0,0.0,0.0
2000-12-28 00:00:00+09:00,1587.914794921875,1587.914794921875,1587.914794921875,1587.914794921875,0,0.0,0.0
2000-12-29 00:00:00+09:00,1587.914794921875,1587.914794921875,1587.914794921875,1587.914794921875,0,0.0,0.0
2001-01-01 00:00:00+09:00,1587.914794921875,1587.914794921875,1587.914794921875,1587.914794921875,0,0.0,0.0
2001-01-02 00:00:00+09:00,1771.4427490234377,1771.4427490234377,1771.4427490234377,1771.4427490234375,187658,0.0,0.0
2001-01-03 00:00:00+09:00,1931.0323486328125,1931.0323486328125,1931.0323486328125,1931.0323486328125,333729,0.0,0.0
2001-01-04 00:00:00+09:00,2162.43701171875,2162.43701171875,2162.43701171875,2162.43701171875,266871,0.0,0.0
2001-01-05 00:00:00+09:00,2074.662841796875,2074.662841796875,2074.662841796875,2074.662841796875,443566,0.0,0.0
2001-01-08 00:00:00+09:00,2090.6220703125,2090.6220703125,2090.6220703125,2090.6220703125,303642,0.0,0.0
2001-01-09 00:00:00+09:00,2337.9853515625,2337.9853515625,2337.9853515625,2337.9853515625,519183,0.0,0.0
2001-01-10 00:00:00+09:00,2210.313720703125,2210.313720703125,2210.313720703125,2210.313720703125,995144,0.0,0.0
2001-01-11 00:00:00+09:00,2393.841796875,2393.841796875,2393.841796875,2393.841796875,485394,0.0,0.0
2001-01-12 00:00:00+09:00,2681.10302734375,2681.10302734375,2681.10302734375,2681.10302734375,729237,0.0,0.0
2001-01-15 00:00:00+09:00,3000.28125,3000.28125,3000.28125,3000.28125,194236,0.0,0.0
2001-01-16 00:00:00+09:00,3359.35791015625,3359.35791015625,3359.35791015625,3359.35791015625,2247039,0.0,0.0
2001-01-17 00:00:00+09:00,3104.014892578125,3104.014892578125,3104.014892578125,3104.014892578125,1114246,0.0,0.0
2001-01-18 00:00:00+09:00,2832.712890625,2832.712890625,2832.712890625,2832.712890625,566520,0.0,0.0
2001-01-19 00:00:00+09:00,3056.137939453125,3056.137939453125,3056.137939453125,3056.137939453125,472563,0.0,0.0
2001-01-22 00:00:00+09:00,3415.2138671875,3415.2138671875,3415.2138671875,3415.2138671875,728098,0.0,0.0
2001-01-23 00:00:00+09:00,3415.2138671875,3415.2138671875,3415.2138671875,3415.2138671875,0,0.0,0.0
2001-01-24 00:00:00+09:00,3415.2138671875,3415.2138671875,3415.2138671875,3415.2138671875,0,0.0,0.0
2001-01-25 00:00:00+09:00,3415.2138671875,3415.2138671875,3415.2138671875,3415.2138671875,0,0.0,0.0
2001-01-26 00:00:00+09:00,3319.460693359375,3319.460693359375,3319.460693359375,3319.460693359375,1166357,0.0,0.0
2001-01-29 00:00:00+09:00,3510.968017578125,3510.968017578125,3510.968017578125,3510.968017578125,701039,0.0,0.0
2001-01-30 00:00:00+09:00,3495.009033203125,3495.009033203125,3495.009033203125,3495.009033203125,800309,0.0,0.0
2001-01-31 00:00:00+09:00,3423.193603515625,3423.193603515625,3423.193603515625,3423.193603515625,756136,0.0,0.0
2001-02-01 00:00:00+09:00,3263.603759765625,3263.603759765625,3263.603759765625,3263.603759765625,426862,0.0,0.0
2001-02-02 00:00:00+09:00,3119.9736328125,3119.9736328125,3119.9736328125,3119.9736328125,356516,0.0,0.0
2001-02-05 00:00:00+09:00,2752.91796875,2752.91796875,2752.91796875,2752.91796875,499661,0.0,0.0
2001-02-06 00:00:00+09:00,2824.73291015625,2824.73291015625,2824.73291015625,2824.73291015625,461653,0.0,0.0
2001-02-07 00:00:00+09:00,2832.712890625,2832.712890625,2832.712890625,2832.712890625,1121773,0.0,0.0
2001-02-08 00:00:00+09:00,2824.73291015625,2824.73291015625,2824.73291015625,2824.73291015625,306179,0.0,0.0
2001-02-09 00:00:00+09:00,2784.836181640625,2784.836181640625,2784.836181640625,2784.836181640625,308238,0.0,0.0
2001-02-12 00:00:00+09:00,2864.630615234375,2864.630615234375,2864.630615234375,2864.630615234375,408524,0.0,0.0
2001-02-13 00:00:00+09:00,3032.2001953125,3032.2001953125,3032.2001953125,3032.2001953125,725420,0.0,0.0
2001-02-14 00:00:00+09:00,3008.26123046875,3008.26123046875,3008.26123046875,3008.26123046875,369647,0.0,0.0
2001-02-15 00:00:00+09:00,3367.33740234375,3367.33740234375,3367.33740234375,3367.33740234375,1835919,0.0,0.0
2001-02-16 00:00:00+09:00,3255.624755859375,3255.624755859375,3255.624755859375,3255.624755859375,1145408,0.0,0.0
2001-02-19 00:00:00+09:00,3311.481201171875,3311.481201171875,3311.481201171875,3311.481201171875,456159,0.0,0.0
2001-02-20 00:00:00+09:00,3439.152587890625,3439.152587890625,3439.152587890625,3439.152587890625,1027894,0.0,0.0
2001-02-21 00:00:00+09:00,3271.583984375,3271.583984375,3271.583984375,3271.583984375,421531,0.0,0.0
2001-02-22 00:00:00+09:00,2960.38427734375,2960.38427734375,2960.38427734375,2960.38427734375,375483,0.0,0.0
2001-02-23 00:00:00+09:00,2976.3427734375,2976.3427734375,2976.3427734375,2976.3427734375,221007,0.0,0.0
2001-02-26 00:00:00+09:00,3111.994140625,3111.994140625,3111.994140625,3111.994140625,232226,0.0,0.0
2001-02-27 00:00:00+09:00,3191.7890625,3191.7890625,3191.7890625,3191.7890625,580914,0.0,0.0
2001-02-28 00:00:00+09:00,2968.364013671875,2968.364013671875,2968.364013671875,2968.364013671875,342828,0.0,0.0
2001-03-01 00:00:00+09:00,2968.364013671875,2968.364013671875,2968.364013671875,2968.364013671875,0,0.0,0.0
2001-03-02 00:00:00+09:00,2697.0615234375,2697.0615234375,2697.0615234375,2697.0615234375,333857,0.0,0.0
2001-03-05 00:00:00+09:00,2713.0205078125,2713.0205078125,2713.0205078125,2713.0205078125,299760,0.0,0.0
2001-03-06 00:00:00+09:00,2728.979248046875,2728.979248046875,2728.979248046875,2728.979248046875,376777,0.0,0.0
2001-03-07 00:00:00+09:00,2808.77392578125,2808.77392578125,2808.77392578125,2808.77392578125,463771,0.0,0.0
2001-03-08 00:00:00+09:00,2888.56884765625,2888.56884765625,2888.56884765625,2888.56884765625,286785,0.0,0.0
2001-03-09 00:00:00+09:00,2713.0205078125,2713.0205078125,2713.0205078125,2713.0205078125,178858,0.0,0.0
2001-03-12 00:00:00+09:00,2481.615966796875,2481.615966796875,2481.615966796875,2481.615966796875,212273,0.0,0.0
2001-03-13 00:00:00+09:00,2274.149658203125,2274.149658203125,2274.149658203125,2274.149658203125,263707,0.0,0.0
2001-03-14 00:00:00+09:00,2497.574462890625,2497.574462890625,2497.574462890625,2497.574462890625,243117,0.0,0.0
2001-03-15 00:00:00+09:00,2473.635986328125,2473.635986328125,2473.635986328125,2473.635986328125,329681,0.0,0.0
2001-03-16 00:00:00+09:00,2441.71875,2441.71875,2441.71875,2441.71875,236982,0.0,0.0
2001-03-19 00:00:00+09:00,2473.635986328125,2473.635986328125,2473.635986328125,2473.635986328125,163819,0.0,0.0
2001-03-20 00:00:00+09:00,2481.615966796875,2481.615966796875,2481.615966796875,2481.615966796875,180079,0.0,0.0
2001-03-21 00:00:00+09:00,2433.7392578125,2433.7392578125,2433.7392578125,2433.7392578125,123346,0.0,0.0
2001-03-22 00:00:00+09:00,2409.800537109375,2409.800537109375,2409.800537109375,2409.800537109375,159265,0.0,0.0
2001-03-23 00:00:00+09:00,2697.0615234375,2697.0615234375,2697.0615234375,2697.0615234375,995734,0.0,0.0
2001-03-26 00:00:00+09:00,3016.240478515625,3016.240478515625,3016.240478515625,3016.240478515625,1307562,0.0,0.0
2001-03-27 00:00:00+09:00,2713.0205078125,2713.0205078125,2713.0205078125,2713.0205078125,627961,0.0,0.0
2001-03-28 00:00:00+09:00,2944.425537109375,2944.425537109375,2944.425537109375,2944.425537109375,905768,0.0,0.0
2001-03-29 00:00:00+09:00,2713.0205078125,2713.0205078125,2713.0205078125,2713.0205078125,2160758,0.0,0.0
2001-03-30 00:00:00+09:00,2617.26708984375,2617.26708984375,2617.26708984375,2617.26708984375,911437,0.0,0.0
2001-04-02 00:00:00+09:00,2497.574462890625,2497.574462890625,2497.574462890625,2497.574462890625,676733,0.0,0.0
2001-04-03 00:00:00+09:00,2258.1904296875,2258.1904296875,2258.1904296875,2258.1904296875,802711,0.0,0.0
2001-04-04 00:00:00+09:00,2314.046875,2314.046875,2314.046875,2314.046875,1169545,0.0,0.0
2001-04-05 00:00:00+09:00,2314.046875,2314.046875,2314.046875,2314.046875,0,0.0,0.0
2001-04-06 00:00:00+09:00,2417.780517578125,2417.780517578125,2417.780517578125,2417.780517578125,1220567,0.0,0.0
2001-04-09 00:00:00+09:00,2234.25244140625,2234.25244140625,2234.25244140625,2234.25244140625,1150037,0.0,0.0
2001-04-10 00:00:00+09:00,2162.43701171875,2162.43701171875,2162.43701171875,2162.43701171875,1080092,0.0,0.0
2001-04-11 00:00:00+09:00,2258.1904296875,2258.1904296875,2258.1904296875,2258.1904296875,561528,0.0,0.0
2001-04-12 00:00:00+09:00,2337.9853515625,2337.9853515625,2337.9853515625,2337.9853515625,717010,0.0,0.0
2001-04-13 00:00:00+09:00,2377.8828125,2377.8828125,2377.8828125,2377.8828125,532732,0.0,0.0
2001-04-16 00:00:00+09:00,2401.82177734375,2401.82177734375,2401.82177734375,2401.82177734375,642870,0.0,0.0
2001-04-17 00:00:00+09:00,2393.841796875,2393.841796875,2393.841796875,2393.841796875,642491,0.0,0.0
2001-04-18 00:00:00+09:00,2681.10302734375,2681.10302734375,2681.10302734375,2681.10302734375,1604857,0.0,0.0
2001-04-19 00:00:00+09:00,3000.28125,3000.28125,3000.28125,3000.28125,1579865,0.0,0.0
2001-04-20 00:00:00+09:00,2896.54833984375,2896.54833984375,2896.54833984375,2896.54833984375,1849476,0.0,0.0
2001-04-23 00:00:00+09:00,3032.2001953125,3032.2001953125,3032.2001953125,3032.2001953125,1735377,0.0,0.0
2001-04-24 00:00:00+09:00,2808.77392578125,2808.77392578125,2808.77392578125,2808.77392578125,829936,0.0,0.0
2001-04-25 00:00:00+09:00,2976.3427734375,2976.3427734375,2976.3427734375,2976.3427734375,783344,0.0,0.0
2001-04-26 00:00:00+09:00,2912.507568359375,2912.507568359375,2912.507568359375,2912.507568359375,954380,0.0,0.0
2001-04-27 00:00:00+09:00,2848.67138671875,2848.67138671875,2848.67138671875,2848.67138671875,388059,0.0,0.0
2001-04-30 00:00:00+09:00,3151.891845703125,3151.891845703125,3151.891845703125,3151.891845703125,1232206,0.0,0.0
2001-05-01 00:00:00+09:00,3151.891845703125,3151.891845703125,3151.891845703125,3151.891845703125,0,0.0,0.0
2001-05-02 00:00:00+09:00,3111.994140625,3111.994140625,3111.994140625,3111.994140625,1989860,0.0,0.0
2001-05-03 00:00:00+09:00,3024.2197265625,3024.2197265625,3024.2197265625,3024.2197265625,610598,0.0,0.0
2001-05-04 00:00:00+09:00,3072.0966796875,3072.0966796875,3072.0966796875,3072.0966796875,503967,0.0,0.0
2001-05-07 00:00:00+09:00,3247.64501953125,3247.64501953125,3247.64501953125,3247.64501953125,1709973,0.0,0.0
2001-05-08 00:00:00+09:00,3175.82958984375,3175.82958984375,3175.82958984375,3175.82958984375,712199,0.0,0.0
2001-05-09 00:00:00+09:00,3008.26123046875,3008.26123046875,3008.26123046875,3008.26123046875,560987,0.0,0.0
2001-05-10 00:00:00+09:00,3080.076416015625,3080.076416015625,3080.076416015625,3080.076416015625,432578,0.0,0.0
2001-05-11 00:00:00+09:00,3032.2001953125,3032.2001953125,3032.2001953125,3032.2001953125,272302,0.0,0.0
2001-05-14 00:00:00+09:00,3056.137939453125,3056.137939453125,3056.137939453125,3056.137939453125,475921,0.0,0.0
2001-05-15 00:00:00+09:00,2952.405029296875,2952.405029296875,2952.405029296875,2952.405029296875,226687,0.0,0.0
2001-05-16 00:00:00+09:00,2848.67138671875,2848.67138671875,2848.67138671875,2848.67138671875,279354,0.0,0.0
2001-05-17 00:00:00+09:00,2968.364013671875,2968.364013671875,2968.364013671875,2968.364013671875,398039,0.0,0.0
2001-05-18 00:00:00+09:00,2880.589599609375,2880.589599609375,2880.589599609375,2880.589599609375,203440,0.0,0.0
2001-05-21 00:00:00+09:00,3032.2001953125,3032.2001953125,3032.2001953125,3032.2001953125,529229,0.0,0.0
2001-05-22 00:00:00+09:00,3111.994140625,3111.994140625,3111.994140625,3111.994140625,911592,0.0,0.0
2001-05-23 00:00:00+09:00,3008.26123046875,3008.26123046875,3008.26123046875,3008.26123046875,350901,0.0,0.0
2001-05-24 00:00:00+09:00,2968.364013671875,2968.364013671875,2968.364013671875,2968.364013671875,225066,0.0,0.0
2001-05-25 00:00:00+09:00,2968.364013671875,2968.364013671875,2968.364013671875,2968.364013671875,261250,0.0,0.0
2001-05-28 00:00:00+09:00,2920.487060546875,2920.487060546875,2920.487060546875,2920.487060546875,135439,0.0,0.0
2001-05-29 00:00:00+09:00,2960.38427734375,2960.38427734375,2960.38427734375,2960.38427734375,163463,0.0,0.0
2001-05-30 00:00:00+09:00,2912.507568359375,2912.507568359375,2912.507568359375,2912.507568359375,230962,0.0,0.0
2001-05-31 00:00:00+09:00,2816.75390625,2816.75390625,2816.75390625,2816.75390625,182133,0.0,0.0
2001-06-01 00:00:00+09:00,2776.8564453125,2776.8564453125,2776.8564453125,2776.8564453125,168610,0.0,0.0
2001-06-04 00:00:00+09:00,2768.877197265625,2768.877197265625,2768.877197265625,2768.877197265625,79502,0.0,0.0
2001-06-05 00:00:00+09:00,2689.08203125,2689.08203125,2689.08203125,2689.08203125,138085,0.0,0.0
2001-06-06 00:00:00+09:00,2689.08203125,2689.08203125,2689.08203125,2689.08203125,0,0.0,0.0
2001-06-07 00:00:00+09:00,2673.123046875,2673.123046875,2673.123046875,2673.123046875,115518,0.0,0.0
2001-06-08 00:00:00+09:00,2896.54833984375,2896.54833984375,2896.54833984375,2896.54833984375,1237457,0.0,0.0
2001-06-11 00:00:00+09:00,2752.91796875,2752.91796875,2752.91796875,2752.91796875,221411,0.0,0.0
2001-06-12 00:00:00+09:00,2744.9384765625,2744.9384765625,2744.9384765625,2744.9384765625,195584,0.0,0.0
2001-06-13 00:00:00+09:00,2784.836181640625,2784.836181640625,2784.836181640625,2784.836181640625,162612,0.0,0.0
2001-06-14 00:00:00+09:00,2784.836181640625,2784.836181640625,2784.836181640625,2784.836181640625,185000,0.0,0.0
2001-06-15 00:00:00+09:00,2768.877197265625,2768.877197265625,2768.877197265625,2768.877197265625,178099,0.0,0.0
2001-06-18 00:00:00+09:00,2728.979248046875,2728.979248046875,2728.979248046875,2728.979248046875,126081,0.0,0.0
2001-06-19 00:00:00+09:00,2697.0615234375,2697.0615234375,2697.0615234375,2697.0615234375,240629,0.0,0.0
2001-06-20 00:00:00+09:00,2585.348876953125,2585.348876953125,2585.348876953125,2585.348876953125,204453,0.0,0.0
2001-06-21 00:00:00+09:00,2537.472412109375,2537.472412109375,2537.472412109375,2537.472412109375,140063,0.0,0.0
2001-06-22 00:00:00+09:00,2561.41064453125,2561.41064453125,2561.41064453125,2561.41064453125,157000,0.0,0.0
2001-06-25 00:00:00+09:00,2481.615966796875,2481.615966796875,2481.615966796875,2481.615966796875,148249,0.0,0.0
2001-06-26 00:00:00+09:00,2369.903076171875,2369.903076171875,2369.903076171875,2369.903076171875,122227,0.0,0.0
2001-06-27 00:00:00+09:00,2449.6982421875,2449.6982421875,2449.6982421875,2449.6982421875,131252,0.0,0.0
2001-06-28 00:00:00+09:00,2409.800537109375,2409.800537109375,2409.800537109375,2409.800537109375,98199,0.0,0.0
2001-06-29 00:00:00+09:00,2513.5341796875,2513.5341796875,2513.5341796875,2513.5341796875,142458,0.0,0.0
2001-07-02 00:00:00+09:00,2465.65673828125,2465.65673828125,2465.65673828125,2465.65673828125,73765,0.0,0.0
2001-07-03 00:00:00+09:00,2433.7392578125,2433.7392578125,2433.7392578125,2433.7392578125,73400,0.0,0.0
2001-07-04 00:00:00+09:00,2433.7392578125,2433.7392578125,2433.7392578125,2433.7392578125,66048,0.0,0.0
2001-07-05 00:00:00+09:00,2425.760009765625,2425.760009765625,2425.760009765625,2425.760009765625,57127,0.0,0.0
2001-07-06 00:00:00+09:00,2314.046875,2314.046875,2314.046875,2314.046875,104682,0.0,0.0
2001-07-09 00:00:00+09:00,2186.375,2186.375,2186.375,2186.375,85824,0.0,0.0
2001-07-10 00:00:00+09:00,2162.43701171875,2162.43701171875,2162.43701171875,2162.43701171875,75546,0.0,0.0
2001-07-11 00:00:00+09:00,2098.60107421875,2098.60107421875,2098.60107421875,2098.60107421875,116186,0.0,0.0
2001-07-12 00:00:00+09:00,2266.170166015625,2266.170166015625,2266.170166015625,2266.170166015625,255584,0.0,0.0
2001-07-13 00:00:00+09:00,2090.6220703125,2090.6220703125,2090.6220703125,2090.6220703125,250560,0.0,0.0
2001-07-16 00:00:00+09:00,1994.8681640625,1994.8681640625,1994.8681640625,1994.8681640625,157949,0.0,0.0
2001-07-17 00:00:00+09:00,1994.8681640625,1994.8681640625,1994.8681640625,1994.8681640625,0,0.0,0.0
2001-07-18 00:00:00+09:00,1835.27880859375,1835.27880859375,1835.27880859375,1835.27880859375,224951,0.0,0.0
2001-07-19 00:00:00+09:00,1811.34033203125,1811.34033203125,1811.34033203125,1811.34033203125,163822,0.0,0.0
2001-07-20 00:00:00+09:00,1755.4840087890625,1755.4840087890625,1755.4840087890625,1755.4840087890625,149155,0.0,0.0
2001-07-23 00:00:00+09:00,1571.9560546875,1571.9560546875,1571.9560546875,1571.9560546875,195669,0.0,0.0
2001-07-24 00:00:00+09:00,1635.7919921875,1635.7919921875,1635.7919921875,1635.7919921875,557353,0.0,0.0
2001-07-25 00:00:00+09:00,1571.9560546875,1571.9560546875,1571.9560546875,1571.9560546875,510387,0.0,0.0
2001-07-26 00:00:00+09:00,1643.771484375,1643.771484375,1643.771484375,1643.771484375,393934,0.0,0.0
2001-07-27 00:00:00+09:00,1835.27880859375,1835.27880859375,1835.27880859375,1835.27880859375,893222,0.0,0.0
2001-07-30 00:00:00+09:00,1859.217041015625,1859.217041015625,1859.217041015625,1859.217041015625,643847,0.0,0.0
2001-07-31 00:00:00+09:00,1875.1763916015625,1875.1763916015625,1875.1763916015625,1875.1763916015625,267211,0.0,0.0
2001-08-01 00:00:00+09:00,1946.9908447265625,1946.9908447265625,1946.9908447265625,1946.9908447265625,542359,0.0,0.0
2001-08-02 00:00:00+09:00,1970.9293212890627,1970.9293212890627,1970.9293212890627,1970.9293212890625,542124,0.0,0.0
2001-08-03 00:00:00+09:00,1931.0323486328125,1931.0323486328125,1931.0323486328125,1931.0323486328125,268760,0.0,0.0
2001-08-06 00:00:00+09:00,1891.1348876953125,1891.1348876953125,1891.1348876953125,1891.1348876953125,236116,0.0,0.0
2001-08-07 00:00:00+09:00,1851.2374267578125,1851.2374267578125,1851.2374267578125,1851.2374267578125,224340,0.0,0.0
2001-08-08 00:00:00+09:00,1843.2578125,1843.2578125,1843.2578125,1843.2578125,204038,0.0,0.0
2001-08-09 00:00:00+09:00,1771.4427490234377,1771.4427490234377,1771.4427490234377,1771.4427490234375,133588,0.0,0.0
2001-08-10 00:00:00+09:00,1795.3812255859375,1795.3812255859375,1795.3812255859375,1795.3812255859375,138996,0.0,0.0
2001-08-13 00:00:00+09:00,1835.27880859375,1835.27880859375,1835.27880859375,1835.27880859375,97204,0.0,0.0
2001-08-14 00:00:00+09:00,1883.155517578125,1883.155517578125,1883.155517578125,1883.155517578125,376498,0.0,0.0
2001-08-15 00:00:00+09:00,1883.155517578125,1883.155517578125,1883.155517578125,1883.155517578125,0,0.0,0.0
2001-08-16 00:00:00+09:00,1803.3609619140625,1803.3609619140625,1803.3609619140625,1803.3609619140625,144048,0.0,0.0
2001-08-17 00:00:00+09:00,1739.52490234375,1739.52490234375,1739.52490234375,1739.52490234375,195289,0.0,0.0
2001-08-20 00:00:00+09:00,1675.6888427734375,1675.6888427734375,1675.6888427734375,1675.6888427734375,188475,0.0,0.0
2001-08-21 00:00:00+09:00,1683.668701171875,1683.668701171875,1683.668701171875,1683.668701171875,103658,0.0,0.0
2001-08-22 00:00:00+09:00,1883.155517578125,1883.155517578125,1883.155517578125,1883.155517578125,1405827,0.0,0.0
2001-08-23 00:00:00+09:00,1771.4427490234377,1771.4427490234377,1771.4427490234377,1771.4427490234375,661745,0.0,0.0
2001-08-24 00:00:00+09:00,1835.27880859375,1835.27880859375,1835.27880859375,1835.27880859375,259075,0.0,0.0
2001-08-27 00:00:00+09:00,1843.2578125,1843.2578125,1843.2578125,1843.2578125,266779,0.0,0.0
2001-08-28 00:00:00+09:00,1962.9500732421877,1962.9500732421877,1962.9500732421877,1962.9500732421875,1201894,0.0,0.0
2001-08-29 00:00:00+09:00,1803.3609619140625,1803.3609619140625,1803.3609619140625,1803.3609619140625,618456,0.0,0.0
2001-08-30 00:00:00+09:00,1723.5662841796875,1723.5662841796875,1723.5662841796875,1723.5662841796875,291850,0.0,0.0
2001-08-31 00:00:00+09:00,1595.89453125,1595.89453125,1595.89453125,1595.89453125,266104,0.0,0.0
2001-09-03 00:00:00+09:00,1603.8741455078125,1603.8741455078125,1603.8741455078125,1603.8741455078125,210861,0.0,0.0
2001-09-04 00:00:00+09:00,1763.4632568359375,1763.4632568359375,1763.4632568359375,1763.4632568359375,371276,0.0,0.0
2001-09-05 00:00:00+09:00,1667.7098388671875,1667.7098388671875,1667.7098388671875,1667.7098388671875,283984,0.0,0.0
2001-09-06 00:00:00+09:00,1707.60693359375,1707.60693359375,1707.60693359375,1707.60693359375,180651,0.0,0.0
2001-09-07 00:00:00+09:00,1707.60693359375,1707.60693359375,1707.60693359375,1707.60693359375,211366,0.0,0.0
2001-09-10 00:00:00+09:00,1675.6888427734375,1675.6888427734375,1675.6888427734375,1675.6888427734375,180224,0.0,0.0
2001-09-11 00:00:00+09:00,1651.7508544921875,1651.7508544921875,1651.7508544921875,1651.7508544921875,132789,0.0,0.0
2001-09-12 00:00:00+09:00,1460.2435302734375,1460.2435302734375,1460.2435302734375,1460.2435302734375,32673,0.0,0.0
2001-09-13 00:00:00+09:00,1412.366455078125,1412.366455078125,1412.366455078125,1412.366455078125,332659,0.0,0.0
2001-09-14 00:00:00+09:00,1244.7977294921875,1244.7977294921875,1244.7977294921875,1244.7977294921875,374835,0.0,0.0
2001-09-17 00:00:00+09:00,1101.167236328125,1101.167236328125,1101.167236328125,1101.167236328125,142438,0.0,0.0
2001-09-18 00:00:00+09:00,1204.9002685546875,1204.9002685546875,1204.9002685546875,1204.9002685546875,265050,0.0,0.0
2001-09-19 00:00:00+09:00,1172.9825439453125,1172.9825439453125,1172.9825439453125,1172.9825439453125,284682,0.0,0.0
2001-09-20 00:00:00+09:00,1109.146728515625,1109.146728515625,1109.146728515625,1109.146728515625,135236,0.0,0.0
2001-09-21 00:00:00+09:00,1053.290283203125,1053.290283203125,1053.290283203125,1053.290283203125,253954,0.0,0.0
2001-09-24 00:00:00+09:00,1101.167236328125,1101.167236328125,1101.167236328125,1101.167236328125,160556,0.0,0.0
2001-09-25 00:00:00+09:00,1045.31103515625,1045.31103515625,1045.31103515625,1045.31103515625,235069,0.0,0.0
2001-09-26 00:00:00+09:00,1061.269775390625,1061.269775390625,1061.269775390625,1061.269775390625,107133,0.0,0.0
2001-09-27 00:00:00+09:00,1085.208251953125,1085.208251953125,1085.208251953125,1085.208251953125,116518,0.0,0.0
2001-09-28 00:00:00+09:00,1149.0440673828125,1149.0440673828125,1149.0440673828125,1149.0440673828125,276107,0.0,0.0
2001-10-01 00:00:00+09:00,1149.0440673828125,1149.0440673828125,1149.0440673828125,1149.0440673828125,0,0.0,0.0
2001-10-02 00:00:00+09:00,1149.0440673828125,1149.0440673828125,1149.0440673828125,1149.0440673828125,0,0.0,0.0
2001-10-03 00:00:00+09:00,1149.0440673828125,1149.0440673828125,1149.0440673828125,1149.0440673828125,0,0.0,0.0
2001-10-04 00:00:00+09:00,1284.6951904296875,1284.6951904296875,1284.6951904296875,1284.6951904296875,347637,0.0,0.0
2001-10-05 00:00:00+09:00,1244.7977294921875,1244.7977294921875,1244.7977294921875,1244.7977294921875,220073,0.0,0.0
2001-10-08 00:00:00+09:00,1172.9825439453125,1172.9825439453125,1172.9825439453125,1172.9825439453125,212311,0.0,0.0
2001-10-09 00:00:00+09:00,1276.715576171875,1276.715576171875,1276.715576171875,1276.715576171875,403412,0.0,0.0
2001-10-10 00:00:00+09:00,1276.715576171875,1276.715576171875,1276.715576171875,1276.715576171875,381271,0.0,0.0
2001-10-11 00:00:00+09:00,1348.53076171875,1348.53076171875,1348.53076171875,1348.53076171875,530396,0.0,0.0
2001-10-12 00:00:00+09:00,1372.46923828125,1372.46923828125,1372.46923828125,1372.46923828125,404480,0.0,0.0
2001-10-15 00:00:00+09:00,1348.53076171875,1348.53076171875,1348.53076171875,1348.53076171875,177255,0.0,0.0
2001-10-16 00:00:00+09:00,1412.366455078125,1412.366455078125,1412.366455078125,1412.366455078125,818838,0.0,0.0
2001-10-17 00:00:00+09:00,1579.935546875,1579.935546875,1579.935546875,1579.935546875,951432,0.0,0.0
2001-10-18 00:00:00+09:00,1627.8123779296875,1627.8123779296875,1627.8123779296875,1627.8123779296875,1143260,0.0,0.0
2001-10-19 00:00:00+09:00,1819.3197021484377,1819.3197021484377,1819.3197021484377,1819.3197021484375,939469,0.0,0.0
2001-10-22 00:00:00+09:00,1739.52490234375,1739.52490234375,1739.52490234375,1739.52490234375,1279805,0.0,0.0
2001-10-23 00:00:00+09:00,1635.7919921875,1635.7919921875,1635.7919921875,1635.7919921875,624701,0.0,0.0
2001-10-24 00:00:00+09:00,1667.7098388671875,1667.7098388671875,1667.7098388671875,1667.7098388671875,372838,0.0,0.0
2001-10-25 00:00:00+09:00,1603.8741455078125,1603.8741455078125,1603.8741455078125,1603.8741455078125,256780,0.0,0.0
2001-10-26 00:00:00+09:00,1595.89453125,1595.89453125,1595.89453125,1595.89453125,175400,0.0,0.0
2001-10-29 00:00:00+09:00,1611.8536376953125,1611.8536376953125,1611.8536376953125,1611.8536376953125,197895,0.0,0.0
2001-10-30 00:00:00+09:00,1516.10009765625,1516.10009765625,1516.10009765625,1516.10009765625,278146,0.0,0.0
2001-10-31 00:00:00+09:00,1540.0382080078125,1540.0382080078125,1540.0382080078125,1540.0382080078125,331556,0.0,0.0
2001-11-01 00:00:00+09:00,1691.648193359375,1691.648193359375,1691.648193359375,1691.648193359375,755622,0.0,0.0
2001-11-02 00:00:00+09:00,1691.648193359375,1691.648193359375,1691.648193359375,1691.648193359375,585437,0.0,0.0
2001-11-05 00:00:00+09:00,1675.6888427734375,1675.6888427734375,1675.6888427734375,1675.6888427734375,235119,0.0,0.0
2001-11-06 00:00:00+09:00,1675.6888427734375,1675.6888427734375,1675.6888427734375,1675.6888427734375,591693,0.0,0.0
2001-11-07 00:00:00+09:00,1635.7919921875,1635.7919921875,1635.7919921875,1635.7919921875,274794,0.0,0.0
2001-11-08 00:00:00+09:00,1619.8326416015625,1619.8326416015625,1619.8326416015625,1619.8326416015625,361660,0.0,0.0
2001-11-09 00:00:00+09:00,1691.648193359375,1691.648193359375,1691.648193359375,1691.648193359375,1249204,0.0,0.0
2001-11-12 00:00:00+09:00,1875.1763916015625,1875.1763916015625,1875.1763916015625,1875.1763916015625,1897382,0.0,0.0
2001-11-13 00:00:00+09:00,1763.4632568359375,1763.4632568359375,1763.4632568359375,1763.4632568359375,1191552,0.0,0.0
2001-11-14 00:00:00+09:00,1954.970703125,1954.970703125,1954.970703125,1954.970703125,1868214,0.0,0.0
2001-11-15 00:00:00+09:00,1795.3812255859375,1795.3812255859375,1795.3812255859375,1795.3812255859375,900292,0.0,0.0
2001-11-16 00:00:00+09:00,1755.4840087890625,1755.4840087890625,1755.4840087890625,1755.4840087890625,544784,0.0,0.0
2001-11-19 00:00:00+09:00,1795.3812255859375,1795.3812255859375,1795.3812255859375,1795.3812255859375,922160,0.0,0.0
2001-11-20 00:00:00+09:00,1707.60693359375,1707.60693359375,1707.60693359375,1707.60693359375,625720,0.0,0.0
2001-11-21 00:00:00+09:00,1707.60693359375,1707.60693359375,1707.60693359375,1707.60693359375,226173,0.0,0.0
2001-11-22 00:00:00+09:00,1707.60693359375,1707.60693359375,1707.60693359375,1707.60693359375,230218,0.0,0.0
2001-11-23 00:00:00+09:00,1691.648193359375,1691.648193359375,1691.648193359375,1691.648193359375,342674,0.0,0.0
2001-11-26 00:00:00+09:00,1715.5865478515625,1715.5865478515625,1715.5865478515625,1715.5865478515625,353688,0.0,0.0
2001-11-27 00:00:00+09:00,1707.60693359375,1707.60693359375,1707.60693359375,1707.60693359375,579563,0.0,0.0
2001-11-28 00:00:00+09:00,1579.935546875,1579.935546875,1579.935546875,1579.935546875,506603,0.0,0.0
2001-11-29 00:00:00+09:00,1579.935546875,1579.935546875,1579.935546875,1579.935546875,277279,0.0,0.0
2001-11-30 00:00:00+09:00,1595.89453125,1595.89453125,1595.89453125,1595.89453125,298129,0.0,0.0
2001-12-03 00:00:00+09:00,1571.9560546875,1571.9560546875,1571.9560546875,1571.9560546875,314123,0.0,0.0
2001-12-04 00:00:00+09:00,1555.9970703125,1555.9970703125,1555.9970703125,1555.9970703125,400566,0.0,0.0
2001-12-05 00:00:00+09:00,1739.52490234375,1739.52490234375,1739.52490234375,1739.52490234375,333146,0.0,0.0
2001-12-06 00:00:00+09:00,1946.9908447265625,1946.9908447265625,1946.9908447265625,1946.9908447265625,2552857,0.0,0.0
2001-12-07 00:00:00+09:00,2106.58056640625,2106.58056640625,2106.58056640625,2106.58056640625,2878228,0.0,0.0
2001-12-10 00:00:00+09:00,2042.7447509765625,2042.7447509765625,2042.7447509765625,2042.7447509765625,1711407,0.0,0.0
2001-12-11 00:00:00+09:00,1899.1147460937498,1899.1147460937498,1899.1147460937498,1899.11474609375,845041,0.0,0.0
2001-12-12 00:00:00+09:00,2122.53955078125,2122.53955078125,2122.53955078125,2122.53955078125,1454717,0.0,0.0
2001-12-13 00:00:00+09:00,2034.7655029296875,2034.7655029296875,2034.7655029296875,2034.7655029296875,1001523,0.0,0.0
2001-12-14 00:00:00+09:00,1946.9908447265625,1946.9908447265625,1946.9908447265625,1946.9908447265625,666361,0.0,0.0
2001-12-17 00:00:00+09:00,2018.8062744140625,2018.8062744140625,2018.8062744140625,2018.8062744140625,1708381,0.0,0.0
2001-12-18 00:00:00+09:00,1939.01171875,1939.01171875,1939.01171875,1939.01171875,1879570,0.0,0.0
2001-12-19 00:00:00+09:00,1803.3609619140625,1803.3609619140625,1803.3609619140625,1803.3609619140625,847194,0.0,0.0
2001-12-20 00:00:00+09:00,1811.34033203125,1811.34033203125,1811.34033203125,1811.34033203125,398284,0.0,0.0
2001-12-21 00:00:00+09:00,1715.5865478515625,1715.5865478515625,1715.5865478515625,1715.5865478515625,394620,0.0,0.0
2001-12-24 00:00:00+09:00,1683.668701171875,1683.668701171875,1683.668701171875,1683.668701171875,310661,0.0,0.0
2001-12-25 00:00:00+09:00,1683.668701171875,1683.668701171875,1683.668701171875,1683.668701171875,0,0.0,0.0
2001-12-26 00:00:00+09:00,1875.1763916015625,1875.1763916015625,1875.1763916015625,1875.1763916015625,842120,0.0,0.0
2001-12-27 00:00:00+09:00,1811.34033203125,1811.34033203125,1811.34033203125,1811.34033203125,420555,0.0,0.0
2001-12-28 00:00:00+09:00,1867.1964111328127,1867.1964111328127,1867.1964111328127,1867.1964111328125,430690,0.0,0.0
2001-12-31 00:00:00+09:00,1867.1964111328127,1867.1964111328127,1867.1964111328127,1867.1964111328125,0,0.0,0.0
2002-01-01 00:00:00+09:00,1867.1964111328127,1867.1964111328127,1867.1964111328127,1867.1964111328125,0,0.0,0.0
2002-01-02 00:00:00+09:00,2090.6220703125,2090.6220703125,2090.6220703125,2090.6220703125,1098626,0.0,0.0
2002-01-03 00:00:00+09:00,2082.642333984375,2082.642333984375,2082.642333984375,2082.642333984375,1742676,0.0,0.0
2002-01-04 00:00:00+09:00,2114.560546875,2114.560546875,2114.560546875,2114.560546875,882912,0.0,0.0
2002-01-07 00:00:00+09:00,2074.662841796875,2074.662841796875,2074.662841796875,2074.662841796875,1141027,0.0,0.0
2002-01-08 00:00:00+09:00,2050.724365234375,2050.724365234375,2050.724365234375,2050.724365234375,794742,0.0,0.0
2002-01-09 00:00:00+09:00,2290.108642578125,2290.108642578125,2290.108642578125,2290.108642578125,2192299,0.0,0.0
2002-01-10 00:00:00+09:00,2561.41064453125,2561.41064453125,2561.41064453125,2561.41064453125,3408471,0.0,0.0
2002-01-11 00:00:00+09:00,2784.836181640625,2784.836181640625,2784.836181640625,2784.836181640625,3610774,0.0,0.0
2002-01-14 00:00:00+09:00,2888.56884765625,2888.56884765625,2888.56884765625,2888.56884765625,3482095,0.0,0.0
2002-01-15 00:00:00+09:00,2601.30810546875,2601.30810546875,2601.30810546875,2601.30810546875,1388083,0.0,0.0
2002-01-16 00:00:00+09:00,2473.635986328125,2473.635986328125,2473.635986328125,2473.635986328125,714369,0.0,0.0
2002-01-17 00:00:00+09:00,2569.390380859375,2569.390380859375,2569.390380859375,2569.390380859375,1092282,0.0,0.0
2002-01-18 00:00:00+09:00,2353.944091796875,2353.944091796875,2353.944091796875,2353.944091796875,589218,0.0,0.0
2002-01-21 00:00:00+09:00,2369.903076171875,2369.903076171875,2369.903076171875,2369.903076171875,379133,0.0,0.0
2002-01-22 00:00:00+09:00,2457.677490234375,2457.677490234375,2457.677490234375,2457.677490234375,735742,0.0,0.0
2002-01-23 00:00:00+09:00,2489.595458984375,2489.595458984375,2489.595458984375,2489.595458984375,517516,0.0,0.0
2002-01-24 00:00:00+09:00,2513.5341796875,2513.5341796875,2513.5341796875,2513.5341796875,638523,0.0,0.0
2002-01-25 00:00:00+09:00,2505.5546875,2505.5546875,2505.5546875,2505.5546875,539921,0.0,0.0
2002-01-28 00:00:00+09:00,2601.30810546875,2601.30810546875,2601.30810546875,2601.30810546875,569955,0.0,0.0
2002-01-29 00:00:00+09:00,2713.0205078125,2713.0205078125,2713.0205078125,2713.0205078125,701684,0.0,0.0
2002-01-30 00:00:00+09:00,2529.492919921875,2529.492919921875,2529.492919921875,2529.492919921875,583094,0.0,0.0
2002-01-31 00:00:00+09:00,2529.492919921875,2529.492919921875,2529.492919921875,2529.492919921875,425124,0.0,0.0
2002-02-01 00:00:00+09:00,2417.780517578125,2417.780517578125,2417.780517578125,2417.780517578125,438965,0.0,0.0
2002-02-04 00:00:00+09:00,2282.128662109375,2282.128662109375,2282.128662109375,2282.128662109375,338658,0.0,0.0
2002-02-05 00:00:00+09:00,2393.841796875,2393.841796875,2393.841796875,2393.841796875,490865,0.0,0.0
2002-02-06 00:00:00+09:00,2314.046875,2314.046875,2314.046875,2314.046875,513172,0.0,0.0
2002-02-07 00:00:00+09:00,2170.41650390625,2170.41650390625,2170.41650390625,2170.41650390625,262703,0.0,0.0
2002-02-08 00:00:00+09:00,2234.25244140625,2234.25244140625,2234.25244140625,2234.25244140625,376267,0.0,0.0
2002-02-11 00:00:00+09:00,2234.25244140625,2234.25244140625,2234.25244140625,2234.25244140625,0,0.0,0.0
2002-02-12 00:00:00+09:00,2234.25244140625,2234.25244140625,2234.25244140625,2234.25244140625,0,0.0,0.0
2002-02-13 00:00:00+09:00,2234.25244140625,2234.25244140625,2234.25244140625,2234.25244140625,0,0.0,0.0
2002-02-14 00:00:00+09:00,2314.046875,2314.046875,2314.046875,2314.046875,464700,0.0,0.0
2002-02-15 00:00:00+09:00,2170.41650390625,2170.41650390625,2170.41650390625,2170.41650390625,1116841,0.0,0.0
2002-02-18 00:00:00+09:00,2234.25244140625,2234.25244140625,2234.25244140625,2234.25244140625,696094,0.0,0.0
2002-02-19 00:00:00+09:00,2441.71875,2441.71875,2441.71875,2441.71875,3254624,0.0,0.0
2002-02-20 00:00:00+09:00,2473.635986328125,2473.635986328125,2473.635986328125,2473.635986328125,992809,0.0,0.0
2002-02-21 00:00:00+09:00,2441.71875,2441.71875,2441.71875,2441.71875,965616,0.0,0.0
2002-02-22 00:00:00+09:00,2393.841796875,2393.841796875,2393.841796875,2393.841796875,716413,0.0,0.0
2002-02-25 00:00:00+09:00,2361.923583984375,2361.923583984375,2361.923583984375,2361.923583984375,549534,0.0,0.0
2002-02-26 00:00:00+09:00,2489.595458984375,2489.595458984375,2489.595458984375,2489.595458984375,1433107,0.0,0.0
2002-02-27 00:00:00+09:00,2465.65673828125,2465.65673828125,2465.65673828125,2465.65673828125,807122,0.0,0.0
2002-02-28 00:00:00+09:00,2393.841796875,2393.841796875,2393.841796875,2393.841796875,716117,0.0,0.0
2002-03-01 00:00:00+09:00,2393.841796875,2393.841796875,2393.841796875,2393.841796875,0,0.0,0.0
2002-03-04 00:00:00+09:00,2681.10302734375,2681.10302734375,2681.10302734375,2681.10302734375,1718471,0.0,0.0
2002-03-05 00:00:00+09:00,3000.28125,3000.28125,3000.28125,3000.28125,2361196,0.0,0.0
2002-03-06 00:00:00+09:00,2912.507568359375,2912.507568359375,2912.507568359375,2912.507568359375,2008618,0.0,0.0
2002-03-07 00:00:00+09:00,2784.836181640625,2784.836181640625,2784.836181640625,2784.836181640625,985218,0.0,0.0
2002-03-08 00:00:00+09:00,2816.75390625,2816.75390625,2816.75390625,2816.75390625,778245,0.0,0.0
2002-03-11 00:00:00+09:00,2832.712890625,2832.712890625,2832.712890625,2832.712890625,893141,0.0,0.0
2002-03-12 00:00:00+09:00,2744.9384765625,2744.9384765625,2744.9384765625,2744.9384765625,770933,0.0,0.0
2002-03-13 00:00:00+09:00,2697.0615234375,2697.0615234375,2697.0615234375,2697.0615234375,532754,0.0,0.0
2002-03-14 00:00:00+09:00,2697.0615234375,2697.0615234375,2697.0615234375,2697.0615234375,621047,0.0,0.0
2002-03-15 00:00:00+09:00,2665.14404296875,2665.14404296875,2665.14404296875,2665.14404296875,1058437,0.0,0.0
2002-03-18 00:00:00+09:00,2760.8974609375,2760.8974609375,2760.8974609375,2760.8974609375,1008003,0.0,0.0
2002-03-19 00:00:00+09:00,2713.0205078125,2713.0205078125,2713.0205078125,2713.0205078125,901294,0.0,0.0
2002-03-20 00:00:00+09:00,2609.287353515625,2609.287353515625,2609.287353515625,2609.287353515625,802947,0.0,0.0
2002-03-21 00:00:00+09:00,2505.5546875,2505.5546875,2505.5546875,2505.5546875,722379,0.0,0.0
2002-03-22 00:00:00+09:00,2529.492919921875,2529.492919921875,2529.492919921875,2529.492919921875,554276,0.0,0.0
2002-03-25 00:00:00+09:00,2513.5341796875,2513.5341796875,2513.5341796875,2513.5341796875,670968,0.0,0.0
2002-03-26 00:00:00+09:00,2521.512939453125,2521.512939453125,2521.512939453125,2521.512939453125,485627,0.0,0.0
2002-03-27 00:00:00+09:00,2633.22607421875,2633.22607421875,2633.22607421875,2633.22607421875,774447,0.0,0.0
2002-03-28 00:00:00+09:00,2505.5546875,2505.5546875,2505.5546875,2505.5546875,488943,0.0,0.0
2002-03-29 00:00:00+09:00,2529.492919921875,2529.492919921875,2529.492919921875,2529.492919921875,344925,0.0,0.0
2002-04-01 00:00:00+09:00,2385.86181640625,2385.86181640625,2385.86181640625,2385.86181640625,471879,0.0,0.0
2002-04-02 00:00:00+09:00,2537.472412109375,2537.472412109375,2537.472412109375,2537.472412109375,701020,0.0,0.0
2002-04-03 00:00:00+09:00,2393.841796875,2393.841796875,2393.841796875,2393.841796875,494165,0.0,0.0
2002-04-04 00:00:00+09:00,2417.780517578125,2417.780517578125,2417.780517578125,2417.780517578125,511371,0.0,0.0
2002-04-05 00:00:00+09:00,2417.780517578125,2417.780517578125,2417.780517578125,2417.780517578125,0,0.0,0.0
2002-04-08 00:00:00+09:00,2705.041015625,2705.041015625,2705.041015625,2705.041015625,1553386,0.0,0.0
2002-04-09 00:00:00+09:00,2593.32861328125,2593.32861328125,2593.32861328125,2593.32861328125,2320030,0.0,0.0
2002-04-10 00:00:00+09:00,2433.7392578125,2433.7392578125,2433.7392578125,2433.7392578125,609817,0.0,0.0
2002-04-11 00:00:00+09:00,2441.71875,2441.71875,2441.71875,2441.71875,406205,0.0,0.0
2002-04-12 00:00:00+09:00,2473.635986328125,2473.635986328125,2473.635986328125,2473.635986328125,402195,0.0,0.0
2002-04-15 00:00:00+09:00,2768.877197265625,2768.877197265625,2768.877197265625,2768.877197265625,1816097,0.0,0.0
2002-04-16 00:00:00+09:00,2673.123046875,2673.123046875,2673.123046875,2673.123046875,1117294,0.0,0.0
2002-04-17 00:00:00+09:00,2736.959228515625,2736.959228515625,2736.959228515625,2736.959228515625,1675383,0.0,0.0
2002-04-18 00:00:00+09:00,2601.30810546875,2601.30810546875,2601.30810546875,2601.30810546875,546384,0.0,0.0
2002-04-19 00:00:00+09:00,2521.512939453125,2521.512939453125,2521.512939453125,2521.512939453125,559451,0.0,0.0
2002-04-22 00:00:00+09:00,2521.512939453125,2521.512939453125,2521.512939453125,2521.512939453125,470687,0.0,0.0
2002-04-23 00:00:00+09:00,2529.492919921875,2529.492919921875,2529.492919921875,2529.492919921875,341630,0.0,0.0
2002-04-24 00:00:00+09:00,2425.760009765625,2425.760009765625,2425.760009765625,2425.760009765625,318946,0.0,0.0
2002-04-25 00:00:00+09:00,2290.108642578125,2290.108642578125,2290.108642578125,2290.108642578125,381517,0.0,0.0
2002-04-26 00:00:00+09:00,2274.149658203125,2274.149658203125,2274.149658203125,2274.149658203125,217243,0.0,0.0
2002-04-29 00:00:00+09:00,2074.662841796875,2074.662841796875,2074.662841796875,2074.662841796875,351401,0.0,0.0
2002-04-30 00:00:00+09:00,2018.8062744140625,2018.8062744140625,2018.8062744140625,2018.8062744140625,211445,0.0,0.0
2002-05-01 00:00:00+09:00,2018.8062744140625,2018.8062744140625,2018.8062744140625,2018.8062744140625,0,0.0,0.0
2002-05-02 00:00:00+09:00,2090.6220703125,2090.6220703125,2090.6220703125,2090.6220703125,179797,0.0,0.0
2002-05-03 00:00:00+09:00,2242.23193359375,2242.23193359375,2242.23193359375,2242.23193359375,454934,0.0,0.0
2002-05-06 00:00:00+09:00,2154.45751953125,2154.45751953125,2154.45751953125,2154.45751953125,223817,0.0,0.0
2002-05-07 00:00:00+09:00,2194.35498046875,2194.35498046875,2194.35498046875,2194.35498046875,249336,0.0,0.0
2002-05-08 00:00:00+09:00,2226.27294921875,2226.27294921875,2226.27294921875,2226.27294921875,208719,0.0,0.0
2002-05-09 00:00:00+09:00,2202.33447265625,2202.33447265625,2202.33447265625,2202.33447265625,193090,0.0,0.0
2002-05-10 00:00:00+09:00,2098.60107421875,2098.60107421875,2098.60107421875,2098.60107421875,164480,0.0,0.0
2002-05-13 00:00:00+09:00,2090.6220703125,2090.6220703125,2090.6220703125,2090.6220703125,150465,0.0,0.0
2002-05-14 00:00:00+09:00,2138.49853515625,2138.49853515625,2138.49853515625,2138.49853515625,447455,0.0,0.0
2002-05-15 00:00:00+09:00,2210.313720703125,2210.313720703125,2210.313720703125,2210.313720703125,593570,0.0,0.0
2002-05-16 00:00:00+09:00,2090.6220703125,2090.6220703125,2090.6220703125,2090.6220703125,506797,0.0,0.0
2002-05-17 00:00:00+09:00,2106.58056640625,2106.58056640625,2106.58056640625,2106.58056640625,322947,0.0,0.0
2002-05-20 00:00:00+09:00,2074.662841796875,2074.662841796875,2074.662841796875,2074.662841796875,229171,0.0,0.0
2002-05-21 00:00:00+09:00,2002.8477783203125,2002.8477783203125,2002.8477783203125,2002.8477783203125,195019,0.0,0.0
2002-05-22 00:00:00+09:00,1994.8681640625,1994.8681640625,1994.8681640625,1994.8681640625,231487,0.0,0.0
2002-05-23 00:00:00+09:00,1899.1147460937498,1899.1147460937498,1899.1147460937498,1899.11474609375,261641,0.0,0.0
2002-05-24 00:00:00+09:00,1819.3197021484377,1819.3197021484377,1819.3197021484377,1819.3197021484375,278435,0.0,0.0
2002-05-27 00:00:00+09:00,1795.3812255859375,1795.3812255859375,1795.3812255859375,1795.3812255859375,357616,0.0,0.0
2002-05-28 00:00:00+09:00,1787.401611328125,1787.401611328125,1787.401611328125,1787.401611328125,309188,0.0,0.0
2002-05-29 00:00:00+09:00,1699.6278076171875,1699.6278076171875,1699.6278076171875,1699.6278076171875,237631,0.0,0.0
2002-05-30 00:00:00+09:00,1603.8741455078125,1603.8741455078125,1603.8741455078125,1603.8741455078125,182066,0.0,0.0
2002-05-31 00:00:00+09:00,1659.7303466796875,1659.7303466796875,1659.7303466796875,1659.7303466796875,156204,0.0,0.0
2002-06-03 00:00:00+09:00,1595.89453125,1595.89453125,1595.89453125,1595.89453125,110541,0.0,0.0
2002-06-04 00:00:00+09:00,1611.8536376953125,1611.8536376953125,1611.8536376953125,1611.8536376953125,99938,0.0,0.0
2002-06-05 00:00:00+09:00,1651.7508544921875,1651.7508544921875,1651.7508544921875,1651.7508544921875,112138,0.0,0.0
2002-06-06 00:00:00+09:00,1651.7508544921875,1651.7508544921875,1651.7508544921875,1651.7508544921875,0,0.0,0.0
2002-06-07 00:00:00+09:00,1571.9560546875,1571.9560546875,1571.9560546875,1571.9560546875,101432,0.0,0.0
2002-06-10 00:00:00+09:00,1611.8536376953125,1611.8536376953125,1611.8536376953125,1611.8536376953125,57351,0.0,0.0
2002-06-11 00:00:00+09:00,1619.8326416015625,1619.8326416015625,1619.8326416015625,1619.8326416015625,114971,0.0,0.0
2002-06-12 00:00:00+09:00,1659.7303466796875,1659.7303466796875,1659.7303466796875,1659.7303466796875,94740,0.0,0.0
2002-06-13 00:00:00+09:00,1659.7303466796875,1659.7303466796875,1659.7303466796875,1659.7303466796875,0,0.0,0.0
2002-06-14 00:00:00+09:00,1659.7303466796875,1659.7303466796875,1659.7303466796875,1659.7303466796875,124888,0.0,0.0
2002-06-17 00:00:00+09:00,1651.7508544921875,1651.7508544921875,1651.7508544921875,1651.7508544921875,64661,0.0,0.0
2002-06-18 00:00:00+09:00,1659.7303466796875,1659.7303466796875,1659.7303466796875,1659.7303466796875,190650,0.0,0.0
2002-06-19 00:00:00+09:00,1516.10009765625,1516.10009765625,1516.10009765625,1516.10009765625,145508,0.0,0.0
2002-06-20 00:00:00+09:00,1516.10009765625,1516.10009765625,1516.10009765625,1516.10009765625,83080,0.0,0.0
2002-06-21 00:00:00+09:00,1476.2025146484375,1476.2025146484375,1476.2025146484375,1476.2025146484375,67041,0.0,0.0
2002-06-24 00:00:00+09:00,1332.572021484375,1332.572021484375,1332.572021484375,1332.572021484375,142581,0.0,0.0
2002-06-25 00:00:00+09:00,1268.7362060546875,1268.7362060546875,1268.7362060546875,1268.7362060546875,94804,0.0,0.0
2002-06-26 00:00:00+09:00,1117.126220703125,1117.126220703125,1117.126220703125,1117.126220703125,187166,0.0,0.0
2002-06-27 00:00:00+09:00,1188.94140625,1188.94140625,1188.94140625,1188.94140625,150836,0.0,0.0
2002-06-28 00:00:00+09:00,1308.633544921875,1308.633544921875,1308.633544921875,1308.633544921875,162775,0.0,0.0
2002-07-01 00:00:00+09:00,1308.633544921875,1308.633544921875,1308.633544921875,1308.633544921875,0,0.0,0.0
2002-07-02 00:00:00+09:00,1332.572021484375,1332.572021484375,1332.572021484375,1332.572021484375,104273,0.0,0.0
2002-07-03 00:00:00+09:00,1364.4896240234375,1364.4896240234375,1364.4896240234375,1364.4896240234375,143364,0.0,0.0
2002-07-04 00:00:00+09:00,1372.46923828125,1372.46923828125,1372.46923828125,1372.46923828125,123795,0.0,0.0
2002-07-05 00:00:00+09:00,1460.2435302734375,1460.2435302734375,1460.2435302734375,1460.2435302734375,401830,0.0,0.0
2002-07-08 00:00:00+09:00,1500.140625,1500.140625,1500.140625,1500.140625,369661,0.0,0.0
2002-07-09 00:00:00+09:00,1532.058349609375,1532.058349609375,1532.058349609375,1532.058349609375,166189,0.0,0.0
2002-07-10 00:00:00+09:00,1492.161376953125,1492.161376953125,1492.161376953125,1492.161376953125,101749,0.0,0.0
2002-07-11 00:00:00+09:00,1404.386962890625,1404.386962890625,1404.386962890625,1404.386962890625,153813,0.0,0.0
2002-07-12 00:00:00+09:00,1500.140625,1500.140625,1500.140625,1500.140625,241359,0.0,0.0
2002-07-15 00:00:00+09:00,1516.10009765625,1516.10009765625,1516.10009765625,1516.10009765625,381864,0.0,0.0
2002-07-16 00:00:00+09:00,1516.10009765625,1516.10009765625,1516.10009765625,1516.10009765625,198873,0.0,0.0
2002-07-17 00:00:00+09:00,1516.10009765625,1516.10009765625,1516.10009765625,1516.10009765625,0,0.0,0.0
2002-07-18 00:00:00+09:00,1476.2025146484375,1476.2025146484375,1476.2025146484375,1476.2025146484375,156585,0.0,0.0
2002-07-19 00:00:00+09:00,1412.366455078125,1412.366455078125,1412.366455078125,1412.366455078125,114050,0.0,0.0
2002-07-22 00:00:00+09:00,1284.6951904296875,1284.6951904296875,1284.6951904296875,1284.6951904296875,114714,0.0,0.0
2002-07-23 00:00:00+09:00,1428.32568359375,1428.32568359375,1428.32568359375,1428.32568359375,178738,0.0,0.0
2002-07-24 00:00:00+09:00,1340.551513671875,1340.551513671875,1340.551513671875,1340.551513671875,91355,0.0,0.0
2002-07-25 00:00:00+09:00,1356.51025390625,1356.51025390625,1356.51025390625,1356.51025390625,114504,0.0,0.0
2002-07-26 00:00:00+09:00,1284.6951904296875,1284.6951904296875,1284.6951904296875,1284.6951904296875,128550,0.0,0.0
2002-07-29 00:00:00+09:00,1284.6951904296875,1284.6951904296875,1284.6951904296875,1284.6951904296875,79102,0.0,0.0
2002-07-30 00:00:00+09:00,1324.5924072265625,1324.5924072265625,1324.5924072265625,1324.5924072265625,112742,0.0,0.0
2002-07-31 00:00:00+09:00,1292.6744384765625,1292.6744384765625,1292.6744384765625,1292.6744384765625,68143,0.0,0.0
2002-08-01 00:00:00+09:00,1292.6744384765625,1292.6744384765625,1292.6744384765625,1292.6744384765625,75420,0.0,0.0
2002-08-02 00:00:00+09:00,1284.6951904296875,1284.6951904296875,1284.6951904296875,1284.6951904296875,28548,0.0,0.0
2002-08-05 00:00:00+09:00,1260.7564697265625,1260.7564697265625,1260.7564697265625,1260.7564697265625,26072,0.0,0.0
2002-08-06 00:00:00+09:00,1252.77734375,1252.77734375,1252.77734375,1252.77734375,77021,0.0,0.0
2002-08-07 00:00:00+09:00,1300.654052734375,1300.654052734375,1300.654052734375,1300.654052734375,107582,0.0,0.0
2002-08-08 00:00:00+09:00,1308.633544921875,1308.633544921875,1308.633544921875,1308.633544921875,74379,0.0,0.0
2002-08-09 00:00:00+09:00,1292.6744384765625,1292.6744384765625,1292.6744384765625,1292.6744384765625,123755,0.0,0.0
2002-08-12 00:00:00+09:00,1292.6744384765625,1292.6744384765625,1292.6744384765625,1292.6744384765625,81095,0.0,0.0
2002-08-13 00:00:00+09:00,1300.654052734375,1300.654052734375,1300.654052734375,1300.654052734375,59402,0.0,0.0
2002-08-14 00:00:00+09:00,1316.613037109375,1316.613037109375,1316.613037109375,1316.613037109375,128613,0.0,0.0
2002-08-15 00:00:00+09:00,1316.613037109375,1316.613037109375,1316.613037109375,1316.613037109375,0,0.0,0.0
2002-08-16 00:00:00+09:00,1324.5924072265625,1324.5924072265625,1324.5924072265625,1324.5924072265625,119813,0.0,0.0
2002-08-19 00:00:00+09:00,1332.572021484375,1332.572021484375,1332.572021484375,1332.572021484375,388735,0.0,0.0
2002-08-20 00:00:00+09:00,1332.572021484375,1332.572021484375,1332.572021484375,1332.572021484375,181878,0.0,0.0
2002-08-21 00:00:00+09:00,1308.633544921875,1308.633544921875,1308.633544921875,1308.633544921875,92139,0.0,0.0
2002-08-22 00:00:00+09:00,1324.5924072265625,1324.5924072265625,1324.5924072265625,1324.5924072265625,93292,0.0,0.0
2002-08-23 00:00:00+09:00,1300.654052734375,1300.654052734375,1300.654052734375,1300.654052734375,84748,0.0,0.0
2002-08-26 00:00:00+09:00,1268.7362060546875,1268.7362060546875,1268.7362060546875,1268.7362060546875,75601,0.0,0.0
2002-08-27 00:00:00+09:00,1268.7362060546875,1268.7362060546875,1268.7362060546875,1268.7362060546875,48276,0.0,0.0
2002-08-28 00:00:00+09:00,1268.7362060546875,1268.7362060546875,1268.7362060546875,1268.7362060546875,48722,0.0,0.0
2002-08-29 00:00:00+09:00,1260.7564697265625,1260.7564697265625,1260.7564697265625,1260.7564697265625,52209,0.0,0.0
2002-08-30 00:00:00+09:00,1260.7564697265625,1260.7564697265625,1260.7564697265625,1260.7564697265625,48800,0.0,0.0
2002-09-02 00:00:00+09:00,1260.7564697265625,1260.7564697265625,1260.7564697265625,1260.7564697265625,49961,0.0,0.0
2002-09-03 00:00:00+09:00,1252.77734375,1252.77734375,1252.77734375,1252.77734375,72993,0.0,0.0
2002-09-04 00:00:00+09:00,1220.859375,1220.859375,1220.859375,1220.859375,58843,0.0,0.0
2002-09-05 00:00:00+09:00,1252.77734375,1252.77734375,1252.77734375,1252.77734375,78331,0.0,0.0
2002-09-06 00:00:00+09:00,1212.8800048828125,1212.8800048828125,1212.8800048828125,1212.8800048828125,60492,0.0,0.0
2002-09-09 00:00:00+09:00,1141.0643310546875,1141.0643310546875,1141.0643310546875,1141.0643310546875,87837,0.0,0.0
2002-09-10 00:00:00+09:00,1149.0440673828125,1149.0440673828125,1149.0440673828125,1149.0440673828125,53606,0.0,0.0
2002-09-11 00:00:00+09:00,1141.0643310546875,1141.0643310546875,1141.0643310546875,1141.0643310546875,84261,0.0,0.0
2002-09-12 00:00:00+09:00,1141.0643310546875,1141.0643310546875,1141.0643310546875,1141.0643310546875,150594,0.0,0.0
2002-09-13 00:00:00+09:00,1117.126220703125,1117.126220703125,1117.126220703125,1117.126220703125,79101,0.0,0.0
2002-09-16 00:00:00+09:00,1093.1875,1093.1875,1093.1875,1093.1875,39883,0.0,0.0
2002-09-17 00:00:00+09:00,1117.126220703125,1117.126220703125,1117.126220703125,1117.126220703125,77396,0.0,0.0
2002-09-18 00:00:00+09:00,1053.290283203125,1053.290283203125,1053.290283203125,1053.290283203125,55630,0.0,0.0
2002-09-19 00:00:00+09:00,1053.290283203125,1053.290283203125,1053.290283203125,1053.290283203125,37345,0.0,0.0
2002-09-20 00:00:00+09:00,1053.290283203125,1053.290283203125,1053.290283203125,1053.290283203125,0,0.0,0.0
2002-09-23 00:00:00+09:00,997.43408203125,997.43408203125,997.43408203125,997.43408203125,54356,0.0,0.0
2002-09-24 00:00:00+09:00,965.5161743164062,965.5161743164062,965.5161743164062,965.5161743164062,76199,0.0,0.0
2002-09-25 00:00:00+09:00,909.6598510742189,909.6598510742189,909.6598510742189,909.6598510742188,76017,0.0,0.0
2002-09-26 00:00:00+09:00,925.6187133789062,925.6187133789062,925.6187133789062,925.6187133789062,60709,0.0,0.0
2002-09-27 00:00:00+09:00,893.7008056640625,893.7008056640625,893.7008056640625,893.7008056640625,34613,0.0,0.0
2002-09-30 00:00:00+09:00,861.7831420898438,861.7831420898438,861.7831420898438,861.7831420898438,92631,0.0,0.0
2002-10-01 00:00:00+09:00,869.762451171875,869.762451171875,869.762451171875,869.762451171875,69246,0.0,0.0
2002-10-02 00:00:00+09:00,901.6804809570312,901.6804809570312,901.6804809570312,901.6804809570312,88474,0.0,0.0
2002-10-03 00:00:00+09:00,901.6804809570312,901.6804809570312,901.6804809570312,901.6804809570312,0,0.0,0.0
2002-10-04 00:00:00+09:00,909.6598510742189,909.6598510742189,909.6598510742189,909.6598510742188,38413,0.0,0.0
2002-10-07 00:00:00+09:00,893.7008056640625,893.7008056640625,893.7008056640625,893.7008056640625,30455,0.0,0.0
2002-10-08 00:00:00+09:00,901.6804809570312,901.6804809570312,901.6804809570312,901.6804809570312,55407,0.0,0.0
2002-10-09 00:00:00+09:00,885.7213745117189,885.7213745117189,885.7213745117189,885.7213745117188,89975,0.0,0.0
2002-10-10 00:00:00+09:00,877.7420043945312,877.7420043945312,877.7420043945312,877.7420043945312,84600,0.0,0.0
2002-10-11 00:00:00+09:00,877.7420043945312,877.7420043945312,877.7420043945312,877.7420043945312,72496,0.0,0.0
2002-10-14 00:00:00+09:00,917.639404296875,917.639404296875,917.639404296875,917.639404296875,76649,0.0,0.0
2002-10-15 00:00:00+09:00,981.4750366210939,981.4750366210939,981.4750366210939,981.4750366210938,300361,0.0,0.0
2002-10-16 00:00:00+09:00,933.5982055664064,933.5982055664064,933.5982055664064,933.5982055664062,496390,0.0,0.0
2002-10-17 00:00:00+09:00,941.5777587890625,941.5777587890625,941.5777587890625,941.5777587890625,364095,0.0,0.0
2002-10-18 00:00:00+09:00,997.43408203125,997.43408203125,997.43408203125,997.43408203125,418367,0.0,0.0
2002-10-21 00:00:00+09:00,933.5982055664064,933.5982055664064,933.5982055664064,933.5982055664062,298931,0.0,0.0
2002-10-22 00:00:00+09:00,909.6598510742189,909.6598510742189,909.6598510742189,909.6598510742188,231618,0.0,0.0
2002-10-23 00:00:00+09:00,933.5982055664064,933.5982055664064,933.5982055664064,933.5982055664062,124662,0.0,0.0
2002-10-24 00:00:00+09:00,965.5161743164062,965.5161743164062,965.5161743164062,965.5161743164062,392355,0.0,0.0
2002-10-25 00:00:00+09:00,989.4546508789062,989.4546508789062,989.4546508789062,989.4546508789062,164948,0.0,0.0
2002-10-28 00:00:00+09:00,1101.167236328125,1101.167236328125,1101.167236328125,1101.167236328125,625515,0.0,0.0
2002-10-29 00:00:00+09:00,1093.1875,1093.1875,1093.1875,1093.1875,810751,0.0,0.0
2002-10-30 00:00:00+09:00,1069.249267578125,1069.249267578125,1069.249267578125,1069.249267578125,290248,0.0,0.0
2002-10-31 00:00:00+09:00,1109.146728515625,1109.146728515625,1109.146728515625,1109.146728515625,457279,0.0,0.0
2002-11-01 00:00:00+09:00,1109.146728515625,1109.146728515625,1109.146728515625,1109.146728515625,1142036,0.0,0.0
2002-11-04 00:00:00+09:00,1165.003173828125,1165.003173828125,1165.003173828125,1165.003173828125,789268,0.0,0.0
2002-11-05 00:00:00+09:00,1069.249267578125,1069.249267578125,1069.249267578125,1069.249267578125,476783,0.0,0.0
2002-11-06 00:00:00+09:00,1093.1875,1093.1875,1093.1875,1093.1875,255543,0.0,0.0
2002-11-07 00:00:00+09:00,1037.3314208984375,1037.3314208984375,1037.3314208984375,1037.3314208984375,205743,0.0,0.0
2002-11-08 00:00:00+09:00,1037.3314208984375,1037.3314208984375,1037.3314208984375,1037.3314208984375,138656,0.0,0.0
2002-11-11 00:00:00+09:00,997.43408203125,997.43408203125,997.43408203125,997.43408203125,318202,0.0,0.0
2002-11-12 00:00:00+09:00,973.4954223632812,973.4954223632812,973.4954223632812,973.4954223632812,152412,0.0,0.0
2002-11-13 00:00:00+09:00,941.5777587890625,941.5777587890625,941.5777587890625,941.5777587890625,142465,0.0,0.0
2002-11-14 00:00:00+09:00,933.5982055664064,933.5982055664064,933.5982055664064,933.5982055664062,124887,0.0,0.0
2002-11-15 00:00:00+09:00,949.5573730468749,949.5573730468749,949.5573730468749,949.557373046875,174070,0.0,0.0
2002-11-18 00:00:00+09:00,933.5982055664064,933.5982055664064,933.5982055664064,933.5982055664062,147761,0.0,0.0
2002-11-19 00:00:00+09:00,933.5982055664064,933.5982055664064,933.5982055664064,933.5982055664062,136104,0.0,0.0
2002-11-20 00:00:00+09:00,933.5982055664064,933.5982055664064,933.5982055664064,933.5982055664062,50068,0.0,0.0
2002-11-21 00:00:00+09:00,933.5982055664064,933.5982055664064,933.5982055664064,933.5982055664062,216187,0.0,0.0
2002-11-22 00:00:00+09:00,925.6187133789062,925.6187133789062,925.6187133789062,925.6187133789062,138794,0.0,0.0
2002-11-25 00:00:00+09:00,933.5982055664064,933.5982055664064,933.5982055664064,933.5982055664062,200112,0.0,0.0
2002-11-26 00:00:00+09:00,957.5367431640625,957.5367431640625,957.5367431640625,957.5367431640625,184566,0.0,0.0
2002-11-27 00:00:00+09:00,1069.249267578125,1069.249267578125,1069.249267578125,1069.249267578125,765319,0.0,0.0
2002-11-28 00:00:00+09:00,1069.249267578125,1069.249267578125,1069.249267578125,1069.249267578125,560045,0.0,0.0
2002-11-29 00:00:00+09:00,1101.167236328125,1101.167236328125,1101.167236328125,1101.167236328125,271273,0.0,0.0
2002-12-02 00:00:00+09:00,1117.126220703125,1117.126220703125,1117.126220703125,1117.126220703125,284183,0.0,0.0
2002-12-03 00:00:00+09:00,1125.105712890625,1125.105712890625,1125.105712890625,1125.105712890625,251040,0.0,0.0
2002-12-04 00:00:00+09:00,1053.290283203125,1053.290283203125,1053.290283203125,1053.290283203125,328166,0.0,0.0
2002-12-05 00:00:00+09:00,1053.290283203125,1053.290283203125,1053.290283203125,1053.290283203125,213675,0.0,0.0
2002-12-06 00:00:00+09:00,1053.290283203125,1053.290283203125,1053.290283203125,1053.290283203125,186657,0.0,0.0
2002-12-09 00:00:00+09:00,1045.31103515625,1045.31103515625,1045.31103515625,1045.31103515625,290585,0.0,0.0
2002-12-10 00:00:00+09:00,1069.249267578125,1069.249267578125,1069.249267578125,1069.249267578125,263186,0.0,0.0
2002-12-11 00:00:00+09:00,1077.228759765625,1077.228759765625,1077.228759765625,1077.228759765625,356468,0.0,0.0
2002-12-12 00:00:00+09:00,1133.0850830078125,1133.0850830078125,1133.0850830078125,1133.0850830078125,512832,0.0,0.0
2002-12-13 00:00:00+09:00,1133.0850830078125,1133.0850830078125,1133.0850830078125,1133.0850830078125,362620,0.0,0.0
2002-12-16 00:00:00+09:00,1141.0643310546875,1141.0643310546875,1141.0643310546875,1141.0643310546875,446982,0.0,0.0
2002-12-17 00:00:00+09:00,1133.0850830078125,1133.0850830078125,1133.0850830078125,1133.0850830078125,470492,0.0,0.0
2002-12-18 00:00:00+09:00,1077.228759765625,1077.228759765625,1077.228759765625,1077.228759765625,408358,0.0,0.0
2002-12-19 00:00:00+09:00,1077.228759765625,1077.228759765625,1077.228759765625,1077.228759765625,0,0.0,0.0
2002-12-20 00:00:00+09:00,1053.290283203125,1053.290283203125,1053.290283203125,1053.290283203125,124777,0.0,0.0
2002-12-23 00:00:00+09:00,941.5777587890625,941.5777587890625,941.5777587890625,941.5777587890625,273476,0.0,0.0
2002-12-24 00:00:00+09:00,925.6187133789062,925.6187133789062,925.6187133789062,925.6187133789062,192142,0.0,0.0
2002-12-25 00:00:00+09:00,925.6187133789062,925.6187133789062,925.6187133789062,925.6187133789062,0,0.0,0.0
2002-12-26 00:00:00+09:00,917.639404296875,917.639404296875,917.639404296875,917.639404296875,95199,0.0,0.0
2002-12-27 00:00:00+09:00,877.7420043945312,877.7420043945312,877.7420043945312,877.7420043945312,157125,0.0,0.0
2002-12-30 00:00:00+09:00,861.7831420898438,861.7831420898438,861.7831420898438,861.7831420898438,80956,0.0,0.0
2002-12-31 00:00:00+09:00,861.7831420898438,861.7831420898438,861.7831420898438,861.7831420898438,0,0.0,0.0
2003-01-01 00:00:00+09:00,861.7831420898438,861.7831420898438,861.7831420898438,861.7831420898438,0,0.0,0.0
2003-01-02 00:00:00+09:00,925.6187133789062,925.6187133789062,925.6187133789062,925.6187133789062,110603,0.0,0.0
2003-01-03 00:00:00+09:00,965.5161743164062,965.5161743164062,965.5161743164062,965.5161743164062,213166,0.0,0.0
2003-01-06 00:00:00+09:00,1077.228759765625,1077.228759765625,1077.228759765625,1077.228759765625,811311,0.0,0.0
2003-01-07 00:00:00+09:00,1093.1875,1093.1875,1093.1875,1093.1875,682178,0.0,0.0
2003-01-08 00:00:00+09:00,1165.003173828125,1165.003173828125,1165.003173828125,1165.003173828125,808683,0.0,0.0
2003-01-09 00:00:00+09:00,1117.126220703125,1117.126220703125,1117.126220703125,1117.126220703125,408120,0.0,0.0
2003-01-10 00:00:00+09:00,1029.3519287109375,1029.3519287109375,1029.3519287109375,1029.3519287109375,508742,0.0,0.0
2003-01-13 00:00:00+09:00,1069.249267578125,1069.249267578125,1069.249267578125,1069.249267578125,252036,0.0,0.0
2003-01-14 00:00:00+09:00,1188.94140625,1188.94140625,1188.94140625,1188.94140625,526243,0.0,0.0
2003-01-15 00:00:00+09:00,1141.0643310546875,1141.0643310546875,1141.0643310546875,1141.0643310546875,377510,0.0,0.0
2003-01-16 00:00:00+09:00,1085.208251953125,1085.208251953125,1085.208251953125,1085.208251953125,289119,0.0,0.0
2003-01-17 00:00:00+09:00,1069.249267578125,1069.249267578125,1069.249267578125,1069.249267578125,241953,0.0,0.0
2003-01-20 00:00:00+09:00,1093.1875,1093.1875,1093.1875,1093.1875,265306,0.0,0.0
2003-01-21 00:00:00+09:00,1085.208251953125,1085.208251953125,1085.208251953125,1085.208251953125,312375,0.0,0.0
2003-01-22 00:00:00+09:00,1045.31103515625,1045.31103515625,1045.31103515625,1045.31103515625,159562,0.0,0.0
2003-01-23 00:00:00+09:00,1021.3723754882812,1021.3723754882812,1021.3723754882812,1021.3723754882812,210268,0.0,0.0
2003-01-24 00:00:00+09:00,901.6804809570312,901.6804809570312,901.6804809570312,901.6804809570312,255338,0.0,0.0
2003-01-27 00:00:00+09:00,925.6187133789062,925.6187133789062,925.6187133789062,925.6187133789062,88784,0.0,0.0
2003-01-28 00:00:00+09:00,925.6187133789062,925.6187133789062,925.6187133789062,925.6187133789062,95613,0.0,0.0
2003-01-29 00:00:00+09:00,917.639404296875,917.639404296875,917.639404296875,917.639404296875,124732,0.0,0.0
2003-01-30 00:00:00+09:00,925.6187133789062,925.6187133789062,925.6187133789062,925.6187133789062,98895,0.0,0.0
2003-01-31 00:00:00+09:00,925.6187133789062,925.6187133789062,925.6187133789062,925.6187133789062,0,0.0,0.0
2003-02-03 00:00:00+09:00,941.5777587890625,941.5777587890625,941.5777587890625,941.5777587890625,73063,0.0,0.0
2003-02-04 00:00:00+09:00,965.5161743164062,965.5161743164062,965.5161743164062,965.5161743164062,94511,0.0,0.0
2003-02-05 00:00:00+09:00,925.6187133789062,925.6187133789062,925.6187133789062,925.6187133789062,87564,0.0,0.0
2003-02-06 00:00:00+09:00,901.6804809570312,901.6804809570312,901.6804809570312,901.6804809570312,64721,0.0,0.0
2003-02-07 00:00:00+09:00,901.6804809570312,901.6804809570312,901.6804809570312,901.6804809570312,69744,0.0,0.0
2003-02-10 00:00:00+09:00,877.7420043945312,901.6804226962003,869.7625316273082,877.7420043945312,94769,0.0,0.0
2003-02-11 00:00:00+09:00,877.7420043945312,901.6804226962003,861.7830588600852,877.7420043945312,112272,0.0,0.0
2003-02-12 00:00:00+09:00,909.6598510742189,909.6598510742189,861.7830168071547,909.6598510742188,76460,0.0,0.0
2003-02-13 00:00:00+09:00,901.6804809570312,949.5573206538647,877.7420611086144,901.6804809570312,272882,0.0,0.0
2003-02-14 00:00:00+09:00,973.4954223632812,997.4338343886078,877.7417742619749,973.4954223632812,551214,0.0,0.0
2003-02-17 00:00:00+09:00,1013.39306640625,1029.3520123339074,957.5367556594488,1013.39306640625,331860,0.0,0.0
2003-02-18 00:00:00+09:00,973.4954223632812,1013.3927757388255,957.5364810130635,973.4954223632812,146748,0.0,0.0
2003-02-19 00:00:00+09:00,949.5573730468749,1005.4136891084559,949.5573730468749,949.557373046875,193235,0.0,0.0
2003-02-20 00:00:00+09:00,981.4750366210939,1013.3929239908855,949.5571492513021,981.4750366210938,248827,0.0,0.0
2003-02-21 00:00:00+09:00,957.5367431640625,989.4546346028645,949.557270304362,957.5367431640625,115834,0.0,0.0
2003-02-24 00:00:00+09:00,965.5161743164062,1005.4135368914643,941.5777567713714,965.5161743164062,210913,0.0,0.0
2003-02-25 00:00:00+09:00,917.639404296875,949.5572966202445,917.639404296875,917.639404296875,142111,0.0,0.0
2003-02-26 00:00:00+09:00,909.6598510742189,949.5572129634389,909.6598510742189,909.6598510742188,70637,0.0,0.0
2003-02-27 00:00:00+09:00,885.7213745117189,901.6803181966146,885.7213745117189,885.7213745117188,89343,0.0,0.0
2003-02-28 00:00:00+09:00,885.7213745117189,909.6597900390626,877.7419026692709,885.7213745117188,63888,0.0,0.0
2003-03-03 00:00:00+09:00,909.6598510742189,925.6187958299068,893.7009063185308,909.6598510742188,66327,0.0,0.0
2003-03-04 00:00:00+09:00,885.7213745117189,893.7008463541667,869.762430826823,885.7213745117188,97238,0.0,0.0
2003-03-05 00:00:00+09:00,845.8240966796875,885.7214597306162,845.8240966796875,845.8240966796875,113848,0.0,0.0
2003-03-06 00:00:00+09:00,837.8444213867188,877.7417747860862,821.8854800269717,837.8444213867188,93335,0.0,0.0
2003-03-07 00:00:00+09:00,797.947265625,829.8651562499999,797.947265625,797.947265625,108075,0.0,0.0
2003-03-10 00:00:00+09:00,805.9268188476562,861.7831330252166,789.9678719397818,805.9268188476562,84438,0.0,0.0
2003-03-11 00:00:00+09:00,789.9677734375,797.9472458964646,750.0704111426767,789.9677734375,93861,0.0,0.0
2003-03-12 00:00:00+09:00,813.9061889648438,837.8446062873392,774.0088267606848,813.9061889648438,132936,0.0,0.0
2003-03-13 00:00:00+09:00,797.947265625,821.88568359375,781.9883203124999,797.947265625,88850,0.0,0.0
2003-03-14 00:00:00+09:00,829.8651733398438,869.7625374427208,821.8857005192683,829.8651733398438,261273,0.0,0.0
2003-03-17 00:00:00+09:00,750.0703125,813.9060837765958,750.0703125,750.0703125,147717,0.0,0.0
2003-03-18 00:00:00+09:00,766.0291748046875,805.9265276590983,766.0291748046875,766.0291748046875,148334,0.0,0.0
2003-03-19 00:00:00+09:00,781.98828125,781.98828125,766.0293367346939,781.98828125,72962,0.0,0.0
2003-03-20 00:00:00+09:00,853.803466796875,861.7829384491822,797.9471652307243,853.803466796875,180785,0.0,0.0
2003-03-21 00:00:00+09:00,853.803466796875,877.7418817537967,837.8445234922605,853.803466796875,128012,0.0,0.0
2003-03-24 00:00:00+09:00,845.8240966796875,869.7625145102447,837.8446240695018,845.8240966796875,89858,0.0,0.0
2003-03-25 00:00:00+09:00,789.9677734375,805.9267183554292,789.9677734375,789.9677734375,63149,0.0,0.0
2003-03-26 00:00:00+09:00,829.8651733398438,837.8446461604192,797.9472820575421,829.8651733398438,81498,0.0,0.0
2003-03-27 00:00:00+09:00,813.9061889648438,829.8651338465074,797.9472440831802,813.9061889648438,55993,0.0,0.0
2003-03-28 00:00:00+09:00,821.8857421875,821.8857421875,797.947322512136,821.8857421875,87195,0.0,0.0
2003-03-31 00:00:00+09:00,821.8857421875,821.8857421875,789.9678492870146,821.8857421875,78583,0.0,0.0
2003-04-01 00:00:00+09:00,813.9061889648438,813.9061889648438,789.9677716423483,813.9061889648438,41967,0.0,0.0
2003-04-02 00:00:00+09:00,837.8444213867188,869.7623041062128,813.9060093470982,837.8444213867188,326409,0.0,0.0
2003-04-03 00:00:00+09:00,869.762451171875,885.7213952300746,845.8240350845757,869.762451171875,250258,0.0,0.0
2003-04-04 00:00:00+09:00,853.803466796875,869.7624101014894,845.8239951445678,853.803466796875,115531,0.0,0.0
2003-04-07 00:00:00+09:00,925.6187133789062,933.5981850459658,861.7829400424299,925.6187133789062,243427,0.0,0.0
2003-04-08 00:00:00+09:00,917.639404296875,933.5983504585597,893.7009850543478,917.639404296875,173369,0.0,0.0
2003-04-09 00:00:00+09:00,893.7008056640625,909.6597486223493,885.7213341849191,893.7008056640625,121145,0.0,0.0
2003-04-10 00:00:00+09:00,901.6804809570312,909.6599542398368,877.7420611086144,901.6804809570312,102086,0.0,0.0
2003-04-11 00:00:00+09:00,917.639404296875,925.6188773777174,893.7009850543478,917.639404296875,124281,0.0,0.0
2003-04-14 00:00:00+09:00,917.639404296875,949.5572966202445,909.6599312160325,917.639404296875,136344,0.0,0.0
2003-04-15 00:00:00+09:00,941.5777587890625,949.5572313211733,917.6393411927305,941.5777587890625,222155,0.0,0.0
2003-04-16 00:00:00+09:00,1037.3314208984375,1045.310893366887,973.4956411508413,1037.3314208984375,507612,0.0,0.0
2003-04-17 00:00:00+09:00,965.5161743164062,1037.3314269515108,965.5161743164062,965.5161743164062,138475,0.0,0.0
2003-04-18 00:00:00+09:00,989.4546508789062,1013.393069851783,973.4957048969884,989.4546508789062,114830,0.0,0.0
2003-04-21 00:00:00+09:00,1021.3723754882812,1053.29026222229,965.5160737037659,1021.3723754882812,320328,0.0,0.0
2003-04-22 00:00:00+09:00,1029.3519287109375,1037.3314010265262,989.4545671329942,1029.3519287109375,146333,0.0,0.0
2003-04-23 00:00:00+09:00,1093.1875,1101.1669708029196,1029.3517335766423,1093.1875,427723,0.0,0.0
2003-04-24 00:00:00+09:00,1085.208251953125,1125.105614157284,1045.310889748966,1085.208251953125,363017,0.0,0.0
2003-04-25 00:00:00+09:00,1029.3519287109375,1077.2287626044695,1005.4135117641715,1029.3519287109375,576882,0.0,0.0
2003-04-28 00:00:00+09:00,1037.3314208984375,1037.3314208984375,981.4751136192908,1037.3314208984375,484609,0.0,0.0
2003-04-29 00:00:00+09:00,1117.126220703125,1117.126220703125,1029.3520176478794,1117.126220703125,650362,0.0,0.0
2003-04-30 00:00:00+09:00,1149.0440673828125,1149.0440673828125,1101.167231241862,1149.0440673828125,337090,0.0,0.0
2003-05-01 00:00:00+09:00,1149.0440673828125,1149.0440673828125,1149.0440673828125,1149.0440673828125,0,0.0,0.0
2003-05-02 00:00:00+09:00,1133.0850830078125,1172.9824450855524,1125.1056105922646,1133.0850830078125,466446,0.0,0.0
2003-05-05 00:00:00+09:00,1133.0850830078125,1133.0850830078125,1133.0850830078125,1133.0850830078125,0,0.0,0.0
2003-05-06 00:00:00+09:00,1093.1875,1196.9206204379561,1053.2901459854015,1093.1875,1593007,0.0,0.0
2003-05-07 00:00:00+09:00,1093.1875,1117.1259124087592,1053.2901459854015,1093.1875,237324,0.0,0.0
2003-05-08 00:00:00+09:00,1093.1875,1093.1875,1093.1875,1093.1875,0,0.0,0.0
2003-05-09 00:00:00+09:00,1085.208251953125,1093.1877243939568,1061.2698346306297,1085.208251953125,231408,0.0,0.0
2003-05-12 00:00:00+09:00,1212.8800048828125,1212.8800048828125,1117.126320286801,1212.8800048828125,1428511,0.0,0.0
2003-05-13 00:00:00+09:00,1196.9208984375,1300.65404296875,1165.0030078124998,1196.9208984375,1180257,0.0,0.0
2003-05-14 00:00:00+09:00,1196.9208984375,1228.8387890625,1149.0440624999999,1196.9208984375,437062,0.0,0.0
2003-05-15 00:00:00+09:00,1188.94140625,1252.7771864513422,1141.0645710989934,1188.94140625,565177,0.0,0.0
2003-05-16 00:00:00+09:00,1149.0440673828125,1244.7977396647136,1125.1056493123372,1149.0440673828125,308956,0.0,0.0
2003-05-19 00:00:00+09:00,1157.0234375,1276.7155172413793,1157.0234375,1157.0234375,1418495,0.0,0.0
2003-05-20 00:00:00+09:00,1149.0440673828125,1172.9824854532878,1117.1261766221787,1149.0440673828125,370215,0.0,0.0
2003-05-21 00:00:00+09:00,1101.167236328125,1172.9824908712635,1101.167236328125,1101.167236328125,380734,0.0,0.0
2003-05-22 00:00:00+09:00,1053.290283203125,1125.1055297851562,1053.290283203125,1053.290283203125,371078,0.0,0.0
2003-05-23 00:00:00+09:00,1117.126220703125,1133.0851667131697,1061.2699096679687,1117.126220703125,630767,0.0,0.0
2003-05-26 00:00:00+09:00,1188.94140625,1220.8592963506712,1125.1056260486578,1188.94140625,760122,0.0,0.0
2003-05-27 00:00:00+09:00,1149.0440673828125,1220.8593215942383,1133.0851220024956,1149.0440673828125,507280,0.0,0.0
2003-05-28 00:00:00+09:00,1157.0234375,1276.7155172413793,1141.0644935344826,1157.0234375,999802,0.0,0.0
2003-05-29 00:00:00+09:00,1141.0643310546875,1180.961685287369,1141.0643310546875,1141.0643310546875,298252,0.0,0.0
2003-05-30 00:00:00+09:00,1172.9825439453125,1172.9825439453125,1133.0851785049958,1172.9825439453125,300592,0.0,0.0
2003-06-02 00:00:00+09:00,1180.9617919921875,1220.8591498297615,1172.9823204246727,1180.9617919921875,445709,0.0,0.0
2003-06-03 00:00:00+09:00,1196.9208984375,1212.87984375,1141.06458984375,1196.9208984375,306720,0.0,0.0
2003-06-04 00:00:00+09:00,1220.859375,1252.7772671568628,1196.920955882353,1220.859375,642403,0.0,0.0
2003-06-05 00:00:00+09:00,1252.77734375,1260.75681727707,1220.8594496417197,1252.77734375,475143,0.0,0.0
2003-06-06 00:00:00+09:00,1252.77734375,1252.77734375,1252.77734375,1252.77734375,0,0.0,0.0
2003-06-09 00:00:00+09:00,1396.40771484375,1396.40771484375,1252.7772070312499,1396.40771484375,661467,0.0,0.0
2003-06-10 00:00:00+09:00,1563.9765625,1563.9765625,1563.9765625,1563.9765625,152590,0.0,0.0
2003-06-11 00:00:00+09:00,1747.5045166015625,1747.5045166015625,1747.5045166015625,1747.5045166015625,41429,0.0,0.0
2003-06-12 00:00:00+09:00,1954.970703125,1954.970703125,1827.2991470025509,1954.970703125,3488621,0.0,0.0
2003-06-13 00:00:00+09:00,1962.9500732421877,2106.58056640625,1883.1553548177085,1962.9500732421875,2589952,0.0,0.0
2003-06-16 00:00:00+09:00,2194.35498046875,2194.35498046875,1875.1760742187498,2194.35498046875,2666028,0.0,0.0
2003-06-17 00:00:00+09:00,2194.35498046875,2385.86232421875,2194.35498046875,2194.35498046875,1940203,0.0,0.0
2003-06-18 00:00:00+09:00,1970.9293212890627,2218.292920317245,1931.0319666070977,1970.9293212890625,1523162,0.0,0.0
2003-06-19 00:00:00+09:00,2202.33447265625,2202.33447265625,1994.8681817538497,2202.33447265625,1039028,0.0,0.0
2003-06-20 00:00:00+09:00,2465.65673828125,2465.65673828125,2074.662627680016,2465.65673828125,3182133,0.0,0.0
2003-06-23 00:00:00+09:00,2553.43115234375,2713.0205993652344,2393.8417053222656,2553.43115234375,3741498,0.0,0.0
2003-06-24 00:00:00+09:00,2393.841796875,2553.4312499999996,2290.10865234375,2393.841796875,1372382,0.0,0.0
2003-06-25 00:00:00+09:00,2361.923583984375,2513.533543767156,2345.9646408493454,2361.923583984375,937660,0.0,0.0
2003-06-26 00:00:00+09:00,2122.53955078125,2337.9852946575425,2122.53955078125,2122.53955078125,1039756,0.0,0.0
2003-06-27 00:00:00+09:00,2186.375,2282.1286496350367,2114.5597627737225,2186.375,1113083,0.0,0.0
2003-06-30 00:00:00+09:00,2234.25244140625,2298.0882254464286,2090.621927315848,2234.25244140625,959664,0.0,0.0
2003-07-01 00:00:00+09:00,2322.026611328125,2330.006084219287,2202.334517960696,2322.026611328125,795369,0.0,0.0
2003-07-02 00:00:00+09:00,2330.00634765625,2545.4521400765198,2314.0474000695635,2330.00634765625,2242577,0.0,0.0
2003-07-03 00:00:00+09:00,2210.313720703125,2409.800518600519,2194.3547768713333,2210.313720703125,933647,0.0,0.0
2003-07-04 00:00:00+09:00,2258.1904296875,2274.1493726534895,2178.3957148575532,2258.1904296875,499838,0.0,0.0
2003-07-07 00:00:00+09:00,2322.026611328125,2345.965030001611,2242.2318824165054,2322.026611328125,825146,0.0,0.0
2003-07-08 00:00:00+09:00,2298.088134765625,2489.5954793294272,2298.088134765625,2298.088134765625,1096924,0.0,0.0
2003-07-09 00:00:00+09:00,2433.7392578125,2489.595568647541,2298.0882172131146,2433.7392578125,1683804,0.0,0.0
2003-07-10 00:00:00+09:00,2521.512939453125,2633.2255380364913,2401.8208695423755,2521.512939453125,2067310,0.0,0.0
2003-07-11 00:00:00+09:00,2481.615966796875,2505.554384483018,2377.882823490253,2481.615966796875,846048,0.0,0.0
2003-07-14 00:00:00+09:00,2537.472412109375,2593.3287230677574,2473.636628156938,2537.472412109375,1140386,0.0,0.0
2003-07-15 00:00:00+09:00,2314.046875,2569.3899784482755,2314.046875,2314.046875,956697,0.0,0.0
2003-07-16 00:00:00+09:00,2298.088134765625,2393.841807047526,2290.108662075467,2298.088134765625,753448,0.0,0.0
2003-07-17 00:00:00+09:00,2298.088134765625,2298.088134765625,2298.088134765625,2298.088134765625,0,0.0,0.0
2003-07-18 00:00:00+09:00,2170.41650390625,2234.2522834329047,2098.601251938764,2170.41650390625,653213,0.0,0.0
2003-07-21 00:00:00+09:00,1939.01171875,2178.395881558642,1915.0733024691358,1939.01171875,581301,0.0,0.0
2003-07-22 00:00:00+09:00,1954.970703125,1954.970703125,1755.4838966836733,1954.970703125,664206,0.0,0.0
2003-07-23 00:00:00+09:00,2034.7655029296875,2102.5910196940104,1986.888667566636,2034.7655029296875,606652,0.0,0.0
2003-07-24 00:00:00+09:00,1994.8681640625,2066.68341796875,1962.9502734374998,1994.8681640625,197879,0.0,0.0
2003-07-25 00:00:00+09:00,2010.8272705078127,2074.66305687314,1923.0530642554875,2010.8272705078125,239598,0.0,0.0
2003-07-28 00:00:00+09:00,2138.49853515625,2138.49853515625,2058.703813695196,2138.49853515625,320124,0.0,0.0
2003-07-29 00:00:00+09:00,2142.488525390625,2194.3551004931915,2074.6630041026538,2142.488525390625,241119,0.0,0.0
2003-07-30 00:00:00+09:00,2074.662841796875,2134.508885310246,2074.662841796875,2074.662841796875,160592,0.0,0.0
2003-07-31 00:00:00+09:00,2066.68310546875,2098.6009912674954,2050.7241625693778,2066.68310546875,145543,0.0,0.0
2003-08-01 00:00:00+09:00,2126.529052734375,2174.405879437588,2074.662490472561,2126.529052734375,327216,0.0,0.0
2003-08-04 00:00:00+09:00,2178.39599609375,2186.375468606914,2058.7039083962914,2178.39599609375,371659,0.0,0.0
2003-08-05 00:00:00+09:00,2258.1904296875,2385.8619734154154,2218.2930722725264,2258.1904296875,1652189,0.0,0.0
2003-08-06 00:00:00+09:00,2154.45751953125,2218.2932978877316,2146.4780472366897,2154.45751953125,367623,0.0,0.0
2003-08-07 00:00:00+09:00,2266.170166015625,2274.149638431173,2082.6423004580215,2266.170166015625,623038,0.0,0.0
2003-08-08 00:00:00+09:00,2194.35498046875,2274.14970703125,2186.3755078125,2194.35498046875,370527,0.0,0.0
2003-08-11 00:00:00+09:00,2162.43701171875,2194.3549011906134,2106.580705142989,2162.43701171875,270413,0.0,0.0
2003-08-12 00:00:00+09:00,2126.529052734375,2186.3750861133913,2126.529052734375,2126.529052734375,222416,0.0,0.0
2003-08-13 00:00:00+09:00,2122.53955078125,2158.447174760632,2118.549814783541,2122.53955078125,331129,0.0,0.0
2003-08-14 00:00:00+09:00,2086.632080078125,2194.3549599291946,2082.6423437873445,2086.632080078125,290610,0.0,0.0
2003-08-15 00:00:00+09:00,2086.632080078125,2086.632080078125,2086.632080078125,2086.632080078125,0,0.0,0.0
2003-08-18 00:00:00+09:00,2206.32421875,2214.303691512206,2090.6218636980107,2206.32421875,526642,0.0,0.0
2003-08-19 00:00:00+09:00,2270.15966796875,2377.8825344628735,2210.3136310275704,2270.15966796875,1126075,0.0,0.0
2003-08-20 00:00:00+09:00,2178.39599609375,2314.0470288175366,2158.4473148108405,2178.39599609375,387583,0.0,0.0
2003-08-21 00:00:00+09:00,2194.35498046875,2242.23181640625,2154.4576171875,2194.35498046875,376512,0.0,0.0
2003-08-22 00:00:00+09:00,2298.088134765625,2333.995761871338,2234.2523532443574,2298.088134765625,860901,0.0,0.0
2003-08-25 00:00:00+09:00,2337.9853515625,2361.9237681313994,2274.149574045435,2337.9853515625,509069,0.0,0.0
2003-08-26 00:00:00+09:00,2302.07763671875,2385.862091434684,2286.118692963334,2302.07763671875,510035,0.0,0.0
2003-08-27 00:00:00+09:00,2262.180419921875,2337.9854075383046,2234.2522665895062,2262.180419921875,379113,0.0,0.0
2003-08-28 00:00:00+09:00,2218.29345703125,2282.129239967401,2190.365301996684,2218.29345703125,274898,0.0,0.0
2003-08-29 00:00:00+09:00,2234.25244140625,2234.25244140625,2158.447447858538,2234.25244140625,236999,0.0,0.0
2003-09-01 00:00:00+09:00,2314.046875,2314.046875,2214.303475215517,2314.046875,392463,0.0,0.0
2003-09-02 00:00:00+09:00,2322.026611328125,2417.780286022068,2258.1908281988294,2322.026611328125,891281,0.0,0.0
2003-09-03 00:00:00+09:00,2274.149658203125,2341.9751743249726,2266.170185718202,2274.149658203125,320656,0.0,0.0
2003-09-04 00:00:00+09:00,2206.32421875,2314.047101039783,2206.32421875,2206.32421875,354243,0.0,0.0
2003-09-05 00:00:00+09:00,2146.478271484375,2238.242212458614,2074.6630133306226,2146.478271484375,425410,0.0,0.0
2003-09-08 00:00:00+09:00,2090.6220703125,2138.4989116173665,2082.642596761689,2090.6220703125,151790,0.0,0.0
2003-09-09 00:00:00+09:00,2194.35498046875,2194.35498046875,2034.76552734375,2194.35498046875,295735,0.0,0.0
2003-09-10 00:00:00+09:00,2194.35498046875,2194.35498046875,2194.35498046875,2194.35498046875,0,0.0,0.0
2003-09-11 00:00:00+09:00,2194.35498046875,2194.35498046875,2194.35498046875,2194.35498046875,0,0.0,0.0
2003-09-12 00:00:00+09:00,2194.35498046875,2194.35498046875,2194.35498046875,2194.35498046875,0,0.0,0.0
2003-09-15 00:00:00+09:00,2146.478271484375,2194.3551102535434,2098.601432715207,2146.478271484375,135703,0.0,0.0
2003-09-16 00:00:00+09:00,2194.35498046875,2234.25234375,2106.5807812499997,2194.35498046875,249190,0.0,0.0
2003-09-17 00:00:00+09:00,2182.3857421875,2242.231786305987,2166.4267970892365,2182.3857421875,140407,0.0,0.0
2003-09-18 00:00:00+09:00,2114.560546875,2190.3655476120284,2114.560546875,2114.560546875,164969,0.0,0.0
2003-09-19 00:00:00+09:00,2098.60107421875,2142.4881689267468,2050.724243628208,2098.60107421875,249755,0.0,0.0
2003-09-22 00:00:00+09:00,1943.001220703125,2082.641965517518,1915.0730717402464,1943.001220703125,228819,0.0,0.0
2003-09-23 00:00:00+09:00,1879.1661376953125,1982.8993002857121,1711.5971827415904,1879.1661376953125,275168,0.0,0.0
2003-09-24 00:00:00+09:00,2102.5908203125,2102.5908203125,1899.114289314516,2102.5908203125,550376,0.0,0.0
2003-09-25 00:00:00+09:00,2078.65283203125,2174.406513353227,1978.909413987524,2078.65283203125,711774,0.0,0.0
2003-09-26 00:00:00+09:00,1919.0627441406252,2074.662426097973,1919.0627441406252,1919.062744140625,232824,0.0,0.0
2003-09-29 00:00:00+09:00,1875.1763916015625,1931.0327096492686,1851.2379695811169,1875.1763916015625,145702,0.0,0.0
2003-09-30 00:00:00+09:00,1931.0323486328125,1950.9810299203416,1899.1144585727661,1931.0323486328125,153032,0.0,0.0
2003-10-01 00:00:00+09:00,1907.093994140625,1954.9708308136114,1783.4121660687435,1907.093994140625,129921,0.0,0.0
2003-10-02 00:00:00+09:00,1935.0220947265625,1939.0118310043492,1843.2581603374679,1935.0220947265625,194505,0.0,0.0
2003-10-03 00:00:00+09:00,1935.0220947265625,1935.0220947265625,1935.0220947265625,1935.0220947265625,0,0.0,0.0
2003-10-06 00:00:00+09:00,2034.7655029296875,2042.7449754901959,1943.0015684838388,2034.7655029296875,149564,0.0,0.0
2003-10-07 00:00:00+09:00,2018.8062744140625,2050.7241601755495,1986.8883886525753,2018.8062744140625,142952,0.0,0.0
2003-10-08 00:00:00+09:00,2034.7655029296875,2070.673129451976,1994.8681401271444,2034.7655029296875,159455,0.0,0.0
2003-10-09 00:00:00+09:00,2002.8477783203125,2054.71435425291,2002.8477783203125,2002.8477783203125,91122,0.0,0.0
2003-10-10 00:00:00+09:00,2102.5908203125,2110.5702921163424,1994.8679509606263,2102.5908203125,319307,0.0,0.0
2003-10-13 00:00:00+09:00,2162.43701171875,2218.293318294511,2074.6628156711254,2162.43701171875,778031,0.0,0.0
2003-10-14 00:00:00+09:00,2210.313720703125,2210.313720703125,2130.5190015441676,2210.313720703125,434082,0.0,0.0
2003-10-15 00:00:00+09:00,2130.519287109375,2326.01637525237,2130.519287109375,2130.519287109375,2059256,0.0,0.0
2003-10-16 00:00:00+09:00,2154.45751953125,2186.375408709491,2074.6627965856483,2154.45751953125,269026,0.0,0.0
2003-10-17 00:00:00+09:00,2074.662841796875,2158.447302715595,2066.683369328425,2074.662841796875,180634,0.0,0.0
2003-10-20 00:00:00+09:00,2046.7347412109377,2074.6628955744395,1994.8681688215765,2046.7347412109375,154440,0.0,0.0
2003-10-21 00:00:00+09:00,1994.8681640625,2074.662890625,1839.268447265625,1994.8681640625,274989,0.0,0.0
2003-10-22 00:00:00+09:00,1970.9293212890627,2030.7753533120099,1962.9498503526697,1970.9293212890625,147915,0.0,0.0
2003-10-23 00:00:00+09:00,1935.0220947265625,1986.88866633779,1907.0939407820554,1935.0220947265625,146643,0.0,0.0
2003-10-24 00:00:00+09:00,1895.124267578125,1943.0010911800987,1883.1550616776315,1895.124267578125,149958,0.0,0.0
2003-10-27 00:00:00+09:00,1939.01171875,1954.9706629372429,1879.1656780478395,1939.01171875,128328,0.0,0.0
2003-10-28 00:00:00+09:00,1939.01171875,1970.9296071244855,1923.0527745627571,1939.01171875,106756,0.0,0.0
2003-10-29 00:00:00+09:00,1954.970703125,1994.8680644132653,1935.0220224808672,1954.970703125,145062,0.0,0.0
2003-10-30 00:00:00+09:00,1954.970703125,1982.8988560267856,1931.0322863520407,1954.970703125,97258,0.0,0.0
2003-10-31 00:00:00+09:00,1962.9500732421877,1970.9295450846355,1931.032185872396,1962.9500732421875,109580,0.0,0.0
2003-11-03 00:00:00+09:00,2026.7861328125,2046.7348152220718,1954.9708761380411,2026.7861328125,260196,0.0,0.0
2003-11-04 00:00:00+09:00,2062.69384765625,2074.663057603965,2014.8170078653893,2062.69384765625,280639,0.0,0.0
2003-11-05 00:00:00+09:00,1815.330078125,2126.5295200892856,1815.330078125,1815.330078125,1672335,0.0,0.0
2003-11-06 00:00:00+09:00,1731.5455322265625,1843.2581472089214,1619.8329172442036,1731.5455322265625,454952,0.0,0.0
2003-11-07 00:00:00+09:00,1811.34033203125,1839.2684869304103,1679.6790303637802,1811.34033203125,514369,0.0,0.0
2003-11-10 00:00:00+09:00,1859.217041015625,1970.9296529221433,1787.401790504292,1859.217041015625,1232549,0.0,0.0
2003-11-11 00:00:00+09:00,1783.4119873046875,1827.2990831891427,1759.4735713677117,1783.4119873046875,188124,0.0,0.0
2003-11-12 00:00:00+09:00,1775.4324951171875,1799.3709107816887,1767.4530232290203,1775.4324951171875,193137,0.0,0.0
2003-11-13 00:00:00+09:00,1823.3095703125,1831.2890432679158,1795.381414968545,1823.3095703125,284441,0.0,0.0
2003-11-14 00:00:00+09:00,1819.3197021484377,1843.2581192819696,1795.3812850149056,1819.3197021484375,141860,0.0,0.0
2003-11-17 00:00:00+09:00,1787.401611328125,1843.257911682129,1779.4221398489815,1787.401611328125,168850,0.0,0.0
2003-11-18 00:00:00+09:00,1787.401611328125,1807.3502900259834,1747.504253932408,1787.401611328125,99171,0.0,0.0
2003-11-19 00:00:00+09:00,1747.5045166015625,1779.4224073157463,1731.5455712444707,1747.5045166015625,155027,0.0,0.0
2003-11-20 00:00:00+09:00,1747.5045166015625,1775.4326709764734,1699.6276805302869,1747.5045166015625,85810,0.0,0.0
2003-11-21 00:00:00+09:00,1779.4224853515625,1827.2993235224567,1715.5867011237037,1779.4224853515625,193906,0.0,0.0
2003-11-24 00:00:00+09:00,1731.5455322265625,1807.3505209645916,1675.689224735383,1731.5455322265625,184186,0.0,0.0
2003-11-25 00:00:00+09:00,1743.5147705078125,1783.4121336773276,1727.5558252400065,1743.5147705078125,101799,0.0,0.0
2003-11-26 00:00:00+09:00,1739.52490234375,1747.50437437285,1703.6172782128012,1739.52490234375,116153,0.0,0.0
2003-11-27 00:00:00+09:00,1703.6175537109375,1751.4943936278726,1683.6688704122146,1703.6175537109375,100555,0.0,0.0
2003-11-28 00:00:00+09:00,1731.5455322265625,1739.5250047253023,1691.648169732863,1731.5455322265625,101307,0.0,0.0
2003-12-01 00:00:00+09:00,1771.4427490234377,1771.4427490234377,1715.5864461263022,1771.4427490234375,142687,0.0,0.0
2003-12-02 00:00:00+09:00,1982.8990478515625,1982.8990478515625,1771.443012567593,1982.8990478515625,825947,0.0,0.0
2003-12-03 00:00:00+09:00,2050.724365234375,2170.4164488083657,1946.9912261369163,2050.724365234375,1337597,0.0,0.0
2003-12-04 00:00:00+09:00,2050.724365234375,2070.6730458300403,1978.9091150899806,2050.724365234375,358638,0.0,0.0
2003-12-05 00:00:00+09:00,2050.724365234375,2090.621726425705,1978.9091150899806,2050.724365234375,387076,0.0,0.0
2003-12-08 00:00:00+09:00,2094.611328125,2110.570271577381,2042.7447619047618,2094.611328125,567501,0.0,0.0
2003-12-09 00:00:00+09:00,2042.7447509765625,2134.5086753368378,2002.8473925590515,2042.7447509765625,366475,0.0,0.0
2003-12-10 00:00:00+09:00,1962.9500732421877,2114.560038248698,1946.9911295572917,1962.9500732421875,1281256,0.0,0.0
2003-12-11 00:00:00+09:00,2010.8272705078127,2018.8067438034786,1986.8888506208148,2010.8272705078125,236673,0.0,0.0
2003-12-12 00:00:00+09:00,2038.7550048828127,2050.724212347878,2010.8268541309933,2038.7550048828125,353024,0.0,0.0
2003-12-15 00:00:00+09:00,2038.7550048828127,2082.6420989213857,2018.8063257743702,2038.7550048828125,317332,0.0,0.0
2003-12-16 00:00:00+09:00,1982.8990478515625,2034.7656225438568,1851.2377428634306,1982.8990478515625,218847,0.0,0.0
2003-12-17 00:00:00+09:00,1946.9908447265625,1994.8676687772156,1923.052432701236,1946.9908447265625,222496,0.0,0.0
2003-12-18 00:00:00+09:00,2010.8272705078127,2014.8170071556456,1943.0017474946524,2010.8272705078125,250890,0.0,0.0
2003-12-19 00:00:00+09:00,2114.560546875,2170.416863207547,2054.7144936615564,2114.560546875,858600,0.0,0.0
2003-12-22 00:00:00+09:00,2178.39599609375,2210.313886146406,2114.560215988439,2178.39599609375,696911,0.0,0.0
2003-12-23 00:00:00+09:00,1994.8681640625,2146.47814453125,1919.063173828125,1994.8681640625,521031,0.0,0.0
2003-12-24 00:00:00+09:00,2098.60107421875,2162.4368483394724,1946.9911106820343,2098.60107421875,498629,0.0,0.0
2003-12-25 00:00:00+09:00,2098.60107421875,2098.60107421875,2098.60107421875,2098.60107421875,0,0.0,0.0
2003-12-26 00:00:00+09:00,2234.25244140625,2234.25244140625,2074.6629813058034,2234.25244140625,730879,0.0,0.0
2003-12-29 00:00:00+09:00,2090.6220703125,2409.801012344943,2070.6733864354724,2090.6220703125,2331847,0.0,0.0
2003-12-30 00:00:00+09:00,2146.478271484375,2202.334583381738,2102.5911692793043,2146.478271484375,709919,0.0,0.0
2003-12-31 00:00:00+09:00,2146.478271484375,2146.478271484375,2146.478271484375,2146.478271484375,0,0.0,0.0
2004-01-01 00:00:00+09:00,2146.478271484375,2146.478271484375,2146.478271484375,2146.478271484375,0,0.0,0.0
2004-01-02 00:00:00+09:00,2226.27294921875,2274.149786836357,2178.3961116011424,2226.27294921875,616416,0.0,0.0
2004-01-05 00:00:00+09:00,2166.4267578125,2254.200954261625,2146.478076801335,2166.4267578125,470657,0.0,0.0
2004-01-06 00:00:00+09:00,2106.58056640625,2218.293172200521,2094.611358642578,2106.58056640625,416181,0.0,0.0
2004-01-07 00:00:00+09:00,2122.53955078125,2146.4779667675048,2086.6319268018683,2122.53955078125,285525,0.0,0.0
2004-01-08 00:00:00+09:00,2102.5908203125,2178.395802449004,2094.6113485086576,2102.5908203125,247074,0.0,0.0
2004-01-09 00:00:00+09:00,2114.560546875,2130.519494398585,2074.6631780660377,2114.560546875,281625,0.0,0.0
2004-01-12 00:00:00+09:00,2162.43701171875,2182.3856926386648,2090.621760407057,2162.43701171875,373562,0.0,0.0
2004-01-13 00:00:00+09:00,2102.5908203125,2202.334217860531,2042.7447817836812,2102.5908203125,437610,0.0,0.0
2004-01-14 00:00:00+09:00,2094.611328125,2114.560007440476,2042.7447619047618,2094.611328125,243360,0.0,0.0
2004-01-15 00:00:00+09:00,2086.632080078125,2114.5602341135873,2042.744980879541,2086.632080078125,177058,0.0,0.0
2004-01-16 00:00:00+09:00,2122.53955078125,2122.53955078125,2034.7653588316496,2122.53955078125,252171,0.0,0.0
2004-01-19 00:00:00+09:00,2098.60107421875,2194.3547353998338,2090.6216024536598,2098.60107421875,895599,0.0,0.0
2004-01-20 00:00:00+09:00,2130.519287109375,2182.3858615146596,2018.8066653133778,2130.519287109375,697385,0.0,0.0
2004-01-21 00:00:00+09:00,2130.519287109375,2130.519287109375,2130.519287109375,2130.519287109375,0,0.0,0.0
2004-01-22 00:00:00+09:00,2130.519287109375,2130.519287109375,2130.519287109375,2130.519287109375,0,0.0,0.0
2004-01-23 00:00:00+09:00,2130.519287109375,2130.519287109375,2130.519287109375,2130.519287109375,0,0.0,0.0
2004-01-26 00:00:00+09:00,2098.60107421875,2142.4881689267468,2062.693451275844,2098.60107421875,220910,0.0,0.0
2004-01-27 00:00:00+09:00,2002.8477783203125,2098.6014569651084,1998.8580417101125,2002.8477783203125,276244,0.0,0.0
2004-01-28 00:00:00+09:00,1978.9093017578125,2050.724558676443,1970.9298287668535,1978.9093017578125,185374,0.0,0.0
2004-01-29 00:00:00+09:00,1966.940185546875,2026.786235817064,1927.0428187000825,1966.940185546875,206545,0.0,0.0
2004-01-30 00:00:00+09:00,1954.970703125,1990.8783282844386,1943.0014947385203,1954.970703125,187112,0.0,0.0
2004-02-02 00:00:00+09:00,1923.0526123046875,1958.960233696269,1907.0936694639847,1923.0526123046875,130526,0.0,0.0
2004-02-03 00:00:00+09:00,1891.1348876953125,1946.991192395174,1859.2169992953916,1891.1348876953125,196505,0.0,0.0
2004-02-04 00:00:00+09:00,1899.1147460937498,1919.0634304014573,1871.1865880629593,1899.11474609375,161207,0.0,0.0
2004-02-05 00:00:00+09:00,1899.1147460937498,1931.0326409860818,1879.1660617860425,1899.11474609375,144619,0.0,0.0
2004-02-06 00:00:00+09:00,1915.073486328125,1946.991377766927,1899.114540608724,1915.073486328125,149057,0.0,0.0
2004-02-09 00:00:00+09:00,1950.9808349609375,1950.9808349609375,1891.1347970787003,1950.9808349609375,209859,0.0,0.0
2004-02-10 00:00:00+09:00,2002.8477783203125,2050.72461764271,1946.9914657775148,2002.8477783203125,681703,0.0,0.0
2004-02-11 00:00:00+09:00,2026.7861328125,2046.7348152220718,1974.9195585476132,2026.7861328125,476024,0.0,0.0
2004-02-12 00:00:00+09:00,2022.796142578125,2086.631918280788,2006.8371986524594,2022.796142578125,435480,0.0,0.0
2004-02-13 00:00:00+09:00,2042.7447509765625,2042.7447509765625,1994.8679208755493,2042.7447509765625,179928,0.0,0.0
2004-02-16 00:00:00+09:00,2082.642333984375,2130.5191692483836,2022.7962899043644,2082.642333984375,324910,0.0,0.0
2004-02-17 00:00:00+09:00,2106.58056640625,2110.570302327474,2054.713999430339,2106.58056640625,225082,0.0,0.0
2004-02-18 00:00:00+09:00,2066.68310546875,2154.4572914152996,2046.7344268445345,2066.68310546875,180158,0.0,0.0
2004-02-19 00:00:00+09:00,2002.8477783203125,2066.6835640835097,2002.8477783203125,2002.8477783203125,162777,0.0,0.0
2004-02-20 00:00:00+09:00,2006.8375244140625,2026.7862075593316,1974.9196313816321,2006.8375244140625,137344,0.0,0.0
2004-02-23 00:00:00+09:00,2050.724365234375,2066.683309710907,2010.8270040430448,2050.724365234375,135098,0.0,0.0
2004-02-24 00:00:00+09:00,2010.8272705078127,2050.7246369861423,1962.950430733817,2010.8272705078125,117378,0.0,0.0
2004-02-25 00:00:00+09:00,1962.9500732421877,2026.785847981771,1946.9911295572917,1962.9500732421875,144390,0.0,0.0
2004-02-26 00:00:00+09:00,1939.01171875,1970.9296071244855,1915.0733024691358,1939.01171875,113746,0.0,0.0
2004-02-27 00:00:00+09:00,1931.0323486328125,1962.950238692859,1899.1144585727661,1931.0323486328125,110058,0.0,0.0
2004-03-01 00:00:00+09:00,1931.0323486328125,1931.0323486328125,1931.0323486328125,1931.0323486328125,0,0.0,0.0
2004-03-02 00:00:00+09:00,2026.7861328125,2098.6013894869584,1927.0427207646408,2026.7861328125,426372,0.0,0.0
2004-03-03 00:00:00+09:00,2026.7861328125,2042.7450787401574,1990.8785044752706,2026.7861328125,129230,0.0,0.0
2004-03-04 00:00:00+09:00,2062.69384765625,2090.6220042009186,2010.8272712161508,2062.69384765625,236445,0.0,0.0
2004-03-05 00:00:00+09:00,2066.68310546875,2098.6009912674954,2054.7138982942206,2066.68310546875,169390,0.0,0.0
2004-03-08 00:00:00+09:00,2074.662841796875,2086.632050499549,2018.8065345177283,2074.662841796875,161001,0.0,0.0
2004-03-09 00:00:00+09:00,2090.6220703125,2098.6015438633112,2034.7657554568227,2090.6220703125,148603,0.0,0.0
2004-03-10 00:00:00+09:00,2094.611328125,2154.4573660714286,2058.7037053571426,2094.611328125,292028,0.0,0.0
2004-03-11 00:00:00+09:00,2050.724365234375,2082.6422541874394,2034.765420757843,2050.724365234375,92011,0.0,0.0
2004-03-12 00:00:00+09:00,1986.888671875,2042.7449799196788,1887.1452646523594,1986.888671875,287747,0.0,0.0
2004-03-15 00:00:00+09:00,1986.888671875,2010.8270896084339,1931.0323638303214,1986.888671875,98509,0.0,0.0
2004-03-16 00:00:00+09:00,1986.888671875,2010.8270896084339,1946.9913089859438,1986.888671875,83803,0.0,0.0
2004-03-17 00:00:00+09:00,2154.45751953125,2222.2830340350115,1986.888601345486,2154.45751953125,941138,0.0,0.0
2004-03-18 00:00:00+09:00,2146.478271484375,2202.334583381738,2126.5295886638883,2146.478271484375,606414,0.0,0.0
2004-03-19 00:00:00+09:00,2274.149658203125,2353.9443830523574,2130.5191534745068,2274.149658203125,851805,0.0,0.0
2004-03-22 00:00:00+09:00,2473.635986328125,2545.4512246408767,2266.169742313508,2473.635986328125,2841146,0.0,0.0
2004-03-23 00:00:00+09:00,2401.82177734375,2501.5652066354337,2373.8936171420783,2401.82177734375,899465,0.0,0.0
2004-03-24 00:00:00+09:00,2625.24609375,2661.153715093085,2373.892744348404,2625.24609375,1654678,0.0,0.0
2004-03-25 00:00:00+09:00,2936.445556640625,2936.445556640625,2593.3282769244647,2936.445556640625,1452175,0.0,0.0
2004-03-26 00:00:00+09:00,3068.106689453125,3259.6139990678844,2936.445414092978,3068.106689453125,2525429,0.0,0.0
2004-03-29 00:00:00+09:00,3119.9736328125,3127.9531050191817,2960.384188678868,3119.9736328125,1489625,0.0,0.0
2004-03-30 00:00:00+09:00,3163.86083984375,3299.5118720690807,3056.1379613118693,3163.86083984375,1294952,0.0,0.0
2004-03-31 00:00:00+09:00,3080.076416015625,3191.789032140544,3008.2611627924625,3080.076416015625,615188,0.0,0.0
2004-04-01 00:00:00+09:00,3187.799072265625,3259.6143204518344,2952.404647655272,3187.799072265625,1154838,0.0,0.0
2004-04-02 00:00:00+09:00,3032.2001953125,3211.7383647717925,3032.2001953125,3032.2001953125,441889,0.0,0.0
2004-04-05 00:00:00+09:00,3032.2001953125,3032.2001953125,3032.2001953125,3032.2001953125,0,0.0,0.0
2004-04-06 00:00:00+09:00,3096.035400390625,3151.891709160559,3008.2612008950146,3096.035400390625,617056,0.0,0.0
2004-04-07 00:00:00+09:00,3108.004638671875,3123.9635841849527,3008.26122921514,3108.004638671875,601181,0.0,0.0
2004-04-08 00:00:00+09:00,3239.665283203125,3359.3573503165408,3147.901365082839,3239.665283203125,1650491,0.0,0.0
2004-04-09 00:00:00+09:00,3207.748291015625,3351.378811508862,3171.8406608923156,3207.748291015625,931039,0.0,0.0
2004-04-12 00:00:00+09:00,3439.152587890625,3538.895992411815,3207.747889401465,3439.152587890625,1904708,0.0,0.0
2004-04-13 00:00:00+09:00,3379.306396484375,3574.8034607438017,3363.3474524631974,3379.306396484375,1057589,0.0,0.0
2004-04-14 00:00:00+09:00,3510.968017578125,3710.4548367587004,3379.3067169189453,3510.968017578125,1212939,0.0,0.0
2004-04-15 00:00:00+09:00,3510.968017578125,3510.968017578125,3510.968017578125,3510.968017578125,0,0.0,0.0
2004-04-16 00:00:00+09:00,3626.67041015625,3750.352239325495,3407.23490679146,3626.67041015625,1367932,0.0,0.0
2004-04-19 00:00:00+09:00,3630.66015625,3734.3933035714285,3566.824373282967,3630.66015625,436764,0.0,0.0
2004-04-20 00:00:00+09:00,3702.474853515625,3746.3619476844524,3614.70066517797,3702.474853515625,706965,0.0,0.0
2004-04-21 00:00:00+09:00,4141.34619140625,4141.34619140625,3654.5983731484826,4141.34619140625,1541319,0.0,0.0
2004-04-22 00:00:00+09:00,4157.3056640625,4300.936186045466,4077.510929627519,4157.3056640625,3008238,0.0,0.0
2004-04-23 00:00:00+09:00,4652.0322265625,4652.0322265625,4508.4017290013935,4652.0322265625,904855,0.0,0.0
2004-04-26 00:00:00+09:00,5202.6162109375,5202.6162109375,4947.273084020322,5202.6162109375,2821285,0.0,0.0
2004-04-27 00:00:00+09:00,4851.52001953125,5146.760547035619,4699.910018920898,4851.52001953125,1649092,0.0,0.0
2004-04-28 00:00:00+09:00,4747.7861328125,5082.923977481618,4636.073517922794,4747.7861328125,1164967,0.0,0.0
2004-04-29 00:00:00+09:00,4380.72998046875,4907.375114732753,4181.243187186931,4380.72998046875,1520814,0.0,0.0
2004-04-30 00:00:00+09:00,4460.525390625,4460.525390625,4149.325944767442,4460.525390625,1222308,0.0,0.0
2004-05-03 00:00:00+09:00,4843.5400390625,4859.498984825474,4476.484286514106,4843.5400390625,1985477,0.0,0.0
2004-05-04 00:00:00+09:00,4963.23193359375,5218.57505557928,4827.580900038936,4963.23193359375,1994529,0.0,0.0
2004-05-05 00:00:00+09:00,4963.23193359375,4963.23193359375,4963.23193359375,4963.23193359375,0,0.0,0.0
2004-05-06 00:00:00+09:00,4971.2103102189785,5003.128193430657,4372.75,4372.75,1167235,0.0,0.0
2004-05-07 00:00:00+09:00,4165.284676585477,4253.058874751072,3909.941554649203,4069.531005859375,2715971,0.0,0.0
2004-05-10 00:00:00+09:00,3925.8999904301227,3989.735762632238,3582.78271484375,3582.78271484375,2420586,0.0,0.0
2004-05-11 00:00:00+09:00,3510.9682169758466,4005.695556640625,3431.17348477185,4005.695556640625,3258681,0.0,0.0
2004-05-12 00:00:00+09:00,4061.551635962929,4452.54580131103,4005.6953266274863,4412.6484375,2573663,0.0,0.0
2004-05-13 00:00:00+09:00,4444.5663869295195,4707.888991541142,4276.9974567221225,4436.5869140625,2141014,0.0,0.0
2004-05-14 00:00:00+09:00,4556.27951798349,4604.156360554245,4037.613723466981,4229.12109375,1447250,0.0,0.0
2004-05-17 00:00:00+09:00,4253.058147949719,4484.462812659928,3758.3309337416836,3897.9716796875,1734798,0.0,0.0
2004-05-18 00:00:00+09:00,3842.1160324068783,4364.771484375,3750.3520980918643,4364.771484375,1911102,0.0,0.0
2004-05-19 00:00:00+09:00,4508.402324703568,4859.499142910572,4476.484432139296,4500.4228515625,1810706,0.0,0.0
2004-05-20 00:00:00+09:00,4388.710568985849,4580.217939268868,3997.7163546580186,4229.12109375,1732599,0.0,0.0
2004-05-21 00:00:00+09:00,4364.771037006205,4556.278358556751,4300.935263156022,4380.72998046875,1536902,0.0,0.0
2004-05-24 00:00:00+09:00,4500.422422701719,4612.135036031194,4412.648226514275,4524.36083984375,1652458,0.0,0.0
2004-05-25 00:00:00+09:00,4452.545983139349,4691.93017578125,4253.059155937765,4691.93017578125,1708543,0.0,0.0
2004-05-26 00:00:00+09:00,4691.93017578125,4691.93017578125,4691.93017578125,4691.93017578125,0,0.0,0.0
2004-05-27 00:00:00+09:00,4827.580853378564,5027.067665501645,4524.3608989514805,4548.29931640625,2532360,0.0,0.0
2004-05-28 00:00:00+09:00,4628.094323009839,4723.847998658319,4396.689606859347,4460.525390625,1291638,0.0,0.0
2004-05-31 00:00:00+09:00,4508.401887900715,4540.319777372579,4229.12035502191,4324.8740234375,892456,0.0,0.0
2004-06-01 00:00:00+09:00,4324.873198822662,4667.9904452237215,4324.873198822662,4564.25732421875,1904077,0.0,0.0
2004-06-02 00:00:00+09:00,4564.25803360849,4835.560084557247,4564.25803360849,4652.0322265625,2111002,0.0,0.0
2004-06-03 00:00:00+09:00,4747.786251559664,4763.7451969430585,4308.915253516334,4396.689453125,1472334,0.0,0.0
2004-06-04 00:00:00+09:00,4484.4643246912265,4707.889593537053,4372.751690268314,4683.951171875,1415781,0.0,0.0
2004-06-07 00:00:00+09:00,4787.682898569916,4931.313385527013,4683.949769100901,4707.88818359375,2030913,0.0,0.0
2004-06-08 00:00:00+09:00,4787.682940508868,4867.477656184016,4612.134566023544,4723.84716796875,1291465,0.0,0.0
2004-06-09 00:00:00+09:00,4827.580857733718,4875.457692686449,4620.114572938551,4747.7861328125,1238546,0.0,0.0
2004-06-10 00:00:00+09:00,4699.909648869313,4859.499110630581,4612.135444900617,4691.93017578125,1011292,0.0,0.0
2004-06-11 00:00:00+09:00,4707.888929701628,4739.806820750452,4340.8331826401445,4412.6484375,854582,0.0,0.0
2004-06-14 00:00:00+09:00,4245.078806277791,4460.5245351678295,3989.735720185894,4037.612548828125,1231759,0.0,0.0
2004-06-15 00:00:00+09:00,4037.613036659761,4348.812460433932,3997.715674637431,4332.853515625,1224993,0.0,0.0
2004-06-16 00:00:00+09:00,4324.873983651621,4452.545540364583,4276.997149884259,4308.9150390625,968740,0.0,0.0
2004-06-17 00:00:00+09:00,4308.914794921875,4356.7916259765625,4141.345886230469,4213.1611328125,739695,0.0,0.0
2004-06-18 00:00:00+09:00,4141.345744862738,4205.181517423242,3830.146353630278,3874.033447265625,905494,0.0,0.0
2004-06-21 00:00:00+09:00,3870.044920808884,3933.8807133170717,3582.783854522039,3654.59912109375,1115094,0.0,0.0
2004-06-22 00:00:00+09:00,3654.5983205396074,3670.557265170785,3391.2757341251818,3431.173095703125,767397,0.0,0.0
2004-06-23 00:00:00+09:00,3471.0706582395187,3550.86538601514,3151.891747137034,3211.73779296875,1232501,0.0,0.0
2004-06-24 00:00:00+09:00,3311.4807115357935,3594.751953125,3311.4807115357935,3594.751953125,2037689,0.0,0.0
2004-06-25 00:00:00+09:00,3554.8552344474915,3985.746778016884,3487.0297137004573,3762.321533203125,2906573,0.0,0.0
2004-06-28 00:00:00+09:00,3814.1878203208203,3886.003072167865,3718.434151191427,3746.3623046875,840339,0.0,0.0
2004-06-29 00:00:00+09:00,3726.4130489540685,3905.9511508844034,3686.5156929695495,3897.9716796875,1244816,0.0,0.0
2004-06-30 00:00:00+09:00,3989.7358825451524,4364.771055504397,3985.7461466626073,4197.2021484375,2641273,0.0,0.0
2004-07-01 00:00:00+09:00,4261.037857563295,4269.017329206672,3965.7974067583477,4077.510009765625,1250033,0.0,0.0
2004-07-02 00:00:00+09:00,3933.880302437205,3973.777668587684,3802.218994140625,3802.218994140625,1063679,0.0,0.0
2004-07-05 00:00:00+09:00,3750.3522440592446,3913.9314376831053,3750.3522440592446,3830.14697265625,530563,0.0,0.0
2004-07-06 00:00:00+09:00,3802.218741338692,3886.0032046840356,3590.7627148004435,3598.7421875,821659,0.0,0.0
2004-07-07 00:00:00+09:00,3431.1733708287748,3730.4036066568656,3407.2349519625272,3646.619140625,736397,0.0,0.0
2004-07-08 00:00:00+09:00,3598.741885123997,3686.516077444094,3479.0498046875,3479.0498046875,486215,0.0,0.0
2004-07-09 00:00:00+09:00,3439.152383800035,3606.7212934515446,3439.152383800035,3550.864990234375,713380,0.0,0.0
2004-07-12 00:00:00+09:00,3630.6597732403957,3638.639245269496,3475.0600686729504,3479.0498046875,502661,0.0,0.0
2004-07-13 00:00:00+09:00,3510.9675497803287,3574.8033234126983,3459.1009837040283,3518.947021484375,750848,0.0,0.0
2004-07-14 00:00:00+09:00,3526.9260405040923,3618.6899533226374,3343.398214867001,3351.377685546875,1157556,0.0,0.0
2004-07-15 00:00:00+09:00,3391.275670914009,3502.98828125,3139.9222976580295,3502.98828125,2098776,0.0,0.0
2004-07-16 00:00:00+09:00,3502.9881972103076,3694.4955246204386,3311.480869800177,3662.57763671875,1915563,0.0,0.0
2004-07-19 00:00:00+09:00,3550.864990234375,3686.516012333216,3510.9676307935392,3550.864990234375,828672,0.0,0.0
2004-07-20 00:00:00+09:00,3495.0092259153107,3542.8860646264793,3343.3992366632765,3371.327392578125,682174,0.0,0.0
2004-07-21 00:00:00+09:00,3495.009265266122,3518.9476848912323,3387.286376953125,3387.286376953125,888319,0.0,0.0
2004-07-22 00:00:00+09:00,3231.6861263736264,3299.511637667888,3167.8503510378514,3267.59375,953902,0.0,0.0
2004-07-23 00:00:00+09:00,3231.68642578125,3311.4811523437497,3191.7890625,3191.7890625,486462,0.0,0.0
2004-07-26 00:00:00+09:00,3111.9944520826716,3271.5839111638343,3111.9944520826716,3139.922607421875,751237,0.0,0.0
2004-07-27 00:00:00+09:00,3111.994246440519,3191.788970708225,2920.4869081980255,3056.137939453125,975287,0.0,0.0
2004-07-28 00:00:00+09:00,3096.035323731084,3259.614509649866,3096.035323731084,3163.86083984375,1319563,0.0,0.0
2004-07-29 00:00:00+09:00,3167.850342431006,3171.8400783786524,3008.260904525162,3072.0966796875,590456,0.0,0.0
2004-07-30 00:00:00+09:00,3183.8096189582034,3287.5427644380447,3151.8917280413293,3203.75830078125,835163,0.0,0.0
2004-08-02 00:00:00+09:00,3151.891923922937,3327.440334875607,3151.891923922937,3287.54296875,687967,0.0,0.0
2004-08-03 00:00:00+09:00,3347.3888384547045,3395.2656752383236,3287.5427924751802,3315.470947265625,669402,0.0,0.0
2004-08-04 00:00:00+09:00,3219.717501056728,3291.5327613033464,3163.86118753158,3207.748291015625,367476,0.0,0.0
2004-08-05 00:00:00+09:00,3247.6453998952675,3359.358018073483,3239.665927168252,3303.501708984375,489545,0.0,0.0
2004-08-06 00:00:00+09:00,3191.7890625,3239.6658984375,3167.85064453125,3191.7890625,394274,0.0,0.0
2004-08-09 00:00:00+09:00,3151.891468062383,3223.706716701779,3111.9941077071626,3195.778564453125,264527,0.0,0.0
2004-08-10 00:00:00+09:00,3231.6865234375,3323.4504617573302,3223.7070505401234,3231.6865234375,422007,0.0,0.0
2004-08-11 00:00:00+09:00,3271.5838879243825,3375.3170355902776,3231.6865234375,3231.6865234375,680236,0.0,0.0
2004-08-12 00:00:00+09:00,3215.7275089872055,3351.3785453464675,3207.7480362601905,3303.501708984375,467780,0.0,0.0
2004-08-13 00:00:00+09:00,3271.5836508265256,3375.316790974684,3231.68628923108,3235.676025390625,522917,0.0,0.0
2004-08-16 00:00:00+09:00,3231.686188772823,3331.429589660873,3167.850412204471,3195.778564453125,314124,0.0,0.0
2004-08-17 00:00:00+09:00,3271.5836508265256,3327.4399570601495,3195.7786637951795,3235.676025390625,815738,0.0,0.0
2004-08-18 00:00:00+09:00,3287.5423888036808,3303.50133243865,3235.6758219900307,3251.634765625,388643,0.0,0.0
2004-08-19 00:00:00+09:00,3351.378744873937,3455.1118965009873,3275.5737494541695,3283.55322265625,946242,0.0,0.0
2004-08-20 00:00:00+09:00,3267.5942667940235,3307.4916326889443,3239.666110667579,3279.5634765625,274854,0.0,0.0
2004-08-23 00:00:00+09:00,3327.4402963033535,3351.37871570122,3271.583984375,3271.583984375,300353,0.0,0.0
2004-08-24 00:00:00+09:00,3287.5425844914143,3427.1833496093745,3255.6246953215946,3427.183349609375,946048,0.0,0.0
2004-08-25 00:00:00+09:00,3391.2759166799988,3630.660099033881,3351.3785529543516,3506.978271484375,1524268,0.0,0.0
2004-08-26 00:00:00+09:00,3518.948054028165,3909.9422822535166,3518.948054028165,3758.332275390625,2753652,0.0,0.0
2004-08-27 00:00:00+09:00,3814.1875508097037,3897.972005377699,3770.3004555598013,3834.13623046875,989166,0.0,0.0
2004-08-30 00:00:00+09:00,3933.87922754329,3937.868963068182,3682.525889475108,3686.515625,578474,0.0,0.0
2004-08-31 00:00:00+09:00,3670.556682900433,3798.2282196969695,3670.556682900433,3686.515625,616040,0.0,0.0
2004-09-01 00:00:00+09:00,3670.5580608910564,3878.024386071855,3614.701742573149,3758.332275390625,1155513,0.0,0.0
2004-09-02 00:00:00+09:00,3742.3723238333982,3893.982290044133,3726.4133800217423,3842.11572265625,808494,0.0,0.0
2004-09-03 00:00:00+09:00,3882.0130513509116,3977.7667134602866,3734.3928222656255,3734.392822265625,751020,0.0,0.0
2004-09-06 00:00:00+09:00,3778.2806106714893,3838.1266604709317,3650.609037766011,3714.44482421875,346720,0.0,0.0
2004-09-07 00:00:00+09:00,3758.331821076766,3794.239449940557,3614.701305621603,3670.5576171875,427849,0.0,0.0
2004-09-08 00:00:00+09:00,3678.5369144955657,3750.3521687915745,3534.9064059035477,3598.7421875,395261,0.0,0.0
2004-09-09 00:00:00+09:00,3550.8651067680207,3698.48534154377,3550.8651067680207,3694.49560546875,542992,0.0,0.0
2004-09-10 00:00:00+09:00,3790.250018464417,3854.0858082490804,3750.352649849002,3798.2294921875,758776,0.0,0.0
2004-09-13 00:00:00+09:00,3854.0858082490804,3870.0447556952467,3738.3834392643776,3798.2294921875,524788,0.0,0.0
2004-09-14 00:00:00+09:00,3830.146350073674,4101.448383203892,3790.2489922604063,4061.551025390625,1675643,0.0,0.0
2004-09-15 00:00:00+09:00,4149.3252125798135,4213.160985081041,4037.6126107026644,4061.551025390625,957876,0.0,0.0
2004-09-16 00:00:00+09:00,3997.715191626266,4069.530434589612,3941.8588915436635,4037.612548828125,460113,0.0,0.0
2004-09-17 00:00:00+09:00,3997.716085785801,4141.346603837986,3957.8187196601943,4109.4287109375,856233,0.0,0.0
2004-09-20 00:00:00+09:00,4093.4700397995284,4316.895305129717,4093.4700397995284,4229.12109375,1421218,0.0,0.0
2004-09-21 00:00:00+09:00,4276.997161155523,4276.997161155523,4109.428242528162,4117.40771484375,550803,0.0,0.0
2004-09-22 00:00:00+09:00,4165.284706131012,4197.202596599449,3973.777363320391,3981.7568359375,665766,0.0,0.0
2004-09-23 00:00:00+09:00,3941.859592692057,3973.777484130859,3814.188026936849,3830.14697265625,711173,0.0,0.0
2004-09-24 00:00:00+09:00,3830.1475417993634,3878.024386071855,3758.332275390625,3758.332275390625,302670,0.0,0.0
2004-09-27 00:00:00+09:00,3758.332275390625,3758.332275390625,3758.332275390625,3758.332275390625,0,0.0,0.0
2004-09-28 00:00:00+09:00,3758.332275390625,3758.332275390625,3758.332275390625,3758.332275390625,0,0.0,0.0
2004-09-29 00:00:00+09:00,3758.332275390625,3758.332275390625,3758.332275390625,3758.332275390625,0,0.0,0.0
2004-09-30 00:00:00+09:00,3714.444481997744,3798.228943997693,3606.7216022835237,3674.547119140625,411133,0.0,0.0
2004-10-01 00:00:00+09:00,3670.558043134973,3774.29120522357,3670.558043134973,3750.352783203125,307237,0.0,0.0
2004-10-04 00:00:00+09:00,3838.1260902718323,3893.982395119863,3774.2903133026543,3786.259521484375,496022,0.0,0.0
2004-10-05 00:00:00+09:00,3830.146988981763,4037.613284218275,3818.1777796411952,3937.869873046875,858665,0.0,0.0
2004-10-06 00:00:00+09:00,4021.6536675773577,4133.366269454506,3969.78710242011,4061.551025390625,907508,0.0,0.0
2004-10-07 00:00:00+09:00,4125.386921123187,4133.366392924198,3917.9206542968755,3917.920654296875,522330,0.0,0.0
2004-10-08 00:00:00+09:00,3838.1254882812505,3949.8380804557564,3798.228133933212,3838.12548828125,407999,0.0,0.0
2004-10-11 00:00:00+09:00,3834.1371239413734,3901.9626505875785,3750.352649849002,3798.2294921875,469645,0.0,0.0
2004-10-12 00:00:00+09:00,3850.0955566406246,4037.6131640625,3842.1160839843747,3989.736328125,1059182,0.0,0.0
2004-10-13 00:00:00+09:00,4101.44921582616,4133.367108556325,3973.777644905502,3997.716064453125,1061526,0.0,0.0
2004-10-14 00:00:00+09:00,3997.715453379253,4045.59228515625,3941.8591496394233,4045.59228515625,288407,0.0,0.0
2004-10-15 00:00:00+09:00,3981.7568052311535,4069.531003342461,3870.044189453125,3870.044189453125,757062,0.0,0.0
2004-10-18 00:00:00+09:00,3909.941005782176,4069.530434589612,3909.941005782176,4037.612548828125,1015331,0.0,0.0
2004-10-19 00:00:00+09:00,4037.6129623724487,4101.448740433673,3909.94140625,3909.94140625,465996,0.0,0.0
2004-10-20 00:00:00+09:00,3933.8800712995635,3933.8800712995635,3650.60878827495,3710.454833984375,401212,0.0,0.0
2004-10-21 00:00:00+09:00,3710.4545328776044,3766.3108376736113,3510.9677300347225,3590.762451171875,228631,0.0,0.0
2004-10-22 00:00:00+09:00,3602.731659342448,3686.5161165364584,3586.7727151150175,3590.762451171875,168436,0.0,0.0
2004-10-25 00:00:00+09:00,3471.0704572810682,3598.7420143304867,3271.5836493913516,3431.173095703125,471126,0.0,0.0
2004-10-26 00:00:00+09:00,3439.1525480541595,3510.9677984775644,3415.214131246358,3423.193603515625,124499,0.0,0.0
2004-10-27 00:00:00+09:00,3471.0706939697266,3830.14697265625,3455.1117482503255,3830.14697265625,1049846,0.0,0.0
2004-10-28 00:00:00+09:00,3989.7361288265306,4205.181879783163,3830.1466836734694,3909.94140625,1028246,0.0,0.0
2004-10-29 00:00:00+09:00,3870.0439654063784,3901.961853780864,3734.392939814815,3878.0234375,273259,0.0,0.0
2004-11-01 00:00:00+09:00,3949.838917451746,4149.325731464461,3854.085246725643,4069.531005859375,904742,0.0,0.0
2004-11-02 00:00:00+09:00,4085.489851485149,4101.448796217513,3957.818293626238,4029.633544921875,354903,0.0,0.0
2004-11-03 00:00:00+09:00,4029.6328228784478,4069.5301775604125,3909.9407588325535,3941.858642578125,324991,0.0,0.0
2004-11-04 00:00:00+09:00,3973.7779333726417,4269.018462558962,3965.798459610849,4229.12109375,1354378,0.0,0.0
2004-11-05 00:00:00+09:00,4276.996907552084,4292.9558512369795,4133.366414388021,4213.1611328125,2647409,0.0,0.0
2004-11-08 00:00:00+09:00,4444.5657731553,4468.504188450571,4189.22267667241,4197.2021484375,782483,0.0,0.0
2004-11-09 00:00:00+09:00,4157.305102780786,4205.181936977878,3973.7772383586016,4029.633544921875,462667,0.0,0.0
2004-11-10 00:00:00+09:00,4125.387657387743,4229.1208093143205,4085.490291262136,4109.4287109375,910585,0.0,0.0
2004-11-11 00:00:00+09:00,4053.5713351835216,4085.489219712526,3878.022970273999,3886.00244140625,948020,0.0,0.0
2004-11-12 00:00:00+09:00,3909.9408548030033,3977.766359427137,3882.0127058401245,3886.00244140625,498307,0.0,0.0
2004-11-15 00:00:00+09:00,3989.735720185894,4069.530434589612,3937.8691558234773,4037.612548828125,992160,0.0,0.0
2004-11-16 00:00:00+09:00,4133.366392924198,4149.325336526223,3893.982238893839,3917.920654296875,657695,0.0,0.0
2004-11-17 00:00:00+09:00,3917.92117157757,3965.798008704791,3897.972489441228,3929.890380859375,548399,0.0,0.0
2004-11-18 00:00:00+09:00,3933.880079963716,4061.5516444250134,3806.208515502419,3814.18798828125,863421,0.0,0.0
2004-11-19 00:00:00+09:00,3830.1467413651317,3870.0441032543517,3622.6804595411872,3638.639404296875,1075212,0.0,0.0
2004-11-22 00:00:00+09:00,3638.63972486413,3726.4139287533967,3582.7834132982334,3670.5576171875,447007,0.0,0.0
2004-11-23 00:00:00+09:00,3718.4349136019378,3742.3733357925084,3646.6196470302266,3654.59912109375,394646,0.0,0.0
2004-11-24 00:00:00+09:00,3590.762886379076,3706.4652460512907,3590.762886379076,3670.5576171875,340471,0.0,0.0
2004-11-25 00:00:00+09:00,3722.4236040837677,3790.2491145547474,3630.6596781524427,3634.6494140625,381022,0.0,0.0
2004-11-26 00:00:00+09:00,3646.6188628668174,3706.4649054740407,3534.90625,3534.90625,359414,0.0,0.0
2004-11-29 00:00:00+09:00,3534.906546577295,3562.834702137161,3431.1733973549367,3455.11181640625,328157,0.0,0.0
2004-11-30 00:00:00+09:00,3415.2146742078994,3447.132568359375,3375.3173065185547,3447.132568359375,517743,0.0,0.0
2004-12-01 00:00:00+09:00,3423.193603515625,3475.060173265862,3399.2551867078237,3423.193603515625,408060,0.0,0.0
2004-12-02 00:00:00+09:00,3510.9675497803287,3586.7725309687676,3495.0086063722365,3518.947021484375,528569,0.0,0.0
2004-12-03 00:00:00+09:00,3550.865032327586,3606.7213362068965,3455.1113685344826,3471.0703125,252736,0.0,0.0
2004-12-06 00:00:00+09:00,3463.0908405172413,3522.9368803879306,3463.0908405172413,3471.0703125,205854,0.0,0.0
2004-12-07 00:00:00+09:00,3447.132197414806,3502.9885061692125,3395.265625,3395.265625,319621,0.0,0.0
2004-12-08 00:00:00+09:00,3359.357844862827,3487.0294019122457,3359.357844862827,3431.173095703125,193015,0.0,0.0
2004-12-09 00:00:00+09:00,3431.1727061170213,3471.0700631648933,3367.3369348404253,3375.31640625,155628,0.0,0.0
2004-12-10 00:00:00+09:00,3131.942678540579,3335.419209248311,3131.942678540579,3247.64501953125,266844,0.0,0.0
2004-12-13 00:00:00+09:00,3207.7476042275116,3502.9880553628795,3175.8297176182828,3415.2138671875,686941,0.0,0.0
2004-12-14 00:00:00+09:00,3550.865341952947,3590.7627053456767,3447.1321971318494,3495.009033203125,474842,0.0,0.0
2004-12-15 00:00:00+09:00,3510.968017578125,3550.86538141424,3471.07065374201,3510.968017578125,341125,0.0,0.0
2004-12-16 00:00:00+09:00,3542.8860195943994,3546.875756102952,3435.163133863489,3455.11181640625,268227,0.0,0.0
2004-12-17 00:00:00+09:00,3431.1735083351673,3471.0708747111576,3383.296668683979,3399.255615234375,250118,0.0,0.0
2004-12-20 00:00:00+09:00,3351.3781040329636,3471.070179176998,3351.3781040329636,3419.20361328125,190466,0.0,0.0
2004-12-21 00:00:00+09:00,3399.2549340905775,3479.049650853267,3399.2549340905775,3419.20361328125,198176,0.0,0.0
2004-12-22 00:00:00+09:00,3447.1323483043725,3574.80391676009,3439.15287527589,3558.844970703125,482278,0.0,0.0
2004-12-23 00:00:00+09:00,3590.7627056404226,3590.7627056404226,3391.2758886603992,3395.265625,234059,0.0,0.0
2004-12-24 00:00:00+09:00,3423.1941477457685,3483.040199279785,3387.2865168253584,3447.132568359375,207711,0.0,0.0
2004-12-27 00:00:00+09:00,3463.091021400945,3666.567567589249,3463.091021400945,3642.629150390625,682888,0.0,0.0
2004-12-28 00:00:00+09:00,3646.618465968541,3646.618465968541,3554.8545439583913,3574.80322265625,296360,0.0,0.0
2004-12-29 00:00:00+09:00,3771.276278459192,3821.2269576440817,3679.7000332868934,3688.025146484375,271215,186.0,0.0
2004-12-30 00:00:00+09:00,3688.0249913194443,3762.9510069444445,3679.6998784722223,3746.30078125,182897,0.0,0.0
2005-01-03 00:00:00+09:00,3812.9017377533783,3891.990310916385,3812.9017377533783,3850.36474609375,344955,0.0,0.0
2005-01-04 00:00:00+09:00,3833.714227959035,4066.817373198672,3767.1133293191388,4016.86669921875,750875,0.0,0.0
2005-01-05 00:00:00+09:00,3929.453064718364,4058.492307309751,3925.2905085057387,4046.004638671875,508242,0.0,0.0
2005-01-06 00:00:00+09:00,4120.931227935408,4120.931227935408,3767.1139002843884,3979.404296875,550733,0.0,0.0
2005-01-07 00:00:00+09:00,3954.4297758061834,4037.6809289810503,3887.82885326629,3912.80419921875,295534,0.0,0.0
2005-01-10 00:00:00+09:00,3979.404769593501,4187.53263411199,3966.9170977223916,4179.20751953125,836768,0.0,0.0
2005-01-11 00:00:00+09:00,4245.80738476762,4287.432947363381,4041.8421280483913,4075.142578125,439365,0.0,0.0
2005-01-12 00:00:00+09:00,4079.305576028564,4137.581369971829,3921.128421039701,3971.0791015625,391714,0.0,0.0
2005-01-13 00:00:00+09:00,3946.1034436997534,4079.305247706496,3946.1034436997534,4012.704345703125,322511,0.0,0.0
2005-01-14 00:00:00+09:00,3929.453255344108,4029.354609293535,3921.1281425149896,3991.8916015625,316126,0.0,0.0
2005-01-17 00:00:00+09:00,4062.654987980769,4354.033931790866,4058.492431640625,4329.05859375,1359491,0.0,0.0
2005-01-18 00:00:00+09:00,4329.0593266441,4362.359783002901,4204.182615298598,4304.083984375,536274,0.0,0.0
2005-01-19 00:00:00+09:00,4304.083902994792,4379.009928385417,4195.857421875,4245.80810546875,836741,0.0,0.0
2005-01-20 00:00:00+09:00,4145.905907802895,4158.393576199891,3979.4036625096055,4062.65478515625,524527,0.0,0.0
2005-01-21 00:00:00+09:00,4025.19177996526,4120.930571008901,4016.866667700596,4062.65478515625,537141,0.0,0.0
2005-01-24 00:00:00+09:00,4041.842814127604,4545.51220703125,4041.842814127604,4395.66015625,3961828,0.0,0.0
2005-01-25 00:00:00+09:00,4487.235022503397,4570.486136093441,4204.181236297246,4212.50634765625,1914860,0.0,0.0
2005-01-26 00:00:00+09:00,4329.059202261306,4354.034543812814,4079.305786746231,4141.744140625,846933,0.0,0.0
2005-01-27 00:00:00+09:00,4079.305743573852,4170.881994960204,3987.7294921875,3987.7294921875,849553,0.0,0.0
2005-01-28 00:00:00+09:00,4204.181963880777,4462.260460673459,4170.881512681722,4187.53173828125,2916409,0.0,0.0
2005-01-31 00:00:00+09:00,4229.157797330097,4329.059162621359,4145.906659587379,4287.43359375,1291554,0.0,0.0
2005-02-01 00:00:00+09:00,4362.360284674657,4362.360284674657,4204.183098779966,4254.1337890625,635643,0.0,0.0
2005-02-02 00:00:00+09:00,4204.181703884109,4262.457489878542,4087.630131895243,4112.60546875,519847,0.0,0.0
2005-02-03 00:00:00+09:00,4079.3054174152976,4162.556548382957,4037.679851931468,4054.330078125,353327,0.0,0.0
2005-02-04 00:00:00+09:00,4070.9805504623723,4187.532140864158,4062.6554368622446,4079.3056640625,333437,0.0,0.0
2005-02-07 00:00:00+09:00,4083.4679028614455,4170.881588855422,4083.4679028614455,4145.90625,0,0.0,0.0
2005-02-11 00:00:00+09:00,4095.955244180162,4187.531479314272,4075.142463467864,4112.60546875,565714,0.0,0.0
2005-02-14 00:00:00+09:00,4120.931709972337,4345.709803243555,4120.931709972337,4279.10888671875,1430133,0.0,0.0
2005-02-15 00:00:00+09:00,4354.0341843026345,4470.58576858607,4345.709071139532,4403.98486328125,1700233,0.0,0.0
2005-02-16 00:00:00+09:00,4503.886042414485,4928.466796875,4403.984688423775,4928.466796875,3167882,0.0,0.0
2005-02-17 00:00:00+09:00,4828.565599091199,4953.442295619419,4720.339128766741,4895.16650390625,1635447,0.0,0.0
2005-02-18 00:00:00+09:00,4845.216895395464,5153.24614819552,4703.68994140625,4703.68994140625,1471286,0.0,0.0
2005-02-21 00:00:00+09:00,4828.565583881579,4878.516262335526,4678.713548519737,4745.314453125,848224,0.0,0.0
2005-02-22 00:00:00+09:00,4861.865805288461,5020.042946213942,4761.964453125,4870.19091796875,1632271,0.0,0.0
2005-02-23 00:00:00+09:00,4745.314205109127,4861.865782076719,4628.762628141534,4720.3388671875,958581,0.0,0.0
2005-02-24 00:00:00+09:00,4720.339678756164,4870.191732050011,4720.339678756164,4853.54150390625,694022,0.0,0.0
2005-02-25 00:00:00+09:00,4986.742652004076,4986.742652004076,4712.0139249320655,4786.93994140625,865424,0.0,0.0
2005-02-28 00:00:00+09:00,4878.515471067267,4945.116364870233,4795.26435381356,4911.81591796875,645149,0.0,0.0
2005-03-02 00:00:00+09:00,4986.742481387147,5386.347888910658,4961.767143416928,5311.421875,1873922,0.0,0.0
2005-03-03 00:00:00+09:00,5244.821048393069,5394.673078347157,5094.969018438981,5269.79638671875,1031738,0.0,0.0
2005-03-04 00:00:00+09:00,5244.821189967778,5286.446754967522,5086.64404296875,5086.64404296875,490816,0.0,0.0
2005-03-07 00:00:00+09:00,5161.569942079742,5203.195506128772,4745.314301589439,4828.5654296875,787538,0.0,0.0
2005-03-08 00:00:00+09:00,4828.565246797703,4895.166146753534,4503.8858595130305,4712.013671875,710337,0.0,0.0
2005-03-09 00:00:00+09:00,4512.2112718665085,4712.0139850118885,4512.2112718665085,4595.46240234375,685176,0.0,0.0
2005-03-10 00:00:00+09:00,4537.187332840653,4728.664963400901,4537.187332840653,4620.4384765625,1278587,0.0,0.0
2005-03-11 00:00:00+09:00,4620.437704605331,5053.343579631417,4612.112591624061,4986.74267578125,2051010,0.0,0.0
2005-03-14 00:00:00+09:00,4903.490959398674,5294.77122271232,4870.190511457087,5219.84521484375,1969739,0.0,0.0
2005-03-15 00:00:00+09:00,5269.795936859631,5344.721945440574,4995.067238729508,5078.318359375,891449,0.0,0.0
2005-03-16 00:00:00+09:00,5078.31917529774,5211.520989731779,4811.915546429662,5111.61962890625,669717,0.0,0.0
2005-03-17 00:00:00+09:00,5003.392532739884,5278.121240860377,4928.466521434295,5194.8701171875,820373,0.0,0.0
2005-03-18 00:00:00+09:00,5119.944651979773,5219.846011042793,4978.417726640495,5003.39306640625,471623,0.0,0.0
2005-03-21 00:00:00+09:00,4995.067035222458,5053.342817300053,4911.81591796875,4911.81591796875,302097,0.0,0.0
2005-03-22 00:00:00+09:00,4836.890712193081,4953.442295619419,4770.289807378029,4895.16650390625,425113,0.0,0.0
2005-03-23 00:00:00+09:00,4828.566249302456,5011.718762207031,4662.06396484375,4662.06396484375,448719,0.0,0.0
2005-03-24 00:00:00+09:00,4753.640221296038,4761.965335518973,4462.261223493304,4662.06396484375,332284,0.0,0.0
2005-03-25 00:00:00+09:00,4662.0631734913795,4836.890542497306,4653.738060681573,4828.5654296875,300551,0.0,0.0
2005-03-28 00:00:00+09:00,4795.265705403088,4961.767986840695,4795.265705403088,4853.54150390625,318594,0.0,0.0
2005-03-29 00:00:00+09:00,4870.1903593418965,5061.667929025424,4845.215024165784,4911.81591796875,814898,0.0,0.0
2005-03-30 00:00:00+09:00,4911.816820598482,5144.919991745528,4828.565688045965,5003.39306640625,1295487,0.0,0.0
2005-03-31 00:00:00+09:00,5028.36815753031,5053.343496061089,4936.791916250784,4978.41748046875,515544,0.0,0.0
2005-04-01 00:00:00+09:00,4911.817220052083,5319.747802734375,4911.817220052083,5244.82177734375,1361603,0.0,0.0
2005-04-04 00:00:00+09:00,5261.471763742175,5544.525624449824,5178.220628239926,5319.74755859375,2062936,0.0,0.0
2005-04-06 00:00:00+09:00,5386.349309622375,5386.349309622375,5153.24609375,5153.24609375,775888,0.0,0.0
2005-04-07 00:00:00+09:00,5153.2443189605765,5236.495438814543,5069.993199106609,5219.84521484375,611980,0.0,0.0
2005-04-08 00:00:00+09:00,5253.146891276042,5303.097574869792,4995.068359375,5094.9697265625,734683,0.0,0.0
2005-04-11 00:00:00+09:00,5178.22119140625,5419.649510619725,5169.896076950613,5178.22119140625,1290893,0.0,0.0
2005-04-12 00:00:00+09:00,5253.147221506983,5278.122564873895,5094.9700468498795,5178.22119140625,611304,0.0,0.0
2005-04-13 00:00:00+09:00,5253.146420166762,5444.6240234375,5161.570175124236,5444.6240234375,1140783,0.0,0.0
2005-04-14 00:00:00+09:00,5328.072049924357,5544.524976952534,5303.096712190337,5502.8994140625,1252598,0.0,0.0
2005-04-15 00:00:00+09:00,5411.323226880878,5444.623677507837,5286.44653702978,5311.421875,1391165,0.0,0.0
2005-04-18 00:00:00+09:00,5086.642790310046,5186.544121707297,4770.28857421875,4770.28857421875,1155421,0.0,0.0
2005-04-19 00:00:00+09:00,4828.566161690609,4970.093100912575,4828.566161690609,4853.54150390625,708630,0.0,0.0
2005-04-20 00:00:00+09:00,4928.466946072048,5011.71807691786,4795.26513671875,4795.26513671875,668125,0.0,0.0
2005-04-21 00:00:00+09:00,4537.187013472004,4687.0390616233735,4537.187013472004,4637.08837890625,643341,0.0,0.0
2005-04-22 00:00:00+09:00,4828.5666655143805,4828.5666655143805,4653.739251762998,4703.68994140625,722386,0.0,0.0
2005-04-25 00:00:00+09:00,4603.787530838816,4870.191149259868,4578.8121916118425,4745.314453125,1022197,0.0,0.0
2005-04-26 00:00:00+09:00,4795.265282846715,4811.915509523266,4562.162109375,4562.162109375,475031,0.0,0.0
2005-04-27 00:00:00+09:00,4495.561184091458,4528.86163730695,4312.40869140625,4312.40869140625,485471,0.0,0.0
2005-04-28 00:00:00+09:00,4329.0593266441,4453.936037989603,4270.783528016199,4304.083984375,376640,0.0,0.0
2005-04-29 00:00:00+09:00,4137.581223893874,4279.108147045174,3937.7785088567452,4204.18212890625,1228081,0.0,0.0
2005-05-02 00:00:00+09:00,4212.508234422541,4287.434270212665,4104.28173828125,4104.28173828125,415754,0.0,0.0
2005-05-03 00:00:00+09:00,4104.280756705595,4204.1821138667865,4037.679851931468,4054.330078125,510567,0.0,0.0
2005-05-04 00:00:00+09:00,4054.329005632981,4262.456777996071,4054.329005632981,4237.4814453125,602849,0.0,0.0
2005-05-06 00:00:00+09:00,4320.7338084446565,4395.659828244275,4254.132901956107,4362.359375,621656,0.0,0.0
2005-05-09 00:00:00+09:00,4387.335042317708,4412.310384114583,4237.482991536458,4245.80810546875,302663,0.0,0.0
2005-05-10 00:00:00+09:00,4287.4335946872,4387.334960000299,4270.783367135016,4337.38427734375,470559,0.0,0.0
2005-05-11 00:00:00+09:00,4262.458015267176,4395.659828244275,4245.807788645038,4362.359375,414813,0.0,0.0
2005-05-12 00:00:00+09:00,4354.034906602444,4428.9609375,4295.759104793233,4428.9609375,397343,0.0,0.0
2005-05-13 00:00:00+09:00,4362.359462290503,4478.911050977654,4312.408781424581,4470.5859375,356165,0.0,0.0
2005-05-16 00:00:00+09:00,4512.210844407126,4578.811742479556,4412.309497298482,4453.93505859375,476627,0.0,0.0
2005-05-17 00:00:00+09:00,4520.53595666618,4537.186181184287,4387.33416052132,4453.93505859375,571143,0.0,0.0
2005-05-18 00:00:00+09:00,4470.5865102208645,4537.187426574248,4395.660479323308,4428.9609375,269649,0.0,0.0
2005-05-19 00:00:00+09:00,4495.5615234375,4620.438232421875,4437.285725911458,4545.51220703125,558696,0.0,0.0
2005-05-20 00:00:00+09:00,4512.212072088068,4620.438560901989,4462.261384943182,4578.81298828125,345849,0.0,0.0
2005-05-23 00:00:00+09:00,4653.738193677819,4653.738193677819,4537.186611009681,4595.46240234375,259556,0.0,0.0
2005-05-24 00:00:00+09:00,4595.46197724122,4620.437314074053,4487.235517632278,4503.8857421875,250809,0.0,0.0
2005-05-25 00:00:00+09:00,4512.21142213736,4553.836988762244,4453.935628862523,4462.2607421875,260919,0.0,0.0
2005-05-26 00:00:00+09:00,4462.2607421875,4512.21142213736,4445.610515537547,4462.2607421875,231970,0.0,0.0
2005-05-27 00:00:00+09:00,4528.862218468468,4662.064048423424,4487.236646607545,4620.4384765625,811630,0.0,0.0
2005-05-30 00:00:00+09:00,4620.4384765625,4628.7635909346845,4570.487790329392,4620.4384765625,426356,0.0,0.0
2005-05-31 00:00:00+09:00,4620.437730577257,4620.437730577257,4453.935470015914,4495.56103515625,328346,0.0,0.0
2005-06-01 00:00:00+09:00,4453.935628862523,4578.812328737174,4453.935628862523,4462.2607421875,283726,0.0,0.0
2005-06-02 00:00:00+09:00,4495.560712638377,4595.462061808118,4487.235600207565,4512.2109375,206707,0.0,0.0
2005-06-03 00:00:00+09:00,4528.861098553345,4645.4126709425855,4528.861098553345,4603.787109375,586161,0.0,0.0
2005-06-07 00:00:00+09:00,4603.788331853693,4603.788331853693,4495.561843039773,4578.81298828125,218858,0.0,0.0
2005-06-08 00:00:00+09:00,4620.437582551146,4678.713371880621,4578.812018744379,4628.7626953125,649411,0.0,0.0
2005-06-09 00:00:00+09:00,4736.988130419666,4861.86479466623,4720.337908520124,4770.28857421875,1174454,0.0,0.0
2005-06-10 00:00:00+09:00,4836.890444155093,4911.816457919974,4695.363529265873,4720.3388671875,573448,0.0,0.0
2005-06-13 00:00:00+09:00,4720.3399351917615,4770.290622336648,4553.837644708807,4578.81298828125,452152,0.0,0.0
2005-06-14 00:00:00+09:00,4628.763346354167,4628.763346354167,4470.586181640625,4545.51220703125,444437,0.0,0.0
2005-06-15 00:00:00+09:00,4462.260749315693,4628.763016081204,4462.260749315693,4562.162109375,681278,0.0,0.0
2005-06-16 00:00:00+09:00,4578.8121654369215,4628.762843605324,4478.910809100115,4495.56103515625,478127,0.0,0.0
2005-06-17 00:00:00+09:00,4503.886556586869,4637.088377114393,4495.561442803899,4537.18701171875,641767,0.0,0.0
2005-06-20 00:00:00+09:00,4687.038645868716,4703.688871964165,4578.8121762483015,4595.46240234375,442105,0.0,0.0
2005-06-21 00:00:00+09:00,4603.78824781813,4653.738934051238,4595.4631334459455,4620.4384765625,285587,0.0,0.0
2005-06-22 00:00:00+09:00,4728.665286227876,4753.640631049502,4670.389481644082,4703.68994140625,550782,0.0,0.0
2005-06-23 00:00:00+09:00,4678.713645614495,4970.0926093093485,4645.413192620798,4953.4423828125,1089513,0.0,0.0
2005-06-24 00:00:00+09:00,4870.19091796875,4895.166256009616,4811.915129206731,4870.19091796875,342654,0.0,0.0
2005-06-27 00:00:00+09:00,4828.564760434878,4853.5400954026445,4662.062527316433,4761.9638671875,308130,0.0,0.0
2005-06-28 00:00:00+09:00,4828.56600113301,4961.767821853921,4786.940432157726,4936.79248046875,499415,0.0,0.0
2005-06-29 00:00:00+09:00,4995.067615799492,5036.693179264488,4870.190925404505,4920.1416015625,372524,0.0,0.0
2005-06-30 00:00:00+09:00,4911.816557785561,4928.4667834051725,4820.240316877694,4828.5654296875,309385,0.0,0.0
2005-07-01 00:00:00+09:00,4786.940113838338,4928.467038943124,4778.61500059688,4903.49169921875,258145,0.0,0.0
2005-07-04 00:00:00+09:00,4903.491076155734,5069.993319828254,4878.515739604855,5036.69287109375,537828,0.0,0.0
2005-07-05 00:00:00+09:00,5078.319498697917,5119.945068359375,4995.068359375,4995.068359375,271172,0.0,0.0
2005-07-06 00:00:00+09:00,5036.693929036458,5111.619954427083,4970.093017578125,5094.9697265625,382745,0.0,0.0
2005-07-07 00:00:00+09:00,5020.042574923156,5169.894592085041,5020.042574923156,5078.318359375,480152,0.0,0.0
2005-07-08 00:00:00+09:00,5078.319498697917,5236.496663411458,5053.344156901042,5094.9697265625,673028,0.0,0.0
2005-07-11 00:00:00+09:00,5294.77122271232,5336.396782639305,5178.219654916767,5219.84521484375,698329,0.0,0.0
2005-07-12 00:00:00+09:00,5294.772210899759,5311.42243797806,5020.04346410779,5169.8955078125,614804,0.0,0.0
2005-07-13 00:00:00+09:00,5094.968824006384,5144.919498751545,5020.042811888643,5053.34326171875,332420,0.0,0.0
2005-07-14 00:00:00+09:00,5053.344405131124,5161.570891567211,4945.117918695038,4970.09326171875,419498,0.0,0.0
2005-07-15 00:00:00+09:00,4970.092277720495,5069.993630036484,4920.1416015625,4920.1416015625,267543,0.0,0.0
2005-07-18 00:00:00+09:00,4911.817138255963,4970.092934811542,4861.866455494038,4886.841796875,304387,0.0,0.0
2005-07-19 00:00:00+09:00,4886.841878255208,5011.718587239583,4786.940511067708,4845.21630859375,516009,0.0,0.0
2005-07-20 00:00:00+09:00,4995.068526594606,4995.068526594606,4845.216470796768,4861.86669921875,603939,0.0,0.0
2005-07-21 00:00:00+09:00,4995.068359375,5161.570638020833,4861.866536458333,4995.068359375,920454,0.0,0.0
2005-07-22 00:00:00+09:00,4836.890877333263,5003.393145055579,4820.240650561032,4961.767578125,380369,0.0,0.0
2005-07-25 00:00:00+09:00,4970.092691511116,5028.368485213927,4878.5164442638425,4961.767578125,249282,0.0,0.0
2005-07-26 00:00:00+09:00,4911.81690416838,5161.570306075247,4911.81690416838,5061.6689453125,665833,0.0,0.0
2005-07-27 00:00:00+09:00,5178.22119140625,5228.171878140072,5136.595619128065,5178.22119140625,398489,0.0,0.0
2005-07-28 00:00:00+09:00,5244.82177734375,5319.747802734375,5061.669270833333,5094.9697265625,631724,0.0,0.0
2005-07-29 00:00:00+09:00,5119.943919697746,5186.544816214139,4961.766790471312,5078.318359375,429925,0.0,0.0
2005-08-01 00:00:00+09:00,5078.319165530621,5078.319165530621,4945.117351352768,4961.767578125,424374,0.0,0.0
2005-08-02 00:00:00+09:00,4961.767157451923,4995.067608173077,4828.565354567308,4870.19091796875,400777,0.0,0.0
2005-08-03 00:00:00+09:00,4903.49178442219,5036.693598600043,4895.166671036074,4961.767578125,522713,0.0,0.0
2005-08-04 00:00:00+09:00,4995.068779582616,4995.068779582616,4670.389308909746,4836.8916015625,391670,0.0,0.0
2005-08-05 00:00:00+09:00,4703.689288296847,4820.240881281194,4562.162353958712,4587.1376953125,267281,0.0,0.0
2005-08-08 00:00:00+09:00,4578.812904701576,4703.689620284346,4578.812904701576,4620.4384765625,238247,0.0,0.0
2005-08-09 00:00:00+09:00,4620.437741486923,4637.087967582371,4553.836837105129,4595.46240234375,210106,0.0,0.0
2005-08-10 00:00:00+09:00,4678.713399110991,4853.540768116918,4620.437609442349,4828.5654296875,467533,0.0,0.0
2005-08-11 00:00:00+09:00,4853.541188808497,5069.994140625,4828.565848214285,5069.994140625,374293,0.0,0.0
2005-08-12 00:00:00+09:00,5103.2939364639105,5103.2939364639105,4936.791687313375,5053.34326171875,270123,0.0,0.0
2005-08-16 00:00:00+09:00,5028.367924346169,5136.594386294018,4970.092137143482,5053.34326171875,458786,0.0,0.0
2005-08-17 00:00:00+09:00,5078.319578125,5303.0976578125,5053.344235937499,5203.1962890625,957898,0.0,0.0
2005-08-18 00:00:00+09:00,5303.0966446395805,5319.746869583503,4986.742370705037,5103.2939453125,730255,0.0,0.0
2005-08-19 00:00:00+09:00,5194.870003355061,5511.224266379889,5103.293769321558,5427.97314453125,884724,0.0,0.0
2005-08-22 00:00:00+09:00,5378.023838141025,5527.875895550528,5361.37360953997,5519.55078125,727395,0.0,0.0
2005-08-23 00:00:00+09:00,5477.924809021357,5686.052651309403,5477.924809021357,5627.77685546875,917508,0.0,0.0
2005-08-24 00:00:00+09:00,5636.101969160271,5661.077310234838,5502.900150095923,5627.77685546875,371363,0.0,0.0
2005-08-25 00:00:00+09:00,5577.825164576628,6010.730998245262,5569.500052390692,5819.25341796875,739134,0.0,0.0
2005-08-26 00:00:00+09:00,5785.954102259049,6019.057289112652,5752.653646994249,5835.90478515625,460344,0.0,0.0
2005-08-29 00:00:00+09:00,5777.627383104012,5785.952494607043,5494.573592000933,5577.82470703125,344893,0.0,0.0
2005-08-30 00:00:00+09:00,5627.7755705180925,5752.652247378701,5203.194869192023,5694.37646484375,575496,0.0,0.0
2005-08-31 00:00:00+09:00,5461.275356755781,5760.9794921875,5461.275356755781,5760.9794921875,366252,0.0,0.0
2005-09-01 00:00:00+09:00,5835.905120081018,5844.230234375,5619.4521484375,5619.4521484375,253603,0.0,0.0
2005-09-02 00:00:00+09:00,5619.450458727385,5694.37646484375,5394.672440378289,5694.37646484375,715274,0.0,0.0
2005-09-05 00:00:00+09:00,5694.376961616848,5835.903874405571,5619.450948963995,5744.32763671875,756762,0.0,0.0
2005-09-06 00:00:00+09:00,5702.7022238338695,5785.953351189109,5619.4510964786305,5661.07666015625,447941,0.0,0.0
2005-09-07 00:00:00+09:00,5677.726993295656,5877.529702737145,5627.7763159352835,5869.20458984375,656914,0.0,0.0
2005-09-08 00:00:00+09:00,5869.204333075161,5910.8298957210845,5677.7267449039155,5794.2783203125,674556,0.0,0.0
2005-09-09 00:00:00+09:00,5910.830809502051,6077.333085826052,5835.90478515625,5835.90478515625,958984,0.0,0.0
2005-09-12 00:00:00+09:00,5910.830560809904,5952.456128139551,5727.678064559455,5810.92919921875,572770,0.0,0.0
2005-09-13 00:00:00+09:00,5785.953460909796,6010.731509031471,5686.052106189051,5869.20458984375,924274,0.0,0.0
2005-09-14 00:00:00+09:00,5885.855220412115,6019.057035866986,5752.653404957244,5810.92919921875,1080472,0.0,0.0
2005-09-15 00:00:00+09:00,5760.978426454344,5802.603993119477,5486.24968646447,5652.751953125,1321085,0.0,0.0
2005-09-16 00:00:00+09:00,5760.978012982537,5844.229140337776,5611.125983743107,5661.07666015625,1155298,0.0,0.0
2005-09-20 00:00:00+09:00,5702.702074133832,5902.50477454144,5661.076511548913,5744.32763671875,1149023,0.0,0.0
2005-09-21 00:00:00+09:00,5661.0766006097565,5827.578853568866,5652.7514879618,5802.603515625,557263,0.0,0.0
2005-09-22 00:00:00+09:00,5744.328458164278,6160.584143538502,5744.328458164278,6027.38232421875,1028426,0.0,0.0
2005-09-23 00:00:00+09:00,6110.633044756171,6135.608384176156,5927.480555676287,5985.75634765625,629489,0.0,0.0
2005-09-26 00:00:00+09:00,6077.3330078125,6268.81062312714,6069.007894103168,6077.3330078125,767787,0.0,0.0
2005-09-27 00:00:00+09:00,6127.283854166667,6277.135904947917,6035.707600911458,6143.93408203125,653763,0.0,0.0
2005-09-28 00:00:00+09:00,6152.25862475619,6285.460435305716,6069.007493162738,6135.6083984375,578026,0.0,0.0
2005-09-29 00:00:00+09:00,6127.283690068492,6185.559486033818,6035.707439265839,6077.3330078125,404774,0.0,0.0
2005-09-30 00:00:00+09:00,6118.957849897454,6268.809878874535,6093.982511734607,6152.25830078125,1075201,0.0,0.0
2005-10-04 00:00:00+09:00,6177.233964234227,6210.534416871607,6044.032153684701,6135.6083984375,552684,0.0,0.0
2005-10-05 00:00:00+09:00,6160.583808051216,6185.559147813586,5985.756429714627,5994.08154296875,718089,0.0,0.0
2005-10-06 00:00:00+09:00,5910.830410427518,6019.05688273112,5736.003032090929,5994.08154296875,908971,0.0,0.0
2005-10-07 00:00:00+09:00,5935.80615234375,6060.682859616059,5877.530355616673,5935.80615234375,534107,0.0,0.0
2005-10-10 00:00:00+09:00,5852.554617648655,5994.08154296875,5852.554617648655,5994.08154296875,584593,0.0,0.0
2005-10-11 00:00:00+09:00,5902.50569841056,6077.333088631465,5902.50569841056,6035.70751953125,452341,0.0,0.0
2005-10-12 00:00:00+09:00,6035.708155279992,6610.1410693687085,6035.708155279992,6202.21044921875,2589093,0.0,0.0
2005-10-13 00:00:00+09:00,6252.159585286458,6277.134923177084,6044.03176953125,6243.83447265625,700544,0.0,0.0
2005-10-14 00:00:00+09:00,6277.134588901224,6293.784813274967,6077.331896416304,6210.53369140625,728381,0.0,0.0
2005-10-17 00:00:00+09:00,6168.908393012153,6218.859068259215,5844.22900390625,5844.22900390625,685521,0.0,0.0
2005-10-18 00:00:00+09:00,5869.204091084362,6027.381222617132,5785.952969225009,5819.25341796875,1240511,0.0,0.0
2005-10-19 00:00:00+09:00,5794.279548611111,5802.6046629050925,5577.826576967593,5619.4521484375,676921,0.0,0.0
2005-10-20 00:00:00+09:00,5586.149818534282,5661.075822061567,5511.223815006996,5577.82470703125,675250,0.0,0.0
2005-10-21 00:00:00+09:00,5244.820924144289,5552.850089530541,5244.820924144289,5502.8994140625,595874,0.0,0.0
2005-10-24 00:00:00+09:00,5461.2738511724665,5602.800764998582,5411.323175704425,5502.8994140625,435007,0.0,0.0
2005-10-25 00:00:00+09:00,5552.850089530541,5627.776102732602,5494.574301484493,5502.8994140625,487513,0.0,0.0
2005-10-26 00:00:00+09:00,5511.224845664242,5536.200184843989,5419.648602005168,5436.298828125,330054,0.0,0.0
2005-10-27 00:00:00+09:00,5378.023928833008,5486.250416564942,5311.423013305664,5328.0732421875,356909,0.0,0.0
2005-10-28 00:00:00+09:00,5211.520499936995,5253.146063035534,5161.56982421875,5161.56982421875,310223,0.0,0.0
2005-10-31 00:00:00+09:00,5261.471432829889,5294.771884936406,5203.195641643481,5236.49609375,231726,0.0,0.0
2005-11-01 00:00:00+09:00,5203.195968890601,5386.34846699555,5203.195968890601,5319.74755859375,252706,0.0,0.0
2005-11-02 00:00:00+09:00,5319.7474057729005,5477.924558683207,5319.7474057729005,5452.94921875,301946,0.0,0.0
2005-11-03 00:00:00+09:00,5477.9248046875,5577.826168906725,5452.949463632694,5477.9248046875,272988,0.0,0.0
2005-11-04 00:00:00+09:00,5419.649089529591,5561.176024279212,5419.649089529591,5486.25,255379,0.0,0.0
2005-11-07 00:00:00+09:00,5502.89980651285,5536.200259199766,5328.072429906542,5344.72265625,464318,0.0,0.0
2005-11-08 00:00:00+09:00,5378.022752331149,5386.347864950856,5128.2693737399195,5161.56982421875,1090450,0.0,0.0
2005-11-09 00:00:00+09:00,5111.619398350556,5278.121658883148,5111.619398350556,5236.49609375,1182186,0.0,0.0
2005-11-10 00:00:00+09:00,5228.171216536034,5236.496329938162,5078.31917529774,5111.61962890625,1405601,0.0,0.0
2005-11-11 00:00:00+09:00,5111.619219611673,5702.7022238338695,5111.619219611673,5661.07666015625,3085577,0.0,0.0
2005-11-14 00:00:00+09:00,5602.800723930028,5777.628086786685,5494.574261209239,5744.32763671875,1058623,0.0,0.0
2005-11-15 00:00:00+09:00,5802.603515625,6019.056444471844,5785.953290329089,5802.603515625,1684321,0.0,0.0
2005-11-16 00:00:00+09:00,5927.48047419046,6069.0073956247825,5902.5051351138145,5977.43115234375,1351892,0.0,0.0
2005-11-17 00:00:00+09:00,6052.3571695736855,6052.3571695736855,5885.8549090627175,5977.43115234375,732544,0.0,0.0
2005-11-18 00:00:00+09:00,6060.6827762903795,6093.983231105161,5927.48095703125,5927.48095703125,502380,0.0,0.0
2005-11-21 00:00:00+09:00,5927.480674078525,6651.765531725761,5927.480674078525,6493.58837890625,1254638,0.0,0.0
2005-11-22 00:00:00+09:00,6468.612513671875,6576.838977864583,6185.558684244792,6243.83447265625,819615,0.0,0.0
2005-11-23 00:00:00+09:00,6235.509360026042,6385.361387369791,6185.558684244792,6243.83447265625,920826,0.0,0.0
2005-11-24 00:00:00+09:00,6377.0369483056,6593.489899553571,6343.736494267451,6410.33740234375,885323,0.0,0.0
2005-11-25 00:00:00+09:00,6418.661496078042,6493.587505759887,6193.883467032507,6210.53369140625,452890,0.0,0.0
2005-11-28 00:00:00+09:00,6202.209638010459,6277.135660483068,6052.357593065239,6268.810546875,631496,0.0,0.0
2005-11-29 00:00:00+09:00,6185.559815112964,6443.638353832348,6118.958901895059,6160.58447265625,622225,0.0,0.0
2005-11-30 00:00:00+09:00,6235.509833904047,7084.67138671875,6218.859607378268,7084.67138671875,3274969,0.0,0.0
2005-12-01 00:00:00+09:00,7159.597571530628,7609.153698115108,6959.794848604191,7101.32177734375,2171598,0.0,0.0
2005-12-02 00:00:00+09:00,7284.474105028092,7284.474105028092,6834.917988832072,7084.67138671875,1005373,0.0,0.0
2005-12-05 00:00:00+09:00,7084.67138671875,7292.799218290981,7001.420254089858,7084.67138671875,956532,0.0,0.0
2005-12-06 00:00:00+09:00,6951.47021484375,7167.923179617327,6868.219074546219,6951.47021484375,852340,0.0,0.0
2005-12-07 00:00:00+09:00,6901.519365222121,6951.470048203223,6576.839925844965,6635.11572265625,1028703,0.0,0.0
2005-12-08 00:00:00+09:00,6851.56769794862,7059.695513803681,6643.4398820935585,6784.966796875,1747016,0.0,0.0
2005-12-09 00:00:00+09:00,6618.465903752966,6826.59376236155,6535.214760309533,6576.84033203125,834058,0.0,0.0
2005-12-12 00:00:00+09:00,6501.9130859375,6651.765116087148,6501.9130859375,6501.9130859375,749381,0.0,0.0
2005-12-13 00:00:00+09:00,6410.3368384576615,6543.538642893145,6293.7852595766135,6451.96240234375,1151543,0.0,0.0
2005-12-14 00:00:00+09:00,6535.213949188931,6759.992008587787,6485.26326932252,6543.5390625,1051076,0.0,0.0
2005-12-15 00:00:00+09:00,6493.588209399288,6643.44024500081,6418.662191598527,6426.9873046875,1129173,0.0,0.0
2005-12-16 00:00:00+09:00,6160.583455141129,6601.81443233367,6160.583455141129,6451.96240234375,860530,0.0,0.0
2005-12-19 00:00:00+09:00,6285.46117972329,6535.214604083156,6285.46117972329,6360.38720703125,460241,0.0,0.0
2005-12-20 00:00:00+09:00,6360.387371504935,6568.515230520148,6327.0869140625,6327.0869140625,529890,0.0,0.0
2005-12-21 00:00:00+09:00,6335.411702473958,6751.667399088542,6335.411702473958,6743.34228515625,1241886,0.0,0.0
2005-12-22 00:00:00+09:00,6818.267797851562,6909.844044220753,6493.58837890625,6493.58837890625,851219,0.0,0.0
2005-12-23 00:00:00+09:00,6493.588375121124,6618.465074642683,6318.76099579094,6443.6376953125,571341,0.0,0.0
2005-12-26 00:00:00+09:00,6410.336926550512,6535.213619924873,6385.36158787564,6510.23828125,407373,0.0,0.0
2005-12-27 00:00:00+09:00,6493.588120404412,6618.464815027573,6368.71142578125,6368.71142578125,494888,0.0,0.0
2005-12-28 00:00:00+09:00,6399.428937293046,6561.54780370447,6399.428937293046,6442.091796875,232776,186.0,0.0
2005-12-29 00:00:00+09:00,6425.027238571924,6706.602137473482,6425.027238571924,6535.95068359375,318144,0.0,0.0
2006-01-02 00:00:00+09:00,6510.352235652515,6783.39453125,6510.352235652515,6783.39453125,555827,0.0,0.0
2006-01-03 00:00:00+09:00,6834.590803058745,7355.077743116903,6791.927939119552,7244.154296875,2036630,0.0,0.0
2006-01-04 00:00:00+09:00,7551.3257213324905,7551.3257213324905,7175.892578125,7175.892578125,1107259,0.0,0.0
2006-01-05 00:00:00+09:00,7346.545111911693,7841.434329671134,7261.21938471179,7739.04345703125,2496245,0.0,0.0
2006-01-06 00:00:00+09:00,7995.02063863096,8157.139520310777,7721.978311591269,7739.04345703125,1666477,0.0,0.0
2006-01-09 00:00:00+09:00,8524.03860520583,8873.8740234375,8361.919752854568,8873.8740234375,2082354,0.0,0.0
2006-01-10 00:00:00+09:00,9513.81731828194,10196.423045154184,9172.514454845816,9684.46875,6951406,0.0,0.0
2006-01-11 00:00:00+09:00,9812.458249713301,10068.435421444954,8959.201010607798,9300.50390625,2718530,0.0,0.0
2006-01-12 00:00:00+09:00,9385.828413018433,9471.154125864055,8703.222710253456,9257.83984375,2080567,0.0,0.0
2006-01-13 00:00:00+09:00,8959.199679392688,9428.491091170401,8916.536823776532,9044.525390625,2875191,0.0,0.0
2006-01-16 00:00:00+09:00,9300.505205305231,9727.133884447674,9129.853733648255,9172.5166015625,2485290,0.0,0.0
2006-01-17 00:00:00+09:00,9172.515846535012,9385.830168547454,8831.212931315104,9215.1787109375,1514105,0.0,0.0
2006-01-18 00:00:00+09:00,9428.491695080773,10452.400295451536,8873.87453654661,10068.4345703125,5795682,0.0,0.0
2006-01-19 00:00:00+09:00,9897.784679015838,10196.424733986143,9428.4931640625,9428.4931640625,1940021,0.0,0.0
2006-01-20 00:00:00+09:00,9556.480733580509,9599.143593998278,8046.215474791446,8054.748046875,2097858,0.0,0.0
2006-01-23 00:00:00+09:00,7679.314309736513,8421.648026344375,7440.402308989154,7670.78173828125,1645136,0.0,0.0
2006-01-24 00:00:00+09:00,7892.627069259547,8157.136733202299,7696.3779637536345,8071.81103515625,1239829,0.0,0.0
2006-01-25 00:00:00+09:00,8020.616530012377,9087.18787708849,7995.0188176825495,8617.896484375,2513285,0.0,0.0
2006-01-26 00:00:00+09:00,8617.898718224389,8703.224448107798,8242.465506737386,8370.4541015625,1044751,0.0,0.0
2006-01-27 00:00:00+09:00,8703.224078428399,9172.51557285346,8532.572625910194,8788.5498046875,1457583,0.0,0.0
2006-01-31 00:00:00+09:00,9129.853295554578,9513.819088358276,9001.864697953346,9087.1904296875,1232423,0.0,0.0
2006-02-01 00:00:00+09:00,9129.852005080049,9172.514864916871,8464.311391625615,8660.560546875,1080271,0.0,0.0
2006-02-02 00:00:00+09:00,9044.527253327546,9385.830168547454,8788.550066912616,9215.1787109375,1435545,0.0,0.0
2006-02-03 00:00:00+09:00,8873.874846059112,9087.189145243226,8575.234827201355,8660.560546875,841519,0.0,0.0
2006-02-06 00:00:00+09:00,8455.779472277003,8873.875530946601,8447.246899651092,8788.5498046875,715934,0.0,0.0
2006-02-07 00:00:00+09:00,8703.222947761195,8916.537235696518,8575.234375,8575.234375,628556,0.0,0.0
2006-02-08 00:00:00+09:00,8370.453017276095,8617.897601884666,8225.399295264177,8276.5947265625,915149,0.0,0.0
2006-02-09 00:00:00+09:00,8404.583340962728,8481.37648824056,8140.073611450195,8191.26904296875,567083,0.0,0.0
2006-02-10 00:00:00+09:00,8071.813191042108,8225.39948854608,7935.292037705243,8054.748046875,492921,0.0,0.0
2006-02-13 00:00:00+09:00,8208.333992642196,8404.583142154432,8063.2802734375,8063.2802734375,575940,0.0,0.0
2006-02-14 00:00:00+09:00,7943.825754359148,8259.530966938406,7943.825754359148,8242.4658203125,466769,0.0,0.0
2006-02-15 00:00:00+09:00,8404.583229571424,8575.234665704853,8097.41064453125,8097.41064453125,920112,0.0,0.0
2006-02-16 00:00:00+09:00,8191.2700400801605,8575.23582320892,8097.411737537575,8515.5078125,961773,0.0,0.0
2006-02-17 00:00:00+09:00,8660.559744027945,9129.851158728967,8532.571176382213,8873.8740234375,1457745,0.0,0.0
2006-02-20 00:00:00+09:00,9001.862591083234,9215.176870492789,8831.21116755559,8873.8740234375,912898,0.0,0.0
2006-02-21 00:00:00+09:00,8959.199735201322,9001.862591083234,8703.222599909855,8873.8740234375,330227,0.0,0.0
2006-02-22 00:00:00+09:00,8788.548311673678,9087.188302847057,8788.548311673678,8873.8740234375,638123,0.0,0.0
2006-02-23 00:00:00+09:00,9001.864697953346,9129.853295554578,8831.213234485036,9087.1904296875,649462,0.0,0.0
2006-02-24 00:00:00+09:00,9172.514014610879,9215.176870492789,8831.21116755559,8873.8740234375,394546,0.0,0.0
2006-02-27 00:00:00+09:00,8916.536823776532,9044.525390625,8745.88540131191,9044.525390625,319733,0.0,0.0
2006-02-28 00:00:00+09:00,9001.86434744867,9129.852940066425,8831.212890625,8831.212890625,654094,0.0,0.0
2006-03-02 00:00:00+09:00,8831.210330209378,8959.19888571966,8506.97265625,8506.97265625,895120,0.0,0.0
2006-03-03 00:00:00+09:00,8361.918285472973,8447.243982263513,8208.33203125,8208.33203125,483202,0.0,0.0
2006-03-06 00:00:00+09:00,8114.473764780405,8268.060019003378,8105.941195101352,8208.33203125,422359,0.0,0.0
2006-03-07 00:00:00+09:00,8191.270395464601,8208.33554212182,7593.990262461974,7713.4462890625,633740,0.0,0.0
2006-03-08 00:00:00+09:00,7508.663119612069,7593.988836880389,7184.425393992457,7423.33740234375,1681739,0.0,0.0
2006-03-09 00:00:00+09:00,7397.739428571428,7551.325714285714,7397.739428571428,7466.0,722964,0.0,0.0
2006-03-10 00:00:00+09:00,7406.272266911361,7943.82428628396,7406.272266911361,7773.1728515625,791597,0.0,0.0
2006-03-13 00:00:00+09:00,7892.628561394776,8071.812561166981,7884.095989977051,7901.1611328125,413993,0.0,0.0
2006-03-14 00:00:00+09:00,7901.161375592252,7986.487092391304,7653.716796875,7653.716796875,289022,0.0,0.0
2006-03-15 00:00:00+09:00,7721.976793226305,7875.563071986608,7687.846509057349,7764.6396484375,432081,0.0,0.0
2006-03-16 00:00:00+09:00,7807.303615538012,8225.399656151523,7773.173326508338,8123.0087890625,807234,0.0,0.0
2006-03-17 00:00:00+09:00,8216.864600929053,8310.722867398648,7969.420080236487,8208.33203125,492669,0.0,0.0
2006-03-20 00:00:00+09:00,8233.931878361096,8276.59473783447,8063.280440467602,8131.541015625,354061,0.0,0.0
2006-03-21 00:00:00+09:00,8327.789582215666,8430.18043773471,7952.3564453125,7952.3564453125,528137,0.0,0.0
2006-03-22 00:00:00+09:00,7858.499682752072,7926.760266315608,7525.729337879834,7721.978515625,674251,0.0,0.0
2006-03-23 00:00:00+09:00,7773.171054437899,8054.7458566293935,7773.171054437899,8012.0830078125,568535,0.0,0.0
2006-03-24 00:00:00+09:00,7935.2920293393345,8020.617750084919,7679.314867102582,7849.96630859375,223990,0.0,0.0
2006-03-27 00:00:00+09:00,7713.445738871278,7901.162338711066,7713.445738871278,7739.04345703125,190486,0.0,0.0
2006-03-28 00:00:00+09:00,7832.900938140369,7943.824371904884,7764.640363516052,7807.30322265625,307631,0.0,0.0
2006-03-29 00:00:00+09:00,7798.7716721339775,7798.7716721339775,7687.848223843232,7721.978515625,181382,0.0,0.0
2006-03-30 00:00:00+09:00,7841.432211657072,8105.94189453125,7841.432211657072,8105.94189453125,415981,0.0,0.0
2006-03-31 00:00:00+09:00,8105.943746754932,8233.93233223001,7986.48773364486,8216.8671875,228327,0.0,0.0
2006-04-03 00:00:00+09:00,8216.867109017358,8404.583699254516,8114.476241615273,8387.5185546875,323750,0.0,0.0
2006-04-04 00:00:00+09:00,8489.907922725866,8703.22219214109,8336.321648746905,8617.896484375,404665,0.0,0.0
2006-04-05 00:00:00+09:00,8532.573021356784,8617.898751570352,8447.247291143216,8489.91015625,333691,0.0,0.0
2006-04-06 00:00:00+09:00,8660.560546875,8703.223406711822,8506.974251462438,8660.560546875,334863,0.0,0.0
2006-04-07 00:00:00+09:00,8831.212667817052,9001.864120335254,8660.561215298847,8788.5498046875,488114,0.0,0.0
2006-04-10 00:00:00+09:00,8617.897232587065,8703.222947761195,8506.973802860697,8575.234375,318534,0.0,0.0
2006-04-11 00:00:00+09:00,8532.571648316061,8575.234506557643,8225.399068976683,8233.931640625,440717,0.0,0.0
2006-04-12 00:00:00+09:00,8071.812779306994,8302.192213811528,8071.812779306994,8233.931640625,382845,0.0,0.0
2006-04-13 00:00:00+09:00,8302.19196882476,8916.537109375,8293.65939742823,8916.537109375,784892,0.0,0.0
2006-04-14 00:00:00+09:00,8959.201832086268,9172.516161421656,8831.213234485036,9087.1904296875,590075,0.0,0.0
2006-04-17 00:00:00+09:00,9471.15589735243,9812.458812572339,9172.515846535012,9215.1787109375,842721,0.0,0.0
2006-04-18 00:00:00+09:00,9428.491823430648,9727.1318359375,9129.851810923794,9727.1318359375,799699,0.0,0.0
2006-04-19 00:00:00+09:00,9897.783876329788,10153.761045545212,9727.13243018617,10025.7724609375,722584,0.0,0.0
2006-04-20 00:00:00+09:00,9940.445662506914,10025.771376348175,9556.479950221239,9641.8056640625,315217,0.0,0.0
2006-04-21 00:00:00+09:00,9641.805892070484,10025.771613436124,9641.805892070484,9684.46875,373008,0.0,0.0
2006-04-24 00:00:00+09:00,9684.469663847476,9727.132525802752,9215.178182339449,9300.50390625,259041,0.0,0.0
2006-04-25 00:00:00+09:00,9343.1650390625,9556.479309360731,9172.513622823915,9343.1650390625,328239,0.0,0.0
2006-04-26 00:00:00+09:00,9300.504350142046,9471.155806107954,9129.852894176136,9385.830078125,308273,0.0,0.0
2006-04-27 00:00:00+09:00,9641.8056640625,9769.794234824392,9513.81709330061,9641.8056640625,424735,0.0,0.0
2006-04-28 00:00:00+09:00,9769.795948169849,9769.795948169849,9129.852982132523,9215.1787109375,282995,0.0,0.0
2006-05-02 00:00:00+09:00,9257.839965236244,9385.82853618421,8831.21139540969,8916.537109375,499285,0.0,0.0
2006-05-03 00:00:00+09:00,8916.53649846604,9385.827893122147,8916.53649846604,9343.1650390625,376227,0.0,0.0
2006-05-04 00:00:00+09:00,9215.177278037383,9471.154424649532,9129.8515625,9129.8515625,220018,0.0,0.0
2006-05-08 00:00:00+09:00,9257.83984375,9343.16555659562,9044.525561635945,9257.83984375,201913,0.0,0.0
2006-05-09 00:00:00+09:00,9257.840387712446,9812.457553796601,9215.177528782895,9727.1318359375,708934,0.0,0.0
2006-05-10 00:00:00+09:00,9727.133125,9855.12171875,9513.818802083333,9599.14453125,361369,0.0,0.0
2006-05-11 00:00:00+09:00,9769.794401887175,9940.445832487825,9556.480113636364,9855.1201171875,459398,0.0,0.0
2006-05-12 00:00:00+09:00,9471.154902429038,9812.45778179585,9300.503462745633,9769.794921875,413552,0.0,0.0
2006-05-15 00:00:00+09:00,9513.818135029562,9684.469581397805,9300.503827069257,9471.1552734375,410821,0.0,0.0
2006-05-16 00:00:00+09:00,9727.133083767361,9855.121676974826,9044.527253327546,9215.1787109375,421592,0.0,0.0
2006-05-17 00:00:00+09:00,9428.493072916666,9599.14453125,9172.515885416666,9599.14453125,320484,0.0,0.0
2006-05-18 00:00:00+09:00,9172.515885416666,9599.14453125,9044.527291666667,9599.14453125,442917,0.0,0.0
2006-05-19 00:00:00+09:00,9471.155806107954,9599.144398082386,9300.504350142046,9385.830078125,245029,0.0,0.0
2006-05-22 00:00:00+09:00,9556.479838709676,9769.794120823732,9257.83984375,9257.83984375,570770,0.0,0.0
2006-05-23 00:00:00+09:00,9215.17875,9599.14453125,9172.515885416666,9599.14453125,246672,0.0,0.0
2006-05-24 00:00:00+09:00,9471.154460352423,9684.46875,9343.165886563876,9684.46875,301162,0.0,0.0
2006-05-25 00:00:00+09:00,9812.458166173987,9855.121027766048,9428.49241184544,9471.1552734375,325402,0.0,0.0
2006-05-26 00:00:00+09:00,9727.132286005435,9983.10945142663,9641.806564198369,9812.4580078125,567433,0.0,0.0
2006-05-29 00:00:00+09:00,9983.109905374462,10111.098493904903,9769.795591157059,9897.7841796875,598983,0.0,0.0
2006-05-30 00:00:00+09:00,9940.446590523097,10068.435173233695,9641.806564198369,9812.4580078125,350335,0.0,0.0
2006-06-01 00:00:00+09:00,9727.132442989865,9812.458166173987,9385.829550253378,9471.1552734375,373339,0.0,0.0
2006-06-02 00:00:00+09:00,9641.807936869394,9684.470803846692,9343.167868028308,9513.8193359375,455889,0.0,0.0
2006-06-05 00:00:00+09:00,9471.153601241438,9556.479309360731,9172.513622823915,9343.1650390625,246232,0.0,0.0
2006-06-07 00:00:00+09:00,8959.201028963415,9172.515339176829,8703.223856707316,8745.88671875,324656,0.0,0.0
2006-06-08 00:00:00+09:00,8703.22219214109,9300.502146503713,8617.896484375,8617.896484375,655705,0.0,0.0
2006-06-09 00:00:00+09:00,8831.21198622229,8959.200565732759,8617.897687038178,8660.560546875,180956,0.0,0.0
2006-06-12 00:00:00+09:00,8575.233978847287,9044.525390625,8404.582556382666,9044.525390625,305773,0.0,0.0
2006-06-13 00:00:00+09:00,8959.199679392688,9385.828235554245,8916.536823776532,9044.525390625,405732,0.0,0.0
2006-06-14 00:00:00+09:00,9129.851101857312,9300.502524321933,9001.862535008844,9044.525390625,308166,0.0,0.0
2006-06-15 00:00:00+09:00,9300.504759022888,9300.504759022888,8916.53896621919,9087.1904296875,281436,0.0,0.0
2006-06-16 00:00:00+09:00,9343.16537993809,9428.491091170401,9001.862535008844,9044.525390625,308516,0.0,0.0
2006-06-19 00:00:00+09:00,8959.201028963415,9001.863891006098,8703.223856707316,8745.88671875,159485,0.0,0.0
2006-06-20 00:00:00+09:00,8788.548700350468,9385.82870911215,8745.885842581776,9129.8515625,1919393,0.0,0.0
2006-06-21 00:00:00+09:00,9215.177724753694,9257.840584590516,8617.897687038178,8660.560546875,729884,0.0,0.0
2006-06-22 00:00:00+09:00,8873.874378109453,8873.874378109453,8524.038945895523,8575.234375,690743,0.0,0.0
2006-06-23 00:00:00+09:00,8532.571883054125,8532.571883054125,8148.606148316689,8276.5947265625,320611,0.0,0.0
2006-06-26 00:00:00+09:00,8396.049405364372,8489.907681237348,8191.267712550607,8430.1796875,316534,0.0,0.0
2006-06-27 00:00:00+09:00,8660.559338258045,8788.547899907178,8532.57077660891,8617.896484375,306186,0.0,0.0
2006-06-28 00:00:00+09:00,8455.779458169107,8745.886926966028,8404.58402249906,8524.0400390625,313578,0.0,0.0
2006-06-29 00:00:00+09:00,8703.222947761195,8703.222947761195,8498.441231343284,8575.234375,322982,0.0,0.0
2006-06-30 00:00:00+09:00,8745.885046024134,8788.547899907178,8524.038205832301,8617.896484375,533227,0.0,0.0
2006-07-03 00:00:00+09:00,8617.897687038178,8703.223406711822,8506.974251462438,8660.560546875,221260,0.0,0.0
2006-07-04 00:00:00+09:00,8745.886760138117,8745.886760138117,8430.181579528255,8455.779296875,299247,0.0,0.0
2006-07-05 00:00:00+09:00,8199.801511205807,8575.23467092803,8071.812934027777,8447.24609375,311708,0.0,0.0
2006-07-06 00:00:00+09:00,8327.790792353244,8447.246807817328,8276.59535715435,8285.1279296875,201361,0.0,0.0
2006-07-07 00:00:00+09:00,8404.582944651742,8575.234375,8233.931514303484,8575.234375,239798,0.0,0.0
2006-07-10 00:00:00+09:00,8532.571967364533,8660.560546875,8430.181103756157,8660.560546875,126993,0.0,0.0
2006-07-11 00:00:00+09:00,8745.886266548645,8873.874846059112,8617.897687038178,8660.560546875,225785,0.0,0.0
2006-07-12 00:00:00+09:00,8745.886941557948,8916.538394076153,8703.224078428399,8788.5498046875,252704,0.0,0.0
2006-07-13 00:00:00+09:00,8703.223856707316,8831.212442835365,8617.898132621951,8745.88671875,128807,0.0,0.0
2006-07-14 00:00:00+09:00,8617.898751570352,8617.898751570352,8396.051853015075,8489.91015625,146021,0.0,0.0
2006-07-18 00:00:00+09:00,8421.64890485491,8575.23520707111,8361.9208984375,8361.9208984375,153638,0.0,0.0
2006-07-19 00:00:00+09:00,8703.223406711822,9001.863425569582,8575.234827201355,8660.560546875,675829,0.0,0.0
2006-07-20 00:00:00+09:00,9001.86328125,9044.526140402844,8831.211844638625,9001.86328125,436863,0.0,0.0
2006-07-21 00:00:00+09:00,8959.199966357655,9001.86282334031,8788.548538427032,8916.537109375,212486,0.0,0.0
2006-07-24 00:00:00+09:00,8831.212667817052,8916.538394076153,8745.886941557948,8788.5498046875,123806,0.0,0.0
2006-07-25 00:00:00+09:00,8959.20152452257,9343.167304144965,8916.53866012008,9215.1787109375,387955,0.0,0.0
2006-07-26 00:00:00+09:00,9257.84189315581,9343.167624889966,9001.864697953346,9087.1904296875,210703,0.0,0.0
2006-07-27 00:00:00+09:00,9129.851627604166,9172.514485677082,8873.874479166667,8959.2001953125,201311,0.0,0.0
2006-07-28 00:00:00+09:00,8916.537109375,9087.188537305621,8873.874252392345,8916.537109375,149430,0.0,0.0
2006-07-31 00:00:00+09:00,9087.188769531249,9129.851627604166,8831.21162109375,8959.2001953125,175068,0.0,0.0
2006-08-01 00:00:00+09:00,8873.875304878049,8916.53816692073,8745.88671875,8745.88671875,139681,0.0,0.0
2006-08-02 00:00:00+09:00,8617.898352169295,8788.5498046875,8532.572625910194,8788.5498046875,166593,0.0,0.0
2006-08-03 00:00:00+09:00,8916.536879319412,8959.199735201322,8703.222599909855,8873.8740234375,184213,0.0,0.0
2006-08-04 00:00:00+09:00,8916.538394076153,8959.201257205705,8524.040053284283,8788.5498046875,330848,0.0,0.0
2006-08-07 00:00:00+09:00,8703.22171875,8788.547421875,8498.44003125,8532.5703125,194037,0.0,0.0
2006-08-08 00:00:00+09:00,8532.57077660891,8703.22219214109,8455.777639619431,8617.896484375,168932,0.0,0.0
2006-08-09 00:00:00+09:00,8455.777639619431,8660.559338258045,8455.777639619431,8617.896484375,181484,0.0,0.0
2006-08-10 00:00:00+09:00,8532.572958416835,8617.898688001003,8489.91009362475,8515.5078125,233958,0.0,0.0
2006-08-11 00:00:00+09:00,8617.89887791054,8916.538938036152,8532.573146446079,8703.224609375,313849,0.0,0.0
2006-08-14 00:00:00+09:00,8745.884570312499,8788.547421875,8532.5703125,8532.5703125,145145,0.0,0.0
2006-08-16 00:00:00+09:00,8703.22219214109,8745.885046024134,8532.57077660891,8617.896484375,222568,0.0,0.0
2006-08-17 00:00:00+09:00,8575.234827201355,9044.526285406404,8575.234827201355,8660.560546875,587538,0.0,0.0
2006-08-18 00:00:00+09:00,8873.8740234375,8959.199735201322,8788.548311673678,8873.8740234375,440097,0.0,0.0
2006-08-21 00:00:00+09:00,8873.875530946601,8959.201257205705,8788.5498046875,8788.5498046875,305189,0.0,0.0
2006-08-22 00:00:00+09:00,8788.550368617958,9087.1904296875,8788.550368617958,9087.1904296875,317487,0.0,0.0
2006-08-23 00:00:00+09:00,9172.5166015625,9257.842337390988,9001.865129905524,9172.5166015625,385136,0.0,0.0
2006-08-24 00:00:00+09:00,9044.525390625,9172.513957473468,8959.199679392688,9044.525390625,164777,0.0,0.0
2006-08-25 00:00:00+09:00,9044.525390625,9215.176813089622,9044.525390625,9044.525390625,212459,0.0,0.0
2006-08-28 00:00:00+09:00,9129.851858708531,9172.514717861375,8959.200422097156,9001.86328125,120180,0.0,0.0
2006-08-29 00:00:00+09:00,9129.851101857312,9129.851101857312,8916.536823776532,9044.525390625,246695,0.0,0.0
2006-08-30 00:00:00+09:00,9087.188704731308,9172.514420268692,9001.862989193925,9129.8515625,207129,0.0,0.0
2006-08-31 00:00:00+09:00,9215.177594866072,9641.806187220982,9172.51473563058,9556.48046875,661384,0.0,0.0
2006-09-01 00:00:00+09:00,9556.480996621622,9641.806719805743,9385.829550253378,9471.1552734375,337214,0.0,0.0
2006-09-04 00:00:00+09:00,9641.805828936689,9983.108690137988,9599.142971286527,9855.1201171875,643486,0.0,0.0
2006-09-05 00:00:00+09:00,9940.447042530981,9940.447042530981,9684.469865470097,9897.7841796875,253143,0.0,0.0
2006-09-06 00:00:00+09:00,9897.78334263393,9897.78334263393,9428.491891043528,9556.48046875,317412,0.0,0.0
2006-09-07 00:00:00+09:00,9513.81731828194,9727.131607929516,9428.491602422908,9684.46875,459183,0.0,0.0
2006-09-08 00:00:00+09:00,9599.145069892096,9641.807936869394,9428.493601982904,9513.8193359375,443542,0.0,0.0
2006-09-11 00:00:00+09:00,9599.144624045532,9641.80748904129,9215.17883908371,9428.4931640625,578152,0.0,0.0
2006-09-12 00:00:00+09:00,9385.82963016055,9471.155354071101,9087.189596473623,9300.50390625,541256,0.0,0.0
2006-09-13 00:00:00+09:00,9471.154125864055,9471.154125864055,9129.851274481567,9257.83984375,500457,0.0,0.0
2006-09-14 00:00:00+09:00,9215.178182339449,9300.50390625,9044.526734518347,9300.50390625,805489,0.0,0.0
2006-09-15 00:00:00+09:00,9300.502808697456,9684.468520983131,9215.177094856195,9641.8056640625,735463,0.0,0.0
2006-09-18 00:00:00+09:00,9599.143259148848,9769.79469486705,9471.154682360198,9727.1318359375,1065410,0.0,0.0
2006-09-19 00:00:00+09:00,9855.120868716032,10068.435173233695,9727.132286005435,9812.4580078125,1719135,0.0,0.0
2006-09-20 00:00:00+09:00,9812.458166173987,9812.458166173987,9428.49241184544,9471.1552734375,1511141,0.0,0.0
2006-09-21 00:00:00+09:00,9513.816982286866,9599.142695132488,9257.83984375,9257.83984375,1061667,0.0,0.0
2006-09-22 00:00:00+09:00,9129.851627604166,9172.514485677082,8959.2001953125,8959.2001953125,828673,0.0,0.0
2006-09-25 00:00:00+09:00,8831.212442835365,9001.863891006098,8703.223856707316,8745.88671875,612977,0.0,0.0
2006-09-26 00:00:00+09:00,8916.536461556312,9001.862169322401,8575.233630491955,8617.896484375,685310,0.0,0.0
2006-09-27 00:00:00+09:00,8745.885046024134,8788.547899907178,8532.57077660891,8617.896484375,569191,0.0,0.0
2006-09-28 00:00:00+09:00,8703.222984813083,9129.8515625,8617.8972692757,9129.8515625,1009562,0.0,0.0
2006-09-29 00:00:00+09:00,9257.839668705778,9257.839668705778,9001.862535008844,9044.525390625,310739,0.0,0.0
2006-10-02 00:00:00+09:00,9001.86328125,9257.840436167062,8959.200422097156,9001.86328125,295086,0.0,0.0
2006-10-04 00:00:00+09:00,8959.199315439357,8959.199315439357,8524.038205832301,8617.896484375,577030,0.0,0.0
2006-10-09 00:00:00+09:00,8660.559862652563,8745.8855755851,7338.0113121982295,7952.3564453125,1411886,0.0,0.0
2006-10-10 00:00:00+09:00,7849.967191655585,8097.411809653425,7849.967191655585,8020.61865234375,604739,0.0,0.0
2006-10-11 00:00:00+09:00,7849.96630859375,8097.410898755945,7696.380011251699,7849.96630859375,447957,0.0,0.0
2006-10-12 00:00:00+09:00,7875.563695643188,8165.67113405258,7875.563695643188,8063.2802734375,546474,0.0,0.0
2006-10-13 00:00:00+09:00,8191.2675986842105,8250.995591591283,8063.279042454769,8105.94189453125,794303,0.0,0.0
2006-10-16 00:00:00+09:00,8242.46488560268,8370.453470782844,8131.541445113202,8361.9208984375,1132581,0.0,0.0
2006-10-17 00:00:00+09:00,8396.05097697025,8396.05097697025,8037.682947465422,8174.2041015625,562064,0.0,0.0
2006-10-18 00:00:00+09:00,8174.202887119391,8174.202887119391,7901.160619491186,7986.486328125,533438,0.0,0.0
2006-10-19 00:00:00+09:00,7986.487484830098,8054.748061623517,7909.6943359375,7909.6943359375,540904,0.0,0.0
2006-10-20 00:00:00+09:00,7943.826018460522,7986.488886443662,7867.032856090872,7875.5654296875,671208,0.0,0.0
2006-10-23 00:00:00+09:00,7935.291800076845,7952.356943732924,7756.107791688013,7807.30322265625,955464,0.0,0.0
2006-10-24 00:00:00+09:00,7884.0962841314495,7995.019716700398,7756.107708090354,7773.1728515625,1492399,0.0,0.0
2006-10-25 00:00:00+09:00,7909.6945823598135,8216.8671875,7909.6945823598135,8216.8671875,2184223,0.0,0.0
2006-10-26 00:00:00+09:00,8276.592588682432,8302.190297719595,8097.4086254222975,8208.33203125,845905,0.0,0.0
2006-10-27 00:00:00+09:00,8233.93186714723,8404.583304808313,8174.203863965851,8276.5947265625,853885,0.0,0.0
2006-10-30 00:00:00+09:00,8182.736251603312,8182.736251603312,7986.487102711887,8003.55224609375,479803,0.0,0.0
2006-10-31 00:00:00+09:00,8003.551049547697,8140.072176192434,8003.551049547697,8105.94189453125,353390,0.0,0.0
2006-11-01 00:00:00+09:00,8157.138874557783,8199.801734780365,8071.813154112619,8140.07373046875,420138,0.0,0.0
2006-11-02 00:00:00+09:00,8054.747785497892,8097.41064453125,7986.48721104452,8097.41064453125,572346,0.0,0.0
2006-11-03 00:00:00+09:00,8131.542882704684,8131.542882704684,7995.021701043325,8037.6845703125,377280,0.0,0.0
2006-11-06 00:00:00+09:00,8063.280464172363,8199.801614888509,8029.150176493326,8191.26904296875,765342,0.0,0.0
2006-11-07 00:00:00+09:00,8216.867083894105,8250.997372923779,8114.476216805081,8123.0087890625,521228,0.0,0.0
2006-11-08 00:00:00+09:00,8174.205095899692,8191.270242237688,7935.29304716776,7969.42333984375,581241,0.0,0.0
2006-11-09 00:00:00+09:00,7943.82421875,8020.617363721804,7935.291647086466,7943.82421875,450340,0.0,0.0
2006-11-10 00:00:00+09:00,7986.487102711887,8046.215104548407,7901.161385802572,8003.55224609375,438703,0.0,0.0
2006-11-13 00:00:00+09:00,8029.150141953931,8310.725014094716,8029.150141953931,8276.5947265625,1067225,0.0,0.0
2006-11-14 00:00:00+09:00,8361.918906249999,8575.2331640625,8353.3863359375,8532.5703125,1243747,0.0,0.0
2006-11-15 00:00:00+09:00,8660.5588671875,8745.884570312499,8532.5703125,8532.5703125,998277,0.0,0.0
2006-11-16 00:00:00+09:00,8575.23643222557,8575.23643222557,8361.922093115481,8404.5849609375,563752,0.0,0.0
2006-11-17 00:00:00+09:00,8506.974037009062,8617.897469788519,8404.583175981872,8472.84375,586834,0.0,0.0
2006-11-20 00:00:00+09:00,8455.779213720145,8472.844358450157,8216.8671875,8216.8671875,749138,0.0,0.0
2006-11-21 00:00:00+09:00,8191.269200211865,8233.932060629635,8012.08518645723,8054.748046875,660813,0.0,0.0
2006-11-22 00:00:00+09:00,8071.8132736270445,8131.541278823016,7935.292118893394,8088.87841796875,804952,0.0,0.0
2006-11-23 00:00:00+09:00,8191.268269230769,8370.452262620192,8157.137984775642,8319.2568359375,875547,0.0,0.0
2006-11-24 00:00:00+09:00,8319.257585977772,8396.050732925258,8225.399295264177,8276.5947265625,726922,0.0,0.0
2006-11-27 00:00:00+09:00,8319.257976419443,8430.181416105037,8276.595115001908,8387.5185546875,417819,0.0,0.0
2006-11-28 00:00:00+09:00,8276.5947265625,8310.725014094716,8174.203863965851,8276.5947265625,406236,0.0,0.0
2006-11-29 00:00:00+09:00,8285.127584072789,8447.246455439816,8259.529867541152,8293.66015625,634045,0.0,0.0
2006-11-30 00:00:00+09:00,8361.92108248584,8472.844525416775,8276.59535715435,8285.1279296875,704043,0.0,0.0
2006-12-01 00:00:00+09:00,8370.452262620192,8430.180260416666,8310.724264823719,8319.2568359375,757495,0.0,0.0
2006-12-04 00:00:00+09:00,8361.920038180184,8370.452609647715,8259.529180569814,8310.724609375,350459,0.0,0.0
2006-12-05 00:00:00+09:00,8361.920566163122,8404.583426194566,8225.3994140625,8225.3994140625,554688,0.0,0.0
2006-12-06 00:00:00+09:00,8208.33626748944,8259.531711985217,8012.087063588965,8080.34765625,508065,0.0,0.0
2006-12-07 00:00:00+09:00,8080.34765625,8148.608248911035,8054.749934002112,8080.34765625,299396,0.0,0.0
2006-12-08 00:00:00+09:00,8020.617604573567,8191.26904296875,7943.824457295736,8191.26904296875,422554,0.0,0.0
2006-12-11 00:00:00+09:00,8063.279042454769,8165.669887438322,8063.279042454769,8105.94189453125,229836,0.0,0.0
2006-12-12 00:00:00+09:00,8071.812267485119,8105.942551914231,7764.639707623106,7884.095703125,723940,0.0,0.0
2006-12-13 00:00:00+09:00,7807.302446647385,7918.225869386638,7747.574449787788,7790.2373046875,402369,0.0,0.0
2006-12-14 00:00:00+09:00,7790.238304071841,7875.564024817426,7756.108015773608,7849.96630859375,573725,0.0,0.0
2006-12-15 00:00:00+09:00,7918.226893538135,8071.813191042108,7909.694321454582,8054.748046875,568953,0.0,0.0
2006-12-18 00:00:00+09:00,8123.007035361842,8182.735028268914,8088.876753700658,8105.94189453125,397083,0.0,0.0
2006-12-19 00:00:00+09:00,8105.943132027117,8123.008275462963,7969.421984540344,8063.2802734375,316037,0.0,0.0
2006-12-20 00:00:00+09:00,8123.008241982984,8165.67110039676,8054.747668520942,8148.60595703125,420595,0.0,0.0
2006-12-21 00:00:00+09:00,8199.801939379267,8370.45338452764,8114.476216805081,8123.0087890625,849028,0.0,0.0
2006-12-22 00:00:00+09:00,8123.008467610677,8208.334186808268,8105.943323771158,8191.26904296875,345211,0.0,0.0
2006-12-26 00:00:00+09:00,8233.931673858802,8233.931673858802,8046.2150968381875,8148.60595703125,389538,0.0,0.0
2006-12-27 00:00:00+09:00,8261.179647154728,8269.839164604575,8131.286885407011,8174.58447265625,240383,140.0,0.0
2006-12-28 00:00:00+09:00,8191.903990818299,8399.732421875,8191.903990818299,8399.732421875,375570,0.0,0.0
2007-01-02 00:00:00+09:00,8477.668083521263,8486.327601481958,8382.413385953609,8399.732421875,317785,0.0,0.0
2007-01-03 00:00:00+09:00,8443.030492990209,8590.24230671414,8425.711456081512,8512.306640625,844934,0.0,0.0
2007-01-04 00:00:00+09:00,8529.625191285439,8564.263263128221,8365.094350032216,8399.732421875,366636,0.0,0.0
2007-01-05 00:00:00+09:00,8477.66862695722,8494.987663988797,8018.7141456204145,8261.1806640625,470231,0.0,0.0
2007-01-08 00:00:00+09:00,8183.2439492856665,8243.860571132227,8070.670222999197,8087.9892578125,288168,0.0,0.0
2007-01-09 00:00:00+09:00,8096.64990234375,8174.585569852941,8079.330865119486,8096.64990234375,247780,0.0,0.0
2007-01-10 00:00:00+09:00,8096.648883484958,8122.627436052289,7854.182392856531,7897.47998046875,562729,0.0,0.0
2007-01-11 00:00:00+09:00,7914.799610215959,8044.692382812501,7914.799610215959,8044.6923828125,293605,0.0,0.0
2007-01-12 00:00:00+09:00,8096.650624264953,8105.310143649193,7966.757833501344,8053.35302734375,364781,0.0,0.0
2007-01-15 00:00:00+09:00,8062.011043117357,8096.649114194123,7958.096829887058,7966.75634765625,326822,0.0,0.0
2007-01-16 00:00:00+09:00,7958.095994050283,8018.712612068076,7836.862758014696,7862.84130859375,417797,0.0,0.0
2007-01-17 00:00:00+09:00,7888.820999301033,7932.118589857021,7629.035455965105,7646.3544921875,579385,0.0,0.0
2007-01-18 00:00:00+09:00,7629.034959409784,7663.673029600067,7083.485353912831,7196.05908203125,1306409,0.0,0.0
2007-01-19 00:00:00+09:00,7204.719407126167,7568.419184889748,7109.4647034261825,7412.5478515625,1682409,0.0,0.0
2007-01-22 00:00:00+09:00,7447.186587640571,7525.122261232159,7230.6986054417175,7507.80322265625,613316,0.0,0.0
2007-01-23 00:00:00+09:00,7360.589992914677,7481.823239856802,7248.016263611276,7256.67578125,245583,0.0,0.0
2007-01-24 00:00:00+09:00,7248.016194100215,7533.780273437499,7239.356676544539,7533.7802734375,483133,0.0,0.0
2007-01-25 00:00:00+09:00,7741.609945761191,7741.609945761191,7603.057642481349,7689.65283203125,443978,0.0,0.0
2007-01-26 00:00:00+09:00,7603.057481553819,7802.226413302951,7542.44085015191,7793.56689453125,345845,0.0,0.0
2007-01-29 00:00:00+09:00,7802.226011035932,7854.183120987337,7594.397571230314,7629.03564453125,288759,0.0,0.0
2007-01-30 00:00:00+09:00,7637.694484105603,7698.31110699533,7447.185097880747,7533.7802734375,207586,0.0,0.0
2007-01-31 00:00:00+09:00,7568.4189773490525,7655.01416015625,7516.461867664734,7655.01416015625,196639,0.0,0.0
2007-02-01 00:00:00+09:00,7706.971269840568,7715.630788121289,7603.057050471932,7655.01416015625,163824,0.0,0.0
2007-02-02 00:00:00+09:00,7706.970964996509,7793.566144378492,7680.992411181914,7750.2685546875,223584,0.0,0.0
2007-02-05 00:00:00+09:00,7828.20437252265,7828.20437252265,7637.694974076302,7646.3544921875,291297,0.0,0.0
2007-02-06 00:00:00+09:00,7646.353614869156,7663.672649104421,7412.5466526930895,7455.84423828125,486278,0.0,0.0
2007-02-07 00:00:00+09:00,7473.163650547773,7568.418343660201,7455.844615436422,7533.7802734375,321471,0.0,0.0
2007-02-08 00:00:00+09:00,7533.780990335982,7577.078582234465,7429.866769779624,7490.4833984375,380452,0.0,0.0
2007-02-09 00:00:00+09:00,7455.845444153402,7551.100147853387,7343.2717034170555,7412.5478515625,541422,0.0,0.0
2007-02-12 00:00:00+09:00,7360.590030875748,7403.887619292665,7161.421124157934,7230.697265625,451271,0.0,0.0
2007-02-13 00:00:00+09:00,7187.399640140215,7334.611439998508,7187.399640140215,7256.67578125,299157,0.0,0.0
2007-02-14 00:00:00+09:00,7291.3140745507135,7464.5044326160505,7291.3140745507135,7438.52587890625,339472,0.0,0.0
2007-02-15 00:00:00+09:00,7533.780571371823,7698.311411436264,7438.525874492409,7663.67333984375,593562,0.0,0.0
2007-02-16 00:00:00+09:00,7880.161094278466,7897.480129650507,7655.013634441939,7680.9921875,478164,0.0,0.0
2007-02-20 00:00:00+09:00,7750.268557455534,7750.268557455534,7611.716270394876,7637.69482421875,323815,0.0,0.0
2007-02-21 00:00:00+09:00,7689.651559930098,7897.47998046875,7672.332524885211,7897.47998046875,530316,0.0,0.0
2007-02-22 00:00:00+09:00,7940.777461899424,8183.2439492856665,7862.841805239561,8087.9892578125,705797,0.0,0.0
2007-02-23 00:00:00+09:00,8105.30908203125,8157.26619153145,8001.39486303085,8105.30908203125,305551,0.0,0.0
2007-02-26 00:00:00+09:00,8001.395290324781,8062.01192131209,7923.459621912527,7932.119140625,246768,0.0,0.0
2007-02-27 00:00:00+09:00,7880.160295448218,7966.755463530067,7724.288992900891,7776.24609375,274616,0.0,0.0
2007-02-28 00:00:00+09:00,7273.995922191723,7689.65283203125,7230.698327416772,7689.65283203125,273135,0.0,0.0
2007-03-05 00:00:00+09:00,7620.376174132947,7689.65232117052,7473.164361678107,7490.4833984375,215137,0.0,0.0
2007-03-06 00:00:00+09:00,7455.845502461472,7620.3763555936075,7455.845502461472,7585.73828125,160105,0.0,0.0
2007-03-07 00:00:00+09:00,7706.971402047887,7923.459362779569,7672.3333283308175,7888.8212890625,455180,0.0,0.0
2007-03-08 00:00:00+09:00,7810.885851053738,7880.162000508761,7724.290664234961,7845.52392578125,290855,0.0,0.0
2007-03-09 00:00:00+09:00,7923.459781727893,8139.94775390625,7854.183630630818,8139.94775390625,777768,0.0,0.0
2007-03-12 00:00:00+09:00,8226.542291721376,8399.732655757614,8217.882773519563,8243.861328125,800729,0.0,0.0
2007-03-13 00:00:00+09:00,8330.454277663935,8469.006531762296,8252.518634733608,8451.6875,640090,0.0,0.0
2007-03-14 00:00:00+09:00,8304.477614892117,8434.37038259116,8209.222918579486,8252.5205078125,394347,0.0,0.0
2007-03-15 00:00:00+09:00,8399.731271811548,8564.262090537753,8365.093204711295,8529.6240234375,692038,0.0,0.0
2007-03-16 00:00:00+09:00,8789.409890354269,9049.195404354889,8659.51713335396,8746.1123046875,1254729,0.0,0.0
2007-03-19 00:00:00+09:00,8919.303448932927,9049.196217606708,8832.708269817073,8876.005859375,685772,0.0,0.0
2007-03-20 00:00:00+09:00,8919.30264735458,8919.30264735458,8633.538581953899,8746.1123046875,674222,0.0,0.0
2007-03-21 00:00:00+09:00,8746.11275390625,8746.11275390625,8503.64626171875,8659.517578125,546034,0.0,0.0
2007-03-22 00:00:00+09:00,8702.815166015625,8876.005517578125,8659.517578125,8659.517578125,437619,0.0,0.0
2007-03-23 00:00:00+09:00,8702.814453125,8746.112037468905,8564.262183224502,8702.814453125,437619,0.0,0.0
2007-03-26 00:00:00+09:00,8789.410763036569,8832.708353002266,8598.9013671875,8598.9013671875,420693,0.0,0.0
2007-03-27 00:00:00+09:00,8572.921607312817,8650.857258288388,8494.985956337247,8529.6240234375,426545,0.0,0.0
2007-03-28 00:00:00+09:00,8503.647299814513,8746.113821601484,8503.647299814513,8607.5615234375,586684,0.0,0.0
2007-03-29 00:00:00+09:00,8616.22074250252,8633.539779170867,8529.625559160786,8590.2421875,423252,0.0,0.0
2007-03-30 00:00:00+09:00,8650.85885561489,8650.85885561489,8486.3280065091,8564.263671875,323236,0.0,0.0
2007-04-02 00:00:00+09:00,8529.62623303346,8616.22142321654,8520.96671401515,8572.923828125,429918,0.0,0.0
2007-04-03 00:00:00+09:00,8616.221722983373,8789.412109375,8616.221722983373,8789.412109375,536777,0.0,0.0
2007-04-04 00:00:00+09:00,8919.302374844527,8919.302374844527,8659.516868781095,8702.814453125,466847,0.0,0.0
2007-04-05 00:00:00+09:00,8789.412109375,8876.007302570812,8702.816916179187,8789.412109375,464159,0.0,0.0
2007-04-06 00:00:00+09:00,8876.004790500621,8919.302374844527,8642.197835043531,8702.814453125,431935,0.0,0.0
2007-04-09 00:00:00+09:00,8702.816709648057,8919.3046875,8616.221518507282,8919.3046875,616651,0.0,0.0
2007-04-10 00:00:00+09:00,8919.304170496323,8962.601763556986,8746.113798253677,8832.708984375,322198,0.0,0.0
2007-04-11 00:00:00+09:00,8919.303970410629,9222.387115036232,8832.708786231884,8962.6015625,658870,0.0,0.0
2007-04-12 00:00:00+09:00,8919.304170496323,8919.304170496323,8746.113798253677,8832.708984375,395882,0.0,0.0
2007-04-13 00:00:00+09:00,9092.494656544812,9525.470592570755,9092.494656544812,9179.08984375,1822765,0.0,0.0
2007-04-16 00:00:00+09:00,9308.980371556576,9308.980371556576,9005.897289691942,9135.7900390625,554243,0.0,0.0
2007-04-17 00:00:00+09:00,9612.06503080986,9741.957801496479,9222.38671875,9222.38671875,1543635,0.0,0.0
2007-04-18 00:00:00+09:00,9222.387437352594,9308.982624557784,9092.494656544812,9179.08984375,579921,0.0,0.0
2007-04-19 00:00:00+09:00,9265.683332688737,9352.278504022277,8702.81471902073,8746.1123046875,875849,0.0,0.0
2007-04-20 00:00:00+09:00,8789.41139131434,8919.304170496323,8789.41139131434,8832.708984375,436406,0.0,0.0
2007-04-23 00:00:00+09:00,8832.708984375,9005.899356617647,8746.113798253677,8832.708984375,355795,0.0,0.0
2007-04-24 00:00:00+09:00,8832.709705972906,8876.007302570812,8702.816916179187,8789.412109375,355795,0.0,0.0
2007-04-25 00:00:00+09:00,8919.3046875,9049.197474211165,8746.114305218447,8919.3046875,531326,0.0,0.0
2007-04-26 00:00:00+09:00,9049.197688962438,9092.495285560344,8789.412109375,8789.412109375,356693,0.0,0.0
2007-04-27 00:00:00+09:00,8789.41114959871,8919.303925208544,8564.263671875,8564.263671875,479260,0.0,0.0
2007-04-30 00:00:00+09:00,8590.240640862943,8659.516775063452,8443.028855686865,8529.6240234375,209482,0.0,0.0
2007-05-02 00:00:00+09:00,8538.283893487005,8746.1123046875,8538.283893487005,8746.1123046875,261151,0.0,0.0
2007-05-03 00:00:00+09:00,8789.41139131434,8919.304170496323,8659.518612132353,8832.708984375,289577,0.0,0.0
2007-05-04 00:00:00+09:00,8832.707206156716,8876.004790500621,8659.516868781095,8702.814453125,289243,0.0,0.0
2007-05-07 00:00:00+09:00,8789.410494290865,9005.8984375,8702.815317007211,9005.8984375,505358,0.0,0.0
2007-05-08 00:00:00+09:00,9049.197688962438,9092.495285560344,8746.114512777092,8789.412109375,371464,0.0,0.0
2007-05-09 00:00:00+09:00,9049.197474211165,9005.899878640776,8702.816709648057,8919.3046875,448867,0.0,0.0
2007-05-10 00:00:00+09:00,9049.196217606708,9222.386575838415,8876.005859375,8876.005859375,448867,0.0,0.0
2007-05-11 00:00:00+09:00,8832.70747602104,8919.30264735458,8702.81471902073,8746.1123046875,350095,0.0,0.0
2007-05-14 00:00:00+09:00,8832.709705972906,9005.90009236453,8659.51931958128,8789.412109375,350095,0.0,0.0
2007-05-15 00:00:00+09:00,8702.815166015625,8876.005517578125,8642.19854296875,8659.517578125,197041,0.0,0.0
2007-05-16 00:00:00+09:00,8659.518799325357,8746.11398731861,8477.668904539523,8503.6474609375,399953,0.0,0.0
2007-05-17 00:00:00+09:00,8702.81471902073,8876.005061687809,8659.51713335396,8746.1123046875,500461,0.0,0.0
2007-05-18 00:00:00+09:00,8962.601763556986,9049.19694967831,8789.41139131434,8832.708984375,478021,0.0,0.0
2007-05-21 00:00:00+09:00,8789.40962181281,8789.40962181281,8633.538318174751,8702.814453125,313829,0.0,0.0
2007-05-22 00:00:00+09:00,8702.816187821276,8832.708966743981,8624.880520467654,8633.5400390625,418730,0.0,0.0
2007-05-23 00:00:00+09:00,8832.70747602104,8832.70747602104,8659.51713335396,8746.1123046875,456398,0.0,0.0
2007-05-25 00:00:00+09:00,8746.11309070122,8876.005859375,8650.858393673781,8876.005859375,347615,0.0,0.0
2007-05-28 00:00:00+09:00,8919.3046875,9092.495069781553,8876.00709192961,8919.3046875,388631,0.0,0.0
2007-05-29 00:00:00+09:00,9005.899878640776,9005.899878640776,8746.114305218447,8919.3046875,456119,0.0,0.0
2007-05-30 00:00:00+09:00,9005.89862804878,9049.196217606708,8702.815501143294,8876.005859375,494534,0.0,0.0
2007-05-31 00:00:00+09:00,8962.6015625,8962.6015625,8746.113602053141,8962.6015625,434629,0.0,0.0
2007-06-01 00:00:00+09:00,9135.79109284157,9568.766974018896,9135.79109284157,9308.9814453125,1206627,0.0,0.0
2007-06-04 00:00:00+09:00,9568.768242730035,9612.065836588541,9222.387491861979,9352.2802734375,562813,0.0,0.0
2007-06-05 00:00:00+09:00,9482.173616976352,9828.554388372748,9395.578424127252,9612.06640625,951399,0.0,0.0
2007-06-07 00:00:00+09:00,9438.87331442637,9525.46848244863,9265.682978381848,9482.1708984375,626643,0.0,0.0
2007-06-08 00:00:00+09:00,9265.683857194768,9395.576621547965,9049.195916606106,9308.9814453125,519972,0.0,0.0
2007-06-11 00:00:00+09:00,9482.172273334703,10088.338537383497,9438.874683045504,9871.8505859375,1441147,0.0,0.0
2007-06-12 00:00:00+09:00,10001.742279052734,10174.932621547154,9568.766422816685,9698.6591796875,517314,0.0,0.0
2007-06-13 00:00:00+09:00,9568.766588934537,10131.63521181304,9568.766588934537,10045.0400390625,726489,0.0,0.0
2007-06-14 00:00:00+09:00,10564.611705619747,10607.909294577206,10218.230993960084,10304.826171875,1002070,0.0,0.0
2007-06-15 00:00:00+09:00,10607.910970052082,10954.29173642113,10478.018182663689,10910.994140625,1118738,0.0,0.0
2007-06-18 00:00:00+09:00,11214.07623499881,11517.159376485266,11084.183460076045,11387.2666015625,865597,0.0,0.0
2007-06-19 00:00:00+09:00,11430.562966882471,11473.860553878238,10781.099161945967,10867.6943359375,705591,0.0,0.0
2007-06-20 00:00:00+09:00,11084.183262711866,11127.480853581834,10131.636263572564,10218.2314453125,715502,0.0,0.0
2007-06-21 00:00:00+09:00,10261.52786009339,11733.64578095067,10261.52786009339,11300.669921875,2826298,0.0,0.0
2007-06-22 00:00:00+09:00,11603.753294966604,11690.348468809638,10910.991904222328,11343.9677734375,1526900,0.0,0.0
2007-06-25 00:00:00+09:00,11170.778515625,11517.159244791666,10867.695377604166,11040.8857421875,709362,0.0,0.0
2007-06-26 00:00:00+09:00,11170.778920368975,11387.266883942018,10434.719844220634,10781.1005859375,767365,0.0,0.0
2007-06-27 00:00:00+09:00,10867.694675445557,12036.72956085205,10781.09949874878,11084.1826171875,2114310,0.0,0.0
2007-06-28 00:00:00+09:00,11560.456317047574,11863.539441464553,11257.373192630597,11603.75390625,921351,0.0,0.0
2007-06-29 00:00:00+09:00,11776.94372650376,12209.91959880169,11343.967854205826,11517.158203125,894313,0.0,0.0
2007-07-02 00:00:00+09:00,11733.64771943934,11776.9453125,11473.862161075367,11776.9453125,441439,0.0,0.0
2007-07-03 00:00:00+09:00,12123.326266263939,12123.326266263939,11560.457546758827,11647.052734375,802201,0.0,0.0
2007-07-04 00:00:00+09:00,11776.944263059702,11993.432209071829,11560.456317047574,11603.75390625,665756,0.0,0.0
2007-07-05 00:00:00+09:00,11820.242065429688,12339.813145228794,11603.754115513393,12123.3251953125,1064593,0.0,0.0
2007-07-06 00:00:00+09:00,12816.086124146757,13508.8475362628,12556.300594603243,12686.193359375,2900844,0.0,0.0
2007-07-09 00:00:00+09:00,12989.278690732757,13075.873882004309,12426.409947467671,12556.302734375,1057485,0.0,0.0
2007-07-10 00:00:00+09:00,12729.490483302698,13249.0615234375,12642.895309946896,13249.0615234375,853309,0.0,0.0
2007-07-11 00:00:00+09:00,12989.276912460567,13898.526296332808,12989.276912460567,13725.3359375,1063833,0.0,0.0
2007-07-12 00:00:00+09:00,13898.526893516639,13985.122076653815,13335.658203125,13335.658203125,1118750,0.0,0.0
2007-07-13 00:00:00+09:00,13682.037390216505,13768.632563572304,12816.085656658497,13249.0615234375,787236,0.0,0.0
2007-07-16 00:00:00+09:00,13162.466092687077,13162.466092687077,12556.29989105017,12729.490234375,666014,0.0,0.0
2007-07-18 00:00:00+09:00,13249.063506765464,13335.658693084193,12599.599609375,12599.599609375,745574,0.0,0.0
2007-07-19 00:00:00+09:00,12945.979619274402,12989.277209974316,12513.003712275256,12642.896484375,461032,0.0,0.0
2007-07-20 00:00:00+09:00,12989.277802537752,13205.765765913382,12816.087431837248,12902.6826171875,507440,0.0,0.0
2007-07-23 00:00:00+09:00,12816.0869140625,13032.574868691934,12426.40859572952,12816.0869140625,459970,0.0,0.0
2007-07-24 00:00:00+09:00,13162.467572773972,13205.765163473887,12556.301302975171,12642.896484375,473666,0.0,0.0
2007-07-25 00:00:00+09:00,12426.40892018138,12556.301696350523,12166.623367843094,12383.111328125,515726,0.0,0.0
2007-07-26 00:00:00+09:00,12556.299624612146,12599.5972095246,12166.621360400044,12209.9189453125,387191,0.0,0.0
2007-07-27 00:00:00+09:00,11430.5635494403,11950.134619869403,11214.075603428171,11603.75390625,515087,0.0,0.0
2007-07-30 00:00:00+09:00,11430.564255617977,11863.540174391386,11084.18352059925,11560.45703125,515087,0.0,0.0
2007-07-31 00:00:00+09:00,11560.455168213792,11776.943092712178,11387.264828615083,11733.6455078125,335643,0.0,0.0
2007-08-01 00:00:00+09:00,11603.753677368164,11647.051265716553,10910.992263793945,11084.1826171875,389157,0.0,0.0
2007-08-02 00:00:00+09:00,11343.9685390625,11473.86130859375,10564.611921875001,10824.3974609375,440518,0.0,0.0
2007-08-03 00:00:00+09:00,11127.48072992369,11387.26627225654,11040.885549146074,11170.7783203125,625979,0.0,0.0
2007-08-06 00:00:00+09:00,10651.20676817602,10824.397122130102,10521.314002710458,10607.9091796875,659728,0.0,0.0
2007-08-07 00:00:00+09:00,10867.695771366718,10910.993364081325,10304.827066076807,10781.1005859375,967835,0.0,0.0
2007-08-08 00:00:00+09:00,10910.991904222328,11343.9677734375,10651.206382693226,11343.9677734375,551721,0.0,0.0
2007-08-09 00:00:00+09:00,11517.158337008568,11603.753512474797,10607.908994613155,10737.8017578125,1042901,0.0,0.0
2007-08-10 00:00:00+09:00,10304.825985477179,10651.20669087137,10218.23080912863,10434.71875,747041,0.0,0.0
2007-08-13 00:00:00+09:00,10564.611705619747,10694.504472492123,10304.826171875,10304.826171875,437021,0.0,0.0
2007-08-14 00:00:00+09:00,10348.122964041573,10434.718135288784,9612.064008440291,9698.6591796875,685908,0.0,0.0
2007-08-16 00:00:00+09:00,9005.899234693878,9092.494419642857,8399.73294005102,8486.328125,914650,0.0,0.0
2007-08-17 00:00:00+09:00,9308.980918355506,9222.385747021968,8702.81471902073,8746.1123046875,797095,0.0,0.0
2007-08-20 00:00:00+09:00,9308.981070682921,10045.0400390625,9265.68348430765,10045.0400390625,797095,0.0,0.0
2007-08-21 00:00:00+09:00,10174.933717961896,10174.933717961896,9698.660224780702,9871.8505859375,556217,0.0,0.0
2007-08-22 00:00:00+09:00,10001.743234707446,10304.826363031916,9785.255285904255,10174.93359375,399053,0.0,0.0
2007-08-23 00:00:00+09:00,10521.314581402277,10737.802535752118,10218.2314453125,10218.2314453125,569063,0.0,0.0
2007-08-24 00:00:00+09:00,10045.04208984375,10391.4228515625,9958.446899414062,10391.4228515625,293936,0.0,0.0
2007-08-27 00:00:00+09:00,10607.908661941003,10651.206248316272,10045.0400390625,10045.0400390625,288610,0.0,0.0
2007-08-28 00:00:00+09:00,10045.041145833333,10088.338736979165,9568.767643229166,9741.9580078125,429888,0.0,0.0
2007-08-29 00:00:00+09:00,9179.089260463801,9612.065168976244,9135.791669612556,9568.767578125,306165,0.0,0.0
2007-08-30 00:00:00+09:00,9871.8505859375,10088.338537383497,9741.957815069902,9871.8505859375,389083,0.0,0.0
2007-08-31 00:00:00+09:00,9871.851359577922,10001.744140625,9785.256172213203,10001.744140625,381263,0.0,0.0
2007-09-03 00:00:00+09:00,10174.93359375,10261.528773271277,9958.445644946809,10174.93359375,309974,0.0,0.0
2007-09-04 00:00:00+09:00,10261.527970938847,10391.420730064656,10045.0400390625,10045.0400390625,381624,0.0,0.0
2007-09-05 00:00:00+09:00,10304.825378417969,10564.610892159599,9698.6591796875,9698.6591796875,845357,0.0,0.0
2007-09-06 00:00:00+09:00,9655.361937943504,9915.1474609375,9655.361937943504,9915.1474609375,297030,0.0,0.0
2007-09-07 00:00:00+09:00,10001.742452687231,10218.230384563578,9958.444866311962,10045.0400390625,467831,0.0,0.0
2007-09-10 00:00:00+09:00,9698.659525109171,10001.742635268833,9655.361937943504,9915.1474609375,377183,0.0,0.0
2007-09-11 00:00:00+09:00,10088.338672702595,10434.719399662341,10088.338672702595,10218.2314453125,717949,0.0,0.0
2007-09-12 00:00:00+09:00,10391.422214673914,10434.719807235055,9958.4462890625,9958.4462890625,431540,0.0,0.0
2007-09-13 00:00:00+09:00,9915.149843224495,10001.745038361827,9612.066660243834,9655.3642578125,559240,0.0,0.0
2007-09-14 00:00:00+09:00,9655.362759827489,9785.255532381221,9438.874805571268,9568.767578125,415892,0.0,0.0
2007-09-17 00:00:00+09:00,9568.766974018896,9655.362150254361,9265.683857194768,9308.9814453125,453613,0.0,0.0
2007-09-18 00:00:00+09:00,9612.065779775943,9698.660966981133,9179.08984375,9179.08984375,529348,0.0,0.0
2007-09-19 00:00:00+09:00,9612.06327577395,9612.06327577395,9179.087452540889,9265.6826171875,673329,0.0,0.0
2007-09-20 00:00:00+09:00,9222.388075354063,9265.68567195197,8789.412109375,8789.412109375,559482,0.0,0.0
2007-09-21 00:00:00+09:00,8832.7079296875,8876.005517578125,8607.56047265625,8659.517578125,512198,0.0,0.0
2007-09-27 00:00:00+09:00,8832.709271771771,8876.006866241241,8633.540337212213,8650.859375,625291,0.0,0.0
2007-09-28 00:00:00+09:00,8659.51911407767,9005.899878640776,8659.51911407767,8919.3046875,594905,0.0,0.0
2007-10-01 00:00:00+09:00,8919.302795043212,8919.302795043212,8642.1982421875,8642.1982421875,625268,0.0,0.0
2007-10-02 00:00:00+09:00,8832.70747602104,8876.005061687809,8659.51713335396,8746.1123046875,604428,0.0,0.0
2007-10-04 00:00:00+09:00,8659.517578125,8746.11275390625,8607.56047265625,8659.517578125,577273,0.0,0.0
2007-10-05 00:00:00+09:00,8702.81648156998,8702.81648156998,8105.309678357713,8139.94775390625,1497434,0.0,0.0
2007-10-08 00:00:00+09:00,8226.542258616972,8295.818403952693,8079.330449778563,8157.26611328125,469321,0.0,0.0
2007-10-09 00:00:00+09:00,8131.288641086822,8789.412109375,8131.288641086822,8789.412109375,1536095,0.0,0.0
2007-10-10 00:00:00+09:00,8572.92330994898,8746.113679846938,8460.349569515305,8486.328125,678871,0.0,0.0
2007-10-11 00:00:00+09:00,8494.987781179263,8746.113821601484,8235.202222121794,8607.5615234375,633458,0.0,0.0
2007-10-12 00:00:00+09:00,8624.880626619171,8789.411481946245,8356.435546875,8356.435546875,718589,0.0,0.0
2007-10-15 00:00:00+09:00,8443.03053252551,8642.199457908162,8321.797273596938,8486.328125,640480,0.0,0.0
2007-10-16 00:00:00+09:00,8512.306317687666,8659.51812582672,8139.947038277116,8183.24462890625,759725,0.0,0.0
2007-10-17 00:00:00+09:00,8087.991104880713,8477.66947717154,7880.162639658938,8053.35302734375,942248,0.0,0.0
2007-10-18 00:00:00+09:00,8122.628348214285,9179.089604591836,8122.628348214285,8486.328125,2969178,0.0,0.0
2007-10-19 00:00:00+09:00,8650.859099430356,8746.113804228888,8382.414022270856,8408.392578125,975194,0.0,0.0
2007-10-22 00:00:00+09:00,7793.565733862704,8044.691740842725,7732.949111488217,7923.45849609375,647979,0.0,0.0
2007-10-23 00:00:00+09:00,8313.136710385439,8425.710436671909,8087.9892578125,8087.9892578125,591346,0.0,0.0
2007-10-24 00:00:00+09:00,8113.968071210848,8183.244212693972,7568.41845703125,7568.41845703125,1109575,0.0,0.0
2007-10-25 00:00:00+09:00,7542.440619640815,7680.99291575362,7074.826620260099,7100.80517578125,1134823,0.0,0.0
2007-10-26 00:00:00+09:00,6979.571075367648,7481.823088235295,6944.933005514707,7360.58984375,1006403,0.0,0.0
2007-10-29 00:00:00+09:00,7490.482797862736,7611.716045458203,7447.185209435784,7568.41845703125,626656,0.0,0.0
2007-10-30 00:00:00+09:00,7620.375563143593,7663.673151570545,7455.844727121174,7568.41845703125,400933,0.0,0.0
2007-10-31 00:00:00+09:00,7568.418083312572,7715.629876695081,7533.780014281393,7603.05615234375,369828,0.0,0.0
2007-11-01 00:00:00+09:00,7629.036577515961,8252.521973181283,7620.37705813172,8053.35302734375,989511,0.0,0.0
2007-11-02 00:00:00+09:00,7836.862971273701,7992.734278989642,7698.310697748419,7706.97021484375,468250,0.0,0.0
2007-11-05 00:00:00+09:00,7802.224764943678,7888.819934365915,7421.206019485829,7447.1845703125,387356,0.0,0.0
2007-11-06 00:00:00+09:00,7447.185735813665,7594.397546870447,7369.250071136546,7429.86669921875,387509,0.0,0.0
2007-11-07 00:00:00+09:00,7533.780772132331,7629.035471550096,7308.63330078125,7308.63330078125,550507,0.0,0.0
2007-11-08 00:00:00+09:00,7161.421124157934,7429.866172342814,7118.123535741018,7230.697265625,388497,0.0,0.0
2007-11-09 00:00:00+09:00,7291.3137750545275,7386.568468077805,7170.080529388538,7196.05908203125,236252,0.0,0.0
2007-11-12 00:00:00+09:00,7074.82667108792,7178.740893919076,6858.338706856343,6962.2529296875,346847,0.0,0.0
2007-11-13 00:00:00+09:00,6875.656743726766,7074.825641844795,6866.997226417287,6988.23046875,246807,0.0,0.0
2007-11-14 00:00:00+09:00,7126.782865357631,7187.3994875417175,7057.506725718674,7135.4423828125,261050,0.0,0.0
2007-11-15 00:00:00+09:00,7265.335338042584,7940.77771750304,7265.335338042584,7568.41845703125,1153310,0.0,0.0
2007-11-16 00:00:00+09:00,7577.077974716641,7655.013633885154,7386.5685856380505,7568.41845703125,389025,0.0,0.0
2007-11-19 00:00:00+09:00,7603.056721428044,7655.01382886377,7325.9521484375,7325.9521484375,283431,0.0,0.0
2007-11-20 00:00:00+09:00,7126.7837313024,7144.102768316501,6970.912398175495,7100.80517578125,346436,0.0,0.0
2007-11-21 00:00:00+09:00,7170.0804452537595,7170.0804452537595,6910.294921875,6910.294921875,365201,0.0,0.0
2007-11-22 00:00:00+09:00,6633.191020863266,6910.295606591236,6581.233911039272,6780.40283203125,339248,0.0,0.0
2007-11-23 00:00:00+09:00,6789.062318078913,6892.976537233182,6511.957733667529,6693.8076171875,276642,0.0,0.0
2007-11-26 00:00:00+09:00,6754.424426020408,6849.679129464285,6745.764907525509,6789.0625,224378,0.0,0.0
2007-11-27 00:00:00+09:00,6667.828311920166,6754.423484802246,6485.978448867798,6650.50927734375,306062,0.0,0.0
2007-11-28 00:00:00+09:00,6763.083501267591,6858.338198468543,6537.93603515625,6537.93603515625,302917,0.0,0.0
2007-11-29 00:00:00+09:00,6667.829109302757,6693.807664274067,6537.93633444621,6555.25537109375,282783,0.0,0.0
2007-11-30 00:00:00+09:00,6667.83005885074,6763.08477397718,6555.256304610403,6581.23486328125,450960,0.0,0.0
2007-12-03 00:00:00+09:00,6624.531639032113,6901.63623046875,6615.872120549718,6901.63623046875,615106,0.0,0.0
2007-12-04 00:00:00+09:00,6927.6139242936115,7135.44234202242,6901.6353720775105,7048.84716796875,448855,0.0,0.0
2007-12-05 00:00:00+09:00,7048.847211721551,7256.6756307403675,7014.209141885081,7248.01611328125,427032,0.0,0.0
2007-12-06 00:00:00+09:00,7360.590222417091,7403.887811960722,7196.0593821512975,7213.37841796875,487518,0.0,0.0
2007-12-07 00:00:00+09:00,7291.3137750545275,7325.95184524481,7100.804389007972,7196.05908203125,338538,0.0,0.0
2007-12-10 00:00:00+09:00,7222.037524414063,7334.611250813802,7144.101867675781,7273.99462890625,263487,0.0,0.0
2007-12-11 00:00:00+09:00,7360.590375355965,7360.590375355965,7170.080977405575,7222.0380859375,207084,0.0,0.0
2007-12-12 00:00:00+09:00,7144.102768316501,7152.762286823551,7074.826620260099,7100.80517578125,217267,0.0,0.0
2007-12-13 00:00:00+09:00,7144.102423139613,7412.54748388789,7083.485796519035,7222.0380859375,453365,0.0,0.0
2007-12-14 00:00:00+09:00,7196.059615246358,7213.378651624808,7005.550215083397,7057.50732421875,280187,0.0,0.0
2007-12-17 00:00:00+09:00,6988.23084453806,7092.145057839742,6927.61422011208,6953.5927734375,246701,0.0,0.0
2007-12-18 00:00:00+09:00,6711.126891178871,7014.210041103078,6711.126891178871,6962.2529296875,145674,0.0,0.0
2007-12-20 00:00:00+09:00,6962.252331637597,6962.252331637597,6702.466796875,6702.466796875,355472,0.0,0.0
2007-12-21 00:00:00+09:00,6754.423153772378,6780.4017043638105,6702.466052589513,6771.7421875,141645,0.0,0.0
2007-12-24 00:00:00+09:00,6849.6786753010965,6858.338193221831,6754.423978173016,6763.08349609375,199356,0.0,0.0
2007-12-26 00:00:00+09:00,6815.041055484693,6884.317203443878,6737.105389030612,6789.0625,259265,0.0,0.0
2007-12-27 00:00:00+09:00,6868.51806640625,6903.831783971321,6815.547490058644,6868.51806640625,152766,150.0,0.0
2007-12-28 00:00:00+09:00,6815.547433748404,6930.317014886654,6815.547433748404,6912.66015625,148138,0.0,0.0
2008-01-02 00:00:00+09:00,6939.145323696258,7098.057048666401,6921.488465366242,6930.31689453125,221499,0.0,0.0
2008-01-03 00:00:00+09:00,6895.002639809138,7000.9437815219535,6868.517354380933,6974.45849609375,187996,0.0,0.0
2008-01-04 00:00:00+09:00,7000.944814694408,7009.773244473342,6700.778202210663,6789.0625,319159,0.0,0.0
2008-01-07 00:00:00+09:00,6630.150440908706,6665.464158303693,6506.552430026253,6515.380859375,317806,0.0,0.0
2008-01-08 00:00:00+09:00,6453.5823962691775,6515.381406903765,6285.842224546723,6329.984375,563403,0.0,0.0
2008-01-09 00:00:00+09:00,6206.385983883226,6215.214413447782,6073.959540414879,6171.072265625,486459,0.0,0.0
2008-01-10 00:00:00+09:00,6197.5575390625,6285.841834490741,5959.18994140625,5959.18994140625,565021,0.0,0.0
2008-01-11 00:00:00+09:00,5968.018863804134,6047.474736251231,5553.082641024853,5606.05322265625,1028753,0.0,0.0
2008-01-14 00:00:00+09:00,5473.626138505025,5570.738860317211,5244.08697785804,5270.572265625,1247623,0.0,0.0
2008-01-15 00:00:00+09:00,5305.885236614671,5455.968512858348,5164.630388385329,5235.2578125,639732,0.0,0.0
2008-01-16 00:00:00+09:00,5199.945128979326,5429.484302754305,5155.802980176445,5191.11669921875,717870,0.0,0.0
2008-01-17 00:00:00+09:00,5323.543453955463,5650.195374015748,5314.715023683563,5606.05322265625,1061400,0.0,0.0
2008-01-18 00:00:00+09:00,5508.939720011646,5738.4788750121315,5385.341713472923,5685.50830078125,837510,0.0,0.0
2008-01-21 00:00:00+09:00,5659.023490265878,5720.82249873992,5473.62646484375,5473.62646484375,578403,0.0,0.0
2008-01-22 00:00:00+09:00,5314.7152898341055,5394.1711662601965,4952.74963055969,5005.72021484375,533916,0.0,0.0
2008-01-23 00:00:00+09:00,5217.6010583056395,5341.199052918632,5138.145204625858,5146.9736328125,494875,0.0,0.0
2008-01-24 00:00:00+09:00,5305.8857100017585,5508.939572447749,5288.2288523977595,5491.28271484375,431118,0.0,0.0
2008-01-25 00:00:00+09:00,5561.910762663811,5641.366630701865,5394.170596805696,5473.62646484375,254859,0.0,0.0
2008-01-28 00:00:00+09:00,5385.341897206764,5438.312473244863,5146.974305035317,5155.802734375,306604,0.0,0.0
2008-01-29 00:00:00+09:00,5252.91582716557,5305.886406935307,5032.205078125,5032.205078125,346582,0.0,0.0
2008-01-30 00:00:00+09:00,5058.690490722656,5173.4600830078125,4785.0091552734375,4873.29345703125,308505,0.0,0.0
2008-01-31 00:00:00+09:00,4943.921360325169,5252.916445345492,4943.921360325169,5226.43115234375,425977,0.0,0.0
2008-02-01 00:00:00+09:00,5402.999772355363,5411.8282033559435,5138.146842337944,5226.43115234375,236845,0.0,0.0
2008-02-04 00:00:00+09:00,5341.199258340372,5614.880542652027,5323.542401288007,5553.08154296875,496496,0.0,0.0
2008-02-05 00:00:00+09:00,5500.111702905616,5711.994015698127,5500.111702905616,5659.0234375,284969,0.0,0.0
2008-02-11 00:00:00+09:00,5464.797806549072,5694.336971282959,5420.6556594848635,5650.19482421875,327912,0.0,0.0
2008-02-12 00:00:00+09:00,5694.337340738172,5756.1363506376565,5650.195190809969,5667.85205078125,276892,0.0,0.0
2008-02-13 00:00:00+09:00,5738.478836358762,5747.307265337776,5402.99853515625,5402.99853515625,243057,0.0,0.0
2008-02-14 00:00:00+09:00,5553.082459458793,5659.0236192576895,5500.111879559346,5597.224609375,272569,0.0,0.0
2008-02-15 00:00:00+09:00,5473.62640625,5614.88128125,5473.62640625,5517.7685546875,165604,0.0,0.0
2008-02-18 00:00:00+09:00,5606.052114125845,5685.507970861487,5500.110971811656,5553.08154296875,298574,0.0,0.0
2008-02-19 00:00:00+09:00,5623.709899324724,5641.366759291207,5526.597169509069,5597.224609375,211937,0.0,0.0
2008-02-20 00:00:00+09:00,5553.082767233083,5561.911197705633,5438.3131710899515,5447.1416015625,180810,0.0,0.0
2008-02-21 00:00:00+09:00,5517.76849655878,5614.881222098214,5473.626348586309,5561.91064453125,248788,0.0,0.0
2008-02-22 00:00:00+09:00,5535.4255359337385,5553.082395697482,5447.141237115018,5500.11181640625,85489,0.0,0.0
2008-02-25 00:00:00+09:00,5535.424751378313,5623.709037684187,5526.596322747725,5579.56689453125,291453,0.0,0.0
2008-02-26 00:00:00+09:00,5641.3667561058855,5650.195186084143,5455.9697265625,5455.9697265625,156275,0.0,0.0
2008-02-27 00:00:00+09:00,5517.767990062602,5526.596418846702,5394.1699870852,5420.6552734375,267183,0.0,0.0
2008-02-28 00:00:00+09:00,5455.96923027664,5491.282946977459,5358.856509349385,5385.341796875,175198,0.0,0.0
2008-02-29 00:00:00+09:00,5385.342593074043,5385.342593074043,5279.401427308652,5305.88671875,176578,0.0,0.0
2008-03-03 00:00:00+09:00,5226.430238970588,5288.2292451746325,5155.802803308823,5252.91552734375,252730,0.0,0.0
2008-03-04 00:00:00+09:00,5252.915147569444,5305.8857204861115,5155.8024305555555,5164.630859375,131688,0.0,0.0
2008-03-05 00:00:00+09:00,5182.287901790476,5235.25847659583,5173.45947265625,5173.45947265625,117227,0.0,0.0
2008-03-06 00:00:00+09:00,5217.602117149575,5508.940306432039,5208.773687171319,5455.9697265625,334438,0.0,0.0
2008-03-07 00:00:00+09:00,5323.542905273437,5420.655628255208,5288.229187825521,5297.0576171875,110360,0.0,0.0
2008-03-10 00:00:00+09:00,5226.430725617547,5332.371888974659,5182.28857421875,5182.28857421875,231882,0.0,0.0
2008-03-11 00:00:00+09:00,5155.8032809942715,5429.484619540201,5155.8032809942715,5394.1708984375,161763,0.0,0.0
2008-03-12 00:00:00+09:00,5491.282946977459,5553.081951203893,5358.856509349385,5385.341796875,147589,0.0,0.0
2008-03-13 00:00:00+09:00,5420.655562971106,5420.655562971106,5244.08697785804,5270.572265625,204775,0.0,0.0
2008-03-14 00:00:00+09:00,5332.371006944445,5341.19943576389,5138.145572916667,5164.630859375,105253,0.0,0.0
2008-03-17 00:00:00+09:00,5120.489814125882,5155.803536981923,4970.40649198771,5005.72021484375,117725,0.0,0.0
2008-03-18 00:00:00+09:00,5014.547060358084,5076.346055820244,5005.718632434919,5023.37548828125,88715,0.0,0.0
2008-03-19 00:00:00+09:00,5164.630489185785,5217.6010583056395,5120.488348252573,5146.9736328125,91595,0.0,0.0
2008-03-20 00:00:00+09:00,5155.8033434851695,5244.087647311971,5032.205318127648,5208.77392578125,131480,0.0,0.0
2008-03-21 00:00:00+09:00,5297.05748895202,5332.371205545034,5244.0869140625,5244.0869140625,100197,0.0,0.0
2008-03-24 00:00:00+09:00,5332.372010191348,5358.857301632695,5261.744566347754,5305.88671875,175902,0.0,0.0
2008-03-25 00:00:00+09:00,5367.686048353041,5394.171341354782,5182.288997340846,5226.43115234375,201717,0.0,0.0
2008-03-26 00:00:00+09:00,5208.772992377058,5252.915136380253,5085.17498916811,5094.00341796875,222563,0.0,0.0
2008-03-27 00:00:00+09:00,5102.831661648221,5129.316947089301,5041.032662285699,5085.1748046875,194006,0.0,0.0
2008-03-28 00:00:00+09:00,5102.831857638889,5191.116145833334,5041.0328559027785,5164.630859375,172915,0.0,0.0
2008-03-31 00:00:00+09:00,5146.97462113137,5526.597106051866,5129.317761367627,5500.11181640625,648557,0.0,0.0
2008-04-01 00:00:00+09:00,5517.768334101024,5870.90550748349,5447.140899424531,5764.96435546875,946157,0.0,0.0
2008-04-02 00:00:00+09:00,5915.0482177734375,5994.504089355469,5632.5384521484375,5720.82275390625,711581,0.0,0.0
2008-04-03 00:00:00+09:00,5782.621704655588,6047.474607158897,5729.651124154926,5835.59228515625,436808,0.0,0.0
2008-04-04 00:00:00+09:00,5897.390672709923,5950.361247614504,5738.478947996183,5782.62109375,381036,0.0,0.0
2008-04-07 00:00:00+09:00,5773.792835998535,5791.449694824219,5650.19482421875,5650.19482421875,295058,0.0,0.0
2008-04-08 00:00:00+09:00,5676.680664831447,5694.3375253752465,5570.739501568652,5606.05322265625,154134,0.0,0.0
2008-04-10 00:00:00+09:00,5561.910364980916,5844.420097805343,5561.910364980916,5782.62109375,278701,0.0,0.0
2008-04-11 00:00:00+09:00,5835.591733057086,5897.390737794452,5738.479011326937,5809.1064453125,306969,0.0,0.0
2008-04-14 00:00:00+09:00,5720.8226275459265,5720.8226275459265,5526.59716796875,5526.59716796875,249093,0.0,0.0
2008-04-15 00:00:00+09:00,5561.910886301577,5597.224606214603,5455.9697265625,5455.9697265625,227016,0.0,0.0
2008-04-16 00:00:00+09:00,5508.940190153302,5641.366637031987,5473.626470985652,5614.88134765625,214356,0.0,0.0
2008-04-17 00:00:00+09:00,5711.994385919045,5720.822816190945,5606.05322265625,5606.05322265625,198216,0.0,0.0
2008-04-18 00:00:00+09:00,5614.880542652027,5650.194256756757,5517.76782886402,5553.08154296875,174760,0.0,0.0
2008-04-21 00:00:00+09:00,5614.881709072885,5844.4208984375,5614.881709072885,5844.4208984375,457176,0.0,0.0
2008-04-22 00:00:00+09:00,5870.906189518033,5941.5336323994525,5782.621885916258,5844.4208984375,297636,0.0,0.0
2008-04-23 00:00:00+09:00,5517.768596780711,5561.9107455549565,5111.66082805765,5120.4892578125,1500294,0.0,0.0
2008-04-24 00:00:00+09:00,5129.31774181714,5191.116750754696,4890.950135915139,4935.09228515625,838488,0.0,0.0
2008-04-25 00:00:00+09:00,4970.405633731205,5014.547779679085,4899.778200214599,4917.43505859375,363513,0.0,0.0
2008-04-28 00:00:00+09:00,4890.94969808837,4952.748701493819,4785.008549393315,4820.322265625,413659,0.0,0.0
2008-04-29 00:00:00+09:00,4820.322636226956,4908.60693359375,4811.494206490276,4908.60693359375,242272,0.0,0.0
2008-04-30 00:00:00+09:00,4926.263915134251,4996.891354777753,4873.293335401624,4890.9501953125,227645,0.0,0.0
2008-05-02 00:00:00+09:00,4908.60693359375,4979.234371487185,4890.950074120391,4908.60693359375,162808,0.0,0.0
2008-05-06 00:00:00+09:00,4908.606326304884,4952.74846952705,4882.121040371584,4926.26318359375,162808,0.0,0.0
2008-05-07 00:00:00+09:00,4952.748846349582,5085.175286091549,4935.09198771732,5014.5478515625,332706,0.0,0.0
2008-05-08 00:00:00+09:00,4970.40600454914,5014.548153790251,4926.263855308028,4935.09228515625,186636,0.0,0.0
2008-05-09 00:00:00+09:00,4935.092468261719,4970.406188964844,4855.6365966796875,4873.29345703125,212397,0.0,0.0
2008-05-13 00:00:00+09:00,4899.7783203125,4917.435179124437,4855.636173282658,4899.7783203125,153712,0.0,0.0
2008-05-14 00:00:00+09:00,4899.778867256515,5067.519044694125,4899.778867256515,4996.8916015625,315911,0.0,0.0
2008-05-15 00:00:00+09:00,5049.861938048245,5058.6903680098685,4970.40606839364,5032.205078125,195244,0.0,0.0
2008-05-16 00:00:00+09:00,5032.204638058236,5032.204638058236,4899.778200214599,4917.43505859375,229314,0.0,0.0
2008-05-19 00:00:00+09:00,4961.577204541629,4996.890921299932,4908.606629404174,4917.43505859375,164713,0.0,0.0
2008-05-20 00:00:00+09:00,4917.434754949317,4943.920040882616,4899.77789766045,4926.26318359375,175288,0.0,0.0
2008-05-21 00:00:00+09:00,4890.950074120391,4926.263793067109,4864.464784910353,4908.60693359375,129690,0.0,0.0
2008-05-22 00:00:00+09:00,4873.292904713115,4890.949763063525,4829.1507588370905,4846.8076171875,160758,0.0,0.0
2008-05-23 00:00:00+09:00,4864.465026855469,4961.5777587890625,4846.808166503906,4873.29345703125,173578,0.0,0.0
2008-05-26 00:00:00+09:00,4855.63640844042,4890.950127774533,4714.381531103972,4723.2099609375,192651,0.0,0.0
2008-05-27 00:00:00+09:00,4749.694815005896,4776.18010207842,4643.753666715802,4679.0673828125,199356,0.0,0.0
2008-05-28 00:00:00+09:00,4705.552734375,4811.493884117026,4687.895876084663,4705.552734375,158078,0.0,0.0
2008-05-29 00:00:00+09:00,4732.0383516687925,5199.945128979326,4732.0383516687925,5191.11669921875,644635,0.0,0.0
2008-05-30 00:00:00+09:00,5129.317326985121,5261.743763998506,4988.062460837511,5173.45947265625,597324,0.0,0.0
2008-06-02 00:00:00+09:00,5164.631279603114,5252.915574980945,5067.5185546875,5067.5185546875,282730,0.0,0.0
2008-06-03 00:00:00+09:00,5279.400412891898,5570.738562767203,5244.086697755497,5420.6552734375,1432918,0.0,0.0
2008-06-04 00:00:00+09:00,5429.484619540201,5508.940492021276,5305.886595680749,5394.1708984375,453181,0.0,0.0
2008-06-05 00:00:00+09:00,5455.969973120359,5455.969973120359,5341.200378216532,5350.02880859375,259686,0.0,0.0
2008-06-09 00:00:00+09:00,5120.48992267084,5261.744817089346,5085.1761990662135,5199.94580078125,262408,0.0,0.0
2008-06-10 00:00:00+09:00,5217.6014219817625,5491.28271484375,5199.9445643777635,5491.28271484375,593661,0.0,0.0
2008-06-11 00:00:00+09:00,5588.3950812088815,5985.674352384868,5500.110798725329,5870.90478515625,1307280,0.0,0.0
2008-06-12 00:00:00+09:00,5782.621642127404,5959.1902418870195,5667.852052283654,5738.4794921875,654320,0.0,0.0
2008-06-13 00:00:00+09:00,5826.764353197675,5870.906507388566,5606.0535822432175,5694.337890625,418376,0.0,0.0
2008-06-16 00:00:00+09:00,5870.905424488534,6418.26803549348,5853.248566069019,6135.75830078125,1758104,0.0,0.0
2008-06-17 00:00:00+09:00,6135.75854244867,6135.75854244867,5906.219373954187,6100.44482421875,569599,0.0,0.0
2008-06-18 00:00:00+09:00,6197.557604224281,6329.984048758987,5959.190004061808,5985.67529296875,670789,0.0,0.0
2008-06-19 00:00:00+09:00,5888.562226440238,6056.302379817097,5606.052494437108,5641.3662109375,506095,0.0,0.0
2008-06-20 00:00:00+09:00,5729.651246462845,5817.9355491818405,5606.05322265625,5606.05322265625,338637,0.0,0.0
2008-06-23 00:00:00+09:00,5482.454971695508,6082.78820531112,5447.141252071061,5994.50390625,458311,0.0,0.0
2008-06-24 00:00:00+09:00,6012.160442817502,6065.1310194062025,5703.165412716749,5791.44970703125,440769,0.0,0.0
2008-06-25 00:00:00+09:00,5800.278248371375,5888.562544389205,5588.395937928585,5632.5380859375,313209,0.0,0.0
2008-06-26 00:00:00+09:00,5694.335918336686,5862.076046163657,5623.70849609375,5623.70849609375,327099,0.0,0.0
2008-06-27 00:00:00+09:00,5411.827519871731,5570.7392578125,5367.68537044374,5570.7392578125,366802,0.0,0.0
2008-06-30 00:00:00+09:00,5517.7682345030735,5570.738809554304,5332.371221823771,5385.341796875,239496,0.0,0.0
2008-07-01 00:00:00+09:00,5350.027481105275,5438.311762971698,5032.20406638615,5146.9736328125,295267,0.0,0.0
2008-07-02 00:00:00+09:00,5182.288838298265,5252.916284135378,4793.8378861941355,4864.46533203125,266607,0.0,0.0
2008-07-03 00:00:00+09:00,4696.725255807522,4988.0634765625,4573.127222759956,4988.0634765625,326938,0.0,0.0
2008-07-04 00:00:00+09:00,4970.406505380985,5067.519243496777,4793.837890625,4793.837890625,153498,0.0,0.0
2008-07-07 00:00:00+09:00,4705.552560763889,4829.150564236112,4599.611414930556,4767.3515625,183834,0.0,0.0
2008-07-08 00:00:00+09:00,4740.867132927389,4785.009285003063,4290.617181755514,4502.49951171875,239339,0.0,0.0
2008-07-09 00:00:00+09:00,4626.097537530637,4670.239689606311,4502.49951171875,4502.49951171875,183001,0.0,0.0
2008-07-10 00:00:00+09:00,4409.800519670759,4670.239189000664,4325.930439717061,4573.12646484375,143657,0.0,0.0
2008-07-11 00:00:00+09:00,4573.12595119724,4785.008234650394,4573.12595119724,4758.52294921875,128624,0.0,0.0
2008-07-14 00:00:00+09:00,4696.724328854353,5076.346784006115,4696.724328854353,4917.43505859375,284306,0.0,0.0
2008-07-15 00:00:00+09:00,4899.778432153456,4899.778432153456,4714.381410396299,4740.86669921875,121888,0.0,0.0
2008-07-16 00:00:00+09:00,4802.665300880626,4890.949589499755,4502.4987195755875,4511.3271484375,327607,0.0,0.0
2008-07-17 00:00:00+09:00,4661.410303217822,4679.06716042698,4458.3564453125,4458.3564453125,256647,0.0,0.0
2008-07-18 00:00:00+09:00,4581.954466916374,4590.782895561685,4400.9716796875,4400.9716796875,310783,0.0,0.0
2008-07-21 00:00:00+09:00,4423.042849349217,4520.155566600398,4423.042849349217,4440.69970703125,269546,0.0,0.0
2008-07-22 00:00:00+09:00,4431.872412948685,4440.700844050177,4352.416533035263,4365.6591796875,198919,0.0,0.0
2008-07-23 00:00:00+09:00,4467.186159164186,4502.499883742559,4409.801356724331,4449.529296875,172433,0.0,0.0
2008-07-24 00:00:00+09:00,4476.013678511833,4608.4401187044905,4476.013678511833,4546.64111328125,297522,0.0,0.0
2008-07-25 00:00:00+09:00,4458.3564453125,4484.841731126237,4414.214302289604,4458.3564453125,135501,0.0,0.0
2008-07-28 00:00:00+09:00,4502.498588335397,4520.155445544555,4405.385873685025,4458.3564453125,232838,0.0,0.0
2008-07-29 00:00:00+09:00,4409.799907431052,4409.799907431052,4308.2729826353425,4321.515625,137334,0.0,0.0
2008-07-30 00:00:00+09:00,4392.143326052039,4423.042826838335,4074.3198893929966,4100.80517578125,473624,0.0,0.0
2008-07-31 00:00:00+09:00,4061.077556654157,4158.190280835017,3822.7099609375,3822.7099609375,815035,0.0,0.0
2008-08-01 00:00:00+09:00,3827.124226790208,3875.680589529184,3654.9698498065654,3672.626708984375,466399,0.0,0.0
2008-08-04 00:00:00+09:00,3628.4845513916016,3699.111987915039,3526.9576113891603,3531.371826171875,437579,0.0,0.0
2008-08-05 00:00:00+09:00,3557.8573911692743,3646.1416936796777,3535.786315541673,3579.928466796875,272351,0.0,0.0
2008-08-06 00:00:00+09:00,3646.141233272506,3694.6975935218975,3610.8275167274937,3628.484375,226469,0.0,0.0
2008-08-07 00:00:00+09:00,3677.040739422534,3747.6681725927147,3641.7270228374437,3663.798095703125,301297,0.0,0.0
2008-08-08 00:00:00+09:00,3663.798642994668,3752.082947645142,3628.4849211344786,3725.59765625,187135,0.0,0.0
2008-08-11 00:00:00+09:00,3796.224480395047,3796.224480395047,3712.3544046653888,3743.25390625,169315,0.0,0.0
2008-08-12 00:00:00+09:00,3760.9110048734224,3760.9110048734224,3646.1414202176607,3672.626708984375,168880,0.0,0.0
2008-08-13 00:00:00+09:00,2988.423303038631,3703.526072746545,3513.71484375,3513.71484375,2081797,0.0,0.0
2008-08-14 00:00:00+09:00,2988.423583984375,3089.950529969073,2988.423583984375,2988.423583984375,2081797,0.0,0.0
2008-08-18 00:00:00+09:00,2957.523761259901,2957.523761259901,2798.6120367742947,2855.996826171875,738630,0.0,0.0
2008-08-19 00:00:00+09:00,2789.7834911434334,2935.452565839214,2789.7834911434334,2873.653564453125,330381,0.0,0.0
2008-08-20 00:00:00+09:00,2825.0973241885627,2891.3105427242317,2825.0973241885627,2855.996826171875,221434,0.0,0.0
2008-08-21 00:00:00+09:00,2838.3399798283813,2869.2394819415986,2692.6708984375,2692.6708984375,261137,0.0,0.0
2008-08-22 00:00:00+09:00,2657.357231244649,2692.670948603382,2542.587649828767,2577.9013671875,239106,0.0,0.0
2008-08-25 00:00:00+09:00,2502.859688626803,2560.2444786658652,2251.249455378606,2295.3916015625,439811,0.0,0.0
2008-08-26 00:00:00+09:00,2207.107161108311,2502.859520696825,2180.621875175011,2463.131591796875,612724,0.0,0.0
2008-08-27 00:00:00+09:00,2432.232399038717,2635.2862835319675,2410.1613246372767,2595.558349609375,553471,0.0,0.0
2008-08-28 00:00:00+09:00,2595.5583479256466,2635.2862818224676,2516.102480132004,2560.24462890625,386083,0.0,0.0
2008-08-29 00:00:00+09:00,2555.8305957858847,2639.700684421345,2507.274228681144,2604.386962890625,298251,0.0,0.0
2008-09-01 00:00:00+09:00,2524.9309959786347,2555.8305011741772,2242.4212341908155,2246.83544921875,230873,0.0,0.0
2008-09-02 00:00:00+09:00,2189.4505508155153,2286.563276859752,2012.8819580078125,2012.8819580078125,178025,0.0,0.0
2008-09-03 00:00:00+09:00,1942.2541834944386,2171.793314271054,1942.2541834944386,2083.509033203125,140198,0.0,0.0
2008-09-04 00:00:00+09:00,2207.107106312739,2330.7051042662524,2136.4796789107313,2308.634033203125,131233,0.0,0.0
2008-09-05 00:00:00+09:00,2295.3915416965997,2361.60475924554,2207.1072516313457,2304.219970703125,150451,0.0,0.0
2008-09-08 00:00:00+09:00,2361.6051273669227,2604.386962890625,2361.6051273669227,2604.386962890625,221200,0.0,0.0
2008-09-09 00:00:00+09:00,2569.073056947935,2604.3867759437826,2485.202974332796,2524.930908203125,130144,0.0,0.0
2008-09-10 00:00:00+09:00,2445.475305706522,2582.315981657609,2445.475305706522,2538.173828125,75120,0.0,0.0
2008-09-11 00:00:00+09:00,2577.9013112899834,2745.641465106797,2560.2444529934764,2622.04345703125,157224,0.0,0.0
2008-09-12 00:00:00+09:00,2652.94293100806,2705.913505337672,2639.7002874256573,2644.114501953125,112448,0.0,0.0
2008-09-16 00:00:00+09:00,2251.249455378606,2471.960186298077,2251.249455378606,2295.3916015625,264227,0.0,0.0
2008-09-17 00:00:00+09:00,2343.9479916948,2418.989641146423,1951.0828857421877,1951.0828857421875,529927,0.0,0.0
2008-09-18 00:00:00+09:00,1756.8576907169117,1902.5267957261028,1659.7449540441175,1876.04150390625,1956106,0.0,0.0
2008-09-19 00:00:00+09:00,1955.497040344788,2026.1244729531777,1915.7691095025689,1959.9112548828125,428521,0.0,0.0
2008-09-22 00:00:00+09:00,2004.0536499023438,2079.0953063964844,1889.2840576171875,1889.2840576171875,352686,0.0,0.0
2008-09-23 00:00:00+09:00,1849.5557448891013,1955.4968854078088,1845.141530700822,1946.66845703125,194763,0.0,0.0
2008-09-24 00:00:00+09:00,2123.2373046875,2207.107385330042,1955.497143402417,2123.2373046875,930113,0.0,0.0
2008-09-25 00:00:00+09:00,2123.237112200497,2441.060546875,2021.7101816794755,2441.060546875,930113,0.0,0.0
2008-09-26 00:00:00+09:00,2471.960320723684,2604.3867664767386,2211.5216440760105,2348.3623046875,976175,0.0,0.0
2008-09-29 00:00:00+09:00,2383.676079081302,2410.161368848872,2074.681031792985,2127.651611328125,417406,0.0,0.0
2008-09-30 00:00:00+09:00,1827.4851025390624,2030.5390028211805,1827.4851025390624,1986.3968505859375,361326,0.0,0.0
2008-10-01 00:00:00+09:00,2074.6810029517455,2202.693235048768,2039.367283752567,2149.72265625,307624,0.0,0.0
2008-10-02 00:00:00+09:00,2162.9652349943844,2198.2789531167414,2061.438295392607,2087.923583984375,202001,0.0,0.0
2008-10-06 00:00:00+09:00,2087.9236700523834,2114.408959735923,1898.1124273203486,1915.769287109375,112914,0.0,0.0
2008-10-07 00:00:00+09:00,1853.9702778477822,1924.5977170038882,1756.8575490081366,1915.769287109375,178182,0.0,0.0
2008-10-08 00:00:00+09:00,1739.2004941304526,1845.1416409810386,1677.401491800944,1695.058349609375,230555,0.0,0.0
2008-10-09 00:00:00+09:00,1695.0583444148936,1805.413705379405,1633.2593422747673,1659.74462890625,184415,0.0,0.0
2008-10-10 00:00:00+09:00,1765.685969878008,1659.7448116853277,1492.0046445469168,1650.9163818359375,223894,0.0,0.0
2008-10-13 00:00:00+09:00,1765.6856377180231,1898.112060546875,1739.2003531522528,1898.112060546875,223894,0.0,0.0
2008-10-14 00:00:00+09:00,2034.952954946856,2180.6220384896897,2034.952954946856,2167.37939453125,270000,0.0,0.0
2008-10-15 00:00:00+09:00,2118.8231793186696,2118.8231793186696,2030.5388801803917,2057.024169921875,134887,0.0,0.0
2008-10-16 00:00:00+09:00,1858.3845196394836,1911.3550997717255,1752.443359375,1752.443359375,187354,0.0,0.0
2008-10-17 00:00:00+09:00,1880.4556274414062,1911.3551330566406,1686.2301635742188,1800.999755859375,131904,0.0,0.0
2008-10-20 00:00:00+09:00,1787.756875174386,1902.5264523460753,1783.3426606677829,1853.9700927734375,231039,0.0,0.0
2008-10-21 00:00:00+09:00,1898.1125499851896,1924.5978413803318,1778.9287387070497,1862.798828125,160068,0.0,0.0
2008-10-22 00:00:00+09:00,1836.3133496093749,1858.3844235229492,1739.2006243896485,1765.6859130859375,111796,0.0,0.0
2008-10-23 00:00:00+09:00,1456.6906945180085,1664.1587631311795,1509.6612652277543,1562.6318359375,229691,0.0,0.0
2008-10-24 00:00:00+09:00,1456.6908117148566,1593.5314637244342,1328.6785888671875,1328.6785888671875,229691,0.0,0.0
2008-10-27 00:00:00+09:00,1147.6958095005582,1368.4065420968193,1147.6958095005582,1235.9801025390625,224691,0.0,0.0
2008-10-28 00:00:00+09:00,1138.867599074905,1315.4362190865181,1121.2107370737438,1306.6077880859375,184415,0.0,0.0
2008-10-29 00:00:00+09:00,1862.798679481558,1474.3477700162096,1235.9801664806548,1297.7791748046875,315062,0.0,0.0
2008-10-30 00:00:00+09:00,1465.5192293246118,1492.0045166015625,1439.033942047661,1492.0045166015625,131558,0.0,0.0
2008-10-31 00:00:00+09:00,1712.71533203125,1712.71533203125,1672.9873990717622,1712.71533203125,145330,0.0,0.0
2008-11-03 00:00:00+09:00,1862.7984783360776,1968.7396240234375,1774.5141902632777,1968.7396240234375,315062,0.0,0.0
2008-11-04 00:00:00+09:00,2123.237518693613,2215.9360382207765,1986.3968470106563,2109.994873046875,288404,0.0,0.0
2008-11-05 00:00:00+09:00,2176.2078068659857,2418.9896108774037,2149.722519155649,2295.3916015625,376383,0.0,0.0
2008-11-06 00:00:00+09:00,2176.2078340970556,2176.2078340970556,1951.0828857421877,1951.0828857421875,376383,0.0,0.0
2008-11-07 00:00:00+09:00,1681.8159484863281,2114.4090270996094,1681.8159484863281,2030.5389404296875,425960,0.0,0.0
2008-11-10 00:00:00+09:00,2074.680960915305,2118.8231090198865,1933.4260869806462,1942.2545166015625,382579,0.0,0.0
2008-11-11 00:00:00+09:00,1924.597837456597,1986.3968505859375,1809.8282416449651,1986.3968505859375,155910,0.0,0.0
2008-11-12 00:00:00+09:00,2242.42139715211,2242.42139715211,2008.4679836697048,2065.852783203125,1298789,0.0,0.0
2008-11-13 00:00:00+09:00,1898.1123096586894,1959.9113150894373,1898.1123096586894,1951.0828857421875,252112,0.0,0.0
2008-11-14 00:00:00+09:00,2048.195676569353,2074.6809654905087,1968.7398098058868,2012.8819580078125,592319,0.0,0.0
2008-11-17 00:00:00+09:00,2012.88174609375,2260.07775,2012.88174609375,2207.107177734375,819889,0.0,0.0
2008-11-18 00:00:00+09:00,2215.9359440232074,2295.3918145260313,2145.3085035762524,2246.83544921875,704924,0.0,0.0
2008-11-19 00:00:00+09:00,2282.14914178671,2471.9603856877325,2273.3207118378255,2374.84765625,1142981,0.0,0.0
2008-11-20 00:00:00+09:00,2242.4210732542438,2295.3916497878085,2101.166202498071,2145.308349609375,639235,0.0,0.0
2008-11-21 00:00:00+09:00,2048.195568647541,2193.864650038422,2048.195568647541,2154.13671875,892039,0.0,0.0
2008-11-24 00:00:00+09:00,2154.136897857533,2229.1785520861763,1986.3967295817413,2021.71044921875,791154,0.0,0.0
2008-11-25 00:00:00+09:00,2092.3375641959055,2136.4797069004603,1915.7689933776855,1977.5679931640625,558457,0.0,0.0
2008-11-26 00:00:00+09:00,1977.5680229306488,2004.0533089520413,1889.2837361926734,1973.15380859375,382815,0.0,0.0
2008-11-27 00:00:00+09:00,2030.5386874912022,2083.5092619474945,1902.526465888496,1959.9112548828125,155211,0.0,0.0
2008-11-28 00:00:00+09:00,2004.0533089520413,2012.881737625839,1955.496951246155,1973.15380859375,111722,0.0,0.0
2008-12-01 00:00:00+09:00,1973.154020274769,1981.9824498956852,1924.59765735973,1942.2545166015625,98778,0.0,0.0
2008-12-02 00:00:00+09:00,1898.1123616145205,1898.1123616145205,1796.585421342116,1836.3133544921875,88492,0.0,0.0
2008-12-03 00:00:00+09:00,1853.9700576006355,1898.1122018292222,1787.7568412577557,1823.070556640625,69064,0.0,0.0
2008-12-04 00:00:00+09:00,1827.4849200439453,2004.053511352539,1725.9579800415038,1765.6859130859375,115911,0.0,0.0
2008-12-05 00:00:00+09:00,1756.8574870581765,1827.4849237238318,1699.4726947673316,1818.656494140625,61120,0.0,0.0
2008-12-08 00:00:00+09:00,1827.4847354760907,1986.3964516044464,1827.4847354760907,1973.15380859375,140591,0.0,0.0
2008-12-09 00:00:00+09:00,1968.7395646231514,2074.6807071140834,1942.2542790004184,1977.5679931640625,86993,0.0,0.0
2008-12-10 00:00:00+09:00,1977.568300697425,2123.2373942755835,1973.1540857405112,2057.024169921875,274707,0.0,0.0
2008-12-11 00:00:00+09:00,2083.50928141276,2185.03621673584,2026.1244918823243,2118.822998046875,382109,0.0,0.0
2008-12-12 00:00:00+09:00,2132.0655247221057,2132.0655247221057,1933.425879561661,1973.15380859375,230805,0.0,0.0
2008-12-15 00:00:00+09:00,1973.1538384270775,2048.1954832889573,1959.9111952161575,1968.7396240234375,219539,0.0,0.0
2008-12-16 00:00:00+09:00,1946.6686694001498,1968.739742749358,1906.9407373715753,1933.426025390625,161337,0.0,0.0
2008-12-17 00:00:00+09:00,1999.6390946151425,2127.651310385207,1933.425879561661,1973.15380859375,1192278,0.0,0.0
2008-12-18 00:00:00+09:00,1999.6393810227687,2268.906494140625,1999.6393810227687,2268.906494140625,1192278,0.0,0.0
2008-12-19 00:00:00+09:00,2295.392180752159,2555.8309089528852,2136.4804143923943,2299.806396484375,1301396,0.0,0.0
2008-12-22 00:00:00+09:00,2388.0901045799255,2396.9185338020325,2242.421022415161,2260.077880859375,555099,0.0,0.0
2008-12-23 00:00:00+09:00,2207.1075760690787,2260.0781578947367,2034.9531851356908,2096.752197265625,333133,0.0,0.0
2008-12-24 00:00:00+09:00,2092.337830102744,2149.722622911469,1999.639318642496,2101.166259765625,243322,0.0,0.0
2008-12-26 00:00:00+09:00,2158.55105257435,2207.1074157201942,2101.166259765625,2101.166259765625,311984,0.0,0.0
2008-12-29 00:00:00+09:00,2061.4385093858505,2118.8233072916664,1981.982635362413,1986.3968505859375,157658,0.0,0.0
2008-12-30 00:00:00+09:00,1990.8110658094618,2052.610078938802,1964.325774468316,1986.3968505859375,149280,0.0,0.0
2009-01-02 00:00:00+09:00,2282.1488784478634,2282.1488784478634,2123.237157704879,2162.965087890625,1128169,0.0,0.0
2009-01-05 00:00:00+09:00,2162.9651011303554,2171.793530114561,1959.9112344936282,2034.952880859375,340929,0.0,0.0
2009-01-06 00:00:00+09:00,2118.822989628233,2118.822989628233,2034.9529129554485,2048.195556640625,180097,0.0,0.0
2009-01-07 00:00:00+09:00,2092.3378012928792,2180.6220967060813,2074.680942210239,2123.2373046875,298826,0.0,0.0
2009-01-08 00:00:00+09:00,2083.5095817533997,2136.4801643403503,2021.7105687352903,2109.994873046875,145895,0.0,0.0
2009-01-09 00:00:00+09:00,2158.550987470911,2158.550987470911,2052.609834711602,2074.680908203125,130106,0.0,0.0
2009-01-12 00:00:00+09:00,2070.266524005523,2070.266524005523,1964.3253799199524,1973.15380859375,138676,0.0,0.0
2009-01-13 00:00:00+09:00,1959.9115887572434,1999.6395263671875,1898.1125746973303,1999.6395263671875,113967,0.0,0.0
2009-01-14 00:00:00+09:00,2017.2958224021784,2083.509033203125,1977.5678959216102,2083.509033203125,120441,0.0,0.0
2009-01-15 00:00:00+09:00,2004.053485353882,2026.1245589811274,1858.3843994140625,1858.3843994140625,142991,0.0,0.0
2009-01-16 00:00:00+09:00,1898.1122804387699,1990.8107871578725,1898.1122804387699,1955.4970703125,118772,0.0,0.0
2009-01-19 00:00:00+09:00,1977.5682684312637,2052.6099214744145,1973.1540535463726,1990.8109130859375,131760,0.0,0.0
2009-01-20 00:00:00+09:00,1990.8110046386719,2004.0536499023438,1889.2840576171875,1924.5977783203125,134598,0.0,0.0
2009-01-21 00:00:00+09:00,1827.4848332784263,1853.970120717244,1809.8279749858812,1831.8990478515625,171101,0.0,0.0
2009-01-22 00:00:00+09:00,1968.7396996187877,1968.7396996187877,1831.8990478515625,1831.8990478515625,90941,0.0,0.0
2009-01-23 00:00:00+09:00,1827.484805733817,1871.6269507998513,1730.3720865885416,1853.9700927734375,121527,0.0,0.0
2009-01-28 00:00:00+09:00,1893.698216516061,2118.8231793186696,1893.698216516061,2057.024169921875,419780,0.0,0.0
2009-01-29 00:00:00+09:00,2030.5388444974374,2057.024133773491,1929.0119022725655,1937.84033203125,175495,0.0,0.0
2009-01-30 00:00:00+09:00,1898.1122513504715,1968.7396839588612,1867.212749584301,1959.9112548828125,114477,0.0,0.0
2009-02-02 00:00:00+09:00,1942.254607944794,2012.8820482336955,1920.1835328545124,1929.011962890625,99271,0.0,0.0
2009-02-03 00:00:00+09:00,1959.9115592447915,2030.5390028211805,1911.3551917860243,1986.3968505859375,204701,0.0,0.0
2009-02-04 00:00:00+09:00,2030.5387612200798,2162.9652021692154,1999.639258331948,2074.680908203125,377938,0.0,0.0
2009-02-05 00:00:00+09:00,2039.3673100942194,2158.5511139308946,2030.5388801803917,2057.024169921875,326354,0.0,0.0
2009-02-06 00:00:00+09:00,2118.8231814056016,2207.1074806308347,2087.92367667677,2127.651611328125,478370,0.0,0.0
2009-02-09 00:00:00+09:00,2162.965520875067,2233.5929664546607,2057.024352505676,2065.852783203125,321394,0.0,0.0
2009-02-10 00:00:00+09:00,2070.2670321329488,2101.1665400752313,1986.3969391467524,2026.1248779296875,246599,0.0,0.0
2009-02-11 00:00:00+09:00,1924.597720216976,2039.3673090372545,1924.597720216976,2021.71044921875,171890,0.0,0.0
2009-02-12 00:00:00+09:00,2070.2667495592505,2070.2667495592505,1981.9824532027792,1995.22509765625,163171,0.0,0.0
2009-02-13 00:00:00+09:00,2074.6805324802153,2039.3668212890625,1999.638896199016,2039.3668212890625,664962,0.0,0.0
2009-02-16 00:00:00+09:00,2074.681118320386,2343.9482421875,2057.024257738936,2343.9482421875,664962,0.0,0.0
2009-02-17 00:00:00+09:00,2445.4747092280163,2498.4452805470346,2083.5091385480573,2158.55078125,1435031,0.0,0.0
2009-02-18 00:00:00+09:00,2074.6809142312886,2171.7936378761574,2034.952981831115,2145.308349609375,405612,0.0,0.0
2009-02-19 00:00:00+09:00,2189.4509020618557,2317.4631523840203,2074.6812983247423,2140.89453125,391294,0.0,0.0
2009-02-20 00:00:00+09:00,2074.6811550564234,2127.6517377387154,1968.7399896918403,1986.3968505859375,253577,0.0,0.0
2009-02-23 00:00:00+09:00,1915.7692903077238,2043.7815239918805,1867.212925806837,2021.71044921875,206960,0.0,0.0
2009-02-24 00:00:00+09:00,1924.59765735973,1959.9113758433948,1884.8697240656072,1942.2545166015625,188352,0.0,0.0
2009-02-25 00:00:00+09:00,2004.0535860545076,2026.1246607907906,1915.769287109375,1915.769287109375,188535,0.0,0.0
2009-04-10 00:00:00+09:00,2202.693115234375,2202.693115234375,2202.693115234375,2202.693115234375,67288,0.0,0.0
2009-04-13 00:00:00+09:00,2529.345458984375,2529.345458984375,2529.345458984375,2529.345458984375,1325593,0.0,0.0
2009-04-14 00:00:00+09:00,2904.55322265625,2904.55322265625,2904.55322265625,2904.55322265625,1325593,0.0,0.0
2009-04-15 00:00:00+09:00,2745.6418517419393,2745.6418517419393,2489.6173703897966,2498.44580078125,953037,0.0,0.0
2009-04-16 00:00:00+09:00,2648.5292142030426,2648.5292142030426,2339.5341392126875,2502.860107421875,326098,0.0,0.0
2009-04-17 00:00:00+09:00,2502.859688626803,2502.859688626803,2295.3916015625,2295.3916015625,253426,0.0,0.0
2009-04-20 00:00:00+09:00,2251.2494354248047,2251.2494354248047,2021.71027730306,2118.822998046875,357779,0.0,0.0
2009-04-21 00:00:00+09:00,1986.3962545023337,2048.1952490868507,1986.3962545023337,2039.3668212890625,174210,0.0,0.0
2009-04-22 00:00:00+09:00,2101.166085379464,2242.4209482621172,2101.166085379464,2162.965087890625,143140,0.0,0.0
2009-04-23 00:00:00+09:00,2167.3795158495896,2202.693235048768,2118.823151950719,2149.72265625,140952,0.0,0.0
2009-04-24 00:00:00+09:00,2149.722500101725,2149.722500101725,2101.1661397298176,2118.822998046875,113434,0.0,0.0
2009-04-27 00:00:00+09:00,2171.793572998047,2233.5925771077473,2118.822998046875,2118.822998046875,150686,0.0,0.0
2009-04-28 00:00:00+09:00,2096.7520703233267,2096.7520703233267,1986.3966982010463,1990.8109130859375,130422,0.0,0.0
2009-04-29 00:00:00+09:00,1990.8104684012278,2043.7810351879566,1990.8104684012278,2039.3668212890625,58057,0.0,0.0
2009-04-30 00:00:00+09:00,2074.6808078449235,2233.592529296875,2074.6808078449235,2233.592529296875,128535,0.0,0.0
2009-05-04 00:00:00+09:00,2348.3623697916664,2516.1025390625,2348.3623697916664,2516.1025390625,302309,0.0,0.0
2009-05-06 00:00:00+09:00,2432.2325134277344,2436.646728515625,2361.6050720214844,2366.019287109375,165343,0.0,0.0
2009-05-07 00:00:00+09:00,2427.817831234056,2436.646259711271,2379.261474609375,2379.261474609375,105733,0.0,0.0
2009-05-08 00:00:00+09:00,2383.675845638736,2410.1611328125,2339.53370034913,2410.1611328125,93523,0.0,0.0
2009-05-11 00:00:00+09:00,2507.2738700259515,2551.416015625,2507.2738700259515,2551.416015625,154727,0.0,0.0
2009-05-12 00:00:00+09:00,2516.101958102208,2516.101958102208,2436.646106793717,2511.687744140625,129291,0.0,0.0
2009-05-13 00:00:00+09:00,2542.587890625,2542.587890625,2401.3330078125,2436.646728515625,85455,0.0,0.0
2009-05-14 00:00:00+09:00,2383.675869195591,2383.675869195591,2304.2200068890716,2352.7763671875,126391,0.0,0.0
2009-05-15 00:00:00+09:00,2441.061004971591,2441.061004971591,2396.9188529829544,2427.818359375,65324,0.0,0.0
2009-05-18 00:00:00+09:00,2418.9895526238206,2418.9895526238206,2286.5631172612025,2339.53369140625,73733,0.0,0.0
2009-05-19 00:00:00+09:00,2401.332638888889,2410.1610677083336,2370.4331380208337,2383.67578125,80427,0.0,0.0
2009-05-20 00:00:00+09:00,2383.676209181882,2383.676209181882,2295.3919051381085,2357.19091796875,108734,0.0,0.0
2009-05-21 00:00:00+09:00,2348.3622415636883,2348.3622415636883,2304.2200941658743,2321.876953125,89535,0.0,0.0
2009-05-22 00:00:00+09:00,2295.3919615362684,2471.960573962135,2286.5635309149748,2418.989990234375,147733,0.0,0.0
2009-05-25 00:00:00+09:00,2392.504265551297,2392.504265551297,2317.4626188458137,2339.53369140625,89368,0.0,0.0
2009-05-26 00:00:00+09:00,2410.161503331801,2410.161503331801,2251.249755859375,2251.249755859375,78236,0.0,0.0
2009-05-27 00:00:00+09:00,2295.3916015625,2321.8768892728367,2295.3916015625,2295.3916015625,65961,0.0,0.0
2009-05-28 00:00:00+09:00,2224.764040969488,2251.2493271715057,2215.935612235482,2242.4208984375,39065,0.0,0.0
2009-05-29 00:00:00+09:00,2251.2493271715057,2251.2493271715057,2224.764040969488,2242.4208984375,39065,0.0,0.0
2009-06-01 00:00:00+09:00,2251.2500234300023,2299.806396484375,2211.522081840061,2299.806396484375,74137,0.0,0.0
2009-06-02 00:00:00+09:00,2388.090234564256,2388.090234564256,2277.73486328125,2277.73486328125,85353,0.0,0.0
2009-06-03 00:00:00+09:00,2277.734805727186,2335.119597344344,2277.734805727186,2321.876953125,41365,0.0,0.0
2009-06-04 00:00:00+09:00,2370.433375158975,2370.433375158975,2277.73486328125,2277.73486328125,44231,0.0,0.0
2009-06-05 00:00:00+09:00,2277.734802953065,2295.3916618906856,2260.077944015444,2286.563232421875,43143,0.0,0.0
2009-06-08 00:00:00+09:00,2299.8059989246412,2304.2202138937864,2264.49227917148,2268.906494140625,54234,0.0,0.0
2009-06-09 00:00:00+09:00,2273.3205246925354,2273.3205246925354,2260.077880859375,2260.077880859375,45289,0.0,0.0
2009-06-10 00:00:00+09:00,2255.6636979482705,2282.148985986802,2255.6636979482705,2273.320556640625,33921,0.0,0.0
2009-06-11 00:00:00+09:00,2273.3206170808967,2273.3206170808967,2251.2495431286548,2264.4921875,42807,0.0,0.0
2009-06-12 00:00:00+09:00,2313.0483671272877,2313.0483671272877,2264.4920082753792,2290.977294921875,46716,0.0,0.0
2009-06-15 00:00:00+09:00,2370.43325007512,2370.43325007512,2277.734743088942,2295.3916015625,46716,0.0,0.0
2009-06-16 00:00:00+09:00,2277.734743088942,2295.3916015625,2260.077884615385,2295.3916015625,43491,0.0,0.0
2009-06-17 00:00:00+09:00,2295.391722686531,2295.391722686531,2260.078003875969,2277.73486328125,32688,0.0,0.0
2009-06-18 00:00:00+09:00,2277.734739303589,2277.734739303589,2260.077880859375,2260.077880859375,46771,0.0,0.0
2009-06-19 00:00:00+09:00,2242.4207386009234,2242.4207386009234,2207.107026182011,2211.521240234375,88353,0.0,0.0
2009-06-22 00:00:00+09:00,2207.107177734375,2211.5213920898436,2207.107177734375,2207.107177734375,83506,0.0,0.0
2009-06-23 00:00:00+09:00,2189.4505903490763,2189.4505903490763,2127.6515817505133,2149.72265625,46803,0.0,0.0
2009-06-24 00:00:00+09:00,2233.5924638671877,2233.5924638671877,2154.13660546875,2207.107177734375,41111,0.0,0.0
2009-06-25 00:00:00+09:00,2268.906222716462,2290.977294921875,2268.906222716462,2290.977294921875,58283,0.0,0.0
2009-06-26 00:00:00+09:00,2295.3915144686907,2330.7052300759015,2295.3915144686907,2326.291015625,76009,0.0,0.0
2009-06-29 00:00:00+09:00,2370.4332020518546,2414.5753473414607,2370.4332020518546,2410.1611328125,121924,0.0,0.0
2009-06-30 00:00:00+09:00,2463.1316406250003,2463.1316406250003,2339.533637152778,2383.67578125,77224,0.0,0.0
2009-07-01 00:00:00+09:00,2330.70556640625,2366.019287109375,2317.462921142578,2366.019287109375,71734,0.0,0.0
2009-07-02 00:00:00+09:00,2366.0192297149124,2516.1025390625,2366.0192297149124,2516.1025390625,134446,0.0,0.0
2009-07-03 00:00:00+09:00,2471.9602213541666,2648.52880859375,2471.9602213541666,2648.52880859375,241817,0.0,0.0
2009-07-06 00:00:00+09:00,2705.9137891093,2763.298583984375,2705.9137891093,2763.298583984375,170391,0.0,0.0
2009-07-07 00:00:00+09:00,2860.4111297607424,3001.666000366211,2825.097412109375,2825.097412109375,271519,0.0,0.0
2009-07-08 00:00:00+09:00,2736.8132962740383,2935.452971003606,2710.328006310096,2869.23974609375,148695,0.0,0.0
2009-07-09 00:00:00+09:00,2988.423523218888,3054.6367475147276,2988.423523218888,2997.251953125,241419,0.0,0.0
2009-07-10 00:00:00+09:00,3112.0216968929535,3231.2055065611944,3112.0216968929535,3169.406494140625,226935,0.0,0.0
2009-07-13 00:00:00+09:00,3266.5190030375716,3266.5190030375716,3001.6661108993903,3076.707763671875,182508,0.0,0.0
2009-07-14 00:00:00+09:00,3156.163787841797,3156.163787841797,2878.0682373046875,3072.293701171875,188382,0.0,0.0
2009-07-15 00:00:00+09:00,3072.293760336873,3178.2349244864204,3001.6663175705085,3169.406494140625,127722,0.0,0.0
2009-07-16 00:00:00+09:00,3240.0332901664406,3240.0332901664406,3001.6657184103265,3045.807861328125,129997,0.0,0.0
2009-07-17 00:00:00+09:00,3001.6660097420936,3006.0802244623023,2917.7959300581233,2931.03857421875,117915,0.0,0.0
2009-07-20 00:00:00+09:00,3001.666051949213,3089.950347594778,3001.666051949213,3085.5361328125,95395,0.0,0.0
2009-07-21 00:00:00+09:00,3089.9505003133954,3089.9505003133954,3045.8083503089183,3081.1220703125,89646,0.0,0.0
2009-07-22 00:00:00+09:00,3138.5066890506955,3213.54833984375,3134.092474298163,3213.54833984375,194399,0.0,0.0
2009-07-23 00:00:00+09:00,3310.6609809689407,3619.656005859375,3310.6609809689407,3619.656005859375,260051,0.0,0.0
2009-07-24 00:00:00+09:00,3615.241907043457,3632.8987661743163,3496.058107910156,3531.371826171875,139369,0.0,0.0
2009-07-27 00:00:00+09:00,3531.371684537246,3910.994140625,3531.371684537246,3910.994140625,216894,0.0,0.0
2009-07-28 00:00:00+09:00,3919.8224818638396,3919.8224818638396,3663.798040480841,3707.940185546875,184577,0.0,0.0
2009-07-29 00:00:00+09:00,3752.0821169743476,3910.9938301638495,3707.9399744217085,3721.1826171875,158791,0.0,0.0
2009-07-30 00:00:00+09:00,3752.082387165851,3752.082387165851,3610.8275208254895,3663.798095703125,106526,0.0,0.0
2009-07-31 00:00:00+09:00,3707.9408547794114,3752.0830078125,3575.5143956801467,3752.0830078125,157457,0.0,0.0
2009-08-03 00:00:00+09:00,3884.508845186782,3884.508845186782,3752.0824072826867,3840.36669921875,123496,0.0,0.0
2009-08-04 00:00:00+09:00,3884.5089755969097,3972.79327049684,3875.680546106917,3928.651123046875,191936,0.0,0.0
2009-08-05 00:00:00+09:00,3928.650700705392,3972.7928434099467,3884.5085580008367,3955.135986328125,118879,0.0,0.0
2009-08-06 00:00:00+09:00,3972.7930161559466,4105.219450027811,3972.7930161559466,4091.976806640625,156818,0.0,0.0
2009-08-07 00:00:00+09:00,4149.36181640625,4189.089748690991,4149.36181640625,4149.36181640625,156423,0.0,0.0
2009-08-10 00:00:00+09:00,3928.65118786297,4016.935484219441,3928.65118786297,3990.4501953125,199634,0.0,0.0
2009-08-11 00:00:00+09:00,3990.4501886541193,3990.4501886541193,3796.224736993963,3884.509033203125,174519,0.0,0.0
2009-08-12 00:00:00+09:00,3884.5094956808944,3924.237433704903,3796.2251889608738,3800.639404296875,118092,0.0,0.0
2009-08-13 00:00:00+09:00,3831.538846967435,3884.509430105233,3677.041312815522,3880.09521484375,151748,0.0,0.0
2009-08-14 00:00:00+09:00,3906.5796159085858,3906.5796159085858,3628.4841178269576,3721.1826171875,203536,0.0,0.0
2009-08-17 00:00:00+09:00,3663.7983930538862,3663.7983930538862,3443.087646484375,3443.087646484375,220001,0.0,0.0
2009-08-18 00:00:00+09:00,3319.4894480519483,3562.2712560876626,3319.4894480519483,3398.9453125,118302,0.0,0.0
2009-08-19 00:00:00+09:00,3531.372010030864,3601.9994502314817,3531.372010030864,3575.51416015625,86003,0.0,0.0
2009-08-20 00:00:00+09:00,3531.372010030864,3707.9406105324074,3473.987214867863,3575.51416015625,94984,0.0,0.0
2009-08-21 00:00:00+09:00,3557.8566758554193,3566.6851043314873,3478.400819570807,3487.229248046875,93689,0.0,0.0
2009-08-24 00:00:00+09:00,3654.9697377873563,3654.9697377873563,3456.330078125,3456.330078125,103098,0.0,0.0
2009-08-25 00:00:00+09:00,3443.087530517578,3531.371826171875,3398.9453826904296,3531.371826171875,84735,0.0,0.0
2009-08-26 00:00:00+09:00,3531.37185093068,3531.37185093068,3438.67333984375,3438.67333984375,78117,0.0,0.0
2009-08-27 00:00:00+09:00,3398.9454920151657,3407.7739218645556,3301.832763671875,3301.832763671875,90197,0.0,0.0
2009-08-28 00:00:00+09:00,3359.217562787961,3469.5729360727164,3359.217562787961,3443.087646484375,73115,0.0,0.0
2009-08-31 00:00:00+09:00,3531.371561686198,3531.371561686198,3359.217198053996,3390.11669921875,48125,0.0,0.0
2009-09-01 00:00:00+09:00,3372.459836297286,3390.116694078947,3354.802978515625,3354.802978515625,78686,0.0,0.0
2009-09-02 00:00:00+09:00,3416.6019531250004,3416.6019531250004,3337.14609375,3376.8740234375,38822,0.0,0.0
2009-09-03 00:00:00+09:00,3376.8741391854455,3376.8741391854455,3310.660920770045,3323.903564453125,64026,0.0,0.0
2009-09-04 00:00:00+09:00,3315.075500076438,3315.075500076438,3253.2764894225497,3270.933349609375,73769,0.0,0.0
2009-09-07 00:00:00+09:00,3341.5607602552013,3341.5607602552013,3270.9333201441273,3328.318115234375,52171,0.0,0.0
2009-09-08 00:00:00+09:00,3315.07519885077,3654.9697265625,3315.07519885077,3654.9697265625,145929,0.0,0.0
2009-09-09 00:00:00+09:00,3778.5672054765237,3778.5672054765237,3544.613862146786,3549.028076171875,61818,0.0,0.0
2009-09-10 00:00:00+09:00,3597.584998407524,3707.9403664568345,3597.584998407524,3681.455078125,73516,0.0,0.0
2009-09-11 00:00:00+09:00,3707.940302309783,3707.940302309783,3549.028575067935,3654.9697265625,43955,0.0,0.0
2009-09-14 00:00:00+09:00,3699.1118984854293,3699.1118984854293,3575.5138875575153,3597.5849609375,58956,0.0,0.0
2009-09-15 00:00:00+09:00,3619.65630966529,3619.65630966529,3531.372009429551,3540.200439453125,54938,0.0,0.0
2009-09-16 00:00:00+09:00,3615.241787614493,3615.241787614493,3566.685426608682,3584.34228515625,45898,0.0,0.0
2009-09-17 00:00:00+09:00,3584.342237376939,3707.940245562351,3584.342237376939,3699.11181640625,96550,0.0,0.0
2009-09-18 00:00:00+09:00,3707.9403664568345,3707.9403664568345,3619.656072017386,3681.455078125,45068,0.0,0.0
2009-09-21 00:00:00+09:00,3747.667691685268,3862.437255859375,3694.6971236049108,3862.437255859375,144367,0.0,0.0
2009-09-22 00:00:00+09:00,3910.993849054192,4325.92999105317,3910.993849054192,4317.1015625,209886,0.0,0.0
2009-09-23 00:00:00+09:00,4396.557265066394,4502.498403983657,4237.645556690501,4321.515625,276443,0.0,0.0
2009-09-24 00:00:00+09:00,4370.072622953482,4370.072622953482,4114.048166255197,4246.474609375,119041,0.0,0.0
2009-09-25 00:00:00+09:00,4317.101746851084,4370.072320432078,4246.474315409758,4325.93017578125,201912,0.0,0.0
2009-09-28 00:00:00+09:00,4405.385861064826,4458.356432540556,4383.314789616606,4387.72900390625,120661,0.0,0.0
2009-09-29 00:00:00+09:00,4423.043008422851,4423.043008422851,4228.817566935221,4237.64599609375,85414,0.0,0.0
2009-09-30 00:00:00+09:00,4281.788359172603,4281.788359172603,4219.9893519268135,4259.71728515625,60925,0.0,0.0
2009-10-01 00:00:00+09:00,4396.558101416623,4396.558101416623,4219.989502966157,4255.30322265625,75539,0.0,0.0
2009-10-05 00:00:00+09:00,4242.060210673014,4242.060210673014,4219.989137776693,4237.64599609375,85406,0.0,0.0
2009-10-06 00:00:00+09:00,4290.616686751994,4321.516189640126,4144.947601707945,4149.36181640625,73624,0.0,0.0
2009-10-07 00:00:00+09:00,4237.646422955975,4295.031218266837,4211.1611328125,4211.1611328125,74160,0.0,0.0
2009-10-08 00:00:00+09:00,4237.64599609375,4237.64599609375,4206.7464940389,4237.64599609375,54064,0.0,0.0
2009-10-09 00:00:00+09:00,4308.273867264244,4502.49932849337,4308.273867264244,4493.6708984375,200420,0.0,0.0
2009-10-12 00:00:00+09:00,4626.096701388889,4767.3515625,4626.096701388889,4767.3515625,201546,0.0,0.0
2009-10-13 00:00:00+09:00,4811.493934044472,4837.979221754807,4590.783203125,4590.783203125,134792,0.0,0.0
2009-10-14 00:00:00+09:00,4608.43984375,4785.008420138889,4608.43984375,4767.3515625,91045,0.0,0.0
2009-10-15 00:00:00+09:00,4811.493706597223,4811.493706597223,4723.209418402778,4767.3515625,39114,0.0,0.0
2009-10-16 00:00:00+09:00,4820.322423012743,4820.322423012743,4546.64111328125,4546.64111328125,114945,0.0,0.0
2009-10-19 00:00:00+09:00,4502.498729904263,4581.95458984375,4484.841872139932,4581.95458984375,163352,0.0,0.0
2009-10-20 00:00:00+09:00,4617.268490835337,4643.753778545673,4573.126344651442,4590.783203125,43571,0.0,0.0
2009-10-21 00:00:00+09:00,4626.097537530637,4626.097537530637,4467.185790058211,4502.49951171875,60363,0.0,0.0
2009-10-22 00:00:00+09:00,4520.156311637081,4528.984741933246,4458.357299563918,4476.01416015625,54107,0.0,0.0
2009-10-23 00:00:00+09:00,4590.783008194716,4590.783008194716,4467.185004127936,4511.3271484375,63144,0.0,0.0
2009-10-26 00:00:00+09:00,4493.670537204187,4555.4695426274275,4467.1852491656555,4546.64111328125,69109,0.0,0.0
2009-10-27 00:00:00+09:00,4546.641663794424,4546.641663794424,4431.872068397672,4502.49951171875,39675,0.0,0.0
2009-10-28 00:00:00+09:00,4484.8421465084875,4484.8421465084875,4281.78826979649,4290.61669921875,108886,0.0,0.0
2009-10-29 00:00:00+09:00,4114.048196648316,4268.545714762791,4061.077619009067,4259.71728515625,67242,0.0,0.0
2009-10-30 00:00:00+09:00,4414.2144205082,4493.670280077348,4325.930132098037,4440.69970703125,104635,0.0,0.0
2009-11-02 00:00:00+09:00,4317.1015625,4396.557419478528,4295.030491117075,4317.1015625,38201,0.0,0.0
2009-11-03 00:00:00+09:00,4334.759519018308,4431.872257733586,4325.93108822601,4370.0732421875,36693,0.0,0.0
2009-11-04 00:00:00+09:00,4414.21435546875,4414.21435546875,4339.172711425781,4414.21435546875,14660,0.0,0.0
2009-11-05 00:00:00+09:00,4414.215521203093,4414.215521203093,4317.102779736625,4352.41650390625,47165,0.0,0.0
2009-11-06 00:00:00+09:00,4378.901307711199,4502.49932849337,4378.901307711199,4493.6708984375,51295,0.0,0.0
2009-11-09 00:00:00+09:00,4537.813172229413,4537.813172229413,4476.01416015625,4476.01416015625,38282,0.0,0.0
2009-11-10 00:00:00+09:00,4537.812302753713,4537.812302753713,4423.0427308941835,4458.3564453125,25585,0.0,0.0
2009-11-11 00:00:00+09:00,4546.641602525579,4590.78375400641,4476.01416015625,4476.01416015625,155890,0.0,0.0
2009-11-12 00:00:00+09:00,4493.6708984375,4493.6708984375,4414.215027934676,4493.6708984375,67993,0.0,0.0
2009-11-13 00:00:00+09:00,4493.670213867188,4493.670213867188,4396.5574980468755,4414.21435546875,38298,0.0,0.0
2009-11-16 00:00:00+09:00,4484.84178515625,4484.84178515625,4348.001140136719,4414.21435546875,73376,0.0,0.0
2009-11-17 00:00:00+09:00,4458.356465882021,4458.356465882021,4370.072179428912,4400.9716796875,43302,0.0,0.0
2009-11-18 00:00:00+09:00,4383.314854980469,4414.21435546875,4383.314854980469,4414.21435546875,77889,0.0,0.0
2009-11-19 00:00:00+09:00,4414.215550745703,4431.872412948685,4365.6591796875,4365.6591796875,40224,0.0,0.0
2009-11-20 00:00:00+09:00,4365.659026791351,4396.558534564394,4325.93108822601,4370.0732421875,35418,0.0,0.0
2009-11-23 00:00:00+09:00,4334.75924642745,4414.215118561558,4334.75924642745,4392.14404296875,41150,0.0,0.0
2009-11-24 00:00:00+09:00,4392.143952795002,4493.6708984375,4387.7297377670675,4493.6708984375,66732,0.0,0.0
2009-11-25 00:00:00+09:00,4546.641602525579,4546.641602525579,4414.215148083086,4476.01416015625,69270,0.0,0.0
2009-11-26 00:00:00+09:00,4440.699653204971,4484.841796875,4440.699653204971,4484.841796875,27090,0.0,0.0
2009-11-27 00:00:00+09:00,4414.214431934493,4467.185005117707,4312.6875,4312.6875,74942,0.0,0.0
2009-11-30 00:00:00+09:00,4312.687373336943,4458.3564453125,4312.687373336943,4458.3564453125,47816,0.0,0.0
2009-12-01 00:00:00+09:00,4484.84265088848,4502.49951171875,4431.872068397672,4502.49951171875,42464,0.0,0.0
2009-12-02 00:00:00+09:00,4537.812455526565,4714.3810335626185,4537.812455526565,4652.58203125,92751,0.0,0.0
2009-12-03 00:00:00+09:00,4634.9248046875,4679.0669456845235,4634.9248046875,4634.9248046875,29612,0.0,0.0
2009-12-04 00:00:00+09:00,4634.925476770437,4661.410765209125,4590.7833293726235,4643.75390625,20783,0.0,0.0
2009-12-07 00:00:00+09:00,4634.9253493088945,4634.9253493088945,4573.126344651442,4590.783203125,29693,0.0,0.0
2009-12-08 00:00:00+09:00,4590.783083393199,4634.925228425826,4590.783083393199,4608.43994140625,31801,0.0,0.0
2009-12-09 00:00:00+09:00,4581.9551999591995,4581.9551999591995,4502.499329439676,4564.29833984375,65865,0.0,0.0
2009-12-10 00:00:00+09:00,4590.783210523201,4661.41064453125,4546.64106426817,4661.41064453125,64493,0.0,0.0
2009-12-11 00:00:00+09:00,4679.067157590521,4785.00830078125,4679.067157590521,4785.00830078125,95957,0.0,0.0
2009-12-14 00:00:00+09:00,4855.636245780705,5076.346984225283,4802.665668554007,5067.5185546875,128594,0.0,0.0
2009-12-15 00:00:00+09:00,5049.86181640625,5208.773551887565,5049.86181640625,5049.86181640625,89961,0.0,0.0
2009-12-16 00:00:00+09:00,5049.861823049532,5191.11669921875,5049.861823049532,5191.11669921875,55615,0.0,0.0
2009-12-17 00:00:00+09:00,5279.401738347234,5341.2007553512985,5199.945859342008,5226.43115234375,147976,0.0,0.0
2009-12-18 00:00:00+09:00,5191.117004498509,5191.117004498509,5049.86212002236,5182.28857421875,94064,0.0,0.0
2009-12-21 00:00:00+09:00,5420.655115076013,5553.08154296875,5358.856115392737,5553.08154296875,294910,0.0,0.0
2009-12-22 00:00:00+09:00,5738.480044815892,5826.764353197675,5694.337890625,5694.337890625,232650,0.0,0.0
2009-12-23 00:00:00+09:00,5650.1946400625975,5650.1946400625975,5473.626057560641,5641.3662109375,168311,0.0,0.0
2009-12-24 00:00:00+09:00,5606.05262744664,5782.621214137873,5606.05262744664,5764.96435546875,149829,0.0,0.0
2009-12-28 00:00:00+09:00,5915.047969933712,5923.876399739584,5826.763671875,5826.763671875,161852,0.0,0.0
2009-12-29 00:00:00+09:00,5826.763239503816,5844.420097805343,5782.62109375,5782.62109375,77428,0.0,0.0
2009-12-30 00:00:00+09:00,5694.336818007172,5923.8759765625,5667.851530481557,5923.8759765625,166945,0.0,0.0
2010-01-04 00:00:00+09:00,6091.616115463513,6321.1552734375,6091.616115463513,6321.1552734375,198077,0.0,0.0
2010-01-05 00:00:00+09:00,6356.469491560829,6612.49395719314,6356.469491560829,6603.66552734375,214976,0.0,0.0
2010-01-06 00:00:00+09:00,6621.322397085337,7151.028188852164,6621.322397085337,6886.17529296875,355633,0.0,0.0
2010-01-07 00:00:00+09:00,6983.2869245698175,7230.482921899723,6903.831068285205,6974.45849609375,220201,0.0,0.0
2010-01-08 00:00:00+09:00,7151.027065615111,7151.027065615111,6709.605641811709,6974.45849609375,172739,0.0,0.0
2010-01-11 00:00:00+09:00,7027.429782336778,7027.429782336778,6727.26318359375,6727.26318359375,131213,0.0,0.0
2010-01-12 00:00:00+09:00,6533.037654124149,6533.037654124149,6268.184776254252,6488.8955078125,261864,0.0,0.0
2010-01-13 00:00:00+09:00,6533.038155241936,6974.459652217742,6533.038155241936,6842.033203125,163405,0.0,0.0
2010-01-14 00:00:00+09:00,6842.032400767009,6930.316689809164,6762.576540629069,6780.2333984375,100397,0.0,0.0
2010-01-15 00:00:00+09:00,6780.233940397351,6797.890799617136,6630.150637029181,6665.46435546875,82426,0.0,0.0
2010-01-18 00:00:00+09:00,6506.552499035172,6612.49365234375,6444.753492938502,6612.49365234375,149939,0.0,0.0
2010-01-19 00:00:00+09:00,6797.890245939556,6886.174534847862,6621.321668122944,6709.60595703125,80594,0.0,0.0
2010-01-20 00:00:00+09:00,6789.062559437378,6789.062559437378,6533.038093606839,6744.92041015625,88879,0.0,0.0
2010-01-21 00:00:00+09:00,6621.32275390625,6665.4649055989585,6577.1806022135415,6621.32275390625,60906,0.0,0.0
2010-01-22 00:00:00+09:00,6700.778626953124,6789.062930338541,6612.494323567708,6621.32275390625,90731,0.0,0.0
2010-01-25 00:00:00+09:00,6577.1806022135415,6621.32275390625,6533.038450520833,6621.32275390625,137270,0.0,0.0
2010-01-26 00:00:00+09:00,6718.435487630208,6842.033512369791,6541.866880859375,6621.32275390625,126672,0.0,0.0
2010-01-27 00:00:00+09:00,6621.321954123907,6621.321954123907,6541.86609067442,6559.52294921875,81945,0.0,0.0
2010-01-28 00:00:00+09:00,6577.18023779558,6603.66552734375,6488.895939301679,6603.66552734375,85187,0.0,0.0
2010-01-29 00:00:00+09:00,6603.665204741379,6603.665204741379,6400.611328125,6400.611328125,84944,0.0,0.0
2010-02-01 00:00:00+09:00,6268.1845703125,6329.9835731183975,6224.042425451144,6268.1845703125,139000,0.0,0.0
2010-02-02 00:00:00+09:00,6435.9261978026025,6630.151679766467,6435.9261978026025,6550.69580078125,95730,0.0,0.0
2010-02-03 00:00:00+09:00,6550.694097687668,6700.777385640081,6550.694097687668,6586.0078125,87352,0.0,0.0
2010-02-04 00:00:00+09:00,6630.150107065837,6780.2333984375,6630.150107065837,6780.2333984375,59100,0.0,0.0
2010-02-05 00:00:00+09:00,6533.038938784534,6691.95069675497,6533.038938784534,6550.69580078125,106420,0.0,0.0
2010-02-08 00:00:00+09:00,6656.6361037795605,6665.4645336254225,6533.0380859375,6533.0380859375,123967,0.0,0.0
2010-02-09 00:00:00+09:00,6789.061762152778,6815.547048611112,6674.2921875,6753.748046875,150306,0.0,0.0
2010-02-10 00:00:00+09:00,6797.890670633762,6797.890670633762,6533.0377873623165,6612.49365234375,114973,0.0,0.0
2010-02-11 00:00:00+09:00,6621.321847098215,6709.606138392857,6003.331808035714,6179.900390625,323956,0.0,0.0
2010-02-12 00:00:00+09:00,6179.901247608418,6259.357120791955,5941.533628057808,6056.30322265625,161606,0.0,0.0
2010-02-16 00:00:00+09:00,6056.3023828125,6215.214107142857,6020.988666294643,6179.900390625,133846,0.0,0.0
2010-02-17 00:00:00+09:00,6259.356935592173,6471.2392578125,6179.90106475955,6471.2392578125,195335,0.0,0.0
2010-02-18 00:00:00+09:00,6533.038330078125,6541.866760253906,6321.156005859375,6356.4697265625,97405,0.0,0.0
2010-02-19 00:00:00+09:00,6321.155568222461,6400.611434303469,6091.616399543991,6171.072265625,110557,0.0,0.0
2010-02-22 00:00:00+09:00,6171.072996310455,6356.470039118066,6171.072996310455,6206.38671875,62506,0.0,0.0
2010-02-23 00:00:00+09:00,6303.498836436171,6312.327266179078,6188.729249778369,6224.04296875,102583,0.0,0.0
2010-02-24 00:00:00+09:00,6179.901000626791,6179.901000626791,6056.302980614255,6162.244140625,61019,0.0,0.0
2010-02-25 00:00:00+09:00,6162.243439763652,6179.900297757244,5747.307276914237,5941.53271484375,87822,0.0,0.0
2010-02-26 00:00:00+09:00,6038.645398054755,6135.758116444525,5915.047392831412,6126.9296875,73652,0.0,0.0
2010-03-02 00:00:00+09:00,6259.356244214008,6259.356244214008,5976.846512458228,6109.27294921875,53620,0.0,0.0
2010-03-03 00:00:00+09:00,6250.527972495719,6497.723994006849,6082.787815041738,6444.75341796875,318394,0.0,0.0
2010-03-04 00:00:00+09:00,6488.895609738629,6515.3808979416435,6259.3564453125,6259.3564453125,108502,0.0,0.0
2010-03-05 00:00:00+09:00,6285.84137347028,6427.096235795455,6250.527657888986,6312.32666015625,99861,0.0,0.0
2010-03-08 00:00:00+09:00,6391.782950754916,6418.268239224894,6241.699649425035,6285.841796875,172924,0.0,0.0
2010-03-09 00:00:00+09:00,6285.84137347028,6329.983517946897,6224.042371203016,6312.32666015625,94754,0.0,0.0
2010-03-10 00:00:00+09:00,6312.327697243863,6356.469848972841,6224.043393785907,6338.81298828125,91318,0.0,0.0
2010-03-11 00:00:00+09:00,6435.925185611548,6789.062370007244,6347.640889512624,6665.46435546875,418166,0.0,0.0
2010-03-12 00:00:00+09:00,6709.605923895646,6965.6303604653485,6497.723631562099,6895.0029296875,305715,0.0,0.0
2010-03-15 00:00:00+09:00,6824.3760444485415,6974.459346849091,6753.748608024753,6921.48876953125,220544,0.0,0.0
2010-03-16 00:00:00+09:00,6842.033143654848,6930.317442282652,6780.234134615385,6886.17529296875,171973,0.0,0.0
2010-03-17 00:00:00+09:00,6939.145687078787,6965.630975960767,6665.4643686316585,6877.3466796875,203863,0.0,0.0
2010-03-18 00:00:00+09:00,6824.375958960906,6912.660253384722,6612.49365234375,6612.49365234375,192598,0.0,0.0
2010-03-19 00:00:00+09:00,6674.293151936096,6789.062743173093,6594.837281079715,6683.12158203125,134096,0.0,0.0
2010-03-22 00:00:00+09:00,6683.120836828859,6771.405127936242,6524.2091128355705,6577.1796875,51220,0.0,0.0
2010-03-23 00:00:00+09:00,6577.1806602127135,6762.577698956964,6577.1806602127135,6718.435546875,107414,0.0,0.0
2010-03-24 00:00:00+09:00,6718.4348229806765,6983.287706935236,6718.4348229806765,6824.3759765625,260522,0.0,0.0
2010-03-25 00:00:00+09:00,6753.749142619474,7168.685364453611,6753.749142619474,7089.2294921875,521938,0.0,0.0
2010-03-26 00:00:00+09:00,7115.7150295290985,7142.200321202284,6974.460140605444,7053.916015625,165886,0.0,0.0
2010-03-29 00:00:00+09:00,6930.31689453125,7053.914902841361,6877.346319541202,6930.31689453125,136693,0.0,0.0
2010-03-30 00:00:00+09:00,6956.803099056235,7053.915832672502,6850.861935111216,7045.08740234375,144970,0.0,0.0
2010-03-31 00:00:00+09:00,7062.743657178218,7239.312248607674,7062.743657178218,7133.37109375,222043,0.0,0.0
2010-04-01 00:00:00+09:00,7071.572274502841,7327.596738873106,7062.743844696969,7283.45458984375,272847,0.0,0.0
2010-04-02 00:00:00+09:00,7327.59655879094,7548.307298513559,7256.969122079702,7345.25341796875,435446,0.0,0.0
2010-04-05 00:00:00+09:00,7389.39599609375,7539.479307842369,6621.322577144937,7389.39599609375,260960,0.0,0.0
2010-04-06 00:00:00+09:00,7468.85199055015,7504.165711545659,7265.798094825974,7371.7392578125,230962,0.0,0.0
2010-04-07 00:00:00+09:00,7415.880398220486,7636.591124358,7283.4539625379775,7627.7626953125,371456,0.0,0.0
2010-04-08 00:00:00+09:00,7627.762685643564,8051.527279290429,7627.762685643564,8025.0419921875,574844,0.0,0.0
2010-04-09 00:00:00+09:00,8078.013239350921,8078.013239350921,7821.988776027231,7963.24365234375,187083,0.0,0.0
2010-04-12 00:00:00+09:00,8069.1851806640625,8069.1851806640625,7680.7342529296875,7698.39111328125,139602,0.0,0.0
2010-04-13 00:00:00+09:00,7663.0767973139045,7857.30224609375,7627.763079353932,7857.30224609375,149366,0.0,0.0
2010-04-14 00:00:00+09:00,7927.929799582741,7927.929799582741,7689.562199818004,7769.01806640625,139791,0.0,0.0
2010-04-15 00:00:00+09:00,7954.415952568812,7998.55810546875,7813.161063289011,7998.55810546875,210198,0.0,0.0
2010-04-16 00:00:00+09:00,7998.556244721284,8175.1248152449325,7927.928816511824,8166.29638671875,217747,0.0,0.0
2010-04-19 00:00:00+09:00,8069.184553853581,8122.155130793539,7821.988528133777,7857.30224609375,227927,0.0,0.0
2010-04-20 00:00:00+09:00,7821.988644131747,8007.385666170987,7751.3612071644175,7769.01806640625,172338,0.0,0.0
2010-04-21 00:00:00+09:00,7839.646626984127,8448.80835813492,7839.646626984127,8342.8671875,468004,0.0,0.0
2010-04-22 00:00:00+09:00,8457.63592994977,8916.714289404246,8316.381050117625,8678.3466796875,919292,0.0,0.0
2010-04-23 00:00:00+09:00,8696.002085172806,8960.85494055878,8687.17365665994,8748.97265625,633493,0.0,0.0
2010-04-26 00:00:00+09:00,8872.571982695677,9446.419921875,8731.317105359229,9446.419921875,989724,0.0,0.0
2010-04-27 00:00:00+09:00,9402.27790912829,10152.694455866227,9225.709309895834,10064.41015625,1255277,0.0,0.0
2010-04-28 00:00:00+09:00,9887.84125,10461.6891796875,9622.988359375,9931.9833984375,1755991,0.0,0.0
2010-04-29 00:00:00+09:00,10417.548499723453,10726.543582342367,9755.416179825776,9976.126953125,1083673,0.0,0.0
2010-04-30 00:00:00+09:00,10196.835845947266,10373.404432024276,9402.277208600726,9887.8408203125,979989,0.0,0.0
2010-05-03 00:00:00+09:00,9843.698133680557,10549.972439236111,9799.555989583334,10329.26171875,959877,0.0,0.0
2010-05-04 00:00:00+09:00,10329.262613573788,10461.689057337555,9711.272542676212,10020.267578125,1082174,0.0,0.0
2010-05-06 00:00:00+09:00,9534.70355702765,9799.556433611751,9225.708534346199,9578.845703125,602914,0.0,0.0
2010-05-07 00:00:00+09:00,9049.139539930557,9578.845269097223,8793.115104166667,9534.703125,1106827,0.0,0.0
2010-05-10 00:00:00+09:00,9711.273135729614,10285.12109375,9490.56238264485,10285.12109375,1316431,0.0,0.0
2010-05-11 00:00:00+09:00,10549.973997451718,10858.969051770386,10152.694641899141,10285.12109375,1310451,0.0,0.0
2010-05-12 00:00:00+09:00,10461.688793945312,10770.683821614582,10373.404500325521,10594.115234375,602632,0.0,0.0
2010-05-13 00:00:00+09:00,10814.82648295741,10991.39507859753,10638.257887317288,10947.2529296875,712711,0.0,0.0
2010-05-14 00:00:00+09:00,10814.826786603586,11079.6796875,10505.83173555777,11079.6796875,588454,0.0,0.0
2010-05-17 00:00:00+09:00,10770.68493171752,11212.1064453125,10638.258477639027,11212.1064453125,587013,0.0,0.0
2010-05-18 00:00:00+09:00,11388.674796616735,11565.24339811467,10461.689638752581,10682.400390625,927533,0.0,0.0
2010-05-19 00:00:00+09:00,10505.830086032389,10903.109375,10152.692940283401,10903.109375,546104,0.0,0.0
2010-05-20 00:00:00+09:00,10903.111464587882,10991.39576794487,9269.851852483625,10108.552734375,879151,0.0,0.0
2010-05-24 00:00:00+09:00,9711.271019345239,9931.981724330357,9137.423186383929,9269.849609375,864251,0.0,0.0
2010-05-25 00:00:00+09:00,9578.846028645834,9578.846028645834,7901.444419942876,8210.439453125,2361220,0.0,0.0
2010-05-26 00:00:00+09:00,8387.009204428425,8687.175849639547,7989.729821060762,8572.40625,1432660,0.0,0.0
2010-05-27 00:00:00+09:00,8537.090668402778,9446.418836805557,8263.409375000001,9137.423828125,1423518,0.0,0.0
2010-05-28 00:00:00+09:00,9446.420095058498,9490.562245035406,8916.71429533559,8960.8564453125,566409,0.0,0.0
2010-05-31 00:00:00+09:00,8960.855033647897,9225.707891785272,8872.570747602103,8916.712890625,253905,0.0,0.0
2010-06-01 00:00:00+09:00,9004.997176670793,9402.276463876857,8828.428604579209,8916.712890625,488026,0.0,0.0
2010-06-03 00:00:00+09:00,9137.423615225118,9402.276473637441,9093.2814721564,9313.9921875,572231,0.0,0.0
2010-06-04 00:00:00+09:00,9358.13562353972,9446.419921875,9093.282728533879,9446.419921875,390331,0.0,0.0
2010-06-07 00:00:00+09:00,8916.713639638956,9181.566520024271,8810.77248748483,9093.2822265625,420726,0.0,0.0
2010-06-08 00:00:00+09:00,8960.854622395833,9402.276032366071,8916.71248139881,9269.849609375,308390,0.0,0.0
2010-06-09 00:00:00+09:00,9402.276577148437,9402.276577148437,8819.600282226564,8828.4287109375,410532,0.0,0.0
2010-06-10 00:00:00+09:00,8960.857254182449,8960.857254182449,8387.009252683081,8740.146484375,699032,0.0,0.0
2010-06-11 00:00:00+09:00,8828.428604579209,9004.997176670793,8651.860032487624,8916.712890625,482213,0.0,0.0
2010-06-14 00:00:00+09:00,9004.998779296875,9049.140930175781,8757.802734375,8757.802734375,250158,0.0,0.0
2010-06-15 00:00:00+09:00,8748.974541398591,9004.9990234375,8748.974541398591,9004.9990234375,309506,0.0,0.0
2010-06-16 00:00:00+09:00,9313.9922949686,9578.845156436902,9181.56586423445,9225.7080078125,1071144,0.0,0.0
2010-06-17 00:00:00+09:00,9137.425045220136,9181.567195197045,8828.429995381774,8960.8564453125,591921,0.0,0.0
2010-06-18 00:00:00+09:00,9093.283018501244,9093.283018501244,8828.43011504975,8872.572265625,291555,0.0,0.0
2010-06-21 00:00:00+09:00,9049.140141117681,10108.551669833896,8960.855847057996,9799.556640625,1770768,0.0,0.0
2010-06-22 00:00:00+09:00,9887.841557017544,10549.973804139254,9755.415107593202,10064.41015625,1818588,0.0,0.0
2010-06-23 00:00:00+09:00,9799.555676745129,10417.545674377705,9667.129248681007,10196.8349609375,787073,0.0,0.0
2010-06-24 00:00:00+09:00,10152.694405986287,10461.689453125,9887.84150843882,10461.689453125,550162,0.0,0.0
2010-06-25 00:00:00+09:00,10240.979619565218,10417.548233695652,10020.268851902174,10152.6953125,427109,0.0,0.0
2010-06-28 00:00:00+09:00,10152.694940082098,10461.6900034759,9843.699876688295,10417.5478515625,514887,0.0,0.0
2010-06-29 00:00:00+09:00,10417.546006944445,10461.688151041668,9534.703125,9534.703125,716071,0.0,0.0
2010-06-30 00:00:00+09:00,9137.424435177365,9887.840934684686,9049.140141117681,9799.556640625,750586,0.0,0.0
2010-07-01 00:00:00+09:00,9578.846441070418,9799.55718856052,9358.135693580316,9755.4150390625,374620,0.0,0.0
2010-07-02 00:00:00+09:00,9711.27281688084,9887.841413551401,9313.99347437208,9446.419921875,337418,0.0,0.0
2010-07-05 00:00:00+09:00,9446.419283353365,9534.703575721154,9137.424260066105,9181.56640625,312817,0.0,0.0
2010-07-06 00:00:00+09:00,9181.56586423445,9358.134438546651,8828.428715610049,9225.7080078125,384876,0.0,0.0
2010-07-07 00:00:00+09:00,9313.99296021693,9490.561547140473,9049.140079831614,9093.2822265625,286626,0.0,0.0
2010-07-08 00:00:00+09:00,9313.9922949686,9446.418725702752,9093.281577078349,9225.7080078125,339271,0.0,0.0
2010-07-09 00:00:00+09:00,9269.852201863789,9887.842348654707,9269.852201863789,9843.7001953125,559619,0.0,0.0
2010-07-12 00:00:00+09:00,9931.982756314212,9931.982756314212,9578.845591645262,9667.1298828125,345249,0.0,0.0
2010-07-13 00:00:00+09:00,9711.27237382629,9887.840962441314,9358.135196596244,9402.27734375,436391,0.0,0.0
2010-07-14 00:00:00+09:00,9667.131217590066,10108.552734375,9622.989065911572,10108.552734375,744711,0.0,0.0
2010-07-15 00:00:00+09:00,10108.550675561417,10285.119246313581,9887.839962121212,10196.8349609375,346566,0.0,0.0
2010-07-16 00:00:00+09:00,10196.837109375,10196.837109375,9578.84698153409,9711.2734375,468992,0.0,0.0
2010-07-19 00:00:00+09:00,9402.276692708334,9711.271701388889,9402.276692708334,9534.703125,293251,0.0,0.0
2010-07-20 00:00:00+09:00,9622.987188981042,9622.987188981042,9225.707901362559,9313.9921875,296073,0.0,0.0
2010-07-21 00:00:00+09:00,9446.418616706162,9667.129332049763,9225.707901362559,9313.9921875,449707,0.0,0.0
2010-07-22 00:00:00+09:00,9313.992985604378,9490.5615730092,8590.061777244606,8696.0029296875,867239,0.0,0.0
2010-07-23 00:00:00+09:00,8872.571466174537,8960.855759370303,8298.723560402053,8810.7724609375,722860,0.0,0.0
2010-07-26 00:00:00+09:00,8872.572145358683,9004.99859528941,8810.77313539101,8960.8564453125,203274,0.0,0.0
2010-07-27 00:00:00+09:00,9093.281045386904,9534.702455357143,9004.996763392857,9269.849609375,479721,0.0,0.0
2010-07-28 00:00:00+09:00,9402.278373579546,9711.2734375,9313.994069602273,9711.2734375,648509,0.0,0.0
2010-07-29 00:00:00+09:00,9711.271701388889,9711.271701388889,9358.134548611111,9534.703125,357537,0.0,0.0
2010-07-30 00:00:00+09:00,9446.419921875,9667.130667713202,9225.709176036798,9446.419921875,273361,0.0,0.0
2010-08-02 00:00:00+09:00,9534.704291572398,9976.125786552602,9402.277843078336,9755.4150390625,483732,0.0,0.0
2010-08-03 00:00:00+09:00,9887.840934684686,10196.835963893582,9711.272346565316,9799.556640625,411956,0.0,0.0
2010-08-04 00:00:00+09:00,9843.69933805854,9976.125786552602,9578.846441070418,9755.4150390625,206065,0.0,0.0
2010-08-05 00:00:00+09:00,9931.982421875,10108.550998263889,9534.703125,9534.703125,404787,0.0,0.0
2010-08-06 00:00:00+09:00,9578.846133170871,9667.130429329129,9137.424652379586,9622.98828125,258264,0.0,0.0
2010-08-09 00:00:00+09:00,9622.989133522728,9887.842045454545,9534.704829545455,9711.2734375,164551,0.0,0.0
2010-08-10 00:00:00+09:00,9755.414071712854,9755.414071712854,9313.992620504127,9358.134765625,206428,0.0,0.0
2010-08-11 00:00:00+09:00,9313.993521341463,9490.562118902439,8793.116158536584,9049.140625,617179,0.0,0.0
2010-08-12 00:00:00+09:00,8784.286567382813,9093.281572265625,8563.575849609375,8828.4287109375,448407,0.0,0.0
2010-08-13 00:00:00+09:00,8872.570963541668,9181.565972222223,8828.428819444445,9137.423828125,157068,0.0,0.0
2010-08-16 00:00:00+09:00,9225.7080078125,9446.418725702752,8828.428715610049,9225.7080078125,327047,0.0,0.0
2010-08-17 00:00:00+09:00,9181.56640625,9313.992844801684,9093.282113882211,9181.56640625,127787,0.0,0.0
2010-08-18 00:00:00+09:00,9313.991750372024,9402.276032366071,9181.565327380953,9269.849609375,179543,0.0,0.0
2010-08-19 00:00:00+09:00,9269.850475383255,9358.134765625,9225.708330262381,9358.134765625,133294,0.0,0.0
2010-08-20 00:00:00+09:00,9181.566520024271,9225.708666755158,9004.997933100729,9093.2822265625,172638,0.0,0.0
2010-08-23 00:00:00+09:00,9093.282199163952,9181.56649235972,8775.458743659194,8810.7724609375,349164,0.0,0.0
2010-08-24 00:00:00+09:00,8810.770798360021,8810.770798360021,8475.29054752066,8545.91796875,433059,0.0,0.0
2010-08-25 00:00:00+09:00,8413.492924258751,8598.889935181556,8130.983193328761,8448.806640625,385429,0.0,0.0
2010-08-26 00:00:00+09:00,8563.577959656084,8625.376975859788,8316.38189484127,8342.8671875,208375,0.0,0.0
2010-08-27 00:00:00+09:00,8228.095859976622,8334.037008388339,7989.728276050261,8025.0419921875,420825,0.0,0.0
2010-08-30 00:00:00+09:00,8130.984014565261,8545.920223777603,8122.1555845820185,8395.8369140625,293047,0.0,0.0
2010-08-31 00:00:00+09:00,8210.43938405366,8289.89524906063,8086.841371820593,8113.32666015625,130701,0.0,0.0
2010-09-01 00:00:00+09:00,8139.812740542763,8439.979370888157,8113.327449629935,8387.0087890625,136607,0.0,0.0
2010-09-02 00:00:00+09:00,8554.747997151859,8793.115588403767,8501.7774213181,8669.517578125,228878,0.0,0.0
2010-09-03 00:00:00+09:00,8775.459415409483,9004.99859528941,8634.204535483375,8960.8564453125,214504,0.0,0.0
2010-09-06 00:00:00+09:00,9004.997933100729,9181.566520024271,8960.855786369842,9093.2822265625,233876,0.0,0.0
2010-09-07 00:00:00+09:00,9093.2822265625,9181.566520024271,8960.855786369842,9093.2822265625,208557,0.0,0.0
2010-09-08 00:00:00+09:00,9049.140745266317,9049.140745266317,8819.601565386392,8960.8564453125,169833,0.0,0.0
2010-09-09 00:00:00+09:00,9004.99728515625,9049.139428710938,8819.600282226564,8828.4287109375,137143,0.0,0.0
2010-09-10 00:00:00+09:00,8872.57254971591,9931.984197443182,8872.57254971591,9711.2734375,802824,0.0,0.0
2010-09-13 00:00:00+09:00,9887.84264380531,10108.553417104536,9534.70540652655,9976.126953125,718014,0.0,0.0
2010-09-14 00:00:00+09:00,10064.410962023541,10152.69526870796,9755.415888628082,9843.7001953125,719117,0.0,0.0
2010-09-15 00:00:00+09:00,9887.840610730593,10108.551338648687,9313.99271814355,9667.1298828125,424819,0.0,0.0
2010-09-16 00:00:00+09:00,9667.131285511363,9931.984197443182,9622.989133522728,9711.2734375,300333,0.0,0.0
2010-09-17 00:00:00+09:00,9667.130199535473,9843.698787654843,9578.845905475788,9799.556640625,256113,0.0,0.0
2010-09-20 00:00:00+09:00,9887.841487556561,10020.267936050623,9755.4150390625,9755.4150390625,188088,0.0,0.0
2010-09-24 00:00:00+09:00,9931.984197443182,10064.410653409092,9578.84698153409,9711.2734375,266361,0.0,0.0
2010-09-27 00:00:00+09:00,9843.7001953125,9931.984501996916,9711.273735285873,9843.7001953125,306803,0.0,0.0
2010-09-28 00:00:00+09:00,9931.982421875,10329.26171875,9799.555989583334,10329.26171875,873237,0.0,0.0
2010-09-29 00:00:00+09:00,10417.546760110294,10726.541791130514,10196.83602366728,10505.8310546875,655404,0.0,0.0
2010-09-30 00:00:00+09:00,10549.97265625,10594.114801255231,10240.977641213389,10549.97265625,548882,0.0,0.0
2010-10-01 00:00:00+09:00,10903.11108690239,11300.390438247012,10814.826786603586,11079.6796875,1282755,0.0,0.0
2010-10-04 00:00:00+09:00,11123.8212890625,11256.24773297991,10991.394845145089,11123.8212890625,474592,0.0,0.0
2010-10-05 00:00:00+09:00,10903.110031378073,11035.536469006147,10505.830718493853,10770.68359375,546637,0.0,0.0
2010-10-06 00:00:00+09:00,10858.968401227678,11256.24773297991,10726.541957310268,11123.8212890625,461468,0.0,0.0
2010-10-07 00:00:00+09:00,10991.394307374012,11212.105036437748,10947.252161561264,11167.962890625,343759,0.0,0.0
2010-10-08 00:00:00+09:00,11079.6792578125,11123.821406250001,10726.5420703125,11035.537109375,237900,0.0,0.0
2010-10-11 00:00:00+09:00,11035.536453186758,11388.673619688736,10858.96786993577,11167.962890625,410626,0.0,0.0
2010-10-12 00:00:00+09:00,11256.24719838627,11256.24719838627,10594.115010245901,10770.68359375,374009,0.0,0.0
2010-10-13 00:00:00+09:00,10858.96786993577,11167.962890625,10770.683578310276,11167.962890625,342876,0.0,0.0
2010-10-14 00:00:00+09:00,11388.673942565918,11388.673942565918,11167.963207244873,11300.3896484375,338774,0.0,0.0
2010-10-15 00:00:00+09:00,11300.389312977099,11609.384333253816,11167.962875715648,11565.2421875,323257,0.0,0.0
2010-10-18 00:00:00+09:00,11918.380291913007,13198.502619562922,11785.953844225085,13066.076171875,1964506,0.0,0.0
2010-10-19 00:00:00+09:00,13021.9345703125,13419.213930084747,12757.08166379767,13021.9345703125,1059099,0.0,0.0
2010-10-20 00:00:00+09:00,13066.075822640729,13639.923747283734,12977.791526541805,13330.9287109375,820023,0.0,0.0
2010-10-21 00:00:00+09:00,13507.496865915697,13728.207599018895,12977.791106468023,13286.7861328125,540123,0.0,0.0
2010-10-22 00:00:00+09:00,13375.071778998941,13463.356081170552,12624.655210540255,13021.9345703125,669009,0.0,0.0
2010-10-25 00:00:00+09:00,12933.650390625,13110.218996640358,12712.939633105801,12933.650390625,465050,0.0,0.0
2010-10-26 00:00:00+09:00,12933.650640679065,13021.934945393597,12492.2291171064,12757.08203125,419462,0.0,0.0
2010-10-27 00:00:00+09:00,12801.223556004214,12889.50785639045,11432.816900017557,11785.9541015625,1780445,0.0,0.0
2010-10-28 00:00:00+09:00,12006.66417824074,12183.232769097223,11609.384848813657,11918.3798828125,985491,0.0,0.0
2010-10-29 00:00:00+09:00,12139.08984375,12315.658423295456,11830.094829545455,12139.08984375,502589,0.0,0.0
2010-11-01 00:00:00+09:00,12227.374951358956,12271.517099197796,11300.389846743295,11521.1005859375,754690,0.0,0.0
2010-11-02 00:00:00+09:00,11256.246851622827,11521.099718719835,10770.68326194498,11432.8154296875,875542,0.0,0.0
2010-11-03 00:00:00+09:00,11609.385194720644,12050.806685014204,11521.100896661932,11653.52734375,567887,0.0,0.0
2010-11-04 00:00:00+09:00,12050.805775772602,12271.516504266605,11785.952901579798,11962.521484375,587781,0.0,0.0
2010-11-05 00:00:00+09:00,12139.089183027416,12183.231325511151,11476.957045771374,11874.236328125,436159,0.0,0.0
2010-11-08 00:00:00+09:00,11741.811641808712,12006.664535984848,11565.243045691288,11653.52734375,294478,0.0,0.0
2010-11-09 00:00:00+09:00,11653.526824951172,11697.66897201538,11256.247501373291,11300.3896484375,265323,0.0,0.0
2010-11-10 00:00:00+09:00,11212.105052510246,11476.957927766394,10726.541447873975,10770.68359375,643154,0.0,0.0
2010-11-11 00:00:00+09:00,10903.111385796014,11388.675050750493,10903.111385796014,11212.1064453125,480854,0.0,0.0
2010-11-12 00:00:00+09:00,11256.247436523438,11300.389583333334,10417.546647135416,10594.115234375,674686,0.0,0.0
2010-11-15 00:00:00+09:00,10461.688907398897,10814.82608570772,10329.262465533087,10505.8310546875,414064,0.0,0.0
2010-11-16 00:00:00+09:00,10461.68969621781,10638.258298685623,10196.836792516095,10285.12109375,231487,0.0,0.0
2010-11-17 00:00:00+09:00,10152.693551485656,10858.96788550205,10108.55140560963,10770.68359375,286362,0.0,0.0
2010-11-18 00:00:00+09:00,11123.821060180664,11476.958236694336,11079.678913116455,11300.3896484375,386923,0.0,0.0
2010-11-19 00:00:00+09:00,11476.960089631784,11476.960089631784,11079.68070191376,11388.67578125,264594,0.0,0.0
2010-11-22 00:00:00+09:00,11476.95851795709,11962.522147562966,11212.105629081158,11830.095703125,553014,0.0,0.0
2010-11-23 00:00:00+09:00,11697.668624761449,11962.52149928435,11344.531458730915,11565.2421875,312632,0.0,0.0
2010-11-24 00:00:00+09:00,10903.110739147618,11432.816524045478,10682.399995440175,11344.5322265625,393457,0.0,0.0
2010-11-25 00:00:00+09:00,11476.959038844621,11476.959038844621,11079.6796875,11079.6796875,167869,0.0,0.0
2010-11-26 00:00:00+09:00,11035.536702473959,11256.247436523438,10594.115234375,10594.115234375,259736,0.0,0.0
2010-11-29 00:00:00+09:00,10594.116089876032,10858.968992122933,10461.689638752581,10682.400390625,217198,0.0,0.0
2010-11-30 00:00:00+09:00,10814.826288419496,10903.110584651491,10594.115547839507,10726.5419921875,109925,0.0,0.0
2010-12-01 00:00:00+09:00,10814.826220516044,11565.24273377634,10726.541924838362,11521.1005859375,397430,0.0,0.0
2010-12-02 00:00:00+09:00,11565.24443543632,11741.813052771226,11432.817972435141,11697.6708984375,344665,0.0,0.0
2010-12-03 00:00:00+09:00,11962.523824439859,11962.523824439859,11565.24443543632,11697.6708984375,222953,0.0,0.0
2010-12-06 00:00:00+09:00,11830.096183894231,11874.238333834135,11300.390384615384,11476.958984375,242512,0.0,0.0
2010-12-07 00:00:00+09:00,11521.102243822676,11609.386552204458,11344.533627059109,11388.67578125,151910,0.0,0.0
2010-12-08 00:00:00+09:00,11344.533627059109,11697.67086058624,11344.533627059109,11388.67578125,145161,0.0,0.0
2010-12-09 00:00:00+09:00,11476.960089631784,11609.386552204458,11256.249318677326,11388.67578125,164437,0.0,0.0
2010-12-10 00:00:00+09:00,11388.674110243057,11918.3798828125,11344.531962528936,11918.3798828125,498046,0.0,0.0
2010-12-13 00:00:00+09:00,12094.948473668983,12094.948473668983,11697.669144241898,11918.3798828125,277856,0.0,0.0
2010-12-14 00:00:00+09:00,11830.09430197011,12227.373588230299,11785.95215905231,12183.2314453125,390614,0.0,0.0
2010-12-15 00:00:00+09:00,12315.660531850961,12315.660531850961,11785.954702524037,12050.8076171875,293744,0.0,0.0
2010-12-16 00:00:00+09:00,11918.379797409696,12006.664092205323,11609.384765625,11609.384765625,270806,0.0,0.0
2010-12-17 00:00:00+09:00,11741.810786190712,11830.095077816206,11167.962890625,11167.962890625,377268,0.0,0.0
2010-12-20 00:00:00+09:00,10947.25141189759,11079.677840267319,10638.256412368222,10991.3935546875,319698,0.0,0.0
2010-12-21 00:00:00+09:00,11300.38988095238,11432.816324869791,11123.8212890625,11123.8212890625,333400,0.0,0.0
2010-12-22 00:00:00+09:00,11785.954033954327,12271.517683293268,11432.816834435096,11476.958984375,1331673,0.0,0.0
2010-12-23 00:00:00+09:00,11565.243284254808,11741.811884014423,11476.958984375,11476.958984375,272375,0.0,0.0
2010-12-24 00:00:00+09:00,11521.100383758545,11653.526824951172,11256.247501373291,11300.3896484375,166002,0.0,0.0
2010-12-27 00:00:00+09:00,11123.819983057228,11388.672839796687,10991.3935546875,10991.3935546875,176921,0.0,0.0
2010-12-28 00:00:00+09:00,10991.395688515011,11432.81720210999,10991.395688515011,11212.1064453125,225731,0.0,0.0
2010-12-29 00:00:00+09:00,11364.225928463153,11990.6005859375,11364.225928463153,11990.6005859375,419336,170.0,0.0
2010-12-30 00:00:00+09:00,11901.118968087456,12795.939943131625,11901.118968087456,12661.716796875,983617,0.0,0.0
2011-01-03 00:00:00+09:00,12840.679382114477,13198.607727260525,12795.93833897122,13019.6435546875,731907,0.0,0.0
2011-01-04 00:00:00+09:00,13064.384127869896,13288.089335538902,12706.45579559949,13153.8662109375,609238,0.0,0.0
2011-01-05 00:00:00+09:00,13153.86702085111,13288.090153716937,12930.161799408064,13109.1259765625,472564,0.0,0.0
2011-01-06 00:00:00+09:00,12840.679733225334,13377.572265625,12348.528245192307,13377.572265625,1189899,0.0,0.0
2011-01-07 00:00:00+09:00,13377.571899833549,13377.571899833549,12840.679382114477,13019.6435546875,621774,0.0,0.0
2011-01-10 00:00:00+09:00,12885.421080508475,13243.349443855932,12572.233762579448,13198.6083984375,475458,0.0,0.0
2011-01-11 00:00:00+09:00,13198.608065139719,13288.090153716937,12930.161799408064,13109.1259765625,390141,0.0,0.0
2011-01-12 00:00:00+09:00,13243.348499792359,13824.982048769725,13243.348499792359,13467.0537109375,521474,0.0,0.0
2011-01-13 00:00:00+09:00,13467.054354358277,13646.018531824831,13198.608088158444,13377.572265625,264646,0.0,0.0
2011-01-14 00:00:00+09:00,13601.276837624584,13735.49996431167,13422.312668708471,13467.0537109375,327492,0.0,0.0
2011-01-17 00:00:00+09:00,13959.205315667228,14093.42844370249,13198.60759013408,13243.3486328125,652360,0.0,0.0
2011-01-18 00:00:00+09:00,13109.124955765463,13332.830159788764,12616.973506914199,12840.6787109375,620621,0.0,0.0
2011-01-19 00:00:00+09:00,12930.161266917914,12974.902309363997,12616.973969795334,12706.4560546875,294866,0.0,0.0
2011-01-20 00:00:00+09:00,12661.716138832886,12661.716138832886,12214.305674563171,12482.751953125,762064,0.0,0.0
2011-01-21 00:00:00+09:00,12438.009729721967,12482.75077191521,11990.599307789522,12169.5634765625,467642,0.0,0.0
2011-01-24 00:00:00+09:00,12124.823571285486,12303.787756839514,11990.600432119963,12214.3056640625,247593,0.0,0.0
2011-01-25 00:00:00+09:00,12303.787254050925,12348.52829861111,12080.08203125,12080.08203125,218421,0.0,0.0
2011-01-26 00:00:00+09:00,12080.081262691787,12438.009596401173,12035.340220978114,12393.2685546875,196622,0.0,0.0
2011-01-27 00:00:00+09:00,12348.527425130209,12930.160963270398,12303.786383734809,12885.419921875,399604,0.0,0.0
2011-01-28 00:00:00+09:00,13198.608706825657,13243.349753289473,12751.1982421875,12751.1982421875,393960,0.0,0.0
2011-01-31 00:00:00+09:00,12527.491639760146,12706.455806042435,12080.081224054427,12124.822265625,311919,0.0,0.0
2011-02-01 00:00:00+09:00,12259.045092329547,12482.750294744319,12259.045092329547,12303.7861328125,151559,0.0,0.0
2011-02-07 00:00:00+09:00,12348.528177824734,12616.974442560053,12303.787133702179,12572.2333984375,174837,0.0,0.0
2011-02-08 00:00:00+09:00,12840.678880479602,13109.125128851996,12795.937839084201,12885.419921875,387137,0.0,0.0
2011-02-09 00:00:00+09:00,12885.419921875,13019.643046061197,12616.973673502604,12885.419921875,273862,0.0,0.0
2011-02-10 00:00:00+09:00,12974.904134677767,13064.386232158304,12751.198890976426,12930.1630859375,378251,0.0,0.0
2011-02-11 00:00:00+09:00,12885.419836956522,13198.607124660326,12348.52734375,12348.52734375,342017,0.0,0.0
2011-02-14 00:00:00+09:00,12527.491918103447,13019.643386314654,12214.304620150862,12974.90234375,422678,0.0,0.0
2011-02-15 00:00:00+09:00,12885.420425257733,13153.866684117269,12706.456252684708,13019.6435546875,449553,0.0,0.0
2011-02-16 00:00:00+09:00,12930.160667941995,13511.794192797517,12706.455466074485,13064.3837890625,770678,0.0,0.0
2011-02-17 00:00:00+09:00,13109.124589326366,13646.017063974545,12885.419391556292,13511.7939453125,1086848,0.0,0.0
2011-02-18 00:00:00+09:00,13735.500475431743,13959.205694901315,13422.313168174342,13601.27734375,903504,0.0,0.0
2011-02-21 00:00:00+09:00,13735.499868539664,13959.205078125,13422.312575120193,13959.205078125,574128,0.0,0.0
2011-02-22 00:00:00+09:00,13735.499527030706,13780.240567835366,12706.45558852352,12840.6787109375,884193,0.0,0.0
2011-02-23 00:00:00+09:00,12572.233231026785,13064.384709821428,12438.010100446429,12527.4921875,526515,0.0,0.0
2011-02-24 00:00:00+09:00,12348.527985287408,12661.715289262089,12169.563811587592,12259.0458984375,389222,0.0,0.0
2011-02-25 00:00:00+09:00,12482.750264206978,13064.3837890625,12438.009223833476,13064.3837890625,371986,0.0,0.0
2011-02-28 00:00:00+09:00,13198.6072524713,13377.571418606505,12840.678920200891,13153.8662109375,518291,0.0,0.0
2011-03-02 00:00:00+09:00,13019.643086336097,13332.830377072703,12974.902044802295,13153.8662109375,349543,0.0,0.0
2011-03-03 00:00:00+09:00,13422.31186620447,13511.7939453125,13288.088747542426,13511.7939453125,373496,0.0,0.0
2011-03-04 00:00:00+09:00,13601.27765625,13690.75974609375,13332.83138671875,13422.3134765625,297516,0.0,0.0
2011-03-07 00:00:00+09:00,13467.054670948093,13601.277807203389,13109.126307600634,13198.6083984375,333809,0.0,0.0
2011-03-08 00:00:00+09:00,13153.865240655145,13914.462890625,13109.124202421624,13914.462890625,644502,0.0,0.0
2011-03-09 00:00:00+09:00,14182.909120026126,14272.391196493169,13646.016661223875,13914.462890625,934125,0.0,0.0
2011-03-10 00:00:00+09:00,13690.759599129098,13780.241688012295,13288.090199154713,13646.0185546875,491046,0.0,0.0
2011-03-11 00:00:00+09:00,13332.83140573938,13780.241855596405,13243.349315767975,13690.759765625,339647,0.0,0.0
2011-03-14 00:00:00+09:00,13690.759059596705,13735.500102275126,12527.49194995777,13243.3486328125,493858,0.0,0.0
2011-03-15 00:00:00+09:00,13243.348253038195,13601.276584201389,12438.009507921008,12885.419921875,522002,0.0,0.0
2011-03-16 00:00:00+09:00,12840.68033511513,13109.126613898026,12438.010916940788,12751.1982421875,364385,0.0,0.0
2011-03-17 00:00:00+09:00,12348.527512973827,12527.49167982852,12214.304387832806,12393.2685546875,376074,0.0,0.0
2011-03-18 00:00:00+09:00,12661.715318080356,12706.456361607143,12438.010100446429,12527.4921875,220676,0.0,0.0
2011-03-21 00:00:00+09:00,12616.974166398197,13019.6435546875,12616.974166398197,13019.6435546875,322594,0.0,0.0
2011-03-22 00:00:00+09:00,13109.125222106273,13109.125222106273,12348.527512973827,12393.2685546875,701325,0.0,0.0
2011-03-23 00:00:00+09:00,12482.751310192392,12616.974442560053,12259.046089579626,12572.2333984375,398980,0.0,0.0
2011-03-24 00:00:00+09:00,12661.716138832886,12706.457185259856,12438.01090669803,12482.751953125,422664,0.0,0.0
2011-03-25 00:00:00+09:00,12616.974609375,12840.67983294548,12527.492519946809,12616.974609375,406309,0.0,0.0
2011-03-28 00:00:00+09:00,12795.939943131625,12840.680991883833,12572.234699370583,12661.716796875,286096,0.0,0.0
2011-03-29 00:00:00+09:00,12616.975744755622,12930.1630859375,12482.752598534818,12930.1630859375,334861,0.0,0.0
2011-03-30 00:00:00+09:00,12974.904134677767,13109.127280898572,12840.680988456963,12930.1630859375,354995,0.0,0.0
2011-03-31 00:00:00+09:00,13064.385056515957,13064.385056515957,12572.233564660904,12616.974609375,466939,0.0,0.0
2011-04-01 00:00:00+09:00,12706.455756293402,12930.160963270398,12661.714714898004,12885.419921875,322594,0.0,0.0
2011-04-04 00:00:00+09:00,13109.126795826343,13601.27831375839,13019.64470165688,13332.83203125,834411,0.0,0.0
2011-04-05 00:00:00+09:00,13511.796219588927,13556.537266673658,13243.349937080537,13332.83203125,450504,0.0,0.0
2011-04-06 00:00:00+09:00,13377.571377224393,13422.312418619791,12885.419921875,12885.419921875,584992,0.0,0.0
2011-04-07 00:00:00+09:00,13153.865795173268,13601.276196369638,13109.124755053632,13556.53515625,926796,0.0,0.0
2011-04-08 00:00:00+09:00,13780.241855596405,14003.947080524918,13646.018720639298,13690.759765625,962615,0.0,0.0
2011-04-11 00:00:00+09:00,13646.017494684533,14227.651027244858,13511.794371785996,14138.1689453125,943251,0.0,0.0
2011-04-12 00:00:00+09:00,14138.170215482027,14227.652305453432,13646.018720639298,13690.759765625,699898,0.0,0.0
2011-04-13 00:00:00+09:00,13869.723258119335,14809.28515625,13824.982215351209,14809.28515625,1740752,0.0,0.0
2011-04-14 00:00:00+09:00,14764.544280638178,14988.249497011484,14540.839064264872,14854.0263671875,1016810,0.0,0.0
2011-04-15 00:00:00+09:00,15032.991477272728,15122.473569399352,12974.90335836039,13780.2421875,1157741,0.0,0.0
2011-04-18 00:00:00+09:00,14272.393243275928,14540.839511174536,13959.205930727554,14451.357421875,994566,0.0,0.0
2011-04-19 00:00:00+09:00,14317.133451257861,14451.356577363404,13780.240946835691,14227.6513671875,703779,0.0,0.0
2011-04-20 00:00:00+09:00,14585.58138800524,14943.509765625,14182.911963183009,14943.509765625,894969,0.0,0.0
2011-04-21 00:00:00+09:00,15256.698214522841,16106.778173689801,15032.992962110482,15793.5908203125,1617805,0.0,0.0
2011-04-22 00:00:00+09:00,15838.32854959239,15927.810631793478,15167.212933084238,15435.6591796875,831155,0.0,0.0
2011-04-25 00:00:00+09:00,15211.954471982757,15569.8828125,14854.026131465516,15569.8828125,689228,0.0,0.0
2011-04-26 00:00:00+09:00,15704.106871448865,15748.847916666668,14675.062831439394,14764.544921875,707079,0.0,0.0
2011-04-27 00:00:00+09:00,14943.506600009558,15032.988675458717,14496.096222763763,14630.3193359375,521700,0.0,0.0
2011-04-28 00:00:00+09:00,14764.544046336207,14854.026131465516,13914.464237607757,14272.392578125,574133,0.0,0.0
2011-04-29 00:00:00+09:00,14272.39237154447,14272.39237154447,13601.276742788463,13959.205078125,548814,0.0,0.0
2011-05-02 00:00:00+09:00,13959.204538918711,14585.5791015625,13959.204538918711,14585.5791015625,282689,0.0,0.0
2011-05-03 00:00:00+09:00,14406.616015624999,14451.357059151786,14003.946623883929,14093.4287109375,269120,0.0,0.0
2011-05-04 00:00:00+09:00,14138.168081792604,14182.909120026126,13646.016661223875,13914.462890625,348334,0.0,0.0
2011-05-06 00:00:00+09:00,13735.498737690918,14003.944967092042,13646.016661223875,13914.462890625,245913,0.0,0.0
2011-05-09 00:00:00+09:00,13824.983067615023,14138.17038629886,13735.5009765625,13735.5009765625,130910,0.0,0.0
2011-05-11 00:00:00+09:00,13824.982285031847,14093.428542993632,13735.500199044587,14048.6875,148965,0.0,0.0
2011-05-12 00:00:00+09:00,13780.240946835691,14406.615535328223,13780.240946835691,14227.6513671875,202053,0.0,0.0
2011-05-13 00:00:00+09:00,14317.133152173912,14719.802522078804,14003.945864470108,14406.615234375,386044,0.0,0.0
2011-05-16 00:00:00+09:00,14496.097961425781,14540.839004516602,14093.428573608398,14317.1337890625,221842,0.0,0.0
2011-05-17 00:00:00+09:00,14227.650158259647,14496.096387660773,13869.72185239148,13914.462890625,230774,0.0,0.0
2011-05-18 00:00:00+09:00,14093.429170496323,14272.393350439135,13601.277675653595,13690.759765625,243897,0.0,0.0
2011-05-19 00:00:00+09:00,13690.759059596705,13824.982187631967,13243.3486328125,13243.3486328125,492973,0.0,0.0
2011-05-20 00:00:00+09:00,13288.089335538902,13422.312460140305,12930.161003268495,13153.8662109375,186395,0.0,0.0
2011-05-23 00:00:00+09:00,13153.867638221154,13153.867638221154,11945.859385731457,12214.3056640625,685099,0.0,0.0
2011-05-24 00:00:00+09:00,12035.340313674811,12214.304481907895,11766.894061325187,11901.1171875,562573,0.0,0.0
2011-05-25 00:00:00+09:00,11990.599750475285,12124.822882010456,11632.671399714829,11766.89453125,319114,0.0,0.0
2011-05-26 00:00:00+09:00,11901.118359375,12885.421381578946,11901.118359375,12751.1982421875,331973,0.0,0.0
2011-05-27 00:00:00+09:00,12661.714425700984,13243.347950556506,12527.491304580479,13064.3837890625,284616,0.0,0.0
2011-05-30 00:00:00+09:00,12885.419836956522,13064.384001358696,12259.045261548912,12348.52734375,197190,0.0,0.0
2011-05-31 00:00:00+09:00,12348.528803228022,12482.751942393545,12124.823571285486,12214.3056640625,304603,0.0,0.0
2011-06-01 00:00:00+09:00,12438.010072137318,12572.23320241218,12169.563811587592,12259.0458984375,267505,0.0,0.0
2011-06-02 00:00:00+09:00,11901.116722815987,12393.268166240707,11811.634642193309,12035.33984375,219768,0.0,0.0
2011-06-03 00:00:00+09:00,12259.04542954648,12616.973763255866,12169.563346119134,12393.2685546875,209091,0.0,0.0
2011-06-07 00:00:00+09:00,12124.822882010456,12303.787057390684,11722.153487404943,11766.89453125,236643,0.0,0.0
2011-06-08 00:00:00+09:00,11856.375682504648,12035.33984375,10916.813835966543,12035.33984375,484457,0.0,0.0
2011-06-09 00:00:00+09:00,11856.376534598214,12616.974274553571,11856.376534598214,12527.4921875,234582,0.0,0.0
2011-06-10 00:00:00+09:00,12482.750734257519,12527.491776315788,11856.376145441729,11901.1171875,220048,0.0,0.0
2011-06-13 00:00:00+09:00,11677.411450195314,11901.116650390626,10558.885449218751,10737.849609375,520974,0.0,0.0
2011-06-14 00:00:00+09:00,10603.626319789488,11006.295673705545,10469.40320181747,10693.1083984375,399713,0.0,0.0
2011-06-15 00:00:00+09:00,10916.814736912393,11051.037868923611,10379.922208867521,10469.404296875,474619,0.0,0.0
2011-06-16 00:00:00+09:00,10245.700356657608,10424.664555027173,10111.477207880434,10290.44140625,246638,0.0,0.0
2011-06-17 00:00:00+09:00,10469.402185388513,10558.8842553491,9843.027695664414,9932.509765625,394618,0.0,0.0
2011-06-20 00:00:00+09:00,9932.511662946428,10066.734793526784,9261.396010044642,9395.619140625,554074,0.0,0.0
2011-06-21 00:00:00+09:00,9529.841875,10111.475416666666,9485.100833333332,10066.734375,422951,0.0,0.0
2011-06-22 00:00:00+09:00,10290.439622226731,10648.367956912878,10200.957538555194,10335.1806640625,474678,0.0,0.0
2011-06-23 00:00:00+09:00,10245.697010487049,10424.661150408221,9843.027695664414,9932.509765625,344890,0.0,0.0
2011-06-24 00:00:00+09:00,10066.736142497419,11095.780281508265,10021.995092975207,10827.333984375,852297,0.0,0.0
2011-06-27 00:00:00+09:00,10558.887703804347,10648.36980298913,10245.700356657608,10290.44140625,387849,0.0,0.0
2011-06-28 00:00:00+09:00,10648.367956912878,10872.07316609172,10290.439622226731,10335.1806640625,444092,0.0,0.0
2011-06-29 00:00:00+09:00,10648.368987911523,10916.815264917695,10514.145849408436,10872.07421875,426382,0.0,0.0
2011-06-30 00:00:00+09:00,11051.037804748297,11498.4482421875,11006.296761004378,11498.4482421875,442720,0.0,0.0
2011-07-01 00:00:00+09:00,11722.153653231535,12348.528275923296,11722.153653231535,11811.6357421875,502707,0.0,0.0
2011-07-04 00:00:00+09:00,12124.822882010456,12303.787057390684,11722.153487404943,11766.89453125,266165,0.0,0.0
2011-07-05 00:00:00+09:00,11990.600442428315,12482.751953125,11856.377303147401,12482.751953125,458118,0.0,0.0
2011-07-06 00:00:00+09:00,12616.973763255866,12616.973763255866,12214.304387832806,12393.2685546875,243917,0.0,0.0
2011-07-07 00:00:00+09:00,12393.27000859958,12438.011055562034,11945.859538975046,11990.6005859375,353830,0.0,0.0
2011-07-08 00:00:00+09:00,12035.340313674811,12303.786566024435,11901.1171875,11901.1171875,260856,0.0,0.0
2011-07-11 00:00:00+09:00,11856.376145441729,12080.081355733082,11766.894061325187,11901.1171875,173720,0.0,0.0
2011-07-12 00:00:00+09:00,11677.412443559886,11856.376618940114,11498.448268179658,11766.89453125,348152,0.0,0.0
2011-07-13 00:00:00+09:00,11856.375891644022,12348.52734375,11811.634850543478,12348.52734375,457203,0.0,0.0
2011-07-14 00:00:00+09:00,12214.304051846591,12348.527173295455,11901.11676846591,12303.7861328125,256694,0.0,0.0
2011-07-15 00:00:00+09:00,12438.009596401173,12751.196888396886,12393.2685546875,12393.2685546875,351245,0.0,0.0
2011-07-18 00:00:00+09:00,12661.715012241417,12751.197097133583,12438.009800011003,12706.4560546875,348808,0.0,0.0
2011-07-19 00:00:00+09:00,12616.97393491457,12795.938104204137,12259.045596335432,12438.009765625,349802,0.0,0.0
2011-07-20 00:00:00+09:00,12840.678880479602,13064.384087456598,12661.714714898004,12885.419921875,542162,0.0,0.0
2011-07-21 00:00:00+09:00,12795.938139579664,12885.42022447183,12393.268757564922,12706.4560546875,252667,0.0,0.0
2011-07-22 00:00:00+09:00,12795.938104204137,12930.161231171314,12393.268723302608,12438.009765625,229724,0.0,0.0
2011-07-25 00:00:00+09:00,12438.009765625,12751.197061881745,12303.786638657824,12438.009765625,204662,0.0,0.0
2011-07-26 00:00:00+09:00,12572.23344509919,13109.1259765625,12482.75135652197,13109.1259765625,637805,0.0,0.0
2011-07-27 00:00:00+09:00,12974.90279554048,13019.643839663033,12572.2333984375,12572.2333984375,419350,0.0,0.0
2011-07-28 00:00:00+09:00,12214.304004995354,12482.750246863383,12035.33984375,12035.33984375,437405,0.0,0.0
2011-07-29 00:00:00+09:00,12080.081427045863,12482.750807947392,12035.340384723471,12438.009765625,408171,0.0,0.0
2011-08-01 00:00:00+09:00,12527.49240081058,13109.1259765625,12393.269267944754,13109.1259765625,744279,0.0,0.0
2011-08-02 00:00:00+09:00,12974.902004665799,13064.384087456598,12572.232632107205,12885.419921875,501560,0.0,0.0
2011-08-03 00:00:00+09:00,12795.938173491379,13153.86651400862,12527.491918103447,12974.90234375,762057,0.0,0.0
2011-08-04 00:00:00+09:00,13019.643839663033,13467.054280888568,12169.56400133452,12572.2333984375,1234434,0.0,0.0
2011-08-05 00:00:00+09:00,11632.671171875,11945.85847265625,10737.8503125,11185.2607421875,962754,0.0,0.0
2011-08-08 00:00:00+09:00,10827.332083333333,11453.706666666667,9529.841875,10066.734375,1357736,0.0,0.0
2011-08-09 00:00:00+09:00,9350.878097098213,9440.360184151785,8590.280357142858,9395.619140625,1294003,0.0,0.0
2011-08-10 00:00:00+09:00,10111.47604046659,10335.181262600807,9708.806640625,9708.806640625,704670,0.0,0.0
2011-08-11 00:00:00+09:00,9127.172534496753,10469.403789569806,8948.20836715368,10335.1806640625,708290,0.0,0.0
2011-08-12 00:00:00+09:00,10782.592126414609,11051.038403420782,10424.663757073045,10872.07421875,1150158,0.0,0.0
2011-08-16 00:00:00+09:00,11364.224268353175,11543.188430059525,11185.260106646825,11274.7421875,578981,0.0,0.0
2011-08-17 00:00:00+09:00,11230.002611825981,11587.930981924019,10961.556334252451,11408.966796875,384367,0.0,0.0
2011-08-18 00:00:00+09:00,11722.152591765873,11766.893632192461,10603.62658110119,11274.7421875,680899,0.0,0.0
2011-08-19 00:00:00+09:00,10558.88462611607,10693.107735770089,9977.251150948661,10021.9921875,781830,0.0,0.0
2011-08-22 00:00:00+09:00,9932.511862759216,10290.440218173962,9529.842462917626,9708.806640625,382522,0.0,0.0
2011-08-23 00:00:00+09:00,9798.289852853548,10558.8876953125,9708.80775374073,10558.8876953125,424217,0.0,0.0
2011-08-24 00:00:00+09:00,10648.368271613435,10782.591401087555,10066.73471055892,10156.216796875,378469,0.0,0.0
2011-08-25 00:00:00+09:00,10514.146321614582,10872.07470703125,10156.217936197916,10200.958984375,309690,0.0,0.0
2011-08-26 00:00:00+09:00,10021.995108695652,10290.44140625,10021.995108695652,10290.44140625,142992,0.0,0.0
2011-08-29 00:00:00+09:00,10648.366800037957,11140.5182067624,10469.402652138158,11051.0361328125,544941,0.0,0.0
2011-08-30 00:00:00+09:00,11095.7779296875,11185.260009765625,10648.367529296875,10737.849609375,376516,0.0,0.0
2011-08-31 00:00:00+09:00,11095.780281508265,11185.262380552687,10827.333984375,10827.333984375,221858,0.0,0.0
2011-09-01 00:00:00+09:00,10916.81442029937,11051.037548417804,10558.88607865021,10648.3681640625,290737,0.0,0.0
2011-09-02 00:00:00+09:00,10603.62665731976,10872.07290180887,10469.403535075207,10782.5908203125,148059,0.0,0.0
2011-09-05 00:00:00+09:00,10514.146321614582,10603.62841796875,10200.958984375,10200.958984375,200230,0.0,0.0
2011-09-06 00:00:00+09:00,9932.513026806193,10200.959324827982,9708.807778454702,9753.548828125,227057,0.0,0.0
2011-09-07 00:00:00+09:00,10156.216826213787,10469.404129224786,9932.51160977736,10424.6630859375,237541,0.0,0.0
2011-09-08 00:00:00+09:00,10514.145486490175,10872.073843477074,10245.69921875,10245.69921875,231643,0.0,0.0
2011-09-09 00:00:00+09:00,10200.957704741379,10827.33230064655,10156.216662176723,10379.921875,227070,0.0,0.0
2011-09-14 00:00:00+09:00,10603.62691507711,10693.108998748647,10335.1806640625,10335.1806640625,349169,0.0,0.0
2011-09-15 00:00:00+09:00,10693.109345661213,10872.073518810354,10200.957869501073,10424.6630859375,362627,0.0,0.0
2011-09-16 00:00:00+09:00,10737.849609375,10782.590649414064,10603.626489257813,10737.849609375,480936,0.0,0.0
2011-09-19 00:00:00+09:00,10737.85188533058,11140.521331030475,10603.628736763947,10827.333984375,908203,0.0,0.0
2011-09-20 00:00:00+09:00,10827.331783234127,11408.965308779761,10648.367621527777,11274.7421875,857246,0.0,0.0
2011-09-21 00:00:00+09:00,11274.743479082661,11408.966615738407,11051.038251323083,11095.779296875,458280,0.0,0.0
2011-09-22 00:00:00+09:00,10782.590649414064,11006.295849609376,10469.403369140626,10737.849609375,527409,0.0,0.0
2011-09-23 00:00:00+09:00,10245.700032552082,10782.592610677082,10200.958984375,10200.958984375,573689,0.0,0.0
2011-09-26 00:00:00+09:00,10379.921079282407,10514.14419668692,9619.323413990161,9664.064453125,648129,0.0,0.0
2011-09-27 00:00:00+09:00,10021.993534482757,10424.662917564654,10021.993534482757,10379.921875,375989,0.0,0.0
2011-09-28 00:00:00+09:00,10558.88462611607,10603.625662667411,9977.251150948661,10021.9921875,351578,0.0,0.0
2011-09-29 00:00:00+09:00,9843.02968082265,10469.404296875,9753.547592815172,10469.404296875,421328,0.0,0.0
2011-09-30 00:00:00+09:00,10514.146321614582,10514.146321614582,10066.73583984375,10200.958984375,254871,0.0,0.0
2011-10-04 00:00:00+09:00,9529.842163638292,9887.7705078125,9395.619034572963,9887.7705078125,375925,0.0,0.0
2011-10-05 00:00:00+09:00,10021.992149758455,10111.474222524155,9171.9124584843,9261.39453125,401490,0.0,0.0
2011-10-06 00:00:00+09:00,9529.841335720486,9887.769648799189,9440.35925745081,9664.064453125,381079,0.0,0.0
2011-10-07 00:00:00+09:00,9932.513334831307,10245.700692235896,9887.772283773507,10111.4775390625,324366,0.0,0.0
2011-10-10 00:00:00+09:00,10245.698747306034,10558.88604525862,10200.957704741379,10379.921875,413900,0.0,0.0
2011-10-11 00:00:00+09:00,10648.369466145832,10648.369466145832,10200.958984375,10200.958984375,291173,0.0,0.0
2011-10-12 00:00:00+09:00,10111.477199748411,10603.628744868909,10066.736150192002,10558.8876953125,346894,0.0,0.0
2011-10-13 00:00:00+09:00,10782.591432235784,10782.591432235784,10335.18099936293,10424.6630859375,366815,0.0,0.0
2011-10-14 00:00:00+09:00,10335.180969507159,10335.180969507159,9843.029494768722,10156.216796875,345756,0.0,0.0
2011-10-17 00:00:00+09:00,10335.180969507159,10335.180969507159,10111.475753716959,10156.216796875,238252,0.0,0.0
2011-10-18 00:00:00+09:00,9887.770208333333,10111.475416666666,9708.806041666667,10066.734375,251708,0.0,0.0
2011-10-19 00:00:00+09:00,10200.957808964931,10200.957808964931,9753.547378747171,9887.7705078125,306824,0.0,0.0
2011-10-20 00:00:00+09:00,9887.772283773507,10693.111202813883,9843.031232715708,10111.4775390625,1061387,0.0,0.0
2011-10-21 00:00:00+09:00,10469.404236077335,11543.18928593142,10335.181104845575,11498.4482421875,1721999,0.0,0.0
2011-10-24 00:00:00+09:00,11901.117959486166,12124.823184288538,11185.261240118576,11319.484375,1691649,0.0,0.0
2011-10-25 00:00:00+09:00,11498.447389632936,11811.634672619048,11051.036985367064,11274.7421875,1069161,0.0,0.0
2011-10-26 00:00:00+09:00,11274.74263269761,12169.5634765625,11230.001590504366,12169.5634765625,1869802,0.0,0.0
2011-10-27 00:00:00+09:00,12169.564098011364,12259.046186967329,11632.671564275568,11811.6357421875,1057095,0.0,0.0
2011-10-28 00:00:00+09:00,11945.85779389881,11990.598834325398,10916.813864087302,11274.7421875,1206990,0.0,0.0
2011-10-31 00:00:00+09:00,11230.000280712298,11408.964428612095,10961.5540588626,11051.0361328125,562122,0.0,0.0
2011-11-01 00:00:00+09:00,11006.296404367471,11408.96578501506,11006.296404367471,11140.51953125,584597,0.0,0.0
2011-11-02 00:00:00+09:00,10603.627941743827,10916.815264917695,10245.699572402264,10872.07421875,932213,0.0,0.0
2011-11-03 00:00:00+09:00,11006.29650571166,11051.037548417804,10603.627121356354,10648.3681640625,430945,0.0,0.0
2011-11-04 00:00:00+09:00,10961.555717260457,11498.4482421875,10916.814673516537,11498.4482421875,687983,0.0,0.0
2011-11-07 00:00:00+09:00,11453.708661417324,11498.449710875984,11230.003414124016,11364.2265625,461374,0.0,0.0
2011-11-08 00:00:00+09:00,11453.706967213115,11498.448010053791,10872.073410284323,10916.814453125,377799,0.0,0.0
2011-11-09 00:00:00+09:00,11051.036701202393,11453.7060546875,10872.0725440979,11453.7060546875,690330,0.0,0.0
2011-11-10 00:00:00+09:00,11006.297688137754,11140.52083067602,10648.369308035713,10961.556640625,523206,0.0,0.0
2011-11-11 00:00:00+09:00,11230.001979723978,11811.635548394941,11095.778848492218,11498.4482421875,1209261,0.0,0.0
2011-11-14 00:00:00+09:00,11722.152290344238,11722.152290344238,11364.223976135254,11453.7060546875,679726,0.0,0.0
2011-11-15 00:00:00+09:00,11319.482354662197,11543.187539536944,11051.0361328125,11051.0361328125,340938,0.0,0.0
2011-11-16 00:00:00+09:00,11230.000280712298,11364.223391637146,10916.813021887652,11051.0361328125,441886,0.0,0.0
2011-11-17 00:00:00+09:00,11140.518779754639,11453.7060546875,10916.813583374023,11453.7060546875,295222,0.0,0.0
2011-11-18 00:00:00+09:00,11095.779296875,11230.002433530746,10961.556160219254,11095.779296875,248460,0.0,0.0
2011-11-21 00:00:00+09:00,11051.036889648438,11095.7779296875,10737.849609375,10737.849609375,283702,0.0,0.0
2011-11-22 00:00:00+09:00,10558.887216757968,11230.0029296875,10558.887216757968,11230.0029296875,370919,0.0,0.0
2011-11-23 00:00:00+09:00,11185.261878188776,11498.44921077806,10961.556640625,10961.556640625,530618,0.0,0.0
2011-11-24 00:00:00+09:00,10872.074069115422,11140.520342426915,10693.109886907761,11095.779296875,399533,0.0,0.0
2011-11-25 00:00:00+09:00,11095.7779296875,11230.001049804689,10558.885449218751,10737.849609375,327700,0.0,0.0
2011-11-28 00:00:00+09:00,10872.072555733524,10961.554634381539,10693.1083984375,10693.1083984375,225531,0.0,0.0
2011-11-29 00:00:00+09:00,10827.331861060684,10916.813942557053,10693.10873881613,10782.5908203125,312942,0.0,0.0
2011-11-30 00:00:00+09:00,10737.851893538134,10961.55714132018,10558.8876953125,10558.8876953125,307658,0.0,0.0
2011-12-01 00:00:00+09:00,10916.81376953125,11095.7779296875,10737.849609375,10737.849609375,442881,0.0,0.0
2011-12-02 00:00:00+09:00,10782.590649414064,11006.295849609376,10737.849609375,10737.849609375,201035,0.0,0.0
2011-12-05 00:00:00+09:00,10961.5540588626,11051.0361328125,10782.589910962804,11051.0361328125,205416,0.0,0.0
2011-12-06 00:00:00+09:00,11095.778105549793,11230.001227794346,10737.849779564314,10782.5908203125,353019,0.0,0.0
2011-12-07 00:00:00+09:00,10827.333498086735,11006.297688137754,10693.11035554847,10961.556640625,317331,0.0,0.0
2011-12-08 00:00:00+09:00,11051.037064801607,11140.519146297976,10737.849779564314,10782.5908203125,354772,0.0,0.0
2011-12-09 00:00:00+09:00,10603.6275757369,10603.6275757369,10200.958174126637,10245.69921875,536168,0.0,0.0
2011-12-12 00:00:00+09:00,10424.662785139768,10603.626953125,10290.439659150845,10603.626953125,334621,0.0,0.0
2011-12-13 00:00:00+09:00,10424.664555027173,10558.887703804347,10200.959307065217,10290.44140625,211809,0.0,0.0
2011-12-14 00:00:00+09:00,10290.439622226731,10469.403789569806,10111.475454883657,10335.1806640625,210607,0.0,0.0
2011-12-15 00:00:00+09:00,10200.957808964931,10335.18093803026,9843.029464790723,9887.7705078125,317067,0.0,0.0
2011-12-16 00:00:00+09:00,9932.511550834275,10111.47572292138,9798.288421768948,9887.7705078125,193175,0.0,0.0
2011-12-19 00:00:00+09:00,9798.289018773321,9887.771110268968,8679.762875077737,8992.9501953125,526390,0.0,0.0
2011-12-20 00:00:00+09:00,9216.653494867149,9395.61764039855,9082.430385718599,9261.39453125,197809,0.0,0.0
2011-12-21 00:00:00+09:00,9619.325358072916,10469.4052734375,9619.325358072916,10200.958984375,563295,0.0,0.0
2011-12-22 00:00:00+09:00,10200.957704741379,10514.145002693966,9977.252491918103,10379.921875,229411,0.0,0.0
2011-12-23 00:00:00+09:00,10603.627477134145,11095.778963414634,10514.145388719511,11006.296875,909913,0.0,0.0
2011-12-26 00:00:00+09:00,10961.555495965677,11006.296538806353,10827.332367443649,10916.814453125,320956,0.0,0.0
2011-12-27 00:00:00+09:00,11006.296875,11051.037919207316,9708.806592987805,11006.296875,420175,0.0,0.0
2011-12-28 00:00:00+09:00,11188.218845663265,11188.218845663265,10733.413201530613,11142.73828125,278494,200.0,0.0
2011-12-29 00:00:00+09:00,11006.296588010204,11279.179974489796,10824.374330357143,11142.73828125,221974,0.0,0.0
2012-01-02 00:00:00+09:00,11233.699410076531,11461.102232142857,11051.777152423469,11142.73828125,245325,0.0,0.0
2012-01-03 00:00:00+09:00,11142.73886963912,11324.661136898536,10824.374901935147,10869.85546875,331348,0.0,0.0
2012-01-04 00:00:00+09:00,10915.334683641975,11415.620856642232,10687.931877732766,11051.7763671875,1194507,0.0,0.0
2012-01-05 00:00:00+09:00,11188.220098586311,11552.064654637898,11142.739529079861,11461.103515625,759468,0.0,0.0
2012-01-06 00:00:00+09:00,11461.103515625,11643.025793650795,11279.181237599207,11461.103515625,459400,0.0,0.0
2012-01-09 00:00:00+09:00,11688.504978179932,11779.466106414795,11415.621593475342,11643.0244140625,414025,0.0,0.0
2012-01-10 00:00:00+09:00,11643.025490196078,11733.986626838236,11415.622648590686,11597.544921875,317596,0.0,0.0
2012-01-11 00:00:00+09:00,11597.543004770749,11643.02356557377,11097.2568359375,11097.2568359375,275673,0.0,0.0
2012-01-12 00:00:00+09:00,11233.699410076531,11324.660538903061,10824.374330357143,11142.73828125,194194,0.0,0.0
2012-01-13 00:00:00+09:00,11233.7001953125,11415.622465681934,11006.297357350708,11233.7001953125,138301,0.0,0.0
2012-01-16 00:00:00+09:00,11097.258104253111,11188.219236255187,10869.855274247924,10960.81640625,203076,0.0,0.0
2012-01-17 00:00:00+09:00,11142.7378125,11461.10175,11051.7766875,11370.140625,322340,0.0,0.0
2012-01-18 00:00:00+09:00,11552.06435355392,11824.947763480392,11415.622648590686,11597.544921875,875936,0.0,0.0
2012-01-19 00:00:00+09:00,11870.427234649658,11961.388362884521,11506.582721710205,11643.0244140625,521420,0.0,0.0
2012-01-20 00:00:00+09:00,11733.985542297363,11733.985542297363,11279.179901123047,11643.0244140625,370638,0.0,0.0
2012-01-25 00:00:00+09:00,11643.024,11643.024,11097.25725,11370.140625,450239,0.0,0.0
2012-01-26 00:00:00+09:00,11279.179974489796,11461.102232142857,11097.257716836735,11142.73828125,257011,0.0,0.0
2012-01-27 00:00:00+09:00,11142.73828125,11233.699410076531,11006.296588010204,11142.73828125,259921,0.0,0.0
2012-01-30 00:00:00+09:00,11188.220098586311,11461.103515625,11051.778390066966,11461.103515625,305729,0.0,0.0
2012-01-31 00:00:00+09:00,11506.582796556122,11506.582796556122,11006.296588010204,11142.73828125,358235,0.0,0.0
2012-02-01 00:00:00+09:00,11142.737489551182,11142.737489551182,11006.295806005657,11051.7763671875,292863,0.0,0.0
2012-02-02 00:00:00+09:00,11233.699806243774,11461.10263632968,11051.77754217505,11415.6220703125,492488,0.0,0.0
2012-02-03 00:00:00+09:00,11461.10175,11597.5434375,11188.218375,11370.140625,344847,0.0,0.0
2012-02-06 00:00:00+09:00,11461.102157592773,11688.504978179932,11233.699337005615,11643.0244140625,616920,0.0,0.0
2012-02-07 00:00:00+09:00,12006.868879738267,12870.999594567917,12006.868879738267,12598.1162109375,1993855,0.0,0.0
2012-02-08 00:00:00+09:00,12643.598494269032,13143.884765625,12507.156783899221,13143.884765625,1254776,0.0,0.0
2012-02-09 00:00:00+09:00,13189.36385893486,13234.84442396567,12734.55820862676,12916.48046875,595123,0.0,0.0
2012-02-10 00:00:00+09:00,12916.481915008651,13371.28761624135,12598.117924145761,13143.884765625,694348,0.0,0.0
2012-02-13 00:00:00+09:00,13098.402534965035,13462.247049825175,12961.960841892484,13007.44140625,384089,0.0,0.0
2012-02-14 00:00:00+09:00,13007.440936426117,13325.804875429554,12734.557560137458,13234.84375,519468,0.0,0.0
2012-02-15 00:00:00+09:00,13280.325098656143,13553.208491094283,13098.402837030717,13325.8056640625,438871,0.0,0.0
2012-02-16 00:00:00+09:00,13098.40272887324,13280.324988996479,12825.51933868838,12916.48046875,264598,0.0,0.0
2012-02-17 00:00:00+09:00,13189.3642578125,13780.61162109375,13143.88369140625,13644.169921875,1025616,0.0,0.0
2012-02-20 00:00:00+09:00,13553.208692379569,13735.130956706811,13325.805861970515,13689.650390625,379124,0.0,0.0
2012-02-21 00:00:00+09:00,13644.169714095744,13644.169714095744,12689.077834109043,12825.51953125,663686,0.0,0.0
2012-02-22 00:00:00+09:00,12825.518776939654,13325.80497036638,12825.518776939654,13189.36328125,555644,0.0,0.0
2012-02-23 00:00:00+09:00,13143.883491245568,13280.325188386525,12780.038965536347,12825.51953125,198286,0.0,0.0
2012-02-24 00:00:00+09:00,12916.479868861607,13052.921557617186,12643.596491350447,12734.5576171875,269156,0.0,0.0
2012-02-27 00:00:00+09:00,12780.03955785779,13052.922964787138,12279.753311820652,12552.63671875,444800,0.0,0.0
2012-02-28 00:00:00+09:00,13007.441800888271,13280.3251953125,12643.597274989297,13280.3251953125,492478,0.0,0.0
2012-02-29 00:00:00+09:00,13462.246563573884,13598.688251718213,13143.882624570448,13234.84375,409683,0.0,0.0
2012-03-02 00:00:00+09:00,13325.80576104987,13325.80576104987,12961.961235150899,13280.3251953125,248948,0.0,0.0
2012-03-05 00:00:00+09:00,13325.805554027289,13371.286119058099,12825.51933868838,12916.48046875,177875,0.0,0.0
2012-03-06 00:00:00+09:00,12825.518838205646,13098.402217741936,12461.67433215726,12689.0771484375,166761,0.0,0.0
2012-03-07 00:00:00+09:00,12370.713391245488,12689.077338814306,12234.271699430281,12598.1162109375,187765,0.0,0.0
2012-03-08 00:00:00+09:00,12689.07736280488,13052.921875,12598.116234756098,13052.921875,235392,0.0,0.0
2012-03-09 00:00:00+09:00,13052.922261484098,13234.844522968198,12871.0,12871.0,171197,0.0,0.0
2012-03-12 00:00:00+09:00,12961.960431780133,12961.960431780133,12734.5576171875,12734.5576171875,130152,0.0,0.0
2012-03-13 00:00:00+09:00,12780.04020463884,13280.32647599481,12689.079064392301,13143.884765625,377214,0.0,0.0
2012-03-14 00:00:00+09:00,13234.844729806893,13780.61152278862,13189.364163725082,13689.650390625,793985,0.0,0.0
2012-03-15 00:00:00+09:00,13780.609465542218,13917.051143418874,13462.24555049669,13735.12890625,395708,0.0,0.0
2012-03-16 00:00:00+09:00,13780.61021205357,13826.090773809525,13143.882347470239,13371.28515625,856260,0.0,0.0
2012-03-19 00:00:00+09:00,13644.168120449029,14053.4931640625,13416.765318441545,14053.4931640625,1083993,0.0,0.0
2012-03-20 00:00:00+09:00,14053.494407860007,14053.494407860007,13371.285941459037,13462.2470703125,682281,0.0,0.0
2012-03-21 00:00:00+09:00,13462.247948232323,13780.61191998106,13416.767380839647,13507.728515625,313648,0.0,0.0
2012-03-22 00:00:00+09:00,13735.129650297618,14189.935267857143,13098.401785714286,13371.28515625,977757,0.0,0.0
2012-03-23 00:00:00+09:00,13371.285941459037,13553.208199165963,13234.844248178842,13462.2470703125,215050,0.0,0.0
2012-03-26 00:00:00+09:00,13644.169307255244,13644.169307255244,12734.558020104896,13007.44140625,427947,0.0,0.0
2012-03-27 00:00:00+09:00,13052.921970607518,13143.883099322553,12598.116327032343,13007.44140625,419093,0.0,0.0
2012-03-28 00:00:00+09:00,13052.921461437945,13052.921461437945,12780.0380859375,12780.0380859375,212035,0.0,0.0
2012-03-29 00:00:00+09:00,12689.077455747378,13098.402534965035,12552.635762674825,13007.44140625,287966,0.0,0.0
2012-03-30 00:00:00+09:00,12916.48018292683,13189.363567073171,12825.51905487805,13052.921875,194324,0.0,0.0
2012-04-02 00:00:00+09:00,13189.36396784343,13416.766794875213,13098.402837030717,13325.8056640625,232216,0.0,0.0
2012-04-03 00:00:00+09:00,13325.805162217881,13371.285725911457,12961.96065266927,13098.40234375,198376,0.0,0.0
2012-04-04 00:00:00+09:00,13189.363957597172,13189.363957597172,12507.155477031802,12871.0,303636,0.0,0.0
2012-04-05 00:00:00+09:00,12598.116087045242,12825.518904500932,11961.38819816931,12188.791015625,728417,0.0,0.0
2012-04-06 00:00:00+09:00,12370.714743589742,12507.156450320512,12143.311899038461,12416.1953125,495252,0.0,0.0
2012-04-09 00:00:00+09:00,12325.23349609375,12325.23349609375,11824.947265625,11824.947265625,253407,0.0,0.0
2012-04-10 00:00:00+09:00,11870.428129559825,12097.830967290856,11142.739048820526,11688.505859375,816157,0.0,0.0
2012-04-12 00:00:00+09:00,11779.467502170139,12006.870349702382,11188.220098586311,11461.103515625,570100,0.0,0.0
2012-04-13 00:00:00+09:00,11688.50379370934,12234.2705078125,11552.06211518355,12234.2705078125,539202,0.0,0.0
2012-04-16 00:00:00+09:00,12006.868393841913,12416.193452722886,11915.907269646139,12370.712890625,315467,0.0,0.0
2012-04-17 00:00:00+09:00,12416.193215110085,12416.193215110085,11733.984796697443,12006.8681640625,566258,0.0,0.0
2012-04-18 00:00:00+09:00,12279.753031491313,12279.753031491313,11415.622262608591,11779.466796875,520807,0.0,0.0
2012-04-19 00:00:00+09:00,11688.50556640625,12097.8306640625,11506.58330078125,11824.947265625,412464,0.0,0.0
2012-04-20 00:00:00+09:00,11733.985657429244,12143.310738502358,11733.985657429244,12052.349609375,302078,0.0,0.0
2012-04-23 00:00:00+09:00,11961.388168453246,12052.349295209544,11688.504788184351,11733.9853515625,200301,0.0,0.0
2012-04-24 00:00:00+09:00,11506.58388441191,11643.025590551182,11324.661609559547,11552.064453125,312515,0.0,0.0
2012-04-25 00:00:00+09:00,11733.984494092989,11733.984494092989,11188.2177734375,11188.2177734375,357291,0.0,0.0
2012-04-26 00:00:00+09:00,11370.140200755635,11415.620761558657,10415.048423892162,11097.2568359375,1058697,0.0,0.0
2012-04-27 00:00:00+09:00,11097.257716836735,11233.699410076531,10733.413201530613,11142.73828125,386690,0.0,0.0
2012-04-30 00:00:00+09:00,11188.2193359375,11279.18046875,10869.85537109375,10915.3359375,205329,0.0,0.0
2012-05-02 00:00:00+09:00,11051.777080535889,11643.0244140625,11051.777080535889,11643.0244140625,413588,0.0,0.0
2012-05-03 00:00:00+09:00,11597.54502183809,11688.506159264272,11461.10331569882,11552.064453125,188242,0.0,0.0
2012-05-04 00:00:00+09:00,11461.102640086207,11961.388866439176,11415.622074054118,11870.427734375,280549,0.0,0.0
2012-05-07 00:00:00+09:00,11643.024900398406,11643.024900398406,11324.660938278137,11415.6220703125,204076,0.0,0.0
2012-05-08 00:00:00+09:00,11552.063772150383,11915.908300407087,11552.063772150383,11870.427734375,369612,0.0,0.0
2012-05-09 00:00:00+09:00,11824.947763480392,12052.350605085783,11461.103216911764,11597.544921875,312467,0.0,0.0
2012-05-10 00:00:00+09:00,11506.583202346863,11643.024900398406,11233.699806243774,11415.6220703125,321375,0.0,0.0
2012-05-11 00:00:00+09:00,11415.622266409388,11552.063966804719,11188.219432417169,11324.6611328125,323774,0.0,0.0
2012-05-14 00:00:00+09:00,11370.140844537305,11733.9853515625,11233.699154402859,11733.9853515625,346285,0.0,0.0
2012-05-15 00:00:00+09:00,11506.58408513145,11597.545224144345,11415.622946118552,11461.103515625,350270,0.0,0.0
2012-05-16 00:00:00+09:00,11415.62134404543,11506.582470292804,10824.3740234375,10824.3740234375,244834,0.0,0.0
2012-05-17 00:00:00+09:00,10824.374901935147,11051.777736009415,10596.97206786088,10869.85546875,221330,0.0,0.0
2012-05-18 00:00:00+09:00,10596.97098335598,10642.451545516304,10051.204237432066,10460.529296875,479427,0.0,0.0
2012-05-21 00:00:00+09:00,10415.048828125,10596.971078397926,9869.282077306223,10415.048828125,559510,0.0,0.0
2012-05-22 00:00:00+09:00,10551.491018963676,10687.932713174412,10187.646501068377,10642.4521484375,504052,0.0,0.0
2012-05-23 00:00:00+09:00,10551.491705671806,10596.972273368669,10187.647164096916,10324.0888671875,349151,0.0,0.0
2012-05-24 00:00:00+09:00,10324.089902253745,10324.089902253745,9869.2841796875,9869.2841796875,422157,0.0,0.0
2012-05-25 00:00:00+09:00,9914.763971656977,9960.244540334303,9641.880559593024,9778.322265625,379586,0.0,0.0
2012-05-29 00:00:00+09:00,9778.322339739118,10187.6474609375,9732.841770717076,10187.6474609375,466180,0.0,0.0
2012-05-30 00:00:00+09:00,10187.645786199095,10187.645786199095,9869.281855380374,10051.2041015625,393168,0.0,0.0
2012-05-31 00:00:00+09:00,9778.320642419763,10096.6845703125,9778.320642419763,10096.6845703125,178547,0.0,0.0
2012-06-01 00:00:00+09:00,10233.128757740495,10324.089902253745,9869.2841796875,9869.2841796875,247037,0.0,0.0
2012-06-04 00:00:00+09:00,9505.439187229269,9550.919757503094,9059.729598545791,9187.0751953125,566282,0.0,0.0
2012-06-05 00:00:00+09:00,9278.036335860148,9323.516906133973,9059.729598545791,9187.0751953125,453301,0.0,0.0
2012-06-07 00:00:00+09:00,9505.437314869669,9641.878998815166,9414.476192239337,9596.3984375,368892,0.0,0.0
2012-06-08 00:00:00+09:00,9550.918251811594,9641.879378019325,9368.995999396135,9414.4765625,228358,0.0,0.0
2012-06-11 00:00:00+09:00,9641.879503038193,9869.282321506076,9550.918375651041,9823.8017578125,304046,0.0,0.0
2012-06-12 00:00:00+09:00,9596.39772402968,10005.72274543379,9550.917166095891,9960.2421875,222189,0.0,0.0
2012-06-13 00:00:00+09:00,10187.647262168142,10324.088966572179,9914.763853360068,10278.6083984375,404975,0.0,0.0
2012-06-14 00:00:00+09:00,10187.647066885964,10415.049903200383,10096.685932360197,10369.5693359375,243502,0.0,0.0
2012-06-15 00:00:00+09:00,10369.570474510369,10415.051046766994,9641.881318404377,9869.2841796875,384416,0.0,0.0
2012-06-18 00:00:00+09:00,10142.165224653563,10142.165224653563,9960.242978471437,10051.2041015625,216334,0.0,0.0
2012-06-19 00:00:00+09:00,10005.725896457374,10096.687040970623,9823.803607430875,9869.2841796875,335515,0.0,0.0
2012-06-20 00:00:00+09:00,10051.203798204788,10778.892760970744,10005.723238031915,10687.931640625,922242,0.0,0.0
2012-06-21 00:00:00+09:00,10687.931640625,10915.334441489362,10642.451080452129,10687.931640625,378392,0.0,0.0
2012-06-22 00:00:00+09:00,10506.01026632018,10915.335341631357,10415.049138473252,10733.4130859375,356435,0.0,0.0
2012-06-25 00:00:00+09:00,10824.373507913091,10824.373507913091,10506.009581209764,10596.970703125,150451,0.0,0.0
2012-06-26 00:00:00+09:00,10460.529702396716,10733.4130859375,10278.607446702861,10733.4130859375,251841,0.0,0.0
2012-06-27 00:00:00+09:00,10824.37379415761,10824.37379415761,10460.529296875,10460.529296875,189563,0.0,0.0
2012-06-28 00:00:00+09:00,10596.97098335598,10687.93210767663,10460.529296875,10460.529296875,134960,0.0,0.0
2012-06-29 00:00:00+09:00,10369.568172554347,10596.97098335598,10278.607048233696,10460.529296875,243725,0.0,0.0
2012-07-02 00:00:00+09:00,10596.972273368669,10642.45284106553,10324.0888671875,10324.0888671875,182036,0.0,0.0
2012-07-03 00:00:00+09:00,10415.048550309806,10596.970795730063,10369.567988954741,10551.490234375,245400,0.0,0.0
2012-07-04 00:00:00+09:00,10551.489960106383,10824.373321143617,10460.528839760638,10687.931640625,268627,0.0,0.0
2012-07-05 00:00:00+09:00,10687.931918440194,10824.373602505388,10551.490234375,10551.490234375,166747,0.0,0.0
2012-07-06 00:00:00+09:00,10596.970795730063,10687.931918440194,10460.52911166487,10551.490234375,169734,0.0,0.0
2012-07-09 00:00:00+09:00,10460.530875069755,10551.492013113839,10096.686322893414,10187.6474609375,369925,0.0,0.0
2012-07-10 00:00:00+09:00,10187.64678030303,10506.0107421875,10187.64678030303,10506.0107421875,215064,0.0,0.0
2012-07-11 00:00:00+09:00,10460.530367416319,10869.85546875,10415.049800601464,10869.85546875,366835,0.0,0.0
2012-07-12 00:00:00+09:00,10824.373321143617,10869.85388131649,10642.451080452129,10687.931640625,218780,0.0,0.0
2012-07-13 00:00:00+09:00,10733.41376830544,10869.85546875,10369.569233786611,10869.85546875,481386,0.0,0.0
2012-07-16 00:00:00+09:00,10869.854777707893,10915.335341631357,10687.932522014036,10733.4130859375,222772,0.0,0.0
2012-07-17 00:00:00+09:00,10687.933006121482,10687.933006121482,10460.530176204004,10506.0107421875,337544,0.0,0.0
2012-07-18 00:00:00+09:00,10506.010213216145,10551.490776909723,9641.879503038193,9823.8017578125,714022,0.0,0.0
2012-07-19 00:00:00+09:00,9960.243448893229,10005.724012586805,9641.879503038193,9823.8017578125,402715,0.0,0.0
2012-07-20 00:00:00+09:00,9869.2841796875,10005.725896457374,9732.842462917626,9869.2841796875,200537,0.0,0.0
2012-07-23 00:00:00+09:00,9823.801339285714,9914.762462797618,9505.437406994048,9550.91796875,226379,0.0,0.0
2012-07-24 00:00:00+09:00,9414.476192239337,9732.840121445499,9278.03450829384,9596.3984375,226190,0.0,0.0
2012-07-25 00:00:00+09:00,9368.99609375,9550.918347997573,9278.034966626214,9368.99609375,247391,0.0,0.0
2012-07-26 00:00:00+09:00,9368.99618902439,9505.437881097561,9232.55449695122,9323.515625,179125,0.0,0.0
2012-07-27 00:00:00+09:00,9550.91815655048,9641.879281850961,9368.99590594952,9459.95703125,384001,0.0,0.0
2012-07-30 00:00:00+09:00,9641.879092261905,9823.801339285714,9550.91796875,9550.91796875,200879,0.0,0.0
2012-07-31 00:00:00+09:00,9687.36006673177,9869.282321506076,9459.957248263889,9823.8017578125,314563,0.0,0.0
2012-08-01 00:00:00+09:00,9778.323035174251,9960.245324200749,9732.842462917626,9869.2841796875,233469,0.0,0.0
2012-08-02 00:00:00+09:00,9823.802834302325,9914.763971656977,9687.36112827035,9778.322265625,123163,0.0,0.0
2012-08-03 00:00:00+09:00,9687.3602557316,9732.8408203125,9550.918561988903,9732.8408203125,183116,0.0,0.0
2012-08-06 00:00:00+09:00,9914.762271521226,9914.762271521226,9596.398345371463,9641.87890625,218134,0.0,0.0
2012-08-07 00:00:00+09:00,9687.359375,9778.320495892018,9596.39825410798,9687.359375,129946,0.0,0.0
2012-08-08 00:00:00+09:00,9732.841402666285,9960.244239177178,9687.360835364105,9914.763671875,248595,0.0,0.0
2012-08-09 00:00:00+09:00,9960.24404296875,10096.6857421875,9869.28291015625,10005.724609375,269453,0.0,0.0
2012-08-10 00:00:00+09:00,10005.725109011628,10051.205677688953,9778.322265625,9778.322265625,214163,0.0,0.0
2012-08-13 00:00:00+09:00,9869.283104572822,9960.244239177178,9823.802537270642,9914.763671875,108398,0.0,0.0
2012-08-14 00:00:00+09:00,9914.76162956621,10142.16441923516,9914.76162956621,9960.2421875,187984,0.0,0.0
2012-08-16 00:00:00+09:00,10051.204009184967,10096.6845703125,9914.762325802365,10096.6845703125,215821,0.0,0.0
2012-08-17 00:00:00+09:00,10233.126347744626,10324.08747083569,9960.242978471437,10051.2041015625,212780,0.0,0.0
2012-08-20 00:00:00+09:00,10051.20517578125,10051.20517578125,9823.80234375,10005.724609375,202320,0.0,0.0
2012-08-21 00:00:00+09:00,10005.723540016968,10187.645786199095,10005.723540016968,10051.2041015625,223508,0.0,0.0
2012-08-22 00:00:00+09:00,10278.6083984375,10506.011239110896,10187.647262168142,10278.6083984375,569091,0.0,0.0
2012-08-23 00:00:00+09:00,10233.127634148848,10369.5693359375,10142.166499623081,10369.5693359375,243015,0.0,0.0
2012-08-24 00:00:00+09:00,10278.606814822635,10278.606814822635,10051.204009184967,10096.6845703125,260904,0.0,0.0
2012-08-27 00:00:00+09:00,9778.320682760665,9914.762366706162,9505.437314869669,9596.3984375,467255,0.0,0.0
2012-08-28 00:00:00+09:00,9641.879691150702,9823.8019494743,9641.879691150702,9732.8408203125,231823,0.0,0.0
2012-08-29 00:00:00+09:00,9869.281764674832,10096.6845703125,9732.84008129223,10096.6845703125,300914,0.0,0.0
2012-08-30 00:00:00+09:00,10187.6474609375,10369.56973702567,10051.205753871373,10187.6474609375,365835,0.0,0.0
2012-08-31 00:00:00+09:00,10187.646388888888,10278.607517361112,10005.724131944444,10233.126953125,396018,0.0,0.0
2012-09-03 00:00:00+09:00,10233.12553510274,10233.12553510274,9914.76162956621,9960.2421875,399597,0.0,0.0
2012-09-04 00:00:00+09:00,9960.242832399765,9960.242832399765,9596.398345371463,9641.87890625,525365,0.0,0.0
2012-09-05 00:00:00+09:00,9641.880177183015,9732.841310930024,9459.957909688996,9505.4384765625,245059,0.0,0.0
2012-09-06 00:00:00+09:00,9596.39961030951,9641.880177183015,9459.957909688996,9505.4384765625,192813,0.0,0.0
2012-09-07 00:00:00+09:00,9732.839935446009,9778.320495892018,9550.917693661971,9687.359375,401600,0.0,0.0
2012-09-10 00:00:00+09:00,9869.283104572822,10005.724806479358,9823.802537270642,9914.763671875,443992,0.0,0.0
2012-09-11 00:00:00+09:00,10005.723448057433,10142.165131440035,9960.242886929898,10096.6845703125,422641,0.0,0.0
2012-09-12 00:00:00+09:00,10096.684620824353,10642.451357085129,10005.723498114223,10551.490234375,797272,0.0,0.0
2012-09-13 00:00:00+09:00,10733.41292842742,11279.1796875,10687.932365171371,11279.1796875,1006044,0.0,0.0
2012-09-14 00:00:00+09:00,11415.620761558657,11415.620761558657,10869.854031922387,11097.2568359375,661800,0.0,0.0
2012-09-17 00:00:00+09:00,11279.178893546748,11461.101133765245,11051.77609327363,11188.2177734375,531435,0.0,0.0
2012-09-18 00:00:00+09:00,11188.2177734375,11279.178893546748,11006.295533219005,11188.2177734375,302969,0.0,0.0
2012-09-19 00:00:00+09:00,11324.659639952613,11324.659639952613,10824.373471119365,11097.2568359375,394934,0.0,0.0
2012-09-20 00:00:00+09:00,11006.2970703125,11142.73876953125,10733.413671875,10915.3359375,452270,0.0,0.0
2012-09-21 00:00:00+09:00,11233.700472133367,11733.986727977363,11188.219903420277,11552.064453125,1335939,0.0,0.0
2012-09-24 00:00:00+09:00,11415.622946118552,11552.064654637898,11051.778390066966,11461.103515625,464946,0.0,0.0
2012-09-25 00:00:00+09:00,11506.583400006275,11961.389067990714,11279.180566014056,11324.6611328125,833169,0.0,0.0
2012-09-26 00:00:00+09:00,11279.179974489796,11461.102232142857,11051.777152423469,11142.73828125,276160,0.0,0.0
2012-09-27 00:00:00+09:00,11142.737997731856,11279.1796875,10187.646169354839,11279.1796875,734560,0.0,0.0
2012-09-28 00:00:00+09:00,11142.739529079861,11461.103515625,11006.297820560516,11461.103515625,363005,0.0,0.0
2012-10-02 00:00:00+09:00,11415.621187499999,11506.5823125,11188.218375,11370.140625,260668,0.0,0.0
2012-10-04 00:00:00+09:00,11461.101971293605,11733.9853515625,11233.699154402859,11733.9853515625,404114,0.0,0.0
2012-10-05 00:00:00+09:00,11688.505663308397,11870.427930441601,11461.102829391892,11779.466796875,654343,0.0,0.0
2012-10-08 00:00:00+09:00,11824.946249999999,11870.4268125,11370.140625,11370.140625,430001,0.0,0.0
2012-10-09 00:00:00+09:00,11370.141898089576,11415.622465681934,11142.739060127784,11233.7001953125,367857,0.0,0.0
2012-10-10 00:00:00+09:00,11233.698611914866,11461.101417824073,10960.815244823816,11051.7763671875,346270,0.0,0.0
2012-10-11 00:00:00+09:00,10915.335341631357,11142.738161248677,10551.490830243645,10733.4130859375,490044,0.0,0.0
2012-10-12 00:00:00+09:00,10778.893842648236,10824.37440738515,10551.491018963676,10642.4521484375,297083,0.0,0.0
2012-10-15 00:00:00+09:00,10687.931918440194,11006.295847925647,10415.048550309806,10551.490234375,446235,0.0,0.0
2012-10-16 00:00:00+09:00,10687.93210767663,10778.893231997283,10369.568172554347,10460.529296875,411476,0.0,0.0
2012-10-17 00:00:00+09:00,10551.491807245575,10596.972375380255,10278.6083984375,10278.6083984375,516517,0.0,0.0
2012-10-18 00:00:00+09:00,10278.60932999712,10369.570474510369,9778.323035174251,9869.2841796875,751747,0.0,0.0
2012-10-19 00:00:00+09:00,9914.762885199652,10051.204576280381,9641.879503038193,9823.8017578125,527206,0.0,0.0
2012-10-22 00:00:00+09:00,9596.398939344617,9914.762885199652,9459.957248263889,9823.8017578125,478661,0.0,0.0
2012-10-23 00:00:00+09:00,9732.839935446009,9823.801056338029,9550.917693661971,9687.359375,294840,0.0,0.0
2012-10-24 00:00:00+09:00,9505.437133215963,9687.359375,9505.437133215963,9687.359375,370984,0.0,0.0
2012-10-25 00:00:00+09:00,9641.879092261905,9869.281901041666,9505.437406994048,9550.91796875,289847,0.0,0.0
2012-10-26 00:00:00+09:00,9550.919757503094,9641.880898050742,9077.921826655322,9187.0751953125,881351,0.0,0.0
2012-10-29 00:00:00+09:00,9232.554217998799,9687.359844501203,9232.554217998799,9459.95703125,429213,0.0,0.0
2012-10-30 00:00:00+09:00,9459.95902937788,9869.2841796875,9368.997884864631,9869.2841796875,430975,0.0,0.0
2012-10-31 00:00:00+09:00,9960.243448893229,10187.646267361111,9732.840630425348,9823.8017578125,488150,0.0,0.0
2012-11-01 00:00:00+09:00,9732.841696947675,9823.802834302325,9459.958284883722,9778.322265625,503223,0.0,0.0
2012-11-02 00:00:00+09:00,9960.244239177178,10051.205373781537,9823.802537270642,9914.763671875,426559,0.0,0.0
2012-11-05 00:00:00+09:00,9914.763671875,10005.724806479358,9823.802537270642,9914.763671875,213559,0.0,0.0
2012-11-06 00:00:00+09:00,9960.24432561261,10369.56943488436,9914.763757915749,10324.0888671875,566469,0.0,0.0
2012-11-07 00:00:00+09:00,10369.56973702567,10415.050306047711,10142.166891915458,10187.6474609375,190785,0.0,0.0
2012-11-08 00:00:00+09:00,9960.24302455357,10005.723586309525,9550.91796875,9550.91796875,706124,0.0,0.0
2012-11-09 00:00:00+09:00,9414.476192239337,9596.3984375,9187.073385663507,9596.3984375,693120,0.0,0.0
2012-11-12 00:00:00+09:00,9505.437223614386,9732.840028007075,9414.476101857312,9641.87890625,370145,0.0,0.0
2012-11-13 00:00:00+09:00,9596.3984375,9778.320682760665,9505.437314869669,9596.3984375,245509,0.0,0.0
2012-11-14 00:00:00+09:00,9596.39961030951,9687.36074405652,9323.51620906848,9505.4384765625,362018,0.0,0.0
2012-11-15 00:00:00+09:00,9368.995673828125,9505.437358398438,9059.727855468751,9096.1123046875,634435,0.0,0.0
2012-11-16 00:00:00+09:00,8977.863707665249,9141.593744887108,8495.769709178665,8686.7880859375,695116,0.0,0.0
2012-11-19 00:00:00+09:00,8595.826300182482,8968.766912148072,8595.826300182482,8723.171875,316025,0.0,0.0
2012-11-20 00:00:00+09:00,8886.90258084577,9187.074315920398,8877.80646766169,9141.59375,352585,0.0,0.0
2012-11-21 00:00:00+09:00,9141.591990597977,9278.03366209944,8941.4775390625,8941.4775390625,222920,0.0,0.0
2012-11-22 00:00:00+09:00,8996.055069335938,9232.553989257813,8996.055069335938,9096.1123046875,276742,0.0,0.0
2012-11-23 00:00:00+09:00,9096.111686862245,9141.592245296557,8868.708894690688,8914.189453125,207982,0.0,0.0
2012-11-26 00:00:00+09:00,9014.247293945313,9278.03455078125,8968.766732421875,9096.1123046875,298574,0.0,0.0
2012-11-27 00:00:00+09:00,9087.015575175383,9141.592245296557,8777.747777822065,8914.189453125,366364,0.0,0.0
2012-11-28 00:00:00+09:00,8823.228336256378,8950.573899872448,8686.786660953443,8914.189453125,344493,0.0,0.0
2012-11-29 00:00:00+09:00,9005.150910175493,9323.514831242303,8986.958686114533,9232.5537109375,356523,0.0,0.0
2012-11-30 00:00:00+09:00,9278.03455078125,9368.995673828125,9087.016192382813,9096.1123046875,263431,0.0,0.0
2012-12-03 00:00:00+09:00,9087.016692073172,9323.515625,9032.440015243903,9323.515625,180776,0.0,0.0
2012-12-04 00:00:00+09:00,9278.03506097561,9414.47675304878,9141.593368902439,9323.515625,235480,0.0,0.0
2012-12-05 00:00:00+09:00,9323.516013681592,9368.99657960199,9096.113184079602,9141.59375,293897,0.0,0.0
2012-12-06 00:00:00+09:00,9141.591990597977,9141.591990597977,8895.996981895345,8941.4775390625,458224,0.0,0.0
2012-12-07 00:00:00+09:00,9023.343134236453,9368.995391394705,9023.343134236453,9232.5537109375,420112,0.0,0.0
2012-12-10 00:00:00+09:00,9232.553989257813,9278.03455078125,8986.958957031251,9096.1123046875,285880,0.0,0.0
2012-12-11 00:00:00+09:00,9087.016793122788,9232.554599619249,8986.959551156471,8996.0556640625,400424,0.0,0.0
2012-12-12 00:00:00+09:00,9096.112843686355,9096.112843686355,8914.190586812627,8932.3828125,242196,0.0,0.0
2012-12-13 00:00:00+09:00,8932.382866115197,9278.03515625,8923.286753216913,9278.03515625,376512,0.0,0.0
2012-12-14 00:00:00+09:00,9232.555765586323,9278.036335860148,9096.114054764852,9187.0751953125,218219,0.0,0.0
2012-12-17 00:00:00+09:00,9141.593214465727,9232.554340977824,9023.34375,9023.34375,299749,0.0,0.0
2012-12-18 00:00:00+09:00,9141.592386349346,9141.592386349346,8996.054597113935,9041.53515625,155003,0.0,0.0
2012-12-20 00:00:00+09:00,9141.593462775736,9323.515720741421,9096.112898284315,9278.03515625,274831,0.0,0.0
2012-12-21 00:00:00+09:00,9323.515625,9459.957317073171,9187.073932926829,9323.515625,349514,0.0,0.0
2012-12-24 00:00:00+09:00,9414.4765625,9550.918251811594,9368.995999396135,9414.4765625,352446,0.0,0.0
2012-12-26 00:00:00+09:00,9459.957317073171,9505.437881097561,9278.03506097561,9323.515625,369935,0.0,0.0
2012-12-27 00:00:00+09:00,9416.286602313703,9694.60049203726,9369.900954026443,9648.21484375,288287,200.0,0.0
2012-12-28 00:00:00+09:00,9601.829988053702,9694.601292286105,9509.058683821298,9555.4443359375,221006,0.0,0.0
2013-01-02 00:00:00+09:00,9601.829805261948,9648.215456495098,9369.901549096201,9462.6728515625,394803,0.0,0.0
2013-01-03 00:00:00+09:00,9509.058129882813,9555.443779296875,9249.298493164062,9277.1298828125,584802,0.0,0.0
2013-01-04 00:00:00+09:00,9277.1298828125,9462.672480468751,9230.744233398438,9277.1298828125,328454,0.0,0.0
2013-01-07 00:00:00+09:00,9277.130034194528,9277.130034194528,9156.52734375,9156.52734375,354387,0.0,0.0
2013-01-08 00:00:00+09:00,9091.588103656983,9258.576456581295,9082.310972938965,9100.865234375,315052,0.0,0.0
2013-01-09 00:00:00+09:00,9091.586581256359,9230.743518724568,9091.586581256359,9119.41796875,187623,0.0,0.0
2013-01-10 00:00:00+09:00,9147.2514869713,9277.1313255287,9119.420092994713,9212.19140625,232489,0.0,0.0
2013-01-11 00:00:00+09:00,9240.02136328125,9323.515532226564,9184.358583984374,9277.1298828125,293440,0.0,0.0
2013-01-14 00:00:00+09:00,9369.901491513732,9416.287142461819,9035.9248046875,9035.9248046875,424565,0.0,0.0
2013-01-15 00:00:00+09:00,9082.308892463236,9128.694535427807,8646.283848596257,8674.115234375,549424,0.0,0.0
2013-01-16 00:00:00+09:00,8646.284609462486,8720.501644736843,8256.645174272116,8284.4765625,808612,0.0,0.0
2013-01-17 00:00:00+09:00,8303.031644505381,8442.188599441224,8200.98321088576,8405.080078125,272342,0.0,0.0
2013-01-18 00:00:00+09:00,8488.57421875,8534.95987021858,8414.357176400274,8488.57421875,192479,0.0,0.0
2013-01-21 00:00:00+09:00,8488.574317725928,8525.682839333474,8228.814666473114,8238.091796875,483794,0.0,0.0
2013-01-22 00:00:00+09:00,8303.031748465562,8303.031748465562,7885.560878430982,8006.16357421875,961029,0.0,0.0
2013-01-23 00:00:00+09:00,8061.826517118566,8089.657909007353,7839.175382008272,7885.56103515625,646051,0.0,0.0
2013-01-24 00:00:00+09:00,7894.837291370738,7931.945809779061,7514.474977685427,7551.58349609375,829067,0.0,0.0
2013-01-25 00:00:00+09:00,7560.860868316726,7690.7406869135775,7403.149660020549,7477.36669921875,507736,0.0,0.0
2013-01-28 00:00:00+09:00,7514.475934092526,7542.307326441017,7291.824795304599,7338.21044921875,422257,0.0,0.0
2013-01-29 00:00:00+09:00,7263.9924269153225,7449.535017641129,7143.389742943548,7189.775390625,657751,0.0,0.0
2013-01-30 00:00:00+09:00,7189.77562793879,7301.10118604881,6846.521823766228,6967.12451171875,1192371,0.0,0.0
2013-01-31 00:00:00+09:00,7050.618838645574,7440.25830078125,7022.787448493025,7440.25830078125,1515798,0.0,0.0
2013-02-01 00:00:00+09:00,7393.872189765921,7477.366355020492,7245.438118202239,7356.763671875,575080,0.0,0.0
2013-02-04 00:00:00+09:00,7384.595359354628,7393.872489203063,7115.55859375,7115.55859375,514167,0.0,0.0
2013-02-05 00:00:00+09:00,6976.402097039473,7161.944706003289,6920.739314350329,7050.619140625,280066,0.0,0.0
2013-02-06 00:00:00+09:00,7134.112299152826,7384.594785599024,7134.112299152826,7366.04052734375,378805,0.0,0.0
2013-02-07 00:00:00+09:00,7356.764190673828,7458.8126220703125,7291.824279785156,7421.7041015625,390127,0.0,0.0
2013-02-08 00:00:00+09:00,7328.932470034247,7468.089415667808,7328.932470034247,7449.53515625,304422,0.0,0.0
2013-02-12 00:00:00+09:00,7338.209870221906,7495.921081086347,7263.992829815111,7440.25830078125,407760,0.0,0.0
2013-02-13 00:00:00+09:00,7477.366341066244,7588.69189453125,7440.257823244575,7588.69189453125,409102,0.0,0.0
2013-02-14 00:00:00+09:00,7607.24609375,7672.185999428354,7533.029058689024,7607.24609375,377444,0.0,0.0
2013-02-15 00:00:00+09:00,7607.24609375,7653.63174066311,7560.86044683689,7607.24609375,197605,0.0,0.0
2013-02-18 00:00:00+09:00,7607.246556028106,7848.451934633876,7607.246556028106,7839.1748046875,473296,0.0,0.0
2013-02-19 00:00:00+09:00,7857.729643267463,7885.56103515625,7783.512598230698,7885.56103515625,228798,0.0,0.0
2013-02-20 00:00:00+09:00,7931.945826753657,7959.777215619459,7839.174530534316,7848.45166015625,407873,0.0,0.0
2013-02-21 00:00:00+09:00,7839.175017106838,8173.151704226182,7811.343626513559,7996.88623046875,636498,0.0,0.0
2013-02-22 00:00:00+09:00,7987.608410129525,8163.873868657354,7950.499892544719,8136.04248046875,317335,0.0,0.0
2013-02-25 00:00:00+09:00,8154.596739261153,8228.813774430764,8080.379704091541,8136.04248046875,338006,0.0,0.0
2013-02-26 00:00:00+09:00,8071.102574695339,8191.7052568459585,8033.994057110533,8136.04248046875,258751,0.0,0.0
2013-02-27 00:00:00+09:00,8098.933962883943,8219.536645034563,8080.379704091541,8136.04248046875,242087,0.0,0.0
2013-02-28 00:00:00+09:00,8145.319410383968,8303.030606257007,8145.319410383968,8275.19921875,312864,0.0,0.0
2013-03-04 00:00:00+09:00,8219.537292480469,8293.754333496094,8126.7659912109375,8163.87451171875,240091,0.0,0.0
2013-03-05 00:00:00+09:00,8126.767404562711,8303.032907629711,8126.767404562711,8247.3701171875,371170,0.0,0.0
2013-03-06 00:00:00+09:00,8265.922793548887,8720.50216154428,8247.368533630708,8432.9111328125,751642,0.0,0.0
2013-03-07 00:00:00+09:00,8451.465514934393,8460.742645027625,8312.308563535911,8395.802734375,237740,0.0,0.0
2013-03-08 00:00:00+09:00,8405.0787890625,8442.187304687499,8238.090468749999,8349.416015625,247180,0.0,0.0
2013-03-11 00:00:00+09:00,8265.92079482929,8321.583561124437,8117.486751375564,8219.53515625,313045,0.0,0.0
2013-03-12 00:00:00+09:00,8228.815003751766,8358.694834701624,8182.429349841102,8210.2607421875,209382,0.0,0.0
2013-03-13 00:00:00+09:00,8182.4295238303075,8330.863619500698,8182.4295238303075,8303.0322265625,145811,0.0,0.0
2013-03-14 00:00:00+09:00,8293.754026948736,8340.13967586903,8126.765690835674,8256.6455078125,138808,0.0,0.0
2013-03-15 00:00:00+09:00,8275.20042985808,8534.960084606988,8210.260516170852,8497.8515625,499655,0.0,0.0
2013-03-18 00:00:00+09:00,8488.573752413975,8553.513660902387,8256.6455078125,8256.6455078125,312917,0.0,0.0
2013-03-19 00:00:00+09:00,8284.476897164677,8386.525324789325,8163.87420997191,8256.6455078125,170216,0.0,0.0
2013-03-20 00:00:00+09:00,8275.199471132859,8275.199471132859,7894.837163603209,7969.05419921875,368157,0.0,0.0
2013-03-21 00:00:00+09:00,8024.717559814453,8136.043121337891,7653.632354736328,7718.572265625,450058,0.0,0.0
2013-03-22 00:00:00+09:00,7718.572623239437,7922.669495488556,7625.801317671655,7904.115234375,255201,0.0,0.0
2013-03-25 00:00:00+09:00,7913.39111328125,8043.2709205332285,7885.559726012969,7913.39111328125,214728,0.0,0.0
2013-03-26 00:00:00+09:00,7857.728695029169,7959.777119639937,7792.78878845868,7802.06591796875,192907,0.0,0.0
2013-03-27 00:00:00+09:00,7839.174957275391,7913.391998291016,7811.343566894531,7867.00634765625,185746,0.0,0.0
2013-03-28 00:00:00+09:00,7867.005505087209,8015.43957122093,7839.1741176871365,7978.3310546875,248296,0.0,0.0
2013-03-29 00:00:00+09:00,8033.994599330356,8191.705809709821,7987.608949218749,8117.48876953125,295303,0.0,0.0
2013-04-01 00:00:00+09:00,8163.8743265086205,8200.98284617457,8024.717377761314,8071.10302734375,111352,0.0,0.0
2013-04-02 00:00:00+09:00,8015.439846478464,8089.656882094005,7876.282904699324,7969.05419921875,283943,0.0,0.0
2013-04-03 00:00:00+09:00,7904.115234375,7978.332278829225,7783.512537136884,7904.115234375,200208,0.0,0.0
2013-04-04 00:00:00+09:00,7848.452242000374,7894.83789354884,7635.078244877433,7746.40380859375,198681,0.0,0.0
2013-04-05 00:00:00+09:00,7718.572295887962,7950.500549971134,7672.186645071328,7783.51220703125,259597,0.0,0.0
2013-04-08 00:00:00+09:00,7746.403563567487,7996.886074006196,7653.632263405003,7672.1865234375,239720,0.0,0.0
2013-04-09 00:00:00+09:00,7616.523743340009,7774.234953616233,7440.258273031288,7672.1865234375,231026,0.0,0.0
2013-04-10 00:00:00+09:00,7644.354623018839,7829.89721095619,7570.137587843899,7755.68017578125,107960,0.0,0.0
2013-04-11 00:00:00+09:00,7764.957916259766,7885.560607910156,7662.909484863281,7867.00634765625,181700,0.0,0.0
2013-04-12 00:00:00+09:00,7904.115149763086,7913.392280220554,7700.018279698781,7709.29541015625,190990,0.0,0.0
2013-04-15 00:00:00+09:00,7681.4637451171875,7709.295135498047,7514.475402832031,7570.13818359375,293308,0.0,0.0
2013-04-16 00:00:00+09:00,7560.860368921122,8173.150901864428,7495.9204639119835,8089.65673828125,639191,0.0,0.0
2013-04-17 00:00:00+09:00,8163.873637354651,8265.922057821585,7913.391150753997,7978.3310546875,515460,0.0,0.0
2013-04-18 00:00:00+09:00,7931.946352066532,8015.440524193548,7746.403747339829,7764.9580078125,306883,0.0,0.0
2013-04-19 00:00:00+09:00,7672.186226712741,7727.8490046574525,7115.558447265626,7236.1611328125,837362,0.0,0.0
2013-04-22 00:00:00+09:00,7236.160661706973,7430.980371829853,7236.160661706973,7384.5947265625,255056,0.0,0.0
2013-04-23 00:00:00+09:00,7458.811758990264,7514.474533311087,7384.5947265625,7384.5947265625,332646,0.0,0.0
2013-04-24 00:00:00+09:00,7403.149081226591,7523.751760494694,7384.594822877652,7430.98046875,257636,0.0,0.0
2013-04-25 00:00:00+09:00,7458.812898447278,7505.198550800806,7393.8729851523385,7412.42724609375,304866,0.0,0.0
2013-04-26 00:00:00+09:00,7458.813323102679,7913.392742047991,7430.981930106027,7792.7900390625,687690,0.0,0.0
2013-04-29 00:00:00+09:00,7839.174211976156,8126.765218569364,7681.463014812139,8024.716796875,582305,0.0,0.0
2013-04-30 00:00:00+09:00,7978.331150650289,8080.379572344653,7904.114116690751,8024.716796875,460230,0.0,0.0
2013-05-02 00:00:00+09:00,8024.7171229729975,8080.379900704603,7811.343141668513,7848.45166015625,252971,0.0,0.0
2013-05-03 00:00:00+09:00,7746.403656005859,8405.079895019531,7746.403656005859,8312.30859375,1305793,0.0,0.0
2013-05-06 00:00:00+09:00,8386.524892357374,8701.947288751346,8377.24776305167,8618.453125,1445823,0.0,0.0
2013-05-07 00:00:00+09:00,8655.56234825086,8794.719299187369,8488.574007127048,8776.1650390625,936256,0.0,0.0
2013-05-08 00:00:00+09:00,8785.44190010871,9045.201533902842,8674.116342768368,8933.8759765625,1345017,0.0,0.0
2013-05-09 00:00:00+09:00,8915.322174710709,8970.984956238559,8757.610960381799,8868.9365234375,721943,0.0,0.0
2013-05-10 00:00:00+09:00,8794.718535506865,8989.538249901003,8757.610018479409,8785.44140625,586318,0.0,0.0
2013-05-13 00:00:00+09:00,8748.333551421549,8813.273461135177,8414.356872894321,8432.9111328125,681584,0.0,0.0
2013-05-14 00:00:00+09:00,8303.029927818357,8609.175165380375,8200.981515297684,8414.35546875,848165,0.0,0.0
2013-05-15 00:00:00+09:00,8423.633526182432,8757.61018581081,8423.633526182432,8581.3447265625,591009,0.0,0.0
2013-05-16 00:00:00+09:00,8646.28434065934,8766.88701923077,8442.1875,8442.1875,454336,0.0,0.0
2013-05-20 00:00:00+09:00,8442.188632246378,8562.791326992754,8312.308807134894,8321.5859375,374943,0.0,0.0
2013-05-21 00:00:00+09:00,8340.139079670329,8664.838598901099,8340.139079670329,8442.1875,531254,0.0,0.0
2013-05-22 00:00:00+09:00,8516.405162883255,8859.658965744562,8470.019513847943,8850.3818359375,661181,0.0,0.0
2013-05-23 00:00:00+09:00,8878.212819169208,9555.44326410061,8794.71865472561,9509.0576171875,3506979,0.0,0.0
2013-05-24 00:00:00+09:00,9601.829740435163,9972.914947794976,9416.287136755256,9926.529296875,2253643,0.0,0.0
2013-05-27 00:00:00+09:00,9880.143645955022,9972.914947794976,9694.601042275117,9926.529296875,905154,0.0,0.0
2013-05-28 00:00:00+09:00,10065.685063200177,10297.613290462854,9833.7568359375,9833.7568359375,1503286,0.0,0.0
2013-05-29 00:00:00+09:00,10065.686341751452,10158.457644440407,9926.529387718023,9972.9150390625,792370,0.0,0.0
2013-05-30 00:00:00+09:00,9926.5279296875,10019.29921875,9601.828417968749,9740.9853515625,922995,0.0,0.0
2013-05-31 00:00:00+09:00,9833.756640624999,9880.14228515625,9416.28583984375,9740.9853515625,772074,0.0,0.0
2013-06-03 00:00:00+09:00,9555.444964418317,9648.216274752476,9277.131033415842,9369.90234375,595751,0.0,0.0
2013-06-04 00:00:00+09:00,9416.28651022796,9601.8291015625,9249.298178026873,9601.8291015625,671429,0.0,0.0
2013-06-05 00:00:00+09:00,9509.056244509287,9601.827524943525,9240.01953125,9240.01953125,419349,0.0,0.0
2013-06-07 00:00:00+09:00,9369.901950642214,9509.058910305217,8739.0570668366,8757.611328125,791444,0.0,0.0
2013-06-10 00:00:00+09:00,8859.66041587991,9249.299931552116,8859.66041587991,9212.19140625,488269,0.0,0.0
2013-06-11 00:00:00+09:00,9277.129668731232,9416.286613762199,9100.864205025338,9267.8525390625,521644,0.0,0.0
2013-06-12 00:00:00+09:00,9202.914095052083,9323.516799926758,8868.937373860677,8906.0458984375,547917,0.0,0.0
2013-06-13 00:00:00+09:00,8887.490089550078,9119.418327795122,8562.790556007016,9008.0927734375,517594,0.0,0.0
2013-06-14 00:00:00+09:00,9184.358665150106,9240.021444938895,8720.502166910203,8729.779296875,335690,0.0,0.0
2013-06-17 00:00:00+09:00,8785.441820516971,8831.82746898855,8340.139595189818,8507.1279296875,400583,0.0,0.0
2013-06-18 00:00:00+09:00,8618.453798879253,8887.490569780759,8451.465458319699,8859.6591796875,402830,0.0,0.0
2013-06-19 00:00:00+09:00,8887.489192012032,8915.320577790775,8637.006720003343,8674.115234375,223753,0.0,0.0
2013-06-20 00:00:00+09:00,8497.850985200917,8766.887752199636,8442.18820582187,8599.8994140625,276098,0.0,0.0
2013-06-21 00:00:00+09:00,8442.188444729232,8822.55078125,8182.428800276025,8822.55078125,446109,0.0,0.0
2013-06-24 00:00:00+09:00,8831.826923076924,8859.65831043956,8442.1875,8442.1875,276742,0.0,0.0
2013-06-25 00:00:00+09:00,8303.030144609467,8507.126974979756,7653.631138885821,7876.2822265625,568779,0.0,0.0
2013-06-26 00:00:00+09:00,8071.10244309971,8238.09076950867,7820.619953486272,8024.716796875,283661,0.0,0.0
2013-06-27 00:00:00+09:00,8219.537053201051,8432.91103990943,8145.320014345962,8386.525390625,407725,0.0,0.0
2013-06-28 00:00:00+09:00,8460.742363061798,8460.742363061798,8163.87420997191,8256.6455078125,243251,0.0,0.0
2013-07-01 00:00:00+09:00,8303.031588341002,8377.248630471426,8126.76611328125,8126.76611328125,239497,0.0,0.0
2013-07-02 00:00:00+09:00,8182.429541015626,8247.369458007814,7690.741598074777,7792.7900390625,603290,0.0,0.0
2013-07-03 00:00:00+09:00,7839.175207638046,7941.223642293689,7616.52407748028,7644.35546875,296571,0.0,0.0
2013-07-04 00:00:00+09:00,7700.017399400045,7764.957305178117,7533.02907025643,7755.68017578125,195113,0.0,0.0
2013-07-05 00:00:00+09:00,7811.342659247488,7876.282562590401,7533.028787777863,7616.52294921875,239400,0.0,0.0
2013-07-08 00:00:00+09:00,7616.524057648287,7635.078318446456,7254.715972083996,7282.54736328125,422843,0.0,0.0
2013-07-09 00:00:00+09:00,7291.8243399024905,7403.14990234375,7171.221647257793,7403.14990234375,414488,0.0,0.0
2013-07-10 00:00:00+09:00,7412.42627836321,7421.703407622739,7059.89536650113,7180.498046875,438518,0.0,0.0
2013-07-11 00:00:00+09:00,7189.775524400685,7486.643675085616,7189.775524400685,7449.53515625,331650,0.0,0.0
2013-07-12 00:00:00+09:00,7533.029058689024,7644.354611280488,7384.594988567073,7607.24609375,318383,0.0,0.0
2013-07-15 00:00:00+09:00,7653.632384744674,7811.343597521231,7560.861083111406,7783.51220703125,299632,0.0,0.0
2013-07-16 00:00:00+09:00,7792.78912309815,7867.006162365752,7625.800784746048,7774.23486328125,367600,0.0,0.0
2013-07-17 00:00:00+09:00,7783.512176513672,7959.777648925781,7653.632354736328,7867.00634765625,359885,0.0,0.0
2013-07-18 00:00:00+09:00,7829.898189920775,7969.055148272448,7802.06679825044,7904.115234375,212887,0.0,0.0
2013-07-19 00:00:00+09:00,7959.776892160404,8163.873735549132,7839.174211976156,8024.716796875,375014,0.0,0.0
2013-07-22 00:00:00+09:00,8024.717680351919,8200.983155411672,7978.332029020405,8126.76611328125,231226,0.0,0.0
2013-07-23 00:00:00+09:00,8089.65660428779,8154.596508221293,7941.222538154069,7978.3310546875,174879,0.0,0.0
2013-07-24 00:00:00+09:00,7978.331569936104,8061.825737528458,7857.728883413814,7894.83740234375,182061,0.0,0.0
2013-07-25 00:00:00+09:00,7867.006440412186,7931.946352066532,7755.680877576165,7764.9580078125,135512,0.0,0.0
2013-07-26 00:00:00+09:00,7820.6199984319655,7867.005644923259,7653.631671063312,7857.728515625,180979,0.0,0.0
2013-07-29 00:00:00+09:00,7885.56080005787,7885.56080005787,7514.4755859375,7514.4755859375,257211,0.0,0.0
2013-07-30 00:00:00+09:00,7579.414978847108,7597.96923828125,7282.546827900832,7597.96923828125,207046,0.0,0.0
2013-07-31 00:00:00+09:00,7616.523282897501,7625.800412352918,7477.366341066244,7588.69189453125,140521,0.0,0.0
2013-08-01 00:00:00+09:00,7607.246827374538,7607.246827374538,7458.812742937962,7533.02978515625,194157,0.0,0.0
2013-08-02 00:00:00+09:00,7597.969277134984,7829.897521247773,7597.969277134984,7811.34326171875,330477,0.0,0.0
2013-08-05 00:00:00+09:00,7811.343720761602,7811.343720761602,7653.632505496818,7746.40380859375,184112,0.0,0.0
2013-08-06 00:00:00+09:00,7746.403841106424,7802.066623198207,7625.801146574228,7662.90966796875,213232,0.0,0.0
2013-08-07 00:00:00+09:00,7579.415166188979,7857.729064580251,7542.306646403476,7839.1748046875,432133,0.0,0.0
2013-08-08 00:00:00+09:00,7764.957740099677,8200.98284617457,7764.957740099677,8071.10302734375,677259,0.0,0.0
2013-08-09 00:00:00+09:00,8080.380041915379,8358.693935437148,7987.608744074789,8256.6455078125,668742,0.0,0.0
2013-08-12 00:00:00+09:00,8256.645876006018,8256.645876006018,7941.223449282193,7996.88623046875,328933,0.0,0.0
2013-08-13 00:00:00+09:00,7996.885445411052,8136.042384716348,7839.174247531716,8089.65673828125,273588,0.0,0.0
2013-08-14 00:00:00+09:00,8117.488923039625,8154.597443830663,7969.054839875472,7996.88623046875,179410,0.0,0.0
2013-08-16 00:00:00+09:00,7857.728492808119,8080.379595319801,7857.728492808119,7941.22265625,89184,0.0,0.0
2013-08-19 00:00:00+09:00,7885.559453673888,7987.607870133197,7839.173809828748,7922.66796875,160030,0.0,0.0
2013-08-20 00:00:00+09:00,7876.282857940528,8108.211092862216,7737.125916987515,7755.68017578125,317458,0.0,0.0
2013-08-21 00:00:00+09:00,7820.620667002443,7950.50048828125,7607.246674901546,7950.50048828125,332643,0.0,0.0
2013-08-22 00:00:00+09:00,7885.559975228659,7922.668492759147,7523.751929306402,7607.24609375,487860,0.0,0.0
2013-08-23 00:00:00+09:00,7662.910180869223,7792.790014443277,7653.633049899648,7727.85009765625,153430,0.0,0.0
2013-08-26 00:00:00+09:00,7829.897642731951,7848.451902548852,7681.463564196748,7774.23486328125,183791,0.0,0.0
2013-08-27 00:00:00+09:00,7709.294516958842,7820.620069550305,7588.6918349847565,7607.24609375,231708,0.0,0.0
2013-08-28 00:00:00+09:00,7468.0890589052915,7597.968868625384,7421.703412576688,7560.8603515625,227485,0.0,0.0
2013-08-29 00:00:00+09:00,7570.138272849462,7802.06652875784,7514.475491431451,7764.9580078125,239399,0.0,0.0
2013-08-30 00:00:00+09:00,7672.185088133897,7848.450525467082,7672.185088133897,7820.619140625,131913,0.0,0.0
2013-09-02 00:00:00+09:00,7820.620391483261,7857.728910541307,7746.403353367168,7811.34326171875,81649,0.0,0.0
2013-09-03 00:00:00+09:00,7774.23486328125,7885.5604221826525,7737.126343647449,7774.23486328125,107453,0.0,0.0
2013-09-04 00:00:00+09:00,7848.452179939516,7848.452179939516,7700.018096158154,7764.9580078125,102110,0.0,0.0
2013-09-05 00:00:00+09:00,7764.958069213136,7774.235199522829,7653.632505496818,7746.40380859375,291754,0.0,0.0
2013-09-06 00:00:00+09:00,7764.9577333728,7811.343382915051,7709.294953922099,7774.23486328125,176536,0.0,0.0
2013-09-09 00:00:00+09:00,7681.463835685483,7792.789398521505,7653.632444976478,7764.9580078125,117113,0.0,0.0
2013-09-10 00:00:00+09:00,7755.680877576165,7764.958007812499,7653.632444976478,7764.9580078125,191265,0.0,0.0
2013-09-11 00:00:00+09:00,7746.403140908331,7829.89730649896,7727.848881888191,7802.06591796875,126286,0.0,0.0
2013-09-12 00:00:00+09:00,7829.897674741124,7885.560454419378,7774.234895062869,7839.1748046875,175623,0.0,0.0
2013-09-13 00:00:00+09:00,7885.560278799019,8098.934262813581,7885.560278799019,8043.271484375,498265,0.0,0.0
2013-09-16 00:00:00+09:00,8163.874419642857,8210.260069754464,8080.380249441964,8117.48876953125,291270,0.0,0.0
2013-09-17 00:00:00+09:00,8117.489606974512,8321.5864885213,7969.05551130412,8303.0322265625,271371,0.0,0.0
2013-09-23 00:00:00+09:00,8312.308624577227,8451.465576997605,8219.537322963643,8228.814453125,296900,0.0,0.0
2013-09-24 00:00:00+09:00,8219.537292480469,8349.417114257812,8052.5489501953125,8163.87451171875,217702,0.0,0.0
2013-09-25 00:00:00+09:00,8136.04248046875,8303.030809600377,8098.933962883943,8136.04248046875,142927,0.0,0.0
2013-09-26 00:00:00+09:00,8117.487190255261,8200.981344212172,8071.101549168089,8154.595703125,133497,0.0,0.0
2013-09-27 00:00:00+09:00,8275.199984764355,8599.89953573605,8275.199984764355,8562.791015625,444940,0.0,0.0
2013-09-30 00:00:00+09:00,8572.067360831994,8655.5615234375,8470.018939869708,8655.5615234375,215147,0.0,0.0
2013-10-01 00:00:00+09:00,8609.176602035204,8692.670771667012,8358.694093139784,8432.9111328125,259830,0.0,0.0
2013-10-02 00:00:00+09:00,8544.235531291555,8720.5009765625,8414.355729512965,8720.5009765625,238660,0.0,0.0
2013-10-04 00:00:00+09:00,8609.17601902174,8739.055829653533,8488.573337720787,8534.958984375,199126,0.0,0.0
2013-10-07 00:00:00+09:00,8534.96120113892,8534.96120113892,8228.815853706763,8247.3701171875,166561,0.0,0.0
2013-10-08 00:00:00+09:00,8265.922046703297,8470.018887362638,8182.427884615385,8442.1875,123498,0.0,0.0
2013-10-10 00:00:00+09:00,8442.1883203125,8470.019710379464,8117.48876953125,8117.48876953125,218031,0.0,0.0
2013-10-11 00:00:00+09:00,8219.536511018785,8340.139191203034,7978.331150650289,8024.716796875,338931,0.0,0.0
2013-10-14 00:00:00+09:00,8033.994751259788,8108.211792841865,7959.777709677712,7996.88623046875,185457,0.0,0.0
2013-10-15 00:00:00+09:00,8033.994294582494,8126.76559128668,7996.88577590082,8061.82568359375,213505,0.0,0.0
2013-10-16 00:00:00+09:00,8108.212071718931,8191.706246370499,7987.609375,7987.609375,193301,0.0,0.0
2013-10-17 00:00:00+09:00,8071.102626212943,8108.211144034612,7551.583376709581,7588.69189453125,451032,0.0,0.0
2013-10-18 00:00:00+09:00,7607.24610543137,7792.7886933687205,7523.751940859562,7755.68017578125,161964,0.0,0.0
2013-10-21 00:00:00+09:00,7755.680416383605,7792.788935122283,7625.800600798234,7681.46337890625,212408,0.0,0.0
2013-10-22 00:00:00+09:00,7681.46314060631,7764.957305178117,7625.800364225104,7755.68017578125,175212,0.0,0.0
2013-10-23 00:00:00+09:00,7764.957823599984,7829.897733713724,7672.1865234375,7672.1865234375,146754,0.0,0.0
2013-10-24 00:00:00+09:00,7625.80050714801,7690.740414143188,7579.414859294312,7635.07763671875,195469,0.0,0.0
2013-10-25 00:00:00+09:00,7644.354681879497,7774.234494435702,7625.800422942896,7737.1259765625,169682,0.0,0.0
2013-10-28 00:00:00+09:00,7700.017586205304,7876.283049022052,7700.017586205304,7848.45166015625,167130,0.0,0.0
2013-10-29 00:00:00+09:00,7876.283324473003,7885.560454419378,7774.234895062869,7839.1748046875,104004,0.0,0.0
2013-10-30 00:00:00+09:00,7764.957305793043,7783.511564588247,7328.93222410574,7375.31787109375,986752,0.0,0.0
2013-10-31 00:00:00+09:00,7319.656036841689,7468.0901263086935,7254.716122699873,7310.37890625,321941,0.0,0.0
2013-11-01 00:00:00+09:00,7319.654918656367,7440.257597924469,7254.715014435081,7430.98046875,219875,0.0,0.0
2013-11-04 00:00:00+09:00,7421.7041015625,7430.981231689453,7328.932800292969,7421.7041015625,145909,0.0,0.0
2013-11-05 00:00:00+09:00,7421.703854955808,7421.703854955808,7189.775609488439,7347.48681640625,240014,0.0,0.0
2013-11-06 00:00:00+09:00,7347.487214104193,7356.764344425032,7189.775998649937,7301.1015625,110005,0.0,0.0
2013-11-07 00:00:00+09:00,7310.378230940713,7338.209620144802,7050.618598369216,7217.60693359375,210190,0.0,0.0
2013-11-08 00:00:00+09:00,7059.8956360416,7199.052580247412,7050.618506427878,7171.22119140625,160838,0.0,0.0
2013-11-11 00:00:00+09:00,7171.221397379338,7171.221397379338,6781.581942411767,6883.63037109375,269562,0.0,0.0
2013-11-12 00:00:00+09:00,6892.907286526864,6920.738675301535,6772.304601836623,6874.35302734375,157897,0.0,0.0
2013-11-13 00:00:00+09:00,6920.738915947525,6920.738915947525,6633.147888609223,6651.7021484375,292316,0.0,0.0
2013-11-14 00:00:00+09:00,6633.14749678086,6781.5815666388935,6596.038979316352,6698.08740234375,139700,0.0,0.0
2013-11-15 00:00:00+09:00,6744.473109266493,6790.858756510416,6558.930520290799,6679.533203125,168194,0.0,0.0
2013-11-18 00:00:00+09:00,6633.147508574695,6651.70176733994,6364.110756478659,6466.1591796875,323508,0.0,0.0
2013-11-19 00:00:00+09:00,6419.773738201063,6484.713645957432,6271.339663329362,6327.00244140625,248460,0.0,0.0
2013-11-20 00:00:00+09:00,6327.002746582031,6466.159698486328,6299.171356201172,6382.66552734375,132606,0.0,0.0
2013-11-21 00:00:00+09:00,6327.00244140625,6419.773738201063,6262.062533649881,6327.00244140625,97752,0.0,0.0
2013-11-22 00:00:00+09:00,6308.448122258772,6438.32793654057,6308.448122258772,6345.556640625,69462,0.0,0.0
2013-11-25 00:00:00+09:00,6419.77377199746,6429.05090172578,6354.83386389922,6391.9423828125,89254,0.0,0.0
2013-11-26 00:00:00+09:00,6391.942718772777,6419.774109420554,6317.725677045372,6364.111328125,97090,0.0,0.0
2013-11-27 00:00:00+09:00,6336.279571085732,6401.2194788421,6280.616793008843,6327.00244140625,120222,0.0,0.0
2013-11-28 00:00:00+09:00,6308.448113538548,6345.55663185348,6132.182651542618,6197.12255859375,340061,0.0,0.0
2013-11-29 00:00:00+09:00,6197.122954827872,6299.17138671875,6132.1830436245855,6299.17138671875,160637,0.0,0.0
2013-12-02 00:00:00+09:00,6317.725647062546,6354.834167750138,6234.231475515464,6299.17138671875,94425,0.0,0.0
2013-12-03 00:00:00+09:00,6234.231076908683,6280.6167248023485,6141.459781121351,6197.12255859375,156865,0.0,0.0
2013-12-04 00:00:00+09:00,6141.46044921875,6234.231755098188,6132.183318630807,6141.46044921875,66532,0.0,0.0
2013-12-05 00:00:00+09:00,6076.520233154297,6150.737274169922,5863.146240234375,5937.36328125,356388,0.0,0.0
2013-12-06 00:00:00+09:00,5863.146635088583,5993.0264656126965,5863.146635088583,5890.97802734375,87428,0.0,0.0
2013-12-09 00:00:00+09:00,5918.80933810057,5928.086468724552,5612.664027509161,5696.158203125,522851,0.0,0.0
2013-12-10 00:00:00+09:00,5668.326265409395,5826.037470829951,5649.7720059481535,5714.7119140625,170524,0.0,0.0
2013-12-11 00:00:00+09:00,5659.049042297463,5751.820338072831,5584.832005677168,5668.326171875,125955,0.0,0.0
2013-12-12 00:00:00+09:00,5575.554968103185,5714.7119140625,5575.554968103185,5714.7119140625,96292,0.0,0.0
2013-12-13 00:00:00+09:00,5686.880288148537,5798.205840281951,5668.326029459636,5788.9287109375,112378,0.0,0.0
2013-12-16 00:00:00+09:00,5826.0374437499995,5918.808740625,5649.7719796875,5798.2060546875,114340,0.0,0.0
2013-12-17 00:00:00+09:00,5872.4230921875,5872.4230921875,5696.157628125,5798.2060546875,98576,0.0,0.0
2013-12-18 00:00:00+09:00,5816.760649582436,6002.303254034826,5807.483519359816,5918.80908203125,314624,0.0,0.0
2013-12-19 00:00:00+09:00,6095.074493408203,6169.291534423828,5872.423370361328,5937.36328125,216153,0.0,0.0
2013-12-20 00:00:00+09:00,5928.085332274251,6039.410878420247,5853.868301510255,5965.19384765625,99493,0.0,0.0
2013-12-23 00:00:00+09:00,6076.519986376351,6076.519986376351,5881.7002616223,6011.580078125,141626,0.0,0.0
2013-12-24 00:00:00+09:00,6030.134365219092,6030.134365219092,5881.700288536776,5928.0859375,145662,0.0,0.0
2013-12-26 00:00:00+09:00,5965.195352548305,6030.135270849763,5779.65272882985,5881.701171875,303097,0.0,0.0
2013-12-27 00:00:00+09:00,5890.977240037549,6002.30279417999,5844.5915924781975,5983.74853515625,152761,0.0,0.0
2013-12-30 00:00:00+09:00,6057.965666316106,6057.965666316106,5890.977332481972,6030.13427734375,121499,0.0,0.0
2014-01-02 00:00:00+09:00,6030.1340263580605,6076.519672714661,5863.145699474299,5955.9169921875,128734,0.0,0.0
2014-01-03 00:00:00+09:00,5751.821335272082,5890.978303060923,5659.050023412855,5881.701171875,167620,0.0,0.0
2014-01-06 00:00:00+09:00,5844.591511051829,5890.97715796494,5686.8803115472565,5705.4345703125,143979,0.0,0.0
2014-01-07 00:00:00+09:00,5677.6032762096775,5751.8203125,5631.217628528226,5751.8203125,214447,0.0,0.0
2014-01-08 00:00:00+09:00,5770.374692446226,5770.374692446226,5640.494876217532,5714.7119140625,256003,0.0,0.0
2014-01-09 00:00:00+09:00,5686.880405745967,5770.374571572581,5677.6032762096775,5751.8203125,151125,0.0,0.0
2014-01-10 00:00:00+09:00,5751.820148218458,5974.47125073014,5733.265889675818,5955.9169921875,176882,0.0,0.0
2014-01-13 00:00:00+09:00,5965.195136626185,6011.580790876777,5807.483912174171,5872.423828125,176635,0.0,0.0
2014-01-14 00:00:00+09:00,5853.8688991588415,5928.0859375,5788.928990610329,5928.0859375,135246,0.0,0.0
2014-01-15 00:00:00+09:00,5928.0859375,5965.194456670579,5881.700288536776,5928.0859375,129792,0.0,0.0
2014-01-16 00:00:00+09:00,5955.917419812694,6020.857329374515,5761.097691127232,5974.4716796875,342658,0.0,0.0
2014-01-17 00:00:00+09:00,5983.74853515625,6002.30279417999,5900.254369549419,5983.74853515625,122977,0.0,0.0
2014-01-20 00:00:00+09:00,6002.303069499709,6011.580199437112,5872.423250376068,5974.4716796875,97881,0.0,0.0
2014-01-21 00:00:00+09:00,5993.02566466812,6002.30279417999,5890.977240037549,5983.74853515625,144333,0.0,0.0
2014-01-22 00:00:00+09:00,5974.471647493132,5974.471647493132,5881.700348619015,5909.53173828125,161084,0.0,0.0
2014-01-23 00:00:00+09:00,5909.53173828125,5937.363127943486,5798.20617963231,5909.53173828125,199573,0.0,0.0
2014-01-24 00:00:00+09:00,5826.038023933532,5881.700807601686,5751.820979042659,5844.59228515625,153000,0.0,0.0
2014-01-27 00:00:00+09:00,5779.651947993382,5826.03759765625,5686.880648667646,5826.03759765625,123656,0.0,0.0
2014-01-28 00:00:00+09:00,5826.037504389044,5826.037504389044,5696.157687412219,5779.65185546875,95657,0.0,0.0
2014-01-29 00:00:00+09:00,5779.65213022508,5788.929260450161,5696.1579581993565,5770.375,149988,0.0,0.0
2014-02-03 00:00:00+09:00,5770.374692446226,5770.374692446226,5649.7720059481535,5714.7119140625,145472,0.0,0.0
2014-02-04 00:00:00+09:00,5612.664000559875,5705.435306354252,5612.664000559875,5631.21826171875,134582,0.0,0.0
2014-02-05 00:00:00+09:00,5705.434750711976,5705.434750711976,5621.940583628387,5649.77197265625,112338,0.0,0.0
2014-02-06 00:00:00+09:00,5649.771698898566,5733.265861936476,5612.663181992828,5659.048828125,106215,0.0,0.0
2014-02-07 00:00:00+09:00,5677.603941877036,5705.435333748982,5612.664027509161,5696.158203125,117159,0.0,0.0
2014-02-10 00:00:00+09:00,5705.435278320312,5705.435278320312,5501.338406575521,5566.2783203125,223458,0.0,0.0
2014-02-11 00:00:00+09:00,5584.832679528332,5594.109810225224,5390.0129348936225,5464.22998046875,280968,0.0,0.0
2014-02-12 00:00:00+09:00,5464.229884440104,5603.386842447917,5464.229884440104,5566.2783203125,158799,0.0,0.0
2014-02-13 00:00:00+09:00,5575.5547470067295,5621.94039382043,5482.78345337933,5557.00048828125,104181,0.0,0.0
2014-02-14 00:00:00+09:00,5575.55517578125,5584.832305857425,5529.169525400374,5575.55517578125,145602,0.0,0.0
2014-02-17 00:00:00+09:00,5594.109375,5649.772154850746,5538.446595149254,5594.109375,173908,0.0,0.0
2014-02-18 00:00:00+09:00,5594.108849032613,5603.385978135486,5501.33755800388,5529.1689453125,81773,0.0,0.0
2014-02-19 00:00:00+09:00,5566.278014520201,5566.278014520201,5501.3381043508,5510.615234375,90507,0.0,0.0
2014-02-20 00:00:00+09:00,5445.674994438337,5557.0005479873325,5445.674994438337,5538.4462890625,76596,0.0,0.0
2014-02-21 00:00:00+09:00,5529.169169937806,5751.82027745208,5519.892040458044,5686.88037109375,334778,0.0,0.0
2014-02-24 00:00:00+09:00,5714.712220245462,5779.652131839161,5575.5552668303935,5621.94091796875,212674,0.0,0.0
2014-02-25 00:00:00+09:00,5612.663359989393,5677.603266633899,5566.277712386175,5603.38623046875,101412,0.0,0.0
2014-02-26 00:00:00+09:00,5584.8325813802085,5640.495364583333,5566.2783203125,5566.2783203125,59991,0.0,0.0
2014-02-27 00:00:00+09:00,5557.00048828125,5603.38613509495,5417.84354784015,5557.00048828125,163784,0.0,0.0
2014-02-28 00:00:00+09:00,5510.615696869677,5538.447089278109,5380.735865630324,5445.67578125,228768,0.0,0.0
2014-03-03 00:00:00+09:00,5454.9520529588335,5473.506311642367,5399.289276908233,5408.56640625,79351,0.0,0.0
2014-03-04 00:00:00+09:00,5362.1807595411665,5454.9520529588335,5352.903630199399,5408.56640625,110309,0.0,0.0
2014-03-05 00:00:00+09:00,5464.2291823006,5473.506311642367,5390.012147566466,5408.56640625,113923,0.0,0.0
2014-03-06 00:00:00+09:00,5380.735716101241,5482.784152096265,5380.735716101241,5417.84423828125,100465,0.0,0.0
2014-03-07 00:00:00+09:00,5445.674923617066,5482.783440984133,5399.289276908233,5408.56640625,113094,0.0,0.0
2014-03-10 00:00:00+09:00,5408.566741311961,5436.398131061423,5380.7353515625,5380.7353515625,147951,0.0,0.0
2014-03-11 00:00:00+09:00,5390.0125742577475,5612.6636960859505,5380.735444181572,5575.55517578125,213231,0.0,0.0
2014-03-12 00:00:00+09:00,5575.555206298828,5584.832336425781,5473.506774902344,5492.06103515625,117883,0.0,0.0
2014-03-13 00:00:00+09:00,5492.060594512195,5705.4345703125,5492.060594512195,5705.4345703125,254793,0.0,0.0
2014-03-14 00:00:00+09:00,5640.494641426282,5890.977133726462,5631.217512081831,5788.9287109375,499848,0.0,0.0
2014-03-17 00:00:00+09:00,5844.592293108713,5844.592293108713,5686.881072501018,5696.158203125,144658,0.0,0.0
2014-03-18 00:00:00+09:00,5705.434393399003,5798.205684348581,5705.434393399003,5761.09716796875,105408,0.0,0.0
2014-03-19 00:00:00+09:00,5751.820432984983,5816.76034109933,5640.494876217532,5714.7119140625,123771,0.0,0.0
2014-03-20 00:00:00+09:00,5751.820986868893,5826.0380318607495,5677.603941877036,5696.158203125,138046,0.0,0.0
2014-03-21 00:00:00+09:00,5733.266698092566,5770.3752204103175,5621.941131139312,5631.21826171875,136289,0.0,0.0
2014-03-24 00:00:00+09:00,5659.049168275983,5779.65185546875,5603.386389571629,5779.65185546875,167238,0.0,0.0
2014-03-25 00:00:00+09:00,5798.206210876844,6020.857329374515,5788.929080939441,5974.4716796875,683754,0.0,0.0
2014-03-26 00:00:00+09:00,5993.026031635208,6030.13455195493,5900.254730835901,6020.857421875,287307,0.0,0.0
2014-03-27 00:00:00+09:00,6020.856620729248,6085.796522647745,5946.639589965251,5965.19384765625,261190,0.0,0.0
2014-03-28 00:00:00+09:00,5946.63986291618,6011.57976781542,5890.977087288259,5955.9169921875,173543,0.0,0.0
2014-03-31 00:00:00+09:00,5863.146546378968,5955.917852492559,5723.989587208581,5844.59228515625,265264,0.0,0.0
2014-04-01 00:00:00+09:00,5863.1468862141155,5863.1468862141155,5779.652705872459,5816.76123046875,133496,0.0,0.0
2014-04-02 00:00:00+09:00,5807.483217649822,5900.254515056369,5807.483217649822,5863.14599609375,139203,0.0,0.0
2014-04-03 00:00:00+09:00,5881.700807601686,5900.255068824405,5770.375240265377,5844.59228515625,168145,0.0,0.0
2014-04-04 00:00:00+09:00,5798.205715956403,6057.96533203125,5788.928586810873,6057.96533203125,319582,0.0,0.0
2014-04-07 00:00:00+09:00,6048.688536658654,6048.688536658654,5909.531591796876,6030.13427734375,139577,0.0,0.0
2014-04-08 00:00:00+09:00,5993.025818624615,6011.580078125,5900.254521122685,6011.580078125,154002,0.0,0.0
2014-04-09 00:00:00+09:00,6020.857514480064,6076.5202958157815,5853.8691704729135,5918.80908203125,204808,0.0,0.0
2014-04-10 00:00:00+09:00,5955.917293500297,5955.917293500297,5863.14599609375,5863.14599609375,89233,0.0,0.0
2014-04-11 00:00:00+09:00,5770.374665625,5863.1459625,5770.374665625,5798.2060546875,185568,0.0,0.0
2014-04-14 00:00:00+09:00,5798.206359573099,5881.700531150951,5742.543578521197,5853.869140625,60379,0.0,0.0
2014-04-15 00:00:00+09:00,5918.8096731085525,5918.8096731085525,5779.652705872459,5816.76123046875,101778,0.0,0.0
2014-04-16 00:00:00+09:00,5826.0373487903225,5853.868737399193,5659.049017137097,5751.8203125,244501,0.0,0.0
2014-04-17 00:00:00+09:00,5733.265958460366,5751.82021722561,5677.603182164634,5705.4345703125,109248,0.0,0.0
2014-04-18 00:00:00+09:00,5686.880827974276,5816.760651125402,5677.603697749196,5770.375,106656,0.0,0.0
2014-04-21 00:00:00+09:00,5779.651701108871,5798.205960181452,5714.711794354839,5751.8203125,62612,0.0,0.0
2014-04-22 00:00:00+09:00,5733.266146875,5807.483184375,5733.266146875,5798.2060546875,83279,0.0,0.0
2014-04-23 00:00:00+09:00,5779.651944827409,5816.760464537377,5677.603515625,5677.603515625,141805,0.0,0.0
2014-04-24 00:00:00+09:00,5696.158147786458,5779.652322591146,5538.446928710938,5566.2783203125,204683,0.0,0.0
2014-04-25 00:00:00+09:00,5566.2783203125,5621.9411035156245,5519.892667643229,5566.2783203125,105586,0.0,0.0
2014-04-28 00:00:00+09:00,5538.44622955577,5612.663264457689,5492.06058274207,5557.00048828125,132645,0.0,0.0
2014-04-29 00:00:00+09:00,5566.277737657563,5603.386255908614,5427.120794216124,5519.89208984375,138217,0.0,0.0
2014-04-30 00:00:00+09:00,5529.1689453125,5557.00033262112,5445.67478338664,5529.1689453125,84442,0.0,0.0
2014-05-02 00:00:00+09:00,5547.723478532038,5566.277737657563,5464.229312467174,5519.89208984375,82235,0.0,0.0
2014-05-07 00:00:00+09:00,5473.507021551262,5557.001196456282,5399.289977191245,5417.84423828125,113008,0.0,0.0
2014-05-08 00:00:00+09:00,5380.735505756579,5427.121156668274,5056.035949374716,5111.69873046875,291654,0.0,0.0
2014-05-09 00:00:00+09:00,5093.144588490786,5232.30154446048,5056.036066898868,5223.0244140625,107169,0.0,0.0
2014-05-12 00:00:00+09:00,5176.638726682079,5519.89254906064,5167.361596347524,5454.95263671875,195026,0.0,0.0
2014-05-13 00:00:00+09:00,5519.891982660061,6206.3995569740855,5519.891982660061,6085.796875,1608427,0.0,0.0
2014-05-14 00:00:00+09:00,6122.90576171875,6224.954191080729,6030.134462298769,6122.90576171875,851760,0.0,0.0
2014-05-15 00:00:00+09:00,6113.628631776752,6224.954191080729,6067.242982066761,6122.90576171875,432163,0.0,0.0
2014-05-16 00:00:00+09:00,6160.014278435559,6160.014278435559,5890.977510250874,5974.4716796875,345107,0.0,0.0
2014-05-19 00:00:00+09:00,5937.362887596899,5993.02566466812,5798.205944918846,5983.74853515625,434627,0.0,0.0
2014-05-20 00:00:00+09:00,6020.856620729248,6020.856620729248,5788.928399591758,5965.19384765625,261882,0.0,0.0
2014-05-21 00:00:00+09:00,5900.253820209251,6317.724609375,5863.14530561674,6317.724609375,717993,0.0,0.0
2014-05-22 00:00:00+09:00,6345.55703757824,6596.039552219486,6215.677215171668,6299.17138671875,1427665,0.0,0.0
2014-05-23 00:00:00+09:00,6336.279578091422,6512.545042196454,6234.231151504298,6475.4365234375,747821,0.0,0.0
2014-05-26 00:00:00+09:00,6466.159448242187,6466.159448242187,6308.4482421875,6308.4482421875,248507,0.0,0.0
2014-05-27 00:00:00+09:00,6280.616852883732,6354.833891027114,6132.1827765969665,6308.4482421875,355154,0.0,0.0
2014-05-28 00:00:00+09:00,6317.725311726769,6447.605127239507,6215.676885252475,6327.00244140625,290995,0.0,0.0
2014-05-29 00:00:00+09:00,6317.7252777777785,6327.002407407408,6150.736944444445,6262.0625,176764,0.0,0.0
2014-05-30 00:00:00+09:00,6234.230861131934,6299.1707659353915,6132.18243929793,6187.84521484375,166199,0.0,0.0
2014-06-02 00:00:00+09:00,6095.074099080465,6243.508171508604,6076.519840026947,6132.1826171875,140497,0.0,0.0
2014-06-03 00:00:00+09:00,6067.2434045152,6206.400363334356,6002.303490399594,6141.46044921875,178290,0.0,0.0
2014-06-05 00:00:00+09:00,6039.411321919913,6132.1826171875,6011.579933339636,6132.1826171875,170074,0.0,0.0
2014-06-09 00:00:00+09:00,6197.1226455479455,6271.339683219178,5983.748662243151,6095.07421875,196465,0.0,0.0
2014-06-10 00:00:00+09:00,6104.351348458904,6169.291256421233,5983.748662243151,6095.07421875,154312,0.0,0.0
2014-06-11 00:00:00+09:00,6030.1346704209745,6280.6171875,5965.194758585672,6280.6171875,283090,0.0,0.0
2014-06-12 00:00:00+09:00,6280.61724544365,6429.05133100805,6252.785854400326,6410.4970703125,359615,0.0,0.0
2014-06-13 00:00:00+09:00,6410.495820679416,6512.544234612084,6336.278792364748,6419.77294921875,278363,0.0,0.0
2014-06-16 00:00:00+09:00,6466.158749718975,6596.038552439299,6382.6645908273385,6447.6044921875,637093,0.0,0.0
2014-06-17 00:00:00+09:00,6456.882568359375,6540.376739501953,6280.617095947266,6382.66552734375,373267,0.0,0.0
2014-06-18 00:00:00+09:00,6382.665616184768,6586.762481818582,6317.72570439219,6577.4853515625,374992,0.0,0.0
2014-06-19 00:00:00+09:00,6614.593902076423,6725.919465645732,6577.485380886654,6642.42529296875,460080,0.0,0.0
2014-06-20 00:00:00+09:00,6651.702518284574,6651.702518284574,6447.605648825354,6540.376953125,213382,0.0,0.0
2014-06-23 00:00:00+09:00,6549.653491639254,6549.653491639254,6336.279511033443,6345.556640625,289294,0.0,0.0
2014-06-24 00:00:00+09:00,6327.001663825416,6493.989977533417,6076.5191932634125,6419.77294921875,451977,0.0,0.0
2014-06-25 00:00:00+09:00,6475.437107669214,6651.702587677402,6354.834410821507,6373.388671875,363709,0.0,0.0
2014-06-26 00:00:00+09:00,6336.280149768013,6493.991368722708,6327.003019241267,6373.388671875,237568,0.0,0.0
2014-06-27 00:00:00+09:00,6391.942565113699,6438.32821507824,6262.062745212986,6336.27978515625,167148,0.0,0.0
2014-06-30 00:00:00+09:00,6243.507990389571,6317.725024450666,6113.628180782655,6187.84521484375,432935,0.0,0.0
2014-07-01 00:00:00+09:00,6215.676817751217,6234.231076908683,6104.351262806418,6197.12255859375,209293,0.0,0.0
2014-07-02 00:00:00+09:00,6215.67703224262,6336.279720927924,6141.459993051663,6206.39990234375,338845,0.0,0.0
2014-07-03 00:00:00+09:00,6160.01446626529,6187.845856926127,6039.411773401663,6067.2431640625,429827,0.0,0.0
2014-07-04 00:00:00+09:00,6067.243511626477,6122.906296136811,5770.375327571358,5890.97802734375,1108690,0.0,0.0
2014-07-07 00:00:00+09:00,5844.591607862903,5900.254385080645,5631.217628528226,5751.8203125,388920,0.0,0.0
2014-07-08 00:00:00+09:00,5742.54351947708,6020.857421875,5696.157869077427,6020.857421875,517540,0.0,0.0
2014-07-09 00:00:00+09:00,5965.19434408787,6132.18267720386,5900.254436764985,6113.62841796875,312530,0.0,0.0
2014-07-10 00:00:00+09:00,6113.628566871856,6169.291345932905,5993.02587890625,5993.02587890625,251626,0.0,0.0
2014-07-11 00:00:00+09:00,5993.02587890625,6048.688657967299,5928.085970001694,5993.02587890625,134896,0.0,0.0
2014-07-14 00:00:00+09:00,5993.025939562306,6048.688719186724,5909.531770125679,5974.4716796875,197235,0.0,0.0
2014-07-15 00:00:00+09:00,5974.471978814752,6224.954499665681,5900.254935599662,6178.56884765625,343901,0.0,0.0
2014-07-16 00:00:00+09:00,6141.459814814815,6271.33962962963,6030.13425925926,6262.0625,289720,0.0,0.0
2014-07-17 00:00:00+09:00,6243.508146280317,6299.170923215951,6178.56823985541,6215.6767578125,217532,0.0,0.0
2014-07-18 00:00:00+09:00,6132.183372000971,6289.89459336862,6104.3519799949145,6271.34033203125,192563,0.0,0.0
2014-07-21 00:00:00+09:00,6327.002684822422,6327.002684822422,6215.677124385664,6252.78564453125,153255,0.0,0.0
2014-07-22 00:00:00+09:00,6280.616507420118,6280.616507420118,6150.736697813203,6187.84521484375,180949,0.0,0.0
2014-07-23 00:00:00+09:00,6187.846039921405,6243.508822889213,6048.689082501883,6160.0146484375,262182,0.0,0.0
2014-07-24 00:00:00+09:00,6215.676817751217,6317.725243117281,6160.014040278817,6197.12255859375,672936,0.0,0.0
2014-07-25 00:00:00+09:00,6178.5686042400785,6280.61703464044,6160.014344167285,6252.78564453125,198394,0.0,0.0
2014-07-28 00:00:00+09:00,6280.617064878995,6299.1713250411185,6122.90585350094,6169.29150390625,193433,0.0,0.0
2014-07-29 00:00:00+09:00,6095.073848613371,6169.290881777613,5826.037103392994,6057.96533203125,435539,0.0,0.0
2014-07-30 00:00:00+09:00,5993.0258513239505,6076.52001953125,5955.917332120706,6076.52001953125,114338,0.0,0.0
2014-07-31 00:00:00+09:00,6030.134462298769,6122.90576171875,5937.363162878788,6122.90576171875,177000,0.0,0.0
2014-08-01 00:00:00+09:00,5955.917481952887,6150.737212670972,5955.917481952887,6104.3515625,144047,0.0,0.0
2014-08-04 00:00:00+09:00,6067.24304380332,6262.062774567647,6002.303133548545,6252.78564453125,286869,0.0,0.0
2014-08-05 00:00:00+09:00,6252.785792599612,6642.425263355078,6252.785792599612,6577.4853515625,1585097,0.0,0.0
2014-08-06 00:00:00+09:00,6642.425081224351,6855.79907126368,6623.87082122093,6781.58203125,1187420,0.0,0.0
2014-08-07 00:00:00+09:00,6939.292917754569,7152.666897845953,6707.364678524805,7106.28125,2832270,0.0,0.0
2014-08-08 00:00:00+09:00,7106.281556124514,7254.715635625809,6994.955996498543,7161.9443359375,1453717,0.0,0.0
2014-08-11 00:00:00+09:00,7273.2692417100125,7384.594791328023,7087.726659013329,7134.1123046875,739944,0.0,0.0
2014-08-12 00:00:00+09:00,7189.775079496505,7254.714983440344,7032.063884204324,7134.1123046875,731165,0.0,0.0
2014-08-13 00:00:00+09:00,7180.498414654964,7226.884063328446,7013.510079430431,7217.60693359375,644304,0.0,0.0
2014-08-14 00:00:00+09:00,7217.607208212677,7282.5471188264155,7124.835907335907,7208.330078125,583233,0.0,0.0
2014-08-18 00:00:00+09:00,7263.992827338677,7263.992827338677,7106.281616528003,7143.39013671875,441765,0.0,0.0
2014-08-19 00:00:00+09:00,7106.281799635963,7171.221711643079,6985.679105908459,7087.7275390625,577636,0.0,0.0
2014-08-20 00:00:00+09:00,7050.618342796751,7115.558248585668,6920.738531218915,6994.95556640625,536662,0.0,0.0
2014-08-21 00:00:00+09:00,6967.124786458333,7078.450348958333,6920.739135416667,6957.84765625,367177,0.0,0.0
2014-08-22 00:00:00+09:00,7004.2328333549785,7254.71533203125,6967.124315032568,7254.71533203125,857691,0.0,0.0
2014-08-25 00:00:00+09:00,7254.715630278716,7273.269890202703,6800.136262141047,6865.076171875,754223,0.0,0.0
2014-08-26 00:00:00+09:00,6865.075984589041,6883.630244006849,6679.533390410958,6772.3046875,651365,0.0,0.0
2014-08-27 00:00:00+09:00,6772.304837321304,6790.859097149582,6596.039368952667,6651.7021484375,382586,0.0,0.0
2014-08-28 00:00:00+09:00,6633.14797895826,6725.91927936327,6549.65380859375,6549.65380859375,283740,0.0,0.0
2014-08-29 00:00:00+09:00,6577.485022240942,6809.413267030821,6549.653632866157,6753.75048828125,314972,0.0,0.0
2014-09-01 00:00:00+09:00,6735.196379206731,6800.136289199082,6605.316559222028,6633.14794921875,227772,0.0,0.0
2014-09-02 00:00:00+09:00,6605.316588836757,6660.979369079763,6475.436768269742,6549.65380859375,425913,0.0,0.0
2014-09-03 00:00:00+09:00,6531.099395448079,6596.0393042096375,6512.54513580192,6521.822265625,192806,0.0,0.0
2014-09-04 00:00:00+09:00,6493.990803190008,6512.545062627693,6206.399781905879,6243.50830078125,739136,0.0,0.0
2014-09-05 00:00:00+09:00,6243.507659341277,6484.71300725045,6243.507659341277,6447.6044921875,327244,0.0,0.0
2014-09-11 00:00:00+09:00,6456.882479239511,6651.702209216565,6447.605349240604,6633.14794921875,326160,0.0,0.0
2014-09-12 00:00:00+09:00,6660.9793392154725,6688.810729212194,6558.930909227492,6633.14794921875,325013,0.0,0.0
2014-09-15 00:00:00+09:00,6651.701755513114,6790.858696005021,6577.484720584098,6698.08740234375,308549,0.0,0.0
2014-09-16 00:00:00+09:00,6623.870020063437,6902.183886452657,6623.870020063437,6809.41259765625,438352,0.0,0.0
2014-09-17 00:00:00+09:00,6911.461975179804,6948.57049585191,6818.690673499537,6892.90771484375,505124,0.0,0.0
2014-09-18 00:00:00+09:00,6892.907191400943,6985.678486036218,6827.96728515625,6827.96728515625,267055,0.0,0.0
2014-09-19 00:00:00+09:00,6892.90683554583,6994.955254376253,6865.075448592079,6939.29248046875,332986,0.0,0.0
2014-09-22 00:00:00+09:00,7004.233186003449,7143.39013671875,6957.847535765016,7143.39013671875,622736,0.0,0.0
2014-09-23 00:00:00+09:00,7078.449928635818,7310.378170072116,7041.34141000601,7236.1611328125,765148,0.0,0.0
2014-09-24 00:00:00+09:00,7236.161923008111,7347.4874910543895,7199.053400326018,7291.82470703125,591985,0.0,0.0
2014-09-25 00:00:00+09:00,7347.4869089162485,7486.643857948753,7236.161349690245,7393.87255859375,556567,0.0,0.0
2014-09-26 00:00:00+09:00,7328.932534711597,7746.403375296435,7282.546885757726,7579.4150390625,856077,0.0,0.0
2014-09-29 00:00:00+09:00,7644.355287633145,7848.452152108787,7282.5472096990525,7403.14990234375,840471,0.0,0.0
2014-09-30 00:00:00+09:00,7468.089153010671,7616.523223132622,7282.546565358231,7607.24609375,652025,0.0,0.0
2014-10-01 00:00:00+09:00,7635.077942998907,7792.7891520280455,7505.198123798439,7690.74072265625,509368,0.0,0.0
2014-10-02 00:00:00+09:00,7700.018509000366,8043.272346148575,7597.9700709292765,7931.94677734375,574156,0.0,0.0
2014-10-06 00:00:00+09:00,7931.9476380149745,8256.64724892787,7792.790661909449,8247.3701171875,629188,0.0,0.0
2014-10-07 00:00:00+09:00,8173.151339755968,8451.465233277739,8154.597080187851,8256.6455078125,413767,0.0,0.0
2014-10-08 00:00:00+09:00,8238.091248244382,8442.18810349368,8126.765690835674,8256.6455078125,308543,0.0,0.0
2014-10-10 00:00:00+09:00,8247.367936160586,8265.922194734625,7969.054057549993,8089.65673828125,320155,0.0,0.0
2014-10-13 00:00:00+09:00,8015.441157713085,8015.441157713085,7653.633049899648,7727.85009765625,396627,0.0,0.0
2014-10-14 00:00:00+09:00,7681.463186208528,8015.439846478464,7523.751985525502,7969.05419921875,324943,0.0,0.0
2014-10-15 00:00:00+09:00,7931.9457504429765,8293.753802217569,7931.9457504429765,8098.93408203125,331952,0.0,0.0
2014-10-16 00:00:00+09:00,8163.87479178737,8182.429052677795,7876.283747985769,8006.16357421875,290953,0.0,0.0
2014-10-17 00:00:00+09:00,8033.994721441076,8071.103242094384,7690.740905397982,7783.51220703125,440971,0.0,0.0
2014-10-20 00:00:00+09:00,7792.7896676936625,7950.500887158891,7755.681145466549,7904.115234375,397396,0.0,0.0
2014-10-21 00:00:00+09:00,7904.115234375,8043.272192726673,7829.898189920775,7904.115234375,332241,0.0,0.0
2014-10-22 00:00:00+09:00,8006.163270459254,8432.911254747929,7867.006319060773,8395.802734375,773484,0.0,0.0
2014-10-23 00:00:00+09:00,8488.573827498998,8766.887723482572,8470.01956776676,8683.3935546875,833420,0.0,0.0
2014-10-24 00:00:00+09:00,8803.99486201075,8803.99486201075,8414.35546875,8414.35546875,492211,0.0,0.0
2014-10-27 00:00:00+09:00,8405.080415541945,8488.574591855275,8303.03197782565,8377.2490234375,274736,0.0,0.0
2014-10-28 00:00:00+09:00,8432.91128540039,8488.57406616211,8228.814422607422,8312.30859375,343597,0.0,0.0
2014-10-29 00:00:00+09:00,8340.13967586903,8405.079584357443,8117.488561051615,8256.6455078125,382754,0.0,0.0
2014-10-30 00:00:00+09:00,8210.260162353516,8303.031463623047,7950.500518798828,8163.87451171875,387300,0.0,0.0
2014-10-31 00:00:00+09:00,8163.8747212932,8609.176978818283,8163.8747212932,8321.5859375,513816,0.0,0.0
2014-11-03 00:00:00+09:00,8303.03202357542,8414.357592606599,8145.32080078125,8145.32080078125,309770,0.0,0.0
2014-11-04 00:00:00+09:00,8210.260285677976,8395.80289100403,8061.8262014171305,8126.76611328125,331789,0.0,0.0
2014-11-05 00:00:00+09:00,8182.427512051197,8887.489293134973,8145.318997257314,8720.5009765625,1281625,0.0,0.0
2014-11-06 00:00:00+09:00,8785.440516063996,9110.140007154007,8683.392104578565,8915.3203125,1464446,0.0,0.0
2014-11-07 00:00:00+09:00,9008.094149370336,9369.902256296642,8859.660054221082,9323.5166015625,1481736,0.0,0.0
2014-11-10 00:00:00+09:00,9323.514788227698,9509.057371077999,9100.863688807334,9202.912109375,732812,0.0,0.0
2014-11-11 00:00:00+09:00,9054.479804104478,9416.287911030784,9035.92554221082,9323.5166015625,563750,0.0,0.0
2014-11-12 00:00:00+09:00,9369.900433940273,9416.286079652848,9156.526463662425,9202.912109375,459899,0.0,0.0
2014-11-13 00:00:00+09:00,9249.298268479568,9833.757436899039,9249.298268479568,9648.21484375,1111636,0.0,0.0
2014-11-14 00:00:00+09:00,9648.21484375,9740.98614032452,9416.286602313703,9648.21484375,509461,0.0,0.0
2014-11-17 00:00:00+09:00,9601.829428710938,9740.986376953126,9184.358583984374,9277.1298828125,662724,0.0,0.0
2014-11-18 00:00:00+09:00,9369.900862394325,9694.600397229771,9277.129566727053,9601.8291015625,582652,0.0,0.0
2014-11-19 00:00:00+09:00,9648.21590909091,10065.686789772728,9416.287642045454,9694.6015625,694295,0.0,0.0
2014-11-20 00:00:00+09:00,9648.215640169903,9833.75824863471,9509.058683821298,9555.4443359375,429176,0.0,0.0
2014-11-21 00:00:00+09:00,9601.830255681818,9787.372869318182,9323.516335227272,9694.6015625,539866,0.0,0.0
2014-11-24 00:00:00+09:00,9694.601929919554,9787.373240253713,9323.51668858292,9369.90234375,447371,0.0,0.0
2014-11-25 00:00:00+09:00,9416.28632336128,9555.44326410061,9212.189476943598,9509.0576171875,367803,0.0,0.0
2014-11-26 00:00:00+09:00,9555.4427734375,9787.37099609375,9277.12890625,9740.9853515625,460722,0.0,0.0
2014-11-27 00:00:00+09:00,9740.986944402306,9740.986944402306,9462.673031705097,9555.4443359375,236665,0.0,0.0
2014-11-28 00:00:00+09:00,9601.829988053702,9601.829988053702,9369.901727472694,9555.4443359375,168401,0.0,0.0
2014-12-01 00:00:00+09:00,9462.671778786946,9509.057424761391,9184.35790294027,9416.2861328125,403395,0.0,0.0
2014-12-02 00:00:00+09:00,9416.287678787588,9555.444639557849,8850.382704988531,9100.865234375,738256,0.0,0.0
2014-12-03 00:00:00+09:00,9008.092654246795,9128.695336538462,8766.887289663462,9045.201171875,708112,0.0,0.0
2014-12-04 00:00:00+09:00,9147.250064453125,9323.515532226564,9063.755895507813,9277.1298828125,337224,0.0,0.0
2014-12-05 00:00:00+09:00,9267.853902382427,9462.67365408416,9137.974067914603,9369.90234375,518358,0.0,0.0
2014-12-08 00:00:00+09:00,9277.131033415842,9416.28799891708,9230.745378248763,9369.90234375,301365,0.0,0.0
2014-12-09 00:00:00+09:00,9509.059309251237,9694.601929919554,9323.51668858292,9369.90234375,420101,0.0,0.0
2014-12-10 00:00:00+09:00,9277.129407051281,9323.515054086538,8998.815524839743,9045.201171875,416176,0.0,0.0
2014-12-11 00:00:00+09:00,8998.815548977744,9193.635267048396,8906.044254658385,8961.70703125,348700,0.0,0.0
2014-12-12 00:00:00+09:00,8961.705954084287,9035.922980619147,8711.223489529137,8915.3203125,321122,0.0,0.0
2014-12-15 00:00:00+09:00,8748.333506440778,9277.12991139001,8748.333506440778,9193.6357421875,339537,0.0,0.0
2014-12-16 00:00:00+09:00,9175.082316583075,9184.359447337964,8785.44282487783,9017.37109375,280869,0.0,0.0
2014-12-17 00:00:00+09:00,8933.875571371127,9045.201123662355,8757.61011357668,8831.8271484375,300722,0.0,0.0
2014-12-18 00:00:00+09:00,8906.04382780083,8989.537988686463,8720.50124805498,8943.15234375,278224,0.0,0.0
2014-12-19 00:00:00+09:00,8961.707076671511,9240.020961040193,8961.707076671511,9175.0810546875,366561,0.0,0.0
2014-12-22 00:00:00+09:00,9175.08095941311,9416.28632336128,9073.032536204268,9128.6953125,326948,0.0,0.0
2014-12-23 00:00:00+09:00,9110.141053734756,9240.020865091463,9008.092630525915,9128.6953125,192930,0.0,0.0
2014-12-24 00:00:00+09:00,9054.47796843047,9165.803517222648,8850.381128978144,9073.0322265625,224972,0.0,0.0
2014-12-26 00:00:00+09:00,9073.032655054209,9202.912468112245,8906.044323979591,9091.5869140625,169436,0.0,0.0
2014-12-29 00:00:00+09:00,8998.815778669294,9416.286613762199,8998.815778669294,9267.8525390625,316422,0.0,0.0
2014-12-30 00:00:00+09:00,9323.515305739184,9787.37178861178,9323.515305739184,9648.21484375,665179,0.0,0.0
2015-01-02 00:00:00+09:00,9740.9853515625,9972.91357421875,9694.59970703125,9740.9853515625,485801,0.0,0.0
2015-01-05 00:00:00+09:00,9880.143645955022,9972.914947794976,9740.986693195093,9926.529296875,472999,0.0,0.0
2015-01-06 00:00:00+09:00,9833.75693221831,10112.07080765845,9787.37128631162,9880.142578125,583576,0.0,0.0
2015-01-07 00:00:00+09:00,9880.142190175515,10204.84169877283,9694.599613834189,10158.4560546875,521412,0.0,0.0
2015-01-08 00:00:00+09:00,10251.228969337666,10622.3141808974,10112.072015002765,10483.1572265625,834938,0.0,0.0
2015-01-09 00:00:00+09:00,10483.156950672646,10575.928251121077,9926.529147982063,10344.0,992396,0.0,0.0
2015-01-12 00:00:00+09:00,10344.000272227599,10483.1572265625,10112.072015002765,10483.1572265625,398358,0.0,0.0
2015-01-13 00:00:00+09:00,10436.771018288353,10529.542316228693,10019.30017755682,10204.8427734375,397229,0.0,0.0
2015-01-14 00:00:00+09:00,10158.45712446733,10297.614071377842,10019.30017755682,10204.8427734375,269371,0.0,0.0
2015-01-15 00:00:00+09:00,10019.301843317971,10390.387096774193,9926.530529953916,10065.6875,433014,0.0,0.0
2015-01-16 00:00:00+09:00,9972.914947794976,10112.071900554905,9833.757995035046,9926.529296875,387244,0.0,0.0
2015-01-19 00:00:00+09:00,9972.915129484954,10158.457736545139,9880.143825954861,10019.30078125,402441,0.0,0.0
2015-01-20 00:00:00+09:00,9972.914344717603,10112.0712890625,9555.443511682912,10112.0712890625,615935,0.0,0.0
2015-01-21 00:00:00+09:00,10112.07147549716,10436.771018288353,9972.914528586649,10204.8427734375,745455,0.0,0.0
2015-01-22 00:00:00+09:00,10390.384275114155,10529.541207370148,9833.756546090182,10158.4560546875,710887,0.0,0.0
2015-01-23 00:00:00+09:00,10158.457736545139,10297.614691840277,10019.30078125,10019.30078125,360199,0.0,0.0
2015-01-26 00:00:00+09:00,9972.9150390625,10065.686341751452,9833.758085029069,9972.9150390625,390478,0.0,0.0
2015-01-27 00:00:00+09:00,10112.072084780093,10204.843388310186,9833.758174189816,10019.30078125,346628,0.0,0.0
2015-01-28 00:00:00+09:00,9926.52822403169,9972.91386993838,9740.98564040493,9880.142578125,356248,0.0,0.0
2015-01-29 00:00:00+09:00,9787.373559907834,10112.073156682027,9694.602246543778,10065.6875,280277,0.0,0.0
2015-01-30 00:00:00+09:00,10065.685968046504,10204.842916913507,9787.3720703125,9787.3720703125,355466,0.0,0.0
2015-02-02 00:00:00+09:00,9740.986420690166,9833.757719934834,9601.829471823165,9787.3720703125,265497,0.0,0.0
2015-02-03 00:00:00+09:00,9740.986693195093,10065.68624963493,9648.21539135514,9926.529296875,241474,0.0,0.0
2015-02-04 00:00:00+09:00,10019.301136363636,10112.072443181818,9648.21590909091,9694.6015625,344576,0.0,0.0
2015-02-05 00:00:00+09:00,9648.21484375,9833.757436899039,9555.44354717548,9648.21484375,221470,0.0,0.0
2015-02-06 00:00:00+09:00,9740.98614032452,9833.757436899039,9601.82919546274,9648.21484375,221764,0.0,0.0
2015-02-09 00:00:00+09:00,9694.601839435634,9787.373148903918,9277.130946828358,9323.5166015625,470870,0.0,0.0
2015-02-10 00:00:00+09:00,9323.515532226564,9416.286831054687,9073.033025390625,9277.1298828125,384520,0.0,0.0
2015-02-11 00:00:00+09:00,9416.287642045454,9787.372869318182,9369.901988636364,9694.6015625,490628,0.0,0.0
2015-02-12 00:00:00+09:00,9740.98564040493,10065.68516175176,9555.44305677817,9880.142578125,381437,0.0,0.0
2015-02-13 00:00:00+09:00,10019.299958881578,10622.313382332784,9926.528662966008,10575.927734375,1348307,0.0,0.0
2015-02-16 00:00:00+09:00,10715.084177172746,11178.940635059012,10622.312885595495,10807.85546875,1168015,0.0,0.0
2015-02-17 00:00:00+09:00,10854.2421875,10947.013488247863,10622.313935630342,10854.2421875,435949,0.0,0.0
2015-02-23 00:00:00+09:00,10947.012599734042,10993.398246343086,10622.313073470745,10900.626953125,397997,0.0,0.0
2015-02-24 00:00:00+09:00,11086.169861910636,11364.483749657345,10575.927734375,10575.927734375,1210778,0.0,0.0
2015-02-25 00:00:00+09:00,10622.313094618055,10622.313094618055,10251.227921006945,10436.7705078125,616064,0.0,0.0
2015-02-26 00:00:00+09:00,10436.770974864132,10761.470516304349,10436.770974864132,10668.69921875,399976,0.0,0.0
2015-02-27 00:00:00+09:00,10715.085758392468,10854.24271629367,10529.543147857534,10622.314453125,305518,0.0,0.0
2015-03-02 00:00:00+09:00,10575.927921195653,10947.013111413044,10483.156623641305,10668.69921875,445742,0.0,0.0
2015-03-03 00:00:00+09:00,10622.314993722099,10761.471958705357,10390.38671875,10390.38671875,296714,0.0,0.0
2015-03-04 00:00:00+09:00,10344.0,10436.77130044843,10158.45739910314,10344.0,468603,0.0,0.0
2015-03-05 00:00:00+09:00,10390.385369318183,10529.542316228693,10204.8427734375,10204.8427734375,541893,0.0,0.0
2015-03-06 00:00:00+09:00,10343.999529637327,10390.385177752292,10065.685640947533,10112.0712890625,371795,0.0,0.0
2015-03-09 00:00:00+09:00,10112.0705078125,10112.0705078125,9694.59970703125,9740.9853515625,587104,0.0,0.0
2015-03-10 00:00:00+09:00,9880.143645955022,9972.914947794976,9648.21539135514,9926.529296875,495799,0.0,0.0
2015-03-11 00:00:00+09:00,9740.98614032452,9833.757436899039,9555.44354717548,9648.21484375,348244,0.0,0.0
2015-03-12 00:00:00+09:00,9648.215479651162,9972.9150390625,9601.829828306685,9972.9150390625,231913,0.0,0.0
2015-03-13 00:00:00+09:00,10019.30017755682,10297.614071377842,9972.914528586649,10204.8427734375,542822,0.0,0.0
2015-03-16 00:00:00+09:00,10251.230126728111,10344.001440092166,10019.301843317971,10065.6875,209529,0.0,0.0
2015-03-17 00:00:00+09:00,10158.4560546875,10204.84169877283,9926.527834260845,10158.4560546875,231341,0.0,0.0
2015-03-18 00:00:00+09:00,10112.072015002765,10575.928529452434,10019.300712112832,10483.1572265625,602242,0.0,0.0
2015-03-19 00:00:00+09:00,10575.927163178067,10668.698454083136,9740.98554503243,9833.7568359375,1195287,0.0,0.0
2015-03-20 00:00:00+09:00,9740.986944402306,9787.372596518508,9323.516075356492,9555.4443359375,899774,0.0,0.0
2015-03-23 00:00:00+09:00,9648.214557926829,9648.214557926829,9416.28632336128,9509.0576171875,398102,0.0,0.0
2015-03-24 00:00:00+09:00,9555.443453728865,9648.214749396137,9369.900862394325,9601.8291015625,342514,0.0,0.0
2015-03-25 00:00:00+09:00,9601.82870268486,9926.52822403169,9416.286119058099,9880.142578125,537085,0.0,0.0
2015-03-26 00:00:00+09:00,9648.21590909091,9833.758522727272,9601.830255681818,9694.6015625,223561,0.0,0.0
2015-03-27 00:00:00+09:00,9740.98614032452,9740.98614032452,9555.44354717548,9648.21484375,163304,0.0,0.0
2015-03-30 00:00:00+09:00,9648.214254127359,9833.7568359375,9601.828608674823,9833.7568359375,159193,0.0,0.0
2015-03-31 00:00:00+09:00,9880.144873271889,10112.073156682027,9740.987903225807,10065.6875,374398,0.0,0.0
2015-04-01 00:00:00+09:00,10112.070708652713,10343.99893591539,9787.371190484964,9833.7568359375,423565,0.0,0.0
2015-04-02 00:00:00+09:00,9880.143369557169,10019.300318424172,9694.600771067831,9787.3720703125,239534,0.0,0.0
2015-04-03 00:00:00+09:00,9833.756640624999,9926.5279296875,9740.9853515625,9740.9853515625,234571,0.0,0.0
2015-04-06 00:00:00+09:00,9740.986944402306,9787.372596518508,9462.673031705097,9555.4443359375,360311,0.0,0.0
2015-04-07 00:00:00+09:00,9601.829988053702,9787.372596518508,9462.673031705097,9555.4443359375,240011,0.0,0.0
2015-04-08 00:00:00+09:00,9601.82891101372,9740.985851753048,9509.0576171875,9509.0576171875,221164,0.0,0.0
2015-04-09 00:00:00+09:00,9555.44354717548,9740.98614032452,9462.672250600963,9648.21484375,236967,0.0,0.0
2015-04-10 00:00:00+09:00,9694.601292286105,9694.601292286105,9509.058683821298,9555.4443359375,294591,0.0,0.0
2015-04-13 00:00:00+09:00,9694.600008659174,9694.600008659174,9323.514840863609,9416.2861328125,512836,0.0,0.0
2015-04-14 00:00:00+09:00,9369.899894907994,9462.671180996193,9073.03177942576,9137.9716796875,779717,0.0,0.0
2015-04-15 00:00:00+09:00,9100.863924352134,9555.44326410061,9100.863924352134,9509.0576171875,610155,0.0,0.0
2015-04-16 00:00:00+09:00,9509.057910449512,9509.057910449512,9258.575409393768,9267.8525390625,323374,0.0,0.0
2015-04-17 00:00:00+09:00,9277.129454220942,9369.900748763152,9240.020936404058,9258.5751953125,185406,0.0,0.0
2015-04-20 00:00:00+09:00,9258.574608164387,9267.851737030282,8933.87509785802,8980.2607421875,535517,0.0,0.0
2015-04-21 00:00:00+09:00,8998.816779341727,9045.202432843489,8841.105557435738,8887.4912109375,505469,0.0,0.0
2015-04-22 00:00:00+09:00,8906.045436918304,9063.756658197066,8776.165607629911,8970.9853515625,384335,0.0,0.0
2015-04-23 00:00:00+09:00,8924.598658430614,9017.369954256295,8803.995973857227,8841.1044921875,232562,0.0,0.0
2015-04-24 00:00:00+09:00,8933.874765496505,8970.983279579565,8377.247054250616,8460.7412109375,631119,0.0,0.0
2015-04-27 00:00:00+09:00,8488.57275910073,8748.332362657911,8432.909986909906,8720.5009765625,232179,0.0,0.0
2015-04-28 00:00:00+09:00,8794.717921161167,9175.080194122778,8627.72960620241,9137.9716796875,795152,0.0,0.0
2015-04-29 00:00:00+09:00,9156.526388156633,9212.189162552722,8813.272612714085,9073.0322265625,400526,0.0,0.0
2015-04-30 00:00:00+09:00,9045.201073062433,9045.201073062433,8525.68183194295,8618.453125,519595,0.0,0.0
2015-05-04 00:00:00+09:00,8711.225001914829,8729.779261769812,8507.128143510008,8516.4052734375,271585,0.0,0.0
2015-05-06 00:00:00+09:00,8405.080667335895,8525.683370068087,8265.923702644903,8303.0322265625,244721,0.0,0.0
2015-05-07 00:00:00+09:00,8442.187304687499,8933.875136718749,8349.416015625,8813.2724609375,596419,0.0,0.0
2015-05-08 00:00:00+09:00,8813.273902078277,9880.14390075091,8813.273902078277,9555.4443359375,1552419,0.0,0.0
2015-05-11 00:00:00+09:00,9462.67365408416,9648.216274752476,9267.853902382427,9369.90234375,529271,0.0,0.0
2015-05-12 00:00:00+09:00,9369.902153835083,9369.902153835083,9063.7568359375,9063.7568359375,375215,0.0,0.0
2015-05-13 00:00:00+09:00,9063.755223406712,9694.600008659174,9063.755223406712,9416.2861328125,845226,0.0,0.0
2015-05-14 00:00:00+09:00,9416.287732608354,9509.059040318782,9221.467986416457,9230.7451171875,268161,0.0,0.0
2015-05-15 00:00:00+09:00,9416.28799891708,9509.059309251237,9258.57677134901,9369.90234375,535801,0.0,0.0
2015-05-18 00:00:00+09:00,9509.056926688761,9509.056926688761,9091.586134785353,9184.357421875,315075,0.0,0.0
2015-05-19 00:00:00+09:00,9184.3576171875,9184.3576171875,8720.501171875,8813.2724609375,639627,0.0,0.0
2015-05-20 00:00:00+09:00,8776.16482514881,8998.815941220239,8683.393526785714,8766.8876953125,406384,0.0,0.0
2015-05-21 00:00:00+09:00,8831.826977826902,8915.321140432408,8637.007265080721,8655.5615234375,232073,0.0,0.0
2015-05-22 00:00:00+09:00,8655.562891038799,8813.274111990202,8609.177237817798,8757.611328125,373125,0.0,0.0
2015-05-26 00:00:00+09:00,8766.888278740633,8970.985148721895,8627.731321935225,8664.83984375,287365,0.0,0.0
2015-05-27 00:00:00+09:00,8572.066819852942,8701.946620153743,8442.187019552139,8674.115234375,303640,0.0,0.0
2015-05-28 00:00:00+09:00,8757.610088315218,8850.381381623642,8507.127596382472,8534.958984375,347697,0.0,0.0
2015-05-29 00:00:00+09:00,8618.454916207902,8952.431640625,8581.346391272667,8952.431640625,460076,0.0,0.0
2015-06-01 00:00:00+09:00,8952.43085357569,8952.43085357569,8674.116941029295,8748.333984375,222172,0.0,0.0
2015-06-02 00:00:00+09:00,8683.39173618709,8766.88588749658,8395.800770565509,8479.294921875,320092,0.0,0.0
2015-06-03 00:00:00+09:00,8395.802584380106,8572.068053002451,8284.477025250204,8516.4052734375,351069,0.0,0.0
2015-06-04 00:00:00+09:00,8470.019437680685,8553.513605193419,8358.69388099704,8423.6337890625,127279,0.0,0.0
2015-06-05 00:00:00+09:00,8377.248353057963,8488.573912567039,8293.754183426156,8432.9111328125,225750,0.0,0.0
2015-06-08 00:00:00+09:00,8340.140500631576,8442.188938347868,8293.75484712417,8377.2490234375,171750,0.0,0.0
2015-06-09 00:00:00+09:00,8442.187115608378,8859.657907039562,8442.187115608378,8720.5009765625,516470,0.0,0.0
2015-06-10 00:00:00+09:00,8720.502166910203,8785.442076663789,8562.790957508634,8729.779296875,248454,0.0,0.0
2015-06-11 00:00:00+09:00,8729.780406697591,9221.468357340495,8729.780406697591,8906.0458984375,785123,0.0,0.0
2015-06-12 00:00:00+09:00,8933.875497651254,8943.152626932304,8627.7302313766,8701.947265625,285742,0.0,0.0
2015-06-15 00:00:00+09:00,8599.899348815718,8859.658983947153,8442.188141771632,8470.01953125,196093,0.0,0.0
2015-06-16 00:00:00+09:00,8414.357025146484,8479.296936035156,8061.826080322266,8163.87451171875,437927,0.0,0.0
2015-06-17 00:00:00+09:00,8228.814722708217,8414.357332013928,8154.597678985934,8367.9716796875,166224,0.0,0.0
2015-06-18 00:00:00+09:00,8321.584800479463,8534.958769722525,8200.982122211644,8525.681640625,187967,0.0,0.0
2015-06-19 00:00:00+09:00,8488.573432221283,8711.224538640203,8442.187785050675,8581.3447265625,136754,0.0,0.0
2015-06-22 00:00:00+09:00,8516.404145196144,8998.814837516622,8488.57275910073,8720.5009765625,295858,0.0,0.0
2015-06-23 00:00:00+09:00,8701.947814419738,8813.273372813168,8609.176515758547,8683.3935546875,178847,0.0,0.0
2015-06-24 00:00:00+09:00,8655.562319003599,8859.6591796875,8655.562319003599,8859.6591796875,286625,0.0,0.0
2015-06-25 00:00:00+09:00,8822.55093025129,9110.14197003866,8766.888148356958,8998.81640625,416007,0.0,0.0
2015-06-26 00:00:00+09:00,8933.876250123876,9156.527371622291,8748.3336488752,8776.1650390625,486773,0.0,0.0
2015-08-07 00:00:00+09:00,4156.154086538461,4174.708345853365,3488.200751201923,3618.08056640625,10725270,0.0,0.0
2015-08-10 00:00:00+09:00,3868.563144323194,3970.6115725907125,3483.562255859375,3483.562255859375,4188810,0.0,0.0
2015-08-11 00:00:00+09:00,3534.586491814322,3924.2259476048775,3492.839407265334,3738.683349609375,4078895,0.0,0.0
2015-08-12 00:00:00+09:00,3720.1292265139755,3803.6233986801244,3608.8036636257766,3734.044921875,1304211,0.0,0.0
2015-08-13 00:00:00+09:00,3775.791992799381,3836.09333912173,3631.996474646088,3701.574951171875,1701651,0.0,0.0
2015-08-17 00:00:00+09:00,3710.852002785059,3720.1291327920217,3529.9479676492874,3539.22509765625,825020,0.0,0.0
2015-08-18 00:00:00+09:00,3571.695114356884,3650.55072077775,3488.2009428524375,3520.6708984375,728616,0.0,0.0
2015-08-19 00:00:00+09:00,3520.6707874644885,3562.4178719008264,3321.212495157541,3367.59814453125,680988,0.0,0.0
2015-08-20 00:00:00+09:00,3302.658233384683,3413.9837918133803,3284.103973646567,3293.381103515625,318165,0.0,0.0
2015-08-21 00:00:00+09:00,3061.4527389171512,3228.441070130814,2968.6814437984494,2991.874267578125,475154,0.0,0.0
2015-08-24 00:00:00+09:00,2885.1875016551908,3047.537280687235,2727.4762877383478,2736.75341796875,599305,0.0,0.0
2015-08-25 00:00:00+09:00,2824.886038848598,3557.779296875,2727.476175440026,3557.779296875,1909297,0.0,0.0
2015-08-26 00:00:00+09:00,3664.4662146935098,3757.237511268029,3543.863529146635,3618.08056640625,2341581,0.0,0.0
2015-08-27 00:00:00+09:00,3766.514529344512,3785.068788109756,3599.5262004573174,3613.44189453125,877019,0.0,0.0
2015-08-28 00:00:00+09:00,3710.85165393368,3710.85165393368,3557.7790232089155,3567.05615234375,552557,0.0,0.0
2015-08-31 00:00:00+09:00,3488.2009583333333,3571.695130208333,3423.261046875,3478.923828125,384778,0.0,0.0
2015-09-01 00:00:00+09:00,3465.00808711724,3599.526473364094,3441.8152619022653,3455.73095703125,288716,0.0,0.0
2015-09-02 00:00:00+09:00,3376.875441369249,3488.201005370433,3349.0440503689533,3427.899658203125,245293,0.0,0.0
2015-09-03 00:00:00+09:00,3502.1164123694516,3729.4060868146216,3446.453634954308,3553.140625,508832,0.0,0.0
2015-09-04 00:00:00+09:00,3553.140805511907,3618.0807157954146,3242.3569491551216,3274.826904296875,539615,0.0,0.0
2015-09-07 00:00:00+09:00,3256.2728148881006,3293.3813369950876,3056.814508563046,3186.6943359375,221582,0.0,0.0
2015-09-08 00:00:00+09:00,3316.573533751124,3330.48922689973,3191.3322954136693,3223.80224609375,146441,0.0,0.0
2015-09-09 00:00:00+09:00,3316.573854396287,3372.236632372169,3279.465335745699,3353.682373046875,119610,0.0,0.0
2015-09-10 00:00:00+09:00,3321.2123981584823,3418.622258998326,3246.995361328125,3246.995361328125,200397,0.0,0.0
2015-09-11 00:00:00+09:00,3293.380954318576,3339.7666015625,3265.5495659722224,3339.7666015625,174491,0.0,0.0
2015-09-14 00:00:00+09:00,3339.7666918329833,3381.513775480895,3307.296737884607,3311.935302734375,100327,0.0,0.0
2015-09-15 00:00:00+09:00,3209.8868997012864,3242.3568538890163,3024.3443043428306,3154.22412109375,449574,0.0,0.0
2015-09-16 00:00:00+09:00,3158.86269982419,3191.3326541542474,3103.199920972662,3112.47705078125,204342,0.0,0.0
2015-09-17 00:00:00+09:00,3168.1397989848397,3186.6940584225254,3103.1998909529393,3121.754150390625,121419,0.0,0.0
2015-09-18 00:00:00+09:00,3135.6699673989665,3144.9470974800283,3061.45292675047,3084.645751953125,212213,0.0,0.0
2015-09-21 00:00:00+09:00,3075.368543122944,3080.0071080446983,2996.512939453125,2996.512939453125,188929,0.0,0.0
2015-09-22 00:00:00+09:00,3005.7901764151857,3042.898697111669,2996.513046241065,3001.151611328125,121476,0.0,0.0
2015-09-23 00:00:00+09:00,3001.1511815191243,3015.0668747873738,2945.488408446127,2982.596923828125,162746,0.0,0.0
2015-09-24 00:00:00+09:00,2973.3201906177774,3015.067275977465,2950.1273654179504,3010.4287109375,184257,0.0,0.0
2015-09-25 00:00:00+09:00,3015.0671257053777,3070.7299034107077,2982.597172043935,3056.814208984375,104340,0.0,0.0
2015-09-30 00:00:00+09:00,3061.4528368340166,3144.9470051113076,3019.705752695371,3112.47705078125,212227,0.0,0.0
2015-10-01 00:00:00+09:00,3084.6456774146154,3158.862716269704,3080.0071124861724,3144.947021484375,161105,0.0,0.0
2015-10-02 00:00:00+09:00,3154.224151341261,3209.886930482577,3135.669891627489,3144.947021484375,96592,0.0,0.0
2015-10-05 00:00:00+09:00,3144.946944444445,3195.9711574074076,3131.03125,3131.03125,144922,0.0,0.0
2015-10-06 00:00:00+09:00,3140.3085324394974,3168.1399226826834,3084.645751953125,3084.645751953125,130808,0.0,0.0
2015-10-07 00:00:00+09:00,3084.645445546087,3223.8023829391436,3084.645445546087,3219.163818359375,152538,0.0,0.0
2015-10-08 00:00:00+09:00,3182.055449904057,3214.5254034745067,3131.0312371504933,3172.7783203125,80510,0.0,0.0
2015-10-12 00:00:00+09:00,3195.9713753231167,3195.9713753231167,3084.6458121768833,3140.30859375,168786,0.0,0.0
2015-10-13 00:00:00+09:00,3140.308456555932,3168.13984612659,3103.199937128388,3144.947021484375,62085,0.0,0.0
2015-10-14 00:00:00+09:00,3154.2239475965143,3154.2239475965143,3075.3683489066016,3093.922607421875,126600,0.0,0.0
2015-10-15 00:00:00+09:00,3093.9228820341873,3121.7542722773733,3061.45292675047,3084.645751953125,185043,0.0,0.0
2015-10-16 00:00:00+09:00,3131.031510636613,3131.031510636613,3066.0915978234093,3089.284423828125,65793,0.0,0.0
2015-10-19 00:00:00+09:00,3093.9227776022517,3154.22412109375,3084.645647834329,3154.22412109375,93492,0.0,0.0
2015-10-20 00:00:00+09:00,3135.6699981015277,3191.332779132916,3103.200042499885,3149.585693359375,78976,0.0,0.0
2015-10-21 00:00:00+09:00,3163.501203703704,3163.501203703704,3107.838425925926,3131.03125,82629,0.0,0.0
2015-10-22 00:00:00+09:00,3103.199839586129,3131.031228281969,3024.34423828125,3024.34423828125,105342,0.0,0.0
2015-10-23 00:00:00+09:00,3033.6215211816107,3084.645736369681,3024.3443911474164,3052.17578125,54737,0.0,0.0
2015-10-26 00:00:00+09:00,3080.00732421875,3107.838715702654,3047.537367487528,3080.00732421875,36689,0.0,0.0
2015-10-27 00:00:00+09:00,3098.561201046675,3098.561201046675,2894.46435546875,2894.46435546875,173768,0.0,0.0
2015-10-28 00:00:00+09:00,2903.741881355407,2964.043230329241,2889.826185438368,2922.296142578125,66754,0.0,0.0
2015-10-29 00:00:00+09:00,2982.5971330360694,2982.5971330360694,2908.380097066276,2917.6572265625,45702,0.0,0.0
2015-10-30 00:00:00+09:00,2894.464415322581,2950.1271925403225,2857.3558971774196,2875.91015625,70604,0.0,0.0
2015-11-02 00:00:00+09:00,2866.633086761871,3005.790032721185,2838.801697570008,2857.35595703125,85929,0.0,0.0
2015-11-03 00:00:00+09:00,2861.9945218965604,2917.657300280286,2843.4402624353183,2857.35595703125,50810,0.0,0.0
2015-11-04 00:00:00+09:00,2857.355879766517,2903.741527165324,2820.2473618474714,2843.440185546875,69816,0.0,0.0
2015-11-05 00:00:00+09:00,2838.8016808420566,2871.271634707897,2820.2474214901476,2824.885986328125,64991,0.0,0.0
2015-11-06 00:00:00+09:00,2829.5244860369558,2857.3558744242046,2759.9460150688337,2769.22314453125,104856,0.0,0.0
2015-11-09 00:00:00+09:00,2783.1391318259384,2792.4162622653585,2713.56065353029,2718.19921875,75836,0.0,0.0
2015-11-10 00:00:00+09:00,2606.873461277174,2708.921888586957,2597.596331521739,2667.1748046875,101437,0.0,0.0
2015-11-11 00:00:00+09:00,2704.283259828629,2973.3200163810484,2704.283259828629,2875.91015625,136681,0.0,0.0
2015-11-12 00:00:00+09:00,2871.2717273009953,2936.2116371268658,2778.5004275497513,2797.0546875,52296,0.0,0.0
2015-11-13 00:00:00+09:00,2773.861739266019,2797.0545631729256,2722.8375266708244,2759.946044921875,45006,0.0,0.0
2015-11-16 00:00:00+09:00,2746.03028516295,2773.8616731882503,2699.6446384541164,2704.283203125,30313,0.0,0.0
2015-11-17 00:00:00+09:00,2690.367721688034,2750.6690671741453,2676.4520265758547,2713.560546875,68839,0.0,0.0
2015-11-18 00:00:00+09:00,2718.1990324094522,2718.1990324094522,2625.427734375,2625.427734375,119942,0.0,0.0
2015-11-19 00:00:00+09:00,2616.150442684398,2620.7890072990867,2490.9091980878043,2523.379150390625,366226,0.0,0.0
2015-11-20 00:00:00+09:00,2528.0180194223526,2657.897844273409,2523.3794542491005,2579.042236328125,117122,0.0,0.0
2015-11-23 00:00:00+09:00,2495.548019494743,2523.379410046729,2449.1623685747663,2481.63232421875,273326,0.0,0.0
2015-11-24 00:00:00+09:00,2504.8251806549015,2514.102310953623,2439.8852685638485,2472.355224609375,176384,0.0,0.0
2015-11-25 00:00:00+09:00,2476.9936826318726,2481.6322475806214,2439.885163041882,2467.716552734375,137262,0.0,0.0
2015-11-26 00:00:00+09:00,2467.716765785932,2537.295246024257,2467.716765785932,2476.993896484375,234831,0.0,0.0
2015-11-27 00:00:00+09:00,2523.379410046729,2537.295105322722,2476.993759126752,2481.63232421875,137014,0.0,0.0
2015-11-30 00:00:00+09:00,2476.99341796875,2495.54767578125,2425.9692089843747,2435.246337890625,116377,0.0,0.0
2015-12-01 00:00:00+09:00,2439.8853185600915,2449.162449048913,2319.28262220541,2347.114013671875,230215,0.0,0.0
2015-12-02 00:00:00+09:00,2374.9451530612246,2416.692235829879,2258.981034259407,2272.896728515625,350767,0.0,0.0
2015-12-03 00:00:00+09:00,2277.535293267698,2282.1738580197703,2235.7882104990435,2272.896728515625,93633,0.0,0.0
2015-12-04 00:00:00+09:00,2272.896505006602,2337.836405149648,2254.342247822875,2305.366455078125,92470,0.0,0.0
2015-12-07 00:00:00+09:00,2314.643612886679,2328.559305950126,2291.4507911142678,2296.08935546875,46152,0.0,0.0
2015-12-08 00:00:00+09:00,2272.8969899135914,2296.089816341281,2221.8727717726742,2231.14990234375,110488,0.0,0.0
2015-12-09 00:00:00+09:00,2217.233758934508,2226.5108876329787,2180.125244140625,2180.125244140625,99816,0.0,0.0
2015-12-10 00:00:00+09:00,2143.0167773437497,2212.595244140625,2031.6912304687498,2087.35400390625,308886,0.0,0.0
2015-12-11 00:00:00+09:00,2073.438044494216,2105.907991499718,2036.3295336307845,2054.8837890625,131542,0.0,0.0
2015-12-14 00:00:00+09:00,2013.1369428790983,2040.9683291861827,1952.8356058804159,1980.6669921875,135899,0.0,0.0
2015-12-15 00:00:00+09:00,1957.4745474801937,2022.414461377641,1957.4745474801937,1976.02880859375,81859,0.0,0.0
2015-12-16 00:00:00+09:00,1989.944427419428,2073.438599199264,1989.944427419428,1999.2215576171875,298365,0.0,0.0
2015-12-17 00:00:00+09:00,2022.4145577566965,2597.5966796875,2022.4145577566965,2597.5966796875,2260766,0.0,0.0
2015-12-18 00:00:00+09:00,2565.126368021377,2695.0061841237252,2421.3308573366344,2444.523681640625,2220560,0.0,0.0
2015-12-21 00:00:00+09:00,2430.607944644517,2528.0178050214918,2412.053685525093,2495.5478515625,626041,0.0,0.0
2015-12-22 00:00:00+09:00,2495.5479090628014,2518.740733496471,2393.4994815546575,2402.776611328125,381889,0.0,0.0
2015-12-23 00:00:00+09:00,2370.307193432569,2467.7170780941815,2319.2829681336293,2351.7529296875,371852,0.0,0.0
2015-12-24 00:00:00+09:00,2361.0293856975336,2402.7764671735213,2319.282304221546,2333.197998046875,172842,0.0,0.0
2015-12-28 00:00:00+09:00,2333.1979601027288,2370.306476366788,2235.788104909573,2268.258056640625,251415,0.0,0.0
2015-12-29 00:00:00+09:00,2319.282688721708,2323.921254099151,2235.788511927726,2254.3427734375,153645,0.0,0.0
2015-12-30 00:00:00+09:00,2263.6199171209432,2291.4513095445614,2235.788524697325,2286.812744140625,90026,0.0,0.0
2016-01-04 00:00:00+09:00,2258.981258059011,2481.632388216778,2258.981258059011,2388.861083984375,346968,0.0,0.0
2016-01-05 00:00:00+09:00,2379.5841100711636,2379.5841100711636,2305.367061803837,2342.4755859375,175134,0.0,0.0
2016-01-06 00:00:00+09:00,2361.0293167642567,2421.330654913442,2263.619462830957,2277.53515625,212145,0.0,0.0
2016-01-07 00:00:00+09:00,2272.89702644101,2277.5355918010937,2147.65576171875,2147.65576171875,171128,0.0,0.0
2016-01-08 00:00:00+09:00,2110.547180852446,2133.7400070156596,2022.414441432234,2091.992919921875,162069,0.0,0.0
2016-01-11 00:00:00+09:00,2054.8843678859685,2143.0171060120033,2054.8843678859685,2101.27001953125,77390,0.0,0.0
2016-01-12 00:00:00+09:00,2147.655653949562,2226.5112611140166,2124.4628283129578,2217.234130859375,136426,0.0,0.0
2016-01-13 00:00:00+09:00,2217.234178432816,2235.7884393402037,2166.2099609375,2166.2099609375,67943,0.0,0.0
2016-01-14 00:00:00+09:00,2119.8241744082197,2184.7640834710537,2115.18560947516,2170.848388671875,65420,0.0,0.0
2016-01-15 00:00:00+09:00,2184.7640499165404,2203.3183093638145,2091.9927526801694,2105.908447265625,93552,0.0,0.0
2016-01-18 00:00:00+09:00,2064.161498215025,2129.101410518419,2054.8843678859685,2101.27001953125,66622,0.0,0.0
2016-01-19 00:00:00+09:00,2064.1615554645496,2170.8485572076615,2059.522990171371,2156.932861328125,84124,0.0,0.0
2016-01-20 00:00:00+09:00,2152.294044961735,2166.209739217953,2036.329926159917,2045.6070556640625,139323,0.0,0.0
2016-01-21 00:00:00+09:00,2003.8600320008582,2082.715635112003,1999.2214671119673,2027.0528564453125,65700,0.0,0.0
2016-01-22 00:00:00+09:00,2040.968551111985,2087.354200000894,2017.7757266675308,2027.0528564453125,65154,0.0,0.0
2016-01-25 00:00:00+09:00,2036.329852595992,2073.438369272001,2027.0527234269898,2068.7998046875,35839,0.0,0.0
2016-01-26 00:00:00+09:00,2040.9686723923842,2110.547149860306,2027.0529768987997,2101.27001953125,73878,0.0,0.0
2016-01-27 00:00:00+09:00,2133.7394223536653,2198.679317816603,2115.1851665071117,2119.82373046875,122626,0.0,0.0
2016-01-28 00:00:00+09:00,2119.8243113177314,2138.3785722483026,2078.077224223947,2091.992919921875,76853,0.0,0.0
2016-01-29 00:00:00+09:00,2101.2701154635,2105.908680839799,2022.4145040664152,2036.3302001953125,163187,0.0,0.0
2016-02-01 00:00:00+09:00,2040.9680974887133,2078.0766083521444,2036.3295336307845,2054.8837890625,46672,0.0,0.0
2016-02-02 00:00:00+09:00,2054.884338803745,2054.884338803745,1994.5829925183077,1999.2215576171875,210808,0.0,0.0
2016-02-03 00:00:00+09:00,1989.9445394759045,2500.186729085111,1985.3059741158208,2147.65576171875,1721144,0.0,0.0
2016-02-04 00:00:00+09:00,2147.655638896464,2402.776719110947,2133.739943612038,2258.981201171875,635288,0.0,0.0
2016-02-05 00:00:00+09:00,2254.3426051714455,2291.451125421181,2184.764129703191,2194.041259765625,216921,0.0,0.0
2016-02-11 00:00:00+09:00,2124.4627990722656,2161.571319580078,2068.800018310547,2078.0771484375,151734,0.0,0.0
2016-02-12 00:00:00+09:00,2050.24553847202,2078.076925872093,1948.197118005087,1994.582763671875,165978,0.0,0.0
2016-02-15 00:00:00+09:00,2008.4987026545555,2054.8843539860695,2008.4987026545555,2031.6915283203125,135190,0.0,0.0
2016-02-16 00:00:00+09:00,2040.9685524929776,2124.4627205495085,2031.6914227089185,2064.161376953125,145566,0.0,0.0
2016-02-17 00:00:00+09:00,2347.1138954030603,2681.090576171875,2300.7282452962804,2681.090576171875,8496193,0.0,0.0
2016-02-18 00:00:00+09:00,2597.5962148293356,2648.6204261920548,2449.1621454105166,2514.10205078125,3287427,0.0,0.0
2016-02-19 00:00:00+09:00,2523.379410046729,2574.403626058703,2407.4152827467874,2481.63232421875,1297808,0.0,0.0
2016-02-22 00:00:00+09:00,2467.716496122056,2611.5120062344317,2444.5236719103827,2560.48779296875,1878123,0.0,0.0
2016-02-23 00:00:00+09:00,2592.9573920303433,2625.427341483317,2388.8605668973646,2398.1376953125,1017396,0.0,0.0
2016-02-24 00:00:00+09:00,2407.4152990004595,2453.800950233609,2319.2825616574755,2365.668212890625,610490,0.0,0.0
2016-02-25 00:00:00+09:00,2402.776581280048,2467.7164888822117,2361.0294978215147,2412.0537109375,533224,0.0,0.0
2016-02-26 00:00:00+09:00,2430.60778335453,2541.933330683745,2393.499267578125,2393.499267578125,576722,0.0,0.0
2016-02-29 00:00:00+09:00,2402.7765946061645,2430.6079837328766,2351.752381207192,2370.306640625,236231,0.0,0.0
2016-03-02 00:00:00+09:00,2388.860693359375,2458.4391601562497,2379.583564453125,2435.246337890625,311510,0.0,0.0
2016-03-03 00:00:00+09:00,2439.88533290692,2472.3552898087232,2374.9454191033137,2379.583984375,272556,0.0,0.0
2016-03-04 00:00:00+09:00,2384.2224577387406,2425.9695435746326,2370.3067624601094,2407.415283203125,163799,0.0,0.0
2016-03-07 00:00:00+09:00,2439.8850160718403,2611.51190883735,2412.0536280558117,2514.10205078125,1070837,0.0,0.0
2016-03-08 00:00:00+09:00,2579.0419561519834,2583.6805208213214,2439.8850160718403,2514.10205078125,346843,0.0,0.0
2016-03-09 00:00:00+09:00,2514.10205078125,2546.5720034666165,2467.716404087869,2514.10205078125,223543,0.0,0.0
2016-03-10 00:00:00+09:00,2541.933546990101,2565.1263713239528,2486.270768588858,2518.74072265625,369942,0.0,0.0
2016-03-11 00:00:00+09:00,2518.740890842014,2541.933716724537,2458.439543547454,2504.8251953125,238350,0.0,0.0
2016-03-14 00:00:00+09:00,2504.825028055939,2551.210676723642,2481.632203722088,2518.74072265625,187191,0.0,0.0
2016-03-15 00:00:00+09:00,2541.933546190138,3056.8142462396,2541.933546190138,2857.35595703125,9323380,0.0,0.0
2016-03-16 00:00:00+09:00,2824.88601359256,2857.355967771785,2685.729067110168,2741.391845703125,1635645,0.0,0.0
2016-03-17 00:00:00+09:00,2759.9460150688337,2806.331662380915,2690.367544100712,2769.22314453125,1196315,0.0,0.0
2016-03-18 00:00:00+09:00,2792.415993698726,2810.97025279307,2681.0904391326644,2685.72900390625,760327,0.0,0.0
2016-03-21 00:00:00+09:00,2713.5601251775565,2713.5601251775565,2639.3430961128715,2653.2587890625,390773,0.0,0.0
2016-03-22 00:00:00+09:00,2695.0060043846997,2764.58447265625,2667.17461707608,2764.58447265625,471015,0.0,0.0
2016-03-23 00:00:00+09:00,2750.6688856064175,2829.5244860369558,2732.114626681585,2769.22314453125,618936,0.0,0.0
2016-03-24 00:00:00+09:00,2778.500321194975,2945.488654355274,2746.030367524917,2792.416015625,1116835,0.0,0.0
2016-03-25 00:00:00+09:00,2792.416215643825,2820.2476064974185,2657.8978265181263,2695.00634765625,493888,0.0,0.0
2016-03-28 00:00:00+09:00,2695.0063175154323,2727.4762731481483,2630.06640625,2630.06640625,272353,0.0,0.0
2016-03-29 00:00:00+09:00,2625.4276618496333,2732.1146516421095,2620.7890970760473,2685.72900390625,261979,0.0,0.0
2016-03-30 00:00:00+09:00,2718.1990374817096,2810.970335689277,2653.259128736413,2773.86181640625,401085,0.0,0.0
2016-03-31 00:00:00+09:00,2801.6933610358205,2903.7417947159333,2718.1991880248193,2727.476318359375,462068,0.0,0.0
2016-04-01 00:00:00+09:00,2750.6692830334327,2755.3078484348384,2699.645063617973,2722.837890625,201647,0.0,0.0
2016-04-04 00:00:00+09:00,2769.2232349996034,2871.2716624200243,2736.7532808203787,2741.391845703125,461641,0.0,0.0
2016-04-05 00:00:00+09:00,2741.392152230622,2783.139240843271,2695.0064982165673,2722.837890625,247082,0.0,0.0
2016-04-06 00:00:00+09:00,2713.560562133789,2759.9462127685547,2704.283432006836,2746.030517578125,177972,0.0,0.0
2016-04-07 00:00:00+09:00,2764.584839697598,2787.777665533987,2722.8377531920974,2727.476318359375,271144,0.0,0.0
2016-04-08 00:00:00+09:00,2704.283400348921,2718.1990953764457,2588.3192751195506,2606.87353515625,597192,0.0,0.0
2016-04-11 00:00:00+09:00,2611.511767750055,2639.343154262489,2579.041816818882,2634.70458984375,212768,0.0,0.0
2016-04-12 00:00:00+09:00,2611.5119800233006,2648.6204983895286,2611.5119800233006,2643.98193359375,146559,0.0,0.0
2016-04-14 00:00:00+09:00,2653.2591237853358,2671.813383392226,2606.8734747681096,2625.427734375,137184,0.0,0.0
2016-04-15 00:00:00+09:00,2639.3430961128715,2704.282996544471,2602.234581580529,2653.2587890625,214340,0.0,0.0
2016-04-18 00:00:00+09:00,2662.5361845128677,2926.934377051602,2657.8976197314864,2759.946044921875,647028,0.0,0.0
2016-04-19 00:00:00+09:00,2713.560397108062,2806.331692735688,2708.9218323266805,2759.946044921875,366211,0.0,0.0
2016-04-20 00:00:00+09:00,2783.13916015625,2829.5248128255207,2722.8378116861977,2783.13916015625,361866,0.0,0.0
2016-04-21 00:00:00+09:00,2820.247326272955,2866.6329730866546,2755.307420733775,2778.500244140625,493225,0.0,0.0
2016-04-22 00:00:00+09:00,2778.5006392045457,2829.5248579545455,2755.3078125,2806.33203125,223462,0.0,0.0
2016-04-25 00:00:00+09:00,2806.3317540615744,2820.247448709814,2727.4761510548856,2741.391845703125,214573,0.0,0.0
2016-04-26 00:00:00+09:00,2736.7532379049003,2806.331710055025,2736.7532379049003,2792.416015625,243044,0.0,0.0
2016-04-27 00:00:00+09:00,2792.4162622653585,2810.970523144198,2718.19921875,2718.19921875,258192,0.0,0.0
2016-04-28 00:00:00+09:00,2727.4761211530354,2936.2115385882166,2708.9218618254636,2750.6689453125,574614,0.0,0.0
2016-04-29 00:00:00+09:00,2769.2234048648756,2769.2234048648756,2704.283492522986,2727.476318359375,133648,0.0,0.0
2016-05-02 00:00:00+09:00,2773.8616043331326,2773.8616043331326,2634.704667660902,2648.620361328125,157183,0.0,0.0
2016-05-03 00:00:00+09:00,2643.9815817566455,2708.9214802559313,2625.4273250425636,2639.343017578125,156534,0.0,0.0
2016-05-04 00:00:00+09:00,2643.98227123504,2643.98227123504,2597.5966173537236,2616.15087890625,190456,0.0,0.0
2016-05-09 00:00:00+09:00,2616.15077223024,2653.2592938221583,2579.0422506383215,2611.51220703125,111858,0.0,0.0
2016-05-10 00:00:00+09:00,2583.68075534612,2643.982101521164,2583.68075534612,2630.06640625,77618,0.0,0.0
2016-05-11 00:00:00+09:00,2755.3074676311567,3163.5011665394763,2755.3074676311567,2801.693115234375,12411220,0.0,0.0
2016-05-12 00:00:00+09:00,2829.5248128255207,2903.741857096354,2778.5005948893227,2783.13916015625,1425636,0.0,0.0
2016-05-13 00:00:00+09:00,2778.5005202170287,2806.3319110706216,2681.0906522294536,2695.00634765625,763469,0.0,0.0
2016-05-16 00:00:00+09:00,2685.7293674137563,2732.115021427811,2639.343713399702,2722.837890625,333063,0.0,0.0
2016-05-17 00:00:00+09:00,2755.3072040264424,2759.945768342985,2630.0659674797857,2653.2587890625,420806,0.0,0.0
2016-05-18 00:00:00+09:00,2653.2592321489337,2695.006317969459,2551.2108001432057,2555.849365234375,335618,0.0,0.0
2016-05-19 00:00:00+09:00,2560.487961065574,2588.3193519467213,2528.0180050375684,2546.572265625,209516,0.0,0.0
2016-05-20 00:00:00+09:00,2532.656614888876,2574.403701947484,2514.1023539739394,2569.76513671875,209279,0.0,0.0
2016-05-23 00:00:00+09:00,2611.511836641329,2616.1504011824322,2546.5719330658785,2574.4033203125,149785,0.0,0.0
2016-05-24 00:00:00+09:00,2555.8491937006274,2574.4034528200514,2467.7164628833643,2495.5478515625,287178,0.0,0.0
2016-05-25 00:00:00+09:00,2504.8252095949497,2565.126557233347,2500.186644391996,2537.295166015625,225939,0.0,0.0
2016-05-26 00:00:00+09:00,2574.40376881803,2574.40376881803,2476.993896484375,2476.993896484375,173841,0.0,0.0
2016-05-27 00:00:00+09:00,2458.439362938724,2504.8250112960586,2453.800798102991,2486.270751953125,150894,0.0,0.0
2016-05-30 00:00:00+09:00,2495.5479888631867,2546.572204248865,2486.2708587930633,2490.909423828125,108540,0.0,0.0
2016-05-31 00:00:00+09:00,2495.548214643429,2565.126696464343,2490.9096491887017,2532.65673828125,95262,0.0,0.0
2016-06-01 00:00:00+09:00,2541.933368524775,2606.873272100225,2528.017674901464,2574.4033203125,167368,0.0,0.0
2016-06-02 00:00:00+09:00,2611.511915200073,2611.511915200073,2551.2105743517586,2588.319091796875,103848,0.0,0.0
2016-06-03 00:00:00+09:00,2620.7892301837746,2620.7892301837746,2560.487885064502,2606.87353515625,100608,0.0,0.0
2016-06-07 00:00:00+09:00,2611.51220703125,2653.2592938221583,2597.5965114342807,2611.51220703125,179686,0.0,0.0
2016-06-08 00:00:00+09:00,2611.511767750055,2639.343154262489,2597.596074493838,2634.70458984375,142945,0.0,0.0
2016-06-09 00:00:00+09:00,2606.873272100225,2634.7046593468467,2569.7647557713963,2574.4033203125,173647,0.0,0.0
2016-06-10 00:00:00+09:00,2606.8736273676373,2625.4278880606453,2569.7651059816208,2579.042236328125,155658,0.0,0.0
2016-06-13 00:00:00+09:00,2574.403687639254,2574.403687639254,2509.463774797903,2537.295166015625,132246,0.0,0.0
2016-06-14 00:00:00+09:00,2514.10247646234,2541.933869190705,2495.548214643429,2532.65673828125,108951,0.0,0.0
2016-06-15 00:00:00+09:00,2528.0178870289324,2657.897705078125,2523.379322098604,2657.897705078125,317369,0.0,0.0
2016-06-16 00:00:00+09:00,2662.5362508877843,2671.813380681818,2546.5721284623583,2551.210693359375,256318,0.0,0.0
2016-06-17 00:00:00+09:00,2560.487961065574,2625.427873121585,2546.572265625,2546.572265625,116209,0.0,0.0
2016-06-20 00:00:00+09:00,2537.294737050231,2634.70458984375,2537.294737050231,2634.70458984375,222127,0.0,0.0
2016-06-21 00:00:00+09:00,2611.5123209912695,2750.6692830334327,2592.9580593856476,2722.837890625,455679,0.0,0.0
2016-06-22 00:00:00+09:00,2829.5246424129355,2866.633162313433,2736.7533426616915,2797.0546875,1064225,0.0,0.0
2016-06-23 00:00:00+09:00,2797.0544245163064,2801.692989067743,2690.3674398332632,2764.58447265625,328084,0.0,0.0
2016-06-24 00:00:00+09:00,2815.609093841663,2815.609093841663,2509.463788745205,2569.76513671875,674434,0.0,0.0
2016-06-27 00:00:00+09:00,2472.3550798233696,2676.451934442935,2472.3550798233696,2667.1748046875,303167,0.0,0.0
2016-06-28 00:00:00+09:00,2662.536200944767,2829.5245341050663,2630.066247274709,2792.416015625,511678,0.0,0.0
2016-06-29 00:00:00+09:00,2824.885732706311,2866.6328125,2778.5000884911005,2866.6328125,503583,0.0,0.0
2016-06-30 00:00:00+09:00,2922.2958683062207,3149.58554695226,2866.6330898622923,2931.572998046875,2754653,0.0,0.0
2016-07-01 00:00:00+09:00,2945.4885436441295,3015.0670131790303,2871.271509473569,2977.95849609375,547458,0.0,0.0
2016-07-04 00:00:00+09:00,2954.76627097974,3038.2604513213964,2889.8263529362293,2908.380615234375,424896,0.0,0.0
2016-07-05 00:00:00+09:00,2908.3801873024927,2936.21157665467,2829.5245841379915,2889.825927734375,331871,0.0,0.0
2016-07-06 00:00:00+09:00,2875.910108612805,2908.380061451982,2797.054508860518,2852.71728515625,219002,0.0,0.0
2016-07-07 00:00:00+09:00,2857.356301836493,2954.766175762737,2843.4406055613154,2936.2119140625,278257,0.0,0.0
2016-07-08 00:00:00+09:00,2959.4042608799077,2959.4042608799077,2875.9100967798477,2894.46435546875,235685,0.0,0.0
2016-07-11 00:00:00+09:00,2899.102980090726,2922.2958039314517,2810.970249495968,2875.91015625,241222,0.0,0.0
2016-07-12 00:00:00+09:00,2880.548874145118,2940.8502193365616,2880.548874145118,2903.74169921875,215503,0.0,0.0
2016-07-13 00:00:00+09:00,2908.3801736952387,2964.0429521391666,2875.910219602947,2931.572998046875,419885,0.0,0.0
2016-07-14 00:00:00+09:00,2954.765869140625,3066.0914277895654,2922.295914534684,2954.765869140625,684948,0.0,0.0
2016-07-15 00:00:00+09:00,2982.5973044690995,2996.512999513279,2903.74169921875,2903.74169921875,273726,0.0,0.0
2016-07-18 00:00:00+09:00,2880.548874145118,2936.2116543218353,2871.271744115665,2903.74169921875,150405,0.0,0.0
2016-07-19 00:00:00+09:00,2922.296005224842,2936.2117004878173,2899.1031797865494,2926.9345703125,91380,0.0,0.0
2016-07-20 00:00:00+09:00,2931.573044422096,3010.428648465095,2913.0187846472727,2954.765869140625,404966,0.0,0.0
2016-07-21 00:00:00+09:00,2987.2357764908033,3047.5371198050584,2922.2958683062207,2931.572998046875,493435,0.0,0.0
2016-07-22 00:00:00+09:00,2936.21157665467,2954.7658362227876,2875.9102330582864,2889.825927734375,205889,0.0,0.0
2016-07-25 00:00:00+09:00,2894.4641990291266,2950.126972087379,2866.6328125,2866.6328125,203105,0.0,0.0
2016-07-26 00:00:00+09:00,2852.717320088931,2931.5729208068365,2824.8859316002586,2917.6572265625,221925,0.0,0.0
2016-07-27 00:00:00+09:00,2936.21157665467,2936.21157665467,2852.7174085981387,2889.825927734375,162047,0.0,0.0
2016-07-28 00:00:00+09:00,2871.2718046623795,2899.1031953376205,2848.0789790996782,2885.1875,132566,0.0,0.0
2016-07-29 00:00:00+09:00,2871.2718046623795,2940.8502813504824,2861.9946744372987,2885.1875,255064,0.0,0.0
2016-08-01 00:00:00+09:00,2922.295680842027,3033.62123058839,2889.8257288326713,3028.982666015625,553357,0.0,0.0
2016-08-02 00:00:00+09:00,3038.2601165771484,3200.609893798828,2987.2359008789062,3117.11572265625,1060486,0.0,0.0
2016-08-03 00:00:00+09:00,3126.3927317899816,3186.69407528148,3047.5371287626376,3154.22412109375,411221,0.0,0.0
2016-08-04 00:00:00+09:00,3001.1515347498544,3047.537184436869,2973.3201449376456,2987.23583984375,720399,0.0,0.0
2016-08-05 00:00:00+09:00,2959.404322076613,2977.958581149194,2871.271591481855,2875.91015625,415083,0.0,0.0
2016-08-08 00:00:00+09:00,2857.35594375,2922.2958515625,2852.71737890625,2899.10302734375,170776,0.0,0.0
2016-08-09 00:00:00+09:00,2861.9945826312296,2894.4645373774506,2773.861848320057,2838.8017578125,354216,0.0,0.0
2016-08-10 00:00:00+09:00,2820.247589212046,2861.9946752365663,2792.4161985290325,2810.970458984375,134721,0.0,0.0
2016-08-11 00:00:00+09:00,2801.6931621382387,2857.3559401939656,2787.777467624307,2824.885986328125,85133,0.0,0.0
2016-08-12 00:00:00+09:00,2820.2477272727274,2838.8019886363636,2801.693465909091,2806.33203125,118219,0.0,0.0
2016-08-16 00:00:00+09:00,2829.524673233413,2829.524673233413,2773.8618927763623,2787.777587890625,144643,0.0,0.0
2016-08-17 00:00:00+09:00,2815.608961481537,2815.608961481537,2681.090576171875,2681.090576171875,381671,0.0,0.0
2016-08-18 00:00:00+09:00,2708.9220272775424,2755.3076784295554,2708.9220272775424,2736.75341796875,103554,0.0,0.0
2016-08-19 00:00:00+09:00,2764.5848990885415,2797.054855957031,2741.392072753906,2783.13916015625,120239,0.0,0.0
2016-08-22 00:00:00+09:00,2741.3919525146484,2797.054733276367,2741.3919525146484,2746.030517578125,107929,0.0,0.0
2016-08-23 00:00:00+09:00,2736.7531558211836,2764.5845438464835,2690.3675091123496,2704.283203125,114165,0.0,0.0
2016-08-24 00:00:00+09:00,2704.2832630005937,2732.1146516421095,2685.72900390625,2685.72900390625,80982,0.0,0.0
2016-08-25 00:00:00+09:00,2690.3674909803603,2704.283184899224,2639.343279944526,2671.813232421875,114913,0.0,0.0
2016-08-26 00:00:00+09:00,2708.921560861014,2708.921560861014,2634.7045317963284,2653.2587890625,96860,0.0,0.0
2016-08-29 00:00:00+09:00,2681.0905275190753,2681.0905275190753,2583.6806640625,2583.6806640625,102325,0.0,0.0
2016-08-30 00:00:00+09:00,2555.8494246433725,2653.2592938221583,2555.8494246433725,2611.51220703125,60978,0.0,0.0
2016-08-31 00:00:00+09:00,2611.512376185826,2634.705203683036,2569.7652866908484,2597.5966796875,59099,0.0,0.0
2016-09-01 00:00:00+09:00,2579.0420690546734,2602.2348934166757,2555.849244692671,2592.957763671875,65751,0.0,0.0
2016-09-02 00:00:00+09:00,2555.8490621480855,2606.873272100225,2555.8490621480855,2574.4033203125,68666,0.0,0.0
2016-09-05 00:00:00+09:00,2560.4879898423624,2630.066467827209,2560.4879898423624,2611.51220703125,69206,0.0,0.0
2016-09-06 00:00:00+09:00,2606.8736726757465,2625.4279336912323,2597.5965421680035,2602.235107421875,47203,0.0,0.0
2016-09-07 00:00:00+09:00,2616.150803183489,2620.7893684373607,2574.4037158986466,2602.235107421875,78723,0.0,0.0
2016-09-08 00:00:00+09:00,2574.4036578953155,2579.042223044676,2467.716659460014,2472.355224609375,271842,0.0,0.0
2016-09-09 00:00:00+09:00,2439.88533290692,2476.9938550804095,2365.6682885599416,2379.583984375,179917,0.0,0.0
2016-09-12 00:00:00+09:00,2249.7039700659084,2430.608000648528,2249.7039700659084,2402.776611328125,109594,0.0,0.0
2016-09-13 00:00:00+09:00,2402.7767796192356,2439.8853013121966,2351.752562291414,2388.861083984375,50046,0.0,0.0
2016-09-19 00:00:00+09:00,2351.7523433869655,2514.102110681924,2351.7523433869655,2495.5478515625,75255,0.0,0.0
2016-09-20 00:00:00+09:00,2467.71659909019,2602.2349851308204,2467.71659909019,2565.12646484375,113746,0.0,0.0
2016-09-21 00:00:00+09:00,2574.4033203125,2602.2347075591215,2551.210497606982,2574.4033203125,56760,0.0,0.0
2016-09-22 00:00:00+09:00,2574.4033284362686,2648.620361328125,2551.2105056575633,2648.620361328125,89804,0.0,0.0
2016-09-23 00:00:00+09:00,2648.620666611552,2657.897796792328,2616.150710978836,2630.06640625,46301,0.0,0.0
2016-09-26 00:00:00+09:00,2630.066638183594,2630.066638183594,2583.680983189174,2597.5966796875,50942,0.0,0.0
2016-09-27 00:00:00+09:00,2579.0421599514016,2611.512115202588,2509.463684413144,2565.12646484375,102786,0.0,0.0
2016-09-28 00:00:00+09:00,2565.1265714900155,2625.42791946356,2537.2951801176105,2569.76513671875,58412,0.0,0.0
2016-09-29 00:00:00+09:00,2579.0421906902225,2616.1507114195783,2546.5722350520364,2555.849365234375,81157,0.0,0.0
2016-09-30 00:00:00+09:00,2574.403594459235,2574.403594459235,2486.2708587930633,2490.909423828125,82962,0.0,0.0
2016-10-04 00:00:00+09:00,2504.824998208142,2541.9335167001145,2504.824998208142,2528.017822265625,50305,0.0,0.0
2016-10-05 00:00:00+09:00,2528.0181971958705,2625.428072684152,2500.186804199219,2597.5966796875,91546,0.0,0.0
2016-10-06 00:00:00+09:00,2616.1506364493534,2750.669020238416,2588.319246699892,2690.36767578125,431181,0.0,0.0
2016-10-07 00:00:00+09:00,2690.3674909803603,2727.476008097331,2662.5361031426323,2671.813232421875,108599,0.0,0.0
2016-10-10 00:00:00+09:00,2667.1748184905036,2685.729078097394,2625.427734375,2625.427734375,68788,0.0,0.0
2016-10-11 00:00:00+09:00,2643.9819965165916,2727.4761648276417,2625.427736891914,2699.644775390625,133468,0.0,0.0
2016-10-12 00:00:00+09:00,2699.644432227928,2699.644432227928,2643.981660429414,2653.2587890625,35886,0.0,0.0
2016-10-13 00:00:00+09:00,2671.8133665026835,2671.8133665026835,2583.680633927074,2592.957763671875,73445,0.0,0.0
2016-10-14 00:00:00+09:00,2541.9335529891305,2681.0904993206523,2541.9335529891305,2667.1748046875,101903,0.0,0.0
2016-10-17 00:00:00+09:00,2667.1744026492474,2690.36722354185,2625.4273250425636,2639.343017578125,24646,0.0,0.0
2016-10-18 00:00:00+09:00,2630.066285665761,2671.8133695652177,2630.066285665761,2667.1748046875,57625,0.0,0.0
2016-10-19 00:00:00+09:00,2676.452072303054,2695.006332769626,2643.9821164865525,2662.536376953125,37300,0.0,0.0
2016-10-20 00:00:00+09:00,2671.8135546181175,2695.006380613066,2606.87364183226,2611.51220703125,84294,0.0,0.0
2016-10-21 00:00:00+09:00,2643.9820552296487,2671.8134452846975,2592.9578401287254,2606.87353515625,62988,0.0,0.0
2016-10-24 00:00:00+09:00,2602.235245186942,2625.428072684152,2583.680983189174,2597.5966796875,42834,0.0,0.0
2016-10-25 00:00:00+09:00,2588.3192289890035,2616.1506185480252,2541.933579723968,2583.6806640625,58552,0.0,0.0
2016-10-26 00:00:00+09:00,2592.957743174994,2592.957743174994,2476.993622281658,2486.270751953125,72176,0.0,0.0
2016-10-27 00:00:00+09:00,2504.8250148607335,2565.1263578110847,2458.439366437387,2560.48779296875,83517,0.0,0.0
2016-10-28 00:00:00+09:00,2560.4879303255448,2574.403625599053,2514.10227941385,2555.849365234375,26890,0.0,0.0
2016-10-31 00:00:00+09:00,2574.4033226157135,2574.4033226157135,2449.162079893868,2458.439208984375,86066,0.0,0.0
2016-11-01 00:00:00+09:00,2444.523727990631,2486.2708125293702,2444.523727990631,2467.716552734375,42929,0.0,0.0
2016-11-02 00:00:00+09:00,2444.523664738582,2476.9936185396637,2412.0537109375,2412.0537109375,53340,0.0,0.0
2016-11-03 00:00:00+09:00,2439.885178716373,2579.04212807282,2439.885178716373,2500.1865234375,227825,0.0,0.0
2016-11-04 00:00:00+09:00,2476.9938025165807,2606.8736273676373,2476.9938025165807,2579.042236328125,166124,0.0,0.0
2016-11-07 00:00:00+09:00,2579.0422048535497,2671.8135071864112,2579.0422048535497,2662.536376953125,182479,0.0,0.0
2016-11-08 00:00:00+09:00,2643.981660429414,2704.282996544471,2634.7045317963284,2653.2587890625,119653,0.0,0.0
2016-11-09 00:00:00+09:00,2667.1750284830728,3126.392989908854,2579.0422884114582,2783.13916015625,4812781,0.0,0.0
2016-11-10 00:00:00+09:00,2875.91015625,3001.1514049899192,2810.970249495968,2875.91015625,1203933,0.0,0.0
2016-11-11 00:00:00+09:00,2903.741527165324,2945.4886098242505,2824.885926587352,2843.440185546875,459299,0.0,0.0
2016-11-14 00:00:00+09:00,2834.1631327046975,2894.4644759537337,2797.054613782214,2857.35595703125,295471,0.0,0.0
2016-11-15 00:00:00+09:00,2894.4644759537337,2908.380170549665,2824.8860029740767,2857.35595703125,228446,0.0,0.0
2016-11-16 00:00:00+09:00,2908.3802947998047,3028.9829864501953,2875.9103393554688,2968.681640625,861305,0.0,0.0
2016-11-17 00:00:00+09:00,2968.6817020440253,3019.7059187979066,2950.12744140625,2950.12744140625,268691,0.0,0.0
2016-11-18 00:00:00+09:00,2959.4045717251374,2987.2359626818,2889.826094333481,2950.12744140625,321270,0.0,0.0
2016-11-21 00:00:00+09:00,2954.765930457916,3084.6457515769453,2950.1273654179504,3010.4287109375,785852,0.0,0.0
2016-11-22 00:00:00+09:00,3028.9827070860106,3075.368353442611,2968.68136682243,2977.95849609375,267253,0.0,0.0
2016-11-23 00:00:00+09:00,2977.958643529322,2996.512902990564,2838.801697570008,2857.35595703125,337725,0.0,0.0
2016-11-24 00:00:00+09:00,2903.7417604501607,2917.657455787781,2783.1390675241155,2885.1875,278028,0.0,0.0
2016-11-25 00:00:00+09:00,2885.187484523574,2936.2117004878173,2857.356093997623,2926.9345703125,190707,0.0,0.0
2016-11-28 00:00:00+09:00,2922.2957435021035,2940.8500021910054,2861.994402763171,2894.46435546875,123889,0.0,0.0
2016-11-29 00:00:00+09:00,2936.211638368967,2964.0430283061137,2857.3560335470515,2871.271728515625,124006,0.0,0.0
2016-11-30 00:00:00+09:00,2880.5489341233592,2977.958801460864,2875.910369012049,2959.404541015625,316541,0.0,0.0
2016-12-01 00:00:00+09:00,2940.8501743095076,2996.5129536339778,2903.741654759861,2954.765869140625,237317,0.0,0.0
2016-12-02 00:00:00+09:00,2940.8502193365616,2968.68160942492,2894.4645691892974,2903.74169921875,129036,0.0,0.0
2016-12-05 00:00:00+09:00,2894.464552238806,2894.464552238806,2797.0546875,2797.0546875,215227,0.0,0.0
2016-12-06 00:00:00+09:00,2797.054613782214,2880.548781357802,2797.054613782214,2857.35595703125,118955,0.0,0.0
2016-12-07 00:00:00+09:00,2885.1876102051588,2885.1876102051588,2783.1391738313428,2815.609130859375,118359,0.0,0.0
2016-12-08 00:00:00+09:00,2843.4401980772714,2871.2715866392023,2792.415985713731,2801.693115234375,92595,0.0,0.0
2016-12-09 00:00:00+09:00,2801.693115234375,2838.8016333169494,2792.415985713731,2801.693115234375,94563,0.0,0.0
2016-12-12 00:00:00+09:00,2806.3318030662786,2852.7174527037378,2806.3318030662786,2838.8017578125,78273,0.0,0.0
2016-12-13 00:00:00+09:00,2829.524570899674,2940.85012778753,2829.524570899674,2931.572998046875,167733,0.0,0.0
2016-12-14 00:00:00+09:00,2931.57298125,3001.15145390625,2885.1873328125,2899.10302734375,151049,0.0,0.0
2016-12-15 00:00:00+09:00,2894.4643326518694,2996.51275463639,2885.1872033805494,2977.95849609375,252994,0.0,0.0
2016-12-16 00:00:00+09:00,2977.958770751953,2991.874465942383,2936.211685180664,2968.681640625,119344,0.0,0.0
2016-12-19 00:00:00+09:00,2940.8502502441406,2977.958770751953,2931.5731201171875,2968.681640625,101117,0.0,0.0
2016-12-20 00:00:00+09:00,2982.5973358154297,2996.5130310058594,2950.1273803710938,2968.681640625,131446,0.0,0.0
2016-12-21 00:00:00+09:00,2968.6815200617284,3033.621428313079,2926.9344361858607,3005.7900390625,215749,0.0,0.0
2016-12-22 00:00:00+09:00,3028.982833158053,3131.0312593900244,2968.6814903846157,3015.067138671875,463632,0.0,0.0
2016-12-23 00:00:00+09:00,3015.0670493521343,3052.175566882622,2977.9585318216464,3042.8984375,151937,0.0,0.0
2016-12-26 00:00:00+09:00,3052.1757044668416,3107.8384832717084,3010.428620363192,3038.260009765625,276527,0.0,0.0
2016-12-27 00:00:00+09:00,3080.007233132645,3080.007233132645,3001.151626260273,3033.62158203125,84998,0.0,0.0
2016-12-28 00:00:00+09:00,3010.428526601865,3047.5370446493457,2968.6814437984494,2991.874267578125,161045,0.0,0.0
2016-12-29 00:00:00+09:00,3033.6215669375483,3033.6215669375483,2940.850265196339,3001.151611328125,58530,0.0,0.0
2017-01-02 00:00:00+09:00,2973.31993145809,3001.1513192720504,2950.12710827979,2977.95849609375,62702,0.0,0.0
2017-01-03 00:00:00+09:00,2968.6815200617284,3024.344298562886,2968.6815200617284,3005.7900390625,122734,0.0,0.0
2017-01-04 00:00:00+09:00,3015.067261113222,3131.0313865406533,3010.4286960961244,3052.17578125,322969,0.0,0.0
2017-01-05 00:00:00+09:00,3061.452866626962,3103.199951171875,3033.6214769303533,3103.199951171875,179671,0.0,0.0
2017-01-06 00:00:00+09:00,3117.1156605113633,3117.1156605113633,3038.2600560043797,3061.452880859375,119185,0.0,0.0
2017-01-09 00:00:00+09:00,3098.5617237580127,3098.5617237580127,3033.6218073918267,3075.368896484375,147791,0.0,0.0
2017-01-10 00:00:00+09:00,3089.2841930650684,3112.4770173373286,3015.0671553938355,3047.537109375,182480,0.0,0.0
2017-01-11 00:00:00+09:00,3056.814053452216,3066.091182597746,3015.06697229733,3028.982666015625,108299,0.0,0.0
2017-01-12 00:00:00+09:00,3042.8984375,3066.091260956555,3015.0670493521343,3042.8984375,142751,0.0,0.0
2017-01-13 00:00:00+09:00,3061.4528342676526,3089.2842236700862,3033.6214448652195,3038.260009765625,89854,0.0,0.0
2017-01-16 00:00:00+09:00,3042.8985549347312,3061.4528144160404,2922.2958683062207,2931.572998046875,222529,0.0,0.0
2017-01-17 00:00:00+09:00,2926.9342294591634,2964.0427458389945,2880.548583984375,2880.548583984375,110727,0.0,0.0
2017-01-18 00:00:00+09:00,2894.4644759537337,2940.850124606838,2783.1389191862822,2857.35595703125,143849,0.0,0.0
2017-01-19 00:00:00+09:00,2852.7174527037378,2894.4645373774506,2787.777543211295,2838.8017578125,92038,0.0,0.0
2017-01-20 00:00:00+09:00,2838.801591082317,2861.994414538872,2815.608767625762,2852.71728515625,75238,0.0,0.0
2017-01-23 00:00:00+09:00,2903.741406721769,2917.6571003642057,2852.7171966995015,2880.548583984375,134619,0.0,0.0
2017-01-24 00:00:00+09:00,2866.632979230183,2903.741496760671,2852.71728515625,2852.71728515625,66540,0.0,0.0
2017-01-25 00:00:00+09:00,2857.3560335470515,2903.741683442296,2857.3560335470515,2871.271728515625,54768,0.0,0.0
2017-01-26 00:00:00+09:00,2871.2719676580955,2950.127579047736,2871.2719676580955,2945.489013671875,77746,0.0,0.0
2017-01-31 00:00:00+09:00,2922.2955863323778,3010.428310364624,2922.2955863323778,2982.596923828125,87134,0.0,0.0
2017-02-01 00:00:00+09:00,2968.6815200617284,3019.7057336877897,2968.6815200617284,3005.7900390625,69961,0.0,0.0
2017-02-02 00:00:00+09:00,3005.7902233195755,3024.344483957351,2936.211745927919,2950.12744140625,150332,0.0,0.0
2017-02-03 00:00:00+09:00,2950.12744140625,2968.6817020440253,2917.6574852901435,2950.12744140625,71990,0.0,0.0
2017-02-06 00:00:00+09:00,2954.766103738294,2968.681799674267,2838.801970938518,2848.0791015625,106556,0.0,0.0
2017-02-07 00:00:00+09:00,2848.078762837593,2871.2715866392023,2783.1388561930876,2801.693115234375,117760,0.0,0.0
2017-02-08 00:00:00+09:00,2810.9703245698734,2899.103057518434,2806.331759677844,2889.825927734375,64726,0.0,0.0
2017-02-09 00:00:00+09:00,2861.9949594890104,2931.5734431070578,2861.9949594890104,2908.380615234375,50474,0.0,0.0
2017-02-10 00:00:00+09:00,2908.3801096270163,2917.6572391633067,2857.3558971774196,2875.91015625,61686,0.0,0.0
2017-02-13 00:00:00+09:00,2875.91013872604,2885.1872682058015,2806.331667627829,2843.440185546875,55934,0.0,0.0
2017-02-14 00:00:00+09:00,2820.2473618474714,2852.7173150266362,2806.331667627829,2843.440185546875,67452,0.0,0.0
2017-02-15 00:00:00+09:00,2829.524461699695,2880.5486733041157,2829.524461699695,2852.71728515625,52853,0.0,0.0
2017-02-16 00:00:00+09:00,2848.0791015625,2871.2719281224554,2829.524840314536,2848.0791015625,52875,0.0,0.0
2017-02-17 00:00:00+09:00,2848.0789035680027,2875.9102935051496,2824.886078620381,2871.271728515625,58055,0.0,0.0
2017-02-20 00:00:00+09:00,2843.440383911133,2871.271774291992,2778.500473022461,2820.24755859375,94628,0.0,0.0
2017-02-21 00:00:00+09:00,2801.6929105987056,2875.909941343042,2787.7772173341427,2866.6328125,83017,0.0,0.0
2017-02-22 00:00:00+09:00,3478.923640839041,3724.767578125,3316.573870933219,3724.767578125,12989900,0.0,0.0
2017-02-23 00:00:00+09:00,3696.9363555908203,3803.6233520507812,3594.887924194336,3710.85205078125,8220059,0.0,0.0
2017-02-24 00:00:00+09:00,3696.936338908715,3747.9605543767148,3362.959655845443,3381.513916015625,4906104,0.0,0.0
2017-02-27 00:00:00+09:00,3325.8513991615987,3367.598487854004,3182.055871443315,3265.550048828125,2665186,0.0,0.0
2017-02-28 00:00:00+09:00,3265.550048828125,3330.489964571866,3200.610133084384,3265.550048828125,1989799,0.0,0.0
2017-03-02 00:00:00+09:00,3265.549284140969,3395.429085214758,3158.8623046875,3158.8623046875,2356861,0.0,0.0
2017-03-03 00:00:00+09:00,3168.1399530123726,3298.019775390625,3103.2000418232465,3298.019775390625,1500276,0.0,0.0
2017-03-06 00:00:00+09:00,3404.7067885004894,3567.056567243701,3256.272705078125,3256.272705078125,4335910,0.0,0.0
2017-03-07 00:00:00+09:00,3237.718308254801,3279.465392458659,3172.7783994932433,3260.9111328125,1246284,0.0,0.0
2017-03-08 00:00:00+09:00,3293.3811950683594,3353.6825408935547,3191.332763671875,3191.332763671875,1398313,0.0,0.0
2017-03-09 00:00:00+09:00,3209.8870829150665,3321.212646484375,3140.3086056842485,3321.212646484375,869597,0.0,0.0
2017-03-10 00:00:00+09:00,3330.4896845398816,3335.128249560132,3163.501343810862,3274.826904296875,1190889,0.0,0.0
2017-03-13 00:00:00+09:00,3274.8266372259154,3358.32080078125,3237.718120090211,3358.32080078125,937793,0.0,0.0
2017-03-14 00:00:00+09:00,3358.3210908028977,3395.4296111432614,3311.9354403774432,3381.513916015625,970583,0.0,0.0
2017-03-15 00:00:00+09:00,3381.513736122533,3502.116420812774,3321.212393777412,3437.176513671875,1839560,0.0,0.0
2017-03-16 00:00:00+09:00,3413.983901833782,3492.839508262008,3386.1525113297025,3446.453857421875,630998,0.0,0.0
2017-03-17 00:00:00+09:00,3446.453643263432,3455.730772854989,3400.067995305647,3437.176513671875,457229,0.0,0.0
2017-03-20 00:00:00+09:00,3404.7064472008806,3437.176399694622,3349.043671497324,3358.32080078125,317691,0.0,0.0
2017-03-21 00:00:00+09:00,3367.5982979715873,3400.0682540126354,3321.212646484375,3321.212646484375,373124,0.0,0.0
2017-03-22 00:00:00+09:00,3274.826695421007,3353.682295735677,3237.718177625868,3339.7666015625,314256,0.0,0.0
2017-03-23 00:00:00+09:00,3335.1281234610046,3372.236642219959,3237.71826171875,3237.71826171875,430488,0.0,0.0
2017-03-24 00:00:00+09:00,3246.995514175372,3298.0197293981278,3182.0556038918644,3274.826904296875,279128,0.0,0.0
2017-03-27 00:00:00+09:00,3274.826934814453,3274.826934814453,3186.6941986083984,3191.332763671875,287217,0.0,0.0
2017-03-28 00:00:00+09:00,3186.6942429643423,3288.74267578125,3182.055677836301,3288.74267578125,208013,0.0,0.0
2017-03-29 00:00:00+09:00,3316.5738333565846,3316.5738333565846,3242.3567965262278,3246.995361328125,253267,0.0,0.0
2017-03-30 00:00:00+09:00,3228.44091796875,3293.38082149111,3228.44091796875,3228.44091796875,190312,0.0,0.0
2017-03-31 00:00:00+09:00,3214.525665504025,3274.827012764562,3195.9714048084747,3205.24853515625,209208,0.0,0.0
2017-04-03 00:00:00+09:00,3195.971298952616,3274.826904296875,3168.1399088311127,3274.826904296875,241850,0.0,0.0
2017-04-04 00:00:00+09:00,3246.99540491201,3265.54966436865,3182.05549681377,3195.97119140625,292728,0.0,0.0
2017-04-05 00:00:00+09:00,3195.9714048084747,3233.079926199575,3182.0557092868125,3205.24853515625,175316,0.0,0.0
2017-04-06 00:00:00+09:00,3205.2485055853026,3223.802766109675,3131.0314634878137,3140.30859375,261146,0.0,0.0
2017-04-07 00:00:00+09:00,3140.3083965044216,3172.7783503826063,3112.4770074659777,3163.501220703125,208952,0.0,0.0
2017-04-10 00:00:00+09:00,3154.2240699687027,3158.8626347774803,3001.151431279045,3056.814208984375,343709,0.0,0.0
2017-04-11 00:00:00+09:00,3019.705826130319,3103.19999643807,2968.681610942249,3052.17578125,216110,0.0,0.0
2017-04-12 00:00:00+09:00,3033.621551513672,3121.7542877197266,3033.621551513672,3117.11572265625,145639,0.0,0.0
2017-04-13 00:00:00+09:00,3117.115877549094,3117.115877549094,3070.730224609375,3070.730224609375,101585,0.0,0.0
2017-04-14 00:00:00+09:00,3070.730193724115,3149.585802928511,3070.730193724115,3080.00732421875,187996,0.0,0.0
2017-04-17 00:00:00+09:00,3080.0070964511924,3126.3927454941318,3061.4528368340166,3112.47705078125,93272,0.0,0.0
2017-04-18 00:00:00+09:00,3112.4771726717827,3149.585693359375,3107.838607585834,3149.585693359375,108691,0.0,0.0
2017-04-19 00:00:00+09:00,3154.224104406575,3158.8626692659964,3121.754150390625,3121.754150390625,92795,0.0,0.0
2017-04-20 00:00:00+09:00,3112.477312255122,3140.308704018953,3061.4530940214313,3070.730224609375,165764,0.0,0.0
2017-04-21 00:00:00+09:00,3107.83857715578,3121.7542722773733,3075.368621872063,3084.645751953125,74958,0.0,0.0
2017-04-24 00:00:00+09:00,3084.6455804555694,3098.561274803489,3015.06710871597,3024.34423828125,175813,0.0,0.0
2017-04-25 00:00:00+09:00,3024.344406426222,3089.2843169936564,3024.344406426222,3084.645751953125,97962,0.0,0.0
2017-04-26 00:00:00+09:00,3093.9227145075083,3121.754103243708,3084.6455849287754,3098.561279296875,116340,0.0,0.0
2017-04-27 00:00:00+09:00,3103.199826700785,3117.1155209909225,3056.814179066991,3066.09130859375,119299,0.0,0.0
2017-04-28 00:00:00+09:00,3061.4530632294804,3089.2844547133845,3042.898802240211,3080.00732421875,81959,0.0,0.0
2017-05-02 00:00:00+09:00,3061.4528342676526,3103.199918371303,3028.982879964814,3038.260009765625,125559,0.0,0.0
2017-05-04 00:00:00+09:00,3024.3443918652633,3135.6699523020216,3015.067261828867,3126.392822265625,112440,0.0,0.0
2017-05-08 00:00:00+09:00,3098.5613862224404,3144.9470357167884,3098.5613862224404,3103.199951171875,96297,0.0,0.0
2017-05-10 00:00:00+09:00,3093.922989029068,3135.6700758375564,3084.645858627182,3089.284423828125,151183,0.0,0.0
2017-05-11 00:00:00+09:00,3052.1757478167297,3061.4528777493033,2829.524629434962,2913.018798828125,632429,0.0,0.0
2017-05-12 00:00:00+09:00,2894.4645534632473,2922.2959434003938,2857.3560335470515,2871.271728515625,234410,0.0,0.0
2017-05-15 00:00:00+09:00,2848.0787933450997,2861.9944877751245,2732.1146730948917,2792.416015625,469598,0.0,0.0
2017-05-16 00:00:00+09:00,2792.415938184735,2829.5244556356947,2773.861679459255,2778.500244140625,132394,0.0,0.0
2017-05-17 00:00:00+09:00,2769.223161912122,2810.9702447550185,2755.3074676311567,2801.693115234375,103082,0.0,0.0
2017-05-18 00:00:00+09:00,2736.753162008295,2792.415938184735,2736.753162008295,2778.500244140625,122043,0.0,0.0
2017-05-19 00:00:00+09:00,2755.3075137584665,2834.1631160040793,2750.6689489204896,2824.885986328125,112306,0.0,0.0
2017-05-22 00:00:00+09:00,2843.4402624353183,2875.9102164924916,2801.6931786475243,2857.35595703125,135975,0.0,0.0
2017-05-23 00:00:00+09:00,2857.3560176674837,2880.5488424862133,2820.2474979575163,2838.8017578125,94153,0.0,0.0
2017-05-24 00:00:00+09:00,2838.8018496673885,2857.356110122731,2810.970458984375,2810.970458984375,102971,0.0,0.0
2017-05-25 00:00:00+09:00,2843.440149679805,2843.440149679805,2778.500244140625,2778.500244140625,168011,0.0,0.0
2017-05-26 00:00:00+09:00,2773.8617144486643,2852.7173150266362,2773.8617144486643,2843.440185546875,130139,0.0,0.0
2017-05-29 00:00:00+09:00,2829.5242971278317,2875.909941343042,2829.5242971278317,2866.6328125,138727,0.0,0.0
2017-05-30 00:00:00+09:00,2829.524570899674,2940.85012778753,2829.524570899674,2931.572998046875,236409,0.0,0.0
2017-05-31 00:00:00+09:00,2926.934877532521,2954.76627097974,2875.91065621262,2908.380615234375,222652,0.0,0.0
2017-06-01 00:00:00+09:00,2875.910019436896,2903.741406721769,2857.3557612469804,2880.548583984375,148630,0.0,0.0
2017-06-02 00:00:00+09:00,2899.103057518434,2913.018752194522,2880.548797950316,2889.825927734375,137631,0.0,0.0
2017-06-05 00:00:00+09:00,2871.271573986159,2903.741527165324,2829.5244913272327,2843.440185546875,142384,0.0,0.0
2017-06-07 00:00:00+09:00,2820.2475136308562,2903.741683442296,2820.2475136308562,2871.271728515625,134372,0.0,0.0
2017-06-08 00:00:00+09:00,2861.9942480784794,2880.5485057645633,2787.7772173341427,2866.6328125,150722,0.0,0.0
2017-06-09 00:00:00+09:00,2871.27210204308,2959.4048483093457,2824.8864461134663,2940.8505859375,250916,0.0,0.0
2017-06-12 00:00:00+09:00,2936.211400166496,2936.211400166496,2829.5244140625,2829.5244140625,209481,0.0,0.0
2017-06-13 00:00:00+09:00,2810.9702323677097,2894.4643976855627,2810.9702323677097,2843.440185546875,96845,0.0,0.0
2017-06-14 00:00:00+09:00,2843.440536250509,2866.6333628104644,2824.886275002545,2848.0791015625,87647,0.0,0.0
2017-06-15 00:00:00+09:00,2843.439990392395,2875.909941343042,2829.5242971278317,2866.6328125,113600,0.0,0.0
2017-06-16 00:00:00+09:00,2871.271728515625,2880.548858494674,2838.801773588954,2871.271728515625,63217,0.0,0.0
2017-06-19 00:00:00+09:00,2871.271532107622,2908.3800494854268,2857.3558380909453,2894.46435546875,125316,0.0,0.0
2017-06-20 00:00:00+09:00,2899.1031953376205,2908.380325562701,2857.3561093247586,2885.1875,140781,0.0,0.0
2017-06-21 00:00:00+09:00,2871.271514051737,2903.74146655313,2820.24730297812,2861.994384765625,109799,0.0,0.0
2017-06-22 00:00:00+09:00,2848.078720464939,2885.187237995427,2801.6930735518295,2852.71728515625,119248,0.0,0.0
2017-06-23 00:00:00+09:00,2866.633086761871,2866.633086761871,2810.970308378145,2857.35595703125,43512,0.0,0.0
2017-06-26 00:00:00+09:00,2838.80178901258,2950.1273493660146,2838.80178901258,2903.74169921875,182837,0.0,0.0
2017-06-27 00:00:00+09:00,2903.7418853063928,2931.5732771783387,2848.0791015625,2848.0791015625,147592,0.0,0.0
2017-06-28 00:00:00+09:00,2848.078762837593,2852.717327597915,2801.693115234375,2801.693115234375,177948,0.0,0.0
2017-06-29 00:00:00+09:00,2857.3559401939656,2861.9945050319425,2783.1389027863297,2824.885986328125,106658,0.0,0.0
2017-06-30 00:00:00+09:00,2792.4159734081873,2866.6330092462786,2792.4159734081873,2843.440185546875,144603,0.0,0.0
2017-07-03 00:00:00+09:00,2843.440107902152,2857.355801741803,2792.415897156762,2829.5244140625,69875,0.0,0.0
2017-07-04 00:00:00+09:00,2810.970335689277,2838.8017251515466,2773.86181640625,2773.86181640625,120415,0.0,0.0
2017-07-05 00:00:00+09:00,2773.8620738636364,2820.2477272727274,2773.8620738636364,2806.33203125,36952,0.0,0.0
2017-07-06 00:00:00+09:00,2815.608761591585,2824.885890954325,2764.584550096515,2778.500244140625,74297,0.0,0.0
2017-07-07 00:00:00+09:00,2787.7774508149914,2848.0787933450997,2783.1388860049833,2792.416015625,63171,0.0,0.0
2017-07-10 00:00:00+09:00,2820.2476822916665,2834.163378092448,2773.8620296223958,2783.13916015625,70602,0.0,0.0
2017-07-11 00:00:00+09:00,2787.777463967643,2806.331723295215,2732.114685984928,2750.6689453125,150686,0.0,0.0
2017-07-12 00:00:00+09:00,2736.7534796288396,2759.9463057273892,2695.0063926514504,2718.19921875,62550,0.0,0.0
2017-07-13 00:00:00+09:00,2736.753250816821,2750.6689453125,2667.1747783384276,2750.6689453125,63200,0.0,0.0
2017-07-14 00:00:00+09:00,2759.9461052341107,2797.054624296082,2727.4761510548856,2741.391845703125,61395,0.0,0.0
2017-07-17 00:00:00+09:00,2773.8619388903603,2773.8619388903603,2732.1148528535487,2736.75341796875,52360,0.0,0.0
2017-07-18 00:00:00+09:00,2759.9459791756003,2759.9459791756003,2690.3675091123496,2704.283203125,39110,0.0,0.0
2017-07-19 00:00:00+09:00,2704.283477940781,2722.837738509843,2681.0906522294536,2695.00634765625,63319,0.0,0.0
2017-07-20 00:00:00+09:00,2708.922163492148,2769.2235130219387,2681.090771401475,2732.114990234375,67017,0.0,0.0
2017-07-21 00:00:00+09:00,2727.4762573242188,2792.4161682128906,2722.837692260742,2746.030517578125,103585,0.0,0.0
2017-07-24 00:00:00+09:00,2746.0305481991527,2773.8619388903603,2722.8377226231464,2736.75341796875,43379,0.0,0.0
2017-07-25 00:00:00+09:00,2713.56065353029,2764.584870947099,2708.92208831058,2718.19921875,57763,0.0,0.0
2017-07-26 00:00:00+09:00,2732.114729733811,2732.114729733811,2681.090515765947,2699.644775390625,64510,0.0,0.0
2017-07-27 00:00:00+09:00,2708.921767795883,2722.837461808533,2685.7289444414664,2704.283203125,82774,0.0,0.0
2017-07-28 00:00:00+09:00,2690.367362868618,2713.5601849623126,2634.70458984375,2634.70458984375,105425,0.0,0.0
2017-07-31 00:00:00+09:00,2592.9578401287254,2667.174880275523,2574.4035800920265,2606.87353515625,91582,0.0,0.0
2017-08-01 00:00:00+09:00,2565.1264043564856,2634.7048782540396,2565.1264043564856,2583.6806640625,76406,0.0,0.0
2017-08-02 00:00:00+09:00,2583.6805912486293,2648.6204983895286,2583.6805912486293,2643.98193359375,39034,0.0,0.0
2017-08-03 00:00:00+09:00,2653.2589973258287,2653.2589973258287,2537.2948803098398,2588.319091796875,72133,0.0,0.0
2017-08-04 00:00:00+09:00,2926.934555053711,3144.9471130371094,2746.030517578125,2746.030517578125,7742494,0.0,0.0
2017-08-07 00:00:00+09:00,2750.669129363436,2815.609041355153,2695.00634765625,2695.00634765625,694013,0.0,0.0
2017-08-08 00:00:00+09:00,2708.922163492148,2764.5849476734934,2657.897944659248,2732.114990234375,365461,0.0,0.0
2017-08-09 00:00:00+09:00,2713.5601251775565,2741.391511076814,2630.0659674797857,2653.2587890625,389735,0.0,0.0
2017-08-10 00:00:00+09:00,2643.9820102871404,2708.9219193117365,2606.8734908445135,2657.897705078125,256382,0.0,0.0
2017-08-11 00:00:00+09:00,2606.873350519433,2630.066173922631,2583.680527116235,2588.319091796875,153941,0.0,0.0
2017-08-14 00:00:00+09:00,2616.150710978836,2643.982101521164,2574.403625165344,2630.06640625,172332,0.0,0.0
2017-08-16 00:00:00+09:00,2643.9820261988148,2718.1990655307113,2643.9820261988148,2690.36767578125,151182,0.0,0.0
2017-08-17 00:00:00+09:00,2732.114656233587,2778.5003040474003,2708.9218323266805,2759.946044921875,232239,0.0,0.0
2017-08-18 00:00:00+09:00,2718.199157507945,2769.223373775159,2708.9220272775424,2736.75341796875,81166,0.0,0.0
2017-08-21 00:00:00+09:00,2764.58447265625,2806.33155361918,2741.3916498990666,2764.58447265625,163891,0.0,0.0
2017-08-22 00:00:00+09:00,2773.861739266019,2787.777433610163,2736.7532210149684,2759.946044921875,62072,0.0,0.0
2017-08-23 00:00:00+09:00,2778.500598228141,2778.500598228141,2704.283553868124,2708.922119140625,86790,0.0,0.0
2017-08-24 00:00:00+09:00,2704.2832092387052,2787.7773735033647,2704.2832092387052,2778.500244140625,145811,0.0,0.0
2017-08-25 00:00:00+09:00,2797.0547179668,2838.801803309588,2759.9461976620996,2787.777587890625,192977,0.0,0.0
2017-08-28 00:00:00+09:00,2797.054532918499,2820.2473565745395,2764.584579800042,2769.22314453125,96898,0.0,0.0
2017-08-29 00:00:00+09:00,2769.22314453125,2787.7774034560825,2736.753191412793,2769.22314453125,82910,0.0,0.0
2017-08-30 00:00:00+09:00,2764.5845971518006,2820.247374275662,2755.3074676311567,2801.693115234375,108195,0.0,0.0
2017-08-31 00:00:00+09:00,2806.3318938705393,2829.5247194397175,2773.86193807369,2810.970458984375,109665,0.0,0.0
2017-09-01 00:00:00+09:00,2810.9703824626868,2829.5246424129355,2783.1389925373137,2797.0546875,66551,0.0,0.0
2017-09-04 00:00:00+09:00,2732.114729733811,2746.0304244523195,2695.0062104844556,2699.644775390625,117983,0.0,0.0
2017-09-05 00:00:00+09:00,2722.8375999214722,2741.39185954615,2685.7290806721167,2699.644775390625,37308,0.0,0.0
2017-09-06 00:00:00+09:00,2727.4761648276417,2727.4761648276417,2671.8133859536083,2699.644775390625,40125,0.0,0.0
2017-09-07 00:00:00+09:00,2708.9218618254636,2750.6689453125,2699.644732161678,2750.6689453125,75536,0.0,0.0
2017-09-08 00:00:00+09:00,2755.3076945057014,2759.946259647967,2671.8135219449227,2695.00634765625,54174,0.0,0.0
2017-09-11 00:00:00+09:00,2690.3677061932312,2727.476226278655,2667.174881139841,2681.090576171875,68332,0.0,0.0
2017-09-12 00:00:00+09:00,2681.090637419697,2727.476288586128,2625.4278560199805,2662.536376953125,190098,0.0,0.0
2017-09-13 00:00:00+09:00,2648.620224745957,2671.813046328671,2625.427403163243,2653.2587890625,86475,0.0,0.0
2017-09-14 00:00:00+09:00,2671.813322368421,2676.4518871641994,2630.0662392064146,2643.98193359375,66130,0.0,0.0
2017-09-15 00:00:00+09:00,2657.897274292207,2657.897274292207,2616.150196685523,2639.343017578125,87410,0.0,0.0
2017-09-18 00:00:00+09:00,2671.813446150519,2690.3677061932312,2541.9336258515355,2681.090576171875,92380,0.0,0.0
2017-09-19 00:00:00+09:00,2667.1745407749227,2685.728798449879,2606.873203331316,2634.70458984375,100363,0.0,0.0
2017-09-20 00:00:00+09:00,2639.3434902204735,2639.3434902204735,2583.680710110376,2606.87353515625,80953,0.0,0.0
2017-09-21 00:00:00+09:00,2602.2347858387934,2634.7047386032705,2518.7406215872816,2588.319091796875,108414,0.0,0.0
2017-09-25 00:00:00+09:00,2504.8247153072034,2551.210358183263,2416.691993842691,2463.07763671875,88474,0.0,0.0
2017-09-26 00:00:00+09:00,2430.607990187615,2532.656417256561,2430.607990187615,2518.74072265625,40452,0.0,0.0
2017-09-27 00:00:00+09:00,2541.9334387972785,2541.9334387972785,2481.632098095883,2514.10205078125,28929,0.0,0.0
2017-09-28 00:00:00+09:00,2514.1021741832387,2560.4878231534094,2504.825044389205,2551.210693359375,30808,0.0,0.0
2017-09-29 00:00:00+09:00,2541.9336699608666,2606.8735812372393,2523.379409596189,2555.849365234375,24331,0.0,0.0
2017-10-10 00:00:00+09:00,2583.680801501377,2588.3193666746292,2509.4637587293446,2579.042236328125,59661,0.0,0.0
2017-10-11 00:00:00+09:00,2560.487961065574,2592.9579170935795,2546.572265625,2546.572265625,53709,0.0,0.0
2017-10-12 00:00:00+09:00,2551.21100010016,2555.8495655548877,2518.7410419170674,2532.65673828125,70580,0.0,0.0
2017-10-13 00:00:00+09:00,2555.8493343189884,2555.8493343189884,2476.99372872294,2490.909423828125,67000,0.0,0.0
2017-10-16 00:00:00+09:00,2481.631893869174,2509.4632795948096,2458.4390724311443,2463.07763671875,58536,0.0,0.0
2017-10-17 00:00:00+09:00,2463.0778981035087,2504.824981122212,2463.0778981035087,2495.5478515625,24378,0.0,0.0
2017-10-18 00:00:00+09:00,2495.5477253464032,2495.5477253464032,2439.884950803361,2458.439208984375,41903,0.0,0.0
2017-10-19 00:00:00+09:00,2490.90959253204,2490.90959253204,2412.0539815952716,2476.993896484375,53981,0.0,0.0
2017-10-20 00:00:00+09:00,2476.993789758736,2476.993789758736,2425.969573115766,2472.355224609375,68732,0.0,0.0
2017-10-23 00:00:00+09:00,2458.439362938724,2490.909316788858,2439.8851035957905,2486.270751953125,47517,0.0,0.0
2017-10-24 00:00:00+09:00,2472.3553311351534,2504.825288579705,2439.8853736906017,2476.993896484375,38876,0.0,0.0
2017-10-25 00:00:00+09:00,2500.186495385435,2606.873488695018,2476.9936707529173,2583.6806640625,95331,0.0,0.0
2017-10-26 00:00:00+09:00,2579.0418459738908,2592.957539387419,2504.8248144350737,2509.46337890625,70717,0.0,0.0
2017-10-27 00:00:00+09:00,2514.1020211612476,2551.210538078757,2509.463456546559,2523.379150390625,46136,0.0,0.0
2017-10-30 00:00:00+09:00,2727.4764873798076,2736.7536182892627,2518.7410419170674,2532.65673828125,724729,0.0,0.0
2017-10-31 00:00:00+09:00,2560.4879774305555,2560.4879774305555,2467.716673900463,2504.8251953125,100561,0.0,0.0
2017-11-01 00:00:00+09:00,2537.2950287979015,2546.5721587020985,2504.8250741332117,2541.93359375,60820,0.0,0.0
2017-11-02 00:00:00+09:00,2546.5722350520364,2555.849365234375,2518.7408445050196,2555.849365234375,53734,0.0,0.0
2017-11-03 00:00:00+09:00,2528.0178390724072,2574.4034874957542,2528.0178390724072,2560.48779296875,68030,0.0,0.0
2017-11-06 00:00:00+09:00,2565.126191230293,2588.3190139358107,2551.210497606982,2574.4033203125,59930,0.0,0.0
2017-11-07 00:00:00+09:00,2579.042052338089,2579.042052338089,2514.102144545403,2560.48779296875,32101,0.0,0.0
2017-11-08 00:00:00+09:00,2574.4034838320604,2583.680613503527,2486.270751953125,2486.270751953125,106830,0.0,0.0
2017-11-09 00:00:00+09:00,2486.2709346064817,2523.379456018519,2481.632369429977,2504.8251953125,46303,0.0,0.0
2017-11-10 00:00:00+09:00,2495.5480791890427,2546.5722964215324,2495.5480791890427,2537.295166015625,43147,0.0,0.0
2017-11-13 00:00:00+09:00,2537.294998668324,2565.126388050426,2523.3793039772727,2551.210693359375,42573,0.0,0.0
2017-11-14 00:00:00+09:00,2537.294803983671,2574.4033203125,2537.294803983671,2574.4033203125,54266,0.0,0.0
2017-11-15 00:00:00+09:00,2574.403626058703,2579.042191150701,2458.4394987587616,2481.63232421875,190259,0.0,0.0
2017-11-16 00:00:00+09:00,2500.1865234375,2500.1865234375,2472.3551335662105,2500.1865234375,56447,0.0,0.0
2017-11-17 00:00:00+09:00,2495.5477921038973,2518.740615450588,2495.5477921038973,2514.10205078125,63707,0.0,0.0
2017-11-20 00:00:00+09:00,2523.379410046729,2523.379410046729,2453.8009336667637,2481.63232421875,68301,0.0,0.0
2017-11-21 00:00:00+09:00,2490.9093302486067,2495.5478951094046,2430.6079870582307,2444.523681640625,109910,0.0,0.0
2017-11-22 00:00:00+09:00,2472.3548833726695,2472.3548833726695,2421.3306737721077,2425.96923828125,76210,0.0,0.0
2017-11-23 00:00:00+09:00,2444.523819027745,2444.523819027745,2416.692428298776,2439.88525390625,56679,0.0,0.0
2017-11-24 00:00:00+09:00,2430.6080331443845,2481.6322475806214,2421.3309032468865,2467.716552734375,60610,0.0,0.0
2017-11-27 00:00:00+09:00,2481.632122010675,2481.632122010675,2430.60791015625,2430.60791015625,79078,0.0,0.0
2017-11-28 00:00:00+09:00,2463.078281981016,2463.078281981016,2416.692626953125,2416.692626953125,63452,0.0,0.0
2017-11-29 00:00:00+09:00,2435.246504860363,2435.246504860363,2407.4151162333874,2421.330810546875,54407,0.0,0.0
2017-11-30 00:00:00+09:00,2425.9696370918614,2425.9696370918614,2374.9454191033137,2379.583984375,74032,0.0,0.0
2017-12-01 00:00:00+09:00,2384.22265625,2398.138352687257,2370.306959812743,2384.22265625,48077,0.0,0.0
2017-12-04 00:00:00+09:00,2393.4998827356053,2407.415579728254,2347.1142260934425,2356.391357421875,94125,0.0,0.0
2017-12-05 00:00:00+09:00,2356.3909460616437,2379.583770333904,2351.752381207192,2370.306640625,47621,0.0,0.0
2017-12-06 00:00:00+09:00,2384.2223655835583,2402.776625237905,2323.9210217069317,2361.029541015625,132850,0.0,0.0
2017-12-07 00:00:00+09:00,2374.945060483871,2374.945060483871,2300.72802734375,2300.72802734375,158660,0.0,0.0
2017-12-08 00:00:00+09:00,2305.366455078125,2323.9207122618523,2272.896505006602,2305.366455078125,62077,0.0,0.0
2017-12-11 00:00:00+09:00,2305.3665231752,2305.3665231752,2245.065185546875,2245.065185546875,67595,0.0,0.0
2017-12-12 00:00:00+09:00,2245.065233975588,2268.258056640625,2240.4266694425805,2268.258056640625,34092,0.0,0.0
2017-12-13 00:00:00+09:00,2277.5350980508206,2323.920741595644,2268.257969341856,2296.08935546875,47302,0.0,0.0
2017-12-14 00:00:00+09:00,2291.450957507622,2310.0052162728657,2263.619569359756,2282.173828125,52264,0.0,0.0
2017-12-15 00:00:00+09:00,2272.8965917769856,2310.0051075611,2240.426640465886,2277.53515625,48688,0.0,0.0
2017-12-18 00:00:00+09:00,2286.812699614978,2286.812699614978,2240.427046478772,2263.619873046875,60009,0.0,0.0
2017-12-19 00:00:00+09:00,2245.065642682613,2268.25846956983,2226.5113811728393,2254.3427734375,67323,0.0,0.0
2017-12-21 00:00:00+09:00,2240.4265377647,2240.4265377647,2115.185302734375,2115.185302734375,105708,0.0,0.0
2017-12-22 00:00:00+09:00,2101.2699285768995,2133.739883323121,2091.9927986494076,2129.101318359375,52152,0.0,0.0
2017-12-26 00:00:00+09:00,2133.740021151747,2152.29428220524,2110.54719483488,2124.462890625,42648,0.0,0.0
2017-12-27 00:00:00+09:00,2143.180460083536,2166.5776266783346,2129.142160126657,2161.898193359375,23706,20.0,0.0
2017-12-28 00:00:00+09:00,2147.8599132669383,2175.9365134403624,2147.8599132669383,2171.257080078125,41193,0.0,0.0
2018-01-02 00:00:00+09:00,2194.654296875,2213.3720307502667,2175.9365629997333,2194.654296875,31580,0.0,0.0
2018-01-03 00:00:00+09:00,2204.013163812633,2204.013163812633,2175.9365629997333,2194.654296875,47959,0.0,0.0
2018-01-04 00:00:00+09:00,2180.6159767297913,2199.3337104356265,2157.2188095974975,2185.29541015625,66586,0.0,0.0
2018-01-05 00:00:00+09:00,2185.29541015625,2194.6542770091673,2161.898243023956,2185.29541015625,64778,0.0,0.0
2018-01-08 00:00:00+09:00,2185.2953599541734,2189.974793273133,2147.859893402496,2161.898193359375,55835,0.0,0.0
2018-01-09 00:00:00+09:00,2152.539265950521,2171.256998697917,2096.3860677083335,2133.821533203125,100192,0.0,0.0
2018-01-10 00:00:00+09:00,2143.1803790525196,2147.8598121945556,2077.668315064014,2124.462646484375,111292,0.0,0.0
2018-01-11 00:00:00+09:00,2124.46280174684,2124.46280174684,2058.9507329705057,2082.347900390625,101724,0.0,0.0
2018-01-12 00:00:00+09:00,2087.027569195172,2101.065871230117,2044.9126630903365,2077.668701171875,113147,0.0,0.0
2018-01-15 00:00:00+09:00,2077.668510663973,2077.668510663973,2040.2330420033609,2044.9124755859375,92456,0.0,0.0
2018-01-16 00:00:00+09:00,2068.3098331485785,2077.668701171875,2044.9126630903365,2077.668701171875,66730,0.0,0.0
2018-01-17 00:00:00+09:00,2077.668466906601,2091.706767358673,2068.3095999385537,2082.347900390625,64184,0.0,0.0
2018-01-18 00:00:00+09:00,2072.9891011736036,2129.1423048171323,2072.9891011736036,2115.10400390625,64392,0.0,0.0
2018-01-19 00:00:00+09:00,2129.142333984375,2138.501201386504,2115.1040328811814,2129.142333984375,114660,0.0,0.0
2018-01-22 00:00:00+09:00,2147.8595977716427,2175.936193820945,2129.1418670721077,2138.500732421875,88813,0.0,0.0
2018-01-23 00:00:00+09:00,2152.539296534586,2152.539296534586,2119.7832637612337,2147.85986328125,62864,0.0,0.0
2018-01-24 00:00:00+09:00,2166.5776467158876,2171.257080078125,2124.4627464557516,2171.257080078125,61119,0.0,0.0
2018-01-25 00:00:00+09:00,2171.2569590336134,2232.0895893513652,2161.8980928308824,2227.41015625,117984,0.0,0.0
2018-01-26 00:00:00+09:00,2236.769287109375,2241.4487207644156,2208.692685179132,2236.769287109375,73226,0.0,0.0
2018-01-29 00:00:00+09:00,2250.807160684885,2288.242622816858,2246.1277279183882,2264.845458984375,101732,0.0,0.0
2018-01-30 00:00:00+09:00,2264.845672670868,2283.5634055028586,2227.4102070068866,2250.807373046875,94525,0.0,0.0
2018-01-31 00:00:00+09:00,2246.127960015528,2269.52512626569,2213.3719272653016,2260.166259765625,52057,0.0,0.0
2018-02-01 00:00:00+09:00,2236.769287109375,2274.2047563496994,2227.410419799294,2236.769287109375,83787,0.0,0.0
2018-02-02 00:00:00+09:00,2236.768959857048,2260.1661247091088,2124.462568567154,2199.33349609375,169258,0.0,0.0
2018-02-05 00:00:00+09:00,2166.577596294594,2166.577596294594,2124.4626970145696,2147.85986328125,76915,0.0,0.0
2018-02-07 00:00:00+09:00,2143.1806350875686,2171.257237293956,2124.4629002833103,2129.142333984375,46391,0.0,0.0
2018-02-08 00:00:00+09:00,2166.5776165943603,2166.5776165943603,2129.1421502169196,2157.21875,35888,0.0,0.0
2018-02-09 00:00:00+09:00,2124.462880924048,2138.501181899317,2105.745146290356,2119.783447265625,29199,0.0,0.0
2018-02-12 00:00:00+09:00,2133.8212997469914,2143.1801650967586,2110.4241363725723,2138.500732421875,39789,0.0,0.0
2018-02-13 00:00:00+09:00,2138.500732421875,2152.5390304465263,2105.7447036976887,2138.500732421875,45814,0.0,0.0
2018-02-14 00:00:00+09:00,2143.180430027914,2175.9364628012663,2063.630064721201,2147.85986328125,33655,0.0,0.0
2018-02-19 00:00:00+09:00,2161.8982133536506,2175.9365134403624,2152.5393466291757,2171.257080078125,39267,0.0,0.0
2018-02-20 00:00:00+09:00,2157.2188676830074,2213.3720703125,2152.5394341305496,2213.3720703125,63514,0.0,0.0
2018-02-21 00:00:00+09:00,2213.3720604848054,2227.4103610798466,2199.333759889764,2208.692626953125,37193,0.0,0.0
2018-02-22 00:00:00+09:00,2213.3720800987276,2222.7309472450224,2189.9749122329904,2218.051513671875,43537,0.0,0.0
2018-02-23 00:00:00+09:00,2218.0513002407624,2232.089599609375,2194.6541346264084,2232.089599609375,36063,0.0,0.0
2018-02-26 00:00:00+09:00,2236.7692281432073,2246.128095206568,2194.654326358084,2208.692626953125,59851,0.0,0.0
2018-02-27 00:00:00+09:00,2208.6924136513157,2232.0895790501645,2204.012980571546,2222.730712890625,35097,0.0,0.0
2018-02-28 00:00:00+09:00,2199.333357195364,2208.6922225451312,2129.1418670721077,2138.500732421875,89724,0.0,0.0
2018-03-07 00:00:00+09:00,2087.02734375,2124.4628117993275,2082.347910243834,2087.02734375,20142,0.0,0.0
2018-03-08 00:00:00+09:00,2077.6684767376682,2119.7833782931616,2058.9507427130043,2087.02734375,22394,0.0,0.0
2018-03-09 00:00:00+09:00,2105.745146290356,2124.462880924048,2077.668544339818,2119.783447265625,28875,0.0,0.0
2018-03-12 00:00:00+09:00,2124.462646484375,2147.8598121945556,2105.744913916231,2124.462646484375,23197,0.0,0.0
2018-03-13 00:00:00+09:00,2115.103780200303,2143.1803790525196,2096.386047632159,2124.462646484375,25363,0.0,0.0
2018-03-14 00:00:00+09:00,2115.103780200303,2152.5392453365916,2115.103780200303,2124.462646484375,20754,0.0,0.0
2018-03-15 00:00:00+09:00,2143.1803790525196,2143.1803790525196,2110.424347058267,2124.462646484375,27052,0.0,0.0
2018-03-16 00:00:00+09:00,2110.4245507812498,2143.1805859375,2105.7451171875,2105.7451171875,64402,0.0,0.0
2018-03-19 00:00:00+09:00,2101.0656541657927,2133.821688863255,2072.9890529965396,2091.706787109375,50755,0.0,0.0
2018-03-20 00:00:00+09:00,2068.3096097253365,2096.3862107623318,2068.3096097253365,2087.02734375,14372,0.0,0.0
2018-03-21 00:00:00+09:00,2087.027333874649,2105.7450678107443,2063.6301664545294,2082.347900390625,36557,0.0,0.0
2018-03-22 00:00:00+09:00,2072.98876953125,2096.385933972912,2054.2710379779205,2072.98876953125,62246,0.0,0.0
2018-03-23 00:00:00+09:00,2049.592039866728,2072.989209271599,1988.7593994140625,1988.7593994140625,111059,0.0,0.0
2018-03-26 00:00:00+09:00,2007.4771253477852,2007.4771253477852,1965.3622206202094,1984.0799560546875,65215,0.0,0.0
2018-03-27 00:00:00+09:00,1984.0796207186768,2012.1562191250732,1984.0796207186768,1998.117919921875,31521,0.0,0.0
2018-03-28 00:00:00+09:00,2026.1948049593966,2026.1948049593966,1998.1182025812063,2016.8359375,48028,0.0,0.0
2018-03-29 00:00:00+09:00,2044.9124460527973,2044.9124460527973,2002.7975444178426,2030.8741455078125,21836,0.0,0.0
2018-03-30 00:00:00+09:00,2040.2330125378023,2040.2330125378023,2007.4769779328376,2030.8741455078125,23576,0.0,0.0
2018-04-02 00:00:00+09:00,2054.2712524984486,2054.2712524984486,1979.4003184666142,2002.7974853515625,81958,0.0,0.0
2018-04-03 00:00:00+09:00,2012.1562191250732,2012.1562191250732,1956.0030223122806,1998.117919921875,55682,0.0,0.0
2018-04-04 00:00:00+09:00,1932.6058961417623,2007.4768267428958,1932.6058961417623,1960.6824951171875,121380,0.0,0.0
2018-04-05 00:00:00+09:00,1984.079794456845,1984.079794456845,1941.9648931594122,1965.362060546875,35837,0.0,0.0
2018-04-06 00:00:00+09:00,1979.4002685546875,1979.4002685546875,1951.3236690007202,1979.4002685546875,36305,0.0,0.0
2018-04-09 00:00:00+09:00,1956.0029296875,1984.0795267643541,1932.6057654567883,1956.0029296875,30830,0.0,0.0
2018-04-10 00:00:00+09:00,1937.2852471344663,1951.3235460267451,1895.17035045763,1923.2469482421875,71564,0.0,0.0
2018-04-11 00:00:00+09:00,1941.964936487883,1941.964936487883,1909.2089014145934,1927.9266357421875,34367,0.0,0.0
2018-04-12 00:00:00+09:00,1937.2853293043331,1960.6824951171875,1913.888163491479,1960.6824951171875,53603,0.0,0.0
2018-04-13 00:00:00+09:00,1974.7207946049,1974.7207946049,1941.964762466904,1960.6824951171875,12890,0.0,0.0
2018-04-16 00:00:00+09:00,1960.6824951171875,1984.0796609300417,1937.2853293043331,1960.6824951171875,42627,0.0,0.0
2018-04-17 00:00:00+09:00,1974.7210693359375,1979.4005031495299,1951.3239002679763,1974.7210693359375,32974,0.0,0.0
2018-04-18 00:00:00+09:00,1979.4002685546875,1984.079701813682,1960.6825355187093,1979.4002685546875,40796,0.0,0.0
2018-04-19 00:00:00+09:00,1988.7591146799846,1988.7591146799846,1951.3236489918906,1970.0413818359375,44301,0.0,0.0
2018-04-20 00:00:00+09:00,1960.6827867615898,1993.4388237719265,1956.0033529029702,1984.0799560546875,87012,0.0,0.0
2018-04-23 00:00:00+09:00,1993.4385174418605,2030.8739825581395,1974.7207848837209,2012.15625,112751,0.0,0.0
2018-04-24 00:00:00+09:00,2012.1565037703015,2021.5153712296983,1993.438768851508,2016.8359375,56537,0.0,0.0
2018-04-25 00:00:00+09:00,2016.835652192806,2021.5150852605386,1979.4001876509442,1998.117919921875,27169,0.0,0.0
2018-04-26 00:00:00+09:00,1984.0797518436038,2026.1946522365106,1970.041451712635,2002.7974853515625,74120,0.0,0.0
2018-04-27 00:00:00+09:00,2012.1562703450522,2035.5534362792969,2002.7974039713542,2021.51513671875,30448,0.0,0.0
2018-04-30 00:00:00+09:00,2030.8738487261437,2030.8738487261437,1998.11781890798,2007.4766845703125,30040,0.0,0.0
2018-05-02 00:00:00+09:00,2016.835652192806,2026.1945183282714,1960.6824553800132,1998.117919921875,49344,0.0,0.0
2018-05-03 00:00:00+09:00,2002.7977105798857,2007.4771444831097,1984.0799749669895,1993.4388427734375,36998,0.0,0.0
2018-05-04 00:00:00+09:00,1993.4388332950368,1993.4388332950368,1965.362230009191,1988.7593994140625,98974,0.0,0.0
2018-05-08 00:00:00+09:00,2002.7972581489234,2002.7972581489234,1956.0029296875,1956.0029296875,66465,0.0,0.0
2018-05-09 00:00:00+09:00,1946.644256961259,1960.6825568912682,1909.208790481235,1932.60595703125,98581,0.0,0.0
2018-05-10 00:00:00+09:00,1993.438567483836,2058.9506330818963,1956.0031014278015,2035.553466796875,328190,0.0,0.0
2018-05-11 00:00:00+09:00,2044.9124421945066,2105.7450777746635,2026.1947081698431,2087.02734375,236716,0.0,0.0
2018-05-14 00:00:00+09:00,2087.027411656664,2152.539482874586,2082.347977998241,2119.783447265625,103161,0.0,0.0
2018-05-15 00:00:00+09:00,2115.104238844235,2129.14254131444,2082.34819974709,2110.4248046875,60530,0.0,0.0
2018-05-16 00:00:00+09:00,2133.821512768447,2185.295277330844,2035.5534167856897,2124.462646484375,209859,0.0,0.0
2018-05-17 00:00:00+09:00,2110.4245991801167,2175.9366709950204,2110.4245991801167,2129.142333984375,107336,0.0,0.0
2018-05-18 00:00:00+09:00,2119.783495240857,2147.8600978268287,2115.1040614765284,2143.1806640625,61989,0.0,0.0
2018-05-21 00:00:00+09:00,2129.1421502169196,2161.89818329718,2129.1421502169196,2157.21875,64522,0.0,0.0
2018-05-23 00:00:00+09:00,2166.5776165943603,2171.25704989154,2133.8215835141,2157.21875,75188,0.0,0.0
2018-05-24 00:00:00+09:00,2185.29553839715,2185.29553839715,2115.1040328811814,2129.142333984375,83239,0.0,0.0
2018-05-25 00:00:00+09:00,2110.4248046875,2119.7836730009703,2072.98933143362,2110.4248046875,38638,0.0,0.0
2018-05-28 00:00:00+09:00,2077.6684767376682,2115.1039447869953,2068.3096097253365,2087.02734375,86192,0.0,0.0
2018-05-29 00:00:00+09:00,2087.027402084486,2124.4628711801715,2087.027402084486,2115.10400390625,50800,0.0,0.0
2018-05-30 00:00:00+09:00,2115.103964669364,2124.462831769671,2068.3096291678294,2096.38623046875,33861,0.0,0.0
2018-05-31 00:00:00+09:00,2115.1037287722716,2115.1037287722716,2068.309398489699,2101.0654296875,66027,0.0,0.0
2018-06-01 00:00:00+09:00,2096.38625,2110.4245507812498,2072.98908203125,2105.7451171875,31737,0.0,0.0
2018-06-04 00:00:00+09:00,2096.3862693584074,2129.1423048171323,2096.3862693584074,2115.10400390625,46153,0.0,0.0
2018-06-05 00:00:00+09:00,2124.4628711801715,2124.4628711801715,2101.0657029953677,2115.10400390625,35750,0.0,0.0
2018-06-07 00:00:00+09:00,2115.1039547504197,2119.7833882786285,2072.9890529965396,2091.706787109375,37013,0.0,0.0
2018-06-08 00:00:00+09:00,2101.065871230117,2101.065871230117,2077.668701171875,2077.668701171875,16826,0.0,0.0
2018-06-11 00:00:00+09:00,2077.668701171875,2091.70700320682,2063.63039913693,2077.668701171875,13908,0.0,0.0
2018-06-12 00:00:00+09:00,2077.668437146493,2077.668437146493,2040.2329698105202,2068.3095703125,50984,0.0,0.0
2018-06-14 00:00:00+09:00,2054.2713427510907,2068.30964349882,2016.8358740904785,2044.9124755859375,30294,0.0,0.0
2018-06-15 00:00:00+09:00,2044.9123333108835,2063.6300663389006,2016.8357337688576,2035.553466796875,21751,0.0,0.0
2018-06-18 00:00:00+09:00,1993.4388045903067,2035.5537089126371,1951.3239002679763,1974.7210693359375,98362,0.0,0.0
2018-06-19 00:00:00+09:00,1974.7210274402005,1993.4387622974536,1895.170654296875,1895.170654296875,56530,0.0,0.0
2018-06-20 00:00:00+09:00,1871.773374961515,1923.2471427729565,1871.773374961515,1899.8499755859375,47196,0.0,0.0
2018-06-21 00:00:00+09:00,1885.8115249082266,1951.3235878082644,1885.8115249082266,1941.9647216796875,31692,0.0,0.0
2018-06-22 00:00:00+09:00,1941.9648537269006,1965.362020639273,1899.8499532846306,1946.644287109375,39011,0.0,0.0
2018-06-25 00:00:00+09:00,2007.4766909950658,2007.4766909950658,1904.5291683799342,1956.0029296875,27199,0.0,0.0
2018-06-26 00:00:00+09:00,1932.6058555511106,1974.7207531297063,1899.8498241010918,1941.9647216796875,36734,0.0,0.0
2018-06-27 00:00:00+09:00,1941.9648537269006,1960.6825872567986,1918.5676868145283,1946.644287109375,37200,0.0,0.0
2018-06-28 00:00:00+09:00,1960.6825670620092,1960.6825670620092,1881.1322003793025,1937.285400390625,35649,0.0,0.0
2018-06-29 00:00:00+09:00,1932.6059266625382,1932.6059266625382,1890.4910275342988,1918.567626953125,22256,0.0,0.0
2018-07-02 00:00:00+09:00,1890.4910281387406,1923.247060804511,1839.0172625211017,1862.4144287109375,103252,0.0,0.0
2018-07-03 00:00:00+09:00,1871.7734277098998,1909.2088962640978,1829.658525586427,1867.093994140625,39171,0.0,0.0
2018-07-04 00:00:00+09:00,1871.7734857253085,1895.170654296875,1824.9791485821759,1895.170654296875,14945,0.0,0.0
2018-07-05 00:00:00+09:00,1885.8116354871154,1899.8499355031483,1839.0173021003382,1881.1322021484375,24421,0.0,0.0
2018-07-06 00:00:00+09:00,1890.491068825793,1890.491068825793,1843.6967354390158,1881.1322021484375,23402,0.0,0.0
2018-07-09 00:00:00+09:00,1895.1705955562736,1895.1705955562736,1848.376259863526,1867.093994140625,8881,0.0,0.0
2018-07-10 00:00:00+09:00,1871.7732945884147,1927.926493426067,1857.7349948790015,1918.567626953125,34273,0.0,0.0
2018-07-11 00:00:00+09:00,1918.567719330659,1923.247152792441,1881.132251636402,1904.5294189453125,15909,0.0,0.0
2018-07-12 00:00:00+09:00,1909.2088524070948,1909.2088524070948,1867.0939512510558,1904.5294189453125,25639,0.0,0.0
2018-07-13 00:00:00+09:00,1899.8499953326059,1913.8882957907285,1885.811694874483,1909.2088623046875,11291,0.0,0.0
2018-07-16 00:00:00+09:00,1909.2088200495793,1970.0414540217473,1895.170519902156,1946.644287109375,35946,0.0,0.0
2018-07-17 00:00:00+09:00,1965.362020639273,2002.7974876990686,1927.9265535794773,1946.644287109375,26194,0.0,0.0
2018-07-18 00:00:00+09:00,1951.3237601143974,1998.118094889323,1927.9265927269346,1965.362060546875,24988,0.0,0.0
2018-07-19 00:00:00+09:00,1965.3619282797583,1979.4002277674708,1937.2853293043331,1960.6824951171875,26174,0.0,0.0
2018-07-20 00:00:00+09:00,1960.6823625336424,2030.8738552257776,1918.5674669183613,1956.0029296875,17065,0.0,0.0
2018-07-23 00:00:00+09:00,1956.0032421874998,1960.6826757812498,1871.7734375,1871.7734375,36373,0.0,0.0
2018-07-24 00:00:00+09:00,1881.1323531539351,1895.170654296875,1867.0940520109953,1895.170654296875,15197,0.0,0.0
2018-07-25 00:00:00+09:00,1909.20890625,1909.20890625,1862.4145703125,1871.7734375,24289,0.0,0.0
2018-07-26 00:00:00+09:00,1871.7733944163604,1909.2088623046875,1867.0939609303196,1909.2088623046875,22931,0.0,0.0
2018-07-27 00:00:00+09:00,1909.208760480183,1937.285359899009,1881.1321610613568,1918.567626953125,17239,0.0,0.0
2018-07-30 00:00:00+09:00,1899.8498329691367,1941.9647307443147,1885.811533710744,1890.490966796875,15437,0.0,0.0
2018-07-31 00:00:00+09:00,1881.1323531539351,1909.2089554398146,1881.1323531539351,1895.170654296875,13309,0.0,0.0
2018-08-01 00:00:00+09:00,1881.1321610613568,1932.6059266625382,1881.1321610613568,1918.567626953125,15474,0.0,0.0
2018-08-02 00:00:00+09:00,1937.2854430851678,1937.2854430851678,1899.8499755859375,1899.8499755859375,10843,0.0,0.0
2018-08-03 00:00:00+09:00,1904.529327243712,1918.567626953125,1895.17046077077,1918.567626953125,17643,0.0,0.0
2018-08-06 00:00:00+09:00,1937.2854531777873,1941.9648866395694,1904.5294189453125,1904.5294189453125,20168,0.0,0.0
2018-08-07 00:00:00+09:00,1937.285463220933,1937.285463220933,1890.491128360524,1909.2088623046875,44334,0.0,0.0
2018-08-08 00:00:00+09:00,1941.9646800985593,1941.9646800985593,1909.208649349909,1923.2469482421875,44613,0.0,0.0
2018-08-09 00:00:00+09:00,1937.285390341253,1937.285390341253,1904.5293571712318,1932.60595703125,15713,0.0,0.0
2018-08-10 00:00:00+09:00,1932.606069324086,1946.6443700697816,1904.529467832695,1927.9266357421875,68841,0.0,0.0
2018-08-13 00:00:00+09:00,1899.8500880111883,1927.9266902970678,1895.170654296875,1895.170654296875,44424,0.0,0.0
2018-08-14 00:00:00+09:00,1867.0938013662205,1899.8498329691367,1867.0938013662205,1890.490966796875,30588,0.0,0.0
2018-08-16 00:00:00+09:00,1890.4910788713555,1890.4910788713555,1876.4527787807267,1885.8116455078125,14755,0.0,0.0
2018-08-17 00:00:00+09:00,1867.0939021324045,1899.8499355031483,1867.0939021324045,1881.1322021484375,12039,0.0,0.0
2018-08-20 00:00:00+09:00,1839.0174119145497,1885.8117480955814,1839.0174119145497,1876.452880859375,21059,0.0,0.0
2018-08-21 00:00:00+09:00,1890.490966796875,1890.490966796875,1862.4143682800898,1890.490966796875,21489,0.0,0.0
2018-08-22 00:00:00+09:00,1904.5292660552675,1904.5292660552675,1890.490966796875,1890.490966796875,10075,0.0,0.0
2018-08-23 00:00:00+09:00,1890.49110871113,1913.888275898149,1881.1322418363225,1899.8499755859375,22127,0.0,0.0
2018-08-24 00:00:00+09:00,1890.490966796875,1904.5292660552675,1885.811533710744,1890.490966796875,17182,0.0,0.0
2018-08-27 00:00:00+09:00,1890.4910788713555,1904.5293789619843,1876.4527787807267,1885.8116455078125,10009,0.0,0.0
2018-08-28 00:00:00+09:00,1890.491068825793,1899.8499355031483,1881.1322021484375,1881.1322021484375,10964,0.0,0.0
2018-08-29 00:00:00+09:00,1890.491068825793,1899.8499355031483,1867.0939021324045,1881.1322021484375,18406,0.0,0.0
2018-08-30 00:00:00+09:00,1890.491068825793,1899.8499355031483,1881.1322021484375,1881.1322021484375,10050,0.0,0.0
2018-08-31 00:00:00+09:00,1890.4912205825617,1904.5295217255014,1876.4529194396218,1895.170654296875,32076,0.0,0.0
2018-09-03 00:00:00+09:00,1885.8117480955814,1899.850048949891,1862.4145800050655,1876.452880859375,9214,0.0,0.0
2018-09-04 00:00:00+09:00,1881.1322999232023,2007.4770066344622,1871.7734327594053,1927.9266357421875,72437,0.0,0.0
2018-09-05 00:00:00+09:00,1951.3237204918496,1984.0797541691709,1932.6059869619517,1946.644287109375,40777,0.0,0.0
2018-09-06 00:00:00+09:00,1923.2471003877943,1960.6825670620092,1923.2471003877943,1937.285400390625,14083,0.0,0.0
2018-09-07 00:00:00+09:00,1937.2854203444263,1951.3237204918496,1923.247120197003,1946.644287109375,13190,0.0,0.0
2018-09-10 00:00:00+09:00,1909.2089014145934,1946.6443700697816,1909.2089014145934,1927.9266357421875,7115,0.0,0.0
2018-09-11 00:00:00+09:00,1946.6441752847722,1956.0030415121028,1904.5292772617843,1951.3236083984375,4994,0.0,0.0
2018-09-12 00:00:00+09:00,1956.002978990838,1956.002978990838,1909.208649349909,1923.2469482421875,22322,0.0,0.0
2018-09-13 00:00:00+09:00,1932.6058141703734,1932.6058141703734,1904.529216385816,1923.2469482421875,6050,0.0,0.0
2018-09-14 00:00:00+09:00,1946.6441547439758,1956.0030208725527,1918.5675563582454,1941.9647216796875,21276,0.0,0.0
2018-09-17 00:00:00+09:00,1941.964631149073,1965.3617953797848,1923.2468997645037,1956.0029296875,41745,0.0,0.0
2018-09-18 00:00:00+09:00,1932.6059359647422,1984.079701813682,1927.9265027057477,1979.4002685546875,29579,0.0,0.0
2018-09-19 00:00:00+09:00,1979.4003003991168,1993.4386004019475,1937.285400390625,1937.285400390625,48800,0.0,0.0
2018-09-20 00:00:00+09:00,1941.9646800985593,1951.3235460267451,1923.2469482421875,1923.2469482421875,32817,0.0,0.0
2018-09-21 00:00:00+09:00,1923.247090411244,1970.0414235112742,1923.247090411244,1932.60595703125,16022,0.0,0.0
2018-09-27 00:00:00+09:00,1909.208649349909,1941.9646800985593,1909.208649349909,1923.2469482421875,39162,0.0,0.0
2018-09-28 00:00:00+09:00,1941.9648337249018,1941.9648337249018,1918.5676670535174,1937.285400390625,32870,0.0,0.0
2018-10-01 00:00:00+09:00,1909.208649349909,1932.6058141703734,1909.208649349909,1923.2469482421875,27087,0.0,0.0
2018-10-02 00:00:00+09:00,1913.8882337192406,1956.0031337277323,1913.8882337192406,1937.285400390625,30700,0.0,0.0
2018-10-04 00:00:00+09:00,1941.964936487883,1946.6443700697816,1913.888334996492,1927.9266357421875,34133,0.0,0.0
2018-10-05 00:00:00+09:00,1932.6059670563482,1941.9648337249018,1895.170500382133,1937.285400390625,35243,0.0,0.0
2018-10-08 00:00:00+09:00,1913.8882237912378,1932.60595703125,1890.4910572412227,1932.60595703125,19286,0.0,0.0
2018-10-10 00:00:00+09:00,1913.8883056640625,1965.3620742760545,1909.2088721538814,1913.8883056640625,40116,0.0,0.0
2018-10-11 00:00:00+09:00,1881.1322650331438,1937.2854669744318,1853.0556640625,1853.0556640625,56391,0.0,0.0
2018-10-12 00:00:00+09:00,1824.9789622237042,1918.567626953125,1824.9789622237042,1918.567626953125,38412,0.0,0.0
2018-10-15 00:00:00+09:00,1918.5677093355528,1927.9265762103603,1890.49110871113,1899.8499755859375,26316,0.0,0.0
2018-10-16 00:00:00+09:00,1918.567719330659,1937.2854531777873,1885.8116850981842,1904.5294189453125,52621,0.0,0.0
2018-10-17 00:00:00+09:00,1904.5291683799342,1988.7589596104965,1895.1703026876496,1956.0029296875,65723,0.0,0.0
2018-10-18 00:00:00+09:00,1956.003153874324,1979.4003207866963,1932.6059869619517,1946.644287109375,23689,0.0,0.0
2018-10-19 00:00:00+09:00,1923.246989422534,1956.0030208725527,1923.246989422534,1941.9647216796875,14976,0.0,0.0
2018-10-22 00:00:00+09:00,1941.9648337249018,1941.9648337249018,1909.2088003849638,1937.285400390625,38683,0.0,0.0
2018-10-23 00:00:00+09:00,1932.6058759437763,1965.3619077394335,1909.2087103754498,1951.3236083984375,21150,0.0,0.0
2018-10-24 00:00:00+09:00,1970.0415937258872,1974.7210274402005,1885.8117868682484,1895.170654296875,28201,0.0,0.0
2018-10-25 00:00:00+09:00,1871.7733454171837,1890.4910788713555,1806.2612783275822,1885.8116455078125,83748,0.0,0.0
2018-10-26 00:00:00+09:00,1857.7349130483774,1885.8115112304688,1810.9405827448918,1824.9788818359375,54165,0.0,0.0
2018-10-29 00:00:00+09:00,1745.4286812447215,1867.0939512510558,1731.390380859375,1731.390380859375,49014,0.0,0.0
2018-10-30 00:00:00+09:00,1637.8015396442818,1796.9022606382978,1553.5717461768618,1759.466796875,92287,0.0,0.0
2018-10-31 00:00:00+09:00,1745.4286274652554,1834.3378604996785,1717.3520275596481,1820.299560546875,32360,0.0,0.0
2018-11-01 00:00:00+09:00,1829.6583251953125,1871.773222706202,1810.9405929682505,1829.6583251953125,26032,0.0,0.0
2018-11-02 00:00:00+09:00,1848.376259863526,1881.1322948484494,1843.6968262942514,1867.093994140625,11683,0.0,0.0
2018-11-05 00:00:00+09:00,1871.7734375,1876.45287109375,1829.6585351562499,1871.7734375,8985,0.0,0.0
2018-11-06 00:00:00+09:00,1871.773447241272,1881.1323144774783,1848.376279150756,1876.452880859375,28608,0.0,0.0
2018-11-07 00:00:00+09:00,1853.0557031249998,1881.1323046875,1853.0557031249998,1871.7734375,20517,0.0,0.0
2018-11-08 00:00:00+09:00,1881.1322948484494,1881.1322948484494,1848.376259863526,1867.093994140625,21531,0.0,0.0
2018-11-09 00:00:00+09:00,1876.4528013428355,1876.4528013428355,1796.902433206107,1839.017333984375,14466,0.0,0.0
2018-11-12 00:00:00+09:00,1829.65846714476,1839.017333984375,1810.9407334655295,1839.017333984375,15425,0.0,0.0
2018-11-13 00:00:00+09:00,1782.8639845628004,1824.9788818359375,1782.8639845628004,1824.9788818359375,7048,0.0,0.0
2018-11-14 00:00:00+09:00,1824.978892138547,1843.696624365609,1810.9405929682505,1829.6583251953125,18614,0.0,0.0
2018-11-15 00:00:00+09:00,1806.261300045722,1839.017333984375,1801.5818666259145,1839.017333984375,3859,0.0,0.0
2018-11-16 00:00:00+09:00,1848.3763331689206,1857.7352006786366,1824.9791643946305,1843.6968994140625,8170,0.0,0.0
2018-11-19 00:00:00+09:00,1862.4145211135285,1862.4145211135285,1820.299619882318,1848.376220703125,15826,0.0,0.0
2018-11-20 00:00:00+09:00,1848.376220703125,1848.376220703125,1824.9790533524524,1848.376220703125,6010,0.0,0.0
2018-11-21 00:00:00+09:00,1824.9790337249522,1839.017333984375,1820.2996003051446,1839.017333984375,46088,0.0,0.0
2018-11-22 00:00:00+09:00,1839.0171809269832,1843.6966139573317,1806.2611497145433,1824.9788818359375,39004,0.0,0.0
2018-11-23 00:00:00+09:00,1839.017295452897,1839.017295452897,1764.1463623046875,1764.1463623046875,53894,0.0,0.0
2018-11-26 00:00:00+09:00,1778.1846622699768,1778.1846622699768,1736.069762374109,1764.1463623046875,30972,0.0,0.0
2018-11-27 00:00:00+09:00,1782.864128444506,1782.864128444506,1637.8016927967901,1722.031494140625,172286,0.0,0.0
2018-11-28 00:00:00+09:00,1722.0315871147259,1726.7110207753637,1684.5961178296232,1707.9932861328125,56540,0.0,0.0
2018-11-29 00:00:00+09:00,1712.6727294921875,1726.711030553599,1707.9932958050504,1712.6727294921875,33932,0.0,0.0
2018-11-30 00:00:00+09:00,1722.031382325542,1726.7108154296875,1703.31364990896,1726.7108154296875,40970,0.0,0.0
2018-12-03 00:00:00+09:00,1712.6726761477883,1745.4287109375,1712.6726761477883,1745.4287109375,31066,0.0,0.0
2018-12-04 00:00:00+09:00,1759.4670115616623,1759.4670115616623,1726.7109767719503,1745.4287109375,18086,0.0,0.0
2018-12-05 00:00:00+09:00,1736.06973250282,1750.1080322265625,1707.993133055335,1750.1080322265625,8642,0.0,0.0
2018-12-06 00:00:00+09:00,1750.1080844473775,1754.7875178282527,1698.6343172577488,1717.35205078125,17668,0.0,0.0
2018-12-07 00:00:00+09:00,1717.35205078125,1736.0697843047515,1684.5960171151228,1717.35205078125,18969,0.0,0.0
2018-12-10 00:00:00+09:00,1689.2754208072201,1722.031453897665,1679.9165542099504,1703.313720703125,15073,0.0,0.0
2018-12-11 00:00:00+09:00,1693.9548238400278,1712.6725567001386,1679.9165241949445,1689.275390625,8386,0.0,0.0
2018-12-12 00:00:00+09:00,1684.5959875085853,1712.672587300395,1670.5576876126804,1703.313720703125,22301,0.0,0.0
2018-12-13 00:00:00+09:00,1703.3138621179132,1717.3521631793246,1679.9166936822278,1712.6727294921875,7145,0.0,0.0
2018-12-14 00:00:00+09:00,1712.672587300395,1712.672587300395,1684.5959875085853,1703.313720703125,7291,0.0,0.0
2018-12-17 00:00:00+09:00,1689.2752790082225,1703.3135777257423,1675.2369802907026,1693.9547119140625,15086,0.0,0.0
2018-12-18 00:00:00+09:00,1693.9548963911077,1693.9548963911077,1651.8399956521023,1665.8782958984375,31864,0.0,0.0
2018-12-19 00:00:00+09:00,1647.1605622366571,1679.9165961447725,1647.1605622366571,1665.8782958984375,15480,0.0,0.0
2018-12-20 00:00:00+09:00,1665.878163512324,1675.2370295994717,1647.160431338028,1661.19873046875,10940,0.0,0.0
2018-12-21 00:00:00+09:00,1661.198832482184,1665.8782658131197,1628.442799165634,1651.8399658203125,20434,0.0,0.0
2018-12-24 00:00:00+09:00,1656.5192974251759,1684.5958956866195,1642.4809982944541,1661.19873046875,15369,0.0,0.0
2018-12-26 00:00:00+09:00,1675.2370502888655,1675.2370502888655,1619.0838530724789,1670.5576171875,17170,0.0,0.0
2018-12-27 00:00:00+09:00,1679.9693462929029,1689.3809392693336,1656.4403638518259,1675.2635498046875,2643,10.0,0.0
2018-12-28 00:00:00+09:00,1675.2634420955883,1694.0866268382354,1675.2634420955883,1679.96923828125,6012,0.0,0.0
2019-01-02 00:00:00+09:00,1689.380801606514,1694.0865977112676,1656.4402288732394,1670.5576171875,11760,0.0,0.0
2019-01-03 00:00:00+09:00,1717.615772040821,1717.615772040821,1651.734619140625,1651.734619140625,19663,0.0,0.0
2019-01-04 00:00:00+09:00,1651.734432768486,1670.5576171875,1623.4996561399648,1670.5576171875,21479,0.0,0.0
2019-01-07 00:00:00+09:00,1670.5576883951821,1703.498262532552,1670.5576883951821,1694.086669921875,14213,0.0,0.0
2019-01-08 00:00:00+09:00,1712.9099644737987,1712.9099644737987,1665.8519984168263,1689.3809814453125,17915,0.0,0.0
2019-01-09 00:00:00+09:00,1712.9098551432292,1712.9098551432292,1675.2634847005208,1694.086669921875,34936,0.0,0.0
2019-01-10 00:00:00+09:00,1712.9099401255123,1727.0273297419315,1684.6751608926743,1722.321533203125,17216,0.0,0.0
2019-01-11 00:00:00+09:00,1727.027315657106,1745.8505016588185,1717.61572265625,1717.61572265625,35489,0.0,0.0
2019-01-14 00:00:00+09:00,1722.3214678790118,1745.8504496806377,1703.4982824377112,1741.1446533203125,23974,0.0,0.0
2019-01-15 00:00:00+09:00,1745.8504779774655,1750.5562744140625,1708.20410648469,1750.5562744140625,22603,0.0,0.0
2019-01-16 00:00:00+09:00,1750.5562744140625,1755.2620708506595,1722.3214957944808,1750.5562744140625,48148,0.0,0.0
2019-01-17 00:00:00+09:00,1750.5562173594599,1755.2620136426842,1727.0272359433382,1731.7330322265625,12846,0.0,0.0
2019-01-18 00:00:00+09:00,1731.732945226174,1736.4387412729843,1694.086576851692,1703.4981689453125,80319,0.0,0.0
2019-01-21 00:00:00+09:00,1708.2039447567329,1736.438720703125,1698.792352774602,1736.438720703125,41497,0.0,0.0
2019-01-22 00:00:00+09:00,1736.438720703125,1741.1445166941905,1722.3213327299288,1736.438720703125,16088,0.0,0.0
2019-01-23 00:00:00+09:00,1731.7329963235295,1835.2605124080883,1717.6156077665441,1759.9677734375,82702,0.0,0.0
2019-01-24 00:00:00+09:00,1759.9678814353636,1788.2026602819203,1741.1446955376593,1755.2620849609375,23366,0.0,0.0
2019-01-25 00:00:00+09:00,1755.2621129557292,1774.0852991536458,1741.1447233072915,1764.6737060546875,22120,0.0,0.0
2019-01-28 00:00:00+09:00,1764.6737477136037,1788.2027310164517,1755.2621543924645,1778.7911376953125,26982,0.0,0.0
2019-01-29 00:00:00+09:00,1778.7910530336442,1783.4968494702412,1745.8504779774655,1750.5562744140625,11191,0.0,0.0
2019-01-30 00:00:00+09:00,1750.5562744140625,1797.6142387800319,1750.5562744140625,1750.5562744140625,10237,0.0,0.0
2019-01-31 00:00:00+09:00,1755.2620849609375,1788.2026602819203,1750.5562884865114,1755.2620849609375,42376,0.0,0.0
2019-02-01 00:00:00+09:00,1755.2618846487492,1778.7908643357298,1755.2618846487492,1769.3792724609375,11270,0.0,0.0
2019-02-07 00:00:00+09:00,1802.32005429892,1802.32005429892,1778.7910718668193,1797.6142578125,13593,0.0,0.0
2019-02-08 00:00:00+09:00,1788.2026648396595,1807.0258507853403,1774.085275380399,1797.6142578125,12694,0.0,0.0
2019-02-11 00:00:00+09:00,1797.614121324434,1807.025713582677,1778.7909368079477,1792.9083251953125,15400,0.0,0.0
2019-02-12 00:00:00+09:00,1797.614121324434,1802.3199174535555,1792.9083251953125,1792.9083251953125,14192,0.0,0.0
2019-02-13 00:00:00+09:00,1802.3200962611606,1821.1432826450894,1788.2027064732142,1811.731689453125,28337,0.0,0.0
2019-02-14 00:00:00+09:00,1825.8489848292152,1825.8489848292152,1788.2026140079943,1821.1431884765625,20544,0.0,0.0
2019-02-15 00:00:00+09:00,1821.1432167190512,1835.260605995943,1811.73162386779,1830.5548095703125,26990,0.0,0.0
2019-02-18 00:00:00+09:00,1835.260605995943,1839.9664024215738,1802.3200310165287,1830.5548095703125,36642,0.0,0.0
2019-02-19 00:00:00+09:00,1830.554701898037,1835.260498046875,1816.4373134515224,1835.260498046875,13784,0.0,0.0
2019-02-20 00:00:00+09:00,1835.2605918019087,1844.6721845803802,1811.7316098557305,1825.8489990234375,19752,0.0,0.0
2019-02-21 00:00:00+09:00,1825.8490932642487,1835.2606865284974,1788.2027202072538,1816.4375,46179,0.0,0.0
2019-02-22 00:00:00+09:00,1816.4373134515224,1844.6720903445514,1802.3199250050081,1835.260498046875,24836,0.0,0.0
2019-02-25 00:00:00+09:00,1839.9663654568828,1872.9069397745254,1821.143180132516,1858.78955078125,53444,0.0,0.0
2019-02-26 00:00:00+09:00,1868.2011434434335,1877.6127361056172,1825.8489764636076,1858.78955078125,55558,0.0,0.0
2019-02-27 00:00:00+09:00,2023.4924696180556,2334.0750347222224,2023.4924696180556,2117.6083984375,6347335,0.0,0.0
2019-02-28 00:00:00+09:00,2117.6085566131164,2131.725946990537,2004.66943359375,2004.66943359375,740412,0.0,0.0
2019-03-04 00:00:00+09:00,1985.8459693060981,2032.9039306640625,1971.7285808987087,2032.9039306640625,445948,0.0,0.0
2019-03-05 00:00:00+09:00,2014.080810546875,2028.1981994058485,1962.317051397306,2014.080810546875,156218,0.0,0.0
2019-03-06 00:00:00+09:00,2023.4924739282621,2061.13884553623,1995.2576952222862,2037.60986328125,207827,0.0,0.0
2019-03-07 00:00:00+09:00,2042.315673828125,2056.4330632785495,2014.0808949272753,2042.315673828125,136821,0.0,0.0
2019-03-08 00:00:00+09:00,2032.9041225686499,2065.84469862879,2028.19832598863,2056.43310546875,101071,0.0,0.0
2019-03-11 00:00:00+09:00,2056.43310546875,2065.84469862879,2037.6099191486699,2056.43310546875,115431,0.0,0.0
2019-03-12 00:00:00+09:00,2070.55036429073,2094.079345703125,2056.4329754432933,2094.079345703125,154154,0.0,0.0
2019-03-13 00:00:00+09:00,2103.490952564462,2117.608341507848,2061.138785734305,2098.78515625,133180,0.0,0.0
2019-03-14 00:00:00+09:00,2098.7849561525613,2131.725527213252,2075.255976823497,2112.90234375,142294,0.0,0.0
2019-03-15 00:00:00+09:00,2112.902601996528,2164.6663628472224,2098.785212673611,2117.6083984375,127961,0.0,0.0
2019-03-18 00:00:00+09:00,2145.8431770833336,2145.8431770833336,2075.2562304687503,2117.6083984375,109681,0.0,0.0
2019-03-19 00:00:00+09:00,2117.608341507848,2136.4315267656953,2079.9619709921526,2098.78515625,140042,0.0,0.0
2019-03-20 00:00:00+09:00,2108.1964588036117,2108.1964588036117,2051.7269107999437,2084.66748046875,134493,0.0,0.0
2019-03-21 00:00:00+09:00,2084.667753138167,2098.785141985604,2065.8445680082514,2094.079345703125,74784,0.0,0.0
2019-03-22 00:00:00+09:00,2094.0793599355384,2131.725730451233,2079.9619709921526,2098.78515625,123795,0.0,0.0
2019-03-25 00:00:00+09:00,2094.0792881280117,2122.3140650465916,2065.844511209432,2075.256103515625,272008,0.0,0.0
2019-03-26 00:00:00+09:00,2098.785231629824,2098.785231629824,2042.315673828125,2042.315673828125,291422,0.0,0.0
2019-03-27 00:00:00+09:00,2047.0213265970451,2084.667695821818,2014.0807535253684,2075.256103515625,71977,0.0,0.0
2019-03-28 00:00:00+09:00,2070.5504384382216,2070.5504384382216,2014.0808810262702,2037.60986328125,129850,0.0,0.0
2019-03-29 00:00:00+09:00,2037.6097267998591,2037.6097267998591,1985.8459693060981,2032.9039306640625,57172,0.0,0.0
2019-04-01 00:00:00+09:00,2032.904071514423,2037.6098679762622,1952.9055316631611,1957.611328125,187845,0.0,0.0
2019-04-02 00:00:00+09:00,1967.0227839090737,1967.0227839090737,1915.2590264377825,1952.9053955078125,99799,0.0,0.0
2019-04-03 00:00:00+09:00,1948.1995413007528,1948.1995413007528,1919.9647653398722,1934.0821533203125,62228,0.0,0.0
2019-04-04 00:00:00+09:00,1934.0822690138175,1952.9054541137089,1887.0243062640898,1891.7301025390625,195676,0.0,0.0
2019-04-05 00:00:00+09:00,1891.730173021921,1915.2591552734375,1891.730173021921,1915.2591552734375,38830,0.0,0.0
2019-04-08 00:00:00+09:00,1915.2590255353919,1929.3764139300015,1844.672083562343,1872.9068603515625,135751,0.0,0.0
2019-04-09 00:00:00+09:00,1872.9070146556007,1924.6707763671875,1868.2012181363655,1924.6707763671875,65954,0.0,0.0
2019-04-10 00:00:00+09:00,1924.6707623051661,1938.7881517597273,1877.612797456629,1919.9649658203125,363885,0.0,0.0
2019-04-11 00:00:00+09:00,1924.6705613333525,1943.4937453072728,1901.1415813659519,1934.0821533203125,92091,0.0,0.0
2019-04-12 00:00:00+09:00,1924.670818143678,1948.1998012505687,1910.5534282795434,1938.7882080078125,31026,0.0,0.0
2019-04-15 00:00:00+09:00,1934.0823552748736,1952.9055412142884,1910.553372850605,1919.9649658203125,57051,0.0,0.0
2019-04-16 00:00:00+09:00,1910.5533447265625,1929.3765303888933,1882.3185662330666,1910.5533447265625,67468,0.0,0.0
2019-04-17 00:00:00+09:00,1915.2591833287172,1934.082369405658,1905.847590290247,1924.6707763671875,47803,0.0,0.0
2019-04-18 00:00:00+09:00,1915.2591411421452,1929.3765303888933,1901.1417518953972,1910.5533447265625,53360,0.0,0.0
2019-04-19 00:00:00+09:00,1924.6707623051661,1934.0823552748736,1896.4359833960439,1919.9649658203125,85098,0.0,0.0
2019-04-22 00:00:00+09:00,1915.2591552734375,1919.9649517237408,1905.847562372831,1915.2591552734375,23714,0.0,0.0
2019-04-23 00:00:00+09:00,1915.2592496141976,1915.2592496141976,1891.7302662037039,1905.84765625,35636,0.0,0.0
2019-04-24 00:00:00+09:00,1905.8473976059715,1905.8473976059715,1877.6126213451423,1901.1416015625,44762,0.0,0.0
2019-04-25 00:00:00+09:00,1901.1417659225276,1924.670748174044,1882.3185801213144,1915.2591552734375,56820,0.0,0.0
2019-04-26 00:00:00+09:00,1915.2590983274852,1915.2590983274852,1877.6127278443896,1896.4359130859375,68307,0.0,0.0
2019-04-29 00:00:00+09:00,1896.4358055190285,1929.3763778233292,1877.6126213451423,1901.1416015625,25016,0.0,0.0
2019-04-30 00:00:00+09:00,1901.1418595679013,1919.9650462962964,1882.3186728395062,1905.84765625,17204,0.0,0.0
2019-05-02 00:00:00+09:00,1887.024469521605,1910.553452932099,1863.4954861111112,1905.84765625,59389,0.0,0.0
2019-05-03 00:00:00+09:00,1872.9069540621056,1896.4359358970567,1858.7895649611348,1863.495361328125,262568,0.0,0.0
2019-05-07 00:00:00+09:00,1854.0837685941447,1872.9069540621056,1844.672175860164,1863.495361328125,166642,0.0,0.0
2019-05-08 00:00:00+09:00,1863.4954035479325,1887.0243859159618,1849.3780141271147,1877.61279296875,116016,0.0,0.0
2019-05-09 00:00:00+09:00,1872.9068672375802,1877.6126633864183,1811.7315173026843,1835.260498046875,41495,0.0,0.0
2019-05-10 00:00:00+09:00,1839.9664586190959,1872.907034604604,1835.2606620497377,1849.3780517578125,151017,0.0,0.0
2019-05-13 00:00:00+09:00,1839.9664024215738,1849.377995272835,1807.0258274421594,1830.5548095703125,182051,0.0,0.0
2019-05-14 00:00:00+09:00,1811.7316098557305,1825.8489990234375,1788.2026279095521,1825.8489990234375,135358,0.0,0.0
2019-05-15 00:00:00+09:00,1854.0836411277846,1915.2589896929146,1821.1430688234839,1901.1416015625,133246,0.0,0.0
2019-05-16 00:00:00+09:00,1901.141637140782,1910.5532294038553,1858.7894719569529,1872.9068603515625,150266,0.0,0.0
2019-05-17 00:00:00+09:00,1891.7301395300663,1896.4359358970567,1844.672175860164,1863.495361328125,75565,0.0,0.0
2019-05-20 00:00:00+09:00,1825.8488980991633,1849.3778787447711,1792.9083251953125,1792.9083251953125,21528,0.0,0.0
2019-05-21 00:00:00+09:00,1792.908383908479,1807.025772758152,1694.0866619607675,1731.7330322265625,116052,0.0,0.0
2019-05-22 00:00:00+09:00,1731.7330403645833,1759.9678181966146,1670.5576883951821,1694.086669921875,53718,0.0,0.0
2019-05-23 00:00:00+09:00,1731.7330548822715,1731.7330548822715,1642.3229243312846,1698.79248046875,58593,0.0,0.0
2019-05-24 00:00:00+09:00,1698.7925322457645,1712.9099217104108,1656.4403638518259,1675.2635498046875,28069,0.0,0.0
2019-05-27 00:00:00+09:00,1661.146031624302,1703.4981967365363,1623.4996626356492,1632.9112548828125,19024,0.0,0.0
2019-05-28 00:00:00+09:00,1632.911234192929,1675.263398768538,1590.55906961732,1665.851806640625,28054,0.0,0.0
2019-05-29 00:00:00+09:00,1623.499676934604,1670.5576385848822,1604.6764922744926,1637.6170654296875,28116,0.0,0.0
2019-05-30 00:00:00+09:00,1670.5577773829243,1670.5577773829243,1618.7940152668336,1642.322998046875,24477,0.0,0.0
2019-05-31 00:00:00+09:00,1647.028861667799,1647.028861667799,1614.088284434443,1623.4998779296875,11285,0.0,0.0
2019-06-03 00:00:00+09:00,1604.6765421430848,1623.499727388165,1585.8533568980047,1614.088134765625,15298,0.0,0.0
2019-06-04 00:00:00+09:00,1628.205509297332,1628.205509297332,1599.970731679459,1609.38232421875,15043,0.0,0.0
2019-06-05 00:00:00+09:00,1604.6764922744926,1637.6170654296875,1604.6764922744926,1637.6170654296875,18070,0.0,0.0
2019-06-07 00:00:00+09:00,1637.6172014908666,1651.7345911588914,1628.2056083788502,1642.322998046875,17332,0.0,0.0
2019-06-10 00:00:00+09:00,1632.9112404178334,1647.0286286635207,1519.9721344523348,1628.2054443359375,49595,0.0,0.0
2019-06-11 00:00:00+09:00,1628.2054730996317,1637.6170654296875,1599.9706961094646,1637.6170654296875,36564,0.0,0.0
2019-06-12 00:00:00+09:00,1637.6170364997292,1675.2634051548953,1618.793852172146,1628.2054443359375,28684,0.0,0.0
2019-06-13 00:00:00+09:00,1628.2056746773098,1637.6172681725545,1614.088284434443,1623.4998779296875,10921,0.0,0.0
2019-06-14 00:00:00+09:00,1623.4996626356492,1647.0286432535572,1618.7938665120676,1632.9112548828125,14230,0.0,0.0
2019-06-17 00:00:00+09:00,1623.4996626356492,1642.3228471299756,1618.7938665120676,1632.9112548828125,13713,0.0,0.0
2019-06-18 00:00:00+09:00,1623.499811822842,1647.0287946028832,1623.499811822842,1642.322998046875,12980,0.0,0.0
2019-06-19 00:00:00+09:00,1647.0286432535572,1647.0286432535572,1628.2054587592309,1632.9112548828125,24113,0.0,0.0
2019-06-20 00:00:00+09:00,1632.9114049348584,1670.5577773829243,1623.499811822842,1642.322998046875,48837,0.0,0.0
2019-06-21 00:00:00+09:00,1647.0288225048969,1656.4404157763533,1632.911432597712,1651.734619140625,31087,0.0,0.0
2019-06-24 00:00:00+09:00,1651.7344184487552,1675.263398768538,1637.6170302568855,1665.851806640625,17382,0.0,0.0
2019-06-25 00:00:00+09:00,1665.851806640625,1684.6749908964512,1647.0286223847986,1665.851806640625,18613,0.0,0.0
2019-06-26 00:00:00+09:00,1679.9693036390095,1679.9693036390095,1642.3229326891155,1661.1461181640625,12296,0.0,0.0
2019-06-27 00:00:00+09:00,1679.969209397007,1679.969209397007,1647.0286366637324,1670.5576171875,14468,0.0,0.0
2019-06-28 00:00:00+09:00,1670.5578056835382,1670.5578056835382,1632.911432597712,1651.734619140625,14184,0.0,0.0
2019-07-01 00:00:00+09:00,1628.2056359619837,1651.734619140625,1628.2056359619837,1651.734619140625,7480,0.0,0.0
2019-07-02 00:00:00+09:00,1656.4404157763533,1661.1462124120817,1642.3230258691685,1651.734619140625,4002,0.0,0.0
2019-07-03 00:00:00+09:00,1651.7344827706472,1661.1460752650669,1614.0881127929688,1647.0286865234375,7407,0.0,0.0
2019-07-04 00:00:00+09:00,1637.6172429865057,1656.4404296875,1628.2056496360085,1656.4404296875,8044,0.0,0.0
2019-07-05 00:00:00+09:00,1656.4404157763533,1656.4404157763533,1632.911432597712,1651.734619140625,4760,0.0,0.0
2019-07-08 00:00:00+09:00,1670.557675724141,1670.557675724141,1595.2649354098137,1609.38232421875,17750,0.0,0.0
2019-07-09 00:00:00+09:00,1609.382409895429,1628.2055959760771,1501.1490899317012,1515.2664794921875,172431,0.0,0.0
2019-07-10 00:00:00+09:00,1515.266493475474,1538.7954762934162,1510.5606969118855,1519.9722900390625,37589,0.0,0.0
2019-07-11 00:00:00+09:00,1519.9723039791907,1599.970846293885,1510.5607107656972,1524.6781005859375,48364,0.0,0.0
2019-07-12 00:00:00+09:00,1534.0896558357008,1571.7360277580492,1524.6780628551137,1552.912841796875,24446,0.0,0.0
2019-07-15 00:00:00+09:00,1567.030270046658,1567.030270046658,1515.266507372444,1524.6781005859375,9805,0.0,0.0
2019-07-16 00:00:00+09:00,1534.0896419072947,1562.324420592705,1524.678049012158,1548.20703125,9620,0.0,0.0
2019-07-17 00:00:00+09:00,1557.618566706731,1557.618566706731,1501.1490114182693,1529.3837890625,23825,0.0,0.0
2019-07-18 00:00:00+09:00,1515.2664002403847,1529.3837890625,1501.1490114182693,1529.3837890625,14186,0.0,0.0
2019-07-19 00:00:00+09:00,1515.266507372444,1552.9128802264177,1505.8549141589506,1524.6781005859375,5959,0.0,0.0
2019-07-22 00:00:00+09:00,1524.6779927884616,1543.5011778846156,1510.5606039663462,1529.3837890625,13052,0.0,0.0
2019-07-23 00:00:00+09:00,1524.6779205322266,1543.501104736328,1505.854736328125,1505.854736328125,17629,0.0,0.0
2019-07-24 00:00:00+09:00,1505.8548864518632,1534.0896655728357,1501.1490899317012,1515.2664794921875,17344,0.0,0.0
2019-07-25 00:00:00+09:00,1515.2665039062501,1538.7954868861607,1463.5027413504465,1482.325927734375,29806,0.0,0.0
2019-07-26 00:00:00+09:00,1477.6200022977941,1487.0315946691176,1439.9736328125,1439.9736328125,17154,0.0,0.0
2019-07-29 00:00:00+09:00,1454.091136932373,1454.091136932373,1336.4462229410808,1355.2694091796875,22733,0.0,0.0
2019-07-30 00:00:00+09:00,1284.682470703125,1345.8578264508928,1284.682470703125,1317.623046875,43701,0.0,0.0
2019-07-31 00:00:00+09:00,1322.3286990127124,1712.9097738100616,1317.6229029308165,1628.2054443359375,2731463,0.0,0.0
2019-08-01 00:00:00+09:00,1482.3259162902832,1557.6186612447102,1355.2694091796875,1355.2694091796875,561001,0.0,0.0
2019-08-02 00:00:00+09:00,1322.3287918893914,1421.1505165501644,1294.0940134148848,1341.1519775390625,214064,0.0,0.0
2019-08-05 00:00:00+09:00,1327.0346127464659,1336.4462057446676,1185.8607177734375,1185.8607177734375,204119,0.0,0.0
2019-08-06 00:00:00+09:00,1091.7448608398438,1185.8607971191407,1091.7448608398438,1129.3912353515625,249269,0.0,0.0
2019-08-07 00:00:00+09:00,1096.4504921017713,1364.6808699979126,1063.5099193776837,1232.9185791015625,588401,0.0,0.0
2019-08-08 00:00:00+09:00,1261.1533348338753,1270.5649268848745,1204.683782527881,1265.859130859375,166996,0.0,0.0
2019-08-09 00:00:00+09:00,1265.8593083755438,1308.2114785442423,1242.330324948489,1284.6824951171875,80232,0.0,0.0
2019-08-12 00:00:00+09:00,1214.0953554899795,1374.0924178413723,1204.6837635869565,1298.7996826171875,173287,0.0,0.0
2019-08-13 00:00:00+09:00,1261.15346082509,1308.21142578125,1251.741867833858,1308.21142578125,36619,0.0,0.0
2019-08-14 00:00:00+09:00,1294.0940638950892,1336.4462332589285,1294.0940638950892,1317.623046875,49976,0.0,0.0
2019-08-16 00:00:00+09:00,1303.5056570870536,1327.0346400669644,1279.9766741071428,1317.623046875,35331,0.0,0.0
2019-08-19 00:00:00+09:00,1308.2114811890515,1345.8578547484485,1298.7998877992022,1327.03466796875,31172,0.0,0.0
2019-08-20 00:00:00+09:00,1312.917277883976,1327.03466796875,1298.7998877992022,1327.03466796875,19490,0.0,0.0
2019-08-21 00:00:00+09:00,1341.152058053524,1341.152058053524,1298.7998877992022,1327.03466796875,16514,0.0,0.0
2019-08-22 00:00:00+09:00,1331.7404646636746,1331.7404646636746,1303.5056844941269,1327.03466796875,9485,0.0,0.0
2019-08-23 00:00:00+09:00,1322.328857421875,1331.740450713134,1237.624517800545,1322.328857421875,23889,0.0,0.0
2019-08-26 00:00:00+09:00,1279.9766051136364,1298.7997904829547,1265.8592160866478,1294.093994140625,15797,0.0,0.0
2019-08-27 00:00:00+09:00,1279.9766741071428,1322.328843470982,1275.2708775111607,1317.623046875,43031,0.0,0.0
2019-08-28 00:00:00+09:00,1322.3287064747144,1336.4460948000672,1289.3881337155578,1312.9171142578125,7694,0.0,0.0
2019-08-29 00:00:00+09:00,1312.9170704717221,1336.4460502292798,1279.9764988111413,1298.7996826171875,18918,0.0,0.0
2019-08-30 00:00:00+09:00,1298.7997259324598,1317.6229103662633,1284.6823376071068,1312.9171142578125,24670,0.0,0.0
2019-09-02 00:00:00+09:00,1289.3881337155578,1312.9171142578125,1289.3881337155578,1312.9171142578125,11947,0.0,0.0
2019-09-03 00:00:00+09:00,1275.2707453902049,1317.6229103662633,1275.2707453902049,1312.9171142578125,62494,0.0,0.0
2019-09-04 00:00:00+09:00,1294.0939298240087,1336.4460948000672,1289.3881337155578,1312.9171142578125,17309,0.0,0.0
2019-09-05 00:00:00+09:00,1317.622889805507,1345.857666015625,1312.9170937704873,1345.857666015625,40052,0.0,0.0
2019-09-06 00:00:00+09:00,1331.7404646636746,1350.5636514433731,1322.3288712738254,1327.03466796875,21446,0.0,0.0
2019-09-09 00:00:00+09:00,1317.6230745789007,1331.7404646636746,1303.5056844941269,1327.03466796875,5639,0.0,0.0
2019-09-10 00:00:00+09:00,1331.740370629539,1345.8577597174847,1303.5055924536478,1336.4461669921875,23927,0.0,0.0
2019-09-11 00:00:00+09:00,1336.4461669921875,1345.8577597174847,1317.6229815415934,1336.4461669921875,10552,0.0,0.0
2019-09-16 00:00:00+09:00,1322.3288712738254,1345.8578547484485,1317.6230745789007,1327.03466796875,25265,0.0,0.0
2019-09-17 00:00:00+09:00,1322.3288102489407,1430.562129237288,1317.6230137711864,1388.2099609375,82222,0.0,0.0
2019-09-18 00:00:00+09:00,1402.3273503707626,1407.033146848517,1374.0925715042372,1388.2099609375,14170,0.0,0.0
2019-09-19 00:00:00+09:00,1378.7983313272166,1421.1504985010902,1374.092534974564,1416.4447021484375,33937,0.0,0.0
2019-09-20 00:00:00+09:00,1421.1504293216408,1816.4373037024945,1397.6214487037328,1632.9112548828125,5703392,0.0,0.0
2019-09-23 00:00:00+09:00,1670.5577773829243,1717.6157429430068,1609.3824221548173,1642.322998046875,944783,0.0,0.0
2019-09-24 00:00:00+09:00,1642.3228325816249,1661.146016909208,1581.14748351698,1628.2054443359375,351181,0.0,0.0
2019-09-25 00:00:00+09:00,1604.6765359661536,1637.6171100182446,1552.9127767414388,1571.7359619140625,346792,0.0,0.0
2019-09-26 00:00:00+09:00,1571.7360419420318,1642.3229899334403,1548.2070592782288,1557.61865234375,350779,0.0,0.0
2019-09-27 00:00:00+09:00,1529.3837952756596,1585.8533507935301,1529.3837952756596,1571.7359619140625,98531,0.0,0.0
2019-09-30 00:00:00+09:00,1571.7360042945568,1585.8533935546875,1543.5012257742953,1585.8533935546875,82630,0.0,0.0
2019-10-01 00:00:00+09:00,1604.6765648978098,1609.3823612758092,1562.3243974958148,1581.1475830078125,107854,0.0,0.0
2019-10-02 00:00:00+09:00,1581.147577408257,1581.147577408257,1524.6780210722477,1538.79541015625,86038,0.0,0.0
2019-10-04 00:00:00+09:00,1538.7954017753032,1590.5591614680504,1482.3258457468517,1576.4417724609375,117829,0.0,0.0
2019-10-07 00:00:00+09:00,1604.6766429006318,1614.088236114125,1515.266507372444,1524.6781005859375,104923,0.0,0.0
2019-10-08 00:00:00+09:00,1510.5606319882454,1548.2070028789183,1501.1490392655774,1538.79541015625,54065,0.0,0.0
2019-10-10 00:00:00+09:00,1538.79541015625,1585.8533737695911,1515.2664283495797,1538.79541015625,44683,0.0,0.0
2019-10-11 00:00:00+09:00,1538.7953878619712,1618.7939248456212,1538.7953878619712,1571.7359619140625,63225,0.0,0.0
2019-10-14 00:00:00+09:00,1557.6185234317386,1628.205465581213,1538.7953388585454,1595.264892578125,71341,0.0,0.0
2019-10-15 00:00:00+09:00,1581.1475605867347,1628.2055236994352,1581.1475605867347,1614.088134765625,47013,0.0,0.0
2019-10-16 00:00:00+09:00,1614.0882706753043,1637.6172542128452,1576.441897015239,1618.7940673828125,53870,0.0,0.0
2019-10-17 00:00:00+09:00,1637.617139543806,1637.617139543806,1567.0301938738141,1581.1475830078125,51532,0.0,0.0
2019-10-18 00:00:00+09:00,1571.7359332348926,1595.264914271343,1557.6185446130223,1562.3243408203125,37107,0.0,0.0
2019-10-21 00:00:00+09:00,1557.6185588664837,1623.4997063714106,1552.9127626161319,1567.0301513671875,37859,0.0,0.0
2019-10-22 00:00:00+09:00,1567.0301938738141,1595.2649721418109,1562.3243974958148,1581.1475830078125,31161,0.0,0.0
2019-10-23 00:00:00+09:00,1581.147577408257,1585.8533737695911,1515.2664283495797,1538.79541015625,58079,0.0,0.0
2019-10-24 00:00:00+09:00,1538.795515668129,1548.2071090361299,1487.0317521441248,1491.737548828125,38138,0.0,0.0
2019-10-25 00:00:00+09:00,1491.737397710961,1628.2054877223738,1491.737397710961,1562.3243408203125,135897,0.0,0.0
2019-10-28 00:00:00+09:00,1562.324434777462,1614.0881961706914,1552.912841796875,1552.912841796875,29317,0.0,0.0
2019-10-29 00:00:00+09:00,1538.795438354863,1567.0302170402736,1538.795438354863,1548.20703125,34508,0.0,0.0
2019-10-30 00:00:00+09:00,1548.2070028789183,1562.3243919629206,1519.9722247109137,1538.79541015625,15170,0.0,0.0
2019-10-31 00:00:00+09:00,1529.3839223001282,1548.2071090361299,1491.737548828125,1491.737548828125,37481,0.0,0.0
2019-11-01 00:00:00+09:00,1496.4433455121255,1529.3839223001282,1472.9143620921234,1491.737548828125,52639,0.0,0.0
2019-11-04 00:00:00+09:00,1529.3839223001282,1534.0897189841287,1487.0317521441248,1491.737548828125,23829,0.0,0.0
2019-11-05 00:00:00+09:00,1515.2664226795891,1515.2664226795891,1487.0316446172367,1496.4432373046875,11791,0.0,0.0
2019-11-06 00:00:00+09:00,1505.8548076923078,1529.3837890625,1496.4432151442309,1529.3837890625,40581,0.0,0.0
2019-11-07 00:00:00+09:00,1515.2664143380944,1543.5011922450153,1510.5606180202742,1534.089599609375,15783,0.0,0.0
2019-11-08 00:00:00+09:00,1534.0896419072947,1548.20703125,1519.9722525645896,1548.20703125,56652,0.0,0.0
2019-11-11 00:00:00+09:00,1552.912841796875,1576.4418242483428,1529.3838593454072,1552.912841796875,71794,0.0,0.0
2019-11-12 00:00:00+09:00,1562.324434777462,1562.324434777462,1538.7954523259943,1552.912841796875,23371,0.0,0.0
2019-11-13 00:00:00+09:00,1529.3838593454072,1552.912841796875,1529.3838593454072,1552.912841796875,15598,0.0,0.0
2019-11-14 00:00:00+09:00,1534.0896419072947,1557.6186241451367,1534.0896419072947,1548.20703125,63994,0.0,0.0
2019-11-15 00:00:00+09:00,1534.089613794916,1552.9127992402523,1529.383817433582,1538.79541015625,24258,0.0,0.0
2019-11-18 00:00:00+09:00,1571.7360377341322,1571.7360377341322,1477.6201073308907,1515.2664794921875,58338,0.0,0.0
2019-11-19 00:00:00+09:00,1515.266507372444,1529.3838971926841,1496.4433209454571,1524.6781005859375,32098,0.0,0.0
2019-11-20 00:00:00+09:00,1524.6780866026509,1529.3838831662392,1496.4433072211202,1519.9722900390625,38540,0.0,0.0
2019-11-21 00:00:00+09:00,1515.26639373393,1529.3837824954262,1477.6200237032733,1487.0316162109375,33121,0.0,0.0
2019-11-22 00:00:00+09:00,1454.091066961419,1472.9142522942532,1364.680936630458,1374.092529296875,231328,0.0,0.0
2019-11-25 00:00:00+09:00,1369.3867470803114,1397.621525370627,1355.2693579351535,1378.79833984375,41426,0.0,0.0
2019-11-26 00:00:00+09:00,1392.9157289889079,1392.9157289889079,1364.6809506985921,1378.79833984375,33977,0.0,0.0
2019-11-27 00:00:00+09:00,1369.3867654628273,1392.9157476872745,1303.505615234375,1303.505615234375,114086,0.0,0.0
2019-11-28 00:00:00+09:00,1303.5056665277637,1661.1462104126374,1294.0940732676354,1444.6795654296875,4884667,0.0,0.0
2019-11-29 00:00:00+09:00,1407.0330974457543,1416.4446900708094,1327.034560132785,1331.7403564453125,657343,0.0,0.0
2019-12-02 00:00:00+09:00,1317.6229171471402,1397.6214514025023,1270.5649558204566,1275.270751953125,399848,0.0,0.0
2019-12-03 00:00:00+09:00,1275.270884698788,1284.6824779437975,1237.62451171875,1237.62451171875,194616,0.0,0.0
2019-12-04 00:00:00+09:00,1237.6243752050036,1247.0359674118858,1218.8011907912394,1232.9185791015625,51092,0.0,0.0
2019-12-05 00:00:00+09:00,1232.9186153411865,1251.7418003082275,1181.1548566818237,1204.683837890625,233747,0.0,0.0
2019-12-06 00:00:00+09:00,1195.2722532210812,1214.0954383111768,1162.3316793134136,1167.0374755859375,243602,0.0,0.0
2019-12-09 00:00:00+09:00,1171.7433054566843,1218.80126953125,1167.0375090492278,1218.80126953125,204143,0.0,0.0
2019-12-10 00:00:00+09:00,1218.801325228731,1308.2114610563212,1209.3897319837215,1237.62451171875,361074,0.0,0.0
2019-12-11 00:00:00+09:00,1265.8591812596176,1265.8591812596176,1232.9186077695904,1242.3302001953125,77723,0.0,0.0
2019-12-12 00:00:00+09:00,1242.3302842881944,1294.0940461335358,1237.6244877567997,1270.5650634765625,138559,0.0,0.0
2019-12-13 00:00:00+09:00,1294.0939859450916,1355.2693380079504,1279.9765970075089,1331.7403564453125,298371,0.0,0.0
2019-12-16 00:00:00+09:00,1322.3287638202573,1350.5635416954228,1312.917171195202,1331.7403564453125,121931,0.0,0.0
2019-12-17 00:00:00+09:00,1350.5636012865148,1727.0273228994806,1350.5636012865148,1515.2664794921875,10381400,0.0,0.0
2019-12-18 00:00:00+09:00,1496.4431870404412,1759.9677734375,1491.7373908547795,1599.970703125,7051781,0.0,0.0
2019-12-19 00:00:00+09:00,1585.853402830547,1623.4997744110942,1524.678049012158,1548.20703125,951342,0.0,0.0
2019-12-20 00:00:00+09:00,1548.207069420593,1552.9128659841815,1505.8549003482972,1519.9722900390625,555833,0.0,0.0
2019-12-23 00:00:00+09:00,1515.266493475474,1529.3838831662392,1472.9143244031782,1519.9722900390625,422231,0.0,0.0
2019-12-24 00:00:00+09:00,1496.4433033937103,1519.972286151473,1458.79693098129,1477.6201171875,292779,0.0,0.0
2019-12-26 00:00:00+09:00,1463.5025779528496,1491.7373543763772,1439.97359759991,1468.2083740234375,130831,0.0,0.0
2019-12-27 00:00:00+09:00,1468.2084171946456,1652.918508390101,1458.7361048256478,1553.459228515625,1586833,10.0,0.0
2019-12-30 00:00:00+09:00,1558.1953847001237,1572.4038532536204,1529.7784475931305,1553.459228515625,192365,0.0,0.0
2020-01-02 00:00:00+09:00,1562.9315071105957,1567.6676631927492,1496.6253219604494,1515.5699462890625,220668,0.0,0.0
2020-01-03 00:00:00+09:00,1534.514621057243,1548.723089770736,1501.361527392426,1520.30615234375,89763,0.0,0.0
2020-01-06 00:00:00+09:00,1487.1530206853693,1525.0422696200283,1411.374522816051,1458.736083984375,410787,0.0,0.0
2020-01-07 00:00:00+09:00,1458.7360401642627,1534.5145357572114,1449.263728215144,1477.6806640625,114560,0.0,0.0
2020-01-08 00:00:00+09:00,1454.000098762389,1525.0424488647857,1435.0554720684163,1463.472412109375,203990,0.0,0.0
2020-01-09 00:00:00+09:00,1487.153133263221,1539.2508544921875,1477.6808203125,1539.2508544921875,190248,0.0,0.0
2020-01-10 00:00:00+09:00,1539.2509272069108,1543.9870839060088,1510.8339870123216,1534.5147705078125,90699,0.0,0.0
2020-01-13 00:00:00+09:00,1543.9869161466272,1558.1953847001237,1525.0422914086319,1553.459228515625,85046,0.0,0.0
2020-01-14 00:00:00+09:00,1558.1953847001237,1596.0846341761146,1529.7784475931305,1553.459228515625,192071,0.0,0.0
2020-01-15 00:00:00+09:00,1553.4592509825536,1553.4592509825536,1520.3061572115844,1543.9869384765625,75337,0.0,0.0
2020-01-16 00:00:00+09:00,1543.9869881259556,1562.931613747133,1534.514675315367,1548.72314453125,77660,0.0,0.0
2020-01-17 00:00:00+09:00,1548.72314453125,1567.6677701524272,1525.042362504778,1548.72314453125,123937,0.0,0.0
2020-01-20 00:00:00+09:00,1539.2508317206612,1558.1954573418386,1525.042362504778,1548.72314453125,100924,0.0,0.0
2020-01-21 00:00:00+09:00,1525.0423850661057,1539.2508544921875,1520.3062285907451,1539.2508544921875,90031,0.0,0.0
2020-01-22 00:00:00+09:00,1529.7785415414662,1548.7231674429086,1525.0423850661057,1539.2508544921875,64488,0.0,0.0
2020-01-23 00:00:00+09:00,1529.7783639363736,1543.9868317128723,1501.3614283833758,1510.833740234375,92720,0.0,0.0
2020-01-28 00:00:00+09:00,1487.1530434602228,1487.1530434602228,1411.3745444304025,1449.2637939453125,146284,0.0,0.0
2020-01-29 00:00:00+09:00,1444.5277854154026,1477.6808821298544,1444.5277854154026,1463.472412109375,70780,0.0,0.0
2020-01-30 00:00:00+09:00,1458.7360955315667,1477.6807201488598,1397.166065525364,1401.9022216796875,89170,0.0,0.0
2020-01-31 00:00:00+09:00,1416.1108100602717,1468.2085321695124,1378.2215576171875,1378.2215576171875,65115,0.0,0.0
2020-02-03 00:00:00+09:00,1354.540755918362,1411.3746337890625,1321.3876604937866,1411.3746337890625,58467,0.0,0.0
2020-02-04 00:00:00+09:00,1387.6937584354234,1444.5276325010382,1382.957602263289,1425.5830078125,50866,0.0,0.0
2020-02-05 00:00:00+09:00,1430.3191691878576,1458.73610632404,1430.3191691878576,1449.2637939453125,33694,0.0,0.0
2020-02-06 00:00:00+09:00,1449.26379245665,1686.071601681593,1449.26379245665,1553.459228515625,3786078,0.0,0.0
2020-02-07 00:00:00+09:00,1558.1955037308921,1581.8762864623645,1506.0977817216526,1529.778564453125,373725,0.0,0.0
2020-02-10 00:00:00+09:00,1529.778522905097,1572.4039306640625,1529.778522905097,1572.4039306640625,214323,0.0,0.0
2020-02-11 00:00:00+09:00,1596.0846941112416,1624.501632285329,1577.1400686618501,1605.5570068359375,319825,0.0,0.0
2020-02-12 00:00:00+09:00,1610.29296875,1643.4460592830883,1553.4590992647059,1610.29296875,220393,0.0,0.0
2020-02-13 00:00:00+09:00,1610.2930629288762,1610.2930629288762,1567.6676583219353,1596.0845947265625,105523,0.0,0.0
2020-02-14 00:00:00+09:00,1596.0846897513568,1600.8208461007673,1553.4592826066616,1581.876220703125,91306,0.0,0.0
2020-02-17 00:00:00+09:00,1581.8761981782459,1591.3485107421875,1562.9315730503627,1591.3485107421875,58339,0.0,0.0
2020-02-18 00:00:00+09:00,1572.404024100598,1591.3486508969909,1510.8339870123216,1534.5147705078125,125977,0.0,0.0
2020-02-19 00:00:00+09:00,1534.5146793227598,1572.4039306640625,1510.8338972344457,1572.4039306640625,59325,0.0,0.0
2020-02-20 00:00:00+09:00,1543.9868317128723,1572.4037672658699,1506.0975843088754,1510.833740234375,149002,0.0,0.0
2020-02-21 00:00:00+09:00,1487.1530206853693,1510.8338012695312,1453.9999278675425,1458.736083984375,169045,0.0,0.0
2020-02-24 00:00:00+09:00,1416.110735749545,1420.8468920563998,1373.485328987853,1382.9576416015625,233119,0.0,0.0
2020-02-25 00:00:00+09:00,1368.7491504902744,1420.846869021046,1368.7491504902744,1392.429931640625,109439,0.0,0.0
2020-02-26 00:00:00+09:00,1349.8043856056786,1359.2766970836133,1292.9705167380712,1321.387451171875,267218,0.0,0.0
2020-02-27 00:00:00+09:00,1326.1237127130682,1326.1237127130682,1245.6090587269175,1250.34521484375,144406,0.0,0.0
2020-02-28 00:00:00+09:00,1212.4561491935483,1236.1369333574848,1165.0945808656754,1174.56689453125,173320,0.0,0.0
2020-03-02 00:00:00+09:00,1174.56675,1236.13678125,1165.0944375,1184.0390625,125878,0.0,0.0
2020-03-03 00:00:00+09:00,1193.5113676264045,1335.5960542485955,1193.5113676264045,1264.5537109375,488623,0.0,0.0
2020-03-04 00:00:00+09:00,1269.289872113396,1292.9706533095416,1226.6644659603344,1288.2344970703125,134747,0.0,0.0
2020-03-05 00:00:00+09:00,1288.2345241477271,1326.1237748579545,1283.4983678089488,1302.4429931640625,68649,0.0,0.0
2020-03-06 00:00:00+09:00,1297.7068788915649,1297.7068788915649,1250.345313968515,1259.817626953125,42136,0.0,0.0
2020-03-09 00:00:00+09:00,1226.6645976945465,1240.8730679381129,1202.9838139552696,1207.719970703125,79054,0.0,0.0
2020-03-10 00:00:00+09:00,1179.30290625,1202.9836874999999,1131.94134375,1184.0390625,104686,0.0,0.0
2020-03-11 00:00:00+09:00,1198.247649637858,1217.1922765096028,1122.469142150879,1136.6776123046875,105173,0.0,0.0
2020-03-12 00:00:00+09:00,1108.2606400141108,1136.677579501652,1060.899074201542,1075.1075439453125,149812,0.0,0.0
2020-03-13 00:00:00+09:00,985.1205217633928,1041.9543980189733,947.2312709263393,994.5928344726562,341359,0.0,0.0
2020-03-16 00:00:00+09:00,994.5927845348011,1051.4266579367898,989.8566284179688,989.8566284179688,87728,0.0,0.0
2020-03-17 00:00:00+09:00,980.3843215514567,1056.1628198356273,975.6481654086961,1013.5374145507812,76313,0.0,0.0
2020-03-18 00:00:00+09:00,994.5928416532629,1046.6905619303386,966.1759033203125,966.1759033203125,75116,0.0,0.0
2020-03-19 00:00:00+09:00,1051.4266953512888,1051.4266953512888,710.4234428049248,810.8299560546875,220490,0.0,0.0
2020-03-20 00:00:00+09:00,776.729663552798,885.6612627095928,776.729663552798,842.088623046875,220394,0.0,0.0
2020-03-23 00:00:00+09:00,767.2572614924434,816.5132832178841,729.368014011335,752.1015625,147075,0.0,0.0
2020-03-24 00:00:00+09:00,757.7850056585864,866.7166002220083,757.7850056585864,810.8299560546875,183165,0.0,0.0
2020-03-25 00:00:00+09:00,852.5082033312434,994.5929038864506,841.1414272868268,897.028076171875,190456,0.0,0.0
2020-03-26 00:00:00+09:00,915.9726372473019,918.8143310546875,866.7166112526176,918.8143310546875,93255,0.0,0.0
2020-03-27 00:00:00+09:00,947.2312233664773,1041.954345703125,937.7589111328125,989.8566284179688,214721,0.0,0.0
2020-03-30 00:00:00+09:00,985.1205594044811,1004.065185546875,933.022837512898,1004.065185546875,99976,0.0,0.0
2020-03-31 00:00:00+09:00,1008.8013420824734,1051.4267509028596,985.1205594044811,1004.065185546875,133382,0.0,0.0
2020-04-01 00:00:00+09:00,1004.0651357930984,1023.0097609967418,966.1758853858116,999.3289794921875,112706,0.0,0.0
2020-04-02 00:00:00+09:00,989.8567159400795,1008.8013420824734,966.1759332620873,1004.065185546875,34846,0.0,0.0
2020-04-03 00:00:00+09:00,1004.065185546875,1027.7459682248673,975.6482463332842,1004.065185546875,30957,0.0,0.0
2020-04-06 00:00:00+09:00,1032.4820388454862,1079.8436002604167,985.1204774305555,1065.6351318359375,94282,0.0,0.0
2020-04-07 00:00:00+09:00,1136.6774116128179,1160.3581910214182,1079.843541032177,1117.7327880859375,116234,0.0,0.0
2020-04-08 00:00:00+09:00,1122.4690265266263,1198.2475262077487,1112.996714066486,1160.3582763671875,116397,0.0,0.0
2020-04-09 00:00:00+09:00,1160.358237919845,1202.983642578125,1160.358237919845,1202.983642578125,66444,0.0,0.0
2020-04-10 00:00:00+09:00,1202.9836970402644,1231.400634765625,1165.0944467397835,1231.400634765625,96700,0.0,0.0
2020-04-13 00:00:00+09:00,1231.400724712171,1231.400724712171,1165.0945318430543,1169.8306884765625,39742,0.0,0.0
2020-04-14 00:00:00+09:00,1169.830571734716,1212.4559771825395,1169.830571734716,1193.5113525390625,35255,0.0,0.0
2020-04-16 00:00:00+09:00,1193.511324595256,1207.7197927451996,1136.6774519954818,1179.3028564453125,37610,0.0,0.0
2020-04-17 00:00:00+09:00,1179.3030101979962,1250.3453602099237,1179.3030101979962,1240.873046875,85505,0.0,0.0
2020-04-20 00:00:00+09:00,1221.9282622953183,1416.110660567055,1221.9282622953183,1283.498291015625,338166,0.0,0.0
2020-04-21 00:00:00+09:00,1307.1791169241571,1364.0129915730336,1212.455992509363,1264.5537109375,105941,0.0,0.0
2020-04-22 00:00:00+09:00,1231.4006657386894,1283.4983862122492,1193.5114144851912,1269.2899169921875,61511,0.0,0.0
2020-04-23 00:00:00+09:00,1311.915283203125,1311.915283203125,1255.081408118513,1311.915283203125,36374,0.0,0.0
2020-04-24 00:00:00+09:00,1288.234592820632,1302.443062594389,1264.5538098643704,1274.026123046875,36099,0.0,0.0
2020-04-27 00:00:00+09:00,1274.0261261654596,1307.1792223853786,1259.817656356923,1297.7069091796875,67455,0.0,0.0
2020-04-28 00:00:00+09:00,1311.9152347564698,1652.9184726715089,1278.7621421813965,1515.5699462890625,3904285,0.0,0.0
2020-04-29 00:00:00+09:00,1506.0977392578125,1652.9185880533855,1401.9022981770834,1420.846923828125,1812196,0.0,0.0
2020-05-04 00:00:00+09:00,1397.1662073894354,1406.6385206598723,1345.0684844020327,1368.749267578125,183292,0.0,0.0
2020-05-06 00:00:00+09:00,1368.749210874496,1468.20849609375,1330.8599593623992,1468.20849609375,213346,0.0,0.0
2020-05-07 00:00:00+09:00,1686.0717266730542,1686.0717266730542,1463.4723694999263,1506.0977783203125,423561,0.0,0.0
2020-05-08 00:00:00+09:00,1529.7785609983048,1529.7785609983048,1487.1531521779186,1506.0977783203125,97172,0.0,0.0
2020-05-11 00:00:00+09:00,1506.0975777206907,1515.5698895302548,1472.9444863872163,1487.1529541015625,55633,0.0,0.0
2020-05-12 00:00:00+09:00,1487.1529760116184,1496.625287960737,1425.5829483423477,1477.6806640625,31027,0.0,0.0
2020-05-13 00:00:00+09:00,1463.4723435174851,1496.6254386780754,1392.4299967447917,1491.8892822265625,57110,0.0,0.0
2020-05-14 00:00:00+09:00,1468.2083521133814,1487.1529760116184,1435.0552602914663,1477.6806640625,29391,0.0,0.0
2020-05-15 00:00:00+09:00,1477.6806640625,1501.3614439352964,1420.8467923677883,1477.6806640625,28226,0.0,0.0
2020-05-18 00:00:00+09:00,1477.6806487558779,1534.5145198618732,1458.7360250538793,1510.833740234375,108806,0.0,0.0
2020-05-19 00:00:00+09:00,1543.9870340920086,1548.723190638303,1510.8339382679471,1529.778564453125,87050,0.0,0.0
2020-05-20 00:00:00+09:00,1529.778500859609,1600.8208461007673,1515.5700318113772,1581.876220703125,246968,0.0,0.0
2020-05-21 00:00:00+09:00,1605.5570024501778,1610.2931587995884,1558.1954389560724,1581.876220703125,137625,0.0,0.0
2020-05-22 00:00:00+09:00,1562.9314108455883,1657.6545266544117,1558.195255055147,1610.29296875,206743,0.0,0.0
2020-05-25 00:00:00+09:00,1610.293140579179,1638.7100783541057,1572.4038902126101,1615.029296875,63903,0.0,0.0
2020-05-26 00:00:00+09:00,1615.0293238440224,1648.1824184683865,1610.2931674691133,1629.23779296875,94556,0.0,0.0
2020-05-27 00:00:00+09:00,1652.9185980188915,1652.9185980188915,1591.3485642817982,1619.7655029296875,54932,0.0,0.0
2020-05-28 00:00:00+09:00,1619.7655388327207,1648.1824781104876,1496.6254686290636,1529.778564453125,108677,0.0,0.0
2020-05-29 00:00:00+09:00,1534.5146259705712,1572.403875994536,1515.570000958589,1543.9869384765625,37219,0.0,0.0
2020-06-01 00:00:00+09:00,1562.9315185546875,1572.4038307883523,1534.5145818536932,1562.9315185546875,63940,0.0,0.0
2020-06-02 00:00:00+09:00,1553.4592063210227,1577.1399869051845,1543.986894087358,1562.9315185546875,41698,0.0,0.0
2020-06-03 00:00:00+09:00,1581.876143022017,1581.876143022017,1534.5145818536932,1562.9315185546875,71686,0.0,0.0
2020-06-04 00:00:00+09:00,1543.9869384765625,1581.8761885005272,1539.2507822235668,1543.9869384765625,47236,0.0,0.0
2020-06-05 00:00:00+09:00,1572.4039265577217,1572.4039265577217,1534.514675315367,1548.72314453125,34382,0.0,0.0
2020-06-08 00:00:00+09:00,1548.723089770736,1548.723089770736,1520.30615234375,1520.30615234375,55669,0.0,0.0
2020-06-09 00:00:00+09:00,1520.3060803146836,1543.9868603818907,1501.3614562609182,1525.042236328125,65754,0.0,0.0
2020-06-10 00:00:00+09:00,1525.0422584533692,1534.5145706176759,1506.0976341247558,1515.5699462890625,53937,0.0,0.0
2020-06-11 00:00:00+09:00,1520.3060520853742,1605.5568587443672,1501.3614283833758,1510.833740234375,105733,0.0,0.0
2020-06-12 00:00:00+09:00,1435.0554523709454,1506.09780149822,1430.3192957624603,1496.62548828125,90898,0.0,0.0
2020-06-15 00:00:00+09:00,1477.680754009046,1510.8338478489925,1430.3191913805508,1439.79150390625,140460,0.0,0.0
2020-06-16 00:00:00+09:00,1463.472229385376,1515.5699462890625,1458.7360733032226,1515.5699462890625,24804,0.0,0.0
2020-06-17 00:00:00+09:00,1496.6253385208668,1525.0422753282248,1463.4722455789488,1482.4168701171875,44953,0.0,0.0
2020-06-18 00:00:00+09:00,1482.4168537139892,1515.5699462890625,1449.2637611389162,1515.5699462890625,13384,0.0,0.0
2020-06-19 00:00:00+09:00,1515.5699243012423,1543.9868603818907,1487.152988220594,1525.042236328125,38750,0.0,0.0
2020-06-22 00:00:00+09:00,1534.5145357572114,1534.5145357572114,1420.8467923677883,1477.6806640625,67291,0.0,0.0
2020-06-23 00:00:00+09:00,1496.6253558389503,1515.5699805964052,1435.0553253772214,1449.2637939453125,70537,0.0,0.0
2020-06-24 00:00:00+09:00,1506.0977515811012,1506.0977515811012,1444.5277177114335,1491.8892822265625,41417,0.0,0.0
2020-06-25 00:00:00+09:00,1449.2638703377017,1482.4169654107864,1444.5277138986896,1468.20849609375,33341,0.0,0.0
2020-06-26 00:00:00+09:00,1468.20849609375,1501.3615911668346,1458.7361832157258,1468.20849609375,8073,0.0,0.0
2020-06-29 00:00:00+09:00,1454.0000459274443,1468.2085154316212,1411.3746374149134,1435.055419921875,33864,0.0,0.0
2020-06-30 00:00:00+09:00,1435.0554162351877,1458.736198681313,1411.3746337890625,1411.3746337890625,31745,0.0,0.0
2020-07-01 00:00:00+09:00,1430.319158605627,1449.2637832229202,1401.9022216796875,1401.9022216796875,18561,0.0,0.0
2020-07-02 00:00:00+09:00,1401.902253803454,1439.79150390625,1392.4299412777548,1439.79150390625,55969,0.0,0.0
2020-07-03 00:00:00+09:00,1439.7915309446255,1496.6254071661238,1439.7915309446255,1454.0,36766,0.0,0.0
2020-07-06 00:00:00+09:00,1453.9998627680882,1491.8891100063445,1439.791395053742,1487.1529541015625,25832,0.0,0.0
2020-07-07 00:00:00+09:00,1501.3615911668346,1501.3615911668346,1463.4723396547379,1468.20849609375,30363,0.0,0.0
2020-07-08 00:00:00+09:00,1458.7361832157258,1487.1531218497985,1458.7361832157258,1468.20849609375,11556,0.0,0.0
2020-07-09 00:00:00+09:00,1468.2084429876322,1624.5015998217993,1468.2084429876322,1567.667724609375,445012,0.0,0.0
2020-07-10 00:00:00+09:00,1567.6676404490975,1567.6676404490975,1525.042236328125,1525.042236328125,63420,0.0,0.0
2020-07-13 00:00:00+09:00,1529.7785189100725,1562.931613747133,1529.7785189100725,1548.72314453125,33018,0.0,0.0
2020-07-14 00:00:00+09:00,1548.723034052184,1610.2930629288762,1548.723034052184,1596.0845947265625,228720,0.0,0.0
2020-07-15 00:00:00+09:00,1600.8208847045898,1747.6417350769043,1591.3485717773438,1667.1270751953125,1060435,0.0,0.0
2020-07-16 00:00:00+09:00,1686.071555272334,1723.9608037054202,1600.8207462978903,1676.5992431640625,299653,0.0,0.0
2020-07-17 00:00:00+09:00,1657.6546997406595,1742.9055128701789,1657.6546997406595,1719.2247314453125,322994,0.0,0.0
2020-07-20 00:00:00+09:00,1742.905517578125,1780.794767960258,1728.697048684825,1742.905517578125,417793,0.0,0.0
2020-07-21 00:00:00+09:00,1780.794869087838,1780.794869087838,1714.4886771537163,1752.3779296875,163877,0.0,0.0
2020-07-22 00:00:00+09:00,1728.6971206041383,1761.8502160677792,1728.6971206041383,1738.16943359375,131942,0.0,0.0
2020-07-23 00:00:00+09:00,1757.1140048801074,1757.1140048801074,1676.59934697455,1709.75244140625,112349,0.0,0.0
2020-07-24 00:00:00+09:00,1681.3354764970322,1780.7947582053073,1667.1270076815642,1695.5439453125,170185,0.0,0.0
2020-07-27 00:00:00+09:00,1742.9055358379503,1742.9055358379503,1676.59934697455,1709.75244140625,73431,0.0,0.0
2020-07-28 00:00:00+09:00,1709.752414127968,1723.9608829434358,1667.1270076815642,1695.5439453125,87332,0.0,0.0
2020-07-29 00:00:00+09:00,1695.5439679435128,1738.1693749588526,1676.599342603362,1686.0716552734375,125660,0.0,0.0
2020-07-30 00:00:00+09:00,2188.104248046875,2188.104248046875,2188.104248046875,2188.104248046875,1733812,0.0,0.0
2020-07-31 00:00:00+09:00,2505.4266751117207,2690.136770252282,2254.410391971983,2334.925048828125,13758950,0.0,0.0
2020-08-03 00:00:00+09:00,2505.426789236541,2505.426789236541,2349.133624690594,2391.759033203125,2548626,0.0,0.0
2020-08-04 00:00:00+09:00,2448.592847328732,2462.8013164621675,2273.355061349693,2315.98046875,1701513,0.0,0.0
2020-08-05 00:00:00+09:00,2278.0911542638414,2330.1888729684197,2202.312654329909,2240.201904296875,945834,0.0,0.0
2020-08-06 00:00:00+09:00,2254.4106403399946,2259.1467971474317,2188.1044450358772,2207.049072265625,482304,0.0,0.0
2020-08-07 00:00:00+09:00,2202.312884804429,2211.7851982874586,2126.5343769401907,2145.47900390625,639963,0.0,0.0
2020-08-10 00:00:00+09:00,2150.2149356253303,2254.4103730344873,2140.742623133589,2240.201904296875,546103,0.0,0.0
2020-08-11 00:00:00+09:00,2235.4656871448865,2784.859796697443,2202.3125943270597,2500.6904296875,10551560,0.0,0.0
2020-08-12 00:00:00+09:00,2462.801231971154,2462.801231971154,2401.231201171875,2401.231201171875,589553,0.0,0.0
2020-08-13 00:00:00+09:00,2363.3420916174214,2363.3420916174214,2216.521240234375,2216.521240234375,1312245,0.0,0.0
2020-08-14 00:00:00+09:00,2207.0487619357637,2211.784918077257,2131.270263671875,2131.270263671875,687338,0.0,0.0
2020-08-18 00:00:00+09:00,2126.534107530382,2486.481974283854,2050.755609266493,2131.270263671875,7694431,0.0,0.0
2020-08-19 00:00:00+09:00,2131.2703700153374,2434.3843781952964,2131.2703700153374,2315.98046875,2927061,0.0,0.0
2020-08-20 00:00:00+09:00,2292.2996793763828,2301.7719921010785,2102.8534248824667,2140.74267578125,957043,0.0,0.0
2020-08-21 00:00:00+09:00,2159.687309760552,2254.410437381629,2140.7426842363366,2188.104248046875,1019347,0.0,0.0
2020-08-24 00:00:00+09:00,2178.6317204301076,2216.5209677419357,2079.172446236559,2202.3125,639079,0.0,0.0
2020-08-25 00:00:00+09:00,2235.4655613909185,2368.0779252022444,2207.048626288492,2268.61865234375,1127545,0.0,0.0
2020-08-26 00:00:00+09:00,2282.8271505376347,2320.7163978494623,2154.9509408602153,2202.3125,793437,0.0,0.0
2020-08-27 00:00:00+09:00,2183.368016794187,2202.312641668757,2017.6025491417,2064.964111328125,1274283,0.0,0.0
2020-08-28 00:00:00+09:00,2069.7005378879558,2121.79826309795,2036.54744002705,2079.1728515625,496962,0.0,0.0
2020-08-31 00:00:00+09:00,2112.3255710865496,2121.797883064516,2022.338607295867,2055.49169921875,458219,0.0,0.0
2020-09-01 00:00:00+09:00,2055.4918791695927,2107.589599609375,2022.3387843442767,2107.589599609375,353101,0.0,0.0
2020-09-02 00:00:00+09:00,2112.3259361168857,2254.4106403399946,2112.3259361168857,2207.049072265625,737925,0.0,0.0
2020-09-03 00:00:00+09:00,2254.410272359342,2325.452612874867,2216.521024084395,2230.7294921875,1075867,0.0,0.0
2020-09-04 00:00:00+09:00,2083.908587956833,2240.201732053595,2083.908587956833,2235.465576171875,549344,0.0,0.0
2020-09-07 00:00:00+09:00,2273.355043976546,2273.355043976546,2192.840386169043,2221.25732421875,449575,0.0,0.0
2020-09-08 00:00:00+09:00,2240.201904296875,2292.2996230014537,2159.6872481170717,2240.201904296875,564114,0.0,0.0
2020-09-09 00:00:00+09:00,2211.7847821388964,2287.563275745368,2173.8955353356605,2268.61865234375,658761,0.0,0.0
2020-09-10 00:00:00+09:00,2297.0358071206997,2320.716588637408,2240.2019314806003,2254.410400390625,439413,0.0,0.0
2020-09-11 00:00:00+09:00,2249.6742264331006,2311.2442578933747,2225.993445102226,2287.5634765625,524137,0.0,0.0
2020-09-14 00:00:00+09:00,2301.771945361025,2325.4527266919,2263.8826952316253,2287.5634765625,320605,0.0,0.0
2020-09-15 00:00:00+09:00,2287.5634044300427,2358.6057461825285,2273.3549360795455,2292.299560546875,583365,0.0,0.0
2020-09-16 00:00:00+09:00,2301.7717432965815,2311.2440549973903,2235.4655613909185,2268.61865234375,314507,0.0,0.0
2020-09-17 00:00:00+09:00,2263.8826076406567,2694.8728111873093,2240.2018272260057,2325.45263671875,6920814,0.0,0.0
2020-09-18 00:00:00+09:00,2320.7166831513755,2320.7166831513755,2169.159675272102,2216.521240234375,908563,0.0,0.0
2020-09-21 00:00:00+09:00,2216.5211588541665,2216.5211588541665,2102.8534071180557,2173.895751953125,510423,0.0,0.0
2020-09-22 00:00:00+09:00,2150.214961198497,2244.938087242483,2098.117241874304,2126.5341796875,384989,0.0,0.0
2020-09-23 00:00:00+09:00,2136.006233081483,2173.89547890111,2088.6446758069487,2159.68701171875,189184,0.0,0.0
2020-09-24 00:00:00+09:00,2107.589512092608,2140.7426055412557,2017.602544160564,2041.2833251953125,340538,0.0,0.0
2020-09-25 00:00:00+09:00,2050.7557933910475,2126.534298458615,2027.0750105574325,2102.853515625,230209,0.0,0.0
2020-09-28 00:00:00+09:00,2126.5340478197872,2216.5210119814265,2112.325579794265,2183.367919921875,239705,0.0,0.0
2020-09-29 00:00:00+09:00,2192.8406018433143,2225.9936994953728,2192.8406018433143,2207.049072265625,92075,0.0,0.0
2020-10-05 00:00:00+09:00,2225.993264408435,2278.090979107356,2202.3124849998344,2235.465576171875,467419,0.0,0.0
2020-10-06 00:00:00+09:00,2244.9381864539746,2297.035908080544,2211.785090873431,2263.8828125,446622,0.0,0.0
2020-10-07 00:00:00+09:00,2244.9382528104925,2306.5082892799787,2173.895903038009,2211.78515625,951328,0.0,0.0
2020-10-08 00:00:00+09:00,2230.729405540514,2315.980210847795,2216.520937989301,2268.61865234375,510060,0.0,0.0
2020-10-12 00:00:00+09:00,2282.827237028613,2306.5080174957147,2211.784895627308,2244.93798828125,264363,0.0,0.0
2020-10-13 00:00:00+09:00,2254.4103730344873,2268.6188417720996,2202.312654329909,2240.201904296875,185356,0.0,0.0
2020-10-14 00:00:00+09:00,2240.201894278145,2254.4103629522137,2192.84033203125,2192.84033203125,160010,0.0,0.0
2020-10-15 00:00:00+09:00,2192.8402764718953,2211.784900890659,2131.2702471109137,2164.42333984375,242271,0.0,0.0
2020-10-16 00:00:00+09:00,2154.95104437934,2188.1041373697917,2083.9087022569443,2131.270263671875,473051,0.0,0.0
2020-10-19 00:00:00+09:00,2112.3258287584463,2154.951237858953,2083.9088893581084,2102.853515625,176780,0.0,0.0
2020-10-20 00:00:00+09:00,2074.4365310668945,2121.798095703125,2041.2834358215332,2121.798095703125,152930,0.0,0.0
2020-10-21 00:00:00+09:00,2112.325552461449,2169.159423828125,2102.8532405670035,2169.159423828125,201665,0.0,0.0
2020-10-22 00:00:00+09:00,2145.47900390625,2159.6874741307947,2112.325906715646,2145.47900390625,156063,0.0,0.0
2020-10-23 00:00:00+09:00,2145.4788780212402,2159.6873474121094,2102.853469848633,2121.798095703125,114475,0.0,0.0
2020-10-26 00:00:00+09:00,2121.797832782452,2121.797832782452,1965.504688849816,1970.2408447265625,415166,0.0,0.0
2020-10-27 00:00:00+09:00,1956.0326008537418,2027.0749471317229,1875.517941738697,2003.3941650390625,154694,0.0,0.0
2020-10-28 00:00:00+09:00,2008.1304034968534,2069.700439453125,1970.2411506006865,2069.700439453125,89195,0.0,0.0
2020-10-29 00:00:00+09:00,2017.6024451622595,2046.0193810096152,1998.6578212640222,2031.8109130859375,192751,0.0,0.0
2020-10-30 00:00:00+09:00,2022.338623046875,2069.7001833055842,2003.3939989433914,2022.338623046875,127921,0.0,0.0
2020-11-02 00:00:00+09:00,2027.0751263525058,2079.1728515625,2027.0751263525058,2079.1728515625,97537,0.0,0.0
2020-11-03 00:00:00+09:00,2102.85348432492,2230.729709723057,2093.3811713324653,2216.521240234375,653692,0.0,0.0
2020-11-04 00:00:00+09:00,2221.2573591683417,2282.827392578125,2183.368107839244,2282.827392578125,776345,0.0,0.0
2020-11-05 00:00:00+09:00,2581.20504723974,2604.885827489646,2344.3972447406813,2358.605712890625,5915111,0.0,0.0
2020-11-06 00:00:00+09:00,2391.7592005575857,2434.3846120526714,2339.661475396925,2349.1337890625,1029576,0.0,0.0
2020-11-09 00:00:00+09:00,2372.8141400209406,2387.022607925258,2259.1463967864047,2297.03564453125,1138475,0.0,0.0
2020-11-10 00:00:00+09:00,2301.772123885058,2387.022943288209,2278.0913407175167,2339.661376953125,1065733,0.0,0.0
2020-11-11 00:00:00+09:00,2339.6613044507576,2401.2313387784093,2315.9805220170456,2344.3974609375,570493,0.0,0.0
2020-11-12 00:00:00+09:00,2363.3420325281186,2363.3420325281186,2278.091217727505,2315.98046875,444694,0.0,0.0
2020-11-13 00:00:00+09:00,2339.6611603213028,2363.341941296215,2297.0357545664615,2353.86962890625,357575,0.0,0.0
2020-11-16 00:00:00+09:00,2368.0780052681994,2491.2180615421457,2358.6056932471265,2472.2734375,1748763,0.0,0.0
2020-11-17 00:00:00+09:00,2462.801221390845,2472.27353378081,2349.1334727112676,2353.86962890625,678045,0.0,0.0
2020-11-18 00:00:00+09:00,2349.1334622048253,2382.286555421426,2306.508056640625,2306.508056640625,572406,0.0,0.0
2020-11-19 00:00:00+09:00,2301.7721998089587,2391.7591788138357,2287.563729439768,2382.286865234375,401213,0.0,0.0
2020-11-20 00:00:00+09:00,2382.2865660761445,2410.703503246039,2320.716535541373,2353.86962890625,381688,0.0,0.0
2020-11-23 00:00:00+09:00,2349.1334284555887,2387.0226773016466,2325.4526479268025,2372.814208984375,238009,0.0,0.0
2020-11-24 00:00:00+09:00,2372.8146022954015,2429.6484849851117,2339.661504059737,2410.703857421875,446174,0.0,0.0
2020-11-25 00:00:00+09:00,2443.8566099016853,2713.8175144838483,2429.648141239466,2529.107421875,6465729,0.0,0.0
2020-11-26 00:00:00+09:00,2510.1629933637314,2661.720004283806,2448.592957677451,2548.05224609375,4427677,0.0,0.0
2020-11-27 00:00:00+09:00,2552.7882485443693,2604.8859679024176,2491.2182165757667,2510.162841796875,1374073,0.0,0.0
2020-11-30 00:00:00+09:00,2510.1627019493326,2514.8988579907464,2424.9118932038837,2439.120361328125,787993,0.0,0.0
2020-12-01 00:00:00+09:00,2429.6481147378177,2514.89892578125,2429.6481147378177,2514.89892578125,512207,0.0,0.0
2020-12-02 00:00:00+09:00,2514.8989981021523,2529.1074670179837,2477.0097476599353,2510.162841796875,585516,0.0,0.0
2020-12-03 00:00:00+09:00,2514.898841594828,2519.634997605364,2434.384189415709,2472.2734375,331951,0.0,0.0
2020-12-04 00:00:00+09:00,2491.2184493719365,2491.2184493719365,2377.550687423407,2415.43994140625,471257,0.0,0.0
2020-12-07 00:00:00+09:00,2424.912072243346,2505.4267308920507,2424.912072243346,2491.21826171875,427786,0.0,0.0
2020-12-08 00:00:00+09:00,2491.2183540962837,2505.426823796453,2429.6483187288854,2453.3291015625,254523,0.0,0.0
2020-12-09 00:00:00+09:00,2453.32895695613,2486.4820509690503,2448.5928006685695,2462.80126953125,196867,0.0,0.0
2020-12-10 00:00:00+09:00,2443.856735229492,2500.6906127929688,2405.967483520508,2424.912109375,500660,0.0,0.0
2020-12-11 00:00:00+09:00,2424.9121287128714,2448.592911219833,2368.078250696163,2391.759033203125,573567,0.0,0.0
2020-12-14 00:00:00+09:00,2405.967357387204,2434.3842946791788,2372.8142638799,2401.231201171875,382135,0.0,0.0
2020-12-15 00:00:00+09:00,2415.4396797932786,2453.3289296723888,2382.2865861490573,2448.5927734375,326928,0.0,0.0
2020-12-16 00:00:00+09:00,2458.065258129223,2481.746040962838,2429.6483187288854,2453.3291015625,187464,0.0,0.0
2020-12-17 00:00:00+09:00,2458.065284421485,2500.690693977927,2429.6483447171904,2467.53759765625,467615,0.0,0.0
2020-12-18 00:00:00+09:00,2472.273470180241,2495.954250545952,2292.2995394008367,2405.96728515625,455003,0.0,0.0
2020-12-21 00:00:00+09:00,2415.4395118361726,2415.4395118361726,2339.6610173471945,2363.341796875,416168,0.0,0.0
2020-12-22 00:00:00+09:00,2349.1334339488635,2358.6057461825285,2287.5634044300427,2292.299560546875,420569,0.0,0.0
2020-12-23 00:00:00+09:00,2315.9803411310368,2334.9249655983663,2259.1464677290483,2292.299560546875,300023,0.0,0.0
2020-12-24 00:00:00+09:00,2292.2997515690377,2301.77206459205,2240.2020299424685,2263.8828125,239158,0.0,0.0
2020-12-28 00:00:00+09:00,2278.091282034519,2325.4528471495814,2244.9381864539746,2263.8828125,254436,0.0,0.0
2020-12-29 00:00:00+09:00,2292.6607958580835,2345.420772331805,2287.8644343604724,2321.43896484375,192102,30.0,0.0
2020-12-30 00:00:00+09:00,2311.846582631596,2378.995653496414,2311.846582631596,2340.624755859375,344069,0.0,0.0
2021-01-04 00:00:00+09:00,2388.5880564915315,2556.4607110642296,2378.9953333730914,2513.29345703125,1007999,0.0,0.0
2021-01-05 00:00:00+09:00,2494.1082075305453,2594.8318082192786,2479.719121717869,2551.66455078125,836895,0.0,0.0
2021-01-06 00:00:00+09:00,2556.4609375,2642.7954532129456,2542.0718515478425,2556.4609375,867916,0.0,0.0
2021-01-07 00:00:00+09:00,2570.849973516949,2609.2208686440677,2527.6827164989404,2546.8681640625,403775,0.0,0.0
2021-01-08 00:00:00+09:00,2580.4425584145642,2623.6098131092317,2522.8862188216744,2614.01708984375,777747,0.0,0.0
2021-01-11 00:00:00+09:00,2623.6098131092317,2724.333407396789,2498.9044106579704,2614.01708984375,1136863,0.0,0.0
2021-01-12 00:00:00+09:00,2599.628344590677,2623.610155887639,2537.275635218576,2585.2392578125,439614,0.0,0.0
2021-01-13 00:00:00+09:00,2585.2391125870454,2647.5918184564916,2556.4609406473005,2604.424560546875,349932,0.0,0.0
2021-01-14 00:00:00+09:00,2614.017209653501,2642.795380768953,2556.4608674225983,2590.035400390625,341477,0.0,0.0
2021-01-15 00:00:00+09:00,2594.831766690341,2676.3699183238637,2570.8499573863637,2637.9990234375,483200,0.0,0.0
2021-01-18 00:00:00+09:00,2633.2028070806145,2671.573704087254,2551.6646509415064,2618.813720703125,507049,0.0,0.0
2021-01-19 00:00:00+09:00,2609.220872804991,2637.9990441962223,2585.2390633122977,2594.831787109375,170887,0.0,0.0
2021-01-20 00:00:00+09:00,2599.6281807787477,2695.555419921875,2585.2390949072787,2695.555419921875,709798,0.0,0.0
2021-01-21 00:00:00+09:00,2719.5371015919936,2901.7988473777004,2647.5916756239517,2858.631591796875,1803848,0.0,0.0
2021-01-22 00:00:00+09:00,2829.8537099237674,2873.0209699056554,2743.5191899599913,2772.29736328125,524207,0.0,0.0
2021-01-25 00:00:00+09:00,2781.889716609402,2815.4642476719296,2705.1479313236255,2748.315185546875,481376,0.0,0.0
2021-01-26 00:00:00+09:00,2753.1118431156515,2844.2427229400373,2695.555497963408,2805.871826171875,535051,0.0,0.0
2021-01-27 00:00:00+09:00,2815.4644758611203,2873.0208194903084,2762.704494201031,2791.482666015625,319486,0.0,0.0
2021-01-28 00:00:00+09:00,2714.740761861314,2729.1298471715327,2542.071738138686,2628.40625,860952,0.0,0.0
2021-01-29 00:00:00+09:00,2633.2026424632354,2657.184451593137,2441.3481694240195,2446.14453125,640977,0.0,0.0
2021-02-01 00:00:00+09:00,2422.1625142454413,2518.0897425323897,2340.6243702015354,2498.904296875,316013,0.0,0.0
2021-02-02 00:00:00+09:00,2522.886103946737,2527.6824653610843,2450.940682731526,2498.904296875,246879,0.0,0.0
2021-02-03 00:00:00+09:00,2518.09004162758,2556.4609375,2479.7191457551594,2556.4609375,197024,0.0,0.0
2021-02-04 00:00:00+09:00,2556.460916329134,2666.777241048778,2542.071830496137,2599.628173828125,354462,0.0,0.0
2021-02-05 00:00:00+09:00,2599.628344590677,2623.610155887639,2546.8683597373606,2585.2392578125,231554,0.0,0.0
2021-02-08 00:00:00+09:00,2599.628173828125,2614.017259661122,2561.2572782734665,2599.628173828125,137173,0.0,0.0
2021-02-09 00:00:00+09:00,2594.8315106495975,2681.166015625,2594.8315106495975,2681.166015625,274945,0.0,0.0
2021-02-10 00:00:00+09:00,2681.166309377089,2700.351757029161,2642.7954140729444,2690.759033203125,186061,0.0,0.0
2021-02-15 00:00:00+09:00,2685.9626352928694,2825.05712890625,2671.5735497466576,2825.05712890625,1179079,0.0,0.0
2021-02-16 00:00:00+09:00,2877.816944819352,2983.3368994627285,2863.4278600952553,2887.40966796875,1498247,0.0,0.0
2021-02-17 00:00:00+09:00,2892.2061180140786,2892.2061180140786,2743.5189046501705,2810.66796875,658553,0.0,0.0
2021-02-18 00:00:00+09:00,2810.6679117554986,2829.8533582521236,2748.315210641469,2753.111572265625,246464,0.0,0.0
2021-02-19 00:00:00+09:00,2743.5188988579644,2801.0752393934463,2676.3698348999023,2762.704345703125,276564,0.0,0.0
2021-02-22 00:00:00+09:00,2777.093355029041,2820.2606092522906,2705.1479313236255,2748.315185546875,186998,0.0,0.0
2021-02-23 00:00:00+09:00,2729.1297572792,2729.1297572792,2628.4061634253103,2705.14794921875,577219,0.0,0.0
2021-02-24 00:00:00+09:00,2743.5188392857144,2753.1115625,2518.08984375,2518.08984375,889967,0.0,0.0
2021-02-25 00:00:00+09:00,2580.4424669989226,2647.5915274784484,2546.8679367591594,2642.795166015625,398918,0.0,0.0
2021-02-26 00:00:00+09:00,2542.071533203125,2580.4424242703417,2503.700642135908,2542.071533203125,333024,0.0,0.0
2021-03-02 00:00:00+09:00,2590.03529363712,2623.6098252213046,2498.9044221943323,2522.88623046875,202038,0.0,0.0
2021-03-03 00:00:00+09:00,2522.886087669516,2551.664255969929,2503.700642135908,2542.071533203125,157855,0.0,0.0
2021-03-04 00:00:00+09:00,2518.0898109762584,2537.2752571551255,2465.329833984375,2465.329833984375,251167,0.0,0.0
2021-03-05 00:00:00+09:00,2446.144437568132,2474.922607421875,2402.9771827875184,2474.922607421875,212454,0.0,0.0
2021-03-08 00:00:00+09:00,2494.1081495098038,2513.2935968137253,2407.773636642157,2446.14453125,205268,0.0,0.0
2021-03-09 00:00:00+09:00,2446.144576965575,2465.33002462805,2331.0318909907246,2407.773681640625,252960,0.0,0.0
2021-03-10 00:00:00+09:00,2465.330123409148,2470.126485516948,2359.81015703755,2378.99560546875,160370,0.0,0.0
2021-03-11 00:00:00+09:00,2364.6062587020424,2422.16259765625,2364.6062587020424,2422.16259765625,132109,0.0,0.0
2021-03-12 00:00:00+09:00,2426.9589167961135,2465.3298087612698,2426.9589167961135,2460.533447265625,130377,0.0,0.0
2021-03-15 00:00:00+09:00,2460.5336417181384,2479.7190892169156,2436.551832344667,2450.94091796875,93201,0.0,0.0
2021-03-16 00:00:00+09:00,2460.5334724396585,2470.1261955290915,2431.7553031713583,2465.329833984375,76463,0.0,0.0
2021-03-17 00:00:00+09:00,2470.126295642043,2508.497189554929,2436.5517634682674,2484.515380859375,168370,0.0,0.0
2021-03-18 00:00:00+09:00,2508.4969942533053,2518.0897169846753,2465.3297419621395,2494.10791015625,116068,0.0,0.0
2021-03-19 00:00:00+09:00,2484.515330706456,2484.515330706456,2455.7371608527133,2474.922607421875,67824,0.0,0.0
2021-03-22 00:00:00+09:00,2474.9225822967232,2489.3116670775185,2446.1444127351338,2470.126220703125,96156,0.0,0.0
2021-03-23 00:00:00+09:00,2470.1263403799016,2484.515425857843,2422.162722120098,2446.14453125,89354,0.0,0.0
2021-03-24 00:00:00+09:00,2446.14453125,2460.533616727941,2417.3663602941174,2446.14453125,72729,0.0,0.0
2021-03-25 00:00:00+09:00,2450.9406991004944,2470.126144886017,2426.9588918685913,2455.737060546875,95725,0.0,0.0
2021-03-26 00:00:00+09:00,2455.7372104247106,2489.311742598486,2446.144486946489,2484.515380859375,135448,0.0,0.0
2021-03-29 00:00:00+09:00,2494.1081043375966,2498.904466076707,2460.533572163821,2484.515380859375,122854,0.0,0.0
2021-03-30 00:00:00+09:00,2484.515330706456,2494.1080539910367,2460.5335224950036,2474.922607421875,81817,0.0,0.0
2021-03-31 00:00:00+09:00,2474.922682216402,2494.108129365366,2446.144511492955,2489.311767578125,151119,0.0,0.0
2021-04-01 00:00:00+09:00,2489.3117175222137,2494.108079213008,2465.329909068242,2479.718994140625,177102,0.0,0.0
2021-04-02 00:00:00+09:00,2498.904466076707,2503.7008278158182,2460.533572163821,2484.515380859375,162085,0.0,0.0
2021-04-05 00:00:00+09:00,2484.515171793774,2546.8678691553932,2474.922449122755,2537.275146484375,222103,0.0,0.0
2021-04-06 00:00:00+09:00,2546.868213531895,2561.2572994840525,2503.7009556754224,2556.4609375,248753,0.0,0.0
2021-04-07 00:00:00+09:00,2532.479152036517,2570.8500482794943,2532.479152036517,2561.25732421875,155557,0.0,0.0
2021-04-08 00:00:00+09:00,2556.460617353331,2561.2569787367333,2522.886087669516,2542.071533203125,144956,0.0,0.0
2021-04-09 00:00:00+09:00,2542.0718813458934,2676.3700184736012,2513.293709104242,2657.1845703125,476864,0.0,0.0
2021-04-12 00:00:00+09:00,2623.609720164332,2652.3878889412717,2609.2206357758623,2642.795166015625,305395,0.0,0.0
2021-04-13 00:00:00+09:00,2642.7953405892977,2676.369873046875,2633.2026170299896,2676.369873046875,293800,0.0,0.0
2021-04-14 00:00:00+09:00,2676.3700184736012,2685.9627425541516,2623.610036030573,2657.1845703125,197287,0.0,0.0
2021-04-15 00:00:00+09:00,2652.388039388605,2685.9625715327647,2623.6098689793257,2671.573486328125,220926,0.0,0.0
2021-04-16 00:00:00+09:00,2647.5917023689517,2690.7589583858366,2618.813531691028,2676.369873046875,310272,0.0,0.0
2021-04-19 00:00:00+09:00,2724.3334155355637,2906.5951581242107,2705.1479689472853,2849.038818359375,2087893,0.0,0.0
2021-04-20 00:00:00+09:00,2858.6317081943844,2877.817155900387,2786.686279296875,2786.686279296875,667219,0.0,0.0
2021-04-21 00:00:00+09:00,2786.686353291551,2801.075439453125,2705.148198375963,2801.075439453125,662570,0.0,0.0
2021-04-22 00:00:00+09:00,2801.0753358004386,2849.0389545641447,2733.92626953125,2733.92626953125,492915,0.0,0.0
2021-04-23 00:00:00+09:00,2733.926175435384,2777.093430836995,2714.7407285902236,2762.704345703125,234557,0.0,0.0
2021-04-26 00:00:00+09:00,2772.297168810614,2815.4644257644127,2748.3153593918373,2781.889892578125,333633,0.0,0.0
2021-04-27 00:00:00+09:00,2781.8898231207413,2868.2243348727643,2772.2970995927385,2815.46435546875,452104,0.0,0.0
2021-04-28 00:00:00+09:00,2810.668002877184,2815.464364656838,2666.777149487567,2676.369873046875,620721,0.0,0.0
2021-04-29 00:00:00+09:00,2685.9625966061826,2719.53712906376,2618.813531691028,2676.369873046875,241398,0.0,0.0
2021-04-30 00:00:00+09:00,2676.369873046875,2709.9444055044523,2637.9989788096436,2676.369873046875,161683,0.0,0.0
2021-05-03 00:00:00+09:00,2705.147848074777,2743.5187395368307,2666.7769566127236,2685.96240234375,243652,0.0,0.0
2021-05-04 00:00:00+09:00,2690.758839365009,2724.333370337478,2637.998862122558,2700.3515625,185666,0.0,0.0
2021-05-06 00:00:00+09:00,2709.944285634991,2733.926093472469,2657.18430839254,2700.3515625,235416,0.0,0.0
2021-05-07 00:00:00+09:00,2709.9444400873003,2815.464400586275,2709.9444400873003,2777.093505859375,661708,0.0,0.0
2021-05-10 00:00:00+09:00,2810.667825576006,2863.42780182402,2796.27874114473,2829.853271484375,644661,0.0,0.0
2021-05-11 00:00:00+09:00,2815.4644508558786,2815.4644508558786,2738.7226600318686,2786.686279296875,374980,0.0,0.0
2021-05-12 00:00:00+09:00,2815.4640915213017,2815.4640915213017,2705.147781291336,2719.536865234375,276544,0.0,0.0
2021-05-13 00:00:00+09:00,2671.5737291297705,2719.5373508376656,2623.610107421875,2623.610107421875,310551,0.0,0.0
2021-05-14 00:00:00+09:00,2657.18430839254,2709.944285634991,2623.609777420071,2700.3515625,167384,0.0,0.0
2021-05-17 00:00:00+09:00,2700.3517021359858,2714.740787582536,2618.813551272199,2633.20263671875,219390,0.0,0.0
2021-05-18 00:00:00+09:00,2604.424323911477,2652.387939453125,2604.424323911477,2652.387939453125,186506,0.0,0.0
2021-05-20 00:00:00+09:00,2652.387806833526,2719.536865234375,2633.202361576141,2719.536865234375,258535,0.0,0.0
2021-05-21 00:00:00+09:00,2733.9261375633446,2738.7224992081924,2647.591627956081,2661.980712890625,175055,0.0,0.0
2021-05-24 00:00:00+09:00,2661.980979835594,2661.980979835594,2599.6282721998055,2618.813720703125,185031,0.0,0.0
2021-05-25 00:00:00+09:00,2604.424658738717,2657.1846426174016,2604.424658738717,2623.610107421875,129337,0.0,0.0
2021-05-26 00:00:00+09:00,2628.4064695926645,2642.795556105033,2614.017383080296,2623.610107421875,90316,0.0,0.0
2021-05-27 00:00:00+09:00,2618.813526459854,2647.591697080292,2599.628079379562,2628.40625,149841,0.0,0.0
2021-05-28 00:00:00+09:00,2637.9989788096436,2681.1662348265286,2628.406255250336,2676.369873046875,175937,0.0,0.0
2021-05-31 00:00:00+09:00,2676.369754662522,2719.537008769982,2652.3879468250443,2700.3515625,144081,0.0,0.0
2021-06-01 00:00:00+09:00,2700.35158760666,2719.53703405502,2681.1661411583,2705.14794921875,90897,0.0,0.0
2021-06-02 00:00:00+09:00,2709.9441426056824,2757.9077557491455,2690.7586973482967,2719.536865234375,261172,0.0,0.0
2021-06-03 00:00:00+09:00,2724.3334520128037,2781.8897925482856,2719.5370903015137,2762.704345703125,307621,0.0,0.0
2021-06-04 00:00:00+09:00,2777.093501139609,2781.88986297232,2690.758988150813,2729.1298828125,228523,0.0,0.0
2021-06-07 00:00:00+09:00,2733.9259746712696,2743.5186973894147,2700.351445157763,2724.333251953125,112491,0.0,0.0
2021-06-08 00:00:00+09:00,2729.1296891247534,2753.1114965863067,2695.555158678579,2738.722412109375,136991,0.0,0.0
2021-06-09 00:00:00+09:00,2738.722412109375,2777.09330404786,2724.333327632443,2738.722412109375,220412,0.0,0.0
2021-06-10 00:00:00+09:00,2719.5370843570563,2743.5188928610864,2700.3516375538316,2714.74072265625,109404,0.0,0.0
2021-06-11 00:00:00+09:00,2714.7408262055496,2834.649873299434,2714.7408262055496,2781.889892578125,572597,0.0,0.0
2021-06-14 00:00:00+09:00,2781.8896911194274,2801.075137265079,2719.536991146061,2743.518798828125,221111,0.0,0.0
2021-06-15 00:00:00+09:00,2743.5188490173127,2762.7042955139373,2695.5552327757514,2753.111572265625,178379,0.0,0.0
2021-06-16 00:00:00+09:00,2753.1116966550626,2820.2607624271373,2743.518972973338,2777.093505859375,200611,0.0,0.0
2021-06-17 00:00:00+09:00,2757.908107737871,2810.668088929378,2714.740850399365,2786.686279296875,232497,0.0,0.0
2021-06-18 00:00:00+09:00,2801.075232438017,2911.3915515237604,2786.6861473398762,2901.798828125,1286274,0.0,0.0
2021-06-21 00:00:00+09:00,2892.206149153973,2911.391596246205,2810.667999011987,2863.427978515625,484479,0.0,0.0
2021-06-22 00:00:00+09:00,2868.2242901457457,2897.002460280987,2829.85339663209,2853.835205078125,270985,0.0,0.0
2021-06-23 00:00:00+09:00,2858.6316366390306,2887.4098074776784,2791.482571348852,2820.2607421875,315381,0.0,0.0
2021-06-24 00:00:00+09:00,2820.2606732536765,2877.81701352416,2762.704332983193,2853.835205078125,434474,0.0,0.0
2021-06-25 00:00:00+09:00,2863.427940405869,3285.507770817454,2853.835216987424,2949.762451171875,4042785,0.0,0.0
2021-06-28 00:00:00+09:00,2959.3553513152688,3088.8571251977846,2940.169903332674,3031.30078125,1467890,0.0,0.0
2021-06-29 00:00:00+09:00,3031.300681727707,3079.2643001094743,3002.5225106986463,3012.115234375,593284,0.0,0.0
2021-06-30 00:00:00+09:00,3031.300666537867,3194.3769682187017,3021.707942909583,3103.24609375,1430680,0.0,0.0
2021-07-01 00:00:00+09:00,3112.838888168335,3179.987955093384,3064.875268936157,3069.671630859375,473645,0.0,0.0
2021-07-02 00:00:00+09:00,3064.8752192673637,3146.413370640674,3036.097048194431,3060.078857421875,493085,0.0,0.0
2021-07-05 00:00:00+09:00,3084.0606217044797,3117.6351541336107,3002.5224715194468,3098.44970703125,432619,0.0,0.0
2021-07-06 00:00:00+09:00,3108.0425477912045,3170.3952532252874,3026.50439453125,3026.50439453125,438820,0.0,0.0
2021-07-07 00:00:00+09:00,3026.5044411648523,3036.097165225597,2978.5408208611307,2988.133544921875,356815,0.0,0.0
2021-07-08 00:00:00+09:00,2988.1333756614417,3007.318822696186,2906.595225763778,3002.5224609375,466479,0.0,0.0
2021-07-09 00:00:00+09:00,2944.966077173057,2973.7442473082983,2839.4461200105043,2853.835205078125,716756,0.0,0.0
2021-07-12 00:00:00+09:00,2858.631541653514,2882.6133498888626,2829.853371771096,2849.038818359375,232415,0.0,0.0
2021-07-13 00:00:00+09:00,2853.835235696421,2911.3915765844163,2829.8534269930897,2906.59521484375,314541,0.0,0.0
2021-07-14 00:00:00+09:00,2882.613525390625,2906.5953350860545,2849.0389918170235,2882.613525390625,179041,0.0,0.0
2021-07-15 00:00:00+09:00,2892.2061544352346,2944.966134035214,2877.817069089786,2911.3916015625,343623,0.0,0.0
2021-07-16 00:00:00+09:00,2911.391570840106,2911.391570840106,2810.667974484847,2858.631591796875,277055,0.0,0.0
2021-07-19 00:00:00+09:00,2868.2242324855274,2868.2242324855274,2772.297000629824,2796.27880859375,237401,0.0,0.0
2021-07-20 00:00:00+09:00,2753.1117458113704,2786.686279296875,2733.9262981053676,2786.686279296875,173002,0.0,0.0
2021-07-21 00:00:00+09:00,2796.278953222825,2815.464400586275,2757.908058495925,2777.093505859375,199455,0.0,0.0
2021-07-22 00:00:00+09:00,2786.6860749000725,2911.3914758422447,2786.6860749000725,2887.40966796875,428307,0.0,0.0
2021-07-23 00:00:00+09:00,2911.3915011530885,2925.78058600228,2877.8169698383085,2892.2060546875,161949,0.0,0.0
2021-07-26 00:00:00+09:00,2916.1880806587837,2944.9662525073904,2839.4462890625,2839.4462890625,185282,0.0,0.0
2021-07-27 00:00:00+09:00,2839.446267938852,2935.37350672057,2839.446267938852,2882.613525390625,216065,0.0,0.0
2021-07-28 00:00:00+09:00,2877.8170387216865,2887.409762184092,2825.0570596784555,2858.631591796875,124593,0.0,0.0
2021-07-29 00:00:00+09:00,2844.24258081503,2882.613475665823,2844.24258081503,2873.020751953125,118956,0.0,0.0
2021-07-30 00:00:00+09:00,2901.7989694043467,2944.9662268004445,2834.64990234375,2834.64990234375,375814,0.0,0.0
2021-08-02 00:00:00+09:00,2834.649807877277,2863.427978515625,2786.686190146697,2863.427978515625,183454,0.0,0.0
2021-08-03 00:00:00+09:00,2877.8171455034976,3357.4533364207473,2868.2244216851527,3256.729736328125,11295450,0.0,0.0
2021-08-04 00:00:00+09:00,3218.358661017749,3285.5077239898037,3165.598682968278,3175.19140625,1965832,0.0,0.0
2021-08-05 00:00:00+09:00,3194.3770315088827,3328.6751649657126,3179.987945781365,3256.729736328125,2297741,0.0,0.0
2021-08-06 00:00:00+09:00,3405.416908319687,3688.4022570392103,3256.7296911958697,3295.1005859375,3543818,0.0,0.0
2021-08-09 00:00:00+09:00,3333.4713472638814,3381.4349637712753,3223.155029296875,3223.155029296875,1018720,0.0,0.0
2021-08-10 00:00:00+09:00,3232.74778969945,3328.675023815161,3179.987810935809,3323.878662109375,988340,0.0,0.0
2021-08-11 00:00:00+09:00,3299.896782810136,3309.4895060159793,3156.0059347224847,3170.39501953125,773500,0.0,0.0
2021-08-12 00:00:00+09:00,3184.7842997202197,3199.173385411727,3088.8570617768396,3160.802490234375,658996,0.0,0.0
2021-08-13 00:00:00+09:00,3141.6170557415676,3146.4134176587304,2983.3371124751984,3021.7080078125,957789,0.0,0.0
2021-08-17 00:00:00+09:00,3016.9114379882812,3031.3005227481617,2901.798759909237,2935.373291015625,617481,0.0,0.0
2021-08-18 00:00:00+09:00,2916.1880661231885,3012.1153051403985,2873.0208085654435,2978.540771484375,228174,0.0,0.0
2021-08-19 00:00:00+09:00,2964.151549883337,2983.3369968081483,2829.853421409658,2858.631591796875,498109,0.0,0.0
2021-08-20 00:00:00+09:00,2882.6135005696615,2978.5407385253907,2834.649881591797,2877.817138671875,873629,0.0,0.0
2021-08-23 00:00:00+09:00,2906.595264635588,2925.7807119269123,2844.242560938785,2916.18798828125,270524,0.0,0.0
2021-08-24 00:00:00+09:00,2944.966139238503,3026.5042896734453,2920.9843302870495,2959.355224609375,435255,0.0,0.0
2021-08-25 00:00:00+09:00,3031.3004530997578,3036.0968145761813,2944.9659465241316,2968.94775390625,377948,0.0,0.0
2021-08-26 00:00:00+09:00,2973.744276889535,3108.0424055232556,2954.5588299418605,3093.6533203125,1077006,0.0,0.0
2021-08-27 00:00:00+09:00,3064.8752145949443,3069.671576433121,2964.1516159932326,3012.115234375,549567,0.0,0.0
2021-08-30 00:00:00+09:00,3012.115159375,3031.3006062500003,2930.5770101562503,2997.72607421875,360670,0.0,0.0
2021-08-31 00:00:00+09:00,2968.947977831409,3012.115234375,2954.558892316879,3012.115234375,279326,0.0,0.0
2021-09-01 00:00:00+09:00,3002.522258672128,3021.7077044144417,2959.3550057519215,2964.1513671875,297510,0.0,0.0
2021-09-02 00:00:00+09:00,2973.7441153826735,2997.725922764792,2949.7623080005555,2968.94775390625,154649,0.0,0.0
2021-09-03 00:00:00+09:00,2968.9480267237104,3055.2825412326392,2959.3553028893853,3021.7080078125,324690,0.0,0.0
2021-09-06 00:00:00+09:00,3036.0969932483026,3040.8933550069887,2983.3370139027556,3002.5224609375,158082,0.0,0.0
2021-09-07 00:00:00+09:00,3002.522258672128,3016.911342978863,2944.9659214451863,2964.1513671875,229200,0.0,0.0
2021-09-08 00:00:00+09:00,2964.151460535386,2973.74418370864,2925.7805678423715,2935.373291015625,316582,0.0,0.0
2021-09-09 00:00:00+09:00,2925.780617779163,2968.947872795577,2916.1878944421824,2944.966064453125,175903,0.0,0.0
2021-09-10 00:00:00+09:00,2940.16972775343,2964.1515362995424,2844.2424935689787,2949.762451171875,443276,0.0,0.0
2021-09-13 00:00:00+09:00,2944.966134035214,2949.7624958170304,2901.7988779988673,2911.3916015625,216541,0.0,0.0
2021-09-14 00:00:00+09:00,2911.391626458419,2940.169797395405,2897.0025409899263,2916.18798828125,129460,0.0,0.0
2021-09-15 00:00:00+09:00,2916.1878880380796,2925.780611353994,2873.020633116463,2897.00244140625,262732,0.0,0.0
2021-09-16 00:00:00+09:00,2897.002416303897,2911.3915011530885,2858.6315233727196,2892.2060546875,195604,0.0,0.0
2021-09-17 00:00:00+09:00,2887.4098873297107,2901.798973146969,2834.649905999766,2882.613525390625,160892,0.0,0.0
2021-09-23 00:00:00+09:00,2849.0389881424494,2877.8171597398477,2801.075368813452,2834.64990234375,172562,0.0,0.0
2021-09-24 00:00:00+09:00,2853.8351369458574,2940.169645290438,2849.0387753711584,2887.40966796875,179284,0.0,0.0
2021-09-27 00:00:00+09:00,2887.409792653418,2930.577048689765,2849.038898398888,2911.3916015625,141520,0.0,0.0
2021-09-28 00:00:00+09:00,2911.3913737523517,2916.187735158863,2849.0386754677047,2868.22412109375,201658,0.0,0.0
2021-09-29 00:00:00+09:00,2781.8900877216697,2897.002781006704,2753.111914400411,2772.29736328125,388918,0.0,0.0
2021-09-30 00:00:00+09:00,2791.4826163456355,2801.0753401131465,2753.1117212755926,2781.889892578125,77140,0.0,0.0
2021-10-01 00:00:00+09:00,2796.278715297154,2796.278715297154,2666.7769566127236,2685.96240234375,277911,0.0,0.0
2021-10-05 00:00:00+09:00,2681.1663749780546,2681.1663749780546,2551.6646001580057,2561.25732421875,322848,0.0,0.0
2021-10-06 00:00:00+09:00,2590.035189924569,2628.4060816271553,2460.5334304283406,2503.70068359375,267671,0.0,0.0
2021-10-07 00:00:00+09:00,2513.2936107494215,2604.4244859483506,2513.2936107494215,2590.035400390625,105715,0.0,0.0
2021-10-08 00:00:00+09:00,2614.0174313688544,2618.813793628247,2542.0719974779686,2585.2392578125,92818,0.0,0.0
2021-10-12 00:00:00+09:00,2585.239087995128,2618.8136216054545,2561.2572782734665,2599.628173828125,88488,0.0,0.0
2021-10-13 00:00:00+09:00,2599.628079379562,2647.591697080292,2590.035355839416,2628.40625,42532,0.0,0.0
2021-10-14 00:00:00+09:00,2657.1841681478722,2724.333226548721,2647.5914455191796,2719.536865234375,101715,0.0,0.0
2021-10-15 00:00:00+09:00,2753.1117170367324,2767.5008026658443,2705.1480982730263,2733.92626953125,75430,0.0,0.0
2021-10-18 00:00:00+09:00,2757.9079525027655,2757.9079525027655,2671.573442685288,2709.9443359375,78985,0.0,0.0
2021-10-19 00:00:00+09:00,2729.1298828125,2748.3153301433435,2705.1480736489457,2729.1298828125,59454,0.0,0.0
2021-10-20 00:00:00+09:00,2753.1117170367324,2767.5008026658443,2724.333545778509,2733.92626953125,59636,0.0,0.0
2021-10-21 00:00:00+09:00,2738.7224550399646,2757.9079013099467,2690.758839365009,2700.3515625,54804,0.0,0.0
2021-10-22 00:00:00+09:00,2700.351445157763,2733.9259746712696,2681.1659997214733,2724.333251953125,68593,0.0,0.0
2021-10-25 00:00:00+09:00,2724.333446057862,2724.333446057862,2671.573467348995,2714.74072265625,49053,0.0,0.0
2021-10-26 00:00:00+09:00,2709.944396660722,2834.649802524755,2709.944396660722,2815.46435546875,165080,0.0,0.0
2021-10-27 00:00:00+09:00,2825.0571495319236,2825.0571495319236,2757.908083159348,2781.889892578125,131414,0.0,0.0
2021-10-28 00:00:00+09:00,2786.686307340055,2873.020822885874,2777.0935833905196,2839.4462890625,202147,0.0,0.0
2021-10-29 00:00:00+09:00,2839.4464343641866,2858.631883245026,2772.29736328125,2772.29736328125,99559,0.0,0.0
2021-11-01 00:00:00+09:00,2772.297168810614,2796.278978229391,2757.908083159348,2781.889892578125,68266,0.0,0.0
2021-11-02 00:00:00+09:00,2781.8898722676145,2839.446214452462,2781.8898722676145,2825.05712890625,106460,0.0,0.0
2021-11-03 00:00:00+09:00,2820.2606979472525,2892.206123915295,2815.46433621605,2858.631591796875,170054,0.0,0.0
2021-11-04 00:00:00+09:00,2858.631541653514,2911.3915197712804,2829.853371771096,2849.038818359375,263435,0.0,0.0
2021-11-05 00:00:00+09:00,3021.7081040602466,3069.6717247596152,2920.9845005915718,2992.929931640625,2031287,0.0,0.0
2021-11-08 00:00:00+09:00,2997.726235766347,3271.118868468238,2973.744425880216,3218.35888671875,2571275,0.0,0.0
2021-11-09 00:00:00+09:00,3208.7659525578847,3976.183818640488,3160.802335927722,3832.29296875,17851970,0.0,0.0
2021-11-10 00:00:00+09:00,3793.922050609923,3909.034729768758,3769.940242451833,3827.49658203125,3429902,0.0,0.0
2021-11-11 00:00:00+09:00,3798.718356630562,4287.947235893589,3755.551102577942,4096.0927734375,8868930,0.0,0.0
2021-11-12 00:00:00+09:00,4033.73979310923,4239.983325931699,3961.794374682787,4134.46337890625,2489940,0.0,0.0
2021-11-15 00:00:00+09:00,4259.169493447581,4681.249353158602,4172.834976688508,4460.61669921875,3715103,0.0,0.0
2021-11-16 00:00:00+09:00,4369.485576065727,4777.176326851223,4235.187446395211,4412.65283203125,2775759,0.0,0.0
2021-11-17 00:00:00+09:00,4383.874926034235,4479.80216730413,4254.373150319875,4369.48583984375,1137086,0.0,0.0
2021-11-18 00:00:00+09:00,4369.4854127342005,4369.4854127342005,4148.852779379894,4287.947265625,1332858,0.0,0.0
2021-11-19 00:00:00+09:00,4259.169132598459,4316.725472228168,4134.463730067423,4201.61279296875,848155,0.0,0.0
2021-11-22 00:00:00+09:00,4216.002126723864,4393.467517723617,4182.427593291478,4249.57666015625,910148,0.0,0.0
2021-11-23 00:00:00+09:00,4211.205697154547,4244.780230047579,4028.9439471638034,4048.12939453125,890943,0.0,0.0
2021-11-24 00:00:00+09:00,4048.129082972239,4148.852673899273,3889.849154372613,4081.70361328125,832495,0.0,0.0
2021-11-25 00:00:00+09:00,4043.3332296022227,4235.187712620122,4038.5368675267755,4086.50048828125,796327,0.0,0.0
2021-11-26 00:00:00+09:00,4091.296814792694,4100.889538860203,3889.849609375,3889.849609375,581041,0.0,0.0
2021-11-29 00:00:00+09:00,3741.161996785877,3985.7764350372613,3554.103896946583,3952.201904296875,623999,0.0,0.0
2021-11-30 00:00:00+09:00,3952.2023305942357,3995.369589059464,3645.2351592859454,3702.79150390625,819494,0.0,0.0
2021-12-01 00:00:00+09:00,3664.420570505401,3918.627756679205,3654.8278464988425,3885.05322265625,517605,0.0,0.0
2021-12-02 00:00:00+09:00,3817.904130292027,3942.6095415829727,3769.94051056474,3880.2568359375,350651,0.0,0.0
2021-12-03 00:00:00+09:00,3942.609235316029,3942.609235316029,3693.198432108689,3822.7001953125,380157,0.0,0.0
2021-12-06 00:00:00+09:00,3779.5328170955886,4076.9072265625,3750.7546484375002,4076.9072265625,629026,0.0,0.0
2021-12-07 00:00:00+09:00,4105.685649170219,4120.0747343892735,3875.4602856653473,3937.81298828125,557746,0.0,0.0
2021-12-08 00:00:00+09:00,4019.3510095932907,4033.740094353171,3769.940207088695,3913.8310546875,506117,0.0,0.0
2021-12-09 00:00:00+09:00,3913.831012022148,3985.7764350372613,3870.66375821308,3952.201904296875,214438,0.0,0.0
2021-12-10 00:00:00+09:00,3894.6459714087546,3971.3877639488283,3827.4969029361896,3889.849609375,311211,0.0,0.0
2021-12-13 00:00:00+09:00,3899.44224170099,4028.944013565598,3899.44224170099,3966.59130859375,348933,0.0,0.0
2021-12-14 00:00:00+09:00,3966.5912188148723,4067.3148168742587,3928.2203243160584,4043.3330078125,476146,0.0,0.0
2021-12-15 00:00:00+09:00,4057.721858052374,4144.05636567051,3928.2200966251708,3952.201904296875,552307,0.0,0.0
2021-12-16 00:00:00+09:00,3990.5727205882354,4144.056286764706,3952.201829044118,4076.9072265625,598223,0.0,0.0
2021-12-17 00:00:00+09:00,4024.1473603574104,4124.870953405689,3985.77646776759,4004.9619140625,330089,0.0,0.0
2021-12-20 00:00:00+09:00,3990.5728293413176,4091.296422389596,3928.220128882859,4004.9619140625,306635,0.0,0.0
2021-12-21 00:00:00+09:00,4033.740333764793,4057.722143121302,3875.4603920118343,4052.92578125,380473,0.0,0.0
2021-12-22 00:00:00+09:00,4076.907484511319,4120.074740229674,3961.7948025957053,3985.776611328125,459672,0.0,0.0
2021-12-23 00:00:00+09:00,4000.1659333304074,4331.114913426089,4000.1659333304074,4268.76220703125,2456076,0.0,0.0
2021-12-24 00:00:00+09:00,4292.7433522542315,4302.336074829102,4124.870707194011,4144.05615234375,719192,0.0,0.0
2021-12-27 00:00:00+09:00,4153.64887491862,4239.983378092448,4110.481623331706,4144.05615234375,520728,0.0,0.0
2021-12-28 00:00:00+09:00,4144.056502705012,4283.150991800434,4033.740183767262,4211.20556640625,749050,0.0,0.0
2021-12-29 00:00:00+09:00,4269.424952906351,4633.296397756324,4250.018475847686,4507.154296875,1764133,50.0,0.0
2021-12-30 00:00:00+09:00,4512.006127390576,4803.103296899645,4482.896410439669,4613.89013671875,1555156,0.0,0.0
2022-01-04 00:00:00+09:00,5666.691326665959,5802.536666688773,5598.768656654553,5715.20751953125,2349608,0.0,0.0
2022-01-05 00:00:00+09:00,5647.284802576013,5754.0204259923985,5259.155262880067,5385.29736328125,1685995,0.0,0.0
2022-01-06 00:00:00+09:00,5152.419581724017,5307.671395862594,4997.167767585441,5181.529296875,1197608,0.0,0.0
2022-01-07 00:00:00+09:00,5171.826049581525,5424.110247122087,5171.826049581525,5307.67138671875,1051803,0.0,0.0
2022-01-10 00:00:00+09:00,5288.264720840868,5395.000339059675,5123.309674502712,5365.890625,562689,0.0,0.0
2022-01-11 00:00:00+09:00,5317.374680059524,5327.077918526786,5055.387241443452,5094.2001953125,528764,0.0,0.0
2022-01-12 00:00:00+09:00,5162.122749821768,5297.968085343394,5074.793605557866,5103.9033203125,370759,0.0,0.0
2022-01-13 00:00:00+09:00,5142.715892791748,5171.825605392456,4909.838191986084,4968.0576171875,525570,0.0,0.0
2022-01-14 00:00:00+09:00,4909.8385970744675,5065.090410420697,4846.767547902563,5016.57421875,381068,0.0,0.0
2022-01-17 00:00:00+09:00,4977.761424047707,4987.464662691074,4827.361225075505,4919.5419921875,292109,0.0,0.0
2022-01-18 00:00:00+09:00,4900.135660807292,5249.452262369792,4890.432421875,4948.65185546875,942292,0.0,0.0
2022-01-19 00:00:00+09:00,4861.322868164063,4977.761739257813,4837.064770019531,4851.61962890625,314830,0.0,0.0
2022-01-20 00:00:00+09:00,4832.2130997513505,4997.168165405513,4807.9550018610325,4938.94873046875,220305,0.0,0.0
2022-01-21 00:00:00+09:00,4909.8385641163795,4909.8385641163795,4521.709033356191,4642.99951171875,845510,0.0,0.0
2022-01-24 00:00:00+09:00,4754.587174082189,5181.529695836509,4657.55478277439,4773.99365234375,3570926,0.0,0.0
2022-01-25 00:00:00+09:00,4812.80652665996,4900.135677345322,4633.296605806716,4822.509765625,694989,0.0,0.0
2022-01-26 00:00:00+09:00,4764.29004825608,4817.657859387258,4613.8898532500325,4638.14794921875,427555,0.0,0.0
2022-01-27 00:00:00+09:00,4638.147857119336,4725.477000872629,4434.379855028319,4604.1865234375,451042,0.0,0.0
2022-01-28 00:00:00+09:00,4575.077051450128,5016.574412724743,4453.7865675834755,4958.35498046875,769253,0.0,0.0
2022-02-03 00:00:00+09:00,5074.794131835938,5094.200610351562,4851.61962890625,4851.61962890625,384238,0.0,0.0
2022-02-04 00:00:00+09:00,4827.361071234284,5152.4195554279495,4827.361071234284,5016.57421875,554713,0.0,0.0
2022-02-07 00:00:00+09:00,5055.38733319465,5055.38733319465,4871.025798970661,4919.5419921875,276864,0.0,0.0
2022-02-08 00:00:00+09:00,4948.651969624877,5026.277882873895,4846.767958485541,4938.94873046875,275506,0.0,0.0
2022-02-09 00:00:00+09:00,4938.948200711872,5123.3097249034745,4938.948200711872,5026.27734375,377064,0.0,0.0
2022-02-10 00:00:00+09:00,5016.574064946039,5210.638825678961,4987.4643508361005,5113.6064453125,478656,0.0,0.0
2022-02-11 00:00:00+09:00,4997.168217773437,5026.277935546876,4851.61962890625,4851.61962890625,372055,0.0,0.0
2022-02-14 00:00:00+09:00,4706.070604740748,4788.548130803215,4502.3025991746545,4555.67041015625,793039,0.0,0.0
2022-02-15 00:00:00+09:00,4609.038432774348,4647.851387997711,4288.831552181604,4371.30908203125,855938,0.0,0.0
2022-02-16 00:00:00+09:00,4560.522075985477,4701.219033648859,4512.00588368776,4676.9609375,345002,0.0,0.0
2022-02-17 00:00:00+09:00,4676.961165364583,5142.716634114583,4618.741731770833,4948.65185546875,1484258,0.0,0.0
2022-02-18 00:00:00+09:00,4861.322472098214,5113.606672247023,4832.212756696428,5094.2001953125,655771,0.0,0.0
2022-02-21 00:00:00+09:00,5006.870791258366,5171.8258367068,4948.651363453036,5074.79345703125,330258,0.0,0.0
2022-02-22 00:00:00+09:00,4929.244962596525,5152.419439249517,4919.541724481178,5026.27734375,379686,0.0,0.0
2022-02-23 00:00:00+09:00,5045.683993087825,5259.1552389492335,4997.167800846596,5220.34228515625,523585,0.0,0.0
2022-02-24 00:00:00+09:00,5200.9354350548665,5356.1872390863555,5006.870680015506,5084.49658203125,707446,0.0,0.0
2022-02-25 00:00:00+09:00,5492.032923397775,6035.414272709216,5365.890824450476,5724.91064453125,7160511,0.0,0.0
2022-02-28 00:00:00+09:00,5686.098112650344,5880.162894652062,5647.28515625,5647.28515625,909522,0.0,0.0
2022-03-02 00:00:00+09:00,5618.175066056637,5763.723642897483,5550.252396864243,5637.58154296875,514856,0.0,0.0
2022-03-03 00:00:00+09:00,5734.613996677366,5870.459336700181,5637.581610946785,5715.20751953125,679803,0.0,0.0
2022-03-04 00:00:00+09:00,5695.800938650888,5695.800938650888,5492.032932327773,5598.7685546875,376006,0.0,0.0
2022-03-07 00:00:00+09:00,5375.593674879808,5511.439002403846,4929.244741586538,5045.68359375,1780989,0.0,0.0
2022-03-08 00:00:00+09:00,4909.838981280941,5094.200524056312,4871.026024907178,4900.1357421875,745886,0.0,0.0
2022-03-10 00:00:00+09:00,5045.684128852739,5123.310038527397,4909.838786922089,4958.35498046875,377054,0.0,0.0
2022-03-11 00:00:00+09:00,4958.3545291641385,5006.870718294903,4890.431864381068,4997.16748046875,250683,0.0,0.0
2022-03-14 00:00:00+09:00,4968.058080808081,4977.761319247159,4740.031977489742,4803.10302734375,617270,0.0,0.0
2022-03-15 00:00:00+09:00,4803.103312381028,4880.729224500317,4681.812824694639,4778.84521484375,282866,0.0,0.0
2022-03-16 00:00:00+09:00,4871.026024907178,4987.464894028465,4832.213068533416,4900.1357421875,432854,0.0,0.0
2022-03-17 00:00:00+09:00,5045.683517456055,5113.60618019104,4938.947904586792,4968.0576171875,409748,0.0,0.0
2022-03-18 00:00:00+09:00,4968.058018867924,5200.935738502359,4890.432112323113,5142.71630859375,759223,0.0,0.0
2022-03-21 00:00:00+09:00,5210.638941079492,5220.342179331036,5074.793605557866,5103.9033203125,480789,0.0,0.0
2022-03-22 00:00:00+09:00,5084.496911414195,5783.130074814619,5074.793673033633,5724.91064453125,4505620,0.0,0.0
2022-03-23 00:00:00+09:00,5695.801155765041,5792.833543427137,5589.0655293367345,5705.50439453125,887228,0.0,0.0
2022-03-24 00:00:00+09:00,5656.98797586732,5870.459220239672,5598.768545583951,5724.91064453125,794834,0.0,0.0
2022-03-25 00:00:00+09:00,5831.646370821221,5938.381994912791,5656.9880768531975,5841.349609375,1251075,0.0,0.0
2022-03-28 00:00:00+09:00,5831.646370821221,5909.272279251453,5754.0204623909885,5841.349609375,396281,0.0,0.0
2022-03-29 00:00:00+09:00,5870.459622181823,5889.866100271681,5521.143016564392,5608.47216796875,876391,0.0,0.0
2022-03-30 00:00:00+09:00,5783.1303870068605,5792.833625911235,5579.362370015008,5656.98828125,336513,0.0,0.0
2022-03-31 00:00:00+09:00,5627.878613621516,5666.691569577526,5511.439745753484,5569.6591796875,328699,0.0,0.0
2022-04-01 00:00:00+09:00,5550.252147377939,5559.9553853978305,5365.890625,5365.890625,424094,0.0,0.0
2022-04-04 00:00:00+09:00,5385.297476978509,5414.407193070284,5278.561851308664,5375.59423828125,252189,0.0,0.0
2022-04-05 00:00:00+09:00,5385.297064442452,5492.032681935906,5297.967922856899,5327.07763671875,268104,0.0,0.0
2022-04-06 00:00:00+09:00,5365.890808105469,5453.219953264509,5346.48433140346,5433.8134765625,340090,0.0,0.0
2022-04-07 00:00:00+09:00,5404.703786760723,5899.568944974003,5365.890833175368,5598.7685546875,1422932,0.0,0.0
2022-04-08 00:00:00+09:00,5647.285025121467,5666.691502871025,5404.704053251988,5492.033203125,402670,0.0,0.0
2022-04-11 00:00:00+09:00,5472.626243218807,5579.361861437614,5365.890625,5365.890625,257077,0.0,0.0
2022-04-12 00:00:00+09:00,5297.967999626609,5424.110094855814,5239.748571059284,5278.5615234375,253349,0.0,0.0
2022-04-13 00:00:00+09:00,5336.78125,5346.4844886363635,5191.232670454545,5336.78125,337071,0.0,0.0
2022-04-14 00:00:00+09:00,5433.813636363636,5433.813636363636,5268.858579545455,5336.78125,179578,0.0,0.0
2022-04-15 00:00:00+09:00,5239.748600434492,5492.032792307264,5239.748600434492,5443.5166015625,287576,0.0,0.0
2022-04-18 00:00:00+09:00,5433.813555743243,5530.845940667229,5307.671455342061,5385.29736328125,203889,0.0,0.0
2022-04-19 00:00:00+09:00,5385.297284807478,5589.065290178572,5375.594046456473,5433.8134765625,312334,0.0,0.0
2022-04-20 00:00:00+09:00,5433.813612196181,5656.988099839952,5404.703896416558,5589.0654296875,484908,0.0,0.0
2022-04-21 00:00:00+09:00,5627.878234756763,5627.878234756763,5482.32965971995,5559.95556640625,243234,0.0,0.0
2022-04-22 00:00:00+09:00,5501.736394361413,5608.4720210597825,5453.220200407609,5579.3623046875,248695,0.0,0.0
2022-04-25 00:00:00+09:00,5453.220032728041,5492.032986697634,5365.890886296453,5385.29736328125,346405,0.0,0.0
2022-04-26 00:00:00+09:00,5395.000749047939,5530.846091649865,5356.187794018817,5414.4072265625,163752,0.0,0.0
2022-04-27 00:00:00+09:00,5239.748565838196,5414.406851366135,5191.232375413768,5404.70361328125,221885,0.0,0.0
2022-04-28 00:00:00+09:00,5443.516805163169,5443.516805163169,5220.342319389991,5259.1552734375,389608,0.0,0.0
2022-04-29 00:00:00+09:00,5297.968148351805,5336.781101819584,5239.748718150137,5307.67138671875,115456,0.0,0.0
2022-05-03 00:00:00+09:00,5443.516979320629,5754.020621634818,5414.407262853674,5744.3173828125,1246809,0.0,0.0
2022-05-04 00:00:00+09:00,5792.833058508368,5957.788103725524,5327.07763671875,5327.07763671875,1759836,0.0,0.0
2022-05-06 00:00:00+09:00,5239.748648394017,5375.593983722751,5181.529218967416,5230.04541015625,383999,0.0,0.0
2022-05-10 00:00:00+09:00,4754.586848958333,5171.826103050595,4740.0319912574405,5094.2001953125,528145,0.0,0.0
2022-05-11 00:00:00+09:00,5133.013114240943,5191.232544648213,5045.683968630038,5055.38720703125,211049,0.0,0.0
2022-05-12 00:00:00+09:00,5016.574728345114,5123.310360863095,4841.916420588417,4890.4326171875,199714,0.0,0.0
2022-05-13 00:00:00+09:00,4948.6512895063925,5171.825759425308,4929.244813861269,5123.3095703125,270798,0.0,0.0
2022-05-16 00:00:00+09:00,5230.045417582581,5259.155132337215,5074.793605557866,5103.9033203125,170212,0.0,0.0
2022-05-17 00:00:00+09:00,5113.606405229711,5297.9679264808765,5113.606405229711,5200.935546875,291106,0.0,0.0
2022-05-18 00:00:00+09:00,5307.671237721163,5511.439237706802,5259.155047248391,5278.5615234375,497865,0.0,0.0
2022-05-19 00:00:00+09:00,5142.716411294972,5288.264988973132,5123.309934271218,5259.1552734375,167309,0.0,0.0
2022-05-20 00:00:00+09:00,5268.858363107317,5307.671316058384,5162.122742491883,5230.04541015625,296639,0.0,0.0
2022-05-23 00:00:00+09:00,5210.639046708005,5249.452000500987,5162.122854466775,5220.34228515625,109032,0.0,0.0
2022-05-24 00:00:00+09:00,5200.93551300578,5230.045226697977,5035.98046875,5035.98046875,174862,0.0,0.0
2022-05-25 00:00:00+09:00,5055.387241443452,5171.826103050595,5026.2775260416665,5094.2001953125,159769,0.0,0.0
2022-05-26 00:00:00+09:00,5103.903131241189,5307.671126975152,5103.903131241189,5162.12255859375,305036,0.0,0.0
2022-05-27 00:00:00+09:00,5239.7485397888995,5278.561491935484,5094.199969239208,5113.6064453125,134173,0.0,0.0
2022-05-30 00:00:00+09:00,5152.419694682224,5239.748842049719,5142.7164560858355,5171.826171875,71113,0.0,0.0
2022-05-31 00:00:00+09:00,5230.045603453331,5239.748842049719,5113.60674029667,5171.826171875,101347,0.0,0.0
2022-06-02 00:00:00+09:00,5181.529190238864,5181.529190238864,5016.57414111141,5065.09033203125,207153,0.0,0.0
2022-06-03 00:00:00+09:00,5065.090654958292,5103.903610168701,4832.212923695842,4871.02587890625,455691,0.0,0.0
2022-06-07 00:00:00+09:00,4783.696753297739,4900.135619503769,4764.290275596733,4827.361328125,226268,0.0,0.0
2022-06-08 00:00:00+09:00,4827.361214502884,4861.322549680291,4773.993402081243,4837.064453125,110607,0.0,0.0
2022-06-09 00:00:00+09:00,4837.064384437118,4837.064384437118,4720.625522625191,4759.4384765625,141872,0.0,0.0
2022-06-10 00:00:00+09:00,4749.735307033707,4749.735307033707,4618.741585593553,4628.44482421875,150686,0.0,0.0
2022-06-13 00:00:00+09:00,4473.1926884034865,4536.263734986182,4279.1279296875,4279.1279296875,324282,0.0,0.0
2022-06-14 00:00:00+09:00,4123.876122714711,4317.940881430697,4123.876122714711,4279.1279296875,329003,0.0,0.0
2022-06-15 00:00:00+09:00,4235.4634564201915,4342.1990761696115,4109.321360352694,4186.947265625,257959,0.0,0.0
2022-06-16 00:00:00+09:00,4347.050872093023,4347.050872093023,4172.392578125,4172.392578125,145010,0.0,0.0
2022-06-17 00:00:00+09:00,4051.101824972996,4123.876109253948,4002.585635452361,4070.50830078125,323237,0.0,0.0
2022-06-20 00:00:00+09:00,4172.392425154683,4172.392425154683,3803.669373629386,3871.592041015625,285686,0.0,0.0
2022-06-21 00:00:00+09:00,3881.2953317901233,3954.0696192611886,3847.33399763696,3929.8115234375,160703,0.0,0.0
2022-06-22 00:00:00+09:00,3973.476076171875,3973.476076171875,3638.71435546875,3638.71435546875,272856,0.0,0.0
2022-06-23 00:00:00+09:00,3643.5660363902216,3740.598420848017,3512.5723173721976,3570.791748046875,294239,0.0,0.0
2022-06-24 00:00:00+09:00,3561.0886346130765,3789.11474609375,3561.0886346130765,3789.11474609375,261120,0.0,0.0
2022-06-27 00:00:00+09:00,3827.927430947424,3905.553335757511,3760.0047642385975,3895.85009765625,161293,0.0,0.0
2022-06-28 00:00:00+09:00,3958.921087919776,3958.921087919776,3857.0370893336053,3900.70166015625,122449,0.0,0.0
2022-06-29 00:00:00+09:00,3842.4824560546876,3895.850267944336,3764.8565478515625,3881.29541015625,165442,0.0,0.0
2022-06-30 00:00:00+09:00,3900.7018216500487,3900.7018216500487,3740.598388671875,3740.598388671875,123569,0.0,0.0
2022-07-01 00:00:00+09:00,3740.5985258403575,3871.592248535156,3667.8242354543586,3687.230712890625,104838,0.0,0.0
2022-07-04 00:00:00+09:00,3687.230573381696,3726.043526785714,3468.907710484096,3531.978759765625,181232,0.0,0.0
2022-07-05 00:00:00+09:00,3570.791832010582,3716.340412119709,3546.5337353257273,3667.82421875,179561,0.0,0.0
2022-07-06 00:00:00+09:00,3648.4176731418916,3711.488723342483,3590.1982421875,3590.1982421875,85349,0.0,0.0
2022-07-07 00:00:00+09:00,3633.862932523092,3745.4501787821455,3633.862932523092,3726.043701171875,118561,0.0,0.0
2022-07-08 00:00:00+09:00,3769.708275794983,3823.076089223226,3726.043701171875,3726.043701171875,111856,0.0,0.0
2022-07-11 00:00:00+09:00,3784.2629613022864,3818.2242955703837,3696.933816041464,3740.598388671875,124729,0.0,0.0
2022-07-12 00:00:00+09:00,3701.785560741399,3745.4501348523722,3556.2369803714882,3604.753173828125,121503,0.0,0.0
2022-07-13 00:00:00+09:00,3599.901458455023,3658.1208890499834,3570.7917431575434,3633.86279296875,108154,0.0,0.0
2022-07-14 00:00:00+09:00,3609.604736328125,3662.9725482899657,3561.088543635543,3609.604736328125,122018,0.0,0.0
2022-07-15 00:00:00+09:00,3614.456338418496,3672.675769372888,3551.3852882179053,3590.1982421875,101028,0.0,0.0
2022-07-18 00:00:00+09:00,3687.230762224741,3779.411531280359,3677.527523376781,3745.4501953125,168569,0.0,0.0
2022-07-19 00:00:00+09:00,3745.4501787821455,3745.4501787821455,3658.1210295359297,3726.043701171875,127607,0.0,0.0
2022-07-20 00:00:00+09:00,3842.4823914761673,3842.4823914761673,3721.191911947248,3740.598388671875,222695,0.0,0.0
2022-07-21 00:00:00+09:00,3764.8565926710357,3803.6695472346546,3730.895257427869,3793.96630859375,233049,0.0,0.0
2022-07-22 00:00:00+09:00,3813.3727166795857,3852.18567053892,3677.527378171916,3716.34033203125,335966,0.0,0.0
2022-07-25 00:00:00+09:00,3696.9339116115198,3735.7468660641343,3677.5274343852125,3711.48876953125,82258,0.0,0.0
2022-07-26 00:00:00+09:00,3716.340429045025,3735.7469064812913,3682.3790935315583,3687.230712890625,79842,0.0,0.0
2022-07-27 00:00:00+09:00,3687.2306504360467,3764.856558866279,3667.8241733284885,3755.1533203125,133114,0.0,0.0
2022-07-28 00:00:00+09:00,3803.6695130813955,3818.224370912064,3745.450081758721,3755.1533203125,117342,0.0,0.0
2022-07-29 00:00:00+09:00,3793.966246638466,3929.8115853927843,3789.1146273972404,3861.888916015625,792373,0.0,0.0
2022-08-01 00:00:00+09:00,4531.412154362711,4871.025484989466,4250.0182518433985,4317.94091796875,9091607,0.0,0.0
2022-08-02 00:00:00+09:00,4497.451011455164,4822.509498798741,4347.050815818584,4385.86376953125,4738584,0.0,0.0
2022-08-03 00:00:00+09:00,4351.902099609375,4356.7537184495195,4264.572960486778,4288.8310546875,659013,0.0,0.0
2022-08-04 00:00:00+09:00,4303.386152626812,4458.637964221015,4283.979676177536,4351.90234375,1171808,0.0,0.0
2022-08-05 00:00:00+09:00,4347.050815818584,4395.5670079594165,4303.386242891835,4385.86376953125,747599,0.0,0.0
2022-08-08 00:00:00+09:00,4676.960801686672,4681.812420775559,4381.012037264591,4395.56689453125,1454717,0.0,0.0
2022-08-09 00:00:00+09:00,4385.863721203072,4385.863721203072,4211.205431420649,4264.5732421875,527646,0.0,0.0
2022-08-10 00:00:00+09:00,4162.689333701996,4172.392572242094,4021.992374870576,4026.843994140625,558792,0.0,0.0
2022-08-11 00:00:00+09:00,4123.876437749736,4148.134534442382,3992.8827156094503,4021.992431640625,434775,0.0,0.0
2022-08-12 00:00:00+09:00,3988.030778596171,4104.469633445694,3988.030778596171,4070.50830078125,303541,0.0,0.0
2022-08-16 00:00:00+09:00,4104.46965012595,4225.760124420452,4094.766412182389,4152.98583984375,527839,0.0,0.0
2022-08-17 00:00:00+09:00,4152.985880630967,4172.392356708681,4065.65673828125,4065.65673828125,292503,0.0,0.0
2022-08-18 00:00:00+09:00,4046.250186560289,4123.876089419959,4021.992091916642,4114.1728515625,225204,0.0,0.0
2022-08-19 00:00:00+09:00,4133.579884920188,4152.986363253147,4026.8442540889164,4046.250732421875,282746,0.0,0.0
2022-08-22 00:00:00+09:00,3988.0309355856466,3997.734173871743,3886.1469335816337,3910.405029296875,262807,0.0,0.0
2022-08-23 00:00:00+09:00,3803.669637198986,3881.2955481622307,3798.8180177637837,3827.927734375,273000,0.0,0.0
2022-08-24 00:00:00+09:00,3803.6695302458224,3895.8502969226984,3750.3017179592102,3774.559814453125,188604,0.0,0.0
2022-08-25 00:00:00+09:00,3779.411483880538,3847.3341549643987,3750.3017677017406,3832.779296875,256399,0.0,0.0
2022-08-26 00:00:00+09:00,3866.7404395505378,3983.1792984579565,3842.4823439448255,3890.99853515625,275175,0.0,0.0
2022-08-29 00:00:00+09:00,3721.192048404091,3760.005003276624,3507.72079660516,3687.230712890625,260548,0.0,0.0
2022-08-30 00:00:00+09:00,3692.082381648721,3760.00505358444,3682.3791428007607,3745.4501953125,137181,0.0,0.0
2022-08-31 00:00:00+09:00,3716.34047136246,3852.1858149631767,3696.933993705215,3808.521240234375,158144,0.0,0.0
2022-09-01 00:00:00+09:00,3769.7081609552556,3842.4824497767854,3735.746826171875,3735.746826171875,181798,0.0,0.0
2022-09-02 00:00:00+09:00,3760.0049224457184,3764.856541700487,3682.3790143694196,3735.746826171875,108537,0.0,0.0
2022-09-05 00:00:00+09:00,3653.2693154978197,3696.933888989826,3546.53369140625,3546.53369140625,304740,0.0,0.0
2022-09-06 00:00:00+09:00,3507.7207150021113,3595.0498614336993,3507.7207150021113,3590.1982421875,167868,0.0,0.0
2022-09-07 00:00:00+09:00,3585.346668866863,3585.346668866863,3473.7594247749307,3502.869140625,115348,0.0,0.0
2022-09-08 00:00:00+09:00,3541.6819981166295,3590.1981898716517,3502.8690447126114,3531.978759765625,126510,0.0,0.0
2022-09-13 00:00:00+09:00,3570.791809640523,3716.340388837827,3570.791809640523,3711.48876953125,200566,0.0,0.0
2022-09-14 00:00:00+09:00,3590.198129001011,3648.417558119946,3527.127080788831,3599.9013671875,139964,0.0,0.0
2022-09-15 00:00:00+09:00,3609.604666573661,3653.2692391531805,3531.978759765625,3531.978759765625,161275,0.0,0.0
2022-09-16 00:00:00+09:00,3527.127048275507,3580.494857809249,3493.165714935853,3498.017333984375,99592,0.0,0.0
2022-09-19 00:00:00+09:00,3546.533527266508,3561.0883844235523,3434.9462890625,3434.9462890625,177403,0.0,0.0
2022-09-20 00:00:00+09:00,3493.165850572183,3512.572327519806,3420.391562018596,3444.649658203125,112487,0.0,0.0
2022-09-21 00:00:00+09:00,3391.2820394346572,3430.0949955369138,3333.0626052812727,3386.430419921875,132269,0.0,0.0
2022-09-22 00:00:00+09:00,3313.6561198633676,3362.172314883329,3226.3269688274368,3303.952880859375,168139,0.0,0.0
2022-09-23 00:00:00+09:00,3269.991369218272,3294.24946542909,3153.5525074063453,3172.958984375,248073,0.0,0.0
2022-09-26 00:00:00+09:00,3061.371565331077,3105.0361359934855,2959.4875671187906,2978.89404296875,323121,0.0,0.0
2022-09-27 00:00:00+09:00,2925.5262899227673,3017.707051960135,2886.713337485981,2974.04248046875,238597,0.0,0.0
2022-09-28 00:00:00+09:00,2930.378072804418,3012.855601343615,2765.4230157260236,2813.939208984375,387506,0.0,0.0
2022-09-29 00:00:00+09:00,2891.565210085711,2988.597599685903,2818.7909178855675,2847.900634765625,259067,0.0,0.0
2022-09-30 00:00:00+09:00,2775.126350854747,2857.6038822612695,2721.758536415233,2784.82958984375,118747,0.0,0.0
2022-10-04 00:00:00+09:00,2857.603754087936,2925.52642396439,2852.7521348110467,2920.6748046875,213501,0.0,0.0
2022-10-05 00:00:00+09:00,2969.1911551339285,3008.004111410189,2843.049047236082,2886.713623046875,193883,0.0,0.0
2022-10-06 00:00:00+09:00,2906.1199245921134,3012.8555478659473,2886.7134476332344,2964.33935546875,254661,0.0,0.0
2022-10-07 00:00:00+09:00,2969.190939456089,3357.3204740255123,2935.2296051812646,3197.217041015625,997703,0.0,0.0
2022-10-11 00:00:00+09:00,3056.5200226967686,3090.4813562822883,2988.597355525729,2993.448974609375,295119,0.0,0.0
2022-10-12 00:00:00+09:00,2978.8940967888875,3075.926477791783,2974.042477738743,3037.113525390625,169916,0.0,0.0
2022-10-13 00:00:00+09:00,2993.4490709070683,3046.8168825439852,2925.526401550992,2964.33935546875,145372,0.0,0.0
2022-10-14 00:00:00+09:00,3075.9266100840964,3080.778229342904,3027.410417496019,3046.81689453125,144017,0.0,0.0
2022-10-17 00:00:00+09:00,2988.5972793311403,3061.3715637304376,2969.1908034913276,3041.965087890625,152713,0.0,0.0
2022-10-18 00:00:00+09:00,3105.0362809597523,3134.14599609375,3046.816850691757,3134.14599609375,194843,0.0,0.0
2022-10-19 00:00:00+09:00,3134.1460929870605,3216.6236217498777,3100.1847576141354,3105.036376953125,209578,0.0,0.0
2022-10-20 00:00:00+09:00,3105.0363029827317,3143.849256770016,3041.965253078395,3090.4814453125,94903,0.0,0.0
2022-10-21 00:00:00+09:00,3061.3716738709836,3114.7394843505094,3056.520054736481,3095.3330078125,84414,0.0,0.0
2022-10-24 00:00:00+09:00,3177.8105814892065,3250.5848696149133,3153.552485447304,3216.62353515625,212553,0.0,0.0
2022-10-25 00:00:00+09:00,3216.6236980375884,3318.5077065727155,3197.2172202213737,3265.139892578125,176632,0.0,0.0
2022-10-26 00:00:00+09:00,3265.1397848907195,3299.101119949018,3211.77197265625,3211.77197265625,146512,0.0,0.0
2022-10-27 00:00:00+09:00,3216.623690324344,3328.2109375,3211.7720708819243,3328.2109375,155171,0.0,0.0
2022-10-28 00:00:00+09:00,3323.3593093119393,3323.3593093119393,3206.92044300028,3245.7333984375,196321,0.0,0.0
2022-10-31 00:00:00+09:00,3303.9524848709434,3415.539720042796,3279.6943902683665,3400.98486328125,326217,0.0,0.0
2022-11-01 00:00:00+09:00,3405.8366872122874,3439.798021700159,3376.7269719369688,3425.2431640625,163548,0.0,0.0
2022-11-02 00:00:00+09:00,3386.430419921875,3415.5401369985675,3342.7658443068367,3386.430419921875,170380,0.0,0.0
2022-11-03 00:00:00+09:00,3337.9140679404595,3483.462646484375,3303.952732946879,3483.462646484375,172966,0.0,0.0
2022-11-04 00:00:00+09:00,3444.6498796659557,3478.611216507733,3274.8431954570706,3342.765869140625,329211,0.0,0.0
2022-11-07 00:00:00+09:00,3483.4628360565584,3541.682270642462,3318.5077713964984,3342.765869140625,599726,0.0,0.0
2022-11-08 00:00:00+09:00,3357.3204016524755,3502.86897397845,3357.3204016524755,3454.352783203125,524371,0.0,0.0
2022-11-09 00:00:00+09:00,3464.0560213581903,3502.86897397845,3439.7979259705276,3454.352783203125,190575,0.0,0.0
2022-11-10 00:00:00+09:00,3396.1336678832117,3454.353102189781,3318.5077554744526,3323.359375,276792,0.0,0.0
2022-11-11 00:00:00+09:00,3464.0561693451864,3517.4239814779553,3439.7980729212004,3483.462646484375,400617,0.0,0.0
2022-11-14 00:00:00+09:00,3498.0173580840933,3517.423834411883,3357.320404707618,3391.28173828125,320261,0.0,0.0
2022-11-15 00:00:00+09:00,3420.391578994879,3493.1658679096636,3376.7270056460084,3464.05615234375,307013,0.0,0.0
2022-11-16 00:00:00+09:00,3493.1658281901946,3551.3852586600315,3454.352874543637,3488.314208984375,301652,0.0,0.0
2022-11-17 00:00:00+09:00,3507.720685807654,3507.720685807654,3439.7980169261778,3488.314208984375,151395,0.0,0.0
2022-11-18 00:00:00+09:00,3454.3528966769363,3502.8690890459948,3396.133465834067,3444.649658203125,176998,0.0,0.0
2022-11-21 00:00:00+09:00,3420.391536915796,3439.798013720992,3202.068672857341,3279.694580078125,251905,0.0,0.0
2022-11-22 00:00:00+09:00,3279.694677005597,3289.3979156949626,3221.475244869403,3250.5849609375,114301,0.0,0.0
2022-11-23 00:00:00+09:00,3279.6945973115808,3308.8043126723346,3255.4365011776194,3299.10107421875,88701,0.0,0.0
2022-11-24 00:00:00+09:00,3318.507359541223,3420.391357421875,3318.507359541223,3420.391357421875,226784,0.0,0.0
2022-11-25 00:00:00+09:00,3449.501473588042,3449.501473588042,3347.6174638196185,3386.430419921875,74985,0.0,0.0
2022-11-28 00:00:00+09:00,3371.8753974382266,3371.8753974382266,3289.3978697311045,3337.9140625,99614,0.0,0.0
2022-11-29 00:00:00+09:00,3303.952816574865,3376.727107688849,3289.3979583520686,3371.87548828125,62572,0.0,0.0
2022-11-30 00:00:00+09:00,3371.875414545136,3376.72703384664,3318.507602228595,3357.320556640625,76462,0.0,0.0
2022-12-01 00:00:00+09:00,3425.2431640625,3464.0561177629247,3396.1334487871814,3425.2431640625,222789,0.0,0.0
2022-12-02 00:00:00+09:00,3425.2430718548817,3425.2430718548817,3371.8752619534603,3391.28173828125,74530,0.0,0.0
2022-12-05 00:00:00+09:00,3362.172119140625,3410.688311336017,3333.0624038233905,3362.172119140625,92940,0.0,0.0
2022-12-06 00:00:00+09:00,3357.32063754353,3357.32063754353,3289.397965685713,3308.804443359375,83474,0.0,0.0
2022-12-07 00:00:00+09:00,3236.030096498101,3337.914102534773,3221.4752384928624,3313.656005859375,85241,0.0,0.0
2022-12-08 00:00:00+09:00,3284.5463703943396,3337.91418438893,3192.36560076732,3265.139892578125,111415,0.0,0.0
2022-12-09 00:00:00+09:00,3269.991488012051,3333.0625404514526,3250.585010338389,3308.804443359375,94323,0.0,0.0
2022-12-12 00:00:00+09:00,3308.804295285919,3308.804295285919,3206.92029205864,3279.694580078125,69293,0.0,0.0
2022-12-13 00:00:00+09:00,3269.9913242885045,3289.397800990513,3216.62351335798,3260.2880859375,76090,0.0,0.0
2022-12-14 00:00:00+09:00,3245.7333515283844,3367.0238355167394,3245.7333515283844,3333.0625,119293,0.0,0.0
2022-12-15 00:00:00+09:00,3308.804500361371,3376.727173389317,3274.843163847398,3303.952880859375,107745,0.0,0.0
2022-12-16 00:00:00+09:00,3236.030159578195,3260.2882567264573,3182.662345852018,3245.7333984375,76756,0.0,0.0
2022-12-19 00:00:00+09:00,3226.3266989968038,3226.3266989968038,3158.4040316495025,3202.068603515625,82251,0.0,0.0
2022-12-20 00:00:00+09:00,3158.4040565610308,3177.81053309904,3051.668435601979,3095.3330078125,132032,0.0,0.0
2022-12-21 00:00:00+09:00,3095.3330471526956,3143.849239114337,3071.074951171875,3071.074951171875,66847,0.0,0.0
2022-12-22 00:00:00+09:00,3105.0361712598424,3109.8877902774357,3075.9264571542813,3080.778076171875,53671,0.0,0.0
2022-12-23 00:00:00+09:00,3032.2620302538407,3041.965268750653,2901.268310546875,2901.268310546875,262527,0.0,0.0
2022-12-26 00:00:00+09:00,2906.1200763626607,2944.933032307404,2877.010359404103,2930.378173828125,174005,0.0,0.0
2022-12-27 00:00:00+09:00,2935.2295102274475,2983.745700479141,2910.971415101601,2954.635986328125,114048,0.0,0.0
2022-12-28 00:00:00+09:00,2994.097130852777,3003.96236027898,2885.5796071645377,2920.10791015625,156064,50.0,0.0
2022-12-29 00:00:00+09:00,2910.242619044344,2910.242619044344,2791.8598684391504,2801.72509765625,134521,0.0,0.0
2023-01-02 00:00:00+09:00,2781.9945861370893,2821.455502252509,2678.4096813341125,2703.07275390625,139004,0.0,0.0
2023-01-03 00:00:00+09:00,2634.016215360954,2841.186030052265,2614.2857568189243,2831.32080078125,256076,0.0,0.0
2023-01-04 00:00:00+09:00,2806.657769372621,2925.04052238658,2772.1294664102156,2915.17529296875,126438,0.0,0.0
2023-01-05 00:00:00+09:00,2959.568812659983,2959.568812659983,2816.5229867147505,2890.51220703125,81620,0.0,0.0
2023-01-06 00:00:00+09:00,2806.6575907788247,3043.4230817408343,2801.7249763837826,3018.760009765625,327024,0.0,0.0
2023-01-09 00:00:00+09:00,3038.490508497807,3112.479725425513,3038.490508497807,3092.749267578125,197023,0.0,0.0
2023-01-10 00:00:00+09:00,3102.6145127523946,3151.9406576292213,3073.0188258262983,3122.344970703125,92576,0.0,0.0
2023-01-11 00:00:00+09:00,3181.5363742994223,3235.7951341711955,3122.3449998938518,3176.603759765625,105016,0.0,0.0
2023-01-12 00:00:00+09:00,3235.7951449170523,3235.7951449170523,3147.0080830138404,3196.334228515625,113633,0.0,0.0
2023-01-13 00:00:00+09:00,3171.6711531437163,3220.9972986047383,3166.738538597614,3191.401611328125,87801,0.0,0.0
2023-01-16 00:00:00+09:00,3161.805900167148,3196.334201729036,3122.3449840964195,3147.008056640625,106985,0.0,0.0
2023-01-17 00:00:00+09:00,3137.142819574311,3171.6711210476133,3127.277590581939,3132.210205078125,76786,0.0,0.0
2023-01-18 00:00:00+09:00,3112.479744414802,3186.468961793918,3082.884057463156,3127.277587890625,107705,0.0,0.0
2023-01-19 00:00:00+09:00,3097.681947673025,3235.7951555310583,3092.749333106667,3216.064697265625,141045,0.0,0.0
2023-01-20 00:00:00+09:00,3191.401662572034,3507.088998591524,3191.401662572034,3290.053955078125,963065,0.0,0.0
2023-01-25 00:00:00+09:00,3334.4475346779336,3408.4367551219707,3309.784461196588,3383.773681640625,951582,0.0,0.0
2023-01-26 00:00:00+09:00,3408.436750088519,3408.436750088519,3334.4475297537465,3373.908447265625,111738,0.0,0.0
2023-01-27 00:00:00+09:00,3393.6388831018517,3393.6388831018517,3309.78443395544,3329.514892578125,126624,0.0,0.0
2023-01-30 00:00:00+09:00,3349.2453409527525,3368.9757995150662,3309.784423828125,3309.784423828125,80339,0.0,0.0
2023-01-31 00:00:00+09:00,3304.851806640625,3349.2453383716183,3270.323504183186,3304.851806640625,71329,0.0,0.0
2023-02-01 00:00:00+09:00,3324.5822779224536,3349.24535120081,3294.9865899884257,3329.514892578125,93966,0.0,0.0
2023-02-02 00:00:00+09:00,3364.0432178876554,3462.695511667352,3364.0432178876554,3373.908447265625,160564,0.0,0.0
2023-02-03 00:00:00+09:00,3364.043210381103,3398.5715131269503,3344.3127516691907,3359.110595703125,78687,0.0,0.0
2023-02-06 00:00:00+09:00,3339.3801090980646,3339.3801090980646,3255.5256602728546,3304.851806640625,121827,0.0,0.0
2023-02-07 00:00:00+09:00,3304.851846500319,3398.5715257294323,3270.323543626435,3383.773681640625,135781,0.0,0.0
2023-02-08 00:00:00+09:00,3428.16724367333,3482.4260058034115,3368.9758668041504,3442.965087890625,269657,0.0,0.0
2023-02-09 00:00:00+09:00,3438.0324633155847,3438.0324633155847,3383.773701340733,3423.234619140625,96640,0.0,0.0
2023-02-10 00:00:00+09:00,3388.7062812356385,3403.5041252585015,3334.447519818474,3354.177978515625,146098,0.0,0.0
2023-02-13 00:00:00+09:00,3344.312741616276,3344.312741616276,3299.9192096479183,3339.380126953125,107867,0.0,0.0
2023-02-14 00:00:00+09:00,3344.312561383929,3497.223607700893,3344.312561383929,3452.830078125,290949,0.0,0.0
2023-02-15 00:00:00+09:00,3502.1564471497377,3502.1564471497377,3378.841079292353,3408.436767578125,211435,0.0,0.0
2023-02-16 00:00:00+09:00,3408.436545790862,3482.425761690808,3398.5713170042022,3447.8974609375,105417,0.0,0.0
2023-02-17 00:00:00+09:00,3428.1672214458226,3438.032450860055,3354.1780008390783,3398.571533203125,140177,0.0,0.0
2023-02-20 00:00:00+09:00,3368.97586199881,3477.493386104189,3319.6497146781835,3433.099853515625,134506,0.0,0.0
2023-02-21 00:00:00+09:00,3462.6953235658643,3482.42578125,3403.5039505134564,3482.42578125,145828,0.0,0.0
2023-02-22 00:00:00+09:00,3442.9650655671717,3472.5607538098693,3354.1780008390783,3398.571533203125,119419,0.0,0.0
2023-02-23 00:00:00+09:00,3408.436545790862,3516.9540624441165,3364.043016250894,3447.8974609375,225470,0.0,0.0
2023-02-24 00:00:00+09:00,3447.897697711813,3492.2912303003773,3413.3693945873742,3433.099853515625,110205,0.0,0.0
2023-02-27 00:00:00+09:00,3388.706265865518,3388.706265865518,3314.717046086795,3324.582275390625,157221,0.0,0.0
2023-02-28 00:00:00+09:00,3334.447537129276,3408.4367576277064,3329.5149224293805,3388.706298828125,80080,0.0,0.0
2023-03-02 00:00:00+09:00,3388.7062735846334,3418.3019615635385,3324.5822829636727,3339.380126953125,104822,0.0,0.0
2023-03-03 00:00:00+09:00,3344.312768980514,3408.4367601261583,3339.380154277003,3393.638916015625,98133,0.0,0.0
2023-03-06 00:00:00+09:00,3403.5040030991736,3590.9433539944903,3373.9083161157023,3581.078125,385279,0.0,0.0
2023-03-07 00:00:00+09:00,3551.4823774857955,3571.212835138494,3438.0322459827767,3472.560546875,197651,0.0,0.0
2023-03-08 00:00:00+09:00,3467.628121205439,3467.628121205439,3364.043212890625,3364.043212890625,131007,0.0,0.0
2023-03-09 00:00:00+09:00,3373.9084321418695,3447.897652144981,3329.5149001400027,3344.312744140625,513238,0.0,0.0
2023-03-10 00:00:00+09:00,3364.0430659397393,3423.234439533987,3097.681884765625,3097.681884765625,861970,0.0,0.0
2023-03-13 00:00:00+09:00,3077.951407759662,3087.8166366306864,2939.838203565318,3063.153564453125,371625,0.0,0.0
2023-03-14 00:00:00+09:00,3023.6927381630894,3023.6927381630894,2752.3989362071843,2772.12939453125,830057,0.0,0.0
2023-03-15 00:00:00+09:00,2841.1860092756183,2860.916467673366,2791.85986328125,2791.85986328125,396451,0.0,0.0
2023-03-16 00:00:00+09:00,2732.668510529891,2865.8491058084237,2722.80328125,2836.25341796875,154628,0.0,0.0
2023-03-17 00:00:00+09:00,2875.7143969726562,3003.962380371094,2875.7143969726562,2959.56884765625,279277,0.0,0.0
2023-03-20 00:00:00+09:00,2959.568810096154,2989.1644981971153,2865.8491311097755,2885.57958984375,214640,0.0,0.0
2023-03-21 00:00:00+09:00,2880.646941925262,2895.4447858050153,2767.196805513822,2821.45556640625,186535,0.0,0.0
2023-03-22 00:00:00+09:00,2841.186022329247,2841.186022329247,2762.264188375657,2816.52294921875,155012,0.0,0.0
2023-03-23 00:00:00+09:00,2811.59033203125,2816.5229466488486,2772.1294150904605,2811.59033203125,182937,0.0,0.0
2023-03-24 00:00:00+09:00,2836.2533029636,3102.614482720182,2831.3206885236636,3068.086181640625,621200,0.0,0.0
2023-03-27 00:00:00+09:00,3063.1537698540806,3063.1537698540806,2939.838400697314,2984.23193359375,210796,0.0,0.0
2023-03-28 00:00:00+09:00,2984.231717241489,3043.4230901454525,2929.9729587461893,3033.557861328125,122339,0.0,0.0
2023-03-29 00:00:00+09:00,3058.220963645667,3117.412337135583,3003.962204613244,3087.816650390625,249237,0.0,0.0
2023-03-30 00:00:00+09:00,3181.5364157936788,3482.4259062795927,3156.8733428030305,3255.525634765625,2589397,0.0,0.0
2023-03-31 00:00:00+09:00,3294.9864974975585,3344.3126426696776,3107.547145843506,3156.873291015625,485609,0.0,0.0
2023-04-03 00:00:00+09:00,3156.873255582137,3161.805870043984,3063.153580807042,3092.749267578125,293095,0.0,0.0
2023-04-04 00:00:00+09:00,3082.884019420993,3102.6144771452873,3033.557875110257,3058.220947265625,221998,0.0,0.0
2023-04-05 00:00:00+09:00,3028.6252795741125,3107.547110963666,3023.692665112266,3092.749267578125,189641,0.0,0.0
2023-04-06 00:00:00+09:00,3048.3556961358763,3053.2883105309184,2959.568637025123,3018.760009765625,226678,0.0,0.0
2023-04-07 00:00:00+09:00,3053.2883572479877,3166.738490069803,3033.557899365933,3102.614501953125,575616,0.0,0.0
2023-04-10 00:00:00+09:00,3102.6144602026925,3206.1993626895865,3018.760015332349,3028.625244140625,209221,0.0,0.0
2023-04-11 00:00:00+09:00,3038.4905374461205,3171.6711291848305,3038.4905374461205,3147.008056640625,486463,0.0,0.0
2023-04-12 00:00:00+09:00,3151.940663062869,3166.7385065514272,3087.8166746124507,3132.210205078125,185810,0.0,0.0
2023-04-13 00:00:00+09:00,3127.277549300655,3127.277549300655,3053.2883328345515,3058.220947265625,296927,0.0,0.0
2023-04-14 00:00:00+09:00,3107.5470774580795,3107.5470774580795,3028.6252469194615,3033.557861328125,194955,0.0,0.0
2023-04-17 00:00:00+09:00,3008.894997595154,3033.558071345934,2944.771005843126,2964.50146484375,237297,0.0,0.0
2023-04-18 00:00:00+09:00,2964.501462402344,2974.366691894531,2915.175314941406,2959.56884765625,193544,0.0,0.0
2023-04-19 00:00:00+09:00,2944.771000984714,2994.0971484048937,2925.0405420166426,2954.63623046875,249158,0.0,0.0
2023-04-20 00:00:00+09:00,2964.5014196170137,2979.299263641724,2846.118667419329,2875.71435546875,359879,0.0,0.0
2023-04-21 00:00:00+09:00,2851.051284581015,2910.2426607314856,2811.5903671473675,2880.64697265625,168950,0.0,0.0
2023-04-24 00:00:00+09:00,2860.9164782072367,2865.849092824835,2781.9946443256576,2811.59033203125,192730,0.0,0.0
2023-04-25 00:00:00+09:00,2811.5903216789975,2816.5229362784344,2752.3989464857555,2791.85986328125,163812,0.0,0.0
2023-04-26 00:00:00+09:00,2781.9946619096618,2860.9164962900777,2722.80328612435,2846.11865234375,123856,0.0,0.0
2023-04-27 00:00:00+09:00,2846.118659920528,2860.91650390625,2801.725127963362,2860.91650390625,97438,0.0,0.0
2023-04-28 00:00:00+09:00,2895.4448065396014,2895.4448065396014,2816.522971949084,2860.91650390625,77403,0.0,0.0
2023-05-02 00:00:00+09:00,2860.9165064274957,2880.646965092513,2831.32081842997,2865.84912109375,63238,0.0,0.0
2023-05-03 00:00:00+09:00,2841.1860626064736,2915.1752829868506,2826.3882185303983,2895.44482421875,112178,0.0,0.0
2023-05-04 00:00:00+09:00,2811.5903138182725,2836.253386746503,2752.3989387905194,2777.06201171875,240609,0.0,0.0
2023-05-08 00:00:00+09:00,2791.859865864749,2826.388168092758,2772.1294074487437,2796.79248046875,119698,0.0,0.0
2023-05-09 00:00:00+09:00,2747.4663112189182,2777.06199859291,2722.803238407258,2752.39892578125,159478,0.0,0.0
2023-05-10 00:00:00+09:00,2752.3989387905194,2777.06201171875,2742.5337096192275,2777.06201171875,54554,0.0,0.0
2023-05-11 00:00:00+09:00,2777.062029708059,2846.1186343544405,2777.062029708059,2811.59033203125,63542,0.0,0.0
2023-05-12 00:00:00+09:00,2831.3207826967596,2831.3207826967596,2757.3315636367397,2796.79248046875,74395,0.0,0.0
2023-05-15 00:00:00+09:00,2786.927214306905,2796.792443384098,2688.2749235349797,2727.73583984375,153086,0.0,0.0
2023-05-16 00:00:00+09:00,2732.668440992815,2767.196742593807,2663.61183779083,2703.07275390625,113047,0.0,0.0
2023-05-17 00:00:00+09:00,2673.47705884461,2703.0727458428896,2668.544444344897,2688.27490234375,94914,0.0,0.0
2023-05-18 00:00:00+09:00,2717.870631580047,2777.062006496491,2698.1401732745658,2767.19677734375,113189,0.0,0.0
2023-05-19 00:00:00+09:00,2772.1294734453913,2934.905759252683,2772.1294734453913,2929.97314453125,321790,0.0,0.0
2023-05-22 00:00:00+09:00,2920.107915088384,2974.3666770241475,2885.579612038352,2929.97314453125,147207,0.0,0.0
2023-05-23 00:00:00+09:00,2959.56882282839,2959.56882282839,2880.646987552966,2910.24267578125,149379,0.0,0.0
2023-05-24 00:00:00+09:00,2895.44482421875,2915.1752829868506,2860.916521374574,2895.44482421875,63890,0.0,0.0
2023-05-25 00:00:00+09:00,2944.77099609375,3023.692831834956,2905.310078223147,2944.77099609375,275973,0.0,0.0
2023-05-26 00:00:00+09:00,2989.164526203335,3003.9623703924603,2910.242690527999,2939.83837890625,163261,0.0,0.0
2023-05-30 00:00:00+09:00,2959.5688597623966,3013.827622191374,2949.703630229855,2984.23193359375,283780,0.0,0.0
2023-05-31 00:00:00+09:00,3003.9623703924603,3028.6254440410025,2929.9731494468333,2939.83837890625,235948,0.0,0.0
2023-06-01 00:00:00+09:00,2925.0405420166426,2959.568845210768,2885.579624080499,2954.63623046875,83370,0.0,0.0
2023-06-02 00:00:00+09:00,2974.366689436822,2979.29930417884,2929.9731567586605,2954.63623046875,116341,0.0,0.0
2023-06-05 00:00:00+09:00,2994.0971384256827,2994.0971384256827,2915.175302816439,2934.90576171875,79985,0.0,0.0
2023-06-07 00:00:00+09:00,2920.1079126264754,2949.7036009301223,2900.3774537573777,2925.04052734375,69013,0.0,0.0
2023-06-08 00:00:00+09:00,2929.9731168926887,2929.9731168926887,2860.9165114440398,2875.71435546875,79799,0.0,0.0
2023-06-09 00:00:00+09:00,2915.1752979092007,2934.905756778299,2880.6469948882796,2925.04052734375,76205,0.0,0.0
2023-06-12 00:00:00+09:00,2944.77097619774,2944.77097619774,2885.579599791755,2905.31005859375,31922,0.0,0.0
2023-06-13 00:00:00+09:00,2905.3100709240844,2964.5014475812814,2905.3100709240844,2929.97314453125,65865,0.0,0.0
2023-06-14 00:00:00+09:00,2929.9731295838646,2929.9731295838646,2851.0512944435586,2900.37744140625,124529,0.0,0.0
2023-06-15 00:00:00+09:00,2895.444691651946,3127.277571562749,2895.444691651946,3097.681884765625,1197724,0.0,0.0
2023-06-16 00:00:00+09:00,3097.6818514737215,3132.2101523659444,3038.490478515625,3038.490478515625,309984,0.0,0.0
2023-06-19 00:00:00+09:00,3068.086167791481,3092.7492398798368,3013.827409197098,3043.423095703125,183536,0.0,0.0
2023-06-20 00:00:00+09:00,3043.423084551514,3043.423084551514,2939.8381821599714,3023.692626953125,257270,0.0,0.0
2023-06-21 00:00:00+09:00,3063.153764867071,3063.153764867071,2949.70362542755,2974.36669921875,127563,0.0,0.0
2023-06-22 00:00:00+09:00,2939.838373974116,3008.8949800741793,2929.97314453125,2929.97314453125,127529,0.0,0.0
2023-06-23 00:00:00+09:00,2959.568820299236,2994.097123202727,2875.7143703907577,2905.31005859375,118766,0.0,0.0
2023-06-26 00:00:00+09:00,2910.2426856455177,2934.905759252683,2860.916538431187,2929.97314453125,68396,0.0,0.0
2023-06-27 00:00:00+09:00,2900.3774537573777,2925.04052734375,2870.7817654537307,2925.04052734375,75806,0.0,0.0
2023-06-28 00:00:00+09:00,2934.9057641765417,2959.568837825084,2890.512231609165,2939.83837890625,67294,0.0,0.0
2023-06-29 00:00:00+09:00,2915.175319734998,2999.0297705564785,2900.3774754723836,2969.43408203125,150899,0.0,0.0
2023-06-30 00:00:00+09:00,2954.6362230953755,2954.6362230953755,2885.579616879457,2939.83837890625,67906,0.0,0.0
2023-07-03 00:00:00+09:00,2954.63624259494,3018.760234504346,2954.63624259494,2979.29931640625,157626,0.0,0.0
2023-07-04 00:00:00+09:00,2954.636017145876,3018.7600041623973,2954.636017145876,3008.894775390625,85542,0.0,0.0
2023-07-05 00:00:00+09:00,2994.0971631262914,3033.5580812564567,2954.636244996126,2984.23193359375,117338,0.0,0.0
2023-07-06 00:00:00+09:00,2959.56882282839,3003.9623551708155,2865.8491434388243,2910.24267578125,152355,0.0,0.0
2023-07-07 00:00:00+09:00,2885.5796071645377,2920.10791015625,2811.5903864680113,2920.10791015625,99641,0.0,0.0
2023-07-10 00:00:00+09:00,2880.6469600064765,2920.1078772668393,2831.3208134310235,2855.98388671875,90144,0.0,0.0
2023-07-12 00:00:00+09:00,2860.9165189046503,2895.4448217190165,2841.1860601535836,2890.51220703125,69958,0.0,0.0
2023-07-13 00:00:00+09:00,2895.4448365907415,2954.6362131479627,2895.4448365907415,2920.10791015625,149141,0.0,0.0
2023-07-14 00:00:00+09:00,2925.0404330679085,3216.0646920072113,2925.0404330679085,3206.199462890625,1672432,0.0,0.0
2023-07-17 00:00:00+09:00,3206.199513905084,3314.717035914179,3151.9407529005366,3304.851806640625,775446,0.0,0.0
2023-07-18 00:00:00+09:00,3339.3801142374678,3368.9758021036787,3220.997362772624,3314.717041015625,617940,0.0,0.0
2023-07-19 00:00:00+09:00,3334.4474788803655,3334.4474788803655,3132.210279717503,3275.256103515625,443336,0.0,0.0
2023-07-20 00:00:00+09:00,3211.1321033824574,3294.9865515506626,3137.142884410511,3255.525634765625,202981,0.0,0.0
2023-07-21 00:00:00+09:00,3240.727762137062,3240.727762137062,3107.547169172525,3201.266845703125,189719,0.0,0.0
2023-07-24 00:00:00+09:00,3201.266802506048,3201.266802506048,3063.1535968509334,3122.344970703125,191580,0.0,0.0
2023-07-25 00:00:00+09:00,3087.8165939885002,3161.805809499407,2989.164306640625,2989.164306640625,181245,0.0,0.0
2023-07-26 00:00:00+09:00,3028.6254541015624,3058.2211425781247,2905.3100854492186,2959.56884765625,287149,0.0,0.0
2023-07-27 00:00:00+09:00,2989.164371744792,3127.2775770399307,2944.7708414713543,3107.547119140625,224787,0.0,0.0
2023-07-28 00:00:00+09:00,3117.4123480902776,3122.344962565104,3028.625287543403,3107.547119140625,102584,0.0,0.0
2023-07-31 00:00:00+09:00,3156.8732387278583,3156.8732387278583,3058.2209500176127,3063.153564453125,97615,0.0,0.0
2023-08-01 00:00:00+09:00,3092.749242690003,3092.749242690003,2994.0969542469406,3048.355712890625,130808,0.0,0.0
2023-08-02 00:00:00+09:00,3018.7602196122493,3058.221137515677,2925.0405395916073,2949.70361328125,194368,0.0,0.0
2023-08-03 00:00:00+09:00,2949.703598434861,2959.568827861064,2870.7817630252325,2920.10791015625,158008,0.0,0.0
2023-08-04 00:00:00+09:00,2925.0405444335934,2999.029765625,2905.3100854492186,2959.56884765625,108778,0.0,0.0
2023-08-07 00:00:00+09:00,2939.838383805393,3033.558063826035,2851.0513185226796,2949.70361328125,178438,0.0,0.0
2023-08-08 00:00:00+09:00,2954.636205598737,2974.366664400732,2875.7143703907577,2905.31005859375,90923,0.0,0.0
2023-08-09 00:00:00+09:00,2870.7817482801834,2925.0405098456163,2870.7817482801834,2890.51220703125,54403,0.0,0.0
2023-08-10 00:00:00+09:00,2860.9165064274957,2900.3774237575303,2836.2534330962244,2865.84912109375,88992,0.0,0.0
2023-08-11 00:00:00+09:00,2885.579582293009,2885.579582293009,2846.118664928318,2870.78173828125,70616,0.0,0.0
2023-08-14 00:00:00+09:00,2860.9164782072367,2860.9164782072367,2796.792488178454,2811.59033203125,124027,0.0,0.0
2023-08-16 00:00:00+09:00,2772.129397133104,2880.646918017318,2752.3989387905194,2777.06201171875,159251,0.0,0.0
2023-08-17 00:00:00+09:00,2742.533714740044,2786.92724609375,2693.207568791482,2786.92724609375,145736,0.0,0.0
2023-08-18 00:00:00+09:00,2698.1401604302496,2811.590295146695,2698.1401604302496,2742.53369140625,108253,0.0,0.0
2023-08-21 00:00:00+09:00,2722.8032435825894,2772.129389299665,2717.8706290108817,2762.26416015625,34742,0.0,0.0
2023-08-22 00:00:00+09:00,2781.994602465027,2816.522904268671,2732.66845703125,2732.66845703125,122223,0.0,0.0
2023-08-23 00:00:00+09:00,2752.39892578125,2777.06199859291,2722.803238407258,2752.39892578125,75408,0.0,0.0
2023-08-24 00:00:00+09:00,2801.72509765625,2816.522941481899,2762.264180787852,2801.72509765625,87657,0.0,0.0
2023-08-25 00:00:00+09:00,2752.3989152047607,2781.994602465027,2712.937998857739,2732.66845703125,109373,0.0,0.0
2023-08-28 00:00:00+09:00,2727.7358581542967,2786.927233014788,2698.140170724051,2762.26416015625,80391,0.0,0.0
2023-08-29 00:00:00+09:00,2737.601087297712,2777.062003871373,2727.7358581542967,2762.26416015625,63493,0.0,0.0
2023-08-30 00:00:00+09:00,2781.994646864054,2816.52294921875,2752.398959131458,2816.52294921875,100973,0.0,0.0
2023-08-31 00:00:00+09:00,2801.7250820173485,2821.4555403414147,2742.533707045151,2772.12939453125,110449,0.0,0.0
2023-09-01 00:00:00+09:00,2762.26422275641,3087.816791866987,2762.26422275641,2885.57958984375,832753,0.0,0.0
2023-09-04 00:00:00+09:00,2929.973114328286,2929.973114328286,2801.725132893041,2870.78173828125,136041,0.0,0.0
2023-09-05 00:00:00+09:00,2900.3774237575303,2900.3774237575303,2811.5903597649526,2865.84912109375,68028,0.0,0.0
2023-09-06 00:00:00+09:00,2860.916475587654,2895.444777879229,2781.9946417783394,2806.65771484375,94718,0.0,0.0
2023-09-07 00:00:00+09:00,2806.6576913016183,2816.5229204450334,2604.420493861607,2762.26416015625,142719,0.0,0.0
2023-09-08 00:00:00+09:00,2791.859844937947,2791.859844937947,2712.9380118654963,2757.33154296875,119580,0.0,0.0
2023-09-11 00:00:00+09:00,2757.3315324113178,2757.3315324113178,2703.0727723817567,2737.60107421875,119835,0.0,0.0
2023-09-12 00:00:00+09:00,2727.7358345267126,2752.3989071716196,2678.409689236899,2717.87060546875,100595,0.0,0.0
2023-09-13 00:00:00+09:00,2717.8706212480365,2786.9272250547015,2717.8706212480365,2747.46630859375,82161,0.0,0.0
2023-09-14 00:00:00+09:00,2747.466334428737,2836.2533973007608,2742.5337198247357,2796.79248046875,75362,0.0,0.0
2023-09-15 00:00:00+09:00,2772.1294150904605,2811.59033203125,2772.1294150904605,2811.59033203125,42558,0.0,0.0
2023-09-18 00:00:00+09:00,2777.0619932764725,2791.8598369351394,2722.8032331946943,2742.53369140625,76837,0.0,0.0
2023-09-19 00:00:00+09:00,2732.6685080711018,2915.175249584876,2732.6685080711018,2831.32080078125,143717,0.0,0.0
2023-09-20 00:00:00+09:00,2846.118618579621,2846.118618579621,2757.3315559549533,2781.99462890625,88900,0.0,0.0
2023-09-21 00:00:00+09:00,2757.3315025778375,2757.3315025778375,2683.34228515625,2683.34228515625,97065,0.0,0.0
2023-09-22 00:00:00+09:00,2653.7466087619755,2786.927200651517,2629.083536189838,2703.07275390625,60053,0.0,0.0
2023-09-25 00:00:00+09:00,2698.1401393918227,2722.8032119639597,2663.61183779083,2703.07275390625,39185,0.0,0.0
2023-09-26 00:00:00+09:00,2688.274880521124,2712.937952819483,2624.150892545391,2648.81396484375,84959,0.0,0.0
2023-09-27 00:00:00+09:00,2624.150931980299,2722.80322265625,2619.2183174465013,2722.80322265625,17720,0.0,0.0
2023-10-04 00:00:00+09:00,2722.803190104167,2722.803190104167,2629.0835150824655,2663.61181640625,53374,0.0,0.0
2023-10-05 00:00:00+09:00,2663.6118244993095,2698.140125928004,2604.420450621547,2678.40966796875,54673,0.0,0.0
2023-10-06 00:00:00+09:00,2678.4096813341125,2703.07275390625,2614.2856926465556,2703.07275390625,45327,0.0,0.0
2023-10-10 00:00:00+09:00,2683.342277033272,2786.927181109924,2668.54443359375,2668.54443359375,75250,0.0,0.0
2023-10-11 00:00:00+09:00,2678.4097073462704,2762.264154905914,2678.4097073462704,2752.39892578125,32645,0.0,0.0
2023-10-12 00:00:00+09:00,2752.398941364694,2791.8598580867683,2737.601097593916,2781.99462890625,48131,0.0,0.0
2023-10-13 00:00:00+09:00,2777.0620091122664,2796.792467436332,2712.9380195590525,2772.12939453125,42456,0.0,0.0
2023-10-16 00:00:00+09:00,2767.1967561525203,2767.1967561525203,2698.140152612172,2727.73583984375,33614,0.0,0.0
2023-10-17 00:00:00+09:00,2727.735886020961,2816.52294921875,2712.938042154663,2816.52294921875,92574,0.0,0.0
2023-10-18 00:00:00+09:00,2796.792495807428,2880.6469445353405,2742.5337348658377,2826.38818359375,89876,0.0,0.0
2023-10-19 00:00:00+09:00,2747.466289950284,2781.9945916193183,2663.611843039773,2712.93798828125,135976,0.0,0.0
2023-10-20 00:00:00+09:00,2673.477028836025,2683.342257724719,2550.1616677273523,2634.01611328125,186601,0.0,0.0
2023-10-23 00:00:00+09:00,2584.6899070739746,2663.6117362976074,2525.49853515625,2525.49853515625,112908,0.0,0.0
2023-10-24 00:00:00+09:00,2530.4311830942866,2584.68994140625,2471.239810390327,2584.68994140625,53974,0.0,0.0
2023-10-25 00:00:00+09:00,2599.48779296875,2619.2182506003915,2560.0268777054675,2599.48779296875,46903,0.0,0.0
2023-10-26 00:00:00+09:00,2495.903083366589,2525.498772102161,2461.374779841755,2510.700927734375,165241,0.0,0.0
2023-10-27 00:00:00+09:00,2525.498729674797,2525.498729674797,2377.520288482914,2426.846435546875,152089,0.0,0.0
2023-10-30 00:00:00+09:00,2392.3181423064198,2446.576904296875,2387.385527580015,2446.576904296875,51670,0.0,0.0
2023-10-31 00:00:00+09:00,2481.1051634467967,2481.1051634467967,2347.924568192197,2362.722412109375,121717,0.0,0.0
2023-11-01 00:00:00+09:00,2416.9812061340826,2426.846435546875,2362.722444363726,2426.846435546875,58051,0.0,0.0
2023-11-02 00:00:00+09:00,2466.3071632385254,2530.431149482727,2466.3071632385254,2525.49853515625,80923,0.0,0.0
2023-11-03 00:00:00+09:00,2525.4985604606527,2574.82470421965,2505.7681029570535,2569.89208984375,56202,0.0,0.0
2023-11-06 00:00:00+09:00,2545.2290179642514,2589.6225473473487,2495.902874205254,2569.89208984375,84539,0.0,0.0
2023-11-07 00:00:00+09:00,2555.0942467160507,2589.6225473473487,2515.6333317088533,2569.89208984375,48883,0.0,0.0
2023-11-08 00:00:00+09:00,2584.689927294075,2584.689927294075,2505.768097453035,2560.02685546875,54720,0.0,0.0
2023-11-09 00:00:00+09:00,2560.027063278925,2560.027063278925,2476.172612265935,2486.037841796875,36780,0.0,0.0
2023-11-10 00:00:00+09:00,2525.4987524950097,2525.4987524950097,2402.1833837208396,2471.239990234375,80920,0.0,0.0
2023-11-13 00:00:00+09:00,2490.9704467773436,2490.9704467773436,2407.11599609375,2466.307373046875,63175,0.0,0.0
2023-11-14 00:00:00+09:00,2461.3747655667557,2481.105224609375,2431.779077002827,2481.105224609375,50101,0.0,0.0
2023-11-15 00:00:00+09:00,2495.9030881161325,2530.431391706672,2490.9704733174844,2520.566162109375,45945,0.0,0.0
2023-11-16 00:00:00+09:00,2500.835702914781,2520.566162109375,2486.037858518836,2520.566162109375,21377,0.0,0.0
2023-11-17 00:00:00+09:00,2525.498772102161,2530.4313868914232,2490.970468577327,2510.700927734375,22486,0.0,0.0
2023-11-20 00:00:00+09:00,2510.700692176819,2535.363763809204,2505.768077850342,2525.49853515625,26112,0.0,0.0
2023-11-21 00:00:00+09:00,2530.431391706672,2535.3640065053205,2505.7683177134295,2520.566162109375,25233,0.0,0.0
2023-11-22 00:00:00+09:00,2500.8356909469185,2510.700920497005,2466.3073875216155,2495.903076171875,61060,0.0,0.0
2023-11-23 00:00:00+09:00,2446.5767567090393,2648.813948291843,2426.846298993644,2619.21826171875,344129,0.0,0.0
2023-11-24 00:00:00+09:00,2550.1617114833825,3176.60375666402,2486.0377226066244,2717.87060546875,10150030,0.0,0.0
2023-11-27 00:00:00+09:00,3127.2777490234375,3438.0324780273436,2959.56884765625,2959.56884765625,16950490,0.0,0.0
2023-11-28 00:00:00+09:00,2860.9165479985368,3191.401735439747,2860.9165479985368,2949.70361328125,3172642,0.0,0.0
2023-11-29 00:00:00+09:00,2949.703494080583,2964.501337696372,2703.0727671507684,2727.73583984375,1303269,0.0,0.0
2023-11-30 00:00:00+09:00,2683.342308996383,2762.264141613924,2658.679236303402,2727.73583984375,956656,0.0,0.0
2023-12-01 00:00:00+09:00,2762.2642008463545,2910.242640177409,2698.140210469564,2841.18603515625,1556786,0.0,0.0
2023-12-04 00:00:00+09:00,2905.3098999023437,3102.6144771452873,2860.9163700226813,3058.220947265625,2666364,0.0,0.0
2023-12-05 00:00:00+09:00,3043.423157119751,3245.6603523254394,2969.4339393615724,3156.873291015625,2729317,0.0,0.0
2023-12-06 00:00:00+09:00,3186.468994140625,3255.525597728812,3043.4231724222377,3186.468994140625,1381105,0.0,0.0
2023-12-07 00:00:00+09:00,3206.1995689315027,3748.7871882891413,3112.479889224274,3418.302001953125,10936700,0.0,0.0
2023-12-08 00:00:00+09:00,3452.830309970773,3521.8869161701887,3334.4475564860613,3428.167236328125,2211118,0.0,0.0
2023-12-11 00:00:00+09:00,3447.8976129617413,4034.8787516490765,3447.8976129617413,3738.921875,9984244,0.0,0.0
2023-12-12 00:00:00+09:00,3694.52839311536,4000.3505030928663,3630.404402313625,3837.57421875,3467418,0.0,0.0
2023-12-13 00:00:00+09:00,3842.5067949807503,3916.4960143962976,3738.9218877989842,3763.5849609375,1583830,0.0,0.0
2023-12-14 00:00:00+09:00,3778.3828073871073,3911.5634024255564,3625.471753824444,3768.517578125,1355715,0.0,0.0
2023-12-15 00:00:00+09:00,3837.574159250828,3842.506773851407,3694.528335834023,3724.1240234375,1015120,0.0,0.0
2023-12-18 00:00:00+09:00,3724.124105230806,4133.5311260707485,3669.865343432741,3886.900390625,4689480,0.0,0.0
2023-12-19 00:00:00+09:00,3842.5068359375,3877.0351386994544,3729.056698291078,3842.5068359375,1051127,0.0,0.0
2023-12-20 00:00:00+09:00,3946.091541692839,4039.811215808044,3798.1131088793577,3926.361083984375,1286441,0.0,0.0
2023-12-21 00:00:00+09:00,3881.9676577746463,3881.9676577746463,3635.336929834707,3664.9326171875,1203668,0.0,0.0
2023-12-22 00:00:00+09:00,3709.3261873350925,3872.1024694920843,3674.7978850593668,3738.921875,966020,0.0,0.0
2023-12-26 00:00:00+09:00,3733.9892183288407,3793.1805929919137,3566.280323450135,3660.0,992833,0.0,0.0
2023-12-27 00:00:00+09:00,3705.0,3790.0,3415.0,3560.0,1290538,50.0,0.0
2023-12-28 00:00:00+09:00,3535.0,3570.0,3235.0,3290.0,1770660,0.0,0.0
2024-01-02 00:00:00+09:00,3290.0,3420.0,3230.0,3410.0,891036,0.0,0.0
2024-01-03 00:00:00+09:00,3345.0,3380.0,3255.0,3325.0,690386,0.0,0.0
2024-01-04 00:00:00+09:00,3280.0,3345.0,3250.0,3300.0,469534,0.0,0.0
2024-01-05 00:00:00+09:00,3305.0,3325.0,3200.0,3240.0,368414,0.0,0.0
2024-01-08 00:00:00+09:00,3225.0,3240.0,3130.0,3165.0,452667,0.0,0.0
2024-01-09 00:00:00+09:00,3165.0,3260.0,3150.0,3160.0,643184,0.0,0.0
2024-01-10 00:00:00+09:00,3160.0,3175.0,3050.0,3085.0,371958,0.0,0.0
2024-01-11 00:00:00+09:00,3090.0,3115.0,3030.0,3090.0,288663,0.0,0.0
2024-01-12 00:00:00+09:00,3095.0,3095.0,2980.0,3005.0,334927,0.0,0.0
2024-01-15 00:00:00+09:00,3010.0,3155.0,3010.0,3085.0,472971,0.0,0.0
2024-01-16 00:00:00+09:00,3110.0,3150.0,3020.0,3090.0,284101,0.0,0.0
2024-01-17 00:00:00+09:00,3155.0,3160.0,2975.0,3005.0,319451,0.0,0.0
2024-01-18 00:00:00+09:00,2960.0,3025.0,2955.0,3015.0,283335,0.0,0.0
2024-01-19 00:00:00+09:00,3020.0,3115.0,3015.0,3090.0,238647,0.0,0.0
2024-01-22 00:00:00+09:00,3140.0,3195.0,3095.0,3145.0,327923,0.0,0.0
2024-01-23 00:00:00+09:00,3145.0,3145.0,3050.0,3110.0,294334,0.0,0.0
2024-01-24 00:00:00+09:00,3095.0,3120.0,3025.0,3050.0,232526,0.0,0.0
2024-01-25 00:00:00+09:00,3080.0,3130.0,3025.0,3060.0,224673,0.0,0.0
2024-01-26 00:00:00+09:00,3030.0,3070.0,3020.0,3055.0,164767,0.0,0.0
2024-01-29 00:00:00+09:00,3045.0,3065.0,2945.0,2980.0,363362,0.0,0.0
2024-01-30 00:00:00+09:00,2980.0,3030.0,2865.0,2945.0,361035,0.0,0.0
2024-01-31 00:00:00+09:00,2865.0,2915.0,2820.0,2850.0,222414,0.0,0.0
2024-02-01 00:00:00+09:00,2810.0,2885.0,2785.0,2855.0,174293,0.0,0.0
2024-02-02 00:00:00+09:00,2860.0,2930.0,2850.0,2915.0,158169,0.0,0.0
2024-02-05 00:00:00+09:00,2945.0,2970.0,2865.0,2900.0,157524,0.0,0.0
2024-02-06 00:00:00+09:00,2875.0,2890.0,2805.0,2835.0,148423,0.0,0.0
2024-02-07 00:00:00+09:00,2825.0,2860.0,2790.0,2805.0,189667,0.0,0.0
2024-02-08 00:00:00+09:00,2970.0,2995.0,2850.0,2865.0,352352,0.0,0.0
2024-02-13 00:00:00+09:00,2885.0,2935.0,2875.0,2925.0,158841,0.0,0.0
2024-02-14 00:00:00+09:00,2900.0,2920.0,2860.0,2900.0,86513,0.0,0.0
2024-02-15 00:00:00+09:00,2915.0,2935.0,2840.0,2885.0,202660,0.0,0.0
2024-02-16 00:00:00+09:00,2870.0,2890.0,2840.0,2855.0,122290,0.0,0.0
2024-02-19 00:00:00+09:00,2910.0,2910.0,2805.0,2835.0,214386,0.0,0.0
2024-02-20 00:00:00+09:00,2835.0,2835.0,2770.0,2795.0,204240,0.0,0.0
2024-02-21 00:00:00+09:00,2795.0,2795.0,2750.0,2770.0,152461,0.0,0.0
2024-02-22 00:00:00+09:00,2805.0,2805.0,2720.0,2760.0,126533,0.0,0.0
2024-02-23 00:00:00+09:00,2745.0,2780.0,2685.0,2700.0,212404,0.0,0.0
2024-02-26 00:00:00+09:00,2685.0,2780.0,2665.0,2705.0,228723,0.0,0.0
2024-02-27 00:00:00+09:00,2705.0,2705.0,2605.0,2620.0,181862,0.0,0.0
2024-02-28 00:00:00+09:00,2605.0,2685.0,2605.0,2665.0,105641,0.0,0.0
2024-02-29 00:00:00+09:00,2650.0,2660.0,2605.0,2640.0,136881,0.0,0.0
2024-03-04 00:00:00+09:00,2640.0,2765.0,2640.0,2755.0,233945,0.0,0.0
2024-03-05 00:00:00+09:00,2770.0,2770.0,2660.0,2700.0,155391,0.0,0.0
2024-03-06 00:00:00+09:00,2700.0,2700.0,2650.0,2700.0,94736,0.0,0.0
2024-03-07 00:00:00+09:00,2710.0,2730.0,2645.0,2690.0,110870,0.0,0.0
2024-03-08 00:00:00+09:00,2670.0,2725.0,2640.0,2715.0,138919,0.0,0.0
2024-03-11 00:00:00+09:00,2660.0,2695.0,2625.0,2680.0,152478,0.0,0.0
2024-03-12 00:00:00+09:00,2640.0,2685.0,2625.0,2680.0,96466,0.0,0.0
2024-03-13 00:00:00+09:00,2660.0,2710.0,2650.0,2685.0,101502,0.0,0.0
2024-03-14 00:00:00+09:00,2650.0,2670.0,2580.0,2655.0,241568,0.0,0.0
2024-03-15 00:00:00+09:00,2650.0,2655.0,2560.0,2590.0,124431,0.0,0.0
2024-03-18 00:00:00+09:00,2575.0,2625.0,2525.0,2615.0,120515,0.0,0.0
2024-03-19 00:00:00+09:00,2605.0,2650.0,2540.0,2635.0,92821,0.0,0.0
2024-03-20 00:00:00+09:00,2630.0,2655.0,2590.0,2655.0,65604,0.0,0.0
2024-03-21 00:00:00+09:00,2715.0,2820.0,2650.0,2730.0,390539,0.0,0.0
2024-03-22 00:00:00+09:00,2750.0,2750.0,2660.0,2715.0,94637,0.0,0.0
2024-03-25 00:00:00+09:00,2715.0,2730.0,2665.0,2685.0,81720,0.0,0.0
2024-03-26 00:00:00+09:00,2660.0,2715.0,2645.0,2685.0,120287,0.0,0.0
2024-03-27 00:00:00+09:00,2740.0,2740.0,2635.0,2670.0,84379,0.0,0.0
2024-03-28 00:00:00+09:00,2670.0,2700.0,2645.0,2680.0,48996,0.0,0.0
2024-03-29 00:00:00+09:00,2700.0,2745.0,2660.0,2730.0,143632,0.0,0.0
2024-04-01 00:00:00+09:00,2720.0,2765.0,2705.0,2755.0,178028,0.0,0.0
2024-04-02 00:00:00+09:00,2765.0,3400.0,2710.0,3005.0,11873690,0.0,0.0
2024-04-03 00:00:00+09:00,2920.0,2960.0,2800.0,2915.0,1673924,0.0,0.0
2024-04-04 00:00:00+09:00,2990.0,2995.0,2860.0,2915.0,1088199,0.0,0.0
2024-04-05 00:00:00+09:00,2830.0,2895.0,2790.0,2850.0,610778,0.0,0.0
2024-04-08 00:00:00+09:00,2850.0,2910.0,2670.0,2710.0,515728,0.0,0.0
2024-04-09 00:00:00+09:00,2665.0,2710.0,2625.0,2665.0,446120,0.0,0.0
2024-04-11 00:00:00+09:00,2610.0,2655.0,2580.0,2650.0,157978,0.0,0.0
2024-04-12 00:00:00+09:00,2660.0,2675.0,2595.0,2620.0,266992,0.0,0.0
2024-04-15 00:00:00+09:00,2570.0,2605.0,2510.0,2575.0,291102,0.0,0.0
2024-04-16 00:00:00+09:00,2540.0,2560.0,2470.0,2510.0,263618,0.0,0.0
2024-04-17 00:00:00+09:00,2490.0,2580.0,2490.0,2520.0,106503,0.0,0.0
2024-04-18 00:00:00+09:00,2485.0,2570.0,2485.0,2565.0,105361,0.0,0.0
2024-04-19 00:00:00+09:00,2550.0,2565.0,2455.0,2495.0,178219,0.0,0.0
2024-04-22 00:00:00+09:00,2495.0,2505.0,2440.0,2485.0,199185,0.0,0.0
2024-04-23 00:00:00+09:00,2475.0,2510.0,2455.0,2470.0,89267,0.0,0.0
2024-04-24 00:00:00+09:00,2475.0,2520.0,2475.0,2510.0,134550,0.0,0.0
2024-04-25 00:00:00+09:00,2510.0,2520.0,2475.0,2495.0,53772,0.0,0.0
2024-04-26 00:00:00+09:00,2505.0,2525.0,2480.0,2515.0,70875,0.0,0.0
2024-04-29 00:00:00+09:00,2515.0,2690.0,2515.0,2575.0,354762,0.0,0.0
2024-04-30 00:00:00+09:00,2550.0,2580.0,2530.0,2545.0,96835,0.0,0.0
2024-05-02 00:00:00+09:00,2525.0,2565.0,2525.0,2555.0,82899,0.0,0.0
2024-05-03 00:00:00+09:00,2560.0,2570.0,2515.0,2540.0,38668,0.0,0.0
2024-05-07 00:00:00+09:00,2555.0,2620.0,2555.0,2595.0,268063,0.0,0.0
2024-05-08 00:00:00+09:00,2560.0,2625.0,2520.0,2605.0,112324,0.0,0.0
2024-05-09 00:00:00+09:00,2605.0,2620.0,2575.0,2600.0,73585,0.0,0.0
2024-05-10 00:00:00+09:00,2590.0,2610.0,2540.0,2560.0,83631,0.0,0.0
2024-05-13 00:00:00+09:00,2540.0,2565.0,2470.0,2475.0,175524,0.0,0.0
2024-05-14 00:00:00+09:00,2485.0,2535.0,2475.0,2535.0,141747,0.0,0.0
2024-05-16 00:00:00+09:00,2585.0,2630.0,2565.0,2605.0,270449,0.0,0.0
2024-05-17 00:00:00+09:00,2615.0,2615.0,2545.0,2580.0,92757,0.0,0.0
2024-05-20 00:00:00+09:00,2560.0,2585.0,2540.0,2565.0,86873,0.0,0.0
2024-05-21 00:00:00+09:00,2565.0,2600.0,2560.0,2570.0,129234,0.0,0.0
2024-05-22 00:00:00+09:00,2570.0,2570.0,2515.0,2555.0,92577,0.0,0.0
2024-05-23 00:00:00+09:00,2555.0,2555.0,2520.0,2540.0,67975,0.0,0.0
2024-05-24 00:00:00+09:00,2550.0,2550.0,2475.0,2505.0,108157,0.0,0.0
2024-05-27 00:00:00+09:00,2500.0,2530.0,2450.0,2500.0,85153,0.0,0.0
2024-05-28 00:00:00+09:00,2490.0,2540.0,2470.0,2525.0,66999,0.0,0.0
2024-05-29 00:00:00+09:00,2505.0,2545.0,2480.0,2485.0,58011,0.0,0.0
2024-05-30 00:00:00+09:00,2470.0,2555.0,2470.0,2545.0,88978,0.0,0.0
2024-05-31 00:00:00+09:00,2510.0,2570.0,2490.0,2500.0,53277,0.0,0.0
2024-06-03 00:00:00+09:00,2500.0,2525.0,2485.0,2510.0,54509,0.0,0.0
2024-06-04 00:00:00+09:00,2510.0,2510.0,2460.0,2495.0,89677,0.0,0.0
2024-06-05 00:00:00+09:00,2495.0,2540.0,2440.0,2470.0,105186,0.0,0.0
2024-06-07 00:00:00+09:00,2455.0,2500.0,2455.0,2465.0,53313,0.0,0.0
2024-06-10 00:00:00+09:00,2435.0,2455.0,2415.0,2435.0,79268,0.0,0.0
2024-06-11 00:00:00+09:00,2425.0,2445.0,2410.0,2420.0,72226,0.0,0.0
2024-06-12 00:00:00+09:00,2420.0,2600.0,2420.0,2470.0,275428,0.0,0.0
2024-06-13 00:00:00+09:00,2485.0,2570.0,2485.0,2530.0,197320,0.0,0.0
2024-06-14 00:00:00+09:00,2565.0,2570.0,2505.0,2530.0,133684,0.0,0.0
2024-06-17 00:00:00+09:00,2550.0,2550.0,2500.0,2535.0,55741,0.0,0.0
2024-06-18 00:00:00+09:00,2510.0,2565.0,2500.0,2525.0,69531,0.0,0.0
2024-06-19 00:00:00+09:00,2510.0,2555.0,2510.0,2540.0,112300,0.0,0.0
2024-06-20 00:00:00+09:00,2540.0,2575.0,2535.0,2565.0,79426,0.0,0.0
2024-06-21 00:00:00+09:00,2540.0,2575.0,2505.0,2550.0,104894,0.0,0.0
2024-06-24 00:00:00+09:00,2510.0,2530.0,2450.0,2500.0,124703,0.0,0.0
2024-06-25 00:00:00+09:00,2485.0,2495.0,2445.0,2485.0,47416,0.0,0.0
2024-06-26 00:00:00+09:00,2465.0,2535.0,2465.0,2520.0,65931,0.0,0.0
2024-06-27 00:00:00+09:00,2465.0,2555.0,2465.0,2490.0,44483,0.0,0.0
2024-06-28 00:00:00+09:00,2510.0,2510.0,2460.0,2505.0,67705,0.0,0.0
2024-07-01 00:00:00+09:00,2510.0,2525.0,2475.0,2495.0,40520,0.0,0.0
2024-07-02 00:00:00+09:00,2495.0,2500.0,2440.0,2460.0,69815,0.0,0.0
2024-07-03 00:00:00+09:00,2420.0,2470.0,2405.0,2430.0,166280,0.0,0.0
2024-07-04 00:00:00+09:00,2420.0,2465.0,2420.0,2465.0,61952,0.0,0.0
2024-07-05 00:00:00+09:00,2465.0,2545.0,2440.0,2495.0,114449,0.0,0.0
2024-07-08 00:00:00+09:00,2495.0,2530.0,2455.0,2530.0,83859,0.0,0.0
2024-07-09 00:00:00+09:00,2495.0,2545.0,2495.0,2515.0,37576,0.0,0.0
2024-07-10 00:00:00+09:00,2525.0,2545.0,2470.0,2510.0,63834,0.0,0.0
2024-07-11 00:00:00+09:00,2510.0,2545.0,2475.0,2500.0,70222,0.0,0.0
2024-07-12 00:00:00+09:00,2480.0,2535.0,2455.0,2480.0,41403,0.0,0.0
2024-07-15 00:00:00+09:00,2500.0,2520.0,2450.0,2510.0,63375,0.0,0.0
2024-07-16 00:00:00+09:00,2510.0,2525.0,2465.0,2500.0,62066,0.0,0.0
2024-07-17 00:00:00+09:00,2480.0,2525.0,2455.0,2475.0,43179,0.0,0.0
2024-07-18 00:00:00+09:00,2455.0,2455.0,2395.0,2425.0,113693,0.0,0.0
2024-07-19 00:00:00+09:00,2425.0,2455.0,2365.0,2410.0,56459,0.0,0.0
2024-07-22 00:00:00+09:00,2410.0,2420.0,2280.0,2400.0,251489,0.0,0.0
2024-07-23 00:00:00+09:00,2395.0,2420.0,2310.0,2380.0,58292,0.0,0.0
2024-07-24 00:00:00+09:00,2410.0,2410.0,2335.0,2375.0,52355,0.0,0.0
2024-07-25 00:00:00+09:00,2335.0,2355.0,2300.0,2345.0,44677,0.0,0.0
2024-07-26 00:00:00+09:00,2325.0,2340.0,2305.0,2330.0,15517,0.0,0.0
2024-07-29 00:00:00+09:00,2310.0,2330.0,2300.0,2315.0,25483,0.0,0.0
2024-07-30 00:00:00+09:00,2265.0,2310.0,2255.0,2310.0,99666,0.0,0.0
2024-07-31 00:00:00+09:00,2270.0,2350.0,2245.0,2335.0,100786,0.0,0.0
2024-08-01 00:00:00+09:00,2335.0,2355.0,2300.0,2330.0,25262,0.0,0.0
2024-08-02 00:00:00+09:00,2275.0,2295.0,2220.0,2280.0,122838,0.0,0.0
2024-08-05 00:00:00+09:00,2230.0,2230.0,1752.0,1934.0,240864,0.0,0.0
2024-08-06 00:00:00+09:00,1812.0,2045.0,1812.0,1935.0,261730,0.0,0.0
2024-08-07 00:00:00+09:00,1871.0,1980.0,1871.0,1882.0,198032,0.0,0.0
2024-08-08 00:00:00+09:00,1880.0,1880.0,1759.0,1869.0,216022,0.0,0.0
2024-08-09 00:00:00+09:00,1910.0,1950.0,1870.0,1912.0,76017,0.0,0.0
2024-08-12 00:00:00+09:00,1957.0,1957.0,1920.0,1937.0,38454,0.0,0.0
2024-08-13 00:00:00+09:00,1960.0,1960.0,1891.0,1950.0,31579,0.0,0.0
2024-08-14 00:00:00+09:00,1978.0,2005.0,1950.0,1997.0,48787,0.0,0.0
2024-08-16 00:00:00+09:00,1997.0,2030.0,1978.0,1997.0,106281,0.0,0.0
2024-08-19 00:00:00+09:00,2030.0,2030.0,1945.0,1965.0,46205,0.0,0.0
2024-08-20 00:00:00+09:00,1946.0,1990.0,1946.0,1988.0,19213,0.0,0.0
2024-08-21 00:00:00+09:00,1970.0,1976.0,1944.0,1964.0,30397,0.0,0.0
2024-08-22 00:00:00+09:00,1980.0,1980.0,1901.0,1959.0,44633,0.0,0.0
2024-08-23 00:00:00+09:00,1950.0,1955.0,1929.0,1955.0,7714,0.0,0.0
2024-08-26 00:00:00+09:00,1941.0,1974.0,1938.0,1953.0,31416,0.0,0.0
2024-08-27 00:00:00+09:00,1946.0,1946.0,1930.0,1937.0,26848,0.0,0.0
2024-08-28 00:00:00+09:00,1948.0,1948.0,1895.0,1919.0,41167,0.0,0.0
2024-08-29 00:00:00+09:00,1914.0,1914.0,1825.0,1860.0,63404,0.0,0.0
2024-08-30 00:00:00+09:00,1879.0,1909.0,1822.0,1902.0,53590,0.0,0.0
