Date,Open,High,Low,Close,Volume,Dividends,Stock Splits
2020-10-30 00:00:00+09:00,18550.0,23000.0,18125.0,20550.0,8189684,0.0,0.0
2020-11-02 00:00:00+09:00,21025.0,21325.0,19000.0,19750.0,1314638,0.0,0.0
2020-11-03 00:00:00+09:00,20100.0,21800.0,19650.0,21800.0,1047522,0.0,0.0
2020-11-04 00:00:00+09:00,21350.0,28300.0,21125.0,28300.0,2904612,0.0,0.0
2020-11-05 00:00:00+09:00,32400.0,36750.0,31400.0,36750.0,3764726,0.0,0.0
2020-11-06 00:00:00+09:00,36000.0,39400.0,31000.0,31000.0,4723764,0.0,0.0
2020-11-09 00:00:00+09:00,32500.0,34850.0,30100.0,30500.0,690172,0.0,0.0
2020-11-10 00:00:00+09:00,30550.0,30750.0,26300.0,28100.0,766148,0.0,0.0
2020-11-11 00:00:00+09:00,27650.0,28550.0,26200.0,27250.0,323902,0.0,0.0
2020-11-12 00:00:00+09:00,27750.0,29600.0,27250.0,28600.0,611074,0.0,0.0
2020-11-13 00:00:00+09:00,27750.0,28850.0,26400.0,27050.0,288226,0.0,0.0
2020-11-16 00:00:00+09:00,26400.0,28350.0,26300.0,27250.0,629814,0.0,0.0
2020-11-17 00:00:00+09:00,26900.0,27000.0,25250.0,25650.0,256580,0.0,0.0
2020-11-18 00:00:00+09:00,25650.0,26200.0,24725.0,25050.0,223056,0.0,0.0
2020-11-19 00:00:00+09:00,24850.0,25450.0,24250.0,25250.0,188508,0.0,0.0
2020-11-20 00:00:00+09:00,25400.0,25400.0,24775.0,24800.0,131896,0.0,0.0
2020-11-23 00:00:00+09:00,24825.0,26750.0,24525.0,26050.0,370390,0.0,0.0
2020-11-24 00:00:00+09:00,26400.0,27200.0,25650.0,25950.0,265168,0.0,0.0
2020-11-25 00:00:00+09:00,26200.0,29100.0,26200.0,28900.0,1224338,0.0,0.0
2020-11-26 00:00:00+09:00,28600.0,30400.0,27250.0,27400.0,748306,0.0,0.0
2020-11-27 00:00:00+09:00,27700.0,27850.0,25800.0,25950.0,271076,0.0,0.0
2020-11-30 00:00:00+09:00,24975.0,25200.0,23950.0,24300.0,432078,0.0,0.0
2020-12-01 00:00:00+09:00,24450.0,25350.0,24300.0,24750.0,241724,0.0,0.0
2020-12-02 00:00:00+09:00,25150.0,25700.0,24525.0,24975.0,189488,0.0,0.0
2020-12-03 00:00:00+09:00,24850.0,24975.0,24025.0,24050.0,152874,0.0,0.0
2020-12-04 00:00:00+09:00,24275.0,24275.0,23050.0,23250.0,118088,0.0,0.0
2020-12-07 00:00:00+09:00,23550.0,23950.0,23375.0,23825.0,76576,0.0,0.0
2020-12-08 00:00:00+09:00,24000.0,24025.0,23025.0,23050.0,66896,0.0,0.0
2020-12-09 00:00:00+09:00,23050.0,23475.0,22175.0,22675.0,76576,0.0,0.0
2020-12-10 00:00:00+09:00,22400.0,23075.0,21975.0,22675.0,98022,0.0,0.0
2020-12-11 00:00:00+09:00,22700.0,22900.0,22375.0,22725.0,52284,0.0,0.0
2020-12-14 00:00:00+09:00,22950.0,22950.0,22175.0,22275.0,60492,0.0,0.0
2020-12-15 00:00:00+09:00,22250.0,23150.0,22150.0,23050.0,89596,0.0,0.0
2020-12-16 00:00:00+09:00,23100.0,23675.0,23025.0,23475.0,79464,0.0,0.0
2020-12-17 00:00:00+09:00,23650.0,23675.0,23075.0,23525.0,72566,0.0,0.0
2020-12-18 00:00:00+09:00,23700.0,23700.0,23125.0,23150.0,52612,0.0,0.0
2020-12-21 00:00:00+09:00,23150.0,23150.0,22500.0,22500.0,61950,0.0,0.0
2020-12-22 00:00:00+09:00,22500.0,22550.0,21975.0,21975.0,68600,0.0,0.0
2020-12-23 00:00:00+09:00,22000.0,22400.0,21325.0,21800.0,63612,0.0,0.0
2020-12-24 00:00:00+09:00,21800.0,22950.0,21500.0,22800.0,77252,0.0,0.0
2020-12-28 00:00:00+09:00,23225.0,23675.0,22700.0,23300.0,149422,0.0,0.0
2020-12-29 00:00:00+09:00,23500.0,24200.0,23325.0,23550.0,119914,0.0,0.0
2020-12-30 00:00:00+09:00,23500.0,24625.0,23150.0,24400.0,252078,0.0,0.0
2021-01-04 00:00:00+09:00,24975.0,25800.0,24625.0,25300.0,253208,0.0,0.0
2021-01-05 00:00:00+09:00,25400.0,26850.0,24525.0,26350.0,379458,0.0,0.0
2021-01-06 00:00:00+09:00,26300.0,26800.0,25500.0,26250.0,222280,0.0,0.0
2021-01-07 00:00:00+09:00,27250.0,34100.0,27150.0,32600.0,3862278,0.0,0.0
2021-01-08 00:00:00+09:00,32000.0,32050.0,28950.0,29150.0,908916,0.0,0.0
2021-01-11 00:00:00+09:00,29000.0,29100.0,26650.0,27000.0,373374,0.0,0.0
2021-01-12 00:00:00+09:00,26800.0,27550.0,25750.0,26200.0,230088,0.0,0.0
2021-01-13 00:00:00+09:00,26150.0,27700.0,26150.0,27700.0,240504,0.0,0.0
2021-01-14 00:00:00+09:00,27750.0,29100.0,26900.0,28000.0,300770,0.0,0.0
2021-01-15 00:00:00+09:00,28000.0,28750.0,27650.0,27900.0,153722,0.0,0.0
2021-01-18 00:00:00+09:00,27700.0,27750.0,25900.0,26150.0,120028,0.0,0.0
2021-01-19 00:00:00+09:00,26300.0,27200.0,26000.0,26600.0,82294,0.0,0.0
2021-01-20 00:00:00+09:00,26800.0,27150.0,26500.0,26750.0,61860,0.0,0.0
2021-01-21 00:00:00+09:00,27250.0,28400.0,26900.0,27600.0,116530,0.0,0.0
2021-01-22 00:00:00+09:00,27750.0,28100.0,27000.0,27800.0,84918,0.0,0.0
2021-01-25 00:00:00+09:00,28150.0,28500.0,27550.0,28500.0,146420,0.0,0.0
2021-01-26 00:00:00+09:00,28600.0,28600.0,27600.0,27650.0,101422,0.0,0.0
2021-01-27 00:00:00+09:00,27700.0,28050.0,26000.0,26000.0,132436,0.0,0.0
2021-01-28 00:00:00+09:00,25000.0,25600.0,24600.0,24850.0,97986,0.0,0.0
2021-01-29 00:00:00+09:00,24875.0,25200.0,23450.0,23775.0,68488,0.0,0.0
2021-02-01 00:00:00+09:00,22625.0,23325.0,22000.0,23000.0,247442,0.0,0.0
2021-02-02 00:00:00+09:00,22975.0,24700.0,22600.0,24050.0,139276,0.0,0.0
2021-02-03 00:00:00+09:00,25050.0,25150.0,24400.0,24975.0,145446,0.0,0.0
2021-02-04 00:00:00+09:00,24850.0,26050.0,24525.0,25900.0,128330,0.0,0.0
2021-02-05 00:00:00+09:00,26000.0,26400.0,25250.0,26050.0,71856,0.0,0.0
2021-02-08 00:00:00+09:00,26100.0,27200.0,26100.0,26400.0,102892,0.0,0.0
2021-02-09 00:00:00+09:00,26950.0,26950.0,25150.0,25550.0,69062,0.0,0.0
2021-02-10 00:00:00+09:00,25450.0,25750.0,24325.0,25250.0,52332,0.0,0.0
2021-02-15 00:00:00+09:00,25050.0,25300.0,24700.0,24750.0,69700,0.0,0.0
2021-02-16 00:00:00+09:00,24625.0,25500.0,24625.0,24775.0,36480,0.0,0.0
2021-02-17 00:00:00+09:00,24775.0,24950.0,24300.0,24675.0,33120,0.0,0.0
2021-02-18 00:00:00+09:00,24950.0,25200.0,24475.0,24475.0,37586,0.0,0.0
2021-02-19 00:00:00+09:00,24475.0,24500.0,23225.0,24150.0,75036,0.0,0.0
2021-02-22 00:00:00+09:00,24200.0,24200.0,23425.0,23550.0,54710,0.0,0.0
2021-02-23 00:00:00+09:00,23400.0,23800.0,23050.0,23475.0,28026,0.0,0.0
2021-02-24 00:00:00+09:00,23150.0,23925.0,22750.0,22775.0,36258,0.0,0.0
2021-02-25 00:00:00+09:00,22825.0,23425.0,22750.0,23050.0,55626,0.0,0.0
2021-02-26 00:00:00+09:00,22475.0,22875.0,22100.0,22400.0,28232,0.0,0.0
2021-03-02 00:00:00+09:00,22625.0,23450.0,22325.0,22550.0,32800,0.0,0.0
2021-03-03 00:00:00+09:00,22375.0,22925.0,22375.0,22625.0,15112,0.0,0.0
2021-03-04 00:00:00+09:00,22600.0,22700.0,22250.0,22475.0,19112,0.0,0.0
2021-03-05 00:00:00+09:00,22150.0,22425.0,21825.0,22050.0,25594,0.0,0.0
2021-03-08 00:00:00+09:00,22100.0,22425.0,21625.0,21625.0,23974,0.0,0.0
2021-03-09 00:00:00+09:00,21625.0,22000.0,20475.0,20925.0,34332,0.0,0.0
2021-03-10 00:00:00+09:00,21175.0,21350.0,20500.0,20750.0,12214,0.0,0.0
2021-03-11 00:00:00+09:00,20750.0,21650.0,20500.0,21300.0,34560,0.0,0.0
2021-03-12 00:00:00+09:00,21300.0,22275.0,21300.0,21950.0,29814,0.0,0.0
2021-03-15 00:00:00+09:00,21925.0,22100.0,21575.0,21975.0,11056,0.0,0.0
2021-03-16 00:00:00+09:00,22150.0,22150.0,21775.0,21850.0,16170,0.0,0.0
2021-03-17 00:00:00+09:00,21875.0,22000.0,21350.0,21500.0,16030,0.0,0.0
2021-03-18 00:00:00+09:00,21725.0,21725.0,21375.0,21500.0,10788,0.0,0.0
2021-03-19 00:00:00+09:00,21400.0,21575.0,21100.0,21150.0,19800,0.0,0.0
2021-03-22 00:00:00+09:00,21300.0,21300.0,20925.0,21150.0,16332,0.0,0.0
2021-03-23 00:00:00+09:00,21150.0,21175.0,20825.0,20950.0,16388,0.0,0.0
2021-03-24 00:00:00+09:00,20675.0,21150.0,20675.0,21075.0,9856,0.0,0.0
2021-03-25 00:00:00+09:00,21075.0,21075.0,20800.0,20875.0,7878,0.0,0.0
2021-03-26 00:00:00+09:00,20875.0,21000.0,20700.0,20900.0,17534,0.0,0.0
2021-03-29 00:00:00+09:00,21550.0,23250.0,21550.0,22250.0,180604,0.0,0.0
2021-03-30 00:00:00+09:00,22650.0,23875.0,22425.0,23550.0,126204,0.0,0.0
2021-03-31 00:00:00+09:00,23800.0,24250.0,22250.0,22975.0,48032,0.0,0.0
2021-04-01 00:00:00+09:00,22975.0,23750.0,22950.0,22950.0,27674,0.0,0.0
2021-04-02 00:00:00+09:00,23250.0,23250.0,22025.0,22450.0,47834,0.0,0.0
2021-04-05 00:00:00+09:00,22775.0,22800.0,21875.0,22050.0,63528,0.0,0.0
2021-04-06 00:00:00+09:00,22250.0,22950.0,22200.0,22600.0,32482,0.0,0.0
2021-04-07 00:00:00+09:00,22600.0,23400.0,22575.0,22900.0,48960,0.0,0.0
2021-04-08 00:00:00+09:00,23150.0,23150.0,22550.0,22825.0,19136,0.0,0.0
2021-04-09 00:00:00+09:00,22825.0,22900.0,22700.0,22825.0,13662,0.0,0.0
2021-04-12 00:00:00+09:00,23150.0,23400.0,22925.0,23025.0,21982,0.0,0.0
2021-04-13 00:00:00+09:00,22800.0,23325.0,22475.0,22525.0,48772,0.0,0.0
2021-04-14 00:00:00+09:00,22525.0,22800.0,22250.0,22625.0,25856,0.0,0.0
2021-04-15 00:00:00+09:00,22325.0,22650.0,22300.0,22625.0,15870,0.0,0.0
2021-04-16 00:00:00+09:00,22850.0,23750.0,22675.0,23325.0,67726,0.0,0.0
2021-04-19 00:00:00+09:00,23400.0,23750.0,23250.0,23575.0,41140,0.0,0.0
2021-04-20 00:00:00+09:00,23700.0,24875.0,23700.0,24850.0,138886,0.0,0.0
2021-04-21 00:00:00+09:00,25000.0,25100.0,24550.0,25050.0,91932,0.0,0.0
2021-04-22 00:00:00+09:00,25250.0,26250.0,25050.0,25600.0,125412,0.0,0.0
2021-04-23 00:00:00+09:00,26100.0,27050.0,25700.0,26750.0,170474,0.0,0.0
2021-04-26 00:00:00+09:00,27250.0,27700.0,26500.0,27100.0,155058,0.0,0.0
2021-04-27 00:00:00+09:00,29300.0,29500.0,26500.0,27850.0,504920,0.0,0.0
2021-04-28 00:00:00+09:00,28000.0,28100.0,26250.0,26300.0,124262,0.0,0.0
2021-04-29 00:00:00+09:00,26800.0,27200.0,25900.0,26000.0,113846,0.0,0.0
2021-04-30 00:00:00+09:00,25950.0,25950.0,24650.0,24950.0,125148,0.0,0.0
2021-05-03 00:00:00+09:00,25250.0,27000.0,25250.0,26000.0,106662,0.0,0.0
2021-05-04 00:00:00+09:00,26150.0,26850.0,25550.0,26400.0,76086,0.0,0.0
2021-05-06 00:00:00+09:00,26750.0,26850.0,26050.0,26150.0,82638,0.0,0.0
2021-05-07 00:00:00+09:00,26150.0,26350.0,25750.0,26300.0,73116,0.0,0.0
2021-05-10 00:00:00+09:00,26400.0,27000.0,26300.0,26950.0,158392,0.0,0.0
2021-05-11 00:00:00+09:00,27750.0,28200.0,26600.0,26850.0,57253,0.0,0.0
2021-05-12 00:00:00+09:00,27200.0,27200.0,25500.0,25900.0,26153,0.0,0.0
2021-05-13 00:00:00+09:00,25700.0,25800.0,24000.0,25200.0,28528,0.0,0.0
2021-05-14 00:00:00+09:00,24800.0,25500.0,24150.0,24400.0,25932,0.0,0.0
2021-05-17 00:00:00+09:00,24450.0,26200.0,24450.0,26000.0,29438,0.0,0.0
2021-05-18 00:00:00+09:00,26400.0,30500.0,26200.0,29100.0,214596,0.0,0.0
2021-05-20 00:00:00+09:00,28950.0,29550.0,28700.0,29150.0,50961,0.0,0.0
2021-05-21 00:00:00+09:00,29250.0,31700.0,28800.0,29650.0,110920,0.0,0.0
2021-05-24 00:00:00+09:00,29950.0,29950.0,27750.0,28650.0,41645,0.0,0.0
2021-05-25 00:00:00+09:00,28650.0,28850.0,28100.0,28500.0,28213,0.0,0.0
2021-05-26 00:00:00+09:00,28550.0,28700.0,26550.0,27200.0,108957,0.0,0.0
2021-05-27 00:00:00+09:00,27200.0,27400.0,26350.0,26850.0,29184,0.0,0.0
2021-05-28 00:00:00+09:00,26100.0,26750.0,26000.0,26350.0,35385,0.0,0.0
2021-05-31 00:00:00+09:00,26400.0,26750.0,25750.0,25950.0,27938,0.0,0.0
2021-06-01 00:00:00+09:00,25100.0,25250.0,24250.0,25150.0,102149,0.0,0.0
2021-06-02 00:00:00+09:00,24950.0,25100.0,24500.0,24750.0,68113,0.0,0.0
2021-06-03 00:00:00+09:00,24800.0,25200.0,24650.0,24800.0,40895,0.0,0.0
2021-06-04 00:00:00+09:00,24650.0,24750.0,24400.0,24600.0,37782,0.0,0.0
2021-06-07 00:00:00+09:00,24750.0,24750.0,23600.0,23650.0,70640,0.0,0.0
2021-06-08 00:00:00+09:00,23900.0,23900.0,22750.0,22950.0,49693,0.0,0.0
2021-06-09 00:00:00+09:00,22800.0,22900.0,22200.0,22450.0,52984,0.0,0.0
2021-06-10 00:00:00+09:00,22700.0,23300.0,22500.0,22550.0,38923,0.0,0.0
2021-06-11 00:00:00+09:00,22950.0,23000.0,22600.0,22950.0,18588,0.0,0.0
2021-06-14 00:00:00+09:00,23200.0,23350.0,22650.0,22800.0,24568,0.0,0.0
2021-06-15 00:00:00+09:00,23100.0,23100.0,22700.0,22900.0,14383,0.0,0.0
2021-06-16 00:00:00+09:00,22900.0,23600.0,22900.0,23350.0,29241,0.0,0.0
2021-06-17 00:00:00+09:00,23250.0,23750.0,23200.0,23550.0,23432,0.0,0.0
2021-06-18 00:00:00+09:00,23350.0,23700.0,23300.0,23450.0,21373,0.0,0.0
2021-06-21 00:00:00+09:00,23350.0,23350.0,22550.0,22650.0,39079,0.0,0.0
2021-06-22 00:00:00+09:00,22950.0,23150.0,22350.0,22500.0,30524,0.0,0.0
2021-06-23 00:00:00+09:00,22450.0,22650.0,21750.0,21750.0,66925,0.0,0.0
2021-06-24 00:00:00+09:00,22050.0,22050.0,21450.0,21800.0,39315,0.0,0.0
2021-06-25 00:00:00+09:00,21800.0,22300.0,21550.0,21900.0,49451,0.0,0.0
2021-06-28 00:00:00+09:00,21900.0,22050.0,21500.0,21800.0,21897,0.0,0.0
2021-06-29 00:00:00+09:00,21700.0,21950.0,21700.0,21950.0,14177,0.0,0.0
2021-06-30 00:00:00+09:00,21950.0,22200.0,21850.0,22200.0,13656,0.0,0.0
2021-07-01 00:00:00+09:00,22300.0,23450.0,21850.0,23000.0,66688,0.0,0.0
2021-07-02 00:00:00+09:00,23050.0,23150.0,22500.0,22750.0,24205,0.0,0.0
2021-07-05 00:00:00+09:00,22750.0,22850.0,22300.0,22600.0,13769,0.0,0.0
2021-07-06 00:00:00+09:00,22600.0,22900.0,22450.0,22600.0,20118,0.0,0.0
2021-07-07 00:00:00+09:00,22600.0,22700.0,22350.0,22400.0,17160,0.0,0.0
2021-07-08 00:00:00+09:00,22350.0,22500.0,21800.0,21850.0,22918,0.0,0.0
2021-07-09 00:00:00+09:00,21450.0,21750.0,20700.0,21100.0,41368,0.0,0.0
2021-07-12 00:00:00+09:00,21150.0,21650.0,21150.0,21550.0,19233,0.0,0.0
2021-07-13 00:00:00+09:00,21750.0,21750.0,21150.0,21600.0,17076,0.0,0.0
2021-07-14 00:00:00+09:00,21500.0,21900.0,21250.0,21750.0,20202,0.0,0.0
2021-07-15 00:00:00+09:00,21950.0,22300.0,21650.0,22000.0,23247,0.0,0.0
2021-07-16 00:00:00+09:00,22250.0,22300.0,21700.0,22100.0,22774,0.0,0.0
2021-07-19 00:00:00+09:00,22250.0,22350.0,21850.0,22150.0,19053,0.0,0.0
2021-07-20 00:00:00+09:00,21850.0,22100.0,21450.0,21800.0,13414,0.0,0.0
2021-07-21 00:00:00+09:00,21850.0,22050.0,21700.0,21700.0,13888,0.0,0.0
2021-07-22 00:00:00+09:00,21700.0,21850.0,21650.0,21650.0,14233,0.0,0.0
2021-07-23 00:00:00+09:00,21650.0,21850.0,21600.0,21800.0,11706,0.0,0.0
2021-07-26 00:00:00+09:00,21800.0,22100.0,21700.0,21850.0,23016,0.0,0.0
2021-07-27 00:00:00+09:00,22000.0,22200.0,21800.0,22000.0,23165,0.0,0.0
2021-07-28 00:00:00+09:00,21850.0,22200.0,21600.0,21600.0,23701,0.0,0.0
2021-07-29 00:00:00+09:00,21500.0,22000.0,21500.0,21700.0,12045,0.0,0.0
2021-07-30 00:00:00+09:00,21900.0,22150.0,21700.0,21900.0,20269,0.0,0.0
2021-08-02 00:00:00+09:00,22100.0,22100.0,21750.0,21850.0,17942,0.0,0.0
2021-08-03 00:00:00+09:00,21800.0,21900.0,21500.0,21550.0,17639,0.0,0.0
2021-08-04 00:00:00+09:00,21650.0,21900.0,21550.0,21750.0,13282,0.0,0.0
2021-08-05 00:00:00+09:00,21850.0,22150.0,21650.0,22150.0,26528,0.0,0.0
2021-08-06 00:00:00+09:00,22200.0,22800.0,21900.0,22650.0,44448,0.0,0.0
2021-08-09 00:00:00+09:00,22950.0,23300.0,22600.0,22850.0,87039,0.0,0.0
2021-08-10 00:00:00+09:00,23250.0,23250.0,22450.0,22500.0,35434,0.0,0.0
2021-08-11 00:00:00+09:00,22350.0,22650.0,21950.0,22250.0,34762,0.0,0.0
2021-08-12 00:00:00+09:00,22050.0,22300.0,21900.0,21900.0,21935,0.0,0.0
2021-08-13 00:00:00+09:00,21900.0,21900.0,20900.0,21050.0,59312,0.0,0.0
2021-08-17 00:00:00+09:00,21050.0,21050.0,20000.0,20050.0,48816,0.0,0.0
2021-08-18 00:00:00+09:00,20050.0,20400.0,19900.0,20050.0,27501,0.0,0.0
2021-08-19 00:00:00+09:00,20100.0,20300.0,18700.0,19400.0,48254,0.0,0.0
2021-08-20 00:00:00+09:00,19400.0,19400.0,18300.0,18450.0,50282,0.0,0.0
2021-08-23 00:00:00+09:00,18450.0,18950.0,18100.0,18600.0,19500,0.0,0.0
2021-08-24 00:00:00+09:00,18500.0,19150.0,18500.0,19000.0,14479,0.0,0.0
2021-08-25 00:00:00+09:00,18850.0,19950.0,18850.0,19250.0,18064,0.0,0.0
2021-08-26 00:00:00+09:00,19300.0,19600.0,19000.0,19050.0,11399,0.0,0.0
2021-08-27 00:00:00+09:00,19000.0,19200.0,18700.0,19150.0,12418,0.0,0.0
2021-08-30 00:00:00+09:00,19200.0,19550.0,19200.0,19500.0,8116,0.0,0.0
2021-08-31 00:00:00+09:00,19500.0,19650.0,19300.0,19500.0,9957,0.0,0.0
2021-09-01 00:00:00+09:00,19500.0,19600.0,19250.0,19500.0,13527,0.0,0.0
2021-09-02 00:00:00+09:00,19700.0,19700.0,19100.0,19200.0,24532,0.0,0.0
2021-09-03 00:00:00+09:00,19150.0,19500.0,19000.0,19300.0,21879,0.0,0.0
2021-09-06 00:00:00+09:00,19500.0,20650.0,19150.0,20250.0,73388,0.0,0.0
2021-09-07 00:00:00+09:00,20400.0,20750.0,20200.0,20750.0,58143,0.0,0.0
2021-09-08 00:00:00+09:00,20700.0,21100.0,20400.0,20400.0,51026,0.0,0.0
2021-09-09 00:00:00+09:00,20400.0,20750.0,20350.0,20600.0,17124,0.0,0.0
2021-09-10 00:00:00+09:00,20700.0,20750.0,20350.0,20600.0,26176,0.0,0.0
2021-09-13 00:00:00+09:00,20600.0,20750.0,20200.0,20350.0,52648,0.0,0.0
2021-09-14 00:00:00+09:00,20200.0,20800.0,20200.0,20800.0,24165,0.0,0.0
2021-09-15 00:00:00+09:00,21000.0,21000.0,20500.0,20650.0,20593,0.0,0.0
2021-09-16 00:00:00+09:00,20650.0,20750.0,20500.0,20500.0,21845,0.0,0.0
2021-09-17 00:00:00+09:00,20500.0,20650.0,20400.0,20550.0,20209,0.0,0.0
2021-09-23 00:00:00+09:00,20900.0,20900.0,20200.0,20200.0,58834,0.0,0.0
2021-09-24 00:00:00+09:00,20250.0,20650.0,20200.0,20400.0,33423,0.0,0.0
2021-09-27 00:00:00+09:00,20600.0,20600.0,20250.0,20350.0,13078,0.0,0.0
2021-09-28 00:00:00+09:00,20250.0,20550.0,20200.0,20200.0,20063,0.0,0.0
2021-09-29 00:00:00+09:00,19750.0,20200.0,19750.0,20150.0,23578,0.0,0.0
2021-09-30 00:00:00+09:00,20500.0,20500.0,19950.0,20000.0,24811,0.0,0.0
2021-10-01 00:00:00+09:00,19800.0,20100.0,19650.0,19750.0,29909,0.0,0.0
2021-10-05 00:00:00+09:00,19750.0,19750.0,18700.0,18900.0,47596,0.0,0.0
2021-10-06 00:00:00+09:00,19000.0,19250.0,18200.0,18350.0,31707,0.0,0.0
2021-10-07 00:00:00+09:00,18350.0,20000.0,18350.0,19350.0,21781,0.0,0.0
2021-10-08 00:00:00+09:00,19400.0,19500.0,19000.0,19000.0,11801,0.0,0.0
2021-10-12 00:00:00+09:00,19000.0,19100.0,18700.0,18900.0,13820,0.0,0.0
2021-10-13 00:00:00+09:00,18900.0,19100.0,18800.0,18950.0,8217,0.0,0.0
2021-10-14 00:00:00+09:00,18950.0,19400.0,18950.0,19200.0,7492,0.0,0.0
2021-10-15 00:00:00+09:00,19400.0,19700.0,19250.0,19550.0,6376,0.0,0.0
2021-10-18 00:00:00+09:00,19500.0,19800.0,19250.0,19450.0,8977,0.0,0.0
2021-10-19 00:00:00+09:00,19550.0,19550.0,19150.0,19450.0,13133,0.0,0.0
2021-10-20 00:00:00+09:00,19500.0,19500.0,19150.0,19150.0,6627,0.0,0.0
2021-10-21 00:00:00+09:00,19150.0,19250.0,19000.0,19000.0,10776,0.0,0.0
2021-10-22 00:00:00+09:00,19000.0,19200.0,18800.0,18850.0,10090,0.0,0.0
2021-10-25 00:00:00+09:00,18800.0,19000.0,18700.0,18950.0,12467,0.0,0.0
2021-10-26 00:00:00+09:00,18900.0,19400.0,18900.0,19300.0,19918,0.0,0.0
2021-10-27 00:00:00+09:00,19150.0,19450.0,19000.0,19050.0,17859,0.0,0.0
2021-10-28 00:00:00+09:00,19350.0,19550.0,19000.0,19450.0,21954,0.0,0.0
2021-10-29 00:00:00+09:00,19650.0,19650.0,19150.0,19250.0,10345,0.0,0.0
2021-11-01 00:00:00+09:00,19250.0,19300.0,18900.0,19000.0,19051,0.0,0.0
2021-11-02 00:00:00+09:00,18850.0,19350.0,18850.0,19000.0,11953,0.0,0.0
2021-11-03 00:00:00+09:00,19000.0,19100.0,18900.0,19000.0,9671,0.0,0.0
2021-11-04 00:00:00+09:00,18950.0,19100.0,18850.0,18900.0,16015,0.0,0.0
2021-11-05 00:00:00+09:00,18900.0,18950.0,18500.0,18950.0,32082,0.0,0.0
2021-11-08 00:00:00+09:00,18700.0,18950.0,18500.0,18700.0,25944,0.0,0.0
2021-11-09 00:00:00+09:00,18650.0,18850.0,18550.0,18600.0,13748,0.0,0.0
2021-11-10 00:00:00+09:00,18350.0,18700.0,18350.0,18700.0,18089,0.0,0.0
2021-11-11 00:00:00+09:00,18700.0,18800.0,18500.0,18550.0,10783,0.0,0.0
2021-11-12 00:00:00+09:00,18600.0,19150.0,18550.0,18700.0,26405,0.0,0.0
2021-11-15 00:00:00+09:00,18650.0,19050.0,18650.0,18900.0,30847,0.0,0.0
2021-11-16 00:00:00+09:00,19100.0,19100.0,18700.0,18850.0,16194,0.0,0.0
2021-11-17 00:00:00+09:00,18800.0,18900.0,18550.0,18850.0,47711,0.0,0.0
2021-11-18 00:00:00+09:00,18700.0,18850.0,18650.0,18750.0,24230,0.0,0.0
2021-11-19 00:00:00+09:00,18850.0,19250.0,18650.0,18850.0,60056,0.0,0.0
2021-11-22 00:00:00+09:00,19000.0,20000.0,18900.0,19800.0,118122,0.0,0.0
2021-11-23 00:00:00+09:00,20000.0,20000.0,19450.0,19600.0,61726,0.0,0.0
2021-11-24 00:00:00+09:00,19800.0,19850.0,19350.0,19550.0,42088,0.0,0.0
2021-11-25 00:00:00+09:00,19450.0,19700.0,19400.0,19550.0,36317,0.0,0.0
2021-11-26 00:00:00+09:00,19600.0,19950.0,19300.0,19350.0,39974,0.0,0.0
2021-11-29 00:00:00+09:00,19050.0,19100.0,18600.0,18950.0,35535,0.0,0.0
2021-11-30 00:00:00+09:00,19000.0,19100.0,18250.0,18400.0,56411,0.0,0.0
2021-12-01 00:00:00+09:00,18100.0,18800.0,18100.0,18700.0,26195,0.0,0.0
2021-12-02 00:00:00+09:00,18700.0,18950.0,18400.0,18850.0,12038,0.0,0.0
2021-12-03 00:00:00+09:00,18950.0,19200.0,18800.0,19100.0,19989,0.0,0.0
2021-12-06 00:00:00+09:00,18950.0,19200.0,18800.0,19000.0,10159,0.0,0.0
2021-12-07 00:00:00+09:00,19000.0,19150.0,18900.0,19050.0,9337,0.0,0.0
2021-12-08 00:00:00+09:00,19200.0,19250.0,18800.0,18950.0,16876,0.0,0.0
2021-12-09 00:00:00+09:00,19050.0,19100.0,18800.0,19000.0,8045,0.0,0.0
2021-12-10 00:00:00+09:00,19000.0,19100.0,18800.0,18950.0,7138,0.0,0.0
2021-12-13 00:00:00+09:00,19000.0,19150.0,18800.0,18850.0,16558,0.0,0.0
2021-12-14 00:00:00+09:00,18750.0,18900.0,18700.0,18700.0,15082,0.0,0.0
2021-12-15 00:00:00+09:00,18700.0,18800.0,18550.0,18750.0,15965,0.0,0.0
2021-12-16 00:00:00+09:00,19000.0,19000.0,18350.0,18450.0,42459,0.0,0.0
2021-12-17 00:00:00+09:00,18550.0,18600.0,18300.0,18400.0,10635,0.0,0.0
2021-12-20 00:00:00+09:00,18400.0,18450.0,18150.0,18150.0,30233,0.0,0.0
2021-12-21 00:00:00+09:00,18150.0,18300.0,18100.0,18100.0,23714,0.0,0.0
2021-12-22 00:00:00+09:00,18300.0,18550.0,18050.0,18400.0,29241,0.0,0.0
2021-12-23 00:00:00+09:00,18600.0,18650.0,18400.0,18500.0,10759,0.0,0.0
2021-12-24 00:00:00+09:00,18650.0,18650.0,18300.0,18400.0,14321,0.0,0.0
2021-12-27 00:00:00+09:00,18400.0,18600.0,18250.0,18600.0,10275,0.0,0.0
2021-12-28 00:00:00+09:00,18600.0,18650.0,18450.0,18550.0,11571,0.0,0.0
2021-12-29 00:00:00+09:00,18500.0,18750.0,18400.0,18600.0,14197,0.0,0.0
2021-12-30 00:00:00+09:00,18550.0,18750.0,18550.0,18700.0,7569,0.0,0.0
2022-01-04 00:00:00+09:00,18800.0,18800.0,18550.0,18700.0,9964,0.0,0.0
2022-01-05 00:00:00+09:00,18900.0,18900.0,18400.0,18500.0,14369,0.0,0.0
2022-01-06 00:00:00+09:00,18150.0,18450.0,18150.0,18400.0,13163,0.0,0.0
2022-01-07 00:00:00+09:00,18400.0,18500.0,18300.0,18400.0,6468,0.0,0.0
2022-01-10 00:00:00+09:00,18450.0,18450.0,18000.0,18150.0,26929,0.0,0.0
2022-01-11 00:00:00+09:00,18200.0,18200.0,17900.0,18050.0,12632,0.0,0.0
2022-01-12 00:00:00+09:00,18050.0,18200.0,18050.0,18150.0,11104,0.0,0.0
2022-01-13 00:00:00+09:00,18000.0,18200.0,18000.0,18150.0,8640,0.0,0.0
2022-01-14 00:00:00+09:00,18200.0,18200.0,17850.0,17900.0,16857,0.0,0.0
2022-01-17 00:00:00+09:00,18000.0,18000.0,17300.0,17400.0,29539,0.0,0.0
2022-01-18 00:00:00+09:00,17600.0,17600.0,17000.0,17200.0,14957,0.0,0.0
2022-01-19 00:00:00+09:00,17000.0,17300.0,16650.0,17000.0,18132,0.0,0.0
2022-01-20 00:00:00+09:00,17200.0,17350.0,17000.0,17350.0,8499,0.0,0.0
2022-01-21 00:00:00+09:00,17100.0,17200.0,16850.0,17000.0,16442,0.0,0.0
2022-01-24 00:00:00+09:00,17000.0,17050.0,16050.0,16200.0,20566,0.0,0.0
2022-01-25 00:00:00+09:00,15850.0,16400.0,15150.0,15250.0,35687,0.0,0.0
2022-01-26 00:00:00+09:00,15250.0,17600.0,15100.0,15700.0,27591,0.0,0.0
2022-01-27 00:00:00+09:00,16450.0,16450.0,15350.0,15600.0,16561,0.0,0.0
2022-01-28 00:00:00+09:00,15800.0,16450.0,15700.0,16350.0,20748,0.0,0.0
2022-02-03 00:00:00+09:00,16500.0,16500.0,16300.0,16450.0,8615,0.0,0.0
2022-02-04 00:00:00+09:00,16450.0,16950.0,16400.0,16600.0,8906,0.0,0.0
2022-02-07 00:00:00+09:00,16950.0,16950.0,16250.0,16450.0,6171,0.0,0.0
2022-02-08 00:00:00+09:00,16450.0,16600.0,16300.0,16550.0,9979,0.0,0.0
2022-02-09 00:00:00+09:00,16850.0,16850.0,16400.0,16650.0,6437,0.0,0.0
2022-02-10 00:00:00+09:00,16800.0,20500.0,16300.0,18650.0,1065421,0.0,0.0
2022-02-11 00:00:00+09:00,18650.0,19200.0,18050.0,18150.0,110905,0.0,0.0
2022-02-14 00:00:00+09:00,18000.0,18050.0,17200.0,17200.0,51281,0.0,0.0
2022-02-15 00:00:00+09:00,17200.0,17500.0,16750.0,17500.0,30965,0.0,0.0
2022-02-16 00:00:00+09:00,17800.0,18000.0,17450.0,17950.0,38551,0.0,0.0
2022-02-17 00:00:00+09:00,17800.0,18200.0,17500.0,18050.0,51910,0.0,0.0
2022-02-18 00:00:00+09:00,17550.0,18350.0,17500.0,18150.0,33689,0.0,0.0
2022-02-21 00:00:00+09:00,17750.0,18000.0,17600.0,17900.0,23688,0.0,0.0
2022-02-22 00:00:00+09:00,17500.0,17900.0,17500.0,17650.0,25408,0.0,0.0
2022-02-23 00:00:00+09:00,18000.0,18000.0,17600.0,17700.0,10392,0.0,0.0
2022-02-24 00:00:00+09:00,17350.0,17550.0,17100.0,17250.0,19934,0.0,0.0
2022-02-25 00:00:00+09:00,17400.0,18000.0,17350.0,17600.0,24892,0.0,0.0
2022-02-28 00:00:00+09:00,18100.0,18600.0,17550.0,17700.0,69932,0.0,0.0
2022-03-02 00:00:00+09:00,17650.0,18250.0,17450.0,18200.0,25985,0.0,0.0
2022-03-03 00:00:00+09:00,18450.0,18500.0,17950.0,18000.0,35190,0.0,0.0
2022-03-04 00:00:00+09:00,18050.0,18850.0,17800.0,18200.0,89467,0.0,0.0
2022-03-07 00:00:00+09:00,18100.0,18600.0,18050.0,18350.0,25485,0.0,0.0
2022-03-08 00:00:00+09:00,18500.0,18500.0,17950.0,18100.0,18208,0.0,0.0
2022-03-10 00:00:00+09:00,18200.0,18450.0,17950.0,17950.0,25878,0.0,0.0
2022-03-11 00:00:00+09:00,18000.0,18400.0,17800.0,18300.0,26273,0.0,0.0
2022-03-14 00:00:00+09:00,18350.0,18350.0,17800.0,18000.0,20097,0.0,0.0
2022-03-15 00:00:00+09:00,17800.0,18250.0,17750.0,17900.0,11602,0.0,0.0
2022-03-16 00:00:00+09:00,18050.0,18200.0,17900.0,18150.0,11855,0.0,0.0
2022-03-17 00:00:00+09:00,18150.0,18900.0,18150.0,18600.0,73548,0.0,0.0
2022-03-18 00:00:00+09:00,18750.0,18800.0,18450.0,18800.0,25145,0.0,0.0
2022-03-21 00:00:00+09:00,18900.0,19100.0,18450.0,18500.0,46895,0.0,0.0
2022-03-22 00:00:00+09:00,18550.0,18600.0,18200.0,18400.0,14466,0.0,0.0
2022-03-23 00:00:00+09:00,18800.0,18800.0,18200.0,18300.0,27376,0.0,0.0
2022-03-24 00:00:00+09:00,18300.0,18300.0,17800.0,18150.0,36638,0.0,0.0
2022-03-25 00:00:00+09:00,18100.0,18200.0,17900.0,17950.0,18680,0.0,0.0
2022-03-28 00:00:00+09:00,18100.0,18150.0,17900.0,17950.0,15723,0.0,0.0
2022-03-29 00:00:00+09:00,17850.0,18200.0,17850.0,18000.0,28162,0.0,0.0
2022-03-30 00:00:00+09:00,18150.0,18150.0,17850.0,18000.0,18364,0.0,0.0
2022-03-31 00:00:00+09:00,17950.0,18100.0,17850.0,18050.0,23515,0.0,0.0
2022-04-01 00:00:00+09:00,18150.0,18150.0,17850.0,18000.0,16311,0.0,0.0
2022-04-04 00:00:00+09:00,18000.0,18050.0,17900.0,18000.0,9076,0.0,0.0
2022-04-05 00:00:00+09:00,18050.0,18100.0,17900.0,18000.0,24460,0.0,0.0
2022-04-06 00:00:00+09:00,18000.0,18500.0,17900.0,18400.0,42454,0.0,0.0
2022-04-07 00:00:00+09:00,18400.0,18400.0,17950.0,18000.0,19280,0.0,0.0
2022-04-08 00:00:00+09:00,18000.0,18400.0,17900.0,17950.0,15133,0.0,0.0
2022-04-11 00:00:00+09:00,18000.0,18250.0,17850.0,18000.0,9682,0.0,0.0
2022-04-12 00:00:00+09:00,17950.0,18000.0,17850.0,17900.0,14071,0.0,0.0
2022-04-13 00:00:00+09:00,17900.0,18050.0,17800.0,17850.0,17552,0.0,0.0
2022-04-14 00:00:00+09:00,17850.0,17900.0,17500.0,17800.0,19583,0.0,0.0
2022-04-15 00:00:00+09:00,17800.0,17800.0,17600.0,17800.0,6782,0.0,0.0
2022-04-18 00:00:00+09:00,17800.0,18200.0,17700.0,17800.0,7923,0.0,0.0
2022-04-19 00:00:00+09:00,17700.0,18100.0,17550.0,17950.0,9675,0.0,0.0
2022-04-20 00:00:00+09:00,17850.0,18050.0,17800.0,18050.0,15208,0.0,0.0
2022-04-21 00:00:00+09:00,17600.0,17800.0,17150.0,17500.0,65874,0.0,0.0
2022-04-22 00:00:00+09:00,17500.0,17500.0,17200.0,17250.0,10648,0.0,0.0
2022-04-25 00:00:00+09:00,16850.0,17250.0,16700.0,16950.0,17487,0.0,0.0
2022-04-26 00:00:00+09:00,16850.0,17250.0,16800.0,17100.0,7450,0.0,0.0
2022-04-27 00:00:00+09:00,16600.0,16800.0,16600.0,16800.0,11852,0.0,0.0
2022-04-28 00:00:00+09:00,16700.0,17450.0,16550.0,17100.0,8910,0.0,0.0
2022-04-29 00:00:00+09:00,17100.0,17200.0,17000.0,17150.0,3476,0.0,0.0
2022-05-03 00:00:00+09:00,17100.0,17100.0,16900.0,17050.0,7581,0.0,0.0
2022-05-04 00:00:00+09:00,17100.0,17100.0,16700.0,17000.0,11136,0.0,0.0
2022-05-06 00:00:00+09:00,16650.0,17000.0,16650.0,16850.0,5954,0.0,0.0
2022-05-10 00:00:00+09:00,15600.0,16400.0,15350.0,16250.0,26251,0.0,0.0
2022-05-11 00:00:00+09:00,16250.0,16450.0,16000.0,16300.0,8318,0.0,0.0
2022-05-12 00:00:00+09:00,16200.0,16200.0,15300.0,15600.0,17113,0.0,0.0
2022-05-13 00:00:00+09:00,15500.0,16250.0,15150.0,15950.0,14423,0.0,0.0
2022-05-16 00:00:00+09:00,15750.0,16000.0,15650.0,16000.0,9946,0.0,0.0
2022-05-17 00:00:00+09:00,16000.0,16000.0,15500.0,16000.0,14364,0.0,0.0
2022-05-18 00:00:00+09:00,16050.0,16100.0,15600.0,15800.0,5245,0.0,0.0
2022-05-19 00:00:00+09:00,15700.0,15700.0,15350.0,15450.0,8948,0.0,0.0
2022-05-20 00:00:00+09:00,15300.0,16400.0,15300.0,15650.0,8208,0.0,0.0
2022-05-23 00:00:00+09:00,15500.0,15800.0,15350.0,15600.0,6074,0.0,0.0
2022-05-24 00:00:00+09:00,15600.0,15750.0,15150.0,15350.0,10471,0.0,0.0
2022-05-25 00:00:00+09:00,15150.0,15550.0,15150.0,15450.0,14974,0.0,0.0
2022-05-26 00:00:00+09:00,15450.0,15650.0,15200.0,15400.0,8668,0.0,0.0
2022-05-27 00:00:00+09:00,15450.0,15500.0,15300.0,15400.0,4445,0.0,0.0
2022-05-30 00:00:00+09:00,15500.0,15950.0,15300.0,15500.0,6646,0.0,0.0
2022-05-31 00:00:00+09:00,15500.0,15650.0,15350.0,15650.0,7822,0.0,0.0
2022-06-02 00:00:00+09:00,15750.0,15850.0,15300.0,15550.0,6718,0.0,0.0
2022-06-03 00:00:00+09:00,15500.0,15700.0,15350.0,15550.0,3056,0.0,0.0
2022-06-07 00:00:00+09:00,15450.0,15550.0,15300.0,15300.0,5622,0.0,0.0
2022-06-08 00:00:00+09:00,15300.0,15500.0,15150.0,15200.0,7170,0.0,0.0
2022-06-09 00:00:00+09:00,15300.0,15350.0,15100.0,15250.0,7196,0.0,0.0
2022-06-10 00:00:00+09:00,15100.0,15150.0,15000.0,15100.0,6154,0.0,0.0
2022-06-13 00:00:00+09:00,15050.0,15050.0,14000.0,14450.0,25011,0.0,0.0
2022-06-14 00:00:00+09:00,13750.0,14350.0,13700.0,13750.0,15963,0.0,0.0
2022-06-15 00:00:00+09:00,13500.0,13850.0,12900.0,13200.0,36542,0.0,0.0
2022-06-16 00:00:00+09:00,14150.0,14750.0,13200.0,14000.0,52116,0.0,0.0
2022-06-17 00:00:00+09:00,13400.0,14400.0,13200.0,14200.0,14810,0.0,0.0
2022-06-20 00:00:00+09:00,14100.0,14750.0,14000.0,14450.0,29694,0.0,0.0
2022-06-21 00:00:00+09:00,14450.0,15050.0,14150.0,14950.0,22619,0.0,0.0
2022-06-22 00:00:00+09:00,14750.0,15450.0,14450.0,15200.0,25149,0.0,0.0
2022-06-23 00:00:00+09:00,15100.0,15450.0,14400.0,14850.0,27808,0.0,0.0
2022-06-24 00:00:00+09:00,14350.0,15350.0,14350.0,15150.0,22778,0.0,0.0
2022-06-27 00:00:00+09:00,15150.0,15350.0,15050.0,15150.0,19316,0.0,0.0
2022-06-28 00:00:00+09:00,15150.0,15250.0,14950.0,15100.0,11084,0.0,0.0
2022-06-29 00:00:00+09:00,15200.0,15200.0,15000.0,15000.0,7453,0.0,0.0
2022-06-30 00:00:00+09:00,15050.0,15250.0,14900.0,15000.0,9130,0.0,0.0
2022-07-01 00:00:00+09:00,14950.0,15200.0,14250.0,14750.0,15091,0.0,0.0
2022-07-04 00:00:00+09:00,14750.0,15000.0,14600.0,14900.0,8973,0.0,0.0
2022-07-05 00:00:00+09:00,14700.0,15150.0,14450.0,15050.0,4729,0.0,0.0
2022-07-06 00:00:00+09:00,14950.0,15200.0,14900.0,15050.0,18862,0.0,0.0
2022-07-07 00:00:00+09:00,14900.0,15250.0,14900.0,15200.0,13674,0.0,0.0
2022-07-08 00:00:00+09:00,15250.0,15300.0,15050.0,15300.0,12107,0.0,0.0
2022-07-11 00:00:00+09:00,15300.0,15400.0,15050.0,15300.0,13350,0.0,0.0
2022-07-12 00:00:00+09:00,15100.0,15300.0,14900.0,14900.0,16337,0.0,0.0
2022-07-13 00:00:00+09:00,14850.0,15150.0,14850.0,15050.0,5447,0.0,0.0
2022-07-14 00:00:00+09:00,15100.0,15100.0,14900.0,14900.0,8906,0.0,0.0
2022-07-15 00:00:00+09:00,15000.0,15000.0,14700.0,14950.0,6682,0.0,0.0
2022-07-18 00:00:00+09:00,14950.0,15200.0,14950.0,15050.0,17041,0.0,0.0
2022-07-19 00:00:00+09:00,15100.0,15100.0,14850.0,15050.0,3884,0.0,0.0
2022-07-20 00:00:00+09:00,15050.0,15150.0,15000.0,15100.0,8520,0.0,0.0
2022-07-21 00:00:00+09:00,15100.0,15150.0,14900.0,15000.0,8009,0.0,0.0
2022-07-22 00:00:00+09:00,15000.0,15200.0,14850.0,14850.0,4381,0.0,0.0
2022-07-25 00:00:00+09:00,14850.0,14950.0,14800.0,14850.0,2976,0.0,0.0
2022-07-26 00:00:00+09:00,15000.0,15000.0,14800.0,15000.0,5173,0.0,0.0
2022-07-27 00:00:00+09:00,15400.0,15400.0,14950.0,15050.0,6203,0.0,0.0
2022-07-28 00:00:00+09:00,15150.0,15200.0,14950.0,14950.0,7886,0.0,0.0
2022-07-29 00:00:00+09:00,15000.0,15150.0,14900.0,15050.0,8152,0.0,0.0
2022-08-01 00:00:00+09:00,15050.0,15200.0,14900.0,15200.0,11373,0.0,0.0
2022-08-02 00:00:00+09:00,15200.0,15350.0,15100.0,15200.0,8513,0.0,0.0
2022-08-03 00:00:00+09:00,15200.0,15550.0,15050.0,15350.0,13646,0.0,0.0
2022-08-04 00:00:00+09:00,15400.0,15600.0,15250.0,15550.0,17724,0.0,0.0
2022-08-05 00:00:00+09:00,15400.0,15600.0,15400.0,15550.0,9765,0.0,0.0
2022-08-08 00:00:00+09:00,15450.0,15600.0,15300.0,15450.0,6234,0.0,0.0
2022-08-09 00:00:00+09:00,15500.0,15500.0,15150.0,15400.0,8272,0.0,0.0
2022-08-10 00:00:00+09:00,15350.0,15350.0,14850.0,14850.0,8765,0.0,0.0
2022-08-11 00:00:00+09:00,14950.0,16100.0,14900.0,15450.0,83884,0.0,0.0
2022-08-12 00:00:00+09:00,15450.0,15600.0,15350.0,15450.0,9107,0.0,0.0
2022-08-16 00:00:00+09:00,15550.0,15900.0,15450.0,15800.0,21289,0.0,0.0
2022-08-17 00:00:00+09:00,15900.0,15900.0,15550.0,15700.0,12303,0.0,0.0
2022-08-18 00:00:00+09:00,15550.0,16300.0,15350.0,15700.0,39235,0.0,0.0
2022-08-19 00:00:00+09:00,15800.0,16650.0,15600.0,16400.0,51087,0.0,0.0
2022-08-22 00:00:00+09:00,16250.0,16600.0,15950.0,16600.0,21954,0.0,0.0
2022-08-23 00:00:00+09:00,16450.0,16600.0,16100.0,16350.0,20463,0.0,0.0
2022-08-24 00:00:00+09:00,16450.0,16500.0,16150.0,16450.0,15322,0.0,0.0
2022-08-25 00:00:00+09:00,16700.0,16700.0,16250.0,16500.0,10936,0.0,0.0
2022-08-26 00:00:00+09:00,16350.0,16550.0,16050.0,16050.0,13431,0.0,0.0
2022-08-29 00:00:00+09:00,15700.0,15950.0,15400.0,15550.0,15234,0.0,0.0
2022-08-30 00:00:00+09:00,15650.0,15750.0,15350.0,15450.0,10789,0.0,0.0
2022-08-31 00:00:00+09:00,15500.0,15900.0,15300.0,15900.0,7417,0.0,0.0
2022-09-01 00:00:00+09:00,15850.0,16400.0,15750.0,15950.0,10719,0.0,0.0
2022-09-02 00:00:00+09:00,15900.0,16150.0,15650.0,15950.0,5513,0.0,0.0
2022-09-05 00:00:00+09:00,16000.0,16000.0,15550.0,15800.0,6568,0.0,0.0
2022-09-06 00:00:00+09:00,15750.0,15900.0,15600.0,15700.0,4185,0.0,0.0
2022-09-07 00:00:00+09:00,15700.0,15700.0,15100.0,15400.0,7789,0.0,0.0
2022-09-08 00:00:00+09:00,15350.0,15550.0,15350.0,15350.0,3435,0.0,0.0
2022-09-13 00:00:00+09:00,15600.0,15600.0,15250.0,15500.0,8748,0.0,0.0
2022-09-14 00:00:00+09:00,15350.0,15350.0,14900.0,15150.0,15008,0.0,0.0
2022-09-15 00:00:00+09:00,15200.0,15300.0,14850.0,15050.0,6009,0.0,0.0
2022-09-16 00:00:00+09:00,14850.0,15150.0,14750.0,14800.0,13184,0.0,0.0
2022-09-19 00:00:00+09:00,14650.0,14650.0,14050.0,14250.0,13414,0.0,0.0
2022-09-20 00:00:00+09:00,14150.0,14600.0,14050.0,14350.0,9837,0.0,0.0
2022-09-21 00:00:00+09:00,14350.0,14350.0,13800.0,13850.0,12522,0.0,0.0
2022-09-22 00:00:00+09:00,13850.0,14300.0,13400.0,13950.0,8132,0.0,0.0
2022-09-23 00:00:00+09:00,13650.0,14050.0,13550.0,13850.0,8595,0.0,0.0
2022-09-26 00:00:00+09:00,13350.0,13600.0,12600.0,12800.0,16524,0.0,0.0
2022-09-27 00:00:00+09:00,12450.0,13400.0,12400.0,12800.0,18280,0.0,0.0
2022-09-28 00:00:00+09:00,12550.0,12750.0,11700.0,12150.0,28482,0.0,0.0
2022-09-29 00:00:00+09:00,12150.0,12550.0,11500.0,11500.0,23167,0.0,0.0
2022-09-30 00:00:00+09:00,11100.0,12800.0,11100.0,11850.0,30166,0.0,0.0
2022-10-04 00:00:00+09:00,12250.0,12450.0,11950.0,12150.0,7605,0.0,0.0
2022-10-05 00:00:00+09:00,12200.0,12400.0,11600.0,11600.0,13057,0.0,0.0
2022-10-06 00:00:00+09:00,11600.0,14100.0,11600.0,12800.0,130709,0.0,0.0
2022-10-07 00:00:00+09:00,12800.0,13000.0,12400.0,12550.0,16026,0.0,0.0
2022-10-11 00:00:00+09:00,12300.0,12650.0,11950.0,12450.0,15049,0.0,0.0
2022-10-12 00:00:00+09:00,12150.0,12450.0,12050.0,12450.0,11201,0.0,0.0
2022-10-13 00:00:00+09:00,12600.0,12600.0,11900.0,12250.0,16433,0.0,0.0
2022-10-14 00:00:00+09:00,12250.0,12600.0,12100.0,12300.0,11869,0.0,0.0
2022-10-17 00:00:00+09:00,12200.0,12350.0,11800.0,12200.0,12135,0.0,0.0
2022-10-18 00:00:00+09:00,12150.0,12550.0,12150.0,12300.0,11659,0.0,0.0
2022-10-19 00:00:00+09:00,12400.0,12400.0,12000.0,12250.0,9677,0.0,0.0
2022-10-20 00:00:00+09:00,12050.0,12300.0,11950.0,11950.0,8412,0.0,0.0
2022-10-21 00:00:00+09:00,11850.0,12150.0,11700.0,11850.0,6561,0.0,0.0
2022-10-24 00:00:00+09:00,11950.0,12150.0,11800.0,11950.0,6339,0.0,0.0
2022-10-25 00:00:00+09:00,12000.0,12050.0,11700.0,11800.0,6700,0.0,0.0
2022-10-26 00:00:00+09:00,11800.0,11800.0,11500.0,11550.0,9424,0.0,0.0
2022-10-27 00:00:00+09:00,11450.0,11800.0,11400.0,11400.0,4860,0.0,0.0
2022-10-28 00:00:00+09:00,11500.0,11750.0,11500.0,11550.0,4282,0.0,0.0
2022-10-31 00:00:00+09:00,11750.0,14900.0,11400.0,13700.0,979825,0.0,0.0
2022-11-01 00:00:00+09:00,13550.0,13750.0,13000.0,13250.0,138925,0.0,0.0
2022-11-02 00:00:00+09:00,12900.0,13050.0,12600.0,12850.0,44092,0.0,0.0
2022-11-03 00:00:00+09:00,12600.0,13000.0,12500.0,12950.0,38664,0.0,0.0
2022-11-04 00:00:00+09:00,12800.0,12850.0,12400.0,12500.0,24395,0.0,0.0
2022-11-07 00:00:00+09:00,12600.0,12700.0,12450.0,12550.0,16081,0.0,0.0
2022-11-08 00:00:00+09:00,12700.0,13200.0,12500.0,12900.0,83534,0.0,0.0
2022-11-09 00:00:00+09:00,13000.0,13000.0,12650.0,12850.0,31522,0.0,0.0
2022-11-10 00:00:00+09:00,12750.0,12850.0,12600.0,12750.0,14965,0.0,0.0
2022-11-11 00:00:00+09:00,13050.0,13050.0,12800.0,12950.0,25250,0.0,0.0
2022-11-14 00:00:00+09:00,13100.0,13100.0,12550.0,12750.0,15455,0.0,0.0
2022-11-15 00:00:00+09:00,12850.0,13050.0,12600.0,13000.0,25100,0.0,0.0
2022-11-16 00:00:00+09:00,13100.0,13100.0,12750.0,12850.0,16930,0.0,0.0
2022-11-17 00:00:00+09:00,12850.0,12900.0,12600.0,12750.0,8409,0.0,0.0
2022-11-18 00:00:00+09:00,12750.0,12950.0,12700.0,12800.0,9524,0.0,0.0
2022-11-21 00:00:00+09:00,12950.0,12950.0,12350.0,12500.0,14996,0.0,0.0
2022-11-22 00:00:00+09:00,12450.0,12750.0,12250.0,12350.0,18820,0.0,0.0
2022-11-23 00:00:00+09:00,12300.0,12550.0,12300.0,12350.0,5303,0.0,0.0
2022-11-24 00:00:00+09:00,12500.0,12600.0,12400.0,12600.0,7417,0.0,0.0
2022-11-25 00:00:00+09:00,12500.0,12700.0,12400.0,12500.0,4758,0.0,0.0
2022-11-28 00:00:00+09:00,12900.0,13300.0,12650.0,12750.0,86553,0.0,0.0
2022-11-29 00:00:00+09:00,12750.0,12900.0,12500.0,12850.0,13045,0.0,0.0
2022-11-30 00:00:00+09:00,12850.0,13100.0,12800.0,12850.0,10467,0.0,0.0
2022-12-01 00:00:00+09:00,13000.0,13800.0,12850.0,13550.0,104483,0.0,0.0
2022-12-02 00:00:00+09:00,13800.0,13800.0,13000.0,13050.0,51814,0.0,0.0
2022-12-05 00:00:00+09:00,12950.0,13050.0,12700.0,12800.0,18314,0.0,0.0
2022-12-06 00:00:00+09:00,12700.0,12750.0,12450.0,12550.0,11154,0.0,0.0
2022-12-07 00:00:00+09:00,12350.0,13100.0,12350.0,12500.0,33243,0.0,0.0
2022-12-08 00:00:00+09:00,12400.0,12600.0,12400.0,12550.0,6028,0.0,0.0
2022-12-09 00:00:00+09:00,12600.0,12650.0,12400.0,12600.0,8628,0.0,0.0
2022-12-12 00:00:00+09:00,12600.0,12650.0,12400.0,12550.0,3906,0.0,0.0
2022-12-13 00:00:00+09:00,12400.0,12700.0,12400.0,12550.0,4504,0.0,0.0
2022-12-14 00:00:00+09:00,12550.0,12650.0,11850.0,12550.0,10668,0.0,0.0
2022-12-15 00:00:00+09:00,12500.0,12750.0,12400.0,12550.0,8186,0.0,0.0
2022-12-16 00:00:00+09:00,12450.0,12500.0,12200.0,12250.0,10567,0.0,0.0
2022-12-19 00:00:00+09:00,12100.0,12450.0,12100.0,12300.0,3664,0.0,0.0
2022-12-20 00:00:00+09:00,12050.0,12300.0,11900.0,12050.0,6795,0.0,0.0
2022-12-21 00:00:00+09:00,11950.0,12200.0,11750.0,11800.0,9120,0.0,0.0
2022-12-22 00:00:00+09:00,11850.0,12000.0,11800.0,11900.0,4179,0.0,0.0
2022-12-23 00:00:00+09:00,11900.0,11900.0,11500.0,11500.0,9288,0.0,0.0
2022-12-26 00:00:00+09:00,11500.0,11800.0,11300.0,11400.0,14747,0.0,0.0
2022-12-27 00:00:00+09:00,11600.0,11600.0,11350.0,11450.0,5193,0.0,0.0
2022-12-28 00:00:00+09:00,11500.0,11500.0,11300.0,11400.0,3473,0.0,0.0
2022-12-29 00:00:00+09:00,11200.0,11450.0,11200.0,11250.0,6095,0.0,0.0
2023-01-02 00:00:00+09:00,11200.0,11300.0,10550.0,10750.0,20663,0.0,0.0
2023-01-03 00:00:00+09:00,10500.0,10800.0,10400.0,10600.0,15459,0.0,0.0
2023-01-04 00:00:00+09:00,10350.0,10950.0,10350.0,10850.0,12176,0.0,0.0
2023-01-05 00:00:00+09:00,10750.0,11000.0,10700.0,10850.0,8998,0.0,0.0
2023-01-06 00:00:00+09:00,10800.0,11100.0,10750.0,11100.0,5881,0.0,0.0
2023-01-09 00:00:00+09:00,11200.0,11350.0,11150.0,11200.0,7889,0.0,0.0
2023-01-10 00:00:00+09:00,11200.0,11300.0,11050.0,11050.0,8701,0.0,0.0
2023-01-11 00:00:00+09:00,11100.0,11200.0,11050.0,11050.0,8171,0.0,0.0
2023-01-12 00:00:00+09:00,11100.0,11300.0,11000.0,11300.0,15025,0.0,0.0
2023-01-13 00:00:00+09:00,11550.0,11950.0,11350.0,11950.0,25171,0.0,0.0
2023-01-16 00:00:00+09:00,11850.0,11900.0,11550.0,11750.0,20080,0.0,0.0
2023-01-17 00:00:00+09:00,11750.0,11750.0,11350.0,11550.0,8725,0.0,0.0
2023-01-18 00:00:00+09:00,11500.0,11600.0,11350.0,11600.0,4981,0.0,0.0
2023-01-19 00:00:00+09:00,11550.0,11800.0,11450.0,11800.0,6373,0.0,0.0
2023-01-20 00:00:00+09:00,11650.0,11900.0,11600.0,11900.0,11538,0.0,0.0
2023-01-25 00:00:00+09:00,11900.0,12000.0,11790.0,11900.0,35802,0.0,0.0
2023-01-26 00:00:00+09:00,11970.0,12250.0,11810.0,12060.0,32232,0.0,0.0
2023-01-27 00:00:00+09:00,12100.0,12320.0,12010.0,12030.0,18428,0.0,0.0
2023-01-30 00:00:00+09:00,12040.0,12100.0,11710.0,11790.0,7728,0.0,0.0
2023-01-31 00:00:00+09:00,11540.0,11930.0,11450.0,11640.0,36458,0.0,0.0
2023-02-01 00:00:00+09:00,11750.0,11850.0,11570.0,11600.0,34312,0.0,0.0
2023-02-02 00:00:00+09:00,11770.0,12240.0,11670.0,12070.0,54038,0.0,0.0
2023-02-03 00:00:00+09:00,12060.0,12350.0,11990.0,12350.0,24344,0.0,0.0
2023-02-06 00:00:00+09:00,12350.0,12350.0,12130.0,12250.0,17353,0.0,0.0
2023-02-07 00:00:00+09:00,12250.0,12390.0,12150.0,12250.0,10204,0.0,0.0
2023-02-08 00:00:00+09:00,12230.0,12590.0,12230.0,12460.0,33997,0.0,0.0
2023-02-09 00:00:00+09:00,12510.0,12830.0,12330.0,12740.0,27951,0.0,0.0
2023-02-10 00:00:00+09:00,12760.0,13200.0,12600.0,12750.0,99022,0.0,0.0
2023-02-13 00:00:00+09:00,12940.0,12940.0,12410.0,12520.0,14423,0.0,0.0
2023-02-14 00:00:00+09:00,12590.0,12600.0,12470.0,12530.0,17689,0.0,0.0
2023-02-15 00:00:00+09:00,12530.0,12640.0,12200.0,12400.0,17568,0.0,0.0
2023-02-16 00:00:00+09:00,12390.0,12510.0,12370.0,12400.0,13120,0.0,0.0
2023-02-17 00:00:00+09:00,12400.0,12400.0,12240.0,12350.0,13230,0.0,0.0
2023-02-20 00:00:00+09:00,12580.0,12580.0,12200.0,12370.0,8404,0.0,0.0
2023-02-21 00:00:00+09:00,12440.0,12440.0,12080.0,12280.0,35586,0.0,0.0
2023-02-22 00:00:00+09:00,12260.0,12260.0,12050.0,12090.0,8525,0.0,0.0
2023-02-23 00:00:00+09:00,12070.0,12100.0,12000.0,12090.0,14461,0.0,0.0
2023-02-24 00:00:00+09:00,12100.0,12200.0,12000.0,12040.0,8778,0.0,0.0
2023-02-27 00:00:00+09:00,12040.0,12040.0,11730.0,11750.0,12310,0.0,0.0
2023-02-28 00:00:00+09:00,11800.0,11840.0,11750.0,11760.0,9305,0.0,0.0
2023-03-02 00:00:00+09:00,11800.0,11940.0,11700.0,11750.0,7740,0.0,0.0
2023-03-03 00:00:00+09:00,11650.0,12030.0,11650.0,11850.0,10776,0.0,0.0
2023-03-06 00:00:00+09:00,11870.0,12120.0,11780.0,12050.0,19543,0.0,0.0
2023-03-07 00:00:00+09:00,12060.0,12100.0,11910.0,12050.0,9932,0.0,0.0
2023-03-08 00:00:00+09:00,12060.0,12060.0,11840.0,11850.0,17793,0.0,0.0
2023-03-09 00:00:00+09:00,11850.0,12500.0,11830.0,12390.0,47053,0.0,0.0
2023-03-10 00:00:00+09:00,12260.0,12380.0,12010.0,12050.0,21876,0.0,0.0
2023-03-13 00:00:00+09:00,11800.0,12650.0,11800.0,12250.0,45086,0.0,0.0
2023-03-14 00:00:00+09:00,12250.0,12300.0,11700.0,11720.0,24234,0.0,0.0
2023-03-15 00:00:00+09:00,11810.0,12380.0,11810.0,12330.0,30081,0.0,0.0
2023-03-16 00:00:00+09:00,12490.0,12530.0,12130.0,12300.0,16912,0.0,0.0
2023-03-17 00:00:00+09:00,12320.0,12810.0,12320.0,12540.0,42181,0.0,0.0
2023-03-20 00:00:00+09:00,12550.0,12600.0,12310.0,12440.0,31715,0.0,0.0
2023-03-21 00:00:00+09:00,12420.0,12480.0,12300.0,12310.0,10607,0.0,0.0
2023-03-22 00:00:00+09:00,12200.0,12380.0,12200.0,12310.0,21429,0.0,0.0
2023-03-23 00:00:00+09:00,12250.0,12450.0,12050.0,12160.0,22599,0.0,0.0
2023-03-24 00:00:00+09:00,12160.0,12800.0,12160.0,12740.0,71073,0.0,0.0
2023-03-27 00:00:00+09:00,12780.0,12830.0,12450.0,12780.0,27075,0.0,0.0
2023-03-28 00:00:00+09:00,12780.0,13050.0,12780.0,12900.0,31436,0.0,0.0
2023-03-29 00:00:00+09:00,13000.0,13040.0,12720.0,12840.0,19364,0.0,0.0
2023-03-30 00:00:00+09:00,12780.0,13200.0,12730.0,13050.0,43708,0.0,0.0
2023-03-31 00:00:00+09:00,13120.0,13120.0,12810.0,12970.0,21273,0.0,0.0
2023-04-03 00:00:00+09:00,13080.0,13080.0,12640.0,12760.0,13810,0.0,0.0
2023-04-04 00:00:00+09:00,12820.0,12930.0,12590.0,12890.0,23765,0.0,0.0
2023-04-05 00:00:00+09:00,12850.0,12900.0,12600.0,12740.0,14140,0.0,0.0
2023-04-06 00:00:00+09:00,12750.0,12750.0,12460.0,12570.0,26940,0.0,0.0
2023-04-07 00:00:00+09:00,12570.0,12890.0,12400.0,12780.0,24016,0.0,0.0
2023-04-10 00:00:00+09:00,13000.0,13000.0,12200.0,12220.0,23517,0.0,0.0
2023-04-11 00:00:00+09:00,12310.0,12760.0,12020.0,12600.0,22104,0.0,0.0
2023-04-12 00:00:00+09:00,12730.0,12740.0,12350.0,12600.0,14846,0.0,0.0
2023-04-13 00:00:00+09:00,12680.0,12680.0,12300.0,12490.0,15945,0.0,0.0
2023-04-14 00:00:00+09:00,12490.0,12650.0,12400.0,12470.0,21006,0.0,0.0
2023-04-17 00:00:00+09:00,12500.0,12800.0,12390.0,12740.0,16063,0.0,0.0
2023-04-18 00:00:00+09:00,12800.0,12800.0,12400.0,12410.0,12077,0.0,0.0
2023-04-19 00:00:00+09:00,12410.0,12660.0,12340.0,12600.0,19204,0.0,0.0
2023-04-20 00:00:00+09:00,12600.0,12650.0,12320.0,12460.0,17395,0.0,0.0
2023-04-21 00:00:00+09:00,12370.0,12700.0,12180.0,12340.0,13792,0.0,0.0
2023-04-24 00:00:00+09:00,12340.0,12620.0,12180.0,12260.0,22875,0.0,0.0
2023-04-25 00:00:00+09:00,12190.0,12700.0,12190.0,12410.0,40009,0.0,0.0
2023-04-26 00:00:00+09:00,12400.0,12400.0,11930.0,11990.0,28499,0.0,0.0
2023-04-27 00:00:00+09:00,11900.0,12630.0,11850.0,12420.0,69460,0.0,0.0
2023-04-28 00:00:00+09:00,12450.0,12650.0,11900.0,11990.0,19571,0.0,0.0
2023-05-02 00:00:00+09:00,12000.0,12480.0,11850.0,12400.0,19549,0.0,0.0
2023-05-03 00:00:00+09:00,12250.0,12440.0,12010.0,12340.0,6718,0.0,0.0
2023-05-04 00:00:00+09:00,12220.0,12270.0,12200.0,12240.0,5319,0.0,0.0
2023-05-08 00:00:00+09:00,12250.0,12740.0,12210.0,12630.0,71691,0.0,0.0
2023-05-09 00:00:00+09:00,12650.0,12650.0,12380.0,12530.0,13629,0.0,0.0
2023-05-10 00:00:00+09:00,12530.0,12750.0,12360.0,12480.0,15373,0.0,0.0
2023-05-11 00:00:00+09:00,12500.0,12550.0,12450.0,12510.0,6982,0.0,0.0
2023-05-12 00:00:00+09:00,12590.0,12600.0,12360.0,12510.0,9773,0.0,0.0
2023-05-15 00:00:00+09:00,12510.0,12510.0,12290.0,12370.0,5919,0.0,0.0
2023-05-16 00:00:00+09:00,12310.0,12450.0,12050.0,12200.0,17328,0.0,0.0
2023-05-17 00:00:00+09:00,11980.0,12500.0,11980.0,12390.0,6519,0.0,0.0
2023-05-18 00:00:00+09:00,12400.0,12680.0,12400.0,12530.0,19189,0.0,0.0
2023-05-19 00:00:00+09:00,12580.0,12970.0,12530.0,12790.0,39983,0.0,0.0
2023-05-22 00:00:00+09:00,12780.0,12980.0,12660.0,12840.0,12105,0.0,0.0
2023-05-23 00:00:00+09:00,12790.0,12800.0,12610.0,12670.0,11619,0.0,0.0
2023-05-24 00:00:00+09:00,12550.0,12650.0,12390.0,12390.0,21074,0.0,0.0
2023-05-25 00:00:00+09:00,12390.0,12450.0,12310.0,12430.0,6575,0.0,0.0
2023-05-26 00:00:00+09:00,12430.0,12670.0,12430.0,12510.0,7536,0.0,0.0
2023-05-30 00:00:00+09:00,12690.0,12730.0,12540.0,12660.0,10112,0.0,0.0
2023-05-31 00:00:00+09:00,12660.0,12780.0,12600.0,12650.0,7221,0.0,0.0
2023-06-01 00:00:00+09:00,12650.0,12650.0,12460.0,12560.0,7504,0.0,0.0
2023-06-02 00:00:00+09:00,12560.0,12680.0,12510.0,12570.0,5748,0.0,0.0
2023-06-05 00:00:00+09:00,12600.0,12670.0,12400.0,12560.0,7806,0.0,0.0
2023-06-07 00:00:00+09:00,12640.0,12890.0,12550.0,12800.0,31334,0.0,0.0
2023-06-08 00:00:00+09:00,12840.0,12990.0,12670.0,12900.0,23098,0.0,0.0
2023-06-09 00:00:00+09:00,12840.0,12990.0,12710.0,12820.0,9902,0.0,0.0
2023-06-12 00:00:00+09:00,12820.0,12940.0,12620.0,12900.0,14059,0.0,0.0
2023-06-13 00:00:00+09:00,13100.0,14320.0,12980.0,14320.0,301640,0.0,0.0
2023-06-14 00:00:00+09:00,14330.0,14350.0,13350.0,13590.0,141558,0.0,0.0
2023-06-15 00:00:00+09:00,13670.0,14030.0,13500.0,13840.0,81344,0.0,0.0
2023-06-16 00:00:00+09:00,13940.0,13940.0,13550.0,13710.0,36334,0.0,0.0
2023-06-19 00:00:00+09:00,13590.0,14010.0,13440.0,13900.0,41000,0.0,0.0
2023-06-20 00:00:00+09:00,13900.0,13930.0,13680.0,13810.0,23350,0.0,0.0
2023-06-21 00:00:00+09:00,14970.0,17950.0,14730.0,17950.0,816145,0.0,0.0
2023-06-22 00:00:00+09:00,19670.0,20000.0,16160.0,16400.0,1983355,0.0,0.0
2023-06-23 00:00:00+09:00,16500.0,16550.0,15530.0,15680.0,267885,0.0,0.0
2023-06-26 00:00:00+09:00,15870.0,16400.0,15670.0,15880.0,257795,0.0,0.0
2023-06-27 00:00:00+09:00,16220.0,17590.0,16030.0,17310.0,1143023,0.0,0.0
2023-06-28 00:00:00+09:00,17140.0,17310.0,16440.0,16460.0,248364,0.0,0.0
2023-06-29 00:00:00+09:00,16700.0,16870.0,15760.0,15840.0,175282,0.0,0.0
2023-06-30 00:00:00+09:00,15840.0,16850.0,15380.0,16850.0,176640,0.0,0.0
2023-07-03 00:00:00+09:00,16750.0,17220.0,16610.0,17090.0,180820,0.0,0.0
2023-07-04 00:00:00+09:00,17040.0,17350.0,16090.0,17310.0,297253,0.0,0.0
2023-07-05 00:00:00+09:00,16780.0,17090.0,16280.0,16280.0,180328,0.0,0.0
2023-07-06 00:00:00+09:00,16150.0,16280.0,15660.0,15660.0,92565,0.0,0.0
2023-07-07 00:00:00+09:00,15600.0,15740.0,14700.0,14860.0,134549,0.0,0.0
2023-07-10 00:00:00+09:00,14880.0,14920.0,14200.0,14220.0,70638,0.0,0.0
2023-07-12 00:00:00+09:00,14620.0,15300.0,14620.0,15020.0,77714,0.0,0.0
2023-07-13 00:00:00+09:00,15020.0,17240.0,14970.0,15550.0,588088,0.0,0.0
2023-07-14 00:00:00+09:00,15570.0,15980.0,15430.0,15860.0,96574,0.0,0.0
2023-07-17 00:00:00+09:00,15870.0,16300.0,15400.0,16010.0,97050,0.0,0.0
2023-07-18 00:00:00+09:00,16000.0,16100.0,15150.0,15290.0,61335,0.0,0.0
2023-07-19 00:00:00+09:00,15090.0,15540.0,15030.0,15190.0,29075,0.0,0.0
2023-07-20 00:00:00+09:00,15190.0,15580.0,15090.0,15580.0,25613,0.0,0.0
2023-07-21 00:00:00+09:00,15220.0,15530.0,15060.0,15260.0,37404,0.0,0.0
2023-07-24 00:00:00+09:00,15160.0,15160.0,14100.0,14550.0,40437,0.0,0.0
2023-07-25 00:00:00+09:00,14550.0,14850.0,14240.0,14570.0,41345,0.0,0.0
2023-07-26 00:00:00+09:00,14360.0,14510.0,13510.0,13910.0,82907,0.0,0.0
2023-07-27 00:00:00+09:00,13770.0,14270.0,13770.0,13920.0,38358,0.0,0.0
2023-07-28 00:00:00+09:00,14120.0,14720.0,13940.0,14610.0,44844,0.0,0.0
2023-07-31 00:00:00+09:00,14720.0,15310.0,14510.0,15310.0,22313,0.0,0.0
2023-08-01 00:00:00+09:00,15270.0,15270.0,14800.0,15050.0,30291,0.0,0.0
2023-08-02 00:00:00+09:00,15000.0,15030.0,14590.0,14640.0,19255,0.0,0.0
2023-08-03 00:00:00+09:00,14360.0,14550.0,14060.0,14270.0,26670,0.0,0.0
2023-08-04 00:00:00+09:00,14270.0,14500.0,14060.0,14500.0,17094,0.0,0.0
2023-08-07 00:00:00+09:00,14580.0,14600.0,13970.0,14600.0,33155,0.0,0.0
2023-08-08 00:00:00+09:00,14620.0,14620.0,13990.0,14120.0,42739,0.0,0.0
2023-08-09 00:00:00+09:00,14000.0,14920.0,13990.0,14580.0,44679,0.0,0.0
2023-08-10 00:00:00+09:00,14550.0,14600.0,14200.0,14370.0,20107,0.0,0.0
2023-08-11 00:00:00+09:00,14470.0,14560.0,14310.0,14530.0,23200,0.0,0.0
2023-08-14 00:00:00+09:00,14200.0,14300.0,13610.0,13730.0,44185,0.0,0.0
2023-08-16 00:00:00+09:00,13650.0,13680.0,13110.0,13350.0,27878,0.0,0.0
2023-08-17 00:00:00+09:00,13130.0,13680.0,13050.0,13680.0,19725,0.0,0.0
2023-08-18 00:00:00+09:00,13350.0,13950.0,13350.0,13890.0,24956,0.0,0.0
2023-08-21 00:00:00+09:00,13950.0,15180.0,13910.0,15020.0,115545,0.0,0.0
2023-08-22 00:00:00+09:00,15220.0,19450.0,15220.0,17400.0,3790378,0.0,0.0
2023-08-23 00:00:00+09:00,17050.0,17320.0,16020.0,16820.0,704536,0.0,0.0
2023-08-24 00:00:00+09:00,16350.0,18310.0,15020.0,16300.0,1726160,0.0,0.0
2023-08-25 00:00:00+09:00,16150.0,17210.0,16060.0,16310.0,831289,0.0,0.0
2023-08-28 00:00:00+09:00,17120.0,20250.0,17110.0,18440.0,4614349,0.0,0.0
2023-08-29 00:00:00+09:00,17960.0,17970.0,16860.0,16860.0,643781,0.0,0.0
2023-08-30 00:00:00+09:00,16820.0,16930.0,16300.0,16330.0,288381,0.0,0.0
2023-08-31 00:00:00+09:00,16300.0,16390.0,15450.0,15530.0,257517,0.0,0.0
2023-09-01 00:00:00+09:00,15600.0,15830.0,15130.0,15200.0,220796,0.0,0.0
2023-09-04 00:00:00+09:00,15090.0,15180.0,14240.0,14290.0,206820,0.0,0.0
2023-09-05 00:00:00+09:00,14290.0,14600.0,13940.0,13960.0,133431,0.0,0.0
2023-09-06 00:00:00+09:00,14040.0,14050.0,13720.0,13730.0,88836,0.0,0.0
2023-09-07 00:00:00+09:00,13680.0,13970.0,13310.0,13460.0,97192,0.0,0.0
2023-09-08 00:00:00+09:00,13400.0,14410.0,13190.0,13850.0,228469,0.0,0.0
2023-09-11 00:00:00+09:00,13570.0,13810.0,13200.0,13320.0,94357,0.0,0.0
2023-09-12 00:00:00+09:00,13570.0,13580.0,13030.0,13070.0,62140,0.0,0.0
2023-09-13 00:00:00+09:00,13060.0,13170.0,12470.0,12590.0,88158,0.0,0.0
2023-09-14 00:00:00+09:00,12570.0,12890.0,12510.0,12590.0,33538,0.0,0.0
2023-09-15 00:00:00+09:00,12590.0,12870.0,12550.0,12580.0,31377,0.0,0.0
2023-09-18 00:00:00+09:00,12770.0,12770.0,12230.0,12290.0,49242,0.0,0.0
2023-09-19 00:00:00+09:00,12240.0,12600.0,12070.0,12100.0,34163,0.0,0.0
2023-09-20 00:00:00+09:00,12010.0,12270.0,11900.0,12210.0,32545,0.0,0.0
2023-09-21 00:00:00+09:00,12010.0,12300.0,11500.0,11660.0,61012,0.0,0.0
2023-09-22 00:00:00+09:00,11690.0,11740.0,11380.0,11420.0,38525,0.0,0.0
2023-09-25 00:00:00+09:00,11330.0,11790.0,11100.0,11120.0,46789,0.0,0.0
2023-09-26 00:00:00+09:00,11120.0,11280.0,11030.0,11090.0,33859,0.0,0.0
2023-09-27 00:00:00+09:00,11000.0,11240.0,11000.0,11230.0,18341,0.0,0.0
2023-10-04 00:00:00+09:00,11290.0,11780.0,11150.0,11460.0,76025,0.0,0.0
2023-10-05 00:00:00+09:00,11520.0,11680.0,11100.0,11300.0,27752,0.0,0.0
2023-10-06 00:00:00+09:00,11010.0,11440.0,11010.0,11380.0,22969,0.0,0.0
2023-10-10 00:00:00+09:00,11380.0,11490.0,10840.0,10840.0,35249,0.0,0.0
2023-10-11 00:00:00+09:00,11090.0,11320.0,10950.0,11250.0,18952,0.0,0.0
2023-10-12 00:00:00+09:00,11160.0,11580.0,11160.0,11390.0,19927,0.0,0.0
2023-10-13 00:00:00+09:00,11330.0,11550.0,10990.0,11030.0,23013,0.0,0.0
2023-10-16 00:00:00+09:00,11080.0,11140.0,10580.0,10670.0,41132,0.0,0.0
2023-10-17 00:00:00+09:00,10670.0,11030.0,10510.0,10850.0,17372,0.0,0.0
2023-10-18 00:00:00+09:00,10850.0,10870.0,10520.0,10660.0,22508,0.0,0.0
2023-10-19 00:00:00+09:00,10720.0,10720.0,10150.0,10310.0,41004,0.0,0.0
2023-10-20 00:00:00+09:00,10160.0,10310.0,9890.0,10000.0,52821,0.0,0.0
2023-10-23 00:00:00+09:00,9770.0,10290.0,9770.0,10010.0,24440,0.0,0.0
2023-10-24 00:00:00+09:00,9930.0,10310.0,9680.0,10300.0,26152,0.0,0.0
2023-10-25 00:00:00+09:00,10270.0,10390.0,10110.0,10210.0,12188,0.0,0.0
2023-10-26 00:00:00+09:00,9850.0,10290.0,9800.0,9850.0,21360,0.0,0.0
2023-10-27 00:00:00+09:00,9730.0,10170.0,9700.0,9820.0,31588,0.0,0.0
2023-10-30 00:00:00+09:00,9710.0,9990.0,9710.0,9940.0,9946,0.0,0.0
2023-10-31 00:00:00+09:00,9910.0,10110.0,9650.0,9720.0,27094,0.0,0.0
2023-11-01 00:00:00+09:00,9730.0,9950.0,9720.0,9820.0,10844,0.0,0.0
2023-11-02 00:00:00+09:00,9900.0,10260.0,9900.0,10110.0,20051,0.0,0.0
2023-11-03 00:00:00+09:00,10190.0,10410.0,10110.0,10300.0,17457,0.0,0.0
2023-11-06 00:00:00+09:00,10300.0,10680.0,10300.0,10600.0,24902,0.0,0.0
2023-11-07 00:00:00+09:00,10610.0,10610.0,10200.0,10500.0,19013,0.0,0.0
2023-11-08 00:00:00+09:00,10430.0,10620.0,10290.0,10330.0,17173,0.0,0.0
2023-11-09 00:00:00+09:00,10220.0,10460.0,10220.0,10370.0,6993,0.0,0.0
2023-11-10 00:00:00+09:00,10330.0,10360.0,10000.0,10240.0,11818,0.0,0.0
2023-11-13 00:00:00+09:00,10240.0,10240.0,9890.0,9980.0,19445,0.0,0.0
2023-11-14 00:00:00+09:00,9840.0,10130.0,9840.0,10130.0,13917,0.0,0.0
2023-11-15 00:00:00+09:00,10130.0,10310.0,9860.0,10290.0,19388,0.0,0.0
2023-11-16 00:00:00+09:00,10290.0,10400.0,10150.0,10400.0,6040,0.0,0.0
2023-11-17 00:00:00+09:00,10400.0,10450.0,10060.0,10170.0,11916,0.0,0.0
2023-11-20 00:00:00+09:00,10160.0,10440.0,10070.0,10410.0,13890,0.0,0.0
2023-11-21 00:00:00+09:00,10480.0,10490.0,10320.0,10400.0,7375,0.0,0.0
2023-11-22 00:00:00+09:00,10400.0,10500.0,10220.0,10370.0,11648,0.0,0.0
2023-11-23 00:00:00+09:00,10390.0,10390.0,10260.0,10300.0,7016,0.0,0.0
2023-11-24 00:00:00+09:00,10260.0,10350.0,10180.0,10350.0,13673,0.0,0.0
2023-11-27 00:00:00+09:00,10280.0,10370.0,9970.0,9990.0,28331,0.0,0.0
2023-11-28 00:00:00+09:00,9990.0,10290.0,9990.0,10130.0,11232,0.0,0.0
2023-11-29 00:00:00+09:00,10050.0,10190.0,9990.0,10000.0,8543,0.0,0.0
2023-11-30 00:00:00+09:00,9990.0,10160.0,9990.0,10130.0,6039,0.0,0.0
2023-12-01 00:00:00+09:00,10100.0,10100.0,9890.0,10050.0,12484,0.0,0.0
2023-12-04 00:00:00+09:00,10100.0,10100.0,9770.0,9900.0,23156,0.0,0.0
2023-12-05 00:00:00+09:00,9930.0,9930.0,9610.0,9740.0,23945,0.0,0.0
2023-12-06 00:00:00+09:00,9740.0,9740.0,9610.0,9730.0,11618,0.0,0.0
2023-12-07 00:00:00+09:00,9740.0,9830.0,9650.0,9730.0,8805,0.0,0.0
2023-12-08 00:00:00+09:00,9670.0,9940.0,9670.0,9870.0,18939,0.0,0.0
2023-12-11 00:00:00+09:00,9920.0,9940.0,9830.0,9920.0,14027,0.0,0.0
2023-12-12 00:00:00+09:00,9950.0,10060.0,9850.0,10060.0,12800,0.0,0.0
2023-12-13 00:00:00+09:00,10070.0,10110.0,9960.0,9990.0,8658,0.0,0.0
2023-12-14 00:00:00+09:00,10150.0,10190.0,9980.0,10080.0,16210,0.0,0.0
2023-12-15 00:00:00+09:00,10090.0,10330.0,10070.0,10180.0,22546,0.0,0.0
2023-12-18 00:00:00+09:00,10200.0,10210.0,10040.0,10190.0,7776,0.0,0.0
2023-12-19 00:00:00+09:00,10190.0,10190.0,10080.0,10160.0,5492,0.0,0.0
2023-12-20 00:00:00+09:00,10170.0,10450.0,10090.0,10270.0,14989,0.0,0.0
2023-12-21 00:00:00+09:00,10120.0,10390.0,10110.0,10190.0,14313,0.0,0.0
2023-12-22 00:00:00+09:00,10210.0,10280.0,10140.0,10170.0,10837,0.0,0.0
2023-12-26 00:00:00+09:00,10170.0,10220.0,10100.0,10180.0,7442,0.0,0.0
2023-12-27 00:00:00+09:00,10180.0,10200.0,10030.0,10120.0,5160,0.0,0.0
2023-12-28 00:00:00+09:00,10190.0,10510.0,10050.0,10310.0,50339,0.0,0.0
2024-01-02 00:00:00+09:00,10370.0,10510.0,10320.0,10460.0,29367,0.0,0.0
2024-01-03 00:00:00+09:00,10460.0,10460.0,10310.0,10390.0,10036,0.0,0.0
2024-01-04 00:00:00+09:00,10390.0,10870.0,10310.0,10730.0,63664,0.0,0.0
2024-01-05 00:00:00+09:00,10740.0,10740.0,10510.0,10600.0,15061,0.0,0.0
2024-01-08 00:00:00+09:00,10590.0,10590.0,10360.0,10460.0,12950,0.0,0.0
2024-01-09 00:00:00+09:00,10480.0,10660.0,10460.0,10600.0,14325,0.0,0.0
2024-01-10 00:00:00+09:00,10510.0,10650.0,10410.0,10600.0,9321,0.0,0.0
2024-01-11 00:00:00+09:00,10530.0,10600.0,10470.0,10480.0,9318,0.0,0.0
2024-01-12 00:00:00+09:00,10410.0,10540.0,10200.0,10340.0,13703,0.0,0.0
2024-01-15 00:00:00+09:00,10340.0,10340.0,9970.0,10180.0,11049,0.0,0.0
2024-01-16 00:00:00+09:00,10170.0,10170.0,9970.0,10090.0,12976,0.0,0.0
2024-01-17 00:00:00+09:00,10010.0,10010.0,9750.0,9810.0,16269,0.0,0.0
2024-01-19 00:00:00+09:00,9820.0,9970.0,9820.0,9900.0,6118,0.0,0.0
2024-01-22 00:00:00+09:00,9920.0,10120.0,9900.0,10090.0,10163,0.0,0.0
2024-01-23 00:00:00+09:00,10000.0,10160.0,9970.0,10140.0,8139,0.0,0.0
2024-01-24 00:00:00+09:00,10120.0,10140.0,9970.0,10030.0,6707,0.0,0.0
2024-01-25 00:00:00+09:00,10030.0,10030.0,9870.0,9890.0,8088,0.0,0.0
2024-01-26 00:00:00+09:00,9810.0,10090.0,9810.0,9980.0,6783,0.0,0.0
2024-01-29 00:00:00+09:00,9930.0,9970.0,9800.0,9890.0,10541,0.0,0.0
2024-01-30 00:00:00+09:00,9950.0,10000.0,9850.0,9890.0,9422,0.0,0.0
2024-01-31 00:00:00+09:00,9890.0,9890.0,9700.0,9770.0,15779,0.0,0.0
2024-02-01 00:00:00+09:00,9700.0,9800.0,9690.0,9760.0,4153,0.0,0.0
2024-02-02 00:00:00+09:00,9700.0,9900.0,9700.0,9890.0,10533,0.0,0.0
2024-02-05 00:00:00+09:00,9990.0,9990.0,9710.0,9750.0,12936,0.0,0.0
2024-02-06 00:00:00+09:00,9700.0,9770.0,9640.0,9690.0,9385,0.0,0.0
2024-02-07 00:00:00+09:00,9650.0,9770.0,9620.0,9700.0,16122,0.0,0.0
2024-02-08 00:00:00+09:00,9700.0,9740.0,9650.0,9740.0,9194,0.0,0.0
2024-02-13 00:00:00+09:00,9750.0,9860.0,9690.0,9820.0,17926,0.0,0.0
2024-02-14 00:00:00+09:00,9720.0,9910.0,9690.0,9890.0,11938,0.0,0.0
2024-02-15 00:00:00+09:00,9890.0,9910.0,9750.0,9860.0,6644,0.0,0.0
2024-02-16 00:00:00+09:00,9900.0,9960.0,9820.0,9880.0,7195,0.0,0.0
2024-02-19 00:00:00+09:00,9880.0,9900.0,9780.0,9850.0,7091,0.0,0.0
2024-02-20 00:00:00+09:00,9840.0,9880.0,9720.0,9770.0,6865,0.0,0.0
2024-02-21 00:00:00+09:00,9760.0,9790.0,9660.0,9750.0,16478,0.0,0.0
2024-02-22 00:00:00+09:00,9770.0,9790.0,9700.0,9740.0,7771,0.0,0.0
2024-02-23 00:00:00+09:00,9790.0,9820.0,9710.0,9760.0,8676,0.0,0.0
2024-02-26 00:00:00+09:00,9730.0,9770.0,9610.0,9700.0,15174,0.0,0.0
2024-02-27 00:00:00+09:00,9640.0,9730.0,9610.0,9670.0,10265,0.0,0.0
2024-02-28 00:00:00+09:00,9670.0,9830.0,9660.0,9780.0,8847,0.0,0.0
2024-02-29 00:00:00+09:00,9770.0,9780.0,9630.0,9670.0,13259,0.0,0.0
2024-03-04 00:00:00+09:00,9660.0,9720.0,9620.0,9660.0,9466,0.0,0.0
2024-03-05 00:00:00+09:00,9620.0,9790.0,9450.0,9500.0,23417,0.0,0.0
2024-03-06 00:00:00+09:00,9480.0,9480.0,9180.0,9250.0,35113,0.0,0.0
2024-03-07 00:00:00+09:00,9390.0,9390.0,9120.0,9140.0,15887,0.0,0.0
2024-03-08 00:00:00+09:00,9160.0,9280.0,9090.0,9230.0,11422,0.0,0.0
2024-03-11 00:00:00+09:00,9220.0,9360.0,9170.0,9360.0,7881,0.0,0.0
2024-03-12 00:00:00+09:00,9380.0,9400.0,9220.0,9350.0,12449,0.0,0.0
2024-03-13 00:00:00+09:00,9350.0,9370.0,9130.0,9280.0,8590,0.0,0.0
2024-03-14 00:00:00+09:00,9270.0,9270.0,9050.0,9240.0,19420,0.0,0.0
2024-03-15 00:00:00+09:00,9240.0,9240.0,9110.0,9190.0,9082,0.0,0.0
2024-03-18 00:00:00+09:00,9190.0,9210.0,9040.0,9190.0,7193,0.0,0.0
2024-03-19 00:00:00+09:00,9200.0,9200.0,9040.0,9070.0,16865,0.0,0.0
2024-03-20 00:00:00+09:00,9100.0,9100.0,8950.0,8990.0,15872,0.0,0.0
2024-03-21 00:00:00+09:00,9100.0,9100.0,9000.0,9050.0,9662,0.0,0.0
2024-03-22 00:00:00+09:00,9050.0,9090.0,8980.0,9060.0,10012,0.0,0.0
2024-03-25 00:00:00+09:00,9060.0,9070.0,8950.0,9000.0,8957,0.0,0.0
2024-03-26 00:00:00+09:00,8930.0,9050.0,8930.0,8990.0,9260,0.0,0.0
2024-03-27 00:00:00+09:00,8930.0,8980.0,8750.0,8880.0,29881,0.0,0.0
2024-03-28 00:00:00+09:00,8860.0,8890.0,8720.0,8870.0,15199,0.0,0.0
2024-03-29 00:00:00+09:00,8910.0,9050.0,8870.0,8930.0,7864,0.0,0.0
2024-04-01 00:00:00+09:00,8930.0,9020.0,8820.0,9000.0,8596,0.0,0.0
2024-04-02 00:00:00+09:00,9010.0,9020.0,8710.0,8750.0,23347,0.0,0.0
2024-04-03 00:00:00+09:00,8650.0,8740.0,8640.0,8700.0,12074,0.0,0.0
2024-04-04 00:00:00+09:00,8790.0,8790.0,8640.0,8740.0,7238,0.0,0.0
2024-04-05 00:00:00+09:00,8630.0,8960.0,8630.0,8700.0,13155,0.0,0.0
2024-04-08 00:00:00+09:00,8820.0,8820.0,8400.0,8480.0,24130,0.0,0.0
2024-04-09 00:00:00+09:00,8410.0,8480.0,8400.0,8450.0,7522,0.0,0.0
2024-04-11 00:00:00+09:00,8400.0,8460.0,8390.0,8430.0,4285,0.0,0.0
2024-04-12 00:00:00+09:00,8390.0,8460.0,8370.0,8450.0,8869,0.0,0.0
2024-04-15 00:00:00+09:00,8360.0,8490.0,8350.0,8430.0,6299,0.0,0.0
2024-04-16 00:00:00+09:00,8440.0,8450.0,8240.0,8240.0,12471,0.0,0.0
2024-04-17 00:00:00+09:00,8220.0,8300.0,8190.0,8290.0,6660,0.0,0.0
2024-04-18 00:00:00+09:00,8220.0,8390.0,8220.0,8350.0,3384,0.0,0.0
2024-04-19 00:00:00+09:00,8370.0,8370.0,8000.0,8040.0,25808,0.0,0.0
2024-04-22 00:00:00+09:00,8040.0,8070.0,7990.0,8040.0,9324,0.0,0.0
2024-04-23 00:00:00+09:00,8080.0,8140.0,8030.0,8130.0,2046,0.0,0.0
2024-04-24 00:00:00+09:00,8170.0,8220.0,8110.0,8130.0,9835,0.0,0.0
2024-04-25 00:00:00+09:00,8180.0,8690.0,8080.0,8490.0,56574,0.0,0.0
2024-04-26 00:00:00+09:00,8490.0,9090.0,8490.0,8840.0,149066,0.0,0.0
2024-04-29 00:00:00+09:00,8810.0,9280.0,8750.0,9180.0,72964,0.0,0.0
2024-04-30 00:00:00+09:00,9180.0,9800.0,9020.0,9660.0,157464,0.0,0.0
2024-05-02 00:00:00+09:00,9570.0,12430.0,9480.0,11900.0,3644405,0.0,0.0
2024-05-03 00:00:00+09:00,10800.0,11740.0,10800.0,11350.0,760105,0.0,0.0
2024-05-07 00:00:00+09:00,11800.0,12090.0,11010.0,11320.0,497482,0.0,0.0
2024-05-08 00:00:00+09:00,11350.0,12480.0,11190.0,11960.0,760294,0.0,0.0
2024-05-09 00:00:00+09:00,11960.0,12340.0,11630.0,11990.0,418579,0.0,0.0
2024-05-10 00:00:00+09:00,12060.0,12120.0,11420.0,11450.0,147822,0.0,0.0
2024-05-13 00:00:00+09:00,11240.0,11250.0,10460.0,10590.0,159726,0.0,0.0
2024-05-14 00:00:00+09:00,10670.0,11110.0,10400.0,10750.0,132535,0.0,0.0
2024-05-16 00:00:00+09:00,10520.0,10870.0,10520.0,10590.0,63893,0.0,0.0
2024-05-17 00:00:00+09:00,10400.0,10580.0,10260.0,10270.0,38453,0.0,0.0
2024-05-20 00:00:00+09:00,10250.0,10450.0,10020.0,10090.0,53483,0.0,0.0
2024-05-21 00:00:00+09:00,10090.0,10160.0,9860.0,10000.0,43898,0.0,0.0
2024-05-22 00:00:00+09:00,10000.0,10100.0,9760.0,9820.0,42998,0.0,0.0
2024-05-23 00:00:00+09:00,9820.0,9950.0,9700.0,9810.0,38184,0.0,0.0
2024-05-24 00:00:00+09:00,9730.0,9850.0,9510.0,9670.0,47845,0.0,0.0
2024-05-27 00:00:00+09:00,9670.0,9740.0,9500.0,9670.0,28405,0.0,0.0
2024-05-28 00:00:00+09:00,9750.0,10340.0,9750.0,9900.0,73630,0.0,0.0
2024-05-29 00:00:00+09:00,9910.0,10240.0,9910.0,9990.0,31719,0.0,0.0
2024-05-30 00:00:00+09:00,10010.0,10050.0,9680.0,9700.0,24393,0.0,0.0
2024-05-31 00:00:00+09:00,9570.0,9680.0,9400.0,9600.0,28609,0.0,0.0
2024-06-03 00:00:00+09:00,9590.0,10020.0,9590.0,9910.0,26635,0.0,0.0
2024-06-04 00:00:00+09:00,9820.0,9980.0,9450.0,9630.0,38300,0.0,0.0
2024-06-05 00:00:00+09:00,9680.0,9740.0,9450.0,9540.0,27364,0.0,0.0
2024-06-07 00:00:00+09:00,9640.0,9660.0,9520.0,9660.0,9371,0.0,0.0
2024-06-10 00:00:00+09:00,9510.0,9820.0,9510.0,9650.0,19677,0.0,0.0
2024-06-11 00:00:00+09:00,9660.0,9680.0,9300.0,9300.0,25161,0.0,0.0
2024-06-12 00:00:00+09:00,9280.0,9390.0,9220.0,9280.0,13040,0.0,0.0
2024-06-13 00:00:00+09:00,9280.0,9350.0,9100.0,9180.0,14851,0.0,0.0
2024-06-14 00:00:00+09:00,9320.0,9320.0,8950.0,8960.0,15266,0.0,0.0
2024-06-17 00:00:00+09:00,8940.0,9020.0,8690.0,8830.0,16516,0.0,0.0
2024-06-18 00:00:00+09:00,8820.0,8940.0,8740.0,8940.0,10385,0.0,0.0
2024-06-19 00:00:00+09:00,8940.0,8970.0,8700.0,8770.0,9071,0.0,0.0
2024-06-20 00:00:00+09:00,8770.0,8860.0,8710.0,8710.0,7517,0.0,0.0
2024-06-21 00:00:00+09:00,8850.0,8850.0,8370.0,8510.0,15345,0.0,0.0
2024-06-24 00:00:00+09:00,8510.0,8510.0,8270.0,8400.0,22032,0.0,0.0
2024-06-25 00:00:00+09:00,8370.0,8430.0,8250.0,8420.0,6815,0.0,0.0
2024-06-26 00:00:00+09:00,8500.0,8740.0,8410.0,8660.0,13234,0.0,0.0
2024-06-27 00:00:00+09:00,8720.0,8920.0,8330.0,8490.0,15102,0.0,0.0
2024-06-28 00:00:00+09:00,8420.0,8420.0,8280.0,8300.0,14627,0.0,0.0
2024-07-01 00:00:00+09:00,8390.0,10490.0,8300.0,9560.0,1822170,0.0,0.0
2024-07-02 00:00:00+09:00,9400.0,9540.0,8900.0,8980.0,199865,0.0,0.0
2024-07-03 00:00:00+09:00,9900.0,10950.0,9780.0,9980.0,2306357,0.0,0.0
2024-07-04 00:00:00+09:00,9990.0,11990.0,9990.0,10370.0,3327028,0.0,0.0
2024-07-05 00:00:00+09:00,10260.0,10800.0,10200.0,10250.0,512787,0.0,0.0
2024-07-08 00:00:00+09:00,10240.0,10240.0,9630.0,9910.0,191680,0.0,0.0
2024-07-09 00:00:00+09:00,9840.0,10140.0,9520.0,9610.0,146201,0.0,0.0
2024-07-10 00:00:00+09:00,9610.0,11370.0,9560.0,10150.0,1642363,0.0,0.0
2024-07-11 00:00:00+09:00,10140.0,10740.0,9910.0,10070.0,414540,0.0,0.0
2024-07-12 00:00:00+09:00,10010.0,10010.0,9570.0,9620.0,112450,0.0,0.0
2024-07-15 00:00:00+09:00,9520.0,9650.0,9400.0,9610.0,70864,0.0,0.0
2024-07-16 00:00:00+09:00,9490.0,9530.0,9000.0,9100.0,72402,0.0,0.0
2024-07-17 00:00:00+09:00,9000.0,9100.0,8780.0,8780.0,55510,0.0,0.0
2024-07-18 00:00:00+09:00,8750.0,8770.0,8500.0,8620.0,37694,0.0,0.0
2024-07-19 00:00:00+09:00,8550.0,8690.0,8460.0,8650.0,19587,0.0,0.0
2024-07-22 00:00:00+09:00,8630.0,9000.0,8510.0,8760.0,26289,0.0,0.0
2024-07-23 00:00:00+09:00,8680.0,9050.0,8680.0,8830.0,36727,0.0,0.0
2024-07-24 00:00:00+09:00,8750.0,9000.0,8740.0,8860.0,19846,0.0,0.0
2024-07-25 00:00:00+09:00,8700.0,8920.0,8510.0,8830.0,23799,0.0,0.0
2024-07-26 00:00:00+09:00,8710.0,9070.0,8710.0,8870.0,28964,0.0,0.0
2024-07-29 00:00:00+09:00,8900.0,9100.0,8710.0,8730.0,16287,0.0,0.0
2024-07-30 00:00:00+09:00,8720.0,8820.0,8450.0,8550.0,30348,0.0,0.0
2024-07-31 00:00:00+09:00,8550.0,8740.0,8400.0,8450.0,13256,0.0,0.0
2024-08-01 00:00:00+09:00,8460.0,8800.0,8460.0,8730.0,15342,0.0,0.0
2024-08-02 00:00:00+09:00,8670.0,8670.0,7960.0,7970.0,108630,0.0,0.0
2024-08-05 00:00:00+09:00,7700.0,7830.0,6360.0,6500.0,93984,0.0,0.0
2024-08-06 00:00:00+09:00,6550.0,7910.0,6550.0,7130.0,128501,0.0,0.0
2024-08-07 00:00:00+09:00,7060.0,7300.0,6990.0,7040.0,95014,0.0,0.0
2024-08-08 00:00:00+09:00,6960.0,7040.0,6700.0,6890.0,40271,0.0,0.0
2024-08-09 00:00:00+09:00,6950.0,7230.0,6950.0,7170.0,20995,0.0,0.0
2024-08-12 00:00:00+09:00,7100.0,7500.0,7100.0,7350.0,25603,0.0,0.0
2024-08-13 00:00:00+09:00,7280.0,7590.0,7280.0,7480.0,30829,0.0,0.0
2024-08-14 00:00:00+09:00,7510.0,7600.0,7080.0,7560.0,24711,0.0,0.0
2024-08-16 00:00:00+09:00,7550.0,7750.0,7460.0,7500.0,24289,0.0,0.0
2024-08-19 00:00:00+09:00,7440.0,8060.0,7440.0,7830.0,52914,0.0,0.0
2024-08-20 00:00:00+09:00,8060.0,8930.0,7930.0,8600.0,173988,0.0,0.0
2024-08-21 00:00:00+09:00,8790.0,9410.0,8600.0,8700.0,132617,0.0,0.0
2024-08-22 00:00:00+09:00,8820.0,9290.0,8660.0,8820.0,72351,0.0,0.0
2024-08-23 00:00:00+09:00,9170.0,9390.0,8800.0,9180.0,129532,0.0,0.0
2024-08-26 00:00:00+09:00,9300.0,9800.0,9100.0,9340.0,129783,0.0,0.0
2024-08-27 00:00:00+09:00,9140.0,9450.0,9120.0,9350.0,42695,0.0,0.0
2024-08-28 00:00:00+09:00,9260.0,9530.0,9090.0,9130.0,39090,0.0,0.0
2024-08-29 00:00:00+09:00,9030.0,9230.0,9000.0,9040.0,32355,0.0,0.0
2024-08-30 00:00:00+09:00,9050.0,9300.0,9010.0,9160.0,17101,0.0,0.0
