Date,Open,High,Low,Close,Volume,Dividends,Stock Splits
1993-02-12 00:00:00-05:00,4.3333330154418945,4.6666669845581055,3.6666669845581055,4.0,5587200,0.0,0.0
1993-02-16 00:00:00-05:00,3.9583330154418945,4.0833330154418945,3.4166669845581055,3.4166669845581055,895200,0.0,0.0
1993-02-17 00:00:00-05:00,3.6666669845581055,3.6666669845581055,3.4166669845581055,3.4583330154418945,378300,0.0,0.0
1993-02-18 00:00:00-05:00,3.6666669845581055,3.6666669845581055,3.0833330154418945,3.3333330154418945,481500,0.0,0.0
1993-02-19 00:00:00-05:00,3.1666669845581055,3.3333330154418945,3.1666669845581055,3.25,284100,0.0,0.0
1993-02-22 00:00:00-05:00,3.3333330154418945,3.3333330154418945,3.1666669845581055,3.1666669845581055,359400,0.0,0.0
1993-02-23 00:00:00-05:00,3.1666669845581055,3.3333330154418945,3.0833330154418945,3.3333330154418945,153300,0.0,0.0
1993-02-24 00:00:00-05:00,3.0833330154418945,3.25,3.0,3.25,160200,0.0,0.0
1993-02-25 00:00:00-05:00,3.0833330154418945,3.25,3.0833330154418945,3.25,26100,0.0,0.0
1993-02-26 00:00:00-05:00,3.25,3.25,3.0833330154418945,3.1666669845581055,75600,0.0,0.0
1993-03-01 00:00:00-05:00,3.25,3.25,3.0833330154418945,3.1666669845581055,43500,0.0,0.0
1993-03-02 00:00:00-05:00,3.0833330154418945,3.25,3.0833330154418945,3.0833330154418945,21600,0.0,0.0
1993-03-03 00:00:00-05:00,3.25,3.25,3.0833330154418945,3.1666669845581055,127800,0.0,0.0
1993-03-04 00:00:00-05:00,3.2083330154418945,3.3333330154418945,3.0833330154418945,3.3333330154418945,53700,0.0,0.0
1993-03-05 00:00:00-05:00,3.3333330154418945,3.3333330154418945,3.0833330154418945,3.0833330154418945,473100,0.0,0.0
1993-03-08 00:00:00-05:00,3.3333330154418945,3.6666669845581055,3.1666669845581055,3.6666669845581055,188100,0.0,0.0
1993-03-09 00:00:00-05:00,3.3333330154418945,3.6666669845581055,3.3333330154418945,3.6666669845581055,134700,0.0,0.0
1993-03-10 00:00:00-05:00,3.3333330154418945,3.3333330154418945,2.6666669845581055,3.0,480000,0.0,0.0
1993-03-11 00:00:00-05:00,3.25,3.25,2.9166669845581055,2.9166669845581055,114000,0.0,0.0
1993-03-12 00:00:00-05:00,2.9166669845581055,2.9166669845581055,2.75,2.9166669845581055,108000,0.0,0.0
1993-03-15 00:00:00-05:00,2.8333330154418945,2.8333330154418945,2.5833330154418945,2.5833330154418945,75900,0.0,0.0
1993-03-16 00:00:00-05:00,2.6666669845581055,3.0833330154418945,2.6666669845581055,2.9166669845581055,213300,0.0,0.0
1993-03-17 00:00:00-05:00,2.9166669845581055,3.0833330154418945,2.9166669845581055,3.0833330154418945,79200,0.0,0.0
1993-03-18 00:00:00-05:00,3.0833330154418945,3.1666669845581055,3.0,3.0,78000,0.0,0.0
1993-03-19 00:00:00-05:00,3.0,3.1666669845581055,3.0,3.0,68700,0.0,0.0
1993-03-22 00:00:00-05:00,3.1666669845581055,3.1666669845581055,3.0,3.0,49500,0.0,0.0
1993-03-23 00:00:00-05:00,3.0,3.0833330154418945,2.9166669845581055,2.9166669845581055,24600,0.0,0.0
1993-03-24 00:00:00-05:00,2.9166669845581055,2.9166669845581055,2.5833330154418945,2.5833330154418945,84600,0.0,0.0
1993-03-25 00:00:00-05:00,2.5833330154418945,2.8333330154418945,2.5833330154418945,2.7083330154418945,85800,0.0,0.0
1993-03-26 00:00:00-05:00,2.8333330154418945,2.8333330154418945,2.5833330154418945,2.8333330154418945,9600,0.0,0.0
1993-03-29 00:00:00-05:00,2.5833330154418945,2.8333330154418945,2.4166669845581055,2.4166669845581055,31500,0.0,0.0
1993-03-30 00:00:00-05:00,2.4166669845581055,2.8333330154418945,2.4166669845581055,2.5833330154418945,100500,0.0,0.0
1993-03-31 00:00:00-05:00,2.5,2.75,2.5,2.6666669845581055,151500,0.0,0.0
1993-04-01 00:00:00-05:00,2.75,2.75,2.6666669845581055,2.6666669845581055,33600,0.0,0.0
1993-04-02 00:00:00-05:00,2.6666669845581055,2.75,2.6666669845581055,2.6666669845581055,54300,0.0,0.0
1993-04-05 00:00:00-04:00,2.7916669845581055,2.8333330154418945,2.6666669845581055,2.8333330154418945,12300,0.0,0.0
1993-04-06 00:00:00-04:00,2.8333330154418945,3.0833330154418945,2.75,2.9583330154418945,203100,0.0,0.0
1993-04-07 00:00:00-04:00,3.0833330154418945,3.0833330154418945,2.9166669845581055,3.0833330154418945,26400,0.0,0.0
1993-04-08 00:00:00-04:00,3.0833330154418945,3.0833330154418945,2.9166669845581055,3.0833330154418945,13500,0.0,0.0
1993-04-12 00:00:00-04:00,3.0,3.1666669845581055,3.0,3.0833330154418945,25800,0.0,0.0
1993-04-13 00:00:00-04:00,3.0,3.0833330154418945,2.8333330154418945,3.0,59700,0.0,0.0
1993-04-14 00:00:00-04:00,2.8333330154418945,3.0,2.75,3.0,102300,0.0,0.0
1993-04-15 00:00:00-04:00,2.9166669845581055,3.0,2.8333330154418945,2.9583330154418945,12000,0.0,0.0
1993-04-16 00:00:00-04:00,3.0,3.0,2.8333330154418945,2.8333330154418945,27900,0.0,0.0
1993-04-19 00:00:00-04:00,2.8333330154418945,3.0,2.75,2.8333330154418945,31500,0.0,0.0
1993-04-20 00:00:00-04:00,2.75,3.0,2.75,3.0,126900,0.0,0.0
1993-04-21 00:00:00-04:00,2.9166669845581055,3.0,2.8333330154418945,2.8333330154418945,24000,0.0,0.0
1993-04-22 00:00:00-04:00,2.8333330154418945,3.0,2.8333330154418945,2.9166669845581055,13500,0.0,0.0
1993-04-23 00:00:00-04:00,2.8333330154418945,3.0,2.75,3.0,45300,0.0,0.0
1993-04-26 00:00:00-04:00,2.9166669845581055,3.0,2.7916669845581055,3.0,58500,0.0,0.0
1993-04-27 00:00:00-04:00,2.8333330154418945,2.9166669845581055,2.75,2.9166669845581055,53700,0.0,0.0
1993-04-28 00:00:00-04:00,2.9166669845581055,3.0833330154418945,2.8333330154418945,3.0,80400,0.0,0.0
1993-04-29 00:00:00-04:00,3.0833330154418945,3.0833330154418945,2.9166669845581055,3.0833330154418945,38700,0.0,0.0
1993-04-30 00:00:00-04:00,2.9166669845581055,3.0833330154418945,2.9166669845581055,2.9166669845581055,49800,0.0,0.0
1993-05-03 00:00:00-04:00,3.0,3.0,2.7916669845581055,2.9166669845581055,59100,0.0,0.0
1993-05-04 00:00:00-04:00,2.9166669845581055,2.9166669845581055,2.75,2.75,2100,0.0,0.0
1993-05-05 00:00:00-04:00,2.9166669845581055,2.9166669845581055,2.75,2.75,10500,0.0,0.0
1993-05-06 00:00:00-04:00,2.9166669845581055,2.9166669845581055,2.6666669845581055,2.6666669845581055,12900,0.0,0.0
1993-05-07 00:00:00-04:00,2.6666669845581055,2.8333330154418945,2.6666669845581055,2.8333330154418945,17700,0.0,0.0
1993-05-10 00:00:00-04:00,2.6666669845581055,2.8333330154418945,2.6666669845581055,2.8333330154418945,7800,0.0,0.0
1993-05-11 00:00:00-04:00,2.6666669845581055,2.9166669845581055,2.6666669845581055,2.9166669845581055,12000,0.0,0.0
1993-05-12 00:00:00-04:00,2.6666669845581055,2.9166669845581055,2.6666669845581055,2.6666669845581055,18300,0.0,0.0
1993-05-13 00:00:00-04:00,2.6666669845581055,2.7916669845581055,2.5833330154418945,2.6666669845581055,51600,0.0,0.0
1993-05-14 00:00:00-04:00,2.75,2.75,2.5833330154418945,2.5833330154418945,4800,0.0,0.0
1993-05-17 00:00:00-04:00,2.5833330154418945,2.75,2.5833330154418945,2.5833330154418945,2400,0.0,0.0
1993-05-18 00:00:00-04:00,2.5833330154418945,2.75,2.5,2.6666669845581055,21900,0.0,0.0
1993-05-19 00:00:00-04:00,2.5833330154418945,2.75,2.5,2.5833330154418945,102000,0.0,0.0
1993-05-20 00:00:00-04:00,2.5833330154418945,2.75,2.5833330154418945,2.5833330154418945,56700,0.0,0.0
1993-05-21 00:00:00-04:00,2.5833330154418945,2.75,2.5833330154418945,2.6666669845581055,54900,0.0,0.0
1993-05-24 00:00:00-04:00,2.5833330154418945,2.5833330154418945,2.5833330154418945,2.5833330154418945,7200,0.0,0.0
1993-05-25 00:00:00-04:00,2.5833330154418945,2.5833330154418945,2.5833330154418945,2.5833330154418945,5100,0.0,0.0
1993-05-26 00:00:00-04:00,2.5833330154418945,2.6666669845581055,2.5833330154418945,2.6666669845581055,2400,0.0,0.0
1993-05-27 00:00:00-04:00,2.5833330154418945,2.6666669845581055,2.5833330154418945,2.5833330154418945,32100,0.0,0.0
1993-05-28 00:00:00-04:00,2.6666669845581055,2.6666669845581055,2.5,2.5833330154418945,15600,0.0,0.0
1993-06-01 00:00:00-04:00,2.5,2.5,2.5,2.5,14100,0.0,0.0
1993-06-02 00:00:00-04:00,2.5,2.5833330154418945,2.25,2.25,49800,0.0,0.0
1993-06-03 00:00:00-04:00,2.5,2.5,2.3333330154418945,2.5,39900,0.0,0.0
1993-06-04 00:00:00-04:00,2.3333330154418945,2.5,2.3333330154418945,2.375,27300,0.0,0.0
1993-06-07 00:00:00-04:00,2.4166669845581055,2.5,2.3333330154418945,2.3333330154418945,61200,0.0,0.0
1993-06-08 00:00:00-04:00,2.5,2.5833330154418945,2.4166669845581055,2.4166669845581055,28500,0.0,0.0
1993-06-09 00:00:00-04:00,2.5833330154418945,2.75,2.5833330154418945,2.75,33300,0.0,0.0
1993-06-10 00:00:00-04:00,2.8333330154418945,3.0833330154418945,2.75,2.9166669845581055,93000,0.0,0.0
1993-06-11 00:00:00-04:00,3.0833330154418945,3.0833330154418945,2.9166669845581055,2.9166669845581055,30000,0.0,0.0
1993-06-14 00:00:00-04:00,3.0416669845581055,3.0833330154418945,2.9166669845581055,2.9166669845581055,12300,0.0,0.0
1993-06-15 00:00:00-04:00,2.9166669845581055,3.0833330154418945,2.9166669845581055,3.0833330154418945,61200,0.0,0.0
1993-06-16 00:00:00-04:00,3.0,3.1666669845581055,3.0,3.1666669845581055,75900,0.0,0.0
1993-06-17 00:00:00-04:00,3.1666669845581055,3.1666669845581055,3.0833330154418945,3.0833330154418945,81300,0.0,0.0
1993-06-18 00:00:00-04:00,3.125,3.1666669845581055,2.9166669845581055,2.9583330154418945,88800,0.0,0.0
1993-06-21 00:00:00-04:00,2.9166669845581055,2.9166669845581055,2.8333330154418945,2.9166669845581055,35700,0.0,0.0
1993-06-22 00:00:00-04:00,2.8333330154418945,3.0,2.8333330154418945,2.8333330154418945,20700,0.0,0.0
1993-06-23 00:00:00-04:00,2.8333330154418945,3.0,2.8333330154418945,2.8333330154418945,2100,0.0,0.0
1993-06-24 00:00:00-04:00,2.8333330154418945,3.0,2.8333330154418945,2.8333330154418945,12300,0.0,0.0
1993-06-25 00:00:00-04:00,2.8333330154418945,3.0,2.8333330154418945,2.8333330154418945,11400,0.0,0.0
1993-06-28 00:00:00-04:00,2.9166669845581055,2.9166669845581055,2.8333330154418945,2.8333330154418945,10800,0.0,0.0
1993-06-29 00:00:00-04:00,2.8333330154418945,2.8333330154418945,2.8333330154418945,2.8333330154418945,3600,0.0,0.0
1993-06-30 00:00:00-04:00,2.8333330154418945,2.9166669845581055,2.8333330154418945,2.8333330154418945,11100,0.0,0.0
1993-07-01 00:00:00-04:00,2.8333330154418945,3.0,2.8333330154418945,2.8333330154418945,13800,0.0,0.0
1993-07-02 00:00:00-04:00,2.9166669845581055,2.9166669845581055,2.9166669845581055,2.9166669845581055,300,0.0,0.0
1993-07-06 00:00:00-04:00,2.8333330154418945,2.8333330154418945,2.75,2.75,27300,0.0,0.0
1993-07-07 00:00:00-04:00,2.75,2.75,2.75,2.75,3000,0.0,0.0
1993-07-08 00:00:00-04:00,2.8333330154418945,2.8333330154418945,2.5833330154418945,2.75,31200,0.0,0.0
1993-07-09 00:00:00-04:00,2.5833330154418945,2.5833330154418945,2.5,2.5,6600,0.0,0.0
1993-07-12 00:00:00-04:00,2.5,2.6666669845581055,2.5,2.6666669845581055,6300,0.0,0.0
1993-07-13 00:00:00-04:00,2.5,2.6666669845581055,2.4166669845581055,2.6666669845581055,10800,0.0,0.0
1993-07-14 00:00:00-04:00,2.4166669845581055,2.4166669845581055,2.4166669845581055,2.4166669845581055,3300,0.0,0.0
1993-07-15 00:00:00-04:00,2.6666669845581055,3.0833330154418945,2.6666669845581055,3.0833330154418945,228300,0.0,0.0
1993-07-16 00:00:00-04:00,3.1666669845581055,3.3333330154418945,3.0833330154418945,3.1666669845581055,283800,0.0,0.0
1993-07-19 00:00:00-04:00,3.3333330154418945,3.3333330154418945,3.1666669845581055,3.1666669845581055,30000,0.0,0.0
1993-07-20 00:00:00-04:00,3.1666669845581055,3.3333330154418945,3.1666669845581055,3.1666669845581055,27300,0.0,0.0
1993-07-21 00:00:00-04:00,3.1666669845581055,3.25,3.1666669845581055,3.1666669845581055,37500,0.0,0.0
1993-07-22 00:00:00-04:00,3.1666669845581055,3.25,3.0,3.0,92400,0.0,0.0
1993-07-23 00:00:00-04:00,3.25,3.25,2.8333330154418945,2.8333330154418945,51600,0.0,0.0
1993-07-26 00:00:00-04:00,2.8333330154418945,2.9166669845581055,2.75,2.9166669845581055,14700,0.0,0.0
1993-07-27 00:00:00-04:00,2.75,2.9166669845581055,2.75,2.8333330154418945,47700,0.0,0.0
1993-07-28 00:00:00-04:00,2.75,3.0,2.75,2.9166669845581055,49200,0.0,0.0
1993-07-29 00:00:00-04:00,3.1666669845581055,3.1666669845581055,3.0,3.0,7800,0.0,0.0
1993-07-30 00:00:00-04:00,3.0,3.1666669845581055,3.0,3.0833330154418945,10500,0.0,0.0
1993-08-02 00:00:00-04:00,3.0,3.1666669845581055,3.0,3.0,13500,0.0,0.0
1993-08-03 00:00:00-04:00,3.0833330154418945,3.0833330154418945,3.0,3.0,4800,0.0,0.0
1993-08-04 00:00:00-04:00,3.1666669845581055,3.1666669845581055,3.0,3.0833330154418945,22800,0.0,0.0
1993-08-05 00:00:00-04:00,2.8333330154418945,3.0833330154418945,2.8333330154418945,2.9166669845581055,141300,0.0,0.0
1993-08-06 00:00:00-04:00,2.6666669845581055,2.9166669845581055,2.6666669845581055,2.75,27300,0.0,0.0
1993-08-09 00:00:00-04:00,2.75,2.875,2.75,2.875,6000,0.0,0.0
1993-08-10 00:00:00-04:00,2.9166669845581055,2.9166669845581055,2.75,2.9166669845581055,50100,0.0,0.0
1993-08-11 00:00:00-04:00,2.75,2.9166669845581055,2.75,2.875,42900,0.0,0.0
1993-08-12 00:00:00-04:00,2.8333330154418945,2.8333330154418945,2.6666669845581055,2.6666669845581055,60900,0.0,0.0
1993-08-13 00:00:00-04:00,2.6666669845581055,2.75,2.5833330154418945,2.5833330154418945,35400,0.0,0.0
1993-08-16 00:00:00-04:00,2.5833330154418945,2.75,2.5833330154418945,2.5833330154418945,6900,0.0,0.0
1993-08-17 00:00:00-04:00,2.75,2.75,2.5833330154418945,2.6666669845581055,26400,0.0,0.0
1993-08-18 00:00:00-04:00,2.75,2.75,2.5833330154418945,2.75,23100,0.0,0.0
1993-08-19 00:00:00-04:00,2.5833330154418945,2.8333330154418945,2.5833330154418945,2.5833330154418945,69600,0.0,0.0
1993-08-20 00:00:00-04:00,2.8333330154418945,2.8333330154418945,2.5833330154418945,2.5833330154418945,2100,0.0,0.0
1993-08-23 00:00:00-04:00,2.8333330154418945,2.8333330154418945,2.5833330154418945,2.5833330154418945,18300,0.0,0.0
1993-08-24 00:00:00-04:00,2.5,2.75,2.5,2.6666669845581055,23700,0.0,0.0
1993-08-25 00:00:00-04:00,2.5,2.75,2.5,2.5,39300,0.0,0.0
1993-08-26 00:00:00-04:00,2.5,2.75,2.5,2.5,12300,0.0,0.0
1993-08-27 00:00:00-04:00,2.4166669845581055,2.6666669845581055,2.4166669845581055,2.4166669845581055,16800,0.0,0.0
1993-08-30 00:00:00-04:00,2.3333330154418945,2.5,2.3333330154418945,2.3333330154418945,10200,0.0,0.0
1993-08-31 00:00:00-04:00,2.4583330154418945,2.5,2.25,2.5,25500,0.0,0.0
1993-09-01 00:00:00-04:00,2.3333330154418945,2.5,2.3333330154418945,2.4166669845581055,14100,0.0,0.0
1993-09-02 00:00:00-04:00,2.4166669845581055,2.5833330154418945,2.4166669845581055,2.4166669845581055,144300,0.0,0.0
1993-09-03 00:00:00-04:00,2.5833330154418945,2.5833330154418945,2.4166669845581055,2.5833330154418945,5700,0.0,0.0
1993-09-07 00:00:00-04:00,2.5833330154418945,2.5833330154418945,2.5833330154418945,2.5833330154418945,300,0.0,0.0
1993-09-08 00:00:00-04:00,2.4166669845581055,2.5833330154418945,2.4166669845581055,2.5833330154418945,70500,0.0,0.0
1993-09-09 00:00:00-04:00,2.4166669845581055,2.4166669845581055,2.4166669845581055,2.4166669845581055,600,0.0,0.0
1993-09-10 00:00:00-04:00,2.4166669845581055,2.5833330154418945,2.4166669845581055,2.5833330154418945,3600,0.0,0.0
1993-09-13 00:00:00-04:00,2.5833330154418945,2.5833330154418945,2.4583330154418945,2.5,8400,0.0,0.0
1993-09-14 00:00:00-04:00,2.5833330154418945,2.5833330154418945,2.5,2.5833330154418945,36000,0.0,0.0
1993-09-15 00:00:00-04:00,2.5,2.6666669845581055,2.5,2.6666669845581055,14400,0.0,0.0
1993-09-16 00:00:00-04:00,2.5833330154418945,2.5833330154418945,2.5833330154418945,2.5833330154418945,3000,0.0,0.0
1993-09-17 00:00:00-04:00,2.5833330154418945,2.75,2.5833330154418945,2.6666669845581055,284100,0.0,0.0
1993-09-20 00:00:00-04:00,2.6666669845581055,2.7083330154418945,2.6666669845581055,2.6666669845581055,40500,0.0,0.0
1993-09-21 00:00:00-04:00,2.8333330154418945,2.8333330154418945,2.5833330154418945,2.7083330154418945,113100,0.0,0.0
1993-09-22 00:00:00-04:00,2.75,2.8333330154418945,2.6666669845581055,2.75,32100,0.0,0.0
1993-09-23 00:00:00-04:00,2.6666669845581055,2.8333330154418945,2.6666669845581055,2.8333330154418945,37200,0.0,0.0
1993-09-24 00:00:00-04:00,2.75,2.75,2.6666669845581055,2.6666669845581055,12900,0.0,0.0
1993-09-27 00:00:00-04:00,2.8333330154418945,2.8333330154418945,2.6666669845581055,2.6666669845581055,44400,0.0,0.0
1993-09-28 00:00:00-04:00,2.6666669845581055,2.8333330154418945,2.6666669845581055,2.75,32700,0.0,0.0
1993-09-29 00:00:00-04:00,2.6666669845581055,2.8333330154418945,2.6666669845581055,2.6666669845581055,16200,0.0,0.0
1993-09-30 00:00:00-04:00,2.6666669845581055,2.8333330154418945,2.6666669845581055,2.6666669845581055,10200,0.0,0.0
1993-10-01 00:00:00-04:00,2.6666669845581055,2.75,2.6666669845581055,2.75,18600,0.0,0.0
1993-10-04 00:00:00-04:00,2.6666669845581055,2.6666669845581055,2.4166669845581055,2.4166669845581055,64500,0.0,0.0
1993-10-05 00:00:00-04:00,2.4166669845581055,2.5,2.3333330154418945,2.3333330154418945,49500,0.0,0.0
1993-10-06 00:00:00-04:00,2.3333330154418945,2.3333330154418945,2.3333330154418945,2.3333330154418945,2400,0.0,0.0
1993-10-07 00:00:00-04:00,2.5833330154418945,2.5833330154418945,2.3333330154418945,2.4166669845581055,36000,0.0,0.0
1993-10-08 00:00:00-04:00,2.3333330154418945,2.5833330154418945,2.3333330154418945,2.5833330154418945,3600,0.0,0.0
1993-10-11 00:00:00-04:00,2.5833330154418945,2.6666669845581055,2.4166669845581055,2.6666669845581055,88800,0.0,0.0
1993-10-12 00:00:00-04:00,2.6666669845581055,2.6666669845581055,2.4166669845581055,2.4166669845581055,101100,0.0,0.0
1993-10-13 00:00:00-04:00,2.5,2.6666669845581055,2.4166669845581055,2.5,360900,0.0,0.0
1993-10-14 00:00:00-04:00,2.6666669845581055,2.6666669845581055,2.5,2.5833330154418945,16500,0.0,0.0
1993-10-15 00:00:00-04:00,2.5,2.6666669845581055,2.5,2.6666669845581055,17100,0.0,0.0
1993-10-18 00:00:00-04:00,2.6666669845581055,2.6666669845581055,2.5,2.5,51300,0.0,0.0
1993-10-19 00:00:00-04:00,2.5,2.6666669845581055,2.5,2.6666669845581055,23700,0.0,0.0
1993-10-20 00:00:00-04:00,2.5,2.6666669845581055,2.5,2.5,132300,0.0,0.0
1993-10-21 00:00:00-04:00,2.6666669845581055,2.6666669845581055,2.5,2.5833330154418945,83400,0.0,0.0
1993-10-22 00:00:00-04:00,2.6666669845581055,2.6666669845581055,2.5,2.5,31500,0.0,0.0
1993-10-25 00:00:00-04:00,2.6666669845581055,2.6666669845581055,2.5,2.5,10800,0.0,0.0
1993-10-26 00:00:00-04:00,2.6666669845581055,2.75,2.5,2.75,161700,0.0,0.0
1993-10-27 00:00:00-04:00,2.5833330154418945,2.75,2.5833330154418945,2.6666669845581055,31500,0.0,0.0
1993-10-28 00:00:00-04:00,2.75,2.9166669845581055,2.75,2.8333330154418945,26400,0.0,0.0
1993-10-29 00:00:00-04:00,2.9166669845581055,2.9166669845581055,2.75,2.9166669845581055,135600,0.0,0.0
1993-11-01 00:00:00-05:00,2.9166669845581055,2.9166669845581055,2.75,2.9166669845581055,16200,0.0,0.0
1993-11-02 00:00:00-05:00,2.75,2.9166669845581055,2.75,2.75,13800,0.0,0.0
1993-11-03 00:00:00-05:00,2.75,2.9166669845581055,2.75,2.7916669845581055,58500,0.0,0.0
1993-11-04 00:00:00-05:00,2.9166669845581055,2.9166669845581055,2.75,2.9166669845581055,3600,0.0,0.0
1993-11-05 00:00:00-05:00,2.75,2.9166669845581055,2.75,2.75,52200,0.0,0.0
1993-11-08 00:00:00-05:00,2.75,2.9166669845581055,2.75,2.75,87600,0.0,0.0
1993-11-09 00:00:00-05:00,2.9166669845581055,2.9166669845581055,2.75,2.75,45000,0.0,0.0
1993-11-10 00:00:00-05:00,2.75,2.9166669845581055,2.75,2.75,191400,0.0,0.0
1993-11-11 00:00:00-05:00,2.9166669845581055,2.9166669845581055,2.75,2.75,41700,0.0,0.0
1993-11-12 00:00:00-05:00,2.75,2.9166669845581055,2.75,2.75,1500,0.0,0.0
1993-11-15 00:00:00-05:00,2.75,2.9166669845581055,2.75,2.75,26100,0.0,0.0
1993-11-16 00:00:00-05:00,2.75,2.9166669845581055,2.6666669845581055,2.75,39000,0.0,0.0
1993-11-17 00:00:00-05:00,2.6666669845581055,2.6666669845581055,2.5,2.5833330154418945,17100,0.0,0.0
1993-11-18 00:00:00-05:00,2.5,2.6666669845581055,2.5,2.5833330154418945,12900,0.0,0.0
1993-11-19 00:00:00-05:00,2.6666669845581055,2.6666669845581055,2.5,2.5,36600,0.0,0.0
1993-11-22 00:00:00-05:00,2.5,2.5833330154418945,2.4166669845581055,2.5833330154418945,66600,0.0,0.0
1993-11-23 00:00:00-05:00,2.4166669845581055,2.5833330154418945,2.4166669845581055,2.5,5700,0.0,0.0
1993-11-24 00:00:00-05:00,2.4166669845581055,2.5,2.4166669845581055,2.4166669845581055,45300,0.0,0.0
1993-11-26 00:00:00-05:00,2.5833330154418945,2.5833330154418945,2.5833330154418945,2.5833330154418945,1500,0.0,0.0
1993-11-29 00:00:00-05:00,2.25,2.5,2.25,2.25,23700,0.0,0.0
1993-11-30 00:00:00-05:00,2.5833330154418945,2.5833330154418945,2.25,2.5833330154418945,17400,0.0,0.0
1993-12-01 00:00:00-05:00,2.5833330154418945,2.5833330154418945,2.25,2.25,1500,0.0,0.0
1993-12-02 00:00:00-05:00,2.5833330154418945,2.5833330154418945,2.25,2.5,55500,0.0,0.0
1993-12-03 00:00:00-05:00,2.4166669845581055,2.5833330154418945,2.25,2.3333330154418945,9900,0.0,0.0
1993-12-06 00:00:00-05:00,2.5833330154418945,2.5833330154418945,2.25,2.25,56700,0.0,0.0
1993-12-07 00:00:00-05:00,2.5,2.5,2.0833330154418945,2.375,177000,0.0,0.0
1993-12-08 00:00:00-05:00,2.375,2.4166669845581055,2.1666669845581055,2.1666669845581055,9000,0.0,0.0
1993-12-09 00:00:00-05:00,2.4166669845581055,2.4166669845581055,2.1666669845581055,2.1666669845581055,13200,0.0,0.0
1993-12-10 00:00:00-05:00,2.3333330154418945,2.4166669845581055,2.1666669845581055,2.3333330154418945,57900,0.0,0.0
1993-12-13 00:00:00-05:00,2.1666669845581055,2.4166669845581055,2.1666669845581055,2.25,54600,0.0,0.0
1993-12-14 00:00:00-05:00,2.25,2.4166669845581055,2.25,2.25,62700,0.0,0.0
1993-12-15 00:00:00-05:00,2.3333330154418945,2.5,2.25,2.5,141300,0.0,0.0
1993-12-16 00:00:00-05:00,2.5,2.5,2.3333330154418945,2.4583330154418945,24000,0.0,0.0
1993-12-17 00:00:00-05:00,2.4166669845581055,2.5,2.4166669845581055,2.4166669845581055,19500,0.0,0.0
1993-12-20 00:00:00-05:00,2.4583330154418945,2.5,2.4166669845581055,2.4166669845581055,65400,0.0,0.0
1993-12-21 00:00:00-05:00,2.5,2.5,2.25,2.25,47700,0.0,0.0
1993-12-22 00:00:00-05:00,2.25,2.25,2.1666669845581055,2.25,11100,0.0,0.0
1993-12-23 00:00:00-05:00,2.3333330154418945,2.3333330154418945,2.1666669845581055,2.1666669845581055,59100,0.0,0.0
1993-12-27 00:00:00-05:00,2.1666669845581055,2.3333330154418945,2.1666669845581055,2.1666669845581055,8700,0.0,0.0
1993-12-28 00:00:00-05:00,2.1666669845581055,2.3333330154418945,2.1666669845581055,2.3333330154418945,27000,0.0,0.0
1993-12-29 00:00:00-05:00,2.1666669845581055,2.3333330154418945,2.1666669845581055,2.1666669845581055,15900,0.0,0.0
1993-12-30 00:00:00-05:00,2.1666669845581055,2.25,2.0833330154418945,2.25,189000,0.0,0.0
1993-12-31 00:00:00-05:00,2.0833330154418945,2.3333330154418945,2.0833330154418945,2.0833330154418945,173400,0.0,0.0
1994-01-03 00:00:00-05:00,2.0833330154418945,2.1666669845581055,2.0833330154418945,2.1666669845581055,17400,0.0,0.0
1994-01-04 00:00:00-05:00,2.25,2.3333330154418945,2.1666669845581055,2.3333330154418945,5100,0.0,0.0
1994-01-05 00:00:00-05:00,2.25,2.5833330154418945,2.25,2.5,74100,0.0,0.0
1994-01-06 00:00:00-05:00,2.6666669845581055,2.6666669845581055,2.6666669845581055,2.6666669845581055,600,0.0,0.0
1994-01-07 00:00:00-05:00,2.6666669845581055,2.6666669845581055,2.4166669845581055,2.4166669845581055,14400,0.0,0.0
1994-01-10 00:00:00-05:00,2.4166669845581055,2.4166669845581055,2.4166669845581055,2.4166669845581055,5400,0.0,0.0
1994-01-11 00:00:00-05:00,2.4166669845581055,2.5,2.3333330154418945,2.3333330154418945,15300,0.0,0.0
1994-01-12 00:00:00-05:00,2.4166669845581055,2.5,2.3333330154418945,2.3333330154418945,8100,0.0,0.0
1994-01-13 00:00:00-05:00,2.5,2.5,2.1666669845581055,2.1666669845581055,24600,0.0,0.0
1994-01-14 00:00:00-05:00,2.1666669845581055,2.3333330154418945,2.1666669845581055,2.3333330154418945,9300,0.0,0.0
1994-01-17 00:00:00-05:00,2.1666669845581055,2.1666669845581055,2.1666669845581055,2.1666669845581055,1800,0.0,0.0
1994-01-18 00:00:00-05:00,2.25,2.25,2.1666669845581055,2.1666669845581055,10200,0.0,0.0
1994-01-19 00:00:00-05:00,2.25,2.3333330154418945,2.1666669845581055,2.25,4500,0.0,0.0
1994-01-20 00:00:00-05:00,2.3333330154418945,2.3333330154418945,2.1666669845581055,2.1666669845581055,1500,0.0,0.0
1994-01-21 00:00:00-05:00,2.1666669845581055,2.3333330154418945,2.1666669845581055,2.3333330154418945,4800,0.0,0.0
1994-01-24 00:00:00-05:00,2.1666669845581055,2.3333330154418945,2.1666669845581055,2.1666669845581055,45600,0.0,0.0
1994-01-25 00:00:00-05:00,2.0833330154418945,2.25,2.0833330154418945,2.1666669845581055,32100,0.0,0.0
1994-01-26 00:00:00-05:00,2.3333330154418945,2.3333330154418945,2.1666669845581055,2.1666669845581055,6900,0.0,0.0
1994-01-27 00:00:00-05:00,2.1666669845581055,2.2083330154418945,2.0833330154418945,2.1666669845581055,42600,0.0,0.0
1994-01-28 00:00:00-05:00,2.0833330154418945,2.1666669845581055,2.0,2.1666669845581055,13500,0.0,0.0
1994-01-31 00:00:00-05:00,2.125,2.1666669845581055,2.0,2.1666669845581055,4500,0.0,0.0
1994-02-01 00:00:00-05:00,2.0,2.125,2.0,2.0,10200,0.0,0.0
1994-02-02 00:00:00-05:00,2.125,2.125,2.0,2.0833330154418945,13200,0.0,0.0
1994-02-03 00:00:00-05:00,2.125,2.25,2.0,2.0833330154418945,26700,0.0,0.0
1994-02-04 00:00:00-05:00,2.25,2.25,2.0833330154418945,2.0833330154418945,35700,0.0,0.0
1994-02-07 00:00:00-05:00,1.9166669845581055,2.1666669845581055,1.9166669845581055,1.9166669845581055,15300,0.0,0.0
1994-02-08 00:00:00-05:00,2.0833330154418945,2.1666669845581055,1.9166669845581055,2.0,26700,0.0,0.0
1994-02-09 00:00:00-05:00,2.0,2.1666669845581055,2.0,2.1666669845581055,14100,0.0,0.0
1994-02-10 00:00:00-05:00,2.0833330154418945,2.1666669845581055,2.0833330154418945,2.1666669845581055,180000,0.0,0.0
1994-02-11 00:00:00-05:00,2.0833330154418945,2.1666669845581055,2.0833330154418945,2.125,10800,0.0,0.0
1994-02-14 00:00:00-05:00,2.125,2.125,2.0833330154418945,2.0833330154418945,3900,0.0,0.0
1994-02-15 00:00:00-05:00,2.0833330154418945,2.3333330154418945,2.0833330154418945,2.3333330154418945,26100,0.0,0.0
1994-02-16 00:00:00-05:00,2.0833330154418945,2.25,2.0833330154418945,2.25,9600,0.0,0.0
1994-02-17 00:00:00-05:00,2.0833330154418945,2.25,2.0,2.25,35400,0.0,0.0
1994-02-18 00:00:00-05:00,2.1666669845581055,2.1666669845581055,2.0,2.1666669845581055,5400,0.0,0.0
1994-02-22 00:00:00-05:00,2.0,2.0,2.0,2.0,4500,0.0,0.0
1994-02-23 00:00:00-05:00,2.0,2.0833330154418945,2.0,2.0833330154418945,32400,0.0,0.0
1994-02-24 00:00:00-05:00,1.9166669845581055,1.9166669845581055,1.9166669845581055,1.9166669845581055,12900,0.0,0.0
1994-02-25 00:00:00-05:00,2.0,2.0,1.8333330154418945,2.0,3600,0.0,0.0
1994-02-28 00:00:00-05:00,2.0,2.0,1.8333330154418945,1.8333330154418945,2100,0.0,0.0
1994-03-01 00:00:00-05:00,1.9583330154418945,2.0,1.8333330154418945,2.0,9900,0.0,0.0
1994-03-02 00:00:00-05:00,1.8333330154418945,2.0,1.8333330154418945,1.8333330154418945,29100,0.0,0.0
1994-03-03 00:00:00-05:00,1.9166669845581055,2.0,1.9166669845581055,2.0,199200,0.0,0.0
1994-03-04 00:00:00-05:00,1.9166669845581055,2.0416669845581055,1.9166669845581055,2.0416669845581055,30900,0.0,0.0
1994-03-07 00:00:00-05:00,2.0,2.0,1.9166669845581055,1.9166669845581055,11400,0.0,0.0
1994-03-08 00:00:00-05:00,1.9166669845581055,2.0,1.9166669845581055,2.0,120300,0.0,0.0
1994-03-09 00:00:00-05:00,2.0833330154418945,2.0833330154418945,1.9166669845581055,1.9166669845581055,73800,0.0,0.0
1994-03-10 00:00:00-05:00,2.0416669845581055,2.0416669845581055,2.0,2.0,49200,0.0,0.0
1994-03-11 00:00:00-05:00,2.0833330154418945,2.0833330154418945,2.0,2.0,23100,0.0,0.0
1994-03-14 00:00:00-05:00,2.1666669845581055,2.1666669845581055,2.0,2.125,45300,0.0,0.0
1994-03-15 00:00:00-05:00,2.0416669845581055,2.1666669845581055,2.0416669845581055,2.1666669845581055,6300,0.0,0.0
1994-03-16 00:00:00-05:00,2.0,2.1666669845581055,2.0,2.1666669845581055,3900,0.0,0.0
1994-03-17 00:00:00-05:00,2.0,2.1666669845581055,2.0,2.1666669845581055,19500,0.0,0.0
1994-03-18 00:00:00-05:00,2.0,2.1666669845581055,2.0,2.0833330154418945,21900,0.0,0.0
1994-03-21 00:00:00-05:00,2.0,2.0,1.8333330154418945,1.8333330154418945,12300,0.0,0.0
1994-03-22 00:00:00-05:00,1.8333330154418945,1.8333330154418945,1.8333330154418945,1.8333330154418945,3900,0.0,0.0
1994-03-23 00:00:00-05:00,1.8333330154418945,2.0,1.8333330154418945,1.8333330154418945,35400,0.0,0.0
1994-03-24 00:00:00-05:00,1.9166669845581055,2.0,1.8333330154418945,2.0,102000,0.0,0.0
1994-03-25 00:00:00-05:00,1.8333330154418945,2.0,1.8333330154418945,1.8333330154418945,2400,0.0,0.0
1994-03-28 00:00:00-05:00,2.0,2.0,1.8333330154418945,2.0,21900,0.0,0.0
1994-03-29 00:00:00-05:00,1.9583330154418945,1.9583330154418945,1.9583330154418945,1.9583330154418945,3000,0.0,0.0
1994-03-30 00:00:00-05:00,1.8333330154418945,2.0,1.8333330154418945,1.8333330154418945,11400,0.0,0.0
1994-03-31 00:00:00-05:00,1.8333330154418945,2.0,1.8333330154418945,2.0,17400,0.0,0.0
1994-04-04 00:00:00-04:00,1.6666669845581055,1.6666669845581055,1.6666669845581055,1.6666669845581055,2100,0.0,0.0
1994-04-05 00:00:00-04:00,2.0,2.0,2.0,2.0,7800,0.0,0.0
1994-04-06 00:00:00-04:00,1.8333330154418945,2.0,1.6666669845581055,2.0,16200,0.0,0.0
1994-04-07 00:00:00-04:00,1.6666669845581055,2.0,1.6666669845581055,2.0,11100,0.0,0.0
1994-04-08 00:00:00-04:00,2.0,2.0,1.7916669845581055,1.7916669845581055,14400,0.0,0.0
1994-04-11 00:00:00-04:00,1.6666669845581055,1.6666669845581055,1.6666669845581055,1.6666669845581055,900,0.0,0.0
1994-04-12 00:00:00-04:00,1.75,1.9166669845581055,1.75,1.9166669845581055,24900,0.0,0.0
1994-04-13 00:00:00-04:00,1.875,2.0,1.8333330154418945,2.0,14400,0.0,0.0
1994-04-14 00:00:00-04:00,1.8333330154418945,2.0,1.8333330154418945,2.0,3600,0.0,0.0
1994-04-15 00:00:00-04:00,2.0,2.0833330154418945,1.8333330154418945,2.0833330154418945,62700,0.0,0.0
1994-04-18 00:00:00-04:00,2.0,2.1666669845581055,2.0,2.0833330154418945,60300,0.0,0.0
1994-04-19 00:00:00-04:00,2.0833330154418945,2.1666669845581055,2.0,2.1666669845581055,51000,0.0,0.0
1994-04-20 00:00:00-04:00,2.0,2.1666669845581055,1.9166669845581055,1.9166669845581055,40200,0.0,0.0
1994-04-21 00:00:00-04:00,2.0,2.1666669845581055,2.0,2.0,13500,0.0,0.0
1994-04-22 00:00:00-04:00,2.0,2.0,2.0,2.0,300,0.0,0.0
1994-04-25 00:00:00-04:00,2.0,2.0833330154418945,2.0,2.0833330154418945,3900,0.0,0.0
1994-04-26 00:00:00-04:00,2.0833330154418945,2.0833330154418945,2.0833330154418945,2.0833330154418945,0,0.0,0.0
1994-04-28 00:00:00-04:00,2.0,2.1666669845581055,2.0,2.0,31500,0.0,0.0
1994-04-29 00:00:00-04:00,2.0,2.0,2.0,2.0,15000,0.0,0.0
1994-05-02 00:00:00-04:00,2.0833330154418945,2.0833330154418945,1.9166669845581055,2.0833330154418945,8100,0.0,0.0
1994-05-03 00:00:00-04:00,1.9166669845581055,2.0,1.8333330154418945,2.0,20700,0.0,0.0
1994-05-04 00:00:00-04:00,1.9583330154418945,1.9583330154418945,1.8333330154418945,1.9166669845581055,15300,0.0,0.0
1994-05-05 00:00:00-04:00,2.0,2.1666669845581055,1.9166669845581055,2.0,43200,0.0,0.0
1994-05-06 00:00:00-04:00,1.9166669845581055,2.0833330154418945,1.9166669845581055,2.0833330154418945,3900,0.0,0.0
1994-05-09 00:00:00-04:00,2.0,2.0,2.0,2.0,2100,0.0,0.0
1994-05-10 00:00:00-04:00,2.0,2.0,2.0,2.0,3600,0.0,0.0
1994-05-11 00:00:00-04:00,2.0,2.0833330154418945,2.0,2.0833330154418945,14100,0.0,0.0
1994-05-12 00:00:00-04:00,1.9166669845581055,2.0833330154418945,1.9166669845581055,2.0833330154418945,6600,0.0,0.0
1994-05-13 00:00:00-04:00,1.9166669845581055,1.9166669845581055,1.9166669845581055,1.9166669845581055,4500,0.0,0.0
1994-05-16 00:00:00-04:00,2.0833330154418945,2.0833330154418945,1.9583330154418945,2.0833330154418945,5700,0.0,0.0
1994-05-17 00:00:00-04:00,2.0833330154418945,2.0833330154418945,1.8333330154418945,1.8333330154418945,1800,0.0,0.0
1994-05-18 00:00:00-04:00,1.9583330154418945,1.9583330154418945,1.9166669845581055,1.9166669845581055,1500,0.0,0.0
1994-05-19 00:00:00-04:00,2.0833330154418945,2.1666669845581055,2.0,2.1666669845581055,114900,0.0,0.0
1994-05-20 00:00:00-04:00,2.0,2.1666669845581055,2.0,2.0,10500,0.0,0.0
1994-05-23 00:00:00-04:00,2.1666669845581055,2.1666669845581055,2.0,2.0,7200,0.0,0.0
1994-05-24 00:00:00-04:00,2.0,2.0,2.0,2.0,0,0.0,0.0
1994-05-25 00:00:00-04:00,2.0,2.0,1.8333330154418945,2.0,31800,0.0,0.0
1994-05-26 00:00:00-04:00,1.8333330154418945,2.0,1.75,2.0,3900,0.0,0.0
1994-05-27 00:00:00-04:00,1.75,2.0,1.75,2.0,15600,0.0,0.0
1994-05-31 00:00:00-04:00,2.0,2.0,2.0,2.0,0,0.0,0.0
1994-06-01 00:00:00-04:00,1.75,1.9166669845581055,1.75,1.9166669845581055,15900,0.0,0.0
1994-06-02 00:00:00-04:00,1.75,2.0,1.75,1.9583330154418945,18900,0.0,0.0
1994-06-03 00:00:00-04:00,1.8333330154418945,1.8333330154418945,1.75,1.75,1800,0.0,0.0
1994-06-06 00:00:00-04:00,1.8333330154418945,1.8333330154418945,1.8333330154418945,1.8333330154418945,1500,0.0,0.0
1994-06-07 00:00:00-04:00,1.8333330154418945,2.0,1.8333330154418945,2.0,3000,0.0,0.0
1994-06-08 00:00:00-04:00,1.8333330154418945,2.0,1.8333330154418945,2.0,4500,0.0,0.0
1994-06-09 00:00:00-04:00,1.8333330154418945,2.0,1.8333330154418945,1.8333330154418945,1800,0.0,0.0
1994-06-10 00:00:00-04:00,1.875,1.875,1.8333330154418945,1.8333330154418945,3300,0.0,0.0
1994-06-13 00:00:00-04:00,1.8333330154418945,1.8333330154418945,1.8333330154418945,1.8333330154418945,11400,0.0,0.0
1994-06-14 00:00:00-04:00,1.8333330154418945,1.8333330154418945,1.8333330154418945,1.8333330154418945,3600,0.0,0.0
1994-06-15 00:00:00-04:00,1.8333330154418945,2.0,1.8333330154418945,2.0,43500,0.0,0.0
1994-06-16 00:00:00-04:00,1.9166669845581055,2.0,1.8333330154418945,1.9166669845581055,36900,0.0,0.0
1994-06-17 00:00:00-04:00,2.0,2.0,2.0,2.0,300,0.0,0.0
1994-06-20 00:00:00-04:00,2.0,2.0,1.8333330154418945,1.8333330154418945,1200,0.0,0.0
1994-06-21 00:00:00-04:00,1.8333330154418945,1.9166669845581055,1.8333330154418945,1.9166669845581055,20100,0.0,0.0
1994-06-22 00:00:00-04:00,1.9166669845581055,1.9166669845581055,1.8333330154418945,1.8333330154418945,4200,0.0,0.0
1994-06-23 00:00:00-04:00,1.8333330154418945,2.0,1.8333330154418945,2.0,83700,0.0,0.0
1994-06-24 00:00:00-04:00,1.8333330154418945,1.8333330154418945,1.8333330154418945,1.8333330154418945,5400,0.0,0.0
1994-06-27 00:00:00-04:00,1.8333330154418945,1.8333330154418945,1.8333330154418945,1.8333330154418945,1500,0.0,0.0
1994-06-28 00:00:00-04:00,1.8333330154418945,1.8333330154418945,1.6666669845581055,1.6666669845581055,6600,0.0,0.0
1994-06-29 00:00:00-04:00,1.6666669845581055,1.9166669845581055,1.6666669845581055,1.6666669845581055,5400,0.0,0.0
1994-06-30 00:00:00-04:00,1.6666669845581055,1.6666669845581055,1.6666669845581055,1.6666669845581055,1800,0.0,0.0
1994-07-01 00:00:00-04:00,1.6666669845581055,1.9166669845581055,1.6666669845581055,1.9166669845581055,3300,0.0,0.0
1994-07-05 00:00:00-04:00,1.6666669845581055,1.7916669845581055,1.6666669845581055,1.6666669845581055,16200,0.0,0.0
1994-07-06 00:00:00-04:00,1.6666669845581055,1.6666669845581055,1.6666669845581055,1.6666669845581055,7500,0.0,0.0
1994-07-07 00:00:00-04:00,1.6666669845581055,1.6666669845581055,1.6666669845581055,1.6666669845581055,4500,0.0,0.0
1994-07-08 00:00:00-04:00,1.6666669845581055,1.6666669845581055,1.6666669845581055,1.6666669845581055,6300,0.0,0.0
1994-07-11 00:00:00-04:00,1.8333330154418945,1.8333330154418945,1.6666669845581055,1.7083330154418945,18300,0.0,0.0
1994-07-12 00:00:00-04:00,1.5833330154418945,1.8333330154418945,1.5833330154418945,1.8333330154418945,191700,0.0,0.0
1994-07-13 00:00:00-04:00,1.75,1.8333330154418945,1.625,1.6666669845581055,11100,0.0,0.0
1994-07-14 00:00:00-04:00,1.6666669845581055,1.6666669845581055,1.6666669845581055,1.6666669845581055,0,0.0,0.0
1994-07-15 00:00:00-04:00,1.8333330154418945,1.8333330154418945,1.8333330154418945,1.8333330154418945,600,0.0,0.0
1994-07-18 00:00:00-04:00,1.8333330154418945,1.8333330154418945,1.8333330154418945,1.8333330154418945,0,0.0,0.0
1994-07-19 00:00:00-04:00,1.5833330154418945,1.8333330154418945,1.5833330154418945,1.6666669845581055,71700,0.0,0.0
1994-07-20 00:00:00-04:00,1.6666669845581055,1.8333330154418945,1.6666669845581055,1.8333330154418945,18000,0.0,0.0
1994-07-21 00:00:00-04:00,1.6666669845581055,1.6666669845581055,1.6666669845581055,1.6666669845581055,300,0.0,0.0
1994-07-22 00:00:00-04:00,1.7916669845581055,1.9166669845581055,1.6666669845581055,1.7916669845581055,42000,0.0,0.0
1994-07-25 00:00:00-04:00,1.6666669845581055,1.6666669845581055,1.6666669845581055,1.6666669845581055,2400,0.0,0.0
1994-07-26 00:00:00-04:00,1.7916669845581055,1.9166669845581055,1.6666669845581055,1.6666669845581055,58800,0.0,0.0
1994-07-27 00:00:00-04:00,1.875,2.0,1.75,2.0,89700,0.0,0.0
1994-07-28 00:00:00-04:00,1.8333330154418945,2.0,1.75,1.8333330154418945,70800,0.0,0.0
1994-07-29 00:00:00-04:00,1.9583330154418945,1.9583330154418945,1.8333330154418945,1.9583330154418945,3900,0.0,0.0
1994-08-01 00:00:00-04:00,1.8333330154418945,2.0,1.8333330154418945,2.0,1200,0.0,0.0
1994-08-02 00:00:00-04:00,2.0,2.0,1.8333330154418945,1.8333330154418945,5100,0.0,0.0
1994-08-03 00:00:00-04:00,2.0,2.0,1.8333330154418945,2.0,38400,0.0,0.0
1994-08-04 00:00:00-04:00,1.8333330154418945,2.0,1.8333330154418945,2.0,55500,0.0,0.0
1994-08-05 00:00:00-04:00,1.8333330154418945,2.0,1.8333330154418945,2.0,6900,0.0,0.0
1994-08-08 00:00:00-04:00,1.8333330154418945,2.0,1.8333330154418945,1.9166669845581055,42600,0.0,0.0
1994-08-09 00:00:00-04:00,2.0,2.0,2.0,2.0,5400,0.0,0.0
1994-08-10 00:00:00-04:00,1.9166669845581055,2.25,1.9166669845581055,2.25,164400,0.0,0.0
1994-08-11 00:00:00-04:00,2.25,2.5,2.0833330154418945,2.4166669845581055,127500,0.0,0.0
1994-08-12 00:00:00-04:00,2.25,2.5,2.25,2.4166669845581055,39000,0.0,0.0
1994-08-15 00:00:00-04:00,2.3125,2.5,2.1666669845581055,2.3333330154418945,23100,0.0,0.0
1994-08-16 00:00:00-04:00,2.3333330154418945,2.6666669845581055,2.3333330154418945,2.6666669845581055,99900,0.0,0.0
1994-08-17 00:00:00-04:00,2.75,2.9166669845581055,2.5,2.5,142200,0.0,0.0
1994-08-18 00:00:00-04:00,2.5833330154418945,2.5833330154418945,2.5833330154418945,2.5833330154418945,7500,0.0,0.0
1994-08-19 00:00:00-04:00,2.4166669845581055,2.4166669845581055,2.4166669845581055,2.4166669845581055,900,0.0,0.0
1994-08-22 00:00:00-04:00,2.6666669845581055,2.6666669845581055,2.5833330154418945,2.6666669845581055,6600,0.0,0.0
1994-08-23 00:00:00-04:00,2.5833330154418945,2.6666669845581055,2.5,2.6666669845581055,47400,0.0,0.0
1994-08-24 00:00:00-04:00,2.5,2.6666669845581055,2.5,2.6666669845581055,112200,0.0,0.0
1994-08-25 00:00:00-04:00,2.6666669845581055,2.6666669845581055,2.5,2.6666669845581055,6000,0.0,0.0
1994-08-26 00:00:00-04:00,2.5,2.6666669845581055,2.5,2.6666669845581055,12300,0.0,0.0
1994-08-29 00:00:00-04:00,2.5,2.6666669845581055,2.5,2.6666669845581055,42900,0.0,0.0
1994-08-30 00:00:00-04:00,2.6666669845581055,2.6666669845581055,2.5,2.6666669845581055,39000,0.0,0.0
1994-08-31 00:00:00-04:00,2.5833330154418945,2.6666669845581055,2.5,2.6666669845581055,22500,0.0,0.0
1994-09-01 00:00:00-04:00,2.6666669845581055,2.6666669845581055,2.5,2.6666669845581055,12600,0.0,0.0
1994-09-02 00:00:00-04:00,2.5,2.6666669845581055,2.5,2.6666669845581055,46500,0.0,0.0
1994-09-06 00:00:00-04:00,2.6666669845581055,2.6666669845581055,2.5,2.6666669845581055,19800,0.0,0.0
1994-09-07 00:00:00-04:00,2.6666669845581055,2.6666669845581055,2.5,2.6666669845581055,14100,0.0,0.0
1994-09-08 00:00:00-04:00,2.6666669845581055,2.6666669845581055,2.5,2.6666669845581055,15900,0.0,0.0
1994-09-09 00:00:00-04:00,2.6666669845581055,2.6666669845581055,2.5,2.5,6900,0.0,0.0
1994-09-12 00:00:00-04:00,2.6666669845581055,2.6666669845581055,2.6666669845581055,2.6666669845581055,41400,0.0,0.0
1994-09-13 00:00:00-04:00,2.5,2.6666669845581055,2.5,2.5,50100,0.0,0.0
1994-09-14 00:00:00-04:00,2.6666669845581055,2.6666669845581055,2.5,2.6666669845581055,149700,0.0,0.0
1994-09-15 00:00:00-04:00,2.5,2.6666669845581055,2.5,2.6666669845581055,118500,0.0,0.0
1994-09-16 00:00:00-04:00,2.6666669845581055,2.6666669845581055,2.5,2.5,33900,0.0,0.0
1994-09-19 00:00:00-04:00,2.4166669845581055,2.6666669845581055,2.4166669845581055,2.6666669845581055,55500,0.0,0.0
1994-09-20 00:00:00-04:00,2.6666669845581055,2.6666669845581055,2.4166669845581055,2.6666669845581055,478800,0.0,0.0
1994-09-21 00:00:00-04:00,2.5,2.6666669845581055,2.5,2.6666669845581055,296700,0.0,0.0
1994-09-22 00:00:00-04:00,2.6666669845581055,2.6666669845581055,2.5,2.6666669845581055,65700,0.0,0.0
1994-09-23 00:00:00-04:00,2.6666669845581055,2.6666669845581055,2.5833330154418945,2.5833330154418945,31200,0.0,0.0
1994-09-26 00:00:00-04:00,2.5833330154418945,2.7083330154418945,2.5833330154418945,2.5833330154418945,22800,0.0,0.0
1994-09-27 00:00:00-04:00,2.6041669845581055,2.7083330154418945,2.5833330154418945,2.6666669845581055,14400,0.0,0.0
1994-09-28 00:00:00-04:00,2.5833330154418945,2.7083330154418945,2.5833330154418945,2.5833330154418945,3000,0.0,0.0
1994-09-29 00:00:00-04:00,2.7083330154418945,2.7083330154418945,2.7083330154418945,2.7083330154418945,3000,0.0,0.0
1994-09-30 00:00:00-04:00,2.5833330154418945,2.7083330154418945,2.5833330154418945,2.7083330154418945,50100,0.0,0.0
1994-10-03 00:00:00-04:00,2.5833330154418945,2.7083330154418945,2.5833330154418945,2.7083330154418945,6000,0.0,0.0
1994-10-04 00:00:00-04:00,2.5833330154418945,2.7083330154418945,2.5,2.5,83700,0.0,0.0
1994-10-05 00:00:00-04:00,2.5,2.6666669845581055,2.5,2.5833330154418945,102000,0.0,0.0
1994-10-06 00:00:00-04:00,2.5,2.7083330154418945,2.5,2.5,17100,0.0,0.0
1994-10-07 00:00:00-04:00,2.5,2.6666669845581055,2.5,2.6666669845581055,45900,0.0,0.0
1994-10-10 00:00:00-04:00,2.5,2.7083330154418945,2.5,2.5,38700,0.0,0.0
1994-10-11 00:00:00-04:00,2.5,2.7083330154418945,2.5,2.5,42300,0.0,0.0
1994-10-12 00:00:00-04:00,2.5,2.7083330154418945,2.5,2.5,24900,0.0,0.0
1994-10-13 00:00:00-04:00,2.5,2.7083330154418945,2.5,2.7083330154418945,7800,0.0,0.0
1994-10-14 00:00:00-04:00,2.5,2.7083330154418945,2.5,2.7083330154418945,50400,0.0,0.0
1994-10-17 00:00:00-04:00,2.7083330154418945,2.7083330154418945,2.5833330154418945,2.5833330154418945,15300,0.0,0.0
1994-10-18 00:00:00-04:00,2.7083330154418945,2.75,2.6666669845581055,2.75,34500,0.0,0.0
1994-10-19 00:00:00-04:00,2.6666669845581055,2.75,2.5833330154418945,2.5833330154418945,23700,0.0,0.0
1994-10-20 00:00:00-04:00,2.75,2.75,2.5833330154418945,2.75,12600,0.0,0.0
1994-10-21 00:00:00-04:00,2.75,2.75,2.5833330154418945,2.625,15600,0.0,0.0
1994-10-24 00:00:00-04:00,2.75,2.75,2.625,2.7083330154418945,21900,0.0,0.0
1994-10-25 00:00:00-04:00,2.75,2.75,2.625,2.6666669845581055,18000,0.0,0.0
1994-10-26 00:00:00-04:00,2.6666669845581055,3.0833330154418945,2.6666669845581055,2.8333330154418945,138600,0.0,0.0
1994-10-27 00:00:00-04:00,2.8333330154418945,3.0833330154418945,2.6666669845581055,2.7916669845581055,69000,0.0,0.0
1994-10-28 00:00:00-04:00,2.9166669845581055,2.9166669845581055,2.6666669845581055,2.75,8400,0.0,0.0
1994-10-31 00:00:00-05:00,2.75,2.8333330154418945,2.75,2.75,5700,0.0,0.0
1994-11-01 00:00:00-05:00,2.75,2.9166669845581055,2.75,2.75,243600,0.0,0.0
1994-11-02 00:00:00-05:00,2.9166669845581055,2.9166669845581055,2.75,2.75,95700,0.0,0.0
1994-11-03 00:00:00-05:00,2.75,2.8333330154418945,2.75,2.75,5700,0.0,0.0
1994-11-04 00:00:00-05:00,2.75,2.875,2.75,2.75,15000,0.0,0.0
1994-11-07 00:00:00-05:00,2.75,2.9166669845581055,2.75,2.75,41700,0.0,0.0
1994-11-08 00:00:00-05:00,2.75,2.75,2.75,2.75,19800,0.0,0.0
1994-11-09 00:00:00-05:00,2.75,2.9166669845581055,2.75,2.75,59400,0.0,0.0
1994-11-10 00:00:00-05:00,2.75,2.75,2.75,2.75,1500,0.0,0.0
1994-11-11 00:00:00-05:00,2.9166669845581055,2.9166669845581055,2.6666669845581055,2.6666669845581055,24600,0.0,0.0
1994-11-14 00:00:00-05:00,2.7916669845581055,2.8333330154418945,2.6666669845581055,2.6666669845581055,31500,0.0,0.0
1994-11-15 00:00:00-05:00,2.7083330154418945,2.9166669845581055,2.6666669845581055,2.75,19800,0.0,0.0
1994-11-16 00:00:00-05:00,2.9166669845581055,2.9166669845581055,2.9166669845581055,2.9166669845581055,6000,0.0,0.0
1994-11-17 00:00:00-05:00,2.6666669845581055,2.9166669845581055,2.6666669845581055,2.6666669845581055,21900,0.0,0.0
1994-11-18 00:00:00-05:00,2.6666669845581055,2.6666669845581055,2.5833330154418945,2.6666669845581055,37200,0.0,0.0
1994-11-21 00:00:00-05:00,2.5833330154418945,2.5833330154418945,2.5833330154418945,2.5833330154418945,6300,0.0,0.0
1994-11-22 00:00:00-05:00,2.75,2.75,2.5833330154418945,2.6666669845581055,27300,0.0,0.0
1994-11-23 00:00:00-05:00,2.5833330154418945,2.7083330154418945,2.5833330154418945,2.5833330154418945,16500,0.0,0.0
1994-11-25 00:00:00-05:00,2.5833330154418945,2.5833330154418945,2.5833330154418945,2.5833330154418945,0,0.0,0.0
1994-11-28 00:00:00-05:00,2.6666669845581055,2.6666669845581055,2.5,2.6666669845581055,42900,0.0,0.0
1994-11-29 00:00:00-05:00,2.5,2.5,2.5,2.5,8100,0.0,0.0
1994-11-30 00:00:00-05:00,2.5,2.75,2.5,2.6666669845581055,15900,0.0,0.0
1994-12-01 00:00:00-05:00,2.5,2.6666669845581055,2.5,2.6666669845581055,20100,0.0,0.0
1994-12-02 00:00:00-05:00,2.4166669845581055,2.5833330154418945,2.4166669845581055,2.5416669845581055,19200,0.0,0.0
1994-12-05 00:00:00-05:00,2.4166669845581055,2.4166669845581055,2.4166669845581055,2.4166669845581055,2700,0.0,0.0
1994-12-06 00:00:00-05:00,2.5833330154418945,2.6666669845581055,2.4166669845581055,2.4166669845581055,109800,0.0,0.0
1994-12-07 00:00:00-05:00,2.4166669845581055,2.6666669845581055,2.4166669845581055,2.4166669845581055,16200,0.0,0.0
1994-12-08 00:00:00-05:00,2.4166669845581055,2.4166669845581055,2.3489580154418945,2.3489580154418945,22800,0.0,0.0
1994-12-09 00:00:00-05:00,2.3333330154418945,2.3333330154418945,2.3333330154418945,2.3333330154418945,6900,0.0,0.0
1994-12-12 00:00:00-05:00,2.3333330154418945,2.5833330154418945,2.3333330154418945,2.3333330154418945,10500,0.0,0.0
1994-12-13 00:00:00-05:00,2.3333330154418945,2.3333330154418945,2.3333330154418945,2.3333330154418945,20700,0.0,0.0
1994-12-14 00:00:00-05:00,2.5833330154418945,2.5833330154418945,2.3333330154418945,2.5,28500,0.0,0.0
1994-12-15 00:00:00-05:00,2.5833330154418945,2.5833330154418945,2.3333330154418945,2.3333330154418945,36900,0.0,0.0
1994-12-16 00:00:00-05:00,2.3333330154418945,2.5833330154418945,2.3333330154418945,2.3333330154418945,26400,0.0,0.0
1994-12-19 00:00:00-05:00,2.3333330154418945,2.5833330154418945,2.3333330154418945,2.3333330154418945,9900,0.0,0.0
1994-12-20 00:00:00-05:00,2.4166669845581055,2.5833330154418945,2.3333330154418945,2.4166669845581055,12300,0.0,0.0
1994-12-21 00:00:00-05:00,2.3333330154418945,2.5,2.25,2.5,33300,0.0,0.0
1994-12-22 00:00:00-05:00,2.25,2.2916669845581055,2.25,2.25,54900,0.0,0.0
1994-12-23 00:00:00-05:00,2.25,2.25,2.25,2.25,1800,0.0,0.0
1994-12-27 00:00:00-05:00,2.25,2.5,2.25,2.5,19200,0.0,0.0
1994-12-28 00:00:00-05:00,2.25,2.5,2.25,2.25,17400,0.0,0.0
1994-12-29 00:00:00-05:00,2.25,2.4166669845581055,2.1666669845581055,2.2083330154418945,77400,0.0,0.0
1994-12-30 00:00:00-05:00,2.3333330154418945,2.4166669845581055,2.1666669845581055,2.1666669845581055,30600,0.0,0.0
1995-01-03 00:00:00-05:00,2.1666669845581055,2.4166669845581055,2.1666669845581055,2.3333330154418945,33900,0.0,0.0
1995-01-04 00:00:00-05:00,2.2083330154418945,2.4166669845581055,2.2083330154418945,2.4166669845581055,13500,0.0,0.0
1995-01-05 00:00:00-05:00,2.4166669845581055,2.4166669845581055,2.1666669845581055,2.1666669845581055,15600,0.0,0.0
1995-01-06 00:00:00-05:00,2.4166669845581055,2.4166669845581055,2.2916669845581055,2.2916669845581055,7500,0.0,0.0
1995-01-09 00:00:00-05:00,2.1666669845581055,2.4166669845581055,2.1666669845581055,2.4166669845581055,12300,0.0,0.0
1995-01-10 00:00:00-05:00,2.375,2.375,2.375,2.375,600,0.0,0.0
1995-01-11 00:00:00-05:00,2.1666669845581055,2.4166669845581055,2.1666669845581055,2.375,8100,0.0,0.0
1995-01-12 00:00:00-05:00,2.375,2.4166669845581055,2.1666669845581055,2.1666669845581055,26700,0.0,0.0
1995-01-13 00:00:00-05:00,2.4166669845581055,2.4166669845581055,2.3333330154418945,2.3333330154418945,1800,0.0,0.0
1995-01-16 00:00:00-05:00,2.3333330154418945,2.3333330154418945,2.1666669845581055,2.1666669845581055,9300,0.0,0.0
1995-01-17 00:00:00-05:00,2.2916669845581055,2.2916669845581055,2.1666669845581055,2.2916669845581055,3900,0.0,0.0
1995-01-18 00:00:00-05:00,2.1666669845581055,2.2916669845581055,2.1666669845581055,2.2916669845581055,7200,0.0,0.0
1995-01-19 00:00:00-05:00,2.1666669845581055,2.1666669845581055,2.1666669845581055,2.1666669845581055,10500,0.0,0.0
1995-01-20 00:00:00-05:00,2.1666669845581055,2.3333330154418945,2.1666669845581055,2.3333330154418945,7500,0.0,0.0
1995-01-23 00:00:00-05:00,2.1666669845581055,2.2916669845581055,2.0833330154418945,2.1666669845581055,48900,0.0,0.0
1995-01-24 00:00:00-05:00,2.25,2.25,2.0833330154418945,2.0833330154418945,13800,0.0,0.0
1995-01-25 00:00:00-05:00,2.0833330154418945,2.25,2.0833330154418945,2.0833330154418945,13200,0.0,0.0
1995-01-26 00:00:00-05:00,2.0833330154418945,2.25,2.0833330154418945,2.1666669845581055,16500,0.0,0.0
1995-01-27 00:00:00-05:00,2.0833330154418945,2.25,2.0833330154418945,2.0833330154418945,6000,0.0,0.0
1995-01-30 00:00:00-05:00,2.125,2.25,2.0833330154418945,2.0833330154418945,38400,0.0,0.0
1995-01-31 00:00:00-05:00,2.0833330154418945,2.0833330154418945,2.0833330154418945,2.0833330154418945,1800,0.0,0.0
1995-02-01 00:00:00-05:00,2.0833330154418945,2.25,2.0833330154418945,2.2083330154418945,37800,0.0,0.0
1995-02-02 00:00:00-05:00,2.25,2.25,2.0833330154418945,2.0833330154418945,12000,0.0,0.0
1995-02-03 00:00:00-05:00,2.1666669845581055,2.3333330154418945,2.0833330154418945,2.1875,15300,0.0,0.0
1995-02-06 00:00:00-05:00,2.3333330154418945,2.3333330154418945,2.0833330154418945,2.1666669845581055,9300,0.0,0.0
1995-02-07 00:00:00-05:00,2.3333330154418945,2.3333330154418945,2.0833330154418945,2.1666669845581055,10200,0.0,0.0
1995-02-08 00:00:00-05:00,2.0833330154418945,2.3333330154418945,2.0833330154418945,2.2916669845581055,182100,0.0,0.0
1995-02-09 00:00:00-05:00,2.2708330154418945,2.375,2.1666669845581055,2.375,160200,0.0,0.0
1995-02-10 00:00:00-05:00,2.4166669845581055,2.4166669845581055,2.25,2.4166669845581055,89100,0.0,0.0
1995-02-13 00:00:00-05:00,2.4166669845581055,2.4166669845581055,2.25,2.3333330154418945,40500,0.0,0.0
1995-02-14 00:00:00-05:00,2.3333330154418945,2.75,2.3333330154418945,2.5,302400,0.0,0.0
1995-02-15 00:00:00-05:00,2.75,2.75,2.5,2.75,27000,0.0,0.0
1995-02-16 00:00:00-05:00,2.8333330154418945,2.8333330154418945,2.5,2.5,95400,0.0,0.0
1995-02-17 00:00:00-05:00,2.6666669845581055,2.6666669845581055,2.5,2.6666669845581055,10500,0.0,0.0
1995-02-21 00:00:00-05:00,2.6666669845581055,2.75,2.5,2.5208330154418945,81300,0.0,0.0
1995-02-22 00:00:00-05:00,2.75,2.75,2.6666669845581055,2.75,41400,0.0,0.0
1995-02-23 00:00:00-05:00,2.5,2.7083330154418945,2.5,2.5208330154418945,18300,0.0,0.0
1995-02-24 00:00:00-05:00,2.5,2.75,2.5,2.75,34500,0.0,0.0
1995-02-27 00:00:00-05:00,2.75,2.75,2.5,2.5,35100,0.0,0.0
1995-02-28 00:00:00-05:00,2.5,2.75,2.5,2.5833330154418945,17100,0.0,0.0
1995-03-01 00:00:00-05:00,2.5,2.75,2.5,2.5,20700,0.0,0.0
1995-03-02 00:00:00-05:00,2.5,2.5,2.5,2.5,0,0.0,0.0
1995-03-03 00:00:00-05:00,2.6666669845581055,2.6666669845581055,2.5,2.5,9600,0.0,0.0
1995-03-06 00:00:00-05:00,2.5,2.6666669845581055,2.5,2.6666669845581055,108000,0.0,0.0
1995-03-07 00:00:00-05:00,2.6666669845581055,2.6666669845581055,2.5,2.6666669845581055,31500,0.0,0.0
1995-03-08 00:00:00-05:00,2.6666669845581055,2.6666669845581055,2.3333330154418945,2.4166669845581055,34500,0.0,0.0
1995-03-09 00:00:00-05:00,2.5,2.5,2.25,2.5,5700,0.0,0.0
1995-03-10 00:00:00-05:00,2.4166669845581055,2.5,2.25,2.25,9000,0.0,0.0
1995-03-13 00:00:00-05:00,2.5,2.5,2.25,2.2708330154418945,86700,0.0,0.0
1995-03-14 00:00:00-05:00,2.25,2.4166669845581055,2.25,2.25,20100,0.0,0.0
1995-03-15 00:00:00-05:00,2.4166669845581055,2.4166669845581055,2.25,2.2916669845581055,21000,0.0,0.0
1995-03-16 00:00:00-05:00,2.25,2.4166669845581055,2.25,2.4166669845581055,3600,0.0,0.0
1995-03-17 00:00:00-05:00,2.25,2.4166669845581055,2.25,2.25,9300,0.0,0.0
1995-03-20 00:00:00-05:00,2.2916669845581055,2.4166669845581055,2.25,2.4166669845581055,3300,0.0,0.0
1995-03-21 00:00:00-05:00,2.4166669845581055,2.4166669845581055,2.25,2.4166669845581055,70200,0.0,0.0
1995-03-22 00:00:00-05:00,2.4166669845581055,2.4166669845581055,2.2916669845581055,2.2916669845581055,55500,0.0,0.0
1995-03-23 00:00:00-05:00,2.2916669845581055,2.4166669845581055,2.2916669845581055,2.4166669845581055,10800,0.0,0.0
1995-03-24 00:00:00-05:00,2.3333330154418945,2.5,2.2916669845581055,2.5,66600,0.0,0.0
1995-03-27 00:00:00-05:00,2.3333330154418945,2.5,2.3333330154418945,2.5,14100,0.0,0.0
1995-03-28 00:00:00-05:00,2.5,2.5,2.3333330154418945,2.3333330154418945,7500,0.0,0.0
1995-03-29 00:00:00-05:00,2.5,2.5,2.4166669845581055,2.4166669845581055,3900,0.0,0.0
1995-03-30 00:00:00-05:00,2.3333330154418945,2.5,2.3333330154418945,2.3541669845581055,39900,0.0,0.0
1995-03-31 00:00:00-05:00,2.4166669845581055,2.5,2.4166669845581055,2.5,6000,0.0,0.0
1995-04-03 00:00:00-04:00,2.3333330154418945,2.5,2.3333330154418945,2.5,8100,0.0,0.0
1995-04-04 00:00:00-04:00,2.3333330154418945,2.5,2.3333330154418945,2.5,3000,0.0,0.0
1995-04-05 00:00:00-04:00,2.4166669845581055,2.5,2.3333330154418945,2.5,9000,0.0,0.0
1995-04-06 00:00:00-04:00,2.5,2.5,2.5,2.5,0,0.0,0.0
1995-04-07 00:00:00-04:00,2.5,2.5,2.3333330154418945,2.3333330154418945,65400,0.0,0.0
1995-04-10 00:00:00-04:00,2.5,2.5,2.25,2.25,1800,0.0,0.0
1995-04-11 00:00:00-04:00,2.25,2.5,2.25,2.5,2100,0.0,0.0
1995-04-12 00:00:00-04:00,2.375,2.375,2.3333330154418945,2.3333330154418945,243000,0.0,0.0
1995-04-13 00:00:00-04:00,2.5,2.5,2.3333330154418945,2.5,24000,0.0,0.0
1995-04-17 00:00:00-04:00,2.5,2.5,2.3333330154418945,2.4166669845581055,9900,0.0,0.0
1995-04-18 00:00:00-04:00,2.5,2.5,2.3333330154418945,2.375,23400,0.0,0.0
1995-04-19 00:00:00-04:00,2.25,2.25,2.25,2.25,900,0.0,0.0
1995-04-20 00:00:00-04:00,2.25,2.5,2.25,2.5,21300,0.0,0.0
1995-04-21 00:00:00-04:00,2.5,2.5,2.25,2.2916669845581055,15000,0.0,0.0
1995-04-24 00:00:00-04:00,2.2916669845581055,2.5,2.2916669845581055,2.5,1500,0.0,0.0
1995-04-25 00:00:00-04:00,2.5,2.5833330154418945,2.3333330154418945,2.4166669845581055,35100,0.0,0.0
1995-04-26 00:00:00-04:00,2.375,2.6666669845581055,2.375,2.6666669845581055,27300,0.0,0.0
1995-04-27 00:00:00-04:00,2.6666669845581055,2.6666669845581055,2.5833330154418945,2.6666669845581055,4500,0.0,0.0
1995-04-28 00:00:00-04:00,2.4166669845581055,2.6666669845581055,2.4166669845581055,2.5833330154418945,10200,0.0,0.0
1995-05-01 00:00:00-04:00,2.6666669845581055,2.6666669845581055,2.4166669845581055,2.6458330154418945,36000,0.0,0.0
1995-05-02 00:00:00-04:00,2.4166669845581055,2.6666669845581055,2.4166669845581055,2.4166669845581055,26700,0.0,0.0
1995-05-03 00:00:00-04:00,2.6666669845581055,2.6666669845581055,2.4166669845581055,2.6666669845581055,2100,0.0,0.0
1995-05-04 00:00:00-04:00,2.6666669845581055,2.6666669845581055,2.4166669845581055,2.4166669845581055,6900,0.0,0.0
1995-05-05 00:00:00-04:00,2.4166669845581055,2.6666669845581055,2.4166669845581055,2.4166669845581055,30000,0.0,0.0
1995-05-08 00:00:00-04:00,2.6666669845581055,2.6666669845581055,2.5416669845581055,2.6666669845581055,17700,0.0,0.0
1995-05-09 00:00:00-04:00,2.6666669845581055,2.6666669845581055,2.4583330154418945,2.6666669845581055,22800,0.0,0.0
1995-05-10 00:00:00-04:00,2.6666669845581055,2.7083330154418945,2.4166669845581055,2.7083330154418945,40800,0.0,0.0
1995-05-11 00:00:00-04:00,2.7083330154418945,2.7083330154418945,2.4166669845581055,2.7083330154418945,14400,0.0,0.0
1995-05-12 00:00:00-04:00,2.6666669845581055,2.7083330154418945,2.4583330154418945,2.7083330154418945,29700,0.0,0.0
1995-05-15 00:00:00-04:00,2.7083330154418945,2.7083330154418945,2.7083330154418945,2.7083330154418945,2400,0.0,0.0
1995-05-16 00:00:00-04:00,2.7083330154418945,2.7083330154418945,2.4583330154418945,2.5,12900,0.0,0.0
1995-05-17 00:00:00-04:00,2.7083330154418945,2.875,2.5416669845581055,2.7916669845581055,144600,0.0,0.0
1995-05-18 00:00:00-04:00,3.0,3.1666669845581055,2.75,3.1666669845581055,259500,0.0,0.0
1995-05-19 00:00:00-04:00,3.1666669845581055,3.1666669845581055,3.0,3.125,143700,0.0,0.0
1995-05-22 00:00:00-04:00,3.1666669845581055,3.4166669845581055,3.0833330154418945,3.3333330154418945,245400,0.0,0.0
1995-05-23 00:00:00-04:00,3.3333330154418945,3.3333330154418945,3.1666669845581055,3.3333330154418945,168300,0.0,0.0
1995-05-24 00:00:00-04:00,3.3333330154418945,3.6666669845581055,3.1666669845581055,3.5,237000,0.0,0.0
1995-05-25 00:00:00-04:00,3.6666669845581055,3.75,3.5,3.5833330154418945,243900,0.0,0.0
1995-05-26 00:00:00-04:00,3.6666669845581055,3.6666669845581055,3.5833330154418945,3.625,170700,0.0,0.0
1995-05-30 00:00:00-04:00,3.6666669845581055,3.6666669845581055,3.4166669845581055,3.4166669845581055,284700,0.0,0.0
1995-05-31 00:00:00-04:00,3.4166669845581055,3.5833330154418945,3.4166669845581055,3.5,317700,0.0,0.0
1995-06-01 00:00:00-04:00,3.4166669845581055,3.5,3.25,3.2760419845581055,233100,0.0,0.0
1995-06-02 00:00:00-04:00,3.5,3.5,3.25,3.3333330154418945,20400,0.0,0.0
1995-06-05 00:00:00-04:00,3.5,3.5,3.25,3.25,24600,0.0,0.0
1995-06-06 00:00:00-04:00,3.5,3.5,3.1666669845581055,3.1666669845581055,66300,0.0,0.0
1995-06-07 00:00:00-04:00,3.2083330154418945,3.4166669845581055,3.1666669845581055,3.2083330154418945,12900,0.0,0.0
1995-06-08 00:00:00-04:00,3.4166669845581055,3.4166669845581055,3.1666669845581055,3.2916669845581055,157500,0.0,0.0
1995-06-09 00:00:00-04:00,3.4166669845581055,3.4166669845581055,3.1666669845581055,3.1666669845581055,44700,0.0,0.0
1995-06-12 00:00:00-04:00,3.1666669845581055,3.4166669845581055,3.1666669845581055,3.25,81300,0.0,0.0
1995-06-13 00:00:00-04:00,3.4166669845581055,3.4166669845581055,3.1666669845581055,3.4166669845581055,57300,0.0,0.0
1995-06-14 00:00:00-04:00,3.4166669845581055,3.4166669845581055,3.3333330154418945,3.375,68700,0.0,0.0
1995-06-15 00:00:00-04:00,3.4166669845581055,3.4166669845581055,3.1666669845581055,3.4166669845581055,30000,0.0,0.0
1995-06-16 00:00:00-04:00,3.1666669845581055,3.4166669845581055,3.1666669845581055,3.4166669845581055,21000,0.0,0.0
1995-06-19 00:00:00-04:00,3.4166669845581055,3.4166669845581055,3.1666669845581055,3.25,134700,0.0,0.0
1995-06-20 00:00:00-04:00,3.4166669845581055,3.4166669845581055,3.25,3.3333330154418945,58800,0.0,0.0
1995-06-21 00:00:00-04:00,3.25,3.4166669845581055,3.25,3.3333330154418945,54600,0.0,0.0
1995-06-22 00:00:00-04:00,3.4166669845581055,3.4166669845581055,3.25,3.4166669845581055,225900,0.0,0.0
1995-06-23 00:00:00-04:00,3.3958330154418945,3.4166669845581055,3.25,3.25,26400,0.0,0.0
1995-06-26 00:00:00-04:00,3.4166669845581055,3.5833330154418945,3.3333330154418945,3.5833330154418945,212400,0.0,0.0
1995-06-27 00:00:00-04:00,3.5833330154418945,3.75,3.4166669845581055,3.7083330154418945,187500,0.0,0.0
1995-06-28 00:00:00-04:00,3.75,3.75,3.5833330154418945,3.75,256200,0.0,0.0
1995-06-29 00:00:00-04:00,3.75,3.75,3.5833330154418945,3.5833330154418945,36900,0.0,0.0
1995-06-30 00:00:00-04:00,3.5833330154418945,3.75,3.5833330154418945,3.75,86100,0.0,0.0
1995-07-03 00:00:00-04:00,3.75,4.0,3.5833330154418945,3.8333330154418945,216600,0.0,0.0
1995-07-05 00:00:00-04:00,4.0,4.75,3.8333330154418945,4.5,425700,0.0,0.0
1995-07-06 00:00:00-04:00,4.6666669845581055,5.1666669845581055,4.6666669845581055,5.0833330154418945,1150500,0.0,0.0
1995-07-07 00:00:00-04:00,5.375,5.6666669845581055,5.25,5.3333330154418945,1022400,0.0,0.0
1995-07-10 00:00:00-04:00,5.4166669845581055,5.4166669845581055,4.9166669845581055,5.0833330154418945,628200,0.0,0.0
1995-07-11 00:00:00-04:00,4.9166669845581055,5.0,4.6666669845581055,4.8333330154418945,340800,0.0,0.0
1995-07-12 00:00:00-04:00,4.8333330154418945,4.9166669845581055,4.5,4.75,164100,0.0,0.0
1995-07-13 00:00:00-04:00,4.75,4.8333330154418945,4.5416669845581055,4.75,154500,0.0,0.0
1995-07-14 00:00:00-04:00,4.8333330154418945,4.8333330154418945,4.6666669845581055,4.8333330154418945,119400,0.0,0.0
1995-07-17 00:00:00-04:00,4.8333330154418945,5.5,4.6666669845581055,5.5,478800,0.0,0.0
1995-07-18 00:00:00-04:00,5.4166669845581055,5.6666669845581055,5.4166669845581055,5.4166669845581055,170400,0.0,0.0
1995-07-19 00:00:00-04:00,5.25,5.4166669845581055,5.0833330154418945,5.4166669845581055,156900,0.0,0.0
1995-07-20 00:00:00-04:00,5.1666669845581055,5.4166669845581055,5.1666669845581055,5.3333330154418945,70200,0.0,0.0
1995-07-21 00:00:00-04:00,5.4166669845581055,5.4166669845581055,5.25,5.4166669845581055,105000,0.0,0.0
1995-07-24 00:00:00-04:00,5.3333330154418945,5.3333330154418945,4.9583330154418945,5.0416669845581055,179700,0.0,0.0
1995-07-25 00:00:00-04:00,4.9583330154418945,5.25,4.7916669845581055,5.25,315600,0.0,0.0
1995-07-26 00:00:00-04:00,5.4166669845581055,5.5,5.25,5.4166669845581055,263700,0.0,0.0
1995-07-27 00:00:00-04:00,5.25,5.4166669845581055,5.25,5.25,42000,0.0,0.0
1995-07-28 00:00:00-04:00,5.25,5.4166669845581055,5.0,5.125,136500,0.0,0.0
1995-07-31 00:00:00-04:00,5.0833330154418945,5.1666669845581055,4.9166669845581055,5.125,50400,0.0,0.0
1995-08-01 00:00:00-04:00,5.125,5.125,4.9166669845581055,5.125,26400,0.0,0.0
1995-08-02 00:00:00-04:00,5.125,5.125,4.9166669845581055,5.125,197400,0.0,0.0
1995-08-03 00:00:00-04:00,5.1666669845581055,5.1666669845581055,4.9166669845581055,5.0,267600,0.0,0.0
1995-08-04 00:00:00-04:00,5.1666669845581055,5.1666669845581055,4.9166669845581055,5.0625,203100,0.0,0.0
1995-08-07 00:00:00-04:00,5.1666669845581055,5.1666669845581055,4.9166669845581055,5.125,114300,0.0,0.0
1995-08-08 00:00:00-04:00,5.1666669845581055,5.1666669845581055,4.9166669845581055,5.1614580154418945,24000,0.0,0.0
1995-08-09 00:00:00-04:00,5.1666669845581055,5.1666669845581055,4.8333330154418945,4.9114580154418945,270900,0.0,0.0
1995-08-10 00:00:00-04:00,4.75,5.0,4.75,5.0,42600,0.0,0.0
1995-08-11 00:00:00-04:00,5.0,5.0,4.75,4.75,22200,0.0,0.0
1995-08-14 00:00:00-04:00,4.9947919845581055,5.0,4.75,5.0,61800,0.0,0.0
1995-08-15 00:00:00-04:00,4.75,5.0,4.75,4.875,16500,0.0,0.0
1995-08-16 00:00:00-04:00,5.0,5.0,4.75,5.0,79500,0.0,0.0
1995-08-17 00:00:00-04:00,5.0,5.0,4.7916669845581055,5.0,9600,0.0,0.0
1995-08-18 00:00:00-04:00,4.7916669845581055,5.0,4.7916669845581055,4.9166669845581055,61200,0.0,0.0
1995-08-21 00:00:00-04:00,4.7916669845581055,5.0,4.75,4.75,107700,0.0,0.0
1995-08-22 00:00:00-04:00,4.75,4.9166669845581055,4.75,4.75,79500,0.0,0.0
1995-08-23 00:00:00-04:00,5.0,5.0,4.75,4.75,25200,0.0,0.0
1995-08-24 00:00:00-04:00,5.0,5.0,4.75,4.75,17100,0.0,0.0
1995-08-25 00:00:00-04:00,5.0,5.0,4.75,4.75,7800,0.0,0.0
1995-08-28 00:00:00-04:00,4.9166669845581055,5.0,4.75,4.8333330154418945,36900,0.0,0.0
1995-08-29 00:00:00-04:00,4.8333330154418945,5.0,4.75,4.75,68400,0.0,0.0
1995-08-30 00:00:00-04:00,5.0,5.0,4.75,5.0,228900,0.0,0.0
1995-08-31 00:00:00-04:00,5.0,5.0,4.75,4.875,143700,0.0,0.0
1995-09-01 00:00:00-04:00,5.0,5.0,4.75,4.75,295500,0.0,0.0
1995-09-05 00:00:00-04:00,4.75,5.0,4.75,4.8333330154418945,21900,0.0,0.0
1995-09-06 00:00:00-04:00,5.0,5.5,4.75,5.5,402600,0.0,0.0
1995-09-07 00:00:00-04:00,5.5,5.6666669845581055,5.3385419845581055,5.6666669845581055,327900,0.0,0.0
1995-09-08 00:00:00-04:00,5.4166669845581055,5.8541669845581055,5.4166669845581055,5.8333330154418945,188700,0.0,0.0
1995-09-11 00:00:00-04:00,5.8333330154418945,6.0833330154418945,5.5833330154418945,5.8333330154418945,188700,0.0,0.0
1995-09-12 00:00:00-04:00,6.0833330154418945,6.0833330154418945,5.75,6.0,200100,0.0,0.0
1995-09-13 00:00:00-04:00,6.0,6.0,5.75,5.9947919845581055,94200,0.0,0.0
1995-09-14 00:00:00-04:00,6.0,6.0,5.75,5.75,60600,0.0,0.0
1995-09-15 00:00:00-04:00,6.0,6.0,5.75,6.0,36600,0.0,0.0
1995-09-18 00:00:00-04:00,6.0,6.0,5.75,5.75,38400,0.0,0.0
1995-09-19 00:00:00-04:00,5.9166669845581055,5.9166669845581055,5.6666669845581055,5.7083330154418945,66300,0.0,0.0
1995-09-20 00:00:00-04:00,5.9166669845581055,6.0,5.6666669845581055,6.0,71700,0.0,0.0
1995-09-21 00:00:00-04:00,5.6666669845581055,6.0,5.6666669845581055,6.0,36000,0.0,0.0
1995-09-22 00:00:00-04:00,6.0,6.0,5.6666669845581055,6.0,21600,0.0,0.0
1995-09-25 00:00:00-04:00,6.0,6.0,5.6666669845581055,5.9166669845581055,54300,0.0,0.0
1995-09-26 00:00:00-04:00,6.0,6.0,5.6666669845581055,6.0,27000,0.0,0.0
1995-09-27 00:00:00-04:00,5.6666669845581055,6.0,5.6666669845581055,5.8333330154418945,45300,0.0,0.0
1995-09-28 00:00:00-04:00,5.9166669845581055,6.0,5.6666669845581055,5.6666669845581055,41700,0.0,0.0
1995-09-29 00:00:00-04:00,6.0,6.0,5.6666669845581055,6.0,44700,0.0,0.0
1995-10-02 00:00:00-04:00,6.0,6.0,5.6666669845581055,6.0,37500,0.0,0.0
1995-10-03 00:00:00-04:00,5.6666669845581055,6.0416669845581055,5.6666669845581055,6.0,107400,0.0,0.0
1995-10-04 00:00:00-04:00,5.6666669845581055,6.0,5.6666669845581055,5.8333330154418945,35400,0.0,0.0
1995-10-05 00:00:00-04:00,5.6666669845581055,6.0,5.6666669845581055,5.6666669845581055,28800,0.0,0.0
1995-10-06 00:00:00-04:00,5.6666669845581055,6.0,5.6666669845581055,5.6666669845581055,32100,0.0,0.0
1995-10-09 00:00:00-04:00,5.671875,5.9166669845581055,5.6666669845581055,5.6666669845581055,60600,0.0,0.0
1995-10-10 00:00:00-04:00,5.5833330154418945,5.8333330154418945,5.25,5.4166669845581055,160500,0.0,0.0
1995-10-11 00:00:00-04:00,5.25,5.4166669845581055,5.25,5.4166669845581055,103500,0.0,0.0
1995-10-12 00:00:00-04:00,5.25,5.3333330154418945,5.1666669845581055,5.25,52500,0.0,0.0
1995-10-13 00:00:00-04:00,5.3333330154418945,5.3333330154418945,4.8333330154418945,5.0,207900,0.0,0.0
1995-10-16 00:00:00-04:00,5.0,5.1666669845581055,4.9166669845581055,5.0833330154418945,56700,0.0,0.0
1995-10-17 00:00:00-04:00,5.0833330154418945,5.0833330154418945,4.9166669845581055,5.0833330154418945,72600,0.0,0.0
1995-10-18 00:00:00-04:00,5.0833330154418945,5.1666669845581055,4.9166669845581055,4.9166669845581055,59400,0.0,0.0
1995-10-19 00:00:00-04:00,4.9166669845581055,5.1666669845581055,4.9166669845581055,5.1666669845581055,14700,0.0,0.0
1995-10-20 00:00:00-04:00,5.1666669845581055,5.1666669845581055,4.9166669845581055,4.9166669845581055,16800,0.0,0.0
1995-10-23 00:00:00-04:00,5.0,5.5,5.0,5.3333330154418945,196200,0.0,0.0
1995-10-24 00:00:00-04:00,5.75,5.9166669845581055,5.6666669845581055,5.6666669845581055,171000,0.0,0.0
1995-10-25 00:00:00-04:00,5.625,5.75,5.5,5.6666669845581055,100500,0.0,0.0
1995-10-26 00:00:00-04:00,5.7083330154418945,5.7083330154418945,5.25,5.3333330154418945,271800,0.0,0.0
1995-10-27 00:00:00-04:00,5.25,5.5,5.25,5.5,33000,0.0,0.0
1995-10-30 00:00:00-05:00,5.5,5.5416669845581055,5.25,5.5416669845581055,240000,0.0,0.0
1995-10-31 00:00:00-05:00,5.4166669845581055,5.5416669845581055,5.25,5.4166669845581055,26700,0.0,0.0
1995-11-01 00:00:00-05:00,5.25,5.5416669845581055,5.25,5.25,13800,0.0,0.0
1995-11-02 00:00:00-05:00,5.5416669845581055,5.5416669845581055,5.25,5.25,147000,0.0,0.0
1995-11-03 00:00:00-05:00,5.25,5.5416669845581055,5.25,5.375,42900,0.0,0.0
1995-11-06 00:00:00-05:00,5.25,5.5416669845581055,5.25,5.5416669845581055,54900,0.0,0.0
1995-11-07 00:00:00-05:00,5.5416669845581055,5.5416669845581055,5.2083330154418945,5.2083330154418945,58200,0.0,0.0
1995-11-08 00:00:00-05:00,5.4166669845581055,5.4166669845581055,5.2083330154418945,5.4166669845581055,16800,0.0,0.0
1995-11-09 00:00:00-05:00,5.4166669845581055,5.4166669845581055,5.1666669845581055,5.3333330154418945,52200,0.0,0.0
1995-11-10 00:00:00-05:00,5.1666669845581055,5.3333330154418945,5.1666669845581055,5.3333330154418945,29100,0.0,0.0
1995-11-13 00:00:00-05:00,5.1666669845581055,5.3333330154418945,5.1666669845581055,5.25,18600,0.0,0.0
1995-11-14 00:00:00-05:00,5.1666669845581055,5.1666669845581055,4.9166669845581055,5.0833330154418945,370200,0.0,0.0
1995-11-15 00:00:00-05:00,4.9166669845581055,5.0,4.75,4.9166669845581055,102600,0.0,0.0
1995-11-16 00:00:00-05:00,4.875,5.0,4.7916669845581055,4.8333330154418945,24600,0.0,0.0
1995-11-17 00:00:00-05:00,4.7916669845581055,5.0,4.5833330154418945,4.6666669845581055,84300,0.0,0.0
1995-11-20 00:00:00-05:00,4.5833330154418945,4.8333330154418945,4.4166669845581055,4.5833330154418945,288900,0.0,0.0
1995-11-21 00:00:00-05:00,4.4166669845581055,4.5833330154418945,4.3333330154418945,4.375,53400,0.0,0.0
1995-11-22 00:00:00-05:00,4.5,4.5,4.3333330154418945,4.3333330154418945,61800,0.0,0.0
1995-11-24 00:00:00-05:00,4.3333330154418945,4.5,4.3333330154418945,4.5,14100,0.0,0.0
1995-11-27 00:00:00-05:00,4.3333330154418945,4.5833330154418945,4.3333330154418945,4.5,24300,0.0,0.0
1995-11-28 00:00:00-05:00,4.3333330154418945,4.5,4.3333330154418945,4.3333330154418945,33300,0.0,0.0
1995-11-29 00:00:00-05:00,4.3333330154418945,4.4166669845581055,4.0833330154418945,4.0833330154418945,680700,0.0,0.0
1995-11-30 00:00:00-05:00,4.0833330154418945,4.3333330154418945,4.0833330154418945,4.3333330154418945,92400,0.0,0.0
1995-12-01 00:00:00-05:00,4.3333330154418945,4.75,4.3333330154418945,4.75,147300,0.0,0.0
1995-12-04 00:00:00-05:00,4.8333330154418945,4.8333330154418945,4.5833330154418945,4.8333330154418945,14100,0.0,0.0
1995-12-05 00:00:00-05:00,4.8333330154418945,4.9166669845581055,4.5833330154418945,4.9166669845581055,62100,0.0,0.0
1995-12-06 00:00:00-05:00,4.75,4.9166669845581055,4.75,4.75,17400,0.0,0.0
1995-12-07 00:00:00-05:00,4.75,4.9166669845581055,4.75,4.9166669845581055,46200,0.0,0.0
1995-12-08 00:00:00-05:00,4.9166669845581055,4.9166669845581055,4.75,4.8333330154418945,38700,0.0,0.0
1995-12-11 00:00:00-05:00,4.9166669845581055,4.9166669845581055,4.6666669845581055,4.9166669845581055,14400,0.0,0.0
1995-12-12 00:00:00-05:00,4.9166669845581055,4.9166669845581055,4.75,4.75,4500,0.0,0.0
1995-12-13 00:00:00-05:00,4.9166669845581055,4.9166669845581055,4.6666669845581055,4.9166669845581055,63600,0.0,0.0
1995-12-14 00:00:00-05:00,4.6666669845581055,4.9166669845581055,4.6666669845581055,4.9166669845581055,21000,0.0,0.0
1995-12-15 00:00:00-05:00,4.6666669845581055,5.0,4.6666669845581055,5.0,53100,0.0,0.0
1995-12-18 00:00:00-05:00,5.0,5.0,4.75,4.75,15000,0.0,0.0
1995-12-19 00:00:00-05:00,4.75,5.0,4.75,4.8333330154418945,9300,0.0,0.0
1995-12-20 00:00:00-05:00,4.75,5.0,4.75,4.75,13800,0.0,0.0
1995-12-21 00:00:00-05:00,4.75,5.1666669845581055,4.75,5.0,158400,0.0,0.0
1995-12-22 00:00:00-05:00,4.9166669845581055,5.1666669845581055,4.9166669845581055,5.0833330154418945,99900,0.0,0.0
1995-12-26 00:00:00-05:00,5.0833330154418945,5.1666669845581055,4.9166669845581055,5.0416669845581055,62700,0.0,0.0
1995-12-27 00:00:00-05:00,5.1666669845581055,5.1666669845581055,4.8333330154418945,4.9166669845581055,16200,0.0,0.0
1995-12-28 00:00:00-05:00,4.8333330154418945,5.1666669845581055,4.8333330154418945,5.0,94800,0.0,0.0
1995-12-29 00:00:00-05:00,5.1666669845581055,5.1666669845581055,4.9166669845581055,5.1666669845581055,20400,0.0,0.0
1996-01-02 00:00:00-05:00,5.1666669845581055,5.1666669845581055,4.9166669845581055,4.9166669845581055,10500,0.0,0.0
1996-01-03 00:00:00-05:00,5.1666669845581055,5.25,4.9166669845581055,5.25,117600,0.0,0.0
1996-01-04 00:00:00-05:00,5.25,5.25,4.8333330154418945,4.8333330154418945,44100,0.0,0.0
1996-01-05 00:00:00-05:00,5.0833330154418945,5.25,4.8333330154418945,5.0833330154418945,80700,0.0,0.0
1996-01-08 00:00:00-05:00,5.25,5.25,5.0833330154418945,5.125,22500,0.0,0.0
1996-01-09 00:00:00-05:00,5.25,5.25,4.7916669845581055,4.8333330154418945,94800,0.0,0.0
1996-01-10 00:00:00-05:00,4.75,4.9166669845581055,4.6666669845581055,4.75,44400,0.0,0.0
1996-01-11 00:00:00-05:00,4.6666669845581055,5.1666669845581055,4.6666669845581055,5.1666669845581055,61200,0.0,0.0
1996-01-12 00:00:00-05:00,4.9166669845581055,5.5,4.9166669845581055,5.25,82800,0.0,0.0
1996-01-15 00:00:00-05:00,5.5,5.6666669845581055,5.3333330154418945,5.4166669845581055,89400,0.0,0.0
1996-01-16 00:00:00-05:00,5.4166669845581055,5.6666669845581055,5.4166669845581055,5.4166669845581055,63600,0.0,0.0
1996-01-17 00:00:00-05:00,5.4166669845581055,5.5833330154418945,5.4166669845581055,5.5,92400,0.0,0.0
1996-01-18 00:00:00-05:00,5.5833330154418945,5.5833330154418945,5.25,5.2916669845581055,57600,0.0,0.0
1996-01-19 00:00:00-05:00,5.4166669845581055,5.4166669845581055,5.25,5.25,14400,0.0,0.0
1996-01-22 00:00:00-05:00,5.4166669845581055,5.5833330154418945,5.25,5.4166669845581055,73800,0.0,0.0
1996-01-23 00:00:00-05:00,5.25,5.3333330154418945,5.0833330154418945,5.0833330154418945,76800,0.0,0.0
1996-01-24 00:00:00-05:00,5.3333330154418945,5.3333330154418945,5.0833330154418945,5.25,13800,0.0,0.0
1996-01-25 00:00:00-05:00,5.0833330154418945,5.3333330154418945,5.0833330154418945,5.3333330154418945,20400,0.0,0.0
1996-01-26 00:00:00-05:00,5.3333330154418945,5.3333330154418945,5.0833330154418945,5.3333330154418945,8100,0.0,0.0
1996-01-29 00:00:00-05:00,5.3333330154418945,5.3333330154418945,5.0,5.0,40500,0.0,0.0
1996-01-30 00:00:00-05:00,5.1666669845581055,5.3333330154418945,5.0833330154418945,5.3333330154418945,56700,0.0,0.0
1996-01-31 00:00:00-05:00,5.0833330154418945,5.2083330154418945,5.0833330154418945,5.1666669845581055,46800,0.0,0.0
1996-02-01 00:00:00-05:00,5.0416669845581055,5.1666669845581055,5.0416669845581055,5.1666669845581055,12600,0.0,0.0
1996-02-02 00:00:00-05:00,5.0416669845581055,5.1666669845581055,5.0416669845581055,5.1666669845581055,27300,0.0,0.0
1996-02-05 00:00:00-05:00,5.1666669845581055,5.6458330154418945,5.0416669845581055,5.625,156900,0.0,0.0
1996-02-06 00:00:00-05:00,5.6666669845581055,5.6666669845581055,5.4166669845581055,5.5833330154418945,69000,0.0,0.0
1996-02-07 00:00:00-05:00,5.4166669845581055,6.25,5.4166669845581055,6.125,362100,0.0,0.0
1996-02-08 00:00:00-05:00,6.0833330154418945,6.4166669845581055,6.0833330154418945,6.3333330154418945,332100,0.0,0.0
1996-02-09 00:00:00-05:00,6.3333330154418945,6.6666669845581055,6.25,6.6666669845581055,327900,0.0,0.0
1996-02-12 00:00:00-05:00,6.6666669845581055,6.6666669845581055,5.6666669845581055,5.7083330154418945,767700,0.0,0.0
1996-02-13 00:00:00-05:00,5.3333330154418945,5.578125,5.1666669845581055,5.375,316800,0.0,0.0
1996-02-14 00:00:00-05:00,5.3333330154418945,5.5,5.25,5.3333330154418945,99600,0.0,0.0
1996-02-15 00:00:00-05:00,5.25,5.5,5.25,5.5,52500,0.0,0.0
1996-02-16 00:00:00-05:00,5.3333330154418945,5.5416669845581055,5.3333330154418945,5.4166669845581055,57600,0.0,0.0
1996-02-20 00:00:00-05:00,5.3333330154418945,5.5833330154418945,5.3333330154418945,5.4583330154418945,172500,0.0,0.0
1996-02-21 00:00:00-05:00,5.5833330154418945,5.5833330154418945,5.3333330154418945,5.5833330154418945,11400,0.0,0.0
1996-02-22 00:00:00-05:00,5.5833330154418945,5.5833330154418945,5.3333330154418945,5.5833330154418945,52500,0.0,0.0
1996-02-23 00:00:00-05:00,5.5833330154418945,5.6666669845581055,5.4166669845581055,5.4166669845581055,47700,0.0,0.0
1996-02-26 00:00:00-05:00,5.6666669845581055,5.6666669845581055,5.4166669845581055,5.4166669845581055,19800,0.0,0.0
1996-02-27 00:00:00-05:00,5.6666669845581055,5.6666669845581055,5.3333330154418945,5.3333330154418945,30900,0.0,0.0
1996-02-28 00:00:00-05:00,5.3333330154418945,5.6666669845581055,5.3333330154418945,5.5416669845581055,11100,0.0,0.0
1996-02-29 00:00:00-05:00,5.6666669845581055,5.6666669845581055,5.3333330154418945,5.6666669845581055,30000,0.0,0.0
1996-03-01 00:00:00-05:00,5.6666669845581055,5.6666669845581055,5.3333330154418945,5.5,25500,0.0,0.0
1996-03-04 00:00:00-05:00,5.3333330154418945,5.6666669845581055,5.3333330154418945,5.3541669845581055,12000,0.0,0.0
1996-03-05 00:00:00-05:00,5.3333330154418945,5.6666669845581055,5.3333330154418945,5.3333330154418945,98700,0.0,0.0
1996-03-06 00:00:00-05:00,5.3333330154418945,5.6666669845581055,5.3333330154418945,5.3333330154418945,34200,0.0,0.0
1996-03-07 00:00:00-05:00,5.4166669845581055,5.6666669845581055,5.4166669845581055,5.6666669845581055,49800,0.0,0.0
1996-03-08 00:00:00-05:00,5.6666669845581055,5.8333330154418945,5.25,5.6666669845581055,276600,0.0,0.0
1996-03-11 00:00:00-05:00,5.8333330154418945,6.0833330154418945,5.5833330154418945,6.0833330154418945,159300,0.0,0.0
1996-03-12 00:00:00-05:00,6.0833330154418945,6.1666669845581055,5.8333330154418945,6.1666669845581055,174000,0.0,0.0
1996-03-13 00:00:00-05:00,6.1666669845581055,6.1666669845581055,5.9166669845581055,6.1666669845581055,56700,0.0,0.0
1996-03-14 00:00:00-05:00,6.1666669845581055,6.1666669845581055,5.9166669845581055,6.125,47700,0.0,0.0
1996-03-15 00:00:00-05:00,6.0,6.25,6.0,6.25,45000,0.0,0.0
1996-03-18 00:00:00-05:00,6.25,6.8333330154418945,6.0,6.75,305400,0.0,0.0
1996-03-19 00:00:00-05:00,6.6666669845581055,7.1666669845581055,6.6666669845581055,6.875,431700,0.0,0.0
1996-03-20 00:00:00-05:00,7.0416669845581055,7.3333330154418945,6.8333330154418945,7.3333330154418945,183300,0.0,0.0
1996-03-21 00:00:00-05:00,7.25,8.0,7.25,8.0,486900,0.0,0.0
1996-03-22 00:00:00-05:00,8.0,8.416666984558105,7.75,8.0,425400,0.0,0.0
1996-03-25 00:00:00-05:00,8.083333015441895,8.25,7.9166669845581055,8.0,216600,0.0,0.0
1996-03-26 00:00:00-05:00,8.083333015441895,8.083333015441895,7.8333330154418945,7.9583330154418945,101400,0.0,0.0
1996-03-27 00:00:00-05:00,7.8333330154418945,8.0,7.5,7.5,93300,0.0,0.0
1996-03-28 00:00:00-05:00,7.1666669845581055,7.4166669845581055,7.0,7.0,107400,0.0,0.0
1996-03-29 00:00:00-05:00,7.25,7.3333330154418945,7.0,7.1666669845581055,57300,0.0,0.0
1996-04-01 00:00:00-05:00,7.3333330154418945,7.6666669845581055,7.2083330154418945,7.5833330154418945,113700,0.0,0.0
1996-04-02 00:00:00-05:00,7.375,7.75,7.375,7.75,109500,0.0,0.0
1996-04-03 00:00:00-05:00,7.75,7.75,7.5833330154418945,7.7083330154418945,66000,0.0,0.0
1996-04-04 00:00:00-05:00,7.5833330154418945,7.75,7.5833330154418945,7.7083330154418945,57900,0.0,0.0
1996-04-08 00:00:00-04:00,7.5833330154418945,7.75,7.3333330154418945,7.5,94800,0.0,0.0
1996-04-09 00:00:00-04:00,7.5,7.9166669845581055,7.5,7.9166669845581055,106200,0.0,0.0
1996-04-10 00:00:00-04:00,8.0,8.083333015441895,7.6666669845581055,7.75,126300,0.0,0.0
1996-04-11 00:00:00-04:00,7.7083330154418945,7.8333330154418945,7.5,7.5,41100,0.0,0.0
1996-04-12 00:00:00-04:00,7.75,8.166666984558105,7.6666669845581055,8.083333015441895,127200,0.0,0.0
1996-04-15 00:00:00-04:00,8.166666984558105,8.416666984558105,8.0,8.25,106500,0.0,0.0
1996-04-16 00:00:00-04:00,8.916666984558105,8.916666984558105,8.333333015441895,8.666666984558105,330600,0.0,0.0
1996-04-17 00:00:00-04:00,8.666666984558105,8.75,8.333333015441895,8.583333015441895,201900,0.0,0.0
1996-04-18 00:00:00-04:00,8.583333015441895,9.0,8.333333015441895,8.833333015441895,180300,0.0,0.0
1996-04-19 00:00:00-04:00,8.833333015441895,8.833333015441895,8.416666984558105,8.416666984558105,99000,0.0,0.0
1996-04-22 00:00:00-04:00,8.333333015441895,8.583333015441895,8.333333015441895,8.583333015441895,47400,0.0,0.0
1996-04-23 00:00:00-04:00,8.583333015441895,9.083333015441895,8.416666984558105,8.916666984558105,284400,0.0,0.0
1996-04-24 00:00:00-04:00,9.083333015441895,9.5,8.833333015441895,9.25,381600,0.0,0.0
1996-04-25 00:00:00-04:00,9.25,9.583333015441895,9.166666984558105,9.333333015441895,276300,0.0,0.0
1996-04-26 00:00:00-04:00,9.166666984558105,9.583333015441895,9.166666984558105,9.583333015441895,147900,0.0,0.0
1996-04-29 00:00:00-04:00,9.416666984558105,10.458333015441895,9.416666984558105,10.25,612600,0.0,0.0
1996-04-30 00:00:00-04:00,10.25,10.333333015441895,9.916666984558105,10.166666984558105,119700,0.0,0.0
1996-05-01 00:00:00-04:00,10.083333015441895,10.083333015441895,9.75,9.916666984558105,89400,0.0,0.0
1996-05-02 00:00:00-04:00,10.833333015441895,11.333333015441895,10.083333015441895,10.5,738900,0.0,0.0
1996-05-03 00:00:00-04:00,10.5,10.75,10.25,10.583333015441895,219900,0.0,0.0
1996-05-06 00:00:00-04:00,10.583333015441895,10.833333015441895,10.25,10.833333015441895,324600,0.0,0.0
1996-05-07 00:00:00-04:00,10.833333015441895,10.833333015441895,10.083333015441895,10.416666984558105,115800,0.0,0.0
1996-05-08 00:00:00-04:00,10.083333015441895,10.416666984558105,9.833333015441895,10.333333015441895,128100,0.0,0.0
1996-05-09 00:00:00-04:00,10.166666984558105,10.166666984558105,9.833333015441895,10.166666984558105,51900,0.0,0.0
1996-05-10 00:00:00-04:00,10.166666984558105,10.166666984558105,9.833333015441895,10.166666984558105,78000,0.0,0.0
1996-05-13 00:00:00-04:00,9.916666984558105,10.416666984558105,9.916666984558105,10.083333015441895,160800,0.0,0.0
1996-05-14 00:00:00-04:00,10.416666984558105,10.416666984558105,9.916666984558105,10.333333015441895,111900,0.0,0.0
1996-05-15 00:00:00-04:00,10.333333015441895,11.083333015441895,9.833333015441895,11.083333015441895,346800,0.0,0.0
1996-05-16 00:00:00-04:00,11.0,11.166666984558105,10.666666984558105,11.166666984558105,116700,0.0,0.0
1996-05-17 00:00:00-04:00,10.916666984558105,12.583333015441895,10.916666984558105,12.583333015441895,436800,0.0,0.0
1996-05-20 00:00:00-04:00,12.583333015441895,13.833333015441895,12.333333015441895,13.0,359400,0.0,0.0
1996-05-21 00:00:00-04:00,13.0,13.75,12.833333015441895,13.583333015441895,472200,0.0,0.0
1996-05-22 00:00:00-04:00,13.583333015441895,13.666666984558105,12.75,13.0,199500,0.0,0.0
1996-05-23 00:00:00-04:00,12.666666984558105,13.666666984558105,12.166666984558105,13.0,227100,0.0,0.0
1996-05-24 00:00:00-04:00,12.666666984558105,13.0,12.0,12.666666984558105,53700,0.0,0.0
1996-05-28 00:00:00-04:00,12.75,12.75,11.75,11.833333015441895,129000,0.0,0.0
1996-05-29 00:00:00-04:00,12.5,12.5,11.0,11.666666984558105,213300,0.0,0.0
1996-05-30 00:00:00-04:00,11.666666984558105,12.416666984558105,11.5,12.0,19800,0.0,0.0
1996-05-31 00:00:00-04:00,12.333333015441895,12.5,11.5,12.5,48300,0.0,0.0
1996-06-03 00:00:00-04:00,11.583333015441895,12.416666984558105,11.583333015441895,12.416666984558105,53400,0.0,0.0
1996-06-04 00:00:00-04:00,11.583333015441895,12.5,11.5,12.416666984558105,52500,0.0,0.0
1996-06-05 00:00:00-04:00,11.666666984558105,12.5,11.5,12.5,33000,0.0,0.0
1996-06-06 00:00:00-04:00,12.25,12.5,11.416666984558105,11.833333015441895,57000,0.0,0.0
1996-06-07 00:00:00-04:00,11.333333015441895,12.0,11.0,12.0,52800,0.0,0.0
1996-06-10 00:00:00-04:00,11.833333015441895,11.833333015441895,11.083333015441895,11.833333015441895,207000,0.0,0.0
1996-06-11 00:00:00-04:00,11.833333015441895,11.833333015441895,11.0,11.0,51900,0.0,0.0
1996-06-12 00:00:00-04:00,11.0,11.833333015441895,10.666666984558105,11.166666984558105,74700,0.0,0.0
1996-06-13 00:00:00-04:00,10.666666984558105,11.5,10.5,11.5,224400,0.0,0.0
1996-06-14 00:00:00-04:00,11.083333015441895,11.666666984558105,11.0,11.666666984558105,46500,0.0,0.0
1996-06-17 00:00:00-04:00,11.0,11.833333015441895,11.0,11.5,214200,0.0,0.0
1996-06-18 00:00:00-04:00,11.166666984558105,11.833333015441895,11.0,11.0,50400,0.0,0.0
1996-06-19 00:00:00-04:00,11.041666984558105,11.666666984558105,11.0,11.166666984558105,148800,0.0,0.0
1996-06-20 00:00:00-04:00,11.666666984558105,11.666666984558105,10.916666984558105,11.041666984558105,91800,0.0,0.0
1996-06-21 00:00:00-04:00,10.833333015441895,11.5,10.833333015441895,11.5,46500,0.0,0.0
1996-06-24 00:00:00-04:00,11.0,11.666666984558105,11.0,11.0,18300,0.0,0.0
1996-06-25 00:00:00-04:00,11.0,12.0,11.0,12.0,89400,0.0,0.0
1996-06-26 00:00:00-04:00,12.166666984558105,12.333333015441895,11.5,11.833333015441895,21000,0.0,0.0
1996-06-27 00:00:00-04:00,12.333333015441895,12.333333015441895,11.333333015441895,11.5,74700,0.0,0.0
1996-06-28 00:00:00-04:00,12.0,12.333333015441895,11.5,12.333333015441895,118200,0.0,0.0
1996-07-01 00:00:00-04:00,12.666666984558105,13.5,11.666666984558105,13.5,139050,0.0,0.0
1996-07-02 00:00:00-04:00,13.5,13.666666984558105,12.333333015441895,13.166666984558105,106350,0.0,0.0
1996-07-03 00:00:00-04:00,12.166666984558105,13.166666984558105,12.0,13.166666984558105,34050,0.0,0.0
1996-07-05 00:00:00-04:00,13.166666984558105,13.166666984558105,12.0,12.666666984558105,20850,0.0,0.0
1996-07-08 00:00:00-04:00,12.0,13.0,11.833333015441895,12.583333015441895,19050,0.0,0.0
1996-07-09 00:00:00-04:00,12.0,12.0,11.0,12.0,62850,0.0,0.0
1996-07-10 00:00:00-04:00,11.0,12.0,11.0,11.333333015441895,52650,0.0,0.0
1996-07-11 00:00:00-04:00,11.0,11.5,10.666666984558105,10.666666984558105,60600,0.0,0.0
1996-07-12 00:00:00-04:00,10.333333015441895,11.0,8.5,9.666666984558105,217350,0.0,0.0
1996-07-15 00:00:00-04:00,9.666666984558105,9.666666984558105,8.0,8.666666984558105,159000,0.0,0.0
1996-07-16 00:00:00-04:00,7.6666669845581055,8.666666984558105,7.5,8.333333015441895,136350,0.0,0.0
1996-07-17 00:00:00-04:00,9.333333015441895,10.0,8.5,9.666666984558105,83700,0.0,0.0
1996-07-18 00:00:00-04:00,10.666666984558105,11.333333015441895,10.0,10.833333015441895,138000,0.0,0.0
1996-07-19 00:00:00-04:00,11.166666984558105,11.166666984558105,10.166666984558105,10.5,65100,0.0,0.0
1996-07-22 00:00:00-04:00,10.0,10.833333015441895,9.666666984558105,9.666666984558105,47400,0.0,0.0
1996-07-23 00:00:00-04:00,10.166666984558105,11.0,9.333333015441895,9.333333015441895,190350,0.0,0.0
1996-07-24 00:00:00-04:00,9.333333015441895,9.333333015441895,8.0,9.0,128700,0.0,0.0
1996-07-25 00:00:00-04:00,8.333333015441895,9.0,8.0,8.5,78450,0.0,0.0
1996-07-26 00:00:00-04:00,8.5,9.0,7.6666669845581055,8.833333015441895,76650,0.0,0.0
1996-07-29 00:00:00-04:00,8.0,8.833333015441895,8.0,8.666666984558105,25350,0.0,0.0
1996-07-30 00:00:00-04:00,8.0,8.833333015441895,7.8333330154418945,8.5,81600,0.0,0.0
1996-07-31 00:00:00-04:00,8.5,8.75,7.8333330154418945,8.75,40650,0.0,0.0
1996-08-01 00:00:00-04:00,8.333333015441895,9.833333015441895,8.333333015441895,9.5,54600,0.0,0.0
1996-08-02 00:00:00-04:00,10.166666984558105,10.666666984558105,9.666666984558105,10.25,77700,0.0,0.0
1996-08-05 00:00:00-04:00,10.0,10.666666984558105,10.0,10.0,62250,0.0,0.0
1996-08-06 00:00:00-04:00,10.0,10.666666984558105,9.666666984558105,10.333333015441895,57600,0.0,0.0
1996-08-07 00:00:00-04:00,10.0,10.666666984558105,9.666666984558105,10.0,41850,0.0,0.0
1996-08-08 00:00:00-04:00,10.0,10.0,9.0,10.0,50700,0.0,0.0
1996-08-09 00:00:00-04:00,8.666666984558105,10.0,8.333333015441895,8.666666984558105,76650,0.0,0.0
1996-08-12 00:00:00-04:00,9.166666984558105,9.5,8.333333015441895,9.5,59550,0.0,0.0
1996-08-13 00:00:00-04:00,9.5,10.0,8.666666984558105,10.0,47100,0.0,0.0
1996-08-14 00:00:00-04:00,9.666666984558105,10.333333015441895,9.5,9.5,8700,0.0,0.0
1996-08-15 00:00:00-04:00,9.333333015441895,10.333333015441895,9.333333015441895,10.0,6000,0.0,0.0
1996-08-16 00:00:00-04:00,9.333333015441895,10.333333015441895,9.333333015441895,9.666666984558105,27750,0.0,0.0
1996-08-19 00:00:00-04:00,10.666666984558105,10.666666984558105,9.666666984558105,9.833333015441895,37800,0.0,0.0
1996-08-20 00:00:00-04:00,9.833333015441895,10.666666984558105,9.833333015441895,9.833333015441895,7350,0.0,0.0
1996-08-21 00:00:00-04:00,9.833333015441895,10.5,9.5,10.166666984558105,36300,0.0,0.0
1996-08-22 00:00:00-04:00,10.166666984558105,10.333333015441895,9.166666984558105,10.25,42300,0.0,0.0
1996-08-23 00:00:00-04:00,10.5,10.5,9.833333015441895,10.0,12000,0.0,0.0
1996-08-26 00:00:00-04:00,9.666666984558105,10.333333015441895,9.333333015441895,9.333333015441895,25050,0.0,0.0
1996-08-27 00:00:00-04:00,9.833333015441895,10.166666984558105,9.333333015441895,10.0,53400,0.0,0.0
1996-08-28 00:00:00-04:00,10.166666984558105,10.333333015441895,9.333333015441895,10.0,37050,0.0,0.0
1996-08-29 00:00:00-04:00,10.5,10.5,9.5,9.5,6900,0.0,0.0
1996-08-30 00:00:00-04:00,10.0,10.166666984558105,8.0,8.333333015441895,258450,0.0,0.0
1996-09-03 00:00:00-04:00,8.5,9.0,8.166666984558105,9.0,60750,0.0,0.0
1996-09-04 00:00:00-04:00,9.0,9.833333015441895,8.666666984558105,9.666666984558105,45150,0.0,0.0
1996-09-05 00:00:00-04:00,9.666666984558105,9.833333015441895,9.166666984558105,9.666666984558105,37050,0.0,0.0
1996-09-06 00:00:00-04:00,8.833333015441895,9.666666984558105,8.833333015441895,8.833333015441895,48300,0.0,0.0
1996-09-09 00:00:00-04:00,8.666666984558105,9.166666984558105,8.5,8.833333015441895,15900,0.0,0.0
1996-09-10 00:00:00-04:00,8.5,9.5,8.5,9.0,31050,0.0,0.0
1996-09-11 00:00:00-04:00,9.5,9.666666984558105,8.833333015441895,9.0,30750,0.0,0.0
1996-09-12 00:00:00-04:00,8.833333015441895,9.666666984558105,8.833333015441895,9.666666984558105,23550,0.0,0.0
1996-09-13 00:00:00-04:00,10.0,10.0,8.833333015441895,9.0,10500,0.0,0.0
1996-09-16 00:00:00-04:00,9.0,10.0,9.0,9.5,26100,0.0,0.0
1996-09-17 00:00:00-04:00,8.833333015441895,9.833333015441895,8.833333015441895,9.333333015441895,48600,0.0,0.0
1996-09-18 00:00:00-04:00,9.166666984558105,9.333333015441895,8.333333015441895,8.916666984558105,128400,0.0,0.0
1996-09-19 00:00:00-04:00,8.333333015441895,9.333333015441895,8.333333015441895,8.5,15600,0.0,0.0
1996-09-20 00:00:00-04:00,8.5,9.0,8.333333015441895,8.75,56550,0.0,0.0
1996-09-23 00:00:00-04:00,8.333333015441895,9.0,8.333333015441895,8.5,32400,0.0,0.0
1996-09-24 00:00:00-04:00,8.5,9.0,8.5,9.0,10050,0.0,0.0
1996-09-25 00:00:00-04:00,9.0,9.166666984558105,8.333333015441895,8.333333015441895,28650,0.0,0.0
1996-09-26 00:00:00-04:00,8.333333015441895,9.166666984558105,8.166666984558105,8.666666984558105,80550,0.0,0.0
1996-09-27 00:00:00-04:00,9.166666984558105,9.333333015441895,8.333333015441895,8.333333015441895,28950,0.0,0.0
1996-09-30 00:00:00-04:00,8.333333015441895,9.166666984558105,8.333333015441895,8.5,68250,0.0,0.0
1996-10-01 00:00:00-04:00,8.75,9.166666984558105,8.333333015441895,8.333333015441895,16050,0.0,0.0
1996-10-02 00:00:00-04:00,9.0,9.0,8.333333015441895,9.0,8100,0.0,0.0
1996-10-03 00:00:00-04:00,9.0,9.0,8.333333015441895,8.666666984558105,39300,0.0,0.0
1996-10-04 00:00:00-04:00,8.333333015441895,8.833333015441895,8.333333015441895,8.583333015441895,28350,0.0,0.0
1996-10-07 00:00:00-04:00,8.333333015441895,9.0,8.333333015441895,8.416666984558105,38700,0.0,0.0
1996-10-08 00:00:00-04:00,8.416666984558105,9.0,8.125,8.333333015441895,165150,0.0,0.0
1996-10-09 00:00:00-04:00,8.833333015441895,8.833333015441895,8.333333015441895,8.333333015441895,31050,0.0,0.0
1996-10-10 00:00:00-04:00,8.333333015441895,8.833333015441895,8.333333015441895,8.333333015441895,7350,0.0,0.0
1996-10-11 00:00:00-04:00,8.333333015441895,9.0,8.333333015441895,8.333333015441895,19800,0.0,0.0
1996-10-14 00:00:00-04:00,8.333333015441895,9.0,8.333333015441895,8.5,104400,0.0,0.0
1996-10-15 00:00:00-04:00,8.5,9.333333015441895,8.5,9.166666984558105,48450,0.0,0.0
1996-10-16 00:00:00-04:00,9.333333015441895,9.333333015441895,8.5,8.5,35700,0.0,0.0
1996-10-17 00:00:00-04:00,9.166666984558105,9.166666984558105,8.666666984558105,9.0,43950,0.0,0.0
1996-10-18 00:00:00-04:00,8.666666984558105,9.166666984558105,8.666666984558105,9.166666984558105,60450,0.0,0.0
1996-10-21 00:00:00-04:00,8.666666984558105,9.25,8.666666984558105,8.666666984558105,28500,0.0,0.0
1996-10-22 00:00:00-04:00,9.166666984558105,9.833333015441895,8.833333015441895,9.0,130350,0.0,0.0
1996-10-23 00:00:00-04:00,8.833333015441895,9.416666984558105,8.833333015441895,9.166666984558105,240450,0.0,0.0
1996-10-24 00:00:00-04:00,8.833333015441895,9.416666984558105,8.833333015441895,8.833333015441895,12600,0.0,0.0
1996-10-25 00:00:00-04:00,8.833333015441895,9.5,8.833333015441895,9.0,18750,0.0,0.0
1996-10-28 00:00:00-05:00,9.0,9.5,9.0,9.0,17250,0.0,0.0
1996-10-29 00:00:00-05:00,9.083333015441895,9.333333015441895,8.833333015441895,8.833333015441895,12900,0.0,0.0
1996-10-30 00:00:00-05:00,9.166666984558105,9.166666984558105,8.833333015441895,8.916666984558105,10650,0.0,0.0
1996-10-31 00:00:00-05:00,8.833333015441895,9.166666984558105,8.833333015441895,8.916666984558105,33600,0.0,0.0
1996-11-01 00:00:00-05:00,8.916666984558105,9.083333015441895,8.916666984558105,9.0,37350,0.0,0.0
1996-11-04 00:00:00-05:00,8.916666984558105,9.083333015441895,8.916666984558105,8.916666984558105,11100,0.0,0.0
1996-11-05 00:00:00-05:00,9.083333015441895,9.083333015441895,8.916666984558105,9.0,53250,0.0,0.0
1996-11-06 00:00:00-05:00,8.916666984558105,9.5,8.916666984558105,8.916666984558105,20700,0.0,0.0
1996-11-07 00:00:00-05:00,8.916666984558105,9.833333015441895,8.916666984558105,9.583333015441895,62250,0.0,0.0
1996-11-08 00:00:00-05:00,9.166666984558105,9.833333015441895,9.166666984558105,9.666666984558105,16350,0.0,0.0
1996-11-11 00:00:00-05:00,9.666666984558105,10.166666984558105,9.666666984558105,9.916666984558105,103650,0.0,0.0
1996-11-12 00:00:00-05:00,9.75,10.416666984558105,9.75,10.333333015441895,51300,0.0,0.0
1996-11-13 00:00:00-05:00,10.333333015441895,10.333333015441895,9.75,10.333333015441895,62700,0.0,0.0
1996-11-14 00:00:00-05:00,9.75,10.333333015441895,9.75,10.333333015441895,32250,0.0,0.0
1996-11-15 00:00:00-05:00,9.833333015441895,10.5,9.833333015441895,9.833333015441895,52500,0.0,0.0
1996-11-18 00:00:00-05:00,9.833333015441895,10.5,9.833333015441895,9.833333015441895,6300,0.0,0.0
1996-11-19 00:00:00-05:00,9.833333015441895,10.5,9.833333015441895,9.958333015441895,22050,0.0,0.0
1996-11-20 00:00:00-05:00,9.833333015441895,10.5,9.833333015441895,9.916666984558105,101850,0.0,0.0
1996-11-21 00:00:00-05:00,9.833333015441895,10.5,9.833333015441895,10.333333015441895,24900,0.0,0.0
1996-11-22 00:00:00-05:00,9.5,10.333333015441895,9.5,10.166666984558105,21750,0.0,0.0
1996-11-25 00:00:00-05:00,9.5,10.166666984558105,9.5,9.666666984558105,27600,0.0,0.0
1996-11-26 00:00:00-05:00,10.0,10.0,9.5,9.583333015441895,26100,0.0,0.0
1996-11-27 00:00:00-05:00,9.5,9.666666984558105,9.5,9.5,11100,0.0,0.0
1996-11-29 00:00:00-05:00,9.833333015441895,9.833333015441895,9.5,9.5,15450,0.0,0.0
1996-12-02 00:00:00-05:00,9.833333015441895,9.833333015441895,9.333333015441895,9.666666984558105,34650,0.0,0.0
1996-12-03 00:00:00-05:00,9.666666984558105,9.666666984558105,9.5,9.5,24450,0.0,0.0
1996-12-04 00:00:00-05:00,9.333333015441895,9.666666984558105,9.333333015441895,9.333333015441895,9450,0.0,0.0
1996-12-05 00:00:00-05:00,9.666666984558105,9.666666984558105,9.0,9.0,34800,0.0,0.0
1996-12-06 00:00:00-05:00,8.166666984558105,9.0,8.166666984558105,8.666666984558105,68250,0.0,0.0
1996-12-09 00:00:00-05:00,8.333333015441895,9.333333015441895,8.333333015441895,8.5,10200,0.0,0.0
1996-12-10 00:00:00-05:00,9.666666984558105,9.666666984558105,8.5,8.666666984558105,40350,0.0,0.0
1996-12-11 00:00:00-05:00,8.666666984558105,9.5,8.666666984558105,9.166666984558105,12750,0.0,0.0
1996-12-12 00:00:00-05:00,8.666666984558105,9.5,8.666666984558105,9.0,24300,0.0,0.0
1996-12-13 00:00:00-05:00,8.666666984558105,9.333333015441895,8.666666984558105,9.166666984558105,66150,0.0,0.0
1996-12-16 00:00:00-05:00,8.666666984558105,9.25,8.666666984558105,8.666666984558105,54450,0.0,0.0
1996-12-17 00:00:00-05:00,8.666666984558105,9.166666984558105,8.666666984558105,8.666666984558105,7800,0.0,0.0
1996-12-18 00:00:00-05:00,8.666666984558105,9.333333015441895,8.666666984558105,8.833333015441895,26550,0.0,0.0
1996-12-19 00:00:00-05:00,9.5,9.5,8.833333015441895,9.5,5250,0.0,0.0
1996-12-20 00:00:00-05:00,8.833333015441895,9.5,8.833333015441895,9.5,20100,0.0,0.0
1996-12-23 00:00:00-05:00,9.5,9.5,8.666666984558105,8.666666984558105,22500,0.0,0.0
1996-12-24 00:00:00-05:00,8.666666984558105,9.0,8.666666984558105,8.666666984558105,32100,0.0,0.0
1996-12-26 00:00:00-05:00,8.666666984558105,9.166666984558105,8.666666984558105,8.833333015441895,6300,0.0,0.0
1996-12-27 00:00:00-05:00,8.833333015441895,9.0,8.666666984558105,8.666666984558105,49200,0.0,0.0
1996-12-30 00:00:00-05:00,8.666666984558105,8.916666984558105,8.666666984558105,8.916666984558105,47850,0.0,0.0
1996-12-31 00:00:00-05:00,8.666666984558105,8.916666984558105,8.333333015441895,8.333333015441895,65850,0.0,0.0
1997-01-02 00:00:00-05:00,8.333333015441895,8.583333015441895,8.333333015441895,8.5,8250,0.0,0.0
1997-01-03 00:00:00-05:00,8.666666984558105,8.666666984558105,8.333333015441895,8.583333015441895,3150,0.0,0.0
1997-01-06 00:00:00-05:00,8.75,9.333333015441895,8.583333015441895,9.166666984558105,190500,0.0,0.0
1997-01-07 00:00:00-05:00,9.25,9.333333015441895,9.0,9.0,15000,0.0,0.0
1997-01-08 00:00:00-05:00,9.333333015441895,9.333333015441895,9.0,9.0,12450,0.0,0.0
1997-01-09 00:00:00-05:00,9.083333015441895,9.5,9.083333015441895,9.166666984558105,42750,0.0,0.0
1997-01-10 00:00:00-05:00,9.333333015441895,9.333333015441895,9.0,9.0,47550,0.0,0.0
1997-01-13 00:00:00-05:00,9.0,9.333333015441895,8.833333015441895,9.083333015441895,20550,0.0,0.0
1997-01-14 00:00:00-05:00,8.833333015441895,9.333333015441895,8.75,9.0,31500,0.0,0.0
1997-01-15 00:00:00-05:00,9.0,9.166666984558105,8.833333015441895,8.833333015441895,85800,0.0,0.0
1997-01-16 00:00:00-05:00,8.833333015441895,9.0,8.666666984558105,8.666666984558105,23400,0.0,0.0
1997-01-17 00:00:00-05:00,8.666666984558105,9.0,8.666666984558105,8.666666984558105,11700,0.0,0.0
1997-01-20 00:00:00-05:00,8.666666984558105,9.0,8.5,8.75,60450,0.0,0.0
1997-01-21 00:00:00-05:00,8.5,8.666666984558105,8.5,8.541666984558105,98850,0.0,0.0
1997-01-22 00:00:00-05:00,8.5,8.583333015441895,8.166666984558105,8.333333015441895,96450,0.0,0.0
1997-01-23 00:00:00-05:00,8.333333015441895,8.416666984558105,7.6666669845581055,7.6666669845581055,178050,0.0,0.0
1997-01-24 00:00:00-05:00,7.6666669845581055,8.083333015441895,6.5,7.0833330154418945,405150,0.0,0.0
1997-01-27 00:00:00-05:00,7.3333330154418945,7.6666669845581055,7.0833330154418945,7.1666669845581055,273900,0.0,0.0
1997-01-28 00:00:00-05:00,7.3333330154418945,7.4166669845581055,7.0833330154418945,7.3333330154418945,90750,0.0,0.0
1997-01-29 00:00:00-05:00,7.0833330154418945,7.4166669845581055,7.0,7.1666669845581055,98850,0.0,0.0
1997-01-30 00:00:00-05:00,7.1666669845581055,7.4166669845581055,7.1666669845581055,7.1666669845581055,129900,0.0,0.0
1997-01-31 00:00:00-05:00,7.1666669845581055,7.4166669845581055,6.9166669845581055,6.9166669845581055,102300,0.0,0.0
1997-02-03 00:00:00-05:00,6.9166669845581055,7.1666669845581055,6.4166669845581055,6.6666669845581055,231000,0.0,0.0
1997-02-04 00:00:00-05:00,6.5833330154418945,7.0,6.5833330154418945,6.5833330154418945,150150,0.0,0.0
1997-02-05 00:00:00-05:00,6.5833330154418945,7.0,6.25,6.3333330154418945,139050,0.0,0.0
1997-02-06 00:00:00-05:00,6.25,6.6666669845581055,6.25,6.4166669845581055,108600,0.0,0.0
1997-02-07 00:00:00-05:00,6.3333330154418945,6.6666669845581055,6.3333330154418945,6.5833330154418945,83100,0.0,0.0
1997-02-10 00:00:00-05:00,6.5833330154418945,6.5833330154418945,6.3333330154418945,6.3333330154418945,35250,0.0,0.0
1997-02-11 00:00:00-05:00,6.6666669845581055,6.6666669845581055,6.3333330154418945,6.5,50550,0.0,0.0
1997-02-12 00:00:00-05:00,6.3333330154418945,6.6666669845581055,6.3333330154418945,6.3333330154418945,40500,0.0,0.0
1997-02-13 00:00:00-05:00,6.6666669845581055,6.6666669845581055,6.3333330154418945,6.6666669845581055,62700,0.0,0.0
1997-02-14 00:00:00-05:00,6.6666669845581055,6.6666669845581055,6.4166669845581055,6.5416669845581055,135450,0.0,0.0
1997-02-18 00:00:00-05:00,6.6666669845581055,6.8333330154418945,6.5,6.75,156750,0.0,0.0
1997-02-19 00:00:00-05:00,7.0,7.0,6.6666669845581055,6.75,195600,0.0,0.0
1997-02-20 00:00:00-05:00,6.9166669845581055,6.9166669845581055,6.3333330154418945,6.5,132300,0.0,0.0
1997-02-21 00:00:00-05:00,6.4166669845581055,6.6666669845581055,6.25,6.5833330154418945,105750,0.0,0.0
1997-02-24 00:00:00-05:00,6.3333330154418945,6.5833330154418945,6.1666669845581055,6.4166669845581055,44100,0.0,0.0
1997-02-25 00:00:00-05:00,6.5,6.8333330154418945,6.375,6.75,118800,0.0,0.0
1997-02-26 00:00:00-05:00,6.75,6.9166669845581055,6.5,6.6666669845581055,92550,0.0,0.0
1997-02-27 00:00:00-05:00,6.9166669845581055,6.9166669845581055,6.6666669845581055,6.75,58800,0.0,0.0
1997-02-28 00:00:00-05:00,6.6666669845581055,6.9166669845581055,6.5,6.5,61500,0.0,0.0
1997-03-03 00:00:00-05:00,6.75,6.75,6.5,6.6666669845581055,27900,0.0,0.0
1997-03-04 00:00:00-05:00,6.5833330154418945,6.75,6.5833330154418945,6.5833330154418945,28800,0.0,0.0
1997-03-05 00:00:00-05:00,6.5833330154418945,7.0,6.5833330154418945,6.75,37800,0.0,0.0
1997-03-06 00:00:00-05:00,6.6666669845581055,7.0,6.6666669845581055,6.6666669845581055,25350,0.0,0.0
1997-03-07 00:00:00-05:00,6.6666669845581055,6.8333330154418945,6.5833330154418945,6.5833330154418945,42150,0.0,0.0
1997-03-10 00:00:00-05:00,6.5,6.9166669845581055,6.5,6.8333330154418945,38100,0.0,0.0
1997-03-11 00:00:00-05:00,6.5,6.9166669845581055,6.5,6.9166669845581055,25650,0.0,0.0
1997-03-12 00:00:00-05:00,7.0,7.0,6.5833330154418945,7.0,59250,0.0,0.0
1997-03-13 00:00:00-05:00,7.0,7.0,6.5833330154418945,6.6666669845581055,20250,0.0,0.0
1997-03-14 00:00:00-05:00,6.8333330154418945,6.8333330154418945,6.5833330154418945,6.5833330154418945,44700,0.0,0.0
1997-03-17 00:00:00-05:00,6.8333330154418945,6.8333330154418945,6.5,6.6666669845581055,22050,0.0,0.0
1997-03-18 00:00:00-05:00,6.6666669845581055,6.8333330154418945,6.5,6.6666669845581055,28950,0.0,0.0
1997-03-19 00:00:00-05:00,6.3333330154418945,6.6666669845581055,6.1666669845581055,6.1666669845581055,36900,0.0,0.0
1997-03-20 00:00:00-05:00,6.1666669845581055,6.5833330154418945,6.1666669845581055,6.5,16200,0.0,0.0
1997-03-21 00:00:00-05:00,6.1666669845581055,6.5833330154418945,6.1666669845581055,6.1666669845581055,32100,0.0,0.0
1997-03-24 00:00:00-05:00,6.1666669845581055,6.5,5.9166669845581055,6.0416669845581055,49500,0.0,0.0
1997-03-25 00:00:00-05:00,5.9166669845581055,6.3333330154418945,5.9166669845581055,6.0,53250,0.0,0.0
1997-03-26 00:00:00-05:00,5.9166669845581055,6.1666669845581055,5.8333330154418945,6.1666669845581055,49200,0.0,0.0
1997-03-27 00:00:00-05:00,6.1666669845581055,6.1666669845581055,5.8333330154418945,6.0,13800,0.0,0.0
1997-03-31 00:00:00-05:00,6.0,6.0,5.3333330154418945,5.5833330154418945,76800,0.0,0.0
1997-04-01 00:00:00-05:00,5.3333330154418945,5.6666669845581055,5.1666669845581055,5.6666669845581055,48900,0.0,0.0
1997-04-02 00:00:00-05:00,5.3333330154418945,5.6666669845581055,5.0833330154418945,5.3333330154418945,79350,0.0,0.0
1997-04-03 00:00:00-05:00,5.5,5.8333330154418945,5.25,5.8333330154418945,52800,0.0,0.0
1997-04-04 00:00:00-05:00,5.8333330154418945,6.5,5.6666669845581055,6.5,53400,0.0,0.0
1997-04-07 00:00:00-04:00,6.1666669845581055,7.0,6.1666669845581055,6.75,53700,0.0,0.0
1997-04-08 00:00:00-04:00,6.75,7.0,6.5,7.0,30600,0.0,0.0
1997-04-09 00:00:00-04:00,7.0,7.0,6.5833330154418945,6.75,33150,0.0,0.0
1997-04-10 00:00:00-04:00,7.0,7.0,6.5833330154418945,6.8333330154418945,41700,0.0,0.0
1997-04-11 00:00:00-04:00,6.8333330154418945,7.0,6.3333330154418945,6.5833330154418945,34800,0.0,0.0
1997-04-14 00:00:00-04:00,6.5833330154418945,6.5833330154418945,6.3333330154418945,6.4166669845581055,8850,0.0,0.0
1997-04-15 00:00:00-04:00,6.1666669845581055,6.5833330154418945,6.1666669845581055,6.1666669845581055,33450,0.0,0.0
1997-04-16 00:00:00-04:00,6.4166669845581055,6.5,5.8333330154418945,5.8333330154418945,40350,0.0,0.0
1997-04-17 00:00:00-04:00,5.8333330154418945,6.3333330154418945,5.8333330154418945,6.3333330154418945,26400,0.0,0.0
1997-04-18 00:00:00-04:00,6.0833330154418945,6.6666669845581055,6.0833330154418945,6.1666669845581055,26100,0.0,0.0
1997-04-21 00:00:00-04:00,6.1666669845581055,6.5,6.1666669845581055,6.3333330154418945,24150,0.0,0.0
1997-04-22 00:00:00-04:00,6.6666669845581055,6.6666669845581055,6.1666669845581055,6.6666669845581055,14100,0.0,0.0
1997-04-23 00:00:00-04:00,6.8333330154418945,6.8333330154418945,6.25,6.4166669845581055,30750,0.0,0.0
1997-04-24 00:00:00-04:00,6.8333330154418945,6.8333330154418945,6.1666669845581055,6.6666669845581055,14400,0.0,0.0
1997-04-25 00:00:00-04:00,6.6666669845581055,6.6666669845581055,6.1666669845581055,6.1666669845581055,35550,0.0,0.0
1997-04-28 00:00:00-04:00,6.5,6.5,6.0,6.0833330154418945,35850,0.0,0.0
1997-04-29 00:00:00-04:00,6.4166669845581055,6.4166669845581055,5.8333330154418945,5.8333330154418945,37050,0.0,0.0
1997-04-30 00:00:00-04:00,5.8333330154418945,6.1666669845581055,5.8333330154418945,5.8333330154418945,31200,0.0,0.0
1997-05-01 00:00:00-04:00,5.8333330154418945,6.0833330154418945,5.6666669845581055,6.0833330154418945,39000,0.0,0.0
1997-05-02 00:00:00-04:00,6.3333330154418945,6.6666669845581055,5.8333330154418945,6.6666669845581055,27450,0.0,0.0
1997-05-05 00:00:00-04:00,6.4583330154418945,6.6666669845581055,6.0,6.0,57600,0.0,0.0
1997-05-06 00:00:00-04:00,6.0,6.3333330154418945,6.0,6.25,37950,0.0,0.0
1997-05-07 00:00:00-04:00,6.0,6.25,6.0,6.25,28050,0.0,0.0
1997-05-08 00:00:00-04:00,5.8333330154418945,6.25,5.8333330154418945,5.9166669845581055,54000,0.0,0.0
1997-05-09 00:00:00-04:00,5.9166669845581055,6.25,5.9166669845581055,6.0833330154418945,37350,0.0,0.0
1997-05-12 00:00:00-04:00,6.25,6.4166669845581055,6.0,6.3333330154418945,14250,0.0,0.0
1997-05-13 00:00:00-04:00,6.5,6.5833330154418945,6.1666669845581055,6.5833330154418945,28650,0.0,0.0
1997-05-14 00:00:00-04:00,6.5833330154418945,6.9166669845581055,6.3333330154418945,6.9166669845581055,70650,0.0,0.0
1997-05-15 00:00:00-04:00,6.9166669845581055,7.25,6.8333330154418945,6.8333330154418945,75300,0.0,0.0
1997-05-16 00:00:00-04:00,6.6666669845581055,7.6666669845581055,6.6666669845581055,7.3333330154418945,171900,0.0,0.0
1997-05-19 00:00:00-04:00,7.3333330154418945,7.75,7.3333330154418945,7.3333330154418945,52050,0.0,0.0
1997-05-20 00:00:00-04:00,7.3333330154418945,7.8333330154418945,7.3333330154418945,7.6666669845581055,35700,0.0,0.0
1997-05-21 00:00:00-04:00,7.8333330154418945,7.8333330154418945,7.3333330154418945,7.5,65250,0.0,0.0
1997-05-22 00:00:00-04:00,7.6666669845581055,7.6666669845581055,7.25,7.5,20250,0.0,0.0
1997-05-23 00:00:00-04:00,7.25,7.5833330154418945,7.25,7.4166669845581055,26700,0.0,0.0
1997-05-27 00:00:00-04:00,7.25,7.5833330154418945,7.1666669845581055,7.1666669845581055,29100,0.0,0.0
1997-05-28 00:00:00-04:00,7.1666669845581055,7.5833330154418945,7.1666669845581055,7.5,18300,0.0,0.0
1997-05-29 00:00:00-04:00,7.5,7.6666669845581055,7.3333330154418945,7.5,22950,0.0,0.0
1997-05-30 00:00:00-04:00,7.1666669845581055,7.8333330154418945,7.1666669845581055,7.75,39600,0.0,0.0
1997-06-02 00:00:00-04:00,8.0,8.25,7.75,8.25,83400,0.0,0.0
1997-06-03 00:00:00-04:00,8.166666984558105,8.25,7.75,8.166666984558105,57300,0.0,0.0
1997-06-04 00:00:00-04:00,8.333333015441895,8.416666984558105,8.083333015441895,8.416666984558105,23700,0.0,0.0
1997-06-05 00:00:00-04:00,8.5,8.5,8.166666984558105,8.416666984558105,16200,0.0,0.0
1997-06-06 00:00:00-04:00,8.5,8.583333015441895,8.0,8.583333015441895,144450,0.0,0.0
1997-06-09 00:00:00-04:00,8.666666984558105,8.833333015441895,8.5,8.833333015441895,29400,0.0,0.0
1997-06-10 00:00:00-04:00,8.833333015441895,8.833333015441895,8.583333015441895,8.666666984558105,13950,0.0,0.0
1997-06-11 00:00:00-04:00,8.666666984558105,8.666666984558105,8.166666984558105,8.666666984558105,84600,0.0,0.0
1997-06-12 00:00:00-04:00,8.333333015441895,8.75,8.333333015441895,8.75,34050,0.0,0.0
1997-06-13 00:00:00-04:00,8.5,8.75,8.416666984558105,8.666666984558105,24300,0.0,0.0
1997-06-16 00:00:00-04:00,8.416666984558105,8.666666984558105,8.333333015441895,8.333333015441895,62100,0.0,0.0
1997-06-17 00:00:00-04:00,8.166666984558105,8.416666984558105,8.166666984558105,8.25,30300,0.0,0.0
1997-06-18 00:00:00-04:00,8.416666984558105,8.5,8.25,8.416666984558105,85050,0.0,0.0
1997-06-19 00:00:00-04:00,8.416666984558105,8.5,8.333333015441895,8.333333015441895,24900,0.0,0.0
1997-06-20 00:00:00-04:00,8.5,8.5,8.333333015441895,8.333333015441895,13800,0.0,0.0
1997-06-23 00:00:00-04:00,8.333333015441895,8.5,7.6666669845581055,8.0,57900,0.0,0.0
1997-06-24 00:00:00-04:00,7.6666669845581055,8.166666984558105,6.6666669845581055,6.9166669845581055,221250,0.0,0.0
1997-06-25 00:00:00-04:00,6.9166669845581055,7.5,6.9166669845581055,7.0833330154418945,183300,0.0,0.0
1997-06-26 00:00:00-04:00,6.9166669845581055,7.1666669845581055,6.6666669845581055,7.1666669845581055,262800,0.0,0.0
1997-06-27 00:00:00-04:00,6.8333330154418945,7.6666669845581055,6.8333330154418945,7.5,91800,0.0,0.0
1997-06-30 00:00:00-04:00,7.3333330154418945,8.166666984558105,7.1666669845581055,7.9583330154418945,133650,0.0,0.0
1997-07-01 00:00:00-04:00,7.8333330154418945,7.9166669845581055,7.5,7.5,41700,0.0,0.0
1997-07-02 00:00:00-04:00,7.75,7.75,7.5,7.5,28350,0.0,0.0
1997-07-03 00:00:00-04:00,7.6666669845581055,7.6666669845581055,7.5,7.6666669845581055,29550,0.0,0.0
1997-07-07 00:00:00-04:00,7.6666669845581055,8.0,7.5,8.0,65850,0.0,0.0
1997-07-08 00:00:00-04:00,8.166666984558105,8.5,8.0,8.25,61200,0.0,0.0
1997-07-09 00:00:00-04:00,8.25,8.583333015441895,8.083333015441895,8.083333015441895,213000,0.0,0.0
1997-07-10 00:00:00-04:00,8.5,8.583333015441895,8.083333015441895,8.416666984558105,59550,0.0,0.0
1997-07-11 00:00:00-04:00,8.583333015441895,8.833333015441895,8.416666984558105,8.75,212100,0.0,0.0
1997-07-14 00:00:00-04:00,8.916666984558105,9.083333015441895,8.666666984558105,9.083333015441895,132600,0.0,0.0
1997-07-15 00:00:00-04:00,9.083333015441895,9.208333015441895,8.833333015441895,8.875,63000,0.0,0.0
1997-07-16 00:00:00-04:00,8.916666984558105,9.0,8.833333015441895,8.916666984558105,50700,0.0,0.0
1997-07-17 00:00:00-04:00,8.916666984558105,8.958333015441895,8.666666984558105,8.708333015441895,54750,0.0,0.0
1997-07-18 00:00:00-04:00,8.75,8.791666984558105,8.25,8.375,29700,0.0,0.0
1997-07-21 00:00:00-04:00,8.375,8.583333015441895,8.166666984558105,8.5,43500,0.0,0.0
1997-07-22 00:00:00-04:00,8.5,8.5,8.25,8.416666984558105,39300,0.0,0.0
1997-07-23 00:00:00-04:00,8.333333015441895,9.041666984558105,8.333333015441895,8.958333015441895,208500,0.0,0.0
1997-07-24 00:00:00-04:00,8.916666984558105,8.916666984558105,8.666666984558105,8.916666984558105,62550,0.0,0.0
1997-07-25 00:00:00-04:00,8.875,8.916666984558105,8.708333015441895,8.75,47850,0.0,0.0
1997-07-28 00:00:00-04:00,8.75,8.833333015441895,8.5,8.666666984558105,39450,0.0,0.0
1997-07-29 00:00:00-04:00,8.666666984558105,8.666666984558105,8.375,8.375,28500,0.0,0.0
1997-07-30 00:00:00-04:00,8.375,8.416666984558105,8.333333015441895,8.416666984558105,48300,0.0,0.0
1997-07-31 00:00:00-04:00,8.416666984558105,8.416666984558105,8.125,8.291666984558105,44550,0.0,0.0
1997-08-01 00:00:00-04:00,8.25,8.333333015441895,8.166666984558105,8.208333015441895,9600,0.0,0.0
1997-08-04 00:00:00-04:00,8.25,8.25,8.041666984558105,8.041666984558105,80400,0.0,0.0
1997-08-05 00:00:00-04:00,8.041666984558105,8.083333015441895,8.0,8.083333015441895,68250,0.0,0.0
1997-08-06 00:00:00-04:00,8.041666984558105,8.416666984558105,8.041666984558105,8.166666984558105,77100,0.0,0.0
1997-08-07 00:00:00-04:00,8.333333015441895,9.083333015441895,8.333333015441895,8.958333015441895,214050,0.0,0.0
1997-08-08 00:00:00-04:00,8.958333015441895,9.166666984558105,8.833333015441895,9.125,134250,0.0,0.0
1997-08-11 00:00:00-04:00,9.083333015441895,9.125,8.791666984558105,9.041666984558105,46350,0.0,0.0
1997-08-12 00:00:00-04:00,9.0,9.0,8.708333015441895,8.75,35700,0.0,0.0
1997-08-13 00:00:00-04:00,8.708333015441895,8.75,8.583333015441895,8.708333015441895,33900,0.0,0.0
1997-08-14 00:00:00-04:00,8.625,8.666666984558105,8.583333015441895,8.666666984558105,18450,0.0,0.0
1997-08-15 00:00:00-04:00,8.583333015441895,8.666666984558105,8.5,8.625,27150,0.0,0.0
1997-08-18 00:00:00-04:00,8.625,8.625,8.5,8.625,25950,0.0,0.0
1997-08-19 00:00:00-04:00,8.666666984558105,8.75,8.541666984558105,8.708333015441895,76350,0.0,0.0
1997-08-20 00:00:00-04:00,8.666666984558105,8.666666984558105,8.375,8.5,80100,0.0,0.0
1997-08-21 00:00:00-04:00,8.583333015441895,8.75,8.583333015441895,8.583333015441895,51300,0.0,0.0
1997-08-22 00:00:00-04:00,8.5,8.666666984558105,8.5,8.666666984558105,67350,0.0,0.0
1997-08-25 00:00:00-04:00,8.625,8.75,8.625,8.708333015441895,32400,0.0,0.0
1997-08-26 00:00:00-04:00,8.666666984558105,8.75,8.625,8.75,61650,0.0,0.0
1997-08-27 00:00:00-04:00,8.75,8.791666984558105,8.666666984558105,8.791666984558105,44700,0.0,0.0
1997-08-28 00:00:00-04:00,8.791666984558105,8.791666984558105,8.625,8.666666984558105,81300,0.0,0.0
1997-08-29 00:00:00-04:00,8.625,9.166666984558105,8.625,9.083333015441895,48150,0.0,0.0
1997-09-02 00:00:00-04:00,9.166666984558105,9.166666984558105,9.041666984558105,9.125,12750,0.0,0.0
1997-09-03 00:00:00-04:00,9.125,9.458333015441895,9.083333015441895,9.416666984558105,64050,0.0,0.0
1997-09-04 00:00:00-04:00,9.5,10.0,9.5,9.833333015441895,86400,0.0,0.0
1997-09-05 00:00:00-04:00,9.916666984558105,10.083333015441895,9.833333015441895,10.0,53100,0.0,0.0
1997-09-08 00:00:00-04:00,10.0,10.416666984558105,9.875,10.416666984558105,105750,0.0,0.0
1997-09-09 00:00:00-04:00,10.458333015441895,10.75,10.458333015441895,10.625,149850,0.0,0.0
1997-09-10 00:00:00-04:00,10.666666984558105,10.708333015441895,10.375,10.625,37500,0.0,0.0
1997-09-11 00:00:00-04:00,10.625,10.666666984558105,10.375,10.583333015441895,66150,0.0,0.0
1997-09-12 00:00:00-04:00,10.666666984558105,10.75,10.541666984558105,10.541666984558105,26250,0.0,0.0
1997-09-15 00:00:00-04:00,10.583333015441895,10.625,10.416666984558105,10.625,17700,0.0,0.0
1997-09-16 00:00:00-04:00,10.583333015441895,10.666666984558105,10.333333015441895,10.333333015441895,20250,0.0,0.0
1997-09-17 00:00:00-04:00,10.583333015441895,10.583333015441895,10.333333015441895,10.541666984558105,48000,0.0,0.0
1997-09-18 00:00:00-04:00,10.5,10.5,10.166666984558105,10.333333015441895,48150,0.0,0.0
1997-09-19 00:00:00-04:00,10.333333015441895,10.416666984558105,10.25,10.291666984558105,28950,0.0,0.0
1997-09-22 00:00:00-04:00,10.333333015441895,10.333333015441895,10.0,10.0,40050,0.0,0.0
1997-09-23 00:00:00-04:00,10.083333015441895,10.125,9.833333015441895,9.833333015441895,26550,0.0,0.0
1997-09-24 00:00:00-04:00,9.916666984558105,10.0,9.916666984558105,10.0,17550,0.0,0.0
1997-09-25 00:00:00-04:00,10.0,10.125,9.833333015441895,9.833333015441895,27750,0.0,0.0
1997-09-26 00:00:00-04:00,9.875,10.0,9.875,9.916666984558105,11250,0.0,0.0
1997-09-29 00:00:00-04:00,9.833333015441895,10.0,9.833333015441895,9.875,13800,0.0,0.0
1997-09-30 00:00:00-04:00,9.958333015441895,10.083333015441895,9.875,9.958333015441895,36750,0.0,0.0
1997-10-01 00:00:00-04:00,9.916666984558105,10.083333015441895,9.875,9.875,26250,0.0,0.0
1997-10-02 00:00:00-04:00,9.833333015441895,9.958333015441895,9.791666984558105,9.833333015441895,18000,0.0,0.0
1997-10-03 00:00:00-04:00,9.833333015441895,9.833333015441895,9.666666984558105,9.666666984558105,21600,0.0,0.0
1997-10-06 00:00:00-04:00,9.75,9.875,9.583333015441895,9.791666984558105,21600,0.0,0.0
1997-10-07 00:00:00-04:00,9.75,10.0,9.708333015441895,9.875,15750,0.0,0.0
1997-10-08 00:00:00-04:00,9.875,10.0,9.791666984558105,9.958333015441895,25350,0.0,0.0
1997-10-09 00:00:00-04:00,9.916666984558105,10.541666984558105,9.875,10.5,69000,0.0,0.0
1997-10-10 00:00:00-04:00,10.541666984558105,10.666666984558105,10.416666984558105,10.416666984558105,28050,0.0,0.0
1997-10-13 00:00:00-04:00,10.5,10.625,10.416666984558105,10.625,40800,0.0,0.0
1997-10-14 00:00:00-04:00,10.666666984558105,12.333333015441895,10.666666984558105,12.041666984558105,208650,0.0,0.0
1997-10-15 00:00:00-04:00,12.0,12.666666984558105,11.75,12.583333015441895,136200,0.0,0.0
1997-10-16 00:00:00-04:00,12.625,12.666666984558105,11.666666984558105,11.666666984558105,173100,0.0,0.0
1997-10-17 00:00:00-04:00,11.666666984558105,11.958333015441895,11.416666984558105,11.708333015441895,88350,0.0,0.0
1997-10-20 00:00:00-04:00,11.708333015441895,11.958333015441895,11.708333015441895,11.916666984558105,65100,0.0,0.0
1997-10-21 00:00:00-04:00,11.916666984558105,11.916666984558105,11.25,11.333333015441895,61950,0.0,0.0
1997-10-22 00:00:00-04:00,11.208333015441895,11.5,11.208333015441895,11.208333015441895,24450,0.0,0.0
1997-10-23 00:00:00-04:00,10.666666984558105,11.291666984558105,10.5,11.125,82500,0.0,0.0
1997-10-24 00:00:00-04:00,11.083333015441895,11.25,10.916666984558105,11.0,28050,0.0,0.0
1997-10-27 00:00:00-05:00,11.083333015441895,11.083333015441895,9.833333015441895,9.875,48600,0.0,0.0
1997-10-28 00:00:00-05:00,9.458333015441895,10.166666984558105,9.166666984558105,10.083333015441895,97200,0.0,0.0
1997-10-29 00:00:00-05:00,10.416666984558105,11.0,10.416666984558105,10.833333015441895,57000,0.0,0.0
1997-10-30 00:00:00-05:00,10.833333015441895,10.875,10.416666984558105,10.625,21150,0.0,0.0
1997-10-31 00:00:00-05:00,10.666666984558105,10.666666984558105,10.333333015441895,10.333333015441895,13350,0.0,0.0
1997-11-03 00:00:00-05:00,10.416666984558105,10.625,10.25,10.333333015441895,42900,0.0,0.0
1997-11-04 00:00:00-05:00,10.458333015441895,10.458333015441895,10.208333015441895,10.208333015441895,12900,0.0,0.0
1997-11-05 00:00:00-05:00,10.291666984558105,10.333333015441895,10.0,10.166666984558105,37500,0.0,0.0
1997-11-06 00:00:00-05:00,10.166666984558105,10.25,10.083333015441895,10.166666984558105,11100,0.0,0.0
1997-11-07 00:00:00-05:00,10.166666984558105,10.166666984558105,9.958333015441895,10.083333015441895,23700,0.0,0.0
1997-11-10 00:00:00-05:00,10.083333015441895,10.166666984558105,10.0,10.0,7050,0.0,0.0
1997-11-11 00:00:00-05:00,10.0,10.083333015441895,9.583333015441895,9.833333015441895,13500,0.0,0.0
1997-11-12 00:00:00-05:00,9.625,9.833333015441895,9.333333015441895,9.5,55200,0.0,0.0
1997-11-13 00:00:00-05:00,9.541666984558105,9.541666984558105,9.041666984558105,9.166666984558105,28950,0.0,0.0
1997-11-14 00:00:00-05:00,9.25,9.666666984558105,9.25,9.666666984558105,25800,0.0,0.0
1997-11-17 00:00:00-05:00,9.75,9.958333015441895,9.75,9.916666984558105,22200,0.0,0.0
1997-11-18 00:00:00-05:00,9.833333015441895,9.916666984558105,9.666666984558105,9.666666984558105,10500,0.0,0.0
1997-11-19 00:00:00-05:00,9.583333015441895,9.75,9.583333015441895,9.583333015441895,8550,0.0,0.0
1997-11-20 00:00:00-05:00,9.666666984558105,9.666666984558105,9.5,9.5,10050,0.0,0.0
1997-11-21 00:00:00-05:00,9.416666984558105,9.5,9.166666984558105,9.25,34650,0.0,0.0
1997-11-24 00:00:00-05:00,9.166666984558105,9.541666984558105,9.0,9.416666984558105,34950,0.0,0.0
1997-11-25 00:00:00-05:00,9.416666984558105,9.583333015441895,9.375,9.541666984558105,13950,0.0,0.0
1997-11-26 00:00:00-05:00,9.583333015441895,9.666666984558105,9.375,9.375,21150,0.0,0.0
1997-11-28 00:00:00-05:00,9.458333015441895,9.75,9.458333015441895,9.708333015441895,7500,0.0,0.0
1997-12-01 00:00:00-05:00,9.75,9.75,9.25,9.333333015441895,9000,0.0,0.0
1997-12-02 00:00:00-05:00,9.333333015441895,9.333333015441895,8.916666984558105,9.166666984558105,29700,0.0,0.0
1997-12-03 00:00:00-05:00,9.083333015441895,9.166666984558105,8.833333015441895,8.916666984558105,16350,0.0,0.0
1997-12-04 00:00:00-05:00,8.833333015441895,9.75,8.833333015441895,9.5,39600,0.0,0.0
1997-12-05 00:00:00-05:00,9.416666984558105,9.5,9.416666984558105,9.416666984558105,8700,0.0,0.0
1997-12-08 00:00:00-05:00,9.416666984558105,9.666666984558105,9.416666984558105,9.625,18750,0.0,0.0
1997-12-09 00:00:00-05:00,9.625,9.666666984558105,9.333333015441895,9.375,33450,0.0,0.0
1997-12-10 00:00:00-05:00,9.333333015441895,9.541666984558105,9.333333015441895,9.416666984558105,17850,0.0,0.0
1997-12-11 00:00:00-05:00,9.333333015441895,9.333333015441895,9.0,9.0,20250,0.0,0.0
1997-12-12 00:00:00-05:00,9.083333015441895,9.25,9.041666984558105,9.208333015441895,27000,0.0,0.0
1997-12-15 00:00:00-05:00,9.291666984558105,9.333333015441895,8.875,9.333333015441895,52050,0.0,0.0
1997-12-16 00:00:00-05:00,9.333333015441895,9.5,9.166666984558105,9.166666984558105,18450,0.0,0.0
1997-12-17 00:00:00-05:00,9.166666984558105,9.333333015441895,9.166666984558105,9.166666984558105,7650,0.0,0.0
1997-12-18 00:00:00-05:00,9.166666984558105,9.208333015441895,9.125,9.208333015441895,6600,0.0,0.0
1997-12-19 00:00:00-05:00,9.125,9.125,8.666666984558105,9.0,26850,0.0,0.0
1997-12-22 00:00:00-05:00,8.916666984558105,9.0,8.75,8.916666984558105,21450,0.0,0.0
1997-12-23 00:00:00-05:00,9.0,9.041666984558105,8.875,9.041666984558105,14850,0.0,0.0
1997-12-24 00:00:00-05:00,9.0,9.0,8.75,8.75,7500,0.0,0.0
1997-12-26 00:00:00-05:00,8.666666984558105,8.833333015441895,8.666666984558105,8.833333015441895,11400,0.0,0.0
1997-12-29 00:00:00-05:00,8.833333015441895,9.125,8.833333015441895,9.041666984558105,22350,0.0,0.0
1997-12-30 00:00:00-05:00,9.0,9.0,8.833333015441895,8.916666984558105,29250,0.0,0.0
1997-12-31 00:00:00-05:00,9.166666984558105,9.25,8.916666984558105,9.083333015441895,36450,0.0,0.0
1998-01-02 00:00:00-05:00,9.333333015441895,10.0,9.166666984558105,10.0,47850,0.0,0.0
1998-01-05 00:00:00-05:00,10.0,10.166666984558105,9.833333015441895,10.083333015441895,32550,0.0,0.0
1998-01-06 00:00:00-05:00,10.75,11.291666984558105,10.541666984558105,10.916666984558105,155250,0.0,0.0
1998-01-07 00:00:00-05:00,11.041666984558105,11.583333015441895,11.041666984558105,11.583333015441895,93000,0.0,0.0
1998-01-08 00:00:00-05:00,11.708333015441895,11.958333015441895,11.166666984558105,11.166666984558105,132750,0.0,0.0
1998-01-09 00:00:00-05:00,11.083333015441895,11.083333015441895,10.0,10.083333015441895,98550,0.0,0.0
1998-01-12 00:00:00-05:00,9.916666984558105,10.666666984558105,9.583333015441895,10.541666984558105,61200,0.0,0.0
1998-01-13 00:00:00-05:00,10.458333015441895,11.166666984558105,10.458333015441895,11.083333015441895,33150,0.0,0.0
1998-01-14 00:00:00-05:00,11.083333015441895,11.166666984558105,11.0,11.0,27750,0.0,0.0
1998-01-15 00:00:00-05:00,11.0,11.0,10.5,10.583333015441895,23700,0.0,0.0
1998-01-16 00:00:00-05:00,10.541666984558105,10.625,10.166666984558105,10.166666984558105,16200,0.0,0.0
1998-01-20 00:00:00-05:00,10.083333015441895,10.916666984558105,10.083333015441895,10.916666984558105,55350,0.0,0.0
1998-01-21 00:00:00-05:00,10.833333015441895,11.041666984558105,10.833333015441895,10.916666984558105,20400,0.0,0.0
1998-01-22 00:00:00-05:00,10.916666984558105,11.083333015441895,10.916666984558105,10.958333015441895,23850,0.0,0.0
1998-01-23 00:00:00-05:00,11.0,11.416666984558105,11.0,11.166666984558105,51750,0.0,0.0
1998-01-26 00:00:00-05:00,11.25,11.416666984558105,11.166666984558105,11.291666984558105,20700,0.0,0.0
1998-01-27 00:00:00-05:00,11.375,11.5,11.0,11.083333015441895,42750,0.0,0.0
1998-01-28 00:00:00-05:00,11.0,11.166666984558105,10.5,10.666666984558105,54000,0.0,0.0
1998-01-29 00:00:00-05:00,10.5,10.666666984558105,10.375,10.583333015441895,32250,0.0,0.0
1998-01-30 00:00:00-05:00,10.5,10.75,10.5,10.5,26250,0.0,0.0
1998-02-02 00:00:00-05:00,10.666666984558105,10.833333015441895,10.5,10.541666984558105,18750,0.0,0.0
1998-02-03 00:00:00-05:00,10.625,10.625,10.375,10.458333015441895,19650,0.0,0.0
1998-02-04 00:00:00-05:00,10.5,10.666666984558105,10.458333015441895,10.583333015441895,10650,0.0,0.0
1998-02-05 00:00:00-05:00,10.291666984558105,10.416666984558105,9.75,10.416666984558105,95400,0.0,0.0
1998-02-06 00:00:00-05:00,10.375,10.416666984558105,10.25,10.25,20850,0.0,0.0
1998-02-09 00:00:00-05:00,10.25,10.5,10.0,10.166666984558105,56850,0.0,0.0
1998-02-10 00:00:00-05:00,10.333333015441895,10.416666984558105,10.0,10.083333015441895,39750,0.0,0.0
1998-02-11 00:00:00-05:00,10.0,10.166666984558105,9.916666984558105,10.0,39600,0.0,0.0
1998-02-12 00:00:00-05:00,10.083333015441895,10.208333015441895,10.041666984558105,10.041666984558105,21000,0.0,0.0
1998-02-13 00:00:00-05:00,10.125,10.25,10.041666984558105,10.166666984558105,8400,0.0,0.0
1998-02-17 00:00:00-05:00,10.25,10.333333015441895,10.25,10.333333015441895,15300,0.0,0.0
1998-02-18 00:00:00-05:00,9.916666984558105,9.916666984558105,9.333333015441895,9.333333015441895,93750,0.0,0.0
1998-02-19 00:00:00-05:00,9.333333015441895,9.333333015441895,8.708333015441895,8.791666984558105,209400,0.0,0.0
1998-02-20 00:00:00-05:00,8.833333015441895,9.0,8.416666984558105,8.5,94800,0.0,0.0
1998-02-23 00:00:00-05:00,8.333333015441895,9.083333015441895,8.166666984558105,9.0,217350,0.0,0.0
1998-02-24 00:00:00-05:00,8.916666984558105,9.5,8.833333015441895,9.5,142500,0.0,0.0
1998-02-25 00:00:00-05:00,9.666666984558105,9.916666984558105,9.375,9.583333015441895,147600,0.0,0.0
1998-02-26 00:00:00-05:00,9.666666984558105,9.666666984558105,9.083333015441895,9.083333015441895,75750,0.0,0.0
1998-02-27 00:00:00-05:00,9.125,9.25,8.833333015441895,9.25,74250,0.0,0.0
1998-03-02 00:00:00-05:00,9.208333015441895,9.458333015441895,9.0,9.416666984558105,57300,0.0,0.0
1998-03-03 00:00:00-05:00,9.375,9.458333015441895,9.208333015441895,9.291666984558105,17700,0.0,0.0
1998-03-04 00:00:00-05:00,9.291666984558105,9.541666984558105,9.25,9.541666984558105,74250,0.0,0.0
1998-03-05 00:00:00-05:00,9.541666984558105,9.541666984558105,9.416666984558105,9.458333015441895,19800,0.0,0.0
1998-03-06 00:00:00-05:00,9.458333015441895,9.833333015441895,9.458333015441895,9.666666984558105,57000,0.0,0.0
1998-03-09 00:00:00-05:00,9.75,10.666666984558105,9.708333015441895,10.583333015441895,102150,0.0,0.0
1998-03-10 00:00:00-05:00,10.666666984558105,11.0,10.583333015441895,10.583333015441895,95700,0.0,0.0
1998-03-11 00:00:00-05:00,10.666666984558105,10.75,10.25,10.333333015441895,49350,0.0,0.0
1998-03-12 00:00:00-05:00,10.333333015441895,10.833333015441895,10.333333015441895,10.5,53850,0.0,0.0
1998-03-13 00:00:00-05:00,10.583333015441895,11.0,10.5,10.666666984558105,83250,0.0,0.0
1998-03-16 00:00:00-05:00,10.666666984558105,11.0,10.625,10.791666984558105,58500,0.0,0.0
1998-03-17 00:00:00-05:00,10.833333015441895,11.083333015441895,10.833333015441895,10.916666984558105,50550,0.0,0.0
1998-03-18 00:00:00-05:00,10.333333015441895,10.333333015441895,9.666666984558105,10.333333015441895,237900,0.0,0.0
1998-03-19 00:00:00-05:00,10.291666984558105,10.291666984558105,9.75,9.75,41700,0.0,0.0
1998-03-20 00:00:00-05:00,9.708333015441895,9.833333015441895,9.583333015441895,9.75,40950,0.0,0.0
1998-03-23 00:00:00-05:00,9.75,9.916666984558105,9.666666984558105,9.791666984558105,33600,0.0,0.0
1998-03-24 00:00:00-05:00,9.75,10.083333015441895,9.666666984558105,9.916666984558105,31050,0.0,0.0
1998-03-25 00:00:00-05:00,10.0,10.125,10.0,10.125,41250,0.0,0.0
1998-03-26 00:00:00-05:00,10.166666984558105,10.333333015441895,10.083333015441895,10.125,89400,0.0,0.0
1998-03-27 00:00:00-05:00,10.208333015441895,10.375,10.166666984558105,10.333333015441895,24000,0.0,0.0
1998-03-30 00:00:00-05:00,10.5,11.083333015441895,10.416666984558105,11.083333015441895,133200,0.0,0.0
1998-03-31 00:00:00-05:00,11.166666984558105,11.5,11.166666984558105,11.333333015441895,3189300,0.0,0.0
1998-04-01 00:00:00-05:00,11.333333015441895,11.458333015441895,11.25,11.25,409350,0.0,0.0
1998-04-02 00:00:00-05:00,11.333333015441895,11.333333015441895,10.75,10.791666984558105,238350,0.0,0.0
1998-04-03 00:00:00-05:00,10.833333015441895,11.0,10.75,10.958333015441895,123600,0.0,0.0
1998-04-06 00:00:00-04:00,10.875,11.0,10.708333015441895,10.958333015441895,218700,0.0,0.0
1998-04-07 00:00:00-04:00,11.0,11.0,10.75,10.916666984558105,85800,0.0,0.0
1998-04-08 00:00:00-04:00,10.958333015441895,11.0,10.833333015441895,11.0,299700,0.0,0.0
1998-04-09 00:00:00-04:00,10.958333015441895,11.166666984558105,10.958333015441895,11.041666984558105,62850,0.0,0.0
1998-04-13 00:00:00-04:00,11.083333015441895,11.125,11.0,11.083333015441895,43050,0.0,0.0
1998-04-14 00:00:00-04:00,11.083333015441895,11.416666984558105,11.083333015441895,11.416666984558105,113250,0.0,0.0
1998-04-15 00:00:00-04:00,11.458333015441895,11.458333015441895,11.166666984558105,11.166666984558105,65850,0.0,0.0
1998-04-16 00:00:00-04:00,11.375,11.416666984558105,11.208333015441895,11.333333015441895,95700,0.0,0.0
1998-04-17 00:00:00-04:00,11.416666984558105,11.833333015441895,11.333333015441895,11.708333015441895,79350,0.0,0.0
1998-04-20 00:00:00-04:00,11.833333015441895,12.083333015441895,11.75,12.0,161250,0.0,0.0
1998-04-21 00:00:00-04:00,12.125,12.166666984558105,11.583333015441895,11.666666984558105,72300,0.0,0.0
1998-04-22 00:00:00-04:00,11.541666984558105,11.833333015441895,11.5,11.708333015441895,55500,0.0,0.0
1998-04-23 00:00:00-04:00,11.833333015441895,11.833333015441895,11.666666984558105,11.708333015441895,41700,0.0,0.0
1998-04-24 00:00:00-04:00,11.791666984558105,11.791666984558105,11.333333015441895,11.458333015441895,35100,0.0,0.0
1998-04-27 00:00:00-04:00,11.458333015441895,11.458333015441895,10.708333015441895,11.0,50250,0.0,0.0
1998-04-28 00:00:00-04:00,11.125,11.166666984558105,10.666666984558105,10.666666984558105,37350,0.0,0.0
1998-04-29 00:00:00-04:00,10.666666984558105,10.666666984558105,10.541666984558105,10.666666984558105,48450,0.0,0.0
1998-04-30 00:00:00-04:00,10.75,11.166666984558105,10.75,11.041666984558105,105900,0.0,0.0
1998-05-01 00:00:00-04:00,11.083333015441895,11.333333015441895,11.083333015441895,11.125,25500,0.0,0.0
1998-05-04 00:00:00-04:00,11.375,11.5,10.916666984558105,11.083333015441895,71400,0.0,0.0
1998-05-05 00:00:00-04:00,10.958333015441895,11.041666984558105,10.791666984558105,10.833333015441895,31500,0.0,0.0
1998-05-06 00:00:00-04:00,10.875,10.916666984558105,10.666666984558105,10.75,25350,0.0,0.0
1998-05-07 00:00:00-04:00,10.791666984558105,10.958333015441895,10.791666984558105,10.875,40050,0.0,0.0
1998-05-08 00:00:00-04:00,10.833333015441895,10.958333015441895,10.708333015441895,10.875,21000,0.0,0.0
1998-05-11 00:00:00-04:00,10.833333015441895,10.833333015441895,10.5,10.583333015441895,36600,0.0,0.0
1998-05-12 00:00:00-04:00,10.5,10.666666984558105,10.5,10.583333015441895,31950,0.0,0.0
1998-05-13 00:00:00-04:00,10.583333015441895,10.75,10.5,10.666666984558105,24750,0.0,0.0
1998-05-14 00:00:00-04:00,10.75,10.75,10.625,10.75,8400,0.0,0.0
1998-05-15 00:00:00-04:00,10.708333015441895,11.166666984558105,10.708333015441895,11.0,32100,0.0,0.0
1998-05-18 00:00:00-04:00,11.166666984558105,11.333333015441895,11.166666984558105,11.166666984558105,19350,0.0,0.0
1998-05-19 00:00:00-04:00,11.083333015441895,11.625,11.0,11.458333015441895,137100,0.0,0.0
1998-05-20 00:00:00-04:00,11.5,11.75,11.333333015441895,11.333333015441895,55500,0.0,0.0
1998-05-21 00:00:00-04:00,11.416666984558105,11.666666984558105,11.333333015441895,11.416666984558105,69750,0.0,0.0
1998-05-22 00:00:00-04:00,11.333333015441895,11.5,11.333333015441895,11.458333015441895,26250,0.0,0.0
1998-05-26 00:00:00-04:00,11.416666984558105,11.541666984558105,11.333333015441895,11.333333015441895,102450,0.0,0.0
1998-05-27 00:00:00-04:00,11.25,11.333333015441895,11.25,11.291666984558105,45450,0.0,0.0
1998-05-28 00:00:00-04:00,11.208333015441895,11.208333015441895,11.041666984558105,11.125,43650,0.0,0.0
1998-05-29 00:00:00-04:00,11.041666984558105,11.041666984558105,10.958333015441895,11.0,24450,0.0,0.0
1998-06-01 00:00:00-04:00,10.875,11.0,10.833333015441895,10.916666984558105,25200,0.0,0.0
1998-06-02 00:00:00-04:00,11.041666984558105,11.166666984558105,10.958333015441895,11.041666984558105,17250,0.0,0.0
1998-06-03 00:00:00-04:00,10.916666984558105,11.125,10.916666984558105,11.041666984558105,12300,0.0,0.0
1998-06-04 00:00:00-04:00,10.875,10.875,10.708333015441895,10.75,20550,0.0,0.0
1998-06-05 00:00:00-04:00,10.833333015441895,10.833333015441895,10.625,10.666666984558105,7200,0.0,0.0
1998-06-08 00:00:00-04:00,10.666666984558105,10.875,10.583333015441895,10.583333015441895,30600,0.0,0.0
1998-06-09 00:00:00-04:00,10.666666984558105,10.666666984558105,10.458333015441895,10.666666984558105,44550,0.0,0.0
1998-06-10 00:00:00-04:00,10.583333015441895,10.666666984558105,10.583333015441895,10.666666984558105,10500,0.0,0.0
1998-06-11 00:00:00-04:00,10.625,10.666666984558105,10.541666984558105,10.541666984558105,13050,0.0,0.0
1998-06-12 00:00:00-04:00,10.5,10.666666984558105,10.5,10.666666984558105,41550,0.0,0.0
1998-06-15 00:00:00-04:00,10.583333015441895,10.583333015441895,10.333333015441895,10.416666984558105,21450,0.0,0.0
1998-06-16 00:00:00-04:00,10.416666984558105,10.416666984558105,10.208333015441895,10.208333015441895,16500,0.0,0.0
1998-06-17 00:00:00-04:00,10.25,10.416666984558105,10.083333015441895,10.125,21150,0.0,0.0
1998-06-18 00:00:00-04:00,10.083333015441895,10.166666984558105,9.75,9.916666984558105,70800,0.0,0.0
1998-06-19 00:00:00-04:00,9.833333015441895,10.25,9.833333015441895,10.208333015441895,94800,0.0,0.0
1998-06-22 00:00:00-04:00,10.208333015441895,10.291666984558105,10.166666984558105,10.166666984558105,30750,0.0,0.0
1998-06-23 00:00:00-04:00,10.166666984558105,10.583333015441895,10.083333015441895,10.5,53400,0.0,0.0
1998-06-24 00:00:00-04:00,10.541666984558105,10.541666984558105,10.333333015441895,10.458333015441895,24900,0.0,0.0
1998-06-25 00:00:00-04:00,10.416666984558105,10.666666984558105,10.333333015441895,10.666666984558105,51150,0.0,0.0
1998-06-26 00:00:00-04:00,10.666666984558105,11.166666984558105,10.666666984558105,11.166666984558105,30750,0.0,0.0
1998-06-29 00:00:00-04:00,11.083333015441895,11.083333015441895,10.625,10.666666984558105,21450,0.0,0.0
1998-06-30 00:00:00-04:00,10.625,10.666666984558105,10.5,10.5,10050,0.0,0.0
1998-07-01 00:00:00-04:00,10.583333015441895,10.75,10.583333015441895,10.666666984558105,21600,0.0,0.0
1998-07-02 00:00:00-04:00,10.541666984558105,10.666666984558105,10.541666984558105,10.666666984558105,8700,0.0,0.0
1998-07-06 00:00:00-04:00,10.75,10.75,10.666666984558105,10.666666984558105,28200,0.0,0.0
1998-07-07 00:00:00-04:00,10.666666984558105,10.666666984558105,10.5,10.583333015441895,23550,0.0,0.0
1998-07-08 00:00:00-04:00,10.5,10.666666984558105,10.5,10.666666984558105,28350,0.0,0.0
1998-07-09 00:00:00-04:00,10.625,10.666666984558105,10.5,10.583333015441895,9750,0.0,0.0
1998-07-10 00:00:00-04:00,10.666666984558105,10.708333015441895,10.541666984558105,10.666666984558105,27450,0.0,0.0
1998-07-13 00:00:00-04:00,10.666666984558105,10.75,10.5,10.75,45750,0.0,0.0
1998-07-14 00:00:00-04:00,10.833333015441895,10.833333015441895,10.5,10.666666984558105,60600,0.0,0.0
1998-07-15 00:00:00-04:00,10.666666984558105,10.666666984558105,10.5,10.541666984558105,14700,0.0,0.0
1998-07-16 00:00:00-04:00,10.5,10.583333015441895,10.416666984558105,10.541666984558105,16050,0.0,0.0
1998-07-17 00:00:00-04:00,10.541666984558105,10.666666984558105,10.541666984558105,10.666666984558105,39750,0.0,0.0
1998-07-20 00:00:00-04:00,10.5,10.5,10.166666984558105,10.416666984558105,104400,0.0,0.0
1998-07-21 00:00:00-04:00,10.416666984558105,10.5,9.833333015441895,9.833333015441895,310800,0.0,0.0
1998-07-22 00:00:00-04:00,9.916666984558105,9.916666984558105,9.583333015441895,9.75,82800,0.0,0.0
1998-07-23 00:00:00-04:00,10.0,10.0,9.75,9.833333015441895,31650,0.0,0.0
1998-07-24 00:00:00-04:00,9.791666984558105,9.833333015441895,9.5,9.5,108750,0.0,0.0
1998-07-27 00:00:00-04:00,9.583333015441895,9.583333015441895,9.0,9.0,58350,0.0,0.0
1998-07-28 00:00:00-04:00,9.0,9.0,8.666666984558105,8.75,447450,0.0,0.0
1998-07-29 00:00:00-04:00,8.791666984558105,8.958333015441895,8.541666984558105,8.666666984558105,88350,0.0,0.0
1998-07-30 00:00:00-04:00,8.708333015441895,8.916666984558105,8.708333015441895,8.833333015441895,81750,0.0,0.0
1998-07-31 00:00:00-04:00,8.833333015441895,9.0,8.75,9.0,46200,0.0,0.0
1998-08-03 00:00:00-04:00,8.916666984558105,9.0,8.75,8.75,36900,0.0,0.0
1998-08-04 00:00:00-04:00,8.708333015441895,8.708333015441895,8.5,8.583333015441895,118950,0.0,0.0
1998-08-05 00:00:00-04:00,8.333333015441895,8.458333015441895,8.041666984558105,8.083333015441895,74400,0.0,0.0
1998-08-06 00:00:00-04:00,8.208333015441895,8.416666984558105,8.166666984558105,8.416666984558105,79200,0.0,0.0
1998-08-07 00:00:00-04:00,8.416666984558105,8.583333015441895,8.333333015441895,8.583333015441895,84300,0.0,0.0
1998-08-10 00:00:00-04:00,8.666666984558105,8.666666984558105,8.5,8.583333015441895,31200,0.0,0.0
1998-08-11 00:00:00-04:00,8.5,8.5,8.0,8.333333015441895,44700,0.0,0.0
1998-08-12 00:00:00-04:00,8.125,8.833333015441895,8.125,8.833333015441895,66000,0.0,0.0
1998-08-13 00:00:00-04:00,8.833333015441895,8.833333015441895,8.666666984558105,8.75,46950,0.0,0.0
1998-08-14 00:00:00-04:00,8.833333015441895,9.041666984558105,8.583333015441895,8.666666984558105,29100,0.0,0.0
1998-08-17 00:00:00-04:00,8.625,8.666666984558105,8.5,8.583333015441895,19050,0.0,0.0
1998-08-18 00:00:00-04:00,8.583333015441895,8.666666984558105,8.583333015441895,8.666666984558105,130800,0.0,0.0
1998-08-19 00:00:00-04:00,8.75,8.916666984558105,8.75,8.916666984558105,12000,0.0,0.0
1998-08-20 00:00:00-04:00,9.333333015441895,9.333333015441895,9.25,9.333333015441895,81300,0.0,0.0
1998-08-21 00:00:00-04:00,9.416666984558105,9.416666984558105,9.166666984558105,9.25,17100,0.0,0.0
1998-08-24 00:00:00-04:00,9.25,9.25,9.166666984558105,9.166666984558105,11550,0.0,0.0
1998-08-25 00:00:00-04:00,9.083333015441895,9.5,9.083333015441895,9.333333015441895,20550,0.0,0.0
1998-08-26 00:00:00-04:00,9.333333015441895,9.75,9.166666984558105,9.333333015441895,36450,0.0,0.0
1998-08-27 00:00:00-04:00,9.375,9.375,9.0,9.166666984558105,24750,0.0,0.0
1998-08-28 00:00:00-04:00,9.083333015441895,9.25,9.0,9.083333015441895,41550,0.0,0.0
1998-08-31 00:00:00-04:00,9.125,9.208333015441895,8.5,8.583333015441895,96750,0.0,0.0
1998-09-01 00:00:00-04:00,8.541666984558105,8.791666984558105,8.25,8.791666984558105,80550,0.0,0.0
1998-09-02 00:00:00-04:00,8.708333015441895,8.958333015441895,8.708333015441895,8.875,42150,0.0,0.0
1998-09-03 00:00:00-04:00,8.958333015441895,9.083333015441895,8.875,8.875,38700,0.0,0.0
1998-09-04 00:00:00-04:00,8.833333015441895,9.125,8.75,9.0,20700,0.0,0.0
1998-09-08 00:00:00-04:00,9.083333015441895,10.333333015441895,9.083333015441895,10.333333015441895,103800,0.0,0.0
1998-09-09 00:00:00-04:00,10.25,10.25,9.416666984558105,9.5,109500,0.0,0.0
1998-09-10 00:00:00-04:00,9.416666984558105,9.416666984558105,8.958333015441895,8.958333015441895,19050,0.0,0.0
1998-09-11 00:00:00-04:00,9.0,9.166666984558105,9.0,9.083333015441895,12000,0.0,0.0
1998-09-14 00:00:00-04:00,9.166666984558105,9.583333015441895,9.166666984558105,9.25,19050,0.0,0.0
1998-09-15 00:00:00-04:00,9.333333015441895,9.416666984558105,9.166666984558105,9.25,10950,0.0,0.0
1998-09-16 00:00:00-04:00,9.208333015441895,9.416666984558105,8.916666984558105,9.416666984558105,29850,0.0,0.0
1998-09-17 00:00:00-04:00,9.166666984558105,9.25,9.083333015441895,9.083333015441895,16950,0.0,0.0
1998-09-18 00:00:00-04:00,9.166666984558105,9.416666984558105,9.041666984558105,9.333333015441895,36600,0.0,0.0
1998-09-21 00:00:00-04:00,9.25,9.25,9.083333015441895,9.208333015441895,8250,0.0,0.0
1998-09-22 00:00:00-04:00,9.083333015441895,9.5,9.041666984558105,9.041666984558105,25350,0.0,0.0
1998-09-23 00:00:00-04:00,9.041666984558105,9.75,9.041666984558105,9.708333015441895,44550,0.0,0.0
1998-09-24 00:00:00-04:00,9.791666984558105,10.0,9.708333015441895,10.0,60750,0.0,0.0
1998-09-25 00:00:00-04:00,10.0,10.0,9.75,9.833333015441895,28350,0.0,0.0
1998-09-28 00:00:00-04:00,9.75,10.0,9.75,10.0,21150,0.0,0.0
1998-09-29 00:00:00-04:00,9.916666984558105,10.0,9.75,10.0,27750,0.0,0.0
1998-09-30 00:00:00-04:00,10.083333015441895,10.5,9.791666984558105,10.5,72300,0.0,0.0
1998-10-01 00:00:00-04:00,10.333333015441895,10.333333015441895,10.166666984558105,10.25,44250,0.0,0.0
1998-10-02 00:00:00-04:00,10.291666984558105,10.458333015441895,10.166666984558105,10.291666984558105,87900,0.0,0.0
1998-10-05 00:00:00-04:00,10.291666984558105,10.333333015441895,10.125,10.166666984558105,45450,0.0,0.0
1998-10-06 00:00:00-04:00,10.166666984558105,10.291666984558105,9.666666984558105,9.666666984558105,46500,0.0,0.0
1998-10-07 00:00:00-04:00,9.583333015441895,9.583333015441895,9.166666984558105,9.416666984558105,44400,0.0,0.0
1998-10-08 00:00:00-04:00,9.291666984558105,9.291666984558105,8.75,9.25,55200,0.0,0.0
1998-10-09 00:00:00-04:00,9.208333015441895,9.25,8.333333015441895,9.083333015441895,336450,0.0,0.0
1998-10-12 00:00:00-04:00,9.166666984558105,9.583333015441895,9.083333015441895,9.583333015441895,18750,0.0,0.0
1998-10-13 00:00:00-04:00,9.75,9.875,9.708333015441895,9.75,19650,0.0,0.0
1998-10-14 00:00:00-04:00,10.083333015441895,10.333333015441895,7.5416669845581055,8.083333015441895,579750,0.0,0.0
1998-10-15 00:00:00-04:00,7.6666669845581055,7.6666669845581055,6.125,7.5,584250,0.0,0.0
1998-10-16 00:00:00-04:00,7.5,7.5833330154418945,6.25,6.25,150150,0.0,0.0
1998-10-19 00:00:00-04:00,6.3333330154418945,6.75,6.1666669845581055,6.4166669845581055,393750,0.0,0.0
1998-10-20 00:00:00-04:00,6.4583330154418945,6.6666669845581055,6.375,6.6666669845581055,63150,0.0,0.0
1998-10-21 00:00:00-04:00,6.6666669845581055,6.75,6.5,6.625,84900,0.0,0.0
1998-10-22 00:00:00-04:00,6.6666669845581055,6.8333330154418945,6.5833330154418945,6.7916669845581055,19200,0.0,0.0
1998-10-23 00:00:00-04:00,6.9583330154418945,7.25,6.75,7.0,128400,0.0,0.0
1998-10-26 00:00:00-05:00,7.0833330154418945,7.1666669845581055,6.9166669845581055,6.9583330154418945,63000,0.0,0.0
1998-10-27 00:00:00-05:00,7.125,7.1666669845581055,7.0,7.0833330154418945,70950,0.0,0.0
1998-10-28 00:00:00-05:00,7.1666669845581055,7.4166669845581055,7.0,7.4166669845581055,45600,0.0,0.0
1998-10-29 00:00:00-05:00,7.4166669845581055,7.5,7.25,7.25,124500,0.0,0.0
1998-10-30 00:00:00-05:00,7.3333330154418945,7.3333330154418945,7.25,7.25,43800,0.0,0.0
1998-11-02 00:00:00-05:00,7.3333330154418945,7.7083330154418945,7.3333330154418945,7.7083330154418945,52050,0.0,0.0
1998-11-03 00:00:00-05:00,7.6666669845581055,7.6666669845581055,7.5833330154418945,7.625,23850,0.0,0.0
1998-11-04 00:00:00-05:00,7.6666669845581055,7.75,7.5833330154418945,7.6666669845581055,43800,0.0,0.0
1998-11-05 00:00:00-05:00,7.5833330154418945,7.625,7.4166669845581055,7.5416669845581055,23400,0.0,0.0
1998-11-06 00:00:00-05:00,7.6666669845581055,7.75,7.5833330154418945,7.625,16350,0.0,0.0
1998-11-09 00:00:00-05:00,7.7083330154418945,7.7083330154418945,7.0,7.0,67200,0.0,0.0
1998-11-10 00:00:00-05:00,7.0833330154418945,7.0833330154418945,6.875,6.9166669845581055,41850,0.0,0.0
1998-11-11 00:00:00-05:00,6.9583330154418945,7.25,6.75,7.25,126300,0.0,0.0
1998-11-12 00:00:00-05:00,7.1666669845581055,7.1666669845581055,6.8333330154418945,6.9583330154418945,44850,0.0,0.0
1998-11-13 00:00:00-05:00,6.875,6.9583330154418945,6.6666669845581055,6.75,243000,0.0,0.0
1998-11-16 00:00:00-05:00,6.6666669845581055,6.7083330154418945,6.4166669845581055,6.4166669845581055,85950,0.0,0.0
1998-11-17 00:00:00-05:00,6.4166669845581055,6.5833330154418945,6.25,6.4583330154418945,484050,0.0,0.0
1998-11-18 00:00:00-05:00,6.625,6.6666669845581055,6.3333330154418945,6.5833330154418945,131700,0.0,0.0
1998-11-19 00:00:00-05:00,6.6666669845581055,6.7916669845581055,6.5833330154418945,6.7916669845581055,220350,0.0,0.0
1998-11-20 00:00:00-05:00,6.8333330154418945,7.6666669845581055,6.8333330154418945,7.25,337350,0.0,0.0
1998-11-23 00:00:00-05:00,7.375,7.8333330154418945,7.375,7.75,71700,0.0,0.0
1998-11-24 00:00:00-05:00,7.6666669845581055,7.6666669845581055,7.4166669845581055,7.5,57450,0.0,0.0
1998-11-25 00:00:00-05:00,7.5,7.6666669845581055,7.4166669845581055,7.5833330154418945,32250,0.0,0.0
1998-11-27 00:00:00-05:00,7.5833330154418945,7.7916669845581055,7.5833330154418945,7.7916669845581055,30150,0.0,0.0
1998-11-30 00:00:00-05:00,7.7083330154418945,7.7916669845581055,7.5416669845581055,7.5833330154418945,73050,0.0,0.0
1998-12-01 00:00:00-05:00,7.5416669845581055,7.5833330154418945,7.5,7.5416669845581055,39450,0.0,0.0
1998-12-02 00:00:00-05:00,7.625,7.6666669845581055,7.4166669845581055,7.5,69300,0.0,0.0
1998-12-03 00:00:00-05:00,7.5,7.75,7.5,7.5416669845581055,26400,0.0,0.0
1998-12-04 00:00:00-05:00,7.5416669845581055,8.0,7.5,7.9583330154418945,76500,0.0,0.0
1998-12-07 00:00:00-05:00,8.0,8.125,7.75,7.9583330154418945,48450,0.0,0.0
1998-12-08 00:00:00-05:00,7.9583330154418945,7.9583330154418945,7.75,7.75,29850,0.0,0.0
1998-12-09 00:00:00-05:00,7.8333330154418945,7.9166669845581055,7.75,7.9166669845581055,28650,0.0,0.0
1998-12-10 00:00:00-05:00,7.9166669845581055,7.9166669845581055,7.75,7.75,34650,0.0,0.0
1998-12-11 00:00:00-05:00,7.7916669845581055,7.9166669845581055,7.7916669845581055,7.8333330154418945,10650,0.0,0.0
1998-12-14 00:00:00-05:00,7.8333330154418945,7.9166669845581055,7.8333330154418945,7.875,32250,0.0,0.0
1998-12-15 00:00:00-05:00,7.75,8.041666984558105,7.75,8.041666984558105,104100,0.0,0.0
1998-12-16 00:00:00-05:00,8.041666984558105,8.083333015441895,7.9166669845581055,8.0,48150,0.0,0.0
1998-12-17 00:00:00-05:00,7.9583330154418945,8.083333015441895,7.8333330154418945,8.0,37500,0.0,0.0
1998-12-18 00:00:00-05:00,7.8333330154418945,8.041666984558105,7.8333330154418945,8.0,53100,0.0,0.0
1998-12-21 00:00:00-05:00,7.9166669845581055,7.9166669845581055,7.6666669845581055,7.8333330154418945,36900,0.0,0.0
1998-12-22 00:00:00-05:00,7.9166669845581055,7.9583330154418945,7.7083330154418945,7.9166669845581055,60000,0.0,0.0
1998-12-23 00:00:00-05:00,7.8333330154418945,7.9583330154418945,7.7083330154418945,7.7083330154418945,47400,0.0,0.0
1998-12-24 00:00:00-05:00,7.625,7.625,7.625,7.625,5100,0.0,0.0
1998-12-28 00:00:00-05:00,7.625,7.9166669845581055,7.625,7.9166669845581055,53400,0.0,0.0
1998-12-29 00:00:00-05:00,7.875,8.0,7.75,7.7916669845581055,43350,0.0,0.0
1998-12-30 00:00:00-05:00,7.875,8.041666984558105,7.75,7.9583330154418945,86550,0.0,0.0
1998-12-31 00:00:00-05:00,7.9166669845581055,8.0,7.8333330154418945,7.9166669845581055,35100,0.0,0.0
1999-01-04 00:00:00-05:00,7.8333330154418945,7.875,7.6666669845581055,7.8333330154418945,27450,0.0,0.0
1999-01-05 00:00:00-05:00,7.8333330154418945,7.9166669845581055,7.8333330154418945,7.875,45750,0.0,0.0
1999-01-06 00:00:00-05:00,7.875,8.041666984558105,7.875,7.9583330154418945,136350,0.0,0.0
1999-01-07 00:00:00-05:00,8.041666984558105,8.125,8.0,8.125,53850,0.0,0.0
1999-01-08 00:00:00-05:00,8.041666984558105,8.041666984558105,7.8333330154418945,7.9583330154418945,32550,0.0,0.0
1999-01-11 00:00:00-05:00,7.9583330154418945,8.0,7.9583330154418945,7.9583330154418945,17250,0.0,0.0
1999-01-12 00:00:00-05:00,7.9583330154418945,7.9583330154418945,7.9166669845581055,7.9166669845581055,20250,0.0,0.0
1999-01-13 00:00:00-05:00,7.9583330154418945,8.166666984558105,7.8333330154418945,8.083333015441895,77550,0.0,0.0
1999-01-14 00:00:00-05:00,8.041666984558105,8.041666984558105,8.0,8.0,43050,0.0,0.0
1999-01-15 00:00:00-05:00,8.0,8.333333015441895,8.0,8.333333015441895,35700,0.0,0.0
1999-01-19 00:00:00-05:00,8.333333015441895,8.416666984558105,8.041666984558105,8.041666984558105,47700,0.0,0.0
1999-01-20 00:00:00-05:00,8.0,8.0,7.9166669845581055,8.0,50400,0.0,0.0
1999-01-21 00:00:00-05:00,8.083333015441895,8.75,8.083333015441895,8.458333015441895,118050,0.0,0.0
1999-01-22 00:00:00-05:00,8.375,8.583333015441895,8.375,8.5,19800,0.0,0.0
1999-01-25 00:00:00-05:00,8.5,8.5,7.9583330154418945,8.125,27750,0.0,0.0
1999-01-26 00:00:00-05:00,8.0,8.125,8.0,8.041666984558105,4800,0.0,0.0
1999-01-27 00:00:00-05:00,8.041666984558105,8.083333015441895,8.0,8.041666984558105,21750,0.0,0.0
1999-01-28 00:00:00-05:00,8.083333015441895,8.083333015441895,7.9583330154418945,7.9583330154418945,24600,0.0,0.0
1999-01-29 00:00:00-05:00,8.0,8.041666984558105,7.9166669845581055,8.0,28650,0.0,0.0
1999-02-01 00:00:00-05:00,8.0,8.083333015441895,7.7083330154418945,7.7083330154418945,20100,0.0,0.0
1999-02-02 00:00:00-05:00,7.7083330154418945,7.75,6.8333330154418945,6.8333330154418945,75600,0.0,0.0
1999-02-03 00:00:00-05:00,6.75,7.75,6.5,7.5833330154418945,267600,0.0,0.0
1999-02-04 00:00:00-05:00,7.5,7.5833330154418945,7.4166669845581055,7.5833330154418945,68550,0.0,0.0
1999-02-05 00:00:00-05:00,7.4166669845581055,7.5833330154418945,7.4166669845581055,7.5,68400,0.0,0.0
1999-02-08 00:00:00-05:00,7.4166669845581055,7.5833330154418945,7.4166669845581055,7.5833330154418945,32700,0.0,0.0
1999-02-09 00:00:00-05:00,7.5,7.6666669845581055,7.0833330154418945,7.3333330154418945,258900,0.0,0.0
1999-02-10 00:00:00-05:00,7.4166669845581055,7.4583330154418945,7.2083330154418945,7.3333330154418945,72150,0.0,0.0
1999-02-11 00:00:00-05:00,7.375,7.375,7.25,7.25,12450,0.0,0.0
1999-02-12 00:00:00-05:00,7.1666669845581055,7.1666669845581055,6.9166669845581055,7.0,17550,0.0,0.0
1999-02-16 00:00:00-05:00,7.0,7.0833330154418945,7.0,7.0833330154418945,9150,0.0,0.0
1999-02-17 00:00:00-05:00,7.1666669845581055,7.3333330154418945,7.0416669845581055,7.0416669845581055,28950,0.0,0.0
1999-02-18 00:00:00-05:00,7.2083330154418945,7.2916669845581055,7.0833330154418945,7.2916669845581055,40350,0.0,0.0
1999-02-19 00:00:00-05:00,7.3333330154418945,7.5,7.1666669845581055,7.375,315300,0.0,0.0
1999-02-22 00:00:00-05:00,7.375,7.5,7.2083330154418945,7.2083330154418945,20400,0.0,0.0
1999-02-23 00:00:00-05:00,7.0,7.0833330154418945,6.8333330154418945,6.8333330154418945,36450,0.0,0.0
1999-02-24 00:00:00-05:00,6.8333330154418945,7.0,6.8333330154418945,6.9166669845581055,15150,0.0,0.0
1999-02-25 00:00:00-05:00,6.8333330154418945,7.1666669845581055,6.7916669845581055,7.1666669845581055,36150,0.0,0.0
1999-02-26 00:00:00-05:00,7.25,7.25,7.0,7.0,7800,0.0,0.0
1999-03-01 00:00:00-05:00,7.0833330154418945,7.0833330154418945,7.0,7.0416669845581055,43650,0.0,0.0
1999-03-02 00:00:00-05:00,7.0,7.0416669845581055,6.9583330154418945,7.0,58200,0.0,0.0
1999-03-03 00:00:00-05:00,7.0,7.0833330154418945,7.0,7.0416669845581055,33750,0.0,0.0
1999-03-04 00:00:00-05:00,7.0416669845581055,7.1666669845581055,7.0416669845581055,7.0833330154418945,49950,0.0,0.0
1999-03-05 00:00:00-05:00,7.0416669845581055,7.25,7.0416669845581055,7.1666669845581055,24450,0.0,0.0
1999-03-08 00:00:00-05:00,7.1666669845581055,7.3333330154418945,7.125,7.3333330154418945,30750,0.0,0.0
1999-03-09 00:00:00-05:00,7.3333330154418945,7.3333330154418945,7.125,7.1666669845581055,22950,0.0,0.0
1999-03-10 00:00:00-05:00,7.1666669845581055,7.25,7.1666669845581055,7.1666669845581055,16500,0.0,0.0
1999-03-11 00:00:00-05:00,7.2083330154418945,7.3333330154418945,7.1666669845581055,7.3333330154418945,34050,0.0,0.0
1999-03-12 00:00:00-05:00,7.3333330154418945,7.4166669845581055,7.2083330154418945,7.2083330154418945,157350,0.0,0.0
1999-03-15 00:00:00-05:00,7.2916669845581055,7.4166669845581055,7.2083330154418945,7.375,58650,0.0,0.0
1999-03-16 00:00:00-05:00,7.5,8.0,7.5,7.9166669845581055,315000,0.0,0.0
1999-03-17 00:00:00-05:00,8.083333015441895,8.208333015441895,8.041666984558105,8.083333015441895,39000,0.0,0.0
1999-03-18 00:00:00-05:00,8.0,8.083333015441895,7.9166669845581055,8.041666984558105,23100,0.0,0.0
1999-03-19 00:00:00-05:00,8.083333015441895,8.083333015441895,7.9166669845581055,7.9166669845581055,53250,0.0,0.0
1999-03-22 00:00:00-05:00,7.9166669845581055,8.0,7.8333330154418945,7.9166669845581055,8850,0.0,0.0
1999-03-23 00:00:00-05:00,7.875,7.875,7.6666669845581055,7.75,21000,0.0,0.0
1999-03-24 00:00:00-05:00,7.7083330154418945,7.7083330154418945,7.1666669845581055,7.1666669845581055,33000,0.0,0.0
1999-03-25 00:00:00-05:00,7.25,7.5,7.25,7.4166669845581055,14700,0.0,0.0
1999-03-26 00:00:00-05:00,7.4166669845581055,7.5833330154418945,7.375,7.4166669845581055,13800,0.0,0.0
1999-03-29 00:00:00-05:00,7.4166669845581055,7.5,7.3333330154418945,7.5,43350,0.0,0.0
1999-03-30 00:00:00-05:00,7.5,7.625,7.4166669845581055,7.4166669845581055,27000,0.0,0.0
1999-03-31 00:00:00-05:00,7.4166669845581055,7.4166669845581055,7.3333330154418945,7.3333330154418945,28800,0.0,0.0
1999-04-01 00:00:00-05:00,7.5833330154418945,7.5833330154418945,7.4166669845581055,7.5416669845581055,14100,0.0,0.0
1999-04-05 00:00:00-04:00,7.4583330154418945,7.4583330154418945,7.25,7.2916669845581055,17400,0.0,0.0
1999-04-06 00:00:00-04:00,7.2916669845581055,7.3333330154418945,7.2916669845581055,7.2916669845581055,22950,0.0,0.0
1999-04-07 00:00:00-04:00,7.2916669845581055,7.3333330154418945,7.1666669845581055,7.1666669845581055,25800,0.0,0.0
1999-04-08 00:00:00-04:00,7.0833330154418945,7.4166669845581055,6.9166669845581055,7.3333330154418945,44700,0.0,0.0
1999-04-09 00:00:00-04:00,7.3333330154418945,7.3333330154418945,7.1666669845581055,7.1666669845581055,34800,0.0,0.0
1999-04-12 00:00:00-04:00,7.1666669845581055,7.25,7.0,7.25,38550,0.0,0.0
1999-04-13 00:00:00-04:00,7.1666669845581055,7.1666669845581055,6.9583330154418945,6.9583330154418945,32100,0.0,0.0
1999-04-14 00:00:00-04:00,6.9166669845581055,7.0,6.6666669845581055,6.75,79800,0.0,0.0
1999-04-15 00:00:00-04:00,6.8333330154418945,7.0833330154418945,6.8333330154418945,6.875,49350,0.0,0.0
1999-04-16 00:00:00-04:00,6.9166669845581055,6.9583330154418945,6.7916669845581055,6.875,30300,0.0,0.0
1999-04-19 00:00:00-04:00,6.875,6.875,6.75,6.75,13350,0.0,0.0
1999-04-20 00:00:00-04:00,6.7916669845581055,6.8333330154418945,6.6666669845581055,6.8333330154418945,15450,0.0,0.0
1999-04-21 00:00:00-04:00,6.7083330154418945,6.9166669845581055,6.6666669845581055,6.7916669845581055,86250,0.0,0.0
1999-04-22 00:00:00-04:00,6.875,6.875,6.6666669845581055,6.6666669845581055,37200,0.0,0.0
1999-04-23 00:00:00-04:00,6.75,6.75,6.6666669845581055,6.7083330154418945,63000,0.0,0.0
1999-04-26 00:00:00-04:00,6.7916669845581055,6.9583330154418945,6.75,6.8333330154418945,27300,0.0,0.0
1999-04-27 00:00:00-04:00,6.8333330154418945,6.9166669845581055,6.75,6.9166669845581055,20100,0.0,0.0
1999-04-28 00:00:00-04:00,6.8333330154418945,6.9583330154418945,6.8333330154418945,6.875,14700,0.0,0.0
1999-04-29 00:00:00-04:00,6.7916669845581055,6.9166669845581055,6.7916669845581055,6.8333330154418945,50400,0.0,0.0
1999-04-30 00:00:00-04:00,6.8333330154418945,7.0,6.8333330154418945,6.8333330154418945,28200,0.0,0.0
1999-05-03 00:00:00-04:00,6.9166669845581055,6.9166669845581055,6.7916669845581055,6.8333330154418945,41700,0.0,0.0
1999-05-04 00:00:00-04:00,6.7916669845581055,6.8333330154418945,6.75,6.7916669845581055,62250,0.0,0.0
1999-05-05 00:00:00-04:00,6.875,6.875,6.7916669845581055,6.8333330154418945,100500,0.0,0.0
1999-05-06 00:00:00-04:00,6.8333330154418945,7.0833330154418945,6.6666669845581055,7.0833330154418945,53700,0.0,0.0
1999-05-07 00:00:00-04:00,7.1666669845581055,7.25,7.0833330154418945,7.0833330154418945,24300,0.0,0.0
1999-05-10 00:00:00-04:00,7.1666669845581055,7.2083330154418945,7.125,7.1666669845581055,10050,0.0,0.0
1999-05-11 00:00:00-04:00,7.25,7.5,7.25,7.4166669845581055,43800,0.0,0.0
1999-05-12 00:00:00-04:00,7.375,7.4166669845581055,7.1666669845581055,7.25,26400,0.0,0.0
1999-05-13 00:00:00-04:00,7.2083330154418945,7.5,7.1666669845581055,7.5,28200,0.0,0.0
1999-05-14 00:00:00-04:00,7.6666669845581055,7.8333330154418945,7.5833330154418945,7.6666669845581055,41550,0.0,0.0
1999-05-17 00:00:00-04:00,7.6666669845581055,7.7083330154418945,7.5,7.6666669845581055,33000,0.0,0.0
1999-05-18 00:00:00-04:00,7.75,7.75,7.6666669845581055,7.6666669845581055,8550,0.0,0.0
1999-05-19 00:00:00-04:00,7.6666669845581055,7.7916669845581055,7.5833330154418945,7.6666669845581055,21600,0.0,0.0
1999-05-20 00:00:00-04:00,7.7083330154418945,7.8333330154418945,7.7083330154418945,7.8333330154418945,32700,0.0,0.0
1999-05-21 00:00:00-04:00,7.75,7.75,7.75,7.75,24900,0.0,0.0
1999-05-24 00:00:00-04:00,7.75,7.8333330154418945,7.75,7.7916669845581055,24750,0.0,0.0
1999-05-25 00:00:00-04:00,7.875,7.9166669845581055,7.7916669845581055,7.9166669845581055,35850,0.0,0.0
1999-05-26 00:00:00-04:00,7.9166669845581055,8.0,7.875,7.9583330154418945,18300,0.0,0.0
1999-05-27 00:00:00-04:00,7.9583330154418945,8.0,7.9166669845581055,7.9166669845581055,8250,0.0,0.0
1999-05-28 00:00:00-04:00,8.083333015441895,8.333333015441895,8.0,8.25,42750,0.0,0.0
1999-06-01 00:00:00-04:00,8.166666984558105,8.166666984558105,7.8333330154418945,7.9166669845581055,50850,0.0,0.0
1999-06-02 00:00:00-04:00,7.9166669845581055,8.0,7.9166669845581055,8.0,33450,0.0,0.0
1999-06-03 00:00:00-04:00,8.0,8.166666984558105,8.0,8.166666984558105,23100,0.0,0.0
1999-06-04 00:00:00-04:00,8.333333015441895,8.458333015441895,8.333333015441895,8.333333015441895,87600,0.0,0.0
1999-06-07 00:00:00-04:00,8.416666984558105,8.416666984558105,8.291666984558105,8.333333015441895,76650,0.0,0.0
1999-06-08 00:00:00-04:00,8.375,8.375,8.166666984558105,8.166666984558105,13050,0.0,0.0
1999-06-09 00:00:00-04:00,8.208333015441895,8.333333015441895,8.166666984558105,8.291666984558105,83400,0.0,0.0
1999-06-10 00:00:00-04:00,8.375,8.625,8.375,8.416666984558105,43050,0.0,0.0
1999-06-11 00:00:00-04:00,8.5,8.625,8.416666984558105,8.416666984558105,51750,0.0,0.0
1999-06-14 00:00:00-04:00,8.416666984558105,8.5,8.333333015441895,8.375,21600,0.0,0.0
1999-06-15 00:00:00-04:00,8.375,8.416666984558105,8.333333015441895,8.375,30750,0.0,0.0
1999-06-16 00:00:00-04:00,8.333333015441895,8.333333015441895,8.25,8.25,13650,0.0,0.0
1999-06-17 00:00:00-04:00,8.25,8.25,8.083333015441895,8.125,32850,0.0,0.0
1999-06-18 00:00:00-04:00,8.083333015441895,8.166666984558105,8.0,8.166666984558105,52050,0.0,0.0
1999-06-21 00:00:00-04:00,8.083333015441895,8.25,8.041666984558105,8.25,28950,0.0,0.0
1999-06-22 00:00:00-04:00,8.166666984558105,8.333333015441895,8.166666984558105,8.291666984558105,8100,0.0,0.0
1999-06-23 00:00:00-04:00,8.291666984558105,8.333333015441895,8.25,8.333333015441895,32550,0.0,0.0
1999-06-24 00:00:00-04:00,8.333333015441895,8.416666984558105,8.083333015441895,8.166666984558105,24150,0.0,0.0
1999-06-25 00:00:00-04:00,8.083333015441895,8.125,8.083333015441895,8.083333015441895,10350,0.0,0.0
1999-06-28 00:00:00-04:00,8.041666984558105,8.166666984558105,8.041666984558105,8.166666984558105,33600,0.0,0.0
1999-06-29 00:00:00-04:00,8.083333015441895,8.125,8.083333015441895,8.125,25800,0.0,0.0
1999-06-30 00:00:00-04:00,8.125,8.208333015441895,8.125,8.166666984558105,42900,0.0,0.0
1999-07-01 00:00:00-04:00,8.166666984558105,8.166666984558105,8.0,8.041666984558105,24300,0.0,0.0
1999-07-02 00:00:00-04:00,8.0,8.041666984558105,8.0,8.041666984558105,43950,0.0,0.0
1999-07-06 00:00:00-04:00,8.041666984558105,8.041666984558105,7.8333330154418945,7.8333330154418945,33450,0.0,0.0
1999-07-07 00:00:00-04:00,7.75,8.041666984558105,7.75,8.0,9750,0.0,0.0
1999-07-08 00:00:00-04:00,7.9166669845581055,7.9166669845581055,7.8333330154418945,7.8333330154418945,6900,0.0,0.0
1999-07-09 00:00:00-04:00,7.875,7.875,7.75,7.8333330154418945,16500,0.0,0.0
1999-07-12 00:00:00-04:00,7.9166669845581055,8.0,7.875,7.9166669845581055,9300,0.0,0.0
1999-07-13 00:00:00-04:00,7.875,8.083333015441895,7.875,8.083333015441895,21300,0.0,0.0
1999-07-14 00:00:00-04:00,8.041666984558105,8.125,8.0,8.125,35250,0.0,0.0
1999-07-15 00:00:00-04:00,7.9583330154418945,8.166666984558105,7.9583330154418945,8.083333015441895,71250,0.0,0.0
1999-07-16 00:00:00-04:00,8.083333015441895,8.125,7.8333330154418945,7.875,32700,0.0,0.0
1999-07-19 00:00:00-04:00,7.9583330154418945,8.083333015441895,7.8333330154418945,8.041666984558105,16950,0.0,0.0
1999-07-20 00:00:00-04:00,8.0,8.0,7.6666669845581055,7.75,30150,0.0,0.0
1999-07-21 00:00:00-04:00,7.625,7.7916669845581055,7.625,7.6666669845581055,22200,0.0,0.0
1999-07-22 00:00:00-04:00,7.625,7.625,7.4583330154418945,7.4583330154418945,9000,0.0,0.0
1999-07-23 00:00:00-04:00,7.5416669845581055,7.5833330154418945,7.4166669845581055,7.5,63750,0.0,0.0
1999-07-26 00:00:00-04:00,7.5,7.75,7.5,7.5833330154418945,13050,0.0,0.0
1999-07-27 00:00:00-04:00,7.625,7.9166669845581055,7.5416669845581055,7.9166669845581055,19350,0.0,0.0
1999-07-28 00:00:00-04:00,7.8333330154418945,8.0,7.625,7.625,18300,0.0,0.0
1999-07-29 00:00:00-04:00,7.5416669845581055,7.75,7.5416669845581055,7.6666669845581055,21450,0.0,0.0
1999-07-30 00:00:00-04:00,7.75,8.0,7.6666669845581055,8.0,16650,0.0,0.0
1999-08-02 00:00:00-04:00,8.0,8.083333015441895,7.8333330154418945,7.8333330154418945,23850,0.0,0.0
1999-08-03 00:00:00-04:00,7.8333330154418945,7.8333330154418945,7.5,7.6666669845581055,21600,0.0,0.0
1999-08-04 00:00:00-04:00,7.4166669845581055,7.75,7.4166669845581055,7.625,17400,0.0,0.0
1999-08-05 00:00:00-04:00,7.625,7.6666669845581055,7.5416669845581055,7.6666669845581055,9600,0.0,0.0
1999-08-06 00:00:00-04:00,7.6666669845581055,7.6666669845581055,7.5833330154418945,7.5833330154418945,9750,0.0,0.0
1999-08-09 00:00:00-04:00,7.6666669845581055,7.7916669845581055,7.6666669845581055,7.7916669845581055,7950,0.0,0.0
1999-08-10 00:00:00-04:00,7.7083330154418945,7.7083330154418945,7.5,7.5,16950,0.0,0.0
1999-08-11 00:00:00-04:00,7.5833330154418945,7.6666669845581055,7.5,7.625,11400,0.0,0.0
1999-08-12 00:00:00-04:00,7.7083330154418945,9.833333015441895,7.625,8.583333015441895,369750,0.0,0.0
1999-08-13 00:00:00-04:00,8.666666984558105,9.083333015441895,8.5,8.625,94350,0.0,0.0
1999-08-16 00:00:00-04:00,8.708333015441895,8.791666984558105,8.5,8.666666984558105,59550,0.0,0.0
1999-08-17 00:00:00-04:00,8.666666984558105,8.666666984558105,8.208333015441895,8.333333015441895,70050,0.0,0.0
1999-08-18 00:00:00-04:00,8.375,8.625,8.166666984558105,8.625,29250,0.0,0.0
1999-08-19 00:00:00-04:00,8.583333015441895,8.666666984558105,8.416666984558105,8.416666984558105,106350,0.0,0.0
1999-08-20 00:00:00-04:00,8.416666984558105,8.666666984558105,8.416666984558105,8.625,18900,0.0,0.0
1999-08-23 00:00:00-04:00,8.541666984558105,8.666666984558105,8.5,8.666666984558105,33150,0.0,0.0
1999-08-24 00:00:00-04:00,8.625,8.75,8.5,8.666666984558105,38100,0.0,0.0
1999-08-25 00:00:00-04:00,8.666666984558105,8.833333015441895,8.583333015441895,8.833333015441895,23400,0.0,0.0
1999-08-26 00:00:00-04:00,8.916666984558105,9.083333015441895,8.666666984558105,8.75,51900,0.0,0.0
1999-08-27 00:00:00-04:00,8.833333015441895,9.25,8.75,9.125,33300,0.0,0.0
1999-08-30 00:00:00-04:00,9.208333015441895,9.208333015441895,8.708333015441895,8.708333015441895,43950,0.0,0.0
1999-08-31 00:00:00-04:00,8.708333015441895,10.166666984558105,8.708333015441895,9.458333015441895,205800,0.0,0.0
1999-09-01 00:00:00-04:00,9.666666984558105,10.083333015441895,9.666666984558105,9.958333015441895,101100,0.0,0.0
1999-09-02 00:00:00-04:00,9.958333015441895,10.333333015441895,9.916666984558105,10.166666984558105,91200,0.0,0.0
1999-09-03 00:00:00-04:00,10.5,10.625,9.5,9.666666984558105,120000,0.0,0.0
1999-09-07 00:00:00-04:00,9.75,10.0,9.666666984558105,9.833333015441895,20850,0.0,0.0
1999-09-08 00:00:00-04:00,9.916666984558105,9.916666984558105,9.583333015441895,9.75,35400,0.0,0.0
1999-09-09 00:00:00-04:00,9.833333015441895,10.0,9.666666984558105,9.916666984558105,39750,0.0,0.0
1999-09-10 00:00:00-04:00,10.083333015441895,10.083333015441895,9.75,9.916666984558105,24750,0.0,0.0
1999-09-13 00:00:00-04:00,9.916666984558105,9.916666984558105,9.708333015441895,9.75,6300,0.0,0.0
1999-09-14 00:00:00-04:00,9.833333015441895,9.833333015441895,9.583333015441895,9.583333015441895,26550,0.0,0.0
1999-09-15 00:00:00-04:00,9.666666984558105,9.666666984558105,9.5,9.625,55200,0.0,0.0
1999-09-16 00:00:00-04:00,9.708333015441895,9.791666984558105,9.166666984558105,9.208333015441895,53700,0.0,0.0
1999-09-17 00:00:00-04:00,9.166666984558105,9.291666984558105,9.041666984558105,9.291666984558105,27150,0.0,0.0
1999-09-20 00:00:00-04:00,9.25,9.25,8.583333015441895,8.583333015441895,76800,0.0,0.0
1999-09-21 00:00:00-04:00,8.666666984558105,8.708333015441895,8.208333015441895,8.25,42300,0.0,0.0
1999-09-22 00:00:00-04:00,8.291666984558105,8.291666984558105,7.9166669845581055,8.166666984558105,64650,0.0,0.0
1999-09-23 00:00:00-04:00,8.25,8.291666984558105,8.166666984558105,8.208333015441895,22950,0.0,0.0
1999-09-24 00:00:00-04:00,8.208333015441895,8.333333015441895,8.208333015441895,8.25,41100,0.0,0.0
1999-09-27 00:00:00-04:00,8.291666984558105,8.416666984558105,8.166666984558105,8.291666984558105,74550,0.0,0.0
1999-09-28 00:00:00-04:00,8.291666984558105,8.583333015441895,8.25,8.458333015441895,81750,0.0,0.0
1999-09-29 00:00:00-04:00,8.375,8.666666984558105,8.375,8.666666984558105,53550,0.0,0.0
1999-09-30 00:00:00-04:00,8.666666984558105,8.666666984558105,8.333333015441895,8.333333015441895,94500,0.0,0.0
1999-10-01 00:00:00-04:00,8.375,8.75,8.25,8.666666984558105,36450,0.0,0.0
1999-10-04 00:00:00-04:00,8.666666984558105,8.666666984558105,8.25,8.291666984558105,47550,0.0,0.0
1999-10-05 00:00:00-04:00,8.208333015441895,8.291666984558105,8.083333015441895,8.208333015441895,15450,0.0,0.0
1999-10-06 00:00:00-04:00,8.291666984558105,8.291666984558105,8.125,8.125,11850,0.0,0.0
1999-10-07 00:00:00-04:00,8.041666984558105,8.208333015441895,8.041666984558105,8.166666984558105,11550,0.0,0.0
1999-10-08 00:00:00-04:00,8.25,8.25,7.5,7.75,87900,0.0,0.0
1999-10-11 00:00:00-04:00,7.6666669845581055,7.8333330154418945,7.5833330154418945,7.6666669845581055,43350,0.0,0.0
1999-10-12 00:00:00-04:00,7.75,7.8333330154418945,7.7083330154418945,7.75,43200,0.0,0.0
1999-10-13 00:00:00-04:00,7.75,7.875,7.75,7.75,44700,0.0,0.0
1999-10-14 00:00:00-04:00,7.6666669845581055,7.7083330154418945,7.4166669845581055,7.7083330154418945,57300,0.0,0.0
1999-10-15 00:00:00-04:00,7.625,7.625,7.4166669845581055,7.5416669845581055,16650,0.0,0.0
1999-10-18 00:00:00-04:00,7.4583330154418945,7.6666669845581055,7.4583330154418945,7.5416669845581055,23400,0.0,0.0
1999-10-19 00:00:00-04:00,7.625,7.7083330154418945,7.5,7.5833330154418945,34200,0.0,0.0
1999-10-20 00:00:00-04:00,7.625,7.625,7.5416669845581055,7.5833330154418945,15600,0.0,0.0
1999-10-21 00:00:00-04:00,7.5416669845581055,7.5416669845581055,7.3333330154418945,7.375,72150,0.0,0.0
1999-10-22 00:00:00-04:00,7.2083330154418945,7.7083330154418945,7.2083330154418945,7.6666669845581055,75450,0.0,0.0
1999-10-25 00:00:00-04:00,7.625,7.8333330154418945,7.5833330154418945,7.75,33300,0.0,0.0
1999-10-26 00:00:00-04:00,7.8333330154418945,8.0,7.625,7.625,53700,0.0,0.0
1999-10-27 00:00:00-04:00,7.6666669845581055,7.7916669845581055,7.5833330154418945,7.7083330154418945,23250,0.0,0.0
1999-10-28 00:00:00-04:00,7.7916669845581055,7.7916669845581055,7.5,7.5833330154418945,15150,0.0,0.0
1999-10-29 00:00:00-04:00,7.625,7.75,7.5416669845581055,7.75,24300,0.0,0.0
1999-11-01 00:00:00-05:00,7.75,7.8333330154418945,7.75,7.8333330154418945,22200,0.0,0.0
1999-11-02 00:00:00-05:00,8.083333015441895,8.166666984558105,8.0,8.041666984558105,25050,0.0,0.0
1999-11-03 00:00:00-05:00,8.083333015441895,8.083333015441895,8.0,8.083333015441895,30150,0.0,0.0
1999-11-04 00:00:00-05:00,8.083333015441895,8.166666984558105,8.041666984558105,8.166666984558105,38850,0.0,0.0
1999-11-05 00:00:00-05:00,8.166666984558105,8.25,8.166666984558105,8.25,82350,0.0,0.0
1999-11-08 00:00:00-05:00,8.208333015441895,8.541666984558105,8.166666984558105,8.5,26850,0.0,0.0
1999-11-09 00:00:00-05:00,8.541666984558105,8.708333015441895,8.5,8.666666984558105,28950,0.0,0.0
1999-11-10 00:00:00-05:00,8.583333015441895,9.083333015441895,8.541666984558105,9.083333015441895,54450,0.0,0.0
1999-11-11 00:00:00-05:00,9.041666984558105,9.25,9.041666984558105,9.166666984558105,26850,0.0,0.0
1999-11-12 00:00:00-05:00,9.166666984558105,9.166666984558105,9.041666984558105,9.041666984558105,34350,0.0,0.0
1999-11-15 00:00:00-05:00,9.041666984558105,9.166666984558105,9.041666984558105,9.125,13350,0.0,0.0
1999-11-16 00:00:00-05:00,9.083333015441895,9.166666984558105,9.083333015441895,9.166666984558105,24150,0.0,0.0
1999-11-17 00:00:00-05:00,9.083333015441895,9.166666984558105,9.0,9.125,16350,0.0,0.0
1999-11-18 00:00:00-05:00,9.208333015441895,9.333333015441895,9.166666984558105,9.166666984558105,70650,0.0,0.0
1999-11-19 00:00:00-05:00,9.166666984558105,9.333333015441895,9.125,9.25,23250,0.0,0.0
1999-11-22 00:00:00-05:00,9.25,9.333333015441895,9.25,9.333333015441895,32100,0.0,0.0
1999-11-23 00:00:00-05:00,9.333333015441895,9.333333015441895,9.083333015441895,9.208333015441895,33450,0.0,0.0
1999-11-24 00:00:00-05:00,9.208333015441895,9.291666984558105,9.125,9.208333015441895,23700,0.0,0.0
1999-11-26 00:00:00-05:00,9.125,9.125,9.0,9.125,14700,0.0,0.0
1999-11-29 00:00:00-05:00,9.125,9.125,8.833333015441895,8.833333015441895,75900,0.0,0.0
1999-11-30 00:00:00-05:00,8.833333015441895,9.0,8.5,9.0,88350,0.0,0.0
1999-12-01 00:00:00-05:00,9.0,9.083333015441895,8.833333015441895,9.0,27900,0.0,0.0
1999-12-02 00:00:00-05:00,8.916666984558105,8.958333015441895,8.666666984558105,8.833333015441895,29250,0.0,0.0
1999-12-03 00:00:00-05:00,8.75,8.833333015441895,8.666666984558105,8.666666984558105,51300,0.0,0.0
1999-12-06 00:00:00-05:00,8.666666984558105,8.75,8.416666984558105,8.416666984558105,62100,0.0,0.0
1999-12-07 00:00:00-05:00,8.166666984558105,8.416666984558105,8.0,8.208333015441895,34200,0.0,0.0
1999-12-08 00:00:00-05:00,8.166666984558105,8.333333015441895,8.083333015441895,8.166666984558105,31200,0.0,0.0
1999-12-09 00:00:00-05:00,8.083333015441895,8.541666984558105,8.083333015441895,8.5,53550,0.0,0.0
1999-12-10 00:00:00-05:00,8.666666984558105,8.75,8.083333015441895,8.166666984558105,54300,0.0,0.0
1999-12-13 00:00:00-05:00,9.25,9.291666984558105,9.083333015441895,9.208333015441895,183900,0.0,0.0
1999-12-14 00:00:00-05:00,9.333333015441895,9.333333015441895,8.25,8.5,75900,0.0,0.0
1999-12-15 00:00:00-05:00,8.458333015441895,8.666666984558105,8.25,8.625,46950,0.0,0.0
1999-12-16 00:00:00-05:00,8.625,8.625,8.416666984558105,8.5,33000,0.0,0.0
1999-12-17 00:00:00-05:00,8.583333015441895,9.0,8.333333015441895,8.875,91200,0.0,0.0
1999-12-20 00:00:00-05:00,8.791666984558105,8.791666984558105,8.416666984558105,8.5,21000,0.0,0.0
1999-12-21 00:00:00-05:00,8.458333015441895,8.875,8.333333015441895,8.875,44700,0.0,0.0
1999-12-22 00:00:00-05:00,8.791666984558105,9.0,8.666666984558105,8.75,43500,0.0,0.0
1999-12-23 00:00:00-05:00,8.708333015441895,8.791666984558105,8.666666984558105,8.75,19050,0.0,0.0
1999-12-27 00:00:00-05:00,8.708333015441895,8.75,8.333333015441895,8.416666984558105,36150,0.0,0.0
1999-12-28 00:00:00-05:00,8.333333015441895,8.333333015441895,7.9166669845581055,8.041666984558105,39750,0.0,0.0
1999-12-29 00:00:00-05:00,8.0,8.041666984558105,7.9166669845581055,7.9166669845581055,65250,0.0,0.0
1999-12-30 00:00:00-05:00,7.9583330154418945,8.083333015441895,7.9166669845581055,8.083333015441895,46500,0.0,0.0
1999-12-31 00:00:00-05:00,8.041666984558105,8.041666984558105,7.8333330154418945,7.8333330154418945,37500,0.0,0.0
2000-01-03 00:00:00-05:00,7.8333330154418945,8.0,7.6666669845581055,7.75,26400,0.0,0.0
2000-01-04 00:00:00-05:00,7.5416669845581055,7.75,7.5416669845581055,7.6666669845581055,33150,0.0,0.0
2000-01-05 00:00:00-05:00,7.75,7.9166669845581055,7.7083330154418945,7.9166669845581055,37200,0.0,0.0
2000-01-06 00:00:00-05:00,7.9166669845581055,7.9166669845581055,7.5,7.6666669845581055,27300,0.0,0.0
2000-01-07 00:00:00-05:00,7.5,7.7916669845581055,7.4166669845581055,7.5,106500,0.0,0.0
2000-01-10 00:00:00-05:00,7.5,8.333333015441895,7.4583330154418945,8.333333015441895,107550,0.0,0.0
2000-01-11 00:00:00-05:00,8.333333015441895,8.333333015441895,7.9166669845581055,7.9166669845581055,88200,0.0,0.0
2000-01-12 00:00:00-05:00,7.9166669845581055,8.083333015441895,7.875,8.083333015441895,80250,0.0,0.0
2000-01-13 00:00:00-05:00,8.083333015441895,8.916666984558105,8.0,8.833333015441895,75750,0.0,0.0
2000-01-14 00:00:00-05:00,9.0,9.083333015441895,8.666666984558105,8.75,53700,0.0,0.0
2000-01-18 00:00:00-05:00,8.833333015441895,8.833333015441895,8.583333015441895,8.666666984558105,48150,0.0,0.0
2000-01-19 00:00:00-05:00,8.625,8.958333015441895,8.625,8.958333015441895,86700,0.0,0.0
2000-01-20 00:00:00-05:00,8.958333015441895,8.958333015441895,8.75,8.958333015441895,25500,0.0,0.0
2000-01-21 00:00:00-05:00,9.0,9.166666984558105,8.833333015441895,9.0,58200,0.0,0.0
2000-01-24 00:00:00-05:00,9.041666984558105,9.541666984558105,9.0,9.5,156900,0.0,0.0
2000-01-25 00:00:00-05:00,9.541666984558105,10.458333015441895,9.5,10.291666984558105,185550,0.0,0.0
2000-01-26 00:00:00-05:00,10.166666984558105,10.25,9.666666984558105,10.0,151650,0.0,0.0
2000-01-27 00:00:00-05:00,9.916666984558105,9.916666984558105,9.625,9.625,47850,0.0,0.0
2000-01-28 00:00:00-05:00,9.541666984558105,9.708333015441895,9.5,9.5,39600,0.0,0.0
2000-01-31 00:00:00-05:00,9.583333015441895,9.666666984558105,9.333333015441895,9.666666984558105,37350,0.0,0.0
2000-02-01 00:00:00-05:00,9.791666984558105,9.916666984558105,9.5,9.583333015441895,82050,0.0,0.0
2000-02-02 00:00:00-05:00,9.666666984558105,9.916666984558105,9.666666984558105,9.916666984558105,36000,0.0,0.0
2000-02-03 00:00:00-05:00,9.916666984558105,9.916666984558105,9.75,9.916666984558105,28500,0.0,0.0
2000-02-04 00:00:00-05:00,9.916666984558105,10.166666984558105,9.875,10.125,122700,0.0,0.0
2000-02-07 00:00:00-05:00,10.541666984558105,12.25,10.458333015441895,12.208333015441895,258000,0.0,0.0
2000-02-08 00:00:00-05:00,11.583333015441895,11.791666984558105,10.291666984558105,10.708333015441895,477750,0.0,0.0
2000-02-09 00:00:00-05:00,10.666666984558105,10.75,10.416666984558105,10.416666984558105,111150,0.0,0.0
2000-02-10 00:00:00-05:00,10.333333015441895,11.166666984558105,10.25,11.166666984558105,70500,0.0,0.0
2000-02-11 00:00:00-05:00,11.25,11.666666984558105,11.125,11.25,80700,0.0,0.0
2000-02-14 00:00:00-05:00,11.25,11.375,11.166666984558105,11.333333015441895,28800,0.0,0.0
2000-02-15 00:00:00-05:00,11.333333015441895,11.375,10.75,10.958333015441895,36000,0.0,0.0
2000-02-16 00:00:00-05:00,11.041666984558105,11.041666984558105,10.666666984558105,11.041666984558105,81300,0.0,0.0
2000-02-17 00:00:00-05:00,10.958333015441895,11.583333015441895,10.833333015441895,11.541666984558105,74250,0.0,0.0
2000-02-18 00:00:00-05:00,11.625,11.916666984558105,11.458333015441895,11.75,119400,0.0,0.0
2000-02-22 00:00:00-05:00,12.083333015441895,13.333333015441895,12.083333015441895,12.666666984558105,194400,0.0,0.0
2000-02-23 00:00:00-05:00,12.75,12.916666984558105,11.708333015441895,12.416666984558105,165000,0.0,0.0
2000-02-24 00:00:00-05:00,12.583333015441895,12.666666984558105,12.416666984558105,12.458333015441895,81300,0.0,0.0
2000-02-25 00:00:00-05:00,12.5,12.875,12.375,12.875,126900,0.0,0.0
2000-02-28 00:00:00-05:00,13.0,13.25,12.75,12.916666984558105,76200,0.0,0.0
2000-02-29 00:00:00-05:00,13.041666984558105,13.25,12.916666984558105,13.25,80400,0.0,0.0
2000-03-01 00:00:00-05:00,13.333333015441895,15.75,13.333333015441895,15.583333015441895,372600,0.0,0.0
2000-03-02 00:00:00-05:00,15.666666984558105,16.625,15.666666984558105,15.75,218250,0.0,0.0
2000-03-03 00:00:00-05:00,15.791666984558105,15.791666984558105,15.166666984558105,15.666666984558105,111300,0.0,0.0
2000-03-06 00:00:00-05:00,15.833333015441895,16.5,15.833333015441895,16.416667938232422,162000,0.0,0.0
2000-03-07 00:00:00-05:00,16.625,16.625,14.5,14.583333015441895,185550,0.0,0.0
2000-03-08 00:00:00-05:00,14.666666984558105,14.958333015441895,14.166666984558105,14.25,91050,0.0,0.0
2000-03-09 00:00:00-05:00,14.25,14.25,13.0,13.666666984558105,163350,0.0,0.0
2000-03-10 00:00:00-05:00,13.666666984558105,14.0,13.583333015441895,13.958333015441895,75450,0.0,0.0
2000-03-13 00:00:00-05:00,13.791666984558105,13.791666984558105,13.083333015441895,13.083333015441895,64950,0.0,0.0
2000-03-14 00:00:00-05:00,13.0,13.833333015441895,12.541666984558105,12.625,112950,0.0,0.0
2000-03-15 00:00:00-05:00,12.666666984558105,12.75,11.916666984558105,11.916666984558105,47400,0.0,0.0
2000-03-16 00:00:00-05:00,12.0,12.0,10.583333015441895,11.291666984558105,117600,0.0,0.0
2000-03-17 00:00:00-05:00,11.375,11.541666984558105,11.25,11.541666984558105,50250,0.0,0.0
2000-03-20 00:00:00-05:00,12.333333015441895,12.833333015441895,12.166666984558105,12.166666984558105,211500,0.0,0.0
2000-03-21 00:00:00-05:00,12.25,12.583333015441895,11.916666984558105,12.5,77550,0.0,0.0
2000-03-22 00:00:00-05:00,12.416666984558105,13.333333015441895,12.416666984558105,13.333333015441895,72000,0.0,0.0
2000-03-23 00:00:00-05:00,13.333333015441895,13.833333015441895,13.166666984558105,13.666666984558105,88800,0.0,0.0
2000-03-24 00:00:00-05:00,13.75,15.0,13.666666984558105,14.666666984558105,110250,0.0,0.0
2000-03-27 00:00:00-05:00,14.75,15.958333015441895,14.666666984558105,14.833333015441895,190800,0.0,0.0
2000-03-28 00:00:00-05:00,14.916666984558105,15.5,14.458333015441895,14.625,114600,0.0,0.0
2000-03-29 00:00:00-05:00,14.458333015441895,14.541666984558105,13.375,13.416666984558105,79650,0.0,0.0
2000-03-30 00:00:00-05:00,13.583333015441895,13.833333015441895,11.916666984558105,12.083333015441895,118950,0.0,0.0
2000-03-31 00:00:00-05:00,12.25,12.5,11.916666984558105,12.0,90150,0.0,0.0
2000-04-03 00:00:00-04:00,12.0,12.0,10.583333015441895,10.708333015441895,133950,0.0,0.0
2000-04-04 00:00:00-04:00,10.5,11.0,10.25,10.375,116400,0.0,0.0
2000-04-05 00:00:00-04:00,10.541666984558105,10.916666984558105,10.333333015441895,10.916666984558105,116100,0.0,0.0
2000-04-06 00:00:00-04:00,10.916666984558105,12.0,10.916666984558105,11.75,262350,0.0,0.0
2000-04-07 00:00:00-04:00,11.75,12.0,11.333333015441895,11.583333015441895,118800,0.0,0.0
2000-04-10 00:00:00-04:00,11.75,12.958333015441895,11.75,12.833333015441895,120600,0.0,0.0
2000-04-11 00:00:00-04:00,12.666666984558105,13.166666984558105,12.333333015441895,13.166666984558105,62850,0.0,0.0
2000-04-12 00:00:00-04:00,13.166666984558105,13.375,13.0,13.125,65850,0.0,0.0
2000-04-13 00:00:00-04:00,14.166666984558105,14.166666984558105,13.083333015441895,13.208333015441895,156150,0.0,0.0
2000-04-14 00:00:00-04:00,12.916666984558105,12.916666984558105,11.583333015441895,12.0,138000,0.0,0.0
2000-04-17 00:00:00-04:00,12.166666984558105,12.375,11.833333015441895,12.333333015441895,79500,0.0,0.0
2000-04-18 00:00:00-04:00,12.5,13.083333015441895,12.5,12.916666984558105,55350,0.0,0.0
2000-04-19 00:00:00-04:00,13.083333015441895,13.166666984558105,12.583333015441895,12.666666984558105,58800,0.0,0.0
2000-04-20 00:00:00-04:00,12.791666984558105,12.958333015441895,12.458333015441895,12.75,21750,0.0,0.0
2000-04-24 00:00:00-04:00,12.666666984558105,12.666666984558105,12.0,12.5,46200,0.0,0.0
2000-04-25 00:00:00-04:00,12.5,12.666666984558105,12.333333015441895,12.666666984558105,28650,0.0,0.0
2000-04-26 00:00:00-04:00,12.708333015441895,13.083333015441895,12.708333015441895,12.875,59550,0.0,0.0
2000-04-27 00:00:00-04:00,12.916666984558105,12.916666984558105,12.666666984558105,12.833333015441895,32700,0.0,0.0
2000-04-28 00:00:00-04:00,12.833333015441895,12.916666984558105,12.75,12.916666984558105,42000,0.0,0.0
2000-05-01 00:00:00-04:00,13.0,13.75,13.0,13.666666984558105,54450,0.0,0.0
2000-05-02 00:00:00-04:00,13.625,14.208333015441895,13.541666984558105,14.0,50250,0.0,0.0
2000-05-03 00:00:00-04:00,14.0,14.125,13.666666984558105,13.666666984558105,48750,0.0,0.0
2000-05-04 00:00:00-04:00,13.666666984558105,13.875,13.583333015441895,13.791666984558105,33900,0.0,0.0
2000-05-05 00:00:00-04:00,13.708333015441895,14.166666984558105,13.666666984558105,14.0,59850,0.0,0.0
2000-05-08 00:00:00-04:00,14.0,14.0,13.833333015441895,13.916666984558105,25350,0.0,0.0
2000-05-09 00:00:00-04:00,14.083333015441895,14.166666984558105,13.916666984558105,14.041666984558105,27900,0.0,0.0
2000-05-10 00:00:00-04:00,14.0,14.0,13.25,13.416666984558105,83700,0.0,0.0
2000-05-11 00:00:00-04:00,13.333333015441895,13.5,13.25,13.5,18750,0.0,0.0
2000-05-12 00:00:00-04:00,13.416666984558105,13.75,13.333333015441895,13.75,19350,0.0,0.0
2000-05-15 00:00:00-04:00,13.666666984558105,13.666666984558105,13.5,13.666666984558105,20550,0.0,0.0
2000-05-16 00:00:00-04:00,13.5,13.625,13.5,13.5,34350,0.0,0.0
2000-05-17 00:00:00-04:00,13.541666984558105,13.583333015441895,13.458333015441895,13.583333015441895,33600,0.0,0.0
2000-05-18 00:00:00-04:00,13.583333015441895,13.75,13.541666984558105,13.75,12450,0.0,0.0
2000-05-19 00:00:00-04:00,13.666666984558105,13.666666984558105,13.041666984558105,13.041666984558105,74550,0.0,0.0
2000-05-22 00:00:00-04:00,12.916666984558105,12.916666984558105,12.583333015441895,12.666666984558105,33150,0.0,0.0
2000-05-23 00:00:00-04:00,12.708333015441895,13.0,12.666666984558105,12.708333015441895,24900,0.0,0.0
2000-05-24 00:00:00-04:00,12.625,12.666666984558105,11.916666984558105,11.916666984558105,46050,0.0,0.0
2000-05-25 00:00:00-04:00,11.958333015441895,12.0,11.583333015441895,11.666666984558105,55650,0.0,0.0
2000-05-26 00:00:00-04:00,11.75,11.75,11.5,11.5,27000,0.0,0.0
2000-05-30 00:00:00-04:00,11.583333015441895,11.625,11.416666984558105,11.458333015441895,51600,0.0,0.0
2000-05-31 00:00:00-04:00,11.375,11.541666984558105,11.375,11.458333015441895,26100,0.0,0.0
2000-06-01 00:00:00-04:00,11.458333015441895,11.625,11.416666984558105,11.625,23850,0.0,0.0
2000-06-02 00:00:00-04:00,11.708333015441895,13.333333015441895,11.708333015441895,13.333333015441895,106650,0.0,0.0
2000-06-05 00:00:00-04:00,13.25,13.625,13.25,13.625,45000,0.0,0.0
2000-06-06 00:00:00-04:00,13.583333015441895,13.625,13.25,13.333333015441895,25650,0.0,0.0
2000-06-07 00:00:00-04:00,13.333333015441895,13.541666984558105,13.25,13.5,25950,0.0,0.0
2000-06-08 00:00:00-04:00,13.458333015441895,13.5,13.333333015441895,13.458333015441895,22650,0.0,0.0
2000-06-09 00:00:00-04:00,13.375,13.583333015441895,13.25,13.541666984558105,34800,0.0,0.0
2000-06-12 00:00:00-04:00,13.5,13.666666984558105,13.333333015441895,13.333333015441895,50850,0.0,0.0
2000-06-13 00:00:00-04:00,13.25,13.458333015441895,13.25,13.458333015441895,25950,0.0,0.0
2000-06-14 00:00:00-04:00,13.5,13.541666984558105,13.375,13.375,24150,0.0,0.0
2000-06-15 00:00:00-04:00,13.416666984558105,13.666666984558105,13.375,13.666666984558105,14400,0.0,0.0
2000-06-16 00:00:00-04:00,13.666666984558105,13.75,13.541666984558105,13.666666984558105,10350,0.0,0.0
2000-06-19 00:00:00-04:00,13.583333015441895,13.583333015441895,13.208333015441895,13.541666984558105,30900,0.0,0.0
2000-06-20 00:00:00-04:00,13.5,14.416666984558105,13.5,14.333333015441895,51750,0.0,0.0
2000-06-21 00:00:00-04:00,14.25,15.75,14.083333015441895,15.666666984558105,90750,0.0,0.0
2000-06-22 00:00:00-04:00,15.666666984558105,15.666666984558105,15.208333015441895,15.208333015441895,52200,0.0,0.0
2000-06-23 00:00:00-04:00,15.25,15.291666984558105,14.458333015441895,14.541666984558105,67950,0.0,0.0
2000-06-26 00:00:00-04:00,14.583333015441895,14.916666984558105,14.583333015441895,14.833333015441895,41250,0.0,0.0
2000-06-27 00:00:00-04:00,14.833333015441895,15.458333015441895,14.833333015441895,15.25,84300,0.0,0.0
2000-06-28 00:00:00-04:00,15.25,15.625,15.083333015441895,15.625,106500,0.0,0.0
2000-06-29 00:00:00-04:00,15.666666984558105,16.458332061767578,15.458333015441895,16.25,113400,0.0,0.0
2000-06-30 00:00:00-04:00,16.083332061767578,16.458332061767578,15.333333015441895,15.333333015441895,188100,0.0,0.0
2000-07-03 00:00:00-04:00,15.416666984558105,15.416666984558105,15.0,15.25,13800,0.0,0.0
2000-07-05 00:00:00-04:00,15.166666984558105,16.0,15.166666984558105,15.875,57000,0.0,0.0
2000-07-06 00:00:00-04:00,15.916666984558105,16.0,15.625,15.916666984558105,51450,0.0,0.0
2000-07-07 00:00:00-04:00,16.041667938232422,16.333332061767578,15.833333015441895,16.041667938232422,43350,0.0,0.0
2000-07-10 00:00:00-04:00,15.916666984558105,16.333332061767578,15.916666984558105,16.333332061767578,26100,0.0,0.0
2000-07-11 00:00:00-04:00,16.416667938232422,16.708332061767578,16.0,16.333332061767578,142650,0.0,0.0
2000-07-12 00:00:00-04:00,16.5,17.166667938232422,16.5,16.916667938232422,132000,0.0,0.0
2000-07-13 00:00:00-04:00,17.0,17.416667938232422,16.708332061767578,17.166667938232422,123000,0.0,0.0
2000-07-14 00:00:00-04:00,17.083332061767578,17.333332061767578,17.0,17.208332061767578,42750,0.0,0.0
2000-07-17 00:00:00-04:00,17.125,18.083332061767578,17.125,17.791667938232422,54750,0.0,0.0
2000-07-18 00:00:00-04:00,17.666667938232422,17.833332061767578,17.0,17.375,66300,0.0,0.0
2000-07-19 00:00:00-04:00,17.208332061767578,17.208332061767578,15.0,15.25,109500,0.0,0.0
2000-07-20 00:00:00-04:00,15.25,15.416666984558105,15.208333015441895,15.333333015441895,14400,0.0,0.0
2000-07-21 00:00:00-04:00,15.5,16.083332061767578,15.5,16.0,28650,0.0,0.0
2000-07-24 00:00:00-04:00,15.833333015441895,16.083332061767578,15.416666984558105,16.0,40650,0.0,0.0
2000-07-25 00:00:00-04:00,16.083332061767578,16.083332061767578,15.708333015441895,15.708333015441895,27000,0.0,0.0
2000-07-26 00:00:00-04:00,15.666666984558105,15.666666984558105,14.916666984558105,15.333333015441895,45000,0.0,0.0
2000-07-27 00:00:00-04:00,15.416666984558105,15.583333015441895,15.333333015441895,15.5,16950,0.0,0.0
2000-07-28 00:00:00-04:00,15.583333015441895,15.625,15.0,15.0,21000,0.0,0.0
2000-07-31 00:00:00-04:00,15.083333015441895,15.083333015441895,14.833333015441895,14.875,17850,0.0,0.0
2000-08-01 00:00:00-04:00,14.958333015441895,15.416666984558105,14.916666984558105,15.416666984558105,39300,0.0,0.0
2000-08-02 00:00:00-04:00,15.5,16.0,15.5,15.75,26400,0.0,0.0
2000-08-03 00:00:00-04:00,15.75,16.0,15.666666984558105,15.833333015441895,46350,0.0,0.0
2000-08-04 00:00:00-04:00,15.833333015441895,16.083332061767578,15.833333015441895,16.041667938232422,25350,0.0,0.0
2000-08-07 00:00:00-04:00,16.0,16.583332061767578,15.958333015441895,16.541667938232422,51600,0.0,0.0
2000-08-08 00:00:00-04:00,16.583332061767578,16.625,16.166667938232422,16.333332061767578,34950,0.0,0.0
2000-08-09 00:00:00-04:00,16.25,16.416667938232422,16.25,16.333332061767578,18600,0.0,0.0
2000-08-10 00:00:00-04:00,16.291667938232422,16.333332061767578,16.208332061767578,16.291667938232422,22200,0.0,0.0
2000-08-11 00:00:00-04:00,16.208332061767578,16.375,16.0,16.375,32100,0.0,0.0
2000-08-14 00:00:00-04:00,16.416667938232422,16.416667938232422,16.0,16.083332061767578,18600,0.0,0.0
2000-08-15 00:00:00-04:00,16.166667938232422,16.166667938232422,16.083332061767578,16.083332061767578,7650,0.0,0.0
2000-08-16 00:00:00-04:00,16.0,16.333332061767578,15.583333015441895,16.333332061767578,49200,0.0,0.0
2000-08-17 00:00:00-04:00,16.25,16.291667938232422,15.916666984558105,16.083332061767578,28500,0.0,0.0
2000-08-18 00:00:00-04:00,16.208332061767578,16.291667938232422,16.166667938232422,16.166667938232422,19800,0.0,0.0
2000-08-21 00:00:00-04:00,16.083332061767578,16.166667938232422,16.083332061767578,16.125,17100,0.0,0.0
2000-08-22 00:00:00-04:00,16.083332061767578,16.25,16.0,16.166667938232422,30300,0.0,0.0
2000-08-23 00:00:00-04:00,16.166667938232422,16.166667938232422,16.0,16.125,14250,0.0,0.0
2000-08-24 00:00:00-04:00,16.166667938232422,16.291667938232422,16.166667938232422,16.291667938232422,50700,0.0,0.0
2000-08-25 00:00:00-04:00,16.291667938232422,17.333332061767578,16.291667938232422,17.333332061767578,87750,0.0,0.0
2000-08-28 00:00:00-04:00,17.5,18.333332061767578,17.5,17.708332061767578,64800,0.0,0.0
2000-08-29 00:00:00-04:00,17.833332061767578,18.083332061767578,17.666667938232422,17.833332061767578,12000,0.0,0.0
2000-08-30 00:00:00-04:00,17.75,17.875,17.25,17.666667938232422,67350,0.0,0.0
2000-08-31 00:00:00-04:00,17.75,17.916667938232422,17.375,17.916667938232422,23700,0.0,0.0
2000-09-01 00:00:00-04:00,18.0,18.0,17.375,17.583332061767578,29850,0.0,0.0
2000-09-05 00:00:00-04:00,17.75,17.75,17.416667938232422,17.5,33600,0.0,0.0
2000-09-06 00:00:00-04:00,17.625,17.666667938232422,17.541667938232422,17.666667938232422,60450,0.0,0.0
2000-09-07 00:00:00-04:00,17.5,18.833332061767578,17.5,18.708332061767578,156450,0.0,0.0
2000-09-08 00:00:00-04:00,18.791667938232422,19.333332061767578,18.791667938232422,19.208332061767578,48750,0.0,0.0
2000-09-11 00:00:00-04:00,19.25,19.25,18.708332061767578,18.708332061767578,39300,0.0,0.0
2000-09-12 00:00:00-04:00,18.666667938232422,19.083332061767578,18.666667938232422,19.083332061767578,43950,0.0,0.0
2000-09-13 00:00:00-04:00,19.0,19.416667938232422,18.708332061767578,19.083332061767578,98700,0.0,0.0
2000-09-14 00:00:00-04:00,19.166667938232422,21.0,19.166667938232422,20.791667938232422,172200,0.0,0.0
2000-09-15 00:00:00-04:00,20.666667938232422,20.666667938232422,20.083332061767578,20.166667938232422,100800,0.0,0.0
2000-09-18 00:00:00-04:00,20.25,20.333332061767578,19.75,19.791667938232422,45750,0.0,0.0
2000-09-19 00:00:00-04:00,19.833332061767578,20.166667938232422,19.833332061767578,20.166667938232422,37950,0.0,0.0
2000-09-20 00:00:00-04:00,20.166667938232422,21.166667938232422,20.166667938232422,21.0,58800,0.0,0.0
2000-09-21 00:00:00-04:00,21.0,22.5,20.875,22.333332061767578,103200,0.0,0.0
2000-09-22 00:00:00-04:00,22.166667938232422,22.166667938232422,21.333332061767578,21.916667938232422,104700,0.0,0.0
2000-09-25 00:00:00-04:00,21.916667938232422,21.916667938232422,21.5,21.583332061767578,100800,0.0,0.0
2000-09-26 00:00:00-04:00,21.583332061767578,21.583332061767578,20.833332061767578,20.833332061767578,87900,0.0,0.0
2000-09-27 00:00:00-04:00,20.875,21.416667938232422,20.833332061767578,20.916667938232422,36750,0.0,0.0
2000-09-28 00:00:00-04:00,21.0,21.541667938232422,20.916667938232422,21.541667938232422,57150,0.0,0.0
2000-09-29 00:00:00-04:00,21.541667938232422,23.333332061767578,21.541667938232422,23.125,127500,0.0,0.0
2000-10-02 00:00:00-04:00,23.666667938232422,23.75,21.791667938232422,22.0,52050,0.0,0.0
2000-10-03 00:00:00-04:00,21.875,22.583332061767578,21.625,21.833332061767578,58800,0.0,0.0
2000-10-04 00:00:00-04:00,21.75,21.791667938232422,21.166667938232422,21.416667938232422,31800,0.0,0.0
2000-10-05 00:00:00-04:00,21.416667938232422,21.75,21.333332061767578,21.416667938232422,35550,0.0,0.0
2000-10-06 00:00:00-04:00,21.5,21.5,21.208332061767578,21.208332061767578,34650,0.0,0.0
2000-10-09 00:00:00-04:00,21.125,21.166667938232422,19.5,19.5,86700,0.0,0.0
2000-10-10 00:00:00-04:00,19.083332061767578,19.25,18.75,18.875,46350,0.0,0.0
2000-10-11 00:00:00-04:00,18.333332061767578,18.583332061767578,17.791667938232422,17.958332061767578,162300,0.0,0.0
2000-10-12 00:00:00-04:00,17.875,18.0,17.833332061767578,17.833332061767578,19200,0.0,0.0
2000-10-13 00:00:00-04:00,17.833332061767578,18.458332061767578,17.833332061767578,18.25,34050,0.0,0.0
2000-10-16 00:00:00-04:00,18.583332061767578,21.166667938232422,18.583332061767578,21.125,156300,0.0,0.0
2000-10-17 00:00:00-04:00,20.916667938232422,21.208332061767578,20.041667938232422,20.208332061767578,76650,0.0,0.0
2000-10-18 00:00:00-04:00,20.125,21.0,19.666667938232422,21.0,58200,0.0,0.0
2000-10-19 00:00:00-04:00,21.166667938232422,21.958332061767578,21.166667938232422,21.75,135150,0.0,0.0
2000-10-20 00:00:00-04:00,21.666667938232422,22.0,21.666667938232422,21.916667938232422,21600,0.0,0.0
2000-10-23 00:00:00-04:00,21.916667938232422,22.666667938232422,21.916667938232422,22.541667938232422,93300,0.0,0.0
2000-10-24 00:00:00-04:00,22.75,23.416667938232422,22.75,22.875,115050,0.0,0.0
2000-10-25 00:00:00-04:00,22.833332061767578,23.125,22.5,23.0,82200,0.0,0.0
2000-10-26 00:00:00-04:00,23.125,24.166667938232422,23.083332061767578,24.041667938232422,101700,0.0,0.0
2000-10-27 00:00:00-04:00,24.125,25.25,24.125,24.75,79050,0.0,0.0
2000-10-30 00:00:00-05:00,24.666667938232422,26.5,24.583332061767578,26.333332061767578,149550,0.0,0.0
2000-10-31 00:00:00-05:00,26.291667938232422,27.583332061767578,26.291667938232422,26.541667938232422,495750,0.0,0.0
2000-11-01 00:00:00-05:00,26.541667938232422,26.625,24.791667938232422,25.333332061767578,450600,0.0,0.0
2000-11-02 00:00:00-05:00,25.416667938232422,25.583332061767578,25.291667938232422,25.416667938232422,105900,0.0,0.0
2000-11-03 00:00:00-05:00,25.375,25.5,25.0,25.416667938232422,45750,0.0,0.0
2000-11-06 00:00:00-05:00,25.583332061767578,26.0,25.0,25.25,80100,0.0,0.0
2000-11-07 00:00:00-05:00,26.666667938232422,28.083332061767578,26.625,27.625,593250,0.0,0.0
2000-11-08 00:00:00-05:00,28.041667938232422,28.333332061767578,27.458332061767578,28.0,294150,0.0,0.0
2000-11-09 00:00:00-05:00,27.916667938232422,29.208332061767578,27.666667938232422,28.5,1124400,0.0,0.0
2000-11-10 00:00:00-05:00,28.333332061767578,29.166667938232422,28.208332061767578,29.125,276600,0.0,0.0
2000-11-13 00:00:00-05:00,29.041667938232422,29.041667938232422,27.375,28.333332061767578,157500,0.0,0.0
2000-11-14 00:00:00-05:00,28.5,31.416667938232422,28.5,30.958332061767578,219000,0.0,0.0
2000-11-15 00:00:00-05:00,30.875,33.125,30.416667938232422,33.0,236250,0.0,0.0
2000-11-16 00:00:00-05:00,32.83333206176758,34.41666793823242,32.08333206176758,32.5,411750,0.0,0.0
2000-11-17 00:00:00-05:00,32.58333206176758,33.83333206176758,31.333332061767578,33.83333206176758,160350,0.0,0.0
2000-11-20 00:00:00-05:00,32.83333206176758,33.33333206176758,30.916667938232422,31.166667938232422,349200,0.0,0.0
2000-11-21 00:00:00-05:00,31.0,31.166667938232422,30.25,31.125,203250,0.0,0.0
2000-11-22 00:00:00-05:00,30.75,30.833332061767578,27.083332061767578,27.166667938232422,187350,0.0,0.0
2000-11-24 00:00:00-05:00,26.75,29.208332061767578,26.75,29.208332061767578,107400,0.0,0.0
2000-11-27 00:00:00-05:00,30.333332061767578,30.875,29.333332061767578,29.416667938232422,133350,0.0,0.0
2000-11-28 00:00:00-05:00,29.416667938232422,29.958332061767578,27.708332061767578,28.125,111150,0.0,0.0
2000-11-29 00:00:00-05:00,28.083332061767578,28.083332061767578,27.5,27.791667938232422,97500,0.0,0.0
2000-11-30 00:00:00-05:00,27.666667938232422,29.125,27.541667938232422,27.541667938232422,86850,0.0,0.0
2000-12-01 00:00:00-05:00,27.5,28.333332061767578,27.5,28.0,70950,0.0,0.0
2000-12-04 00:00:00-05:00,28.291667938232422,28.75,28.208332061767578,28.416667938232422,88200,0.0,0.0
2000-12-05 00:00:00-05:00,28.5,28.833332061767578,28.083332061767578,28.416667938232422,124200,0.0,0.0
2000-12-06 00:00:00-05:00,28.416667938232422,29.583332061767578,28.291667938232422,28.416667938232422,82650,0.0,0.0
2000-12-07 00:00:00-05:00,28.291667938232422,30.041667938232422,28.25,30.041667938232422,67050,0.0,0.0
2000-12-08 00:00:00-05:00,30.375,31.833332061767578,30.041667938232422,31.75,101100,0.0,0.0
2000-12-11 00:00:00-05:00,32.41666793823242,35.875,32.29166793823242,35.875,268950,0.0,0.0
2000-12-12 00:00:00-05:00,35.33333206176758,36.83333206176758,34.95833206176758,35.33333206176758,319050,0.0,0.0
2000-12-13 00:00:00-05:00,35.16666793823242,35.16666793823242,33.125,33.33333206176758,328200,0.0,0.0
2000-12-14 00:00:00-05:00,33.16666793823242,33.54166793823242,32.375,32.66666793823242,78450,0.0,0.0
2000-12-15 00:00:00-05:00,32.66666793823242,33.125,32.125,33.125,77850,0.0,0.0
2000-12-18 00:00:00-05:00,33.125,33.625,32.95833206176758,33.33333206176758,140700,0.0,0.0
2000-12-19 00:00:00-05:00,33.33333206176758,33.75,32.20833206176758,32.20833206176758,156000,0.0,0.0
2000-12-20 00:00:00-05:00,31.666667938232422,31.875,29.708332061767578,30.541667938232422,176850,0.0,0.0
2000-12-21 00:00:00-05:00,30.708332061767578,30.833332061767578,30.0,30.583332061767578,46650,0.0,0.0
2000-12-22 00:00:00-05:00,30.625,31.5,30.375,30.916667938232422,82500,0.0,0.0
2000-12-26 00:00:00-05:00,30.75,31.166667938232422,30.541667938232422,30.541667938232422,51750,0.0,0.0
2000-12-27 00:00:00-05:00,30.666667938232422,32.375,30.666667938232422,32.16666793823242,86700,0.0,0.0
2000-12-28 00:00:00-05:00,32.375,34.375,31.3125,31.3125,187300,0.0,0.0
2000-12-29 00:00:00-05:00,31.5625,33.125,30.25,30.25,87600,0.0,0.0
2001-01-02 00:00:00-05:00,30.25,30.25,25.875,26.6875,140400,0.0,0.0
2001-01-03 00:00:00-05:00,26.5625,27.9375,24.875,27.9375,199500,0.0,0.0
2001-01-04 00:00:00-05:00,28.1875,28.1875,25.625,25.625,113900,0.0,0.0
2001-01-05 00:00:00-05:00,25.5,26.0,23.125,23.125,105800,0.0,0.0
2001-01-08 00:00:00-05:00,23.125,24.875,22.0,24.25,133600,0.0,0.0
2001-01-09 00:00:00-05:00,24.5,24.5,22.1875,22.625,67200,0.0,0.0
2001-01-10 00:00:00-05:00,22.8125,23.0625,22.4375,22.75,74000,0.0,0.0
2001-01-11 00:00:00-05:00,22.5,26.75,22.5,25.1875,152600,0.0,0.0
2001-01-12 00:00:00-05:00,25.4375,27.0625,24.875,27.0,212200,0.0,0.0
2001-01-16 00:00:00-05:00,27.0,27.875,24.3125,27.875,98100,0.0,0.0
2001-01-17 00:00:00-05:00,28.375,28.375,26.4375,26.5,96200,0.0,0.0
2001-01-18 00:00:00-05:00,26.0,26.0,23.0625,23.25,121600,0.0,0.0
2001-01-19 00:00:00-05:00,23.5,23.6875,21.375,22.75,105400,0.0,0.0
2001-01-22 00:00:00-05:00,22.5,24.375,22.5,23.9375,95000,0.0,0.0
2001-01-23 00:00:00-05:00,24.1875,24.8125,23.8125,24.75,87400,0.0,0.0
2001-01-24 00:00:00-05:00,24.75,26.25,24.75,25.9375,104100,0.0,0.0
2001-01-25 00:00:00-05:00,26.0,27.0,25.9375,25.9375,75600,0.0,0.0
2001-01-26 00:00:00-05:00,25.75,25.875,25.0,25.75,32500,0.0,0.0
2001-01-29 00:00:00-05:00,25.850000381469727,26.75,25.850000381469727,26.329999923706055,31500,0.0,0.0
2001-01-30 00:00:00-05:00,26.5,28.34000015258789,26.5,28.010000228881836,203000,0.0,0.0
2001-01-31 00:00:00-05:00,28.0,28.0,26.0,26.549999237060547,256300,0.0,0.0
2001-02-01 00:00:00-05:00,26.520000457763672,27.34000015258789,26.520000457763672,27.010000228881836,111000,0.0,0.0
2001-02-02 00:00:00-05:00,26.850000381469727,27.450000762939453,26.850000381469727,27.399999618530273,38900,0.0,0.0
2001-02-05 00:00:00-05:00,27.299999237060547,27.84000015258789,27.010000228881836,27.350000381469727,38900,0.0,0.0
2001-02-06 00:00:00-05:00,27.360000610351562,27.75,27.360000610351562,27.68000030517578,22100,0.0,0.0
2001-02-07 00:00:00-05:00,27.93000030517578,28.0,27.5,27.75,45100,0.0,0.0
2001-02-08 00:00:00-05:00,27.850000381469727,27.899999618530273,26.549999237060547,27.200000762939453,60000,0.0,0.0
2001-02-09 00:00:00-05:00,27.5,27.700000762939453,27.399999618530273,27.700000762939453,46300,0.0,0.0
2001-02-12 00:00:00-05:00,27.649999618530273,28.299999237060547,27.25,28.299999237060547,31200,0.0,0.0
2001-02-13 00:00:00-05:00,28.399999618530273,29.25,27.850000381469727,28.049999237060547,49100,0.0,0.0
2001-02-14 00:00:00-05:00,28.049999237060547,28.049999237060547,26.5,27.549999237060547,45400,0.0,0.0
2001-02-15 00:00:00-05:00,27.549999237060547,27.700000762939453,27.399999618530273,27.649999618530273,43800,0.0,0.0
2001-02-16 00:00:00-05:00,27.600000381469727,27.600000381469727,27.0,27.030000686645508,26100,0.0,0.0
2001-02-20 00:00:00-05:00,27.040000915527344,27.200000762939453,26.0,27.149999618530273,54500,0.0,0.0
2001-02-21 00:00:00-05:00,26.950000762939453,26.950000762939453,25.850000381469727,26.25,52700,0.0,0.0
2001-02-22 00:00:00-05:00,26.350000381469727,26.450000762939453,25.5,26.0,71300,0.0,0.0
2001-02-23 00:00:00-05:00,26.0,26.799999237060547,25.920000076293945,26.690000534057617,46000,0.0,0.0
2001-02-26 00:00:00-05:00,26.690000534057617,27.110000610351562,26.690000534057617,26.850000381469727,28300,0.0,0.0
2001-02-27 00:00:00-05:00,26.850000381469727,26.850000381469727,26.530000686645508,26.799999237060547,34800,0.0,0.0
2001-02-28 00:00:00-05:00,26.799999237060547,27.5,26.5,27.5,30800,0.0,0.0
2001-03-01 00:00:00-05:00,27.5,27.5,26.75,27.0,24600,0.0,0.0
2001-03-02 00:00:00-05:00,26.850000381469727,27.25,26.649999618530273,27.25,17700,0.0,0.0
2001-03-05 00:00:00-05:00,27.100000381469727,27.100000381469727,24.0,24.270000457763672,98500,0.0,0.0
2001-03-06 00:00:00-05:00,24.5,25.5,24.5,24.670000076293945,56600,0.0,0.0
2001-03-07 00:00:00-05:00,24.68000030517578,24.739999771118164,23.90999984741211,24.040000915527344,42500,0.0,0.0
2001-03-08 00:00:00-05:00,24.040000915527344,24.100000381469727,23.25,23.799999237060547,219900,0.0,0.0
2001-03-09 00:00:00-05:00,23.799999237060547,24.329999923706055,22.700000762939453,24.25,67600,0.0,0.0
2001-03-12 00:00:00-05:00,24.149999618530273,24.149999618530273,23.0,23.0,56000,0.0,0.0
2001-03-13 00:00:00-05:00,22.75,22.760000228881836,21.5,22.209999084472656,89600,0.0,0.0
2001-03-14 00:00:00-05:00,22.0,22.100000381469727,20.0,21.0,102900,0.0,0.0
2001-03-15 00:00:00-05:00,21.100000381469727,21.90999984741211,20.950000762939453,20.950000762939453,55100,0.0,0.0
2001-03-16 00:00:00-05:00,21.299999237060547,21.3700008392334,20.25,20.350000381469727,74100,0.0,0.0
2001-03-19 00:00:00-05:00,20.600000381469727,20.75,20.010000228881836,20.739999771118164,49300,0.0,0.0
2001-03-20 00:00:00-05:00,20.969999313354492,22.360000610351562,20.969999313354492,21.600000381469727,52300,0.0,0.0
2001-03-21 00:00:00-05:00,21.549999237060547,21.950000762939453,21.299999237060547,21.899999618530273,93100,0.0,0.0
2001-03-22 00:00:00-05:00,21.899999618530273,22.600000381469727,21.5,22.399999618530273,127300,0.0,0.0
2001-03-23 00:00:00-05:00,22.40999984741211,24.010000228881836,22.40999984741211,23.90999984741211,112400,0.0,0.0
2001-03-26 00:00:00-05:00,24.299999237060547,24.600000381469727,23.649999618530273,23.709999084472656,36700,0.0,0.0
2001-03-27 00:00:00-05:00,23.709999084472656,24.950000762939453,23.610000610351562,24.829999923706055,62800,0.0,0.0
2001-03-28 00:00:00-05:00,24.950000762939453,25.0,24.649999618530273,25.0,16100,0.0,0.0
2001-03-29 00:00:00-05:00,25.25,26.100000381469727,24.899999618530273,25.0,57700,0.0,0.0
2001-03-30 00:00:00-05:00,24.899999618530273,25.93000030517578,24.899999618530273,25.93000030517578,27000,0.0,0.0
2001-04-02 00:00:00-04:00,26.09000015258789,26.5,25.959999084472656,26.209999084472656,50200,0.0,0.0
2001-04-03 00:00:00-04:00,26.209999084472656,26.520000457763672,25.93000030517578,26.010000228881836,95900,0.0,0.0
2001-04-04 00:00:00-04:00,25.940000534057617,25.950000762939453,24.899999618530273,25.510000228881836,94100,0.0,0.0
2001-04-05 00:00:00-04:00,25.709999084472656,26.989999771118164,25.649999618530273,26.989999771118164,102300,0.0,0.0
2001-04-06 00:00:00-04:00,26.989999771118164,27.920000076293945,26.989999771118164,27.299999237060547,112500,0.0,0.0
2001-04-09 00:00:00-04:00,27.309999465942383,27.899999618530273,27.25,27.3799991607666,38000,0.0,0.0
2001-04-10 00:00:00-04:00,27.579999923706055,29.1200008392334,27.579999923706055,29.079999923706055,61300,0.0,0.0
2001-04-11 00:00:00-04:00,29.18000030517578,29.399999618530273,28.610000610351562,28.969999313354492,42300,0.0,0.0
2001-04-12 00:00:00-04:00,28.969999313354492,29.600000381469727,28.75,29.600000381469727,47500,0.0,0.0
2001-04-16 00:00:00-04:00,29.799999237060547,29.799999237060547,28.799999237060547,29.549999237060547,42500,0.0,0.0
2001-04-17 00:00:00-04:00,29.299999237060547,30.0,29.149999618530273,29.5,157400,0.0,0.0
2001-04-18 00:00:00-04:00,29.75,30.399999618530273,29.549999237060547,30.399999618530273,107000,0.0,0.0
2001-04-19 00:00:00-04:00,30.420000076293945,31.149999618530273,30.420000076293945,30.75,49100,0.0,0.0
2001-04-20 00:00:00-04:00,30.5,30.5,28.850000381469727,28.8700008392334,143900,0.0,0.0
2001-04-23 00:00:00-04:00,28.670000076293945,28.670000076293945,26.739999771118164,27.0,89900,0.0,0.0
2001-04-24 00:00:00-04:00,27.149999618530273,27.149999618530273,26.350000381469727,27.0,85500,0.0,0.0
2001-04-25 00:00:00-04:00,27.0,27.899999618530273,26.579999923706055,27.0,104800,0.0,0.0
2001-04-26 00:00:00-04:00,27.25,27.360000610351562,26.899999618530273,26.899999618530273,77800,0.0,0.0
2001-04-27 00:00:00-04:00,27.0,27.700000762939453,26.979999542236328,27.700000762939453,40400,0.0,0.0
2001-04-30 00:00:00-04:00,27.75,27.75,26.5,26.5,70000,0.0,0.0
2001-05-01 00:00:00-04:00,26.25,26.450000762939453,25.799999237060547,25.989999771118164,66300,0.0,0.0
2001-05-02 00:00:00-04:00,25.399999618530273,25.6299991607666,24.25,24.729999542236328,128500,0.0,0.0
2001-05-03 00:00:00-04:00,24.5,24.530000686645508,23.799999237060547,24.100000381469727,65200,0.0,0.0
2001-05-04 00:00:00-04:00,24.100000381469727,24.600000381469727,24.100000381469727,24.510000228881836,70100,0.0,0.0
2001-05-07 00:00:00-04:00,24.559999465942383,25.670000076293945,24.530000686645508,25.600000381469727,95000,0.0,0.0
2001-05-08 00:00:00-04:00,25.850000381469727,27.0,25.700000762939453,27.0,145200,0.0,0.0
2001-05-09 00:00:00-04:00,27.049999237060547,28.649999618530273,26.799999237060547,28.149999618530273,302900,0.0,0.0
2001-05-10 00:00:00-04:00,28.399999618530273,28.739999771118164,27.290000915527344,27.309999465942383,93000,0.0,0.0
2001-05-11 00:00:00-04:00,27.469999313354492,28.350000381469727,27.469999313354492,27.989999771118164,42000,0.0,0.0
2001-05-14 00:00:00-04:00,28.0,28.989999771118164,28.0,28.700000762939453,182200,0.0,0.0
2001-05-15 00:00:00-04:00,28.709999084472656,29.780000686645508,28.709999084472656,29.760000228881836,101600,0.0,0.0
2001-05-16 00:00:00-04:00,29.760000228881836,29.989999771118164,29.049999237060547,29.600000381469727,70200,0.0,0.0
2001-05-17 00:00:00-04:00,29.610000610351562,32.099998474121094,29.610000610351562,31.989999771118164,100200,0.0,0.0
2001-05-18 00:00:00-04:00,32.0,35.54999923706055,31.950000762939453,35.54999923706055,251300,0.0,0.0
2001-05-21 00:00:00-04:00,35.54999923706055,36.4900016784668,34.29999923706055,35.41999816894531,213500,0.0,0.0
2001-05-22 00:00:00-04:00,35.41999816894531,35.41999816894531,32.70000076293945,32.70000076293945,116500,0.0,0.0
2001-05-23 00:00:00-04:00,32.52000045776367,32.52000045776367,29.950000762939453,29.989999771118164,267900,0.0,0.0
2001-05-24 00:00:00-04:00,29.809999465942383,31.0,28.889999389648438,30.850000381469727,191900,0.0,0.0
2001-05-25 00:00:00-04:00,30.950000762939453,31.149999618530273,30.299999237060547,30.420000076293945,52700,0.0,0.0
2001-05-29 00:00:00-04:00,30.020000457763672,30.3700008392334,29.25,30.299999237060547,159000,0.0,0.0
2001-05-30 00:00:00-04:00,29.969999313354492,31.1299991607666,29.899999618530273,31.110000610351562,136200,0.0,0.0
2001-05-31 00:00:00-04:00,31.1200008392334,32.84000015258789,31.1200008392334,32.400001525878906,178400,0.0,0.0
2001-06-01 00:00:00-04:00,32.400001525878906,33.31999969482422,32.400001525878906,33.09000015258789,117300,0.0,0.0
2001-06-04 00:00:00-04:00,33.09000015258789,33.9900016784668,32.95000076293945,33.880001068115234,80200,0.0,0.0
2001-06-05 00:00:00-04:00,34.0,34.849998474121094,34.0,34.349998474121094,120700,0.0,0.0
2001-06-06 00:00:00-04:00,34.29999923706055,34.29999923706055,32.099998474121094,32.939998626708984,127700,0.0,0.0
2001-06-07 00:00:00-04:00,33.099998474121094,34.5,33.099998474121094,34.119998931884766,76300,0.0,0.0
2001-06-08 00:00:00-04:00,34.0,34.0,33.150001525878906,33.25,46000,0.0,0.0
2001-06-11 00:00:00-04:00,33.400001525878906,33.650001525878906,32.72999954223633,33.45000076293945,75500,0.0,0.0
2001-06-12 00:00:00-04:00,33.0,33.349998474121094,32.439998626708984,33.349998474121094,50300,0.0,0.0
2001-06-13 00:00:00-04:00,33.349998474121094,34.189998626708984,33.349998474121094,33.5,40100,0.0,0.0
2001-06-14 00:00:00-04:00,33.400001525878906,33.59000015258789,30.75,31.950000762939453,55800,0.0,0.0
2001-06-15 00:00:00-04:00,31.700000762939453,32.650001525878906,31.049999237060547,32.349998474121094,92300,0.0,0.0
2001-06-18 00:00:00-04:00,34.0,34.04999923706055,31.889999389648438,32.45000076293945,117200,0.0,0.0
2001-06-19 00:00:00-04:00,32.70000076293945,37.25,32.5,37.25,296100,0.0,0.0
2001-06-20 00:00:00-04:00,37.25,38.95000076293945,36.25,38.0,329000,0.0,0.0
2001-06-21 00:00:00-04:00,38.5,39.810001373291016,38.0,38.0,186800,0.0,0.0
2001-06-22 00:00:00-04:00,37.5,38.470001220703125,35.349998474121094,36.619998931884766,134200,0.0,0.0
2001-06-25 00:00:00-04:00,36.869998931884766,38.20000076293945,36.79999923706055,37.900001525878906,141400,0.0,0.0
2001-06-26 00:00:00-04:00,37.689998626708984,38.310001373291016,37.599998474121094,38.25,68300,0.0,0.0
2001-06-27 00:00:00-04:00,38.310001373291016,39.13999938964844,37.099998474121094,38.20000076293945,113300,0.0,0.0
2001-06-28 00:00:00-04:00,38.45000076293945,39.5,38.45000076293945,39.0,98900,0.0,0.0
2001-06-29 00:00:00-04:00,39.25,42.0,39.04999923706055,40.90999984741211,301200,0.0,0.0
2001-07-02 00:00:00-04:00,41.150001525878906,43.150001525878906,40.79999923706055,42.0,177200,0.0,0.0
2001-07-03 00:00:00-04:00,42.0,42.0,41.650001525878906,42.0,75700,0.0,0.0
2001-07-05 00:00:00-04:00,41.900001525878906,42.0,40.720001220703125,40.97999954223633,130800,0.0,0.0
2001-07-06 00:00:00-04:00,39.5,39.650001525878906,35.84000015258789,36.70000076293945,437000,0.0,0.0
2001-07-09 00:00:00-04:00,36.70000076293945,37.970001220703125,36.70000076293945,37.900001525878906,130000,0.0,0.0
2001-07-10 00:00:00-04:00,38.400001525878906,38.5,37.400001525878906,37.619998931884766,135200,0.0,0.0
2001-07-11 00:00:00-04:00,37.70000076293945,37.9900016784668,37.349998474121094,37.95000076293945,41600,0.0,0.0
2001-07-12 00:00:00-04:00,38.20000076293945,39.5,37.900001525878906,39.5,215400,0.0,0.0
2001-07-13 00:00:00-04:00,39.70000076293945,40.70000076293945,39.68000030517578,40.349998474121094,105000,0.0,0.0
2001-07-16 00:00:00-04:00,39.900001525878906,40.099998474121094,38.650001525878906,39.54999923706055,130000,0.0,0.0
2001-07-17 00:00:00-04:00,39.0,40.97999954223633,38.75,40.400001525878906,237500,0.0,0.0
2001-07-18 00:00:00-04:00,40.5,42.9900016784668,40.29999923706055,41.38999938964844,223300,0.0,0.0
2001-07-19 00:00:00-04:00,41.38999938964844,41.38999938964844,39.29999923706055,39.79999923706055,128000,0.0,0.0
2001-07-20 00:00:00-04:00,39.900001525878906,41.0,39.900001525878906,40.93000030517578,67200,0.0,0.0
2001-07-23 00:00:00-04:00,41.18000030517578,41.560001373291016,40.5,40.66999816894531,40800,0.0,0.0
2001-07-24 00:00:00-04:00,40.7400016784668,40.7400016784668,38.0,39.29999923706055,107100,0.0,0.0
2001-07-25 00:00:00-04:00,39.290000915527344,39.599998474121094,39.0,39.38999938964844,54600,0.0,0.0
2001-07-26 00:00:00-04:00,39.380001068115234,40.5,39.209999084472656,40.2400016784668,50700,0.0,0.0
2001-07-27 00:00:00-04:00,40.2400016784668,40.900001525878906,39.099998474121094,39.349998474121094,130300,0.0,0.0
2001-07-30 00:00:00-04:00,39.599998474121094,39.9900016784668,38.95000076293945,39.9900016784668,72200,0.0,0.0
2001-07-31 00:00:00-04:00,39.9900016784668,41.349998474121094,39.9900016784668,41.34000015258789,121600,0.0,0.0
2001-08-01 00:00:00-04:00,41.79999923706055,41.97999954223633,41.0,41.0,65900,0.0,0.0
2001-08-02 00:00:00-04:00,41.29999923706055,44.81999969482422,41.279998779296875,44.20000076293945,143300,0.0,0.0
2001-08-03 00:00:00-04:00,43.900001525878906,43.900001525878906,42.209999084472656,42.2599983215332,100600,0.0,0.0
2001-08-06 00:00:00-04:00,43.75,44.689998626708984,42.79999923706055,43.11000061035156,195200,0.0,0.0
2001-08-07 00:00:00-04:00,43.11000061035156,43.11000061035156,42.599998474121094,42.790000915527344,55300,0.0,0.0
2001-08-08 00:00:00-04:00,42.849998474121094,42.900001525878906,41.5,42.0,103200,0.0,0.0
2001-08-09 00:00:00-04:00,42.349998474121094,42.349998474121094,41.70000076293945,42.20000076293945,58300,0.0,0.0
2001-08-10 00:00:00-04:00,42.20000076293945,42.20000076293945,40.75,41.45000076293945,71700,0.0,0.0
2001-08-13 00:00:00-04:00,42.0,42.400001525878906,40.900001525878906,41.2400016784668,72000,0.0,0.0
2001-08-14 00:00:00-04:00,41.099998474121094,41.880001068115234,41.099998474121094,41.790000915527344,143900,0.0,0.0
2001-08-15 00:00:00-04:00,41.900001525878906,42.349998474121094,41.459999084472656,41.7400016784668,86900,0.0,0.0
2001-08-16 00:00:00-04:00,41.650001525878906,41.849998474121094,41.16999816894531,41.43000030517578,86300,0.0,0.0
2001-08-17 00:00:00-04:00,41.349998474121094,41.349998474121094,41.0,41.20000076293945,71100,0.0,0.0
2001-08-20 00:00:00-04:00,41.20000076293945,41.29999923706055,40.849998474121094,41.060001373291016,61500,0.0,0.0
2001-08-21 00:00:00-04:00,41.25,41.25,39.70000076293945,39.84000015258789,54700,0.0,0.0
2001-08-22 00:00:00-04:00,39.75,41.0,39.5099983215332,40.97999954223633,78900,0.0,0.0
2001-08-23 00:00:00-04:00,41.0,42.400001525878906,40.79999923706055,42.25,129000,0.0,0.0
2001-08-24 00:00:00-04:00,42.20000076293945,42.900001525878906,41.70000076293945,42.099998474121094,62000,0.0,0.0
2001-08-27 00:00:00-04:00,42.099998474121094,43.0,41.04999923706055,42.75,134600,0.0,0.0
2001-08-28 00:00:00-04:00,43.0,43.040000915527344,36.849998474121094,37.2400016784668,399900,0.0,0.0
2001-08-29 00:00:00-04:00,37.2400016784668,37.2400016784668,33.5,34.099998474121094,707000,0.0,0.0
2001-08-30 00:00:00-04:00,33.95000076293945,36.220001220703125,33.849998474121094,36.20000076293945,300000,0.0,0.0
2001-08-31 00:00:00-04:00,36.150001525878906,36.75,35.0,35.77000045776367,98700,0.0,0.0
2001-09-04 00:00:00-04:00,35.0,35.36000061035156,34.0,34.599998474121094,182500,0.0,0.0
2001-09-05 00:00:00-04:00,34.599998474121094,35.25,34.5099983215332,35.11000061035156,106100,0.0,0.0
2001-09-06 00:00:00-04:00,35.0,35.20000076293945,33.79999923706055,34.54999923706055,146900,0.0,0.0
2001-09-07 00:00:00-04:00,34.54999923706055,34.54999923706055,33.75,34.279998779296875,140800,0.0,0.0
2001-09-10 00:00:00-04:00,33.900001525878906,35.0,33.7599983215332,35.0,135500,0.0,0.0
2001-09-17 00:00:00-04:00,34.0,35.599998474121094,32.599998474121094,33.5,196700,0.0,0.0
2001-09-18 00:00:00-04:00,33.5,34.099998474121094,33.0,33.29999923706055,215600,0.0,0.0
2001-09-19 00:00:00-04:00,33.29999923706055,33.900001525878906,32.5,32.900001525878906,162900,0.0,0.0
2001-09-20 00:00:00-04:00,32.900001525878906,33.0,31.06999969482422,31.5,129400,0.0,0.0
2001-09-21 00:00:00-04:00,30.0,31.0,29.0,29.18000030517578,126000,0.0,0.0
2001-09-24 00:00:00-04:00,29.75,32.29999923706055,29.75,32.099998474121094,99500,0.0,0.0
2001-09-25 00:00:00-04:00,32.099998474121094,34.5,32.099998474121094,33.86000061035156,108700,0.0,0.0
2001-09-26 00:00:00-04:00,34.0,35.20000076293945,34.0,35.0,88100,0.0,0.0
2001-09-27 00:00:00-04:00,35.0,37.4900016784668,34.5,37.099998474121094,134300,0.0,0.0
2001-09-28 00:00:00-04:00,37.349998474121094,38.9900016784668,36.310001373291016,37.61000061035156,106700,0.0,0.0
2001-10-01 00:00:00-04:00,37.849998474121094,37.849998474121094,35.54999923706055,36.91999816894531,43000,0.0,0.0
2001-10-02 00:00:00-04:00,37.0,38.099998474121094,36.9900016784668,37.900001525878906,40000,0.0,0.0
2001-10-03 00:00:00-04:00,38.0,38.650001525878906,37.650001525878906,38.4900016784668,46000,0.0,0.0
2001-10-04 00:00:00-04:00,38.4900016784668,38.4900016784668,37.0,37.43000030517578,50900,0.0,0.0
2001-10-05 00:00:00-04:00,37.43000030517578,38.599998474121094,35.7599983215332,37.11000061035156,140200,0.0,0.0
2001-10-08 00:00:00-04:00,37.75,38.54999923706055,36.849998474121094,37.15999984741211,94200,0.0,0.0
2001-10-09 00:00:00-04:00,37.25,38.0,36.93000030517578,36.93000030517578,44700,0.0,0.0
2001-10-10 00:00:00-04:00,37.79999923706055,39.29999923706055,37.79999923706055,39.0,128000,0.0,0.0
2001-10-11 00:00:00-04:00,40.0,40.31999969482422,38.75,39.0,267700,0.0,0.0
2001-10-12 00:00:00-04:00,39.0,39.650001525878906,38.70000076293945,38.90999984741211,179000,0.0,0.0
2001-10-15 00:00:00-04:00,38.90999984741211,39.5,38.70000076293945,39.25,52900,0.0,0.0
2001-10-16 00:00:00-04:00,39.25,39.25,34.75,34.95000076293945,501600,0.0,0.0
2001-10-17 00:00:00-04:00,34.70000076293945,34.709999084472656,32.0099983215332,33.45000076293945,520300,0.0,0.0
2001-10-18 00:00:00-04:00,33.59000015258789,33.689998626708984,33.0,33.36000061035156,53200,0.0,0.0
2001-10-19 00:00:00-04:00,33.36000061035156,34.099998474121094,33.36000061035156,33.900001525878906,63900,0.0,0.0
2001-10-22 00:00:00-04:00,34.0,34.68000030517578,34.0,34.34000015258789,45200,0.0,0.0
2001-10-23 00:00:00-04:00,36.150001525878906,36.150001525878906,33.5,33.61000061035156,90700,0.0,0.0
2001-10-24 00:00:00-04:00,33.61000061035156,34.4900016784668,33.29999923706055,33.599998474121094,35900,0.0,0.0
2001-10-25 00:00:00-04:00,33.45000076293945,34.52000045776367,31.950000762939453,34.5,99700,0.0,0.0
2001-10-26 00:00:00-04:00,34.5,34.5099983215332,33.56999969482422,34.45000076293945,52400,0.0,0.0
2001-10-29 00:00:00-05:00,34.45000076293945,34.779998779296875,33.18000030517578,33.18000030517578,63300,0.0,0.0
2001-10-30 00:00:00-05:00,33.18000030517578,33.18000030517578,31.3700008392334,31.399999618530273,392500,0.0,0.0
2001-10-31 00:00:00-05:00,31.399999618530273,33.0,30.549999237060547,32.79999923706055,137200,0.0,0.0
2001-11-01 00:00:00-05:00,32.95000076293945,33.75,32.099998474121094,33.70000076293945,68000,0.0,0.0
2001-11-02 00:00:00-05:00,33.5,33.720001220703125,32.5,32.5,46400,0.0,0.0
2001-11-05 00:00:00-05:00,31.75,32.599998474121094,31.100000381469727,32.349998474121094,60200,0.0,0.0
2001-11-06 00:00:00-05:00,32.349998474121094,33.470001220703125,32.349998474121094,32.81999969482422,56800,0.0,0.0
2001-11-07 00:00:00-05:00,32.650001525878906,32.75,31.1200008392334,31.950000762939453,90400,0.0,0.0
2001-11-08 00:00:00-05:00,31.979999542236328,32.0,30.600000381469727,31.100000381469727,100300,0.0,0.0
2001-11-09 00:00:00-05:00,31.100000381469727,31.25,29.899999618530273,31.0,193400,0.0,0.0
2001-11-12 00:00:00-05:00,31.0,31.25,29.799999237060547,30.239999771118164,64500,0.0,0.0
2001-11-13 00:00:00-05:00,30.489999771118164,30.700000762939453,29.799999237060547,30.200000762939453,83100,0.0,0.0
2001-11-14 00:00:00-05:00,29.979999542236328,31.299999237060547,29.8700008392334,31.010000228881836,177300,0.0,0.0
2001-11-15 00:00:00-05:00,31.010000228881836,31.010000228881836,30.600000381469727,30.850000381469727,51900,0.0,0.0
2001-11-16 00:00:00-05:00,30.850000381469727,30.979999542236328,30.309999465942383,30.600000381469727,107000,0.0,0.0
2001-11-19 00:00:00-05:00,30.200000762939453,30.200000762939453,25.850000381469727,26.690000534057617,941200,0.0,0.0
2001-11-20 00:00:00-05:00,28.0,30.079999923706055,27.799999237060547,28.760000228881836,759400,0.0,0.0
2001-11-21 00:00:00-05:00,28.760000228881836,29.610000610351562,28.760000228881836,29.3700008392334,103100,0.0,0.0
2001-11-23 00:00:00-05:00,29.3700008392334,29.5,28.600000381469727,28.700000762939453,49200,0.0,0.0
2001-11-26 00:00:00-05:00,28.950000762939453,28.950000762939453,27.559999465942383,28.1299991607666,195700,0.0,0.0
2001-11-27 00:00:00-05:00,27.899999618530273,28.420000076293945,27.700000762939453,28.1200008392334,165300,0.0,0.0
2001-11-28 00:00:00-05:00,28.299999237060547,28.440000534057617,26.899999618530273,26.899999618530273,163600,0.0,0.0
2001-11-29 00:00:00-05:00,26.649999618530273,29.200000762939453,26.6200008392334,29.020000457763672,179100,0.0,0.0
2001-11-30 00:00:00-05:00,31.5,31.75,30.25,30.600000381469727,339100,0.0,0.0
2001-12-03 00:00:00-05:00,29.799999237060547,30.399999618530273,29.100000381469727,29.799999237060547,189900,0.0,0.0
2001-12-04 00:00:00-05:00,31.5,32.36000061035156,31.0,31.5,448700,0.0,0.0
2001-12-05 00:00:00-05:00,31.0,31.0,29.5,29.649999618530273,341000,0.0,0.0
2001-12-06 00:00:00-05:00,29.65999984741211,31.079999923706055,29.200000762939453,30.729999542236328,128300,0.0,0.0
2001-12-07 00:00:00-05:00,30.729999542236328,30.729999542236328,25.5,27.649999618530273,782200,0.0,0.0
2001-12-10 00:00:00-05:00,27.5,27.549999237060547,26.8799991607666,26.899999618530273,147100,0.0,0.0
2001-12-11 00:00:00-05:00,27.0,27.299999237060547,26.1299991607666,26.389999389648438,139100,0.0,0.0
2001-12-12 00:00:00-05:00,26.25,26.350000381469727,25.3799991607666,25.549999237060547,227000,0.0,0.0
2001-12-13 00:00:00-05:00,25.399999618530273,25.850000381469727,23.0,24.959999084472656,510300,0.0,0.0
2001-12-14 00:00:00-05:00,25.100000381469727,27.100000381469727,24.700000762939453,26.700000762939453,335100,0.0,0.0
2001-12-17 00:00:00-05:00,26.799999237060547,27.299999237060547,25.459999084472656,26.100000381469727,160500,0.0,0.0
2001-12-18 00:00:00-05:00,26.100000381469727,27.719999313354492,26.100000381469727,27.5,307400,0.0,0.0
2001-12-19 00:00:00-05:00,27.75,29.0,26.700000762939453,28.360000610351562,309900,0.0,0.0
2001-12-20 00:00:00-05:00,28.75,29.649999618530273,28.649999618530273,29.209999084472656,245700,0.0,0.0
2001-12-21 00:00:00-05:00,30.5,30.600000381469727,28.649999618530273,28.799999237060547,280000,0.0,0.0
2001-12-24 00:00:00-05:00,28.790000915527344,29.5,28.600000381469727,29.360000610351562,59100,0.0,0.0
2001-12-26 00:00:00-05:00,29.360000610351562,29.950000762939453,28.700000762939453,28.899999618530273,110700,0.0,0.0
2001-12-27 00:00:00-05:00,29.010000228881836,29.610000610351562,29.010000228881836,29.5,132100,0.0,0.0
2001-12-28 00:00:00-05:00,29.5,30.489999771118164,29.5,30.200000762939453,135500,0.0,0.0
2001-12-31 00:00:00-05:00,30.049999237060547,30.209999084472656,28.899999618530273,30.0,157800,0.0,0.0
2002-01-02 00:00:00-05:00,30.0,30.100000381469727,28.5,29.700000762939453,105300,0.0,0.0
2002-01-03 00:00:00-05:00,30.649999618530273,30.739999771118164,29.0,29.229999542236328,165400,0.0,0.0
2002-01-04 00:00:00-05:00,29.479999542236328,29.979999542236328,29.350000381469727,29.850000381469727,189100,0.0,0.0
2002-01-07 00:00:00-05:00,29.700000762939453,29.950000762939453,29.309999465942383,29.5,64600,0.0,0.0
2002-01-08 00:00:00-05:00,29.25,29.350000381469727,28.75,29.100000381469727,64600,0.0,0.0
2002-01-09 00:00:00-05:00,29.149999618530273,29.600000381469727,28.899999618530273,28.899999618530273,45800,0.0,0.0
2002-01-10 00:00:00-05:00,29.0,29.149999618530273,28.639999389648438,29.0,37700,0.0,0.0
2002-01-11 00:00:00-05:00,29.0,29.010000228881836,28.25,28.5,87000,0.0,0.0
2002-01-14 00:00:00-05:00,28.649999618530273,28.850000381469727,27.25,27.399999618530273,93400,0.0,0.0
2002-01-15 00:00:00-05:00,26.75,27.399999618530273,26.75,27.190000534057617,61100,0.0,0.0
2002-01-16 00:00:00-05:00,27.440000534057617,28.25,27.350000381469727,27.690000534057617,54400,0.0,0.0
2002-01-17 00:00:00-05:00,27.690000534057617,28.940000534057617,27.690000534057617,28.940000534057617,82500,0.0,0.0
2002-01-18 00:00:00-05:00,28.75,28.75,27.5,28.0,84600,0.0,0.0
2002-01-22 00:00:00-05:00,27.75,27.959999084472656,27.1299991607666,27.520000457763672,107900,0.0,0.0
2002-01-23 00:00:00-05:00,27.520000457763672,28.549999237060547,27.1200008392334,28.5,48500,0.0,0.0
2002-01-24 00:00:00-05:00,28.600000381469727,30.25,28.389999389648438,29.899999618530273,225200,0.0,0.0
2002-01-25 00:00:00-05:00,29.75,29.959999084472656,29.5,29.799999237060547,199300,0.0,0.0
2002-01-28 00:00:00-05:00,29.700000762939453,29.709999084472656,29.0,29.049999237060547,153800,0.0,0.0
2002-01-29 00:00:00-05:00,29.149999618530273,29.149999618530273,27.75,27.940000534057617,198200,0.0,0.0
2002-01-30 00:00:00-05:00,27.940000534057617,27.940000534057617,27.450000762939453,27.700000762939453,83200,0.0,0.0
2002-01-31 00:00:00-05:00,27.850000381469727,28.0,27.75,27.889999389648438,62400,0.0,0.0
2002-02-01 00:00:00-05:00,27.989999771118164,28.0,27.0,27.5,165200,0.0,0.0
2002-02-04 00:00:00-05:00,27.5,27.520000457763672,25.75,26.079999923706055,108300,0.0,0.0
2002-02-05 00:00:00-05:00,26.200000762939453,27.0,26.200000762939453,26.610000610351562,36100,0.0,0.0
2002-02-06 00:00:00-05:00,26.850000381469727,26.850000381469727,25.850000381469727,26.200000762939453,64100,0.0,0.0
2002-02-07 00:00:00-05:00,26.399999618530273,26.399999618530273,25.549999237060547,25.559999465942383,38200,0.0,0.0
2002-02-08 00:00:00-05:00,25.5,25.84000015258789,25.049999237060547,25.799999237060547,51300,0.0,0.0
2002-02-11 00:00:00-05:00,25.549999237060547,26.520000457763672,25.5,26.040000915527344,42600,0.0,0.0
2002-02-12 00:00:00-05:00,25.75,26.899999618530273,25.75,26.59000015258789,106700,0.0,0.0
2002-02-13 00:00:00-05:00,26.5,27.260000228881836,26.5,27.079999923706055,55900,0.0,0.0
2002-02-14 00:00:00-05:00,27.200000762939453,27.200000762939453,26.709999084472656,26.75,24700,0.0,0.0
2002-02-15 00:00:00-05:00,26.75,27.399999618530273,26.420000076293945,26.860000610351562,66400,0.0,0.0
2002-02-19 00:00:00-05:00,26.25,26.399999618530273,25.3799991607666,25.440000534057617,53500,0.0,0.0
2002-02-20 00:00:00-05:00,25.299999237060547,25.799999237060547,24.450000762939453,24.770000457763672,87200,0.0,0.0
2002-02-21 00:00:00-05:00,24.700000762939453,25.899999618530273,24.299999237060547,24.719999313354492,150500,0.0,0.0
2002-02-22 00:00:00-05:00,24.600000381469727,24.709999084472656,24.40999984741211,24.450000762939453,56900,0.0,0.0
2002-02-25 00:00:00-05:00,24.399999618530273,24.739999771118164,24.299999237060547,24.31999969482422,59800,0.0,0.0
2002-02-26 00:00:00-05:00,24.299999237060547,24.5,23.649999618530273,24.399999618530273,63300,0.0,0.0
2002-02-27 00:00:00-05:00,24.25,25.350000381469727,24.25,25.100000381469727,59300,0.0,0.0
2002-02-28 00:00:00-05:00,25.100000381469727,25.5,24.5,25.0,132600,0.0,0.0
2002-03-01 00:00:00-05:00,24.899999618530273,25.360000610351562,24.399999618530273,25.0,41500,0.0,0.0
2002-03-04 00:00:00-05:00,25.200000762939453,25.350000381469727,24.530000686645508,25.0,43100,0.0,0.0
2002-03-05 00:00:00-05:00,25.010000228881836,25.3700008392334,25.0,25.020000457763672,26900,0.0,0.0
2002-03-06 00:00:00-05:00,25.010000228881836,26.850000381469727,25.010000228881836,26.850000381469727,79500,0.0,0.0
2002-03-07 00:00:00-05:00,26.850000381469727,26.850000381469727,25.719999313354492,26.100000381469727,67300,0.0,0.0
2002-03-08 00:00:00-05:00,26.09000015258789,26.90999984741211,25.700000762939453,26.200000762939453,64800,0.0,0.0
2002-03-11 00:00:00-05:00,26.200000762939453,26.600000381469727,26.149999618530273,26.350000381469727,91600,0.0,0.0
2002-03-12 00:00:00-05:00,26.600000381469727,27.690000534057617,26.350000381469727,27.600000381469727,75400,0.0,0.0
2002-03-13 00:00:00-05:00,28.0,28.950000762939453,27.989999771118164,28.540000915527344,123400,0.0,0.0
2002-03-14 00:00:00-05:00,28.790000915527344,29.649999618530273,28.719999313354492,28.950000762939453,97600,0.0,0.0
2002-03-15 00:00:00-05:00,24.5,24.510000228881836,20.049999237060547,23.0,2524400,0.0,0.0
2002-03-18 00:00:00-05:00,23.0,24.809999465942383,23.0,24.0,995500,0.0,0.0
2002-03-19 00:00:00-05:00,24.5,24.950000762939453,23.850000381469727,23.899999618530273,286500,0.0,0.0
2002-03-20 00:00:00-05:00,23.899999618530273,24.040000915527344,23.6200008392334,23.75,100200,0.0,0.0
2002-03-21 00:00:00-05:00,23.5,24.100000381469727,23.5,23.850000381469727,155000,0.0,0.0
2002-03-22 00:00:00-05:00,23.600000381469727,23.610000610351562,22.5,22.850000381469727,127300,0.0,0.0
2002-03-25 00:00:00-05:00,22.600000381469727,22.610000610351562,21.75,22.0,323100,0.0,0.0
2002-03-26 00:00:00-05:00,22.0,22.09000015258789,21.75,21.899999618530273,108600,0.0,0.0
2002-03-27 00:00:00-05:00,21.850000381469727,21.940000534057617,21.260000228881836,21.399999618530273,127100,0.0,0.0
2002-03-28 00:00:00-05:00,21.399999618530273,21.799999237060547,20.59000015258789,20.899999618530273,248600,0.0,0.0
2002-04-01 00:00:00-05:00,20.5,22.329999923706055,20.049999237060547,22.0,323300,0.0,0.0
2002-04-02 00:00:00-05:00,22.25,23.450000762939453,21.850000381469727,23.309999465942383,182200,0.0,0.0
2002-04-03 00:00:00-05:00,23.31999969482422,23.90999984741211,23.15999984741211,23.15999984741211,185900,0.0,0.0
2002-04-04 00:00:00-05:00,23.170000076293945,23.600000381469727,22.889999389648438,23.309999465942383,102800,0.0,0.0
2002-04-05 00:00:00-05:00,23.309999465942383,24.139999389648438,23.299999237060547,23.399999618530273,150000,0.0,0.0
2002-04-08 00:00:00-04:00,23.450000762939453,24.079999923706055,23.299999237060547,23.850000381469727,94800,0.0,0.0
2002-04-09 00:00:00-04:00,23.899999618530273,24.600000381469727,23.899999618530273,24.290000915527344,101800,0.0,0.0
2002-04-10 00:00:00-04:00,24.479999542236328,24.610000610351562,24.200000762939453,24.450000762939453,85800,0.0,0.0
2002-04-11 00:00:00-04:00,24.450000762939453,24.540000915527344,24.0,24.25,98100,0.0,0.0
2002-04-12 00:00:00-04:00,24.25,25.299999237060547,24.229999542236328,25.290000915527344,190800,0.0,0.0
2002-04-15 00:00:00-04:00,25.280000686645508,25.950000762939453,24.950000762939453,25.700000762939453,123100,0.0,0.0
2002-04-16 00:00:00-04:00,25.600000381469727,26.030000686645508,25.149999618530273,26.030000686645508,74400,0.0,0.0
2002-04-17 00:00:00-04:00,26.0,26.75,25.799999237060547,26.579999923706055,86800,0.0,0.0
2002-04-18 00:00:00-04:00,26.579999923706055,27.200000762939453,26.350000381469727,27.049999237060547,142800,0.0,0.0
2002-04-19 00:00:00-04:00,27.399999618530273,27.399999618530273,26.25,26.850000381469727,67900,0.0,0.0
2002-04-22 00:00:00-04:00,26.700000762939453,26.860000610351562,26.25,26.25,198900,0.0,0.0
2002-04-23 00:00:00-04:00,26.260000228881836,27.739999771118164,26.049999237060547,27.299999237060547,298000,0.0,0.0
2002-04-24 00:00:00-04:00,27.450000762939453,28.100000381469727,26.5,26.5,142500,0.0,0.0
2002-04-25 00:00:00-04:00,26.75,28.0,26.600000381469727,27.989999771118164,162500,0.0,0.0
2002-04-26 00:00:00-04:00,27.989999771118164,30.0,27.989999771118164,29.350000381469727,488000,0.0,0.0
2002-04-29 00:00:00-04:00,29.360000610351562,29.450000762939453,28.709999084472656,28.850000381469727,196400,0.0,0.0
2002-04-30 00:00:00-04:00,29.5,29.649999618530273,29.25,29.469999313354492,205500,0.0,0.0
2002-05-01 00:00:00-04:00,29.469999313354492,30.850000381469727,29.25,30.600000381469727,297800,0.0,0.0
2002-05-02 00:00:00-04:00,30.5,30.979999542236328,30.350000381469727,30.860000610351562,180000,0.0,0.0
2002-05-03 00:00:00-04:00,30.860000610351562,31.399999618530273,30.020000457763672,31.309999465942383,380100,0.0,0.0
2002-05-06 00:00:00-04:00,31.309999465942383,32.0,29.149999618530273,29.15999984741211,389000,0.0,0.0
2002-05-07 00:00:00-04:00,29.15999984741211,30.399999618530273,29.15999984741211,30.0,203600,0.0,0.0
2002-05-08 00:00:00-04:00,30.25,31.200000762939453,30.110000610351562,30.670000076293945,217800,0.0,0.0
2002-05-09 00:00:00-04:00,30.65999984741211,30.899999618530273,29.510000228881836,29.510000228881836,131100,0.0,0.0
2002-05-10 00:00:00-04:00,29.549999237060547,29.899999618530273,28.850000381469727,29.0,106800,0.0,0.0
2002-05-13 00:00:00-04:00,28.75,28.75,27.229999542236328,28.110000610351562,233300,0.0,0.0
2002-05-14 00:00:00-04:00,28.360000610351562,29.299999237060547,28.360000610351562,29.299999237060547,88000,0.0,0.0
2002-05-15 00:00:00-04:00,29.049999237060547,29.059999465942383,27.739999771118164,28.360000610351562,137200,0.0,0.0
2002-05-16 00:00:00-04:00,26.5,28.68000030517578,26.5,28.6200008392334,228800,0.0,0.0
2002-05-17 00:00:00-04:00,28.75,28.799999237060547,28.18000030517578,28.540000915527344,81200,0.0,0.0
2002-05-20 00:00:00-04:00,28.149999618530273,28.549999237060547,27.299999237060547,28.399999618530273,121000,0.0,0.0
2002-05-21 00:00:00-04:00,28.649999618530273,28.649999618530273,27.600000381469727,28.110000610351562,44400,0.0,0.0
2002-05-22 00:00:00-04:00,28.149999618530273,28.149999618530273,27.260000228881836,28.049999237060547,50900,0.0,0.0
2002-05-23 00:00:00-04:00,28.399999618530273,28.899999618530273,28.260000228881836,28.790000915527344,44500,0.0,0.0
2002-05-24 00:00:00-04:00,28.799999237060547,29.0,28.350000381469727,28.360000610351562,27600,0.0,0.0
2002-05-28 00:00:00-04:00,28.399999618530273,28.450000762939453,27.899999618530273,28.440000534057617,35800,0.0,0.0
2002-05-29 00:00:00-04:00,28.350000381469727,28.360000610351562,27.850000381469727,27.899999618530273,48800,0.0,0.0
2002-05-30 00:00:00-04:00,27.850000381469727,28.860000610351562,27.549999237060547,28.860000610351562,90700,0.0,0.0
2002-05-31 00:00:00-04:00,28.860000610351562,29.06999969482422,28.649999618530273,28.979999542236328,132300,0.0,0.0
2002-06-03 00:00:00-04:00,28.979999542236328,28.979999542236328,27.799999237060547,27.799999237060547,87600,0.0,0.0
2002-06-04 00:00:00-04:00,27.299999237060547,27.549999237060547,26.350000381469727,26.440000534057617,61500,0.0,0.0
2002-06-05 00:00:00-04:00,26.299999237060547,28.200000762939453,26.25,28.200000762939453,98600,0.0,0.0
2002-06-06 00:00:00-04:00,28.350000381469727,28.350000381469727,26.639999389648438,27.260000228881836,122100,0.0,0.0
2002-06-07 00:00:00-04:00,27.149999618530273,27.549999237060547,26.700000762939453,27.549999237060547,51400,0.0,0.0
2002-06-10 00:00:00-04:00,27.700000762939453,27.700000762939453,27.260000228881836,27.299999237060547,44700,0.0,0.0
2002-06-11 00:00:00-04:00,27.25,27.3700008392334,26.549999237060547,26.850000381469727,73500,0.0,0.0
2002-06-12 00:00:00-04:00,26.799999237060547,26.799999237060547,25.170000076293945,26.25,135700,0.0,0.0
2002-06-13 00:00:00-04:00,26.100000381469727,26.450000762939453,25.799999237060547,25.799999237060547,123800,0.0,0.0
2002-06-14 00:00:00-04:00,25.649999618530273,25.649999618530273,24.25,25.350000381469727,137800,0.0,0.0
2002-06-17 00:00:00-04:00,25.350000381469727,26.770000457763672,25.350000381469727,26.709999084472656,46100,0.0,0.0
2002-06-18 00:00:00-04:00,26.600000381469727,27.09000015258789,26.600000381469727,26.770000457763672,35600,0.0,0.0
2002-06-19 00:00:00-04:00,26.65999984741211,26.799999237060547,24.75,24.75,204500,0.0,0.0
2002-06-20 00:00:00-04:00,23.5,24.75,23.110000610351562,23.5,439100,0.0,0.0
2002-06-21 00:00:00-04:00,23.5,23.65999984741211,22.90999984741211,23.0,233100,0.0,0.0
2002-06-24 00:00:00-04:00,23.0,23.950000762939453,22.260000228881836,23.84000015258789,168900,0.0,0.0
2002-06-25 00:00:00-04:00,19.899999618530273,22.110000610351562,19.5,19.5,1247700,0.0,0.0
2002-06-26 00:00:00-04:00,19.0,19.0,15.300000190734863,16.309999465942383,1516100,0.0,0.0
2002-06-27 00:00:00-04:00,15.75,16.799999237060547,14.899999618530273,16.100000381469727,405300,0.0,0.0
2002-06-28 00:00:00-04:00,16.09000015258789,16.09000015258789,15.100000381469727,16.059999465942383,343700,0.0,0.0
2002-07-01 00:00:00-04:00,16.059999465942383,16.059999465942383,14.300000190734863,15.40999984741211,226500,0.0,0.0
2002-07-02 00:00:00-04:00,15.5,16.049999237060547,15.399999618530273,15.8100004196167,478000,0.0,0.0
2002-07-03 00:00:00-04:00,15.699999809265137,15.699999809265137,14.149999618530273,14.850000381469727,266700,0.0,0.0
2002-07-05 00:00:00-04:00,14.75,15.739999771118164,14.75,15.649999618530273,83400,0.0,0.0
2002-07-08 00:00:00-04:00,15.399999618530273,15.510000228881836,14.25,14.25,197900,0.0,0.0
2002-07-09 00:00:00-04:00,14.0,14.0,12.649999618530273,12.850000381469727,480500,0.0,0.0
2002-07-10 00:00:00-04:00,12.699999809265137,12.710000038146973,9.899999618530273,10.5,843100,0.0,0.0
2002-07-11 00:00:00-04:00,10.0,11.899999618530273,10.0,11.800000190734863,502900,0.0,0.0
2002-07-12 00:00:00-04:00,12.0,12.0,10.899999618530273,11.430000305175781,204400,0.0,0.0
2002-07-15 00:00:00-04:00,11.350000381469727,11.390000343322754,10.399999618530273,11.390000343322754,170500,0.0,0.0
2002-07-16 00:00:00-04:00,11.300000190734863,11.300000190734863,11.010000228881836,11.229999542236328,205600,0.0,0.0
2002-07-17 00:00:00-04:00,11.220000267028809,12.0,11.220000267028809,11.9399995803833,218800,0.0,0.0
2002-07-18 00:00:00-04:00,11.899999618530273,11.90999984741211,11.25,11.479999542236328,226200,0.0,0.0
2002-07-19 00:00:00-04:00,11.430000305175781,11.800000190734863,11.119999885559082,11.600000381469727,291100,0.0,0.0
2002-07-22 00:00:00-04:00,11.449999809265137,11.800000190734863,11.390000343322754,11.59000015258789,316500,0.0,0.0
2002-07-23 00:00:00-04:00,11.0,11.010000228881836,7.579999923706055,8.390000343322754,2185600,0.0,0.0
2002-07-24 00:00:00-04:00,8.399999618530273,9.75,8.25,8.90999984741211,702100,0.0,0.0
2002-07-25 00:00:00-04:00,8.899999618530273,9.75,8.770000457763672,8.989999771118164,596900,0.0,0.0
2002-07-26 00:00:00-04:00,9.09000015258789,9.09000015258789,8.920000076293945,9.0,215800,0.0,0.0
2002-07-29 00:00:00-04:00,9.100000381469727,9.920000076293945,9.050000190734863,9.850000381469727,305400,0.0,0.0
2002-07-30 00:00:00-04:00,9.850000381469727,10.75,9.550000190734863,10.199999809265137,296500,0.0,0.0
2002-07-31 00:00:00-04:00,10.170000076293945,10.550000190734863,9.880000114440918,9.880000114440918,170300,0.0,0.0
2002-08-01 00:00:00-04:00,12.0,12.0,10.619999885559082,11.0,572100,0.0,0.0
2002-08-02 00:00:00-04:00,11.0,11.0,9.850000381469727,10.199999809265137,281400,0.0,0.0
2002-08-05 00:00:00-04:00,10.199999809265137,10.649999618530273,10.130000114440918,10.460000038146973,235000,0.0,0.0
2002-08-06 00:00:00-04:00,10.25,10.279999732971191,9.210000038146973,9.479999542236328,271200,0.0,0.0
2002-08-07 00:00:00-04:00,9.479999542236328,9.75,8.949999809265137,9.430000305175781,213800,0.0,0.0
2002-08-08 00:00:00-04:00,9.479999542236328,9.75,9.270000457763672,9.739999771118164,133300,0.0,0.0
2002-08-09 00:00:00-04:00,9.739999771118164,9.739999771118164,9.5,9.510000228881836,425400,0.0,0.0
2002-08-12 00:00:00-04:00,9.5,9.59000015258789,9.460000038146973,9.510000228881836,151400,0.0,0.0
2002-08-13 00:00:00-04:00,9.510000228881836,9.600000381469727,9.119999885559082,9.5,314200,0.0,0.0
2002-08-14 00:00:00-04:00,9.199999809265137,9.520000457763672,5.269999980926514,5.5,446300,0.0,0.0
2002-08-15 00:00:00-04:00,1.5,2.180000066757202,1.399999976158142,2.0299999713897705,7198700,0.0,0.0
2002-08-16 00:00:00-04:00,2.0299999713897705,3.069999933242798,2.0,2.990000009536743,5183500,0.0,0.0
2002-08-19 00:00:00-04:00,3.200000047683716,3.299999952316284,2.450000047683716,3.049999952316284,2097900,0.0,0.0
2002-08-20 00:00:00-04:00,3.0299999713897705,3.2799999713897705,2.6500000953674316,3.0,1150500,0.0,0.0
2002-08-21 00:00:00-04:00,3.200000047683716,3.9700000286102295,3.0199999809265137,3.9700000286102295,1211600,0.0,0.0
2002-08-22 00:00:00-04:00,3.9700000286102295,4.059999942779541,3.549999952316284,3.680000066757202,1783700,0.0,0.0
2002-08-23 00:00:00-04:00,3.0999999046325684,3.5899999141693115,2.990000009536743,3.2200000286102295,649500,0.0,0.0
2002-08-26 00:00:00-04:00,3.0999999046325684,3.1700000762939453,2.9000000953674316,3.0399999618530273,790600,0.0,0.0
2002-08-27 00:00:00-04:00,3.049999952316284,3.140000104904175,2.7699999809265137,2.799999952316284,449200,0.0,0.0
2002-08-28 00:00:00-04:00,2.5,2.5999999046325684,2.049999952316284,2.200000047683716,800600,0.0,0.0
2002-08-29 00:00:00-04:00,2.180000066757202,2.450000047683716,2.059999942779541,2.2300000190734863,410600,0.0,0.0
2002-08-30 00:00:00-04:00,2.200000047683716,2.25,2.1500000953674316,2.200000047683716,254800,0.0,0.0
2002-09-03 00:00:00-04:00,2.200000047683716,2.450000047683716,2.190000057220459,2.3499999046325684,597100,0.0,0.0
2002-09-04 00:00:00-04:00,2.359999895095825,2.4000000953674316,1.9600000381469727,2.0,720600,0.0,0.0
2002-09-05 00:00:00-04:00,2.0199999809265137,2.049999952316284,1.850000023841858,1.8899999856948853,536300,0.0,0.0
2002-09-06 00:00:00-04:00,3.990000009536743,5.199999809265137,3.200000047683716,4.099999904632568,8525000,0.0,0.0
2002-09-09 00:00:00-04:00,4.599999904632568,4.690000057220459,3.799999952316284,4.019999980926514,3953700,0.0,0.0
2002-09-10 00:00:00-04:00,4.019999980926514,4.019999980926514,3.200000047683716,3.299999952316284,2030700,0.0,0.0
2002-09-11 00:00:00-04:00,3.4000000953674316,3.4800000190734863,3.130000114440918,3.25,697800,0.0,0.0
2002-09-12 00:00:00-04:00,3.2300000190734863,3.2300000190734863,2.809999942779541,3.0199999809265137,933400,0.0,0.0
2002-09-13 00:00:00-04:00,2.9200000762939453,3.4000000953674316,2.8499999046325684,3.2100000381469727,1118000,0.0,0.0
2002-09-16 00:00:00-04:00,3.2100000381469727,3.2100000381469727,3.049999952316284,3.1600000858306885,427900,0.0,0.0
2002-09-17 00:00:00-04:00,3.2100000381469727,3.2899999618530273,3.009999990463257,3.0799999237060547,333000,0.0,0.0
2002-09-18 00:00:00-04:00,3.049999952316284,3.1500000953674316,3.0,3.119999885559082,421700,0.0,0.0
2002-09-19 00:00:00-04:00,3.119999885559082,3.119999885559082,3.009999990463257,3.0399999618530273,296300,0.0,0.0
2002-09-20 00:00:00-04:00,3.0,3.0,2.799999952316284,2.940000057220459,416500,0.0,0.0
2002-09-23 00:00:00-04:00,2.9100000858306885,2.9800000190734863,2.559999942779541,2.799999952316284,298300,0.0,0.0
2002-09-24 00:00:00-04:00,2.809999942779541,2.809999942779541,2.5999999046325684,2.759999990463257,176200,0.0,0.0
2002-09-25 00:00:00-04:00,2.8399999141693115,2.9800000190734863,2.700000047683716,2.8399999141693115,254300,0.0,0.0
2002-09-26 00:00:00-04:00,2.940000057220459,2.990000009536743,2.4700000286102295,2.700000047683716,296400,0.0,0.0
2002-09-27 00:00:00-04:00,2.700000047683716,2.859999895095825,2.619999885559082,2.740000009536743,242700,0.0,0.0
2002-09-30 00:00:00-04:00,2.740000009536743,2.740000009536743,2.549999952316284,2.609999895095825,200700,0.0,0.0
2002-10-01 00:00:00-04:00,2.680000066757202,2.690000057220459,2.5199999809265137,2.5999999046325684,239600,0.0,0.0
2002-10-02 00:00:00-04:00,2.549999952316284,2.690000057220459,2.509999990463257,2.559999942779541,292900,0.0,0.0
2002-10-03 00:00:00-04:00,2.5999999046325684,2.5999999046325684,2.4100000858306885,2.5999999046325684,250400,0.0,0.0
2002-10-04 00:00:00-04:00,2.5999999046325684,2.5999999046325684,2.4200000762939453,2.430000066757202,108000,0.0,0.0
2002-10-07 00:00:00-04:00,2.4100000858306885,2.4100000858306885,2.119999885559082,2.1500000953674316,201800,0.0,0.0
2002-10-08 00:00:00-04:00,2.1500000953674316,3.309999942779541,2.119999885559082,2.690000057220459,885300,0.0,0.0
2002-10-09 00:00:00-04:00,2.4000000953674316,2.6500000953674316,2.359999895095825,2.4100000858306885,518300,0.0,0.0
2002-10-10 00:00:00-04:00,2.509999990463257,2.990000009536743,2.490000009536743,2.7300000190734863,369700,0.0,0.0
2002-10-11 00:00:00-04:00,2.75,2.9000000953674316,2.6700000762939453,2.7100000381469727,269200,0.0,0.0
2002-10-14 00:00:00-04:00,2.700000047683716,2.809999942779541,2.6700000762939453,2.759999990463257,117100,0.0,0.0
2002-10-15 00:00:00-04:00,2.7899999618530273,2.950000047683716,2.549999952316284,2.5999999046325684,253500,0.0,0.0
2002-10-16 00:00:00-04:00,2.7200000286102295,2.890000104904175,2.5999999046325684,2.8299999237060547,193400,0.0,0.0
2002-10-17 00:00:00-04:00,2.799999952316284,2.950000047683716,2.759999990463257,2.930000066757202,174700,0.0,0.0
2002-10-18 00:00:00-04:00,2.9200000762939453,3.299999952316284,2.880000114440918,3.299999952316284,389100,0.0,0.0
2002-10-21 00:00:00-04:00,3.299999952316284,4.050000190734863,3.299999952316284,3.680000066757202,629100,0.0,0.0
2002-10-22 00:00:00-04:00,3.5799999237060547,3.930000066757202,3.549999952316284,3.869999885559082,296500,0.0,0.0
2002-10-23 00:00:00-04:00,3.990000009536743,4.71999979019165,3.9100000858306885,4.510000228881836,680700,0.0,0.0
2002-10-24 00:00:00-04:00,4.650000095367432,4.949999809265137,3.990000009536743,4.019999980926514,880400,0.0,0.0
2002-10-25 00:00:00-04:00,4.400000095367432,4.550000190734863,3.549999952316284,4.260000228881836,681300,0.0,0.0
2002-10-28 00:00:00-05:00,4.300000190734863,4.650000095367432,4.179999828338623,4.329999923706055,480000,0.0,0.0
2002-10-29 00:00:00-05:00,4.5,4.5,3.7899999618530273,4.150000095367432,786200,0.0,0.0
2002-10-30 00:00:00-05:00,3.799999952316284,4.239999771118164,3.619999885559082,4.050000190734863,861700,0.0,0.0
2002-10-31 00:00:00-05:00,4.289999961853027,4.309999942779541,3.609999895095825,3.869999885559082,435200,0.0,0.0
2002-11-01 00:00:00-05:00,3.799999952316284,4.039999961853027,3.75,4.039999961853027,222900,0.0,0.0
2002-11-04 00:00:00-05:00,4.070000171661377,4.190000057220459,3.950000047683716,4.050000190734863,277800,0.0,0.0
2002-11-05 00:00:00-05:00,4.0,4.059999942779541,3.9600000381469727,4.050000190734863,132800,0.0,0.0
2002-11-06 00:00:00-05:00,4.090000152587891,4.239999771118164,4.0,4.159999847412109,232900,0.0,0.0
2002-11-07 00:00:00-05:00,4.139999866485596,4.360000133514404,4.03000020980835,4.260000228881836,257900,0.0,0.0
2002-11-08 00:00:00-05:00,4.260000228881836,5.0,3.799999952316284,4.25,1091200,0.0,0.0
2002-11-11 00:00:00-05:00,4.25,4.260000228881836,3.9000000953674316,3.9000000953674316,273500,0.0,0.0
2002-11-12 00:00:00-05:00,3.9800000190734863,4.070000171661377,3.9100000858306885,4.0,188600,0.0,0.0
2002-11-13 00:00:00-05:00,3.990000009536743,4.0,3.890000104904175,3.990000009536743,138500,0.0,0.0
2002-11-14 00:00:00-05:00,4.0,4.119999885559082,3.9200000762939453,4.070000171661377,166800,0.0,0.0
2002-11-15 00:00:00-05:00,4.0,4.039999961853027,3.8499999046325684,3.950000047683716,102500,0.0,0.0
2002-11-18 00:00:00-05:00,3.9600000381469727,4.03000020980835,3.950000047683716,3.950000047683716,93600,0.0,0.0
2002-11-19 00:00:00-05:00,3.950000047683716,3.990000009536743,3.809999942779541,3.8399999141693115,207100,0.0,0.0
2002-11-20 00:00:00-05:00,3.8399999141693115,3.9800000190734863,3.809999942779541,3.9000000953674316,183600,0.0,0.0
2002-11-21 00:00:00-05:00,3.930000066757202,3.950000047683716,3.819999933242798,3.9000000953674316,129400,0.0,0.0
2002-11-22 00:00:00-05:00,3.8499999046325684,4.0,3.809999942779541,3.950000047683716,184100,0.0,0.0
2002-11-25 00:00:00-05:00,4.0,4.679999828338623,4.0,4.679999828338623,415500,0.0,0.0
2002-11-26 00:00:00-05:00,4.75,5.449999809265137,4.639999866485596,5.340000152587891,1111600,0.0,0.0
2002-11-27 00:00:00-05:00,5.5,5.949999809265137,5.099999904632568,5.489999771118164,749300,0.0,0.0
2002-11-29 00:00:00-05:00,5.550000190734863,5.739999771118164,5.25,5.46999979019165,191000,0.0,0.0
2002-12-02 00:00:00-05:00,5.570000171661377,6.400000095367432,5.570000171661377,6.380000114440918,669400,0.0,0.0
2002-12-03 00:00:00-05:00,6.28000020980835,7.489999771118164,6.21999979019165,7.409999847412109,766000,0.0,0.0
2002-12-04 00:00:00-05:00,7.409999847412109,7.409999847412109,6.300000190734863,6.570000171661377,977200,0.0,0.0
2002-12-05 00:00:00-05:00,6.650000095367432,7.03000020980835,6.150000095367432,6.699999809265137,349500,0.0,0.0
2002-12-06 00:00:00-05:00,6.670000076293945,7.239999771118164,6.550000190734863,6.710000038146973,386500,0.0,0.0
2002-12-09 00:00:00-05:00,6.699999809265137,6.980000019073486,6.449999809265137,6.550000190734863,260500,0.0,0.0
2002-12-10 00:00:00-05:00,6.570000171661377,6.78000020980835,6.570000171661377,6.679999828338623,135300,0.0,0.0
2002-12-11 00:00:00-05:00,6.679999828338623,6.949999809265137,6.570000171661377,6.940000057220459,186600,0.0,0.0
2002-12-12 00:00:00-05:00,7.019999980926514,7.199999809265137,6.900000095367432,7.059999942779541,132800,0.0,0.0
2002-12-13 00:00:00-05:00,7.059999942779541,7.059999942779541,6.909999847412109,6.909999847412109,110900,0.0,0.0
2002-12-16 00:00:00-05:00,7.010000228881836,7.090000152587891,6.849999904632568,6.929999828338623,146100,0.0,0.0
2002-12-17 00:00:00-05:00,6.929999828338623,7.099999904632568,6.889999866485596,7.059999942779541,130900,0.0,0.0
2002-12-18 00:00:00-05:00,7.050000190734863,7.079999923706055,6.889999866485596,7.019999980926514,126700,0.0,0.0
2002-12-19 00:00:00-05:00,7.010000228881836,7.920000076293945,7.0,7.329999923706055,516800,0.0,0.0
2002-12-20 00:00:00-05:00,7.400000095367432,7.599999904632568,5.489999771118164,6.329999923706055,1268000,0.0,0.0
2002-12-23 00:00:00-05:00,5.900000095367432,6.25,5.010000228881836,6.0,1120700,0.0,0.0
2002-12-24 00:00:00-05:00,5.760000228881836,6.050000190734863,5.650000095367432,5.940000057220459,91000,0.0,0.0
2002-12-26 00:00:00-05:00,5.949999809265137,6.889999866485596,5.949999809265137,6.639999866485596,304600,0.0,0.0
2002-12-27 00:00:00-05:00,6.619999885559082,6.860000133514404,6.309999942779541,6.550000190734863,254000,0.0,0.0
2002-12-30 00:00:00-05:00,6.550000190734863,6.71999979019165,6.28000020980835,6.349999904632568,217100,0.0,0.0
2002-12-31 00:00:00-05:00,6.300000190734863,6.900000095367432,6.239999771118164,6.829999923706055,321700,0.0,0.0
2003-01-02 00:00:00-05:00,6.929999828338623,7.429999828338623,6.789999961853027,7.159999847412109,402600,0.0,0.0
2003-01-03 00:00:00-05:00,7.099999904632568,7.139999866485596,6.71999979019165,6.849999904632568,328000,0.0,0.0
2003-01-06 00:00:00-05:00,7.21999979019165,7.949999809265137,7.050000190734863,7.090000152587891,830700,0.0,0.0
2003-01-07 00:00:00-05:00,7.099999904632568,7.400000095367432,6.900000095367432,6.989999771118164,298000,0.0,0.0
2003-01-08 00:00:00-05:00,6.96999979019165,7.050000190734863,6.760000228881836,6.760000228881836,307600,0.0,0.0
2003-01-09 00:00:00-05:00,6.769999980926514,6.900000095367432,6.400000095367432,6.699999809265137,398100,0.0,0.0
2003-01-10 00:00:00-05:00,6.699999809265137,6.800000190734863,6.610000133514404,6.75,259300,0.0,0.0
2003-01-13 00:00:00-05:00,6.760000228881836,6.78000020980835,5.75,6.329999923706055,747400,0.0,0.0
2003-01-14 00:00:00-05:00,6.320000171661377,6.320000171661377,5.800000190734863,5.96999979019165,365300,0.0,0.0
2003-01-15 00:00:00-05:00,5.960000038146973,5.960000038146973,5.5,5.650000095367432,457600,0.0,0.0
2003-01-16 00:00:00-05:00,5.650000095367432,5.949999809265137,5.650000095367432,5.820000171661377,264400,0.0,0.0
2003-01-17 00:00:00-05:00,5.789999961853027,5.809999942779541,5.619999885559082,5.670000076293945,203800,0.0,0.0
2003-01-21 00:00:00-05:00,5.679999828338623,5.739999771118164,5.25,5.409999847412109,235500,0.0,0.0
2003-01-22 00:00:00-05:00,5.5,5.519999980926514,5.050000190734863,5.059999942779541,233700,0.0,0.0
2003-01-23 00:00:00-05:00,5.019999980926514,5.150000095367432,4.440000057220459,4.650000095367432,471000,0.0,0.0
2003-01-24 00:00:00-05:00,4.659999847412109,4.949999809265137,4.599999904632568,4.880000114440918,268600,0.0,0.0
2003-01-27 00:00:00-05:00,4.800000190734863,5.239999771118164,4.570000171661377,4.599999904632568,220000,0.0,0.0
2003-01-28 00:00:00-05:00,4.690000057220459,5.050000190734863,4.659999847412109,4.860000133514404,142300,0.0,0.0
2003-01-29 00:00:00-05:00,4.860000133514404,4.949999809265137,4.699999809265137,4.849999904632568,400700,0.0,0.0
2003-01-30 00:00:00-05:00,4.929999828338623,5.150000095367432,4.679999828338623,4.710000038146973,434600,0.0,0.0
2003-01-31 00:00:00-05:00,4.699999809265137,4.929999828338623,4.679999828338623,4.849999904632568,319500,0.0,0.0
2003-02-03 00:00:00-05:00,4.889999866485596,5.300000190734863,4.880000114440918,5.039999961853027,323800,0.0,0.0
2003-02-04 00:00:00-05:00,5.050000190734863,5.099999904632568,4.889999866485596,4.96999979019165,265500,0.0,0.0
2003-02-05 00:00:00-05:00,5.0,5.400000095367432,5.0,5.190000057220459,428700,0.0,0.0
2003-02-06 00:00:00-05:00,5.289999961853027,5.760000228881836,5.260000228881836,5.650000095367432,344100,0.0,0.0
2003-02-07 00:00:00-05:00,5.71999979019165,6.039999961853027,5.400000095367432,5.480000019073486,492600,0.0,0.0
2003-02-10 00:00:00-05:00,5.5,5.710000038146973,5.320000171661377,5.5,132400,0.0,0.0
2003-02-11 00:00:00-05:00,5.550000190734863,5.579999923706055,5.099999904632568,5.210000038146973,180500,0.0,0.0
2003-02-12 00:00:00-05:00,5.309999942779541,5.420000076293945,4.96999979019165,5.21999979019165,186900,0.0,0.0
2003-02-13 00:00:00-05:00,5.400000095367432,5.599999904632568,5.199999809265137,5.429999828338623,242800,0.0,0.0
2003-02-14 00:00:00-05:00,5.480000019073486,5.570000171661377,5.050000190734863,5.340000152587891,211000,0.0,0.0
2003-02-18 00:00:00-05:00,7.199999809265137,7.679999828338623,6.650000095367432,7.599999904632568,1574100,0.0,0.0
2003-02-19 00:00:00-05:00,7.75,9.789999961853027,7.75,8.550000190734863,3338300,0.0,0.0
2003-02-20 00:00:00-05:00,8.600000381469727,9.350000381469727,8.369999885559082,8.390000343322754,1264500,0.0,0.0
2003-02-21 00:00:00-05:00,8.649999618530273,8.670000076293945,8.0,8.25,832000,0.0,0.0
2003-02-24 00:00:00-05:00,8.0,8.760000228881836,8.0,8.539999961853027,625700,0.0,0.0
2003-02-25 00:00:00-05:00,8.539999961853027,8.550000190734863,7.0,7.260000228881836,1663400,0.0,0.0
2003-02-26 00:00:00-05:00,7.800000190734863,7.96999979019165,7.25,7.300000190734863,1017000,0.0,0.0
2003-02-27 00:00:00-05:00,7.550000190734863,7.550000190734863,6.53000020980835,6.739999771118164,725900,0.0,0.0
2003-02-28 00:00:00-05:00,6.5,6.570000171661377,6.0,6.25,702300,0.0,0.0
2003-03-03 00:00:00-05:00,6.28000020980835,6.400000095367432,6.150000095367432,6.28000020980835,232900,0.0,0.0
2003-03-04 00:00:00-05:00,6.21999979019165,6.230000019073486,6.019999980926514,6.050000190734863,198200,0.0,0.0
2003-03-05 00:00:00-05:00,6.010000228881836,6.090000152587891,5.800000190734863,5.809999942779541,345700,0.0,0.0
2003-03-06 00:00:00-05:00,5.860000133514404,6.25,5.800000190734863,6.25,276200,0.0,0.0
2003-03-07 00:00:00-05:00,6.019999980926514,6.320000171661377,6.0,6.110000133514404,207600,0.0,0.0
2003-03-10 00:00:00-05:00,6.050000190734863,6.079999923706055,5.679999828338623,5.699999809265137,304700,0.0,0.0
2003-03-11 00:00:00-05:00,5.75,5.829999923706055,5.5,5.510000228881836,208300,0.0,0.0
2003-03-12 00:00:00-05:00,5.5,5.5,5.150000095367432,5.230000019073486,311600,0.0,0.0
2003-03-13 00:00:00-05:00,5.300000190734863,5.579999923706055,5.260000228881836,5.519999980926514,249700,0.0,0.0
2003-03-14 00:00:00-05:00,5.949999809265137,5.949999809265137,5.670000076293945,5.75,245100,0.0,0.0
2003-03-17 00:00:00-05:00,5.769999980926514,6.150000095367432,5.769999980926514,5.989999771118164,250300,0.0,0.0
2003-03-18 00:00:00-05:00,6.090000152587891,6.099999904632568,5.840000152587891,5.940000057220459,152900,0.0,0.0
2003-03-19 00:00:00-05:00,6.099999904632568,6.199999809265137,5.860000133514404,5.889999866485596,334600,0.0,0.0
2003-03-20 00:00:00-05:00,5.889999866485596,5.940000057220459,5.75,5.800000190734863,143900,0.0,0.0
2003-03-21 00:00:00-05:00,5.849999904632568,6.230000019073486,5.760000228881836,6.21999979019165,426400,0.0,0.0
2003-03-24 00:00:00-05:00,6.119999885559082,6.420000076293945,6.0,6.210000038146973,281600,0.0,0.0
2003-03-25 00:00:00-05:00,6.25,6.570000171661377,6.25,6.5,285000,0.0,0.0
2003-03-26 00:00:00-05:00,6.449999809265137,6.840000152587891,6.409999847412109,6.78000020980835,280700,0.0,0.0
2003-03-27 00:00:00-05:00,6.75,7.329999923706055,6.550000190734863,7.050000190734863,307600,0.0,0.0
2003-03-28 00:00:00-05:00,7.0,7.349999904632568,6.980000019073486,7.150000095367432,387900,0.0,0.0
2003-03-31 00:00:00-05:00,7.110000133514404,7.230000019073486,6.75,6.849999904632568,311100,0.0,0.0
2003-04-01 00:00:00-05:00,6.75,6.949999809265137,6.599999904632568,6.760000228881836,316700,0.0,0.0
2003-04-02 00:00:00-05:00,6.849999904632568,7.070000171661377,6.849999904632568,7.019999980926514,287600,0.0,0.0
2003-04-03 00:00:00-05:00,7.119999885559082,7.159999847412109,6.800000190734863,6.849999904632568,147300,0.0,0.0
2003-04-04 00:00:00-05:00,6.949999809265137,7.0,6.800000190734863,6.880000114440918,63500,0.0,0.0
2003-04-07 00:00:00-04:00,6.980000019073486,7.099999904632568,6.820000171661377,6.829999923706055,121000,0.0,0.0
2003-04-08 00:00:00-04:00,6.800000190734863,6.849999904632568,6.699999809265137,6.75,116300,0.0,0.0
2003-04-09 00:00:00-04:00,6.800000190734863,6.840000152587891,6.699999809265137,6.71999979019165,47900,0.0,0.0
2003-04-10 00:00:00-04:00,6.78000020980835,6.78000020980835,6.599999904632568,6.630000114440918,79500,0.0,0.0
2003-04-11 00:00:00-04:00,6.650000095367432,6.659999847412109,6.449999809265137,6.480000019073486,127900,0.0,0.0
2003-04-14 00:00:00-04:00,6.480000019073486,6.5,6.369999885559082,6.449999809265137,60900,0.0,0.0
2003-04-15 00:00:00-04:00,6.480000019073486,6.489999771118164,6.340000152587891,6.349999904632568,76200,0.0,0.0
2003-04-16 00:00:00-04:00,6.349999904632568,6.420000076293945,6.25,6.400000095367432,138300,0.0,0.0
2003-04-17 00:00:00-04:00,6.449999809265137,7.050000190734863,6.429999828338623,6.849999904632568,178700,0.0,0.0
2003-04-21 00:00:00-04:00,6.900000095367432,6.980000019073486,6.650000095367432,6.670000076293945,190000,0.0,0.0
2003-04-22 00:00:00-04:00,6.670000076293945,6.840000152587891,6.570000171661377,6.699999809265137,116600,0.0,0.0
2003-04-23 00:00:00-04:00,6.659999847412109,7.03000020980835,6.650000095367432,6.809999942779541,126400,0.0,0.0
2003-04-24 00:00:00-04:00,6.659999847412109,6.909999847412109,6.650000095367432,6.860000133514404,99300,0.0,0.0
2003-04-25 00:00:00-04:00,6.909999847412109,6.949999809265137,6.75,6.860000133514404,85600,0.0,0.0
2003-04-28 00:00:00-04:00,6.849999904632568,7.389999866485596,6.78000020980835,7.380000114440918,291100,0.0,0.0
2003-04-29 00:00:00-04:00,7.519999980926514,7.849999904632568,7.300000190734863,7.710000038146973,459100,0.0,0.0
2003-04-30 00:00:00-04:00,7.670000076293945,8.029999732971191,7.449999809265137,7.599999904632568,451500,0.0,0.0
2003-05-01 00:00:00-04:00,7.699999809265137,8.5,7.699999809265137,8.020000457763672,936800,0.0,0.0
2003-05-02 00:00:00-04:00,8.020000457763672,8.270000457763672,7.849999904632568,8.210000038146973,347500,0.0,0.0
2003-05-05 00:00:00-04:00,8.199999809265137,8.449999809265137,8.199999809265137,8.359999656677246,252700,0.0,0.0
2003-05-06 00:00:00-04:00,8.359999656677246,8.489999771118164,8.25,8.319999694824219,166700,0.0,0.0
2003-05-07 00:00:00-04:00,8.199999809265137,8.329999923706055,8.199999809265137,8.260000228881836,201200,0.0,0.0
2003-05-08 00:00:00-04:00,8.25,8.319999694824219,8.210000038146973,8.25,97000,0.0,0.0
2003-05-09 00:00:00-04:00,8.25,8.739999771118164,8.25,8.720000267028809,310900,0.0,0.0
2003-05-12 00:00:00-04:00,8.569999694824219,9.149999618530273,8.5,9.0600004196167,445700,0.0,0.0
2003-05-13 00:00:00-04:00,9.0,9.369999885559082,9.0,9.3100004196167,289300,0.0,0.0
2003-05-14 00:00:00-04:00,9.430000305175781,9.75,8.5600004196167,8.899999618530273,641500,0.0,0.0
2003-05-15 00:00:00-04:00,8.800000190734863,9.300000190734863,8.800000190734863,9.25,280600,0.0,0.0
2003-05-16 00:00:00-04:00,9.199999809265137,9.260000228881836,9.100000381469727,9.100000381469727,285400,0.0,0.0
2003-05-19 00:00:00-04:00,9.029999732971191,9.039999961853027,8.329999923706055,8.430000305175781,353100,0.0,0.0
2003-05-20 00:00:00-04:00,8.180000305175781,8.529999732971191,8.050000190734863,8.210000038146973,273900,0.0,0.0
2003-05-21 00:00:00-04:00,8.260000228881836,8.279999732971191,7.75,8.279999732971191,278300,0.0,0.0
2003-05-22 00:00:00-04:00,8.25,8.850000381469727,8.25,8.5,208500,0.0,0.0
2003-05-23 00:00:00-04:00,8.479999542236328,8.5,8.380000114440918,8.479999542236328,66200,0.0,0.0
2003-05-27 00:00:00-04:00,8.399999618530273,8.819999694824219,8.260000228881836,8.760000228881836,192200,0.0,0.0
2003-05-28 00:00:00-04:00,8.779999732971191,9.300000190734863,8.760000228881836,9.029999732971191,309400,0.0,0.0
2003-05-29 00:00:00-04:00,9.050000190734863,9.199999809265137,8.9399995803833,8.960000038146973,192900,0.0,0.0
2003-05-30 00:00:00-04:00,8.899999618530273,9.1899995803833,8.899999618530273,9.0600004196167,142400,0.0,0.0
2003-06-02 00:00:00-04:00,9.15999984741211,9.329999923706055,8.800000190734863,8.800000190734863,246700,0.0,0.0
2003-06-03 00:00:00-04:00,8.829999923706055,9.0,8.699999809265137,8.949999809265137,156300,0.0,0.0
2003-06-04 00:00:00-04:00,9.050000190734863,9.149999618530273,8.90999984741211,9.09000015258789,165600,0.0,0.0
2003-06-05 00:00:00-04:00,9.1899995803833,9.550000190734863,9.0600004196167,9.5,334100,0.0,0.0
2003-06-06 00:00:00-04:00,9.600000381469727,10.449999809265137,9.600000381469727,9.850000381469727,584800,0.0,0.0
2003-06-09 00:00:00-04:00,9.850000381469727,10.739999771118164,9.850000381469727,10.4399995803833,619200,0.0,0.0
2003-06-10 00:00:00-04:00,10.550000190734863,10.9399995803833,10.550000190734863,10.710000038146973,359400,0.0,0.0
2003-06-11 00:00:00-04:00,10.800000190734863,10.899999618530273,10.1899995803833,10.449999809265137,294800,0.0,0.0
2003-06-12 00:00:00-04:00,10.25,10.5,9.8100004196167,9.949999809265137,488400,0.0,0.0
2003-06-13 00:00:00-04:00,10.050000190734863,10.15999984741211,9.9399995803833,10.0,144700,0.0,0.0
2003-06-16 00:00:00-04:00,10.010000228881836,10.25,9.850000381469727,10.130000114440918,177600,0.0,0.0
2003-06-17 00:00:00-04:00,10.180000305175781,10.710000038146973,10.039999961853027,10.600000381469727,266000,0.0,0.0
2003-06-18 00:00:00-04:00,10.550000190734863,10.699999809265137,10.25,10.630000114440918,191600,0.0,0.0
2003-06-19 00:00:00-04:00,10.699999809265137,10.850000381469727,10.5,10.699999809265137,251800,0.0,0.0
2003-06-20 00:00:00-04:00,10.779999732971191,10.800000190734863,10.100000381469727,10.470000267028809,311000,0.0,0.0
2003-06-23 00:00:00-04:00,10.369999885559082,10.369999885559082,9.3100004196167,9.729999542236328,363400,0.0,0.0
2003-06-24 00:00:00-04:00,9.600000381469727,9.699999809265137,9.399999618530273,9.520000457763672,172100,0.0,0.0
2003-06-25 00:00:00-04:00,9.5,9.899999618530273,9.5,9.630000114440918,102400,0.0,0.0
2003-06-26 00:00:00-04:00,9.699999809265137,9.880000114440918,9.65999984741211,9.880000114440918,90000,0.0,0.0
2003-06-27 00:00:00-04:00,9.829999923706055,9.949999809265137,9.680000305175781,9.680000305175781,116800,0.0,0.0
2003-06-30 00:00:00-04:00,9.600000381469727,10.350000381469727,9.600000381469727,10.350000381469727,298800,0.0,0.0
2003-07-01 00:00:00-04:00,10.25,10.270000457763672,9.90999984741211,10.020000457763672,134500,0.0,0.0
2003-07-02 00:00:00-04:00,10.050000190734863,10.199999809265137,9.800000190734863,10.020000457763672,149800,0.0,0.0
2003-07-03 00:00:00-04:00,10.0,10.069999694824219,9.880000114440918,9.949999809265137,40600,0.0,0.0
2003-07-07 00:00:00-04:00,10.0,10.300000190734863,10.0,10.300000190734863,175600,0.0,0.0
2003-07-08 00:00:00-04:00,10.149999618530273,10.369999885559082,10.079999923706055,10.279999732971191,157700,0.0,0.0
2003-07-09 00:00:00-04:00,10.180000305175781,10.579999923706055,10.149999618530273,10.579999923706055,207100,0.0,0.0
2003-07-10 00:00:00-04:00,10.529999732971191,10.649999618530273,10.390000343322754,10.59000015258789,98400,0.0,0.0
2003-07-11 00:00:00-04:00,10.5600004196167,10.979999542236328,8.25,8.550000190734863,1701200,0.0,0.0
2003-07-14 00:00:00-04:00,8.050000190734863,9.170000076293945,8.0,8.819999694824219,629800,0.0,0.0
2003-07-15 00:00:00-04:00,8.850000381469727,9.25,8.800000190734863,8.90999984741211,265200,0.0,0.0
2003-07-16 00:00:00-04:00,9.100000381469727,9.100000381469727,8.3100004196167,8.350000381469727,444100,0.0,0.0
2003-07-17 00:00:00-04:00,8.329999923706055,8.449999809265137,8.329999923706055,8.380000114440918,94600,0.0,0.0
2003-07-18 00:00:00-04:00,8.399999618530273,8.5,8.270000457763672,8.329999923706055,130600,0.0,0.0
2003-07-21 00:00:00-04:00,8.149999618530273,8.149999618530273,6.71999979019165,6.760000228881836,878700,0.0,0.0
2003-07-22 00:00:00-04:00,6.900000095367432,7.21999979019165,6.650000095367432,7.099999904632568,601800,0.0,0.0
2003-07-23 00:00:00-04:00,7.179999828338623,7.199999809265137,6.840000152587891,6.980000019073486,269500,0.0,0.0
2003-07-24 00:00:00-04:00,7.090000152587891,7.380000114440918,6.949999809265137,7.320000171661377,236300,0.0,0.0
2003-07-25 00:00:00-04:00,7.269999980926514,7.849999904632568,7.25,7.650000095367432,194300,0.0,0.0
2003-07-28 00:00:00-04:00,7.650000095367432,7.849999904632568,7.420000076293945,7.420000076293945,153400,0.0,0.0
2003-07-29 00:00:00-04:00,7.519999980926514,7.550000190734863,7.119999885559082,7.300000190734863,210500,0.0,0.0
2003-07-30 00:00:00-04:00,7.400000095367432,7.53000020980835,7.260000228881836,7.369999885559082,101200,0.0,0.0
2003-07-31 00:00:00-04:00,7.46999979019165,7.800000190734863,7.46999979019165,7.610000133514404,206300,0.0,0.0
2003-08-01 00:00:00-04:00,7.599999904632568,7.820000171661377,7.599999904632568,7.599999904632568,93900,0.0,0.0
2003-08-04 00:00:00-04:00,7.599999904632568,7.599999904632568,7.25,7.369999885559082,92800,0.0,0.0
2003-08-05 00:00:00-04:00,6.900000095367432,6.900000095367432,5.900000095367432,6.119999885559082,1321600,0.0,0.0
2003-08-06 00:00:00-04:00,6.21999979019165,6.21999979019165,5.110000133514404,5.25,1486800,0.0,0.0
2003-08-07 00:00:00-04:00,5.0,5.019999980926514,4.0,4.699999809265137,1398800,0.0,0.0
2003-08-08 00:00:00-04:00,4.800000190734863,5.610000133514404,4.71999979019165,5.230000019073486,556300,0.0,0.0
2003-08-11 00:00:00-04:00,5.5,5.5,5.199999809265137,5.309999942779541,159700,0.0,0.0
2003-08-12 00:00:00-04:00,5.300000190734863,5.320000171661377,5.099999904632568,5.199999809265137,161800,0.0,0.0
2003-08-13 00:00:00-04:00,5.329999923706055,5.329999923706055,4.940000057220459,5.119999885559082,376500,0.0,0.0
2003-08-14 00:00:00-04:00,5.21999979019165,5.349999904632568,5.21999979019165,5.340000152587891,112500,0.0,0.0
2003-08-15 00:00:00-04:00,5.389999866485596,5.400000095367432,5.150000095367432,5.230000019073486,91100,0.0,0.0
2003-08-18 00:00:00-04:00,5.179999828338623,5.300000190734863,5.130000114440918,5.210000038146973,137300,0.0,0.0
2003-08-19 00:00:00-04:00,5.199999809265137,5.420000076293945,5.199999809265137,5.349999904632568,155400,0.0,0.0
2003-08-20 00:00:00-04:00,5.349999904632568,5.75,5.349999904632568,5.690000057220459,240400,0.0,0.0
2003-08-21 00:00:00-04:00,5.849999904632568,6.0,5.760000228881836,6.0,301400,0.0,0.0
2003-08-22 00:00:00-04:00,6.0,6.0,5.800000190734863,5.849999904632568,215400,0.0,0.0
2003-08-25 00:00:00-04:00,5.889999866485596,5.889999866485596,5.690000057220459,5.690000057220459,102900,0.0,0.0
2003-08-26 00:00:00-04:00,5.639999866485596,5.849999904632568,5.320000171661377,5.829999923706055,117700,0.0,0.0
2003-08-27 00:00:00-04:00,5.800000190734863,5.820000171661377,5.650000095367432,5.659999847412109,39200,0.0,0.0
2003-08-28 00:00:00-04:00,5.760000228881836,5.900000095367432,5.639999866485596,5.820000171661377,129700,0.0,0.0
2003-08-29 00:00:00-04:00,5.920000076293945,5.920000076293945,5.599999904632568,5.599999904632568,111100,0.0,0.0
2003-09-02 00:00:00-04:00,5.639999866485596,5.650000095367432,5.46999979019165,5.550000190734863,108500,0.0,0.0
2003-09-03 00:00:00-04:00,5.699999809265137,5.940000057220459,5.489999771118164,5.820000171661377,242300,0.0,0.0
2003-09-04 00:00:00-04:00,5.920000076293945,6.46999979019165,5.829999923706055,6.340000152587891,268300,0.0,0.0
2003-09-05 00:00:00-04:00,6.349999904632568,6.489999771118164,6.320000171661377,6.420000076293945,131500,0.0,0.0
2003-09-08 00:00:00-04:00,6.460000038146973,6.760000228881836,6.460000038146973,6.5,194900,0.0,0.0
2003-09-09 00:00:00-04:00,6.579999923706055,8.170000076293945,6.519999980926514,7.150000095367432,2027500,0.0,0.0
2003-09-10 00:00:00-04:00,7.25,7.349999904632568,6.880000114440918,7.059999942779541,355400,0.0,0.0
2003-09-11 00:00:00-04:00,7.099999904632568,7.190000057220459,6.949999809265137,6.980000019073486,154800,0.0,0.0
2003-09-12 00:00:00-04:00,7.050000190734863,7.050000190734863,6.599999904632568,6.880000114440918,140400,0.0,0.0
2003-09-15 00:00:00-04:00,6.980000019073486,7.059999942779541,6.849999904632568,6.869999885559082,85200,0.0,0.0
2003-09-16 00:00:00-04:00,6.880000114440918,7.210000038146973,6.880000114440918,7.050000190734863,206800,0.0,0.0
2003-09-17 00:00:00-04:00,7.03000020980835,7.050000190734863,6.909999847412109,6.960000038146973,79900,0.0,0.0
2003-09-18 00:00:00-04:00,7.039999961853027,7.099999904632568,6.960000038146973,7.0,151100,0.0,0.0
2003-09-19 00:00:00-04:00,7.0,7.130000114440918,6.960000038146973,7.119999885559082,143600,0.0,0.0
2003-09-22 00:00:00-04:00,7.019999980926514,7.110000133514404,7.0,7.090000152587891,131400,0.0,0.0
2003-09-23 00:00:00-04:00,7.070000171661377,7.190000057220459,7.03000020980835,7.150000095367432,135700,0.0,0.0
2003-09-24 00:00:00-04:00,7.079999923706055,7.400000095367432,6.71999979019165,6.800000190734863,232200,0.0,0.0
2003-09-25 00:00:00-04:00,6.75,6.96999979019165,6.519999980926514,6.550000190734863,151900,0.0,0.0
2003-09-26 00:00:00-04:00,6.300000190734863,6.400000095367432,6.119999885559082,6.130000114440918,251400,0.0,0.0
2003-09-29 00:00:00-04:00,6.110000133514404,6.400000095367432,6.110000133514404,6.230000019073486,97200,0.0,0.0
2003-09-30 00:00:00-04:00,6.28000020980835,6.369999885559082,6.039999961853027,6.159999847412109,278500,0.0,0.0
2003-10-01 00:00:00-04:00,6.210000038146973,6.340000152587891,6.099999904632568,6.21999979019165,122900,0.0,0.0
2003-10-02 00:00:00-04:00,6.150000095367432,6.420000076293945,6.150000095367432,6.409999847412109,81100,0.0,0.0
2003-10-03 00:00:00-04:00,6.409999847412109,6.489999771118164,6.349999904632568,6.420000076293945,80300,0.0,0.0
2003-10-06 00:00:00-04:00,6.369999885559082,6.449999809265137,6.159999847412109,6.25,112000,0.0,0.0
2003-10-07 00:00:00-04:00,6.199999809265137,6.420000076293945,6.199999809265137,6.340000152587891,90100,0.0,0.0
2003-10-08 00:00:00-04:00,6.28000020980835,6.340000152587891,5.880000114440918,5.949999809265137,201400,0.0,0.0
2003-10-09 00:00:00-04:00,5.980000019073486,6.0,5.760000228881836,5.860000133514404,218800,0.0,0.0
2003-10-10 00:00:00-04:00,5.920000076293945,5.980000019073486,5.809999942779541,5.909999847412109,100300,0.0,0.0
2003-10-13 00:00:00-04:00,5.949999809265137,6.230000019073486,5.920000076293945,6.21999979019165,116200,0.0,0.0
2003-10-14 00:00:00-04:00,6.199999809265137,6.340000152587891,6.110000133514404,6.21999979019165,77300,0.0,0.0
2003-10-15 00:00:00-04:00,6.300000190734863,6.320000171661377,5.980000019073486,6.25,51300,0.0,0.0
2003-10-16 00:00:00-04:00,6.25,6.289999961853027,6.099999904632568,6.110000133514404,73500,0.0,0.0
2003-10-17 00:00:00-04:00,6.179999828338623,6.25,5.929999828338623,5.980000019073486,54500,0.0,0.0
2003-10-20 00:00:00-04:00,5.880000114440918,6.0,5.760000228881836,6.0,68300,0.0,0.0
2003-10-21 00:00:00-04:00,5.949999809265137,5.960000038146973,5.75,5.889999866485596,129000,0.0,0.0
2003-10-22 00:00:00-04:00,5.849999904632568,5.929999828338623,5.699999809265137,5.730000019073486,78800,0.0,0.0
2003-10-23 00:00:00-04:00,5.650000095367432,5.659999847412109,5.260000228881836,5.480000019073486,198100,0.0,0.0
2003-10-24 00:00:00-04:00,5.449999809265137,5.480000019073486,5.260000228881836,5.320000171661377,109700,0.0,0.0
2003-10-27 00:00:00-05:00,5.349999904632568,5.690000057220459,5.349999904632568,5.650000095367432,101800,0.0,0.0
2003-10-28 00:00:00-05:00,5.75,6.0,5.75,6.0,142800,0.0,0.0
2003-10-29 00:00:00-05:00,6.0,6.300000190734863,5.800000190734863,6.190000057220459,149000,0.0,0.0
2003-10-30 00:00:00-05:00,6.239999771118164,6.349999904632568,6.050000190734863,6.090000152587891,124800,0.0,0.0
2003-10-31 00:00:00-05:00,6.159999847412109,6.25,6.079999923706055,6.110000133514404,108200,0.0,0.0
2003-11-03 00:00:00-05:00,6.199999809265137,6.599999904632568,6.199999809265137,6.380000114440918,251400,0.0,0.0
2003-11-04 00:00:00-05:00,6.380000114440918,6.380000114440918,5.829999923706055,6.150000095367432,202900,0.0,0.0
2003-11-05 00:00:00-05:00,5.900000095367432,5.96999979019165,5.650000095367432,5.800000190734863,391600,0.0,0.0
2003-11-06 00:00:00-05:00,5.800000190734863,6.199999809265137,5.75,6.179999828338623,281200,0.0,0.0
2003-11-07 00:00:00-05:00,6.25,6.349999904632568,6.050000190734863,6.130000114440918,174000,0.0,0.0
2003-11-10 00:00:00-05:00,6.139999866485596,6.139999866485596,5.760000228881836,5.869999885559082,219000,0.0,0.0
2003-11-11 00:00:00-05:00,5.920000076293945,6.039999961853027,5.690000057220459,5.75,95300,0.0,0.0
2003-11-12 00:00:00-05:00,5.800000190734863,5.929999828338623,5.769999980926514,5.889999866485596,81200,0.0,0.0
2003-11-13 00:00:00-05:00,5.940000057220459,6.110000133514404,5.889999866485596,5.929999828338623,96300,0.0,0.0
2003-11-14 00:00:00-05:00,5.699999809265137,6.099999904632568,5.650000095367432,5.659999847412109,129100,0.0,0.0
2003-11-17 00:00:00-05:00,5.75,5.900000095367432,5.510000228881836,5.599999904632568,154200,0.0,0.0
2003-11-18 00:00:00-05:00,5.650000095367432,5.789999961853027,5.349999904632568,5.5,122800,0.0,0.0
2003-11-19 00:00:00-05:00,5.5,5.679999828338623,5.5,5.570000171661377,71700,0.0,0.0
2003-11-20 00:00:00-05:00,5.559999942779541,5.699999809265137,5.46999979019165,5.53000020980835,131700,0.0,0.0
2003-11-21 00:00:00-05:00,5.579999923706055,5.579999923706055,5.400000095367432,5.400000095367432,92500,0.0,0.0
2003-11-24 00:00:00-05:00,5.369999885559082,5.579999923706055,5.369999885559082,5.510000228881836,134300,0.0,0.0
2003-11-25 00:00:00-05:00,5.519999980926514,5.539999961853027,5.320000171661377,5.440000057220459,118800,0.0,0.0
2003-11-26 00:00:00-05:00,5.46999979019165,5.480000019073486,5.25,5.420000076293945,126500,0.0,0.0
2003-11-28 00:00:00-05:00,5.349999904632568,5.440000057220459,5.300000190734863,5.360000133514404,89500,0.0,0.0
2003-12-01 00:00:00-05:00,5.420000076293945,5.53000020980835,5.360000133514404,5.510000228881836,209200,0.0,0.0
2003-12-02 00:00:00-05:00,5.599999904632568,5.670000076293945,5.550000190734863,5.590000152587891,155800,0.0,0.0
2003-12-03 00:00:00-05:00,5.570000171661377,5.650000095367432,5.409999847412109,5.440000057220459,112500,0.0,0.0
2003-12-04 00:00:00-05:00,5.460000038146973,5.480000019073486,5.269999980926514,5.28000020980835,175100,0.0,0.0
2003-12-05 00:00:00-05:00,5.25,5.260000228881836,5.0,5.119999885559082,337000,0.0,0.0
2003-12-08 00:00:00-05:00,5.119999885559082,5.25,5.110000133514404,5.150000095367432,149400,0.0,0.0
2003-12-09 00:00:00-05:00,5.25,5.25,5.099999904632568,5.130000114440918,119800,0.0,0.0
2003-12-10 00:00:00-05:00,5.119999885559082,5.21999979019165,5.119999885559082,5.119999885559082,168700,0.0,0.0
2003-12-11 00:00:00-05:00,5.119999885559082,5.489999771118164,5.119999885559082,5.449999809265137,205000,0.0,0.0
2003-12-12 00:00:00-05:00,5.550000190734863,5.659999847412109,5.46999979019165,5.599999904632568,117300,0.0,0.0
2003-12-15 00:00:00-05:00,5.800000190734863,5.96999979019165,5.539999961853027,5.539999961853027,191700,0.0,0.0
2003-12-16 00:00:00-05:00,5.539999961853027,5.769999980926514,5.539999961853027,5.650000095367432,136100,0.0,0.0
2003-12-17 00:00:00-05:00,5.75,5.829999923706055,5.659999847412109,5.710000038146973,92600,0.0,0.0
2003-12-18 00:00:00-05:00,5.630000114440918,5.699999809265137,5.360000133514404,5.519999980926514,224700,0.0,0.0
2003-12-19 00:00:00-05:00,5.53000020980835,5.679999828338623,5.46999979019165,5.650000095367432,152200,0.0,0.0
2003-12-22 00:00:00-05:00,5.550000190734863,5.800000190734863,5.480000019073486,5.71999979019165,167400,0.0,0.0
2003-12-23 00:00:00-05:00,5.71999979019165,5.96999979019165,5.71999979019165,5.96999979019165,204100,0.0,0.0
2003-12-24 00:00:00-05:00,5.869999885559082,5.889999866485596,5.53000020980835,5.849999904632568,112400,0.0,0.0
2003-12-26 00:00:00-05:00,5.849999904632568,5.889999866485596,5.760000228881836,5.880000114440918,59600,0.0,0.0
2003-12-29 00:00:00-05:00,5.869999885559082,5.900000095367432,5.599999904632568,5.900000095367432,185800,0.0,0.0
2003-12-30 00:00:00-05:00,5.849999904632568,5.880000114440918,5.710000038146973,5.840000152587891,122000,0.0,0.0
2003-12-31 00:00:00-05:00,5.760000228881836,5.820000171661377,5.659999847412109,5.78000020980835,172400,0.0,0.0
2004-01-02 00:00:00-05:00,5.849999904632568,5.900000095367432,5.71999979019165,5.789999961853027,79000,0.0,0.0
2004-01-05 00:00:00-05:00,5.849999904632568,5.860000133514404,5.659999847412109,5.829999923706055,83700,0.0,0.0
2004-01-06 00:00:00-05:00,5.809999942779541,5.849999904632568,5.679999828338623,5.730000019073486,81900,0.0,0.0
2004-01-07 00:00:00-05:00,5.800000190734863,7.150000095367432,5.800000190734863,7.0,1377000,0.0,0.0
2004-01-08 00:00:00-05:00,7.019999980926514,7.25,6.099999904632568,6.900000095367432,807600,0.0,0.0
2004-01-09 00:00:00-05:00,6.96999979019165,7.070000171661377,6.650000095367432,7.059999942779541,248600,0.0,0.0
2004-01-12 00:00:00-05:00,7.070000171661377,8.25,7.070000171661377,7.380000114440918,1103400,0.0,0.0
2004-01-13 00:00:00-05:00,7.449999809265137,7.579999923706055,7.210000038146973,7.460000038146973,241200,0.0,0.0
2004-01-14 00:00:00-05:00,7.5,7.829999923706055,7.5,7.829999923706055,203100,0.0,0.0
2004-01-15 00:00:00-05:00,7.75,7.78000020980835,7.420000076293945,7.730000019073486,138700,0.0,0.0
2004-01-16 00:00:00-05:00,7.760000228881836,7.989999771118164,7.599999904632568,7.989999771118164,196800,0.0,0.0
2004-01-20 00:00:00-05:00,8.050000190734863,8.199999809265137,7.900000095367432,8.039999961853027,223300,0.0,0.0
2004-01-21 00:00:00-05:00,8.100000381469727,8.100000381469727,7.840000152587891,8.0,163000,0.0,0.0
2004-01-22 00:00:00-05:00,8.079999923706055,8.229999542236328,8.0,8.1899995803833,233100,0.0,0.0
2004-01-23 00:00:00-05:00,8.239999771118164,8.239999771118164,7.75,8.100000381469727,244800,0.0,0.0
2004-01-26 00:00:00-05:00,7.980000019073486,7.980000019073486,7.349999904632568,7.420000076293945,832000,0.0,0.0
2004-01-27 00:00:00-05:00,7.429999828338623,7.429999828338623,7.050000190734863,7.070000171661377,634700,0.0,0.0
2004-01-28 00:00:00-05:00,7.070000171661377,7.349999904632568,7.059999942779541,7.099999904632568,291200,0.0,0.0
2004-01-29 00:00:00-05:00,7.150000095367432,7.25,6.900000095367432,6.920000076293945,218000,0.0,0.0
2004-01-30 00:00:00-05:00,6.900000095367432,7.119999885559082,6.849999904632568,7.059999942779541,174700,0.0,0.0
2004-02-02 00:00:00-05:00,7.059999942779541,7.070000171661377,6.849999904632568,7.019999980926514,171300,0.0,0.0
2004-02-03 00:00:00-05:00,7.0,7.039999961853027,6.949999809265137,6.980000019073486,125900,0.0,0.0
2004-02-04 00:00:00-05:00,6.980000019073486,6.989999771118164,6.699999809265137,6.699999809265137,114600,0.0,0.0
2004-02-05 00:00:00-05:00,6.699999809265137,6.800000190734863,6.5,6.559999942779541,167700,0.0,0.0
2004-02-06 00:00:00-05:00,6.519999980926514,6.96999979019165,6.519999980926514,6.96999979019165,213300,0.0,0.0
2004-02-09 00:00:00-05:00,6.889999866485596,7.190000057220459,6.889999866485596,7.110000133514404,303900,0.0,0.0
2004-02-10 00:00:00-05:00,7.079999923706055,7.079999923706055,6.849999904632568,6.989999771118164,110200,0.0,0.0
2004-02-11 00:00:00-05:00,7.0,7.260000228881836,6.730000019073486,7.119999885559082,262100,0.0,0.0
2004-02-12 00:00:00-05:00,7.099999904632568,7.159999847412109,6.909999847412109,6.980000019073486,115000,0.0,0.0
2004-02-13 00:00:00-05:00,7.050000190734863,7.090000152587891,6.579999923706055,6.579999923706055,165300,0.0,0.0
2004-02-17 00:00:00-05:00,6.599999904632568,6.849999904632568,6.599999904632568,6.820000171661377,173000,0.0,0.0
2004-02-18 00:00:00-05:00,6.920000076293945,7.059999942779541,6.900000095367432,6.900000095367432,227000,0.0,0.0
2004-02-19 00:00:00-05:00,6.96999979019165,7.050000190734863,6.849999904632568,6.849999904632568,244300,0.0,0.0
2004-02-20 00:00:00-05:00,6.900000095367432,6.949999809265137,6.75,6.869999885559082,112100,0.0,0.0
2004-02-23 00:00:00-05:00,6.980000019073486,6.980000019073486,6.710000038146973,6.71999979019165,125800,0.0,0.0
2004-02-24 00:00:00-05:00,6.679999828338623,6.690000057220459,6.5,6.510000228881836,178700,0.0,0.0
2004-02-25 00:00:00-05:00,6.550000190734863,6.789999961853027,6.239999771118164,6.789999961853027,257300,0.0,0.0
2004-02-26 00:00:00-05:00,6.75,6.820000171661377,6.349999904632568,6.690000057220459,301400,0.0,0.0
2004-02-27 00:00:00-05:00,6.670000076293945,6.670000076293945,6.349999904632568,6.400000095367432,219300,0.0,0.0
2004-03-01 00:00:00-05:00,6.349999904632568,6.400000095367432,6.210000038146973,6.300000190734863,154600,0.0,0.0
2004-03-02 00:00:00-05:00,6.199999809265137,6.400000095367432,6.199999809265137,6.25,242900,0.0,0.0
2004-03-03 00:00:00-05:00,6.300000190734863,6.340000152587891,6.170000076293945,6.179999828338623,159200,0.0,0.0
2004-03-04 00:00:00-05:00,6.150000095367432,6.449999809265137,6.150000095367432,6.309999942779541,216700,0.0,0.0
2004-03-05 00:00:00-05:00,6.349999904632568,6.539999961853027,6.130000114440918,6.409999847412109,227200,0.0,0.0
2004-03-08 00:00:00-05:00,6.409999847412109,6.510000228881836,6.25,6.309999942779541,142600,0.0,0.0
2004-03-09 00:00:00-05:00,6.269999980926514,6.349999904632568,6.070000171661377,6.079999923706055,156700,0.0,0.0
2004-03-10 00:00:00-05:00,6.099999904632568,6.260000228881836,5.800000190734863,5.800000190734863,228300,0.0,0.0
2004-03-11 00:00:00-05:00,5.800000190734863,5.980000019073486,5.710000038146973,5.71999979019165,195300,0.0,0.0
2004-03-12 00:00:00-05:00,5.800000190734863,5.880000114440918,5.699999809265137,5.78000020980835,98000,0.0,0.0
2004-03-15 00:00:00-05:00,5.730000019073486,5.809999942779541,5.53000020980835,5.619999885559082,191800,0.0,0.0
2004-03-16 00:00:00-05:00,5.619999885559082,5.75,5.5,5.519999980926514,214200,0.0,0.0
2004-03-17 00:00:00-05:00,5.510000228881836,5.730000019073486,5.510000228881836,5.639999866485596,128400,0.0,0.0
2004-03-18 00:00:00-05:00,5.690000057220459,5.690000057220459,5.480000019073486,5.5,204800,0.0,0.0
2004-03-19 00:00:00-05:00,5.599999904632568,5.880000114440918,5.5,5.760000228881836,246600,0.0,0.0
2004-03-22 00:00:00-05:00,5.659999847412109,5.769999980926514,5.519999980926514,5.599999904632568,176300,0.0,0.0
2004-03-23 00:00:00-05:00,5.699999809265137,5.730000019073486,5.519999980926514,5.53000020980835,72600,0.0,0.0
2004-03-24 00:00:00-05:00,5.550000190734863,5.75,5.550000190734863,5.699999809265137,109500,0.0,0.0
2004-03-25 00:00:00-05:00,5.710000038146973,5.849999904632568,5.699999809265137,5.829999923706055,156200,0.0,0.0
2004-03-26 00:00:00-05:00,5.980000019073486,5.989999771118164,5.809999942779541,5.980000019073486,158500,0.0,0.0
2004-03-29 00:00:00-05:00,6.0,6.099999904632568,5.920000076293945,6.010000228881836,116300,0.0,0.0
2004-03-30 00:00:00-05:00,5.96999979019165,6.099999904632568,5.880000114440918,6.090000152587891,123600,0.0,0.0
2004-03-31 00:00:00-05:00,6.039999961853027,6.119999885559082,5.920000076293945,5.949999809265137,151700,0.0,0.0
2004-04-01 00:00:00-05:00,5.960000038146973,6.099999904632568,5.909999847412109,5.980000019073486,84300,0.0,0.0
2004-04-02 00:00:00-05:00,6.050000190734863,6.079999923706055,5.920000076293945,6.0,90200,0.0,0.0
2004-04-05 00:00:00-04:00,6.03000020980835,6.269999980926514,6.03000020980835,6.25,225600,0.0,0.0
2004-04-06 00:00:00-04:00,6.150000095367432,6.239999771118164,6.039999961853027,6.039999961853027,97400,0.0,0.0
2004-04-07 00:00:00-04:00,6.03000020980835,6.119999885559082,5.960000038146973,6.019999980926514,107900,0.0,0.0
2004-04-08 00:00:00-04:00,6.03000020980835,6.119999885559082,5.909999847412109,6.079999923706055,130800,0.0,0.0
2004-04-12 00:00:00-04:00,6.090000152587891,6.239999771118164,5.960000038146973,6.159999847412109,144900,0.0,0.0
2004-04-13 00:00:00-04:00,6.130000114440918,6.139999866485596,5.809999942779541,5.900000095367432,214000,0.0,0.0
2004-04-14 00:00:00-04:00,5.820000171661377,6.0,5.820000171661377,5.849999904632568,82800,0.0,0.0
2004-04-15 00:00:00-04:00,5.900000095367432,5.960000038146973,5.679999828338623,5.78000020980835,112000,0.0,0.0
2004-04-16 00:00:00-04:00,5.809999942779541,5.96999979019165,5.619999885559082,5.75,117400,0.0,0.0
2004-04-19 00:00:00-04:00,5.75,6.190000057220459,5.619999885559082,6.159999847412109,171200,0.0,0.0
2004-04-20 00:00:00-04:00,6.260000228881836,6.389999866485596,5.789999961853027,5.809999942779541,153100,0.0,0.0
2004-04-21 00:00:00-04:00,5.880000114440918,6.019999980926514,5.769999980926514,6.010000228881836,92700,0.0,0.0
2004-04-22 00:00:00-04:00,6.159999847412109,6.400000095367432,6.019999980926514,6.239999771118164,372500,0.0,0.0
2004-04-23 00:00:00-04:00,6.239999771118164,6.300000190734863,6.039999961853027,6.130000114440918,103700,0.0,0.0
2004-04-26 00:00:00-04:00,6.090000152587891,6.300000190734863,6.039999961853027,6.050000190734863,101300,0.0,0.0
2004-04-27 00:00:00-04:00,6.050000190734863,6.300000190734863,5.989999771118164,6.150000095367432,202500,0.0,0.0
2004-04-28 00:00:00-04:00,6.050000190734863,6.139999866485596,5.900000095367432,5.929999828338623,168900,0.0,0.0
2004-04-29 00:00:00-04:00,5.989999771118164,6.099999904632568,5.809999942779541,5.940000057220459,175500,0.0,0.0
2004-04-30 00:00:00-04:00,6.039999961853027,6.039999961853027,5.690000057220459,5.71999979019165,164800,0.0,0.0
2004-05-03 00:00:00-04:00,5.820000171661377,5.929999828338623,5.550000190734863,5.550000190734863,245200,0.0,0.0
2004-05-04 00:00:00-04:00,5.670000076293945,5.690000057220459,5.369999885559082,5.659999847412109,172100,0.0,0.0
2004-05-05 00:00:00-04:00,5.710000038146973,5.769999980926514,5.599999904632568,5.699999809265137,87400,0.0,0.0
2004-05-06 00:00:00-04:00,5.659999847412109,5.730000019073486,5.550000190734863,5.659999847412109,125200,0.0,0.0
2004-05-07 00:00:00-04:00,5.659999847412109,5.78000020980835,5.519999980926514,5.570000171661377,130500,0.0,0.0
2004-05-10 00:00:00-04:00,5.550000190734863,5.619999885559082,5.409999847412109,5.409999847412109,175300,0.0,0.0
2004-05-11 00:00:00-04:00,5.5,5.78000020980835,5.320000171661377,5.329999923706055,304500,0.0,0.0
2004-05-12 00:00:00-04:00,5.409999847412109,5.409999847412109,4.980000019073486,5.28000020980835,254400,0.0,0.0
2004-05-13 00:00:00-04:00,5.320000171661377,5.400000095367432,5.150000095367432,5.260000228881836,214100,0.0,0.0
2004-05-14 00:00:00-04:00,5.260000228881836,5.260000228881836,4.840000152587891,4.840000152587891,290200,0.0,0.0
2004-05-17 00:00:00-04:00,4.5,5.21999979019165,4.429999828338623,5.050000190734863,538400,0.0,0.0
2004-05-18 00:00:00-04:00,5.0,5.239999771118164,4.75,4.909999847412109,187500,0.0,0.0
2004-05-19 00:00:00-04:00,4.989999771118164,5.130000114440918,4.630000114440918,4.659999847412109,128000,0.0,0.0
2004-05-20 00:00:00-04:00,4.699999809265137,5.059999942779541,4.659999847412109,4.760000228881836,200600,0.0,0.0
2004-05-21 00:00:00-04:00,4.860000133514404,5.090000152587891,4.75,4.949999809265137,218300,0.0,0.0
2004-05-24 00:00:00-04:00,4.849999904632568,5.039999961853027,4.849999904632568,5.010000228881836,137600,0.0,0.0
2004-05-25 00:00:00-04:00,4.869999885559082,5.320000171661377,4.869999885559082,5.309999942779541,197100,0.0,0.0
2004-05-26 00:00:00-04:00,5.409999847412109,5.570000171661377,5.380000114440918,5.449999809265137,208100,0.0,0.0
2004-05-27 00:00:00-04:00,5.449999809265137,5.619999885559082,5.429999828338623,5.449999809265137,160200,0.0,0.0
2004-05-28 00:00:00-04:00,5.050000190734863,5.199999809265137,5.050000190734863,5.099999904632568,237600,0.0,0.0
2004-06-01 00:00:00-04:00,5.199999809265137,5.369999885559082,5.139999866485596,5.150000095367432,174000,0.0,0.0
2004-06-02 00:00:00-04:00,5.159999847412109,5.329999923706055,5.070000171661377,5.289999961853027,140900,0.0,0.0
2004-06-03 00:00:00-04:00,5.349999904632568,5.369999885559082,5.150000095367432,5.159999847412109,115300,0.0,0.0
2004-06-04 00:00:00-04:00,5.25,5.320000171661377,5.199999809265137,5.300000190734863,89800,0.0,0.0
2004-06-07 00:00:00-04:00,5.449999809265137,5.489999771118164,5.159999847412109,5.269999980926514,128900,0.0,0.0
2004-06-08 00:00:00-04:00,5.230000019073486,5.349999904632568,5.179999828338623,5.25,72500,0.0,0.0
2004-06-09 00:00:00-04:00,5.300000190734863,5.300000190734863,5.130000114440918,5.139999866485596,99800,0.0,0.0
2004-06-10 00:00:00-04:00,5.099999904632568,5.150000095367432,4.989999771118164,5.010000228881836,182600,0.0,0.0
2004-06-14 00:00:00-04:00,5.0,5.099999904632568,4.800000190734863,4.829999923706055,173500,0.0,0.0
2004-06-15 00:00:00-04:00,4.949999809265137,5.190000057220459,4.860000133514404,5.090000152587891,431800,0.0,0.0
2004-06-16 00:00:00-04:00,5.199999809265137,5.360000133514404,5.150000095367432,5.309999942779541,212400,0.0,0.0
2004-06-17 00:00:00-04:00,5.309999942779541,5.400000095367432,5.170000076293945,5.320000171661377,168200,0.0,0.0
2004-06-18 00:00:00-04:00,5.349999904632568,5.349999904632568,5.260000228881836,5.349999904632568,138400,0.0,0.0
2004-06-21 00:00:00-04:00,5.300000190734863,5.369999885559082,5.230000019073486,5.289999961853027,117800,0.0,0.0
2004-06-22 00:00:00-04:00,5.289999961853027,5.340000152587891,5.25,5.289999961853027,80200,0.0,0.0
2004-06-23 00:00:00-04:00,5.289999961853027,5.349999904632568,5.199999809265137,5.320000171661377,92100,0.0,0.0
2004-06-24 00:00:00-04:00,5.21999979019165,5.329999923706055,5.099999904632568,5.179999828338623,162200,0.0,0.0
2004-06-25 00:00:00-04:00,5.190000057220459,5.400000095367432,4.949999809265137,5.079999923706055,811200,0.0,0.0
2004-06-28 00:00:00-04:00,5.099999904632568,5.289999961853027,5.099999904632568,5.28000020980835,210700,0.0,0.0
2004-06-29 00:00:00-04:00,5.329999923706055,5.360000133514404,5.199999809265137,5.360000133514404,131900,0.0,0.0
2004-06-30 00:00:00-04:00,5.300000190734863,5.340000152587891,5.21999979019165,5.269999980926514,131400,0.0,0.0
2004-07-01 00:00:00-04:00,5.300000190734863,5.389999866485596,5.239999771118164,5.28000020980835,152600,0.0,0.0
2004-07-02 00:00:00-04:00,5.349999904632568,5.559999942779541,5.289999961853027,5.360000133514404,170400,0.0,0.0
2004-07-06 00:00:00-04:00,5.329999923706055,5.349999904632568,5.210000038146973,5.320000171661377,159800,0.0,0.0
2004-07-07 00:00:00-04:00,5.21999979019165,5.460000038146973,5.21999979019165,5.429999828338623,97400,0.0,0.0
2004-07-08 00:00:00-04:00,5.400000095367432,5.409999847412109,5.21999979019165,5.260000228881836,115800,0.0,0.0
2004-07-09 00:00:00-04:00,5.230000019073486,5.449999809265137,5.170000076293945,5.340000152587891,247900,0.0,0.0
2004-07-12 00:00:00-04:00,5.380000114440918,5.389999866485596,5.199999809265137,5.329999923706055,101000,0.0,0.0
2004-07-13 00:00:00-04:00,5.329999923706055,5.400000095367432,5.25,5.360000133514404,109400,0.0,0.0
2004-07-14 00:00:00-04:00,5.300000190734863,5.360000133514404,5.199999809265137,5.199999809265137,125700,0.0,0.0
2004-07-15 00:00:00-04:00,5.150000095367432,5.260000228881836,5.130000114440918,5.199999809265137,76000,0.0,0.0
2004-07-16 00:00:00-04:00,5.21999979019165,5.239999771118164,4.949999809265137,5.119999885559082,155300,0.0,0.0
2004-07-19 00:00:00-04:00,5.110000133514404,5.159999847412109,4.96999979019165,5.039999961853027,66900,0.0,0.0
2004-07-20 00:00:00-04:00,5.070000171661377,5.070000171661377,4.800000190734863,5.019999980926514,121800,0.0,0.0
2004-07-21 00:00:00-04:00,5.0,5.110000133514404,4.900000095367432,4.920000076293945,50700,0.0,0.0
2004-07-22 00:00:00-04:00,4.949999809265137,5.050000190734863,4.579999923706055,4.789999961853027,122200,0.0,0.0
2004-07-23 00:00:00-04:00,4.789999961853027,4.789999961853027,4.429999828338623,4.639999866485596,106900,0.0,0.0
2004-07-26 00:00:00-04:00,4.599999904632568,4.699999809265137,4.5,4.579999923706055,50400,0.0,0.0
2004-07-27 00:00:00-04:00,4.510000228881836,4.71999979019165,4.510000228881836,4.699999809265137,69700,0.0,0.0
2004-07-28 00:00:00-04:00,4.670000076293945,4.75,4.559999942779541,4.630000114440918,41200,0.0,0.0
2004-07-29 00:00:00-04:00,4.630000114440918,4.75,4.550000190734863,4.679999828338623,57200,0.0,0.0
2004-07-30 00:00:00-04:00,4.650000095367432,4.800000190734863,4.590000152587891,4.800000190734863,72000,0.0,0.0
2004-08-02 00:00:00-04:00,4.800000190734863,5.269999980926514,4.599999904632568,5.179999828338623,126700,0.0,0.0
2004-08-03 00:00:00-04:00,5.179999828338623,5.199999809265137,4.940000057220459,4.989999771118164,112500,0.0,0.0
2004-08-04 00:00:00-04:00,4.989999771118164,5.179999828338623,4.989999771118164,5.099999904632568,49200,0.0,0.0
2004-08-05 00:00:00-04:00,5.139999866485596,5.550000190734863,4.949999809265137,5.550000190734863,211600,0.0,0.0
2004-08-06 00:00:00-04:00,5.590000152587891,5.590000152587891,5.119999885559082,5.239999771118164,159000,0.0,0.0
2004-08-09 00:00:00-04:00,5.199999809265137,5.329999923706055,5.150000095367432,5.320000171661377,84800,0.0,0.0
2004-08-10 00:00:00-04:00,5.320000171661377,5.320000171661377,5.150000095367432,5.269999980926514,53800,0.0,0.0
2004-08-11 00:00:00-04:00,5.28000020980835,5.400000095367432,5.199999809265137,5.360000133514404,106400,0.0,0.0
2004-08-12 00:00:00-04:00,5.400000095367432,5.46999979019165,5.21999979019165,5.21999979019165,141300,0.0,0.0
2004-08-13 00:00:00-04:00,5.170000076293945,5.340000152587891,5.170000076293945,5.320000171661377,114200,0.0,0.0
2004-08-16 00:00:00-04:00,5.21999979019165,5.329999923706055,4.989999771118164,5.150000095367432,102600,0.0,0.0
2004-08-17 00:00:00-04:00,5.079999923706055,5.139999866485596,5.0,5.099999904632568,77700,0.0,0.0
2004-08-18 00:00:00-04:00,5.139999866485596,5.170000076293945,4.989999771118164,5.03000020980835,151800,0.0,0.0
2004-08-19 00:00:00-04:00,5.019999980926514,5.5,5.019999980926514,5.300000190734863,104700,0.0,0.0
2004-08-20 00:00:00-04:00,5.340000152587891,5.510000228881836,5.340000152587891,5.510000228881836,59100,0.0,0.0
2004-08-23 00:00:00-04:00,5.449999809265137,5.519999980926514,5.369999885559082,5.400000095367432,81800,0.0,0.0
2004-08-24 00:00:00-04:00,5.349999904632568,5.5,5.289999961853027,5.489999771118164,45700,0.0,0.0
2004-08-25 00:00:00-04:00,5.449999809265137,5.5,5.400000095367432,5.429999828338623,51600,0.0,0.0
2004-08-26 00:00:00-04:00,5.489999771118164,5.489999771118164,5.25,5.360000133514404,60600,0.0,0.0
2004-08-27 00:00:00-04:00,5.429999828338623,5.539999961853027,5.400000095367432,5.539999961853027,74100,0.0,0.0
2004-08-30 00:00:00-04:00,5.5,6.300000190734863,5.46999979019165,6.300000190734863,428200,0.0,0.0
2004-08-31 00:00:00-04:00,6.199999809265137,6.329999923706055,6.03000020980835,6.190000057220459,234900,0.0,0.0
2004-09-01 00:00:00-04:00,6.090000152587891,6.21999979019165,5.900000095367432,6.0,138000,0.0,0.0
2004-09-02 00:00:00-04:00,5.949999809265137,6.260000228881836,5.949999809265137,6.25,97900,0.0,0.0
2004-09-03 00:00:00-04:00,6.429999828338623,6.440000057220459,6.21999979019165,6.25,116100,0.0,0.0
2004-09-07 00:00:00-04:00,6.400000095367432,6.510000228881836,6.099999904632568,6.21999979019165,97500,0.0,0.0
2004-09-08 00:00:00-04:00,6.239999771118164,6.440000057220459,6.150000095367432,6.300000190734863,173200,0.0,0.0
2004-09-09 00:00:00-04:00,6.349999904632568,6.409999847412109,6.050000190734863,6.409999847412109,132400,0.0,0.0
2004-09-10 00:00:00-04:00,6.400000095367432,6.699999809265137,6.329999923706055,6.400000095367432,121200,0.0,0.0
2004-09-13 00:00:00-04:00,6.400000095367432,6.690000057220459,6.369999885559082,6.610000133514404,103100,0.0,0.0
2004-09-14 00:00:00-04:00,6.639999866485596,6.860000133514404,6.550000190734863,6.800000190734863,125400,0.0,0.0
2004-09-15 00:00:00-04:00,6.889999866485596,7.090000152587891,6.809999942779541,6.849999904632568,183200,0.0,0.0
2004-09-16 00:00:00-04:00,6.900000095367432,7.429999828338623,6.900000095367432,7.070000171661377,413800,0.0,0.0
2004-09-17 00:00:00-04:00,7.099999904632568,7.369999885559082,7.099999904632568,7.199999809265137,142600,0.0,0.0
2004-09-20 00:00:00-04:00,7.300000190734863,7.349999904632568,7.25,7.260000228881836,86100,0.0,0.0
2004-09-21 00:00:00-04:00,7.199999809265137,7.289999961853027,7.050000190734863,7.25,145000,0.0,0.0
2004-09-22 00:00:00-04:00,7.199999809265137,7.239999771118164,6.760000228881836,6.940000057220459,231500,0.0,0.0
2004-09-23 00:00:00-04:00,6.980000019073486,7.139999866485596,6.96999979019165,7.130000114440918,164500,0.0,0.0
2004-09-24 00:00:00-04:00,7.099999904632568,7.199999809265137,7.019999980926514,7.199999809265137,81000,0.0,0.0
2004-09-27 00:00:00-04:00,7.210000038146973,7.289999961853027,7.150000095367432,7.190000057220459,155700,0.0,0.0
2004-09-28 00:00:00-04:00,7.25,7.269999980926514,7.119999885559082,7.179999828338623,180000,0.0,0.0
2004-09-29 00:00:00-04:00,7.179999828338623,7.489999771118164,7.159999847412109,7.369999885559082,109200,0.0,0.0
2004-09-30 00:00:00-04:00,7.309999942779541,7.489999771118164,7.150000095367432,7.260000228881836,304800,0.0,0.0
2004-10-01 00:00:00-04:00,7.389999866485596,7.579999923706055,7.340000152587891,7.480000019073486,170300,0.0,0.0
2004-10-04 00:00:00-04:00,7.480000019073486,7.96999979019165,7.349999904632568,7.829999923706055,229300,0.0,0.0
2004-10-05 00:00:00-04:00,7.900000095367432,8.210000038146973,7.809999942779541,7.920000076293945,238000,0.0,0.0
2004-10-06 00:00:00-04:00,7.989999771118164,8.25,7.920000076293945,8.199999809265137,257200,0.0,0.0
2004-10-07 00:00:00-04:00,8.449999809265137,8.5,7.860000133514404,7.909999847412109,230500,0.0,0.0
2004-10-08 00:00:00-04:00,7.949999809265137,8.100000381469727,7.510000228881836,7.639999866485596,133500,0.0,0.0
2004-10-11 00:00:00-04:00,8.390000343322754,8.390000343322754,7.849999904632568,7.849999904632568,270000,0.0,0.0
2004-10-12 00:00:00-04:00,7.860000133514404,7.909999847412109,7.650000095367432,7.650000095367432,145000,0.0,0.0
2004-10-13 00:00:00-04:00,7.889999866485596,7.889999866485596,7.389999866485596,7.429999828338623,171600,0.0,0.0
2004-10-14 00:00:00-04:00,7.389999866485596,7.489999771118164,7.099999904632568,7.119999885559082,125900,0.0,0.0
2004-10-15 00:00:00-04:00,7.190000057220459,7.550000190734863,7.039999961853027,7.289999961853027,196100,0.0,0.0
2004-10-18 00:00:00-04:00,7.190000057220459,7.699999809265137,7.170000076293945,7.480000019073486,188100,0.0,0.0
2004-10-19 00:00:00-04:00,7.579999923706055,7.949999809265137,7.579999923706055,7.659999847412109,170900,0.0,0.0
2004-10-20 00:00:00-04:00,7.75,7.800000190734863,7.550000190734863,7.570000171661377,100500,0.0,0.0
2004-10-21 00:00:00-04:00,7.519999980926514,7.699999809265137,7.300000190734863,7.489999771118164,105000,0.0,0.0
2004-10-22 00:00:00-04:00,7.5,7.5,7.210000038146973,7.230000019073486,82400,0.0,0.0
2004-10-25 00:00:00-04:00,7.239999771118164,7.28000020980835,7.059999942779541,7.059999942779541,119900,0.0,0.0
2004-10-26 00:00:00-04:00,7.079999923706055,7.239999771118164,6.949999809265137,7.079999923706055,134100,0.0,0.0
2004-10-27 00:00:00-04:00,7.019999980926514,7.159999847412109,6.949999809265137,7.010000228881836,157000,0.0,0.0
2004-10-28 00:00:00-04:00,7.0,7.070000171661377,6.699999809265137,6.900000095367432,163900,0.0,0.0
2004-10-29 00:00:00-04:00,6.800000190734863,7.0,6.800000190734863,6.889999866485596,46300,0.0,0.0
2004-11-01 00:00:00-05:00,6.659999847412109,6.849999904632568,6.570000171661377,6.809999942779541,106100,0.0,0.0
2004-11-02 00:00:00-05:00,6.809999942779541,7.079999923706055,6.809999942779541,6.909999847412109,94800,0.0,0.0
2004-11-03 00:00:00-05:00,6.929999828338623,7.139999866485596,6.730000019073486,6.96999979019165,120100,0.0,0.0
2004-11-04 00:00:00-05:00,6.800000190734863,6.880000114440918,5.710000038146973,6.039999961853027,845700,0.0,0.0
2004-11-05 00:00:00-05:00,6.0,6.179999828338623,5.679999828338623,5.789999961853027,362300,0.0,0.0
2004-11-08 00:00:00-05:00,5.78000020980835,5.829999923706055,5.699999809265137,5.789999961853027,194400,0.0,0.0
2004-11-09 00:00:00-05:00,5.829999923706055,6.050000190734863,5.800000190734863,5.949999809265137,210600,0.0,0.0
2004-11-10 00:00:00-05:00,5.960000038146973,6.019999980926514,5.869999885559082,5.949999809265137,109400,0.0,0.0
2004-11-11 00:00:00-05:00,5.929999828338623,6.449999809265137,5.889999866485596,6.25,177200,0.0,0.0
2004-11-12 00:00:00-05:00,6.349999904632568,6.630000114440918,6.349999904632568,6.519999980926514,189400,0.0,0.0
2004-11-15 00:00:00-05:00,6.699999809265137,6.789999961853027,6.400000095367432,6.460000038146973,156900,0.0,0.0
2004-11-16 00:00:00-05:00,6.630000114440918,6.630000114440918,6.46999979019165,6.53000020980835,120500,0.0,0.0
2004-11-17 00:00:00-05:00,6.630000114440918,6.789999961853027,6.579999923706055,6.78000020980835,98600,0.0,0.0
2004-11-18 00:00:00-05:00,6.789999961853027,6.960000038146973,6.519999980926514,6.599999904632568,167200,0.0,0.0
2004-11-19 00:00:00-05:00,6.75,6.75,6.360000133514404,6.440000057220459,95500,0.0,0.0
2004-11-22 00:00:00-05:00,6.349999904632568,6.659999847412109,6.130000114440918,6.320000171661377,241900,0.0,0.0
2004-11-23 00:00:00-05:00,6.269999980926514,6.539999961853027,6.269999980926514,6.400000095367432,99900,0.0,0.0
2004-11-24 00:00:00-05:00,6.5,6.800000190734863,6.429999828338623,6.599999904632568,127800,0.0,0.0
2004-11-26 00:00:00-05:00,6.699999809265137,6.869999885559082,6.699999809265137,6.829999923706055,56800,0.0,0.0
2004-11-29 00:00:00-05:00,6.929999828338623,6.980000019073486,6.820000171661377,6.929999828338623,133700,0.0,0.0
2004-11-30 00:00:00-05:00,6.940000057220459,7.170000076293945,6.800000190734863,7.119999885559082,211500,0.0,0.0
2004-12-01 00:00:00-05:00,7.190000057220459,7.340000152587891,7.110000133514404,7.150000095367432,292100,0.0,0.0
2004-12-02 00:00:00-05:00,7.150000095367432,7.21999979019165,7.139999866485596,7.159999847412109,153600,0.0,0.0
2004-12-03 00:00:00-05:00,7.230000019073486,7.349999904632568,7.139999866485596,7.340000152587891,177500,0.0,0.0
2004-12-06 00:00:00-05:00,7.400000095367432,7.400000095367432,7.150000095367432,7.21999979019165,89500,0.0,0.0
2004-12-07 00:00:00-05:00,7.179999828338623,7.449999809265137,7.150000095367432,7.150000095367432,122000,0.0,0.0
2004-12-08 00:00:00-05:00,7.150000095367432,7.199999809265137,7.150000095367432,7.170000076293945,112900,0.0,0.0
2004-12-09 00:00:00-05:00,7.170000076293945,7.239999771118164,7.150000095367432,7.21999979019165,75000,0.0,0.0
2004-12-10 00:00:00-05:00,7.170000076293945,7.21999979019165,7.150000095367432,7.179999828338623,72000,0.0,0.0
2004-12-13 00:00:00-05:00,7.159999847412109,7.289999961853027,7.150000095367432,7.28000020980835,101100,0.0,0.0
2004-12-14 00:00:00-05:00,7.369999885559082,7.800000190734863,7.369999885559082,7.610000133514404,320700,0.0,0.0
2004-12-15 00:00:00-05:00,7.699999809265137,7.699999809265137,7.380000114440918,7.449999809265137,128300,0.0,0.0
2004-12-16 00:00:00-05:00,7.489999771118164,7.590000152587891,7.380000114440918,7.400000095367432,81900,0.0,0.0
2004-12-17 00:00:00-05:00,7.46999979019165,7.670000076293945,7.400000095367432,7.409999847412109,288300,0.0,0.0
2004-12-20 00:00:00-05:00,7.199999809265137,7.300000190734863,7.099999904632568,7.199999809265137,250200,0.0,0.0
2004-12-21 00:00:00-05:00,7.199999809265137,7.289999961853027,7.090000152587891,7.130000114440918,92500,0.0,0.0
2004-12-22 00:00:00-05:00,7.099999904632568,7.210000038146973,6.920000076293945,7.0,239500,0.0,0.0
2004-12-23 00:00:00-05:00,6.949999809265137,7.0,6.949999809265137,6.960000038146973,81600,0.0,0.0
2004-12-27 00:00:00-05:00,6.909999847412109,6.929999828338623,6.699999809265137,6.699999809265137,152900,0.0,0.0
2004-12-28 00:00:00-05:00,6.639999866485596,6.639999866485596,6.300000190734863,6.400000095367432,208400,0.0,0.0
2004-12-29 00:00:00-05:00,6.349999904632568,6.730000019073486,6.289999961853027,6.590000152587891,169400,0.0,0.0
2004-12-30 00:00:00-05:00,6.679999828338623,7.179999828338623,6.679999828338623,7.130000114440918,206200,0.0,0.0
2004-12-31 00:00:00-05:00,7.099999904632568,7.139999866485596,7.010000228881836,7.070000171661377,123100,0.0,0.0
2005-01-03 00:00:00-05:00,7.159999847412109,7.159999847412109,6.599999904632568,6.699999809265137,136900,0.0,0.0
2005-01-04 00:00:00-05:00,6.789999961853027,6.800000190734863,6.409999847412109,6.550000190734863,125300,0.0,0.0
2005-01-05 00:00:00-05:00,6.650000095367432,6.949999809265137,6.53000020980835,6.900000095367432,144300,0.0,0.0
2005-01-06 00:00:00-05:00,6.880000114440918,7.039999961853027,6.880000114440918,7.010000228881836,153400,0.0,0.0
2005-01-07 00:00:00-05:00,7.0,7.21999979019165,6.670000076293945,6.920000076293945,210300,0.0,0.0
2005-01-10 00:00:00-05:00,6.849999904632568,6.929999828338623,6.739999771118164,6.840000152587891,62100,0.0,0.0
2005-01-11 00:00:00-05:00,7.0,7.0,6.849999904632568,6.909999847412109,129200,0.0,0.0
2005-01-12 00:00:00-05:00,6.909999847412109,6.96999979019165,6.78000020980835,6.909999847412109,84600,0.0,0.0
2005-01-13 00:00:00-05:00,6.909999847412109,6.989999771118164,6.820000171661377,6.989999771118164,48700,0.0,0.0
2005-01-14 00:00:00-05:00,6.900000095367432,7.0,6.78000020980835,6.940000057220459,126500,0.0,0.0
2005-01-18 00:00:00-05:00,6.929999828338623,7.0,6.650000095367432,6.940000057220459,75500,0.0,0.0
2005-01-19 00:00:00-05:00,6.920000076293945,7.099999904632568,6.920000076293945,7.050000190734863,103300,0.0,0.0
2005-01-20 00:00:00-05:00,7.070000171661377,7.25,6.929999828338623,7.150000095367432,210600,0.0,0.0
2005-01-21 00:00:00-05:00,7.28000020980835,7.389999866485596,7.190000057220459,7.329999923706055,162300,0.0,0.0
2005-01-24 00:00:00-05:00,7.300000190734863,7.300000190734863,7.019999980926514,7.059999942779541,107800,0.0,0.0
2005-01-25 00:00:00-05:00,7.070000171661377,7.329999923706055,7.070000171661377,7.300000190734863,117000,0.0,0.0
2005-01-26 00:00:00-05:00,7.340000152587891,7.409999847412109,7.21999979019165,7.369999885559082,121200,0.0,0.0
2005-01-27 00:00:00-05:00,7.380000114440918,7.760000228881836,7.369999885559082,7.739999771118164,194800,0.0,0.0
2005-01-28 00:00:00-05:00,7.78000020980835,7.920000076293945,7.699999809265137,7.900000095367432,210700,0.0,0.0
2005-01-31 00:00:00-05:00,8.109999656677246,8.300000190734863,8.020000457763672,8.220000267028809,519900,0.0,0.0
2005-02-01 00:00:00-05:00,8.319999694824219,8.390000343322754,7.989999771118164,8.029999732971191,310400,0.0,0.0
2005-02-02 00:00:00-05:00,8.039999961853027,8.100000381469727,7.639999866485596,7.78000020980835,247400,0.0,0.0
2005-02-03 00:00:00-05:00,7.71999979019165,7.78000020980835,7.630000114440918,7.699999809265137,86100,0.0,0.0
2005-02-04 00:00:00-05:00,7.699999809265137,8.050000190734863,7.599999904632568,7.929999828338623,302400,0.0,0.0
2005-02-07 00:00:00-05:00,7.929999828338623,8.25,7.929999828338623,8.119999885559082,290400,0.0,0.0
2005-02-08 00:00:00-05:00,8.119999885559082,8.149999618530273,8.0,8.119999885559082,135100,0.0,0.0
2005-02-09 00:00:00-05:00,8.180000305175781,8.600000381469727,7.900000095367432,7.900000095367432,410200,0.0,0.0
2005-02-10 00:00:00-05:00,8.130000114440918,8.140000343322754,7.900000095367432,8.029999732971191,134700,0.0,0.0
2005-02-11 00:00:00-05:00,8.050000190734863,8.350000381469727,7.96999979019165,7.980000019073486,150300,0.0,0.0
2005-02-14 00:00:00-05:00,8.079999923706055,8.140000343322754,7.760000228881836,7.769999980926514,133100,0.0,0.0
2005-02-15 00:00:00-05:00,7.800000190734863,8.0,7.75,7.960000038146973,178700,0.0,0.0
2005-02-16 00:00:00-05:00,8.0,8.0,7.769999980926514,7.889999866485596,103600,0.0,0.0
2005-02-17 00:00:00-05:00,7.889999866485596,7.909999847412109,7.78000020980835,7.789999961853027,48900,0.0,0.0
2005-02-18 00:00:00-05:00,7.800000190734863,7.900000095367432,7.619999885559082,7.670000076293945,82100,0.0,0.0
2005-02-22 00:00:00-05:00,7.650000095367432,7.699999809265137,7.400000095367432,7.440000057220459,188200,0.0,0.0
2005-02-23 00:00:00-05:00,7.46999979019165,7.900000095367432,7.46999979019165,7.869999885559082,123500,0.0,0.0
2005-02-24 00:00:00-05:00,7.809999942779541,7.809999942779541,7.599999904632568,7.789999961853027,65900,0.0,0.0
2005-02-25 00:00:00-05:00,7.869999885559082,7.869999885559082,7.650000095367432,7.739999771118164,50300,0.0,0.0
2005-02-28 00:00:00-05:00,7.71999979019165,7.800000190734863,7.710000038146973,7.800000190734863,69600,0.0,0.0
2005-03-01 00:00:00-05:00,7.71999979019165,7.849999904632568,7.699999809265137,7.789999961853027,56300,0.0,0.0
2005-03-02 00:00:00-05:00,7.789999961853027,7.900000095367432,7.75,7.860000133514404,81500,0.0,0.0
2005-03-03 00:00:00-05:00,7.889999866485596,7.960000038146973,7.71999979019165,7.900000095367432,110300,0.0,0.0
2005-03-04 00:00:00-05:00,7.820000171661377,7.860000133514404,7.699999809265137,7.809999942779541,83300,0.0,0.0
2005-03-07 00:00:00-05:00,7.820000171661377,7.849999904632568,7.710000038146973,7.730000019073486,55600,0.0,0.0
2005-03-08 00:00:00-05:00,7.730000019073486,7.75,7.159999847412109,7.25,215500,0.0,0.0
2005-03-09 00:00:00-05:00,7.150000095367432,7.150000095367432,6.75,6.789999961853027,255800,0.0,0.0
2005-03-10 00:00:00-05:00,6.769999980926514,6.949999809265137,6.75,6.820000171661377,159300,0.0,0.0
2005-03-11 00:00:00-05:00,6.769999980926514,6.989999771118164,6.769999980926514,6.869999885559082,126300,0.0,0.0
2005-03-14 00:00:00-05:00,6.809999942779541,7.110000133514404,6.809999942779541,6.989999771118164,151700,0.0,0.0
2005-03-15 00:00:00-05:00,6.980000019073486,7.110000133514404,6.920000076293945,7.03000020980835,459600,0.0,0.0
2005-03-16 00:00:00-05:00,7.130000114440918,7.130000114440918,6.789999961853027,6.880000114440918,118300,0.0,0.0
2005-03-17 00:00:00-05:00,6.849999904632568,6.849999904632568,6.650000095367432,6.699999809265137,174300,0.0,0.0
2005-03-18 00:00:00-05:00,6.699999809265137,6.730000019073486,6.5,6.510000228881836,97400,0.0,0.0
2005-03-21 00:00:00-05:00,6.449999809265137,6.489999771118164,6.099999904632568,6.21999979019165,249100,0.0,0.0
2005-03-22 00:00:00-05:00,6.21999979019165,6.340000152587891,6.21999979019165,6.269999980926514,96300,0.0,0.0
2005-03-23 00:00:00-05:00,6.260000228881836,6.260000228881836,6.059999942779541,6.119999885559082,140900,0.0,0.0
2005-03-24 00:00:00-05:00,6.139999866485596,6.320000171661377,6.139999866485596,6.199999809265137,182200,0.0,0.0
2005-03-28 00:00:00-05:00,6.199999809265137,6.199999809265137,5.940000057220459,6.0,122700,0.0,0.0
2005-03-29 00:00:00-05:00,5.900000095367432,6.039999961853027,5.860000133514404,5.96999979019165,78400,0.0,0.0
2005-03-30 00:00:00-05:00,5.96999979019165,6.230000019073486,5.96999979019165,6.110000133514404,78300,0.0,0.0
2005-03-31 00:00:00-05:00,6.190000057220459,6.25,6.110000133514404,6.190000057220459,52200,0.0,0.0
2005-04-01 00:00:00-05:00,6.25,6.289999961853027,6.150000095367432,6.239999771118164,65200,0.0,0.0
2005-04-04 00:00:00-04:00,6.199999809265137,6.199999809265137,6.0,6.099999904632568,130100,0.0,0.0
2005-04-05 00:00:00-04:00,6.090000152587891,6.090000152587891,5.800000190734863,5.800000190734863,102900,0.0,0.0
2005-04-06 00:00:00-04:00,5.880000114440918,6.0,5.75,5.789999961853027,135400,0.0,0.0
2005-04-07 00:00:00-04:00,5.800000190734863,5.960000038146973,5.800000190734863,5.920000076293945,57200,0.0,0.0
2005-04-08 00:00:00-04:00,5.920000076293945,6.079999923706055,5.849999904632568,6.050000190734863,106200,0.0,0.0
2005-04-11 00:00:00-04:00,6.099999904632568,6.21999979019165,6.019999980926514,6.150000095367432,90600,0.0,0.0
2005-04-12 00:00:00-04:00,6.119999885559082,6.28000020980835,6.019999980926514,6.190000057220459,101900,0.0,0.0
2005-04-13 00:00:00-04:00,6.239999771118164,6.239999771118164,5.889999866485596,6.010000228881836,100300,0.0,0.0
2005-04-14 00:00:00-04:00,6.010000228881836,6.050000190734863,5.800000190734863,6.03000020980835,149700,0.0,0.0
2005-04-15 00:00:00-04:00,6.0,6.070000171661377,5.889999866485596,5.949999809265137,59800,0.0,0.0
2005-04-18 00:00:00-04:00,5.900000095367432,5.900000095367432,5.75,5.840000152587891,54100,0.0,0.0
2005-04-19 00:00:00-04:00,5.840000152587891,5.960000038146973,5.75,5.880000114440918,141400,0.0,0.0
2005-04-20 00:00:00-04:00,5.849999904632568,5.949999809265137,5.699999809265137,5.78000020980835,144000,0.0,0.0
2005-04-21 00:00:00-04:00,5.800000190734863,6.059999942779541,5.800000190734863,5.96999979019165,51300,0.0,0.0
2005-04-22 00:00:00-04:00,5.869999885559082,6.090000152587891,5.71999979019165,5.920000076293945,54900,0.0,0.0
2005-04-25 00:00:00-04:00,5.980000019073486,5.980000019073486,5.800000190734863,5.900000095367432,76400,0.0,0.0
2005-04-26 00:00:00-04:00,5.800000190734863,6.119999885559082,5.75,6.039999961853027,119700,0.0,0.0
2005-04-27 00:00:00-04:00,6.039999961853027,6.090000152587891,5.920000076293945,6.059999942779541,205300,0.0,0.0
2005-04-28 00:00:00-04:00,6.059999942779541,6.090000152587891,5.820000171661377,5.949999809265137,41100,0.0,0.0
2005-04-29 00:00:00-04:00,6.039999961853027,6.070000171661377,5.980000019073486,6.010000228881836,32300,0.0,0.0
2005-05-02 00:00:00-04:00,6.010000228881836,6.230000019073486,6.010000228881836,6.159999847412109,115900,0.0,0.0
2005-05-03 00:00:00-04:00,6.150000095367432,6.320000171661377,6.130000114440918,6.199999809265137,86900,0.0,0.0
2005-05-04 00:00:00-04:00,6.170000076293945,6.46999979019165,6.170000076293945,6.409999847412109,106400,0.0,0.0
2005-05-05 00:00:00-04:00,6.5,7.099999904632568,6.400000095367432,6.559999942779541,235600,0.0,0.0
2005-05-06 00:00:00-04:00,6.650000095367432,6.860000133514404,6.599999904632568,6.789999961853027,140900,0.0,0.0
2005-05-09 00:00:00-04:00,6.909999847412109,7.239999771118164,6.880000114440918,7.110000133514404,225400,0.0,0.0
2005-05-10 00:00:00-04:00,7.010000228881836,7.28000020980835,7.010000228881836,7.170000076293945,172500,0.0,0.0
2005-05-11 00:00:00-04:00,7.099999904632568,7.75,7.099999904632568,7.650000095367432,269200,0.0,0.0
2005-05-12 00:00:00-04:00,7.739999771118164,7.880000114440918,7.650000095367432,7.71999979019165,251900,0.0,0.0
2005-05-13 00:00:00-04:00,7.690000057220459,7.730000019073486,7.429999828338623,7.550000190734863,192000,0.0,0.0
2005-05-16 00:00:00-04:00,7.5,7.610000133514404,7.449999809265137,7.610000133514404,121700,0.0,0.0
2005-05-17 00:00:00-04:00,7.579999923706055,7.599999904632568,7.369999885559082,7.460000038146973,93800,0.0,0.0
2005-05-18 00:00:00-04:00,7.400000095367432,7.5,7.380000114440918,7.429999828338623,106000,0.0,0.0
2005-05-19 00:00:00-04:00,7.429999828338623,7.480000019073486,7.179999828338623,7.300000190734863,185700,0.0,0.0
2005-05-20 00:00:00-04:00,7.300000190734863,7.480000019073486,7.199999809265137,7.389999866485596,145500,0.0,0.0
2005-05-23 00:00:00-04:00,7.400000095367432,7.449999809265137,7.210000038146973,7.28000020980835,94200,0.0,0.0
2005-05-24 00:00:00-04:00,7.320000171661377,7.320000171661377,7.039999961853027,7.25,102700,0.0,0.0
2005-05-25 00:00:00-04:00,7.300000190734863,7.349999904632568,7.079999923706055,7.150000095367432,66100,0.0,0.0
2005-05-26 00:00:00-04:00,7.449999809265137,7.449999809265137,7.110000133514404,7.179999828338623,134600,0.0,0.0
2005-05-27 00:00:00-04:00,7.130000114440918,7.300000190734863,7.130000114440918,7.25,63500,0.0,0.0
2005-05-31 00:00:00-04:00,7.300000190734863,7.360000133514404,7.239999771118164,7.25,121400,0.0,0.0
2005-06-01 00:00:00-04:00,7.300000190734863,7.420000076293945,7.230000019073486,7.369999885559082,101500,0.0,0.0
2005-06-02 00:00:00-04:00,7.369999885559082,7.570000171661377,7.349999904632568,7.5,159300,0.0,0.0
2005-06-03 00:00:00-04:00,7.5,7.679999828338623,7.5,7.630000114440918,94000,0.0,0.0
2005-06-06 00:00:00-04:00,7.670000076293945,7.670000076293945,7.400000095367432,7.409999847412109,85000,0.0,0.0
2005-06-07 00:00:00-04:00,7.480000019073486,7.599999904632568,7.420000076293945,7.489999771118164,63700,0.0,0.0
2005-06-08 00:00:00-04:00,7.539999961853027,7.630000114440918,7.449999809265137,7.460000038146973,34800,0.0,0.0
2005-06-09 00:00:00-04:00,7.440000057220459,7.699999809265137,7.389999866485596,7.429999828338623,69100,0.0,0.0
2005-06-10 00:00:00-04:00,7.53000020980835,7.599999904632568,7.349999904632568,7.440000057220459,33900,0.0,0.0
2005-06-13 00:00:00-04:00,7.420000076293945,7.650000095367432,7.420000076293945,7.559999942779541,70000,0.0,0.0
2005-06-14 00:00:00-04:00,7.559999942779541,7.75,7.550000190734863,7.639999866485596,32000,0.0,0.0
2005-06-15 00:00:00-04:00,7.639999866485596,7.889999866485596,7.559999942779541,7.869999885559082,87400,0.0,0.0
2005-06-16 00:00:00-04:00,7.820000171661377,7.860000133514404,7.739999771118164,7.820000171661377,57600,0.0,0.0
2005-06-17 00:00:00-04:00,7.800000190734863,7.849999904632568,7.650000095367432,7.650000095367432,46700,0.0,0.0
2005-06-20 00:00:00-04:00,7.610000133514404,7.71999979019165,7.579999923706055,7.699999809265137,41800,0.0,0.0
2005-06-21 00:00:00-04:00,7.699999809265137,7.96999979019165,7.699999809265137,7.96999979019165,93700,0.0,0.0
2005-06-22 00:00:00-04:00,7.929999828338623,8.25,7.909999847412109,8.229999542236328,272800,0.0,0.0
2005-06-23 00:00:00-04:00,8.229999542236328,8.279999732971191,7.949999809265137,7.960000038146973,247200,0.0,0.0
2005-06-24 00:00:00-04:00,7.900000095367432,8.0,7.820000171661377,7.869999885559082,149200,0.0,0.0
2005-06-27 00:00:00-04:00,7.949999809265137,7.980000019073486,7.599999904632568,7.650000095367432,113600,0.0,0.0
2005-06-28 00:00:00-04:00,7.670000076293945,7.789999961853027,7.599999904632568,7.75,99800,0.0,0.0
2005-06-29 00:00:00-04:00,7.71999979019165,8.020000457763672,7.71999979019165,7.880000114440918,112300,0.0,0.0
2005-06-30 00:00:00-04:00,7.949999809265137,7.949999809265137,7.75,7.760000228881836,51700,0.0,0.0
2005-07-01 00:00:00-04:00,7.769999980926514,7.769999980926514,7.650000095367432,7.75,32000,0.0,0.0
2005-07-05 00:00:00-04:00,7.75,7.849999904632568,7.659999847412109,7.78000020980835,37100,0.0,0.0
2005-07-06 00:00:00-04:00,7.75,7.820000171661377,7.400000095367432,7.550000190734863,114800,0.0,0.0
2005-07-07 00:00:00-04:00,7.449999809265137,7.679999828338623,7.349999904632568,7.550000190734863,59900,0.0,0.0
2005-07-08 00:00:00-04:00,7.599999904632568,7.889999866485596,7.590000152587891,7.889999866485596,64500,0.0,0.0
2005-07-11 00:00:00-04:00,7.900000095367432,8.039999961853027,7.869999885559082,7.960000038146973,86100,0.0,0.0
2005-07-12 00:00:00-04:00,7.960000038146973,8.050000190734863,7.889999866485596,7.96999979019165,76400,0.0,0.0
2005-07-13 00:00:00-04:00,7.900000095367432,8.039999961853027,7.849999904632568,7.96999979019165,44800,0.0,0.0
2005-07-14 00:00:00-04:00,8.0,8.029999732971191,7.889999866485596,7.940000057220459,58500,0.0,0.0
2005-07-15 00:00:00-04:00,7.989999771118164,7.989999771118164,7.699999809265137,7.739999771118164,69200,0.0,0.0
2005-07-18 00:00:00-04:00,7.699999809265137,7.889999866485596,7.699999809265137,7.820000171661377,36800,0.0,0.0
2005-07-19 00:00:00-04:00,7.820000171661377,8.0,7.809999942779541,7.949999809265137,54100,0.0,0.0
2005-07-20 00:00:00-04:00,7.900000095367432,8.029999732971191,7.880000114440918,7.960000038146973,57300,0.0,0.0
2005-07-21 00:00:00-04:00,7.920000076293945,8.0,7.860000133514404,7.989999771118164,33100,0.0,0.0
2005-07-22 00:00:00-04:00,7.860000133514404,7.989999771118164,7.789999961853027,7.940000057220459,56600,0.0,0.0
2005-07-25 00:00:00-04:00,7.889999866485596,8.029999732971191,7.880000114440918,7.900000095367432,76800,0.0,0.0
2005-07-26 00:00:00-04:00,7.909999847412109,7.920000076293945,7.820000171661377,7.900000095367432,41600,0.0,0.0
2005-07-27 00:00:00-04:00,7.880000114440918,7.909999847412109,7.769999980926514,7.860000133514404,64400,0.0,0.0
2005-07-28 00:00:00-04:00,8.0,8.0,7.650000095367432,7.800000190734863,76400,0.0,0.0
2005-07-29 00:00:00-04:00,7.800000190734863,7.800000190734863,7.599999904632568,7.650000095367432,78600,0.0,0.0
2005-08-01 00:00:00-04:00,7.610000133514404,7.690000057220459,7.599999904632568,7.670000076293945,80300,0.0,0.0
2005-08-02 00:00:00-04:00,7.650000095367432,7.869999885559082,7.639999866485596,7.800000190734863,120100,0.0,0.0
2005-08-03 00:00:00-04:00,7.849999904632568,7.849999904632568,7.710000038146973,7.71999979019165,77500,0.0,0.0
2005-08-04 00:00:00-04:00,7.699999809265137,7.800000190734863,7.190000057220459,7.300000190734863,123600,0.0,0.0
2005-08-05 00:00:00-04:00,7.199999809265137,7.28000020980835,6.550000190734863,7.0,211700,0.0,0.0
2005-08-08 00:00:00-04:00,6.949999809265137,6.989999771118164,6.599999904632568,6.710000038146973,196300,0.0,0.0
2005-08-09 00:00:00-04:00,6.650000095367432,6.690000057220459,6.550000190734863,6.599999904632568,116700,0.0,0.0
2005-08-10 00:00:00-04:00,6.570000171661377,6.630000114440918,6.409999847412109,6.489999771118164,135800,0.0,0.0
2005-08-11 00:00:00-04:00,6.409999847412109,6.820000171661377,6.409999847412109,6.71999979019165,177200,0.0,0.0
2005-08-12 00:00:00-04:00,6.699999809265137,6.739999771118164,6.5,6.650000095367432,71600,0.0,0.0
2005-08-15 00:00:00-04:00,6.650000095367432,7.269999980926514,6.639999866485596,7.25,292500,0.0,0.0
2005-08-16 00:00:00-04:00,7.260000228881836,7.300000190734863,7.059999942779541,7.150000095367432,119200,0.0,0.0
2005-08-17 00:00:00-04:00,7.099999904632568,7.349999904632568,7.010000228881836,7.179999828338623,117600,0.0,0.0
2005-08-18 00:00:00-04:00,7.159999847412109,7.360000133514404,7.159999847412109,7.25,159400,0.0,0.0
2005-08-19 00:00:00-04:00,7.199999809265137,7.349999904632568,7.150000095367432,7.150000095367432,125900,0.0,0.0
2005-08-22 00:00:00-04:00,7.150000095367432,7.329999923706055,7.03000020980835,7.269999980926514,109800,0.0,0.0
2005-08-23 00:00:00-04:00,7.260000228881836,7.429999828338623,7.179999828338623,7.429999828338623,59400,0.0,0.0
2005-08-24 00:00:00-04:00,7.400000095367432,7.53000020980835,7.320000171661377,7.400000095367432,79600,0.0,0.0
2005-08-25 00:00:00-04:00,7.400000095367432,7.53000020980835,7.21999979019165,7.480000019073486,91300,0.0,0.0
2005-08-26 00:00:00-04:00,7.489999771118164,7.590000152587891,7.449999809265137,7.570000171661377,80600,0.0,0.0
2005-08-29 00:00:00-04:00,7.46999979019165,7.699999809265137,7.46999979019165,7.650000095367432,65000,0.0,0.0
2005-08-30 00:00:00-04:00,7.659999847412109,7.75,7.610000133514404,7.71999979019165,97400,0.0,0.0
2005-08-31 00:00:00-04:00,7.71999979019165,7.849999904632568,7.510000228881836,7.800000190734863,258700,0.0,0.0
2005-09-01 00:00:00-04:00,7.829999923706055,7.920000076293945,7.75,7.769999980926514,113900,0.0,0.0
2005-09-02 00:00:00-04:00,7.800000190734863,7.900000095367432,7.769999980926514,7.829999923706055,31700,0.0,0.0
2005-09-06 00:00:00-04:00,7.960000038146973,7.96999979019165,7.769999980926514,7.900000095367432,50700,0.0,0.0
2005-09-07 00:00:00-04:00,7.949999809265137,7.949999809265137,7.809999942779541,7.920000076293945,29600,0.0,0.0
2005-09-08 00:00:00-04:00,7.920000076293945,7.980000019073486,7.869999885559082,7.909999847412109,19300,0.0,0.0
2005-09-09 00:00:00-04:00,7.949999809265137,7.949999809265137,7.880000114440918,7.949999809265137,110800,0.0,0.0
2005-09-12 00:00:00-04:00,8.0,8.010000228881836,7.840000152587891,7.889999866485596,92600,0.0,0.0
2005-09-13 00:00:00-04:00,7.889999866485596,7.889999866485596,7.519999980926514,7.599999904632568,70200,0.0,0.0
2005-09-14 00:00:00-04:00,7.650000095367432,7.679999828338623,7.289999961853027,7.349999904632568,56400,0.0,0.0
2005-09-15 00:00:00-04:00,7.260000228881836,7.360000133514404,7.260000228881836,7.269999980926514,40500,0.0,0.0
2005-09-16 00:00:00-04:00,7.400000095367432,7.400000095367432,7.130000114440918,7.159999847412109,68300,0.0,0.0
2005-09-19 00:00:00-04:00,7.199999809265137,7.230000019073486,7.010000228881836,7.059999942779541,85200,0.0,0.0
2005-09-20 00:00:00-04:00,7.050000190734863,7.449999809265137,7.03000020980835,7.309999942779541,66800,0.0,0.0
2005-09-21 00:00:00-04:00,7.369999885559082,7.480000019073486,7.199999809265137,7.210000038146973,67600,0.0,0.0
2005-09-22 00:00:00-04:00,7.150000095367432,7.269999980926514,6.949999809265137,6.960000038146973,99800,0.0,0.0
2005-09-23 00:00:00-04:00,6.960000038146973,7.059999942779541,6.889999866485596,6.900000095367432,72800,0.0,0.0
2005-09-26 00:00:00-04:00,6.900000095367432,7.0,6.809999942779541,6.869999885559082,88600,0.0,0.0
2005-09-27 00:00:00-04:00,6.869999885559082,6.940000057220459,6.809999942779541,6.849999904632568,58000,0.0,0.0
2005-09-28 00:00:00-04:00,6.820000171661377,7.210000038146973,6.760000228881836,6.869999885559082,120500,0.0,0.0
2005-09-29 00:00:00-04:00,6.849999904632568,6.980000019073486,6.809999942779541,6.96999979019165,39800,0.0,0.0
2005-09-30 00:00:00-04:00,6.96999979019165,7.039999961853027,6.909999847412109,6.949999809265137,50700,0.0,0.0
2005-10-03 00:00:00-04:00,6.900000095367432,7.190000057220459,6.900000095367432,7.099999904632568,140900,0.0,0.0
2005-10-04 00:00:00-04:00,7.150000095367432,7.199999809265137,6.949999809265137,6.960000038146973,35100,0.0,0.0
2005-10-05 00:00:00-04:00,7.019999980926514,7.119999885559082,6.980000019073486,7.0,35200,0.0,0.0
2005-10-06 00:00:00-04:00,6.980000019073486,7.050000190734863,6.949999809265137,6.96999979019165,59800,0.0,0.0
2005-10-07 00:00:00-04:00,6.96999979019165,7.139999866485596,6.949999809265137,7.090000152587891,66800,0.0,0.0
2005-10-10 00:00:00-04:00,7.010000228881836,7.099999904632568,6.989999771118164,7.019999980926514,89200,0.0,0.0
2005-10-11 00:00:00-04:00,7.0,7.010000228881836,6.880000114440918,6.920000076293945,57900,0.0,0.0
2005-10-12 00:00:00-04:00,6.980000019073486,6.980000019073486,6.900000095367432,6.909999847412109,52400,0.0,0.0
2005-10-13 00:00:00-04:00,6.909999847412109,7.039999961853027,6.909999847412109,7.0,68300,0.0,0.0
2005-10-14 00:00:00-04:00,7.0,7.079999923706055,6.909999847412109,6.980000019073486,65600,0.0,0.0
2005-10-17 00:00:00-04:00,6.900000095367432,7.0,6.860000133514404,6.900000095367432,186600,0.0,0.0
2005-10-18 00:00:00-04:00,6.900000095367432,6.900000095367432,6.809999942779541,6.869999885559082,46700,0.0,0.0
2005-10-19 00:00:00-04:00,6.769999980926514,6.840000152587891,6.699999809265137,6.800000190734863,60200,0.0,0.0
2005-10-20 00:00:00-04:00,6.71999979019165,6.900000095367432,6.71999979019165,6.800000190734863,46100,0.0,0.0
2005-10-21 00:00:00-04:00,6.829999923706055,6.840000152587891,6.679999828338623,6.760000228881836,45800,0.0,0.0
2005-10-24 00:00:00-04:00,6.75,7.0,6.710000038146973,6.929999828338623,167200,0.0,0.0
2005-10-25 00:00:00-04:00,6.889999866485596,6.900000095367432,6.730000019073486,6.789999961853027,46000,0.0,0.0
2005-10-26 00:00:00-04:00,6.710000038146973,6.75,6.550000190734863,6.619999885559082,36400,0.0,0.0
2005-10-27 00:00:00-04:00,6.619999885559082,6.710000038146973,6.559999942779541,6.650000095367432,26600,0.0,0.0
2005-10-28 00:00:00-04:00,6.650000095367432,6.71999979019165,6.599999904632568,6.679999828338623,19800,0.0,0.0
2005-10-31 00:00:00-05:00,6.739999771118164,6.789999961853027,6.309999942779541,6.519999980926514,207400,0.0,0.0
2005-11-01 00:00:00-05:00,6.53000020980835,6.599999904632568,6.320000171661377,6.360000133514404,114700,0.0,0.0
2005-11-02 00:00:00-05:00,6.360000133514404,6.489999771118164,6.010000228881836,6.019999980926514,208000,0.0,0.0
2005-11-03 00:00:00-05:00,5.949999809265137,6.0,5.019999980926514,5.369999885559082,485900,0.0,0.0
2005-11-04 00:00:00-05:00,5.380000114440918,5.5,5.300000190734863,5.340000152587891,213800,0.0,0.0
2005-11-07 00:00:00-05:00,5.440000057220459,5.480000019073486,5.03000020980835,5.110000133514404,237200,0.0,0.0
2005-11-08 00:00:00-05:00,5.110000133514404,5.159999847412109,4.440000057220459,4.75,311300,0.0,0.0
2005-11-09 00:00:00-05:00,4.699999809265137,4.71999979019165,4.449999809265137,4.579999923706055,321900,0.0,0.0
2005-11-10 00:00:00-05:00,4.5,4.5,3.950000047683716,4.199999809265137,513400,0.0,0.0
2005-11-11 00:00:00-05:00,4.199999809265137,4.539999961853027,4.199999809265137,4.46999979019165,356200,0.0,0.0
2005-11-14 00:00:00-05:00,4.5,4.5,4.400000095367432,4.46999979019165,215500,0.0,0.0
2005-11-15 00:00:00-05:00,4.46999979019165,4.46999979019165,4.130000114440918,4.150000095367432,247900,0.0,0.0
2005-11-16 00:00:00-05:00,4.159999847412109,4.199999809265137,4.079999923706055,4.119999885559082,186300,0.0,0.0
2005-11-17 00:00:00-05:00,4.070000171661377,4.300000190734863,4.070000171661377,4.119999885559082,268900,0.0,0.0
2005-11-18 00:00:00-05:00,4.110000133514404,4.269999980926514,3.9700000286102295,4.050000190734863,462200,0.0,0.0
2005-11-21 00:00:00-05:00,4.079999923706055,4.119999885559082,3.9000000953674316,3.9200000762939453,557200,0.0,0.0
2005-11-22 00:00:00-05:00,3.8499999046325684,3.9700000286102295,3.799999952316284,3.890000104904175,539100,0.0,0.0
2005-11-23 00:00:00-05:00,3.8499999046325684,3.859999895095825,3.690000057220459,3.75,482300,0.0,0.0
2005-11-25 00:00:00-05:00,3.819999933242798,4.0,3.819999933242798,3.9600000381469727,220500,0.0,0.0
2005-11-28 00:00:00-05:00,4.0,4.079999923706055,3.9000000953674316,3.930000066757202,508500,0.0,0.0
2005-11-29 00:00:00-05:00,3.940000057220459,4.0,3.9000000953674316,3.9000000953674316,230300,0.0,0.0
2005-11-30 00:00:00-05:00,3.9000000953674316,3.9100000858306885,3.75,3.799999952316284,141900,0.0,0.0
2005-12-01 00:00:00-05:00,3.799999952316284,3.9700000286102295,3.799999952316284,3.880000114440918,197800,0.0,0.0
2005-12-02 00:00:00-05:00,3.950000047683716,4.050000190734863,3.9000000953674316,3.9600000381469727,284900,0.0,0.0
2005-12-05 00:00:00-05:00,3.9600000381469727,4.079999923706055,3.9600000381469727,4.019999980926514,526300,0.0,0.0
2005-12-06 00:00:00-05:00,4.03000020980835,4.179999828338623,4.019999980926514,4.079999923706055,361800,0.0,0.0
2005-12-07 00:00:00-05:00,4.059999942779541,4.099999904632568,3.940000057220459,3.9700000286102295,231200,0.0,0.0
2005-12-08 00:00:00-05:00,3.9600000381469727,4.010000228881836,3.9000000953674316,3.950000047683716,256600,0.0,0.0
2005-12-09 00:00:00-05:00,3.9000000953674316,3.9800000190734863,3.8399999141693115,3.9000000953674316,211300,0.0,0.0
2005-12-12 00:00:00-05:00,3.8499999046325684,3.9000000953674316,3.5299999713897705,3.5999999046325684,586900,0.0,0.0
2005-12-13 00:00:00-05:00,3.549999952316284,3.630000114440918,3.3499999046325684,3.430000066757202,674500,0.0,0.0
2005-12-14 00:00:00-05:00,3.430000066757202,3.5,3.380000114440918,3.4700000286102295,314100,0.0,0.0
2005-12-15 00:00:00-05:00,3.4800000190734863,3.5399999618530273,3.380000114440918,3.440000057220459,517700,0.0,0.0
2005-12-16 00:00:00-05:00,3.4200000762939453,3.5399999618530273,3.390000104904175,3.450000047683716,357700,0.0,0.0
2005-12-19 00:00:00-05:00,3.490000009536743,3.490000009536743,3.319999933242798,3.380000114440918,194500,0.0,0.0
2005-12-20 00:00:00-05:00,3.299999952316284,3.309999942779541,3.0999999046325684,3.200000047683716,432600,0.0,0.0
2005-12-21 00:00:00-05:00,3.2200000286102295,3.4600000381469727,3.2200000286102295,3.299999952316284,280300,0.0,0.0
2005-12-22 00:00:00-05:00,3.4000000953674316,3.4000000953674316,3.240000009536743,3.2799999713897705,199700,0.0,0.0
2005-12-23 00:00:00-05:00,3.299999952316284,3.450000047683716,3.259999990463257,3.359999895095825,254500,0.0,0.0
2005-12-27 00:00:00-05:00,3.3499999046325684,3.450000047683716,3.240000009536743,3.319999933242798,321200,0.0,0.0
2005-12-28 00:00:00-05:00,3.2899999618530273,3.309999942779541,3.109999895095825,3.2200000286102295,336200,0.0,0.0
2005-12-29 00:00:00-05:00,3.2200000286102295,3.299999952316284,3.130000114440918,3.2100000381469727,281200,0.0,0.0
2005-12-30 00:00:00-05:00,3.2200000286102295,3.359999895095825,3.1500000953674316,3.3399999141693115,320100,0.0,0.0
2006-01-03 00:00:00-05:00,3.4000000953674316,3.5,3.259999990463257,3.2799999713897705,161400,0.0,0.0
2006-01-04 00:00:00-05:00,3.2799999713897705,3.3499999046325684,3.2200000286102295,3.2300000190734863,161800,0.0,0.0
2006-01-05 00:00:00-05:00,3.2300000190734863,3.2300000190734863,3.009999990463257,3.0899999141693115,287000,0.0,0.0
2006-01-06 00:00:00-05:00,3.049999952316284,3.190000057220459,2.950000047683716,2.990000009536743,547300,0.0,0.0
2006-01-09 00:00:00-05:00,3.0,3.119999885559082,2.990000009536743,3.0999999046325684,270000,0.0,0.0
2006-01-10 00:00:00-05:00,3.5,4.300000190734863,3.5,3.890000104904175,1939900,0.0,0.0
2006-01-11 00:00:00-05:00,4.070000171661377,4.079999923706055,3.809999942779541,3.819999933242798,785300,0.0,0.0
2006-01-12 00:00:00-05:00,4.199999809265137,4.869999885559082,4.110000133514404,4.650000095367432,1850500,0.0,0.0
2006-01-13 00:00:00-05:00,4.949999809265137,5.170000076293945,4.659999847412109,4.849999904632568,800700,0.0,0.0
2006-01-17 00:00:00-05:00,5.199999809265137,5.199999809265137,4.869999885559082,5.070000171661377,726700,0.0,0.0
2006-01-18 00:00:00-05:00,5.170000076293945,5.650000095367432,5.150000095367432,5.519999980926514,1222500,0.0,0.0
2006-01-19 00:00:00-05:00,5.519999980926514,5.650000095367432,5.320000171661377,5.380000114440918,623400,0.0,0.0
2006-01-20 00:00:00-05:00,5.480000019073486,5.5,4.849999904632568,5.050000190734863,728200,0.0,0.0
2006-01-23 00:00:00-05:00,5.090000152587891,5.099999904632568,4.829999923706055,4.880000114440918,404000,0.0,0.0
2006-01-24 00:00:00-05:00,4.900000095367432,5.0,4.809999942779541,4.929999828338623,199500,0.0,0.0
2006-01-25 00:00:00-05:00,4.980000019073486,4.980000019073486,4.800000190734863,4.849999904632568,279200,0.0,0.0
2006-01-26 00:00:00-05:00,4.849999904632568,4.849999904632568,4.559999942779541,4.710000038146973,247800,0.0,0.0
2006-01-27 00:00:00-05:00,4.639999866485596,4.929999828338623,4.599999904632568,4.800000190734863,208000,0.0,0.0
2006-01-30 00:00:00-05:00,4.800000190734863,4.869999885559082,4.420000076293945,4.739999771118164,483100,0.0,0.0
2006-01-31 00:00:00-05:00,4.739999771118164,4.920000076293945,4.650000095367432,4.699999809265137,234700,0.0,0.0
2006-02-01 00:00:00-05:00,4.679999828338623,4.730000019073486,4.539999961853027,4.630000114440918,174400,0.0,0.0
2006-02-02 00:00:00-05:00,4.53000020980835,4.53000020980835,4.429999828338623,4.460000038146973,201000,0.0,0.0
2006-02-03 00:00:00-05:00,4.420000076293945,4.429999828338623,4.25,4.300000190734863,167000,0.0,0.0
2006-02-06 00:00:00-05:00,4.300000190734863,4.360000133514404,4.010000228881836,4.090000152587891,345300,0.0,0.0
2006-02-07 00:00:00-05:00,4.150000095367432,4.480000019073486,4.099999904632568,4.21999979019165,201300,0.0,0.0
2006-02-08 00:00:00-05:00,4.230000019073486,4.400000095367432,4.230000019073486,4.340000152587891,195400,0.0,0.0
2006-02-09 00:00:00-05:00,4.53000020980835,4.880000114440918,4.53000020980835,4.550000190734863,415100,0.0,0.0
2006-02-10 00:00:00-05:00,4.550000190734863,4.550000190734863,4.239999771118164,4.340000152587891,234800,0.0,0.0
2006-02-13 00:00:00-05:00,4.340000152587891,4.440000057220459,4.230000019073486,4.300000190734863,126400,0.0,0.0
2006-02-14 00:00:00-05:00,4.300000190734863,4.389999866485596,4.199999809265137,4.269999980926514,98700,0.0,0.0
2006-02-15 00:00:00-05:00,4.289999961853027,4.360000133514404,4.28000020980835,4.329999923706055,78500,0.0,0.0
2006-02-16 00:00:00-05:00,4.329999923706055,4.449999809265137,4.230000019073486,4.300000190734863,182800,0.0,0.0
2006-02-17 00:00:00-05:00,4.289999961853027,4.420000076293945,4.25,4.320000171661377,135400,0.0,0.0
2006-02-21 00:00:00-05:00,4.289999961853027,4.440000057220459,3.9000000953674316,4.25,235100,0.0,0.0
2006-02-22 00:00:00-05:00,4.300000190734863,4.599999904632568,4.300000190734863,4.489999771118164,396900,0.0,0.0
2006-02-23 00:00:00-05:00,4.550000190734863,4.579999923706055,4.300000190734863,4.400000095367432,220400,0.0,0.0
2006-02-24 00:00:00-05:00,4.409999847412109,4.690000057220459,4.409999847412109,4.539999961853027,244300,0.0,0.0
2006-02-27 00:00:00-05:00,4.53000020980835,4.619999885559082,4.420000076293945,4.5,129700,0.0,0.0
2006-02-28 00:00:00-05:00,4.53000020980835,4.590000152587891,4.400000095367432,4.449999809265137,120400,0.0,0.0
2006-03-01 00:00:00-05:00,4.5,4.519999980926514,4.25,4.380000114440918,158900,0.0,0.0
2006-03-02 00:00:00-05:00,4.320000171661377,4.440000057220459,4.260000228881836,4.380000114440918,170900,0.0,0.0
2006-03-03 00:00:00-05:00,4.400000095367432,4.480000019073486,4.309999942779541,4.369999885559082,78300,0.0,0.0
2006-03-06 00:00:00-05:00,4.369999885559082,4.409999847412109,4.179999828338623,4.239999771118164,269100,0.0,0.0
2006-03-07 00:00:00-05:00,4.289999961853027,4.300000190734863,4.0,4.119999885559082,139300,0.0,0.0
2006-03-08 00:00:00-05:00,4.099999904632568,4.150000095367432,4.0,4.130000114440918,182500,0.0,0.0
2006-03-09 00:00:00-05:00,4.159999847412109,4.28000020980835,4.150000095367432,4.170000076293945,139600,0.0,0.0
2006-03-10 00:00:00-05:00,4.239999771118164,4.320000171661377,4.150000095367432,4.159999847412109,118600,0.0,0.0
2006-03-13 00:00:00-05:00,4.150000095367432,4.289999961853027,4.119999885559082,4.239999771118164,97100,0.0,0.0
2006-03-14 00:00:00-05:00,4.25,4.360000133514404,4.21999979019165,4.230000019073486,79500,0.0,0.0
2006-03-15 00:00:00-05:00,4.230000019073486,4.289999961853027,4.179999828338623,4.190000057220459,82000,0.0,0.0
2006-03-16 00:00:00-05:00,4.289999961853027,4.440000057220459,4.210000038146973,4.389999866485596,157700,0.0,0.0
2006-03-17 00:00:00-05:00,4.389999866485596,4.409999847412109,4.230000019073486,4.400000095367432,148700,0.0,0.0
2006-03-20 00:00:00-05:00,4.409999847412109,4.5,4.269999980926514,4.400000095367432,122700,0.0,0.0
2006-03-21 00:00:00-05:00,4.440000057220459,4.5,4.380000114440918,4.460000038146973,124600,0.0,0.0
2006-03-22 00:00:00-05:00,4.460000038146973,4.460000038146973,4.329999923706055,4.420000076293945,68700,0.0,0.0
2006-03-23 00:00:00-05:00,4.409999847412109,4.480000019073486,4.329999923706055,4.460000038146973,72800,0.0,0.0
2006-03-24 00:00:00-05:00,4.440000057220459,4.440000057220459,4.340000152587891,4.409999847412109,65700,0.0,0.0
2006-03-27 00:00:00-05:00,4.309999942779541,4.400000095367432,4.309999942779541,4.400000095367432,78800,0.0,0.0
2006-03-28 00:00:00-05:00,4.400000095367432,4.46999979019165,4.340000152587891,4.409999847412109,143400,0.0,0.0
2006-03-29 00:00:00-05:00,4.400000095367432,4.460000038146973,4.309999942779541,4.409999847412109,114400,0.0,0.0
2006-03-30 00:00:00-05:00,4.400000095367432,4.429999828338623,4.320000171661377,4.329999923706055,84800,0.0,0.0
2006-03-31 00:00:00-05:00,4.320000171661377,4.400000095367432,4.300000190734863,4.400000095367432,67800,0.0,0.0
2006-04-03 00:00:00-04:00,4.340000152587891,4.389999866485596,4.28000020980835,4.389999866485596,129400,0.0,0.0
2006-04-04 00:00:00-04:00,4.380000114440918,4.389999866485596,4.25,4.300000190734863,74900,0.0,0.0
2006-04-05 00:00:00-04:00,4.289999961853027,4.360000133514404,4.269999980926514,4.349999904632568,52900,0.0,0.0
2006-04-06 00:00:00-04:00,4.389999866485596,4.449999809265137,4.329999923706055,4.440000057220459,138900,0.0,0.0
2006-04-07 00:00:00-04:00,4.460000038146973,4.730000019073486,4.420000076293945,4.659999847412109,368800,0.0,0.0
2006-04-10 00:00:00-04:00,4.75,4.829999923706055,4.449999809265137,4.570000171661377,144100,0.0,0.0
2006-04-11 00:00:00-04:00,4.539999961853027,4.570000171661377,4.340000152587891,4.409999847412109,122500,0.0,0.0
2006-04-12 00:00:00-04:00,4.400000095367432,4.5,4.360000133514404,4.46999979019165,63700,0.0,0.0
2006-04-13 00:00:00-04:00,4.820000171661377,4.989999771118164,4.760000228881836,4.849999904632568,444800,0.0,0.0
2006-04-17 00:00:00-04:00,4.960000038146973,4.960000038146973,4.710000038146973,4.789999961853027,161900,0.0,0.0
2006-04-18 00:00:00-04:00,4.889999866485596,4.889999866485596,4.590000152587891,4.650000095367432,195700,0.0,0.0
2006-04-19 00:00:00-04:00,4.730000019073486,4.75,4.5,4.590000152587891,178100,0.0,0.0
2006-04-20 00:00:00-04:00,4.550000190734863,4.730000019073486,4.510000228881836,4.659999847412109,141700,0.0,0.0
2006-04-21 00:00:00-04:00,4.670000076293945,4.789999961853027,4.630000114440918,4.670000076293945,139500,0.0,0.0
2006-04-24 00:00:00-04:00,4.650000095367432,4.710000038146973,4.599999904632568,4.699999809265137,69100,0.0,0.0
2006-04-25 00:00:00-04:00,4.710000038146973,4.739999771118164,4.630000114440918,4.690000057220459,68200,0.0,0.0
2006-04-26 00:00:00-04:00,4.71999979019165,4.869999885559082,4.699999809265137,4.699999809265137,161500,0.0,0.0
2006-04-27 00:00:00-04:00,4.75,4.809999942779541,4.650000095367432,4.730000019073486,92200,0.0,0.0
2006-04-28 00:00:00-04:00,4.820000171661377,4.820000171661377,4.559999942779541,4.71999979019165,140100,0.0,0.0
2006-05-01 00:00:00-04:00,4.75,4.75,4.559999942779541,4.570000171661377,88100,0.0,0.0
2006-05-02 00:00:00-04:00,4.599999904632568,4.639999866485596,4.5,4.579999923706055,157100,0.0,0.0
2006-05-03 00:00:00-04:00,4.659999847412109,5.079999923706055,4.449999809265137,5.03000020980835,846200,0.0,0.0
2006-05-04 00:00:00-04:00,5.099999904632568,5.099999904632568,4.949999809265137,5.03000020980835,228500,0.0,0.0
2006-05-05 00:00:00-04:00,4.949999809265137,5.090000152587891,4.949999809265137,5.0,156900,0.0,0.0
2006-05-08 00:00:00-04:00,4.949999809265137,5.0,4.840000152587891,4.920000076293945,107000,0.0,0.0
2006-05-09 00:00:00-04:00,4.900000095367432,4.960000038146973,4.809999942779541,4.880000114440918,131300,0.0,0.0
2006-05-10 00:00:00-04:00,4.820000171661377,4.889999866485596,4.800000190734863,4.820000171661377,146400,0.0,0.0
2006-05-11 00:00:00-04:00,4.800000190734863,4.949999809265137,4.78000020980835,4.920000076293945,275500,0.0,0.0
2006-05-12 00:00:00-04:00,4.920000076293945,5.039999961853027,4.800000190734863,4.809999942779541,175600,0.0,0.0
2006-05-15 00:00:00-04:00,4.800000190734863,4.860000133514404,4.610000133514404,4.670000076293945,131000,0.0,0.0
2006-05-16 00:00:00-04:00,4.699999809265137,4.699999809265137,4.570000171661377,4.599999904632568,123400,0.0,0.0
2006-05-17 00:00:00-04:00,4.550000190734863,4.579999923706055,4.440000057220459,4.460000038146973,117300,0.0,0.0
2006-05-18 00:00:00-04:00,4.460000038146973,4.630000114440918,4.460000038146973,4.559999942779541,80500,0.0,0.0
2006-05-19 00:00:00-04:00,4.559999942779541,4.590000152587891,4.400000095367432,4.5,119300,0.0,0.0
2006-05-22 00:00:00-04:00,4.489999771118164,4.619999885559082,4.449999809265137,4.550000190734863,62100,0.0,0.0
2006-05-23 00:00:00-04:00,4.550000190734863,4.659999847412109,4.510000228881836,4.639999866485596,71100,0.0,0.0
2006-05-24 00:00:00-04:00,4.599999904632568,4.630000114440918,4.460000038146973,4.610000133514404,116300,0.0,0.0
2006-05-25 00:00:00-04:00,4.710000038146973,4.78000020980835,4.610000133514404,4.619999885559082,92100,0.0,0.0
2006-05-26 00:00:00-04:00,4.610000133514404,4.670000076293945,4.539999961853027,4.610000133514404,57800,0.0,0.0
2006-05-30 00:00:00-04:00,4.610000133514404,4.710000038146973,4.429999828338623,4.539999961853027,124900,0.0,0.0
2006-05-31 00:00:00-04:00,4.519999980926514,4.559999942779541,4.460000038146973,4.510000228881836,118600,0.0,0.0
2006-06-01 00:00:00-04:00,4.510000228881836,4.690000057220459,4.489999771118164,4.610000133514404,220800,0.0,0.0
2006-06-02 00:00:00-04:00,4.610000133514404,4.809999942779541,4.610000133514404,4.760000228881836,92700,0.0,0.0
2006-06-05 00:00:00-04:00,4.75,4.849999904632568,4.710000038146973,4.789999961853027,70600,0.0,0.0
2006-06-06 00:00:00-04:00,4.829999923706055,4.900000095367432,4.800000190734863,4.820000171661377,55400,0.0,0.0
2006-06-07 00:00:00-04:00,4.860000133514404,4.929999828338623,4.800000190734863,4.800000190734863,80700,0.0,0.0
2006-06-08 00:00:00-04:00,4.75,4.860000133514404,4.730000019073486,4.829999923706055,40400,0.0,0.0
2006-06-09 00:00:00-04:00,4.800000190734863,4.920000076293945,4.800000190734863,4.889999866485596,43300,0.0,0.0
2006-06-12 00:00:00-04:00,4.909999847412109,4.909999847412109,4.659999847412109,4.659999847412109,82100,0.0,0.0
2006-06-13 00:00:00-04:00,4.619999885559082,4.690000057220459,4.389999866485596,4.440000057220459,166600,0.0,0.0
2006-06-14 00:00:00-04:00,4.449999809265137,4.550000190734863,4.449999809265137,4.489999771118164,50400,0.0,0.0
2006-06-15 00:00:00-04:00,4.590000152587891,4.75,4.590000152587891,4.710000038146973,48900,0.0,0.0
2006-06-16 00:00:00-04:00,4.75,4.849999904632568,4.730000019073486,4.800000190734863,50300,0.0,0.0
2006-06-19 00:00:00-04:00,4.699999809265137,4.75,4.619999885559082,4.699999809265137,47400,0.0,0.0
2006-06-20 00:00:00-04:00,4.679999828338623,4.880000114440918,4.639999866485596,4.789999961853027,43500,0.0,0.0
2006-06-21 00:00:00-04:00,4.769999980926514,4.829999923706055,4.690000057220459,4.710000038146973,84300,0.0,0.0
2006-06-22 00:00:00-04:00,4.650000095367432,4.800000190734863,4.650000095367432,4.769999980926514,81700,0.0,0.0
2006-06-23 00:00:00-04:00,4.760000228881836,4.800000190734863,4.739999771118164,4.789999961853027,72300,0.0,0.0
2006-06-26 00:00:00-04:00,4.78000020980835,5.059999942779541,4.78000020980835,5.050000190734863,146300,0.0,0.0
2006-06-27 00:00:00-04:00,5.059999942779541,5.320000171661377,5.0,5.300000190734863,436300,0.0,0.0
2006-06-28 00:00:00-04:00,5.300000190734863,5.409999847412109,5.150000095367432,5.349999904632568,159100,0.0,0.0
2006-06-29 00:00:00-04:00,5.420000076293945,5.5,5.269999980926514,5.5,124800,0.0,0.0
2006-06-30 00:00:00-04:00,5.489999771118164,5.489999771118164,5.320000171661377,5.400000095367432,198100,0.0,0.0
2006-07-03 00:00:00-04:00,5.409999847412109,5.519999980926514,5.400000095367432,5.510000228881836,72900,0.0,0.0
2006-07-05 00:00:00-04:00,5.519999980926514,5.519999980926514,5.420000076293945,5.489999771118164,140500,0.0,0.0
2006-07-06 00:00:00-04:00,5.5,5.5,5.320000171661377,5.360000133514404,85400,0.0,0.0
2006-07-07 00:00:00-04:00,5.320000171661377,5.369999885559082,5.150000095367432,5.300000190734863,62000,0.0,0.0
2006-07-10 00:00:00-04:00,5.28000020980835,5.320000171661377,5.070000171661377,5.239999771118164,73700,0.0,0.0
2006-07-11 00:00:00-04:00,5.489999771118164,5.599999904632568,5.409999847412109,5.480000019073486,257200,0.0,0.0
2006-07-12 00:00:00-04:00,5.510000228881836,5.510000228881836,5.420000076293945,5.460000038146973,115000,0.0,0.0
2006-07-13 00:00:00-04:00,5.46999979019165,5.800000190734863,5.349999904632568,5.75,495200,0.0,0.0
2006-07-14 00:00:00-04:00,5.769999980926514,5.849999904632568,5.650000095367432,5.679999828338623,94800,0.0,0.0
2006-07-17 00:00:00-04:00,5.699999809265137,5.75,5.449999809265137,5.550000190734863,115800,0.0,0.0
2006-07-18 00:00:00-04:00,5.5,5.659999847412109,5.5,5.5,72300,0.0,0.0
2006-07-19 00:00:00-04:00,5.449999809265137,5.590000152587891,5.400000095367432,5.550000190734863,124100,0.0,0.0
2006-07-20 00:00:00-04:00,5.449999809265137,5.699999809265137,5.449999809265137,5.519999980926514,101400,0.0,0.0
2006-07-21 00:00:00-04:00,5.5,5.639999866485596,5.429999828338623,5.559999942779541,96000,0.0,0.0
2006-07-24 00:00:00-04:00,5.539999961853027,5.590000152587891,5.480000019073486,5.5,194800,0.0,0.0
2006-07-25 00:00:00-04:00,5.559999942779541,5.630000114440918,5.5,5.570000171661377,83300,0.0,0.0
2006-07-26 00:00:00-04:00,5.619999885559082,5.809999942779541,5.519999980926514,5.679999828338623,99600,0.0,0.0
2006-07-27 00:00:00-04:00,5.739999771118164,5.800000190734863,5.599999904632568,5.630000114440918,82500,0.0,0.0
2006-07-28 00:00:00-04:00,5.610000133514404,5.630000114440918,5.489999771118164,5.559999942779541,79000,0.0,0.0
2006-07-31 00:00:00-04:00,5.510000228881836,5.690000057220459,5.480000019073486,5.599999904632568,38500,0.0,0.0
2006-08-01 00:00:00-04:00,5.570000171661377,5.670000076293945,5.400000095367432,5.46999979019165,56200,0.0,0.0
2006-08-02 00:00:00-04:00,5.440000057220459,5.53000020980835,5.420000076293945,5.449999809265137,87900,0.0,0.0
2006-08-03 00:00:00-04:00,5.510000228881836,5.960000038146973,5.510000228881836,5.869999885559082,187400,0.0,0.0
2006-08-04 00:00:00-04:00,5.820000171661377,5.949999809265137,5.800000190734863,5.889999866485596,145300,0.0,0.0
2006-08-07 00:00:00-04:00,5.940000057220459,5.940000057220459,5.650000095367432,5.75,86000,0.0,0.0
2006-08-08 00:00:00-04:00,5.75,5.860000133514404,5.71999979019165,5.739999771118164,26900,0.0,0.0
2006-08-09 00:00:00-04:00,5.550000190734863,5.599999904632568,5.489999771118164,5.5,106400,0.0,0.0
2006-08-10 00:00:00-04:00,5.5,5.599999904632568,5.400000095367432,5.519999980926514,312800,0.0,0.0
2006-08-11 00:00:00-04:00,5.519999980926514,5.53000020980835,5.440000057220459,5.480000019073486,416700,0.0,0.0
2006-08-14 00:00:00-04:00,5.489999771118164,5.650000095367432,5.440000057220459,5.550000190734863,134800,0.0,0.0
2006-08-15 00:00:00-04:00,5.590000152587891,5.650000095367432,5.5,5.650000095367432,56300,0.0,0.0
2006-08-16 00:00:00-04:00,5.579999923706055,5.630000114440918,5.5,5.570000171661377,36500,0.0,0.0
2006-08-17 00:00:00-04:00,5.599999904632568,5.619999885559082,5.5,5.53000020980835,57900,0.0,0.0
2006-08-18 00:00:00-04:00,5.519999980926514,5.599999904632568,5.5,5.579999923706055,46900,0.0,0.0
2006-08-21 00:00:00-04:00,5.579999923706055,5.679999828338623,5.550000190734863,5.679999828338623,82800,0.0,0.0
2006-08-22 00:00:00-04:00,5.679999828338623,5.739999771118164,5.610000133514404,5.699999809265137,38000,0.0,0.0
2006-08-23 00:00:00-04:00,5.690000057220459,5.71999979019165,5.619999885559082,5.650000095367432,31500,0.0,0.0
2006-08-24 00:00:00-04:00,5.619999885559082,5.75,5.579999923706055,5.75,44400,0.0,0.0
2006-08-25 00:00:00-04:00,5.789999961853027,5.800000190734863,5.690000057220459,5.710000038146973,27100,0.0,0.0
2006-08-28 00:00:00-04:00,5.699999809265137,5.829999923706055,5.699999809265137,5.760000228881836,36000,0.0,0.0
2006-08-29 00:00:00-04:00,5.699999809265137,5.800000190734863,5.639999866485596,5.769999980926514,92100,0.0,0.0
2006-08-30 00:00:00-04:00,5.78000020980835,5.869999885559082,5.760000228881836,5.809999942779541,80400,0.0,0.0
2006-08-31 00:00:00-04:00,5.809999942779541,6.0,5.789999961853027,5.989999771118164,92900,0.0,0.0
2006-09-01 00:00:00-04:00,6.050000190734863,6.179999828338623,6.0,6.159999847412109,146200,0.0,0.0
2006-09-05 00:00:00-04:00,6.190000057220459,6.400000095367432,6.190000057220459,6.400000095367432,223500,0.0,0.0
2006-09-06 00:00:00-04:00,6.449999809265137,6.449999809265137,6.320000171661377,6.329999923706055,71200,0.0,0.0
2006-09-07 00:00:00-04:00,6.300000190734863,6.349999904632568,6.25,6.25,76300,0.0,0.0
2006-09-08 00:00:00-04:00,6.28000020980835,6.5,6.28000020980835,6.489999771118164,116400,0.0,0.0
2006-09-11 00:00:00-04:00,6.5,6.650000095367432,6.449999809265137,6.550000190734863,113200,0.0,0.0
2006-09-12 00:00:00-04:00,6.550000190734863,6.800000190734863,6.5,6.78000020980835,157800,0.0,0.0
2006-09-13 00:00:00-04:00,6.789999961853027,6.829999923706055,6.539999961853027,6.710000038146973,82600,0.0,0.0
2006-09-14 00:00:00-04:00,6.71999979019165,6.71999979019165,6.440000057220459,6.690000057220459,142800,0.0,0.0
2006-09-15 00:00:00-04:00,6.690000057220459,6.900000095367432,6.550000190734863,6.829999923706055,103700,0.0,0.0
2006-09-18 00:00:00-04:00,6.849999904632568,6.889999866485596,6.690000057220459,6.739999771118164,27500,0.0,0.0
2006-09-19 00:00:00-04:00,6.789999961853027,6.789999961853027,6.599999904632568,6.650000095367432,66100,0.0,0.0
2006-09-20 00:00:00-04:00,6.699999809265137,6.75,6.579999923706055,6.579999923706055,70000,0.0,0.0
2006-09-21 00:00:00-04:00,6.590000152587891,6.690000057220459,6.5,6.630000114440918,69200,0.0,0.0
2006-09-22 00:00:00-04:00,6.579999923706055,6.679999828338623,6.5,6.559999942779541,83400,0.0,0.0
2006-09-25 00:00:00-04:00,6.599999904632568,6.619999885559082,6.489999771118164,6.559999942779541,53900,0.0,0.0
2006-09-26 00:00:00-04:00,6.599999904632568,6.650000095367432,6.539999961853027,6.559999942779541,43100,0.0,0.0
2006-09-27 00:00:00-04:00,6.570000171661377,6.619999885559082,6.539999961853027,6.559999942779541,46600,0.0,0.0
2006-09-28 00:00:00-04:00,6.539999961853027,6.570000171661377,6.5,6.539999961853027,44300,0.0,0.0
2006-09-29 00:00:00-04:00,6.53000020980835,6.650000095367432,6.449999809265137,6.449999809265137,74800,0.0,0.0
2006-10-02 00:00:00-04:00,6.449999809265137,6.460000038146973,6.400000095367432,6.409999847412109,74000,0.0,0.0
2006-10-03 00:00:00-04:00,6.409999847412109,6.489999771118164,6.360000133514404,6.369999885559082,50400,0.0,0.0
2006-10-04 00:00:00-04:00,6.360000133514404,6.409999847412109,6.199999809265137,6.28000020980835,125600,0.0,0.0
2006-10-05 00:00:00-04:00,6.25,6.329999923706055,6.159999847412109,6.289999961853027,72600,0.0,0.0
2006-10-06 00:00:00-04:00,6.25,6.340000152587891,6.210000038146973,6.28000020980835,36900,0.0,0.0
2006-10-09 00:00:00-04:00,6.260000228881836,6.28000020980835,6.070000171661377,6.21999979019165,65100,0.0,0.0
2006-10-10 00:00:00-04:00,6.179999828338623,6.199999809265137,6.099999904632568,6.150000095367432,44800,0.0,0.0
2006-10-11 00:00:00-04:00,5.980000019073486,6.190000057220459,5.980000019073486,6.190000057220459,31700,0.0,0.0
2006-10-12 00:00:00-04:00,6.25,6.28000020980835,6.050000190734863,6.199999809265137,129600,0.0,0.0
2006-10-13 00:00:00-04:00,6.210000038146973,6.210000038146973,6.059999942779541,6.090000152587891,71600,0.0,0.0
2006-10-16 00:00:00-04:00,6.070000171661377,6.079999923706055,5.900000095367432,5.920000076293945,145800,0.0,0.0
2006-10-17 00:00:00-04:00,5.900000095367432,5.949999809265137,5.889999866485596,5.940000057220459,87400,0.0,0.0
2006-10-18 00:00:00-04:00,5.940000057220459,6.150000095367432,5.75,5.980000019073486,161800,0.0,0.0
2006-10-19 00:00:00-04:00,5.96999979019165,6.150000095367432,5.860000133514404,6.099999904632568,64500,0.0,0.0
2006-10-20 00:00:00-04:00,6.130000114440918,6.139999866485596,6.070000171661377,6.090000152587891,34200,0.0,0.0
2006-10-23 00:00:00-04:00,6.119999885559082,6.119999885559082,5.78000020980835,5.809999942779541,103800,0.0,0.0
2006-10-24 00:00:00-04:00,5.769999980926514,5.809999942779541,5.71999979019165,5.71999979019165,62100,0.0,0.0
2006-10-25 00:00:00-04:00,5.730000019073486,5.809999942779541,5.699999809265137,5.789999961853027,48000,0.0,0.0
2006-10-26 00:00:00-04:00,5.829999923706055,5.829999923706055,5.75,5.760000228881836,31700,0.0,0.0
2006-10-27 00:00:00-04:00,5.730000019073486,5.869999885559082,5.699999809265137,5.849999904632568,69400,0.0,0.0
2006-10-30 00:00:00-05:00,5.909999847412109,6.070000171661377,5.900000095367432,5.949999809265137,64600,0.0,0.0
2006-10-31 00:00:00-05:00,5.989999771118164,6.0,5.800000190734863,5.960000038146973,44000,0.0,0.0
2006-11-01 00:00:00-05:00,5.949999809265137,6.03000020980835,5.889999866485596,5.920000076293945,41400,0.0,0.0
2006-11-02 00:00:00-05:00,6.199999809265137,6.409999847412109,6.010000228881836,6.21999979019165,559900,0.0,0.0
2006-11-03 00:00:00-05:00,6.329999923706055,6.369999885559082,6.239999771118164,6.300000190734863,144000,0.0,0.0
2006-11-06 00:00:00-05:00,6.340000152587891,6.340000152587891,6.199999809265137,6.309999942779541,148300,0.0,0.0
2006-11-07 00:00:00-05:00,6.309999942779541,6.340000152587891,6.230000019073486,6.300000190734863,67900,0.0,0.0
2006-11-08 00:00:00-05:00,6.260000228881836,6.340000152587891,6.210000038146973,6.329999923706055,75800,0.0,0.0
2006-11-09 00:00:00-05:00,6.25,6.329999923706055,6.25,6.329999923706055,62100,0.0,0.0
2006-11-10 00:00:00-05:00,6.349999904632568,6.369999885559082,6.300000190734863,6.369999885559082,40500,0.0,0.0
2006-11-13 00:00:00-05:00,6.320000171661377,6.5,6.320000171661377,6.440000057220459,73800,0.0,0.0
2006-11-14 00:00:00-05:00,6.480000019073486,6.5,6.269999980926514,6.300000190734863,85000,0.0,0.0
2006-11-15 00:00:00-05:00,6.289999961853027,6.440000057220459,6.269999980926514,6.429999828338623,51500,0.0,0.0
2006-11-16 00:00:00-05:00,6.460000038146973,6.480000019073486,6.360000133514404,6.480000019073486,66600,0.0,0.0
2006-11-17 00:00:00-05:00,6.489999771118164,6.53000020980835,6.380000114440918,6.53000020980835,74800,0.0,0.0
2006-11-20 00:00:00-05:00,6.550000190734863,6.590000152587891,6.46999979019165,6.519999980926514,64600,0.0,0.0
2006-11-21 00:00:00-05:00,6.489999771118164,6.539999961853027,6.420000076293945,6.449999809265137,47900,0.0,0.0
2006-11-22 00:00:00-05:00,6.590000152587891,6.659999847412109,6.579999923706055,6.650000095367432,90700,0.0,0.0
2006-11-24 00:00:00-05:00,6.679999828338623,6.679999828338623,6.53000020980835,6.659999847412109,36000,0.0,0.0
2006-11-27 00:00:00-05:00,6.690000057220459,6.690000057220459,6.5,6.5,40200,0.0,0.0
2006-11-28 00:00:00-05:00,6.489999771118164,6.559999942779541,6.449999809265137,6.539999961853027,34900,0.0,0.0
2006-11-29 00:00:00-05:00,6.550000190734863,6.550000190734863,6.440000057220459,6.480000019073486,56700,0.0,0.0
2006-11-30 00:00:00-05:00,6.5,6.610000133514404,6.5,6.610000133514404,27700,0.0,0.0
2006-12-01 00:00:00-05:00,6.599999904632568,6.739999771118164,6.5,6.699999809265137,83100,0.0,0.0
2006-12-04 00:00:00-05:00,6.730000019073486,6.739999771118164,6.579999923706055,6.670000076293945,52400,0.0,0.0
2006-12-05 00:00:00-05:00,6.639999866485596,6.699999809265137,6.599999904632568,6.639999866485596,43700,0.0,0.0
2006-12-06 00:00:00-05:00,6.619999885559082,6.800000190734863,6.619999885559082,6.739999771118164,76200,0.0,0.0
2006-12-07 00:00:00-05:00,6.739999771118164,6.789999961853027,6.710000038146973,6.739999771118164,37100,0.0,0.0
2006-12-08 00:00:00-05:00,6.75,6.75,6.619999885559082,6.639999866485596,57800,0.0,0.0
2006-12-11 00:00:00-05:00,6.889999866485596,7.429999828338623,6.809999942779541,7.119999885559082,662800,0.0,0.0
2006-12-12 00:00:00-05:00,7.289999961853027,7.329999923706055,7.03000020980835,7.179999828338623,206900,0.0,0.0
2006-12-13 00:00:00-05:00,7.460000038146973,7.460000038146973,7.110000133514404,7.170000076293945,104600,0.0,0.0
2006-12-14 00:00:00-05:00,7.150000095367432,7.449999809265137,7.099999904632568,7.429999828338623,111900,0.0,0.0
2006-12-15 00:00:00-05:00,7.460000038146973,7.5,7.28000020980835,7.320000171661377,131900,0.0,0.0
2006-12-18 00:00:00-05:00,7.309999942779541,7.369999885559082,7.070000171661377,7.239999771118164,82300,0.0,0.0
2006-12-19 00:00:00-05:00,7.269999980926514,7.340000152587891,7.039999961853027,7.159999847412109,116200,0.0,0.0
2006-12-20 00:00:00-05:00,7.110000133514404,7.5,7.110000133514404,7.349999904632568,419700,0.0,0.0
2006-12-21 00:00:00-05:00,7.420000076293945,7.610000133514404,7.28000020980835,7.409999847412109,161000,0.0,0.0
2006-12-22 00:00:00-05:00,7.440000057220459,7.5,7.349999904632568,7.460000038146973,157700,0.0,0.0
2006-12-26 00:00:00-05:00,7.590000152587891,7.590000152587891,7.420000076293945,7.5,109500,0.0,0.0
2006-12-27 00:00:00-05:00,7.639999866485596,7.75,7.0,7.710000038146973,140200,0.0,0.0
2006-12-28 00:00:00-05:00,7.730000019073486,7.800000190734863,7.550000190734863,7.699999809265137,129800,0.0,0.0
2006-12-29 00:00:00-05:00,7.730000019073486,7.75,7.460000038146973,7.650000095367432,75600,0.0,0.0
2007-01-03 00:00:00-05:00,7.699999809265137,7.829999923706055,7.46999979019165,7.639999866485596,122500,0.0,0.0
2007-01-04 00:00:00-05:00,7.579999923706055,7.650000095367432,7.400000095367432,7.46999979019165,87900,0.0,0.0
2007-01-05 00:00:00-05:00,7.420000076293945,7.510000228881836,7.329999923706055,7.400000095367432,55100,0.0,0.0
2007-01-08 00:00:00-05:00,7.099999904632568,7.190000057220459,7.0,7.110000133514404,143800,0.0,0.0
2007-01-09 00:00:00-05:00,7.099999904632568,7.150000095367432,7.0,7.099999904632568,100200,0.0,0.0
2007-01-10 00:00:00-05:00,7.190000057220459,7.5,7.159999847412109,7.239999771118164,159700,0.0,0.0
2007-01-11 00:00:00-05:00,7.150000095367432,7.349999904632568,7.130000114440918,7.239999771118164,127900,0.0,0.0
2007-01-12 00:00:00-05:00,7.25,7.429999828338623,7.050000190734863,7.360000133514404,134800,0.0,0.0
2007-01-16 00:00:00-05:00,7.409999847412109,7.690000057220459,7.400000095367432,7.570000171661377,152700,0.0,0.0
2007-01-17 00:00:00-05:00,7.650000095367432,7.789999961853027,7.630000114440918,7.699999809265137,123700,0.0,0.0
2007-01-18 00:00:00-05:00,7.690000057220459,7.769999980926514,7.519999980926514,7.71999979019165,147300,0.0,0.0
2007-01-19 00:00:00-05:00,7.75,8.050000190734863,7.699999809265137,7.980000019073486,452800,0.0,0.0
2007-01-22 00:00:00-05:00,8.079999923706055,8.199999809265137,7.929999828338623,8.180000305175781,291700,0.0,0.0
2007-01-23 00:00:00-05:00,8.25,8.470000267028809,8.15999984741211,8.470000267028809,229100,0.0,0.0
2007-01-24 00:00:00-05:00,8.5,8.5,8.34000015258789,8.449999809265137,185900,0.0,0.0
2007-01-25 00:00:00-05:00,8.4399995803833,8.5,8.369999885559082,8.420000076293945,119600,0.0,0.0
2007-01-26 00:00:00-05:00,8.449999809265137,8.449999809265137,8.149999618530273,8.270000457763672,91300,0.0,0.0
2007-01-29 00:00:00-05:00,8.199999809265137,8.25,8.170000076293945,8.25,101000,0.0,0.0
2007-01-30 00:00:00-05:00,8.260000228881836,8.350000381469727,8.180000305175781,8.3100004196167,111100,0.0,0.0
2007-01-31 00:00:00-05:00,8.15999984741211,8.420000076293945,8.100000381469727,8.40999984741211,170200,0.0,0.0
2007-02-01 00:00:00-05:00,8.40999984741211,8.569999694824219,8.399999618530273,8.449999809265137,123000,0.0,0.0
2007-02-02 00:00:00-05:00,8.399999618530273,8.890000343322754,8.399999618530273,8.779999732971191,375600,0.0,0.0
2007-02-05 00:00:00-05:00,9.0,9.199999809265137,8.899999618530273,9.0,196200,0.0,0.0
2007-02-06 00:00:00-05:00,9.029999732971191,9.170000076293945,8.880000114440918,8.890000343322754,147200,0.0,0.0
2007-02-07 00:00:00-05:00,8.890000343322754,9.300000190734863,8.890000343322754,9.279999732971191,305700,0.0,0.0
2007-02-08 00:00:00-05:00,9.350000381469727,9.449999809265137,9.1899995803833,9.300000190734863,182900,0.0,0.0
2007-02-09 00:00:00-05:00,9.300000190734863,9.399999618530273,9.029999732971191,9.109999656677246,122200,0.0,0.0
2007-02-12 00:00:00-05:00,8.989999771118164,9.100000381469727,8.75,8.850000381469727,137600,0.0,0.0
2007-02-13 00:00:00-05:00,8.84000015258789,8.880000114440918,8.479999542236328,8.569999694824219,233000,0.0,0.0
2007-02-14 00:00:00-05:00,8.5,9.180000305175781,8.470000267028809,9.020000457763672,178400,0.0,0.0
2007-02-15 00:00:00-05:00,9.0600004196167,9.399999618530273,9.010000228881836,9.350000381469727,238500,0.0,0.0
2007-02-16 00:00:00-05:00,9.430000305175781,9.510000228881836,9.119999885559082,9.149999618530273,111800,0.0,0.0
2007-02-20 00:00:00-05:00,9.359999656677246,9.420000076293945,8.84000015258789,8.899999618530273,153900,0.0,0.0
2007-02-21 00:00:00-05:00,8.850000381469727,9.069999694824219,8.609999656677246,8.960000038146973,152500,0.0,0.0
2007-02-22 00:00:00-05:00,9.0,9.15999984741211,8.760000228881836,8.859999656677246,63200,0.0,0.0
2007-02-23 00:00:00-05:00,8.850000381469727,8.890000343322754,8.510000228881836,8.65999984741211,132800,0.0,0.0
2007-02-26 00:00:00-05:00,8.649999618530273,8.649999618530273,7.480000019073486,8.199999809265137,360600,0.0,0.0
2007-02-27 00:00:00-05:00,8.210000038146973,8.210000038146973,7.570000171661377,7.570000171661377,249500,0.0,0.0
2007-02-28 00:00:00-05:00,7.690000057220459,8.140000343322754,7.650000095367432,7.869999885559082,197200,0.0,0.0
2007-03-01 00:00:00-05:00,7.679999828338623,7.840000152587891,7.550000190734863,7.78000020980835,129000,0.0,0.0
2007-03-02 00:00:00-05:00,7.860000133514404,7.880000114440918,7.75,7.820000171661377,96800,0.0,0.0
2007-03-05 00:00:00-05:00,7.800000190734863,7.880000114440918,7.630000114440918,7.840000152587891,181100,0.0,0.0
2007-03-06 00:00:00-05:00,7.809999942779541,7.96999979019165,7.590000152587891,7.670000076293945,92500,0.0,0.0
2007-03-07 00:00:00-05:00,7.670000076293945,7.75,7.639999866485596,7.670000076293945,59400,0.0,0.0
2007-03-08 00:00:00-05:00,7.639999866485596,7.829999923706055,7.190000057220459,7.789999961853027,64800,0.0,0.0
2007-03-09 00:00:00-05:00,7.829999923706055,7.949999809265137,7.659999847412109,7.760000228881836,56000,0.0,0.0
2007-03-12 00:00:00-04:00,7.760000228881836,7.869999885559082,7.739999771118164,7.820000171661377,65800,0.0,0.0
2007-03-13 00:00:00-04:00,7.429999828338623,7.829999923706055,7.429999828338623,7.650000095367432,53300,0.0,0.0
2007-03-14 00:00:00-04:00,7.619999885559082,7.75,7.599999904632568,7.699999809265137,49700,0.0,0.0
2007-03-15 00:00:00-04:00,7.650000095367432,7.840000152587891,7.630000114440918,7.820000171661377,50100,0.0,0.0
2007-03-16 00:00:00-04:00,7.820000171661377,7.880000114440918,7.599999904632568,7.710000038146973,57100,0.0,0.0
2007-03-19 00:00:00-04:00,7.710000038146973,8.569999694824219,7.710000038146973,8.100000381469727,97300,0.0,0.0
2007-03-20 00:00:00-04:00,8.149999618530273,8.520000457763672,8.109999656677246,8.5,109800,0.0,0.0
2007-03-21 00:00:00-04:00,8.550000190734863,8.59000015258789,8.239999771118164,8.430000305175781,89300,0.0,0.0
2007-03-22 00:00:00-04:00,8.4399995803833,8.539999961853027,8.34000015258789,8.510000228881836,53400,0.0,0.0
2007-03-23 00:00:00-04:00,8.5,8.729999542236328,8.430000305175781,8.6899995803833,64300,0.0,0.0
2007-03-26 00:00:00-04:00,8.649999618530273,8.649999618530273,8.430000305175781,8.520000457763672,49200,0.0,0.0
2007-03-27 00:00:00-04:00,8.140000343322754,8.5,8.140000343322754,8.289999961853027,61700,0.0,0.0
2007-03-28 00:00:00-04:00,8.319999694824219,8.420000076293945,8.270000457763672,8.390000343322754,42600,0.0,0.0
2007-03-29 00:00:00-04:00,8.449999809265137,8.489999771118164,8.260000228881836,8.399999618530273,41200,0.0,0.0
2007-03-30 00:00:00-04:00,8.369999885559082,8.479999542236328,8.270000457763672,8.40999984741211,63500,0.0,0.0
2007-04-02 00:00:00-04:00,8.40999984741211,8.789999961853027,8.25,8.779999732971191,113400,0.0,0.0
2007-04-03 00:00:00-04:00,8.8100004196167,9.0,8.75,9.0,136100,0.0,0.0
2007-04-04 00:00:00-04:00,9.0,9.0,8.609999656677246,8.65999984741211,89200,0.0,0.0
2007-04-05 00:00:00-04:00,8.619999885559082,8.850000381469727,8.5,8.729999542236328,54900,0.0,0.0
2007-04-09 00:00:00-04:00,8.75,8.899999618530273,8.75,8.899999618530273,47400,0.0,0.0
2007-04-10 00:00:00-04:00,9.25,9.640000343322754,9.050000190734863,9.15999984741211,272200,0.0,0.0
2007-04-11 00:00:00-04:00,9.1899995803833,9.329999923706055,8.890000343322754,8.979999542236328,163900,0.0,0.0
2007-04-12 00:00:00-04:00,8.930000305175781,9.300000190734863,8.899999618530273,9.229999542236328,147500,0.0,0.0
2007-04-13 00:00:00-04:00,9.279999732971191,9.329999923706055,9.119999885559082,9.229999542236328,209400,0.0,0.0
2007-04-16 00:00:00-04:00,9.229999542236328,9.449999809265137,9.15999984741211,9.4399995803833,245200,0.0,0.0
2007-04-17 00:00:00-04:00,9.479999542236328,9.520000457763672,9.1899995803833,9.3100004196167,160700,0.0,0.0
2007-04-18 00:00:00-04:00,9.369999885559082,9.699999809265137,9.3100004196167,9.569999694824219,149700,0.0,0.0
2007-04-19 00:00:00-04:00,9.600000381469727,9.649999618530273,9.460000038146973,9.609999656677246,54600,0.0,0.0
2007-04-20 00:00:00-04:00,9.640000343322754,9.789999961853027,9.569999694824219,9.619999885559082,120100,0.0,0.0
2007-04-23 00:00:00-04:00,9.699999809265137,9.850000381469727,9.600000381469727,9.850000381469727,155200,0.0,0.0
2007-04-24 00:00:00-04:00,9.890000343322754,9.949999809265137,9.729999542236328,9.930000305175781,72300,0.0,0.0
2007-04-25 00:00:00-04:00,9.949999809265137,10.0,9.770000457763672,9.890000343322754,103500,0.0,0.0
2007-04-26 00:00:00-04:00,9.920000076293945,10.199999809265137,9.90999984741211,10.0600004196167,140000,0.0,0.0
2007-04-27 00:00:00-04:00,10.100000381469727,10.199999809265137,9.989999771118164,10.039999961853027,86900,0.0,0.0
2007-04-30 00:00:00-04:00,10.039999961853027,10.100000381469727,9.850000381469727,9.850000381469727,139300,0.0,0.0
2007-05-01 00:00:00-04:00,9.890000343322754,10.069999694824219,9.420000076293945,9.880000114440918,216900,0.0,0.0
2007-05-02 00:00:00-04:00,10.199999809265137,10.979999542236328,10.199999809265137,10.720000267028809,427000,0.0,0.0
2007-05-03 00:00:00-04:00,10.800000190734863,10.930000305175781,10.569999694824219,10.699999809265137,230200,0.0,0.0
2007-05-04 00:00:00-04:00,10.75,10.760000228881836,10.0,10.569999694824219,271600,0.0,0.0
2007-05-07 00:00:00-04:00,10.9399995803833,12.270000457763672,10.9399995803833,12.270000457763672,1449200,0.0,0.0
2007-05-08 00:00:00-04:00,12.25,12.789999961853027,11.920000076293945,12.579999923706055,690100,0.0,0.0
2007-05-09 00:00:00-04:00,12.579999923706055,13.25,12.5600004196167,13.210000038146973,449700,0.0,0.0
2007-05-10 00:00:00-04:00,13.229999542236328,13.25,12.680000305175781,12.899999618530273,345100,0.0,0.0
2007-05-11 00:00:00-04:00,13.0,13.039999961853027,12.430000305175781,12.699999809265137,344200,0.0,0.0
2007-05-14 00:00:00-04:00,12.619999885559082,12.75,12.1899995803833,12.350000381469727,370300,0.0,0.0
2007-05-15 00:00:00-04:00,12.210000038146973,13.0,12.210000038146973,12.850000381469727,328600,0.0,0.0
2007-05-16 00:00:00-04:00,12.960000038146973,13.180000305175781,12.739999771118164,12.890000343322754,199600,0.0,0.0
2007-05-17 00:00:00-04:00,12.720000267028809,12.970000267028809,12.510000228881836,12.90999984741211,250000,0.0,0.0
2007-05-18 00:00:00-04:00,13.010000228881836,13.1899995803833,12.90999984741211,13.09000015258789,220400,0.0,0.0
2007-05-21 00:00:00-04:00,13.369999885559082,14.670000076293945,13.319999694824219,14.25,438500,0.0,0.0
2007-05-22 00:00:00-04:00,14.220000267028809,14.329999923706055,14.020000457763672,14.0600004196167,184600,0.0,0.0
2007-05-23 00:00:00-04:00,14.010000228881836,14.390000343322754,14.0,14.100000381469727,323200,0.0,0.0
2007-05-24 00:00:00-04:00,14.050000190734863,14.199999809265137,13.619999885559082,13.75,181700,0.0,0.0
2007-05-25 00:00:00-04:00,13.399999618530273,14.25,13.399999618530273,14.149999618530273,197500,0.0,0.0
2007-05-29 00:00:00-04:00,14.260000228881836,14.5,14.079999923706055,14.260000228881836,211500,0.0,0.0
2007-05-30 00:00:00-04:00,14.260000228881836,14.8100004196167,14.210000038146973,14.8100004196167,273400,0.0,0.0
2007-05-31 00:00:00-04:00,14.90999984741211,14.949999809265137,14.489999771118164,14.600000381469727,261200,0.0,0.0
2007-06-01 00:00:00-04:00,14.829999923706055,15.199999809265137,14.65999984741211,14.699999809265137,399300,0.0,0.0
2007-06-04 00:00:00-04:00,14.699999809265137,14.869999885559082,14.260000228881836,14.5,318800,0.0,0.0
2007-06-05 00:00:00-04:00,14.5,14.569999694824219,14.180000305175781,14.529999732971191,239600,0.0,0.0
2007-06-06 00:00:00-04:00,14.5,14.510000228881836,14.199999809265137,14.5,216200,0.0,0.0
2007-06-07 00:00:00-04:00,14.5,14.770000457763672,14.140000343322754,14.390000343322754,283600,0.0,0.0
2007-06-08 00:00:00-04:00,14.229999542236328,14.369999885559082,14.199999809265137,14.34000015258789,171900,0.0,0.0
2007-06-11 00:00:00-04:00,14.449999809265137,14.5600004196167,14.1899995803833,14.270000457763672,115900,0.0,0.0
2007-06-12 00:00:00-04:00,14.130000114440918,14.170000076293945,13.5600004196167,13.649999618530273,236400,0.0,0.0
2007-06-13 00:00:00-04:00,13.550000190734863,13.779999732971191,13.239999771118164,13.649999618530273,271900,0.0,0.0
2007-06-14 00:00:00-04:00,13.729999542236328,14.329999923706055,13.619999885559082,14.180000305175781,265000,0.0,0.0
2007-06-15 00:00:00-04:00,14.180000305175781,14.479999542236328,13.880000114440918,14.390000343322754,222900,0.0,0.0
2007-06-18 00:00:00-04:00,14.649999618530273,14.699999809265137,14.329999923706055,14.329999923706055,294100,0.0,0.0
2007-06-19 00:00:00-04:00,14.449999809265137,14.449999809265137,14.020000457763672,14.149999618530273,238700,0.0,0.0
2007-06-20 00:00:00-04:00,14.300000190734863,14.300000190734863,13.640000343322754,13.640000343322754,168000,0.0,0.0
2007-06-21 00:00:00-04:00,13.579999923706055,13.720000267028809,13.380000114440918,13.40999984741211,227700,0.0,0.0
2007-06-22 00:00:00-04:00,13.25,13.350000381469727,12.75,12.880000114440918,1057700,0.0,0.0
2007-06-25 00:00:00-04:00,12.819999694824219,12.9399995803833,12.680000305175781,12.770000457763672,291900,0.0,0.0
2007-06-26 00:00:00-04:00,12.6899995803833,12.760000228881836,12.600000381469727,12.680000305175781,198500,0.0,0.0
2007-06-27 00:00:00-04:00,12.609999656677246,13.350000381469727,12.609999656677246,13.3100004196167,470900,0.0,0.0
2007-06-28 00:00:00-04:00,13.1899995803833,13.510000228881836,13.050000190734863,13.079999923706055,209100,0.0,0.0
2007-06-29 00:00:00-04:00,13.180000305175781,13.5,12.949999809265137,13.010000228881836,297200,0.0,0.0
2007-07-02 00:00:00-04:00,12.989999771118164,13.449999809265137,12.979999542236328,13.25,479200,0.0,0.0
2007-07-03 00:00:00-04:00,13.350000381469727,13.829999923706055,13.199999809265137,13.510000228881836,522100,0.0,0.0
2007-07-05 00:00:00-04:00,13.609999656677246,14.34000015258789,13.550000190734863,13.819999694824219,499900,0.0,0.0
2007-07-06 00:00:00-04:00,14.0,14.149999618530273,13.75,13.800000190734863,404800,0.0,0.0
2007-07-09 00:00:00-04:00,14.149999618530273,14.170000076293945,13.449999809265137,13.5,430600,0.0,0.0
2007-07-10 00:00:00-04:00,13.510000228881836,13.529999732971191,12.800000190734863,13.100000381469727,287100,0.0,0.0
2007-07-11 00:00:00-04:00,13.09000015258789,13.09000015258789,12.109999656677246,12.3100004196167,570300,0.0,0.0
2007-07-12 00:00:00-04:00,12.369999885559082,12.479999542236328,12.15999984741211,12.4399995803833,391100,0.0,0.0
2007-07-13 00:00:00-04:00,12.380000114440918,12.460000038146973,11.640000343322754,11.859999656677246,652100,0.0,0.0
2007-07-16 00:00:00-04:00,11.729999542236328,11.729999542236328,10.899999618530273,11.010000228881836,733400,0.0,0.0
2007-07-17 00:00:00-04:00,11.010000228881836,11.010000228881836,10.609999656677246,10.890000343322754,615400,0.0,0.0
2007-07-18 00:00:00-04:00,10.819999694824219,10.930000305175781,10.229999542236328,10.4399995803833,474000,0.0,0.0
2007-07-19 00:00:00-04:00,10.5,10.539999961853027,10.260000228881836,10.399999618530273,267300,0.0,0.0
2007-07-20 00:00:00-04:00,10.399999618530273,10.399999618530273,9.960000038146973,9.989999771118164,414600,0.0,0.0
2007-07-23 00:00:00-04:00,9.979999542236328,10.09000015258789,9.760000228881836,9.800000190734863,487100,0.0,0.0
2007-07-24 00:00:00-04:00,9.800000190734863,9.800000190734863,9.510000228881836,9.630000114440918,534400,0.0,0.0
2007-07-25 00:00:00-04:00,9.6899995803833,9.859999656677246,9.119999885559082,9.430000305175781,550100,0.0,0.0
2007-07-26 00:00:00-04:00,9.270000457763672,9.369999885559082,8.609999656677246,8.829999923706055,507600,0.0,0.0
2007-07-27 00:00:00-04:00,9.0,9.329999923706055,8.859999656677246,9.109999656677246,656100,0.0,0.0
2007-07-30 00:00:00-04:00,9.199999809265137,9.460000038146973,9.0,9.260000228881836,450600,0.0,0.0
2007-07-31 00:00:00-04:00,9.699999809265137,10.390000343322754,9.5,9.550000190734863,880300,0.0,0.0
2007-08-01 00:00:00-04:00,9.380000114440918,9.989999771118164,9.100000381469727,9.220000267028809,693000,0.0,0.0
2007-08-02 00:00:00-04:00,9.229999542236328,9.229999542236328,8.399999618530273,9.0600004196167,417600,0.0,0.0
2007-08-03 00:00:00-04:00,9.079999923706055,9.25,8.819999694824219,8.890000343322754,323200,0.0,0.0
2007-08-06 00:00:00-04:00,9.369999885559082,9.539999961853027,8.890000343322754,9.399999618530273,431100,0.0,0.0
2007-08-07 00:00:00-04:00,9.369999885559082,9.5600004196167,8.789999961853027,9.020000457763672,424000,0.0,0.0
2007-08-08 00:00:00-04:00,9.140000343322754,9.260000228881836,8.390000343322754,8.680000305175781,770200,0.0,0.0
2007-08-09 00:00:00-04:00,8.460000038146973,8.670000076293945,7.610000133514404,7.619999885559082,891900,0.0,0.0
2007-08-10 00:00:00-04:00,7.639999866485596,8.770000457763672,7.599999904632568,8.649999618530273,567800,0.0,0.0
2007-08-13 00:00:00-04:00,8.84000015258789,9.130000114440918,8.779999732971191,9.09000015258789,620600,0.0,0.0
2007-08-14 00:00:00-04:00,9.0600004196167,9.369999885559082,8.890000343322754,9.220000267028809,437000,0.0,0.0
2007-08-15 00:00:00-04:00,9.170000076293945,9.520000457763672,8.989999771118164,9.020000457763672,286500,0.0,0.0
2007-08-16 00:00:00-04:00,9.0,9.279999732971191,8.75,9.270000457763672,342200,0.0,0.0
2007-08-17 00:00:00-04:00,9.609999656677246,9.829999923706055,8.949999809265137,8.979999542236328,204200,0.0,0.0
2007-08-20 00:00:00-04:00,9.050000190734863,9.109999656677246,8.760000228881836,8.890000343322754,203900,0.0,0.0
2007-08-21 00:00:00-04:00,8.960000038146973,9.220000267028809,8.899999618530273,9.069999694824219,117700,0.0,0.0
2007-08-22 00:00:00-04:00,9.15999984741211,9.3100004196167,8.989999771118164,9.079999923706055,147300,0.0,0.0
2007-08-23 00:00:00-04:00,9.130000114440918,9.3100004196167,8.970000267028809,9.1899995803833,218900,0.0,0.0
2007-08-24 00:00:00-04:00,9.199999809265137,9.5,9.15999984741211,9.4399995803833,196900,0.0,0.0
2007-08-27 00:00:00-04:00,9.5,9.699999809265137,9.229999542236328,9.300000190734863,120100,0.0,0.0
2007-08-28 00:00:00-04:00,9.399999618530273,9.430000305175781,9.010000228881836,9.079999923706055,154600,0.0,0.0
2007-08-29 00:00:00-04:00,9.149999618530273,9.4399995803833,9.0,9.380000114440918,179300,0.0,0.0
2007-08-30 00:00:00-04:00,9.289999961853027,9.619999885559082,9.289999961853027,9.510000228881836,176700,0.0,0.0
2007-08-31 00:00:00-04:00,9.569999694824219,9.699999809265137,9.229999542236328,9.229999542236328,227200,0.0,0.0
2007-09-04 00:00:00-04:00,9.270000457763672,9.380000114440918,9.199999809265137,9.260000228881836,176000,0.0,0.0
2007-09-05 00:00:00-04:00,9.199999809265137,9.25,8.899999618530273,8.930000305175781,178900,0.0,0.0
2007-09-06 00:00:00-04:00,9.0600004196167,9.140000343322754,8.920000076293945,9.0600004196167,105000,0.0,0.0
2007-09-07 00:00:00-04:00,9.0600004196167,9.84000015258789,8.90999984741211,8.949999809265137,152400,0.0,0.0
2007-09-10 00:00:00-04:00,8.949999809265137,9.199999809265137,8.90999984741211,9.130000114440918,305200,0.0,0.0
2007-09-11 00:00:00-04:00,9.25,9.479999542236328,9.100000381469727,9.460000038146973,147500,0.0,0.0
2007-09-12 00:00:00-04:00,9.390000343322754,9.619999885559082,9.390000343322754,9.5600004196167,206700,0.0,0.0
2007-09-13 00:00:00-04:00,9.619999885559082,9.789999961853027,9.510000228881836,9.699999809265137,178800,0.0,0.0
2007-09-14 00:00:00-04:00,9.630000114440918,9.680000305175781,9.399999618530273,9.520000457763672,111400,0.0,0.0
2007-09-17 00:00:00-04:00,9.399999618530273,9.399999618530273,8.6899995803833,8.8100004196167,608900,0.0,0.0
2007-09-18 00:00:00-04:00,8.8100004196167,8.989999771118164,8.399999618530273,8.829999923706055,298000,0.0,0.0
2007-09-19 00:00:00-04:00,8.9399995803833,9.1899995803833,8.779999732971191,8.880000114440918,327200,0.0,0.0
2007-09-20 00:00:00-04:00,8.819999694824219,9.0,8.569999694824219,8.710000038146973,231600,0.0,0.0
2007-09-21 00:00:00-04:00,8.710000038146973,8.8100004196167,8.449999809265137,8.529999732971191,324100,0.0,0.0
2007-09-24 00:00:00-04:00,8.460000038146973,8.800000190734863,8.279999732971191,8.350000381469727,232100,0.0,0.0
2007-09-25 00:00:00-04:00,8.329999923706055,8.819999694824219,8.279999732971191,8.789999961853027,161100,0.0,0.0
2007-09-26 00:00:00-04:00,8.829999923706055,9.180000305175781,8.779999732971191,8.800000190734863,311600,0.0,0.0
2007-09-27 00:00:00-04:00,8.920000076293945,8.960000038146973,8.609999656677246,8.630000114440918,131200,0.0,0.0
2007-09-28 00:00:00-04:00,8.649999618530273,9.510000228881836,8.430000305175781,9.449999809265137,585500,0.0,0.0
2007-10-01 00:00:00-04:00,9.5,9.880000114440918,9.279999732971191,9.470000267028809,302700,0.0,0.0
2007-10-02 00:00:00-04:00,9.470000267028809,9.75,9.149999618530273,9.34000015258789,239800,0.0,0.0
2007-10-03 00:00:00-04:00,9.289999961853027,9.289999961853027,9.0,9.069999694824219,162100,0.0,0.0
2007-10-04 00:00:00-04:00,9.09000015258789,9.149999618530273,8.75,8.789999961853027,168300,0.0,0.0
2007-10-05 00:00:00-04:00,8.800000190734863,9.010000228881836,8.75,8.920000076293945,136600,0.0,0.0
2007-10-08 00:00:00-04:00,8.920000076293945,9.050000190734863,8.819999694824219,8.850000381469727,100600,0.0,0.0
2007-10-09 00:00:00-04:00,8.829999923706055,9.079999923706055,8.75,8.949999809265137,136100,0.0,0.0
2007-10-10 00:00:00-04:00,8.949999809265137,8.979999542236328,8.710000038146973,8.84000015258789,94500,0.0,0.0
2007-10-11 00:00:00-04:00,8.510000228881836,8.539999961853027,8.0,8.0,511400,0.0,0.0
2007-10-12 00:00:00-04:00,8.0,8.25,8.0,8.140000343322754,189600,0.0,0.0
2007-10-15 00:00:00-04:00,8.140000343322754,8.140000343322754,7.679999828338623,7.800000190734863,373300,0.0,0.0
2007-10-16 00:00:00-04:00,7.829999923706055,7.929999828338623,7.659999847412109,7.800000190734863,181400,0.0,0.0
2007-10-17 00:00:00-04:00,7.840000152587891,7.849999904632568,7.71999979019165,7.75,174400,0.0,0.0
2007-10-18 00:00:00-04:00,7.78000020980835,7.989999771118164,7.71999979019165,7.800000190734863,157300,0.0,0.0
2007-10-19 00:00:00-04:00,7.800000190734863,7.840000152587891,7.349999904632568,7.360000133514404,250700,0.0,0.0
2007-10-22 00:00:00-04:00,7.230000019073486,7.489999771118164,7.159999847412109,7.489999771118164,216200,0.0,0.0
2007-10-23 00:00:00-04:00,7.570000171661377,7.710000038146973,7.409999847412109,7.710000038146973,124200,0.0,0.0
2007-10-24 00:00:00-04:00,7.690000057220459,7.690000057220459,7.300000190734863,7.440000057220459,129600,0.0,0.0
2007-10-25 00:00:00-04:00,7.440000057220459,7.489999771118164,7.269999980926514,7.340000152587891,136900,0.0,0.0
2007-10-26 00:00:00-04:00,7.380000114440918,7.550000190734863,7.28000020980835,7.429999828338623,124700,0.0,0.0
2007-10-29 00:00:00-04:00,7.440000057220459,7.619999885559082,7.25,7.25,195600,0.0,0.0
2007-10-30 00:00:00-04:00,7.329999923706055,7.329999923706055,6.539999961853027,6.650000095367432,435600,0.0,0.0
2007-10-31 00:00:00-04:00,6.690000057220459,6.840000152587891,6.199999809265137,6.75,580300,0.0,0.0
2007-11-01 00:00:00-04:00,6.519999980926514,7.949999809265137,6.519999980926514,7.619999885559082,676900,0.0,0.0
2007-11-02 00:00:00-04:00,7.659999847412109,8.630000114440918,7.659999847412109,8.3100004196167,701300,0.0,0.0
2007-11-05 00:00:00-05:00,8.229999542236328,8.25,7.570000171661377,7.730000019073486,277200,0.0,0.0
2007-11-06 00:00:00-05:00,7.849999904632568,8.0,7.5,7.510000228881836,182800,0.0,0.0
2007-11-07 00:00:00-05:00,7.369999885559082,8.09000015258789,7.369999885559082,7.519999980926514,261700,0.0,0.0
2007-11-08 00:00:00-05:00,7.590000152587891,7.590000152587891,6.909999847412109,7.460000038146973,174700,0.0,0.0
2007-11-09 00:00:00-05:00,7.400000095367432,7.400000095367432,6.739999771118164,6.900000095367432,229500,0.0,0.0
2007-11-12 00:00:00-05:00,6.829999923706055,7.130000114440918,6.639999866485596,6.840000152587891,214300,0.0,0.0
2007-11-13 00:00:00-05:00,6.949999809265137,7.21999979019165,6.900000095367432,6.980000019073486,157200,0.0,0.0
2007-11-14 00:00:00-05:00,7.0,7.059999942779541,6.739999771118164,6.789999961853027,135100,0.0,0.0
2007-11-15 00:00:00-05:00,6.769999980926514,7.03000020980835,6.650000095367432,6.829999923706055,148000,0.0,0.0
2007-11-16 00:00:00-05:00,6.980000019073486,6.980000019073486,6.599999904632568,6.849999904632568,232100,0.0,0.0
2007-11-19 00:00:00-05:00,6.789999961853027,6.929999828338623,6.380000114440918,6.510000228881836,245200,0.0,0.0
2007-11-20 00:00:00-05:00,6.519999980926514,6.769999980926514,6.480000019073486,6.769999980926514,203500,0.0,0.0
2007-11-21 00:00:00-05:00,6.71999979019165,7.110000133514404,6.650000095367432,6.820000171661377,169200,0.0,0.0
2007-11-23 00:00:00-05:00,6.860000133514404,7.230000019073486,6.860000133514404,7.230000019073486,53300,0.0,0.0
2007-11-26 00:00:00-05:00,7.230000019073486,7.340000152587891,6.690000057220459,6.820000171661377,143100,0.0,0.0
2007-11-27 00:00:00-05:00,6.829999923706055,7.099999904632568,6.829999923706055,7.010000228881836,179800,0.0,0.0
2007-11-28 00:00:00-05:00,7.010000228881836,7.489999771118164,7.010000228881836,7.320000171661377,161700,0.0,0.0
2007-11-29 00:00:00-05:00,7.199999809265137,7.340000152587891,7.199999809265137,7.260000228881836,91600,0.0,0.0
2007-11-30 00:00:00-05:00,7.380000114440918,7.380000114440918,7.110000133514404,7.179999828338623,147700,0.0,0.0
2007-12-03 00:00:00-05:00,7.179999828338623,7.199999809265137,6.900000095367432,6.96999979019165,164700,0.0,0.0
2007-12-04 00:00:00-05:00,6.920000076293945,7.139999866485596,6.849999904632568,6.940000057220459,70600,0.0,0.0
2007-12-05 00:00:00-05:00,7.03000020980835,7.260000228881836,6.929999828338623,7.170000076293945,106700,0.0,0.0
2007-12-06 00:00:00-05:00,7.139999866485596,7.800000190734863,7.070000171661377,7.800000190734863,199700,0.0,0.0
2007-12-07 00:00:00-05:00,7.809999942779541,8.25,7.789999961853027,8.210000038146973,218400,0.0,0.0
2007-12-10 00:00:00-05:00,8.170000076293945,8.210000038146973,7.920000076293945,7.960000038146973,117700,0.0,0.0
2007-12-11 00:00:00-05:00,8.0,8.449999809265137,7.900000095367432,8.020000457763672,167900,0.0,0.0
2007-12-12 00:00:00-05:00,8.1899995803833,8.289999961853027,7.650000095367432,7.760000228881836,126200,0.0,0.0
2007-12-13 00:00:00-05:00,7.659999847412109,7.849999904632568,7.539999961853027,7.820000171661377,66900,0.0,0.0
2007-12-14 00:00:00-05:00,7.820000171661377,7.820000171661377,7.5,7.539999961853027,93900,0.0,0.0
2007-12-17 00:00:00-05:00,7.510000228881836,7.639999866485596,7.269999980926514,7.309999942779541,153800,0.0,0.0
2007-12-18 00:00:00-05:00,7.389999866485596,7.699999809265137,7.090000152587891,7.670000076293945,133800,0.0,0.0
2007-12-19 00:00:00-05:00,7.690000057220459,7.789999961853027,7.559999942779541,7.590000152587891,134900,0.0,0.0
2007-12-20 00:00:00-05:00,7.519999980926514,7.739999771118164,7.449999809265137,7.670000076293945,132900,0.0,0.0
2007-12-21 00:00:00-05:00,7.760000228881836,8.149999618530273,7.760000228881836,8.149999618530273,276400,0.0,0.0
2007-12-24 00:00:00-05:00,8.149999618530273,8.380000114440918,8.149999618530273,8.34000015258789,61700,0.0,0.0
2007-12-26 00:00:00-05:00,8.289999961853027,8.5,8.149999618530273,8.470000267028809,104800,0.0,0.0
2007-12-27 00:00:00-05:00,8.460000038146973,8.460000038146973,7.900000095367432,7.940000057220459,80300,0.0,0.0
2007-12-28 00:00:00-05:00,7.989999771118164,8.229999542236328,7.829999923706055,8.020000457763672,113500,0.0,0.0
2007-12-31 00:00:00-05:00,8.050000190734863,8.210000038146973,7.940000057220459,7.949999809265137,131600,0.0,0.0
2008-01-02 00:00:00-05:00,7.840000152587891,8.039999961853027,7.690000057220459,7.730000019073486,104300,0.0,0.0
2008-01-03 00:00:00-05:00,7.730000019073486,8.079999923706055,7.679999828338623,7.730000019073486,96400,0.0,0.0
2008-01-04 00:00:00-05:00,7.699999809265137,7.730000019073486,7.420000076293945,7.570000171661377,137600,0.0,0.0
2008-01-07 00:00:00-05:00,7.480000019073486,7.710000038146973,7.440000057220459,7.670000076293945,185900,0.0,0.0
2008-01-08 00:00:00-05:00,7.699999809265137,8.34000015258789,7.699999809265137,8.25,262000,0.0,0.0
2008-01-09 00:00:00-05:00,8.300000190734863,8.600000381469727,7.960000038146973,8.600000381469727,303400,0.0,0.0
2008-01-10 00:00:00-05:00,8.520000457763672,9.380000114440918,8.449999809265137,9.329999923706055,523100,0.0,0.0
2008-01-11 00:00:00-05:00,9.140000343322754,9.140000343322754,7.139999866485596,7.900000095367432,1368000,0.0,0.0
2008-01-14 00:00:00-05:00,8.069999694824219,8.140000343322754,7.760000228881836,8.0,223300,0.0,0.0
2008-01-15 00:00:00-05:00,7.96999979019165,8.34000015258789,7.650000095367432,8.270000457763672,279600,0.0,0.0
2008-01-16 00:00:00-05:00,8.300000190734863,8.779999732971191,8.25,8.760000228881836,238400,0.0,0.0
2008-01-17 00:00:00-05:00,8.770000457763672,8.800000190734863,8.170000076293945,8.170000076293945,98500,0.0,0.0
2008-01-18 00:00:00-05:00,8.09000015258789,8.449999809265137,8.050000190734863,8.279999732971191,287500,0.0,0.0
2008-01-22 00:00:00-05:00,7.690000057220459,8.100000381469727,7.28000020980835,8.050000190734863,300200,0.0,0.0
2008-01-23 00:00:00-05:00,7.849999904632568,8.1899995803833,7.610000133514404,8.1899995803833,181900,0.0,0.0
2008-01-24 00:00:00-05:00,8.1899995803833,8.210000038146973,7.449999809265137,7.5,244500,0.0,0.0
2008-01-25 00:00:00-05:00,7.599999904632568,7.71999979019165,7.130000114440918,7.369999885559082,147300,0.0,0.0
2008-01-28 00:00:00-05:00,7.400000095367432,7.639999866485596,7.25,7.480000019073486,163800,0.0,0.0
2008-01-29 00:00:00-05:00,7.510000228881836,7.739999771118164,7.25,7.300000190734863,147900,0.0,0.0
2008-01-30 00:00:00-05:00,7.260000228881836,7.400000095367432,6.989999771118164,6.989999771118164,333700,0.0,0.0
2008-01-31 00:00:00-05:00,7.010000228881836,7.239999771118164,6.869999885559082,6.949999809265137,328100,0.0,0.0
2008-02-01 00:00:00-05:00,6.96999979019165,7.420000076293945,6.96999979019165,7.0,236700,0.0,0.0
2008-02-04 00:00:00-05:00,6.96999979019165,7.139999866485596,6.900000095367432,7.0,400400,0.0,0.0
2008-02-05 00:00:00-05:00,7.03000020980835,7.199999809265137,6.829999923706055,6.96999979019165,281800,0.0,0.0
2008-02-06 00:00:00-05:00,7.03000020980835,7.050000190734863,6.650000095367432,6.75,251800,0.0,0.0
2008-02-07 00:00:00-05:00,6.730000019073486,8.289999961853027,6.650000095367432,8.130000114440918,980900,0.0,0.0
2008-02-08 00:00:00-05:00,8.279999732971191,8.75,8.09000015258789,8.430000305175781,655900,0.0,0.0
2008-02-11 00:00:00-05:00,8.59000015258789,8.789999961853027,8.399999618530273,8.609999656677246,253300,0.0,0.0
2008-02-12 00:00:00-05:00,8.699999809265137,8.850000381469727,8.569999694824219,8.699999809265137,228200,0.0,0.0
2008-02-13 00:00:00-05:00,8.84000015258789,8.989999771118164,8.649999618530273,8.989999771118164,139300,0.0,0.0
2008-02-14 00:00:00-05:00,9.0,9.09000015258789,8.65999984741211,8.819999694824219,236100,0.0,0.0
2008-02-15 00:00:00-05:00,8.859999656677246,8.9399995803833,8.75,8.899999618530273,108700,0.0,0.0
2008-02-19 00:00:00-05:00,9.079999923706055,9.09000015258789,8.890000343322754,9.0600004196167,148400,0.0,0.0
2008-02-20 00:00:00-05:00,9.069999694824219,9.069999694824219,8.75,8.970000267028809,112600,0.0,0.0
2008-02-21 00:00:00-05:00,9.25,10.100000381469727,9.25,10.029999732971191,683900,0.0,0.0
2008-02-22 00:00:00-05:00,10.0,10.020000457763672,9.600000381469727,9.75,299200,0.0,0.0
2008-02-25 00:00:00-05:00,9.739999771118164,9.960000038146973,9.529999732971191,9.729999542236328,178600,0.0,0.0
2008-02-26 00:00:00-05:00,9.699999809265137,9.770000457763672,9.470000267028809,9.600000381469727,105400,0.0,0.0
2008-02-27 00:00:00-05:00,9.600000381469727,9.75,9.420000076293945,9.670000076293945,129500,0.0,0.0
2008-02-28 00:00:00-05:00,9.670000076293945,9.800000190734863,9.34000015258789,9.699999809265137,249400,0.0,0.0
2008-02-29 00:00:00-05:00,9.59000015258789,9.59000015258789,9.260000228881836,9.40999984741211,163900,0.0,0.0
2008-03-03 00:00:00-05:00,9.319999694824219,9.470000267028809,8.800000190734863,9.119999885559082,256300,0.0,0.0
2008-03-04 00:00:00-05:00,9.140000343322754,9.319999694824219,8.970000267028809,9.300000190734863,156200,0.0,0.0
2008-03-05 00:00:00-05:00,9.300000190734863,9.300000190734863,8.979999542236328,9.0,283400,0.0,0.0
2008-03-06 00:00:00-05:00,8.970000267028809,9.039999961853027,8.539999961853027,8.579999923706055,149400,0.0,0.0
2008-03-07 00:00:00-05:00,8.5,8.739999771118164,8.399999618530273,8.479999542236328,98900,0.0,0.0
2008-03-10 00:00:00-04:00,8.5,8.5,8.0,8.010000228881836,100400,0.0,0.0
2008-03-11 00:00:00-04:00,8.1899995803833,8.350000381469727,8.0,8.350000381469727,186000,0.0,0.0
2008-03-12 00:00:00-04:00,8.399999618530273,9.34000015258789,8.359999656677246,8.90999984741211,304900,0.0,0.0
2008-03-13 00:00:00-04:00,8.819999694824219,9.079999923706055,8.670000076293945,8.989999771118164,128300,0.0,0.0
2008-03-14 00:00:00-04:00,9.020000457763672,9.020000457763672,8.5,8.569999694824219,105300,0.0,0.0
2008-03-17 00:00:00-04:00,8.59000015258789,8.59000015258789,8.25,8.369999885559082,92500,0.0,0.0
2008-03-18 00:00:00-04:00,8.640000343322754,8.989999771118164,8.399999618530273,8.949999809265137,172300,0.0,0.0
2008-03-19 00:00:00-04:00,9.0,9.25,8.699999809265137,8.880000114440918,120900,0.0,0.0
2008-03-20 00:00:00-04:00,8.899999618530273,8.899999618530273,8.109999656677246,8.649999618530273,435600,0.0,0.0
2008-03-24 00:00:00-04:00,8.850000381469727,9.369999885559082,8.680000305175781,8.989999771118164,297200,0.0,0.0
2008-03-25 00:00:00-04:00,9.010000228881836,9.25,8.920000076293945,9.109999656677246,147800,0.0,0.0
2008-03-26 00:00:00-04:00,9.079999923706055,9.399999618530273,9.010000228881836,9.369999885559082,139200,0.0,0.0
2008-03-27 00:00:00-04:00,9.390000343322754,9.649999618530273,9.220000267028809,9.229999542236328,150500,0.0,0.0
2008-03-28 00:00:00-04:00,9.229999542236328,9.729999542236328,9.229999542236328,9.5600004196167,132200,0.0,0.0
2008-03-31 00:00:00-04:00,9.729999542236328,9.739999771118164,9.3100004196167,9.399999618530273,139900,0.0,0.0
2008-04-01 00:00:00-04:00,9.369999885559082,9.550000190734863,9.229999542236328,9.40999984741211,280000,0.0,0.0
2008-04-02 00:00:00-04:00,9.399999618530273,9.5,9.239999771118164,9.399999618530273,194800,0.0,0.0
2008-04-03 00:00:00-04:00,9.329999923706055,9.470000267028809,9.0,9.050000190734863,173700,0.0,0.0
2008-04-04 00:00:00-04:00,9.029999732971191,9.350000381469727,8.9399995803833,9.210000038146973,79800,0.0,0.0
2008-04-07 00:00:00-04:00,9.239999771118164,9.569999694824219,9.199999809265137,9.479999542236328,181900,0.0,0.0
2008-04-08 00:00:00-04:00,9.34000015258789,10.25,9.289999961853027,10.1899995803833,449800,0.0,0.0
2008-04-09 00:00:00-04:00,10.180000305175781,10.59000015258789,9.90999984741211,10.479999542236328,526400,0.0,0.0
2008-04-10 00:00:00-04:00,10.550000190734863,11.010000228881836,10.5,11.0,431900,0.0,0.0
2008-04-11 00:00:00-04:00,11.039999961853027,11.039999961853027,10.279999732971191,10.40999984741211,342800,0.0,0.0
2008-04-14 00:00:00-04:00,10.40999984741211,10.649999618530273,10.40999984741211,10.609999656677246,208700,0.0,0.0
2008-04-15 00:00:00-04:00,10.699999809265137,10.75,10.220000267028809,10.630000114440918,159300,0.0,0.0
2008-04-16 00:00:00-04:00,10.649999618530273,10.949999809265137,10.59000015258789,10.930000305175781,175100,0.0,0.0
2008-04-17 00:00:00-04:00,10.850000381469727,11.25,10.75,11.109999656677246,240400,0.0,0.0
2008-04-18 00:00:00-04:00,11.239999771118164,11.279999732971191,10.699999809265137,10.84000015258789,227400,0.0,0.0
2008-04-21 00:00:00-04:00,10.75,11.180000305175781,10.75,11.149999618530273,146800,0.0,0.0
2008-04-22 00:00:00-04:00,11.0600004196167,11.100000381469727,10.5,10.6899995803833,260900,0.0,0.0
2008-04-23 00:00:00-04:00,10.739999771118164,10.829999923706055,10.600000381469727,10.770000457763672,341800,0.0,0.0
2008-04-24 00:00:00-04:00,10.819999694824219,11.279999732971191,10.600000381469727,11.100000381469727,383500,0.0,0.0
2008-04-25 00:00:00-04:00,11.100000381469727,11.279999732971191,10.859999656677246,11.239999771118164,166900,0.0,0.0
2008-04-28 00:00:00-04:00,11.369999885559082,11.479999542236328,11.15999984741211,11.239999771118164,183500,0.0,0.0
2008-04-29 00:00:00-04:00,11.15999984741211,11.329999923706055,10.859999656677246,10.970000267028809,206100,0.0,0.0
2008-04-30 00:00:00-04:00,11.100000381469727,11.300000190734863,10.609999656677246,10.619999885559082,307200,0.0,0.0
2008-05-01 00:00:00-04:00,10.619999885559082,10.949999809265137,10.579999923706055,10.920000076293945,261200,0.0,0.0
2008-05-02 00:00:00-04:00,11.0,11.0,10.710000038146973,10.920000076293945,231400,0.0,0.0
2008-05-05 00:00:00-04:00,11.050000190734863,12.069999694824219,11.050000190734863,11.880000114440918,1061500,0.0,0.0
2008-05-06 00:00:00-04:00,11.779999732971191,12.0,11.710000038146973,11.880000114440918,384000,0.0,0.0
2008-05-07 00:00:00-04:00,11.869999885559082,11.989999771118164,11.199999809265137,11.390000343322754,237800,0.0,0.0
2008-05-08 00:00:00-04:00,11.460000038146973,11.720000267028809,11.300000190734863,11.630000114440918,196000,0.0,0.0
2008-05-09 00:00:00-04:00,11.630000114440918,11.680000305175781,11.210000038146973,11.34000015258789,139000,0.0,0.0
2008-05-12 00:00:00-04:00,11.380000114440918,11.800000190734863,11.380000114440918,11.789999961853027,174400,0.0,0.0
2008-05-13 00:00:00-04:00,11.75,11.800000190734863,11.609999656677246,11.779999732971191,123600,0.0,0.0
2008-05-14 00:00:00-04:00,11.850000381469727,11.850000381469727,11.430000305175781,11.520000457763672,161500,0.0,0.0
2008-05-15 00:00:00-04:00,11.630000114440918,11.680000305175781,11.279999732971191,11.420000076293945,144200,0.0,0.0
2008-05-16 00:00:00-04:00,11.449999809265137,11.449999809265137,11.0,11.109999656677246,151800,0.0,0.0
2008-05-19 00:00:00-04:00,11.100000381469727,11.119999885559082,10.680000305175781,10.9399995803833,180400,0.0,0.0
2008-05-20 00:00:00-04:00,10.869999885559082,11.020000457763672,10.699999809265137,11.010000228881836,212600,0.0,0.0
2008-05-21 00:00:00-04:00,11.0600004196167,11.15999984741211,10.600000381469727,10.75,135900,0.0,0.0
2008-05-22 00:00:00-04:00,10.760000228881836,10.920000076293945,10.739999771118164,10.899999618530273,232100,0.0,0.0
2008-05-23 00:00:00-04:00,10.930000305175781,10.930000305175781,10.75,10.800000190734863,90600,0.0,0.0
2008-05-27 00:00:00-04:00,10.75,11.1899995803833,10.75,10.899999618530273,130700,0.0,0.0
2008-05-28 00:00:00-04:00,10.899999618530273,11.399999618530273,10.899999618530273,11.399999618530273,414700,0.0,0.0
2008-05-29 00:00:00-04:00,11.34000015258789,11.550000190734863,11.039999961853027,11.539999961853027,445400,0.0,0.0
2008-05-30 00:00:00-04:00,11.720000267028809,11.720000267028809,11.550000190734863,11.579999923706055,140200,0.0,0.0
2008-06-02 00:00:00-04:00,11.529999732971191,11.529999732971191,11.0,11.149999618530273,131100,0.0,0.0
2008-06-03 00:00:00-04:00,11.149999618530273,11.34000015258789,10.510000228881836,10.619999885559082,308400,0.0,0.0
2008-06-04 00:00:00-04:00,10.510000228881836,10.729999542236328,10.220000267028809,10.329999923706055,346200,0.0,0.0
2008-06-05 00:00:00-04:00,10.390000343322754,10.970000267028809,10.3100004196167,10.920000076293945,194600,0.0,0.0
2008-06-06 00:00:00-04:00,10.899999618530273,10.960000038146973,10.550000190734863,10.720000267028809,188000,0.0,0.0
2008-06-09 00:00:00-04:00,10.829999923706055,10.899999618530273,10.520000457763672,10.630000114440918,170000,0.0,0.0
2008-06-10 00:00:00-04:00,10.550000190734863,10.800000190734863,10.239999771118164,10.720000267028809,282800,0.0,0.0
2008-06-11 00:00:00-04:00,10.670000076293945,10.739999771118164,10.470000267028809,10.489999771118164,147700,0.0,0.0
2008-06-12 00:00:00-04:00,10.640000343322754,10.859999656677246,10.569999694824219,10.670000076293945,102400,0.0,0.0
2008-06-13 00:00:00-04:00,10.779999732971191,10.890000343322754,10.630000114440918,10.890000343322754,89600,0.0,0.0
2008-06-16 00:00:00-04:00,10.890000343322754,11.170000076293945,10.729999542236328,11.15999984741211,176900,0.0,0.0
2008-06-17 00:00:00-04:00,11.239999771118164,11.260000228881836,11.09000015258789,11.119999885559082,156700,0.0,0.0
2008-06-18 00:00:00-04:00,11.020000457763672,11.359999656677246,11.020000457763672,11.350000381469727,154000,0.0,0.0
2008-06-19 00:00:00-04:00,11.390000343322754,11.449999809265137,11.1899995803833,11.319999694824219,118400,0.0,0.0
2008-06-20 00:00:00-04:00,11.25,11.399999618530273,10.880000114440918,11.180000305175781,364000,0.0,0.0
2008-06-23 00:00:00-04:00,11.300000190734863,11.390000343322754,11.069999694824219,11.140000343322754,107800,0.0,0.0
2008-06-24 00:00:00-04:00,11.09000015258789,11.369999885559082,10.930000305175781,11.010000228881836,172800,0.0,0.0
2008-06-25 00:00:00-04:00,11.010000228881836,11.670000076293945,10.949999809265137,11.670000076293945,180400,0.0,0.0
2008-06-26 00:00:00-04:00,11.5600004196167,11.5600004196167,11.199999809265137,11.420000076293945,162400,0.0,0.0
2008-06-27 00:00:00-04:00,11.4399995803833,11.649999618530273,11.149999618530273,11.229999542236328,471500,0.0,0.0
2008-06-30 00:00:00-04:00,11.210000038146973,11.5600004196167,10.979999542236328,11.4399995803833,230400,0.0,0.0
2008-07-01 00:00:00-04:00,11.390000343322754,11.399999618530273,10.979999542236328,11.279999732971191,185300,0.0,0.0
2008-07-02 00:00:00-04:00,11.300000190734863,11.34000015258789,10.600000381469727,10.600000381469727,327300,0.0,0.0
2008-07-03 00:00:00-04:00,10.600000381469727,10.670000076293945,10.350000381469727,10.350000381469727,132500,0.0,0.0
2008-07-07 00:00:00-04:00,10.319999694824219,10.529999732971191,9.609999656677246,10.0600004196167,378600,0.0,0.0
2008-07-08 00:00:00-04:00,9.979999542236328,11.149999618530273,9.979999542236328,11.130000114440918,379600,0.0,0.0
2008-07-09 00:00:00-04:00,11.180000305175781,11.239999771118164,10.710000038146973,10.75,179000,0.0,0.0
2008-07-10 00:00:00-04:00,10.75,11.079999923706055,10.699999809265137,10.970000267028809,115700,0.0,0.0
2008-07-11 00:00:00-04:00,10.850000381469727,11.229999542236328,10.760000228881836,11.220000267028809,191400,0.0,0.0
2008-07-14 00:00:00-04:00,11.289999961853027,11.399999618530273,10.729999542236328,10.789999961853027,153100,0.0,0.0
2008-07-15 00:00:00-04:00,10.739999771118164,11.180000305175781,10.510000228881836,10.989999771118164,192200,0.0,0.0
2008-07-16 00:00:00-04:00,11.0600004196167,11.399999618530273,10.890000343322754,11.380000114440918,233500,0.0,0.0
2008-07-17 00:00:00-04:00,11.279999732971191,11.40999984741211,11.140000343322754,11.40999984741211,185700,0.0,0.0
2008-07-18 00:00:00-04:00,11.399999618530273,11.5,10.850000381469727,11.289999961853027,170600,0.0,0.0
2008-07-21 00:00:00-04:00,11.350000381469727,11.430000305175781,11.239999771118164,11.359999656677246,67400,0.0,0.0
2008-07-22 00:00:00-04:00,11.229999542236328,11.65999984741211,11.199999809265137,11.619999885559082,164500,0.0,0.0
2008-07-23 00:00:00-04:00,11.59000015258789,12.550000190734863,11.550000190734863,12.5,705400,0.0,0.0
2008-07-24 00:00:00-04:00,12.600000381469727,12.640000343322754,12.25,12.4399995803833,368200,0.0,0.0
2008-07-25 00:00:00-04:00,12.369999885559082,13.0,12.359999656677246,12.960000038146973,462400,0.0,0.0
2008-07-28 00:00:00-04:00,12.960000038146973,12.979999542236328,12.710000038146973,12.760000228881836,185300,0.0,0.0
2008-07-29 00:00:00-04:00,12.760000228881836,13.010000228881836,12.720000267028809,12.979999542236328,261300,0.0,0.0
2008-07-30 00:00:00-04:00,12.5,12.960000038146973,12.15999984741211,12.609999656677246,259000,0.0,0.0
2008-07-31 00:00:00-04:00,12.960000038146973,13.609999656677246,12.609999656677246,13.59000015258789,557500,0.0,0.0
2008-08-01 00:00:00-04:00,13.649999618530273,13.770000457763672,12.680000305175781,13.65999984741211,396800,0.0,0.0
2008-08-04 00:00:00-04:00,13.630000114440918,13.649999618530273,13.100000381469727,13.369999885559082,442600,0.0,0.0
2008-08-05 00:00:00-04:00,13.520000457763672,13.630000114440918,13.15999984741211,13.4399995803833,319700,0.0,0.0
2008-08-06 00:00:00-04:00,13.380000114440918,14.0,13.380000114440918,13.979999542236328,269100,0.0,0.0
2008-08-07 00:00:00-04:00,13.760000228881836,14.0,13.550000190734863,13.729999542236328,240500,0.0,0.0
2008-08-08 00:00:00-04:00,13.800000190734863,13.960000038146973,13.680000305175781,13.859999656677246,260200,0.0,0.0
2008-08-11 00:00:00-04:00,13.859999656677246,14.010000228881836,13.75,14.010000228881836,270400,0.0,0.0
2008-08-12 00:00:00-04:00,14.0,14.289999961853027,13.869999885559082,13.989999771118164,218700,0.0,0.0
2008-08-13 00:00:00-04:00,14.0,14.300000190734863,13.779999732971191,14.170000076293945,207300,0.0,0.0
2008-08-14 00:00:00-04:00,14.119999885559082,14.479999542236328,14.100000381469727,14.4399995803833,180300,0.0,0.0
2008-08-15 00:00:00-04:00,14.4399995803833,14.569999694824219,14.300000190734863,14.520000457763672,199900,0.0,0.0
2008-08-18 00:00:00-04:00,14.649999618530273,14.75,14.609999656677246,14.6899995803833,262600,0.0,0.0
2008-08-19 00:00:00-04:00,14.989999771118164,15.199999809265137,14.800000190734863,15.109999656677246,458300,0.0,0.0
2008-08-20 00:00:00-04:00,15.220000267028809,15.489999771118164,14.850000381469727,14.949999809265137,357300,0.0,0.0
2008-08-21 00:00:00-04:00,14.84000015258789,15.0,14.3100004196167,14.4399995803833,352800,0.0,0.0
2008-08-22 00:00:00-04:00,14.600000381469727,14.869999885559082,14.380000114440918,14.649999618530273,226900,0.0,0.0
2008-08-25 00:00:00-04:00,14.609999656677246,14.760000228881836,13.710000038146973,14.239999771118164,283000,0.0,0.0
2008-08-26 00:00:00-04:00,14.289999961853027,14.920000076293945,14.260000228881836,14.649999618530273,248200,0.0,0.0
2008-08-27 00:00:00-04:00,14.649999618530273,15.329999923706055,14.319999694824219,14.9399995803833,345600,0.0,0.0
2008-08-28 00:00:00-04:00,14.949999809265137,16.229999542236328,14.949999809265137,16.040000915527344,638300,0.0,0.0
2008-08-29 00:00:00-04:00,16.1200008392334,16.209999084472656,15.680000305175781,15.779999732971191,262300,0.0,0.0
2008-09-02 00:00:00-04:00,15.869999885559082,16.5,15.869999885559082,16.31999969482422,345700,0.0,0.0
2008-09-03 00:00:00-04:00,15.979999542236328,16.479999542236328,15.670000076293945,16.350000381469727,477300,0.0,0.0
2008-09-04 00:00:00-04:00,16.219999313354492,16.450000762939453,15.899999618530273,15.930000305175781,222100,0.0,0.0
2008-09-05 00:00:00-04:00,15.970000267028809,16.09000015258789,15.020000457763672,15.829999923706055,422800,0.0,0.0
2008-09-08 00:00:00-04:00,16.270000457763672,16.270000457763672,15.680000305175781,16.040000915527344,199500,0.0,0.0
2008-09-09 00:00:00-04:00,16.139999389648438,16.639999389648438,15.949999809265137,15.949999809265137,267500,0.0,0.0
2008-09-10 00:00:00-04:00,16.079999923706055,16.34000015258789,15.850000381469727,16.18000030517578,243300,0.0,0.0
2008-09-11 00:00:00-04:00,16.139999389648438,16.149999618530273,15.520000457763672,15.869999885559082,238900,0.0,0.0
2008-09-12 00:00:00-04:00,15.9399995803833,15.9399995803833,15.25,15.510000228881836,263100,0.0,0.0
2008-09-15 00:00:00-04:00,15.029999732971191,15.100000381469727,11.880000114440918,13.8100004196167,842300,0.0,0.0
2008-09-16 00:00:00-04:00,13.489999771118164,14.420000076293945,13.270000457763672,14.420000076293945,445400,0.0,0.0
2008-09-17 00:00:00-04:00,14.020000457763672,14.140000343322754,13.619999885559082,13.869999885559082,553700,0.0,0.0
2008-09-18 00:00:00-04:00,14.050000190734863,14.229999542236328,13.0,14.199999809265137,377300,0.0,0.0
2008-09-19 00:00:00-04:00,14.510000228881836,15.520000457763672,14.510000228881836,15.25,774700,0.0,0.0
2008-09-22 00:00:00-04:00,15.119999885559082,15.300000190734863,14.579999923706055,14.619999885559082,197200,0.0,0.0
2008-09-23 00:00:00-04:00,14.600000381469727,14.829999923706055,14.25,14.350000381469727,224400,0.0,0.0
2008-09-24 00:00:00-04:00,14.279999732971191,14.5,14.039999961853027,14.109999656677246,315700,0.0,0.0
2008-09-25 00:00:00-04:00,14.359999656677246,14.449999809265137,13.970000267028809,14.3100004196167,188900,0.0,0.0
2008-09-26 00:00:00-04:00,14.180000305175781,14.289999961853027,13.359999656677246,14.229999542236328,300000,0.0,0.0
2008-09-29 00:00:00-04:00,14.0,14.220000267028809,13.210000038146973,13.319999694824219,213500,0.0,0.0
2008-09-30 00:00:00-04:00,13.479999542236328,13.479999542236328,12.630000114440918,13.119999885559082,332700,0.0,0.0
2008-10-01 00:00:00-04:00,13.180000305175781,13.680000305175781,12.819999694824219,13.220000267028809,244800,0.0,0.0
2008-10-02 00:00:00-04:00,13.170000076293945,13.260000228881836,12.630000114440918,12.65999984741211,226300,0.0,0.0
2008-10-03 00:00:00-04:00,12.800000190734863,13.25,12.020000457763672,12.020000457763672,178800,0.0,0.0
2008-10-06 00:00:00-04:00,11.739999771118164,12.020000457763672,10.229999542236328,12.0,488800,0.0,0.0
2008-10-07 00:00:00-04:00,12.0,12.449999809265137,10.619999885559082,10.779999732971191,344800,0.0,0.0
2008-10-08 00:00:00-04:00,10.430000305175781,10.430000305175781,9.09000015258789,9.369999885559082,659700,0.0,0.0
2008-10-09 00:00:00-04:00,9.5,9.720000267028809,8.399999618530273,8.40999984741211,296000,0.0,0.0
2008-10-10 00:00:00-04:00,8.300000190734863,9.770000457763672,7.599999904632568,9.609999656677246,532300,0.0,0.0
2008-10-13 00:00:00-04:00,10.210000038146973,10.920000076293945,9.859999656677246,10.920000076293945,162100,0.0,0.0
2008-10-14 00:00:00-04:00,11.510000228881836,12.199999809265137,10.600000381469727,12.130000114440918,492900,0.0,0.0
2008-10-15 00:00:00-04:00,12.0,12.399999618530273,11.630000114440918,11.890000343322754,566400,0.0,0.0
2008-10-16 00:00:00-04:00,11.420000076293945,13.600000381469727,11.420000076293945,13.350000381469727,695100,0.0,0.0
2008-10-17 00:00:00-04:00,12.850000381469727,14.770000457763672,12.619999885559082,13.789999961853027,529600,0.0,0.0
2008-10-20 00:00:00-04:00,14.09000015258789,15.270000457763672,13.630000114440918,15.260000228881836,476700,0.0,0.0
2008-10-21 00:00:00-04:00,15.0,15.0600004196167,14.25,14.649999618530273,574700,0.0,0.0
2008-10-22 00:00:00-04:00,14.510000228881836,14.510000228881836,13.550000190734863,13.770000457763672,380400,0.0,0.0
2008-10-23 00:00:00-04:00,13.649999618530273,13.649999618530273,12.600000381469727,13.5,334000,0.0,0.0
2008-10-24 00:00:00-04:00,12.020000457763672,12.699999809265137,10.640000343322754,12.640000343322754,340000,0.0,0.0
2008-10-27 00:00:00-04:00,12.260000228881836,13.279999732971191,12.010000228881836,12.109999656677246,301300,0.0,0.0
2008-10-28 00:00:00-04:00,12.369999885559082,13.260000228881836,11.720000267028809,13.260000228881836,253200,0.0,0.0
2008-10-29 00:00:00-04:00,12.869999885559082,13.529999732971191,12.869999885559082,13.069999694824219,263500,0.0,0.0
2008-10-30 00:00:00-04:00,13.4399995803833,13.4399995803833,12.199999809265137,13.100000381469727,332500,0.0,0.0
2008-10-31 00:00:00-04:00,13.100000381469727,13.5600004196167,12.899999618530273,13.399999618530273,238900,0.0,0.0
2008-11-03 00:00:00-05:00,13.34000015258789,13.649999618530273,13.229999542236328,13.449999809265137,332400,0.0,0.0
2008-11-04 00:00:00-05:00,13.579999923706055,13.579999923706055,12.75,13.180000305175781,252600,0.0,0.0
2008-11-05 00:00:00-05:00,13.0,13.0600004196167,12.0600004196167,12.119999885559082,207300,0.0,0.0
2008-11-06 00:00:00-05:00,12.0,12.079999923706055,11.579999923706055,11.649999618530273,257200,0.0,0.0
2008-11-07 00:00:00-05:00,11.699999809265137,11.930000305175781,11.5,11.779999732971191,160000,0.0,0.0
2008-11-10 00:00:00-05:00,12.029999732971191,12.170000076293945,11.5,11.649999618530273,180700,0.0,0.0
2008-11-11 00:00:00-05:00,11.579999923706055,11.710000038146973,11.15999984741211,11.3100004196167,178600,0.0,0.0
2008-11-12 00:00:00-05:00,11.170000076293945,11.170000076293945,10.300000190734863,10.3100004196167,186400,0.0,0.0
2008-11-13 00:00:00-05:00,10.390000343322754,11.779999732971191,9.960000038146973,11.770000457763672,284800,0.0,0.0
2008-11-14 00:00:00-05:00,11.550000190734863,11.550000190734863,9.979999542236328,9.989999771118164,303700,0.0,0.0
2008-11-17 00:00:00-05:00,10.010000228881836,10.460000038146973,9.619999885559082,10.050000190734863,205300,0.0,0.0
2008-11-18 00:00:00-05:00,10.050000190734863,10.050000190734863,9.300000190734863,9.680000305175781,209000,0.0,0.0
2008-11-19 00:00:00-05:00,9.65999984741211,9.65999984741211,8.579999923706055,8.75,236100,0.0,0.0
2008-11-20 00:00:00-05:00,8.6899995803833,8.850000381469727,7.300000190734863,7.449999809265137,676900,0.0,0.0
2008-11-21 00:00:00-05:00,7.570000171661377,8.739999771118164,7.010000228881836,8.640000343322754,635300,0.0,0.0
2008-11-24 00:00:00-05:00,8.65999984741211,9.789999961853027,8.569999694824219,9.40999984741211,438000,0.0,0.0
2008-11-25 00:00:00-05:00,9.479999542236328,10.3100004196167,9.170000076293945,9.890000343322754,1168900,0.0,0.0
2008-11-26 00:00:00-05:00,9.800000190734863,10.0600004196167,9.350000381469727,9.380000114440918,588600,0.0,0.0
2008-11-28 00:00:00-05:00,9.430000305175781,9.430000305175781,8.850000381469727,9.100000381469727,105800,0.0,0.0
2008-12-01 00:00:00-05:00,8.880000114440918,9.010000228881836,7.75,7.789999961853027,396500,0.0,0.0
2008-12-02 00:00:00-05:00,7.96999979019165,9.1899995803833,7.96999979019165,9.1899995803833,281900,0.0,0.0
2008-12-03 00:00:00-05:00,8.960000038146973,9.539999961853027,8.800000190734863,9.449999809265137,289500,0.0,0.0
2008-12-04 00:00:00-05:00,9.289999961853027,10.140000343322754,9.079999923706055,9.239999771118164,326000,0.0,0.0
2008-12-05 00:00:00-05:00,9.270000457763672,9.789999961853027,9.029999732971191,9.699999809265137,213600,0.0,0.0
2008-12-08 00:00:00-05:00,9.949999809265137,10.0,9.430000305175781,9.680000305175781,258000,0.0,0.0
2008-12-09 00:00:00-05:00,9.59000015258789,9.699999809265137,8.710000038146973,8.960000038146973,206800,0.0,0.0
2008-12-10 00:00:00-05:00,9.079999923706055,9.149999618530273,8.670000076293945,9.029999732971191,235000,0.0,0.0
2008-12-11 00:00:00-05:00,8.859999656677246,9.119999885559082,8.260000228881836,8.430000305175781,253400,0.0,0.0
2008-12-12 00:00:00-05:00,8.260000228881836,8.930000305175781,8.260000228881836,8.930000305175781,170600,0.0,0.0
2008-12-15 00:00:00-05:00,8.9399995803833,8.949999809265137,8.5,8.579999923706055,176500,0.0,0.0
2008-12-16 00:00:00-05:00,8.670000076293945,8.979999542236328,8.359999656677246,8.920000076293945,303300,0.0,0.0
2008-12-17 00:00:00-05:00,8.850000381469727,9.300000190734863,8.520000457763672,9.170000076293945,331700,0.0,0.0
2008-12-18 00:00:00-05:00,9.40999984741211,9.40999984741211,8.949999809265137,9.050000190734863,329700,0.0,0.0
2008-12-19 00:00:00-05:00,9.100000381469727,9.260000228881836,8.619999885559082,8.829999923706055,365000,0.0,0.0
2008-12-22 00:00:00-05:00,8.899999618530273,9.09000015258789,8.109999656677246,8.550000190734863,279400,0.0,0.0
2008-12-23 00:00:00-05:00,8.59000015258789,8.970000267028809,8.329999923706055,8.699999809265137,368200,0.0,0.0
2008-12-24 00:00:00-05:00,8.670000076293945,8.75,8.40999984741211,8.479999542236328,169000,0.0,0.0
2008-12-26 00:00:00-05:00,8.550000190734863,9.329999923706055,8.550000190734863,9.180000305175781,187500,0.0,0.0
2008-12-29 00:00:00-05:00,9.220000267028809,9.220000267028809,8.90999984741211,9.050000190734863,233300,0.0,0.0
2008-12-30 00:00:00-05:00,9.140000343322754,9.25,8.920000076293945,9.15999984741211,299500,0.0,0.0
2008-12-31 00:00:00-05:00,9.079999923706055,9.84000015258789,9.0,9.710000038146973,278800,0.0,0.0
2009-01-02 00:00:00-05:00,9.739999771118164,9.789999961853027,9.140000343322754,9.350000381469727,192200,0.0,0.0
2009-01-05 00:00:00-05:00,9.4399995803833,9.510000228881836,8.869999885559082,9.109999656677246,278700,0.0,0.0
2009-01-06 00:00:00-05:00,9.180000305175781,9.550000190734863,9.0,9.079999923706055,313500,0.0,0.0
2009-01-07 00:00:00-05:00,8.930000305175781,9.4399995803833,8.899999618530273,9.289999961853027,239700,0.0,0.0
2009-01-08 00:00:00-05:00,9.319999694824219,9.40999984741211,9.109999656677246,9.210000038146973,296000,0.0,0.0
2009-01-09 00:00:00-05:00,9.239999771118164,9.25,8.630000114440918,8.930000305175781,444100,0.0,0.0
2009-01-12 00:00:00-05:00,8.890000343322754,9.050000190734863,8.699999809265137,8.770000457763672,279600,0.0,0.0
2009-01-13 00:00:00-05:00,8.550000190734863,8.739999771118164,8.229999542236328,8.350000381469727,207000,0.0,0.0
2009-01-14 00:00:00-05:00,8.34000015258789,8.34000015258789,7.760000228881836,8.0600004196167,241900,0.0,0.0
2009-01-15 00:00:00-05:00,8.050000190734863,8.25,7.809999942779541,8.229999542236328,193900,0.0,0.0
2009-01-16 00:00:00-05:00,8.300000190734863,8.579999923706055,8.09000015258789,8.5,239300,0.0,0.0
2009-01-20 00:00:00-05:00,7.71999979019165,7.929999828338623,7.340000152587891,7.400000095367432,452100,0.0,0.0
2009-01-21 00:00:00-05:00,7.5,7.769999980926514,7.409999847412109,7.739999771118164,324000,0.0,0.0
2009-01-22 00:00:00-05:00,7.510000228881836,7.75,7.449999809265137,7.519999980926514,188400,0.0,0.0
2009-01-23 00:00:00-05:00,7.340000152587891,7.809999942779541,7.340000152587891,7.630000114440918,180800,0.0,0.0
2009-01-26 00:00:00-05:00,7.670000076293945,8.09000015258789,7.659999847412109,7.849999904632568,155500,0.0,0.0
2009-01-27 00:00:00-05:00,7.909999847412109,8.229999542236328,7.809999942779541,8.170000076293945,270100,0.0,0.0
2009-01-28 00:00:00-05:00,8.300000190734863,8.800000190734863,8.210000038146973,8.270000457763672,348800,0.0,0.0
2009-01-29 00:00:00-05:00,8.180000305175781,8.390000343322754,8.010000228881836,8.0600004196167,130500,0.0,0.0
2009-01-30 00:00:00-05:00,8.09000015258789,8.449999809265137,7.929999828338623,8.239999771118164,198400,0.0,0.0
2009-02-02 00:00:00-05:00,8.130000114440918,8.680000305175781,7.980000019073486,8.520000457763672,261400,0.0,0.0
2009-02-03 00:00:00-05:00,8.619999885559082,8.710000038146973,8.010000228881836,8.199999809265137,230000,0.0,0.0
2009-02-04 00:00:00-05:00,8.199999809265137,8.449999809265137,8.109999656677246,8.220000267028809,172700,0.0,0.0
2009-02-05 00:00:00-05:00,8.15999984741211,8.529999732971191,8.15999984741211,8.350000381469727,129200,0.0,0.0
2009-02-06 00:00:00-05:00,8.3100004196167,8.760000228881836,8.3100004196167,8.579999923706055,121100,0.0,0.0
2009-02-09 00:00:00-05:00,8.520000457763672,8.850000381469727,8.449999809265137,8.720000267028809,124100,0.0,0.0
2009-02-10 00:00:00-05:00,8.630000114440918,8.699999809265137,8.3100004196167,8.380000114440918,240000,0.0,0.0
2009-02-11 00:00:00-05:00,8.489999771118164,8.670000076293945,8.260000228881836,8.380000114440918,199600,0.0,0.0
2009-02-12 00:00:00-05:00,8.239999771118164,8.520000457763672,8.1899995803833,8.479999542236328,134600,0.0,0.0
2009-02-13 00:00:00-05:00,8.460000038146973,8.579999923706055,8.109999656677246,8.260000228881836,155100,0.0,0.0
2009-02-17 00:00:00-05:00,7.800000190734863,7.949999809265137,7.409999847412109,7.760000228881836,195200,0.0,0.0
2009-02-18 00:00:00-05:00,7.880000114440918,8.039999961853027,7.639999866485596,7.829999923706055,243800,0.0,0.0
2009-02-19 00:00:00-05:00,7.710000038146973,7.710000038146973,5.989999771118164,6.019999980926514,765500,0.0,0.0
2009-02-20 00:00:00-05:00,5.989999771118164,6.0,5.269999980926514,5.320000171661377,602300,0.0,0.0
2009-02-23 00:00:00-05:00,5.389999866485596,5.449999809265137,4.75,4.829999923706055,508600,0.0,0.0
2009-02-24 00:00:00-05:00,5.099999904632568,5.360000133514404,5.010000228881836,5.329999923706055,540600,0.0,0.0
2009-02-25 00:00:00-05:00,5.309999942779541,5.389999866485596,5.010000228881836,5.050000190734863,267500,0.0,0.0
2009-02-26 00:00:00-05:00,5.119999885559082,5.179999828338623,4.800000190734863,5.099999904632568,364500,0.0,0.0
2009-02-27 00:00:00-05:00,5.0,5.150000095367432,4.900000095367432,5.050000190734863,200400,0.0,0.0
2009-03-02 00:00:00-05:00,5.03000020980835,5.03000020980835,4.5,4.510000228881836,259000,0.0,0.0
2009-03-03 00:00:00-05:00,4.590000152587891,4.599999904632568,4.199999809265137,4.210000038146973,230700,0.0,0.0
2009-03-04 00:00:00-05:00,4.28000020980835,4.630000114440918,4.239999771118164,4.449999809265137,292600,0.0,0.0
2009-03-05 00:00:00-05:00,4.340000152587891,4.380000114440918,4.019999980926514,4.039999961853027,269100,0.0,0.0
2009-03-06 00:00:00-05:00,4.010000228881836,4.300000190734863,4.010000228881836,4.099999904632568,330300,0.0,0.0
2009-03-09 00:00:00-04:00,4.099999904632568,4.489999771118164,4.010000228881836,4.019999980926514,229700,0.0,0.0
2009-03-10 00:00:00-04:00,4.079999923706055,4.28000020980835,4.0,4.070000171661377,222300,0.0,0.0
2009-03-11 00:00:00-04:00,4.039999961853027,4.190000057220459,4.0,4.0,230300,0.0,0.0
2009-03-12 00:00:00-04:00,3.9600000381469727,4.630000114440918,3.930000066757202,4.550000190734863,360500,0.0,0.0
2009-03-13 00:00:00-04:00,4.599999904632568,4.929999828338623,4.539999961853027,4.829999923706055,173300,0.0,0.0
2009-03-16 00:00:00-04:00,4.940000057220459,5.320000171661377,4.889999866485596,4.920000076293945,212200,0.0,0.0
2009-03-17 00:00:00-04:00,4.900000095367432,5.300000190734863,4.889999866485596,5.300000190734863,127800,0.0,0.0
2009-03-18 00:00:00-04:00,5.320000171661377,5.460000038146973,5.019999980926514,5.269999980926514,177800,0.0,0.0
2009-03-19 00:00:00-04:00,5.329999923706055,5.329999923706055,4.800000190734863,5.110000133514404,149600,0.0,0.0
2009-03-20 00:00:00-04:00,5.170000076293945,5.389999866485596,4.75,4.769999980926514,218200,0.0,0.0
2009-03-23 00:00:00-04:00,4.900000095367432,5.75,4.809999942779541,5.75,285800,0.0,0.0
2009-03-24 00:00:00-04:00,5.679999828338623,5.679999828338623,5.21999979019165,5.25,202400,0.0,0.0
2009-03-25 00:00:00-04:00,5.289999961853027,5.699999809265137,5.260000228881836,5.630000114440918,195800,0.0,0.0
2009-03-26 00:00:00-04:00,5.710000038146973,5.849999904632568,5.360000133514404,5.739999771118164,180200,0.0,0.0
2009-03-27 00:00:00-04:00,5.53000020980835,6.0,5.329999923706055,5.369999885559082,139000,0.0,0.0
2009-03-30 00:00:00-04:00,5.340000152587891,5.389999866485596,4.949999809265137,5.369999885559082,123800,0.0,0.0
2009-03-31 00:00:00-04:00,5.320000171661377,5.480000019073486,5.099999904632568,5.179999828338623,128900,0.0,0.0
2009-04-01 00:00:00-04:00,5.090000152587891,5.320000171661377,4.889999866485596,5.309999942779541,125900,0.0,0.0
2009-04-02 00:00:00-04:00,5.440000057220459,5.610000133514404,5.340000152587891,5.420000076293945,191000,0.0,0.0
2009-04-03 00:00:00-04:00,5.389999866485596,5.389999866485596,5.099999904632568,5.260000228881836,104500,0.0,0.0
2009-04-06 00:00:00-04:00,5.170000076293945,5.190000057220459,5.019999980926514,5.139999866485596,116200,0.0,0.0
2009-04-07 00:00:00-04:00,5.039999961853027,5.139999866485596,4.900000095367432,4.929999828338623,115600,0.0,0.0
2009-04-08 00:00:00-04:00,4.989999771118164,5.070000171661377,4.869999885559082,4.949999809265137,129400,0.0,0.0
2009-04-09 00:00:00-04:00,5.019999980926514,5.099999904632568,4.869999885559082,5.059999942779541,284200,0.0,0.0
2009-04-13 00:00:00-04:00,5.0,5.130000114440918,4.929999828338623,5.0,184000,0.0,0.0
2009-04-14 00:00:00-04:00,4.900000095367432,5.0,4.679999828338623,4.730000019073486,180800,0.0,0.0
2009-04-15 00:00:00-04:00,4.699999809265137,4.880000114440918,4.599999904632568,4.690000057220459,208600,0.0,0.0
2009-04-16 00:00:00-04:00,4.71999979019165,4.880000114440918,4.559999942779541,4.75,211900,0.0,0.0
2009-04-17 00:00:00-04:00,4.769999980926514,4.880000114440918,4.710000038146973,4.739999771118164,199400,0.0,0.0
2009-04-20 00:00:00-04:00,4.730000019073486,4.820000171661377,4.5,4.570000171661377,210800,0.0,0.0
2009-04-21 00:00:00-04:00,4.53000020980835,4.909999847412109,4.53000020980835,4.869999885559082,201900,0.0,0.0
2009-04-22 00:00:00-04:00,4.75,4.989999771118164,4.75,4.860000133514404,219000,0.0,0.0
2009-04-23 00:00:00-04:00,4.860000133514404,4.989999771118164,4.559999942779541,4.610000133514404,177600,0.0,0.0
2009-04-24 00:00:00-04:00,4.710000038146973,5.070000171661377,4.710000038146973,4.880000114440918,175600,0.0,0.0
2009-04-27 00:00:00-04:00,4.849999904632568,4.96999979019165,4.679999828338623,4.679999828338623,214400,0.0,0.0
2009-04-28 00:00:00-04:00,4.889999866485596,4.989999771118164,4.760000228881836,4.960000038146973,170500,0.0,0.0
2009-04-29 00:00:00-04:00,5.03000020980835,5.5,4.920000076293945,5.369999885559082,261500,0.0,0.0
2009-04-30 00:00:00-04:00,5.449999809265137,5.650000095367432,5.300000190734863,5.429999828338623,431600,0.0,0.0
2009-05-01 00:00:00-04:00,5.519999980926514,5.639999866485596,5.309999942779541,5.489999771118164,284100,0.0,0.0
2009-05-04 00:00:00-04:00,5.650000095367432,5.699999809265137,5.0,5.550000190734863,351100,0.0,0.0
2009-05-05 00:00:00-04:00,5.53000020980835,5.800000190734863,5.369999885559082,5.710000038146973,287700,0.0,0.0
2009-05-06 00:00:00-04:00,5.769999980926514,5.769999980926514,5.429999828338623,5.699999809265137,247100,0.0,0.0
2009-05-07 00:00:00-04:00,5.71999979019165,5.949999809265137,5.599999904632568,5.829999923706055,368300,0.0,0.0
2009-05-08 00:00:00-04:00,5.909999847412109,6.210000038146973,5.800000190734863,6.139999866485596,269400,0.0,0.0
2009-05-11 00:00:00-04:00,6.010000228881836,6.010000228881836,5.659999847412109,5.75,172800,0.0,0.0
2009-05-12 00:00:00-04:00,5.78000020980835,5.880000114440918,5.300000190734863,5.340000152587891,244900,0.0,0.0
2009-05-13 00:00:00-04:00,5.340000152587891,5.340000152587891,4.809999942779541,4.840000152587891,329500,0.0,0.0
2009-05-14 00:00:00-04:00,4.809999942779541,5.269999980926514,4.769999980926514,5.070000171661377,171600,0.0,0.0
2009-05-15 00:00:00-04:00,5.070000171661377,5.070000171661377,4.909999847412109,5.0,115600,0.0,0.0
2009-05-18 00:00:00-04:00,5.059999942779541,5.079999923706055,4.920000076293945,5.0,123000,0.0,0.0
2009-05-19 00:00:00-04:00,5.010000228881836,5.050000190734863,4.949999809265137,4.980000019073486,99100,0.0,0.0
2009-05-20 00:00:00-04:00,5.039999961853027,5.039999961853027,4.869999885559082,4.920000076293945,127700,0.0,0.0
2009-05-21 00:00:00-04:00,4.829999923706055,4.849999904632568,4.630000114440918,4.769999980926514,132100,0.0,0.0
2009-05-22 00:00:00-04:00,4.809999942779541,5.010000228881836,4.71999979019165,4.75,93600,0.0,0.0
2009-05-26 00:00:00-04:00,4.71999979019165,5.0,4.710000038146973,4.920000076293945,135000,0.0,0.0
2009-05-27 00:00:00-04:00,4.900000095367432,5.010000228881836,4.809999942779541,4.809999942779541,70100,0.0,0.0
2009-05-28 00:00:00-04:00,4.869999885559082,4.909999847412109,4.550000190734863,4.619999885559082,250000,0.0,0.0
2009-05-29 00:00:00-04:00,4.650000095367432,4.809999942779541,4.599999904632568,4.690000057220459,217500,0.0,0.0
2009-06-01 00:00:00-04:00,4.800000190734863,5.0,4.75,4.980000019073486,371900,0.0,0.0
2009-06-02 00:00:00-04:00,4.880000114440918,5.110000133514404,4.880000114440918,5.019999980926514,335800,0.0,0.0
2009-06-03 00:00:00-04:00,4.889999866485596,5.420000076293945,4.880000114440918,5.369999885559082,445300,0.0,0.0
2009-06-04 00:00:00-04:00,5.449999809265137,5.829999923706055,5.400000095367432,5.690000057220459,394900,0.0,0.0
2009-06-05 00:00:00-04:00,5.730000019073486,5.800000190734863,5.599999904632568,5.610000133514404,252500,0.0,0.0
2009-06-08 00:00:00-04:00,5.639999866485596,5.880000114440918,5.5,5.679999828338623,287000,0.0,0.0
2009-06-09 00:00:00-04:00,5.699999809265137,5.900000095367432,5.599999904632568,5.820000171661377,229200,0.0,0.0
2009-06-10 00:00:00-04:00,5.849999904632568,5.880000114440918,5.730000019073486,5.820000171661377,369600,0.0,0.0
2009-06-11 00:00:00-04:00,5.849999904632568,6.150000095367432,5.849999904632568,6.010000228881836,245400,0.0,0.0
2009-06-12 00:00:00-04:00,5.980000019073486,6.179999828338623,5.880000114440918,6.179999828338623,189600,0.0,0.0
2009-06-15 00:00:00-04:00,5.980000019073486,6.170000076293945,5.650000095367432,5.679999828338623,201200,0.0,0.0
2009-06-16 00:00:00-04:00,5.659999847412109,5.880000114440918,5.619999885559082,5.800000190734863,145100,0.0,0.0
2009-06-17 00:00:00-04:00,5.809999942779541,5.929999828338623,5.619999885559082,5.789999961853027,105600,0.0,0.0
2009-06-18 00:00:00-04:00,5.75,5.880000114440918,5.630000114440918,5.880000114440918,111900,0.0,0.0
2009-06-19 00:00:00-04:00,5.940000057220459,6.099999904632568,5.760000228881836,5.769999980926514,182400,0.0,0.0
2009-06-22 00:00:00-04:00,5.710000038146973,5.820000171661377,5.650000095367432,5.800000190734863,183900,0.0,0.0
2009-06-23 00:00:00-04:00,5.820000171661377,5.820000171661377,5.400000095367432,5.440000057220459,235600,0.0,0.0
2009-06-24 00:00:00-04:00,5.480000019073486,5.570000171661377,5.340000152587891,5.380000114440918,119000,0.0,0.0
2009-06-25 00:00:00-04:00,5.380000114440918,5.539999961853027,5.199999809265137,5.539999961853027,203000,0.0,0.0
2009-06-26 00:00:00-04:00,5.46999979019165,5.690000057220459,5.409999847412109,5.670000076293945,395300,0.0,0.0
2009-06-29 00:00:00-04:00,5.650000095367432,5.75,5.460000038146973,5.53000020980835,177300,0.0,0.0
2009-06-30 00:00:00-04:00,5.539999961853027,5.630000114440918,5.519999980926514,5.539999961853027,163400,0.0,0.0
2009-07-01 00:00:00-04:00,5.599999904632568,5.980000019073486,5.579999923706055,5.800000190734863,375300,0.0,0.0
2009-07-02 00:00:00-04:00,5.699999809265137,5.699999809265137,5.46999979019165,5.46999979019165,165700,0.0,0.0
2009-07-06 00:00:00-04:00,5.489999771118164,5.510000228881836,5.349999904632568,5.46999979019165,217400,0.0,0.0
2009-07-07 00:00:00-04:00,5.480000019073486,5.519999980926514,5.079999923706055,5.079999923706055,200600,0.0,0.0
2009-07-08 00:00:00-04:00,5.119999885559082,5.190000057220459,4.960000038146973,5.070000171661377,189200,0.0,0.0
2009-07-09 00:00:00-04:00,5.079999923706055,5.269999980926514,4.96999979019165,5.059999942779541,150800,0.0,0.0
2009-07-10 00:00:00-04:00,5.010000228881836,5.159999847412109,4.960000038146973,5.150000095367432,298300,0.0,0.0
2009-07-13 00:00:00-04:00,5.159999847412109,5.269999980926514,4.989999771118164,5.139999866485596,229400,0.0,0.0
2009-07-14 00:00:00-04:00,5.139999866485596,5.300000190734863,5.119999885559082,5.230000019073486,109800,0.0,0.0
2009-07-15 00:00:00-04:00,5.28000020980835,5.699999809265137,5.260000228881836,5.570000171661377,212700,0.0,0.0
2009-07-16 00:00:00-04:00,5.559999942779541,5.559999942779541,5.420000076293945,5.550000190734863,100800,0.0,0.0
2009-07-17 00:00:00-04:00,5.550000190734863,5.550000190734863,5.260000228881836,5.320000171661377,131400,0.0,0.0
2009-07-20 00:00:00-04:00,5.409999847412109,5.46999979019165,5.28000020980835,5.329999923706055,182200,0.0,0.0
2009-07-21 00:00:00-04:00,5.369999885559082,5.380000114440918,5.210000038146973,5.260000228881836,85500,0.0,0.0
2009-07-22 00:00:00-04:00,5.239999771118164,5.320000171661377,5.039999961853027,5.090000152587891,202000,0.0,0.0
2009-07-23 00:00:00-04:00,5.110000133514404,5.25,4.949999809265137,4.989999771118164,413500,0.0,0.0
2009-07-24 00:00:00-04:00,5.050000190734863,5.5,5.010000228881836,5.420000076293945,194400,0.0,0.0
2009-07-27 00:00:00-04:00,5.389999866485596,5.650000095367432,5.010000228881836,5.619999885559082,248800,0.0,0.0
2009-07-28 00:00:00-04:00,5.590000152587891,5.789999961853027,5.409999847412109,5.449999809265137,409000,0.0,0.0
2009-07-29 00:00:00-04:00,5.420000076293945,5.800000190734863,5.420000076293945,5.78000020980835,135100,0.0,0.0
2009-07-30 00:00:00-04:00,5.849999904632568,5.900000095367432,5.360000133514404,5.400000095367432,321200,0.0,0.0
2009-07-31 00:00:00-04:00,5.400000095367432,5.519999980926514,5.070000171661377,5.079999923706055,439700,0.0,0.0
2009-08-03 00:00:00-04:00,5.119999885559082,5.210000038146973,5.070000171661377,5.099999904632568,262000,0.0,0.0
2009-08-04 00:00:00-04:00,5.340000152587891,5.389999866485596,5.110000133514404,5.380000114440918,399700,0.0,0.0
2009-08-05 00:00:00-04:00,5.429999828338623,5.429999828338623,5.150000095367432,5.190000057220459,337800,0.0,0.0
2009-08-06 00:00:00-04:00,5.190000057220459,5.28000020980835,5.03000020980835,5.070000171661377,216900,0.0,0.0
2009-08-07 00:00:00-04:00,5.190000057220459,5.21999979019165,5.090000152587891,5.150000095367432,263200,0.0,0.0
2009-08-10 00:00:00-04:00,5.179999828338623,5.340000152587891,5.119999885559082,5.260000228881836,261400,0.0,0.0
2009-08-11 00:00:00-04:00,5.260000228881836,5.349999904632568,5.179999828338623,5.179999828338623,269000,0.0,0.0
2009-08-12 00:00:00-04:00,5.610000133514404,6.849999904632568,5.460000038146973,6.739999771118164,2564700,0.0,0.0
2009-08-13 00:00:00-04:00,6.590000152587891,6.789999961853027,5.929999828338623,6.369999885559082,1561800,0.0,0.0
2009-08-14 00:00:00-04:00,6.449999809265137,6.679999828338623,6.199999809265137,6.550000190734863,681200,0.0,0.0
2009-08-17 00:00:00-04:00,6.440000057220459,7.75,6.079999923706055,7.230000019073486,2425100,0.0,0.0
2009-08-18 00:00:00-04:00,7.369999885559082,7.369999885559082,6.889999866485596,7.119999885559082,740100,0.0,0.0
2009-08-19 00:00:00-04:00,7.03000020980835,7.46999979019165,6.909999847412109,7.409999847412109,687200,0.0,0.0
2009-08-20 00:00:00-04:00,7.480000019073486,7.900000095367432,7.400000095367432,7.71999979019165,779100,0.0,0.0
2009-08-21 00:00:00-04:00,7.889999866485596,8.199999809265137,7.820000171661377,7.949999809265137,849400,0.0,0.0
2009-08-24 00:00:00-04:00,8.050000190734863,8.100000381469727,7.869999885559082,7.960000038146973,864300,0.0,0.0
2009-08-25 00:00:00-04:00,7.940000057220459,7.980000019073486,7.519999980926514,7.639999866485596,449300,0.0,0.0
2009-08-26 00:00:00-04:00,7.619999885559082,7.71999979019165,7.400000095367432,7.550000190734863,329900,0.0,0.0
2009-08-27 00:00:00-04:00,7.510000228881836,7.889999866485596,7.400000095367432,7.619999885559082,352800,0.0,0.0
2009-08-28 00:00:00-04:00,7.619999885559082,7.760000228881836,7.380000114440918,7.489999771118164,221100,0.0,0.0
2009-08-31 00:00:00-04:00,7.409999847412109,7.559999942779541,7.309999942779541,7.449999809265137,321000,0.0,0.0
2009-09-01 00:00:00-04:00,7.420000076293945,7.75,7.400000095367432,7.440000057220459,455900,0.0,0.0
2009-09-02 00:00:00-04:00,7.400000095367432,7.539999961853027,7.400000095367432,7.420000076293945,329400,0.0,0.0
2009-09-03 00:00:00-04:00,7.739999771118164,8.5,7.570000171661377,8.289999961853027,1162800,0.0,0.0
2009-09-04 00:00:00-04:00,8.34000015258789,8.369999885559082,8.0600004196167,8.3100004196167,409100,0.0,0.0
2009-09-08 00:00:00-04:00,8.430000305175781,8.4399995803833,7.900000095367432,7.940000057220459,541100,0.0,0.0
2009-09-09 00:00:00-04:00,7.989999771118164,8.369999885559082,7.829999923706055,8.229999542236328,398600,0.0,0.0
2009-09-10 00:00:00-04:00,8.630000114440918,8.779999732971191,8.25,8.75,520100,0.0,0.0
2009-09-11 00:00:00-04:00,8.789999961853027,8.869999885559082,8.59000015258789,8.779999732971191,432700,0.0,0.0
2009-09-14 00:00:00-04:00,8.729999542236328,8.729999542236328,8.369999885559082,8.449999809265137,328500,0.0,0.0
2009-09-15 00:00:00-04:00,8.460000038146973,8.5,8.270000457763672,8.3100004196167,305600,0.0,0.0
2009-09-16 00:00:00-04:00,8.350000381469727,8.449999809265137,8.3100004196167,8.359999656677246,311900,0.0,0.0
2009-09-17 00:00:00-04:00,8.359999656677246,8.600000381469727,8.239999771118164,8.279999732971191,268100,0.0,0.0
2009-09-18 00:00:00-04:00,8.069999694824219,8.470000267028809,8.020000457763672,8.350000381469727,270800,0.0,0.0
2009-09-21 00:00:00-04:00,8.369999885559082,8.649999618530273,8.25,8.359999656677246,223600,0.0,0.0
2009-09-22 00:00:00-04:00,8.470000267028809,8.550000190734863,8.270000457763672,8.279999732971191,252000,0.0,0.0
2009-09-23 00:00:00-04:00,8.319999694824219,8.449999809265137,8.109999656677246,8.130000114440918,211000,0.0,0.0
2009-09-24 00:00:00-04:00,8.180000305175781,8.229999542236328,7.539999961853027,7.909999847412109,409800,0.0,0.0
2009-09-25 00:00:00-04:00,7.909999847412109,7.920000076293945,7.710000038146973,7.849999904632568,138100,0.0,0.0
2009-09-28 00:00:00-04:00,7.809999942779541,8.15999984741211,7.809999942779541,8.0,214300,0.0,0.0
2009-09-29 00:00:00-04:00,8.09000015258789,8.15999984741211,8.0,8.100000381469727,107700,0.0,0.0
2009-09-30 00:00:00-04:00,8.0600004196167,8.199999809265137,7.860000133514404,7.96999979019165,204200,0.0,0.0
2009-10-01 00:00:00-04:00,7.940000057220459,7.940000057220459,7.599999904632568,7.599999904632568,149200,0.0,0.0
2009-10-02 00:00:00-04:00,7.510000228881836,7.590000152587891,7.210000038146973,7.409999847412109,316100,0.0,0.0
2009-10-05 00:00:00-04:00,7.409999847412109,8.0,7.340000152587891,7.809999942779541,341500,0.0,0.0
2009-10-06 00:00:00-04:00,7.840000152587891,8.25,7.75,8.039999961853027,344100,0.0,0.0
2009-10-07 00:00:00-04:00,8.020000457763672,8.170000076293945,8.0,8.029999732971191,131500,0.0,0.0
2009-10-08 00:00:00-04:00,8.119999885559082,8.25,8.0,8.0,164800,0.0,0.0
2009-10-09 00:00:00-04:00,8.029999732971191,8.199999809265137,8.010000228881836,8.199999809265137,104600,0.0,0.0
2009-10-12 00:00:00-04:00,8.1899995803833,8.199999809265137,8.010000228881836,8.050000190734863,144700,0.0,0.0
2009-10-13 00:00:00-04:00,8.010000228881836,8.010000228881836,7.809999942779541,7.900000095367432,130800,0.0,0.0
2009-10-14 00:00:00-04:00,7.980000019073486,8.100000381469727,7.880000114440918,7.960000038146973,143100,0.0,0.0
2009-10-15 00:00:00-04:00,7.869999885559082,8.0,7.699999809265137,7.96999979019165,159100,0.0,0.0
2009-10-16 00:00:00-04:00,7.869999885559082,8.0,7.840000152587891,7.900000095367432,136600,0.0,0.0
2009-10-19 00:00:00-04:00,7.909999847412109,8.039999961853027,7.860000133514404,8.039999961853027,129800,0.0,0.0
2009-10-20 00:00:00-04:00,8.039999961853027,8.039999961853027,7.650000095367432,7.679999828338623,178800,0.0,0.0
2009-10-21 00:00:00-04:00,7.650000095367432,7.710000038146973,7.210000038146973,7.25,420900,0.0,0.0
2009-10-22 00:00:00-04:00,7.25,7.539999961853027,7.25,7.5,156300,0.0,0.0
2009-10-23 00:00:00-04:00,7.550000190734863,7.699999809265137,7.179999828338623,7.21999979019165,196400,0.0,0.0
2009-10-26 00:00:00-04:00,7.210000038146973,7.230000019073486,6.710000038146973,6.929999828338623,400100,0.0,0.0
2009-10-27 00:00:00-04:00,7.139999866485596,7.260000228881836,6.960000038146973,7.130000114440918,235200,0.0,0.0
2009-10-28 00:00:00-04:00,7.130000114440918,7.21999979019165,6.820000171661377,6.889999866485596,188600,0.0,0.0
2009-10-29 00:00:00-04:00,7.03000020980835,7.03000020980835,5.929999828338623,6.070000171661377,574500,0.0,0.0
2009-10-30 00:00:00-04:00,6.099999904632568,6.159999847412109,5.940000057220459,6.0,367600,0.0,0.0
2009-11-02 00:00:00-05:00,6.110000133514404,6.21999979019165,5.730000019073486,6.010000228881836,349400,0.0,0.0
2009-11-03 00:00:00-05:00,5.96999979019165,6.03000020980835,5.820000171661377,5.889999866485596,170800,0.0,0.0
2009-11-04 00:00:00-05:00,5.900000095367432,6.170000076293945,5.650000095367432,5.670000076293945,315000,0.0,0.0
2009-11-05 00:00:00-05:00,5.699999809265137,5.900000095367432,5.670000076293945,5.860000133514404,349900,0.0,0.0
2009-11-06 00:00:00-05:00,5.800000190734863,6.150000095367432,5.800000190734863,6.039999961853027,197700,0.0,0.0
2009-11-09 00:00:00-05:00,6.110000133514404,6.110000133514404,5.800000190734863,5.860000133514404,251800,0.0,0.0
2009-11-10 00:00:00-05:00,5.800000190734863,5.809999942779541,5.519999980926514,5.550000190734863,347900,0.0,0.0
2009-11-11 00:00:00-05:00,5.579999923706055,5.599999904632568,5.550000190734863,5.599999904632568,200700,0.0,0.0
2009-11-12 00:00:00-05:00,5.590000152587891,5.639999866485596,5.53000020980835,5.570000171661377,662400,0.0,0.0
2009-11-13 00:00:00-05:00,5.619999885559082,5.619999885559082,5.539999961853027,5.579999923706055,127300,0.0,0.0
2009-11-16 00:00:00-05:00,5.599999904632568,5.690000057220459,5.599999904632568,5.639999866485596,270500,0.0,0.0
2009-11-17 00:00:00-05:00,5.639999866485596,5.940000057220459,5.590000152587891,5.929999828338623,189900,0.0,0.0
2009-11-18 00:00:00-05:00,5.96999979019165,6.150000095367432,5.929999828338623,6.150000095367432,264400,0.0,0.0
2009-11-19 00:00:00-05:00,6.099999904632568,6.210000038146973,5.96999979019165,5.989999771118164,245100,0.0,0.0
2009-11-20 00:00:00-05:00,5.949999809265137,6.150000095367432,5.889999866485596,6.110000133514404,153500,0.0,0.0
2009-11-23 00:00:00-05:00,6.130000114440918,6.440000057220459,6.130000114440918,6.409999847412109,221200,0.0,0.0
2009-11-24 00:00:00-05:00,6.380000114440918,6.409999847412109,6.03000020980835,6.21999979019165,198800,0.0,0.0
2009-11-25 00:00:00-05:00,6.260000228881836,6.320000171661377,6.079999923706055,6.150000095367432,118900,0.0,0.0
2009-11-27 00:00:00-05:00,6.019999980926514,6.039999961853027,5.869999885559082,5.920000076293945,103500,0.0,0.0
2009-11-30 00:00:00-05:00,5.920000076293945,5.920000076293945,5.679999828338623,5.71999979019165,236800,0.0,0.0
2009-12-01 00:00:00-05:00,5.889999866485596,6.070000171661377,5.75,6.03000020980835,222800,0.0,0.0
2009-12-02 00:00:00-05:00,6.059999942779541,6.599999904632568,6.019999980926514,6.590000152587891,323300,0.0,0.0
2009-12-03 00:00:00-05:00,6.650000095367432,6.670000076293945,6.449999809265137,6.480000019073486,213300,0.0,0.0
2009-12-04 00:00:00-05:00,6.559999942779541,6.75,6.429999828338623,6.559999942779541,177400,0.0,0.0
2009-12-07 00:00:00-05:00,6.599999904632568,6.730000019073486,6.429999828338623,6.460000038146973,221400,0.0,0.0
2009-12-08 00:00:00-05:00,6.329999923706055,6.460000038146973,6.230000019073486,6.260000228881836,232700,0.0,0.0
2009-12-09 00:00:00-05:00,6.269999980926514,6.570000171661377,6.269999980926514,6.46999979019165,204500,0.0,0.0
2009-12-10 00:00:00-05:00,6.46999979019165,6.489999771118164,6.230000019073486,6.239999771118164,118500,0.0,0.0
2009-12-11 00:00:00-05:00,6.289999961853027,6.460000038146973,6.260000228881836,6.409999847412109,122500,0.0,0.0
2009-12-14 00:00:00-05:00,6.420000076293945,6.599999904632568,6.400000095367432,6.599999904632568,80000,0.0,0.0
2009-12-15 00:00:00-05:00,6.550000190734863,6.880000114440918,6.539999961853027,6.630000114440918,225100,0.0,0.0
2009-12-16 00:00:00-05:00,6.639999866485596,6.690000057220459,6.46999979019165,6.639999866485596,154900,0.0,0.0
2009-12-17 00:00:00-05:00,6.579999923706055,6.650000095367432,6.309999942779541,6.360000133514404,99300,0.0,0.0
2009-12-18 00:00:00-05:00,6.429999828338623,6.46999979019165,6.25,6.449999809265137,342200,0.0,0.0
2009-12-21 00:00:00-05:00,6.510000228881836,6.690000057220459,6.349999904632568,6.460000038146973,173100,0.0,0.0
2009-12-22 00:00:00-05:00,6.449999809265137,6.599999904632568,6.449999809265137,6.489999771118164,93200,0.0,0.0
2009-12-23 00:00:00-05:00,6.539999961853027,6.75,6.53000020980835,6.639999866485596,121400,0.0,0.0
2009-12-24 00:00:00-05:00,6.659999847412109,6.739999771118164,6.630000114440918,6.650000095367432,36000,0.0,0.0
2009-12-28 00:00:00-05:00,6.610000133514404,6.679999828338623,6.389999866485596,6.480000019073486,103300,0.0,0.0
2009-12-29 00:00:00-05:00,6.519999980926514,6.550000190734863,6.420000076293945,6.440000057220459,88100,0.0,0.0
2009-12-30 00:00:00-05:00,6.380000114440918,6.5,6.320000171661377,6.400000095367432,135400,0.0,0.0
2009-12-31 00:00:00-05:00,6.409999847412109,6.579999923706055,6.360000133514404,6.420000076293945,186900,0.0,0.0
2010-01-04 00:00:00-05:00,6.53000020980835,6.679999828338623,6.5,6.650000095367432,99000,0.0,0.0
2010-01-05 00:00:00-05:00,6.619999885559082,6.659999847412109,6.25,6.400000095367432,266900,0.0,0.0
2010-01-06 00:00:00-05:00,6.409999847412109,6.46999979019165,6.050000190734863,6.190000057220459,404300,0.0,0.0
2010-01-07 00:00:00-05:00,6.199999809265137,6.25,6.099999904632568,6.25,136500,0.0,0.0
2010-01-08 00:00:00-05:00,6.210000038146973,6.460000038146973,6.190000057220459,6.460000038146973,135100,0.0,0.0
2010-01-11 00:00:00-05:00,6.420000076293945,6.559999942779541,6.420000076293945,6.539999961853027,166500,0.0,0.0
2010-01-12 00:00:00-05:00,6.480000019073486,6.650000095367432,6.449999809265137,6.570000171661377,179300,0.0,0.0
2010-01-13 00:00:00-05:00,6.579999923706055,6.650000095367432,6.480000019073486,6.610000133514404,130300,0.0,0.0
2010-01-14 00:00:00-05:00,6.610000133514404,6.800000190734863,6.610000133514404,6.800000190734863,80700,0.0,0.0
2010-01-15 00:00:00-05:00,6.829999923706055,6.829999923706055,6.559999942779541,6.679999828338623,164600,0.0,0.0
2010-01-19 00:00:00-05:00,6.760000228881836,6.849999904632568,6.639999866485596,6.849999904632568,106900,0.0,0.0
2010-01-20 00:00:00-05:00,6.78000020980835,6.849999904632568,6.460000038146973,6.639999866485596,108000,0.0,0.0
2010-01-21 00:00:00-05:00,6.639999866485596,6.730000019073486,6.320000171661377,6.360000133514404,140100,0.0,0.0
2010-01-22 00:00:00-05:00,6.349999904632568,6.389999866485596,6.139999866485596,6.199999809265137,196900,0.0,0.0
2010-01-25 00:00:00-05:00,6.329999923706055,6.389999866485596,6.150000095367432,6.210000038146973,182900,0.0,0.0
2010-01-26 00:00:00-05:00,6.199999809265137,6.369999885559082,6.170000076293945,6.210000038146973,131900,0.0,0.0
2010-01-27 00:00:00-05:00,6.170000076293945,6.300000190734863,6.170000076293945,6.25,87000,0.0,0.0
2010-01-28 00:00:00-05:00,6.28000020980835,6.320000171661377,6.099999904632568,6.269999980926514,171700,0.0,0.0
2010-01-29 00:00:00-05:00,6.309999942779541,6.559999942779541,6.269999980926514,6.289999961853027,181700,0.0,0.0
2010-02-01 00:00:00-05:00,6.389999866485596,6.460000038146973,6.300000190734863,6.340000152587891,105800,0.0,0.0
2010-02-02 00:00:00-05:00,6.380000114440918,6.429999828338623,6.309999942779541,6.360000133514404,138600,0.0,0.0
2010-02-03 00:00:00-05:00,6.320000171661377,6.400000095367432,6.159999847412109,6.309999942779541,123300,0.0,0.0
2010-02-04 00:00:00-05:00,6.28000020980835,6.309999942779541,6.019999980926514,6.039999961853027,257400,0.0,0.0
2010-02-05 00:00:00-05:00,6.050000190734863,6.230000019073486,6.019999980926514,6.170000076293945,139200,0.0,0.0
2010-02-08 00:00:00-05:00,6.300000190734863,6.300000190734863,6.050000190734863,6.159999847412109,91600,0.0,0.0
2010-02-09 00:00:00-05:00,6.210000038146973,6.380000114440918,6.139999866485596,6.28000020980835,72000,0.0,0.0
2010-02-10 00:00:00-05:00,6.199999809265137,6.420000076293945,6.059999942779541,6.269999980926514,159500,0.0,0.0
2010-02-11 00:00:00-05:00,6.269999980926514,6.440000057220459,6.150000095367432,6.440000057220459,174600,0.0,0.0
2010-02-12 00:00:00-05:00,6.400000095367432,6.46999979019165,6.230000019073486,6.289999961853027,262500,0.0,0.0
2010-02-16 00:00:00-05:00,6.360000133514404,6.400000095367432,6.110000133514404,6.389999866485596,260300,0.0,0.0
2010-02-17 00:00:00-05:00,6.409999847412109,6.46999979019165,6.150000095367432,6.360000133514404,210100,0.0,0.0
2010-02-18 00:00:00-05:00,6.650000095367432,7.099999904632568,6.420000076293945,6.980000019073486,561300,0.0,0.0
2010-02-19 00:00:00-05:00,7.010000228881836,7.090000152587891,6.789999961853027,6.980000019073486,190800,0.0,0.0
2010-02-22 00:00:00-05:00,6.989999771118164,7.150000095367432,6.960000038146973,7.010000228881836,189800,0.0,0.0
2010-02-23 00:00:00-05:00,7.03000020980835,7.079999923706055,6.829999923706055,6.889999866485596,155100,0.0,0.0
2010-02-24 00:00:00-05:00,6.940000057220459,7.099999904632568,6.900000095367432,6.980000019073486,192700,0.0,0.0
2010-02-25 00:00:00-05:00,6.980000019073486,7.170000076293945,6.869999885559082,7.099999904632568,270400,0.0,0.0
2010-02-26 00:00:00-05:00,7.119999885559082,7.199999809265137,7.039999961853027,7.050000190734863,170400,0.0,0.0
2010-03-01 00:00:00-05:00,7.099999904632568,7.170000076293945,6.989999771118164,7.070000171661377,243400,0.0,0.0
2010-03-02 00:00:00-05:00,7.119999885559082,7.230000019073486,7.070000171661377,7.210000038146973,225500,0.0,0.0
2010-03-03 00:00:00-05:00,7.210000038146973,7.210000038146973,7.119999885559082,7.159999847412109,114600,0.0,0.0
2010-03-04 00:00:00-05:00,7.179999828338623,7.449999809265137,7.099999904632568,7.449999809265137,179300,0.0,0.0
2010-03-05 00:00:00-05:00,6.840000152587891,7.199999809265137,6.559999942779541,6.989999771118164,567500,0.0,0.0
2010-03-08 00:00:00-05:00,7.010000228881836,7.03000020980835,6.909999847412109,6.960000038146973,126200,0.0,0.0
2010-03-09 00:00:00-05:00,6.940000057220459,7.010000228881836,6.840000152587891,6.949999809265137,150000,0.0,0.0
2010-03-10 00:00:00-05:00,6.949999809265137,7.019999980926514,6.889999866485596,6.900000095367432,142600,0.0,0.0
2010-03-11 00:00:00-05:00,6.880000114440918,6.909999847412109,6.639999866485596,6.679999828338623,212400,0.0,0.0
2010-03-12 00:00:00-05:00,6.690000057220459,6.75,6.409999847412109,6.619999885559082,199100,0.0,0.0
2010-03-15 00:00:00-04:00,6.619999885559082,6.639999866485596,6.480000019073486,6.579999923706055,97300,0.0,0.0
2010-03-16 00:00:00-04:00,6.630000114440918,6.650000095367432,6.539999961853027,6.650000095367432,102100,0.0,0.0
2010-03-17 00:00:00-04:00,6.639999866485596,6.699999809265137,6.5,6.619999885559082,170400,0.0,0.0
2010-03-18 00:00:00-04:00,6.630000114440918,6.820000171661377,6.610000133514404,6.800000190734863,128300,0.0,0.0
2010-03-19 00:00:00-04:00,6.630000114440918,6.829999923706055,6.510000228881836,6.630000114440918,273700,0.0,0.0
2010-03-22 00:00:00-04:00,6.590000152587891,6.590000152587891,6.409999847412109,6.5,153700,0.0,0.0
2010-03-23 00:00:00-04:00,6.480000019073486,6.599999904632568,6.400000095367432,6.539999961853027,138700,0.0,0.0
2010-03-24 00:00:00-04:00,6.519999980926514,6.559999942779541,6.360000133514404,6.369999885559082,213400,0.0,0.0
2010-03-25 00:00:00-04:00,6.380000114440918,6.570000171661377,6.369999885559082,6.420000076293945,137000,0.0,0.0
2010-03-26 00:00:00-04:00,6.409999847412109,6.510000228881836,6.349999904632568,6.480000019073486,87600,0.0,0.0
2010-03-29 00:00:00-04:00,6.480000019073486,6.5,6.420000076293945,6.489999771118164,78800,0.0,0.0
2010-03-30 00:00:00-04:00,6.5,6.650000095367432,6.5,6.519999980926514,123400,0.0,0.0
2010-03-31 00:00:00-04:00,6.559999942779541,6.639999866485596,6.449999809265137,6.46999979019165,108500,0.0,0.0
2010-04-01 00:00:00-04:00,6.5,6.650000095367432,6.420000076293945,6.53000020980835,94600,0.0,0.0
2010-04-05 00:00:00-04:00,6.5,6.730000019073486,6.5,6.71999979019165,130500,0.0,0.0
2010-04-06 00:00:00-04:00,6.75,6.75,6.650000095367432,6.679999828338623,77400,0.0,0.0
2010-04-07 00:00:00-04:00,6.650000095367432,6.650000095367432,6.400000095367432,6.449999809265137,226400,0.0,0.0
2010-04-08 00:00:00-04:00,6.420000076293945,6.420000076293945,6.150000095367432,6.190000057220459,267300,0.0,0.0
2010-04-09 00:00:00-04:00,6.190000057220459,6.28000020980835,6.099999904632568,6.110000133514404,139600,0.0,0.0
2010-04-12 00:00:00-04:00,6.099999904632568,6.170000076293945,6.019999980926514,6.050000190734863,189100,0.0,0.0
2010-04-13 00:00:00-04:00,6.070000171661377,6.429999828338623,6.039999961853027,6.349999904632568,249700,0.0,0.0
2010-04-14 00:00:00-04:00,6.369999885559082,6.519999980926514,6.25,6.510000228881836,192800,0.0,0.0
2010-04-15 00:00:00-04:00,6.46999979019165,6.53000020980835,6.409999847412109,6.5,135000,0.0,0.0
2010-04-16 00:00:00-04:00,6.5,6.599999904632568,6.420000076293945,6.510000228881836,201000,0.0,0.0
2010-04-19 00:00:00-04:00,6.449999809265137,6.559999942779541,6.150000095367432,6.320000171661377,168500,0.0,0.0
2010-04-20 00:00:00-04:00,6.369999885559082,6.369999885559082,6.210000038146973,6.329999923706055,76300,0.0,0.0
2010-04-21 00:00:00-04:00,6.309999942779541,6.369999885559082,6.199999809265137,6.309999942779541,88400,0.0,0.0
2010-04-22 00:00:00-04:00,6.239999771118164,6.239999771118164,6.099999904632568,6.239999771118164,108000,0.0,0.0
2010-04-23 00:00:00-04:00,6.230000019073486,6.260000228881836,6.099999904632568,6.170000076293945,135800,0.0,0.0
2010-04-26 00:00:00-04:00,6.119999885559082,6.210000038146973,6.090000152587891,6.130000114440918,165200,0.0,0.0
2010-04-27 00:00:00-04:00,6.099999904632568,6.199999809265137,6.010000228881836,6.050000190734863,173800,0.0,0.0
2010-04-28 00:00:00-04:00,6.099999904632568,6.130000114440918,5.75,5.889999866485596,389100,0.0,0.0
2010-04-29 00:00:00-04:00,5.880000114440918,6.179999828338623,5.860000133514404,6.179999828338623,207000,0.0,0.0
2010-04-30 00:00:00-04:00,6.210000038146973,6.28000020980835,6.099999904632568,6.110000133514404,151500,0.0,0.0
2010-05-03 00:00:00-04:00,6.119999885559082,6.28000020980835,5.989999771118164,6.199999809265137,171300,0.0,0.0
2010-05-04 00:00:00-04:00,6.090000152587891,6.090000152587891,5.760000228881836,5.820000171661377,243400,0.0,0.0
2010-05-05 00:00:00-04:00,5.800000190734863,5.820000171661377,5.389999866485596,5.409999847412109,381200,0.0,0.0
2010-05-06 00:00:00-04:00,5.380000114440918,5.420000076293945,4.929999828338623,5.019999980926514,392400,0.0,0.0
2010-05-07 00:00:00-04:00,5.050000190734863,5.099999904632568,4.849999904632568,5.050000190734863,462800,0.0,0.0
2010-05-10 00:00:00-04:00,5.269999980926514,5.380000114440918,5.099999904632568,5.349999904632568,209700,0.0,0.0
2010-05-11 00:00:00-04:00,5.349999904632568,5.46999979019165,5.21999979019165,5.420000076293945,188000,0.0,0.0
2010-05-12 00:00:00-04:00,5.449999809265137,5.690000057220459,5.369999885559082,5.690000057220459,172100,0.0,0.0
2010-05-13 00:00:00-04:00,5.690000057220459,5.820000171661377,5.559999942779541,5.699999809265137,202100,0.0,0.0
2010-05-14 00:00:00-04:00,5.639999866485596,5.710000038146973,5.559999942779541,5.710000038146973,154300,0.0,0.0
2010-05-17 00:00:00-04:00,5.71999979019165,5.739999771118164,5.380000114440918,5.579999923706055,163500,0.0,0.0
2010-05-18 00:00:00-04:00,5.670000076293945,5.75,5.510000228881836,5.550000190734863,106900,0.0,0.0
2010-05-19 00:00:00-04:00,5.539999961853027,5.539999961853027,5.360000133514404,5.460000038146973,131400,0.0,0.0
2010-05-20 00:00:00-04:00,5.340000152587891,5.340000152587891,5.019999980926514,5.019999980926514,160000,0.0,0.0
2010-05-21 00:00:00-04:00,4.96999979019165,5.090000152587891,4.900000095367432,4.980000019073486,191600,0.0,0.0
2010-05-24 00:00:00-04:00,4.980000019073486,5.019999980926514,4.920000076293945,4.980000019073486,94800,0.0,0.0
2010-05-25 00:00:00-04:00,4.880000114440918,4.920000076293945,4.800000190734863,4.849999904632568,128000,0.0,0.0
2010-05-26 00:00:00-04:00,4.949999809265137,5.460000038146973,4.949999809265137,5.099999904632568,444000,0.0,0.0
2010-05-27 00:00:00-04:00,5.239999771118164,5.309999942779541,5.150000095367432,5.239999771118164,162900,0.0,0.0
2010-05-28 00:00:00-04:00,5.230000019073486,5.269999980926514,5.119999885559082,5.179999828338623,93200,0.0,0.0
2010-06-01 00:00:00-04:00,5.130000114440918,5.269999980926514,5.010000228881836,5.019999980926514,165900,0.0,0.0
2010-06-02 00:00:00-04:00,5.099999904632568,5.329999923706055,5.019999980926514,5.320000171661377,203800,0.0,0.0
2010-06-03 00:00:00-04:00,5.349999904632568,5.349999904632568,5.230000019073486,5.28000020980835,115400,0.0,0.0
2010-06-04 00:00:00-04:00,5.119999885559082,5.190000057220459,5.0,5.010000228881836,112300,0.0,0.0
2010-06-07 00:00:00-04:00,5.059999942779541,5.300000190734863,5.059999942779541,5.119999885559082,197500,0.0,0.0
2010-06-08 00:00:00-04:00,5.409999847412109,5.429999828338623,5.139999866485596,5.400000095367432,331100,0.0,0.0
2010-06-09 00:00:00-04:00,5.480000019073486,5.690000057220459,5.369999885559082,5.690000057220459,325500,0.0,0.0
2010-06-10 00:00:00-04:00,5.760000228881836,6.170000076293945,5.699999809265137,6.170000076293945,382300,0.0,0.0
2010-06-11 00:00:00-04:00,6.150000095367432,6.25,6.010000228881836,6.190000057220459,227400,0.0,0.0
2010-06-14 00:00:00-04:00,6.25,6.25,6.079999923706055,6.159999847412109,159100,0.0,0.0
2010-06-15 00:00:00-04:00,6.210000038146973,6.25,6.119999885559082,6.21999979019165,126100,0.0,0.0
2010-06-16 00:00:00-04:00,6.150000095367432,6.230000019073486,6.150000095367432,6.190000057220459,52400,0.0,0.0
2010-06-17 00:00:00-04:00,6.25,6.25,6.119999885559082,6.179999828338623,88600,0.0,0.0
2010-06-18 00:00:00-04:00,6.190000057220459,6.21999979019165,6.130000114440918,6.190000057220459,152200,0.0,0.0
2010-06-21 00:00:00-04:00,6.150000095367432,6.21999979019165,5.789999961853027,5.900000095367432,475700,0.0,0.0
2010-06-22 00:00:00-04:00,5.860000133514404,6.03000020980835,5.75,5.760000228881836,136700,0.0,0.0
2010-06-23 00:00:00-04:00,5.730000019073486,5.760000228881836,5.53000020980835,5.559999942779541,108400,0.0,0.0
2010-06-24 00:00:00-04:00,5.550000190734863,5.599999904632568,5.360000133514404,5.380000114440918,237200,0.0,0.0
2010-06-25 00:00:00-04:00,5.400000095367432,5.869999885559082,5.260000228881836,5.590000152587891,1049400,0.0,0.0
2010-06-28 00:00:00-04:00,5.590000152587891,5.659999847412109,5.480000019073486,5.539999961853027,81900,0.0,0.0
2010-06-29 00:00:00-04:00,5.440000057220459,5.510000228881836,5.349999904632568,5.369999885559082,145500,0.0,0.0
2010-06-30 00:00:00-04:00,5.380000114440918,5.599999904632568,5.349999904632568,5.389999866485596,148500,0.0,0.0
2010-07-01 00:00:00-04:00,5.349999904632568,5.360000133514404,5.050000190734863,5.130000114440918,187300,0.0,0.0
2010-07-02 00:00:00-04:00,5.179999828338623,5.460000038146973,5.179999828338623,5.409999847412109,91800,0.0,0.0
2010-07-06 00:00:00-04:00,5.429999828338623,5.639999866485596,5.309999942779541,5.340000152587891,173400,0.0,0.0
2010-07-07 00:00:00-04:00,5.349999904632568,5.559999942779541,5.300000190734863,5.550000190734863,153900,0.0,0.0
2010-07-08 00:00:00-04:00,5.610000133514404,5.730000019073486,5.550000190734863,5.71999979019165,101100,0.0,0.0
2010-07-09 00:00:00-04:00,5.690000057220459,5.710000038146973,5.550000190734863,5.659999847412109,91400,0.0,0.0
2010-07-12 00:00:00-04:00,5.639999866485596,5.670000076293945,5.5,5.550000190734863,70300,0.0,0.0
2010-07-13 00:00:00-04:00,5.619999885559082,5.789999961853027,5.610000133514404,5.789999961853027,112300,0.0,0.0
2010-07-14 00:00:00-04:00,5.75,5.75,5.489999771118164,5.550000190734863,103900,0.0,0.0
2010-07-15 00:00:00-04:00,5.539999961853027,5.610000133514404,5.400000095367432,5.550000190734863,63800,0.0,0.0
2010-07-16 00:00:00-04:00,5.5,5.5,5.309999942779541,5.309999942779541,104800,0.0,0.0
2010-07-19 00:00:00-04:00,5.349999904632568,5.53000020980835,5.28000020980835,5.510000228881836,99700,0.0,0.0
2010-07-20 00:00:00-04:00,5.429999828338623,5.639999866485596,5.329999923706055,5.639999866485596,106600,0.0,0.0
2010-07-21 00:00:00-04:00,5.699999809265137,5.739999771118164,5.5,5.5,65100,0.0,0.0
2010-07-22 00:00:00-04:00,5.559999942779541,5.739999771118164,5.519999980926514,5.730000019073486,82100,0.0,0.0
2010-07-23 00:00:00-04:00,5.71999979019165,6.110000133514404,5.71999979019165,6.059999942779541,171700,0.0,0.0
2010-07-26 00:00:00-04:00,6.110000133514404,6.159999847412109,6.03000020980835,6.050000190734863,105400,0.0,0.0
2010-07-27 00:00:00-04:00,6.110000133514404,6.150000095367432,5.670000076293945,5.710000038146973,131600,0.0,0.0
2010-07-28 00:00:00-04:00,5.690000057220459,5.789999961853027,5.510000228881836,5.619999885559082,87700,0.0,0.0
2010-07-29 00:00:00-04:00,5.670000076293945,5.840000152587891,5.409999847412109,5.449999809265137,162700,0.0,0.0
2010-07-30 00:00:00-04:00,5.369999885559082,5.449999809265137,5.349999904632568,5.360000133514404,102500,0.0,0.0
2010-08-02 00:00:00-04:00,5.460000038146973,5.579999923706055,5.380000114440918,5.550000190734863,104600,0.0,0.0
2010-08-03 00:00:00-04:00,5.539999961853027,5.639999866485596,5.429999828338623,5.480000019073486,71500,0.0,0.0
2010-08-04 00:00:00-04:00,5.5,5.699999809265137,5.5,5.690000057220459,115300,0.0,0.0
2010-08-05 00:00:00-04:00,5.630000114440918,5.769999980926514,5.619999885559082,5.739999771118164,128300,0.0,0.0
2010-08-06 00:00:00-04:00,5.630000114440918,5.929999828338623,5.630000114440918,5.809999942779541,261400,0.0,0.0
2010-08-09 00:00:00-04:00,5.900000095367432,6.099999904632568,5.829999923706055,6.070000171661377,135500,0.0,0.0
2010-08-10 00:00:00-04:00,6.099999904632568,6.150000095367432,5.929999828338623,5.960000038146973,158800,0.0,0.0
2010-08-11 00:00:00-04:00,5.809999942779541,5.889999866485596,5.460000038146973,5.46999979019165,122600,0.0,0.0
2010-08-12 00:00:00-04:00,5.389999866485596,5.630000114440918,5.389999866485596,5.519999980926514,76800,0.0,0.0
2010-08-13 00:00:00-04:00,5.489999771118164,5.550000190734863,5.300000190734863,5.300000190734863,56400,0.0,0.0
2010-08-16 00:00:00-04:00,5.28000020980835,5.579999923706055,5.25,5.409999847412109,77600,0.0,0.0
2010-08-17 00:00:00-04:00,5.489999771118164,5.610000133514404,5.429999828338623,5.570000171661377,69100,0.0,0.0
2010-08-18 00:00:00-04:00,5.550000190734863,5.650000095367432,5.5,5.599999904632568,53700,0.0,0.0
2010-08-19 00:00:00-04:00,5.590000152587891,5.659999847412109,5.519999980926514,5.53000020980835,132700,0.0,0.0
2010-08-20 00:00:00-04:00,5.489999771118164,5.650000095367432,5.429999828338623,5.46999979019165,167400,0.0,0.0
2010-08-23 00:00:00-04:00,5.519999980926514,5.610000133514404,5.170000076293945,5.179999828338623,75300,0.0,0.0
2010-08-24 00:00:00-04:00,5.179999828338623,5.269999980926514,5.059999942779541,5.230000019073486,114900,0.0,0.0
2010-08-25 00:00:00-04:00,5.199999809265137,5.329999923706055,5.150000095367432,5.260000228881836,117500,0.0,0.0
2010-08-26 00:00:00-04:00,5.300000190734863,5.349999904632568,5.139999866485596,5.179999828338623,62900,0.0,0.0
2010-08-27 00:00:00-04:00,5.239999771118164,5.46999979019165,5.159999847412109,5.460000038146973,86600,0.0,0.0
2010-08-30 00:00:00-04:00,5.460000038146973,5.460000038146973,5.239999771118164,5.239999771118164,80100,0.0,0.0
2010-08-31 00:00:00-04:00,5.21999979019165,5.340000152587891,5.150000095367432,5.190000057220459,73000,0.0,0.0
2010-09-01 00:00:00-04:00,5.28000020980835,5.429999828338623,5.21999979019165,5.429999828338623,117600,0.0,0.0
2010-09-02 00:00:00-04:00,5.400000095367432,5.519999980926514,5.349999904632568,5.429999828338623,118800,0.0,0.0
2010-09-03 00:00:00-04:00,5.489999771118164,5.539999961853027,5.340000152587891,5.53000020980835,112000,0.0,0.0
2010-09-07 00:00:00-04:00,5.519999980926514,5.570000171661377,5.420000076293945,5.449999809265137,100300,0.0,0.0
2010-09-08 00:00:00-04:00,5.480000019073486,5.599999904632568,5.480000019073486,5.570000171661377,74700,0.0,0.0
2010-09-09 00:00:00-04:00,5.599999904632568,5.699999809265137,5.550000190734863,5.610000133514404,112700,0.0,0.0
2010-09-10 00:00:00-04:00,5.610000133514404,5.840000152587891,5.610000133514404,5.670000076293945,89200,0.0,0.0
2010-09-13 00:00:00-04:00,5.71999979019165,6.150000095367432,5.710000038146973,6.099999904632568,149600,0.0,0.0
2010-09-14 00:00:00-04:00,6.090000152587891,6.199999809265137,6.0,6.039999961853027,151300,0.0,0.0
2010-09-15 00:00:00-04:00,5.989999771118164,6.070000171661377,5.960000038146973,6.03000020980835,93300,0.0,0.0
2010-09-16 00:00:00-04:00,6.0,6.039999961853027,5.650000095367432,5.690000057220459,83400,0.0,0.0
2010-09-17 00:00:00-04:00,5.760000228881836,6.039999961853027,5.670000076293945,6.019999980926514,176900,0.0,0.0
2010-09-20 00:00:00-04:00,6.019999980926514,6.190000057220459,5.929999828338623,6.190000057220459,142000,0.0,0.0
2010-09-21 00:00:00-04:00,6.170000076293945,6.28000020980835,6.0,6.21999979019165,86200,0.0,0.0
2010-09-22 00:00:00-04:00,6.210000038146973,6.210000038146973,5.809999942779541,5.840000152587891,61100,0.0,0.0
2010-09-23 00:00:00-04:00,5.849999904632568,6.079999923706055,5.849999904632568,5.860000133514404,84200,0.0,0.0
2010-09-24 00:00:00-04:00,5.920000076293945,6.050000190734863,5.849999904632568,6.03000020980835,88900,0.0,0.0
2010-09-27 00:00:00-04:00,6.010000228881836,6.010000228881836,5.800000190734863,5.820000171661377,52200,0.0,0.0
2010-09-28 00:00:00-04:00,5.71999979019165,5.920000076293945,5.71999979019165,5.909999847412109,75400,0.0,0.0
2010-09-29 00:00:00-04:00,5.900000095367432,6.079999923706055,5.789999961853027,6.079999923706055,91400,0.0,0.0
2010-09-30 00:00:00-04:00,6.090000152587891,6.090000152587891,5.820000171661377,6.070000171661377,214900,0.0,0.0
2010-10-01 00:00:00-04:00,6.199999809265137,6.25,5.909999847412109,6.110000133514404,255000,0.0,0.0
2010-10-04 00:00:00-04:00,6.070000171661377,6.090000152587891,5.869999885559082,6.0,71600,0.0,0.0
2010-10-05 00:00:00-04:00,6.050000190734863,6.190000057220459,5.980000019073486,6.170000076293945,149800,0.0,0.0
2010-10-06 00:00:00-04:00,6.150000095367432,6.21999979019165,6.050000190734863,6.130000114440918,117000,0.0,0.0
2010-10-07 00:00:00-04:00,6.159999847412109,6.210000038146973,5.989999771118164,6.010000228881836,99100,0.0,0.0
2010-10-08 00:00:00-04:00,6.03000020980835,6.239999771118164,6.010000228881836,6.190000057220459,79100,0.0,0.0
2010-10-11 00:00:00-04:00,6.170000076293945,6.5,6.170000076293945,6.369999885559082,181000,0.0,0.0
2010-10-12 00:00:00-04:00,6.380000114440918,6.5,6.210000038146973,6.480000019073486,115500,0.0,0.0
2010-10-13 00:00:00-04:00,6.480000019073486,6.630000114440918,6.369999885559082,6.579999923706055,128600,0.0,0.0
2010-10-14 00:00:00-04:00,6.550000190734863,6.769999980926514,6.429999828338623,6.75,151100,0.0,0.0
2010-10-15 00:00:00-04:00,6.789999961853027,6.789999961853027,6.510000228881836,6.590000152587891,124600,0.0,0.0
2010-10-18 00:00:00-04:00,6.590000152587891,6.710000038146973,6.46999979019165,6.510000228881836,95100,0.0,0.0
2010-10-19 00:00:00-04:00,6.380000114440918,6.489999771118164,6.210000038146973,6.260000228881836,87500,0.0,0.0
2010-10-20 00:00:00-04:00,6.329999923706055,6.440000057220459,6.309999942779541,6.320000171661377,53300,0.0,0.0
2010-10-21 00:00:00-04:00,6.340000152587891,6.480000019073486,6.039999961853027,6.130000114440918,102100,0.0,0.0
2010-10-22 00:00:00-04:00,6.119999885559082,6.329999923706055,6.119999885559082,6.320000171661377,82700,0.0,0.0
2010-10-25 00:00:00-04:00,6.340000152587891,6.550000190734863,6.340000152587891,6.409999847412109,76200,0.0,0.0
2010-10-26 00:00:00-04:00,6.389999866485596,6.610000133514404,6.369999885559082,6.46999979019165,69700,0.0,0.0
2010-10-27 00:00:00-04:00,6.409999847412109,6.409999847412109,6.230000019073486,6.309999942779541,57200,0.0,0.0
2010-10-28 00:00:00-04:00,6.369999885559082,6.369999885559082,6.210000038146973,6.21999979019165,47700,0.0,0.0
2010-10-29 00:00:00-04:00,6.170000076293945,6.489999771118164,6.170000076293945,6.449999809265137,84000,0.0,0.0
2010-11-01 00:00:00-04:00,6.480000019073486,6.510000228881836,6.090000152587891,6.159999847412109,143700,0.0,0.0
2010-11-02 00:00:00-04:00,6.230000019073486,6.300000190734863,6.079999923706055,6.159999847412109,110900,0.0,0.0
2010-11-03 00:00:00-04:00,6.159999847412109,6.289999961853027,6.039999961853027,6.099999904632568,169900,0.0,0.0
2010-11-04 00:00:00-04:00,5.949999809265137,6.300000190734863,5.949999809265137,6.150000095367432,209700,0.0,0.0
2010-11-05 00:00:00-04:00,6.110000133514404,6.170000076293945,5.889999866485596,6.0,82900,0.0,0.0
2010-11-08 00:00:00-05:00,5.960000038146973,6.230000019073486,5.949999809265137,6.139999866485596,81800,0.0,0.0
2010-11-09 00:00:00-05:00,6.130000114440918,6.139999866485596,5.940000057220459,5.949999809265137,97100,0.0,0.0
2010-11-10 00:00:00-05:00,5.949999809265137,6.130000114440918,5.889999866485596,6.079999923706055,148100,0.0,0.0
2010-11-11 00:00:00-05:00,5.980000019073486,6.03000020980835,5.900000095367432,5.920000076293945,92500,0.0,0.0
2010-11-12 00:00:00-05:00,5.880000114440918,6.050000190734863,5.730000019073486,5.730000019073486,131000,0.0,0.0
2010-11-15 00:00:00-05:00,5.760000228881836,5.929999828338623,5.760000228881836,5.78000020980835,90800,0.0,0.0
2010-11-16 00:00:00-05:00,5.75,5.840000152587891,5.539999961853027,5.590000152587891,94900,0.0,0.0
2010-11-17 00:00:00-05:00,5.590000152587891,5.71999979019165,5.5,5.510000228881836,70600,0.0,0.0
2010-11-18 00:00:00-05:00,5.570000171661377,5.840000152587891,5.539999961853027,5.769999980926514,98100,0.0,0.0
2010-11-19 00:00:00-05:00,5.730000019073486,5.769999980926514,5.510000228881836,5.53000020980835,162700,0.0,0.0
2010-11-22 00:00:00-05:00,5.5,5.659999847412109,5.349999904632568,5.460000038146973,101500,0.0,0.0
2010-11-23 00:00:00-05:00,5.369999885559082,5.590000152587891,5.309999942779541,5.400000095367432,154000,0.0,0.0
2010-11-24 00:00:00-05:00,5.46999979019165,5.53000020980835,5.409999847412109,5.480000019073486,88800,0.0,0.0
2010-11-26 00:00:00-05:00,5.420000076293945,5.550000190734863,5.420000076293945,5.449999809265137,31800,0.0,0.0
2010-11-29 00:00:00-05:00,5.400000095367432,5.489999771118164,5.349999904632568,5.46999979019165,48100,0.0,0.0
2010-11-30 00:00:00-05:00,5.420000076293945,5.650000095367432,5.369999885559082,5.639999866485596,177400,0.0,0.0
2010-12-01 00:00:00-05:00,5.679999828338623,5.800000190734863,5.590000152587891,5.610000133514404,129000,0.0,0.0
2010-12-02 00:00:00-05:00,5.650000095367432,5.670000076293945,5.480000019073486,5.519999980926514,79700,0.0,0.0
2010-12-03 00:00:00-05:00,5.449999809265137,5.53000020980835,5.400000095367432,5.46999979019165,123800,0.0,0.0
2010-12-06 00:00:00-05:00,5.440000057220459,5.53000020980835,5.440000057220459,5.489999771118164,96100,0.0,0.0
2010-12-07 00:00:00-05:00,5.550000190734863,5.550000190734863,5.400000095367432,5.5,121800,0.0,0.0
2010-12-08 00:00:00-05:00,5.5,5.510000228881836,5.429999828338623,5.489999771118164,82500,0.0,0.0
2010-12-09 00:00:00-05:00,5.550000190734863,5.599999904632568,5.46999979019165,5.550000190734863,86000,0.0,0.0
2010-12-10 00:00:00-05:00,5.550000190734863,5.559999942779541,5.489999771118164,5.5,142500,0.0,0.0
2010-12-13 00:00:00-05:00,5.5,5.53000020980835,5.449999809265137,5.449999809265137,98400,0.0,0.0
2010-12-14 00:00:00-05:00,5.480000019073486,5.5,5.449999809265137,5.460000038146973,114400,0.0,0.0
2010-12-15 00:00:00-05:00,5.440000057220459,5.519999980926514,5.440000057220459,5.440000057220459,134900,0.0,0.0
2010-12-16 00:00:00-05:00,5.449999809265137,5.570000171661377,5.449999809265137,5.519999980926514,163600,0.0,0.0
2010-12-17 00:00:00-05:00,5.5,5.510000228881836,5.389999866485596,5.420000076293945,346900,0.0,0.0
2010-12-20 00:00:00-05:00,5.480000019073486,5.5,5.400000095367432,5.409999847412109,215500,0.0,0.0
2010-12-21 00:00:00-05:00,5.429999828338623,5.480000019073486,5.369999885559082,5.389999866485596,152600,0.0,0.0
2010-12-22 00:00:00-05:00,5.400000095367432,5.489999771118164,5.300000190734863,5.329999923706055,310800,0.0,0.0
2010-12-23 00:00:00-05:00,5.320000171661377,5.409999847412109,5.25,5.329999923706055,134000,0.0,0.0
2010-12-27 00:00:00-05:00,5.320000171661377,5.349999904632568,5.289999961853027,5.320000171661377,163300,0.0,0.0
2010-12-28 00:00:00-05:00,5.300000190734863,5.519999980926514,5.28000020980835,5.46999979019165,118900,0.0,0.0
2010-12-29 00:00:00-05:00,5.429999828338623,5.5,5.369999885559082,5.369999885559082,106200,0.0,0.0
2010-12-30 00:00:00-05:00,5.369999885559082,5.510000228881836,5.369999885559082,5.449999809265137,85300,0.0,0.0
2010-12-31 00:00:00-05:00,5.440000057220459,5.480000019073486,5.409999847412109,5.420000076293945,90400,0.0,0.0
2011-01-03 00:00:00-05:00,5.46999979019165,5.570000171661377,5.449999809265137,5.510000228881836,203500,0.0,0.0
2011-01-04 00:00:00-05:00,5.519999980926514,5.519999980926514,5.349999904632568,5.380000114440918,105700,0.0,0.0
2011-01-05 00:00:00-05:00,5.420000076293945,5.5,5.360000133514404,5.5,68800,0.0,0.0
2011-01-06 00:00:00-05:00,5.480000019073486,5.53000020980835,5.369999885559082,5.400000095367432,95500,0.0,0.0
2011-01-07 00:00:00-05:00,5.400000095367432,5.46999979019165,5.349999904632568,5.409999847412109,98100,0.0,0.0
2011-01-10 00:00:00-05:00,5.369999885559082,5.480000019073486,5.309999942779541,5.429999828338623,75700,0.0,0.0
2011-01-11 00:00:00-05:00,5.46999979019165,5.5,5.429999828338623,5.449999809265137,109000,0.0,0.0
2011-01-12 00:00:00-05:00,5.480000019073486,5.480000019073486,5.400000095367432,5.449999809265137,100900,0.0,0.0
2011-01-13 00:00:00-05:00,5.429999828338623,5.489999771118164,5.400000095367432,5.449999809265137,83200,0.0,0.0
2011-01-14 00:00:00-05:00,5.460000038146973,5.5,5.400000095367432,5.440000057220459,168300,0.0,0.0
2011-01-18 00:00:00-05:00,5.360000133514404,5.550000190734863,5.360000133514404,5.539999961853027,77000,0.0,0.0
2011-01-19 00:00:00-05:00,5.510000228881836,5.550000190734863,5.349999904632568,5.369999885559082,81500,0.0,0.0
2011-01-20 00:00:00-05:00,5.329999923706055,5.420000076293945,5.309999942779541,5.349999904632568,65600,0.0,0.0
2011-01-21 00:00:00-05:00,5.380000114440918,5.420000076293945,5.349999904632568,5.369999885559082,113300,0.0,0.0
2011-01-24 00:00:00-05:00,5.389999866485596,5.460000038146973,5.369999885559082,5.389999866485596,33100,0.0,0.0
2011-01-25 00:00:00-05:00,5.369999885559082,5.5,5.349999904632568,5.440000057220459,63700,0.0,0.0
2011-01-26 00:00:00-05:00,5.380000114440918,5.5,5.349999904632568,5.46999979019165,76800,0.0,0.0
2011-01-27 00:00:00-05:00,5.46999979019165,5.46999979019165,5.320000171661377,5.360000133514404,70200,0.0,0.0
2011-01-28 00:00:00-05:00,5.340000152587891,5.380000114440918,5.159999847412109,5.159999847412109,165900,0.0,0.0
2011-01-31 00:00:00-05:00,5.070000171661377,5.239999771118164,5.070000171661377,5.070000171661377,96500,0.0,0.0
2011-02-01 00:00:00-05:00,5.019999980926514,5.130000114440918,5.010000228881836,5.110000133514404,156500,0.0,0.0
2011-02-02 00:00:00-05:00,5.070000171661377,5.239999771118164,5.059999942779541,5.159999847412109,42800,0.0,0.0
2011-02-03 00:00:00-05:00,5.170000076293945,5.289999961853027,5.110000133514404,5.269999980926514,61600,0.0,0.0
2011-02-04 00:00:00-05:00,5.25,5.349999904632568,5.150000095367432,5.309999942779541,95200,0.0,0.0
2011-02-07 00:00:00-05:00,5.300000190734863,5.309999942779541,5.199999809265137,5.269999980926514,61800,0.0,0.0
2011-02-08 00:00:00-05:00,5.21999979019165,5.260000228881836,5.150000095367432,5.230000019073486,86800,0.0,0.0
2011-02-09 00:00:00-05:00,5.210000038146973,5.269999980926514,5.110000133514404,5.139999866485596,48400,0.0,0.0
2011-02-10 00:00:00-05:00,5.110000133514404,5.269999980926514,5.110000133514404,5.130000114440918,62600,0.0,0.0
2011-02-11 00:00:00-05:00,5.110000133514404,5.179999828338623,5.079999923706055,5.170000076293945,57300,0.0,0.0
2011-02-14 00:00:00-05:00,5.170000076293945,5.190000057220459,5.119999885559082,5.179999828338623,38800,0.0,0.0
2011-02-15 00:00:00-05:00,5.159999847412109,5.199999809265137,5.079999923706055,5.090000152587891,144300,0.0,0.0
2011-02-16 00:00:00-05:00,5.119999885559082,5.210000038146973,5.070000171661377,5.090000152587891,73900,0.0,0.0
2011-02-17 00:00:00-05:00,5.25,5.440000057220459,5.130000114440918,5.309999942779541,312600,0.0,0.0
2011-02-18 00:00:00-05:00,5.329999923706055,5.389999866485596,5.289999961853027,5.369999885559082,220500,0.0,0.0
2011-02-22 00:00:00-05:00,5.340000152587891,5.389999866485596,5.170000076293945,5.239999771118164,108000,0.0,0.0
2011-02-23 00:00:00-05:00,5.25,5.309999942779541,5.119999885559082,5.119999885559082,80200,0.0,0.0
2011-02-24 00:00:00-05:00,5.110000133514404,5.199999809265137,5.099999904632568,5.170000076293945,77100,0.0,0.0
2011-02-25 00:00:00-05:00,5.199999809265137,5.349999904632568,5.159999847412109,5.320000171661377,71100,0.0,0.0
2011-02-28 00:00:00-05:00,5.369999885559082,5.400000095367432,5.239999771118164,5.400000095367432,116700,0.0,0.0
2011-03-01 00:00:00-05:00,5.409999847412109,5.409999847412109,5.25,5.269999980926514,68300,0.0,0.0
2011-03-02 00:00:00-05:00,5.260000228881836,5.309999942779541,5.179999828338623,5.300000190734863,53900,0.0,0.0
2011-03-03 00:00:00-05:00,5.369999885559082,5.409999847412109,5.320000171661377,5.400000095367432,61500,0.0,0.0
2011-03-04 00:00:00-05:00,5.380000114440918,5.480000019073486,5.320000171661377,5.480000019073486,75100,0.0,0.0
2011-03-07 00:00:00-05:00,5.5,5.550000190734863,5.389999866485596,5.510000228881836,96700,0.0,0.0
2011-03-08 00:00:00-05:00,5.489999771118164,5.710000038146973,5.380000114440918,5.690000057220459,85500,0.0,0.0
2011-03-09 00:00:00-05:00,5.670000076293945,5.840000152587891,5.619999885559082,5.809999942779541,77600,0.0,0.0
2011-03-10 00:00:00-05:00,5.75,5.75,5.440000057220459,5.449999809265137,135100,0.0,0.0
2011-03-11 00:00:00-05:00,5.440000057220459,5.670000076293945,5.409999847412109,5.650000095367432,99500,0.0,0.0
2011-03-14 00:00:00-04:00,5.559999942779541,5.699999809265137,5.559999942779541,5.690000057220459,71300,0.0,0.0
2011-03-15 00:00:00-04:00,5.519999980926514,5.630000114440918,5.519999980926514,5.590000152587891,84500,0.0,0.0
2011-03-16 00:00:00-04:00,5.559999942779541,5.610000133514404,5.449999809265137,5.449999809265137,108900,0.0,0.0
2011-03-17 00:00:00-04:00,5.579999923706055,5.599999904632568,5.460000038146973,5.480000019073486,59400,0.0,0.0
2011-03-18 00:00:00-04:00,5.510000228881836,5.699999809265137,5.510000228881836,5.690000057220459,175800,0.0,0.0
2011-03-21 00:00:00-04:00,5.730000019073486,5.75,5.659999847412109,5.75,58600,0.0,0.0
2011-03-22 00:00:00-04:00,5.730000019073486,5.739999771118164,5.639999866485596,5.639999866485596,25500,0.0,0.0
2011-03-23 00:00:00-04:00,5.610000133514404,5.730000019073486,5.539999961853027,5.710000038146973,21700,0.0,0.0
2011-03-24 00:00:00-04:00,5.71999979019165,5.71999979019165,5.519999980926514,5.590000152587891,61500,0.0,0.0
2011-03-25 00:00:00-04:00,5.599999904632568,5.739999771118164,5.519999980926514,5.710000038146973,63600,0.0,0.0
2011-03-28 00:00:00-04:00,5.699999809265137,5.710000038146973,5.590000152587891,5.630000114440918,41800,0.0,0.0
2011-03-29 00:00:00-04:00,5.639999866485596,5.849999904632568,5.639999866485596,5.840000152587891,126600,0.0,0.0
2011-03-30 00:00:00-04:00,5.880000114440918,6.099999904632568,5.840000152587891,6.079999923706055,138900,0.0,0.0
2011-03-31 00:00:00-04:00,6.039999961853027,6.110000133514404,5.909999847412109,6.099999904632568,96700,0.0,0.0
2011-04-01 00:00:00-04:00,6.139999866485596,6.170000076293945,6.019999980926514,6.070000171661377,65000,0.0,0.0
2011-04-04 00:00:00-04:00,6.070000171661377,6.119999885559082,5.96999979019165,5.989999771118164,53300,0.0,0.0
2011-04-05 00:00:00-04:00,5.96999979019165,5.980000019073486,5.800000190734863,5.820000171661377,61100,0.0,0.0
2011-04-06 00:00:00-04:00,5.860000133514404,5.909999847412109,5.820000171661377,5.900000095367432,62900,0.0,0.0
2011-04-07 00:00:00-04:00,5.920000076293945,5.949999809265137,5.789999961853027,5.789999961853027,36200,0.0,0.0
2011-04-08 00:00:00-04:00,5.840000152587891,5.869999885559082,5.619999885559082,5.630000114440918,52700,0.0,0.0
2011-04-11 00:00:00-04:00,5.619999885559082,5.730000019073486,5.619999885559082,5.71999979019165,68700,0.0,0.0
2011-04-12 00:00:00-04:00,5.679999828338623,5.699999809265137,5.559999942779541,5.559999942779541,50400,0.0,0.0
2011-04-13 00:00:00-04:00,5.579999923706055,5.610000133514404,5.449999809265137,5.449999809265137,67400,0.0,0.0
2011-04-14 00:00:00-04:00,5.400000095367432,5.590000152587891,5.400000095367432,5.590000152587891,72700,0.0,0.0
2011-04-15 00:00:00-04:00,5.570000171661377,5.670000076293945,5.510000228881836,5.650000095367432,66900,0.0,0.0
2011-04-18 00:00:00-04:00,5.550000190734863,5.610000133514404,5.449999809265137,5.489999771118164,83300,0.0,0.0
2011-04-19 00:00:00-04:00,5.519999980926514,5.519999980926514,5.369999885559082,5.389999866485596,75500,0.0,0.0
2011-04-20 00:00:00-04:00,5.489999771118164,5.5,5.389999866485596,5.46999979019165,45800,0.0,0.0
2011-04-21 00:00:00-04:00,5.510000228881836,5.510000228881836,5.389999866485596,5.429999828338623,34300,0.0,0.0
2011-04-25 00:00:00-04:00,5.409999847412109,5.480000019073486,5.380000114440918,5.400000095367432,107500,0.0,0.0
2011-04-26 00:00:00-04:00,5.409999847412109,5.739999771118164,5.409999847412109,5.659999847412109,164700,0.0,0.0
2011-04-27 00:00:00-04:00,5.630000114440918,5.800000190734863,5.550000190734863,5.78000020980835,57800,0.0,0.0
2011-04-28 00:00:00-04:00,5.739999771118164,5.75,5.630000114440918,5.739999771118164,49600,0.0,0.0
2011-04-29 00:00:00-04:00,5.659999847412109,6.010000228881836,5.5,5.840000152587891,143000,0.0,0.0
2011-05-02 00:00:00-04:00,5.880000114440918,5.880000114440918,5.710000038146973,5.71999979019165,68000,0.0,0.0
2011-05-03 00:00:00-04:00,5.230000019073486,5.71999979019165,5.230000019073486,5.489999771118164,78000,0.0,0.0
2011-05-04 00:00:00-04:00,5.5,5.570000171661377,5.380000114440918,5.389999866485596,71000,0.0,0.0
2011-05-05 00:00:00-04:00,5.349999904632568,5.480000019073486,5.309999942779541,5.320000171661377,80900,0.0,0.0
2011-05-06 00:00:00-04:00,5.389999866485596,5.460000038146973,5.309999942779541,5.389999866485596,53100,0.0,0.0
2011-05-09 00:00:00-04:00,5.360000133514404,5.510000228881836,5.360000133514404,5.460000038146973,41000,0.0,0.0
2011-05-10 00:00:00-04:00,5.510000228881836,5.619999885559082,5.460000038146973,5.619999885559082,48100,0.0,0.0
2011-05-11 00:00:00-04:00,5.570000171661377,5.71999979019165,5.420000076293945,5.690000057220459,119900,0.0,0.0
2011-05-12 00:00:00-04:00,5.619999885559082,5.75,5.519999980926514,5.739999771118164,44000,0.0,0.0
2011-05-13 00:00:00-04:00,5.760000228881836,5.769999980926514,5.440000057220459,5.46999979019165,59900,0.0,0.0
2011-05-16 00:00:00-04:00,5.440000057220459,5.550000190734863,5.360000133514404,5.360000133514404,71500,0.0,0.0
2011-05-17 00:00:00-04:00,5.329999923706055,5.369999885559082,5.300000190734863,5.340000152587891,46100,0.0,0.0
2011-05-18 00:00:00-04:00,5.340000152587891,5.519999980926514,5.329999923706055,5.510000228881836,50600,0.0,0.0
2011-05-19 00:00:00-04:00,5.550000190734863,5.550000190734863,5.349999904632568,5.400000095367432,43800,0.0,0.0
2011-05-20 00:00:00-04:00,5.369999885559082,5.400000095367432,5.300000190734863,5.300000190734863,57500,0.0,0.0
2011-05-23 00:00:00-04:00,5.25,5.289999961853027,5.199999809265137,5.199999809265137,63100,0.0,0.0
2011-05-24 00:00:00-04:00,5.210000038146973,5.260000228881836,5.150000095367432,5.150000095367432,83000,0.0,0.0
2011-05-25 00:00:00-04:00,5.139999866485596,5.46999979019165,5.139999866485596,5.46999979019165,84500,0.0,0.0
2011-05-26 00:00:00-04:00,5.429999828338623,5.599999904632568,5.429999828338623,5.559999942779541,69100,0.0,0.0
2011-05-27 00:00:00-04:00,5.599999904632568,5.75,5.599999904632568,5.710000038146973,130700,0.0,0.0
2011-05-31 00:00:00-04:00,5.75,5.75,5.5,5.610000133514404,164400,0.0,0.0
2011-06-01 00:00:00-04:00,5.610000133514404,5.610000133514404,5.309999942779541,5.309999942779541,91900,0.0,0.0
2011-06-02 00:00:00-04:00,5.309999942779541,5.519999980926514,5.309999942779541,5.449999809265137,51200,0.0,0.0
2011-06-03 00:00:00-04:00,5.329999923706055,5.429999828338623,5.309999942779541,5.309999942779541,90600,0.0,0.0
2011-06-06 00:00:00-04:00,5.260000228881836,5.300000190734863,5.210000038146973,5.230000019073486,82200,0.0,0.0
2011-06-07 00:00:00-04:00,5.269999980926514,5.5,5.230000019073486,5.380000114440918,73900,0.0,0.0
2011-06-08 00:00:00-04:00,5.369999885559082,5.539999961853027,5.369999885559082,5.46999979019165,84900,0.0,0.0
2011-06-09 00:00:00-04:00,5.480000019073486,5.639999866485596,5.380000114440918,5.590000152587891,82300,0.0,0.0
2011-06-10 00:00:00-04:00,5.539999961853027,5.539999961853027,5.320000171661377,5.349999904632568,69400,0.0,0.0
2011-06-13 00:00:00-04:00,5.369999885559082,5.429999828338623,5.289999961853027,5.289999961853027,81000,0.0,0.0
2011-06-14 00:00:00-04:00,5.349999904632568,5.409999847412109,5.269999980926514,5.409999847412109,56300,0.0,0.0
2011-06-15 00:00:00-04:00,5.329999923706055,5.349999904632568,5.25,5.260000228881836,53000,0.0,0.0
2011-06-16 00:00:00-04:00,5.260000228881836,5.460000038146973,5.260000228881836,5.320000171661377,67700,0.0,0.0
2011-06-17 00:00:00-04:00,5.360000133514404,5.369999885559082,5.159999847412109,5.179999828338623,155300,0.0,0.0
2011-06-20 00:00:00-04:00,5.139999866485596,5.349999904632568,5.139999866485596,5.329999923706055,44700,0.0,0.0
2011-06-21 00:00:00-04:00,5.309999942779541,5.460000038146973,5.210000038146973,5.409999847412109,71600,0.0,0.0
2011-06-22 00:00:00-04:00,5.360000133514404,5.409999847412109,5.239999771118164,5.239999771118164,36800,0.0,0.0
2011-06-23 00:00:00-04:00,5.199999809265137,5.369999885559082,5.150000095367432,5.329999923706055,63900,0.0,0.0
2011-06-24 00:00:00-04:00,5.349999904632568,5.559999942779541,5.239999771118164,5.5,293800,0.0,0.0
2011-06-27 00:00:00-04:00,5.489999771118164,5.550000190734863,5.340000152587891,5.5,69900,0.0,0.0
2011-06-28 00:00:00-04:00,5.510000228881836,5.559999942779541,5.420000076293945,5.519999980926514,74900,0.0,0.0
2011-06-29 00:00:00-04:00,5.550000190734863,5.579999923706055,5.46999979019165,5.550000190734863,75400,0.0,0.0
2011-06-30 00:00:00-04:00,5.570000171661377,5.599999904632568,5.5,5.599999904632568,62100,0.0,0.0
2011-07-01 00:00:00-04:00,5.519999980926514,5.639999866485596,5.519999980926514,5.599999904632568,98400,0.0,0.0
2011-07-05 00:00:00-04:00,5.579999923706055,5.730000019073486,5.510000228881836,5.71999979019165,73900,0.0,0.0
2011-07-06 00:00:00-04:00,5.71999979019165,5.849999904632568,5.610000133514404,5.849999904632568,77600,0.0,0.0
2011-07-07 00:00:00-04:00,5.889999866485596,5.980000019073486,5.829999923706055,5.909999847412109,66600,0.0,0.0
2011-07-08 00:00:00-04:00,5.820000171661377,5.900000095367432,5.679999828338623,5.829999923706055,70100,0.0,0.0
2011-07-11 00:00:00-04:00,5.739999771118164,5.849999904632568,5.699999809265137,5.829999923706055,62000,0.0,0.0
2011-07-12 00:00:00-04:00,5.800000190734863,5.920000076293945,5.670000076293945,5.849999904632568,74600,0.0,0.0
2011-07-13 00:00:00-04:00,5.869999885559082,6.0,5.829999923706055,5.920000076293945,78500,0.0,0.0
2011-07-14 00:00:00-04:00,5.960000038146973,6.0,5.900000095367432,5.949999809265137,74100,0.0,0.0
2011-07-15 00:00:00-04:00,5.960000038146973,5.989999771118164,5.880000114440918,5.929999828338623,67800,0.0,0.0
2011-07-18 00:00:00-04:00,5.880000114440918,5.880000114440918,5.710000038146973,5.769999980926514,39500,0.0,0.0
2011-07-19 00:00:00-04:00,5.789999961853027,5.96999979019165,5.670000076293945,5.949999809265137,113700,0.0,0.0
2011-07-20 00:00:00-04:00,5.960000038146973,5.960000038146973,5.75,5.789999961853027,69400,0.0,0.0
2011-07-21 00:00:00-04:00,5.840000152587891,5.940000057220459,5.809999942779541,5.920000076293945,52300,0.0,0.0
2011-07-22 00:00:00-04:00,5.929999828338623,5.929999828338623,5.760000228881836,5.78000020980835,37400,0.0,0.0
2011-07-25 00:00:00-04:00,5.690000057220459,5.75,5.639999866485596,5.699999809265137,45400,0.0,0.0
2011-07-26 00:00:00-04:00,5.71999979019165,5.78000020980835,5.610000133514404,5.670000076293945,58200,0.0,0.0
2011-07-27 00:00:00-04:00,5.590000152587891,5.659999847412109,5.46999979019165,5.53000020980835,97700,0.0,0.0
2011-07-28 00:00:00-04:00,5.980000019073486,5.980000019073486,5.349999904632568,5.420000076293945,152400,0.0,0.0
2011-07-29 00:00:00-04:00,5.440000057220459,5.78000020980835,5.369999885559082,5.769999980926514,105000,0.0,0.0
2011-08-01 00:00:00-04:00,5.889999866485596,5.889999866485596,5.650000095367432,5.710000038146973,89400,0.0,0.0
2011-08-02 00:00:00-04:00,5.650000095367432,5.730000019073486,5.440000057220459,5.449999809265137,89300,0.0,0.0
2011-08-03 00:00:00-04:00,5.489999771118164,5.639999866485596,5.380000114440918,5.590000152587891,93200,0.0,0.0
2011-08-04 00:00:00-04:00,5.519999980926514,5.659999847412109,5.389999866485596,5.389999866485596,123100,0.0,0.0
2011-08-05 00:00:00-04:00,5.420000076293945,5.420000076293945,5.099999904632568,5.260000228881836,119700,0.0,0.0
2011-08-08 00:00:00-04:00,5.079999923706055,5.460000038146973,5.070000171661377,5.070000171661377,207000,0.0,0.0
2011-08-09 00:00:00-04:00,5.139999866485596,5.440000057220459,4.849999904632568,5.440000057220459,214300,0.0,0.0
2011-08-10 00:00:00-04:00,5.269999980926514,5.340000152587891,4.920000076293945,4.960000038146973,156400,0.0,0.0
2011-08-11 00:00:00-04:00,4.960000038146973,5.349999904632568,4.920000076293945,5.170000076293945,141000,0.0,0.0
2011-08-12 00:00:00-04:00,5.21999979019165,5.340000152587891,5.119999885559082,5.159999847412109,64400,0.0,0.0
2011-08-15 00:00:00-04:00,5.21999979019165,5.349999904632568,5.119999885559082,5.329999923706055,90900,0.0,0.0
2011-08-16 00:00:00-04:00,5.25,5.409999847412109,5.099999904632568,5.369999885559082,144700,0.0,0.0
2011-08-17 00:00:00-04:00,5.369999885559082,5.519999980926514,5.309999942779541,5.519999980926514,118200,0.0,0.0
2011-08-18 00:00:00-04:00,5.309999942779541,5.349999904632568,5.050000190734863,5.099999904632568,118200,0.0,0.0
2011-08-19 00:00:00-04:00,5.0,5.190000057220459,4.929999828338623,4.96999979019165,85600,0.0,0.0
2011-08-22 00:00:00-04:00,5.130000114440918,5.150000095367432,4.800000190734863,4.829999923706055,79800,0.0,0.0
2011-08-23 00:00:00-04:00,4.869999885559082,5.159999847412109,4.869999885559082,5.110000133514404,132200,0.0,0.0
2011-08-24 00:00:00-04:00,5.070000171661377,5.190000057220459,5.010000228881836,5.139999866485596,59600,0.0,0.0
2011-08-25 00:00:00-04:00,5.179999828338623,5.210000038146973,4.860000133514404,4.889999866485596,104600,0.0,0.0
2011-08-26 00:00:00-04:00,4.840000152587891,5.070000171661377,4.829999923706055,5.050000190734863,47000,0.0,0.0
2011-08-29 00:00:00-04:00,5.110000133514404,5.309999942779541,5.010000228881836,5.300000190734863,81500,0.0,0.0
2011-08-30 00:00:00-04:00,5.25,5.25,5.059999942779541,5.210000038146973,58000,0.0,0.0
2011-08-31 00:00:00-04:00,5.21999979019165,5.230000019073486,5.050000190734863,5.110000133514404,118200,0.0,0.0
2011-09-01 00:00:00-04:00,5.119999885559082,5.139999866485596,4.980000019073486,5.019999980926514,89800,0.0,0.0
2011-09-02 00:00:00-04:00,4.900000095367432,4.949999809265137,4.840000152587891,4.849999904632568,95000,0.0,0.0
2011-09-06 00:00:00-04:00,4.760000228881836,4.800000190734863,4.619999885559082,4.710000038146973,105700,0.0,0.0
2011-09-07 00:00:00-04:00,4.800000190734863,5.0,4.78000020980835,4.96999979019165,92600,0.0,0.0
2011-09-08 00:00:00-04:00,4.900000095367432,4.980000019073486,4.840000152587891,4.880000114440918,76700,0.0,0.0
2011-09-09 00:00:00-04:00,4.800000190734863,4.900000095367432,4.679999828338623,4.829999923706055,127500,0.0,0.0
2011-09-12 00:00:00-04:00,4.730000019073486,4.960000038146973,4.710000038146973,4.940000057220459,117800,0.0,0.0
2011-09-13 00:00:00-04:00,4.96999979019165,4.96999979019165,4.789999961853027,4.889999866485596,71600,0.0,0.0
2011-09-14 00:00:00-04:00,4.920000076293945,5.079999923706055,4.800000190734863,5.010000228881836,70600,0.0,0.0
2011-09-15 00:00:00-04:00,5.03000020980835,5.03000020980835,4.869999885559082,4.980000019073486,50000,0.0,0.0
2011-09-16 00:00:00-04:00,5.010000228881836,5.03000020980835,4.849999904632568,5.03000020980835,129200,0.0,0.0
2011-09-19 00:00:00-04:00,4.889999866485596,4.960000038146973,4.800000190734863,4.840000152587891,81900,0.0,0.0
2011-09-20 00:00:00-04:00,4.889999866485596,4.920000076293945,4.71999979019165,4.730000019073486,45000,0.0,0.0
2011-09-21 00:00:00-04:00,4.71999979019165,4.820000171661377,4.570000171661377,4.579999923706055,61900,0.0,0.0
2011-09-22 00:00:00-04:00,4.46999979019165,4.670000076293945,4.369999885559082,4.46999979019165,125200,0.0,0.0
2011-09-23 00:00:00-04:00,4.460000038146973,4.670000076293945,4.460000038146973,4.53000020980835,67100,0.0,0.0
2011-09-26 00:00:00-04:00,4.610000133514404,4.630000114440918,4.480000019073486,4.5,66400,0.0,0.0
2011-09-27 00:00:00-04:00,4.639999866485596,4.650000095367432,4.489999771118164,4.590000152587891,127100,0.0,0.0
2011-09-28 00:00:00-04:00,4.570000171661377,4.699999809265137,4.409999847412109,4.409999847412109,78600,0.0,0.0
2011-09-29 00:00:00-04:00,4.550000190734863,4.630000114440918,4.349999904632568,4.559999942779541,79600,0.0,0.0
2011-09-30 00:00:00-04:00,4.449999809265137,4.599999904632568,4.449999809265137,4.489999771118164,106500,0.0,0.0
2011-10-03 00:00:00-04:00,4.449999809265137,4.480000019073486,4.239999771118164,4.260000228881836,210300,0.0,0.0
2011-10-04 00:00:00-04:00,4.21999979019165,4.5,4.21999979019165,4.460000038146973,288600,0.0,0.0
2011-10-05 00:00:00-04:00,4.510000228881836,4.519999980926514,4.349999904632568,4.369999885559082,69100,0.0,0.0
2011-10-06 00:00:00-04:00,4.320000171661377,4.570000171661377,4.320000171661377,4.5,93000,0.0,0.0
2011-10-07 00:00:00-04:00,4.579999923706055,4.579999923706055,4.230000019073486,4.260000228881836,113900,0.0,0.0
2011-10-10 00:00:00-04:00,4.300000190734863,4.489999771118164,4.269999980926514,4.489999771118164,119900,0.0,0.0
2011-10-11 00:00:00-04:00,4.440000057220459,4.46999979019165,4.300000190734863,4.449999809265137,86800,0.0,0.0
2011-10-12 00:00:00-04:00,4.5,4.599999904632568,4.449999809265137,4.590000152587891,103800,0.0,0.0
2011-10-13 00:00:00-04:00,4.559999942779541,4.559999942779541,4.449999809265137,4.519999980926514,88700,0.0,0.0
2011-10-14 00:00:00-04:00,4.550000190734863,4.739999771118164,4.460000038146973,4.739999771118164,79800,0.0,0.0
2011-10-17 00:00:00-04:00,4.699999809265137,4.699999809265137,4.550000190734863,4.610000133514404,90400,0.0,0.0
2011-10-18 00:00:00-04:00,4.619999885559082,4.78000020980835,4.510000228881836,4.71999979019165,124900,0.0,0.0
2011-10-19 00:00:00-04:00,4.71999979019165,4.75,4.5,4.53000020980835,70100,0.0,0.0
2011-10-20 00:00:00-04:00,4.53000020980835,4.690000057220459,4.440000057220459,4.650000095367432,139400,0.0,0.0
2011-10-21 00:00:00-04:00,4.739999771118164,4.739999771118164,4.559999942779541,4.650000095367432,88800,0.0,0.0
2011-10-24 00:00:00-04:00,4.679999828338623,4.920000076293945,4.599999904632568,4.920000076293945,101500,0.0,0.0
2011-10-25 00:00:00-04:00,4.849999904632568,4.880000114440918,4.659999847412109,4.690000057220459,84300,0.0,0.0
2011-10-26 00:00:00-04:00,4.769999980926514,4.820000171661377,4.650000095367432,4.760000228881836,94000,0.0,0.0
2011-10-27 00:00:00-04:00,4.800000190734863,4.920000076293945,4.630000114440918,4.880000114440918,173900,0.0,0.0
2011-10-28 00:00:00-04:00,4.880000114440918,5.019999980926514,4.849999904632568,4.980000019073486,122400,0.0,0.0
2011-10-31 00:00:00-04:00,4.849999904632568,4.889999866485596,4.599999904632568,4.610000133514404,196500,0.0,0.0
2011-11-01 00:00:00-04:00,4.559999942779541,4.710000038146973,4.449999809265137,4.489999771118164,150000,0.0,0.0
2011-11-02 00:00:00-04:00,4.590000152587891,4.679999828338623,4.510000228881836,4.670000076293945,128700,0.0,0.0
2011-11-03 00:00:00-04:00,4.699999809265137,4.989999771118164,4.650000095367432,4.989999771118164,94800,0.0,0.0
2011-11-04 00:00:00-04:00,4.900000095367432,4.900000095367432,4.659999847412109,4.690000057220459,47800,0.0,0.0
2011-11-07 00:00:00-05:00,4.690000057220459,4.860000133514404,4.670000076293945,4.820000171661377,46400,0.0,0.0
2011-11-08 00:00:00-05:00,4.889999866485596,5.0,4.739999771118164,4.949999809265137,52000,0.0,0.0
2011-11-09 00:00:00-05:00,4.769999980926514,4.820000171661377,4.579999923706055,4.599999904632568,111800,0.0,0.0
2011-11-10 00:00:00-05:00,4.710000038146973,4.71999979019165,4.590000152587891,4.699999809265137,85700,0.0,0.0
2011-11-11 00:00:00-05:00,4.670000076293945,4.800000190734863,4.670000076293945,4.769999980926514,60800,0.0,0.0
2011-11-14 00:00:00-05:00,4.710000038146973,4.75,4.659999847412109,4.699999809265137,76200,0.0,0.0
2011-11-15 00:00:00-05:00,4.699999809265137,4.880000114440918,4.699999809265137,4.869999885559082,49500,0.0,0.0
2011-11-16 00:00:00-05:00,4.78000020980835,4.78000020980835,4.650000095367432,4.670000076293945,126300,0.0,0.0
2011-11-17 00:00:00-05:00,4.650000095367432,4.659999847412109,4.480000019073486,4.510000228881836,90200,0.0,0.0
2011-11-18 00:00:00-05:00,4.510000228881836,4.590000152587891,4.320000171661377,4.349999904632568,126400,0.0,0.0
2011-11-21 00:00:00-05:00,4.289999961853027,4.409999847412109,4.190000057220459,4.230000019073486,100900,0.0,0.0
2011-11-22 00:00:00-05:00,4.25,4.389999866485596,4.25,4.269999980926514,123200,0.0,0.0
2011-11-23 00:00:00-05:00,4.25,4.320000171661377,4.059999942779541,4.090000152587891,110500,0.0,0.0
2011-11-25 00:00:00-05:00,4.059999942779541,4.119999885559082,4.019999980926514,4.059999942779541,29500,0.0,0.0
2011-11-28 00:00:00-05:00,4.21999979019165,4.320000171661377,4.039999961853027,4.090000152587891,153500,0.0,0.0
2011-11-29 00:00:00-05:00,4.079999923706055,4.139999866485596,4.0,4.010000228881836,115800,0.0,0.0
2011-11-30 00:00:00-05:00,4.210000038146973,4.340000152587891,4.119999885559082,4.119999885559082,935600,0.0,0.0
2011-12-01 00:00:00-05:00,4.150000095367432,4.46999979019165,4.150000095367432,4.309999942779541,166300,0.0,0.0
2011-12-02 00:00:00-05:00,4.409999847412109,4.519999980926514,4.309999942779541,4.449999809265137,87000,0.0,0.0
2011-12-05 00:00:00-05:00,4.539999961853027,4.570000171661377,4.400000095367432,4.46999979019165,116200,0.0,0.0
2011-12-06 00:00:00-05:00,4.460000038146973,4.610000133514404,4.349999904632568,4.53000020980835,69100,0.0,0.0
2011-12-07 00:00:00-05:00,4.489999771118164,4.630000114440918,4.349999904632568,4.539999961853027,77000,0.0,0.0
2011-12-08 00:00:00-05:00,4.5,4.5,4.21999979019165,4.21999979019165,100600,0.0,0.0
2011-12-09 00:00:00-05:00,4.260000228881836,4.449999809265137,4.199999809265137,4.409999847412109,116000,0.0,0.0
2011-12-12 00:00:00-05:00,4.349999904632568,4.349999904632568,4.25,4.269999980926514,89100,0.0,0.0
2011-12-13 00:00:00-05:00,4.329999923706055,4.440000057220459,4.119999885559082,4.130000114440918,179900,0.0,0.0
2011-12-14 00:00:00-05:00,4.079999923706055,4.380000114440918,4.079999923706055,4.369999885559082,109800,0.0,0.0
2011-12-15 00:00:00-05:00,4.440000057220459,4.460000038146973,4.380000114440918,4.460000038146973,89200,0.0,0.0
2011-12-16 00:00:00-05:00,4.480000019073486,4.739999771118164,4.480000019073486,4.670000076293945,380000,0.0,0.0
2011-12-19 00:00:00-05:00,4.679999828338623,4.730000019073486,4.559999942779541,4.610000133514404,128800,0.0,0.0
2011-12-20 00:00:00-05:00,4.71999979019165,4.849999904632568,4.650000095367432,4.820000171661377,155400,0.0,0.0
2011-12-21 00:00:00-05:00,4.739999771118164,4.889999866485596,4.619999885559082,4.809999942779541,57200,0.0,0.0
2011-12-22 00:00:00-05:00,4.829999923706055,4.929999828338623,4.789999961853027,4.909999847412109,41900,0.0,0.0
2011-12-23 00:00:00-05:00,4.940000057220459,4.989999771118164,4.849999904632568,4.909999847412109,52000,0.0,0.0
2011-12-27 00:00:00-05:00,4.880000114440918,4.96999979019165,4.880000114440918,4.949999809265137,54500,0.0,0.0
2011-12-28 00:00:00-05:00,4.920000076293945,4.949999809265137,4.710000038146973,4.730000019073486,61800,0.0,0.0
2011-12-29 00:00:00-05:00,4.699999809265137,4.940000057220459,4.699999809265137,4.820000171661377,79700,0.0,0.0
2011-12-30 00:00:00-05:00,4.800000190734863,4.880000114440918,4.71999979019165,4.800000190734863,102400,0.0,0.0
2012-01-03 00:00:00-05:00,4.920000076293945,4.980000019073486,4.78000020980835,4.809999942779541,100100,0.0,0.0
2012-01-04 00:00:00-05:00,4.769999980926514,4.980000019073486,4.769999980926514,4.909999847412109,40600,0.0,0.0
2012-01-05 00:00:00-05:00,4.860000133514404,4.980000019073486,4.800000190734863,4.880000114440918,39400,0.0,0.0
2012-01-06 00:00:00-05:00,4.900000095367432,5.03000020980835,4.889999866485596,4.900000095367432,61200,0.0,0.0
2012-01-09 00:00:00-05:00,4.940000057220459,5.230000019073486,4.929999828338623,5.190000057220459,139800,0.0,0.0
2012-01-10 00:00:00-05:00,5.239999771118164,5.309999942779541,5.119999885559082,5.210000038146973,100000,0.0,0.0
2012-01-11 00:00:00-05:00,5.170000076293945,5.369999885559082,5.070000171661377,5.289999961853027,78900,0.0,0.0
2012-01-12 00:00:00-05:00,5.289999961853027,5.400000095367432,5.210000038146973,5.369999885559082,69400,0.0,0.0
2012-01-13 00:00:00-05:00,5.289999961853027,5.349999904632568,5.079999923706055,5.110000133514404,71700,0.0,0.0
2012-01-17 00:00:00-05:00,5.110000133514404,5.159999847412109,5.010000228881836,5.079999923706055,97500,0.0,0.0
2012-01-18 00:00:00-05:00,5.070000171661377,5.300000190734863,4.909999847412109,5.300000190734863,43200,0.0,0.0
2012-01-19 00:00:00-05:00,5.289999961853027,5.329999923706055,5.159999847412109,5.300000190734863,41100,0.0,0.0
2012-01-20 00:00:00-05:00,5.289999961853027,5.349999904632568,5.170000076293945,5.320000171661377,49800,0.0,0.0
2012-01-23 00:00:00-05:00,5.289999961853027,5.320000171661377,5.210000038146973,5.289999961853027,29100,0.0,0.0
2012-01-24 00:00:00-05:00,5.230000019073486,5.340000152587891,5.230000019073486,5.329999923706055,50300,0.0,0.0
2012-01-25 00:00:00-05:00,5.340000152587891,5.5,5.269999980926514,5.5,61600,0.0,0.0
2012-01-26 00:00:00-05:00,5.5,5.519999980926514,5.320000171661377,5.449999809265137,89900,0.0,0.0
2012-01-27 00:00:00-05:00,5.409999847412109,5.440000057220459,5.239999771118164,5.300000190734863,61400,0.0,0.0
2012-01-30 00:00:00-05:00,5.239999771118164,5.480000019073486,5.21999979019165,5.369999885559082,53900,0.0,0.0
2012-01-31 00:00:00-05:00,5.429999828338623,5.460000038146973,5.329999923706055,5.340000152587891,109500,0.0,0.0
2012-02-01 00:00:00-05:00,5.360000133514404,5.570000171661377,5.320000171661377,5.570000171661377,86600,0.0,0.0
2012-02-02 00:00:00-05:00,5.590000152587891,5.840000152587891,5.550000190734863,5.840000152587891,103900,0.0,0.0
2012-02-03 00:00:00-05:00,5.900000095367432,6.019999980926514,5.820000171661377,5.849999904632568,126100,0.0,0.0
2012-02-06 00:00:00-05:00,5.829999923706055,5.849999904632568,5.610000133514404,5.710000038146973,61600,0.0,0.0
2012-02-07 00:00:00-05:00,5.650000095367432,5.940000057220459,5.650000095367432,5.860000133514404,46300,0.0,0.0
2012-02-08 00:00:00-05:00,5.849999904632568,5.900000095367432,5.75,5.880000114440918,32600,0.0,0.0
2012-02-09 00:00:00-05:00,5.869999885559082,5.869999885559082,5.710000038146973,5.75,42700,0.0,0.0
2012-02-10 00:00:00-05:00,5.670000076293945,5.739999771118164,5.610000133514404,5.659999847412109,25500,0.0,0.0
2012-02-13 00:00:00-05:00,5.75,5.800000190734863,5.690000057220459,5.71999979019165,33300,0.0,0.0
2012-02-14 00:00:00-05:00,5.730000019073486,5.730000019073486,5.519999980926514,5.559999942779541,40100,0.0,0.0
2012-02-15 00:00:00-05:00,5.610000133514404,5.619999885559082,5.309999942779541,5.489999771118164,91600,0.0,0.0
2012-02-16 00:00:00-05:00,5.369999885559082,6.0,5.230000019073486,5.980000019073486,92800,0.0,0.0
2012-02-17 00:00:00-05:00,5.949999809265137,5.980000019073486,5.570000171661377,5.670000076293945,52500,0.0,0.0
2012-02-21 00:00:00-05:00,5.659999847412109,5.710000038146973,5.0,5.289999961853027,164900,0.0,0.0
2012-02-22 00:00:00-05:00,5.300000190734863,5.409999847412109,5.170000076293945,5.190000057220459,53900,0.0,0.0
2012-02-23 00:00:00-05:00,5.230000019073486,5.420000076293945,5.130000114440918,5.400000095367432,64300,0.0,0.0
2012-02-24 00:00:00-05:00,5.489999771118164,5.789999961853027,5.489999771118164,5.5,167200,0.0,0.0
2012-02-27 00:00:00-05:00,5.489999771118164,5.619999885559082,5.489999771118164,5.539999961853027,44200,0.0,0.0
2012-02-28 00:00:00-05:00,5.559999942779541,5.610000133514404,5.460000038146973,5.480000019073486,78600,0.0,0.0
2012-02-29 00:00:00-05:00,5.519999980926514,5.619999885559082,5.449999809265137,5.449999809265137,119800,0.0,0.0
2012-03-01 00:00:00-05:00,5.46999979019165,5.670000076293945,5.449999809265137,5.480000019073486,85000,0.0,0.0
2012-03-02 00:00:00-05:00,5.5,5.559999942779541,5.260000228881836,5.260000228881836,127400,0.0,0.0
2012-03-05 00:00:00-05:00,5.269999980926514,5.610000133514404,5.269999980926514,5.480000019073486,62100,0.0,0.0
2012-03-06 00:00:00-05:00,5.429999828338623,5.579999923706055,5.25,5.28000020980835,70800,0.0,0.0
2012-03-07 00:00:00-05:00,5.28000020980835,5.28000020980835,5.21999979019165,5.239999771118164,56600,0.0,0.0
2012-03-08 00:00:00-05:00,5.289999961853027,5.320000171661377,5.210000038146973,5.260000228881836,63100,0.0,0.0
2012-03-09 00:00:00-05:00,5.25,5.46999979019165,5.230000019073486,5.369999885559082,65100,0.0,0.0
2012-03-12 00:00:00-04:00,5.340000152587891,5.369999885559082,5.25,5.349999904632568,32300,0.0,0.0
2012-03-13 00:00:00-04:00,5.409999847412109,5.559999942779541,5.389999866485596,5.559999942779541,84500,0.0,0.0
2012-03-14 00:00:00-04:00,5.53000020980835,5.630000114440918,5.409999847412109,5.440000057220459,56900,0.0,0.0
2012-03-15 00:00:00-04:00,5.440000057220459,5.5,5.199999809265137,5.380000114440918,345200,0.0,0.0
2012-03-16 00:00:00-04:00,5.369999885559082,5.400000095367432,5.230000019073486,5.230000019073486,244300,0.0,0.0
2012-03-19 00:00:00-04:00,5.21999979019165,5.329999923706055,5.199999809265137,5.210000038146973,107900,0.0,0.0
2012-03-20 00:00:00-04:00,5.199999809265137,5.199999809265137,5.119999885559082,5.139999866485596,67100,0.0,0.0
2012-03-21 00:00:00-04:00,5.150000095367432,5.199999809265137,5.070000171661377,5.090000152587891,60600,0.0,0.0
2012-03-22 00:00:00-04:00,5.059999942779541,5.170000076293945,5.019999980926514,5.099999904632568,77300,0.0,0.0
2012-03-23 00:00:00-04:00,5.119999885559082,5.269999980926514,5.0,5.269999980926514,315300,0.0,0.0
2012-03-26 00:00:00-04:00,5.320000171661377,5.420000076293945,5.210000038146973,5.329999923706055,99500,0.0,0.0
2012-03-27 00:00:00-04:00,5.320000171661377,5.349999904632568,5.289999961853027,5.309999942779541,48100,0.0,0.0
2012-03-28 00:00:00-04:00,5.309999942779541,5.360000133514404,5.269999980926514,5.300000190734863,72300,0.0,0.0
2012-03-29 00:00:00-04:00,5.25,5.340000152587891,5.230000019073486,5.329999923706055,39400,0.0,0.0
2012-03-30 00:00:00-04:00,5.389999866485596,5.389999866485596,5.260000228881836,5.269999980926514,93500,0.0,0.0
2012-04-02 00:00:00-04:00,5.28000020980835,5.539999961853027,5.25,5.539999961853027,106500,0.0,0.0
2012-04-03 00:00:00-04:00,5.539999961853027,5.550000190734863,5.400000095367432,5.5,92800,0.0,0.0
2012-04-04 00:00:00-04:00,5.409999847412109,5.46999979019165,5.170000076293945,5.210000038146973,93300,0.0,0.0
2012-04-05 00:00:00-04:00,5.170000076293945,5.269999980926514,5.159999847412109,5.199999809265137,59300,0.0,0.0
2012-04-09 00:00:00-04:00,5.110000133514404,5.260000228881836,5.099999904632568,5.199999809265137,86600,0.0,0.0
2012-04-10 00:00:00-04:00,5.199999809265137,5.239999771118164,4.989999771118164,4.989999771118164,92800,0.0,0.0
2012-04-11 00:00:00-04:00,5.03000020980835,5.070000171661377,4.989999771118164,5.070000171661377,80200,0.0,0.0
2012-04-12 00:00:00-04:00,5.039999961853027,5.210000038146973,5.039999961853027,5.139999866485596,59500,0.0,0.0
2012-04-13 00:00:00-04:00,5.110000133514404,5.110000133514404,4.96999979019165,5.0,69500,0.0,0.0
2012-04-16 00:00:00-04:00,5.010000228881836,5.380000114440918,5.0,5.329999923706055,40800,0.0,0.0
2012-04-17 00:00:00-04:00,5.340000152587891,5.380000114440918,5.179999828338623,5.269999980926514,67700,0.0,0.0
2012-04-18 00:00:00-04:00,5.21999979019165,5.300000190734863,5.170000076293945,5.210000038146973,37800,0.0,0.0
2012-04-19 00:00:00-04:00,5.190000057220459,5.329999923706055,5.099999904632568,5.150000095367432,76800,0.0,0.0
2012-04-20 00:00:00-04:00,5.21999979019165,5.349999904632568,5.190000057220459,5.289999961853027,69700,0.0,0.0
2012-04-23 00:00:00-04:00,5.159999847412109,5.190000057220459,5.010000228881836,5.019999980926514,72800,0.0,0.0
2012-04-24 00:00:00-04:00,5.039999961853027,5.329999923706055,5.039999961853027,5.25,82600,0.0,0.0
2012-04-25 00:00:00-04:00,5.300000190734863,5.440000057220459,5.28000020980835,5.369999885559082,85800,0.0,0.0
2012-04-26 00:00:00-04:00,5.25,5.380000114440918,5.119999885559082,5.199999809265137,52300,0.0,0.0
2012-04-27 00:00:00-04:00,5.230000019073486,5.400000095367432,5.199999809265137,5.380000114440918,57500,0.0,0.0
2012-04-30 00:00:00-04:00,5.360000133514404,5.420000076293945,5.28000020980835,5.289999961853027,52000,0.0,0.0
2012-05-01 00:00:00-04:00,5.260000228881836,5.420000076293945,5.099999904632568,5.179999828338623,99700,0.0,0.0
2012-05-02 00:00:00-04:00,5.170000076293945,5.309999942779541,5.099999904632568,5.210000038146973,60000,0.0,0.0
2012-05-03 00:00:00-04:00,5.190000057220459,5.210000038146973,5.150000095367432,5.150000095367432,59000,0.0,0.0
2012-05-04 00:00:00-04:00,5.110000133514404,5.130000114440918,5.050000190734863,5.059999942779541,88200,0.0,0.0
2012-05-07 00:00:00-04:00,5.059999942779541,5.260000228881836,5.019999980926514,5.150000095367432,60000,0.0,0.0
2012-05-08 00:00:00-04:00,5.110000133514404,5.269999980926514,5.070000171661377,5.190000057220459,48300,0.0,0.0
2012-05-09 00:00:00-04:00,5.159999847412109,5.190000057220459,5.019999980926514,5.03000020980835,69000,0.0,0.0
2012-05-10 00:00:00-04:00,5.070000171661377,5.25,5.039999961853027,5.090000152587891,54700,0.0,0.0
2012-05-11 00:00:00-04:00,5.03000020980835,5.090000152587891,5.03000020980835,5.079999923706055,52000,0.0,0.0
2012-05-14 00:00:00-04:00,5.019999980926514,5.050000190734863,4.909999847412109,4.920000076293945,73000,0.0,0.0
2012-05-15 00:00:00-04:00,4.909999847412109,5.130000114440918,4.909999847412109,4.929999828338623,62000,0.0,0.0
2012-05-16 00:00:00-04:00,4.949999809265137,5.039999961853027,4.75,4.769999980926514,97300,0.0,0.0
2012-05-17 00:00:00-04:00,4.78000020980835,4.840000152587891,4.670000076293945,4.710000038146973,113000,0.0,0.0
2012-05-18 00:00:00-04:00,4.710000038146973,4.789999961853027,4.659999847412109,4.690000057220459,94700,0.0,0.0
2012-05-21 00:00:00-04:00,4.690000057220459,4.909999847412109,4.690000057220459,4.78000020980835,129900,0.0,0.0
2012-05-22 00:00:00-04:00,4.789999961853027,4.860000133514404,4.510000228881836,4.579999923706055,108000,0.0,0.0
2012-05-23 00:00:00-04:00,4.539999961853027,4.650000095367432,4.510000228881836,4.590000152587891,72000,0.0,0.0
2012-05-24 00:00:00-04:00,4.570000171661377,4.630000114440918,4.480000019073486,4.630000114440918,87600,0.0,0.0
2012-05-25 00:00:00-04:00,4.639999866485596,4.670000076293945,4.599999904632568,4.610000133514404,44200,0.0,0.0
2012-05-29 00:00:00-04:00,4.670000076293945,4.670000076293945,4.489999771118164,4.570000171661377,43100,0.0,0.0
2012-05-30 00:00:00-04:00,4.510000228881836,4.610000133514404,4.5,4.510000228881836,53900,0.0,0.0
2012-05-31 00:00:00-04:00,4.5,4.650000095367432,4.429999828338623,4.619999885559082,174100,0.0,0.0
2012-06-01 00:00:00-04:00,4.619999885559082,4.630000114440918,4.190000057220459,4.429999828338623,74800,0.0,0.0
2012-06-04 00:00:00-04:00,4.440000057220459,4.550000190734863,4.360000133514404,4.420000076293945,87000,0.0,0.0
2012-06-05 00:00:00-04:00,4.380000114440918,4.579999923706055,4.349999904632568,4.550000190734863,70500,0.0,0.0
2012-06-06 00:00:00-04:00,4.570000171661377,4.769999980926514,4.480000019073486,4.760000228881836,79000,0.0,0.0
2012-06-07 00:00:00-04:00,4.840000152587891,4.860000133514404,4.679999828338623,4.829999923706055,95300,0.0,0.0
2012-06-08 00:00:00-04:00,4.789999961853027,4.989999771118164,4.789999961853027,4.920000076293945,65700,0.0,0.0
2012-06-11 00:00:00-04:00,4.989999771118164,4.989999771118164,4.71999979019165,4.71999979019165,77000,0.0,0.0
2012-06-12 00:00:00-04:00,4.739999771118164,4.760000228881836,4.550000190734863,4.610000133514404,75000,0.0,0.0
2012-06-13 00:00:00-04:00,4.630000114440918,4.75,4.630000114440918,4.710000038146973,94500,0.0,0.0
2012-06-14 00:00:00-04:00,4.730000019073486,4.800000190734863,4.670000076293945,4.78000020980835,39800,0.0,0.0
2012-06-15 00:00:00-04:00,4.550000190734863,4.989999771118164,4.550000190734863,4.920000076293945,186300,0.0,0.0
2012-06-18 00:00:00-04:00,4.869999885559082,4.909999847412109,4.769999980926514,4.820000171661377,57500,0.0,0.0
2012-06-19 00:00:00-04:00,4.820000171661377,4.980000019073486,4.789999961853027,4.929999828338623,70100,0.0,0.0
2012-06-20 00:00:00-04:00,4.889999866485596,4.949999809265137,4.809999942779541,4.840000152587891,25200,0.0,0.0
2012-06-21 00:00:00-04:00,4.820000171661377,4.920000076293945,4.619999885559082,4.630000114440918,46000,0.0,0.0
2012-06-22 00:00:00-04:00,4.650000095367432,5.0,4.650000095367432,5.0,422400,0.0,0.0
2012-06-25 00:00:00-04:00,4.900000095367432,4.980000019073486,4.71999979019165,4.929999828338623,38500,0.0,0.0
2012-06-26 00:00:00-04:00,4.920000076293945,4.920000076293945,4.769999980926514,4.849999904632568,29200,0.0,0.0
2012-06-27 00:00:00-04:00,4.840000152587891,5.090000152587891,4.840000152587891,5.059999942779541,42300,0.0,0.0
2012-06-28 00:00:00-04:00,5.0,5.010000228881836,4.809999942779541,5.010000228881836,34100,0.0,0.0
2012-06-29 00:00:00-04:00,5.130000114440918,5.239999771118164,4.96999979019165,5.230000019073486,99600,0.0,0.0
2012-07-02 00:00:00-04:00,5.21999979019165,5.320000171661377,5.119999885559082,5.320000171661377,58500,0.0,0.0
2012-07-03 00:00:00-04:00,5.309999942779541,5.349999904632568,5.059999942779541,5.269999980926514,41500,0.0,0.0
2012-07-05 00:00:00-04:00,5.269999980926514,5.340000152587891,5.070000171661377,5.130000114440918,34400,0.0,0.0
2012-07-06 00:00:00-04:00,5.059999942779541,5.110000133514404,4.880000114440918,4.909999847412109,63900,0.0,0.0
2012-07-09 00:00:00-04:00,4.860000133514404,5.090000152587891,4.849999904632568,4.940000057220459,124900,0.0,0.0
2012-07-10 00:00:00-04:00,4.960000038146973,5.03000020980835,4.909999847412109,5.0,46000,0.0,0.0
2012-07-11 00:00:00-04:00,5.010000228881836,5.059999942779541,4.980000019073486,5.039999961853027,31800,0.0,0.0
2012-07-12 00:00:00-04:00,4.989999771118164,5.150000095367432,4.949999809265137,5.139999866485596,41300,0.0,0.0
2012-07-13 00:00:00-04:00,5.139999866485596,5.420000076293945,5.130000114440918,5.400000095367432,89300,0.0,0.0
2012-07-16 00:00:00-04:00,5.360000133514404,5.380000114440918,5.190000057220459,5.360000133514404,37300,0.0,0.0
2012-07-17 00:00:00-04:00,5.349999904632568,5.369999885559082,5.159999847412109,5.329999923706055,24600,0.0,0.0
2012-07-18 00:00:00-04:00,5.309999942779541,5.420000076293945,5.21999979019165,5.420000076293945,34500,0.0,0.0
2012-07-19 00:00:00-04:00,5.420000076293945,5.449999809265137,5.300000190734863,5.440000057220459,52400,0.0,0.0
2012-07-20 00:00:00-04:00,5.380000114440918,5.380000114440918,5.090000152587891,5.090000152587891,75900,0.0,0.0
2012-07-23 00:00:00-04:00,5.0,5.079999923706055,4.949999809265137,4.96999979019165,40600,0.0,0.0
2012-07-24 00:00:00-04:00,5.019999980926514,5.190000057220459,4.869999885559082,4.949999809265137,44300,0.0,0.0
2012-07-25 00:00:00-04:00,5.010000228881836,5.090000152587891,4.980000019073486,4.989999771118164,22000,0.0,0.0
2012-07-26 00:00:00-04:00,5.090000152587891,5.090000152587891,4.96999979019165,5.010000228881836,33800,0.0,0.0
2012-07-27 00:00:00-04:00,5.010000228881836,5.400000095367432,5.0,5.400000095367432,93400,0.0,0.0
2012-07-30 00:00:00-04:00,5.389999866485596,5.420000076293945,5.039999961853027,5.329999923706055,90300,0.0,0.0
2012-07-31 00:00:00-04:00,5.610000133514404,5.940000057220459,5.539999961853027,5.559999942779541,199800,0.0,0.0
2012-08-01 00:00:00-04:00,5.550000190734863,5.550000190734863,5.090000152587891,5.099999904632568,86200,0.0,0.0
2012-08-02 00:00:00-04:00,5.090000152587891,5.159999847412109,4.940000057220459,4.960000038146973,57400,0.0,0.0
2012-08-03 00:00:00-04:00,5.0,5.289999961853027,5.0,5.210000038146973,46600,0.0,0.0
2012-08-06 00:00:00-04:00,5.159999847412109,5.389999866485596,5.0,5.320000171661377,100700,0.0,0.0
2012-08-07 00:00:00-04:00,5.349999904632568,5.389999866485596,5.25,5.269999980926514,52300,0.0,0.0
2012-08-08 00:00:00-04:00,5.230000019073486,5.409999847412109,5.170000076293945,5.309999942779541,30900,0.0,0.0
2012-08-09 00:00:00-04:00,5.289999961853027,5.289999961853027,5.039999961853027,5.059999942779541,42000,0.0,0.0
2012-08-10 00:00:00-04:00,5.070000171661377,5.179999828338623,5.059999942779541,5.059999942779541,20000,0.0,0.0
2012-08-13 00:00:00-04:00,5.050000190734863,5.170000076293945,5.019999980926514,5.170000076293945,33200,0.0,0.0
2012-08-14 00:00:00-04:00,5.21999979019165,5.369999885559082,5.150000095367432,5.239999771118164,64200,0.0,0.0
2012-08-15 00:00:00-04:00,5.239999771118164,5.349999904632568,5.239999771118164,5.340000152587891,52700,0.0,0.0
2012-08-16 00:00:00-04:00,5.349999904632568,5.380000114440918,5.190000057220459,5.199999809265137,122000,0.0,0.0
2012-08-17 00:00:00-04:00,5.21999979019165,5.389999866485596,5.150000095367432,5.389999866485596,48300,0.0,0.0
2012-08-20 00:00:00-04:00,5.340000152587891,5.360000133514404,5.190000057220459,5.349999904632568,43700,0.0,0.0
2012-08-21 00:00:00-04:00,5.389999866485596,5.5,5.349999904632568,5.380000114440918,61900,0.0,0.0
2012-08-22 00:00:00-04:00,5.360000133514404,5.400000095367432,5.28000020980835,5.300000190734863,16600,0.0,0.0
2012-08-23 00:00:00-04:00,5.300000190734863,5.329999923706055,5.230000019073486,5.260000228881836,36100,0.0,0.0
2012-08-24 00:00:00-04:00,5.25,5.349999904632568,5.25,5.309999942779541,25400,0.0,0.0
2012-08-27 00:00:00-04:00,5.320000171661377,5.460000038146973,5.28000020980835,5.360000133514404,21400,0.0,0.0
2012-08-28 00:00:00-04:00,5.360000133514404,5.380000114440918,5.300000190734863,5.360000133514404,52300,0.0,0.0
2012-08-29 00:00:00-04:00,5.360000133514404,5.5,5.320000171661377,5.460000038146973,32900,0.0,0.0
2012-08-30 00:00:00-04:00,5.429999828338623,5.480000019073486,5.389999866485596,5.409999847412109,19900,0.0,0.0
2012-08-31 00:00:00-04:00,5.489999771118164,5.5,5.400000095367432,5.400000095367432,53600,0.0,0.0
2012-09-04 00:00:00-04:00,5.429999828338623,5.519999980926514,5.360000133514404,5.489999771118164,68400,0.0,0.0
2012-09-05 00:00:00-04:00,5.53000020980835,5.53000020980835,5.349999904632568,5.449999809265137,89900,0.0,0.0
2012-09-06 00:00:00-04:00,5.480000019073486,5.559999942779541,5.409999847412109,5.539999961853027,69200,0.0,0.0
2012-09-07 00:00:00-04:00,5.579999923706055,5.630000114440918,5.449999809265137,5.610000133514404,47500,0.0,0.0
2012-09-10 00:00:00-04:00,5.610000133514404,5.619999885559082,5.449999809265137,5.489999771118164,71500,0.0,0.0
2012-09-11 00:00:00-04:00,5.510000228881836,5.71999979019165,5.510000228881836,5.659999847412109,54100,0.0,0.0
2012-09-12 00:00:00-04:00,5.619999885559082,5.619999885559082,5.53000020980835,5.579999923706055,59200,0.0,0.0
2012-09-13 00:00:00-04:00,5.570000171661377,5.78000020980835,5.570000171661377,5.71999979019165,86800,0.0,0.0
2012-09-14 00:00:00-04:00,5.739999771118164,5.909999847412109,5.739999771118164,5.900000095367432,167800,0.0,0.0
2012-09-17 00:00:00-04:00,5.889999866485596,5.929999828338623,5.820000171661377,5.880000114440918,63900,0.0,0.0
2012-09-18 00:00:00-04:00,5.820000171661377,5.889999866485596,5.78000020980835,5.829999923706055,64400,0.0,0.0
2012-09-19 00:00:00-04:00,5.829999923706055,5.869999885559082,5.630000114440918,5.760000228881836,67800,0.0,0.0
2012-09-20 00:00:00-04:00,5.710000038146973,5.929999828338623,5.699999809265137,5.889999866485596,48300,0.0,0.0
2012-09-21 00:00:00-04:00,5.960000038146973,5.980000019073486,5.800000190734863,5.920000076293945,396000,0.0,0.0
2012-09-24 00:00:00-04:00,5.949999809265137,6.300000190734863,5.940000057220459,6.300000190734863,247100,0.0,0.0
2012-09-25 00:00:00-04:00,6.320000171661377,6.769999980926514,6.320000171661377,6.619999885559082,243100,0.0,0.0
2012-09-26 00:00:00-04:00,6.619999885559082,7.059999942779541,6.570000171661377,7.050000190734863,200800,0.0,0.0
2012-09-27 00:00:00-04:00,7.099999904632568,7.269999980926514,6.940000057220459,7.110000133514404,379500,0.0,0.0
2012-09-28 00:00:00-04:00,7.079999923706055,7.079999923706055,6.699999809265137,6.71999979019165,184100,0.0,0.0
2012-10-01 00:00:00-04:00,6.71999979019165,6.989999771118164,6.610000133514404,6.860000133514404,178300,0.0,0.0
2012-10-02 00:00:00-04:00,6.880000114440918,6.909999847412109,6.679999828338623,6.739999771118164,116100,0.0,0.0
2012-10-03 00:00:00-04:00,6.739999771118164,6.789999961853027,6.480000019073486,6.510000228881836,136100,0.0,0.0
2012-10-04 00:00:00-04:00,6.5,6.579999923706055,6.309999942779541,6.5,92100,0.0,0.0
2012-10-05 00:00:00-04:00,6.519999980926514,6.659999847412109,6.300000190734863,6.309999942779541,104400,0.0,0.0
2012-10-08 00:00:00-04:00,6.300000190734863,6.5,6.300000190734863,6.429999828338623,67700,0.0,0.0
2012-10-09 00:00:00-04:00,6.440000057220459,6.440000057220459,6.070000171661377,6.079999923706055,89200,0.0,0.0
2012-10-10 00:00:00-04:00,6.110000133514404,6.119999885559082,5.96999979019165,6.03000020980835,105400,0.0,0.0
2012-10-11 00:00:00-04:00,6.099999904632568,6.28000020980835,6.039999961853027,6.179999828338623,41400,0.0,0.0
2012-10-12 00:00:00-04:00,6.199999809265137,6.239999771118164,6.070000171661377,6.119999885559082,38300,0.0,0.0
2012-10-15 00:00:00-04:00,6.110000133514404,6.139999866485596,6.010000228881836,6.070000171661377,42900,0.0,0.0
2012-10-16 00:00:00-04:00,6.130000114440918,6.130000114440918,5.96999979019165,6.110000133514404,49400,0.0,0.0
2012-10-17 00:00:00-04:00,6.099999904632568,6.179999828338623,6.0,6.179999828338623,42500,0.0,0.0
2012-10-18 00:00:00-04:00,6.119999885559082,6.21999979019165,5.900000095367432,5.900000095367432,72000,0.0,0.0
2012-10-19 00:00:00-04:00,5.869999885559082,5.949999809265137,5.619999885559082,5.690000057220459,107800,0.0,0.0
2012-10-22 00:00:00-04:00,5.690000057220459,5.880000114440918,5.690000057220459,5.829999923706055,54800,0.0,0.0
2012-10-23 00:00:00-04:00,5.800000190734863,5.860000133514404,5.78000020980835,5.800000190734863,45100,0.0,0.0
2012-10-24 00:00:00-04:00,5.849999904632568,5.849999904632568,5.760000228881836,5.820000171661377,37500,0.0,0.0
2012-10-25 00:00:00-04:00,5.880000114440918,5.880000114440918,5.800000190734863,5.840000152587891,12400,0.0,0.0
2012-10-26 00:00:00-04:00,5.820000171661377,6.260000228881836,5.820000171661377,6.159999847412109,117700,0.0,0.0
2012-10-31 00:00:00-04:00,6.489999771118164,6.489999771118164,6.110000133514404,6.190000057220459,107700,0.0,0.0
2012-11-01 00:00:00-04:00,6.179999828338623,6.269999980926514,6.159999847412109,6.21999979019165,100900,0.0,0.0
2012-11-02 00:00:00-04:00,6.25,6.340000152587891,6.190000057220459,6.269999980926514,93100,0.0,0.0
2012-11-05 00:00:00-05:00,6.260000228881836,6.449999809265137,6.25,6.329999923706055,36300,0.0,0.0
2012-11-06 00:00:00-05:00,6.340000152587891,6.360000133514404,6.230000019073486,6.28000020980835,44500,0.0,0.0
2012-11-07 00:00:00-05:00,6.190000057220459,6.25,5.809999942779541,5.829999923706055,97900,0.0,0.0
2012-11-08 00:00:00-05:00,5.809999942779541,5.960000038146973,5.789999961853027,5.789999961853027,60300,0.0,0.0
2012-11-09 00:00:00-05:00,5.78000020980835,5.989999771118164,5.760000228881836,5.809999942779541,39900,0.0,0.0
2012-11-12 00:00:00-05:00,5.820000171661377,5.880000114440918,5.78000020980835,5.800000190734863,21300,0.0,0.0
2012-11-13 00:00:00-05:00,5.809999942779541,5.829999923706055,5.769999980926514,5.789999961853027,39400,0.0,0.0
2012-11-14 00:00:00-05:00,5.800000190734863,5.820000171661377,5.650000095367432,5.659999847412109,73600,0.0,0.0
2012-11-15 00:00:00-05:00,5.599999904632568,5.840000152587891,5.579999923706055,5.670000076293945,51200,0.0,0.0
2012-11-16 00:00:00-05:00,5.659999847412109,5.699999809265137,5.519999980926514,5.679999828338623,78200,0.0,0.0
2012-11-19 00:00:00-05:00,5.739999771118164,5.800000190734863,5.619999885559082,5.789999961853027,51100,0.0,0.0
2012-11-20 00:00:00-05:00,5.760000228881836,5.820000171661377,5.639999866485596,5.699999809265137,41700,0.0,0.0
2012-11-21 00:00:00-05:00,5.699999809265137,5.739999771118164,5.650000095367432,5.739999771118164,21000,0.0,0.0
2012-11-23 00:00:00-05:00,5.769999980926514,5.840000152587891,5.730000019073486,5.760000228881836,38500,0.0,0.0
2012-11-26 00:00:00-05:00,5.75,5.929999828338623,5.75,5.929999828338623,48100,0.0,0.0
2012-11-27 00:00:00-05:00,5.920000076293945,5.980000019073486,5.760000228881836,5.769999980926514,54500,0.0,0.0
2012-11-28 00:00:00-05:00,5.760000228881836,6.110000133514404,5.739999771118164,6.079999923706055,77300,0.0,0.0
2012-11-29 00:00:00-05:00,6.090000152587891,6.289999961853027,6.050000190734863,6.159999847412109,57600,0.0,0.0
2012-11-30 00:00:00-05:00,6.210000038146973,6.210000038146973,5.820000171661377,5.940000057220459,77100,0.0,0.0
2012-12-03 00:00:00-05:00,5.96999979019165,5.980000019073486,5.820000171661377,5.880000114440918,33500,0.0,0.0
2012-12-04 00:00:00-05:00,5.880000114440918,6.0,5.880000114440918,6.0,24000,0.0,0.0
2012-12-05 00:00:00-05:00,6.0,6.139999866485596,6.0,6.019999980926514,70700,0.0,0.0
2012-12-06 00:00:00-05:00,6.0,6.050000190734863,5.909999847412109,5.960000038146973,25300,0.0,0.0
2012-12-07 00:00:00-05:00,5.96999979019165,5.96999979019165,5.829999923706055,5.920000076293945,26300,0.0,0.0
2012-12-10 00:00:00-05:00,5.920000076293945,5.980000019073486,5.840000152587891,5.980000019073486,25600,0.0,0.0
2012-12-11 00:00:00-05:00,6.050000190734863,6.159999847412109,5.940000057220459,6.139999866485596,50900,0.0,0.0
2012-12-12 00:00:00-05:00,6.119999885559082,6.199999809265137,5.989999771118164,6.0,45200,0.0,0.0
2012-12-13 00:00:00-05:00,5.989999771118164,6.150000095367432,5.989999771118164,6.110000133514404,57000,0.0,0.0
2012-12-14 00:00:00-05:00,6.070000171661377,6.179999828338623,6.019999980926514,6.079999923706055,32400,0.0,0.0
2012-12-17 00:00:00-05:00,6.090000152587891,6.25,6.0,6.25,49700,0.0,0.0
2012-12-18 00:00:00-05:00,6.25,6.449999809265137,6.179999828338623,6.400000095367432,93900,0.0,0.0
2012-12-19 00:00:00-05:00,6.360000133514404,6.360000133514404,6.179999828338623,6.289999961853027,42100,0.0,0.0
2012-12-20 00:00:00-05:00,6.349999904632568,6.369999885559082,6.210000038146973,6.309999942779541,53800,0.0,0.0
2012-12-21 00:00:00-05:00,6.309999942779541,6.320000171661377,6.119999885559082,6.269999980926514,294400,0.0,0.0
2012-12-24 00:00:00-05:00,6.239999771118164,6.300000190734863,5.929999828338623,6.269999980926514,12900,0.0,0.0
2012-12-26 00:00:00-05:00,6.25,6.340000152587891,6.070000171661377,6.110000133514404,25800,0.0,0.0
2012-12-27 00:00:00-05:00,6.139999866485596,6.239999771118164,6.050000190734863,6.190000057220459,39300,0.0,0.0
2012-12-28 00:00:00-05:00,6.130000114440918,6.190000057220459,6.039999961853027,6.070000171661377,36700,0.0,0.0
2012-12-31 00:00:00-05:00,6.059999942779541,6.260000228881836,6.050000190734863,6.230000019073486,52100,0.0,0.0
2013-01-02 00:00:00-05:00,6.400000095367432,6.710000038146973,6.329999923706055,6.670000076293945,187600,0.0,0.0
2013-01-03 00:00:00-05:00,6.619999885559082,6.739999771118164,6.5,6.659999847412109,101400,0.0,0.0
2013-01-04 00:00:00-05:00,6.710000038146973,6.78000020980835,6.539999961853027,6.71999979019165,71000,0.0,0.0
2013-01-07 00:00:00-05:00,6.650000095367432,6.650000095367432,6.460000038146973,6.519999980926514,34900,0.0,0.0
2013-01-08 00:00:00-05:00,6.539999961853027,6.730000019073486,6.519999980926514,6.650000095367432,63500,0.0,0.0
2013-01-09 00:00:00-05:00,6.650000095367432,6.730000019073486,6.5,6.679999828338623,54500,0.0,0.0
2013-01-10 00:00:00-05:00,6.730000019073486,6.730000019073486,6.489999771118164,6.550000190734863,34400,0.0,0.0
2013-01-11 00:00:00-05:00,6.480000019073486,6.480000019073486,6.300000190734863,6.300000190734863,133600,0.0,0.0
2013-01-14 00:00:00-05:00,6.300000190734863,6.380000114440918,6.230000019073486,6.269999980926514,73700,0.0,0.0
2013-01-15 00:00:00-05:00,6.230000019073486,6.309999942779541,6.230000019073486,6.300000190734863,32200,0.0,0.0
2013-01-16 00:00:00-05:00,6.28000020980835,6.400000095367432,6.230000019073486,6.269999980926514,46700,0.0,0.0
2013-01-17 00:00:00-05:00,6.320000171661377,6.420000076293945,6.21999979019165,6.300000190734863,39500,0.0,0.0
2013-01-18 00:00:00-05:00,6.309999942779541,6.440000057220459,6.25,6.429999828338623,42300,0.0,0.0
2013-01-22 00:00:00-05:00,6.409999847412109,6.559999942779541,6.400000095367432,6.539999961853027,79600,0.0,0.0
2013-01-23 00:00:00-05:00,6.519999980926514,6.539999961853027,6.260000228881836,6.28000020980835,36800,0.0,0.0
2013-01-24 00:00:00-05:00,6.300000190734863,6.510000228881836,6.300000190734863,6.420000076293945,40500,0.0,0.0
2013-01-25 00:00:00-05:00,6.429999828338623,6.489999771118164,6.329999923706055,6.400000095367432,33400,0.0,0.0
2013-01-28 00:00:00-05:00,6.389999866485596,6.590000152587891,6.349999904632568,6.550000190734863,32600,0.0,0.0
2013-01-29 00:00:00-05:00,6.559999942779541,6.690000057220459,6.420000076293945,6.679999828338623,49600,0.0,0.0
2013-01-30 00:00:00-05:00,6.650000095367432,6.659999847412109,6.369999885559082,6.449999809265137,32300,0.0,0.0
2013-01-31 00:00:00-05:00,6.349999904632568,6.460000038146973,6.28000020980835,6.420000076293945,58100,0.0,0.0
2013-02-01 00:00:00-05:00,6.46999979019165,6.619999885559082,6.360000133514404,6.559999942779541,55900,0.0,0.0
2013-02-04 00:00:00-05:00,6.389999866485596,6.460000038146973,6.079999923706055,6.119999885559082,157500,0.0,0.0
2013-02-05 00:00:00-05:00,6.119999885559082,6.199999809265137,6.070000171661377,6.070000171661377,174700,0.0,0.0
2013-02-06 00:00:00-05:00,6.0,6.300000190734863,6.0,6.260000228881836,120800,0.0,0.0
2013-02-07 00:00:00-05:00,6.230000019073486,6.320000171661377,6.150000095367432,6.179999828338623,41600,0.0,0.0
2013-02-08 00:00:00-05:00,6.190000057220459,6.230000019073486,6.139999866485596,6.210000038146973,26800,0.0,0.0
2013-02-11 00:00:00-05:00,6.190000057220459,6.190000057220459,5.989999771118164,5.989999771118164,93500,0.0,0.0
2013-02-12 00:00:00-05:00,6.0,6.079999923706055,5.96999979019165,6.010000228881836,139900,0.0,0.0
2013-02-13 00:00:00-05:00,6.0,6.019999980926514,5.889999866485596,6.0,134000,0.0,0.0
2013-02-14 00:00:00-05:00,5.949999809265137,6.300000190734863,5.949999809265137,6.199999809265137,121100,0.0,0.0
2013-02-15 00:00:00-05:00,6.239999771118164,6.260000228881836,6.059999942779541,6.119999885559082,138600,0.0,0.0
2013-02-19 00:00:00-05:00,6.139999866485596,6.21999979019165,6.019999980926514,6.190000057220459,110300,0.0,0.0
2013-02-20 00:00:00-05:00,6.199999809265137,6.199999809265137,5.980000019073486,5.989999771118164,133700,0.0,0.0
2013-02-21 00:00:00-05:00,6.010000228881836,6.099999904632568,5.849999904632568,6.050000190734863,79700,0.0,0.0
2013-02-22 00:00:00-05:00,6.110000133514404,6.159999847412109,5.989999771118164,6.119999885559082,55400,0.0,0.0
2013-02-25 00:00:00-05:00,6.179999828338623,6.179999828338623,5.869999885559082,5.940000057220459,160200,0.0,0.0
2013-02-26 00:00:00-05:00,5.989999771118164,6.150000095367432,5.96999979019165,6.090000152587891,64800,0.0,0.0
2013-02-27 00:00:00-05:00,6.039999961853027,6.130000114440918,6.019999980926514,6.070000171661377,43000,0.0,0.0
2013-02-28 00:00:00-05:00,6.079999923706055,6.150000095367432,6.050000190734863,6.130000114440918,71500,0.0,0.0
2013-03-01 00:00:00-05:00,6.059999942779541,6.139999866485596,5.949999809265137,6.130000114440918,61800,0.0,0.0
2013-03-04 00:00:00-05:00,6.090000152587891,6.139999866485596,6.0,6.050000190734863,64400,0.0,0.0
2013-03-05 00:00:00-05:00,6.110000133514404,6.159999847412109,6.019999980926514,6.079999923706055,81500,0.0,0.0
2013-03-06 00:00:00-05:00,6.090000152587891,6.159999847412109,6.059999942779541,6.099999904632568,41800,0.0,0.0
2013-03-07 00:00:00-05:00,6.070000171661377,6.119999885559082,5.940000057220459,6.079999923706055,43700,0.0,0.0
2013-03-08 00:00:00-05:00,6.119999885559082,6.21999979019165,6.059999942779541,6.099999904632568,58400,0.0,0.0
2013-03-11 00:00:00-04:00,6.099999904632568,6.159999847412109,6.039999961853027,6.079999923706055,51000,0.0,0.0
2013-03-12 00:00:00-04:00,6.019999980926514,6.199999809265137,6.019999980926514,6.130000114440918,61400,0.0,0.0
2013-03-13 00:00:00-04:00,6.150000095367432,6.199999809265137,6.079999923706055,6.139999866485596,33700,0.0,0.0
2013-03-14 00:00:00-04:00,6.130000114440918,6.139999866485596,6.059999942779541,6.110000133514404,41700,0.0,0.0
2013-03-15 00:00:00-04:00,6.130000114440918,6.179999828338623,5.840000152587891,5.849999904632568,228400,0.0,0.0
2013-03-18 00:00:00-04:00,5.840000152587891,6.059999942779541,5.809999942779541,5.949999809265137,50700,0.0,0.0
2013-03-19 00:00:00-04:00,5.980000019073486,6.050000190734863,5.929999828338623,5.960000038146973,33500,0.0,0.0
2013-03-20 00:00:00-04:00,5.980000019073486,6.130000114440918,5.949999809265137,6.110000133514404,46100,0.0,0.0
2013-03-21 00:00:00-04:00,6.070000171661377,6.070000171661377,5.860000133514404,5.889999866485596,74800,0.0,0.0
2013-03-22 00:00:00-04:00,5.909999847412109,6.0,5.849999904632568,5.909999847412109,32200,0.0,0.0
2013-03-25 00:00:00-04:00,5.909999847412109,6.03000020980835,5.820000171661377,5.840000152587891,50900,0.0,0.0
2013-03-26 00:00:00-04:00,5.889999866485596,5.980000019073486,5.869999885559082,5.949999809265137,38000,0.0,0.0
2013-03-27 00:00:00-04:00,5.909999847412109,6.0,5.829999923706055,5.849999904632568,100900,0.0,0.0
2013-03-28 00:00:00-04:00,5.900000095367432,6.059999942779541,5.900000095367432,6.010000228881836,59100,0.0,0.0
2013-04-01 00:00:00-04:00,6.010000228881836,6.039999961853027,5.829999923706055,5.960000038146973,70300,0.0,0.0
2013-04-02 00:00:00-04:00,6.010000228881836,6.099999904632568,5.889999866485596,5.909999847412109,52300,0.0,0.0
2013-04-03 00:00:00-04:00,5.909999847412109,5.96999979019165,5.869999885559082,5.869999885559082,51600,0.0,0.0
2013-04-04 00:00:00-04:00,6.25,6.25,5.980000019073486,6.059999942779541,56500,0.0,0.0
2013-04-05 00:00:00-04:00,5.96999979019165,6.260000228881836,5.909999847412109,6.260000228881836,144800,0.0,0.0
2013-04-08 00:00:00-04:00,6.25,6.25,5.960000038146973,6.110000133514404,48500,0.0,0.0
2013-04-09 00:00:00-04:00,6.099999904632568,6.150000095367432,5.940000057220459,5.980000019073486,45700,0.0,0.0
2013-04-10 00:00:00-04:00,5.980000019073486,6.139999866485596,5.940000057220459,6.099999904632568,115700,0.0,0.0
2013-04-11 00:00:00-04:00,6.099999904632568,6.130000114440918,6.019999980926514,6.050000190734863,25700,0.0,0.0
2013-04-12 00:00:00-04:00,6.059999942779541,6.059999942779541,5.909999847412109,5.920000076293945,36700,0.0,0.0
2013-04-15 00:00:00-04:00,5.900000095367432,5.929999828338623,5.650000095367432,5.679999828338623,99600,0.0,0.0
2013-04-16 00:00:00-04:00,5.75,5.889999866485596,5.659999847412109,5.869999885559082,96500,0.0,0.0
2013-04-17 00:00:00-04:00,5.789999961853027,5.800000190734863,5.519999980926514,5.619999885559082,80100,0.0,0.0
2013-04-18 00:00:00-04:00,5.650000095367432,5.71999979019165,5.579999923706055,5.679999828338623,74500,0.0,0.0
2013-04-19 00:00:00-04:00,5.679999828338623,5.75,5.630000114440918,5.710000038146973,43500,0.0,0.0
2013-04-22 00:00:00-04:00,5.699999809265137,5.940000057220459,5.590000152587891,5.909999847412109,112000,0.0,0.0
2013-04-23 00:00:00-04:00,5.949999809265137,6.019999980926514,5.869999885559082,6.010000228881836,41000,0.0,0.0
2013-04-24 00:00:00-04:00,6.019999980926514,6.019999980926514,5.829999923706055,5.880000114440918,25200,0.0,0.0
2013-04-25 00:00:00-04:00,5.880000114440918,5.889999866485596,5.75,5.800000190734863,26700,0.0,0.0
2013-04-26 00:00:00-04:00,5.809999942779541,5.889999866485596,5.760000228881836,5.78000020980835,66300,0.0,0.0
2013-04-29 00:00:00-04:00,5.809999942779541,5.989999771118164,5.78000020980835,5.96999979019165,48800,0.0,0.0
2013-04-30 00:00:00-04:00,5.949999809265137,6.039999961853027,5.880000114440918,6.0,81400,0.0,0.0
2013-05-01 00:00:00-04:00,5.989999771118164,5.989999771118164,5.650000095367432,5.650000095367432,114500,0.0,0.0
2013-05-02 00:00:00-04:00,5.699999809265137,5.900000095367432,5.679999828338623,5.78000020980835,57200,0.0,0.0
2013-05-03 00:00:00-04:00,5.880000114440918,5.909999847412109,5.769999980926514,5.849999904632568,45700,0.0,0.0
2013-05-06 00:00:00-04:00,5.829999923706055,6.070000171661377,5.809999942779541,6.050000190734863,127200,0.0,0.0
2013-05-07 00:00:00-04:00,6.059999942779541,6.28000020980835,5.96999979019165,6.230000019073486,150600,0.0,0.0
2013-05-08 00:00:00-04:00,6.159999847412109,6.320000171661377,6.159999847412109,6.309999942779541,78800,0.0,0.0
2013-05-09 00:00:00-04:00,6.289999961853027,6.289999961853027,6.210000038146973,6.210000038146973,31300,0.0,0.0
2013-05-10 00:00:00-04:00,6.239999771118164,6.269999980926514,6.190000057220459,6.230000019073486,51600,0.0,0.0
2013-05-13 00:00:00-04:00,6.179999828338623,6.309999942779541,6.119999885559082,6.300000190734863,71800,0.0,0.0
2013-05-14 00:00:00-04:00,6.309999942779541,6.480000019073486,6.300000190734863,6.460000038146973,102300,0.0,0.0
2013-05-15 00:00:00-04:00,6.460000038146973,6.460000038146973,6.340000152587891,6.440000057220459,39000,0.0,0.0
2013-05-16 00:00:00-04:00,6.440000057220459,6.440000057220459,6.199999809265137,6.309999942779541,167700,0.0,0.0
2013-05-17 00:00:00-04:00,6.340000152587891,6.349999904632568,6.260000228881836,6.340000152587891,60400,0.0,0.0
2013-05-20 00:00:00-04:00,6.28000020980835,6.420000076293945,6.199999809265137,6.420000076293945,123700,0.0,0.0
2013-05-21 00:00:00-04:00,6.400000095367432,6.519999980926514,6.329999923706055,6.489999771118164,75400,0.0,0.0
2013-05-22 00:00:00-04:00,6.480000019073486,6.650000095367432,6.210000038146973,6.309999942779541,107100,0.0,0.0
2013-05-23 00:00:00-04:00,6.230000019073486,6.5,6.230000019073486,6.340000152587891,54400,0.0,0.0
2013-05-24 00:00:00-04:00,6.300000190734863,6.300000190734863,6.179999828338623,6.25,65300,0.0,0.0
2013-05-28 00:00:00-04:00,6.28000020980835,6.5,6.28000020980835,6.400000095367432,102800,0.0,0.0
2013-05-29 00:00:00-04:00,6.349999904632568,6.389999866485596,6.25,6.289999961853027,65300,0.0,0.0
2013-05-30 00:00:00-04:00,6.300000190734863,6.300000190734863,6.21999979019165,6.239999771118164,48300,0.0,0.0
2013-05-31 00:00:00-04:00,6.179999828338623,6.28000020980835,6.090000152587891,6.190000057220459,85000,0.0,0.0
2013-06-03 00:00:00-04:00,6.199999809265137,6.429999828338623,6.170000076293945,6.380000114440918,138800,0.0,0.0
2013-06-04 00:00:00-04:00,6.369999885559082,6.369999885559082,6.21999979019165,6.230000019073486,37300,0.0,0.0
2013-06-05 00:00:00-04:00,6.239999771118164,6.239999771118164,6.119999885559082,6.130000114440918,27400,0.0,0.0
2013-06-06 00:00:00-04:00,6.099999904632568,6.199999809265137,6.059999942779541,6.190000057220459,42800,0.0,0.0
2013-06-07 00:00:00-04:00,6.25,6.340000152587891,6.239999771118164,6.289999961853027,54400,0.0,0.0
2013-06-10 00:00:00-04:00,6.309999942779541,6.400000095367432,6.179999828338623,6.369999885559082,39800,0.0,0.0
2013-06-11 00:00:00-04:00,6.289999961853027,6.300000190734863,6.210000038146973,6.239999771118164,26900,0.0,0.0
2013-06-12 00:00:00-04:00,6.289999961853027,6.300000190734863,6.139999866485596,6.150000095367432,31200,0.0,0.0
2013-06-13 00:00:00-04:00,6.170000076293945,6.260000228881836,6.130000114440918,6.25,30000,0.0,0.0
2013-06-14 00:00:00-04:00,6.25,6.25,6.079999923706055,6.090000152587891,23100,0.0,0.0
2013-06-17 00:00:00-04:00,6.179999828338623,6.210000038146973,6.019999980926514,6.079999923706055,42900,0.0,0.0
2013-06-18 00:00:00-04:00,6.110000133514404,6.239999771118164,6.090000152587891,6.210000038146973,47300,0.0,0.0
2013-06-19 00:00:00-04:00,6.230000019073486,6.300000190734863,6.099999904632568,6.110000133514404,35900,0.0,0.0
2013-06-20 00:00:00-04:00,6.0,6.010000228881836,5.880000114440918,5.960000038146973,54600,0.0,0.0
2013-06-21 00:00:00-04:00,5.980000019073486,6.230000019073486,5.909999847412109,6.210000038146973,128700,0.0,0.0
2013-06-24 00:00:00-04:00,6.139999866485596,6.239999771118164,6.079999923706055,6.090000152587891,66100,0.0,0.0
2013-06-25 00:00:00-04:00,6.179999828338623,6.179999828338623,5.980000019073486,6.050000190734863,51200,0.0,0.0
2013-06-26 00:00:00-04:00,6.090000152587891,6.130000114440918,6.010000228881836,6.019999980926514,26100,0.0,0.0
2013-06-27 00:00:00-04:00,6.090000152587891,6.150000095367432,6.050000190734863,6.150000095367432,32300,0.0,0.0
2013-06-28 00:00:00-04:00,6.139999866485596,6.320000171661377,6.079999923706055,6.260000228881836,204200,0.0,0.0
2013-07-01 00:00:00-04:00,6.25,6.340000152587891,6.25,6.320000171661377,59700,0.0,0.0
2013-07-02 00:00:00-04:00,6.340000152587891,6.400000095367432,6.300000190734863,6.360000133514404,58000,0.0,0.0
2013-07-03 00:00:00-04:00,6.340000152587891,6.360000133514404,6.28000020980835,6.289999961853027,38600,0.0,0.0
2013-07-05 00:00:00-04:00,6.400000095367432,6.440000057220459,6.340000152587891,6.409999847412109,82500,0.0,0.0
2013-07-08 00:00:00-04:00,6.400000095367432,6.440000057220459,6.309999942779541,6.420000076293945,117900,0.0,0.0
2013-07-09 00:00:00-04:00,6.440000057220459,6.650000095367432,6.360000133514404,6.5,131500,0.0,0.0
2013-07-10 00:00:00-04:00,6.639999866485596,6.650000095367432,6.519999980926514,6.579999923706055,83600,0.0,0.0
2013-07-11 00:00:00-04:00,6.599999904632568,6.739999771118164,6.590000152587891,6.739999771118164,154100,0.0,0.0
2013-07-12 00:00:00-04:00,6.710000038146973,7.360000133514404,6.679999828338623,7.28000020980835,202700,0.0,0.0
2013-07-15 00:00:00-04:00,7.329999923706055,7.630000114440918,7.260000228881836,7.599999904632568,157700,0.0,0.0
2013-07-16 00:00:00-04:00,7.599999904632568,7.619999885559082,7.21999979019165,7.289999961853027,151900,0.0,0.0
2013-07-17 00:00:00-04:00,7.260000228881836,7.5,7.25,7.46999979019165,131700,0.0,0.0
2013-07-18 00:00:00-04:00,7.46999979019165,7.570000171661377,7.309999942779541,7.539999961853027,65700,0.0,0.0
2013-07-19 00:00:00-04:00,7.550000190734863,7.630000114440918,7.510000228881836,7.599999904632568,53800,0.0,0.0
2013-07-22 00:00:00-04:00,7.590000152587891,7.800000190734863,7.579999923706055,7.699999809265137,161100,0.0,0.0
2013-07-23 00:00:00-04:00,7.75,7.75,7.550000190734863,7.619999885559082,68200,0.0,0.0
2013-07-24 00:00:00-04:00,7.650000095367432,7.690000057220459,7.510000228881836,7.639999866485596,96400,0.0,0.0
2013-07-25 00:00:00-04:00,7.639999866485596,7.639999866485596,7.059999942779541,7.230000019073486,213100,0.0,0.0
2013-07-26 00:00:00-04:00,7.21999979019165,7.289999961853027,7.050000190734863,7.230000019073486,147600,0.0,0.0
2013-07-29 00:00:00-04:00,7.170000076293945,7.170000076293945,6.809999942779541,6.960000038146973,124200,0.0,0.0
2013-07-30 00:00:00-04:00,6.989999771118164,7.090000152587891,6.849999904632568,7.010000228881836,92200,0.0,0.0
2013-07-31 00:00:00-04:00,7.059999942779541,7.170000076293945,7.050000190734863,7.079999923706055,63100,0.0,0.0
2013-08-01 00:00:00-04:00,7.159999847412109,7.199999809265137,7.010000228881836,7.110000133514404,60500,0.0,0.0
2013-08-02 00:00:00-04:00,7.050000190734863,7.110000133514404,6.960000038146973,7.050000190734863,31400,0.0,0.0
2013-08-05 00:00:00-04:00,7.059999942779541,7.159999847412109,7.010000228881836,7.150000095367432,61900,0.0,0.0
2013-08-06 00:00:00-04:00,7.099999904632568,7.099999904632568,6.920000076293945,7.059999942779541,77500,0.0,0.0
2013-08-07 00:00:00-04:00,7.059999942779541,7.110000133514404,7.010000228881836,7.059999942779541,65900,0.0,0.0
2013-08-08 00:00:00-04:00,7.070000171661377,7.099999904632568,7.010000228881836,7.050000190734863,61800,0.0,0.0
2013-08-09 00:00:00-04:00,7.0,7.090000152587891,6.900000095367432,6.96999979019165,61600,0.0,0.0
2013-08-12 00:00:00-04:00,6.900000095367432,7.03000020980835,6.800000190734863,6.869999885559082,76700,0.0,0.0
2013-08-13 00:00:00-04:00,6.889999866485596,6.889999866485596,6.800000190734863,6.860000133514404,34300,0.0,0.0
2013-08-14 00:00:00-04:00,6.849999904632568,6.920000076293945,6.840000152587891,6.909999847412109,52600,0.0,0.0
2013-08-15 00:00:00-04:00,6.820000171661377,6.880000114440918,6.75,6.78000020980835,42200,0.0,0.0
2013-08-16 00:00:00-04:00,6.739999771118164,6.78000020980835,6.650000095367432,6.75,131400,0.0,0.0
2013-08-19 00:00:00-04:00,6.71999979019165,6.760000228881836,6.550000190734863,6.559999942779541,69700,0.0,0.0
2013-08-20 00:00:00-04:00,6.550000190734863,6.650000095367432,6.420000076293945,6.449999809265137,79500,0.0,0.0
2013-08-21 00:00:00-04:00,6.449999809265137,6.489999771118164,6.28000020980835,6.329999923706055,87100,0.0,0.0
2013-08-22 00:00:00-04:00,6.349999904632568,6.440000057220459,6.269999980926514,6.389999866485596,78200,0.0,0.0
2013-08-23 00:00:00-04:00,6.389999866485596,6.429999828338623,6.28000020980835,6.409999847412109,44300,0.0,0.0
2013-08-26 00:00:00-04:00,6.429999828338623,6.510000228881836,6.309999942779541,6.409999847412109,72700,0.0,0.0
2013-08-27 00:00:00-04:00,6.389999866485596,6.400000095367432,6.289999961853027,6.320000171661377,78900,0.0,0.0
2013-08-28 00:00:00-04:00,6.300000190734863,6.320000171661377,6.199999809265137,6.210000038146973,57400,0.0,0.0
2013-08-29 00:00:00-04:00,6.21999979019165,6.289999961853027,6.170000076293945,6.230000019073486,78000,0.0,0.0
2013-08-30 00:00:00-04:00,6.239999771118164,6.239999771118164,6.059999942779541,6.070000171661377,64900,0.0,0.0
2013-09-03 00:00:00-04:00,6.150000095367432,6.21999979019165,6.059999942779541,6.079999923706055,66100,0.0,0.0
2013-09-04 00:00:00-04:00,6.099999904632568,6.119999885559082,6.010000228881836,6.090000152587891,82500,0.0,0.0
2013-09-05 00:00:00-04:00,6.110000133514404,6.21999979019165,6.110000133514404,6.150000095367432,60200,0.0,0.0
2013-09-06 00:00:00-04:00,6.199999809265137,6.300000190734863,6.039999961853027,6.179999828338623,92000,0.0,0.0
2013-09-09 00:00:00-04:00,6.190000057220459,6.329999923706055,6.190000057220459,6.309999942779541,35700,0.0,0.0
2013-09-10 00:00:00-04:00,6.349999904632568,6.449999809265137,6.309999942779541,6.440000057220459,68500,0.0,0.0
2013-09-11 00:00:00-04:00,6.420000076293945,6.46999979019165,6.349999904632568,6.400000095367432,79200,0.0,0.0
2013-09-12 00:00:00-04:00,6.389999866485596,6.440000057220459,6.300000190734863,6.320000171661377,33900,0.0,0.0
2013-09-13 00:00:00-04:00,6.360000133514404,6.590000152587891,6.329999923706055,6.539999961853027,61800,0.0,0.0
2013-09-16 00:00:00-04:00,6.650000095367432,6.659999847412109,6.389999866485596,6.440000057220459,42400,0.0,0.0
2013-09-17 00:00:00-04:00,6.440000057220459,6.570000171661377,6.429999828338623,6.570000171661377,38300,0.0,0.0
2013-09-18 00:00:00-04:00,6.579999923706055,6.75,6.5,6.670000076293945,53800,0.0,0.0
2013-09-19 00:00:00-04:00,6.710000038146973,6.769999980926514,6.590000152587891,6.699999809265137,61600,0.0,0.0
2013-09-20 00:00:00-04:00,6.699999809265137,6.989999771118164,6.679999828338623,6.949999809265137,154400,0.0,0.0
2013-09-23 00:00:00-04:00,6.940000057220459,6.940000057220459,6.78000020980835,6.869999885559082,65300,0.0,0.0
2013-09-24 00:00:00-04:00,6.869999885559082,7.039999961853027,6.820000171661377,6.949999809265137,82800,0.0,0.0
2013-09-25 00:00:00-04:00,6.960000038146973,7.079999923706055,6.840000152587891,6.940000057220459,50500,0.0,0.0
2013-09-26 00:00:00-04:00,6.960000038146973,7.0,6.849999904632568,7.0,99200,0.0,0.0
2013-09-27 00:00:00-04:00,6.929999828338623,6.940000057220459,6.800000190734863,6.900000095367432,35900,0.0,0.0
2013-09-30 00:00:00-04:00,6.880000114440918,7.0,6.809999942779541,7.0,99800,0.0,0.0
2013-10-01 00:00:00-04:00,6.989999771118164,7.0,6.849999904632568,7.0,50200,0.0,0.0
2013-10-02 00:00:00-04:00,6.940000057220459,7.03000020980835,6.900000095367432,7.010000228881836,65700,0.0,0.0
2013-10-03 00:00:00-04:00,6.980000019073486,7.0,6.840000152587891,6.840000152587891,126900,0.0,0.0
2013-10-04 00:00:00-04:00,6.829999923706055,6.96999979019165,6.699999809265137,6.78000020980835,261800,0.0,0.0
2013-10-07 00:00:00-04:00,6.760000228881836,7.269999980926514,6.690000057220459,7.050000190734863,333300,0.0,0.0
2013-10-08 00:00:00-04:00,7.03000020980835,7.119999885559082,6.880000114440918,7.099999904632568,90900,0.0,0.0
2013-10-09 00:00:00-04:00,7.139999866485596,7.28000020980835,7.110000133514404,7.239999771118164,111900,0.0,0.0
2013-10-10 00:00:00-04:00,7.380000114440918,7.480000019073486,7.28000020980835,7.429999828338623,119300,0.0,0.0
2013-10-11 00:00:00-04:00,7.369999885559082,7.5,7.21999979019165,7.489999771118164,76300,0.0,0.0
2013-10-14 00:00:00-04:00,7.460000038146973,7.71999979019165,7.360000133514404,7.699999809265137,150600,0.0,0.0
2013-10-15 00:00:00-04:00,7.670000076293945,7.869999885559082,7.610000133514404,7.769999980926514,153700,0.0,0.0
2013-10-16 00:00:00-04:00,7.800000190734863,7.949999809265137,7.690000057220459,7.900000095367432,149700,0.0,0.0
2013-10-17 00:00:00-04:00,7.860000133514404,7.989999771118164,7.809999942779541,7.96999979019165,95900,0.0,0.0
2013-10-18 00:00:00-04:00,8.0,8.199999809265137,7.889999866485596,7.980000019073486,167900,0.0,0.0
2013-10-21 00:00:00-04:00,8.0,8.149999618530273,7.940000057220459,8.100000381469727,55200,0.0,0.0
2013-10-22 00:00:00-04:00,8.119999885559082,8.220000267028809,7.860000133514404,7.900000095367432,91800,0.0,0.0
2013-10-23 00:00:00-04:00,7.820000171661377,8.100000381469727,7.800000190734863,8.069999694824219,80900,0.0,0.0
2013-10-24 00:00:00-04:00,8.100000381469727,8.180000305175781,8.020000457763672,8.0600004196167,70500,0.0,0.0
2013-10-25 00:00:00-04:00,8.09000015258789,8.100000381469727,7.960000038146973,8.09000015258789,80800,0.0,0.0
2013-10-28 00:00:00-04:00,8.050000190734863,8.15999984741211,8.050000190734863,8.130000114440918,51500,0.0,0.0
2013-10-29 00:00:00-04:00,8.489999771118164,9.170000076293945,8.079999923706055,9.0,551000,0.0,0.0
2013-10-30 00:00:00-04:00,9.0600004196167,9.0600004196167,8.489999771118164,8.989999771118164,233000,0.0,0.0
2013-10-31 00:00:00-04:00,8.899999618530273,9.069999694824219,8.869999885559082,8.989999771118164,153600,0.0,0.0
2013-11-01 00:00:00-04:00,8.989999771118164,9.489999771118164,8.989999771118164,9.460000038146973,205100,0.0,0.0
2013-11-04 00:00:00-05:00,9.529999732971191,9.829999923706055,9.449999809265137,9.5,331200,0.0,0.0
2013-11-05 00:00:00-05:00,9.5,9.569999694824219,9.289999961853027,9.3100004196167,311400,0.0,0.0
2013-11-06 00:00:00-05:00,9.380000114440918,9.430000305175781,9.170000076293945,9.319999694824219,151300,0.0,0.0
2013-11-07 00:00:00-05:00,9.350000381469727,9.779999732971191,9.289999961853027,9.739999771118164,182500,0.0,0.0
2013-11-08 00:00:00-05:00,9.729999542236328,9.90999984741211,9.569999694824219,9.899999618530273,302300,0.0,0.0
2013-11-11 00:00:00-05:00,9.899999618530273,10.359999656677246,9.84000015258789,9.979999542236328,290700,0.0,0.0
2013-11-12 00:00:00-05:00,9.979999542236328,10.100000381469727,9.84000015258789,10.0,359300,0.0,0.0
2013-11-13 00:00:00-05:00,9.949999809265137,10.279999732971191,9.75,10.279999732971191,169400,0.0,0.0
2013-11-14 00:00:00-05:00,10.3100004196167,10.3100004196167,10.029999732971191,10.140000343322754,114400,0.0,0.0
2013-11-15 00:00:00-05:00,10.1899995803833,10.229999542236328,9.970000267028809,10.010000228881836,152200,0.0,0.0
2013-11-18 00:00:00-05:00,10.0600004196167,10.140000343322754,9.899999618530273,9.9399995803833,147000,0.0,0.0
2013-11-19 00:00:00-05:00,9.9399995803833,10.050000190734863,9.680000305175781,9.699999809265137,168600,0.0,0.0
2013-11-20 00:00:00-05:00,9.760000228881836,10.079999923706055,9.760000228881836,10.010000228881836,170400,0.0,0.0
2013-11-21 00:00:00-05:00,10.039999961853027,10.25,9.90999984741211,10.1899995803833,151900,0.0,0.0
2013-11-22 00:00:00-05:00,10.15999984741211,10.489999771118164,9.989999771118164,10.430000305175781,152600,0.0,0.0
2013-11-25 00:00:00-05:00,10.489999771118164,10.5,10.289999961853027,10.460000038146973,139200,0.0,0.0
2013-11-26 00:00:00-05:00,10.449999809265137,10.859999656677246,10.369999885559082,10.720000267028809,186900,0.0,0.0
2013-11-27 00:00:00-05:00,10.829999923706055,10.90999984741211,10.5,10.890000343322754,165700,0.0,0.0
2013-11-29 00:00:00-05:00,10.979999542236328,11.100000381469727,10.880000114440918,11.050000190734863,75500,0.0,0.0
2013-12-02 00:00:00-05:00,11.109999656677246,11.109999656677246,10.899999618530273,11.010000228881836,250000,0.0,0.0
2013-12-03 00:00:00-05:00,11.0,11.0,10.40999984741211,10.510000228881836,201400,0.0,0.0
2013-12-04 00:00:00-05:00,10.5,10.859999656677246,10.5,10.710000038146973,199700,0.0,0.0
2013-12-05 00:00:00-05:00,10.699999809265137,10.760000228881836,10.630000114440918,10.649999618530273,89300,0.0,0.0
2013-12-06 00:00:00-05:00,10.75,10.75,10.649999618530273,10.699999809265137,137300,0.0,0.0
2013-12-09 00:00:00-05:00,10.649999618530273,10.649999618530273,10.5,10.539999961853027,77300,0.0,0.0
2013-12-10 00:00:00-05:00,10.539999961853027,10.59000015258789,10.470000267028809,10.5,107400,0.0,0.0
2013-12-11 00:00:00-05:00,10.520000457763672,10.5600004196167,10.09000015258789,10.130000114440918,134400,0.0,0.0
2013-12-12 00:00:00-05:00,10.130000114440918,10.289999961853027,10.100000381469727,10.140000343322754,92500,0.0,0.0
2013-12-13 00:00:00-05:00,10.140000343322754,10.199999809265137,9.899999618530273,10.119999885559082,105400,0.0,0.0
2013-12-16 00:00:00-05:00,10.130000114440918,10.390000343322754,10.130000114440918,10.350000381469727,71500,0.0,0.0
2013-12-17 00:00:00-05:00,10.319999694824219,10.5,10.180000305175781,10.319999694824219,64500,0.0,0.0
2013-12-18 00:00:00-05:00,10.319999694824219,10.550000190734863,10.180000305175781,10.5,54200,0.0,0.0
2013-12-19 00:00:00-05:00,10.510000228881836,10.520000457763672,10.119999885559082,10.279999732971191,86600,0.0,0.0
2013-12-20 00:00:00-05:00,10.279999732971191,10.680000305175781,10.210000038146973,10.65999984741211,375500,0.0,0.0
2013-12-23 00:00:00-05:00,10.789999961853027,10.949999809265137,10.739999771118164,10.859999656677246,142400,0.0,0.0
2013-12-24 00:00:00-05:00,10.800000190734863,11.0,10.6899995803833,10.960000038146973,40500,0.0,0.0
2013-12-26 00:00:00-05:00,11.039999961853027,11.149999618530273,11.0,11.100000381469727,87100,0.0,0.0
2013-12-27 00:00:00-05:00,11.149999618530273,11.149999618530273,10.760000228881836,10.819999694824219,76600,0.0,0.0
2013-12-30 00:00:00-05:00,10.979999542236328,11.079999923706055,10.84000015258789,10.9399995803833,121600,0.0,0.0
2013-12-31 00:00:00-05:00,11.0,11.140000343322754,10.8100004196167,11.09000015258789,94900,0.0,0.0
2014-01-02 00:00:00-05:00,11.130000114440918,11.270000457763672,10.90999984741211,11.039999961853027,133200,0.0,0.0
2014-01-03 00:00:00-05:00,11.039999961853027,11.15999984741211,11.0,11.069999694824219,102400,0.0,0.0
2014-01-06 00:00:00-05:00,11.109999656677246,11.319999694824219,10.869999885559082,10.869999885559082,165700,0.0,0.0
2014-01-07 00:00:00-05:00,10.9399995803833,11.210000038146973,10.770000457763672,10.970000267028809,193600,0.0,0.0
2014-01-08 00:00:00-05:00,10.949999809265137,10.949999809265137,10.75,10.819999694824219,155900,0.0,0.0
2014-01-09 00:00:00-05:00,10.800000190734863,11.050000190734863,10.75,11.010000228881836,100600,0.0,0.0
2014-01-10 00:00:00-05:00,11.039999961853027,11.069999694824219,10.890000343322754,11.0,102700,0.0,0.0
2014-01-13 00:00:00-05:00,11.029999732971191,11.109999656677246,10.640000343322754,10.760000228881836,163400,0.0,0.0
2014-01-14 00:00:00-05:00,10.789999961853027,11.0600004196167,10.699999809265137,10.949999809265137,87100,0.0,0.0
2014-01-15 00:00:00-05:00,11.010000228881836,11.100000381469727,10.920000076293945,11.069999694824219,197000,0.0,0.0
2014-01-16 00:00:00-05:00,11.020000457763672,11.329999923706055,11.020000457763672,11.239999771118164,89400,0.0,0.0
2014-01-17 00:00:00-05:00,11.270000457763672,11.880000114440918,11.239999771118164,11.729999542236328,218300,0.0,0.0
2014-01-21 00:00:00-05:00,11.899999618530273,12.140000343322754,11.779999732971191,11.930000305175781,236500,0.0,0.0
2014-01-22 00:00:00-05:00,11.989999771118164,12.140000343322754,11.619999885559082,11.699999809265137,139800,0.0,0.0
2014-01-23 00:00:00-05:00,11.680000305175781,11.739999771118164,11.399999618530273,11.640000343322754,146000,0.0,0.0
2014-01-24 00:00:00-05:00,11.579999923706055,11.59000015258789,10.850000381469727,10.9399995803833,193100,0.0,0.0
2014-01-27 00:00:00-05:00,10.930000305175781,11.039999961853027,10.449999809265137,10.720000267028809,213300,0.0,0.0
2014-01-28 00:00:00-05:00,10.760000228881836,10.880000114440918,10.600000381469727,10.779999732971191,160600,0.0,0.0
2014-01-29 00:00:00-05:00,10.649999618530273,10.850000381469727,10.600000381469727,10.670000076293945,100100,0.0,0.0
2014-01-30 00:00:00-05:00,10.75,11.0,10.710000038146973,10.84000015258789,78100,0.0,0.0
2014-01-31 00:00:00-05:00,10.649999618530273,11.010000228881836,10.609999656677246,10.789999961853027,122700,0.0,0.0
2014-02-03 00:00:00-05:00,10.800000190734863,10.850000381469727,9.779999732971191,10.0,238100,0.0,0.0
2014-02-04 00:00:00-05:00,10.0,10.289999961853027,9.800000190734863,10.109999656677246,109700,0.0,0.0
2014-02-05 00:00:00-05:00,10.079999923706055,10.079999923706055,9.850000381469727,9.960000038146973,87600,0.0,0.0
2014-02-06 00:00:00-05:00,10.050000190734863,10.050000190734863,9.630000114440918,9.6899995803833,196900,0.0,0.0
2014-02-07 00:00:00-05:00,9.680000305175781,9.720000267028809,9.390000343322754,9.609999656677246,140200,0.0,0.0
2014-02-10 00:00:00-05:00,9.5600004196167,9.869999885559082,9.460000038146973,9.75,97800,0.0,0.0
2014-02-11 00:00:00-05:00,9.789999961853027,9.829999923706055,9.65999984741211,9.779999732971191,84400,0.0,0.0
2014-02-12 00:00:00-05:00,9.770000457763672,9.930000305175781,9.770000457763672,9.890000343322754,86200,0.0,0.0
2014-02-13 00:00:00-05:00,9.819999694824219,10.119999885559082,9.800000190734863,10.069999694824219,90100,0.0,0.0
2014-02-14 00:00:00-05:00,10.09000015258789,10.350000381469727,9.949999809265137,10.1899995803833,192100,0.0,0.0
2014-02-18 00:00:00-05:00,10.34000015258789,10.8100004196167,10.079999923706055,10.710000038146973,167900,0.0,0.0
2014-02-19 00:00:00-05:00,10.640000343322754,11.430000305175781,10.640000343322754,10.770000457763672,276400,0.0,0.0
2014-02-20 00:00:00-05:00,9.600000381469727,10.050000190734863,8.640000343322754,9.40999984741211,896900,0.0,0.0
2014-02-21 00:00:00-05:00,9.420000076293945,9.90999984741211,9.079999923706055,9.789999961853027,424700,0.0,0.0
2014-02-24 00:00:00-05:00,9.90999984741211,10.119999885559082,9.789999961853027,9.789999961853027,320300,0.0,0.0
2014-02-25 00:00:00-05:00,9.850000381469727,9.869999885559082,9.5600004196167,9.619999885559082,170400,0.0,0.0
2014-02-26 00:00:00-05:00,9.6899995803833,10.140000343322754,9.6899995803833,9.970000267028809,156600,0.0,0.0
2014-02-27 00:00:00-05:00,9.970000267028809,10.050000190734863,9.8100004196167,9.989999771118164,111800,0.0,0.0
2014-02-28 00:00:00-05:00,9.979999542236328,10.130000114440918,9.899999618530273,9.960000038146973,97600,0.0,0.0
2014-03-03 00:00:00-05:00,9.9399995803833,9.949999809265137,9.6899995803833,9.75,171500,0.0,0.0
2014-03-04 00:00:00-05:00,9.850000381469727,10.25,9.8100004196167,10.010000228881836,225000,0.0,0.0
2014-03-05 00:00:00-05:00,10.029999732971191,10.119999885559082,9.8100004196167,9.90999984741211,95400,0.0,0.0
2014-03-06 00:00:00-05:00,9.90999984741211,10.25,9.859999656677246,9.949999809265137,149600,0.0,0.0
2014-03-07 00:00:00-05:00,10.039999961853027,10.050000190734863,9.859999656677246,9.869999885559082,145900,0.0,0.0
2014-03-10 00:00:00-04:00,9.819999694824219,10.069999694824219,9.75,9.979999542236328,194200,0.0,0.0
2014-03-11 00:00:00-04:00,10.020000457763672,10.170000076293945,9.699999809265137,9.760000228881836,185800,0.0,0.0
2014-03-12 00:00:00-04:00,9.720000267028809,9.779999732971191,9.399999618530273,9.520000457763672,279000,0.0,0.0
2014-03-13 00:00:00-04:00,9.59000015258789,9.899999618530273,9.430000305175781,9.489999771118164,155500,0.0,0.0
2014-03-14 00:00:00-04:00,9.40999984741211,9.600000381469727,9.40999984741211,9.539999961853027,111500,0.0,0.0
2014-03-17 00:00:00-04:00,9.539999961853027,9.859999656677246,9.539999961853027,9.739999771118164,177600,0.0,0.0
2014-03-18 00:00:00-04:00,9.75,9.989999771118164,9.729999542236328,9.930000305175781,118900,0.0,0.0
2014-03-19 00:00:00-04:00,9.899999618530273,9.979999542236328,9.729999542236328,9.729999542236328,82000,0.0,0.0
2014-03-20 00:00:00-04:00,9.739999771118164,9.930000305175781,9.649999618530273,9.670000076293945,124300,0.0,0.0
2014-03-21 00:00:00-04:00,9.699999809265137,9.899999618530273,9.550000190734863,9.649999618530273,201200,0.0,0.0
2014-03-24 00:00:00-04:00,9.699999809265137,9.800000190734863,9.3100004196167,9.40999984741211,152500,0.0,0.0
2014-03-25 00:00:00-04:00,9.5,9.680000305175781,9.279999732971191,9.40999984741211,102100,0.0,0.0
2014-03-26 00:00:00-04:00,9.5,9.550000190734863,9.25,9.25,184600,0.0,0.0
2014-03-27 00:00:00-04:00,9.279999732971191,9.59000015258789,9.25,9.520000457763672,123500,0.0,0.0
2014-03-28 00:00:00-04:00,9.510000228881836,9.800000190734863,9.479999542236328,9.630000114440918,116300,0.0,0.0
2014-03-31 00:00:00-04:00,9.729999542236328,10.380000114440918,9.65999984741211,9.960000038146973,398800,0.0,0.0
2014-04-01 00:00:00-04:00,10.149999618530273,10.350000381469727,10.050000190734863,10.3100004196167,156600,0.0,0.0
2014-04-02 00:00:00-04:00,10.770000457763672,10.800000190734863,10.390000343322754,10.5600004196167,201300,0.0,0.0
2014-04-03 00:00:00-04:00,10.600000381469727,10.680000305175781,10.319999694824219,10.489999771118164,138000,0.0,0.0
2014-04-04 00:00:00-04:00,10.520000457763672,10.529999732971191,9.890000343322754,10.149999618530273,209300,0.0,0.0
2014-04-07 00:00:00-04:00,10.050000190734863,10.130000114440918,9.8100004196167,9.920000076293945,262400,0.0,0.0
2014-04-08 00:00:00-04:00,9.960000038146973,10.319999694824219,9.960000038146973,10.25,125300,0.0,0.0
2014-04-09 00:00:00-04:00,10.260000228881836,10.369999885559082,10.0,10.15999984741211,113400,0.0,0.0
2014-04-10 00:00:00-04:00,10.109999656677246,10.149999618530273,9.65999984741211,9.729999542236328,159400,0.0,0.0
2014-04-11 00:00:00-04:00,9.6899995803833,9.869999885559082,9.579999923706055,9.630000114440918,113700,0.0,0.0
2014-04-14 00:00:00-04:00,9.770000457763672,9.8100004196167,9.359999656677246,9.489999771118164,82400,0.0,0.0
2014-04-15 00:00:00-04:00,9.5,9.869999885559082,9.289999961853027,9.75,148800,0.0,0.0
2014-04-16 00:00:00-04:00,9.850000381469727,9.90999984741211,9.579999923706055,9.8100004196167,84800,0.0,0.0
2014-04-17 00:00:00-04:00,9.8100004196167,9.989999771118164,9.720000267028809,9.890000343322754,69300,0.0,0.0
2014-04-21 00:00:00-04:00,9.890000343322754,10.09000015258789,9.789999961853027,9.979999542236328,84900,0.0,0.0
2014-04-22 00:00:00-04:00,9.960000038146973,10.180000305175781,9.920000076293945,10.0,113500,0.0,0.0
2014-04-23 00:00:00-04:00,10.010000228881836,10.0600004196167,9.829999923706055,9.850000381469727,95700,0.0,0.0
2014-04-24 00:00:00-04:00,9.930000305175781,9.930000305175781,9.65999984741211,9.699999809265137,53500,0.0,0.0
2014-04-25 00:00:00-04:00,9.619999885559082,9.829999923706055,9.479999542236328,9.479999542236328,81200,0.0,0.0
2014-04-28 00:00:00-04:00,9.5,9.770000457763672,9.350000381469727,9.65999984741211,112800,0.0,0.0
2014-04-29 00:00:00-04:00,9.819999694824219,10.0,9.25,9.279999732971191,159200,0.0,0.0
2014-04-30 00:00:00-04:00,9.210000038146973,9.3100004196167,8.970000267028809,9.079999923706055,211600,0.0,0.0
2014-05-01 00:00:00-04:00,9.029999732971191,9.119999885559082,8.90999984741211,9.0,264100,0.0,0.0
2014-05-02 00:00:00-04:00,9.0,9.140000343322754,8.90999984741211,9.029999732971191,104900,0.0,0.0
2014-05-05 00:00:00-04:00,9.0,9.069999694824219,8.920000076293945,9.029999732971191,65800,0.0,0.0
2014-05-06 00:00:00-04:00,8.979999542236328,9.029999732971191,8.640000343322754,8.65999984741211,190900,0.0,0.0
2014-05-07 00:00:00-04:00,8.640000343322754,8.890000343322754,8.529999732971191,8.880000114440918,183900,0.0,0.0
2014-05-08 00:00:00-04:00,8.800000190734863,8.9399995803833,8.670000076293945,8.699999809265137,122800,0.0,0.0
2014-05-09 00:00:00-04:00,8.619999885559082,8.9399995803833,8.619999885559082,8.920000076293945,91400,0.0,0.0
2014-05-12 00:00:00-04:00,8.9399995803833,9.25,8.899999618530273,8.960000038146973,139400,0.0,0.0
2014-05-13 00:00:00-04:00,8.899999618530273,9.079999923706055,8.8100004196167,8.890000343322754,114300,0.0,0.0
2014-05-14 00:00:00-04:00,8.84000015258789,8.90999984741211,8.65999984741211,8.670000076293945,106200,0.0,0.0
2014-05-15 00:00:00-04:00,8.65999984741211,8.770000457763672,8.529999732971191,8.680000305175781,103500,0.0,0.0
2014-05-16 00:00:00-04:00,8.640000343322754,8.770000457763672,8.5,8.720000267028809,87000,0.0,0.0
2014-05-19 00:00:00-04:00,8.619999885559082,8.869999885559082,8.619999885559082,8.75,105600,0.0,0.0
2014-05-20 00:00:00-04:00,8.75,8.75,8.5,8.550000190734863,137400,0.0,0.0
2014-05-21 00:00:00-04:00,8.619999885559082,8.710000038146973,8.420000076293945,8.569999694824219,74900,0.0,0.0
2014-05-22 00:00:00-04:00,8.550000190734863,8.680000305175781,8.550000190734863,8.609999656677246,56100,0.0,0.0
2014-05-23 00:00:00-04:00,8.649999618530273,8.739999771118164,8.510000228881836,8.710000038146973,55800,0.0,0.0
2014-05-27 00:00:00-04:00,8.710000038146973,9.0600004196167,8.710000038146973,9.029999732971191,84700,0.0,0.0
2014-05-28 00:00:00-04:00,8.979999542236328,9.0,8.75,8.819999694824219,112300,0.0,0.0
2014-05-29 00:00:00-04:00,8.819999694824219,8.899999618530273,8.75,8.890000343322754,130100,0.0,0.0
2014-05-30 00:00:00-04:00,8.920000076293945,9.020000457763672,8.75,8.829999923706055,68600,0.0,0.0
2014-06-02 00:00:00-04:00,8.8100004196167,8.869999885559082,8.399999618530273,8.609999656677246,141000,0.0,0.0
2014-06-03 00:00:00-04:00,8.550000190734863,8.699999809265137,8.5,8.59000015258789,86500,0.0,0.0
2014-06-04 00:00:00-04:00,8.569999694824219,8.710000038146973,8.5600004196167,8.699999809265137,62400,0.0,0.0
2014-06-05 00:00:00-04:00,8.779999732971191,9.0,8.699999809265137,9.0,140400,0.0,0.0
2014-06-06 00:00:00-04:00,9.09000015258789,9.34000015258789,9.010000228881836,9.130000114440918,169600,0.0,0.0
2014-06-09 00:00:00-04:00,9.140000343322754,9.329999923706055,9.050000190734863,9.229999542236328,78000,0.0,0.0
2014-06-10 00:00:00-04:00,9.239999771118164,9.239999771118164,9.0600004196167,9.140000343322754,76400,0.0,0.0
2014-06-11 00:00:00-04:00,9.09000015258789,9.109999656677246,8.970000267028809,9.010000228881836,59100,0.0,0.0
2014-06-12 00:00:00-04:00,8.989999771118164,8.989999771118164,8.800000190734863,8.829999923706055,92400,0.0,0.0
2014-06-13 00:00:00-04:00,8.890000343322754,8.90999984741211,8.6899995803833,8.710000038146973,91400,0.0,0.0
2014-06-16 00:00:00-04:00,8.699999809265137,8.819999694824219,8.579999923706055,8.720000267028809,81400,0.0,0.0
2014-06-17 00:00:00-04:00,8.65999984741211,8.9399995803833,8.579999923706055,8.859999656677246,98700,0.0,0.0
2014-06-18 00:00:00-04:00,8.859999656677246,9.029999732971191,8.699999809265137,8.960000038146973,58800,0.0,0.0
2014-06-19 00:00:00-04:00,9.020000457763672,9.079999923706055,8.75,8.869999885559082,100600,0.0,0.0
2014-06-20 00:00:00-04:00,8.84000015258789,9.079999923706055,8.800000190734863,9.069999694824219,209900,0.0,0.0
2014-06-23 00:00:00-04:00,9.069999694824219,9.069999694824219,8.880000114440918,8.970000267028809,56700,0.0,0.0
2014-06-24 00:00:00-04:00,8.9399995803833,9.100000381469727,8.8100004196167,8.880000114440918,97500,0.0,0.0
2014-06-25 00:00:00-04:00,8.850000381469727,9.029999732971191,8.800000190734863,9.020000457763672,50400,0.0,0.0
2014-06-26 00:00:00-04:00,9.0600004196167,9.130000114440918,8.90999984741211,9.050000190734863,84900,0.0,0.0
2014-06-27 00:00:00-04:00,9.0,9.260000228881836,8.880000114440918,9.020000457763672,412400,0.0,0.0
2014-06-30 00:00:00-04:00,8.949999809265137,9.149999618530273,8.819999694824219,8.949999809265137,110300,0.0,0.0
2014-07-01 00:00:00-04:00,8.960000038146973,9.3100004196167,8.960000038146973,9.260000228881836,203400,0.0,0.0
2014-07-02 00:00:00-04:00,9.260000228881836,9.289999961853027,9.109999656677246,9.119999885559082,66200,0.0,0.0
2014-07-03 00:00:00-04:00,9.029999732971191,9.100000381469727,8.9399995803833,8.989999771118164,83900,0.0,0.0
2014-07-07 00:00:00-04:00,8.899999618530273,8.920000076293945,8.75,8.779999732971191,227100,0.0,0.0
2014-07-08 00:00:00-04:00,8.75,8.75,8.550000190734863,8.59000015258789,372300,0.0,0.0
2014-07-09 00:00:00-04:00,8.600000381469727,8.829999923706055,8.600000381469727,8.699999809265137,103000,0.0,0.0
2014-07-10 00:00:00-04:00,8.699999809265137,9.34000015258789,8.699999809265137,9.1899995803833,227000,0.0,0.0
2014-07-11 00:00:00-04:00,9.140000343322754,9.279999732971191,9.050000190734863,9.25,92800,0.0,0.0
2014-07-14 00:00:00-04:00,9.319999694824219,9.319999694824219,9.069999694824219,9.199999809265137,132400,0.0,0.0
2014-07-15 00:00:00-04:00,9.170000076293945,9.170000076293945,9.010000228881836,9.149999618530273,77700,0.0,0.0
2014-07-16 00:00:00-04:00,9.199999809265137,9.270000457763672,9.029999732971191,9.039999961853027,83400,0.0,0.0
2014-07-17 00:00:00-04:00,9.0,9.109999656677246,8.8100004196167,8.84000015258789,146200,0.0,0.0
2014-07-18 00:00:00-04:00,8.8100004196167,9.050000190734863,8.75,9.010000228881836,154700,0.0,0.0
2014-07-21 00:00:00-04:00,8.90999984741211,9.039999961853027,8.8100004196167,8.970000267028809,85900,0.0,0.0
2014-07-22 00:00:00-04:00,9.010000228881836,9.149999618530273,9.0,9.069999694824219,62600,0.0,0.0
2014-07-23 00:00:00-04:00,9.069999694824219,9.220000267028809,9.0,9.15999984741211,89600,0.0,0.0
2014-07-24 00:00:00-04:00,9.119999885559082,10.100000381469727,9.079999923706055,10.029999732971191,325800,0.0,0.0
2014-07-25 00:00:00-04:00,9.899999618530273,9.949999809265137,9.630000114440918,9.75,219000,0.0,0.0
2014-07-28 00:00:00-04:00,9.75,9.770000457763672,9.430000305175781,9.699999809265137,210200,0.0,0.0
2014-07-29 00:00:00-04:00,9.6899995803833,9.890000343322754,9.600000381469727,9.850000381469727,77400,0.0,0.0
2014-07-30 00:00:00-04:00,9.9399995803833,10.0,9.760000228881836,9.949999809265137,133900,0.0,0.0
2014-07-31 00:00:00-04:00,9.770000457763672,9.949999809265137,9.65999984741211,9.850000381469727,231900,0.0,0.0
2014-08-01 00:00:00-04:00,9.850000381469727,9.960000038146973,9.640000343322754,9.819999694824219,158800,0.0,0.0
2014-08-04 00:00:00-04:00,9.90999984741211,9.989999771118164,9.649999618530273,9.970000267028809,95300,0.0,0.0
2014-08-05 00:00:00-04:00,9.949999809265137,10.029999732971191,9.850000381469727,9.899999618530273,87300,0.0,0.0
2014-08-06 00:00:00-04:00,9.890000343322754,10.130000114440918,9.869999885559082,10.0600004196167,69600,0.0,0.0
2014-08-07 00:00:00-04:00,10.140000343322754,10.239999771118164,9.850000381469727,9.960000038146973,96200,0.0,0.0
2014-08-08 00:00:00-04:00,9.949999809265137,10.40999984741211,9.949999809265137,10.390000343322754,185900,0.0,0.0
2014-08-11 00:00:00-04:00,10.390000343322754,10.460000038146973,10.229999542236328,10.279999732971191,125500,0.0,0.0
2014-08-12 00:00:00-04:00,10.270000457763672,10.279999732971191,10.100000381469727,10.15999984741211,58800,0.0,0.0
2014-08-13 00:00:00-04:00,10.15999984741211,10.5600004196167,10.15999984741211,10.489999771118164,141500,0.0,0.0
2014-08-14 00:00:00-04:00,10.470000267028809,10.579999923706055,10.34000015258789,10.350000381469727,59800,0.0,0.0
2014-08-15 00:00:00-04:00,10.5,10.569999694824219,10.25,10.430000305175781,114400,0.0,0.0
2014-08-18 00:00:00-04:00,10.579999923706055,10.600000381469727,10.479999542236328,10.600000381469727,101400,0.0,0.0
2014-08-19 00:00:00-04:00,10.600000381469727,10.6899995803833,10.489999771118164,10.489999771118164,63500,0.0,0.0
2014-08-20 00:00:00-04:00,10.460000038146973,10.539999961853027,10.220000267028809,10.470000267028809,177400,0.0,0.0
2014-08-21 00:00:00-04:00,10.430000305175781,10.460000038146973,10.1899995803833,10.279999732971191,134000,0.0,0.0
2014-08-22 00:00:00-04:00,10.25,10.319999694824219,10.130000114440918,10.229999542236328,73900,0.0,0.0
2014-08-25 00:00:00-04:00,10.239999771118164,10.289999961853027,10.020000457763672,10.079999923706055,118300,0.0,0.0
2014-08-26 00:00:00-04:00,10.039999961853027,10.199999809265137,10.0,10.109999656677246,102900,0.0,0.0
2014-08-27 00:00:00-04:00,10.069999694824219,10.289999961853027,10.0,10.1899995803833,85400,0.0,0.0
2014-08-28 00:00:00-04:00,10.109999656677246,10.140000343322754,10.010000228881836,10.029999732971191,59200,0.0,0.0
2014-08-29 00:00:00-04:00,10.039999961853027,10.130000114440918,9.949999809265137,10.039999961853027,42500,0.0,0.0
2014-09-02 00:00:00-04:00,10.029999732971191,10.220000267028809,9.979999542236328,10.180000305175781,109900,0.0,0.0
2014-09-03 00:00:00-04:00,10.199999809265137,10.279999732971191,10.100000381469727,10.149999618530273,96400,0.0,0.0
2014-09-04 00:00:00-04:00,10.170000076293945,10.289999961853027,10.170000076293945,10.170000076293945,53900,0.0,0.0
2014-09-05 00:00:00-04:00,10.109999656677246,10.220000267028809,10.0600004196167,10.170000076293945,63000,0.0,0.0
2014-09-08 00:00:00-04:00,10.149999618530273,10.239999771118164,10.020000457763672,10.130000114440918,57400,0.0,0.0
2014-09-09 00:00:00-04:00,10.140000343322754,10.140000343322754,9.899999618530273,9.989999771118164,121300,0.0,0.0
2014-09-10 00:00:00-04:00,9.930000305175781,10.050000190734863,9.920000076293945,10.020000457763672,53000,0.0,0.0
2014-09-11 00:00:00-04:00,10.0,10.09000015258789,9.899999618530273,10.0,113600,0.0,0.0
2014-09-12 00:00:00-04:00,10.0,10.029999732971191,9.75,9.859999656677246,92200,0.0,0.0
2014-09-15 00:00:00-04:00,9.869999885559082,9.899999618530273,9.670000076293945,9.850000381469727,74000,0.0,0.0
2014-09-16 00:00:00-04:00,9.890000343322754,9.949999809265137,9.75,9.880000114440918,63000,0.0,0.0
2014-09-17 00:00:00-04:00,9.90999984741211,9.949999809265137,9.670000076293945,9.800000190734863,73000,0.0,0.0
2014-09-18 00:00:00-04:00,9.819999694824219,10.15999984741211,9.699999809265137,10.140000343322754,93000,0.0,0.0
2014-09-19 00:00:00-04:00,10.199999809265137,10.239999771118164,10.079999923706055,10.210000038146973,209700,0.0,0.0
2014-09-22 00:00:00-04:00,10.149999618530273,10.300000190734863,10.069999694824219,10.170000076293945,91600,0.0,0.0
2014-09-23 00:00:00-04:00,10.170000076293945,10.220000267028809,10.100000381469727,10.140000343322754,85000,0.0,0.0
2014-09-24 00:00:00-04:00,10.130000114440918,10.279999732971191,9.979999542236328,10.25,88400,0.0,0.0
2014-09-25 00:00:00-04:00,10.260000228881836,10.270000457763672,10.010000228881836,10.109999656677246,84000,0.0,0.0
2014-09-26 00:00:00-04:00,10.170000076293945,10.289999961853027,10.119999885559082,10.25,55900,0.0,0.0
2014-09-29 00:00:00-04:00,10.199999809265137,10.300000190734863,10.109999656677246,10.199999809265137,78700,0.0,0.0
2014-09-30 00:00:00-04:00,10.170000076293945,10.300000190734863,9.869999885559082,9.869999885559082,130700,0.0,0.0
2014-10-01 00:00:00-04:00,9.890000343322754,10.0600004196167,9.720000267028809,9.84000015258789,123600,0.0,0.0
2014-10-02 00:00:00-04:00,9.859999656677246,10.210000038146973,9.84000015258789,10.1899995803833,82600,0.0,0.0
2014-10-03 00:00:00-04:00,10.430000305175781,10.729999542236328,10.359999656677246,10.579999923706055,200400,0.0,0.0
2014-10-06 00:00:00-04:00,10.5600004196167,10.850000381469727,10.4399995803833,10.729999542236328,189400,0.0,0.0
2014-10-07 00:00:00-04:00,10.699999809265137,10.720000267028809,10.460000038146973,10.600000381469727,283100,0.0,0.0
2014-10-08 00:00:00-04:00,10.569999694824219,10.890000343322754,10.5,10.829999923706055,103800,0.0,0.0
2014-10-09 00:00:00-04:00,10.789999961853027,10.789999961853027,10.380000114440918,10.390000343322754,95200,0.0,0.0
2014-10-10 00:00:00-04:00,10.300000190734863,10.609999656677246,10.239999771118164,10.300000190734863,84500,0.0,0.0
2014-10-13 00:00:00-04:00,10.380000114440918,10.6899995803833,10.380000114440918,10.510000228881836,88900,0.0,0.0
2014-10-14 00:00:00-04:00,10.65999984741211,10.890000343322754,10.34000015258789,10.420000076293945,102000,0.0,0.0
2014-10-15 00:00:00-04:00,10.239999771118164,10.520000457763672,10.039999961853027,10.449999809265137,109000,0.0,0.0
2014-10-16 00:00:00-04:00,10.270000457763672,10.670000076293945,10.270000457763672,10.510000228881836,72600,0.0,0.0
2014-10-17 00:00:00-04:00,10.680000305175781,10.680000305175781,10.020000457763672,10.149999618530273,161000,0.0,0.0
2014-10-20 00:00:00-04:00,10.140000343322754,10.359999656677246,10.010000228881836,10.300000190734863,102600,0.0,0.0
2014-10-21 00:00:00-04:00,10.329999923706055,10.430000305175781,10.300000190734863,10.359999656677246,64300,0.0,0.0
2014-10-22 00:00:00-04:00,10.40999984741211,10.40999984741211,10.199999809265137,10.220000267028809,66100,0.0,0.0
2014-10-23 00:00:00-04:00,10.359999656677246,10.600000381469727,10.350000381469727,10.5,74300,0.0,0.0
2014-10-24 00:00:00-04:00,10.539999961853027,10.59000015258789,10.369999885559082,10.550000190734863,66300,0.0,0.0
2014-10-27 00:00:00-04:00,10.5600004196167,10.8100004196167,10.420000076293945,10.720000267028809,107000,0.0,0.0
2014-10-28 00:00:00-04:00,10.300000190734863,10.539999961853027,10.199999809265137,10.40999984741211,178300,0.0,0.0
2014-10-29 00:00:00-04:00,10.399999618530273,10.449999809265137,10.010000228881836,10.069999694824219,115400,0.0,0.0
2014-10-30 00:00:00-04:00,10.0,10.220000267028809,9.949999809265137,10.069999694824219,160400,0.0,0.0
2014-10-31 00:00:00-04:00,10.289999961853027,10.40999984741211,10.180000305175781,10.260000228881836,108400,0.0,0.0
2014-11-03 00:00:00-05:00,10.3100004196167,10.369999885559082,10.100000381469727,10.100000381469727,111900,0.0,0.0
2014-11-04 00:00:00-05:00,10.069999694824219,10.289999961853027,10.069999694824219,10.199999809265137,76200,0.0,0.0
2014-11-05 00:00:00-05:00,10.229999542236328,10.229999542236328,10.020000457763672,10.1899995803833,116500,0.0,0.0
2014-11-06 00:00:00-05:00,10.170000076293945,10.380000114440918,10.149999618530273,10.289999961853027,115800,0.0,0.0
2014-11-07 00:00:00-05:00,10.289999961853027,10.289999961853027,10.0,10.0600004196167,79300,0.0,0.0
2014-11-10 00:00:00-05:00,10.010000228881836,10.0600004196167,9.899999618530273,10.0600004196167,86500,0.0,0.0
2014-11-11 00:00:00-05:00,10.0,10.010000228881836,9.930000305175781,9.970000267028809,73600,0.0,0.0
2014-11-12 00:00:00-05:00,9.850000381469727,9.90999984741211,9.510000228881836,9.899999618530273,224400,0.0,0.0
2014-11-13 00:00:00-05:00,9.850000381469727,10.100000381469727,9.720000267028809,9.739999771118164,69400,0.0,0.0
2014-11-14 00:00:00-05:00,9.720000267028809,9.800000190734863,9.619999885559082,9.680000305175781,85900,0.0,0.0
2014-11-17 00:00:00-05:00,9.710000038146973,9.75,9.5,9.5600004196167,90800,0.0,0.0
2014-11-18 00:00:00-05:00,9.5600004196167,9.6899995803833,9.470000267028809,9.539999961853027,80700,0.0,0.0
2014-11-19 00:00:00-05:00,9.5,9.550000190734863,9.15999984741211,9.199999809265137,118600,0.0,0.0
2014-11-20 00:00:00-05:00,9.199999809265137,9.579999923706055,9.199999809265137,9.5600004196167,86700,0.0,0.0
2014-11-21 00:00:00-05:00,9.75,10.170000076293945,9.630000114440918,9.8100004196167,194500,0.0,0.0
2014-11-24 00:00:00-05:00,9.779999732971191,10.100000381469727,9.779999732971191,10.100000381469727,110500,0.0,0.0
2014-11-25 00:00:00-05:00,10.069999694824219,10.199999809265137,9.90999984741211,10.020000457763672,136600,0.0,0.0
2014-11-26 00:00:00-05:00,10.020000457763672,10.149999618530273,10.020000457763672,10.119999885559082,55600,0.0,0.0
2014-11-28 00:00:00-05:00,10.079999923706055,10.34000015258789,10.039999961853027,10.100000381469727,71300,0.0,0.0
2014-12-01 00:00:00-05:00,10.100000381469727,10.5,10.010000228881836,10.399999618530273,281800,0.0,0.0
2014-12-02 00:00:00-05:00,10.449999809265137,10.770000457763672,10.369999885559082,10.6899995803833,118800,0.0,0.0
2014-12-03 00:00:00-05:00,10.670000076293945,10.850000381469727,10.670000076293945,10.729999542236328,131700,0.0,0.0
2014-12-04 00:00:00-05:00,10.729999542236328,10.729999542236328,10.380000114440918,10.4399995803833,107000,0.0,0.0
2014-12-05 00:00:00-05:00,10.420000076293945,10.640000343322754,10.369999885559082,10.40999984741211,63300,0.0,0.0
2014-12-08 00:00:00-05:00,10.34000015258789,10.579999923706055,10.300000190734863,10.3100004196167,52000,0.0,0.0
2014-12-09 00:00:00-05:00,10.210000038146973,10.779999732971191,10.050000190734863,10.760000228881836,172900,0.0,0.0
2014-12-10 00:00:00-05:00,10.65999984741211,10.84000015258789,10.479999542236328,10.479999542236328,86300,0.0,0.0
2014-12-11 00:00:00-05:00,10.489999771118164,10.75,10.270000457763672,10.279999732971191,57400,0.0,0.0
2014-12-12 00:00:00-05:00,10.109999656677246,10.460000038146973,10.069999694824219,10.399999618530273,107300,0.0,0.0
2014-12-15 00:00:00-05:00,10.390000343322754,10.430000305175781,9.869999885559082,10.149999618530273,112700,0.0,0.0
2014-12-16 00:00:00-05:00,10.119999885559082,10.350000381469727,10.020000457763672,10.020000457763672,76400,0.0,0.0
2014-12-17 00:00:00-05:00,10.020000457763672,10.539999961853027,10.0,10.539999961853027,122400,0.0,0.0
2014-12-18 00:00:00-05:00,10.539999961853027,10.619999885559082,10.5,10.600000381469727,127100,0.0,0.0
2014-12-19 00:00:00-05:00,10.600000381469727,10.600000381469727,10.260000228881836,10.279999732971191,449700,0.0,0.0
2014-12-22 00:00:00-05:00,10.239999771118164,10.460000038146973,10.239999771118164,10.390000343322754,160100,0.0,0.0
2014-12-23 00:00:00-05:00,10.600000381469727,11.199999809265137,10.600000381469727,11.149999618530273,347900,0.0,0.0
2014-12-24 00:00:00-05:00,11.119999885559082,11.600000381469727,11.119999885559082,11.529999732971191,88600,0.0,0.0
2014-12-26 00:00:00-05:00,11.600000381469727,12.0,11.449999809265137,11.75,100700,0.0,0.0
2014-12-29 00:00:00-05:00,11.720000267028809,11.829999923706055,11.34000015258789,11.390000343322754,103600,0.0,0.0
2014-12-30 00:00:00-05:00,11.399999618530273,11.600000381469727,11.350000381469727,11.430000305175781,75800,0.0,0.0
2014-12-31 00:00:00-05:00,11.399999618530273,11.75,11.3100004196167,11.329999923706055,91800,0.0,0.0
2015-01-02 00:00:00-05:00,11.449999809265137,11.640000343322754,11.149999618530273,11.25,105500,0.0,0.0
2015-01-05 00:00:00-05:00,11.239999771118164,11.460000038146973,11.15999984741211,11.25,98200,0.0,0.0
2015-01-06 00:00:00-05:00,11.140000343322754,11.279999732971191,10.829999923706055,11.149999618530273,108900,0.0,0.0
2015-01-07 00:00:00-05:00,11.210000038146973,11.579999923706055,10.989999771118164,11.489999771118164,214500,0.0,0.0
2015-01-08 00:00:00-05:00,11.609999656677246,11.899999618530273,11.5,11.75,278100,0.0,0.0
2015-01-09 00:00:00-05:00,11.6899995803833,11.6899995803833,11.260000228881836,11.369999885559082,134500,0.0,0.0
2015-01-12 00:00:00-05:00,11.329999923706055,11.619999885559082,11.25,11.619999885559082,85600,0.0,0.0
2015-01-13 00:00:00-05:00,11.75,12.239999771118164,11.680000305175781,12.069999694824219,171200,0.0,0.0
2015-01-14 00:00:00-05:00,12.069999694824219,12.289999961853027,11.850000381469727,12.1899995803833,106800,0.0,0.0
2015-01-15 00:00:00-05:00,12.279999732971191,12.279999732971191,11.800000190734863,11.850000381469727,145800,0.0,0.0
2015-01-16 00:00:00-05:00,11.819999694824219,12.149999618530273,11.819999694824219,12.130000114440918,85100,0.0,0.0
2015-01-20 00:00:00-05:00,12.130000114440918,12.199999809265137,11.859999656677246,12.09000015258789,68000,0.0,0.0
2015-01-21 00:00:00-05:00,12.039999961853027,12.079999923706055,11.649999618530273,11.6899995803833,52600,0.0,0.0
2015-01-22 00:00:00-05:00,11.729999542236328,11.9399995803833,11.600000381469727,11.789999961853027,119300,0.0,0.0
2015-01-23 00:00:00-05:00,11.789999961853027,11.970000267028809,11.720000267028809,11.739999771118164,70200,0.0,0.0
2015-01-26 00:00:00-05:00,11.75,11.949999809265137,11.5600004196167,11.84000015258789,91400,0.0,0.0
2015-01-27 00:00:00-05:00,11.720000267028809,11.84000015258789,11.630000114440918,11.75,49700,0.0,0.0
2015-01-28 00:00:00-05:00,11.829999923706055,11.829999923706055,11.380000114440918,11.510000228881836,68000,0.0,0.0
2015-01-29 00:00:00-05:00,11.5,11.789999961853027,11.460000038146973,11.760000228881836,63900,0.0,0.0
2015-01-30 00:00:00-05:00,11.619999885559082,11.760000228881836,11.220000267028809,11.260000228881836,98300,0.0,0.0
2015-02-02 00:00:00-05:00,11.260000228881836,11.600000381469727,11.15999984741211,11.5600004196167,69800,0.0,0.0
2015-02-03 00:00:00-05:00,11.569999694824219,11.75,11.40999984741211,11.630000114440918,42500,0.0,0.0
2015-02-04 00:00:00-05:00,11.619999885559082,11.859999656677246,11.489999771118164,11.670000076293945,59500,0.0,0.0
2015-02-05 00:00:00-05:00,11.670000076293945,11.899999618530273,11.609999656677246,11.850000381469727,67500,0.0,0.0
2015-02-06 00:00:00-05:00,11.8100004196167,11.859999656677246,11.40999984741211,11.510000228881836,91800,0.0,0.0
2015-02-09 00:00:00-05:00,11.510000228881836,11.729999542236328,11.149999618530273,11.1899995803833,57600,0.0,0.0
2015-02-10 00:00:00-05:00,11.319999694824219,11.390000343322754,11.010000228881836,11.289999961853027,100500,0.0,0.0
2015-02-11 00:00:00-05:00,11.380000114440918,11.470000267028809,11.109999656677246,11.369999885559082,54900,0.0,0.0
2015-02-12 00:00:00-05:00,11.479999542236328,11.479999542236328,11.229999542236328,11.399999618530273,39100,0.0,0.0
2015-02-13 00:00:00-05:00,11.359999656677246,11.479999542236328,11.239999771118164,11.300000190734863,91700,0.0,0.0
2015-02-17 00:00:00-05:00,11.15999984741211,11.15999984741211,10.520000457763672,10.710000038146973,230200,0.0,0.0
2015-02-18 00:00:00-05:00,10.579999923706055,10.819999694824219,10.550000190734863,10.819999694824219,111600,0.0,0.0
2015-02-19 00:00:00-05:00,10.789999961853027,11.029999732971191,10.75,11.0,147600,0.0,0.0
2015-02-20 00:00:00-05:00,11.010000228881836,11.020000457763672,10.460000038146973,10.550000190734863,232400,0.0,0.0
2015-02-23 00:00:00-05:00,10.600000381469727,10.760000228881836,10.300000190734863,10.470000267028809,126700,0.0,0.0
2015-02-24 00:00:00-05:00,10.449999809265137,10.609999656677246,10.34000015258789,10.5,112500,0.0,0.0
2015-02-25 00:00:00-05:00,10.5600004196167,10.649999618530273,10.5,10.640000343322754,90500,0.0,0.0
2015-02-26 00:00:00-05:00,10.600000381469727,10.779999732971191,10.569999694824219,10.720000267028809,136900,0.0,0.0
2015-02-27 00:00:00-05:00,10.670000076293945,10.729999542236328,10.470000267028809,10.479999542236328,105400,0.0,0.0
2015-03-02 00:00:00-05:00,10.449999809265137,10.59000015258789,10.149999618530273,10.510000228881836,154700,0.0,0.0
2015-03-03 00:00:00-05:00,10.430000305175781,10.550000190734863,10.1899995803833,10.550000190734863,247900,0.0,0.0
2015-03-04 00:00:00-05:00,10.529999732971191,10.720000267028809,10.40999984741211,10.600000381469727,64300,0.0,0.0
2015-03-05 00:00:00-05:00,10.640000343322754,10.829999923706055,10.5600004196167,10.8100004196167,69700,0.0,0.0
2015-03-06 00:00:00-05:00,10.710000038146973,10.859999656677246,10.430000305175781,10.510000228881836,82600,0.0,0.0
2015-03-09 00:00:00-04:00,10.569999694824219,10.6899995803833,10.40999984741211,10.539999961853027,37600,0.0,0.0
2015-03-10 00:00:00-04:00,10.460000038146973,10.609999656677246,10.3100004196167,10.520000457763672,53100,0.0,0.0
2015-03-11 00:00:00-04:00,10.479999542236328,10.640000343322754,10.109999656677246,10.329999923706055,231800,0.0,0.0
2015-03-12 00:00:00-04:00,10.220000267028809,10.550000190734863,9.989999771118164,10.229999542236328,225300,0.0,0.0
2015-03-13 00:00:00-04:00,10.229999542236328,10.359999656677246,9.600000381469727,10.25,227300,0.0,0.0
2015-03-16 00:00:00-04:00,10.300000190734863,10.59000015258789,10.270000457763672,10.550000190734863,126000,0.0,0.0
2015-03-17 00:00:00-04:00,10.460000038146973,10.510000228881836,10.289999961853027,10.420000076293945,78700,0.0,0.0
2015-03-18 00:00:00-04:00,10.359999656677246,10.5,10.229999542236328,10.390000343322754,61800,0.0,0.0
2015-03-19 00:00:00-04:00,10.34000015258789,10.390000343322754,10.289999961853027,10.369999885559082,69700,0.0,0.0
2015-03-20 00:00:00-04:00,10.40999984741211,10.460000038146973,10.100000381469727,10.119999885559082,193500,0.0,0.0
2015-03-23 00:00:00-04:00,10.109999656677246,10.300000190734863,10.109999656677246,10.270000457763672,122900,0.0,0.0
2015-03-24 00:00:00-04:00,10.260000228881836,10.489999771118164,10.029999732971191,10.100000381469727,156100,0.0,0.0
2015-03-25 00:00:00-04:00,10.140000343322754,10.359999656677246,9.960000038146973,10.039999961853027,98700,0.0,0.0
2015-03-26 00:00:00-04:00,10.039999961853027,10.199999809265137,9.949999809265137,9.979999542236328,66300,0.0,0.0
2015-03-27 00:00:00-04:00,9.960000038146973,10.239999771118164,9.960000038146973,10.069999694824219,104600,0.0,0.0
2015-03-30 00:00:00-04:00,10.09000015258789,10.479999542236328,10.09000015258789,10.289999961853027,81900,0.0,0.0
2015-03-31 00:00:00-04:00,10.180000305175781,10.430000305175781,10.039999961853027,10.369999885559082,93600,0.0,0.0
2015-04-01 00:00:00-04:00,10.319999694824219,10.369999885559082,10.170000076293945,10.279999732971191,46800,0.0,0.0
2015-04-02 00:00:00-04:00,10.279999732971191,10.350000381469727,10.1899995803833,10.34000015258789,72400,0.0,0.0
2015-04-06 00:00:00-04:00,10.229999542236328,10.319999694824219,10.149999618530273,10.210000038146973,87800,0.0,0.0
2015-04-07 00:00:00-04:00,10.199999809265137,10.329999923706055,10.119999885559082,10.220000267028809,83600,0.0,0.0
2015-04-08 00:00:00-04:00,10.180000305175781,10.3100004196167,10.09000015258789,10.180000305175781,272100,0.0,0.0
2015-04-09 00:00:00-04:00,10.149999618530273,10.25,10.069999694824219,10.180000305175781,119500,0.0,0.0
2015-04-10 00:00:00-04:00,10.170000076293945,10.539999961853027,10.100000381469727,10.359999656677246,124700,0.0,0.0
2015-04-13 00:00:00-04:00,10.350000381469727,10.449999809265137,10.199999809265137,10.220000267028809,62800,0.0,0.0
2015-04-14 00:00:00-04:00,10.239999771118164,10.640000343322754,10.210000038146973,10.640000343322754,85700,0.0,0.0
2015-04-15 00:00:00-04:00,10.619999885559082,10.699999809265137,10.430000305175781,10.510000228881836,84000,0.0,0.0
2015-04-16 00:00:00-04:00,10.539999961853027,10.600000381469727,10.210000038146973,10.25,89400,0.0,0.0
2015-04-17 00:00:00-04:00,10.180000305175781,10.25,9.890000343322754,9.90999984741211,268600,0.0,0.0
2015-04-20 00:00:00-04:00,9.989999771118164,10.279999732971191,9.90999984741211,10.149999618530273,42200,0.0,0.0
2015-04-21 00:00:00-04:00,10.170000076293945,10.229999542236328,10.119999885559082,10.1899995803833,38800,0.0,0.0
2015-04-22 00:00:00-04:00,10.15999984741211,10.300000190734863,9.979999542236328,10.109999656677246,54400,0.0,0.0
2015-04-23 00:00:00-04:00,10.069999694824219,10.260000228881836,10.029999732971191,10.130000114440918,38300,0.0,0.0
2015-04-24 00:00:00-04:00,10.149999618530273,10.1899995803833,10.0,10.180000305175781,46500,0.0,0.0
2015-04-27 00:00:00-04:00,10.210000038146973,10.300000190734863,9.880000114440918,9.989999771118164,93800,0.0,0.0
2015-04-28 00:00:00-04:00,9.5,10.859999656677246,9.5,10.779999732971191,162900,0.0,0.0
2015-04-29 00:00:00-04:00,10.6899995803833,10.6899995803833,10.270000457763672,10.390000343322754,122400,0.0,0.0
2015-04-30 00:00:00-04:00,10.289999961853027,10.300000190734863,9.960000038146973,10.199999809265137,149100,0.0,0.0
2015-05-01 00:00:00-04:00,10.25,10.350000381469727,10.020000457763672,10.09000015258789,141400,0.0,0.0
2015-05-04 00:00:00-04:00,10.130000114440918,10.279999732971191,10.109999656677246,10.180000305175781,93600,0.0,0.0
2015-05-05 00:00:00-04:00,10.1899995803833,10.319999694824219,10.010000228881836,10.180000305175781,119400,0.0,0.0
2015-05-06 00:00:00-04:00,10.329999923706055,10.359999656677246,10.039999961853027,10.229999542236328,126400,0.0,0.0
2015-05-07 00:00:00-04:00,10.260000228881836,10.350000381469727,10.079999923706055,10.09000015258789,65100,0.0,0.0
2015-05-08 00:00:00-04:00,10.210000038146973,10.380000114440918,10.0600004196167,10.109999656677246,77400,0.0,0.0
2015-05-11 00:00:00-04:00,10.170000076293945,10.600000381469727,10.140000343322754,10.3100004196167,172800,0.0,0.0
2015-05-12 00:00:00-04:00,10.279999732971191,10.350000381469727,10.109999656677246,10.119999885559082,51800,0.0,0.0
2015-05-13 00:00:00-04:00,10.100000381469727,10.149999618530273,10.020000457763672,10.109999656677246,55100,0.0,0.0
2015-05-14 00:00:00-04:00,10.199999809265137,10.399999618530273,10.15999984741211,10.369999885559082,85900,0.0,0.0
2015-05-15 00:00:00-04:00,10.390000343322754,10.40999984741211,10.220000267028809,10.319999694824219,68200,0.0,0.0
2015-05-18 00:00:00-04:00,10.460000038146973,10.949999809265137,10.460000038146973,10.890000343322754,152000,0.0,0.0
2015-05-19 00:00:00-04:00,10.920000076293945,11.0,10.59000015258789,10.729999542236328,63600,0.0,0.0
2015-05-20 00:00:00-04:00,10.829999923706055,11.039999961853027,10.699999809265137,11.010000228881836,107200,0.0,0.0
2015-05-21 00:00:00-04:00,11.0,11.149999618530273,10.930000305175781,11.140000343322754,131200,0.0,0.0
2015-05-22 00:00:00-04:00,11.140000343322754,11.239999771118164,11.010000228881836,11.130000114440918,102700,0.0,0.0
2015-05-26 00:00:00-04:00,11.170000076293945,11.1899995803833,10.6899995803833,10.869999885559082,142600,0.0,0.0
2015-05-27 00:00:00-04:00,10.869999885559082,11.039999961853027,10.630000114440918,11.020000457763672,80200,0.0,0.0
2015-05-28 00:00:00-04:00,11.0,11.0600004196167,10.8100004196167,10.859999656677246,48500,0.0,0.0
2015-05-29 00:00:00-04:00,10.819999694824219,10.890000343322754,10.59000015258789,10.710000038146973,65900,0.0,0.0
2015-06-01 00:00:00-04:00,10.739999771118164,10.930000305175781,10.539999961853027,10.710000038146973,90100,0.0,0.0
2015-06-02 00:00:00-04:00,10.640000343322754,10.819999694824219,10.569999694824219,10.640000343322754,43300,0.0,0.0
2015-06-03 00:00:00-04:00,10.670000076293945,10.75,10.550000190734863,10.699999809265137,43900,0.0,0.0
2015-06-04 00:00:00-04:00,10.630000114440918,10.65999984741211,10.529999732971191,10.550000190734863,42400,0.0,0.0
2015-06-05 00:00:00-04:00,10.520000457763672,10.869999885559082,10.420000076293945,10.789999961853027,81500,0.0,0.0
2015-06-08 00:00:00-04:00,10.789999961853027,10.949999809265137,10.789999961853027,10.800000190734863,63100,0.0,0.0
2015-06-09 00:00:00-04:00,10.770000457763672,11.020000457763672,10.630000114440918,11.0,74300,0.0,0.0
2015-06-10 00:00:00-04:00,11.039999961853027,11.319999694824219,11.039999961853027,11.170000076293945,72300,0.0,0.0
2015-06-11 00:00:00-04:00,11.180000305175781,11.220000267028809,11.0,11.170000076293945,56500,0.0,0.0
2015-06-12 00:00:00-04:00,11.180000305175781,11.220000267028809,11.0,11.109999656677246,42800,0.0,0.0
2015-06-15 00:00:00-04:00,11.0,11.170000076293945,10.970000267028809,11.029999732971191,78000,0.0,0.0
2015-06-16 00:00:00-04:00,11.0,11.130000114440918,11.0,11.010000228881836,64800,0.0,0.0
2015-06-17 00:00:00-04:00,11.039999961853027,11.199999809265137,11.010000228881836,11.079999923706055,45100,0.0,0.0
2015-06-18 00:00:00-04:00,11.100000381469727,11.3100004196167,11.029999732971191,11.229999542236328,87600,0.0,0.0
2015-06-19 00:00:00-04:00,11.279999732971191,11.279999732971191,11.130000114440918,11.199999809265137,116200,0.0,0.0
2015-06-22 00:00:00-04:00,11.300000190734863,11.470000267028809,11.130000114440918,11.449999809265137,66500,0.0,0.0
2015-06-23 00:00:00-04:00,11.470000267028809,11.470000267028809,11.229999542236328,11.34000015258789,52100,0.0,0.0
2015-06-24 00:00:00-04:00,11.329999923706055,11.449999809265137,11.260000228881836,11.390000343322754,65700,0.0,0.0
2015-06-25 00:00:00-04:00,11.390000343322754,11.5,11.3100004196167,11.479999542236328,62800,0.0,0.0
2015-06-26 00:00:00-04:00,11.470000267028809,11.470000267028809,11.220000267028809,11.359999656677246,437300,0.0,0.0
2015-06-29 00:00:00-04:00,11.260000228881836,11.420000076293945,11.130000114440918,11.15999984741211,60700,0.0,0.0
2015-06-30 00:00:00-04:00,11.229999542236328,11.300000190734863,11.079999923706055,11.279999732971191,107800,0.0,0.0
2015-07-01 00:00:00-04:00,11.3100004196167,11.420000076293945,11.220000267028809,11.3100004196167,71700,0.0,0.0
2015-07-02 00:00:00-04:00,11.350000381469727,11.449999809265137,10.920000076293945,11.279999732971191,92800,0.0,0.0
2015-07-06 00:00:00-04:00,11.319999694824219,11.569999694824219,11.1899995803833,11.479999542236328,119100,0.0,0.0
2015-07-07 00:00:00-04:00,11.5,11.5,11.079999923706055,11.390000343322754,87500,0.0,0.0
2015-07-08 00:00:00-04:00,11.329999923706055,11.430000305175781,11.119999885559082,11.270000457763672,343700,0.0,0.0
2015-07-09 00:00:00-04:00,11.399999618530273,11.529999732971191,11.300000190734863,11.430000305175781,82500,0.0,0.0
2015-07-10 00:00:00-04:00,11.550000190734863,11.619999885559082,11.109999656677246,11.300000190734863,272200,0.0,0.0
2015-07-13 00:00:00-04:00,11.380000114440918,11.569999694824219,11.329999923706055,11.539999961853027,66600,0.0,0.0
2015-07-14 00:00:00-04:00,11.550000190734863,11.640000343322754,11.479999542236328,11.579999923706055,65900,0.0,0.0
2015-07-15 00:00:00-04:00,11.569999694824219,11.600000381469727,11.369999885559082,11.529999732971191,43100,0.0,0.0
2015-07-16 00:00:00-04:00,11.600000381469727,11.710000038146973,11.510000228881836,11.6899995803833,49800,0.0,0.0
2015-07-17 00:00:00-04:00,11.710000038146973,11.75,11.65999984741211,11.680000305175781,58300,0.0,0.0
2015-07-20 00:00:00-04:00,11.670000076293945,11.680000305175781,11.529999732971191,11.579999923706055,40000,0.0,0.0
2015-07-21 00:00:00-04:00,11.600000381469727,11.649999618530273,11.430000305175781,11.520000457763672,87700,0.0,0.0
2015-07-22 00:00:00-04:00,11.4399995803833,11.5,11.369999885559082,11.449999809265137,50500,0.0,0.0
2015-07-23 00:00:00-04:00,11.489999771118164,11.489999771118164,11.180000305175781,11.239999771118164,66100,0.0,0.0
2015-07-24 00:00:00-04:00,11.220000267028809,11.25,10.75,10.800000190734863,70200,0.0,0.0
2015-07-27 00:00:00-04:00,10.729999542236328,10.880000114440918,10.630000114440918,10.739999771118164,109700,0.0,0.0
2015-07-28 00:00:00-04:00,10.510000228881836,11.09000015258789,10.449999809265137,10.989999771118164,127000,0.0,0.0
2015-07-29 00:00:00-04:00,11.09000015258789,11.180000305175781,10.670000076293945,10.699999809265137,142600,0.0,0.0
2015-07-30 00:00:00-04:00,10.6899995803833,11.029999732971191,10.619999885559082,11.010000228881836,107900,0.0,0.0
2015-07-31 00:00:00-04:00,11.010000228881836,11.09000015258789,10.869999885559082,10.949999809265137,60500,0.0,0.0
2015-08-03 00:00:00-04:00,11.0,11.050000190734863,10.9399995803833,10.970000267028809,160600,0.0,0.0
2015-08-04 00:00:00-04:00,10.989999771118164,11.050000190734863,10.710000038146973,10.760000228881836,43500,0.0,0.0
2015-08-05 00:00:00-04:00,10.829999923706055,11.0,10.770000457763672,10.970000267028809,34000,0.0,0.0
2015-08-06 00:00:00-04:00,10.899999618530273,10.949999809265137,10.640000343322754,10.6899995803833,35800,0.0,0.0
2015-08-07 00:00:00-04:00,10.600000381469727,10.680000305175781,10.449999809265137,10.510000228881836,57600,0.0,0.0
2015-08-10 00:00:00-04:00,10.510000228881836,10.5600004196167,10.399999618530273,10.479999542236328,84000,0.0,0.0
2015-08-11 00:00:00-04:00,10.369999885559082,10.489999771118164,10.300000190734863,10.319999694824219,51700,0.0,0.0
2015-08-12 00:00:00-04:00,10.329999923706055,10.5,10.140000343322754,10.479999542236328,128700,0.0,0.0
2015-08-13 00:00:00-04:00,10.430000305175781,10.619999885559082,10.300000190734863,10.399999618530273,63100,0.0,0.0
2015-08-14 00:00:00-04:00,10.329999923706055,10.600000381469727,10.260000228881836,10.5600004196167,50900,0.0,0.0
2015-08-17 00:00:00-04:00,10.550000190734863,10.699999809265137,10.430000305175781,10.670000076293945,40200,0.0,0.0
2015-08-18 00:00:00-04:00,10.6899995803833,10.699999809265137,10.470000267028809,10.529999732971191,41800,0.0,0.0
2015-08-19 00:00:00-04:00,10.420000076293945,10.569999694824219,10.279999732971191,10.510000228881836,50200,0.0,0.0
2015-08-20 00:00:00-04:00,10.329999923706055,10.449999809265137,10.239999771118164,10.239999771118164,75700,0.0,0.0
2015-08-21 00:00:00-04:00,10.0600004196167,10.5,9.920000076293945,10.300000190734863,66700,0.0,0.0
2015-08-24 00:00:00-04:00,9.819999694824219,10.039999961853027,9.720000267028809,9.739999771118164,104400,0.0,0.0
2015-08-25 00:00:00-04:00,9.699999809265137,9.739999771118164,9.40999984741211,9.579999923706055,96700,0.0,0.0
2015-08-26 00:00:00-04:00,9.710000038146973,9.770000457763672,9.449999809265137,9.600000381469727,66200,0.0,0.0
2015-08-27 00:00:00-04:00,9.699999809265137,9.729999542236328,9.510000228881836,9.640000343322754,63500,0.0,0.0
2015-08-28 00:00:00-04:00,9.569999694824219,9.949999809265137,9.569999694824219,9.899999618530273,65700,0.0,0.0
2015-08-31 00:00:00-04:00,9.819999694824219,10.0,9.699999809265137,9.779999732971191,67400,0.0,0.0
2015-09-01 00:00:00-04:00,9.579999923706055,9.779999732971191,9.510000228881836,9.539999961853027,100400,0.0,0.0
2015-09-02 00:00:00-04:00,9.640000343322754,9.880000114440918,9.640000343322754,9.859999656677246,50900,0.0,0.0
2015-09-03 00:00:00-04:00,9.880000114440918,9.979999542236328,9.760000228881836,9.800000190734863,33500,0.0,0.0
2015-09-04 00:00:00-04:00,9.630000114440918,9.859999656677246,9.630000114440918,9.770000457763672,37400,0.0,0.0
2015-09-08 00:00:00-04:00,9.949999809265137,9.949999809265137,9.710000038146973,9.850000381469727,47600,0.0,0.0
2015-09-09 00:00:00-04:00,9.890000343322754,9.979999542236328,9.619999885559082,9.65999984741211,44500,0.0,0.0
2015-09-10 00:00:00-04:00,9.619999885559082,9.890000343322754,9.600000381469727,9.640000343322754,39300,0.0,0.0
2015-09-11 00:00:00-04:00,9.600000381469727,9.6899995803833,9.579999923706055,9.640000343322754,26100,0.0,0.0
2015-09-14 00:00:00-04:00,9.640000343322754,9.720000267028809,9.5,9.5,30800,0.0,0.0
2015-09-15 00:00:00-04:00,9.539999961853027,9.770000457763672,9.479999542236328,9.710000038146973,102100,0.0,0.0
2015-09-16 00:00:00-04:00,9.680000305175781,9.699999809265137,9.520000457763672,9.579999923706055,58000,0.0,0.0
2015-09-17 00:00:00-04:00,9.59000015258789,9.75,9.59000015258789,9.640000343322754,56700,0.0,0.0
2015-09-18 00:00:00-04:00,9.5,9.729999542236328,9.5,9.510000228881836,118200,0.0,0.0
2015-09-21 00:00:00-04:00,9.579999923706055,9.739999771118164,9.539999961853027,9.640000343322754,57400,0.0,0.0
2015-09-22 00:00:00-04:00,9.550000190734863,9.65999984741211,9.5,9.539999961853027,35400,0.0,0.0
2015-09-23 00:00:00-04:00,9.569999694824219,9.59000015258789,9.5,9.5,52600,0.0,0.0
2015-09-24 00:00:00-04:00,9.5,9.84000015258789,9.5,9.779999732971191,105100,0.0,0.0
2015-09-25 00:00:00-04:00,9.829999923706055,10.5,9.739999771118164,9.850000381469727,128700,0.0,0.0
2015-09-28 00:00:00-04:00,9.800000190734863,9.800000190734863,9.600000381469727,9.649999618530273,110500,0.0,0.0
2015-09-29 00:00:00-04:00,9.649999618530273,9.970000267028809,9.649999618530273,9.829999923706055,63200,0.0,0.0
2015-09-30 00:00:00-04:00,9.970000267028809,9.970000267028809,9.699999809265137,9.729999542236328,108500,0.0,0.0
2015-10-01 00:00:00-04:00,9.729999542236328,9.920000076293945,9.6899995803833,9.890000343322754,110100,0.0,0.0
2015-10-02 00:00:00-04:00,9.789999961853027,10.050000190734863,9.789999961853027,10.039999961853027,66100,0.0,0.0
2015-10-05 00:00:00-04:00,10.109999656677246,10.399999618530273,10.109999656677246,10.270000457763672,50100,0.0,0.0
2015-10-06 00:00:00-04:00,10.210000038146973,10.34000015258789,10.050000190734863,10.100000381469727,57800,0.0,0.0
2015-10-07 00:00:00-04:00,10.180000305175781,10.34000015258789,10.079999923706055,10.220000267028809,228600,0.0,0.0
2015-10-08 00:00:00-04:00,10.130000114440918,10.369999885559082,10.050000190734863,10.350000381469727,59700,0.0,0.0
2015-10-09 00:00:00-04:00,10.390000343322754,10.420000076293945,10.220000267028809,10.229999542236328,24700,0.0,0.0
2015-10-12 00:00:00-04:00,10.210000038146973,10.420000076293945,10.119999885559082,10.399999618530273,55600,0.0,0.0
2015-10-13 00:00:00-04:00,10.369999885559082,10.460000038146973,10.0600004196167,10.09000015258789,46800,0.0,0.0
2015-10-14 00:00:00-04:00,10.0600004196167,10.25,10.010000228881836,10.149999618530273,68100,0.0,0.0
2015-10-15 00:00:00-04:00,10.15999984741211,10.40999984741211,10.09000015258789,10.40999984741211,32100,0.0,0.0
2015-10-16 00:00:00-04:00,10.449999809265137,10.449999809265137,10.279999732971191,10.380000114440918,28600,0.0,0.0
2015-10-19 00:00:00-04:00,10.34000015258789,10.479999542236328,10.270000457763672,10.329999923706055,38600,0.0,0.0
2015-10-20 00:00:00-04:00,10.220000267028809,10.390000343322754,10.1899995803833,10.319999694824219,32900,0.0,0.0
2015-10-21 00:00:00-04:00,10.369999885559082,10.4399995803833,9.949999809265137,10.010000228881836,38300,0.0,0.0
2015-10-22 00:00:00-04:00,10.029999732971191,10.079999923706055,9.800000190734863,9.899999618530273,38500,0.0,0.0
2015-10-23 00:00:00-04:00,9.949999809265137,10.050000190734863,9.729999542236328,9.869999885559082,59900,0.0,0.0
2015-10-26 00:00:00-04:00,9.789999961853027,9.789999961853027,9.59000015258789,9.680000305175781,73400,0.0,0.0
2015-10-27 00:00:00-04:00,10.180000305175781,10.75,9.640000343322754,10.460000038146973,184100,0.0,0.0
2015-10-28 00:00:00-04:00,10.529999732971191,10.75,10.4399995803833,10.75,111000,0.0,0.0
2015-10-29 00:00:00-04:00,10.75,10.800000190734863,10.59000015258789,10.630000114440918,52200,0.0,0.0
2015-10-30 00:00:00-04:00,10.619999885559082,10.6899995803833,10.489999771118164,10.539999961853027,40600,0.0,0.0
2015-11-02 00:00:00-05:00,10.539999961853027,10.739999771118164,10.539999961853027,10.729999542236328,35300,0.0,0.0
2015-11-03 00:00:00-05:00,10.680000305175781,10.75,10.5600004196167,10.59000015258789,63700,0.0,0.0
2015-11-04 00:00:00-05:00,10.609999656677246,10.75,10.579999923706055,10.609999656677246,34000,0.0,0.0
2015-11-05 00:00:00-05:00,10.600000381469727,10.760000228881836,10.579999923706055,10.760000228881836,38100,0.0,0.0
2015-11-06 00:00:00-05:00,10.729999542236328,10.989999771118164,10.65999984741211,10.989999771118164,51600,0.0,0.0
2015-11-09 00:00:00-05:00,10.979999542236328,10.979999542236328,10.699999809265137,10.789999961853027,27600,0.0,0.0
2015-11-10 00:00:00-05:00,10.779999732971191,10.850000381469727,10.619999885559082,10.8100004196167,39200,0.0,0.0
2015-11-11 00:00:00-05:00,10.800000190734863,10.880000114440918,10.65999984741211,10.720000267028809,27500,0.0,0.0
2015-11-12 00:00:00-05:00,10.680000305175781,10.8100004196167,10.520000457763672,10.529999732971191,26200,0.0,0.0
2015-11-13 00:00:00-05:00,10.430000305175781,10.609999656677246,10.430000305175781,10.449999809265137,37100,0.0,0.0
2015-11-16 00:00:00-05:00,10.420000076293945,10.5,10.3100004196167,10.430000305175781,39700,0.0,0.0
2015-11-17 00:00:00-05:00,10.359999656677246,10.529999732971191,10.359999656677246,10.40999984741211,34800,0.0,0.0
2015-11-18 00:00:00-05:00,10.40999984741211,10.520000457763672,10.300000190734863,10.40999984741211,62200,0.0,0.0
2015-11-19 00:00:00-05:00,10.369999885559082,10.489999771118164,10.260000228881836,10.380000114440918,37300,0.0,0.0
2015-11-20 00:00:00-05:00,10.4399995803833,10.579999923706055,10.270000457763672,10.329999923706055,89800,0.0,0.0
2015-11-23 00:00:00-05:00,10.3100004196167,10.430000305175781,10.260000228881836,10.300000190734863,27600,0.0,0.0
2015-11-24 00:00:00-05:00,10.25,10.760000228881836,10.25,10.75,65200,0.0,0.0
2015-11-25 00:00:00-05:00,10.779999732971191,11.0,10.779999732971191,11.0,27800,0.0,0.0
2015-11-27 00:00:00-05:00,11.0,11.180000305175781,10.920000076293945,10.989999771118164,32600,0.0,0.0
2015-11-30 00:00:00-05:00,11.0,11.069999694824219,10.75,10.859999656677246,98700,0.0,0.0
2015-12-01 00:00:00-05:00,10.649999618530273,10.800000190734863,10.59000015258789,10.75,55700,0.0,0.0
2015-12-02 00:00:00-05:00,10.520000457763672,10.760000228881836,10.520000457763672,10.640000343322754,39800,0.0,0.0
2015-12-03 00:00:00-05:00,10.649999618530273,10.710000038146973,10.489999771118164,10.510000228881836,33200,0.0,0.0
2015-12-04 00:00:00-05:00,10.510000228881836,10.729999542236328,10.5,10.680000305175781,53800,0.0,0.0
2015-12-07 00:00:00-05:00,10.630000114440918,10.6899995803833,10.5,10.579999923706055,66800,0.0,0.0
2015-12-08 00:00:00-05:00,10.5,10.670000076293945,10.479999542236328,10.59000015258789,49400,0.0,0.0
2015-12-09 00:00:00-05:00,10.520000457763672,10.680000305175781,10.359999656677246,10.399999618530273,24100,0.0,0.0
2015-12-10 00:00:00-05:00,10.390000343322754,10.5,10.229999542236328,10.399999618530273,26700,0.0,0.0
2015-12-11 00:00:00-05:00,10.220000267028809,10.579999923706055,10.149999618530273,10.210000038146973,50400,0.0,0.0
2015-12-14 00:00:00-05:00,10.399999618530273,10.489999771118164,10.130000114440918,10.270000457763672,65600,0.0,0.0
2015-12-15 00:00:00-05:00,10.34000015258789,10.5,10.140000343322754,10.489999771118164,35300,0.0,0.0
2015-12-16 00:00:00-05:00,10.609999656677246,10.789999961853027,10.4399995803833,10.640000343322754,53800,0.0,0.0
2015-12-17 00:00:00-05:00,10.699999809265137,10.739999771118164,10.539999961853027,10.550000190734863,31300,0.0,0.0
2015-12-18 00:00:00-05:00,10.5,10.670000076293945,10.239999771118164,10.260000228881836,144000,0.0,0.0
2015-12-21 00:00:00-05:00,10.399999618530273,10.420000076293945,9.979999542236328,10.130000114440918,54600,0.0,0.0
2015-12-22 00:00:00-05:00,10.15999984741211,10.319999694824219,10.039999961853027,10.140000343322754,38900,0.0,0.0
2015-12-23 00:00:00-05:00,10.140000343322754,10.300000190734863,9.65999984741211,10.1899995803833,357400,0.0,0.0
2015-12-24 00:00:00-05:00,10.229999542236328,10.729999542236328,10.229999542236328,10.710000038146973,36200,0.0,0.0
2015-12-28 00:00:00-05:00,10.75,11.100000381469727,10.75,11.09000015258789,75000,0.0,0.0
2015-12-29 00:00:00-05:00,11.109999656677246,11.289999961853027,11.020000457763672,11.15999984741211,52600,0.0,0.0
2015-12-30 00:00:00-05:00,11.170000076293945,11.300000190734863,11.0,11.25,59900,0.0,0.0
2015-12-31 00:00:00-05:00,11.15999984741211,11.3100004196167,10.760000228881836,10.779999732971191,71800,0.0,0.0
2016-01-04 00:00:00-05:00,10.720000267028809,10.720000267028809,10.0600004196167,10.3100004196167,100900,0.0,0.0
2016-01-05 00:00:00-05:00,10.279999732971191,10.390000343322754,10.180000305175781,10.279999732971191,33100,0.0,0.0
2016-01-06 00:00:00-05:00,10.109999656677246,10.380000114440918,10.109999656677246,10.329999923706055,82500,0.0,0.0
2016-01-07 00:00:00-05:00,10.130000114440918,10.270000457763672,10.020000457763672,10.020000457763672,76400,0.0,0.0
2016-01-08 00:00:00-05:00,10.0600004196167,10.180000305175781,9.779999732971191,9.859999656677246,109100,0.0,0.0
2016-01-11 00:00:00-05:00,9.899999618530273,10.140000343322754,9.739999771118164,9.890000343322754,45700,0.0,0.0
2016-01-12 00:00:00-05:00,9.989999771118164,10.149999618530273,9.680000305175781,9.920000076293945,71800,0.0,0.0
2016-01-13 00:00:00-05:00,9.920000076293945,9.9399995803833,9.399999618530273,9.470000267028809,124300,0.0,0.0
2016-01-14 00:00:00-05:00,9.5,9.739999771118164,9.470000267028809,9.600000381469727,66500,0.0,0.0
2016-01-15 00:00:00-05:00,9.329999923706055,9.640000343322754,9.239999771118164,9.609999656677246,73700,0.0,0.0
2016-01-19 00:00:00-05:00,9.720000267028809,9.789999961853027,9.220000267028809,9.319999694824219,104600,0.0,0.0
2016-01-20 00:00:00-05:00,9.180000305175781,9.460000038146973,9.050000190734863,9.34000015258789,138300,0.0,0.0
2016-01-21 00:00:00-05:00,9.350000381469727,9.59000015258789,9.239999771118164,9.460000038146973,134900,0.0,0.0
2016-01-22 00:00:00-05:00,9.5600004196167,9.739999771118164,9.479999542236328,9.739999771118164,60600,0.0,0.0
2016-01-25 00:00:00-05:00,9.680000305175781,9.75,9.5,9.5,43400,0.0,0.0
2016-01-26 00:00:00-05:00,9.470000267028809,9.739999771118164,9.470000267028809,9.539999961853027,153500,0.0,0.0
2016-01-27 00:00:00-05:00,9.470000267028809,9.619999885559082,9.369999885559082,9.510000228881836,56200,0.0,0.0
2016-01-28 00:00:00-05:00,9.489999771118164,9.630000114440918,9.449999809265137,9.529999732971191,47100,0.0,0.0
2016-01-29 00:00:00-05:00,9.489999771118164,9.829999923706055,9.4399995803833,9.829999923706055,124200,0.0,0.0
2016-02-01 00:00:00-05:00,9.729999542236328,9.770000457763672,9.619999885559082,9.65999984741211,47200,0.0,0.0
2016-02-02 00:00:00-05:00,9.59000015258789,9.699999809265137,9.510000228881836,9.619999885559082,42100,0.0,0.0
2016-02-03 00:00:00-05:00,9.739999771118164,9.739999771118164,9.430000305175781,9.609999656677246,42400,0.0,0.0
2016-02-04 00:00:00-05:00,9.5600004196167,9.670000076293945,9.40999984741211,9.5600004196167,97200,0.0,0.0
2016-02-05 00:00:00-05:00,9.520000457763672,9.5600004196167,9.1899995803833,9.270000457763672,90500,0.0,0.0
2016-02-08 00:00:00-05:00,9.199999809265137,9.40999984741211,9.029999732971191,9.359999656677246,48300,0.0,0.0
2016-02-09 00:00:00-05:00,9.279999732971191,9.59000015258789,9.109999656677246,9.300000190734863,48000,0.0,0.0
2016-02-10 00:00:00-05:00,9.390000343322754,9.5,9.149999618530273,9.239999771118164,45400,0.0,0.0
2016-02-11 00:00:00-05:00,9.119999885559082,9.149999618530273,8.9399995803833,8.970000267028809,163100,0.0,0.0
2016-02-12 00:00:00-05:00,9.020000457763672,9.109999656677246,8.9399995803833,9.0600004196167,95100,0.0,0.0
2016-02-16 00:00:00-05:00,9.210000038146973,9.970000267028809,9.100000381469727,9.789999961853027,176600,0.0,0.0
2016-02-17 00:00:00-05:00,9.770000457763672,10.25,9.569999694824219,10.199999809265137,118300,0.0,0.0
2016-02-18 00:00:00-05:00,10.199999809265137,10.359999656677246,10.09000015258789,10.199999809265137,132300,0.0,0.0
2016-02-19 00:00:00-05:00,10.130000114440918,10.380000114440918,10.130000114440918,10.239999771118164,106200,0.0,0.0
2016-02-22 00:00:00-05:00,10.300000190734863,10.609999656677246,10.039999961853027,10.479999542236328,190900,0.0,0.0
2016-02-23 00:00:00-05:00,10.449999809265137,10.5600004196167,10.260000228881836,10.300000190734863,77500,0.0,0.0
2016-02-24 00:00:00-05:00,10.199999809265137,10.5600004196167,10.0600004196167,10.529999732971191,54200,0.0,0.0
2016-02-25 00:00:00-05:00,10.460000038146973,10.770000457763672,10.40999984741211,10.760000228881836,79300,0.0,0.0
2016-02-26 00:00:00-05:00,10.8100004196167,10.90999984741211,10.5,10.539999961853027,105500,0.0,0.0
2016-02-29 00:00:00-05:00,10.600000381469727,10.800000190734863,10.489999771118164,10.710000038146973,108900,0.0,0.0
2016-03-01 00:00:00-05:00,10.739999771118164,10.989999771118164,10.65999984741211,10.850000381469727,200900,0.0,0.0
2016-03-02 00:00:00-05:00,10.75,10.920000076293945,10.529999732971191,10.90999984741211,66900,0.0,0.0
2016-03-03 00:00:00-05:00,10.869999885559082,10.970000267028809,10.779999732971191,10.859999656677246,86600,0.0,0.0
2016-03-04 00:00:00-05:00,10.880000114440918,10.989999771118164,10.739999771118164,10.829999923706055,65000,0.0,0.0
2016-03-07 00:00:00-05:00,11.0,11.319999694824219,10.949999809265137,11.210000038146973,166300,0.0,0.0
2016-03-08 00:00:00-05:00,11.199999809265137,11.329999923706055,11.039999961853027,11.0600004196167,95700,0.0,0.0
2016-03-09 00:00:00-05:00,11.1899995803833,11.1899995803833,11.0,11.079999923706055,67100,0.0,0.0
2016-03-10 00:00:00-05:00,11.149999618530273,11.149999618530273,10.729999542236328,10.8100004196167,49300,0.0,0.0
2016-03-11 00:00:00-05:00,10.84000015258789,10.930000305175781,10.680000305175781,10.760000228881836,103100,0.0,0.0
2016-03-14 00:00:00-04:00,10.800000190734863,11.079999923706055,10.720000267028809,10.90999984741211,151000,0.0,0.0
2016-03-15 00:00:00-04:00,10.90999984741211,11.010000228881836,10.59000015258789,10.630000114440918,84700,0.0,0.0
2016-03-16 00:00:00-04:00,10.59000015258789,10.760000228881836,10.579999923706055,10.710000038146973,58300,0.0,0.0
2016-03-17 00:00:00-04:00,10.680000305175781,10.850000381469727,10.539999961853027,10.779999732971191,77500,0.0,0.0
2016-03-18 00:00:00-04:00,10.869999885559082,10.869999885559082,10.579999923706055,10.640000343322754,229700,0.0,0.0
2016-03-21 00:00:00-04:00,10.640000343322754,10.710000038146973,10.510000228881836,10.550000190734863,56400,0.0,0.0
2016-03-22 00:00:00-04:00,10.510000228881836,10.680000305175781,10.479999542236328,10.609999656677246,45500,0.0,0.0
2016-03-23 00:00:00-04:00,10.529999732971191,10.569999694824219,10.34000015258789,10.470000267028809,61300,0.0,0.0
2016-03-24 00:00:00-04:00,10.40999984741211,10.470000267028809,10.210000038146973,10.399999618530273,68900,0.0,0.0
2016-03-28 00:00:00-04:00,10.329999923706055,10.869999885559082,10.300000190734863,10.779999732971191,109800,0.0,0.0
2016-03-29 00:00:00-04:00,10.8100004196167,11.0,10.630000114440918,10.989999771118164,80700,0.0,0.0
2016-03-30 00:00:00-04:00,11.0,11.220000267028809,10.930000305175781,11.149999618530273,87300,0.0,0.0
2016-03-31 00:00:00-04:00,11.069999694824219,11.229999542236328,10.75,10.75,281800,0.0,0.0
2016-04-01 00:00:00-04:00,10.720000267028809,11.0,10.65999984741211,10.9399995803833,48600,0.0,0.0
2016-04-04 00:00:00-04:00,10.970000267028809,10.970000267028809,10.779999732971191,10.869999885559082,67100,0.0,0.0
2016-04-05 00:00:00-04:00,10.760000228881836,10.90999984741211,10.670000076293945,10.75,77200,0.0,0.0
2016-04-06 00:00:00-04:00,10.729999542236328,10.869999885559082,10.640000343322754,10.859999656677246,74300,0.0,0.0
2016-04-07 00:00:00-04:00,10.800000190734863,10.979999542236328,10.779999732971191,10.920000076293945,143000,0.0,0.0
2016-04-08 00:00:00-04:00,10.970000267028809,11.109999656677246,10.84000015258789,11.010000228881836,92600,0.0,0.0
2016-04-11 00:00:00-04:00,11.0,11.109999656677246,10.829999923706055,10.880000114440918,62100,0.0,0.0
2016-04-12 00:00:00-04:00,10.869999885559082,11.020000457763672,10.760000228881836,11.0,38200,0.0,0.0
2016-04-13 00:00:00-04:00,11.15999984741211,11.869999885559082,10.970000267028809,11.819999694824219,186900,0.0,0.0
2016-04-14 00:00:00-04:00,11.800000190734863,11.989999771118164,11.779999732971191,11.829999923706055,137400,0.0,0.0
2016-04-15 00:00:00-04:00,11.789999961853027,12.010000228881836,11.5600004196167,11.989999771118164,139500,0.0,0.0
2016-04-18 00:00:00-04:00,11.920000076293945,12.699999809265137,11.880000114440918,12.569999694824219,222700,0.0,0.0
2016-04-19 00:00:00-04:00,12.600000381469727,13.0,12.5600004196167,12.770000457763672,195300,0.0,0.0
2016-04-20 00:00:00-04:00,12.90999984741211,12.90999984741211,12.270000457763672,12.5,148700,0.0,0.0
2016-04-21 00:00:00-04:00,12.670000076293945,12.819999694824219,12.470000267028809,12.5,138100,0.0,0.0
2016-04-22 00:00:00-04:00,12.65999984741211,12.65999984741211,12.270000457763672,12.4399995803833,131500,0.0,0.0
2016-04-25 00:00:00-04:00,12.5,12.5,12.109999656677246,12.15999984741211,78100,0.0,0.0
2016-04-26 00:00:00-04:00,12.140000343322754,12.460000038146973,12.039999961853027,12.40999984741211,177900,0.0,0.0
2016-04-27 00:00:00-04:00,12.350000381469727,12.420000076293945,11.880000114440918,12.069999694824219,225200,0.0,0.0
2016-04-28 00:00:00-04:00,12.5,12.75,11.680000305175781,12.1899995803833,643500,0.0,0.0
2016-04-29 00:00:00-04:00,12.260000228881836,12.579999923706055,12.260000228881836,12.399999618530273,245200,0.0,0.0
2016-05-02 00:00:00-04:00,12.550000190734863,12.550000190734863,12.199999809265137,12.399999618530273,165800,0.0,0.0
2016-05-03 00:00:00-04:00,12.420000076293945,12.489999771118164,12.130000114440918,12.25,181300,0.0,0.0
2016-05-04 00:00:00-04:00,12.130000114440918,12.300000190734863,12.069999694824219,12.180000305175781,57900,0.0,0.0
2016-05-05 00:00:00-04:00,12.109999656677246,12.25,12.069999694824219,12.1899995803833,86700,0.0,0.0
2016-05-06 00:00:00-04:00,12.029999732971191,12.260000228881836,12.029999732971191,12.25,80500,0.0,0.0
2016-05-09 00:00:00-04:00,12.40999984741211,12.430000305175781,12.0,12.25,118300,0.0,0.0
2016-05-10 00:00:00-04:00,12.319999694824219,12.350000381469727,12.170000076293945,12.25,58700,0.0,0.0
2016-05-11 00:00:00-04:00,12.260000228881836,12.260000228881836,12.020000457763672,12.0600004196167,47800,0.0,0.0
2016-05-12 00:00:00-04:00,11.989999771118164,12.109999656677246,11.829999923706055,11.869999885559082,126400,0.0,0.0
2016-05-13 00:00:00-04:00,11.84000015258789,11.880000114440918,11.640000343322754,11.729999542236328,121900,0.0,0.0
2016-05-16 00:00:00-04:00,11.779999732971191,11.949999809265137,11.680000305175781,11.720000267028809,95900,0.0,0.0
2016-05-17 00:00:00-04:00,11.729999542236328,11.789999961853027,11.220000267028809,11.270000457763672,192200,0.0,0.0
2016-05-18 00:00:00-04:00,11.25,11.479999542236328,11.109999656677246,11.4399995803833,127700,0.0,0.0
2016-05-19 00:00:00-04:00,11.399999618530273,11.449999809265137,11.170000076293945,11.359999656677246,51200,0.0,0.0
2016-05-20 00:00:00-04:00,11.430000305175781,11.550000190734863,11.34000015258789,11.449999809265137,69400,0.0,0.0
2016-05-23 00:00:00-04:00,11.489999771118164,11.680000305175781,11.460000038146973,11.479999542236328,61500,0.0,0.0
2016-05-24 00:00:00-04:00,11.569999694824219,11.90999984741211,11.5600004196167,11.649999618530273,226600,0.0,0.0
2016-05-25 00:00:00-04:00,11.640000343322754,11.699999809265137,11.550000190734863,11.59000015258789,64300,0.0,0.0
2016-05-26 00:00:00-04:00,11.529999732971191,11.649999618530273,11.40999984741211,11.600000381469727,78200,0.0,0.0
2016-05-27 00:00:00-04:00,11.670000076293945,11.720000267028809,11.489999771118164,11.520000457763672,70000,0.0,0.0
2016-05-31 00:00:00-04:00,11.539999961853027,11.600000381469727,11.390000343322754,11.550000190734863,361000,0.0,0.0
2016-06-01 00:00:00-04:00,11.460000038146973,11.760000228881836,11.430000305175781,11.65999984741211,199000,0.0,0.0
2016-06-02 00:00:00-04:00,11.680000305175781,11.75,11.510000228881836,11.649999618530273,130300,0.0,0.0
2016-06-03 00:00:00-04:00,11.670000076293945,11.84000015258789,11.600000381469727,11.789999961853027,70100,0.0,0.0
2016-06-06 00:00:00-04:00,11.739999771118164,11.789999961853027,11.710000038146973,11.75,120200,0.0,0.0
2016-06-07 00:00:00-04:00,11.75,11.9399995803833,11.710000038146973,11.880000114440918,78400,0.0,0.0
2016-06-08 00:00:00-04:00,11.850000381469727,12.0600004196167,11.729999542236328,12.029999732971191,91900,0.0,0.0
2016-06-09 00:00:00-04:00,11.90999984741211,12.069999694824219,11.90999984741211,11.979999542236328,49500,0.0,0.0
2016-06-10 00:00:00-04:00,11.890000343322754,12.0,11.760000228881836,11.880000114440918,75400,0.0,0.0
2016-06-13 00:00:00-04:00,12.0,12.069999694824219,11.90999984741211,11.989999771118164,142200,0.0,0.0
2016-06-14 00:00:00-04:00,11.930000305175781,12.09000015258789,11.869999885559082,12.050000190734863,110300,0.0,0.0
2016-06-15 00:00:00-04:00,12.170000076293945,12.170000076293945,11.979999542236328,11.989999771118164,125200,0.0,0.0
2016-06-16 00:00:00-04:00,11.989999771118164,12.050000190734863,11.90999984741211,12.020000457763672,113900,0.0,0.0
2016-06-17 00:00:00-04:00,12.0,12.0,11.760000228881836,11.800000190734863,196700,0.0,0.0
2016-06-20 00:00:00-04:00,11.989999771118164,12.239999771118164,11.949999809265137,12.039999961853027,323400,0.0,0.0
2016-06-21 00:00:00-04:00,12.079999923706055,12.09000015258789,11.850000381469727,12.0,109500,0.0,0.0
2016-06-22 00:00:00-04:00,12.050000190734863,12.050000190734863,11.8100004196167,11.850000381469727,231600,0.0,0.0
2016-06-23 00:00:00-04:00,11.979999542236328,12.050000190734863,11.90999984741211,11.9399995803833,173900,0.0,0.0
2016-06-24 00:00:00-04:00,11.569999694824219,11.760000228881836,11.420000076293945,11.550000190734863,1721300,0.0,0.0
2016-06-27 00:00:00-04:00,11.4399995803833,11.609999656677246,11.350000381469727,11.520000457763672,266900,0.0,0.0
2016-06-28 00:00:00-04:00,11.5600004196167,11.760000228881836,11.5600004196167,11.630000114440918,164200,0.0,0.0
2016-06-29 00:00:00-04:00,11.6899995803833,11.800000190734863,11.569999694824219,11.720000267028809,165100,0.0,0.0
2016-06-30 00:00:00-04:00,11.800000190734863,11.920000076293945,11.640000343322754,11.8100004196167,306300,0.0,0.0
2016-07-01 00:00:00-04:00,11.850000381469727,12.109999656677246,11.6899995803833,12.0,213400,0.0,0.0
2016-07-05 00:00:00-04:00,11.970000267028809,12.0,11.760000228881836,11.850000381469727,115600,0.0,0.0
2016-07-06 00:00:00-04:00,11.800000190734863,11.979999542236328,11.800000190734863,11.90999984741211,166400,0.0,0.0
2016-07-07 00:00:00-04:00,11.899999618530273,12.0,11.859999656677246,11.979999542236328,73800,0.0,0.0
2016-07-08 00:00:00-04:00,12.050000190734863,12.369999885559082,11.989999771118164,12.229999542236328,173000,0.0,0.0
2016-07-11 00:00:00-04:00,12.25,12.25,12.050000190734863,12.1899995803833,109700,0.0,0.0
2016-07-12 00:00:00-04:00,12.1899995803833,12.289999961853027,12.180000305175781,12.199999809265137,116500,0.0,0.0
2016-07-13 00:00:00-04:00,12.300000190734863,12.390000343322754,12.220000267028809,12.350000381469727,173000,0.0,0.0
2016-07-14 00:00:00-04:00,12.369999885559082,12.460000038146973,12.210000038146973,12.220000267028809,92300,0.0,0.0
2016-07-15 00:00:00-04:00,12.289999961853027,12.3100004196167,12.130000114440918,12.210000038146973,77300,0.0,0.0
2016-07-18 00:00:00-04:00,12.260000228881836,12.260000228881836,12.109999656677246,12.130000114440918,70600,0.0,0.0
2016-07-19 00:00:00-04:00,12.109999656677246,12.210000038146973,11.970000267028809,11.970000267028809,103400,0.0,0.0
2016-07-20 00:00:00-04:00,12.0,12.199999809265137,11.979999542236328,12.130000114440918,59200,0.0,0.0
2016-07-21 00:00:00-04:00,12.15999984741211,12.15999984741211,11.960000038146973,11.989999771118164,88900,0.0,0.0
2016-07-22 00:00:00-04:00,12.0,12.039999961853027,11.869999885559082,12.0,111300,0.0,0.0
2016-07-25 00:00:00-04:00,11.9399995803833,12.0600004196167,11.8100004196167,12.020000457763672,183300,0.0,0.0
2016-07-26 00:00:00-04:00,12.989999771118164,14.180000305175781,12.989999771118164,13.75,1918000,0.0,0.0
2016-07-27 00:00:00-04:00,13.869999885559082,14.25,13.600000381469727,14.050000190734863,462900,0.0,0.0
2016-07-28 00:00:00-04:00,14.130000114440918,14.399999618530273,14.0600004196167,14.289999961853027,441400,0.0,0.0
2016-07-29 00:00:00-04:00,14.369999885559082,14.729999542236328,14.350000381469727,14.569999694824219,521800,0.0,0.0
2016-08-01 00:00:00-04:00,14.380000114440918,14.520000457763672,13.989999771118164,14.319999694824219,436800,0.0,0.0
2016-08-02 00:00:00-04:00,14.319999694824219,14.449999809265137,14.039999961853027,14.25,240900,0.0,0.0
2016-08-03 00:00:00-04:00,14.149999618530273,14.239999771118164,13.930000305175781,14.0,231900,0.0,0.0
2016-08-04 00:00:00-04:00,14.0,14.039999961853027,13.880000114440918,13.979999542236328,123000,0.0,0.0
2016-08-05 00:00:00-04:00,14.0,14.670000076293945,14.0,14.579999923706055,281400,0.0,0.0
2016-08-08 00:00:00-04:00,14.670000076293945,14.710000038146973,14.300000190734863,14.34000015258789,84300,0.0,0.0
2016-08-09 00:00:00-04:00,14.369999885559082,14.800000190734863,14.3100004196167,14.670000076293945,153300,0.0,0.0
2016-08-10 00:00:00-04:00,14.699999809265137,14.75,14.5600004196167,14.699999809265137,194500,0.0,0.0
2016-08-11 00:00:00-04:00,14.819999694824219,15.510000228881836,14.760000228881836,15.329999923706055,586000,0.0,0.0
2016-08-12 00:00:00-04:00,15.34000015258789,15.529999732971191,15.130000114440918,15.510000228881836,309800,0.0,0.0
2016-08-15 00:00:00-04:00,15.510000228881836,15.970000267028809,15.510000228881836,15.869999885559082,305000,0.0,0.0
2016-08-16 00:00:00-04:00,15.930000305175781,15.930000305175781,15.619999885559082,15.649999618530273,260300,0.0,0.0
2016-08-17 00:00:00-04:00,15.75,15.779999732971191,15.270000457763672,15.489999771118164,125400,0.0,0.0
2016-08-18 00:00:00-04:00,15.5,15.649999618530273,15.40999984741211,15.600000381469727,113700,0.0,0.0
2016-08-19 00:00:00-04:00,15.539999961853027,15.600000381469727,15.34000015258789,15.520000457763672,135300,0.0,0.0
2016-08-22 00:00:00-04:00,15.5600004196167,15.819999694824219,15.40999984741211,15.5600004196167,150000,0.0,0.0
2016-08-23 00:00:00-04:00,15.529999732971191,15.770000457763672,15.369999885559082,15.529999732971191,147500,0.0,0.0
2016-08-24 00:00:00-04:00,15.609999656677246,15.729999542236328,15.369999885559082,15.380000114440918,162100,0.0,0.0
2016-08-25 00:00:00-04:00,15.279999732971191,15.5600004196167,15.210000038146973,15.329999923706055,132900,0.0,0.0
2016-08-26 00:00:00-04:00,15.420000076293945,15.710000038146973,15.329999923706055,15.670000076293945,156600,0.0,0.0
2016-08-29 00:00:00-04:00,15.880000114440918,16.420000076293945,15.819999694824219,16.389999389648438,436000,0.0,0.0
2016-08-30 00:00:00-04:00,16.450000762939453,16.520000457763672,15.880000114440918,16.059999465942383,239000,0.0,0.0
2016-08-31 00:00:00-04:00,16.139999389648438,16.15999984741211,15.869999885559082,15.949999809265137,164200,0.0,0.0
2016-09-01 00:00:00-04:00,16.0,16.06999969482422,15.729999542236328,15.84000015258789,159200,0.0,0.0
2016-09-02 00:00:00-04:00,15.850000381469727,16.31999969482422,15.829999923706055,16.229999542236328,269400,0.0,0.0
2016-09-06 00:00:00-04:00,16.34000015258789,16.489999771118164,16.079999923706055,16.43000030517578,324300,0.0,0.0
2016-09-07 00:00:00-04:00,16.549999237060547,17.690000534057617,16.549999237060547,17.639999389648438,927200,0.0,0.0
2016-09-08 00:00:00-04:00,17.639999389648438,18.079999923706055,17.510000228881836,17.670000076293945,814800,0.0,0.0
2016-09-09 00:00:00-04:00,17.670000076293945,17.790000915527344,17.110000610351562,17.239999771118164,597200,0.0,0.0
2016-09-12 00:00:00-04:00,17.010000228881836,17.520000457763672,16.780000686645508,17.510000228881836,453000,0.0,0.0
2016-09-13 00:00:00-04:00,17.469999313354492,17.5,17.079999923706055,17.170000076293945,167800,0.0,0.0
2016-09-14 00:00:00-04:00,17.18000030517578,17.6200008392334,17.15999984741211,17.479999542236328,384900,0.0,0.0
2016-09-15 00:00:00-04:00,17.489999771118164,17.809999465942383,17.450000762939453,17.75,372500,0.0,0.0
2016-09-16 00:00:00-04:00,17.780000686645508,18.09000015258789,17.709999084472656,17.90999984741211,901900,0.0,0.0
2016-09-19 00:00:00-04:00,18.0,18.25,17.65999984741211,17.860000610351562,400700,0.0,0.0
2016-09-20 00:00:00-04:00,17.979999542236328,18.079999923706055,17.799999237060547,17.860000610351562,193700,0.0,0.0
2016-09-21 00:00:00-04:00,18.040000915527344,18.3799991607666,17.729999542236328,18.280000686645508,275200,0.0,0.0
2016-09-22 00:00:00-04:00,18.489999771118164,18.639999389648438,18.34000015258789,18.559999465942383,339800,0.0,0.0
2016-09-23 00:00:00-04:00,18.549999237060547,18.610000610351562,18.020000457763672,18.139999389648438,160700,0.0,0.0
2016-09-26 00:00:00-04:00,18.100000381469727,18.100000381469727,17.690000534057617,17.81999969482422,189700,0.0,0.0
2016-09-27 00:00:00-04:00,18.0,18.1200008392334,17.729999542236328,17.8700008392334,228900,0.0,0.0
2016-09-28 00:00:00-04:00,18.0,18.010000228881836,17.760000228881836,17.84000015258789,173300,0.0,0.0
2016-09-29 00:00:00-04:00,17.889999389648438,17.889999389648438,17.350000381469727,17.40999984741211,405600,0.0,0.0
2016-09-30 00:00:00-04:00,17.40999984741211,17.649999618530273,17.0,17.56999969482422,359300,0.0,0.0
2016-10-03 00:00:00-04:00,17.5,17.600000381469727,17.25,17.489999771118164,223500,0.0,0.0
2016-10-04 00:00:00-04:00,17.469999313354492,17.530000686645508,17.100000381469727,17.290000915527344,411600,0.0,0.0
2016-10-05 00:00:00-04:00,17.309999465942383,17.469999313354492,17.219999313354492,17.239999771118164,123600,0.0,0.0
2016-10-06 00:00:00-04:00,17.260000228881836,17.280000686645508,17.030000686645508,17.100000381469727,95200,0.0,0.0
2016-10-07 00:00:00-04:00,17.15999984741211,17.360000610351562,17.06999969482422,17.31999969482422,161600,0.0,0.0
2016-10-10 00:00:00-04:00,17.209999084472656,17.790000915527344,17.18000030517578,17.639999389648438,249300,0.0,0.0
2016-10-11 00:00:00-04:00,17.5,17.510000228881836,16.68000030517578,16.8799991607666,521000,0.0,0.0
2016-10-12 00:00:00-04:00,16.950000762939453,17.170000076293945,16.8799991607666,17.049999237060547,185800,0.0,0.0
2016-10-13 00:00:00-04:00,16.850000381469727,17.1200008392334,16.729999542236328,16.989999771118164,206900,0.0,0.0
2016-10-14 00:00:00-04:00,17.079999923706055,17.1200008392334,16.809999465942383,16.809999465942383,116900,0.0,0.0
2016-10-17 00:00:00-04:00,16.799999237060547,16.899999618530273,16.6200008392334,16.75,149100,0.0,0.0
2016-10-18 00:00:00-04:00,16.950000762939453,17.1299991607666,16.850000381469727,17.0,139600,0.0,0.0
2016-10-19 00:00:00-04:00,17.049999237060547,17.200000762939453,16.799999237060547,17.0,172700,0.0,0.0
2016-10-20 00:00:00-04:00,16.850000381469727,17.350000381469727,16.850000381469727,17.100000381469727,147400,0.0,0.0
2016-10-21 00:00:00-04:00,16.950000762939453,17.25,16.850000381469727,17.149999618530273,125200,0.0,0.0
2016-10-24 00:00:00-04:00,17.25,17.450000762939453,17.149999618530273,17.25,120600,0.0,0.0
2016-10-25 00:00:00-04:00,17.299999237060547,17.299999237060547,16.799999237060547,17.0,150600,0.0,0.0
2016-10-26 00:00:00-04:00,16.899999618530273,16.899999618530273,16.520000457763672,16.700000762939453,287800,0.0,0.0
2016-10-27 00:00:00-04:00,17.350000381469727,18.25,16.75,16.75,422400,0.0,0.0
2016-10-28 00:00:00-04:00,16.899999618530273,17.299999237060547,16.75,17.0,302600,0.0,0.0
2016-10-31 00:00:00-04:00,17.100000381469727,17.200000762939453,16.5,17.0,294100,0.0,0.0
2016-11-01 00:00:00-04:00,17.0,17.200000762939453,16.75,17.049999237060547,184800,0.0,0.0
2016-11-02 00:00:00-04:00,17.100000381469727,17.100000381469727,16.600000381469727,16.600000381469727,104800,0.0,0.0
2016-11-03 00:00:00-04:00,16.600000381469727,16.850000381469727,16.450000762939453,16.649999618530273,135400,0.0,0.0
2016-11-04 00:00:00-04:00,16.549999237060547,16.950000762939453,16.399999618530273,16.450000762939453,154500,0.0,0.0
2016-11-07 00:00:00-05:00,16.649999618530273,17.350000381469727,16.549999237060547,17.25,185800,0.0,0.0
2016-11-08 00:00:00-05:00,17.25,17.399999618530273,16.860000610351562,17.200000762939453,127400,0.0,0.0
2016-11-09 00:00:00-05:00,16.6299991607666,17.649999618530273,16.5,17.600000381469727,188600,0.0,0.0
2016-11-10 00:00:00-05:00,17.899999618530273,18.399999618530273,17.5,18.25,285400,0.0,0.0
2016-11-11 00:00:00-05:00,18.350000381469727,19.149999618530273,18.079999923706055,18.899999618530273,294500,0.0,0.0
2016-11-14 00:00:00-05:00,19.149999618530273,19.209999084472656,18.350000381469727,18.700000762939453,261100,0.0,0.0
2016-11-15 00:00:00-05:00,18.700000762939453,19.25,18.649999618530273,19.25,229500,0.0,0.0
2016-11-16 00:00:00-05:00,19.200000762939453,19.450000762939453,18.899999618530273,19.25,187800,0.0,0.0
2016-11-17 00:00:00-05:00,19.25,19.549999237060547,19.25,19.399999618530273,177000,0.0,0.0
2016-11-18 00:00:00-05:00,19.350000381469727,19.700000762939453,19.25,19.700000762939453,123100,0.0,0.0
2016-11-21 00:00:00-05:00,19.700000762939453,19.899999618530273,19.299999237060547,19.450000762939453,135600,0.0,0.0
2016-11-22 00:00:00-05:00,19.450000762939453,19.5,19.0,19.450000762939453,185600,0.0,0.0
2016-11-23 00:00:00-05:00,19.350000381469727,20.049999237060547,19.299999237060547,19.899999618530273,140900,0.0,0.0
2016-11-25 00:00:00-05:00,19.799999237060547,20.149999618530273,19.799999237060547,20.100000381469727,60900,0.0,0.0
2016-11-28 00:00:00-05:00,19.950000762939453,20.049999237060547,19.5,19.649999618530273,134700,0.0,0.0
2016-11-29 00:00:00-05:00,19.75,19.899999618530273,19.450000762939453,19.649999618530273,159700,0.0,0.0
2016-11-30 00:00:00-05:00,19.850000381469727,19.850000381469727,19.1299991607666,19.649999618530273,357400,0.0,0.0
2016-12-01 00:00:00-05:00,19.700000762939453,19.75,18.450000762939453,18.600000381469727,200100,0.0,0.0
2016-12-02 00:00:00-05:00,18.549999237060547,18.850000381469727,17.75,17.850000381469727,206400,0.0,0.0
2016-12-05 00:00:00-05:00,18.049999237060547,18.549999237060547,18.049999237060547,18.149999618530273,186000,0.0,0.0
2016-12-06 00:00:00-05:00,18.049999237060547,18.399999618530273,17.799999237060547,18.149999618530273,186900,0.0,0.0
2016-12-07 00:00:00-05:00,18.149999618530273,18.350000381469727,17.850000381469727,18.200000762939453,133200,0.0,0.0
2016-12-08 00:00:00-05:00,18.25,18.799999237060547,18.0,18.600000381469727,150200,0.0,0.0
2016-12-09 00:00:00-05:00,18.549999237060547,18.899999618530273,18.399999618530273,18.700000762939453,147600,0.0,0.0
2016-12-12 00:00:00-05:00,18.600000381469727,19.5,18.5,19.450000762939453,219800,0.0,0.0
2016-12-13 00:00:00-05:00,19.350000381469727,19.600000381469727,18.799999237060547,18.899999618530273,276500,0.0,0.0
2016-12-14 00:00:00-05:00,18.899999618530273,19.25,18.799999237060547,18.899999618530273,131600,0.0,0.0
2016-12-15 00:00:00-05:00,18.899999618530273,19.600000381469727,18.799999237060547,19.549999237060547,168300,0.0,0.0
2016-12-16 00:00:00-05:00,19.649999618530273,19.649999618530273,19.149999618530273,19.299999237060547,751100,0.0,0.0
2016-12-19 00:00:00-05:00,19.450000762939453,19.549999237060547,19.049999237060547,19.100000381469727,155700,0.0,0.0
2016-12-20 00:00:00-05:00,19.299999237060547,19.850000381469727,19.200000762939453,19.549999237060547,100200,0.0,0.0
2016-12-21 00:00:00-05:00,19.5,19.600000381469727,19.299999237060547,19.399999618530273,71800,0.0,0.0
2016-12-22 00:00:00-05:00,19.399999618530273,19.5,19.350000381469727,19.399999618530273,109700,0.0,0.0
2016-12-23 00:00:00-05:00,19.350000381469727,19.700000762939453,19.350000381469727,19.700000762939453,57000,0.0,0.0
2016-12-27 00:00:00-05:00,19.649999618530273,20.0,19.600000381469727,19.899999618530273,118500,0.0,0.0
2016-12-28 00:00:00-05:00,19.850000381469727,19.899999618530273,19.25,19.399999618530273,121500,0.0,0.0
2016-12-29 00:00:00-05:00,19.399999618530273,19.649999618530273,19.149999618530273,19.350000381469727,90800,0.0,0.0
2016-12-30 00:00:00-05:00,19.350000381469727,19.399999618530273,19.049999237060547,19.149999618530273,104400,0.0,0.0
2017-01-03 00:00:00-05:00,19.149999618530273,19.149999618530273,18.799999237060547,19.0,137500,0.0,0.0
2017-01-04 00:00:00-05:00,19.100000381469727,19.299999237060547,18.950000762939453,19.149999618530273,209800,0.0,0.0
2017-01-05 00:00:00-05:00,19.0,19.5,19.0,19.200000762939453,143300,0.0,0.0
2017-01-06 00:00:00-05:00,19.25,19.299999237060547,18.950000762939453,19.149999618530273,105400,0.0,0.0
2017-01-09 00:00:00-05:00,19.200000762939453,19.25,18.899999618530273,19.0,99600,0.0,0.0
2017-01-10 00:00:00-05:00,18.950000762939453,19.450000762939453,18.950000762939453,19.350000381469727,132100,0.0,0.0
2017-01-11 00:00:00-05:00,19.350000381469727,19.549999237060547,18.950000762939453,19.299999237060547,86600,0.0,0.0
2017-01-12 00:00:00-05:00,19.049999237060547,19.149999618530273,18.549999237060547,18.799999237060547,106900,0.0,0.0
2017-01-13 00:00:00-05:00,18.850000381469727,19.25,18.75,19.149999618530273,91700,0.0,0.0
2017-01-17 00:00:00-05:00,19.049999237060547,19.049999237060547,18.600000381469727,18.649999618530273,95600,0.0,0.0
2017-01-18 00:00:00-05:00,18.799999237060547,18.799999237060547,18.549999237060547,18.649999618530273,54600,0.0,0.0
2017-01-19 00:00:00-05:00,18.700000762939453,18.700000762939453,18.299999237060547,18.5,91400,0.0,0.0
2017-01-20 00:00:00-05:00,18.549999237060547,19.0,18.450000762939453,18.899999618530273,141800,0.0,0.0
2017-01-23 00:00:00-05:00,18.899999618530273,19.100000381469727,18.549999237060547,18.649999618530273,115900,0.0,0.0
2017-01-24 00:00:00-05:00,18.700000762939453,18.899999618530273,18.450000762939453,18.799999237060547,82400,0.0,0.0
2017-01-25 00:00:00-05:00,18.899999618530273,19.049999237060547,18.649999618530273,18.850000381469727,72500,0.0,0.0
2017-01-26 00:00:00-05:00,18.799999237060547,18.799999237060547,18.200000762939453,18.25,74200,0.0,0.0
2017-01-27 00:00:00-05:00,18.25,18.700000762939453,18.100000381469727,18.549999237060547,72200,0.0,0.0
2017-01-30 00:00:00-05:00,18.450000762939453,18.600000381469727,18.100000381469727,18.299999237060547,107900,0.0,0.0
2017-01-31 00:00:00-05:00,18.200000762939453,19.100000381469727,18.200000762939453,19.0,144800,0.0,0.0
2017-02-01 00:00:00-05:00,19.149999618530273,19.149999618530273,18.700000762939453,19.100000381469727,75900,0.0,0.0
2017-02-02 00:00:00-05:00,19.0,19.0,18.399999618530273,18.5,91900,0.0,0.0
2017-02-03 00:00:00-05:00,18.700000762939453,19.0,18.399999618530273,18.950000762939453,72900,0.0,0.0
2017-02-06 00:00:00-05:00,18.899999618530273,18.989999771118164,18.5,18.799999237060547,58400,0.0,0.0
2017-02-07 00:00:00-05:00,18.799999237060547,18.899999618530273,18.450000762939453,18.549999237060547,85200,0.0,0.0
2017-02-08 00:00:00-05:00,18.450000762939453,18.549999237060547,18.25,18.350000381469727,67500,0.0,0.0
2017-02-09 00:00:00-05:00,18.399999618530273,18.799999237060547,18.399999618530273,18.600000381469727,49400,0.0,0.0
2017-02-10 00:00:00-05:00,18.75,18.75,18.450000762939453,18.600000381469727,60900,0.0,0.0
2017-02-13 00:00:00-05:00,18.649999618530273,18.899999618530273,18.5,18.649999618530273,65800,0.0,0.0
2017-02-14 00:00:00-05:00,18.549999237060547,19.200000762939453,18.549999237060547,19.100000381469727,91400,0.0,0.0
2017-02-15 00:00:00-05:00,19.100000381469727,19.600000381469727,19.040000915527344,19.549999237060547,105300,0.0,0.0
2017-02-16 00:00:00-05:00,19.100000381469727,19.100000381469727,15.199999809265137,16.100000381469727,1322700,0.0,0.0
2017-02-17 00:00:00-05:00,16.600000381469727,17.350000381469727,16.200000762939453,17.25,671200,0.0,0.0
2017-02-21 00:00:00-05:00,17.299999237060547,17.299999237060547,16.270000457763672,16.299999237060547,397900,0.0,0.0
2017-02-22 00:00:00-05:00,16.299999237060547,16.899999618530273,16.200000762939453,16.75,361200,0.0,0.0
2017-02-23 00:00:00-05:00,16.75,17.0,16.299999237060547,16.600000381469727,217000,0.0,0.0
2017-02-24 00:00:00-05:00,16.399999618530273,17.350000381469727,16.399999618530273,17.25,189300,0.0,0.0
2017-02-27 00:00:00-05:00,17.25,17.450000762939453,16.700000762939453,16.75,174200,0.0,0.0
2017-02-28 00:00:00-05:00,16.700000762939453,16.75,16.0,16.0,267300,0.0,0.0
2017-03-01 00:00:00-05:00,16.25,16.600000381469727,15.949999809265137,16.450000762939453,330600,0.0,0.0
2017-03-02 00:00:00-05:00,16.350000381469727,16.600000381469727,16.299999237060547,16.299999237060547,81600,0.0,0.0
2017-03-03 00:00:00-05:00,16.299999237060547,16.469999313354492,16.100000381469727,16.25,61600,0.0,0.0
2017-03-06 00:00:00-05:00,16.149999618530273,16.149999618530273,15.850000381469727,15.949999809265137,85700,0.0,0.0
2017-03-07 00:00:00-05:00,15.949999809265137,16.100000381469727,15.850000381469727,15.949999809265137,71800,0.0,0.0
2017-03-08 00:00:00-05:00,16.049999237060547,16.049999237060547,15.75,15.75,63300,0.0,0.0
2017-03-09 00:00:00-05:00,15.699999809265137,16.299999237060547,15.699999809265137,16.049999237060547,96700,0.0,0.0
2017-03-10 00:00:00-05:00,16.200000762939453,16.450000762939453,15.949999809265137,16.299999237060547,101700,0.0,0.0
2017-03-13 00:00:00-04:00,16.25,16.489999771118164,16.0,16.399999618530273,154900,0.0,0.0
2017-03-14 00:00:00-04:00,16.299999237060547,16.5,15.979999542236328,16.350000381469727,231100,0.0,0.0
2017-03-15 00:00:00-04:00,16.450000762939453,16.75,16.299999237060547,16.600000381469727,148600,0.0,0.0
2017-03-16 00:00:00-04:00,16.649999618530273,16.899999618530273,16.399999618530273,16.700000762939453,186500,0.0,0.0
2017-03-17 00:00:00-04:00,16.649999618530273,17.0,16.649999618530273,16.899999618530273,318000,0.0,0.0
2017-03-20 00:00:00-04:00,16.950000762939453,17.049999237060547,16.549999237060547,17.0,128800,0.0,0.0
2017-03-21 00:00:00-04:00,17.100000381469727,17.100000381469727,16.549999237060547,16.549999237060547,138500,0.0,0.0
2017-03-22 00:00:00-04:00,16.5,16.649999618530273,16.350000381469727,16.450000762939453,117800,0.0,0.0
2017-03-23 00:00:00-04:00,16.350000381469727,16.799999237060547,16.25,16.700000762939453,102600,0.0,0.0
2017-03-24 00:00:00-04:00,16.799999237060547,17.149999618530273,16.649999618530273,17.149999618530273,187800,0.0,0.0
2017-03-27 00:00:00-04:00,16.950000762939453,16.950000762939453,16.549999237060547,16.549999237060547,98700,0.0,0.0
2017-03-28 00:00:00-04:00,16.450000762939453,16.540000915527344,16.100000381469727,16.25,167200,0.0,0.0
2017-03-29 00:00:00-04:00,16.200000762939453,16.5,16.149999618530273,16.200000762939453,95800,0.0,0.0
2017-03-30 00:00:00-04:00,16.25,16.579999923706055,16.100000381469727,16.450000762939453,137800,0.0,0.0
2017-03-31 00:00:00-04:00,16.450000762939453,16.850000381469727,16.25,16.649999618530273,177600,0.0,0.0
2017-04-03 00:00:00-04:00,16.600000381469727,16.700000762939453,16.149999618530273,16.149999618530273,135400,0.0,0.0
2017-04-04 00:00:00-04:00,16.100000381469727,16.299999237060547,15.850000381469727,16.0,116100,0.0,0.0
2017-04-05 00:00:00-04:00,16.100000381469727,16.149999618530273,15.699999809265137,15.850000381469727,133200,0.0,0.0
2017-04-06 00:00:00-04:00,15.800000190734863,16.25,15.600000381469727,16.149999618530273,180300,0.0,0.0
2017-04-07 00:00:00-04:00,16.149999618530273,16.200000762939453,15.550000190734863,15.899999618530273,124800,0.0,0.0
2017-04-10 00:00:00-04:00,15.850000381469727,15.899999618530273,15.350000381469727,15.600000381469727,287000,0.0,0.0
2017-04-11 00:00:00-04:00,15.5,15.699999809265137,15.399999618530273,15.600000381469727,172200,0.0,0.0
2017-04-12 00:00:00-04:00,15.600000381469727,15.600000381469727,14.949999809265137,14.949999809265137,165800,0.0,0.0
2017-04-13 00:00:00-04:00,14.75,15.149999618530273,14.449999809265137,14.800000190734863,602600,0.0,0.0
2017-04-17 00:00:00-04:00,14.75,15.0,14.5,14.75,257900,0.0,0.0
2017-04-18 00:00:00-04:00,14.699999809265137,14.699999809265137,14.300000190734863,14.699999809265137,349900,0.0,0.0
2017-04-19 00:00:00-04:00,14.75,15.149999618530273,14.029999732971191,14.600000381469727,780300,0.0,0.0
2017-04-20 00:00:00-04:00,14.550000190734863,15.800000190734863,14.5,15.449999809265137,332100,0.0,0.0
2017-04-21 00:00:00-04:00,15.449999809265137,15.710000038146973,15.350000381469727,15.649999618530273,205100,0.0,0.0
2017-04-24 00:00:00-04:00,15.899999618530273,16.100000381469727,15.729999542236328,16.049999237060547,153200,0.0,0.0
2017-04-25 00:00:00-04:00,16.200000762939453,16.649999618530273,16.049999237060547,16.25,275900,0.0,0.0
2017-04-26 00:00:00-04:00,16.350000381469727,16.850000381469727,16.25,16.75,224800,0.0,0.0
2017-04-27 00:00:00-04:00,17.149999618530273,19.350000381469727,17.100000381469727,18.399999618530273,552200,0.0,0.0
2017-04-28 00:00:00-04:00,18.399999618530273,18.549999237060547,18.0,18.149999618530273,195400,0.0,0.0
2017-05-01 00:00:00-04:00,18.25,18.5,18.100000381469727,18.299999237060547,234200,0.0,0.0
2017-05-02 00:00:00-04:00,18.399999618530273,18.649999618530273,18.149999618530273,18.299999237060547,155100,0.0,0.0
2017-05-03 00:00:00-04:00,18.299999237060547,18.450000762939453,18.079999923706055,18.399999618530273,128800,0.0,0.0
2017-05-04 00:00:00-04:00,18.450000762939453,18.5,18.100000381469727,18.450000762939453,85900,0.0,0.0
2017-05-05 00:00:00-04:00,18.5,19.049999237060547,18.399999618530273,19.0,248800,0.0,0.0
2017-05-08 00:00:00-04:00,19.049999237060547,19.100000381469727,18.649999618530273,18.799999237060547,81800,0.0,0.0
2017-05-09 00:00:00-04:00,18.75,19.149999618530273,18.649999618530273,18.950000762939453,167700,0.0,0.0
2017-05-10 00:00:00-04:00,18.899999618530273,19.0,18.549999237060547,18.950000762939453,121700,0.0,0.0
2017-05-11 00:00:00-04:00,18.899999618530273,19.049999237060547,18.729999542236328,18.799999237060547,117000,0.0,0.0
2017-05-12 00:00:00-04:00,18.700000762939453,18.950000762939453,18.639999389648438,18.850000381469727,80500,0.0,0.0
2017-05-15 00:00:00-04:00,18.850000381469727,19.049999237060547,18.75,18.899999618530273,95300,0.0,0.0
2017-05-16 00:00:00-04:00,18.899999618530273,19.0,18.530000686645508,19.0,108000,0.0,0.0
2017-05-17 00:00:00-04:00,19.0,19.0,18.229999542236328,18.25,202900,0.0,0.0
2017-05-18 00:00:00-04:00,18.149999618530273,18.3700008392334,18.149999618530273,18.25,94600,0.0,0.0
2017-05-19 00:00:00-04:00,18.25,18.549999237060547,18.25,18.25,136800,0.0,0.0
2017-05-22 00:00:00-04:00,18.350000381469727,18.450000762939453,18.200000762939453,18.350000381469727,97400,0.0,0.0
2017-05-23 00:00:00-04:00,18.399999618530273,18.600000381469727,18.149999618530273,18.299999237060547,150600,0.0,0.0
2017-05-24 00:00:00-04:00,18.25,18.600000381469727,18.149999618530273,18.600000381469727,128900,0.0,0.0
2017-05-25 00:00:00-04:00,18.600000381469727,18.700000762939453,18.209999084472656,18.399999618530273,72600,0.0,0.0
2017-05-26 00:00:00-04:00,18.200000762939453,18.350000381469727,18.200000762939453,18.25,52300,0.0,0.0
2017-05-30 00:00:00-04:00,18.200000762939453,18.649999618530273,18.100000381469727,18.600000381469727,102100,0.0,0.0
2017-05-31 00:00:00-04:00,18.700000762939453,18.700000762939453,18.149999618530273,18.25,64600,0.0,0.0
2017-06-01 00:00:00-04:00,18.200000762939453,18.649999618530273,18.200000762939453,18.600000381469727,77700,0.0,0.0
2017-06-02 00:00:00-04:00,18.600000381469727,19.0,18.600000381469727,18.75,82900,0.0,0.0
2017-06-05 00:00:00-04:00,18.799999237060547,18.799999237060547,18.200000762939453,18.200000762939453,70700,0.0,0.0
2017-06-06 00:00:00-04:00,18.0,18.850000381469727,17.799999237060547,18.600000381469727,94400,0.0,0.0
2017-06-07 00:00:00-04:00,18.549999237060547,18.75,18.399999618530273,18.5,42200,0.0,0.0
2017-06-08 00:00:00-04:00,18.450000762939453,18.950000762939453,18.450000762939453,18.899999618530273,76700,0.0,0.0
2017-06-09 00:00:00-04:00,18.899999618530273,19.350000381469727,18.75,18.950000762939453,141100,0.0,0.0
2017-06-12 00:00:00-04:00,18.700000762939453,19.0,18.549999237060547,18.75,90700,0.0,0.0
2017-06-13 00:00:00-04:00,18.799999237060547,19.0,18.649999618530273,18.75,66900,0.0,0.0
2017-06-14 00:00:00-04:00,18.700000762939453,18.850000381469727,18.25,18.399999618530273,59500,0.0,0.0
2017-06-15 00:00:00-04:00,18.200000762939453,18.549999237060547,18.200000762939453,18.450000762939453,51700,0.0,0.0
2017-06-16 00:00:00-04:00,18.100000381469727,18.600000381469727,17.950000762939453,18.5,201500,0.0,0.0
2017-06-19 00:00:00-04:00,18.5,18.799999237060547,18.399999618530273,18.649999618530273,56100,0.0,0.0
2017-06-20 00:00:00-04:00,18.649999618530273,18.899999618530273,18.549999237060547,18.600000381469727,55300,0.0,0.0
2017-06-21 00:00:00-04:00,18.700000762939453,19.170000076293945,18.600000381469727,19.100000381469727,103200,0.0,0.0
2017-06-22 00:00:00-04:00,19.100000381469727,19.700000762939453,19.100000381469727,19.600000381469727,140300,0.0,0.0
2017-06-23 00:00:00-04:00,19.5,20.0,19.399999618530273,19.899999618530273,233300,0.0,0.0
2017-06-26 00:00:00-04:00,19.799999237060547,19.950000762939453,19.649999618530273,19.799999237060547,80100,0.0,0.0
2017-06-27 00:00:00-04:00,19.799999237060547,20.200000762939453,19.600000381469727,19.649999618530273,213300,0.0,0.0
2017-06-28 00:00:00-04:00,19.799999237060547,20.100000381469727,19.549999237060547,20.049999237060547,277100,0.0,0.0
2017-06-29 00:00:00-04:00,20.049999237060547,20.200000762939453,19.799999237060547,20.049999237060547,106500,0.0,0.0
2017-06-30 00:00:00-04:00,20.049999237060547,20.299999237060547,19.899999618530273,19.950000762939453,185400,0.0,0.0
2017-07-03 00:00:00-04:00,19.950000762939453,20.100000381469727,19.700000762939453,19.950000762939453,61300,0.0,0.0
2017-07-05 00:00:00-04:00,19.899999618530273,19.899999618530273,19.549999237060547,19.799999237060547,89700,0.0,0.0
2017-07-06 00:00:00-04:00,19.649999618530273,19.850000381469727,19.399999618530273,19.700000762939453,99200,0.0,0.0
2017-07-07 00:00:00-04:00,19.75,19.899999618530273,19.649999618530273,19.799999237060547,66300,0.0,0.0
2017-07-10 00:00:00-04:00,19.700000762939453,19.899999618530273,19.100000381469727,19.350000381469727,106700,0.0,0.0
2017-07-11 00:00:00-04:00,19.299999237060547,19.75,19.299999237060547,19.600000381469727,93500,0.0,0.0
2017-07-12 00:00:00-04:00,19.75,20.149999618530273,19.600000381469727,19.799999237060547,68000,0.0,0.0
2017-07-13 00:00:00-04:00,19.75,19.799999237060547,19.399999618530273,19.549999237060547,54300,0.0,0.0
2017-07-14 00:00:00-04:00,19.5,20.049999237060547,19.350000381469727,19.700000762939453,156900,0.0,0.0
2017-07-17 00:00:00-04:00,19.700000762939453,20.0,19.5,19.649999618530273,120600,0.0,0.0
2017-07-18 00:00:00-04:00,19.600000381469727,19.600000381469727,19.100000381469727,19.25,70800,0.0,0.0
2017-07-19 00:00:00-04:00,19.25,19.549999237060547,19.149999618530273,19.450000762939453,71400,0.0,0.0
2017-07-20 00:00:00-04:00,19.399999618530273,19.649999618530273,19.100000381469727,19.399999618530273,61500,0.0,0.0
2017-07-21 00:00:00-04:00,19.700000762939453,19.700000762939453,19.049999237060547,19.149999618530273,140700,0.0,0.0
2017-07-24 00:00:00-04:00,19.100000381469727,19.75,18.799999237060547,19.700000762939453,155600,0.0,0.0
2017-07-25 00:00:00-04:00,19.350000381469727,19.899999618530273,18.649999618530273,19.75,247000,0.0,0.0
2017-07-26 00:00:00-04:00,19.899999618530273,20.0,18.950000762939453,19.399999618530273,168600,0.0,0.0
2017-07-27 00:00:00-04:00,19.450000762939453,19.450000762939453,17.799999237060547,18.350000381469727,208000,0.0,0.0
2017-07-28 00:00:00-04:00,18.299999237060547,19.0,18.299999237060547,18.899999618530273,154600,0.0,0.0
2017-07-31 00:00:00-04:00,18.850000381469727,18.899999618530273,18.549999237060547,18.75,123800,0.0,0.0
2017-08-01 00:00:00-04:00,18.899999618530273,18.899999618530273,18.399999618530273,18.649999618530273,111000,0.0,0.0
2017-08-02 00:00:00-04:00,18.700000762939453,18.950000762939453,18.350000381469727,18.649999618530273,109600,0.0,0.0
2017-08-03 00:00:00-04:00,18.649999618530273,19.049999237060547,18.549999237060547,18.600000381469727,121300,0.0,0.0
2017-08-04 00:00:00-04:00,18.600000381469727,18.850000381469727,18.399999618530273,18.700000762939453,101700,0.0,0.0
2017-08-07 00:00:00-04:00,18.700000762939453,19.0,18.5,18.700000762939453,189400,0.0,0.0
2017-08-08 00:00:00-04:00,18.700000762939453,18.899999618530273,18.450000762939453,18.549999237060547,158300,0.0,0.0
2017-08-09 00:00:00-04:00,18.5,18.5,18.100000381469727,18.5,194600,0.0,0.0
2017-08-10 00:00:00-04:00,18.350000381469727,18.549999237060547,18.299999237060547,18.350000381469727,98500,0.0,0.0
2017-08-11 00:00:00-04:00,18.25,18.799999237060547,17.600000381469727,18.399999618530273,75300,0.0,0.0
2017-08-14 00:00:00-04:00,18.549999237060547,18.950000762939453,18.549999237060547,18.899999618530273,80700,0.0,0.0
2017-08-15 00:00:00-04:00,18.899999618530273,19.25,18.799999237060547,19.149999618530273,95200,0.0,0.0
2017-08-16 00:00:00-04:00,19.100000381469727,19.299999237060547,18.850000381469727,19.100000381469727,57600,0.0,0.0
2017-08-17 00:00:00-04:00,19.0,19.25,19.0,19.0,89200,0.0,0.0
2017-08-18 00:00:00-04:00,18.850000381469727,19.200000762939453,18.850000381469727,19.049999237060547,87800,0.0,0.0
2017-08-21 00:00:00-04:00,19.0,19.600000381469727,19.0,19.200000762939453,132000,0.0,0.0
2017-08-22 00:00:00-04:00,19.299999237060547,19.299999237060547,18.799999237060547,19.049999237060547,120000,0.0,0.0
2017-08-23 00:00:00-04:00,18.899999618530273,19.149999618530273,18.850000381469727,18.850000381469727,55700,0.0,0.0
2017-08-24 00:00:00-04:00,18.899999618530273,19.049999237060547,18.649999618530273,19.0,67400,0.0,0.0
2017-08-25 00:00:00-04:00,19.049999237060547,19.200000762939453,18.899999618530273,19.100000381469727,96600,0.0,0.0
2017-08-28 00:00:00-04:00,19.100000381469727,19.25,18.899999618530273,19.25,184200,0.0,0.0
2017-08-29 00:00:00-04:00,19.100000381469727,20.25,19.100000381469727,19.799999237060547,425900,0.0,0.0
2017-08-30 00:00:00-04:00,19.799999237060547,20.600000381469727,19.549999237060547,20.450000762939453,205800,0.0,0.0
2017-08-31 00:00:00-04:00,20.850000381469727,20.899999618530273,20.350000381469727,20.799999237060547,124800,0.0,0.0
2017-09-01 00:00:00-04:00,20.75,21.700000762939453,20.549999237060547,21.5,159300,0.0,0.0
2017-09-05 00:00:00-04:00,21.549999237060547,22.850000381469727,21.549999237060547,21.850000381469727,373300,0.0,0.0
2017-09-06 00:00:00-04:00,21.549999237060547,22.100000381469727,21.549999237060547,21.950000762939453,204700,0.0,0.0
2017-09-07 00:00:00-04:00,21.899999618530273,22.049999237060547,21.649999618530273,22.049999237060547,166500,0.0,0.0
2017-09-08 00:00:00-04:00,22.0,22.5,21.700000762939453,21.75,182300,0.0,0.0
2017-09-11 00:00:00-04:00,21.899999618530273,22.5,21.899999618530273,22.399999618530273,133100,0.0,0.0
2017-09-12 00:00:00-04:00,22.399999618530273,22.899999618530273,22.399999618530273,22.799999237060547,190500,0.0,0.0
2017-09-13 00:00:00-04:00,22.75,22.75,22.25,22.450000762939453,138000,0.0,0.0
2017-09-14 00:00:00-04:00,22.399999618530273,23.350000381469727,22.200000762939453,23.049999237060547,311000,0.0,0.0
2017-09-15 00:00:00-04:00,23.100000381469727,23.149999618530273,22.5,22.700000762939453,1002100,0.0,0.0
2017-09-18 00:00:00-04:00,22.700000762939453,22.950000762939453,22.110000610351562,22.5,228000,0.0,0.0
2017-09-19 00:00:00-04:00,22.5,22.549999237060547,22.0,22.100000381469727,109600,0.0,0.0
2017-09-20 00:00:00-04:00,22.0,22.149999618530273,21.5,21.850000381469727,118700,0.0,0.0
2017-09-21 00:00:00-04:00,21.75,21.850000381469727,21.549999237060547,21.600000381469727,111600,0.0,0.0
2017-09-22 00:00:00-04:00,21.600000381469727,21.899999618530273,21.5,21.850000381469727,89600,0.0,0.0
2017-09-25 00:00:00-04:00,21.850000381469727,21.950000762939453,21.5,21.649999618530273,107000,0.0,0.0
2017-09-26 00:00:00-04:00,21.649999618530273,21.799999237060547,21.450000762939453,21.5,99000,0.0,0.0
2017-09-27 00:00:00-04:00,21.5,22.350000381469727,21.5,22.299999237060547,233600,0.0,0.0
2017-09-28 00:00:00-04:00,22.299999237060547,22.649999618530273,22.0,22.5,104500,0.0,0.0
2017-09-29 00:00:00-04:00,22.450000762939453,23.299999237060547,22.450000762939453,22.700000762939453,300700,0.0,0.0
2017-10-02 00:00:00-04:00,22.799999237060547,23.25,22.5,23.25,162500,0.0,0.0
2017-10-03 00:00:00-04:00,23.25,23.450000762939453,22.700000762939453,23.299999237060547,162100,0.0,0.0
2017-10-04 00:00:00-04:00,23.399999618530273,23.700000762939453,23.200000762939453,23.5,172500,0.0,0.0
2017-10-05 00:00:00-04:00,23.5,23.899999618530273,23.360000610351562,23.850000381469727,147300,0.0,0.0
2017-10-06 00:00:00-04:00,23.700000762939453,24.0,23.399999618530273,23.649999618530273,136500,0.0,0.0
2017-10-09 00:00:00-04:00,23.600000381469727,23.75,23.25,23.350000381469727,63900,0.0,0.0
2017-10-10 00:00:00-04:00,23.399999618530273,23.5,23.25,23.299999237060547,90800,0.0,0.0
2017-10-11 00:00:00-04:00,21.5,21.5,19.200000762939453,20.0,920600,0.0,0.0
2017-10-12 00:00:00-04:00,20.100000381469727,21.649999618530273,20.100000381469727,21.299999237060547,401900,0.0,0.0
2017-10-13 00:00:00-04:00,21.25,21.450000762939453,20.200000762939453,20.299999237060547,252700,0.0,0.0
2017-10-16 00:00:00-04:00,20.299999237060547,20.799999237060547,20.149999618530273,20.299999237060547,186400,0.0,0.0
2017-10-17 00:00:00-04:00,20.299999237060547,20.600000381469727,20.25,20.399999618530273,105000,0.0,0.0
2017-10-18 00:00:00-04:00,20.5,20.850000381469727,20.399999618530273,20.75,108200,0.0,0.0
2017-10-19 00:00:00-04:00,20.700000762939453,20.799999237060547,20.399999618530273,20.600000381469727,115800,0.0,0.0
2017-10-20 00:00:00-04:00,20.799999237060547,20.899999618530273,20.399999618530273,20.399999618530273,130100,0.0,0.0
2017-10-23 00:00:00-04:00,20.549999237060547,20.549999237060547,20.25,20.25,137800,0.0,0.0
2017-10-24 00:00:00-04:00,20.299999237060547,20.399999618530273,19.950000762939453,20.200000762939453,288400,0.0,0.0
2017-10-25 00:00:00-04:00,20.100000381469727,20.200000762939453,19.93000030517578,20.0,164600,0.0,0.0
2017-10-26 00:00:00-04:00,20.049999237060547,20.25,19.899999618530273,20.0,88400,0.0,0.0
2017-10-27 00:00:00-04:00,20.0,20.079999923706055,19.850000381469727,20.0,122000,0.0,0.0
2017-10-30 00:00:00-04:00,19.850000381469727,20.270000457763672,19.799999237060547,20.100000381469727,215000,0.0,0.0
2017-10-31 00:00:00-04:00,19.549999237060547,19.899999618530273,18.760000228881836,19.450000762939453,538100,0.0,0.0
2017-11-01 00:00:00-04:00,19.399999618530273,19.600000381469727,18.899999618530273,19.0,195200,0.0,0.0
2017-11-02 00:00:00-04:00,18.950000762939453,19.450000762939453,18.899999618530273,19.100000381469727,126400,0.0,0.0
2017-11-03 00:00:00-04:00,19.100000381469727,19.350000381469727,18.850000381469727,19.049999237060547,110700,0.0,0.0
2017-11-06 00:00:00-05:00,19.200000762939453,19.350000381469727,18.950000762939453,19.200000762939453,143800,0.0,0.0
2017-11-07 00:00:00-05:00,19.149999618530273,19.149999618530273,18.549999237060547,18.899999618530273,134300,0.0,0.0
2017-11-08 00:00:00-05:00,18.799999237060547,19.149999618530273,18.549999237060547,19.0,177300,0.0,0.0
2017-11-09 00:00:00-05:00,18.950000762939453,18.950000762939453,18.25,18.850000381469727,177600,0.0,0.0
2017-11-10 00:00:00-05:00,18.700000762939453,18.799999237060547,18.5,18.649999618530273,114000,0.0,0.0
2017-11-13 00:00:00-05:00,18.5,19.100000381469727,18.299999237060547,19.049999237060547,103300,0.0,0.0
2017-11-14 00:00:00-05:00,18.950000762939453,19.520000457763672,18.75,19.350000381469727,168900,0.0,0.0
2017-11-15 00:00:00-05:00,19.200000762939453,19.25,18.950000762939453,19.0,98000,0.0,0.0
2017-11-16 00:00:00-05:00,19.200000762939453,19.700000762939453,19.149999618530273,19.350000381469727,155500,0.0,0.0
2017-11-17 00:00:00-05:00,19.25,19.350000381469727,19.149999618530273,19.200000762939453,70300,0.0,0.0
2017-11-20 00:00:00-05:00,19.299999237060547,19.549999237060547,19.0,19.5,78200,0.0,0.0
2017-11-21 00:00:00-05:00,19.700000762939453,20.0,19.600000381469727,19.899999618530273,142000,0.0,0.0
2017-11-22 00:00:00-05:00,19.950000762939453,20.049999237060547,19.5,19.549999237060547,65300,0.0,0.0
2017-11-24 00:00:00-05:00,19.649999618530273,19.75,19.350000381469727,19.700000762939453,40000,0.0,0.0
2017-11-27 00:00:00-05:00,19.649999618530273,19.75,19.350000381469727,19.350000381469727,76000,0.0,0.0
2017-11-28 00:00:00-05:00,19.5,20.049999237060547,19.350000381469727,19.950000762939453,83000,0.0,0.0
2017-11-29 00:00:00-05:00,20.0,20.450000762939453,19.8799991607666,20.350000381469727,126200,0.0,0.0
2017-11-30 00:00:00-05:00,20.5,20.5,20.100000381469727,20.350000381469727,143600,0.0,0.0
2017-12-01 00:00:00-05:00,20.350000381469727,20.350000381469727,19.100000381469727,19.799999237060547,162500,0.0,0.0
2017-12-04 00:00:00-05:00,20.100000381469727,20.149999618530273,19.149999618530273,19.149999618530273,76000,0.0,0.0
2017-12-05 00:00:00-05:00,19.200000762939453,19.450000762939453,18.75,18.850000381469727,141800,0.0,0.0
2017-12-06 00:00:00-05:00,18.899999618530273,19.049999237060547,18.450000762939453,18.899999618530273,145300,0.0,0.0
2017-12-07 00:00:00-05:00,18.950000762939453,19.149999618530273,18.799999237060547,19.049999237060547,103500,0.0,0.0
2017-12-08 00:00:00-05:00,19.100000381469727,19.25,18.950000762939453,18.950000762939453,37500,0.0,0.0
2017-12-11 00:00:00-05:00,18.950000762939453,19.25,18.75,19.149999618530273,86600,0.0,0.0
2017-12-12 00:00:00-05:00,19.149999618530273,19.200000762939453,18.889999389648438,19.049999237060547,74600,0.0,0.0
2017-12-13 00:00:00-05:00,19.0,19.450000762939453,19.0,19.299999237060547,82300,0.0,0.0
2017-12-14 00:00:00-05:00,19.299999237060547,19.399999618530273,19.149999618530273,19.200000762939453,97300,0.0,0.0
2017-12-15 00:00:00-05:00,19.25,20.100000381469727,19.100000381469727,19.950000762939453,562200,0.0,0.0
2017-12-18 00:00:00-05:00,20.100000381469727,20.299999237060547,19.850000381469727,20.0,59800,0.0,0.0
2017-12-19 00:00:00-05:00,20.079999923706055,20.270000457763672,19.829999923706055,19.950000762939453,130000,0.0,0.0
2017-12-20 00:00:00-05:00,19.899999618530273,20.100000381469727,19.6299991607666,19.700000762939453,50700,0.0,0.0
2017-12-21 00:00:00-05:00,19.549999237060547,19.899999618530273,19.0,19.25,209400,0.0,0.0
2017-12-22 00:00:00-05:00,19.200000762939453,19.600000381469727,19.200000762939453,19.399999618530273,85200,0.0,0.0
2017-12-26 00:00:00-05:00,19.350000381469727,19.450000762939453,19.200000762939453,19.350000381469727,73200,0.0,0.0
2017-12-27 00:00:00-05:00,19.299999237060547,19.5,19.100000381469727,19.149999618530273,77500,0.0,0.0
2017-12-28 00:00:00-05:00,19.200000762939453,19.43000030517578,19.149999618530273,19.350000381469727,82700,0.0,0.0
2017-12-29 00:00:00-05:00,19.450000762939453,19.549999237060547,19.100000381469727,19.149999618530273,176400,0.0,0.0
2018-01-02 00:00:00-05:00,19.299999237060547,19.649999618530273,18.75,19.100000381469727,211600,0.0,0.0
2018-01-03 00:00:00-05:00,19.100000381469727,19.299999237060547,18.950000762939453,19.100000381469727,132400,0.0,0.0
2018-01-04 00:00:00-05:00,19.200000762939453,19.329999923706055,18.950000762939453,19.25,64900,0.0,0.0
2018-01-05 00:00:00-05:00,19.299999237060547,19.450000762939453,19.25,19.450000762939453,58900,0.0,0.0
2018-01-08 00:00:00-05:00,19.350000381469727,19.5,19.219999313354492,19.350000381469727,40100,0.0,0.0
2018-01-09 00:00:00-05:00,19.299999237060547,19.5,19.100000381469727,19.25,70800,0.0,0.0
2018-01-10 00:00:00-05:00,19.149999618530273,19.149999618530273,18.75,18.799999237060547,120400,0.0,0.0
2018-01-11 00:00:00-05:00,18.850000381469727,19.100000381469727,18.649999618530273,18.850000381469727,122000,0.0,0.0
2018-01-12 00:00:00-05:00,18.799999237060547,19.100000381469727,18.549999237060547,18.649999618530273,122300,0.0,0.0
2018-01-16 00:00:00-05:00,18.75,19.100000381469727,18.100000381469727,18.200000762939453,120900,0.0,0.0
2018-01-17 00:00:00-05:00,18.350000381469727,18.5,18.149999618530273,18.25,170600,0.0,0.0
2018-01-18 00:00:00-05:00,18.149999618530273,18.350000381469727,18.079999923706055,18.200000762939453,101700,0.0,0.0
2018-01-19 00:00:00-05:00,18.100000381469727,18.399999618530273,18.049999237060547,18.350000381469727,101200,0.0,0.0
2018-01-22 00:00:00-05:00,18.399999618530273,18.600000381469727,18.200000762939453,18.450000762939453,87000,0.0,0.0
2018-01-23 00:00:00-05:00,18.399999618530273,18.850000381469727,18.399999618530273,18.799999237060547,65000,0.0,0.0
2018-01-24 00:00:00-05:00,18.850000381469727,19.299999237060547,18.700000762939453,19.0,83400,0.0,0.0
2018-01-25 00:00:00-05:00,19.100000381469727,19.25,18.93000030517578,19.25,74400,0.0,0.0
2018-01-26 00:00:00-05:00,19.25,19.600000381469727,18.950000762939453,19.5,89700,0.0,0.0
2018-01-29 00:00:00-05:00,19.450000762939453,19.5,19.100000381469727,19.149999618530273,68000,0.0,0.0
2018-01-30 00:00:00-05:00,18.899999618530273,19.25,18.889999389648438,19.0,70500,0.0,0.0
2018-01-31 00:00:00-05:00,19.049999237060547,19.149999618530273,18.829999923706055,18.850000381469727,60000,0.0,0.0
2018-02-01 00:00:00-05:00,18.799999237060547,18.899999618530273,18.5,18.649999618530273,61200,0.0,0.0
2018-02-02 00:00:00-05:00,18.450000762939453,18.600000381469727,18.200000762939453,18.25,71600,0.0,0.0
2018-02-05 00:00:00-05:00,18.049999237060547,18.5,17.600000381469727,17.649999618530273,93400,0.0,0.0
2018-02-06 00:00:00-05:00,17.25,18.049999237060547,17.100000381469727,17.600000381469727,126500,0.0,0.0
2018-02-07 00:00:00-05:00,17.549999237060547,17.950000762939453,17.299999237060547,17.75,80600,0.0,0.0
2018-02-08 00:00:00-05:00,17.75,17.75,16.799999237060547,16.850000381469727,74100,0.0,0.0
2018-02-09 00:00:00-05:00,17.0,17.549999237060547,17.0,17.5,97700,0.0,0.0
2018-02-12 00:00:00-05:00,17.450000762939453,17.670000076293945,16.950000762939453,17.299999237060547,69700,0.0,0.0
2018-02-13 00:00:00-05:00,17.200000762939453,17.299999237060547,16.899999618530273,17.100000381469727,56200,0.0,0.0
2018-02-14 00:00:00-05:00,16.850000381469727,17.5,16.850000381469727,17.450000762939453,77000,0.0,0.0
2018-02-15 00:00:00-05:00,17.450000762939453,17.950000762939453,17.450000762939453,17.899999618530273,45300,0.0,0.0
2018-02-16 00:00:00-05:00,17.850000381469727,18.450000762939453,17.799999237060547,18.25,86600,0.0,0.0
2018-02-20 00:00:00-05:00,18.200000762939453,18.200000762939453,17.700000762939453,17.899999618530273,64500,0.0,0.0
2018-02-21 00:00:00-05:00,18.0,18.75,18.0,18.450000762939453,95900,0.0,0.0
2018-02-22 00:00:00-05:00,18.5,18.950000762939453,18.5,18.649999618530273,57700,0.0,0.0
2018-02-23 00:00:00-05:00,18.75,18.799999237060547,18.5,18.799999237060547,56900,0.0,0.0
2018-02-26 00:00:00-05:00,18.799999237060547,19.149999618530273,18.700000762939453,19.049999237060547,47300,0.0,0.0
2018-02-27 00:00:00-05:00,19.0,19.149999618530273,18.899999618530273,19.0,153300,0.0,0.0
2018-02-28 00:00:00-05:00,19.049999237060547,19.200000762939453,18.950000762939453,18.950000762939453,121900,0.0,0.0
2018-03-01 00:00:00-05:00,18.899999618530273,19.200000762939453,18.649999618530273,18.799999237060547,225500,0.0,0.0
2018-03-02 00:00:00-05:00,18.600000381469727,18.899999618530273,18.600000381469727,18.75,73400,0.0,0.0
2018-03-05 00:00:00-05:00,18.649999618530273,19.299999237060547,18.649999618530273,19.149999618530273,49200,0.0,0.0
2018-03-06 00:00:00-05:00,19.149999618530273,19.75,19.100000381469727,19.600000381469727,105800,0.0,0.0
2018-03-07 00:00:00-05:00,19.549999237060547,20.049999237060547,19.450000762939453,19.899999618530273,183900,0.0,0.0
2018-03-08 00:00:00-05:00,19.399999618530273,22.100000381469727,19.399999618530273,22.100000381469727,391900,0.0,0.0
2018-03-09 00:00:00-05:00,22.350000381469727,22.700000762939453,21.549999237060547,21.700000762939453,265600,0.0,0.0
2018-03-12 00:00:00-04:00,21.649999618530273,22.0,21.450000762939453,21.549999237060547,163900,0.0,0.0
2018-03-13 00:00:00-04:00,21.600000381469727,21.600000381469727,20.700000762939453,20.799999237060547,101700,0.0,0.0
2018-03-14 00:00:00-04:00,20.799999237060547,21.049999237060547,20.549999237060547,20.700000762939453,126300,0.0,0.0
2018-03-15 00:00:00-04:00,20.799999237060547,20.899999618530273,20.649999618530273,20.850000381469727,87300,0.0,0.0
2018-03-16 00:00:00-04:00,20.850000381469727,21.450000762939453,20.799999237060547,21.450000762939453,365400,0.0,0.0
2018-03-19 00:00:00-04:00,21.299999237060547,21.299999237060547,20.450000762939453,20.850000381469727,125800,0.0,0.0
2018-03-20 00:00:00-04:00,20.850000381469727,20.950000762939453,20.549999237060547,20.649999618530273,100700,0.0,0.0
2018-03-21 00:00:00-04:00,20.549999237060547,20.75,20.450000762939453,20.5,72800,0.0,0.0
2018-03-22 00:00:00-04:00,20.299999237060547,20.450000762939453,19.899999618530273,20.049999237060547,107300,0.0,0.0
2018-03-23 00:00:00-04:00,20.049999237060547,20.049999237060547,19.600000381469727,19.649999618530273,145600,0.0,0.0
2018-03-26 00:00:00-04:00,19.899999618530273,20.049999237060547,19.450000762939453,19.899999618530273,81200,0.0,0.0
2018-03-27 00:00:00-04:00,19.899999618530273,19.899999618530273,19.649999618530273,19.75,108100,0.0,0.0
2018-03-28 00:00:00-04:00,19.75,19.950000762939453,19.549999237060547,19.799999237060547,102600,0.0,0.0
2018-03-29 00:00:00-04:00,19.899999618530273,20.25,19.8799991607666,20.049999237060547,133200,0.0,0.0
2018-04-02 00:00:00-04:00,20.0,20.0,19.049999237060547,19.399999618530273,166900,0.0,0.0
2018-04-03 00:00:00-04:00,19.5,19.75,19.450000762939453,19.600000381469727,104000,0.0,0.0
2018-04-04 00:00:00-04:00,19.299999237060547,20.0,19.25,19.950000762939453,72300,0.0,0.0
2018-04-05 00:00:00-04:00,20.049999237060547,20.25,19.950000762939453,20.049999237060547,64100,0.0,0.0
2018-04-06 00:00:00-04:00,19.899999618530273,20.149999618530273,19.549999237060547,19.75,81000,0.0,0.0
2018-04-09 00:00:00-04:00,19.850000381469727,20.549999237060547,19.649999618530273,20.350000381469727,169100,0.0,0.0
2018-04-10 00:00:00-04:00,20.649999618530273,21.350000381469727,20.450000762939453,21.200000762939453,137600,0.0,0.0
2018-04-11 00:00:00-04:00,21.049999237060547,21.399999618530273,21.049999237060547,21.149999618530273,61000,0.0,0.0
2018-04-12 00:00:00-04:00,21.25,21.5,21.200000762939453,21.399999618530273,53900,0.0,0.0
2018-04-13 00:00:00-04:00,21.5,21.799999237060547,21.389999389648438,21.549999237060547,82600,0.0,0.0
2018-04-16 00:00:00-04:00,21.75,22.350000381469727,21.700000762939453,22.25,110400,0.0,0.0
2018-04-17 00:00:00-04:00,22.399999618530273,23.649999618530273,22.149999618530273,23.350000381469727,191200,0.0,0.0
2018-04-18 00:00:00-04:00,23.350000381469727,24.0,23.149999618530273,23.75,131700,0.0,0.0
2018-04-19 00:00:00-04:00,23.700000762939453,23.799999237060547,23.329999923706055,23.399999618530273,82300,0.0,0.0
2018-04-20 00:00:00-04:00,23.299999237060547,23.549999237060547,23.200000762939453,23.299999237060547,62800,0.0,0.0
2018-04-23 00:00:00-04:00,23.399999618530273,23.649999618530273,23.200000762939453,23.350000381469727,61000,0.0,0.0
2018-04-24 00:00:00-04:00,23.399999618530273,23.450000762939453,22.75,23.149999618530273,86900,0.0,0.0
2018-04-25 00:00:00-04:00,23.100000381469727,23.399999618530273,22.899999618530273,23.049999237060547,109400,0.0,0.0
2018-04-26 00:00:00-04:00,23.100000381469727,23.149999618530273,22.899999618530273,23.100000381469727,63700,0.0,0.0
2018-04-27 00:00:00-04:00,23.100000381469727,23.100000381469727,22.649999618530273,22.799999237060547,80300,0.0,0.0
2018-04-30 00:00:00-04:00,22.899999618530273,22.899999618530273,22.450000762939453,22.450000762939453,125100,0.0,0.0
2018-05-01 00:00:00-04:00,22.450000762939453,22.799999237060547,22.299999237060547,22.700000762939453,216500,0.0,0.0
2018-05-02 00:00:00-04:00,22.75,23.399999618530273,22.549999237060547,23.100000381469727,151800,0.0,0.0
2018-05-03 00:00:00-04:00,21.899999618530273,24.450000762939453,21.350000381469727,24.100000381469727,241900,0.0,0.0
2018-05-04 00:00:00-04:00,24.049999237060547,24.549999237060547,23.75,24.450000762939453,118100,0.0,0.0
2018-05-07 00:00:00-04:00,24.450000762939453,25.649999618530273,24.0,25.5,211200,0.0,0.0
2018-05-08 00:00:00-04:00,25.350000381469727,26.25,25.329999923706055,25.850000381469727,233700,0.0,0.0
2018-05-09 00:00:00-04:00,26.0,26.079999923706055,25.25,25.299999237060547,198200,0.0,0.0
2018-05-10 00:00:00-04:00,25.299999237060547,25.5,24.950000762939453,25.450000762939453,134400,0.0,0.0
2018-05-11 00:00:00-04:00,25.399999618530273,25.600000381469727,25.100000381469727,25.200000762939453,74600,0.0,0.0
2018-05-14 00:00:00-04:00,25.200000762939453,25.25,24.450000762939453,24.850000381469727,87300,0.0,0.0
2018-05-15 00:00:00-04:00,24.75,25.649999618530273,24.700000762939453,25.600000381469727,142400,0.0,0.0
2018-05-16 00:00:00-04:00,26.0,27.100000381469727,25.850000381469727,25.950000762939453,276700,0.0,0.0
2018-05-17 00:00:00-04:00,25.850000381469727,26.100000381469727,25.350000381469727,25.399999618530273,107800,0.0,0.0
2018-05-18 00:00:00-04:00,25.549999237060547,26.799999237060547,25.450000762939453,26.75,427800,0.0,0.0
2018-05-21 00:00:00-04:00,26.850000381469727,27.25,26.350000381469727,26.700000762939453,85900,0.0,0.0
2018-05-22 00:00:00-04:00,26.700000762939453,26.75,26.299999237060547,26.450000762939453,65900,0.0,0.0
2018-05-23 00:00:00-04:00,26.350000381469727,26.899999618530273,26.350000381469727,26.75,86400,0.0,0.0
2018-05-24 00:00:00-04:00,26.700000762939453,27.149999618530273,26.600000381469727,26.950000762939453,52900,0.0,0.0
2018-05-25 00:00:00-04:00,27.0,27.450000762939453,26.75,26.899999618530273,78400,0.0,0.0
2018-05-29 00:00:00-04:00,26.700000762939453,26.899999618530273,26.299999237060547,26.75,121000,0.0,0.0
2018-05-30 00:00:00-04:00,26.899999618530273,27.5,26.899999618530273,27.5,83400,0.0,0.0
2018-05-31 00:00:00-04:00,27.450000762939453,27.75,27.049999237060547,27.549999237060547,135200,0.0,0.0
2018-06-01 00:00:00-04:00,27.799999237060547,28.450000762939453,27.549999237060547,27.899999618530273,198800,0.0,0.0
2018-06-04 00:00:00-04:00,28.0,28.25,27.399999618530273,27.549999237060547,181800,0.0,0.0
2018-06-05 00:00:00-04:00,27.700000762939453,27.700000762939453,27.200000762939453,27.399999618530273,127800,0.0,0.0
2018-06-06 00:00:00-04:00,27.5,27.950000762939453,27.049999237060547,27.350000381469727,246200,0.0,0.0
2018-06-07 00:00:00-04:00,27.549999237060547,27.549999237060547,26.899999618530273,27.049999237060547,112900,0.0,0.0
2018-06-08 00:00:00-04:00,27.049999237060547,27.75,26.799999237060547,27.5,141200,0.0,0.0
2018-06-11 00:00:00-04:00,27.549999237060547,27.649999618530273,27.200000762939453,27.5,102700,0.0,0.0
2018-06-12 00:00:00-04:00,27.649999618530273,28.18000030517578,27.649999618530273,28.0,124600,0.0,0.0
2018-06-13 00:00:00-04:00,27.950000762939453,28.350000381469727,27.700000762939453,28.149999618530273,156800,0.0,0.0
2018-06-14 00:00:00-04:00,28.25,29.299999237060547,28.18000030517578,29.049999237060547,157100,0.0,0.0
2018-06-15 00:00:00-04:00,29.049999237060547,29.399999618530273,28.75,29.350000381469727,364100,0.0,0.0
2018-06-18 00:00:00-04:00,29.350000381469727,29.549999237060547,29.049999237060547,29.350000381469727,93600,0.0,0.0
2018-06-19 00:00:00-04:00,29.149999618530273,29.350000381469727,28.75,29.0,108900,0.0,0.0
2018-06-20 00:00:00-04:00,29.299999237060547,29.350000381469727,28.549999237060547,28.600000381469727,136000,0.0,0.0
2018-06-21 00:00:00-04:00,28.600000381469727,28.600000381469727,27.350000381469727,27.75,168500,0.0,0.0
2018-06-22 00:00:00-04:00,27.850000381469727,28.299999237060547,27.5,28.149999618530273,463100,0.0,0.0
2018-06-25 00:00:00-04:00,28.049999237060547,28.25,27.600000381469727,28.100000381469727,101200,0.0,0.0
2018-06-26 00:00:00-04:00,28.149999618530273,28.649999618530273,28.079999923706055,28.399999618530273,87100,0.0,0.0
2018-06-27 00:00:00-04:00,28.399999618530273,28.540000915527344,27.700000762939453,27.850000381469727,121200,0.0,0.0
2018-06-28 00:00:00-04:00,27.700000762939453,27.899999618530273,27.299999237060547,27.600000381469727,99200,0.0,0.0
2018-06-29 00:00:00-04:00,27.700000762939453,28.049999237060547,27.600000381469727,27.850000381469727,134700,0.0,0.0
2018-07-02 00:00:00-04:00,27.549999237060547,28.600000381469727,27.5,28.600000381469727,155400,0.0,0.0
2018-07-03 00:00:00-04:00,28.700000762939453,28.950000762939453,28.350000381469727,28.899999618530273,50600,0.0,0.0
2018-07-05 00:00:00-04:00,29.0,29.799999237060547,28.5,29.700000762939453,154000,0.0,0.0
2018-07-06 00:00:00-04:00,29.75,30.25,29.600000381469727,30.149999618530273,133700,0.0,0.0
2018-07-09 00:00:00-04:00,30.399999618530273,30.450000762939453,29.399999618530273,29.75,162400,0.0,0.0
2018-07-10 00:00:00-04:00,29.799999237060547,29.799999237060547,29.100000381469727,29.350000381469727,95300,0.0,0.0
2018-07-11 00:00:00-04:00,29.149999618530273,29.549999237060547,29.0,29.299999237060547,79300,0.0,0.0
2018-07-12 00:00:00-04:00,29.5,29.850000381469727,29.200000762939453,29.75,109000,0.0,0.0
2018-07-13 00:00:00-04:00,29.799999237060547,29.899999618530273,29.5,29.649999618530273,45800,0.0,0.0
2018-07-16 00:00:00-04:00,29.649999618530273,29.649999618530273,29.149999618530273,29.299999237060547,103800,0.0,0.0
2018-07-17 00:00:00-04:00,29.299999237060547,29.6299991607666,29.200000762939453,29.350000381469727,126000,0.0,0.0
2018-07-18 00:00:00-04:00,29.299999237060547,29.5,29.049999237060547,29.399999618530273,71800,0.0,0.0
2018-07-19 00:00:00-04:00,29.299999237060547,29.850000381469727,29.149999618530273,29.75,69600,0.0,0.0
2018-07-20 00:00:00-04:00,29.75,30.25,29.6299991607666,29.950000762939453,95400,0.0,0.0
2018-07-23 00:00:00-04:00,29.799999237060547,30.850000381469727,29.799999237060547,30.700000762939453,136900,0.0,0.0
2018-07-24 00:00:00-04:00,30.850000381469727,30.899999618530273,30.25,30.25,99100,0.0,0.0
2018-07-25 00:00:00-04:00,30.200000762939453,31.0,30.200000762939453,30.850000381469727,82700,0.0,0.0
2018-07-26 00:00:00-04:00,30.850000381469727,31.350000381469727,30.450000762939453,31.0,108900,0.0,0.0
2018-07-27 00:00:00-04:00,31.100000381469727,31.100000381469727,29.549999237060547,29.649999618530273,84000,0.0,0.0
2018-07-30 00:00:00-04:00,29.549999237060547,29.549999237060547,28.899999618530273,28.950000762939453,67700,0.0,0.0
2018-07-31 00:00:00-04:00,29.100000381469727,29.850000381469727,28.649999618530273,29.799999237060547,103300,0.0,0.0
2018-08-01 00:00:00-04:00,29.799999237060547,29.899999618530273,29.450000762939453,29.850000381469727,61300,0.0,0.0
2018-08-02 00:00:00-04:00,29.75,30.149999618530273,29.549999237060547,30.0,58000,0.0,0.0
2018-08-03 00:00:00-04:00,29.75,30.200000762939453,29.350000381469727,29.850000381469727,103900,0.0,0.0
2018-08-06 00:00:00-04:00,29.75,30.350000381469727,29.5,29.600000381469727,99600,0.0,0.0
2018-08-07 00:00:00-04:00,31.0,33.45000076293945,30.5,32.650001525878906,395700,0.0,0.0
2018-08-08 00:00:00-04:00,33.04999923706055,33.150001525878906,31.649999618530273,32.0,205200,0.0,0.0
2018-08-09 00:00:00-04:00,32.25,33.25,32.25,33.150001525878906,216300,0.0,0.0
2018-08-10 00:00:00-04:00,32.849998474121094,34.150001525878906,32.75,32.849998474121094,262300,0.0,0.0
2018-08-13 00:00:00-04:00,32.79999923706055,32.91999816894531,31.950000762939453,32.099998474121094,203500,0.0,0.0
2018-08-14 00:00:00-04:00,32.25,33.099998474121094,31.799999237060547,32.099998474121094,239000,0.0,0.0
2018-08-15 00:00:00-04:00,31.799999237060547,32.150001525878906,31.549999237060547,32.04999923706055,133100,0.0,0.0
2018-08-16 00:00:00-04:00,32.099998474121094,32.25,31.600000381469727,32.04999923706055,151100,0.0,0.0
2018-08-17 00:00:00-04:00,32.0,32.25,31.649999618530273,32.25,171300,0.0,0.0
2018-08-20 00:00:00-04:00,32.5,32.650001525878906,31.700000762939453,32.04999923706055,154800,0.0,0.0
2018-08-21 00:00:00-04:00,32.04999923706055,32.79999923706055,31.850000381469727,32.70000076293945,177400,0.0,0.0
2018-08-22 00:00:00-04:00,32.70000076293945,34.349998474121094,32.70000076293945,34.20000076293945,265000,0.0,0.0
2018-08-23 00:00:00-04:00,34.20000076293945,35.04999923706055,34.099998474121094,34.5,277900,0.0,0.0
2018-08-24 00:00:00-04:00,34.54999923706055,34.650001525878906,33.58000183105469,34.04999923706055,145000,0.0,0.0
2018-08-27 00:00:00-04:00,34.20000076293945,34.900001525878906,34.150001525878906,34.25,160800,0.0,0.0
2018-08-28 00:00:00-04:00,34.25,34.349998474121094,33.29999923706055,33.79999923706055,115900,0.0,0.0
2018-08-29 00:00:00-04:00,33.900001525878906,34.400001525878906,33.900001525878906,34.20000076293945,123800,0.0,0.0
2018-08-30 00:00:00-04:00,34.20000076293945,34.54999923706055,33.95000076293945,34.20000076293945,91700,0.0,0.0
2018-08-31 00:00:00-04:00,34.150001525878906,34.79999923706055,33.95000076293945,34.70000076293945,112900,0.0,0.0
2018-09-04 00:00:00-04:00,34.599998474121094,35.0,34.349998474121094,34.599998474121094,100000,0.0,0.0
2018-09-05 00:00:00-04:00,34.650001525878906,34.650001525878906,33.54999923706055,34.599998474121094,118300,0.0,0.0
2018-09-06 00:00:00-04:00,34.5,34.75,34.04999923706055,34.54999923706055,116800,0.0,0.0
2018-09-07 00:00:00-04:00,34.400001525878906,35.0,34.150001525878906,34.400001525878906,101900,0.0,0.0
2018-09-10 00:00:00-04:00,34.25,34.349998474121094,33.849998474121094,34.0,92700,0.0,0.0
2018-09-11 00:00:00-04:00,33.95000076293945,34.849998474121094,33.95000076293945,34.650001525878906,84200,0.0,0.0
2018-09-12 00:00:00-04:00,34.54999923706055,34.79999923706055,34.150001525878906,34.29999923706055,79300,0.0,0.0
2018-09-13 00:00:00-04:00,34.54999923706055,35.0,34.25,34.349998474121094,94800,0.0,0.0
2018-09-14 00:00:00-04:00,34.349998474121094,34.900001525878906,34.099998474121094,34.79999923706055,107700,0.0,0.0
2018-09-17 00:00:00-04:00,34.54999923706055,34.650001525878906,33.5,33.70000076293945,163100,0.0,0.0
2018-09-18 00:00:00-04:00,33.70000076293945,34.650001525878906,33.599998474121094,34.5,123000,0.0,0.0
2018-09-19 00:00:00-04:00,34.400001525878906,34.5,33.599998474121094,33.70000076293945,144200,0.0,0.0
2018-09-20 00:00:00-04:00,33.95000076293945,34.400001525878906,33.599998474121094,34.0,92400,0.0,0.0
2018-09-21 00:00:00-04:00,33.95000076293945,34.650001525878906,33.95000076293945,34.599998474121094,480600,0.0,0.0
2018-09-24 00:00:00-04:00,34.599998474121094,35.5,34.58000183105469,35.349998474121094,123600,0.0,0.0
2018-09-25 00:00:00-04:00,35.349998474121094,36.04999923706055,35.099998474121094,35.75,129800,0.0,0.0
2018-09-26 00:00:00-04:00,35.75,35.75,34.95000076293945,35.099998474121094,99100,0.0,0.0
2018-09-27 00:00:00-04:00,35.25,35.349998474121094,34.75,35.20000076293945,79000,0.0,0.0
2018-09-28 00:00:00-04:00,35.20000076293945,35.75,35.04999923706055,35.20000076293945,178600,0.0,0.0
2018-10-01 00:00:00-04:00,35.439998626708984,35.439998626708984,33.9900016784668,34.029998779296875,137600,0.0,0.0
2018-10-02 00:00:00-04:00,33.95000076293945,34.2400016784668,33.18000030517578,33.36000061035156,168300,0.0,0.0
2018-10-03 00:00:00-04:00,33.459999084472656,33.58000183105469,32.720001220703125,33.25,169700,0.0,0.0
2018-10-04 00:00:00-04:00,33.16999816894531,33.16999816894531,31.940000534057617,32.08000183105469,145400,0.0,0.0
2018-10-05 00:00:00-04:00,31.8799991607666,32.529998779296875,31.100000381469727,31.850000381469727,367800,0.0,0.0
2018-10-08 00:00:00-04:00,31.65999984741211,31.959999084472656,30.09000015258789,30.479999542236328,190500,0.0,0.0
2018-10-09 00:00:00-04:00,30.219999313354492,31.049999237060547,30.139999389648438,30.40999984741211,164700,0.0,0.0
2018-10-10 00:00:00-04:00,30.3799991607666,30.3799991607666,29.399999618530273,29.469999313354492,199000,0.0,0.0
2018-10-11 00:00:00-04:00,29.0,30.049999237060547,28.809999465942383,29.579999923706055,251000,0.0,0.0
2018-10-12 00:00:00-04:00,29.959999084472656,31.139999389648438,29.690000534057617,30.1299991607666,146800,0.0,0.0
2018-10-15 00:00:00-04:00,30.030000686645508,30.780000686645508,29.399999618530273,30.56999969482422,152600,0.0,0.0
2018-10-16 00:00:00-04:00,32.0099983215332,33.650001525878906,31.969999313354492,33.54999923706055,275100,0.0,0.0
2018-10-17 00:00:00-04:00,33.2599983215332,33.400001525878906,32.88999938964844,33.099998474121094,181300,0.0,0.0
2018-10-18 00:00:00-04:00,33.0099983215332,33.5,32.7400016784668,32.9900016784668,152800,0.0,0.0
2018-10-19 00:00:00-04:00,33.0099983215332,33.279998779296875,31.969999313354492,31.989999771118164,220900,0.0,0.0
2018-10-22 00:00:00-04:00,32.060001373291016,32.40999984741211,31.329999923706055,31.6200008392334,129500,0.0,0.0
2018-10-23 00:00:00-04:00,31.18000030517578,33.130001068115234,31.0,33.060001373291016,234100,0.0,0.0
2018-10-24 00:00:00-04:00,33.0,33.779998779296875,32.18000030517578,32.20000076293945,155300,0.0,0.0
2018-10-25 00:00:00-04:00,32.41999816894531,33.040000915527344,31.389999389648438,31.75,186100,0.0,0.0
2018-10-26 00:00:00-04:00,31.31999969482422,31.579999923706055,30.25,31.389999389648438,179600,0.0,0.0
2018-10-29 00:00:00-04:00,31.700000762939453,32.279998779296875,31.049999237060547,31.34000015258789,184600,0.0,0.0
2018-10-30 00:00:00-04:00,31.239999771118164,32.06999969482422,31.059999465942383,31.34000015258789,190900,0.0,0.0
2018-10-31 00:00:00-04:00,31.75,32.18000030517578,30.770000457763672,30.979999542236328,281400,0.0,0.0
2018-11-01 00:00:00-04:00,31.6200008392334,31.850000381469727,29.700000762939453,29.860000610351562,426000,0.0,0.0
2018-11-02 00:00:00-04:00,30.1299991607666,31.729999542236328,30.09000015258789,31.540000915527344,223900,0.0,0.0
2018-11-05 00:00:00-05:00,31.510000228881836,31.770000457763672,30.540000915527344,31.0,175100,0.0,0.0
2018-11-06 00:00:00-05:00,30.90999984741211,31.549999237060547,30.5,31.479999542236328,79600,0.0,0.0
2018-11-07 00:00:00-05:00,31.709999084472656,31.899999618530273,31.34000015258789,31.700000762939453,117000,0.0,0.0
2018-11-08 00:00:00-05:00,31.670000076293945,32.279998779296875,31.06999969482422,32.16999816894531,78900,0.0,0.0
2018-11-09 00:00:00-05:00,31.8799991607666,32.040000915527344,30.709999084472656,31.030000686645508,84800,0.0,0.0
2018-11-12 00:00:00-05:00,31.079999923706055,31.079999923706055,29.510000228881836,29.579999923706055,116000,0.0,0.0
2018-11-13 00:00:00-05:00,29.790000915527344,29.829999923706055,28.610000610351562,28.700000762939453,121300,0.0,0.0
2018-11-14 00:00:00-05:00,28.920000076293945,29.309999465942383,28.09000015258789,28.540000915527344,99200,0.0,0.0
2018-11-15 00:00:00-05:00,28.34000015258789,29.079999923706055,28.299999237060547,29.040000915527344,102000,0.0,0.0
2018-11-16 00:00:00-05:00,28.979999542236328,30.030000686645508,28.979999542236328,29.739999771118164,198500,0.0,0.0
2018-11-19 00:00:00-05:00,29.670000076293945,29.969999313354492,27.93000030517578,28.170000076293945,150200,0.0,0.0
2018-11-20 00:00:00-05:00,27.829999923706055,29.40999984741211,27.68000030517578,28.81999969482422,170000,0.0,0.0
2018-11-21 00:00:00-05:00,28.989999771118164,29.350000381469727,28.520000457763672,29.229999542236328,74400,0.0,0.0
2018-11-23 00:00:00-05:00,29.0,29.90999984741211,28.950000762939453,29.600000381469727,47500,0.0,0.0
2018-11-26 00:00:00-05:00,29.739999771118164,30.260000228881836,29.450000762939453,29.790000915527344,129700,0.0,0.0
2018-11-27 00:00:00-05:00,29.600000381469727,29.950000762939453,29.309999465942383,29.34000015258789,69700,0.0,0.0
2018-11-28 00:00:00-05:00,29.43000030517578,30.6299991607666,29.31999969482422,30.489999771118164,136800,0.0,0.0
2018-11-29 00:00:00-05:00,30.200000762939453,30.489999771118164,29.790000915527344,30.049999237060547,159100,0.0,0.0
2018-11-30 00:00:00-05:00,30.110000610351562,30.510000228881836,29.950000762939453,30.31999969482422,125700,0.0,0.0
2018-12-03 00:00:00-05:00,30.760000228881836,30.760000228881836,29.700000762939453,30.3700008392334,131700,0.0,0.0
2018-12-04 00:00:00-05:00,30.350000381469727,30.350000381469727,29.06999969482422,29.18000030517578,186700,0.0,0.0
2018-12-06 00:00:00-05:00,28.84000015258789,30.25,28.579999923706055,30.18000030517578,168300,0.0,0.0
2018-12-07 00:00:00-05:00,30.31999969482422,30.31999969482422,28.540000915527344,28.579999923706055,133100,0.0,0.0
2018-12-10 00:00:00-05:00,28.510000228881836,29.1299991607666,28.059999465942383,28.06999969482422,259500,0.0,0.0
2018-12-11 00:00:00-05:00,28.139999389648438,29.030000686645508,28.139999389648438,28.799999237060547,146200,0.0,0.0
2018-12-12 00:00:00-05:00,29.260000228881836,30.049999237060547,29.06999969482422,29.450000762939453,104400,0.0,0.0
2018-12-13 00:00:00-05:00,29.670000076293945,29.719999313354492,28.84000015258789,29.06999969482422,94700,0.0,0.0
2018-12-14 00:00:00-05:00,28.84000015258789,29.1200008392334,28.360000610351562,28.579999923706055,95000,0.0,0.0
2018-12-17 00:00:00-05:00,28.579999923706055,28.84000015258789,27.610000610351562,27.770000457763672,146300,0.0,0.0
2018-12-18 00:00:00-05:00,28.149999618530273,28.399999618530273,27.600000381469727,27.709999084472656,123000,0.0,0.0
2018-12-19 00:00:00-05:00,27.700000762939453,28.06999969482422,26.920000076293945,27.15999984741211,93100,0.0,0.0
2018-12-20 00:00:00-05:00,27.139999389648438,27.389999389648438,26.290000915527344,26.420000076293945,154600,0.0,0.0
2018-12-21 00:00:00-05:00,26.450000762939453,26.65999984741211,25.6200008392334,26.079999923706055,868800,0.0,0.0
2018-12-24 00:00:00-05:00,25.729999542236328,26.25,25.579999923706055,25.760000228881836,63400,0.0,0.0
2018-12-26 00:00:00-05:00,25.739999771118164,27.489999771118164,25.649999618530273,27.40999984741211,147600,0.0,0.0
2018-12-27 00:00:00-05:00,26.860000610351562,27.59000015258789,26.450000762939453,27.559999465942383,173500,0.0,0.0
2018-12-28 00:00:00-05:00,27.59000015258789,28.329999923706055,27.219999313354492,28.059999465942383,132600,0.0,0.0
2018-12-31 00:00:00-05:00,28.350000381469727,28.68000030517578,27.8700008392334,28.3799991607666,138500,0.0,0.0
2019-01-02 00:00:00-05:00,27.899999618530273,28.040000915527344,27.18000030517578,27.3700008392334,111400,0.0,0.0
2019-01-03 00:00:00-05:00,27.229999542236328,27.229999542236328,25.850000381469727,25.899999618530273,138000,0.0,0.0
2019-01-04 00:00:00-05:00,26.360000610351562,27.260000228881836,26.290000915527344,27.06999969482422,116600,0.0,0.0
2019-01-07 00:00:00-05:00,26.709999084472656,27.399999618530273,26.709999084472656,27.030000686645508,118300,0.0,0.0
2019-01-08 00:00:00-05:00,27.170000076293945,27.309999465942383,26.65999984741211,27.270000457763672,199400,0.0,0.0
2019-01-09 00:00:00-05:00,27.3700008392334,28.0,27.3700008392334,27.559999465942383,96700,0.0,0.0
2019-01-10 00:00:00-05:00,27.31999969482422,27.790000915527344,27.209999084472656,27.719999313354492,59800,0.0,0.0
2019-01-11 00:00:00-05:00,27.469999313354492,27.6299991607666,27.100000381469727,27.239999771118164,74700,0.0,0.0
2019-01-14 00:00:00-05:00,26.959999084472656,27.09000015258789,26.40999984741211,26.860000610351562,94700,0.0,0.0
2019-01-15 00:00:00-05:00,27.020000457763672,27.68000030517578,26.920000076293945,27.670000076293945,70700,0.0,0.0
2019-01-16 00:00:00-05:00,27.700000762939453,28.719999313354492,27.700000762939453,28.5,103900,0.0,0.0
2019-01-17 00:00:00-05:00,28.350000381469727,28.940000534057617,28.350000381469727,28.809999465942383,114100,0.0,0.0
2019-01-18 00:00:00-05:00,28.950000762939453,28.950000762939453,28.209999084472656,28.440000534057617,98700,0.0,0.0
2019-01-22 00:00:00-05:00,28.079999923706055,28.739999771118164,27.8799991607666,28.280000686645508,114100,0.0,0.0
2019-01-23 00:00:00-05:00,28.459999084472656,28.559999465942383,27.829999923706055,28.1200008392334,48900,0.0,0.0
2019-01-24 00:00:00-05:00,28.100000381469727,28.360000610351562,27.760000228881836,28.309999465942383,46700,0.0,0.0
2019-01-25 00:00:00-05:00,28.469999313354492,28.84000015258789,27.850000381469727,27.969999313354492,89000,0.0,0.0
2019-01-28 00:00:00-05:00,27.719999313354492,27.8799991607666,26.850000381469727,26.989999771118164,133900,0.0,0.0
2019-01-29 00:00:00-05:00,27.040000915527344,27.479999542236328,26.239999771118164,26.639999389648438,140300,0.0,0.0
2019-01-30 00:00:00-05:00,26.8700008392334,27.450000762939453,26.770000457763672,27.209999084472656,121300,0.0,0.0
2019-01-31 00:00:00-05:00,27.209999084472656,28.25,26.989999771118164,27.90999984741211,157100,0.0,0.0
2019-02-01 00:00:00-05:00,27.90999984741211,27.90999984741211,27.530000686645508,27.860000610351562,199200,0.0,0.0
2019-02-04 00:00:00-05:00,27.700000762939453,28.8799991607666,27.579999923706055,28.81999969482422,118600,0.0,0.0
2019-02-05 00:00:00-05:00,28.920000076293945,29.440000534057617,28.479999542236328,28.600000381469727,94600,0.0,0.0
2019-02-06 00:00:00-05:00,28.540000915527344,28.940000534057617,28.5,28.770000457763672,71000,0.0,0.0
2019-02-07 00:00:00-05:00,28.520000457763672,29.049999237060547,28.459999084472656,28.639999389648438,56200,0.0,0.0
2019-02-08 00:00:00-05:00,28.440000534057617,29.56999969482422,28.40999984741211,29.18000030517578,108900,0.0,0.0
2019-02-11 00:00:00-05:00,29.280000686645508,30.350000381469727,29.1200008392334,30.190000534057617,155200,0.0,0.0
2019-02-12 00:00:00-05:00,30.200000762939453,30.510000228881836,29.809999465942383,30.469999313354492,131700,0.0,0.0
2019-02-13 00:00:00-05:00,30.75,30.860000610351562,29.719999313354492,30.239999771118164,298000,0.0,0.0
2019-02-14 00:00:00-05:00,26.700000762939453,28.170000076293945,23.989999771118164,25.850000381469727,848500,0.0,0.0
2019-02-15 00:00:00-05:00,25.690000534057617,27.190000534057617,24.850000381469727,27.030000686645508,696600,0.0,0.0
2019-02-19 00:00:00-05:00,27.420000076293945,28.93000030517578,27.420000076293945,28.84000015258789,316200,0.0,0.0
2019-02-20 00:00:00-05:00,28.81999969482422,29.780000686645508,28.56999969482422,29.709999084472656,283400,0.0,0.0
2019-02-21 00:00:00-05:00,29.6200008392334,29.899999618530273,29.010000228881836,29.200000762939453,254900,0.0,0.0
2019-02-22 00:00:00-05:00,29.420000076293945,29.5,28.90999984741211,29.3799991607666,130400,0.0,0.0
2019-02-25 00:00:00-05:00,29.639999389648438,29.649999618530273,28.979999542236328,29.5,142900,0.0,0.0
2019-02-26 00:00:00-05:00,29.40999984741211,29.700000762939453,28.75,29.020000457763672,164700,0.0,0.0
2019-02-27 00:00:00-05:00,28.969999313354492,29.770000457763672,28.799999237060547,29.649999618530273,144500,0.0,0.0
2019-02-28 00:00:00-05:00,29.420000076293945,29.729999542236328,29.299999237060547,29.579999923706055,227600,0.0,0.0
2019-03-01 00:00:00-05:00,29.600000381469727,29.780000686645508,29.219999313354492,29.700000762939453,316500,0.0,0.0
2019-03-04 00:00:00-05:00,29.829999923706055,29.829999923706055,29.200000762939453,29.6299991607666,179500,0.0,0.0
2019-03-05 00:00:00-05:00,29.610000610351562,29.950000762939453,29.3799991607666,29.6200008392334,124500,0.0,0.0
2019-03-06 00:00:00-05:00,29.600000381469727,29.600000381469727,28.440000534057617,28.790000915527344,222300,0.0,0.0
2019-03-07 00:00:00-05:00,28.780000686645508,29.030000686645508,28.530000686645508,28.860000610351562,106200,0.0,0.0
2019-03-08 00:00:00-05:00,28.719999313354492,29.3700008392334,28.010000228881836,29.209999084472656,186800,0.0,0.0
2019-03-11 00:00:00-04:00,29.299999237060547,30.0,29.299999237060547,29.440000534057617,182400,0.0,0.0
2019-03-12 00:00:00-04:00,29.530000686645508,29.530000686645508,28.81999969482422,29.280000686645508,141300,0.0,0.0
2019-03-13 00:00:00-04:00,29.3700008392334,29.75,29.18000030517578,29.34000015258789,130800,0.0,0.0
2019-03-14 00:00:00-04:00,29.309999465942383,29.43000030517578,28.6200008392334,28.920000076293945,187500,0.0,0.0
2019-03-15 00:00:00-04:00,29.0,30.270000457763672,28.809999465942383,30.260000228881836,451600,0.0,0.0
2019-03-18 00:00:00-04:00,30.149999618530273,30.170000076293945,28.780000686645508,29.610000610351562,529000,0.0,0.0
2019-03-19 00:00:00-04:00,29.790000915527344,29.90999984741211,29.170000076293945,29.350000381469727,270500,0.0,0.0
2019-03-20 00:00:00-04:00,29.299999237060547,29.950000762939453,28.549999237060547,28.780000686645508,248500,0.0,0.0
2019-03-21 00:00:00-04:00,28.600000381469727,29.670000076293945,28.600000381469727,29.59000015258789,273200,0.0,0.0
2019-03-22 00:00:00-04:00,29.299999237060547,29.549999237060547,28.09000015258789,28.110000610351562,175100,0.0,0.0
2019-03-25 00:00:00-04:00,28.049999237060547,28.649999618530273,27.8799991607666,28.190000534057617,112900,0.0,0.0
2019-03-26 00:00:00-04:00,28.459999084472656,28.969999313354492,28.260000228881836,28.649999618530273,202200,0.0,0.0
2019-03-27 00:00:00-04:00,28.530000686645508,28.559999465942383,27.270000457763672,28.079999923706055,120000,0.0,0.0
2019-03-28 00:00:00-04:00,28.209999084472656,28.360000610351562,27.799999237060547,28.34000015258789,104400,0.0,0.0
2019-03-29 00:00:00-04:00,28.579999923706055,29.209999084472656,28.270000457763672,29.170000076293945,205700,0.0,0.0
2019-04-01 00:00:00-04:00,29.489999771118164,29.6200008392334,28.479999542236328,28.790000915527344,250300,0.0,0.0
2019-04-02 00:00:00-04:00,28.760000228881836,29.530000686645508,28.440000534057617,29.420000076293945,168400,0.0,0.0
2019-04-03 00:00:00-04:00,29.5,29.889999389648438,29.280000686645508,29.760000228881836,147900,0.0,0.0
2019-04-04 00:00:00-04:00,29.8799991607666,30.0,29.549999237060547,29.739999771118164,99900,0.0,0.0
2019-04-05 00:00:00-04:00,29.809999465942383,30.329999923706055,29.520000457763672,29.739999771118164,191400,0.0,0.0
2019-04-08 00:00:00-04:00,29.6299991607666,29.8799991607666,29.229999542236328,29.309999465942383,208000,0.0,0.0
2019-04-09 00:00:00-04:00,29.170000076293945,30.239999771118164,29.079999923706055,29.899999618530273,505700,0.0,0.0
2019-04-10 00:00:00-04:00,30.0,31.610000610351562,30.0,30.479999542236328,705900,0.0,0.0
2019-04-11 00:00:00-04:00,30.760000228881836,30.760000228881836,29.450000762939453,29.540000915527344,449200,0.0,0.0
2019-04-12 00:00:00-04:00,29.75,30.09000015258789,29.600000381469727,29.969999313354492,176700,0.0,0.0
2019-04-15 00:00:00-04:00,30.059999465942383,30.270000457763672,29.950000762939453,29.969999313354492,125000,0.0,0.0
2019-04-16 00:00:00-04:00,30.200000762939453,30.459999084472656,28.940000534057617,29.079999923706055,133300,0.0,0.0
2019-04-17 00:00:00-04:00,29.190000534057617,29.25,27.280000686645508,27.770000457763672,302300,0.0,0.0
2019-04-18 00:00:00-04:00,27.780000686645508,27.979999542236328,26.780000686645508,27.549999237060547,225400,0.0,0.0
2019-04-22 00:00:00-04:00,27.329999923706055,28.3799991607666,27.329999923706055,27.950000762939453,141000,0.0,0.0
2019-04-23 00:00:00-04:00,27.969999313354492,28.799999237060547,27.81999969482422,28.399999618530273,114400,0.0,0.0
2019-04-24 00:00:00-04:00,28.389999389648438,29.059999465942383,28.200000762939453,28.940000534057617,158400,0.0,0.0
2019-04-25 00:00:00-04:00,28.709999084472656,29.479999542236328,28.579999923706055,29.270000457763672,97400,0.0,0.0
2019-04-26 00:00:00-04:00,29.489999771118164,29.940000534057617,29.270000457763672,29.860000610351562,118300,0.0,0.0
2019-04-29 00:00:00-04:00,29.829999923706055,30.280000686645508,29.440000534057617,30.200000762939453,192500,0.0,0.0
2019-04-30 00:00:00-04:00,30.15999984741211,30.809999465942383,29.790000915527344,30.65999984741211,244500,0.0,0.0
2019-05-01 00:00:00-04:00,31.0,32.38999938964844,30.709999084472656,30.84000015258789,604500,0.0,0.0
2019-05-02 00:00:00-04:00,30.760000228881836,31.809999465942383,30.690000534057617,31.5,231600,0.0,0.0
2019-05-03 00:00:00-04:00,31.5,31.799999237060547,31.020000457763672,31.420000076293945,266100,0.0,0.0
2019-05-06 00:00:00-04:00,30.8700008392334,32.58000183105469,30.8700008392334,32.38999938964844,221600,0.0,0.0
2019-05-07 00:00:00-04:00,32.31999969482422,32.38999938964844,31.610000610351562,32.040000915527344,174500,0.0,0.0
2019-05-08 00:00:00-04:00,32.0,32.59000015258789,31.81999969482422,31.8700008392334,233300,0.0,0.0
2019-05-09 00:00:00-04:00,31.770000457763672,31.770000457763672,31.1299991607666,31.469999313354492,235600,0.0,0.0
2019-05-10 00:00:00-04:00,31.420000076293945,31.600000381469727,30.579999923706055,31.049999237060547,324800,0.0,0.0
2019-05-13 00:00:00-04:00,30.34000015258789,30.6299991607666,29.760000228881836,29.8799991607666,268500,0.0,0.0
2019-05-14 00:00:00-04:00,29.790000915527344,30.290000915527344,29.790000915527344,29.920000076293945,162900,0.0,0.0
2019-05-15 00:00:00-04:00,29.6299991607666,30.139999389648438,29.43000030517578,30.020000457763672,114300,0.0,0.0
2019-05-16 00:00:00-04:00,30.049999237060547,30.420000076293945,29.920000076293945,30.030000686645508,270800,0.0,0.0
2019-05-17 00:00:00-04:00,29.790000915527344,30.06999969482422,29.200000762939453,29.290000915527344,133400,0.0,0.0
2019-05-20 00:00:00-04:00,29.0,29.6200008392334,28.600000381469727,29.31999969482422,122700,0.0,0.0
2019-05-21 00:00:00-04:00,29.5,29.899999618530273,29.110000610351562,29.170000076293945,157300,0.0,0.0
2019-05-22 00:00:00-04:00,28.950000762939453,29.1200008392334,28.75,28.940000534057617,87100,0.0,0.0
2019-05-23 00:00:00-04:00,28.75,28.889999389648438,27.81999969482422,27.979999542236328,194400,0.0,0.0
2019-05-24 00:00:00-04:00,28.1200008392334,28.56999969482422,28.059999465942383,28.329999923706055,100500,0.0,0.0
2019-05-28 00:00:00-04:00,28.3799991607666,28.790000915527344,28.260000228881836,28.459999084472656,149100,0.0,0.0
2019-05-29 00:00:00-04:00,28.06999969482422,28.360000610351562,27.780000686645508,28.1200008392334,183800,0.0,0.0
2019-05-30 00:00:00-04:00,28.170000076293945,28.610000610351562,28.170000076293945,28.540000915527344,102100,0.0,0.0
2019-05-31 00:00:00-04:00,28.15999984741211,28.760000228881836,28.06999969482422,28.75,294000,0.0,0.0
2019-06-03 00:00:00-04:00,28.860000610351562,29.450000762939453,28.549999237060547,28.75,313200,0.0,0.0
2019-06-04 00:00:00-04:00,29.079999923706055,29.709999084472656,28.979999542236328,29.5,253800,0.0,0.0
2019-06-05 00:00:00-04:00,29.68000030517578,29.8799991607666,29.020000457763672,29.170000076293945,143900,0.0,0.0
2019-06-06 00:00:00-04:00,29.15999984741211,29.190000534057617,28.760000228881836,29.049999237060547,73300,0.0,0.0
2019-06-07 00:00:00-04:00,29.290000915527344,29.719999313354492,29.200000762939453,29.549999237060547,160100,0.0,0.0
2019-06-10 00:00:00-04:00,29.59000015258789,29.8700008392334,29.229999542236328,29.5,220400,0.0,0.0
2019-06-11 00:00:00-04:00,29.68000030517578,29.8700008392334,28.889999389648438,29.200000762939453,165600,0.0,0.0
2019-06-12 00:00:00-04:00,29.139999389648438,29.440000534057617,28.979999542236328,29.280000686645508,138000,0.0,0.0
2019-06-13 00:00:00-04:00,29.43000030517578,29.540000915527344,29.18000030517578,29.299999237060547,166400,0.0,0.0
2019-06-14 00:00:00-04:00,29.309999465942383,29.790000915527344,29.059999465942383,29.1200008392334,308300,0.0,0.0
2019-06-17 00:00:00-04:00,29.229999542236328,29.469999313354492,28.700000762939453,29.280000686645508,248400,0.0,0.0
2019-06-18 00:00:00-04:00,29.469999313354492,30.450000762939453,29.229999542236328,30.40999984741211,246400,0.0,0.0
2019-06-19 00:00:00-04:00,30.40999984741211,31.219999313354492,30.0,31.049999237060547,168100,0.0,0.0
2019-06-20 00:00:00-04:00,31.260000228881836,31.309999465942383,30.350000381469727,30.75,202100,0.0,0.0
2019-06-21 00:00:00-04:00,30.520000457763672,30.809999465942383,30.100000381469727,30.270000457763672,300400,0.0,0.0
2019-06-24 00:00:00-04:00,30.229999542236328,30.559999465942383,29.850000381469727,29.8799991607666,106200,0.0,0.0
2019-06-25 00:00:00-04:00,30.06999969482422,30.190000534057617,29.600000381469727,29.670000076293945,100900,0.0,0.0
2019-06-26 00:00:00-04:00,29.760000228881836,29.780000686645508,28.969999313354492,29.639999389648438,155200,0.0,0.0
2019-06-27 00:00:00-04:00,29.719999313354492,29.920000076293945,29.43000030517578,29.920000076293945,90000,0.0,0.0
2019-06-28 00:00:00-04:00,29.969999313354492,30.06999969482422,29.709999084472656,29.93000030517578,830700,0.0,0.0
2019-07-01 00:00:00-04:00,30.260000228881836,30.780000686645508,29.899999618530273,30.520000457763672,169500,0.0,0.0
2019-07-02 00:00:00-04:00,30.440000534057617,30.510000228881836,29.959999084472656,30.239999771118164,84200,0.0,0.0
2019-07-03 00:00:00-04:00,30.3700008392334,30.479999542236328,30.079999923706055,30.31999969482422,53700,0.0,0.0
2019-07-05 00:00:00-04:00,30.139999389648438,30.530000686645508,29.969999313354492,30.479999542236328,57100,0.0,0.0
2019-07-08 00:00:00-04:00,30.420000076293945,30.420000076293945,30.0,30.209999084472656,87500,0.0,0.0
2019-07-09 00:00:00-04:00,30.010000228881836,30.3799991607666,30.0,30.3799991607666,88500,0.0,0.0
2019-07-10 00:00:00-04:00,30.5,30.709999084472656,30.270000457763672,30.329999923706055,86300,0.0,0.0
2019-07-11 00:00:00-04:00,30.43000030517578,30.43000030517578,29.850000381469727,30.309999465942383,105900,0.0,0.0
2019-07-12 00:00:00-04:00,30.3700008392334,30.3700008392334,29.770000457763672,29.780000686645508,110700,0.0,0.0
2019-07-15 00:00:00-04:00,29.8700008392334,30.1299991607666,29.600000381469727,29.889999389648438,268600,0.0,0.0
2019-07-16 00:00:00-04:00,29.90999984741211,29.90999984741211,29.239999771118164,29.270000457763672,175000,0.0,0.0
2019-07-17 00:00:00-04:00,29.270000457763672,30.260000228881836,29.190000534057617,30.059999465942383,137900,0.0,0.0
2019-07-18 00:00:00-04:00,30.0,30.610000610351562,29.829999923706055,30.40999984741211,123200,0.0,0.0
2019-07-19 00:00:00-04:00,30.31999969482422,30.56999969482422,30.049999237060547,30.06999969482422,117100,0.0,0.0
2019-07-22 00:00:00-04:00,30.049999237060547,30.459999084472656,30.049999237060547,30.139999389648438,75400,0.0,0.0
2019-07-23 00:00:00-04:00,30.190000534057617,30.5,29.8700008392334,30.350000381469727,99800,0.0,0.0
2019-07-24 00:00:00-04:00,30.149999618530273,30.809999465942383,29.809999465942383,30.799999237060547,232700,0.0,0.0
2019-07-25 00:00:00-04:00,30.75,30.75,30.1299991607666,30.170000076293945,75200,0.0,0.0
2019-07-26 00:00:00-04:00,30.290000915527344,30.59000015258789,30.06999969482422,30.25,76200,0.0,0.0
2019-07-29 00:00:00-04:00,30.200000762939453,30.350000381469727,30.049999237060547,30.219999313354492,99800,0.0,0.0
2019-07-30 00:00:00-04:00,30.0,30.780000686645508,29.889999389648438,30.489999771118164,122100,0.0,0.0
2019-07-31 00:00:00-04:00,32.439998626708984,33.0,27.959999084472656,28.81999969482422,585300,0.0,0.0
2019-08-01 00:00:00-04:00,29.040000915527344,29.260000228881836,28.520000457763672,29.020000457763672,280400,0.0,0.0
2019-08-02 00:00:00-04:00,28.959999084472656,29.1200008392334,27.8700008392334,28.309999465942383,254300,0.0,0.0
2019-08-05 00:00:00-04:00,27.889999389648438,27.889999389648438,26.450000762939453,26.68000030517578,226800,0.0,0.0
2019-08-06 00:00:00-04:00,26.829999923706055,27.1200008392334,26.520000457763672,26.579999923706055,166800,0.0,0.0
2019-08-07 00:00:00-04:00,26.360000610351562,26.889999389648438,26.1299991607666,26.6299991607666,236400,0.0,0.0
2019-08-08 00:00:00-04:00,26.829999923706055,27.280000686645508,26.780000686645508,27.100000381469727,152400,0.0,0.0
2019-08-09 00:00:00-04:00,27.200000762939453,27.290000915527344,26.190000534057617,26.709999084472656,235500,0.0,0.0
2019-08-12 00:00:00-04:00,26.600000381469727,26.6200008392334,26.040000915527344,26.100000381469727,107500,0.0,0.0
2019-08-13 00:00:00-04:00,26.040000915527344,26.790000915527344,25.959999084472656,26.100000381469727,128500,0.0,0.0
2019-08-14 00:00:00-04:00,25.700000762939453,26.219999313354492,25.530000686645508,26.040000915527344,252600,0.0,0.0
2019-08-15 00:00:00-04:00,26.059999465942383,26.299999237060547,25.940000534057617,25.979999542236328,144800,0.0,0.0
2019-08-16 00:00:00-04:00,26.149999618530273,26.40999984741211,25.809999465942383,26.389999389648438,170200,0.0,0.0
2019-08-19 00:00:00-04:00,26.649999618530273,26.959999084472656,26.309999465942383,26.329999923706055,134200,0.0,0.0
2019-08-20 00:00:00-04:00,26.360000610351562,26.6299991607666,26.149999618530273,26.15999984741211,136900,0.0,0.0
2019-08-21 00:00:00-04:00,26.40999984741211,26.799999237060547,26.100000381469727,26.579999923706055,145200,0.0,0.0
2019-08-22 00:00:00-04:00,26.65999984741211,26.850000381469727,26.360000610351562,26.559999465942383,178500,0.0,0.0
2019-08-23 00:00:00-04:00,26.459999084472656,26.93000030517578,25.90999984741211,26.06999969482422,238200,0.0,0.0
2019-08-26 00:00:00-04:00,26.350000381469727,26.540000915527344,25.989999771118164,26.420000076293945,144400,0.0,0.0
2019-08-27 00:00:00-04:00,26.639999389648438,26.84000015258789,26.40999984741211,26.770000457763672,389000,0.0,0.0
2019-08-28 00:00:00-04:00,26.729999542236328,27.219999313354492,26.639999389648438,26.889999389648438,138500,0.0,0.0
2019-08-29 00:00:00-04:00,27.15999984741211,27.15999984741211,26.700000762939453,26.780000686645508,129400,0.0,0.0
2019-08-30 00:00:00-04:00,26.860000610351562,26.90999984741211,26.56999969482422,26.799999237060547,162100,0.0,0.0
2019-09-03 00:00:00-04:00,26.540000915527344,26.829999923706055,26.3799991607666,26.520000457763672,243000,0.0,0.0
2019-09-04 00:00:00-04:00,26.75,26.770000457763672,26.040000915527344,26.219999313354492,171400,0.0,0.0
2019-09-05 00:00:00-04:00,26.559999465942383,26.8700008392334,26.149999618530273,26.440000534057617,155600,0.0,0.0
2019-09-06 00:00:00-04:00,26.520000457763672,26.860000610351562,26.3700008392334,26.6299991607666,137600,0.0,0.0
2019-09-09 00:00:00-04:00,26.610000610351562,27.020000457763672,26.18000030517578,26.760000228881836,203400,0.0,0.0
2019-09-10 00:00:00-04:00,26.670000076293945,27.479999542236328,26.549999237060547,27.329999923706055,230000,0.0,0.0
2019-09-11 00:00:00-04:00,27.479999542236328,28.170000076293945,27.25,27.940000534057617,193800,0.0,0.0
2019-09-12 00:00:00-04:00,28.100000381469727,28.899999618530273,27.889999389648438,28.829999923706055,279700,0.0,0.0
2019-09-13 00:00:00-04:00,29.1200008392334,29.709999084472656,28.81999969482422,29.56999969482422,271600,0.0,0.0
2019-09-16 00:00:00-04:00,29.43000030517578,30.040000915527344,29.15999984741211,30.0,180800,0.0,0.0
2019-09-17 00:00:00-04:00,29.84000015258789,30.020000457763672,29.6299991607666,29.760000228881836,144700,0.0,0.0
2019-09-18 00:00:00-04:00,29.760000228881836,29.81999969482422,29.15999984741211,29.329999923706055,228900,0.0,0.0
2019-09-19 00:00:00-04:00,29.40999984741211,29.600000381469727,28.899999618530273,28.950000762939453,128800,0.0,0.0
2019-09-20 00:00:00-04:00,28.989999771118164,29.6200008392334,28.989999771118164,29.34000015258789,702200,0.0,0.0
2019-09-23 00:00:00-04:00,29.190000534057617,29.270000457763672,28.809999465942383,28.959999084472656,128000,0.0,0.0
2019-09-24 00:00:00-04:00,29.030000686645508,29.459999084472656,28.190000534057617,28.360000610351562,249400,0.0,0.0
2019-09-25 00:00:00-04:00,28.399999618530273,28.84000015258789,27.709999084472656,28.670000076293945,248000,0.0,0.0
2019-09-26 00:00:00-04:00,28.59000015258789,28.700000762939453,27.3799991607666,27.829999923706055,235400,0.0,0.0
2019-09-27 00:00:00-04:00,27.989999771118164,28.030000686645508,26.899999618530273,27.09000015258789,174400,0.0,0.0
2019-09-30 00:00:00-04:00,27.18000030517578,27.59000015258789,26.700000762939453,27.149999618530273,204100,0.0,0.0
2019-10-01 00:00:00-04:00,27.15999984741211,27.450000762939453,25.940000534057617,26.09000015258789,167100,0.0,0.0
2019-10-02 00:00:00-04:00,25.729999542236328,26.329999923706055,24.670000076293945,24.950000762939453,326600,0.0,0.0
2019-10-03 00:00:00-04:00,24.709999084472656,25.15999984741211,24.149999618530273,24.989999771118164,276600,0.0,0.0
2019-10-04 00:00:00-04:00,25.079999923706055,25.25,24.010000228881836,24.3799991607666,229000,0.0,0.0
2019-10-07 00:00:00-04:00,24.200000762939453,24.670000076293945,23.940000534057617,24.399999618530273,357400,0.0,0.0
2019-10-08 00:00:00-04:00,24.200000762939453,24.200000762939453,23.309999465942383,23.350000381469727,218200,0.0,0.0
2019-10-09 00:00:00-04:00,23.530000686645508,23.530000686645508,22.81999969482422,22.920000076293945,149800,0.0,0.0
2019-10-10 00:00:00-04:00,22.940000534057617,23.459999084472656,22.299999237060547,23.0,351300,0.0,0.0
2019-10-11 00:00:00-04:00,23.3799991607666,23.93000030517578,23.0,23.25,242900,0.0,0.0
2019-10-14 00:00:00-04:00,23.190000534057617,23.190000534057617,22.790000915527344,22.8799991607666,115400,0.0,0.0
2019-10-15 00:00:00-04:00,23.059999465942383,23.3799991607666,22.8799991607666,23.100000381469727,212500,0.0,0.0
2019-10-16 00:00:00-04:00,23.049999237060547,24.030000686645508,22.969999313354492,23.8799991607666,223800,0.0,0.0
2019-10-17 00:00:00-04:00,24.079999923706055,24.139999389648438,23.68000030517578,24.06999969482422,246300,0.0,0.0
2019-10-18 00:00:00-04:00,23.959999084472656,23.969999313354492,23.18000030517578,23.68000030517578,259300,0.0,0.0
2019-10-21 00:00:00-04:00,23.93000030517578,24.440000534057617,23.670000076293945,24.0,187800,0.0,0.0
2019-10-22 00:00:00-04:00,24.559999465942383,24.559999465942383,23.729999542236328,23.739999771118164,159500,0.0,0.0
2019-10-23 00:00:00-04:00,23.739999771118164,23.950000762939453,23.540000915527344,23.850000381469727,124200,0.0,0.0
2019-10-24 00:00:00-04:00,23.84000015258789,23.8799991607666,23.440000534057617,23.84000015258789,121700,0.0,0.0
2019-10-25 00:00:00-04:00,23.739999771118164,24.200000762939453,23.6200008392334,23.950000762939453,111800,0.0,0.0
2019-10-28 00:00:00-04:00,23.989999771118164,24.719999313354492,23.84000015258789,24.260000228881836,146500,0.0,0.0
2019-10-29 00:00:00-04:00,24.25,24.549999237060547,24.110000610351562,24.309999465942383,169500,0.0,0.0
2019-10-30 00:00:00-04:00,24.260000228881836,24.3799991607666,23.780000686645508,23.809999465942383,201100,0.0,0.0
2019-10-31 00:00:00-04:00,22.610000610351562,23.0,20.760000228881836,22.450000762939453,546900,0.0,0.0
2019-11-01 00:00:00-04:00,22.5,23.59000015258789,22.450000762939453,23.329999923706055,222500,0.0,0.0
2019-11-04 00:00:00-05:00,23.709999084472656,23.920000076293945,23.239999771118164,23.479999542236328,233700,0.0,0.0
2019-11-05 00:00:00-05:00,23.579999923706055,23.809999465942383,23.360000610351562,23.649999618530273,146400,0.0,0.0
2019-11-06 00:00:00-05:00,23.56999969482422,23.729999542236328,22.969999313354492,23.059999465942383,252200,0.0,0.0
2019-11-07 00:00:00-05:00,23.34000015258789,23.540000915527344,23.0,23.270000457763672,213300,0.0,0.0
2019-11-08 00:00:00-05:00,23.1299991607666,23.360000610351562,22.889999389648438,23.25,162800,0.0,0.0
2019-11-11 00:00:00-05:00,22.920000076293945,23.450000762939453,22.799999237060547,23.350000381469727,180500,0.0,0.0
2019-11-12 00:00:00-05:00,23.440000534057617,23.920000076293945,23.420000076293945,23.520000457763672,166400,0.0,0.0
2019-11-13 00:00:00-05:00,23.3700008392334,23.68000030517578,23.079999923706055,23.389999389648438,145600,0.0,0.0
2019-11-14 00:00:00-05:00,23.639999389648438,25.329999923706055,23.530000686645508,25.110000610351562,440100,0.0,0.0
2019-11-15 00:00:00-05:00,25.290000915527344,25.34000015258789,24.829999923706055,25.110000610351562,298800,0.0,0.0
2019-11-18 00:00:00-05:00,25.0,25.190000534057617,24.6200008392334,24.639999389648438,169400,0.0,0.0
2019-11-19 00:00:00-05:00,24.709999084472656,24.979999542236328,24.479999542236328,24.600000381469727,119600,0.0,0.0
2019-11-20 00:00:00-05:00,24.329999923706055,24.75,24.0,24.43000030517578,166900,0.0,0.0
2019-11-21 00:00:00-05:00,24.5,24.5,23.969999313354492,24.06999969482422,225500,0.0,0.0
2019-11-22 00:00:00-05:00,24.260000228881836,24.3700008392334,23.8799991607666,24.15999984741211,123800,0.0,0.0
2019-11-25 00:00:00-05:00,24.280000686645508,25.170000076293945,24.170000076293945,25.09000015258789,127900,0.0,0.0
2019-11-26 00:00:00-05:00,25.0,25.18000030517578,24.459999084472656,24.469999313354492,217000,0.0,0.0
2019-11-27 00:00:00-05:00,24.610000610351562,24.670000076293945,24.309999465942383,24.6200008392334,87000,0.0,0.0
2019-11-29 00:00:00-05:00,24.530000686645508,24.940000534057617,24.3700008392334,24.729999542236328,85900,0.0,0.0
2019-12-02 00:00:00-05:00,24.780000686645508,24.950000762939453,24.34000015258789,24.6200008392334,130800,0.0,0.0
2019-12-03 00:00:00-05:00,24.309999465942383,24.780000686645508,24.309999465942383,24.68000030517578,136000,0.0,0.0
2019-12-04 00:00:00-05:00,24.770000457763672,24.860000610351562,24.229999542236328,24.440000534057617,142400,0.0,0.0
2019-12-05 00:00:00-05:00,24.530000686645508,24.829999923706055,24.270000457763672,24.68000030517578,155700,0.0,0.0
2019-12-06 00:00:00-05:00,24.850000381469727,25.149999618530273,24.75,24.959999084472656,135500,0.0,0.0
2019-12-09 00:00:00-05:00,24.84000015258789,24.84000015258789,24.209999084472656,24.209999084472656,218400,0.0,0.0
2019-12-10 00:00:00-05:00,24.190000534057617,24.649999618530273,23.989999771118164,24.639999389648438,146900,0.0,0.0
2019-12-11 00:00:00-05:00,25.670000076293945,26.1200008392334,25.1200008392334,25.90999984741211,310300,0.0,0.0
2019-12-12 00:00:00-05:00,25.889999389648438,26.489999771118164,25.68000030517578,26.059999465942383,155900,0.0,0.0
2019-12-13 00:00:00-05:00,25.90999984741211,26.149999618530273,25.40999984741211,25.81999969482422,157100,0.0,0.0
2019-12-16 00:00:00-05:00,26.049999237060547,26.579999923706055,25.940000534057617,26.059999465942383,240100,0.0,0.0
2019-12-17 00:00:00-05:00,26.020000457763672,26.219999313354492,25.770000457763672,26.200000762939453,108500,0.0,0.0
2019-12-18 00:00:00-05:00,26.030000686645508,26.43000030517578,25.790000915527344,26.329999923706055,146700,0.0,0.0
2019-12-19 00:00:00-05:00,26.15999984741211,26.450000762939453,26.020000457763672,26.389999389648438,167000,0.0,0.0
2019-12-20 00:00:00-05:00,26.549999237060547,26.6299991607666,25.969999313354492,25.969999313354492,727700,0.0,0.0
2019-12-23 00:00:00-05:00,26.190000534057617,27.030000686645508,25.420000076293945,26.790000915527344,236200,0.0,0.0
2019-12-24 00:00:00-05:00,26.790000915527344,27.010000228881836,26.559999465942383,26.950000762939453,50400,0.0,0.0
2019-12-26 00:00:00-05:00,26.84000015258789,26.90999984741211,26.549999237060547,26.8799991607666,105200,0.0,0.0
2019-12-27 00:00:00-05:00,26.920000076293945,26.969999313354492,26.5,26.739999771118164,115100,0.0,0.0
2019-12-30 00:00:00-05:00,26.739999771118164,27.049999237060547,26.5,26.770000457763672,116900,0.0,0.0
2019-12-31 00:00:00-05:00,26.579999923706055,27.110000610351562,26.579999923706055,27.09000015258789,156400,0.0,0.0
2020-01-02 00:00:00-05:00,27.350000381469727,27.350000381469727,26.719999313354492,27.229999542236328,191200,0.0,0.0
2020-01-03 00:00:00-05:00,26.770000457763672,27.459999084472656,26.719999313354492,27.399999618530273,211700,0.0,0.0
2020-01-06 00:00:00-05:00,27.260000228881836,27.59000015258789,27.100000381469727,27.56999969482422,191100,0.0,0.0
2020-01-07 00:00:00-05:00,27.399999618530273,27.729999542236328,27.209999084472656,27.440000534057617,114600,0.0,0.0
2020-01-08 00:00:00-05:00,27.489999771118164,28.06999969482422,27.3700008392334,28.0,234900,0.0,0.0
2020-01-09 00:00:00-05:00,28.0,28.420000076293945,27.950000762939453,28.100000381469727,136800,0.0,0.0
2020-01-10 00:00:00-05:00,28.260000228881836,28.420000076293945,27.950000762939453,28.420000076293945,86400,0.0,0.0
2020-01-13 00:00:00-05:00,28.450000762939453,28.68000030517578,28.329999923706055,28.610000610351562,100500,0.0,0.0
2020-01-14 00:00:00-05:00,28.520000457763672,29.299999237060547,28.389999389648438,28.899999618530273,144800,0.0,0.0
2020-01-15 00:00:00-05:00,28.899999618530273,29.56999969482422,28.889999389648438,29.489999771118164,214700,0.0,0.0
2020-01-16 00:00:00-05:00,29.799999237060547,30.0,29.40999984741211,29.700000762939453,106500,0.0,0.0
2020-01-17 00:00:00-05:00,29.90999984741211,30.0,29.350000381469727,29.989999771118164,334700,0.0,0.0
2020-01-21 00:00:00-05:00,30.0,30.5,29.700000762939453,30.110000610351562,175500,0.0,0.0
2020-01-22 00:00:00-05:00,30.25,30.459999084472656,29.959999084472656,30.239999771118164,110000,0.0,0.0
2020-01-23 00:00:00-05:00,30.299999237060547,30.309999465942383,29.920000076293945,30.15999984741211,211600,0.0,0.0
2020-01-24 00:00:00-05:00,30.299999237060547,30.299999237060547,29.770000457763672,29.979999542236328,161400,0.0,0.0
2020-01-27 00:00:00-05:00,29.3700008392334,30.059999465942383,29.15999984741211,29.989999771118164,141600,0.0,0.0
2020-01-28 00:00:00-05:00,30.100000381469727,30.40999984741211,29.90999984741211,30.329999923706055,90900,0.0,0.0
2020-01-29 00:00:00-05:00,30.770000457763672,31.770000457763672,30.350000381469727,30.360000610351562,172200,0.0,0.0
2020-01-30 00:00:00-05:00,30.1299991607666,30.299999237060547,29.889999389648438,30.299999237060547,210500,0.0,0.0
2020-01-31 00:00:00-05:00,30.229999542236328,30.229999542236328,29.399999618530273,29.739999771118164,165900,0.0,0.0
2020-02-03 00:00:00-05:00,29.940000534057617,30.219999313354492,29.90999984741211,30.110000610351562,135800,0.0,0.0
2020-02-04 00:00:00-05:00,30.510000228881836,30.610000610351562,29.899999618530273,30.010000228881836,77900,0.0,0.0
2020-02-05 00:00:00-05:00,30.350000381469727,30.489999771118164,29.809999465942383,30.450000762939453,79500,0.0,0.0
2020-02-06 00:00:00-05:00,30.639999389648438,30.799999237060547,30.170000076293945,30.25,105800,0.0,0.0
2020-02-07 00:00:00-05:00,30.110000610351562,30.190000534057617,29.709999084472656,30.079999923706055,107800,0.0,0.0
2020-02-10 00:00:00-05:00,30.09000015258789,30.209999084472656,29.610000610351562,30.110000610351562,154700,0.0,0.0
2020-02-11 00:00:00-05:00,30.299999237060547,31.389999389648438,30.1200008392334,30.56999969482422,251100,0.0,0.0
2020-02-12 00:00:00-05:00,30.520000457763672,30.719999313354492,29.920000076293945,29.950000762939453,196400,0.0,0.0
2020-02-13 00:00:00-05:00,29.90999984741211,30.600000381469727,29.90999984741211,30.299999237060547,226700,0.0,0.0
2020-02-14 00:00:00-05:00,27.899999618530273,29.030000686645508,27.139999389648438,27.530000686645508,993600,0.0,0.0
2020-02-18 00:00:00-05:00,27.610000610351562,27.790000915527344,26.6200008392334,27.149999618530273,314200,0.0,0.0
2020-02-19 00:00:00-05:00,27.190000534057617,27.3799991607666,26.219999313354492,26.239999771118164,273200,0.0,0.0
2020-02-20 00:00:00-05:00,26.1200008392334,26.43000030517578,25.860000610351562,26.31999969482422,188700,0.0,0.0
2020-02-21 00:00:00-05:00,26.260000228881836,26.6200008392334,25.889999389648438,26.200000762939453,186100,0.0,0.0
2020-02-24 00:00:00-05:00,25.309999465942383,26.34000015258789,25.170000076293945,26.149999618530273,213400,0.0,0.0
2020-02-25 00:00:00-05:00,26.09000015258789,26.43000030517578,25.959999084472656,26.0,274900,0.0,0.0
2020-02-26 00:00:00-05:00,26.0,26.270000457763672,25.84000015258789,26.0,276200,0.0,0.0
2020-02-27 00:00:00-05:00,25.559999465942383,26.31999969482422,25.15999984741211,25.200000762939453,588100,0.0,0.0
2020-02-28 00:00:00-05:00,24.670000076293945,26.579999923706055,24.3700008392334,25.6299991607666,795100,0.0,0.0
2020-03-02 00:00:00-05:00,25.829999923706055,25.850000381469727,24.940000534057617,25.270000457763672,387000,0.0,0.0
2020-03-03 00:00:00-05:00,25.280000686645508,25.43000030517578,24.559999465942383,24.8700008392334,321900,0.0,0.0
2020-03-04 00:00:00-05:00,25.0,25.510000228881836,24.829999923706055,25.450000762939453,212900,0.0,0.0
2020-03-05 00:00:00-05:00,25.290000915527344,25.540000915527344,24.559999465942383,24.93000030517578,316100,0.0,0.0
2020-03-06 00:00:00-05:00,24.440000534057617,25.200000762939453,24.440000534057617,25.1200008392334,307600,0.0,0.0
2020-03-09 00:00:00-04:00,24.25,24.940000534057617,23.420000076293945,24.6200008392334,280600,0.0,0.0
2020-03-10 00:00:00-04:00,24.979999542236328,24.979999542236328,23.68000030517578,24.600000381469727,335100,0.0,0.0
2020-03-11 00:00:00-04:00,24.15999984741211,24.329999923706055,23.549999237060547,23.8700008392334,524900,0.0,0.0
2020-03-12 00:00:00-04:00,23.190000534057617,23.190000534057617,20.1299991607666,20.239999771118164,534300,0.0,0.0
2020-03-13 00:00:00-04:00,20.920000076293945,21.790000915527344,20.25,21.790000915527344,446000,0.0,0.0
2020-03-16 00:00:00-04:00,18.0,19.510000228881836,17.43000030517578,18.739999771118164,398400,0.0,0.0
2020-03-17 00:00:00-04:00,19.100000381469727,21.81999969482422,17.489999771118164,21.479999542236328,428500,0.0,0.0
2020-03-18 00:00:00-04:00,20.299999237060547,21.84000015258789,19.34000015258789,20.5,322200,0.0,0.0
2020-03-19 00:00:00-04:00,20.59000015258789,20.93000030517578,17.709999084472656,18.0,411300,0.0,0.0
2020-03-20 00:00:00-04:00,17.75,18.469999313354492,14.229999542236328,14.710000038146973,749700,0.0,0.0
2020-03-23 00:00:00-04:00,14.710000038146973,15.279999732971191,12.630000114440918,14.65999984741211,377800,0.0,0.0
2020-03-24 00:00:00-04:00,15.319999694824219,16.43000030517578,14.680000305175781,15.170000076293945,369300,0.0,0.0
2020-03-25 00:00:00-04:00,15.079999923706055,16.020000457763672,14.760000228881836,14.960000038146973,429500,0.0,0.0
2020-03-26 00:00:00-04:00,14.949999809265137,16.450000762939453,14.84000015258789,16.260000228881836,698100,0.0,0.0
2020-03-27 00:00:00-04:00,15.770000457763672,16.950000762939453,15.149999618530273,15.520000457763672,623300,0.0,0.0
2020-03-30 00:00:00-04:00,15.75,16.670000076293945,15.510000228881836,16.440000534057617,364100,0.0,0.0
2020-03-31 00:00:00-04:00,16.450000762939453,17.579999923706055,16.260000228881836,16.920000076293945,275400,0.0,0.0
2020-04-01 00:00:00-04:00,16.360000610351562,16.93000030517578,16.139999389648438,16.34000015258789,346300,0.0,0.0
2020-04-02 00:00:00-04:00,16.0,16.8700008392334,15.949999809265137,16.469999313354492,399800,0.0,0.0
2020-04-03 00:00:00-04:00,16.100000381469727,17.229999542236328,16.049999237060547,17.059999465942383,329400,0.0,0.0
2020-04-06 00:00:00-04:00,17.510000228881836,18.610000610351562,17.510000228881836,18.450000762939453,347600,0.0,0.0
2020-04-07 00:00:00-04:00,18.709999084472656,18.860000610351562,18.18000030517578,18.389999389648438,252000,0.0,0.0
2020-04-08 00:00:00-04:00,18.670000076293945,18.959999084472656,18.09000015258789,18.6200008392334,326000,0.0,0.0
2020-04-09 00:00:00-04:00,18.899999618530273,19.940000534057617,18.6200008392334,19.90999984741211,235900,0.0,0.0
2020-04-13 00:00:00-04:00,19.709999084472656,19.8700008392334,19.15999984741211,19.719999313354492,172900,0.0,0.0
2020-04-14 00:00:00-04:00,20.110000610351562,20.479999542236328,19.639999389648438,20.079999923706055,198500,0.0,0.0
2020-04-15 00:00:00-04:00,19.520000457763672,19.520000457763672,18.780000686645508,19.079999923706055,193400,0.0,0.0
2020-04-16 00:00:00-04:00,19.0,19.459999084472656,18.469999313354492,19.450000762939453,287800,0.0,0.0
2020-04-17 00:00:00-04:00,19.770000457763672,20.229999542236328,19.549999237060547,19.8700008392334,187000,0.0,0.0
2020-04-20 00:00:00-04:00,19.59000015258789,20.829999923706055,19.290000915527344,20.389999389648438,263400,0.0,0.0
2020-04-21 00:00:00-04:00,19.829999923706055,20.010000228881836,19.299999237060547,19.68000030517578,258200,0.0,0.0
2020-04-22 00:00:00-04:00,20.0,20.690000534057617,19.469999313354492,20.6200008392334,232300,0.0,0.0
2020-04-23 00:00:00-04:00,20.6200008392334,21.709999084472656,20.6200008392334,21.440000534057617,394500,0.0,0.0
2020-04-24 00:00:00-04:00,21.450000762939453,21.489999771118164,20.770000457763672,21.049999237060547,138300,0.0,0.0
2020-04-27 00:00:00-04:00,21.270000457763672,22.549999237060547,21.270000457763672,22.3799991607666,216500,0.0,0.0
2020-04-28 00:00:00-04:00,22.889999389648438,22.889999389648438,21.139999389648438,21.239999771118164,181800,0.0,0.0
2020-04-29 00:00:00-04:00,21.709999084472656,23.5,21.610000610351562,23.100000381469727,237900,0.0,0.0
2020-04-30 00:00:00-04:00,22.610000610351562,23.290000915527344,22.280000686645508,22.329999923706055,331400,0.0,0.0
2020-05-01 00:00:00-04:00,21.989999771118164,22.260000228881836,21.049999237060547,22.170000076293945,376100,0.0,0.0
2020-05-04 00:00:00-04:00,22.100000381469727,22.639999389648438,21.729999542236328,22.030000686645508,255100,0.0,0.0
2020-05-05 00:00:00-04:00,22.450000762939453,23.190000534057617,22.3700008392334,22.6299991607666,174700,0.0,0.0
2020-05-06 00:00:00-04:00,22.610000610351562,22.610000610351562,21.299999237060547,21.329999923706055,196500,0.0,0.0
2020-05-07 00:00:00-04:00,21.770000457763672,22.809999465942383,21.229999542236328,22.56999969482422,173800,0.0,0.0
2020-05-08 00:00:00-04:00,23.15999984741211,23.84000015258789,22.81999969482422,23.149999618530273,176900,0.0,0.0
2020-05-11 00:00:00-04:00,22.739999771118164,23.020000457763672,21.899999618530273,22.440000534057617,282400,0.0,0.0
2020-05-12 00:00:00-04:00,22.520000457763672,22.520000457763672,21.75,21.81999969482422,202200,0.0,0.0
2020-05-13 00:00:00-04:00,21.610000610351562,21.709999084472656,20.450000762939453,20.90999984741211,186500,0.0,0.0
2020-05-14 00:00:00-04:00,20.469999313354492,21.579999923706055,20.0,21.56999969482422,260500,0.0,0.0
2020-05-15 00:00:00-04:00,21.709999084472656,22.350000381469727,21.510000228881836,22.149999618530273,190200,0.0,0.0
2020-05-18 00:00:00-04:00,22.81999969482422,23.34000015258789,22.389999389648438,22.450000762939453,172400,0.0,0.0
2020-05-19 00:00:00-04:00,22.229999542236328,22.5,21.920000076293945,21.93000030517578,113000,0.0,0.0
2020-05-20 00:00:00-04:00,22.479999542236328,23.09000015258789,22.219999313354492,22.760000228881836,156900,0.0,0.0
2020-05-21 00:00:00-04:00,22.670000076293945,22.959999084472656,22.139999389648438,22.200000762939453,181400,0.0,0.0
2020-05-22 00:00:00-04:00,22.5,22.8799991607666,22.059999465942383,22.860000610351562,115900,0.0,0.0
2020-05-26 00:00:00-04:00,23.5,23.5,22.020000457763672,22.1299991607666,187300,0.0,0.0
2020-05-27 00:00:00-04:00,22.579999923706055,23.010000228881836,21.760000228881836,22.950000762939453,169800,0.0,0.0
2020-05-28 00:00:00-04:00,23.3799991607666,24.139999389648438,22.899999618530273,23.020000457763672,167800,0.0,0.0
2020-05-29 00:00:00-04:00,22.790000915527344,23.040000915527344,21.780000686645508,22.729999542236328,232600,0.0,0.0
2020-06-01 00:00:00-04:00,22.84000015258789,23.520000457763672,22.540000915527344,22.940000534057617,223500,0.0,0.0
2020-06-02 00:00:00-04:00,23.059999465942383,23.389999389648438,22.399999618530273,22.579999923706055,149400,0.0,0.0
2020-06-03 00:00:00-04:00,22.90999984741211,23.559999465942383,22.6299991607666,23.420000076293945,176800,0.0,0.0
2020-06-04 00:00:00-04:00,23.1299991607666,23.84000015258789,22.989999771118164,23.549999237060547,172700,0.0,0.0
2020-06-05 00:00:00-04:00,24.100000381469727,25.469999313354492,24.100000381469727,25.239999771118164,171000,0.0,0.0
2020-06-08 00:00:00-04:00,25.520000457763672,25.520000457763672,24.739999771118164,24.84000015258789,176800,0.0,0.0
2020-06-09 00:00:00-04:00,24.709999084472656,25.079999923706055,24.239999771118164,24.540000915527344,125800,0.0,0.0
2020-06-10 00:00:00-04:00,24.530000686645508,24.700000762939453,23.8799991607666,24.34000015258789,150500,0.0,0.0
2020-06-11 00:00:00-04:00,23.6299991607666,23.979999542236328,21.809999465942383,21.950000762939453,194200,0.0,0.0
2020-06-12 00:00:00-04:00,22.829999923706055,23.700000762939453,21.989999771118164,22.649999618530273,132500,0.0,0.0
2020-06-15 00:00:00-04:00,21.989999771118164,23.030000686645508,21.959999084472656,23.020000457763672,130700,0.0,0.0
2020-06-16 00:00:00-04:00,23.889999389648438,24.1200008392334,22.81999969482422,23.489999771118164,191300,0.0,0.0
2020-06-17 00:00:00-04:00,23.479999542236328,23.729999542236328,22.959999084472656,23.31999969482422,92700,0.0,0.0
2020-06-18 00:00:00-04:00,21.829999923706055,21.899999618530273,17.360000610351562,17.3799991607666,3310200,0.0,0.0
2020-06-19 00:00:00-04:00,17.940000534057617,19.34000015258789,17.940000534057617,18.889999389648438,3256500,0.0,0.0
2020-06-22 00:00:00-04:00,18.670000076293945,19.459999084472656,18.59000015258789,19.229999542236328,522000,0.0,0.0
2020-06-23 00:00:00-04:00,19.399999618530273,19.790000915527344,19.239999771118164,19.329999923706055,387200,0.0,0.0
2020-06-24 00:00:00-04:00,19.020000457763672,19.139999389648438,18.450000762939453,18.5,321400,0.0,0.0
2020-06-25 00:00:00-04:00,18.489999771118164,19.06999969482422,18.110000610351562,19.049999237060547,344700,0.0,0.0
2020-06-26 00:00:00-04:00,19.0,19.190000534057617,17.729999542236328,18.079999923706055,1151800,0.0,0.0
2020-06-29 00:00:00-04:00,18.3799991607666,19.139999389648438,18.280000686645508,19.09000015258789,383600,0.0,0.0
2020-06-30 00:00:00-04:00,18.8700008392334,19.190000534057617,18.459999084472656,19.170000076293945,365300,0.0,0.0
2020-07-01 00:00:00-04:00,19.270000457763672,19.40999984741211,18.729999542236328,19.030000686645508,261800,0.0,0.0
2020-07-02 00:00:00-04:00,19.399999618530273,19.940000534057617,19.290000915527344,19.6200008392334,222900,0.0,0.0
2020-07-06 00:00:00-04:00,19.889999389648438,19.889999389648438,19.209999084472656,19.540000915527344,151500,0.0,0.0
2020-07-07 00:00:00-04:00,19.260000228881836,19.639999389648438,19.030000686645508,19.25,530600,0.0,0.0
2020-07-08 00:00:00-04:00,19.229999542236328,19.25,18.09000015258789,18.200000762939453,385100,0.0,0.0
2020-07-09 00:00:00-04:00,18.149999618530273,18.479999542236328,17.670000076293945,18.260000228881836,257700,0.0,0.0
2020-07-10 00:00:00-04:00,18.25,18.520000457763672,17.940000534057617,18.25,278000,0.0,0.0
2020-07-13 00:00:00-04:00,18.549999237060547,19.09000015258789,18.360000610351562,18.3700008392334,385400,0.0,0.0
2020-07-14 00:00:00-04:00,18.43000030517578,18.670000076293945,17.93000030517578,18.329999923706055,398600,0.0,0.0
2020-07-15 00:00:00-04:00,18.790000915527344,19.760000228881836,18.719999313354492,19.3700008392334,308000,0.0,0.0
2020-07-16 00:00:00-04:00,19.309999465942383,19.350000381469727,18.639999389648438,18.719999313354492,331800,0.0,0.0
2020-07-17 00:00:00-04:00,18.799999237060547,19.18000030517578,18.780000686645508,18.959999084472656,337100,0.0,0.0
2020-07-20 00:00:00-04:00,18.959999084472656,18.959999084472656,18.25,18.549999237060547,164600,0.0,0.0
2020-07-21 00:00:00-04:00,18.8799991607666,19.190000534057617,18.729999542236328,18.899999618530273,289500,0.0,0.0
2020-07-22 00:00:00-04:00,18.729999542236328,19.190000534057617,18.540000915527344,18.600000381469727,287100,0.0,0.0
2020-07-23 00:00:00-04:00,18.579999923706055,18.989999771118164,18.489999771118164,18.760000228881836,241700,0.0,0.0
2020-07-24 00:00:00-04:00,18.780000686645508,19.420000076293945,18.479999542236328,19.200000762939453,702100,0.0,0.0
2020-07-27 00:00:00-04:00,19.239999771118164,19.5,18.790000915527344,18.889999389648438,266100,0.0,0.0
2020-07-28 00:00:00-04:00,18.649999618530273,19.030000686645508,18.530000686645508,18.670000076293945,252700,0.0,0.0
2020-07-29 00:00:00-04:00,18.729999542236328,19.440000534057617,18.690000534057617,19.100000381469727,215100,0.0,0.0
2020-07-30 00:00:00-04:00,18.799999237060547,19.049999237060547,18.56999969482422,18.899999618530273,343800,0.0,0.0
2020-07-31 00:00:00-04:00,19.850000381469727,20.899999618530273,18.290000915527344,19.40999984741211,616300,0.0,0.0
2020-08-03 00:00:00-04:00,19.5,20.3799991607666,19.399999618530273,20.200000762939453,400300,0.0,0.0
2020-08-04 00:00:00-04:00,20.25,20.290000915527344,19.709999084472656,20.0,219000,0.0,0.0
2020-08-05 00:00:00-04:00,20.299999237060547,20.299999237060547,19.969999313354492,20.219999313354492,233000,0.0,0.0
2020-08-06 00:00:00-04:00,20.1299991607666,20.549999237060547,20.1200008392334,20.450000762939453,162500,0.0,0.0
2020-08-07 00:00:00-04:00,20.34000015258789,21.219999313354492,20.34000015258789,21.059999465942383,198300,0.0,0.0
2020-08-10 00:00:00-04:00,21.270000457763672,21.93000030517578,21.170000076293945,21.399999618530273,225300,0.0,0.0
2020-08-11 00:00:00-04:00,21.59000015258789,21.8799991607666,20.850000381469727,20.979999542236328,271600,0.0,0.0
2020-08-12 00:00:00-04:00,21.309999465942383,21.389999389648438,20.6200008392334,20.860000610351562,194200,0.0,0.0
2020-08-13 00:00:00-04:00,20.700000762939453,21.34000015258789,20.559999465942383,21.309999465942383,102700,0.0,0.0
2020-08-14 00:00:00-04:00,21.100000381469727,21.1200008392334,20.549999237060547,20.700000762939453,121400,0.0,0.0
2020-08-17 00:00:00-04:00,20.729999542236328,21.139999389648438,20.59000015258789,21.030000686645508,101200,0.0,0.0
2020-08-18 00:00:00-04:00,21.049999237060547,21.049999237060547,20.479999542236328,20.510000228881836,146200,0.0,0.0
2020-08-19 00:00:00-04:00,20.59000015258789,20.719999313354492,20.329999923706055,20.559999465942383,142000,0.0,0.0
2020-08-20 00:00:00-04:00,20.329999923706055,20.520000457763672,20.270000457763672,20.40999984741211,135800,0.0,0.0
2020-08-21 00:00:00-04:00,20.219999313354492,20.360000610351562,19.760000228881836,19.899999618530273,156800,0.0,0.0
2020-08-24 00:00:00-04:00,20.190000534057617,20.200000762939453,19.729999542236328,19.850000381469727,133800,0.0,0.0
2020-08-25 00:00:00-04:00,20.09000015258789,20.239999771118164,19.899999618530273,20.1200008392334,72600,0.0,0.0
2020-08-26 00:00:00-04:00,19.93000030517578,20.0,19.540000915527344,19.920000076293945,122100,0.0,0.0
2020-08-27 00:00:00-04:00,20.09000015258789,20.489999771118164,19.809999465942383,20.3700008392334,124500,0.0,0.0
2020-08-28 00:00:00-04:00,20.579999923706055,20.579999923706055,19.969999313354492,20.489999771118164,159000,0.0,0.0
2020-08-31 00:00:00-04:00,20.700000762939453,20.700000762939453,20.209999084472656,20.219999313354492,170600,0.0,0.0
2020-09-01 00:00:00-04:00,20.030000686645508,20.100000381469727,19.649999618530273,19.8700008392334,198600,0.0,0.0
2020-09-02 00:00:00-04:00,19.940000534057617,20.34000015258789,19.81999969482422,20.219999313354492,171000,0.0,0.0
2020-09-03 00:00:00-04:00,19.43000030517578,19.75,17.889999389648438,18.6200008392334,501900,0.0,0.0
2020-09-04 00:00:00-04:00,18.969999313354492,18.979999542236328,18.209999084472656,18.5,219400,0.0,0.0
2020-09-08 00:00:00-04:00,18.170000076293945,18.559999465942383,18.079999923706055,18.149999618530273,225900,0.0,0.0
2020-09-09 00:00:00-04:00,18.260000228881836,18.3700008392334,17.920000076293945,18.100000381469727,179000,0.0,0.0
2020-09-10 00:00:00-04:00,18.149999618530273,18.149999618530273,17.299999237060547,17.329999923706055,279400,0.0,0.0
2020-09-11 00:00:00-04:00,17.34000015258789,17.450000762939453,16.25,16.469999313354492,571900,0.0,0.0
2020-09-14 00:00:00-04:00,16.649999618530273,16.760000228881836,16.1299991607666,16.350000381469727,512000,0.0,0.0
2020-09-15 00:00:00-04:00,16.450000762939453,16.889999389648438,16.450000762939453,16.690000534057617,367900,0.0,0.0
2020-09-16 00:00:00-04:00,16.729999542236328,17.100000381469727,16.469999313354492,16.75,570100,0.0,0.0
2020-09-17 00:00:00-04:00,16.5,16.889999389648438,16.200000762939453,16.739999771118164,396700,0.0,0.0
2020-09-18 00:00:00-04:00,17.540000915527344,18.979999542236328,17.280000686645508,17.3799991607666,1614100,0.0,0.0
2020-09-21 00:00:00-04:00,16.93000030517578,17.989999771118164,16.719999313354492,17.84000015258789,623400,0.0,0.0
2020-09-22 00:00:00-04:00,17.93000030517578,18.030000686645508,17.360000610351562,18.0,253100,0.0,0.0
2020-09-23 00:00:00-04:00,18.1299991607666,19.030000686645508,18.1299991607666,18.420000076293945,619400,0.0,0.0
2020-09-24 00:00:00-04:00,18.450000762939453,19.110000610351562,18.270000457763672,18.530000686645508,559700,0.0,0.0
2020-09-25 00:00:00-04:00,18.389999389648438,18.75,17.959999084472656,18.489999771118164,269700,0.0,0.0
2020-09-28 00:00:00-04:00,18.75,18.989999771118164,18.43000030517578,18.459999084472656,255400,0.0,0.0
2020-09-29 00:00:00-04:00,18.43000030517578,18.670000076293945,18.100000381469727,18.530000686645508,227200,0.0,0.0
2020-09-30 00:00:00-04:00,18.639999389648438,19.06999969482422,18.350000381469727,18.469999313354492,225600,0.0,0.0
2020-10-01 00:00:00-04:00,18.610000610351562,18.889999389648438,18.209999084472656,18.34000015258789,182800,0.0,0.0
2020-10-02 00:00:00-04:00,18.059999465942383,18.389999389648438,17.969999313354492,18.270000457763672,169400,0.0,0.0
2020-10-05 00:00:00-04:00,18.440000534057617,18.649999618530273,18.149999618530273,18.350000381469727,119200,0.0,0.0
2020-10-06 00:00:00-04:00,18.600000381469727,18.780000686645508,18.34000015258789,18.350000381469727,296300,0.0,0.0
2020-10-07 00:00:00-04:00,18.489999771118164,18.600000381469727,18.110000610351562,18.469999313354492,331200,0.0,0.0
2020-10-08 00:00:00-04:00,18.5,18.829999923706055,18.34000015258789,18.700000762939453,563300,0.0,0.0
2020-10-09 00:00:00-04:00,18.950000762939453,19.450000762939453,18.799999237060547,19.309999465942383,241900,0.0,0.0
2020-10-12 00:00:00-04:00,19.3799991607666,20.0,19.170000076293945,19.889999389648438,309000,0.0,0.0
2020-10-13 00:00:00-04:00,19.81999969482422,20.0,19.209999084472656,19.260000228881836,244400,0.0,0.0
2020-10-14 00:00:00-04:00,19.280000686645508,19.579999923706055,19.059999465942383,19.510000228881836,199500,0.0,0.0
2020-10-15 00:00:00-04:00,19.329999923706055,19.479999542236328,18.860000610351562,19.049999237060547,169500,0.0,0.0
2020-10-16 00:00:00-04:00,19.010000228881836,19.549999237060547,18.90999984741211,19.219999313354492,170300,0.0,0.0
2020-10-19 00:00:00-04:00,19.270000457763672,19.479999542236328,18.649999618530273,18.670000076293945,154000,0.0,0.0
2020-10-20 00:00:00-04:00,18.739999771118164,19.049999237060547,18.600000381469727,18.670000076293945,118300,0.0,0.0
2020-10-21 00:00:00-04:00,18.700000762939453,18.75,18.209999084472656,18.579999923706055,133500,0.0,0.0
2020-10-22 00:00:00-04:00,18.649999618530273,19.170000076293945,18.40999984741211,19.09000015258789,144800,0.0,0.0
2020-10-23 00:00:00-04:00,19.209999084472656,19.3700008392334,19.059999465942383,19.34000015258789,87700,0.0,0.0
2020-10-26 00:00:00-04:00,19.1200008392334,19.149999618530273,18.760000228881836,18.959999084472656,111500,0.0,0.0
2020-10-27 00:00:00-04:00,18.889999389648438,18.989999771118164,18.270000457763672,18.280000686645508,137300,0.0,0.0
2020-10-28 00:00:00-04:00,17.899999618530273,17.979999542236328,17.040000915527344,17.149999618530273,255100,0.0,0.0
2020-10-29 00:00:00-04:00,17.020000457763672,17.59000015258789,16.850000381469727,17.3700008392334,144900,0.0,0.0
2020-10-30 00:00:00-04:00,17.149999618530273,17.34000015258789,16.600000381469727,16.760000228881836,200200,0.0,0.0
2020-11-02 00:00:00-05:00,17.010000228881836,17.690000534057617,16.959999084472656,17.6200008392334,250800,0.0,0.0
2020-11-03 00:00:00-05:00,17.899999618530273,18.809999465942383,17.760000228881836,18.420000076293945,325300,0.0,0.0
2020-11-04 00:00:00-05:00,18.5,18.700000762939453,18.0,18.290000915527344,188300,0.0,0.0
2020-11-05 00:00:00-05:00,19.40999984741211,19.489999771118164,17.280000686645508,17.510000228881836,272400,0.0,0.0
2020-11-06 00:00:00-05:00,17.700000762939453,17.90999984741211,17.200000762939453,17.239999771118164,142900,0.0,0.0
2020-11-09 00:00:00-05:00,18.020000457763672,21.0,17.93000030517578,20.360000610351562,623600,0.0,0.0
2020-11-10 00:00:00-05:00,20.3799991607666,21.15999984741211,20.139999389648438,20.93000030517578,375200,0.0,0.0
2020-11-11 00:00:00-05:00,21.1299991607666,21.1299991607666,19.610000610351562,20.170000076293945,292300,0.0,0.0
2020-11-12 00:00:00-05:00,19.8700008392334,20.049999237060547,18.639999389648438,19.25,257600,0.0,0.0
2020-11-13 00:00:00-05:00,19.360000610351562,20.329999923706055,19.360000610351562,20.09000015258789,178200,0.0,0.0
2020-11-16 00:00:00-05:00,20.579999923706055,20.690000534057617,20.079999923706055,20.299999237060547,287100,0.0,0.0
2020-11-17 00:00:00-05:00,20.010000228881836,20.360000610351562,19.270000457763672,20.270000457763672,212600,0.0,0.0
2020-11-18 00:00:00-05:00,20.40999984741211,20.489999771118164,20.049999237060547,20.06999969482422,147200,0.0,0.0
2020-11-19 00:00:00-05:00,19.989999771118164,20.18000030517578,19.559999465942383,19.979999542236328,114600,0.0,0.0
2020-11-20 00:00:00-05:00,19.729999542236328,20.389999389648438,19.729999542236328,20.040000915527344,122000,0.0,0.0
2020-11-23 00:00:00-05:00,20.3700008392334,20.8799991607666,19.93000030517578,20.8700008392334,128600,0.0,0.0
2020-11-24 00:00:00-05:00,21.209999084472656,21.8799991607666,20.979999542236328,21.610000610351562,224100,0.0,0.0
2020-11-25 00:00:00-05:00,21.469999313354492,21.469999313354492,20.75,21.09000015258789,149700,0.0,0.0
2020-11-27 00:00:00-05:00,21.079999923706055,21.239999771118164,20.6299991607666,21.15999984741211,59800,0.0,0.0
2020-11-30 00:00:00-05:00,21.040000915527344,21.440000534057617,20.739999771118164,20.81999969482422,213300,0.0,0.0
2020-12-01 00:00:00-05:00,21.020000457763672,21.290000915527344,20.540000915527344,20.93000030517578,160900,0.0,0.0
2020-12-02 00:00:00-05:00,20.989999771118164,21.399999618530273,20.760000228881836,21.0,143800,0.0,0.0
2020-12-03 00:00:00-05:00,20.770000457763672,21.219999313354492,20.600000381469727,20.739999771118164,171000,0.0,0.0
2020-12-04 00:00:00-05:00,20.989999771118164,21.670000076293945,20.93000030517578,21.56999969482422,134800,0.0,0.0
2020-12-07 00:00:00-05:00,21.399999618530273,22.540000915527344,21.399999618530273,22.489999771118164,233000,0.0,0.0
2020-12-08 00:00:00-05:00,22.260000228881836,22.940000534057617,22.100000381469727,22.399999618530273,197400,0.0,0.0
2020-12-09 00:00:00-05:00,22.549999237060547,22.739999771118164,21.940000534057617,22.649999618530273,193800,0.0,0.0
2020-12-10 00:00:00-05:00,22.5,23.56999969482422,22.489999771118164,23.110000610351562,242900,0.0,0.0
2020-12-11 00:00:00-05:00,22.780000686645508,23.329999923706055,21.729999542236328,21.780000686645508,232800,0.0,0.0
2020-12-14 00:00:00-05:00,21.860000610351562,22.100000381469727,21.229999542236328,21.25,213400,0.0,0.0
2020-12-15 00:00:00-05:00,21.329999923706055,21.979999542236328,21.010000228881836,21.559999465942383,199400,0.0,0.0
2020-12-16 00:00:00-05:00,21.530000686645508,22.59000015258789,21.530000686645508,22.030000686645508,181900,0.0,0.0
2020-12-17 00:00:00-05:00,22.18000030517578,22.549999237060547,21.84000015258789,22.40999984741211,169300,0.0,0.0
2020-12-18 00:00:00-05:00,22.549999237060547,22.68000030517578,21.8799991607666,21.920000076293945,679600,0.0,0.0
2020-12-21 00:00:00-05:00,21.350000381469727,22.170000076293945,21.260000228881836,22.040000915527344,165100,0.0,0.0
2020-12-22 00:00:00-05:00,22.190000534057617,23.200000762939453,21.6200008392334,23.15999984741211,220900,0.0,0.0
2020-12-23 00:00:00-05:00,23.43000030517578,24.100000381469727,23.34000015258789,23.719999313354492,167100,0.0,0.0
2020-12-24 00:00:00-05:00,24.020000457763672,24.020000457763672,23.139999389648438,23.530000686645508,76400,0.0,0.0
2020-12-28 00:00:00-05:00,23.719999313354492,23.850000381469727,23.459999084472656,23.739999771118164,159300,0.0,0.0
2020-12-29 00:00:00-05:00,23.969999313354492,24.0,22.829999923706055,22.860000610351562,170800,0.0,0.0
2020-12-30 00:00:00-05:00,22.84000015258789,23.360000610351562,22.549999237060547,23.100000381469727,103200,0.0,0.0
2020-12-31 00:00:00-05:00,23.219999313354492,23.709999084472656,23.139999389648438,23.610000610351562,84600,0.0,0.0
2021-01-04 00:00:00-05:00,23.559999465942383,24.06999969482422,22.8799991607666,23.440000534057617,191800,0.0,0.0
2021-01-05 00:00:00-05:00,23.260000228881836,24.440000534057617,23.260000228881836,23.579999923706055,198800,0.0,0.0
2021-01-06 00:00:00-05:00,23.84000015258789,24.420000076293945,23.75,24.280000686645508,231900,0.0,0.0
2021-01-07 00:00:00-05:00,24.459999084472656,24.489999771118164,23.799999237060547,24.25,106800,0.0,0.0
2021-01-08 00:00:00-05:00,24.420000076293945,25.020000457763672,24.100000381469727,25.010000228881836,243200,0.0,0.0
2021-01-11 00:00:00-05:00,24.68000030517578,25.170000076293945,24.68000030517578,25.020000457763672,176400,0.0,0.0
2021-01-12 00:00:00-05:00,25.100000381469727,25.559999465942383,24.809999465942383,24.989999771118164,205400,0.0,0.0
2021-01-13 00:00:00-05:00,24.93000030517578,24.989999771118164,24.40999984741211,24.829999923706055,85000,0.0,0.0
2021-01-14 00:00:00-05:00,24.899999618530273,25.18000030517578,24.600000381469727,24.81999969482422,169200,0.0,0.0
2021-01-15 00:00:00-05:00,24.56999969482422,24.75,24.020000457763672,24.239999771118164,157500,0.0,0.0
2021-01-19 00:00:00-05:00,24.600000381469727,24.600000381469727,23.969999313354492,24.18000030517578,131900,0.0,0.0
2021-01-20 00:00:00-05:00,24.110000610351562,25.0,24.06999969482422,24.93000030517578,175300,0.0,0.0
2021-01-21 00:00:00-05:00,25.0,25.40999984741211,24.510000228881836,25.299999237060547,138200,0.0,0.0
2021-01-22 00:00:00-05:00,25.100000381469727,25.6200008392334,24.809999465942383,25.25,424700,0.0,0.0
2021-01-25 00:00:00-05:00,25.010000228881836,25.530000686645508,24.670000076293945,24.959999084472656,276700,0.0,0.0
2021-01-26 00:00:00-05:00,25.149999618530273,25.3799991607666,24.889999389648438,25.149999618530273,73900,0.0,0.0
2021-01-27 00:00:00-05:00,24.56999969482422,25.049999237060547,24.110000610351562,24.459999084472656,163900,0.0,0.0
2021-01-28 00:00:00-05:00,24.81999969482422,25.1299991607666,23.93000030517578,24.110000610351562,215300,0.0,0.0
2021-01-29 00:00:00-05:00,24.06999969482422,24.350000381469727,23.5,23.93000030517578,145900,0.0,0.0
2021-02-01 00:00:00-05:00,24.420000076293945,24.780000686645508,23.81999969482422,24.68000030517578,157700,0.0,0.0
2021-02-02 00:00:00-05:00,25.079999923706055,25.079999923706055,24.290000915527344,24.829999923706055,150400,0.0,0.0
2021-02-03 00:00:00-05:00,24.700000762939453,24.75,24.09000015258789,24.229999542236328,321100,0.0,0.0
2021-02-04 00:00:00-05:00,24.239999771118164,24.969999313354492,24.059999465942383,24.43000030517578,149700,0.0,0.0
2021-02-05 00:00:00-05:00,24.670000076293945,25.389999389648438,24.489999771118164,24.899999618530273,192800,0.0,0.0
2021-02-08 00:00:00-05:00,25.010000228881836,26.079999923706055,24.969999313354492,25.899999618530273,224600,0.0,0.0
2021-02-09 00:00:00-05:00,25.989999771118164,26.510000228881836,25.649999618530273,25.81999969482422,275000,0.0,0.0
2021-02-10 00:00:00-05:00,25.950000762939453,26.010000228881836,24.530000686645508,24.719999313354492,304400,0.0,0.0
2021-02-11 00:00:00-05:00,24.729999542236328,25.440000534057617,23.979999542236328,25.40999984741211,345000,0.0,0.0
2021-02-12 00:00:00-05:00,26.600000381469727,26.600000381469727,23.799999237060547,24.93000030517578,388400,0.0,0.0
2021-02-16 00:00:00-05:00,25.209999084472656,25.600000381469727,24.639999389648438,24.989999771118164,160500,0.0,0.0
2021-02-17 00:00:00-05:00,24.760000228881836,25.100000381469727,24.459999084472656,24.899999618530273,179800,0.0,0.0
2021-02-18 00:00:00-05:00,24.780000686645508,25.1200008392334,24.5,25.0,126400,0.0,0.0
2021-02-19 00:00:00-05:00,25.149999618530273,25.799999237060547,25.020000457763672,25.540000915527344,135800,0.0,0.0
2021-02-22 00:00:00-05:00,25.389999389648438,26.030000686645508,25.25,25.81999969482422,192100,0.0,0.0
2021-02-23 00:00:00-05:00,25.770000457763672,25.979999542236328,25.309999465942383,25.40999984741211,164900,0.0,0.0
2021-02-24 00:00:00-05:00,25.5,26.459999084472656,25.5,26.309999465942383,168800,0.0,0.0
2021-02-25 00:00:00-05:00,26.389999389648438,26.450000762939453,25.049999237060547,25.239999771118164,172900,0.0,0.0
2021-02-26 00:00:00-05:00,25.540000915527344,25.93000030517578,24.850000381469727,25.25,238800,0.0,0.0
2021-03-01 00:00:00-05:00,25.670000076293945,26.040000915527344,25.299999237060547,25.90999984741211,114500,0.0,0.0
2021-03-02 00:00:00-05:00,25.739999771118164,26.43000030517578,25.420000076293945,25.690000534057617,121400,0.0,0.0
2021-03-03 00:00:00-05:00,25.65999984741211,25.899999618530273,25.1299991607666,25.420000076293945,191800,0.0,0.0
2021-03-04 00:00:00-05:00,25.420000076293945,25.56999969482422,24.3700008392334,24.549999237060547,192300,0.0,0.0
2021-03-05 00:00:00-05:00,24.760000228881836,24.829999923706055,23.739999771118164,24.440000534057617,216200,0.0,0.0
2021-03-08 00:00:00-05:00,24.520000457763672,25.1200008392334,24.020000457763672,24.299999237060547,169200,0.0,0.0
2021-03-09 00:00:00-05:00,24.6299991607666,25.09000015258789,24.260000228881836,24.760000228881836,221200,0.0,0.0
2021-03-10 00:00:00-05:00,24.68000030517578,25.40999984741211,24.31999969482422,24.739999771118164,152500,0.0,0.0
2021-03-11 00:00:00-05:00,25.079999923706055,25.079999923706055,24.520000457763672,25.030000686645508,113600,0.0,0.0
2021-03-12 00:00:00-05:00,24.860000610351562,25.079999923706055,24.520000457763672,25.049999237060547,116500,0.0,0.0
2021-03-15 00:00:00-04:00,24.799999237060547,25.170000076293945,24.209999084472656,24.440000534057617,137400,0.0,0.0
2021-03-16 00:00:00-04:00,24.219999313354492,24.219999313354492,23.18000030517578,23.5,166500,0.0,0.0
2021-03-17 00:00:00-04:00,23.350000381469727,23.530000686645508,23.079999923706055,23.34000015258789,164600,0.0,0.0
2021-03-18 00:00:00-04:00,23.209999084472656,23.59000015258789,22.739999771118164,23.25,98300,0.0,0.0
2021-03-19 00:00:00-04:00,23.350000381469727,23.469999313354492,22.799999237060547,23.25,382600,0.0,0.0
2021-03-22 00:00:00-04:00,23.260000228881836,23.260000228881836,22.760000228881836,23.010000228881836,80400,0.0,0.0
2021-03-23 00:00:00-04:00,22.899999618530273,23.229999542236328,22.469999313354492,22.469999313354492,123200,0.0,0.0
2021-03-24 00:00:00-04:00,22.790000915527344,23.15999984741211,22.030000686645508,22.06999969482422,132800,0.0,0.0
2021-03-25 00:00:00-04:00,21.969999313354492,22.59000015258789,21.649999618530273,22.520000457763672,137400,0.0,0.0
2021-03-26 00:00:00-04:00,22.6200008392334,23.0,22.170000076293945,22.639999389648438,109000,0.0,0.0
2021-03-29 00:00:00-04:00,22.43000030517578,22.969999313354492,21.899999618530273,22.1299991607666,144200,0.0,0.0
2021-03-30 00:00:00-04:00,21.950000762939453,22.280000686645508,21.729999542236328,22.219999313354492,90700,0.0,0.0
2021-03-31 00:00:00-04:00,22.190000534057617,22.760000228881836,22.139999389648438,22.579999923706055,349100,0.0,0.0
2021-04-01 00:00:00-04:00,22.709999084472656,23.059999465942383,22.530000686645508,22.760000228881836,383700,0.0,0.0
2021-04-05 00:00:00-04:00,23.0,23.0,22.139999389648438,22.420000076293945,127900,0.0,0.0
2021-04-06 00:00:00-04:00,22.350000381469727,22.739999771118164,22.209999084472656,22.6299991607666,97300,0.0,0.0
2021-04-07 00:00:00-04:00,22.729999542236328,22.760000228881836,22.270000457763672,22.31999969482422,92300,0.0,0.0
2021-04-08 00:00:00-04:00,22.549999237060547,22.649999618530273,21.860000610351562,22.59000015258789,65200,0.0,0.0
2021-04-09 00:00:00-04:00,22.68000030517578,23.010000228881836,22.440000534057617,22.610000610351562,64900,0.0,0.0
2021-04-12 00:00:00-04:00,22.510000228881836,22.649999618530273,22.020000457763672,22.479999542236328,61500,0.0,0.0
2021-04-13 00:00:00-04:00,22.40999984741211,22.81999969482422,22.200000762939453,22.780000686645508,101000,0.0,0.0
2021-04-14 00:00:00-04:00,22.540000915527344,23.1299991607666,22.469999313354492,22.540000915527344,90500,0.0,0.0
2021-04-15 00:00:00-04:00,22.700000762939453,22.809999465942383,22.459999084472656,22.649999618530273,71300,0.0,0.0
2021-04-16 00:00:00-04:00,22.90999984741211,22.920000076293945,22.3799991607666,22.790000915527344,81200,0.0,0.0
2021-04-19 00:00:00-04:00,22.760000228881836,22.760000228881836,22.06999969482422,22.579999923706055,120500,0.0,0.0
2021-04-20 00:00:00-04:00,22.43000030517578,22.84000015258789,22.270000457763672,22.540000915527344,88100,0.0,0.0
2021-04-21 00:00:00-04:00,22.690000534057617,23.200000762939453,22.639999389648438,22.899999618530273,97800,0.0,0.0
2021-04-22 00:00:00-04:00,22.950000762939453,23.040000915527344,22.549999237060547,22.690000534057617,113800,0.0,0.0
2021-04-23 00:00:00-04:00,22.770000457763672,23.239999771118164,22.709999084472656,22.93000030517578,137100,0.0,0.0
2021-04-26 00:00:00-04:00,22.959999084472656,23.809999465942383,22.959999084472656,23.649999618530273,132400,0.0,0.0
2021-04-27 00:00:00-04:00,23.84000015258789,24.06999969482422,23.229999542236328,23.31999969482422,168600,0.0,0.0
2021-04-28 00:00:00-04:00,23.3799991607666,24.020000457763672,23.360000610351562,23.6200008392334,190700,0.0,0.0
2021-04-29 00:00:00-04:00,23.90999984741211,24.219999313354492,23.06999969482422,23.489999771118164,198200,0.0,0.0
2021-04-30 00:00:00-04:00,24.610000610351562,30.0,24.579999923706055,29.18000030517578,1894000,0.0,0.0
2021-05-03 00:00:00-04:00,28.940000534057617,29.09000015258789,27.850000381469727,28.31999969482422,709200,0.0,0.0
2021-05-04 00:00:00-04:00,28.299999237060547,28.719999313354492,27.799999237060547,28.600000381469727,257600,0.0,0.0
2021-05-05 00:00:00-04:00,28.610000610351562,30.049999237060547,28.540000915527344,29.799999237060547,459800,0.0,0.0
2021-05-06 00:00:00-04:00,29.989999771118164,32.16999816894531,29.170000076293945,32.06999969482422,690800,0.0,0.0
2021-05-07 00:00:00-04:00,31.719999313354492,32.34000015258789,30.479999542236328,30.65999984741211,470300,0.0,0.0
2021-05-10 00:00:00-04:00,30.719999313354492,30.8799991607666,29.459999084472656,29.5,275500,0.0,0.0
2021-05-11 00:00:00-04:00,29.0,29.989999771118164,28.690000534057617,29.420000076293945,112000,0.0,0.0
2021-05-12 00:00:00-04:00,29.1200008392334,29.549999237060547,28.270000457763672,28.450000762939453,489100,0.0,0.0
2021-05-13 00:00:00-04:00,28.6299991607666,29.389999389648438,28.6299991607666,28.81999969482422,155200,0.0,0.0
2021-05-14 00:00:00-04:00,28.979999542236328,29.290000915527344,28.729999542236328,28.989999771118164,161800,0.0,0.0
2021-05-17 00:00:00-04:00,28.829999923706055,29.149999618530273,28.649999618530273,29.049999237060547,108300,0.0,0.0
2021-05-18 00:00:00-04:00,29.049999237060547,30.1200008392334,29.049999237060547,29.610000610351562,139000,0.0,0.0
2021-05-19 00:00:00-04:00,29.229999542236328,30.3799991607666,28.950000762939453,30.3799991607666,197600,0.0,0.0
2021-05-20 00:00:00-04:00,30.3799991607666,31.479999542236328,30.239999771118164,31.25,357900,0.0,0.0
2021-05-21 00:00:00-04:00,31.389999389648438,31.780000686645508,30.799999237060547,31.530000686645508,236200,0.0,0.0
2021-05-24 00:00:00-04:00,31.56999969482422,31.6299991607666,29.8700008392334,29.889999389648438,246200,0.0,0.0
2021-05-25 00:00:00-04:00,30.010000228881836,30.270000457763672,29.389999389648438,29.459999084472656,305700,0.0,0.0
2021-05-26 00:00:00-04:00,29.040000915527344,29.309999465942383,28.479999542236328,28.809999465942383,282500,0.0,0.0
2021-05-27 00:00:00-04:00,28.809999465942383,29.520000457763672,28.700000762939453,29.209999084472656,294100,0.0,0.0
2021-05-28 00:00:00-04:00,29.549999237060547,29.809999465942383,28.719999313354492,28.809999465942383,86100,0.0,0.0
2021-06-01 00:00:00-04:00,28.739999771118164,29.559999465942383,28.6299991607666,29.389999389648438,305200,0.0,0.0
2021-06-02 00:00:00-04:00,29.56999969482422,29.56999969482422,28.309999465942383,28.739999771118164,225600,0.0,0.0
2021-06-03 00:00:00-04:00,28.479999542236328,28.84000015258789,28.059999465942383,28.719999313354492,117600,0.0,0.0
2021-06-04 00:00:00-04:00,28.719999313354492,29.040000915527344,28.68000030517578,28.889999389648438,87700,0.0,0.0
2021-06-07 00:00:00-04:00,28.889999389648438,29.059999465942383,28.729999542236328,28.920000076293945,124100,0.0,0.0
2021-06-08 00:00:00-04:00,29.139999389648438,29.15999984741211,28.56999969482422,28.809999465942383,147000,0.0,0.0
2021-06-09 00:00:00-04:00,28.899999618530273,28.899999618530273,28.520000457763672,28.770000457763672,100500,0.0,0.0
2021-06-10 00:00:00-04:00,28.790000915527344,29.1299991607666,28.600000381469727,28.969999313354492,76400,0.0,0.0
2021-06-11 00:00:00-04:00,28.940000534057617,29.15999984741211,28.889999389648438,29.059999465942383,77300,0.0,0.0
2021-06-14 00:00:00-04:00,29.010000228881836,29.350000381469727,28.290000915527344,29.270000457763672,140900,0.0,0.0
2021-06-15 00:00:00-04:00,29.309999465942383,29.600000381469727,29.110000610351562,29.579999923706055,103200,0.0,0.0
2021-06-16 00:00:00-04:00,29.40999984741211,29.610000610351562,29.059999465942383,29.579999923706055,174000,0.0,0.0
2021-06-17 00:00:00-04:00,29.459999084472656,29.8700008392334,29.450000762939453,29.75,152900,0.0,0.0
2021-06-18 00:00:00-04:00,29.579999923706055,29.979999542236328,28.40999984741211,28.459999084472656,523900,0.0,0.0
2021-06-21 00:00:00-04:00,28.670000076293945,29.190000534057617,28.350000381469727,29.190000534057617,220400,0.0,0.0
2021-06-22 00:00:00-04:00,29.059999465942383,29.440000534057617,28.780000686645508,29.440000534057617,118600,0.0,0.0
2021-06-23 00:00:00-04:00,29.34000015258789,29.670000076293945,29.209999084472656,29.469999313354492,117300,0.0,0.0
2021-06-24 00:00:00-04:00,29.670000076293945,29.670000076293945,29.280000686645508,29.3700008392334,83300,0.0,0.0
2021-06-25 00:00:00-04:00,29.31999969482422,29.43000030517578,29.040000915527344,29.18000030517578,406900,0.0,0.0
2021-06-28 00:00:00-04:00,29.059999465942383,29.059999465942383,28.3799991607666,28.520000457763672,101300,0.0,0.0
2021-06-29 00:00:00-04:00,28.440000534057617,28.790000915527344,28.350000381469727,28.510000228881836,62100,0.0,0.0
2021-06-30 00:00:00-04:00,28.350000381469727,28.5,28.06999969482422,28.399999618530273,74200,0.0,0.0
2021-07-01 00:00:00-04:00,28.399999618530273,28.8700008392334,28.34000015258789,28.700000762939453,93200,0.0,0.0
2021-07-02 00:00:00-04:00,28.81999969482422,29.1299991607666,28.059999465942383,28.170000076293945,70500,0.0,0.0
2021-07-06 00:00:00-04:00,28.059999465942383,28.229999542236328,27.34000015258789,28.049999237060547,135600,0.0,0.0
2021-07-07 00:00:00-04:00,28.020000457763672,28.15999984741211,27.479999542236328,28.06999969482422,74600,0.0,0.0
2021-07-08 00:00:00-04:00,27.559999465942383,27.899999618530273,27.270000457763672,27.790000915527344,67300,0.0,0.0
2021-07-09 00:00:00-04:00,27.969999313354492,27.979999542236328,27.719999313354492,27.790000915527344,60700,0.0,0.0
2021-07-12 00:00:00-04:00,27.649999618530273,27.8700008392334,27.399999618530273,27.579999923706055,82000,0.0,0.0
2021-07-13 00:00:00-04:00,27.350000381469727,27.770000457763672,27.0,27.229999542236328,110900,0.0,0.0
2021-07-14 00:00:00-04:00,27.260000228881836,27.260000228881836,26.450000762939453,26.540000915527344,117600,0.0,0.0
2021-07-15 00:00:00-04:00,26.15999984741211,26.309999465942383,25.690000534057617,25.860000610351562,97600,0.0,0.0
2021-07-16 00:00:00-04:00,26.100000381469727,26.100000381469727,25.520000457763672,25.6200008392334,67800,0.0,0.0
2021-07-19 00:00:00-04:00,25.1299991607666,26.139999389648438,25.1299991607666,25.520000457763672,120800,0.0,0.0
2021-07-20 00:00:00-04:00,25.65999984741211,26.860000610351562,25.65999984741211,26.43000030517578,245700,0.0,0.0
2021-07-21 00:00:00-04:00,26.540000915527344,26.760000228881836,26.190000534057617,26.290000915527344,96200,0.0,0.0
2021-07-22 00:00:00-04:00,26.09000015258789,26.219999313354492,25.399999618530273,25.59000015258789,66700,0.0,0.0
2021-07-23 00:00:00-04:00,25.790000915527344,25.899999618530273,25.260000228881836,25.760000228881836,78800,0.0,0.0
2021-07-26 00:00:00-04:00,26.0,26.1200008392334,25.75,25.899999618530273,91400,0.0,0.0
2021-07-27 00:00:00-04:00,25.670000076293945,25.959999084472656,25.40999984741211,25.8700008392334,143700,0.0,0.0
2021-07-28 00:00:00-04:00,26.139999389648438,26.719999313354492,25.690000534057617,26.649999618530273,90200,0.0,0.0
2021-07-29 00:00:00-04:00,27.149999618530273,27.65999984741211,27.0,27.40999984741211,170000,0.0,0.0
2021-07-30 00:00:00-04:00,27.010000228881836,28.0,26.360000610351562,27.0,263300,0.0,0.0
2021-08-02 00:00:00-04:00,27.270000457763672,27.639999389648438,26.899999618530273,26.950000762939453,295500,0.0,0.0
2021-08-03 00:00:00-04:00,27.0,27.190000534057617,26.229999542236328,26.969999313354492,186100,0.0,0.0
2021-08-04 00:00:00-04:00,26.6299991607666,27.56999969482422,26.6299991607666,26.719999313354492,131100,0.0,0.0
2021-08-05 00:00:00-04:00,26.899999618530273,27.440000534057617,26.549999237060547,27.170000076293945,123200,0.0,0.0
2021-08-06 00:00:00-04:00,27.469999313354492,27.469999313354492,26.729999542236328,27.309999465942383,68200,0.0,0.0
2021-08-09 00:00:00-04:00,27.18000030517578,27.270000457763672,26.93000030517578,27.100000381469727,75800,0.0,0.0
2021-08-10 00:00:00-04:00,27.040000915527344,27.100000381469727,26.510000228881836,26.729999542236328,218500,0.0,0.0
2021-08-11 00:00:00-04:00,26.6200008392334,26.6200008392334,26.1299991607666,26.299999237060547,86300,0.0,0.0
2021-08-12 00:00:00-04:00,26.079999923706055,26.079999923706055,25.479999542236328,25.5,83700,0.0,0.0
2021-08-13 00:00:00-04:00,25.43000030517578,25.43000030517578,24.8799991607666,25.139999389648438,87500,0.0,0.0
2021-08-16 00:00:00-04:00,25.06999969482422,25.719999313354492,24.90999984741211,25.639999389648438,64300,0.0,0.0
2021-08-17 00:00:00-04:00,25.3700008392334,25.850000381469727,24.93000030517578,25.6299991607666,56200,0.0,0.0
2021-08-18 00:00:00-04:00,25.579999923706055,25.8799991607666,25.100000381469727,25.1299991607666,65200,0.0,0.0
2021-08-19 00:00:00-04:00,24.950000762939453,25.43000030517578,24.719999313354492,25.020000457763672,93800,0.0,0.0
2021-08-20 00:00:00-04:00,24.969999313354492,25.540000915527344,24.729999542236328,25.420000076293945,92100,0.0,0.0
2021-08-23 00:00:00-04:00,25.520000457763672,26.09000015258789,25.510000228881836,25.920000076293945,59800,0.0,0.0
2021-08-24 00:00:00-04:00,26.030000686645508,26.510000228881836,25.479999542236328,25.899999618530273,78900,0.0,0.0
2021-08-25 00:00:00-04:00,25.770000457763672,26.18000030517578,25.399999618530273,25.43000030517578,100100,0.0,0.0
2021-08-26 00:00:00-04:00,25.209999084472656,25.399999618530273,24.68000030517578,24.899999618530273,99100,0.0,0.0
2021-08-27 00:00:00-04:00,24.84000015258789,25.979999542236328,24.84000015258789,25.950000762939453,149900,0.0,0.0
2021-08-30 00:00:00-04:00,26.09000015258789,26.290000915527344,25.600000381469727,25.75,80800,0.0,0.0
2021-08-31 00:00:00-04:00,25.670000076293945,26.6299991607666,25.549999237060547,26.239999771118164,142700,0.0,0.0
2021-09-01 00:00:00-04:00,26.3799991607666,26.510000228881836,25.81999969482422,26.40999984741211,126400,0.0,0.0
2021-09-02 00:00:00-04:00,26.399999618530273,26.899999618530273,26.31999969482422,26.450000762939453,93100,0.0,0.0
2021-09-03 00:00:00-04:00,26.399999618530273,26.399999618530273,25.360000610351562,25.770000457763672,101600,0.0,0.0
2021-09-07 00:00:00-04:00,25.940000534057617,26.299999237060547,25.299999237060547,26.200000762939453,87000,0.0,0.0
2021-09-08 00:00:00-04:00,25.959999084472656,26.31999969482422,25.93000030517578,26.0,131400,0.0,0.0
2021-09-09 00:00:00-04:00,26.020000457763672,26.040000915527344,25.25,25.280000686645508,113800,0.0,0.0
2021-09-10 00:00:00-04:00,25.3799991607666,25.389999389648438,24.649999618530273,24.829999923706055,127800,0.0,0.0
2021-09-13 00:00:00-04:00,25.040000915527344,25.040000915527344,24.469999313354492,24.90999984741211,137700,0.0,0.0
2021-09-14 00:00:00-04:00,25.110000610351562,25.219999313354492,24.420000076293945,24.610000610351562,208600,0.0,0.0
2021-09-15 00:00:00-04:00,24.510000228881836,24.850000381469727,24.040000915527344,24.829999923706055,130000,0.0,0.0
2021-09-16 00:00:00-04:00,24.940000534057617,24.940000534057617,24.440000534057617,24.6299991607666,135900,0.0,0.0
2021-09-17 00:00:00-04:00,24.649999618530273,24.649999618530273,23.700000762939453,23.940000534057617,613400,0.0,0.0
2021-09-20 00:00:00-04:00,23.510000228881836,23.770000457763672,22.700000762939453,22.959999084472656,216000,0.0,0.0
2021-09-21 00:00:00-04:00,23.25,23.850000381469727,23.15999984741211,23.56999969482422,189100,0.0,0.0
2021-09-22 00:00:00-04:00,23.790000915527344,24.25,23.489999771118164,23.739999771118164,93300,0.0,0.0
2021-09-23 00:00:00-04:00,23.780000686645508,23.81999969482422,23.40999984741211,23.68000030517578,132500,0.0,0.0
2021-09-24 00:00:00-04:00,23.469999313354492,23.6200008392334,23.15999984741211,23.219999313354492,132100,0.0,0.0
2021-09-27 00:00:00-04:00,23.149999618530273,23.65999984741211,22.950000762939453,23.399999618530273,130000,0.0,0.0
2021-09-28 00:00:00-04:00,23.200000762939453,23.200000762939453,22.889999389648438,22.959999084472656,122000,0.0,0.0
2021-09-29 00:00:00-04:00,22.950000762939453,23.299999237060547,22.639999389648438,22.729999542236328,98500,0.0,0.0
2021-09-30 00:00:00-04:00,22.920000076293945,22.959999084472656,22.15999984741211,22.290000915527344,163200,0.0,0.0
2021-10-01 00:00:00-04:00,22.399999618530273,23.200000762939453,21.860000610351562,22.84000015258789,216300,0.0,0.0
2021-10-04 00:00:00-04:00,22.709999084472656,22.84000015258789,22.100000381469727,22.389999389648438,142700,0.0,0.0
2021-10-05 00:00:00-04:00,22.309999465942383,22.93000030517578,22.200000762939453,22.65999984741211,174000,0.0,0.0
2021-10-06 00:00:00-04:00,22.459999084472656,22.6299991607666,21.780000686645508,22.1200008392334,89300,0.0,0.0
2021-10-07 00:00:00-04:00,22.1299991607666,22.420000076293945,21.969999313354492,21.989999771118164,161700,0.0,0.0
2021-10-08 00:00:00-04:00,21.959999084472656,22.110000610351562,21.719999313354492,21.770000457763672,141600,0.0,0.0
2021-10-11 00:00:00-04:00,21.799999237060547,21.799999237060547,21.110000610351562,21.350000381469727,136300,0.0,0.0
2021-10-12 00:00:00-04:00,21.360000610351562,21.670000076293945,21.309999465942383,21.549999237060547,56600,0.0,0.0
2021-10-13 00:00:00-04:00,21.510000228881836,21.59000015258789,21.290000915527344,21.520000457763672,102300,0.0,0.0
2021-10-14 00:00:00-04:00,21.709999084472656,21.790000915527344,21.299999237060547,21.520000457763672,77300,0.0,0.0
2021-10-15 00:00:00-04:00,21.889999389648438,21.950000762939453,21.290000915527344,21.360000610351562,128000,0.0,0.0
2021-10-18 00:00:00-04:00,21.270000457763672,21.280000686645508,20.65999984741211,20.690000534057617,70200,0.0,0.0
2021-10-19 00:00:00-04:00,20.600000381469727,21.149999618530273,20.600000381469727,21.06999969482422,84600,0.0,0.0
2021-10-20 00:00:00-04:00,21.1299991607666,21.209999084472656,20.780000686645508,21.18000030517578,71800,0.0,0.0
2021-10-21 00:00:00-04:00,21.18000030517578,21.3700008392334,21.030000686645508,21.09000015258789,113800,0.0,0.0
2021-10-22 00:00:00-04:00,21.049999237060547,21.389999389648438,20.889999389648438,21.040000915527344,65300,0.0,0.0
2021-10-25 00:00:00-04:00,21.079999923706055,21.350000381469727,20.850000381469727,21.239999771118164,74600,0.0,0.0
2021-10-26 00:00:00-04:00,21.229999542236328,21.31999969482422,21.0,21.1299991607666,83000,0.0,0.0
2021-10-27 00:00:00-04:00,21.0,21.020000457763672,20.6200008392334,20.670000076293945,98400,0.0,0.0
2021-10-28 00:00:00-04:00,20.68000030517578,20.81999969482422,20.329999923706055,20.489999771118164,193800,0.0,0.0
2021-10-29 00:00:00-04:00,20.3799991607666,20.68000030517578,20.09000015258789,20.639999389648438,97500,0.0,0.0
2021-11-01 00:00:00-04:00,20.81999969482422,21.280000686645508,20.56999969482422,21.030000686645508,106700,0.0,0.0
2021-11-02 00:00:00-04:00,21.18000030517578,21.18000030517578,20.549999237060547,20.81999969482422,77700,0.0,0.0
2021-11-03 00:00:00-04:00,20.850000381469727,21.3700008392334,20.799999237060547,21.270000457763672,86900,0.0,0.0
2021-11-04 00:00:00-04:00,21.329999923706055,21.420000076293945,20.780000686645508,21.209999084472656,120300,0.0,0.0
2021-11-05 00:00:00-04:00,21.5,23.139999389648438,21.5,22.18000030517578,224600,0.0,0.0
2021-11-08 00:00:00-05:00,22.200000762939453,22.600000381469727,21.809999465942383,22.25,164600,0.0,0.0
2021-11-09 00:00:00-05:00,22.239999771118164,22.420000076293945,21.280000686645508,21.81999969482422,151500,0.0,0.0
2021-11-10 00:00:00-05:00,21.65999984741211,21.770000457763672,21.059999465942383,21.31999969482422,127600,0.0,0.0
2021-11-11 00:00:00-05:00,21.350000381469727,21.350000381469727,20.84000015258789,20.8799991607666,138600,0.0,0.0
2021-11-12 00:00:00-05:00,21.079999923706055,21.079999923706055,20.209999084472656,20.239999771118164,186000,0.0,0.0
2021-11-15 00:00:00-05:00,20.350000381469727,20.350000381469727,19.690000534057617,19.8700008392334,175300,0.0,0.0
2021-11-16 00:00:00-05:00,19.600000381469727,20.079999923706055,19.440000534057617,19.549999237060547,214100,0.0,0.0
2021-11-17 00:00:00-05:00,19.420000076293945,19.860000610351562,19.350000381469727,19.690000534057617,179300,0.0,0.0
2021-11-18 00:00:00-05:00,19.639999389648438,19.75,18.739999771118164,19.219999313354492,229100,0.0,0.0
2021-11-19 00:00:00-05:00,18.989999771118164,19.079999923706055,18.579999923706055,18.950000762939453,177000,0.0,0.0
2021-11-22 00:00:00-05:00,19.049999237060547,19.209999084472656,18.6200008392334,18.84000015258789,185300,0.0,0.0
2021-11-23 00:00:00-05:00,18.719999313354492,18.770000457763672,18.18000030517578,18.3700008392334,239800,0.0,0.0
2021-11-24 00:00:00-05:00,18.209999084472656,18.959999084472656,18.149999618530273,18.84000015258789,118300,0.0,0.0
2021-11-26 00:00:00-05:00,18.34000015258789,18.510000228881836,17.600000381469727,18.309999465942383,200500,0.0,0.0
2021-11-29 00:00:00-05:00,18.610000610351562,18.68000030517578,17.270000457763672,17.360000610351562,224400,0.0,0.0
2021-11-30 00:00:00-05:00,17.25,17.59000015258789,16.950000762939453,17.190000534057617,223400,0.0,0.0
2021-12-01 00:00:00-05:00,17.8799991607666,18.18000030517578,17.739999771118164,17.799999237060547,257200,0.0,0.0
2021-12-02 00:00:00-05:00,18.030000686645508,18.649999618530273,17.809999465942383,18.610000610351562,268700,0.0,0.0
2021-12-03 00:00:00-05:00,18.809999465942383,18.940000534057617,17.59000015258789,17.84000015258789,192200,0.0,0.0
2021-12-06 00:00:00-05:00,18.0,18.770000457763672,17.780000686645508,18.459999084472656,146300,0.0,0.0
2021-12-07 00:00:00-05:00,18.600000381469727,19.06999969482422,18.520000457763672,18.639999389648438,115100,0.0,0.0
2021-12-08 00:00:00-05:00,18.610000610351562,18.8700008392334,18.40999984741211,18.760000228881836,113500,0.0,0.0
2021-12-09 00:00:00-05:00,18.670000076293945,19.079999923706055,18.440000534057617,18.81999969482422,170300,0.0,0.0
2021-12-10 00:00:00-05:00,18.979999542236328,19.110000610351562,18.360000610351562,18.43000030517578,118500,0.0,0.0
2021-12-13 00:00:00-05:00,18.389999389648438,18.579999923706055,17.90999984741211,18.309999465942383,169400,0.0,0.0
2021-12-14 00:00:00-05:00,18.299999237060547,18.670000076293945,18.200000762939453,18.3700008392334,158100,0.0,0.0
2021-12-15 00:00:00-05:00,18.450000762939453,18.950000762939453,18.260000228881836,18.860000610351562,217200,0.0,0.0
2021-12-16 00:00:00-05:00,18.989999771118164,19.34000015258789,18.31999969482422,18.389999389648438,202200,0.0,0.0
2021-12-17 00:00:00-05:00,18.790000915527344,19.5,18.549999237060547,19.290000915527344,1216700,0.0,0.0
2021-12-20 00:00:00-05:00,19.010000228881836,19.280000686645508,18.549999237060547,19.100000381469727,184500,0.0,0.0
2021-12-21 00:00:00-05:00,19.25,19.770000457763672,18.899999618530273,19.59000015258789,170600,0.0,0.0
2021-12-22 00:00:00-05:00,19.549999237060547,19.950000762939453,19.549999237060547,19.93000030517578,126900,0.0,0.0
2021-12-23 00:00:00-05:00,20.0,20.3799991607666,19.889999389648438,20.350000381469727,120300,0.0,0.0
2021-12-27 00:00:00-05:00,20.360000610351562,21.020000457763672,20.360000610351562,20.81999969482422,210500,0.0,0.0
2021-12-28 00:00:00-05:00,20.850000381469727,20.850000381469727,19.8700008392334,20.149999618530273,159800,0.0,0.0
2021-12-29 00:00:00-05:00,20.1299991607666,20.329999923706055,19.8799991607666,20.25,190000,0.0,0.0
2021-12-30 00:00:00-05:00,20.219999313354492,20.649999618530273,20.219999313354492,20.43000030517578,105600,0.0,0.0
2021-12-31 00:00:00-05:00,20.5,20.780000686645508,20.309999465942383,20.350000381469727,164600,0.0,0.0
2022-01-03 00:00:00-05:00,20.389999389648438,21.760000228881836,20.219999313354492,21.719999313354492,213900,0.0,0.0
2022-01-04 00:00:00-05:00,21.700000762939453,22.0,21.59000015258789,21.65999984741211,155900,0.0,0.0
2022-01-05 00:00:00-05:00,21.649999618530273,22.010000228881836,21.329999923706055,21.3799991607666,173500,0.0,0.0
2022-01-06 00:00:00-05:00,21.3700008392334,21.649999618530273,20.8799991607666,21.31999969482422,144900,0.0,0.0
2022-01-07 00:00:00-05:00,20.93000030517578,21.290000915527344,20.110000610351562,20.34000015258789,198200,0.0,0.0
2022-01-10 00:00:00-05:00,20.149999618530273,20.68000030517578,19.700000762939453,20.34000015258789,165300,0.0,0.0
2022-01-11 00:00:00-05:00,20.239999771118164,20.3799991607666,19.530000686645508,19.579999923706055,484000,0.0,0.0
2022-01-12 00:00:00-05:00,19.260000228881836,19.5,18.510000228881836,18.6299991607666,226000,0.0,0.0
2022-01-13 00:00:00-05:00,18.690000534057617,19.110000610351562,18.510000228881836,18.639999389648438,230900,0.0,0.0
2022-01-14 00:00:00-05:00,18.079999923706055,19.309999465942383,18.030000686645508,19.149999618530273,144100,0.0,0.0
2022-01-18 00:00:00-05:00,18.889999389648438,18.90999984741211,18.139999389648438,18.219999313354492,120600,0.0,0.0
2022-01-19 00:00:00-05:00,18.1200008392334,18.770000457763672,17.81999969482422,17.979999542236328,161300,0.0,0.0
2022-01-20 00:00:00-05:00,17.8700008392334,18.520000457763672,17.56999969482422,17.6299991607666,100100,0.0,0.0
2022-01-21 00:00:00-05:00,17.639999389648438,18.219999313354492,17.489999771118164,17.8799991607666,257500,0.0,0.0
2022-01-24 00:00:00-05:00,17.329999923706055,19.020000457763672,17.329999923706055,18.719999313354492,152400,0.0,0.0
2022-01-25 00:00:00-05:00,18.360000610351562,18.889999389648438,17.309999465942383,18.18000030517578,236600,0.0,0.0
2022-01-26 00:00:00-05:00,18.260000228881836,18.329999923706055,17.360000610351562,17.559999465942383,172400,0.0,0.0
2022-01-27 00:00:00-05:00,17.3700008392334,18.1200008392334,16.770000457763672,17.040000915527344,195300,0.0,0.0
2022-01-28 00:00:00-05:00,16.90999984741211,17.31999969482422,16.610000610351562,17.290000915527344,238900,0.0,0.0
2022-01-31 00:00:00-05:00,17.290000915527344,17.969999313354492,17.200000762939453,17.799999237060547,161500,0.0,0.0
2022-02-01 00:00:00-05:00,18.030000686645508,18.149999618530273,17.190000534057617,17.780000686645508,216300,0.0,0.0
2022-02-02 00:00:00-05:00,17.799999237060547,17.799999237060547,17.0,17.260000228881836,201700,0.0,0.0
2022-02-03 00:00:00-05:00,17.059999465942383,17.389999389648438,16.8700008392334,16.950000762939453,212900,0.0,0.0
2022-02-04 00:00:00-05:00,16.889999389648438,17.299999237060547,16.579999923706055,17.219999313354492,117400,0.0,0.0
2022-02-07 00:00:00-05:00,17.200000762939453,17.920000076293945,16.899999618530273,17.3799991607666,121300,0.0,0.0
2022-02-08 00:00:00-05:00,17.559999465942383,17.979999542236328,17.399999618530273,17.90999984741211,80100,0.0,0.0
2022-02-09 00:00:00-05:00,18.170000076293945,18.700000762939453,17.93000030517578,18.1299991607666,105300,0.0,0.0
2022-02-10 00:00:00-05:00,17.709999084472656,18.110000610351562,17.6299991607666,17.739999771118164,164500,0.0,0.0
2022-02-11 00:00:00-05:00,17.940000534057617,18.5,17.329999923706055,17.700000762939453,93600,0.0,0.0
2022-02-14 00:00:00-05:00,17.790000915527344,18.049999237060547,17.56999969482422,17.709999084472656,128900,0.0,0.0
2022-02-15 00:00:00-05:00,17.979999542236328,18.200000762939453,17.850000381469727,18.0,125300,0.0,0.0
2022-02-16 00:00:00-05:00,18.0,18.0,17.389999389648438,17.760000228881836,167400,0.0,0.0
2022-02-17 00:00:00-05:00,17.56999969482422,17.709999084472656,17.229999542236328,17.5,101500,0.0,0.0
2022-02-18 00:00:00-05:00,17.350000381469727,17.809999465942383,16.559999465942383,17.75,345000,0.0,0.0
2022-02-22 00:00:00-05:00,17.670000076293945,18.399999618530273,17.399999618530273,17.450000762939453,184100,0.0,0.0
2022-02-23 00:00:00-05:00,17.520000457763672,18.600000381469727,17.469999313354492,18.440000534057617,185900,0.0,0.0
2022-02-24 00:00:00-05:00,18.280000686645508,19.3700008392334,18.059999465942383,19.31999969482422,145800,0.0,0.0
2022-02-25 00:00:00-05:00,19.309999465942383,19.489999771118164,18.760000228881836,19.350000381469727,141700,0.0,0.0
2022-02-28 00:00:00-05:00,19.25,20.100000381469727,19.25,19.549999237060547,255000,0.0,0.0
2022-03-01 00:00:00-05:00,19.90999984741211,20.079999923706055,19.68000030517578,19.889999389648438,166100,0.0,0.0
2022-03-02 00:00:00-05:00,20.15999984741211,20.899999618530273,20.100000381469727,20.799999237060547,152100,0.0,0.0
2022-03-03 00:00:00-05:00,21.31999969482422,22.040000915527344,20.860000610351562,21.15999984741211,299900,0.0,0.0
2022-03-04 00:00:00-05:00,20.829999923706055,21.729999542236328,20.729999542236328,21.690000534057617,120000,0.0,0.0
2022-03-07 00:00:00-05:00,21.3700008392334,21.670000076293945,21.299999237060547,21.309999465942383,171600,0.0,0.0
2022-03-08 00:00:00-05:00,21.510000228881836,21.68000030517578,19.93000030517578,20.31999969482422,261700,0.0,0.0
2022-03-09 00:00:00-05:00,20.459999084472656,20.760000228881836,19.90999984741211,20.729999542236328,215900,0.0,0.0
2022-03-10 00:00:00-05:00,20.34000015258789,20.649999618530273,20.020000457763672,20.549999237060547,104600,0.0,0.0
2022-03-11 00:00:00-05:00,20.760000228881836,20.90999984741211,19.579999923706055,19.610000610351562,153900,0.0,0.0
2022-03-14 00:00:00-04:00,19.690000534057617,19.760000228881836,19.06999969482422,19.25,151500,0.0,0.0
2022-03-15 00:00:00-04:00,19.469999313354492,19.739999771118164,19.110000610351562,19.520000457763672,99700,0.0,0.0
2022-03-16 00:00:00-04:00,19.81999969482422,20.459999084472656,19.700000762939453,20.389999389648438,238700,0.0,0.0
2022-03-17 00:00:00-04:00,20.239999771118164,21.65999984741211,20.010000228881836,21.540000915527344,175600,0.0,0.0
2022-03-18 00:00:00-04:00,21.65999984741211,21.850000381469727,21.299999237060547,21.739999771118164,432900,0.0,0.0
2022-03-21 00:00:00-04:00,21.649999618530273,21.760000228881836,20.690000534057617,20.860000610351562,98600,0.0,0.0
2022-03-22 00:00:00-04:00,20.75,21.139999389648438,20.56999969482422,20.639999389648438,139600,0.0,0.0
2022-03-23 00:00:00-04:00,20.34000015258789,20.34000015258789,19.34000015258789,19.790000915527344,239000,0.0,0.0
2022-03-24 00:00:00-04:00,19.65999984741211,20.260000228881836,19.600000381469727,20.25,174200,0.0,0.0
2022-03-25 00:00:00-04:00,20.260000228881836,21.0,20.059999465942383,20.489999771118164,217000,0.0,0.0
2022-03-28 00:00:00-04:00,20.299999237060547,20.65999984741211,20.299999237060547,20.559999465942383,161700,0.0,0.0
2022-03-29 00:00:00-04:00,21.040000915527344,21.360000610351562,20.809999465942383,21.09000015258789,254500,0.0,0.0
2022-03-30 00:00:00-04:00,21.110000610351562,21.56999969482422,21.030000686645508,21.489999771118164,210900,0.0,0.0
2022-03-31 00:00:00-04:00,21.229999542236328,21.719999313354492,21.219999313354492,21.3799991607666,214300,0.0,0.0
2022-04-01 00:00:00-04:00,21.510000228881836,21.899999618530273,21.3799991607666,21.65999984741211,205500,0.0,0.0
2022-04-04 00:00:00-04:00,21.760000228881836,21.760000228881836,20.860000610351562,21.360000610351562,207100,0.0,0.0
2022-04-05 00:00:00-04:00,21.389999389648438,22.0,21.299999237060547,21.329999923706055,216500,0.0,0.0
2022-04-06 00:00:00-04:00,21.290000915527344,21.950000762939453,20.979999542236328,21.84000015258789,304300,0.0,0.0
2022-04-07 00:00:00-04:00,21.940000534057617,22.5,21.600000381469727,22.5,335900,0.0,0.0
2022-04-08 00:00:00-04:00,22.540000915527344,22.75,21.8700008392334,22.18000030517578,273400,0.0,0.0
2022-04-11 00:00:00-04:00,22.18000030517578,22.18000030517578,20.8700008392334,20.959999084472656,229300,0.0,0.0
2022-04-12 00:00:00-04:00,21.190000534057617,21.399999618530273,20.940000534057617,20.969999313354492,519000,0.0,0.0
2022-04-13 00:00:00-04:00,21.06999969482422,21.790000915527344,20.860000610351562,21.5,247800,0.0,0.0
2022-04-14 00:00:00-04:00,21.639999389648438,22.200000762939453,21.420000076293945,22.15999984741211,195500,0.0,0.0
2022-04-18 00:00:00-04:00,22.1299991607666,22.950000762939453,21.3799991607666,21.469999313354492,195100,0.0,0.0
2022-04-19 00:00:00-04:00,21.760000228881836,22.690000534057617,21.6299991607666,22.420000076293945,239500,0.0,0.0
2022-04-20 00:00:00-04:00,22.780000686645508,23.06999969482422,22.389999389648438,22.600000381469727,271600,0.0,0.0
2022-04-21 00:00:00-04:00,22.739999771118164,22.81999969482422,22.270000457763672,22.65999984741211,310600,0.0,0.0
2022-04-22 00:00:00-04:00,22.440000534057617,22.979999542236328,21.670000076293945,21.719999313354492,272500,0.0,0.0
2022-04-25 00:00:00-04:00,22.0,22.950000762939453,22.0,22.90999984741211,340500,0.0,0.0
2022-04-26 00:00:00-04:00,22.65999984741211,22.829999923706055,21.809999465942383,21.829999923706055,300300,0.0,0.0
2022-04-27 00:00:00-04:00,21.639999389648438,22.079999923706055,20.790000915527344,20.940000534057617,269100,0.0,0.0
2022-04-28 00:00:00-04:00,21.329999923706055,21.329999923706055,20.219999313354492,20.709999084472656,197700,0.0,0.0
2022-04-29 00:00:00-04:00,20.520000457763672,21.1200008392334,20.229999542236328,20.290000915527344,157900,0.0,0.0
2022-05-02 00:00:00-04:00,20.329999923706055,20.829999923706055,20.1299991607666,20.399999618530273,187800,0.0,0.0
2022-05-03 00:00:00-04:00,20.280000686645508,20.59000015258789,20.010000228881836,20.350000381469727,190800,0.0,0.0
2022-05-04 00:00:00-04:00,20.40999984741211,20.809999465942383,20.059999465942383,20.700000762939453,207200,0.0,0.0
2022-05-05 00:00:00-04:00,20.31999969482422,20.84000015258789,18.899999618530273,19.15999984741211,203500,0.0,0.0
2022-05-06 00:00:00-04:00,19.549999237060547,20.149999618530273,17.950000762939453,18.34000015258789,335100,0.0,0.0
2022-05-09 00:00:00-04:00,18.079999923706055,18.6299991607666,16.239999771118164,16.520000457763672,238600,0.0,0.0
2022-05-10 00:00:00-04:00,16.68000030517578,16.760000228881836,15.960000038146973,16.219999313354492,348700,0.0,0.0
2022-05-11 00:00:00-04:00,16.209999084472656,17.100000381469727,15.619999885559082,15.739999771118164,212400,0.0,0.0
2022-05-12 00:00:00-04:00,15.710000038146973,16.149999618530273,15.4399995803833,15.729999542236328,244300,0.0,0.0
2022-05-13 00:00:00-04:00,15.90999984741211,16.520000457763672,15.90999984741211,16.40999984741211,133000,0.0,0.0
2022-05-16 00:00:00-04:00,16.540000915527344,17.389999389648438,16.420000076293945,17.239999771118164,247600,0.0,0.0
2022-05-17 00:00:00-04:00,17.56999969482422,18.56999969482422,17.56999969482422,18.260000228881836,237200,0.0,0.0
2022-05-18 00:00:00-04:00,18.309999465942383,19.1200008392334,18.200000762939453,18.479999542236328,343400,0.0,0.0
2022-05-19 00:00:00-04:00,18.360000610351562,18.68000030517578,17.729999542236328,18.06999969482422,252800,0.0,0.0
2022-05-20 00:00:00-04:00,18.450000762939453,18.989999771118164,18.25,18.84000015258789,205300,0.0,0.0
2022-05-23 00:00:00-04:00,19.149999618530273,19.270000457763672,18.540000915527344,18.75,179200,0.0,0.0
2022-05-24 00:00:00-04:00,18.540000915527344,18.780000686645508,18.18000030517578,18.290000915527344,153600,0.0,0.0
2022-05-25 00:00:00-04:00,18.209999084472656,18.93000030517578,18.209999084472656,18.739999771118164,119500,0.0,0.0
2022-05-26 00:00:00-04:00,18.989999771118164,19.290000915527344,18.989999771118164,19.06999969482422,102000,0.0,0.0
2022-05-27 00:00:00-04:00,19.209999084472656,19.81999969482422,18.989999771118164,19.469999313354492,97800,0.0,0.0
2022-05-31 00:00:00-04:00,19.110000610351562,19.700000762939453,18.979999542236328,19.559999465942383,155800,0.0,0.0
2022-06-01 00:00:00-04:00,19.329999923706055,19.59000015258789,18.719999313354492,19.040000915527344,182000,0.0,0.0
2022-06-02 00:00:00-04:00,18.760000228881836,19.34000015258789,18.760000228881836,19.09000015258789,223900,0.0,0.0
2022-06-03 00:00:00-04:00,18.780000686645508,18.850000381469727,18.100000381469727,18.139999389648438,115000,0.0,0.0
2022-06-06 00:00:00-04:00,18.43000030517578,18.540000915527344,17.920000076293945,18.030000686645508,98200,0.0,0.0
2022-06-07 00:00:00-04:00,17.959999084472656,18.270000457763672,17.860000610351562,18.0,165000,0.0,0.0
2022-06-08 00:00:00-04:00,17.8700008392334,18.049999237060547,17.770000457763672,17.889999389648438,242200,0.0,0.0
2022-06-09 00:00:00-04:00,17.790000915527344,17.8799991607666,17.420000076293945,17.530000686645508,182000,0.0,0.0
2022-06-10 00:00:00-04:00,16.969999313354492,17.780000686645508,16.899999618530273,17.469999313354492,146600,0.0,0.0
2022-06-13 00:00:00-04:00,16.860000610351562,17.1200008392334,16.510000228881836,16.6200008392334,138500,0.0,0.0
2022-06-14 00:00:00-04:00,16.65999984741211,16.729999542236328,16.010000228881836,16.260000228881836,152000,0.0,0.0
2022-06-15 00:00:00-04:00,16.540000915527344,16.979999542236328,16.40999984741211,16.760000228881836,222800,0.0,0.0
2022-06-16 00:00:00-04:00,16.549999237060547,16.719999313354492,15.880000114440918,16.290000915527344,151800,0.0,0.0
2022-06-17 00:00:00-04:00,16.540000915527344,17.1299991607666,16.540000915527344,16.579999923706055,395400,0.0,0.0
2022-06-21 00:00:00-04:00,16.860000610351562,17.15999984741211,16.610000610351562,16.940000534057617,262700,0.0,0.0
2022-06-22 00:00:00-04:00,17.079999923706055,18.799999237060547,17.079999923706055,18.670000076293945,491700,0.0,0.0
2022-06-23 00:00:00-04:00,18.760000228881836,19.3799991607666,18.610000610351562,19.1299991607666,673200,0.0,0.0
2022-06-24 00:00:00-04:00,19.350000381469727,20.200000762939453,19.25,19.389999389648438,599700,0.0,0.0
2022-06-27 00:00:00-04:00,19.559999465942383,19.600000381469727,18.829999923706055,19.299999237060547,214700,0.0,0.0
2022-06-28 00:00:00-04:00,19.440000534057617,19.709999084472656,18.579999923706055,18.639999389648438,177500,0.0,0.0
2022-06-29 00:00:00-04:00,18.610000610351562,18.860000610351562,18.1299991607666,18.709999084472656,134700,0.0,0.0
2022-06-30 00:00:00-04:00,18.510000228881836,19.209999084472656,18.209999084472656,18.8799991607666,164500,0.0,0.0
2022-07-01 00:00:00-04:00,18.799999237060547,19.489999771118164,18.68000030517578,19.209999084472656,173400,0.0,0.0
2022-07-05 00:00:00-04:00,18.84000015258789,19.43000030517578,18.540000915527344,19.389999389648438,234000,0.0,0.0
2022-07-06 00:00:00-04:00,19.399999618530273,19.65999984741211,19.170000076293945,19.329999923706055,238400,0.0,0.0
2022-07-07 00:00:00-04:00,19.510000228881836,19.75,19.299999237060547,19.479999542236328,183100,0.0,0.0
2022-07-08 00:00:00-04:00,19.219999313354492,19.549999237060547,18.8700008392334,19.079999923706055,100400,0.0,0.0
2022-07-11 00:00:00-04:00,18.829999923706055,19.149999618530273,18.270000457763672,18.309999465942383,63000,0.0,0.0
2022-07-12 00:00:00-04:00,18.399999618530273,18.579999923706055,18.1299991607666,18.450000762939453,88100,0.0,0.0
2022-07-13 00:00:00-04:00,18.239999771118164,18.420000076293945,17.93000030517578,18.280000686645508,103700,0.0,0.0
2022-07-14 00:00:00-04:00,18.0,18.329999923706055,17.920000076293945,18.290000915527344,83500,0.0,0.0
2022-07-15 00:00:00-04:00,18.639999389648438,18.639999389648438,18.1299991607666,18.440000534057617,135100,0.0,0.0
2022-07-18 00:00:00-04:00,18.56999969482422,18.770000457763672,17.989999771118164,18.15999984741211,145300,0.0,0.0
2022-07-19 00:00:00-04:00,18.469999313354492,19.0,18.239999771118164,18.8700008392334,201000,0.0,0.0
2022-07-20 00:00:00-04:00,18.979999542236328,19.270000457763672,18.899999618530273,19.030000686645508,178300,0.0,0.0
2022-07-21 00:00:00-04:00,18.729999542236328,19.549999237060547,18.649999618530273,19.520000457763672,143300,0.0,0.0
2022-07-22 00:00:00-04:00,19.520000457763672,19.899999618530273,19.489999771118164,19.760000228881836,152900,0.0,0.0
2022-07-25 00:00:00-04:00,19.799999237060547,20.239999771118164,19.700000762939453,19.979999542236328,236500,0.0,0.0
2022-07-26 00:00:00-04:00,19.860000610351562,20.020000457763672,19.450000762939453,19.700000762939453,85300,0.0,0.0
2022-07-27 00:00:00-04:00,19.579999923706055,20.239999771118164,19.579999923706055,20.1200008392334,177600,0.0,0.0
2022-07-28 00:00:00-04:00,20.209999084472656,20.209999084472656,19.5,19.6200008392334,202500,0.0,0.0
2022-07-29 00:00:00-04:00,19.65999984741211,19.84000015258789,19.329999923706055,19.600000381469727,264500,0.0,0.0
2022-08-01 00:00:00-04:00,19.389999389648438,20.239999771118164,19.260000228881836,20.100000381469727,273800,0.0,0.0
2022-08-02 00:00:00-04:00,20.190000534057617,20.700000762939453,20.149999618530273,20.549999237060547,151400,0.0,0.0
2022-08-03 00:00:00-04:00,20.690000534057617,21.950000762939453,20.43000030517578,21.56999969482422,339100,0.0,0.0
2022-08-04 00:00:00-04:00,21.81999969482422,21.93000030517578,21.06999969482422,21.760000228881836,173100,0.0,0.0
2022-08-05 00:00:00-04:00,20.950000762939453,21.90999984741211,20.200000762939453,21.190000534057617,224200,0.0,0.0
2022-08-08 00:00:00-04:00,21.34000015258789,21.979999542236328,21.219999313354492,21.950000762939453,213100,0.0,0.0
2022-08-09 00:00:00-04:00,21.700000762939453,21.979999542236328,21.229999542236328,21.31999969482422,169300,0.0,0.0
2022-08-10 00:00:00-04:00,21.75,21.979999542236328,21.530000686645508,21.899999618530273,178100,0.0,0.0
2022-08-11 00:00:00-04:00,21.979999542236328,22.170000076293945,21.649999618530273,21.760000228881836,285000,0.0,0.0
2022-08-12 00:00:00-04:00,21.899999618530273,22.739999771118164,21.780000686645508,22.719999313354492,188600,0.0,0.0
2022-08-15 00:00:00-04:00,22.520000457763672,23.25,22.489999771118164,23.25,231300,0.0,0.0
2022-08-16 00:00:00-04:00,23.350000381469727,23.43000030517578,22.75,23.149999618530273,264600,0.0,0.0
2022-08-17 00:00:00-04:00,22.850000381469727,23.170000076293945,22.65999984741211,23.020000457763672,326200,0.0,0.0
2022-08-18 00:00:00-04:00,22.90999984741211,22.969999313354492,22.329999923706055,22.450000762939453,171400,0.0,0.0
2022-08-19 00:00:00-04:00,22.450000762939453,22.6200008392334,21.969999313354492,22.3700008392334,244100,0.0,0.0
2022-08-22 00:00:00-04:00,22.010000228881836,22.34000015258789,22.010000228881836,22.209999084472656,142700,0.0,0.0
2022-08-23 00:00:00-04:00,22.06999969482422,22.06999969482422,21.389999389648438,21.989999771118164,221600,0.0,0.0
2022-08-24 00:00:00-04:00,22.1200008392334,22.799999237060547,21.770000457763672,22.350000381469727,226400,0.0,0.0
2022-08-25 00:00:00-04:00,22.440000534057617,22.90999984741211,21.899999618530273,22.889999389648438,170200,0.0,0.0
2022-08-26 00:00:00-04:00,22.520000457763672,22.899999618530273,21.829999923706055,21.950000762939453,171900,0.0,0.0
2022-08-29 00:00:00-04:00,21.690000534057617,22.06999969482422,21.389999389648438,22.049999237060547,247600,0.0,0.0
2022-08-30 00:00:00-04:00,22.049999237060547,22.18000030517578,21.719999313354492,21.889999389648438,153500,0.0,0.0
2022-08-31 00:00:00-04:00,21.920000076293945,22.299999237060547,21.90999984741211,22.15999984741211,163900,0.0,0.0
2022-09-01 00:00:00-04:00,21.829999923706055,22.139999389648438,21.110000610351562,21.270000457763672,190800,0.0,0.0
2022-09-02 00:00:00-04:00,21.510000228881836,21.530000686645508,20.639999389648438,20.729999542236328,86000,0.0,0.0
2022-09-06 00:00:00-04:00,20.8700008392334,21.020000457763672,20.440000534057617,20.600000381469727,210100,0.0,0.0
2022-09-07 00:00:00-04:00,20.809999465942383,21.670000076293945,20.59000015258789,21.600000381469727,194900,0.0,0.0
2022-09-08 00:00:00-04:00,21.360000610351562,21.90999984741211,21.360000610351562,21.90999984741211,185200,0.0,0.0
2022-09-09 00:00:00-04:00,22.040000915527344,22.420000076293945,21.950000762939453,22.25,117200,0.0,0.0
2022-09-12 00:00:00-04:00,22.280000686645508,22.450000762939453,22.0,22.149999618530273,168200,0.0,0.0
2022-09-13 00:00:00-04:00,21.6200008392334,21.989999771118164,21.360000610351562,21.440000534057617,149200,0.0,0.0
2022-09-14 00:00:00-04:00,21.459999084472656,22.34000015258789,21.149999618530273,22.270000457763672,194400,0.0,0.0
2022-09-15 00:00:00-04:00,22.0,22.309999465942383,21.010000228881836,21.190000534057617,131800,0.0,0.0
2022-09-16 00:00:00-04:00,21.1299991607666,21.1299991607666,20.510000228881836,21.06999969482422,300400,0.0,0.0
2022-09-19 00:00:00-04:00,20.959999084472656,20.989999771118164,20.34000015258789,20.979999542236328,125900,0.0,0.0
2022-09-20 00:00:00-04:00,20.700000762939453,20.700000762939453,19.799999237060547,19.979999542236328,124200,0.0,0.0
2022-09-21 00:00:00-04:00,19.959999084472656,20.010000228881836,19.389999389648438,19.389999389648438,120300,0.0,0.0
2022-09-22 00:00:00-04:00,19.280000686645508,19.280000686645508,18.290000915527344,18.5,226400,0.0,0.0
2022-09-23 00:00:00-04:00,17.540000915527344,18.0,12.899999618530273,13.3100004196167,1452300,0.0,0.0
2022-09-26 00:00:00-04:00,13.319999694824219,13.960000038146973,12.90999984741211,13.720000267028809,739300,0.0,0.0
2022-09-27 00:00:00-04:00,13.619999885559082,14.430000305175781,13.619999885559082,14.0600004196167,305000,0.0,0.0
2022-09-28 00:00:00-04:00,14.369999885559082,14.739999771118164,13.960000038146973,14.609999656677246,382300,0.0,0.0
2022-09-29 00:00:00-04:00,14.5,14.619999885559082,14.0,14.510000228881836,231700,0.0,0.0
2022-09-30 00:00:00-04:00,14.630000114440918,14.6899995803833,13.829999923706055,13.84000015258789,313000,0.0,0.0
2022-10-03 00:00:00-04:00,13.979999542236328,14.109999656677246,13.600000381469727,13.899999618530273,405700,0.0,0.0
2022-10-04 00:00:00-04:00,14.279999732971191,14.300000190734863,13.510000228881836,13.5600004196167,430900,0.0,0.0
2022-10-05 00:00:00-04:00,13.5,13.579999923706055,12.600000381469727,12.869999885559082,487700,0.0,0.0
2022-10-06 00:00:00-04:00,12.979999542236328,13.039999961853027,11.930000305175781,11.979999542236328,484200,0.0,0.0
2022-10-07 00:00:00-04:00,11.770000457763672,12.0,11.239999771118164,11.59000015258789,658900,0.0,0.0
2022-10-10 00:00:00-04:00,11.609999656677246,11.850000381469727,11.130000114440918,11.350000381469727,596100,0.0,0.0
2022-10-11 00:00:00-04:00,11.289999961853027,11.350000381469727,10.329999923706055,10.40999984741211,392200,0.0,0.0
2022-10-12 00:00:00-04:00,10.350000381469727,10.350000381469727,9.640000343322754,10.119999885559082,629100,0.0,0.0
2022-10-13 00:00:00-04:00,9.979999542236328,10.800000190734863,9.859999656677246,10.770000457763672,381200,0.0,0.0
2022-10-14 00:00:00-04:00,10.869999885559082,10.970000267028809,10.369999885559082,10.420000076293945,403100,0.0,0.0
2022-10-17 00:00:00-04:00,10.5,11.069999694824219,10.5,11.0,277300,0.0,0.0
2022-10-18 00:00:00-04:00,11.210000038146973,11.59000015258789,10.65999984741211,10.710000038146973,729700,0.0,0.0
2022-10-19 00:00:00-04:00,10.579999923706055,10.59000015258789,10.069999694824219,10.40999984741211,1145700,0.0,0.0
2022-10-20 00:00:00-04:00,10.420000076293945,10.619999885559082,10.289999961853027,10.34000015258789,229100,0.0,0.0
2022-10-21 00:00:00-04:00,10.479999542236328,10.479999542236328,10.029999732971191,10.039999961853027,235600,0.0,0.0
2022-10-24 00:00:00-04:00,10.109999656677246,10.199999809265137,9.829999923706055,10.010000228881836,243200,0.0,0.0
2022-10-25 00:00:00-04:00,10.0,10.6899995803833,10.0,10.680000305175781,357700,0.0,0.0
2022-10-26 00:00:00-04:00,10.800000190734863,11.1899995803833,10.479999542236328,11.130000114440918,319700,0.0,0.0
2022-10-27 00:00:00-04:00,11.25,11.279999732971191,11.029999732971191,11.109999656677246,268600,0.0,0.0
2022-10-28 00:00:00-04:00,11.15999984741211,11.399999618530273,11.0600004196167,11.3100004196167,295500,0.0,0.0
2022-10-31 00:00:00-04:00,11.210000038146973,11.3100004196167,11.0,11.15999984741211,273700,0.0,0.0
2022-11-01 00:00:00-04:00,11.289999961853027,11.5600004196167,11.0600004196167,11.550000190734863,261100,0.0,0.0
2022-11-02 00:00:00-04:00,11.729999542236328,11.960000038146973,11.319999694824219,11.399999618530273,413800,0.0,0.0
2022-11-03 00:00:00-04:00,11.109999656677246,11.579999923706055,11.069999694824219,11.399999618530273,282200,0.0,0.0
2022-11-04 00:00:00-04:00,11.170000076293945,11.529999732971191,10.609999656677246,11.180000305175781,498900,0.0,0.0
2022-11-07 00:00:00-05:00,11.239999771118164,11.350000381469727,10.899999618530273,11.34000015258789,418000,0.0,0.0
2022-11-08 00:00:00-05:00,11.25,11.260000228881836,10.720000267028809,11.029999732971191,340300,0.0,0.0
2022-11-09 00:00:00-05:00,10.9399995803833,11.40999984741211,10.770000457763672,10.989999771118164,234700,0.0,0.0
2022-11-10 00:00:00-05:00,11.5,12.1899995803833,11.369999885559082,12.100000381469727,288400,0.0,0.0
2022-11-11 00:00:00-05:00,12.15999984741211,12.479999542236328,12.020000457763672,12.1899995803833,293800,0.0,0.0
2022-11-14 00:00:00-05:00,12.029999732971191,12.569999694824219,12.029999732971191,12.5,291200,0.0,0.0
2022-11-15 00:00:00-05:00,12.729999542236328,12.949999809265137,12.350000381469727,12.59000015258789,175100,0.0,0.0
2022-11-16 00:00:00-05:00,12.529999732971191,12.989999771118164,12.140000343322754,12.84000015258789,284800,0.0,0.0
2022-11-17 00:00:00-05:00,12.609999656677246,13.020000457763672,12.430000305175781,12.829999923706055,283600,0.0,0.0
2022-11-18 00:00:00-05:00,13.100000381469727,13.40999984741211,12.800000190734863,12.869999885559082,226600,0.0,0.0
2022-11-21 00:00:00-05:00,12.8100004196167,13.0,12.59000015258789,12.649999618530273,173800,0.0,0.0
2022-11-22 00:00:00-05:00,12.829999923706055,12.9399995803833,12.260000228881836,12.449999809265137,152800,0.0,0.0
2022-11-23 00:00:00-05:00,12.510000228881836,12.920000076293945,12.460000038146973,12.890000343322754,112300,0.0,0.0
2022-11-25 00:00:00-05:00,12.680000305175781,13.09000015258789,12.680000305175781,13.020000457763672,52400,0.0,0.0
2022-11-28 00:00:00-05:00,12.960000038146973,13.039999961853027,12.529999732971191,12.670000076293945,161800,0.0,0.0
2022-11-29 00:00:00-05:00,12.649999618530273,12.760000228881836,12.079999923706055,12.100000381469727,184200,0.0,0.0
2022-11-30 00:00:00-05:00,12.100000381469727,12.90999984741211,11.949999809265137,12.789999961853027,543800,0.0,0.0
2022-12-01 00:00:00-05:00,12.949999809265137,13.470000267028809,12.949999809265137,13.350000381469727,187500,0.0,0.0
2022-12-02 00:00:00-05:00,13.0600004196167,13.579999923706055,13.0600004196167,13.529999732971191,122700,0.0,0.0
2022-12-05 00:00:00-05:00,13.40999984741211,13.670000076293945,13.069999694824219,13.289999961853027,243100,0.0,0.0
2022-12-06 00:00:00-05:00,13.25,13.359999656677246,12.949999809265137,13.020000457763672,90000,0.0,0.0
2022-12-07 00:00:00-05:00,12.9399995803833,13.100000381469727,12.65999984741211,12.680000305175781,151600,0.0,0.0
2022-12-08 00:00:00-05:00,12.819999694824219,13.09000015258789,12.579999923706055,13.069999694824219,126700,0.0,0.0
2022-12-09 00:00:00-05:00,13.010000228881836,13.289999961853027,12.970000267028809,12.970000267028809,87500,0.0,0.0
2022-12-12 00:00:00-05:00,12.989999771118164,13.260000228881836,12.890000343322754,12.930000305175781,150000,0.0,0.0
2022-12-13 00:00:00-05:00,13.489999771118164,13.9399995803833,13.369999885559082,13.619999885559082,205800,0.0,0.0
2022-12-14 00:00:00-05:00,13.5,13.880000114440918,12.960000038146973,13.210000038146973,157000,0.0,0.0
2022-12-15 00:00:00-05:00,12.890000343322754,13.220000267028809,12.6899995803833,12.720000267028809,141000,0.0,0.0
2022-12-16 00:00:00-05:00,12.5,12.789999961853027,12.229999542236328,12.739999771118164,564800,0.0,0.0
2022-12-19 00:00:00-05:00,12.460000038146973,12.649999618530273,12.199999809265137,12.390000343322754,193100,0.0,0.0
2022-12-20 00:00:00-05:00,12.329999923706055,12.640000343322754,12.260000228881836,12.3100004196167,180600,0.0,0.0
2022-12-21 00:00:00-05:00,12.430000305175781,12.800000190734863,12.40999984741211,12.579999923706055,219000,0.0,0.0
2022-12-22 00:00:00-05:00,12.5600004196167,12.760000228881836,12.199999809265137,12.279999732971191,175300,0.0,0.0
2022-12-23 00:00:00-05:00,12.270000457763672,12.670000076293945,11.760000228881836,11.829999923706055,129200,0.0,0.0
2022-12-27 00:00:00-05:00,11.8100004196167,12.100000381469727,11.390000343322754,11.829999923706055,237800,0.0,0.0
2022-12-28 00:00:00-05:00,11.729999542236328,12.050000190734863,11.550000190734863,11.5600004196167,113100,0.0,0.0
2022-12-29 00:00:00-05:00,11.789999961853027,12.279999732971191,11.680000305175781,12.0600004196167,158000,0.0,0.0
2022-12-30 00:00:00-05:00,11.920000076293945,12.140000343322754,11.859999656677246,12.119999885559082,192500,0.0,0.0
2023-01-03 00:00:00-05:00,12.300000190734863,12.5,11.609999656677246,11.770000457763672,179000,0.0,0.0
2023-01-04 00:00:00-05:00,11.84000015258789,12.359999656677246,11.84000015258789,12.350000381469727,138800,0.0,0.0
2023-01-05 00:00:00-05:00,12.350000381469727,12.59000015258789,12.25,12.359999656677246,102400,0.0,0.0
2023-01-06 00:00:00-05:00,12.520000457763672,12.710000038146973,12.039999961853027,12.449999809265137,117600,0.0,0.0
2023-01-09 00:00:00-05:00,12.550000190734863,12.609999656677246,12.279999732971191,12.390000343322754,105000,0.0,0.0
2023-01-10 00:00:00-05:00,12.40999984741211,13.15999984741211,12.369999885559082,13.079999923706055,142900,0.0,0.0
2023-01-11 00:00:00-05:00,13.0600004196167,13.260000228881836,12.5600004196167,12.65999984741211,118700,0.0,0.0
2023-01-12 00:00:00-05:00,12.779999732971191,13.0600004196167,12.569999694824219,12.880000114440918,123800,0.0,0.0
2023-01-13 00:00:00-05:00,12.829999923706055,12.989999771118164,12.430000305175781,12.779999732971191,169100,0.0,0.0
2023-01-17 00:00:00-05:00,12.890000343322754,13.050000190734863,12.550000190734863,12.800000190734863,154200,0.0,0.0
2023-01-18 00:00:00-05:00,12.930000305175781,13.229999542236328,12.529999732971191,12.600000381469727,122000,0.0,0.0
2023-01-19 00:00:00-05:00,12.510000228881836,12.65999984741211,12.270000457763672,12.520000457763672,92600,0.0,0.0
2023-01-20 00:00:00-05:00,12.670000076293945,12.850000381469727,12.470000267028809,12.699999809265137,117500,0.0,0.0
2023-01-23 00:00:00-05:00,12.649999618530273,13.0,12.5600004196167,12.920000076293945,116800,0.0,0.0
2023-01-24 00:00:00-05:00,12.819999694824219,13.199999809265137,12.739999771118164,12.800000190734863,81200,0.0,0.0
2023-01-25 00:00:00-05:00,12.640000343322754,12.699999809265137,12.539999961853027,12.6899995803833,46700,0.0,0.0
2023-01-26 00:00:00-05:00,12.720000267028809,12.720000267028809,12.229999542236328,12.510000228881836,66400,0.0,0.0
2023-01-27 00:00:00-05:00,12.470000267028809,12.65999984741211,12.020000457763672,12.5,62500,0.0,0.0
2023-01-30 00:00:00-05:00,12.319999694824219,12.670000076293945,12.15999984741211,12.449999809265137,91900,0.0,0.0
2023-01-31 00:00:00-05:00,12.380000114440918,13.0600004196167,12.329999923706055,13.039999961853027,145300,0.0,0.0
2023-02-01 00:00:00-05:00,13.050000190734863,13.380000114440918,12.890000343322754,13.140000343322754,150000,0.0,0.0
2023-02-02 00:00:00-05:00,13.319999694824219,14.140000343322754,13.319999694824219,14.119999885559082,244800,0.0,0.0
2023-02-03 00:00:00-05:00,14.039999961853027,14.489999771118164,13.970000267028809,14.029999732971191,202600,0.0,0.0
2023-02-06 00:00:00-05:00,13.869999885559082,14.0600004196167,13.5600004196167,13.680000305175781,88600,0.0,0.0
2023-02-07 00:00:00-05:00,13.479999542236328,13.9399995803833,13.460000038146973,13.90999984741211,80800,0.0,0.0
2023-02-08 00:00:00-05:00,13.890000343322754,14.170000076293945,13.489999771118164,13.5,80200,0.0,0.0
2023-02-09 00:00:00-05:00,13.720000267028809,13.770000457763672,13.15999984741211,13.359999656677246,81800,0.0,0.0
2023-02-10 00:00:00-05:00,13.199999809265137,13.489999771118164,13.140000343322754,13.390000343322754,96200,0.0,0.0
2023-02-13 00:00:00-05:00,13.369999885559082,13.640000343322754,13.149999618530273,13.390000343322754,100300,0.0,0.0
2023-02-14 00:00:00-05:00,13.15999984741211,13.430000305175781,13.0,13.109999656677246,223900,0.0,0.0
2023-02-15 00:00:00-05:00,12.970000267028809,13.4399995803833,12.970000267028809,13.380000114440918,96000,0.0,0.0
2023-02-16 00:00:00-05:00,13.079999923706055,13.609999656677246,13.069999694824219,13.199999809265137,109800,0.0,0.0
2023-02-17 00:00:00-05:00,15.180000305175781,15.180000305175781,13.670000076293945,13.960000038146973,270000,0.0,0.0
2023-02-21 00:00:00-05:00,13.850000381469727,13.90999984741211,13.180000305175781,13.180000305175781,192900,0.0,0.0
2023-02-22 00:00:00-05:00,13.210000038146973,13.789999961853027,13.210000038146973,13.4399995803833,146700,0.0,0.0
2023-02-23 00:00:00-05:00,13.630000114440918,13.65999984741211,13.15999984741211,13.390000343322754,92900,0.0,0.0
2023-02-24 00:00:00-05:00,13.100000381469727,13.119999885559082,12.6899995803833,12.9399995803833,222300,0.0,0.0
2023-02-27 00:00:00-05:00,13.09000015258789,13.239999771118164,12.800000190734863,12.979999542236328,230000,0.0,0.0
2023-02-28 00:00:00-05:00,12.9399995803833,13.489999771118164,12.819999694824219,13.239999771118164,210900,0.0,0.0
2023-03-01 00:00:00-05:00,13.220000267028809,13.449999809265137,12.920000076293945,13.039999961853027,122300,0.0,0.0
2023-03-02 00:00:00-05:00,12.819999694824219,13.890000343322754,12.8100004196167,13.859999656677246,156200,0.0,0.0
2023-03-03 00:00:00-05:00,13.970000267028809,14.109999656677246,13.579999923706055,13.65999984741211,137700,0.0,0.0
2023-03-06 00:00:00-05:00,13.670000076293945,13.670000076293945,12.460000038146973,12.6899995803833,150500,0.0,0.0
2023-03-07 00:00:00-05:00,12.720000267028809,12.75,12.260000228881836,12.34000015258789,91800,0.0,0.0
2023-03-08 00:00:00-05:00,12.399999618530273,12.529999732971191,12.220000267028809,12.5,106900,0.0,0.0
2023-03-09 00:00:00-05:00,12.550000190734863,12.739999771118164,12.25,12.300000190734863,148000,0.0,0.0
2023-03-10 00:00:00-05:00,12.199999809265137,12.199999809265137,11.630000114440918,11.739999771118164,131700,0.0,0.0
2023-03-13 00:00:00-04:00,11.4399995803833,12.100000381469727,11.4399995803833,11.829999923706055,165500,0.0,0.0
2023-03-14 00:00:00-04:00,12.210000038146973,12.210000038146973,11.869999885559082,12.119999885559082,186500,0.0,0.0
2023-03-15 00:00:00-04:00,11.75,12.199999809265137,11.75,12.130000114440918,181000,0.0,0.0
2023-03-16 00:00:00-04:00,11.869999885559082,12.380000114440918,11.760000228881836,12.260000228881836,145300,0.0,0.0
2023-03-17 00:00:00-04:00,12.1899995803833,12.1899995803833,11.739999771118164,11.8100004196167,829500,0.0,0.0
2023-03-20 00:00:00-04:00,11.90999984741211,12.239999771118164,11.899999618530273,12.029999732971191,168900,0.0,0.0
2023-03-21 00:00:00-04:00,12.300000190734863,12.489999771118164,11.960000038146973,12.119999885559082,171600,0.0,0.0
2023-03-22 00:00:00-04:00,12.100000381469727,12.199999809265137,11.84000015258789,11.850000381469727,126300,0.0,0.0
2023-03-23 00:00:00-04:00,11.930000305175781,12.010000228881836,11.65999984741211,11.75,110500,0.0,0.0
2023-03-24 00:00:00-04:00,11.609999656677246,11.970000267028809,11.600000381469727,11.930000305175781,91600,0.0,0.0
2023-03-27 00:00:00-04:00,12.140000343322754,12.319999694824219,12.020000457763672,12.239999771118164,95900,0.0,0.0
2023-03-28 00:00:00-04:00,12.149999618530273,12.390000343322754,12.149999618530273,12.350000381469727,94400,0.0,0.0
2023-03-29 00:00:00-04:00,12.470000267028809,12.579999923706055,12.319999694824219,12.390000343322754,145400,0.0,0.0
2023-03-30 00:00:00-04:00,12.449999809265137,12.569999694824219,12.319999694824219,12.539999961853027,101300,0.0,0.0
2023-03-31 00:00:00-04:00,12.510000228881836,13.149999618530273,12.510000228881836,13.100000381469727,298800,0.0,0.0
2023-04-03 00:00:00-04:00,13.100000381469727,13.100000381469727,12.569999694824219,12.779999732971191,115600,0.0,0.0
2023-04-04 00:00:00-04:00,12.819999694824219,12.890000343322754,12.680000305175781,12.779999732971191,83500,0.0,0.0
2023-04-05 00:00:00-04:00,12.619999885559082,13.0600004196167,12.619999885559082,13.0600004196167,86200,0.0,0.0
2023-04-06 00:00:00-04:00,13.140000343322754,13.170000076293945,12.920000076293945,12.970000267028809,66800,0.0,0.0
2023-04-10 00:00:00-04:00,12.899999618530273,13.170000076293945,12.789999961853027,13.109999656677246,181500,0.0,0.0
2023-04-11 00:00:00-04:00,13.180000305175781,13.640000343322754,13.15999984741211,13.539999961853027,145300,0.0,0.0
2023-04-12 00:00:00-04:00,13.640000343322754,13.920000076293945,13.430000305175781,13.489999771118164,90000,0.0,0.0
2023-04-13 00:00:00-04:00,13.579999923706055,13.890000343322754,13.529999732971191,13.670000076293945,76100,0.0,0.0
2023-04-14 00:00:00-04:00,13.6899995803833,13.789999961853027,13.390000343322754,13.460000038146973,61000,0.0,0.0
2023-04-17 00:00:00-04:00,13.399999618530273,13.800000190734863,13.34000015258789,13.40999984741211,129500,0.0,0.0
2023-04-18 00:00:00-04:00,13.449999809265137,13.539999961853027,13.020000457763672,13.300000190734863,82300,0.0,0.0
2023-04-19 00:00:00-04:00,13.25,13.949999809265137,13.25,13.859999656677246,150700,0.0,0.0
2023-04-20 00:00:00-04:00,13.779999732971191,14.140000343322754,13.770000457763672,14.119999885559082,139400,0.0,0.0
2023-04-21 00:00:00-04:00,14.279999732971191,14.5600004196167,14.069999694824219,14.489999771118164,182600,0.0,0.0
2023-04-24 00:00:00-04:00,14.529999732971191,14.65999984741211,14.010000228881836,14.069999694824219,97900,0.0,0.0
2023-04-25 00:00:00-04:00,13.859999656677246,14.260000228881836,13.84000015258789,14.220000267028809,92400,0.0,0.0
2023-04-26 00:00:00-04:00,14.069999694824219,14.399999618530273,14.0600004196167,14.130000114440918,89700,0.0,0.0
2023-04-27 00:00:00-04:00,14.079999923706055,14.15999984741211,13.739999771118164,13.880000114440918,81200,0.0,0.0
2023-04-28 00:00:00-04:00,13.819999694824219,14.020000457763672,13.729999542236328,13.869999885559082,151500,0.0,0.0
2023-05-01 00:00:00-04:00,13.850000381469727,14.380000114440918,13.850000381469727,14.039999961853027,221100,0.0,0.0
2023-05-02 00:00:00-04:00,13.970000267028809,13.970000267028809,13.210000038146973,13.279999732971191,137500,0.0,0.0
2023-05-03 00:00:00-04:00,13.270000457763672,13.829999923706055,13.270000457763672,13.479999542236328,113700,0.0,0.0
2023-05-04 00:00:00-04:00,13.289999961853027,13.390000343322754,13.039999961853027,13.350000381469727,164700,0.0,0.0
2023-05-05 00:00:00-04:00,14.979999542236328,15.84000015258789,14.520000457763672,15.1899995803833,462500,0.0,0.0
2023-05-08 00:00:00-04:00,15.199999809265137,15.289999961853027,14.550000190734863,14.609999656677246,319900,0.0,0.0
2023-05-09 00:00:00-04:00,14.510000228881836,14.899999618530273,14.510000228881836,14.699999809265137,151700,0.0,0.0
2023-05-10 00:00:00-04:00,14.899999618530273,14.949999809265137,14.520000457763672,14.8100004196167,122700,0.0,0.0
2023-05-11 00:00:00-04:00,14.619999885559082,14.890000343322754,14.5,14.739999771118164,140600,0.0,0.0
2023-05-12 00:00:00-04:00,14.789999961853027,14.9399995803833,14.600000381469727,14.869999885559082,76700,0.0,0.0
2023-05-15 00:00:00-04:00,14.960000038146973,15.239999771118164,14.84000015258789,15.199999809265137,215000,0.0,0.0
2023-05-16 00:00:00-04:00,14.90999984741211,15.050000190734863,14.579999923706055,14.729999542236328,121500,0.0,0.0
2023-05-17 00:00:00-04:00,14.779999732971191,15.020000457763672,14.510000228881836,14.880000114440918,117400,0.0,0.0
2023-05-18 00:00:00-04:00,14.779999732971191,14.970000267028809,14.65999984741211,14.920000076293945,87100,0.0,0.0
2023-05-19 00:00:00-04:00,15.170000076293945,15.170000076293945,14.829999923706055,15.010000228881836,87000,0.0,0.0
2023-05-22 00:00:00-04:00,15.029999732971191,15.199999809265137,14.869999885559082,15.0600004196167,97500,0.0,0.0
2023-05-23 00:00:00-04:00,15.140000343322754,15.34000015258789,14.619999885559082,14.699999809265137,155700,0.0,0.0
2023-05-24 00:00:00-04:00,14.59000015258789,14.59000015258789,14.050000190734863,14.289999961853027,131400,0.0,0.0
2023-05-25 00:00:00-04:00,14.100000381469727,14.289999961853027,13.829999923706055,14.279999732971191,91200,0.0,0.0
2023-05-26 00:00:00-04:00,14.210000038146973,14.699999809265137,14.170000076293945,14.65999984741211,75700,0.0,0.0
2023-05-30 00:00:00-04:00,14.710000038146973,15.010000228881836,14.710000038146973,14.890000343322754,85200,0.0,0.0
2023-05-31 00:00:00-04:00,14.829999923706055,15.020000457763672,14.520000457763672,14.979999542236328,197600,0.0,0.0
2023-06-01 00:00:00-04:00,14.869999885559082,14.989999771118164,14.460000038146973,14.770000457763672,162100,0.0,0.0
2023-06-02 00:00:00-04:00,15.039999961853027,15.329999923706055,14.789999961853027,15.289999961853027,136400,0.0,0.0
2023-06-05 00:00:00-04:00,15.079999923706055,15.079999923706055,14.329999923706055,14.949999809265137,112800,0.0,0.0
2023-06-06 00:00:00-04:00,14.90999984741211,15.460000038146973,14.880000114440918,15.449999809265137,170500,0.0,0.0
2023-06-07 00:00:00-04:00,15.59000015258789,15.949999809265137,15.510000228881836,15.829999923706055,185100,0.0,0.0
2023-06-08 00:00:00-04:00,15.739999771118164,15.75,15.369999885559082,15.489999771118164,94500,0.0,0.0
2023-06-09 00:00:00-04:00,15.430000305175781,15.529999732971191,15.170000076293945,15.489999771118164,100800,0.0,0.0
2023-06-12 00:00:00-04:00,15.550000190734863,15.850000381469727,15.4399995803833,15.779999732971191,135800,0.0,0.0
2023-06-13 00:00:00-04:00,15.789999961853027,16.290000915527344,15.789999961853027,16.110000610351562,151900,0.0,0.0
2023-06-14 00:00:00-04:00,16.139999389648438,16.299999237060547,15.8100004196167,15.880000114440918,132200,0.0,0.0
2023-06-15 00:00:00-04:00,15.819999694824219,16.06999969482422,15.6899995803833,15.779999732971191,124900,0.0,0.0
2023-06-16 00:00:00-04:00,16.09000015258789,16.09000015258789,15.470000267028809,16.010000228881836,528000,0.0,0.0
2023-06-20 00:00:00-04:00,16.010000228881836,16.329999923706055,15.90999984741211,16.139999389648438,196600,0.0,0.0
2023-06-21 00:00:00-04:00,16.1200008392334,16.43000030517578,15.829999923706055,16.030000686645508,175000,0.0,0.0
2023-06-22 00:00:00-04:00,16.059999465942383,16.31999969482422,15.920000076293945,16.270000457763672,200300,0.0,0.0
2023-06-23 00:00:00-04:00,16.139999389648438,16.450000762939453,15.8100004196167,15.829999923706055,1360200,0.0,0.0
2023-06-26 00:00:00-04:00,15.770000457763672,15.899999618530273,15.630000114440918,15.739999771118164,133300,0.0,0.0
2023-06-27 00:00:00-04:00,15.779999732971191,16.399999618530273,15.6899995803833,16.360000610351562,130600,0.0,0.0
2023-06-28 00:00:00-04:00,16.31999969482422,16.610000610351562,16.270000457763672,16.540000915527344,357700,0.0,0.0
2023-06-29 00:00:00-04:00,16.600000381469727,17.260000228881836,16.600000381469727,17.229999542236328,153900,0.0,0.0
2023-06-30 00:00:00-04:00,17.399999618530273,17.690000534057617,17.139999389648438,17.190000534057617,203600,0.0,0.0
2023-07-03 00:00:00-04:00,17.0,17.420000076293945,17.0,17.239999771118164,93700,0.0,0.0
2023-07-05 00:00:00-04:00,17.010000228881836,17.010000228881836,15.739999771118164,15.8100004196167,204200,0.0,0.0
2023-07-06 00:00:00-04:00,15.640000343322754,15.710000038146973,15.260000228881836,15.289999961853027,239600,0.0,0.0
2023-07-07 00:00:00-04:00,15.350000381469727,15.800000190734863,15.289999961853027,15.34000015258789,113300,0.0,0.0
2023-07-10 00:00:00-04:00,15.25,15.40999984741211,15.149999618530273,15.199999809265137,267700,0.0,0.0
2023-07-11 00:00:00-04:00,15.199999809265137,15.319999694824219,15.130000114440918,15.25,141100,0.0,0.0
2023-07-12 00:00:00-04:00,15.579999923706055,15.949999809265137,15.460000038146973,15.75,151600,0.0,0.0
2023-07-13 00:00:00-04:00,15.819999694824219,15.970000267028809,15.619999885559082,15.710000038146973,111800,0.0,0.0
2023-07-14 00:00:00-04:00,15.680000305175781,15.680000305175781,15.350000381469727,15.649999618530273,108000,0.0,0.0
2023-07-17 00:00:00-04:00,15.510000228881836,15.890000343322754,15.510000228881836,15.779999732971191,111400,0.0,0.0
2023-07-18 00:00:00-04:00,15.829999923706055,15.989999771118164,15.649999618530273,15.949999809265137,124200,0.0,0.0
2023-07-19 00:00:00-04:00,15.949999809265137,16.399999618530273,15.949999809265137,16.389999389648438,87300,0.0,0.0
2023-07-20 00:00:00-04:00,16.479999542236328,17.010000228881836,16.3700008392334,16.989999771118164,103400,0.0,0.0
2023-07-21 00:00:00-04:00,17.079999923706055,17.100000381469727,16.780000686645508,16.81999969482422,79000,0.0,0.0
2023-07-24 00:00:00-04:00,16.799999237060547,16.84000015258789,16.579999923706055,16.790000915527344,68900,0.0,0.0
2023-07-25 00:00:00-04:00,16.610000610351562,17.110000610351562,16.540000915527344,16.940000534057617,120900,0.0,0.0
2023-07-26 00:00:00-04:00,16.790000915527344,17.190000534057617,16.790000915527344,17.06999969482422,66700,0.0,0.0
2023-07-27 00:00:00-04:00,17.139999389648438,17.190000534057617,16.809999465942383,16.8700008392334,77900,0.0,0.0
2023-07-28 00:00:00-04:00,17.020000457763672,17.229999542236328,16.940000534057617,17.079999923706055,64800,0.0,0.0
2023-07-31 00:00:00-04:00,17.059999465942383,17.56999969482422,17.010000228881836,17.420000076293945,96500,0.0,0.0
2023-08-01 00:00:00-04:00,17.3799991607666,17.3799991607666,17.049999237060547,17.25,77000,0.0,0.0
2023-08-02 00:00:00-04:00,17.09000015258789,17.110000610351562,16.799999237060547,17.079999923706055,90200,0.0,0.0
2023-08-03 00:00:00-04:00,17.030000686645508,17.15999984741211,16.709999084472656,16.790000915527344,119700,0.0,0.0
2023-08-04 00:00:00-04:00,17.1200008392334,17.969999313354492,16.43000030517578,16.520000457763672,208500,0.0,0.0
2023-08-07 00:00:00-04:00,16.510000228881836,17.260000228881836,16.510000228881836,17.170000076293945,134800,0.0,0.0
2023-08-08 00:00:00-04:00,16.829999923706055,16.8700008392334,16.479999542236328,16.790000915527344,102000,0.0,0.0
2023-08-09 00:00:00-04:00,16.739999771118164,16.739999771118164,16.389999389648438,16.559999465942383,92700,0.0,0.0
2023-08-10 00:00:00-04:00,16.559999465942383,16.81999969482422,16.329999923706055,16.579999923706055,143900,0.0,0.0
2023-08-11 00:00:00-04:00,16.520000457763672,16.93000030517578,16.329999923706055,16.889999389648438,101200,0.0,0.0
2023-08-14 00:00:00-04:00,16.790000915527344,17.219999313354492,16.56999969482422,17.170000076293945,109800,0.0,0.0
2023-08-15 00:00:00-04:00,17.020000457763672,17.139999389648438,16.469999313354492,16.549999237060547,136300,0.0,0.0
2023-08-16 00:00:00-04:00,16.56999969482422,16.59000015258789,16.15999984741211,16.15999984741211,124300,0.0,0.0
2023-08-17 00:00:00-04:00,16.15999984741211,16.15999984741211,15.90999984741211,15.970000267028809,120000,0.0,0.0
2023-08-18 00:00:00-04:00,15.850000381469727,16.229999542236328,15.850000381469727,16.059999465942383,129400,0.0,0.0
2023-08-21 00:00:00-04:00,16.0,16.81999969482422,15.970000267028809,16.40999984741211,103200,0.0,0.0
2023-08-22 00:00:00-04:00,16.34000015258789,16.729999542236328,16.34000015258789,16.68000030517578,179100,0.0,0.0
2023-08-23 00:00:00-04:00,16.760000228881836,17.59000015258789,16.65999984741211,17.489999771118164,331800,0.0,0.0
2023-08-24 00:00:00-04:00,17.489999771118164,17.68000030517578,16.59000015258789,16.790000915527344,1220100,0.0,0.0
2023-08-25 00:00:00-04:00,17.15999984741211,17.40999984741211,16.579999923706055,16.84000015258789,411700,0.0,0.0
2023-08-28 00:00:00-04:00,17.059999465942383,17.059999465942383,16.149999618530273,16.219999313354492,187700,0.0,0.0
2023-08-29 00:00:00-04:00,16.299999237060547,17.219999313354492,16.139999389648438,17.200000762939453,134300,0.0,0.0
2023-08-30 00:00:00-04:00,17.190000534057617,17.690000534057617,17.06999969482422,17.520000457763672,132100,0.0,0.0
2023-08-31 00:00:00-04:00,17.520000457763672,17.610000610351562,16.899999618530273,16.920000076293945,243800,0.0,0.0
2023-09-01 00:00:00-04:00,17.239999771118164,17.579999923706055,17.190000534057617,17.40999984741211,144000,0.0,0.0
2023-09-05 00:00:00-04:00,17.100000381469727,17.209999084472656,15.260000228881836,15.470000267028809,317700,0.0,0.0
2023-09-06 00:00:00-04:00,15.539999961853027,16.06999969482422,15.470000267028809,15.869999885559082,186900,0.0,0.0
2023-09-07 00:00:00-04:00,15.8100004196167,15.90999984741211,15.5,15.720000267028809,219100,0.0,0.0
2023-09-08 00:00:00-04:00,15.640000343322754,15.729999542236328,15.40999984741211,15.569999694824219,140900,0.0,0.0
2023-09-11 00:00:00-04:00,15.670000076293945,15.9399995803833,15.569999694824219,15.729999542236328,294100,0.0,0.0
2023-09-12 00:00:00-04:00,15.75,15.789999961853027,15.25,15.289999961853027,182500,0.0,0.0
2023-09-13 00:00:00-04:00,15.279999732971191,15.550000190734863,15.170000076293945,15.329999923706055,173700,0.0,0.0
2023-09-14 00:00:00-04:00,15.59000015258789,15.789999961853027,15.260000228881836,15.4399995803833,195000,0.0,0.0
2023-09-15 00:00:00-04:00,15.380000114440918,15.380000114440918,14.670000076293945,14.819999694824219,1094600,0.0,0.0
2023-09-18 00:00:00-04:00,14.890000343322754,15.260000228881836,14.859999656677246,15.25,149000,0.0,0.0
2023-09-19 00:00:00-04:00,15.220000267028809,15.430000305175781,15.039999961853027,15.109999656677246,131200,0.0,0.0
2023-09-20 00:00:00-04:00,15.199999809265137,15.34000015258789,14.9399995803833,14.960000038146973,87900,0.0,0.0
2023-09-21 00:00:00-04:00,14.789999961853027,15.069999694824219,14.579999923706055,15.0600004196167,134100,0.0,0.0
2023-09-22 00:00:00-04:00,15.100000381469727,15.25,14.970000267028809,15.039999961853027,102300,0.0,0.0
2023-09-25 00:00:00-04:00,14.9399995803833,15.25,14.890000343322754,15.210000038146973,185700,0.0,0.0
2023-09-26 00:00:00-04:00,15.170000076293945,15.569999694824219,15.069999694824219,15.539999961853027,186500,0.0,0.0
2023-09-27 00:00:00-04:00,15.739999771118164,15.979999542236328,15.5600004196167,15.6899995803833,161700,0.0,0.0
2023-09-28 00:00:00-04:00,15.699999809265137,16.110000610351562,15.350000381469727,15.420000076293945,184100,0.0,0.0
2023-09-29 00:00:00-04:00,15.550000190734863,15.550000190734863,15.149999618530273,15.15999984741211,227400,0.0,0.0
2023-10-02 00:00:00-04:00,15.079999923706055,15.239999771118164,14.960000038146973,15.220000267028809,287800,0.0,0.0
2023-10-03 00:00:00-04:00,15.130000114440918,15.289999961853027,15.050000190734863,15.09000015258789,94500,0.0,0.0
2023-10-04 00:00:00-04:00,15.079999923706055,15.079999923706055,14.75,14.829999923706055,102400,0.0,0.0
2023-10-05 00:00:00-04:00,14.789999961853027,14.960000038146973,14.229999542236328,14.399999618530273,484100,0.0,0.0
2023-10-06 00:00:00-04:00,14.4399995803833,15.579999923706055,14.359999656677246,15.510000228881836,285100,0.0,0.0
2023-10-09 00:00:00-04:00,15.489999771118164,15.649999618530273,15.329999923706055,15.510000228881836,118300,0.0,0.0
2023-10-10 00:00:00-04:00,15.5,15.739999771118164,15.390000343322754,15.489999771118164,109800,0.0,0.0
2023-10-11 00:00:00-04:00,15.40999984741211,15.510000228881836,14.65999984741211,14.739999771118164,126000,0.0,0.0
2023-10-12 00:00:00-04:00,14.619999885559082,14.65999984741211,13.529999732971191,13.65999984741211,155300,0.0,0.0
2023-10-13 00:00:00-04:00,13.550000190734863,13.760000228881836,13.380000114440918,13.40999984741211,245400,0.0,0.0
2023-10-16 00:00:00-04:00,13.5,13.90999984741211,13.319999694824219,13.609999656677246,336900,0.0,0.0
2023-10-17 00:00:00-04:00,13.5,13.979999542236328,13.430000305175781,13.600000381469727,264900,0.0,0.0
2023-10-18 00:00:00-04:00,13.489999771118164,13.710000038146973,13.069999694824219,13.119999885559082,217200,0.0,0.0
2023-10-19 00:00:00-04:00,13.0,13.1899995803833,12.670000076293945,12.729999542236328,442900,0.0,0.0
2023-10-20 00:00:00-04:00,12.890000343322754,13.329999923706055,12.819999694824219,13.140000343322754,265900,0.0,0.0
2023-10-23 00:00:00-04:00,13.109999656677246,13.430000305175781,13.079999923706055,13.350000381469727,218900,0.0,0.0
2023-10-24 00:00:00-04:00,13.5,13.5,13.130000114440918,13.199999809265137,291800,0.0,0.0
2023-10-25 00:00:00-04:00,13.100000381469727,13.130000114440918,12.460000038146973,12.520000457763672,272700,0.0,0.0
2023-10-26 00:00:00-04:00,12.520000457763672,12.670000076293945,12.359999656677246,12.5,163000,0.0,0.0
2023-10-27 00:00:00-04:00,12.4399995803833,12.5600004196167,12.199999809265137,12.329999923706055,144700,0.0,0.0
2023-10-30 00:00:00-04:00,12.539999961853027,12.630000114440918,12.15999984741211,12.59000015258789,303700,0.0,0.0
2023-10-31 00:00:00-04:00,12.6899995803833,12.829999923706055,12.65999984741211,12.739999771118164,114300,0.0,0.0
2023-11-01 00:00:00-04:00,12.65999984741211,12.90999984741211,12.470000267028809,12.880000114440918,206900,0.0,0.0
2023-11-02 00:00:00-04:00,13.109999656677246,13.229999542236328,12.59000015258789,12.949999809265137,196900,0.0,0.0
2023-11-03 00:00:00-04:00,13.600000381469727,14.569999694824219,13.25,14.229999542236328,378900,0.0,0.0
2023-11-06 00:00:00-05:00,14.140000343322754,14.140000343322754,13.720000267028809,13.90999984741211,146400,0.0,0.0
2023-11-07 00:00:00-05:00,13.90999984741211,14.210000038146973,13.770000457763672,13.789999961853027,315300,0.0,0.0
2023-11-08 00:00:00-05:00,13.970000267028809,13.970000267028809,13.619999885559082,13.760000228881836,144900,0.0,0.0
2023-11-09 00:00:00-05:00,13.9399995803833,13.9399995803833,13.289999961853027,13.350000381469727,111100,0.0,0.0
2023-11-10 00:00:00-05:00,13.539999961853027,13.579999923706055,13.289999961853027,13.329999923706055,174300,0.0,0.0
2023-11-13 00:00:00-05:00,13.25,13.829999923706055,13.180000305175781,13.569999694824219,101100,0.0,0.0
2023-11-14 00:00:00-05:00,14.1899995803833,14.40999984741211,14.09000015258789,14.34000015258789,171300,0.0,0.0
2023-11-15 00:00:00-05:00,14.329999923706055,14.609999656677246,13.729999542236328,14.180000305175781,154500,0.0,0.0
2023-11-16 00:00:00-05:00,14.210000038146973,14.430000305175781,13.930000305175781,14.09000015258789,143700,0.0,0.0
2023-11-17 00:00:00-05:00,14.289999961853027,14.289999961853027,13.609999656677246,13.6899995803833,186200,0.0,0.0
2023-11-20 00:00:00-05:00,13.420000076293945,14.229999542236328,13.420000076293945,14.119999885559082,138400,0.0,0.0
2023-11-21 00:00:00-05:00,15.510000228881836,16.719999313354492,15.25,15.869999885559082,745100,0.0,0.0
2023-11-22 00:00:00-05:00,16.34000015258789,16.940000534057617,15.800000190734863,16.75,418300,0.0,0.0
2023-11-24 00:00:00-05:00,17.049999237060547,17.719999313354492,17.049999237060547,17.65999984741211,293900,0.0,0.0
2023-11-27 00:00:00-05:00,17.700000762939453,17.889999389648438,17.110000610351562,17.510000228881836,384400,0.0,0.0
2023-11-28 00:00:00-05:00,17.6200008392334,17.739999771118164,17.1200008392334,17.200000762939453,243500,0.0,0.0
2023-11-29 00:00:00-05:00,17.299999237060547,17.81999969482422,17.299999237060547,17.600000381469727,228600,0.0,0.0
2023-11-30 00:00:00-05:00,17.760000228881836,17.8700008392334,17.469999313354492,17.739999771118164,226800,0.0,0.0
2023-12-01 00:00:00-05:00,17.75,18.110000610351562,17.56999969482422,18.110000610351562,209200,0.0,0.0
2023-12-04 00:00:00-05:00,18.1200008392334,18.5,17.8700008392334,18.100000381469727,247800,0.0,0.0
2023-12-05 00:00:00-05:00,17.989999771118164,18.040000915527344,17.290000915527344,17.75,184600,0.0,0.0
2023-12-06 00:00:00-05:00,17.8799991607666,18.139999389648438,17.600000381469727,17.829999923706055,182700,0.0,0.0
2023-12-07 00:00:00-05:00,17.81999969482422,18.030000686645508,17.5,18.0,178200,0.0,0.0
2023-12-08 00:00:00-05:00,18.100000381469727,18.540000915527344,17.959999084472656,18.06999969482422,251100,0.0,0.0
2023-12-11 00:00:00-05:00,18.170000076293945,18.309999465942383,17.889999389648438,18.040000915527344,160500,0.0,0.0
2023-12-12 00:00:00-05:00,18.1200008392334,18.530000686645508,18.040000915527344,18.479999542236328,195000,0.0,0.0
2023-12-13 00:00:00-05:00,18.610000610351562,18.760000228881836,17.989999771118164,18.469999313354492,282700,0.0,0.0
2023-12-14 00:00:00-05:00,18.75,18.959999084472656,18.479999542236328,18.829999923706055,231800,0.0,0.0
2023-12-15 00:00:00-05:00,18.959999084472656,19.0,18.3700008392334,18.56999969482422,986700,0.0,0.0
2023-12-18 00:00:00-05:00,18.729999542236328,18.770000457763672,18.09000015258789,18.229999542236328,213700,0.0,0.0
2023-12-19 00:00:00-05:00,18.329999923706055,18.729999542236328,18.309999465942383,18.520000457763672,199500,0.0,0.0
2023-12-20 00:00:00-05:00,18.40999984741211,18.520000457763672,17.770000457763672,17.8700008392334,199700,0.0,0.0
2023-12-21 00:00:00-05:00,18.059999465942383,18.270000457763672,17.809999465942383,18.139999389648438,124300,0.0,0.0
2023-12-22 00:00:00-05:00,18.190000534057617,18.360000610351562,17.8700008392334,18.010000228881836,151300,0.0,0.0
2023-12-26 00:00:00-05:00,18.010000228881836,18.670000076293945,17.940000534057617,18.59000015258789,144400,0.0,0.0
2023-12-27 00:00:00-05:00,18.639999389648438,18.700000762939453,18.079999923706055,18.239999771118164,145600,0.0,0.0
2023-12-28 00:00:00-05:00,18.219999313354492,18.290000915527344,18.100000381469727,18.219999313354492,112800,0.0,0.0
2023-12-29 00:00:00-05:00,18.25,18.25,17.780000686645508,17.8799991607666,168000,0.0,0.0
2024-01-02 00:00:00-05:00,17.889999389648438,18.100000381469727,17.610000610351562,17.959999084472656,246900,0.0,0.0
2024-01-03 00:00:00-05:00,17.889999389648438,18.200000762939453,17.549999237060547,17.670000076293945,200500,0.0,0.0
2024-01-04 00:00:00-05:00,17.790000915527344,17.90999984741211,17.200000762939453,17.299999237060547,170000,0.0,0.0
2024-01-05 00:00:00-05:00,17.0,17.1200008392334,16.639999389648438,16.75,154200,0.0,0.0
2024-01-08 00:00:00-05:00,16.81999969482422,17.979999542236328,16.81999969482422,17.959999084472656,207500,0.0,0.0
2024-01-09 00:00:00-05:00,17.690000534057617,18.0,17.610000610351562,17.799999237060547,160200,0.0,0.0
2024-01-10 00:00:00-05:00,17.760000228881836,18.200000762939453,17.68000030517578,18.18000030517578,194400,0.0,0.0
2024-01-11 00:00:00-05:00,18.110000610351562,18.229999542236328,17.75,18.100000381469727,141900,0.0,0.0
2024-01-12 00:00:00-05:00,18.25,18.549999237060547,18.059999465942383,18.350000381469727,427000,0.0,0.0
2024-01-16 00:00:00-05:00,18.170000076293945,18.3799991607666,17.950000762939453,18.25,169700,0.0,0.0
2024-01-17 00:00:00-05:00,17.899999618530273,18.65999984741211,17.899999618530273,18.610000610351562,218200,0.0,0.0
2024-01-18 00:00:00-05:00,18.75,18.75,17.84000015258789,17.959999084472656,135500,0.0,0.0
2024-01-19 00:00:00-05:00,18.1200008392334,18.25,17.760000228881836,18.239999771118164,161400,0.0,0.0
2024-01-22 00:00:00-05:00,18.479999542236328,18.799999237060547,18.15999984741211,18.190000534057617,337000,0.0,0.0
2024-01-23 00:00:00-05:00,18.3799991607666,18.399999618530273,17.600000381469727,17.600000381469727,210500,0.0,0.0
2024-01-24 00:00:00-05:00,17.84000015258789,17.84000015258789,16.780000686645508,16.889999389648438,223700,0.0,0.0
2024-01-25 00:00:00-05:00,17.1200008392334,17.209999084472656,16.729999542236328,17.190000534057617,257500,0.0,0.0
2024-01-26 00:00:00-05:00,17.200000762939453,17.299999237060547,16.6200008392334,16.829999923706055,162900,0.0,0.0
2024-01-29 00:00:00-05:00,16.84000015258789,17.5,16.65999984741211,17.25,254800,0.0,0.0
2024-01-30 00:00:00-05:00,17.15999984741211,17.34000015258789,16.90999984741211,17.0,214600,0.0,0.0
2024-01-31 00:00:00-05:00,16.969999313354492,17.360000610351562,16.68000030517578,16.719999313354492,257100,0.0,0.0
2024-02-01 00:00:00-05:00,16.790000915527344,17.100000381469727,16.5,17.020000457763672,256700,0.0,0.0
2024-02-02 00:00:00-05:00,16.780000686645508,17.170000076293945,16.610000610351562,16.8700008392334,269900,0.0,0.0
2024-02-05 00:00:00-05:00,16.65999984741211,16.889999389648438,16.520000457763672,16.719999313354492,227600,0.0,0.0
2024-02-06 00:00:00-05:00,16.719999313354492,17.079999923706055,16.479999542236328,16.969999313354492,202000,0.0,0.0
2024-02-07 00:00:00-05:00,17.0,17.0,16.649999618530273,16.700000762939453,165200,0.0,0.0
2024-02-08 00:00:00-05:00,16.65999984741211,17.0,16.5,16.989999771118164,128400,0.0,0.0
2024-02-09 00:00:00-05:00,17.0,17.18000030517578,16.829999923706055,17.15999984741211,162900,0.0,0.0
2024-02-12 00:00:00-05:00,17.190000534057617,17.739999771118164,17.020000457763672,17.59000015258789,229000,0.0,0.0
2024-02-13 00:00:00-05:00,16.959999084472656,17.299999237060547,16.799999237060547,17.030000686645508,238900,0.0,0.0
2024-02-14 00:00:00-05:00,17.290000915527344,17.65999984741211,17.09000015258789,17.559999465942383,204500,0.0,0.0
2024-02-15 00:00:00-05:00,17.399999618530273,18.149999618530273,17.399999618530273,18.040000915527344,329700,0.0,0.0
2024-02-16 00:00:00-05:00,19.40999984741211,19.610000610351562,17.6299991607666,18.809999465942383,647100,0.0,0.0
2024-02-20 00:00:00-05:00,18.5,19.299999237060547,18.5,18.700000762939453,592000,0.0,0.0
2024-02-21 00:00:00-05:00,18.790000915527344,19.6299991607666,18.75,19.56999969482422,386700,0.0,0.0
2024-02-22 00:00:00-05:00,19.579999923706055,19.90999984741211,19.219999313354492,19.709999084472656,333100,0.0,0.0
2024-02-23 00:00:00-05:00,19.690000534057617,20.280000686645508,19.56999969482422,20.270000457763672,259700,0.0,0.0
2024-02-26 00:00:00-05:00,20.0,20.489999771118164,19.860000610351562,20.1200008392334,516300,0.0,0.0
2024-02-27 00:00:00-05:00,20.18000030517578,20.389999389648438,19.600000381469727,19.610000610351562,227400,0.0,0.0
2024-02-28 00:00:00-05:00,19.399999618530273,19.600000381469727,19.049999237060547,19.06999969482422,299000,0.0,0.0
2024-02-29 00:00:00-05:00,19.079999923706055,19.350000381469727,18.760000228881836,19.299999237060547,191100,0.0,0.0
2024-03-01 00:00:00-05:00,19.15999984741211,19.25,18.8700008392334,19.020000457763672,196600,0.0,0.0
2024-03-04 00:00:00-05:00,18.979999542236328,19.31999969482422,18.950000762939453,19.18000030517578,131900,0.0,0.0
2024-03-05 00:00:00-05:00,19.0,19.06999969482422,18.3799991607666,18.579999923706055,210500,0.0,0.0
2024-03-06 00:00:00-05:00,18.639999389648438,19.209999084472656,18.559999465942383,19.15999984741211,202900,0.0,0.0
2024-03-07 00:00:00-05:00,19.360000610351562,19.649999618530273,19.270000457763672,19.6200008392334,146900,0.0,0.0
2024-03-08 00:00:00-05:00,19.770000457763672,20.350000381469727,19.760000228881836,20.020000457763672,254400,0.0,0.0
2024-03-11 00:00:00-04:00,19.950000762939453,20.200000762939453,19.829999923706055,19.90999984741211,223500,0.0,0.0
2024-03-12 00:00:00-04:00,19.760000228881836,20.110000610351562,19.43000030517578,19.989999771118164,198300,0.0,0.0
2024-03-13 00:00:00-04:00,19.93000030517578,20.15999984741211,19.850000381469727,19.979999542236328,182100,0.0,0.0
2024-03-14 00:00:00-04:00,19.899999618530273,20.200000762939453,19.809999465942383,20.09000015258789,209900,0.0,0.0
2024-03-15 00:00:00-04:00,19.979999542236328,20.079999923706055,19.110000610351562,19.75,452900,0.0,0.0
2024-03-18 00:00:00-04:00,19.739999771118164,20.020000457763672,19.549999237060547,19.90999984741211,188100,0.0,0.0
2024-03-19 00:00:00-04:00,19.889999389648438,20.440000534057617,19.889999389648438,20.389999389648438,175100,0.0,0.0
2024-03-20 00:00:00-04:00,20.389999389648438,21.059999465942383,20.309999465942383,20.709999084472656,208200,0.0,0.0
2024-03-21 00:00:00-04:00,20.81999969482422,21.420000076293945,20.670000076293945,21.010000228881836,303300,0.0,0.0
2024-03-22 00:00:00-04:00,20.950000762939453,20.950000762939453,20.399999618530273,20.440000534057617,152600,0.0,0.0
2024-03-25 00:00:00-04:00,20.5,20.829999923706055,20.020000457763672,20.020000457763672,225700,0.0,0.0
2024-03-26 00:00:00-04:00,20.170000076293945,20.6200008392334,20.09000015258789,20.530000686645508,168200,0.0,0.0
2024-03-27 00:00:00-04:00,20.75,21.719999313354492,20.6299991607666,21.6299991607666,247500,0.0,0.0
2024-03-28 00:00:00-04:00,21.600000381469727,21.81999969482422,21.139999389648438,21.15999984741211,238400,0.0,0.0
2024-04-01 00:00:00-04:00,21.229999542236328,21.299999237060547,20.780000686645508,21.190000534057617,159300,0.0,0.0
2024-04-02 00:00:00-04:00,20.93000030517578,20.93000030517578,20.420000076293945,20.790000915527344,179200,0.0,0.0
2024-04-03 00:00:00-04:00,20.559999465942383,21.459999084472656,20.559999465942383,21.450000762939453,169100,0.0,0.0
2024-04-04 00:00:00-04:00,21.440000534057617,21.770000457763672,21.280000686645508,21.309999465942383,227500,0.0,0.0
2024-04-05 00:00:00-04:00,21.31999969482422,21.549999237060547,21.139999389648438,21.34000015258789,93200,0.0,0.0
2024-04-08 00:00:00-04:00,21.31999969482422,21.670000076293945,21.1200008392334,21.639999389648438,101500,0.0,0.0
2024-04-09 00:00:00-04:00,21.809999465942383,21.899999618530273,21.469999313354492,21.639999389648438,102400,0.0,0.0
2024-04-10 00:00:00-04:00,21.030000686645508,21.530000686645508,20.959999084472656,21.469999313354492,159800,0.0,0.0
2024-04-11 00:00:00-04:00,21.489999771118164,21.670000076293945,21.260000228881836,21.31999969482422,108000,0.0,0.0
2024-04-12 00:00:00-04:00,21.09000015258789,21.1299991607666,20.290000915527344,20.459999084472656,145400,0.0,0.0
2024-04-15 00:00:00-04:00,20.479999542236328,20.479999542236328,20.030000686645508,20.350000381469727,150400,0.0,0.0
2024-04-16 00:00:00-04:00,20.219999313354492,20.5,19.90999984741211,20.309999465942383,109600,0.0,0.0
2024-04-17 00:00:00-04:00,20.40999984741211,20.639999389648438,19.940000534057617,19.940000534057617,150600,0.0,0.0
2024-04-18 00:00:00-04:00,19.8700008392334,20.3700008392334,19.520000457763672,20.209999084472656,214200,0.0,0.0
2024-04-19 00:00:00-04:00,20.219999313354492,20.520000457763672,19.93000030517578,20.030000686645508,128400,0.0,0.0
2024-04-22 00:00:00-04:00,20.329999923706055,20.450000762939453,20.0,20.31999969482422,122200,0.0,0.0
2024-04-23 00:00:00-04:00,20.440000534057617,20.850000381469727,20.360000610351562,20.780000686645508,133000,0.0,0.0
2024-04-24 00:00:00-04:00,20.530000686645508,21.18000030517578,20.530000686645508,20.920000076293945,173000,0.0,0.0
2024-04-25 00:00:00-04:00,20.639999389648438,20.639999389648438,19.700000762939453,20.270000457763672,190400,0.0,0.0
2024-04-26 00:00:00-04:00,20.239999771118164,20.600000381469727,20.239999771118164,20.56999969482422,85900,0.0,0.0
2024-04-29 00:00:00-04:00,20.510000228881836,20.889999389648438,20.510000228881836,20.600000381469727,83000,0.0,0.0
2024-04-30 00:00:00-04:00,20.43000030517578,20.489999771118164,19.59000015258789,19.6200008392334,240700,0.0,0.0
2024-05-01 00:00:00-04:00,19.6299991607666,20.940000534057617,19.360000610351562,20.329999923706055,171600,0.0,0.0
2024-05-02 00:00:00-04:00,20.549999237060547,20.8799991607666,20.31999969482422,20.549999237060547,183900,0.0,0.0
2024-05-03 00:00:00-04:00,20.90999984741211,21.079999923706055,20.639999389648438,20.93000030517578,119200,0.0,0.0
2024-05-06 00:00:00-04:00,21.15999984741211,21.3799991607666,20.979999542236328,21.06999969482422,137200,0.0,0.0
2024-05-07 00:00:00-04:00,22.899999618530273,25.510000228881836,22.860000610351562,23.770000457763672,939200,0.0,0.0
2024-05-08 00:00:00-04:00,23.75,23.75,22.719999313354492,23.299999237060547,348500,0.0,0.0
2024-05-09 00:00:00-04:00,23.25,23.84000015258789,23.139999389648438,23.399999618530273,213400,0.0,0.0
2024-05-10 00:00:00-04:00,23.399999618530273,23.690000534057617,23.329999923706055,23.530000686645508,118800,0.0,0.0
2024-05-13 00:00:00-04:00,23.559999465942383,23.6299991607666,23.1299991607666,23.200000762939453,146800,0.0,0.0
2024-05-14 00:00:00-04:00,23.020000457763672,23.5,23.020000457763672,23.440000534057617,113800,0.0,0.0
2024-05-15 00:00:00-04:00,23.5,24.170000076293945,23.5,23.729999542236328,120000,0.0,0.0
2024-05-16 00:00:00-04:00,23.6200008392334,23.68000030517578,23.34000015258789,23.5,188000,0.0,0.0
2024-05-17 00:00:00-04:00,23.729999542236328,23.729999542236328,23.200000762939453,23.459999084472656,112000,0.0,0.0
2024-05-20 00:00:00-04:00,23.40999984741211,23.90999984741211,23.329999923706055,23.809999465942383,147700,0.0,0.0
2024-05-21 00:00:00-04:00,23.790000915527344,23.790000915527344,23.309999465942383,23.459999084472656,114400,0.0,0.0
2024-05-22 00:00:00-04:00,23.329999923706055,23.920000076293945,23.299999237060547,23.760000228881836,159600,0.0,0.0
2024-05-23 00:00:00-04:00,23.690000534057617,23.940000534057617,23.40999984741211,23.649999618530273,189300,0.0,0.0
2024-05-24 00:00:00-04:00,23.940000534057617,23.989999771118164,23.56999969482422,23.780000686645508,124400,0.0,0.0
2024-05-28 00:00:00-04:00,23.829999923706055,24.010000228881836,23.34000015258789,23.450000762939453,165000,0.0,0.0
2024-05-29 00:00:00-04:00,23.1299991607666,23.989999771118164,23.0,23.75,166200,0.0,0.0
2024-05-30 00:00:00-04:00,23.81999969482422,24.1200008392334,23.770000457763672,23.850000381469727,173900,0.0,0.0
2024-05-31 00:00:00-04:00,23.780000686645508,23.959999084472656,23.280000686645508,23.600000381469727,146100,0.0,0.0
2024-06-03 00:00:00-04:00,23.860000610351562,23.860000610351562,23.139999389648438,23.530000686645508,106300,0.0,0.0
2024-06-04 00:00:00-04:00,23.329999923706055,23.350000381469727,23.079999923706055,23.31999969482422,101700,0.0,0.0
2024-06-05 00:00:00-04:00,23.389999389648438,23.6299991607666,23.020000457763672,23.440000534057617,171600,0.0,0.0
2024-06-06 00:00:00-04:00,23.329999923706055,23.850000381469727,23.260000228881836,23.649999618530273,152900,0.0,0.0
2024-06-07 00:00:00-04:00,23.3799991607666,23.579999923706055,23.1200008392334,23.34000015258789,122700,0.0,0.0
2024-06-10 00:00:00-04:00,23.059999465942383,23.31999969482422,22.579999923706055,23.270000457763672,245100,0.0,0.0
2024-06-11 00:00:00-04:00,23.18000030517578,23.56999969482422,22.5,23.399999618530273,171600,0.0,0.0
2024-06-12 00:00:00-04:00,24.020000457763672,24.06999969482422,23.420000076293945,23.579999923706055,133300,0.0,0.0
2024-06-13 00:00:00-04:00,23.479999542236328,23.549999237060547,22.950000762939453,23.299999237060547,125100,0.0,0.0
2024-06-14 00:00:00-04:00,23.010000228881836,23.149999618530273,22.559999465942383,23.1200008392334,146100,0.0,0.0
2024-06-17 00:00:00-04:00,22.809999465942383,23.25,22.59000015258789,23.170000076293945,117000,0.0,0.0
2024-06-18 00:00:00-04:00,23.260000228881836,23.469999313354492,23.0,23.190000534057617,127400,0.0,0.0
2024-06-20 00:00:00-04:00,23.079999923706055,23.479999542236328,22.860000610351562,23.100000381469727,113200,0.0,0.0
2024-06-21 00:00:00-04:00,23.110000610351562,23.479999542236328,23.049999237060547,23.329999923706055,406900,0.0,0.0
2024-06-24 00:00:00-04:00,23.360000610351562,23.6299991607666,23.110000610351562,23.1299991607666,121500,0.0,0.0
2024-06-25 00:00:00-04:00,23.049999237060547,23.559999465942383,22.989999771118164,23.559999465942383,141600,0.0,0.0
2024-06-26 00:00:00-04:00,23.329999923706055,24.3799991607666,23.329999923706055,24.350000381469727,310800,0.0,0.0
2024-06-27 00:00:00-04:00,24.489999771118164,25.170000076293945,24.489999771118164,24.850000381469727,386400,0.0,0.0
2024-06-28 00:00:00-04:00,25.1299991607666,25.739999771118164,25.0,25.649999618530273,1330400,0.0,0.0
2024-07-01 00:00:00-04:00,25.479999542236328,25.719999313354492,25.1299991607666,25.450000762939453,226700,0.0,0.0
2024-07-02 00:00:00-04:00,25.6200008392334,26.260000228881836,25.170000076293945,25.649999618530273,457200,0.0,0.0
2024-07-03 00:00:00-04:00,25.649999618530273,25.989999771118164,25.31999969482422,25.850000381469727,176900,0.0,0.0
2024-07-05 00:00:00-04:00,25.690000534057617,25.829999923706055,24.440000534057617,25.270000457763672,297200,0.0,0.0
2024-07-08 00:00:00-04:00,25.520000457763672,26.1299991607666,25.440000534057617,25.649999618530273,282900,0.0,0.0
2024-07-09 00:00:00-04:00,25.6299991607666,25.889999389648438,25.3700008392334,25.860000610351562,204500,0.0,0.0
2024-07-10 00:00:00-04:00,25.940000534057617,26.030000686645508,25.59000015258789,26.0,127700,0.0,0.0
2024-07-11 00:00:00-04:00,26.459999084472656,26.90999984741211,26.229999542236328,26.600000381469727,297100,0.0,0.0
2024-07-12 00:00:00-04:00,26.770000457763672,27.350000381469727,26.610000610351562,27.280000686645508,457800,0.0,0.0
2024-07-15 00:00:00-04:00,27.5,27.979999542236328,27.0,27.68000030517578,426700,0.0,0.0
2024-07-16 00:00:00-04:00,28.0,29.239999771118164,27.989999771118164,28.459999084472656,466100,0.0,0.0
2024-07-17 00:00:00-04:00,28.219999313354492,28.850000381469727,27.450000762939453,27.899999618530273,308900,0.0,0.0
2024-07-18 00:00:00-04:00,27.610000610351562,28.100000381469727,26.709999084472656,27.059999465942383,241300,0.0,0.0
2024-07-19 00:00:00-04:00,27.25,27.6200008392334,26.950000762939453,27.219999313354492,217600,0.0,0.0
2024-07-22 00:00:00-04:00,27.200000762939453,27.690000534057617,26.850000381469727,27.469999313354492,168800,0.0,0.0
2024-07-23 00:00:00-04:00,27.43000030517578,28.5,27.190000534057617,27.889999389648438,267600,0.0,0.0
2024-07-24 00:00:00-04:00,27.709999084472656,28.459999084472656,27.6200008392334,28.010000228881836,220400,0.0,0.0
2024-07-25 00:00:00-04:00,27.979999542236328,28.209999084472656,27.200000762939453,27.459999084472656,219600,0.0,0.0
2024-07-26 00:00:00-04:00,27.81999969482422,28.030000686645508,27.15999984741211,27.479999542236328,151600,0.0,0.0
2024-07-29 00:00:00-04:00,27.549999237060547,27.700000762939453,27.1200008392334,27.299999237060547,203500,0.0,0.0
2024-07-30 00:00:00-04:00,27.329999923706055,27.549999237060547,26.93000030517578,27.229999542236328,156600,0.0,0.0
2024-07-31 00:00:00-04:00,27.389999389648438,27.81999969482422,26.579999923706055,27.149999618530273,231500,0.0,0.0
2024-08-01 00:00:00-04:00,27.040000915527344,27.43000030517578,26.15999984741211,26.760000228881836,216000,0.0,0.0
2024-08-02 00:00:00-04:00,26.0,26.270000457763672,25.510000228881836,26.1200008392334,261500,0.0,0.0
2024-08-05 00:00:00-04:00,24.530000686645508,25.190000534057617,23.799999237060547,25.0,490200,0.0,0.0
2024-08-06 00:00:00-04:00,25.1299991607666,25.8700008392334,24.959999084472656,25.399999618530273,212200,0.0,0.0
2024-08-07 00:00:00-04:00,25.540000915527344,25.579999923706055,24.6200008392334,25.149999618530273,396000,0.0,0.0
2024-08-08 00:00:00-04:00,25.350000381469727,25.860000610351562,25.049999237060547,25.329999923706055,275600,0.0,0.0
2024-08-09 00:00:00-04:00,25.940000534057617,27.18000030517578,24.18000030517578,24.850000381469727,333800,0.0,0.0
2024-08-12 00:00:00-04:00,24.90999984741211,25.270000457763672,24.479999542236328,25.1299991607666,203200,0.0,0.0
2024-08-13 00:00:00-04:00,25.389999389648438,25.420000076293945,24.719999313354492,25.079999923706055,253200,0.0,0.0
2024-08-14 00:00:00-04:00,25.149999618530273,25.389999389648438,24.020000457763672,24.510000228881836,274100,0.0,0.0
2024-08-15 00:00:00-04:00,25.0,25.920000076293945,24.690000534057617,25.239999771118164,267100,0.0,0.0
2024-08-16 00:00:00-04:00,25.209999084472656,25.389999389648438,25.020000457763672,25.040000915527344,225600,0.0,0.0
2024-08-19 00:00:00-04:00,25.010000228881836,25.40999984741211,24.889999389648438,25.229999542236328,157100,0.0,0.0
2024-08-20 00:00:00-04:00,25.170000076293945,25.25,24.84000015258789,24.940000534057617,150300,0.0,0.0
2024-08-21 00:00:00-04:00,25.139999389648438,25.6200008392334,24.8799991607666,25.360000610351562,164900,0.0,0.0
2024-08-22 00:00:00-04:00,25.489999771118164,25.639999389648438,25.149999618530273,25.520000457763672,108300,0.0,0.0
2024-08-23 00:00:00-04:00,25.780000686645508,26.549999237060547,25.520000457763672,26.219999313354492,188800,0.0,0.0
2024-08-26 00:00:00-04:00,26.420000076293945,26.75,26.31999969482422,26.530000686645508,219600,0.0,0.0
2024-08-27 00:00:00-04:00,26.420000076293945,26.649999618530273,26.170000076293945,26.489999771118164,112700,0.0,0.0
2024-08-28 00:00:00-04:00,26.489999771118164,26.829999923706055,26.350000381469727,26.459999084472656,177900,0.0,0.0
2024-08-29 00:00:00-04:00,26.690000534057617,27.059999465942383,26.34000015258789,26.860000610351562,179500,0.0,0.0
2024-08-30 00:00:00-04:00,26.959999084472656,27.25,26.65999984741211,27.139999389648438,167800,0.0,0.0
2024-09-03 00:00:00-04:00,26.829999923706055,27.09000015258789,25.68000030517578,26.190000534057617,213300,0.0,0.0
2024-09-04 00:00:00-04:00,26.1200008392334,26.31999969482422,25.3700008392334,25.799999237060547,172900,0.0,0.0
2024-09-05 00:00:00-04:00,25.920000076293945,25.969999313354492,25.3799991607666,25.610000610351562,145500,0.0,0.0
2024-09-06 00:00:00-04:00,25.579999923706055,25.610000610351562,24.739999771118164,25.110000610351562,206400,0.0,0.0
2024-09-09 00:00:00-04:00,25.030000686645508,25.100000381469727,24.010000228881836,24.350000381469727,327000,0.0,0.0
2024-09-10 00:00:00-04:00,24.489999771118164,24.709999084472656,24.149999618530273,24.440000534057617,176400,0.0,0.0
2024-09-11 00:00:00-04:00,24.270000457763672,24.639999389648438,23.790000915527344,24.329999923706055,157500,0.0,0.0
2024-09-12 00:00:00-04:00,24.520000457763672,25.149999618530273,24.399999618530273,24.75,190100,0.0,0.0
2024-09-13 00:00:00-04:00,25.520000457763672,25.850000381469727,25.0,25.25,253200,0.0,0.0
2024-09-16 00:00:00-04:00,25.3700008392334,25.639999389648438,25.149999618530273,25.3799991607666,177300,0.0,0.0
2024-09-17 00:00:00-04:00,25.559999465942383,26.0,25.1299991607666,25.219999313354492,197800,0.0,0.0
2024-09-18 00:00:00-04:00,25.200000762939453,25.670000076293945,24.940000534057617,24.969999313354492,190800,0.0,0.0
2024-09-19 00:00:00-04:00,25.56999969482422,25.56999969482422,24.90999984741211,25.139999389648438,151400,0.0,0.0
2024-09-20 00:00:00-04:00,25.100000381469727,25.700000762939453,25.030000686645508,25.209999084472656,1078300,0.0,0.0
2024-09-23 00:00:00-04:00,25.309999465942383,25.6299991607666,25.190000534057617,25.280000686645508,138700,0.0,0.0
2024-09-24 00:00:00-04:00,25.3700008392334,25.639999389648438,25.100000381469727,25.5,141700,0.0,0.0
2024-09-25 00:00:00-04:00,25.3700008392334,25.3700008392334,24.950000762939453,25.31999969482422,199900,0.0,0.0
2024-09-26 00:00:00-04:00,25.6299991607666,25.899999618530273,25.450000762939453,25.760000228881836,333200,0.0,0.0
2024-09-27 00:00:00-04:00,25.899999618530273,27.350000381469727,25.729999542236328,26.850000381469727,316700,0.0,0.0
2024-09-30 00:00:00-04:00,26.979999542236328,27.559999465942383,26.25,26.6200008392334,231200,0.0,0.0
2024-10-01 00:00:00-04:00,26.549999237060547,26.68000030517578,25.889999389648438,26.270000457763672,195100,0.0,0.0
2024-10-02 00:00:00-04:00,26.040000915527344,26.559999465942383,26.040000915527344,26.350000381469727,174100,0.0,0.0
2024-10-03 00:00:00-04:00,26.280000686645508,26.31999969482422,25.649999618530273,25.920000076293945,178000,0.0,0.0
2024-10-04 00:00:00-04:00,26.34000015258789,26.559999465942383,26.020000457763672,26.440000534057617,156500,0.0,0.0
2024-10-07 00:00:00-04:00,26.219999313354492,26.260000228881836,25.31999969482422,25.799999237060547,422600,0.0,0.0
2024-10-08 00:00:00-04:00,25.90999984741211,26.229999542236328,25.469999313354492,25.700000762939453,268800,0.0,0.0
2024-10-09 00:00:00-04:00,25.6200008392334,25.860000610351562,25.299999237060547,25.530000686645508,140100,0.0,0.0
2024-10-10 00:00:00-04:00,25.200000762939453,25.5,24.81999969482422,25.440000534057617,195100,0.0,0.0
2024-10-11 00:00:00-04:00,25.3700008392334,26.010000228881836,25.3700008392334,25.920000076293945,134100,0.0,0.0
2024-10-14 00:00:00-04:00,25.950000762939453,26.5,25.729999542236328,26.200000762939453,148800,0.0,0.0
2024-10-15 00:00:00-04:00,26.170000076293945,27.0,26.170000076293945,26.40999984741211,220100,0.0,0.0
2024-10-16 00:00:00-04:00,26.56999969482422,27.040000915527344,26.43000030517578,26.889999389648438,200900,0.0,0.0
2024-10-17 00:00:00-04:00,26.84000015258789,26.969999313354492,26.59000015258789,26.729999542236328,139300,0.0,0.0
2024-10-18 00:00:00-04:00,26.84000015258789,27.729999542236328,26.84000015258789,27.360000610351562,302100,0.0,0.0
2024-10-21 00:00:00-04:00,27.25,27.399999618530273,26.360000610351562,26.639999389648438,245700,0.0,0.0
2024-10-22 00:00:00-04:00,26.5,26.719999313354492,26.020000457763672,26.530000686645508,123100,0.0,0.0
2024-10-23 00:00:00-04:00,27.209999084472656,27.700000762939453,26.829999923706055,26.860000610351562,223300,0.0,0.0
2024-10-24 00:00:00-04:00,26.93000030517578,27.040000915527344,26.459999084472656,26.610000610351562,155600,0.0,0.0
2024-10-25 00:00:00-04:00,26.639999389648438,26.8700008392334,26.290000915527344,26.469999313354492,101500,0.0,0.0
2024-10-28 00:00:00-04:00,26.510000228881836,26.780000686645508,26.350000381469727,26.459999084472656,99900,0.0,0.0
2024-10-29 00:00:00-04:00,26.239999771118164,26.81999969482422,26.139999389648438,26.729999542236328,118200,0.0,0.0
2024-10-30 00:00:00-04:00,26.5,27.239999771118164,26.479999542236328,26.6299991607666,134900,0.0,0.0
2024-10-31 00:00:00-04:00,26.469999313354492,26.56999969482422,26.0,26.329999923706055,148800,0.0,0.0
2024-11-01 00:00:00-04:00,26.5,27.219999313354492,26.3799991607666,26.75,187600,0.0,0.0
2024-11-04 00:00:00-05:00,26.68000030517578,27.84000015258789,26.6200008392334,27.459999084472656,234900,0.0,0.0
2024-11-05 00:00:00-05:00,27.34000015258789,28.25,27.34000015258789,27.889999389648438,257300,0.0,0.0
2024-11-06 00:00:00-05:00,29.020000457763672,29.90999984741211,28.350000381469727,29.440000534057617,484100,0.0,0.0
2024-11-07 00:00:00-05:00,29.34000015258789,30.0,28.770000457763672,28.979999542236328,333200,0.0,0.0
2024-11-08 00:00:00-05:00,29.5,29.5,27.110000610351562,28.709999084472656,370100,0.0,0.0
