Date,Open,High,Low,Close,Volume,Dividends,Stock Splits
2017-10-23 00:00:00-04:00,11.646973790809882,12.729777987471644,10.300292015075684,10.300292015075684,1541400,0.0,0.0
2017-10-24 00:00:00-04:00,10.855342761205975,10.90993745958258,9.171990897375508,10.009117126464844,450100,0.0,0.0
2017-10-25 00:00:00-04:00,10.000019265592906,10.234778934625274,9.372174930671505,10.10011100769043,113000,0.0,0.0
2017-10-26 00:00:00-04:00,10.145605664822854,10.909938453891696,10.145605664822854,10.464077949523926,108100,0.0,0.0
2017-10-27 00:00:00-04:00,10.818945546974684,10.818945546974684,10.400382450202931,10.618762969970703,52000,0.0,0.0
2017-10-30 00:00:00-04:00,10.70065701740601,10.70065701740601,9.59965402869348,9.808935165405273,61600,0.0,0.0
2017-10-31 00:00:00-04:00,9.754340115843343,10.23659734792642,9.681546604123902,9.899927139282227,53900,0.0,0.0
2017-11-01 00:00:00-04:00,9.872630475301987,10.416762143377381,9.554158188575922,9.781638145446777,60100,0.0,0.0
2017-11-02 00:00:00-04:00,9.47226509369793,10.262075517417037,9.463165687323784,9.827134132385254,71200,0.0,0.0
2017-11-03 00:00:00-04:00,9.554157257080078,9.788006602175301,8.152880894085683,9.326677322387695,67300,0.0,0.0
2017-11-06 00:00:00-05:00,9.281182382540507,9.281182382540507,8.425858097423927,8.434957504272461,60800,0.0,0.0
2017-11-07 00:00:00-05:00,8.234774162374647,8.339414728554122,7.370350547046285,8.098285675048828,93100,0.0,0.0
2017-11-08 00:00:00-05:00,8.234773478003207,8.444054592969328,7.279357617193192,7.979996204376221,93900,0.0,0.0
2017-11-09 00:00:00-05:00,8.189278791237816,8.635139317163302,8.189278791237816,8.453155517578125,44700,0.0,0.0
2017-11-10 00:00:00-05:00,8.37126142312627,8.644237518310547,8.37126142312627,8.644237518310547,17400,0.0,0.0
2017-11-13 00:00:00-05:00,8.644237697523318,8.644237697523318,7.7343179398892845,8.371261596679688,46300,0.0,0.0
2017-11-14 00:00:00-05:00,8.13468234711031,8.55324547525576,7.734318030859803,8.53504753112793,41800,0.0,0.0
2017-11-15 00:00:00-05:00,8.498650600399133,9.581454720642864,8.007293970308911,8.694283485412598,118100,0.0,0.0
2017-11-16 00:00:00-05:00,8.844421035304876,8.961800430167294,8.371262304783665,8.562345504760742,57900,0.0,0.0
2017-11-17 00:00:00-05:00,8.398559393394606,8.462254369900384,8.189278254529311,8.444055557250977,54900,0.0,0.0
2017-11-20 00:00:00-05:00,8.189276590061441,8.462252649950218,8.189276590061441,8.316665649414062,39700,0.0,0.0
2017-11-21 00:00:00-05:00,8.325764888572872,8.962709371308453,8.325764888572872,8.880816459655762,33900,0.0,0.0
2017-11-22 00:00:00-05:00,8.771626758159435,9.372173658134516,8.598741518610789,9.281181335449219,84300,0.0,0.0
2017-11-24 00:00:00-05:00,9.262983555318922,9.281181499517416,9.235685337370509,9.237505912780762,10500,0.0,0.0
2017-11-27 00:00:00-05:00,9.28118105409545,9.28118105409545,8.66243622900047,8.93541145324707,48900,0.0,0.0
2017-11-28 00:00:00-05:00,8.962711334228516,9.099198971697078,8.826222828992718,8.962711334228516,31100,0.0,0.0
2017-11-29 00:00:00-05:00,8.962709371308453,9.281180744909197,8.871717054412786,8.880816459655762,48300,0.0,0.0
2017-11-30 00:00:00-05:00,9.099198273758143,9.099198273758143,8.025492599769189,8.544147491455078,91900,0.0,0.0
2017-12-01 00:00:00-05:00,8.41675875766109,8.50138168004598,7.961798824814545,8.453155517578125,26700,0.0,0.0
2017-12-04 00:00:00-05:00,8.5532460981506,8.644238428717657,8.416758470067192,8.562345504760742,17200,0.0,0.0
2017-12-05 00:00:00-05:00,8.571443778044351,8.644237285766282,8.38036060333252,8.38036060333252,4100,0.0,0.0
2017-12-06 00:00:00-05:00,8.498651488652184,8.507750895363642,7.77981484602353,8.189278602600098,39400,0.0,0.0
2017-12-07 00:00:00-05:00,8.26207009998149,8.26207009998149,7.899922305559688,8.252970695495605,9900,0.0,0.0
2017-12-08 00:00:00-05:00,7.952698455516485,8.252062485515216,7.916301700003917,7.989095211029053,20100,0.0,0.0
2017-12-11 00:00:00-05:00,8.262071239287573,8.271170645028228,7.961797791982735,7.970897197723389,67600,0.0,0.0
2017-12-12 00:00:00-05:00,8.098285477566757,8.262071311256864,7.961797861336402,7.989095211029053,29500,0.0,0.0
2017-12-13 00:00:00-05:00,7.952699261165981,8.234774795789418,7.752517519450963,7.961798667907715,34000,0.0,0.0
2017-12-14 00:00:00-05:00,8.13468252146667,8.189278090554572,7.84532817471862,7.8799052238464355,15000,0.0,0.0
2017-12-15 00:00:00-05:00,7.916302124043186,8.020033273305593,6.9790849685668945,6.9790849685668945,67800,0.0,0.0
2017-12-18 00:00:00-05:00,7.279358509235217,8.089187455783811,7.165618532528416,7.3703508377075195,52700,0.0,0.0
2017-12-19 00:00:00-05:00,7.543235009005322,7.543235009005322,7.188366413116455,7.188366413116455,36500,0.0,0.0
2017-12-20 00:00:00-05:00,7.2520602465525545,7.547784426854444,6.842596530914307,6.842596530914307,30800,0.0,0.0
2017-12-21 00:00:00-05:00,6.842596701507517,7.333953779960439,6.842596701507517,7.324854373931885,55400,0.0,0.0
2017-12-22 00:00:00-05:00,7.233861724135741,7.3612507995100644,6.897191526111189,7.352151393890381,52500,0.0,0.0
2017-12-26 00:00:00-05:00,7.5432354288172005,7.5432354288172005,7.09737491607666,7.09737491607666,20400,0.0,0.0
2017-12-27 00:00:00-05:00,7.361251707228283,8.13468305716472,6.88718311596692,7.961798667907715,92800,0.0,0.0
2017-12-28 00:00:00-05:00,7.961798252902568,8.289369068625817,7.515937759004139,8.19837760925293,49500,0.0,0.0
2017-12-29 00:00:00-05:00,8.171079343787332,8.826221839259592,7.779814421960781,8.116484642028809,39500,0.0,0.0
2018-01-02 00:00:00-05:00,8.098285758052453,8.88991673646153,8.086457224290559,8.489551544189453,15200,0.0,0.0
2018-01-03 00:00:00-05:00,8.407659172766538,8.808024391146194,8.289369488598329,8.498651504516602,25500,0.0,0.0
2018-01-04 00:00:00-05:00,8.398559326633125,9.736141673881725,8.368531980214014,9.190190315246582,46600,0.0,0.0
2018-01-05 00:00:00-05:00,9.554157920513235,9.554157920513235,8.553245791257373,8.735230445861816,21900,0.0,0.0
2018-01-08 00:00:00-05:00,8.73523055927337,10.418581694082663,8.73523055927337,8.835321426391602,86200,0.0,0.0
2018-01-09 00:00:00-05:00,8.871717993271119,9.551427843492151,8.871717993271119,9.108297348022461,18600,0.0,0.0
2018-01-10 00:00:00-05:00,9.008205253136571,9.043692588806152,8.896285858818233,9.043692588806152,5000,0.0,0.0
2018-01-11 00:00:00-05:00,8.926312083592075,9.262982247518812,8.271169697367805,9.099196434020996,49300,0.0,0.0
2018-01-12 00:00:00-05:00,9.094647291751368,9.217486659439597,8.689733303186886,8.817121505737305,11500,0.0,0.0
2018-01-16 00:00:00-05:00,8.826221187316959,9.008204959348499,8.462253643253876,8.707931518554688,18600,0.0,0.0
2018-01-17 00:00:00-05:00,8.535047487714952,8.56052513002459,8.052790255924396,8.225674629211426,26300,0.0,0.0
2018-01-18 00:00:00-05:00,8.098284776257568,8.371260852845728,8.080086833960772,8.24205207824707,7800,0.0,0.0
2018-01-19 00:00:00-05:00,8.234773862542538,8.234773862542538,7.838958391806756,8.04369068145752,8500,0.0,0.0
2018-01-22 00:00:00-05:00,7.961799290412921,8.001835468332775,7.925402528367439,7.937231063842773,3000,0.0,0.0
2018-01-23 00:00:00-05:00,7.736137865657501,8.141051891537458,7.736137865657501,7.788913726806641,7800,0.0,0.0
2018-01-24 00:00:00-05:00,7.77617334415417,7.987275034391048,7.77617334415417,7.979996204376221,3600,0.0,0.0
2018-01-25 00:00:00-05:00,7.825310862915699,8.007294654846191,7.734318533066868,8.007294654846191,7600,0.0,0.0
2018-01-26 00:00:00-05:00,7.751607258978658,7.798012845097486,7.643326401011804,7.734318733215332,9400,0.0,0.0
2018-01-29 00:00:00-05:00,7.909022878385814,8.016393437432749,7.525036803581319,7.534135341644287,15400,0.0,0.0
2018-01-30 00:00:00-05:00,7.534135831342724,7.688822269439697,7.288457932332161,7.688822269439697,14200,0.0,0.0
2018-01-31 00:00:00-05:00,7.371260325799041,7.679722916387602,7.279358576497777,7.388548851013184,21300,0.0,0.0
2018-02-01 00:00:00-05:00,7.379449344677476,7.8071118982348455,7.370350806083011,7.44314432144165,6400,0.0,0.0
2018-02-02 00:00:00-05:00,7.297557290724372,7.44314432144165,7.279358478001136,7.44314432144165,8300,0.0,0.0
2018-02-05 00:00:00-05:00,7.279357608596858,9.09828672311177,7.279357608596858,7.752516269683838,13500,0.0,0.0
2018-02-06 00:00:00-05:00,7.588732061230721,7.798013220499719,7.552335300150581,7.634228229522705,9300,0.0,0.0
2018-02-07 00:00:00-05:00,7.397648402250433,7.5432354377863975,6.987274360090586,7.415846347808838,8800,0.0,0.0
2018-02-08 00:00:00-05:00,7.734318010697488,8.052790275891876,7.530496003947871,7.543234825134277,14800,0.0,0.0
2018-02-09 00:00:00-05:00,7.916302072301903,8.189278185367584,7.279358386993408,7.279358386993408,42400,0.0,0.0
2018-02-12 00:00:00-05:00,7.643325944064131,7.958158804584716,7.506838321685791,7.506838321685791,4500,0.0,0.0
2018-02-13 00:00:00-05:00,7.2793581610712845,7.73431804613824,7.2793581610712845,7.687912464141846,9900,0.0,0.0
2018-02-14 00:00:00-05:00,7.406747362268963,7.949059297267901,7.343052387237549,7.343052387237549,800,0.0,0.0
2018-02-15 00:00:00-05:00,8.180178942371892,8.180178942371892,7.279358532267863,7.3066558837890625,21300,0.0,0.0
2018-02-16 00:00:00-05:00,7.46134191428876,7.46134191428876,7.279358134480178,7.3157548904418945,5700,0.0,0.0
2018-02-20 00:00:00-05:00,7.324854684628679,7.4158461454724245,7.324854684628679,7.3685302734375,4300,0.0,0.0
2018-02-21 00:00:00-05:00,7.415845895736036,7.415845895736036,7.142870220746804,7.261159896850586,8400,0.0,0.0
2018-02-22 00:00:00-05:00,7.397647872351617,7.778903959434316,7.233862035222163,7.252060413360596,33200,0.0,0.0
2018-02-23 00:00:00-05:00,7.352151596227845,7.352151596227845,7.006381983067736,7.233861923217773,8100,0.0,0.0
2018-02-26 00:00:00-05:00,7.315755092706359,7.716119419354429,7.070076766230533,7.115572929382324,9000,0.0,0.0
2018-02-27 00:00:00-05:00,7.188366570114085,7.543235173753465,7.188366570114085,7.288457870483398,4500,0.0,0.0
2018-02-28 00:00:00-05:00,7.204745164848703,7.406747471161964,7.204745164848703,7.279358386993408,14600,0.0,0.0
2018-03-01 00:00:00-05:00,7.279357149062672,7.697920219844455,7.243870251721379,7.46134090423584,17800,0.0,0.0
2018-03-02 00:00:00-05:00,7.188366430303026,7.308475380973123,6.878993562751558,7.042778968811035,27700,0.0,0.0
2018-03-05 00:00:00-05:00,7.124672259130802,7.443144549404118,6.542323684542422,7.024580955505371,51000,0.0,0.0
2018-03-06 00:00:00-05:00,7.024580513124948,7.032770065362197,6.505926516030737,6.642414569854736,32500,0.0,0.0
2018-03-07 00:00:00-05:00,6.678811436344965,6.750695096702599,6.141958618275205,6.278446674346924,46400,0.0,0.0
2018-03-08 00:00:00-05:00,6.369438424223108,6.369438424223108,6.196553614928168,6.333041667938232,10600,0.0,0.0
2018-03-09 00:00:00-05:00,6.187454891250677,6.360339273604081,6.167436370771677,6.296645164489746,7800,0.0,0.0
2018-03-12 00:00:00-04:00,6.242049468258955,6.305743571662997,6.119210096465096,6.205652713775635,16300,0.0,0.0
2018-03-13 00:00:00-04:00,6.36033941986875,6.36033941986875,6.104652255903257,6.3239426612854,6700,0.0,0.0
2018-03-14 00:00:00-04:00,6.228400692585789,6.228400692585789,6.100102191261949,6.125579833984375,3600,0.0,0.0
2018-03-15 00:00:00-04:00,6.204743226992653,6.204743226992653,6.105562210083008,6.105562210083008,8200,0.0,0.0
2018-03-16 00:00:00-04:00,6.292095349789025,6.292095349789025,6.112841125817439,6.278446674346924,11900,0.0,0.0
2018-03-19 00:00:00-04:00,6.278446739798717,6.278446739798717,6.09737280624947,6.214752197265625,1900,0.0,0.0
2018-03-20 00:00:00-04:00,6.115571393723655,6.214752409384636,6.096462726593018,6.096462726593018,10100,0.0,0.0
2018-03-21 00:00:00-04:00,6.20929246484043,6.260248184204102,6.050966617660304,6.260248184204102,10400,0.0,0.0
2018-03-22 00:00:00-04:00,6.359428911946452,6.369438171386719,6.0782636987823935,6.369438171386719,10700,0.0,0.0
2018-03-23 00:00:00-04:00,6.232950210571289,6.232950210571289,6.169256105656124,6.232950210571289,900,0.0,0.0
2018-03-26 00:00:00-04:00,6.35124041124792,6.35124041124792,6.2629780769348145,6.2629780769348145,1400,0.0,0.0
2018-03-27 00:00:00-04:00,6.269346828699375,6.53322351613008,6.050966301398187,6.5150251388549805,6000,0.0,0.0
2018-03-28 00:00:00-04:00,6.579806210711115,6.635331947522599,6.339194243248688,6.348448753356934,7600,0.12,0.0
2018-03-29 00:00:00-04:00,6.408601447490148,6.408601447490148,6.246651058354421,6.3614044189453125,6000,0.0,0.0
2018-04-02 00:00:00-04:00,6.246650943601323,6.292922608584165,5.756172971644549,6.089327812194824,14900,0.0,0.0
2018-04-03 00:00:00-04:00,5.9967848312566,6.583507133653758,5.7931904792785645,5.7931904792785645,4000,0.0,0.0
2018-04-04 00:00:00-04:00,5.848716536046105,6.505771733975308,5.848716536046105,5.9967851638793945,7100,0.0,0.0
2018-04-05 00:00:00-04:00,6.163361830150893,6.366956616861773,6.163361830150893,6.19112491607666,2700,0.0,0.0
2018-04-06 00:00:00-04:00,6.265159566042902,6.283668143912244,5.922750654820422,6.024548053741455,5000,0.0,0.0
2018-04-09 00:00:00-04:00,6.015293606740742,6.015293606740742,5.9505133628845215,5.9505133628845215,2500,0.0,0.0
2018-04-10 00:00:00-04:00,5.959767383675191,6.058788246119578,5.830207347869873,5.830207347869873,3600,0.0,0.0
2018-04-11 00:00:00-04:00,5.8302076814002435,6.198528508072637,5.413764023426341,5.8487162590026855,31500,0.0,0.0
2018-04-12 00:00:00-04:00,5.802444429269063,5.802444429269063,5.413763869396994,5.545175075531006,19600,0.0,0.0
2018-04-13 00:00:00-04:00,5.506307415091025,5.506307415091025,5.182407056782024,5.469290256500244,19500,0.0,0.0
2018-04-16 00:00:00-04:00,5.571087619677928,5.989382038016338,5.571087619677928,5.783936500549316,4000,0.0,0.0
2018-04-17 00:00:00-04:00,5.6543759365218484,5.7284102464469635,5.645121427141562,5.651599407196045,4400,0.0,0.0
2018-04-18 00:00:00-04:00,5.878330157879983,5.922750656523315,5.645121547124056,5.738590240478516,6300,0.0,0.0
2018-04-19 00:00:00-04:00,5.782085349083448,5.782085349083448,5.654376029968262,5.654376029968262,800,0.0,0.0
2018-04-20 00:00:00-04:00,5.8487162590026855,5.95051321517647,5.749694949614286,5.8487162590026855,3300,0.0,0.0
2018-04-23 00:00:00-04:00,5.783936070116676,5.839461803436279,5.783936070116676,5.839461803436279,1200,0.0,0.0
2018-04-24 00:00:00-04:00,5.978276849042487,5.978276849042487,5.358238780727902,5.469290256500244,11100,0.0,0.0
2018-04-25 00:00:00-04:00,5.460035673297461,5.460035673297461,5.126880836075702,5.16389799118042,13900,0.0,0.0
2018-04-26 00:00:00-04:00,5.173152580463157,5.524815559387207,5.173152580463157,5.524815559387207,5900,0.0,0.0
2018-04-27 00:00:00-04:00,5.5155616449851745,5.5155616449851745,5.321221351623535,5.321221351623535,11700,0.0,0.0
2018-04-30 00:00:00-04:00,5.432272821750382,5.470215341185157,5.321221351623535,5.321221351623535,6900,0.0,0.0
2018-05-01 00:00:00-04:00,5.3674927357260165,5.413763958537874,5.274949407543715,5.293457984924316,7200,0.0,0.0
2018-05-02 00:00:00-04:00,5.29345791950054,5.29345791950054,5.183331819255154,5.189809799194336,5900,0.0,0.0
2018-05-03 00:00:00-04:00,5.247186762112459,5.413763958537874,5.173152452590052,5.293457984924316,5200,0.0,0.0
2018-05-04 00:00:00-04:00,5.372119842318222,5.413764254017321,5.136135578155518,5.136135578155518,6000,0.0,0.0
2018-05-07 00:00:00-04:00,5.18240674937103,5.265695571899414,5.136135524516949,5.265695571899414,15200,0.0,0.0
2018-05-08 00:00:00-04:00,5.16297208115096,6.015292803446452,5.1361348009929015,5.552577972412109,41500,0.0,0.0
2018-05-09 00:00:00-04:00,5.663630030819529,6.310505324253483,5.635867385108844,6.283668041229248,18200,0.0,0.0
2018-05-10 00:00:00-04:00,6.107836309847077,6.170765826352135,5.645121431202916,5.66363000869751,26900,0.0,0.0
2018-05-11 00:00:00-04:00,5.691393087823571,5.99400874866316,5.691393087823571,5.913496017456055,5500,0.0,0.0
2018-05-14 00:00:00-04:00,5.839462026166864,6.206857507553909,5.839462026166864,5.9967851638793945,23800,0.0,0.0
2018-05-15 00:00:00-04:00,6.003262073327059,6.4687529817400184,5.985678860716727,6.329938888549805,21400,0.0,0.0
2018-05-16 00:00:00-04:00,6.4132282854032265,6.709365977043635,6.1263451034762575,6.135599613189697,26000,0.0,0.0
2018-05-17 00:00:00-04:00,6.450245712609493,6.4780088016365545,6.342896131356623,6.468754291534424,4800,0.0,0.0
2018-05-18 00:00:00-04:00,6.329939966916997,6.561297416687012,6.163362320663824,6.561297416687012,2800,0.0,0.0
2018-05-21 00:00:00-04:00,6.335492186593205,6.41600447520939,6.335492186593205,6.403048515319824,2400,0.0,0.0
2018-05-22 00:00:00-04:00,6.434513345783584,6.672348771811162,6.434513345783584,6.587209224700928,8900,0.0,0.0
2018-05-23 00:00:00-04:00,6.496516929410662,6.496516929410662,6.349373670983927,6.444693088531494,6700,0.0,0.0
2018-05-24 00:00:00-04:00,6.464126662312509,6.614971362945927,6.438214302062988,6.438214302062988,700,0.0,0.0
2018-05-25 00:00:00-04:00,6.385465837149083,6.417855739593506,6.385465837149083,6.417855739593506,800,0.0,0.0
2018-05-29 00:00:00-04:00,6.755637729764834,6.755637729764834,6.431736946105957,6.431736946105957,13000,0.0,0.0
2018-05-30 00:00:00-04:00,6.431736326961026,6.589059448729792,6.431736326961026,6.450244903564453,9000,0.0,0.0
2018-05-31 00:00:00-04:00,6.431736846555238,6.470605169457943,6.385465621948242,6.385465621948242,2400,0.0,0.0
2018-06-01 00:00:00-04:00,6.755637530458774,6.940723308849711,6.339193867160209,6.39471960067749,15700,0.0,0.0
2018-06-04 00:00:00-04:00,6.431736946105957,6.431736946105957,6.334566799264158,6.431736946105957,7600,0.0,0.0
2018-06-05 00:00:00-04:00,6.431736558534818,6.431736558534818,6.3345664175484115,6.422482490539551,3100,0.0,0.0
2018-06-06 00:00:00-04:00,6.431736410750754,6.431736410750754,6.2559051513671875,6.2559051513671875,12200,0.0,0.0
2018-06-07 00:00:00-04:00,6.2466501200654925,6.7010362393380545,6.2466501200654925,6.70011043548584,35400,0.0,0.0
2018-06-08 00:00:00-04:00,6.700111146090004,6.704738400724867,6.50762203084014,6.5955376625061035,2800,0.0,0.0
2018-06-11 00:00:00-04:00,6.607569163972483,6.922215461730957,6.593687839447654,6.922215461730957,17200,0.0,0.0
2018-06-12 00:00:00-04:00,6.755636986141313,6.922214173271643,6.755636986141313,6.903705596923828,5300,0.0,0.0
2018-06-13 00:00:00-04:00,6.792654103648648,7.412692070007324,6.792654103648648,7.412692070007324,4000,0.0,0.0
2018-06-14 00:00:00-04:00,7.338657760737192,7.4765473901362105,6.8944514629590445,7.042520523071289,34600,0.0,0.0
2018-06-15 00:00:00-04:00,7.116555151395944,7.329404021146175,7.116555151395944,7.3108954429626465,13700,0.0,0.0
2018-06-18 00:00:00-04:00,7.329403645072077,7.357166290283203,7.227606249646273,7.357166290283203,12400,0.0,0.0
2018-06-19 00:00:00-04:00,7.2461155397502175,7.375675593133216,7.227606960695503,7.264624118804932,6800,0.0,0.0
2018-06-20 00:00:00-04:00,7.218352451857499,7.3840042904928005,7.218352451857499,7.372899055480957,6900,0.0,0.0
2018-06-21 00:00:00-04:00,7.329404339547378,7.329404339547378,6.940723739529058,7.024012565612793,12200,0.0,0.0
2018-06-22 00:00:00-04:00,7.042520607886473,7.403438091278076,6.746382925374803,7.403438091278076,11400,0.0,0.0
2018-06-25 00:00:00-04:00,7.310894871014166,7.40343775469196,7.014757201965947,7.135063171386719,3800,0.0,0.0
2018-06-26 00:00:00-04:00,7.125808813419366,7.125808813419366,6.77414584798983,6.801908493041992,9700,0.0,0.0
2018-06-27 00:00:00-04:00,6.940722888919422,7.085090052097378,6.940722888919422,6.949977397918701,6800,0.0,0.0
2018-06-28 00:00:00-04:00,6.977740575456119,7.057327505557381,6.940723419189453,6.940723419189453,13700,0.0,0.0
2018-06-29 00:00:00-04:00,6.9684862669100465,7.033266067504883,6.9684862669100465,7.033266067504883,2400,0.0,0.0
2018-07-02 00:00:00-04:00,7.098046309379015,7.098046309379015,7.002726892573233,7.033266067504883,1700,0.0,0.0
2018-07-03 00:00:00-04:00,7.05177464500045,7.062879879753649,7.033266067504883,7.033266067504883,4400,0.0,0.0
2018-07-05 00:00:00-04:00,7.21661997052055,7.249529493845945,7.194053184035349,7.197814464569092,3600,0.12,0.0
2018-07-06 00:00:00-04:00,7.183710115141548,7.183710115141548,7.052071571350098,7.052071571350098,500,0.0,0.0
2018-07-09 00:00:00-04:00,7.033265715786067,7.0840405353194535,6.2340310670655485,6.323357105255127,28100,0.0,0.0
2018-07-10 00:00:00-04:00,6.450295455498544,6.450295455498544,6.2340318915160395,6.281045436859131,6000,0.0,0.0
2018-07-11 00:00:00-04:00,6.375072573300296,6.571589946746826,6.34686409117285,6.571589946746826,8300,0.0,0.0
2018-07-12 00:00:00-04:00,6.48790599203203,6.6947665626555715,6.3280589632799735,6.39387845993042,6000,0.0,0.0
2018-07-13 00:00:00-04:00,6.185136792148221,6.3092532195252,6.136242387622911,6.271642208099365,5500,0.0,0.0
2018-07-16 00:00:00-04:00,6.412684147281883,6.412684147281883,5.721580982208252,5.721580982208252,16500,0.0,0.0
2018-07-17 00:00:00-04:00,6.130600453562238,6.29984999842145,6.111794948577881,6.111794948577881,6100,0.0,0.0
2018-07-18 00:00:00-04:00,5.829712143681577,6.064781188964844,5.829712143681577,6.064781188964844,1900,0.0,0.0
2018-07-19 00:00:00-04:00,6.290447723321361,6.290447723321361,6.064781206066597,6.177614688873291,6200,0.0,0.0
2018-07-20 00:00:00-04:00,5.831593024545642,6.196420194614636,5.831593024545642,6.177614688873291,6700,0.0,0.0
2018-07-23 00:00:00-04:00,6.2810449755169335,6.440892004331776,6.14000390148844,6.168211936950684,2000,0.0,0.0
2018-07-24 00:00:00-04:00,6.332760688620437,6.469100727352252,6.15880963564251,6.309253692626953,3700,0.0,0.0
2018-07-25 00:00:00-04:00,6.121198647458985,6.299850741709341,6.0271706630847035,6.158809661865234,9300,0.0,0.0
2018-07-26 00:00:00-04:00,6.111795669678093,6.210524694584163,6.044095754075113,6.158809661865234,22000,0.0,0.0
2018-07-27 00:00:00-04:00,6.0459756926081365,6.158809175270809,5.8598010514988665,5.9707536697387695,9600,0.0,0.0
2018-07-30 00:00:00-04:00,6.0929896754030874,6.0929896754030874,5.9049346184049085,6.027170181274414,2500,0.0,0.0
2018-07-31 00:00:00-04:00,5.980156406032687,6.06478095417467,5.970753429373241,6.05161714553833,6200,0.0,0.0
2018-08-01 00:00:00-04:00,6.1023919696455335,6.1494059562683105,5.980156411471803,6.1494059562683105,3700,0.0,0.0
2018-08-02 00:00:00-04:00,6.036572940821754,6.111794960910974,5.970753449064384,6.096750736236572,5300,0.0,0.0
2018-08-03 00:00:00-04:00,6.111795417667558,6.168211936950684,6.0177678855290155,6.168211936950684,1200,0.0,0.0
2018-08-06 00:00:00-04:00,6.384474990328369,6.384474990328369,5.981096617277895,6.18701696395874,1600,0.0,0.0
2018-08-07 00:00:00-04:00,6.111795189022418,6.352505931307167,5.970753671911714,6.2340312004089355,14600,0.0,0.0
2018-08-08 00:00:00-04:00,6.675961027586266,6.76434686254662,6.356267419812714,6.600739002227783,26900,0.0,0.0
2018-08-09 00:00:00-04:00,6.600739360926025,6.769988927179994,6.600739360926025,6.6787824630737305,4000,0.0,0.0
2018-08-10 00:00:00-04:00,6.769988328406579,6.769988328406579,6.606380473667283,6.610141754150391,1800,0.0,0.0
2018-08-13 00:00:00-04:00,6.58193302154541,6.600738526529767,6.58193302154541,6.58193302154541,5100,0.0,0.0
2018-08-14 00:00:00-04:00,6.581933023123973,6.649632930755615,6.487905498179637,6.649632930755615,13100,0.0,0.0
2018-08-15 00:00:00-04:00,6.686303981247037,6.687244189277634,6.581933267754175,6.64775276184082,4200,0.0,0.0
2018-08-16 00:00:00-04:00,6.655274855063044,6.971207618713379,6.655274855063044,6.971207618713379,2200,0.0,0.0
2018-08-17 00:00:00-04:00,6.967446332526675,6.967446332526675,6.779391276350517,6.911029815673828,8800,0.0,0.0
2018-08-20 00:00:00-04:00,6.986252050102915,7.50810563145206,6.893164727217711,7.484598636627197,10800,0.0,0.0
2018-08-21 00:00:00-04:00,7.202515945264888,7.573925495147705,7.202515945264888,7.573925495147705,21200,0.0,0.0
2018-08-22 00:00:00-04:00,7.559820172915171,7.682056179419483,7.5316121396348565,7.597431182861328,3500,0.0,0.0
2018-08-23 00:00:00-04:00,7.625639211657833,7.6726531982421875,7.206276406168907,7.6726531982421875,12200,0.0,0.0
2018-08-24 00:00:00-04:00,7.33415500100233,7.785487174987793,7.101906560531583,7.785487174987793,15900,0.0,0.0
2018-08-27 00:00:00-04:00,7.559821153820687,7.992348272681559,7.428182601928711,7.428182601928711,10200,0.0,0.0
2018-08-28 00:00:00-04:00,7.522209863548781,7.926528930664062,7.522209863548781,7.9265289306640625,4700,0.0,0.0
2018-08-29 00:00:00-04:00,7.625639431988507,7.9923474618812635,7.531612352820245,7.70086145401001,14100,0.0,0.0
2018-08-30 00:00:00-04:00,7.531612798917506,8.2274169921875,7.5222098214285715,8.2274169921875,15300,0.0,0.0
2018-08-31 00:00:00-04:00,8.227416040911859,8.227416040911859,7.719666972541414,8.152194023132324,6000,0.0,0.0
2018-09-04 00:00:00-04:00,8.020556033661276,8.265028069979282,7.804292930030397,7.813695907592773,4000,0.0,0.0
2018-09-05 00:00:00-04:00,8.048764931068698,8.312042024640155,7.061474709279125,7.663250923156738,5200,0.0,0.0
2018-09-06 00:00:00-04:00,7.663250252274557,8.08637523651123,7.549477462411047,8.08637523651123,5000,0.0,0.0
2018-09-07 00:00:00-04:00,8.039362195392606,8.25562530458131,7.785487174987793,7.785487174987793,5500,0.0,0.0
2018-09-10 00:00:00-04:00,7.89831947026784,8.227416488494514,7.89831947026784,8.208610534667969,7700,0.0,0.0
2018-09-11 00:00:00-04:00,8.095777997494276,8.415472058379757,8.081674427978163,8.2274169921875,12900,0.0,0.0
2018-09-12 00:00:00-04:00,8.406068339034361,8.932623374620176,8.208610312779333,8.650540351867676,32900,0.0,0.0
2018-09-13 00:00:00-04:00,8.6505406347905,9.100933008915591,8.321444511413574,8.321444511413574,9600,0.0,0.0
2018-09-14 00:00:00-04:00,8.45026313319928,8.688152372676504,8.349653244018555,8.349653244018555,2800,0.0,0.0
2018-09-17 00:00:00-04:00,8.293236069791577,8.45872524598562,7.757278905114985,8.039361953735352,7200,0.0,0.0
2018-09-18 00:00:00-04:00,8.18040155791075,8.53488549689076,8.080732345581055,8.080732345581055,800,0.0,0.0
2018-09-19 00:00:00-04:00,8.312041296959313,8.415471350485381,8.08637523651123,8.08637523651123,3400,0.0,0.0
2018-09-20 00:00:00-04:00,8.274430028660678,8.369397758881753,8.076972007751465,8.076972007751465,3000,0.0,0.0
2018-09-21 00:00:00-04:00,8.226476818962674,8.289475695778252,7.522210263271987,8.058167457580566,7600,0.0,0.0
2018-09-24 00:00:00-04:00,8.001750712975241,8.348712144511762,7.287140582569212,7.8419036865234375,10500,0.0,0.0
2018-09-25 00:00:00-04:00,7.879515527955125,8.4060697555542,7.616238414155589,8.4060697555542,12900,0.0,0.0
2018-09-26 00:00:00-04:00,8.01115369973752,8.170999829661772,7.383989194601193,7.766681671142578,11900,0.0,0.0
2018-09-27 00:00:00-04:00,7.853187303055022,8.039361953735352,7.776084860157746,8.039361953735352,3600,0.0,0.0
2018-09-28 00:00:00-04:00,7.9923479917447215,8.08637597386393,7.851306915283203,7.851306915283203,12700,0.0,0.0
2018-10-01 00:00:00-04:00,7.898319695713253,8.368457794189453,7.898319695713253,8.368457794189453,2900,0.0,0.0
2018-10-02 00:00:00-04:00,7.898320188366659,8.36751855642104,7.898320188366659,8.274431228637695,3600,0.0,0.0
2018-10-03 00:00:00-04:00,8.274431228637695,8.274431228637695,8.274431228637695,8.274431228637695,0,0.0,0.0
2018-10-04 00:00:00-04:00,8.302638510366227,8.302638510366227,7.992347445966099,8.208610534667969,5000,0.0,0.0
2018-10-05 00:00:00-04:00,8.020555525502063,8.321444511413574,7.921826957504156,8.321444511413574,13900,0.0,0.0
2018-10-08 00:00:00-04:00,8.32144480656659,8.32144480656659,7.324751630683028,7.541015625,54400,0.0,0.0
2018-10-09 00:00:00-04:00,7.4751960232525665,8.105181183762195,6.205823172860821,6.346864700317383,119400,0.0,0.0
2018-10-10 00:00:00-04:00,6.393877964681145,7.287140122995177,5.40658783318997,6.22462797164917,53100,0.0,0.0
2018-10-11 00:00:00-04:00,6.5443222339556995,7.174307344876742,5.886129088778903,6.707930088043213,15700,0.0,0.0
2018-10-12 00:00:00-04:00,6.393878190307572,6.892224313610713,6.393878190307572,6.873418807983398,18200,0.0,0.0
2018-10-15 00:00:00-04:00,6.356266961733127,6.751182566404623,6.356266961733127,6.58193302154541,28900,0.0,0.0
2018-10-16 00:00:00-04:00,6.628947001417949,6.929835080860476,6.3468639785819745,6.694766044616699,35600,0.0,0.0
2018-10-17 00:00:00-04:00,6.799969806359388,6.876481347216889,6.1324060195195065,6.785623550415039,21000,0.12,0.0
2018-10-18 00:00:00-04:00,6.790405458780372,6.824835924895886,6.465231418609619,6.465231418609619,2700,0.0,0.0
2018-10-19 00:00:00-04:00,6.484359772192782,6.513051373318915,6.197441024662788,6.377243518829346,3200,0.0,0.0
2018-10-22 00:00:00-04:00,6.245260755167821,6.323684948688575,6.216568698974398,6.226132869720459,7600,0.0,0.0
2018-10-23 00:00:00-04:00,6.216568752717712,6.541743264178809,6.216568752717712,6.4709696769714355,2900,0.0,0.0
2018-10-24 00:00:00-04:00,6.360028245036315,6.360028245036315,5.929650126413613,6.025290012359619,10000,0.0,0.0
2018-10-25 00:00:00-04:00,6.197441100242524,6.294036857813846,5.633167769372942,5.7383713722229,22600,0.0,0.0
2018-10-26 00:00:00-04:00,5.738371318129078,5.88183069229126,5.738371318129078,5.88183069229126,7700,0.0,0.0
2018-10-29 00:00:00-04:00,5.881830577887816,5.881830577887816,5.765150155398909,5.877048492431641,4100,0.0,0.0
2018-10-30 00:00:00-04:00,5.834010828434071,6.302644729614258,5.738371396370192,6.302644729614258,13100,0.0,0.0
2018-10-31 00:00:00-04:00,6.120929653140697,6.2739527462546585,5.690551519690498,6.034853935241699,28900,0.0,0.0
2018-11-01 00:00:00-04:00,6.082673664702902,6.254824638366699,5.95547320024908,6.254824638366699,2800,0.0,0.0
2018-11-02 00:00:00-04:00,6.254824558458466,6.436539700804479,5.872266388048164,6.2930803298950195,8200,0.0,0.0
2018-11-05 00:00:00-05:00,6.055894265092194,6.198397312074131,6.025290012359619,6.025290012359619,4800,0.0,0.0
2018-11-06 00:00:00-05:00,6.02528973696685,6.216568588026693,5.929649855392175,6.15918493270874,10900,0.0,0.0
2018-11-07 00:00:00-05:00,6.293080369970947,6.454711301748791,6.273952484130859,6.273952484130859,9600,0.0,0.0
2018-11-08 00:00:00-05:00,6.382981709242442,6.630688367796822,6.382981709242442,6.588606834411621,11500,0.0,0.0
2018-11-09 00:00:00-05:00,6.599127162617889,6.599127162617889,6.021464357502074,6.5685224533081055,20700,0.0,0.0
2018-11-12 00:00:00-05:00,6.312208377888474,6.551307183536105,6.053981686030825,6.216568946838379,14300,0.0,0.0
2018-11-13 00:00:00-05:00,6.2624755015753095,6.2624755015753095,6.0731092997783644,6.12092924118042,14600,0.0,0.0
2018-11-14 00:00:00-05:00,6.120929008025803,6.235696315765381,5.929649705748431,6.235696315765381,10900,0.0,0.0
2018-11-15 00:00:00-05:00,6.235696304835116,6.251955211956524,5.90095809649239,6.006161689758301,19100,0.0,0.0
2018-11-16 00:00:00-05:00,6.178312897236031,6.178312897236031,6.003292495441799,6.12092924118042,6400,0.0,0.0
2018-11-19 00:00:00-05:00,5.930606876157393,6.14962100982666,5.929650094225516,6.14962100982666,4300,0.0,0.0
2018-11-20 00:00:00-05:00,5.977470001107245,6.062589389176143,5.834010629871717,5.93921422958374,9700,0.0,0.0
2018-11-21 00:00:00-05:00,5.939214150100525,6.0252898628988625,5.910522093819491,5.9774699211120605,7900,0.0,0.0
2018-11-23 00:00:00-05:00,6.034853419165197,6.053981304168701,5.843574569130147,6.053981304168701,1000,0.0,0.0
2018-11-26 00:00:00-05:00,5.958342115345492,5.958342115345492,5.757499086824708,5.93921422958374,13300,0.0,0.0
2018-11-27 00:00:00-05:00,5.747935394530638,5.927737430187999,5.690551280975342,5.690551280975342,2000,0.0,0.0
2018-11-28 00:00:00-05:00,5.6905509920251935,5.862702411860178,5.088022390736992,5.365376949310303,30400,0.0,0.0
2018-11-29 00:00:00-05:00,5.346249069896457,5.614039458287676,4.915870975914874,5.2410454750061035,47400,0.0,0.0
2018-11-30 00:00:00-05:00,5.355813188688669,5.4591041397025615,5.26017375704231,5.279301643371582,6300,0.0,0.0
2018-12-03 00:00:00-05:00,5.327121928099226,5.413197194066505,5.117671034939456,5.407458782196045,18200,0.0,0.0
2018-12-04 00:00:00-05:00,4.973254708961864,5.483013328031574,4.973254708961864,5.432324409484863,9100,0.0,0.0
2018-12-06 00:00:00-05:00,5.37494062922724,5.403632684363856,5.260173320770264,5.260173320770264,12500,0.0,0.0
2018-12-07 00:00:00-05:00,5.38450521367745,5.38450521367745,5.068894863128662,5.068894863128662,18000,0.0,0.0
2018-12-10 00:00:00-05:00,5.068894816375232,5.150188446044922,4.940737569485069,5.150188446044922,6300,0.0,0.0
2018-12-11 00:00:00-05:00,5.26973819732666,5.3892876070005515,5.088023039896967,5.26973819732666,19100,0.0,0.0
2018-12-12 00:00:00-05:00,5.57100177208459,5.57100177208459,5.164534091949463,5.164534091949463,2800,0.0,0.0
2018-12-13 00:00:00-05:00,5.164534266789215,5.260173697350265,4.406112647548301,4.963691234588623,45800,0.0,0.0
2018-12-14 00:00:00-05:00,4.926391689874115,5.422760849024062,4.925435363994321,5.417978763580322,6700,0.0,0.0
2018-12-17 00:00:00-05:00,5.48014465062413,5.48014465062413,4.791540290146785,5.174098014831543,17300,0.0,0.0
2018-12-18 00:00:00-05:00,5.269737860981188,5.738371298090412,5.088022715149618,5.193225860595703,4500,0.0,0.0
2018-12-19 00:00:00-05:00,5.107150681128762,5.394068976894838,4.820231929317903,5.154970169067383,11200,0.0,0.0
2018-12-20 00:00:00-05:00,4.810667796833465,5.068894468644741,4.7819757417234365,4.906307220458984,30700,0.0,0.0
2018-12-21 00:00:00-05:00,4.848923694129909,4.954126834869385,4.6098249007396825,4.954126834869385,15900,0.0,0.0
2018-12-24 00:00:00-05:00,4.63947308042632,5.403633117675781,4.638516754519203,5.403633117675781,11700,0.0,0.0
2018-12-26 00:00:00-05:00,5.021074533462524,5.164533897056117,4.509403274558281,4.781975746154785,26300,0.0,0.0
2018-12-27 00:00:00-05:00,4.7398943424726445,4.762847987188092,4.6002607345581055,4.6002607345581055,15400,0.0,0.0
2018-12-28 00:00:00-05:00,4.514185291525604,4.934999248064862,4.514185291525604,4.6959004402160645,17200,0.0,0.0
2018-12-31 00:00:00-05:00,4.753283783069406,4.781975838761668,4.447237621257302,4.495057106018066,27700,0.0,0.0
2019-01-02 00:00:00-05:00,4.53331326509472,4.992383003234863,4.303778624047045,4.992383003234863,9500,0.0,0.0
2019-01-03 00:00:00-05:00,4.695900280333268,4.801103879897378,4.63851662312869,4.772411823272705,2200,0.0,0.0
2019-01-04 00:00:00-05:00,4.734155954646052,4.84892372274465,4.686336469312666,4.829795837402344,2200,0.0,0.0
2019-01-07 00:00:00-05:00,4.829795686034231,5.298429090255922,4.781975746154785,4.781975746154785,14400,0.0,0.0
2019-01-08 00:00:00-05:00,5.040202506427656,5.145406102377044,4.829795770573632,4.973254680633545,13300,0.0,0.0
2019-01-09 00:00:00-05:00,4.975168041256893,5.212353737066641,4.963691218418001,5.1052374839782715,7000,0.0,0.0
2019-01-10 00:00:00-05:00,5.183661781798946,5.472493160646991,5.152100749171041,5.260173320770264,7700,0.0,0.0
2019-01-11 00:00:00-05:00,5.145406321733182,5.499272438777697,5.145406321733182,5.3366851806640625,7300,0.0,0.0
2019-01-14 00:00:00-05:00,5.5088368482951156,5.547092621737876,5.4466711024394305,5.451452732086182,2400,0.0,0.0
2019-01-15 00:00:00-05:00,5.5949114895369565,5.598737248874526,5.212353341524869,5.332859516143799,3800,0.0,0.0
2019-01-16 00:00:00-05:00,5.549004857859347,5.549004857859347,5.307993412017822,5.307993412017822,1900,0.0,0.0
2019-01-17 00:00:00-05:00,5.343380065282717,5.671423568220498,5.339554761625469,5.384505271911621,4600,0.0,0.0
2019-01-18 00:00:00-05:00,5.273563480384916,5.575784372256432,5.1645345687745605,5.49927282333374,10500,0.0,0.0
2019-01-22 00:00:00-05:00,5.499272534617923,5.5279645919799805,5.422760989712143,5.5279645919799805,1700,0.0,0.0
2019-01-23 00:00:00-05:00,5.422760732212999,5.422760732212999,5.183661937713623,5.183661937713623,6400,0.0,0.0
2019-01-24 00:00:00-05:00,5.307993460956762,5.307993460956762,5.164534091949463,5.164534091949463,1700,0.0,0.0
2019-01-25 00:00:00-05:00,5.2697382037263365,5.279301919368564,5.164534595393005,5.22478723526001,3000,0.0,0.0
2019-01-28 00:00:00-05:00,5.269737491164051,5.269737491164051,5.260173320770264,5.260173320770264,1500,0.0,0.0
2019-01-29 00:00:00-05:00,5.234350896697695,5.234350896697695,5.164534091949463,5.164534091949463,6500,0.0,0.0
2019-01-30 00:00:00-05:00,5.126278257978992,5.164534028437847,4.954126834869385,4.954126834869385,8600,0.0,0.0
2019-01-31 00:00:00-05:00,4.9541270233944115,5.069851121074274,4.781976049778504,4.982819080352783,8600,0.0,0.0
2019-02-01 00:00:00-05:00,5.059330485796904,6.187876638499991,5.059330485796904,5.518400192260742,67100,0.0,0.0
2019-02-04 00:00:00-05:00,5.736458481846613,5.881830503135491,5.63221120924178,5.853138446807861,6200,0.0,0.0
2019-02-05 00:00:00-05:00,5.747935264306484,5.747935264306484,5.547092239547521,5.642731666564941,15900,0.0,0.0
2019-02-06 00:00:00-05:00,5.633167514306236,5.786191054080478,5.097586265208295,5.394068717956543,24300,0.0,0.0
2019-02-07 00:00:00-05:00,5.183662583948731,5.345293531466426,5.15497052437214,5.2917351722717285,4800,0.0,0.0
2019-02-08 00:00:00-05:00,5.198007905918149,5.307993592090687,4.9445633032389225,5.212353706359863,7200,0.0,0.0
2019-02-11 00:00:00-05:00,5.212354058828841,5.537528597795086,5.212354058828841,5.49927282333374,13900,0.0,0.0
2019-02-12 00:00:00-05:00,5.530833860066591,5.566220656663498,5.470580764465328,5.49927282333374,9600,0.0,0.0
2019-02-13 00:00:00-05:00,5.54709250890005,5.7383713722229,5.511705713965171,5.7383713722229,2900,0.0,0.0
2019-02-14 00:00:00-05:00,5.738370934494775,5.738370934494775,5.615952562515291,5.719243049621582,3600,0.0,0.0
2019-02-15 00:00:00-05:00,5.855880701654965,5.855880701654965,5.633357074900123,5.748522758483887,9000,0.12,0.0
2019-02-19 00:00:00-05:00,5.855880992928058,5.855880992928058,5.699724315372731,5.836361408233643,2100,0.0,0.0
2019-02-20 00:00:00-05:00,5.828553241054985,5.828553241054985,5.465488433837891,5.465488433837891,800,0.0,0.0
2019-02-21 00:00:00-05:00,5.6509248720011165,5.709483623504639,5.611885704332102,5.709483623504639,2000,0.0,0.0
2019-02-22 00:00:00-05:00,5.7875619122701085,5.7875619122701085,5.611885659173211,5.690939903259277,2700,0.0,0.0
2019-02-25 00:00:00-05:00,5.660684776200831,5.826601002573118,5.660684776200831,5.71924352645874,3800,0.0,0.0
2019-02-26 00:00:00-05:00,5.826601297169558,5.826601297169558,5.660685062408447,5.660685062408447,500,0.0,0.0
2019-02-27 00:00:00-05:00,5.679228192960367,5.754378801300817,5.679228192960367,5.681180477142334,500,0.0,0.0
2019-02-28 00:00:00-05:00,5.7807302503871405,5.855880859166658,5.689964160362226,5.846120834350586,4900,0.0,0.0
2019-03-01 00:00:00-05:00,5.85588064323856,5.885160251223528,5.660684807950707,5.680204391479492,14100,0.0,0.0
2019-03-04 00:00:00-05:00,6.002278058333175,6.002278058333175,5.611885902475546,5.621645927429199,9000,0.0,0.0
2019-03-05 00:00:00-05:00,5.8070816445117845,5.857832656448204,5.3776507926220045,5.5923662185668945,4700,0.0,0.0
2019-03-06 00:00:00-05:00,5.3971700584152185,5.660684661948979,4.704224162940595,5.250772953033447,13800,0.0,0.0
2019-03-07 00:00:00-05:00,5.411810359484662,5.411810359484662,5.12389612197876,5.12389612197876,2000,0.0,0.0
2019-03-08 00:00:00-05:00,5.084856632118076,5.1531754103360425,4.938459516155922,5.075096607208252,13900,0.0,0.0
2019-03-11 00:00:00-04:00,5.201974015311225,5.270292791908244,5.026297759554933,5.231253623962402,6400,0.0,0.0
2019-03-12 00:00:00-04:00,5.153175173133806,5.354226930108977,5.005802154541016,5.005802154541016,4800,0.0,0.0
2019-03-13 00:00:00-04:00,4.977498685207874,5.524047514820543,4.977498685207874,5.498672008514404,23000,0.0,0.0
2019-03-14 00:00:00-04:00,5.418641723179165,5.485008215610378,5.222469508675253,5.231253623962402,5300,0.0,0.0
2019-03-15 00:00:00-04:00,5.07509612531146,5.211733668773215,5.036056960146261,5.163910388946533,3500,0.0,0.0
2019-03-18 00:00:00-04:00,5.211733902408704,5.221493461445733,5.06143269093967,5.094615936279297,3800,0.0,0.0
2019-03-19 00:00:00-04:00,5.063385014791557,5.150246998975488,5.063385014791557,5.128775596618652,1700,0.0,0.0
2019-03-20 00:00:00-04:00,5.221493416464672,5.699723905132408,5.221493416464672,5.6118855476379395,11500,0.0,0.0
2019-03-21 00:00:00-04:00,5.758282655000861,5.846120547111755,5.533807214480001,5.6118855476379395,5900,0.0,0.0
2019-03-22 00:00:00-04:00,5.201973870762232,5.565038681030273,5.153175144877711,5.565038681030273,4600,0.0,0.0
2019-03-25 00:00:00-04:00,5.192214427646787,5.36984250121475,5.1824544030218584,5.335683345794678,3400,0.0,0.0
2019-03-26 00:00:00-04:00,5.4752484562941435,5.654828808438032,5.162934658753247,5.172694683074951,6200,0.0,0.0
2019-03-27 00:00:00-04:00,5.061432762725077,5.289812311263729,5.036057257331893,5.089736461639404,25100,0.0,0.0
2019-03-28 00:00:00-04:00,5.172694756671361,5.172694756671361,4.9530988601443955,5.005802154541016,15900,0.0,0.0
2019-03-29 00:00:00-04:00,5.162934914002721,5.172694938806949,4.967739071754141,5.006778240203857,22400,0.0,0.0
2019-04-01 00:00:00-04:00,5.172694958210644,5.406929969787598,5.172694958210644,5.406929969787598,600,0.0,0.0
2019-04-02 00:00:00-04:00,5.5728470455323365,5.5728470455323365,5.172695307694385,5.270293235778809,1300,0.0,0.0
2019-04-03 00:00:00-04:00,5.367891152944096,5.416690349578857,5.367891152944096,5.416690349578857,300,0.0,0.0
2019-04-04 00:00:00-04:00,5.504527930184889,5.504527930184889,5.075096607208252,5.075096607208252,19800,0.0,0.0
2019-04-05 00:00:00-04:00,5.153175184588346,5.172694768169288,4.889660573553824,5.055576801300049,29000,0.0,0.0
2019-04-08 00:00:00-04:00,5.055576711434071,5.171718301483732,4.99701796173216,5.026297569274902,6400,0.0,0.0
2019-04-09 00:00:00-04:00,5.12389566514201,5.12389566514201,5.027273654937744,5.027273654937744,3900,0.0,0.0
2019-04-10 00:00:00-04:00,5.114135398038184,5.114135398038184,5.026297507260841,5.104375839233398,5000,0.0,0.0
2019-04-11 00:00:00-04:00,5.026297977763327,5.169766902923584,4.967739223302332,5.169766902923584,7600,0.0,0.0
2019-04-12 00:00:00-04:00,5.1629348420946535,5.172694866762946,5.019465923309326,5.019465923309326,1400,0.0,0.0
2019-04-15 00:00:00-04:00,5.133655509753527,5.133655509753527,5.026297569274902,5.026297569274902,3100,0.0,0.0
2019-04-16 00:00:00-04:00,5.162934690473552,5.162934690473552,5.026297606815246,5.133655548095703,4900,0.0,0.0
2019-04-17 00:00:00-04:00,5.162934651912695,5.172694676221467,4.8799004623283375,5.026297569274902,8000,0.0,0.0
2019-04-18 00:00:00-04:00,5.094616170849231,5.153175389301949,4.879900742929133,4.967739105224609,10800,0.0,0.0
2019-04-22 00:00:00-04:00,5.036057350039749,5.094616102321188,4.889660702027947,4.899420261383057,5700,0.0,0.0
2019-04-23 00:00:00-04:00,4.879900749453832,5.0262978650141665,4.879900749453832,4.952123165130615,7800,0.0,0.0
2019-04-24 00:00:00-04:00,4.987258463489232,5.016537606004653,4.831101330333859,4.94041109085083,15300,0.0,0.0
2019-04-25 00:00:00-04:00,4.977498371507636,5.065336728628927,4.75302293194045,4.8799004554748535,7100,0.0,0.0
2019-04-26 00:00:00-04:00,4.783278379279376,4.987258323322769,4.684704555326377,4.811581611633301,7300,0.0,0.0
2019-04-29 00:00:00-04:00,4.723743820495771,4.863308631906298,4.548067105112442,4.8408613204956055,24500,0.0,0.0
2019-04-30 00:00:00-04:00,4.645665798263801,4.9384595678705905,4.463157239761142,4.7432637214660645,8900,0.0,0.0
2019-05-01 00:00:00-04:00,4.7823028564453125,4.7823028564453125,4.450469454554126,4.7823028564453125,11800,0.0,0.0
2019-05-02 00:00:00-04:00,4.8408614445080635,4.977498531341553,4.8408614445080635,4.977498531341553,3400,0.0,0.0
2019-05-03 00:00:00-04:00,5.026297594853799,5.026297594853799,4.8408613204956055,4.8408613204956055,5500,0.0,0.0
2019-05-06 00:00:00-04:00,5.036057320063112,5.045817344743719,4.7188639640808105,4.7188639640808105,3400,0.0,0.0
2019-05-07 00:00:00-04:00,4.879901051753566,4.879901051753566,4.509028460128224,4.616386413574219,17700,0.0,0.0
2019-05-08 00:00:00-04:00,4.606625842738126,5.051673086155743,4.177195010558927,4.548067092895508,80500,0.0,0.0
2019-05-09 00:00:00-04:00,4.635906000509472,4.737408031769021,4.440710144536209,4.477797031402588,6300,0.0,0.0
2019-05-10 00:00:00-04:00,4.343111418245203,5.0458173766503585,4.343111418245203,4.614434242248535,12900,0.0,0.0
2019-05-13 00:00:00-04:00,4.391910552978516,4.606625975244242,4.196714714555128,4.391910552978516,11100,0.0,0.0
2019-05-14 00:00:00-04:00,4.391910299334527,4.55782698510409,4.377270728644143,4.4114298820495605,12600,0.0,0.0
2019-05-15 00:00:00-04:00,4.684704778361794,4.684704778361794,4.2943126359343795,4.5383076667785645,7300,0.0,0.0
2019-05-16 00:00:00-04:00,4.489508522380937,4.596866467405808,4.39191060207814,4.475844860076904,2700,0.0,0.0
2019-05-17 00:00:00-04:00,4.489508628845215,4.5871065514624485,4.39191070622798,4.489508628845215,2300,0.0,0.0
2019-05-20 00:00:00-04:00,4.5090282516300535,4.548067421008215,4.401670768531916,4.52366828918457,2700,0.0,0.0
2019-05-21 00:00:00-04:00,4.596866420510393,4.840861451470038,4.557827252787536,4.684704780578613,14300,0.0,0.0
2019-05-22 00:00:00-04:00,4.662256994037323,4.662256994037323,4.326519966125488,4.326519966125488,2100,0.0,0.0
2019-05-23 00:00:00-04:00,4.50414800912097,4.5822268092740375,4.489508437697587,4.511956214904785,2500,0.0,0.0
2019-05-24 00:00:00-04:00,4.11863605751612,4.653473511149052,3.8746412509730344,4.489508628845215,14500,0.0,0.0
2019-05-28 00:00:00-04:00,4.63590532689382,4.684704516488233,4.548066971777302,4.557826995849609,5100,0.0,0.0
2019-05-29 00:00:00-04:00,4.5871065486745035,4.675920821086469,4.5871065486745035,4.635905742645264,1700,0.0,0.0
2019-05-30 00:00:00-04:00,4.635905999165888,4.635905999165888,4.567587216903231,4.616386413574219,1800,0.0,0.0
2019-05-31 00:00:00-04:00,4.489508834456295,4.489508834456295,4.294312980282223,4.401670932769775,2600,0.0,0.0
2019-06-03 00:00:00-04:00,4.294312729526159,4.294312729526159,3.991758940531435,4.209402561187744,3400,0.0,0.0
2019-06-04 00:00:00-04:00,4.29431221835218,4.307975879181689,3.915631956135955,4.23282527923584,3100,0.0,0.0
2019-06-05 00:00:00-04:00,4.128396068173177,4.310904159566207,3.913680639158813,4.089356899261475,12400,0.0,0.0
2019-06-06 00:00:00-04:00,4.14791555360814,4.14791555360814,3.9039205210429553,4.067885398864746,6200,0.0,0.0
2019-06-07 00:00:00-04:00,4.177195118334139,4.216234285903128,3.7672831607843706,3.9722392559051514,7600,0.0,0.0
2019-06-10 00:00:00-04:00,4.060077482494436,4.060077482494436,3.8063228725303464,4.001518726348877,5400,0.0,0.0
2019-06-11 00:00:00-04:00,3.9039206851234756,3.9039206851234756,3.806322761072111,3.8648815155029297,6700,0.0,0.0
2019-06-12 00:00:00-04:00,3.9039205395693277,4.265033077787428,3.8746411634455735,3.894160747528076,11800,0.0,0.0
2019-06-13 00:00:00-04:00,3.96247914630305,4.099116229862858,3.9136804205806217,4.004446506500244,7800,0.0,0.0
2019-06-14 00:00:00-04:00,3.9429598161838273,4.0600773239001136,3.9039206469450654,4.050317764282227,12700,0.0,0.0
2019-06-17 00:00:00-04:00,4.138155514346944,4.684704794905588,4.030798035472559,4.37629508972168,14600,0.0,0.0
2019-06-18 00:00:00-04:00,4.567586876818117,4.645665678754973,4.147915585152543,4.3138322830200195,10000,0.0,0.0
2019-06-19 00:00:00-04:00,4.186954753429173,4.391910619573281,4.186954753429173,4.3138322830200195,2500,0.0,0.0
2019-06-20 00:00:00-04:00,4.3040720823546,4.312856197357178,4.3040720823546,4.312856197357178,500,0.0,0.0
2019-06-21 00:00:00-04:00,4.206474437691937,4.206474437691937,4.196714878082275,4.196714878082275,4000,0.0,0.0
2019-06-24 00:00:00-04:00,4.011278416267462,4.12253999710083,4.011278416267462,4.12253999710083,1400,0.0,0.0
2019-06-25 00:00:00-04:00,4.121564122828817,4.147915537845826,4.0024943351745605,4.0024943351745605,3000,0.0,0.0
2019-06-26 00:00:00-04:00,4.206474437691937,4.3606792956701605,4.10887651467729,4.196714878082275,22200,0.0,0.0
2019-06-27 00:00:00-04:00,4.196714878082275,4.294312801096922,3.816082512941546,4.196714878082275,6200,0.0,0.0
2019-06-28 00:00:00-04:00,4.128395647260144,4.2455131420544685,3.962478963609741,4.01127815246582,2700,0.0,0.0
2019-07-01 00:00:00-04:00,3.991759166349763,4.215258256087711,3.991759166349763,4.001518726348877,4200,0.0,0.0
2019-07-02 00:00:00-04:00,4.0503175656210555,4.0503175656210555,3.9039204554644225,3.9995665550231934,3500,0.0,0.0
2019-07-03 00:00:00-04:00,3.981998920440674,3.981998920440674,3.9136806080795243,3.981998920440674,2200,0.0,0.0
2019-07-05 00:00:00-04:00,4.284552701431768,4.284552701431768,3.99371075630188,3.99371075630188,3500,0.0,0.0
2019-07-08 00:00:00-04:00,4.289432834164074,4.3811748362339955,3.8453619306926567,3.8648815155029297,23300,0.0,0.0
2019-07-09 00:00:00-04:00,3.806322778216916,4.001518627198865,3.7282442059323295,3.8453619480133057,31400,0.0,0.0
2019-07-10 00:00:00-04:00,3.6599253408394734,3.8941605719608714,3.6501655492382397,3.816082239151001,15800,0.0,0.0
2019-07-11 00:00:00-04:00,3.8941607182755837,3.9039205102435206,3.8356019664679617,3.856097459793091,6600,0.0,0.0
2019-07-12 00:00:00-04:00,3.9039204938859084,3.9429596615940805,3.533047935274686,3.8063225746154785,15600,0.0,0.0
2019-07-15 00:00:00-04:00,4.0307981915974445,4.0307981915974445,3.8063227351181204,3.8922088146209717,7100,0.0,0.0
2019-07-16 00:00:00-04:00,3.8063226085887893,3.9136805534362793,3.8063226085887893,3.9136805534362793,5500,0.0,0.0
2019-07-17 00:00:00-04:00,3.884400988924626,3.884400988924626,3.855121612548828,3.855121612548828,1700,0.0,0.0
2019-07-18 00:00:00-04:00,3.8551215342506935,3.8941607019588655,3.8063225746154785,3.8063225746154785,3800,0.0,0.0
2019-07-19 00:00:00-04:00,3.8375537691669397,3.8375537691669397,3.8063225746154785,3.8063225746154785,3500,0.0,0.0
2019-07-22 00:00:00-04:00,3.8258421584695643,3.8844009100318226,3.7575233822884693,3.8063225746154785,2700,0.0,0.0
2019-07-23 00:00:00-04:00,3.874641176826502,3.874641176826502,3.4940088205196025,3.7360520362854004,3500,0.0,0.0
2019-07-24 00:00:00-04:00,3.6501656708958206,3.875617027282715,3.6501656708958206,3.875617027282715,4100,0.0,0.0
2019-07-25 00:00:00-04:00,3.8063225746154785,3.8844009100318226,3.4256902240772127,3.8063225746154785,4800,0.0,0.0
2019-07-26 00:00:00-04:00,3.6794449240419413,3.816082239151001,3.6111263828333047,3.816082239151001,5700,0.0,0.0
2019-07-29 00:00:00-04:00,3.7087245848391346,3.8492657808879827,3.611126661300659,3.611126661300659,2900,0.0,0.0
2019-07-30 00:00:00-04:00,3.757523514334537,3.864881461996554,3.611126630284245,3.7194604873657227,3500,0.0,0.0
2019-07-31 00:00:00-04:00,3.7575233468039304,3.8639053803034025,3.6989645957946777,3.6989645957946777,2800,0.0,0.0
2019-08-01 00:00:00-04:00,3.8746411181047793,4.180122861382199,3.6696852549450822,3.8063225746154785,20800,0.0,0.0
2019-08-02 00:00:00-04:00,3.6794450778921264,3.796562814695812,3.611126533826858,3.6208863258361816,6500,0.0,0.0
2019-08-05 00:00:00-04:00,3.70872448207159,3.855121596014491,3.5135284077116538,3.7282440662384033,8000,0.0,0.0
2019-08-06 00:00:00-04:00,3.7868031563617195,3.8443857683651568,3.611126661300659,3.611126661300659,3600,0.0,0.0
2019-08-07 00:00:00-04:00,3.659925613401478,3.819986393735189,3.629670326992017,3.757523536682129,1100,0.0,0.0
2019-08-08 00:00:00-04:00,3.7672831888709406,3.777042980835951,3.6111265174307743,3.6404058933258057,2000,0.0,0.0
2019-08-09 00:00:00-04:00,3.698964645115868,3.698964645115868,3.6404058933258057,3.6404058933258057,1800,0.0,0.0
2019-08-12 00:00:00-04:00,3.6462618315987836,3.757523413966719,3.611126533826858,3.6208863258361816,8300,0.0,0.0
2019-08-13 00:00:00-04:00,3.5818471908569336,3.708724488149139,3.5818471908569336,3.5818471908569336,11700,0.0,0.0
2019-08-14 00:00:00-04:00,3.7106764718822283,3.7106764718822283,3.6599254608154297,3.6599254608154297,9900,0.0,0.0
2019-08-15 00:00:00-04:00,3.6599254630180393,3.901968442423782,3.6413817885491193,3.8063225746154785,9200,0.0,0.0
2019-08-16 00:00:00-04:00,3.825842351801702,3.825842351801702,3.5145046710968018,3.5145046710968018,22800,0.0,0.0
2019-08-19 00:00:00-04:00,3.6404059222869014,3.7272681412740614,3.5135283930406023,3.678469181060791,9600,0.0,0.0
2019-08-20 00:00:00-04:00,3.7380036481523478,3.7380036481523478,3.5428078174591064,3.5428078174591064,1800,0.0,0.0
2019-08-21 00:00:00-04:00,3.581847184855242,3.874641180038452,3.581847184855242,3.874641180038452,4600,0.0,0.0
2019-08-22 00:00:00-04:00,3.7965626523528164,3.8063224439448065,3.7428836822509766,3.7428836822509766,1500,0.0,0.0
2019-08-23 00:00:00-04:00,3.8160823665425214,3.8160823665425214,3.8063225746154785,3.8063225746154785,900,0.0,0.0
2019-08-26 00:00:00-04:00,3.7809472631603347,3.7809472631603347,3.6491899490356445,3.6491899490356445,3500,0.0,0.0
2019-08-27 00:00:00-04:00,3.640405876973091,3.9039204915364585,3.533047933148434,3.6599254608154297,17800,0.0,0.0
2019-08-28 00:00:00-04:00,3.6696854057295427,3.757523536682129,3.5428081054646965,3.757523536682129,3800,0.0,0.0
2019-08-29 00:00:00-04:00,3.659925521726077,3.708724482144065,3.523288199863912,3.655045509338379,5900,0.0,0.0
2019-08-30 00:00:00-04:00,3.7087246210341345,3.8834252083723277,3.567207514176318,3.8453619480133057,2900,0.0,0.0
2019-09-03 00:00:00-04:00,3.6599254608154297,3.7955866383272223,3.5525677496825665,3.6599254608154297,1900,0.0,0.0
2019-09-04 00:00:00-04:00,3.7575234257680044,3.7575234257680044,3.562327584968469,3.7477636337280273,6100,0.0,0.0
2019-09-05 00:00:00-04:00,3.806322601897434,3.806322601897434,3.5623275692807215,3.7672832012176514,4600,0.0,0.0
2019-09-06 00:00:00-04:00,3.7672832012176514,3.7887548366877626,3.630646113259698,3.7672832012176514,5100,0.0,0.0
2019-09-09 00:00:00-04:00,3.832673970209026,3.844385580847302,3.6013666932827055,3.6794450283050537,9700,0.0,0.0
2019-09-10 00:00:00-04:00,3.8404818029636973,4.362631030016348,3.7575234536621513,4.005422592163086,23000,0.0,0.0
2019-09-11 00:00:00-04:00,3.9722394258047022,4.147915687379132,3.884401062325684,4.050317764282227,4000,0.0,0.0
2019-09-12 00:00:00-04:00,4.157675415736178,4.440709605214905,4.099116200672548,4.417285919189453,11300,0.0,0.0
2019-09-13 00:00:00-04:00,4.368486908842231,4.606626020195974,4.368486908842231,4.491460800170898,5400,0.0,0.0
2019-09-16 00:00:00-04:00,4.4163104326492135,4.548067515697751,4.3919108349339675,4.406550407409668,2200,0.0,0.0
2019-09-17 00:00:00-04:00,4.479749066552597,4.704224521127607,4.235754027466005,4.635905742645264,12200,0.0,0.0
2019-09-18 00:00:00-04:00,4.606625939851813,4.606625939851813,4.489508437697587,4.511956214904785,1000,0.0,0.0
2019-09-19 00:00:00-04:00,4.550995412938752,4.846717363830719,4.489508467932721,4.831101417541504,7600,0.0,0.0
2019-09-20 00:00:00-04:00,4.460229241214273,5.172694735493428,4.460229241214273,5.094615936279297,9000,0.0,0.0
2019-09-23 00:00:00-04:00,4.489508889990377,5.148295720398242,4.489508889990377,5.12389612197876,13100,0.0,0.0
2019-09-24 00:00:00-04:00,5.22149346807003,5.553326852654437,4.914059679184518,4.948219299316406,11500,0.0,0.0
2019-09-25 00:00:00-04:00,4.85062081697595,5.231253385146776,4.85062081697595,4.918939590454102,4300,0.0,0.0
2019-09-26 00:00:00-04:00,4.879900612174775,5.377650698000725,4.8408614445080635,4.977498531341553,19500,0.0,0.0
2019-09-27 00:00:00-04:00,4.957979100591969,5.12389580099017,4.850621153501909,5.075096607208252,6800,0.0,0.0
2019-09-30 00:00:00-04:00,4.99701802533062,4.99701802533062,4.948219299316406,4.948219299316406,9700,0.0,0.0
2019-10-01 00:00:00-04:00,4.987258547920506,5.212709903717041,4.987258547920506,5.212709903717041,800,0.0,0.0
2019-10-02 00:00:00-04:00,5.192214544532107,5.192214544532107,4.977498651785961,5.056553363800049,1100,0.0,0.0
2019-10-03 00:00:00-04:00,4.9677391775230735,4.977498737151496,4.488532746332091,4.7432637214660645,17700,0.0,0.0
2019-10-04 00:00:00-04:00,4.7823027894950885,6.060836719834376,4.7823027894950885,4.860381126403809,3600,0.0,0.0
2019-10-07 00:00:00-04:00,4.889660736711574,4.889660736711574,4.567586898803711,4.567586898803711,2700,0.0,0.0
2019-10-08 00:00:00-04:00,4.772542865219925,5.573822675583711,4.672993123179441,5.020442008972168,15500,0.0,0.0
2019-10-09 00:00:00-04:00,4.987258434295654,4.987258434295654,4.666160985570164,4.987258434295654,3800,0.0,0.0
2019-10-10 00:00:00-04:00,4.95797872543335,4.95797872543335,4.95797872543335,4.95797872543335,300,0.0,0.0
2019-10-11 00:00:00-04:00,4.86038102596904,4.86038102596904,4.7091039022966825,4.831101417541504,2300,0.0,0.0
2019-10-14 00:00:00-04:00,4.91893981239975,5.358130684249031,4.675920689566607,4.938459396362305,5100,0.0,0.0
2019-10-15 00:00:00-04:00,4.87990095875305,5.026298080592366,4.783278942108154,4.783278942108154,3200,0.0,0.0
2019-10-16 00:00:00-04:00,4.879900778947542,5.026297895392689,4.694464493501504,4.7823028564453125,4000,0.0,0.0
2019-10-17 00:00:00-04:00,4.694464339817533,5.055576873945745,4.684704780578613,4.684704780578613,2400,0.0,0.0
2019-10-18 00:00:00-04:00,4.6163858794708,4.879900487162217,4.548067105112442,4.8408613204956055,3400,0.0,0.0
2019-10-21 00:00:00-04:00,4.811581666751052,4.821341691016078,4.548067061581797,4.587106227874756,4000,0.0,0.0
2019-10-22 00:00:00-04:00,4.550995591215099,4.623218007654075,4.550995591215099,4.620290279388428,500,0.0,0.0
2019-10-23 00:00:00-04:00,4.599794301876212,4.635905742645264,4.5705151578006395,4.635905742645264,700,0.0,0.0
2019-10-24 00:00:00-04:00,4.67494491166843,4.67494491166843,4.50902821062817,4.635905742645264,3900,0.0,0.0
2019-10-25 00:00:00-04:00,4.557827213312678,4.670064703197915,4.509028021389958,4.511956214904785,2400,0.0,0.0
2019-10-28 00:00:00-04:00,4.616385907932861,4.616385907932861,4.548067133153286,4.582226753234863,2000,0.0,0.0
2019-10-29 00:00:00-04:00,4.481700888112557,4.626145720509342,4.265033174133774,4.489508628845215,6100,0.0,0.0
2019-10-30 00:00:00-04:00,4.5383076667785645,4.5383076667785645,4.5383076667785645,4.5383076667785645,300,0.0,0.0
2019-10-31 00:00:00-04:00,4.450469343745175,4.711056232452393,4.450469343745175,4.711056232452393,1700,0.0,0.0
2019-11-01 00:00:00-04:00,4.7725424481066225,4.7725424481066225,4.499268287053542,4.66518497467041,5300,0.0,0.0
2019-11-04 00:00:00-05:00,4.73350337331137,4.73350337331137,4.684704647733391,4.694464206695557,7200,0.0,0.0
2019-11-05 00:00:00-05:00,4.723744102943974,4.801822440945759,4.704224518443528,4.7823028564453125,2900,0.0,0.0
2019-11-06 00:00:00-05:00,4.723743721172133,4.840861218709401,4.723743721172133,4.811581611633301,3500,0.0,0.0
2019-11-07 00:00:00-05:00,4.518788235575764,4.831101587761096,4.469989041605004,4.635905742645264,3900,0.0,0.0
2019-11-08 00:00:00-05:00,4.899420413745583,5.114135845454764,4.694464541695015,4.997018337249756,20200,0.0,0.0
2019-11-11 00:00:00-05:00,5.1141357421875,5.1141357421875,5.1141357421875,5.1141357421875,300,0.0,0.0
2019-11-12 00:00:00-05:00,5.241013493684464,5.415713850397222,5.241013493684464,5.3532514572143555,17800,0.0,0.0
2019-11-13 00:00:00-05:00,5.426449463691615,5.602125719447906,5.123895679419539,5.231253623962402,7400,0.0,0.0
2019-11-14 00:00:00-05:00,5.18245420686989,5.35813045501709,4.987258375595224,5.35813045501709,1800,0.0,0.0
2019-11-15 00:00:00-05:00,5.299571736795602,5.319091320037842,5.299571736795602,5.319091320037842,2000,0.0,0.0
2019-11-18 00:00:00-05:00,5.231254038974981,5.378627072546381,5.057529588218773,5.162935256958008,9600,0.0,0.0
2019-11-19 00:00:00-05:00,5.283956324816768,5.3874101638793945,5.201973887983727,5.3874101638793945,2100,0.0,0.0
2019-11-20 00:00:00-05:00,5.159030683309839,5.455729007720947,5.159030683309839,5.455729007720947,2000,0.0,0.0
2019-11-21 00:00:00-05:00,5.416689748504184,5.426449307517967,5.416689748504184,5.418641567230225,2100,0.0,0.0
2019-11-22 00:00:00-05:00,5.416690357038902,5.416690357038902,4.840861883643632,4.87014102935791,5200,0.0,0.0
2019-11-25 00:00:00-05:00,5.04581751392762,5.04581751392762,4.72179185057431,4.955051422119141,1600,0.0,0.0
2019-11-26 00:00:00-05:00,4.948219541065747,5.1531754103360425,4.943339528610835,5.075096607208252,5500,0.0,0.0
2019-11-27 00:00:00-05:00,5.162935256958008,5.162935256958008,5.026298158307689,5.162935256958008,800,0.0,0.0
2019-11-29 00:00:00-05:00,5.055576680006052,5.0721685350743915,4.831101241519058,5.06533670425415,2600,0.0,0.0
2019-12-02 00:00:00-05:00,4.948219236339021,5.133655509753527,4.948219236339021,5.026297569274902,3200,0.0,0.0
2019-12-03 00:00:00-05:00,5.006777986040932,5.055576711434071,4.982378390652576,5.026297569274902,12500,0.0,0.0
2019-12-04 00:00:00-05:00,5.094616034341686,5.114135618175042,4.977498531341553,4.977498531341553,900,0.0,0.0
2019-12-05 00:00:00-05:00,5.026297695520702,5.081928253173828,5.006778111796457,5.081928253173828,1200,0.0,0.0
2019-12-06 00:00:00-05:00,5.172694676221467,5.172694676221467,4.987258402806962,5.026297569274902,10700,0.0,0.0
2019-12-09 00:00:00-05:00,5.038985729217529,5.038985729217529,5.038985729217529,5.038985729217529,300,0.0,0.0
2019-12-10 00:00:00-05:00,5.072168913101343,5.075096641363833,4.955051405696857,5.036057472229004,2800,0.0,0.0
2019-12-11 00:00:00-05:00,5.006778320040123,5.006778320040123,4.232825839146963,4.343111515045166,17200,0.0,0.0
2019-12-12 00:00:00-05:00,4.557827275079496,4.792062282562256,4.538307691122599,4.792062282562256,11500,0.0,0.0
2019-12-13 00:00:00-05:00,4.820366150603394,4.831101619656297,4.733503696454035,4.7432637214660645,10000,0.0,0.0
2019-12-16 00:00:00-05:00,4.7452153417933784,4.879900609792868,4.7452153417933784,4.831101417541504,500,0.0,0.0
2019-12-17 00:00:00-05:00,4.967738969691887,4.967738969691887,4.695440240158361,4.831101417541504,2400,0.0,0.0
2019-12-18 00:00:00-05:00,4.831101063995559,4.879900252675738,4.743263175908213,4.755950927734375,1200,0.0,0.0
2019-12-19 00:00:00-05:00,4.909180218220404,4.909180218220404,4.831101417541504,4.831101417541504,1500,0.0,0.0
2019-12-20 00:00:00-05:00,4.839885666376672,4.86135706956057,4.7823028226991475,4.8213419914245605,3800,0.0,0.0
2019-12-23 00:00:00-05:00,4.791086488422073,4.8067024351933885,4.733503644556528,4.797918319702148,7800,0.0,0.0
2019-12-24 00:00:00-05:00,4.829149438859366,4.829149438859366,4.733503341674805,4.733503341674805,1300,0.0,0.0
2019-12-26 00:00:00-05:00,4.811581833717676,4.831101417541504,4.7335034984223645,4.831101417541504,11700,0.0,0.0
2019-12-27 00:00:00-05:00,4.772542834226346,4.798894250047804,4.539283729505386,4.635905742645264,9500,0.0,0.0
2019-12-30 00:00:00-05:00,4.713984315004358,4.713984315004358,4.304072554502478,4.509028434753418,17000,0.0,0.0
2019-12-31 00:00:00-05:00,4.509027899293432,4.509027899293432,4.316759795707246,4.440709590911865,6900,0.0,0.0
2020-01-02 00:00:00-05:00,4.528547395607652,4.528547395607652,4.356775253213797,4.395814418792725,1800,0.0,0.0
2020-01-03 00:00:00-05:00,4.509028056032548,4.509028056032548,4.391910552978516,4.391910552978516,800,0.0,0.0
2020-01-06 00:00:00-05:00,4.31383203746795,4.479748725891113,4.31383203746795,4.479748725891113,1600,0.0,0.0
2020-01-07 00:00:00-05:00,4.391910552978516,4.391910552978516,4.391910552978516,4.391910552978516,500,0.0,0.0
2020-01-08 00:00:00-05:00,4.253321198257808,4.514883995056152,4.253321198257808,4.514883995056152,3800,0.0,0.0
2020-01-09 00:00:00-05:00,4.514883995056152,4.514883995056152,4.514883995056152,4.514883995056152,0,0.0,0.0
2020-01-10 00:00:00-05:00,4.255273293684178,4.50902787335398,4.255273293684178,4.464132785797119,12000,0.0,0.0
2020-01-13 00:00:00-05:00,4.382150589127318,4.5285477026665575,4.265033084449365,4.387030601501465,4900,0.0,0.0
2020-01-14 00:00:00-05:00,4.440709590911865,4.440709590911865,4.440709590911865,4.440709590911865,200,0.0,0.0
2020-01-15 00:00:00-05:00,4.295288597733796,4.606626033782959,4.295288597733796,4.606626033782959,6000,0.0,0.0
2020-01-16 00:00:00-05:00,4.540259776959137,4.545139789581299,4.540259776959137,4.545139789581299,1000,0.0,0.0
2020-01-17 00:00:00-05:00,4.5383076667785645,4.557827250630756,4.522691720466658,4.5383076667785645,3900,0.0,0.0
2020-01-21 00:00:00-05:00,4.5578272180451735,4.583202723409962,4.3138321889453985,4.5773468017578125,5400,0.0,0.0
2020-01-22 00:00:00-05:00,4.57051500340386,4.57051500340386,4.5383076667785645,4.5383076667785645,3700,0.0,0.0
2020-01-23 00:00:00-05:00,4.543187425124711,4.557826995849609,4.52854738901625,4.557826995849609,1100,0.0,0.0
2020-01-24 00:00:00-05:00,4.5392834578294865,4.605649948120117,4.5392834578294865,4.605649948120117,4000,0.0,0.0
2020-01-27 00:00:00-05:00,4.5871063937172485,4.635905586039521,4.5383076667785645,4.5383076667785645,3400,0.0,0.0
2020-01-28 00:00:00-05:00,4.5675866447282765,4.587106227874756,4.5675866447282765,4.587106227874756,1400,0.0,0.0
2020-01-29 00:00:00-05:00,4.587106467539419,4.635905660647037,4.343111432768523,4.591010570526123,1500,0.0,0.0
2020-01-30 00:00:00-05:00,4.587106227874756,4.587106227874756,4.587106227874756,4.587106227874756,300,0.0,0.0
2020-01-31 00:00:00-05:00,4.5871065194112,4.59393835067749,4.5871065194112,4.59393835067749,400,0.0,0.0
2020-02-03 00:00:00-05:00,4.635905418432739,4.635905418432739,4.587106227874756,4.587106227874756,700,0.0,0.0
2020-02-04 00:00:00-05:00,4.5548988417957785,4.581250255481507,4.489508262250931,4.510980129241943,4300,0.0,0.0
2020-02-05 00:00:00-05:00,4.5832031593297975,4.5832031593297975,4.354823589324951,4.354823589324951,400,0.0,0.0
2020-02-06 00:00:00-05:00,4.469988929428471,4.483652591705322,4.469988929428471,4.483652591705322,400,0.0,0.0
2020-02-07 00:00:00-05:00,4.433877981502103,4.484628527955653,4.411430203781707,4.460229396820068,2400,0.0,0.0
2020-02-10 00:00:00-05:00,4.4748687744140625,4.4748687744140625,4.4748687744140625,4.4748687744140625,1600,0.0,0.0
2020-02-11 00:00:00-05:00,4.440709903109322,4.489508631757795,4.296264605235222,4.343111515045166,2600,0.0,0.0
2020-02-12 00:00:00-05:00,4.435829709027564,4.435829709027564,4.423141956329346,4.423141956329346,400,0.0,0.0
2020-02-13 00:00:00-05:00,4.4192376136779785,4.4192376136779785,4.4192376136779785,4.4192376136779785,200,0.0,0.0
2020-02-14 00:00:00-05:00,4.391910619643082,4.460229396820068,4.391910619643082,4.460229396820068,500,0.0,0.0
2020-02-18 00:00:00-05:00,4.457301135581171,4.457301135581171,4.391910552978516,4.391910552978516,2100,0.0,0.0
2020-02-19 00:00:00-05:00,4.469989044321768,4.52366825079895,4.469989044321768,4.489508628845215,500,0.0,0.0
2020-02-20 00:00:00-05:00,4.453397811672845,4.528547958797316,4.453397811672845,4.513908386230469,5100,0.0,0.0
2020-02-21 00:00:00-05:00,4.440709583280636,4.503171970067362,4.294312477111816,4.294312477111816,3300,0.0,0.0
2020-02-24 00:00:00-05:00,4.294312477111816,4.294312477111816,4.24648919594333,4.294312477111816,3400,0.0,0.0
2020-02-25 00:00:00-05:00,4.2943126314497775,4.2943126314497775,4.147915520019433,4.245513439178467,5800,0.0,0.0
2020-02-26 00:00:00-05:00,4.196714737119802,4.247465748459476,3.640405896546633,4.075693130493164,15200,0.0,0.0
2020-02-27 00:00:00-05:00,4.050317641634435,4.052269460422188,3.6306461196422215,3.9136805534362793,6200,0.0,0.0
2020-02-28 00:00:00-05:00,3.816082272408849,3.9273440837860107,3.816082272408849,3.9273440837860107,7100,0.0,0.0
2020-03-02 00:00:00-05:00,3.991759054227129,3.991759054227129,3.7672833632573854,3.8609776496887207,6800,0.0,0.0
2020-03-03 00:00:00-05:00,3.860001392265562,3.860001392265562,3.855121612548828,3.855121612548828,300,0.0,0.0
2020-03-04 00:00:00-05:00,3.8600014724727147,3.873665367885449,3.679445198057608,3.757523536682129,6600,0.0,0.0
2020-03-05 00:00:00-05:00,3.7184840393186795,3.7184840393186795,3.250013583517232,3.4159302711486816,5000,0.0,0.0
2020-03-06 00:00:00-05:00,3.376891416209517,3.4647295475006104,3.376891416209517,3.4647295475006104,1300,0.0,0.0
2020-03-09 00:00:00-04:00,3.4647294410249527,3.4647294410249527,3.14655994045148,3.3778672218322754,2300,0.0,0.0
2020-03-10 00:00:00-04:00,3.4159305469807206,3.4159305469807206,3.2207344691863193,3.3690834045410156,4300,0.0,0.0
2020-03-11 00:00:00-04:00,3.3573716527374584,3.454969571198283,3.2519657611846924,3.2519657611846924,24900,0.0,0.0
2020-03-12 00:00:00-04:00,3.3768913322575327,3.3768913322575327,2.3423524364479413,2.9962589740753174,26100,0.0,0.0
2020-03-13 00:00:00-04:00,2.9962589909416546,3.0021149127868028,2.92794044569579,2.9767394065856934,4100,0.0,0.0
2020-03-16 00:00:00-04:00,2.7698315459925196,2.7698315459925196,2.156916030574503,2.524860382080078,10900,0.0,0.0
2020-03-17 00:00:00-04:00,2.3423524067986885,2.3423524067986885,1.7587162402297374,2.3228328227996826,11700,0.0,0.0
2020-03-18 00:00:00-04:00,2.0593179589150115,2.3423523902893066,1.9519602476771574,2.3423523902893066,48400,0.0,0.0
2020-03-19 00:00:00-04:00,2.6058668886898047,3.3866509063397428,1.678685765927848,2.1666758060455322,71200,0.0,0.0
2020-03-20 00:00:00-04:00,2.1569161446591054,2.4975331908693437,1.7567642038558269,1.8641220331192017,26500,0.0,0.0
2020-03-23 00:00:00-04:00,1.8055632837787319,1.854362244281171,1.6786858701264913,1.7177250385284424,8400,0.0,0.0
2020-03-24 00:00:00-04:00,2.003687256643646,2.049558257474067,1.8543622938958189,1.9422005414962769,12300,0.0,0.0
2020-03-25 00:00:00-04:00,2.020278871470822,2.020278871470822,1.8787617665061873,1.9519603252410889,9100,0.0,0.0
2020-03-26 00:00:00-04:00,2.00075926622923,2.802039068288625,2.00075926622923,2.537548303604126,42300,0.0,0.0
2020-03-27 00:00:00-04:00,2.7229843995233933,2.7229843995233933,2.2447541486352565,2.459469795227051,8900,0.0,0.0
2020-03-30 00:00:00-04:00,2.738600331203706,2.738600331203706,2.0593180411021828,2.3716318607330322,12200,0.0,0.0
2020-03-31 00:00:00-04:00,2.252562412736922,2.252562412736922,2.2223068921638474,2.242802619934082,1200,0.0,0.0
2020-04-01 00:00:00-04:00,2.0495580359181416,2.2574418467094666,2.0495580359181416,2.0593178272247314,6100,0.0,0.0
2020-04-02 00:00:00-04:00,2.049558066603617,2.234994336896913,2.000759109340061,2.0202786922454834,28200,0.0,0.0
2020-04-03 00:00:00-04:00,2.025158866970148,2.025158866970148,1.9519603088499158,1.973431944847107,18000,0.0,0.0
2020-04-06 00:00:00-04:00,2.352112271571023,2.352112271571023,2.0300386602390814,2.0983574390411377,16200,0.0,0.0
2020-04-07 00:00:00-04:00,2.244754264620328,2.5151007136947627,2.244754264620328,2.3033130168914795,6700,0.0,0.0
2020-04-08 00:00:00-04:00,2.2935532337697095,2.352112218960491,2.2447542733538897,2.2955052852630615,6700,0.0,0.0
2020-04-09 00:00:00-04:00,2.5863474840987855,2.7815433274564447,2.1861955398319837,2.6263625621795654,17500,0.0,0.0
2020-04-13 00:00:00-04:00,2.752263928649806,2.791303097004984,2.537548270004531,2.722984552383423,10100,0.0,0.0
2020-04-14 00:00:00-04:00,2.908420649479077,3.4159302711486816,2.8723094443202104,3.4159302711486816,22200,0.0,0.0
2020-04-15 00:00:00-04:00,3.1621754603138794,3.894160518417168,2.9572196068142733,3.4159302711486816,16700,0.0,0.0
2020-04-16 00:00:00-04:00,3.6892048023963957,3.8551214962107583,3.3964108147824197,3.406170606613159,15000,0.0,0.0
2020-04-17 00:00:00-04:00,3.581847123110819,3.8063225698431578,3.4852251133466985,3.513528347015381,28100,0.0,0.0
2020-04-20 00:00:00-04:00,3.503768555100575,3.588678954182004,3.503768555100575,3.513528347015381,2400,0.0,0.0
2020-04-21 00:00:00-04:00,3.5535436261415794,3.6013666759197407,3.210974537306578,3.406170606613159,8300,0.0,0.0
2020-04-22 00:00:00-04:00,3.279293147631316,3.464729428924664,3.1719354352830496,3.1777913570404053,5800,0.0,0.0
2020-04-23 00:00:00-04:00,3.298812837891692,3.326140161455742,3.025538206100464,3.025538206100464,4900,0.0,0.0
2020-04-24 00:00:00-04:00,3.00601878126718,3.00601878126718,2.7122488740067383,2.8381502628326416,6400,0.0,0.0
2020-04-27 00:00:00-04:00,2.966979612924325,3.158271818747266,2.9054928989646083,3.123136520385742,5300,0.0,0.0
2020-04-28 00:00:00-04:00,3.1816953193103705,3.2988130597684413,3.1328963577410924,3.1416802406311035,5800,0.0,0.0
2020-04-29 00:00:00-04:00,3.230494179438605,3.464729420307701,3.230494179438605,3.331996202468872,5300,0.0,0.0
2020-04-30 00:00:00-04:00,3.328092464514534,3.4744893504454404,3.2402541002641856,3.3183326721191406,19700,0.0,0.0
2020-05-01 00:00:00-04:00,3.434474256811755,3.611126661300659,3.434474256811755,3.611126661300659,1900,0.0,0.0
2020-05-04 00:00:00-04:00,3.4647295303554726,3.513528491942377,3.2792932436334317,3.4842491149902344,5100,0.0,0.0
2020-05-05 00:00:00-04:00,3.4842489745360514,3.513528350307908,3.322236382060086,3.4364259243011475,5900,0.0,0.0
2020-05-06 00:00:00-04:00,3.386651146210386,3.4159305227682406,3.3271162509918213,3.3271162509918213,700,0.0,0.0
2020-05-07 00:00:00-04:00,3.4159302711486816,3.4159302711486816,3.3251641872360387,3.4159302711486816,2600,0.0,0.0
2020-05-08 00:00:00-04:00,3.3085725650112505,3.6111263331812484,3.2695331664513105,3.4159302711486816,9000,0.0,0.0
2020-05-11 00:00:00-04:00,3.4061707860224035,3.415930578367209,3.3378522396087646,3.3378522396087646,2800,0.0,0.0
2020-05-12 00:00:00-04:00,3.5037686951364866,3.5037686951364866,3.21097469329834,3.21097469329834,4600,0.0,0.0
2020-05-13 00:00:00-04:00,3.2109746453057464,3.2109746453057464,3.127040386199951,3.127040386199951,900,0.0,0.0
2020-05-14 00:00:00-04:00,2.8693816171253275,2.9279403686523438,2.8693816171253275,2.9279403686523438,16200,0.0,0.0
2020-05-15 00:00:00-04:00,2.9962588628820646,3.0743374296606456,2.976739279360367,2.986499071121216,2800,0.0,0.0
2020-05-18 00:00:00-04:00,3.152415957804501,3.2831973616039756,2.5863475354455345,2.7717835903167725,28900,0.0,0.0
2020-05-19 00:00:00-04:00,2.8010630970345543,2.8010630970345543,2.723960664001734,2.76202392578125,2200,0.0,0.0
2020-05-20 00:00:00-04:00,2.78154336550501,2.9084208981148385,2.78154336550501,2.7913031578063965,5800,0.0,0.0
2020-05-21 00:00:00-04:00,2.9377002280004585,3.045057941597427,2.8498620986938477,2.8498620986938477,6200,0.0,0.0
2020-05-22 00:00:00-04:00,2.8889012844228983,2.8889012844228983,2.8303425312042236,2.8303425312042236,1400,0.0,0.0
2020-05-26 00:00:00-04:00,3.1924308413185742,3.2851489794261997,2.840102195739746,2.840102195739746,6800,0.0,0.0
2020-05-27 00:00:00-04:00,2.976739458200069,3.0743376143639525,2.781543378564106,2.9181807041168213,11600,0.0,0.0
2020-05-28 00:00:00-04:00,3.0743375762177907,3.1621757062527727,2.9377002523604614,3.103616952896118,15700,0.0,0.0
2020-05-29 00:00:00-04:00,2.9962590546125245,3.1973110569814653,2.9913792747657384,3.183647394180298,8100,0.0,0.0
2020-06-01 00:00:00-04:00,3.2304942424124725,3.2304942424124725,2.9250124906653387,3.111424684524536,14200,0.0,0.0
2020-06-02 00:00:00-04:00,3.191454938579012,3.5623274917798957,3.1036168125170196,3.425690174102783,10900,0.0,0.0
2020-06-03 00:00:00-04:00,3.698964629634984,3.9039204927342173,3.5232881423082416,3.733124017715454,18200,0.0,0.0
2020-06-04 00:00:00-04:00,3.689204692840576,3.7087242759223953,3.488152707867698,3.689204692840576,11000,0.0,0.0
2020-06-05 00:00:00-04:00,3.689204897904776,3.855121596014491,3.689204897904776,3.7282440662384033,11600,0.0,0.0
2020-06-08 00:00:00-04:00,3.7087244067897456,3.9039204771874783,3.7087244067897456,3.8258421421051025,10300,0.0,0.0
2020-06-09 00:00:00-04:00,3.7184841986750428,3.8258421421051025,3.7184841986750428,3.8258421421051025,7600,0.0,0.0
2020-06-10 00:00:00-04:00,3.85512155091039,3.85512155091039,3.6208863109573293,3.7868030071258545,8700,0.0,0.0
2020-06-11 00:00:00-04:00,3.4452098228195847,3.8063225910642933,3.3993388238334328,3.7868030071258545,3900,0.0,0.0
2020-06-12 00:00:00-04:00,3.855121386568133,3.855121386568133,3.5135282168238415,3.608198404312134,13700,0.0,0.0
2020-06-15 00:00:00-04:00,3.7184842290458886,3.7184842290458886,3.5623275576057223,3.6404058933258057,1600,0.0,0.0
2020-06-16 00:00:00-04:00,3.6892048699014506,3.6892048699014506,3.4686332912605704,3.6208863258361816,2600,0.0,0.0
2020-06-17 00:00:00-04:00,3.6599255106712665,3.6599255106712665,3.4159304766265155,3.6013667583465576,3000,0.0,0.0
2020-06-18 00:00:00-04:00,3.347611989966389,3.552567859328466,3.347611989966389,3.5232882499694824,4200,0.0,0.0
2020-06-19 00:00:00-04:00,3.5720873647939677,3.5720873647939677,3.474489212036133,3.474489212036133,1000,0.0,0.0
2020-06-22 00:00:00-04:00,3.3768912800608395,3.515480419142572,3.191454999897546,3.347611904144287,9100,0.0,0.0
2020-06-23 00:00:00-04:00,3.4647294365997894,3.4744892286530704,3.454969644546509,3.454969644546509,1900,0.0,0.0
2020-06-24 00:00:00-04:00,3.484249005013848,3.6599254938734784,3.3866510849206075,3.6208863258361816,5300,0.0,0.0
2020-06-25 00:00:00-04:00,3.425690344322875,3.581847253328644,3.4159305520532524,3.5037686824798584,1800,0.0,0.0
2020-06-26 00:00:00-04:00,3.4159304999482067,3.4256902920689583,3.142656087875366,3.142656087875366,6800,0.0,0.0
2020-06-29 00:00:00-04:00,3.2109745989085523,3.406170671959935,3.1816952228546143,3.1816952228546143,8800,0.0,0.0
2020-06-30 00:00:00-04:00,3.396410847407379,3.396410847407379,3.3085727200869752,3.367131471633911,1100,0.0,0.0
2020-07-01 00:00:00-04:00,3.2695333174223555,3.328092301620341,3.2207343578338623,3.2207343578338623,1800,0.0,0.0
2020-07-02 00:00:00-04:00,3.27929307645275,3.3964108109823794,3.2597734928131104,3.2597734928131104,2600,0.0,0.0
2020-07-06 00:00:00-04:00,3.2792930603027344,3.3183324600815425,3.1036168084111564,3.2792930603027344,3000,0.0,0.0
2020-07-07 00:00:00-04:00,3.3183326549191534,3.3378522396087646,3.1036169906416267,3.3378522396087646,2300,0.0,0.0
2020-07-08 00:00:00-04:00,3.396410688214603,3.4598494490962497,3.337851939412368,3.4159302711486816,3200,0.0,0.0
2020-07-09 00:00:00-04:00,3.464729504796467,3.464729504796467,3.1036169590254654,3.3768913745880127,8100,0.0,0.0
2020-07-10 00:00:00-04:00,3.376891278451632,3.401290642024567,3.0743374947663065,3.2012147903442383,4700,0.0,0.0
2020-07-13 00:00:00-04:00,3.2207344952632866,3.2207344952632866,3.06457781791687,3.06457781791687,5800,0.0,0.0
2020-07-14 00:00:00-04:00,3.162175626750831,3.2890529225003604,3.035298098309507,3.0548179149627686,6300,0.0,0.0
2020-07-15 00:00:00-04:00,3.2109746594693696,3.4452099050104805,3.1816952828632057,3.250013828277588,7100,0.0,0.0
2020-07-16 00:00:00-04:00,3.2012147261286996,3.337852043625051,3.171935350813437,3.2792930603027344,6500,0.0,0.0
2020-07-17 00:00:00-04:00,3.3183326721191406,3.4061708036776843,3.3183326721191406,3.3183326721191406,1400,0.0,0.0
2020-07-20 00:00:00-04:00,3.2207345077451257,3.4569218089154408,3.2207345077451257,3.391530990600586,1700,0.0,0.0
2020-07-21 00:00:00-04:00,3.3964106628662285,3.4383777891304628,3.210974393684664,3.289052724838257,6500,0.0,0.0
2020-07-22 00:00:00-04:00,3.220734515473398,3.376891426491503,3.2012149306826108,3.3183326721191406,3900,0.0,0.0
2020-07-23 00:00:00-04:00,3.2695333174223555,3.293932913562499,3.2207343578338623,3.2207343578338623,1700,0.0,0.0
2020-07-24 00:00:00-04:00,3.298812960593348,3.391530868441615,3.298812960593348,3.328092336654663,2200,0.0,0.0
2020-07-27 00:00:00-04:00,3.2597734810716728,3.494008716595444,3.2597734810716728,3.425690174102783,5000,0.0,0.0
2020-07-28 00:00:00-04:00,3.3573718332596623,3.3573718332596623,3.045058012008667,3.045058012008667,4600,0.0,0.0
2020-07-29 00:00:00-04:00,3.2695334646665817,3.2695334646665817,3.132896371665317,3.191455125808716,4300,0.0,0.0
2020-07-30 00:00:00-04:00,3.1719354017368073,3.2158545817606914,3.0743374824523926,3.0743374824523926,2500,0.0,0.0
2020-07-31 00:00:00-04:00,3.123136520385742,3.240254026462955,3.123136520385742,3.123136520385742,800,0.0,0.0
2020-08-03 00:00:00-04:00,3.045058004630524,3.0938571990583683,2.859621950033574,2.9181807041168213,9400,0.0,0.0
2020-08-04 00:00:00-04:00,3.0450578400852826,3.2597734928131104,2.9279403382474447,3.2597734928131104,16100,0.0,0.0
2020-08-05 00:00:00-04:00,3.0645777937893772,3.2890530157075517,3.0645777937893772,3.1572957038879395,7400,0.0,0.0
2020-08-06 00:00:00-04:00,3.171935524951241,3.8063227230182104,3.1328963557209915,3.630646228790283,53300,0.0,0.0
2020-08-07 00:00:00-04:00,3.2695331216114916,3.45008961031316,3.0831209442633334,3.162175416946411,11500,0.0,0.0
2020-08-10 00:00:00-04:00,3.1719354308366348,3.390554958192809,3.0743375106568416,3.1816952228546143,8900,0.0,0.0
2020-08-11 00:00:00-04:00,3.2500136849874717,3.3183324600815425,3.240253893215717,3.2792930603027344,4600,0.0,0.0
2020-08-12 00:00:00-04:00,3.3964110179383846,3.5720875140915576,3.093857220396446,3.4452099800109863,28100,0.0,0.0
2020-08-13 00:00:00-04:00,9.144933689572014,10.0037963140829,6.656184641883983,6.841620922088623,32591700,0.0,0.0
2020-08-14 00:00:00-04:00,6.63666495287023,6.831860789267291,5.758282758316291,6.080356121063232,964900,0.0,0.0
2020-08-17 00:00:00-04:00,5.660684932101862,6.051076611239708,5.270292787580424,5.963238716125488,374000,0.0,0.0
2020-08-18 00:00:00-04:00,5.963238486897672,6.021797236517341,4.8799004554748535,4.8799004554748535,209900,0.0,0.0
2020-08-19 00:00:00-04:00,5.358130777498862,5.358130777498862,4.938459482308417,5.260532855987549,114500,0.0,0.0
2020-08-20 00:00:00-04:00,5.104376001058686,5.541615046273758,5.075096392948935,5.3483710289001465,189700,0.0,0.0
2020-08-21 00:00:00-04:00,5.19221445325911,5.367890708922104,4.87990064447464,4.938459396362305,108200,0.0,0.0
2020-08-24 00:00:00-04:00,4.928699771122775,5.121943789381382,4.099116300355721,4.2113542556762695,219800,0.0,0.0
2020-08-25 00:00:00-04:00,4.2259939113286755,4.6651852514377055,4.2259939113286755,4.606626033782959,75600,0.0,0.0
2020-08-26 00:00:00-04:00,4.5187881832690024,4.633953870169336,4.2943127312923846,4.42119026184082,60900,0.0,0.0
2020-08-27 00:00:00-04:00,4.518788115793482,4.548067259092935,4.401670611828488,4.499268531799316,39400,0.0,0.0
2020-08-28 00:00:00-04:00,4.577346971397251,5.104376216554123,4.479749049217016,5.075096607208252,85800,0.0,0.0
2020-08-31 00:00:00-04:00,5.14341545519782,5.27029298844505,4.655425372293346,4.997018337249756,86300,0.0,0.0
2020-09-01 00:00:00-04:00,4.948219189479714,4.948219189479714,4.589058489069027,4.772542476654053,39000,0.0,0.0
2020-09-02 00:00:00-04:00,4.753022862864667,4.811581611633301,4.44070953609862,4.811581611633301,40200,0.0,0.0
2020-09-03 00:00:00-04:00,4.811581744555626,4.811581744555626,4.538307576086001,4.801822185516357,47300,0.0,0.0
2020-09-04 00:00:00-04:00,4.801822075366758,4.801822075366758,4.50902786476788,4.626145362854004,17100,0.0,0.0
2020-09-08 00:00:00-04:00,4.55782724833019,4.55782724833019,4.196714714555128,4.391910552978516,24300,0.0,0.0
2020-09-09 00:00:00-04:00,4.382150627885949,4.674944857554093,4.382150627885949,4.42119026184082,13500,0.0,0.0
2020-09-10 00:00:00-04:00,4.411430290751428,4.49926865379874,4.2162344455169585,4.489508628845215,23200,0.0,0.0
2020-09-11 00:00:00-04:00,4.4602294529450095,4.499268621713507,4.294312752987096,4.382150650024414,11300,0.0,0.0
2020-09-14 00:00:00-04:00,4.382150676110763,4.7823028564453125,4.245513584607641,4.7823028564453125,36800,0.0,0.0
2020-09-15 00:00:00-04:00,4.7823031129215545,4.7823031129215545,4.45046969323405,4.762783527374268,26300,0.0,0.0
2020-09-16 00:00:00-04:00,4.8115820170119346,5.075096641363833,4.5529474051477905,5.036057472229004,56000,0.0,0.0
2020-09-17 00:00:00-04:00,5.026297785657569,5.2458932228392365,4.874044750647946,5.119015693664551,31000,0.0,0.0
2020-09-18 00:00:00-04:00,5.114135874127619,5.807081832967725,4.977498780455709,5.7973222732543945,93900,0.0,0.0
2020-09-21 00:00:00-04:00,5.709483470467937,5.758282661437988,5.61188555391141,5.758282661437988,43400,0.0,0.0
2020-09-22 00:00:00-04:00,5.9729985315535705,6.295071913345634,5.807081828113147,5.943719387054443,69600,0.0,0.0
2020-09-23 00:00:00-04:00,6.197473777437719,6.197473777437719,5.807081629525444,5.819769382476807,39900,0.0,0.0
2020-09-24 00:00:00-04:00,5.9476228898037515,6.343870964050293,5.611885852813721,6.0998759269714355,54000,0.0,0.0
2020-09-25 00:00:00-04:00,5.933958904606223,6.168194369463613,5.6118855476379395,5.6118855476379395,21800,0.0,0.0
2020-09-28 00:00:00-04:00,5.953478881533284,5.953478881533284,5.611885918689759,5.875400543212891,25900,0.0,0.0
2020-09-29 00:00:00-04:00,5.953478780409382,5.953478780409382,5.426449540315071,5.846120834350586,18800,0.0,0.0
2020-09-30 00:00:00-04:00,5.569918149115878,5.904679721561844,5.270292570961911,5.504527568817139,45400,0.0,0.0
2020-10-01 00:00:00-04:00,5.494768705814337,5.719244173212653,5.367891166549283,5.5240478515625,10800,0.0,0.0
2020-10-02 00:00:00-04:00,5.5142876892896275,5.5142876892896275,5.1726947454328,5.3874101638793945,24200,0.0,0.0
2020-10-05 00:00:00-04:00,5.43620931731185,5.43620931731185,5.201973851623754,5.280052185058594,8700,0.0,0.0
2020-10-06 00:00:00-04:00,5.280052194003555,5.280052194003555,4.5968663099077425,4.817437648773193,47700,0.0,0.0
2020-10-07 00:00:00-04:00,4.909180438787804,5.0975444544200395,4.8799008290447485,4.997018337249756,19900,0.0,0.0
2020-10-08 00:00:00-04:00,5.12389551779615,5.12389551779615,4.96773885093844,4.987258434295654,7100,0.0,0.0
2020-10-09 00:00:00-04:00,5.089736678827098,5.089736678827098,4.899420380257102,5.036057472229004,8500,0.0,0.0
2020-10-12 00:00:00-04:00,5.758282727922196,6.334110674945909,5.162934731978227,6.1193952560424805,184700,0.0,0.0
2020-10-13 00:00:00-04:00,5.699723911504073,6.148674793047672,5.699723911504073,5.758282661437988,82300,0.0,0.0
2020-10-14 00:00:00-04:00,5.475248680408484,5.592366184761365,5.123895701966249,5.485008239746094,43400,0.0,0.0
2020-10-15 00:00:00-04:00,5.4850081152290695,5.592366057807171,5.153175193762293,5.267364501953125,22500,0.0,0.0
2020-10-16 00:00:00-04:00,5.3776511784245,5.46548908082999,5.22149402842344,5.416690349578857,17700,0.0,0.0
2020-10-19 00:00:00-04:00,5.319091326647391,5.758282648218889,5.319091326647391,5.465488433837891,29400,0.0,0.0
2020-10-20 00:00:00-04:00,5.465488402507934,5.5289271641062845,5.231253404652707,5.504527568817139,15000,0.0,0.0
2020-10-21 00:00:00-04:00,5.509407580951683,5.55332675939543,5.367890486734923,5.504527568817139,7700,0.0,0.0
2020-10-22 00:00:00-04:00,5.426449520589257,5.758282916991864,5.416689961192261,5.445969104766846,37900,0.0,0.0
2020-10-23 00:00:00-04:00,5.4069298156748635,5.611885677654678,5.367890648191431,5.455729007720947,10100,0.0,0.0
2020-10-26 00:00:00-04:00,5.445969506330771,6.216993836273163,5.172695307694385,5.270293235778809,203200,0.0,0.0
2020-10-27 00:00:00-04:00,5.2117341614861195,5.4654887590496575,5.091688461293158,5.221493721008301,25800,0.0,0.0
2020-10-28 00:00:00-04:00,5.221493680270468,5.480128288269043,5.1336557837217365,5.480128288269043,30900,0.0,0.0
2020-10-29 00:00:00-04:00,5.387410100771911,5.465488433837891,5.294692196601954,5.465488433837891,9400,0.0,0.0
2020-10-30 00:00:00-04:00,5.4654890919476555,5.4654890919476555,5.1531757220775,5.270293235778809,9100,0.0,0.0
2020-11-02 00:00:00-05:00,4.967739026264484,5.453776808627873,4.967739026264484,5.419617652893066,4300,0.0,0.0
2020-11-03 00:00:00-05:00,4.9872590116421645,5.402050322346873,4.9872590116421645,5.270293235778809,7100,0.0,0.0
2020-11-04 00:00:00-05:00,5.36789061251212,5.36789061251212,5.246869007964451,5.3483710289001465,3600,0.0,0.0
2020-11-05 00:00:00-05:00,5.397170764001679,5.553327448619109,5.328851981789739,5.416690349578857,12900,0.0,0.0
2020-11-06 00:00:00-05:00,5.572846374495399,5.572846374495399,5.416689708363441,5.465488433837891,6400,0.0,0.0
2020-11-09 00:00:00-05:00,5.807081373693339,5.807081373693339,5.270292601172941,5.465488433837891,29200,0.0,0.0
2020-11-10 00:00:00-05:00,5.280052405963537,6.012037510615056,5.280052405963537,5.885160446166992,27300,0.0,0.0
2020-11-11 00:00:00-05:00,5.689964081405349,5.699724106085985,5.143415264646686,5.377650737762451,29000,0.0,0.0
2020-11-12 00:00:00-05:00,5.377650859710312,5.660685066496791,5.348371250388027,5.36789083480835,13300,0.0,0.0
2020-11-13 00:00:00-05:00,5.4069298156748635,5.455729007720947,5.392290244214473,5.455729007720947,4500,0.0,0.0
2020-11-16 00:00:00-05:00,5.4654884656186375,5.660684764802189,5.416689739860432,5.426449298858643,11100,0.0,0.0
2020-11-17 00:00:00-05:00,5.494768467572266,5.563086781611589,5.377650958890332,5.397170543670654,13700,0.0,0.0
2020-11-18 00:00:00-05:00,5.455729229095398,5.660685099391605,5.426449619602965,5.47524881362915,9900,0.0,0.0
2020-11-19 00:00:00-05:00,5.509407775065483,5.807081545007047,5.367890675862631,5.4898881912231445,42700,0.0,0.0
2020-11-20 00:00:00-05:00,5.436209447525671,5.704603608790897,5.436209447525671,5.56308650970459,6700,0.0,0.0
2020-11-23 00:00:00-05:00,5.670444458110675,6.079380274798799,5.596270225663224,5.8558807373046875,63400,0.0,0.0
2020-11-24 00:00:00-05:00,5.855880887100543,6.490268076279822,5.677276434413394,6.392670154571533,69000,0.0,0.0
2020-11-25 00:00:00-05:00,6.2560325801683545,6.573226406505317,6.22675343643485,6.554682731628418,28300,0.0,0.0
2020-11-27 00:00:00-05:00,6.704983302046746,6.750854300598573,6.0022778215328545,6.187714099884033,16700,0.0,0.0
2020-11-30 00:00:00-05:00,6.128179300473055,6.481484111012168,5.816841853201931,5.943719387054443,21000,0.0,0.0
2020-12-01 00:00:00-05:00,5.888087907145112,6.119395178548114,5.514287631190516,5.6118855476379395,49500,0.0,0.0
2020-12-02 00:00:00-05:00,6.26872008855712,6.26872008855712,5.572846447355841,5.972998142242432,12100,0.0,0.0
2020-12-03 00:00:00-05:00,6.021797535394535,6.021797535394535,5.855880837212149,5.885160446166992,11400,0.0,0.0
2020-12-04 00:00:00-05:00,5.709483562858918,6.002277782650077,5.650924811977403,5.933959007263184,20100,0.0,0.0
2020-12-07 00:00:00-05:00,5.748522797763301,6.148674964904785,5.748522797763301,6.148674964904785,21200,0.0,0.0
2020-12-08 00:00:00-05:00,6.216993398925637,6.216993398925637,5.914439610455894,6.138915061950684,8700,0.0,0.0
2020-12-09 00:00:00-05:00,5.914439486601708,6.382909964024793,5.914439486601708,6.075476169586182,36600,0.0,0.0
2020-12-10 00:00:00-05:00,5.958358707611915,6.046197068166063,5.933959111304253,6.028629302978516,4000,0.0,0.0
2020-12-11 00:00:00-05:00,8.412948856638392,10.94073761669524,7.02705695676759,7.700483322143555,4162900,0.0,0.0
2020-12-14 00:00:00-05:00,7.319851289402659,7.905439764861762,7.290571679476259,7.5833659172058105,243300,0.0,0.0
2020-12-15 00:00:00-05:00,7.310090828769608,7.417448771591953,7.085615849370244,7.251532077789307,111000,0.0,0.0
2020-12-16 00:00:00-05:00,7.212492948578017,7.505287170410156,7.088543614950642,7.505287170410156,73700,0.0,0.0
2020-12-17 00:00:00-05:00,7.4076890629901895,7.495526954996562,7.153934015145265,7.446728229522705,58500,0.0,0.0
2020-12-18 00:00:00-05:00,7.2222530686003585,7.4076893494936185,6.890419674856253,7.388169765472412,79800,0.0,0.0
2020-12-21 00:00:00-05:00,7.222253303522304,7.876159622194471,7.131487211602118,7.515047073364258,112800,0.0,0.0
2020-12-22 00:00:00-05:00,7.427209225363214,7.427209225363214,6.9099395304,7.329611301422119,49600,0.0,0.0
2020-12-23 00:00:00-05:00,7.329610943903243,7.329610943903243,6.972402047780565,7.1734538078308105,37000,0.0,0.0
2020-12-24 00:00:00-05:00,5.6558050163884905,6.831861016995652,5.389362202172326,5.699724197387695,451000,0.0,0.0
2020-12-28 00:00:00-05:00,6.246273040771484,6.472700312264149,5.943719250713551,6.246273040771484,192800,0.0,0.0
2020-12-29 00:00:00-05:00,6.304831762266789,6.343870930763879,5.611885823368047,5.846120834350586,54500,0.0,0.0
2020-12-30 00:00:00-05:00,5.982758459005091,6.021797627955891,5.631405473064291,5.76804256439209,49000,0.0,0.0
2020-12-31 00:00:00-05:00,5.680204633715274,5.846120868093758,5.650925024481659,5.807081699371338,53300,0.0,0.0
2021-01-04 00:00:00-05:00,5.758283344465957,6.207234279262588,5.377651192054424,5.5240478515625,45100,0.0,0.0
2021-01-05 00:00:00-05:00,5.416690010690652,6.01203756623927,5.3678908171089486,5.953478813171387,89300,0.0,0.0
2021-01-06 00:00:00-05:00,5.963238903304175,6.168194773976651,5.816841786340463,6.0217976570129395,46400,0.0,0.0
2021-01-07 00:00:00-05:00,6.051076854533911,6.207233997851214,5.7875622278289995,6.090116024017334,83300,0.0,0.0
2021-01-08 00:00:00-05:00,6.041316917260164,6.068644241113824,5.894919808155642,5.972998142242432,19400,0.0,0.0
2021-01-11 00:00:00-05:00,5.953478658788472,6.002277851104736,5.699724068741225,6.002277851104736,18400,0.0,0.0
2021-01-12 00:00:00-05:00,5.943719285234755,6.20723390813078,5.830505416139074,6.0608367919921875,29900,0.0,0.0
2021-01-13 00:00:00-05:00,6.363390411195713,6.382909995125802,6.148674987964733,6.256032466888428,30500,0.0,0.0
2021-01-14 00:00:00-05:00,6.353631019592285,6.3829101635682886,6.099875956421041,6.353631019592285,31700,0.0,0.0
2021-01-15 00:00:00-05:00,6.382910029745187,6.402429613781146,6.24041701974433,6.3633904457092285,19200,0.0,0.0
2021-01-19 00:00:00-05:00,6.413165615416836,6.413165615416836,6.148675086060211,6.285312175750732,29100,0.0,0.0
2021-01-20 00:00:00-05:00,6.334110969763479,6.402429748013492,6.14867515022585,6.353631019592285,16400,0.0,0.0
2021-01-21 00:00:00-05:00,6.3438709284752415,6.3438709284752415,6.190641982756824,6.285312175750732,22000,0.0,0.0
2021-01-22 00:00:00-05:00,6.29507189200069,6.29507189200069,6.138915214178536,6.236513137817383,12000,0.0,0.0
2021-01-25 00:00:00-05:00,6.295071668042483,6.324351276784268,6.031557050900788,6.21699333190918,29200,0.0,0.0
2021-01-26 00:00:00-05:00,6.256032313501232,6.304831504821777,5.875400203505147,6.304831504821777,29900,0.0,0.0
2021-01-27 00:00:00-05:00,6.236512982455176,6.342895019070705,6.129155501818708,6.285312175750732,27200,0.0,0.0
2021-01-28 00:00:00-05:00,6.343870952237926,6.830885116078806,6.246273030664832,6.758662700653076,55200,0.0,0.0
2021-01-29 00:00:00-05:00,6.831861089799002,7.192973635710599,6.431709374890671,6.607385635375977,46200,0.0,0.0
2021-02-01 00:00:00-05:00,6.91969928074425,7.017297200810289,6.7049833912153725,6.948978424072266,59300,0.0,0.0
2021-02-02 00:00:00-05:00,7.114895351242213,7.159790442464562,6.714743633323556,6.82210111618042,27200,0.0,0.0
2021-02-03 00:00:00-05:00,6.929458926512775,7.305211505184501,6.843572848859843,7.27105188369751,51300,0.0,0.0
2021-02-04 00:00:00-05:00,7.310090657385927,8.159193224768627,7.127582577712033,7.632164478302002,92800,0.0,0.0
2021-02-05 00:00:00-05:00,7.905439068182987,8.426611890491253,7.712194590465933,8.149434089660645,76100,0.0,0.0
2021-02-08 00:00:00-05:00,8.305591320723806,8.305591320723806,7.822481256953692,8.032316207885742,42500,0.0,0.0
2021-02-09 00:00:00-05:00,7.954237953050551,7.963997978060888,7.75123436590178,7.8078413009643555,34100,0.0,0.0
2021-02-10 00:00:00-05:00,7.798080670885741,7.856639885636825,7.358889817937613,7.67120361328125,28800,0.0,0.0
2021-02-11 00:00:00-05:00,7.593125664547758,7.644852585705851,6.9587384829290935,7.349130630493164,31800,0.0,0.0
2021-02-12 00:00:00-05:00,7.446728299422518,10.638182753022365,7.354009928999798,9.750041007995605,608200,0.0,0.0
2021-02-16 00:00:00-05:00,10.482026945109311,11.126173717155424,9.896439393597952,10.198992729187012,337700,0.0,0.0
2021-02-17 00:00:00-05:00,9.935477420396484,10.00379572751943,9.3206098639886,9.408448219299316,172600,0.0,0.0
2021-02-18 00:00:00-05:00,9.349889507487807,9.717833872524228,8.969256924294694,9.076615333557129,67400,0.0,0.0
2021-02-19 00:00:00-05:00,9.193733040823094,9.214228534515474,8.74478213686986,8.84238052368164,49100,0.0,0.0
2021-02-22 00:00:00-05:00,8.666704342404234,8.76430180456001,8.217753410339355,8.217753410339355,67100,0.0,0.0
2021-02-23 00:00:00-05:00,8.109418657873023,8.168953317330551,7.163694075927041,7.846879959106445,151400,0.0,0.0
2021-02-24 00:00:00-05:00,7.9347183334789495,8.637424266871928,7.9347183334789495,8.578865051269531,65600,0.0,0.0
2021-02-25 00:00:00-05:00,8.54958603961272,8.593505219294444,7.954237573156954,7.983517646789551,70600,0.0,0.0
2021-02-26 00:00:00-05:00,8.0420761109866,8.588625397617319,8.003036942710633,8.334870338439941,34900,0.0,0.0
2021-03-01 00:00:00-05:00,8.403189062374839,9.923766742451612,8.403189062374839,9.833000183105469,106900,0.0,0.0
2021-03-02 00:00:00-05:00,9.896438378959427,10.030147732268514,9.320609980934996,9.545084953308105,36900,0.0,0.0
2021-03-03 00:00:00-05:00,9.418207813524836,9.509950741812645,8.783821105957031,8.783821105957031,36300,0.0,0.0
2021-03-04 00:00:00-05:00,8.852138820751822,8.922409876313617,8.432468029087259,8.60814380645752,33400,0.0,0.0
2021-03-05 00:00:00-05:00,8.78382097914867,9.398688559381137,8.442227568763801,9.379168510437012,76200,0.0,0.0
2021-03-08 00:00:00-05:00,9.34988951191221,9.711002046040422,8.99268061532613,9.369409561157227,58000,0.0,0.0
2021-03-09 00:00:00-05:00,9.418208445375173,9.711002688036872,8.803341745783017,9.613405227661133,51400,0.0,0.0
2021-03-10 00:00:00-05:00,9.720761744536594,9.974516791605401,9.467006697467786,9.759800910949707,75200,0.0,0.0
2021-03-11 00:00:00-05:00,10.052595592876235,10.080899292343998,9.56460552458872,9.652443885803223,84600,0.0,0.0
2021-03-12 00:00:00-05:00,9.711002041079347,9.994036239617254,9.59388453797061,9.808600425720215,36500,0.0,0.0
2021-03-15 00:00:00-04:00,9.984275740031627,10.026243099276776,9.430895587437215,9.623163223266602,61600,0.0,0.0
2021-03-16 00:00:00-04:00,9.662203239312595,9.794937159481444,9.310850715784447,9.486527442932129,12200,0.0,0.0
2021-03-17 00:00:00-04:00,9.398688695066085,9.398688695066085,8.783821105957031,8.783821105957031,35200,0.0,0.0
2021-03-18 00:00:00-04:00,9.008296401783797,9.211300453134529,8.861899750549748,8.97901725769043,62400,0.0,0.0
2021-03-19 00:00:00-04:00,9.018056045501623,9.174212715087721,8.861899375915527,8.861899375915527,87700,0.0,0.0
2021-03-22 00:00:00-04:00,8.871658868663582,9.221059535533463,8.60814380645752,8.60814380645752,26500,0.0,0.0
2021-03-23 00:00:00-04:00,8.56910587503401,8.764301728416982,8.295831680297852,8.295831680297852,41300,0.0,0.0
2021-03-24 00:00:00-04:00,8.38366985321045,8.735022381177737,8.012797274972478,8.38366985321045,38100,0.0,0.0
2021-03-25 00:00:00-04:00,8.325109789101797,8.461747334841544,7.973757296757334,8.007916450500488,30600,0.0,0.0
2021-03-26 00:00:00-04:00,8.003036257082364,8.276310411602454,7.954237068226285,8.02255630493164,25900,0.0,0.0
2021-03-29 00:00:00-04:00,7.9737578106787845,8.217752845446759,7.661443998637682,7.749282360076904,24500,0.0,0.0
2021-03-30 00:00:00-04:00,7.700483340468944,7.700483340468944,7.339370792568202,7.407689571380615,29600,0.0,0.0
2021-03-31 00:00:00-04:00,7.446728159159305,7.885919011192018,7.319850636435696,7.378409385681152,63100,0.0,0.0
2021-04-01 00:00:00-04:00,7.446728508272261,7.807841044907155,7.446728508272261,7.680963516235352,15900,0.0,0.0
2021-04-05 00:00:00-04:00,7.71024283142955,8.129914104080289,7.612644915160026,8.071355819702148,30300,0.0,0.0
2021-04-06 00:00:00-04:00,8.139674119154751,8.393429166550895,8.100634952691278,8.36414909362793,19900,0.0,0.0
2021-04-07 00:00:00-04:00,8.432468778195885,8.91069882531276,8.373909560025544,8.695982933044434,41600,0.0,0.0
2021-04-08 00:00:00-04:00,8.84238051489366,8.84238051489366,8.12991452571702,8.403188705444336,25700,0.0,0.0
2021-04-09 00:00:00-04:00,8.27631130971139,8.364149673030745,8.100635513839896,8.247032165527344,12700,0.0,0.0
2021-04-12 00:00:00-04:00,8.207993011279246,8.207993011279246,7.9932771150824475,8.100635528564453,16400,0.0,0.0
2021-04-13 00:00:00-04:00,8.032316153242498,8.100635396370844,7.846880335076293,7.963997840881348,15600,0.0,0.0
2021-04-14 00:00:00-04:00,7.954237866054239,8.370005991582033,7.876159528359923,8.32511043548584,11300,0.0,0.0
2021-04-15 00:00:00-04:00,8.451988238439792,8.510547458975267,8.149434902846997,8.305591583251953,35800,0.0,0.0
2021-04-16 00:00:00-04:00,8.305590872433083,8.332918196088468,8.139674181010685,8.286070823669434,21900,0.0,0.0
2021-04-19 00:00:00-04:00,8.227513382664501,8.286071673426436,8.003037452697754,8.003037452697754,27800,0.0,0.0
2021-04-20 00:00:00-04:00,8.012797034325253,8.188473758416436,7.895679528520199,7.963997840881348,19500,0.0,0.0
2021-04-21 00:00:00-04:00,7.973757863506138,8.539826273456752,7.963997838666631,8.256792068481445,64000,0.0,0.0
2021-04-22 00:00:00-04:00,8.491026954831261,8.491026954831261,8.182617248280874,8.266551971435547,34800,0.0,0.0
2021-04-23 00:00:00-04:00,8.334870850974445,8.334870850974445,8.064523919232776,8.295831680297852,23900,0.0,0.0
2021-04-26 00:00:00-04:00,8.334869922469764,8.998536680806621,8.334869922469764,8.88141918182373,68300,0.0,0.0
2021-04-27 00:00:00-04:00,8.979016944380419,8.987800594225217,8.62278442291184,8.783821105957031,35400,0.0,0.0
2021-04-28 00:00:00-04:00,8.813100499573823,9.203493118286133,8.78382135566974,9.203493118286133,37900,0.0,0.0
2021-04-29 00:00:00-04:00,9.047336312360438,9.379168776934698,8.98194526346021,9.359649658203125,34500,0.0,0.0
2021-04-30 00:00:00-04:00,9.54763309383053,9.572368461704214,9.250816227808786,9.458588600158691,66900,0.13,0.0
2021-05-03 00:00:00-04:00,9.646572638502581,9.785087867351631,9.210250752719542,9.75540542602539,34800,0.0,0.0
2021-05-04 00:00:00-04:00,9.775194154161186,9.775194154161186,9.320073746091975,9.646573066711426,28600,0.0,0.0
2021-05-05 00:00:00-04:00,9.626784828413218,9.636678976019537,9.379436799602297,9.478376388549805,14700,0.0,0.0
2021-05-06 00:00:00-04:00,9.488270098049304,9.488270098049304,9.250816227808786,9.458588600158691,22200,0.0,0.0
2021-05-07 00:00:00-04:00,9.389330342620628,9.389330342620628,9.171664770644364,9.344807624816895,13000,0.0,0.0
2021-05-10 00:00:00-04:00,9.300285019185837,9.646572618823122,9.280497668566513,9.626784324645996,53800,0.0,0.0
2021-05-11 00:00:00-04:00,9.626784383910703,9.636678531060177,9.359649015779572,9.458588600158691,25400,0.0,0.0
2021-05-12 00:00:00-04:00,9.280497651584442,9.338871798319223,8.836260261122007,9.008414268493652,19300,0.0,0.0
2021-05-13 00:00:00-04:00,9.092513167243363,9.23102840371823,8.953998874326349,9.181558609008789,37400,0.0,0.0
2021-05-14 00:00:00-04:00,9.310179697830197,9.389330991942163,8.953998874326349,9.181558609008789,24000,0.0,0.0
2021-05-17 00:00:00-04:00,9.290391948018517,9.547633171081543,9.052937132298918,9.547633171081543,17000,0.0,0.0
2021-05-18 00:00:00-04:00,9.577315976401772,10.289677619934082,9.468482239860393,10.289677619934082,62200,0.0,0.0
2021-05-19 00:00:00-04:00,10.210526323124308,10.329253263677167,9.755405912559427,10.161057472229004,29900,0.0,0.0
2021-05-20 00:00:00-04:00,10.052223205566406,10.141268642174257,9.860280903861288,10.052223205566406,11300,0.0,0.0
2021-05-21 00:00:00-04:00,10.062118174209328,10.388617506057948,9.98296687821923,10.25999641418457,17900,0.0,0.0
2021-05-24 00:00:00-04:00,10.279784690422451,10.685435317490157,9.953285359194403,10.002754211425781,14400,0.0,0.0
2021-05-25 00:00:00-04:00,10.042329195393222,10.492502514552088,9.893920761395416,9.973072052001953,45500,0.0,0.0
2021-05-26 00:00:00-04:00,9.97307219313716,10.626070821661001,9.90381504876579,10.576601028442383,40100,0.0,0.0
2021-05-27 00:00:00-04:00,10.70522185749864,10.734904298855001,10.072011538821128,10.309465408325195,31800,0.0,0.0
2021-05-28 00:00:00-04:00,10.823949536756196,10.942677423232514,9.794981754571772,10.042329788208008,116500,0.0,0.0
2021-06-01 00:00:00-04:00,10.04232911623368,10.626070587523865,9.943390475534304,10.43808650970459,53400,0.0,0.0
2021-06-02 00:00:00-04:00,10.408404917294401,10.78437306951743,10.408404917294401,10.774479866027832,19300,0.0,0.0
2021-06-03 00:00:00-04:00,10.576601113243655,10.97235851860788,10.424235394405,10.66564655303955,20400,0.0,0.0
2021-06-04 00:00:00-04:00,11.110872800749759,11.219706535339355,10.675540693064866,11.219706535339355,34900,0.0,0.0
2021-06-07 00:00:00-04:00,11.259282211889149,11.476948738098145,11.130661125654644,11.476948738098145,55500,0.0,0.0
2021-06-08 00:00:00-04:00,11.476948963978671,11.684721346822423,11.387903522251657,11.615463256835938,31500,0.0,0.0
2021-06-09 00:00:00-04:00,11.724296626291267,12.23878002166748,11.635251187355928,12.23878002166748,92800,0.0,0.0
2021-06-10 00:00:00-04:00,12.159628571677594,12.159628571677594,11.67482668107567,12.125,70300,0.0,0.0
2021-06-11 00:00:00-04:00,12.300000190734863,12.590999603271484,12.14900016784668,12.539999961853027,67900,0.13,0.0
2021-06-14 00:00:00-04:00,12.600000381469727,12.90999984741211,12.539999961853027,12.90999984741211,49100,0.0,0.0
2021-06-15 00:00:00-04:00,12.899999618530273,12.90999984741211,12.069999694824219,12.199999809265137,70100,0.0,0.0
2021-06-16 00:00:00-04:00,12.170000076293945,12.520000457763672,11.989999771118164,12.329999923706055,77900,0.0,0.0
2021-06-17 00:00:00-04:00,12.199999809265137,12.489999771118164,12.012999534606934,12.40999984741211,34400,0.0,0.0
2021-06-18 00:00:00-04:00,12.449999809265137,12.449999809265137,12.13700008392334,12.25,20200,0.0,0.0
2021-06-21 00:00:00-04:00,12.399999618530273,13.239999771118164,12.218000411987305,13.050000190734863,53700,0.0,0.0
2021-06-22 00:00:00-04:00,13.15999984741211,13.260000228881836,12.899999618530273,13.029999732971191,64800,0.0,0.0
2021-06-23 00:00:00-04:00,13.0,13.350000381469727,12.90999984741211,13.319999694824219,46400,0.0,0.0
2021-06-24 00:00:00-04:00,13.3100004196167,13.569999694824219,13.039999961853027,13.34000015258789,54000,0.0,0.0
2021-06-25 00:00:00-04:00,13.550000190734863,13.550000190734863,13.100000381469727,13.319999694824219,37700,0.0,0.0
2021-06-28 00:00:00-04:00,14.850000381469727,15.994999885559082,13.9399995803833,15.039999961853027,285500,0.0,0.0
2021-06-29 00:00:00-04:00,15.380000114440918,15.470000267028809,14.5,14.729999542236328,78100,0.0,0.0
2021-06-30 00:00:00-04:00,14.600000381469727,14.718000411987305,14.392999649047852,14.59000015258789,45000,0.0,0.0
2021-07-01 00:00:00-04:00,14.600000381469727,14.687000274658203,13.819999694824219,14.140000343322754,58600,0.0,0.0
2021-07-02 00:00:00-04:00,14.180000305175781,14.300000190734863,13.550000190734863,13.550000190734863,44700,0.0,0.0
2021-07-06 00:00:00-04:00,13.5,13.640000343322754,13.302000045776367,13.449999809265137,45100,0.0,0.0
2021-07-07 00:00:00-04:00,13.460000038146973,13.569999694824219,12.350000381469727,12.359999656677246,51500,0.0,0.0
2021-07-08 00:00:00-04:00,12.119999885559082,12.770000457763672,12.0,12.710000038146973,27800,0.0,0.0
2021-07-09 00:00:00-04:00,12.770000457763672,12.770000457763672,12.5,12.609999656677246,20000,0.0,0.0
2021-07-12 00:00:00-04:00,12.630000114440918,12.710000038146973,12.260000228881836,12.6899995803833,23500,0.0,0.0
2021-07-13 00:00:00-04:00,12.670000076293945,12.760000228881836,12.140000343322754,12.3100004196167,28600,0.0,0.0
2021-07-14 00:00:00-04:00,12.34000015258789,12.350000381469727,11.265000343322754,11.270000457763672,54000,0.0,0.0
2021-07-15 00:00:00-04:00,11.170000076293945,11.633999824523926,10.930000305175781,11.199999809265137,28300,0.0,0.0
2021-07-16 00:00:00-04:00,11.1899995803833,11.359999656677246,10.869999885559082,11.020000457763672,33200,0.0,0.0
2021-07-19 00:00:00-04:00,10.899999618530273,11.010000228881836,10.600000381469727,10.949999809265137,26600,0.0,0.0
2021-07-20 00:00:00-04:00,10.90999984741211,11.5,10.890000343322754,11.350000381469727,16300,0.0,0.0
2021-07-21 00:00:00-04:00,11.369999885559082,11.670000076293945,11.350000381469727,11.5,8600,0.0,0.0
2021-07-22 00:00:00-04:00,11.470000267028809,11.470000267028809,10.84000015258789,11.109999656677246,20600,0.0,0.0
2021-07-23 00:00:00-04:00,11.119999885559082,11.649999618530273,11.010000228881836,11.649999618530273,16400,0.0,0.0
2021-07-26 00:00:00-04:00,11.729999542236328,11.859999656677246,11.199999809265137,11.5600004196167,22100,0.0,0.0
2021-07-27 00:00:00-04:00,11.399999618530273,11.649999618530273,11.050000190734863,11.649999618530273,21700,0.0,0.0
2021-07-28 00:00:00-04:00,11.619999885559082,11.710000038146973,11.413999557495117,11.710000038146973,11700,0.0,0.0
2021-07-29 00:00:00-04:00,11.75,11.890000343322754,11.5,11.619999885559082,16300,0.0,0.0
2021-07-30 00:00:00-04:00,11.520000457763672,11.744999885559082,11.199999809265137,11.5600004196167,10800,0.0,0.0
2021-08-02 00:00:00-04:00,11.520000457763672,11.520000457763672,11.0,11.220000267028809,23700,0.0,0.0
2021-08-03 00:00:00-04:00,11.170000076293945,11.170000076293945,10.670000076293945,11.109999656677246,20500,0.0,0.0
2021-08-04 00:00:00-04:00,10.930000305175781,11.166000366210938,10.649999618530273,10.649999618530273,10900,0.0,0.0
2021-08-05 00:00:00-04:00,10.649999618530273,10.989999771118164,10.199999809265137,10.989999771118164,67700,0.0,0.0
2021-08-06 00:00:00-04:00,10.779999732971191,10.979999542236328,10.199999809265137,10.520000457763672,37600,0.0,0.0
2021-08-09 00:00:00-04:00,10.34000015258789,10.869999885559082,10.12399959564209,10.6899995803833,15100,0.0,0.0
2021-08-10 00:00:00-04:00,10.640000343322754,10.979999542236328,10.640000343322754,10.960000038146973,11400,0.0,0.0
2021-08-11 00:00:00-04:00,10.989999771118164,11.119999885559082,10.75,10.859999656677246,11800,0.0,0.0
2021-08-12 00:00:00-04:00,10.859999656677246,10.859999656677246,10.199999809265137,10.569999694824219,12100,0.0,0.0
2021-08-13 00:00:00-04:00,10.489999771118164,10.553999900817871,10.321000099182129,10.40999984741211,12600,0.0,0.0
2021-08-16 00:00:00-04:00,10.479999542236328,10.479999542236328,10.163000106811523,10.220000267028809,13200,0.0,0.0
2021-08-17 00:00:00-04:00,10.229999542236328,10.329999923706055,8.779999732971191,9.625,54000,0.0,0.0
2021-08-18 00:00:00-04:00,9.670000076293945,10.15999984741211,9.65999984741211,10.029999732971191,21400,0.0,0.0
2021-08-19 00:00:00-04:00,9.819999694824219,10.274999618530273,9.609000205993652,9.829999923706055,16300,0.0,0.0
2021-08-20 00:00:00-04:00,9.789999961853027,10.079999923706055,9.696000099182129,9.930000305175781,9400,0.0,0.0
2021-08-23 00:00:00-04:00,9.859999656677246,10.100000381469727,9.800000190734863,10.010000228881836,13900,0.0,0.0
2021-08-24 00:00:00-04:00,9.949999809265137,10.489999771118164,9.949999809265137,10.170000076293945,14400,0.0,0.0
2021-08-25 00:00:00-04:00,10.260000228881836,10.949999809265137,10.0,10.90999984741211,18500,0.0,0.0
2021-08-26 00:00:00-04:00,10.770000457763672,11.5,10.541999816894531,11.140000343322754,57200,0.0,0.0
2021-08-27 00:00:00-04:00,10.390000343322754,11.529999732971191,10.390000343322754,11.4399995803833,163000,0.0,0.0
2021-08-30 00:00:00-04:00,11.479999542236328,12.25,11.369999885559082,12.100000381469727,30000,0.0,0.0
2021-08-31 00:00:00-04:00,11.960000038146973,12.371999740600586,11.607999801635742,12.079999923706055,21500,0.0,0.0
2021-09-01 00:00:00-04:00,12.600000381469727,12.770000457763672,11.572999954223633,11.899999618530273,62700,0.0,0.0
2021-09-02 00:00:00-04:00,11.899999618530273,12.479999542236328,11.550000190734863,12.069999694824219,30500,0.0,0.0
2021-09-03 00:00:00-04:00,11.930000305175781,12.300000190734863,11.600000381469727,11.75,42400,0.0,0.0
2021-09-07 00:00:00-04:00,11.800000190734863,12.100000381469727,11.630000114440918,11.84000015258789,24000,0.0,0.0
2021-09-08 00:00:00-04:00,11.970000267028809,12.0600004196167,11.279999732971191,11.390000343322754,30300,0.0,0.0
2021-09-09 00:00:00-04:00,11.279999732971191,11.680000305175781,11.279999732971191,11.4399995803833,10300,0.0,0.0
2021-09-10 00:00:00-04:00,11.449999809265137,11.59000015258789,11.260000228881836,11.399999618530273,8600,0.0,0.0
2021-09-13 00:00:00-04:00,11.569999694824219,11.75,10.920000076293945,10.920000076293945,17600,0.0,0.0
2021-09-14 00:00:00-04:00,11.039999961853027,11.229999542236328,10.350000381469727,10.390000343322754,16000,0.0,0.0
2021-09-15 00:00:00-04:00,10.5,10.880000114440918,10.399999618530273,10.649999618530273,12900,0.0,0.0
2021-09-16 00:00:00-04:00,11.916000366210938,11.916000366210938,10.4350004196167,10.609999656677246,15500,0.0,0.0
2021-09-17 00:00:00-04:00,10.600000381469727,10.880000114440918,9.84000015258789,10.100000381469727,56700,0.0,0.0
2021-09-20 00:00:00-04:00,10.75,10.75,10.135000228881836,10.5,28700,0.0,0.0
2021-09-21 00:00:00-04:00,10.5600004196167,10.5600004196167,10.180000305175781,10.3100004196167,6200,0.0,0.0
2021-09-22 00:00:00-04:00,10.270000457763672,10.590999603271484,10.270000457763672,10.300000190734863,6500,0.0,0.0
2021-09-23 00:00:00-04:00,10.260000228881836,10.300000190734863,9.899999618530273,10.1899995803833,24700,0.0,0.0
2021-09-24 00:00:00-04:00,10.1899995803833,10.300000190734863,10.060999870300293,10.109999656677246,9700,0.0,0.0
2021-09-27 00:00:00-04:00,10.100000381469727,10.149999618530273,9.710000038146973,10.010000228881836,10500,0.0,0.0
2021-09-28 00:00:00-04:00,9.890000343322754,10.050000190734863,9.600000381469727,9.619999885559082,24300,0.0,0.0
2021-09-29 00:00:00-04:00,9.699999809265137,9.850000381469727,9.319999694824219,9.319999694824219,19300,0.0,0.0
2021-09-30 00:00:00-04:00,9.430000305175781,9.489999771118164,9.149999618530273,9.329999923706055,11600,0.0,0.0
2021-10-01 00:00:00-04:00,9.460000038146973,9.970000267028809,9.329999923706055,9.489999771118164,43600,0.0,0.0
2021-10-04 00:00:00-04:00,9.239999771118164,9.512999534606934,8.899999618530273,8.970000267028809,39100,0.0,0.0
2021-10-05 00:00:00-04:00,8.970000267028809,9.09000015258789,8.859999656677246,8.949999809265137,16900,0.0,0.0
2021-10-06 00:00:00-04:00,8.960000038146973,9.069999694824219,8.710000038146973,8.770000457763672,16200,0.0,0.0
2021-10-07 00:00:00-04:00,8.930000305175781,9.100000381469727,8.720000267028809,8.84000015258789,14200,0.0,0.0
2021-10-08 00:00:00-04:00,9.03499984741211,9.116000175476074,8.699999809265137,8.729999542236328,7100,0.0,0.0
2021-10-11 00:00:00-04:00,8.859999656677246,8.9399995803833,8.6899995803833,8.699999809265137,14100,0.0,0.0
2021-10-12 00:00:00-04:00,8.720000267028809,8.824999809265137,8.619999885559082,8.670000076293945,13300,0.0,0.0
2021-10-13 00:00:00-04:00,8.770000457763672,9.053000450134277,8.390000343322754,8.539999961853027,32100,0.0,0.0
2021-10-14 00:00:00-04:00,8.670000076293945,8.920000076293945,8.539999961853027,8.609999656677246,20800,0.0,0.0
2021-10-15 00:00:00-04:00,8.779999732971191,9.069999694824219,8.779999732971191,8.84000015258789,14300,0.0,0.0
2021-10-18 00:00:00-04:00,8.84000015258789,9.170999526977539,8.581000328063965,8.789999961853027,15800,0.0,0.0
2021-10-19 00:00:00-04:00,8.800000190734863,9.427000045776367,8.774999618530273,9.260000228881836,32900,0.0,0.0
2021-10-20 00:00:00-04:00,9.380000114440918,9.729999542236328,9.28600025177002,9.390000343322754,18600,0.0,0.0
2021-10-21 00:00:00-04:00,9.5,9.539999961853027,9.25,9.399999618530273,10900,0.0,0.0
2021-10-22 00:00:00-04:00,9.399999618530273,9.770000457763672,9.293000221252441,9.53499984741211,32300,0.0,0.0
2021-10-25 00:00:00-04:00,9.470000267028809,9.880000114440918,9.470000267028809,9.729999542236328,9900,0.0,0.0
2021-10-26 00:00:00-04:00,9.96399974822998,10.149999618530273,9.710000038146973,10.149999618530273,23100,0.0,0.0
2021-10-27 00:00:00-04:00,10.140000343322754,10.140000343322754,9.649999618530273,9.779999732971191,16000,0.0,0.0
2021-10-28 00:00:00-04:00,9.729999542236328,9.770000457763672,9.130000114440918,9.289999961853027,32700,0.0,0.0
2021-10-29 00:00:00-04:00,9.960000038146973,10.180000305175781,9.199999809265137,9.989999771118164,46000,0.0,0.0
2021-11-01 00:00:00-04:00,10.010000228881836,10.050000190734863,9.619999885559082,10.050000190734863,11100,0.0,0.0
2021-11-02 00:00:00-04:00,10.300000190734863,10.699999809265137,10.020000457763672,10.699999809265137,35400,0.0,0.0
2021-11-03 00:00:00-04:00,10.779999732971191,13.130000114440918,10.53499984741211,12.399999618530273,666900,0.0,0.0
2021-11-04 00:00:00-04:00,11.420000076293945,13.0,11.010000228881836,11.279999732971191,224900,0.0,0.0
2021-11-05 00:00:00-04:00,12.300000190734863,12.300000190734863,11.180000305175781,11.199999809265137,77500,0.0,0.0
2021-11-08 00:00:00-05:00,11.399999618530273,11.529999732971191,11.045000076293945,11.40999984741211,29700,0.0,0.0
2021-11-09 00:00:00-05:00,11.239999771118164,12.399999618530273,11.239999771118164,12.399999618530273,75900,0.0,0.0
2021-11-10 00:00:00-05:00,11.470000267028809,12.213000297546387,11.4399995803833,11.930000305175781,35600,0.0,0.0
2021-11-11 00:00:00-05:00,11.829999923706055,12.114999771118164,11.399999618530273,11.399999618530273,29000,0.0,0.0
2021-11-12 00:00:00-05:00,11.350000381469727,12.0,11.350000381469727,11.380000114440918,49100,0.0,0.0
2021-11-15 00:00:00-05:00,11.550000190734863,11.699999809265137,11.0600004196167,11.399999618530273,50900,0.0,0.0
2021-11-16 00:00:00-05:00,11.220000267028809,11.710000038146973,11.010000228881836,11.430000305175781,38900,0.0,0.0
2021-11-17 00:00:00-05:00,11.270000457763672,11.65999984741211,11.085000038146973,11.529999732971191,24100,0.0,0.0
2021-11-18 00:00:00-05:00,11.430000305175781,11.59000015258789,11.329999923706055,11.479999542236328,10100,0.0,0.0
2021-11-19 00:00:00-05:00,11.25,11.4399995803833,10.880000114440918,11.0,38000,0.0,0.0
2021-11-22 00:00:00-05:00,11.199999809265137,11.579999923706055,11.029999732971191,11.489999771118164,41500,0.0,0.0
2021-11-23 00:00:00-05:00,11.399999618530273,11.399999618530273,10.907999992370605,11.079999923706055,15700,0.0,0.0
2021-11-24 00:00:00-05:00,11.0600004196167,11.3100004196167,11.0,11.3100004196167,15200,0.0,0.0
2021-11-26 00:00:00-05:00,10.899999618530273,11.170000076293945,10.359999656677246,10.609999656677246,32900,0.0,0.0
2021-11-29 00:00:00-05:00,10.880000114440918,10.920000076293945,10.100000381469727,10.25,29500,0.0,0.0
2021-11-30 00:00:00-05:00,10.079999923706055,10.347000122070312,9.579999923706055,9.979999542236328,59700,0.0,0.0
2021-12-01 00:00:00-05:00,9.949999809265137,10.406000137329102,9.5,9.5,25900,0.0,0.0
2021-12-02 00:00:00-05:00,9.399999618530273,9.739999771118164,9.359999656677246,9.59000015258789,28900,0.0,0.0
2021-12-03 00:00:00-05:00,9.65999984741211,10.741000175476074,9.5,9.5,13600,0.0,0.0
2021-12-06 00:00:00-05:00,9.710000038146973,10.109999656677246,9.510000228881836,9.9399995803833,18400,0.0,0.0
2021-12-07 00:00:00-05:00,10.194999694824219,10.550000190734863,10.069999694824219,10.380000114440918,18500,0.0,0.0
2021-12-08 00:00:00-05:00,10.399999618530273,10.4399995803833,10.204000473022461,10.390000343322754,21000,0.0,0.0
2021-12-09 00:00:00-05:00,10.229999542236328,10.600000381469727,10.043999671936035,10.420000076293945,11600,0.0,0.0
2021-12-10 00:00:00-05:00,10.359999656677246,10.699999809265137,10.218999862670898,10.390000343322754,18200,0.0,0.0
2021-12-13 00:00:00-05:00,10.270000457763672,10.479999542236328,9.760000228881836,9.880000114440918,22200,0.0,0.0
2021-12-14 00:00:00-05:00,9.800000190734863,10.210000038146973,8.949999809265137,9.180000305175781,129400,0.0,0.0
2021-12-15 00:00:00-05:00,9.119999885559082,9.729999542236328,8.739999771118164,9.5,19800,0.0,0.0
2021-12-16 00:00:00-05:00,9.430000305175781,9.520000457763672,8.800000190734863,8.949999809265137,14000,0.0,0.0
2021-12-17 00:00:00-05:00,8.8100004196167,9.569000244140625,8.8100004196167,9.449999809265137,18200,0.0,0.0
2021-12-20 00:00:00-05:00,9.170000076293945,9.364999771118164,8.75,9.0,6200,0.0,0.0
2021-12-21 00:00:00-05:00,9.239999771118164,9.869999885559082,9.15999984741211,9.670000076293945,19900,0.0,0.0
2021-12-22 00:00:00-05:00,9.875,10.0,9.710000038146973,10.0,17300,0.0,0.0
2021-12-23 00:00:00-05:00,9.755000114440918,10.149999618530273,9.755000114440918,9.949999809265137,10200,0.0,0.0
2021-12-27 00:00:00-05:00,10.100000381469727,10.34000015258789,9.795999526977539,10.329999923706055,17000,0.0,0.0
2021-12-28 00:00:00-05:00,10.34000015258789,10.34000015258789,9.789999961853027,10.319999694824219,12300,0.0,0.0
2021-12-29 00:00:00-05:00,10.300000190734863,10.75,10.300000190734863,10.6899995803833,15100,0.0,0.0
2021-12-30 00:00:00-05:00,10.692999839782715,10.75,10.20300006866455,10.739999771118164,5600,0.0,0.0
2021-12-31 00:00:00-05:00,10.470000267028809,10.850000381469727,10.413000106811523,10.59000015258789,8600,0.0,0.0
2022-01-03 00:00:00-05:00,10.989999771118164,11.0,10.40999984741211,10.895000457763672,18300,0.0,0.0
2022-01-04 00:00:00-05:00,11.0,11.319999694824219,10.960000038146973,11.300000190734863,38600,0.0,0.0
2022-01-05 00:00:00-05:00,11.350000381469727,11.5,10.935999870300293,11.180000305175781,20100,0.0,0.0
2022-01-06 00:00:00-05:00,11.279999732971191,11.859999656677246,11.22700023651123,11.6899995803833,47500,0.0,0.0
2022-01-07 00:00:00-05:00,11.345999717712402,11.710000038146973,10.930000305175781,11.039999961853027,14700,0.0,0.0
2022-01-10 00:00:00-05:00,11.0,11.1899995803833,10.513999938964844,10.920000076293945,14000,0.0,0.0
2022-01-11 00:00:00-05:00,10.687999725341797,11.180000305175781,10.640999794006348,10.850000381469727,12100,0.0,0.0
2022-01-12 00:00:00-05:00,11.050000190734863,11.380999565124512,10.572999954223633,10.800000190734863,11900,0.0,0.0
2022-01-13 00:00:00-05:00,10.720000267028809,11.0,10.633000373840332,11.0,5400,0.0,0.0
2022-01-14 00:00:00-05:00,10.859999656677246,11.420000076293945,10.854999542236328,11.239999771118164,4900,0.0,0.0
2022-01-18 00:00:00-05:00,11.050000190734863,11.279999732971191,10.6899995803833,11.048999786376953,13100,0.0,0.0
2022-01-19 00:00:00-05:00,10.890000343322754,11.210000038146973,10.699999809265137,10.84000015258789,5900,0.0,0.0
2022-01-20 00:00:00-05:00,10.90999984741211,11.180000305175781,10.600000381469727,10.604999542236328,6300,0.0,0.0
2022-01-21 00:00:00-05:00,10.289999961853027,10.890000343322754,10.199999809265137,10.260000228881836,15100,0.0,0.0
2022-01-24 00:00:00-05:00,10.026000022888184,10.59000015258789,9.100000381469727,10.498000144958496,30500,0.0,0.0
2022-01-25 00:00:00-05:00,10.079999923706055,10.640000343322754,10.079999923706055,10.399999618530273,5100,0.0,0.0
2022-01-26 00:00:00-05:00,10.399999618530273,10.600000381469727,10.170000076293945,10.300000190734863,9200,0.0,0.0
2022-01-27 00:00:00-05:00,10.447999954223633,10.829999923706055,10.1899995803833,10.1899995803833,2900,0.0,0.0
2022-01-28 00:00:00-05:00,10.729999542236328,10.729999542236328,10.050000190734863,10.210000038146973,8000,0.0,0.0
2022-01-31 00:00:00-05:00,10.039999961853027,10.75,9.979999542236328,10.5600004196167,60700,0.0,0.0
2022-02-01 00:00:00-05:00,10.5600004196167,10.699999809265137,10.319999694824219,10.34000015258789,3600,0.0,0.0
2022-02-02 00:00:00-05:00,10.3100004196167,10.699999809265137,10.020000457763672,10.199999809265137,11000,0.0,0.0
2022-02-03 00:00:00-05:00,10.029999732971191,10.75,10.029999732971191,10.25,18500,0.0,0.0
2022-02-04 00:00:00-05:00,10.329999923706055,10.75,9.800000190734863,10.529999732971191,35400,0.0,0.0
2022-02-07 00:00:00-05:00,10.614999771118164,10.75,10.614999771118164,10.649999618530273,10600,0.0,0.0
2022-02-08 00:00:00-05:00,10.75,10.930000305175781,10.720999717712402,10.930000305175781,6500,0.0,0.0
2022-02-09 00:00:00-05:00,10.920999526977539,11.135000228881836,10.378999710083008,10.75,30700,0.0,0.0
2022-02-10 00:00:00-05:00,10.800000190734863,11.218000411987305,10.800000190734863,11.199999809265137,8400,0.0,0.0
2022-02-11 00:00:00-05:00,11.229999542236328,11.5,10.949999809265137,11.109999656677246,15000,0.0,0.0
2022-02-14 00:00:00-05:00,10.960000038146973,11.34000015258789,10.670000076293945,10.789999961853027,15300,0.0,0.0
2022-02-15 00:00:00-05:00,10.920000076293945,11.130000114440918,10.329999923706055,11.079999923706055,5800,0.0,0.0
2022-02-16 00:00:00-05:00,11.180000305175781,11.324999809265137,10.850000381469727,11.25,8200,0.0,0.0
2022-02-17 00:00:00-05:00,10.920000076293945,11.0,10.71500015258789,10.71500015258789,3900,0.0,0.0
2022-02-18 00:00:00-05:00,10.562000274658203,10.890000343322754,10.5600004196167,10.5600004196167,5800,0.0,0.0
2022-02-22 00:00:00-05:00,9.5,9.5,7.070000171661377,8.140000343322754,176900,0.0,0.0
2022-02-23 00:00:00-05:00,7.949999809265137,8.119999885559082,7.675000190734863,7.949999809265137,37200,0.0,0.0
2022-02-24 00:00:00-05:00,7.5,7.86299991607666,6.860000133514404,7.059999942779541,45500,0.0,0.0
2022-02-25 00:00:00-05:00,7.300000190734863,7.5879998207092285,7.130000114440918,7.510000228881836,18800,0.0,0.0
2022-02-28 00:00:00-05:00,7.630000114440918,7.860000133514404,7.239999771118164,7.369999885559082,24500,0.0,0.0
2022-03-01 00:00:00-05:00,7.650000095367432,7.650000095367432,7.184999942779541,7.340000152587891,22800,0.0,0.0
2022-03-02 00:00:00-05:00,7.349999904632568,7.690000057220459,7.349999904632568,7.480000019073486,10300,0.0,0.0
2022-03-03 00:00:00-05:00,7.5,7.769999980926514,7.409999847412109,7.550000190734863,27300,0.0,0.0
2022-03-04 00:00:00-05:00,7.449999809265137,7.650000095367432,7.335999965667725,7.349999904632568,6200,0.0,0.0
2022-03-07 00:00:00-05:00,7.5,7.5,7.110000133514404,7.110000133514404,11100,0.0,0.0
2022-03-08 00:00:00-05:00,7.25,7.736000061035156,7.239999771118164,7.489999771118164,11000,0.0,0.0
2022-03-09 00:00:00-05:00,7.550000190734863,7.659999847412109,7.400000095367432,7.5,14500,0.0,0.0
2022-03-10 00:00:00-05:00,7.5,7.688000202178955,7.409999847412109,7.559999942779541,16400,0.0,0.0
2022-03-11 00:00:00-05:00,7.639999866485596,7.639999866485596,7.300000190734863,7.3460001945495605,9800,0.0,0.0
2022-03-14 00:00:00-04:00,7.440000057220459,7.579999923706055,7.375,7.400000095367432,17200,0.0,0.0
2022-03-15 00:00:00-04:00,7.550000190734863,7.614999771118164,7.360000133514404,7.449999809265137,6300,0.0,0.0
2022-03-16 00:00:00-04:00,7.550000190734863,7.800000190734863,7.400000095367432,7.539999961853027,10000,0.0,0.0
2022-03-17 00:00:00-04:00,7.539999961853027,7.834000110626221,7.489999771118164,7.730000019073486,24900,0.0,0.0
2022-03-18 00:00:00-04:00,7.590000152587891,8.239999771118164,7.519999980926514,8.239999771118164,53200,0.0,0.0
2022-03-21 00:00:00-04:00,8.300000190734863,8.699999809265137,8.289999961853027,8.699999809265137,65700,0.0,0.0
2022-03-22 00:00:00-04:00,8.1899995803833,8.1899995803833,7.449999809265137,7.690000057220459,98300,0.0,0.0
2022-03-23 00:00:00-04:00,7.710000038146973,7.820000171661377,7.650000095367432,7.659999847412109,16900,0.0,0.0
2022-03-24 00:00:00-04:00,7.679999828338623,7.96999979019165,7.550000190734863,7.599999904632568,19000,0.0,0.0
2022-03-25 00:00:00-04:00,7.610000133514404,7.742000102996826,7.400000095367432,7.460000038146973,24300,0.0,0.0
2022-03-28 00:00:00-04:00,7.5,7.545000076293945,7.349999904632568,7.545000076293945,5400,0.0,0.0
2022-03-29 00:00:00-04:00,7.480000019073486,7.550000190734863,7.360000133514404,7.360000133514404,33600,0.0,0.0
2022-03-30 00:00:00-04:00,7.380000114440918,7.644999980926514,7.380000114440918,7.5,9000,0.0,0.0
2022-03-31 00:00:00-04:00,7.429999828338623,7.78000020980835,7.429999828338623,7.480000019073486,13800,0.0,0.0
2022-04-01 00:00:00-04:00,7.468999862670898,7.554999828338623,7.400000095367432,7.400000095367432,5100,0.0,0.0
2022-04-04 00:00:00-04:00,7.539999961853027,7.539999961853027,7.420000076293945,7.449999809265137,4600,0.0,0.0
2022-04-05 00:00:00-04:00,7.519999980926514,7.519999980926514,7.400000095367432,7.429999828338623,9500,0.0,0.0
2022-04-06 00:00:00-04:00,7.349999904632568,7.420000076293945,7.150000095367432,7.199999809265137,11300,0.0,0.0
2022-04-07 00:00:00-04:00,7.300000190734863,7.440000057220459,7.099999904632568,7.150000095367432,5600,0.0,0.0
2022-04-08 00:00:00-04:00,7.210000038146973,7.210000038146973,6.659999847412109,6.75,39900,0.0,0.0
2022-04-11 00:00:00-04:00,6.900000095367432,6.900000095367432,6.5289998054504395,6.5980000495910645,22600,0.0,0.0
2022-04-12 00:00:00-04:00,6.369999885559082,6.650000095367432,6.150000095367432,6.150000095367432,15400,0.0,0.0
2022-04-13 00:00:00-04:00,6.090000152587891,6.139999866485596,5.550000190734863,5.559999942779541,44900,0.0,0.0
2022-04-14 00:00:00-04:00,5.619999885559082,6.059999942779541,5.573999881744385,6.059999942779541,34300,0.0,0.0
2022-04-18 00:00:00-04:00,5.940000057220459,5.980000019073486,5.75,5.820000171661377,12300,0.0,0.0
2022-04-19 00:00:00-04:00,5.929999828338623,6.059000015258789,5.5929999351501465,5.650000095367432,24200,0.0,0.0
2022-04-20 00:00:00-04:00,5.579999923706055,6.190000057220459,5.579999923706055,5.697000026702881,16500,0.0,0.0
2022-04-21 00:00:00-04:00,5.630000114440918,5.7210001945495605,5.46999979019165,5.5,23300,0.0,0.0
2022-04-22 00:00:00-04:00,5.610000133514404,6.340000152587891,5.574999809265137,6.130000114440918,26500,0.0,0.0
2022-04-25 00:00:00-04:00,6.170000076293945,6.269999980926514,5.880000114440918,6.0,17800,0.0,0.0
2022-04-26 00:00:00-04:00,6.099999904632568,6.099999904632568,5.723999977111816,5.75,31400,0.0,0.0
2022-04-27 00:00:00-04:00,5.909999847412109,6.070000171661377,5.71999979019165,5.869999885559082,19600,0.0,0.0
2022-04-28 00:00:00-04:00,5.96999979019165,5.96999979019165,5.699999809265137,5.75,33500,0.0,0.0
2022-04-29 00:00:00-04:00,5.802000045776367,5.986999988555908,5.679999828338623,5.949999809265137,5500,0.0,0.0
2022-05-02 00:00:00-04:00,5.769999980926514,6.01800012588501,5.739999771118164,5.829999923706055,44300,0.0,0.0
2022-05-03 00:00:00-04:00,6.159999847412109,6.329999923706055,5.89300012588501,6.295000076293945,7900,0.0,0.0
2022-05-04 00:00:00-04:00,6.349999904632568,6.5,6.090000152587891,6.25,16300,0.0,0.0
2022-05-05 00:00:00-04:00,6.260000228881836,6.360000133514404,6.110000133514404,6.119999885559082,7200,0.0,0.0
2022-05-06 00:00:00-04:00,6.150000095367432,6.525000095367432,5.925000190734863,6.0,24400,0.0,0.0
2022-05-09 00:00:00-04:00,6.0,6.239999771118164,5.890999794006348,6.103000164031982,19800,0.0,0.0
2022-05-10 00:00:00-04:00,6.010000228881836,6.21999979019165,5.913000106811523,6.03000020980835,14800,0.0,0.0
2022-05-11 00:00:00-04:00,5.940000057220459,6.239999771118164,5.940000057220459,6.139999866485596,22900,0.0,0.0
2022-05-12 00:00:00-04:00,6.0,6.170000076293945,5.8429999351501465,6.0,42100,0.0,0.0
2022-05-13 00:00:00-04:00,5.900000095367432,6.839000225067139,5.900000095367432,6.71999979019165,49800,0.0,0.0
2022-05-16 00:00:00-04:00,6.71999979019165,6.889999866485596,6.510000228881836,6.889999866485596,14100,0.0,0.0
2022-05-17 00:00:00-04:00,6.71999979019165,6.71999979019165,6.25,6.71999979019165,31800,0.0,0.0
2022-05-18 00:00:00-04:00,6.590000152587891,6.699999809265137,6.360000133514404,6.559999942779541,5300,0.0,0.0
2022-05-19 00:00:00-04:00,6.449999809265137,6.449999809265137,6.0,6.0,23600,0.0,0.0
2022-05-20 00:00:00-04:00,5.795000076293945,6.110000133514404,5.795000076293945,5.860000133514404,12100,0.0,0.0
2022-05-23 00:00:00-04:00,5.820000171661377,6.099999904632568,5.76200008392334,5.829999923706055,29000,0.0,0.0
2022-05-24 00:00:00-04:00,5.760000228881836,5.889999866485596,5.5,5.610000133514404,30700,0.0,0.0
2022-05-25 00:00:00-04:00,5.670000076293945,5.989999771118164,5.619999885559082,5.639999866485596,27300,0.0,0.0
2022-05-26 00:00:00-04:00,6.369999885559082,6.609000205993652,6.0,6.329999923706055,66500,0.0,0.0
2022-05-27 00:00:00-04:00,6.71999979019165,7.0,6.460000038146973,6.619999885559082,59200,0.0,0.0
2022-05-31 00:00:00-04:00,6.989999771118164,6.989999771118164,6.610000133514404,6.940000057220459,13300,0.0,0.0
2022-06-01 00:00:00-04:00,7.070000171661377,7.0879998207092285,6.650000095367432,6.800000190734863,15200,0.0,0.0
2022-06-02 00:00:00-04:00,6.900000095367432,7.25,6.729000091552734,7.070000171661377,13800,0.0,0.0
2022-06-03 00:00:00-04:00,7.059999942779541,7.232999801635742,6.909999847412109,6.994999885559082,19600,0.0,0.0
2022-06-06 00:00:00-04:00,7.0,7.125,6.820000171661377,7.119999885559082,9700,0.0,0.0
2022-06-07 00:00:00-04:00,7.0,7.199999809265137,6.849999904632568,7.0,11100,0.0,0.0
2022-06-08 00:00:00-04:00,7.03000020980835,7.039999961853027,6.510000228881836,6.800000190734863,15400,0.0,0.0
2022-06-09 00:00:00-04:00,6.929999828338623,7.110000133514404,6.927999973297119,7.050000190734863,4800,0.0,0.0
2022-06-10 00:00:00-04:00,6.849999904632568,6.980000019073486,6.730000019073486,6.880000114440918,11500,0.0,0.0
2022-06-13 00:00:00-04:00,6.599999904632568,6.599999904632568,6.099999904632568,6.110000133514404,28000,0.0,0.0
2022-06-14 00:00:00-04:00,6.210000038146973,6.829999923706055,6.210000038146973,6.360000133514404,4200,0.0,0.0
2022-06-15 00:00:00-04:00,6.349999904632568,7.110000133514404,6.349999904632568,7.039999961853027,30300,0.0,0.0
2022-06-16 00:00:00-04:00,6.953999996185303,7.139999866485596,6.849999904632568,7.139999866485596,15800,0.0,0.0
2022-06-17 00:00:00-04:00,7.079999923706055,7.079999923706055,7.0,7.050000190734863,14300,0.0,0.0
2022-06-21 00:00:00-04:00,7.170000076293945,7.190000057220459,6.980000019073486,7.190000057220459,5100,0.0,0.0
2022-06-22 00:00:00-04:00,7.173999786376953,7.224999904632568,7.117000102996826,7.159999847412109,3500,0.0,0.0
2022-06-23 00:00:00-04:00,7.03000020980835,7.25,7.03000020980835,7.150000095367432,2700,0.0,0.0
2022-06-24 00:00:00-04:00,7.25,7.349999904632568,7.0920000076293945,7.269999980926514,9700,0.0,0.0
2022-06-27 00:00:00-04:00,7.28000020980835,7.585999965667725,7.28000020980835,7.579999923706055,3900,0.0,0.0
2022-06-28 00:00:00-04:00,7.579999923706055,7.949999809265137,7.579999923706055,7.860000133514404,17900,0.0,0.0
2022-06-29 00:00:00-04:00,7.809999942779541,7.840000152587891,7.718999862670898,7.75,3400,0.0,0.0
2022-06-30 00:00:00-04:00,7.739999771118164,7.739999771118164,7.010000228881836,7.449999809265137,11200,0.0,0.0
2022-07-01 00:00:00-04:00,7.599999904632568,7.72599983215332,7.400000095367432,7.5,6500,0.0,0.0
2022-07-05 00:00:00-04:00,7.5,7.889999866485596,7.5,7.659999847412109,5200,0.0,0.0
2022-07-06 00:00:00-04:00,7.840000152587891,7.840000152587891,7.650000095367432,7.71999979019165,2900,0.0,0.0
2022-07-07 00:00:00-04:00,7.71999979019165,7.809999942779541,7.449999809265137,7.550000190734863,4600,0.0,0.0
2022-07-08 00:00:00-04:00,7.5,7.820000171661377,7.489999771118164,7.710000038146973,3100,0.0,0.0
2022-07-11 00:00:00-04:00,7.659999847412109,7.761000156402588,7.550000190734863,7.550000190734863,2700,0.0,0.0
2022-07-12 00:00:00-04:00,7.550000190734863,7.75,7.550000190734863,7.650000095367432,1300,0.0,0.0
2022-07-13 00:00:00-04:00,7.465000152587891,7.75,7.465000152587891,7.650000095367432,3200,0.0,0.0
2022-07-14 00:00:00-04:00,7.590000152587891,7.71999979019165,7.534999847412109,7.550000190734863,2400,0.0,0.0
2022-07-15 00:00:00-04:00,7.75,7.75,7.550000190734863,7.550000190734863,11100,0.0,0.0
2022-07-18 00:00:00-04:00,7.710000038146973,7.840000152587891,7.64900016784668,7.699999809265137,14100,0.0,0.0
2022-07-19 00:00:00-04:00,7.760000228881836,7.840000152587891,7.715000152587891,7.715000152587891,2500,0.0,0.0
2022-07-20 00:00:00-04:00,7.659999847412109,8.449999809265137,7.659999847412109,8.289999961853027,44800,0.0,0.0
2022-07-21 00:00:00-04:00,9.039999961853027,9.039999961853027,8.25,8.40999984741211,22200,0.0,0.0
2022-07-22 00:00:00-04:00,8.3100004196167,8.6899995803833,8.300000190734863,8.680000305175781,18800,0.0,0.0
2022-07-25 00:00:00-04:00,8.699999809265137,8.699999809265137,8.42300033569336,8.619999885559082,8500,0.0,0.0
2022-07-26 00:00:00-04:00,8.609999656677246,8.609999656677246,8.470000267028809,8.529999732971191,13000,0.0,0.0
2022-07-27 00:00:00-04:00,8.300000190734863,8.529999732971191,8.093999862670898,8.489999771118164,6900,0.0,0.0
2022-07-28 00:00:00-04:00,8.430000305175781,9.0,8.430000305175781,9.0,23200,0.0,0.0
2022-07-29 00:00:00-04:00,8.989999771118164,8.989999771118164,8.6899995803833,8.800000190734863,22000,0.0,0.0
2022-08-01 00:00:00-04:00,8.694999694824219,9.25,8.649999618530273,8.899999618530273,40700,0.0,0.0
2022-08-02 00:00:00-04:00,8.789999961853027,9.017000198364258,8.699999809265137,8.845000267028809,12400,0.0,0.0
2022-08-03 00:00:00-04:00,8.930000305175781,8.960000038146973,8.630999565124512,8.857999801635742,12400,0.0,0.0
2022-08-04 00:00:00-04:00,8.90999984741211,8.90999984741211,8.720000267028809,8.890000343322754,8000,0.0,0.0
2022-08-05 00:00:00-04:00,8.869999885559082,9.73900032043457,8.857999801635742,9.600000381469727,59400,0.0,0.0
2022-08-08 00:00:00-04:00,9.989999771118164,10.0,9.479999542236328,9.680000305175781,41600,0.0,0.0
2022-08-09 00:00:00-04:00,9.65999984741211,9.6899995803833,9.25100040435791,9.479999542236328,34400,0.0,0.0
2022-08-10 00:00:00-04:00,9.510000228881836,9.66100025177002,9.1899995803833,9.449999809265137,12900,0.0,0.0
2022-08-11 00:00:00-04:00,9.630000114440918,9.66100025177002,9.25,9.619999885559082,21900,0.0,0.0
2022-08-12 00:00:00-04:00,9.510000228881836,9.949999809265137,9.493000030517578,9.899999618530273,34100,0.0,0.0
2022-08-15 00:00:00-04:00,9.800000190734863,9.803999900817871,9.199999809265137,9.550000190734863,28300,0.0,0.0
2022-08-16 00:00:00-04:00,9.279999732971191,9.529999732971191,9.0,9.170000076293945,15100,0.0,0.0
2022-08-17 00:00:00-04:00,9.0600004196167,9.199999809265137,8.760000228881836,8.907999992370605,9800,0.0,0.0
2022-08-18 00:00:00-04:00,8.800000190734863,8.885000228881836,8.649999618530273,8.869999885559082,11600,0.0,0.0
2022-08-19 00:00:00-04:00,8.760000228881836,8.835000038146973,8.651000022888184,8.765000343322754,4600,0.0,0.0
2022-08-22 00:00:00-04:00,8.600000381469727,8.989999771118164,8.449999809265137,8.946000099182129,9300,0.0,0.0
2022-08-23 00:00:00-04:00,8.8149995803833,8.960000038146973,8.71500015258789,8.911999702453613,5900,0.0,0.0
2022-08-24 00:00:00-04:00,8.729999542236328,9.0,8.729999542236328,9.0,6400,0.0,0.0
2022-08-25 00:00:00-04:00,8.920000076293945,9.034000396728516,8.800999641418457,8.920000076293945,4300,0.0,0.0
2022-08-26 00:00:00-04:00,8.899999618530273,9.109999656677246,8.670000076293945,8.670000076293945,9400,0.0,0.0
2022-08-29 00:00:00-04:00,8.800000190734863,8.800000190734863,8.180000305175781,8.630000114440918,14500,0.0,0.0
2022-08-30 00:00:00-04:00,8.75,8.75,8.15999984741211,8.430000305175781,8900,0.0,0.0
2022-08-31 00:00:00-04:00,8.345000267028809,8.5600004196167,8.289999961853027,8.470000267028809,7700,0.0,0.0
2022-09-01 00:00:00-04:00,8.550000190734863,9.017999649047852,8.380000114440918,8.550000190734863,9200,0.0,0.0
2022-09-02 00:00:00-04:00,8.744999885559082,8.833999633789062,8.460000038146973,8.75,7700,0.0,0.0
2022-09-06 00:00:00-04:00,8.694999694824219,8.75,8.493000030517578,8.579999923706055,4200,0.0,0.0
2022-09-07 00:00:00-04:00,8.470000267028809,8.710000038146973,8.3100004196167,8.3100004196167,12900,0.0,0.0
2022-09-08 00:00:00-04:00,8.390999794006348,8.59000015258789,8.239999771118164,8.40999984741211,3000,0.0,0.0
2022-09-09 00:00:00-04:00,8.520000457763672,8.717000007629395,8.520000457763672,8.6899995803833,5500,0.0,0.0
2022-09-12 00:00:00-04:00,8.739999771118164,8.739999771118164,8.520000457763672,8.600000381469727,7500,0.0,0.0
2022-09-13 00:00:00-04:00,8.6899995803833,8.6899995803833,8.520999908447266,8.609999656677246,2900,0.0,0.0
2022-09-14 00:00:00-04:00,8.699999809265137,8.699999809265137,8.5,8.520000457763672,4800,0.0,0.0
2022-09-15 00:00:00-04:00,8.460000038146973,8.760000228881836,8.460000038146973,8.760000228881836,3200,0.0,0.0
2022-09-16 00:00:00-04:00,8.760000228881836,8.760000228881836,8.46399974822998,8.59000015258789,7100,0.0,0.0
2022-09-19 00:00:00-04:00,8.449999809265137,8.510000228881836,8.300000190734863,8.510000228881836,3500,0.0,0.0
2022-09-20 00:00:00-04:00,8.5,8.5,8.430000305175781,8.5,2800,0.0,0.0
2022-09-21 00:00:00-04:00,8.579999923706055,8.6899995803833,8.319999694824219,8.595000267028809,3500,0.0,0.0
2022-09-22 00:00:00-04:00,8.5,8.739999771118164,8.5,8.550000190734863,8800,0.0,0.0
2022-09-23 00:00:00-04:00,8.34000015258789,8.420000076293945,7.909999847412109,7.980000019073486,6300,0.0,0.0
2022-09-26 00:00:00-04:00,8.010000228881836,8.010000228881836,7.510000228881836,7.702000141143799,18200,0.0,0.0
2022-09-27 00:00:00-04:00,7.699999809265137,7.699999809265137,7.260000228881836,7.349999904632568,5600,0.0,0.0
2022-09-28 00:00:00-04:00,7.260000228881836,7.559999942779541,7.260000228881836,7.550000190734863,3200,0.0,0.0
2022-09-29 00:00:00-04:00,7.460000038146973,7.599999904632568,7.198999881744385,7.302000045776367,3300,0.0,0.0
2022-09-30 00:00:00-04:00,7.35099983215332,7.46999979019165,7.35099983215332,7.409999847412109,3700,0.0,0.0
2022-10-03 00:00:00-04:00,7.570000171661377,7.630000114440918,7.300000190734863,7.505000114440918,8400,0.0,0.0
2022-10-04 00:00:00-04:00,7.619999885559082,7.75,7.480000019073486,7.690000057220459,5700,0.0,0.0
2022-10-05 00:00:00-04:00,7.579999923706055,7.809999942779541,7.568999767303467,7.659999847412109,8200,0.0,0.0
2022-10-06 00:00:00-04:00,7.763999938964844,7.821000099182129,7.739999771118164,7.800000190734863,10500,0.0,0.0
2022-10-07 00:00:00-04:00,7.789999961853027,7.789999961853027,7.269999980926514,7.5,5200,0.0,0.0
2022-10-10 00:00:00-04:00,7.440000057220459,7.590000152587891,7.164999961853027,7.28000020980835,3100,0.0,0.0
2022-10-11 00:00:00-04:00,7.119999885559082,7.139999866485596,6.908999919891357,7.039999961853027,8100,0.0,0.0
2022-10-12 00:00:00-04:00,6.760000228881836,7.118000030517578,6.739999771118164,6.760000228881836,8200,0.0,0.0
2022-10-13 00:00:00-04:00,6.800000190734863,6.940000057220459,6.710000038146973,6.940000057220459,2300,0.0,0.0
2022-10-14 00:00:00-04:00,6.929999828338623,7.11299991607666,6.914999961853027,6.914999961853027,2600,0.0,0.0
2022-10-17 00:00:00-04:00,7.059999942779541,7.139999866485596,6.949999809265137,7.039999961853027,4300,0.0,0.0
2022-10-18 00:00:00-04:00,7.119999885559082,7.119999885559082,6.949999809265137,7.119999885559082,4700,0.0,0.0
2022-10-19 00:00:00-04:00,7.099999904632568,7.150000095367432,6.960000038146973,6.960000038146973,9200,0.0,0.0
2022-10-20 00:00:00-04:00,6.742000102996826,7.139999866485596,6.742000102996826,7.025000095367432,8500,0.0,0.0
2022-10-21 00:00:00-04:00,7.0960001945495605,7.0960001945495605,6.616000175476074,6.78000020980835,11900,0.0,0.0
2022-10-24 00:00:00-04:00,6.8480000495910645,7.190000057220459,6.564000129699707,6.789999961853027,2500,0.0,0.0
2022-10-25 00:00:00-04:00,6.860000133514404,6.980000019073486,6.75,6.860000133514404,3600,0.0,0.0
2022-10-26 00:00:00-04:00,7.440000057220459,7.800000190734863,7.2230000495910645,7.599999904632568,54500,0.0,0.0
2022-10-27 00:00:00-04:00,7.789999961853027,8.0,7.46999979019165,8.0,19300,0.0,0.0
2022-10-28 00:00:00-04:00,8.0,8.100000381469727,7.800000190734863,8.020000457763672,21400,0.0,0.0
2022-10-31 00:00:00-04:00,7.960000038146973,8.484999656677246,7.960000038146973,8.3100004196167,35400,0.0,0.0
2022-11-01 00:00:00-04:00,8.239999771118164,8.277999877929688,7.835999965667725,8.069999694824219,11100,0.0,0.0
2022-11-02 00:00:00-04:00,8.020000457763672,8.069999694824219,7.449999809265137,7.510000228881836,13100,0.0,0.0
2022-11-03 00:00:00-04:00,7.650000095367432,7.789999961853027,7.400000095367432,7.510000228881836,19800,0.0,0.0
2022-11-04 00:00:00-04:00,7.949999809265137,8.144000053405762,7.579999923706055,7.699999809265137,43500,0.0,0.0
2022-11-07 00:00:00-05:00,7.320000171661377,7.4710001945495605,7.159999847412109,7.230000019073486,35300,0.0,0.0
2022-11-08 00:00:00-05:00,7.329999923706055,7.419000148773193,7.059999942779541,7.090000152587891,11100,0.0,0.0
2022-11-09 00:00:00-05:00,7.099999904632568,7.230000019073486,6.880000114440918,7.0,44800,0.0,0.0
2022-11-10 00:00:00-05:00,7.0,7.199999809265137,6.9679999351501465,7.090000152587891,14500,0.0,0.0
2022-11-11 00:00:00-05:00,7.199999809265137,7.400000095367432,7.010000228881836,7.300000190734863,11600,0.0,0.0
2022-11-14 00:00:00-05:00,7.170000076293945,7.690000057220459,7.099999904632568,7.159999847412109,19200,0.0,0.0
2022-11-15 00:00:00-05:00,7.0,7.3979997634887695,6.900000095367432,6.900000095367432,22900,0.0,0.0
2022-11-16 00:00:00-05:00,7.0,7.119999885559082,6.510000228881836,6.760000228881836,29100,0.0,0.0
2022-11-17 00:00:00-05:00,6.849999904632568,6.849999904632568,6.340000152587891,6.557000160217285,22200,0.0,0.0
2022-11-18 00:00:00-05:00,6.5,6.5,6.329999923706055,6.429999828338623,9400,0.0,0.0
2022-11-21 00:00:00-05:00,6.5,6.973999977111816,6.400000095367432,6.639999866485596,10400,0.0,0.0
2022-11-22 00:00:00-05:00,6.758999824523926,7.0,6.570000171661377,6.630000114440918,13800,0.0,0.0
2022-11-23 00:00:00-05:00,6.75,6.959000110626221,6.619999885559082,6.934999942779541,3400,0.0,0.0
2022-11-25 00:00:00-05:00,6.840000152587891,6.855000019073486,6.71999979019165,6.855000019073486,700,0.0,0.0
2022-11-28 00:00:00-05:00,6.699999809265137,6.949999809265137,6.679999828338623,6.860000133514404,3000,0.0,0.0
2022-11-29 00:00:00-05:00,6.869999885559082,7.0,6.579999923706055,6.75,6300,0.0,0.0
2022-11-30 00:00:00-05:00,6.699999809265137,6.900000095367432,6.699999809265137,6.849999904632568,6400,0.0,0.0
2022-12-01 00:00:00-05:00,6.829999923706055,6.98199987411499,6.735000133514404,6.849999904632568,10100,0.0,0.0
2022-12-02 00:00:00-05:00,6.730000019073486,7.0,6.730000019073486,6.800000190734863,12400,0.0,0.0
2022-12-05 00:00:00-05:00,6.75,6.880000114440918,6.400000095367432,6.400000095367432,15000,0.0,0.0
2022-12-06 00:00:00-05:00,6.420000076293945,6.570000171661377,5.800000190734863,5.900000095367432,26000,0.0,0.0
2022-12-07 00:00:00-05:00,5.809999942779541,6.099999904632568,5.809999942779541,5.980000019073486,15600,0.0,0.0
2022-12-08 00:00:00-05:00,6.081999778747559,6.380000114440918,6.074999809265137,6.260000228881836,9900,0.0,0.0
2022-12-09 00:00:00-05:00,6.440000057220459,6.440000057220459,6.139999866485596,6.300000190734863,8500,0.0,0.0
2022-12-12 00:00:00-05:00,6.300000190734863,6.440000057220459,6.131999969482422,6.289999961853027,12300,0.0,0.0
2022-12-13 00:00:00-05:00,6.420000076293945,6.420000076293945,5.610000133514404,6.179999828338623,82900,0.0,0.0
2022-12-14 00:00:00-05:00,6.119999885559082,6.239999771118164,5.980000019073486,6.090000152587891,11200,0.0,0.0
2022-12-15 00:00:00-05:00,6.050000190734863,6.468999862670898,5.849999904632568,5.929999828338623,20300,0.0,0.0
2022-12-16 00:00:00-05:00,5.929999828338623,6.065000057220459,5.760000228881836,5.900000095367432,20500,0.0,0.0
2022-12-19 00:00:00-05:00,6.190000057220459,6.190000057220459,5.559999942779541,5.579999923706055,11000,0.0,0.0
2022-12-20 00:00:00-05:00,5.875,5.875,5.409999847412109,5.5,17600,0.0,0.0
2022-12-21 00:00:00-05:00,5.489999771118164,5.581999778747559,5.409999847412109,5.519999980926514,23400,0.0,0.0
2022-12-22 00:00:00-05:00,5.519999980926514,5.732999801635742,5.519999980926514,5.610000133514404,5100,0.0,0.0
2022-12-23 00:00:00-05:00,5.610000133514404,5.730999946594238,5.5,5.519999980926514,11000,0.0,0.0
2022-12-27 00:00:00-05:00,5.53000020980835,5.534999847412109,5.414999961853027,5.489999771118164,7900,0.0,0.0
2022-12-28 00:00:00-05:00,5.429999828338623,5.5,4.909999847412109,4.909999847412109,42000,0.0,0.0
2022-12-29 00:00:00-05:00,4.929999828338623,5.019999980926514,4.760000228881836,4.880000114440918,21900,0.0,0.0
2022-12-30 00:00:00-05:00,4.829999923706055,5.03000020980835,4.730000019073486,4.947000026702881,15300,0.0,0.0
2023-01-03 00:00:00-05:00,4.900000095367432,5.300000190734863,4.900000095367432,5.300000190734863,17000,0.0,0.0
2023-01-04 00:00:00-05:00,5.199999809265137,5.715000152587891,5.199999809265137,5.670000076293945,27200,0.0,0.0
2023-01-05 00:00:00-05:00,5.670000076293945,5.75,5.300000190734863,5.75,10500,0.0,0.0
2023-01-06 00:00:00-05:00,5.75,5.900000095367432,5.639999866485596,5.900000095367432,17300,0.0,0.0
2023-01-09 00:00:00-05:00,6.190000057220459,6.360000133514404,6.025000095367432,6.289999961853027,14200,0.0,0.0
2023-01-10 00:00:00-05:00,6.349999904632568,6.5,6.190000057220459,6.480000019073486,7900,0.0,0.0
2023-01-11 00:00:00-05:00,6.650000095367432,6.670000076293945,6.480000019073486,6.639999866485596,11100,0.0,0.0
2023-01-12 00:00:00-05:00,6.639999866485596,6.639999866485596,6.357999801635742,6.480000019073486,9400,0.0,0.0
2023-01-13 00:00:00-05:00,6.519999980926514,6.519999980926514,6.210000038146973,6.34499979019165,34200,0.0,0.0
2023-01-17 00:00:00-05:00,6.440000057220459,6.699999809265137,6.260000228881836,6.619999885559082,17700,0.0,0.0
2023-01-18 00:00:00-05:00,6.75,6.75,6.559999942779541,6.599999904632568,3100,0.0,0.0
2023-01-19 00:00:00-05:00,6.5,6.590000152587891,6.449999809265137,6.510000228881836,3300,0.0,0.0
2023-01-20 00:00:00-05:00,6.550000190734863,6.690999984741211,6.460000038146973,6.540999889373779,15700,0.0,0.0
2023-01-23 00:00:00-05:00,6.550000190734863,6.77400016784668,6.539999961853027,6.553999900817871,8100,0.0,0.0
2023-01-24 00:00:00-05:00,6.550000190734863,7.054999828338623,6.550000190734863,7.03000020980835,15200,0.0,0.0
2023-01-25 00:00:00-05:00,6.889999866485596,6.974999904632568,6.710000038146973,6.959000110626221,5700,0.0,0.0
2023-01-26 00:00:00-05:00,7.0,7.0,6.710000038146973,6.960000038146973,9000,0.0,0.0
2023-01-27 00:00:00-05:00,6.960000038146973,6.960000038146973,6.690000057220459,6.789999961853027,8200,0.0,0.0
2023-01-30 00:00:00-05:00,6.820000171661377,6.849999904632568,6.619999885559082,6.639999866485596,12300,0.0,0.0
2023-01-31 00:00:00-05:00,6.639999866485596,6.747000217437744,6.610000133514404,6.695000171661377,4700,0.0,0.0
2023-02-01 00:00:00-05:00,6.829999923706055,7.0,6.735000133514404,6.949999809265137,18300,0.0,0.0
2023-02-02 00:00:00-05:00,6.949999809265137,7.25,6.599999904632568,7.109000205993652,25900,0.0,0.0
2023-02-03 00:00:00-05:00,6.964000225067139,7.2220001220703125,6.964000225067139,7.099999904632568,5300,0.0,0.0
2023-02-06 00:00:00-05:00,7.510000228881836,7.510000228881836,7.179999828338623,7.480000019073486,10900,0.0,0.0
2023-02-07 00:00:00-05:00,7.489999771118164,7.59499979019165,7.349999904632568,7.59499979019165,10600,0.0,0.0
2023-02-08 00:00:00-05:00,7.610000133514404,7.75,7.510000228881836,7.539999961853027,14300,0.0,0.0
2023-02-09 00:00:00-05:00,7.5,7.5,7.050000190734863,7.21999979019165,18200,0.0,0.0
2023-02-10 00:00:00-05:00,7.369999885559082,7.920000076293945,7.239999771118164,7.800000190734863,45400,0.0,0.0
2023-02-13 00:00:00-05:00,7.889999866485596,7.909999847412109,7.619999885559082,7.900000095367432,27500,0.0,0.0
2023-02-14 00:00:00-05:00,7.380000114440918,7.889999866485596,7.36299991607666,7.449999809265137,28500,0.0,0.0
2023-02-15 00:00:00-05:00,7.46999979019165,7.809999942779541,7.46999979019165,7.550000190734863,9600,0.0,0.0
2023-02-16 00:00:00-05:00,7.650000095367432,7.75,7.61899995803833,7.75,6900,0.0,0.0
2023-02-17 00:00:00-05:00,7.610000133514404,7.800000190734863,7.610000133514404,7.730000019073486,7500,0.0,0.0
2023-02-21 00:00:00-05:00,7.670000076293945,7.76200008392334,7.610000133514404,7.699999809265137,3700,0.0,0.0
2023-02-22 00:00:00-05:00,7.75,7.75,7.571000099182129,7.610000133514404,12300,0.0,0.0
2023-02-23 00:00:00-05:00,7.849999904632568,7.860000133514404,6.835000038146973,7.420000076293945,14000,0.0,0.0
2023-02-24 00:00:00-05:00,7.28000020980835,7.589000225067139,7.28000020980835,7.360000133514404,3800,0.0,0.0
2023-02-27 00:00:00-05:00,7.360000133514404,7.71999979019165,7.230000019073486,7.625,14800,0.0,0.0
2023-02-28 00:00:00-05:00,7.349999904632568,7.480000019073486,7.110000133514404,7.295000076293945,19400,0.0,0.0
2023-03-01 00:00:00-05:00,7.369999885559082,7.494999885559082,7.349999904632568,7.369999885559082,6000,0.0,0.0
2023-03-02 00:00:00-05:00,7.535999774932861,7.538000106811523,7.179999828338623,7.21999979019165,8900,0.0,0.0
2023-03-03 00:00:00-05:00,7.7769999504089355,7.849999904632568,7.513000011444092,7.764999866485596,44800,0.0,0.0
2023-03-06 00:00:00-05:00,7.519999980926514,7.900000095367432,7.269999980926514,7.789999961853027,19700,0.0,0.0
2023-03-07 00:00:00-05:00,7.769999980926514,7.769999980926514,7.579999923706055,7.619999885559082,9300,0.0,0.0
2023-03-08 00:00:00-05:00,7.730000019073486,7.849999904632568,7.625,7.809999942779541,8700,0.0,0.0
2023-03-09 00:00:00-05:00,7.875,7.875,7.53000020980835,7.590000152587891,9800,0.0,0.0
2023-03-10 00:00:00-05:00,7.510000228881836,7.860000133514404,7.5,7.840000152587891,10200,0.0,0.0
2023-03-13 00:00:00-04:00,7.5,7.840000152587891,7.439000129699707,7.480000019073486,14200,0.0,0.0
2023-03-14 00:00:00-04:00,7.78000020980835,7.78000020980835,7.440000057220459,7.5,8900,0.0,0.0
2023-03-15 00:00:00-04:00,7.329999923706055,7.739999771118164,7.329999923706055,7.579999923706055,10400,0.0,0.0
2023-03-16 00:00:00-04:00,7.25,7.5,7.25,7.489999771118164,9100,0.0,0.0
2023-03-17 00:00:00-04:00,7.489999771118164,7.610000133514404,7.309999942779541,7.389999866485596,7500,0.0,0.0
2023-03-20 00:00:00-04:00,7.429999828338623,7.570000171661377,7.295000076293945,7.409999847412109,4100,0.0,0.0
2023-03-21 00:00:00-04:00,7.309999942779541,7.630000114440918,7.230000019073486,7.309999942779541,4100,0.0,0.0
2023-03-22 00:00:00-04:00,7.269999980926514,7.639999866485596,7.173999786376953,7.21999979019165,14400,0.0,0.0
2023-03-23 00:00:00-04:00,7.159999847412109,7.497000217437744,7.159999847412109,7.210000038146973,3200,0.0,0.0
2023-03-24 00:00:00-04:00,7.385000228881836,7.489999771118164,7.199999809265137,7.25,9400,0.0,0.0
2023-03-27 00:00:00-04:00,7.230000019073486,7.380000114440918,7.0,7.099999904632568,7700,0.0,0.0
2023-03-28 00:00:00-04:00,7.139999866485596,7.204999923706055,6.909999847412109,6.920000076293945,7000,0.0,0.0
2023-03-29 00:00:00-04:00,6.920000076293945,7.25,6.900000095367432,6.989999771118164,4700,0.0,0.0
2023-03-30 00:00:00-04:00,7.0,7.184999942779541,7.0,7.099999904632568,2900,0.0,0.0
2023-03-31 00:00:00-04:00,7.150000095367432,7.150000095367432,7.045000076293945,7.050000190734863,3400,0.0,0.0
2023-04-03 00:00:00-04:00,7.110000133514404,7.110000133514404,6.900000095367432,6.920000076293945,8700,0.0,0.0
2023-04-04 00:00:00-04:00,6.900000095367432,7.150000095367432,6.900000095367432,6.936999797821045,4600,0.0,0.0
2023-04-05 00:00:00-04:00,6.940000057220459,6.940000057220459,6.75,6.800000190734863,7000,0.0,0.0
2023-04-06 00:00:00-04:00,6.809999942779541,6.894999980926514,6.800000190734863,6.860000133514404,3800,0.0,0.0
2023-04-10 00:00:00-04:00,6.679999828338623,6.929999828338623,6.679999828338623,6.880000114440918,8700,0.0,0.0
2023-04-11 00:00:00-04:00,6.929999828338623,6.949999809265137,6.800000190734863,6.849999904632568,10500,0.0,0.0
2023-04-12 00:00:00-04:00,6.803999900817871,7.019999980926514,6.730000019073486,6.7729997634887695,10900,0.0,0.0
2023-04-13 00:00:00-04:00,6.886000156402588,6.886000156402588,6.5,6.626999855041504,26500,0.0,0.0
2023-04-14 00:00:00-04:00,6.639999866485596,6.71999979019165,6.420000076293945,6.460000038146973,6700,0.0,0.0
2023-04-17 00:00:00-04:00,6.489999771118164,6.59499979019165,6.210000038146973,6.59499979019165,8500,0.0,0.0
2023-04-18 00:00:00-04:00,6.699999809265137,6.699999809265137,6.400000095367432,6.449999809265137,9200,0.0,0.0
2023-04-19 00:00:00-04:00,6.5,6.5,6.309999942779541,6.320000171661377,8900,0.0,0.0
2023-04-20 00:00:00-04:00,6.25,6.25,6.0,6.070000171661377,11900,0.0,0.0
2023-04-21 00:00:00-04:00,6.079999923706055,6.25,6.079999923706055,6.114999771118164,14300,0.0,0.0
2023-04-24 00:00:00-04:00,6.039999961853027,6.1529998779296875,5.760000228881836,5.760000228881836,18800,0.0,0.0
2023-04-25 00:00:00-04:00,5.760000228881836,5.869999885559082,5.289999961853027,5.510000228881836,21000,0.0,0.0
2023-04-26 00:00:00-04:00,5.400000095367432,5.5,5.315000057220459,5.369999885559082,19000,0.0,0.0
2023-04-27 00:00:00-04:00,5.48799991607666,5.5,5.360000133514404,5.480000019073486,11000,0.0,0.0
2023-04-28 00:00:00-04:00,5.480000019073486,5.5,5.360000133514404,5.5,24900,0.0,0.0
2023-05-01 00:00:00-04:00,5.5,5.5,5.409999847412109,5.460000038146973,16100,0.0,0.0
2023-05-02 00:00:00-04:00,5.519999980926514,5.550000190734863,5.409999847412109,5.513999938964844,29600,0.0,0.0
2023-05-03 00:00:00-04:00,5.5,5.699999809265137,5.409999847412109,5.559999942779541,14800,0.0,0.0
2023-05-04 00:00:00-04:00,5.670000076293945,5.670000076293945,5.550000190734863,5.550000190734863,9400,0.0,0.0
2023-05-05 00:00:00-04:00,5.619999885559082,5.619999885559082,5.369999885559082,5.400000095367432,15000,0.0,0.0
2023-05-08 00:00:00-04:00,5.5,5.599999904632568,5.420000076293945,5.510000228881836,32500,0.0,0.0
2023-05-09 00:00:00-04:00,5.5,6.090000152587891,5.369999885559082,6.090000152587891,58700,0.0,0.0
2023-05-10 00:00:00-04:00,5.96999979019165,6.150000095367432,5.900000095367432,6.150000095367432,29500,0.0,0.0
2023-05-11 00:00:00-04:00,6.150000095367432,6.7170000076293945,5.879000186920166,6.574999809265137,106200,0.0,0.0
2023-05-12 00:00:00-04:00,6.739999771118164,6.739999771118164,5.860000133514404,6.039999961853027,38600,0.0,0.0
2023-05-15 00:00:00-04:00,5.949999809265137,6.239999771118164,5.827000141143799,5.900000095367432,16000,0.0,0.0
2023-05-16 00:00:00-04:00,6.050000190734863,6.117000102996826,5.75,5.760000228881836,4400,0.0,0.0
2023-05-17 00:00:00-04:00,5.679999828338623,5.980000019073486,5.440000057220459,5.449999809265137,24200,0.0,0.0
2023-05-18 00:00:00-04:00,5.46999979019165,5.590000152587891,5.320000171661377,5.340000152587891,22700,0.0,0.0
2023-05-19 00:00:00-04:00,5.52400016784668,5.989999771118164,5.139999866485596,5.139999866485596,18900,0.0,0.0
2023-05-22 00:00:00-04:00,5.329999923706055,5.460000038146973,5.159999847412109,5.300000190734863,6700,0.0,0.0
2023-05-23 00:00:00-04:00,5.440000057220459,5.499000072479248,5.320000171661377,5.425000190734863,14300,0.0,0.0
2023-05-24 00:00:00-04:00,5.369999885559082,5.480000019073486,5.300000190734863,5.420000076293945,11300,0.0,0.0
2023-05-25 00:00:00-04:00,5.664000034332275,5.699999809265137,5.317999839782715,5.630000114440918,16500,0.0,0.0
2023-05-26 00:00:00-04:00,5.619999885559082,5.984000205993652,5.519000053405762,5.840000152587891,15300,0.0,0.0
2023-05-30 00:00:00-04:00,5.909999847412109,5.98799991607666,5.620999813079834,5.840000152587891,7700,0.0,0.0
2023-05-31 00:00:00-04:00,5.829999923706055,5.949999809265137,5.671000003814697,5.945000171661377,12800,0.0,0.0
2023-06-01 00:00:00-04:00,6.0,6.150000095367432,5.797999858856201,6.019999980926514,25400,0.0,0.0
2023-06-02 00:00:00-04:00,6.130000114440918,6.360000133514404,6.019999980926514,6.230000019073486,25100,0.0,0.0
2023-06-05 00:00:00-04:00,6.329999923706055,6.5,6.28000020980835,6.5,15100,0.0,0.0
2023-06-06 00:00:00-04:00,6.5,7.5,6.35099983215332,7.110000133514404,212400,0.0,0.0
2023-06-07 00:00:00-04:00,7.239999771118164,7.320000171661377,6.85099983215332,6.96999979019165,60400,0.0,0.0
2023-06-08 00:00:00-04:00,7.0,7.159999847412109,6.929999828338623,7.039999961853027,47000,0.0,0.0
2023-06-09 00:00:00-04:00,7.070000171661377,7.170000076293945,6.579999923706055,6.75,48900,0.0,0.0
2023-06-12 00:00:00-04:00,6.809999942779541,7.043000221252441,6.639999866485596,6.820000171661377,10500,0.0,0.0
2023-06-13 00:00:00-04:00,7.099999904632568,7.099999904632568,6.550000190734863,6.590000152587891,17700,0.0,0.0
2023-06-14 00:00:00-04:00,6.71999979019165,6.760000228881836,6.579999923706055,6.579999923706055,7700,0.0,0.0
2023-06-15 00:00:00-04:00,6.559999942779541,7.059999942779541,6.320000171661377,7.050000190734863,238100,0.0,0.0
2023-06-16 00:00:00-04:00,6.96999979019165,7.440000057220459,6.690000057220459,7.440000057220459,77800,0.0,0.0
2023-06-20 00:00:00-04:00,7.429999828338623,7.5,7.170000076293945,7.46999979019165,26500,0.0,0.0
2023-06-21 00:00:00-04:00,7.349999904632568,7.650000095367432,7.260000228881836,7.644999980926514,18300,0.0,0.0
2023-06-22 00:00:00-04:00,7.610000133514404,7.630000114440918,7.449999809265137,7.570000171661377,18000,0.0,0.0
2023-06-23 00:00:00-04:00,7.474999904632568,7.480000019073486,7.179999828338623,7.210000038146973,15100,0.0,0.0
2023-06-26 00:00:00-04:00,7.21999979019165,7.21999979019165,6.699999809265137,7.089000225067139,19500,0.0,0.0
2023-06-27 00:00:00-04:00,7.079999923706055,7.099999904632568,6.760000228881836,6.809999942779541,10800,0.0,0.0
2023-06-28 00:00:00-04:00,6.760000228881836,6.989999771118164,6.760000228881836,6.860000133514404,4800,0.0,0.0
2023-06-29 00:00:00-04:00,6.920000076293945,6.920000076293945,6.75,6.880000114440918,8400,0.0,0.0
2023-06-30 00:00:00-04:00,7.130000114440918,7.130000114440918,6.679999828338623,6.880000114440918,12500,0.0,0.0
2023-07-03 00:00:00-04:00,6.889999866485596,6.889999866485596,6.71999979019165,6.730000019073486,6100,0.0,0.0
2023-07-05 00:00:00-04:00,6.840000152587891,6.840000152587891,6.559999942779541,6.579999923706055,14700,0.0,0.0
2023-07-06 00:00:00-04:00,6.650000095367432,6.670000076293945,6.449999809265137,6.584000110626221,13100,0.0,0.0
2023-07-07 00:00:00-04:00,6.550000190734863,6.980000019073486,6.550000190734863,6.800000190734863,6800,0.0,0.0
2023-07-10 00:00:00-04:00,6.800000190734863,6.96999979019165,6.630000114440918,6.690000057220459,6500,0.0,0.0
2023-07-11 00:00:00-04:00,6.809999942779541,6.980000019073486,6.660999774932861,6.804999828338623,17700,0.0,0.0
2023-07-12 00:00:00-04:00,6.875,6.989999771118164,6.650000095367432,6.824999809265137,14800,0.0,0.0
2023-07-13 00:00:00-04:00,6.889999866485596,6.989999771118164,6.699999809265137,6.769999980926514,16300,0.0,0.0
2023-07-14 00:00:00-04:00,6.860000133514404,6.946000099182129,6.699999809265137,6.71999979019165,24300,0.0,0.0
2023-07-17 00:00:00-04:00,6.769999980926514,6.853000164031982,6.695000171661377,6.75,5200,0.0,0.0
2023-07-18 00:00:00-04:00,6.679999828338623,6.96999979019165,6.650000095367432,6.920000076293945,19000,0.0,0.0
2023-07-19 00:00:00-04:00,6.900000095367432,7.144999980926514,6.75,7.139999866485596,13600,0.0,0.0
2023-07-20 00:00:00-04:00,7.130000114440918,7.130000114440918,6.900000095367432,6.949999809265137,7900,0.0,0.0
2023-07-21 00:00:00-04:00,6.985000133514404,7.070000171661377,6.71999979019165,6.800000190734863,15400,0.0,0.0
2023-07-24 00:00:00-04:00,6.889999866485596,7.0,6.809999942779541,6.920000076293945,16400,0.0,0.0
2023-07-25 00:00:00-04:00,7.0,7.0,6.809999942779541,6.849999904632568,7200,0.0,0.0
2023-07-26 00:00:00-04:00,7.019999980926514,7.400000095367432,6.960000038146973,7.28000020980835,66200,0.0,0.0
2023-07-27 00:00:00-04:00,7.210000038146973,7.570000171661377,6.804999828338623,6.949999809265137,65400,0.0,0.0
2023-07-28 00:00:00-04:00,6.989999771118164,7.440000057220459,6.989999771118164,7.235000133514404,21400,0.0,0.0
2023-07-31 00:00:00-04:00,7.46999979019165,7.46999979019165,6.920000076293945,7.309999942779541,18200,0.0,0.0
2023-08-01 00:00:00-04:00,7.400000095367432,7.449999809265137,7.235000133514404,7.335000038146973,14400,0.0,0.0
2023-08-02 00:00:00-04:00,7.230000019073486,7.389999866485596,7.03000020980835,7.28000020980835,20200,0.0,0.0
2023-08-03 00:00:00-04:00,7.150000095367432,7.5,7.150000095367432,7.429999828338623,11700,0.0,0.0
2023-08-04 00:00:00-04:00,7.210000038146973,7.458000183105469,7.199999809265137,7.340000152587891,26000,0.0,0.0
2023-08-07 00:00:00-04:00,7.5,7.829999923706055,7.349999904632568,7.710000038146973,70200,0.0,0.0
2023-08-08 00:00:00-04:00,7.460000038146973,7.793000221252441,7.329999923706055,7.650000095367432,21600,0.0,0.0
2023-08-09 00:00:00-04:00,7.429999828338623,7.900000095367432,7.329999923706055,7.71999979019165,34100,0.0,0.0
2023-08-10 00:00:00-04:00,7.583000183105469,7.849999904632568,7.583000183105469,7.769999980926514,17800,0.0,0.0
2023-08-11 00:00:00-04:00,7.889999866485596,7.9720001220703125,7.75,7.889999866485596,23400,0.0,0.0
2023-08-14 00:00:00-04:00,7.710000038146973,7.939000129699707,7.52400016784668,7.550000190734863,16600,0.0,0.0
2023-08-15 00:00:00-04:00,7.5,7.5,7.366000175476074,7.429999828338623,8600,0.0,0.0
2023-08-16 00:00:00-04:00,7.46999979019165,7.489999771118164,7.360000133514404,7.4039998054504395,2300,0.0,0.0
2023-08-17 00:00:00-04:00,7.353000164031982,7.353000164031982,7.050000190734863,7.159999847412109,13400,0.0,0.0
2023-08-18 00:00:00-04:00,7.150000095367432,7.150000095367432,6.994999885559082,7.099999904632568,9100,0.0,0.0
2023-08-21 00:00:00-04:00,7.050000190734863,7.175000190734863,7.0,7.150000095367432,10300,0.0,0.0
2023-08-22 00:00:00-04:00,7.079999923706055,7.315000057220459,7.039999961853027,7.111000061035156,12700,0.0,0.0
2023-08-23 00:00:00-04:00,7.119999885559082,7.239999771118164,7.034999847412109,7.099999904632568,10700,0.0,0.0
2023-08-24 00:00:00-04:00,7.190000057220459,7.190000057220459,7.0,7.130000114440918,6900,0.0,0.0
2023-08-25 00:00:00-04:00,7.130000114440918,7.150000095367432,7.059999942779541,7.150000095367432,3800,0.0,0.0
2023-08-28 00:00:00-04:00,7.039999961853027,7.25,7.039999961853027,7.199999809265137,6000,0.0,0.0
2023-08-29 00:00:00-04:00,7.127999782562256,7.127999782562256,7.03000020980835,7.103000164031982,2500,0.0,0.0
2023-08-30 00:00:00-04:00,7.170000076293945,7.389999866485596,7.1620001792907715,7.309999942779541,6500,0.0,0.0
2023-08-31 00:00:00-04:00,7.190000057220459,7.429999828338623,7.035999774932861,7.150000095367432,9400,0.0,0.0
2023-09-01 00:00:00-04:00,7.28000020980835,7.360000133514404,7.199999809265137,7.21999979019165,7100,0.0,0.0
2023-09-05 00:00:00-04:00,7.21999979019165,7.320000171661377,7.039999961853027,7.170000076293945,9500,0.0,0.0
2023-09-06 00:00:00-04:00,7.010000228881836,7.190000057220459,6.710000038146973,6.730000019073486,22400,0.0,0.0
2023-09-07 00:00:00-04:00,6.829999923706055,7.0,6.690000057220459,6.809999942779541,10100,0.0,0.0
2023-09-08 00:00:00-04:00,6.849999904632568,6.945000171661377,6.670000076293945,6.670000076293945,11900,0.0,0.0
2023-09-11 00:00:00-04:00,6.864999771118164,6.909999847412109,6.659999847412109,6.699999809265137,7400,0.0,0.0
2023-09-12 00:00:00-04:00,6.75,6.8420000076293945,6.561999797821045,6.619999885559082,7200,0.0,0.0
2023-09-13 00:00:00-04:00,6.835999965667725,6.840000152587891,6.570000171661377,6.570000171661377,2800,0.0,0.0
2023-09-14 00:00:00-04:00,6.679999828338623,6.840000152587891,6.679999828338623,6.71999979019165,8000,0.0,0.0
2023-09-15 00:00:00-04:00,6.61899995803833,6.849999904632568,6.61899995803833,6.840000152587891,5800,0.0,0.0
2023-09-18 00:00:00-04:00,6.920000076293945,7.119999885559082,6.840000152587891,7.119999885559082,11800,0.0,0.0
2023-09-19 00:00:00-04:00,7.079999923706055,7.0929999351501465,6.909999847412109,7.050000190734863,4400,0.0,0.0
2023-09-20 00:00:00-04:00,7.090000152587891,7.400000095367432,7.090000152587891,7.309999942779541,12700,0.0,0.0
2023-09-21 00:00:00-04:00,7.25,7.400000095367432,7.239999771118164,7.25,12800,0.0,0.0
2023-09-22 00:00:00-04:00,7.119999885559082,7.239999771118164,7.110000133514404,7.119999885559082,8200,0.0,0.0
2023-09-25 00:00:00-04:00,7.110000133514404,7.110000133514404,6.921999931335449,7.019999980926514,9400,0.0,0.0
2023-09-26 00:00:00-04:00,6.909999847412109,7.150000095367432,6.610000133514404,6.699999809265137,30200,0.0,0.0
2023-09-27 00:00:00-04:00,6.690000057220459,6.775000095367432,6.630000114440918,6.650000095367432,14700,0.0,0.0
2023-09-28 00:00:00-04:00,6.590000152587891,6.679999828338623,6.559999942779541,6.559999942779541,6300,0.0,0.0
2023-09-29 00:00:00-04:00,6.559999942779541,6.699999809265137,6.559999942779541,6.561999797821045,4000,0.0,0.0
2023-10-02 00:00:00-04:00,6.559999942779541,6.690000057220459,6.438000202178955,6.550000190734863,12200,0.0,0.0
2023-10-03 00:00:00-04:00,6.409999847412109,6.699999809265137,6.28000020980835,6.480000019073486,9000,0.0,0.0
2023-10-04 00:00:00-04:00,6.690000057220459,6.690000057220459,6.260000228881836,6.539999961853027,10100,0.0,0.0
2023-10-05 00:00:00-04:00,6.570000171661377,6.809999942779541,6.400000095367432,6.559999942779541,32100,0.0,0.0
2023-10-06 00:00:00-04:00,6.480000019073486,6.739999771118164,6.460000038146973,6.46999979019165,13700,0.0,0.0
2023-10-09 00:00:00-04:00,6.460000038146973,6.630000114440918,6.295000076293945,6.369999885559082,14100,0.0,0.0
2023-10-10 00:00:00-04:00,6.289999961853027,6.71999979019165,6.289999961853027,6.525000095367432,3500,0.0,0.0
2023-10-11 00:00:00-04:00,6.60099983215332,6.639999866485596,6.355000019073486,6.510000228881836,14600,0.0,0.0
2023-10-12 00:00:00-04:00,6.599999904632568,6.599999904632568,6.5,6.534999847412109,14200,0.0,0.0
2023-10-13 00:00:00-04:00,6.639999866485596,6.889999866485596,6.5,6.889999866485596,25900,0.0,0.0
2023-10-16 00:00:00-04:00,6.769999980926514,6.880000114440918,6.679999828338623,6.789999961853027,7900,0.0,0.0
2023-10-17 00:00:00-04:00,6.800000190734863,7.010000228881836,6.699999809265137,6.71999979019165,15600,0.0,0.0
2023-10-18 00:00:00-04:00,6.800000190734863,7.0,6.699999809265137,6.699999809265137,17600,0.0,0.0
2023-10-19 00:00:00-04:00,6.730000019073486,6.880000114440918,6.550000190734863,6.590000152587891,30000,0.0,0.0
2023-10-20 00:00:00-04:00,6.551000118255615,6.78000020980835,6.289999961853027,6.46999979019165,13200,0.0,0.0
2023-10-23 00:00:00-04:00,6.429999828338623,6.449999809265137,5.949999809265137,5.949999809265137,45700,0.0,0.0
2023-10-24 00:00:00-04:00,5.980000019073486,6.169000148773193,5.909999847412109,5.934999942779541,9400,0.0,0.0
2023-10-25 00:00:00-04:00,6.019999980926514,6.070000171661377,5.639999866485596,5.909999847412109,17900,0.0,0.0
2023-10-26 00:00:00-04:00,5.800000190734863,6.5,5.800000190734863,6.079999923706055,28300,0.0,0.0
2023-10-27 00:00:00-04:00,6.239999771118164,6.25,5.71999979019165,5.760000228881836,17900,0.0,0.0
2023-10-30 00:00:00-04:00,5.940000057220459,6.382999897003174,5.646999835968018,5.908999919891357,21600,0.0,0.0
2023-10-31 00:00:00-04:00,6.380000114440918,6.5,5.828999996185303,6.179999828338623,18600,0.0,0.0
2023-11-01 00:00:00-04:00,6.369999885559082,6.369999885559082,5.840000152587891,6.050000190734863,8300,0.0,0.0
2023-11-02 00:00:00-04:00,6.300000190734863,6.300000190734863,6.090000152587891,6.300000190734863,16500,0.0,0.0
2023-11-03 00:00:00-04:00,6.210000038146973,6.5,6.210000038146973,6.420000076293945,10700,0.0,0.0
2023-11-06 00:00:00-05:00,6.449999809265137,6.46999979019165,6.159999847412109,6.320000171661377,19600,0.0,0.0
2023-11-07 00:00:00-05:00,6.369999885559082,6.461999893188477,6.320000171661377,6.389999866485596,5900,0.0,0.0
2023-11-08 00:00:00-05:00,6.420000076293945,6.429999828338623,6.355999946594238,6.360000133514404,5200,0.0,0.0
2023-11-09 00:00:00-05:00,6.360000133514404,6.489999771118164,6.289999961853027,6.320000171661377,4500,0.0,0.0
2023-11-10 00:00:00-05:00,6.449999809265137,6.46999979019165,6.159999847412109,6.429999828338623,17800,0.0,0.0
2023-11-13 00:00:00-05:00,6.599999904632568,6.599999904632568,6.25,6.36899995803833,8700,0.0,0.0
2023-11-14 00:00:00-05:00,6.019999980926514,6.317999839782715,6.019999980926514,6.130000114440918,27000,0.0,0.0
2023-11-15 00:00:00-05:00,6.110000133514404,6.239999771118164,6.050000190734863,6.059999942779541,11300,0.0,0.0
2023-11-16 00:00:00-05:00,6.050000190734863,6.118000030517578,5.938000202178955,5.96999979019165,9500,0.0,0.0
2023-11-17 00:00:00-05:00,6.090000152587891,6.130000114440918,5.849999904632568,6.039999961853027,9400,0.0,0.0
2023-11-20 00:00:00-05:00,5.860000133514404,6.0879998207092285,5.860000133514404,5.949999809265137,8800,0.0,0.0
2023-11-21 00:00:00-05:00,5.980000019073486,5.980000019073486,5.789999961853027,5.900000095367432,12200,0.0,0.0
2023-11-22 00:00:00-05:00,5.880000114440918,5.940000057220459,5.849999904632568,5.860000133514404,3200,0.0,0.0
2023-11-24 00:00:00-05:00,5.849999904632568,5.914999961853027,5.800000190734863,5.900000095367432,2100,0.0,0.0
2023-11-27 00:00:00-05:00,5.900000095367432,5.914999961853027,5.820000171661377,5.860000133514404,7800,0.0,0.0
2023-11-28 00:00:00-05:00,5.900000095367432,5.909999847412109,5.860000133514404,5.868000030517578,4900,0.0,0.0
2023-11-29 00:00:00-05:00,5.949999809265137,6.0,5.800000190734863,5.840000152587891,17300,0.0,0.0
2023-11-30 00:00:00-05:00,5.78000020980835,6.0,5.78000020980835,5.800000190734863,9100,0.0,0.0
2023-12-01 00:00:00-05:00,5.869999885559082,5.989999771118164,5.800000190734863,5.949999809265137,9000,0.0,0.0
2023-12-04 00:00:00-05:00,6.0,6.110000133514404,5.910999774932861,5.949999809265137,31700,0.0,0.0
2023-12-05 00:00:00-05:00,6.010000228881836,6.050000190734863,5.880000114440918,5.880000114440918,8300,0.0,0.0
2023-12-06 00:00:00-05:00,5.900000095367432,5.96999979019165,5.872000217437744,5.889999866485596,7400,0.0,0.0
2023-12-07 00:00:00-05:00,5.889999866485596,5.980000019073486,5.889999866485596,5.934999942779541,23700,0.0,0.0
2023-12-08 00:00:00-05:00,5.880000114440918,6.0,5.801000118255615,6.0,17200,0.0,0.0
2023-12-11 00:00:00-05:00,5.900000095367432,5.965000152587891,5.730000019073486,5.896999835968018,19200,0.0,0.0
2023-12-12 00:00:00-05:00,5.869999885559082,5.869999885559082,5.599999904632568,5.599999904632568,9200,0.0,0.0
2023-12-13 00:00:00-05:00,5.610000133514404,5.938000202178955,5.610000133514404,5.840000152587891,13000,0.0,0.0
2023-12-14 00:00:00-05:00,5.900000095367432,6.005000114440918,5.900000095367432,5.929999828338623,14000,0.0,0.0
2023-12-15 00:00:00-05:00,6.010000228881836,6.275000095367432,5.98199987411499,6.179999828338623,34900,0.0,0.0
2023-12-18 00:00:00-05:00,6.300000190734863,6.5,6.25,6.400000095367432,44200,0.0,0.0
2023-12-19 00:00:00-05:00,6.510000228881836,6.510000228881836,6.179999828338623,6.5,32000,0.0,0.0
2023-12-20 00:00:00-05:00,6.550000190734863,6.579999923706055,6.389999866485596,6.460000038146973,17700,0.0,0.0
2023-12-21 00:00:00-05:00,6.269999980926514,6.554999828338623,6.230000019073486,6.260000228881836,9300,0.0,0.0
2023-12-22 00:00:00-05:00,6.179999828338623,6.394999980926514,6.179999828338623,6.320000171661377,32700,0.0,0.0
2023-12-26 00:00:00-05:00,6.360000133514404,6.434999942779541,6.210000038146973,6.340000152587891,13500,0.0,0.0
2023-12-27 00:00:00-05:00,6.260000228881836,6.348999977111816,6.230000019073486,6.230000019073486,7400,0.0,0.0
2023-12-28 00:00:00-05:00,6.190000057220459,6.269999980926514,6.010000228881836,6.045000076293945,22600,0.0,0.0
2023-12-29 00:00:00-05:00,6.050000190734863,6.090000152587891,5.900000095367432,6.059999942779541,37200,0.0,0.0
2024-01-02 00:00:00-05:00,5.960000038146973,6.230000019073486,5.960000038146973,6.190000057220459,9800,0.0,0.0
2024-01-03 00:00:00-05:00,6.170000076293945,6.199999809265137,6.064000129699707,6.064000129699707,4400,0.0,0.0
2024-01-04 00:00:00-05:00,6.139999866485596,6.260000228881836,6.045000076293945,6.260000228881836,9700,0.0,0.0
2024-01-05 00:00:00-05:00,6.150000095367432,6.349999904632568,6.150000095367432,6.25,12700,0.0,0.0
2024-01-08 00:00:00-05:00,6.329999923706055,6.480000019073486,6.260000228881836,6.329999923706055,10500,0.0,0.0
2024-01-09 00:00:00-05:00,6.302999973297119,6.373000144958496,6.302999973297119,6.3480000495910645,2800,0.0,0.0
2024-01-10 00:00:00-05:00,6.289999961853027,6.361000061035156,6.239999771118164,6.25,7400,0.0,0.0
2024-01-11 00:00:00-05:00,6.25,6.340000152587891,6.099999904632568,6.230000019073486,11400,0.0,0.0
2024-01-12 00:00:00-05:00,6.294000148773193,6.449999809265137,6.244999885559082,6.300000190734863,10800,0.0,0.0
2024-01-16 00:00:00-05:00,6.369999885559082,6.429999828338623,6.324999809265137,6.349999904632568,9300,0.0,0.0
2024-01-17 00:00:00-05:00,6.340000152587891,6.340000152587891,6.196000099182129,6.239999771118164,10900,0.0,0.0
2024-01-18 00:00:00-05:00,6.329999923706055,6.420000076293945,6.269999980926514,6.400000095367432,7200,0.0,0.0
2024-01-19 00:00:00-05:00,6.369999885559082,6.650000095367432,6.349999904632568,6.590000152587891,28700,0.0,0.0
2024-01-22 00:00:00-05:00,6.630000114440918,7.119999885559082,6.409999847412109,7.0,38700,0.0,0.0
2024-01-23 00:00:00-05:00,7.0,7.190000057220459,6.900000095367432,7.099999904632568,39700,0.0,0.0
2024-01-24 00:00:00-05:00,7.110000133514404,7.349999904632568,7.007999897003174,7.170000076293945,50500,0.0,0.0
2024-01-25 00:00:00-05:00,7.309999942779541,7.989999771118164,7.309999942779541,7.630000114440918,69900,0.0,0.0
2024-01-26 00:00:00-05:00,7.599999904632568,7.599999904632568,7.260000228881836,7.409999847412109,29000,0.0,0.0
2024-01-29 00:00:00-05:00,7.420000076293945,8.1899995803833,7.420000076293945,8.1899995803833,59900,0.0,0.0
2024-01-30 00:00:00-05:00,8.25,8.494999885559082,8.0,8.175000190734863,39900,0.0,0.0
2024-01-31 00:00:00-05:00,8.25,8.25,7.75,7.78000020980835,27900,0.0,0.0
2024-02-01 00:00:00-05:00,7.880000114440918,8.489999771118164,7.880000114440918,8.359999656677246,28900,0.0,0.0
2024-02-02 00:00:00-05:00,8.479999542236328,8.479999542236328,8.210000038146973,8.470000267028809,22600,0.0,0.0
2024-02-05 00:00:00-05:00,8.5,8.699999809265137,8.149999618530273,8.699999809265137,40400,0.0,0.0
2024-02-06 00:00:00-05:00,8.800000190734863,9.095000267028809,8.531000137329102,9.010000228881836,40400,0.0,0.0
2024-02-07 00:00:00-05:00,9.170000076293945,9.475000381469727,8.90999984741211,9.319999694824219,68200,0.0,0.0
2024-02-08 00:00:00-05:00,9.449999809265137,9.449999809265137,9.229999542236328,9.399999618530273,88100,0.0,0.0
2024-02-09 00:00:00-05:00,9.319999694824219,9.390000343322754,9.135000228881836,9.319999694824219,18800,0.0,0.0
2024-02-12 00:00:00-05:00,9.210000038146973,9.350000381469727,8.600000381469727,9.199999809265137,43400,0.0,0.0
2024-02-13 00:00:00-05:00,8.90999984741211,9.289999961853027,8.819999694824219,9.100000381469727,35000,0.0,0.0
2024-02-14 00:00:00-05:00,8.949999809265137,9.1899995803833,8.899999618530273,9.1899995803833,19700,0.0,0.0
2024-02-15 00:00:00-05:00,9.180000305175781,9.199999809265137,9.010000228881836,9.180000305175781,14500,0.0,0.0
2024-02-16 00:00:00-05:00,9.050000190734863,9.279999732971191,9.0,9.130000114440918,28700,0.0,0.0
2024-02-20 00:00:00-05:00,9.050000190734863,9.130000114440918,8.800000190734863,8.800000190734863,15700,0.0,0.0
2024-02-21 00:00:00-05:00,8.880000114440918,8.880000114440918,7.909999847412109,8.300000190734863,47300,0.0,0.0
2024-02-22 00:00:00-05:00,8.3100004196167,8.4399995803833,7.539999961853027,7.849999904632568,44800,0.0,0.0
2024-02-23 00:00:00-05:00,8.079999923706055,8.744999885559082,7.96999979019165,8.729999542236328,19600,0.0,0.0
2024-02-26 00:00:00-05:00,8.829999923706055,9.020000457763672,8.40999984741211,8.510000228881836,14900,0.0,0.0
2024-02-27 00:00:00-05:00,8.449999809265137,8.885000228881836,8.449999809265137,8.579999923706055,16000,0.0,0.0
2024-02-28 00:00:00-05:00,8.680000305175781,9.0,8.5,8.6899995803833,14200,0.0,0.0
2024-02-29 00:00:00-05:00,8.520000457763672,9.130000114440918,8.520000457763672,8.890000343322754,37100,0.0,0.0
2024-03-01 00:00:00-05:00,9.09000015258789,9.09000015258789,8.710000038146973,8.720000267028809,15000,0.0,0.0
2024-03-04 00:00:00-05:00,8.6899995803833,8.920000076293945,8.454999923706055,8.829999923706055,18500,0.0,0.0
2024-03-05 00:00:00-05:00,8.680000305175781,8.720000267028809,7.980000019073486,7.980000019073486,23700,0.0,0.0
2024-03-06 00:00:00-05:00,8.029999732971191,8.439000129699707,8.029999732971191,8.319999694824219,12300,0.0,0.0
2024-03-07 00:00:00-05:00,8.460000038146973,8.5,8.210000038146973,8.300000190734863,6100,0.0,0.0
2024-03-08 00:00:00-05:00,8.109999656677246,8.460000038146973,8.100000381469727,8.109999656677246,11300,0.0,0.0
2024-03-11 00:00:00-04:00,8.0600004196167,8.092000007629395,7.949999809265137,7.960000038146973,19200,0.0,0.0
2024-03-12 00:00:00-04:00,7.900000095367432,8.039999961853027,7.599999904632568,7.670000076293945,30300,0.0,0.0
2024-03-13 00:00:00-04:00,7.550000190734863,7.789999961853027,7.050000190734863,7.309999942779541,21800,0.0,0.0
2024-03-14 00:00:00-04:00,7.368000030517578,7.368000030517578,7.150000095367432,7.199999809265137,7700,0.0,0.0
2024-03-15 00:00:00-04:00,7.46999979019165,7.489999771118164,7.150000095367432,7.289999961853027,17500,0.0,0.0
2024-03-18 00:00:00-04:00,7.340000152587891,7.489999771118164,7.255000114440918,7.309999942779541,18800,0.0,0.0
2024-03-19 00:00:00-04:00,7.389999866485596,7.71999979019165,7.24399995803833,7.510000228881836,9200,0.0,0.0
2024-03-20 00:00:00-04:00,7.659999847412109,7.7129998207092285,7.369999885559082,7.389999866485596,8500,0.0,0.0
2024-03-21 00:00:00-04:00,7.409999847412109,7.815000057220459,7.380000114440918,7.539999961853027,9100,0.0,0.0
2024-03-22 00:00:00-04:00,7.5,7.998000144958496,7.5,7.579999923706055,12800,0.0,0.0
2024-03-25 00:00:00-04:00,7.599999904632568,7.815000057220459,7.599999904632568,7.619999885559082,2900,0.0,0.0
2024-03-26 00:00:00-04:00,7.579999923706055,7.760000228881836,7.579999923706055,7.599999904632568,6900,0.0,0.0
2024-03-27 00:00:00-04:00,7.579999923706055,7.739999771118164,7.579999923706055,7.605000019073486,2200,0.0,0.0
2024-03-28 00:00:00-04:00,7.699999809265137,7.699999809265137,7.539999961853027,7.599999904632568,5200,0.0,0.0
2024-04-01 00:00:00-04:00,7.695000171661377,7.730000019073486,7.46999979019165,7.46999979019165,16500,0.0,0.0
2024-04-02 00:00:00-04:00,7.510000228881836,7.6519999504089355,7.289999961853027,7.425000190734863,16400,0.0,0.0
2024-04-03 00:00:00-04:00,7.360000133514404,7.581999778747559,7.360000133514404,7.420000076293945,7600,0.0,0.0
2024-04-04 00:00:00-04:00,7.369999885559082,7.6570000648498535,7.349999904632568,7.5,16700,0.0,0.0
2024-04-05 00:00:00-04:00,7.5,7.809999942779541,7.400000095367432,7.5,36800,0.0,0.0
2024-04-08 00:00:00-04:00,7.519999980926514,7.818999767303467,7.427000045776367,7.429999828338623,9800,0.0,0.0
2024-04-09 00:00:00-04:00,7.440000057220459,7.909999847412109,7.290999889373779,7.53000020980835,8100,0.0,0.0
2024-04-10 00:00:00-04:00,7.550000190734863,7.650000095367432,7.400000095367432,7.449999809265137,8900,0.0,0.0
2024-04-11 00:00:00-04:00,7.389999866485596,7.488999843597412,7.239999771118164,7.25,10000,0.0,0.0
2024-04-12 00:00:00-04:00,7.25,7.25,7.03000020980835,7.130000114440918,5800,0.0,0.0
2024-04-15 00:00:00-04:00,6.989999771118164,7.139999866485596,6.96999979019165,7.03000020980835,5400,0.0,0.0
2024-04-16 00:00:00-04:00,7.010000228881836,7.170000076293945,7.010000228881836,7.019999980926514,6700,0.0,0.0
2024-04-17 00:00:00-04:00,7.125,7.125,7.050000190734863,7.099999904632568,4500,0.0,0.0
2024-04-18 00:00:00-04:00,7.21999979019165,7.25,7.0,7.050000190734863,9700,0.0,0.0
2024-04-19 00:00:00-04:00,7.269999980926514,7.269999980926514,7.0,7.230000019073486,5300,0.0,0.0
2024-04-22 00:00:00-04:00,7.309999942779541,7.309999942779541,7.039000034332275,7.235000133514404,2400,0.0,0.0
2024-04-23 00:00:00-04:00,7.210000038146973,7.5,7.14900016784668,7.5,28100,0.0,0.0
2024-04-24 00:00:00-04:00,7.539999961853027,7.539999961853027,7.360000133514404,7.420000076293945,10500,0.0,0.0
2024-04-25 00:00:00-04:00,7.449999809265137,7.5,7.199999809265137,7.5,16300,0.0,0.0
2024-04-26 00:00:00-04:00,7.5,7.5,7.210000038146973,7.269999980926514,6400,0.0,0.0
2024-04-29 00:00:00-04:00,7.269999980926514,7.5,7.25,7.318999767303467,4900,0.0,0.0
2024-04-30 00:00:00-04:00,7.389999866485596,7.480000019073486,7.34499979019165,7.449999809265137,3700,0.0,0.0
2024-05-01 00:00:00-04:00,7.369999885559082,7.5,7.25,7.269999980926514,6600,0.0,0.0
2024-05-02 00:00:00-04:00,7.210000038146973,7.409999847412109,7.150000095367432,7.389999866485596,9400,0.0,0.0
2024-05-03 00:00:00-04:00,7.304999828338623,7.420000076293945,7.304999828338623,7.360000133514404,3300,0.0,0.0
2024-05-06 00:00:00-04:00,7.449999809265137,7.525000095367432,7.360000133514404,7.440000057220459,9400,0.0,0.0
2024-05-07 00:00:00-04:00,7.519999980926514,7.730000019073486,7.4039998054504395,7.550000190734863,13900,0.0,0.0
2024-05-08 00:00:00-04:00,7.599999904632568,7.769999980926514,7.199999809265137,7.445000171661377,15100,0.0,0.0
2024-05-09 00:00:00-04:00,7.489999771118164,7.5879998207092285,7.300000190734863,7.5,19800,0.0,0.0
2024-05-10 00:00:00-04:00,7.5,7.75,5.380000114440918,5.420000076293945,423100,0.0,0.0
2024-05-13 00:00:00-04:00,5.670000076293945,5.670000076293945,5.315999984741211,5.460000038146973,188800,0.0,0.0
2024-05-14 00:00:00-04:00,5.510000228881836,5.610000133514404,5.349999904632568,5.53000020980835,35100,0.0,0.0
2024-05-15 00:00:00-04:00,5.559999942779541,5.590000152587891,5.449999809265137,5.519999980926514,34600,0.0,0.0
2024-05-16 00:00:00-04:00,5.5,5.605000019073486,5.260000228881836,5.440000057220459,69400,0.0,0.0
2024-05-17 00:00:00-04:00,5.420000076293945,5.539999961853027,5.379000186920166,5.425000190734863,32600,0.0,0.0
2024-05-20 00:00:00-04:00,5.5,5.550000190734863,5.385000228881836,5.420000076293945,36200,0.0,0.0
2024-05-21 00:00:00-04:00,5.409999847412109,5.409999847412109,5.159999847412109,5.190000057220459,44600,0.0,0.0
2024-05-22 00:00:00-04:00,5.190000057220459,5.329999923706055,5.110000133514404,5.130000114440918,39400,0.0,0.0
2024-05-23 00:00:00-04:00,5.260000228881836,5.260000228881836,5.079999923706055,5.150000095367432,18800,0.0,0.0
2024-05-24 00:00:00-04:00,5.179999828338623,5.260000228881836,5.065999984741211,5.260000228881836,31100,0.0,0.0
2024-05-28 00:00:00-04:00,5.28000020980835,5.480000019073486,5.260000228881836,5.369999885559082,31900,0.0,0.0
2024-05-29 00:00:00-04:00,5.269999980926514,5.659999847412109,5.269999980926514,5.590000152587891,11200,0.0,0.0
2024-05-30 00:00:00-04:00,5.53000020980835,6.070000171661377,5.53000020980835,5.96999979019165,39600,0.0,0.0
2024-05-31 00:00:00-04:00,6.079999923706055,6.079999923706055,5.75,5.889999866485596,34200,0.0,0.0
2024-06-03 00:00:00-04:00,5.949999809265137,6.0,5.760000228881836,5.889999866485596,57700,0.0,0.0
2024-06-04 00:00:00-04:00,5.840000152587891,5.989999771118164,5.769999980926514,5.769999980926514,20600,0.0,0.0
2024-06-05 00:00:00-04:00,5.840000152587891,5.980999946594238,5.650000095367432,5.75,14100,0.0,0.0
2024-06-06 00:00:00-04:00,5.739999771118164,5.9720001220703125,5.650000095367432,5.710000038146973,16700,0.0,0.0
2024-06-07 00:00:00-04:00,5.639999866485596,5.739999771118164,5.599999904632568,5.670000076293945,14500,0.0,0.0
2024-06-10 00:00:00-04:00,5.440000057220459,5.46999979019165,5.110000133514404,5.25,57600,0.0,0.0
2024-06-11 00:00:00-04:00,5.25,5.25,5.130000114440918,5.230000019073486,23100,0.0,0.0
2024-06-12 00:00:00-04:00,5.329999923706055,5.388999938964844,5.179999828338623,5.320000171661377,9800,0.0,0.0
2024-06-13 00:00:00-04:00,5.25,5.389999866485596,5.25,5.34499979019165,16300,0.0,0.0
2024-06-14 00:00:00-04:00,5.269999980926514,5.380000114440918,5.269999980926514,5.360000133514404,5300,0.0,0.0
2024-06-17 00:00:00-04:00,5.269999980926514,5.361000061035156,5.159999847412109,5.28000020980835,13200,0.0,0.0
2024-06-18 00:00:00-04:00,5.269999980926514,5.309999942779541,5.25,5.25,13600,0.0,0.0
2024-06-20 00:00:00-04:00,5.210000038146973,5.489999771118164,5.210000038146973,5.340000152587891,27600,0.0,0.0
2024-06-21 00:00:00-04:00,5.409999847412109,5.435999870300293,5.260000228881836,5.340000152587891,4700,0.0,0.0
2024-06-24 00:00:00-04:00,5.322000026702881,5.429999828338623,5.0,5.150000095367432,39700,0.0,0.0
2024-06-25 00:00:00-04:00,5.150000095367432,5.267000198364258,5.0,5.110000133514404,16800,0.0,0.0
2024-06-26 00:00:00-04:00,5.2129998207092285,5.2129998207092285,5.010000228881836,5.010000228881836,6700,0.0,0.0
2024-06-27 00:00:00-04:00,5.079999923706055,5.079999923706055,4.980000019073486,5.050000190734863,35300,0.0,0.0
2024-06-28 00:00:00-04:00,4.989999771118164,5.21999979019165,4.989999771118164,5.130000114440918,25200,0.0,0.0
2024-07-01 00:00:00-04:00,5.079999923706055,5.21999979019165,4.949999809265137,5.0,17800,0.0,0.0
2024-07-02 00:00:00-04:00,5.0,5.0,4.705999851226807,4.75,22300,0.0,0.0
2024-07-03 00:00:00-04:00,4.730000019073486,4.807000160217285,4.510000228881836,4.559999942779541,15400,0.0,0.0
2024-07-05 00:00:00-04:00,4.570000171661377,4.763999938964844,4.570000171661377,4.710000038146973,11600,0.0,0.0
2024-07-08 00:00:00-04:00,4.75,4.949999809265137,4.75,4.760000228881836,9500,0.0,0.0
2024-07-09 00:00:00-04:00,4.849999904632568,4.869999885559082,4.75,4.840000152587891,14300,0.0,0.0
2024-07-10 00:00:00-04:00,4.880000114440918,4.880000114440918,4.765999794006348,4.800000190734863,10900,0.0,0.0
2024-07-11 00:00:00-04:00,4.820000171661377,4.960000038146973,4.800000190734863,4.849999904632568,49000,0.0,0.0
2024-07-12 00:00:00-04:00,4.980000019073486,5.71999979019165,4.928999900817871,5.289999961853027,103500,0.0,0.0
2024-07-15 00:00:00-04:00,5.300000190734863,5.440000057220459,5.210000038146973,5.25,13000,0.0,0.0
2024-07-16 00:00:00-04:00,4.920000076293945,5.400000095367432,4.920000076293945,5.28000020980835,20100,0.0,0.0
2024-07-17 00:00:00-04:00,5.309999942779541,5.400000095367432,5.079999923706055,5.21999979019165,27700,0.0,0.0
2024-07-18 00:00:00-04:00,5.199999809265137,5.416999816894531,5.085999965667725,5.230000019073486,19200,0.0,0.0
2024-07-19 00:00:00-04:00,5.25,5.360000133514404,5.15500020980835,5.21999979019165,5500,0.0,0.0
2024-07-22 00:00:00-04:00,5.179999828338623,5.239999771118164,5.119999885559082,5.239999771118164,6900,0.0,0.0
2024-07-23 00:00:00-04:00,5.230000019073486,5.360000133514404,5.159999847412109,5.21999979019165,12800,0.0,0.0
2024-07-24 00:00:00-04:00,5.21999979019165,5.349999904632568,5.21999979019165,5.289999961853027,10500,0.0,0.0
2024-07-25 00:00:00-04:00,5.25,5.320000171661377,5.099999904632568,5.25,20700,0.0,0.0
2024-07-26 00:00:00-04:00,5.309999942779541,5.340000152587891,5.21999979019165,5.25,10400,0.0,0.0
2024-07-29 00:00:00-04:00,5.25,5.699999809265137,5.25,5.630000114440918,107700,0.0,0.0
2024-07-30 00:00:00-04:00,5.519999980926514,5.590000152587891,5.329999923706055,5.389999866485596,13900,0.0,0.0
2024-07-31 00:00:00-04:00,5.539999961853027,5.599999904632568,5.179999828338623,5.25,30500,0.0,0.0
2024-08-01 00:00:00-04:00,5.269999980926514,5.5,5.210000038146973,5.449999809265137,17000,0.0,0.0
2024-08-02 00:00:00-04:00,5.400000095367432,5.429999828338623,5.1529998779296875,5.309999942779541,87500,0.0,0.0
2024-08-05 00:00:00-04:00,5.110000133514404,5.300000190734863,5.110000133514404,5.300000190734863,18100,0.0,0.0
2024-08-06 00:00:00-04:00,5.199999809265137,5.289999961853027,5.177000045776367,5.269999980926514,5000,0.0,0.0
2024-08-07 00:00:00-04:00,5.239999771118164,5.5,5.230000019073486,5.460000038146973,16600,0.0,0.0
2024-08-08 00:00:00-04:00,5.409999847412109,5.409999847412109,5.300000190734863,5.360000133514404,7000,0.0,0.0
2024-08-09 00:00:00-04:00,5.289999961853027,5.409999847412109,5.150000095367432,5.409999847412109,9200,0.0,0.0
2024-08-12 00:00:00-04:00,5.409999847412109,5.489999771118164,5.296000003814697,5.425000190734863,16100,0.0,0.0
2024-08-13 00:00:00-04:00,5.349999904632568,5.570000171661377,5.300000190734863,5.315999984741211,30800,0.0,0.0
2024-08-14 00:00:00-04:00,5.349999904632568,5.570000171661377,5.320000171661377,5.519999980926514,67400,0.0,0.0
2024-08-15 00:00:00-04:00,5.329999923706055,5.451000213623047,5.090000152587891,5.150000095367432,92100,0.0,0.0
2024-08-16 00:00:00-04:00,5.170000076293945,5.25,5.139999866485596,5.199999809265137,23600,0.0,0.0
2024-08-19 00:00:00-04:00,5.349999904632568,5.349999904632568,5.150000095367432,5.21999979019165,22800,0.0,0.0
2024-08-20 00:00:00-04:00,5.239999771118164,5.539999961853027,5.21999979019165,5.300000190734863,20200,0.0,0.0
2024-08-21 00:00:00-04:00,5.349999904632568,5.429999828338623,5.21999979019165,5.300000190734863,20200,0.0,0.0
2024-08-22 00:00:00-04:00,5.21999979019165,5.383999824523926,5.21999979019165,5.300000190734863,11500,0.0,0.0
2024-08-23 00:00:00-04:00,5.28000020980835,5.449999809265137,5.25,5.260000228881836,42100,0.0,0.0
2024-08-26 00:00:00-04:00,5.260000228881836,5.260000228881836,5.21999979019165,5.21999979019165,17300,0.0,0.0
2024-08-27 00:00:00-04:00,5.239999771118164,5.25,5.2210001945495605,5.25,5100,0.0,0.0
2024-08-28 00:00:00-04:00,5.25,5.25,5.139999866485596,5.150000095367432,18300,0.0,0.0
2024-08-29 00:00:00-04:00,5.210000038146973,5.25,5.158999919891357,5.25,12200,0.0,0.0
2024-08-30 00:00:00-04:00,5.25,5.25,5.039999961853027,5.050000190734863,21700,0.0,0.0
2024-09-03 00:00:00-04:00,5.099999904632568,5.119999885559082,5.010000228881836,5.025000095367432,12900,0.0,0.0
2024-09-04 00:00:00-04:00,5.130000114440918,5.130000114440918,4.900000095367432,4.929999828338623,21400,0.0,0.0
2024-09-05 00:00:00-04:00,4.909999847412109,5.019999980926514,4.610000133514404,4.610000133514404,29700,0.0,0.0
2024-09-06 00:00:00-04:00,4.690000057220459,4.989999771118164,4.619999885559082,4.940000057220459,19500,0.0,0.0
2024-09-09 00:00:00-04:00,4.989999771118164,5.110000133514404,4.760000228881836,4.96999979019165,18100,0.0,0.0
2024-09-10 00:00:00-04:00,4.823999881744385,4.96999979019165,4.784999847412109,4.880000114440918,12100,0.0,0.0
2024-09-11 00:00:00-04:00,4.840000152587891,4.909999847412109,4.829999923706055,4.829999923706055,5800,0.0,0.0
2024-09-12 00:00:00-04:00,4.989999771118164,4.989999771118164,4.800000190734863,4.885000228881836,14200,0.0,0.0
2024-09-13 00:00:00-04:00,4.880000114440918,4.880000114440918,4.789999961853027,4.800000190734863,15600,0.0,0.0
2024-09-16 00:00:00-04:00,4.849999904632568,4.849999904632568,4.800000190734863,4.809999942779541,4700,0.0,0.0
2024-09-17 00:00:00-04:00,4.824999809265137,4.984000205993652,4.800000190734863,4.840000152587891,21900,0.0,0.0
2024-09-18 00:00:00-04:00,4.889999866485596,4.900000095367432,4.738999843597412,4.769999980926514,28700,0.0,0.0
2024-09-19 00:00:00-04:00,4.803999900817871,4.989999771118164,4.78000020980835,4.949999809265137,16000,0.0,0.0
2024-09-20 00:00:00-04:00,4.97599983215332,5.0,4.75,4.75,30000,0.0,0.0
2024-09-23 00:00:00-04:00,4.760000228881836,4.925000190734863,4.679999828338623,4.789999961853027,20400,0.0,0.0
2024-09-24 00:00:00-04:00,4.75,4.979000091552734,4.75,4.809999942779541,26500,0.0,0.0
2024-09-25 00:00:00-04:00,4.800000190734863,4.934000015258789,4.75,4.7789998054504395,15000,0.0,0.0
2024-09-26 00:00:00-04:00,4.800000190734863,4.890999794006348,4.690000057220459,4.800000190734863,19700,0.0,0.0
2024-09-27 00:00:00-04:00,4.900000095367432,4.998000144958496,4.760000228881836,4.909999847412109,21300,0.0,0.0
2024-09-30 00:00:00-04:00,4.889999866485596,4.96999979019165,4.769999980926514,4.920000076293945,26200,0.0,0.0
2024-10-01 00:00:00-04:00,4.96999979019165,4.96999979019165,4.710000038146973,4.730000019073486,25200,0.0,0.0
2024-10-02 00:00:00-04:00,4.730000019073486,4.815000057220459,4.699999809265137,4.71999979019165,13500,0.0,0.0
2024-10-03 00:00:00-04:00,4.75,4.880000114440918,4.619999885559082,4.619999885559082,19900,0.0,0.0
2024-10-04 00:00:00-04:00,4.619999885559082,4.822999954223633,4.599999904632568,4.605000019073486,12000,0.0,0.0
2024-10-07 00:00:00-04:00,4.630000114440918,4.75,4.630000114440918,4.710000038146973,18500,0.0,0.0
2024-10-08 00:00:00-04:00,4.78000020980835,4.78000020980835,4.610000133514404,4.730000019073486,6800,0.0,0.0
2024-10-09 00:00:00-04:00,4.699999809265137,4.760000228881836,4.639999866485596,4.699999809265137,16200,0.0,0.0
2024-10-10 00:00:00-04:00,4.739999771118164,4.860000133514404,4.650000095367432,4.78000020980835,14300,0.0,0.0
2024-10-11 00:00:00-04:00,4.889999866485596,4.980000019073486,4.78000020980835,4.980000019073486,27700,0.0,0.0
2024-10-14 00:00:00-04:00,4.989999771118164,5.28000020980835,4.910999774932861,5.210000038146973,54100,0.0,0.0
2024-10-15 00:00:00-04:00,5.340000152587891,5.340000152587891,5.079999923706055,5.260000228881836,8300,0.0,0.0
2024-10-16 00:00:00-04:00,5.28000020980835,5.28000020980835,5.119999885559082,5.269999980926514,15700,0.0,0.0
2024-10-17 00:00:00-04:00,5.215000152587891,5.263000011444092,5.170000076293945,5.230000019073486,8800,0.0,0.0
2024-10-18 00:00:00-04:00,5.260000228881836,5.269999980926514,5.159999847412109,5.179999828338623,7100,0.0,0.0
2024-10-21 00:00:00-04:00,5.239999771118164,5.239999771118164,5.130000114440918,5.139999866485596,8300,0.0,0.0
2024-10-22 00:00:00-04:00,5.179999828338623,5.184999942779541,5.079999923706055,5.090000152587891,5900,0.0,0.0
2024-10-23 00:00:00-04:00,5.139999866485596,5.199999809265137,5.099999904632568,5.099999904632568,6500,0.0,0.0
2024-10-24 00:00:00-04:00,5.119999885559082,5.199999809265137,5.010000228881836,5.190000057220459,11800,0.0,0.0
2024-10-25 00:00:00-04:00,5.199999809265137,5.300000190734863,5.199999809265137,5.269999980926514,30500,0.0,0.0
2024-10-28 00:00:00-04:00,5.28000020980835,5.400000095367432,5.224999904632568,5.400000095367432,19400,0.0,0.0
2024-10-29 00:00:00-04:00,5.400000095367432,5.400000095367432,5.2179999351501465,5.300000190734863,14100,0.0,0.0
2024-10-30 00:00:00-04:00,5.260000228881836,5.650000095367432,5.230000019073486,5.340000152587891,63900,0.0,0.0
2024-10-31 00:00:00-04:00,5.170000076293945,5.578999996185303,5.019999980926514,5.389999866485596,21700,0.0,0.0
2024-11-01 00:00:00-04:00,5.5,5.5,5.110000133514404,5.300000190734863,18100,0.0,0.0
2024-11-04 00:00:00-05:00,5.289999961853027,5.449999809265137,5.269999980926514,5.320000171661377,20900,0.0,0.0
2024-11-05 00:00:00-05:00,5.340000152587891,5.440000057220459,5.269999980926514,5.300000190734863,13600,0.0,0.0
2024-11-06 00:00:00-05:00,5.429999828338623,5.460000038146973,5.295000076293945,5.369999885559082,16700,0.0,0.0
2024-11-07 00:00:00-05:00,5.360000133514404,5.460000038146973,5.21999979019165,5.425000190734863,14600,0.0,0.0
2024-11-08 00:00:00-05:00,5.46999979019165,5.554999828338623,5.420000076293945,5.46999979019165,23200,0.0,0.0
