Date,Open,High,Low,Close,Volume,Dividends,Stock Splits
2018-04-10 00:00:00-04:00,9.241714477539062,9.241714477539062,9.241714477539062,9.241714477539062,850000,0.0,0.0
2018-04-11 00:00:00-04:00,9.232057571411133,9.232057571411133,9.232057571411133,9.232057571411133,380100,0.0,0.0
2018-04-12 00:00:00-04:00,9.222400665283203,9.222400665283203,9.222400665283203,9.222400665283203,260000,0.0,0.0
2018-04-13 00:00:00-04:00,9.222400665283203,9.222400665283203,9.222400665283203,9.222400665283203,200000,0.0,0.0
2018-04-16 00:00:00-04:00,9.222400665283203,9.222400665283203,9.222400665283203,9.222400665283203,0,0.0,0.0
2018-04-17 00:00:00-04:00,9.222400665283203,9.222400665283203,9.222400665283203,9.222400665283203,0,0.0,0.0
2018-04-18 00:00:00-04:00,9.222400665283203,9.222400665283203,9.222400665283203,9.222400665283203,0,0.0,0.0
2018-04-19 00:00:00-04:00,9.251371383666992,9.251371383666992,9.251371383666992,9.251371383666992,100000,0.0,0.0
2018-04-20 00:00:00-04:00,9.251371383666992,9.251371383666992,9.251371383666992,9.251371383666992,0,0.0,0.0
2018-04-23 00:00:00-04:00,9.251371383666992,9.251371383666992,9.251371383666992,9.251371383666992,0,0.0,0.0
2018-04-24 00:00:00-04:00,9.251371383666992,9.251371383666992,9.251371383666992,9.251371383666992,150000,0.0,0.0
2018-04-25 00:00:00-04:00,9.251371383666992,9.251371383666992,9.251371383666992,9.251371383666992,0,0.0,0.0
2018-04-26 00:00:00-04:00,9.251371383666992,9.251371383666992,9.251371383666992,9.251371383666992,0,0.0,0.0
2018-04-27 00:00:00-04:00,9.251371383666992,9.251371383666992,9.251371383666992,9.251371383666992,0,0.0,0.0
2018-04-30 00:00:00-04:00,9.270685753613614,9.270685753613614,9.251371383666992,9.251371383666992,800800,0.0,0.0
2018-05-01 00:00:00-04:00,9.251371383666992,9.251371383666992,9.251371383666992,9.251371383666992,0,0.0,0.0
2018-05-02 00:00:00-04:00,9.251371383666992,9.251371383666992,9.251371383666992,9.251371383666992,0,0.0,0.0
2018-05-03 00:00:00-04:00,9.251371383666992,9.251371383666992,9.251371383666992,9.251371383666992,0,0.0,0.0
2018-05-04 00:00:00-04:00,9.251371383666992,9.251371383666992,9.251371383666992,9.251371383666992,0,0.0,0.0
2018-05-07 00:00:00-04:00,9.274547509915298,9.367254083673584,9.251370636235782,9.30931282043457,18100,0.0,0.0
2018-05-08 00:00:00-04:00,9.30931282043457,9.30931282043457,9.30931282043457,9.30931282043457,0,0.0,0.0
2018-05-09 00:00:00-04:00,9.289999008178711,9.289999008178711,9.289999008178711,9.289999008178711,560700,0.0,0.0
2018-05-10 00:00:00-04:00,9.289999008178711,9.289999008178711,9.289999008178711,9.289999008178711,0,0.0,0.0
2018-05-11 00:00:00-04:00,9.251371383666992,9.251371383666992,9.251371383666992,9.251371383666992,5000,0.0,0.0
2018-05-14 00:00:00-04:00,9.261028289794922,9.261028289794922,9.261028289794922,9.261028289794922,200,0.0,0.0
2018-05-15 00:00:00-04:00,9.251371383666992,9.261028568640304,9.251371383666992,9.251371383666992,855500,0.0,0.0
2018-05-16 00:00:00-04:00,9.251371383666992,9.251371383666992,9.251371383666992,9.251371383666992,0,0.0,0.0
2018-05-17 00:00:00-04:00,9.251371383666992,9.251371383666992,9.251371383666992,9.251371383666992,0,0.0,0.0
2018-05-18 00:00:00-04:00,9.2899981165906,9.328625931008366,9.241713118328454,9.288066864013672,8900,0.0,0.0
2018-05-21 00:00:00-04:00,9.280341459355428,9.280341459355428,9.270685195922852,9.270685195922852,500,0.0,0.0
2018-05-22 00:00:00-04:00,9.405882376193706,9.405882376193706,9.241713920429847,9.261028289794922,406300,0.0,0.0
2018-05-23 00:00:00-04:00,9.270685195922852,9.270685195922852,9.270685195922852,9.270685195922852,1000,0.0,0.0
2018-05-24 00:00:00-04:00,9.280341738200176,9.280341738200176,9.261028289794922,9.261028289794922,125500,0.0,0.0
2018-05-25 00:00:00-04:00,9.261028289794922,9.261028289794922,9.261028289794922,9.261028289794922,0,0.0,0.0
2018-05-29 00:00:00-04:00,9.261028289794922,9.261028289794922,9.261028289794922,9.261028289794922,0,0.0,0.0
2018-05-30 00:00:00-04:00,9.261028289794922,9.261028289794922,9.261028289794922,9.261028289794922,0,0.0,0.0
2018-05-31 00:00:00-04:00,9.318969836560473,9.318969836560473,9.251371383666992,9.251371383666992,52000,0.0,0.0
2018-06-01 00:00:00-04:00,9.289999008178711,9.289999008178711,9.289999008178711,9.289999008178711,1000,0.0,0.0
2018-06-04 00:00:00-04:00,9.289999008178711,9.289999008178711,9.289999008178711,9.289999008178711,0,0.0,0.0
2018-06-05 00:00:00-04:00,9.289998452048383,9.30931282043457,9.270685004621969,9.30931282043457,27800,0.0,0.0
2018-06-06 00:00:00-04:00,9.30931282043457,9.30931282043457,9.30931282043457,9.30931282043457,200,0.0,0.0
2018-06-07 00:00:00-04:00,9.309313462663017,9.3189697265625,9.309313462663017,9.3189697265625,1000,0.0,0.0
2018-06-08 00:00:00-04:00,9.3189697265625,9.3189697265625,9.3189697265625,9.3189697265625,0,0.0,0.0
2018-06-11 00:00:00-04:00,9.3189697265625,9.3189697265625,9.3189697265625,9.3189697265625,0,0.0,0.0
2018-06-12 00:00:00-04:00,9.270685837949475,9.280342102050781,9.261028652888312,9.280342102050781,37100,0.0,0.0
2018-06-13 00:00:00-04:00,9.280342102050781,9.280342102050781,9.280342102050781,9.280342102050781,0,0.0,0.0
2018-06-14 00:00:00-04:00,9.280342102050781,9.280342102050781,9.280342102050781,9.280342102050781,0,0.0,0.0
2018-06-15 00:00:00-04:00,9.280342102050781,9.280342102050781,9.280342102050781,9.280342102050781,0,0.0,0.0
2018-06-18 00:00:00-04:00,9.280342102050781,9.280342102050781,9.280342102050781,9.280342102050781,0,0.0,0.0
2018-06-19 00:00:00-04:00,9.280342102050781,9.280342102050781,9.280342102050781,9.280342102050781,0,0.0,0.0
2018-06-20 00:00:00-04:00,9.280342102050781,9.280342102050781,9.280342102050781,9.280342102050781,0,0.0,0.0
2018-06-21 00:00:00-04:00,9.270685195922852,9.270685195922852,9.270685195922852,9.270685195922852,2100,0.0,0.0
2018-06-22 00:00:00-04:00,9.270685195922852,9.280341459355428,9.270685195922852,9.270685195922852,271900,0.0,0.0
2018-06-25 00:00:00-04:00,9.270685195922852,9.270685195922852,9.270685195922852,9.270685195922852,0,0.0,0.0
2018-06-26 00:00:00-04:00,9.261028011530483,9.270685195922852,9.261028011530483,9.270685195922852,1100,0.0,0.0
2018-06-27 00:00:00-04:00,9.270685195922852,9.270685195922852,9.270685195922852,9.270685195922852,0,0.0,0.0
2018-06-28 00:00:00-04:00,9.280342102050781,9.280342102050781,9.280342102050781,9.280342102050781,5000,0.0,0.0
2018-06-29 00:00:00-04:00,9.280342102050781,9.280342102050781,9.280342102050781,9.280342102050781,0,0.0,0.0
2018-07-02 00:00:00-04:00,9.280342102050781,9.280342102050781,9.280342102050781,9.280342102050781,0,0.0,0.0
2018-07-03 00:00:00-04:00,9.280342102050781,9.280342102050781,9.280342102050781,9.280342102050781,495000,0.0,0.0
2018-07-05 00:00:00-04:00,9.280342102050781,9.280342102050781,9.280342102050781,9.280342102050781,0,0.0,0.0
2018-07-06 00:00:00-04:00,9.280342102050781,9.280342102050781,9.280342102050781,9.280342102050781,0,0.0,0.0
2018-07-09 00:00:00-04:00,9.280342102050781,9.280342102050781,9.280342102050781,9.280342102050781,0,0.0,0.0
2018-07-10 00:00:00-04:00,9.280342102050781,9.280342102050781,9.280342102050781,9.280342102050781,0,0.0,0.0
2018-07-11 00:00:00-04:00,9.280342102050781,9.280342102050781,9.280342102050781,9.280342102050781,0,0.0,0.0
2018-07-12 00:00:00-04:00,9.280342102050781,9.280342102050781,9.280342102050781,9.280342102050781,0,0.0,0.0
2018-07-13 00:00:00-04:00,9.280342102050781,9.280342102050781,9.280342102050781,9.280342102050781,0,0.0,0.0
2018-07-16 00:00:00-04:00,9.280342102050781,9.280342102050781,9.280342102050781,9.280342102050781,0,0.0,0.0
2018-07-17 00:00:00-04:00,9.251371274466928,9.3189697265625,9.251371274466928,9.3189697265625,237000,0.0,0.0
2018-07-18 00:00:00-04:00,9.3189697265625,9.3189697265625,9.3189697265625,9.3189697265625,0,0.0,0.0
2018-07-19 00:00:00-04:00,9.251371383666992,9.251371383666992,9.251371383666992,9.251371383666992,148800,0.0,0.0
2018-07-20 00:00:00-04:00,9.251371383666992,9.251371383666992,9.251371383666992,9.251371383666992,0,0.0,0.0
2018-07-23 00:00:00-04:00,9.251371383666992,9.251371383666992,9.251371383666992,9.251371383666992,0,0.0,0.0
2018-07-24 00:00:00-04:00,9.251371383666992,9.251371383666992,9.251371383666992,9.251371383666992,0,0.0,0.0
2018-07-25 00:00:00-04:00,9.251371383666992,9.251371383666992,9.251371383666992,9.251371383666992,0,0.0,0.0
2018-07-26 00:00:00-04:00,9.232057571411133,9.232057571411133,9.232057571411133,9.232057571411133,150000,0.0,0.0
2018-07-27 00:00:00-04:00,9.232057571411133,9.232057571411133,9.232057571411133,9.232057571411133,1000,0.0,0.0
2018-07-30 00:00:00-04:00,9.232057571411133,9.232057571411133,9.232057571411133,9.232057571411133,0,0.0,0.0
2018-07-31 00:00:00-04:00,9.232057571411133,9.232057571411133,9.232057571411133,9.232057571411133,0,0.0,0.0
2018-08-01 00:00:00-04:00,9.251371383666992,9.251371383666992,9.251371383666992,9.251371383666992,65000,0.0,0.0
2018-08-02 00:00:00-04:00,9.251371383666992,9.251371383666992,9.251371383666992,9.251371383666992,0,0.0,0.0
2018-08-03 00:00:00-04:00,9.251371383666992,9.251371383666992,9.251371383666992,9.251371383666992,0,0.0,0.0
2018-08-06 00:00:00-04:00,9.261028289794922,9.261028289794922,9.261028289794922,9.261028289794922,100100,0.0,0.0
2018-08-07 00:00:00-04:00,9.270685195922852,9.289998643747799,9.270685195922852,9.270685195922852,260900,0.0,0.0
2018-08-08 00:00:00-04:00,9.270685195922852,9.270685195922852,9.270685195922852,9.270685195922852,0,0.0,0.0
2018-08-09 00:00:00-04:00,9.270685195922852,9.270685195922852,9.270685195922852,9.270685195922852,0,0.0,0.0
2018-08-10 00:00:00-04:00,9.270685195922852,9.270685195922852,9.270685195922852,9.270685195922852,0,0.0,0.0
2018-08-13 00:00:00-04:00,9.299656867980957,9.299656867980957,9.299656867980957,9.299656867980957,1000,0.0,0.0
2018-08-14 00:00:00-04:00,9.299656867980957,9.299656867980957,9.299656867980957,9.299656867980957,0,0.0,0.0
2018-08-15 00:00:00-04:00,9.299656867980957,9.299656867980957,9.299656867980957,9.299656867980957,100000,0.0,0.0
2018-08-16 00:00:00-04:00,9.299656867980957,9.299656867980957,9.299656867980957,9.299656867980957,0,0.0,0.0
2018-08-17 00:00:00-04:00,9.299656867980957,9.299656867980957,9.299656867980957,9.299656867980957,0,0.0,0.0
2018-08-20 00:00:00-04:00,9.30931301253254,9.318969275965117,9.270685195922852,9.270685195922852,5600,0.0,0.0
2018-08-21 00:00:00-04:00,9.289999008178711,9.289999008178711,9.289999008178711,9.289999008178711,1000,0.0,0.0
2018-08-22 00:00:00-04:00,9.289999008178711,9.289999008178711,9.289999008178711,9.289999008178711,20000,0.0,0.0
2018-08-23 00:00:00-04:00,9.3189697265625,9.3189697265625,9.289999092944376,9.3189697265625,601700,0.0,0.0
2018-08-24 00:00:00-04:00,9.3189697265625,9.3189697265625,9.3189697265625,9.3189697265625,37000,0.0,0.0
2018-08-27 00:00:00-04:00,9.309313462663017,9.3189697265625,9.309313462663017,9.3189697265625,87600,0.0,0.0
2018-08-28 00:00:00-04:00,9.309313462663017,9.3189697265625,9.309313462663017,9.3189697265625,1500,0.0,0.0
2018-08-29 00:00:00-04:00,9.338284096281143,9.338284096281143,9.3189697265625,9.3189697265625,27600,0.0,0.0
2018-08-30 00:00:00-04:00,9.33828353881836,9.33828353881836,9.33828353881836,9.33828353881836,1400,0.0,0.0
2018-08-31 00:00:00-04:00,9.415538787841797,9.415538787841797,9.31896879086465,9.415538787841797,30600,0.0,0.0
2018-09-04 00:00:00-04:00,9.415538787841797,9.415538787841797,9.415538787841797,9.415538787841797,0,0.0,0.0
2018-09-05 00:00:00-04:00,9.376911163330078,9.415538978712044,9.376911163330078,9.376911163330078,36200,0.0,0.0
2018-09-06 00:00:00-04:00,9.367254257202148,9.367254257202148,9.367254257202148,9.367254257202148,100,0.0,0.0
2018-09-07 00:00:00-04:00,9.367254257202148,9.367254257202148,9.367254257202148,9.367254257202148,100,0.0,0.0
2018-09-10 00:00:00-04:00,9.367254729899269,9.367254729899269,9.289999092944376,9.3189697265625,700,0.0,0.0
2018-09-11 00:00:00-04:00,9.3189697265625,9.3189697265625,9.3189697265625,9.3189697265625,0,0.0,0.0
2018-09-12 00:00:00-04:00,9.364356917698592,9.367254257202148,9.364356917698592,9.367254257202148,600,0.0,0.0
2018-09-13 00:00:00-04:00,9.367254257202148,9.367254257202148,9.367254257202148,9.367254257202148,0,0.0,0.0
2018-09-14 00:00:00-04:00,9.3189697265625,9.3189697265625,9.3189697265625,9.3189697265625,55000,0.0,0.0
2018-09-17 00:00:00-04:00,9.31896908366789,9.31896908366789,9.30931282043457,9.30931282043457,300,0.0,0.0
2018-09-18 00:00:00-04:00,9.30931282043457,9.31896908366789,9.30931282043457,9.30931282043457,23700,0.0,0.0
2018-09-19 00:00:00-04:00,9.30931282043457,9.30931282043457,9.30931282043457,9.30931282043457,0,0.0,0.0
2018-09-20 00:00:00-04:00,9.30931282043457,9.30931282043457,9.30931282043457,9.30931282043457,0,0.0,0.0
2018-09-21 00:00:00-04:00,9.33828353881836,9.33828353881836,9.33828353881836,9.33828353881836,100,0.0,0.0
2018-09-24 00:00:00-04:00,9.33828353881836,9.33828353881836,9.33828353881836,9.33828353881836,40000,0.0,0.0
2018-09-25 00:00:00-04:00,9.318969170252718,9.33828353881836,9.318969170252718,9.33828353881836,54400,0.0,0.0
2018-09-26 00:00:00-04:00,9.33828353881836,9.33828353881836,9.33828353881836,9.33828353881836,0,0.0,0.0
2018-09-27 00:00:00-04:00,9.33828353881836,9.33828353881836,9.33828353881836,9.33828353881836,0,0.0,0.0
2018-09-28 00:00:00-04:00,9.33828353881836,9.33828353881836,9.33828353881836,9.33828353881836,0,0.0,0.0
2018-10-01 00:00:00-04:00,9.33828353881836,9.33828353881836,9.33828353881836,9.33828353881836,0,0.0,0.0
2018-10-02 00:00:00-04:00,9.33828353881836,9.33828353881836,9.33828353881836,9.33828353881836,0,0.0,0.0
2018-10-03 00:00:00-04:00,9.367254257202148,9.367254257202148,9.367254257202148,9.367254257202148,17100,0.0,0.0
2018-10-04 00:00:00-04:00,9.444509890258512,9.444509890258512,9.367254257202148,9.367254257202148,2900,0.0,0.0
2018-10-05 00:00:00-04:00,9.367254257202148,9.367254257202148,9.367254257202148,9.367254257202148,0,0.0,0.0
2018-10-08 00:00:00-04:00,9.367254257202148,9.370151596705705,9.367254257202148,9.367254257202148,1000,0.0,0.0
2018-10-09 00:00:00-04:00,9.34794072310118,9.34794072310118,9.33828353881836,9.33828353881836,6600,0.0,0.0
2018-10-10 00:00:00-04:00,9.33828353881836,9.33828353881836,9.33828353881836,9.33828353881836,0,0.0,0.0
2018-10-11 00:00:00-04:00,9.33828353881836,9.33828353881836,9.33828353881836,9.33828353881836,0,0.0,0.0
2018-10-12 00:00:00-04:00,9.318969262811152,9.347940815947368,9.174115180969238,9.174115180969238,5300,0.0,0.0
2018-10-15 00:00:00-04:00,9.318970317965436,9.318970317965436,9.222401226123246,9.299656867980957,35000,0.0,0.0
2018-10-16 00:00:00-04:00,9.299656867980957,9.299656867980957,9.299656867980957,9.299656867980957,0,0.0,0.0
2018-10-17 00:00:00-04:00,9.299656867980957,9.299656867980957,9.299656867980957,9.299656867980957,0,0.0,0.0
2018-10-18 00:00:00-04:00,9.3189697265625,9.3189697265625,9.3189697265625,9.3189697265625,1000,0.0,0.0
2018-10-19 00:00:00-04:00,9.3189697265625,9.3189697265625,9.3189697265625,9.3189697265625,0,0.0,0.0
2018-10-22 00:00:00-04:00,9.3189697265625,9.3189697265625,9.3189697265625,9.3189697265625,0,0.0,0.0
2018-10-23 00:00:00-04:00,9.3189697265625,9.3189697265625,9.3189697265625,9.3189697265625,0,0.0,0.0
2018-10-24 00:00:00-04:00,9.3189697265625,9.3189697265625,9.3189697265625,9.3189697265625,0,0.0,0.0
2018-10-25 00:00:00-04:00,9.3189697265625,9.3189697265625,9.3189697265625,9.3189697265625,0,0.0,0.0
2018-10-26 00:00:00-04:00,9.3189697265625,9.3189697265625,9.3189697265625,9.3189697265625,0,0.0,0.0
2018-10-29 00:00:00-04:00,9.3189697265625,9.3189697265625,9.3189697265625,9.3189697265625,0,0.0,0.0
2018-10-30 00:00:00-04:00,9.299655999937922,9.32862663269043,9.299655999937922,9.32862663269043,3300,0.0,0.0
2018-10-31 00:00:00-04:00,9.32862663269043,9.32862663269043,9.32862663269043,9.32862663269043,0,0.0,0.0
2018-11-01 00:00:00-04:00,9.328626936137665,9.328626936137665,9.174115661818506,9.222400665283203,13000,0.0,0.0
2018-11-02 00:00:00-04:00,9.222400665283203,9.222400665283203,9.222400665283203,9.222400665283203,0,0.0,0.0
2018-11-05 00:00:00-05:00,9.222400665283203,9.222400665283203,9.222400665283203,9.222400665283203,0,0.0,0.0
2018-11-06 00:00:00-05:00,9.309313462663017,9.3189697265625,9.309313462663017,9.3189697265625,1900,0.0,0.0
2018-11-07 00:00:00-05:00,9.328626911421821,9.32959299829169,9.3189697265625,9.3189697265625,5600,0.0,0.0
2018-11-08 00:00:00-05:00,9.3189697265625,9.3189697265625,9.3189697265625,9.3189697265625,0,0.0,0.0
2018-11-09 00:00:00-05:00,9.3189697265625,9.3189697265625,9.3189697265625,9.3189697265625,0,0.0,0.0
2018-11-12 00:00:00-05:00,9.33828353881836,9.339248704670771,9.33828353881836,9.33828353881836,61600,0.0,0.0
2018-11-13 00:00:00-05:00,9.33828353881836,9.33828353881836,9.33828353881836,9.33828353881836,0,0.0,0.0
2018-11-14 00:00:00-05:00,9.33828353881836,9.33828353881836,9.33828353881836,9.33828353881836,0,0.0,0.0
2018-11-15 00:00:00-05:00,9.33828353881836,9.33828353881836,9.33828353881836,9.33828353881836,0,0.0,0.0
2018-11-16 00:00:00-05:00,9.367254270221194,9.463824272155762,9.367254270221194,9.463824272155762,2200,0.0,0.0
2018-11-19 00:00:00-05:00,9.434853832226256,9.434853832226256,9.367254461110576,9.425196647644043,14300,0.0,0.0
2018-11-20 00:00:00-05:00,9.434853553771973,9.434853553771973,9.434853553771973,9.434853553771973,300,0.0,0.0
2018-11-21 00:00:00-05:00,9.434853639959309,9.463824272155762,9.434853639959309,9.463824272155762,400,0.0,0.0
2018-11-23 00:00:00-05:00,9.463824540405183,9.463824540405183,9.357597351074219,9.357597351074219,17000,0.0,0.0
2018-11-26 00:00:00-05:00,9.357597351074219,9.357597351074219,9.357597351074219,9.357597351074219,0,0.0,0.0
2018-11-27 00:00:00-05:00,9.376912200886046,9.405882835388184,9.376912200886046,9.405882835388184,87000,0.0,0.0
2018-11-28 00:00:00-05:00,9.405882835388184,9.405882835388184,9.405882835388184,9.405882835388184,0,0.0,0.0
2018-11-29 00:00:00-05:00,9.3189697265625,9.3189697265625,9.3189697265625,9.3189697265625,150000,0.0,0.0
2018-11-30 00:00:00-05:00,9.338284020189002,9.386569023132324,9.338284020189002,9.386569023132324,12600,0.0,0.0
2018-12-03 00:00:00-05:00,9.386569023132324,9.386569023132324,9.386569023132324,9.386569023132324,0,0.0,0.0
2018-12-04 00:00:00-05:00,9.386569023132324,9.386569023132324,9.386569023132324,9.386569023132324,0,0.0,0.0
2018-12-06 00:00:00-05:00,9.39622545608744,9.444510459899902,9.386569192092823,9.444510459899902,95200,0.0,0.0
2018-12-07 00:00:00-05:00,9.444510459899902,9.444510459899902,9.444510459899902,9.444510459899902,0,0.0,0.0
2018-12-10 00:00:00-05:00,9.444509903384931,9.463824272155762,9.415539271188479,9.463824272155762,2600,0.0,0.0
2018-12-11 00:00:00-05:00,9.454166953868677,9.455133040677453,9.43485350633118,9.435818672180176,1700,0.0,0.0
2018-12-12 00:00:00-05:00,9.444510459899902,9.444510459899902,9.444510459899902,9.444510459899902,50200,0.0,0.0
2018-12-13 00:00:00-05:00,9.444509817109385,9.444509817109385,9.434853553771973,9.434853553771973,1600,0.0,0.0
2018-12-14 00:00:00-05:00,9.434853553771973,9.434853553771973,9.434853553771973,9.434853553771973,300,0.0,0.0
2018-12-17 00:00:00-05:00,9.444509903384931,9.463824272155762,9.289998637057456,9.463824272155762,2800,0.0,0.0
2018-12-18 00:00:00-05:00,9.444510181358183,9.454167366027832,9.444510181358183,9.454167366027832,300,0.0,0.0
2018-12-19 00:00:00-05:00,9.454167366027832,9.454167366027832,9.454167366027832,9.454167366027832,0,0.0,0.0
2018-12-20 00:00:00-05:00,9.454167366027832,9.454167366027832,9.454167366027832,9.454167366027832,100,0.0,0.0
2018-12-21 00:00:00-05:00,9.434853553771973,9.434853553771973,9.434853553771973,9.434853553771973,600,0.0,0.0
2018-12-24 00:00:00-05:00,9.45320127917694,9.454167366027832,9.434853917648356,9.454167366027832,22900,0.0,0.0
2018-12-26 00:00:00-05:00,9.454167366027832,9.454167366027832,9.454167366027832,9.454167366027832,0,0.0,0.0
2018-12-27 00:00:00-05:00,9.454167366027832,9.454167366027832,9.454167366027832,9.454167366027832,0,0.0,0.0
2018-12-28 00:00:00-05:00,9.454167366027832,9.454167366027832,9.454167366027832,9.454167366027832,0,0.0,0.0
2018-12-31 00:00:00-05:00,9.463824272155762,9.463824272155762,9.454167087770347,9.463824272155762,10000,0.0,0.0
2019-01-02 00:00:00-05:00,9.473481178283691,9.473481178283691,9.473481178283691,9.473481178283691,3000,0.0,0.0
2019-01-03 00:00:00-05:00,9.46382399418193,9.473481178283691,9.425196178734646,9.473481178283691,600,0.0,0.0
2019-01-04 00:00:00-05:00,9.476377875088968,9.476377875088968,9.463824272155762,9.463824272155762,6100,0.0,0.0
2019-01-07 00:00:00-05:00,9.464789438018428,9.464789438018428,9.463824272155762,9.463824272155762,3000,0.0,0.0
2019-01-08 00:00:00-05:00,9.483138084411621,9.483138084411621,9.483138084411621,9.483138084411621,10000,0.0,0.0
2019-01-09 00:00:00-05:00,9.415539749628067,9.512109756469727,9.415539749628067,9.512109756469727,15600,0.0,0.0
2019-01-10 00:00:00-05:00,9.512109756469727,9.541080390138289,9.512109756469727,9.512109756469727,1200,0.0,0.0
2019-01-11 00:00:00-05:00,9.512109756469727,9.512109756469727,9.512109756469727,9.512109756469727,25000,0.0,0.0
2019-01-14 00:00:00-05:00,9.512109756469727,9.512109756469727,9.512109756469727,9.512109756469727,0,0.0,0.0
2019-01-15 00:00:00-05:00,9.52176570892334,9.52176570892334,9.52176570892334,9.52176570892334,1000,0.0,0.0
2019-01-16 00:00:00-05:00,9.541080474853516,9.541080474853516,9.541080474853516,9.541080474853516,10500,0.0,0.0
2019-01-17 00:00:00-05:00,9.541080474853516,9.541080474853516,9.541080474853516,9.541080474853516,100,0.0,0.0
2019-01-18 00:00:00-05:00,9.542046003368513,9.560394287109375,9.542046003368513,9.560394287109375,126600,0.0,0.0
2019-01-22 00:00:00-05:00,9.550737380981445,9.5700508293815,9.52176582694163,9.550737380981445,6600,0.0,0.0
2019-01-23 00:00:00-05:00,9.550737380981445,9.550737380981445,9.550737380981445,9.550737380981445,0,0.0,0.0
2019-01-24 00:00:00-05:00,9.579708099365234,9.579708099365234,9.579708099365234,9.579708099365234,3000,0.0,0.0
2019-01-25 00:00:00-05:00,9.570050636522517,9.589365005493164,9.570050636522517,9.589365005493164,5200,0.0,0.0
2019-01-28 00:00:00-05:00,9.589365005493164,9.589365005493164,9.589365005493164,9.589365005493164,0,0.0,0.0
2019-01-29 00:00:00-05:00,9.589365647449139,9.599021911621094,9.589365647449139,9.599021911621094,2000,0.0,0.0
2019-01-30 00:00:00-05:00,9.60867846241567,9.621232986450195,9.60867846241567,9.621232986450195,10100,0.0,0.0
2019-01-31 00:00:00-05:00,9.608678817749023,9.608678817749023,9.608678817749023,9.608678817749023,1000,0.0,0.0
2019-02-01 00:00:00-05:00,9.608678817749023,9.608678817749023,9.608678817749023,9.608678817749023,0,0.0,0.0
2019-02-04 00:00:00-05:00,9.637649536132812,9.637649536132812,9.637649536132812,9.637649536132812,10000,0.0,0.0
2019-02-05 00:00:00-05:00,9.637649536132812,9.637649536132812,9.637649536132812,9.637649536132812,0,0.0,0.0
2019-02-06 00:00:00-05:00,9.618336481693131,9.656964302062988,9.618336481693131,9.656964302062988,10300,0.0,0.0
2019-02-07 00:00:00-05:00,9.72456169128418,9.72456169128418,9.72456169128418,9.72456169128418,200,0.0,0.0
2019-02-08 00:00:00-05:00,9.656964302062988,9.656964302062988,9.656964302062988,9.656964302062988,1000,0.0,0.0
2019-02-11 00:00:00-05:00,9.637649536132812,9.637649536132812,9.637649536132812,9.637649536132812,400,0.0,0.0
2019-02-12 00:00:00-05:00,9.637649536132812,9.637649536132812,9.637649536132812,9.637649536132812,0,0.0,0.0
2019-02-13 00:00:00-05:00,9.637649536132812,9.637649536132812,9.637649536132812,9.637649536132812,0,0.0,0.0
2019-02-14 00:00:00-05:00,9.627992630004883,9.627992630004883,9.627992630004883,9.627992630004883,5100,0.0,0.0
2019-02-15 00:00:00-05:00,9.627992630004883,9.627992630004883,9.627992630004883,9.627992630004883,5000,0.0,0.0
2019-02-19 00:00:00-05:00,9.627993667025565,9.656964302062988,9.608679296360696,9.656964302062988,8300,0.0,0.0
2019-02-20 00:00:00-05:00,9.656964302062988,9.656964302062988,9.656964302062988,9.656964302062988,0,0.0,0.0
2019-02-21 00:00:00-05:00,9.637649172060257,9.637649172060257,9.618335723876953,9.618335723876953,1400,0.0,0.0
2019-02-22 00:00:00-05:00,9.647306442260742,9.647306442260742,9.647306442260742,9.647306442260742,100,0.0,0.0
2019-02-25 00:00:00-05:00,9.647306442260742,9.647306442260742,9.647306442260742,9.647306442260742,200,0.0,0.0
2019-02-26 00:00:00-05:00,9.608678624591462,9.647306442260742,9.608678624591462,9.647306442260742,5800,0.0,0.0
2019-02-27 00:00:00-05:00,9.647306442260742,9.647306442260742,9.647306442260742,9.647306442260742,1800,0.0,0.0
2019-02-28 00:00:00-05:00,9.637649931398117,9.656964302062988,9.637649931398117,9.656964302062988,500,0.0,0.0
2019-03-01 00:00:00-05:00,9.62702758010837,9.656964302062988,9.62702758010837,9.656964302062988,11500,0.0,0.0
2019-03-04 00:00:00-05:00,9.666621487395423,9.666621487395423,9.656964302062988,9.656964302062988,14100,0.0,0.0
2019-03-05 00:00:00-05:00,9.656964302062988,9.656964302062988,9.656964302062988,9.656964302062988,553600,0.0,0.0
2019-03-06 00:00:00-05:00,9.647306559993464,9.676278114318848,9.637649375218336,9.676278114318848,20500,0.0,0.0
2019-03-07 00:00:00-05:00,9.666621208190918,9.666621208190918,9.666621208190918,9.666621208190918,300,0.0,0.0
2019-03-08 00:00:00-05:00,9.666621208190918,9.666621208190918,9.666621208190918,9.666621208190918,0,0.0,0.0
2019-03-11 00:00:00-04:00,9.666621208190918,9.666621208190918,9.666621208190918,9.666621208190918,5000,0.0,0.0
2019-03-12 00:00:00-04:00,9.666621208190918,9.666621208190918,9.666621208190918,9.666621208190918,0,0.0,0.0
2019-03-13 00:00:00-04:00,9.666621208190918,9.666621208190918,9.666621208190918,9.666621208190918,100,0.0,0.0
2019-03-14 00:00:00-04:00,9.666621208190918,9.666621208190918,9.666621208190918,9.666621208190918,0,0.0,0.0
2019-03-15 00:00:00-04:00,9.655032181637212,9.685934066772461,9.655032181637212,9.685934066772461,20000,0.0,0.0
2019-03-18 00:00:00-04:00,9.666621014223576,9.705248832702637,9.666621014223576,9.705248832702637,52500,0.0,0.0
2019-03-19 00:00:00-04:00,9.714905738830566,9.714905738830566,9.714905738830566,9.714905738830566,2100,0.0,0.0
2019-03-20 00:00:00-04:00,9.714905738830566,9.714905738830566,9.714905738830566,9.714905738830566,0,0.0,0.0
2019-03-21 00:00:00-04:00,9.724561604502984,9.724561604502984,9.69559097290039,9.69559097290039,6200,0.0,0.0
2019-03-22 00:00:00-04:00,9.69559136966527,9.714905738830566,9.69559136966527,9.714905738830566,25300,0.0,0.0
2019-03-25 00:00:00-04:00,9.714905738830566,9.714905738830566,9.714905738830566,9.714905738830566,0,0.0,0.0
2019-03-26 00:00:00-04:00,9.560393548387614,9.714905738830566,9.560393548387614,9.714905738830566,10600,0.0,0.0
2019-03-27 00:00:00-04:00,9.72456169128418,9.72456169128418,9.72456169128418,9.72456169128418,100,0.0,0.0
2019-03-28 00:00:00-04:00,9.72456169128418,9.72456169128418,9.72456169128418,9.72456169128418,0,0.0,0.0
2019-03-29 00:00:00-04:00,9.73421859741211,9.73421859741211,9.73421859741211,9.73421859741211,1000,0.0,0.0
2019-04-01 00:00:00-04:00,9.73421859741211,9.73421859741211,9.73421859741211,9.73421859741211,66400,0.0,0.0
2019-04-02 00:00:00-04:00,9.73421859741211,9.73421859741211,9.73421859741211,9.73421859741211,0,0.0,0.0
2019-04-03 00:00:00-04:00,9.73421859741211,9.73421859741211,9.714905150376483,9.73421859741211,100600,0.0,0.0
2019-04-04 00:00:00-04:00,9.73421859741211,9.73421859741211,9.73421859741211,9.73421859741211,300,0.0,0.0
2019-04-05 00:00:00-04:00,9.724561413414417,9.73421859741211,9.714905150376483,9.73421859741211,126400,0.0,0.0
2019-04-08 00:00:00-04:00,9.73421859741211,9.73421859741211,9.73421859741211,9.73421859741211,100,0.0,0.0
2019-04-09 00:00:00-04:00,9.72456169128418,9.72456169128418,9.714905427970326,9.72456169128418,1900,0.0,0.0
2019-04-10 00:00:00-04:00,9.72456169128418,9.72456169128418,9.72456169128418,9.72456169128418,100000,0.0,0.0
2019-04-11 00:00:00-04:00,9.73421859741211,9.73421859741211,9.73421859741211,9.73421859741211,4300,0.0,0.0
2019-04-12 00:00:00-04:00,9.753533244105087,9.753533244105087,9.72456169128418,9.72456169128418,75400,0.0,0.0
2019-04-15 00:00:00-04:00,9.72456169128418,9.72456169128418,9.72456169128418,9.72456169128418,0,0.0,0.0
2019-04-16 00:00:00-04:00,9.570051007546002,9.753533836041424,9.570051007546002,9.705248832702637,2700,0.0,0.0
2019-04-17 00:00:00-04:00,9.705248832702637,9.705248832702637,9.705248832702637,9.705248832702637,0,0.0,0.0
2019-04-18 00:00:00-04:00,9.72456169128418,9.72456169128418,9.72456169128418,9.72456169128418,13500,0.0,0.0
2019-04-22 00:00:00-04:00,9.724561413414417,9.73421859741211,9.724561413414417,9.73421859741211,18100,0.0,0.0
2019-04-23 00:00:00-04:00,9.73421859741211,9.73421859741211,9.73421859741211,9.73421859741211,0,0.0,0.0
2019-04-24 00:00:00-04:00,9.73421859741211,9.73421859741211,9.73421859741211,9.73421859741211,2000,0.0,0.0
2019-04-25 00:00:00-04:00,9.73421859741211,9.73421859741211,9.73421859741211,9.73421859741211,3000,0.0,0.0
2019-04-26 00:00:00-04:00,9.7438757814098,9.7438757814098,9.73421859741211,9.73421859741211,26700,0.0,0.0
2019-04-29 00:00:00-04:00,9.753532965407492,9.753532965407492,9.73421859741211,9.73421859741211,5100,0.0,0.0
2019-04-30 00:00:00-04:00,9.734219068136111,9.734219068136111,9.685934066772461,9.685934066772461,1200,0.0,0.0
2019-05-01 00:00:00-04:00,9.753533363342285,9.753533363342285,9.753533363342285,9.753533363342285,369100,0.0,0.0
2019-05-02 00:00:00-04:00,9.753533363342285,9.753533363342285,9.753533363342285,9.753533363342285,0,0.0,0.0
2019-05-03 00:00:00-04:00,9.753533363342285,9.753533363342285,9.753533363342285,9.753533363342285,0,0.0,0.0
2019-05-06 00:00:00-04:00,9.753533363342285,9.753533363342285,9.753533363342285,9.753533363342285,500,0.0,0.0
2019-05-07 00:00:00-04:00,9.772846897249314,9.782504081726074,9.67627781536112,9.782504081726074,6200,0.0,0.0
2019-05-08 00:00:00-04:00,9.782504081726074,9.782504081726074,9.782504081726074,9.782504081726074,0,0.0,0.0
2019-05-09 00:00:00-04:00,9.734219442052074,9.801817893981934,9.734219442052074,9.801817893981934,300,0.0,0.0
2019-05-10 00:00:00-04:00,9.76318999084633,9.772847175598145,9.76318999084633,9.772847175598145,200,0.0,0.0
2019-05-13 00:00:00-04:00,9.772847175598145,9.772847175598145,9.772847175598145,9.772847175598145,0,0.0,0.0
2019-05-14 00:00:00-04:00,9.772847175598145,9.772847175598145,9.772847175598145,9.772847175598145,0,0.0,0.0
2019-05-15 00:00:00-04:00,9.772847175598145,9.772847175598145,9.772847175598145,9.772847175598145,0,0.0,0.0
2019-05-16 00:00:00-04:00,9.772847175598145,9.772847175598145,9.772847175598145,9.772847175598145,0,0.0,0.0
2019-05-17 00:00:00-04:00,9.772847175598145,9.772847175598145,9.772847175598145,9.772847175598145,0,0.0,0.0
2019-05-20 00:00:00-04:00,9.772847175598145,9.772847175598145,9.772847175598145,9.772847175598145,0,0.0,0.0
2019-05-21 00:00:00-04:00,9.772847175598145,9.772847175598145,9.772847175598145,9.772847175598145,0,0.0,0.0
2019-05-22 00:00:00-04:00,9.772847175598145,9.772847175598145,9.772847175598145,9.772847175598145,0,0.0,0.0
2019-05-23 00:00:00-04:00,9.772847175598145,9.772847175598145,9.772847175598145,9.772847175598145,0,0.0,0.0
2019-05-24 00:00:00-04:00,9.772847175598145,9.772847175598145,9.772847175598145,9.772847175598145,0,0.0,0.0
2019-05-28 00:00:00-04:00,9.743876457214355,9.743876457214355,9.743876457214355,9.743876457214355,1000,0.0,0.0
2019-05-29 00:00:00-04:00,9.74387617895059,9.753533363342285,9.74387617895059,9.753533363342285,4300,0.0,0.0
2019-05-30 00:00:00-04:00,9.753533363342285,9.753533363342285,9.753533363342285,9.753533363342285,0,0.0,0.0
2019-05-31 00:00:00-04:00,9.753533363342285,9.753533363342285,9.753533363342285,9.753533363342285,0,0.0,0.0
2019-06-03 00:00:00-04:00,9.753533363342285,9.753533363342285,9.753533363342285,9.753533363342285,0,0.0,0.0
2019-06-04 00:00:00-04:00,9.753533363342285,9.753533363342285,9.753533363342285,9.753533363342285,4800,0.0,0.0
2019-06-05 00:00:00-04:00,9.753533363342285,9.753533363342285,9.753533363342285,9.753533363342285,0,0.0,0.0
2019-06-06 00:00:00-04:00,9.753533363342285,9.753533363342285,9.753533363342285,9.753533363342285,0,0.0,0.0
2019-06-07 00:00:00-04:00,9.792161545101774,9.792161545101774,9.772847175598145,9.772847175598145,7000,0.0,0.0
2019-06-10 00:00:00-04:00,9.753533449255595,9.801817529719793,9.753533449255595,9.782504081726074,261300,0.0,0.0
2019-06-11 00:00:00-04:00,9.801817893981934,9.806646486399757,9.801817893981934,9.801817893981934,328000,0.0,0.0
2019-06-12 00:00:00-04:00,9.801817893981934,9.801817893981934,9.801817893981934,9.801817893981934,0,0.0,0.0
2019-06-13 00:00:00-04:00,9.830789650282053,9.869417469457705,9.8114752802143,9.859760284423828,906100,0.0,0.0
2019-06-14 00:00:00-04:00,9.859759243448833,9.859759243448833,9.821131428351434,9.830788612365723,1600,0.0,0.0
2019-06-17 00:00:00-04:00,9.869417469457705,9.869417469457705,9.859760284423828,9.859760284423828,500,0.0,0.0
2019-06-18 00:00:00-04:00,9.859760284423828,9.859760284423828,9.859760284423828,9.859760284423828,0,0.0,0.0
2019-06-19 00:00:00-04:00,9.840445914356074,9.859760284423828,9.840445914356074,9.859760284423828,268100,0.0,0.0
2019-06-20 00:00:00-04:00,9.869417190551758,9.869417190551758,9.869417190551758,9.869417190551758,300,0.0,0.0
2019-06-21 00:00:00-04:00,9.869417190551758,9.869417190551758,9.869417190551758,9.869417190551758,0,0.0,0.0
2019-06-24 00:00:00-04:00,9.869417190551758,9.869417190551758,9.869417190551758,9.869417190551758,0,0.0,0.0
2019-06-25 00:00:00-04:00,9.830788989833477,9.946672439575195,9.801817436678204,9.946672439575195,289700,0.0,0.0
2019-06-26 00:00:00-04:00,9.840445240249258,9.869416793366229,9.821131792464401,9.850102424621582,15900,0.0,0.0
2019-06-27 00:00:00-04:00,9.850102424621582,9.850102424621582,9.850102424621582,9.850102424621582,0,0.0,0.0
2019-06-28 00:00:00-04:00,9.850102424621582,9.850102424621582,9.850102424621582,9.850102424621582,0,0.0,0.0
2019-07-01 00:00:00-04:00,9.850102424621582,9.850102424621582,9.850102424621582,9.850102424621582,0,0.0,0.0
2019-07-02 00:00:00-04:00,9.850102424621582,9.850102424621582,9.850102424621582,9.850102424621582,1900,0.0,0.0
2019-07-03 00:00:00-04:00,9.850102424621582,9.850102424621582,9.850102424621582,9.850102424621582,0,0.0,0.0
2019-07-05 00:00:00-04:00,9.7921618311064,9.859760284423828,9.7921618311064,9.859760284423828,500,0.0,0.0
2019-07-08 00:00:00-04:00,9.859760284423828,9.859760284423828,9.859760284423828,9.859760284423828,445000,0.0,0.0
2019-07-09 00:00:00-04:00,9.859760284423828,9.859760284423828,9.859760284423828,9.859760284423828,0,0.0,0.0
2019-07-10 00:00:00-04:00,9.859760284423828,9.859760284423828,9.859760284423828,9.859760284423828,0,0.0,0.0
2019-07-11 00:00:00-04:00,9.859760090519558,9.898387908935547,9.859760090519558,9.898387908935547,400,0.0,0.0
2019-07-12 00:00:00-04:00,9.869417051303365,9.879073314968265,9.859759866678651,9.874245643615723,80300,0.0,0.0
2019-07-15 00:00:00-04:00,9.869416879508556,9.879073143005371,9.869416879508556,9.879073143005371,17100,0.0,0.0
2019-07-16 00:00:00-04:00,9.869417190551758,9.869417190551758,9.869417190551758,9.869417190551758,1400,0.0,0.0
2019-07-17 00:00:00-04:00,9.869417190551758,9.869417190551758,9.869417190551758,9.869417190551758,100,0.0,0.0
2019-07-18 00:00:00-04:00,9.850102905675602,9.898387908935547,9.850102905675602,9.898387908935547,3600,0.0,0.0
2019-07-19 00:00:00-04:00,9.879073346474009,9.937015533447266,9.879073346474009,9.937015533447266,5300,0.0,0.0
2019-07-22 00:00:00-04:00,9.86941660172347,9.898387233318102,9.859759417538667,9.8887300491333,446300,0.0,0.0
2019-07-23 00:00:00-04:00,9.879073454352898,9.879073454352898,9.869417190551758,9.869417190551758,900,0.0,0.0
2019-07-24 00:00:00-04:00,9.859760284423828,9.859760284423828,9.859760284423828,9.859760284423828,800,0.0,0.0
2019-07-25 00:00:00-04:00,9.879073143005371,9.879073143005371,9.879073143005371,9.879073143005371,100,0.0,0.0
2019-07-26 00:00:00-04:00,9.879073143005371,9.879073143005371,9.879073143005371,9.879073143005371,100,0.0,0.0
2019-07-29 00:00:00-04:00,9.859760284423828,9.859760284423828,9.859760284423828,9.859760284423828,200,0.0,0.0
2019-07-30 00:00:00-04:00,9.859760284423828,9.859760284423828,9.859760284423828,9.859760284423828,200,0.0,0.0
2019-07-31 00:00:00-04:00,9.821131792464401,9.850102424621582,9.821131792464401,9.850102424621582,800,0.0,0.0
2019-08-01 00:00:00-04:00,9.898387908935547,9.898387908935547,9.898387908935547,9.898387908935547,100,0.0,0.0
2019-08-02 00:00:00-04:00,9.898387908935547,9.898387908935547,9.898387908935547,9.898387908935547,100,0.0,0.0
2019-08-05 00:00:00-04:00,9.898387908935547,9.898387908935547,9.898387908935547,9.898387908935547,100,0.0,0.0
2019-08-06 00:00:00-04:00,9.898387908935547,9.898387908935547,9.898387908935547,9.898387908935547,100,0.0,0.0
2019-08-07 00:00:00-04:00,9.898387908935547,9.898387908935547,9.898387908935547,9.898387908935547,100,0.0,0.0
2019-08-08 00:00:00-04:00,9.859760090519558,9.898387908935547,9.859760090519558,9.898387908935547,10600,0.0,0.0
2019-08-09 00:00:00-04:00,9.898387908935547,9.898387908935547,9.898387908935547,9.898387908935547,100,0.0,0.0
2019-08-12 00:00:00-04:00,9.879073143005371,9.879073143005371,9.879073143005371,9.879073143005371,100,0.0,0.0
2019-08-13 00:00:00-04:00,9.88873025422444,9.946672439575195,9.88873025422444,9.946672439575195,20500,0.0,0.0
2019-08-14 00:00:00-04:00,9.879073593873985,9.946672967195635,9.85010296014176,9.864588737487793,115900,0.0,0.0
2019-08-15 00:00:00-04:00,9.879074099635503,9.9756441116333,9.850103464420117,9.9756441116333,238200,0.0,0.0
2019-08-16 00:00:00-04:00,9.9756441116333,9.9756441116333,9.888731285027259,9.9756441116333,800,0.0,0.0
2019-08-19 00:00:00-04:00,9.965986926241543,9.9756441116333,9.956330661809675,9.9756441116333,2200,0.0,0.0
2019-08-20 00:00:00-04:00,9.917702286991993,9.99495792388916,9.917702286991993,9.99495792388916,12600,0.0,0.0
2019-08-21 00:00:00-04:00,9.879073143005371,9.879073143005371,9.879073143005371,9.879073143005371,200,0.0,0.0
2019-08-22 00:00:00-04:00,9.888731285027259,9.9756441116333,9.888731285027259,9.9756441116333,20600,0.0,0.0
2019-08-23 00:00:00-04:00,9.937015255190104,9.946672439575195,9.937015255190104,9.946672439575195,17200,0.0,0.0
2019-08-26 00:00:00-04:00,9.937015255190104,9.946672439575195,9.937015255190104,9.946672439575195,400,0.0,0.0
2019-08-27 00:00:00-04:00,9.898387908935547,9.898387908935547,9.898387908935547,9.898387908935547,200,0.0,0.0
2019-08-28 00:00:00-04:00,9.908044900440547,9.937015533447266,9.879073346474009,9.937015533447266,178800,0.0,0.0
2019-08-29 00:00:00-04:00,9.908044815063477,9.908044815063477,9.908044815063477,9.908044815063477,100,0.0,0.0
2019-08-30 00:00:00-04:00,9.927357721065446,9.927357721065446,9.926392555236816,9.926392555236816,200,0.0,0.0
2019-09-03 00:00:00-04:00,9.9756441116333,9.9756441116333,9.9756441116333,9.9756441116333,100,0.0,0.0
2019-09-04 00:00:00-04:00,9.869417190551758,9.869417190551758,9.869417190551758,9.869417190551758,400,0.0,0.0
2019-09-05 00:00:00-04:00,9.898388470419016,9.9756441116333,9.898388470419016,9.9756441116333,3900,0.0,0.0
2019-09-06 00:00:00-04:00,9.93701564195888,9.946672826719848,9.869417190551758,9.869417190551758,10600,0.0,0.0
2019-09-09 00:00:00-04:00,9.946672439575195,9.946672439575195,9.88873025422444,9.946672439575195,43500,0.0,0.0
2019-09-10 00:00:00-04:00,9.937015533447266,9.937015533447266,9.937015533447266,9.937015533447266,1000,0.0,0.0
2019-09-11 00:00:00-04:00,9.898388470419016,9.9756441116333,9.888731285027259,9.9756441116333,62500,0.0,0.0
2019-09-12 00:00:00-04:00,9.937015255190104,9.965985887385585,9.937015255190104,9.946672439575195,7000,0.0,0.0
2019-09-13 00:00:00-04:00,9.937015533447266,9.937015533447266,9.937015533447266,9.937015533447266,200,0.0,0.0
2019-09-16 00:00:00-04:00,9.937015533447266,9.937015533447266,9.937015533447266,9.937015533447266,100,0.0,0.0
2019-09-17 00:00:00-04:00,9.8887300491333,9.8887300491333,9.8887300491333,9.8887300491333,100,0.0,0.0
2019-09-18 00:00:00-04:00,9.946672439575195,9.946672439575195,9.946672439575195,9.946672439575195,200,0.0,0.0
2019-09-19 00:00:00-04:00,9.946672439575195,9.946672439575195,9.946672439575195,9.946672439575195,0,0.0,0.0
2019-09-20 00:00:00-04:00,9.88873025422444,9.946672439575195,9.88873025422444,9.946672439575195,900,0.0,0.0
2019-09-23 00:00:00-04:00,9.946672439575195,9.946672439575195,9.946672439575195,9.946672439575195,0,0.0,0.0
2019-09-24 00:00:00-04:00,9.8887300491333,9.8887300491333,9.8887300491333,9.8887300491333,100,0.0,0.0
2019-09-25 00:00:00-04:00,9.94667223328234,9.94667223328234,9.8887300491333,9.8887300491333,200,0.0,0.0
2019-09-26 00:00:00-04:00,9.8887300491333,9.8887300491333,9.8887300491333,9.8887300491333,200,0.0,0.0
2019-09-27 00:00:00-04:00,9.8887300491333,9.8887300491333,9.8887300491333,9.8887300491333,0,0.0,0.0
2019-09-30 00:00:00-04:00,9.8887300491333,9.8887300491333,9.8887300491333,9.8887300491333,0,0.0,0.0
2019-10-01 00:00:00-04:00,9.8887300491333,9.8887300491333,9.8887300491333,9.8887300491333,0,0.0,0.0
2019-10-02 00:00:00-04:00,9.8887300491333,9.8887300491333,9.8887300491333,9.8887300491333,100,0.0,0.0
2019-10-03 00:00:00-04:00,9.917702674865723,9.917702674865723,9.917702674865723,9.917702674865723,1000,0.0,0.0
2019-10-04 00:00:00-04:00,9.938947377219414,9.938947377219414,9.917702674865723,9.917702674865723,6900,0.0,0.0
2019-10-07 00:00:00-04:00,9.908044815063477,9.908044815063477,9.908044815063477,9.908044815063477,100,0.0,0.0
2019-10-08 00:00:00-04:00,9.937015533447266,9.937015533447266,9.937015533447266,9.937015533447266,1100,0.0,0.0
2019-10-09 00:00:00-04:00,9.908044815063477,9.937015447820556,9.908044815063477,9.908044815063477,54500,0.0,0.0
2019-10-10 00:00:00-04:00,9.908044815063477,9.908044815063477,9.908044815063477,9.908044815063477,100,0.0,0.0
2019-10-11 00:00:00-04:00,10.01427173614502,10.55023354241403,9.985301101496926,10.01427173614502,7038300,0.0,0.0
2019-10-14 00:00:00-04:00,10.023928245445736,10.023928245445736,9.9949576127511,10.004613876342773,82800,0.0,0.0
2019-10-15 00:00:00-04:00,10.023928245445736,10.023928245445736,10.004613876342773,10.004613876342773,357600,0.0,0.0
2019-10-16 00:00:00-04:00,10.014271060894256,10.014271060894256,10.004613876342773,10.004613876342773,28600,0.0,0.0
2019-10-17 00:00:00-04:00,9.9466726109535,10.014271060894256,9.917701978258863,10.004613876342773,4700,0.0,0.0
2019-10-18 00:00:00-04:00,9.9949576127511,10.014271060894256,9.9949576127511,10.004613876342773,254500,0.0,0.0
2019-10-21 00:00:00-04:00,9.821132356146508,10.014271449879214,9.821132356146508,9.992060661315918,62800,0.0,0.0
2019-10-22 00:00:00-04:00,9.994957806045788,10.014271254562448,9.965986251831055,9.965986251831055,106900,0.0,0.0
2019-10-23 00:00:00-04:00,9.99495792388916,10.014271372633534,9.99495792388916,9.99495792388916,459600,0.0,0.0
2019-10-24 00:00:00-04:00,9.99495792388916,9.99495792388916,9.99495792388916,9.99495792388916,501400,0.0,0.0
2019-10-25 00:00:00-04:00,9.946672920588473,10.004614187781428,9.908045102139889,9.99495792388916,5400,0.0,0.0
2019-10-28 00:00:00-04:00,10.014271060894256,10.014271060894256,9.9949576127511,10.004613876342773,395900,0.0,0.0
2019-10-29 00:00:00-04:00,10.01427173614502,10.01427173614502,10.01427173614502,10.01427173614502,15900,0.0,0.0
2019-10-30 00:00:00-04:00,10.01427145733916,10.02392864227295,10.01427145733916,10.02392864227295,21500,0.0,0.0
2019-10-31 00:00:00-04:00,10.043242006230011,10.043242006230011,9.99495792388916,9.99495792388916,607500,0.0,0.0
2019-11-01 00:00:00-04:00,9.994958286699582,10.043242370793113,9.994958286699582,10.01427173614502,382100,0.0,0.0
2019-11-04 00:00:00-05:00,10.043241812106503,10.043241812106503,10.033585548400879,10.033585548400879,1600,0.0,0.0
2019-11-05 00:00:00-05:00,10.040345082312479,10.043241500854492,10.033585237448127,10.043241500854492,26900,0.0,0.0
2019-11-06 00:00:00-05:00,10.043241702299744,10.043241702299744,10.036481857299805,10.036481857299805,8300,0.0,0.0
2019-11-07 00:00:00-05:00,10.043242579324676,10.043242579324676,10.039380073547363,10.039380073547363,800,0.0,0.0
2019-11-08 00:00:00-05:00,9.927358634854736,10.043242091180685,9.927358634854736,10.02392864227295,362900,0.0,0.0
2019-11-11 00:00:00-05:00,10.01427173614502,10.023928921347675,10.01427173614502,10.01427173614502,3000,0.0,0.0
2019-11-12 00:00:00-05:00,10.004613684349659,10.043241500854492,9.994957420943294,10.043241500854492,85700,0.0,0.0
2019-11-13 00:00:00-05:00,10.043241500854492,10.043241500854492,10.043241500854492,10.043241500854492,300,0.0,0.0
2019-11-14 00:00:00-05:00,9.994957420943294,10.043241500854492,9.994957420943294,10.043241500854492,1200,0.0,0.0
2019-11-15 00:00:00-05:00,10.043241500854492,10.043241500854492,10.043241500854492,10.043241500854492,5300,0.0,0.0
2019-11-18 00:00:00-05:00,10.033585237448127,10.043241500854492,10.033585237448127,10.043241500854492,5700,0.0,0.0
2019-11-19 00:00:00-05:00,10.023928502937139,10.028757095336914,10.023928502937139,10.028757095336914,9900,0.0,0.0
2019-11-20 00:00:00-05:00,10.043241032873071,10.101183215410304,9.927357588758353,10.09152603149414,461800,0.0,0.0
2019-11-21 00:00:00-05:00,9.994957730698923,10.033585548400879,9.994957730698923,10.033585548400879,1700,0.0,0.0
2019-11-22 00:00:00-05:00,10.01427145733916,10.052899276114475,10.01427145733916,10.02392864227295,230000,0.0,0.0
2019-11-25 00:00:00-05:00,10.062555988432383,10.072213172912598,10.043241619471956,10.072213172912598,24900,0.0,0.0
2019-11-26 00:00:00-05:00,10.05289880395217,10.072213172912598,10.05289880395217,10.072213172912598,500,0.0,0.0
2019-11-27 00:00:00-05:00,10.014270986991116,10.072213172912598,10.014270986991116,10.072213172912598,300,0.0,0.0
2019-11-29 00:00:00-05:00,10.072213172912598,10.072213172912598,10.03841394819165,10.072213172912598,26600,0.0,0.0
2019-12-02 00:00:00-05:00,10.062555988432383,10.072213172912598,10.062555988432383,10.072213172912598,3300,0.0,0.0
2019-12-03 00:00:00-05:00,10.01427173614502,10.01427173614502,10.01427173614502,10.01427173614502,500,0.0,0.0
2019-12-04 00:00:00-05:00,10.033585237448127,10.07221305395296,9.994957420943294,10.043241500854492,241500,0.0,0.0
2019-12-05 00:00:00-05:00,10.043241500854492,10.043241500854492,10.043241500854492,10.043241500854492,0,0.0,0.0
2019-12-06 00:00:00-05:00,10.072213172912598,10.072213172912598,10.072213172912598,10.072213172912598,12600,0.0,0.0
2019-12-09 00:00:00-05:00,10.057727396192277,10.072213172912598,10.057727396192277,10.072213172912598,2200,0.0,0.0
2019-12-10 00:00:00-05:00,10.072213172912598,10.091526620913223,10.062555988432383,10.072213172912598,1325200,0.0,0.0
2019-12-11 00:00:00-05:00,10.072213814904636,10.13981226865518,10.072213814904636,10.081870079040527,21900,0.0,0.0
2019-12-12 00:00:00-05:00,10.072213620923112,10.120497703552246,10.072213620923112,10.120497703552246,61600,0.0,0.0
2019-12-13 00:00:00-05:00,10.13981103011521,11.091021542823366,10.06738399266348,10.09152603149414,46600,0.0,0.0
2019-12-16 00:00:00-05:00,10.09152603149414,10.09152603149414,10.043241032873071,10.09152603149414,12700,0.0,0.0
2019-12-17 00:00:00-05:00,10.09152603149414,10.09152603149414,10.072212584621562,10.09152603149414,13900,0.0,0.0
2019-12-18 00:00:00-05:00,10.06255588269778,10.139811515808105,10.06255588269778,10.139811515808105,256100,0.0,0.0
2019-12-19 00:00:00-05:00,10.120497703552246,10.120497703552246,10.120497703552246,10.120497703552246,200,0.0,0.0
2019-12-20 00:00:00-05:00,10.091526792064,10.130154609680176,10.091526792064,10.130154609680176,2800,0.0,0.0
2019-12-23 00:00:00-05:00,10.062556159091823,10.139811794324174,10.062556159091823,10.130154609680176,6000,0.0,0.0
2019-12-24 00:00:00-05:00,10.139811515808105,10.139811515808105,10.130154331429367,10.139811515808105,25000,0.0,0.0
2019-12-26 00:00:00-05:00,10.139811515808105,10.139811515808105,10.139811515808105,10.139811515808105,600,0.0,0.0
2019-12-27 00:00:00-05:00,10.139811515808105,10.139811515808105,10.139811515808105,10.139811515808105,0,0.0,0.0
2019-12-30 00:00:00-05:00,10.139811515808105,10.139811515808105,10.139811515808105,10.139811515808105,0,0.0,0.0
2019-12-31 00:00:00-05:00,10.139811515808105,10.139811515808105,10.139811515808105,10.139811515808105,0,0.0,0.0
2020-01-02 00:00:00-05:00,10.139811515808105,10.139811515808105,10.139811515808105,10.139811515808105,0,0.0,0.0
2020-01-03 00:00:00-05:00,10.139811996897258,10.18809700012207,10.13015481206033,10.18809700012207,3700,0.0,0.0
2020-01-06 00:00:00-05:00,10.18809700012207,10.18809700012207,10.18809700012207,10.18809700012207,160500,0.0,0.0
2020-01-07 00:00:00-05:00,10.168782352531016,10.279838133200832,10.154297496631335,10.19775390625,21900,0.0,0.0
2020-01-08 00:00:00-05:00,10.197754269631476,10.21706771850586,10.101184262380029,10.21706771850586,4800,0.0,0.0
2020-01-09 00:00:00-05:00,10.207410928563643,10.30398093955186,10.207410928563643,10.236382484436035,260900,0.0,0.0
2020-01-10 00:00:00-05:00,10.29432248274546,10.29432248274546,10.207409667783182,10.246037483215332,10800,0.0,0.0
2020-01-13 00:00:00-05:00,10.21706785796636,10.236382228064224,10.18809722377942,10.212239265441895,653400,0.0,0.0
2020-01-14 00:00:00-05:00,10.178440293651128,10.236382484436035,10.178440293651128,10.236382484436035,2000,0.0,0.0
2020-01-15 00:00:00-05:00,10.172646535052579,10.236382484436035,10.139812473447819,10.236382484436035,7700,0.0,0.0
2020-01-16 00:00:00-05:00,10.236381604456357,10.279838013569298,10.033585335582568,10.168782234191895,28800,0.0,0.0
2020-01-17 00:00:00-05:00,10.275009907048696,10.284666171005968,10.149469266005752,10.21706771850586,9700,0.0,0.0
2020-01-21 00:00:00-05:00,10.18809602873628,10.23638102735735,10.09152603149414,10.09152603149414,196800,0.0,0.0
2020-01-22 00:00:00-05:00,10.188097076960752,10.188097076960752,10.120497703552246,10.120497703552246,12200,0.0,0.0
2020-01-23 00:00:00-05:00,10.18809602873628,10.18809602873628,10.062555400705397,10.09152603149414,17200,0.0,0.0
2020-01-24 00:00:00-05:00,10.139811912225705,10.236381917868929,10.043241906582482,10.159126281738281,9600,0.0,0.0
2020-01-27 00:00:00-05:00,10.159125397947538,10.226723843441185,10.09152603149414,10.09152603149414,223700,0.0,0.0
2020-01-28 00:00:00-05:00,10.18809700012207,10.18809700012207,10.101184178509376,10.18809700012207,11200,0.0,0.0
2020-01-29 00:00:00-05:00,10.226724818509952,10.226724818509952,10.18809700012207,10.18809700012207,2400,0.0,0.0
2020-01-30 00:00:00-05:00,10.226724624633789,10.23638180928764,10.13981180466877,10.226724624633789,56900,0.0,0.0
2020-01-31 00:00:00-05:00,10.22672433329717,10.236381517675909,10.091526514874204,10.139811515808105,41200,0.0,0.0
2020-02-03 00:00:00-05:00,10.236381504338448,10.236381504338448,10.043241500854492,10.043241500854492,4800,0.0,0.0
2020-02-04 00:00:00-05:00,10.236382088340086,10.236382088340086,10.139812081088639,10.21706771850586,6100,0.0,0.0
2020-02-05 00:00:00-05:00,10.236382484436035,10.236382484436035,10.139812473447819,10.236382484436035,23600,0.0,0.0
2020-02-06 00:00:00-05:00,10.236381411539437,10.241209082718958,10.18809641110618,10.207409858703613,47900,0.0,0.0
2020-02-07 00:00:00-05:00,10.236381517675909,10.236381517675909,10.130154331429367,10.139811515808105,65900,0.0,0.0
2020-02-10 00:00:00-05:00,10.159126844029414,10.236382484436035,10.139812473447819,10.236382484436035,11300,0.0,0.0
2020-02-11 00:00:00-05:00,10.236382484436035,10.236382484436035,10.188097478941927,10.236382484436035,7000,0.0,0.0
2020-02-12 00:00:00-05:00,10.18809602873628,10.18809602873628,10.09152603149414,10.09152603149414,10800,0.0,0.0
2020-02-13 00:00:00-05:00,10.15912579794653,10.188096429875943,10.081869244535119,10.110840797424316,218300,0.0,0.0
2020-02-14 00:00:00-05:00,10.159125397947538,10.226723843441185,10.043241032873071,10.09152603149414,272100,0.0,0.0
2020-02-18 00:00:00-05:00,10.159125397947538,10.23638102735735,10.09152603149414,10.09152603149414,416400,0.0,0.0
2020-02-19 00:00:00-05:00,10.23638200334688,10.23638200334688,10.18809700012207,10.18809700012207,15000,0.0,0.0
2020-02-20 00:00:00-05:00,10.226724246101757,10.226724246101757,10.091526428831518,10.110840797424316,142200,0.0,0.0
2020-02-21 00:00:00-05:00,10.139811515808105,10.22672433329717,10.091526514874204,10.139811515808105,322900,0.0,0.0
2020-02-24 00:00:00-05:00,10.11084096934784,10.168782234191895,10.091526600426622,10.168782234191895,35400,0.0,0.0
2020-02-25 00:00:00-05:00,10.110841075858728,11.124822430909283,10.043241704882151,10.101183891296387,544900,0.0,0.0
2020-02-26 00:00:00-05:00,10.110841363346307,10.18809700012207,10.043241990447637,10.18809700012207,209000,0.0,0.0
2020-02-27 00:00:00-05:00,10.091526428831518,10.188096429875943,10.091526428831518,10.110840797424316,336100,0.0,0.0
2020-02-28 00:00:00-05:00,10.188097016132076,10.188097016132076,9.99495792388916,9.99495792388916,214700,0.0,0.0
2020-03-02 00:00:00-05:00,10.03261868314114,10.120496662282884,10.03261868314114,10.09152603149414,9700,0.0,0.0
2020-03-03 00:00:00-05:00,10.099252153889186,10.120496853754982,10.043241222883552,10.052898406982422,108800,0.0,0.0
2020-03-04 00:00:00-05:00,10.052898685220649,10.052898685220649,10.043241500854492,10.043241500854492,25500,0.0,0.0
2020-03-05 00:00:00-05:00,10.052898685220649,10.062555869586804,9.975643052210982,10.043241500854492,499200,0.0,0.0
2020-03-06 00:00:00-05:00,10.06255618143739,10.06255618143739,9.850102723596727,10.033585548400879,52700,0.0,0.0
2020-03-09 00:00:00-04:00,9.965985867844827,10.062555869586804,9.75353333754814,10.043241500854492,44300,0.0,0.0
2020-03-10 00:00:00-04:00,10.011374396392249,10.062556741198422,10.011374396392249,10.01427173614502,900,0.0,0.0
2020-03-11 00:00:00-04:00,10.043242237194606,10.757858276367188,9.579708405151711,10.757858276367188,18200,0.0,0.0
2020-03-12 00:00:00-04:00,10.516433687928972,10.516433687928972,7.735228061676025,7.735228061676025,18700,0.0,0.0
2020-03-13 00:00:00-04:00,8.208419853447365,8.527099609375,6.069402061930732,8.527099609375,69900,0.0,0.0
2020-03-16 00:00:00-04:00,8.208419301463497,8.208419301463497,6.5281078066648615,6.92404317855835,100700,0.0,0.0
2020-03-17 00:00:00-04:00,7.561402577262811,8.927862917318356,7.291007848891068,8.03459358215332,1600,0.0,0.0
2020-03-18 00:00:00-04:00,8.03459358215332,8.03459358215332,8.03459358215332,8.03459358215332,0,0.0,0.0
2020-03-19 00:00:00-04:00,6.798502608018377,7.358606445423538,6.678756184621701,7.242722988128662,12600,0.0,0.0
2020-03-20 00:00:00-04:00,7.725570792852658,7.725570792852658,6.499136447906494,6.499136447906494,13400,0.0,0.0
2020-03-23 00:00:00-04:00,6.528107531824907,6.981984612656567,6.19011344172825,6.692275524139404,5700,0.0,0.0
2020-03-24 00:00:00-04:00,6.75987434387207,6.75987434387207,6.75987434387207,6.75987434387207,11300,0.0,0.0
2020-03-25 00:00:00-04:00,6.605363269750485,7.235962876856689,6.074230085950582,6.0780930519104,68700,0.0,0.0
2020-03-26 00:00:00-04:00,6.499136447906494,6.9336996208124955,6.141828909252236,6.499136447906494,24600,0.0,0.0
2020-03-27 00:00:00-04:00,6.8757582965124495,6.8757582965124495,6.30116913786218,6.518450736999512,26200,0.0,0.0
2020-03-30 00:00:00-04:00,6.78884591457226,8.182345208668352,6.508793534107295,7.995965957641602,11600,0.0,0.0
2020-03-31 00:00:00-04:00,7.966994762420654,7.966994762420654,7.7255706787109375,7.7255706787109375,1600,0.0,0.0
2020-04-01 00:00:00-04:00,7.435862107652657,7.484147111921541,6.648819945621308,6.856444358825684,11600,0.0,0.0
2020-04-02 00:00:00-04:00,6.83712997383112,7.097867965698242,6.83712997383112,7.097867965698242,800,0.0,0.0
2020-04-03 00:00:00-04:00,6.286683820714339,6.701933109298571,6.277026635629159,6.518450736999512,5000,0.0,0.0
2020-04-06 00:00:00-04:00,6.75987434387207,6.953013426647885,5.3113298416137695,5.794178009033203,198200,0.0,0.0
2020-04-07 00:00:00-04:00,5.765206916376883,6.267368992073898,5.601038926257388,5.794178009033203,10100,0.0,0.0
2020-04-08 00:00:00-04:00,6.03560209274292,6.054916001020501,5.514126108768323,5.794178009033203,19200,0.0,0.0
2020-04-09 00:00:00-04:00,5.929375660447698,6.080990055146742,5.552754200154223,5.687951564788818,46000,0.0,0.0
2020-04-13 00:00:00-04:00,5.292016055482158,6.277026321333804,5.292016055482158,5.885919094085693,9700,0.0,0.0
2020-04-14 00:00:00-04:00,5.939033028802419,6.267369495916745,5.890748023986816,5.890748023986816,8700,0.0,0.0
2020-04-15 00:00:00-04:00,5.794178009033203,6.093543817575664,5.794178009033203,5.794178009033203,23000,0.0,0.0
2020-04-16 00:00:00-04:00,5.794178009033203,5.794178009033203,5.774864100755622,5.794178009033203,15900,0.0,0.0
2020-04-17 00:00:00-04:00,5.7941780060591555,6.373595714569092,5.5430967380995755,6.373595714569092,13000,0.0,0.0
2020-04-20 00:00:00-04:00,5.832806299737241,7.358606559138184,5.794178480042022,6.436366558074951,19500,0.0,0.0
2020-04-21 00:00:00-04:00,6.214255859430523,6.214255859430523,5.697608467645296,5.794178009033203,26200,0.0,0.0
2020-04-22 00:00:00-04:00,5.620353112955188,6.450851670512202,5.601039203720837,5.881091117858887,25300,0.0,0.0
2020-04-23 00:00:00-04:00,6.021116866639148,6.643990993499756,5.910061547023432,6.643990993499756,19300,0.0,0.0
2020-04-24 00:00:00-04:00,6.112858163469439,6.672962004096728,6.112858163469439,6.615020275115967,19000,0.0,0.0
2020-04-27 00:00:00-04:00,6.759874898507223,7.426205479474813,6.7405609886449716,6.981985092163086,17400,0.0,0.0
2020-04-28 00:00:00-04:00,7.266865298423554,7.266865298423554,6.856444155734683,7.136496067047119,3900,0.0,0.0
2020-04-29 00:00:00-04:00,6.779188252149652,7.484146595001221,6.779188252149652,7.484146595001221,9900,0.0,0.0
2020-04-30 00:00:00-04:00,7.474489414430157,7.947680397711906,5.996974279242752,6.421880722045898,27600,0.0,0.0
2020-05-01 00:00:00-04:00,6.750217260374037,6.750217260374037,6.296340178827818,6.643990993499756,9800,0.0,0.0
2020-05-04 00:00:00-04:00,7.204094694736341,7.204094694736341,5.658980651090133,5.794178009033203,26300,0.0,0.0
2020-05-05 00:00:00-04:00,6.18528545751205,7.474489688873291,6.1804568651429275,7.474489688873291,9000,0.0,0.0
2020-05-06 00:00:00-04:00,7.339292052679411,7.339292052679411,6.45085135095087,6.75987434387207,2500,0.0,0.0
2020-05-07 00:00:00-04:00,6.2963400876126325,7.2427225146071645,6.083887096461977,7.146152973175049,5900,0.0,0.0
2020-05-08 00:00:00-04:00,7.146152973175049,7.233065330224005,7.146152973175049,7.146152973175049,6900,0.0,0.0
2020-05-11 00:00:00-04:00,6.759874550710837,6.759874550710837,6.141829006437364,6.38325309753418,1900,0.0,0.0
2020-05-12 00:00:00-04:00,6.248054986752989,6.392909526824951,5.992145590929785,6.392909526824951,51200,0.0,0.0
2020-05-13 00:00:00-04:00,6.151485634341185,6.711589443241589,6.006631089854553,6.643990993499756,10900,0.0,0.0
2020-05-14 00:00:00-04:00,6.788845759571993,6.788845759571993,5.900405015567474,6.1225152015686035,3000,0.0,0.0
2020-05-15 00:00:00-04:00,6.566735450496215,6.624677177000135,6.431537628173828,6.431537628173828,900,0.0,0.0
2020-05-18 00:00:00-04:00,6.566735371242029,6.566735371242029,5.803835290761369,5.9197187423706055,20700,0.0,0.0
2020-05-19 00:00:00-04:00,5.919719034264681,6.1611431339282,5.620353205939508,5.861777305603027,27200,0.0,0.0
2020-05-20 00:00:00-04:00,5.794178506602412,5.794178506602412,5.456184852479924,5.5527544021606445,85200,0.0,0.0
2020-05-21 00:00:00-04:00,5.755550668667314,6.277026695786573,5.552754384734276,5.842463493347168,14100,0.0,0.0
2020-05-22 00:00:00-04:00,5.649323554983078,6.137000322211917,5.552754012086254,5.726579189300537,41200,0.0,0.0
2020-05-26 00:00:00-04:00,5.84246301332173,5.9390325547650855,5.552753928511766,5.697608470916748,3500,0.0,0.0
2020-05-27 00:00:00-04:00,5.69760896899765,5.794178518883047,5.4561848640441895,5.4561848640441895,15700,0.0,0.0
2020-05-28 00:00:00-04:00,5.543096740944748,5.673465967178345,5.301672657235031,5.3113298416137695,797100,0.0,0.0
2020-05-29 00:00:00-04:00,5.649323746321791,5.881091117603873,5.504469196830479,5.687951564788818,13000,0.0,0.0
2020-06-01 00:00:00-04:00,5.436870942543781,5.8810913315550275,5.378929212735349,5.5527544021606445,26800,0.0,0.0
2020-06-02 00:00:00-04:00,5.5527542123364375,5.885919262465459,5.4272135718032155,5.446527481079102,37500,0.0,0.0
2020-06-03 00:00:00-04:00,5.504468918121591,5.861776911569823,5.407899376843649,5.7458930015563965,147700,0.0,0.0
2020-06-04 00:00:00-04:00,5.774864104071432,5.890747553803459,5.649323469955122,5.697608470916748,108100,0.0,0.0
2020-06-05 00:00:00-04:00,5.794178202365528,5.929375564819683,5.71692256667744,5.755550384521484,38900,0.0,0.0
2020-06-08 00:00:00-04:00,5.866605147501308,5.949655000523811,5.745893103639306,5.774864196777344,52300,0.0,0.0
2020-06-09 00:00:00-04:00,5.762310133164179,5.900404832909002,5.745893103639306,5.774864196777344,67500,0.0,0.0
2020-06-10 00:00:00-04:00,5.784521179676194,6.866101491041829,5.784521179676194,6.151485919952393,86400,0.0,0.0
2020-06-11 00:00:00-04:00,6.402566804022318,6.730903244409176,6.103200995782588,6.470165252685547,30200,0.0,0.0
2020-06-12 00:00:00-04:00,6.4798224372902276,6.759874337282094,6.315653986850879,6.711589336395264,20200,0.0,0.0
2020-06-15 00:00:00-04:00,6.583151737025475,6.583151737025475,6.045259191864824,6.344624996185303,23800,0.0,0.0
2020-06-16 00:00:00-04:00,6.344625173669488,6.624677077818927,6.325311265124006,6.4508514404296875,5900,0.0,0.0
2020-06-17 00:00:00-04:00,6.470165069299599,6.653647422790527,6.151485361834259,6.653647422790527,40700,0.0,0.0
2020-06-18 00:00:00-04:00,6.470165544602025,6.632402749673273,6.470165544602025,6.605363368988037,1500,0.0,0.0
2020-06-19 00:00:00-04:00,6.566735261096255,6.75987434387207,6.566735261096255,6.75987434387207,5600,0.0,0.0
2020-06-22 00:00:00-04:00,6.740560531616211,6.759874440168926,6.42188081025646,6.740560531616211,2500,0.0,0.0
2020-06-23 00:00:00-04:00,6.6826192026720355,6.745389524314698,6.277026638507096,6.566735744476318,3000,0.0,0.0
2020-06-24 00:00:00-04:00,6.750217548803598,6.750217548803598,6.4701656323870775,6.4894795417785645,1600,0.0,0.0
2020-06-25 00:00:00-04:00,6.248055655771135,6.750217777438305,6.248055655771135,6.2577128410339355,700,0.0,0.0
2020-06-26 00:00:00-04:00,6.180456635064729,6.421880718774446,5.948689275253855,6.03560209274292,22600,0.0,0.0
2020-06-29 00:00:00-04:00,6.373596099633241,6.653648016673859,6.204599507201102,6.248055458068848,26400,0.0,0.0
2020-06-30 00:00:00-04:00,6.605363080894423,6.750217162807455,6.209427270289767,6.663304805755615,43700,0.0,0.0
2020-07-01 00:00:00-04:00,6.759874347315704,6.759874347315704,6.3735957210873995,6.421880722045898,6800,0.0,0.0
2020-07-02 00:00:00-04:00,6.3253111773865385,6.373595717840544,6.03560209274292,6.03560209274292,12500,0.0,0.0
2020-07-06 00:00:00-04:00,6.3108258773103625,6.682619215325522,6.228741645812988,6.228741645812988,5000,0.0,0.0
2020-07-07 00:00:00-04:00,6.025944914844772,6.248055090515776,6.025944914844772,6.083887100219727,700,0.0,0.0
2020-07-08 00:00:00-04:00,6.132171630859375,6.190113355661208,6.132171630859375,6.132171630859375,16700,0.0,0.0
2020-07-09 00:00:00-04:00,6.054916199924073,6.054916199924073,5.900404928627737,6.045259475708008,9800,0.0,0.0
2020-07-10 00:00:00-04:00,6.006630897521973,6.006630897521973,6.006630897521973,6.006630897521973,600,0.0,0.0
2020-07-13 00:00:00-04:00,6.450851455871494,6.7502172692830245,6.161142826995771,6.305997371673584,7600,0.0,0.0
2020-07-14 00:00:00-04:00,6.305997269108957,6.75987434387207,6.0066310000866,6.75987434387207,10600,0.0,0.0
2020-07-15 00:00:00-04:00,6.750217159493332,6.75987434387207,6.34462508566412,6.75987434387207,2200,0.0,0.0
2020-07-16 00:00:00-04:00,6.518450736999512,6.68744779215073,6.518450736999512,6.518450736999512,17900,0.0,0.0
2020-07-17 00:00:00-04:00,6.615020275115967,6.615020275115967,6.615020275115967,6.615020275115967,200,0.0,0.0
2020-07-20 00:00:00-04:00,6.759874337282094,6.90472887946269,6.4701652529209035,6.711589336395264,30800,0.0,0.0
2020-07-21 00:00:00-04:00,6.750217642737744,6.759874827807835,6.513622134279652,6.615020275115967,21600,0.0,0.0
2020-07-22 00:00:00-04:00,6.615020288484569,6.716418429525804,6.518450739988138,6.566735744476318,4600,0.0,0.0
2020-07-23 00:00:00-04:00,6.46050852879647,6.499136345312571,6.277026170105042,6.470165252685547,7800,0.0,0.0
2020-07-24 00:00:00-04:00,6.28668345832739,6.57156349471976,6.28668345832739,6.402566909790039,1600,0.0,0.0
2020-07-27 00:00:00-04:00,6.547421850196525,6.711589852787116,6.277026653289795,6.277026653289795,33200,0.0,0.0
2020-07-28 00:00:00-04:00,6.46050852879647,6.470165252685547,6.277026170105042,6.470165252685547,18800,0.0,0.0
2020-07-29 00:00:00-04:00,6.4701649728566695,6.759874044677662,6.286683082580566,6.286683082580566,7000,0.0,0.0
2020-07-30 00:00:00-04:00,6.277025999648899,6.701932430267334,6.277025999648899,6.701932430267334,4600,0.0,0.0
2020-07-31 00:00:00-04:00,6.513622162783227,6.513622162783227,6.277026653289795,6.277026653289795,1000,0.0,0.0
2020-08-03 00:00:00-04:00,6.477891683019362,6.513622162783227,5.813492358935351,6.277026653289795,45900,0.0,0.0
2020-08-04 00:00:00-04:00,6.373596265583493,6.557078640228827,6.050087928771973,6.050087928771973,8200,0.0,0.0
2020-08-05 00:00:00-04:00,6.285717748605756,6.368767606517934,6.228741645812988,6.228741645812988,2500,0.0,0.0
2020-08-06 00:00:00-04:00,6.441194812831103,6.441194812831103,6.141828995654233,6.431537628173828,10600,0.0,0.0
2020-08-07 00:00:00-04:00,6.392909619653345,6.470165252685547,6.334967894879194,6.470165252685547,1700,0.0,0.0
2020-08-10 00:00:00-04:00,6.325311459423442,6.470165547724198,6.09354408927838,6.460508823394775,2500,0.0,0.0
2020-08-11 00:00:00-04:00,6.277026173230752,6.4170521232913185,6.277026173230752,6.373595714569092,800,0.0,0.0
2020-08-12 00:00:00-04:00,6.286683838402146,6.460509026105088,6.277026653289795,6.277026653289795,1600,0.0,0.0
2020-08-13 00:00:00-04:00,6.474994057327623,6.474994057327623,6.141829013824463,6.141829013824463,16200,0.0,0.0
2020-08-14 00:00:00-04:00,6.277026561701607,6.489479565794187,6.151485919952393,6.151485919952393,13600,0.0,0.0
2020-08-17 00:00:00-04:00,6.286683357477493,6.4170521231616435,6.132171630859375,6.132171630859375,25100,0.0,0.0
2020-08-18 00:00:00-04:00,6.305997545967461,6.624677276778818,6.277026452039194,6.412223815917969,7400,0.0,0.0
2020-08-19 00:00:00-04:00,6.470165547724198,6.5281077356204005,6.141829092365244,6.460508823394775,16400,0.0,0.0
2020-08-20 00:00:00-04:00,6.228741276826821,6.528107550718256,6.117686417544437,6.305997371673584,30900,0.0,0.0
2020-08-21 00:00:00-04:00,6.2962054164588706,6.678090694779943,6.266829913151223,6.658506870269775,10200,0.09,0.0
2020-08-24 00:00:00-04:00,6.5410033854959915,6.776009743989578,6.423500439706799,6.707466125488281,8400,0.0,0.0
2020-08-25 00:00:00-04:00,6.5605871981866315,6.785801410675049,6.521419549659533,6.785801410675049,19400,0.0,0.0
2020-08-26 00:00:00-04:00,6.78580149612826,6.78580149612826,6.609547075536754,6.658506870269775,13800,0.0,0.0
2020-08-27 00:00:00-04:00,6.707466125488281,6.756425919691378,6.697674446796783,6.707466125488281,27400,0.0,0.0
2020-08-28 00:00:00-04:00,6.785801299402938,6.785801299402938,6.684944816211322,6.727049827575684,6700,0.0,0.0
2020-08-31 00:00:00-04:00,6.776009681662007,6.776009681662007,6.756425857543945,6.756425857543945,1900,0.0,0.0
2020-09-01 00:00:00-04:00,6.682986216562615,6.785801410675049,6.562545907453627,6.785801410675049,16900,0.0,0.0
2020-09-02 00:00:00-04:00,6.668298244476318,6.7760095078198646,6.668298244476318,6.668298244476318,13600,0.0,0.0
2020-09-03 00:00:00-04:00,6.756426056890801,6.854345180370189,6.609547138214111,6.609547138214111,141400,0.0,0.0
2020-09-04 00:00:00-04:00,6.6193389892578125,6.85434487514344,6.6095468438883165,6.6193389892578125,6000,0.0,0.0
2020-09-08 00:00:00-04:00,6.805385169527469,6.829865066350413,6.3353729248046875,6.3353729248046875,13000,0.0,0.0
2020-09-09 00:00:00-04:00,6.266829856671073,6.78580143497085,6.266829856671073,6.629130840301514,4200,0.0,0.0
2020-09-10 00:00:00-04:00,6.65850666688032,7.216645881828879,6.65850666688032,6.805385112762451,46600,0.0,0.0
2020-09-11 00:00:00-04:00,6.8151771973437985,6.854344844818115,6.805385052017625,6.854344844818115,6200,0.0,0.0
2020-09-14 00:00:00-04:00,6.903304771887004,6.903304771887004,6.756425857543945,6.756425857543945,41900,0.0,0.0
2020-09-15 00:00:00-04:00,6.7143202781913125,6.766217434671628,6.541003227233887,6.541003227233887,109300,0.0,0.0
2020-09-16 00:00:00-04:00,6.678090622498583,6.785801422681076,6.5507955311026915,6.707466125488281,13300,0.0,0.0
2020-09-17 00:00:00-04:00,6.609547138214111,6.609547138214111,6.609547138214111,6.609547138214111,300,0.0,0.0
2020-09-18 00:00:00-04:00,6.619339149603988,6.73684209539318,6.619339149603988,6.707466125488281,2500,0.0,0.0
2020-09-21 00:00:00-04:00,6.736841799971398,6.790697197700994,6.707465831354684,6.717257976531982,1200,0.0,0.0
2020-09-22 00:00:00-04:00,6.780905873724377,7.157894611358643,6.7074661818031425,7.157894611358643,7700,0.0,0.0
2020-09-23 00:00:00-04:00,6.7241126827243765,6.844552993774414,6.7241126827243765,6.844552993774414,900,0.0,0.0
2020-09-24 00:00:00-04:00,6.759363412295034,7.030599594116211,6.759363412295034,7.030599594116211,800,0.0,0.0
2020-09-25 00:00:00-04:00,7.0305993433315175,7.0305993433315175,6.609546894441736,6.648714542388916,1100,0.0,0.0
2020-09-28 00:00:00-04:00,6.94247254587856,6.94247254587856,6.736842155456543,6.736842155456543,2000,0.0,0.0
2020-09-29 00:00:00-04:00,6.854344933540006,7.148102760314941,6.854344933540006,7.148102760314941,1800,0.0,0.0
2020-09-30 00:00:00-04:00,7.099143163652444,7.148102958443716,6.854345123526498,7.001224040985107,4300,0.0,0.0
2020-10-01 00:00:00-04:00,7.236229362208251,8.019582748413086,7.236229362208251,8.019582748413086,1700,0.0,0.0
2020-10-02 00:00:00-04:00,7.52019544592529,7.52019544592529,7.246021908970178,7.33414888381958,700,0.0,0.0
2020-10-05 00:00:00-04:00,7.58873910220626,8.030354967525563,7.520195484161377,7.520195484161377,34200,0.0,0.0
2020-10-06 00:00:00-04:00,7.520195484161377,7.520195484161377,7.520195484161377,7.520195484161377,0,0.0,0.0
2020-10-07 00:00:00-04:00,7.731700897216797,7.731700897216797,7.731700897216797,7.731700897216797,300,0.0,0.0
2020-10-08 00:00:00-04:00,7.731700897216797,7.731700897216797,7.731700897216797,7.731700897216797,0,0.0,0.0
2020-10-09 00:00:00-04:00,8.07833537511368,8.274173621683683,7.461444198045347,7.872704982757568,2200,0.0,0.0
2020-10-12 00:00:00-04:00,8.029375342523167,8.029375342523167,7.8335371017456055,7.8335371017456055,3000,0.0,0.0
2020-10-13 00:00:00-04:00,7.549571514129639,7.745409757370728,7.373317095212658,7.549571514129639,2100,0.0,0.0
2020-10-14 00:00:00-04:00,7.802202950046971,7.813953337967341,7.363524913787842,7.363524913787842,1900,0.0,0.0
2020-10-15 00:00:00-04:00,7.4810277144078805,7.618114948272705,7.471236035940502,7.618114948272705,2900,0.0,0.0
2020-10-16 00:00:00-04:00,7.980415478432295,8.27417330392099,7.363524791970344,7.383108615875244,7500,0.0,0.0
2020-10-19 00:00:00-04:00,8.029375306809358,8.029375306809358,7.148102760314941,7.148102760314941,3800,0.0,0.0
2020-10-20 00:00:00-04:00,7.148102760314941,7.148102760314941,7.148102760314941,7.148102760314941,100,0.0,0.0
2020-10-21 00:00:00-04:00,7.363524913787842,7.363524913787842,7.363524913787842,7.363524913787842,200,0.0,0.0
2020-10-22 00:00:00-04:00,7.953977876627164,8.274173376952717,7.343941032886505,7.8335371017456055,4000,0.0,0.0
2020-10-23 00:00:00-04:00,7.471236312103592,7.735618177307962,7.343941218916063,7.6866583824157715,6100,0.0,0.0
2020-10-26 00:00:00-04:00,7.8824968338012695,7.8824968338012695,7.8824968338012695,7.8824968338012695,500,0.0,0.0
2020-10-27 00:00:00-04:00,7.583843233798461,7.583843233798461,6.930722236633301,6.930722236633301,25300,0.0,0.0
2020-10-28 00:00:00-04:00,7.314564936098934,7.314564936098934,6.854344844818115,6.854344844818115,8700,0.0,0.0
2020-10-29 00:00:00-04:00,6.854344905999956,7.343940970714239,6.805385112762451,6.805385112762451,14000,0.0,0.0
2020-10-30 00:00:00-04:00,6.678090431183689,7.035495331115628,6.678090431183689,6.854344844818115,2500,0.0,0.0
2020-11-02 00:00:00-05:00,6.709424547922856,6.864136893339049,6.560586929321289,6.560586929321289,2700,0.0,0.0
2020-11-03 00:00:00-05:00,6.854344748150975,6.873928571611942,6.560586929321289,6.560586929321289,2300,0.0,0.0
2020-11-04 00:00:00-05:00,6.72704989927747,6.72704989927747,6.658506748206021,6.678090572357178,1200,0.0,0.0
2020-11-05 00:00:00-05:00,6.9424723465176665,7.197062057353254,6.668298344856456,6.883720874786377,6300,0.0,0.0
2020-11-06 00:00:00-05:00,6.854345098730406,7.157894611358643,6.854345098730406,7.157894611358643,1200,0.0,0.0
2020-11-09 00:00:00-05:00,7.197062015533447,7.197062015533447,7.190207700550385,7.197062015533447,4900,0.0,0.0
2020-11-10 00:00:00-05:00,7.388983918029662,7.388983918029662,6.96205627049676,7.02080774307251,3500,0.0,0.0
2020-11-11 00:00:00-05:00,7.001223968832112,7.050183296203613,7.001223968832112,7.050183296203613,700,0.0,0.0
2020-11-12 00:00:00-05:00,6.971847986971564,7.004161320409352,6.707466125488281,6.707466125488281,5200,0.0,0.0
2020-11-13 00:00:00-05:00,7.001223756304398,7.128518844053523,6.854344844818115,6.854344844818115,14100,0.0,0.0
2020-11-16 00:00:00-05:00,7.040391406141122,7.441860026345179,7.030599260811663,7.432068347930908,68800,0.0,0.0
2020-11-17 00:00:00-05:00,7.422276313445992,7.490819931030273,7.246021897120233,7.490819931030273,7500,0.0,0.0
2020-11-18 00:00:00-05:00,7.353733173648067,7.471236118038946,7.197062114211698,7.412484645843506,7500,0.0,0.0
2020-11-19 00:00:00-05:00,7.392900586938067,7.823744702685247,7.246021677657573,7.294981002807617,35900,0.0,0.0
2020-11-20 00:00:00-05:00,7.35667065852597,7.490820065697434,7.35667065852597,7.3929009437561035,1900,0.0,0.0
2020-11-23 00:00:00-05:00,7.294981404048247,7.451652467125124,7.275397579528038,7.422276496887207,14400,0.0,0.0
2020-11-24 00:00:00-05:00,7.412484595776859,7.459485679832709,7.304773330688477,7.304773330688477,1800,0.0,0.0
2020-11-25 00:00:00-05:00,7.343940829448377,7.559362888336182,7.343940829448377,7.559362888336182,1600,0.0,0.0
2020-11-27 00:00:00-05:00,7.618114948272705,7.618114948272705,7.618114948272705,7.618114948272705,100,0.0,0.0
2020-11-30 00:00:00-05:00,7.618114948272705,7.618114948272705,7.618114948272705,7.618114948272705,0,0.0,0.0
2020-12-01 00:00:00-05:00,7.301835410937964,7.588738918304443,7.301835410937964,7.588738918304443,2400,0.0,0.0
2020-12-02 00:00:00-05:00,7.588738918304443,7.588738918304443,7.588738918304443,7.588738918304443,0,0.0,0.0
2020-12-03 00:00:00-05:00,7.3439412117004395,7.3439412117004395,7.3439412117004395,7.3439412117004395,400,0.0,0.0
2020-12-04 00:00:00-05:00,7.3439412117004395,7.3439412117004395,7.3439412117004395,7.3439412117004395,0,0.0,0.0
2020-12-07 00:00:00-05:00,7.363524913787842,7.588739125877591,7.363524913787842,7.363524913787842,2700,0.0,0.0
2020-12-08 00:00:00-05:00,7.441860187225522,8.665850831872392,7.441860187225522,8.097919464111328,29800,0.0,0.0
2020-12-09 00:00:00-05:00,8.215421918455887,8.323132711484408,7.598530793662695,8.176254272460938,15500,0.0,0.0
2020-12-10 00:00:00-05:00,7.589718188482664,8.176254723479133,7.589718188482664,7.8335371017456055,2800,0.0,0.0
2020-12-11 00:00:00-05:00,7.578947113802077,8.12729513569986,7.578947113802077,7.6866583824157715,4300,0.0,0.0
2020-12-14 00:00:00-05:00,7.999999993385365,8.009792139069754,7.578947067260742,7.578947067260742,3700,0.0,0.0
2020-12-15 00:00:00-05:00,7.5789468840159575,7.692533343249495,7.5789468840159575,7.647490501403809,500,0.0,0.0
2020-12-16 00:00:00-05:00,7.453610335573239,7.7356177680487885,7.453610335573239,7.637698650360107,3700,0.0,0.0
2020-12-17 00:00:00-05:00,7.784577075529707,7.794369220733643,7.363524636979275,7.794369220733643,10900,0.0,0.0
2020-12-18 00:00:00-05:00,7.559363242807169,7.745409808573713,7.373317143955831,7.578947067260742,6800,0.0,0.0
2020-12-21 00:00:00-05:00,7.422276445073078,7.82374507839235,7.422276445073078,7.813953399658203,3600,0.0,0.0
2020-12-22 00:00:00-05:00,7.404650641864905,7.77478551864624,7.343940928164122,7.77478551864624,9000,0.0,0.0
2020-12-23 00:00:00-05:00,7.725825883303462,7.725825883303462,7.295960872119699,7.441860198974609,7900,0.0,0.0
2020-12-24 00:00:00-05:00,7.7160340256725855,7.7160340256725855,7.422276202601449,7.432068347930908,6100,0.0,0.0
2020-12-28 00:00:00-05:00,7.5887387593587246,8.352508334312006,7.5887387593587246,8.07833480834961,16200,0.0,0.0
2020-12-29 00:00:00-05:00,8.078335452990718,8.812729585080783,7.701346241065181,8.166462898254395,20200,0.0,0.0
2020-12-30 00:00:00-05:00,8.274173535735384,8.793145117212665,7.481027944992879,7.578947067260742,18800,0.0,0.0
2020-12-31 00:00:00-05:00,7.588739056646131,8.283965510801766,7.383108670661214,7.911872386932373,31400,0.0,0.0
2021-01-04 00:00:00-05:00,7.774785629512337,8.078335136175156,7.774785629512337,7.8335371017456055,3800,0.0,0.0
2021-01-05 00:00:00-05:00,7.63280261944955,7.833536928536878,7.63280261944955,7.7454094886779785,800,0.0,0.0
2021-01-06 00:00:00-05:00,7.730722041638946,7.7356181144714355,7.730722041638946,7.7356181144714355,500,0.0,0.0
2021-01-07 00:00:00-05:00,7.712117199887512,7.811995029449463,7.653365727698504,7.811995029449463,3900,0.0,0.0
2021-01-08 00:00:00-05:00,7.618114887301853,7.755201653154326,7.588738918304443,7.588738918304443,14900,0.0,0.0
2021-01-11 00:00:00-05:00,7.598531063608642,7.662178140425186,7.588738918304443,7.588738918304443,12600,0.0,0.0
2021-01-12 00:00:00-05:00,7.343941149327836,7.5985313332905,7.343941149327836,7.3929009437561035,118900,0.0,0.0
2021-01-13 00:00:00-05:00,7.628885777600549,7.85312133196564,7.529987536810503,7.804161071777344,41200,0.0,0.0
2021-01-14 00:00:00-05:00,7.8335371017456055,8.793144948470854,7.8335371017456055,7.8335371017456055,136400,0.0,0.0
2021-01-15 00:00:00-05:00,7.8824968338012695,7.8824968338012695,7.8824968338012695,7.8824968338012695,100,0.0,0.0
2021-01-19 00:00:00-05:00,7.845287297457417,7.902080059051514,7.67197024850168,7.902080059051514,600,0.0,0.0
2021-01-20 00:00:00-05:00,8.048959183259203,8.053855255733557,7.686657757714979,8.019582748413086,1800,0.0,0.0
2021-01-21 00:00:00-05:00,7.7552018279101205,7.7552018279101205,7.39290084796404,7.67686653137207,4300,0.0,0.0
2021-01-22 00:00:00-05:00,7.588739185790397,7.8335372240417,7.5691553614069,7.813953399658203,3200,0.0,0.0
2021-01-25 00:00:00-05:00,7.735618102124219,7.813953399658203,7.3929009419554355,7.813953399658203,1800,0.0,0.0
2021-01-26 00:00:00-05:00,7.833537212983719,7.833537212983719,7.471236228942871,7.471236228942871,1900,0.0,0.0
2021-01-27 00:00:00-05:00,7.809057204919611,7.8335371017456055,7.4908199469272745,7.8335371017456055,2100,0.0,0.0
2021-01-28 00:00:00-05:00,7.500611827799373,7.829620361328125,7.451652499742153,7.829620361328125,1600,0.0,0.0
2021-01-29 00:00:00-05:00,7.458506769539751,7.789473543436885,7.458506769539751,7.500611782073975,1400,0.0,0.0
2021-02-01 00:00:00-05:00,7.485923816247748,7.8237448957035465,7.485923816247748,7.804161071777344,3800,0.0,0.0
2021-02-02 00:00:00-05:00,7.667074274439979,7.83353701062213,7.618114948272705,7.618114948272705,3600,0.0,0.0
2021-02-03 00:00:00-05:00,7.813953339496614,7.833537163729329,7.588739127362788,7.784577369689941,4600,0.0,0.0
2021-02-04 00:00:00-05:00,7.363524799980182,7.833537041124244,7.363524799980182,7.804161071777344,1000,0.0,0.0
2021-02-05 00:00:00-05:00,8.029375406056483,8.029375406056483,7.730721969778774,7.784577369689941,1800,0.0,0.0
2021-02-08 00:00:00-05:00,7.755201624648052,8.029375155345202,7.686658008516171,7.823744773864746,18800,0.0,0.0
2021-02-09 00:00:00-05:00,7.706241832137397,7.823744773864746,7.706241832137397,7.823744773864746,4000,0.0,0.0
2021-02-10 00:00:00-05:00,7.921664714813232,7.921664714813232,7.765973239991864,7.921664714813232,900,0.0,0.0
2021-02-11 00:00:00-05:00,7.927539348602296,7.927539348602296,7.927539348602296,7.927539348602295,300,0.0,0.0
2021-02-12 00:00:00-05:00,7.588739231378596,7.921664714813232,7.588739231378596,7.921664714813232,8200,0.0,0.0
2021-02-16 00:00:00-05:00,7.635740042836281,7.77478551864624,7.635740042836281,7.77478551864624,1300,0.0,0.0
2021-02-17 00:00:00-05:00,7.8335371017456055,7.921664543553106,7.813953277667849,7.8335371017456055,10500,0.0,0.0
2021-02-18 00:00:00-05:00,7.637698860968044,7.843329247242082,7.637698860968044,7.8335371017456055,27600,0.0,0.0
2021-02-19 00:00:00-05:00,7.833537320200971,7.970624559483439,7.833537320200971,7.951040267944336,102200,0.0,0.0
2021-02-22 00:00:00-05:00,7.95103997358101,8.009791912192789,7.95103997358101,7.960832118988037,1500,0.0,0.0
2021-02-23 00:00:00-05:00,7.711137828853371,8.029375076293945,7.686657932839054,8.029375076293945,29700,0.0,0.0
2021-02-24 00:00:00-05:00,7.843329073816839,7.887392793746288,7.7454094886779785,7.7454094886779785,128100,0.0,0.0
2021-02-25 00:00:00-05:00,7.755201866798468,7.921664606234148,7.735618042565752,7.784577369689941,18800,0.0,0.0
2021-02-26 00:00:00-05:00,7.833537163729329,7.833537163729329,7.686658248526364,7.784577369689941,9400,0.0,0.0
2021-03-01 00:00:00-05:00,7.897184168708311,7.911872386932373,7.7649934730981185,7.911872386932373,2800,0.0,0.0
2021-03-02 00:00:00-05:00,7.892288928352411,7.892288928352411,7.77478551864624,7.77478551864624,1000,0.0,0.0
2021-03-03 00:00:00-05:00,7.73561775906186,7.73561775906186,7.716033935546875,7.716033935546875,1400,0.0,0.0
2021-03-04 00:00:00-05:00,7.63769898476652,7.818849477150809,7.63769898476652,7.724846839904785,4000,0.0,0.0
2021-03-05 00:00:00-05:00,7.696450442492761,7.813953388627868,7.432068580231169,7.471236228942871,10500,0.0,0.0
2021-03-08 00:00:00-05:00,7.569155378742547,7.647490676455942,7.197062247688712,7.23622989654541,34400,0.0,0.0
2021-03-09 00:00:00-05:00,7.246022029807943,7.686658312148781,7.1285190834390795,7.314565181732178,29500,0.0,0.0
2021-03-10 00:00:00-05:00,7.324356998150653,7.402692292208651,7.0599751472473145,7.0599751472473145,23900,0.0,0.0
2021-03-11 00:00:00-05:00,7.255813407635315,7.432068286794187,7.255813407635315,7.4026923179626465,9200,0.0,0.0
2021-03-12 00:00:00-05:00,7.167686503473476,7.4320683578233275,7.1343935828411515,7.353733062744141,28800,0.0,0.0
2021-03-15 00:00:00-04:00,7.578947106355554,7.578947106355554,7.3439412117004395,7.3439412117004395,10600,0.0,0.0
2021-03-16 00:00:00-04:00,7.422276222652339,7.422276222652339,7.197062015533447,7.197062015533447,6400,0.0,0.0
2021-03-17 00:00:00-04:00,7.784577261860535,7.784577261860535,7.2068542215402625,7.226438045501709,6100,0.0,0.0
2021-03-18 00:00:00-04:00,7.553488460924181,7.553488460924181,7.274418380840309,7.33904504776001,10800,0.0,0.0
2021-03-19 00:00:00-04:00,7.108935081206642,7.413463706348157,7.108935081206642,7.383108615875244,5300,0.0,0.0
2021-03-22 00:00:00-04:00,7.187270376826243,7.432068409095091,7.187270376826243,7.383108615875244,14900,0.0,0.0
2021-03-23 00:00:00-04:00,7.236229563339519,7.356670334831304,7.236229563339519,7.348836898803711,900,0.0,0.0
2021-03-24 00:00:00-04:00,7.402692500353335,7.412484645843506,7.248959271330096,7.412484645843506,4200,0.0,0.0
2021-03-25 00:00:00-04:00,7.29987724755062,7.392900761285291,7.236229703130897,7.383108615875244,3600,0.0,0.0
2021-03-26 00:00:00-04:00,7.343941203778391,7.383108852845326,7.001224040985107,7.001224040985107,20900,0.0,0.0
2021-03-29 00:00:00-04:00,7.392900720414983,7.51040366319479,7.060954370109559,7.197062015533447,73500,0.0,0.0
2021-03-30 00:00:00-04:00,7.1676863785284075,8.029375076293945,7.1676863785284075,8.029375076293945,96300,0.0,0.0
2021-03-31 00:00:00-04:00,7.67686666279127,8.029375503247046,7.67686666279127,8.0,32100,0.0,0.0
2021-04-01 00:00:00-04:00,8.010000228881836,8.199999809265137,7.849999904632568,8.15999984741211,16400,0.17,0.0
2021-04-05 00:00:00-04:00,10.899999618530273,11.050000190734863,7.78000020980835,7.880000114440918,5761800,0.0,0.0
2021-04-06 00:00:00-04:00,7.400000095367432,7.760000228881836,7.189000129699707,7.380000114440918,596700,0.0,0.0
2021-04-07 00:00:00-04:00,7.150000095367432,7.28000020980835,7.059999942779541,7.269999980926514,292000,0.0,0.0
2021-04-08 00:00:00-04:00,7.260000228881836,7.260000228881836,7.0,7.150000095367432,169800,0.0,0.0
2021-04-09 00:00:00-04:00,7.090000152587891,7.099999904632568,6.900000095367432,7.019999980926514,157900,0.0,0.0
2021-04-12 00:00:00-04:00,7.019999980926514,7.019999980926514,6.75,6.900000095367432,190500,0.0,0.0
2021-04-13 00:00:00-04:00,6.800000190734863,7.25,6.75,7.130000114440918,106500,0.0,0.0
2021-04-14 00:00:00-04:00,7.019999980926514,7.210000038146973,6.815000057220459,7.090000152587891,99400,0.0,0.0
2021-04-15 00:00:00-04:00,7.079999923706055,7.099999904632568,6.910999774932861,7.090000152587891,100200,0.0,0.0
2021-04-16 00:00:00-04:00,7.010000228881836,7.079999923706055,6.840000152587891,7.0,63400,0.0,0.0
2021-04-19 00:00:00-04:00,7.059999942779541,7.550000190734863,6.860000133514404,7.460000038146973,103900,0.0,0.0
2021-04-20 00:00:00-04:00,7.300000190734863,7.489999771118164,7.110000133514404,7.449999809265137,51700,0.0,0.0
2021-04-21 00:00:00-04:00,7.300000190734863,7.599999904632568,7.260000228881836,7.5,26500,0.0,0.0
2021-04-22 00:00:00-04:00,7.5,7.78000020980835,7.409999847412109,7.599999904632568,48600,0.0,0.0
2021-04-23 00:00:00-04:00,7.679999828338623,7.699999809265137,7.320000171661377,7.610000133514404,99500,0.0,0.0
2021-04-26 00:00:00-04:00,7.610000133514404,7.889999866485596,7.449999809265137,7.820000171661377,89500,0.0,0.0
2021-04-27 00:00:00-04:00,7.929999828338623,8.079999923706055,7.619999885559082,8.050000190734863,99200,0.0,0.0
2021-04-28 00:00:00-04:00,8.010000228881836,8.149999618530273,7.860000133514404,8.149999618530273,74200,0.0,0.0
2021-04-29 00:00:00-04:00,8.130000114440918,8.5,7.9720001220703125,8.359999656677246,99400,0.0,0.0
2021-04-30 00:00:00-04:00,8.420000076293945,8.579999923706055,8.210000038146973,8.579999923706055,128000,0.0,0.0
2021-05-03 00:00:00-04:00,8.390000343322754,8.600000381469727,8.300000190734863,8.539999961853027,104500,0.0,0.0
2021-05-04 00:00:00-04:00,8.550000190734863,8.640000343322754,8.399999618530273,8.640000343322754,98000,0.0,0.0
2021-05-05 00:00:00-04:00,8.53499984741211,8.789999961853027,8.460000038146973,8.789999961853027,21400,0.0,0.0
2021-05-06 00:00:00-04:00,8.789999961853027,8.789999961853027,8.1899995803833,8.729999542236328,50900,0.0,0.0
2021-05-07 00:00:00-04:00,8.239999771118164,8.920000076293945,8.239999771118164,8.829999923706055,96600,0.0,0.0
2021-05-10 00:00:00-04:00,8.970000267028809,9.0,8.600000381469727,8.789999961853027,43400,0.0,0.0
2021-05-11 00:00:00-04:00,8.59000015258789,8.649999618530273,8.1899995803833,8.59000015258789,30500,0.0,0.0
2021-05-12 00:00:00-04:00,8.489999771118164,8.720000267028809,8.279999732971191,8.3100004196167,17600,0.0,0.0
2021-05-13 00:00:00-04:00,8.279999732971191,8.829999923706055,8.279999732971191,8.829999923706055,40000,0.0,0.0
2021-05-14 00:00:00-04:00,8.829999923706055,8.829999923706055,8.368000030517578,8.5600004196167,99100,0.0,0.0
2021-05-17 00:00:00-04:00,8.579999923706055,8.859999656677246,8.569999694824219,8.819999694824219,45000,0.0,0.0
2021-05-18 00:00:00-04:00,8.46500015258789,8.8100004196167,8.46500015258789,8.739999771118164,66800,0.0,0.0
2021-05-19 00:00:00-04:00,8.739999771118164,8.739999771118164,8.479999542236328,8.59000015258789,22700,0.0,0.0
2021-05-20 00:00:00-04:00,8.760000228881836,9.0,8.670000076293945,8.989999771118164,54600,0.0,0.0
2021-05-21 00:00:00-04:00,9.149999618530273,9.149999618530273,8.510000228881836,8.710000038146973,82400,0.0,0.0
2021-05-24 00:00:00-04:00,8.84000015258789,8.895000457763672,8.539999961853027,8.729999542236328,91700,0.0,0.0
2021-05-25 00:00:00-04:00,8.732999801635742,9.079999923706055,8.635000228881836,9.0,43600,0.0,0.0
2021-05-26 00:00:00-04:00,8.869999885559082,9.100000381469727,8.819999694824219,8.850000381469727,121100,0.0,0.0
2021-05-27 00:00:00-04:00,8.6899995803833,9.149999618530273,8.6899995803833,9.039999961853027,16600,0.0,0.0
2021-05-28 00:00:00-04:00,8.880000114440918,9.09000015258789,8.729999542236328,8.800000190734863,24300,0.0,0.0
2021-06-01 00:00:00-04:00,8.829999923706055,9.100000381469727,8.710000038146973,8.829999923706055,29600,0.0,0.0
2021-06-02 00:00:00-04:00,8.829999923706055,9.050000190734863,8.789999961853027,8.800000190734863,146500,0.0,0.0
2021-06-03 00:00:00-04:00,8.694999694824219,9.020000457763672,8.694999694824219,9.0,18700,0.0,0.0
2021-06-04 00:00:00-04:00,8.949999809265137,9.079999923706055,8.800000190734863,9.005000114440918,80600,0.0,0.0
2021-06-07 00:00:00-04:00,9.100000381469727,9.100000381469727,8.74899959564209,8.880000114440918,71300,0.0,0.0
2021-06-08 00:00:00-04:00,8.706999778747559,9.029999732971191,8.654999732971191,8.920000076293945,15400,0.0,0.0
2021-06-09 00:00:00-04:00,8.920000076293945,9.029999732971191,8.829999923706055,8.960000038146973,18300,0.0,0.0
2021-06-10 00:00:00-04:00,8.869999885559082,9.050000190734863,8.78499984741211,8.880000114440918,63300,0.0,0.0
2021-06-11 00:00:00-04:00,8.880000114440918,9.038999557495117,8.789999961853027,8.850000381469727,101000,0.0,0.0
2021-06-14 00:00:00-04:00,8.850000381469727,8.989999771118164,8.751999855041504,8.989999771118164,15100,0.0,0.0
2021-06-15 00:00:00-04:00,8.84000015258789,9.180000305175781,8.84000015258789,9.050000190734863,23800,0.0,0.0
2021-06-16 00:00:00-04:00,9.055000305175781,9.140000343322754,9.015000343322754,9.079999923706055,23400,0.0,0.0
2021-06-17 00:00:00-04:00,9.100000381469727,9.199999809265137,8.930000305175781,8.9399995803833,25900,0.0,0.0
2021-06-18 00:00:00-04:00,8.829999923706055,9.149999618530273,8.520000457763672,9.140000343322754,23100,0.0,0.0
2021-06-21 00:00:00-04:00,8.899999618530273,9.140000343322754,8.734999656677246,8.899999618530273,38100,0.0,0.0
2021-06-22 00:00:00-04:00,8.899999618530273,9.0,8.880000114440918,9.0,8400,0.0,0.0
2021-06-23 00:00:00-04:00,8.859999656677246,9.109999656677246,8.859999656677246,9.100000381469727,6900,0.0,0.0
2021-06-24 00:00:00-04:00,9.055000305175781,9.145000457763672,9.0,9.130000114440918,13800,0.0,0.0
2021-06-25 00:00:00-04:00,9.079999923706055,9.484000205993652,9.079999923706055,9.15999984741211,177500,0.0,0.0
2021-06-28 00:00:00-04:00,9.5,9.5,9.100000381469727,9.300000190734863,135700,0.0,0.0
2021-06-29 00:00:00-04:00,9.149999618530273,9.5,9.149999618530273,9.399999618530273,52000,0.0,0.0
2021-06-30 00:00:00-04:00,9.5,9.6899995803833,9.069999694824219,9.300000190734863,34000,0.0,0.0
2021-07-01 00:00:00-04:00,9.270000457763672,9.645000457763672,9.050000190734863,9.399999618530273,14100,0.0,0.0
2021-07-02 00:00:00-04:00,9.260000228881836,9.399999618530273,9.145000457763672,9.399999618530273,9200,0.0,0.0
2021-07-06 00:00:00-04:00,9.380000114440918,9.399999618530273,9.003000259399414,9.0600004196167,10900,0.0,0.0
2021-07-07 00:00:00-04:00,9.020000457763672,9.119999885559082,8.890000343322754,8.90999984741211,16100,0.0,0.0
2021-07-08 00:00:00-04:00,8.859999656677246,9.359999656677246,8.850000381469727,9.359999656677246,7200,0.0,0.0
2021-07-09 00:00:00-04:00,9.0600004196167,9.34000015258789,8.9399995803833,9.109999656677246,6800,0.0,0.0
2021-07-12 00:00:00-04:00,9.050000190734863,9.210000038146973,8.970000267028809,9.199999809265137,5600,0.0,0.0
2021-07-13 00:00:00-04:00,9.4399995803833,9.4399995803833,9.015999794006348,9.399999618530273,2700,0.0,0.0
2021-07-14 00:00:00-04:00,9.029999732971191,9.350000381469727,9.029999732971191,9.210000038146973,7600,0.0,0.0
2021-07-15 00:00:00-04:00,9.088000297546387,9.59000015258789,9.088000297546387,9.550000190734863,17500,0.0,0.0
2021-07-16 00:00:00-04:00,9.5600004196167,9.5600004196167,9.229999542236328,9.5,5700,0.0,0.0
2021-07-19 00:00:00-04:00,9.380000114440918,9.395000457763672,9.119999885559082,9.1899995803833,11800,0.0,0.0
2021-07-20 00:00:00-04:00,9.133999824523926,9.145000457763672,8.961999893188477,9.109999656677246,7500,0.0,0.0
2021-07-21 00:00:00-04:00,9.239999771118164,9.489999771118164,8.949999809265137,9.489999771118164,3400,0.0,0.0
2021-07-22 00:00:00-04:00,9.300000190734863,9.569999694824219,9.140000343322754,9.550000190734863,2900,0.0,0.0
2021-07-23 00:00:00-04:00,9.520000457763672,9.600000381469727,9.210000038146973,9.390000343322754,4100,0.0,0.0
2021-07-26 00:00:00-04:00,9.399999618530273,9.569999694824219,9.25,9.350000381469727,16700,0.0,0.0
2021-07-27 00:00:00-04:00,9.279999732971191,9.477999687194824,9.279999732971191,9.430000305175781,1400,0.0,0.0
2021-07-28 00:00:00-04:00,9.3149995803833,9.449999809265137,9.25,9.270000457763672,11600,0.0,0.0
2021-07-29 00:00:00-04:00,9.260000228881836,9.260000228881836,9.0649995803833,9.069999694824219,13900,0.0,0.0
2021-07-30 00:00:00-04:00,9.104000091552734,9.109999656677246,9.020000457763672,9.079999923706055,22900,0.0,0.0
2021-08-02 00:00:00-04:00,9.260000228881836,9.510000228881836,9.010000228881836,9.510000228881836,15700,0.0,0.0
2021-08-03 00:00:00-04:00,9.364999771118164,9.510000228881836,9.03499984741211,9.510000228881836,15500,0.0,0.0
2021-08-04 00:00:00-04:00,8.850000381469727,9.4399995803833,8.850000381469727,9.149999618530273,9600,0.0,0.0
2021-08-05 00:00:00-04:00,9.050000190734863,9.149999618530273,9.050000190734863,9.079999923706055,1200,0.0,0.0
2021-08-06 00:00:00-04:00,9.079999923706055,9.479999542236328,9.079999923706055,9.4399995803833,4200,0.0,0.0
2021-08-09 00:00:00-04:00,9.180000305175781,9.430000305175781,8.619999885559082,9.329999923706055,5900,0.0,0.0
2021-08-10 00:00:00-04:00,9.359999656677246,9.369999885559082,9.34000015258789,9.34000015258789,9300,0.0,0.0
2021-08-11 00:00:00-04:00,9.451000213623047,9.539999961853027,9.449999809265137,9.539999961853027,2400,0.0,0.0
2021-08-12 00:00:00-04:00,9.569999694824219,9.574999809265137,9.369999885559082,9.390000343322754,3300,0.0,0.0
2021-08-13 00:00:00-04:00,9.319999694824219,9.4399995803833,9.029999732971191,9.390000343322754,17100,0.0,0.0
2021-08-16 00:00:00-04:00,9.489999771118164,9.489999771118164,9.079999923706055,9.210000038146973,8200,0.0,0.0
2021-08-17 00:00:00-04:00,9.449999809265137,9.449999809265137,9.050000190734863,9.300000190734863,10300,0.0,0.0
2021-08-18 00:00:00-04:00,9.175999641418457,9.300000190734863,9.154999732971191,9.289999961853027,4400,0.0,0.0
2021-08-19 00:00:00-04:00,9.069999694824219,9.449999809265137,9.069999694824219,9.210000038146973,2800,0.0,0.0
2021-08-20 00:00:00-04:00,9.050000190734863,9.25,8.930000305175781,9.100000381469727,7900,0.0,0.0
2021-08-23 00:00:00-04:00,8.899999618530273,9.260000228881836,8.899999618530273,9.260000228881836,5400,0.0,0.0
2021-08-24 00:00:00-04:00,9.260000228881836,9.350000381469727,9.260000228881836,9.350000381469727,2600,0.0,0.0
2021-08-25 00:00:00-04:00,9.399999618530273,9.399999618530273,9.399999618530273,9.399999618530273,2700,0.0,0.0
2021-08-26 00:00:00-04:00,9.449999809265137,9.5,9.15999984741211,9.5,6300,0.0,0.0
2021-08-27 00:00:00-04:00,9.40999984741211,9.5,9.149999618530273,9.470000267028809,7300,0.0,0.0
2021-08-30 00:00:00-04:00,9.20300006866455,9.479999542236328,9.20300006866455,9.479999542236328,3100,0.0,0.0
2021-08-31 00:00:00-04:00,9.5,9.5,9.220000267028809,9.470000267028809,4100,0.0,0.0
2021-09-01 00:00:00-04:00,9.319999694824219,9.319999694824219,9.109999656677246,9.3100004196167,7500,0.0,0.0
2021-09-02 00:00:00-04:00,9.25,9.479999542236328,9.199999809265137,9.479999542236328,5100,0.0,0.0
2021-09-03 00:00:00-04:00,9.460000038146973,9.460000038146973,9.199999809265137,9.229999542236328,3500,0.0,0.0
2021-09-07 00:00:00-04:00,9.239999771118164,9.239999771118164,8.8100004196167,8.8100004196167,3700,0.0,0.0
2021-09-08 00:00:00-04:00,9.074000358581543,9.25,9.074000358581543,9.149999618530273,5500,0.0,0.0
2021-09-09 00:00:00-04:00,8.996000289916992,9.25,8.899999618530273,9.09000015258789,5900,0.0,0.0
2021-09-10 00:00:00-04:00,9.130000114440918,9.380000114440918,8.800000190734863,8.880000114440918,6200,0.0,0.0
2021-09-13 00:00:00-04:00,8.819999694824219,9.239999771118164,8.819999694824219,9.055000305175781,1900,0.0,0.0
2021-09-14 00:00:00-04:00,9.350000381469727,9.369999885559082,9.069999694824219,9.069999694824219,51000,0.0,0.0
2021-09-15 00:00:00-04:00,9.279999732971191,9.279999732971191,9.0,9.199999809265137,800,0.0,0.0
2021-09-16 00:00:00-04:00,9.079999923706055,9.079999923706055,8.831000328063965,9.039999961853027,4900,0.0,0.0
2021-09-17 00:00:00-04:00,9.149999618530273,9.425000190734863,8.760000228881836,8.829999923706055,11200,0.0,0.0
2021-09-20 00:00:00-04:00,9.279999732971191,9.279999732971191,8.569999694824219,8.800000190734863,36100,0.0,0.0
2021-09-21 00:00:00-04:00,8.803000450134277,8.803000450134277,8.510000228881836,8.510000228881836,6100,0.0,0.0
2021-09-22 00:00:00-04:00,8.640000343322754,8.989999771118164,8.600000381469727,8.600000381469727,35300,0.0,0.0
2021-09-23 00:00:00-04:00,8.550000190734863,8.744000434875488,8.489999771118164,8.5,17000,0.0,0.0
2021-09-24 00:00:00-04:00,8.5,8.5,8.5,8.5,0,0.0,0.0
2021-09-27 00:00:00-04:00,8.699999809265137,8.800000190734863,8.612000465393066,8.680000305175781,49800,0.0,0.0
2021-09-28 00:00:00-04:00,8.843000411987305,8.843000411987305,8.359999656677246,8.359999656677246,15300,0.0,0.0
2021-09-29 00:00:00-04:00,8.359999656677246,8.5,8.350000381469727,8.350000381469727,4900,0.0,0.0
2021-09-30 00:00:00-04:00,8.210000038146973,8.774999618530273,8.140000343322754,8.369999885559082,62200,0.0,0.0
2021-10-01 00:00:00-04:00,8.15999984741211,8.430000305175781,8.010000228881836,8.149999618530273,16600,0.0,0.0
2021-10-04 00:00:00-04:00,8.0,8.649999618530273,7.960000038146973,8.649999618530273,7700,0.0,0.0
2021-10-05 00:00:00-04:00,8.470000267028809,8.675000190734863,8.210000038146973,8.600000381469727,13300,0.0,0.0
2021-10-06 00:00:00-04:00,8.600000381469727,8.600000381469727,8.600000381469727,8.600000381469727,0,0.0,0.0
2021-10-07 00:00:00-04:00,8.600000381469727,8.960000038146973,8.420000076293945,8.494999885559082,9200,0.0,0.0
2021-10-08 00:00:00-04:00,8.869999885559082,8.869999885559082,8.470000267028809,8.664999961853027,3500,0.0,0.0
2021-10-11 00:00:00-04:00,8.550000190734863,8.930000305175781,8.449999809265137,8.614999771118164,98100,0.0,0.0
2021-10-12 00:00:00-04:00,8.670000076293945,8.670000076293945,8.420000076293945,8.420000076293945,1800,0.0,0.0
2021-10-13 00:00:00-04:00,8.5,8.869999885559082,8.15999984741211,8.65999984741211,3700,0.0,0.0
2021-10-14 00:00:00-04:00,8.40999984741211,8.779999732971191,8.25,8.329999923706055,19700,0.0,0.0
2021-10-15 00:00:00-04:00,8.479999542236328,8.649999618530273,8.300000190734863,8.3100004196167,7800,0.0,0.0
2021-10-18 00:00:00-04:00,8.458000183105469,8.670000076293945,8.350000381469727,8.359999656677246,27900,0.0,0.0
2021-10-19 00:00:00-04:00,8.59000015258789,8.59000015258789,8.3100004196167,8.3100004196167,23400,0.0,0.0
2021-10-20 00:00:00-04:00,8.350000381469727,8.555000305175781,8.3100004196167,8.319999694824219,33300,0.0,0.0
2021-10-21 00:00:00-04:00,8.460000038146973,8.75,8.460000038146973,8.489999771118164,13200,0.0,0.0
2021-10-22 00:00:00-04:00,8.359999656677246,8.524999618530273,8.359999656677246,8.5,7700,0.0,0.0
2021-10-25 00:00:00-04:00,8.34000015258789,8.399999618530273,8.34000015258789,8.399999618530273,2700,0.0,0.0
2021-10-26 00:00:00-04:00,8.289999961853027,8.449999809265137,8.279999732971191,8.449999809265137,2600,0.0,0.0
2021-10-27 00:00:00-04:00,8.380000114440918,8.380000114440918,8.380000114440918,8.380000114440918,1200,0.0,0.0
2021-10-28 00:00:00-04:00,8.520000457763672,8.529999732971191,8.520000457763672,8.520000457763672,1200,0.0,0.0
2021-10-29 00:00:00-04:00,8.524999618530273,8.524999618530273,8.345000267028809,8.520000457763672,12200,0.0,0.0
2021-11-01 00:00:00-04:00,8.520000457763672,8.600000381469727,8.3100004196167,8.600000381469727,12900,0.0,0.0
2021-11-02 00:00:00-04:00,8.510000228881836,8.585000038146973,8.414999961853027,8.5,26700,0.0,0.0
2021-11-03 00:00:00-04:00,8.3100004196167,8.430000305175781,8.25,8.40999984741211,18000,0.0,0.0
2021-11-04 00:00:00-04:00,8.4399995803833,8.4399995803833,8.3100004196167,8.350000381469727,9400,0.0,0.0
2021-11-05 00:00:00-04:00,8.390000343322754,8.65999984741211,8.210000038146973,8.359999656677246,54100,0.0,0.0
2021-11-08 00:00:00-05:00,8.350000381469727,8.5,8.350000381469727,8.350000381469727,13700,0.0,0.0
2021-11-09 00:00:00-05:00,8.329999923706055,8.5,8.260000228881836,8.399999618530273,6300,0.0,0.0
2021-11-10 00:00:00-05:00,8.359999656677246,8.5,8.359999656677246,8.5,1800,0.0,0.0
2021-11-11 00:00:00-05:00,8.5,8.5,8.350000381469727,8.420000076293945,34800,0.0,0.0
2021-11-12 00:00:00-05:00,8.5,8.555999755859375,8.324999809265137,8.40999984741211,447800,0.0,0.0
2021-11-15 00:00:00-05:00,8.430000305175781,8.729999542236328,8.40999984741211,8.479999542236328,266600,0.0,0.0
2021-11-16 00:00:00-05:00,8.489999771118164,8.729999542236328,8.279999732971191,8.319999694824219,371100,0.0,0.0
2021-11-17 00:00:00-05:00,8.25,8.430000305175781,8.0,8.420000076293945,42500,0.0,0.0
2021-11-18 00:00:00-05:00,8.34000015258789,8.427000045776367,8.0,8.09000015258789,31900,0.0,0.0
2021-11-19 00:00:00-05:00,8.029999732971191,8.390000343322754,8.0,8.050000190734863,25200,0.0,0.0
2021-11-22 00:00:00-05:00,8.010000228881836,8.289999961853027,7.78000020980835,8.170000076293945,14500,0.0,0.0
2021-11-23 00:00:00-05:00,8.09000015258789,8.390000343322754,8.069999694824219,8.170000076293945,24200,0.0,0.0
2021-11-24 00:00:00-05:00,8.380000114440918,8.380000114440918,8.010000228881836,8.010000228881836,11600,0.0,0.0
2021-11-26 00:00:00-05:00,8.010000228881836,8.25,7.989999771118164,8.234999656677246,8800,0.0,0.0
2021-11-29 00:00:00-05:00,8.149999618530273,8.194999694824219,8.109999656677246,8.109999656677246,7600,0.0,0.0
2021-11-30 00:00:00-05:00,8.109999656677246,8.25,7.789999961853027,7.880000114440918,51500,0.0,0.0
2021-12-01 00:00:00-05:00,8.010000228881836,8.279999732971191,7.909999847412109,8.020000457763672,10900,0.0,0.0
2021-12-02 00:00:00-05:00,8.100000381469727,8.135000228881836,8.050000190734863,8.100000381469727,9900,0.0,0.0
2021-12-03 00:00:00-05:00,8.21399974822998,8.21399974822998,7.949999809265137,8.0600004196167,14400,0.0,0.0
2021-12-06 00:00:00-05:00,7.949999809265137,8.119999885559082,7.949999809265137,7.989999771118164,6200,0.0,0.0
2021-12-07 00:00:00-05:00,8.079999923706055,8.180000305175781,7.909999847412109,7.940000057220459,56400,0.0,0.0
2021-12-08 00:00:00-05:00,7.954999923706055,8.10200023651123,7.900000095367432,7.980000019073486,8000,0.0,0.0
2021-12-09 00:00:00-05:00,7.789999961853027,7.909999847412109,7.75,7.860000133514404,11000,0.0,0.0
2021-12-10 00:00:00-05:00,7.829999923706055,8.109999656677246,7.829999923706055,8.010000228881836,9900,0.0,0.0
2021-12-13 00:00:00-05:00,8.010000228881836,8.104999542236328,7.869999885559082,7.949999809265137,45100,0.0,0.0
2021-12-14 00:00:00-05:00,7.75,8.0,7.75,7.849999904632568,22300,0.0,0.0
2021-12-15 00:00:00-05:00,7.988999843597412,8.140000343322754,7.440000057220459,7.860000133514404,154800,0.0,0.0
2021-12-16 00:00:00-05:00,8.130000114440918,8.140000343322754,7.800000190734863,7.809999942779541,6700,0.0,0.0
2021-12-17 00:00:00-05:00,7.909999847412109,7.989999771118164,7.789999961853027,7.900000095367432,3800,0.0,0.0
2021-12-20 00:00:00-05:00,7.811999797821045,7.98799991607666,7.800000190734863,7.809999942779541,5700,0.0,0.0
2021-12-21 00:00:00-05:00,7.796999931335449,7.889999866485596,7.75,7.760000228881836,3100,0.0,0.0
2021-12-22 00:00:00-05:00,7.929999828338623,7.929999828338623,7.789999961853027,7.809999942779541,25600,0.0,0.0
2021-12-23 00:00:00-05:00,7.800000190734863,7.835000038146973,7.610000133514404,7.739999771118164,19000,0.0,0.0
2021-12-27 00:00:00-05:00,7.570000171661377,7.798999786376953,7.570000171661377,7.650000095367432,18100,0.0,0.0
2021-12-28 00:00:00-05:00,7.769999980926514,7.873000144958496,7.5,7.550000190734863,17600,0.0,0.0
2021-12-29 00:00:00-05:00,7.800000190734863,8.369999885559082,7.78000020980835,7.860000133514404,31600,0.0,0.0
2021-12-30 00:00:00-05:00,8.25,8.25,7.920000076293945,8.170000076293945,37300,0.0,0.0
2021-12-31 00:00:00-05:00,8.1899995803833,8.210000038146973,7.840000152587891,8.100000381469727,32300,0.0,0.0
2022-01-03 00:00:00-05:00,8.109999656677246,8.140000343322754,7.800000190734863,8.020000457763672,11700,0.0,0.0
2022-01-04 00:00:00-05:00,8.0,8.300000190734863,7.840000152587891,8.119999885559082,8400,0.0,0.0
2022-01-05 00:00:00-05:00,8.109999656677246,8.109999656677246,7.730000019073486,7.889999866485596,12100,0.0,0.0
2022-01-06 00:00:00-05:00,7.800000190734863,7.800000190734863,7.620999813079834,7.710000038146973,10800,0.0,0.0
2022-01-07 00:00:00-05:00,7.800000190734863,7.947000026702881,7.769999980926514,7.800000190734863,5400,0.0,0.0
2022-01-10 00:00:00-05:00,7.875,7.989999771118164,7.860000133514404,7.940000057220459,4000,0.0,0.0
2022-01-11 00:00:00-05:00,7.820000171661377,7.980000019073486,7.809999942779541,7.900000095367432,1500,0.0,0.0
2022-01-12 00:00:00-05:00,7.840000152587891,8.097999572753906,7.809999942779541,7.909999847412109,3800,0.0,0.0
2022-01-13 00:00:00-05:00,7.900000095367432,8.220000267028809,7.840000152587891,7.949999809265137,187200,0.0,0.0
2022-01-14 00:00:00-05:00,7.849999904632568,7.929999828338623,7.800000190734863,7.900000095367432,13400,0.0,0.0
2022-01-18 00:00:00-05:00,7.809999942779541,8.010000228881836,7.800000190734863,7.849999904632568,26500,0.0,0.0
2022-01-19 00:00:00-05:00,7.849999904632568,7.96999979019165,7.801000118255615,7.849999904632568,4600,0.0,0.0
2022-01-20 00:00:00-05:00,7.880000114440918,7.96999979019165,7.760000228881836,7.900000095367432,3800,0.0,0.0
2022-01-21 00:00:00-05:00,7.880000114440918,8.020000457763672,7.809999942779541,7.900000095367432,7600,0.0,0.0
2022-01-24 00:00:00-05:00,7.820000171661377,8.09000015258789,7.760000228881836,7.940000057220459,20500,0.0,0.0
2022-01-25 00:00:00-05:00,7.840000152587891,8.020000457763672,7.624000072479248,7.800000190734863,174200,0.0,0.0
2022-01-26 00:00:00-05:00,7.849999904632568,8.109999656677246,7.71999979019165,7.800000190734863,33200,0.0,0.0
2022-01-27 00:00:00-05:00,7.860000133514404,8.114999771118164,7.760000228881836,7.960000038146973,44300,0.0,0.0
2022-01-28 00:00:00-05:00,7.929999828338623,8.170000076293945,7.820000171661377,7.820000171661377,10400,0.0,0.0
2022-01-31 00:00:00-05:00,7.900000095367432,8.140000343322754,7.71999979019165,7.71999979019165,18700,0.0,0.0
2022-02-01 00:00:00-05:00,7.829999923706055,8.020000457763672,7.670000076293945,7.769999980926514,9000,0.0,0.0
2022-02-02 00:00:00-05:00,7.809999942779541,8.043000221252441,7.638999938964844,7.650000095367432,16400,0.0,0.0
2022-02-03 00:00:00-05:00,7.679999828338623,8.175999641418457,7.53000020980835,7.659999847412109,19800,0.0,0.0
2022-02-04 00:00:00-05:00,7.590000152587891,8.050000190734863,7.53000020980835,7.829999923706055,3700,0.0,0.0
2022-02-07 00:00:00-05:00,7.75,8.050000190734863,7.684999942779541,7.889999866485596,6600,0.0,0.0
2022-02-08 00:00:00-05:00,7.800000190734863,7.864999771118164,7.579999923706055,7.71999979019165,5700,0.0,0.0
2022-02-09 00:00:00-05:00,7.639999866485596,7.9670000076293945,7.639999866485596,7.760000228881836,8000,0.0,0.0
2022-02-10 00:00:00-05:00,7.659999847412109,7.889999866485596,7.210000038146973,7.519999980926514,98600,0.0,0.0
2022-02-11 00:00:00-05:00,7.449999809265137,7.920000076293945,7.449999809265137,7.760000228881836,6500,0.0,0.0
2022-02-14 00:00:00-05:00,7.639999866485596,8.0,7.599999904632568,7.989999771118164,20400,0.0,0.0
2022-02-15 00:00:00-05:00,7.900000095367432,8.0,7.670000076293945,8.0,7600,0.0,0.0
2022-02-16 00:00:00-05:00,7.889999866485596,8.0,7.769999980926514,7.829999923706055,50200,0.0,0.0
2022-02-17 00:00:00-05:00,7.789999961853027,7.789999961853027,7.5,7.5,7600,0.0,0.0
2022-02-18 00:00:00-05:00,7.489999771118164,7.630000114440918,7.210000038146973,7.619999885559082,10900,0.0,0.0
2022-02-22 00:00:00-05:00,7.5,7.650000095367432,7.150000095367432,7.349999904632568,90400,0.0,0.0
2022-02-23 00:00:00-05:00,7.460000038146973,7.880000114440918,7.25,7.630000114440918,22900,0.0,0.0
2022-02-24 00:00:00-05:00,7.409999847412109,7.929999828338623,7.409999847412109,7.730000019073486,11400,0.0,0.0
2022-02-25 00:00:00-05:00,7.800000190734863,7.989999771118164,7.409999847412109,7.739999771118164,35600,0.0,0.0
2022-02-28 00:00:00-05:00,7.659999847412109,7.820000171661377,7.429999828338623,7.760000228881836,13500,0.0,0.0
2022-03-01 00:00:00-05:00,7.639999866485596,7.760000228881836,7.478000164031982,7.480000019073486,8000,0.0,0.0
2022-03-02 00:00:00-05:00,7.5970001220703125,7.5970001220703125,7.369999885559082,7.559999942779541,3600,0.0,0.0
2022-03-03 00:00:00-05:00,7.539999961853027,7.599999904632568,7.349999904632568,7.400000095367432,4900,0.0,0.0
2022-03-04 00:00:00-05:00,7.550000190734863,7.550000190734863,7.409999847412109,7.449999809265137,5500,0.0,0.0
2022-03-07 00:00:00-05:00,7.425000190734863,7.5,7.349999904632568,7.425000190734863,6300,0.0,0.0
2022-03-08 00:00:00-05:00,7.519999980926514,7.550000190734863,7.445000171661377,7.539999961853027,3200,0.0,0.0
2022-03-09 00:00:00-05:00,7.539999961853027,7.539999961853027,7.369999885559082,7.369999885559082,1700,0.0,0.0
2022-03-10 00:00:00-05:00,7.349999904632568,7.485000133514404,7.150000095367432,7.150000095367432,40300,0.0,0.0
2022-03-11 00:00:00-05:00,7.340000152587891,7.340000152587891,7.159999847412109,7.255000114440918,1800,0.0,0.0
2022-03-14 00:00:00-04:00,7.329999923706055,7.46999979019165,7.150000095367432,7.440000057220459,2200,0.0,0.0
2022-03-15 00:00:00-04:00,7.388000011444092,7.388000011444092,6.75,6.909999847412109,24300,0.0,0.0
2022-03-16 00:00:00-04:00,7.090000152587891,7.300000190734863,6.900000095367432,7.099999904632568,22000,0.0,0.0
2022-03-17 00:00:00-04:00,7.0320000648498535,7.054999828338623,7.0320000648498535,7.054999828338623,500,0.0,0.0
2022-03-18 00:00:00-04:00,7.11899995803833,7.389999866485596,7.11899995803833,7.260000228881836,1200,0.0,0.0
2022-03-21 00:00:00-04:00,7.340000152587891,7.429999828338623,7.320000171661377,7.349999904632568,16700,0.0,0.0
2022-03-22 00:00:00-04:00,7.15500020980835,7.349999904632568,7.010000228881836,7.349999904632568,12700,0.0,0.0
2022-03-23 00:00:00-04:00,7.210000038146973,7.400000095367432,7.139999866485596,7.230000019073486,10000,0.0,0.0
2022-03-24 00:00:00-04:00,7.195000171661377,7.400000095367432,7.090000152587891,7.230000019073486,8100,0.0,0.0
2022-03-25 00:00:00-04:00,7.369999885559082,7.440000057220459,7.210000038146973,7.210000038146973,45900,0.0,0.0
2022-03-28 00:00:00-04:00,7.296999931335449,7.349999904632568,7.179999828338623,7.25,11800,0.0,0.0
2022-03-29 00:00:00-04:00,7.400000095367432,8.0,7.349999904632568,7.949999809265137,21400,0.0,0.0
2022-03-30 00:00:00-04:00,7.650000095367432,7.949999809265137,7.480000019073486,7.820000171661377,16600,0.0,0.0
2022-03-31 00:00:00-04:00,7.940000057220459,8.0,7.619999885559082,7.860000133514404,42200,0.0,0.0
2022-04-01 00:00:00-04:00,7.860000133514404,8.050000190734863,7.757999897003174,7.820000171661377,12200,0.0,0.0
2022-04-04 00:00:00-04:00,7.949999809265137,7.949999809265137,7.440000057220459,7.860000133514404,6400,0.0,0.0
2022-04-05 00:00:00-04:00,7.820000171661377,7.869999885559082,7.508999824523926,7.699999809265137,6700,0.0,0.0
2022-04-06 00:00:00-04:00,7.633999824523926,7.769999980926514,7.599999904632568,7.599999904632568,3100,0.0,0.0
2022-04-07 00:00:00-04:00,7.789999961853027,7.849999904632568,7.53000020980835,7.659999847412109,5700,0.0,0.0
2022-04-08 00:00:00-04:00,7.603000164031982,7.679999828338623,7.5,7.5,2800,0.0,0.0
2022-04-11 00:00:00-04:00,7.820000171661377,8.0,7.550000190734863,7.789999961853027,17500,0.0,0.0
2022-04-12 00:00:00-04:00,7.989999771118164,8.0,7.429999828338623,7.429999828338623,8000,0.0,0.0
2022-04-13 00:00:00-04:00,7.449999809265137,7.965000152587891,7.090000152587891,7.800000190734863,17800,0.0,0.0
2022-04-14 00:00:00-04:00,7.800000190734863,7.869999885559082,7.679999828338623,7.820000171661377,8000,0.0,0.0
2022-04-18 00:00:00-04:00,7.676000118255615,7.929999828338623,7.644999980926514,7.789999961853027,20300,0.0,0.0
2022-04-19 00:00:00-04:00,7.560999870300293,7.820000171661377,7.560999870300293,7.75,17500,0.0,0.0
2022-04-20 00:00:00-04:00,7.880000114440918,7.960000038146973,7.800000190734863,7.920000076293945,2300,0.0,0.0
2022-04-21 00:00:00-04:00,7.840000152587891,7.980000019073486,7.599999904632568,7.809999942779541,6100,0.0,0.0
2022-04-22 00:00:00-04:00,7.889999866485596,7.920000076293945,7.695000171661377,7.880000114440918,44300,0.0,0.0
2022-04-25 00:00:00-04:00,7.556000232696533,7.920000076293945,7.556000232696533,7.639999866485596,16000,0.0,0.0
2022-04-26 00:00:00-04:00,7.639999866485596,7.920000076293945,7.460000038146973,7.889999866485596,54500,0.0,0.0
2022-04-27 00:00:00-04:00,7.820000171661377,7.849999904632568,7.71999979019165,7.840000152587891,43100,0.0,0.0
2022-04-28 00:00:00-04:00,7.840000152587891,7.849999904632568,7.519999980926514,7.65500020980835,8600,0.0,0.0
2022-04-29 00:00:00-04:00,7.699999809265137,7.809999942779541,7.51200008392334,7.570000171661377,6200,0.0,0.0
2022-05-02 00:00:00-04:00,7.614999771118164,7.739999771118164,7.539999961853027,7.539999961853027,6300,0.0,0.0
2022-05-03 00:00:00-04:00,7.7870001792907715,7.7870001792907715,7.550000190734863,7.579999923706055,3600,0.0,0.0
2022-05-04 00:00:00-04:00,7.710000038146973,7.715000152587891,7.590000152587891,7.699999809265137,2800,0.0,0.0
2022-05-05 00:00:00-04:00,7.630000114440918,7.849999904632568,7.409999847412109,7.429999828338623,4400,0.0,0.0
2022-05-06 00:00:00-04:00,7.479000091552734,7.479000091552734,7.110000133514404,7.289999961853027,8700,0.0,0.0
2022-05-09 00:00:00-04:00,7.289999961853027,7.748000144958496,7.289999961853027,7.5,4700,0.0,0.0
2022-05-10 00:00:00-04:00,7.565000057220459,7.565000057220459,7.349999904632568,7.349999904632568,700,0.0,0.0
2022-05-11 00:00:00-04:00,7.260000228881836,7.800000190734863,7.260000228881836,7.800000190734863,1000,0.0,0.0
2022-05-12 00:00:00-04:00,7.510000228881836,7.809999942779541,7.300000190734863,7.590000152587891,8700,0.0,0.0
2022-05-13 00:00:00-04:00,7.435999870300293,7.769999980926514,7.409999847412109,7.769999980926514,3500,0.0,0.0
2022-05-16 00:00:00-04:00,7.809999942779541,7.849999904632568,7.159999847412109,7.849999904632568,7200,0.0,0.0
2022-05-17 00:00:00-04:00,7.570000171661377,7.849999904632568,7.570000171661377,7.849999904632568,7200,0.0,0.0
2022-05-18 00:00:00-04:00,7.179999828338623,7.849999904632568,7.179999828338623,7.650000095367432,11500,0.0,0.0
2022-05-19 00:00:00-04:00,7.789999961853027,7.989999771118164,7.559999942779541,7.989999771118164,9400,0.0,0.0
2022-05-20 00:00:00-04:00,8.0,8.0,7.380000114440918,7.659999847412109,11700,0.0,0.0
2022-05-23 00:00:00-04:00,7.909999847412109,7.909999847412109,7.550000190734863,7.800000190734863,16700,0.0,0.0
2022-05-24 00:00:00-04:00,7.710000038146973,7.784999847412109,7.699999809265137,7.730000019073486,4800,0.0,0.0
2022-05-25 00:00:00-04:00,7.75,7.75,7.699999809265137,7.735000133514404,4100,0.0,0.0
2022-05-26 00:00:00-04:00,7.699999809265137,7.800000190734863,7.599999904632568,7.800000190734863,19400,0.0,0.0
2022-05-27 00:00:00-04:00,7.52400016784668,7.820000171661377,7.46999979019165,7.800000190734863,159700,0.0,0.0
2022-05-31 00:00:00-04:00,7.53000020980835,7.829999923706055,7.170000076293945,7.579999923706055,22600,0.0,0.0
2022-06-01 00:00:00-04:00,7.579999923706055,7.800000190734863,7.485000133514404,7.800000190734863,5800,0.0,0.0
2022-06-02 00:00:00-04:00,7.559999942779541,7.699999809265137,7.449999809265137,7.574999809265137,6800,0.0,0.0
2022-06-03 00:00:00-04:00,7.570000171661377,7.840000152587891,7.53000020980835,7.639999866485596,10500,0.0,0.0
2022-06-06 00:00:00-04:00,7.840000152587891,7.840000152587891,7.550000190734863,7.599999904632568,12600,0.0,0.0
2022-06-07 00:00:00-04:00,7.195000171661377,7.840000152587891,7.195000171661377,7.840000152587891,26300,0.0,0.0
2022-06-08 00:00:00-04:00,7.800000190734863,7.840000152587891,7.5,7.800000190734863,98300,0.0,0.0
2022-06-09 00:00:00-04:00,7.75,7.840000152587891,7.699999809265137,7.840000152587891,44600,0.0,0.0
2022-06-10 00:00:00-04:00,7.840000152587891,7.840000152587891,7.25,7.739999771118164,77400,0.0,0.0
2022-06-13 00:00:00-04:00,7.26800012588501,7.789999961853027,7.26800012588501,7.599999904632568,3300,0.0,0.0
2022-06-14 00:00:00-04:00,7.590000152587891,7.59499979019165,7.400000095367432,7.539999961853027,3600,0.0,0.0
2022-06-15 00:00:00-04:00,7.53000020980835,7.789999961853027,7.409999847412109,7.5,12300,0.0,0.0
2022-06-16 00:00:00-04:00,7.494999885559082,7.5,7.420000076293945,7.5,3400,0.0,0.0
2022-06-17 00:00:00-04:00,7.460000038146973,7.610000133514404,7.21999979019165,7.5,8000,0.0,0.0
2022-06-21 00:00:00-04:00,7.315000057220459,7.389999866485596,7.230000019073486,7.289999961853027,8600,0.0,0.0
2022-06-22 00:00:00-04:00,7.164999961853027,7.599999904632568,7.130000114440918,7.25,8900,0.0,0.0
2022-06-23 00:00:00-04:00,7.369999885559082,7.400000095367432,7.369999885559082,7.400000095367432,1600,0.0,0.0
2022-06-24 00:00:00-04:00,7.5,7.829999923706055,7.429999828338623,7.800000190734863,7600,0.0,0.0
2022-06-27 00:00:00-04:00,7.889999866485596,7.889999866485596,7.480000019073486,7.510000228881836,8600,0.0,0.0
2022-06-28 00:00:00-04:00,7.61299991607666,7.644999980926514,7.539999961853027,7.644999980926514,5200,0.0,0.0
2022-06-29 00:00:00-04:00,7.5,7.599999904632568,7.369999885559082,7.599999904632568,12800,0.0,0.0
2022-06-30 00:00:00-04:00,7.48799991607666,7.889999866485596,7.480000019073486,7.800000190734863,24400,0.0,0.0
2022-07-01 00:00:00-04:00,7.889999866485596,7.889999866485596,7.400000095367432,7.78000020980835,3300,0.0,0.0
2022-07-05 00:00:00-04:00,7.690000057220459,7.800000190734863,7.650000095367432,7.730000019073486,29800,0.0,0.0
2022-07-06 00:00:00-04:00,7.429999828338623,7.78000020980835,7.429999828338623,7.78000020980835,1100,0.0,0.0
2022-07-07 00:00:00-04:00,7.538000106811523,7.800000190734863,7.538000106811523,7.800000190734863,400,0.0,0.0
2022-07-08 00:00:00-04:00,7.789999961853027,7.800000190734863,7.480999946594238,7.800000190734863,3400,0.0,0.0
2022-07-11 00:00:00-04:00,7.88700008392334,7.889999866485596,7.769999980926514,7.889999866485596,3300,0.0,0.0
2022-07-12 00:00:00-04:00,7.539999961853027,7.690000057220459,7.159999847412109,7.159999847412109,50300,0.0,0.0
2022-07-13 00:00:00-04:00,7.150000095367432,7.289999961853027,6.71999979019165,6.96999979019165,23200,0.0,0.0
2022-07-14 00:00:00-04:00,6.96999979019165,7.429999828338623,6.96999979019165,7.429999828338623,6600,0.0,0.0
2022-07-15 00:00:00-04:00,7.377999782562256,7.449999809265137,7.300000190734863,7.449999809265137,8700,0.0,0.0
2022-07-18 00:00:00-04:00,7.730000019073486,7.730000019073486,7.099999904632568,7.239999771118164,3400,0.0,0.0
2022-07-19 00:00:00-04:00,7.25,7.75,7.25,7.75,5700,0.0,0.0
2022-07-20 00:00:00-04:00,7.650000095367432,7.78000020980835,7.579999923706055,7.679999828338623,7800,0.0,0.0
2022-07-21 00:00:00-04:00,7.5,7.679999828338623,7.5,7.670000076293945,1700,0.0,0.0
2022-07-22 00:00:00-04:00,7.400000095367432,7.78000020980835,7.400000095367432,7.78000020980835,2400,0.0,0.0
2022-07-25 00:00:00-04:00,7.869999885559082,7.869999885559082,7.53000020980835,7.53000020980835,9000,0.0,0.0
2022-07-26 00:00:00-04:00,7.329999923706055,7.510000228881836,7.329999923706055,7.510000228881836,300,0.0,0.0
2022-07-27 00:00:00-04:00,7.239999771118164,7.800000190734863,7.239999771118164,7.800000190734863,700,0.0,0.0
2022-07-28 00:00:00-04:00,7.989999771118164,7.989999771118164,7.21999979019165,7.25,14400,0.0,0.0
2022-07-29 00:00:00-04:00,7.400000095367432,7.5,7.210000038146973,7.25,8100,0.0,0.0
2022-08-01 00:00:00-04:00,7.199999809265137,7.414999961853027,7.199999809265137,7.329999923706055,4800,0.0,0.0
2022-08-02 00:00:00-04:00,7.789999961853027,7.789999961853027,7.510000228881836,7.510000228881836,11200,0.0,0.0
2022-08-03 00:00:00-04:00,7.315000057220459,7.78000020980835,7.260000228881836,7.699999809265137,3600,0.0,0.0
2022-08-04 00:00:00-04:00,7.320000171661377,7.550000190734863,7.320000171661377,7.449999809265137,6200,0.0,0.0
2022-08-05 00:00:00-04:00,7.349999904632568,7.579999923706055,7.349999904632568,7.449999809265137,4100,0.0,0.0
2022-08-08 00:00:00-04:00,7.545000076293945,7.545000076293945,7.5,7.5,500,0.0,0.0
2022-08-09 00:00:00-04:00,7.4629998207092285,7.514999866485596,7.445000171661377,7.445000171661377,2100,0.0,0.0
2022-08-10 00:00:00-04:00,7.599999904632568,7.679999828338623,7.427000045776367,7.570000171661377,3000,0.0,0.0
2022-08-11 00:00:00-04:00,7.679999828338623,7.679999828338623,7.670000076293945,7.670000076293945,900,0.0,0.0
2022-08-12 00:00:00-04:00,7.724999904632568,7.76800012588501,7.724999904632568,7.75,10300,0.0,0.0
2022-08-15 00:00:00-04:00,7.75,7.800000190734863,7.699999809265137,7.75,2200,0.0,0.0
2022-08-16 00:00:00-04:00,7.789999961853027,7.800000190734863,7.599999904632568,7.699999809265137,14400,0.0,0.0
2022-08-17 00:00:00-04:00,7.699999809265137,7.78000020980835,7.639999866485596,7.728000164031982,1300,0.0,0.0
2022-08-18 00:00:00-04:00,7.704999923706055,7.800000190734863,7.699999809265137,7.710000038146973,1500,0.0,0.0
2022-08-19 00:00:00-04:00,7.760000228881836,7.800000190734863,7.75,7.75,11700,0.0,0.0
2022-08-22 00:00:00-04:00,7.76800012588501,7.800000190734863,7.670000076293945,7.75,176200,0.0,0.0
2022-08-23 00:00:00-04:00,7.710000038146973,7.75,7.670000076293945,7.679999828338623,148200,0.0,0.0
2022-08-24 00:00:00-04:00,7.610000133514404,7.75,7.610000133514404,7.699999809265137,23100,0.0,0.0
2022-08-25 00:00:00-04:00,7.75,7.75,7.75,7.75,1100,0.0,0.0
2022-08-26 00:00:00-04:00,7.75,7.75,7.699999809265137,7.699999809265137,110900,0.0,0.0
2022-08-29 00:00:00-04:00,7.75,7.75,7.659999847412109,7.71999979019165,14200,0.0,0.0
2022-08-30 00:00:00-04:00,7.704999923706055,7.75,7.704999923706055,7.739999771118164,10300,0.0,0.0
2022-08-31 00:00:00-04:00,7.75,7.75,7.699999809265137,7.699999809265137,14000,0.0,0.0
2022-09-01 00:00:00-04:00,7.659999847412109,7.71999979019165,7.650000095367432,7.650000095367432,4200,0.0,0.0
2022-09-02 00:00:00-04:00,7.699999809265137,7.75,7.699999809265137,7.730000019073486,9500,0.0,0.0
2022-09-06 00:00:00-04:00,7.75,7.75,7.71999979019165,7.730000019073486,29200,0.0,0.0
2022-09-07 00:00:00-04:00,7.730000019073486,7.75,7.695000171661377,7.699999809265137,19200,0.0,0.0
2022-09-08 00:00:00-04:00,7.690000057220459,7.730000019073486,7.5,7.650000095367432,19900,0.0,0.0
2022-09-09 00:00:00-04:00,7.650000095367432,7.670000076293945,7.5,7.557000160217285,23800,0.0,0.0
2022-09-12 00:00:00-04:00,7.590000152587891,7.769999980926514,7.590000152587891,7.699999809265137,33500,0.0,0.0
2022-09-13 00:00:00-04:00,7.699999809265137,7.710000038146973,7.534999847412109,7.550000190734863,44900,0.0,0.0
2022-09-14 00:00:00-04:00,7.550000190734863,7.710000038146973,7.550000190734863,7.659999847412109,14900,0.0,0.0
2022-09-15 00:00:00-04:00,7.71999979019165,7.71999979019165,7.559999942779541,7.639999866485596,1200,0.0,0.0
2022-09-16 00:00:00-04:00,7.554999828338623,7.599999904632568,7.510000228881836,7.550000190734863,1900,0.0,0.0
2022-09-19 00:00:00-04:00,7.590000152587891,7.619999885559082,7.190000057220459,7.289999961853027,28900,0.0,0.0
2022-09-20 00:00:00-04:00,7.400000095367432,7.400000095367432,7.269999980926514,7.369999885559082,27300,0.0,0.0
2022-09-21 00:00:00-04:00,7.360000133514404,7.699999809265137,7.25,7.699999809265137,13400,0.0,0.0
2022-09-22 00:00:00-04:00,7.639999866485596,7.639999866485596,7.449999809265137,7.510000228881836,7600,0.0,0.0
2022-09-23 00:00:00-04:00,7.320000171661377,7.420000076293945,7.300000190734863,7.420000076293945,8000,0.0,0.0
2022-09-26 00:00:00-04:00,7.409999847412109,7.5,7.389999866485596,7.449999809265137,2500,0.0,0.0
2022-09-27 00:00:00-04:00,7.420000076293945,7.519999980926514,7.309999942779541,7.5,6300,0.0,0.0
2022-09-28 00:00:00-04:00,7.510000228881836,7.510000228881836,7.400000095367432,7.400000095367432,17300,0.0,0.0
2022-09-29 00:00:00-04:00,7.340000152587891,7.5,7.309999942779541,7.429999828338623,15300,0.0,0.0
2022-09-30 00:00:00-04:00,7.420000076293945,7.78000020980835,7.369999885559082,7.739999771118164,53700,0.0,0.0
2022-10-03 00:00:00-04:00,7.599999904632568,7.65500020980835,7.400000095367432,7.400000095367432,21100,0.0,0.0
2022-10-04 00:00:00-04:00,7.494999885559082,7.711999893188477,7.389999866485596,7.400000095367432,11100,0.0,0.0
2022-10-05 00:00:00-04:00,7.349999904632568,7.599999904632568,7.349999904632568,7.544000148773193,7000,0.0,0.0
2022-10-06 00:00:00-04:00,7.630000114440918,7.78000020980835,7.610000133514404,7.730000019073486,18100,0.0,0.0
2022-10-07 00:00:00-04:00,7.619999885559082,7.800000190734863,7.380000114440918,7.800000190734863,14800,0.0,0.0
2022-10-10 00:00:00-04:00,7.75,7.75,7.440000057220459,7.610000133514404,2900,0.0,0.0
2022-10-11 00:00:00-04:00,7.465000152587891,7.570000171661377,7.309999942779541,7.309999942779541,8900,0.0,0.0
2022-10-12 00:00:00-04:00,7.309999942779541,7.340000152587891,7.300000190734863,7.340000152587891,4900,0.0,0.0
2022-10-13 00:00:00-04:00,7.289999961853027,7.429999828338623,7.25,7.329999923706055,7800,0.0,0.0
2022-10-14 00:00:00-04:00,7.489999771118164,7.699999809265137,7.210000038146973,7.360000133514404,23700,0.0,0.0
2022-10-17 00:00:00-04:00,7.429999828338623,7.610000133514404,7.199999809265137,7.340000152587891,41900,0.0,0.0
2022-10-18 00:00:00-04:00,7.389999866485596,7.59499979019165,7.360000133514404,7.480000019073486,22600,0.0,0.0
2022-10-19 00:00:00-04:00,7.440000057220459,7.739999771118164,7.420000076293945,7.599999904632568,38700,0.0,0.0
2022-10-20 00:00:00-04:00,7.570000171661377,7.682000160217285,7.480000019073486,7.599999904632568,6400,0.0,0.0
2022-10-21 00:00:00-04:00,7.570000171661377,7.579999923706055,7.46999979019165,7.5,11100,0.0,0.0
2022-10-24 00:00:00-04:00,7.599999904632568,7.659999847412109,7.519999980926514,7.559999942779541,11600,0.0,0.0
2022-10-25 00:00:00-04:00,7.670000076293945,7.690000057220459,7.599999904632568,7.690000057220459,10900,0.0,0.0
2022-10-26 00:00:00-04:00,7.639999866485596,7.744999885559082,7.610000133514404,7.690000057220459,7600,0.0,0.0
2022-10-27 00:00:00-04:00,7.679999828338623,7.769999980926514,7.53000020980835,7.53000020980835,8400,0.0,0.0
2022-10-28 00:00:00-04:00,7.550000190734863,7.599999904632568,7.400000095367432,7.449999809265137,14400,0.0,0.0
2022-10-31 00:00:00-04:00,7.539999961853027,7.599999904632568,7.409999847412109,7.570000171661377,12800,0.0,0.0
2022-11-01 00:00:00-04:00,7.764999866485596,7.764999866485596,7.639999866485596,7.659999847412109,2000,0.0,0.0
2022-11-02 00:00:00-04:00,7.630000114440918,7.78000020980835,7.610000133514404,7.650000095367432,22100,0.0,0.0
2022-11-03 00:00:00-04:00,7.440000057220459,7.760000228881836,7.440000057220459,7.639999866485596,12100,0.0,0.0
2022-11-04 00:00:00-04:00,7.447999954223633,7.760000228881836,7.447999954223633,7.710000038146973,6500,0.0,0.0
2022-11-07 00:00:00-05:00,7.690000057220459,7.78000020980835,7.53000020980835,7.78000020980835,29800,0.0,0.0
2022-11-08 00:00:00-05:00,7.619999885559082,7.78000020980835,7.610000133514404,7.625999927520752,7700,0.0,0.0
2022-11-09 00:00:00-05:00,7.539999961853027,7.639999866485596,7.409999847412109,7.591000080108643,8000,0.0,0.0
2022-11-10 00:00:00-05:00,7.420000076293945,7.75,7.400000095367432,7.710000038146973,34400,0.0,0.0
2022-11-11 00:00:00-05:00,7.769999980926514,7.96999979019165,7.599999904632568,7.730000019073486,135700,0.0,0.0
2022-11-14 00:00:00-05:00,7.75,7.75,7.510000228881836,7.610000133514404,38300,0.0,0.0
2022-11-15 00:00:00-05:00,7.610000133514404,7.885000228881836,7.585999965667725,7.610000133514404,160300,0.0,0.0
2022-11-16 00:00:00-05:00,7.650000095367432,7.764999866485596,7.650000095367432,7.764999866485596,11200,0.0,0.0
2022-11-17 00:00:00-05:00,7.739999771118164,7.75,7.650000095367432,7.650000095367432,17400,0.0,0.0
2022-11-18 00:00:00-05:00,7.739999771118164,7.915999889373779,7.710000038146973,7.829999923706055,345900,0.0,0.0
2022-11-21 00:00:00-05:00,7.849999904632568,7.9039998054504395,7.809999942779541,7.860000133514404,42800,0.0,0.0
2022-11-22 00:00:00-05:00,7.853000164031982,7.900000095367432,7.730000019073486,7.840000152587891,26300,0.0,0.0
2022-11-23 00:00:00-05:00,7.775000095367432,7.829999923706055,7.739999771118164,7.809999942779541,9000,0.0,0.0
2022-11-25 00:00:00-05:00,7.829999923706055,7.90500020980835,7.829999923706055,7.849999904632568,2400,0.0,0.0
2022-11-28 00:00:00-05:00,7.849999904632568,7.900000095367432,7.760000228881836,7.820000171661377,47500,0.0,0.0
2022-11-29 00:00:00-05:00,7.849999904632568,7.949999809265137,7.650000095367432,7.699999809265137,213700,0.0,0.0
2022-11-30 00:00:00-05:00,7.699999809265137,7.829999923706055,7.650000095367432,7.650000095367432,74200,0.0,0.0
2022-12-01 00:00:00-05:00,7.75,7.75,7.590000152587891,7.650000095367432,57500,0.0,0.0
2022-12-02 00:00:00-05:00,7.599999904632568,7.849999904632568,7.590000152587891,7.75,79300,0.0,0.0
2022-12-05 00:00:00-05:00,7.739999771118164,7.889999866485596,7.71999979019165,7.760000228881836,36900,0.0,0.0
2022-12-06 00:00:00-05:00,7.840000152587891,7.860000133514404,7.71999979019165,7.75,48700,0.0,0.0
2022-12-07 00:00:00-05:00,7.775000095367432,7.894999980926514,7.744999885559082,7.880000114440918,226600,0.0,0.0
2022-12-08 00:00:00-05:00,7.849999904632568,7.909999847412109,7.795000076293945,7.820000171661377,24000,0.0,0.0
2022-12-09 00:00:00-05:00,7.808000087738037,7.889999866485596,7.75,7.75,22700,0.0,0.0
2022-12-12 00:00:00-05:00,7.730000019073486,7.849999904632568,7.659999847412109,7.659999847412109,3900,0.0,0.0
2022-12-13 00:00:00-05:00,7.75,7.989999771118164,7.739999771118164,7.869999885559082,166500,0.0,0.0
2022-12-14 00:00:00-05:00,7.800000190734863,7.980000019073486,7.800000190734863,7.869999885559082,4800,0.0,0.0
2022-12-15 00:00:00-05:00,7.860000133514404,7.949999809265137,7.820000171661377,7.900000095367432,33100,0.0,0.0
2022-12-16 00:00:00-05:00,7.840000152587891,7.980000019073486,7.840000152587891,7.980000019073486,12600,0.0,0.0
2022-12-19 00:00:00-05:00,7.965000152587891,8.380000114440918,7.940000057220459,8.380000114440918,124000,0.0,0.0
2022-12-20 00:00:00-05:00,8.369999885559082,8.369999885559082,8.142999649047852,8.300000190734863,14000,0.0,0.0
2022-12-21 00:00:00-05:00,8.300000190734863,8.300000190734863,8.170000076293945,8.239999771118164,3900,0.0,0.0
2022-12-22 00:00:00-05:00,8.380000114440918,8.380000114440918,8.0600004196167,8.199999809265137,12600,0.0,0.0
2022-12-23 00:00:00-05:00,8.270000457763672,8.270000457763672,8.149999618530273,8.149999618530273,10600,0.0,0.0
2022-12-27 00:00:00-05:00,8.199999809265137,8.260000228881836,8.020000457763672,8.020000457763672,5700,0.0,0.0
2022-12-28 00:00:00-05:00,8.020000457763672,8.359999656677246,8.020000457763672,8.100000381469727,5900,0.0,0.0
2022-12-29 00:00:00-05:00,7.789999961853027,8.229999542236328,7.789999961853027,8.149999618530273,28600,0.0,0.0
2022-12-30 00:00:00-05:00,7.800000190734863,8.25,7.800000190734863,8.0,36700,0.0,0.0
2023-01-03 00:00:00-05:00,8.039999961853027,8.239999771118164,8.039999961853027,8.180000305175781,22100,0.0,0.0
2023-01-04 00:00:00-05:00,8.270000457763672,8.600000381469727,8.199999809265137,8.399999618530273,95400,0.0,0.0
2023-01-05 00:00:00-05:00,8.279999732971191,8.623000144958496,8.229999542236328,8.260000228881836,6600,0.0,0.0
2023-01-06 00:00:00-05:00,8.25,8.359000205993652,8.0,8.0,137300,0.0,0.0
2023-01-09 00:00:00-05:00,8.069999694824219,8.59000015258789,8.0600004196167,8.220000267028809,23800,0.0,0.0
2023-01-10 00:00:00-05:00,8.15999984741211,8.289999961853027,8.149999618530273,8.15999984741211,8700,0.0,0.0
2023-01-11 00:00:00-05:00,8.109999656677246,8.329999923706055,8.039999961853027,8.039999961853027,12600,0.0,0.0
2023-01-12 00:00:00-05:00,8.170000076293945,8.720000267028809,8.130000114440918,8.225000381469727,67100,0.0,0.0
2023-01-13 00:00:00-05:00,8.260000228881836,8.468000411987305,8.100000381469727,8.1899995803833,32300,0.0,0.0
2023-01-17 00:00:00-05:00,8.279999732971191,8.28499984741211,8.210000038146973,8.25,14000,0.0,0.0
2023-01-18 00:00:00-05:00,8.270000457763672,8.329999923706055,8.180000305175781,8.319999694824219,5300,0.0,0.0
2023-01-19 00:00:00-05:00,8.270000457763672,8.319999694824219,8.210000038146973,8.210000038146973,4700,0.0,0.0
2023-01-20 00:00:00-05:00,8.210000038146973,8.3100004196167,8.210000038146973,8.263999938964844,9900,0.0,0.0
2023-01-23 00:00:00-05:00,8.229999542236328,8.25,8.149999618530273,8.199999809265137,32100,0.0,0.0
2023-01-24 00:00:00-05:00,8.199999809265137,8.390000343322754,8.199999809265137,8.380000114440918,12000,0.0,0.0
2023-01-25 00:00:00-05:00,8.270000457763672,8.614999771118164,8.229999542236328,8.289999961853027,39600,0.0,0.0
2023-01-26 00:00:00-05:00,8.40999984741211,8.515000343322754,8.220000267028809,8.220000267028809,19500,0.0,0.0
2023-01-27 00:00:00-05:00,8.25,8.432999610900879,8.211000442504883,8.399999618530273,11800,0.0,0.0
2023-01-30 00:00:00-05:00,8.270000457763672,8.303000450134277,8.199999809265137,8.199999809265137,13600,0.0,0.0
2023-01-31 00:00:00-05:00,8.380000114440918,8.52299976348877,8.0,8.1899995803833,170500,0.0,0.0
2023-02-01 00:00:00-05:00,8.210000038146973,8.729999542236328,8.199999809265137,8.470000267028809,40400,0.0,0.0
2023-02-02 00:00:00-05:00,8.399999618530273,8.6899995803833,8.220000267028809,8.25,199100,0.0,0.0
2023-02-03 00:00:00-05:00,8.5,8.6899995803833,8.319999694824219,8.489999771118164,330800,0.0,0.0
2023-02-06 00:00:00-05:00,8.770000457763672,8.770000457763672,8.239999771118164,8.260000228881836,46600,0.0,0.0
2023-02-07 00:00:00-05:00,8.5,8.600000381469727,8.260000228881836,8.449999809265137,56200,0.0,0.0
2023-02-08 00:00:00-05:00,8.449999809265137,8.774999618530273,8.199999809265137,8.300000190734863,343300,0.0,0.0
2023-02-09 00:00:00-05:00,8.34000015258789,8.449999809265137,8.199999809265137,8.239999771118164,51200,0.0,0.0
2023-02-10 00:00:00-05:00,8.170000076293945,8.670000076293945,8.170000076293945,8.170000076293945,51600,0.0,0.0
2023-02-13 00:00:00-05:00,8.34000015258789,8.399999618530273,8.130000114440918,8.239999771118164,70000,0.0,0.0
2023-02-14 00:00:00-05:00,8.300000190734863,8.470000267028809,8.279999732971191,8.470000267028809,25900,0.0,0.0
2023-02-15 00:00:00-05:00,8.470000267028809,8.5,8.300000190734863,8.399999618530273,101800,0.0,0.0
2023-02-16 00:00:00-05:00,8.359999656677246,8.40999984741211,8.300000190734863,8.369999885559082,47300,0.0,0.0
2023-02-17 00:00:00-05:00,8.4399995803833,8.470000267028809,8.300000190734863,8.329999923706055,21100,0.0,0.0
2023-02-21 00:00:00-05:00,8.329999923706055,8.420000076293945,8.210000038146973,8.270000457763672,54900,0.0,0.0
2023-02-22 00:00:00-05:00,8.210000038146973,8.449999809265137,8.100000381469727,8.28499984741211,28000,0.0,0.0
2023-02-23 00:00:00-05:00,8.180000305175781,8.404999732971191,8.069999694824219,8.149999618530273,22500,0.0,0.0
2023-02-24 00:00:00-05:00,8.109999656677246,8.694000244140625,8.109999656677246,8.329999923706055,37200,0.0,0.0
2023-02-27 00:00:00-05:00,8.380000114440918,8.420000076293945,8.222999572753906,8.300000190734863,37500,0.0,0.0
2023-02-28 00:00:00-05:00,8.380000114440918,8.380000114440918,8.180000305175781,8.229999542236328,13700,0.0,0.0
2023-03-01 00:00:00-05:00,8.359999656677246,8.430000305175781,8.1899995803833,8.329999923706055,40400,0.0,0.0
2023-03-02 00:00:00-05:00,8.369999885559082,8.430000305175781,8.279999732971191,8.390000343322754,36400,0.0,0.0
2023-03-03 00:00:00-05:00,8.6899995803833,8.6899995803833,8.279999732971191,8.420000076293945,246500,0.0,0.0
2023-03-06 00:00:00-05:00,8.470000267028809,8.470000267028809,8.260000228881836,8.289999961853027,80100,0.0,0.0
2023-03-07 00:00:00-05:00,8.329999923706055,8.385000228881836,8.1899995803833,8.210000038146973,15100,0.0,0.0
2023-03-08 00:00:00-05:00,8.199999809265137,8.399999618530273,7.900000095367432,8.300000190734863,68700,0.0,0.0
2023-03-09 00:00:00-05:00,8.173999786376953,8.369999885559082,8.173999786376953,8.300000190734863,28500,0.0,0.0
2023-03-10 00:00:00-05:00,8.239999771118164,8.468000411987305,8.010000228881836,8.039999961853027,14700,0.0,0.0
2023-03-13 00:00:00-04:00,7.880000114440918,8.178000450134277,7.800000190734863,8.069999694824219,27000,0.0,0.0
2023-03-14 00:00:00-04:00,8.279999732971191,8.420000076293945,8.09000015258789,8.09000015258789,31400,0.0,0.0
2023-03-15 00:00:00-04:00,8.069999694824219,8.399999618530273,8.069999694824219,8.399999618530273,39200,0.0,0.0
2023-03-16 00:00:00-04:00,8.399999618530273,8.489999771118164,8.232000350952148,8.449999809265137,63800,0.0,0.0
2023-03-17 00:00:00-04:00,8.300000190734863,8.3100004196167,8.079999923706055,8.079999923706055,20300,0.0,0.0
2023-03-20 00:00:00-04:00,8.289999961853027,8.460000038146973,8.109999656677246,8.270000457763672,10700,0.0,0.0
2023-03-21 00:00:00-04:00,8.229999542236328,8.5,8.130000114440918,8.130000114440918,26600,0.0,0.0
2023-03-22 00:00:00-04:00,8.15999984741211,8.40999984741211,8.149999618530273,8.380000114440918,23300,0.0,0.0
2023-03-23 00:00:00-04:00,8.380000114440918,8.4399995803833,8.25,8.4399995803833,28500,0.0,0.0
2023-03-24 00:00:00-04:00,8.510000228881836,8.510000228881836,8.300000190734863,8.350000381469727,11900,0.0,0.0
2023-03-27 00:00:00-04:00,8.350000381469727,8.350000381469727,8.050000190734863,8.34000015258789,45600,0.0,0.0
2023-03-28 00:00:00-04:00,8.359999656677246,8.4399995803833,8.260000228881836,8.289999961853027,28300,0.0,0.0
2023-03-29 00:00:00-04:00,8.300000190734863,8.364999771118164,8.199999809265137,8.279999732971191,36700,0.0,0.0
2023-03-30 00:00:00-04:00,8.369999885559082,8.390000343322754,8.149999618530273,8.149999618530273,19500,0.0,0.0
2023-03-31 00:00:00-04:00,8.3149995803833,8.399999618530273,8.244999885559082,8.289999961853027,25300,0.0,0.0
2023-04-03 00:00:00-04:00,8.180000305175781,8.454999923706055,8.180000305175781,8.399999618530273,61100,0.0,0.0
2023-04-04 00:00:00-04:00,8.425000190734863,8.449999809265137,8.279999732971191,8.289999961853027,20200,0.0,0.0
2023-04-05 00:00:00-04:00,8.260000228881836,8.390000343322754,8.149999618530273,8.149999618530273,19300,0.0,0.0
2023-04-06 00:00:00-04:00,8.359999656677246,8.65999984741211,8.220000267028809,8.270000457763672,36300,0.0,0.0
2023-04-10 00:00:00-04:00,8.34000015258789,8.46500015258789,8.279999732971191,8.375,25200,0.0,0.0
2023-04-11 00:00:00-04:00,8.420000076293945,8.420000076293945,8.329999923706055,8.369999885559082,24000,0.0,0.0
2023-04-12 00:00:00-04:00,8.430000305175781,8.510000228881836,8.154999732971191,8.289999961853027,26500,0.0,0.0
2023-04-13 00:00:00-04:00,8.229999542236328,8.444999694824219,8.220000267028809,8.25,15600,0.0,0.0
2023-04-14 00:00:00-04:00,8.34000015258789,8.399999618530273,8.225000381469727,8.260000228881836,11800,0.0,0.0
2023-04-17 00:00:00-04:00,8.414999961853027,8.414999961853027,8.220000267028809,8.229999542236328,12100,0.0,0.0
2023-04-18 00:00:00-04:00,8.239999771118164,8.359999656677246,8.220000267028809,8.279999732971191,7300,0.0,0.0
2023-04-19 00:00:00-04:00,8.34000015258789,8.359999656677246,8.25,8.34000015258789,15900,0.0,0.0
2023-04-20 00:00:00-04:00,8.279999732971191,8.34000015258789,8.23799991607666,8.300000190734863,28200,0.0,0.0
2023-04-21 00:00:00-04:00,8.3100004196167,8.3100004196167,8.1899995803833,8.300000190734863,34200,0.0,0.0
2023-04-24 00:00:00-04:00,8.369999885559082,8.369999885559082,8.220000267028809,8.25,5700,0.0,0.0
2023-04-25 00:00:00-04:00,8.239999771118164,8.454999923706055,8.239999771118164,8.350000381469727,12700,0.0,0.0
2023-04-26 00:00:00-04:00,8.350000381469727,8.350000381469727,8.0,8.0,38100,0.0,0.0
2023-04-27 00:00:00-04:00,8.119999885559082,8.329999923706055,8.010000228881836,8.029999732971191,15300,0.0,0.0
2023-04-28 00:00:00-04:00,8.149999618530273,8.279999732971191,8.085000038146973,8.279999732971191,9000,0.0,0.0
2023-05-01 00:00:00-04:00,8.180000305175781,8.300000190734863,8.010000228881836,8.220000267028809,50500,0.0,0.0
2023-05-02 00:00:00-04:00,8.229999542236328,8.244999885559082,8.15999984741211,8.220000267028809,13300,0.0,0.0
2023-05-03 00:00:00-04:00,8.220000267028809,8.289999961853027,8.0600004196167,8.0600004196167,5900,0.0,0.0
2023-05-04 00:00:00-04:00,8.069999694824219,8.444999694824219,8.069999694824219,8.279999732971191,40600,0.0,0.0
2023-05-05 00:00:00-04:00,8.279999732971191,8.350000381469727,8.170000076293945,8.3100004196167,22800,0.0,0.0
2023-05-08 00:00:00-04:00,8.329999923706055,8.449999809265137,8.289999961853027,8.449999809265137,38400,0.0,0.0
2023-05-09 00:00:00-04:00,8.279999732971191,8.4399995803833,8.279999732971191,8.319999694824219,11100,0.0,0.0
2023-05-10 00:00:00-04:00,8.270000457763672,8.479999542236328,8.260000228881836,8.399999618530273,15600,0.0,0.0
2023-05-11 00:00:00-04:00,8.300000190734863,8.430000305175781,8.210000038146973,8.329999923706055,29400,0.0,0.0
2023-05-12 00:00:00-04:00,8.390000343322754,8.390000343322754,8.25,8.300000190734863,8300,0.0,0.0
2023-05-15 00:00:00-04:00,8.300000190734863,8.300000190734863,8.050000190734863,8.145000457763672,15900,0.0,0.0
2023-05-16 00:00:00-04:00,8.130000114440918,8.180000305175781,8.050000190734863,8.050000190734863,32400,0.0,0.0
2023-05-17 00:00:00-04:00,8.300000190734863,8.729999542236328,8.300000190734863,8.489999771118164,331200,0.0,0.0
2023-05-18 00:00:00-04:00,8.649999618530273,8.694999694824219,8.270000457763672,8.270000457763672,63800,0.0,0.0
2023-05-19 00:00:00-04:00,8.390000343322754,8.914999961853027,8.350000381469727,8.649999618530273,47800,0.0,0.0
2023-05-22 00:00:00-04:00,8.710000038146973,9.0,8.699999809265137,8.90999984741211,63200,0.0,0.0
2023-05-23 00:00:00-04:00,8.970000267028809,9.300000190734863,8.928000450134277,9.300000190734863,68900,0.0,0.0
2023-05-24 00:00:00-04:00,9.199999809265137,9.270000457763672,9.010000228881836,9.069999694824219,32100,0.0,0.0
2023-05-25 00:00:00-04:00,9.0600004196167,9.229999542236328,8.960000038146973,9.180000305175781,28600,0.0,0.0
2023-05-26 00:00:00-04:00,8.847999572753906,9.319999694824219,8.847999572753906,9.289999961853027,6600,0.0,0.0
2023-05-30 00:00:00-04:00,9.199999809265137,9.25,8.829999923706055,9.029999732971191,21800,0.0,0.0
2023-05-31 00:00:00-04:00,9.09000015258789,9.25,9.09000015258789,9.210000038146973,28400,0.0,0.0
2023-06-01 00:00:00-04:00,9.220000267028809,9.399999618530273,9.180000305175781,9.390000343322754,16700,0.0,0.0
2023-06-02 00:00:00-04:00,9.399999618530273,9.399999618530273,9.15999984741211,9.229999542236328,37900,0.0,0.0
2023-06-05 00:00:00-04:00,9.270000457763672,9.364999771118164,9.15999984741211,9.239999771118164,28900,0.0,0.0
2023-06-06 00:00:00-04:00,9.260000228881836,9.359999656677246,9.255000114440918,9.289999961853027,11700,0.0,0.0
2023-06-07 00:00:00-04:00,9.380000114440918,9.380000114440918,9.199999809265137,9.199999809265137,18400,0.0,0.0
2023-06-08 00:00:00-04:00,9.260000228881836,9.364999771118164,9.109999656677246,9.25,20800,0.0,0.0
2023-06-09 00:00:00-04:00,9.210000038146973,9.364999771118164,9.03499984741211,9.329999923706055,15500,0.0,0.0
2023-06-12 00:00:00-04:00,9.260000228881836,9.385000228881836,9.0,9.0,23600,0.0,0.0
2023-06-13 00:00:00-04:00,9.25,9.25,9.0,9.050000190734863,11000,0.0,0.0
2023-06-14 00:00:00-04:00,9.0,9.050000190734863,8.619999885559082,8.805000305175781,102500,0.0,0.0
2023-06-15 00:00:00-04:00,8.619999885559082,9.005000114440918,8.541000366210938,8.779999732971191,112100,0.0,0.0
2023-06-16 00:00:00-04:00,8.859999656677246,9.024999618530273,8.630000114440918,8.75,60300,0.0,0.0
2023-06-20 00:00:00-04:00,8.65999984741211,9.039999961853027,8.65999984741211,8.699999809265137,32900,0.0,0.0
2023-06-21 00:00:00-04:00,8.960000038146973,8.960000038146973,8.649999618530273,8.800000190734863,60100,0.0,0.0
2023-06-22 00:00:00-04:00,8.84000015258789,9.09000015258789,8.710000038146973,9.050000190734863,71700,0.0,0.0
2023-06-23 00:00:00-04:00,8.920000076293945,9.107999801635742,8.779999732971191,8.789999961853027,61600,0.0,0.0
2023-06-26 00:00:00-04:00,8.920000076293945,9.050000190734863,8.800000190734863,8.899999618530273,33500,0.0,0.0
2023-06-27 00:00:00-04:00,8.829999923706055,9.0,8.800000190734863,8.8100004196167,30800,0.0,0.0
2023-06-28 00:00:00-04:00,8.949999809265137,8.979000091552734,8.75,8.779999732971191,18800,0.0,0.0
2023-06-29 00:00:00-04:00,8.779999732971191,9.0,8.779999732971191,8.9399995803833,19400,0.0,0.0
2023-06-30 00:00:00-04:00,8.920000076293945,8.979000091552734,8.84000015258789,8.9399995803833,43500,0.0,0.0
2023-07-03 00:00:00-04:00,8.9399995803833,9.09000015258789,8.850000381469727,9.0600004196167,12900,0.0,0.0
2023-07-05 00:00:00-04:00,9.100000381469727,9.100000381469727,8.65999984741211,8.75,63800,0.0,0.0
2023-07-06 00:00:00-04:00,8.739999771118164,8.800000190734863,8.65999984741211,8.65999984741211,57100,0.0,0.0
2023-07-07 00:00:00-04:00,8.65999984741211,8.869999885559082,8.649999618530273,8.739999771118164,56100,0.0,0.0
2023-07-10 00:00:00-04:00,8.760000228881836,8.84000015258789,8.649999618530273,8.699999809265137,43400,0.0,0.0
2023-07-11 00:00:00-04:00,8.670000076293945,8.835000038146973,8.550000190734863,8.710000038146973,20300,0.0,0.0
2023-07-12 00:00:00-04:00,8.770000457763672,8.770000457763672,8.520000457763672,8.600000381469727,23800,0.0,0.0
2023-07-13 00:00:00-04:00,8.5600004196167,8.75,8.529000282287598,8.630000114440918,155300,0.0,0.0
2023-07-14 00:00:00-04:00,8.649999618530273,8.75,8.649999618530273,8.65999984741211,25900,0.0,0.0
2023-07-17 00:00:00-04:00,8.670000076293945,9.0600004196167,8.670000076293945,8.710000038146973,34700,0.0,0.0
2023-07-18 00:00:00-04:00,8.680000305175781,9.010000228881836,8.65999984741211,8.699999809265137,107000,0.0,0.0
2023-07-19 00:00:00-04:00,8.699999809265137,8.845000267028809,8.6899995803833,8.710000038146973,76200,0.0,0.0
2023-07-20 00:00:00-04:00,8.680000305175781,8.8100004196167,8.64799976348877,8.699999809265137,191300,0.0,0.0
2023-07-21 00:00:00-04:00,8.770000457763672,8.824999809265137,8.600000381469727,8.649999618530273,203400,0.0,0.0
2023-07-24 00:00:00-04:00,8.649999618530273,8.989999771118164,8.649999618530273,8.859999656677246,80500,0.0,0.0
2023-07-25 00:00:00-04:00,8.9399995803833,8.989999771118164,8.885000228881836,8.899999618530273,66400,0.0,0.0
2023-07-26 00:00:00-04:00,8.90999984741211,9.100000381469727,8.670000076293945,8.789999961853027,81000,0.0,0.0
2023-07-27 00:00:00-04:00,8.800000190734863,9.010000228881836,8.78499984741211,9.0,56100,0.0,0.0
2023-07-28 00:00:00-04:00,9.399999618530273,9.5,9.289999961853027,9.369999885559082,597200,0.0,0.0
2023-07-31 00:00:00-04:00,9.479999542236328,9.744999885559082,9.260000228881836,9.699999809265137,209200,0.0,0.0
2023-08-01 00:00:00-04:00,9.720000267028809,9.989999771118164,9.699999809265137,9.789999961853027,100500,0.0,0.0
2023-08-02 00:00:00-04:00,9.829999923706055,9.84000015258789,9.5,9.600000381469727,53100,0.0,0.0
2023-08-03 00:00:00-04:00,9.65999984741211,9.84000015258789,9.630000114440918,9.75,36300,0.0,0.0
2023-08-04 00:00:00-04:00,9.8100004196167,9.850000381469727,9.680000305175781,9.819999694824219,64800,0.0,0.0
2023-08-07 00:00:00-04:00,9.890000343322754,9.970000267028809,9.600000381469727,9.779999732971191,66100,0.0,0.0
2023-08-08 00:00:00-04:00,9.8100004196167,10.0600004196167,9.755000114440918,9.960000038146973,197900,0.0,0.0
2023-08-09 00:00:00-04:00,9.949999809265137,10.137999534606934,9.75,9.789999961853027,102200,0.0,0.0
2023-08-10 00:00:00-04:00,9.960000038146973,9.979999542236328,9.770000457763672,9.869999885559082,24500,0.0,0.0
2023-08-11 00:00:00-04:00,9.800000190734863,9.949999809265137,9.630000114440918,9.630000114440918,27300,0.0,0.0
2023-08-14 00:00:00-04:00,9.539999961853027,9.9399995803833,9.329999923706055,9.869999885559082,70800,0.0,0.0
2023-08-15 00:00:00-04:00,9.850000381469727,9.930000305175781,9.774999618530273,9.829999923706055,35000,0.0,0.0
2023-08-16 00:00:00-04:00,10.069999694824219,10.5,10.069999694824219,10.319999694824219,133300,0.0,0.0
2023-08-17 00:00:00-04:00,10.40999984741211,10.59000015258789,10.319000244140625,10.5,57800,0.0,0.0
2023-08-18 00:00:00-04:00,10.5,10.62600040435791,10.34000015258789,10.430000305175781,96000,0.0,0.0
2023-08-21 00:00:00-04:00,10.430000305175781,10.640000343322754,10.430000305175781,10.539999961853027,141900,0.0,0.0
2023-08-22 00:00:00-04:00,10.600000381469727,10.699999809265137,10.479999542236328,10.640000343322754,178200,0.0,0.0
2023-08-23 00:00:00-04:00,10.59000015258789,10.800000190734863,10.59000015258789,10.699999809265137,66700,0.0,0.0
2023-08-24 00:00:00-04:00,10.6899995803833,10.758000373840332,10.60099983215332,10.710000038146973,56300,0.0,0.0
2023-08-25 00:00:00-04:00,10.75,10.800000190734863,10.180000305175781,10.600000381469727,166500,0.0,0.0
2023-08-28 00:00:00-04:00,10.65999984741211,10.720000267028809,10.539999961853027,10.550000190734863,120600,0.0,0.0
2023-08-29 00:00:00-04:00,10.59000015258789,10.649999618530273,10.520000457763672,10.520000457763672,28000,0.0,0.0
2023-08-30 00:00:00-04:00,10.539999961853027,10.65999984741211,10.524999618530273,10.600000381469727,78000,0.0,0.0
2023-08-31 00:00:00-04:00,10.630000114440918,10.65999984741211,10.52400016784668,10.579999923706055,31500,0.0,0.0
2023-09-01 00:00:00-04:00,10.65999984741211,10.723999977111816,10.59000015258789,10.600000381469727,122400,0.0,0.0
2023-09-05 00:00:00-04:00,10.640000343322754,10.869999885559082,10.600000381469727,10.699999809265137,253200,0.0,0.0
2023-09-06 00:00:00-04:00,10.720000267028809,10.864999771118164,10.649999618530273,10.649999618530273,76600,0.0,0.0
2023-09-07 00:00:00-04:00,10.710000038146973,10.807999610900879,10.600000381469727,10.710000038146973,278100,0.0,0.0
2023-09-08 00:00:00-04:00,10.680000305175781,11.199999809265137,10.680000305175781,11.020000457763672,114400,0.0,0.0
2023-09-11 00:00:00-04:00,11.130000114440918,11.149999618530273,10.869999885559082,10.899999618530273,107600,0.0,0.0
2023-09-12 00:00:00-04:00,10.930000305175781,11.119999885559082,10.899999618530273,11.0,93300,0.0,0.0
2023-09-13 00:00:00-04:00,11.069999694824219,11.069999694824219,10.890000343322754,10.90999984741211,67300,0.0,0.0
2023-09-14 00:00:00-04:00,10.920000076293945,11.279999732971191,10.899999618530273,11.279999732971191,65600,0.0,0.0
2023-09-15 00:00:00-04:00,11.279999732971191,11.6899995803833,11.253999710083008,11.270000457763672,111400,0.0,0.0
2023-09-18 00:00:00-04:00,11.1899995803833,11.270000457763672,11.079999923706055,11.260000228881836,56900,0.0,0.0
2023-09-19 00:00:00-04:00,11.270000457763672,11.699999809265137,11.260000228881836,11.569999694824219,65500,0.0,0.0
2023-09-20 00:00:00-04:00,11.6899995803833,11.6899995803833,11.34000015258789,11.470000267028809,27100,0.0,0.0
2023-09-21 00:00:00-04:00,11.420000076293945,11.600000381469727,11.350000381469727,11.5600004196167,26100,0.0,0.0
2023-09-22 00:00:00-04:00,11.550000190734863,11.960000038146973,11.550000190734863,11.859999656677246,90400,0.0,0.0
2023-09-25 00:00:00-04:00,11.899999618530273,11.9399995803833,11.449999809265137,11.59000015258789,89100,0.0,0.0
2023-09-26 00:00:00-04:00,11.6899995803833,11.774999618530273,11.524999618530273,11.59000015258789,23500,0.0,0.0
2023-09-27 00:00:00-04:00,11.529999732971191,11.744999885559082,11.390000343322754,11.479999542236328,24300,0.0,0.0
2023-09-28 00:00:00-04:00,11.489999771118164,11.720000267028809,11.449999809265137,11.470000267028809,26800,0.0,0.0
2023-09-29 00:00:00-04:00,11.460000038146973,11.529999732971191,11.211000442504883,11.279999732971191,46700,0.0,0.0
2023-10-02 00:00:00-04:00,11.25,11.529999732971191,11.25,11.4399995803833,61700,0.0,0.0
2023-10-03 00:00:00-04:00,11.4399995803833,11.449999809265137,11.0,11.050000190734863,83400,0.0,0.0
2023-10-04 00:00:00-04:00,10.75,11.100000381469727,10.75,11.050000190734863,59200,0.0,0.0
2023-10-05 00:00:00-04:00,11.09000015258789,11.350000381469727,10.890000343322754,11.15999984741211,120100,0.0,0.0
2023-10-06 00:00:00-04:00,11.079999923706055,11.239999771118164,10.998000144958496,11.140000343322754,44400,0.0,0.0
2023-10-09 00:00:00-04:00,10.829999923706055,11.071999549865723,10.680000305175781,10.880000114440918,110400,0.0,0.0
2023-10-10 00:00:00-04:00,10.819999694824219,11.069999694824219,10.795999526977539,10.84000015258789,35800,0.0,0.0
2023-10-11 00:00:00-04:00,10.859999656677246,10.96500015258789,10.829999923706055,10.84000015258789,23200,0.0,0.0
2023-10-12 00:00:00-04:00,10.850000381469727,10.855999946594238,10.720000267028809,10.800000190734863,24500,0.0,0.0
2023-10-13 00:00:00-04:00,10.800000190734863,11.010000228881836,10.779999732971191,10.930000305175781,45300,0.0,0.0
2023-10-16 00:00:00-04:00,10.890000343322754,10.989999771118164,10.779999732971191,10.869999885559082,80100,0.0,0.0
2023-10-17 00:00:00-04:00,10.819999694824219,11.039999961853027,10.779999732971191,11.029999732971191,54200,0.0,0.0
2023-10-18 00:00:00-04:00,10.989999771118164,11.3149995803833,10.970000267028809,11.170000076293945,58500,0.0,0.0
2023-10-19 00:00:00-04:00,11.199999809265137,11.34000015258789,11.020000457763672,11.229999542236328,62500,0.0,0.0
2023-10-20 00:00:00-04:00,11.170000076293945,11.180000305175781,10.890000343322754,10.890000343322754,48100,0.0,0.0
2023-10-23 00:00:00-04:00,10.944999694824219,11.119999885559082,10.90999984741211,11.079999923706055,49600,0.0,0.0
2023-10-24 00:00:00-04:00,11.170000076293945,11.189000129699707,11.029999732971191,11.0600004196167,31600,0.0,0.0
2023-10-25 00:00:00-04:00,11.079999923706055,11.270000457763672,11.039999961853027,11.100000381469727,74800,0.0,0.0
2023-10-26 00:00:00-04:00,11.119999885559082,11.1899995803833,11.039999961853027,11.039999961853027,29300,0.0,0.0
2023-10-27 00:00:00-04:00,11.029999732971191,11.130000114440918,10.960000038146973,10.979999542236328,27700,0.0,0.0
2023-10-30 00:00:00-04:00,10.9399995803833,11.145000457763672,10.9399995803833,11.069999694824219,45900,0.0,0.0
2023-10-31 00:00:00-04:00,11.071000099182129,11.100000381469727,10.970000267028809,10.989999771118164,39700,0.0,0.0
2023-11-01 00:00:00-04:00,10.949999809265137,11.239999771118164,10.949999809265137,11.149999618530273,45400,0.0,0.0
2023-11-02 00:00:00-04:00,11.25,11.25,10.9399995803833,10.989999771118164,49900,0.0,0.0
2023-11-03 00:00:00-04:00,11.039999961853027,11.1899995803833,10.989999771118164,11.119999885559082,58500,0.0,0.0
2023-11-06 00:00:00-05:00,11.25,11.25,10.979999542236328,10.979999542236328,62400,0.0,0.0
2023-11-07 00:00:00-05:00,11.0,11.180000305175781,10.760000228881836,11.100000381469727,61400,0.0,0.0
2023-11-08 00:00:00-05:00,11.229999542236328,11.25,10.994999885559082,11.079999923706055,33100,0.0,0.0
2023-11-09 00:00:00-05:00,11.140000343322754,11.189000129699707,10.899999618530273,10.970000267028809,63100,0.0,0.0
2023-11-10 00:00:00-05:00,10.942000389099121,10.984999656677246,10.829999923706055,10.949999809265137,100200,0.0,0.0
2023-11-13 00:00:00-05:00,10.920000076293945,10.989999771118164,10.850000381469727,10.9399995803833,95800,0.0,0.0
2023-11-14 00:00:00-05:00,11.050000190734863,11.350000381469727,11.020000457763672,11.199999809265137,123400,0.0,0.0
2023-11-15 00:00:00-05:00,11.329999923706055,12.289999961853027,11.329999923706055,12.039999961853027,214200,0.0,0.0
2023-11-16 00:00:00-05:00,12.199999809265137,12.425999641418457,11.960000038146973,12.069999694824219,140900,0.0,0.0
2023-11-17 00:00:00-05:00,12.1899995803833,12.1899995803833,11.930999755859375,11.979999542236328,48400,0.0,0.0
2023-11-20 00:00:00-05:00,11.880000114440918,11.880000114440918,11.350000381469727,11.640000343322754,108300,0.0,0.0
2023-11-21 00:00:00-05:00,11.529999732971191,12.010000228881836,11.515000343322754,11.859999656677246,96400,0.0,0.0
2023-11-22 00:00:00-05:00,11.859999656677246,11.859999656677246,11.600000381469727,11.600000381469727,53200,0.0,0.0
2023-11-24 00:00:00-05:00,11.59000015258789,11.699999809265137,11.550000190734863,11.569999694824219,34900,0.0,0.0
2023-11-27 00:00:00-05:00,11.539999961853027,11.819999694824219,11.460000038146973,11.75,50600,0.0,0.0
2023-11-28 00:00:00-05:00,11.800000190734863,11.829999923706055,11.520000457763672,11.520000457763672,56900,0.0,0.0
2023-11-29 00:00:00-05:00,11.609999656677246,11.949999809265137,11.609999656677246,11.819999694824219,74400,0.0,0.0
2023-11-30 00:00:00-05:00,11.789999961853027,11.9399995803833,11.67300033569336,11.760000228881836,51300,0.0,0.0
2023-12-01 00:00:00-05:00,11.710000038146973,11.906000137329102,11.710000038146973,11.869999885559082,55900,0.0,0.0
2023-12-04 00:00:00-05:00,11.779999732971191,12.180000305175781,11.779999732971191,11.989999771118164,123600,0.0,0.0
2023-12-05 00:00:00-05:00,11.989999771118164,12.819999694824219,11.967000007629395,12.420000076293945,197500,0.0,0.0
2023-12-06 00:00:00-05:00,12.529999732971191,12.529999732971191,12.25,12.300000190734863,106000,0.0,0.0
2023-12-07 00:00:00-05:00,12.300000190734863,12.65999984741211,12.300000190734863,12.510000228881836,143400,0.0,0.0
2023-12-08 00:00:00-05:00,12.5,12.619999885559082,12.350000381469727,12.489999771118164,48900,0.0,0.0
2023-12-11 00:00:00-05:00,12.550000190734863,13.100000381469727,12.550000190734863,12.710000038146973,97300,0.0,0.0
2023-12-12 00:00:00-05:00,12.619999885559082,12.699999809265137,12.34000015258789,12.5,51900,0.0,0.0
2023-12-13 00:00:00-05:00,12.5,12.649999618530273,12.390000343322754,12.5600004196167,57200,0.0,0.0
2023-12-14 00:00:00-05:00,12.529999732971191,12.529999732971191,11.949999809265137,12.079999923706055,101300,0.0,0.0
2023-12-15 00:00:00-05:00,12.069999694824219,12.15999984741211,11.619999885559082,11.640000343322754,51100,0.0,0.0
2023-12-18 00:00:00-05:00,11.6899995803833,12.140000343322754,11.572999954223633,11.920000076293945,82800,0.0,0.0
2023-12-19 00:00:00-05:00,11.979999542236328,12.135000228881836,11.899999618530273,12.0,58200,0.0,0.0
2023-12-20 00:00:00-05:00,12.050000190734863,12.4399995803833,11.9399995803833,11.989999771118164,70400,0.0,0.0
2023-12-21 00:00:00-05:00,12.100000381469727,12.449999809265137,12.029999732971191,12.430000305175781,59200,0.0,0.0
2023-12-22 00:00:00-05:00,12.5,13.350000381469727,12.5,12.979999542236328,99300,0.0,0.0
2023-12-26 00:00:00-05:00,12.949999809265137,13.180000305175781,12.899999618530273,13.069999694824219,33200,0.0,0.0
2023-12-27 00:00:00-05:00,13.100000381469727,13.369999885559082,12.871999740600586,13.289999961853027,41200,0.0,0.0
2023-12-28 00:00:00-05:00,13.40999984741211,13.454999923706055,12.9399995803833,13.039999961853027,39400,0.0,0.0
2023-12-29 00:00:00-05:00,13.100000381469727,13.100000381469727,12.760000228881836,12.880000114440918,27400,0.0,0.0
2024-01-02 00:00:00-05:00,12.75,13.130000114440918,12.75,12.960000038146973,48300,0.0,0.0
2024-01-03 00:00:00-05:00,12.960000038146973,13.010000228881836,12.744999885559082,12.75,31500,0.0,0.0
2024-01-04 00:00:00-05:00,12.869999885559082,13.050000190734863,12.789999961853027,12.829999923706055,184600,0.0,0.0
2024-01-05 00:00:00-05:00,12.84000015258789,13.699999809265137,12.84000015258789,12.960000038146973,141500,0.0,0.0
2024-01-08 00:00:00-05:00,13.079999923706055,13.350000381469727,12.859999656677246,13.25,74200,0.0,0.0
2024-01-09 00:00:00-05:00,13.15999984741211,13.15999984741211,12.9399995803833,13.0,48300,0.0,0.0
2024-01-10 00:00:00-05:00,13.0,13.109999656677246,12.760000228881836,12.8100004196167,84000,0.0,0.0
2024-01-11 00:00:00-05:00,12.90999984741211,12.90999984741211,12.699999809265137,12.770000457763672,16700,0.0,0.0
2024-01-12 00:00:00-05:00,12.829999923706055,12.993000030517578,12.75,12.869999885559082,41800,0.0,0.0
2024-01-16 00:00:00-05:00,13.229999542236328,13.229999542236328,12.65999984741211,12.75,51900,0.0,0.0
2024-01-17 00:00:00-05:00,12.680000305175781,12.850000381469727,12.630000114440918,12.850000381469727,23500,0.0,0.0
2024-01-18 00:00:00-05:00,12.800000190734863,13.081000328063965,12.710000038146973,12.859999656677246,35000,0.0,0.0
2024-01-19 00:00:00-05:00,12.885000228881836,13.010000228881836,12.75,12.970000267028809,37200,0.0,0.0
2024-01-22 00:00:00-05:00,12.989999771118164,13.187000274658203,12.960000038146973,13.050000190734863,64800,0.0,0.0
2024-01-23 00:00:00-05:00,13.100000381469727,13.859999656677246,13.0600004196167,13.75,80300,0.0,0.0
2024-01-24 00:00:00-05:00,13.850000381469727,13.930000305175781,13.4399995803833,13.670000076293945,44900,0.0,0.0
2024-01-25 00:00:00-05:00,13.65999984741211,13.6899995803833,13.4399995803833,13.609999656677246,18300,0.0,0.0
2024-01-26 00:00:00-05:00,13.694999694824219,13.871999740600586,13.569999694824219,13.699999809265137,35200,0.0,0.0
2024-01-29 00:00:00-05:00,13.710000038146973,13.770000457763672,13.5,13.520000457763672,16500,0.0,0.0
2024-01-30 00:00:00-05:00,13.59000015258789,13.609999656677246,13.390000343322754,13.529999732971191,20600,0.0,0.0
2024-01-31 00:00:00-05:00,13.390000343322754,13.600000381469727,13.350000381469727,13.460000038146973,34900,0.0,0.0
2024-02-01 00:00:00-05:00,13.300000190734863,13.390000343322754,12.989999771118164,13.300000190734863,69400,0.0,0.0
2024-02-02 00:00:00-05:00,13.420000076293945,13.65999984741211,13.100000381469727,13.40999984741211,59100,0.0,0.0
2024-02-05 00:00:00-05:00,13.489999771118164,13.5600004196167,13.220000267028809,13.418999671936035,44900,0.0,0.0
2024-02-06 00:00:00-05:00,13.399999618530273,13.59000015258789,13.239999771118164,13.319999694824219,22300,0.0,0.0
2024-02-07 00:00:00-05:00,13.4399995803833,13.4399995803833,12.989999771118164,13.0600004196167,33900,0.0,0.0
2024-02-08 00:00:00-05:00,12.989999771118164,13.170000076293945,12.9399995803833,12.949999809265137,44200,0.0,0.0
2024-02-09 00:00:00-05:00,13.0,13.305000305175781,12.8100004196167,13.039999961853027,31400,0.0,0.0
2024-02-12 00:00:00-05:00,13.199999809265137,13.269000053405762,12.97599983215332,13.020000457763672,18100,0.0,0.0
2024-02-13 00:00:00-05:00,13.100000381469727,13.170000076293945,12.800000190734863,12.800000190734863,16300,0.0,0.0
2024-02-14 00:00:00-05:00,12.90999984741211,13.09000015258789,12.760000228881836,12.850000381469727,23300,0.0,0.0
2024-02-15 00:00:00-05:00,13.029999732971191,13.100000381469727,12.880000114440918,12.930000305175781,11900,0.0,0.0
2024-02-16 00:00:00-05:00,13.0,13.1899995803833,12.899999618530273,13.1899995803833,34000,0.0,0.0
2024-02-20 00:00:00-05:00,13.010000228881836,13.130000114440918,12.930000305175781,12.930000305175781,19500,0.0,0.0
2024-02-21 00:00:00-05:00,13.0,13.15999984741211,12.920000076293945,13.0600004196167,21300,0.0,0.0
2024-02-22 00:00:00-05:00,12.979999542236328,13.140000343322754,12.979999542236328,13.0,24900,0.0,0.0
2024-02-23 00:00:00-05:00,12.960000038146973,13.149999618530273,12.809000015258789,13.010000228881836,24100,0.0,0.0
2024-02-26 00:00:00-05:00,12.760000228881836,13.09000015258789,12.75,13.09000015258789,15900,0.0,0.0
2024-02-27 00:00:00-05:00,13.010000228881836,13.1850004196167,12.8100004196167,12.850000381469727,21900,0.0,0.0
2024-02-28 00:00:00-05:00,13.010000228881836,13.079000473022461,12.90999984741211,12.90999984741211,12100,0.0,0.0
2024-02-29 00:00:00-05:00,12.770000457763672,12.864999771118164,12.220000267028809,12.25,120100,0.0,0.0
2024-03-01 00:00:00-05:00,12.729999542236328,12.970000267028809,11.510000228881836,11.869999885559082,339800,0.0,0.0
2024-03-04 00:00:00-05:00,11.970000267028809,12.649999618530273,11.819999694824219,12.079999923706055,105400,0.0,0.0
2024-03-05 00:00:00-05:00,12.130000114440918,12.5,12.102999687194824,12.420000076293945,52000,0.0,0.0
2024-03-06 00:00:00-05:00,12.430000305175781,12.57800006866455,12.319999694824219,12.449999809265137,35600,0.0,0.0
2024-03-07 00:00:00-05:00,12.40999984741211,12.899999618530273,12.364999771118164,12.880000114440918,38900,0.0,0.0
2024-03-08 00:00:00-05:00,12.989999771118164,13.270000457763672,12.489999771118164,12.619999885559082,38700,0.0,0.0
2024-03-11 00:00:00-04:00,12.510000228881836,12.600000381469727,12.449999809265137,12.5,23800,0.0,0.0
2024-03-12 00:00:00-04:00,12.645000457763672,12.960000038146973,12.359999656677246,12.619999885559082,68000,0.0,0.0
2024-03-13 00:00:00-04:00,13.199999809265137,13.199999809265137,12.850000381469727,13.029999732971191,58000,0.0,0.0
2024-03-14 00:00:00-04:00,13.260000228881836,13.260000228881836,12.729999542236328,12.90999984741211,42700,0.0,0.0
2024-03-15 00:00:00-04:00,12.760000228881836,13.369999885559082,12.760000228881836,13.350000381469727,140400,0.0,0.0
2024-03-18 00:00:00-04:00,13.350000381469727,13.350000381469727,12.850000381469727,12.899999618530273,70700,0.0,0.0
2024-03-19 00:00:00-04:00,12.920000076293945,13.010000228881836,12.819999694824219,12.899999618530273,44200,0.0,0.0
2024-03-20 00:00:00-04:00,12.869999885559082,13.359999656677246,12.869999885559082,13.239999771118164,86700,0.0,0.0
2024-03-21 00:00:00-04:00,13.350000381469727,13.53600025177002,13.279999732971191,13.479999542236328,46300,0.0,0.0
2024-03-22 00:00:00-04:00,13.470000267028809,13.505999565124512,13.3100004196167,13.319999694824219,32200,0.0,0.0
2024-03-25 00:00:00-04:00,13.34000015258789,13.489999771118164,13.239999771118164,13.300000190734863,72000,0.0,0.0
2024-03-26 00:00:00-04:00,13.25,13.300000190734863,12.949999809265137,13.069999694824219,108000,0.0,0.0
2024-03-27 00:00:00-04:00,13.069999694824219,14.119999885559082,13.069999694824219,13.720000267028809,191300,0.0,0.0
2024-03-28 00:00:00-04:00,13.600000381469727,13.979999542236328,13.350000381469727,13.539999961853027,154100,0.0,0.0
2024-04-01 00:00:00-04:00,13.539999961853027,13.539999961853027,13.199999809265137,13.319999694824219,77900,0.0,0.0
2024-04-02 00:00:00-04:00,13.15999984741211,13.920000076293945,13.140000343322754,13.819999694824219,144400,0.0,0.0
2024-04-03 00:00:00-04:00,13.75,14.039999961853027,13.640000343322754,13.720000267028809,59300,0.0,0.0
2024-04-04 00:00:00-04:00,13.739999771118164,14.130000114440918,13.569999694824219,13.649999618530273,69200,0.0,0.0
2024-04-05 00:00:00-04:00,13.65999984741211,13.890000343322754,13.430000305175781,13.699999809265137,52200,0.0,0.0
2024-04-08 00:00:00-04:00,13.729999542236328,14.140000343322754,13.729999542236328,13.90999984741211,76200,0.0,0.0
2024-04-09 00:00:00-04:00,14.050000190734863,14.050000190734863,13.529999732971191,13.5600004196167,52500,0.0,0.0
2024-04-10 00:00:00-04:00,13.430000305175781,13.71500015258789,13.430000305175781,13.5600004196167,46600,0.0,0.0
2024-04-11 00:00:00-04:00,13.569999694824219,13.645000457763672,13.430000305175781,13.59000015258789,36400,0.0,0.0
2024-04-12 00:00:00-04:00,13.510000228881836,13.654999732971191,13.380000114440918,13.470000267028809,36400,0.0,0.0
2024-04-15 00:00:00-04:00,13.470000267028809,13.699999809265137,13.359999656677246,13.359999656677246,41300,0.0,0.0
2024-04-16 00:00:00-04:00,13.329999923706055,13.789999961853027,13.232000350952148,13.770000457763672,74300,0.0,0.0
2024-04-17 00:00:00-04:00,13.866000175476074,13.899999618530273,13.470000267028809,13.5,51100,0.0,0.0
2024-04-18 00:00:00-04:00,13.59000015258789,13.739999771118164,13.4399995803833,13.4399995803833,50800,0.0,0.0
2024-04-19 00:00:00-04:00,13.399999618530273,13.529999732971191,13.170000076293945,13.170000076293945,93500,0.0,0.0
2024-04-22 00:00:00-04:00,13.300000190734863,13.5,13.15999984741211,13.25,124800,0.0,0.0
2024-04-23 00:00:00-04:00,13.180000305175781,13.4399995803833,13.180000305175781,13.289999961853027,78500,0.0,0.0
2024-04-24 00:00:00-04:00,13.220000267028809,13.59000015258789,13.220000267028809,13.539999961853027,98800,0.0,0.0
2024-04-25 00:00:00-04:00,13.529999732971191,13.970000267028809,13.510000228881836,13.710000038146973,74300,0.0,0.0
2024-04-26 00:00:00-04:00,13.800000190734863,13.800000190734863,13.609999656677246,13.649999618530273,54200,0.0,0.0
2024-04-29 00:00:00-04:00,13.640000343322754,13.640000343322754,13.069999694824219,13.109999656677246,183300,0.0,0.0
2024-04-30 00:00:00-04:00,13.149999618530273,13.149999618530273,12.829999923706055,12.930000305175781,70600,0.0,0.0
2024-05-01 00:00:00-04:00,12.9399995803833,13.300000190734863,12.920000076293945,13.289999961853027,166600,0.0,0.0
2024-05-02 00:00:00-04:00,13.449999809265137,13.579999923706055,13.25,13.5,161300,0.0,0.0
2024-05-03 00:00:00-04:00,13.489999771118164,13.670000076293945,13.4399995803833,13.479999542236328,113400,0.0,0.0
2024-05-06 00:00:00-04:00,13.479999542236328,13.680000305175781,13.479999542236328,13.5,101600,0.0,0.0
2024-05-07 00:00:00-04:00,13.479999542236328,13.670000076293945,13.479999542236328,13.619999885559082,116500,0.0,0.0
2024-05-08 00:00:00-04:00,14.59000015258789,14.600000381469727,13.829999923706055,14.15999984741211,99400,0.0,0.0
2024-05-09 00:00:00-04:00,14.199999809265137,14.579999923706055,14.102999687194824,14.539999961853027,33600,0.0,0.0
2024-05-10 00:00:00-04:00,14.569999694824219,14.710000038146973,14.390000343322754,14.420000076293945,31800,0.0,0.0
2024-05-13 00:00:00-04:00,14.430000305175781,14.65999984741211,14.390000343322754,14.479999542236328,67400,0.0,0.0
2024-05-14 00:00:00-04:00,14.569999694824219,14.640000343322754,14.420000076293945,14.470000267028809,68000,0.0,0.0
2024-05-15 00:00:00-04:00,14.850000381469727,14.90999984741211,14.510000228881836,14.670000076293945,66300,0.0,0.0
2024-05-16 00:00:00-04:00,14.75,14.899999618530273,14.609999656677246,14.8100004196167,51900,0.0,0.0
2024-05-17 00:00:00-04:00,14.899999618530273,15.260000228881836,14.850000381469727,14.970000267028809,53700,0.0,0.0
2024-05-20 00:00:00-04:00,14.829999923706055,14.829999923706055,14.5,14.529999732971191,66100,0.0,0.0
2024-05-21 00:00:00-04:00,14.489999771118164,14.5600004196167,14.350000381469727,14.399999618530273,37500,0.0,0.0
2024-05-22 00:00:00-04:00,14.359999656677246,14.621000289916992,14.180000305175781,14.199999809265137,32200,0.0,0.0
2024-05-23 00:00:00-04:00,14.260000228881836,14.399999618530273,14.220000267028809,14.220000267028809,31700,0.0,0.0
2024-05-24 00:00:00-04:00,14.25,14.319999694824219,14.180000305175781,14.289999961853027,51300,0.0,0.0
2024-05-28 00:00:00-04:00,14.300000190734863,14.460000038146973,14.170000076293945,14.170000076293945,28700,0.0,0.0
2024-05-29 00:00:00-04:00,14.170000076293945,14.1899995803833,13.970000267028809,14.09000015258789,48500,0.0,0.0
2024-05-30 00:00:00-04:00,14.100000381469727,14.470000267028809,13.829999923706055,14.350000381469727,37200,0.0,0.0
2024-05-31 00:00:00-04:00,14.420000076293945,14.73900032043457,14.34000015258789,14.350000381469727,57700,0.0,0.0
2024-06-03 00:00:00-04:00,14.399999618530273,14.510000228881836,13.949999809265137,14.09000015258789,72800,0.0,0.0
2024-06-04 00:00:00-04:00,14.109999656677246,14.109999656677246,13.869999885559082,13.949999809265137,41400,0.0,0.0
2024-06-05 00:00:00-04:00,13.880000114440918,14.092000007629395,13.8100004196167,13.899999618530273,45200,0.0,0.0
2024-06-06 00:00:00-04:00,13.829999923706055,14.015000343322754,13.819999694824219,13.970000267028809,30700,0.0,0.0
2024-06-07 00:00:00-04:00,13.970000267028809,14.479999542236328,13.970000267028809,14.09000015258789,47500,0.0,0.0
2024-06-10 00:00:00-04:00,14.09000015258789,14.109999656677246,13.930000305175781,14.010000228881836,18600,0.0,0.0
2024-06-11 00:00:00-04:00,13.979999542236328,14.609999656677246,13.930000305175781,14.369999885559082,92100,0.0,0.0
2024-06-12 00:00:00-04:00,14.40999984741211,14.885000228881836,14.399999618530273,14.510000228881836,95900,0.0,0.0
2024-06-13 00:00:00-04:00,14.529999732971191,14.529999732971191,14.210000038146973,14.289999961853027,29500,0.0,0.0
2024-06-14 00:00:00-04:00,14.180000305175781,14.21500015258789,14.010000228881836,14.100000381469727,40800,0.0,0.0
2024-06-17 00:00:00-04:00,14.069999694824219,14.520000457763672,14.069999694824219,14.399999618530273,46100,0.0,0.0
2024-06-18 00:00:00-04:00,14.510000228881836,14.895000457763672,14.399999618530273,14.6899995803833,69900,0.0,0.0
2024-06-20 00:00:00-04:00,14.630000114440918,14.807000160217285,14.555000305175781,14.630000114440918,45100,0.0,0.0
2024-06-21 00:00:00-04:00,14.640000343322754,14.770000457763672,14.449999809265137,14.670000076293945,56300,0.0,0.0
2024-06-24 00:00:00-04:00,14.710000038146973,14.989999771118164,14.699999809265137,14.869999885559082,53400,0.0,0.0
2024-06-25 00:00:00-04:00,14.989999771118164,14.989999771118164,14.59000015258789,14.75,46500,0.0,0.0
2024-06-26 00:00:00-04:00,14.770000457763672,14.800000190734863,14.119999885559082,14.229999542236328,113200,0.0,0.0
2024-06-27 00:00:00-04:00,14.130000114440918,14.309000015258789,13.920000076293945,14.0,91400,0.0,0.0
2024-06-28 00:00:00-04:00,14.0,14.25,13.850000381469727,14.0,133100,0.0,0.0
2024-07-01 00:00:00-04:00,13.989999771118164,14.319999694824219,13.989999771118164,14.180000305175781,99900,0.0,0.0
2024-07-02 00:00:00-04:00,14.109999656677246,14.489999771118164,14.100000381469727,14.470000267028809,46700,0.0,0.0
2024-07-03 00:00:00-04:00,14.359999656677246,14.479999542236328,14.039999961853027,14.09000015258789,64600,0.0,0.0
2024-07-05 00:00:00-04:00,14.149999618530273,14.149999618530273,13.90999984741211,13.960000038146973,36600,0.0,0.0
2024-07-08 00:00:00-04:00,14.079999923706055,14.6899995803833,14.020000457763672,14.515000343322754,73700,0.0,0.0
2024-07-09 00:00:00-04:00,14.550000190734863,14.550000190734863,14.140000343322754,14.180000305175781,57700,0.0,0.0
2024-07-10 00:00:00-04:00,14.180000305175781,14.1899995803833,14.050000190734863,14.1899995803833,84000,0.0,0.0
2024-07-11 00:00:00-04:00,14.369999885559082,14.600000381469727,14.119999885559082,14.600000381469727,104100,0.0,0.0
2024-07-12 00:00:00-04:00,14.470000267028809,15.050000190734863,14.470000267028809,14.9399995803833,117100,0.0,0.0
2024-07-15 00:00:00-04:00,14.920000076293945,15.239999771118164,14.859999656677246,15.229999542236328,92800,0.0,0.0
2024-07-16 00:00:00-04:00,15.25,15.90999984741211,15.199999809265137,15.90999984741211,139900,0.0,0.0
2024-07-17 00:00:00-04:00,15.930000305175781,16.0,15.630000114440918,15.6899995803833,45800,0.0,0.0
2024-07-18 00:00:00-04:00,15.619999885559082,15.9399995803833,15.4399995803833,15.489999771118164,37100,0.0,0.0
2024-07-19 00:00:00-04:00,15.5600004196167,15.5600004196167,15.319999694824219,15.359999656677246,35700,0.0,0.0
2024-07-22 00:00:00-04:00,15.520000457763672,16.25,15.5,16.020000457763672,171300,0.0,0.0
2024-07-23 00:00:00-04:00,16.059999465942383,16.790000915527344,16.059999465942383,16.690000534057617,117500,0.0,0.0
2024-07-24 00:00:00-04:00,16.690000534057617,16.90999984741211,16.385000228881836,16.440000534057617,57500,0.0,0.0
2024-07-25 00:00:00-04:00,16.510000228881836,16.700000762939453,16.399999618530273,16.56999969482422,50000,0.0,0.0
2024-07-26 00:00:00-04:00,16.65999984741211,17.25,16.645000457763672,17.030000686645508,143600,0.0,0.0
2024-07-29 00:00:00-04:00,17.149999618530273,17.739999771118164,17.065000534057617,17.399999618530273,206900,0.0,0.0
2024-07-30 00:00:00-04:00,17.969999313354492,17.969999313354492,17.469999313354492,17.520000457763672,144300,0.0,0.0
2024-07-31 00:00:00-04:00,17.65999984741211,17.690000534057617,17.309999465942383,17.360000610351562,116900,0.0,0.0
2024-08-01 00:00:00-04:00,17.309999465942383,17.454999923706055,16.700000762939453,17.1200008392334,106700,0.0,0.0
2024-08-02 00:00:00-04:00,16.56999969482422,16.729999542236328,16.049999237060547,16.31999969482422,126700,0.0,0.0
2024-08-05 00:00:00-04:00,15.779999732971191,15.892000198364258,15.0,15.779999732971191,156700,0.0,0.0
2024-08-06 00:00:00-04:00,15.899999618530273,16.20599937438965,15.630000114440918,16.020000457763672,118200,0.0,0.0
2024-08-07 00:00:00-04:00,16.780000686645508,16.799999237060547,15.529000282287598,15.6899995803833,71300,0.0,0.0
2024-08-08 00:00:00-04:00,15.770000457763672,15.930000305175781,15.510000228881836,15.59000015258789,44700,0.0,0.0
2024-08-09 00:00:00-04:00,15.65999984741211,15.65999984741211,15.5,15.579999923706055,24100,0.0,0.0
2024-08-12 00:00:00-04:00,15.5600004196167,15.970000267028809,15.470000267028809,15.859999656677246,85500,0.0,0.0
2024-08-13 00:00:00-04:00,16.020000457763672,16.079999923706055,15.65999984741211,15.779999732971191,32000,0.0,0.0
2024-08-14 00:00:00-04:00,15.739999771118164,16.420000076293945,15.739999771118164,16.420000076293945,101000,0.0,0.0
2024-08-15 00:00:00-04:00,16.6200008392334,16.790000915527344,16.5,16.610000610351562,39700,0.0,0.0
2024-08-16 00:00:00-04:00,16.579999923706055,16.799999237060547,16.579999923706055,16.68000030517578,32300,0.0,0.0
2024-08-19 00:00:00-04:00,16.799999237060547,16.799999237060547,16.530000686645508,16.610000610351562,45900,0.0,0.0
2024-08-20 00:00:00-04:00,16.5,16.72800064086914,16.25,16.31999969482422,42000,0.0,0.0
2024-08-21 00:00:00-04:00,16.469999313354492,16.7549991607666,16.389999389648438,16.700000762939453,39100,0.0,0.0
2024-08-22 00:00:00-04:00,16.700000762939453,17.048999786376953,16.700000762939453,16.979999542236328,60100,0.0,0.0
2024-08-23 00:00:00-04:00,17.139999389648438,17.450000762939453,17.010000228881836,17.420000076293945,45900,0.0,0.0
2024-08-26 00:00:00-04:00,17.75,18.440000534057617,17.65999984741211,17.739999771118164,127200,0.0,0.0
2024-08-27 00:00:00-04:00,17.850000381469727,18.25,17.770000457763672,18.100000381469727,89800,0.0,0.0
2024-08-28 00:00:00-04:00,18.18000030517578,18.34000015258789,17.920000076293945,18.100000381469727,41200,0.0,0.0
2024-08-29 00:00:00-04:00,18.219999313354492,18.3799991607666,18.1200008392334,18.209999084472656,46500,0.0,0.0
2024-08-30 00:00:00-04:00,18.1299991607666,18.739999771118164,18.010000228881836,18.479999542236328,178800,0.0,0.0
2024-09-03 00:00:00-04:00,18.489999771118164,18.719999313354492,18.0,18.100000381469727,74400,0.0,0.0
2024-09-04 00:00:00-04:00,18.200000762939453,18.450000762939453,18.020000457763672,18.219999313354492,76800,0.0,0.0
2024-09-05 00:00:00-04:00,18.229999542236328,18.40999984741211,18.040000915527344,18.299999237060547,38600,0.0,0.0
2024-09-06 00:00:00-04:00,18.329999923706055,18.469999313354492,17.729999542236328,17.81999969482422,55600,0.0,0.0
2024-09-09 00:00:00-04:00,17.93000030517578,18.209999084472656,17.690000534057617,17.760000228881836,42400,0.0,0.0
2024-09-10 00:00:00-04:00,17.829999923706055,17.8799991607666,17.260000228881836,17.469999313354492,38500,0.0,0.0
2024-09-11 00:00:00-04:00,17.34000015258789,17.43000030517578,17.059999465942383,17.229999542236328,32700,0.0,0.0
2024-09-12 00:00:00-04:00,17.360000610351562,17.8700008392334,17.360000610351562,17.649999618530273,37200,0.0,0.0
2024-09-13 00:00:00-04:00,17.65999984741211,18.190000534057617,17.520000457763672,18.15999984741211,35600,0.0,0.0
2024-09-16 00:00:00-04:00,18.31999969482422,18.68000030517578,18.280000686645508,18.290000915527344,80900,0.0,0.0
2024-09-17 00:00:00-04:00,18.350000381469727,18.665000915527344,18.350000381469727,18.3799991607666,57700,0.0,0.0
2024-09-18 00:00:00-04:00,18.3799991607666,18.68000030517578,18.110000610351562,18.280000686645508,65900,0.0,0.0
2024-09-19 00:00:00-04:00,18.540000915527344,19.0,18.40999984741211,18.959999084472656,53700,0.0,0.0
2024-09-20 00:00:00-04:00,18.959999084472656,19.21299934387207,18.8799991607666,19.1200008392334,96200,0.0,0.0
2024-09-23 00:00:00-04:00,19.299999237060547,19.600000381469727,18.9950008392334,19.1200008392334,74300,0.0,0.0
2024-09-24 00:00:00-04:00,19.209999084472656,19.209999084472656,18.875,18.889999389648438,81800,0.0,0.0
2024-09-25 00:00:00-04:00,19.0,19.270000457763672,18.889999389648438,19.010000228881836,81600,0.0,0.0
2024-09-26 00:00:00-04:00,19.0,19.104000091552734,18.700000762939453,18.700000762939453,51000,0.0,0.0
2024-09-27 00:00:00-04:00,18.719999313354492,19.010000228881836,18.709999084472656,18.829999923706055,52400,0.0,0.0
2024-09-30 00:00:00-04:00,18.719999313354492,19.1299991607666,18.719999313354492,19.0,43300,0.0,0.0
2024-10-01 00:00:00-04:00,19.09000015258789,19.18000030517578,18.950000762939453,19.1200008392334,60700,0.0,0.0
2024-10-02 00:00:00-04:00,19.100000381469727,19.149999618530273,18.6200008392334,18.670000076293945,52300,0.0,0.0
2024-10-03 00:00:00-04:00,18.68000030517578,18.84000015258789,18.530000686645508,18.600000381469727,60200,0.0,0.0
2024-10-04 00:00:00-04:00,18.84000015258789,19.170000076293945,18.84000015258789,19.170000076293945,61800,0.0,0.0
2024-10-07 00:00:00-04:00,19.170000076293945,19.170000076293945,18.450000762939453,18.489999771118164,90600,0.0,0.0
2024-10-08 00:00:00-04:00,18.559999465942383,19.479999542236328,18.559999465942383,19.459999084472656,61100,0.0,0.0
2024-10-09 00:00:00-04:00,19.450000762939453,19.600000381469727,19.135000228881836,19.18000030517578,49400,0.0,0.0
2024-10-10 00:00:00-04:00,19.170000076293945,19.420000076293945,19.170000076293945,19.280000686645508,33200,0.0,0.0
2024-10-11 00:00:00-04:00,19.40999984741211,19.690000534057617,19.40999984741211,19.549999237060547,44900,0.0,0.0
2024-10-14 00:00:00-04:00,19.540000915527344,19.56999969482422,19.297000885009766,19.399999618530273,16600,0.0,0.0
2024-10-15 00:00:00-04:00,19.350000381469727,19.524999618530273,19.020000457763672,19.110000610351562,49600,0.0,0.0
2024-10-16 00:00:00-04:00,19.280000686645508,19.408000946044922,19.079999923706055,19.15999984741211,35100,0.0,0.0
2024-10-17 00:00:00-04:00,19.15999984741211,19.444000244140625,19.100000381469727,19.350000381469727,34600,0.0,0.0
2024-10-18 00:00:00-04:00,19.309999465942383,19.450000762939453,19.104999542236328,19.149999618530273,27600,0.0,0.0
2024-10-21 00:00:00-04:00,19.110000610351562,19.469999313354492,19.020000457763672,19.059999465942383,30700,0.0,0.0
2024-10-22 00:00:00-04:00,19.010000228881836,19.25,18.84000015258789,19.209999084472656,41700,0.0,0.0
2024-10-23 00:00:00-04:00,19.200000762939453,19.40999984741211,18.889999389648438,19.110000610351562,66800,0.0,0.0
2024-10-24 00:00:00-04:00,19.200000762939453,19.729999542236328,19.038000106811523,19.709999084472656,137900,0.0,0.0
2024-10-25 00:00:00-04:00,21.0,21.399999618530273,20.520000457763672,21.100000381469727,645400,0.0,0.0
2024-10-28 00:00:00-04:00,21.639999389648438,22.889999389648438,21.639999389648438,22.239999771118164,446200,0.0,0.0
2024-10-29 00:00:00-04:00,22.59000015258789,23.06999969482422,22.100000381469727,22.389999389648438,273300,0.0,0.0
2024-10-30 00:00:00-04:00,22.5,23.3799991607666,22.5,23.0,249600,0.0,0.0
2024-10-31 00:00:00-04:00,23.020000457763672,23.214000701904297,22.209999084472656,22.270000457763672,151400,0.0,0.0
2024-11-01 00:00:00-04:00,22.520000457763672,22.725000381469727,21.440000534057617,21.719999313354492,164200,0.0,0.0
2024-11-04 00:00:00-05:00,21.75,21.75,21.139999389648438,21.3799991607666,120200,0.0,0.0
2024-11-05 00:00:00-05:00,21.489999771118164,22.239999771118164,21.309999465942383,21.600000381469727,174200,0.0,0.0
2024-11-06 00:00:00-05:00,22.5,23.90999984741211,22.149999618530273,22.739999771118164,194000,0.0,0.0
2024-11-07 00:00:00-05:00,22.799999237060547,25.5,22.25,24.100000381469727,299500,0.0,0.0
2024-11-08 00:00:00-05:00,24.389999389648438,24.649999618530273,23.649999618530273,23.760000228881836,175000,0.0,0.0
