Date,Open,High,Low,Close,Volume,Dividends,Stock Splits
1986-12-03 00:00:00-05:00,0.0,5.8955222577459665,5.639195442199707,5.639195442199707,500,0.0,0.0
1986-12-04 00:00:00-05:00,0.0,6.023685665519096,5.639195442199707,5.639195442199707,500,0.0,0.0
1986-12-05 00:00:00-05:00,0.0,6.151846055214998,5.895518779754639,5.895518779754639,2750,0.0,0.0
1986-12-08 00:00:00-05:00,0.0,6.280009387379691,5.895518779754639,5.895518779754639,5500,0.0,0.0
1986-12-09 00:00:00-05:00,0.0,6.023685665519096,5.639195442199707,5.639195442199707,4250,0.0,0.0
1986-12-10 00:00:00-05:00,0.0,5.767354931172441,5.511028289794922,5.511028289794922,5750,0.0,0.0
1986-12-11 00:00:00-05:00,0.0,5.8955182518612,5.511028289794922,5.511028289794922,250,0.0,0.0
1986-12-12 00:00:00-05:00,5.511028289794922,5.511028289794922,5.511028289794922,5.511028289794922,0,0.0,0.0
1986-12-15 00:00:00-05:00,0.0,5.767355567721212,5.382864952087402,5.382864952087402,1250,0.0,0.0
1986-12-16 00:00:00-05:00,0.0,5.639192232886938,5.382864952087402,5.382864952087402,2750,0.0,0.0
1986-12-17 00:00:00-05:00,5.382864952087402,5.382864952087402,5.382864952087402,5.382864952087402,0,0.0,0.0
1986-12-18 00:00:00-05:00,0.0,5.639192229803454,5.254701614379883,5.254701614379883,1250,0.0,0.0
1986-12-19 00:00:00-05:00,5.254701614379883,5.254701614379883,5.254701614379883,5.254701614379883,0,0.0,0.0
1986-12-22 00:00:00-05:00,0.0,5.639192229803454,5.254701614379883,5.254701614379883,250,0.0,0.0
1986-12-23 00:00:00-05:00,0.0,5.511030942275056,5.126540184020996,5.126540184020996,2500,0.0,0.0
1986-12-24 00:00:00-05:00,5.126540184020996,5.126540184020996,5.126540184020996,5.126540184020996,0,0.0,0.0
1986-12-26 00:00:00-05:00,5.126540184020996,5.126540184020996,5.126540184020996,5.126540184020996,0,0.0,0.0
1986-12-29 00:00:00-05:00,0.0,5.382866948769561,5.126540184020996,5.126540184020996,1250,0.0,0.0
1986-12-30 00:00:00-05:00,0.0,5.511030942275056,5.126540184020996,5.126540184020996,9000,0.0,0.0
1986-12-31 00:00:00-05:00,0.0,5.511030942275056,5.126540184020996,5.126540184020996,3750,0.0,0.0
1987-01-02 00:00:00-05:00,5.126540184020996,5.126540184020996,5.126540184020996,5.126540184020996,0,0.0,0.0
1987-01-05 00:00:00-05:00,0.0,5.511030942275056,5.126540184020996,5.126540184020996,1250,0.0,0.0
1987-01-06 00:00:00-05:00,0.0,5.511030942275056,5.126540184020996,5.126540184020996,5000,0.0,0.0
1987-01-07 00:00:00-05:00,5.126540184020996,5.126540184020996,5.126540184020996,5.126540184020996,0,0.0,0.0
1987-01-08 00:00:00-05:00,0.0,5.511030942275056,5.126540184020996,5.126540184020996,3750,0.0,0.0
1987-01-09 00:00:00-05:00,5.126540184020996,5.126540184020996,5.126540184020996,5.126540184020996,0,0.0,0.0
1987-01-12 00:00:00-05:00,0.0,5.511028895039259,5.254701614379883,5.254701614379883,1000,0.0,0.0
1987-01-13 00:00:00-05:00,0.0,5.639192229803454,5.254701614379883,5.254701614379883,1000,0.0,0.0
1987-01-14 00:00:00-05:00,5.254701614379883,5.254701614379883,5.254701614379883,5.254701614379883,0,0.0,0.0
1987-01-15 00:00:00-05:00,0.0,5.639192229803454,5.254701614379883,5.254701614379883,250,0.0,0.0
1987-01-16 00:00:00-05:00,0.0,5.639192232886938,5.382864952087402,5.382864952087402,1000,0.0,0.0
1987-01-19 00:00:00-05:00,0.0,5.767355567721212,5.382864952087402,5.382864952087402,250,0.0,0.0
1987-01-20 00:00:00-05:00,0.0,5.767355567721212,5.382864952087402,5.382864952087402,500,0.0,0.0
1987-01-21 00:00:00-05:00,0.0,5.767355567721212,5.382864952087402,5.382864952087402,500,0.0,0.0
1987-01-22 00:00:00-05:00,5.382864952087402,5.382864952087402,5.382864952087402,5.382864952087402,0,0.0,0.0
1987-01-23 00:00:00-05:00,5.382864952087402,5.382864952087402,5.382864952087402,5.382864952087402,0,0.0,0.0
1987-01-26 00:00:00-05:00,0.0,5.767355567721212,5.382864952087402,5.382864952087402,500,0.0,0.0
1987-01-27 00:00:00-05:00,0.0,6.0236850943095614,5.767358303070068,5.767358303070068,2500,0.0,0.0
1987-01-28 00:00:00-05:00,0.0,6.151849101060584,5.767358303070068,5.767358303070068,500,0.0,0.0
1987-01-29 00:00:00-05:00,0.0,6.151849101060584,5.767358303070068,5.767358303070068,3250,0.0,0.0
1987-01-30 00:00:00-05:00,0.0,6.151849101060584,5.767358303070068,5.767358303070068,500,0.0,0.0
1987-02-02 00:00:00-05:00,0.0,6.151846055214998,5.895518779754639,5.895518779754639,500,0.0,0.0
1987-02-03 00:00:00-05:00,0.0,6.2800140380859375,6.023686572800566,6.2800140380859375,3500,0.0,0.0
1987-02-04 00:00:00-05:00,6.2800140380859375,6.2800140380859375,6.2800140380859375,6.2800140380859375,0,0.0,0.0
1987-02-05 00:00:00-05:00,0.0,6.28000790177399,6.023680686950684,6.023680686950684,2250,0.0,0.0
1987-02-06 00:00:00-05:00,6.023680686950684,6.023680686950684,6.023680686950684,6.023680686950684,0,0.0,0.0
1987-02-09 00:00:00-05:00,0.0,6.151847839355469,6.151847839355469,6.151847839355469,1000,0.0,0.0
1987-02-10 00:00:00-05:00,6.151847839355469,6.151847839355469,6.151847839355469,6.151847839355469,0,0.0,0.0
1987-02-11 00:00:00-05:00,0.0,6.2800140380859375,5.895523145723593,6.2800140380859375,3750,0.0,0.0
1987-02-12 00:00:00-05:00,6.2800140380859375,6.2800140380859375,6.2800140380859375,6.2800140380859375,0,0.0,0.0
1987-02-13 00:00:00-05:00,6.2800140380859375,6.2800140380859375,6.2800140380859375,6.2800140380859375,0,0.0,0.0
1987-02-17 00:00:00-05:00,6.2800140380859375,6.2800140380859375,6.2800140380859375,6.2800140380859375,0,0.0,0.0
1987-02-18 00:00:00-05:00,0.0,6.151847839355469,6.151847839355469,6.151847839355469,250,0.0,0.0
1987-02-19 00:00:00-05:00,0.0,6.536337852478027,6.151847750056462,6.536337852478027,5250,0.0,0.0
1987-02-20 00:00:00-05:00,0.0,6.536337852478027,6.536337852478027,6.536337852478027,750,0.0,0.0
1987-02-23 00:00:00-05:00,0.0,6.151847839355469,6.151847839355469,6.151847839355469,1250,0.0,0.0
1987-02-24 00:00:00-05:00,0.0,6.536337947358216,6.151847839355469,6.151847839355469,2750,0.0,0.0
1987-02-25 00:00:00-05:00,6.151847839355469,6.151847839355469,6.151847839355469,6.151847839355469,0,0.0,0.0
1987-02-26 00:00:00-05:00,6.151847839355469,6.151847839355469,6.151847839355469,6.151847839355469,0,0.0,0.0
1987-02-27 00:00:00-05:00,6.151847839355469,6.151847839355469,6.151847839355469,6.151847839355469,0,0.0,0.0
1987-03-02 00:00:00-05:00,0.0,6.671449184417725,6.671449184417725,6.671449184417725,500,0.01,0.0
1987-03-03 00:00:00-05:00,0.0,6.671449184417725,6.671449184417725,6.671449184417725,250,0.0,0.0
1987-03-04 00:00:00-05:00,0.0,6.671449184417725,6.671449184417725,6.671449184417725,1500,0.0,0.0
1987-03-05 00:00:00-05:00,0.0,6.67145010413796,6.286559104919434,6.286559104919434,25500,0.0,0.0
1987-03-06 00:00:00-05:00,0.0,6.286559104919434,6.286559104919434,6.286559104919434,500,0.0,0.0
1987-03-09 00:00:00-05:00,0.0,6.671449184417725,6.286558238259932,6.671449184417725,1000,0.0,0.0
1987-03-10 00:00:00-05:00,6.671449184417725,6.671449184417725,6.671449184417725,6.671449184417725,0,0.0,0.0
1987-03-11 00:00:00-05:00,6.671449184417725,6.671449184417725,6.671449184417725,6.671449184417725,0,0.0,0.0
1987-03-12 00:00:00-05:00,0.0,6.286559104919434,6.286559104919434,6.286559104919434,1000,0.0,0.0
1987-03-13 00:00:00-05:00,0.0,6.671449184417725,6.671449184417725,6.671449184417725,3500,0.0,0.0
1987-03-16 00:00:00-05:00,0.0,6.67145010413796,6.286559104919434,6.286559104919434,500,0.0,0.0
1987-03-17 00:00:00-05:00,0.0,6.671449184417725,6.286558238259932,6.671449184417725,2000,0.0,0.0
1987-03-18 00:00:00-05:00,6.671449184417725,6.671449184417725,6.671449184417725,6.671449184417725,0,0.0,0.0
1987-03-19 00:00:00-05:00,0.0,6.671449184417725,6.671449184417725,6.671449184417725,1000,0.0,0.0
1987-03-20 00:00:00-05:00,6.671449184417725,6.671449184417725,6.671449184417725,6.671449184417725,0,0.0,0.0
1987-03-23 00:00:00-05:00,0.0,6.671449184417725,6.286558238259932,6.671449184417725,4750,0.0,0.0
1987-03-24 00:00:00-05:00,0.0,6.671449184417725,6.286558238259932,6.671449184417725,9000,0.0,0.0
1987-03-25 00:00:00-05:00,0.0,6.671449454694539,6.414855480194092,6.414855480194092,750,0.0,0.0
1987-03-26 00:00:00-05:00,0.0,6.286559104919434,6.286559104919434,6.286559104919434,1250,0.0,0.0
1987-03-27 00:00:00-05:00,0.0,6.286559104919434,6.286559104919434,6.286559104919434,1500,0.0,0.0
1987-03-30 00:00:00-05:00,6.286559104919434,6.286559104919434,6.286559104919434,6.286559104919434,0,0.0,0.0
1987-03-31 00:00:00-05:00,6.286559104919434,6.286559104919434,6.286559104919434,6.286559104919434,0,0.0,0.0
1987-04-01 00:00:00-05:00,6.286559104919434,6.286559104919434,6.286559104919434,6.286559104919434,0,0.0,0.0
1987-04-02 00:00:00-05:00,0.0,6.286559104919434,6.286559104919434,6.286559104919434,1000,0.0,0.0
1987-04-03 00:00:00-05:00,0.0,6.671449184417725,6.671449184417725,6.671449184417725,250,0.0,0.0
1987-04-06 00:00:00-04:00,0.0,6.286559104919434,6.286559104919434,6.286559104919434,500,0.0,0.0
1987-04-07 00:00:00-04:00,0.0,6.671449184417725,6.671449184417725,6.671449184417725,750,0.0,0.0
1987-04-08 00:00:00-04:00,6.671449184417725,6.671449184417725,6.671449184417725,6.671449184417725,0,0.0,0.0
1987-04-09 00:00:00-04:00,0.0,6.671449184417725,6.671449184417725,6.671449184417725,2500,0.0,0.0
1987-04-10 00:00:00-04:00,0.0,6.543152467444315,6.286558492943868,6.414855480194092,7500,0.0,0.0
1987-04-13 00:00:00-04:00,0.0,6.671449184417725,6.4790040172229615,6.671449184417725,4500,0.0,0.0
1987-04-14 00:00:00-04:00,0.0,6.671449184417725,6.671449184417725,6.671449184417725,250,0.0,0.0
1987-04-15 00:00:00-04:00,0.0,6.671449184417725,6.671449184417725,6.671449184417725,750,0.0,0.0
1987-04-16 00:00:00-04:00,0.0,6.671449184417725,6.671449184417725,6.671449184417725,500,0.0,0.0
1987-04-20 00:00:00-04:00,6.671449184417725,6.671449184417725,6.671449184417725,6.671449184417725,0,0.0,0.0
1987-04-21 00:00:00-04:00,6.671449184417725,6.671449184417725,6.671449184417725,6.671449184417725,0,0.0,0.0
1987-04-22 00:00:00-04:00,6.671449184417725,6.671449184417725,6.671449184417725,6.671449184417725,0,0.0,0.0
1987-04-23 00:00:00-04:00,0.0,6.799746417738412,6.54315185546875,6.54315185546875,10000,0.0,0.0
1987-04-24 00:00:00-04:00,0.0,6.799746036529541,6.799746036529541,6.799746036529541,750,0.0,0.0
1987-04-27 00:00:00-04:00,6.799746036529541,6.799746036529541,6.799746036529541,6.799746036529541,0,0.0,0.0
1987-04-28 00:00:00-04:00,6.799746036529541,6.799746036529541,6.799746036529541,6.799746036529541,0,0.0,0.0
1987-04-29 00:00:00-04:00,6.799746036529541,6.799746036529541,6.799746036529541,6.799746036529541,0,0.0,0.0
1987-04-30 00:00:00-04:00,6.799746036529541,6.799746036529541,6.799746036529541,6.799746036529541,0,0.0,0.0
1987-05-01 00:00:00-04:00,6.799746036529541,6.799746036529541,6.799746036529541,6.799746036529541,0,0.0,0.0
1987-05-04 00:00:00-04:00,0.0,6.799746036529541,6.543151488645139,6.799746036529541,1500,0.0,0.0
1987-05-05 00:00:00-04:00,0.0,6.54315185546875,6.54315185546875,6.54315185546875,500,0.0,0.0
1987-05-06 00:00:00-04:00,0.0,6.928044319152831,6.799747326750954,6.928044319152832,3000,0.0,0.0
1987-05-07 00:00:00-04:00,0.0,6.928044319152831,6.5431527301788845,6.928044319152832,23500,0.0,0.0
1987-05-08 00:00:00-04:00,0.0,6.928044319152831,6.928044319152831,6.928044319152832,3000,0.0,0.0
1987-05-11 00:00:00-04:00,6.928044319152831,6.928044319152831,6.928044319152831,6.928044319152832,0,0.0,0.0
1987-05-12 00:00:00-04:00,0.0,7.056344032287598,7.056344032287598,7.056344032287598,500,0.0,0.0
1987-05-13 00:00:00-04:00,0.0,7.056344032287598,7.056344032287598,7.056344032287598,2500,0.0,0.0
1987-05-14 00:00:00-04:00,0.0,6.799746036529541,6.799746036529541,6.799746036529541,1750,0.0,0.0
1987-05-15 00:00:00-04:00,6.799746036529541,6.799746036529541,6.799746036529541,6.799746036529541,0,0.0,0.0
1987-05-18 00:00:00-04:00,6.799746036529541,6.799746036529541,6.799746036529541,6.799746036529541,0,0.0,0.0
1987-05-19 00:00:00-04:00,0.0,7.184637546539307,7.184637546539307,7.184637546539307,750,0.0,0.0
1987-05-20 00:00:00-04:00,0.0,7.312936782836913,6.928045727395647,7.312936782836914,1500,0.0,0.0
1987-05-21 00:00:00-04:00,0.0,7.312935296358463,6.928044319152831,6.928044319152832,3500,0.0,0.0
1987-05-22 00:00:00-04:00,0.0,7.319713592529297,7.319713592529297,7.319713592529297,1250,0.01,0.0
1987-05-26 00:00:00-04:00,7.319713592529297,7.319713592529297,7.319713592529297,7.319713592529297,0,0.0,0.0
1987-05-27 00:00:00-04:00,0.0,7.319713592529297,7.319713592529297,7.319713592529297,750,0.0,0.0
1987-05-28 00:00:00-04:00,7.319713592529297,7.319713592529297,7.319713592529297,7.319713592529297,0,0.0,0.0
1987-05-29 00:00:00-04:00,0.0,7.062881469726563,7.062881469726563,7.0628814697265625,1000,0.0,0.0
1987-06-01 00:00:00-04:00,7.062881469726563,7.062881469726563,7.062881469726563,7.0628814697265625,0,0.0,0.0
1987-06-02 00:00:00-04:00,0.0,6.934466361999512,6.934466361999512,6.934466361999512,2500,0.0,0.0
1987-06-03 00:00:00-04:00,6.934466361999512,6.934466361999512,6.934466361999512,6.934466361999512,0,0.0,0.0
1987-06-04 00:00:00-04:00,6.934466361999512,6.934466361999512,6.934466361999512,6.934466361999512,0,0.0,0.0
1987-06-05 00:00:00-04:00,6.934466361999512,6.934466361999512,6.934466361999512,6.934466361999512,0,0.0,0.0
1987-06-08 00:00:00-04:00,6.934466361999512,6.934466361999512,6.934466361999512,6.934466361999512,0,0.0,0.0
1987-06-09 00:00:00-04:00,6.934466361999512,6.934466361999512,6.934466361999512,6.934466361999512,0,0.0,0.0
1987-06-10 00:00:00-04:00,6.934466361999512,6.934466361999512,6.934466361999512,6.934466361999512,0,0.0,0.0
1987-06-11 00:00:00-04:00,6.934466361999512,6.934466361999512,6.934466361999512,6.934466361999512,0,0.0,0.0
1987-06-12 00:00:00-04:00,6.934466361999512,6.934466361999512,6.934466361999512,6.934466361999512,0,0.0,0.0
1987-06-15 00:00:00-04:00,6.934466361999512,6.934466361999512,6.934466361999512,6.934466361999512,0,0.0,0.0
1987-06-16 00:00:00-04:00,6.934466361999512,6.934466361999512,6.934466361999512,6.934466361999512,0,0.0,0.0
1987-06-17 00:00:00-04:00,6.934466361999512,6.934466361999512,6.934466361999512,6.934466361999512,0,0.0,0.0
1987-06-18 00:00:00-04:00,6.934466361999512,6.934466361999512,6.934466361999512,6.934466361999512,0,0.0,0.0
1987-06-19 00:00:00-04:00,6.934466361999512,6.934466361999512,6.934466361999512,6.934466361999512,0,0.0,0.0
1987-06-22 00:00:00-04:00,6.934466361999512,6.934466361999512,6.934466361999512,6.934466361999512,0,0.0,0.0
1987-06-23 00:00:00-04:00,6.934466361999512,6.934466361999512,6.934466361999512,6.934466361999512,0,0.0,0.0
1987-06-24 00:00:00-04:00,6.934466361999512,6.934466361999512,6.934466361999512,6.934466361999512,0,0.0,0.0
1987-06-25 00:00:00-04:00,6.934466361999512,6.934466361999512,6.934466361999512,6.934466361999512,0,0.0,0.0
1987-06-26 00:00:00-04:00,6.934466361999512,6.934466361999512,6.934466361999512,6.934466361999512,0,0.0,0.0
1987-06-29 00:00:00-04:00,6.934466361999512,6.934466361999512,6.934466361999512,6.934466361999512,0,0.0,0.0
1987-06-30 00:00:00-04:00,6.934466361999512,6.934466361999512,6.934466361999512,6.934466361999512,0,0.0,0.0
1987-07-01 00:00:00-04:00,6.934466361999512,6.934466361999512,6.934466361999512,6.934466361999512,0,0.0,0.0
1987-07-02 00:00:00-04:00,6.934466361999512,6.934466361999512,6.934466361999512,6.934466361999512,0,0.0,0.0
1987-07-06 00:00:00-04:00,6.934466361999512,6.934466361999512,6.934466361999512,6.934466361999512,0,0.0,0.0
1987-07-07 00:00:00-04:00,0.0,8.98912223886238,8.860706329345703,8.860706329345703,2000,0.0,0.0
1987-07-08 00:00:00-04:00,0.0,9.117538302433527,8.603874043352334,8.98912239074707,10750,0.0,0.0
1987-07-09 00:00:00-04:00,0.0,8.98912239074707,8.603874043352334,8.98912239074707,4000,0.0,0.0
1987-07-10 00:00:00-04:00,0.0,8.98912239074707,8.603874043352334,8.98912239074707,20250,0.0,0.0
1987-07-13 00:00:00-04:00,0.0,8.98912239074707,8.98912239074707,8.98912239074707,1750,0.0,0.0
1987-07-14 00:00:00-04:00,8.98912239074707,8.98912239074707,8.98912239074707,8.98912239074707,0,0.0,0.0
1987-07-15 00:00:00-04:00,0.0,9.117541313171387,8.732293450897863,9.117541313171387,6250,0.0,0.0
1987-07-16 00:00:00-04:00,0.0,9.117541313171387,9.117541313171387,9.117541313171387,3000,0.0,0.0
1987-07-17 00:00:00-04:00,0.0,9.117541313171387,8.732293450897863,9.117541313171387,8500,0.0,0.0
1987-07-20 00:00:00-04:00,9.117541313171387,9.117541313171387,9.117541313171387,9.117541313171387,0,0.0,0.0
1987-07-21 00:00:00-04:00,9.117541313171387,9.117541313171387,9.117541313171387,9.117541313171387,0,0.0,0.0
1987-07-22 00:00:00-04:00,0.0,9.117542968534288,8.732295036315918,8.732295036315918,4000,0.0,0.0
1987-07-23 00:00:00-04:00,0.0,9.117542968534288,8.732295036315918,8.732295036315918,2500,0.0,0.0
1987-07-24 00:00:00-04:00,0.0,8.989126991128163,8.732295036315918,8.732295036315918,2750,0.0,0.0
1987-07-27 00:00:00-04:00,8.732295036315918,8.732295036315918,8.732295036315918,8.732295036315918,0,0.0,0.0
1987-07-28 00:00:00-04:00,0.0,9.117541313171387,8.860709404989038,9.117541313171387,2750,0.0,0.0
1987-07-29 00:00:00-04:00,0.0,9.117539485977,8.603875160217285,8.603875160217285,1250,0.0,0.0
1987-07-30 00:00:00-04:00,0.0,9.117541313171387,8.732293450897863,9.117541313171387,1750,0.0,0.0
1987-07-31 00:00:00-04:00,0.0,9.117541313171387,8.732293450897863,9.117541313171387,7250,0.0,0.0
1987-08-03 00:00:00-04:00,9.117541313171387,9.117541313171387,9.117541313171387,9.117541313171387,0,0.0,0.0
1987-08-04 00:00:00-04:00,0.0,9.117541313171387,9.117541313171387,9.117541313171387,500,0.0,0.0
1987-08-05 00:00:00-04:00,0.0,9.117541313171387,8.732293450897863,9.117541313171387,1250,0.0,0.0
1987-08-06 00:00:00-04:00,0.0,9.117541313171387,8.732293450897863,9.117541313171387,750,0.0,0.0
1987-08-07 00:00:00-04:00,9.117541313171387,9.117541313171387,9.117541313171387,9.117541313171387,0,0.0,0.0
1987-08-10 00:00:00-04:00,0.0,9.117541313171387,9.117541313171387,9.117541313171387,250,0.0,0.0
1987-08-11 00:00:00-04:00,0.0,9.390421867370605,9.390421867370605,9.390421867370605,400,0.0,1.25
1987-08-12 00:00:00-04:00,0.0,10.112760543823242,9.390420504978726,10.112760543823242,6800,0.0,0.0
1987-08-13 00:00:00-04:00,0.0,10.754842758178711,9.791722511177632,10.754842758178711,2800,0.0,0.0
1987-08-14 00:00:00-04:00,0.0,11.075881307775324,10.11276119405573,10.594321250915527,16600,0.0,0.0
1987-08-17 00:00:00-04:00,0.0,11.075878143310547,10.193018291307533,11.075878143310547,1600,0.0,0.0
1987-08-18 00:00:00-04:00,0.0,10.915363192558289,10.273283004760742,10.273283004760742,3200,0.0,0.0
1987-08-19 00:00:00-04:00,0.0,10.922186851501465,10.27970527200138,10.922186851501465,6800,0.01,0.0
1987-08-20 00:00:00-04:00,0.0,10.922189192338422,10.600948333740234,10.600948333740234,400,0.0,0.0
1987-08-21 00:00:00-04:00,0.0,11.243430050936611,10.600948333740234,10.600948333740234,8000,0.0,0.0
1987-08-24 00:00:00-04:00,0.0,11.404049320497375,10.600947255673617,11.082808494567871,18200,0.0,0.0
1987-08-25 00:00:00-04:00,0.0,10.922188350132533,9.637225014822825,10.119086265563965,20600,0.0,0.0
1987-08-26 00:00:00-04:00,0.0,10.600940322875976,9.958459091186525,10.440320014953613,11600,0.0,0.0
1987-08-27 00:00:00-04:00,0.0,10.600946211045787,9.958464622497559,9.958464622497559,6200,0.0,0.0
1987-08-28 00:00:00-04:00,0.0,10.600948333740234,9.958466616543856,10.600948333740234,5400,0.0,0.0
1987-08-31 00:00:00-04:00,0.0,10.600946211045787,9.958464622497559,9.958464622497559,2800,0.0,0.0
1987-09-01 00:00:00-04:00,0.0,10.279708992721687,9.396296501159668,9.396296501159668,10800,0.0,0.0
1987-09-02 00:00:00-04:00,0.0,9.958468086699135,9.396296501159668,9.396296501159668,800,0.0,0.0
1987-09-03 00:00:00-04:00,0.0,9.958464622497559,9.315983033949328,9.958464622497559,2200,0.0,0.0
1987-09-04 00:00:00-04:00,0.0,10.119086265563965,9.47660459790911,10.119086265563965,1400,0.0,0.0
1987-09-08 00:00:00-04:00,0.0,10.76156793321882,9.95846584865025,10.119086265563965,5400,0.0,0.0
1987-09-09 00:00:00-04:00,0.0,10.76156821846962,10.119086533784866,10.279706954956055,7600,0.0,0.0
1987-09-10 00:00:00-04:00,0.0,10.761566608182845,9.958464622497559,9.958464622497559,600,0.0,0.0
1987-09-11 00:00:00-04:00,0.0,10.600948333740234,10.119087045842951,10.600948333740234,2800,0.0,0.0
1987-09-14 00:00:00-04:00,0.0,10.600947797298431,10.279706954956055,10.279706954956055,2800,0.0,0.0
1987-09-15 00:00:00-04:00,0.0,10.76156793321882,10.119086265563965,10.119086265563965,2200,0.0,0.0
1987-09-16 00:00:00-04:00,0.0,10.761568763039328,10.199397260492498,10.600948333740234,1400,0.0,2.0
1987-09-17 00:00:00-04:00,0.0,10.922186851501465,10.119084877126358,10.922186851501465,10100,0.0,0.0
1987-09-18 00:00:00-04:00,0.0,10.922188350132533,10.119086265563965,10.119086265563965,14800,0.0,0.0
1987-09-21 00:00:00-04:00,0.0,10.681250476837159,10.119079399108887,10.440320014953613,3600,0.0,0.0
1987-09-22 00:00:00-04:00,0.0,10.440320014953613,9.79783878326416,10.440320014953613,1900,0.0,0.0
1987-09-23 00:00:00-04:00,0.0,10.440327376127243,9.79784569144249,10.279706954956055,1100,0.0,0.0
1987-09-24 00:00:00-04:00,0.0,10.440320014953613,9.79783878326416,10.440320014953613,400,0.0,0.0
1987-09-25 00:00:00-04:00,0.0,10.44032581390873,9.958464622497559,9.958464622497559,4000,0.0,0.0
1987-09-28 00:00:00-04:00,0.0,9.958464622497559,9.958464622497559,9.958464622497559,1600,0.0,0.0
1987-09-29 00:00:00-04:00,0.0,10.60094383114674,9.797842025756836,9.797842025756836,1600,0.0,0.0
1987-09-30 00:00:00-04:00,0.0,10.60094383114674,9.797842025756836,9.797842025756836,2200,0.0,0.0
1987-10-01 00:00:00-04:00,0.0,10.600947516305107,9.797845431736537,10.119086265563965,7600,0.0,0.0
1987-10-02 00:00:00-04:00,0.0,10.279705416771673,9.958464622497559,9.958464622497559,3300,0.0,0.0
1987-10-05 00:00:00-04:00,0.0,10.600946211045787,9.958464622497559,9.958464622497559,4300,0.0,0.0
1987-10-06 00:00:00-04:00,0.0,10.600946211045787,9.958464622497559,9.958464622497559,2100,0.0,0.0
1987-10-07 00:00:00-04:00,0.0,10.600940322875976,9.958459091186525,10.440320014953613,4500,0.0,0.0
1987-10-08 00:00:00-04:00,0.0,10.279705416771673,9.958464622497559,9.958464622497559,2200,0.0,0.0
1987-10-09 00:00:00-04:00,9.958464622497559,9.958464622497559,9.958464622497559,9.958464622497559,0,0.0,0.0
1987-10-12 00:00:00-04:00,0.0,9.958460076649985,9.637219429016113,9.637219429016113,4200,0.0,0.0
1987-10-13 00:00:00-04:00,0.0,9.79784627688133,9.476605415344238,9.476605415344238,300,0.0,0.0
1987-10-14 00:00:00-04:00,0.0,9.637219429016113,9.155358457565308,9.637219429016113,2700,0.0,0.0
1987-10-15 00:00:00-04:00,0.0,9.797842025756836,9.315980942522893,9.797842025756836,7200,0.0,0.0
1987-10-16 00:00:00-04:00,0.0,9.797845129533247,8.834122657775879,8.834122657775879,3100,0.0,0.0
1987-10-19 00:00:00-04:00,0.0,8.673498052231809,7.5491557121276855,7.5491557121276855,4100,0.0,0.0
1987-10-20 00:00:00-04:00,0.0,8.191643486022949,8.031023025512695,8.031023025512695,700,0.0,0.0
1987-10-21 00:00:00-04:00,0.0,8.031023025512695,6.746059341430664,8.031023025512695,1800,0.0,0.0
1987-10-22 00:00:00-04:00,0.0,8.352265357971191,7.067301456744855,8.352265357971191,17800,0.0,0.0
1987-10-23 00:00:00-04:00,0.0,8.352265357971191,7.388542432051439,8.352265357971191,2800,0.0,0.0
1987-10-26 00:00:00-05:00,0.0,8.352265357971191,8.031024382664608,8.352265357971191,2300,0.0,0.0
1987-10-27 00:00:00-05:00,0.0,8.191640269999601,7.870399475097655,7.870399475097656,800,0.0,0.0
1987-10-28 00:00:00-05:00,0.0,7.70977783203125,6.906675974527994,7.70977783203125,4200,0.0,0.0
1987-10-29 00:00:00-05:00,0.0,7.870400428771973,6.746057510375977,6.746057510375977,11000,0.0,0.0
1987-10-30 00:00:00-05:00,0.0,7.7097764448686075,7.067295074462891,7.067295074462891,5700,0.0,0.0
1987-11-02 00:00:00-05:00,0.0,7.549159594944546,6.746057510375977,6.746057510375977,3500,0.0,0.0
1987-11-03 00:00:00-05:00,6.746057510375977,6.746057510375977,6.746057510375977,6.746057510375977,0,0.0,0.0
1987-11-04 00:00:00-05:00,0.0,7.70977783203125,7.70977783203125,7.70977783203125,100,0.0,0.0
1987-11-05 00:00:00-05:00,0.0,7.709780011858259,6.746057510375977,6.746057510375977,2400,0.0,0.0
1987-11-06 00:00:00-05:00,0.0,7.709780011858259,6.746057510375977,6.746057510375977,8700,0.0,0.0
1987-11-09 00:00:00-05:00,0.0,6.746057510375977,6.746057510375977,6.746057510375977,1000,0.0,0.0
1987-11-10 00:00:00-05:00,0.0,7.70977783203125,7.70977783203125,7.70977783203125,900,0.0,0.0
1987-11-11 00:00:00-05:00,0.0,7.5491557121276855,6.74605404062474,7.5491557121276855,1000,0.0,0.0
1987-11-12 00:00:00-05:00,0.0,7.549159594944546,6.746057510375977,6.746057510375977,2900,0.0,0.0
1987-11-13 00:00:00-05:00,0.0,7.70977783203125,7.70977783203125,7.70977783203125,300,0.0,0.0
1987-11-16 00:00:00-05:00,0.0,7.147610187530518,6.7460590533995894,7.147610187530518,1700,0.0,0.0
1987-11-17 00:00:00-05:00,0.0,7.5491557121276855,6.74605404062474,7.5491557121276855,2900,0.0,0.0
1987-11-18 00:00:00-05:00,0.0,7.70977783203125,7.70977783203125,7.70977783203125,100,0.0,0.0
1987-11-19 00:00:00-05:00,0.0,6.746057510375977,6.746057510375977,6.746057510375977,400,0.0,0.0
1987-11-20 00:00:00-05:00,0.0,7.709780011858259,6.746057510375977,6.746057510375977,3000,0.0,0.0
1987-11-23 00:00:00-05:00,0.0,7.70977783203125,7.549157460530599,7.70977783203125,2300,0.0,0.0
1987-11-24 00:00:00-05:00,0.0,6.746057510375977,6.746057510375977,6.746057510375977,200,0.0,0.0
1987-11-25 00:00:00-05:00,0.0,7.709776046428274,6.74605404062474,7.5491557121276855,2900,0.0,0.0
1987-11-27 00:00:00-05:00,7.5491557121276855,7.5491557121276855,7.5491557121276855,7.5491557121276855,0,0.0,0.0
1987-11-30 00:00:00-05:00,0.0,7.067300367355347,6.424818515777588,6.424818515777588,4300,0.0,0.0
1987-12-01 00:00:00-05:00,0.0,6.103576183319092,6.103576183319092,6.103576183319092,500,0.0,0.0
1987-12-02 00:00:00-05:00,0.0,6.906680107116699,6.103577769079873,6.906680107116699,1000,0.0,0.0
1987-12-03 00:00:00-05:00,0.0,6.906678312703183,6.103576183319092,6.103576183319092,4700,0.0,0.0
1987-12-04 00:00:00-05:00,0.0,6.906680107116699,6.103577769079873,6.906680107116699,2500,0.0,0.0
1987-12-07 00:00:00-05:00,0.0,6.103576183319092,6.103576183319092,6.103576183319092,2000,0.0,0.0
1987-12-08 00:00:00-05:00,0.0,6.906680107116699,6.906680107116699,6.906680107116699,100,0.0,0.0
1987-12-09 00:00:00-05:00,0.0,6.746057510375977,5.7823350088936945,6.746057510375977,5700,0.0,0.0
1987-12-10 00:00:00-05:00,0.0,6.585437297821045,5.7823351883306735,6.585437297821045,1000,0.0,0.0
1987-12-11 00:00:00-05:00,0.0,6.264197826385498,5.46109554095146,6.264197826385498,2000,0.0,0.0
1987-12-14 00:00:00-05:00,0.0,6.264195400125841,5.461093425750732,5.461093425750732,3400,0.0,0.0
1987-12-15 00:00:00-05:00,0.0,6.264197826385498,5.46109554095146,6.264197826385498,5600,0.0,0.0
1987-12-16 00:00:00-05:00,0.0,6.270625829696655,5.627484718958537,5.788269996643066,1000,0.01,0.0
1987-12-17 00:00:00-05:00,0.0,6.270625829696655,5.788269996643066,5.788269996643066,2000,0.0,0.0
1987-12-18 00:00:00-05:00,0.0,6.5922021865844735,6.109845929029512,6.592202186584473,27700,0.0,0.0
1987-12-21 00:00:00-05:00,0.0,6.913768780537141,6.27062749862671,6.270627498626709,6400,0.0,0.0
1987-12-22 00:00:00-05:00,0.0,6.431412819104318,6.27062749862671,6.270627498626709,1000,0.0,0.0
1987-12-23 00:00:00-05:00,0.0,6.91377067565918,6.270629217458326,6.91377067565918,1700,0.0,0.0
1987-12-24 00:00:00-05:00,6.91377067565918,6.91377067565918,6.91377067565918,6.91377067565918,0,0.0,0.0
1987-12-28 00:00:00-05:00,0.0,6.91377067565918,6.91377067565918,6.91377067565918,100,0.0,0.0
1987-12-29 00:00:00-05:00,0.0,5.788269996643066,5.788269996643066,5.788269996643066,3100,0.0,0.0
1987-12-30 00:00:00-05:00,0.0,6.91377067565918,6.91377067565918,6.91377067565918,200,0.0,0.0
1987-12-31 00:00:00-05:00,0.0,6.91377067565918,6.431414582008539,6.91377067565918,3000,0.0,0.0
1988-01-04 00:00:00-05:00,6.91377067565918,6.91377067565918,6.91377067565918,6.91377067565918,0,0.0,0.0
1988-01-05 00:00:00-05:00,0.0,6.752981487073397,6.109840393066406,6.109840393066406,1400,0.0,0.0
1988-01-06 00:00:00-05:00,0.0,6.431412220001221,6.431412220001221,6.431412220001221,400,0.0,0.0
1988-01-07 00:00:00-05:00,0.0,6.752982139587402,6.270626272474017,6.752982139587402,2500,0.0,0.0
1988-01-08 00:00:00-05:00,6.752982139587402,6.752982139587402,6.752982139587402,6.752982139587402,0,0.0,0.0
1988-01-11 00:00:00-05:00,0.0,6.592196213571649,6.109840393066406,6.109840393066406,2500,0.0,0.0
1988-01-12 00:00:00-05:00,0.0,6.592196213571649,6.109840393066406,6.109840393066406,1000,0.0,0.0
1988-01-13 00:00:00-05:00,0.0,6.5922021865844735,6.5922021865844735,6.592202186584473,1600,0.0,0.0
1988-01-14 00:00:00-05:00,6.5922021865844735,6.5922021865844735,6.5922021865844735,6.592202186584473,0,0.0,0.0
1988-01-15 00:00:00-05:00,0.0,6.511803576820776,6.109840393066406,6.109840393066406,3000,0.0,0.0
1988-01-18 00:00:00-05:00,0.0,6.592196213571649,6.109840393066406,6.109840393066406,1200,0.0,0.0
1988-01-19 00:00:00-05:00,0.0,6.5922021865844735,6.109845929029512,6.592202186584473,400,0.0,0.0
1988-01-20 00:00:00-05:00,0.0,6.109840393066406,6.109840393066406,6.109840393066406,1000,0.0,0.0
1988-01-21 00:00:00-05:00,0.0,6.109840393066406,6.109840393066406,6.109840393066406,500,0.0,0.0
1988-01-22 00:00:00-05:00,0.0,6.109840393066406,6.109840393066406,6.109840393066406,1000,0.0,0.0
1988-01-25 00:00:00-05:00,0.0,6.109844388188543,5.949059009552002,5.949059009552002,1200,0.0,0.0
1988-01-26 00:00:00-05:00,0.0,6.270625666568154,6.109840393066406,6.109840393066406,1900,0.0,0.0
1988-01-27 00:00:00-05:00,0.0,5.788269996643066,5.788269996643066,5.788269996643066,1400,0.0,0.0
1988-01-28 00:00:00-05:00,0.0,6.27062749862671,6.27062749862671,6.270627498626709,1400,0.0,0.0
1988-01-29 00:00:00-05:00,0.0,6.270625829696655,5.788269996643066,5.788269996643066,600,0.0,0.0
1988-02-01 00:00:00-05:00,0.0,6.27062749862671,5.788271537193886,6.270627498626709,2000,0.0,0.0
1988-02-02 00:00:00-05:00,0.0,6.27062749862671,5.788271537193886,6.270627498626709,1500,0.0,0.0
1988-02-03 00:00:00-05:00,6.27062749862671,6.27062749862671,6.27062749862671,6.270627498626709,0,0.0,0.0
1988-02-04 00:00:00-05:00,6.27062749862671,6.27062749862671,6.27062749862671,6.270627498626709,0,0.0,0.0
1988-02-05 00:00:00-05:00,0.0,6.27062749862671,5.788271537193886,6.270627498626709,2000,0.0,0.0
1988-02-08 00:00:00-05:00,6.27062749862671,6.27062749862671,6.27062749862671,6.270627498626709,0,0.0,0.0
1988-02-09 00:00:00-05:00,0.0,6.270625829696655,5.788269996643066,5.788269996643066,1700,0.0,0.0
1988-02-10 00:00:00-05:00,5.788269996643066,5.788269996643066,5.788269996643066,5.788269996643066,0,0.0,0.0
1988-02-11 00:00:00-05:00,0.0,6.270625666568154,5.788269846062912,6.109840393066406,1100,0.0,0.0
1988-02-12 00:00:00-05:00,0.0,6.27062749862671,6.27062749862671,6.270627498626709,300,0.0,0.0
1988-02-16 00:00:00-05:00,0.0,6.109844388188543,5.788273630915461,5.949059009552002,3000,0.0,0.0
1988-02-17 00:00:00-05:00,0.0,5.788269996643066,5.788269996643066,5.788269996643066,4400,0.0,0.0
1988-02-18 00:00:00-05:00,5.788269996643066,5.788269996643066,5.788269996643066,5.788269996643066,0,0.0,0.0
1988-02-19 00:00:00-05:00,0.0,5.788269996643066,5.788269996643066,5.788269996643066,1100,0.0,0.0
1988-02-22 00:00:00-05:00,0.0,5.788269996643066,5.788269996643066,5.788269996643066,500,0.0,0.0
1988-02-23 00:00:00-05:00,5.788269996643066,5.788269996643066,5.788269996643066,5.788269996643066,0,0.0,0.0
1988-02-24 00:00:00-05:00,0.0,6.109840393066406,5.788269846062912,6.109840393066406,2700,0.0,0.0
1988-02-25 00:00:00-05:00,0.0,5.788269996643066,5.788269996643066,5.788269996643066,100,0.0,0.0
1988-02-26 00:00:00-05:00,0.0,5.788270354270935,5.145129203796387,5.145129203796387,5100,0.0,0.0
1988-02-29 00:00:00-05:00,0.0,5.473542582604193,4.9905829429626465,4.9905829429626465,2100,0.01,0.0
1988-03-01 00:00:00-05:00,0.0,5.473543802897135,4.829597473144531,4.829597473144531,3500,0.0,0.0
1988-03-02 00:00:00-05:00,0.0,5.473546028137207,5.473546028137207,5.473546028137207,400,0.0,0.0
1988-03-03 00:00:00-05:00,0.0,5.473546028137207,4.8295994365916535,5.473546028137207,4500,0.0,0.0
1988-03-04 00:00:00-05:00,0.0,5.473546028137207,4.8295994365916535,5.473546028137207,5900,0.0,0.0
1988-03-07 00:00:00-05:00,0.0,5.473543802897135,4.829597473144531,4.829597473144531,2000,0.0,0.0
1988-03-08 00:00:00-05:00,0.0,4.829597473144531,4.829597473144531,4.829597473144531,300,0.0,0.0
1988-03-09 00:00:00-05:00,0.0,5.473546028137207,5.473546028137207,5.473546028137207,200,0.0,0.0
1988-03-10 00:00:00-05:00,0.0,4.9905829429626465,4.9905829429626465,4.9905829429626465,1000,0.0,0.0
1988-03-11 00:00:00-05:00,0.0,5.634526908397675,5.151567459106445,5.151567459106445,3800,0.0,0.0
1988-03-14 00:00:00-05:00,0.0,5.634526908397675,5.151567459106445,5.151567459106445,1300,0.0,0.0
1988-03-15 00:00:00-05:00,0.0,5.634526908397675,5.151567459106445,5.151567459106445,900,0.0,0.0
1988-03-16 00:00:00-05:00,5.151567459106445,5.151567459106445,5.151567459106445,5.151567459106445,0,0.0,0.0
1988-03-17 00:00:00-05:00,5.151567459106445,5.151567459106445,5.151567459106445,5.151567459106445,0,0.0,0.0
1988-03-18 00:00:00-05:00,0.0,5.63452672958374,5.63452672958374,5.63452672958374,1000,0.0,0.0
1988-03-21 00:00:00-05:00,0.0,5.1515694895098285,4.9905829429626465,4.9905829429626465,2200,0.0,0.0
1988-03-22 00:00:00-05:00,0.0,5.473546028137207,5.15157273236443,5.473546028137207,1300,0.0,0.0
1988-03-23 00:00:00-05:00,0.0,5.151567459106445,5.151567459106445,5.151567459106445,800,0.0,0.0
1988-03-24 00:00:00-05:00,0.0,5.473540425300598,5.151567459106445,5.151567459106445,2400,0.0,0.0
1988-03-25 00:00:00-05:00,0.0,5.151567459106445,5.151567459106445,5.151567459106445,2000,0.0,0.0
1988-03-28 00:00:00-05:00,0.0,5.151567459106445,5.151567459106445,5.151567459106445,500,0.0,0.0
1988-03-29 00:00:00-05:00,0.0,4.7491021156311035,4.7491021156311035,4.7491021156311035,1000,0.0,0.0
1988-03-30 00:00:00-05:00,0.0,5.31255578994751,5.31255578994751,5.31255578994751,200,0.0,0.0
1988-03-31 00:00:00-05:00,0.0,5.151571339574353,4.668611526489258,4.668611526489258,1700,0.0,0.0
1988-04-04 00:00:00-04:00,0.0,5.151567459106445,5.151567459106445,5.151567459106445,1000,0.0,0.0
1988-04-05 00:00:00-04:00,0.0,5.151567459106445,5.151567459106445,5.151567459106445,400,0.0,0.0
1988-04-06 00:00:00-04:00,0.0,4.668611526489258,4.668611526489258,4.668611526489258,500,0.0,0.0
1988-04-07 00:00:00-04:00,4.668611526489258,4.668611526489258,4.668611526489258,4.668611526489258,0,0.0,0.0
1988-04-08 00:00:00-04:00,4.668611526489258,4.668611526489258,4.668611526489258,4.668611526489258,0,0.0,0.0
1988-04-11 00:00:00-04:00,0.0,4.668611526489258,4.668611526489258,4.668611526489258,500,0.0,0.0
1988-04-12 00:00:00-04:00,0.0,4.668611526489258,4.668611526489258,4.668611526489258,700,0.0,0.0
1988-04-13 00:00:00-04:00,0.0,5.151567459106445,5.151567459106445,5.151567459106445,200,0.0,0.0
1988-04-14 00:00:00-04:00,0.0,5.151571001325335,4.507624626159668,4.507624626159668,3500,0.0,0.0
1988-04-15 00:00:00-04:00,0.0,4.990584407533919,4.507624626159668,4.507624626159668,4600,0.0,0.0
1988-04-18 00:00:00-04:00,4.507624626159668,4.507624626159668,4.507624626159668,4.507624626159668,0,0.0,0.0
1988-04-19 00:00:00-04:00,4.507624626159668,4.507624626159668,4.507624626159668,4.507624626159668,0,0.0,0.0
1988-04-20 00:00:00-04:00,0.0,4.507624626159668,4.507624626159668,4.507624626159668,1500,0.0,0.0
1988-04-21 00:00:00-04:00,0.0,4.990584735212654,4.668611526489258,4.668611526489258,3200,0.0,0.0
1988-04-22 00:00:00-04:00,0.0,4.9905829429626465,4.668609849868282,4.9905829429626465,1700,0.0,0.0
1988-04-25 00:00:00-04:00,0.0,4.668611526489258,4.668611526489258,4.668611526489258,500,0.0,0.0
1988-04-26 00:00:00-04:00,0.0,4.990584407533919,4.507624626159668,4.507624626159668,5100,0.0,0.0
1988-04-27 00:00:00-04:00,0.0,4.507624626159668,4.507624626159668,4.507624626159668,1600,0.0,0.0
1988-04-28 00:00:00-04:00,0.0,4.9905829429626465,4.9905829429626465,4.9905829429626465,1400,0.0,0.0
1988-04-29 00:00:00-04:00,4.9905829429626465,4.9905829429626465,4.9905829429626465,4.9905829429626465,0,0.0,0.0
1988-05-02 00:00:00-04:00,0.0,4.9905829429626465,4.9905829429626465,4.9905829429626465,200,0.0,0.0
1988-05-03 00:00:00-04:00,4.9905829429626465,4.9905829429626465,4.9905829429626465,4.9905829429626465,0,0.0,0.0
1988-05-04 00:00:00-04:00,0.0,4.507624626159668,4.507624626159668,4.507624626159668,800,0.0,0.0
1988-05-05 00:00:00-04:00,0.0,4.9905829429626465,4.9905829429626465,4.9905829429626465,2000,0.0,0.0
1988-05-06 00:00:00-04:00,4.9905829429626465,4.9905829429626465,4.9905829429626465,4.9905829429626465,0,0.0,0.0
1988-05-09 00:00:00-04:00,4.9905829429626465,4.9905829429626465,4.9905829429626465,4.9905829429626465,0,0.0,0.0
1988-05-10 00:00:00-04:00,0.0,4.8295953718282405,4.7491021156311035,4.7491021156311035,600,0.0,0.0
1988-05-11 00:00:00-04:00,0.0,4.507624626159668,4.507624626159668,4.507624626159668,1000,0.0,0.0
1988-05-12 00:00:00-04:00,0.0,4.507624626159668,4.507624626159668,4.507624626159668,200,0.0,0.0
1988-05-13 00:00:00-04:00,0.0,4.507624626159668,4.507624626159668,4.507624626159668,1100,0.0,0.0
1988-05-16 00:00:00-04:00,0.0,4.829597473144531,4.829597473144531,4.829597473144531,100,0.0,0.0
1988-05-17 00:00:00-04:00,0.0,4.588119029998779,4.588119029998779,4.588119029998779,1000,0.0,0.0
1988-05-18 00:00:00-04:00,0.0,4.507624626159668,4.507624626159668,4.507624626159668,1100,0.0,0.0
1988-05-19 00:00:00-04:00,0.0,4.507624626159668,4.507624626159668,4.507624626159668,100,0.0,0.0
1988-05-20 00:00:00-04:00,0.0,4.8295978137425015,4.507624626159668,4.507624626159668,3300,0.0,0.0
1988-05-23 00:00:00-04:00,0.0,4.507624626159668,4.507624626159668,4.507624626159668,2000,0.0,0.0
1988-05-24 00:00:00-04:00,0.0,4.668611526489258,4.34663831776586,4.668611526489258,6000,0.0,0.0
1988-05-25 00:00:00-04:00,0.0,4.352640628814697,4.352640628814697,4.352640628814697,4200,0.01,0.0
1988-05-26 00:00:00-04:00,0.0,4.675058453171341,4.352640628814697,4.352640628814697,11500,0.0,0.0
1988-05-27 00:00:00-04:00,0.0,4.352640628814697,4.352640628814697,4.352640628814697,600,0.0,0.0
1988-05-31 00:00:00-04:00,4.352640628814697,4.352640628814697,4.352640628814697,4.352640628814697,0,0.0,0.0
1988-06-01 00:00:00-04:00,4.352640628814697,4.352640628814697,4.352640628814697,4.352640628814697,0,0.0,0.0
1988-06-02 00:00:00-04:00,0.0,4.513848304748535,4.352639436721802,4.513848304748535,5100,0.0,0.0
1988-06-03 00:00:00-04:00,0.0,4.675060749053955,4.352642766360579,4.675060749053955,4400,0.0,0.0
1988-06-06 00:00:00-04:00,0.0,4.997478731747331,4.352642766360579,4.675060749053955,4600,0.0,0.0
1988-06-07 00:00:00-04:00,0.0,4.352640628814697,4.352640628814697,4.352640628814697,500,0.0,0.0
1988-06-08 00:00:00-04:00,4.352640628814697,4.352640628814697,4.352640628814697,4.352640628814697,0,0.0,0.0
1988-06-09 00:00:00-04:00,4.352640628814697,4.352640628814697,4.352640628814697,4.352640628814697,0,0.0,0.0
1988-06-10 00:00:00-04:00,0.0,4.836266040802002,4.513848304748535,4.513848304748535,1300,0.0,0.0
1988-06-13 00:00:00-04:00,0.0,4.352640628814697,4.352640628814697,4.352640628814697,500,0.0,0.0
1988-06-14 00:00:00-04:00,0.0,4.997476277527985,4.352640628814697,4.352640628814697,3700,0.0,0.0
1988-06-15 00:00:00-04:00,0.0,4.9974775314331055,4.9974775314331055,4.9974775314331055,500,0.0,0.0
1988-06-16 00:00:00-04:00,0.0,4.997476879755657,4.513850084940593,4.836267948150635,11300,0.0,0.0
1988-06-17 00:00:00-04:00,0.0,4.675060749053955,4.675060749053955,4.675060749053955,500,0.0,0.0
1988-06-20 00:00:00-04:00,0.0,4.836267365349664,4.352640628814697,4.352640628814697,1400,0.0,0.0
1988-06-21 00:00:00-04:00,0.0,4.997474908828735,4.513848304748535,4.513848304748535,45300,0.0,0.0
1988-06-22 00:00:00-04:00,0.0,5.481102019548416,4.513848721981049,5.158684253692627,24500,0.0,0.0
1988-06-23 00:00:00-04:00,0.0,4.997476879755657,4.836267948150635,4.836267948150635,4700,0.0,0.0
1988-06-24 00:00:00-04:00,4.836267948150635,4.836267948150635,4.836267948150635,4.836267948150635,0,0.0,0.0
1988-06-27 00:00:00-04:00,4.836267948150635,4.836267948150635,4.836267948150635,4.836267948150635,0,0.0,0.0
1988-06-28 00:00:00-04:00,0.0,5.158684253692627,5.158684253692627,5.158684253692627,200,0.0,0.0
1988-06-29 00:00:00-04:00,5.158684253692627,5.158684253692627,5.158684253692627,5.158684253692627,0,0.0,0.0
1988-06-30 00:00:00-04:00,0.0,5.158684253692627,4.836266487836838,5.158684253692627,3200,0.0,0.0
1988-07-01 00:00:00-04:00,0.0,5.158684253692627,5.158684253692627,5.158684253692627,5000,0.0,0.0
1988-07-05 00:00:00-04:00,0.0,5.319894313812256,5.319894313812256,5.319894313812256,200,0.0,0.0
1988-07-06 00:00:00-04:00,0.0,5.319894742965698,4.836267948150635,4.836267948150635,2200,0.0,0.0
1988-07-07 00:00:00-04:00,4.836267948150635,4.836267948150635,4.836267948150635,4.836267948150635,0,0.0,0.0
1988-07-08 00:00:00-04:00,0.0,5.319894313812256,5.319894313812256,5.319894313812256,100,0.0,0.0
1988-07-11 00:00:00-04:00,0.0,5.319894313812256,5.319894313812256,5.319894313812256,400,0.0,0.0
1988-07-12 00:00:00-04:00,5.319894313812256,5.319894313812256,5.319894313812256,5.319894313812256,0,0.0,0.0
1988-07-13 00:00:00-04:00,0.0,5.319894313812256,5.319894313812256,5.319894313812256,400,0.0,0.0
1988-07-14 00:00:00-04:00,5.319894313812256,5.319894313812256,5.319894313812256,5.319894313812256,0,0.0,0.0
1988-07-15 00:00:00-04:00,5.319894313812256,5.319894313812256,5.319894313812256,5.319894313812256,0,0.0,0.0
1988-07-18 00:00:00-04:00,0.0,5.319894313812256,5.319894313812256,5.319894313812256,1500,0.0,0.0
1988-07-19 00:00:00-04:00,0.0,5.2392897605896,4.836267471313477,5.2392897605896,2000,0.0,0.0
1988-07-20 00:00:00-04:00,0.0,5.158684253692627,4.836266487836838,5.158684253692627,7300,0.0,0.0
1988-07-21 00:00:00-04:00,5.158684253692627,5.158684253692627,5.158684253692627,5.158684253692627,0,0.0,0.0
1988-07-22 00:00:00-04:00,5.158684253692627,5.158684253692627,5.158684253692627,5.158684253692627,0,0.0,0.0
1988-07-25 00:00:00-04:00,0.0,4.916872413953146,4.836267948150635,4.836267948150635,2300,0.0,0.0
1988-07-26 00:00:00-04:00,4.836267948150635,4.836267948150635,4.836267948150635,4.836267948150635,0,0.0,0.0
1988-07-27 00:00:00-04:00,4.836267948150635,4.836267948150635,4.836267948150635,4.836267948150635,0,0.0,0.0
1988-07-28 00:00:00-04:00,4.836267948150635,4.836267948150635,4.836267948150635,4.836267948150635,0,0.0,0.0
1988-07-29 00:00:00-04:00,0.0,5.158684253692627,5.158684253692627,5.158684253692627,300,0.0,0.0
1988-08-01 00:00:00-04:00,0.0,5.158684253692627,4.836266487836838,5.158684253692627,3000,0.0,0.0
1988-08-02 00:00:00-04:00,0.0,5.158684253692627,4.836266487836838,5.158684253692627,900,0.0,0.0
1988-08-03 00:00:00-04:00,0.0,5.48110367457072,4.836267948150635,4.836267948150635,3200,0.0,0.0
1988-08-04 00:00:00-04:00,0.0,5.481107234954834,5.481107234954834,5.481107234954834,100,0.0,0.0
1988-08-05 00:00:00-04:00,0.0,4.836267948150635,4.836267948150635,4.836267948150635,300,0.0,0.0
1988-08-08 00:00:00-04:00,4.836267948150635,4.836267948150635,4.836267948150635,4.836267948150635,0,0.0,0.0
1988-08-09 00:00:00-04:00,0.0,4.836267948150635,4.836267948150635,4.836267948150635,3000,0.0,0.0
1988-08-10 00:00:00-04:00,0.0,5.158684253692627,5.158684253692627,5.158684253692627,200,0.0,0.0
1988-08-11 00:00:00-04:00,0.0,4.836267948150635,4.836267948150635,4.836267948150635,2000,0.0,0.0
1988-08-12 00:00:00-04:00,0.0,4.836267948150635,4.836267948150635,4.836267948150635,1000,0.0,0.0
1988-08-15 00:00:00-04:00,0.0,4.836269740400644,4.675060749053955,4.675060749053955,400,0.0,0.0
1988-08-16 00:00:00-04:00,0.0,5.15868772309402,4.513851757707267,4.675060749053955,12900,0.0,0.0
1988-08-17 00:00:00-04:00,4.675060749053955,4.675060749053955,4.675060749053955,4.675060749053955,0,0.0,0.0
1988-08-18 00:00:00-04:00,4.675060749053955,4.675060749053955,4.675060749053955,4.675060749053955,0,0.0,0.0
1988-08-19 00:00:00-04:00,0.0,4.513848304748535,4.513848304748535,4.513848304748535,200,0.0,0.0
1988-08-22 00:00:00-04:00,4.513848304748535,4.513848304748535,4.513848304748535,4.513848304748535,0,0.0,0.0
1988-08-23 00:00:00-04:00,0.0,4.9974775314331055,4.675059626179356,4.9974775314331055,12000,0.0,0.0
1988-08-24 00:00:00-04:00,0.0,4.836267948150635,4.513850084940593,4.836267948150635,2100,0.0,0.0
1988-08-25 00:00:00-04:00,0.0,4.675060749053955,4.352642766360579,4.675060749053955,6800,0.0,0.0
1988-08-26 00:00:00-04:00,0.0,4.836267365349664,4.352640628814697,4.352640628814697,3900,0.0,0.0
1988-08-29 00:00:00-04:00,0.0,4.352640628814697,4.352640628814697,4.352640628814697,1300,0.0,0.0
1988-08-30 00:00:00-04:00,0.0,4.675060749053955,4.352642766360579,4.675060749053955,4300,0.0,0.0
1988-08-31 00:00:00-04:00,0.0,4.7556629092605025,4.352640628814697,4.352640628814697,18200,0.0,0.0
1988-09-01 00:00:00-04:00,0.0,4.352640628814697,4.352640628814697,4.352640628814697,300,0.0,0.0
1988-09-02 00:00:00-04:00,0.0,4.836267365349664,4.352640628814697,4.352640628814697,7800,0.0,0.0
1988-09-06 00:00:00-04:00,0.0,4.675060749053955,4.675060749053955,4.675060749053955,100,0.0,0.0
1988-09-07 00:00:00-04:00,0.0,4.030221939086914,4.030221939086914,4.030221939086914,1000,0.0,0.0
1988-09-08 00:00:00-04:00,0.0,4.513848304748535,4.191430568695068,4.513848304748535,2400,0.0,0.0
1988-09-09 00:00:00-04:00,0.0,4.191431045532227,4.191431045532227,4.191431045532227,1100,0.0,0.0
1988-09-12 00:00:00-04:00,0.0,4.513848304748535,4.191430568695068,4.513848304748535,3900,0.0,0.0
1988-09-13 00:00:00-04:00,0.0,4.520305780264048,4.197426795959473,4.197426795959473,3200,0.01,0.0
1988-09-14 00:00:00-04:00,4.197426795959473,4.197426795959473,4.197426795959473,4.197426795959473,0,0.0,0.0
1988-09-15 00:00:00-04:00,0.0,4.197426795959473,4.197426795959473,4.197426795959473,600,0.0,0.0
1988-09-16 00:00:00-04:00,4.197426795959473,4.197426795959473,4.197426795959473,4.197426795959473,0,0.0,0.0
1988-09-19 00:00:00-04:00,0.0,4.197426795959473,4.197426795959473,4.197426795959473,200,0.0,0.0
1988-09-20 00:00:00-04:00,0.0,4.681746959686279,4.681746959686279,4.681746959686279,200,0.0,0.0
1988-09-21 00:00:00-04:00,0.0,4.197426795959473,4.197426795959473,4.197426795959473,100,0.0,0.0
1988-09-22 00:00:00-04:00,0.0,4.358864784240723,4.197425347787362,4.358864784240723,3800,0.0,0.0
1988-09-23 00:00:00-04:00,0.0,4.197426795959473,4.197426795959473,4.197426795959473,1200,0.0,0.0
1988-09-26 00:00:00-04:00,4.197426795959473,4.197426795959473,4.197426795959473,4.197426795959473,0,0.0,0.0
1988-09-27 00:00:00-04:00,0.0,4.681745272416335,4.197426795959473,4.197426795959473,700,0.0,0.0
1988-09-28 00:00:00-04:00,0.0,4.197426795959473,4.197426795959473,4.197426795959473,500,0.0,0.0
1988-09-29 00:00:00-04:00,0.0,4.197426795959473,4.197426795959473,4.197426795959473,1400,0.0,0.0
1988-09-30 00:00:00-04:00,4.197426795959473,4.197426795959473,4.197426795959473,4.197426795959473,0,0.0,0.0
1988-10-03 00:00:00-04:00,0.0,4.197426795959473,4.197426795959473,4.197426795959473,200,0.0,0.0
1988-10-04 00:00:00-04:00,4.197426795959473,4.197426795959473,4.197426795959473,4.197426795959473,0,0.0,0.0
1988-10-05 00:00:00-04:00,0.0,4.197426795959473,4.197426795959473,4.197426795959473,700,0.0,0.0
1988-10-06 00:00:00-04:00,0.0,4.197426795959473,4.197426795959473,4.197426795959473,200,0.0,0.0
1988-10-07 00:00:00-04:00,0.0,4.681746959686279,4.681746959686279,4.681746959686279,1000,0.0,0.0
1988-10-10 00:00:00-04:00,4.681746959686279,4.681746959686279,4.681746959686279,4.681746959686279,0,0.0,0.0
1988-10-11 00:00:00-04:00,0.0,4.035987854003906,4.035987854003906,4.035987854003906,100,0.0,0.0
1988-10-12 00:00:00-04:00,0.0,4.681746959686279,4.681746959686279,4.681746959686279,1100,0.0,0.0
1988-10-13 00:00:00-04:00,0.0,4.116710186004639,4.116710186004639,4.116710186004639,3900,0.0,0.0
1988-10-14 00:00:00-04:00,0.0,4.035987854003906,4.035987854003906,4.035987854003906,2100,0.0,0.0
1988-10-17 00:00:00-04:00,0.0,4.035987854003906,4.035987854003906,4.035987854003906,100,0.0,0.0
1988-10-18 00:00:00-04:00,0.0,4.278147220611572,4.278147220611572,4.278147220611572,3000,0.0,0.0
1988-10-19 00:00:00-04:00,0.0,4.681746959686279,4.035988758350241,4.681746959686279,1600,0.0,0.0
1988-10-20 00:00:00-04:00,0.0,4.197426795959473,4.197426795959473,4.197426795959473,800,0.0,0.0
1988-10-21 00:00:00-04:00,4.197426795959473,4.197426795959473,4.197426795959473,4.197426795959473,0,0.0,0.0
1988-10-24 00:00:00-04:00,4.197426795959473,4.197426795959473,4.197426795959473,4.197426795959473,0,0.0,0.0
1988-10-25 00:00:00-04:00,0.0,4.358864784240723,4.197425347787362,4.358864784240723,1500,0.0,0.0
1988-10-26 00:00:00-04:00,0.0,4.035987854003906,4.035987854003906,4.035987854003906,1800,0.0,0.0
1988-10-27 00:00:00-04:00,0.0,4.035987854003906,4.035987854003906,4.035987854003906,1500,0.0,0.0
1988-10-28 00:00:00-04:00,0.0,4.520306396484375,4.035987854003906,4.035987854003906,800,0.0,0.0
1988-10-31 00:00:00-05:00,0.0,4.035987854003906,4.035987854003906,4.035987854003906,100,0.0,0.0
1988-11-01 00:00:00-05:00,0.0,4.358864784240723,4.035985911334002,4.358864784240723,1700,0.0,0.0
1988-11-02 00:00:00-05:00,0.0,4.520306587219238,4.035988024302891,4.520306587219238,1000,0.0,0.0
1988-11-03 00:00:00-05:00,0.0,4.116710186004639,3.8745507632984837,4.116710186004639,2400,0.0,0.0
1988-11-04 00:00:00-05:00,4.116710186004639,4.116710186004639,4.116710186004639,4.116710186004639,0,0.0,0.0
1988-11-07 00:00:00-05:00,0.0,4.520306587219238,4.520306587219238,4.520306587219238,500,0.0,0.0
1988-11-08 00:00:00-05:00,0.0,3.8745501041412354,3.8745501041412354,3.8745501041412354,1000,0.0,0.0
1988-11-09 00:00:00-05:00,0.0,4.278147220611572,4.035987943973182,4.278147220611572,10500,0.0,0.0
1988-11-10 00:00:00-05:00,0.0,4.035987854003906,4.035987854003906,4.035987854003906,200,0.0,0.0
1988-11-11 00:00:00-05:00,0.0,4.520306587219238,4.520306587219238,4.520306587219238,200,0.0,0.0
1988-11-14 00:00:00-05:00,4.520306587219238,4.520306587219238,4.520306587219238,4.520306587219238,0,0.0,0.0
1988-11-15 00:00:00-05:00,4.520306587219238,4.520306587219238,4.520306587219238,4.520306587219238,0,0.0,0.0
1988-11-16 00:00:00-05:00,4.520306587219238,4.520306587219238,4.520306587219238,4.520306587219238,0,0.0,0.0
1988-11-17 00:00:00-05:00,0.0,4.035987854003906,4.035987854003906,4.035987854003906,200,0.0,0.0
1988-11-18 00:00:00-05:00,4.035987854003906,4.035987854003906,4.035987854003906,4.035987854003906,0,0.0,0.0
1988-11-21 00:00:00-05:00,4.035987854003906,4.035987854003906,4.035987854003906,4.035987854003906,0,0.0,0.0
1988-11-22 00:00:00-05:00,0.0,4.520306587219238,4.520306587219238,4.520306587219238,600,0.0,0.0
1988-11-23 00:00:00-05:00,0.0,4.035987854003906,4.035987854003906,4.035987854003906,300,0.0,0.0
1988-11-25 00:00:00-05:00,0.0,4.035987854003906,4.035987854003906,4.035987854003906,100,0.0,0.0
1988-11-28 00:00:00-05:00,4.035987854003906,4.035987854003906,4.035987854003906,4.035987854003906,0,0.0,0.0
1988-11-29 00:00:00-05:00,0.0,4.035987854003906,4.035987854003906,4.035987854003906,3500,0.0,0.0
1988-11-30 00:00:00-05:00,4.035987854003906,4.035987854003906,4.035987854003906,4.035987854003906,0,0.0,0.0
1988-12-01 00:00:00-05:00,0.0,4.527551174163818,4.527551174163818,4.527551174163818,200,0.01,0.0
1988-12-02 00:00:00-05:00,0.0,4.527551174163818,3.880758149283273,4.527551174163818,2100,0.0,0.0
1988-12-05 00:00:00-05:00,0.0,4.285003662109375,3.8807580336084904,4.285003662109375,1600,0.0,0.0
1988-12-06 00:00:00-05:00,0.0,4.527551054954529,3.880758047103882,3.880758047103882,2800,0.0,0.0
1988-12-07 00:00:00-05:00,3.880758047103882,3.880758047103882,3.880758047103882,3.880758047103882,0,0.0,0.0
1988-12-08 00:00:00-05:00,0.0,3.880758047103882,3.880758047103882,3.880758047103882,200,0.0,0.0
1988-12-09 00:00:00-05:00,3.880758047103882,3.880758047103882,3.880758047103882,3.880758047103882,0,0.0,0.0
1988-12-12 00:00:00-05:00,0.0,3.880758047103882,3.880758047103882,3.880758047103882,700,0.0,0.0
1988-12-13 00:00:00-05:00,0.0,3.880758047103882,3.880758047103882,3.880758047103882,600,0.0,0.0
1988-12-14 00:00:00-05:00,0.0,3.880758047103882,3.880758047103882,3.880758047103882,200,0.0,0.0
1988-12-15 00:00:00-05:00,0.0,3.880758047103882,3.880758047103882,3.880758047103882,300,0.0,0.0
1988-12-16 00:00:00-05:00,0.0,3.9616071730852127,3.880758047103882,3.880758047103882,19200,0.0,0.0
1988-12-19 00:00:00-05:00,0.0,3.880758047103882,3.880758047103882,3.880758047103882,4300,0.0,0.0
1988-12-20 00:00:00-05:00,0.0,4.042456150054932,3.880757904052734,4.042456150054932,4200,0.0,0.0
1988-12-21 00:00:00-05:00,0.0,3.880758047103882,3.880758047103882,3.880758047103882,500,0.0,0.0
1988-12-22 00:00:00-05:00,0.0,4.204154551029205,3.880758047103882,3.880758047103882,5600,0.0,0.0
1988-12-23 00:00:00-05:00,0.0,4.123304975276091,3.880757623789262,3.961606740951538,4500,0.0,0.0
1988-12-27 00:00:00-05:00,0.0,3.880758047103882,3.880758047103882,3.880758047103882,800,0.0,0.0
1988-12-28 00:00:00-05:00,0.0,3.880758047103882,3.880758047103882,3.880758047103882,1000,0.0,0.0
1988-12-29 00:00:00-05:00,0.0,4.204153537750244,4.204153537750244,4.204153537750244,100,0.0,0.0
1988-12-30 00:00:00-05:00,4.204153537750244,4.204153537750244,4.204153537750244,4.204153537750244,0,0.0,0.0
1989-01-03 00:00:00-05:00,4.204153537750244,4.204153537750244,4.204153537750244,4.204153537750244,0,0.0,0.0
1989-01-04 00:00:00-05:00,0.0,3.880758047103882,3.880758047103882,3.880758047103882,1200,0.0,0.0
1989-01-05 00:00:00-05:00,0.0,4.204154396057128,3.880757904052734,4.042456150054932,1700,0.0,0.0
1989-01-06 00:00:00-05:00,0.0,3.880758047103882,3.880758047103882,3.880758047103882,5000,0.0,0.0
1989-01-09 00:00:00-05:00,0.0,3.880758047103882,3.880758047103882,3.880758047103882,100,0.0,0.0
1989-01-10 00:00:00-05:00,3.880758047103882,3.880758047103882,3.880758047103882,3.880758047103882,0,0.0,0.0
1989-01-11 00:00:00-05:00,0.0,4.042455858113814,3.961606740951538,3.961606740951538,1200,0.0,0.0
1989-01-12 00:00:00-05:00,0.0,3.880758047103882,3.880758047103882,3.880758047103882,100,0.0,0.0
1989-01-13 00:00:00-05:00,3.880758047103882,3.880758047103882,3.880758047103882,3.880758047103882,0,0.0,0.0
1989-01-16 00:00:00-05:00,0.0,4.042456150054932,3.961607027053833,4.042456150054932,2000,0.0,0.0
1989-01-17 00:00:00-05:00,0.0,4.285003677010536,3.880758047103882,3.880758047103882,1000,0.0,0.0
1989-01-18 00:00:00-05:00,3.880758047103882,3.880758047103882,3.880758047103882,3.880758047103882,0,0.0,0.0
1989-01-19 00:00:00-05:00,0.0,4.365854712093578,4.123307228088379,4.123307228088379,3000,0.0,0.0
1989-01-20 00:00:00-05:00,0.0,3.9616070778473564,3.7190597057342534,3.719059705734253,18300,0.0,0.0
1989-01-23 00:00:00-05:00,0.0,4.204156389423446,4.123307228088379,4.123307228088379,5100,0.0,0.0
1989-01-24 00:00:00-05:00,0.0,4.365852642059326,4.042456150054932,4.042456150054932,8900,0.0,0.0
1989-01-25 00:00:00-05:00,0.0,4.527551174163818,4.123305533613477,4.527551174163818,6400,0.0,0.0
1989-01-26 00:00:00-05:00,0.0,4.527551174163818,4.042456405503409,4.527551174163818,1800,0.0,0.0
1989-01-27 00:00:00-05:00,0.0,4.6892494303839545,4.042456405503409,4.527551174163818,13900,0.0,0.0
1989-01-30 00:00:00-05:00,4.527551174163818,4.527551174163818,4.527551174163818,4.527551174163818,0,0.0,0.0
1989-01-31 00:00:00-05:00,0.0,4.204153537750244,4.204153537750244,4.204153537750244,200,0.0,0.0
1989-02-01 00:00:00-05:00,4.204153537750244,4.204153537750244,4.204153537750244,4.204153537750244,0,0.0,0.0
1989-02-02 00:00:00-05:00,0.0,4.2850026442454405,4.204153537750244,4.204153537750244,800,0.0,0.0
1989-02-03 00:00:00-05:00,0.0,4.527551174163818,4.204154661723545,4.527551174163818,6500,0.0,0.0
1989-02-06 00:00:00-05:00,0.0,4.527551174163818,4.527551174163818,4.527551174163818,1600,0.0,0.0
1989-02-07 00:00:00-05:00,0.0,4.689248561859131,4.689248561859131,4.689248561859131,100,0.0,0.0
1989-02-08 00:00:00-05:00,0.0,4.689248176721426,4.204153537750244,4.204153537750244,4400,0.0,0.0
1989-02-09 00:00:00-05:00,0.0,4.689248561859131,4.204153883046118,4.689248561859131,43200,0.0,0.0
1989-02-10 00:00:00-05:00,0.0,4.527552569354022,4.2041559572573055,4.365854263305664,26100,0.0,0.0
1989-02-13 00:00:00-05:00,0.0,4.204153537750244,4.204153537750244,4.204153537750244,400,0.0,0.0
1989-02-14 00:00:00-05:00,0.0,4.689248561859131,4.689248561859131,4.689248561859131,1000,0.0,0.0
1989-02-15 00:00:00-05:00,0.0,4.689250875402379,4.365854263305664,4.365854263305664,1500,0.0,0.0
1989-02-16 00:00:00-05:00,0.0,4.204153537750244,4.204153537750244,4.204153537750244,2500,0.0,0.0
1989-02-17 00:00:00-05:00,4.204153537750244,4.204153537750244,4.204153537750244,4.204153537750244,0,0.0,0.0
1989-02-21 00:00:00-05:00,0.0,4.204153537750244,4.204153537750244,4.204153537750244,200,0.0,0.0
1989-02-22 00:00:00-05:00,0.0,4.365854263305664,4.2041559572573055,4.365854263305664,14200,0.0,0.0
1989-02-23 00:00:00-05:00,0.0,4.204153537750244,4.204153537750244,4.204153537750244,400,0.0,0.0
1989-02-24 00:00:00-05:00,0.0,4.204153537750244,4.204153537750244,4.204153537750244,2000,0.0,0.0
1989-02-27 00:00:00-05:00,0.0,4.527551174163818,4.527551174163818,4.527551174163818,100,0.0,0.0
1989-02-28 00:00:00-05:00,4.527551174163818,4.527551174163818,4.527551174163818,4.527551174163818,0,0.0,0.0
1989-03-01 00:00:00-05:00,0.0,4.042456150054932,4.042456150054932,4.042456150054932,1000,0.0,0.0
1989-03-02 00:00:00-05:00,0.0,4.3728485107421875,4.048933806242766,4.3728485107421875,7000,0.01,0.0
1989-03-03 00:00:00-05:00,4.3728485107421875,4.3728485107421875,4.3728485107421875,4.3728485107421875,0,0.0,0.0
1989-03-06 00:00:00-05:00,4.3728485107421875,4.3728485107421875,4.3728485107421875,4.3728485107421875,0,0.0,0.0
1989-03-07 00:00:00-05:00,0.0,4.048936367034912,4.048936367034912,4.048936367034912,1400,0.0,0.0
1989-03-08 00:00:00-05:00,4.048936367034912,4.048936367034912,4.048936367034912,4.048936367034912,0,0.0,0.0
1989-03-09 00:00:00-05:00,0.0,4.048936367034912,4.048936367034912,4.048936367034912,200,0.0,0.0
1989-03-10 00:00:00-05:00,4.048936367034912,4.048936367034912,4.048936367034912,4.048936367034912,0,0.0,0.0
1989-03-13 00:00:00-05:00,0.0,4.048936367034912,4.048936367034912,4.048936367034912,1200,0.0,0.0
1989-03-14 00:00:00-05:00,4.048936367034912,4.048936367034912,4.048936367034912,4.048936367034912,0,0.0,0.0
1989-03-15 00:00:00-05:00,0.0,4.048936367034912,4.048936367034912,4.048936367034912,300,0.0,0.0
1989-03-16 00:00:00-05:00,0.0,4.210892677307129,4.04893526664147,4.210892677307129,3500,0.0,0.0
1989-03-17 00:00:00-05:00,0.0,4.210892677307129,4.210892677307129,4.210892677307129,100,0.0,0.0
1989-03-20 00:00:00-05:00,0.0,4.210893821716309,4.048936367034912,4.048936367034912,1200,0.0,0.0
1989-03-21 00:00:00-05:00,0.0,4.210892677307129,4.210892677307129,4.210892677307129,3100,0.0,0.0
1989-03-22 00:00:00-05:00,4.210892677307129,4.210892677307129,4.210892677307129,4.210892677307129,0,0.0,0.0
1989-03-23 00:00:00-05:00,4.210892677307129,4.210892677307129,4.210892677307129,4.210892677307129,0,0.0,0.0
1989-03-27 00:00:00-05:00,0.0,4.6967644691467285,4.6967644691467285,4.6967644691467285,100,0.0,0.0
1989-03-28 00:00:00-05:00,0.0,4.696764909304105,4.210892677307129,4.210892677307129,1700,0.0,0.0
1989-03-29 00:00:00-05:00,4.210892677307129,4.210892677307129,4.210892677307129,4.210892677307129,0,0.0,0.0
1989-03-30 00:00:00-05:00,4.210892677307129,4.210892677307129,4.210892677307129,4.210892677307129,0,0.0,0.0
1989-03-31 00:00:00-05:00,0.0,4.210892677307129,4.210892677307129,4.210892677307129,1000,0.0,0.0
1989-04-03 00:00:00-04:00,0.0,4.534806251525879,4.21089151927403,4.534806251525879,1200,0.0,0.0
1989-04-04 00:00:00-04:00,0.0,4.129914283752441,4.129914283752441,4.129914283752441,6200,0.0,0.0
1989-04-05 00:00:00-04:00,4.129914283752441,4.129914283752441,4.129914283752441,4.129914283752441,0,0.0,0.0
1989-04-06 00:00:00-04:00,0.0,4.048936367034912,4.048936367034912,4.048936367034912,400,0.0,0.0
1989-04-07 00:00:00-04:00,4.048936367034912,4.048936367034912,4.048936367034912,4.048936367034912,0,0.0,0.0
1989-04-10 00:00:00-04:00,4.048936367034912,4.048936367034912,4.048936367034912,4.048936367034912,0,0.0,0.0
1989-04-11 00:00:00-04:00,4.048936367034912,4.048936367034912,4.048936367034912,4.048936367034912,0,0.0,0.0
1989-04-12 00:00:00-04:00,0.0,4.048936367034912,4.048936367034912,4.048936367034912,100,0.0,0.0
1989-04-13 00:00:00-04:00,4.048936367034912,4.048936367034912,4.048936367034912,4.048936367034912,0,0.0,0.0
1989-04-14 00:00:00-04:00,4.048936367034912,4.048936367034912,4.048936367034912,4.048936367034912,0,0.0,0.0
1989-04-17 00:00:00-04:00,0.0,4.3728485107421875,4.210891158492476,4.3728485107421875,2700,0.0,0.0
1989-04-18 00:00:00-04:00,0.0,4.453829288482666,4.453829288482666,4.453829288482666,1100,0.0,0.0
1989-04-19 00:00:00-04:00,0.0,4.210892677307129,4.210892677307129,4.210892677307129,2000,0.0,0.0
1989-04-20 00:00:00-04:00,0.0,4.210892995198567,4.129914283752441,4.129914283752441,12300,0.0,0.0
1989-04-21 00:00:00-04:00,0.0,4.048936367034912,4.048936367034912,4.048936367034912,300,0.0,0.0
1989-04-24 00:00:00-04:00,0.0,4.210892677307129,4.210892677307129,4.210892677307129,700,0.0,0.0
1989-04-25 00:00:00-04:00,4.210892677307129,4.210892677307129,4.210892677307129,4.210892677307129,0,0.0,0.0
1989-04-26 00:00:00-04:00,4.210892677307129,4.210892677307129,4.210892677307129,4.210892677307129,0,0.0,0.0
1989-04-27 00:00:00-04:00,0.0,4.048936367034912,4.048936367034912,4.048936367034912,1300,0.0,0.0
1989-04-28 00:00:00-04:00,0.0,4.048936367034912,4.048936367034912,4.048936367034912,6300,0.0,0.0
1989-05-01 00:00:00-04:00,4.048936367034912,4.048936367034912,4.048936367034912,4.048936367034912,0,0.0,0.0
1989-05-02 00:00:00-04:00,4.048936367034912,4.048936367034912,4.048936367034912,4.048936367034912,0,0.0,0.0
1989-05-03 00:00:00-04:00,0.0,3.9679558873176575,3.886977195739746,3.886977195739746,4700,0.0,0.0
1989-05-04 00:00:00-04:00,3.886977195739746,3.886977195739746,3.886977195739746,3.886977195739746,0,0.0,0.0
1989-05-05 00:00:00-04:00,3.886977195739746,3.886977195739746,3.886977195739746,3.886977195739746,0,0.0,0.0
1989-05-08 00:00:00-04:00,0.0,4.534807498638447,4.210892677307129,4.210892677307129,800,0.0,0.0
1989-05-09 00:00:00-04:00,4.210892677307129,4.210892677307129,4.210892677307129,4.210892677307129,0,0.0,0.0
1989-05-10 00:00:00-04:00,0.0,4.3728485107421875,3.8869764539930554,4.3728485107421875,1200,0.0,0.0
1989-05-11 00:00:00-04:00,0.0,4.534806728363037,3.886977195739746,3.886977195739746,1600,0.0,0.0
1989-05-12 00:00:00-04:00,0.0,4.3728485107421875,4.048933806242766,4.3728485107421875,8500,0.0,0.0
1989-05-15 00:00:00-04:00,0.0,4.372851276397705,4.048936367034912,4.048936367034912,1800,0.0,0.0
1989-05-16 00:00:00-04:00,0.0,4.3728485107421875,4.048933806242766,4.3728485107421875,6600,0.0,0.0
1989-05-17 00:00:00-04:00,0.0,4.534806251525879,4.129912836211068,4.534806251525879,32400,0.0,0.0
1989-05-18 00:00:00-04:00,0.0,4.048936367034912,4.048936367034912,4.048936367034912,700,0.0,0.0
1989-05-19 00:00:00-04:00,0.0,4.534806251525879,4.534806251525879,4.534806251525879,100,0.0,0.0
1989-05-22 00:00:00-04:00,4.534806251525879,4.534806251525879,4.534806251525879,4.534806251525879,0,0.0,0.0
1989-05-23 00:00:00-04:00,0.0,4.3728485107421875,4.3728485107421875,4.3728485107421875,300,0.0,0.0
1989-05-24 00:00:00-04:00,0.0,4.3728485107421875,4.210891158492476,4.3728485107421875,1100,0.0,0.0
1989-05-25 00:00:00-04:00,0.0,4.379338264465332,4.0549428374679,4.379338264465332,2700,0.01,0.0
1989-05-26 00:00:00-04:00,0.0,4.379338264465332,4.379338264465332,4.379338264465332,100,0.0,0.0
1989-05-30 00:00:00-04:00,0.0,4.054944038391113,4.054944038391113,4.054944038391113,400,0.0,0.0
1989-05-31 00:00:00-04:00,4.054944038391113,4.054944038391113,4.054944038391113,4.054944038391113,0,0.0,0.0
1989-06-01 00:00:00-04:00,4.054944038391113,4.054944038391113,4.054944038391113,4.054944038391113,0,0.0,0.0
1989-06-02 00:00:00-04:00,0.0,4.054944038391113,4.054944038391113,4.054944038391113,1000,0.0,0.0
1989-06-05 00:00:00-04:00,0.0,4.054944038391113,4.054944038391113,4.054944038391113,500,0.0,0.0
1989-06-06 00:00:00-04:00,0.0,4.379339561462402,4.054944038391113,4.054944038391113,1300,0.0,0.0
1989-06-07 00:00:00-04:00,0.0,4.2171417999267575,4.054944038391113,4.054944038391113,5100,0.0,0.0
1989-06-08 00:00:00-04:00,0.0,4.054944038391113,4.054944038391113,4.054944038391113,10000,0.0,0.0
1989-06-09 00:00:00-04:00,0.0,4.379338264465332,4.0549428374679,4.379338264465332,400,0.0,0.0
1989-06-12 00:00:00-04:00,0.0,4.379339561462402,4.054944038391113,4.054944038391113,2700,0.0,0.0
1989-06-13 00:00:00-04:00,0.0,4.379338264465332,4.379338264465332,4.379338264465332,200,0.0,0.0
1989-06-14 00:00:00-04:00,4.379338264465332,4.379338264465332,4.379338264465332,4.379338264465332,0,0.0,0.0
1989-06-15 00:00:00-04:00,0.0,4.379338264465332,4.0549428374679,4.379338264465332,10600,0.0,0.0
1989-06-16 00:00:00-04:00,0.0,4.379339561462402,4.054944038391113,4.054944038391113,9300,0.0,0.0
1989-06-19 00:00:00-04:00,0.0,4.379339561462402,4.054944038391113,4.054944038391113,4900,0.0,0.0
1989-06-20 00:00:00-04:00,4.054944038391113,4.054944038391113,4.054944038391113,4.054944038391113,0,0.0,0.0
1989-06-21 00:00:00-04:00,0.0,4.379339561462402,4.054944038391113,4.054944038391113,12700,0.0,0.0
1989-06-22 00:00:00-04:00,0.0,4.217140197753906,4.217140197753906,4.217140197753906,1500,0.0,0.0
1989-06-23 00:00:00-04:00,0.0,4.379337897667518,4.217140197753906,4.217140197753906,4500,0.0,0.0
1989-06-26 00:00:00-04:00,0.0,4.379338264465332,4.217140550966616,4.379338264465332,300,0.0,0.0
1989-06-27 00:00:00-04:00,4.379338264465332,4.379338264465332,4.379338264465332,4.379338264465332,0,0.0,0.0
1989-06-28 00:00:00-04:00,0.0,4.217140197753906,4.217140197753906,4.217140197753906,800,0.0,0.0
1989-06-29 00:00:00-04:00,0.0,4.379338264465332,4.379338264465332,4.379338264465332,300,0.0,0.0
1989-06-30 00:00:00-04:00,0.0,4.2171417999267575,4.054944038391113,4.054944038391113,1200,0.0,0.0
1989-07-03 00:00:00-04:00,4.054944038391113,4.054944038391113,4.054944038391113,4.054944038391113,0,0.0,0.0
1989-07-05 00:00:00-04:00,4.054944038391113,4.054944038391113,4.054944038391113,4.054944038391113,0,0.0,0.0
1989-07-06 00:00:00-04:00,0.0,4.379338264465332,4.379338264465332,4.379338264465332,1000,0.0,0.0
1989-07-07 00:00:00-04:00,0.0,4.054944038391113,4.054944038391113,4.054944038391113,1900,0.0,0.0
1989-07-10 00:00:00-04:00,4.054944038391113,4.054944038391113,4.054944038391113,4.054944038391113,0,0.0,0.0
1989-07-11 00:00:00-04:00,4.054944038391113,4.054944038391113,4.054944038391113,4.054944038391113,0,0.0,0.0
1989-07-12 00:00:00-04:00,0.0,4.379338264465332,4.379338264465332,4.379338264465332,100,0.0,0.0
1989-07-13 00:00:00-04:00,4.379338264465332,4.379338264465332,4.379338264465332,4.379338264465332,0,0.0,0.0
1989-07-14 00:00:00-04:00,0.0,4.379337897667518,4.054942497840294,4.217140197753906,3100,0.0,0.0
1989-07-17 00:00:00-04:00,0.0,4.054944038391113,4.054944038391113,4.054944038391113,300,0.0,0.0
1989-07-18 00:00:00-04:00,4.054944038391113,4.054944038391113,4.054944038391113,4.054944038391113,0,0.0,0.0
1989-07-19 00:00:00-04:00,4.054944038391113,4.054944038391113,4.054944038391113,4.054944038391113,0,0.0,0.0
1989-07-20 00:00:00-04:00,0.0,4.054942597513613,3.730547189712524,3.7305471897125244,12500,0.0,0.0
1989-07-21 00:00:00-04:00,3.730547189712524,3.730547189712524,3.730547189712524,3.7305471897125244,0,0.0,0.0
1989-07-24 00:00:00-04:00,0.0,4.13604211807251,4.13604211807251,4.13604211807251,5000,0.0,0.0
1989-07-25 00:00:00-04:00,0.0,4.217140197753906,3.973843647883488,4.217140197753906,14600,0.0,0.0
1989-07-26 00:00:00-04:00,0.0,4.217140197753906,4.054942497840294,4.217140197753906,4500,0.0,0.0
1989-07-27 00:00:00-04:00,0.0,4.054944038391113,4.054944038391113,4.054944038391113,200,0.0,0.0
1989-07-28 00:00:00-04:00,0.0,4.379338264465332,4.379338264465332,4.379338264465332,1000,0.0,0.0
1989-07-31 00:00:00-04:00,0.0,4.379338264465332,4.0549428374679,4.379338264465332,2300,0.0,0.0
1989-08-01 00:00:00-04:00,4.379338264465332,4.379338264465332,4.379338264465332,4.379338264465332,0,0.0,0.0
1989-08-02 00:00:00-04:00,0.0,4.2982390477107115,4.217140197753906,4.217140197753906,2000,0.0,0.0
1989-08-03 00:00:00-04:00,0.0,4.541535377502441,4.541535377502441,4.541535377502441,8400,0.0,0.0
1989-08-04 00:00:00-04:00,0.0,4.217140197753906,4.217140197753906,4.217140197753906,900,0.0,0.0
1989-08-07 00:00:00-04:00,0.0,4.703732490539551,4.54153481845198,4.703732490539551,2900,0.0,0.0
1989-08-08 00:00:00-04:00,0.0,4.541535597581129,4.217140197753906,4.217140197753906,700,0.0,0.0
1989-08-09 00:00:00-04:00,0.0,4.217140197753906,4.217140197753906,4.217140197753906,3100,0.0,0.0
1989-08-10 00:00:00-04:00,4.217140197753906,4.217140197753906,4.217140197753906,4.217140197753906,0,0.0,0.0
1989-08-11 00:00:00-04:00,0.0,4.703733691462764,4.379338264465332,4.379338264465332,1500,0.0,0.0
1989-08-14 00:00:00-04:00,0.0,4.703733691462764,4.379338264465332,4.379338264465332,800,0.0,0.0
1989-08-15 00:00:00-04:00,0.0,4.865931510925293,4.379338359832763,4.865931510925293,1500,0.0,0.0
1989-08-16 00:00:00-04:00,0.0,4.865931510925293,4.865931510925293,4.865931510925293,500,0.0,0.0
1989-08-17 00:00:00-04:00,0.0,4.865931510925293,4.865931510925293,4.865931510925293,600,0.0,0.0
1989-08-18 00:00:00-04:00,0.0,4.86593140496148,4.379338264465332,4.379338264465332,900,0.0,0.0
1989-08-21 00:00:00-04:00,0.0,5.028127670288086,4.37933700315414,5.028127670288086,200,0.0,0.0
1989-08-22 00:00:00-04:00,0.0,5.028127670288086,5.028127670288086,5.028127670288086,100,0.0,0.0
1989-08-23 00:00:00-04:00,0.0,5.028127670288086,5.028127670288086,5.028127670288086,400,0.0,0.0
1989-08-24 00:00:00-04:00,0.0,5.028127670288086,4.541534669937627,5.028127670288086,4800,0.0,0.0
1989-08-25 00:00:00-04:00,0.0,5.028128453663417,4.541535377502441,4.541535377502441,900,0.0,0.0
1989-08-28 00:00:00-04:00,0.0,5.035321235656738,5.035321235656738,5.035321235656738,200,0.01,0.0
1989-08-29 00:00:00-04:00,0.0,5.035321235656738,4.710461801098239,5.035321235656738,6100,0.0,0.0
1989-08-30 00:00:00-04:00,0.0,5.035322125752766,4.710462633768717,4.872892379760742,2000,0.0,0.0
1989-08-31 00:00:00-04:00,0.0,5.035321235656738,4.710461801098239,5.035321235656738,3200,0.0,0.0
1989-09-01 00:00:00-04:00,5.035321235656738,5.035321235656738,5.035321235656738,5.035321235656738,0,0.0,0.0
1989-09-05 00:00:00-04:00,0.0,5.035321235656738,5.035321235656738,5.035321235656738,1400,0.0,0.0
1989-09-06 00:00:00-04:00,0.0,5.035321038344811,4.710461616516113,4.710461616516113,2800,0.0,0.0
1989-09-07 00:00:00-04:00,0.0,5.035321038344811,4.710461616516113,4.710461616516113,1300,0.0,0.0
1989-09-08 00:00:00-04:00,0.0,5.035321235656738,5.035321235656738,5.035321235656738,600,0.0,0.0
1989-09-11 00:00:00-04:00,0.0,5.035321235656738,5.035321235656738,5.035321235656738,1800,0.0,0.0
1989-09-12 00:00:00-04:00,0.0,5.035321235656738,4.710461801098239,5.035321235656738,12700,0.0,0.0
1989-09-13 00:00:00-04:00,5.035321235656738,5.035321235656738,5.035321235656738,5.035321235656738,0,0.0,0.0
1989-09-14 00:00:00-04:00,0.0,5.035321235656738,5.035321235656738,5.035321235656738,800,0.0,0.0
1989-09-15 00:00:00-04:00,0.0,5.035322125752766,4.872892379760742,4.872892379760742,800,0.0,0.0
1989-09-18 00:00:00-04:00,0.0,5.035321235656738,4.710461801098239,5.035321235656738,600,0.0,0.0
1989-09-19 00:00:00-04:00,0.0,4.954106182887637,4.710461616516113,4.710461616516113,2500,0.0,0.0
1989-09-20 00:00:00-04:00,0.0,5.035321235656738,4.710461801098239,5.035321235656738,2100,0.0,0.0
1989-09-21 00:00:00-04:00,0.0,5.035323094513457,4.710463540028718,4.791678428649902,12800,0.0,0.0
1989-09-22 00:00:00-04:00,0.0,5.197752871755826,4.791678428649902,4.791678428649902,7600,0.0,0.0
1989-09-25 00:00:00-04:00,0.0,5.197750091552734,5.197750091552734,5.197750091552734,500,0.0,0.0
1989-09-26 00:00:00-04:00,0.0,5.035321235656738,5.035321235656738,5.035321235656738,500,0.0,0.0
1989-09-27 00:00:00-04:00,0.0,5.035322125752766,4.79167750676473,4.872892379760742,11100,0.0,0.0
1989-09-28 00:00:00-04:00,4.872892379760742,4.872892379760742,4.872892379760742,4.872892379760742,0,0.0,0.0
1989-09-29 00:00:00-04:00,4.872892379760742,4.872892379760742,4.872892379760742,4.872892379760742,0,0.0,0.0
1989-10-02 00:00:00-04:00,0.0,5.035321235656738,4.791676659737864,5.035321235656738,17300,0.0,0.0
1989-10-03 00:00:00-04:00,5.035321235656738,5.035321235656738,5.035321235656738,5.035321235656738,0,0.0,0.0
1989-10-04 00:00:00-04:00,0.0,5.197750091552734,4.8728907108306885,5.197750091552734,27800,0.0,0.0
1989-10-05 00:00:00-04:00,0.0,5.197750091552734,4.8728907108306885,5.197750091552734,1100,0.0,0.0
1989-10-06 00:00:00-04:00,0.0,5.197750091552734,5.197750091552734,5.197750091552734,600,0.0,0.0
1989-10-09 00:00:00-04:00,0.0,5.360183238983154,5.035323648741752,5.360183238983154,1600,0.0,0.0
1989-10-10 00:00:00-04:00,0.0,5.360183238983154,5.035323648741752,5.360183238983154,13100,0.0,0.0
1989-10-11 00:00:00-04:00,0.0,5.360183238983154,5.360183238983154,5.360183238983154,100,0.0,0.0
1989-10-12 00:00:00-04:00,0.0,5.360179781913757,5.035320401191711,5.197750091552734,3900,0.0,0.0
1989-10-13 00:00:00-04:00,0.0,5.360180670215238,5.035321235656738,5.035321235656738,21300,0.0,0.0
1989-10-16 00:00:00-04:00,0.0,5.197750091552734,4.8728907108306885,5.197750091552734,9000,0.0,0.0
1989-10-17 00:00:00-04:00,0.0,5.035321038344811,4.710461616516113,4.710461616516113,5600,0.0,0.0
1989-10-18 00:00:00-04:00,4.710461616516113,4.710461616516113,4.710461616516113,4.710461616516113,0,0.0,0.0
1989-10-19 00:00:00-04:00,4.710461616516113,4.710461616516113,4.710461616516113,4.710461616516113,0,0.0,0.0
1989-10-20 00:00:00-04:00,0.0,5.197750091552734,4.7104610204696655,5.197750091552734,2400,0.0,0.0
1989-10-23 00:00:00-04:00,0.0,5.035321235656738,5.035321235656738,5.035321235656738,200,0.0,0.0
1989-10-24 00:00:00-04:00,0.0,4.791678428649902,4.710463540028718,4.791678428649902,9000,0.0,0.0
1989-10-25 00:00:00-04:00,0.0,4.710461616516113,4.710461616516113,4.710461616516113,1000,0.0,0.0
1989-10-26 00:00:00-04:00,0.0,4.8728907108306885,4.548031330108643,4.548031330108643,800,0.0,0.0
1989-10-27 00:00:00-04:00,0.0,4.710461616516113,4.548031905601765,4.710461616516113,10000,0.0,0.0
1989-10-30 00:00:00-05:00,4.710461616516113,4.710461616516113,4.710461616516113,4.710461616516113,0,0.0,0.0
1989-10-31 00:00:00-05:00,4.710461616516113,4.710461616516113,4.710461616516113,4.710461616516113,0,0.0,0.0
1989-11-01 00:00:00-05:00,4.710461616516113,4.710461616516113,4.710461616516113,4.710461616516113,0,0.0,0.0
1989-11-02 00:00:00-05:00,4.710461616516113,4.710461616516113,4.710461616516113,4.710461616516113,0,0.0,0.0
1989-11-03 00:00:00-05:00,4.710461616516113,4.710461616516113,4.710461616516113,4.710461616516113,0,0.0,0.0
1989-11-06 00:00:00-05:00,4.710461616516113,4.710461616516113,4.710461616516113,4.710461616516113,0,0.0,0.0
1989-11-07 00:00:00-05:00,0.0,4.548031330108643,4.548031330108643,4.548031330108643,200,0.0,0.0
1989-11-08 00:00:00-05:00,0.0,4.548031330108643,4.548031330108643,4.548031330108643,200,0.0,0.0
1989-11-09 00:00:00-05:00,4.548031330108643,4.548031330108643,4.548031330108643,4.548031330108643,0,0.0,0.0
1989-11-10 00:00:00-05:00,4.548031330108643,4.548031330108643,4.548031330108643,4.548031330108643,0,0.0,0.0
1989-11-13 00:00:00-05:00,0.0,4.385601887336144,4.223172187805176,4.223172187805176,10200,0.0,0.0
1989-11-14 00:00:00-05:00,0.0,4.710461616516113,4.710461616516113,4.710461616516113,500,0.0,0.0
1989-11-15 00:00:00-05:00,0.0,4.223172187805176,4.223172187805176,4.223172187805176,200,0.0,0.0
1989-11-16 00:00:00-05:00,0.0,4.223172187805176,4.223172187805176,4.223172187805176,400,0.0,0.0
1989-11-17 00:00:00-05:00,0.0,4.223172187805176,4.223172187805176,4.223172187805176,4500,0.0,0.0
1989-11-20 00:00:00-05:00,0.0,4.223172187805176,4.223172187805176,4.223172187805176,800,0.0,0.0
1989-11-21 00:00:00-05:00,4.223172187805176,4.223172187805176,4.223172187805176,4.223172187805176,0,0.0,0.0
1989-11-22 00:00:00-05:00,0.0,4.548031330108643,4.304386794567108,4.548031330108643,400,0.0,0.0
1989-11-24 00:00:00-05:00,4.548031330108643,4.548031330108643,4.548031330108643,4.548031330108643,0,0.0,0.0
1989-11-27 00:00:00-05:00,4.548031330108643,4.548031330108643,4.548031330108643,4.548031330108643,0,0.0,0.0
1989-11-28 00:00:00-05:00,0.0,4.3043870375706605,4.060742488274208,4.223172187805176,8000,0.0,0.0
1989-11-29 00:00:00-05:00,0.0,4.060744285583496,4.060744285583496,4.060744285583496,300,0.0,0.0
1989-11-30 00:00:00-05:00,0.0,4.067250728607178,4.067250728607178,4.067250728607178,3100,0.01,0.0
1989-12-01 00:00:00-05:00,0.0,4.229941368103027,4.229941368103027,4.229941368103027,200,0.0,0.0
1989-12-04 00:00:00-05:00,0.0,3.9045605659484863,3.9045605659484863,3.9045605659484863,900,0.0,0.0
1989-12-05 00:00:00-05:00,0.0,3.9045605659484863,3.9045605659484863,3.9045605659484863,2800,0.0,0.0
1989-12-06 00:00:00-05:00,0.0,4.229941368103027,3.741871210244986,4.229941368103027,4900,0.0,0.0
1989-12-07 00:00:00-05:00,0.0,4.22994061311086,3.9045605659484863,3.9045605659484863,1500,0.0,0.0
1989-12-08 00:00:00-05:00,0.0,4.229940757751464,4.067250728607178,4.067250728607178,1200,0.0,0.0
1989-12-11 00:00:00-05:00,0.0,4.22994061311086,3.9045605659484863,3.9045605659484863,800,0.0,0.0
1989-12-12 00:00:00-05:00,3.9045605659484863,3.9045605659484863,3.9045605659484863,3.9045605659484863,0,0.0,0.0
1989-12-13 00:00:00-05:00,0.0,4.229941368103027,3.904561262864333,4.229941368103027,16900,0.0,0.0
1989-12-14 00:00:00-05:00,0.0,4.22994061311086,3.9045605659484863,3.9045605659484863,7600,0.0,0.0
1989-12-15 00:00:00-05:00,0.0,4.067250589529673,3.9045605659484863,3.9045605659484863,1400,0.0,0.0
1989-12-18 00:00:00-05:00,0.0,3.9045605659484863,3.9045605659484863,3.9045605659484863,400,0.0,0.0
1989-12-19 00:00:00-05:00,0.0,4.067250728607178,3.5791806411743163,4.067250728607178,1700,0.0,0.0
1989-12-20 00:00:00-05:00,0.0,3.741871595382691,3.741871595382691,3.7418715953826904,500,0.0,0.0
1989-12-21 00:00:00-05:00,0.0,4.067250728607178,3.7418706703186033,4.067250728607178,6600,0.0,0.0
1989-12-22 00:00:00-05:00,4.067250728607178,4.067250728607178,4.067250728607178,4.067250728607178,0,0.0,0.0
1989-12-26 00:00:00-05:00,4.067250728607178,4.067250728607178,4.067250728607178,4.067250728607178,0,0.0,0.0
1989-12-27 00:00:00-05:00,0.0,3.9859066994293877,3.741871595382691,3.7418715953826904,16800,0.0,0.0
1989-12-28 00:00:00-05:00,3.741871595382691,3.741871595382691,3.741871595382691,3.7418715953826904,0,0.0,0.0
1989-12-29 00:00:00-05:00,0.0,4.06725173411162,3.741871595382691,3.7418715953826904,14500,0.0,0.0
1990-01-02 00:00:00-05:00,0.0,3.741871595382691,3.741871595382691,3.7418715953826904,1000,0.0,0.0
1990-01-03 00:00:00-05:00,0.0,4.067250728607178,3.7418706703186033,4.067250728607178,1500,0.0,0.0
1990-01-04 00:00:00-05:00,4.067250728607178,4.067250728607178,4.067250728607178,4.067250728607178,0,0.0,0.0
1990-01-05 00:00:00-05:00,0.0,4.06725173411162,3.741871595382691,3.7418715953826904,3000,0.0,0.0
1990-01-08 00:00:00-05:00,0.0,4.06725173411162,3.741871595382691,3.7418715953826904,900,0.0,0.0
1990-01-09 00:00:00-05:00,0.0,3.741871595382691,3.741871595382691,3.7418715953826904,2000,0.0,0.0
1990-01-10 00:00:00-05:00,0.0,4.067250728607178,3.7418706703186033,4.067250728607178,200,0.0,0.0
1990-01-11 00:00:00-05:00,0.0,3.741871595382691,3.741871595382691,3.7418715953826904,900,0.0,0.0
1990-01-12 00:00:00-05:00,0.0,3.660526275634765,3.660526275634765,3.6605262756347656,3100,0.0,0.0
1990-01-15 00:00:00-05:00,0.0,4.067250728607178,4.067250728607178,4.067250728607178,100,0.0,0.0
1990-01-16 00:00:00-05:00,0.0,3.57918119430542,3.57918119430542,3.57918119430542,3100,0.0,0.0
1990-01-17 00:00:00-05:00,3.57918119430542,3.57918119430542,3.57918119430542,3.57918119430542,0,0.0,0.0
1990-01-18 00:00:00-05:00,3.57918119430542,3.57918119430542,3.57918119430542,3.57918119430542,0,0.0,0.0
1990-01-19 00:00:00-05:00,3.57918119430542,3.57918119430542,3.57918119430542,3.57918119430542,0,0.0,0.0
1990-01-22 00:00:00-05:00,0.0,3.57918119430542,3.57918119430542,3.57918119430542,100,0.0,0.0
1990-01-23 00:00:00-05:00,3.57918119430542,3.57918119430542,3.57918119430542,3.57918119430542,0,0.0,0.0
1990-01-24 00:00:00-05:00,0.0,3.57918119430542,3.57918119430542,3.57918119430542,3000,0.0,0.0
1990-01-25 00:00:00-05:00,3.57918119430542,3.57918119430542,3.57918119430542,3.57918119430542,0,0.0,0.0
1990-01-26 00:00:00-05:00,0.0,3.57918119430542,3.57918119430542,3.57918119430542,200,0.0,0.0
1990-01-29 00:00:00-05:00,3.57918119430542,3.57918119430542,3.57918119430542,3.57918119430542,0,0.0,0.0
1990-01-30 00:00:00-05:00,3.57918119430542,3.57918119430542,3.57918119430542,3.57918119430542,0,0.0,0.0
1990-01-31 00:00:00-05:00,0.0,3.741871595382691,3.741871595382691,3.7418715953826904,7500,0.0,0.0
1990-02-01 00:00:00-05:00,3.741871595382691,3.741871595382691,3.741871595382691,3.7418715953826904,0,0.0,0.0
1990-02-02 00:00:00-05:00,3.741871595382691,3.741871595382691,3.741871595382691,3.7418715953826904,0,0.0,0.0
1990-02-05 00:00:00-05:00,3.741871595382691,3.741871595382691,3.741871595382691,3.7418715953826904,0,0.0,0.0
1990-02-06 00:00:00-05:00,0.0,4.067250728607178,4.067250728607178,4.067250728607178,100,0.0,0.0
1990-02-07 00:00:00-05:00,4.067250728607178,4.067250728607178,4.067250728607178,4.067250728607178,0,0.0,0.0
1990-02-08 00:00:00-05:00,4.067250728607178,4.067250728607178,4.067250728607178,4.067250728607178,0,0.0,0.0
1990-02-09 00:00:00-05:00,4.067250728607178,4.067250728607178,4.067250728607178,4.067250728607178,0,0.0,0.0
1990-02-12 00:00:00-05:00,4.067250728607178,4.067250728607178,4.067250728607178,4.067250728607178,0,0.0,0.0
1990-02-13 00:00:00-05:00,4.067250728607178,4.067250728607178,4.067250728607178,4.067250728607178,0,0.0,0.0
1990-02-14 00:00:00-05:00,0.0,3.660526275634765,3.579181247287326,3.6605262756347656,31400,0.0,0.0
1990-02-15 00:00:00-05:00,3.660526275634765,3.660526275634765,3.660526275634765,3.6605262756347656,0,0.0,0.0
1990-02-16 00:00:00-05:00,3.660526275634765,3.660526275634765,3.660526275634765,3.6605262756347656,0,0.0,0.0
1990-02-20 00:00:00-05:00,3.660526275634765,3.660526275634765,3.660526275634765,3.6605262756347656,0,0.0,0.0
1990-02-21 00:00:00-05:00,0.0,3.57918119430542,3.57918119430542,3.57918119430542,3100,0.0,0.0
1990-02-22 00:00:00-05:00,0.0,3.9045605659484863,3.5791805187861123,3.9045605659484863,300,0.0,0.0
1990-02-23 00:00:00-05:00,0.0,3.741871595382691,3.741871595382691,3.7418715953826904,200,0.0,0.0
1990-02-26 00:00:00-05:00,3.741871595382691,3.741871595382691,3.741871595382691,3.7418715953826904,0,0.0,0.0
1990-02-27 00:00:00-05:00,0.0,3.57918119430542,3.57918119430542,3.57918119430542,1700,0.0,0.0
1990-02-28 00:00:00-05:00,0.0,3.57918119430542,3.57918119430542,3.57918119430542,1500,0.0,0.0
1990-03-01 00:00:00-05:00,0.0,3.57918119430542,3.57918119430542,3.57918119430542,1100,0.0,0.0
1990-03-02 00:00:00-05:00,0.0,3.57918119430542,3.57918119430542,3.57918119430542,400,0.0,0.0
1990-03-05 00:00:00-05:00,0.0,3.911673069000244,3.7486866911252337,3.911673069000244,7200,0.01,0.0
1990-03-06 00:00:00-05:00,0.0,4.074658393859863,3.5856993865966795,4.074658393859863,2300,0.0,0.0
1990-03-07 00:00:00-05:00,0.0,3.911673069000244,3.911673069000244,3.911673069000244,2000,0.0,0.0
1990-03-08 00:00:00-05:00,0.0,4.074658393859863,3.9116720581054687,4.074658393859863,1600,0.0,0.0
1990-03-09 00:00:00-05:00,0.0,3.585700035095215,3.585700035095215,3.585700035095215,1000,0.0,0.0
1990-03-12 00:00:00-05:00,0.0,3.9931659481742168,3.585700035095215,3.585700035095215,2800,0.0,0.0
1990-03-13 00:00:00-05:00,0.0,3.9931659698486333,3.585700054557956,3.993165969848633,38300,0.0,0.0
1990-03-14 00:00:00-05:00,0.0,4.074659446875254,3.5857003132502236,3.911673069000244,66300,0.0,0.0
1990-03-15 00:00:00-05:00,0.0,3.993166257937749,3.7486866911252337,3.911673069000244,5700,0.0,0.0
1990-03-16 00:00:00-05:00,0.0,4.074658393859863,3.9116720581054687,4.074658393859863,3500,0.0,0.0
1990-03-19 00:00:00-05:00,4.074658393859863,4.074658393859863,4.074658393859863,4.074658393859863,0,0.0,0.0
1990-03-20 00:00:00-05:00,4.074658393859863,4.074658393859863,4.074658393859863,4.074658393859863,0,0.0,0.0
1990-03-21 00:00:00-05:00,0.0,4.074658393859863,3.9116720581054687,4.074658393859863,4500,0.0,0.0
1990-03-22 00:00:00-05:00,4.074658393859863,4.074658393859863,4.074658393859863,4.074658393859863,0,0.0,0.0
1990-03-23 00:00:00-05:00,4.074658393859863,4.074658393859863,4.074658393859863,4.074658393859863,0,0.0,0.0
1990-03-26 00:00:00-05:00,4.074658393859863,4.074658393859863,4.074658393859863,4.074658393859863,0,0.0,0.0
1990-03-27 00:00:00-05:00,3.748685598373413,3.748685598373413,3.748685598373413,3.748685598373413,500,0.0,0.0
1990-03-28 00:00:00-05:00,4.074658393859863,4.074658393859863,4.074658393859863,4.074658393859863,500,0.0,0.0
1990-03-29 00:00:00-05:00,4.074658393859863,4.074658393859863,4.074658393859863,4.074658393859863,0,0.0,0.0
1990-03-30 00:00:00-05:00,3.748685598373413,3.748685598373413,3.748685598373413,3.748685598373413,1100,0.0,0.0
1990-04-02 00:00:00-04:00,3.748685598373413,3.748685598373413,3.748685598373413,3.748685598373413,100,0.0,0.0
1990-04-03 00:00:00-04:00,4.074659534529144,4.23764591591031,3.9116731531479783,4.156152725219727,7600,0.0,0.0
1990-04-04 00:00:00-04:00,4.237645824750264,4.237645824750264,3.911673069000244,3.911673069000244,1700,0.0,0.0
1990-04-05 00:00:00-04:00,4.074658259101536,4.074658259101536,3.748685598373413,3.748685598373413,1100,0.0,0.0
1990-04-06 00:00:00-04:00,4.074658393859863,4.074658393859863,4.074658393859863,4.074658393859863,200,0.0,0.0
1990-04-09 00:00:00-04:00,3.7486866911252337,3.911673069000244,3.7486866911252337,3.911673069000244,8700,0.0,0.0
1990-04-10 00:00:00-04:00,4.074658393859863,4.074658393859863,4.074658393859863,4.074658393859863,200,0.0,0.0
1990-04-11 00:00:00-04:00,4.074658393859863,4.074658393859863,4.074658393859863,4.074658393859863,0,0.0,0.0
1990-04-12 00:00:00-04:00,3.748685598373413,3.748685598373413,3.748685598373413,3.748685598373413,1000,0.0,0.0
1990-04-16 00:00:00-04:00,3.748685598373413,3.9116719287374746,3.748685598373413,3.748685598373413,3500,0.0,0.0
1990-04-17 00:00:00-04:00,4.074659255834726,4.237645626068115,3.9116728856013374,4.237645626068115,10600,0.0,0.0
1990-04-18 00:00:00-04:00,4.237645626068115,4.237645626068115,4.237645626068115,4.237645626068115,0,0.0,0.0
1990-04-19 00:00:00-04:00,4.237645626068115,4.237645626068115,4.237645626068115,4.237645626068115,0,0.0,0.0
1990-04-20 00:00:00-04:00,4.237645626068115,4.237645626068115,4.237645626068115,4.237645626068115,0,0.0,0.0
1990-04-23 00:00:00-04:00,3.9931663438385607,4.156152725219727,3.9931663438385607,4.156152725219727,10000,0.0,0.0
1990-04-24 00:00:00-04:00,3.911673069000244,3.911673069000244,3.911673069000244,3.911673069000244,500,0.0,0.0
1990-04-25 00:00:00-04:00,4.237645626068115,4.237645626068115,4.237645626068115,4.237645626068115,500,0.0,0.0
1990-04-26 00:00:00-04:00,4.074658393859863,4.074658393859863,4.074658393859863,4.074658393859863,500,0.0,0.0
1990-04-27 00:00:00-04:00,4.074658393859863,4.074658393859863,4.074658393859863,4.074658393859863,1700,0.0,0.0
1990-04-30 00:00:00-04:00,4.074658393859863,4.074658393859863,4.074658393859863,4.074658393859863,0,0.0,0.0
1990-05-01 00:00:00-04:00,4.074658393859863,4.074658393859863,4.074658393859863,4.074658393859863,1500,0.0,0.0
1990-05-02 00:00:00-04:00,4.074658393859863,4.237644729614257,4.074658393859863,4.074658393859863,5200,0.0,0.0
1990-05-03 00:00:00-04:00,4.074659255834726,4.237645626068115,4.074659255834726,4.237645626068115,2700,0.0,0.0
1990-05-04 00:00:00-04:00,3.911673069000244,3.911673069000244,3.911673069000244,3.911673069000244,200,0.0,0.0
1990-05-07 00:00:00-04:00,3.911673069000244,3.911673069000244,3.911673069000244,3.911673069000244,0,0.0,0.0
1990-05-08 00:00:00-04:00,3.911673069000244,3.911673069000244,3.911673069000244,3.911673069000244,0,0.0,0.0
1990-05-09 00:00:00-04:00,3.9116728856013374,4.237645626068115,3.9116728856013374,4.237645626068115,13700,0.0,0.0
1990-05-10 00:00:00-04:00,4.237645626068115,4.237645626068115,4.237645626068115,4.237645626068115,0,0.0,0.0
1990-05-11 00:00:00-04:00,3.911673069000244,3.911673069000244,3.911673069000244,3.911673069000244,3600,0.0,0.0
1990-05-14 00:00:00-04:00,3.911673069000244,3.911673069000244,3.911673069000244,3.911673069000244,2500,0.0,0.0
1990-05-15 00:00:00-04:00,4.074659152906769,4.074659152906769,3.9931659698486333,3.993165969848633,5800,0.0,0.0
1990-05-16 00:00:00-04:00,3.911673069000244,3.911673069000244,3.911673069000244,3.911673069000244,3000,0.0,0.0
1990-05-17 00:00:00-04:00,3.911673069000244,3.911673069000244,3.911673069000244,3.911673069000244,500,0.0,0.0
1990-05-18 00:00:00-04:00,3.911673069000244,3.911673069000244,3.911673069000244,3.911673069000244,0,0.0,0.0
1990-05-21 00:00:00-04:00,3.911673069000244,4.156152635812759,3.911673069000244,3.911673069000244,10500,0.0,0.0
1990-05-22 00:00:00-04:00,3.9116720581054687,4.4006310653686525,3.9116720581054687,4.074658393859863,16500,0.0,0.0
1990-05-23 00:00:00-04:00,3.9931651221381297,4.400630950927734,3.9931651221381297,4.400630950927734,4400,0.0,0.0
1990-05-24 00:00:00-04:00,4.074659446875254,4.074659446875254,3.911673069000244,3.911673069000244,2900,0.0,0.0
1990-05-25 00:00:00-04:00,3.918203466078814,4.16309118270874,3.918203466078814,4.16309118270874,4500,0.01,0.0
1990-05-29 00:00:00-04:00,4.081459398622866,4.407976150512695,4.081459398622866,4.407976150512695,1700,0.0,0.0
1990-05-30 00:00:00-04:00,4.081461114703484,4.407978003879763,4.081461114703484,4.326348781585693,3900,0.0,0.0
1990-05-31 00:00:00-04:00,4.2447183813367575,4.571235179901123,4.2447183813367575,4.571235179901123,4400,0.0,0.0
1990-06-01 00:00:00-04:00,4.571237169463059,4.734495639801025,4.407978699125093,4.734495639801025,3700,0.0,0.0
1990-06-04 00:00:00-04:00,4.244719982147217,4.244719982147217,4.244719982147217,4.244719982147217,600,0.0,0.0
1990-06-05 00:00:00-04:00,4.489607226173833,4.489607226173833,4.244719559291624,4.326348781585693,4200,0.0,0.0
1990-06-06 00:00:00-04:00,4.734495639801025,4.734495639801025,4.244720228787126,4.734495639801025,7400,0.0,0.0
1990-06-07 00:00:00-04:00,4.734495112770482,4.734495112770482,4.407978208441484,4.652865886688232,3700,0.0,0.0
1990-06-08 00:00:00-04:00,4.652865886688232,4.652865886688232,4.652865886688232,4.652865886688232,0,0.0,0.0
1990-06-11 00:00:00-04:00,4.652865886688232,4.652865886688232,4.652865886688232,4.652865886688232,0,0.0,0.0
1990-06-12 00:00:00-04:00,4.734495639801025,4.734495639801025,4.734495639801025,4.734495639801025,1000,0.0,0.0
1990-06-13 00:00:00-04:00,4.734495639801025,4.734495639801025,4.734495639801025,4.734495639801025,0,0.0,0.0
1990-06-14 00:00:00-04:00,4.7344952583312985,4.897753715515137,4.571236801147461,4.897753715515137,5400,0.0,0.0
1990-06-15 00:00:00-04:00,4.40797678061894,5.061010377747672,4.40797678061894,4.571235179901123,29000,0.0,0.0
1990-06-18 00:00:00-04:00,4.8977519784654895,4.8977519784654895,4.571235179901123,4.571235179901123,1200,0.0,0.0
1990-06-19 00:00:00-04:00,4.571235179901123,4.571235179901123,4.571235179901123,4.571235179901123,200,0.0,0.0
1990-06-20 00:00:00-04:00,4.897753667023223,4.897753667023223,4.816124439239502,4.816124439239502,1600,0.0,0.0
1990-06-21 00:00:00-04:00,4.8977519784654895,4.8977519784654895,4.571235179901123,4.571235179901123,2200,0.0,0.0
1990-06-22 00:00:00-04:00,4.8977519784654895,4.8977519784654895,4.571235179901123,4.571235179901123,1900,0.0,0.0
1990-06-25 00:00:00-04:00,4.571235179901123,4.571235179901123,4.571235179901123,4.571235179901123,7400,0.0,0.0
1990-06-26 00:00:00-04:00,4.897753715515137,4.897753715515137,4.571236801147461,4.897753715515137,2800,0.0,0.0
1990-06-27 00:00:00-04:00,4.897753715515137,4.897753715515137,4.897753715515137,4.897753715515137,0,0.0,0.0
1990-06-28 00:00:00-04:00,4.897753715515137,4.897753715515137,4.897753715515137,4.897753715515137,300,0.0,0.0
1990-06-29 00:00:00-04:00,4.897753715515137,4.897753715515137,4.897753715515137,4.897753715515137,3200,0.0,0.0
1990-07-02 00:00:00-04:00,4.571235179901123,4.734493579183306,4.571235179901123,4.571235179901123,4900,0.0,0.0
1990-07-03 00:00:00-04:00,4.571235179901123,4.571235179901123,4.571235179901123,4.571235179901123,2500,0.0,0.0
1990-07-05 00:00:00-04:00,4.571235179901123,4.571235179901123,4.571235179901123,4.571235179901123,0,0.0,0.0
1990-07-06 00:00:00-04:00,4.407976150512695,4.407976150512695,4.407976150512695,4.407976150512695,1900,0.0,0.0
1990-07-09 00:00:00-04:00,4.407976150512695,4.407976150512695,4.407976150512695,4.407976150512695,0,0.0,0.0
1990-07-10 00:00:00-04:00,4.734492902402525,4.734492902402525,4.407976150512695,4.407976150512695,600,0.0,0.0
1990-07-11 00:00:00-04:00,4.734492902402525,4.734492902402525,4.407976150512695,4.407976150512695,2300,0.0,0.0
1990-07-12 00:00:00-04:00,4.734492902402525,4.734492902402525,4.407976150512695,4.407976150512695,2000,0.0,0.0
1990-07-13 00:00:00-04:00,4.734495639801025,4.734495639801025,4.734495639801025,4.734495639801025,1300,0.0,0.0
1990-07-16 00:00:00-04:00,4.407976150512695,4.407976150512695,4.407976150512695,4.407976150512695,1700,0.0,0.0
1990-07-17 00:00:00-04:00,4.407976150512695,4.652863714430067,4.407976150512695,4.407976150512695,3400,0.0,0.0
1990-07-18 00:00:00-04:00,4.734492902402525,4.734492902402525,4.407976150512695,4.407976150512695,2000,0.0,0.0
1990-07-19 00:00:00-04:00,4.407976150512695,4.407976150512695,4.407976150512695,4.407976150512695,3500,0.0,0.0
1990-07-20 00:00:00-04:00,4.734495639801025,4.734495639801025,4.734495639801025,4.734495639801025,1000,0.0,0.0
1990-07-23 00:00:00-04:00,4.734492902402525,4.734492902402525,4.407976150512695,4.407976150512695,300,0.0,0.0
1990-07-24 00:00:00-04:00,4.407976150512695,4.407976150512695,4.407976150512695,4.407976150512695,2000,0.0,0.0
1990-07-25 00:00:00-04:00,4.734492902402525,4.734492902402525,4.407976150512695,4.407976150512695,2000,0.0,0.0
1990-07-26 00:00:00-04:00,4.734495364702664,4.734495364702664,4.244719982147217,4.244719982147217,1400,0.0,0.0
1990-07-27 00:00:00-04:00,4.244719982147217,4.244719982147217,4.244719982147217,4.244719982147217,0,0.0,0.0
1990-07-30 00:00:00-04:00,4.652866404632042,4.734495639801025,4.407978699125093,4.734495639801025,8200,0.0,0.0
1990-07-31 00:00:00-04:00,4.571236660605983,4.652865886688232,4.571236660605983,4.652865886688232,1500,0.0,0.0
1990-08-01 00:00:00-04:00,4.244719982147217,4.734495364702664,4.244719982147217,4.244719982147217,12600,0.0,0.0
1990-08-02 00:00:00-04:00,4.244719982147217,4.244719982147217,4.244719982147217,4.244719982147217,0,0.0,0.0
1990-08-03 00:00:00-04:00,4.244719982147217,4.244719982147217,4.244719982147217,4.244719982147217,3400,0.0,0.0
1990-08-06 00:00:00-04:00,4.081462383270264,4.081462383270264,4.081462383270264,4.081462383270264,1000,0.0,0.0
1990-08-07 00:00:00-04:00,3.918203887939453,4.081462383270264,3.918203887939453,4.081462383270264,6200,0.0,0.0
1990-08-08 00:00:00-04:00,3.7549426467330367,4.407976150512695,3.7549426467330367,4.407976150512695,300,0.0,0.0
1990-08-09 00:00:00-04:00,3.7549452781677246,3.7549452781677246,3.7549452781677246,3.7549452781677246,100,0.0,0.0
1990-08-10 00:00:00-04:00,3.7549452781677246,3.7549452781677246,3.7549452781677246,3.7549452781677246,1400,0.0,0.0
1990-08-13 00:00:00-04:00,3.7549452781677246,3.7549452781677246,3.7549452781677246,3.7549452781677246,0,0.0,0.0
1990-08-14 00:00:00-04:00,3.7549452781677246,3.7549452781677246,3.7549452781677246,3.7549452781677246,0,0.0,0.0
1990-08-15 00:00:00-04:00,4.244719982147217,4.244719982147217,4.244719982147217,4.244719982147217,800,0.0,0.0
1990-08-16 00:00:00-04:00,4.244719982147217,4.244719982147217,4.244719982147217,4.244719982147217,0,0.0,0.0
1990-08-17 00:00:00-04:00,4.244719982147217,4.244719982147217,4.244719982147217,4.244719982147217,0,0.0,0.0
1990-08-20 00:00:00-04:00,3.7549453926086427,4.081462383270264,3.591686897277832,4.081462383270264,4600,0.0,0.0
1990-08-21 00:00:00-04:00,4.081462383270264,4.081462383270264,4.081462383270264,4.081462383270264,0,0.0,0.0
1990-08-22 00:00:00-04:00,4.081462383270264,4.081462383270264,4.081462383270264,4.081462383270264,1000,0.0,0.0
1990-08-23 00:00:00-04:00,3.5916854725327605,3.5916854725327605,3.4284270419630896,3.510056257247925,5200,0.0,0.0
1990-08-24 00:00:00-04:00,3.7549452781677246,3.7549452781677246,3.7549452781677246,3.7549452781677246,700,0.0,0.0
1990-08-27 00:00:00-04:00,3.7549452781677246,3.7549452781677246,3.5916867878126064,3.7549452781677246,2000,0.0,0.0
1990-08-28 00:00:00-04:00,4.081462038324235,4.081462038324235,3.8365743160247803,3.8365743160247803,1200,0.0,0.0
1990-08-29 00:00:00-04:00,3.9182037685228432,3.9182037685228432,3.7549452781677246,3.7549452781677246,1300,0.0,0.0
1990-08-30 00:00:00-04:00,3.918203353881836,3.918203353881836,3.918203353881836,3.918203353881836,600,0.0,0.0
1990-08-31 00:00:00-04:00,3.918203353881836,3.918203353881836,3.918203353881836,3.918203353881836,1000,0.0,0.0
1990-09-04 00:00:00-04:00,3.918203353881836,3.918203353881836,3.918203353881836,3.918203353881836,0,0.0,0.0
1990-09-05 00:00:00-04:00,3.9182008396495474,3.9182008396495474,3.591684103012085,3.591684103012085,2200,0.0,0.0
1990-09-06 00:00:00-04:00,3.918203353881836,3.918203353881836,3.918203353881836,3.918203353881836,1000,0.0,0.0
1990-09-07 00:00:00-04:00,3.591684103012085,3.9182008396495474,3.591684103012085,3.591684103012085,6100,0.0,0.0
1990-09-10 00:00:00-04:00,3.4284279346466064,3.4284279346466064,3.4284279346466064,3.4284279346466064,400,0.0,0.0
1990-09-11 00:00:00-04:00,3.4284279346466064,3.4284279346466064,3.4284279346466064,3.4284279346466064,500,0.0,0.0
1990-09-12 00:00:00-04:00,3.4284279346466064,3.4284279346466064,3.4284279346466064,3.4284279346466064,0,0.0,0.0
1990-09-13 00:00:00-04:00,3.4284279346466064,3.4284279346466064,3.2651694615681963,3.4284279346466064,9500,0.0,0.0
1990-09-14 00:00:00-04:00,3.4284279346466064,3.4284279346466064,3.4284279346466064,3.4284279346466064,0,0.0,0.0
1990-09-17 00:00:00-04:00,3.434969663619995,3.434969663619995,3.434969663619995,3.434969663619995,0,0.01,0.0
1990-09-18 00:00:00-04:00,3.107830286026001,3.762110346242001,3.107830286026001,3.107830286026001,900,0.0,0.0
1990-09-19 00:00:00-04:00,3.680325984954834,3.680325984954834,3.680325984954834,3.680325984954834,800,0.0,0.0
1990-09-20 00:00:00-04:00,3.680325984954834,3.680325984954834,3.680325984954834,3.680325984954834,0,0.0,0.0
1990-09-21 00:00:00-04:00,3.271400213241577,3.271400213241577,3.271400213241577,3.271400213241577,5000,0.0,0.0
1990-09-24 00:00:00-04:00,3.27140136198564,3.598541498184204,3.27140136198564,3.598541498184204,800,0.0,0.0
1990-09-25 00:00:00-04:00,3.7621102452278135,3.7621102452278135,3.271400213241577,3.271400213241577,2500,0.0,0.0
1990-09-26 00:00:00-04:00,3.434970223903656,3.5985402345657347,3.271400213241577,3.271400213241577,800,0.0,0.0
1990-09-27 00:00:00-04:00,3.2714007450984073,3.2714007450984073,3.1896157264709473,3.1896157264709473,2400,0.0,0.0
1990-09-28 00:00:00-04:00,3.1896157264709473,3.1896157264709473,3.1896157264709473,3.1896157264709473,0,0.0,0.0
1990-10-01 00:00:00-04:00,3.1896157264709473,3.1896157264709473,3.1896157264709473,3.1896157264709473,0,0.0,0.0
1990-10-02 00:00:00-04:00,3.1896157264709473,3.1896157264709473,3.1896157264709473,3.1896157264709473,0,0.0,0.0
1990-10-03 00:00:00-04:00,3.1896157264709473,3.1896157264709473,3.1896157264709473,3.1896157264709473,0,0.0,0.0
1990-10-04 00:00:00-04:00,3.1896157264709473,3.1896157264709473,3.1896157264709473,3.1896157264709473,0,0.0,0.0
1990-10-05 00:00:00-04:00,3.107830286026001,3.107830286026001,3.107830286026001,3.107830286026001,1600,0.0,0.0
1990-10-08 00:00:00-04:00,3.271400213241577,3.271400213241577,3.271400213241577,3.271400213241577,100,0.0,0.0
1990-10-09 00:00:00-04:00,3.107830286026001,3.107830286026001,3.107830286026001,3.107830286026001,1200,0.0,0.0
1990-10-10 00:00:00-04:00,3.107830286026001,3.107830286026001,3.107830286026001,3.107830286026001,0,0.0,0.0
1990-10-11 00:00:00-04:00,3.107830286026001,3.107830286026001,3.107830286026001,3.107830286026001,0,0.0,0.0
1990-10-12 00:00:00-04:00,3.107830286026001,3.107830286026001,3.107830286026001,3.107830286026001,1000,0.0,0.0
1990-10-15 00:00:00-04:00,3.107830286026001,3.107830286026001,3.107830286026001,3.107830286026001,0,0.0,0.0
1990-10-16 00:00:00-04:00,3.271400213241577,3.271400213241577,3.271400213241577,3.271400213241577,800,0.0,0.0
1990-10-17 00:00:00-04:00,3.271400213241577,3.271400213241577,3.271400213241577,3.271400213241577,0,0.0,0.0
1990-10-18 00:00:00-04:00,3.271400213241577,3.271400213241577,3.271400213241577,3.271400213241577,0,0.0,0.0
1990-10-19 00:00:00-04:00,3.271400213241577,3.271400213241577,3.271400213241577,3.271400213241577,0,0.0,0.0
1990-10-22 00:00:00-04:00,3.271400213241577,3.271400213241577,3.271400213241577,3.271400213241577,0,0.0,0.0
1990-10-23 00:00:00-04:00,3.434969663619995,3.434969663619995,3.2713996796380904,3.434969663619995,12000,0.0,0.0
1990-10-24 00:00:00-04:00,3.271400213241577,3.271400213241577,3.271400213241577,3.271400213241577,200,0.0,0.0
1990-10-25 00:00:00-04:00,3.271400213241577,3.271400213241577,3.271400213241577,3.271400213241577,500,0.0,0.0
1990-10-26 00:00:00-04:00,3.271400213241577,3.271400213241577,3.271400213241577,3.271400213241577,1600,0.0,0.0
1990-10-29 00:00:00-05:00,3.271400213241577,3.271400213241577,3.271400213241577,3.271400213241577,0,0.0,0.0
1990-10-30 00:00:00-05:00,3.3531852185726163,3.5167552292346955,3.271400213241577,3.271400213241577,9900,0.0,0.0
1990-10-31 00:00:00-05:00,3.271400213241577,3.271400213241577,3.271400213241577,3.271400213241577,0,0.0,0.0
1990-11-01 00:00:00-05:00,3.271400213241577,3.271400213241577,3.271400213241577,3.271400213241577,0,0.0,0.0
1990-11-02 00:00:00-05:00,3.598541498184204,3.598541498184204,3.598541498184204,3.598541498184204,300,0.0,0.0
1990-11-05 00:00:00-05:00,3.271400213241577,3.271400213241577,3.271400213241577,3.271400213241577,200,0.0,0.0
1990-11-06 00:00:00-05:00,3.271400213241577,3.271400213241577,3.271400213241577,3.271400213241577,0,0.0,0.0
1990-11-07 00:00:00-05:00,3.271400213241577,3.5985402345657347,3.271400213241577,3.271400213241577,600,0.0,0.0
1990-11-08 00:00:00-05:00,3.271400213241577,3.271400213241577,3.271400213241577,3.271400213241577,0,0.0,0.0
1990-11-09 00:00:00-05:00,3.27140136198564,3.598541498184204,3.27140136198564,3.598541498184204,900,0.0,0.0
1990-11-12 00:00:00-05:00,3.271400213241577,3.5985402345657347,3.271400213241577,3.271400213241577,2400,0.0,0.0
1990-11-13 00:00:00-05:00,3.271400213241577,3.271400213241577,3.271400213241577,3.271400213241577,0,0.0,0.0
1990-11-14 00:00:00-05:00,3.5985402345657347,3.5985402345657347,3.271400213241577,3.271400213241577,500,0.0,0.0
1990-11-15 00:00:00-05:00,3.271400213241577,3.271400213241577,3.271400213241577,3.271400213241577,0,0.0,0.0
1990-11-16 00:00:00-05:00,3.271400213241577,3.271400213241577,3.271400213241577,3.271400213241577,2900,0.0,0.0
1990-11-19 00:00:00-05:00,3.271400301080001,3.271400301080001,3.107830286026001,3.107830286026001,4100,0.0,0.0
1990-11-20 00:00:00-05:00,3.107830286026001,3.107830286026001,3.107830286026001,3.107830286026001,0,0.0,0.0
1990-11-21 00:00:00-05:00,3.107830286026001,3.107830286026001,3.107830286026001,3.107830286026001,0,0.0,0.0
1990-11-23 00:00:00-05:00,3.4349714300849223,3.598541498184204,3.1078312938863584,3.598541498184204,2600,0.0,0.0
1990-11-26 00:00:00-05:00,3.598541498184204,3.598541498184204,3.598541498184204,3.598541498184204,0,0.0,0.0
1990-11-27 00:00:00-05:00,3.598540331188001,3.598540331188001,3.107830286026001,3.107830286026001,2100,0.0,0.0
1990-11-28 00:00:00-05:00,3.107830286026001,3.107830286026001,3.107830286026001,3.107830286026001,0,0.0,0.0
1990-11-29 00:00:00-05:00,3.516756534576416,3.516756534576416,3.516756534576416,3.516756534576416,300,0.0,0.0
1990-11-30 00:00:00-05:00,3.107830286026001,3.271400301080001,3.107830286026001,3.107830286026001,13300,0.0,0.0
1990-12-03 00:00:00-05:00,3.107830286026001,3.107830286026001,3.107830286026001,3.107830286026001,0,0.0,0.0
1990-12-04 00:00:00-05:00,3.107830286026001,3.107830286026001,3.107830286026001,3.107830286026001,2400,0.0,0.0
1990-12-05 00:00:00-05:00,3.598541498184204,3.598541498184204,3.598541498184204,3.598541498184204,100,0.0,0.0
1990-12-06 00:00:00-05:00,3.113492087884383,3.6050961017608643,3.113492087884383,3.6050961017608643,1400,0.01,0.0
1990-12-07 00:00:00-05:00,3.1134915351867676,3.277359510722913,3.1134915351867676,3.1134915351867676,2400,0.0,0.0
1990-12-10 00:00:00-05:00,3.1134915351867676,3.1134915351867676,3.1134915351867676,3.1134915351867676,300,0.0,0.0
1990-12-11 00:00:00-05:00,3.1134915351867676,3.1134915351867676,3.1134915351867676,3.1134915351867676,0,0.0,0.0
1990-12-12 00:00:00-05:00,3.1134919643402097,3.277359962463379,3.1134919643402097,3.277359962463379,10500,0.0,0.0
1990-12-13 00:00:00-05:00,3.1134915351867676,3.1134915351867676,3.1134915351867676,3.1134915351867676,700,0.0,0.0
1990-12-14 00:00:00-05:00,3.1134915351867676,3.1134915351867676,3.1134915351867676,3.1134915351867676,1200,0.0,0.0
1990-12-17 00:00:00-05:00,3.113492087884383,3.6050961017608643,3.113492087884383,3.6050961017608643,10500,0.0,0.0
1990-12-18 00:00:00-05:00,3.113492087884383,3.6050961017608643,3.113492087884383,3.6050961017608643,700,0.0,0.0
1990-12-19 00:00:00-05:00,3.6050959587097164,3.6050959587097164,3.277359962463379,3.277359962463379,400,0.0,0.0
1990-12-20 00:00:00-05:00,3.1134915351867676,3.1134915351867676,3.1134915351867676,3.1134915351867676,600,0.0,0.0
1990-12-21 00:00:00-05:00,3.113492087884383,3.6050961017608643,3.113492087884383,3.6050961017608643,500,0.0,0.0
1990-12-24 00:00:00-05:00,3.1134915351867676,3.1134915351867676,3.1134915351867676,3.1134915351867676,100,0.0,0.0
1990-12-26 00:00:00-05:00,3.1134915351867676,3.277359510722913,3.1134915351867676,3.1134915351867676,2900,0.0,0.0
1990-12-27 00:00:00-05:00,3.1134915351867676,3.1134915351867676,3.1134915351867676,3.1134915351867676,1000,0.0,0.0
1990-12-28 00:00:00-05:00,3.1134915351867676,3.1134915351867676,3.1134915351867676,3.1134915351867676,0,0.0,0.0
1990-12-31 00:00:00-05:00,3.1134915351867676,3.1134915351867676,3.1134915351867676,3.1134915351867676,0,0.0,0.0
1991-01-02 00:00:00-05:00,3.6050943979402867,3.6050943979402867,3.359292507171631,3.359292507171631,2200,0.0,0.0
1991-01-03 00:00:00-05:00,3.277360092509877,3.6050961017608643,3.1954260901971296,3.6050961017608643,11300,0.0,0.0
1991-01-04 00:00:00-05:00,3.6050961017608643,3.6050961017608643,3.6050961017608643,3.6050961017608643,0,0.0,0.0
1991-01-07 00:00:00-05:00,3.6050961017608643,3.6050961017608643,3.6050961017608643,3.6050961017608643,0,0.0,0.0
1991-01-08 00:00:00-05:00,3.359292507171631,3.359292507171631,3.359292507171631,3.359292507171631,3900,0.0,0.0
1991-01-09 00:00:00-05:00,3.359292507171631,3.359292507171631,3.359292507171631,3.359292507171631,0,0.0,0.0
1991-01-10 00:00:00-05:00,3.1134915351867676,3.1134915351867676,3.1134915351867676,3.1134915351867676,300,0.0,0.0
1991-01-11 00:00:00-05:00,3.1134915351867676,3.1134915351867676,3.1134915351867676,3.1134915351867676,0,0.0,0.0
1991-01-14 00:00:00-05:00,3.1134915351867676,3.1134915351867676,3.1134915351867676,3.1134915351867676,0,0.0,0.0
1991-01-15 00:00:00-05:00,3.1134915351867676,3.1134915351867676,3.1134915351867676,3.1134915351867676,3800,0.0,0.0
1991-01-16 00:00:00-05:00,3.1134915351867676,3.1134915351867676,3.1134915351867676,3.1134915351867676,0,0.0,0.0
1991-01-17 00:00:00-05:00,3.19542552295484,3.19542552295484,3.1134915351867676,3.1134915351867676,3500,0.0,0.0
1991-01-18 00:00:00-05:00,3.1134915351867676,3.1134915351867676,3.1134915351867676,3.1134915351867676,0,0.0,0.0
1991-01-21 00:00:00-05:00,3.1134915351867676,3.1134915351867676,3.1134915351867676,3.1134915351867676,1100,0.0,0.0
1991-01-22 00:00:00-05:00,3.1134915351867676,3.1134915351867676,3.1134915351867676,3.1134915351867676,0,0.0,0.0
1991-01-23 00:00:00-05:00,3.6050951786530323,3.6050951786530323,3.195425271987915,3.195425271987915,2900,0.0,0.0
1991-01-24 00:00:00-05:00,3.113492087884383,3.6050961017608643,3.113492087884383,3.6050961017608643,300,0.0,0.0
1991-01-25 00:00:00-05:00,3.6050961017608643,3.6050961017608643,3.6050961017608643,3.6050961017608643,0,0.0,0.0
1991-01-28 00:00:00-05:00,3.1134919643402097,3.6050959587097164,3.1134919643402097,3.277359962463379,3000,0.0,0.0
1991-01-29 00:00:00-05:00,3.277359962463379,3.277359962463379,3.277359962463379,3.277359962463379,0,0.0,0.0
1991-01-30 00:00:00-05:00,3.277359962463379,3.277359962463379,3.277359962463379,3.277359962463379,0,0.0,0.0
1991-01-31 00:00:00-05:00,3.277359962463379,3.277359962463379,3.277359962463379,3.277359962463379,0,0.0,0.0
1991-02-01 00:00:00-05:00,3.277359962463379,3.277359962463379,3.277359962463379,3.277359962463379,0,0.0,0.0
1991-02-04 00:00:00-05:00,3.1134915351867676,3.1134915351867676,3.1134915351867676,3.1134915351867676,8200,0.0,0.0
1991-02-05 00:00:00-05:00,3.6050954617952042,3.6050954617952042,3.1134915351867676,3.1134915351867676,1500,0.0,0.0
1991-02-06 00:00:00-05:00,3.1134915351867676,3.1134915351867676,3.1134915351867676,3.1134915351867676,3100,0.0,0.0
1991-02-07 00:00:00-05:00,3.1134915351867676,3.1134915351867676,3.1134915351867676,3.1134915351867676,1200,0.0,0.0
1991-02-08 00:00:00-05:00,3.1134912740616567,3.4412271976470947,3.1134912740616567,3.4412271976470947,2900,0.0,0.0
1991-02-11 00:00:00-05:00,3.4412271976470947,3.4412271976470947,3.4412271976470947,3.4412271976470947,0,0.0,0.0
1991-02-12 00:00:00-05:00,3.1134915351867676,3.1134915351867676,3.1134915351867676,3.1134915351867676,2000,0.0,0.0
1991-02-13 00:00:00-05:00,3.19542552295484,3.19542552295484,3.1134915351867676,3.1134915351867676,2900,0.0,0.0
1991-02-14 00:00:00-05:00,3.4412271976470947,3.4412271976470947,3.1134912740616567,3.4412271976470947,45000,0.0,0.0
1991-02-15 00:00:00-05:00,3.441227486259059,3.441227486259059,3.1134915351867676,3.1134915351867676,3900,0.0,0.0
1991-02-19 00:00:00-05:00,3.6050961017608643,3.6050961017608643,3.6050961017608643,3.6050961017608643,200,0.0,0.0
1991-02-20 00:00:00-05:00,3.6050961017608643,3.6050961017608643,3.277360092509877,3.6050961017608643,4500,0.0,0.0
1991-02-21 00:00:00-05:00,3.6870310306549072,3.6870310306549072,3.6870310306549072,3.6870310306549072,1000,0.0,0.0
1991-02-22 00:00:00-05:00,3.7689641761779784,4.096700191497803,3.441228160858154,4.096700191497803,22600,0.0,0.0
1991-02-25 00:00:00-05:00,4.431528073090774,4.431528073090774,4.267397403717041,4.267397403717041,400,0.01,0.0
1991-02-26 00:00:00-05:00,4.431523472070694,4.431523472070694,3.93913197517395,3.93913197517395,1700,0.0,0.0
1991-02-27 00:00:00-05:00,3.93913197517395,3.93913197517395,3.93913197517395,3.93913197517395,300,0.0,0.0
1991-02-28 00:00:00-05:00,3.939136064969577,4.267397403717041,3.939136064969577,4.267397403717041,11000,0.0,0.0
1991-03-01 00:00:00-05:00,3.93913197517395,3.93913197517395,3.93913197517395,3.93913197517395,1400,0.0,0.0
1991-03-04 00:00:00-05:00,4.267392973105113,4.267392973105113,3.93913197517395,3.93913197517395,2300,0.0,0.0
1991-03-05 00:00:00-05:00,4.431524753570557,4.431524753570557,4.431524753570557,4.431524753570557,200,0.0,0.0
1991-03-06 00:00:00-05:00,4.431523933410645,4.431523933410645,4.103262901306152,4.103262901306152,800,0.0,0.0
1991-03-07 00:00:00-05:00,4.103262474139532,4.431523472070694,3.93913197517395,3.93913197517395,2500,0.0,0.0
1991-03-08 00:00:00-05:00,3.93913197517395,3.93913197517395,3.93913197517395,3.93913197517395,1000,0.0,0.0
1991-03-11 00:00:00-05:00,3.93913197517395,4.431523472070694,3.93913197517395,3.93913197517395,10400,0.0,0.0
1991-03-12 00:00:00-05:00,3.9391331142849393,4.431524753570557,3.9391331142849393,4.431524753570557,400,0.0,0.0
1991-03-13 00:00:00-05:00,3.9391346844759854,3.9391346844759854,3.610873460769653,3.6108734607696533,5400,0.0,0.0
1991-03-14 00:00:00-05:00,3.610873460769653,3.610873460769653,3.610873460769653,3.6108734607696533,100,0.0,0.0
1991-03-15 00:00:00-05:00,3.93913197517395,3.93913197517395,3.7750014762083692,3.93913197517395,5000,0.0,0.0
1991-03-18 00:00:00-05:00,3.7750053299797903,3.9391359965006507,3.69293999671936,3.6929399967193604,2400,0.0,0.0
1991-03-19 00:00:00-05:00,3.69293999671936,3.69293999671936,3.69293999671936,3.6929399967193604,0,0.0,0.0
1991-03-20 00:00:00-05:00,3.69293999671936,3.69293999671936,3.69293999671936,3.6929399967193604,0,0.0,0.0
1991-03-21 00:00:00-05:00,3.610873460769653,3.9391346844759854,3.52880815484307,3.6108734607696533,40000,0.0,0.0
1991-03-22 00:00:00-05:00,3.5288071007955644,3.5288071007955644,3.446741819381714,3.446741819381714,1500,0.0,0.0
1991-03-25 00:00:00-05:00,3.446741819381714,3.446741819381714,3.446741819381714,3.446741819381714,500,0.0,0.0
1991-03-26 00:00:00-05:00,3.7750034332275395,3.9391340172809106,3.7750034332275395,3.775003433227539,3100,0.0,0.0
1991-03-27 00:00:00-05:00,3.610870977242788,3.93913197517395,3.610870977242788,3.93913197517395,14000,0.0,0.0
1991-03-28 00:00:00-05:00,3.93913197517395,3.93913197517395,3.93913197517395,3.93913197517395,0,0.0,0.0
1991-04-01 00:00:00-05:00,3.7750014762083692,3.93913197517395,3.7750014762083692,3.93913197517395,1700,0.0,0.0
1991-04-02 00:00:00-05:00,3.610873460769653,3.610873460769653,3.610873460769653,3.6108734607696533,100,0.0,0.0
1991-04-03 00:00:00-05:00,3.9391346844759854,3.9391346844759854,3.610873460769653,3.6108734607696533,1500,0.0,0.0
1991-04-04 00:00:00-05:00,3.610870977242788,3.93913197517395,3.610870977242788,3.93913197517395,600,0.0,0.0
1991-04-05 00:00:00-05:00,3.7750034332275395,3.7750034332275395,3.610872849174168,3.775003433227539,11400,0.0,0.0
1991-04-08 00:00:00-04:00,3.775004884029957,3.939135531161694,3.775004884029957,3.857070207595825,4600,0.0,0.0
1991-04-09 00:00:00-04:00,3.857070207595825,3.857070207595825,3.857070207595825,3.857070207595825,0,0.0,0.0
1991-04-10 00:00:00-04:00,3.93913197517395,3.93913197517395,3.7750014762083692,3.93913197517395,7900,0.0,0.0
1991-04-11 00:00:00-04:00,3.93913197517395,3.93913197517395,3.93913197517395,3.93913197517395,0,0.0,0.0
1991-04-12 00:00:00-04:00,3.775004884029957,3.857070207595825,3.775004884029957,3.857070207595825,1000,0.0,0.0
1991-04-15 00:00:00-04:00,3.93913197517395,3.93913197517395,3.93913197517395,3.93913197517395,200,0.0,0.0
1991-04-16 00:00:00-04:00,3.610870977242788,3.93913197517395,3.610870977242788,3.93913197517395,2000,0.0,0.0
1991-04-17 00:00:00-04:00,3.93913197517395,3.93913197517395,3.93913197517395,3.93913197517395,3000,0.0,0.0
1991-04-18 00:00:00-04:00,3.939135531161694,3.939135531161694,3.857070207595825,3.857070207595825,2500,0.0,0.0
1991-04-19 00:00:00-04:00,3.857070207595825,3.857070207595825,3.857070207595825,3.857070207595825,0,0.0,0.0
1991-04-22 00:00:00-04:00,3.857070207595825,3.857070207595825,3.857070207595825,3.857070207595825,0,0.0,0.0
1991-04-23 00:00:00-04:00,3.7750014762083692,4.103262474139532,3.7750014762083692,3.93913197517395,6500,0.0,0.0
1991-04-24 00:00:00-04:00,4.103262901306152,4.103262901306152,4.103262901306152,4.103262901306152,100,0.0,0.0
1991-04-25 00:00:00-04:00,3.7750034332275395,3.7750034332275395,3.7750034332275395,3.775003433227539,500,0.0,0.0
1991-04-26 00:00:00-04:00,4.103262901306152,4.103262901306152,4.103262901306152,4.103262901306152,100,0.0,0.0
1991-04-29 00:00:00-04:00,4.103262901306152,4.103262901306152,4.103262901306152,4.103262901306152,0,0.0,0.0
1991-04-30 00:00:00-04:00,3.9391323852539064,4.103262901306152,3.9391323852539064,4.103262901306152,5000,0.0,0.0
1991-05-01 00:00:00-04:00,4.103265296329151,4.103265296329151,3.610873460769653,3.6108734607696533,10100,0.0,0.0
1991-05-02 00:00:00-04:00,3.7750034332275395,3.7750034332275395,3.7750034332275395,3.775003433227539,4100,0.0,0.0
1991-05-03 00:00:00-04:00,3.775006041234853,4.021202087402344,3.775006041234853,4.021202087402344,24500,0.0,0.0
1991-05-06 00:00:00-04:00,3.7750034332275395,4.021199309307597,3.7750034332275395,3.775003433227539,5500,0.0,0.0
1991-05-07 00:00:00-04:00,3.7750034332275395,3.7750034332275395,3.7750034332275395,3.775003433227539,0,0.0,0.0
1991-05-08 00:00:00-04:00,3.6108742368982196,3.857070207595825,3.6108742368982196,3.857070207595825,1700,0.0,0.0
1991-05-09 00:00:00-04:00,3.857070207595825,3.857070207595825,3.857070207595825,3.857070207595825,0,0.0,0.0
1991-05-10 00:00:00-04:00,3.857070207595825,3.857070207595825,3.857070207595825,3.857070207595825,0,0.0,0.0
1991-05-13 00:00:00-04:00,3.857070207595825,3.857070207595825,3.857070207595825,3.857070207595825,0,0.0,0.0
1991-05-14 00:00:00-04:00,3.857070207595825,3.857070207595825,3.857070207595825,3.857070207595825,0,0.0,0.0
1991-05-15 00:00:00-04:00,3.857070207595825,3.857070207595825,3.857070207595825,3.857070207595825,0,0.0,0.0
1991-05-16 00:00:00-04:00,3.857070207595825,3.857070207595825,3.857070207595825,3.857070207595825,0,0.0,0.0
1991-05-17 00:00:00-04:00,4.021202087402344,4.021202087402344,4.021202087402344,4.021202087402344,1500,0.0,0.0
1991-05-20 00:00:00-04:00,3.610873460769653,3.610873460769653,3.610873460769653,3.6108734607696533,900,0.0,0.0
1991-05-21 00:00:00-04:00,3.610873460769653,3.610873460769653,3.610873460769653,3.6108734607696533,0,0.0,0.0
1991-05-22 00:00:00-04:00,3.93913197517395,3.93913197517395,3.93913197517395,3.93913197517395,1100,0.0,0.0
1991-05-23 00:00:00-04:00,3.93913197517395,3.93913197517395,3.93913197517395,3.93913197517395,0,0.0,0.0
1991-05-24 00:00:00-04:00,3.692938766696236,3.692938766696236,3.610873460769653,3.6108734607696533,1300,0.0,0.0
1991-05-28 00:00:00-04:00,3.6174497604370117,3.6174497604370117,3.6174497604370117,3.6174497604370117,0,0.01,0.0
1991-05-29 00:00:00-04:00,3.9463071823120117,3.9463071823120117,3.9463071823120117,3.9463071823120117,100,0.0,0.0
1991-05-30 00:00:00-04:00,3.6174497604370117,3.6174497604370117,3.6174497604370117,3.6174497604370117,2300,0.0,0.0
1991-05-31 00:00:00-04:00,3.6174497604370117,3.6174497604370117,3.6174497604370117,3.6174497604370117,0,0.0,0.0
1991-06-03 00:00:00-04:00,3.6174498848293135,3.7818794250488277,3.6174498848293135,3.781879425048828,4000,0.0,0.0
1991-06-04 00:00:00-04:00,3.6174497604370117,3.9463088295676494,3.6174497604370117,3.6174497604370117,6500,0.0,0.0
1991-06-05 00:00:00-04:00,3.7818794250488277,3.7818794250488277,3.7818794250488277,3.781879425048828,3000,0.0,0.0
1991-06-06 00:00:00-04:00,3.6174498848293135,3.7818794250488277,3.6174498848293135,3.781879425048828,11300,0.0,0.0
1991-06-07 00:00:00-04:00,3.9463071823120117,3.9463071823120117,3.9463071823120117,3.9463071823120117,7200,0.0,0.0
1991-06-10 00:00:00-04:00,3.6174497604370117,3.6174497604370117,3.6174497604370117,3.6174497604370117,900,0.0,0.0
1991-06-11 00:00:00-04:00,3.6174497604370117,3.6174497604370117,3.6174497604370117,3.6174497604370117,300,0.0,0.0
1991-06-12 00:00:00-04:00,3.6174497604370117,3.6174497604370117,3.6174497604370117,3.6174497604370117,3800,0.0,0.0
1991-06-13 00:00:00-04:00,3.781880458196004,3.781880458196004,3.453021287918091,3.453021287918091,21500,0.0,0.0
1991-06-14 00:00:00-04:00,3.7818794250488277,3.7818794250488277,3.7818794250488277,3.781879425048828,200,0.0,0.0
1991-06-17 00:00:00-04:00,3.7818794250488277,3.7818794250488277,3.7818794250488277,3.781879425048828,0,0.0,0.0
1991-06-18 00:00:00-04:00,3.7818794250488277,3.7818794250488277,3.7818794250488277,3.781879425048828,0,0.0,0.0
1991-06-19 00:00:00-04:00,3.288590908050537,3.288590908050537,3.288590908050537,3.288590908050537,400,0.0,0.0
1991-06-20 00:00:00-04:00,3.288590908050537,3.288590908050537,3.288590908050537,3.288590908050537,0,0.0,0.0
1991-06-21 00:00:00-04:00,3.4530203446097993,3.7818794250488277,3.370805574500042,3.781879425048828,28300,0.0,0.0
1991-06-24 00:00:00-04:00,3.6174497604370117,3.6174497604370117,3.6174497604370117,3.6174497604370117,4800,0.0,0.0
1991-06-25 00:00:00-04:00,3.6174497604370117,3.6174497604370117,3.6174497604370117,3.6174497604370117,0,0.0,0.0
1991-06-26 00:00:00-04:00,3.6174497604370117,3.6174497604370117,3.6174497604370117,3.6174497604370117,0,0.0,0.0
1991-06-27 00:00:00-04:00,3.288590908050537,3.288590908050537,3.288590908050537,3.288590908050537,400,0.0,0.0
1991-06-28 00:00:00-04:00,3.288590908050537,3.288590908050537,3.288590908050537,3.288590908050537,500,0.0,0.0
1991-07-01 00:00:00-04:00,3.288590908050537,3.288590908050537,3.288590908050537,3.288590908050537,2900,0.0,0.0
1991-07-02 00:00:00-04:00,3.288590908050537,3.288590908050537,3.288590908050537,3.288590908050537,0,0.0,0.0
1991-07-03 00:00:00-04:00,3.535236358642578,3.535236358642578,3.535236358642578,3.535236358642578,1500,0.0,0.0
1991-07-05 00:00:00-04:00,3.535236358642578,3.535236358642578,3.535236358642578,3.535236358642578,0,0.0,0.0
1991-07-08 00:00:00-04:00,3.288590908050537,3.288590908050537,3.288590908050537,3.288590908050537,200,0.0,0.0
1991-07-09 00:00:00-04:00,3.288590908050537,3.288590908050537,3.288590908050537,3.288590908050537,0,0.0,0.0
1991-07-10 00:00:00-04:00,3.453020453453064,3.453020453453064,3.288590908050537,3.288590908050537,1600,0.0,0.0
1991-07-11 00:00:00-04:00,3.288590908050537,3.288590908050537,3.288590908050537,3.288590908050537,0,0.0,0.0
1991-07-12 00:00:00-04:00,3.288590908050537,3.288590908050537,3.288590908050537,3.288590908050537,0,0.0,0.0
1991-07-15 00:00:00-04:00,3.288590908050537,3.288590908050537,3.288590908050537,3.288590908050537,0,0.0,0.0
1991-07-16 00:00:00-04:00,3.288590908050537,3.288590908050537,3.288590908050537,3.288590908050537,0,0.0,0.0
1991-07-17 00:00:00-04:00,3.288590908050537,3.288590908050537,3.288590908050537,3.288590908050537,0,0.0,0.0
1991-07-18 00:00:00-04:00,3.288590908050537,3.288590908050537,3.288590908050537,3.288590908050537,0,0.0,0.0
1991-07-19 00:00:00-04:00,3.535236358642578,3.535236358642578,3.535236358642578,3.535236358642578,200,0.0,0.0
1991-07-22 00:00:00-04:00,3.535236358642578,3.535236358642578,3.535236358642578,3.535236358642578,0,0.0,0.0
1991-07-23 00:00:00-04:00,3.2885919615279797,3.535236358642578,2.9597327653751817,3.535236358642578,8500,0.0,0.0
1991-07-24 00:00:00-04:00,3.535236358642578,3.535236358642578,3.535236358642578,3.535236358642578,0,0.0,0.0
1991-07-25 00:00:00-04:00,3.3708047866821285,3.3708047866821285,3.3708047866821285,3.370804786682129,2500,0.0,0.0
1991-07-26 00:00:00-04:00,3.288590908050537,3.288590908050537,3.288590908050537,3.288590908050537,2500,0.0,0.0
1991-07-29 00:00:00-04:00,2.959733247756958,2.959733247756958,2.959733247756958,2.959733247756958,1000,0.0,0.0
1991-07-30 00:00:00-04:00,3.3708047866821285,3.3708047866821285,3.3708047866821285,3.370804786682129,100,0.0,0.0
1991-07-31 00:00:00-04:00,3.3708047866821285,3.3708047866821285,3.3708047866821285,3.370804786682129,0,0.0,0.0
1991-08-01 00:00:00-04:00,3.1241607802254814,3.1241607802254814,2.548657478604998,2.877516508102417,18600,0.0,0.0
1991-08-02 00:00:00-04:00,2.8775180876255035,2.8775180876255035,2.630873680114746,2.630873680114746,7200,0.0,0.0
1991-08-05 00:00:00-04:00,2.671981081366539,2.9597328901290894,2.630873680114746,2.630873680114746,15800,0.0,0.0
1991-08-06 00:00:00-04:00,2.630873680114746,2.630873680114746,2.630873680114746,2.630873680114746,0,0.0,0.0
1991-08-07 00:00:00-04:00,2.959732607791298,3.124162197113037,2.959732607791298,3.124162197113037,1800,0.0,0.0
1991-08-08 00:00:00-04:00,2.959733247756958,2.959733247756958,2.959733247756958,2.959733247756958,1000,0.0,0.0
1991-08-09 00:00:00-04:00,2.959733247756958,2.959733247756958,2.959733247756958,2.959733247756958,0,0.0,0.0
1991-08-12 00:00:00-04:00,2.959733247756958,2.959733247756958,2.959733247756958,2.959733247756958,200,0.0,0.0
1991-08-13 00:00:00-04:00,2.959733247756958,2.959733247756958,2.959733247756958,2.959733247756958,0,0.0,0.0
1991-08-14 00:00:00-04:00,2.959733247756958,2.959733247756958,2.959733247756958,2.959733247756958,400,0.0,0.0
1991-08-15 00:00:00-04:00,2.959733247756958,2.959733247756958,2.959733247756958,2.959733247756958,2000,0.0,0.0
1991-08-16 00:00:00-04:00,2.795302391052246,3.041946719674503,2.795302391052246,2.795302391052246,5700,0.0,0.0
1991-08-19 00:00:00-04:00,2.7130869933537074,2.877516508102417,2.7130869933537074,2.877516508102417,3500,0.0,0.0
1991-08-20 00:00:00-04:00,2.877516508102417,2.877516508102417,2.877516508102417,2.877516508102417,0,0.0,0.0
1991-08-21 00:00:00-04:00,2.8775157477404623,3.124159954689645,2.8775157477404623,3.041945219039917,6500,0.0,0.0
1991-08-22 00:00:00-04:00,3.1241607802254814,3.1241607802254814,2.7130869933537074,2.877516508102417,21200,0.0,0.0
1991-08-23 00:00:00-04:00,3.041945219039917,3.041945219039917,3.041945219039917,3.041945219039917,11000,0.0,0.0
1991-08-26 00:00:00-04:00,2.877516508102417,2.877516508102417,2.877516508102417,2.877516508102417,2800,0.0,0.0
1991-08-27 00:00:00-04:00,2.801705837249756,2.801705837249756,2.801705837249756,2.801705837249756,700,0.01,0.0
1991-08-28 00:00:00-04:00,2.80170567376273,3.2137212140219553,2.80170567376273,2.884108781814575,4900,0.0,0.0
1991-08-29 00:00:00-04:00,2.884109526872635,3.2961251735687256,2.884109526872635,3.2961251735687256,2200,0.0,0.0
1991-08-30 00:00:00-04:00,2.96651291847229,3.0901176234086356,2.96651291847229,2.96651291847229,2600,0.0,0.0
1991-09-03 00:00:00-04:00,2.96651291847229,2.96651291847229,2.96651291847229,2.96651291847229,0,0.0,0.0
1991-09-04 00:00:00-04:00,2.96651291847229,2.96651291847229,2.96651291847229,2.96651291847229,0,0.0,0.0
1991-09-05 00:00:00-04:00,3.131319284439087,3.131319284439087,3.131319284439087,3.131319284439087,1000,0.0,0.0
1991-09-06 00:00:00-04:00,2.96651291847229,2.96651291847229,2.96651291847229,2.96651291847229,4100,0.0,0.0
1991-09-09 00:00:00-04:00,2.96651291847229,3.131319191720751,2.96651291847229,2.96651291847229,5900,0.0,0.0
1991-09-10 00:00:00-04:00,2.96651291847229,2.96651291847229,2.96651291847229,2.96651291847229,0,0.0,0.0
1991-09-11 00:00:00-04:00,2.96651291847229,2.96651291847229,2.96651291847229,2.96651291847229,0,0.0,0.0
1991-09-12 00:00:00-04:00,2.96651291847229,2.96651291847229,2.96651291847229,2.96651291847229,200,0.0,0.0
1991-09-13 00:00:00-04:00,2.96651291847229,2.96651291847229,2.96651291847229,2.96651291847229,2300,0.0,0.0
1991-09-16 00:00:00-04:00,2.96651291847229,2.96651291847229,2.96651291847229,2.96651291847229,0,0.0,0.0
1991-09-17 00:00:00-04:00,2.96651291847229,2.96651291847229,2.96651291847229,2.96651291847229,1500,0.0,0.0
1991-09-18 00:00:00-04:00,2.96651291847229,2.96651291847229,2.96651291847229,2.96651291847229,200,0.0,0.0
1991-09-19 00:00:00-04:00,3.131319284439087,3.131319284439087,3.131319284439087,3.131319284439087,6000,0.0,0.0
1991-09-20 00:00:00-04:00,3.131319284439087,3.131319284439087,3.131319284439087,3.131319284439087,0,0.0,0.0
1991-09-23 00:00:00-04:00,3.2961251735687256,3.2961251735687256,3.2961251735687256,3.2961251735687256,500,0.0,0.0
1991-09-24 00:00:00-04:00,3.2961251735687256,3.2961251735687256,3.2961251735687256,3.2961251735687256,0,0.0,0.0
1991-09-25 00:00:00-04:00,3.2961251735687256,3.2961251735687256,3.2961251735687256,3.2961251735687256,0,0.0,0.0
1991-09-26 00:00:00-04:00,2.96651291847229,2.96651291847229,2.96651291847229,2.96651291847229,600,0.0,0.0
1991-09-27 00:00:00-04:00,3.2961251735687256,3.2961251735687256,3.2961251735687256,3.2961251735687256,200,0.0,0.0
1991-09-30 00:00:00-04:00,3.2961251735687256,3.2961251735687256,3.2961251735687256,3.2961251735687256,0,0.0,0.0
1991-10-01 00:00:00-04:00,3.2961251735687256,3.2961251735687256,3.2961251735687256,3.2961251735687256,0,0.0,0.0
1991-10-02 00:00:00-04:00,3.2961251735687256,3.2961251735687256,3.2961251735687256,3.2961251735687256,1000,0.0,0.0
1991-10-03 00:00:00-04:00,3.2961251735687256,3.2961251735687256,3.2961251735687256,3.2961251735687256,0,0.0,0.0
1991-10-04 00:00:00-04:00,3.2961251735687256,3.2961251735687256,3.2961251735687256,3.2961251735687256,0,0.0,0.0
1991-10-07 00:00:00-04:00,3.2961251735687256,3.2961251735687256,3.2961251735687256,3.2961251735687256,0,0.0,0.0
1991-10-08 00:00:00-04:00,3.3785276412963867,3.3785276412963867,3.3785276412963867,3.3785276412963867,300,0.0,0.0
1991-10-09 00:00:00-04:00,2.96651291847229,2.96651291847229,2.96651291847229,2.96651291847229,300,0.0,0.0
1991-10-10 00:00:00-04:00,2.96651291847229,2.96651291847229,2.96651291847229,2.96651291847229,0,0.0,0.0
1991-10-11 00:00:00-04:00,2.96651291847229,2.96651291847229,2.96651291847229,2.96651291847229,100,0.0,0.0
1991-10-14 00:00:00-04:00,3.0489157855510713,3.2961251735687256,2.966512656211853,3.2961251735687256,3600,0.0,0.0
1991-10-15 00:00:00-04:00,2.96651291847229,3.296125464969211,2.96651291847229,2.96651291847229,5600,0.0,0.0
1991-10-16 00:00:00-04:00,2.96651291847229,2.96651291847229,2.96651291847229,2.96651291847229,0,0.0,0.0
1991-10-17 00:00:00-04:00,3.131319284439087,3.131319284439087,3.131319284439087,3.131319284439087,1000,0.0,0.0
1991-10-18 00:00:00-04:00,2.96651291847229,2.96651291847229,2.96651291847229,2.96651291847229,300,0.0,0.0
1991-10-21 00:00:00-04:00,2.96651291847229,3.296125464969211,2.96651291847229,2.96651291847229,6100,0.0,0.0
1991-10-22 00:00:00-04:00,3.1313181059701103,3.1313181059701103,2.884108781814575,2.884108781814575,8400,0.0,0.0
1991-10-23 00:00:00-04:00,3.2137224235032735,3.2137224235032735,2.966513006310714,3.131319284439087,20000,0.0,0.0
1991-10-24 00:00:00-04:00,3.296125464969211,3.296125464969211,2.96651291847229,2.96651291847229,11000,0.0,0.0
1991-10-25 00:00:00-04:00,2.96651291847229,2.96651291847229,2.96651291847229,2.96651291847229,0,0.0,0.0
1991-10-28 00:00:00-05:00,2.96651291847229,2.96651291847229,2.96651291847229,2.96651291847229,1400,0.0,0.0
1991-10-29 00:00:00-05:00,2.96651291847229,2.96651291847229,2.96651291847229,2.96651291847229,500,0.0,0.0
1991-10-30 00:00:00-05:00,3.131319284439087,3.131319284439087,3.131319284439087,3.131319284439087,2500,0.0,0.0
1991-10-31 00:00:00-05:00,2.96651291847229,2.96651291847229,2.96651291847229,2.96651291847229,2500,0.0,0.0
1991-11-01 00:00:00-05:00,2.96651291847229,2.96651291847229,2.96651291847229,2.96651291847229,3300,0.0,0.0
1991-11-04 00:00:00-05:00,3.296125464969211,3.296125464969211,2.96651291847229,2.96651291847229,37000,0.0,0.0
1991-11-05 00:00:00-05:00,2.9665118898664202,2.9665118898664202,2.884108781814575,2.884108781814575,5000,0.0,0.0
1991-11-06 00:00:00-05:00,2.966513006310714,3.131319284439087,2.966513006310714,3.131319284439087,18600,0.0,0.0
1991-11-07 00:00:00-05:00,3.2961251735687256,3.2961251735687256,3.2961251735687256,3.2961251735687256,400,0.0,0.0
1991-11-08 00:00:00-05:00,3.2961251735687256,3.2961251735687256,3.2961251735687256,3.2961251735687256,0,0.0,0.0
1991-11-11 00:00:00-05:00,2.96651291847229,2.96651291847229,2.96651291847229,2.96651291847229,500,0.0,0.0
1991-11-12 00:00:00-05:00,2.9665118898664202,3.1313181059701103,2.884108781814575,2.884108781814575,1700,0.0,0.0
1991-11-13 00:00:00-05:00,2.966512656211853,3.2961251735687256,2.966512656211853,3.2961251735687256,14100,0.0,0.0
1991-11-14 00:00:00-05:00,3.2961251735687256,3.2961251735687256,3.2961251735687256,3.2961251735687256,500,0.0,0.0
1991-11-15 00:00:00-05:00,3.2961251735687256,3.2961251735687256,3.2961251735687256,3.2961251735687256,0,0.0,0.0
1991-11-18 00:00:00-05:00,3.2961251735687256,3.2961251735687256,3.2961251735687256,3.2961251735687256,0,0.0,0.0
1991-11-19 00:00:00-05:00,3.2961251735687256,3.2961251735687256,3.2961251735687256,3.2961251735687256,900,0.0,0.0
1991-11-20 00:00:00-05:00,2.96651291847229,2.96651291847229,2.96651291847229,2.96651291847229,200,0.0,0.0
1991-11-21 00:00:00-05:00,2.96651291847229,2.96651291847229,2.96651291847229,2.96651291847229,0,0.0,0.0
1991-11-22 00:00:00-05:00,2.96651291847229,2.96651291847229,2.96651291847229,2.96651291847229,4000,0.0,0.0
1991-11-25 00:00:00-05:00,3.1382924286094873,3.1382924286094873,2.9731191428931987,3.0557057857513428,13800,0.01,0.0
1991-11-26 00:00:00-05:00,2.9731191428931987,3.0557057857513428,2.9731191428931987,3.0557057857513428,28000,0.0,0.0
1991-11-27 00:00:00-05:00,2.9731192588806152,2.9731192588806152,2.9731192588806152,2.9731192588806152,200,0.0,0.0
1991-11-29 00:00:00-05:00,2.9731192588806152,2.9731192588806152,2.9731192588806152,2.9731192588806152,0,0.0,0.0
1991-12-02 00:00:00-05:00,3.1382932662963867,3.1382932662963867,3.1382932662963867,3.1382932662963867,4700,0.0,0.0
1991-12-03 00:00:00-05:00,2.9731192588806152,2.9731192588806152,2.9731192588806152,2.9731192588806152,200,0.0,0.0
1991-12-04 00:00:00-05:00,3.0557057857513428,3.0557057857513428,3.0557057857513428,3.0557057857513428,2200,0.0,0.0
1991-12-05 00:00:00-05:00,2.9731196267264233,2.9731196267264233,2.8079463141305108,2.890532970428467,35800,0.0,0.0
1991-12-06 00:00:00-05:00,2.9731192588806152,2.9731192588806152,2.9731192588806152,2.9731192588806152,200,0.0,0.0
1991-12-09 00:00:00-05:00,2.9731192588806152,3.3034658432006836,2.9731192588806152,2.9731192588806152,2300,0.0,0.0
1991-12-10 00:00:00-05:00,2.9731192588806152,2.9731192588806152,2.9731192588806152,2.9731192588806152,200,0.0,0.0
1991-12-11 00:00:00-05:00,3.3034658432006836,3.3034658432006836,2.9731192588806152,2.9731192588806152,700,0.0,0.0
1991-12-12 00:00:00-05:00,2.9731192588806152,2.9731192588806152,2.9731192588806152,2.9731192588806152,700,0.0,0.0
1991-12-13 00:00:00-05:00,2.9731192588806152,2.9731192588806152,2.9731192588806152,2.9731192588806152,0,0.0,0.0
1991-12-16 00:00:00-05:00,2.9731192588806152,2.9731192588806152,2.9731192588806152,2.9731192588806152,0,0.0,0.0
1991-12-17 00:00:00-05:00,2.9731192588806152,2.9731192588806152,2.9731192588806152,2.9731192588806152,500,0.0,0.0
1991-12-18 00:00:00-05:00,2.9731192588806152,2.9731192588806152,2.9731192588806152,2.9731192588806152,0,0.0,0.0
1991-12-19 00:00:00-05:00,2.9731194734573365,3.3034660816192627,2.9731194734573365,3.3034660816192627,800,0.0,0.0
1991-12-20 00:00:00-05:00,2.9731192588806152,3.3034658432006836,2.9731192588806152,2.9731192588806152,2300,0.0,0.0
1991-12-23 00:00:00-05:00,3.3034660816192627,3.3034660816192627,3.3034660816192627,3.3034660816192627,200,0.0,0.0
1991-12-24 00:00:00-05:00,2.9731192588806152,2.9731192588806152,2.9731192588806152,2.9731192588806152,400,0.0,0.0
1991-12-26 00:00:00-05:00,2.9731192588806152,2.9731192588806152,2.9731192588806152,2.9731192588806152,300,0.0,0.0
1991-12-27 00:00:00-05:00,3.3034660816192627,3.3034660816192627,3.3034660816192627,3.3034660816192627,8800,0.0,0.0
1991-12-30 00:00:00-05:00,3.3860523571839205,3.3860523571839205,3.0557057857513428,3.0557057857513428,1600,0.0,0.0
1991-12-31 00:00:00-05:00,3.6338160588191104,3.675109423123873,3.220882415771484,3.2208824157714844,11100,0.0,0.0
1992-01-02 00:00:00-05:00,3.303465626456521,3.633812189102173,3.303465626456521,3.633812189102173,700,0.0,0.0
1992-01-03 00:00:00-05:00,3.3034660816192627,3.468639385700226,3.3034660816192627,3.3034660816192627,7300,0.0,0.0
1992-01-06 00:00:00-05:00,3.798985993862152,3.798985993862152,3.3034660816192627,3.3034660816192627,500,0.0,0.0
1992-01-07 00:00:00-05:00,3.7989871501922607,3.7989871501922607,3.7989871501922607,3.7989871501922607,6800,0.0,0.0
1992-01-08 00:00:00-05:00,3.964158773422241,3.964158773422241,3.964158773422241,3.964158773422241,200,0.0,0.0
1992-01-09 00:00:00-05:00,3.964158773422241,3.964158773422241,3.964158773422241,3.964158773422241,0,0.0,0.0
1992-01-10 00:00:00-05:00,4.1293361451890735,4.1293361451890735,3.716402530670166,3.716402530670166,1600,0.0,0.0
1992-01-13 00:00:00-05:00,3.964160504548446,4.129333858904631,3.716400473014168,3.7989871501922607,11700,0.0,0.0
1992-01-14 00:00:00-05:00,3.964158773422241,3.964158773422241,3.964158773422241,3.964158773422241,1000,0.0,0.0
1992-01-15 00:00:00-05:00,3.964158630371094,5.285544840494792,3.964158630371094,4.955198287963867,30400,0.0,0.0
1992-01-16 00:00:00-05:00,4.790027618408203,5.037787667636214,4.790027618408203,4.790027618408203,6700,0.0,0.0
1992-01-17 00:00:00-05:00,4.7900274799716085,5.1203742027282715,4.7900274799716085,5.1203742027282715,2800,0.0,0.0
1992-01-20 00:00:00-05:00,5.1203742027282715,5.1203742027282715,5.1203742027282715,5.1203742027282715,0,0.0,0.0
1992-01-21 00:00:00-05:00,4.624854118593277,5.1203742027282715,4.624854118593277,5.1203742027282715,6200,0.0,0.0
1992-01-22 00:00:00-05:00,4.624852427729854,5.12037233070091,4.459679126739502,4.459679126739502,28400,0.0,0.0
1992-01-23 00:00:00-05:00,4.459680267742702,4.624853610992432,4.459680267742702,4.624853610992432,3700,0.0,0.0
1992-01-24 00:00:00-05:00,4.459679126739502,4.790025728720206,4.459679126739502,4.459679126739502,3800,0.0,0.0
1992-01-27 00:00:00-05:00,4.790027618408203,4.790027618408203,4.790027618408203,4.790027618408203,7100,0.0,0.0
1992-01-28 00:00:00-05:00,4.955199029710558,4.955199029710558,4.459679126739502,4.459679126739502,7900,0.0,0.0
1992-01-29 00:00:00-05:00,4.624853610992432,4.624853610992432,4.624853610992432,4.624853610992432,300,0.0,0.0
1992-01-30 00:00:00-05:00,4.955199029710558,4.955199029710558,4.459679126739502,4.459679126739502,1500,0.0,0.0
1992-01-31 00:00:00-05:00,5.1203715642293295,5.1203715642293295,4.624851735432943,4.955198287963867,6300,0.0,0.0
1992-02-03 00:00:00-05:00,5.1203742027282715,5.1203742027282715,5.1203742027282715,5.1203742027282715,400,0.0,0.0
1992-02-04 00:00:00-05:00,4.624853610992432,4.624853610992432,4.624853610992432,4.624853610992432,1000,0.0,0.0
1992-02-05 00:00:00-05:00,4.624853610992432,4.624853610992432,4.624853610992432,4.624853610992432,1700,0.0,0.0
1992-02-06 00:00:00-05:00,4.955198287963867,4.955198287963867,4.955198287963867,4.955198287963867,800,0.0,0.0
1992-02-07 00:00:00-05:00,4.790025728720206,4.790025728720206,4.459679126739502,4.459679126739502,2000,0.0,0.0
1992-02-10 00:00:00-05:00,4.45967845916748,4.955198287963867,4.45967845916748,4.955198287963867,1200,0.0,0.0
1992-02-11 00:00:00-05:00,4.624851735432943,5.1203715642293295,4.624851735432943,4.955198287963867,35900,0.0,0.0
1992-02-12 00:00:00-05:00,4.790027618408203,5.285547716864224,4.790027618408203,4.790027618408203,12700,0.0,0.0
1992-02-13 00:00:00-05:00,4.790027618408203,4.790027618408203,4.790027618408203,4.790027618408203,500,0.0,0.0
1992-02-14 00:00:00-05:00,4.790027618408203,4.790027618408203,4.790027618408203,4.790027618408203,0,0.0,0.0
1992-02-18 00:00:00-05:00,5.285547256469727,5.285547256469727,4.79002720117569,5.285547256469727,13400,0.0,0.0
1992-02-19 00:00:00-05:00,5.285547256469727,5.285547256469727,4.955200552940369,5.285547256469727,14100,0.0,0.0
1992-02-20 00:00:00-05:00,4.790025011698405,5.285544840494792,4.790025011698405,4.955198287963867,8100,0.0,0.0
1992-02-21 00:00:00-05:00,5.1203743507122175,5.1203743507122175,4.790027618408203,4.790027618408203,1400,0.0,0.0
1992-02-24 00:00:00-05:00,4.790027618408203,4.790027618408203,4.790027618408203,4.790027618408203,1000,0.0,0.0
1992-02-25 00:00:00-05:00,4.79664421081543,4.79664421081543,4.79664421081543,4.79664421081543,700,0.01,0.0
1992-02-26 00:00:00-05:00,4.79664421081543,4.79664421081543,4.79664421081543,4.79664421081543,0,0.0,0.0
1992-02-27 00:00:00-05:00,4.79664421081543,4.79664421081543,4.79664421081543,4.79664421081543,0,0.0,0.0
1992-02-28 00:00:00-05:00,4.79664421081543,5.2928487843480605,4.79664421081543,4.79664421081543,7500,0.0,0.0
1992-03-02 00:00:00-05:00,5.127444267272949,5.127444267272949,5.127444267272949,5.127444267272949,3000,0.0,0.0
1992-03-03 00:00:00-05:00,5.127444267272949,5.127444267272949,5.127444267272949,5.127444267272949,100,0.0,0.0
1992-03-04 00:00:00-05:00,4.631239891052246,5.127444165093558,4.631239891052246,4.631239891052246,6600,0.0,0.0
1992-03-05 00:00:00-05:00,4.631239891052246,4.631239891052246,4.631239891052246,4.631239891052246,400,0.0,0.0
1992-03-06 00:00:00-05:00,4.631239891052246,4.631239891052246,4.631239891052246,4.631239891052246,0,0.0,0.0
1992-03-09 00:00:00-05:00,5.127444165093558,5.127444165093558,4.631239891052246,4.631239891052246,2300,0.0,0.0
1992-03-10 00:00:00-05:00,4.79664421081543,4.79664421081543,4.79664421081543,4.79664421081543,300,0.0,0.0
1992-03-11 00:00:00-05:00,5.127447259837184,5.127447259837184,4.79664421081543,4.79664421081543,2900,0.0,0.0
1992-03-12 00:00:00-05:00,4.631239891052246,4.631239891052246,4.631239891052246,4.631239891052246,500,0.0,0.0
1992-03-13 00:00:00-05:00,4.631239891052246,4.631239891052246,4.631239891052246,4.631239891052246,1000,0.0,0.0
1992-03-16 00:00:00-05:00,4.46583839563223,4.46583839563223,4.300436973571777,4.300436973571777,3200,0.0,0.0
1992-03-17 00:00:00-05:00,4.300436973571777,4.300436973571777,4.300436973571777,4.300436973571777,0,0.0,0.0
1992-03-18 00:00:00-05:00,4.300436973571777,4.300436973571777,4.300436973571777,4.300436973571777,0,0.0,0.0
1992-03-19 00:00:00-05:00,4.300436973571777,4.300436973571777,4.300436973571777,4.300436973571777,1000,0.0,0.0
1992-03-20 00:00:00-05:00,4.796641315732684,4.796641315732684,4.300437041691372,4.631239891052246,3300,0.0,0.0
1992-03-23 00:00:00-05:00,4.631239891052246,4.631239891052246,4.548539178712027,4.631239891052246,3500,0.0,0.0
1992-03-24 00:00:00-05:00,4.548538684844971,4.548538684844971,4.548538684844971,4.548538684844971,800,0.0,0.0
1992-03-25 00:00:00-05:00,4.631239891052246,4.631239891052246,4.631239891052246,4.631239891052246,800,0.0,0.0
1992-03-26 00:00:00-05:00,4.631239891052246,4.631239891052246,4.631239891052246,4.631239891052246,0,0.0,0.0
1992-03-27 00:00:00-05:00,4.631239891052246,4.631239891052246,4.631239891052246,4.631239891052246,0,0.0,0.0
1992-03-30 00:00:00-05:00,4.631242686304553,4.79664421081543,4.631242686304553,4.79664421081543,5000,0.0,0.0
1992-03-31 00:00:00-05:00,4.79664421081543,4.79664421081543,4.79664421081543,4.79664421081543,0,0.0,0.0
1992-04-01 00:00:00-05:00,4.713940567440456,4.713940567440456,4.465838432312012,4.465838432312012,7500,0.0,0.0
1992-04-02 00:00:00-05:00,4.465838432312012,4.631239855730975,4.465838432312012,4.465838432312012,3000,0.0,0.0
1992-04-03 00:00:00-05:00,4.465838432312012,4.465838432312012,4.465838432312012,4.465838432312012,300,0.0,0.0
1992-04-06 00:00:00-04:00,4.631241261959076,4.631241261959076,2.646423578262329,2.646423578262329,36100,0.0,0.0
1992-04-07 00:00:00-04:00,3.142628320058187,3.142628320058187,1.6540149052937825,2.481022357940674,35100,0.0,0.0
1992-04-08 00:00:00-04:00,2.315619945526123,2.315619945526123,1.9848170961652483,2.315619945526123,3300,0.0,0.0
1992-04-09 00:00:00-04:00,2.646423578262329,2.646423578262329,2.646423578262329,2.646423578262329,500,0.0,0.0
1992-04-10 00:00:00-04:00,2.6464227529672475,2.6464227529672475,2.1502184867858887,2.1502184867858887,1800,0.0,0.0
1992-04-13 00:00:00-04:00,2.646423578262329,2.646423578262329,2.646423578262329,2.646423578262329,400,0.0,0.0
1992-04-14 00:00:00-04:00,2.646423578262329,2.646423578262329,2.646423578262329,2.646423578262329,100,0.0,0.0
1992-04-15 00:00:00-04:00,2.646423578262329,2.646423578262329,2.646423578262329,2.646423578262329,0,0.0,0.0
1992-04-16 00:00:00-04:00,2.232919853925705,2.315620589256287,1.6540147066116333,1.6540147066116333,8900,0.0,0.0
1992-04-20 00:00:00-04:00,2.3156193603168833,2.3156193603168833,1.6540138287977737,1.8194152116775513,5800,0.0,0.0
1992-04-21 00:00:00-04:00,1.6540147364139557,1.8194162100553513,1.3232117891311646,1.3232117891311646,11000,0.0,0.0
1992-04-22 00:00:00-04:00,2.3156199088463416,2.3156199088463416,1.9848170647254357,2.1502184867858887,3000,0.0,0.0
1992-04-23 00:00:00-04:00,2.315619945526123,2.315619945526123,2.315619945526123,2.315619945526123,1800,0.0,0.0
1992-04-24 00:00:00-04:00,1.9848158359527588,1.9848158359527588,1.9848158359527588,1.9848158359527588,2500,0.0,0.0
1992-04-27 00:00:00-04:00,1.9848158359527588,1.9848158359527588,1.9848158359527588,1.9848158359527588,0,0.0,0.0
1992-04-28 00:00:00-04:00,1.819415211677551,1.819415211677551,1.819415211677551,1.8194152116775513,500,0.0,0.0
1992-04-29 00:00:00-04:00,2.315619945526123,2.315619945526123,2.315619945526123,2.315619945526123,400,0.0,0.0
1992-04-30 00:00:00-04:00,2.3156184752782183,2.3156184752782183,1.9848158359527588,1.9848158359527588,1900,0.0,0.0
1992-05-01 00:00:00-04:00,2.150218520845686,2.315619945526123,2.067517808505467,2.315619945526123,25500,0.0,0.0
1992-05-04 00:00:00-04:00,2.315619945526123,2.315619945526123,2.315619945526123,2.315619945526123,0,0.0,0.0
1992-05-05 00:00:00-04:00,2.315619945526123,2.315619945526123,2.315619945526123,2.315619945526123,0,0.0,0.0
1992-05-06 00:00:00-04:00,2.315619945526123,2.315619945526123,2.315619945526123,2.315619945526123,0,0.0,0.0
1992-05-07 00:00:00-04:00,2.315619945526123,2.315619945526123,2.315619945526123,2.315619945526123,0,0.0,0.0
1992-05-08 00:00:00-04:00,2.315619945526123,2.315619945526123,2.315619945526123,2.315619945526123,4000,0.0,0.0
1992-05-11 00:00:00-04:00,2.315619945526123,2.315619945526123,2.315619945526123,2.315619945526123,0,0.0,0.0
1992-05-12 00:00:00-04:00,2.315619945526123,2.315619945526123,2.315619945526123,2.315619945526123,0,0.0,0.0
1992-05-13 00:00:00-04:00,1.9848158359527588,1.9848158359527588,1.9848158359527588,1.9848158359527588,1500,0.0,0.0
1992-05-14 00:00:00-04:00,2.5637221336364746,2.5637221336364746,2.0675178497068343,2.5637221336364746,3900,0.0,0.0
1992-05-15 00:00:00-04:00,2.4810213702065607,2.4810213702065607,2.315619945526123,2.315619945526123,3000,0.0,0.0
1992-05-18 00:00:00-04:00,2.1502184867858887,2.1502184867858887,2.1502184867858887,2.1502184867858887,300,0.0,0.0
1992-05-19 00:00:00-04:00,2.1502184867858887,2.1502184867858887,2.1502184867858887,2.1502184867858887,0,0.0,0.0
1992-05-20 00:00:00-04:00,2.1502184867858887,2.1502184867858887,2.1502184867858887,2.1502184867858887,0,0.0,0.0
1992-05-21 00:00:00-04:00,2.1502184867858887,2.1502184867858887,2.1502184867858887,2.1502184867858887,0,0.0,0.0
1992-05-22 00:00:00-04:00,2.9772256442478726,2.9772256442478726,2.315619945526123,2.315619945526123,2900,0.0,0.0
1992-05-26 00:00:00-04:00,2.654006746080187,2.98575758934021,2.4881313244501753,2.98575758934021,6500,0.01,0.0
1992-05-27 00:00:00-04:00,2.985756754875183,2.985756754875183,2.4881306290626526,2.654006004333496,5000,0.0,0.0
1992-05-28 00:00:00-04:00,2.8198821677101984,2.98575758934021,2.8198821677101984,2.98575758934021,1200,0.0,0.0
1992-05-29 00:00:00-04:00,3.1516323089599605,3.1516323089599605,3.1516323089599605,3.151632308959961,1300,0.0,0.0
1992-06-01 00:00:00-04:00,3.1516323089599605,3.1516323089599605,3.1516323089599605,3.151632308959961,0,0.0,0.0
1992-06-02 00:00:00-04:00,2.488131523132324,2.488131523132324,2.488131523132324,2.488131523132324,200,0.0,0.0
1992-06-03 00:00:00-04:00,3.1516332626342773,3.1516332626342773,2.488131523132324,2.488131523132324,1400,0.0,0.0
1992-06-04 00:00:00-04:00,3.1516323089599605,3.1516323089599605,3.1516323089599605,3.151632308959961,1200,0.0,0.0
1992-06-05 00:00:00-04:00,3.1516323089599605,3.1516323089599605,3.1516323089599605,3.151632308959961,0,0.0,0.0
1992-06-08 00:00:00-04:00,2.488131523132324,2.488131523132324,2.488131523132324,2.488131523132324,1600,0.0,0.0
1992-06-09 00:00:00-04:00,2.654006004333496,2.654006004333496,2.654006004333496,2.654006004333496,500,0.0,0.0
1992-06-10 00:00:00-04:00,2.488131523132324,2.488131523132324,2.488131523132324,2.488131523132324,2200,0.0,0.0
1992-06-11 00:00:00-04:00,2.488131523132324,2.488131523132324,2.488131523132324,2.488131523132324,0,0.0,0.0
1992-06-12 00:00:00-04:00,2.488131523132324,2.488131523132324,2.488131523132324,2.488131523132324,0,0.0,0.0
1992-06-15 00:00:00-04:00,2.488131523132324,2.488131523132324,2.488131523132324,2.488131523132324,0,0.0,0.0
1992-06-16 00:00:00-04:00,2.488131523132324,2.488131523132324,2.488131523132324,2.488131523132324,300,0.0,0.0
1992-06-17 00:00:00-04:00,2.4881313063881616,2.7369444370269775,2.4881313063881616,2.7369444370269775,2000,0.0,0.0
1992-06-18 00:00:00-04:00,2.488131523132324,2.488131523132324,2.488131523132324,2.488131523132324,1000,0.0,0.0
1992-06-19 00:00:00-04:00,2.488131523132324,2.488131523132324,2.488131523132324,2.488131523132324,0,0.0,0.0
1992-06-22 00:00:00-04:00,2.488131523132324,2.488131523132324,2.488131523132324,2.488131523132324,500,0.0,0.0
1992-06-23 00:00:00-04:00,2.488131523132324,2.488131523132324,2.488131523132324,2.488131523132324,500,0.0,0.0
1992-06-24 00:00:00-04:00,2.654006004333496,2.654006004333496,2.654006004333496,2.654006004333496,1500,0.0,0.0
1992-06-25 00:00:00-04:00,2.8198816776275635,2.8198816776275635,2.8198816776275635,2.8198816776275635,1000,0.0,0.0
1992-06-26 00:00:00-04:00,2.8198816776275635,2.8198816776275635,2.8198816776275635,2.8198816776275635,0,0.0,0.0
1992-06-29 00:00:00-04:00,2.48813106167701,2.57106876373291,2.48813106167701,2.57106876373291,8000,0.0,0.0
1992-06-30 00:00:00-04:00,2.819882392883301,2.819882392883301,2.488131523132324,2.488131523132324,1500,0.0,0.0
1992-07-01 00:00:00-04:00,2.8198816776275635,2.8198816776275635,2.8198816776275635,2.8198816776275635,1000,0.0,0.0
1992-07-02 00:00:00-04:00,2.8198816776275635,2.8198816776275635,2.8198816776275635,2.8198816776275635,0,0.0,0.0
1992-07-06 00:00:00-04:00,2.488131523132324,2.488131523132324,2.488131523132324,2.488131523132324,200,0.0,0.0
1992-07-07 00:00:00-04:00,2.488131523132324,2.488131523132324,2.488131523132324,2.488131523132324,85500,0.0,0.0
1992-07-08 00:00:00-04:00,2.8198816776275635,2.8198816776275635,2.8198816776275635,2.8198816776275635,5000,0.0,0.0
1992-07-09 00:00:00-04:00,2.4881306290626526,2.8198813796043396,2.4881306290626526,2.654006004333496,18700,0.0,0.0
1992-07-10 00:00:00-04:00,2.488131523132324,2.488131523132324,2.488131523132324,2.488131523132324,1200,0.0,0.0
1992-07-13 00:00:00-04:00,2.488131523132324,2.488131523132324,2.488131523132324,2.488131523132324,1200,0.0,0.0
1992-07-14 00:00:00-04:00,2.488131523132324,2.488131523132324,2.488131523132324,2.488131523132324,0,0.0,0.0
1992-07-15 00:00:00-04:00,2.8198813796043396,2.8198813796043396,2.654006004333496,2.654006004333496,1300,0.0,0.0
1992-07-16 00:00:00-04:00,2.654006004333496,2.654006004333496,2.654006004333496,2.654006004333496,0,0.0,0.0
1992-07-17 00:00:00-04:00,2.654006726814039,2.7369444370269775,2.4881313063881616,2.7369444370269775,15600,0.0,0.0
1992-07-20 00:00:00-04:00,2.488131523132324,2.488131523132324,2.488131523132324,2.488131523132324,500,0.0,0.0
1992-07-21 00:00:00-04:00,2.48812993367513,2.6125364303588867,2.48812993367513,2.6125364303588867,5700,0.0,0.0
1992-07-22 00:00:00-04:00,2.6125364303588867,2.6125364303588867,2.6125364303588867,2.6125364303588867,0,0.0,0.0
1992-07-23 00:00:00-04:00,2.6125364303588867,2.6125364303588867,2.6125364303588867,2.6125364303588867,0,0.0,0.0
1992-07-24 00:00:00-04:00,2.6125364303588867,2.6125364303588867,2.6125364303588867,2.6125364303588867,0,0.0,0.0
1992-07-27 00:00:00-04:00,2.8198816776275635,2.8198816776275635,2.8198816776275635,2.8198816776275635,100,0.0,0.0
1992-07-28 00:00:00-04:00,2.8198816776275635,2.8198816776275635,2.8198816776275635,2.8198816776275635,0,0.0,0.0
1992-07-29 00:00:00-04:00,2.4881306290626526,2.654006004333496,2.4881306290626526,2.654006004333496,7700,0.0,0.0
1992-07-30 00:00:00-04:00,2.8198816776275635,2.8198816776275635,2.8198816776275635,2.8198816776275635,500,0.0,0.0
1992-07-31 00:00:00-04:00,2.6540062848259423,3.1516324632308064,2.6540062848259423,2.8198816776275635,7800,0.0,0.0
1992-08-03 00:00:00-04:00,2.8198816776275635,2.8198816776275635,2.8198816776275635,2.8198816776275635,0,0.0,0.0
1992-08-04 00:00:00-04:00,2.8198816776275635,2.8198816776275635,2.8198816776275635,2.8198816776275635,0,0.0,0.0
1992-08-05 00:00:00-04:00,2.8198816776275635,2.8198816776275635,2.8198816776275635,2.8198816776275635,0,0.0,0.0
1992-08-06 00:00:00-04:00,2.654006004333496,2.654006004333496,2.654006004333496,2.654006004333496,600,0.0,0.0
1992-08-07 00:00:00-04:00,2.654006004333496,2.654006004333496,2.654006004333496,2.654006004333496,300,0.0,0.0
1992-08-10 00:00:00-04:00,2.654006004333496,2.654006004333496,2.654006004333496,2.654006004333496,0,0.0,0.0
1992-08-11 00:00:00-04:00,2.98575758934021,2.98575758934021,2.98575758934021,2.98575758934021,500,0.0,0.0
1992-08-12 00:00:00-04:00,2.98575758934021,2.98575758934021,2.98575758934021,2.98575758934021,0,0.0,0.0
1992-08-13 00:00:00-04:00,2.654006004333496,2.985756754875183,2.654006004333496,2.654006004333496,1200,0.0,0.0
1992-08-14 00:00:00-04:00,2.98575758934021,2.98575758934021,2.98575758934021,2.98575758934021,900,0.0,0.0
1992-08-17 00:00:00-04:00,2.98575758934021,2.98575758934021,2.98575758934021,2.98575758934021,0,0.0,0.0
1992-08-18 00:00:00-04:00,2.6540062848259423,2.985757070429185,2.6540062848259423,2.8198816776275635,8000,0.0,0.0
1992-08-19 00:00:00-04:00,2.8198816776275635,2.8198816776275635,2.8198816776275635,2.8198816776275635,0,0.0,0.0
1992-08-20 00:00:00-04:00,2.8198816776275635,2.8198816776275635,2.8198816776275635,2.8198816776275635,0,0.0,0.0
1992-08-21 00:00:00-04:00,2.8198816776275635,2.8198816776275635,2.8198816776275635,2.8198816776275635,0,0.0,0.0
1992-08-24 00:00:00-04:00,2.8198816776275635,2.8198816776275635,2.8198816776275635,2.8198816776275635,300,0.0,0.0
1992-08-25 00:00:00-04:00,2.819881929670061,2.9028196334838863,2.819881929670061,2.9028196334838867,10000,0.0,0.0
1992-08-26 00:00:00-04:00,2.909468650817871,2.909468650817871,2.909468650817871,2.909468650817871,0,0.01,0.0
1992-08-27 00:00:00-04:00,2.6600866317749023,2.6600866317749023,2.6600866317749023,2.6600866317749023,500,0.0,0.0
1992-08-28 00:00:00-04:00,2.6600866317749023,2.6600866317749023,2.6600866317749023,2.6600866317749023,3200,0.0,0.0
1992-08-31 00:00:00-04:00,2.660086014691521,2.826341390609741,2.660086014691521,2.826341390609741,5400,0.0,0.0
1992-09-01 00:00:00-04:00,2.826341390609741,2.826341390609741,2.826341390609741,2.826341390609741,400,0.0,0.0
1992-09-02 00:00:00-04:00,2.6600866317749023,2.6600866317749023,2.6600866317749023,2.6600866317749023,200,0.0,0.0
1992-09-03 00:00:00-04:00,2.6600865258110895,2.9925973415374756,2.6600865258110895,2.9925973415374756,1700,0.0,0.0
1992-09-04 00:00:00-04:00,2.743214339017868,2.8263420462608337,2.6600866317749023,2.6600866317749023,3200,0.0,0.0
1992-09-08 00:00:00-04:00,2.9094696376058793,2.9925973415374756,2.6600865258110895,2.9925973415374756,4700,0.0,0.0
1992-09-09 00:00:00-04:00,3.1588528752326965,3.1588528752326965,2.6600866317749023,2.6600866317749023,2100,0.0,0.0
1992-09-10 00:00:00-04:00,2.6600866317749023,2.6600866317749023,2.6600866317749023,2.6600866317749023,0,0.0,0.0
1992-09-11 00:00:00-04:00,2.9925978560196724,3.15885329246521,2.909470137796904,3.15885329246521,11800,0.0,0.0
1992-09-14 00:00:00-04:00,3.158853360584804,3.4913642406463623,3.158853360584804,3.4913642406463623,2600,0.0,0.0
1992-09-15 00:00:00-04:00,3.4913617697629062,3.6576170921325684,3.4913617697629062,3.6576170921325684,4200,0.0,0.0
1992-09-16 00:00:00-04:00,3.158852422237396,3.8238739848136905,3.158852422237396,3.3251078128814697,5100,0.0,0.0
1992-09-17 00:00:00-04:00,3.3251078128814697,3.3251078128814697,3.3251078128814697,3.3251078128814697,800,0.0,0.0
1992-09-18 00:00:00-04:00,3.3251078128814697,3.3251078128814697,3.3251078128814697,3.3251078128814697,200,0.0,0.0
1992-09-21 00:00:00-04:00,3.3251078128814697,3.3251078128814697,3.3251078128814697,3.3251078128814697,100,0.0,0.0
1992-09-22 00:00:00-04:00,3.6576170921325684,3.6576170921325684,3.325106447393244,3.6576170921325684,1300,0.0,0.0
1992-09-23 00:00:00-04:00,3.15885329246521,3.15885329246521,3.15885329246521,3.15885329246521,1000,0.0,0.0
1992-09-24 00:00:00-04:00,3.15885329246521,3.15885329246521,3.15885329246521,3.15885329246521,1000,0.0,0.0
1992-09-25 00:00:00-04:00,3.15885329246521,3.15885329246521,3.15885329246521,3.15885329246521,100,0.0,0.0
1992-09-28 00:00:00-04:00,3.657619601801822,3.657619601801822,3.15885329246521,3.15885329246521,500,0.0,0.0
1992-09-29 00:00:00-04:00,3.15885329246521,3.15885329246521,3.15885329246521,3.15885329246521,0,0.0,0.0
1992-09-30 00:00:00-04:00,3.158852743548016,3.574491262435913,3.158852743548016,3.574491262435913,18500,0.0,0.0
1992-10-01 00:00:00-04:00,3.574491262435913,3.574491262435913,3.574491262435913,3.574491262435913,0,0.0,0.0
1992-10-02 00:00:00-04:00,3.574491262435913,3.574491262435913,3.574491262435913,3.574491262435913,0,0.0,0.0
1992-10-05 00:00:00-04:00,3.574491262435913,3.574491262435913,3.574491262435913,3.574491262435913,0,0.0,0.0
1992-10-06 00:00:00-04:00,3.657619745835014,3.8238751888275146,3.4913643028425136,3.8238751888275146,1600,0.0,0.0
1992-10-07 00:00:00-04:00,3.740747400692531,3.740747400692531,3.4913642406463623,3.4913642406463623,2500,0.0,0.0
1992-10-08 00:00:00-04:00,3.4913642406463623,3.4913642406463623,3.4913642406463623,3.4913642406463623,500,0.0,0.0
1992-10-09 00:00:00-04:00,3.4913642406463623,3.4913642406463623,3.4913642406463623,3.4913642406463623,0,0.0,0.0
1992-10-12 00:00:00-04:00,3.574491262435913,3.6576189662134926,3.4913635586583336,3.574491262435913,15300,0.0,0.0
1992-10-13 00:00:00-04:00,3.4913642406463623,3.9901305607386996,3.4913642406463623,3.4913642406463623,1300,0.0,0.0
1992-10-14 00:00:00-04:00,3.8238724145022305,3.8238724145022305,3.6576170921325684,3.6576170921325684,500,0.0,0.0
1992-10-15 00:00:00-04:00,3.657617370287577,3.9901280403137207,3.657617370287577,3.9901280403137207,1100,0.0,0.0
1992-10-16 00:00:00-04:00,3.7407491207122803,3.7407491207122803,3.7407491207122803,3.7407491207122803,1000,0.0,0.0
1992-10-19 00:00:00-04:00,3.4913642406463623,3.8238751207079207,3.4913642406463623,3.4913642406463623,7600,0.0,0.0
1992-10-20 00:00:00-04:00,3.4913642406463623,3.4913642406463623,3.4913642406463623,3.4913642406463623,0,0.0,0.0
1992-10-21 00:00:00-04:00,3.491363890627597,3.990130160717254,3.491363890627597,3.9070024490356445,64300,0.0,0.0
1992-10-22 00:00:00-04:00,3.9070024490356445,3.9070024490356445,3.9070024490356445,3.9070024490356445,0,0.0,0.0
1992-10-23 00:00:00-04:00,3.8238724145022305,3.8238724145022305,3.6576170921325684,3.6576170921325684,4000,0.0,0.0
1992-10-26 00:00:00-05:00,4.073254585266113,4.073254585266113,4.073254585266113,4.073254585266113,100,0.0,0.0
1992-10-27 00:00:00-05:00,3.9901280403137207,3.9901280403137207,3.8238727053006487,3.9901280403137207,2100,0.0,0.0
1992-10-28 00:00:00-05:00,3.8238724145022305,3.8238724145022305,3.6576170921325684,3.6576170921325684,7900,0.0,0.0
1992-10-29 00:00:00-05:00,3.6576170921325684,3.6576170921325684,3.6576170921325684,3.6576170921325684,2700,0.0,0.0
1992-10-30 00:00:00-05:00,3.6576170921325684,3.6576170921325684,3.6576170921325684,3.6576170921325684,1000,0.0,0.0
1992-11-02 00:00:00-05:00,3.4913642406463623,3.4913642406463623,3.4913642406463623,3.4913642406463623,1000,0.0,0.0
1992-11-03 00:00:00-05:00,3.4913642406463623,3.4913642406463623,3.4913642406463623,3.4913642406463623,0,0.0,0.0
1992-11-04 00:00:00-05:00,3.574491262435913,3.6576189662134926,3.574491262435913,3.574491262435913,6000,0.0,0.0
1992-11-05 00:00:00-05:00,3.574491262435913,3.574491262435913,3.574491262435913,3.574491262435913,0,0.0,0.0
1992-11-06 00:00:00-05:00,3.574491262435913,3.574491262435913,3.574491262435913,3.574491262435913,0,0.0,0.0
1992-11-09 00:00:00-05:00,3.574491262435913,3.574491262435913,3.574491262435913,3.574491262435913,0,0.0,0.0
1992-11-10 00:00:00-05:00,3.9901280403137207,3.9901280403137207,3.9901280403137207,3.9901280403137207,100,0.0,0.0
1992-11-11 00:00:00-05:00,3.9901280403137207,3.9901280403137207,3.9901280403137207,3.9901280403137207,0,0.0,0.0
1992-11-12 00:00:00-05:00,3.9901280403137207,3.9901280403137207,3.9901280403137207,3.9901280403137207,0,0.0,0.0
1992-11-13 00:00:00-05:00,3.9901280403137207,3.9901280403137207,3.9901280403137207,3.9901280403137207,0,0.0,0.0
1992-11-16 00:00:00-05:00,3.4913642406463623,3.4913642406463623,3.4913642406463623,3.4913642406463623,300,0.0,0.0
1992-11-17 00:00:00-05:00,3.9901306318200156,3.9901306318200156,3.657619745835014,3.8238751888275146,7600,0.0,0.0
1992-11-18 00:00:00-05:00,3.9901297813238097,3.9901297813238097,3.574491262435913,3.574491262435913,1100,0.0,0.0
1992-11-19 00:00:00-05:00,3.4913635586583336,3.574491262435913,3.4913635586583336,3.574491262435913,5000,0.0,0.0
1992-11-20 00:00:00-05:00,3.4913642406463623,3.4913642406463623,3.4913642406463623,3.4913642406463623,23000,0.0,0.0
1992-11-23 00:00:00-05:00,3.823876878950331,3.823876878950331,3.6160574833552044,3.7407491207122803,13800,0.0,0.0
1992-11-24 00:00:00-05:00,3.497581293416578,3.830684273741966,3.497581293416578,3.580857038497925,14200,0.01,0.0
1992-11-25 00:00:00-05:00,3.5808570384979252,3.5808570384979252,3.5808570384979252,3.580857038497925,0,0.0,0.0
1992-11-27 00:00:00-05:00,3.5808570384979252,3.5808570384979252,3.5808570384979252,3.580857038497925,0,0.0,0.0
1992-11-30 00:00:00-05:00,3.8306853771209717,3.8306853771209717,3.8306853771209717,3.8306853771209717,8200,0.0,0.0
1992-12-01 00:00:00-05:00,3.6641310453414917,3.9972338676452637,3.6641310453414917,3.9972338676452637,5900,0.0,0.0
1992-12-02 00:00:00-05:00,3.9139581620693207,3.9972338676452637,3.9139581620693207,3.9972338676452637,14100,0.0,0.0
1992-12-03 00:00:00-05:00,3.6641316413879395,3.6641316413879395,3.6641316413879395,3.6641316413879395,100,0.0,0.0
1992-12-04 00:00:00-05:00,3.6641316413879395,3.6641316413879395,3.6641316413879395,3.6641316413879395,0,0.0,0.0
1992-12-07 00:00:00-05:00,3.6641338389852773,4.16378845339236,3.6641338389852773,3.8306853771209717,1300,0.0,0.0
1992-12-08 00:00:00-05:00,4.16378527879715,4.16378527879715,3.8306824564933777,3.9972338676452637,1900,0.0,0.0
1992-12-09 00:00:00-05:00,3.997236915256666,4.16378845339236,3.8306853771209717,3.8306853771209717,46300,0.0,0.0
1992-12-10 00:00:00-05:00,3.9972338676452637,4.080509573221207,3.9972338676452637,3.9972338676452637,20900,0.0,0.0
1992-12-11 00:00:00-05:00,4.163787411708458,4.330338908176796,3.997235915240119,4.247063159942627,19000,0.0,0.0
1992-12-14 00:00:00-05:00,4.496891021728516,4.496891021728516,4.496891021728516,4.496891021728516,1000,0.0,0.0
1992-12-15 00:00:00-05:00,4.24706262588501,4.24706262588501,4.163786888122559,4.163786888122559,200,0.0,0.0
1992-12-16 00:00:00-05:00,4.163786888122559,4.163786888122559,4.163786888122559,4.163786888122559,0,0.0,0.0
1992-12-17 00:00:00-05:00,4.496889839172363,4.496889839172363,4.163786888122559,4.163786888122559,600,0.0,0.0
1992-12-18 00:00:00-05:00,4.163786888122559,4.163786888122559,4.163786888122559,4.163786888122559,24000,0.0,0.0
1992-12-21 00:00:00-05:00,4.247063159942627,4.330338908176796,4.163787411708458,4.247063159942627,14600,0.0,0.0
1992-12-22 00:00:00-05:00,4.163786888122559,4.163786888122559,4.163786888122559,4.163786888122559,200,0.0,0.0
1992-12-23 00:00:00-05:00,4.163786888122559,4.163786888122559,4.163786888122559,4.163786888122559,0,0.0,0.0
1992-12-24 00:00:00-05:00,4.163786081167368,4.3303375244140625,4.163786081167368,4.3303375244140625,2200,0.0,0.0
1992-12-28 00:00:00-05:00,4.163786888122559,4.2887004947662355,4.163786888122559,4.163786888122559,3900,0.0,0.0
1992-12-29 00:00:00-05:00,4.163786888122559,4.330338363647461,4.163786888122559,4.163786888122559,2600,0.0,0.0
1992-12-30 00:00:00-05:00,4.163786888122559,4.330338363647461,4.163786888122559,4.163786888122559,400,0.0,0.0
1992-12-31 00:00:00-05:00,4.3303375244140625,4.3303375244140625,4.3303375244140625,4.3303375244140625,600,0.0,0.0
1993-01-04 00:00:00-05:00,4.163786888122559,4.163786888122559,4.163786888122559,4.163786888122559,1200,0.0,0.0
1993-01-05 00:00:00-05:00,4.3303375244140625,4.3303375244140625,4.3303375244140625,4.3303375244140625,500,0.0,0.0
1993-01-06 00:00:00-05:00,4.3303375244140625,4.3303375244140625,4.3303375244140625,4.3303375244140625,100,0.0,0.0
1993-01-07 00:00:00-05:00,4.3303375244140625,4.3303375244140625,4.3303375244140625,4.3303375244140625,0,0.0,0.0
1993-01-08 00:00:00-05:00,4.3303375244140625,4.3303375244140625,4.3303375244140625,4.3303375244140625,0,0.0,0.0
1993-01-11 00:00:00-05:00,4.247063159942627,4.247063159942627,4.247063159942627,4.247063159942627,1000,0.0,0.0
1993-01-12 00:00:00-05:00,4.3303375244140625,4.496888967660757,4.163786081167368,4.3303375244140625,6600,0.0,0.0
1993-01-13 00:00:00-05:00,4.66343879699707,4.66343879699707,4.66343879699707,4.66343879699707,100,0.0,0.0
1993-01-14 00:00:00-05:00,4.330339502405237,4.496891021728516,4.330339502405237,4.496891021728516,120400,0.0,0.0
1993-01-15 00:00:00-05:00,4.496891021728516,4.496891021728516,4.496891021728516,4.496891021728516,0,0.0,0.0
1993-01-18 00:00:00-05:00,4.496888967660757,4.496888967660757,4.3303375244140625,4.3303375244140625,700,0.0,0.0
1993-01-19 00:00:00-05:00,4.3303360257829935,4.66343879699707,4.3303360257829935,4.66343879699707,900,0.0,0.0
1993-01-20 00:00:00-05:00,4.496887411390032,4.66343879699707,4.496887411390032,4.66343879699707,2900,0.0,0.0
1993-01-21 00:00:00-05:00,4.9965434074401855,4.9965434074401855,4.9965434074401855,4.9965434074401855,1000,0.0,0.0
1993-01-22 00:00:00-05:00,4.829994201660156,5.1630972500505115,4.829994201660156,4.829994201660156,5300,0.0,0.0
1993-01-25 00:00:00-05:00,4.996545910835266,5.329648971557617,4.913270145654678,5.329648971557617,8700,0.0,0.0
1993-01-26 00:00:00-05:00,4.829994201660156,5.1630972500505115,4.829994201660156,4.829994201660156,3900,0.0,0.0
1993-01-27 00:00:00-05:00,4.829994201660156,4.829994201660156,4.829994201660156,4.829994201660156,0,0.0,0.0
1993-01-28 00:00:00-05:00,4.829994201660156,4.996545725855334,4.829994201660156,4.829994201660156,5000,0.0,0.0
1993-01-29 00:00:00-05:00,4.829993388691887,5.07982063293457,4.829993388691887,5.07982063293457,8300,0.0,0.0
1993-02-01 00:00:00-05:00,5.07982063293457,5.07982063293457,5.07982063293457,5.07982063293457,0,0.0,0.0
1993-02-02 00:00:00-05:00,4.829992986494495,5.163095951080322,4.829992986494495,5.163095951080322,800,0.0,0.0
1993-02-03 00:00:00-05:00,5.163095951080322,5.163095951080322,5.163095951080322,5.163095951080322,0,0.0,0.0
1993-02-04 00:00:00-05:00,5.1630972500505115,5.1630972500505115,4.829994201660156,4.829994201660156,900,0.0,0.0
1993-02-05 00:00:00-05:00,5.163095951080322,5.163095951080322,5.163095951080322,5.163095951080322,1100,0.0,0.0
1993-02-08 00:00:00-05:00,5.163095951080322,5.163095951080322,5.163095951080322,5.163095951080322,0,0.0,0.0
1993-02-09 00:00:00-05:00,4.829994201660156,4.996545725855334,4.829994201660156,4.829994201660156,20700,0.0,0.0
1993-02-10 00:00:00-05:00,4.829994201660156,5.1630972500505115,4.829994201660156,4.829994201660156,12200,0.0,0.0
1993-02-11 00:00:00-05:00,4.829992986494495,5.163095951080322,4.829992986494495,5.163095951080322,13500,0.0,0.0
1993-02-12 00:00:00-05:00,5.163097441196442,5.329648971557617,5.163097441196442,5.329648971557617,3500,0.0,0.0
1993-02-16 00:00:00-05:00,5.412927143501513,5.4962029457092285,5.163099736878365,5.4962029457092285,7000,0.0,0.0
1993-02-17 00:00:00-05:00,5.163097441196442,5.662752032279968,4.996545910835266,5.329648971557617,1700,0.0,0.0
1993-02-18 00:00:00-05:00,5.329648971557617,5.329648971557617,5.329648971557617,5.329648971557617,0,0.0,0.0
1993-02-19 00:00:00-05:00,4.996543070849251,5.66274881362915,4.996543070849251,5.66274881362915,1300,0.0,0.0
1993-02-22 00:00:00-05:00,5.66274881362915,5.66274881362915,5.66274881362915,5.66274881362915,0,0.0,0.0
1993-02-23 00:00:00-05:00,5.335923767089843,5.335923767089843,5.0024285316467285,5.0024285316467285,1100,0.01,0.0
1993-02-24 00:00:00-05:00,5.002431124448776,5.335926532745361,5.002431124448776,5.335926532745361,2400,0.0,0.0
1993-02-25 00:00:00-05:00,5.00242836335126,5.669418811798096,5.00242836335126,5.669418811798096,400,0.0,0.0
1993-02-26 00:00:00-05:00,5.669418811798096,5.669418811798096,5.669418811798096,5.669418811798096,0,0.0,0.0
1993-03-01 00:00:00-05:00,5.16917678288051,5.2525506019592285,5.16917678288051,5.2525506019592285,2000,0.0,0.0
1993-03-02 00:00:00-05:00,5.169177532196045,5.169177532196045,5.169177532196045,5.169177532196045,1000,0.0,0.0
1993-03-03 00:00:00-05:00,5.502671199686387,5.669418811798096,5.502671199686387,5.669418811798096,600,0.0,0.0
1993-03-04 00:00:00-05:00,5.669424259301388,5.669424259301388,5.502676486968994,5.502676486968994,800,0.0,0.0
1993-03-05 00:00:00-05:00,5.502676486968994,5.502676486968994,5.502676486968994,5.502676486968994,0,0.0,0.0
1993-03-08 00:00:00-05:00,5.335926532745361,5.335926532745361,5.335926532745361,5.335926532745361,6200,0.0,0.0
1993-03-09 00:00:00-05:00,5.335926532745361,5.335926532745361,5.335926532745361,5.335926532745361,600,0.0,0.0
1993-03-10 00:00:00-05:00,5.335926532745361,5.335926532745361,5.335926532745361,5.335926532745361,6700,0.0,0.0
1993-03-11 00:00:00-05:00,5.419302600802798,5.502676486968994,5.335928714636601,5.502676486968994,8000,0.0,0.0
1993-03-12 00:00:00-05:00,5.335926532745361,5.335926532745361,5.335926532745361,5.335926532745361,6500,0.0,0.0
1993-03-15 00:00:00-05:00,5.502676486968994,5.669424259301388,5.335928714636601,5.502676486968994,16500,0.0,0.0
1993-03-16 00:00:00-05:00,5.502676486968994,5.669424259301388,5.502676486968994,5.502676486968994,8500,0.0,0.0
1993-03-17 00:00:00-05:00,5.335928714636601,5.669424259301388,5.335928714636601,5.502676486968994,4400,0.0,0.0
1993-03-18 00:00:00-05:00,5.502676486968994,5.502676486968994,5.502676486968994,5.502676486968994,12700,0.0,0.0
1993-03-19 00:00:00-05:00,5.669421941041946,5.669421941041946,5.335926532745361,5.335926532745361,1700,0.0,0.0
1993-03-22 00:00:00-05:00,5.335928714636601,5.502676486968994,5.335928714636601,5.502676486968994,600,0.0,0.0
1993-03-23 00:00:00-05:00,5.502676486968994,5.502676486968994,5.502676486968994,5.502676486968994,0,0.0,0.0
1993-03-24 00:00:00-05:00,5.335928714636601,5.502676486968994,5.335928714636601,5.502676486968994,3700,0.0,0.0
1993-03-25 00:00:00-05:00,5.669419697352818,5.669419697352818,5.2525506019592285,5.2525506019592285,1600,0.0,0.0
1993-03-26 00:00:00-05:00,5.2525506019592285,5.2525506019592285,5.2525506019592285,5.2525506019592285,0,0.0,0.0
1993-03-29 00:00:00-05:00,5.169177532196045,5.169177532196045,5.169177532196045,5.169177532196045,3000,0.0,0.0
1993-03-30 00:00:00-05:00,5.169177532196045,5.3359251945249495,5.169177532196045,5.169177532196045,5000,0.0,0.0
1993-03-31 00:00:00-05:00,5.169177532196045,5.169177532196045,5.169177532196045,5.169177532196045,100,0.0,0.0
1993-04-01 00:00:00-05:00,5.169177532196045,5.169177532196045,5.169177532196045,5.169177532196045,0,0.0,0.0
1993-04-02 00:00:00-05:00,5.169178828597069,5.335926532745361,5.169178828597069,5.335926532745361,1500,0.0,0.0
1993-04-05 00:00:00-04:00,5.335926532745361,5.335926532745361,5.335926532745361,5.335926532745361,500,0.0,0.0
1993-04-06 00:00:00-04:00,5.3359251945249495,5.3359251945249495,5.00242986986714,5.169177532196045,7000,0.0,0.0
1993-04-07 00:00:00-04:00,5.169177532196045,5.169177532196045,5.169177532196045,5.169177532196045,0,0.0,0.0
1993-04-08 00:00:00-04:00,5.169178828597069,5.335926532745361,5.169178828597069,5.335926532745361,400,0.0,0.0
1993-04-12 00:00:00-04:00,5.0024285316467285,5.0024285316467285,5.0024285316467285,5.0024285316467285,2600,0.0,0.0
1993-04-13 00:00:00-04:00,5.169177532196045,5.169177532196045,5.169177532196045,5.169177532196045,5000,0.0,0.0
1993-04-14 00:00:00-04:00,5.002431124448776,5.335926532745361,5.002431124448776,5.335926532745361,9100,0.0,0.0
1993-04-15 00:00:00-04:00,5.0024285316467285,5.169176149368286,5.0024285316467285,5.0024285316467285,1600,0.0,0.0
1993-04-16 00:00:00-04:00,5.0024285316467285,5.0024285316467285,5.0024285316467285,5.0024285316467285,1000,0.0,0.0
1993-04-19 00:00:00-04:00,5.002431124448776,5.335926532745361,5.002431124448776,5.335926532745361,700,0.0,0.0
1993-04-20 00:00:00-04:00,5.335926532745361,5.335926532745361,5.335926532745361,5.335926532745361,0,0.0,0.0
1993-04-21 00:00:00-04:00,5.0024285316467285,5.0024285316467285,5.0024285316467285,5.0024285316467285,100,0.0,0.0
1993-04-22 00:00:00-04:00,5.0024285316467285,5.0024285316467285,5.0024285316467285,5.0024285316467285,0,0.0,0.0
1993-04-23 00:00:00-04:00,5.00242986986714,5.169177532196045,5.00242986986714,5.169177532196045,4000,0.0,0.0
1993-04-26 00:00:00-04:00,5.3359251945249495,5.3359251945249495,5.169177532196045,5.169177532196045,1000,0.0,0.0
1993-04-27 00:00:00-04:00,5.0024285316467285,5.0024285316467285,5.0024285316467285,5.0024285316467285,500,0.0,0.0
1993-04-28 00:00:00-04:00,5.0024285316467285,5.0024285316467285,5.0024285316467285,5.0024285316467285,7900,0.0,0.0
1993-04-29 00:00:00-04:00,5.169177821425142,5.169177821425142,5.085803985595703,5.085803985595703,6000,0.0,0.0
1993-04-30 00:00:00-04:00,5.085803985595703,5.085803985595703,5.085803985595703,5.085803985595703,6600,0.0,0.0
1993-05-03 00:00:00-04:00,5.085803985595703,5.085803985595703,5.085803985595703,5.085803985595703,0,0.0,0.0
1993-05-04 00:00:00-04:00,5.335926532745361,5.335926532745361,5.335926532745361,5.335926532745361,600,0.0,0.0
1993-05-05 00:00:00-04:00,5.335926532745361,5.335926532745361,5.335926532745361,5.335926532745361,0,0.0,0.0
1993-05-06 00:00:00-04:00,5.0024285316467285,5.0024285316467285,5.0024285316467285,5.0024285316467285,1600,0.0,0.0
1993-05-07 00:00:00-04:00,5.169178828597069,5.335926532745361,5.169178828597069,5.335926532745361,2200,0.0,0.0
1993-05-10 00:00:00-04:00,5.335926532745361,5.335926532745361,5.335926532745361,5.335926532745361,0,0.0,0.0
1993-05-11 00:00:00-04:00,5.335924421037946,5.335924421037946,5.2525506019592285,5.2525506019592285,1300,0.0,0.0
1993-05-12 00:00:00-04:00,5.2525506019592285,5.2525506019592285,5.2525506019592285,5.2525506019592285,0,0.0,0.0
1993-05-13 00:00:00-04:00,5.085803985595703,5.085803985595703,5.085803985595703,5.085803985595703,5000,0.0,0.0
1993-05-14 00:00:00-04:00,5.335926532745361,5.335926532745361,5.335926532745361,5.335926532745361,300,0.0,0.0
1993-05-17 00:00:00-04:00,5.335926532745361,5.335926532745361,5.335926532745361,5.335926532745361,0,0.0,0.0
1993-05-18 00:00:00-04:00,4.919056313936828,5.085803985595703,4.919056313936828,5.085803985595703,10400,0.0,0.0
1993-05-19 00:00:00-04:00,4.835683345794678,4.835683345794678,4.835683345794678,4.835683345794678,500,0.0,0.0
1993-05-20 00:00:00-04:00,4.835683345794678,4.835683345794678,4.835683345794678,4.835683345794678,0,0.0,0.0
1993-05-21 00:00:00-04:00,4.835683345794678,4.835683345794678,4.835683345794678,4.835683345794678,0,0.0,0.0
1993-05-24 00:00:00-04:00,4.835683345794678,4.835683345794678,4.835683345794678,4.835683345794678,500,0.0,0.0
1993-05-25 00:00:00-04:00,4.84570848941803,5.346988677978516,4.84570848941803,5.346988677978516,500,0.015,0.0
1993-05-26 00:00:00-04:00,5.346988677978516,5.346988677978516,5.346988677978516,5.346988677978516,600,0.0,0.0
1993-05-27 00:00:00-04:00,4.845706845893234,5.096346855163574,4.845706845893234,5.096346855163574,2400,0.0,0.0
1993-05-28 00:00:00-04:00,5.096346855163574,5.096346855163574,5.096346855163574,5.096346855163574,0,0.0,0.0
1993-06-01 00:00:00-04:00,5.012800775725266,5.1798941349161085,4.845707416534424,4.845707416534424,4700,0.0,0.0
1993-06-02 00:00:00-04:00,4.845707416534424,4.845707416534424,4.845707416534424,4.845707416534424,0,0.0,0.0
1993-06-03 00:00:00-04:00,4.845707416534424,4.845707416534424,4.845707416534424,4.845707416534424,0,0.0,0.0
1993-06-04 00:00:00-04:00,4.845707416534424,4.845707416534424,4.845707416534424,4.845707416534424,0,0.0,0.0
1993-06-07 00:00:00-04:00,4.845707416534424,4.845707416534424,4.845707416534424,4.845707416534424,0,0.0,0.0
1993-06-08 00:00:00-04:00,4.845707416534424,4.845707416534424,4.845707416534424,4.845707416534424,400,0.0,0.0
1993-06-09 00:00:00-04:00,5.012801885604858,5.346988677978516,5.012801885604858,5.346988677978516,1600,0.0,0.0
1993-06-10 00:00:00-04:00,5.0127997398376465,5.0127997398376465,5.0127997398376465,5.0127997398376465,2200,0.0,0.0
1993-06-11 00:00:00-04:00,5.0127997398376465,5.0127997398376465,5.0127997398376465,5.0127997398376465,0,0.0,0.0
1993-06-14 00:00:00-04:00,5.0127997398376465,5.0127997398376465,5.0127997398376465,5.0127997398376465,700,0.0,0.0
1993-06-15 00:00:00-04:00,5.179893064498901,5.179893064498901,5.0127997398376465,5.0127997398376465,1200,0.0,0.0
1993-06-16 00:00:00-04:00,5.263439726829528,5.263439726829528,5.0127997398376465,5.0127997398376465,1900,0.0,0.0
1993-06-17 00:00:00-04:00,5.0127997398376465,5.0127997398376465,5.0127997398376465,5.0127997398376465,600,0.0,0.0
1993-06-18 00:00:00-04:00,5.0127997398376465,5.0127997398376465,5.0127997398376465,5.0127997398376465,500,0.0,0.0
1993-06-21 00:00:00-04:00,5.0127997398376465,5.179893064498901,5.0127997398376465,5.0127997398376465,8800,0.0,0.0
1993-06-22 00:00:00-04:00,5.0127997398376465,5.0127997398376465,5.0127997398376465,5.0127997398376465,0,0.0,0.0
1993-06-23 00:00:00-04:00,5.0127997398376465,5.0127997398376465,5.0127997398376465,5.0127997398376465,3700,0.0,0.0
1993-06-24 00:00:00-04:00,5.0127997398376465,5.0127997398376465,5.0127997398376465,5.0127997398376465,8400,0.0,0.0
1993-06-25 00:00:00-04:00,5.096347762692359,5.17989444732666,5.096347762692359,5.17989444732666,26100,0.0,0.0
1993-06-28 00:00:00-04:00,5.012800185406794,5.346986864433914,5.012800185406794,5.096346855163574,1100,0.0,0.0
1993-06-29 00:00:00-04:00,5.012800185406794,5.096346855163574,5.012800185406794,5.096346855163574,2000,0.0,0.0
1993-06-30 00:00:00-04:00,5.096346855163574,5.096346855163574,5.096346855163574,5.096346855163574,0,0.0,0.0
1993-07-01 00:00:00-04:00,5.514085292816162,5.514085292816162,5.514085292816162,5.514085292816162,100,0.0,0.0
1993-07-02 00:00:00-04:00,5.17989444732666,5.17989444732666,5.17989444732666,5.17989444732666,1000,0.0,0.0
1993-07-06 00:00:00-04:00,5.17989444732666,5.17989444732666,5.17989444732666,5.17989444732666,0,0.0,0.0
1993-07-07 00:00:00-04:00,5.17989444732666,5.17989444732666,5.17989444732666,5.17989444732666,0,0.0,0.0
1993-07-08 00:00:00-04:00,5.17989444732666,5.17989444732666,5.17989444732666,5.17989444732666,0,0.0,0.0
1993-07-09 00:00:00-04:00,5.17989444732666,5.17989444732666,5.17989444732666,5.17989444732666,0,0.0,0.0
1993-07-12 00:00:00-04:00,5.17989444732666,5.17989444732666,5.17989444732666,5.17989444732666,0,0.0,0.0
1993-07-13 00:00:00-04:00,5.17989444732666,5.17989444732666,5.17989444732666,5.17989444732666,0,0.0,0.0
1993-07-14 00:00:00-04:00,5.0127997398376465,5.0127997398376465,5.0127997398376465,5.0127997398376465,1900,0.0,0.0
1993-07-15 00:00:00-04:00,5.0127997398376465,5.0127997398376465,5.0127997398376465,5.0127997398376465,1500,0.0,0.0
1993-07-16 00:00:00-04:00,5.0127997398376465,5.0127997398376465,5.0127997398376465,5.0127997398376465,0,0.0,0.0
1993-07-19 00:00:00-04:00,5.0127997398376465,5.0127997398376465,5.0127997398376465,5.0127997398376465,0,0.0,0.0
1993-07-20 00:00:00-04:00,5.0127997398376465,5.0127997398376465,5.0127997398376465,5.0127997398376465,0,0.0,0.0
1993-07-21 00:00:00-04:00,5.0127997398376465,5.0127997398376465,5.0127997398376465,5.0127997398376465,0,0.0,0.0
1993-07-22 00:00:00-04:00,5.0127997398376465,5.0127997398376465,5.0127997398376465,5.0127997398376465,0,0.0,0.0
1993-07-23 00:00:00-04:00,5.0127997398376465,5.0127997398376465,5.0127997398376465,5.0127997398376465,1500,0.0,0.0
1993-07-26 00:00:00-04:00,5.346988677978516,5.346988677978516,5.346988677978516,5.346988677978516,1600,0.0,0.0
1993-07-27 00:00:00-04:00,4.845707416534424,4.845707416534424,4.845707416534424,4.845707416534424,1000,0.0,0.0
1993-07-28 00:00:00-04:00,4.845706845893234,5.179893524920354,4.845706845893234,5.096346855163574,4300,0.0,0.0
1993-07-29 00:00:00-04:00,5.096346855163574,5.096346855163574,5.096346855163574,5.096346855163574,0,0.0,0.0
1993-07-30 00:00:00-04:00,4.845707416534424,4.845707416534424,4.845707416534424,4.845707416534424,1300,0.0,0.0
1993-08-02 00:00:00-04:00,4.845707416534424,4.845707416534424,4.845707416534424,4.845707416534424,700,0.0,0.0
1993-08-03 00:00:00-04:00,4.845707416534424,4.845707416534424,4.845707416534424,4.845707416534424,0,0.0,0.0
1993-08-04 00:00:00-04:00,4.845707416534424,4.845707416534424,4.845707416534424,4.845707416534424,0,0.0,0.0
1993-08-05 00:00:00-04:00,4.845707416534424,4.845707416534424,4.845707416534424,4.845707416534424,0,0.0,0.0
1993-08-06 00:00:00-04:00,4.845707416534424,4.845707416534424,4.845707416534424,4.845707416534424,0,0.0,0.0
1993-08-09 00:00:00-04:00,4.845707416534424,4.929254096129845,4.845707416534424,4.845707416534424,9300,0.0,0.0
1993-08-10 00:00:00-04:00,4.845707416534424,4.845707416534424,4.845707416534424,4.845707416534424,0,0.0,0.0
1993-08-11 00:00:00-04:00,4.845707416534424,4.845707416534424,4.845707416534424,4.845707416534424,0,0.0,0.0
1993-08-12 00:00:00-04:00,4.845707416534424,4.845707416534424,4.845707416534424,4.845707416534424,0,0.0,0.0
1993-08-13 00:00:00-04:00,4.845707416534424,4.845707416534424,4.845707416534424,4.845707416534424,1300,0.0,0.0
1993-08-16 00:00:00-04:00,4.845707416534424,4.845707416534424,4.845707416534424,4.845707416534424,0,0.0,0.0
1993-08-17 00:00:00-04:00,5.346988677978516,5.346988677978516,5.346988677978516,5.346988677978516,300,0.0,0.0
1993-08-18 00:00:00-04:00,5.346988677978516,5.346988677978516,5.346988677978516,5.346988677978516,500,0.0,0.0
1993-08-19 00:00:00-04:00,5.17989444732666,5.17989444732666,5.17989444732666,5.17989444732666,1000,0.0,0.0
1993-08-20 00:00:00-04:00,5.0127997398376465,5.0127997398376465,5.0127997398376465,5.0127997398376465,1600,0.0,0.0
1993-08-23 00:00:00-04:00,4.845707416534424,4.845707416534424,4.845707416534424,4.845707416534424,4000,0.0,0.0
1993-08-24 00:00:00-04:00,4.845706845893234,5.096346855163574,4.845706845893234,5.096346855163574,5600,0.0,0.0
1993-08-25 00:00:00-04:00,4.845707416534424,4.845707416534424,4.845707416534424,4.845707416534424,300,0.0,0.0
1993-08-26 00:00:00-04:00,5.023191928863525,5.023191928863525,5.023191928863525,5.023191928863525,3000,0.015,0.0
1993-08-27 00:00:00-04:00,5.023191928863525,5.023191928863525,5.023191928863525,5.023191928863525,200,0.0,0.0
1993-08-30 00:00:00-04:00,5.525511849311091,5.525511849311091,5.190632343292236,5.190632343292236,1600,0.0,0.0
1993-08-31 00:00:00-04:00,5.441791972806377,5.441791972806377,5.190632343292236,5.190632343292236,11700,0.0,0.0
1993-09-01 00:00:00-04:00,5.190632343292236,5.190632343292236,5.190632343292236,5.190632343292236,0,0.0,0.0
1993-09-02 00:00:00-04:00,5.525516986846924,5.525516986846924,5.525516986846924,5.525516986846924,500,0.0,0.0
1993-09-03 00:00:00-04:00,5.525512531399727,5.525512531399727,5.190632984042168,5.358072757720947,2300,0.0,0.0
1993-09-07 00:00:00-04:00,5.358077078154593,5.609236941193089,5.358077078154593,5.525516986846924,15400,0.0,0.0
1993-09-08 00:00:00-04:00,5.358072757720947,5.358072757720947,5.358072757720947,5.358072757720947,2100,0.0,0.0
1993-09-09 00:00:00-04:00,5.358077078154593,5.525516986846924,5.358077078154593,5.525516986846924,2800,0.0,0.0
1993-09-10 00:00:00-04:00,5.525516986846924,5.525516986846924,5.525516986846924,5.525516986846924,0,0.0,0.0
1993-09-13 00:00:00-04:00,5.358072757720947,5.358072757720947,5.358072757720947,5.358072757720947,4700,0.0,0.0
1993-09-14 00:00:00-04:00,5.358072757720947,5.358072757720947,5.358072757720947,5.358072757720947,0,0.0,0.0
1993-09-15 00:00:00-04:00,5.692954063415527,5.692954063415527,5.692954063415527,5.692954063415527,500,0.0,0.0
1993-09-16 00:00:00-04:00,5.358074412626379,5.692954063415527,5.358074412626379,5.692954063415527,1200,0.0,0.0
1993-09-17 00:00:00-04:00,5.358072757720947,5.358072757720947,5.358072757720947,5.358072757720947,200,0.0,0.0
1993-09-20 00:00:00-04:00,5.525512531399727,5.6929523050785065,5.358072757720947,5.358072757720947,5800,0.0,0.0
1993-09-21 00:00:00-04:00,5.860390663146973,5.860390663146973,5.860390663146973,5.860390663146973,1400,0.0,0.0
1993-09-22 00:00:00-04:00,5.525516986846924,5.525516986846924,5.525516986846924,5.525516986846924,100,0.0,0.0
1993-09-23 00:00:00-04:00,5.525516986846924,6.027836712923917,5.525516986846924,5.525516986846924,2400,0.0,0.0
1993-09-24 00:00:00-04:00,6.027833714204676,6.027833714204676,5.692954063415527,5.692954063415527,4300,0.0,0.0
1993-09-27 00:00:00-04:00,6.027832984924316,6.027832984924316,6.027832984924316,6.027832984924316,300,0.0,0.0
1993-09-28 00:00:00-04:00,6.027832984924316,6.027832984924316,6.027832984924316,6.027832984924316,0,0.0,0.0
1993-09-29 00:00:00-04:00,6.027832984924316,6.027832984924316,6.027832984924316,6.027832984924316,0,0.0,0.0
1993-09-30 00:00:00-04:00,6.027833523957626,6.027833523957626,5.692953883737758,5.776673793792725,10500,0.0,0.0
1993-10-01 00:00:00-04:00,5.776673793792725,5.776673793792725,5.776673793792725,5.776673793792725,0,0.0,0.0
1993-10-04 00:00:00-04:00,5.860390663146973,5.860390663146973,5.860390663146973,5.860390663146973,1000,0.0,0.0
1993-10-05 00:00:00-04:00,6.027833714204676,6.027833714204676,5.692954063415527,5.692954063415527,1800,0.0,0.0
1993-10-06 00:00:00-04:00,5.692954063415527,5.692954063415527,5.692954063415527,5.692954063415527,0,0.0,0.0
1993-10-07 00:00:00-04:00,5.692950929914202,5.860390663146973,5.692950929914202,5.860390663146973,1700,0.0,0.0
1993-10-08 00:00:00-04:00,5.860390663146973,5.860390663146973,5.860390663146973,5.860390663146973,0,0.0,0.0
1993-10-11 00:00:00-04:00,5.860390663146973,5.860390663146973,5.860390663146973,5.860390663146973,0,0.0,0.0
1993-10-12 00:00:00-04:00,5.692954063415527,5.692954063415527,5.692954063415527,5.692954063415527,200,0.0,0.0
1993-10-13 00:00:00-04:00,5.692954063415527,5.692954063415527,5.692954063415527,5.692954063415527,1900,0.0,0.0
1993-10-14 00:00:00-04:00,6.027832984924316,6.027832984924316,6.027832984924316,6.027832984924316,200,0.0,0.0
1993-10-15 00:00:00-04:00,6.027830396379743,6.195270129612513,5.860390663146973,5.860390663146973,3800,0.0,0.0
1993-10-18 00:00:00-04:00,6.19527006149292,6.19527006149292,6.19527006149292,6.19527006149292,200,0.0,0.0
1993-10-19 00:00:00-04:00,6.19527006149292,6.19527006149292,6.19527006149292,6.19527006149292,0,0.0,0.0
1993-10-20 00:00:00-04:00,6.195272790061104,6.195272790061104,5.86039317978753,6.027832984924316,4600,0.0,0.0
1993-10-21 00:00:00-04:00,6.027832984924316,6.027832984924316,6.027832984924316,6.027832984924316,0,0.0,0.0
1993-10-22 00:00:00-04:00,6.19527006149292,6.19527006149292,6.19527006149292,6.19527006149292,200,0.0,0.0
1993-10-25 00:00:00-04:00,6.19527006149292,6.19527006149292,6.19527006149292,6.19527006149292,0,0.0,0.0
1993-10-26 00:00:00-04:00,6.19527006149292,6.19527006149292,6.19527006149292,6.19527006149292,0,0.0,0.0
1993-10-27 00:00:00-04:00,5.860390598709519,6.19527006149292,5.860390598709519,6.19527006149292,1000,0.0,0.0
1993-10-28 00:00:00-04:00,5.860390598709519,6.19527006149292,5.860390598709519,6.19527006149292,3200,0.0,0.0
1993-10-29 00:00:00-04:00,6.362712383270264,6.362712383270264,6.362712383270264,6.362712383270264,900,0.0,0.0
1993-11-01 00:00:00-05:00,6.362713408796754,6.362713408796754,6.11155366897583,6.11155366897583,1000,0.0,0.0
1993-11-02 00:00:00-05:00,6.11155366897583,6.11155366897583,6.11155366897583,6.11155366897583,0,0.0,0.0
1993-11-03 00:00:00-05:00,6.530152182830007,6.530152182830007,6.362712383270264,6.362712383270264,1200,0.0,0.0
1993-11-04 00:00:00-05:00,6.027832984924316,6.027832984924316,6.027832984924316,6.027832984924316,400,0.0,0.0
1993-11-05 00:00:00-05:00,6.530148391723633,6.530148391723633,6.278988838195801,6.278988838195801,1600,0.0,0.0
1993-11-08 00:00:00-05:00,6.278988838195801,6.278988838195801,6.278988838195801,6.278988838195801,0,0.0,0.0
1993-11-09 00:00:00-05:00,6.278988838195801,6.278988838195801,6.278988838195801,6.278988838195801,0,0.0,0.0
1993-11-10 00:00:00-05:00,6.530152797698974,6.530152797698974,6.530152797698974,6.530152797698975,900,0.0,0.0
1993-11-11 00:00:00-05:00,6.11155366897583,6.11155366897583,6.11155366897583,6.11155366897583,500,0.0,0.0
1993-11-12 00:00:00-05:00,6.11155366897583,6.11155366897583,6.11155366897583,6.11155366897583,0,0.0,0.0
1993-11-15 00:00:00-05:00,6.530152797698974,6.530152797698974,6.530152797698974,6.530152797698975,100,0.0,0.0
1993-11-16 00:00:00-05:00,6.530152797698974,6.530152797698974,6.530152797698974,6.530152797698975,2000,0.0,0.0
1993-11-17 00:00:00-05:00,6.362712383270264,6.362712383270264,6.362712383270264,6.362712383270264,800,0.0,0.0
1993-11-18 00:00:00-05:00,6.19527006149292,6.19527006149292,6.19527006149292,6.19527006149292,600,0.0,0.0
1993-11-19 00:00:00-05:00,6.027832984924316,6.195272790061104,6.027832984924316,6.027832984924316,4100,0.0,0.0
1993-11-22 00:00:00-05:00,6.027832984924316,6.027832984924316,6.027832984924316,6.027832984924316,0,0.0,0.0
1993-11-23 00:00:00-05:00,6.111550262996128,6.111550262996128,5.860390663146973,5.860390663146973,400,0.0,0.0
1993-11-24 00:00:00-05:00,6.373640060424805,6.373640060424805,6.373640060424805,6.373640060424805,200,0.015,0.0
1993-11-26 00:00:00-05:00,6.373640060424805,6.373640060424805,6.373640060424805,6.373640060424805,0,0.0,0.0
1993-11-29 00:00:00-05:00,5.870453834533691,6.205908339364188,5.870453834533691,5.870453834533691,2000,0.0,0.0
1993-11-30 00:00:00-05:00,5.870453834533691,5.870453834533691,5.870453834533691,5.870453834533691,0,0.0,0.0
1993-12-01 00:00:00-05:00,5.870453834533691,5.870453834533691,5.870453834533691,5.870453834533691,0,0.0,0.0
1993-12-02 00:00:00-05:00,5.870453834533691,5.870453834533691,5.870453834533691,5.870453834533691,0,0.0,0.0
1993-12-03 00:00:00-05:00,5.870453834533691,5.870453834533691,5.870453834533691,5.870453834533691,0,0.0,0.0
1993-12-06 00:00:00-05:00,5.535003185272217,5.535003185272217,5.535003185272217,5.535003185272217,5800,0.0,0.0
1993-12-07 00:00:00-05:00,5.535003185272217,5.535003185272217,5.535003185272217,5.535003185272217,0,0.0,0.0
1993-12-08 00:00:00-05:00,5.786590208326067,5.870453834533691,5.786590208326067,5.870453834533691,10000,0.0,0.0
1993-12-09 00:00:00-05:00,5.870453834533691,5.870453834533691,5.870453834533691,5.870453834533691,0,0.0,0.0
1993-12-10 00:00:00-05:00,5.870453834533691,5.870453834533691,5.870453834533691,5.870453834533691,0,0.0,0.0
1993-12-13 00:00:00-05:00,5.870453834533691,5.870453834533691,5.870453834533691,5.870453834533691,0,0.0,0.0
1993-12-14 00:00:00-05:00,5.870453834533691,5.870453834533691,5.870453834533691,5.870453834533691,0,0.0,0.0
1993-12-15 00:00:00-05:00,5.702728748321533,5.702728748321533,5.702728748321533,5.702728748321533,1000,0.0,0.0
1993-12-16 00:00:00-05:00,6.205911159515381,6.205911159515381,6.205911159515381,6.205911159515381,400,0.0,0.0
1993-12-17 00:00:00-05:00,5.702728748321533,5.702728748321533,5.702728748321533,5.702728748321533,800,0.0,0.0
1993-12-20 00:00:00-05:00,5.702728748321533,5.702728748321533,5.702728748321533,5.702728748321533,0,0.0,0.0
1993-12-21 00:00:00-05:00,5.702728748321533,5.702728748321533,5.702728748321533,5.702728748321533,0,0.0,0.0
1993-12-22 00:00:00-05:00,5.702728748321533,5.702728748321533,5.702728748321533,5.702728748321533,100,0.0,0.0
1993-12-23 00:00:00-05:00,5.702728748321533,5.702728748321533,5.702728748321533,5.702728748321533,900,0.0,0.0
1993-12-27 00:00:00-05:00,5.702728748321533,5.702728748321533,5.702728748321533,5.702728748321533,0,0.0,0.0
1993-12-28 00:00:00-05:00,5.702728748321533,5.702728748321533,5.702728748321533,5.702728748321533,1100,0.0,0.0
1993-12-29 00:00:00-05:00,5.702728748321533,5.702728748321533,5.702728748321533,5.702728748321533,0,0.0,0.0
1993-12-30 00:00:00-05:00,5.702728748321533,5.702728748321533,5.702728748321533,5.702728748321533,200,0.0,0.0
1993-12-31 00:00:00-05:00,5.702728748321533,5.702728748321533,5.702728748321533,5.702728748321533,0,0.0,0.0
1994-01-03 00:00:00-05:00,5.702728748321533,5.702728748321533,5.702728748321533,5.702728748321533,0,0.0,0.0
1994-01-04 00:00:00-05:00,5.702728748321533,5.702728748321533,5.702728748321533,5.702728748321533,0,0.0,0.0
1994-01-05 00:00:00-05:00,5.702728748321533,5.702728748321533,5.702728748321533,5.702728748321533,0,0.0,0.0
1994-01-06 00:00:00-05:00,5.702728748321533,5.702728748321533,5.702728748321533,5.702728748321533,1700,0.0,0.0
1994-01-07 00:00:00-05:00,5.702728748321533,5.702728748321533,5.702728748321533,5.702728748321533,0,0.0,0.0
1994-01-10 00:00:00-05:00,5.702730554522891,5.702730554522891,5.535003185272217,5.535003185272217,1300,0.0,0.0
1994-01-11 00:00:00-05:00,5.53500143219443,5.870456064448637,5.53500143219443,5.702728748321533,5400,0.0,0.0
1994-01-12 00:00:00-05:00,5.702728748321533,5.702728748321533,5.702728748321533,5.702728748321533,0,0.0,0.0
1994-01-13 00:00:00-05:00,5.702728748321533,5.702728748321533,5.702728748321533,5.702728748321533,0,0.0,0.0
1994-01-14 00:00:00-05:00,5.702728748321533,5.702728748321533,5.702728748321533,5.702728748321533,600,0.0,0.0
1994-01-17 00:00:00-05:00,5.702728748321533,5.702728748321533,5.702728748321533,5.702728748321533,0,0.0,0.0
1994-01-18 00:00:00-05:00,5.702728748321533,5.702728748321533,5.702728748321533,5.702728748321533,0,0.0,0.0
1994-01-19 00:00:00-05:00,5.702728748321533,5.702728748321533,5.702728748321533,5.702728748321533,0,0.0,0.0
1994-01-20 00:00:00-05:00,5.702728748321533,5.702728748321533,5.702728748321533,5.702728748321533,0,0.0,0.0
1994-01-21 00:00:00-05:00,5.702728748321533,5.702728748321533,5.702728748321533,5.702728748321533,3000,0.0,0.0
1994-01-24 00:00:00-05:00,5.702728748321533,5.702728748321533,5.702728748321533,5.702728748321533,0,0.0,0.0
1994-01-25 00:00:00-05:00,5.702728748321533,5.702728748321533,5.702728748321533,5.702728748321533,800,0.0,0.0
1994-01-26 00:00:00-05:00,5.870453834533691,5.870453834533691,5.870453834533691,5.870453834533691,3500,0.0,0.0
1994-01-27 00:00:00-05:00,5.702728748321533,5.702728748321533,5.702728748321533,5.702728748321533,900,0.0,0.0
1994-01-28 00:00:00-05:00,5.702728748321533,5.702728748321533,5.702728748321533,5.702728748321533,1000,0.0,0.0
1994-01-31 00:00:00-05:00,5.702728748321533,5.702728748321533,5.702728748321533,5.702728748321533,600,0.0,0.0
1994-02-01 00:00:00-05:00,5.702728748321533,5.702728748321533,5.702728748321533,5.702728748321533,1100,0.0,0.0
1994-02-02 00:00:00-05:00,6.03818108694894,6.03818108694894,5.702726582118443,5.870453834533691,3300,0.0,0.0
1994-02-03 00:00:00-05:00,6.038183380575742,6.038183380575742,5.702728748321533,5.702728748321533,4500,0.0,0.0
1994-02-04 00:00:00-05:00,5.954317460741316,5.954317460741316,5.870453834533691,5.870453834533691,9000,0.0,0.0
1994-02-07 00:00:00-05:00,5.702728748321533,5.702728748321533,5.702728748321533,5.702728748321533,1300,0.0,0.0
1994-02-08 00:00:00-05:00,6.038183380575742,6.038183380575742,5.702728748321533,5.702728748321533,200,0.0,0.0
1994-02-09 00:00:00-05:00,6.03818108694894,6.03818108694894,5.870453834533691,5.870453834533691,2000,0.0,0.0
1994-02-10 00:00:00-05:00,5.702728748321533,5.702728748321533,5.702728748321533,5.702728748321533,400,0.0,0.0
1994-02-11 00:00:00-05:00,5.702728748321533,5.702728748321533,5.702728748321533,5.702728748321533,700,0.0,0.0
1994-02-14 00:00:00-05:00,5.702728748321533,5.702728748321533,5.702728748321533,5.702728748321533,1600,0.0,0.0
1994-02-15 00:00:00-05:00,5.702728748321533,5.702728748321533,5.702728748321533,5.702728748321533,0,0.0,0.0
1994-02-16 00:00:00-05:00,5.870453834533691,5.870453834533691,5.870453834533691,5.870453834533691,1100,0.0,0.0
1994-02-17 00:00:00-05:00,5.870453834533691,5.870453834533691,5.870453834533691,5.870453834533691,0,0.0,0.0
1994-02-18 00:00:00-05:00,5.702726944633152,5.95431783924932,5.702726944633152,5.786590576171875,11000,0.0,0.0
1994-02-22 00:00:00-05:00,6.038185119628906,6.038185119628906,6.038185119628906,6.038185119628906,1600,0.0,0.0
1994-02-23 00:00:00-05:00,6.051632404327393,6.051632404327393,6.051632404327393,6.051632404327393,100,0.02,0.0
1994-02-24 00:00:00-05:00,5.715429782867432,5.715429782867432,5.715429782867432,5.715429782867432,1200,0.0,0.0
1994-02-25 00:00:00-05:00,5.715429782867432,5.715429782867432,5.715429782867432,5.715429782867432,0,0.0,0.0
1994-02-28 00:00:00-05:00,5.715429782867432,5.715429782867432,5.715429782867432,5.715429782867432,0,0.0,0.0
1994-03-01 00:00:00-05:00,5.841505439842448,5.841505439842448,5.715429782867432,5.715429782867432,500,0.0,0.0
1994-03-02 00:00:00-05:00,5.715429782867432,5.715429782867432,5.715429782867432,5.715429782867432,0,0.0,0.0
1994-03-03 00:00:00-05:00,5.715429782867432,5.715429782867432,5.715429782867432,5.715429782867432,0,0.0,0.0
1994-03-04 00:00:00-05:00,5.715429782867432,5.715429782867432,5.715429782867432,5.715429782867432,0,0.0,0.0
1994-03-07 00:00:00-05:00,5.715429782867432,5.715429782867432,5.715429782867432,5.715429782867432,0,0.0,0.0
1994-03-08 00:00:00-05:00,5.715429782867432,5.715429782867432,5.715429782867432,5.715429782867432,700,0.0,0.0
1994-03-09 00:00:00-05:00,5.715429782867432,5.715429782867432,5.715429782867432,5.715429782867432,0,0.0,0.0
1994-03-10 00:00:00-05:00,5.715429782867432,5.715429782867432,5.715429782867432,5.715429782867432,0,0.0,0.0
1994-03-11 00:00:00-05:00,6.3878350257873535,6.3878350257873535,6.3878350257873535,6.3878350257873535,2500,0.0,0.0
1994-03-14 00:00:00-05:00,6.3878350257873535,6.3878350257873535,6.3878350257873535,6.3878350257873535,0,0.0,0.0
1994-03-15 00:00:00-05:00,6.3878350257873535,6.3878350257873535,6.3878350257873535,6.3878350257873535,0,0.0,0.0
1994-03-16 00:00:00-05:00,5.715429782867432,5.715429782867432,5.715429782867432,5.715429782867432,200,0.0,0.0
1994-03-17 00:00:00-05:00,6.3878350257873535,6.3878350257873535,6.3878350257873535,6.3878350257873535,200,0.0,0.0
1994-03-18 00:00:00-05:00,6.3878350257873535,6.3878350257873535,6.3878350257873535,6.3878350257873535,0,0.0,0.0
1994-03-21 00:00:00-05:00,6.3878350257873535,6.3878350257873535,6.3878350257873535,6.3878350257873535,0,0.0,0.0
1994-03-22 00:00:00-05:00,6.3878350257873535,6.3878350257873535,6.3878350257873535,6.3878350257873535,0,0.0,0.0
1994-03-23 00:00:00-05:00,6.051633182324861,6.3878350257873535,6.051633182324861,6.3878350257873535,1600,0.0,0.0
1994-03-24 00:00:00-05:00,6.219728837694441,6.219728837694441,5.8835272789001465,5.8835272789001465,5400,0.0,0.0
1994-03-25 00:00:00-05:00,6.051631875940271,6.219732761383057,6.051631875940271,6.219732761383057,11000,0.0,0.0
1994-03-28 00:00:00-05:00,5.8835272789001465,5.8835272789001465,5.8835272789001465,5.8835272789001465,600,0.0,0.0
1994-03-29 00:00:00-05:00,5.8835272789001465,5.8835272789001465,5.8835272789001465,5.8835272789001465,0,0.0,0.0
1994-03-30 00:00:00-05:00,5.8835272789001465,6.051628058297293,5.8835272789001465,5.8835272789001465,18800,0.0,0.0
1994-03-31 00:00:00-05:00,5.8835272789001465,5.8835272789001465,5.8835272789001465,5.8835272789001465,1200,0.0,0.0
1994-04-04 00:00:00-04:00,5.8835272789001465,5.8835272789001465,5.8835272789001465,5.8835272789001465,500,0.0,0.0
1994-04-05 00:00:00-04:00,5.8835272789001465,5.8835272789001465,5.8835272789001465,5.8835272789001465,2000,0.0,0.0
1994-04-06 00:00:00-04:00,5.96758195426729,6.051632404327393,5.96758195426729,6.051632404327393,7000,0.0,0.0
1994-04-07 00:00:00-04:00,6.387829617091588,6.387829617091588,5.8835272789001465,5.8835272789001465,1800,0.0,0.0
1994-04-08 00:00:00-04:00,6.051632404327393,6.051632404327393,5.883531504207187,6.051632404327393,14000,0.0,0.0
1994-04-11 00:00:00-04:00,6.051632404327393,6.051632404327393,6.051632404327393,6.051632404327393,0,0.0,0.0
1994-04-12 00:00:00-04:00,5.715429782867432,5.715429782867432,5.715429782867432,5.715429782867432,500,0.0,0.0
1994-04-13 00:00:00-04:00,5.715429782867432,5.715429782867432,5.715429782867432,5.715429782867432,6200,0.0,0.0
1994-04-14 00:00:00-04:00,5.8835272789001465,5.8835272789001465,5.8835272789001465,5.8835272789001465,6000,0.0,0.0
1994-04-15 00:00:00-04:00,5.715429782867432,5.715429782867432,5.715429782867432,5.715429782867432,200,0.0,0.0
1994-04-18 00:00:00-04:00,6.387835005639305,6.387835005639305,5.967582702636719,5.967582702636719,800,0.0,0.0
1994-04-19 00:00:00-04:00,5.967582702636719,5.967582702636719,5.967582702636719,5.967582702636719,0,0.0,0.0
1994-04-20 00:00:00-04:00,5.715429782867432,5.715429782867432,5.715429782867432,5.715429782867432,4600,0.0,0.0
1994-04-21 00:00:00-04:00,5.715429782867432,5.715429782867432,5.715429782867432,5.715429782867432,0,0.0,0.0
1994-04-22 00:00:00-04:00,6.3878350257873535,6.3878350257873535,6.3878350257873535,6.3878350257873535,100,0.0,0.0
1994-04-25 00:00:00-04:00,5.883531504207187,6.387834204567803,5.715430604086982,6.051632404327393,3700,0.0,0.0
1994-04-26 00:00:00-04:00,6.051632404327393,6.051632404327393,6.051632404327393,6.051632404327393,0,0.0,0.0
1994-04-28 00:00:00-04:00,6.051632404327393,6.051632404327393,6.051632404327393,6.051632404327393,0,0.0,0.0
1994-04-29 00:00:00-04:00,6.051632404327393,6.051632404327393,6.051632404327393,6.051632404327393,0,0.0,0.0
1994-05-02 00:00:00-04:00,5.715429782867432,6.051631534800809,5.715429782867432,5.715429782867432,1200,0.0,0.0
1994-05-03 00:00:00-04:00,5.715429782867432,5.715429782867432,5.715429782867432,5.715429782867432,0,0.0,0.0
1994-05-04 00:00:00-04:00,5.715429782867432,5.715429782867432,5.715429782867432,5.715429782867432,0,0.0,0.0
1994-05-05 00:00:00-04:00,5.715429782867432,5.715429782867432,5.715429782867432,5.715429782867432,0,0.0,0.0
1994-05-06 00:00:00-04:00,5.715429782867432,5.715429782867432,5.715429782867432,5.715429782867432,0,0.0,0.0
1994-05-09 00:00:00-04:00,6.387833286734188,6.387833286734188,5.715429782867432,5.715429782867432,1900,0.0,0.0
1994-05-10 00:00:00-04:00,5.715429782867432,5.715429782867432,5.715429782867432,5.715429782867432,500,0.0,0.0
1994-05-11 00:00:00-04:00,5.715429782867432,5.715429782867432,5.715429782867432,5.715429782867432,0,0.0,0.0
1994-05-12 00:00:00-04:00,5.715429782867432,5.715429782867432,5.715429782867432,5.715429782867432,0,0.0,0.0
1994-05-13 00:00:00-04:00,5.715429782867432,5.715429782867432,5.715429782867432,5.715429782867432,0,0.0,0.0
1994-05-16 00:00:00-04:00,5.715429782867432,5.715429782867432,5.715429782867432,5.715429782867432,0,0.0,0.0
1994-05-17 00:00:00-04:00,5.715429782867432,5.715429782867432,5.715429782867432,5.715429782867432,1000,0.0,0.0
1994-05-18 00:00:00-04:00,5.715429782867432,5.715429782867432,5.715429782867432,5.715429782867432,400,0.0,0.0
1994-05-19 00:00:00-04:00,5.715429782867432,5.715429782867432,5.715429782867432,5.715429782867432,0,0.0,0.0
1994-05-20 00:00:00-04:00,5.715429782867432,5.715429782867432,5.715429782867432,5.715429782867432,100,0.0,0.0
1994-05-23 00:00:00-04:00,5.715429782867432,5.715429782867432,5.715429782867432,5.715429782867432,800,0.0,0.0
1994-05-24 00:00:00-04:00,5.715429782867432,5.715429782867432,5.715429782867432,5.715429782867432,0,0.0,0.0
1994-05-25 00:00:00-04:00,5.728909492492676,5.728909492492676,5.728909492492676,5.728909492492676,1300,0.02,0.0
1994-05-26 00:00:00-04:00,5.728909492492676,5.728909492492676,5.728909492492676,5.728909492492676,0,0.0,0.0
1994-05-27 00:00:00-04:00,5.728909492492676,5.728909492492676,5.728909492492676,5.728909492492676,100,0.0,0.0
1994-05-31 00:00:00-04:00,5.728909492492676,5.728909492492676,5.728909492492676,5.728909492492676,300,0.0,0.0
1994-06-01 00:00:00-04:00,5.728909492492676,5.728909492492676,5.728909492492676,5.728909492492676,500,0.0,0.0
1994-06-02 00:00:00-04:00,5.728909492492676,5.728909492492676,5.728909492492676,5.728909492492676,3200,0.0,0.0
1994-06-03 00:00:00-04:00,5.897409748023664,5.981658458709717,5.897409748023664,5.981658458709717,8400,0.0,0.0
1994-06-06 00:00:00-04:00,5.981658458709717,5.981658458709717,5.981658458709717,5.981658458709717,0,0.0,0.0
1994-06-07 00:00:00-04:00,5.981658458709717,5.981658458709717,5.981658458709717,5.981658458709717,0,0.0,0.0
1994-06-08 00:00:00-04:00,5.560413837432861,5.560413837432861,5.560413837432861,5.560413837432861,900,0.0,0.0
1994-06-09 00:00:00-04:00,5.560413837432861,5.560413837432861,5.560413837432861,5.560413837432861,0,0.0,0.0
1994-06-10 00:00:00-04:00,5.560413837432861,5.560413837432861,5.560413837432861,5.560413837432861,0,0.0,0.0
1994-06-13 00:00:00-04:00,5.560413837432861,5.560413837432861,5.560413837432861,5.560413837432861,100,0.0,0.0
1994-06-14 00:00:00-04:00,6.065906047821045,6.065906047821045,6.065906047821045,6.065906047821045,100,0.0,0.0
1994-06-15 00:00:00-04:00,5.981658458709717,5.981658458709717,5.981658458709717,5.981658458709717,200,0.0,0.0
1994-06-16 00:00:00-04:00,5.981658458709717,5.981658458709717,5.981658458709717,5.981658458709717,0,0.0,0.0
1994-06-17 00:00:00-04:00,5.981658458709717,5.981658458709717,5.981658458709717,5.981658458709717,0,0.0,0.0
1994-06-20 00:00:00-04:00,5.560413837432861,5.560413837432861,5.560413837432861,5.560413837432861,6000,0.0,0.0
1994-06-21 00:00:00-04:00,5.560413837432861,5.560413837432861,5.560413837432861,5.560413837432861,0,0.0,0.0
1994-06-22 00:00:00-04:00,5.560413837432861,5.560413837432861,5.560413837432861,5.560413837432861,2000,0.0,0.0
1994-06-23 00:00:00-04:00,5.728909492492676,5.728909492492676,5.728909492492676,5.728909492492676,8700,0.0,0.0
1994-06-24 00:00:00-04:00,5.560413837432861,5.560413837432861,5.560413837432861,5.560413837432861,200,0.0,0.0
1994-06-27 00:00:00-04:00,5.560413837432861,5.560413837432861,5.560413837432861,5.560413837432861,200,0.0,0.0
1994-06-28 00:00:00-04:00,5.560413837432861,5.560413837432861,5.560413837432861,5.560413837432861,200,0.0,0.0
1994-06-29 00:00:00-04:00,5.560413837432861,5.560413837432861,5.560413837432861,5.560413837432861,200,0.0,0.0
1994-06-30 00:00:00-04:00,5.560413837432861,5.560413837432861,5.560413837432861,5.560413837432861,500,0.0,0.0
1994-07-01 00:00:00-04:00,5.560413837432861,5.560413837432861,5.560413837432861,5.560413837432861,200,0.0,0.0
1994-07-05 00:00:00-04:00,5.560413837432861,5.560413837432861,5.560413837432861,5.560413837432861,0,0.0,0.0
1994-07-06 00:00:00-04:00,5.560413837432861,5.560413837432861,5.560413837432861,5.560413837432861,2000,0.0,0.0
1994-07-07 00:00:00-04:00,5.560413837432861,5.560413837432861,5.560413837432861,5.560413837432861,0,0.0,0.0
1994-07-08 00:00:00-04:00,5.560413837432861,5.560413837432861,5.560413837432861,5.560413837432861,1000,0.0,0.0
1994-07-11 00:00:00-04:00,5.391913890838623,5.391913890838623,5.391913890838623,5.391913890838623,100,0.0,0.0
1994-07-12 00:00:00-04:00,5.391913890838623,5.391913890838623,5.391913890838623,5.391913890838623,0,0.0,0.0
1994-07-13 00:00:00-04:00,5.391913890838623,5.391913890838623,5.391913890838623,5.391913890838623,5700,0.0,0.0
1994-07-14 00:00:00-04:00,5.391913890838623,5.391913890838623,5.391913890838623,5.391913890838623,0,0.0,0.0
1994-07-15 00:00:00-04:00,5.391913890838623,5.391913890838623,5.391913890838623,5.391913890838623,200,0.0,0.0
1994-07-18 00:00:00-04:00,5.7289112264459785,5.7289112264459785,5.560413837432861,5.560413837432861,9900,0.0,0.0
1994-07-19 00:00:00-04:00,5.728909492492676,5.728909492492676,5.728909492492676,5.728909492492676,500,0.0,0.0
1994-07-20 00:00:00-04:00,5.897408615459095,5.897408615459095,5.560413837432861,5.560413837432861,1600,0.0,0.0
1994-07-21 00:00:00-04:00,5.560413837432861,5.560413837432861,5.560413837432861,5.560413837432861,0,0.0,0.0
1994-07-22 00:00:00-04:00,5.560413837432861,5.560413837432861,5.560413837432861,5.560413837432861,0,0.0,0.0
1994-07-25 00:00:00-04:00,5.560413837432861,5.560413837432861,5.560413837432861,5.560413837432861,0,0.0,0.0
1994-07-26 00:00:00-04:00,5.560413837432861,5.560413837432861,5.560413837432861,5.560413837432861,0,0.0,0.0
1994-07-27 00:00:00-04:00,5.897404193878174,5.897404193878174,5.897404193878174,5.897404193878174,900,0.0,0.0
1994-07-28 00:00:00-04:00,5.897404193878174,5.897404193878174,5.897404193878174,5.897404193878174,0,0.0,0.0
1994-07-29 00:00:00-04:00,5.897404193878174,5.897404193878174,5.897404193878174,5.897404193878174,0,0.0,0.0
1994-08-01 00:00:00-04:00,5.897404193878174,5.897404193878174,5.897404193878174,5.897404193878174,0,0.0,0.0
1994-08-02 00:00:00-04:00,5.560413837432861,5.560413837432861,5.560413837432861,5.560413837432861,1100,0.0,0.0
1994-08-03 00:00:00-04:00,5.560413837432861,5.560413837432861,5.560413837432861,5.560413837432861,0,0.0,0.0
1994-08-04 00:00:00-04:00,5.560413837432861,5.560413837432861,5.560413837432861,5.560413837432861,6100,0.0,0.0
1994-08-05 00:00:00-04:00,5.560413837432861,5.560413837432861,5.560413837432861,5.560413837432861,0,0.0,0.0
1994-08-08 00:00:00-04:00,5.728909492492676,5.728909492492676,5.728909492492676,5.728909492492676,1500,0.0,0.0
1994-08-09 00:00:00-04:00,5.728909492492676,5.728909492492676,5.728909492492676,5.728909492492676,1500,0.0,0.0
1994-08-10 00:00:00-04:00,5.728909492492676,5.728909492492676,5.728909492492676,5.728909492492676,0,0.0,0.0
1994-08-11 00:00:00-04:00,5.728909492492676,5.728909492492676,5.728909492492676,5.728909492492676,0,0.0,0.0
1994-08-12 00:00:00-04:00,5.728909492492676,5.728909492492676,5.728909492492676,5.728909492492676,200,0.0,0.0
1994-08-15 00:00:00-04:00,5.728909492492676,5.728909492492676,5.728909492492676,5.728909492492676,0,0.0,0.0
1994-08-16 00:00:00-04:00,5.64466428756714,5.64466428756714,5.64466428756714,5.644664287567139,5700,0.0,0.0
1994-08-17 00:00:00-04:00,5.560413837432861,5.560413837432861,5.560413837432861,5.560413837432861,1500,0.0,0.0
1994-08-18 00:00:00-04:00,5.560413837432861,5.560413837432861,5.560413837432861,5.560413837432861,0,0.0,0.0
1994-08-19 00:00:00-04:00,5.391918125437267,5.64466428756714,5.391918125437267,5.644664287567139,1400,0.0,0.0
1994-08-22 00:00:00-04:00,5.64466428756714,5.64466428756714,5.64466428756714,5.644664287567139,0,0.0,0.0
1994-08-23 00:00:00-04:00,5.307666917001047,5.307666917001047,5.223418235778809,5.223418235778809,6000,0.0,0.0
1994-08-24 00:00:00-04:00,5.728909492492676,5.728909492492676,5.728909492492676,5.728909492492676,300,0.0,0.0
1994-08-25 00:00:00-04:00,5.223418235778809,5.223418235778809,5.223418235778809,5.223418235778809,700,0.0,0.0
1994-08-26 00:00:00-04:00,5.236934661865234,5.236934661865234,5.236934661865234,5.236934661865234,0,0.02,0.0
1994-08-29 00:00:00-04:00,5.743732452392578,5.743732452392578,5.743732452392578,5.743732452392578,1000,0.0,0.0
1994-08-30 00:00:00-04:00,5.743732452392578,5.743732452392578,5.743732452392578,5.743732452392578,0,0.0,0.0
1994-08-31 00:00:00-04:00,5.743732452392578,5.743732452392578,5.743732452392578,5.743732452392578,0,0.0,0.0
1994-09-01 00:00:00-04:00,5.40586519241333,5.40586519241333,5.40586519241333,5.40586519241333,1500,0.0,0.0
1994-09-02 00:00:00-04:00,5.40586519241333,5.40586519241333,5.40586519241333,5.40586519241333,0,0.0,0.0
1994-09-06 00:00:00-04:00,5.236934661865234,5.236934661865234,5.236934661865234,5.236934661865234,1000,0.0,0.0
1994-09-07 00:00:00-04:00,5.236934661865234,5.236934661865234,5.236934661865234,5.236934661865234,0,0.0,0.0
1994-09-08 00:00:00-04:00,5.236934661865234,5.236934661865234,5.236934661865234,5.236934661865234,700,0.0,0.0
1994-09-09 00:00:00-04:00,5.236934661865234,5.236934661865234,5.236934661865234,5.236934661865234,0,0.0,0.0
1994-09-12 00:00:00-04:00,5.743732452392578,5.743732452392578,5.743732452392578,5.743732452392578,100,0.0,0.0
1994-09-13 00:00:00-04:00,5.40586519241333,5.40586519241333,5.40586519241333,5.40586519241333,900,0.0,0.0
1994-09-14 00:00:00-04:00,5.279168005912534,5.279168005912534,5.236934661865234,5.236934661865234,5000,0.0,0.0
1994-09-15 00:00:00-04:00,5.067998617887497,5.40586519241333,5.067998617887497,5.40586519241333,700,0.0,0.0
1994-09-16 00:00:00-04:00,5.067999839782715,5.067999839782715,5.067999839782715,5.067999839782715,100,0.0,0.0
1994-09-19 00:00:00-04:00,5.067999839782715,5.067999839782715,5.067999839782715,5.067999839782715,0,0.0,0.0
1994-09-20 00:00:00-04:00,5.067998617887497,5.40586519241333,5.067998617887497,5.40586519241333,200,0.0,0.0
1994-09-21 00:00:00-04:00,5.067999222699333,5.743732452392578,5.067999222699333,5.743732452392578,800,0.0,0.0
1994-09-22 00:00:00-04:00,5.068001285676033,5.236934661865234,5.068001285676033,5.236934661865234,3300,0.0,0.0
1994-09-23 00:00:00-04:00,5.067999839782715,5.067999839782715,5.067999839782715,5.067999839782715,200,0.0,0.0
1994-09-26 00:00:00-04:00,5.067999839782715,5.067999839782715,5.067999839782715,5.067999839782715,0,0.0,0.0
1994-09-27 00:00:00-04:00,5.067999839782715,5.067999839782715,5.067999839782715,5.067999839782715,0,0.0,0.0
1994-09-28 00:00:00-04:00,5.067999839782715,5.067999839782715,5.067999839782715,5.067999839782715,500,0.0,0.0
1994-09-29 00:00:00-04:00,5.067999839782715,5.067999839782715,5.067999839782715,5.067999839782715,0,0.0,0.0
1994-09-30 00:00:00-04:00,5.067999839782715,5.067999839782715,5.067999839782715,5.067999839782715,0,0.0,0.0
1994-10-03 00:00:00-04:00,5.067999839782715,5.067999839782715,5.067999839782715,5.067999839782715,1000,0.0,0.0
1994-10-04 00:00:00-04:00,5.067999839782715,5.067999839782715,5.067999839782715,5.067999839782715,0,0.0,0.0
1994-10-05 00:00:00-04:00,5.067999839782715,5.067999839782715,5.067999839782715,5.067999839782715,0,0.0,0.0
1994-10-06 00:00:00-04:00,5.40586519241333,5.40586519241333,5.40586519241333,5.40586519241333,100,0.0,0.0
1994-10-07 00:00:00-04:00,5.40586519241333,5.40586519241333,5.40586519241333,5.40586519241333,0,0.0,0.0
1994-10-10 00:00:00-04:00,5.40586519241333,5.40586519241333,5.40586519241333,5.40586519241333,0,0.0,0.0
1994-10-11 00:00:00-04:00,5.574801414243636,5.574801414243636,5.236934661865234,5.236934661865234,1100,0.0,0.0
1994-10-12 00:00:00-04:00,5.236934661865234,5.236934661865234,5.236934661865234,5.236934661865234,0,0.0,0.0
1994-10-13 00:00:00-04:00,5.067999839782715,5.067999839782715,5.067999839782715,5.067999839782715,600,0.0,0.0
1994-10-14 00:00:00-04:00,5.067999839782715,5.067999839782715,5.067999839782715,5.067999839782715,0,0.0,0.0
1994-10-17 00:00:00-04:00,5.574800491333008,5.574800491333008,5.574800491333008,5.574800491333008,500,0.0,0.0
1994-10-18 00:00:00-04:00,5.574800491333008,5.574800491333008,5.574800491333008,5.574800491333008,0,0.0,0.0
1994-10-19 00:00:00-04:00,5.067999839782715,5.067999839782715,5.067999839782715,5.067999839782715,400,0.0,0.0
1994-10-20 00:00:00-04:00,5.574800491333008,5.574800491333008,5.574800491333008,5.574800491333008,300,0.0,0.0
1994-10-21 00:00:00-04:00,5.205257892608643,5.205257892608643,5.205257892608643,5.205257892608643,300,0.0,0.0
1994-10-24 00:00:00-04:00,5.067999839782715,5.067999839782715,5.067999839782715,5.067999839782715,1000,0.0,0.0
1994-10-25 00:00:00-04:00,5.405862076951581,5.405862076951581,5.067995697142107,5.342512130737305,3500,0.0,0.0
1994-10-26 00:00:00-04:00,5.067998617887497,5.40586519241333,5.067998617887497,5.40586519241333,8600,0.0,0.0
1994-10-27 00:00:00-04:00,5.067998617887497,5.40586519241333,5.067998617887497,5.40586519241333,1200,0.0,0.0
1994-10-28 00:00:00-04:00,5.574801414243636,5.574801414243636,5.236934661865234,5.236934661865234,2200,0.0,0.0
1994-10-31 00:00:00-05:00,5.236933167775471,5.236933167775471,5.067999839782715,5.067999839782715,3200,0.0,0.0
1994-11-01 00:00:00-05:00,5.067999839782715,5.067999839782715,5.067999839782715,5.067999839782715,2200,0.0,0.0
1994-11-02 00:00:00-05:00,5.067999839782715,5.067999839782715,5.067999839782715,5.067999839782715,0,0.0,0.0
1994-11-03 00:00:00-05:00,5.067999839782715,5.067999839782715,5.067999839782715,5.067999839782715,100,0.0,0.0
1994-11-04 00:00:00-05:00,5.067999839782715,5.067999839782715,5.067999839782715,5.067999839782715,1000,0.0,0.0
1994-11-07 00:00:00-05:00,5.067999839782715,5.067999839782715,5.067999839782715,5.067999839782715,0,0.0,0.0
1994-11-08 00:00:00-05:00,5.067999839782715,5.067999839782715,5.067999839782715,5.067999839782715,2400,0.0,0.0
1994-11-09 00:00:00-05:00,5.067999839782715,5.067999839782715,5.067999839782715,5.067999839782715,1000,0.0,0.0
1994-11-10 00:00:00-05:00,5.068001285676033,5.236934661865234,5.068001285676033,5.236934661865234,7500,0.0,0.0
1994-11-11 00:00:00-05:00,5.236934661865234,5.236934661865234,5.236934661865234,5.236934661865234,0,0.0,0.0
1994-11-14 00:00:00-05:00,5.067999839782715,5.067999839782715,5.067999839782715,5.067999839782715,800,0.0,0.0
1994-11-15 00:00:00-05:00,5.067999839782715,5.067999839782715,5.067999839782715,5.067999839782715,2200,0.0,0.0
1994-11-16 00:00:00-05:00,5.067999839782715,5.067999839782715,5.067999839782715,5.067999839782715,800,0.0,0.0
1994-11-17 00:00:00-05:00,5.067999839782715,5.067999839782715,5.067999839782715,5.067999839782715,0,0.0,0.0
1994-11-18 00:00:00-05:00,5.068001285676033,5.236934661865234,5.068001285676033,5.236934661865234,1200,0.0,0.0
1994-11-21 00:00:00-05:00,5.067998617887497,5.40586519241333,5.067998617887497,5.40586519241333,600,0.0,0.0
1994-11-22 00:00:00-05:00,4.899065017700195,4.899065017700195,4.899065017700195,4.899065017700195,200,0.0,0.0
1994-11-23 00:00:00-05:00,4.899065017700195,4.899065017700195,4.899065017700195,4.899065017700195,0,0.0,0.0
1994-11-25 00:00:00-05:00,4.899065017700195,4.899065017700195,4.899065017700195,4.899065017700195,0,0.0,0.0
1994-11-28 00:00:00-05:00,4.899065017700195,4.899065017700195,4.899065017700195,4.899065017700195,0,0.0,0.0
1994-11-29 00:00:00-05:00,4.912617206573486,4.912617206573486,4.912617206573486,4.912617206573486,2000,0.02,0.0
1994-11-30 00:00:00-05:00,4.912617206573486,4.912617206573486,4.912617206573486,4.912617206573486,1000,0.0,0.0
1994-12-01 00:00:00-05:00,4.827917098999023,4.827917098999023,4.827917098999023,4.827917098999023,5300,0.0,0.0
1994-12-02 00:00:00-05:00,4.827917098999023,4.827917098999023,4.827917098999023,4.827917098999023,5900,0.0,0.0
1994-12-05 00:00:00-05:00,4.573818206787109,4.573818206787109,4.573818206787109,4.573818206787109,200,0.0,0.0
1994-12-06 00:00:00-05:00,4.573818206787109,4.573818206787109,4.573818206787109,4.573818206787109,200,0.0,0.0
1994-12-07 00:00:00-05:00,4.912617398981463,4.912617398981463,4.827917098999023,4.827917098999023,3000,0.0,0.0
1994-12-08 00:00:00-05:00,4.827917098999023,4.827917098999023,4.827917098999023,4.827917098999023,0,0.0,0.0
1994-12-09 00:00:00-05:00,4.827917098999023,4.827917098999023,4.827917098999023,4.827917098999023,0,0.0,0.0
1994-12-12 00:00:00-05:00,4.827917098999023,4.827917098999023,4.827917098999023,4.827917098999023,0,0.0,0.0
1994-12-13 00:00:00-05:00,4.827917098999023,4.827917098999023,4.827917098999023,4.827917098999023,0,0.0,0.0
1994-12-14 00:00:00-05:00,4.912619555438007,4.912619555438007,4.573818206787109,4.573818206787109,2800,0.0,0.0
1994-12-15 00:00:00-05:00,4.912617206573486,4.912617206573486,4.912617206573486,4.912617206573486,300,0.0,0.0
1994-12-16 00:00:00-05:00,4.573818206787109,4.573818206787109,4.573818206787109,4.573818206787109,200,0.0,0.0
1994-12-19 00:00:00-05:00,4.573818206787109,4.573818206787109,4.573818206787109,4.573818206787109,0,0.0,0.0
1994-12-20 00:00:00-05:00,5.082020229763455,5.082020229763455,4.573818206787109,4.573818206787109,600,0.0,0.0
1994-12-21 00:00:00-05:00,4.658518543949834,4.658518543949834,4.573818206787109,4.573818206787109,700,0.0,0.0
1994-12-22 00:00:00-05:00,4.573818206787109,4.573818206787109,4.573818206787109,4.573818206787109,0,0.0,0.0
1994-12-23 00:00:00-05:00,4.573818206787109,4.573818206787109,4.573818206787109,4.573818206787109,400,0.0,0.0
1994-12-27 00:00:00-05:00,4.573818206787109,4.573818206787109,4.573818206787109,4.573818206787109,0,0.0,0.0
1994-12-28 00:00:00-05:00,4.573818206787109,4.573818206787109,4.573818206787109,4.573818206787109,0,0.0,0.0
1994-12-29 00:00:00-05:00,4.573818206787109,4.573818206787109,4.573818206787109,4.573818206787109,2000,0.0,0.0
1994-12-30 00:00:00-05:00,4.573818206787109,4.573818206787109,4.573818206787109,4.573818206787109,0,0.0,0.0
1995-01-03 00:00:00-05:00,4.573818206787109,4.573818206787109,4.573818206787109,4.573818206787109,0,0.0,0.0
1995-01-04 00:00:00-05:00,4.573818206787109,4.573818206787109,4.573818206787109,4.573818206787109,0,0.0,0.0
1995-01-05 00:00:00-05:00,4.573818206787109,4.573818206787109,4.573818206787109,4.573818206787109,0,0.0,0.0
1995-01-06 00:00:00-05:00,4.743218881112558,4.743218881112558,4.573818206787109,4.573818206787109,1200,0.0,0.0
1995-01-09 00:00:00-05:00,4.7432169914245605,4.7432169914245605,4.7432169914245605,4.7432169914245605,1000,0.0,0.0
1995-01-10 00:00:00-05:00,4.107963080406189,4.235013484954834,4.107963080406189,4.235013484954834,52400,0.0,0.0
1995-01-11 00:00:00-05:00,4.235013484954834,4.235013484954834,4.235013484954834,4.235013484954834,0,0.0,0.0
1995-01-12 00:00:00-05:00,4.7432169914245605,4.7432169914245605,4.7432169914245605,4.7432169914245605,100,0.0,0.0
1995-01-13 00:00:00-05:00,4.7432169914245605,4.7432169914245605,4.7432169914245605,4.7432169914245605,200,0.0,0.0
1995-01-16 00:00:00-05:00,4.912617206573486,4.912617206573486,4.912617206573486,4.912617206573486,100,0.0,0.0
1995-01-17 00:00:00-05:00,4.912617206573486,4.912617206573486,4.912617206573486,4.912617206573486,0,0.0,0.0
1995-01-18 00:00:00-05:00,4.827917098999023,4.827917098999023,4.827917098999023,4.827917098999023,1000,0.0,0.0
1995-01-19 00:00:00-05:00,4.4044154265831255,4.912617206573486,4.4044154265831255,4.912617206573486,1400,0.0,0.0
1995-01-20 00:00:00-05:00,4.573814722207876,4.573814722207876,4.404414176940918,4.404414176940918,1000,0.0,0.0
1995-01-23 00:00:00-05:00,4.404414176940918,4.404414176940918,4.404414176940918,4.404414176940918,0,0.0,0.0
1995-01-24 00:00:00-05:00,4.404414176940918,4.404414176940918,4.404414176940918,4.404414176940918,0,0.0,0.0
1995-01-25 00:00:00-05:00,4.404414176940918,4.404414176940918,4.404414176940918,4.404414176940918,0,0.0,0.0
1995-01-26 00:00:00-05:00,4.404414176940918,4.404414176940918,4.404414176940918,4.404414176940918,0,0.0,0.0
1995-01-27 00:00:00-05:00,4.404414176940918,4.404414176940918,4.404414176940918,4.404414176940918,0,0.0,0.0
1995-01-30 00:00:00-05:00,4.573818206787109,4.573818206787109,4.573818206787109,4.573818206787109,100,0.0,0.0
1995-01-31 00:00:00-05:00,4.573818206787109,4.573818206787109,4.573818206787109,4.573818206787109,100,0.0,0.0
1995-02-01 00:00:00-05:00,5.082020229763455,5.082020229763455,4.573818206787109,4.573818206787109,1000,0.0,0.0
1995-02-02 00:00:00-05:00,4.7432169914245605,4.7432169914245605,4.7432169914245605,4.7432169914245605,2000,0.0,0.0
1995-02-03 00:00:00-05:00,4.912617598261152,4.912617598261152,4.7432169914245605,4.7432169914245605,2000,0.0,0.0
1995-02-06 00:00:00-05:00,4.912617301940918,5.420819091796875,4.912617301940918,5.08201789855957,19200,0.0,0.0
1995-02-07 00:00:00-05:00,5.08201789855957,5.08201789855957,5.08201789855957,5.08201789855957,0,0.0,0.0
1995-02-08 00:00:00-05:00,5.420820236206055,5.420820236206055,5.2514196038246155,5.420820236206055,1600,0.0,0.0
1995-02-09 00:00:00-05:00,5.420820236206055,5.420820236206055,5.420820236206055,5.420820236206055,0,0.0,0.0
1995-02-10 00:00:00-05:00,5.420820236206055,5.420820236206055,5.420820236206055,5.420820236206055,0,0.0,0.0
1995-02-13 00:00:00-05:00,5.420820236206055,5.420820236206055,5.420820236206055,5.420820236206055,0,0.0,0.0
1995-02-14 00:00:00-05:00,5.420820236206055,5.420820236206055,5.420820236206055,5.420820236206055,0,0.0,0.0
1995-02-15 00:00:00-05:00,5.420820236206055,5.420820236206055,5.420820236206055,5.420820236206055,0,0.0,0.0
1995-02-16 00:00:00-05:00,5.420820294004498,5.590220928192139,5.420820294004498,5.590220928192139,200,0.0,0.0
1995-02-17 00:00:00-05:00,5.336119174957275,5.336119174957275,5.336119174957275,5.336119174957275,600,0.0,0.0
1995-02-21 00:00:00-05:00,5.590220928192139,5.590220928192139,5.590220928192139,5.590220928192139,500,0.0,0.0
1995-02-22 00:00:00-05:00,5.336119920015335,5.420820236206055,5.336119920015335,5.420820236206055,8300,0.0,0.0
1995-02-23 00:00:00-05:00,5.264581680297852,5.264581680297852,5.264581680297852,5.264581680297852,500,0.02,0.0
1995-02-24 00:00:00-05:00,5.77405648004441,5.77405648004441,5.349493503570557,5.349493503570557,8100,0.0,0.0
1995-02-27 00:00:00-05:00,5.774057326778289,5.774057326778289,5.264581680297852,5.264581680297852,1000,0.0,0.0
1995-02-28 00:00:00-05:00,5.264581680297852,5.264581680297852,5.264581680297852,5.264581680297852,0,0.0,0.0
1995-03-01 00:00:00-05:00,5.264581546187401,5.434406757354736,5.264581546187401,5.434406757354736,1600,0.0,0.0
1995-03-02 00:00:00-05:00,5.264580908275786,5.4344060988653276,5.264580908275786,5.349493503570557,1700,0.0,0.0
1995-03-03 00:00:00-05:00,5.349493503570557,5.349493503570557,5.349493503570557,5.349493503570557,0,0.0,0.0
1995-03-06 00:00:00-05:00,5.349493503570557,5.349493503570557,5.349493503570557,5.349493503570557,0,0.0,0.0
1995-03-07 00:00:00-05:00,5.264581680297852,5.264581680297852,5.264581680297852,5.264581680297852,1000,0.0,0.0
1995-03-08 00:00:00-05:00,5.264580908275786,5.77405648004441,5.264580908275786,5.349493503570557,3800,0.0,0.0
1995-03-09 00:00:00-05:00,5.264581680297852,5.264581680297852,5.264581680297852,5.264581680297852,1000,0.0,0.0
1995-03-10 00:00:00-05:00,5.264581680297852,5.264581680297852,5.264581680297852,5.264581680297852,0,0.0,0.0
1995-03-13 00:00:00-05:00,5.264581680297852,5.264581680297852,5.264581680297852,5.264581680297852,0,0.0,0.0
1995-03-14 00:00:00-05:00,5.264581680297852,5.264581680297852,5.264581680297852,5.264581680297852,0,0.0,0.0
1995-03-15 00:00:00-05:00,5.264581680297852,5.264581680297852,5.264581680297852,5.264581680297852,300,0.0,0.0
1995-03-16 00:00:00-05:00,5.774057326778289,5.774057326778289,5.264581680297852,5.264581680297852,1200,0.0,0.0
1995-03-17 00:00:00-05:00,5.094755172729492,5.094755172729492,5.094755172729492,5.094755172729492,4900,0.0,0.0
1995-03-20 00:00:00-05:00,5.094755172729492,5.094755172729492,5.094755172729492,5.094755172729492,0,0.0,0.0
1995-03-21 00:00:00-05:00,5.264581680297852,5.264581680297852,5.264581680297852,5.264581680297852,500,0.0,0.0
1995-03-22 00:00:00-05:00,5.77405648004441,5.77405648004441,5.349493503570557,5.349493503570557,300,0.0,0.0
1995-03-23 00:00:00-05:00,5.264581254812388,5.5193190574646,5.264581254812388,5.5193190574646,2300,0.0,0.0
1995-03-24 00:00:00-05:00,5.264580908275786,5.349493503570557,5.264580908275786,5.349493503570557,1000,0.0,0.0
1995-03-27 00:00:00-05:00,5.264580345153809,5.264580345153809,5.094755172729492,5.094755172729492,9600,0.0,0.0
1995-03-28 00:00:00-05:00,5.349494288044592,5.349494288044592,5.179669072551112,5.264581680297852,12600,0.0,0.0
1995-03-29 00:00:00-05:00,5.264581680297852,5.264581680297852,5.264581680297852,5.264581680297852,0,0.0,0.0
1995-03-30 00:00:00-05:00,5.4344060988653276,5.4344060988653276,5.349493503570557,5.349493503570557,3600,0.0,0.0
1995-03-31 00:00:00-05:00,5.094755172729492,5.094755172729492,5.094755172729492,5.094755172729492,2200,0.0,0.0
1995-04-03 00:00:00-04:00,5.264580908275786,5.349493503570557,5.094755717686245,5.349493503570557,13800,0.0,0.0
1995-04-04 00:00:00-04:00,5.349493503570557,5.349493503570557,5.349493503570557,5.349493503570557,0,0.0,0.0
1995-04-05 00:00:00-04:00,5.349493503570557,5.349493503570557,5.349493503570557,5.349493503570557,0,0.0,0.0
1995-04-06 00:00:00-04:00,5.349493503570557,5.349493503570557,5.349493503570557,5.349493503570557,0,0.0,0.0
1995-04-07 00:00:00-04:00,5.349493503570557,5.349493503570557,5.349493503570557,5.349493503570557,0,0.0,0.0
1995-04-10 00:00:00-04:00,5.094755172729492,5.094755172729492,5.094755172729492,5.094755172729492,100,0.0,0.0
1995-04-11 00:00:00-04:00,5.094755172729492,5.094755172729492,5.094755172729492,5.094755172729492,3600,0.0,0.0
1995-04-12 00:00:00-04:00,5.094755172729492,5.094755172729492,5.094755172729492,5.094755172729492,0,0.0,0.0
1995-04-13 00:00:00-04:00,5.094755172729492,5.094755172729492,5.094755172729492,5.094755172729492,0,0.0,0.0
1995-04-17 00:00:00-04:00,5.179669005530221,5.179669005530221,4.755105972290039,4.755105972290039,20600,0.0,0.0
1995-04-18 00:00:00-04:00,5.094755172729492,5.094755172729492,5.094755172729492,5.094755172729492,12000,0.0,0.0
1995-04-19 00:00:00-04:00,4.924930000305176,5.094755172729492,4.924930000305176,5.094755172729492,2000,0.0,0.0
1995-04-20 00:00:00-04:00,4.755105972290039,4.755105972290039,4.755105972290039,4.755105972290039,9800,0.0,0.0
1995-04-21 00:00:00-04:00,4.755105972290039,4.755105972290039,4.755105972290039,4.755105972290039,500,0.0,0.0
1995-04-24 00:00:00-04:00,5.264581612178258,5.264581612178258,4.755105972290039,4.755105972290039,1100,0.0,0.0
1995-04-25 00:00:00-04:00,5.094756464804373,5.264581680297852,5.009843857057633,5.264581680297852,11500,0.0,0.0
1995-04-26 00:00:00-04:00,4.924930750313452,5.009843349456787,4.924930750313452,5.009843349456787,1800,0.0,0.0
1995-04-27 00:00:00-04:00,5.009843349456787,5.009843349456787,5.009843349456787,5.009843349456787,0,0.0,0.0
1995-04-28 00:00:00-04:00,5.009843349456787,5.009843349456787,5.009843349456787,5.009843349456787,0,0.0,0.0
1995-05-01 00:00:00-04:00,4.924930572509766,4.924930572509766,4.924930572509766,4.924930572509766,900,0.0,0.0
1995-05-02 00:00:00-04:00,4.924930572509766,4.924930572509766,4.924930572509766,4.924930572509766,500,0.0,0.0
1995-05-03 00:00:00-04:00,4.924931249310894,5.264581680297852,4.924931249310894,5.264581680297852,800,0.0,0.0
1995-05-04 00:00:00-04:00,5.264580956820784,5.434406148976293,4.924930572509766,4.924930572509766,5800,0.0,0.0
1995-05-05 00:00:00-04:00,4.924930572509766,4.924930572509766,4.924930572509766,4.924930572509766,6400,0.0,0.0
1995-05-08 00:00:00-04:00,5.434405217405225,5.434405217405225,5.1796674728393555,5.1796674728393555,4200,0.0,0.0
1995-05-09 00:00:00-04:00,5.1796674728393555,5.1796674728393555,5.1796674728393555,5.1796674728393555,0,0.0,0.0
1995-05-10 00:00:00-04:00,4.924930572509766,4.924930572509766,4.924930572509766,4.924930572509766,200,0.0,0.0
1995-05-11 00:00:00-04:00,4.924930572509766,4.924930572509766,4.924930572509766,4.924930572509766,0,0.0,0.0
1995-05-12 00:00:00-04:00,4.924930572509766,4.924930572509766,4.924930572509766,4.924930572509766,0,0.0,0.0
1995-05-15 00:00:00-04:00,5.434406895791331,5.434406895791331,5.264581680297852,5.264581680297852,400,0.0,0.0
1995-05-16 00:00:00-04:00,5.094756464804373,5.434406895791331,5.094756464804373,5.264581680297852,3100,0.0,0.0
1995-05-17 00:00:00-04:00,5.094756464804373,5.434406895791331,5.094756464804373,5.264581680297852,8000,0.0,0.0
1995-05-18 00:00:00-04:00,5.434406895791331,5.434406895791331,5.264581680297852,5.264581680297852,7500,0.0,0.0
1995-05-19 00:00:00-04:00,5.434406895791331,5.434406895791331,5.264581680297852,5.264581680297852,3600,0.0,0.0
1995-05-22 00:00:00-04:00,5.4344042609719665,5.774054527282715,5.4344042609719665,5.774054527282715,6100,0.0,0.0
1995-05-23 00:00:00-04:00,5.5193190574646,5.5193190574646,5.5193190574646,5.5193190574646,2000,0.0,0.0
1995-05-24 00:00:00-04:00,5.4344042609719665,5.774054527282715,5.4344042609719665,5.774054527282715,5500,0.0,0.0
1995-05-25 00:00:00-04:00,5.447224140167236,5.447224140167236,5.447224140167236,5.447224140167236,1000,0.02,0.0
1995-05-26 00:00:00-04:00,5.447224472508286,5.61745023727417,5.447224472508286,5.61745023727417,4800,0.0,0.0
1995-05-30 00:00:00-04:00,5.61745023727417,5.61745023727417,5.61745023727417,5.61745023727417,0,0.0,0.0
1995-05-31 00:00:00-04:00,5.787676811218262,5.787676811218262,5.787676811218262,5.787676811218262,600,0.0,0.0
1995-06-01 00:00:00-04:00,5.447224140167236,5.447224140167236,5.447224140167236,5.447224140167236,100,0.0,0.0
1995-06-02 00:00:00-04:00,5.447225234087775,5.787676811218262,5.447225234087775,5.787676811218262,1700,0.0,0.0
1995-06-05 00:00:00-04:00,5.787674830510066,5.787674830510066,5.532336235046387,5.532336235046387,200,0.0,0.0
1995-06-06 00:00:00-04:00,5.447224472508286,5.61745023727417,5.447224472508286,5.61745023727417,19400,0.0,0.0
1995-06-07 00:00:00-04:00,5.447224140167236,5.447224140167236,5.447224140167236,5.447224140167236,600,0.0,0.0
1995-06-08 00:00:00-04:00,5.447224140167236,5.447224140167236,5.447224140167236,5.447224140167236,0,0.0,0.0
1995-06-09 00:00:00-04:00,5.447224140167236,5.447224140167236,5.447224140167236,5.447224140167236,0,0.0,0.0
1995-06-12 00:00:00-04:00,5.447224140167236,5.787675648927689,5.447224140167236,5.447224140167236,3400,0.0,0.0
1995-06-13 00:00:00-04:00,5.4472223538071365,5.787673750920082,5.4472223538071365,5.702560901641846,6600,0.0,0.0
1995-06-14 00:00:00-04:00,5.9579025997835044,5.9579025997835044,5.617451022653018,5.787676811218262,4900,0.0,0.0
1995-06-15 00:00:00-04:00,5.617451022653018,5.787676811218262,5.617451022653018,5.787676811218262,4500,0.0,0.0
1995-06-16 00:00:00-04:00,5.957899570465088,5.957899570465088,5.957899570465088,5.957899570465088,500,0.0,0.0
1995-06-19 00:00:00-04:00,5.787676811218262,5.787676811218262,5.787676811218262,5.787676811218262,1000,0.0,0.0
1995-06-20 00:00:00-04:00,5.957899570465088,5.957899570465088,5.957899570465088,5.957899570465088,100,0.0,0.0
1995-06-21 00:00:00-04:00,5.787670384282651,5.872783184051514,5.617444784744926,5.872783184051514,10500,0.0,0.0
1995-06-22 00:00:00-04:00,5.787673280045793,6.2983503341674805,5.787673280045793,6.2983503341674805,20200,0.0,0.0
1995-06-23 00:00:00-04:00,5.7876738684518,6.298350974491665,5.7876738684518,5.957899570465088,35900,0.0,0.0
1995-06-26 00:00:00-04:00,5.787670384282651,5.872783184051514,5.787670384282651,5.872783184051514,1200,0.0,0.0
1995-06-27 00:00:00-04:00,5.872783184051514,5.872783184051514,5.872783184051514,5.872783184051514,0,0.0,0.0
1995-06-28 00:00:00-04:00,5.872783184051514,5.872783184051514,5.872783184051514,5.872783184051514,0,0.0,0.0
1995-06-29 00:00:00-04:00,5.9578989647530225,6.2983503341674805,5.9578989647530225,6.2983503341674805,21900,0.0,0.0
1995-06-30 00:00:00-04:00,6.2983503341674805,6.2983503341674805,6.2983503341674805,6.2983503341674805,0,0.0,0.0
1995-07-03 00:00:00-04:00,6.2983503341674805,6.2983503341674805,6.2983503341674805,6.2983503341674805,2000,0.0,0.0
1995-07-05 00:00:00-04:00,6.2983503341674805,6.2983503341674805,6.2983503341674805,6.2983503341674805,0,0.0,0.0
1995-07-06 00:00:00-04:00,6.2983503341674805,6.2983503341674805,6.2983503341674805,6.2983503341674805,500,0.0,0.0
1995-07-07 00:00:00-04:00,6.2983503341674805,6.2983503341674805,6.2983503341674805,6.2983503341674805,3100,0.0,0.0
1995-07-10 00:00:00-04:00,6.4685773849487305,6.4685773849487305,6.4685773849487305,6.4685773849487305,500,0.0,0.0
1995-07-11 00:00:00-04:00,5.957899570465088,5.957899570465088,5.957899570465088,5.957899570465088,1000,0.0,0.0
1995-07-12 00:00:00-04:00,5.957899570465088,5.957899570465088,5.957899570465088,5.957899570465088,0,0.0,0.0
1995-07-13 00:00:00-04:00,6.2983503341674805,6.2983503341674805,6.2983503341674805,6.2983503341674805,5000,0.0,0.0
1995-07-14 00:00:00-04:00,6.2983503341674805,6.2983503341674805,6.2983503341674805,6.2983503341674805,1000,0.0,0.0
1995-07-17 00:00:00-04:00,6.298351870642769,6.298351870642769,6.12812614440918,6.12812614440918,4300,0.0,0.0
1995-07-18 00:00:00-04:00,5.9579004181755915,6.298351870642769,5.9579004181755915,6.12812614440918,5700,0.0,0.0
1995-07-19 00:00:00-04:00,6.12812614440918,6.12812614440918,6.12812614440918,6.12812614440918,0,0.0,0.0
1995-07-20 00:00:00-04:00,6.12812614440918,6.12812614440918,6.12812614440918,6.12812614440918,0,0.0,0.0
1995-07-21 00:00:00-04:00,6.12812614440918,6.12812614440918,6.12812614440918,6.12812614440918,100,0.0,0.0
1995-07-24 00:00:00-04:00,6.12812594363564,6.4685773849487305,6.12812594363564,6.4685773849487305,400,0.0,0.0
1995-07-25 00:00:00-04:00,6.12812614440918,6.12812614440918,6.12812614440918,6.12812614440918,500,0.0,0.0
1995-07-26 00:00:00-04:00,5.957899570465088,5.957899570465088,5.957899570465088,5.957899570465088,100,0.0,0.0
1995-07-27 00:00:00-04:00,5.957899570465088,5.957899570465088,5.957899570465088,5.957899570465088,200,0.0,0.0
1995-07-28 00:00:00-04:00,5.957899570465088,5.957899570465088,5.957899570465088,5.957899570465088,0,0.0,0.0
1995-07-31 00:00:00-04:00,5.9579004181755915,6.12812614440918,5.9579004181755915,6.12812614440918,4900,0.0,0.0
1995-08-01 00:00:00-04:00,5.9579025997835044,6.128128388348747,5.787676811218262,5.787676811218262,2100,0.0,0.0
1995-08-02 00:00:00-04:00,6.0430145263671875,6.0430145263671875,6.0430145263671875,6.0430145263671875,1100,0.0,0.0
1995-08-03 00:00:00-04:00,6.213237285614014,6.213237285614014,6.213237285614014,6.213237285614014,500,0.0,0.0
1995-08-04 00:00:00-04:00,5.787676811218262,5.787676811218262,5.787676811218262,5.787676811218262,200,0.0,0.0
1995-08-07 00:00:00-04:00,6.298351870642769,6.468577596876357,5.9579004181755915,6.12812614440918,10700,0.0,0.0
1995-08-08 00:00:00-04:00,6.12812614440918,6.468577596876357,6.12812614440918,6.12812614440918,3300,0.0,0.0
1995-08-09 00:00:00-04:00,6.12812614440918,6.12812614440918,6.12812614440918,6.12812614440918,2700,0.0,0.0
1995-08-10 00:00:00-04:00,6.12812614440918,6.12812614440918,6.12812614440918,6.12812614440918,0,0.0,0.0
1995-08-11 00:00:00-04:00,6.12812594363564,6.4685773849487305,6.12812594363564,6.4685773849487305,9000,0.0,0.0
1995-08-14 00:00:00-04:00,6.46857601887471,6.46857601887471,5.9578989647530225,6.2983503341674805,2500,0.0,0.0
1995-08-15 00:00:00-04:00,5.9578989647530225,6.2983503341674805,5.9578989647530225,6.2983503341674805,4800,0.0,0.0
1995-08-16 00:00:00-04:00,6.4685773849487305,6.4685773849487305,6.4685773849487305,6.4685773849487305,200,0.0,0.0
1995-08-17 00:00:00-04:00,6.468577596876357,6.468577596876357,6.12812614440918,6.12812614440918,2900,0.0,0.0
1995-08-18 00:00:00-04:00,6.468577596876357,6.468577596876357,6.12812614440918,6.12812614440918,4800,0.0,0.0
1995-08-21 00:00:00-04:00,6.4685773849487305,6.4685773849487305,6.4685773849487305,6.4685773849487305,2200,0.0,0.0
1995-08-22 00:00:00-04:00,6.12812614440918,6.12812614440918,6.12812614440918,6.12812614440918,2300,0.0,0.0
1995-08-23 00:00:00-04:00,6.12812614440918,6.12812614440918,6.12812614440918,6.12812614440918,0,0.0,0.0
1995-08-24 00:00:00-04:00,5.957899570465088,5.957899570465088,5.957899570465088,5.957899570465088,2000,0.0,0.0
1995-08-25 00:00:00-04:00,5.787676811218262,5.787676811218262,5.787676811218262,5.787676811218262,800,0.0,0.0
1995-08-28 00:00:00-04:00,5.787674691942003,6.12812614440918,5.787674691942003,6.12812614440918,11600,0.0,0.0
1995-08-29 00:00:00-04:00,5.872787555058798,6.12812614440918,5.872787555058798,6.12812614440918,1000,0.0,0.0
1995-08-30 00:00:00-04:00,6.14177235194615,6.14177235194615,5.800562776838031,5.97116756439209,12300,0.02,0.0
1995-08-31 00:00:00-04:00,5.6299591064453125,5.6299591064453125,5.6299591064453125,5.6299591064453125,900,0.0,0.0
1995-09-01 00:00:00-04:00,6.141772747039795,6.141772747039795,6.141772747039795,6.141772747039795,4000,0.0,0.0
1995-09-05 00:00:00-04:00,5.629957989283971,5.97116756439209,5.629957989283971,5.97116756439209,1500,0.0,0.0
1995-09-06 00:00:00-04:00,5.800563335418701,5.800563335418701,5.800563335418701,5.800563335418701,500,0.0,0.0
1995-09-07 00:00:00-04:00,5.6299591064453125,5.6299591064453125,5.6299591064453125,5.6299591064453125,1000,0.0,0.0
1995-09-08 00:00:00-04:00,6.141772747039795,6.141772747039795,6.141772747039795,6.141772747039795,600,0.0,0.0
1995-09-11 00:00:00-04:00,6.141772747039795,6.141772747039795,6.141772747039795,6.141772747039795,10200,0.0,0.0
1995-09-12 00:00:00-04:00,6.141772747039795,6.141772747039795,5.971167948510912,6.141772747039795,9700,0.0,0.0
1995-09-13 00:00:00-04:00,5.800563149982028,6.141772747039795,5.800563149982028,6.141772747039795,1500,0.0,0.0
1995-09-14 00:00:00-04:00,6.141774512626029,6.312379360198975,5.800564817480138,6.312379360198975,21400,0.0,0.0
1995-09-15 00:00:00-04:00,5.97116756439209,5.97116756439209,5.97116756439209,5.97116756439209,1800,0.0,0.0
1995-09-18 00:00:00-04:00,5.800564817480138,6.312379360198975,5.800564817480138,6.312379360198975,3200,0.0,0.0
1995-09-19 00:00:00-04:00,5.97116756439209,5.97116756439209,5.97116756439209,5.97116756439209,200,0.0,0.0
1995-09-20 00:00:00-04:00,6.482982551350314,6.482982551350314,5.800563335418701,5.800563335418701,600,0.0,0.0
1995-09-21 00:00:00-04:00,6.227075576782227,6.227075576782227,6.227075576782227,6.227075576782227,1800,0.0,0.0
1995-09-22 00:00:00-04:00,6.227075576782227,6.227075576782227,6.227075576782227,6.227075576782227,0,0.0,0.0
1995-09-25 00:00:00-04:00,6.141772747039795,6.141772747039795,6.141772747039795,6.141772747039795,3100,0.0,0.0
1995-09-26 00:00:00-04:00,6.1417743783248095,6.4829840660095215,6.1417743783248095,6.4829840660095215,1600,0.0,0.0
1995-09-27 00:00:00-04:00,6.141772747039795,6.482982344097561,6.141772747039795,6.141772747039795,7600,0.0,0.0
1995-09-28 00:00:00-04:00,6.4829840660095215,6.4829840660095215,6.4829840660095215,6.4829840660095215,200,0.0,0.0
1995-09-29 00:00:00-04:00,6.4829840660095215,6.4829840660095215,6.4829840660095215,6.4829840660095215,0,0.0,0.0
1995-10-02 00:00:00-04:00,6.4829840660095215,6.4829840660095215,6.4829840660095215,6.4829840660095215,0,0.0,0.0
1995-10-03 00:00:00-04:00,6.4829840660095215,6.4829840660095215,6.4829840660095215,6.4829840660095215,0,0.0,0.0
1995-10-04 00:00:00-04:00,6.1417743783248095,6.4829840660095215,6.1417743783248095,6.4829840660095215,3400,0.0,0.0
1995-10-05 00:00:00-04:00,6.141772747039795,6.312377545568678,6.141772747039795,6.141772747039795,4300,0.0,0.0
1995-10-06 00:00:00-04:00,6.141772747039795,6.141772747039795,6.141772747039795,6.141772747039795,900,0.0,0.0
1995-10-09 00:00:00-04:00,6.141774512626029,6.312379360198975,6.141774512626029,6.312379360198975,3400,0.0,0.0
1995-10-10 00:00:00-04:00,6.141772747039795,6.482982344097561,6.141772747039795,6.141772747039795,1600,0.0,0.0
1995-10-11 00:00:00-04:00,5.971167948510912,6.141772747039795,5.971167948510912,6.141772747039795,1500,0.0,0.0
1995-10-12 00:00:00-04:00,6.141772747039795,6.141772747039795,6.141772747039795,6.141772747039795,0,0.0,0.0
1995-10-13 00:00:00-04:00,5.97116756439209,5.97116756439209,5.97116756439209,5.97116756439209,200,0.0,0.0
1995-10-16 00:00:00-04:00,6.482982344097561,6.482982344097561,6.141772747039795,6.141772747039795,2600,0.0,0.0
1995-10-17 00:00:00-04:00,6.4829840660095215,6.4829840660095215,6.4829840660095215,6.4829840660095215,200,0.0,0.0
1995-10-18 00:00:00-04:00,6.141772747039795,6.141772747039795,6.141772747039795,6.141772747039795,900,0.0,0.0
1995-10-19 00:00:00-04:00,6.141772747039795,6.141772747039795,6.141772747039795,6.141772747039795,0,0.0,0.0
1995-10-20 00:00:00-04:00,6.141773986816406,6.39768123626709,6.141773986816406,6.39768123626709,2400,0.0,0.0
1995-10-23 00:00:00-04:00,6.1417743783248095,6.4829840660095215,6.1417743783248095,6.4829840660095215,5500,0.0,0.0
1995-10-24 00:00:00-04:00,6.82419390291781,6.82419390291781,6.312379360198975,6.312379360198975,2800,0.0,0.0
1995-10-25 00:00:00-04:00,6.6535889098518775,6.6535889098518775,6.4829840660095215,6.4829840660095215,900,0.0,0.0
1995-10-26 00:00:00-04:00,6.4829840660095215,6.4829840660095215,6.4829840660095215,6.4829840660095215,0,0.0,0.0
1995-10-27 00:00:00-04:00,6.4829840660095215,6.4829840660095215,6.4829840660095215,6.4829840660095215,0,0.0,0.0
1995-10-30 00:00:00-05:00,6.4829840660095215,6.4829840660095215,6.4829840660095215,6.4829840660095215,0,0.0,0.0
1995-10-31 00:00:00-05:00,6.4829840660095215,6.4829840660095215,6.4829840660095215,6.4829840660095215,0,0.0,0.0
1995-11-01 00:00:00-05:00,6.4829840660095215,6.4829840660095215,6.4829840660095215,6.4829840660095215,0,0.0,0.0
1995-11-02 00:00:00-05:00,6.312379360198975,6.312379360198975,6.312379360198975,6.312379360198975,200,0.0,0.0
1995-11-03 00:00:00-05:00,6.312379360198975,6.312379360198975,6.312379360198975,6.312379360198975,500,0.0,0.0
1995-11-06 00:00:00-05:00,6.4829840660095215,6.4829840660095215,6.4829840660095215,6.4829840660095215,200,0.0,0.0
1995-11-07 00:00:00-05:00,6.4829840660095215,6.4829840660095215,6.4829840660095215,6.4829840660095215,700,0.0,0.0
1995-11-08 00:00:00-05:00,6.4829840660095215,6.4829840660095215,6.4829840660095215,6.4829840660095215,0,0.0,0.0
1995-11-09 00:00:00-05:00,6.4829840660095215,6.4829840660095215,6.4829840660095215,6.4829840660095215,0,0.0,0.0
1995-11-10 00:00:00-05:00,6.4829840660095215,6.4829840660095215,6.4829840660095215,6.4829840660095215,0,0.0,0.0
1995-11-13 00:00:00-05:00,6.48298300229586,6.994797449845533,6.48298300229586,6.653587818145752,2500,0.0,0.0
1995-11-14 00:00:00-05:00,6.653587818145752,6.653587818145752,6.653587818145752,6.653587818145752,500,0.0,0.0
1995-11-15 00:00:00-05:00,6.653587818145752,6.653587818145752,6.653587818145752,6.653587818145752,0,0.0,0.0
1995-11-16 00:00:00-05:00,6.994799780845642,6.994799780845642,6.82419490814209,6.82419490814209,4500,0.0,0.0
1995-11-17 00:00:00-05:00,6.994800851458594,7.165405750274657,6.994800851458594,7.165405750274658,5000,0.0,0.0
1995-11-20 00:00:00-05:00,7.165405750274657,7.165405750274657,7.165405750274657,7.165405750274658,0,0.0,0.0
1995-11-21 00:00:00-05:00,6.994799303454022,7.3360090255737305,6.994799303454022,7.3360090255737305,1500,0.0,0.0
1995-11-22 00:00:00-05:00,7.165409367258956,7.165409367258956,6.994804382324219,6.994804382324219,1300,0.0,0.0
1995-11-24 00:00:00-05:00,6.994804382324219,6.994804382324219,6.994804382324219,6.994804382324219,0,0.0,0.0
1995-11-27 00:00:00-05:00,6.994804382324219,6.994804382324219,6.994804382324219,6.994804382324219,0,0.0,0.0
1995-11-28 00:00:00-05:00,6.994804382324219,6.994804382324219,6.994804382324219,6.994804382324219,0,0.0,0.0
1995-11-29 00:00:00-05:00,7.0084710121154785,7.0084710121154785,7.0084710121154785,7.0084710121154785,0,0.02,0.0
1995-11-30 00:00:00-05:00,7.0084710121154785,7.0084710121154785,7.0084710121154785,7.0084710121154785,0,0.0,0.0
1995-12-01 00:00:00-05:00,7.0084710121154785,7.0084710121154785,7.0084710121154785,7.0084710121154785,0,0.0,0.0
1995-12-04 00:00:00-05:00,7.179413795471191,7.179413795471191,7.179413795471191,7.179413795471191,600,0.0,0.0
1995-12-05 00:00:00-05:00,7.179413015192205,7.521289825439453,7.179413015192205,7.521289825439453,6200,0.0,0.0
1995-12-06 00:00:00-05:00,7.179413795471191,7.521290642874582,7.179413795471191,7.179413795471191,2100,0.0,0.0
1995-12-07 00:00:00-05:00,7.179413795471191,7.179413795471191,7.179413795471191,7.179413795471191,0,0.0,0.0
1995-12-08 00:00:00-05:00,7.222144603729248,7.222144603729248,7.222144603729248,7.222144603729248,300,0.0,0.0
1995-12-11 00:00:00-05:00,7.521289825439453,7.521289825439453,7.179413015192205,7.521289825439453,1900,0.0,0.0
1995-12-12 00:00:00-05:00,7.5212911718031945,7.5212911718031945,7.179414300357594,7.264883518218994,1300,0.0,0.0
1995-12-13 00:00:00-05:00,7.521290642874582,7.521290642874582,7.179413795471191,7.179413795471191,1100,0.0,0.0
1995-12-14 00:00:00-05:00,7.179413795471191,7.179413795471191,7.179413795471191,7.179413795471191,100,0.0,0.0
1995-12-15 00:00:00-05:00,7.179413795471191,7.179413795471191,7.179413795471191,7.179413795471191,13500,0.0,0.0
1995-12-18 00:00:00-05:00,7.264880718186845,7.3503499031066895,7.264880718186845,7.3503499031066895,6400,0.0,0.0
1995-12-19 00:00:00-05:00,7.521289825439453,7.521289825439453,7.350351420315829,7.521289825439453,5400,0.0,0.0
1995-12-20 00:00:00-05:00,7.521289825439453,7.521289825439453,7.521289825439453,7.521289825439453,0,0.0,0.0
1995-12-21 00:00:00-05:00,7.179413795471191,7.350352219172887,7.179413795471191,7.179413795471191,10500,0.0,0.0
1995-12-22 00:00:00-05:00,7.179413795471191,7.179413795471191,7.179413795471191,7.179413795471191,0,0.0,0.0
1995-12-26 00:00:00-05:00,7.179413795471191,7.179413795471191,7.179413795471191,7.179413795471191,300,0.0,0.0
1995-12-27 00:00:00-05:00,7.179413795471191,7.179413795471191,7.179413795471191,7.179413795471191,0,0.0,0.0
1995-12-28 00:00:00-05:00,7.179413795471191,7.179413795471191,7.179413795471191,7.179413795471191,0,0.0,0.0
1995-12-29 00:00:00-05:00,7.179413795471191,7.179413795471191,7.179413795471191,7.179413795471191,0,0.0,0.0
1996-01-02 00:00:00-05:00,7.179413795471191,7.179413795471191,7.179413795471191,7.179413795471191,1000,0.0,0.0
1996-01-03 00:00:00-05:00,7.521289825439453,7.521289825439453,7.521289825439453,7.521289825439453,100,0.0,0.0
1996-01-04 00:00:00-05:00,7.179413795471191,7.264883007322039,7.179413795471191,7.179413795471191,1100,0.0,0.0
1996-01-05 00:00:00-05:00,7.521289825439453,7.521289825439453,7.179413015192205,7.521289825439453,3000,0.0,0.0
1996-01-08 00:00:00-05:00,7.521289825439453,7.521289825439453,7.521289825439453,7.521289825439453,0,0.0,0.0
1996-01-09 00:00:00-05:00,7.179413795471191,7.179413795471191,7.179413795471191,7.179413795471191,100,0.0,0.0
1996-01-10 00:00:00-05:00,7.179413795471191,7.179413795471191,7.179413795471191,7.179413795471191,0,0.0,0.0
1996-01-11 00:00:00-05:00,7.179413795471191,7.179413795471191,7.179413795471191,7.179413795471191,0,0.0,0.0
1996-01-12 00:00:00-05:00,7.0084710121154785,7.0084710121154785,7.0084710121154785,7.0084710121154785,200,0.0,0.0
1996-01-15 00:00:00-05:00,7.008473163427309,7.3503499031066895,7.008473163427309,7.3503499031066895,5000,0.0,0.0
1996-01-16 00:00:00-05:00,7.0084710121154785,7.093940170799814,7.0084710121154785,7.0084710121154785,18800,0.0,0.0
1996-01-17 00:00:00-05:00,6.8375349044799805,6.8375349044799805,6.8375349044799805,6.8375349044799805,600,0.0,0.0
1996-01-18 00:00:00-05:00,6.8375347935876185,7.3503499031066895,6.8375347935876185,7.3503499031066895,8600,0.0,0.0
1996-01-19 00:00:00-05:00,7.093936920166016,7.093936920166016,7.093936920166016,7.093936920166016,3000,0.0,0.0
1996-01-22 00:00:00-05:00,7.093936920166016,7.093936920166016,7.093936920166016,7.093936920166016,0,0.0,0.0
1996-01-23 00:00:00-05:00,6.8375349044799805,6.8375349044799805,6.8375349044799805,6.8375349044799805,5600,0.0,0.0
1996-01-24 00:00:00-05:00,7.5212883949279785,7.5212883949279785,6.8375349044799805,6.8375349044799805,1600,0.0,0.0
1996-01-25 00:00:00-05:00,6.8375349044799805,6.8375349044799805,6.8375349044799805,6.8375349044799805,1000,0.0,0.0
1996-01-26 00:00:00-05:00,6.837529561605798,7.093936920166016,6.837529561605798,7.093936920166016,2600,0.0,0.0
1996-01-29 00:00:00-05:00,7.350350022315979,7.350350022315979,6.8375349044799805,6.8375349044799805,4100,0.0,0.0
1996-01-30 00:00:00-05:00,7.350344278726233,7.350344278726233,7.093936920166016,7.093936920166016,2100,0.0,0.0
1996-01-31 00:00:00-05:00,6.8375349044799805,6.8375349044799805,6.8375349044799805,6.8375349044799805,100,0.0,0.0
1996-02-01 00:00:00-05:00,7.3503499031066895,7.3503499031066895,7.3503499031066895,7.3503499031066895,100,0.0,0.0
1996-02-02 00:00:00-05:00,6.837537428911995,7.264883518218995,6.837537428911995,7.264883518218994,5000,0.0,0.0
1996-02-05 00:00:00-05:00,6.837536948067802,7.179413795471191,6.837536948067802,7.179413795471191,1600,0.0,0.0
1996-02-06 00:00:00-05:00,6.837536948067802,7.179413795471191,6.837536948067802,7.179413795471191,1800,0.0,0.0
1996-02-07 00:00:00-05:00,7.1794116497039795,7.1794116497039795,6.8375349044799805,6.8375349044799805,800,0.0,0.0
1996-02-08 00:00:00-05:00,6.8375349044799805,6.8375349044799805,6.8375349044799805,6.8375349044799805,0,0.0,0.0
1996-02-09 00:00:00-05:00,6.8375349044799805,6.8375349044799805,6.8375349044799805,6.8375349044799805,0,0.0,0.0
1996-02-12 00:00:00-05:00,7.350352219172887,7.350352219172887,6.837536948067802,7.179413795471191,2400,0.0,0.0
1996-02-13 00:00:00-05:00,6.8375349044799805,7.350350022315979,6.8375349044799805,6.8375349044799805,8700,0.0,0.0
1996-02-14 00:00:00-05:00,6.8375349044799805,6.8375349044799805,6.8375349044799805,6.8375349044799805,0,0.0,0.0
1996-02-15 00:00:00-05:00,6.8375347935876185,7.3503499031066895,6.8375347935876185,7.3503499031066895,600,0.0,0.0
1996-02-16 00:00:00-05:00,7.3503476468528195,7.3503476468528195,7.0084710121154785,7.0084710121154785,1700,0.0,0.0
1996-02-20 00:00:00-05:00,7.3503499031066895,7.3503499031066895,7.3503499031066895,7.3503499031066895,200,0.0,0.0
1996-02-21 00:00:00-05:00,7.3503499031066895,7.3503499031066895,7.093942348347154,7.3503499031066895,8600,0.0,0.0
1996-02-22 00:00:00-05:00,7.008473163427309,7.3503499031066895,7.008473163427309,7.3503499031066895,4100,0.0,0.0
1996-02-23 00:00:00-05:00,7.0084710121154785,7.0084710121154785,7.0084710121154785,7.0084710121154785,500,0.0,0.0
1996-02-26 00:00:00-05:00,7.093940170799814,7.179409329484149,7.0084710121154785,7.0084710121154785,2300,0.0,0.0
1996-02-27 00:00:00-05:00,7.0084710121154785,7.0084710121154785,7.0084710121154785,7.0084710121154785,0,0.0,0.0
1996-02-28 00:00:00-05:00,7.364719867706299,7.364719867706299,7.364719867706299,7.364719867706299,200,0.02,0.0
1996-02-29 00:00:00-05:00,7.364719867706299,7.364719867706299,7.193447312643362,7.364719867706299,1200,0.0,0.0
1996-03-01 00:00:00-05:00,7.364719867706299,7.364719867706299,7.364719867706299,7.364719867706299,900,0.0,0.0
1996-03-04 00:00:00-05:00,7.0221716712502875,7.364716630823472,7.0221716712502875,7.279080390930176,10300,0.0,0.0
1996-03-05 00:00:00-05:00,7.193446159362793,7.364718686966668,7.193446159362793,7.193446159362793,3900,0.0,0.0
1996-03-06 00:00:00-05:00,7.364719596776095,7.53599214553833,7.364719596776095,7.53599214553833,3500,0.0,0.0
1996-03-07 00:00:00-05:00,7.193447312643362,7.364719867706299,7.193447312643362,7.364719867706299,11700,0.0,0.0
1996-03-08 00:00:00-05:00,7.19344704801386,7.53599214553833,7.19344704801386,7.53599214553833,17600,0.0,0.0
1996-03-11 00:00:00-05:00,7.19344415103688,7.364716630823472,7.19344415103688,7.279080390930176,24000,0.0,0.0
1996-03-12 00:00:00-05:00,7.364718686966668,7.5359912145705445,7.193446159362793,7.193446159362793,11700,0.0,0.0
1996-03-13 00:00:00-05:00,7.53599214553833,7.53599214553833,7.53599214553833,7.53599214553833,800,0.0,0.0
1996-03-14 00:00:00-05:00,7.53599214553833,7.53599214553833,7.53599214553833,7.53599214553833,0,0.0,0.0
1996-03-15 00:00:00-05:00,7.19344415103688,7.279080390930176,7.19344415103688,7.279080390930176,27100,0.0,0.0
1996-03-18 00:00:00-05:00,7.450355871157212,7.53599214553833,7.450355871157212,7.53599214553833,2700,0.0,0.0
1996-03-19 00:00:00-05:00,7.53599214553833,7.53599214553833,7.53599214553833,7.53599214553833,0,0.0,0.0
1996-03-20 00:00:00-05:00,7.53599214553833,7.53599214553833,7.53599214553833,7.53599214553833,300,0.0,0.0
1996-03-21 00:00:00-05:00,7.707266330718994,7.707266330718994,7.707266330718994,7.707266330718994,300,0.0,0.0
1996-03-22 00:00:00-05:00,7.707266330718994,7.707266330718994,7.707266330718994,7.707266330718994,6000,0.0,0.0
1996-03-25 00:00:00-05:00,7.364719465877233,7.621628284454346,7.364719465877233,7.621628284454346,1900,0.0,0.0
1996-03-26 00:00:00-05:00,7.535990938227227,8.049808502197266,7.535990938227227,8.049808502197266,6500,0.0,0.0
1996-03-27 00:00:00-05:00,8.049813866615295,8.221086502075195,8.049813866615295,8.221086502075195,2200,0.0,0.0
1996-03-28 00:00:00-05:00,8.221086502075195,8.221086502075195,8.221086502075195,8.221086502075195,1500,0.0,0.0
1996-03-29 00:00:00-05:00,8.049809864589147,8.392354965209961,8.049809864589147,8.392354965209961,1800,0.0,0.0
1996-04-01 00:00:00-05:00,8.392354965209961,8.392354965209961,8.392354965209961,8.392354965209961,1300,0.0,0.0
1996-04-02 00:00:00-05:00,8.56362533569336,8.56362533569336,8.56362533569336,8.56362533569336,600,0.0,0.0
1996-04-03 00:00:00-05:00,8.306717872619629,8.306717872619629,8.306717872619629,8.306717872619629,500,0.0,0.0
1996-04-04 00:00:00-05:00,8.56362533569336,8.56362533569336,8.56362533569336,8.56362533569336,1000,0.0,0.0
1996-04-08 00:00:00-04:00,8.56362533569336,8.56362533569336,8.56362533569336,8.56362533569336,100,0.0,0.0
1996-04-09 00:00:00-04:00,8.563627515520368,8.563627515520368,8.392354965209961,8.392354965209961,2700,0.0,0.0
1996-04-10 00:00:00-04:00,8.563626981249042,8.734899520874023,8.221081901999082,8.734899520874023,12200,0.0,0.0
1996-04-11 00:00:00-04:00,8.221081901999082,8.734899520874023,8.221081901999082,8.734899520874023,1700,0.0,0.0
1996-04-12 00:00:00-04:00,8.734899520874023,8.734899520874023,8.734899520874023,8.734899520874023,2000,0.0,0.0
1996-04-15 00:00:00-04:00,8.820534706115723,8.820534706115723,8.820534706115723,8.820534706115723,1000,0.0,0.0
1996-04-16 00:00:00-04:00,8.906170349121094,8.906170349121094,8.56362533569336,8.56362533569336,800,0.0,0.0
1996-04-17 00:00:00-04:00,8.56362533569336,8.56362533569336,8.56362533569336,8.56362533569336,2500,0.0,0.0
1996-04-18 00:00:00-04:00,8.56362533569336,8.56362533569336,8.56362533569336,8.56362533569336,1500,0.0,0.0
1996-04-19 00:00:00-04:00,8.56362533569336,8.56362533569336,8.56362533569336,8.56362533569336,0,0.0,0.0
1996-04-22 00:00:00-04:00,8.734899520874023,8.734899520874023,8.734899520874023,8.734899520874023,300,0.0,0.0
1996-04-23 00:00:00-04:00,8.392354965209961,8.734900065830775,8.392354965209961,8.392354965209961,1800,0.0,0.0
1996-04-24 00:00:00-04:00,8.563627515520368,8.563627515520368,8.392354965209961,8.392354965209961,4000,0.0,0.0
1996-04-25 00:00:00-04:00,8.392352828979492,8.56362533569336,8.392352828979492,8.56362533569336,2400,0.0,0.0
1996-04-26 00:00:00-04:00,8.56362533569336,8.56362533569336,8.56362533569336,8.56362533569336,0,0.0,0.0
1996-04-29 00:00:00-04:00,8.049805933886235,8.649259567260742,8.049805933886235,8.649259567260742,300,0.0,0.0
1996-04-30 00:00:00-04:00,8.221081023520611,8.221081023520611,8.049808502197266,8.049808502197266,300,0.0,0.0
1996-05-01 00:00:00-04:00,8.049808502197266,8.049808502197266,8.049808502197266,8.049808502197266,400,0.0,0.0
1996-05-02 00:00:00-04:00,8.049808502197266,8.049808502197266,8.049808502197266,8.049808502197266,0,0.0,0.0
1996-05-03 00:00:00-04:00,8.563626066167304,8.563626066167304,8.049808502197266,8.049808502197266,600,0.0,0.0
1996-05-06 00:00:00-04:00,8.56362533569336,8.56362533569336,8.56362533569336,8.56362533569336,200,0.0,0.0
1996-05-07 00:00:00-04:00,8.56362533569336,8.56362533569336,8.56362533569336,8.56362533569336,0,0.0,0.0
1996-05-08 00:00:00-04:00,8.221081023520611,8.221081023520611,8.049808502197266,8.049808502197266,2300,0.0,0.0
1996-05-09 00:00:00-04:00,8.049810699794604,8.22108326787534,7.878538131713867,7.878538131713867,6400,0.0,0.0
1996-05-10 00:00:00-04:00,8.221081023520611,8.221081023520611,8.049808502197266,8.049808502197266,2200,0.0,0.0
1996-05-13 00:00:00-04:00,8.049808502197266,8.135444762858938,8.049808502197266,8.049808502197266,5000,0.0,0.0
1996-05-14 00:00:00-04:00,8.049808502197266,8.049808502197266,8.049808502197266,8.049808502197266,0,0.0,0.0
1996-05-15 00:00:00-04:00,8.049808502197266,8.392353544843958,7.87853598087392,8.049808502197266,12700,0.0,0.0
1996-05-16 00:00:00-04:00,7.878538131713867,7.878538131713867,7.878538131713867,7.878538131713867,400,0.0,0.0
1996-05-17 00:00:00-04:00,8.049805550826223,8.135441780090332,8.049805550826223,8.135441780090332,2400,0.0,0.0
1996-05-20 00:00:00-04:00,8.135441780090332,8.135441780090332,8.135441780090332,8.135441780090332,0,0.0,0.0
1996-05-21 00:00:00-04:00,8.049809864589147,8.392354965209961,8.049809864589147,8.392354965209961,1100,0.0,0.0
1996-05-22 00:00:00-04:00,8.049809864589147,8.392354965209961,8.049809864589147,8.392354965209961,800,0.0,0.0
1996-05-23 00:00:00-04:00,8.392354965209961,8.392354965209961,8.392354965209961,8.392354965209961,300,0.0,0.0
1996-05-24 00:00:00-04:00,8.049813866615295,8.221086502075195,8.049813866615295,8.221086502075195,7100,0.0,0.0
1996-05-28 00:00:00-04:00,8.392353544843958,8.392353544843958,8.049808502197266,8.049808502197266,6400,0.0,0.0
1996-05-29 00:00:00-04:00,8.581882842043614,8.581882842043614,8.066969871520996,8.066969871520996,1100,0.025,0.0
1996-05-30 00:00:00-04:00,8.066969871520996,8.066969871520996,8.066969871520996,8.066969871520996,0,0.0,0.0
1996-05-31 00:00:00-04:00,8.066974211712273,8.410249710083008,8.066974211712273,8.410249710083008,2000,0.0,0.0
1996-06-03 00:00:00-04:00,8.32442970275879,8.581886291503906,8.32442970275879,8.581886291503906,5100,0.0,0.0
1996-06-04 00:00:00-04:00,8.581886291503906,8.581886291503906,8.581886291503906,8.581886291503906,0,0.0,0.0
1996-06-05 00:00:00-04:00,8.581886291503906,8.581886291503906,8.32442970275879,8.581886291503906,2700,0.0,0.0
1996-06-06 00:00:00-04:00,8.581886291503906,8.581886291503906,8.581886291503906,8.581886291503906,700,0.0,0.0
1996-06-07 00:00:00-04:00,8.410249710083008,8.410249710083008,8.410249710083008,8.410249710083008,300,0.0,0.0
1996-06-10 00:00:00-04:00,8.324432373046875,8.324432373046875,8.324432373046875,8.324432373046875,500,0.0,0.0
1996-06-11 00:00:00-04:00,8.324432373046875,8.324432373046875,8.324432373046875,8.324432373046875,0,0.0,0.0
1996-06-12 00:00:00-04:00,8.324432373046875,8.324432373046875,8.324432373046875,8.324432373046875,0,0.0,0.0
1996-06-13 00:00:00-04:00,8.324432373046875,8.324432373046875,8.324432373046875,8.324432373046875,0,0.0,0.0
1996-06-14 00:00:00-04:00,8.324432373046875,8.324432373046875,8.324432373046875,8.324432373046875,0,0.0,0.0
1996-06-17 00:00:00-04:00,8.581886291503906,8.581886291503906,8.581886291503906,8.581886291503906,100,0.0,0.0
1996-06-18 00:00:00-04:00,8.41025479634603,8.41025479634603,8.238616943359375,8.238616943359375,4400,0.0,0.0
1996-06-19 00:00:00-04:00,8.238616943359375,8.238616943359375,8.238616943359375,8.238616943359375,1000,0.0,0.0
1996-06-20 00:00:00-04:00,8.281516942572086,8.281516942572086,8.066969871520996,8.066969871520996,2200,0.0,0.0
1996-06-21 00:00:00-04:00,8.066973114013672,8.581886291503906,8.066973114013672,8.581886291503906,14400,0.0,0.0
1996-06-24 00:00:00-04:00,8.066973114013672,8.581886291503906,8.066973114013672,8.581886291503906,4000,0.0,0.0
1996-06-25 00:00:00-04:00,8.066975701715528,8.324432373046875,8.066975701715528,8.324432373046875,4000,0.0,0.0
1996-06-26 00:00:00-04:00,8.238607528361868,8.238607528361868,7.98115104310056,8.066969871520996,7900,0.0,0.0
1996-06-27 00:00:00-04:00,8.066969871520996,8.066969871520996,8.066969871520996,8.066969871520996,100,0.0,0.0
1996-06-28 00:00:00-04:00,7.723697185516357,7.723697185516357,7.723697185516357,7.723697185516357,5200,0.0,0.0
1996-07-01 00:00:00-04:00,7.8953375816345215,7.8953375816345215,7.8953375816345215,7.8953375816345215,5000,0.0,0.0
1996-07-02 00:00:00-04:00,7.723697185516357,7.723697185516357,7.723697185516357,7.723697185516357,1200,0.0,0.0
1996-07-03 00:00:00-04:00,7.723697185516357,7.723697185516357,7.723697185516357,7.723697185516357,0,0.0,0.0
1996-07-05 00:00:00-04:00,7.981154918670654,7.981154918670654,7.981154918670654,7.981154918670654,1000,0.0,0.0
1996-07-08 00:00:00-04:00,7.723697185516357,7.809516043133206,7.723697185516357,7.723697185516357,2900,0.0,0.0
1996-07-09 00:00:00-04:00,7.723697185516357,7.723697185516357,7.723697185516357,7.723697185516357,0,0.0,0.0
1996-07-10 00:00:00-04:00,7.8953375816345215,7.8953375816345215,7.8953375816345215,7.8953375816345215,2500,0.0,0.0
1996-07-11 00:00:00-04:00,8.066969871520996,8.152788699941432,8.066969871520996,8.066969871520996,4500,0.0,0.0
1996-07-12 00:00:00-04:00,8.410249710083008,8.410249710083008,8.410249710083008,8.410249710083008,1000,0.0,0.0
1996-07-15 00:00:00-04:00,8.066969871520996,8.066969871520996,8.066969871520996,8.066969871520996,1000,0.0,0.0
1996-07-16 00:00:00-04:00,7.723697185516357,7.723697185516357,7.723697185516357,7.723697185516357,1500,0.0,0.0
1996-07-17 00:00:00-04:00,7.723697185516357,7.723697185516357,7.723697185516357,7.723697185516357,0,0.0,0.0
1996-07-18 00:00:00-04:00,8.238610660328586,8.753523826599121,8.238610660328586,8.753523826599121,10000,0.0,0.0
1996-07-19 00:00:00-04:00,8.753529255206768,8.925167083740234,8.753529255206768,8.925167083740234,900,0.0,0.0
1996-07-22 00:00:00-04:00,8.92516835530599,8.92516835530599,8.238616943359375,8.238616943359375,20700,0.0,0.0
1996-07-23 00:00:00-04:00,8.238616943359375,8.238616943359375,8.238616943359375,8.238616943359375,0,0.0,0.0
1996-07-24 00:00:00-04:00,8.238616943359375,8.238616943359375,8.238616943359375,8.238616943359375,600,0.0,0.0
1996-07-25 00:00:00-04:00,8.667707443237305,8.667707443237305,8.667707443237305,8.667707443237305,500,0.0,0.0
1996-07-26 00:00:00-04:00,8.753523826599121,8.753523826599121,8.753523826599121,8.753523826599121,100,0.0,0.0
1996-07-29 00:00:00-04:00,8.753523826599121,8.753523826599121,8.753523826599121,8.753523826599121,0,0.0,0.0
1996-07-30 00:00:00-04:00,8.238616943359375,8.238616943359375,8.238616943359375,8.238616943359375,200,0.0,0.0
1996-07-31 00:00:00-04:00,8.238616943359375,8.238616943359375,8.238616943359375,8.238616943359375,0,0.0,0.0
1996-08-01 00:00:00-04:00,8.238616943359375,8.238616943359375,8.238616943359375,8.238616943359375,200,0.0,0.0
1996-08-02 00:00:00-04:00,8.238616943359375,8.238616943359375,8.238616943359375,8.238616943359375,0,0.0,0.0
1996-08-05 00:00:00-04:00,8.238616943359375,8.238616943359375,8.238616943359375,8.238616943359375,0,0.0,0.0
1996-08-06 00:00:00-04:00,8.238616943359375,8.238616943359375,8.238616943359375,8.238616943359375,0,0.0,0.0
1996-08-07 00:00:00-04:00,8.238616943359375,8.238616943359375,8.238616943359375,8.238616943359375,0,0.0,0.0
1996-08-08 00:00:00-04:00,8.753530502319336,8.753530502319336,8.238616943359375,8.238616943359375,400,0.0,0.0
1996-08-09 00:00:00-04:00,8.410248382418764,8.753523826599121,8.410248382418764,8.753523826599121,900,0.0,0.0
1996-08-12 00:00:00-04:00,8.410249710083008,8.410249710083008,8.410249710083008,8.410249710083008,200,0.0,0.0
1996-08-13 00:00:00-04:00,8.753523826599121,8.753523826599121,8.753523826599121,8.753523826599121,400,0.0,0.0
1996-08-14 00:00:00-04:00,8.581886104508943,9.09679927077948,8.581886104508943,8.753523826599121,5900,0.0,0.0
1996-08-15 00:00:00-04:00,9.096800804138184,9.096800804138184,8.753525302095234,9.096800804138184,3300,0.0,0.0
1996-08-16 00:00:00-04:00,9.096800804138184,9.096800804138184,9.096800804138184,9.096800804138184,400,0.0,0.0
1996-08-19 00:00:00-04:00,8.753529255206768,8.925167083740234,8.753529255206768,8.925167083740234,3400,0.0,0.0
1996-08-20 00:00:00-04:00,8.925167083740234,8.925167083740234,8.925167083740234,8.925167083740234,0,0.0,0.0
1996-08-21 00:00:00-04:00,8.753523826599121,8.83934268764421,8.753523826599121,8.753523826599121,3800,0.0,0.0
1996-08-22 00:00:00-04:00,9.096802609638102,9.096802609638102,8.839345932006836,8.839345932006836,3800,0.0,0.0
1996-08-23 00:00:00-04:00,8.839345932006836,8.839345932006836,8.839345932006836,8.839345932006836,0,0.0,0.0
1996-08-26 00:00:00-04:00,9.268438555159658,9.268438555159658,9.096800804138184,9.096800804138184,500,0.0,0.0
1996-08-27 00:00:00-04:00,9.268437385559082,9.268437385559082,9.268437385559082,9.268437385559082,100,0.0,0.0
1996-08-28 00:00:00-04:00,9.28563404083252,9.28563404083252,9.28563404083252,9.28563404083252,500,0.025,0.0
1996-08-29 00:00:00-04:00,9.027699761920505,9.28563404083252,9.027699761920505,9.28563404083252,700,0.0,0.0
1996-08-30 00:00:00-04:00,9.285635864850386,9.285635864850386,8.855745315551758,8.855745315551758,1100,0.0,0.0
1996-09-03 00:00:00-04:00,9.285635864850386,9.285635864850386,8.855745315551758,8.855745315551758,400,0.0,0.0
1996-09-04 00:00:00-04:00,9.28563404083252,9.28563404083252,9.28563404083252,9.28563404083252,100,0.0,0.0
1996-09-05 00:00:00-04:00,9.285635864850386,9.285635864850386,8.855745315551758,8.855745315551758,1800,0.0,0.0
1996-09-06 00:00:00-04:00,8.855745315551758,8.855745315551758,8.855745315551758,8.855745315551758,0,0.0,0.0
1996-09-09 00:00:00-04:00,9.113675117492676,9.113675117492676,9.113675117492676,9.113675117492676,900,0.0,0.0
1996-09-10 00:00:00-04:00,9.027703285217285,9.027703285217285,9.027703285217285,9.027703285217285,1000,0.0,0.0
1996-09-11 00:00:00-04:00,8.941719055175781,8.941719055175781,8.941719055175781,8.941719055175781,1000,0.0,0.0
1996-09-12 00:00:00-04:00,8.941719055175781,8.941719055175781,8.941719055175781,8.941719055175781,100,0.0,0.0
1996-09-13 00:00:00-04:00,9.242643941532481,9.457589149475098,9.242643941532481,9.457589149475098,7300,0.0,0.0
1996-09-16 00:00:00-04:00,9.28563125178499,9.457587386077304,8.94171898320036,9.113675117492676,3300,0.0,0.0
1996-09-17 00:00:00-04:00,9.027699761920505,9.629546412715206,8.941721668949834,9.28563404083252,2000,0.0,0.0
1996-09-18 00:00:00-04:00,9.62954352036962,9.62954352036962,9.113675117492676,9.113675117492676,4500,0.0,0.0
1996-09-19 00:00:00-04:00,8.941719055175781,8.941719055175781,8.941719055175781,8.941719055175781,100,0.0,0.0
1996-09-20 00:00:00-04:00,8.94171898320036,9.113675117492676,8.94171898320036,9.113675117492676,6700,0.0,0.0
1996-09-23 00:00:00-04:00,8.769767205692032,8.855745315551758,8.769767205692032,8.855745315551758,1800,0.0,0.0
1996-09-24 00:00:00-04:00,9.28563404083252,9.28563404083252,9.28563404083252,9.28563404083252,200,0.0,0.0
1996-09-25 00:00:00-04:00,8.597806930541992,8.597806930541992,8.597806930541992,8.597806930541992,200,0.0,0.0
1996-09-26 00:00:00-04:00,9.28563404083252,9.28563404083252,9.28563404083252,9.28563404083252,100,0.0,0.0
1996-09-27 00:00:00-04:00,9.24264245033264,9.24264245033264,8.597806930541992,8.597806930541992,1700,0.0,0.0
1996-09-30 00:00:00-04:00,8.597806930541992,8.597806930541992,8.597806930541992,8.597806930541992,0,0.0,0.0
1996-10-01 00:00:00-04:00,9.28563404083252,9.28563404083252,9.28563404083252,9.28563404083252,300,0.0,0.0
1996-10-02 00:00:00-04:00,9.28563404083252,9.28563404083252,9.28563404083252,9.28563404083252,0,0.0,0.0
1996-10-03 00:00:00-04:00,8.941719055175781,8.941719055175781,8.941719055175781,8.941719055175781,400,0.0,0.0
1996-10-04 00:00:00-04:00,8.941719055175781,8.941719055175781,8.941719055175781,8.941719055175781,0,0.0,0.0
1996-10-07 00:00:00-04:00,8.769767761230469,8.769767761230469,8.769767761230469,8.769767761230469,400,0.0,0.0
1996-10-08 00:00:00-04:00,8.769767761230469,8.769767761230469,8.769767761230469,8.769767761230469,400,0.0,0.0
1996-10-09 00:00:00-04:00,8.941723425411483,9.113679645130935,8.855745315551758,8.855745315551758,800,0.0,0.0
1996-10-10 00:00:00-04:00,8.769767761230469,8.769767761230469,8.769767761230469,8.769767761230469,2000,0.0,0.0
1996-10-11 00:00:00-04:00,9.113675117492676,9.113675117492676,9.113675117492676,9.113675117492676,900,0.0,0.0
1996-10-14 00:00:00-04:00,9.28563404083252,9.28563404083252,9.28563404083252,9.28563404083252,100,0.0,0.0
1996-10-15 00:00:00-04:00,9.28563404083252,9.28563404083252,9.28563404083252,9.28563404083252,0,0.0,0.0
1996-10-16 00:00:00-04:00,9.28563404083252,9.28563404083252,9.28563404083252,9.28563404083252,0,0.0,0.0
1996-10-17 00:00:00-04:00,8.769762848908046,9.113675117492676,8.769762848908046,9.113675117492676,1100,0.0,0.0
1996-10-18 00:00:00-04:00,8.769767761230469,8.769767761230469,8.769767761230469,8.769767761230469,200,0.0,0.0
1996-10-21 00:00:00-04:00,8.855745315551758,8.855745315551758,8.855745315551758,8.855745315551758,1600,0.0,0.0
1996-10-22 00:00:00-04:00,8.769762848908046,9.113675117492676,8.769762848908046,9.113675117492676,6500,0.0,0.0
1996-10-23 00:00:00-04:00,9.113677510044031,9.801502227783203,9.113677510044031,9.801502227783203,38800,0.0,0.0
1996-10-24 00:00:00-04:00,9.801501482183284,9.801501482183284,9.457589149475098,9.457589149475098,4800,0.0,0.0
1996-10-25 00:00:00-04:00,9.801503317696708,9.973459516252792,9.629547119140625,9.629547119140625,5500,0.0,0.0
1996-10-28 00:00:00-05:00,9.973459516252792,9.973459516252792,9.629547119140625,9.629547119140625,4000,0.0,0.0
1996-10-29 00:00:00-05:00,9.973458290100098,9.973458290100098,9.629545935269059,9.973458290100098,4500,0.0,0.0
1996-10-30 00:00:00-05:00,9.973459516252792,9.973459516252792,9.629547119140625,9.629547119140625,2000,0.0,0.0
1996-10-31 00:00:00-05:00,9.629547119140625,9.629547119140625,9.629547119140625,9.629547119140625,0,0.0,0.0
1996-11-01 00:00:00-05:00,9.629547119140625,9.629547119140625,9.629547119140625,9.629547119140625,0,0.0,0.0
1996-11-04 00:00:00-05:00,9.973459516252792,9.973459516252792,9.629547119140625,9.629547119140625,600,0.0,0.0
1996-11-05 00:00:00-05:00,9.629546048348411,9.801502227783203,9.629546048348411,9.801502227783203,8400,0.0,0.0
1996-11-06 00:00:00-05:00,9.973458290100098,9.973458290100098,9.973458290100098,9.973458290100098,600,0.0,0.0
1996-11-07 00:00:00-05:00,9.973460833231607,10.317373275756836,9.973460833231607,10.317373275756836,3800,0.0,0.0
1996-11-08 00:00:00-05:00,9.973459114462642,10.145415306091309,9.973459114462642,10.145415306091309,4300,0.0,0.0
1996-11-11 00:00:00-05:00,10.317373275756836,10.317373275756836,10.317373275756836,10.317373275756836,700,0.0,0.0
1996-11-12 00:00:00-05:00,10.317373275756836,10.317373275756836,10.317373275756836,10.317373275756836,900,0.0,0.0
1996-11-13 00:00:00-05:00,10.317373275756836,10.317373275756836,10.317373275756836,10.317373275756836,0,0.0,0.0
1996-11-14 00:00:00-05:00,10.31737030529585,10.489326477050781,10.14541413354092,10.489326477050781,11500,0.0,0.0
1996-11-15 00:00:00-05:00,10.83324146270752,10.83324146270752,10.83324146270752,10.83324146270752,300,0.0,0.0
1996-11-18 00:00:00-05:00,10.833243554638278,11.177156048436318,10.661287307739258,10.661287307739258,8800,0.0,0.0
1996-11-19 00:00:00-05:00,11.005199801537298,11.005199801537298,10.661287307739258,10.661287307739258,2000,0.0,0.0
1996-11-20 00:00:00-05:00,11.17715389009506,11.34911010378883,10.66128524901375,10.83324146270752,8700,0.0,0.0
1996-11-21 00:00:00-05:00,10.83323996836745,10.919218063354492,10.83323996836745,10.919218063354492,3100,0.0,0.0
1996-11-22 00:00:00-05:00,10.833237306395574,11.521061897277832,10.833237306395574,11.521061897277832,2900,0.0,0.0
1996-11-25 00:00:00-05:00,10.83324146270752,11.5210663174826,10.83324146270752,10.83324146270752,5800,0.0,0.0
1996-11-26 00:00:00-05:00,10.83324146270752,10.919219569554404,10.66128524901375,10.83324146270752,13700,0.0,0.0
1996-11-27 00:00:00-05:00,10.833241058349609,10.833241058349609,10.66128485107422,10.747262954711914,8600,0.0,0.0
1996-11-29 00:00:00-05:00,10.661287307739258,10.661287307739258,10.661287307739258,10.661287307739258,600,0.0,0.0
1996-12-02 00:00:00-05:00,10.833243554638278,11.005199801537298,10.661287307739258,10.661287307739258,4700,0.0,0.0
1996-12-03 00:00:00-05:00,10.747265431188767,10.747265431188767,10.661287307739258,10.661287307739258,17500,0.0,0.0
1996-12-04 00:00:00-05:00,10.48932903531998,10.83324146270752,10.48932903531998,10.83324146270752,2100,0.0,0.0
1996-12-05 00:00:00-05:00,10.506006394663165,11.194924846772224,10.462948991406348,10.67823600769043,12500,0.025,0.0
1996-12-06 00:00:00-05:00,10.333777282197596,10.506006903567558,10.161547660827637,10.161547660827637,2400,0.0,0.0
1996-12-09 00:00:00-05:00,10.33377742767334,10.33377742767334,10.33377742767334,10.33377742767334,300,0.0,0.0
1996-12-10 00:00:00-05:00,10.351028442382812,10.351028442382812,10.351028442382812,10.351028442382812,5000,0.025,0.0
1996-12-11 00:00:00-05:00,10.351028442382812,10.351028442382812,10.351028442382812,10.351028442382812,100,0.0,0.0
1996-12-12 00:00:00-05:00,10.696061134338379,10.696061134338379,10.696061134338379,10.696061134338379,2500,0.0,0.0
1996-12-13 00:00:00-05:00,10.609803832945277,10.609803832945277,10.523545265197754,10.523545265197754,6300,0.0,0.0
1996-12-16 00:00:00-05:00,10.868574142456055,10.868574142456055,10.868574142456055,10.868574142456055,200,0.0,0.0
1996-12-17 00:00:00-05:00,10.523545265197754,10.868579536187845,10.523545265197754,10.523545265197754,1800,0.0,0.0
1996-12-18 00:00:00-05:00,10.868574142456055,10.868574142456055,10.868574142456055,10.868574142456055,100,0.0,0.0
1996-12-19 00:00:00-05:00,10.6960624006928,10.6960624006928,10.523545265197754,10.523545265197754,1500,0.0,0.0
1996-12-20 00:00:00-05:00,10.523545265197754,10.523545265197754,10.523545265197754,10.523545265197754,800,0.0,0.0
1996-12-23 00:00:00-05:00,10.523545265197754,10.523545265197754,10.523545265197754,10.523545265197754,400,0.0,0.0
1996-12-24 00:00:00-05:00,10.868574142456055,10.868574142456055,10.868574142456055,10.868574142456055,100,0.0,0.0
1996-12-26 00:00:00-05:00,10.868574142456055,10.868574142456055,10.868574142456055,10.868574142456055,0,0.0,0.0
1996-12-27 00:00:00-05:00,10.351022137098076,10.868573243952978,10.351022137098076,10.437280654907227,2200,0.0,0.0
1996-12-30 00:00:00-05:00,10.351028442382812,10.351028442382812,10.351028442382812,10.351028442382812,1000,0.0,0.0
1996-12-31 00:00:00-05:00,10.868574142456055,10.868574142456055,10.868574142456055,10.868574142456055,500,0.0,0.0
1997-01-02 00:00:00-05:00,10.696061134338379,10.696061134338379,10.696061134338379,10.696061134338379,200,0.0,0.0
1997-01-03 00:00:00-05:00,10.696061134338379,10.696061134338379,10.696061134338379,10.696061134338379,0,0.0,0.0
1997-01-06 00:00:00-05:00,10.696061134338379,10.696061134338379,10.696061134338379,10.696061134338379,300,0.0,0.0
1997-01-07 00:00:00-05:00,10.696061134338379,10.696061134338379,10.523544019268405,10.696061134338379,6800,0.0,0.0
1997-01-08 00:00:00-05:00,10.523545265197754,10.523545265197754,10.523545265197754,10.523545265197754,500,0.0,0.0
1997-01-09 00:00:00-05:00,10.523545265197754,10.523545265197754,10.523545265197754,10.523545265197754,0,0.0,0.0
1997-01-10 00:00:00-05:00,10.351022137098076,10.696056208334678,10.351022137098076,10.437280654907227,4500,0.0,0.0
1997-01-13 00:00:00-05:00,10.696061134338379,10.696061134338379,10.696061134338379,10.696061134338379,300,0.0,0.0
1997-01-14 00:00:00-05:00,10.178509789128457,10.696061134338379,10.178509789128457,10.696061134338379,1600,0.0,0.0
1997-01-15 00:00:00-05:00,10.178509712219238,10.178509712219238,10.178509712219238,10.178509712219238,600,0.0,0.0
1997-01-16 00:00:00-05:00,10.005990028381348,10.005990028381348,10.005990028381348,10.005990028381348,1900,0.0,0.0
1997-01-17 00:00:00-05:00,10.005990028381348,10.005990028381348,10.005990028381348,10.005990028381348,0,0.0,0.0
1997-01-20 00:00:00-05:00,10.005990028381348,10.005990028381348,10.005990028381348,10.005990028381348,700,0.0,0.0
1997-01-21 00:00:00-05:00,10.5235412367459,10.5235412367459,10.005990028381348,10.005990028381348,1400,0.0,0.0
1997-01-22 00:00:00-05:00,10.005990028381348,10.005990028381348,10.005990028381348,10.005990028381348,1800,0.0,0.0
1997-01-23 00:00:00-05:00,10.523545265197754,10.523545265197754,10.264769561955188,10.523545265197754,3900,0.0,0.0
1997-01-24 00:00:00-05:00,10.437285461733419,10.696061134338379,10.178509789128457,10.696061134338379,7500,0.0,0.0
1997-01-27 00:00:00-05:00,10.351028442382812,10.351028442382812,10.351028442382812,10.351028442382812,500,0.0,0.0
1997-01-28 00:00:00-05:00,10.351028442382812,10.609804153442383,10.351028442382812,10.351028442382812,1500,0.0,0.0
1997-01-29 00:00:00-05:00,10.351028442382812,10.351028442382812,10.351028442382812,10.351028442382812,0,0.0,0.0
1997-01-30 00:00:00-05:00,10.351028442382812,10.351028442382812,10.351028442382812,10.351028442382812,0,0.0,0.0
1997-01-31 00:00:00-05:00,10.35102812970271,10.6960624006928,10.35102812970271,10.523545265197754,25100,0.0,0.0
1997-02-03 00:00:00-05:00,10.868574142456055,10.868574142456055,10.523540042695545,10.868574142456055,2600,0.0,0.0
1997-02-04 00:00:00-05:00,10.868574142456055,10.868574142456055,10.868574142456055,10.868574142456055,100,0.0,0.0
1997-02-05 00:00:00-05:00,10.351028442382812,10.351028442382812,10.351028442382812,10.351028442382812,700,0.0,0.0
1997-02-06 00:00:00-05:00,10.178505101479773,10.868573243952978,10.178505101479773,10.437280654907227,27400,0.0,0.0
1997-02-07 00:00:00-05:00,10.868573243952978,10.868573243952978,10.351022137098076,10.437280654907227,2500,0.0,0.0
1997-02-10 00:00:00-05:00,10.351028442382812,10.351028442382812,10.351028442382812,10.351028442382812,2000,0.0,0.0
1997-02-11 00:00:00-05:00,10.351028442382812,10.351028442382812,10.351028442382812,10.351028442382812,0,0.0,0.0
1997-02-12 00:00:00-05:00,10.2647705078125,10.2647705078125,10.178511932116598,10.2647705078125,1100,0.0,0.0
1997-02-13 00:00:00-05:00,10.178510994207665,10.523545265197754,10.178510994207665,10.523545265197754,700,0.0,0.0
1997-02-14 00:00:00-05:00,10.35102812970271,10.868579536187845,10.35102812970271,10.523545265197754,4700,0.0,0.0
1997-02-18 00:00:00-05:00,10.523545265197754,10.523545265197754,10.523545265197754,10.523545265197754,0,0.0,0.0
1997-02-19 00:00:00-05:00,10.351028442382812,10.696062723795574,10.351028442382812,10.351028442382812,8600,0.0,0.0
1997-02-20 00:00:00-05:00,10.351028442382812,10.351028442382812,10.351028442382812,10.351028442382812,2000,0.0,0.0
1997-02-21 00:00:00-05:00,10.351028442382812,10.351028442382812,10.351028442382812,10.351028442382812,1100,0.0,0.0
1997-02-24 00:00:00-05:00,10.351028442382812,10.351028442382812,10.351028442382812,10.351028442382812,0,0.0,0.0
1997-02-25 00:00:00-05:00,10.6960624006928,10.6960624006928,10.523545265197754,10.523545265197754,800,0.0,0.0
1997-02-26 00:00:00-05:00,10.523545265197754,10.523545265197754,10.523545265197754,10.523545265197754,0,0.0,0.0
1997-02-27 00:00:00-05:00,10.523545265197754,10.523545265197754,10.523545265197754,10.523545265197754,1600,0.0,0.0
1997-02-28 00:00:00-05:00,10.351028442382812,10.351028442382812,10.351028442382812,10.351028442382812,400,0.0,0.0
1997-03-03 00:00:00-05:00,10.351028442382812,10.351028442382812,10.351028442382812,10.351028442382812,2500,0.0,0.0
1997-03-04 00:00:00-05:00,10.178509712219238,10.178509712219238,10.178509712219238,10.178509712219238,600,0.0,0.0
1997-03-05 00:00:00-05:00,10.00599385871262,10.523545265197754,10.00599385871262,10.523545265197754,2000,0.0,0.0
1997-03-06 00:00:00-05:00,10.523545265197754,10.523545265197754,10.523545265197754,10.523545265197754,0,0.0,0.0
1997-03-07 00:00:00-05:00,10.523545265197754,10.523545265197754,10.178510994207665,10.523545265197754,17800,0.0,0.0
1997-03-10 00:00:00-05:00,10.351028442382812,10.351028442382812,10.351028442382812,10.351028442382812,600,0.0,0.0
1997-03-11 00:00:00-05:00,10.351028442382812,10.351028442382812,10.351028442382812,10.351028442382812,300,0.0,0.0
1997-03-12 00:00:00-05:00,10.523544019268405,10.696061134338379,10.523544019268405,10.696061134338379,1000,0.0,0.0
1997-03-13 00:00:00-05:00,10.6960624006928,10.6960624006928,10.35102812970271,10.523545265197754,2300,0.0,0.0
1997-03-14 00:00:00-05:00,10.437285461733419,10.696061134338379,10.178509789128457,10.696061134338379,2200,0.0,0.0
1997-03-17 00:00:00-05:00,10.696061134338379,10.696061134338379,10.696061134338379,10.696061134338379,0,0.0,0.0
1997-03-18 00:00:00-05:00,10.264765992123857,10.264765992123857,10.005990378877037,10.092248916625977,15700,0.0,0.0
1997-03-19 00:00:00-05:00,9.833475112915039,10.005992220159163,9.833475112915039,9.833475112915039,700,0.0,0.0
1997-03-20 00:00:00-05:00,9.854223251342773,9.854223251342773,9.854223251342773,9.854223251342773,2300,0.03,0.0
1997-03-21 00:00:00-05:00,9.854223251342773,9.854223251342773,9.854223251342773,9.854223251342773,100,0.0,0.0
1997-03-24 00:00:00-05:00,9.854223251342773,9.854223251342773,9.854223251342773,9.854223251342773,0,0.0,0.0
1997-03-25 00:00:00-05:00,10.199979667005868,10.199979667005868,10.027098655700684,10.027098655700684,4000,0.0,0.0
1997-03-26 00:00:00-05:00,9.854223251342773,9.854223251342773,9.854223251342773,9.854223251342773,4900,0.0,0.0
1997-03-27 00:00:00-05:00,10.372861115828805,10.372861115828805,9.940658569335938,9.940658569335938,7900,0.0,0.0
1997-03-31 00:00:00-05:00,9.854221487045288,10.372864723205566,9.854221487045288,10.372864723205566,20800,0.0,0.0
1997-04-01 00:00:00-05:00,10.027104424648599,10.545747756958008,10.027104424648599,10.545747756958008,2100,0.0,0.0
1997-04-02 00:00:00-05:00,10.027098655700684,10.027098655700684,10.027098655700684,10.027098655700684,300,0.0,0.0
1997-04-03 00:00:00-05:00,10.027098655700684,10.027098655700684,10.027098655700684,10.027098655700684,200,0.0,0.0
1997-04-04 00:00:00-05:00,10.027098655700684,10.027098655700684,10.027098655700684,10.027098655700684,0,0.0,0.0
1997-04-07 00:00:00-04:00,10.027102565765382,10.372864723205566,10.027102565765382,10.372864723205566,800,0.0,0.0
1997-04-08 00:00:00-04:00,10.372867584228516,10.372867584228516,10.199986457824707,10.199986457824707,500,0.0,0.0
1997-04-09 00:00:00-04:00,10.372860678311053,10.372860678311053,10.027098655700684,10.027098655700684,3700,0.0,0.0
1997-04-10 00:00:00-04:00,10.113541603088379,10.113541603088379,10.113541603088379,10.113541603088379,300,0.0,0.0
1997-04-11 00:00:00-04:00,10.027105331420898,10.199986457824707,10.027105331420898,10.199986457824707,5600,0.0,0.0
1997-04-14 00:00:00-04:00,9.854220023522009,10.113541603088379,9.854220023522009,10.113541603088379,3200,0.0,0.0
1997-04-15 00:00:00-04:00,10.372860678311053,10.372860678311053,9.8542176443955,10.027098655700684,3100,0.0,0.0
1997-04-16 00:00:00-04:00,9.854223251342773,10.372866580360814,9.854223251342773,9.854223251342773,600,0.0,0.0
1997-04-17 00:00:00-04:00,9.854220023522009,10.113541603088379,9.854220023522009,10.113541603088379,500,0.0,0.0
1997-04-18 00:00:00-04:00,9.854223251342773,9.854223251342773,9.854223251342773,9.854223251342773,500,0.0,0.0
1997-04-21 00:00:00-04:00,10.113543105125428,10.372864723205566,10.113543105125428,10.372864723205566,1100,0.0,0.0
1997-04-22 00:00:00-04:00,9.681343078613281,10.199986457824707,9.681343078613281,10.199986457824707,1200,0.0,0.0
1997-04-23 00:00:00-04:00,10.199986457824707,10.199986457824707,10.199986457824707,10.199986457824707,500,0.0,0.0
1997-04-24 00:00:00-04:00,10.199986457824707,10.199986457824707,10.199986457824707,10.199986457824707,400,0.0,0.0
1997-04-25 00:00:00-04:00,9.681340217590332,10.199983443532672,9.681340217590332,9.681340217590332,700,0.0,0.0
1997-04-28 00:00:00-04:00,10.199986457824707,10.199986457824707,10.199986457824707,10.199986457824707,300,0.0,0.0
1997-04-29 00:00:00-04:00,10.199986457824707,10.199986457824707,10.199986457824707,10.199986457824707,0,0.0,0.0
1997-04-30 00:00:00-04:00,10.199986457824707,10.199986457824707,10.199986457824707,10.199986457824707,0,0.0,0.0
1997-05-01 00:00:00-04:00,10.199983443532672,10.199983443532672,9.681340217590332,9.681340217590332,3500,0.0,0.0
1997-05-02 00:00:00-04:00,9.681340217590332,9.681340217590332,9.681340217590332,9.681340217590332,500,0.0,0.0
1997-05-05 00:00:00-04:00,10.027105331420898,10.199986457824707,9.681343078613281,10.199986457824707,8900,0.0,0.0
1997-05-06 00:00:00-04:00,10.199986457824707,10.199986457824707,10.199986457824707,10.199986457824707,200,0.0,0.0
1997-05-07 00:00:00-04:00,10.199986457824707,10.199986457824707,10.199986457824707,10.199986457824707,2600,0.0,0.0
1997-05-08 00:00:00-04:00,10.199986457824707,10.199986457824707,10.199986457824707,10.199986457824707,0,0.0,0.0
1997-05-09 00:00:00-04:00,9.681342141670093,9.854223251342773,9.681342141670093,9.854223251342773,800,0.0,0.0
1997-05-12 00:00:00-04:00,10.027105331420898,10.199986457824707,9.85422420501709,10.199986457824707,4300,0.0,0.0
1997-05-13 00:00:00-04:00,10.199983443532672,10.199983443532672,9.681340217590332,9.681340217590332,2000,0.0,0.0
1997-05-14 00:00:00-04:00,10.027098655700684,10.027098655700684,10.027098655700684,10.027098655700684,200,0.0,0.0
1997-05-15 00:00:00-04:00,9.681337041440218,9.940658569335938,9.681337041440218,9.940658569335938,2000,0.0,0.0
1997-05-16 00:00:00-04:00,9.681340217590332,9.681340217590332,9.681340217590332,9.681340217590332,100,0.0,0.0
1997-05-19 00:00:00-04:00,9.681340217590332,9.681340217590332,9.681340217590332,9.681340217590332,0,0.0,0.0
1997-05-20 00:00:00-04:00,9.681336633090316,10.027098655700684,9.681336633090316,10.027098655700684,5400,0.0,0.0
1997-05-21 00:00:00-04:00,10.027098655700684,10.027098655700684,10.027098655700684,10.027098655700684,500,0.0,0.0
1997-05-22 00:00:00-04:00,10.113541603088379,10.113541603088379,10.113541603088379,10.113541603088379,1200,0.0,0.0
1997-05-23 00:00:00-04:00,10.113541603088379,10.113541603088379,10.113541603088379,10.113541603088379,0,0.0,0.0
1997-05-27 00:00:00-04:00,10.372860678311053,10.372860678311053,9.8542176443955,10.027098655700684,1700,0.0,0.0
1997-05-28 00:00:00-04:00,10.04788589477539,10.04788589477539,10.04788589477539,10.04788589477539,0,0.03,0.0
1997-05-29 00:00:00-04:00,10.04788589477539,10.04788589477539,10.04788589477539,10.04788589477539,0,0.0,0.0
1997-05-30 00:00:00-04:00,10.394370079040527,10.394370079040527,10.394370079040527,10.394370079040527,100,0.0,0.0
1997-06-02 00:00:00-04:00,9.874646482796503,10.04788589477539,9.874646482796503,10.04788589477539,2700,0.0,0.0
1997-06-03 00:00:00-04:00,10.04788589477539,10.04788589477539,10.04788589477539,10.04788589477539,0,0.0,0.0
1997-06-04 00:00:00-04:00,9.874646482796503,10.04788589477539,9.874646482796503,10.04788589477539,2200,0.0,0.0
1997-06-05 00:00:00-04:00,10.04788589477539,10.04788589477539,10.04788589477539,10.04788589477539,900,0.0,0.0
1997-06-06 00:00:00-04:00,10.04788589477539,10.04788589477539,10.04788589477539,10.04788589477539,0,0.0,0.0
1997-06-09 00:00:00-04:00,10.04788589477539,10.04788589477539,10.04788589477539,10.04788589477539,0,0.0,0.0
1997-06-10 00:00:00-04:00,10.39436842265882,10.39436842265882,9.874650001525879,9.874650001525879,1100,0.0,0.0
1997-06-11 00:00:00-04:00,9.874650001525879,9.874650001525879,9.874650001525879,9.874650001525879,100,0.0,0.0
1997-06-12 00:00:00-04:00,9.874650001525879,9.874650001525879,9.874650001525879,9.874650001525879,2000,0.0,0.0
1997-06-13 00:00:00-04:00,10.04788589477539,10.221125306754276,10.04788589477539,10.04788589477539,3200,0.0,0.0
1997-06-16 00:00:00-04:00,10.04788589477539,10.04788589477539,10.04788589477539,10.04788589477539,800,0.0,0.0
1997-06-17 00:00:00-04:00,10.13450813293457,10.13450813293457,10.13450813293457,10.13450813293457,900,0.0,0.0
1997-06-18 00:00:00-04:00,10.2211332321167,10.2211332321167,10.2211332321167,10.2211332321167,8700,0.0,0.0
1997-06-19 00:00:00-04:00,10.394370079040527,10.394370079040527,10.394370079040527,10.394370079040527,1000,0.0,0.0
1997-06-20 00:00:00-04:00,10.394370079040527,10.394370079040527,10.394370079040527,10.394370079040527,0,0.0,0.0
1997-06-23 00:00:00-04:00,10.394370079040527,10.394370079040527,10.394370079040527,10.394370079040527,0,0.0,0.0
1997-06-24 00:00:00-04:00,10.394370079040527,10.394370079040527,10.394370079040527,10.394370079040527,0,0.0,0.0
1997-06-25 00:00:00-04:00,10.04788589477539,10.04788589477539,10.04788589477539,10.04788589477539,500,0.0,0.0
1997-06-26 00:00:00-04:00,10.04788589477539,10.04788589477539,10.04788589477539,10.04788589477539,200,0.0,0.0
1997-06-27 00:00:00-04:00,10.047890769110786,10.914088249206543,10.047890769110786,10.914088249206543,7300,0.0,0.0
1997-06-30 00:00:00-04:00,10.914088249206543,10.914088249206543,10.914088249206543,10.914088249206543,0,0.0,0.0
1997-07-01 00:00:00-04:00,10.914088249206543,10.914088249206543,10.914088249206543,10.914088249206543,800,0.0,0.0
1997-07-02 00:00:00-04:00,10.914088249206543,11.260567241244846,10.740848753187391,10.914088249206543,14900,0.0,0.0
1997-07-03 00:00:00-04:00,11.433808511762477,11.953527080478953,11.260568988856985,11.607048034667969,7900,0.0,0.0
1997-07-07 00:00:00-04:00,11.953527080478953,11.953527080478953,11.607048034667969,11.607048034667969,4400,0.0,0.0
1997-07-08 00:00:00-04:00,11.780281679473655,11.866901397705078,11.780281679473655,11.866901397705078,4000,0.0,0.0
1997-07-09 00:00:00-04:00,12.040146827697754,12.040146827697754,11.693667782296378,12.040146827697754,1300,0.0,0.0
1997-07-10 00:00:00-04:00,12.126767502890692,12.473246574401855,12.126767502890692,12.473246574401855,5400,0.0,0.0
1997-07-11 00:00:00-04:00,12.473246574401855,12.473246574401855,12.126767502890692,12.473246574401855,600,0.0,0.0
1997-07-14 00:00:00-04:00,12.213388442993166,12.213388442993166,12.213388442993166,12.213388442993164,200,0.0,0.0
1997-07-15 00:00:00-04:00,12.473247771567488,12.473247771567488,11.953529114418842,12.213388442993164,2700,0.0,0.0
1997-07-16 00:00:00-04:00,11.953521819963848,12.646479606628418,11.953521819963848,12.646479606628418,3900,0.0,0.0
1997-07-17 00:00:00-04:00,12.646479606628418,12.646479606628418,12.646479606628418,12.646479606628418,1000,0.0,0.0
1997-07-18 00:00:00-04:00,12.473246574401855,12.473246574401855,12.473246574401855,12.473246574401855,2100,0.0,0.0
1997-07-21 00:00:00-04:00,12.12676357215559,12.473242531360036,12.12676357215559,12.300003051757812,3000,0.0,0.0
1997-07-22 00:00:00-04:00,11.953524092553367,12.386622791558924,11.953524092553367,12.300003051757812,3900,0.0,0.0
1997-07-23 00:00:00-04:00,12.473246574401855,12.646486110157436,12.300007038646275,12.473246574401855,11300,0.0,0.0
1997-07-24 00:00:00-04:00,12.819725645913017,12.819725645913017,12.473246574401855,12.473246574401855,2200,0.0,0.0
1997-07-25 00:00:00-04:00,12.81971905329456,12.81971905329456,12.386620436629205,12.646479606628418,7600,0.0,0.0
1997-07-28 00:00:00-04:00,12.473240159962275,12.646479606628418,12.300000713296132,12.646479606628418,29500,0.0,0.0
1997-07-29 00:00:00-04:00,12.300007038646275,12.473246574401855,12.300007038646275,12.473246574401855,4200,0.0,0.0
1997-07-30 00:00:00-04:00,12.473246574401855,12.473246574401855,12.473246574401855,12.473246574401855,0,0.0,0.0
1997-07-31 00:00:00-04:00,12.300007426655377,12.473246967875875,12.300007426655377,12.386627197265625,16000,0.0,0.0
1997-08-01 00:00:00-04:00,12.473246574401855,12.473246574401855,12.473246574401855,12.473246574401855,100,0.0,0.0
1997-08-04 00:00:00-04:00,12.473246574401855,12.473246574401855,12.473246574401855,12.473246574401855,100,0.0,0.0
1997-08-05 00:00:00-04:00,12.473242531360036,12.473242531360036,12.300003051757812,12.300003051757812,4400,0.0,0.0
1997-08-06 00:00:00-04:00,11.7802853175572,12.126764297485352,11.7802853175572,12.126764297485352,1700,0.0,0.0
1997-08-07 00:00:00-04:00,11.780282974243164,11.780282974243164,11.780282974243164,11.780282974243164,100,0.0,0.0
1997-08-08 00:00:00-04:00,12.473246574401855,12.473246574401855,12.473246574401855,12.473246574401855,400,0.0,0.0
1997-08-11 00:00:00-04:00,12.473244045091711,12.473244045091711,11.780286042586617,11.95352554321289,1600,0.0,0.0
1997-08-12 00:00:00-04:00,11.7802853175572,12.300003787449429,11.7802853175572,12.126764297485352,1600,0.0,0.0
1997-08-13 00:00:00-04:00,11.780284612951144,12.300003051757812,11.780284612951144,12.300003051757812,700,0.0,0.0
1997-08-14 00:00:00-04:00,12.300003051757812,12.300003051757812,11.780284612951144,12.300003051757812,2700,0.0,0.0
1997-08-15 00:00:00-04:00,12.300003787449429,12.300003787449429,11.7802853175572,12.126764297485352,2600,0.0,0.0
1997-08-18 00:00:00-04:00,11.69366557257516,12.300003787449429,11.69366557257516,12.126764297485352,8600,0.0,0.0
1997-08-19 00:00:00-04:00,11.953524092553367,12.300003051757812,11.780284612951144,12.300003051757812,1200,0.0,0.0
1997-08-20 00:00:00-04:00,12.300003051757812,12.300003051757812,12.300003051757812,12.300003051757812,200,0.0,0.0
1997-08-21 00:00:00-04:00,12.300003787449429,12.300003787449429,11.7802853175572,12.126764297485352,3100,0.0,0.0
1997-08-22 00:00:00-04:00,11.95352706634741,12.040146827697754,11.866907304997067,12.040146827697754,1600,0.0,0.0
1997-08-25 00:00:00-04:00,12.126766589048097,12.126766589048097,12.040146827697754,12.040146827697754,800,0.0,0.0
1997-08-26 00:00:00-04:00,12.126764297485352,12.126764297485352,12.126764297485352,12.126764297485352,1700,0.0,0.0
1997-08-27 00:00:00-04:00,12.06082092506298,12.06082092506298,11.974052429199219,11.974052429199219,1500,0.03,0.0
1997-08-28 00:00:00-04:00,12.147590033441997,12.147590033441997,11.974053032964255,12.060821533203125,800,0.0,0.0
1997-08-29 00:00:00-04:00,12.147589683532715,12.147589683532715,12.147589683532715,12.147589683532715,300,0.0,0.0
1997-09-02 00:00:00-04:00,11.800515437471693,12.147589420926742,11.800515437471693,11.974052429199219,1700,0.0,0.0
1997-09-03 00:00:00-04:00,11.974052429199219,12.147589420926742,11.800515437471693,11.974052429199219,31700,0.0,0.0
1997-09-04 00:00:00-04:00,12.147589683532715,12.147589683532715,11.800515692574637,12.147589683532715,27000,0.0,0.0
1997-09-05 00:00:00-04:00,11.800515692574637,12.147589683532715,11.800515692574637,12.147589683532715,3300,0.0,0.0
1997-09-08 00:00:00-04:00,11.974052429199219,12.147589420926742,11.800515437471693,11.974052429199219,4600,0.0,0.0
1997-09-09 00:00:00-04:00,12.147589683532715,12.147589683532715,11.800515692574637,12.147589683532715,5000,0.0,0.0
1997-09-10 00:00:00-04:00,11.974052429199219,12.06082092506298,11.887283933335455,11.974052429199219,30100,0.0,0.0
1997-09-11 00:00:00-04:00,12.147589420926742,12.147589420926742,11.887283933335455,11.974052429199219,50200,0.0,0.0
1997-09-12 00:00:00-04:00,11.88728141784668,12.147586850354273,11.88728141784668,11.88728141784668,12000,0.0,0.0
1997-09-15 00:00:00-04:00,12.147586850354273,12.147586850354273,11.80051294034415,11.88728141784668,27400,0.0,0.0
1997-09-16 00:00:00-04:00,11.88728141784668,11.88728141784668,11.88728141784668,11.88728141784668,700,0.0,0.0
1997-09-17 00:00:00-04:00,12.147589420926742,12.147589420926742,11.800515437471693,11.974052429199219,8700,0.0,0.0
1997-09-18 00:00:00-04:00,11.800515692574637,12.321126679011753,11.800515692574637,12.147589683532715,12300,0.0,0.0
1997-09-19 00:00:00-04:00,12.147592041227552,12.668203128708733,12.147592041227552,12.49466609954834,11000,0.0,0.0
1997-09-22 00:00:00-04:00,12.668202857971192,13.188813934326173,12.494665832519532,13.015276908874512,13400,0.0,0.0
1997-09-23 00:00:00-04:00,13.362351773733115,14.403573989868164,13.362351773733115,14.403573989868164,14400,0.0,0.0
1997-09-24 00:00:00-04:00,14.403566701912585,14.403566701912585,13.882955857265141,14.056492805480957,11100,0.0,0.0
1997-09-25 00:00:00-04:00,14.403567643599077,14.403567643599077,14.056493724476208,14.31679916381836,9300,0.0,0.0
1997-09-26 00:00:00-04:00,14.403573989868164,14.403573989868164,13.709425845778132,14.403573989868164,1100,0.0,0.0
1997-09-29 00:00:00-04:00,14.23002713843237,14.23002713843237,13.709416389465332,13.709416389465332,3800,0.0,0.0
1997-09-30 00:00:00-04:00,14.403570342063905,14.403570342063905,13.709422373771668,13.882959365844727,2500,0.0,0.0
1997-10-01 00:00:00-04:00,13.882955857265141,14.23002975369677,13.709418909049328,14.056492805480957,5900,0.0,0.0
1997-10-02 00:00:00-04:00,13.622657327766879,14.403573989868164,13.622657327766879,14.403573989868164,13100,0.0,0.0
1997-10-03 00:00:00-04:00,14.403573989868164,14.403573989868164,14.403573989868164,14.403573989868164,3600,0.0,0.0
1997-10-06 00:00:00-04:00,14.403562085381868,15.097709655761717,14.403562085381868,15.097709655761719,10600,0.0,0.0
1997-10-07 00:00:00-04:00,14.577102964574639,15.965398485010319,14.577102964574639,15.27125072479248,12000,0.0,0.0
1997-10-08 00:00:00-04:00,15.27125669329354,16.312478740563552,15.27125669329354,15.444793701171875,11200,0.0,0.0
1997-10-09 00:00:00-04:00,15.44479164869889,16.833087527233623,15.44479164869889,15.965402603149414,61800,0.0,0.0
1997-10-10 00:00:00-04:00,16.225710236624387,16.225710236624387,15.184488189354372,15.444793701171875,11600,0.0,0.0
1997-10-13 00:00:00-04:00,15.010947227478027,15.618326595063845,15.010947227478027,15.010947227478027,1200,0.0,0.0
1997-10-14 00:00:00-04:00,15.010948550316597,16.138938903808594,15.010948550316597,16.138938903808594,1100,0.0,0.0
1997-10-15 00:00:00-04:00,14.577100753784181,14.577100753784181,14.577100753784181,14.57710075378418,100,0.0,0.0
1997-10-16 00:00:00-04:00,14.577102964574639,15.6183246049014,14.577102964574639,15.27125072479248,4200,0.0,0.0
1997-10-17 00:00:00-04:00,15.61833324202572,15.61833324202572,14.403573989868164,14.403573989868164,4100,0.0,0.0
1997-10-20 00:00:00-04:00,14.577102964574639,15.6183246049014,14.577102964574639,15.27125072479248,7500,0.0,0.0
1997-10-21 00:00:00-04:00,15.097717679065207,15.965402603149414,15.097717679065207,15.965402603149414,6600,0.0,0.0
1997-10-22 00:00:00-04:00,15.618330955505373,15.618330955505373,15.618330955505373,15.618330955505371,800,0.0,0.0
1997-10-23 00:00:00-04:00,15.09771507839824,15.09771507839824,14.924178123474121,14.924178123474121,1400,0.0,0.0
1997-10-24 00:00:00-04:00,14.924182677536868,15.444793701171875,14.924182677536868,15.444793701171875,2300,0.0,0.0
1997-10-27 00:00:00-05:00,14.403573989868164,14.403573989868164,14.403573989868164,14.403573989868164,500,0.0,0.0
1997-10-28 00:00:00-05:00,14.23003387451172,14.23003387451172,14.23003387451172,14.230033874511719,500,0.0,0.0
1997-10-29 00:00:00-05:00,14.577108661780196,15.791867716928547,14.577108661780196,15.444793701171875,6900,0.0,0.0
1997-10-30 00:00:00-05:00,15.27125693427192,15.618330955505373,15.27125693427192,15.618330955505371,2600,0.0,0.0
1997-10-31 00:00:00-05:00,15.618319567512064,15.618319567512064,14.750635147094727,14.750635147094727,4000,0.0,0.0
1997-11-03 00:00:00-05:00,14.750635147094727,14.750635147094727,14.750635147094727,14.750635147094727,200,0.0,0.0
1997-11-04 00:00:00-05:00,15.27124579934513,15.27124579934513,14.750635147094727,14.750635147094727,2100,0.0,0.0
1997-11-05 00:00:00-05:00,15.618330955505373,15.618330955505373,15.618330955505373,15.618330955505371,600,0.0,0.0
1997-11-06 00:00:00-05:00,15.618330955505373,15.618330955505373,15.618330955505373,15.618330955505371,0,0.0,0.0
1997-11-07 00:00:00-05:00,14.750635147094727,14.750635147094727,14.750635147094727,14.750635147094727,500,0.0,0.0
1997-11-10 00:00:00-05:00,14.750635147094727,14.750635147094727,14.750635147094727,14.750635147094727,0,0.0,0.0
1997-11-11 00:00:00-05:00,14.750635147094727,14.750635147094727,14.750635147094727,14.750635147094727,0,0.0,0.0
1997-11-12 00:00:00-05:00,14.750635147094727,14.750635147094727,14.750635147094727,14.750635147094727,0,0.0,0.0
1997-11-13 00:00:00-05:00,14.750635147094727,14.750635147094727,14.750635147094727,14.750635147094727,0,0.0,0.0
1997-11-14 00:00:00-05:00,15.618330955505373,15.618330955505373,15.618330955505373,15.618330955505371,500,0.0,0.0
1997-11-17 00:00:00-05:00,15.618330955505373,15.618330955505373,15.618330955505373,15.618330955505371,0,0.0,0.0
1997-11-18 00:00:00-05:00,14.7506399046291,15.271250724792479,14.7506399046291,15.27125072479248,4300,0.0,0.0
1997-11-19 00:00:00-05:00,15.271250724792479,15.271250724792479,15.271250724792479,15.27125072479248,0,0.0,0.0
1997-11-20 00:00:00-05:00,15.44479164869889,16.138939587966256,15.44479164869889,15.965402603149414,5200,0.0,0.0
1997-11-21 00:00:00-05:00,15.444793701171875,15.444793701171875,15.444793701171875,15.444793701171875,100,0.0,0.0
1997-11-24 00:00:00-05:00,15.965402603149414,15.965402603149414,15.965402603149414,15.965402603149414,100,0.0,0.0
1997-11-25 00:00:00-05:00,15.618330955505373,15.618330955505373,15.618330955505373,15.618330955505371,200,0.0,0.0
1997-11-26 00:00:00-05:00,15.618330955505373,15.618330955505373,15.618330955505373,15.618330955505371,0,0.0,0.0
1997-11-28 00:00:00-05:00,15.618330955505373,15.618330955505373,15.618330955505373,15.618330955505371,0,0.0,0.0
1997-12-01 00:00:00-05:00,15.27124579934513,15.27124579934513,14.750635147094727,14.750635147094727,21400,0.0,0.0
1997-12-02 00:00:00-05:00,14.750635147094727,14.750635147094727,14.750635147094727,14.750635147094727,0,0.0,0.0
1997-12-03 00:00:00-05:00,14.750645669658532,15.444793701171875,14.750645669658532,15.444793701171875,1800,0.0,0.0
1997-12-04 00:00:00-05:00,15.6183246049014,15.6183246049014,15.271250724792479,15.27125072479248,1200,0.0,0.0
1997-12-05 00:00:00-05:00,15.444793701171875,15.444793701171875,15.444793701171875,15.444793701171875,100,0.0,0.0
1997-12-08 00:00:00-05:00,15.097709655761717,15.097709655761717,15.097709655761717,15.097709655761719,1000,0.0,0.0
1997-12-09 00:00:00-05:00,15.097709655761717,15.097709655761717,15.097709655761717,15.097709655761719,0,0.0,0.0
1997-12-10 00:00:00-05:00,15.097709655761717,15.097709655761717,15.097709655761717,15.097709655761719,1200,0.0,0.0
1997-12-11 00:00:00-05:00,14.597233772277832,14.597233772277832,14.597233772277832,14.597233772277832,100,0.03,0.0
1997-12-12 00:00:00-05:00,14.944790851368623,15.292344126981847,14.771014213562012,14.771014213562012,3000,0.0,0.0
1997-12-15 00:00:00-05:00,14.771014213562012,14.771014213562012,14.771014213562012,14.771014213562012,0,0.0,0.0
1997-12-16 00:00:00-05:00,14.597235712511788,15.29234217501235,14.597235712511788,15.118565559387207,2500,0.0,0.0
1997-12-17 00:00:00-05:00,14.771014213562012,14.771014213562012,14.771014213562012,14.771014213562012,100,0.0,0.0
1997-12-18 00:00:00-05:00,14.771014213562012,14.771014213562012,14.771014213562012,14.771014213562012,0,0.0,0.0
1997-12-19 00:00:00-05:00,14.771012328136928,15.118565559387209,14.597235712511788,15.118565559387207,3100,0.0,0.0
1997-12-22 00:00:00-05:00,15.118566513061523,15.118566513061523,14.94478988647461,14.94478988647461,3800,0.0,0.0
1997-12-23 00:00:00-05:00,14.94478988647461,14.94478988647461,14.94478988647461,14.94478988647461,400,0.0,0.0
1997-12-24 00:00:00-05:00,14.771014213562012,14.771014213562012,14.771014213562012,14.771014213562012,400,0.0,0.0
1997-12-26 00:00:00-05:00,15.205456733703612,15.205456733703612,15.205456733703612,15.205456733703613,300,0.0,0.0
1997-12-29 00:00:00-05:00,15.205456733703612,15.205456733703612,15.205456733703612,15.205456733703613,0,0.0,0.0
1997-12-30 00:00:00-05:00,15.292344126981847,15.292344126981847,14.771014213562012,14.771014213562012,600,0.0,0.0
1997-12-31 00:00:00-05:00,14.771014213562012,14.771014213562012,14.771014213562012,14.771014213562012,100,0.0,0.0
1998-01-02 00:00:00-05:00,15.292344126981847,15.292344126981847,14.771014213562012,14.771014213562012,2100,0.0,0.0
1998-01-05 00:00:00-05:00,15.466120764788458,15.466120764788458,14.771014213562012,14.771014213562012,600,0.0,0.0
1998-01-06 00:00:00-05:00,15.4661226272583,15.4661226272583,14.944792651058583,15.4661226272583,2000,0.0,0.0
1998-01-07 00:00:00-05:00,15.466125553304499,15.813678936524823,15.292348861694336,15.292348861694336,4400,0.0,0.0
1998-01-08 00:00:00-05:00,15.987452507019043,15.987452507019043,15.987452507019043,15.987452507019043,200,0.0,0.0
1998-01-09 00:00:00-05:00,15.466122533964073,15.987452507019043,15.466122533964073,15.987452507019043,1100,0.0,0.0
1998-01-12 00:00:00-05:00,15.118569248325223,15.81367588043213,15.118569248325223,15.813675880432129,2000,0.0,0.0
1998-01-13 00:00:00-05:00,15.292343139648438,16.161226272583008,15.292343139648438,16.161226272583008,3700,0.0,0.0
1998-01-14 00:00:00-05:00,16.161226272583008,16.508779525756836,16.161226272583008,16.508779525756836,4200,0.0,0.0
1998-01-15 00:00:00-05:00,16.85634434223175,17.203897833824158,16.508790850639343,16.682567596435547,9700,0.0,0.0
1998-01-16 00:00:00-05:00,17.030113220214844,17.72521988226443,16.856336554702448,17.030113220214844,6300,0.0,0.0
1998-01-20 00:00:00-05:00,17.377666473388672,17.551443138122558,17.0301131439209,17.377666473388672,2300,0.0,0.0
1998-01-21 00:00:00-05:00,17.030120400821463,17.72522735595703,17.030120400821463,17.72522735595703,7500,0.0,0.0
1998-01-22 00:00:00-05:00,17.72522735595703,17.72522735595703,17.72522735595703,17.72522735595703,200,0.0,0.0
1998-01-23 00:00:00-05:00,17.72522735595703,17.72522735595703,17.72522735595703,17.72522735595703,0,0.0,0.0
1998-01-26 00:00:00-05:00,17.725217877012312,17.725217877012312,17.203887939453125,17.203887939453125,500,0.0,0.0
1998-01-27 00:00:00-05:00,17.725217877012312,17.725217877012312,17.203887939453125,17.203887939453125,600,0.0,0.0
1998-01-28 00:00:00-05:00,17.203887939453125,17.203887939453125,17.203887939453125,17.203887939453125,2300,0.0,0.0
1998-01-29 00:00:00-05:00,17.203889808654786,17.377666473388672,17.203889808654786,17.377666473388672,5100,0.0,0.0
1998-01-30 00:00:00-05:00,17.377668324083384,17.55144500732422,17.377668324083384,17.55144500732422,1900,0.0,0.0
1998-02-02 00:00:00-05:00,17.377662658691406,18.072769165039062,17.377662658691406,18.072769165039062,4700,0.0,0.0
1998-02-03 00:00:00-05:00,18.07277013266959,18.07277013266959,17.377663589105374,17.812105178833008,3100,0.0,0.0
1998-02-04 00:00:00-05:00,17.725215911865234,18.072769165039062,17.725215911865234,18.072769165039062,200,0.0,0.0
1998-02-05 00:00:00-05:00,18.07277472665377,18.594104766845703,17.8121097065578,18.594104766845703,2200,0.0,0.0
1998-02-06 00:00:00-05:00,18.594099044799805,19.810535430908203,18.594099044799805,19.28920555114746,11800,0.0,0.0
1998-02-09 00:00:00-05:00,19.636764847229575,19.636764847229575,18.594104766845703,18.594104766845703,700,0.0,0.0
1998-02-10 00:00:00-05:00,18.59410186626944,19.462985131048388,18.59410186626944,18.854766845703125,5900,0.0,0.0
1998-02-11 00:00:00-05:00,19.28921354041909,19.28921354041909,18.420330047607422,18.420330047607422,6800,0.0,0.0
1998-02-12 00:00:00-05:00,18.420330047607422,18.420330047607422,18.420330047607422,18.420330047607422,0,0.0,0.0
1998-02-13 00:00:00-05:00,19.28920555114746,19.28920555114746,18.072769165039062,19.28920555114746,1500,0.0,0.0
1998-02-17 00:00:00-05:00,18.07277006261489,19.289206509137045,18.07277006261489,19.20231819152832,8700,0.0,0.0
1998-02-18 00:00:00-05:00,19.28920555114746,19.28920555114746,18.854763984680176,19.28920555114746,5500,0.0,0.0
1998-02-19 00:00:00-05:00,18.76787757873535,18.76787757873535,18.76787757873535,18.76787757873535,300,0.0,0.0
1998-02-20 00:00:00-05:00,18.680989239193977,19.289207493493315,18.420324273065688,18.941654205322266,3800,0.0,0.0
1998-02-23 00:00:00-05:00,18.42032241821289,18.507210731506348,18.072769165039062,18.072769165039062,1900,0.0,0.0
1998-02-24 00:00:00-05:00,17.89899440947033,18.24654769897461,17.89899440947033,18.24654769897461,2600,0.0,0.0
1998-02-25 00:00:00-05:00,18.24654769897461,18.24654769897461,18.24654769897461,18.24654769897461,900,0.0,0.0
1998-02-26 00:00:00-05:00,17.72522735595703,17.72522735595703,17.72522735595703,17.72522735595703,300,0.0,0.0
1998-02-27 00:00:00-05:00,17.377673878389245,17.72522735595703,17.377673878389245,17.72522735595703,500,0.0,0.0
1998-03-02 00:00:00-05:00,17.377666473388672,17.377666473388672,17.377666473388672,17.377666473388672,200,0.0,0.0
1998-03-03 00:00:00-05:00,17.377666473388672,17.377666473388672,17.377666473388672,17.377666473388672,500,0.0,0.0
1998-03-04 00:00:00-05:00,17.377666473388672,17.377666473388672,17.377666473388672,17.377666473388672,0,0.0,0.0
1998-03-05 00:00:00-05:00,17.899004094740924,17.899004094740924,17.030120400821463,17.72522735595703,14800,0.0,0.0
1998-03-06 00:00:00-05:00,17.725217877012312,17.725217877012312,17.203887939453125,17.203887939453125,4200,0.0,0.0
1998-03-09 00:00:00-05:00,17.203887939453125,17.203887939453125,17.203887939453125,17.203887939453125,0,0.0,0.0
1998-03-10 00:00:00-05:00,17.551443025903797,17.898996353149414,17.203889698658177,17.898996353149414,3400,0.0,0.0
1998-03-11 00:00:00-05:00,17.20388988572724,17.551443216752034,17.030113220214844,17.030113220214844,7900,0.0,0.0
1998-03-12 00:00:00-05:00,17.377666473388672,17.377666473388672,17.377666473388672,17.377666473388672,1000,0.0,0.0
1998-03-13 00:00:00-05:00,17.203889808654786,17.377666473388672,17.203889808654786,17.377666473388672,1100,0.0,0.0
1998-03-16 00:00:00-05:00,17.57252983018464,17.74651527404785,17.050573498594996,17.74651527404785,2200,0.03,0.0
1998-03-17 00:00:00-05:00,17.74651527404785,17.74651527404785,17.74651527404785,17.74651527404785,0,0.0,0.0
1998-03-18 00:00:00-05:00,17.398550033569336,17.398550033569336,17.398550033569336,17.398550033569336,2700,0.0,0.0
1998-03-19 00:00:00-05:00,17.398544386321426,17.74651527404785,17.398544386321426,17.74651527404785,3500,0.0,0.0
1998-03-20 00:00:00-05:00,17.398550033569336,17.398550033569336,17.398550033569336,17.398550033569336,400,0.0,0.0
1998-03-23 00:00:00-05:00,17.22455894245821,17.74651527404785,17.22455894245821,17.74651527404785,2100,0.0,0.0
1998-03-24 00:00:00-05:00,17.74651527404785,17.74651527404785,17.74651527404785,17.74651527404785,1600,0.0,0.0
1998-03-25 00:00:00-05:00,18.09448514126315,18.09448514126315,17.39854340506072,17.572528839111328,2100,0.0,0.0
1998-03-26 00:00:00-05:00,17.572528839111328,17.572528839111328,17.572528839111328,17.572528839111328,0,0.0,0.0
1998-03-27 00:00:00-05:00,18.094486236572266,18.094486236572266,18.094486236572266,18.094486236572266,100,0.0,0.0
1998-03-30 00:00:00-05:00,18.094486236572266,18.094486236572266,18.094486236572266,18.094486236572266,700,0.0,0.0
1998-03-31 00:00:00-05:00,18.09448523660308,18.26847067157042,17.920499801635742,17.920499801635742,1200,0.0,0.0
1998-04-01 00:00:00-05:00,17.398541768391926,18.268468856811523,17.398541768391926,18.268468856811523,2000,0.0,0.0
1998-04-02 00:00:00-05:00,17.398541768391926,18.268468856811523,17.398541768391926,18.268468856811523,400,0.0,0.0
1998-04-03 00:00:00-05:00,18.268468856811523,18.268468856811523,18.268468856811523,18.268468856811523,100,0.0,0.0
1998-04-06 00:00:00-04:00,17.746514273161935,17.746514273161935,17.572528839111328,17.572528839111328,1900,0.0,0.0
1998-04-07 00:00:00-04:00,17.746514273161935,17.746514273161935,17.572528839111328,17.572528839111328,2200,0.0,0.0
1998-04-08 00:00:00-04:00,17.572527186075845,18.268468856811523,17.572527186075845,18.268468856811523,400,0.0,0.0
1998-04-09 00:00:00-04:00,17.746515347407414,18.094486236572266,17.746515347407414,18.094486236572266,4700,0.0,0.0
1998-04-13 00:00:00-04:00,18.094486236572266,18.094486236572266,18.094486236572266,18.094486236572266,0,0.0,0.0
1998-04-14 00:00:00-04:00,18.442453384399414,18.442453384399414,18.268467975112628,18.442453384399414,1000,0.0,0.0
1998-04-15 00:00:00-04:00,18.094486236572266,18.094486236572266,18.094486236572266,18.094486236572266,300,0.0,0.0
1998-04-16 00:00:00-04:00,18.442462437589402,18.529455184936523,18.442462437589402,18.529455184936523,2200,0.0,0.0
1998-04-17 00:00:00-04:00,18.61644127424373,18.703433990478516,18.442455841774162,18.703433990478516,2300,0.0,0.0
1998-04-20 00:00:00-04:00,18.35546156565348,18.70343240102132,18.268468856811523,18.268468856811523,6400,0.0,0.0
1998-04-21 00:00:00-04:00,18.616444605368155,18.790430068969727,18.616444605368155,18.790430068969727,1200,0.0,0.0
1998-04-22 00:00:00-04:00,18.964415532571298,18.964415532571298,18.790430068969727,18.790430068969727,1300,0.0,0.0
1998-04-23 00:00:00-04:00,18.790430068969727,18.790430068969727,18.790430068969727,18.790430068969727,0,0.0,0.0
1998-04-24 00:00:00-04:00,18.790430068969727,18.790430068969727,18.790430068969727,18.790430068969727,0,0.0,0.0
1998-04-27 00:00:00-04:00,19.138397216796875,19.138397216796875,19.138397216796875,19.138397216796875,500,0.0,0.0
1998-04-28 00:00:00-04:00,19.138395021546565,19.138395021546565,18.094482565825842,18.442453384399414,5900,0.0,0.0
1998-04-29 00:00:00-04:00,18.26847016811371,19.48636817932129,18.26847016811371,19.48636817932129,19800,0.0,0.0
1998-04-30 00:00:00-04:00,18.442453384399414,18.442453384399414,18.442453384399414,18.442453384399414,100,0.0,0.0
1998-05-01 00:00:00-04:00,18.442453384399414,18.442453384399414,18.442453384399414,18.442453384399414,0,0.0,0.0
1998-05-04 00:00:00-04:00,19.486371923376012,19.486371923376012,18.790430068969727,18.790430068969727,700,0.0,0.0
1998-05-05 00:00:00-04:00,18.790430068969727,18.790430068969727,18.790430068969727,18.790430068969727,0,0.0,0.0
1998-05-06 00:00:00-04:00,18.442449174485763,19.312376022338867,18.442449174485763,19.312376022338867,2100,0.0,0.0
1998-05-07 00:00:00-04:00,18.442453384399414,18.442453384399414,18.442453384399414,18.442453384399414,100,0.0,0.0
1998-05-08 00:00:00-04:00,18.442453384399414,18.442453384399414,18.442453384399414,18.442453384399414,1000,0.0,0.0
1998-05-11 00:00:00-04:00,19.486365840120136,19.486365840120136,18.442453384399414,18.442453384399414,400,0.0,0.0
1998-05-12 00:00:00-04:00,18.616437911987305,18.616437911987305,18.616437911987305,18.616437911987305,1000,0.0,0.0
1998-05-13 00:00:00-04:00,18.616437911987305,18.616437911987305,18.616437911987305,18.616437911987305,0,0.0,0.0
1998-05-14 00:00:00-04:00,18.616437911987305,18.616437911987305,18.616437911987305,18.616437911987305,0,0.0,0.0
1998-05-15 00:00:00-04:00,18.616437911987305,18.616437911987305,18.616437911987305,18.616437911987305,0,0.0,0.0
1998-05-18 00:00:00-04:00,18.094486236572266,18.094486236572266,18.094486236572266,18.094486236572266,6100,0.0,0.0
1998-05-19 00:00:00-04:00,17.74651527404785,17.74651527404785,17.74651527404785,17.74651527404785,100,0.0,0.0
1998-05-20 00:00:00-04:00,18.18147895886348,18.18147895886348,18.094486236572266,18.094486236572266,3400,0.0,0.0
1998-05-21 00:00:00-04:00,18.09448616177428,18.790427937227136,17.74651527404785,17.74651527404785,2900,0.0,0.0
1998-05-22 00:00:00-04:00,17.746510906754253,18.616437911987305,17.746510906754253,18.616437911987305,1200,0.0,0.0
1998-05-26 00:00:00-04:00,18.616437911987305,18.616437911987305,18.616437911987305,18.616437911987305,0,0.0,0.0
1998-05-27 00:00:00-04:00,18.616437911987305,18.616437911987305,18.616437911987305,18.616437911987305,100,0.0,0.0
1998-05-28 00:00:00-04:00,18.637344360351562,18.637344360351562,18.637344360351562,18.637344360351562,0,0.03,0.0
1998-05-29 00:00:00-04:00,18.637344360351562,18.637344360351562,18.637344360351562,18.637344360351562,100,0.0,0.0
1998-06-01 00:00:00-04:00,18.637344360351562,18.637344360351562,18.637344360351562,18.637344360351562,0,0.0,0.0
1998-06-02 00:00:00-04:00,17.592271728515627,17.592271728515627,17.4180908203125,17.4180908203125,400,0.0,0.0
1998-06-03 00:00:00-04:00,17.41808573404948,18.288990020751953,17.41808573404948,18.288990020751953,300,0.0,0.0
1998-06-04 00:00:00-04:00,17.41808178355393,17.940624237060547,17.06972014788285,17.940624237060547,1900,0.0,0.0
1998-06-05 00:00:00-04:00,17.940624237060547,17.940624237060547,17.940624237060547,17.940624237060547,0,0.0,0.0
1998-06-08 00:00:00-04:00,17.069719314575195,17.069719314575195,17.069719314575195,17.069719314575195,100,0.0,0.0
1998-06-09 00:00:00-04:00,17.069719314575195,17.069719314575195,17.069719314575195,17.069719314575195,0,0.0,0.0
1998-06-10 00:00:00-04:00,17.069719314575195,17.069719314575195,17.069719314575195,17.069719314575195,0,0.0,0.0
1998-06-11 00:00:00-04:00,17.069719314575195,17.069719314575195,17.069719314575195,17.069719314575195,0,0.0,0.0
1998-06-12 00:00:00-04:00,17.069719314575195,17.069719314575195,17.069719314575195,17.069719314575195,0,0.0,0.0
1998-06-15 00:00:00-04:00,17.243900299072266,17.243900299072266,17.243900299072266,17.243900299072266,600,0.0,0.0
1998-06-16 00:00:00-04:00,17.243898952708523,17.766441345214844,17.243898952708523,17.766441345214844,3500,0.0,0.0
1998-06-17 00:00:00-04:00,17.243900299072266,17.243900299072266,17.243900299072266,17.243900299072266,900,0.0,0.0
1998-06-18 00:00:00-04:00,17.243900299072266,17.243900299072266,17.243900299072266,17.243900299072266,0,0.0,0.0
1998-06-19 00:00:00-04:00,17.243900299072266,17.243900299072266,17.243900299072266,17.243900299072266,0,0.0,0.0
1998-06-22 00:00:00-04:00,17.243900299072266,17.243900299072266,17.243900299072266,17.243900299072266,0,0.0,0.0
1998-06-23 00:00:00-04:00,17.592252731323242,17.592252731323242,17.592252731323242,17.592252731323242,300,0.0,0.0
1998-06-24 00:00:00-04:00,17.592252731323242,17.592252731323242,17.592252731323242,17.592252731323242,0,0.0,0.0
1998-06-25 00:00:00-04:00,17.592252731323242,17.592252731323242,17.592252731323242,17.592252731323242,0,0.0,0.0
1998-06-26 00:00:00-04:00,17.418080933239995,17.418080933239995,17.069719314575195,17.069719314575195,500,0.0,0.0
1998-06-29 00:00:00-04:00,17.069719314575195,17.069719314575195,17.069719314575195,17.069719314575195,0,0.0,0.0
1998-06-30 00:00:00-04:00,17.592271728515627,17.592271728515627,17.243909912109377,17.4180908203125,1700,0.0,0.0
1998-07-01 00:00:00-04:00,17.940623543479226,17.940623543479226,17.243900299072266,17.243900299072266,2700,0.0,0.0
1998-07-02 00:00:00-04:00,17.41807975021063,17.766441345214844,17.41807975021063,17.766441345214844,2800,0.0,0.0
1998-07-06 00:00:00-04:00,17.766441345214844,17.766441345214844,17.766441345214844,17.766441345214844,100,0.0,0.0
1998-07-07 00:00:00-04:00,17.24389129109902,17.592252731323242,17.24389129109902,17.592252731323242,3200,0.0,0.0
1998-07-08 00:00:00-04:00,17.4180908203125,17.4180908203125,17.4180908203125,17.4180908203125,400,0.0,0.0
1998-07-09 00:00:00-04:00,17.41807201121113,17.766433451435354,17.41807201121113,17.592252731323242,3900,0.0,0.0
1998-07-10 00:00:00-04:00,17.592266591389976,18.288990020751953,17.592266591389976,18.288990020751953,1000,0.0,0.0
1998-07-13 00:00:00-04:00,17.592262601389468,17.940624237060547,17.41808178355393,17.940624237060547,4100,0.0,0.0
1998-07-14 00:00:00-04:00,17.940624237060547,17.940624237060547,17.940624237060547,17.940624237060547,0,0.0,0.0
1998-07-15 00:00:00-04:00,17.069719314575195,17.069719314575195,17.069719314575195,17.069719314575195,400,0.0,0.0
1998-07-16 00:00:00-04:00,17.069719314575195,17.069719314575195,17.069719314575195,17.069719314575195,200,0.0,0.0
1998-07-17 00:00:00-04:00,18.114805221557617,18.114805221557617,17.85353399240054,18.114805221557617,400,0.0,0.0
1998-07-20 00:00:00-04:00,18.02772399902344,18.114814453125,17.4180908203125,17.4180908203125,2200,0.0,0.0
1998-07-21 00:00:00-04:00,17.94062214271695,17.94062214271695,17.243898952708523,17.766441345214844,900,0.0,0.0
1998-07-22 00:00:00-04:00,17.76645263671875,18.02772399902344,17.4180908203125,17.4180908203125,2200,0.0,0.0
1998-07-23 00:00:00-04:00,18.463167190551758,18.463167190551758,17.418082255237508,18.463167190551758,2300,0.0,0.0
1998-07-24 00:00:00-04:00,18.463167190551758,18.463167190551758,17.418082255237508,18.463167190551758,3000,0.0,0.0
1998-07-27 00:00:00-04:00,17.592271728515627,17.592271728515627,17.4180908203125,17.4180908203125,1100,0.0,0.0
1998-07-28 00:00:00-04:00,17.4180908203125,17.4180908203125,17.4180908203125,17.4180908203125,1100,0.0,0.0
1998-07-29 00:00:00-04:00,17.41807201121113,17.592252731323242,17.41807201121113,17.592252731323242,6200,0.0,0.0
1998-07-30 00:00:00-04:00,17.4180908203125,17.4180908203125,17.4180908203125,17.4180908203125,200,0.0,0.0
1998-07-31 00:00:00-04:00,17.41807201121113,18.114794891659574,17.41807201121113,17.592252731323242,1700,0.0,0.0
1998-08-03 00:00:00-04:00,17.592252731323242,17.592252731323242,17.592252731323242,17.592252731323242,100,0.0,0.0
1998-08-04 00:00:00-04:00,17.592252731323242,18.114794891659574,17.592252731323242,17.592252731323242,1200,0.0,0.0
1998-08-05 00:00:00-04:00,17.4180908203125,17.4180908203125,17.4180908203125,17.4180908203125,1100,0.0,0.0
1998-08-06 00:00:00-04:00,17.592252731323242,17.85352381149141,17.592252731323242,17.592252731323242,1800,0.0,0.0
1998-08-07 00:00:00-04:00,17.592252731323242,17.592252731323242,17.592252731323242,17.592252731323242,0,0.0,0.0
1998-08-10 00:00:00-04:00,17.592252731323242,17.592252731323242,17.592252731323242,17.592252731323242,0,0.0,0.0
1998-08-11 00:00:00-04:00,17.592252731323242,17.592252731323242,17.592252731323242,17.592252731323242,600,0.0,0.0
1998-08-12 00:00:00-04:00,17.592252731323242,17.592252731323242,17.592252731323242,17.592252731323242,0,0.0,0.0
1998-08-13 00:00:00-04:00,18.114805221557617,18.114805221557617,18.114805221557617,18.114805221557617,300,0.0,0.0
1998-08-14 00:00:00-04:00,18.114805221557617,18.114805221557617,18.114805221557617,18.114805221557617,0,0.0,0.0
1998-08-17 00:00:00-04:00,17.243900299072266,17.592261921275746,17.243900299072266,17.243900299072266,3700,0.0,0.0
1998-08-18 00:00:00-04:00,17.766433451435354,18.02770453160352,17.592252731323242,17.592252731323242,4800,0.0,0.0
1998-08-19 00:00:00-04:00,17.069719314575195,17.069719314575195,17.069719314575195,17.069719314575195,400,0.0,0.0
1998-08-20 00:00:00-04:00,17.418081110174004,17.418081110174004,17.243900299072266,17.243900299072266,600,0.0,0.0
1998-08-21 00:00:00-04:00,16.895541264460636,16.98263168334961,16.895541264460636,16.98263168334961,200,0.0,0.0
1998-08-24 00:00:00-04:00,16.982622388655763,17.156803131103516,16.895532017431886,17.156803131103516,8800,0.0,0.0
1998-08-25 00:00:00-04:00,16.895532017431886,17.156803131103516,16.895532017431886,17.156803131103516,600,0.0,0.0
1998-08-26 00:00:00-04:00,16.89553815126419,16.89553815126419,16.721357345581055,16.721357345581055,1000,0.0,0.0
1998-08-27 00:00:00-04:00,16.63427016009455,16.63427016009455,15.327913864799166,16.02463722229004,3000,0.0,0.0
1998-08-28 00:00:00-04:00,15.34793472290039,15.34793472290039,15.34793472290039,15.34793472290039,700,0.03,0.0
1998-08-31 00:00:00-04:00,15.34793236142113,15.34793236142113,14.650299072265625,14.650299072265625,1400,0.0,0.0
1998-09-01 00:00:00-04:00,14.999115716843377,14.999115716843377,14.650299072265625,14.650299072265625,500,0.0,0.0
1998-09-02 00:00:00-04:00,15.347930997960708,15.347930997960708,14.824706077575684,14.824706077575684,2700,0.0,0.0
1998-09-03 00:00:00-04:00,14.824706077575684,14.824706077575684,14.824706077575684,14.824706077575684,0,0.0,0.0
1998-09-04 00:00:00-04:00,14.999107360839844,14.999107360839844,14.999107360839844,14.999107360839844,200,0.0,0.0
1998-09-08 00:00:00-04:00,14.999107360839844,14.999107360839844,14.999107360839844,14.999107360839844,200,0.0,0.0
1998-09-09 00:00:00-04:00,15.34793472290039,15.34793472290039,15.34793472290039,15.34793472290039,1900,0.0,0.0
1998-09-10 00:00:00-04:00,15.696746826171875,15.696746826171875,15.696746826171875,15.696746826171875,100,0.0,0.0
1998-09-11 00:00:00-04:00,15.696746826171875,15.696746826171875,15.696746826171875,15.696746826171875,1200,0.0,0.0
1998-09-14 00:00:00-04:00,15.696746826171875,15.696746826171875,15.696746826171875,15.696746826171875,0,0.0,0.0
1998-09-15 00:00:00-04:00,15.696751421148127,15.696751421148127,15.34793472290039,15.34793472290039,800,0.0,0.0
1998-09-16 00:00:00-04:00,15.347930997960708,15.522339304755716,14.824706077575684,14.824706077575684,2900,0.0,0.0
1998-09-17 00:00:00-04:00,14.999111969346943,15.086316108703612,14.824703690633607,15.086316108703613,2500,0.0,0.0
1998-09-18 00:00:00-04:00,14.824707394554501,16.045565650576638,14.650299072265625,14.650299072265625,1700,0.0,0.0
1998-09-21 00:00:00-04:00,14.650299072265625,14.650299072265625,14.650299072265625,14.650299072265625,400,0.0,0.0
1998-09-22 00:00:00-04:00,14.650299072265625,14.650299072265625,14.650299072265625,14.650299072265625,0,0.0,0.0
1998-09-23 00:00:00-04:00,14.650299072265625,14.650299072265625,14.650299072265625,14.650299072265625,0,0.0,0.0
1998-09-24 00:00:00-04:00,16.045568119395863,16.045568119395863,15.34793472290039,15.34793472290039,1600,0.0,0.0
1998-09-25 00:00:00-04:00,15.522348723540434,16.13277816772461,15.347940310916385,16.13277816772461,5300,0.0,0.0
1998-09-28 00:00:00-04:00,16.04556618967364,16.219974517822266,16.04556618967364,16.219974517822266,1300,0.0,0.0
1998-09-29 00:00:00-04:00,16.219974517822266,16.219974517822266,16.219974517822266,16.219974517822266,300,0.0,0.0
1998-09-30 00:00:00-04:00,15.871159770271994,15.871159770271994,15.34793472290039,15.34793472290039,2200,0.0,0.0
1998-10-01 00:00:00-04:00,15.871160507202148,15.871160507202148,15.871160507202148,15.871160507202148,500,0.0,0.0
1998-10-02 00:00:00-04:00,15.871160507202148,15.871160507202148,15.871160507202148,15.871160507202148,0,0.0,0.0
1998-10-05 00:00:00-04:00,15.260728200276692,15.260728200276692,14.650299072265625,14.650299072265625,1800,0.0,0.0
1998-10-06 00:00:00-04:00,14.650299072265625,14.650299072265625,14.650299072265625,14.650299072265625,0,0.0,0.0
1998-10-07 00:00:00-04:00,14.650297311636118,14.99911391429412,12.5573976956881,13.60384750366211,5300,0.0,0.0
1998-10-08 00:00:00-04:00,12.557399056174539,12.557399056174539,11.51094913482666,11.51094913482666,10200,0.0,0.0
1998-10-09 00:00:00-04:00,11.51094913482666,11.51094913482666,11.51094913482666,11.51094913482666,1200,0.0,0.0
1998-10-12 00:00:00-04:00,12.906209266349062,12.906209266349062,12.73180103302002,12.73180103302002,1400,0.0,0.0
1998-10-13 00:00:00-04:00,12.73180103302002,12.73180103302002,12.73180103302002,12.73180103302002,0,0.0,0.0
1998-10-14 00:00:00-04:00,12.20858097076416,12.20858097076416,12.20858097076416,12.20858097076416,300,0.0,0.0
1998-10-15 00:00:00-04:00,12.20858097076416,12.20858097076416,12.20858097076416,12.20858097076416,0,0.0,0.0
1998-10-16 00:00:00-04:00,12.73180103302002,12.73180103302002,12.73180103302002,12.73180103302002,200,0.0,0.0
1998-10-19 00:00:00-04:00,12.034169137888941,13.080618628140154,12.034169137888941,12.644598007202148,9700,0.0,0.0
1998-10-20 00:00:00-04:00,13.255030463723577,13.603847054874196,13.080622168148265,13.34223461151123,8300,0.0,0.0
1998-10-21 00:00:00-04:00,14.127072939058628,14.301481246948242,14.127072939058628,14.301481246948242,1200,0.0,0.0
1998-10-22 00:00:00-04:00,14.388688802719116,15.34793472290039,13.603851231661709,15.34793472290039,1100,0.0,0.0
1998-10-23 00:00:00-04:00,15.34793472290039,15.34793472290039,15.34793472290039,15.34793472290039,0,0.0,0.0
1998-10-26 00:00:00-05:00,15.522340683710008,15.522340683710008,13.603849138532366,14.650299072265625,1500,0.0,0.0
1998-10-27 00:00:00-05:00,14.650299072265625,14.650299072265625,14.650299072265625,14.650299072265625,0,0.0,0.0
1998-10-28 00:00:00-05:00,15.522338528103298,15.696746826171875,15.522338528103298,15.696746826171875,200,0.0,0.0
1998-10-29 00:00:00-05:00,14.650297037760417,15.696746826171875,14.650297037760417,15.696746826171875,1500,0.0,0.0
1998-10-30 00:00:00-05:00,15.696746826171875,15.696746826171875,15.696746826171875,15.696746826171875,0,0.0,0.0
1998-11-02 00:00:00-05:00,15.871153500205592,16.56878662109375,15.871153500205592,16.56878662109375,2200,0.0,0.0
1998-11-03 00:00:00-05:00,16.394371032714844,16.394371032714844,16.394371032714844,16.394371032714844,500,0.0,0.0
1998-11-04 00:00:00-05:00,16.743199865245288,17.092016529104562,15.609545707702637,15.609545707702637,5800,0.0,0.0
1998-11-05 00:00:00-05:00,15.609545707702637,15.609545707702637,15.609545707702637,15.609545707702637,0,0.0,0.0
1998-11-06 00:00:00-05:00,15.609545707702637,15.609545707702637,15.609545707702637,15.609545707702637,0,0.0,0.0
1998-11-09 00:00:00-05:00,15.522339717201563,16.045564651489258,15.522339717201563,16.045564651489258,500,0.0,0.0
1998-11-10 00:00:00-05:00,16.045564651489258,16.045564651489258,16.045564651489258,16.045564651489258,200,0.0,0.0
1998-11-11 00:00:00-05:00,16.045564651489258,16.045564651489258,16.045564651489258,16.045564651489258,0,0.0,0.0
1998-11-12 00:00:00-05:00,16.045564651489258,16.045564651489258,16.045564651489258,16.045564651489258,0,0.0,0.0
1998-11-13 00:00:00-05:00,16.045564651489258,16.045564651489258,16.045564651489258,16.045564651489258,2900,0.0,0.0
1998-11-16 00:00:00-05:00,16.743196487426758,16.743196487426758,16.743196487426758,16.743196487426758,900,0.0,0.0
1998-11-17 00:00:00-05:00,16.743196487426758,16.743196487426758,16.743196487426758,16.743196487426758,0,0.0,0.0
1998-11-18 00:00:00-05:00,16.743196487426758,16.743196487426758,16.743196487426758,16.743196487426758,0,0.0,0.0
1998-11-19 00:00:00-05:00,16.04556330045064,16.743196487426758,16.04556330045064,16.743196487426758,6100,0.0,0.0
1998-11-20 00:00:00-05:00,16.743196487426758,16.743196487426758,16.743196487426758,16.743196487426758,0,0.0,0.0
1998-11-23 00:00:00-05:00,16.045564651489258,16.045564651489258,16.045564651489258,16.045564651489258,100,0.0,0.0
1998-11-24 00:00:00-05:00,16.39438320138601,16.39438320138601,15.609545707702637,15.609545707702637,1500,0.0,0.0
1998-11-25 00:00:00-05:00,15.522332191467285,15.522332191467285,15.522332191467285,15.522332191467285,200,0.0,0.0
1998-11-27 00:00:00-05:00,15.522332036217978,15.696740261344024,14.650290910587755,14.999107360839844,4100,0.0,0.0
1998-11-30 00:00:00-05:00,14.650299072265625,14.650299072265625,14.650299072265625,14.650299072265625,300,0.0,0.0
1998-12-01 00:00:00-05:00,14.650299072265625,14.650299072265625,14.650299072265625,14.650299072265625,0,0.0,0.0
1998-12-02 00:00:00-05:00,15.34793236142113,15.34793236142113,14.650299072265625,14.650299072265625,1900,0.0,0.0
1998-12-03 00:00:00-05:00,14.388683813589592,15.347929401162231,14.127071380615236,14.127071380615234,1300,0.0,0.0
1998-12-04 00:00:00-05:00,15.696746826171875,15.696746826171875,15.696746826171875,15.696746826171875,400,0.0,0.0
1998-12-07 00:00:00-05:00,14.824706077575684,14.824706077575684,14.824706077575684,14.824706077575684,200,0.0,0.0
1998-12-08 00:00:00-05:00,14.824706077575684,14.824706077575684,14.824706077575684,14.824706077575684,0,0.0,0.0
1998-12-09 00:00:00-05:00,14.301484694392045,15.173526444050097,14.039872169494629,14.039872169494629,1300,0.0,0.0
1998-12-10 00:00:00-05:00,14.039872169494629,14.039872169494629,14.039872169494629,14.039872169494629,0,0.0,0.0
1998-12-11 00:00:00-05:00,13.952657699584961,13.952657699584961,13.952657699584961,13.952657699584961,500,0.0,0.0
1998-12-14 00:00:00-05:00,13.952657699584961,13.952657699584961,13.952657699584961,13.952657699584961,0,0.0,0.0
1998-12-15 00:00:00-05:00,13.952657699584961,13.952657699584961,13.952657699584961,13.952657699584961,0,0.0,0.0
1998-12-16 00:00:00-05:00,13.952657699584961,13.952657699584961,13.952657699584961,13.952657699584961,0,0.0,0.0
1998-12-17 00:00:00-05:00,13.952665783110119,14.650299072265625,13.952665783110119,14.650299072265625,2600,0.0,0.0
1998-12-18 00:00:00-05:00,14.301481246948242,14.301481246948242,14.301481246948242,14.301481246948242,600,0.0,0.0
1998-12-21 00:00:00-05:00,14.999118024652654,15.34793472290039,14.999118024652654,15.34793472290039,2000,0.0,0.0
1998-12-22 00:00:00-05:00,15.019599147096894,15.368892150517752,14.670306143676036,14.75762939453125,3900,0.03,0.0
1998-12-23 00:00:00-05:00,14.670303908261385,15.368889808654785,14.670303908261385,15.368889808654785,2400,0.0,0.0
1998-12-24 00:00:00-05:00,15.368889808654785,15.368889808654785,15.368889808654785,15.368889808654785,0,0.0,0.0
1998-12-28 00:00:00-05:00,15.368889808654785,15.368889808654785,15.368889808654785,15.368889808654785,100,0.0,0.0
1998-12-29 00:00:00-05:00,14.670302391052246,14.670302391052246,14.670302391052246,14.670302391052246,700,0.0,0.0
1998-12-30 00:00:00-05:00,14.670302391052246,14.670302391052246,14.670302391052246,14.670302391052246,0,0.0,0.0
1998-12-31 00:00:00-05:00,14.670302391052246,14.670302391052246,14.670302391052246,14.670302391052246,8200,0.0,0.0
1999-01-04 00:00:00-05:00,14.757623157892759,15.368885655556957,14.670299943940732,14.8886079788208,13000,0.0,0.0
1999-01-05 00:00:00-05:00,15.281561851501465,15.281561851501465,15.281561851501465,15.281561851501465,100,0.0,0.0
1999-01-06 00:00:00-05:00,14.844947814941408,14.844947814941408,14.844947814941408,14.844947814941406,1600,0.0,0.0
1999-01-07 00:00:00-05:00,14.844947814941408,14.844947814941408,14.844947814941408,14.844947814941406,5700,0.0,0.0
1999-01-08 00:00:00-05:00,14.844947814941408,15.019594259823071,14.844947814941408,14.844947814941406,7900,0.0,0.0
1999-01-11 00:00:00-05:00,14.844945863235829,15.01959228515625,14.844945863235829,15.01959228515625,9400,0.0,0.0
1999-01-12 00:00:00-05:00,15.01959228515625,15.01959228515625,15.01959228515625,15.01959228515625,0,0.0,0.0
1999-01-13 00:00:00-05:00,14.146363019943237,15.01959530512492,14.146363019943237,14.670302391052246,20800,0.0,0.0
1999-01-14 00:00:00-05:00,14.670302391052246,14.670302391052246,14.670302391052246,14.670302391052246,0,0.0,0.0
1999-01-15 00:00:00-05:00,14.844946833381876,15.01959326671578,14.67030040004797,14.932270050048828,12100,0.0,0.0
1999-01-19 00:00:00-05:00,15.019594159429472,15.106917381286621,14.844947715715175,15.106917381286621,3600,0.0,0.0
1999-01-20 00:00:00-05:00,14.844947814941408,14.93227103738224,14.670301370059743,14.844947814941406,6600,0.0,0.0
1999-01-21 00:00:00-05:00,14.844947814941408,14.844947814941408,14.844947814941408,14.844947814941406,100,0.0,0.0
1999-01-22 00:00:00-05:00,14.844947814941408,15.106917482263903,14.670301370059743,14.844947814941406,2400,0.0,0.0
1999-01-25 00:00:00-05:00,14.844946833381876,15.01959326671578,14.844946833381876,14.932270050048828,2900,0.0,0.0
1999-01-26 00:00:00-05:00,14.844947814941408,14.844947814941408,14.844947814941408,14.844947814941406,100,0.0,0.0
1999-01-27 00:00:00-05:00,15.106917482263903,15.368887149586397,14.844947814941408,14.844947814941406,700,0.0,0.0
1999-01-28 00:00:00-05:00,14.844948848088583,14.844948848088583,14.670302391052246,14.670302391052246,500,0.0,0.0
1999-01-29 00:00:00-05:00,14.844947814941408,14.844947814941408,14.844947814941408,14.844947814941406,700,0.0,0.0
1999-02-01 00:00:00-05:00,14.844947814941408,14.844947814941408,14.844947814941408,14.844947814941406,800,0.0,0.0
1999-02-02 00:00:00-05:00,14.844946751649351,15.281562832580216,14.844946751649351,15.194239616394043,5700,0.0,0.0
1999-02-03 00:00:00-05:00,15.19423111904873,15.630846955803003,15.19423111904873,15.543523788452148,11100,0.0,0.0
1999-02-04 00:00:00-05:00,15.368889808654785,15.368889808654785,15.368889808654785,15.368889808654785,400,0.0,0.0
1999-02-05 00:00:00-05:00,15.368889808654785,15.368889808654785,15.368889808654785,15.368889808654785,100,0.0,0.0
1999-02-08 00:00:00-05:00,15.543523788452148,15.543523788452148,15.543523788452148,15.543523788452148,100,0.0,0.0
1999-02-09 00:00:00-05:00,15.543523788452148,15.543523788452148,15.543523788452148,15.543523788452148,300,0.0,0.0
1999-02-10 00:00:00-05:00,15.543523788452148,15.543523788452148,15.543523788452148,15.543523788452148,0,0.0,0.0
1999-02-11 00:00:00-05:00,15.194239616394043,15.194239616394043,15.194239616394043,15.194239616394043,1200,0.0,0.0
1999-02-12 00:00:00-05:00,15.368887149586397,15.368887149586397,14.844947814941408,14.844947814941406,700,0.0,0.0
1999-02-16 00:00:00-05:00,15.194243333556434,15.368889808654785,15.019596858458085,15.368889808654785,6400,0.0,0.0
1999-02-17 00:00:00-05:00,15.630846955803003,15.630846955803003,15.543523788452148,15.543523788452148,7500,0.0,0.0
1999-02-18 00:00:00-05:00,15.543523788452148,15.543523788452148,15.543523788452148,15.543523788452148,1500,0.0,0.0
1999-02-19 00:00:00-05:00,15.54353498375934,16.067474365234375,15.54353498375934,16.067474365234375,300,0.0,0.0
1999-02-22 00:00:00-05:00,15.543523788452148,15.543523788452148,15.543523788452148,15.543523788452148,1400,0.0,0.0
1999-02-23 00:00:00-05:00,15.892827033996584,15.892827033996584,15.892827033996584,15.892827033996582,200,0.0,0.0
1999-02-24 00:00:00-05:00,15.718180583073543,15.892827033996584,15.718180583073543,15.892827033996582,1600,0.0,0.0
1999-02-25 00:00:00-05:00,15.738930702209473,15.738930702209473,15.738930702209473,15.738930702209473,1700,0.03,0.0
1999-02-26 00:00:00-05:00,15.738930702209473,15.738930702209473,15.738930702209473,15.738930702209473,0,0.0,0.0
1999-03-01 00:00:00-05:00,15.913805961608885,15.913805961608885,15.913805961608885,15.913805961608887,300,0.0,0.0
1999-03-02 00:00:00-05:00,15.738930245874329,15.76078987121582,15.738930245874329,15.76078987121582,6600,0.0,0.0
1999-03-03 00:00:00-05:00,15.738930702209473,15.738930702209473,15.738930702209473,15.738930702209473,3400,0.0,0.0
1999-03-04 00:00:00-05:00,15.738930702209473,15.738930702209473,15.738930702209473,15.738930702209473,2500,0.0,0.0
1999-03-05 00:00:00-05:00,15.913820287455684,16.08869743347168,15.782662427943686,16.08869743347168,3600,0.0,0.0
1999-03-08 00:00:00-05:00,16.08869743347168,16.08869743347168,16.08869743347168,16.08869743347168,0,0.0,0.0
1999-03-09 00:00:00-05:00,15.389188849407693,16.08869743347168,15.389188849407693,16.08869743347168,300,0.0,0.0
1999-03-10 00:00:00-05:00,16.08869743347168,16.08869743347168,16.08869743347168,16.08869743347168,0,0.0,0.0
1999-03-11 00:00:00-05:00,15.389188766479492,15.389188766479492,15.389188766479492,15.389188766479492,300,0.0,0.0
1999-03-12 00:00:00-05:00,16.044978060505606,16.044978060505606,15.389188766479492,15.389188766479492,3700,0.0,0.0
1999-03-15 00:00:00-05:00,15.389188766479492,15.389188766479492,15.389188766479492,15.389188766479492,0,0.0,0.0
1999-03-16 00:00:00-05:00,15.389188766479492,15.389188766479492,15.389188766479492,15.389188766479492,0,0.0,0.0
1999-03-17 00:00:00-05:00,15.389188766479492,15.389188766479492,15.389188766479492,15.389188766479492,0,0.0,0.0
1999-03-18 00:00:00-05:00,15.389188766479492,15.389188766479492,15.389188766479492,15.389188766479492,1000,0.0,0.0
1999-03-19 00:00:00-05:00,15.38917798774187,15.38917798774187,15.039423942565918,15.039423942565918,800,0.0,0.0
1999-03-22 00:00:00-05:00,15.38917550124691,15.476613998413088,15.38917550124691,15.476613998413086,5100,0.0,0.0
1999-03-23 00:00:00-05:00,15.476613998413088,15.476613998413088,15.476613998413088,15.476613998413086,0,0.0,0.0
1999-03-24 00:00:00-05:00,15.039423942565918,15.564055010329847,15.039423942565918,15.039423942565918,600,0.0,0.0
1999-03-25 00:00:00-05:00,15.039423942565918,15.039423942565918,15.039423942565918,15.039423942565918,0,0.0,0.0
1999-03-26 00:00:00-05:00,15.039427376835725,16.001251220703125,14.820831048684042,16.001251220703125,1100,0.0,0.0
1999-03-29 00:00:00-05:00,16.001251220703125,16.001251220703125,16.001251220703125,16.001251220703125,200,0.0,0.0
1999-03-30 00:00:00-05:00,15.039423942565918,15.039423942565918,15.039423942565918,15.039423942565918,200,0.0,0.0
1999-03-31 00:00:00-05:00,15.039423942565918,15.039423942565918,15.039423942565918,15.039423942565918,5500,0.0,0.0
1999-04-01 00:00:00-05:00,15.039433411189489,15.039433411189489,14.689679145812988,14.689679145812988,6400,0.0,0.0
1999-04-05 00:00:00-04:00,15.651504484089937,15.651504484089937,14.8645573312586,15.389188766479492,6600,0.0,0.0
1999-04-06 00:00:00-04:00,14.864550590515137,15.389181787827436,14.864550590515137,14.864550590515137,1300,0.0,0.0
1999-04-07 00:00:00-04:00,15.389182978851405,15.389182978851405,15.258025169372559,15.258025169372559,1600,0.0,0.0
1999-04-08 00:00:00-04:00,14.864550590515137,15.039427656285902,14.864550590515137,14.864550590515137,3300,0.0,0.0
1999-04-09 00:00:00-04:00,15.214309692382812,15.214309692382812,15.214309692382812,15.214309692382812,600,0.0,0.0
1999-04-12 00:00:00-04:00,14.864550590515137,14.864550590515137,14.864550590515137,14.864550590515137,500,0.0,0.0
1999-04-13 00:00:00-04:00,14.864550590515137,14.864550590515137,14.864550590515137,14.864550590515137,0,0.0,0.0
1999-04-14 00:00:00-04:00,14.864546919977943,15.039423942565918,14.864546919977943,15.039423942565918,2600,0.0,0.0
1999-04-15 00:00:00-04:00,15.03943256948186,15.214309692382812,14.864555446580908,15.214309692382812,6200,0.0,0.0
1999-04-16 00:00:00-04:00,14.864556278501238,15.738941941942487,14.689679145812988,14.689679145812988,5600,0.0,0.0
1999-04-19 00:00:00-04:00,14.733388403315603,14.733388403315603,13.990161095136477,14.165038108825684,5500,0.0,0.0
1999-04-20 00:00:00-04:00,14.514793395996094,14.514793395996094,14.514793395996094,14.514793395996094,200,0.0,0.0
1999-04-21 00:00:00-04:00,14.514793395996094,14.514793395996094,14.514793395996094,14.514793395996094,300,0.0,0.0
1999-04-22 00:00:00-04:00,14.165038334239615,14.427353858947756,14.165038334239615,14.427353858947754,10300,0.0,0.0
1999-04-23 00:00:00-04:00,14.208757362247985,14.208757362247985,14.165038108825684,14.165038108825684,700,0.0,0.0
1999-04-26 00:00:00-04:00,14.165038108825684,14.165038108825684,14.165038108825684,14.165038108825684,500,0.0,0.0
1999-04-27 00:00:00-04:00,14.514793395996094,14.514793395996094,14.514793395996094,14.514793395996094,100,0.0,0.0
1999-04-28 00:00:00-04:00,14.514793395996094,14.514793395996094,14.514793395996094,14.514793395996094,0,0.0,0.0
1999-04-29 00:00:00-04:00,14.514793395996094,14.514793395996094,14.514793395996094,14.514793395996094,0,0.0,0.0
1999-04-30 00:00:00-04:00,14.165038108825684,14.165038108825684,14.165038108825684,14.165038108825684,100,0.0,0.0
1999-05-03 00:00:00-04:00,14.165038108825684,14.165038108825684,14.165038108825684,14.165038108825684,0,0.0,0.0
1999-05-04 00:00:00-04:00,13.99016420284431,14.689672412986527,13.99016420284431,14.60223388671875,3600,0.0,0.0
1999-05-05 00:00:00-04:00,13.990160942077637,13.990160942077637,13.990160942077637,13.990160942077637,300,0.0,0.0
1999-05-06 00:00:00-04:00,13.990160942077637,13.990160942077637,13.990160942077637,13.990160942077637,0,0.0,0.0
1999-05-07 00:00:00-04:00,13.990160942077637,13.990160942077637,13.990160942077637,13.990160942077637,0,0.0,0.0
1999-05-10 00:00:00-04:00,13.990160942077637,13.990160942077637,13.990160942077637,13.990160942077637,0,0.0,0.0
1999-05-11 00:00:00-04:00,13.990160942077637,13.990160942077637,13.990160942077637,13.990160942077637,0,0.0,0.0
1999-05-12 00:00:00-04:00,14.165038108825684,14.165038108825684,14.165038108825684,14.165038108825684,1700,0.0,0.0
1999-05-13 00:00:00-04:00,14.165038108825684,14.165038108825684,14.165038108825684,14.165038108825684,0,0.0,0.0
1999-05-14 00:00:00-04:00,13.990160314048207,14.339914321899412,13.990160314048207,14.339914321899414,1500,0.0,0.0
1999-05-17 00:00:00-04:00,13.990160314048207,14.339914321899412,13.990160314048207,14.339914321899414,1000,0.0,0.0
1999-05-18 00:00:00-04:00,13.990160785143889,13.990160785143889,13.81528377532959,13.81528377532959,1100,0.0,0.0
1999-05-19 00:00:00-04:00,13.990160942077637,13.990160942077637,13.990160942077637,13.990160942077637,700,0.0,0.0
1999-05-20 00:00:00-04:00,13.990160942077637,13.990160942077637,13.990160942077637,13.990160942077637,1200,0.0,0.0
1999-05-21 00:00:00-04:00,13.72784527042244,13.81528377532959,13.64040676551529,13.81528377532959,1300,0.0,0.0
1999-05-24 00:00:00-04:00,13.81528377532959,13.81528377532959,13.81528377532959,13.81528377532959,500,0.0,0.0
1999-05-25 00:00:00-04:00,13.815285878151839,14.296197728340669,13.815285878151839,14.077601432800293,10100,0.0,0.0
1999-05-26 00:00:00-04:00,14.252481460571287,14.252481460571287,14.252481460571287,14.252481460571289,200,0.0,0.0
1999-05-27 00:00:00-04:00,14.01079273223877,14.01079273223877,14.01079273223877,14.01079273223877,500,0.03,0.0
1999-05-28 00:00:00-04:00,14.01079273223877,14.01079273223877,14.01079273223877,14.01079273223877,200,0.0,0.0
1999-06-01 00:00:00-04:00,14.01079273223877,14.01079273223877,14.01079273223877,14.01079273223877,500,0.0,0.0
1999-06-02 00:00:00-04:00,14.01079273223877,14.01079273223877,14.01079273223877,14.01079273223877,200,0.0,0.0
1999-06-03 00:00:00-04:00,14.01079298574713,14.01079298574713,13.835658073425293,13.835658073425293,2100,0.0,0.0
1999-06-04 00:00:00-04:00,13.835658073425293,13.835658073425293,13.835658073425293,13.835658073425293,800,0.0,0.0
1999-06-07 00:00:00-04:00,13.835658073425293,13.835658073425293,13.835658073425293,13.835658073425293,700,0.0,0.0
1999-06-08 00:00:00-04:00,13.835658073425293,13.835658073425293,13.835658073425293,13.835658073425293,1700,0.0,0.0
1999-06-09 00:00:00-04:00,13.835657947468308,14.010792858195755,13.66052303674086,13.923225402832031,3400,0.0,0.0
1999-06-10 00:00:00-04:00,13.485391616821289,13.485391616821289,13.485391616821289,13.485391616821289,200,0.0,0.0
1999-06-11 00:00:00-04:00,13.507280884604704,13.507280884604704,13.310254096984863,13.310254096984863,700,0.0,0.0
1999-06-14 00:00:00-04:00,13.35403823852539,13.485389434314165,13.35403823852539,13.35403823852539,700,0.0,0.0
1999-06-15 00:00:00-04:00,13.354036034337732,13.354036034337732,13.222684860229492,13.222684860229492,700,0.0,0.0
1999-06-16 00:00:00-04:00,13.222675997870308,13.222675997870308,12.259434700012207,12.259434700012207,5600,0.0,0.0
1999-06-17 00:00:00-04:00,12.522146843771898,12.522146843771898,10.770797634852752,11.47133731842041,8900,0.0,0.0
1999-06-18 00:00:00-04:00,11.208632581815944,11.296200023861381,11.121065139770508,11.121065139770508,1700,0.0,0.0
1999-06-21 00:00:00-04:00,11.29620252755972,11.383769989013672,11.208635066105769,11.383769989013672,1900,0.0,0.0
1999-06-22 00:00:00-04:00,11.383776126947618,11.646478652954102,11.383776126947618,11.646478652954102,900,0.0,0.0
1999-06-23 00:00:00-04:00,11.558904911921575,11.558904911921575,11.383769989013672,11.383769989013672,1600,0.0,0.0
1999-06-24 00:00:00-04:00,11.558908462524414,11.558908462524414,11.558908462524414,11.558908462524414,2000,0.0,0.0
1999-06-25 00:00:00-04:00,11.558908462524414,11.909178415934246,11.558908462524414,11.558908462524414,12600,0.0,0.0
1999-06-28 00:00:00-04:00,11.73403549194336,11.73403549194336,11.73403549194336,11.73403549194336,1100,0.0,0.0
1999-06-29 00:00:00-04:00,11.73403549194336,11.73403549194336,11.73403549194336,11.73403549194336,1300,0.0,0.0
1999-06-30 00:00:00-04:00,11.909173011779785,11.909173011779785,11.909173011779785,11.909173011779785,400,0.0,0.0
1999-07-01 00:00:00-04:00,11.996743202209473,11.996743202209473,11.996743202209473,11.996743202209473,1500,0.0,0.0
1999-07-02 00:00:00-04:00,12.171875357627869,12.171875357627869,11.909173011779785,11.909173011779785,2600,0.0,0.0
1999-07-06 00:00:00-04:00,12.43458138341489,12.43458138341489,12.084311485290527,12.084311485290527,11400,0.0,0.0
1999-07-07 00:00:00-04:00,12.43458094495408,12.43458094495408,12.259446002067403,12.347013473510742,2700,0.0,0.0
1999-07-08 00:00:00-04:00,12.43458094495408,12.43458094495408,12.347013473510742,12.347013473510742,8700,0.0,0.0
1999-07-09 00:00:00-04:00,12.434576988220215,12.434576988220215,12.434576988220215,12.434576988220215,700,0.0,0.0
1999-07-12 00:00:00-04:00,12.959984252327367,13.310254096984863,12.959984252327367,13.310254096984863,1400,0.0,0.0
1999-07-13 00:00:00-04:00,13.310254096984863,13.310254096984863,13.310254096984863,13.310254096984863,0,0.0,0.0
1999-07-14 00:00:00-04:00,13.310254096984863,13.310254096984863,13.310254096984863,13.310254096984863,0,0.0,0.0
1999-07-15 00:00:00-04:00,12.697281837463379,12.697281837463379,12.697281837463379,12.697281837463379,3100,0.0,0.0
1999-07-16 00:00:00-04:00,12.697284945855774,12.828636169433594,12.697284945855774,12.828636169433594,11600,0.0,0.0
1999-07-19 00:00:00-04:00,12.959985733032227,12.959985733032227,12.959985733032227,12.959985733032227,300,0.0,0.0
1999-07-20 00:00:00-04:00,13.135119142203495,13.135119142203495,12.697281837463379,12.697281837463379,5800,0.0,0.0
1999-07-21 00:00:00-04:00,13.310254096984863,13.485389019313612,13.310254096984863,13.310254096984863,1900,0.0,0.0
1999-07-22 00:00:00-04:00,13.310250795804539,13.660520553588867,13.310250795804539,13.660520553588867,500,0.0,0.0
1999-07-23 00:00:00-04:00,13.660523941642358,13.660523941642358,13.310254096984863,13.310254096984863,1300,0.0,0.0
1999-07-26 00:00:00-04:00,13.135117410823998,13.222684860229492,13.135117410823998,13.222684860229492,1700,0.0,0.0
1999-07-27 00:00:00-04:00,13.310254096984863,13.310254096984863,13.310254096984863,13.310254096984863,100,0.0,0.0
1999-07-28 00:00:00-04:00,13.310254096984863,13.310254096984863,13.310254096984863,13.310254096984863,0,0.0,0.0
1999-07-29 00:00:00-04:00,13.310254096984863,13.310254096984863,13.222686635820489,13.310254096984863,5400,0.0,0.0
1999-07-30 00:00:00-04:00,13.310252309634986,13.310252309634986,13.222684860229492,13.222684860229492,2100,0.0,0.0
1999-08-02 00:00:00-04:00,13.748089556662451,13.748089556662451,13.222684860229492,13.222684860229492,200,0.0,0.0
1999-08-03 00:00:00-04:00,13.222684860229492,13.222684860229492,13.222684860229492,13.222684860229492,0,0.0,0.0
1999-08-04 00:00:00-04:00,13.222684623369204,13.397819519042969,13.222684623369204,13.397819519042969,6000,0.0,0.0
1999-08-05 00:00:00-04:00,13.310257263183594,13.310257263183594,13.135122299194336,13.135122299194336,1300,0.0,0.0
1999-08-06 00:00:00-04:00,13.13511704745358,13.13511704745358,12.784847259521484,12.784847259521484,3300,0.0,0.0
1999-08-09 00:00:00-04:00,12.784847259521484,12.784847259521484,12.784847259521484,12.784847259521484,100,0.0,0.0
1999-08-10 00:00:00-04:00,12.959987335205078,13.135122299194336,12.959987335205078,13.135122299194336,200,0.0,0.0
1999-08-11 00:00:00-04:00,13.135122299194336,13.135122299194336,13.135122299194336,13.135122299194336,100,0.0,0.0
1999-08-12 00:00:00-04:00,13.135122299194336,13.135122299194336,13.135122299194336,13.135122299194336,100,0.0,0.0
1999-08-13 00:00:00-04:00,12.784847259521484,12.784847259521484,12.784847259521484,12.784847259521484,400,0.0,0.0
1999-08-16 00:00:00-04:00,12.784847259521484,12.784847259521484,12.784847259521484,12.784847259521484,0,0.0,0.0
1999-08-17 00:00:00-04:00,12.784847259521484,12.784847259521484,12.784847259521484,12.784847259521484,100,0.0,0.0
1999-08-18 00:00:00-04:00,12.959982153487532,12.959982153487532,12.784847259521484,12.784847259521484,200,0.0,0.0
1999-08-19 00:00:00-04:00,12.784847259521484,12.784847259521484,12.784847259521484,12.784847259521484,600,0.0,0.0
1999-08-20 00:00:00-04:00,12.434569481440953,12.434569481440953,12.259434700012207,12.259434700012207,300,0.0,0.0
1999-08-23 00:00:00-04:00,12.609712600708008,12.609712600708008,12.609712600708008,12.609712600708008,1000,0.0,0.0
1999-08-24 00:00:00-04:00,12.259434700012207,12.259434700012207,12.259434700012207,12.259434700012207,500,0.0,0.0
1999-08-25 00:00:00-04:00,12.259434700012207,12.259434700012207,12.259434700012207,12.259434700012207,200,0.0,0.0
1999-08-26 00:00:00-04:00,12.347013908883799,12.347013908883799,12.084311485290527,12.084311485290527,200,0.0,0.0
1999-08-27 00:00:00-04:00,12.084311485290527,12.084311485290527,12.084311485290527,12.084311485290527,2300,0.0,0.0
1999-08-30 00:00:00-04:00,12.105361938476562,12.105361938476562,12.105361938476562,12.105361938476562,1100,0.03,0.0
1999-08-31 00:00:00-04:00,12.10536503791809,12.10536503791809,11.929924964904785,11.929924964904785,2100,0.0,0.0
1999-09-01 00:00:00-04:00,11.9299219103827,12.105361938476562,11.9299219103827,12.105361938476562,2100,0.0,0.0
1999-09-02 00:00:00-04:00,11.929924964904785,11.929924964904785,11.929924964904785,11.929924964904785,300,0.0,0.0
1999-09-03 00:00:00-04:00,11.929924964904785,11.929924964904785,11.929924964904785,11.929924964904785,0,0.0,0.0
1999-09-07 00:00:00-04:00,12.01764360155378,12.280803680419922,12.01764360155378,12.280803680419922,700,0.0,0.0
1999-09-08 00:00:00-04:00,11.75448489189148,11.929924964904785,11.228164672851562,11.929924964904785,5000,0.0,0.0
1999-09-09 00:00:00-04:00,11.228160858154297,11.228160858154297,11.228160858154297,11.228160858154297,100,0.0,0.0
1999-09-10 00:00:00-04:00,11.228160858154297,11.228160858154297,11.228160858154297,11.228160858154297,0,0.0,0.0
1999-09-13 00:00:00-04:00,11.228160858154297,11.228160858154297,11.228160858154297,11.228160858154297,0,0.0,0.0
1999-09-14 00:00:00-04:00,11.228160858154297,11.228160858154297,11.228160858154297,11.228160858154297,0,0.0,0.0
1999-09-15 00:00:00-04:00,11.228160858154297,11.228160858154297,11.228160858154297,11.228160858154297,0,0.0,0.0
1999-09-16 00:00:00-04:00,11.228160858154297,11.228160858154297,11.228160858154297,11.228160858154297,0,0.0,0.0
1999-09-17 00:00:00-04:00,11.228160858154297,11.228160858154297,11.228160858154297,11.228160858154297,0,0.0,0.0
1999-09-20 00:00:00-04:00,11.228160858154297,11.228160858154297,11.228160858154297,11.228160858154297,0,0.0,0.0
1999-09-21 00:00:00-04:00,11.579044342041016,11.579044342041016,11.579044342041016,11.579044342041016,200,0.0,0.0
1999-09-22 00:00:00-04:00,11.579040884971619,11.579040884971619,11.228160858154297,11.228160858154297,1700,0.0,0.0
1999-09-23 00:00:00-04:00,11.228160858154297,11.228160858154297,11.228160858154297,11.228160858154297,1100,0.0,0.0
1999-09-24 00:00:00-04:00,11.22816134574718,11.75448140882908,11.22816134574718,11.66676139831543,2800,0.0,0.0
1999-09-27 00:00:00-04:00,11.66676139831543,11.66676139831543,11.66676139831543,11.66676139831543,0,0.0,0.0
1999-09-28 00:00:00-04:00,11.403597513834635,11.84219741821289,11.403597513834635,11.84219741821289,400,0.0,0.0
1999-09-29 00:00:00-04:00,11.666756654607838,11.666756654607838,10.175517082214355,10.175517082214355,10300,0.0,0.0
1999-09-30 00:00:00-04:00,10.263242172983896,10.263242172983896,9.824642080121336,9.912362098693848,48000,0.0,0.0
1999-10-01 00:00:00-04:00,10.526400293622698,10.526400293622698,9.824640274047852,9.824640274047852,12800,0.0,0.0
1999-10-04 00:00:00-04:00,10.701845219260768,10.701845219260768,10.00008487701416,10.00008487701416,5900,0.0,0.0
1999-10-05 00:00:00-04:00,10.000083420493386,10.175523480502042,9.649203300476074,9.649203300476074,2500,0.0,0.0
1999-10-06 00:00:00-04:00,9.6492050789498,9.82464517129434,9.6492050789498,9.73692512512207,5300,0.0,0.0
1999-10-07 00:00:00-04:00,9.736920271600995,9.912360276494708,9.736920271600995,9.824640274047852,14400,0.0,0.0
1999-10-08 00:00:00-04:00,9.824640274047852,9.824640274047852,9.824640274047852,9.824640274047852,0,0.0,0.0
1999-10-11 00:00:00-04:00,10.52640438079834,10.52640438079834,10.52640438079834,10.52640438079834,1000,0.0,0.0
1999-10-12 00:00:00-04:00,10.526406703851162,10.526406703851162,10.263246536254883,10.263246536254883,1100,0.0,0.0
1999-10-13 00:00:00-04:00,10.08780642452403,10.263246536254883,10.08780642452403,10.263246536254883,900,0.0,0.0
1999-10-14 00:00:00-04:00,10.175517082214355,10.175517082214355,10.175517082214355,10.175517082214355,1000,0.0,0.0
1999-10-15 00:00:00-04:00,10.175526480389456,10.526406703851162,10.175526480389456,10.263246536254883,15000,0.0,0.0
1999-10-18 00:00:00-04:00,10.263243848627264,11.579044342041016,10.263243848627264,11.579044342041016,3400,0.0,0.0
1999-10-19 00:00:00-04:00,11.228160858154297,11.228160858154297,11.228160858154297,11.228160858154297,1000,0.0,0.0
1999-10-20 00:00:00-04:00,11.228160858154297,11.228160858154297,11.228160858154297,11.228160858154297,0,0.0,0.0
1999-10-21 00:00:00-04:00,11.228160858154297,11.228160858154297,11.228160858154297,11.228160858154297,0,0.0,0.0
1999-10-22 00:00:00-04:00,10.87728500366211,10.87728500366211,10.87728500366211,10.87728500366211,200,0.0,0.0
1999-10-25 00:00:00-04:00,10.964999198913574,10.964999198913574,10.964999198913574,10.964999198913574,500,0.0,0.0
1999-10-26 00:00:00-04:00,10.964999198913574,10.964999198913574,10.964999198913574,10.964999198913574,200,0.0,0.0
1999-10-27 00:00:00-04:00,11.052719116210938,11.052719116210938,11.052719116210938,11.052719116210938,500,0.0,0.0
1999-10-28 00:00:00-04:00,11.228163608284884,11.31588363647461,11.228163608284884,11.31588363647461,4200,0.0,0.0
1999-10-29 00:00:00-04:00,11.31588363647461,11.31588363647461,11.31588363647461,11.31588363647461,0,0.0,0.0
1999-11-01 00:00:00-05:00,11.052719116210938,11.22815910218254,11.052719116210938,11.052719116210938,500,0.0,0.0
1999-11-02 00:00:00-05:00,11.052719116210938,11.052719116210938,11.052719116210938,11.052719116210938,0,0.0,0.0
1999-11-03 00:00:00-05:00,11.754480361938477,11.754480361938477,11.754480361938477,11.754480361938477,500,0.0,0.0
1999-11-04 00:00:00-05:00,11.754480361938477,11.754480361938477,11.754480361938477,11.754480361938477,0,0.0,0.0
1999-11-05 00:00:00-05:00,11.754480361938477,11.754480361938477,11.754480361938477,11.754480361938477,0,0.0,0.0
1999-11-08 00:00:00-05:00,11.31588363647461,11.31588363647461,11.31588363647461,11.31588363647461,200,0.0,0.0
1999-11-09 00:00:00-05:00,11.228160858154297,11.228160858154297,11.228160858154297,11.228160858154297,400,0.0,0.0
1999-11-10 00:00:00-05:00,11.491321563720703,11.491321563720703,11.491321563720703,11.491321563720703,400,0.0,0.0
1999-11-11 00:00:00-05:00,11.66676139831543,11.66676139831543,11.66676139831543,11.66676139831543,800,0.0,0.0
1999-11-12 00:00:00-05:00,11.491321563720703,11.491321563720703,11.491321563720703,11.491321563720703,1400,0.0,0.0
1999-11-15 00:00:00-05:00,11.491321563720703,11.491321563720703,11.491321563720703,11.491321563720703,0,0.0,0.0
1999-11-16 00:00:00-05:00,11.666762986563912,11.666762986563912,11.491322941653175,11.53518295288086,1500,0.0,0.0
1999-11-17 00:00:00-05:00,11.228160858154297,11.228160858154297,11.228160858154297,11.228160858154297,200,0.0,0.0
1999-11-18 00:00:00-05:00,11.557113647460938,11.557113647460938,11.557113647460938,11.557113647460938,300,0.0,0.0
1999-11-19 00:00:00-05:00,11.315883391244071,12.280803680419922,11.228163364955357,12.280803680419922,16100,0.0,0.0
1999-11-22 00:00:00-05:00,11.754480361938477,12.23694037679416,11.491320353835375,11.754480361938477,3400,0.0,0.0
1999-11-23 00:00:00-05:00,11.57904285934736,11.622902870178223,11.57904285934736,11.622902870178223,2700,0.0,0.0
1999-11-24 00:00:00-05:00,11.579041854194973,12.105361938476562,11.579041854194973,12.105361938476562,3900,0.0,0.0
1999-11-26 00:00:00-05:00,11.579044342041016,11.579044342041016,11.579044342041016,11.579044342041016,1500,0.0,0.0
1999-11-29 00:00:00-05:00,11.579044342041016,12.368524638089267,11.579044342041016,11.579044342041016,8300,0.0,0.0
1999-11-30 00:00:00-05:00,12.587823867797852,12.587823867797852,12.105363719554727,12.587823867797852,5000,0.0,0.0
1999-12-01 00:00:00-05:00,12.105361938476562,12.105361938476562,12.105361938476562,12.105361938476562,1200,0.0,0.0
1999-12-02 00:00:00-05:00,12.10536503791809,12.10536503791809,11.929924964904785,11.929924964904785,700,0.0,0.0
1999-12-03 00:00:00-05:00,11.579041854194973,12.105361938476562,11.579041854194973,12.105361938476562,5100,0.0,0.0
1999-12-06 00:00:00-05:00,11.579044342041016,12.280804605195017,11.579044342041016,11.579044342041016,3200,0.0,0.0
1999-12-07 00:00:00-05:00,11.929924473618016,12.631684736772018,11.579044342041016,11.579044342041016,9600,0.0,0.0
1999-12-08 00:00:00-05:00,11.579044342041016,11.579044342041016,11.579044342041016,11.579044342041016,300,0.0,0.0
1999-12-09 00:00:00-05:00,11.579040356536408,12.017640370041576,11.579040356536408,11.754480361938477,3100,0.0,0.0
1999-12-10 00:00:00-05:00,12.105361938476562,12.105361938476562,11.754481882288836,12.105361938476562,1200,0.0,0.0
1999-12-13 00:00:00-05:00,12.105361938476562,12.105361938476562,12.105361938476562,12.105361938476562,0,0.0,0.0
1999-12-14 00:00:00-05:00,12.01764488220215,12.01764488220215,12.01764488220215,12.017644882202148,2000,0.0,0.0
1999-12-15 00:00:00-05:00,11.929924964904785,12.456245183944702,11.929924964904785,11.929924964904785,2200,0.0,0.0
1999-12-16 00:00:00-05:00,12.324665129184723,12.324665129184723,11.929924964904785,11.929924964904785,1300,0.0,0.0
1999-12-17 00:00:00-05:00,11.929923575265066,12.280803680419922,11.929923575265066,12.280803680419922,3000,0.0,0.0
1999-12-20 00:00:00-05:00,12.280803680419922,12.280803680419922,12.280803680419922,12.280803680419922,100,0.0,0.0
1999-12-21 00:00:00-05:00,12.038280487060547,12.301892468529026,12.038280487060547,12.038280487060547,4200,0.03,0.0
1999-12-22 00:00:00-05:00,11.950413180069184,12.47763729095459,11.950413180069184,12.47763729095459,300,0.0,0.0
1999-12-23 00:00:00-05:00,11.950407981872559,12.301890569574693,11.950407981872559,11.950407981872559,600,0.0,0.0
1999-12-27 00:00:00-05:00,11.950407981872559,11.950407981872559,11.950407981872559,11.950407981872559,200,0.0,0.0
1999-12-28 00:00:00-05:00,11.950407981872559,11.950407981872559,11.950407981872559,11.950407981872559,100,0.0,0.0
1999-12-29 00:00:00-05:00,11.950407981872559,11.950407981872559,11.950407981872559,11.950407981872559,0,0.0,0.0
1999-12-30 00:00:00-05:00,12.301896274953648,13.00486177637957,12.126154899597168,12.126154899597168,9300,0.0,0.0
1999-12-31 00:00:00-05:00,12.126154899597168,12.126154899597168,12.126154899597168,12.126154899597168,0,0.0,0.0
2000-01-03 00:00:00-05:00,12.126152337233792,12.65337635189613,12.126152337233792,12.345829010009766,13400,0.0,0.0
2000-01-04 00:00:00-05:00,12.411732157214885,12.411732157214885,12.170087814331055,12.170087814331055,2300,0.0,0.0
2000-01-05 00:00:00-05:00,12.389767460056119,12.565508842468262,12.389767460056119,12.565508842468262,600,0.0,0.0
2000-01-06 00:00:00-05:00,12.301886558532715,12.301886558532715,12.038274703707014,12.301886558532715,5600,0.0,0.0
2000-01-07 00:00:00-05:00,12.301886558532715,12.301886558532715,12.301886558532715,12.301886558532715,0,0.0,0.0
2000-01-10 00:00:00-05:00,12.389763129018519,12.653375110486998,12.038280487060547,12.038280487060547,500,0.0,0.0
2000-01-11 00:00:00-05:00,12.038284211918926,12.74124971334485,12.038284211918926,12.126154899597168,2000,0.0,0.0
2000-01-12 00:00:00-05:00,12.214025587275408,12.477637650310129,12.126154899597168,12.126154899597168,5000,0.0,0.0
2000-01-13 00:00:00-05:00,12.126154899597168,12.126154899597168,12.126154899597168,12.126154899597168,400,0.0,0.0
2000-01-14 00:00:00-05:00,12.12615114755004,12.12615114755004,12.038280487060547,12.038280487060547,500,0.0,0.0
2000-01-18 00:00:00-05:00,12.126154899597168,12.65337902566661,12.126154899597168,12.126154899597168,2800,0.0,0.0
2000-01-19 00:00:00-05:00,12.038278483658386,12.389761067122864,11.950407837792266,12.214019775390625,2700,0.0,0.0
2000-01-20 00:00:00-05:00,11.950407981872559,11.950407981872559,11.950407981872559,11.950407981872559,1200,0.0,0.0
2000-01-21 00:00:00-05:00,11.95041400402576,12.565508842468262,11.95041400402576,12.565508842468262,1800,0.0,0.0
2000-01-24 00:00:00-05:00,11.950408081510174,11.950408081510174,11.774666786193848,11.774666786193848,1500,0.0,0.0
2000-01-25 00:00:00-05:00,11.950413524240686,12.126154899597168,11.950413524240686,12.126154899597168,1700,0.0,0.0
2000-01-26 00:00:00-05:00,12.126149129524505,12.214019775390625,11.950407837792266,12.214019775390625,5500,0.0,0.0
2000-01-27 00:00:00-05:00,12.126154550364319,12.47763729095459,11.950413180069184,12.47763729095459,5400,0.0,0.0
2000-01-28 00:00:00-05:00,12.47763729095459,12.47763729095459,12.47763729095459,12.47763729095459,0,0.0,0.0
2000-01-31 00:00:00-05:00,11.950407981872559,11.950407981872559,11.950407981872559,11.950407981872559,300,0.0,0.0
2000-02-01 00:00:00-05:00,11.774666786193848,11.774666786193848,11.774666786193848,11.774666786193848,100,0.0,0.0
2000-02-02 00:00:00-05:00,11.598929405212402,11.598929405212402,11.511058727900187,11.598929405212402,8300,0.0,0.0
2000-02-03 00:00:00-05:00,11.598929405212402,11.598929405212402,11.598929405212402,11.598929405212402,0,0.0,0.0
2000-02-04 00:00:00-05:00,11.598929405212402,11.598929405212402,11.598929405212402,11.598929405212402,800,0.0,0.0
2000-02-07 00:00:00-05:00,11.247443585356406,11.247443585356406,10.544478361271631,10.632349014282227,2400,0.0,0.0
2000-02-08 00:00:00-05:00,10.632348749372696,10.632348749372696,9.490030288696289,9.490030288696289,3600,0.0,0.0
2000-02-09 00:00:00-05:00,10.017254193623861,10.017254193623861,9.490030288696289,9.490030288696289,3900,0.0,0.0
2000-02-10 00:00:00-05:00,9.841512891981338,9.841512891981338,9.490030288696289,9.490030288696289,1300,0.0,0.0
2000-02-11 00:00:00-05:00,9.314287259028509,9.314287259028509,9.138545989990234,9.138545989990234,3100,0.0,0.0
2000-02-14 00:00:00-05:00,8.830999076366425,8.830999076366425,8.43558120727539,8.43558120727539,900,0.0,0.0
2000-02-15 00:00:00-05:00,8.655260882479078,8.655260882479078,8.259842872619629,8.259842872619629,54100,0.0,0.0
2000-02-16 00:00:00-05:00,8.918871488571167,8.918871488571167,8.435582885742187,8.787065505981445,4900,0.0,0.0
2000-02-17 00:00:00-05:00,8.962805032730103,8.962805032730103,8.43558120727539,8.43558120727539,7200,0.0,0.0
2000-02-18 00:00:00-05:00,8.523451844851177,8.523451844851177,8.347710569699606,8.43558120727539,51100,0.0,0.0
2000-02-22 00:00:00-05:00,8.699196216907907,8.787066885765563,8.084101534904317,8.259842872619629,110700,0.0,0.0
2000-02-23 00:00:00-05:00,8.08409865697225,8.43558120727539,8.08409865697225,8.43558120727539,1300,0.0,0.0
2000-02-24 00:00:00-05:00,8.435584358547045,8.435584358547045,8.084101676940918,8.084101676940918,1300,0.0,0.0
2000-02-25 00:00:00-05:00,8.435582574808372,9.314289093017578,8.435582574808372,9.314289093017578,13100,0.0,0.0
2000-02-28 00:00:00-05:00,9.335426454958709,9.335426454958709,8.102445602416992,8.102445602416992,9700,0.03,0.0
2000-02-29 00:00:00-05:00,8.630866659448502,8.630866659448502,8.278586387634277,8.278586387634277,1200,0.0,0.0
2000-03-01 00:00:00-05:00,8.278584221998852,8.498759334286055,8.278584221998852,8.454724311828613,8300,0.0,0.0
2000-03-02 00:00:00-05:00,8.454724311828613,8.454724311828613,8.454724311828613,8.454724311828613,100,0.0,0.0
2000-03-03 00:00:00-05:00,8.630863189697266,8.630863189697266,8.630863189697266,8.630863189697266,300,0.0,0.0
2000-03-06 00:00:00-05:00,8.454724311828613,8.454724311828613,8.454724311828613,8.454724311828613,100,0.0,0.0
2000-03-07 00:00:00-05:00,8.454723124601403,8.630863189697266,8.454723124601403,8.630863189697266,1400,0.0,0.0
2000-03-08 00:00:00-05:00,8.630863189697266,8.630863189697266,8.630863189697266,8.630863189697266,0,0.0,0.0
2000-03-09 00:00:00-05:00,8.454724311828613,8.454724311828613,8.454724311828613,8.454724311828613,800,0.0,0.0
2000-03-10 00:00:00-05:00,8.19051251411438,8.19051251411438,7.397882270812988,7.926302433013916,14300,0.0,0.0
2000-03-13 00:00:00-05:00,7.926302433013916,8.102442487080893,7.926302433013916,7.926302433013916,1400,0.0,0.0
2000-03-14 00:00:00-05:00,7.926305480625318,8.102445602416992,7.926305480625318,8.102445602416992,17800,0.0,0.0
2000-03-15 00:00:00-05:00,7.926305480625318,8.102445602416992,7.926305480625318,8.102445602416992,400,0.0,0.0
2000-03-16 00:00:00-05:00,7.750164031982422,8.014374169436369,7.66209398616444,7.750164031982422,33000,0.0,0.0
2000-03-17 00:00:00-05:00,7.926302433013916,7.926302433013916,7.926302433013916,7.926302433013916,1000,0.0,0.0
2000-03-20 00:00:00-05:00,7.397886276245117,7.397886276245117,7.397886276245117,7.397886276245117,3500,0.0,0.0
2000-03-21 00:00:00-05:00,7.662096977233887,7.662096977233887,7.662096977233887,7.662096977233887,500,0.0,0.0
2000-03-22 00:00:00-05:00,7.662096977233887,7.662096977233887,7.662096977233887,7.662096977233887,0,0.0,0.0
2000-03-23 00:00:00-05:00,7.574023940346458,7.750164031982422,7.485953894528476,7.750164031982422,9100,0.0,0.0
2000-03-24 00:00:00-05:00,7.750164031982422,7.750164031982422,7.750164031982422,7.750164031982422,0,0.0,0.0
2000-03-27 00:00:00-05:00,7.5740252587853405,7.5740252587853405,7.221745014190674,7.221745014190674,7200,0.0,0.0
2000-03-28 00:00:00-05:00,7.574025878906251,8.8070068359375,7.3978857421875,8.8070068359375,18800,0.0,0.0
2000-03-29 00:00:00-05:00,9.159282684326172,9.159282684326172,8.454722477839544,9.159282684326172,4300,0.0,0.0
2000-03-30 00:00:00-05:00,8.454724480124082,8.983144760131836,8.454724480124082,8.983144760131836,3200,0.0,0.0
2000-03-31 00:00:00-05:00,8.983146091677106,9.335426330566406,8.807005972232458,9.335426330566406,4400,0.0,0.0
2000-04-03 00:00:00-04:00,8.807003254793127,9.335423450080715,8.630863189697266,8.630863189697266,4900,0.0,0.0
2000-04-04 00:00:00-04:00,8.807003254793127,8.807003254793127,8.630863189697266,8.630863189697266,5200,0.0,0.0
2000-04-05 00:00:00-04:00,8.630864573459998,8.983144760131836,8.630864573459998,8.983144760131836,10400,0.0,0.0
2000-04-06 00:00:00-04:00,8.98314697265625,9.159287109375,8.8070068359375,8.8070068359375,2600,0.0,0.0
2000-04-07 00:00:00-04:00,9.159287109375,9.324418487548828,8.8070068359375,8.8070068359375,2000,0.0,0.0
2000-04-10 00:00:00-04:00,8.8070068359375,8.8070068359375,8.8070068359375,8.8070068359375,2000,0.0,0.0
2000-04-11 00:00:00-04:00,8.8070068359375,8.8070068359375,8.8070068359375,8.8070068359375,0,0.0,0.0
2000-04-12 00:00:00-04:00,8.278584221998852,8.454724311828613,8.278584221998852,8.454724311828613,1700,0.0,0.0
2000-04-13 00:00:00-04:00,8.102445477816328,8.762970924377441,8.014375418274845,8.762970924377441,1100,0.0,0.0
2000-04-14 00:00:00-04:00,8.718932676315308,8.807002703348795,7.926302433013916,7.926302433013916,6300,0.0,0.0
2000-04-17 00:00:00-04:00,7.926304123618387,8.10244421525435,7.574023940346458,7.750164031982422,12200,0.0,0.0
2000-04-18 00:00:00-04:00,7.926302433013916,7.926302433013916,7.926302433013916,7.926302433013916,500,0.0,0.0
2000-04-19 00:00:00-04:00,7.750164031982422,7.750164031982422,7.750164031982422,7.750164031982422,100,0.0,0.0
2000-04-20 00:00:00-04:00,7.750164031982422,8.10244421525435,7.750164031982422,7.750164031982422,16200,0.0,0.0
2000-04-24 00:00:00-04:00,7.750164031982422,7.750164031982422,7.750164031982422,7.750164031982422,200,0.0,0.0
2000-04-25 00:00:00-04:00,8.102442487080893,8.102442487080893,7.926302433013916,7.926302433013916,5000,0.0,0.0
2000-04-26 00:00:00-04:00,7.750164031982422,7.750164031982422,7.750164031982422,7.750164031982422,500,0.0,0.0
2000-04-27 00:00:00-04:00,7.926305480625318,8.102445602416992,7.926305480625318,8.102445602416992,2600,0.0,0.0
2000-04-28 00:00:00-04:00,7.574027061462402,7.574027061462402,7.574027061462402,7.574027061462402,200,0.0,0.0
2000-05-01 00:00:00-04:00,7.574027061462402,7.574027061462402,7.574027061462402,7.574027061462402,0,0.0,0.0
2000-05-02 00:00:00-04:00,7.926306086740676,7.926306086740676,6.9135003089904785,6.9135003089904785,2500,0.0,0.0
2000-05-03 00:00:00-04:00,7.397885136488007,7.397885136488007,7.221745014190674,7.221745014190674,2200,0.0,0.0
2000-05-04 00:00:00-04:00,7.045604705810547,7.045604705810547,7.045604705810547,7.045604705810547,500,0.0,0.0
2000-05-05 00:00:00-04:00,7.045604705810547,7.397884941101074,7.045604705810547,7.045604705810547,400,0.0,0.0
2000-05-08 00:00:00-04:00,7.045604705810547,7.045604705810547,7.045604705810547,7.045604705810547,100,0.0,0.0
2000-05-09 00:00:00-04:00,7.045604705810547,7.045604705810547,7.045604705810547,7.045604705810547,1300,0.0,0.0
2000-05-10 00:00:00-04:00,7.045604705810547,7.045604705810547,7.045604705810547,7.045604705810547,0,0.0,0.0
2000-05-11 00:00:00-04:00,7.221745014190674,7.221745014190674,7.221745014190674,7.221745014190674,200,0.0,0.0
2000-05-12 00:00:00-04:00,7.221745014190674,7.221745014190674,7.221745014190674,7.221745014190674,0,0.0,0.0
2000-05-15 00:00:00-04:00,7.22174375707453,7.750164031982422,7.22174375707453,7.750164031982422,1900,0.0,0.0
2000-05-16 00:00:00-04:00,7.750164031982422,7.750164031982422,7.750164031982422,7.750164031982422,3900,0.0,0.0
2000-05-17 00:00:00-04:00,7.221745014190674,7.221745014190674,7.221745014190674,7.221745014190674,400,0.0,0.0
2000-05-18 00:00:00-04:00,7.5740252587853405,7.750165381082674,7.221745014190674,7.221745014190674,2300,0.0,0.0
2000-05-19 00:00:00-04:00,7.574027061462402,7.574027061462402,7.574027061462402,7.574027061462402,2000,0.0,0.0
2000-05-22 00:00:00-04:00,7.309814929962159,7.309814929962159,7.309814929962159,7.309814929962158,100,0.0,0.0
2000-05-23 00:00:00-04:00,7.397886276245117,7.397886276245117,7.397886276245117,7.397886276245117,100,0.0,0.0
2000-05-24 00:00:00-04:00,7.221745014190674,7.221745014190674,7.221745014190674,7.221745014190674,600,0.0,0.0
2000-05-25 00:00:00-04:00,7.221745014190674,7.221745014190674,7.221745014190674,7.221745014190674,600,0.0,0.0
2000-05-26 00:00:00-04:00,7.221745014190674,7.221745014190674,7.221745014190674,7.221745014190674,500,0.0,0.0
2000-05-30 00:00:00-04:00,7.419600009918213,7.419600009918213,7.419600009918213,7.419600009918213,900,0.03,0.0
2000-05-31 00:00:00-04:00,7.419600009918213,7.5962571530115035,7.419600009918213,7.419600009918213,6400,0.0,0.0
2000-06-01 00:00:00-04:00,7.441680339879769,7.5962553024292,7.441680339879769,7.596255302429199,1900,0.0,0.0
2000-06-02 00:00:00-04:00,8.12623119354248,8.12623119354248,8.12623119354248,8.12623119354248,400,0.0,0.0
2000-06-05 00:00:00-04:00,7.419600009918213,7.419600009918213,7.419600009918213,7.419600009918213,300,0.0,0.0
2000-06-06 00:00:00-04:00,7.684585094451903,7.684585094451903,7.684585094451903,7.684585094451904,500,0.0,0.0
2000-06-07 00:00:00-04:00,7.684585094451903,7.684585094451903,7.684585094451903,7.684585094451904,0,0.0,0.0
2000-06-08 00:00:00-04:00,7.684585094451903,7.684585094451903,7.684585094451903,7.684585094451904,0,0.0,0.0
2000-06-09 00:00:00-04:00,7.684585094451903,7.684585094451903,7.684585094451903,7.684585094451904,0,0.0,0.0
2000-06-12 00:00:00-04:00,7.684585094451903,7.684585094451903,7.684585094451903,7.684585094451904,0,0.0,0.0
2000-06-13 00:00:00-04:00,7.684585094451903,7.684585094451903,7.684585094451903,7.684585094451904,0,0.0,0.0
2000-06-14 00:00:00-04:00,7.684585094451903,7.684585094451903,7.684585094451903,7.684585094451904,0,0.0,0.0
2000-06-15 00:00:00-04:00,7.684585094451903,7.684585094451903,7.684585094451903,7.684585094451904,0,0.0,0.0
2000-06-16 00:00:00-04:00,7.684585094451903,7.684585094451903,7.684585094451903,7.684585094451904,0,0.0,0.0
2000-06-19 00:00:00-04:00,7.684585094451903,7.684585094451903,7.684585094451903,7.684585094451904,0,0.0,0.0
2000-06-20 00:00:00-04:00,7.507930278778076,7.507930278778076,7.507930278778076,7.507930278778076,1500,0.0,0.0
2000-06-21 00:00:00-04:00,7.507930278778076,7.507930278778076,7.507930278778076,7.507930278778076,0,0.0,0.0
2000-06-22 00:00:00-04:00,7.596258870293113,7.596258870293113,7.507930278778076,7.507930278778076,5500,0.0,0.0
2000-06-23 00:00:00-04:00,7.507930278778076,7.507930278778076,7.507930278778076,7.507930278778076,1500,0.0,0.0
2000-06-26 00:00:00-04:00,7.596260594158638,7.596260594158638,7.242946147918701,7.242946147918701,700,0.0,0.0
2000-06-27 00:00:00-04:00,7.066283702850342,7.066283702850342,7.066283702850342,7.066283702850342,300,0.0,0.0
2000-06-28 00:00:00-04:00,7.419600009918213,7.772914296104794,7.419600009918213,7.419600009918213,1000,0.0,0.0
2000-06-29 00:00:00-04:00,7.419598202372707,7.5962553024292,7.419598202372707,7.596255302429199,1400,0.0,0.0
2000-06-30 00:00:00-04:00,7.949571439198085,7.949571439198085,7.419600009918213,7.419600009918213,1100,0.0,0.0
2000-07-03 00:00:00-04:00,7.419600009918213,7.419600009918213,7.419600009918213,7.419600009918213,0,0.0,0.0
2000-07-05 00:00:00-04:00,7.419600009918213,7.507928581464858,7.419600009918213,7.419600009918213,8400,0.0,0.0
2000-07-06 00:00:00-04:00,7.41960168726304,7.507930278778076,7.41960168726304,7.507930278778076,9800,0.0,0.0
2000-07-07 00:00:00-04:00,7.507930278778076,7.507930278778076,7.507930278778076,7.507930278778076,100,0.0,0.0
2000-07-10 00:00:00-04:00,7.507930278778076,7.507930278778076,7.507930278778076,7.507930278778076,0,0.0,0.0
2000-07-11 00:00:00-04:00,7.331273095748004,7.507930278778076,7.331273095748004,7.507930278778076,7800,0.0,0.0
2000-07-12 00:00:00-04:00,7.507930278778076,7.507930278778076,7.507930278778076,7.507930278778076,200,0.0,0.0
2000-07-13 00:00:00-04:00,7.331273078918457,7.331273078918457,7.331273078918457,7.331273078918457,100,0.0,0.0
2000-07-14 00:00:00-04:00,7.331273078918457,7.331273078918457,7.331273078918457,7.331273078918457,4500,0.0,0.0
2000-07-17 00:00:00-04:00,7.5079309940338135,8.12623119354248,7.5079309940338135,8.12623119354248,4500,0.0,0.0
2000-07-18 00:00:00-04:00,7.949573993682861,8.12623119354248,7.949573993682861,8.12623119354248,1900,0.0,0.0
2000-07-19 00:00:00-04:00,7.949573993682861,8.832859992980957,7.949573993682861,8.12623119354248,2100,0.0,0.0
2000-07-20 00:00:00-04:00,8.12623119354248,8.12623119354248,8.12623119354248,8.12623119354248,0,0.0,0.0
2000-07-21 00:00:00-04:00,8.302887916564941,8.302887916564941,8.302887916564941,8.302887916564941,400,0.0,0.0
2000-07-24 00:00:00-04:00,8.302887531427237,9.186173439025879,8.302887531427237,9.186173439025879,9700,0.0,0.0
2000-07-25 00:00:00-04:00,8.12623119354248,8.12623119354248,8.12623119354248,8.12623119354248,300,0.0,0.0
2000-07-26 00:00:00-04:00,8.12623119354248,8.12623119354248,8.12623119354248,8.12623119354248,0,0.0,0.0
2000-07-27 00:00:00-04:00,8.567876815795898,8.567876815795898,8.567876815795898,8.567876815795898,100,0.0,0.0
2000-07-28 00:00:00-04:00,8.302887916564941,8.302887916564941,8.302887916564941,8.302887916564941,400,0.0,0.0
2000-07-31 00:00:00-04:00,8.479540824890137,8.479540824890137,8.479540824890137,8.479540824890137,900,0.0,0.0
2000-08-01 00:00:00-04:00,9.009509086608887,9.186166127522787,8.567866484324139,9.009509086608887,6400,0.0,0.0
2000-08-02 00:00:00-04:00,9.009509086608887,9.009509086608887,9.009509086608887,9.009509086608887,0,0.0,0.0
2000-08-03 00:00:00-04:00,9.009509086608887,9.009509086608887,9.009509086608887,9.009509086608887,0,0.0,0.0
2000-08-04 00:00:00-04:00,7.9495720863342285,7.9495720863342285,7.9495720863342285,7.9495720863342285,100,0.0,0.0
2000-08-07 00:00:00-04:00,8.479540824890137,8.479540824890137,8.479540824890137,8.479540824890137,500,0.0,0.0
2000-08-08 00:00:00-04:00,8.479540824890137,8.479540824890137,8.479540824890137,8.479540824890137,0,0.0,0.0
2000-08-09 00:00:00-04:00,8.479540824890137,8.479540824890137,8.479540824890137,8.479540824890137,0,0.0,0.0
2000-08-10 00:00:00-04:00,8.214555358886718,8.391212463378906,8.214555358886718,8.391212463378906,2900,0.0,0.0
2000-08-11 00:00:00-04:00,8.391212463378906,8.391212463378906,8.391212463378906,8.391212463378906,0,0.0,0.0
2000-08-14 00:00:00-04:00,8.391212463378906,8.391212463378906,8.391212463378906,8.391212463378906,0,0.0,0.0
2000-08-15 00:00:00-04:00,8.832859992980957,8.832859992980957,8.12623119354248,8.12623119354248,5200,0.0,0.0
2000-08-16 00:00:00-04:00,8.12623119354248,8.12623119354248,8.12623119354248,8.12623119354248,0,0.0,0.0
2000-08-17 00:00:00-04:00,8.126228542118282,8.126228542118282,8.0378999710083,8.0378999710083,900,0.0,0.0
2000-08-18 00:00:00-04:00,8.170392827673272,8.170392827673272,7.772914257678357,8.0378999710083,12800,0.0,0.0
2000-08-21 00:00:00-04:00,8.479540824890137,8.479540824890137,8.479540824890137,8.479540824890137,200,0.0,0.0
2000-08-22 00:00:00-04:00,8.479540824890137,8.479540824890137,8.479540824890137,8.479540824890137,0,0.0,0.0
2000-08-23 00:00:00-04:00,7.5962553024292,7.5962553024292,7.5962553024292,7.596255302429199,100,0.0,0.0
2000-08-24 00:00:00-04:00,7.5962553024292,7.5962553024292,7.5962553024292,7.596255302429199,300,0.0,0.0
2000-08-25 00:00:00-04:00,7.5962553024292,7.5962553024292,7.5962553024292,7.596255302429199,100,0.0,0.0
2000-08-28 00:00:00-04:00,8.082062348723412,8.479540824890137,8.082062348723412,8.479540824890137,10100,0.0,0.0
2000-08-29 00:00:00-04:00,7.5962553024292,7.5962553024292,7.5962553024292,7.596255302429199,300,0.0,0.0
2000-08-30 00:00:00-04:00,7.617514133453369,7.617514133453369,7.617514133453369,7.617514133453369,100,0.03,0.0
2000-08-31 00:00:00-04:00,7.617514133453369,7.617514133453369,7.617514133453369,7.617514133453369,0,0.0,0.0
2000-09-01 00:00:00-04:00,7.617514133453369,7.617514133453369,7.617514133453369,7.617514133453369,200,0.0,0.0
2000-09-05 00:00:00-04:00,7.617514133453369,7.617514133453369,7.617514133453369,7.617514133453369,0,0.0,0.0
2000-09-06 00:00:00-04:00,8.326126098632812,8.326126098632812,8.326126098632812,8.326126098632812,200,0.0,0.0
2000-09-07 00:00:00-04:00,7.617514133453369,7.617514133453369,7.617514133453369,7.617514133453369,100,0.0,0.0
2000-09-08 00:00:00-04:00,7.971820831298827,7.971820831298827,7.971820831298827,7.971820831298828,7600,0.0,0.0
2000-09-11 00:00:00-04:00,7.883241370666859,7.883241370666859,7.617514133453369,7.617514133453369,1000,0.0,0.0
2000-09-12 00:00:00-04:00,7.971820831298827,7.971820831298827,7.971820831298827,7.971820831298828,600,0.0,0.0
2000-09-13 00:00:00-04:00,7.971820831298827,7.971820831298827,7.971820831298827,7.971820831298828,500,0.0,0.0
2000-09-14 00:00:00-04:00,8.016105673529886,8.016105673529886,7.794666290283203,7.794666290283203,3400,0.0,0.0
2000-09-15 00:00:00-04:00,7.971820831298827,7.971820831298827,7.971820831298827,7.971820831298828,1400,0.0,0.0
2000-09-18 00:00:00-04:00,8.326126098632812,8.326126098632812,8.326126098632812,8.326126098632812,400,0.0,0.0
2000-09-19 00:00:00-04:00,7.971821936165415,7.971821936165415,7.2632155418396,7.2632155418396,5000,0.0,0.0
2000-09-20 00:00:00-04:00,7.26321115611512,7.351786901921402,7.174635410308839,7.174635410308838,5900,0.0,0.0
2000-09-21 00:00:00-04:00,7.440364360809326,7.440364360809326,7.440364360809326,7.440364360809326,1000,0.0,0.0
2000-09-22 00:00:00-04:00,7.440364360809326,7.440364360809326,7.440364360809326,7.440364360809326,0,0.0,0.0
2000-09-25 00:00:00-04:00,7.440364360809326,7.440364360809326,7.440364360809326,7.440364360809326,0,0.0,0.0
2000-09-26 00:00:00-04:00,7.440364360809326,7.440364360809326,7.440364360809326,7.440364360809326,0,0.0,0.0
2000-09-27 00:00:00-04:00,7.440364360809326,7.440364360809326,7.440364360809326,7.440364360809326,0,0.0,0.0
2000-09-28 00:00:00-04:00,7.440364360809326,7.440364360809326,7.440364360809326,7.440364360809326,0,0.0,0.0
2000-09-29 00:00:00-04:00,7.440364360809326,7.440364360809326,7.440364360809326,7.440364360809326,0,0.0,0.0
2000-10-02 00:00:00-04:00,7.440364360809326,7.440364360809326,7.440364360809326,7.440364360809326,0,0.0,0.0
2000-10-03 00:00:00-04:00,7.44036264197771,8.148968607880349,7.44036264197771,7.617514133453369,4400,0.0,0.0
2000-10-04 00:00:00-04:00,7.617514133453369,7.617514133453369,7.617514133453369,7.617514133453369,0,0.0,0.0
2000-10-05 00:00:00-04:00,7.617514133453369,7.617514133453369,7.617514133453369,7.617514133453369,0,0.0,0.0
2000-10-06 00:00:00-04:00,7.440364360809326,7.440364360809326,7.440364360809326,7.440364360809326,100,0.0,0.0
2000-10-09 00:00:00-04:00,7.440364360809326,7.440364360809326,7.440364360809326,7.440364360809326,0,0.0,0.0
2000-10-10 00:00:00-04:00,7.44036264197771,7.79466562492903,7.44036264197771,7.617514133453369,5500,0.0,0.0
2000-10-11 00:00:00-04:00,7.617514133453369,7.617514133453369,7.617514133453369,7.617514133453369,0,0.0,0.0
2000-10-12 00:00:00-04:00,7.617514133453369,7.617514133453369,7.617514133453369,7.617514133453369,600,0.0,0.0
2000-10-13 00:00:00-04:00,7.097133636474609,7.097133636474609,7.097133636474609,7.097133636474609,400,0.0,0.0
2000-10-16 00:00:00-04:00,8.148970603942871,8.148970603942871,8.148970603942871,8.148970603942871,2700,0.0,0.0
2000-10-17 00:00:00-04:00,8.148970603942871,8.148970603942871,8.148970603942871,8.148970603942871,0,0.0,0.0
2000-10-18 00:00:00-04:00,8.148970603942871,8.148970603942871,8.148970603942871,8.148970603942871,200,0.0,0.0
2000-10-19 00:00:00-04:00,8.148970603942871,8.148970603942871,8.148970603942871,8.148970603942871,0,0.0,0.0
2000-10-20 00:00:00-04:00,7.617514133453369,7.617514133453369,7.617514133453369,7.617514133453369,200,0.0,0.0
2000-10-23 00:00:00-04:00,7.617514133453369,7.617514133453369,7.617514133453369,7.617514133453369,0,0.0,0.0
2000-10-24 00:00:00-04:00,7.794666290283203,7.794666290283203,7.794666290283203,7.794666290283203,5000,0.0,0.0
2000-10-25 00:00:00-04:00,7.617514133453369,7.617514133453369,7.617514133453369,7.617514133453369,2200,0.0,0.0
2000-10-26 00:00:00-04:00,7.617514133453369,7.617514133453369,7.617514133453369,7.617514133453369,1200,0.0,0.0
2000-10-27 00:00:00-04:00,7.971819069074547,8.148970603942871,7.971819069074547,8.148970603942871,12300,0.0,0.0
2000-10-30 00:00:00-05:00,8.148970603942871,8.148970603942871,8.148970603942871,8.148970603942871,0,0.0,0.0
2000-10-31 00:00:00-05:00,8.148970603942871,8.148970603942871,8.148970603942871,8.148970603942871,0,0.0,0.0
2000-11-01 00:00:00-05:00,7.883242043581876,7.883242043581876,7.794666290283203,7.794666290283203,300,0.0,0.0
2000-11-02 00:00:00-05:00,7.794666290283203,7.794666290283203,7.794666290283203,7.794666290283203,0,0.0,0.0
2000-11-03 00:00:00-05:00,7.794666290283203,7.794666290283203,7.794666290283203,7.794666290283203,0,0.0,0.0
2000-11-06 00:00:00-05:00,7.794666290283203,7.794666290283203,7.794666290283203,7.794666290283203,0,0.0,0.0
2000-11-07 00:00:00-05:00,7.794666290283203,7.794666290283203,7.794666290283203,7.794666290283203,0,0.0,0.0
2000-11-08 00:00:00-05:00,7.794666290283203,7.794666290283203,7.794666290283203,7.794666290283203,0,0.0,0.0
2000-11-09 00:00:00-05:00,7.794666290283203,7.794666290283203,7.794666290283203,7.794666290283203,0,0.0,0.0
2000-11-10 00:00:00-05:00,7.794666290283203,7.794666290283203,7.794666290283203,7.794666290283203,0,0.0,0.0
2000-11-13 00:00:00-05:00,7.794666290283203,7.794666290283203,7.794666290283203,7.794666290283203,0,0.0,0.0
2000-11-14 00:00:00-05:00,8.14897240532769,8.14897240532769,7.794669257269964,7.971820831298828,5100,0.0,0.0
2000-11-15 00:00:00-05:00,7.794666290283203,7.794666290283203,7.794666290283203,7.794666290283203,400,0.0,0.0
2000-11-16 00:00:00-05:00,7.794666290283203,7.794666290283203,7.794666290283203,7.794666290283203,10500,0.0,0.0
2000-11-17 00:00:00-05:00,7.794666290283203,8.06039355017922,7.794666290283203,7.794666290283203,6300,0.0,0.0
2000-11-20 00:00:00-05:00,7.794666290283203,7.794666290283203,7.794666290283203,7.794666290283203,100,0.0,0.0
2000-11-21 00:00:00-05:00,7.794666290283203,7.794666290283203,7.794666290283203,7.794666290283203,0,0.0,0.0
2000-11-22 00:00:00-05:00,7.794666290283203,7.794666290283203,7.794666290283203,7.794666290283203,0,0.0,0.0
2000-11-24 00:00:00-05:00,7.794666290283203,7.794666290283203,7.794666290283203,7.794666290283203,0,0.0,0.0
2000-11-27 00:00:00-05:00,7.794666290283203,7.794666290283203,7.794666290283203,7.794666290283203,0,0.0,0.0
2000-11-28 00:00:00-05:00,7.794666290283203,7.794666290283203,7.794666290283203,7.794666290283203,800,0.0,0.0
2000-11-29 00:00:00-05:00,7.794666290283203,7.794666290283203,7.794666290283203,7.794666290283203,0,0.0,0.0
2000-11-30 00:00:00-05:00,7.794666290283203,7.794666290283203,7.794666290283203,7.794666290283203,0,0.0,0.0
2000-12-01 00:00:00-05:00,7.794666290283203,7.794666290283203,7.794666290283203,7.794666290283203,0,0.0,0.0
2000-12-04 00:00:00-05:00,7.883242607116699,7.883242607116699,7.883242607116699,7.883242607116699,1100,0.0,0.0
2000-12-05 00:00:00-05:00,7.927532937791612,7.971820831298827,7.927532937791612,7.971820831298828,5000,0.0,0.0
2000-12-06 00:00:00-05:00,8.060393333435059,8.060393333435059,8.060393333435059,8.060393333435059,2100,0.0,0.0
2000-12-07 00:00:00-05:00,8.060393333435059,8.060393333435059,8.060393333435059,8.060393333435059,0,0.0,0.0
2000-12-08 00:00:00-05:00,8.10468183714768,8.990439414978027,8.060393958256162,8.990439414978027,15700,0.0,0.0
2000-12-11 00:00:00-05:00,8.503271102905273,8.503271102905273,8.503271102905273,8.503271102905273,400,0.0,0.0
2000-12-12 00:00:00-05:00,8.414699662591993,8.591851234436035,8.414699662591993,8.591851234436035,300,0.0,0.0
2000-12-13 00:00:00-05:00,9.123306161707097,9.74333667755127,9.123306161707097,9.74333667755127,3600,0.0,0.0
2000-12-14 00:00:00-05:00,9.477606376012167,10.629091262817383,9.477606376012167,10.629091262817383,6900,0.0,0.0
2000-12-15 00:00:00-05:00,10.451941358632054,10.629092907083445,9.743335164826492,10.274789810180664,4800,0.0,0.0
2000-12-18 00:00:00-05:00,10.263714221574492,10.629089161501092,10.263714221574492,10.451937675476074,7400,0.0,0.0
2000-12-19 00:00:00-05:00,10.451939741770428,10.629091262817383,10.451939741770428,10.629091262817383,5500,0.0,0.0
2000-12-20 00:00:00-05:00,9.931555366516113,11.3376953125,9.931555366516113,11.293407440185547,15900,0.0,0.0
2000-12-21 00:00:00-05:00,11.314705848693848,11.314705848693848,11.314705848693848,11.314705848693848,100,0.03,0.0
2000-12-22 00:00:00-05:00,11.314705848693848,11.314705848693848,10.116678170596852,11.314705848693848,600,0.0,0.0
2000-12-26 00:00:00-05:00,11.31470700725913,11.359078407287598,11.31470700725913,11.359078407287598,1700,0.0,0.0
2000-12-27 00:00:00-05:00,10.826624884749902,11.7140531539917,10.471653577053186,11.7140531539917,5900,0.0,0.0
2000-12-28 00:00:00-05:00,11.714049607515335,12.069020807743073,11.00410720705986,11.359078407287598,4500,0.0,0.0
2000-12-29 00:00:00-05:00,11.015203007629939,11.359081449962797,10.471653211684455,11.181595802307129,3400,0.0,0.0
2001-01-02 00:00:00-05:00,10.47164744567871,11.092846870422363,10.47164744567871,11.092846870422363,900,0.0,0.0
2001-01-03 00:00:00-05:00,11.092852955022135,11.092852955022135,10.471653189540895,10.737881660461426,1800,0.0,0.0
2001-01-04 00:00:00-05:00,11.092846870422363,11.092846870422363,11.092846870422363,11.092846870422363,200,0.0,0.0
2001-01-05 00:00:00-05:00,11.092846870422363,11.092846870422363,11.092846870422363,11.092846870422363,0,0.0,0.0
2001-01-08 00:00:00-05:00,10.64913558959961,10.64913558959961,10.64913558959961,10.64913558959961,200,0.0,0.0
2001-01-09 00:00:00-05:00,10.64913558959961,10.64913558959961,10.64913558959961,10.64913558959961,0,0.0,0.0
2001-01-10 00:00:00-05:00,10.471649586653509,10.560392379760742,10.471649586653509,10.560392379760742,400,0.0,0.0
2001-01-11 00:00:00-05:00,9.93919385600294,10.38290786743164,9.761708251431457,10.38290786743164,1300,0.0,0.0
2001-01-12 00:00:00-05:00,9.761708251431457,10.38290786743164,9.761708251431457,10.38290786743164,4100,0.0,0.0
2001-01-16 00:00:00-05:00,10.294164000439043,10.649135172867975,10.07230701767096,10.560392379760742,15300,0.0,0.0
2001-01-17 00:00:00-05:00,10.560394529436456,10.82662296295166,10.47165171826472,10.82662296295166,5600,0.0,0.0
2001-01-18 00:00:00-05:00,10.826620759082441,11.004106345296908,10.560392379760742,10.560392379760742,5600,0.0,0.0
2001-01-19 00:00:00-05:00,11.004105567932129,11.004105567932129,10.737877207417643,11.004105567932129,5500,0.0,0.0
2001-01-22 00:00:00-05:00,10.737877207417643,11.004105567932129,10.737877207417643,11.004105567932129,4400,0.0,0.0
2001-01-23 00:00:00-05:00,10.737881683167958,11.181595802307129,10.737881683167958,11.181595802307129,1900,0.0,0.0
2001-01-24 00:00:00-05:00,10.748974536146436,11.181595802307129,10.737881683167958,11.181595802307129,7400,0.0,0.0
2001-01-25 00:00:00-05:00,11.181596555207905,11.891539193633804,11.181596555207905,11.802796363830566,2900,0.0,0.0
2001-01-26 00:00:00-05:00,11.359078275240385,11.714049471341648,11.359078275240385,11.536563873291016,800,0.0,0.0
2001-01-29 00:00:00-05:00,11.00410720705986,11.359078407287598,10.826621606945992,11.359078407287598,1600,0.0,0.0
2001-01-30 00:00:00-05:00,10.837714456953108,11.359078407287598,10.649136006832123,11.359078407287598,1500,0.0,0.0
2001-01-31 00:00:00-05:00,10.29416327322683,11.181591141608454,10.29416327322683,11.004105567932129,2600,0.0,0.0
2001-02-01 00:00:00-05:00,11.359078275240385,11.536563873291016,11.359078275240385,11.536563873291016,3200,0.0,0.0
2001-02-02 00:00:00-05:00,11.714049471341648,11.714049471341648,11.181592677189755,11.536563873291016,400,0.0,0.0
2001-02-05 00:00:00-05:00,11.714049471341648,11.714049471341648,11.181592677189755,11.536563873291016,1200,0.0,0.0
2001-02-06 00:00:00-05:00,11.53656269187358,11.891533851623535,11.181591532123623,11.891533851623535,3700,0.0,0.0
2001-02-07 00:00:00-05:00,11.891536512624905,11.891536512624905,11.714050893033487,11.84716510772705,1600,0.0,0.0
2001-02-08 00:00:00-05:00,12.069019431498514,12.069019431498514,11.891533851623535,11.891533851623535,800,0.0,0.0
2001-02-09 00:00:00-05:00,11.891533851623535,11.891533851623535,11.53656269187358,11.891533851623535,4400,0.0,0.0
2001-02-12 00:00:00-05:00,11.7140531539917,11.7140531539917,11.7140531539917,11.7140531539917,300,0.0,0.0
2001-02-13 00:00:00-05:00,11.714048271748558,11.891533851623535,11.714048271748558,11.891533851623535,1300,0.0,0.0
2001-02-14 00:00:00-05:00,11.891533851623535,11.891533851623535,11.004105952248645,11.891533851623535,500,0.0,0.0
2001-02-15 00:00:00-05:00,11.7140531539917,11.7140531539917,11.7140531539917,11.7140531539917,100,0.0,0.0
2001-02-16 00:00:00-05:00,11.00410720705986,11.359078407287598,11.00410720705986,11.359078407287598,200,0.0,0.0
2001-02-20 00:00:00-05:00,11.004105567932129,11.359076715284779,11.004105567932129,11.004105567932129,900,0.0,0.0
2001-02-21 00:00:00-05:00,11.359078407287598,11.359078407287598,11.359078407287598,11.359078407287598,100,0.0,0.0
2001-02-22 00:00:00-05:00,11.00411015465146,11.359081449962797,10.116681916373116,11.181595802307129,5500,0.0,0.0
2001-02-23 00:00:00-05:00,10.64913558959961,10.64913558959961,10.64913558959961,10.64913558959961,100,0.0,0.0
2001-02-26 00:00:00-05:00,10.64913558959961,10.64913558959961,10.64913558959961,10.64913558959961,200,0.0,0.0
2001-02-27 00:00:00-05:00,10.670476913452148,10.670476913452148,10.136953067779542,10.670476913452148,300,0.03,0.0
2001-02-28 00:00:00-05:00,10.136953067779542,10.670476913452148,10.136953067779542,10.670476913452148,600,0.0,0.0
2001-03-01 00:00:00-05:00,11.204007399709601,11.204007399709601,10.136959075927734,10.136959075927734,5300,0.0,0.0
2001-03-02 00:00:00-05:00,9.95910930633545,9.95910930633545,9.95910930633545,9.95910930633545,100,0.0,0.0
2001-03-05 00:00:00-05:00,9.95910930633545,9.95910930633545,9.95910930633545,9.95910930633545,0,0.0,0.0
2001-03-06 00:00:00-05:00,10.670476913452148,10.670476913452148,10.670476913452148,10.670476913452148,100,0.0,0.0
2001-03-07 00:00:00-05:00,9.970226866006852,10.670476913452148,9.970226866006852,10.670476913452148,500,0.0,0.0
2001-03-08 00:00:00-05:00,10.136955002606925,10.492637634277344,10.136955002606925,10.492637634277344,1000,0.0,0.0
2001-03-09 00:00:00-05:00,10.492637634277344,10.492637634277344,10.492637634277344,10.492637634277344,0,0.0,0.0
2001-03-12 00:00:00-05:00,10.492637833305027,10.492637833305027,10.136955194887907,10.225875854492188,2800,0.0,0.0
2001-03-13 00:00:00-05:00,10.49263388535072,10.49263388535072,10.13695138076256,10.31479263305664,6200,0.0,0.0
2001-03-14 00:00:00-05:00,10.13695138076256,10.31479263305664,10.13695138076256,10.31479263305664,400,0.0,0.0
2001-03-15 00:00:00-05:00,10.136959075927734,10.136959075927734,10.136959075927734,10.136959075927734,500,0.0,0.0
2001-03-16 00:00:00-05:00,10.314800463224712,10.314800463224712,10.136959075927734,10.136959075927734,10300,0.0,0.0
2001-03-19 00:00:00-05:00,10.31479263305664,10.31479263305664,10.13695138076256,10.31479263305664,1100,0.0,0.0
2001-03-20 00:00:00-05:00,10.49263563156128,11.026159477233888,10.225873708724976,10.670476913452148,4000,0.0,0.0
2001-03-21 00:00:00-05:00,10.848320960998535,10.848320960998535,10.848320960998535,10.848320960998535,100,0.0,0.0
2001-03-22 00:00:00-05:00,10.67047963376905,10.848320960998535,10.67047963376905,10.848320960998535,1400,0.0,0.0
2001-03-23 00:00:00-05:00,10.848318007684522,11.204000565313523,10.848318007684522,11.026159286499023,2600,0.0,0.0
2001-03-26 00:00:00-05:00,11.026159286499023,11.026159286499023,11.026159286499023,11.026159286499023,600,0.0,0.0
2001-03-27 00:00:00-05:00,11.026157348632813,11.11507797241211,10.84831610107422,11.11507797241211,1700,0.0,0.0
2001-03-28 00:00:00-05:00,11.026162288228019,11.026162288228019,10.581558970154308,10.848320960998535,1800,0.0,0.0
2001-03-29 00:00:00-05:00,10.670475022064592,10.670475022064592,10.58155439688072,10.626014709472656,1000,0.0,0.0
2001-03-30 00:00:00-05:00,10.670476913452148,10.670476913452148,10.670476913452148,10.670476913452148,100,0.0,0.0
2001-04-02 00:00:00-04:00,10.670476913452148,10.670476913452148,10.670476913452148,10.670476913452148,100,0.0,0.0
2001-04-03 00:00:00-04:00,10.592671352624894,11.026159477233888,10.403714990615844,10.670476913452148,900,0.0,0.0
2001-04-04 00:00:00-04:00,10.670476913452148,10.670476913452148,10.670476913452148,10.670476913452148,200,0.0,0.0
2001-04-05 00:00:00-04:00,10.670476913452148,10.670476913452148,10.670476913452148,10.670476913452148,200,0.0,0.0
2001-04-06 00:00:00-04:00,10.670476913452148,10.670476913452148,10.670476913452148,10.670476913452148,100,0.0,0.0
2001-04-09 00:00:00-04:00,10.31479263305664,10.31479263305664,10.31479263305664,10.31479263305664,200,0.0,0.0
2001-04-10 00:00:00-04:00,10.31479263305664,10.31479263305664,10.31479263305664,10.31479263305664,1000,0.0,0.0
2001-04-11 00:00:00-04:00,10.57800006866455,10.57800006866455,10.314795035377982,10.57800006866455,1000,0.0,0.0
2001-04-12 00:00:00-04:00,10.492636329091395,10.57800006866455,10.492636329091395,10.57800006866455,300,0.0,0.0
2001-04-16 00:00:00-04:00,10.57800006866455,10.57800006866455,10.57800006866455,10.57800006866455,100,0.0,0.0
2001-04-17 00:00:00-04:00,10.57800006866455,10.57800006866455,10.57800006866455,10.57800006866455,0,0.0,0.0
2001-04-18 00:00:00-04:00,10.577999711064011,10.585113525390625,10.577999711064011,10.585113525390625,1100,0.0,0.0
2001-04-19 00:00:00-04:00,10.585113525390625,10.585113525390625,10.585113525390625,10.585113525390625,400,0.0,0.0
2001-04-20 00:00:00-04:00,10.31479468667537,10.585113525390625,10.31479468667537,10.585113525390625,600,0.0,0.0
2001-04-23 00:00:00-04:00,10.31479494930432,10.513977006646238,10.31479494930432,10.44995403289795,4700,0.0,0.0
2001-04-24 00:00:00-04:00,10.44995403289795,10.44995403289795,10.44995403289795,10.44995403289795,100,0.0,0.0
2001-04-25 00:00:00-04:00,10.385935189858223,10.385935189858223,10.307684561083844,10.37882137298584,600,0.0,0.0
2001-04-26 00:00:00-04:00,10.3717041015625,10.3717041015625,10.3717041015625,10.3717041015625,100,0.0,0.0
2001-04-27 00:00:00-04:00,10.307683278528014,10.528206825256348,10.307683278528014,10.528206825256348,2300,0.0,0.0
2001-04-30 00:00:00-04:00,10.528204023621583,10.883886587403323,10.528204023621583,10.670476913452148,5400,0.0,0.0
2001-05-01 00:00:00-04:00,10.670480792644147,11.083072662353516,10.670480792644147,11.083072662353516,3300,0.0,0.0
2001-05-02 00:00:00-04:00,11.075958845673137,11.083072662353516,11.075958845673137,11.083072662353516,1700,0.0,0.0
2001-05-03 00:00:00-04:00,10.812753734197223,11.083072662353516,10.812753734197223,11.083072662353516,900,0.0,0.0
2001-05-04 00:00:00-04:00,10.812753734197223,11.083072662353516,10.812753734197223,11.083072662353516,800,0.0,0.0
2001-05-07 00:00:00-04:00,10.784299145886607,11.083072662353516,10.777185329206228,11.083072662353516,900,0.0,0.0
2001-05-08 00:00:00-04:00,11.083072662353516,11.083072662353516,11.083072662353516,11.083072662353516,500,0.0,0.0
2001-05-09 00:00:00-04:00,11.083069954000427,11.083069954000427,10.421500089431833,10.59934139251709,5600,0.0,0.0
2001-05-10 00:00:00-04:00,10.563775062561035,10.563775062561035,10.563775062561035,10.563775062561035,100,0.0,0.0
2001-05-11 00:00:00-04:00,10.670479610728526,10.706048011779785,10.56377508598557,10.706048011779785,2000,0.0,0.0
2001-05-14 00:00:00-04:00,10.706048011779785,10.706048011779785,10.706048011779785,10.706048011779785,0,0.0,0.0
2001-05-15 00:00:00-04:00,11.083070748577375,11.083070748577375,10.492637634277344,10.492637634277344,300,0.0,0.0
2001-05-16 00:00:00-04:00,10.492637634277344,10.492637634277344,10.492637634277344,10.492637634277344,0,0.0,0.0
2001-05-17 00:00:00-04:00,10.314796957037576,11.381844918110428,10.314796957037576,10.706048011779785,9200,0.0,0.0
2001-05-18 00:00:00-04:00,10.38593389756589,10.528206825256348,10.38593389756589,10.528206825256348,2400,0.0,0.0
2001-05-21 00:00:00-04:00,10.457069396972656,10.706047514352564,10.457069396972656,10.457069396972656,8400,0.0,0.0
2001-05-22 00:00:00-04:00,10.421501481780531,10.706048011779785,10.421501481780531,10.706048011779785,8000,0.0,0.0
2001-05-23 00:00:00-04:00,10.706048011779785,10.706048011779785,10.706048011779785,10.706048011779785,0,0.0,0.0
2001-05-24 00:00:00-04:00,10.421501481780531,10.706048011779785,10.421501481780531,10.706048011779785,3000,0.0,0.0
2001-05-25 00:00:00-04:00,10.45706988283179,10.706048011779785,10.45706988283179,10.706048011779785,1500,0.0,0.0
2001-05-29 00:00:00-04:00,10.478410652098217,10.706048011779785,10.478410652098217,10.706048011779785,700,0.0,0.0
2001-05-30 00:00:00-04:00,10.720303272921672,10.727431297302246,10.520723348626351,10.727431297302246,600,0.03,0.0
2001-05-31 00:00:00-04:00,10.51359222991918,10.51359222991918,10.46369743347168,10.46369743347168,4000,0.0,0.0
2001-06-01 00:00:00-04:00,10.46369949689109,10.549233741853527,10.46369949689109,10.477954864501953,4500,0.0,0.0
2001-06-04 00:00:00-04:00,10.513594627380371,10.513594627380371,10.477955187605588,10.513594627380371,1100,0.0,0.0
2001-06-05 00:00:00-04:00,10.869989514350891,11.404579162597656,10.869989514350891,11.404579162597656,600,0.0,0.0
2001-06-06 00:00:00-04:00,11.048182487487793,11.048182487487793,10.620510635420708,11.048182487487793,5200,0.0,0.0
2001-06-07 00:00:00-04:00,10.691791909639953,10.869988441467285,10.691791909639953,10.869988441467285,800,0.0,0.0
2001-06-08 00:00:00-04:00,10.477953577986902,11.048182487487793,10.477953577986902,11.048182487487793,1200,0.0,0.0
2001-06-11 00:00:00-04:00,10.442316493175358,11.04818497329462,10.442316493175358,10.869988441467285,2400,0.0,0.0
2001-06-12 00:00:00-04:00,10.869985995754119,11.048182487487793,10.869985995754119,11.048182487487793,1000,0.0,0.0
2001-06-13 00:00:00-04:00,10.8699849587486,10.905624389648438,10.8699849587486,10.905624389648438,500,0.0,0.0
2001-06-14 00:00:00-04:00,10.513592842844961,10.763068199157715,10.513592842844961,10.763068199157715,4100,0.0,0.0
2001-06-15 00:00:00-04:00,10.905626601168661,10.905626601168661,10.763069528426183,10.83434772491455,900,0.0,0.0
2001-06-18 00:00:00-04:00,10.691790652172072,10.83434772491455,10.691790652172072,10.83434772491455,600,0.0,0.0
2001-06-19 00:00:00-04:00,10.691790652172072,10.83434772491455,10.691790652172072,10.83434772491455,3400,0.0,0.0
2001-06-20 00:00:00-04:00,10.691790652172072,10.83434772491455,10.442315265048427,10.83434772491455,1500,0.0,0.0
2001-06-21 00:00:00-04:00,10.763068496495302,10.763068496495302,10.549232568000662,10.691789627075195,600,0.0,0.0
2001-06-22 00:00:00-04:00,10.691792642412116,10.812966346740723,10.549235543133129,10.812966346740723,800,0.0,0.0
2001-06-25 00:00:00-04:00,10.691788484015015,10.905624389648438,10.691788484015015,10.905624389648438,500,0.0,0.0
2001-06-26 00:00:00-04:00,10.54923144018127,10.905624389648438,10.54923144018127,10.905624389648438,200,0.0,0.0
2001-06-27 00:00:00-04:00,11.048182487487793,11.048182487487793,11.048182487487793,11.048182487487793,100,0.0,0.0
2001-06-28 00:00:00-04:00,10.69179196270436,11.012545585632324,10.69179196270436,11.012545585632324,1400,0.0,0.0
2001-06-29 00:00:00-04:00,11.048184317363685,11.048184317363685,10.549234193822997,10.79870891571045,1300,0.0,0.0
2001-07-02 00:00:00-04:00,10.777323722839355,10.777323722839355,10.777323722839355,10.777323722839355,100,0.0,0.0
2001-07-03 00:00:00-04:00,11.048182487487793,11.048182487487793,10.869985995754119,11.048182487487793,300,0.0,0.0
2001-07-05 00:00:00-04:00,10.691792642412116,10.812966346740723,10.691792642412116,10.812966346740723,200,0.0,0.0
2001-07-06 00:00:00-04:00,10.449442569396792,10.798707543517558,10.449442569396792,10.791580200195312,500,0.0,0.0
2001-07-09 00:00:00-04:00,10.78445053100586,10.78445053100586,10.78445053100586,10.78445053100586,200,0.0,0.0
2001-07-10 00:00:00-04:00,10.549236273801021,10.83435049210676,10.549236273801021,10.75594425201416,2200,0.0,0.0
2001-07-11 00:00:00-04:00,10.691789968890378,10.827219009399414,10.691789968890378,10.827219009399414,200,0.0,0.0
2001-07-12 00:00:00-04:00,10.470826216839672,10.69179017964934,8.56056016698301,9.97187614440918,23000,0.0,0.0
2001-07-13 00:00:00-04:00,10.192841151327395,10.79870891571045,10.192841151327395,10.79870891571045,3700,0.0,0.0
2001-07-16 00:00:00-04:00,10.727431297302246,10.727431297302246,10.727431297302246,10.727431297302246,100,0.0,0.0
2001-07-17 00:00:00-04:00,10.69178933170674,10.86998582056852,10.264117486532207,10.763068199157715,2800,0.0,0.0
2001-07-18 00:00:00-04:00,10.442319869995117,10.442319869995117,10.442319869995117,10.442319869995117,5500,0.0,0.0
2001-07-19 00:00:00-04:00,10.741685731738443,10.748813755498857,10.456571578979492,10.456571578979492,900,0.0,0.0
2001-07-20 00:00:00-04:00,10.677535226880682,10.79870891571045,10.549234193822997,10.79870891571045,5800,0.0,0.0
2001-07-23 00:00:00-04:00,10.456570174137394,10.869985979978264,10.456570174137394,10.777323722839355,2000,0.0,0.0
2001-07-24 00:00:00-04:00,10.727432830183586,10.75594425201416,10.706049433752137,10.75594425201416,1000,0.0,0.0
2001-07-25 00:00:00-04:00,10.285499123695246,10.620507954146278,10.278371102681692,10.563485145568848,6300,0.0,0.0
2001-07-26 00:00:00-04:00,10.449443083885521,10.542105349293987,10.36390884191595,10.506465911865234,5700,0.0,0.0
2001-07-27 00:00:00-04:00,10.549235343933105,10.549235343933105,10.549235343933105,10.549235343933105,200,0.0,0.0
2001-07-30 00:00:00-04:00,10.584870729442184,10.656148910522461,10.584870729442184,10.656148910522461,1100,0.0,0.0
2001-07-31 00:00:00-04:00,10.64902602714348,11.903530640748222,10.64902602714348,11.540009498596191,9900,0.0,0.0
2001-08-01 00:00:00-04:00,11.554263611531496,11.554263611531496,10.855733464110017,11.404579162597656,300,0.0,0.0
2001-08-02 00:00:00-04:00,10.791577645226885,11.11945915222168,10.691787384918717,11.11945915222168,3500,0.0,0.0
2001-08-03 00:00:00-04:00,10.941267793872939,11.33329963684082,10.71317576114165,11.33329963684082,1200,0.0,0.0
2001-08-06 00:00:00-04:00,11.333300270925065,11.404579162597656,10.84860611875547,11.404579162597656,900,0.0,0.0
2001-08-07 00:00:00-04:00,10.927008818727641,11.048182487487793,10.70604554964666,11.048182487487793,1400,0.0,0.0
2001-08-08 00:00:00-04:00,11.048182487487793,11.048182487487793,11.048182487487793,11.048182487487793,0,0.0,0.0
2001-08-09 00:00:00-04:00,10.670405097381355,11.048181433482183,10.656149053115179,10.905624389648438,5000,0.0,0.0
2001-08-10 00:00:00-04:00,10.698921518893778,11.041058584395607,10.698921518893778,10.7345609664917,600,0.0,0.0
2001-08-13 00:00:00-04:00,10.869986079999427,11.190739631652832,10.869986079999427,11.190739631652832,1800,0.0,0.0
2001-08-14 00:00:00-04:00,11.11946053437426,11.297657012939453,11.11946053437426,11.297657012939453,400,0.0,0.0
2001-08-15 00:00:00-04:00,11.297657012939453,11.297657012939453,10.905624624142906,11.297657012939453,2800,0.0,0.0
2001-08-16 00:00:00-04:00,10.919881517203702,11.262019157409668,10.919881517203702,11.262019157409668,400,0.0,0.0
2001-08-17 00:00:00-04:00,11.119458829814132,11.547130584716797,11.119458829814132,11.547130584716797,2500,0.0,0.0
2001-08-20 00:00:00-04:00,11.654049357522172,11.832245826721191,11.654049357522172,11.832245826721191,800,0.0,0.0
2001-08-21 00:00:00-04:00,11.832247602594231,12.188640594482422,11.547133480989952,12.188640594482422,2900,0.0,0.0
2001-08-22 00:00:00-04:00,12.188640594482422,12.188640594482422,12.188640594482422,12.188640594482422,0,0.0,0.0
2001-08-23 00:00:00-04:00,12.188640594482422,12.188640594482422,12.188640594482422,12.188640594482422,200,0.0,0.0
2001-08-24 00:00:00-04:00,11.404572839585134,11.903523445129395,11.404572839585134,11.903523445129395,200,0.0,0.0
2001-08-27 00:00:00-04:00,11.903530044774016,12.081726594189604,11.404579162597656,11.404579162597656,3200,0.0,0.0
2001-08-28 00:00:00-04:00,11.903523445129395,11.903523445129395,11.903523445129395,11.903523445129395,100,0.0,0.0
2001-08-29 00:00:00-04:00,11.046643922535926,11.246582984924316,11.046643922535926,11.246582984924316,5000,0.03,0.0
2001-08-30 00:00:00-04:00,11.446522373734428,12.339108297270169,11.189457191923164,11.20373821258545,400,0.0,0.0
2001-08-31 00:00:00-04:00,11.210882660861794,12.417658917088364,11.210882660861794,12.353392601013184,700,0.0,0.0
2001-09-04 00:00:00-04:00,12.353392601013184,12.353392601013184,12.353392601013184,12.353392601013184,0,0.0,0.0
2001-09-05 00:00:00-04:00,12.139172685368525,12.4533634185791,12.139172685368525,12.453363418579102,400,0.0,0.0
2001-09-06 00:00:00-04:00,12.124892234802246,12.124892234802246,12.124892234802246,12.124892234802246,100,0.0,0.0
2001-09-07 00:00:00-04:00,11.90352474308656,11.96065018201408,11.225159645080566,11.225159645080566,600,0.0,0.0
2001-09-10 00:00:00-04:00,11.053784381059572,11.053784381059572,11.04664421081543,11.04664421081543,2200,0.0,0.0
2001-09-17 00:00:00-04:00,10.5682190062799,11.996356010437012,10.5682190062799,11.996356010437012,2200,0.0,0.0
2001-09-18 00:00:00-04:00,11.425107051355194,12.067769050598145,10.8324296775453,12.067769050598145,900,0.0,0.0
2001-09-19 00:00:00-04:00,12.067769050598145,12.067769050598145,12.067769050598145,12.067769050598145,0,0.0,0.0
2001-09-20 00:00:00-04:00,10.711031310219703,11.417959213256836,10.496810547817503,11.417959213256836,1100,0.0,0.0
2001-09-21 00:00:00-04:00,10.711030006408691,10.711030006408691,10.353995672861735,10.711030006408691,900,0.0,0.0
2001-09-24 00:00:00-04:00,10.711030006408691,10.711030006408691,10.711030006408691,10.711030006408691,100,0.0,0.0
2001-09-25 00:00:00-04:00,10.711030006408691,10.711030006408691,10.711030006408691,10.711030006408691,0,0.0,0.0
2001-09-26 00:00:00-04:00,10.353998185792047,10.70389175415039,9.818446555492459,10.70389175415039,5500,0.0,0.0
2001-09-27 00:00:00-04:00,10.568216409187698,10.711030006408691,10.353995672861735,10.711030006408691,2400,0.0,0.0
2001-09-28 00:00:00-04:00,10.68961205335988,10.889551162719727,10.68961205335988,10.889551162719727,1900,0.0,0.0
2001-10-01 00:00:00-04:00,10.825286332620383,10.868130773845031,10.632488049582687,10.668190956115723,4800,0.0,0.0
2001-10-02 00:00:00-04:00,10.853843688964844,10.853843688964844,10.711030090621021,10.853843688964844,1200,0.0,0.0
2001-10-03 00:00:00-04:00,10.989519257939758,11.168036460876465,10.989519257939758,11.168036460876465,1100,0.0,0.0
2001-10-04 00:00:00-04:00,11.089485168457031,11.089485168457031,11.089485168457031,11.089485168457031,200,0.0,0.0
2001-10-05 00:00:00-04:00,11.089489523354587,11.34655475616455,11.089489523354587,11.34655475616455,600,0.0,0.0
2001-10-08 00:00:00-04:00,11.353693962097168,11.353693962097168,11.353693962097168,11.353693962097168,100,0.0,0.0
2001-10-09 00:00:00-04:00,11.425103187561035,11.425103187561035,11.425103187561035,11.425103187561035,100,0.0,0.0
2001-10-10 00:00:00-04:00,11.275146222466342,11.425100696345439,11.26800537109375,11.26800537109375,3700,0.0,0.0
2001-10-11 00:00:00-04:00,11.210882366596422,11.425103187561035,11.210882366596422,11.425103187561035,1100,0.0,0.0
2001-10-12 00:00:00-04:00,11.139471054077148,11.139471054077148,11.139471054077148,11.139471054077148,2300,0.0,0.0
2001-10-15 00:00:00-04:00,11.068064682154663,11.175174713134766,11.068064682154663,11.175174713134766,3100,0.0,0.0
2001-10-16 00:00:00-04:00,11.068065643310547,11.068065643310547,11.068065643310547,11.068065643310547,1300,0.0,0.0
2001-10-17 00:00:00-04:00,10.99665983159295,10.99665983159295,10.903831481933594,10.903831481933594,2800,0.0,0.0
2001-10-18 00:00:00-04:00,10.825285161255806,11.425103187561035,10.818144308326168,11.425103187561035,600,0.0,0.0
2001-10-19 00:00:00-04:00,11.103768348693848,11.103768348693848,11.103768348693848,11.103768348693848,800,0.0,0.0
2001-10-22 00:00:00-04:00,10.875269769784836,11.425103187561035,10.832426014185444,11.425103187561035,1900,0.0,0.0
2001-10-23 00:00:00-04:00,10.910971652761084,10.910971652761084,10.903831481933594,10.903831481933594,1200,0.0,0.0
2001-10-24 00:00:00-04:00,10.903831481933594,10.903831481933594,10.903831481933594,10.903831481933594,0,0.0,0.0
2001-10-25 00:00:00-04:00,11.425103187561035,11.425103187561035,11.425103187561035,11.425103187561035,100,0.0,0.0
2001-10-26 00:00:00-04:00,11.425103187561035,11.425103187561035,11.425103187561035,11.425103187561035,0,0.0,0.0
2001-10-29 00:00:00-05:00,10.996661262536053,11.246585660725636,10.960958360785426,11.032364845275879,4600,0.0,0.0
2001-10-30 00:00:00-05:00,11.032362069553676,11.068065643310547,10.996658495796803,11.068065643310547,5100,0.0,0.0
2001-10-31 00:00:00-05:00,11.425098420992146,12.139167072304156,11.317988395690918,11.317988395690918,20000,0.0,0.0
2001-11-01 00:00:00-05:00,11.289425676877995,11.317988395690918,11.210877689400757,11.317988395690918,2100,0.0,0.0
2001-11-02 00:00:00-05:00,11.17517412063737,11.317988395690918,11.068064095336142,11.317988395690918,4500,0.0,0.0
2001-11-05 00:00:00-05:00,11.10376921706742,11.10376921706742,11.068065643310547,11.068065643310547,3500,0.0,0.0
2001-11-06 00:00:00-05:00,11.032360260003484,11.210877418518066,10.996656692102784,11.210877418518066,4500,0.0,0.0
2001-11-07 00:00:00-05:00,10.968093973980007,11.210877418518066,10.968093973980007,11.210877418518066,300,0.0,0.0
2001-11-08 00:00:00-05:00,11.232301129207519,11.232301129207519,11.068065643310547,11.068065643310547,1200,0.0,0.0
2001-11-09 00:00:00-05:00,11.068065794687422,11.246582984924316,11.068065794687422,11.246582984924316,1400,0.0,0.0
2001-11-12 00:00:00-05:00,11.24658283110588,11.24658283110588,11.068065643310547,11.068065643310547,1000,0.0,0.0
2001-11-13 00:00:00-05:00,11.068064426975056,11.496505902995477,10.782437230287409,10.853843688964844,6300,0.0,0.0
2001-11-14 00:00:00-05:00,11.06806643146828,11.06806643146828,10.782439183051826,10.996659278869629,3800,0.0,0.0
2001-11-15 00:00:00-05:00,10.789577314633002,11.38939510395012,10.711030006408691,10.711030006408691,6000,0.0,0.0
2001-11-16 00:00:00-05:00,10.746733575961178,10.853843603629684,10.711030006408691,10.711030006408691,300,0.0,0.0
2001-11-19 00:00:00-05:00,10.69675077451578,10.87526798248291,10.69675077451578,10.87526798248291,600,0.0,0.0
2001-11-20 00:00:00-05:00,10.711030006408691,10.711030006408691,10.711030006408691,10.711030006408691,1100,0.0,0.0
2001-11-21 00:00:00-05:00,10.696751724135872,10.868128776550293,10.696751724135872,10.868128776550293,1900,0.0,0.0
2001-11-23 00:00:00-05:00,10.689609873530934,10.689609873530934,10.532514550574247,10.63962459564209,55500,0.0,0.0
2001-11-26 00:00:00-05:00,10.575360913959262,11.510791490756182,10.21118560445128,10.532516479492188,9400,0.0,0.0
2001-11-27 00:00:00-05:00,10.54679321222748,10.639621527994239,10.032663645961293,10.353994369506836,21700,0.0,0.0
2001-11-28 00:00:00-05:00,10.232353075469952,10.232353075469952,10.09639835357666,10.09639835357666,1700,0.03,0.0
2001-11-29 00:00:00-05:00,10.103551919538875,10.375460624694824,10.103551919538875,10.375460624694824,1500,0.0,0.0
2001-11-30 00:00:00-05:00,10.375460624694824,10.375460624694824,10.375460624694824,10.375460624694824,0,0.0,0.0
2001-12-03 00:00:00-05:00,10.375460624694824,10.375460624694824,10.375460624694824,10.375460624694824,0,0.0,0.0
2001-12-04 00:00:00-05:00,10.232354976222561,10.37546469764086,10.125022173358103,10.146489143371582,16200,0.0,0.0
2001-12-05 00:00:00-05:00,10.14648528017155,10.189417839050293,10.12501831833146,10.189417839050293,4000,0.0,0.0
2001-12-06 00:00:00-05:00,10.554352760314941,10.554352760314941,10.554352760314941,10.554352760314941,100,0.0,0.0
2001-12-07 00:00:00-05:00,10.3468439585911,10.353999616095773,10.339688301086426,10.339688301086426,2100,0.0,0.0
2001-12-10 00:00:00-05:00,10.225196365962457,10.532882689936107,10.017687159245545,10.239507675170898,8400,0.0,0.0
2001-12-11 00:00:00-05:00,10.196576129663125,10.44701862335205,10.196576129663125,10.44701862335205,8000,0.0,0.0
2001-12-12 00:00:00-05:00,10.196579434464693,10.590131759643555,10.196579434464693,10.590131759643555,6300,0.0,0.0
2001-12-13 00:00:00-05:00,10.590131759643555,10.590131759643555,10.590131759643555,10.590131759643555,0,0.0,0.0
2001-12-14 00:00:00-05:00,10.590131759643555,10.590131759643555,10.590131759643555,10.590131759643555,0,0.0,0.0
2001-12-17 00:00:00-05:00,10.48280143737793,10.48280143737793,10.48280143737793,10.48280143737793,600,0.0,0.0
2001-12-18 00:00:00-05:00,10.518575156850618,10.554352760314941,10.518575156850618,10.554352760314941,1200,0.0,0.0
2001-12-19 00:00:00-05:00,10.697458862555528,11.176876812087654,10.63305933464811,11.162566184997559,11400,0.0,0.0
2001-12-20 00:00:00-05:00,11.148254875506668,11.162566184997559,11.148254875506668,11.162566184997559,900,0.0,0.0
2001-12-21 00:00:00-05:00,11.18403434753418,11.18403434753418,11.18403434753418,11.18403434753418,500,0.0,0.0
2001-12-24 00:00:00-05:00,10.869190933092373,10.876346588134766,10.869190933092373,10.876346588134766,500,0.0,0.0
2001-12-26 00:00:00-05:00,11.055236459327068,11.377233505249023,11.055236459327068,11.377233505249023,3100,0.0,0.0
2001-12-27 00:00:00-05:00,11.377233505249023,11.377233505249023,11.377233505249023,11.377233505249023,0,0.0,0.0
2001-12-28 00:00:00-05:00,11.377233505249023,11.377233505249023,11.377233505249023,11.377233505249023,0,0.0,0.0
2001-12-31 00:00:00-05:00,11.0910127434734,11.341455239673483,11.033768861324964,11.048079490661621,4000,0.0,0.0
2002-01-02 00:00:00-05:00,11.105324806269252,11.105324806269252,11.033769607543945,11.033769607543945,400,0.0,0.0
2002-01-03 00:00:00-05:00,11.198343276977539,11.198343276977539,11.198343276977539,11.198343276977539,1200,0.0,0.0
2002-01-04 00:00:00-05:00,10.955056974185206,11.162566184997559,10.94790131943976,11.162566184997559,7900,0.0,0.0
2002-01-07 00:00:00-05:00,11.305678367614746,11.305678367614746,11.305678367614746,11.305678367614746,400,0.0,0.0
2002-01-08 00:00:00-05:00,11.305678367614746,11.305678367614746,11.305678367614746,11.305678367614746,400,0.0,0.0
2002-01-09 00:00:00-05:00,11.22696920627948,11.262746810913086,11.22696920627948,11.262746810913086,900,0.0,0.0
2002-01-10 00:00:00-05:00,11.262743801323817,11.262743801323817,10.904969215393066,10.904969215393066,1100,0.0,0.0
2002-01-11 00:00:00-05:00,10.912127494812012,10.912127494812012,10.912127494812012,10.912127494812012,300,0.0,0.0
2002-01-14 00:00:00-05:00,10.933591356064808,11.21981143951416,10.933591356064808,11.21981143951416,800,0.0,0.0
2002-01-15 00:00:00-05:00,11.234127036559396,11.556124175739532,11.234127036559396,11.41301441192627,1500,0.0,0.0
2002-01-16 00:00:00-05:00,11.41301441192627,11.41301441192627,11.41301441192627,11.41301441192627,0,0.0,0.0
2002-01-17 00:00:00-05:00,11.41301441192627,11.41301441192627,11.41301441192627,11.41301441192627,0,0.0,0.0
2002-01-18 00:00:00-05:00,11.319989411324398,11.362922668457031,11.226967922871172,11.362922668457031,4100,0.0,0.0
2002-01-22 00:00:00-05:00,11.370080360863483,11.513190106261163,11.362924702993325,11.448790550231934,3100,0.0,0.0
2002-01-23 00:00:00-05:00,11.584745081234932,12.214427947998045,11.584745081234932,12.214427947998047,7400,0.0,0.0
2002-01-24 00:00:00-05:00,11.684918208649957,12.414778709411621,11.684918208649957,12.414778709411621,8700,0.0,0.0
2002-01-25 00:00:00-05:00,11.813720984106455,12.34322738647461,11.813720984106455,12.34322738647461,700,0.0,0.0
2002-01-28 00:00:00-05:00,12.522108497810214,12.522108497810214,11.921047180731202,12.285977363586426,2500,0.0,0.0
2002-01-29 00:00:00-05:00,12.285977363586426,12.285977363586426,12.285977363586426,12.285977363586426,0,0.0,0.0
2002-01-30 00:00:00-05:00,12.500644149064934,12.55788803100586,12.493488493222094,12.55788803100586,1700,0.0,0.0
2002-01-31 00:00:00-05:00,12.772557539616844,13.237664394013636,12.185807228088379,12.185807228088379,1200,0.0,0.0
2002-02-01 00:00:00-05:00,12.865575159317038,12.865575159317038,11.842339515686035,11.842339515686035,1900,0.0,0.0
2002-02-04 00:00:00-05:00,11.842339515686035,11.842339515686035,11.842339515686035,11.842339515686035,0,0.0,0.0
2002-02-05 00:00:00-05:00,11.842339515686035,11.842339515686035,11.842339515686035,11.842339515686035,0,0.0,0.0
2002-02-06 00:00:00-05:00,12.235891837700494,13.166105270385742,12.235891837700494,13.166105270385742,400,0.0,0.0
2002-02-07 00:00:00-05:00,13.166105270385742,13.166105270385742,13.166105270385742,13.166105270385742,0,0.0,0.0
2002-02-08 00:00:00-05:00,13.18757393502041,13.18757393502041,12.736777107709546,12.95144271850586,5000,0.0,0.0
2002-02-11 00:00:00-05:00,12.915663594791926,13.0301513671875,12.915663594791926,13.0301513671875,5200,0.0,0.0
2002-02-12 00:00:00-05:00,13.001528209252646,13.058772087097168,13.001528209252646,13.058772087097168,3900,0.0,0.0
2002-02-13 00:00:00-05:00,13.022993938864966,13.051615192669123,12.522109031677246,12.522109031677246,7200,0.0,0.0
2002-02-14 00:00:00-05:00,12.493487622094241,12.736774444580078,12.414778142914734,12.736774444580078,3600,0.0,0.0
2002-02-15 00:00:00-05:00,12.83695317742027,14.046230356636775,12.607977649161565,13.309215545654297,11700,0.0,0.0
2002-02-19 00:00:00-05:00,13.666984289977583,14.253734170769293,13.595429126875887,14.124935150146484,7500,0.0,0.0
2002-02-20 00:00:00-05:00,13.960364155528836,14.239427888796573,13.888808967182783,13.895964622497559,9600,0.0,0.0
2002-02-21 00:00:00-05:00,13.888813972473145,13.888813972473145,13.888813972473145,13.888813972473145,1100,0.0,0.0
2002-02-22 00:00:00-05:00,14.082007864914008,14.082007864914008,13.845876693725586,13.845876693725586,2400,0.0,0.0
2002-02-25 00:00:00-05:00,14.089163467506815,14.089163467506815,13.845876641764871,13.917431831359863,1200,0.0,0.0
2002-02-26 00:00:00-05:00,13.344994133382725,13.416549336135846,13.287750244140625,13.287750244140625,3100,0.0,0.0
2002-02-27 00:00:00-05:00,13.603103637695312,13.603103637695312,13.603103637695312,13.603103637695312,100,0.03,0.0
2002-02-28 00:00:00-05:00,13.259083042683274,13.259083042683274,12.599712371826172,12.599712371826172,2500,0.0,0.0
2002-03-01 00:00:00-05:00,12.599712371826172,12.599712371826172,12.599712371826172,12.599712371826172,0,0.0,0.0
2002-03-04 00:00:00-05:00,13.25908162318933,13.402423592946862,13.029735565185547,13.029735565185547,700,0.0,0.0
2002-03-05 00:00:00-05:00,13.029735565185547,13.029735565185547,13.029735565185547,13.029735565185547,0,0.0,0.0
2002-03-06 00:00:00-05:00,12.42770004272461,12.42770004272461,12.42770004272461,12.42770004272461,1300,0.0,0.0
2002-03-07 00:00:00-05:00,12.542379809097506,12.893566279710926,12.542379809097506,12.721556663513184,2700,0.0,0.0
2002-03-08 00:00:00-05:00,12.857724739278348,12.936561584472656,12.728717252765591,12.936561584472656,1700,0.0,0.0
2002-03-11 00:00:00-05:00,13.079901695251465,13.43108793289099,13.072734461788208,13.079901695251465,2300,0.0,0.0
2002-03-12 00:00:00-05:00,13.008233059231923,13.008233059231923,12.900727272033691,12.900727272033691,400,0.0,0.0
2002-03-13 00:00:00-05:00,12.829051658039978,13.04406452178955,12.814717193721387,13.04406452178955,2000,0.0,0.0
2002-03-14 00:00:00-05:00,12.97239086582232,13.259073257446289,12.965223635155535,13.259073257446289,1600,0.0,0.0
2002-03-15 00:00:00-05:00,13.259083273469635,13.259083273469635,12.972400665283203,12.972400665283203,1100,0.0,0.0
2002-03-18 00:00:00-05:00,13.187410354614258,13.187410354614258,13.187410354614258,13.187410354614258,300,0.0,0.0
2002-03-19 00:00:00-05:00,13.04406452178955,13.04406452178955,13.04406452178955,13.04406452178955,1000,0.0,0.0
2002-03-20 00:00:00-05:00,13.151567531463485,13.259073257446289,13.151567531463485,13.259073257446289,3100,0.0,0.0
2002-03-21 00:00:00-05:00,13.273408115563925,13.42391586303711,13.273408115563925,13.42391586303711,1900,0.0,0.0
2002-03-22 00:00:00-05:00,13.42391586303711,13.42391586303711,13.42391586303711,13.42391586303711,0,0.0,0.0
2002-03-25 00:00:00-05:00,13.42391586303711,13.50992126660001,13.42391586303711,13.42391586303711,400,0.0,0.0
2002-03-26 00:00:00-05:00,13.42391586303711,13.42391586303711,13.42391586303711,13.42391586303711,0,0.0,0.0
2002-03-27 00:00:00-05:00,13.42391586303711,13.42391586303711,13.42391586303711,13.42391586303711,0,0.0,0.0
2002-03-28 00:00:00-05:00,13.509932104799933,13.509932104799933,13.230415344238281,13.230415344238281,1700,0.0,0.0
2002-04-01 00:00:00-05:00,13.20890701352698,13.509923934936523,13.122901592977204,13.509923934936523,1000,0.0,0.0
2002-04-02 00:00:00-05:00,13.12290382385254,13.12290382385254,13.12290382385254,13.122903823852539,100,0.0,0.0
2002-04-03 00:00:00-05:00,13.12290382385254,13.12290382385254,13.12290382385254,13.122903823852539,0,0.0,0.0
2002-04-04 00:00:00-05:00,13.366581817686155,13.366581817686155,13.151570320129395,13.151570320129395,1100,0.0,0.0
2002-04-05 00:00:00-05:00,13.359420776367188,13.359420776367188,13.352253540859303,13.359420776367188,500,0.0,0.0
2002-04-08 00:00:00-04:00,13.359420776367188,13.359420776367188,13.359420776367188,13.359420776367188,0,0.0,0.0
2002-04-09 00:00:00-04:00,13.388089179992676,13.388089179992676,13.388089179992676,13.388089179992676,100,0.0,0.0
2002-04-10 00:00:00-04:00,13.25908188604337,13.402423858642578,13.151576090099145,13.402423858642578,1500,0.0,0.0
2002-04-11 00:00:00-04:00,13.402423858642578,13.402423858642578,13.402423858642578,13.402423858642578,0,0.0,0.0
2002-04-12 00:00:00-04:00,13.187411767075393,13.187411767075393,13.115740776062012,13.115740776062012,5600,0.0,0.0
2002-04-15 00:00:00-04:00,13.20174789428711,13.20174789428711,13.20174789428711,13.20174789428711,200,0.0,0.0
2002-04-16 00:00:00-04:00,13.40241818450664,13.509923934936523,13.201739781230351,13.509923934936523,1300,0.0,0.0
2002-04-17 00:00:00-04:00,13.20174789428711,13.20174789428711,13.20174789428711,13.20174789428711,300,0.0,0.0
2002-04-18 00:00:00-04:00,13.20174789428711,13.20174789428711,13.20174789428711,13.20174789428711,0,0.0,0.0
2002-04-19 00:00:00-04:00,13.545762571687526,13.617433547973631,13.545762571687526,13.617433547973633,600,0.0,0.0
2002-04-22 00:00:00-04:00,13.259073257446289,13.259073257446289,13.259073257446289,13.259073257446289,300,0.0,0.0
2002-04-23 00:00:00-04:00,13.259073257446289,13.259073257446289,13.259073257446289,13.259073257446289,0,0.0,0.0
2002-04-24 00:00:00-04:00,13.294918060302734,13.294918060302734,13.294918060302734,13.294918060302734,900,0.0,0.0
2002-04-25 00:00:00-04:00,13.294918060302734,13.294918060302734,13.294918060302734,13.294918060302734,0,0.0,0.0
2002-04-26 00:00:00-04:00,13.294918060302734,13.294918060302734,13.294918060302734,13.294918060302734,0,0.0,0.0
2002-04-29 00:00:00-04:00,13.61743643344977,13.975790023803711,13.61743643344977,13.975790023803711,3500,0.0,0.0
2002-04-30 00:00:00-04:00,13.968621819693881,13.968621819693881,13.302083969116211,13.302083969116211,3000,0.0,0.0
2002-05-01 00:00:00-04:00,13.796609899119936,13.904115676879885,13.796609899119936,13.904115676879883,1900,0.0,0.0
2002-05-02 00:00:00-04:00,13.975790023803711,13.975790023803711,13.961455552107044,13.975790023803711,1000,0.0,0.0
2002-05-03 00:00:00-04:00,13.975790023803711,13.975790023803711,13.975790023803711,13.975790023803711,0,0.0,0.0
2002-05-06 00:00:00-04:00,13.975791448279272,14.154968261718752,13.975791448279272,14.15496826171875,1900,0.0,0.0
2002-05-07 00:00:00-04:00,14.24813229646331,14.24813229646331,14.147793769836426,14.147793769836426,2200,0.0,0.0
2002-05-08 00:00:00-04:00,14.154968261718752,14.154968261718752,14.154968261718752,14.15496826171875,300,0.0,0.0
2002-05-09 00:00:00-04:00,14.154968261718752,14.154968261718752,14.154968261718752,14.15496826171875,100,0.0,0.0
2002-05-10 00:00:00-04:00,14.183633804321289,14.183633804321289,14.183633804321289,14.183633804321289,200,0.0,0.0
2002-05-13 00:00:00-04:00,14.154972321067993,14.355650901794434,14.154972321067993,14.355650901794434,7400,0.0,0.0
2002-05-14 00:00:00-04:00,14.362811834561532,14.362811834561532,14.348477363586428,14.348477363586426,400,0.0,0.0
2002-05-15 00:00:00-04:00,14.334138870239258,14.470313572269331,14.26963513596238,14.334138870239258,1500,0.0,0.0
2002-05-16 00:00:00-04:00,14.334138870239258,14.334138870239258,14.334138870239258,14.334138870239258,700,0.0,0.0
2002-05-17 00:00:00-04:00,14.477479934692383,14.477479934692383,14.477479934692383,14.477479934692383,100,0.0,0.0
2002-05-20 00:00:00-04:00,14.513318049714234,14.513318049714234,14.40581226348877,14.40581226348877,1400,0.0,0.0
2002-05-21 00:00:00-04:00,14.40581226348877,14.40581226348877,14.40581226348877,14.40581226348877,400,0.0,0.0
2002-05-22 00:00:00-04:00,14.40581226348877,14.40581226348877,14.40581226348877,14.40581226348877,600,0.0,0.0
2002-05-23 00:00:00-04:00,14.40581226348877,14.40581226348877,14.40581226348877,14.40581226348877,400,0.0,0.0
2002-05-24 00:00:00-04:00,14.692495346069336,14.764166328476609,14.341309035985011,14.692495346069336,1700,0.0,0.0
2002-05-28 00:00:00-04:00,14.341309043963893,14.80000114440918,14.341309043963893,14.80000114440918,1200,0.0,0.0
2002-05-29 00:00:00-04:00,14.5133056640625,14.5133056640625,14.5133056640625,14.5133056640625,500,0.0,0.0
2002-05-30 00:00:00-04:00,14.534846550031359,14.534846550031359,14.498958587646484,14.498958587646484,400,0.03,0.0
2002-05-31 00:00:00-04:00,14.81478766176793,14.821965533465338,14.362592697143555,14.362592697143555,900,0.0,0.0
2002-06-03 00:00:00-04:00,14.376945495605467,14.376945495605467,14.376945495605467,14.376945495605469,2000,0.0,0.0
2002-06-04 00:00:00-04:00,14.455899134837317,14.455899134837317,14.319523709479837,14.326700210571289,2000,0.0,0.0
2002-06-05 00:00:00-04:00,14.35540771484375,14.35540771484375,14.247742430790096,14.35540771484375,5000,0.0,0.0
2002-06-06 00:00:00-04:00,14.283634105270327,14.297989845275877,14.283634105270327,14.297989845275879,200,0.0,0.0
2002-06-07 00:00:00-04:00,14.297985515654666,14.305163383483887,14.283629779996222,14.305163383483887,1700,0.0,0.0
2002-06-10 00:00:00-04:00,14.305163383483887,14.305163383483887,14.305163383483887,14.305163383483887,0,0.0,0.0
2002-06-11 00:00:00-04:00,14.312344370659977,14.333876609802246,14.312344370659977,14.333876609802246,3600,0.0,0.0
2002-06-12 00:00:00-04:00,14.348234365563798,14.534854888916016,14.348234365563798,14.534854888916016,1700,0.0,0.0
2002-06-13 00:00:00-04:00,14.534852760594067,14.857850036222706,14.491786913523113,14.714295387268066,3400,0.0,0.0
2002-06-14 00:00:00-04:00,14.542024365976141,14.714289049095628,14.427181243896484,14.427181243896484,3200,0.0,0.0
2002-06-17 00:00:00-04:00,14.886560144590478,15.00140331613875,14.714295387268068,14.714295387268066,6900,0.0,0.0
2002-06-18 00:00:00-04:00,14.714295387268068,14.714295387268068,14.714295387268068,14.714295387268066,0,0.0,0.0
2002-06-19 00:00:00-04:00,14.577915145755826,14.585093013402844,14.283629417419434,14.283629417419434,2600,0.0,0.0
2002-06-20 00:00:00-04:00,14.247744915155964,14.333876609802246,14.247744915155964,14.333876609802246,4400,0.0,0.0
2002-06-21 00:00:00-04:00,14.333876609802246,14.333876609802246,14.333876609802246,14.333876609802246,0,0.0,0.0
2002-06-24 00:00:00-04:00,14.333868275968213,14.333868275968213,14.211847305297852,14.211847305297852,5100,0.0,0.0
2002-06-25 00:00:00-04:00,14.211847305297852,14.211847305297852,14.211847305297852,14.211847305297852,0,0.0,0.0
2002-06-26 00:00:00-04:00,14.140080158691937,14.355410772666472,14.032413482666016,14.032413482666016,4500,0.0,0.0
2002-06-27 00:00:00-04:00,14.032413482666016,14.032413482666016,14.032413482666016,14.032413482666016,0,0.0,0.0
2002-06-28 00:00:00-04:00,13.996522873878927,13.996522873878927,13.924745559692383,13.924745559692383,600,0.0,0.0
2002-07-01 00:00:00-04:00,14.17595989886788,14.17595989886788,14.125716209411621,14.125716209411621,1300,0.0,0.0
2002-07-02 00:00:00-04:00,14.097009937884287,14.35540771484375,14.097009937884287,14.35540771484375,1200,0.0,0.0
2002-07-03 00:00:00-04:00,14.17596759025833,14.333876609802246,14.17596759025833,14.333876609802246,2900,0.0,0.0
2002-07-05 00:00:00-04:00,14.333874110417675,14.35540771484375,14.333874110417675,14.35540771484375,1400,0.0,0.0
2002-07-08 00:00:00-04:00,14.35540771484375,14.35540771484375,14.35540771484375,14.35540771484375,0,0.0,0.0
2002-07-09 00:00:00-04:00,14.35540771484375,14.35540771484375,14.35540771484375,14.35540771484375,0,0.0,0.0
2002-07-10 00:00:00-04:00,14.35540771484375,14.35540771484375,14.35540771484375,14.35540771484375,0,0.0,0.0
2002-07-11 00:00:00-04:00,14.211847305297852,14.211847305297852,14.211847305297852,14.211847305297852,100,0.0,0.0
2002-07-12 00:00:00-04:00,14.211847305297852,14.211847305297852,14.211847305297852,14.211847305297852,300,0.0,0.0
2002-07-15 00:00:00-04:00,14.125722876008737,14.125722876008737,13.156732480915494,13.171088218688965,6300,0.0,0.0
2002-07-16 00:00:00-04:00,13.17826490961031,13.314640299152586,13.17826490961031,13.278752326965332,1100,0.0,0.0
2002-07-17 00:00:00-04:00,13.171090517573363,13.544331550598145,13.171090517573363,13.544331550598145,700,0.0,0.0
2002-07-18 00:00:00-04:00,13.38641702503911,13.38641702503911,12.919866561889648,12.919866561889648,2500,0.0,0.0
2002-07-19 00:00:00-04:00,12.919866561889648,12.919866561889648,12.919866561889648,12.919866561889648,0,0.0,0.0
2002-07-22 00:00:00-04:00,12.919866561889648,12.919866561889648,12.919866561889648,12.919866561889648,0,0.0,0.0
2002-07-23 00:00:00-04:00,13.171091331472605,13.171091331472605,12.991648674011232,12.99164867401123,300,0.0,0.0
2002-07-24 00:00:00-04:00,12.919866338163864,13.185441970825195,12.848089029144182,13.185441970825195,6500,0.0,0.0
2002-07-25 00:00:00-04:00,13.565860016719672,14.35540771484375,13.185442588460866,14.35540771484375,2400,0.0,0.0
2002-07-26 00:00:00-04:00,14.35540771484375,14.35540771484375,14.35540771484375,14.35540771484375,0,0.0,0.0
2002-07-29 00:00:00-04:00,14.276455879211426,14.276455879211426,14.276455879211426,14.276455879211426,400,0.0,0.0
2002-07-30 00:00:00-04:00,14.104189934352373,14.498964527505187,14.104189934352373,14.3195219039917,5300,0.0,0.0
2002-07-31 00:00:00-04:00,14.35540771484375,14.35540771484375,14.35540771484375,14.35540771484375,100,0.0,0.0
2002-08-01 00:00:00-04:00,13.451022315646064,13.637642855852931,13.451022315646064,13.494088172912598,600,0.0,0.0
2002-08-02 00:00:00-04:00,13.451017379760742,13.451017379760742,13.451017379760742,13.451017379760742,500,0.0,0.0
2002-08-05 00:00:00-04:00,13.451017379760742,13.98216732127088,13.451017379760742,13.451017379760742,600,0.0,0.0
2002-08-06 00:00:00-04:00,13.451014481609793,13.996520042419434,13.451014481609793,13.996520042419434,3000,0.0,0.0
2002-08-07 00:00:00-04:00,13.989342136976259,13.989342136976259,13.458192311372018,13.465370178222656,1100,0.0,0.0
2002-08-08 00:00:00-04:00,13.465370178222656,13.817077439675272,13.465370178222656,13.465370178222656,2100,0.0,0.0
2002-08-09 00:00:00-04:00,13.465370941623977,13.465370941623977,13.4223051071167,13.4223051071167,700,0.0,0.0
2002-08-12 00:00:00-04:00,13.422309860696183,13.422309860696183,13.350532531738281,13.350532531738281,900,0.0,0.0
2002-08-13 00:00:00-04:00,13.35053485901118,13.501266043963506,13.084959106283236,13.494088172912598,2200,0.0,0.0
2002-08-14 00:00:00-04:00,13.494088172912598,13.817085525008892,13.494088172912598,13.494088172912598,1000,0.0,0.0
2002-08-15 00:00:00-04:00,13.494088172912598,13.494088172912598,13.494088172912598,13.494088172912598,300,0.0,0.0
2002-08-16 00:00:00-04:00,13.084955831310165,13.501262664794922,13.084955831310165,13.501262664794922,200,0.0,0.0
2002-08-19 00:00:00-04:00,13.501262664794922,13.501262664794922,13.501262664794922,13.501262664794922,400,0.0,0.0
2002-08-20 00:00:00-04:00,13.135199546813965,13.206976870318016,13.135199546813965,13.135199546813965,600,0.0,0.0
2002-08-21 00:00:00-04:00,12.991650669312152,12.991650669312152,12.905517578125,12.905517578125,400,0.0,0.0
2002-08-22 00:00:00-04:00,12.63276143867456,13.09931200334203,12.63276143867456,12.639939308166504,1500,0.0,0.0
2002-08-23 00:00:00-04:00,13.616103322648794,13.616103322648794,12.919866561889648,12.919866561889648,300,0.0,0.0
2002-08-26 00:00:00-04:00,12.919866561889648,12.919866561889648,12.919866561889648,12.919866561889648,300,0.0,0.0
2002-08-27 00:00:00-04:00,13.623281457474103,13.623281457474103,12.704536249036128,12.883978843688965,1500,0.0,0.0
2002-08-28 00:00:00-04:00,12.704538087030375,12.740426063537598,12.704538087030375,12.740426063537598,500,0.0,0.0
2002-08-29 00:00:00-04:00,12.762000371332038,13.121493339538574,12.762000371332038,13.121493339538574,1800,0.03,0.0
2002-08-30 00:00:00-04:00,13.121493339538574,13.121493339538574,13.121493339538574,13.121493339538574,500,0.0,0.0
2002-09-03 00:00:00-04:00,13.121493339538574,13.222150931802213,13.121493339538574,13.121493339538574,2600,0.0,0.0
2002-09-04 00:00:00-04:00,13.121488141341949,13.121488141341949,12.761995315551758,12.761995315551758,1600,0.0,0.0
2002-09-05 00:00:00-04:00,12.761995045296844,12.769185066223145,12.761995045296844,12.769185066223145,500,0.0,0.0
2002-09-06 00:00:00-04:00,12.761995315551758,12.761995315551758,12.761995315551758,12.761995315551758,1000,0.0,0.0
2002-09-09 00:00:00-04:00,13.229339809945925,13.229339809945925,12.761999266024812,12.7835693359375,5700,0.0,0.0
2002-09-10 00:00:00-04:00,12.941740036010742,12.941740036010742,12.941740036010742,12.941740036010742,5500,0.0,0.0
2002-09-11 00:00:00-04:00,12.941740036010742,12.941740036010742,12.941740036010742,12.941740036010742,300,0.0,0.0
2002-09-12 00:00:00-04:00,12.941740036010742,13.08553769606442,12.941740036010742,12.941740036010742,700,0.0,0.0
2002-09-13 00:00:00-04:00,12.941740036010742,12.941740036010742,12.941740036010742,12.941740036010742,500,0.0,0.0
2002-09-16 00:00:00-04:00,12.941741728446853,12.941741728446853,12.761995315551758,12.761995315551758,1800,0.0,0.0
2002-09-17 00:00:00-04:00,12.761995315551758,12.761995315551758,12.761995315551758,12.761995315551758,500,0.0,0.0
2002-09-18 00:00:00-04:00,12.761995315551758,12.941741728446853,12.761995315551758,12.761995315551758,1800,0.0,0.0
2002-09-19 00:00:00-04:00,12.761995315551758,12.761995315551758,12.761995315551758,12.761995315551758,2500,0.0,0.0
2002-09-20 00:00:00-04:00,12.761995315551758,12.927361686289734,12.761995315551758,12.761995315551758,800,0.0,0.0
2002-09-23 00:00:00-04:00,12.761993990302548,12.833892822265625,12.761993990302548,12.833892822265625,4200,0.0,0.0
2002-09-24 00:00:00-04:00,12.761995045296844,12.941741454385532,12.761995045296844,12.769185066223145,3400,0.0,0.0
2002-09-25 00:00:00-04:00,12.761995315551758,12.941741728446853,12.761995315551758,12.761995315551758,6000,0.0,0.0
2002-09-26 00:00:00-04:00,12.761994775346109,12.941741180632674,12.761994775346109,12.776374816894531,1900,0.0,0.0
2002-09-27 00:00:00-04:00,12.769185066223145,12.97769018766076,12.769185066223145,12.769185066223145,900,0.0,0.0
2002-09-30 00:00:00-04:00,12.769185066223145,12.769185066223145,12.769185066223145,12.769185066223145,0,0.0,0.0
2002-10-01 00:00:00-04:00,12.90579497201541,12.920173645019531,12.90579497201541,12.920173645019531,1500,0.0,0.0
2002-10-02 00:00:00-04:00,12.97769040686545,13.006450491056434,12.948931694030762,12.948931694030762,2400,0.0,0.0
2002-10-03 00:00:00-04:00,12.948931694030762,12.948931694030762,12.948931694030762,12.948931694030762,1500,0.0,0.0
2002-10-04 00:00:00-04:00,12.948931694030762,12.948931694030762,12.948931694030762,12.948931694030762,200,0.0,0.0
2002-10-07 00:00:00-04:00,12.948931694030762,12.948931694030762,12.948931694030762,12.948931694030762,600,0.0,0.0
2002-10-08 00:00:00-04:00,12.948930056149038,12.948930056149038,12.941740036010742,12.941740036010742,1200,0.0,0.0
2002-10-09 00:00:00-04:00,12.941745076649653,12.999263888802718,12.704479805098675,12.934555053710938,14800,0.0,0.0
2002-10-10 00:00:00-04:00,13.006447792053223,13.006447792053223,13.006447792053223,13.006447792053223,400,0.0,0.0
2002-10-11 00:00:00-04:00,12.94174217022931,13.157437324523928,12.93455214890531,13.157437324523926,1300,0.0,0.0
2002-10-14 00:00:00-04:00,13.301238651702366,13.653541564941404,13.301238651702366,13.653541564941406,700,0.0,0.0
2002-10-15 00:00:00-04:00,13.660723686218262,13.660723686218262,13.660723686218262,13.660723686218262,500,0.0,0.0
2002-10-16 00:00:00-04:00,13.725436531387718,13.840474128723145,13.725436531387718,13.840474128723145,300,0.0,0.0
2002-10-17 00:00:00-04:00,13.840474128723145,13.840474128723145,13.840474128723145,13.840474128723145,0,0.0,0.0
2002-10-18 00:00:00-04:00,13.840474128723145,13.840474128723145,13.840474128723145,13.840474128723145,0,0.0,0.0
2002-10-21 00:00:00-04:00,13.905178070068358,13.905178070068358,13.905178070068358,13.90517807006836,100,0.0,0.0
2002-10-22 00:00:00-04:00,13.905178070068358,13.905178070068358,13.905178070068358,13.90517807006836,0,0.0,0.0
2002-10-23 00:00:00-04:00,13.52411937713623,13.52411937713623,13.164626560519643,13.52411937713623,400,0.0,0.0
2002-10-24 00:00:00-04:00,14.020220232009887,14.444421876943306,14.020220232009887,14.37971305847168,7800,0.0,0.0
2002-10-25 00:00:00-04:00,14.372520366319556,14.372520366319556,14.0274076461792,14.0274076461792,300,0.0,0.0
2002-10-28 00:00:00-05:00,14.0274076461792,14.0274076461792,14.0274076461792,14.0274076461792,0,0.0,0.0
2002-10-29 00:00:00-05:00,14.020224046134393,14.164021764381006,14.020224046134393,14.156831741333008,4400,0.0,0.0
2002-10-30 00:00:00-05:00,14.156831741333008,14.156831741333008,14.156831741333008,14.156831741333008,0,0.0,0.0
2002-10-31 00:00:00-05:00,13.948319580334427,14.120875950055474,13.948319580334427,13.969889640808105,3100,0.0,0.0
2002-11-01 00:00:00-05:00,13.948312750708512,14.199957847595215,13.948312750708512,14.199957847595215,3600,0.0,0.0
2002-11-04 00:00:00-05:00,14.372523803007683,14.422852581976352,14.077739779314298,14.235916137695312,1200,0.0,0.0
2002-11-05 00:00:00-05:00,14.235911401400092,14.235911401400092,14.099305152893066,14.099305152893066,2000,0.0,0.0
2002-11-06 00:00:00-05:00,14.099305152893066,14.099305152893066,14.099305152893066,14.099305152893066,0,0.0,0.0
2002-11-07 00:00:00-05:00,14.099305152893066,14.099305152893066,14.099305152893066,14.099305152893066,0,0.0,0.0
2002-11-08 00:00:00-05:00,14.379707604119147,14.379707604119147,14.214341295797166,14.372517585754395,3500,0.0,0.0
2002-11-11 00:00:00-05:00,14.379714039914965,14.667308046441986,14.379714039914965,14.46599292755127,3500,0.0,0.0
2002-11-12 00:00:00-05:00,14.430044445915996,14.430044445915996,14.42285442352295,14.42285442352295,1100,0.0,0.0
2002-11-13 00:00:00-05:00,14.552263411252019,14.581023483684223,14.552263411252019,14.573833465576172,800,0.0,0.0
2002-11-14 00:00:00-05:00,14.760770562302616,14.803909301757812,14.760770562302616,14.803909301757812,400,0.0,0.0
2002-11-15 00:00:00-05:00,14.911763817914146,14.911763817914146,14.760777473449707,14.760777473449707,900,0.0,0.0
2002-11-18 00:00:00-05:00,14.688875198364258,14.688875198364258,14.688875198364258,14.688875198364258,200,0.0,0.0
2002-11-19 00:00:00-05:00,14.674505103601597,14.890200369071174,14.616986274719238,14.616986274719238,3700,0.0,0.0
2002-11-20 00:00:00-05:00,14.616986274719238,14.616986274719238,14.616986274719238,14.616986274719238,0,0.0,0.0
2002-11-21 00:00:00-05:00,14.624176299749164,14.624176299749164,14.616986274719238,14.616986274719238,1400,0.0,0.0
2002-11-22 00:00:00-05:00,14.911764402212684,14.911764402212684,14.86862564086914,14.86862564086914,800,0.0,0.0
2002-11-25 00:00:00-05:00,14.911760911284386,15.09869732848552,14.775153265761215,14.983659744262695,3600,0.0,0.0
2002-11-26 00:00:00-05:00,14.926140785217285,14.926140785217285,14.926140785217285,14.926140785217285,100,0.0,0.0
2002-11-27 00:00:00-05:00,15.11335017247813,15.156551361083984,15.11335017247813,15.156551361083984,1100,0.03,0.0
2002-11-29 00:00:00-05:00,15.070145507817092,15.070145507817092,14.875738143920898,14.875738143920898,400,0.0,0.0
2002-12-02 00:00:00-05:00,15.084549522125105,15.15655104384748,14.91894245147705,14.91894245147705,1100,0.0,0.0
2002-12-03 00:00:00-05:00,15.480562213864117,16.200588363346167,15.113348712827362,15.336556434631348,3900,0.0,0.0
2002-12-04 00:00:00-05:00,15.271754264831543,15.271754264831543,15.271754264831543,15.271754264831543,100,0.0,0.0
2002-12-05 00:00:00-05:00,15.343757544550131,15.437361717224121,15.307756784808415,15.437361717224121,1900,0.0,0.0
2002-12-06 00:00:00-05:00,15.437359123634238,15.480560302734373,15.437359123634238,15.480560302734375,1400,0.0,0.0
2002-12-09 00:00:00-05:00,15.502164183431976,15.502164183431976,15.437361717224121,15.437361717224121,2900,0.0,0.0
2002-12-10 00:00:00-05:00,15.444559549041047,15.480560302734373,15.437359123634238,15.480560302734375,5000,0.0,0.0
2002-12-11 00:00:00-05:00,15.602978403424883,15.718182563781738,15.602978403424883,15.718182563781738,700,0.0,0.0
2002-12-12 00:00:00-05:00,15.718182563781738,15.718182563781738,15.718182563781738,15.718182563781738,0,0.0,0.0
2002-12-13 00:00:00-05:00,15.70375919342041,15.70375919342041,15.70375919342041,15.70375919342041,400,0.0,0.0
2002-12-16 00:00:00-05:00,15.890971137045053,16.12857962528032,15.890971137045053,15.984575271606445,2800,0.0,0.0
2002-12-17 00:00:00-05:00,16.12857962528032,16.15018089633458,15.984575271606445,15.984575271606445,1700,0.0,0.0
2002-12-18 00:00:00-05:00,15.984575271606445,15.984575271606445,15.984575271606445,15.984575271606445,200,0.0,0.0
2002-12-19 00:00:00-05:00,15.984585619918711,16.00618553161621,15.984585619918711,16.00618553161621,2500,0.0,0.0
2002-12-20 00:00:00-05:00,16.013385959962473,16.258195030370224,15.977385191572449,16.00618553161621,4100,0.0,0.0
2002-12-23 00:00:00-05:00,16.056587156698757,16.056587156698757,16.00618553161621,16.00618553161621,2700,0.0,0.0
2002-12-24 00:00:00-05:00,16.056585946170678,16.056585946170678,15.934181420195047,15.962983131408691,500,0.0,0.0
2002-12-26 00:00:00-05:00,15.962983131408691,15.962983131408691,15.962983131408691,15.962983131408691,0,0.0,0.0
2002-12-27 00:00:00-05:00,16.078191137719667,16.121392341699906,15.97738787065194,16.04939079284668,2000,0.0,0.0
2002-12-30 00:00:00-05:00,16.07098179489885,16.531798044021446,16.049381891559197,16.078182220458984,4600,0.0,0.0
2002-12-31 00:00:00-05:00,16.272592209456246,16.445398330688477,16.272592209456246,16.445398330688477,400,0.0,0.0
2003-01-02 00:00:00-05:00,16.272594946977268,16.272594946977268,16.186191185155057,16.200592041015625,3000,0.0,0.0
2003-01-03 00:00:00-05:00,16.200592041015625,16.200592041015625,16.200592041015625,16.200592041015625,0,0.0,0.0
2003-01-06 00:00:00-05:00,16.200592041015625,16.200592041015625,16.200592041015625,16.200592041015625,0,0.0,0.0
2003-01-07 00:00:00-05:00,16.157391753472396,16.3445987701416,16.157391753472396,16.3445987701416,1900,0.0,0.0
2003-01-08 00:00:00-05:00,16.373390016523004,16.373390016523004,16.272586822509766,16.272586822509766,2600,0.0,0.0
2003-01-09 00:00:00-05:00,16.380592530356324,16.380592530356324,16.258188047723333,16.37339210510254,800,0.0,0.0
2003-01-10 00:00:00-05:00,16.38059774550051,16.38059774550051,16.28699493408203,16.28699493408203,600,0.0,0.0
2003-01-13 00:00:00-05:00,16.52460146619446,16.71900749206543,16.52460146619446,16.71900749206543,1100,0.0,0.0
2003-01-14 00:00:00-05:00,16.560600630794948,16.942214965820312,16.560600630794948,16.942214965820312,1900,0.0,0.0
2003-01-15 00:00:00-05:00,17.11502080756158,17.28062648174316,17.11502080756158,17.273426055908203,900,0.0,0.0
2003-01-16 00:00:00-05:00,17.050222666267526,17.251829147338867,17.050222666267526,17.251829147338867,3600,0.0,0.0
2003-01-17 00:00:00-05:00,17.25182956075065,17.309432983398438,17.25182956075065,17.309432983398438,1200,0.0,0.0
2003-01-21 00:00:00-05:00,17.338233321381146,17.417436654180666,17.29503212773649,17.309432983398438,1000,0.0,0.0
2003-01-22 00:00:00-05:00,17.309427445791094,17.403030230966106,17.302227020263672,17.302227020263672,1300,0.0,0.0
2003-01-23 00:00:00-05:00,17.316625595092773,17.316625595092773,17.316625595092773,17.316625595092773,1200,0.0,0.0
2003-01-24 00:00:00-05:00,17.316625595092773,17.316625595092773,17.316625595092773,17.316625595092773,300,0.0,0.0
2003-01-27 00:00:00-05:00,17.316625595092773,17.316625595092773,17.316625595092773,17.316625595092773,400,0.0,0.0
2003-01-28 00:00:00-05:00,17.28782526782547,17.316625595092773,17.28782526782547,17.316625595092773,1000,0.0,0.0
2003-01-29 00:00:00-05:00,17.28063024837127,17.28063024837127,15.696571926267461,16.013383865356445,2700,0.0,0.0
2003-01-30 00:00:00-05:00,16.207786191952955,16.848608922815586,16.200585766811272,16.222187042236328,2300,0.0,0.0
2003-01-31 00:00:00-05:00,16.755003982933513,17.24462184273097,16.42379133581267,16.553396224975586,3300,0.0,0.0
2003-02-03 00:00:00-05:00,16.668606140317255,16.668606140317255,16.495800018310547,16.495800018310547,500,0.0,0.0
2003-02-04 00:00:00-05:00,16.488601684570312,16.488601684570312,16.488601684570312,16.488601684570312,1300,0.0,0.0
2003-02-05 00:00:00-05:00,16.488601684570312,16.488601684570312,16.488601684570312,16.488601684570312,0,0.0,0.0
2003-02-06 00:00:00-05:00,16.416595458984375,16.416595458984375,16.416595458984375,16.416595458984375,100,0.0,0.0
2003-02-07 00:00:00-05:00,16.870210730962388,16.920612335205078,16.870210730962388,16.920612335205078,200,0.0,0.0
2003-02-10 00:00:00-05:00,16.589397430419922,16.589397430419922,16.589397430419922,16.589397430419922,1100,0.0,0.0
2003-02-11 00:00:00-05:00,16.589397430419922,16.589397430419922,16.589397430419922,16.589397430419922,3000,0.0,0.0
2003-02-12 00:00:00-05:00,16.575002670288086,16.575002670288086,16.575002670288086,16.575002670288086,200,0.0,0.0
2003-02-13 00:00:00-05:00,16.560602042332793,16.726207733154297,16.560602042332793,16.726207733154297,2300,0.0,0.0
2003-02-14 00:00:00-05:00,16.726207733154297,16.726207733154297,16.726207733154297,16.726207733154297,0,0.0,0.0
2003-02-18 00:00:00-05:00,16.697410583496094,16.697410583496094,16.697410583496094,16.697410583496094,400,0.0,0.0
2003-02-19 00:00:00-05:00,16.611001414888,16.647003542825317,16.611001414888,16.63260269165039,2100,0.0,0.0
2003-02-20 00:00:00-05:00,16.61820811873743,16.61820811873743,16.611007690429688,16.611007690429688,600,0.0,0.0
2003-02-21 00:00:00-05:00,16.611007690429688,16.611007690429688,16.611007690429688,16.611007690429688,1900,0.0,0.0
2003-02-24 00:00:00-05:00,16.567805068103812,16.567805068103812,16.380598068237305,16.380598068237305,600,0.0,0.0
2003-02-25 00:00:00-05:00,16.2797978882282,16.2797978882282,15.8621826171875,15.8621826171875,900,0.0,0.0
2003-02-26 00:00:00-05:00,15.8621826171875,15.8621826171875,15.8621826171875,15.8621826171875,0,0.0,0.0
2003-02-27 00:00:00-05:00,12.978150974620473,16.172218351186366,12.978150974620473,15.862184524536133,800,0.03,0.0
2003-02-28 00:00:00-05:00,15.862184524536133,15.862184524536133,15.862184524536133,15.862184524536133,0,0.0,0.0
2003-03-03 00:00:00-05:00,15.970323378072207,15.970323378072207,15.674710273742676,15.674710273742676,300,0.0,0.0
2003-03-04 00:00:00-05:00,15.674710273742676,15.674710273742676,15.674710273742676,15.674710273742676,0,0.0,0.0
2003-03-05 00:00:00-05:00,15.717980875950364,15.732401372447685,15.609829902648926,15.609829902648926,500,0.0,0.0
2003-03-06 00:00:00-05:00,15.45120337270328,15.790076675188358,14.780665638344193,15.653084754943848,7000,0.0,0.0
2003-03-07 00:00:00-05:00,15.653084754943848,15.653084754943848,15.653084754943848,15.653084754943848,0,0.0,0.0
2003-03-10 00:00:00-05:00,15.77565430720753,15.790074797142072,15.6458740234375,15.6458740234375,1200,0.0,0.0
2003-03-11 00:00:00-05:00,15.566561134523567,15.566561134523567,15.429569244384767,15.429569244384766,700,0.0,0.0
2003-03-12 00:00:00-05:00,15.429569244384767,15.429569244384767,15.429569244384767,15.429569244384766,100,0.0,0.0
2003-03-13 00:00:00-05:00,15.429569244384767,15.429569244384767,15.429569244384767,15.429569244384766,1100,0.0,0.0
2003-03-14 00:00:00-05:00,15.429575940902993,15.559357643127441,15.429575940902993,15.559357643127441,300,0.0,0.0
2003-03-17 00:00:00-05:00,15.436779488625069,15.436779488625069,15.429569244384767,15.429569244384766,200,0.0,0.0
2003-03-18 00:00:00-05:00,15.559355213131257,15.689136895086936,15.465624762393185,15.472833633422852,2100,0.0,0.0
2003-03-19 00:00:00-05:00,15.429569244384767,15.429569244384767,15.429569244384767,15.429569244384766,400,0.0,0.0
2003-03-20 00:00:00-05:00,15.429569244384767,15.429569244384767,15.429569244384767,15.429569244384766,200,0.0,0.0
2003-03-21 00:00:00-05:00,15.631450653076174,15.631450653076174,15.631450653076174,15.631450653076172,100,0.0,0.0
2003-03-24 00:00:00-05:00,15.472829334613108,15.862174272308605,15.429569244384767,15.429569244384766,4600,0.0,0.0
2003-03-25 00:00:00-05:00,15.6458740234375,15.6458740234375,15.6458740234375,15.6458740234375,100,0.0,0.0
2003-03-26 00:00:00-05:00,15.559350890283266,15.559350890283266,15.429569244384767,15.429569244384766,2200,0.0,0.0
2003-03-27 00:00:00-05:00,15.429572131826228,15.552143556422054,15.429572131826228,15.494462966918945,6300,0.0,0.0
2003-03-28 00:00:00-05:00,15.494462966918945,15.494462966918945,15.494462966918945,15.494462966918945,0,0.0,0.0
2003-03-31 00:00:00-05:00,15.429573462373225,15.50167454927308,14.722985836225126,14.98975944519043,2500,0.0,0.0
2003-04-01 00:00:00-05:00,15.501672465626786,15.501672465626786,14.780664443969727,14.780664443969727,2400,0.0,0.0
2003-04-02 00:00:00-05:00,15.040231739370524,15.285374641418457,15.040231739370524,15.285374641418457,2700,0.0,0.0
2003-04-03 00:00:00-05:00,15.43677979335122,15.573771686194277,15.076275825500488,15.076275825500488,900,0.0,0.0
2003-04-04 00:00:00-05:00,15.436784422827985,16.22989366499499,15.436784422827985,16.114532470703125,2900,0.0,0.0
2003-04-07 00:00:00-04:00,16.40292350730782,16.40292350730782,16.301982879638672,16.301982879638672,1600,0.0,0.0
2003-04-08 00:00:00-04:00,16.35246567624791,16.547138214111328,16.35246567624791,16.547138214111328,1800,0.0,0.0
2003-04-09 00:00:00-04:00,16.547137162024026,16.547137162024026,16.22268295288086,16.22268295288086,1100,0.0,0.0
2003-04-10 00:00:00-04:00,16.042436621405862,16.042436621405862,15.227697748649007,15.862184524536133,2400,0.0,0.0
2003-04-11 00:00:00-04:00,15.862184524536133,15.862184524536133,15.862184524536133,15.862184524536133,0,0.0,0.0
2003-04-14 00:00:00-04:00,15.278161568150638,15.73239605250194,15.278161568150638,15.537723541259766,3600,0.0,0.0
2003-04-15 00:00:00-04:00,15.422356244016182,15.818911355083642,15.206054456316277,15.59539794921875,3800,0.0,0.0
2003-04-16 00:00:00-04:00,15.21327633568453,15.797292709350586,15.21327633568453,15.797292709350586,400,0.0,0.0
2003-04-17 00:00:00-04:00,15.818923897029737,16.02080535888672,15.818923897029737,16.02080535888672,2200,0.0,0.0
2003-04-21 00:00:00-04:00,16.04963493347168,16.04963493347168,16.04963493347168,16.04963493347168,300,0.0,0.0
2003-04-22 00:00:00-04:00,15.898230618685732,16.12174415588379,15.898230618685732,16.12174415588379,1500,0.0,0.0
2003-04-23 00:00:00-04:00,15.941485196225342,16.431770790940032,15.941485196225342,16.424560546875,21800,0.0,0.0
2003-04-24 00:00:00-04:00,16.417349897464547,16.583181381225586,16.417349897464547,16.583181381225586,500,0.0,0.0
2003-04-25 00:00:00-04:00,16.30920365070559,16.590396366595996,16.30920365070559,16.467824935913086,400,0.0,0.0
2003-04-28 00:00:00-04:00,16.496659829794858,16.59760186899961,16.44618949779919,16.583181381225586,4600,0.0,0.0
2003-04-29 00:00:00-04:00,16.734594345092773,16.734594345092773,16.734594345092773,16.734594345092773,100,0.0,0.0
2003-04-30 00:00:00-04:00,16.583181381225586,16.60481211288662,16.583181381225586,16.583181381225586,4100,0.0,0.0
2003-05-01 00:00:00-04:00,16.66249656677246,16.66249656677246,16.66249656677246,16.66249656677246,100,0.0,0.0
2003-05-02 00:00:00-04:00,16.763440146750032,16.9797420501709,16.763440146750032,16.9797420501709,3000,0.0,0.0
2003-05-05 00:00:00-04:00,17.15278061256771,17.772846544136215,16.979737486087537,17.455602645874023,8400,0.0,0.0
2003-05-06 00:00:00-04:00,17.390717990418757,17.44839859008789,17.159994216528244,17.44839859008789,3500,0.0,0.0
2003-05-07 00:00:00-04:00,18.02519449334281,19.81329345703125,17.70795068520028,19.81329345703125,9900,0.0,0.0
2003-05-08 00:00:00-04:00,18.05404363926109,19.46000862121582,18.046833393173465,19.46000862121582,2600,0.0,0.0
2003-05-09 00:00:00-04:00,18.746205610230128,22.351245150659,18.746205610230128,21.060640335083008,21700,0.0,0.0
2003-05-12 00:00:00-04:00,21.983534953252246,22.19983819017067,20.981334218692677,20.988544464111328,12500,0.0,0.0
2003-05-13 00:00:00-04:00,21.01738798611647,21.781656265098718,21.01738798611647,21.630245208740234,600,0.0,0.0
2003-05-14 00:00:00-04:00,21.601403371462712,21.601403371462712,19.827723994260616,19.986345291137695,1500,0.0,0.0
2003-05-15 00:00:00-04:00,20.873185161138068,20.873185161138068,19.08508401803393,19.178815841674805,2800,0.0,0.0
2003-05-16 00:00:00-04:00,19.178815841674805,19.178815841674805,19.178815841674805,19.178815841674805,0,0.0,0.0
2003-05-19 00:00:00-04:00,18.825523746577947,18.825523746577947,18.227087020874023,18.227087020874023,1000,0.0,0.0
2003-05-20 00:00:00-04:00,18.227087020874023,18.227087020874023,18.227087020874023,18.227087020874023,0,0.0,0.0
2003-05-21 00:00:00-04:00,18.760623449546713,19.46721076965332,18.39290930331656,19.46721076965332,2600,0.0,0.0
2003-05-22 00:00:00-04:00,19.82772077923349,19.82772077923349,18.88320064717347,18.9697208404541,4300,0.0,0.0
2003-05-23 00:00:00-04:00,19.827718467355886,19.827718467355886,18.962508384149498,19.286962509155273,600,0.0,0.0
2003-05-27 00:00:00-04:00,19.46721076965332,19.46721076965332,18.926454914940727,19.46721076965332,5900,0.0,0.0
2003-05-28 00:00:00-04:00,19.46721227173316,20.404521942138672,19.46721227173316,20.404521942138672,4300,0.0,0.0
2003-05-29 00:00:00-04:00,20.93142085511717,21.631540298461914,20.93142085511717,21.631540298461914,1700,0.03,0.0
2003-05-30 00:00:00-04:00,21.65319539732852,21.65319539732852,20.649931117787688,21.292308807373047,3800,0.0,0.0
2003-06-02 00:00:00-04:00,21.581016540527344,21.581016540527344,21.581016540527344,21.581016540527344,400,0.0,0.0
2003-06-03 00:00:00-04:00,21.400575435597784,21.653196334838867,21.400575435597784,21.653196334838867,900,0.0,0.0
2003-06-04 00:00:00-04:00,21.65319412962737,21.833637414040933,21.581016540527344,21.581016540527344,3200,0.0,0.0
2003-06-05 00:00:00-04:00,21.59545233368195,21.59545233368195,21.581016540527344,21.581016540527344,3300,0.0,0.0
2003-06-06 00:00:00-04:00,21.833633276132435,21.833633276132435,21.111860275268555,21.111860275268555,500,0.0,0.0
2003-06-09 00:00:00-04:00,21.11187152539974,21.833644910883493,20.368444442749023,20.368444442749023,3500,0.0,0.0
2003-06-10 00:00:00-04:00,20.36843824747949,20.72210693359375,20.36843824747949,20.72210693359375,600,0.0,0.0
2003-06-11 00:00:00-04:00,20.72210693359375,20.72210693359375,20.72210693359375,20.72210693359375,0,0.0,0.0
2003-06-12 00:00:00-04:00,21.508835281593772,21.544924758322708,20.75819206237793,20.75819206237793,1500,0.0,0.0
2003-06-13 00:00:00-04:00,21.49441058138151,21.501628479989225,20.808725357055664,20.808725357055664,800,0.0,0.0
2003-06-16 00:00:00-04:00,20.93142221741757,21.487187896350544,20.787067030766146,21.292308807373047,1300,0.0,0.0
2003-06-17 00:00:00-04:00,20.93142318725586,20.93142318725586,20.93142318725586,20.93142318725586,1600,0.0,0.0
2003-06-18 00:00:00-04:00,21.00359423191055,21.292303151855403,20.66436004638672,20.66436004638672,2700,0.0,0.0
2003-06-19 00:00:00-04:00,21.270655116373405,21.292308807373047,21.205695420047572,21.292308807373047,1800,0.0,0.0
2003-06-20 00:00:00-04:00,20.411746023483996,21.292308807373047,20.411746023483996,21.292308807373047,1100,0.0,0.0
2003-06-23 00:00:00-04:00,21.292308807373047,21.292308807373047,21.292308807373047,21.292308807373047,600,0.0,0.0
2003-06-24 00:00:00-04:00,21.292303525484524,21.537706455912065,20.592184210248746,21.111860275268555,1100,0.0,0.0
2003-06-25 00:00:00-04:00,21.645978437526477,21.653196334838867,20.563318620784532,21.653196334838867,5300,0.0,0.0
2003-06-26 00:00:00-04:00,21.653190025916466,21.653190025916466,20.505570844409075,21.111860275268555,1100,0.0,0.0
2003-06-27 00:00:00-04:00,21.62432019015493,21.65319177332233,20.815935134887695,20.815935134887695,2400,0.0,0.0
2003-06-30 00:00:00-04:00,20.787061236999048,21.6531893621543,20.0075464750284,20.599401473999023,5900,0.0,0.0
2003-07-01 00:00:00-04:00,20.570529392801948,20.570529392801948,20.39008615251421,20.404521942138672,900,0.0,0.0
2003-07-02 00:00:00-04:00,20.462270873910615,20.93142318725586,20.462270873910615,20.93142318725586,4400,0.0,0.0
2003-07-03 00:00:00-04:00,21.29230879244621,21.29230879244621,20.772632598876953,20.772632598876953,700,0.0,0.0
2003-07-07 00:00:00-04:00,21.292300514552906,21.292300514552906,20.462261956269252,20.7509708404541,1200,0.0,0.0
2003-07-08 00:00:00-04:00,20.2096495501763,20.390092849731445,20.2096495501763,20.390092849731445,500,0.0,0.0
2003-07-09 00:00:00-04:00,20.209646224975586,20.209646224975586,20.209646224975586,20.209646224975586,2100,0.0,0.0
2003-07-10 00:00:00-04:00,20.570537567138672,20.570537567138672,20.570537567138672,20.570537567138672,500,0.0,0.0
2003-07-11 00:00:00-04:00,20.570536580579034,20.93142318725586,20.20964997390221,20.93142318725586,3700,0.0,0.0
2003-07-14 00:00:00-04:00,21.111861330293216,21.55936121892778,20.93141807105994,21.443876266479492,4900,0.0,0.0
2003-07-15 00:00:00-04:00,21.292309793932684,21.292309793932684,19.48787676054856,20.93142318725586,5000,0.0,0.0
2003-07-16 00:00:00-04:00,20.24573765941808,20.390092849731445,20.2096495501763,20.390092849731445,800,0.0,0.0
2003-07-17 00:00:00-04:00,20.03642310810425,20.750978372063223,19.70440673828125,19.70440673828125,1500,0.0,0.0
2003-07-18 00:00:00-04:00,18.405223271392018,21.10465585266201,17.539094566774708,20.90977668762207,6600,0.0,0.0
2003-07-21 00:00:00-04:00,19.740496801517743,20.10138339249001,18.8094087360062,19.50231170654297,800,0.0,0.0
2003-07-22 00:00:00-04:00,20.209658236116976,20.209658236116976,18.982642721111816,20.02921485900879,1400,0.0,0.0
2003-07-23 00:00:00-04:00,19.776588439941406,19.776588439941406,19.776588439941406,19.776588439941406,200,0.0,0.0
2003-07-24 00:00:00-04:00,19.77658210196296,20.209646224975586,19.77658210196296,20.209646224975586,300,0.0,0.0
2003-07-25 00:00:00-04:00,20.209646224975586,20.209646224975586,20.209646224975586,20.209646224975586,200,0.0,0.0
2003-07-28 00:00:00-04:00,20.20964599674906,20.859241485595703,20.20964599674906,20.859241485595703,2100,0.0,0.0
2003-07-29 00:00:00-04:00,20.794285891250183,20.93142318725586,20.794285891250183,20.93142318725586,1000,0.0,0.0
2003-07-30 00:00:00-04:00,20.93142318725586,20.93142318725586,20.93142318725586,20.93142318725586,500,0.0,0.0
2003-07-31 00:00:00-04:00,20.93142318725586,20.93142318725586,20.411746969243566,20.93142318725586,3600,0.0,0.0
2003-08-01 00:00:00-04:00,20.390092849731445,20.390092849731445,20.390092849731445,20.390092849731445,700,0.0,0.0
2003-08-04 00:00:00-04:00,20.66436462235244,20.71488989911986,20.38287353515625,20.38287353515625,800,0.0,0.0
2003-08-05 00:00:00-04:00,20.71489555587499,20.71489555587499,20.42618511648462,20.43340301513672,3100,0.0,0.0
2003-08-06 00:00:00-04:00,20.433400264555914,21.097431707755035,20.433400264555914,20.570537567138672,4600,0.0,0.0
2003-08-07 00:00:00-04:00,20.447831991427638,21.23456478531294,20.447831991427638,20.671581268310547,1200,0.0,0.0
2003-08-08 00:00:00-04:00,20.895341873168945,20.895341873168945,20.895341873168945,20.895341873168945,1100,0.0,0.0
2003-08-11 00:00:00-04:00,20.93141760077375,20.93141760077375,20.678796768188477,20.678796768188477,1900,0.0,0.0
2003-08-12 00:00:00-04:00,20.686025619506836,20.686025619506836,20.686025619506836,20.686025619506836,100,0.0,0.0
2003-08-13 00:00:00-04:00,21.4005755006011,21.4005755006011,20.93142318725586,20.93142318725586,500,0.0,0.0
2003-08-14 00:00:00-04:00,21.249006271362305,21.249006271362305,21.249006271362305,21.249006271362305,100,0.0,0.0
2003-08-15 00:00:00-04:00,21.249006271362305,21.249006271362305,21.249006271362305,21.249006271362305,0,0.0,0.0
2003-08-18 00:00:00-04:00,21.249006271362305,21.249006271362305,21.249006271362305,21.249006271362305,0,0.0,0.0
2003-08-19 00:00:00-04:00,21.46553611755371,21.46553611755371,21.46553611755371,21.46553611755371,700,0.0,0.0
2003-08-20 00:00:00-04:00,21.234560430129182,21.451091766357422,21.046899296284135,21.451091766357422,2900,0.0,0.0
2003-08-21 00:00:00-04:00,21.30674489172956,21.451098703675072,21.191261291503906,21.191261291503906,4600,0.0,0.0
2003-08-22 00:00:00-04:00,21.19125508170143,21.22734317994442,21.19125508170143,21.19847297668457,700,0.0,0.0
2003-08-25 00:00:00-04:00,21.20568885107333,21.451091766357422,21.20568885107333,21.451091766357422,700,0.0,0.0
2003-08-26 00:00:00-04:00,21.61710650256839,21.63875881610723,21.40057373046875,21.40057373046875,5800,0.0,0.0
2003-08-27 00:00:00-04:00,21.400577545166016,21.400577545166016,21.400577545166016,21.400577545166016,0,0.03,0.0
2003-08-28 00:00:00-04:00,21.494497693648235,21.6534481048584,21.313871662609174,21.6534481048584,1100,0.0,0.0
2003-08-29 00:00:00-04:00,21.653447345171,21.653447345171,21.451147079467773,21.451147079467773,500,0.0,0.0
2003-09-02 00:00:00-04:00,21.451150981226384,22.0363790218494,21.451150981226384,21.97135353088379,3900,0.0,0.0
2003-09-03 00:00:00-04:00,22.209779881487997,22.209779881487997,22.02915382385254,22.02915382385254,1000,0.0,0.0
2003-09-04 00:00:00-04:00,22.412075793074187,22.599927010028566,22.332599907190804,22.556575775146484,2400,0.0,0.0
2003-09-05 00:00:00-04:00,22.607164729318313,22.758890001186984,22.585489099879418,22.592714309692383,2100,0.0,0.0
2003-09-08 00:00:00-04:00,22.59270303518684,22.65050330677845,22.585477828979492,22.585477828979492,3000,0.0,0.0
2003-09-09 00:00:00-04:00,22.39040756225586,22.397632770453146,22.231457116118253,22.39040756225586,1600,0.0,0.0
2003-09-10 00:00:00-04:00,22.23867087136998,22.390396031171637,21.67511732482058,21.682342529296875,4100,0.0,0.0
2003-09-11 00:00:00-04:00,21.682342529296875,21.682342529296875,21.682342529296875,21.682342529296875,600,0.0,0.0
2003-09-12 00:00:00-04:00,21.682346682472467,21.682346682472467,21.494495464307107,21.667896270751953,5800,0.0,0.0
2003-09-15 00:00:00-04:00,22.13029597229472,22.13029597229472,22.043596267700195,22.043596267700195,300,0.0,0.0
2003-09-16 00:00:00-04:00,22.02915393886469,22.02915393886469,21.675127029418945,21.675127029418945,1200,0.0,0.0
2003-09-17 00:00:00-04:00,21.675127029418945,22.03637914657593,21.675127029418945,21.675127029418945,2800,0.0,0.0
2003-09-18 00:00:00-04:00,21.6678926923997,22.36872100830078,21.6678926923997,22.36872100830078,1000,0.0,0.0
2003-09-19 00:00:00-04:00,22.3831844329834,22.3831844329834,22.3831844329834,22.3831844329834,100,0.0,0.0
2003-09-22 00:00:00-04:00,22.296485206795154,22.296485206795154,21.956907272338867,21.956907272338867,2300,0.0,0.0
2003-09-23 00:00:00-04:00,21.747374016703883,22.02192497253418,21.747374016703883,22.02192497253418,1600,0.0,0.0
2003-09-24 00:00:00-04:00,21.855746946027203,22.397624969482422,21.855746946027203,22.397624969482422,900,0.0,0.0
2003-09-25 00:00:00-04:00,21.87742076234501,21.87742076234501,21.86297035217285,21.86297035217285,300,0.0,0.0
2003-09-26 00:00:00-04:00,22.390404465932686,22.390404465932686,21.776275634765625,21.776275634765625,3200,0.0,0.0
2003-09-29 00:00:00-04:00,21.776276979637284,21.783502187281627,21.50895118713379,21.50895118713379,1700,0.0,0.0
2003-09-30 00:00:00-04:00,22.036373138427734,22.036373138427734,22.036373138427734,22.036373138427734,200,0.0,0.0
2003-10-01 00:00:00-04:00,21.956907272338867,21.956907272338867,21.956907272338867,21.956907272338867,2400,0.0,0.0
2003-10-02 00:00:00-04:00,21.956907272338867,21.956907272338867,21.956907272338867,21.956907272338867,0,0.0,0.0
2003-10-03 00:00:00-04:00,21.675127029418945,21.675127029418945,21.675127029418945,21.675127029418945,100,0.0,0.0
2003-10-06 00:00:00-04:00,21.74738311767578,21.74738311767578,21.74738311767578,21.74738311767578,1700,0.0,0.0
2003-10-07 00:00:00-04:00,21.74738311767578,21.942459640018594,21.74738311767578,21.74738311767578,1100,0.0,0.0
2003-10-08 00:00:00-04:00,21.675126877880185,21.942454049057055,21.675126877880185,21.79795265197754,3000,0.0,0.0
2003-10-09 00:00:00-04:00,21.675126868158916,21.74015235900879,21.675126868158916,21.74015235900879,300,0.0,0.0
2003-10-10 00:00:00-04:00,21.740150326836954,21.9207763671875,21.675124842065372,21.9207763671875,500,0.0,0.0
2003-10-13 00:00:00-04:00,21.9207763671875,21.9207763671875,21.9207763671875,21.9207763671875,200,0.0,0.0
2003-10-14 00:00:00-04:00,21.928005725217204,21.928005725217204,21.790729522705078,21.790729522705078,200,0.0,0.0
2003-10-15 00:00:00-04:00,21.79072501087157,21.805175424579282,21.761825561523438,21.761825561523438,4000,0.0,0.0
2003-10-16 00:00:00-04:00,21.71124965306429,21.928001729864338,21.349997569798212,21.855751037597656,1600,0.0,0.0
2003-10-17 00:00:00-04:00,21.711259841918945,21.740160683615397,21.711259841918945,21.711259841918945,500,0.0,0.0
2003-10-20 00:00:00-04:00,21.711259841918945,21.711259841918945,21.711259841918945,21.711259841918945,0,0.0,0.0
2003-10-21 00:00:00-04:00,21.776275634765625,21.776275634765625,21.776275634765625,21.776275634765625,200,0.0,0.0
2003-10-22 00:00:00-04:00,21.891876220703125,21.891876220703125,21.891876220703125,21.891876220703125,500,0.0,0.0
2003-10-23 00:00:00-04:00,21.812400817871094,21.812400817871094,21.812400817871094,21.812400817871094,200,0.0,0.0
2003-10-24 00:00:00-04:00,21.82684898376465,21.82684898376465,21.82684898376465,21.82684898376465,100,0.0,0.0
2003-10-27 00:00:00-05:00,21.8485332458558,22.397636764151525,21.8485332458558,22.32538604736328,2600,0.0,0.0
2003-10-28 00:00:00-05:00,22.03637534683927,22.397627401705492,21.90632438659668,21.90632438659668,800,0.0,0.0
2003-10-29 00:00:00-05:00,22.036380116205244,22.361507587179545,22.036380116205244,22.35428237915039,1000,0.0,0.0
2003-10-30 00:00:00-05:00,22.397624969482422,22.397624969482422,22.14474828292324,22.397624969482422,1600,0.0,0.0
2003-10-31 00:00:00-05:00,22.397631175995585,22.397631175995585,22.20255470275879,22.20255470275879,300,0.0,0.0
2003-11-03 00:00:00-05:00,22.180881507082546,22.39040702752972,22.180881507082546,22.23868179321289,3200,0.0,0.0
2003-11-04 00:00:00-05:00,22.332603454589844,22.332603454589844,22.332603454589844,22.332603454589844,100,0.0,0.0
2003-11-05 00:00:00-05:00,22.173655250094516,22.20255470275879,22.173655250094516,22.20255470275879,1400,0.0,0.0
2003-11-06 00:00:00-05:00,22.20255280991059,22.260353088378906,22.20255280991059,22.260353088378906,4700,0.0,0.0
2003-11-07 00:00:00-05:00,22.361500506451044,22.361500506451044,21.935223014183634,22.036373138427734,500,0.0,0.0
2003-11-10 00:00:00-05:00,21.899102841864217,22.02915382385254,21.682352123928645,22.02915382385254,1500,0.0,0.0
2003-11-11 00:00:00-05:00,22.16643194204504,22.16643194204504,22.144756317138672,22.144756317138672,500,0.0,0.0
2003-11-12 00:00:00-05:00,22.144756317138672,22.144756317138672,22.144756317138672,22.144756317138672,0,0.0,0.0
2003-11-13 00:00:00-05:00,22.21700365468151,22.21700365468151,21.891876220703125,21.891876220703125,1200,0.0,0.0
2003-11-14 00:00:00-05:00,21.964128494262695,21.964128494262695,21.964128494262695,21.964128494262695,300,0.0,0.0
2003-11-17 00:00:00-05:00,21.891879538834676,22.144756317138672,21.891879538834676,22.144756317138672,5200,0.0,0.0
2003-11-18 00:00:00-05:00,21.89910125732422,21.89910125732422,21.89910125732422,21.89910125732422,500,0.0,0.0
2003-11-19 00:00:00-05:00,21.899100715751892,21.94967578648886,21.754600710513035,21.80517578125,1500,0.0,0.0
2003-11-20 00:00:00-05:00,21.740149127668865,21.971350226073934,21.675123646484032,21.949674606323242,1200,0.0,0.0
2003-11-21 00:00:00-05:00,21.776277181241312,21.783502388952545,21.675127029418945,21.675127029418945,1800,0.0,0.0
2003-11-24 00:00:00-05:00,21.602874822759766,22.021927194294477,21.602874822759766,21.891876220703125,3300,0.0,0.0
2003-11-25 00:00:00-05:00,21.783500160333876,21.971351407404985,21.783500160333876,21.80517578125,2200,0.0,0.0
2003-11-26 00:00:00-05:00,21.609907150268555,21.609907150268555,21.609907150268555,21.609907150268555,100,0.03,0.0
2003-11-28 00:00:00-05:00,22.05830789630481,22.130630493164062,22.05830789630481,22.130630493164062,900,0.0,0.0
2003-12-01 00:00:00-05:00,22.390985232345344,22.390985232345344,21.826872129472452,21.964284896850586,1400,0.0,0.0
2003-12-02 00:00:00-05:00,21.94981983480517,21.95705223083496,21.94981983480517,21.95705223083496,400,0.0,0.0
2003-12-03 00:00:00-05:00,21.8919620513916,21.8919620513916,21.8919620513916,21.8919620513916,100,0.0,0.0
2003-12-04 00:00:00-05:00,21.8919620513916,21.8919620513916,21.8919620513916,21.8919620513916,0,0.0,0.0
2003-12-05 00:00:00-05:00,22.058300018310547,22.058300018310547,22.058300018310547,22.058300018310547,700,0.0,0.0
2003-12-08 00:00:00-05:00,21.906431198120117,21.906431198120117,21.906431198120117,21.906431198120117,300,0.0,0.0
2003-12-09 00:00:00-05:00,21.971512650252606,22.051067616303957,21.602670159050522,21.928119659423828,2100,0.0,0.0
2003-12-10 00:00:00-05:00,22.051068181935413,22.217409133911133,22.051068181935413,22.217409133911133,1100,0.0,0.0
2003-12-11 00:00:00-05:00,22.058300018310547,22.058300018310547,22.058300018310547,22.058300018310547,200,0.0,0.0
2003-12-12 00:00:00-05:00,22.181243149344922,22.419906616210938,22.065527612648552,22.419906616210938,1500,0.0,0.0
2003-12-15 00:00:00-05:00,22.079997474597395,22.079997474597395,22.065532684326172,22.065532684326172,700,0.0,0.0
2003-12-16 00:00:00-05:00,22.333127157422187,22.333127157422187,22.08723258972168,22.08723258972168,900,0.0,0.0
2003-12-17 00:00:00-05:00,22.087229869733008,22.087229869733008,22.065532684326172,22.065532684326172,3600,0.0,0.0
2003-12-18 00:00:00-05:00,22.15955216152584,22.275267730559523,22.123391563492213,22.17401695251465,6500,0.0,0.0
2003-12-19 00:00:00-05:00,22.166783457348092,22.166783457348092,22.065532684326172,22.065532684326172,3700,0.0,0.0
2003-12-22 00:00:00-05:00,22.419911769341226,22.419911769341226,22.065532684326172,22.065532684326172,200,0.0,0.0
2003-12-23 00:00:00-05:00,22.116160249589473,22.13785743713379,22.116160249589473,22.13785743713379,300,0.0,0.0
2003-12-24 00:00:00-05:00,22.137850167943288,22.419906616210938,22.137850167943288,22.419906616210938,700,0.0,0.0
2003-12-26 00:00:00-05:00,22.419906616210938,22.419906616210938,22.419906616210938,22.419906616210938,0,0.0,0.0
2003-12-29 00:00:00-05:00,22.412681578382912,22.412681578382912,22.145089829240547,22.20294761657715,3300,0.0,0.0
2003-12-30 00:00:00-05:00,22.340358999352542,22.340358999352542,22.20294761657715,22.20294761657715,700,0.0,0.0
2003-12-31 00:00:00-05:00,22.36928912288741,22.542862489088463,22.34759193482284,22.427146911621094,3300,0.0,0.0
2004-01-02 00:00:00-05:00,22.600726765388654,22.723674774169922,22.550101358144406,22.723674774169922,1200,0.0,0.0
2004-01-05 00:00:00-05:00,22.419913933546937,23.851895202108256,22.419913933546937,23.40349769592285,13900,0.0,0.0
2004-01-06 00:00:00-05:00,23.468585959509255,23.468585959509255,23.14313507080078,23.14313507080078,4900,0.0,0.0
2004-01-07 00:00:00-05:00,23.143137251650884,23.345638819762204,23.143137251650884,23.295013427734375,3700,0.0,0.0
2004-01-08 00:00:00-05:00,23.143137518166572,23.17929811876331,23.143137518166572,23.157602310180664,2100,0.0,0.0
2004-01-09 00:00:00-05:00,23.157602310180664,23.157602310180664,23.157602310180664,23.157602310180664,0,0.0,0.0
2004-01-12 00:00:00-05:00,23.150366373520196,23.3601016998291,23.150366373520196,23.3601016998291,1000,0.0,0.0
2004-01-13 00:00:00-05:00,23.3601016998291,23.3601016998291,23.3601016998291,23.3601016998291,0,0.0,0.0
2004-01-14 00:00:00-05:00,23.287784576416016,23.287784576416016,23.287784576416016,23.287784576416016,2600,0.0,0.0
2004-01-15 00:00:00-05:00,23.454118728637695,23.454118728637695,23.454118728637695,23.454118728637695,200,0.0,0.0
2004-01-16 00:00:00-05:00,23.461364211962128,23.461364211962128,23.28779215492283,23.4468994140625,8900,0.0,0.0
2004-01-20 00:00:00-05:00,23.461349743689194,23.461349743689194,23.425189150678893,23.454118728637695,1400,0.0,0.0
2004-01-21 00:00:00-05:00,23.728957491782374,25.13200970209919,23.40350645465586,24.67637825012207,9800,0.0,0.0
2004-01-22 00:00:00-05:00,24.2279823843282,25.2983526183018,24.2279823843282,24.806560516357422,2000,0.0,0.0
2004-01-23 00:00:00-05:00,24.77039120579736,25.262183135118985,24.734230602527838,24.77762222290039,12300,0.0,0.0
2004-01-26 00:00:00-05:00,25.240479879758958,25.269406698515734,24.98735021378348,25.226015090942383,2500,0.0,0.0
2004-01-27 00:00:00-05:00,24.95843562300062,24.95843562300062,24.90781021118164,24.90781021118164,1400,0.0,0.0
2004-01-28 00:00:00-05:00,24.95120022585308,25.312811823329213,24.95120022585308,24.958431243896484,1700,0.0,0.0
2004-01-29 00:00:00-05:00,24.792087015983636,24.792087015983636,24.77762222290039,24.77762222290039,600,0.0,0.0
2004-01-30 00:00:00-05:00,24.777623056589245,25.269415002458118,22.24634349771109,24.58958625793457,4600,0.0,0.0
2004-02-02 00:00:00-05:00,24.84271326055615,25.377899587400705,24.52449607849121,24.52449607849121,1200,0.0,0.0
2004-02-03 00:00:00-05:00,24.56065178378713,24.95119285583496,24.56065178378713,24.95119285583496,400,0.0,0.0
2004-02-04 00:00:00-05:00,24.538955688476562,24.538955688476562,24.510026107433372,24.538955688476562,1100,0.0,0.0
2004-02-05 00:00:00-05:00,25.522552490234375,25.529783509773203,25.421301663422103,25.522552490234375,6800,0.0,0.0
2004-02-06 00:00:00-05:00,25.522552490234375,25.522552490234375,25.522552490234375,25.522552490234375,0,0.0,0.0
2004-02-09 00:00:00-05:00,25.31281431052566,25.31281431052566,24.567895229371093,24.878881454467773,4700,0.0,0.0
2004-02-10 00:00:00-05:00,24.54618670429901,25.06690812756961,24.538955688476562,24.538955688476562,6800,0.0,0.0
2004-02-11 00:00:00-05:00,24.538958887100804,25.24048614501953,24.538958887100804,25.24048614501953,800,0.0,0.0
2004-02-12 00:00:00-05:00,24.408777209182187,24.951194480497346,24.408777209182187,24.92949867248535,3500,0.0,0.0
2004-02-13 00:00:00-05:00,24.589577288051466,24.878867536167284,24.589577288051466,24.734222412109375,4000,0.0,0.0
2004-02-17 00:00:00-05:00,24.683613870310406,24.87888450715992,24.683613870310406,24.806560516357422,400,0.0,0.0
2004-02-18 00:00:00-05:00,24.958428788953913,24.958428788953913,24.70530179916953,24.849946975708008,3200,0.0,0.0
2004-02-19 00:00:00-05:00,24.661907466906996,24.70530184761682,24.58958625793457,24.58958625793457,1100,0.0,0.0
2004-02-20 00:00:00-05:00,24.59681374244318,24.611278533935547,24.59681374244318,24.611278533935547,700,0.0,0.0
2004-02-23 00:00:00-05:00,24.842708587646484,24.842708587646484,24.78485218309804,24.842708587646484,6600,0.0,0.0
2004-02-24 00:00:00-05:00,24.842709680059613,24.842709680059613,24.58958272613544,24.611278533935547,10700,0.0,0.0
2004-02-25 00:00:00-05:00,25.08137623665019,25.08137623665019,24.589584329352967,24.784854888916016,1400,0.0,0.0
2004-02-26 00:00:00-05:00,24.155094821365577,24.683509826660153,24.155094821365577,24.683509826660156,1300,0.03,0.0
2004-02-27 00:00:00-05:00,24.430161750496474,24.647318191575426,24.430161750496474,24.502546310424805,3500,0.0,0.0
2004-03-01 00:00:00-05:00,24.430160522460938,24.4518753370891,24.430160522460938,24.430160522460938,1200,0.0,0.0
2004-03-02 00:00:00-05:00,24.430160522460938,24.430160522460938,24.430160522460938,24.430160522460938,0,0.0,0.0
2004-03-03 00:00:00-05:00,24.611131320480176,24.85724274413676,24.57493903256191,24.647323608398438,5300,0.0,0.0
2004-03-04 00:00:00-05:00,24.683510847282605,24.683510847282605,24.574934005737305,24.574934005737305,2800,0.0,0.0
2004-03-05 00:00:00-05:00,24.799339294433594,24.799339294433594,24.799339294433594,24.799339294433594,100,0.0,0.0
2004-03-08 00:00:00-05:00,24.799339294433594,24.799339294433594,24.799339294433594,24.799339294433594,500,0.0,0.0
2004-03-09 00:00:00-05:00,24.799339294433594,24.799339294433594,24.799339294433594,24.799339294433594,0,0.0,0.0
2004-03-10 00:00:00-05:00,24.57493692778975,24.57493692778975,24.1768162721976,24.415687561035156,9100,0.0,0.0
2004-03-11 00:00:00-05:00,24.191297371071247,24.191297371071247,24.176822662353516,24.176822662353516,700,0.0,0.0
2004-03-12 00:00:00-05:00,24.176822662353516,24.191297371071247,24.176822662353516,24.176822662353516,2300,0.0,0.0
2004-03-15 00:00:00-05:00,24.227492942425023,24.234730296937933,24.155105590820312,24.155105590820312,1400,0.0,0.0
2004-03-16 00:00:00-05:00,24.155105405601482,24.307117462158203,24.155105405601482,24.307117462158203,600,0.0,0.0
2004-03-17 00:00:00-05:00,24.155105590820312,24.307117648542643,24.082721000510723,24.155105590820312,3800,0.0,0.0
2004-03-18 00:00:00-05:00,23.959654535824402,23.959654535824402,23.887269973754883,23.887269973754883,2200,0.0,0.0
2004-03-19 00:00:00-05:00,23.887269973754883,23.887269973754883,23.887269973754883,23.887269973754883,0,0.0,0.0
2004-03-22 00:00:00-05:00,23.127225375873152,23.71354761825739,23.09103170738523,23.539823532104492,4100,0.0,0.0
2004-03-23 00:00:00-05:00,23.366094813063544,23.699071013892343,22.417842864990234,22.417842864990234,6700,0.0,0.0
2004-03-24 00:00:00-05:00,22.54813692966127,22.54813692966127,22.258594512939453,22.258594512939453,600,0.0,0.0
2004-03-25 00:00:00-05:00,22.97521175246988,22.982450485229492,22.62052213113139,22.982450485229492,2000,0.0,0.0
2004-03-26 00:00:00-05:00,22.982450485229492,22.982450485229492,22.982450485229492,22.982450485229492,300,0.0,0.0
2004-03-29 00:00:00-05:00,23.518102411258344,23.518102411258344,22.584326724133764,23.344375610351562,8500,0.0,0.0
2004-03-30 00:00:00-05:00,21.925619846860666,22.07762908935547,21.925619846860666,22.07762908935547,400,0.0,0.0
2004-03-31 00:00:00-05:00,22.258594512939453,22.258594512939453,22.258594512939453,22.258594512939453,300,0.0,0.0
2004-04-01 00:00:00-05:00,22.801485061645508,22.801485061645508,22.794246329281627,22.801485061645508,1400,0.0,0.0
2004-04-02 00:00:00-05:00,22.801485061645508,22.801485061645508,22.801485061645508,22.801485061645508,0,0.0,0.0
2004-04-05 00:00:00-04:00,22.077627707462348,23.41676139831543,22.077627707462348,23.41676139831543,2000,0.0,0.0
2004-04-06 00:00:00-04:00,23.40228271484375,23.40228271484375,23.40228271484375,23.40228271484375,500,0.0,0.0
2004-04-07 00:00:00-04:00,23.40228271484375,23.40228271484375,23.40228271484375,23.40228271484375,0,0.0,0.0
2004-04-08 00:00:00-04:00,23.163414001464844,23.163414001464844,23.163414001464844,23.163414001464844,200,0.0,0.0
2004-04-12 00:00:00-04:00,22.982454124529987,23.127226041352884,22.902829432212663,22.917306900024414,700,0.0,0.0
2004-04-13 00:00:00-04:00,22.917306900024414,22.917306900024414,22.917306900024414,22.917306900024414,300,0.0,0.0
2004-04-14 00:00:00-04:00,22.917306900024414,22.917306900024414,22.917306900024414,22.917306900024414,0,0.0,0.0
2004-04-15 00:00:00-04:00,22.917306900024414,22.917306900024414,22.917306900024414,22.917306900024414,0,0.0,0.0
2004-04-16 00:00:00-04:00,22.917306900024414,22.917306900024414,22.917306900024414,22.917306900024414,0,0.0,0.0
2004-04-19 00:00:00-04:00,23.329899373940183,23.41676139831543,23.329899373940183,23.41676139831543,1300,0.0,0.0
2004-04-20 00:00:00-04:00,23.50363540649414,23.50363540649414,23.50363540649414,23.50363540649414,300,0.0,0.0
2004-04-21 00:00:00-04:00,23.2430362701416,23.2430362701416,23.2430362701416,23.2430362701416,1100,0.0,0.0
2004-04-22 00:00:00-04:00,23.170648711532184,23.20684375081794,23.040355682373047,23.040355682373047,2600,0.0,0.0
2004-04-23 00:00:00-04:00,23.040355682373047,23.040355682373047,23.040355682373047,23.040355682373047,0,0.0,0.0
2004-04-26 00:00:00-04:00,23.062082637693056,23.062082637693056,23.05484390258789,23.05484390258789,200,0.0,0.0
2004-04-27 00:00:00-04:00,23.01863732148339,23.01863732148339,22.62051677844153,22.83767318725586,2100,0.0,0.0
2004-04-28 00:00:00-04:00,22.62053108215332,22.62053108215332,22.62053108215332,22.62053108215332,1900,0.0,0.0
2004-04-29 00:00:00-04:00,22.89559298771224,22.89559298771224,22.439563751220703,22.439563751220703,400,0.0,0.0
2004-04-30 00:00:00-04:00,22.439563751220703,22.606050505761466,22.439563751220703,22.439563751220703,700,0.0,0.0
2004-05-03 00:00:00-04:00,22.425082483488197,22.758057316816235,22.012484344015355,22.606046676635742,8100,0.0,0.0
2004-05-04 00:00:00-04:00,22.606046676635742,22.606046676635742,22.606046676635742,22.606046676635742,0,0.0,0.0
2004-05-05 00:00:00-04:00,22.801485061645508,22.801485061645508,22.801485061645508,22.801485061645508,200,0.0,0.0
2004-05-06 00:00:00-04:00,22.801485061645508,22.801485061645508,22.801485061645508,22.801485061645508,0,0.0,0.0
2004-05-07 00:00:00-04:00,23.163416664042884,23.163416664042884,21.969053268432617,21.969053268432617,1600,0.0,0.0
2004-05-10 00:00:00-04:00,22.150012982202114,22.150012982202114,21.607120513916016,21.607120513916016,1600,0.0,0.0
2004-05-11 00:00:00-04:00,21.693984985351562,21.693984985351562,21.693984985351562,21.693984985351562,100,0.0,0.0
2004-05-12 00:00:00-04:00,21.534735565248603,21.534735565248603,20.44895057876548,20.738492965698242,4000,0.0,0.0
2004-05-13 00:00:00-04:00,20.62991714477539,20.62991714477539,20.62991714477539,20.62991714477539,1900,0.0,0.0
2004-05-14 00:00:00-04:00,20.629916377352426,20.629916377352426,20.123216124597203,20.20284080505371,2200,0.0,0.0
2004-05-17 00:00:00-04:00,19.906066073943077,19.92054354426136,19.544137599871384,19.58032989501953,2400,0.0,0.0
2004-05-18 00:00:00-04:00,19.906055541208968,20.036349943836736,19.580319534639543,19.696136474609375,1900,0.0,0.0
2004-05-19 00:00:00-04:00,19.703385631429807,19.703385631429807,19.58032989501953,19.58032989501953,1800,0.0,0.0
2004-05-20 00:00:00-04:00,19.580330352314405,19.942258834838867,19.544138056320996,19.942258834838867,1000,0.0,0.0
2004-05-21 00:00:00-04:00,19.942258834838867,19.942258834838867,19.942258834838867,19.942258834838867,0,0.0,0.0
2004-05-24 00:00:00-04:00,19.58033025051716,19.594807721098295,19.544137954711914,19.544137954711914,1200,0.0,0.0
2004-05-25 00:00:00-04:00,19.623754268963523,19.78300223530111,18.168802233400804,19.392120361328125,23300,0.0,0.0
2004-05-26 00:00:00-04:00,19.392120361328125,19.392120361328125,19.392120361328125,19.392120361328125,0,0.0,0.0
2004-05-27 00:00:00-04:00,19.573362895589536,19.950331698022165,19.573362895589536,19.587862014770508,3700,0.04,0.0
2004-05-28 00:00:00-04:00,19.587862014770508,19.587862014770508,19.587862014770508,19.587862014770508,0,0.0,0.0
2004-06-01 00:00:00-04:00,19.580603473538662,19.602352142333984,19.573353917273554,19.602352142333984,1600,0.0,0.0
2004-06-02 00:00:00-04:00,19.573353917273554,19.602352142333984,19.573353917273554,19.602352142333984,300,0.0,0.0
2004-06-03 00:00:00-04:00,19.580602645874023,19.59510175779137,19.580602645874023,19.580602645874023,400,0.0,0.0
2004-06-04 00:00:00-04:00,19.580602645874023,19.580602645874023,19.580602645874023,19.580602645874023,0,0.0,0.0
2004-06-07 00:00:00-04:00,19.95757783764222,20.00832336336766,19.8198389944504,19.935829162597656,3400,0.0,0.0
2004-06-08 00:00:00-04:00,19.827085219971373,19.83433477710095,19.819835662841797,19.819835662841797,600,0.0,0.0
2004-06-09 00:00:00-04:00,20.146062206559474,20.146062206559474,19.856085403479465,19.935829162597656,1300,0.0,0.0
2004-06-10 00:00:00-04:00,19.83434268440939,19.83434268440939,19.82709312438965,19.82709312438965,300,0.0,0.0
2004-06-14 00:00:00-04:00,20.03732308963663,20.54478118514089,19.94308158300919,20.298301696777344,3600,0.0,0.0
2004-06-15 00:00:00-04:00,20.617272541314858,20.660768508911133,20.341794853544055,20.660768508911133,700,0.0,0.0
2004-06-16 00:00:00-04:00,21.32046641616907,22.023657095916768,21.211725788970654,21.965662002563477,2000,0.0,0.0
2004-06-17 00:00:00-04:00,21.965662002563477,21.965662002563477,21.965662002563477,21.965662002563477,0,0.0,0.0
2004-06-18 00:00:00-04:00,21.827926074308923,21.835175634333307,21.74818229675293,21.74818229675293,1100,0.0,0.0
2004-06-21 00:00:00-04:00,21.49445239960247,21.66118812561035,21.38571176884568,21.66118812561035,5400,0.0,0.0
2004-06-22 00:00:00-04:00,21.66118812561035,21.66118812561035,21.66118812561035,21.66118812561035,0,0.0,0.0
2004-06-23 00:00:00-04:00,21.682933807373047,21.682933807373047,21.682933807373047,21.682933807373047,100,0.0,0.0
2004-06-24 00:00:00-04:00,21.682933807373047,21.682933807373047,21.682933807373047,21.682933807373047,0,0.0,0.0
2004-06-25 00:00:00-04:00,21.675676345825195,21.675676345825195,21.675676345825195,21.675676345825195,300,0.0,0.0
2004-06-28 00:00:00-04:00,22.531099597123433,22.538349151611328,22.516600488147645,22.538349151611328,600,0.0,0.0
2004-06-29 00:00:00-04:00,22.83559101842103,23.190811157226562,22.473121319715933,23.190811157226562,600,0.0,0.0
2004-06-30 00:00:00-04:00,22.83557891845703,22.83557891845703,22.83557891845703,22.83557891845703,1000,0.0,0.0
2004-07-01 00:00:00-04:00,21.566937566906265,22.26287841796875,21.566937566906265,22.26287841796875,300,0.0,0.0
2004-07-02 00:00:00-04:00,22.110648562373495,22.429622240268728,22.096149444580078,22.096149444580078,1100,0.0,0.0
2004-07-06 00:00:00-04:00,21.385712591807046,21.79167827418702,21.385712591807046,21.74818229675293,1200,0.0,0.0
2004-07-07 00:00:00-04:00,22.139640257308812,22.139640257308812,22.11789158704384,22.125141143798828,2000,0.0,0.0
2004-07-08 00:00:00-04:00,22.39337403615833,22.407873153686523,22.34262850752161,22.407873153686523,500,0.0,0.0
2004-07-09 00:00:00-04:00,22.3861203514372,22.3861203514372,22.33537483215332,22.33537483215332,200,0.0,0.0
2004-07-12 00:00:00-04:00,21.929409892619155,22.11064468512014,21.566940307617188,21.566940307617188,1100,0.0,0.0
2004-07-13 00:00:00-04:00,21.073978424072266,21.073978424072266,21.073978424072266,21.073978424072266,100,0.0,0.0
2004-07-14 00:00:00-04:00,21.073978424072266,21.073978424072266,21.073978424072266,21.073978424072266,0,0.0,0.0
2004-07-15 00:00:00-04:00,21.030487234433405,21.030487234433405,20.842002868652344,20.842002868652344,200,0.0,0.0
2004-07-16 00:00:00-04:00,20.842002868652344,20.842002868652344,20.842002868652344,20.842002868652344,0,0.0,0.0
2004-07-19 00:00:00-04:00,21.22623064227032,21.305973052978516,21.22623064227032,21.305973052978516,300,0.0,0.0
2004-07-20 00:00:00-04:00,21.168231321924395,21.74818229675293,21.168231321924395,21.74818229675293,800,0.0,0.0
2004-07-21 00:00:00-04:00,21.74818229675293,21.74818229675293,21.74818229675293,21.74818229675293,0,0.0,0.0
2004-07-22 00:00:00-04:00,21.893165347687926,21.951160430908203,21.791672915018555,21.951160430908203,900,0.0,0.0
2004-07-23 00:00:00-04:00,21.951160430908203,21.951160430908203,21.951160430908203,21.951160430908203,0,0.0,0.0
2004-07-26 00:00:00-04:00,21.385696411132812,21.385696411132812,21.385696411132812,21.385696411132812,400,0.0,0.0
2004-07-27 00:00:00-04:00,21.385696411132812,21.385696411132812,21.385696411132812,21.385696411132812,0,0.0,0.0
2004-07-28 00:00:00-04:00,21.566934335319885,21.566934335319885,20.385284423828125,20.385284423828125,600,0.0,0.0
2004-07-29 00:00:00-04:00,21.646679200715404,21.653928756713867,21.57418502344222,21.653928756713867,3700,0.0,0.0
2004-07-30 00:00:00-04:00,22.270133275807343,22.270133275807343,21.914913209016103,21.98015785217285,16800,0.0,0.0
2004-08-02 00:00:00-04:00,22.42236874945571,22.42236874945571,21.566940307617188,21.566940307617188,1000,0.0,0.0
2004-08-03 00:00:00-04:00,21.566940307617188,21.566940307617188,21.566940307617188,21.566940307617188,100,0.0,0.0
2004-08-04 00:00:00-04:00,21.566940307617188,21.566940307617188,21.566940307617188,21.566940307617188,0,0.0,0.0
2004-08-05 00:00:00-04:00,21.385708491318653,21.5959415435791,21.385708491318653,21.5959415435791,800,0.0,0.0
2004-08-06 00:00:00-04:00,21.5959415435791,21.5959415435791,21.5959415435791,21.5959415435791,0,0.0,0.0
2004-08-09 00:00:00-04:00,21.385700280565246,21.59593325210956,21.385700280565246,21.450944900512695,5600,0.0,0.0
2004-08-10 00:00:00-04:00,21.487187409260454,21.566931126481396,21.385696411132812,21.385696411132812,4800,0.0,0.0
2004-08-11 00:00:00-04:00,21.385696411132812,21.385696411132812,21.385696411132812,21.385696411132812,0,0.0,0.0
2004-08-12 00:00:00-04:00,21.52344512939453,21.52344512939453,21.52344512939453,21.52344512939453,200,0.0,0.0
2004-08-13 00:00:00-04:00,21.52344512939453,21.52344512939453,21.52344512939453,21.52344512939453,0,0.0,0.0
2004-08-16 00:00:00-04:00,20.805752241811643,21.02323341369629,20.805752241811643,21.02323341369629,2300,0.0,0.0
2004-08-17 00:00:00-04:00,21.02323341369629,21.02323341369629,21.02323341369629,21.02323341369629,0,0.0,0.0
2004-08-18 00:00:00-04:00,21.450944900512695,21.450944900512695,21.450944900512695,21.450944900512695,200,0.0,0.0
2004-08-19 00:00:00-04:00,21.450944900512695,21.450944900512695,21.450944900512695,21.450944900512695,0,0.0,0.0
2004-08-20 00:00:00-04:00,21.450944900512695,21.450944900512695,21.450944900512695,21.450944900512695,0,0.0,0.0
2004-08-23 00:00:00-04:00,21.56693399088096,21.56693399088096,20.30554037044891,21.218963623046875,1500,0.0,0.0
2004-08-24 00:00:00-04:00,21.38570616545981,21.38570616545981,20.813003540039062,20.813003540039062,600,0.0,0.0
2004-08-25 00:00:00-04:00,20.813003540039062,20.813003540039062,20.813003540039062,20.813003540039062,0,0.0,0.0
2004-08-26 00:00:00-04:00,20.878243948469073,21.566936594486865,20.878243948469073,20.994234085083008,700,0.0,0.0
2004-08-27 00:00:00-04:00,20.9942351866655,21.030482970453985,20.9942351866655,21.02323341369629,900,0.0,0.0
2004-08-30 00:00:00-04:00,21.066791231516348,21.582208262915866,21.066791231516348,21.277313232421875,1300,0.04,0.0
2004-08-31 00:00:00-04:00,21.415242299331922,21.415242299331922,21.277313232421875,21.277313232421875,500,0.0,0.0
2004-09-01 00:00:00-04:00,21.770949044370013,23.23008918762207,21.770949044370013,23.23008918762207,900,0.0,0.0
2004-09-02 00:00:00-04:00,23.20832005647268,23.302691723502523,21.23376215927098,22.547714233398438,1300,0.0,0.0
2004-09-03 00:00:00-04:00,22.547714233398438,22.547714233398438,22.547714233398438,22.547714233398438,0,0.0,0.0
2004-09-07 00:00:00-04:00,21.248282887571502,22.358971181787638,21.197467264257284,21.77821922302246,12100,0.0,0.0
2004-09-08 00:00:00-04:00,21.77821922302246,21.77821922302246,21.77821922302246,21.77821922302246,0,0.0,0.0
2004-09-09 00:00:00-04:00,21.923404794750574,22.358968009720147,21.923404794750574,22.068592071533203,1100,0.0,0.0
2004-09-10 00:00:00-04:00,21.99600086140393,21.99600086140393,21.77821922302246,21.77821922302246,1700,0.0,0.0
2004-09-13 00:00:00-04:00,21.923398971557617,22.003251467960414,21.923398971557617,21.923398971557617,1600,0.0,0.0
2004-09-14 00:00:00-04:00,21.77821922302246,21.77821922302246,21.77821922302246,21.77821922302246,600,0.0,0.0
2004-09-15 00:00:00-04:00,21.785478184994247,21.799997329711914,21.785478184994247,21.799997329711914,800,0.0,0.0
2004-09-16 00:00:00-04:00,22.19925569340799,22.26459043522385,21.923398971557617,21.923398971557617,1000,0.0,0.0
2004-09-17 00:00:00-04:00,21.785471341236804,22.271851459510867,21.785471341236804,21.821767807006836,1600,0.0,0.0
2004-09-20 00:00:00-04:00,21.81451416015625,21.81451416015625,21.81451416015625,21.81451416015625,400,0.0,0.0
2004-09-21 00:00:00-04:00,21.81451416015625,21.81451416015625,21.81451416015625,21.81451416015625,600,0.0,0.0
2004-09-22 00:00:00-04:00,21.821767807006836,21.821767807006836,21.821767807006836,21.821767807006836,700,0.0,0.0
2004-09-23 00:00:00-04:00,21.821767807006836,21.821767807006836,21.821767807006836,21.821767807006836,0,0.0,0.0
2004-09-24 00:00:00-04:00,21.821767807006836,21.821767807006836,21.821767807006836,21.821767807006836,0,0.0,0.0
2004-09-27 00:00:00-04:00,21.821767807006836,21.821767807006836,21.821767807006836,21.821767807006836,0,0.0,0.0
2004-09-28 00:00:00-04:00,21.81451416015625,21.81451416015625,21.81451416015625,21.81451416015625,300,0.0,0.0
2004-09-29 00:00:00-04:00,21.81451416015625,21.81451416015625,21.81451416015625,21.81451416015625,600,0.0,0.0
2004-09-30 00:00:00-04:00,21.81451416015625,21.81451416015625,21.81451416015625,21.81451416015625,0,0.0,0.0
2004-10-01 00:00:00-04:00,22.518670635830578,22.57674581011309,21.937917508384086,21.94517707824707,3000,0.0,0.0
2004-10-04 00:00:00-04:00,21.887101043569217,24.681971638367443,21.887101043569217,22.446075439453125,17800,0.0,0.0
2004-10-05 00:00:00-04:00,22.17022132873535,22.17022132873535,22.17022132873535,22.17022132873535,100,0.0,0.0
2004-10-06 00:00:00-04:00,22.17022132873535,22.17022132873535,22.17022132873535,22.17022132873535,0,0.0,0.0
2004-10-07 00:00:00-04:00,22.17022132873535,22.17022132873535,22.17022132873535,22.17022132873535,0,0.0,0.0
2004-10-08 00:00:00-04:00,22.17022132873535,22.17022132873535,22.17022132873535,22.17022132873535,0,0.0,0.0
2004-10-11 00:00:00-04:00,22.504151867174524,22.504151867174524,22.300888061523438,22.300888061523438,200,0.0,0.0
2004-10-12 00:00:00-04:00,22.613040105721858,23.041344994204596,22.554964937010023,22.692893981933594,2800,0.0,0.0
2004-10-13 00:00:00-04:00,22.56222915649414,22.56222915649414,22.56222915649414,22.56222915649414,200,0.0,0.0
2004-10-14 00:00:00-04:00,22.56222915649414,22.56222915649414,22.56222915649414,22.56222915649414,0,0.0,0.0
2004-10-15 00:00:00-04:00,23.368011474609375,23.368011474609375,23.368011474609375,23.368011474609375,300,0.0,0.0
2004-10-18 00:00:00-04:00,23.368011474609375,23.368011474609375,23.368011474609375,23.368011474609375,0,0.0,0.0
2004-10-19 00:00:00-04:00,23.230088518108122,23.948770600103725,23.230088518108122,23.926990509033203,1300,0.0,0.0
2004-10-20 00:00:00-04:00,23.926990509033203,23.926990509033203,23.926990509033203,23.926990509033203,0,0.0,0.0
2004-10-21 00:00:00-04:00,23.956035898528132,24.39159907989501,23.912478472694175,24.144779205322266,6200,0.0,0.0
2004-10-22 00:00:00-04:00,24.144779205322266,24.144779205322266,24.144779205322266,24.144779205322266,0,0.0,0.0
2004-10-25 00:00:00-04:00,23.368025231518796,23.368025231518796,23.353506088256836,23.353506088256836,300,0.0,0.0
2004-10-26 00:00:00-04:00,23.905225821100924,26.133863394601004,23.905225821100924,25.407922744750977,3500,0.0,0.0
2004-10-27 00:00:00-04:00,24.885234268023343,24.885234268023343,22.758230209350586,22.758230209350586,400,0.0,0.0
2004-10-28 00:00:00-04:00,22.758230209350586,22.758230209350586,22.758230209350586,22.758230209350586,0,0.0,0.0
2004-10-29 00:00:00-04:00,24.028626264620584,24.6674545955264,24.006848938658376,24.587600708007812,600,0.0,0.0
2004-11-01 00:00:00-05:00,24.68197909636917,24.68197909636917,22.50415741139542,22.525936126708984,3300,0.0,0.0
2004-11-02 00:00:00-05:00,22.518666337389924,22.518666337389924,21.778206968163303,21.858060836791992,6100,0.0,0.0
2004-11-03 00:00:00-05:00,21.821763370000408,22.417034149169922,21.821763370000408,22.417034149169922,600,0.0,0.0
2004-11-04 00:00:00-05:00,21.821767807006836,21.821767807006836,21.821767807006836,21.821767807006836,200,0.0,0.0
2004-11-05 00:00:00-05:00,21.342651420233373,22.43882179260254,21.342651420233373,22.43882179260254,3200,0.0,0.0
2004-11-08 00:00:00-05:00,22.49689292907715,22.49689292907715,22.49689292907715,22.49689292907715,200,0.0,0.0
2004-11-09 00:00:00-05:00,22.49689292907715,22.49689292907715,22.49689292907715,22.49689292907715,0,0.0,0.0
2004-11-10 00:00:00-05:00,22.49689292907715,22.49689292907715,22.49689292907715,22.49689292907715,0,0.0,0.0
2004-11-11 00:00:00-05:00,22.489633560180664,22.489633560180664,22.489633560180664,22.489633560180664,200,0.0,0.0
2004-11-12 00:00:00-05:00,22.504151137401273,23.215572357177734,22.504151137401273,23.215572357177734,500,0.0,0.0
2004-11-15 00:00:00-05:00,23.28091479461098,24.587607319311395,21.908887505213364,24.456937789916992,3400,0.0,0.0
2004-11-16 00:00:00-05:00,24.391595691429202,24.681972951496867,24.06492473540656,24.56582260131836,5400,0.0,0.0
2004-11-17 00:00:00-05:00,24.56582260131836,24.56582260131836,24.56582260131836,24.56582260131836,0,0.0,0.0
2004-11-18 00:00:00-05:00,24.53678321838379,24.53678321838379,24.53678321838379,24.53678321838379,200,0.0,0.0
2004-11-19 00:00:00-05:00,24.53678321838379,24.53678321838379,24.53678321838379,24.53678321838379,0,0.0,0.0
2004-11-22 00:00:00-05:00,25.40790843996087,25.821694155872283,24.732783794159673,25.763620376586914,4100,0.0,0.0
2004-11-23 00:00:00-05:00,24.45693081781203,25.945110837308874,24.45693081781203,25.13931655883789,500,0.0,0.0
2004-11-24 00:00:00-05:00,25.13931655883789,25.13931655883789,25.13931655883789,25.13931655883789,0,0.0,0.0
2004-11-26 00:00:00-05:00,25.13931655883789,25.13931655883789,25.13931655883789,25.13931655883789,0,0.0,0.0
2004-11-29 00:00:00-05:00,25.139314651489258,25.139314651489258,25.139314651489258,25.139314651489258,0,0.04,0.0
2004-11-30 00:00:00-05:00,25.139314651489258,25.139314651489258,25.139314651489258,25.139314651489258,0,0.0,0.0
2004-12-01 00:00:00-05:00,25.9605712890625,25.9605712890625,25.9605712890625,25.9605712890625,1100,0.0,0.0
2004-12-02 00:00:00-05:00,23.26422077142479,23.286026051243425,23.256954193115234,23.256954193115234,3000,0.0,0.0
2004-12-03 00:00:00-05:00,24.492483859460382,24.710517280979953,24.201770782470703,24.201770782470703,1600,0.0,0.0
2004-12-06 00:00:00-05:00,24.34712791442871,24.71051788330078,24.34712791442871,24.71051788330078,500,0.0,0.0
2004-12-07 00:00:00-05:00,23.518607612919915,23.845659255981445,23.518607612919915,23.845659255981445,600,0.0,0.0
2004-12-08 00:00:00-05:00,23.693021774291992,23.693021774291992,23.693021774291992,23.693021774291992,500,0.0,0.0
2004-12-09 00:00:00-05:00,23.693021774291992,23.693021774291992,23.693021774291992,23.693021774291992,0,0.0,0.0
2004-12-10 00:00:00-05:00,24.056411743164062,24.056411743164062,24.056411743164062,24.056411743164062,600,0.0,0.0
2004-12-13 00:00:00-05:00,24.652376088768996,24.652376088768996,24.347129821777344,24.347129821777344,400,0.0,0.0
2004-12-14 00:00:00-05:00,25.059367256513166,25.618988037109375,25.044831327770353,25.618988037109375,1500,0.0,0.0
2004-12-15 00:00:00-05:00,25.975128173828125,25.975128173828125,25.975128173828125,25.975128173828125,5900,0.0,0.0
2004-12-16 00:00:00-05:00,24.58696909490966,25.437300376729233,24.58696909490966,24.855876922607422,300,0.0,0.0
2004-12-17 00:00:00-05:00,25.43730354309082,25.43730354309082,25.291946968355376,25.43730354309082,2500,0.0,0.0
2004-12-20 00:00:00-05:00,25.43730354309082,25.43730354309082,25.43730354309082,25.43730354309082,0,0.0,0.0
2004-12-21 00:00:00-05:00,24.7105148496469,25.262866314645514,24.7105148496469,25.146581649780273,1200,0.0,0.0
2004-12-22 00:00:00-05:00,25.146581649780273,25.146581649780273,25.146581649780273,25.146581649780273,0,0.0,0.0
2004-12-23 00:00:00-05:00,25.146581649780273,25.146581649780273,25.146581649780273,25.146581649780273,100,0.0,0.0
2004-12-27 00:00:00-05:00,26.403918763396796,26.403918763396796,25.364623140317057,25.502710342407227,3600,0.0,0.0
2004-12-28 00:00:00-05:00,25.800687789916992,26.164077758789062,25.800687789916992,26.164077758789062,5300,0.0,0.0
2004-12-29 00:00:00-05:00,25.451834395233675,26.64375307964256,25.44456504310321,26.62921714782715,2300,0.0,0.0
2004-12-30 00:00:00-05:00,26.890860086622553,26.890860086622553,26.17134666442871,26.17134666442871,1300,0.0,0.0
2004-12-31 00:00:00-05:00,26.701890033263602,26.88358497619629,26.62921039262364,26.88358497619629,1800,0.0,0.0
2005-01-03 00:00:00-05:00,26.88359487984931,27.610374919318712,26.88359487984931,27.25425148010254,4600,0.0,0.0
2005-01-04 00:00:00-05:00,27.4940920720822,27.617643356323242,26.781845145771896,27.617643356323242,2600,0.0,0.0
2005-01-05 00:00:00-05:00,27.61764573754731,29.943342775198442,27.61764573754731,29.252901077270508,6500,0.0,0.0
2005-01-06 00:00:00-05:00,30.502960722449618,30.502960722449618,29.34738028898627,30.132301330566406,1000,0.0,0.0
2005-01-07 00:00:00-05:00,29.25289033990642,30.50295262794949,29.25289033990642,29.718029022216797,3600,0.0,0.0
2005-01-10 00:00:00-05:00,30.524755822657472,30.524755822657472,29.078462600708008,29.078462600708008,1800,0.0,0.0
2005-01-11 00:00:00-05:00,28.9040346712433,28.99851682706052,28.286270141601562,28.286270141601562,1000,0.0,0.0
2005-01-12 00:00:00-05:00,27.959226608276367,27.959226608276367,27.959226608276367,27.959226608276367,100,0.0,0.0
2005-01-13 00:00:00-05:00,27.959226608276367,27.959226608276367,27.959226608276367,27.959226608276367,0,0.0,0.0
2005-01-14 00:00:00-05:00,27.959226608276367,27.959226608276367,27.959226608276367,27.959226608276367,0,0.0,0.0
2005-01-18 00:00:00-05:00,29.005779507335674,29.005779507335674,27.276042938232422,27.276042938232422,3500,0.0,0.0
2005-01-19 00:00:00-05:00,27.75572732098322,27.762996673583984,27.68305042964973,27.762996673583984,1500,0.0,0.0
2005-01-20 00:00:00-05:00,27.04348507950297,27.77753448486328,27.04348507950297,27.77753448486328,400,0.0,0.0
2005-01-21 00:00:00-05:00,26.98534147288301,27.00714398513209,26.825448989868164,26.825448989868164,800,0.0,0.0
2005-01-24 00:00:00-05:00,26.382114622364703,26.491132736206055,26.164081167127797,26.491132736206055,500,0.0,0.0
2005-01-25 00:00:00-05:00,26.164079614587735,26.890859603881836,26.164079614587735,26.890859603881836,500,0.0,0.0
2005-01-26 00:00:00-05:00,26.890859603881836,26.890859603881836,26.890859603881836,26.890859603881836,0,0.0,0.0
2005-01-27 00:00:00-05:00,27.79933554563354,27.79933554563354,26.38938331604004,26.38938331604004,1700,0.0,0.0
2005-01-28 00:00:00-05:00,28.300811548193895,29.07119932847901,26.432987213134766,26.432987213134766,1200,0.0,0.0
2005-01-31 00:00:00-05:00,26.52746200561523,26.52746200561523,26.52746200561523,26.527462005615234,700,0.0,0.0
2005-02-01 00:00:00-05:00,26.17134240354062,27.66124338372963,25.80068588256836,25.80068588256836,1900,0.0,0.0
2005-02-02 00:00:00-05:00,26.520207691258932,28.2499423736916,26.50567175622427,27.39234161376953,1700,0.0,0.0
2005-02-03 00:00:00-05:00,27.44321565164044,28.526119232177734,27.44321565164044,28.526119232177734,600,0.0,0.0
2005-02-04 00:00:00-05:00,28.162725866551924,28.169992446899414,27.96649492782052,28.169992446899414,500,0.0,0.0
2005-02-07 00:00:00-05:00,26.796369748291706,27.11615462628574,26.52746200561523,26.527462005615234,3500,0.0,0.0
2005-02-08 00:00:00-05:00,26.534736189251646,26.890859603881836,26.534736189251646,26.890859603881836,2500,0.0,0.0
2005-02-09 00:00:00-05:00,26.52746822519662,28.51884651184082,26.52746822519662,28.51884651184082,1200,0.0,0.0
2005-02-10 00:00:00-05:00,28.51884651184082,28.51884651184082,28.51884651184082,28.51884651184082,0,0.0,0.0
2005-02-11 00:00:00-05:00,28.286266628505146,28.933102936900294,28.25719754547139,28.366212844848633,4800,0.0,0.0
2005-02-14 00:00:00-05:00,28.366212844848633,28.366212844848633,28.366212844848633,28.366212844848633,0,0.0,0.0
2005-02-15 00:00:00-05:00,28.82408905029297,28.82408905029297,28.82408905029297,28.82408905029297,100,0.0,0.0
2005-02-16 00:00:00-05:00,28.37349558047654,28.37349558047654,28.3516902923584,28.3516902923584,200,0.0,0.0
2005-02-17 00:00:00-05:00,28.3516902923584,28.3516902923584,28.3516902923584,28.3516902923584,0,0.0,0.0
2005-02-18 00:00:00-05:00,28.3516902923584,28.3516902923584,28.3516902923584,28.3516902923584,0,0.0,0.0
2005-02-22 00:00:00-05:00,28.3516902923584,28.3516902923584,28.3516902923584,28.3516902923584,0,0.0,0.0
2005-02-23 00:00:00-05:00,28.3516902923584,28.3516902923584,28.3516902923584,28.3516902923584,0,0.0,0.0
2005-02-24 00:00:00-05:00,28.3516902923584,28.3516902923584,28.3516902923584,28.3516902923584,0,0.0,0.0
2005-02-25 00:00:00-05:00,28.598792338630005,28.882238871920684,28.511579513549805,28.511579513549805,1200,0.0,0.0
2005-02-28 00:00:00-05:00,26.90539627830245,29.44912631097753,26.90539627830245,28.20633316040039,7300,0.0,0.0
2005-03-01 00:00:00-05:00,28.351676496573454,28.526104854412406,28.351676496573454,28.358945846557617,700,0.0,0.0
2005-03-02 00:00:00-05:00,28.351680259261755,28.547911148206563,28.351680259261755,28.38802146911621,1300,0.0,0.0
2005-03-03 00:00:00-05:00,28.7005476779323,28.7005476779323,28.373496074921295,28.526119232177734,1800,0.0,0.0
2005-03-04 00:00:00-05:00,28.526119232177734,28.526119232177734,28.526119232177734,28.526119232177734,0,0.0,0.0
2005-03-07 00:00:00-05:00,28.664199829101562,28.664199829101562,28.664199829101562,28.664199829101562,200,0.0,0.0
2005-03-08 00:00:00-05:00,28.37349128723145,28.37349128723145,28.37349128723145,28.373491287231445,1100,0.0,0.0
2005-03-09 00:00:00-05:00,28.526119232177734,28.526119232177734,28.45344233037355,28.526119232177734,3000,0.0,0.0
2005-03-10 00:00:00-05:00,28.526119232177734,28.526119232177734,28.526119232177734,28.526119232177734,0,0.0,0.0
2005-03-11 00:00:00-05:00,28.613319396972656,28.613319396972656,28.613319396972656,28.613319396972656,200,0.0,0.0
2005-03-14 00:00:00-05:00,28.38802146911621,28.38802146911621,28.38802146911621,28.38802146911621,100,0.0,0.0
2005-03-15 00:00:00-05:00,28.3516902923584,28.3516902923584,28.3516902923584,28.3516902923584,200,0.0,0.0
2005-03-16 00:00:00-05:00,28.351676543795712,28.351676543795712,28.32987403869629,28.32987403869629,1100,0.0,0.0
2005-03-17 00:00:00-05:00,28.32987403869629,28.32987403869629,28.32987403869629,28.32987403869629,0,0.0,0.0
2005-03-18 00:00:00-05:00,28.373538970947266,28.373538970947266,28.373538970947266,28.373538970947266,1700,0.04,0.0
2005-03-21 00:00:00-05:00,27.64600563049316,27.64600563049316,27.64600563049316,27.646005630493164,500,0.0,0.0
2005-03-22 00:00:00-05:00,27.64600639111916,27.80606310568791,27.616904665689695,27.733308792114258,4600,0.0,0.0
2005-03-23 00:00:00-05:00,27.034887313842773,27.034887313842773,27.034887313842773,27.034887313842773,300,0.0,0.0
2005-03-24 00:00:00-05:00,27.034891708297778,27.034891708297778,26.918487548828125,26.918487548828125,6300,0.0,0.0
2005-03-28 00:00:00-05:00,26.918487548828125,26.918487548828125,26.918487548828125,26.918487548828125,0,0.0,0.0
2005-03-29 00:00:00-05:00,26.918487548828125,26.918487548828125,26.918487548828125,26.918487548828125,0,0.0,0.0
2005-03-30 00:00:00-05:00,28.300783157348636,28.300783157348636,28.264404610575003,28.300783157348633,500,0.0,0.0
2005-03-31 00:00:00-05:00,28.300783157348636,28.300783157348636,28.300783157348636,28.300783157348633,0,0.0,0.0
2005-04-01 00:00:00-05:00,28.300783157348636,28.300783157348636,28.300783157348636,28.300783157348633,0,0.0,0.0
2005-04-04 00:00:00-04:00,28.300783157348636,28.300783157348636,28.300783157348636,28.300783157348633,0,0.0,0.0
2005-04-05 00:00:00-04:00,27.64600563049316,27.64600563049316,27.64600563049316,27.646005630493164,2000,0.0,0.0
2005-04-06 00:00:00-04:00,26.561994987061674,28.300785895070295,26.561994987061674,27.28224754333496,2800,0.0,0.0
2005-04-07 00:00:00-04:00,27.056714230111265,27.056714230111265,26.678400051440274,26.700227737426758,2100,0.0,0.0
2005-04-08 00:00:00-04:00,26.627470016479496,26.627470016479496,26.627470016479496,26.627470016479492,100,0.0,0.0
2005-04-11 00:00:00-04:00,27.49322263883178,27.57325098488986,26.372831344604496,26.372831344604492,1700,0.0,0.0
2005-04-12 00:00:00-04:00,27.464115831207078,27.464115831207078,27.347711742669286,27.405912399291992,1000,0.0,0.0
2005-04-13 00:00:00-04:00,26.19095478746091,26.678396224975586,26.19095478746091,26.678396224975586,1100,0.0,0.0
2005-04-14 00:00:00-04:00,26.190958416904987,26.809354936075497,25.870847702026367,25.870847702026367,3900,0.0,0.0
2005-04-15 00:00:00-04:00,26.081822224486913,26.183678259131913,25.834463119506836,25.834463119506836,1400,0.0,0.0
2005-04-18 00:00:00-04:00,27.078538183576526,27.093089047130537,25.485253315580366,26.154579162597656,4800,0.0,0.0
2005-04-19 00:00:00-04:00,26.1254748092611,26.19095230102539,26.1254748092611,26.19095230102539,800,0.0,0.0
2005-04-20 00:00:00-04:00,26.518339759846842,26.518339759846842,26.19095230102539,26.19095230102539,3100,0.0,0.0
2005-04-21 00:00:00-04:00,26.081829071044922,26.081829071044922,26.081829071044922,26.081829071044922,400,0.0,0.0
2005-04-22 00:00:00-04:00,26.081829071044922,26.081829071044922,26.081829071044922,26.081829071044922,0,0.0,0.0
2005-04-25 00:00:00-04:00,26.55472173557996,26.88938331604004,26.55472173557996,26.88938331604004,300,0.0,0.0
2005-04-26 00:00:00-04:00,25.907220032766354,26.154579162597656,25.907220032766354,26.154579162597656,300,0.0,0.0
2005-04-27 00:00:00-04:00,26.409210205078125,26.409210205078125,26.409210205078125,26.409210205078125,300,0.0,0.0
2005-04-28 00:00:00-04:00,26.845727920532227,26.845727920532227,26.845727920532227,26.845727920532227,100,0.0,0.0
2005-04-29 00:00:00-04:00,25.4707088470459,25.4707088470459,25.4707088470459,25.4707088470459,200,0.0,0.0
2005-05-02 00:00:00-04:00,26.55471420288086,26.55471420288086,26.55471420288086,26.55471420288086,1300,0.0,0.0
2005-05-03 00:00:00-04:00,26.198233223045328,26.518346722516867,26.081829071044922,26.081829071044922,6100,0.0,0.0
2005-05-04 00:00:00-04:00,26.081829071044922,26.081829071044922,26.081829071044922,26.081829071044922,0,0.0,0.0
2005-05-05 00:00:00-04:00,26.081829071044922,26.081829071044922,26.081829071044922,26.081829071044922,0,0.0,0.0
2005-05-06 00:00:00-04:00,25.4707088470459,25.4707088470459,25.4707088470459,25.4707088470459,200,0.0,0.0
2005-05-09 00:00:00-04:00,25.645306236192127,26.55471425875213,25.463424631680123,25.674407958984375,2900,0.0,0.0
2005-05-10 00:00:00-04:00,25.463428497314453,25.470702541470278,24.93233446454854,25.463428497314453,2300,0.0,0.0
2005-05-11 00:00:00-04:00,25.485250461018747,26.190952000229856,25.485250461018747,26.176401138305664,6000,0.0,0.0
2005-05-12 00:00:00-04:00,25.75443345642974,25.84173583984375,25.652577437938543,25.84173583984375,3700,0.0,0.0
2005-05-13 00:00:00-04:00,30.556104552882918,34.19373604727374,26.198220801473973,26.481958389282227,9800,0.0,0.0
2005-05-16 00:00:00-04:00,25.645317378430885,26.634754180908203,25.645317378430885,26.634754180908203,1300,0.0,0.0
2005-05-17 00:00:00-04:00,26.445582195859735,26.772969614403575,26.445582195859735,26.765695571899414,3000,0.0,0.0
2005-05-18 00:00:00-04:00,26.8020791327712,26.8020791327712,26.198230743408203,26.198230743408203,500,0.0,0.0
2005-05-19 00:00:00-04:00,26.205501556396484,26.205501556396484,26.205501556396484,26.205501556396484,200,0.0,0.0
2005-05-20 00:00:00-04:00,26.220054025208,26.220054025208,26.19095230102539,26.19095230102539,400,0.0,0.0
2005-05-23 00:00:00-04:00,26.190953896812655,26.26370543640869,25.645309023962394,25.69623565673828,2900,0.0,0.0
2005-05-24 00:00:00-04:00,25.696235656738285,25.696235656738285,25.696235656738285,25.69623565673828,0,0.0,0.0
2005-05-25 00:00:00-04:00,25.696235656738285,25.696235656738285,25.696235656738285,25.69623565673828,0,0.0,0.0
2005-05-26 00:00:00-04:00,26.19095230102539,26.19095230102539,26.19095230102539,26.19095230102539,100,0.0,0.0
2005-05-27 00:00:00-04:00,26.220083236694336,26.220083236694336,26.220083236694336,26.220083236694336,0,0.04,0.0
2005-05-31 00:00:00-04:00,25.651981353759766,25.651981353759766,25.651981353759766,25.651981353759766,100,0.0,0.0
2005-06-01 00:00:00-04:00,25.928749084472656,25.928749084472656,25.928749084472656,25.928749084472656,8500,0.0,0.0
2005-06-02 00:00:00-04:00,25.92875513141136,26.11812400817871,25.92875513141136,26.11812400817871,17100,0.0,0.0
2005-06-03 00:00:00-04:00,26.11812400817871,26.11812400817871,26.11812400817871,26.11812400817871,0,0.0,0.0
2005-06-06 00:00:00-04:00,26.11812400817871,26.11812400817871,26.11812400817871,26.11812400817871,1700,0.0,0.0
2005-06-07 00:00:00-04:00,26.20551872253418,26.20551872253418,26.20551872253418,26.20551872253418,100,0.0,0.0
2005-06-08 00:00:00-04:00,26.220083236694336,26.220083236694336,26.220083236694336,26.220083236694336,100,0.0,0.0
2005-06-09 00:00:00-04:00,26.220083236694336,26.220083236694336,26.205516190379463,26.220083236694336,2900,0.0,0.0
2005-06-10 00:00:00-04:00,26.220083236694336,26.220083236694336,26.220083236694336,26.220083236694336,0,0.0,0.0
2005-06-13 00:00:00-04:00,27.676747579156807,27.676747579156807,26.183660436483418,26.394878387451172,800,0.0,0.0
2005-06-14 00:00:00-04:00,26.241938621351753,26.460441589355472,26.220089435903642,26.46044158935547,2000,0.0,0.0
2005-06-15 00:00:00-04:00,26.365757817634,26.365757817634,26.183673858642578,26.183673858642578,1100,0.0,0.0
2005-06-16 00:00:00-04:00,26.190945885075966,26.635231018066406,26.190945885075966,26.635231018066406,1000,0.0,0.0
2005-06-17 00:00:00-04:00,26.635231018066406,26.635231018066406,26.635231018066406,26.635231018066406,0,0.0,0.0
2005-06-20 00:00:00-04:00,26.635231018066406,26.635231018066406,26.635231018066406,26.635231018066406,0,0.0,0.0
2005-06-21 00:00:00-04:00,26.635231018066406,26.635231018066406,26.635231018066406,26.635231018066406,0,0.0,0.0
2005-06-22 00:00:00-04:00,26.36575698852539,26.36575698852539,26.36575698852539,26.36575698852539,300,0.0,0.0
2005-06-23 00:00:00-04:00,26.36575698852539,26.36575698852539,26.36575698852539,26.36575698852539,0,0.0,0.0
2005-06-24 00:00:00-04:00,26.1763858795166,26.1763858795166,26.1763858795166,26.1763858795166,300,0.0,0.0
2005-06-27 00:00:00-04:00,26.1763858795166,26.1763858795166,26.1763858795166,26.1763858795166,0,0.0,0.0
2005-06-28 00:00:00-04:00,26.220083236694336,26.220083236694336,26.220083236694336,26.220083236694336,100,0.0,0.0
2005-06-29 00:00:00-04:00,26.58424949645996,26.58424949645996,26.58424949645996,26.58424949645996,200,0.0,0.0
2005-06-30 00:00:00-04:00,26.220083236694336,26.220083236694336,26.01615014504609,26.220083236694336,3200,0.0,0.0
2005-07-01 00:00:00-04:00,26.278343085204455,26.576960493973637,25.85590721122999,26.016141891479492,7500,0.0,0.0
2005-07-05 00:00:00-04:00,26.052574418873228,26.161823132409996,26.052574418873228,26.11083984375,500,0.0,0.0
2005-07-06 00:00:00-04:00,26.147245407104492,26.147245407104492,26.147245407104492,26.147245407104492,3500,0.0,0.0
2005-07-07 00:00:00-04:00,26.001577752287925,26.147245407104492,25.448041219660848,26.147245407104492,3100,0.0,0.0
2005-07-08 00:00:00-04:00,26.147245407104492,26.147245407104492,26.147245407104492,26.147245407104492,0,0.0,0.0
2005-07-11 00:00:00-04:00,26.147245407104492,26.147245407104492,26.147245407104492,26.147245407104492,0,0.0,0.0
2005-07-12 00:00:00-04:00,25.855921225377788,26.00887107849121,25.855921225377788,26.00887107849121,7300,0.0,0.0
2005-07-13 00:00:00-04:00,26.00887107849121,26.00887107849121,26.00887107849121,26.00887107849121,0,0.0,0.0
2005-07-14 00:00:00-04:00,26.00887107849121,26.00887107849121,26.00887107849121,26.00887107849121,0,0.0,0.0
2005-07-15 00:00:00-04:00,26.21280860900879,26.21280860900879,26.21280860900879,26.21280860900879,100,0.0,0.0
2005-07-18 00:00:00-04:00,25.637425506707107,26.14726121765951,25.637425506707107,25.775808334350586,800,0.0,0.0
2005-07-19 00:00:00-04:00,26.220089057013343,27.232475384396015,25.78308868408203,25.78308868408203,1300,0.0,0.0
2005-07-20 00:00:00-04:00,26.358474150833207,26.358474150833207,26.11083984375,26.11083984375,200,0.0,0.0
2005-07-21 00:00:00-04:00,26.11083984375,26.11083984375,26.11083984375,26.11083984375,0,0.0,0.0
2005-07-22 00:00:00-04:00,25.863195456119353,26.64251708984375,25.863195456119353,26.64251708984375,700,0.0,0.0
2005-07-25 00:00:00-04:00,26.926576614379883,26.926576614379883,26.926576614379883,26.926576614379883,100,0.0,0.0
2005-07-26 00:00:00-04:00,26.926576614379883,26.926576614379883,26.926576614379883,26.926576614379883,0,0.0,0.0
2005-07-27 00:00:00-04:00,26.948432922363278,26.948432922363278,26.948432922363278,26.94843292236328,300,0.0,0.0
2005-07-28 00:00:00-04:00,26.810036302266806,26.810036302266806,26.314767837524414,26.314767837524414,300,0.0,0.0
2005-07-29 00:00:00-04:00,26.271080017089844,26.271080017089844,26.271080017089844,26.271080017089844,100,0.0,0.0
2005-08-01 00:00:00-04:00,25.965166405836158,26.067132949829105,25.965166405836158,26.0671329498291,300,0.0,0.0
2005-08-02 00:00:00-04:00,26.598814796000557,26.73719755120264,26.30019732965316,26.635231018066406,500,0.0,0.0
2005-08-03 00:00:00-04:00,26.635231018066406,26.635231018066406,26.635231018066406,26.635231018066406,0,0.0,0.0
2005-08-04 00:00:00-04:00,26.635231018066406,26.635231018066406,26.635231018066406,26.635231018066406,0,0.0,0.0
2005-08-05 00:00:00-04:00,27.669480475214126,28.383249282836914,27.31259468221233,28.383249282836914,2300,0.0,0.0
2005-08-08 00:00:00-04:00,28.383249282836914,28.383249282836914,28.383249282836914,28.383249282836914,0,0.0,0.0
2005-08-09 00:00:00-04:00,28.36139546620646,28.36139546620646,27.858844757080078,27.858844757080078,300,0.0,0.0
2005-08-10 00:00:00-04:00,27.858844757080078,27.858844757080078,27.858844757080078,27.858844757080078,0,0.0,0.0
2005-08-11 00:00:00-04:00,27.676759903250694,27.676759903250694,27.203340530395508,27.203340530395508,400,0.0,0.0
2005-08-12 00:00:00-04:00,26.948435840990722,27.13051986694336,26.948435840990722,27.13051986694336,1300,0.0,0.0
2005-08-15 00:00:00-04:00,27.130511820308815,27.130511820308815,26.977561950683594,26.977561950683594,2600,0.0,0.0
2005-08-16 00:00:00-04:00,26.977561950683594,26.977561950683594,26.977561950683594,26.977561950683594,0,0.0,0.0
2005-08-17 00:00:00-04:00,27.203343682765727,29.06060237735799,27.203343682765727,28.849384307861328,8000,0.0,0.0
2005-08-18 00:00:00-04:00,28.776549332471692,28.951351165771488,28.769267196175438,28.951351165771484,4900,0.0,0.0
2005-08-19 00:00:00-04:00,28.842090632704075,30.582815170288086,28.842090632704075,30.582815170288086,4200,0.0,0.0
2005-08-22 00:00:00-04:00,30.582815170288086,30.582815170288086,30.582815170288086,30.582815170288086,0,0.0,0.0
2005-08-23 00:00:00-04:00,30.582815170288086,30.582815170288086,30.582815170288086,30.582815170288086,0,0.0,0.0
2005-08-24 00:00:00-04:00,29.58499780422629,30.09483339209147,29.13343041080533,29.570430755615234,1600,0.0,0.0
2005-08-25 00:00:00-04:00,29.72337529386191,30.590093612670902,29.72337529386191,30.5900936126709,2800,0.0,0.0
2005-08-26 00:00:00-04:00,30.954276213804345,31.19462839802853,30.444440520489014,30.64837646484375,8200,0.0,0.0
2005-08-29 00:00:00-04:00,31.311169824585306,31.311169824585306,29.88362897237528,30.2914981842041,3700,0.0,0.0
2005-08-30 00:00:00-04:00,28.71676496196182,29.103153654803357,28.71676496196182,29.08857536315918,1900,0.04,0.0
2005-08-31 00:00:00-04:00,29.934248401735058,29.934248401735058,28.80423927307129,28.80423927307129,6000,0.0,0.0
2005-09-01 00:00:00-04:00,29.219786266995982,29.343721145624503,28.250166320321725,28.83339500427246,4400,0.0,0.0
2005-09-02 00:00:00-04:00,28.44701964420703,28.79695701599121,28.44701964420703,28.79695701599121,700,0.0,0.0
2005-09-06 00:00:00-04:00,26.959787252099318,29.423933029174805,26.959787252099318,29.423933029174805,1800,0.0,0.0
2005-09-07 00:00:00-04:00,28.41057586669922,28.41057586669922,28.41057586669922,28.41057586669922,100,0.0,0.0
2005-09-08 00:00:00-04:00,28.731335826736355,28.731335826736355,28.286623001098633,28.286623001098633,800,0.0,0.0
2005-09-09 00:00:00-04:00,28.286623001098633,28.286623001098633,28.286623001098633,28.286623001098633,0,0.0,0.0
2005-09-12 00:00:00-04:00,28.43244171142578,28.43244171142578,28.43244171142578,28.43244171142578,100,0.0,0.0
2005-09-13 00:00:00-04:00,29.008380889892575,29.008380889892575,29.008380889892575,29.008380889892578,300,0.0,0.0
2005-09-14 00:00:00-04:00,29.766581329015207,29.890516281127933,29.766581329015207,29.89051628112793,600,0.0,0.0
2005-09-15 00:00:00-04:00,29.671796929932757,29.671796929932757,29.664505004882816,29.664505004882812,300,0.0,0.0
2005-09-16 00:00:00-04:00,29.16147999588908,29.19793128967285,28.79696149594047,29.19793128967285,400,0.0,0.0
2005-09-19 00:00:00-04:00,29.161471058475957,29.161471058475957,29.015663146972656,29.015663146972656,400,0.0,0.0
2005-09-20 00:00:00-04:00,29.015663146972656,29.015663146972656,29.015663146972656,29.015663146972656,0,0.0,0.0
2005-09-21 00:00:00-04:00,28.43244171142578,28.43244171142578,28.43244171142578,28.43244171142578,1300,0.0,0.0
2005-09-22 00:00:00-04:00,28.64386632497565,28.651155471801758,28.64386632497565,28.651155471801758,200,0.0,0.0
2005-09-23 00:00:00-04:00,28.97192457166109,28.97192457166109,28.505338668823242,28.505338668823242,1300,0.0,0.0
2005-09-26 00:00:00-04:00,28.388690132592004,28.490757613996948,28.06791496276856,28.067914962768555,1900,0.0,0.0
2005-09-27 00:00:00-04:00,28.06791496276856,28.06791496276856,28.06791496276856,28.067914962768555,0,0.0,0.0
2005-09-28 00:00:00-04:00,28.352243316717136,28.51992146242453,28.352243316717136,28.476181030273438,2300,0.0,0.0
2005-09-29 00:00:00-04:00,28.308495992904174,28.308495992904174,26.835841546142476,28.286623001098633,5400,0.0,0.0
2005-09-30 00:00:00-04:00,28.46889305114746,28.46889305114746,28.46889305114746,28.46889305114746,100,0.0,0.0
2005-10-03 00:00:00-04:00,29.12502665438013,29.12502665438013,29.08857536315918,29.08857536315918,600,0.0,0.0
2005-10-04 00:00:00-04:00,29.212512275855968,29.241674423217773,29.212512275855968,29.241674423217773,1500,0.0,0.0
2005-10-05 00:00:00-04:00,29.2416553388437,29.2416553388437,29.161460876464844,29.161460876464844,200,0.0,0.0
2005-10-06 00:00:00-04:00,29.628047943115234,29.628047943115234,29.628047943115234,29.628047943115234,200,0.0,0.0
2005-10-07 00:00:00-04:00,29.16146631171127,29.16146631171127,28.417848587036133,28.417848587036133,2200,0.0,0.0
2005-10-10 00:00:00-04:00,28.155410766601562,28.155410766601562,28.155410766601562,28.155410766601562,100,0.0,0.0
2005-10-11 00:00:00-04:00,27.892953132211307,27.892953132211307,27.885663986206055,27.885663986206055,200,0.0,0.0
2005-10-12 00:00:00-04:00,27.863799528463662,28.432447590332423,27.53573226928711,27.53573226928711,5700,0.0,0.0
2005-10-13 00:00:00-04:00,28.162696838378906,28.162696838378906,28.162696838378906,28.162696838378906,700,0.0,0.0
2005-10-14 00:00:00-04:00,28.162696838378906,28.162696838378906,28.162696838378906,28.162696838378906,0,0.0,0.0
2005-10-17 00:00:00-04:00,28.592832565307617,28.592832565307617,28.592832565307617,28.592832565307617,100,0.0,0.0
2005-10-18 00:00:00-04:00,28.592832565307617,28.592832565307617,28.592832565307617,28.592832565307617,0,0.0,0.0
2005-10-19 00:00:00-04:00,28.592832565307617,28.592832565307617,28.592832565307617,28.592832565307617,0,0.0,0.0
2005-10-20 00:00:00-04:00,28.592832565307617,28.592832565307617,28.592832565307617,28.592832565307617,0,0.0,0.0
2005-10-21 00:00:00-04:00,28.592832565307617,28.592832565307617,28.592832565307617,28.592832565307617,0,0.0,0.0
2005-10-24 00:00:00-04:00,28.57825287572306,28.76780128479004,28.57825287572306,28.76780128479004,300,0.0,0.0
2005-10-25 00:00:00-04:00,28.782367706298828,28.782367706298828,28.782367706298828,28.782367706298828,100,0.0,0.0
2005-10-26 00:00:00-04:00,28.58553316432748,28.58553316432748,28.505338668823242,28.505338668823242,600,0.0,0.0
2005-10-27 00:00:00-04:00,28.549088178045448,28.600120544433594,28.46889366484825,28.600120544433594,900,0.0,0.0
2005-10-28 00:00:00-04:00,28.79694418598287,28.79694418598287,28.454296112060547,28.454296112060547,200,0.0,0.0
2005-10-31 00:00:00-05:00,28.454310763019333,28.454310763019333,28.439729690551758,28.439729690551758,700,0.0,0.0
2005-11-01 00:00:00-05:00,29.161472972941112,29.489540100097656,28.971924622281097,29.489540100097656,2800,0.0,0.0
2005-11-02 00:00:00-05:00,29.489549118353516,29.547870635986328,29.489549118353516,29.547870635986328,800,0.0,0.0
2005-11-03 00:00:00-05:00,29.525979137420652,29.525979137420652,29.161460876464844,29.161460876464844,2100,0.0,0.0
2005-11-04 00:00:00-05:00,29.16876028730271,29.525989532470703,29.16876028730271,29.525989532470703,1200,0.0,0.0
2005-11-07 00:00:00-05:00,29.868633462765185,29.89779281616211,29.868633462765185,29.89779281616211,800,0.0,0.0
2005-11-08 00:00:00-05:00,29.890510549061855,29.890510549061855,29.496829986572266,29.496829986572266,400,0.0,0.0
2005-11-09 00:00:00-05:00,29.496829986572266,29.496829986572266,29.496829986572266,29.496829986572266,0,0.0,0.0
2005-11-10 00:00:00-05:00,29.49683883223311,29.49683883223311,29.39477408862179,29.40935516357422,1000,0.0,0.0
2005-11-11 00:00:00-05:00,29.453100204467773,30.167556234855045,29.453100204467773,29.453100204467773,400,0.0,0.0
2005-11-14 00:00:00-05:00,29.460389351865583,29.460389351865583,29.431227200162628,29.453100204467773,1000,0.0,0.0
2005-11-15 00:00:00-05:00,29.890516281127933,29.890516281127933,29.890516281127933,29.89051628112793,500,0.0,0.0
2005-11-16 00:00:00-05:00,29.890516281127933,29.890516281127933,29.890516281127933,29.89051628112793,0,0.0,0.0
2005-11-17 00:00:00-05:00,29.926971343454245,29.999876719516834,29.926971343454245,29.970714569091797,4700,0.0,0.0
2005-11-18 00:00:00-05:00,29.51141660696718,30.765361102092484,29.51141660696718,30.247745513916016,3200,0.0,0.0
2005-11-21 00:00:00-05:00,30.262326364370267,30.29878044128418,30.262326364370267,30.29878044128418,600,0.0,0.0
2005-11-22 00:00:00-05:00,30.255043029785156,30.255043029785156,30.255043029785156,30.255043029785156,500,0.0,0.0
2005-11-23 00:00:00-05:00,30.954914093017578,30.954914093017578,30.954914093017578,30.954914093017578,100,0.0,0.0
2005-11-25 00:00:00-05:00,31.34857749938965,31.34857749938965,31.34857749938965,31.34857749938965,400,0.0,0.0
2005-11-28 00:00:00-05:00,31.34860158931313,31.786022824648434,31.34860158931313,31.530860900878906,3800,0.0,0.0
2005-11-29 00:00:00-05:00,31.37760190694038,31.37760190694038,31.37030601501465,31.37030601501465,1300,0.04,0.0
2005-11-30 00:00:00-05:00,31.37030601501465,31.37030601501465,31.37030601501465,31.37030601501465,2000,0.0,0.0
2005-12-01 00:00:00-05:00,31.552732633979257,32.65459598892037,31.122202653729897,31.742456436157227,3500,0.0,0.0
2005-12-02 00:00:00-05:00,31.479772567749023,31.479772567749023,31.479772567749023,31.479772567749023,300,0.0,0.0
2005-12-05 00:00:00-05:00,30.706271534479992,31.669490814208984,30.706271534479992,31.669490814208984,1900,0.0,0.0
2005-12-06 00:00:00-05:00,31.618406793123363,31.742456436157227,31.51624482496553,31.742456436157227,700,0.0,0.0
2005-12-07 00:00:00-05:00,31.377595901489258,31.377595901489258,31.377595901489258,31.377595901489258,3100,0.0,0.0
2005-12-08 00:00:00-05:00,31.443281173706055,31.443281173706055,31.443281173706055,31.443281173706055,100,0.0,0.0
2005-12-09 00:00:00-05:00,31.742456436157227,31.742456436157227,31.742456436157227,31.742456436157227,400,0.0,0.0
2005-12-12 00:00:00-05:00,30.9324665790754,31.63298887263422,30.64787957129389,31.26813316345215,17700,0.0,0.0
2005-12-13 00:00:00-05:00,30.720860144373937,30.720860144373937,30.647890090942383,30.647890090942383,600,0.0,0.0
2005-12-14 00:00:00-05:00,30.647890090942383,30.647890090942383,30.647890090942383,30.647890090942383,0,0.0,0.0
2005-12-15 00:00:00-05:00,30.874106880800007,30.874106880800007,30.1006113801962,30.44357681274414,1400,0.0,0.0
2005-12-16 00:00:00-05:00,30.100614220432984,30.88140568782413,30.100614220432984,30.830326080322266,2900,0.0,0.0
2005-12-19 00:00:00-05:00,31.158700281287988,31.158700281287988,30.976272296952146,30.98356819152832,900,0.0,0.0
2005-12-20 00:00:00-05:00,31.012744793946716,31.742456436157227,31.012744793946716,31.742456436157227,2000,0.0,0.0
2005-12-21 00:00:00-05:00,31.195163135066995,31.377590989658028,31.129488996069096,31.26813316345215,2000,0.0,0.0
2005-12-22 00:00:00-05:00,29.925484278044255,30.82303237915039,29.925484278044255,30.82303237915039,1400,0.0,0.0
2005-12-23 00:00:00-05:00,30.82303237915039,30.82303237915039,30.82303237915039,30.82303237915039,0,0.0,0.0
2005-12-27 00:00:00-05:00,30.66248530317546,30.69167443861356,30.66248530317546,30.684375762939453,500,0.0,0.0
2005-12-28 00:00:00-05:00,30.68437576293945,30.68437576293945,30.582216572535263,30.684375762939453,800,0.0,0.0
2005-12-29 00:00:00-05:00,30.68437576293945,30.68437576293945,30.68437576293945,30.684375762939453,0,0.0,0.0
2005-12-30 00:00:00-05:00,30.691676187088177,30.786536707222368,30.684377510998267,30.771942138671875,500,0.0,0.0
2006-01-03 00:00:00-05:00,29.954670446024846,31.049238204956055,29.954670446024846,31.049238204956055,2400,0.0,0.0
2006-01-04 00:00:00-05:00,30.65518536035971,31.69867324829102,30.65518536035971,31.698673248291016,3000,0.0,0.0
2006-01-05 00:00:00-05:00,31.633005099476247,32.10731887817383,31.633005099476247,32.10731887817383,1100,0.0,0.0
2006-01-06 00:00:00-05:00,32.10731887817383,32.10731887817383,32.10731887817383,32.10731887817383,0,0.0,0.0
2006-01-09 00:00:00-05:00,31.15869845849599,32.28245544433594,31.15869845849599,32.28245544433594,500,0.0,0.0
2006-01-10 00:00:00-05:00,32.289737192789715,32.83702087402344,32.289737192789715,32.83702087402344,200,0.0,0.0
2006-01-11 00:00:00-05:00,32.85893276176371,33.09973907470703,32.85893276176371,33.09973907470703,1200,0.0,0.0
2006-01-12 00:00:00-05:00,32.866214752197266,32.866214752197266,32.866214752197266,32.866214752197266,100,0.0,0.0
2006-01-13 00:00:00-05:00,32.866214752197266,32.866214752197266,32.866214752197266,32.866214752197266,0,0.0,0.0
2006-01-17 00:00:00-05:00,32.866214752197266,32.866214752197266,32.866214752197266,32.866214752197266,0,0.0,0.0
2006-01-18 00:00:00-05:00,32.479470837290144,33.74187469482422,32.479470837290144,33.74187469482422,2600,0.0,0.0
2006-01-19 00:00:00-05:00,34.28915351276833,34.28915351276833,32.94648389280712,33.85862350463867,700,0.0,0.0
2006-01-20 00:00:00-05:00,34.28915948993118,34.29645538330078,33.741875627431696,34.29645538330078,400,0.0,0.0
2006-01-23 00:00:00-05:00,35.11373519897461,35.11373519897461,35.11373519897461,35.11373519897461,300,0.0,0.0
2006-01-24 00:00:00-05:00,35.70479295072619,35.73398208618164,35.70479295072619,35.73398208618164,700,0.0,0.0
2006-01-25 00:00:00-05:00,34.67589722663674,35.31074556962305,34.67589722663674,35.24507141113281,1300,0.0,0.0
2006-01-26 00:00:00-05:00,35.748585457127454,35.748585457127454,33.56674575805664,33.56674575805664,200,0.0,0.0
2006-01-27 00:00:00-05:00,33.58862143341375,34.814537048339844,33.58862143341375,34.814537048339844,600,0.0,0.0
2006-01-30 00:00:00-05:00,35.39103403141361,35.39103403141361,33.66891316718456,34.84375,500,0.0,0.0
2006-01-31 00:00:00-05:00,34.84375,34.84375,34.84375,34.84375,0,0.0,0.0
2006-02-01 00:00:00-05:00,32.47216508653429,33.47916783942039,31.85920725220737,32.83702087402344,2300,0.0,0.0
2006-02-02 00:00:00-05:00,34.28915716622546,34.28915716622546,31.749757766723633,31.749757766723633,1100,0.0,0.0
2006-02-03 00:00:00-05:00,31.74245639060222,32.24595642089844,31.74245639060222,32.24595642089844,600,0.0,0.0
2006-02-06 00:00:00-05:00,32.837017956902,33.01214994413535,29.312510026719504,31.012739181518555,6400,0.0,0.0
2006-02-07 00:00:00-05:00,29.925478963755225,31.093019485473636,29.925478963755225,31.093019485473633,900,0.0,0.0
2006-02-08 00:00:00-05:00,29.925481271714695,29.969264984130863,29.925481271714695,29.96926498413086,1300,0.0,0.0
2006-02-09 00:00:00-05:00,31.122201547313466,31.122201547313466,30.21006202697754,30.21006202697754,900,0.0,0.0
2006-02-10 00:00:00-05:00,30.21006202697754,30.21006202697754,30.21006202697754,30.21006202697754,0,0.0,0.0
2006-02-13 00:00:00-05:00,30.210081928174866,30.210081928174866,30.159002304077145,30.15900230407715,1300,0.0,0.0
2006-02-14 00:00:00-05:00,30.662480985323775,30.662480985323775,30.151682321603687,30.392488479614258,6000,0.0,0.0
2006-02-15 00:00:00-05:00,30.99085383247502,31.085714340209957,30.99085383247502,31.08571434020996,1300,0.0,0.0
2006-02-16 00:00:00-05:00,31.32652963525852,31.79354476928711,31.32652963525852,31.79354476928711,300,0.0,0.0
2006-02-17 00:00:00-05:00,31.85921287536621,31.85921287536621,31.85921287536621,31.85921287536621,100,0.0,0.0
2006-02-21 00:00:00-05:00,32.67649529599512,32.67649529599512,32.289748911656574,32.54514694213867,2000,0.0,0.0
2006-02-22 00:00:00-05:00,32.304341396234534,32.50865980742508,32.09272430828456,32.10731887817383,4700,0.0,0.0
2006-02-23 00:00:00-05:00,31.443281173706055,31.443281173706055,31.443281173706055,31.443281173706055,200,0.0,0.0
2006-02-24 00:00:00-05:00,31.363023757934574,31.370322437310268,31.363023757934574,31.36302375793457,600,0.0,0.0
2006-02-27 00:00:00-05:00,31.494554097428665,31.786848068237305,30.690749858987743,31.786848068237305,4600,0.06,0.0
2006-02-28 00:00:00-05:00,31.77952274716389,31.77952274716389,31.589530944824215,31.58953094482422,700,0.0,0.0
2006-03-01 00:00:00-05:00,31.786848068237305,31.786848068237305,31.786848068237305,31.786848068237305,400,0.0,0.0
2006-03-02 00:00:00-05:00,30.961116673916788,32.42988967895508,30.69074659159214,32.42988967895508,1500,0.0,0.0
2006-03-03 00:00:00-05:00,32.524879455566406,32.524879455566406,32.524879455566406,32.524879455566406,200,0.0,0.0
2006-03-06 00:00:00-05:00,32.422578527610916,32.422578527610916,31.09995537252857,31.443397521972656,1200,0.0,0.0
2006-03-07 00:00:00-05:00,31.443397521972656,31.443397521972656,31.443397521972656,31.443397521972656,0,0.0,0.0
2006-03-08 00:00:00-05:00,31.443397521972656,31.443397521972656,31.443397521972656,31.443397521972656,0,0.0,0.0
2006-03-09 00:00:00-05:00,31.443397521972656,31.443397521972656,31.443397521972656,31.443397521972656,0,0.0,0.0
2006-03-10 00:00:00-05:00,31.443397521972656,31.443397521972656,31.443397521972656,31.443397521972656,0,0.0,0.0
2006-03-13 00:00:00-05:00,31.443397521972656,31.443397521972656,31.443397521972656,31.443397521972656,0,0.0,0.0
2006-03-14 00:00:00-05:00,31.443397521972656,31.443397521972656,31.443397521972656,31.443397521972656,0,0.0,0.0
2006-03-15 00:00:00-05:00,31.421461105346683,31.421461105346683,31.421461105346683,31.42146110534668,400,0.0,0.0
2006-03-16 00:00:00-05:00,31.421461105346683,31.421461105346683,31.421461105346683,31.42146110534668,0,0.0,0.0
2006-03-17 00:00:00-05:00,31.42148520036333,31.42148520036333,30.698059082031254,30.69805908203125,1200,0.0,0.0
2006-03-20 00:00:00-05:00,30.873424530029297,30.873424530029297,30.873424530029297,30.873424530029297,100,0.0,0.0
2006-03-21 00:00:00-05:00,31.056098937988285,31.056098937988285,30.836879973577147,31.05609893798828,500,0.0,0.0
2006-03-22 00:00:00-05:00,31.063405028876495,31.063405028876495,31.056098937988285,31.05609893798828,400,0.0,0.0
2006-03-23 00:00:00-05:00,31.056098937988285,31.056098937988285,31.056098937988285,31.05609893798828,0,0.0,0.0
2006-03-24 00:00:00-05:00,31.238775253295895,31.238775253295895,30.771107484980714,31.2387752532959,4700,0.0,0.0
2006-03-27 00:00:00-05:00,30.698054193373167,30.858816146850586,30.698054193373167,30.858816146850586,300,0.0,0.0
2006-03-28 00:00:00-05:00,30.858816146850586,30.858816146850586,30.858816146850586,30.858816146850586,600,0.0,0.0
2006-03-29 00:00:00-05:00,31.34108742203271,31.348396301269528,31.34108742203271,31.34839630126953,1000,0.0,0.0
2006-03-30 00:00:00-05:00,31.238797183336185,31.238797183336185,31.231491088867188,31.231491088867188,200,0.0,0.0
2006-03-31 00:00:00-05:00,31.319181688285056,31.37033271789551,31.319181688285056,31.370332717895508,3400,0.0,0.0
2006-04-03 00:00:00-04:00,30.698052549179625,31.859916633623733,30.698052549179625,30.90996551513672,1300,0.0,0.0
2006-04-04 00:00:00-04:00,30.771121441690283,31.859910435975902,30.771121441690283,31.75760841369629,2400,0.0,0.0
2006-04-05 00:00:00-04:00,31.187636351412127,31.187636351412127,30.76381052993262,31.004953384399414,600,0.0,0.0
2006-04-06 00:00:00-04:00,30.88802843454531,30.94648551940918,30.88802843454531,30.94648551940918,400,0.0,0.0
2006-04-07 00:00:00-04:00,30.909965515136715,30.909965515136715,30.909965515136715,30.90996551513672,500,0.0,0.0
2006-04-10 00:00:00-04:00,30.909965515136715,30.909965515136715,30.909965515136715,30.90996551513672,0,0.0,0.0
2006-04-11 00:00:00-04:00,30.909965515136715,30.917274396733355,30.909965515136715,30.90996551513672,2300,0.0,0.0
2006-04-12 00:00:00-04:00,30.909965515136715,30.909965515136715,30.909965515136715,30.90996551513672,200,0.0,0.0
2006-04-13 00:00:00-04:00,30.690733260799345,30.690733260799345,29.70424652099609,29.704246520996094,500,0.0,0.0
2006-04-17 00:00:00-04:00,30.383831972208597,30.383831972208597,29.580025256463337,29.682327270507812,2000,0.0,0.0
2006-04-18 00:00:00-04:00,29.24389777831023,29.87232780456543,29.24389777831023,29.87232780456543,1100,0.0,0.0
2006-04-19 00:00:00-04:00,29.879625638596092,31.070719364024825,29.879625638596092,31.004953384399414,3800,0.0,0.0
2006-04-20 00:00:00-04:00,29.872319886812477,31.421470684226637,29.872319886812477,30.354602813720703,300,0.0,0.0
2006-04-21 00:00:00-04:00,31.406862258911133,31.406862258911133,31.406862258911133,31.406862258911133,200,0.0,0.0
2006-04-24 00:00:00-04:00,31.545699484174783,31.545699484174783,30.997650477535014,31.2460994720459,1400,0.0,0.0
2006-04-25 00:00:00-04:00,31.77952766418457,31.77952766418457,31.77952766418457,31.77952766418457,200,0.0,0.0
2006-04-26 00:00:00-04:00,31.36301612854004,31.36301612854004,31.36301612854004,31.36301612854004,300,0.0,0.0
2006-04-27 00:00:00-04:00,31.647998809814453,31.647998809814453,31.647998809814453,31.647998809814453,200,0.0,0.0
2006-04-28 00:00:00-04:00,31.655307507601023,31.655307507601023,31.42877960205078,31.42877960205078,700,0.0,0.0
2006-05-01 00:00:00-04:00,31.67721904409721,31.67721904409721,31.42146405632132,31.436079025268555,800,0.0,0.0
2006-05-02 00:00:00-04:00,30.873429635818944,30.93919563293457,30.873429635818944,30.93919563293457,400,0.0,0.0
2006-05-03 00:00:00-04:00,30.93919563293457,30.93919563293457,30.93919563293457,30.93919563293457,0,0.0,0.0
2006-05-04 00:00:00-04:00,31.26072003579051,31.786848068237305,31.24610505849789,31.786848068237305,700,0.0,0.0
2006-05-05 00:00:00-04:00,32.15220642089844,32.882938385009766,32.15220642089844,32.882938385009766,800,0.0,0.0
2006-05-08 00:00:00-04:00,31.655321042191563,33.81098175048828,31.655321042191563,33.81098175048828,800,0.0,0.0
2006-05-09 00:00:00-04:00,33.869412985168466,34.98743437525114,33.284828186035156,33.284828186035156,1500,0.0,0.0
2006-05-10 00:00:00-04:00,34.01554837537067,34.01554837537067,33.796329498291016,33.796329498291016,300,0.0,0.0
2006-05-11 00:00:00-04:00,33.796329498291016,33.796329498291016,33.796329498291016,33.796329498291016,0,0.0,0.0
2006-05-12 00:00:00-04:00,33.796329498291016,33.796329498291016,33.796329498291016,33.796329498291016,0,0.0,0.0
2006-05-15 00:00:00-04:00,32.342192018032826,32.342192018032826,31.326475143432617,31.326475143432617,400,0.0,0.0
2006-05-16 00:00:00-04:00,32.18873583619006,32.18873583619006,31.560306030400678,31.991437911987305,600,0.0,0.0
2006-05-17 00:00:00-04:00,31.852613449096676,31.852613449096676,31.852613449096676,31.85261344909668,100,0.0,0.0
2006-05-18 00:00:00-04:00,31.786838574355908,32.51757049560547,31.786838574355908,32.51757049560547,300,0.0,0.0
2006-05-19 00:00:00-04:00,32.51757049560547,32.51757049560547,32.51757049560547,32.51757049560547,0,0.0,0.0
2006-05-22 00:00:00-04:00,31.97681999206543,31.984128870539962,31.97681999206543,31.97681999206543,600,0.0,0.0
2006-05-23 00:00:00-04:00,32.85369873046875,32.85369873046875,32.85369873046875,32.85369873046875,100,0.0,0.0
2006-05-24 00:00:00-04:00,32.80986404418945,32.80986404418945,32.80986404418945,32.80986404418945,400,0.0,0.0
2006-05-25 00:00:00-04:00,32.524879455566406,32.524879455566406,32.524879455566406,32.524879455566406,200,0.0,0.0
2006-05-26 00:00:00-04:00,31.626060485839844,31.626060485839844,31.626060485839844,31.626060485839844,2600,0.0,0.0
2006-05-30 00:00:00-04:00,32.401721663755296,32.401721663755296,31.42850064461858,31.61875343322754,500,0.06,0.0
2006-05-31 00:00:00-04:00,31.648017561442504,32.94320844169837,31.648017561442504,32.687095642089844,6500,0.0,0.0
2006-06-01 00:00:00-04:00,33.19933287177394,33.52130306927318,32.84809494018555,32.84809494018555,3000,0.0,0.0
2006-06-02 00:00:00-04:00,32.84809494018555,32.84809494018555,32.84809494018555,32.84809494018555,0,0.0,0.0
2006-06-05 00:00:00-04:00,32.84809494018555,32.84809494018555,32.84809494018555,32.84809494018555,0,0.0,0.0
2006-06-06 00:00:00-04:00,32.570030212402344,32.570030212402344,32.570030212402344,32.570030212402344,100,0.0,0.0
2006-06-07 00:00:00-04:00,32.77492622496222,33.5066727209441,32.77492622496222,32.994449615478516,3800,0.0,0.0
2006-06-08 00:00:00-04:00,34.01156713445696,34.01156713445696,32.5627098190482,32.63588333129883,7300,0.0,0.0
2006-06-09 00:00:00-04:00,32.7822265625,32.7822265625,32.7822265625,32.7822265625,800,0.0,0.0
2006-06-12 00:00:00-04:00,32.709075927734375,32.709075927734375,32.709075927734375,32.709075927734375,400,0.0,0.0
2006-06-13 00:00:00-04:00,32.76028165179356,32.76028165179356,32.63588333129883,32.63588333129883,3300,0.0,0.0
2006-06-14 00:00:00-04:00,32.63588333129883,32.63588333129883,32.63588333129883,32.63588333129883,0,0.0,0.0
2006-06-15 00:00:00-04:00,32.63588333129883,32.63588333129883,32.63588333129883,32.63588333129883,0,0.0,0.0
2006-06-16 00:00:00-04:00,32.63588333129883,32.63588333129883,32.63588333129883,32.63588333129883,0,0.0,0.0
2006-06-19 00:00:00-04:00,32.42369575802327,32.43101199646688,32.189537048339844,32.189537048339844,800,0.0,0.0
2006-06-20 00:00:00-04:00,31.823660993053725,31.823660993053725,31.465103929367164,31.699262619018555,2800,0.0,0.0
2006-06-21 00:00:00-04:00,31.465084075927734,31.465084075927734,31.465084075927734,31.465084075927734,700,0.0,0.0
2006-06-22 00:00:00-04:00,31.574842056123423,32.18218980459717,31.530936289777664,31.838268280029297,4600,0.0,0.0
2006-06-23 00:00:00-04:00,31.838268280029297,31.838268280029297,31.838268280029297,31.838268280029297,2300,0.0,0.0
2006-06-26 00:00:00-04:00,31.838268280029297,31.838268280029297,31.838268280029297,31.838268280029297,0,0.0,0.0
2006-06-27 00:00:00-04:00,31.838268280029297,31.838268280029297,31.838268280029297,31.838268280029297,0,0.0,0.0
2006-06-28 00:00:00-04:00,31.838268280029297,31.838268280029297,31.838268280029297,31.838268280029297,0,0.0,0.0
2006-06-29 00:00:00-04:00,31.838268280029297,31.838268280029297,31.838268280029297,31.838268280029297,0,0.0,0.0
2006-06-30 00:00:00-04:00,32.54807942161693,33.074937720993795,31.83096828712674,32.365142822265625,1100,0.0,0.0
2006-07-03 00:00:00-04:00,32.943208115381324,32.943208115381324,32.270000285405075,32.752952575683594,500,0.0,0.0
2006-07-05 00:00:00-04:00,32.752952575683594,32.752952575683594,32.752952575683594,32.752952575683594,0,0.0,0.0
2006-07-06 00:00:00-04:00,31.465083929976945,31.55289268493652,31.465083929976945,31.552892684936523,200,0.0,0.0
2006-07-07 00:00:00-04:00,31.50166893005371,31.50166893005371,31.50166893005371,31.50166893005371,100,0.0,0.0
2006-07-10 00:00:00-04:00,31.465084075927734,31.465084075927734,31.465084075927734,31.465084075927734,500,0.0,0.0
2006-07-11 00:00:00-04:00,31.787062891057253,31.809017181396484,31.787062891057253,31.809017181396484,300,0.0,0.0
2006-07-12 00:00:00-04:00,31.823643914796993,31.823643914796993,31.61143684387207,31.61143684387207,600,0.0,0.0
2006-07-13 00:00:00-04:00,31.61143684387207,31.61143684387207,31.61143684387207,31.61143684387207,400,0.0,0.0
2006-07-14 00:00:00-04:00,31.61143684387207,31.61143684387207,31.61143684387207,31.61143684387207,0,0.0,0.0
2006-07-17 00:00:00-04:00,31.61143684387207,31.61143684387207,31.61143684387207,31.61143684387207,800,0.0,0.0
2006-07-18 00:00:00-04:00,31.80900565558384,31.80900565558384,31.465084075927734,31.465084075927734,800,0.0,0.0
2006-07-19 00:00:00-04:00,31.421171188354492,31.421171188354492,31.421171188354492,31.421171188354492,500,0.0,0.0
2006-07-20 00:00:00-04:00,31.421171188354492,31.421171188354492,31.421171188354492,31.421171188354492,0,0.0,0.0
2006-07-21 00:00:00-04:00,31.421171188354492,31.421171188354492,31.421171188354492,31.421171188354492,0,0.0,0.0
2006-07-24 00:00:00-04:00,31.421171188354492,31.421171188354492,31.421171188354492,31.421171188354492,0,0.0,0.0
2006-07-25 00:00:00-04:00,31.421178302549293,31.465084075927734,31.421178302549293,31.465084075927734,600,0.0,0.0
2006-07-26 00:00:00-04:00,31.67729463560246,31.67729463560246,31.56753158569336,31.56753158569336,200,0.0,0.0
2006-07-27 00:00:00-04:00,31.56753158569336,31.56753158569336,31.56753158569336,31.56753158569336,0,0.0,0.0
2006-07-28 00:00:00-04:00,31.56753158569336,31.56753158569336,31.56753158569336,31.56753158569336,200,0.0,0.0
2006-07-31 00:00:00-04:00,31.684606552124023,31.684606552124023,31.684606552124023,31.684606552124023,500,0.0,0.0
2006-08-01 00:00:00-04:00,31.567537443423973,32.29928380156135,31.567537443423973,32.240745544433594,700,0.0,0.0
2006-08-02 00:00:00-04:00,31.83097475868837,31.83097475868837,31.81633949279785,31.81633949279785,400,0.0,0.0
2006-08-03 00:00:00-04:00,31.809017181396484,31.809017181396484,31.809017181396484,31.809017181396484,200,0.0,0.0
2006-08-04 00:00:00-04:00,31.809017181396484,31.809017181396484,31.809017181396484,31.809017181396484,0,0.0,0.0
2006-08-07 00:00:00-04:00,31.56753158569336,31.56753158569336,31.56753158569336,31.56753158569336,100,0.0,0.0
2006-08-08 00:00:00-04:00,31.56753158569336,31.56753158569336,31.56753158569336,31.56753158569336,0,0.0,0.0
2006-08-09 00:00:00-04:00,31.56753158569336,31.56753158569336,31.56753158569336,31.56753158569336,0,0.0,0.0
2006-08-10 00:00:00-04:00,31.567531066352696,31.61143684387207,31.567531066352696,31.61143684387207,400,0.0,0.0
2006-08-11 00:00:00-04:00,31.61143706397703,31.94072341918945,31.61143706397703,31.940723419189453,800,0.0,0.0
2006-08-14 00:00:00-04:00,31.61143684387207,31.61143684387207,31.61143684387207,31.61143684387207,300,0.0,0.0
2006-08-15 00:00:00-04:00,31.684606552124023,31.684606552124023,31.684606552124023,31.684606552124023,200,0.0,0.0
2006-08-16 00:00:00-04:00,31.684606552124023,31.684606552124023,31.684606552124023,31.684606552124023,0,0.0,0.0
2006-08-17 00:00:00-04:00,31.684606552124023,31.684606552124023,31.684606552124023,31.684606552124023,0,0.0,0.0
2006-08-18 00:00:00-04:00,31.56753158569336,31.56753158569336,31.56753158569336,31.56753158569336,100,0.0,0.0
2006-08-21 00:00:00-04:00,31.648021675082575,31.648021675082575,31.574848175048828,31.574848175048828,200,0.0,0.0
2006-08-22 00:00:00-04:00,31.56753158569336,31.56753158569336,31.56753158569336,31.56753158569336,300,0.0,0.0
2006-08-23 00:00:00-04:00,31.9041352272825,31.9041352272825,31.640708923339844,31.640708923339844,1500,0.0,0.0
2006-08-24 00:00:00-04:00,31.640708923339844,31.640708923339844,31.640708923339844,31.640708923339844,0,0.0,0.0
2006-08-25 00:00:00-04:00,31.640708923339844,31.640708923339844,31.640708923339844,31.640708923339844,0,0.0,0.0
2006-08-28 00:00:00-04:00,31.648025157592247,31.648025157592247,31.640708923339844,31.640708923339844,700,0.0,0.0
2006-08-29 00:00:00-04:00,31.640708923339844,31.640708923339844,31.640708923339844,31.640708923339844,0,0.0,0.0
2006-08-30 00:00:00-04:00,31.640709261553166,31.801918029785156,31.640709261553166,31.801918029785156,1200,0.06,0.0
2006-08-31 00:00:00-04:00,31.875200271606445,31.875200271606445,31.875200271606445,31.875200271606445,100,0.0,0.0
2006-09-01 00:00:00-04:00,32.512684335461095,35.89805045095683,32.50535793745075,33.707088470458984,3600,0.0,0.0
2006-09-05 00:00:00-04:00,33.84632660823504,33.96356859251271,33.59718704223633,33.59718704223633,1900,0.0,0.0
2006-09-06 00:00:00-04:00,33.5458906823254,33.70709944371625,32.97433641233111,33.69244384765625,1100,0.0,0.0
2006-09-07 00:00:00-04:00,33.69244384765625,33.69244384765625,33.69244384765625,33.69244384765625,0,0.0,0.0
2006-09-08 00:00:00-04:00,32.46873087943393,32.46873087943393,32.241573333740234,32.241573333740234,5500,0.0,0.0
2006-09-11 00:00:00-04:00,32.248905181884766,32.248905181884766,32.248905181884766,32.248905181884766,300,0.0,0.0
2006-09-12 00:00:00-04:00,32.248905181884766,32.248905181884766,32.248905181884766,32.248905181884766,0,0.0,0.0
2006-09-13 00:00:00-04:00,32.241573333740234,32.241573333740234,32.241573333740234,32.241573333740234,200,0.0,0.0
2006-09-14 00:00:00-04:00,32.241573333740234,32.241573333740234,32.241573333740234,32.241573333740234,0,0.0,0.0
2006-09-15 00:00:00-04:00,32.241573333740234,32.241573333740234,32.241573333740234,32.241573333740234,0,0.0,0.0
2006-09-18 00:00:00-04:00,32.241573333740234,32.241573333740234,32.241573333740234,32.241573333740234,400,0.0,0.0
2006-09-19 00:00:00-04:00,32.241573333740234,32.241573333740234,32.241573333740234,32.241573333740234,0,0.0,0.0
2006-09-20 00:00:00-04:00,33.63383998647548,33.63383998647548,32.16098403930664,32.16098403930664,800,0.0,0.0
2006-09-21 00:00:00-04:00,32.16096825981517,32.16096825981517,31.71398237371804,31.721311569213867,700,0.0,0.0
2006-09-22 00:00:00-04:00,31.985108709023162,32.7984733581543,31.985108709023162,32.7984733581543,3400,0.0,0.0
2006-09-25 00:00:00-04:00,32.81313331502827,33.70710526211855,32.55666732788086,32.55666732788086,2000,0.0,0.0
2006-09-26 00:00:00-04:00,32.55666732788086,32.55666732788086,32.55666732788086,32.55666732788086,0,0.0,0.0
2006-09-27 00:00:00-04:00,32.424775772007706,33.5605583190918,32.424775772007706,33.5605583190918,8200,0.0,0.0
2006-09-28 00:00:00-04:00,33.81700400749168,33.81700400749168,33.707088470458984,33.707088470458984,300,0.0,0.0
2006-09-29 00:00:00-04:00,33.707088470458984,33.707088470458984,33.707088470458984,33.707088470458984,0,0.0,0.0
2006-10-02 00:00:00-04:00,33.707088470458984,33.707088470458984,33.707088470458984,33.707088470458984,0,0.0,0.0
2006-10-03 00:00:00-04:00,33.707117192784544,34.000223677786565,33.707117192784544,33.95625686645508,600,0.0,0.0
2006-10-04 00:00:00-04:00,34.21270869666865,34.21270869666865,33.355377197265625,33.355377197265625,500,0.0,0.0
2006-10-05 00:00:00-04:00,33.84633138610509,33.853660583496094,33.84633138610509,33.853660583496094,300,0.0,0.0
2006-10-06 00:00:00-04:00,33.384688597449504,34.04417372520524,33.384688597449504,34.029518127441406,1000,0.0,0.0
2006-10-09 00:00:00-04:00,34.095461735818425,34.212703704833984,34.095461735818425,34.212703704833984,600,0.0,0.0
2006-10-10 00:00:00-04:00,33.39933501203535,34.43985700974989,33.39933501203535,34.425201416015625,300,0.0,0.0
2006-10-11 00:00:00-04:00,34.43987142599886,34.476509028036375,34.36659622192383,34.36659622192383,500,0.0,0.0
2006-10-12 00:00:00-04:00,35.15797745582989,35.15797745582989,34.01486587524414,34.01486587524414,400,0.0,0.0
2006-10-13 00:00:00-04:00,33.707088470458984,33.707088470458984,33.707088470458984,33.707088470458984,100,0.0,0.0
2006-10-16 00:00:00-04:00,33.743729893268764,34.3372688293457,33.743729893268764,34.3372688293457,200,0.0,0.0
2006-10-17 00:00:00-04:00,34.439876308334405,34.439876308334405,33.34073131977054,33.37736892700195,1600,0.0,0.0
2006-10-18 00:00:00-04:00,33.42133331298828,33.42133331298828,33.42133331298828,33.42133331298828,200,0.0,0.0
2006-10-19 00:00:00-04:00,33.59718583359661,34.00753416144109,33.59718583359661,33.86098098754883,1100,0.0,0.0
2006-10-20 00:00:00-04:00,34.0002138523003,34.0002138523003,33.96357345581055,33.96357345581055,600,0.0,0.0
2006-10-23 00:00:00-04:00,33.780380099508946,33.92693328857422,33.780380099508946,33.92693328857422,500,0.0,0.0
2006-10-24 00:00:00-04:00,33.92692542806038,34.35925569823825,33.92692542806038,34.22003173828125,1800,0.0,0.0
2006-10-25 00:00:00-04:00,34.22003173828125,34.22003173828125,34.22003173828125,34.22003173828125,2500,0.0,0.0
2006-10-26 00:00:00-04:00,34.42521386048272,35.839447021484375,34.42521386048272,35.839447021484375,2200,0.0,0.0
2006-10-27 00:00:00-04:00,35.905405685523625,36.872653125267114,35.905405685523625,36.81403350830078,12500,0.0,0.0
2006-10-30 00:00:00-05:00,37.3709121141279,37.3709121141279,37.004530622812915,37.041168212890625,2800,0.0,0.0
2006-10-31 00:00:00-05:00,37.8911894319176,37.8911894319176,37.80325861891864,37.810585021972656,700,0.0,0.0
2006-11-01 00:00:00-05:00,37.810585021972656,37.810585021972656,37.810585021972656,37.810585021972656,0,0.0,0.0
2006-11-02 00:00:00-05:00,37.37091630991267,37.41488310010362,36.71875762939453,36.71875762939453,500,0.0,0.0
2006-11-03 00:00:00-05:00,36.872632821011855,38.125656842244354,36.872632821011855,37.59074020385742,1500,0.0,0.0
2006-11-06 00:00:00-05:00,37.57608693480887,38.19160798610107,37.55410493859922,37.92048645019531,800,0.0,0.0
2006-11-07 00:00:00-05:00,37.14375745395197,37.40755259532977,36.359701225561935,36.528236389160156,3100,0.0,0.0
2006-11-08 00:00:00-05:00,36.38902330680061,37.77394541817955,36.38902330680061,36.9679069519043,3600,0.0,0.0
2006-11-09 00:00:00-05:00,36.62350292867751,37.693336486816406,36.62350292867751,37.693336486816406,400,0.0,0.0
2006-11-10 00:00:00-05:00,37.51014529892126,37.51014529892126,37.1950569152832,37.1950569152832,200,0.0,0.0
2006-11-13 00:00:00-05:00,38.05972091455365,38.05972091455365,36.42565925761989,37.554115295410156,600,0.0,0.0
2006-11-14 00:00:00-05:00,37.554115295410156,37.554115295410156,37.554115295410156,37.554115295410156,0,0.0,0.0
2006-11-15 00:00:00-05:00,37.44418142157456,38.81444999677465,37.44418142157456,38.79246520996094,2200,0.0,0.0
2006-11-16 00:00:00-05:00,38.74852345640613,38.74852345640613,37.913173755236855,38.36015701293945,1400,0.0,0.0
2006-11-17 00:00:00-05:00,38.10367202758789,38.10367202758789,38.10367202758789,38.10367202758789,100,0.0,0.0
2006-11-20 00:00:00-05:00,38.10367202758789,38.10367202758789,38.10367202758789,38.10367202758789,100,0.0,0.0
2006-11-21 00:00:00-05:00,38.09634562827005,38.61660663316685,38.08169003436566,38.10367202758789,4700,0.0,0.0
2006-11-22 00:00:00-05:00,38.61663055419922,38.61663055419922,38.61663055419922,38.61663055419922,200,0.0,0.0
2006-11-24 00:00:00-05:00,38.61663055419922,38.61663055419922,38.61663055419922,38.61663055419922,0,0.0,0.0
2006-11-27 00:00:00-05:00,38.61661760833807,38.61661760833807,38.23558044433594,38.23558044433594,600,0.0,0.0
2006-11-28 00:00:00-05:00,37.90582505373084,38.579968385446264,37.37823486328125,37.37823486328125,1000,0.0,0.0
2006-11-29 00:00:00-05:00,37.42226791381836,37.42226791381836,37.42226791381836,37.42226791381836,0,0.06,0.0
2006-11-30 00:00:00-05:00,37.18016926573279,37.97982178998018,37.18016926573279,37.60567092895508,500,0.0,0.0
2006-12-01 00:00:00-05:00,38.031177067153884,38.031177067153884,37.89912414550781,37.89912414550781,200,0.0,0.0
2006-12-04 00:00:00-05:00,38.25126403823027,38.522704909021634,38.0018310546875,38.0018310546875,700,0.0,0.0
2006-12-05 00:00:00-05:00,38.0018310546875,38.0018310546875,38.0018310546875,38.0018310546875,0,0.0,0.0
2006-12-06 00:00:00-05:00,37.781728747505944,37.781728747505944,36.82801576601884,37.53963088989258,600,0.0,0.0
2006-12-07 00:00:00-05:00,36.681304931640625,36.681304931640625,36.31449188232422,36.681304931640625,1400,0.0,0.0
2006-12-08 00:00:00-05:00,37.246202164881005,38.38332220463748,37.23886433575432,38.038516998291016,3200,0.0,0.0
2006-12-11 00:00:00-05:00,37.97246833183102,38.86749265988768,37.97246833183102,38.456661224365234,900,0.0,0.0
2006-12-12 00:00:00-05:00,38.882179260253906,39.01423216841891,38.882179260253906,38.882179260253906,1100,0.0,0.0
2006-12-13 00:00:00-05:00,38.72812349405619,38.72812349405619,38.684104919433594,38.684104919433594,200,0.0,0.0
2006-12-14 00:00:00-05:00,39.41771697998047,39.41771697998047,39.41771697998047,39.41771697998047,100,0.0,0.0
2006-12-15 00:00:00-05:00,38.882179260253906,39.38838020917896,38.882179260253906,38.882179260253906,900,0.0,0.0
2006-12-18 00:00:00-05:00,38.361304482613896,38.361304482613896,38.33195877075195,38.33195877075195,400,0.0,0.0
2006-12-19 00:00:00-05:00,38.698768615722656,38.698768615722656,38.698768615722656,38.698768615722656,200,0.0,0.0
2006-12-20 00:00:00-05:00,38.69877141932126,39.13161087036133,38.69877141932126,39.13161087036133,800,0.0,0.0
2006-12-21 00:00:00-05:00,38.574063764335975,38.574063764335975,38.53738021850586,38.53738021850586,200,0.0,0.0
2006-12-22 00:00:00-05:00,38.53738021850586,38.53738021850586,38.53738021850586,38.53738021850586,0,0.0,0.0
2006-12-26 00:00:00-05:00,38.412657589049495,40.11466967547341,38.412657589049495,39.18296432495117,1700,0.0,0.0
2006-12-27 00:00:00-05:00,38.67677243982697,40.17336769437578,38.67677243982697,39.16830062866211,4400,0.0,0.0
2006-12-28 00:00:00-05:00,38.662086622846815,38.662086622846815,38.61073303222656,38.61073303222656,500,0.0,0.0
2006-12-29 00:00:00-05:00,39.175628662109375,39.175628662109375,39.175628662109375,39.175628662109375,100,0.0,0.0
2007-01-03 00:00:00-05:00,39.175628662109375,39.175628662109375,39.175628662109375,39.175628662109375,0,0.0,0.0
2007-01-04 00:00:00-05:00,40.11467589279674,40.88498274808732,39.27834257570631,39.84323501586914,1300,0.0,0.0
2007-01-05 00:00:00-05:00,39.84323501586914,39.84323501586914,39.84323501586914,39.84323501586914,0,0.0,0.0
2007-01-08 00:00:00-05:00,40.35677493364908,40.35677493364908,39.909265314605314,40.05598831176758,700,0.0,0.0
2007-01-09 00:00:00-05:00,40.05598831176758,40.05598831176758,40.05598831176758,40.05598831176758,0,0.0,0.0
2007-01-10 00:00:00-05:00,38.9261970181222,39.90925598144531,38.9261970181222,39.90925598144531,700,0.0,0.0
2007-01-11 00:00:00-05:00,39.90925598144531,39.90925598144531,39.90925598144531,39.90925598144531,0,0.0,0.0
2007-01-12 00:00:00-05:00,39.90925598144531,39.90925598144531,39.90925598144531,39.90925598144531,0,0.0,0.0
2007-01-16 00:00:00-05:00,39.32235121788866,39.32235121788866,39.256324768066406,39.256324768066406,1900,0.0,0.0
2007-01-17 00:00:00-05:00,39.93859646882087,39.9459342956543,39.93859646882087,39.9459342956543,400,0.0,0.0
2007-01-18 00:00:00-05:00,39.9459342956543,39.9459342956543,39.9459342956543,39.9459342956543,0,0.0,0.0
2007-01-19 00:00:00-05:00,39.30034370218889,39.79920959472656,39.30034370218889,39.79920959472656,500,0.0,0.0
2007-01-22 00:00:00-05:00,39.79920959472656,39.79920959472656,39.285670846695304,39.79920959472656,400,0.0,0.0
2007-01-23 00:00:00-05:00,39.24899673461914,39.24899673461914,39.24899673461914,39.24899673461914,200,0.0,0.0
2007-01-24 00:00:00-05:00,39.06558341547493,39.07291844390442,38.581390380859375,38.581390380859375,1200,0.0,0.0
2007-01-25 00:00:00-05:00,39.23433303833008,39.23433303833008,39.23433303833008,39.23433303833008,100,0.0,0.0
2007-01-26 00:00:00-05:00,38.610752736963036,38.61808776855469,38.610752736963036,38.61808776855469,300,0.0,0.0
2007-01-29 00:00:00-05:00,38.61808776855469,38.61808776855469,38.61808776855469,38.61808776855469,0,0.0,0.0
2007-01-30 00:00:00-05:00,39.24164749775334,39.24164749775334,38.58871814795179,38.76478958129883,3500,0.0,0.0
2007-01-31 00:00:00-05:00,38.85283915026164,39.615810996667044,38.85283915026164,39.410396575927734,2100,0.0,0.0
2007-02-01 00:00:00-05:00,40.077996132601,40.077996132601,38.53004455566406,38.53004455566406,3900,0.0,0.0
2007-02-02 00:00:00-05:00,38.522708892822266,38.72812612311092,38.522708892822266,38.522708892822266,1600,0.0,0.0
2007-02-05 00:00:00-05:00,38.522702166097275,38.860172271728516,38.522702166097275,38.860172271728516,700,0.0,0.0
2007-02-06 00:00:00-05:00,38.860172271728516,38.860172271728516,38.860172271728516,38.860172271728516,0,0.0,0.0
2007-02-07 00:00:00-05:00,39.68916702270508,39.68916702270508,39.68916702270508,39.68916702270508,1400,0.0,0.0
2007-02-08 00:00:00-05:00,38.58139060763162,39.21230940159444,38.57405557915902,39.175628662109375,1400,0.0,0.0
2007-02-09 00:00:00-05:00,39.175628662109375,39.175628662109375,39.175628662109375,39.175628662109375,0,0.0,0.0
2007-02-12 00:00:00-05:00,38.882179260253906,39.10226650767518,38.882179260253906,38.882179260253906,500,0.0,0.0
2007-02-13 00:00:00-05:00,38.882177149106795,39.175628662109375,38.882177149106795,39.175628662109375,800,0.0,0.0
2007-02-14 00:00:00-05:00,39.175628662109375,39.175628662109375,39.175628662109375,39.175628662109375,0,0.0,0.0
2007-02-15 00:00:00-05:00,39.175628662109375,39.175628662109375,39.175628662109375,39.175628662109375,0,0.0,0.0
2007-02-16 00:00:00-05:00,39.17561057645983,39.17561057645983,39.02888488769531,39.02888488769531,400,0.0,0.0
2007-02-20 00:00:00-05:00,38.22925795530392,38.772139722509266,38.17790435025913,38.53004455566406,1800,0.0,0.0
2007-02-21 00:00:00-05:00,38.14855267383327,38.155887702595955,36.51256700076353,36.54924774169922,10200,0.0,0.0
2007-02-22 00:00:00-05:00,36.04305085441636,36.828030552692574,36.04305085441636,36.4465446472168,900,0.0,0.0
2007-02-23 00:00:00-05:00,37.33422776205612,37.737721513906166,37.26820130822166,37.30488204956055,3800,0.0,0.0
2007-02-26 00:00:00-05:00,37.27554156323393,37.27554156323393,37.26820373535156,37.26820373535156,1400,0.0,0.0
2007-02-27 00:00:00-05:00,36.681304931640625,36.681304931640625,36.681304931640625,36.681304931640625,600,0.0,0.0
2007-02-28 00:00:00-05:00,36.54191242892711,36.651954650878906,36.05771937608028,36.651954650878906,600,0.0,0.0
2007-03-01 00:00:00-05:00,36.651954650878906,36.651954650878906,36.651954650878906,36.651954650878906,0,0.0,0.0
2007-03-02 00:00:00-05:00,36.93807125106657,37.128815595149256,36.68130324775681,37.106807708740234,3000,0.0,0.0
2007-03-05 00:00:00-05:00,37.598345225146986,37.598345225146986,37.326904296875,37.326904296875,800,0.0,0.0
2007-03-06 00:00:00-05:00,36.86470854970286,36.86470854970286,36.15309039459685,36.58592987060547,3900,0.0,0.0
2007-03-07 00:00:00-05:00,36.58593621619353,36.85737991333008,36.314495317618714,36.85737991333008,1700,0.0,0.0
2007-03-08 00:00:00-05:00,36.85737013851962,36.85737013851962,36.791343688964844,36.791343688964844,200,0.0,0.0
2007-03-09 00:00:00-05:00,36.85735985063624,37.679019927978516,36.85735985063624,37.679019927978516,2900,0.0,0.0
2007-03-12 00:00:00-04:00,37.78174333118257,39.065588978358676,37.18750519557895,38.5153694152832,11600,0.0,0.0
2007-03-13 00:00:00-04:00,38.51535993923738,38.51535993923738,38.03061294555664,38.03061294555664,1400,0.06,0.0
2007-03-14 00:00:00-04:00,37.88372927626104,37.92779541015625,37.88372927626104,37.92779541015625,2700,0.0,0.0
2007-03-15 00:00:00-04:00,37.65603055721529,37.65603055721529,37.523826599121094,37.523826599121094,200,0.0,0.0
2007-03-16 00:00:00-04:00,37.523826599121094,37.523826599121094,37.523826599121094,37.523826599121094,0,0.0,0.0
2007-03-19 00:00:00-04:00,37.47242919072825,37.611976623535156,37.47242919072825,37.611976623535156,300,0.0,0.0
2007-03-20 00:00:00-04:00,37.619319915771484,37.619319915771484,37.619319915771484,37.619319915771484,300,0.0,0.0
2007-03-21 00:00:00-04:00,37.619319915771484,37.619319915771484,37.619319915771484,37.619319915771484,0,0.0,0.0
2007-03-22 00:00:00-04:00,37.82495880126953,37.82495880126953,37.82495880126953,37.82495880126953,300,0.0,0.0
2007-03-23 00:00:00-04:00,37.6193239609008,37.6193239609008,37.465084075927734,37.465084075927734,200,0.0,0.0
2007-03-26 00:00:00-04:00,37.48710685970562,37.53117298137454,36.81874359735553,36.96563720703125,2100,0.0,0.0
2007-03-27 00:00:00-04:00,37.11989212036133,37.12723554358994,37.11989212036133,37.11989212036133,900,0.0,0.0
2007-03-28 00:00:00-04:00,37.11989212036133,37.11989212036133,37.11989212036133,37.11989212036133,0,0.0,0.0
2007-03-29 00:00:00-04:00,37.11989212036133,37.11989212036133,37.11989212036133,37.11989212036133,0,0.0,0.0
2007-03-30 00:00:00-04:00,36.561679079982376,37.039082610987826,36.4808874545726,36.96563720703125,700,0.0,0.0
2007-04-02 00:00:00-04:00,36.39274215698242,36.39274215698242,36.39274215698242,36.39274215698242,300,0.0,0.0
2007-04-03 00:00:00-04:00,36.392766979936695,36.392766979936695,35.98881149291992,35.98881149291992,1800,0.0,0.0
2007-04-04 00:00:00-04:00,36.040213492787785,36.42947922084099,36.040213492787785,36.1136589050293,1100,0.0,0.0
2007-04-05 00:00:00-04:00,36.01819078697008,36.01819078697008,35.98881149291992,35.98881149291992,200,0.0,0.0
2007-04-09 00:00:00-04:00,35.86395794018054,35.90802408470711,35.291072845458984,35.291072845458984,1000,0.0,0.0
2007-04-10 00:00:00-04:00,35.25433349609375,35.25433349609375,35.25433349609375,35.25433349609375,200,0.0,0.0
2007-04-11 00:00:00-04:00,35.26168729979958,35.327789306640625,35.26168729979958,35.327789306640625,700,0.0,0.0
2007-04-12 00:00:00-04:00,34.887115637730275,35.34248352050781,34.54191591275039,35.34248352050781,700,0.0,0.0
2007-04-13 00:00:00-04:00,35.74643577226723,35.98146731799079,35.74643577226723,35.97412109375,800,0.0,0.0
2007-04-16 00:00:00-04:00,35.98146154897584,35.98146154897584,35.570159912109375,35.570159912109375,200,0.0,0.0
2007-04-17 00:00:00-04:00,35.570159912109375,35.570159912109375,35.570159912109375,35.570159912109375,0,0.0,0.0
2007-04-18 00:00:00-04:00,35.68766481188621,36.591056687668406,35.62890625,35.62890625,1400,0.0,0.0
2007-04-19 00:00:00-04:00,35.65096664428711,35.695032794262815,35.65096664428711,35.65096664428711,300,0.0,0.0
2007-04-20 00:00:00-04:00,35.20293426513672,35.20293426513672,35.20293426513672,35.20293426513672,200,0.0,0.0
2007-04-23 00:00:00-04:00,35.62157440185547,35.62157440185547,35.62157440185547,35.62157440185547,1300,0.0,0.0
2007-04-24 00:00:00-04:00,35.62157440185547,35.62157440185547,35.62157440185547,35.62157440185547,0,0.0,0.0
2007-04-25 00:00:00-04:00,35.62157440185547,35.62157440185547,35.62157440185547,35.62157440185547,0,0.0,0.0
2007-04-26 00:00:00-04:00,35.62157440185547,35.62157440185547,35.62157440185547,35.62157440185547,200,0.0,0.0
2007-04-27 00:00:00-04:00,35.62157440185547,35.62157440185547,35.62157440185547,35.62157440185547,0,0.0,0.0
2007-04-30 00:00:00-04:00,35.43795625433911,35.43795625433911,35.129482125054416,35.40857696533203,1200,0.0,0.0
2007-05-01 00:00:00-04:00,35.643603024223616,35.643603024223616,35.59953689575195,35.59953689575195,300,0.0,0.0
2007-05-02 00:00:00-04:00,34.806304931640625,34.806304931640625,34.806304931640625,34.806304931640625,200,0.0,0.0
2007-05-03 00:00:00-04:00,35.070716857910156,35.070716857910156,35.070716857910156,35.070716857910156,500,0.0,0.0
2007-05-04 00:00:00-04:00,35.070716653587276,35.97410859976136,34.5345573425293,34.5345573425293,3100,0.0,0.0
2007-05-07 00:00:00-04:00,34.87976117916376,35.60688031657623,34.7034882599881,35.59953689575195,1300,0.0,0.0
2007-05-08 00:00:00-04:00,35.23230487286983,35.467333568312235,35.00461959838867,35.00461959838867,400,0.0,0.0
2007-05-09 00:00:00-04:00,35.20291788337473,35.915350036551615,35.20291788337473,35.62890625,4700,0.0,0.0
2007-05-10 00:00:00-04:00,35.805187096590466,35.812530517578125,35.805187096590466,35.812530517578125,1300,0.0,0.0
2007-05-11 00:00:00-04:00,35.98880616958729,35.98880616958729,35.29106344880387,35.95942687988281,1800,0.0,0.0
2007-05-14 00:00:00-04:00,36.30461419063108,36.30461419063108,36.01082699696244,36.01817321777344,600,0.0,0.0
2007-05-15 00:00:00-04:00,36.01817321777344,36.01817321777344,36.01817321777344,36.01817321777344,0,0.0,0.0
2007-05-16 00:00:00-04:00,36.17242431640625,36.17242431640625,36.17242431640625,36.17242431640625,1100,0.0,0.0
2007-05-17 00:00:00-04:00,36.17242706584608,36.245872497558594,36.17242706584608,36.245872497558594,200,0.0,0.0
2007-05-18 00:00:00-04:00,36.28993590967612,36.28993590967612,36.098976135253906,36.098976135253906,1600,0.0,0.0
2007-05-21 00:00:00-04:00,36.09162521362305,36.09162521362305,36.09162521362305,36.09162521362305,100,0.0,0.0
2007-05-22 00:00:00-04:00,36.09162521362305,36.09162521362305,36.09162521362305,36.09162521362305,0,0.0,0.0
2007-05-23 00:00:00-04:00,35.80519104003906,35.92270540112558,35.80519104003906,35.80519104003906,500,0.0,0.0
2007-05-24 00:00:00-04:00,35.83456693341649,35.98146057128906,35.81987728945292,35.98146057128906,400,0.0,0.0
2007-05-25 00:00:00-04:00,35.98146057128906,35.98146057128906,35.98146057128906,35.98146057128906,0,0.0,0.0
2007-05-29 00:00:00-04:00,35.98881149291992,35.98881149291992,35.98881149291992,35.98881149291992,100,0.0,0.0
2007-05-30 00:00:00-04:00,36.032928466796875,36.032928466796875,35.83437934066217,36.032928466796875,400,0.06,0.0
2007-05-31 00:00:00-04:00,36.032928466796875,36.032928466796875,36.032928466796875,36.032928466796875,0,0.0,0.0
2007-06-01 00:00:00-04:00,36.032925111508035,36.10646057128906,36.032925111508035,36.10646057128906,300,0.0,0.0
2007-06-04 00:00:00-04:00,36.17265838539534,36.9668551404473,36.17265838539534,36.32708740234375,6200,0.0,0.0
2007-06-05 00:00:00-04:00,36.32708740234375,36.32708740234375,36.32708740234375,36.32708740234375,0,0.0,0.0
2007-06-06 00:00:00-04:00,36.32708740234375,36.32708740234375,36.32708740234375,36.32708740234375,0,0.0,0.0
2007-06-07 00:00:00-04:00,36.35648840607216,36.35648840607216,36.05498850491971,36.11381912231445,1000,0.0,0.0
2007-06-08 00:00:00-04:00,36.11381912231445,36.11381912231445,36.11381912231445,36.11381912231445,0,0.0,0.0
2007-06-11 00:00:00-04:00,36.11381912231445,36.11381912231445,36.11381912231445,36.11381912231445,0,0.0,0.0
2007-06-12 00:00:00-04:00,36.032928466796875,36.032928466796875,36.032928466796875,36.032928466796875,500,0.0,0.0
2007-06-13 00:00:00-04:00,36.032928466796875,36.032928466796875,36.032928466796875,36.032928466796875,0,0.0,0.0
2007-06-14 00:00:00-04:00,36.032928466796875,36.032928466796875,36.032928466796875,36.032928466796875,0,0.0,0.0
2007-06-15 00:00:00-04:00,36.0402717590332,36.0402717590332,36.0402717590332,36.0402717590332,200,0.0,0.0
2007-06-18 00:00:00-04:00,35.959393000168426,36.032928466796875,35.959393000168426,36.032928466796875,200,0.0,0.0
2007-06-19 00:00:00-04:00,36.09910583496094,36.09910583496094,36.09910583496094,36.09910583496094,400,0.0,0.0
2007-06-20 00:00:00-04:00,36.20206402035375,36.76094369224601,36.062345504979874,36.20941925048828,3500,0.0,0.0
2007-06-21 00:00:00-04:00,36.540334217247114,37.18010463400343,36.40061569213867,36.40061569213867,1700,0.0,0.0
2007-06-22 00:00:00-04:00,36.94478774687418,36.94478774687418,36.40061569213867,36.40061569213867,800,0.0,0.0
2007-06-25 00:00:00-04:00,36.54769185631724,36.915374867336126,36.54769185631724,36.75359344482422,1000,0.0,0.0
2007-06-26 00:00:00-04:00,36.584449768066406,36.584449768066406,36.584449768066406,36.584449768066406,1800,0.0,0.0
2007-06-27 00:00:00-04:00,36.584449768066406,36.584449768066406,36.584449768066406,36.584449768066406,300,0.0,0.0
2007-06-28 00:00:00-04:00,36.584449768066406,36.584449768066406,36.584449768066406,36.584449768066406,0,0.0,0.0
2007-06-29 00:00:00-04:00,37.16539365040376,37.19480895996094,37.16539365040376,37.19480895996094,200,0.0,0.0
2007-07-02 00:00:00-04:00,37.19480895996094,37.19480895996094,37.19480895996094,37.19480895996094,0,0.0,0.0
2007-07-03 00:00:00-04:00,37.19479917021767,37.19479917021767,36.61385958276027,36.621212005615234,300,0.0,0.0
2007-07-05 00:00:00-04:00,37.128629240268815,37.128629240268815,36.40061569213867,36.40061569213867,3300,0.0,0.0
2007-07-06 00:00:00-04:00,36.40061569213867,36.40061569213867,36.40061569213867,36.40061569213867,400,0.0,0.0
2007-07-09 00:00:00-04:00,36.032928466796875,36.09911150884178,36.032928466796875,36.032928466796875,2200,0.0,0.0
2007-07-10 00:00:00-04:00,36.08440385447644,36.08440385447644,35.885854728341734,36.032928466796875,2200,0.0,0.0
2007-07-11 00:00:00-04:00,35.83438226495522,35.95939593466331,35.29756546020508,35.29756546020508,3500,0.0,0.0
2007-07-12 00:00:00-04:00,35.33433650182889,35.33433650182889,35.09166717529297,35.09166717529297,1200,0.0,0.0
2007-07-13 00:00:00-04:00,35.09166717529297,35.09166717529297,35.09166717529297,35.09166717529297,0,0.0,0.0
2007-07-16 00:00:00-04:00,35.09166717529297,35.09166717529297,35.09166717529297,35.09166717529297,0,0.0,0.0
2007-07-17 00:00:00-04:00,35.7314371838787,35.7314371838787,35.525535583496094,35.525535583496094,300,0.0,0.0
2007-07-18 00:00:00-04:00,35.22403339361527,35.22403339361527,34.92988586425781,34.92988586425781,400,0.0,0.0
2007-07-19 00:00:00-04:00,34.92988586425781,34.92988586425781,34.92988586425781,34.92988586425781,0,0.0,0.0
2007-07-20 00:00:00-04:00,34.92988586425781,34.92988586425781,34.92988586425781,34.92988586425781,100,0.0,0.0
2007-07-23 00:00:00-04:00,34.92988586425781,34.92988586425781,34.92988586425781,34.92988586425781,0,0.0,0.0
2007-07-24 00:00:00-04:00,34.959301178233304,34.959301178233304,34.92988586425781,34.92988586425781,500,0.0,0.0
2007-07-25 00:00:00-04:00,34.92988586425781,34.92988586425781,34.92988586425781,34.92988586425781,0,0.0,0.0
2007-07-26 00:00:00-04:00,34.92988586425781,34.92988586425781,34.92988586425781,34.92988586425781,0,0.0,0.0
2007-07-27 00:00:00-04:00,34.88575327087082,34.88575327087082,34.56954574584961,34.56954574584961,1000,0.0,0.0
2007-07-30 00:00:00-04:00,34.56954574584961,34.56954574584961,34.56954574584961,34.56954574584961,0,0.0,0.0
2007-07-31 00:00:00-04:00,34.56219319121972,34.89310836791992,34.55484076738102,34.89310836791992,2800,0.0,0.0
2007-08-01 00:00:00-04:00,33.981266021728516,33.981266021728516,33.981266021728516,33.981266021728516,100,0.0,0.0
2007-08-02 00:00:00-04:00,34.010690482487355,34.010690482487355,33.82684891231175,33.97392272949219,4300,0.0,0.0
2007-08-03 00:00:00-04:00,33.97392272949219,33.97392272949219,33.97392272949219,33.97392272949219,1000,0.0,0.0
2007-08-06 00:00:00-04:00,33.2973747253418,33.2973747253418,33.2973747253418,33.2973747253418,200,0.0,0.0
2007-08-07 00:00:00-04:00,33.098819732666016,33.098819732666016,33.098819732666016,33.098819732666016,100,0.0,0.0
2007-08-08 00:00:00-04:00,33.65034103393555,33.65034103393555,33.65034103393555,33.65034103393555,100,0.0,0.0
2007-08-09 00:00:00-04:00,33.65034103393555,33.65034103393555,33.65034103393555,33.65034103393555,0,0.0,0.0
2007-08-10 00:00:00-04:00,32.39287315038182,32.39287315038182,31.650154692307517,31.988422393798828,1500,0.0,0.0
2007-08-13 00:00:00-04:00,31.841342467006715,32.1354899450033,31.6207332611084,31.6207332611084,2800,0.0,0.0
2007-08-14 00:00:00-04:00,31.253049850463867,31.253049850463867,31.253049850463867,31.253049850463867,800,0.0,0.0
2007-08-15 00:00:00-04:00,31.253049850463867,31.253049850463867,31.253049850463867,31.253049850463867,0,0.0,0.0
2007-08-16 00:00:00-04:00,30.51768493223186,30.51768493223186,30.333843456736485,30.3706111907959,1800,0.0,0.0
2007-08-17 00:00:00-04:00,30.223536452499676,33.82683037544117,29.421987533569336,29.421987533569336,1500,0.0,0.0
2007-08-20 00:00:00-04:00,30.149993896484375,30.149993896484375,30.149993896484375,30.149993896484375,200,0.0,0.0
2007-08-21 00:00:00-04:00,30.179424688333327,30.370618635427896,30.17206945659951,30.186777114868164,600,0.0,0.0
2007-08-22 00:00:00-04:00,30.752999349666855,30.752999349666855,30.157352006581608,30.23089027404785,1200,0.0,0.0
2007-08-23 00:00:00-04:00,30.23089027404785,30.23089027404785,30.23089027404785,30.23089027404785,0,0.0,0.0
2007-08-24 00:00:00-04:00,31.069216656882908,31.069216656882908,30.260315096771457,30.377973556518555,600,0.0,0.0
2007-08-27 00:00:00-04:00,30.260303497314457,30.260303497314457,30.260303497314457,30.260303497314453,200,0.0,0.0
2007-08-28 00:00:00-04:00,30.18676162068448,30.223529344884586,30.149993896484375,30.149993896484375,1100,0.0,0.0
2007-08-29 00:00:00-04:00,30.17208911036188,30.17208911036188,30.14999389648437,30.149993896484375,2200,0.06,0.0
2007-08-30 00:00:00-04:00,30.149990255367822,30.643408769180915,30.149990255367822,30.15735626220703,900,0.0,0.0
2007-08-31 00:00:00-04:00,30.21627426147461,30.21627426147461,30.21627426147461,30.21627426147461,100,0.0,0.0
2007-09-04 00:00:00-04:00,30.60660552978516,30.60660552978516,30.60660552978516,30.606605529785156,300,0.0,0.0
2007-09-05 00:00:00-04:00,30.304652833792186,30.304652833792186,30.238372802734375,30.238372802734375,200,0.0,0.0
2007-09-06 00:00:00-04:00,30.238372802734375,30.238372802734375,30.238372802734375,30.238372802734375,0,0.0,0.0
2007-09-07 00:00:00-04:00,30.216274653760298,30.216274653760298,27.977488641617725,28.66974449157715,14500,0.0,0.0
2007-09-10 00:00:00-04:00,28.647658189752754,28.647658189752754,28.095325469970703,28.095325469970703,700,0.0,0.0
2007-09-11 00:00:00-04:00,27.984850661435544,27.984850661435544,27.92593383789063,27.925933837890625,400,0.0,0.0
2007-09-12 00:00:00-04:00,28.168964385986328,28.353075264326108,27.984853507646548,28.168964385986328,3700,0.0,0.0
2007-09-13 00:00:00-04:00,28.721298217773438,29.251538468465114,28.699205810431007,28.721298217773438,8100,0.0,0.0
2007-09-14 00:00:00-04:00,28.72129010920181,29.31044421624684,28.72129010920181,28.794933319091797,400,0.0,0.0
2007-09-17 00:00:00-04:00,28.839133174626735,28.839133174626735,28.53719139099121,28.53719139099121,400,0.0,0.0
2007-09-18 00:00:00-04:00,28.706578196667905,29.05270767211914,28.6844857822553,29.05270767211914,600,0.0,0.0
2007-09-19 00:00:00-04:00,29.295724206454768,29.310453414916992,29.288361006878283,29.310453414916992,600,0.0,0.0
2007-09-20 00:00:00-04:00,29.199995797415532,29.199995797415532,28.905417173830852,29.14107894897461,800,0.0,0.0
2007-09-21 00:00:00-04:00,30.768626844572967,30.768626844572967,29.78915786743164,29.78915786743164,500,0.0,0.0
2007-09-24 00:00:00-04:00,29.553497259119712,29.80388832092285,29.553497259119712,29.80388832092285,600,0.0,0.0
2007-09-25 00:00:00-04:00,29.00851100543437,29.177892684936523,29.00851100543437,29.177892684936523,600,0.0,0.0
2007-09-26 00:00:00-04:00,29.03059333416479,29.03059333416479,28.905399322509766,28.905399322509766,1200,0.0,0.0
2007-09-27 00:00:00-04:00,28.905399322509766,28.905399322509766,28.905399322509766,28.905399322509766,0,0.0,0.0
2007-09-28 00:00:00-04:00,28.89804458618164,28.89804458618164,28.89804458618164,28.89804458618164,100,0.0,0.0
2007-10-01 00:00:00-04:00,28.640295028686523,28.640295028686523,28.640295028686523,28.640295028686523,200,0.0,0.0
2007-10-02 00:00:00-04:00,28.53718733176207,28.721298217773438,28.25733799841822,28.721298217773438,400,0.0,0.0
2007-10-03 00:00:00-04:00,28.721298217773438,28.721298217773438,28.721298217773438,28.721298217773438,0,0.0,0.0
2007-10-04 00:00:00-04:00,28.721298217773438,28.721298217773438,28.721298217773438,28.721298217773438,100,0.0,0.0
2007-10-05 00:00:00-04:00,27.984860125144138,28.51510047912598,27.94803850263089,28.515100479125977,3700,0.0,0.0
2007-10-08 00:00:00-04:00,28.721307798195042,28.721307798195042,28.220525796456062,28.574018478393555,2800,0.0,0.0
2007-10-09 00:00:00-04:00,28.71393082347948,29.428279046510948,28.71393082347948,29.38409423828125,5400,0.0,0.0
2007-10-10 00:00:00-04:00,29.45774109236119,29.45774109236119,28.87595003155287,28.883316040039062,1300,0.0,0.0
2007-10-11 00:00:00-04:00,29.649210309600072,30.923259875036933,29.649210309600072,30.834884643554688,300,0.0,0.0
2007-10-12 00:00:00-04:00,30.92327215291633,30.92327215291633,30.562413504358926,30.5771427154541,1000,0.0,0.0
2007-10-15 00:00:00-04:00,30.5771427154541,30.5771427154541,30.5771427154541,30.5771427154541,0,0.0,0.0
2007-10-16 00:00:00-04:00,30.709688186645504,30.709688186645504,30.709688186645504,30.709688186645508,100,0.0,0.0
2007-10-17 00:00:00-04:00,30.717050857651266,30.73178006148219,30.63604164123535,30.63604164123535,900,0.0,0.0
2007-10-18 00:00:00-04:00,30.93063437986007,30.93063437986007,30.92327117919922,30.92327117919922,200,0.0,0.0
2007-10-19 00:00:00-04:00,30.915902420466,31.08528411370247,30.915902420466,31.07792091369629,800,0.0,0.0
2007-10-22 00:00:00-04:00,30.076358795166016,30.076358795166016,30.076358795166016,30.076358795166016,100,0.0,0.0
2007-10-23 00:00:00-04:00,30.076358795166016,30.076358795166016,30.076358795166016,30.076358795166016,0,0.0,0.0
2007-10-24 00:00:00-04:00,29.516649566723284,29.516649566723284,27.9848461151123,27.984846115112305,2000,0.0,0.0
2007-10-25 00:00:00-04:00,27.9848461151123,27.9848461151123,27.9848461151123,27.984846115112305,1800,0.0,0.0
2007-10-26 00:00:00-04:00,28.721306721124687,28.721306721124687,28.566654205322262,28.566654205322266,500,0.0,0.0
2007-10-29 00:00:00-04:00,28.64765357971191,28.64765357971191,28.64765357971191,28.647653579711914,500,0.0,0.0
2007-10-30 00:00:00-04:00,28.64765357971191,28.64765357971191,28.64765357971191,28.647653579711914,0,0.0,0.0
2007-10-31 00:00:00-04:00,29.08953094482422,29.08953094482422,29.08953094482422,29.08953094482422,200,0.0,0.0
2007-11-01 00:00:00-04:00,28.249970141849083,28.249970141849083,28.235240936279297,28.235240936279297,300,0.0,0.0
2007-11-02 00:00:00-04:00,28.721298217773438,28.721298217773438,28.721298217773438,28.721298217773438,100,0.0,0.0
2007-11-05 00:00:00-05:00,28.20578765869141,28.20578765869141,28.20578765869141,28.205787658691406,200,0.0,0.0
2007-11-06 00:00:00-05:00,29.177896134629485,29.641856412916585,29.16316692476058,29.553483963012695,5400,0.0,0.0
2007-11-07 00:00:00-05:00,29.560847163292383,30.27519839073178,29.22944696451588,29.553483963012695,20100,0.0,0.0
2007-11-08 00:00:00-05:00,29.45038965340082,30.142645834153814,28.728672236247622,29.08953094482422,5100,0.0,0.0
2007-11-09 00:00:00-05:00,29.450371592406455,29.450371592406455,28.537180577820454,28.71392822265625,1200,0.0,0.0
2007-11-12 00:00:00-05:00,29.214715622554998,29.443014144897464,28.75812138717939,29.44301414489746,800,0.0,0.0
2007-11-13 00:00:00-05:00,29.443014144897464,29.443014144897464,29.443014144897464,29.44301414489746,0,0.0,0.0
2007-11-14 00:00:00-05:00,29.457742862794984,29.457742862794984,28.728662490844727,28.728662490844727,400,0.0,0.0
2007-11-15 00:00:00-05:00,28.728662490844727,28.728662490844727,28.728662490844727,28.728662490844727,0,0.0,0.0
2007-11-16 00:00:00-05:00,29.08953094482422,29.08953094482422,29.08953094482422,29.08953094482422,100,0.0,0.0
2007-11-19 00:00:00-05:00,29.457744598388672,29.457744598388672,29.457744598388672,29.457744598388672,100,0.0,0.0
2007-11-20 00:00:00-05:00,29.450381398335228,30.113178966213308,28.89804868711544,29.457744598388672,2000,0.0,0.0
2007-11-21 00:00:00-05:00,29.450381398335228,29.457744598388672,29.450381398335228,29.457744598388672,1200,0.0,0.0
2007-11-23 00:00:00-05:00,29.457740320095674,29.457740320095674,28.84649085998535,28.84649085998535,600,0.0,0.0
2007-11-26 00:00:00-05:00,28.794939798651644,28.831764221191406,28.35307482126463,28.831764221191406,300,0.0,0.0
2007-11-27 00:00:00-05:00,28.014314809759476,28.07322883605957,27.999585600857113,28.07322883605957,1000,0.0,0.0
2007-11-28 00:00:00-05:00,27.98485963357413,28.353081470857997,27.248415959006387,27.447256088256836,2400,0.0,0.0
2007-11-29 00:00:00-05:00,27.307098365809797,27.919330596923828,27.292345409009137,27.919330596923828,1100,0.06,0.0
2007-11-30 00:00:00-05:00,27.919330596923828,27.919330596923828,27.919330596923828,27.919330596923828,0,0.0,0.0
2007-12-03 00:00:00-05:00,27.32186432608177,27.366120403708035,27.2480995069711,27.2923583984375,3000,0.0,0.0
2007-12-04 00:00:00-05:00,27.23333332690753,27.240711212158203,27.23333332690753,27.240711212158203,900,0.0,0.0
2007-12-05 00:00:00-05:00,27.2923583984375,27.2923583984375,27.2923583984375,27.2923583984375,200,0.0,0.0
2007-12-06 00:00:00-05:00,27.321856082718178,27.956219266473532,26.185903535706927,26.746501922607422,5400,0.0,0.0
2007-12-07 00:00:00-05:00,26.311291934681233,27.58001793885939,26.25965799858919,27.4841251373291,1700,0.0,0.0
2007-12-10 00:00:00-05:00,28.258639718341865,28.66433613516039,28.1258659362793,28.125865936279297,2700,0.0,0.0
2007-12-11 00:00:00-05:00,28.029984544607586,28.052112579345703,28.02260947097475,28.052112579345703,61300,0.0,0.0
2007-12-12 00:00:00-05:00,28.000471115112305,28.000471115112305,28.000471115112305,28.000471115112305,100,0.0,0.0
2007-12-13 00:00:00-05:00,28.000471115112305,28.000471115112305,28.000471115112305,28.000471115112305,0,0.0,0.0
2007-12-14 00:00:00-05:00,27.498891328463316,27.498891328463316,26.193283714913616,26.44407844543457,2400,0.0,0.0
2007-12-17 00:00:00-05:00,27.521012991030364,27.845569610595703,26.407188630856755,27.845569610595703,1200,0.0,0.0
2007-12-18 00:00:00-05:00,26.84239899080051,27.92671775817871,26.84239899080051,27.92671775817871,500,0.0,0.0
2007-12-19 00:00:00-05:00,27.90458705454537,27.90458705454537,27.89720916748047,27.89720916748047,200,0.0,0.0
2007-12-20 00:00:00-05:00,27.307113135594665,27.343994140625,27.307113135594665,27.343994140625,300,0.0,0.0
2007-12-21 00:00:00-05:00,27.8086957689898,27.8086957689898,26.569475173950195,26.569475173950195,500,0.0,0.0
2007-12-24 00:00:00-05:00,27.439882154564838,27.661170959472656,27.439882154564838,27.661170959472656,600,0.0,0.0
2007-12-26 00:00:00-05:00,27.683297979881775,27.808696746826172,27.683297979881775,27.808696746826172,500,0.0,0.0
2007-12-27 00:00:00-05:00,28.02997589111328,28.02997589111328,27.66116041886179,28.02997589111328,1400,0.0,0.0
2007-12-28 00:00:00-05:00,28.02999313273215,28.02999313273215,27.690683364868164,27.690683364868164,300,0.0,0.0
2007-12-31 00:00:00-05:00,27.734920754153446,28.317649841308594,27.734920754153446,28.317649841308594,500,0.0,0.0
2008-01-02 00:00:00-05:00,28.472553010520922,28.472553010520922,27.698041090313037,28.184877395629883,3100,0.0,0.0
2008-01-03 00:00:00-05:00,27.698049545288086,27.698049545288086,27.698049545288086,27.698049545288086,700,0.0,0.0
2008-01-04 00:00:00-05:00,28.19226388657781,28.19226388657781,27.698049545288086,27.698049545288086,1800,0.0,0.0
2008-01-07 00:00:00-05:00,27.698049545288086,27.698049545288086,27.698049545288086,27.698049545288086,0,0.0,0.0
2008-01-08 00:00:00-05:00,27.698049545288086,27.698049545288086,27.698049545288086,27.698049545288086,300,0.0,0.0
2008-01-09 00:00:00-05:00,27.698049545288086,27.698049545288086,27.698049545288086,27.698049545288086,0,0.0,0.0
2008-01-10 00:00:00-05:00,27.698049545288086,27.698049545288086,27.698049545288086,27.698049545288086,0,0.0,0.0
2008-01-11 00:00:00-05:00,28.184886773350307,28.184886773350307,27.727556228637695,27.727556228637695,500,0.0,0.0
2008-01-14 00:00:00-05:00,27.889833764024132,28.221765518188477,27.698048096359983,28.221765518188477,600,0.0,0.0
2008-01-15 00:00:00-05:00,27.95621392219848,28.03735096246926,27.95621392219848,28.02997589111328,2300,0.0,0.0
2008-01-16 00:00:00-05:00,27.70542445824164,27.70542445824164,27.43249893188477,27.432498931884766,300,0.0,0.0
2008-01-17 00:00:00-05:00,28.022602939007527,28.022602939007527,27.07105827331543,27.07105827331543,1800,0.0,0.0
2008-01-18 00:00:00-05:00,26.967790925764913,26.967790925764913,26.407189778523954,26.739124298095703,2100,0.0,0.0
2008-01-22 00:00:00-05:00,26.37032604222227,26.562108993530273,26.37032604222227,26.562108993530273,700,0.0,0.0
2008-01-23 00:00:00-05:00,26.562108993530273,26.562108993530273,26.562108993530273,26.562108993530273,0,0.0,0.0
2008-01-24 00:00:00-05:00,28.20701439696922,28.20701439696922,26.923535049663098,27.734928131103516,3300,0.0,0.0
2008-01-25 00:00:00-05:00,28.21439437866211,28.21439437866211,26.930914808053057,27.661170959472656,2500,0.0,0.0
2008-01-28 00:00:00-05:00,28.229133055235963,28.229133055235963,27.65378189086914,27.65378189086914,9600,0.0,0.0
2008-01-29 00:00:00-05:00,27.65378189086914,27.65378189086914,27.65378189086914,27.65378189086914,0,0.0,0.0
2008-01-30 00:00:00-05:00,28.118492126464847,28.118492126464847,28.118492126464847,28.118492126464844,200,0.0,0.0
2008-01-31 00:00:00-05:00,28.70860519251321,28.767617039647874,28.70123011854125,28.723358154296875,12000,0.0,0.0
2008-02-01 00:00:00-05:00,28.7676157168341,28.7676157168341,28.029984544607586,28.052112579345703,5200,0.0,0.0
2008-02-04 00:00:00-05:00,28.39879669117852,28.39879669117852,28.23651695251465,28.23651695251465,500,0.0,0.0
2008-02-05 00:00:00-05:00,28.767610549926758,28.767610549926758,28.76023547761855,28.767610549926758,2800,0.0,0.0
2008-02-06 00:00:00-05:00,28.826622009277344,28.84875003975363,28.826622009277344,28.826622009277344,400,0.0,0.0
2008-02-07 00:00:00-05:00,28.42093649215993,29.851943186389793,28.42093649215993,29.3651065826416,800,0.0,0.0
2008-02-08 00:00:00-05:00,29.859299863357656,29.859299863357656,28.915133168496926,28.922508239746094,7800,0.0,0.0
2008-02-11 00:00:00-05:00,29.689660137564722,29.689660137564722,28.398805348974953,29.61589813232422,4600,0.0,0.0
2008-02-12 00:00:00-05:00,28.59057441252296,29.689645767211914,28.59057441252296,29.689645767211914,4400,0.0,0.0
2008-02-13 00:00:00-05:00,29.689645767211914,29.689645767211914,29.689645767211914,29.689645767211914,0,0.0,0.0
2008-02-14 00:00:00-05:00,29.17332157266377,30.169125660028328,28.767624861740657,30.02159881591797,7100,0.0,0.0
2008-02-15 00:00:00-05:00,29.874049985082014,31.732880099592172,29.800288024234472,31.622234344482422,2100,0.0,0.0
2008-02-19 00:00:00-05:00,29.505244976759386,33.33354949951172,28.863506686389908,33.33354949951172,6400,0.0,0.0
2008-02-20 00:00:00-05:00,32.972106015571704,34.07117462158203,31.718132762205112,34.07117462158203,13600,0.0,0.0
2008-02-21 00:00:00-05:00,32.92786227790212,33.34093683765309,32.47790671424344,33.04588317871094,12900,0.0,0.0
2008-02-22 00:00:00-05:00,33.04588765245289,33.92367085902769,33.00900664355224,33.414703369140625,4400,0.0,0.0
2008-02-25 00:00:00-05:00,34.17445252757783,35.10386653841867,33.93103289745312,34.764556884765625,11900,0.0,0.0
2008-02-26 00:00:00-05:00,35.28089496462087,35.36203201762856,34.04167455821574,35.214508056640625,8500,0.0,0.0
2008-02-27 00:00:00-05:00,35.36940759665422,36.23243453025857,34.59489559663619,36.05540466308594,2100,0.0,0.0
2008-02-28 00:00:00-05:00,36.15130868249785,36.30621339362035,34.336736364458005,36.136558532714844,600,0.0,0.0
2008-02-29 00:00:00-05:00,35.07435427184342,36.328327562662516,35.07435427184342,35.87837219238281,1500,0.0,0.0
2008-03-03 00:00:00-05:00,34.86044060173683,35.87837219238281,34.86044060173683,35.87837219238281,1800,0.0,0.0
2008-03-04 00:00:00-05:00,35.40628552604697,35.5906932631618,33.94577658575819,34.54325866699219,2700,0.0,0.0
2008-03-05 00:00:00-05:00,35.037495263686495,35.037495263686495,34.01218795776367,34.01218795776367,3200,0.0,0.0
2008-03-06 00:00:00-05:00,34.74242440166027,34.74242440166027,34.02692413330078,34.02692413330078,3100,0.0,0.0
2008-03-07 00:00:00-05:00,32.45577094363509,34.58014946600264,32.33775007093909,33.14914321899414,3200,0.0,0.0
2008-03-10 00:00:00-04:00,34.299855643511364,34.299855643511364,32.743453141516106,33.466331481933594,2800,0.0,0.0
2008-03-11 00:00:00-04:00,33.56221826897629,34.2777214050293,33.56221826897629,34.2777214050293,2300,0.0,0.0
2008-03-12 00:00:00-04:00,34.29984190131855,35.40628841426431,32.83195495605469,32.83195495605469,1600,0.0,0.0
2008-03-13 00:00:00-04:00,33.82193849050546,33.82193849050546,33.77761271963506,33.792388916015625,1000,0.07,0.0
2008-03-14 00:00:00-04:00,33.98447799682617,33.98447799682617,33.94753891048395,33.98447799682617,1000,0.0,0.0
2008-03-17 00:00:00-04:00,33.98447892457153,33.98447892457153,33.69635009765625,33.69635009765625,400,0.0,0.0
2008-03-18 00:00:00-04:00,34.61243550679749,34.61243550679749,33.61506652832031,33.61506652832031,6400,0.0,0.0
2008-03-19 00:00:00-04:00,33.61507934276418,33.61507934276418,33.356502936666885,33.57814025878906,1900,0.0,0.0
2008-03-20 00:00:00-04:00,33.984485695487166,33.984485695487166,32.80241775512695,32.80241775512695,800,0.0,0.0
2008-03-24 00:00:00-04:00,32.87627460286889,35.45466232299805,32.87627460286889,35.45466232299805,1000,0.0,0.0
2008-03-25 00:00:00-04:00,35.343855943916175,36.37816723350864,32.809795820859016,35.402957916259766,2900,0.0,0.0
2008-03-26 00:00:00-04:00,33.622471274943166,35.46206725377223,33.622471274943166,34.132240295410156,1700,0.0,0.0
2008-03-27 00:00:00-04:00,35.29214034893448,36.2008553595636,35.269977461785714,36.001380920410156,9400,0.0,0.0
2008-03-28 00:00:00-04:00,35.83146254870356,36.20085906982422,35.83146254870356,36.20085906982422,2600,0.0,0.0
2008-03-31 00:00:00-04:00,36.20085906982422,36.20085906982422,36.20085906982422,36.20085906982422,400,0.0,0.0
2008-04-01 00:00:00-04:00,36.93964003688197,36.93964003688197,35.77973556518555,35.77973556518555,2500,0.0,0.0
2008-04-02 00:00:00-04:00,36.924877359929326,36.939653559545775,36.66630091232127,36.75495529174805,5300,0.0,0.0
2008-04-03 00:00:00-04:00,36.924864043539856,36.924864043539856,36.57024383544922,36.57024383544922,1000,0.0,0.0
2008-04-04 00:00:00-04:00,36.92487147729815,36.93964767456055,36.57025119781495,36.93964767456055,700,0.0,0.0
2008-04-07 00:00:00-04:00,36.93964767456055,36.93964767456055,36.93964767456055,36.93964767456055,300,0.0,0.0
2008-04-08 00:00:00-04:00,36.917458056104174,36.917458056104174,35.6319580078125,35.6319580078125,500,0.0,0.0
2008-04-09 00:00:00-04:00,35.831458999666665,36.644130138329885,35.831458999666665,36.59241485595703,700,0.0,0.0
2008-04-10 00:00:00-04:00,35.83885002866577,36.93965292589712,35.49900589813276,36.93226623535156,1500,0.0,0.0
2008-04-11 00:00:00-04:00,35.476827760398336,36.93225036198975,35.476827760398336,36.65150833129883,1600,0.0,0.0
2008-04-14 00:00:00-04:00,36.57024870695349,36.57024870695349,35.88317108154297,35.88317108154297,700,0.0,0.0
2008-04-15 00:00:00-04:00,36.54808831105707,36.93964767456055,36.54808831105707,36.93964767456055,700,0.0,0.0
2008-04-16 00:00:00-04:00,36.20824432373047,36.20824432373047,36.20824432373047,36.20824432373047,500,0.0,0.0
2008-04-17 00:00:00-04:00,36.208247310464046,36.55548095703125,36.208247310464046,36.55548095703125,800,0.0,0.0
2008-04-18 00:00:00-04:00,36.55548095703125,36.55548095703125,36.55548095703125,36.55548095703125,0,0.0,0.0
2008-04-21 00:00:00-04:00,36.57024722261743,36.91748077486077,36.33383372866018,36.348609924316406,700,0.0,0.0
2008-04-22 00:00:00-04:00,36.85838511660387,36.939652803695495,34.95230049743454,36.87316131591797,1800,0.0,0.0
2008-04-23 00:00:00-04:00,36.87316131591797,36.87316131591797,36.87316131591797,36.87316131591797,0,0.0,0.0
2008-04-24 00:00:00-04:00,36.13435802940098,36.186073303222656,36.13435802940098,36.186073303222656,800,0.0,0.0
2008-04-25 00:00:00-04:00,36.79928282504157,36.79928282504157,36.540703566649,36.68107604980469,500,0.0,0.0
2008-04-28 00:00:00-04:00,36.68107604980469,36.68107604980469,36.68107604980469,36.68107604980469,0,0.0,0.0
2008-04-29 00:00:00-04:00,36.28950908637228,37.589786262748824,36.28950908637228,36.93964767456055,2500,0.0,0.0
2008-04-30 00:00:00-04:00,36.85838523853665,37.020920613257594,36.85838523853665,36.93226623535156,1700,0.0,0.0
2008-05-01 00:00:00-04:00,36.93964767456055,36.93964767456055,36.93964767456055,36.93964767456055,200,0.0,0.0
2008-05-02 00:00:00-04:00,35.838841805018326,36.93964444965746,35.838841805018326,36.762332916259766,2400,0.0,0.0
2008-05-05 00:00:00-04:00,36.76233766342688,36.76233766342688,36.7327880859375,36.7327880859375,400,0.0,0.0
2008-05-06 00:00:00-04:00,36.769737631213225,36.769737631213225,36.10482262880445,36.40034103393555,1800,0.0,0.0
2008-05-07 00:00:00-04:00,36.41510795740984,36.71062346897088,35.49161669952222,36.01615905761719,2000,0.0,0.0
2008-05-08 00:00:00-04:00,36.208228384379076,36.208228384379076,35.292127029856424,35.45466232299805,1300,0.0,0.0
2008-05-09 00:00:00-04:00,36.57026120448105,36.57026120448105,34.582908630371094,34.582908630371094,800,0.0,0.0
2008-05-12 00:00:00-04:00,34.582908630371094,34.582908630371094,34.582908630371094,34.582908630371094,0,0.0,0.0
2008-05-13 00:00:00-04:00,35.46945316363172,35.46945316363172,33.99186706058355,34.25044631958008,1100,0.0,0.0
2008-05-14 00:00:00-04:00,34.72327768426192,35.447294625443234,34.35388111315275,35.092674255371094,2300,0.0,0.0
2008-05-15 00:00:00-04:00,35.81667709350586,35.81667709350586,35.81667709350586,35.81667709350586,200,0.0,0.0
2008-05-16 00:00:00-04:00,33.0683708190918,33.0683708190918,33.0683708190918,33.0683708190918,200,0.0,0.0
2008-05-19 00:00:00-04:00,36.08264108506492,36.93225394697985,35.82406472792782,35.831451416015625,700,0.0,0.0
2008-05-20 00:00:00-04:00,36.15653193877294,36.16392144772719,35.262592997799096,35.3734130859375,600,0.0,0.0
2008-05-21 00:00:00-04:00,36.66628808348401,36.66628808348401,35.114821485848616,35.831451416015625,1100,0.0,0.0
2008-05-22 00:00:00-04:00,35.82407786679457,36.83622360229492,35.46206801576068,36.83622360229492,800,0.0,0.0
2008-05-23 00:00:00-04:00,36.38556202683761,36.38556202683761,35.85363006591797,35.85363006591797,400,0.0,0.0
2008-05-27 00:00:00-04:00,36.38555813200866,36.93965292589712,36.3781714414631,36.93226623535156,1800,0.0,0.0
2008-05-28 00:00:00-04:00,35.595049784856215,36.93965292589712,35.595049784856215,36.93226623535156,800,0.0,0.0
2008-05-29 00:00:00-04:00,36.747301755556116,36.991446658167256,36.25161772500391,36.266414642333984,3400,0.07,0.0
2008-05-30 00:00:00-04:00,36.11844553996749,36.96185000797241,35.53398004995595,35.71154022216797,2700,0.0,0.0
2008-06-02 00:00:00-04:00,36.26642113810744,36.96925931494448,35.54878604129001,36.79909896850586,2400,0.0,0.0
2008-06-03 00:00:00-04:00,36.24422784840916,36.91747219790097,36.24422784840916,36.910072326660156,1000,0.0,0.0
2008-06-04 00:00:00-04:00,36.09625478281673,36.66592340722287,35.55617999344495,35.70414352416992,5600,0.0,0.0
2008-06-05 00:00:00-04:00,36.38478660234895,36.902667412088455,36.38478660234895,36.87307357788086,1800,0.0,0.0
2008-06-06 00:00:00-04:00,36.78429351184697,36.91006306915658,36.177634044560406,36.43657302856445,2000,0.0,0.0
2008-06-09 00:00:00-04:00,36.910072326660156,36.910072326660156,36.910072326660156,36.910072326660156,200,0.0,0.0
2008-06-10 00:00:00-04:00,36.9100611325228,36.9100611325228,36.54754657393791,36.60673141479492,2400,0.0,0.0
2008-06-11 00:00:00-04:00,36.695517992378264,36.969256759759766,35.519189746368035,36.32560348510742,4400,0.0,0.0
2008-06-12 00:00:00-04:00,36.60672676071436,36.61412662877014,36.54014205932617,36.54014205932617,400,0.0,0.0
2008-06-13 00:00:00-04:00,36.35520068108228,36.62153960247429,36.251625061035156,36.251625061035156,1800,0.0,0.0
2008-06-16 00:00:00-04:00,36.251625061035156,36.251625061035156,36.251625061035156,36.251625061035156,500,0.0,0.0
2008-06-17 00:00:00-04:00,35.985278258245266,35.985278258245266,35.91869354248047,35.91869354248047,6500,0.0,0.0
2008-06-18 00:00:00-04:00,35.918697590795865,35.9556884765625,35.918697590795865,35.9556884765625,300,0.0,0.0
2008-06-19 00:00:00-04:00,35.91130054253201,35.9556884765625,35.91130054253201,35.9556884765625,900,0.0,0.0
2008-06-20 00:00:00-04:00,35.95568589061755,35.992679595947266,35.91869500751131,35.992679595947266,2400,0.0,0.0
2008-06-23 00:00:00-04:00,35.51179543063006,35.696752698497924,34.860745057512474,34.89033889770508,1000,0.0,0.0
2008-06-24 00:00:00-04:00,35.65973663330078,35.65973663330078,35.65973663330078,35.65973663330078,600,0.0,0.0
2008-06-25 00:00:00-04:00,35.659758470079154,35.659758470079154,35.556182861328125,35.556182861328125,1200,0.0,0.0
2008-06-26 00:00:00-04:00,35.65973663330078,35.65973663330078,35.65233676736503,35.65973663330078,600,0.0,0.0
2008-06-27 00:00:00-04:00,35.62274577028785,35.65973663330078,35.62274577028785,35.65973663330078,900,0.0,0.0
2008-06-30 00:00:00-04:00,35.659758103859595,35.88170623779297,34.22448804812475,35.88170623779297,800,0.0,0.0
2008-07-01 00:00:00-04:00,35.88170353072478,35.88910057833425,35.63755862626085,35.64495849609375,3400,0.0,0.0
2008-07-02 00:00:00-04:00,35.985285192975425,36.06666684150696,35.504397995089676,35.51179504394531,11800,0.0,0.0
2008-07-03 00:00:00-04:00,35.88170623779297,35.88170623779297,35.88170623779297,35.88170623779297,1300,0.0,0.0
2008-07-07 00:00:00-04:00,35.127081773781505,35.51179320550803,34.409446716308594,34.409446716308594,1100,0.0,0.0
2008-07-08 00:00:00-04:00,35.51179504394531,35.51179504394531,34.4168483687572,35.51179504394531,1900,0.0,0.0
2008-07-09 00:00:00-04:00,34.956929545248705,34.956929545248705,31.257783561624507,34.40205764770508,2700,0.0,0.0
2008-07-10 00:00:00-04:00,30.991432869638906,33.654818663147196,29.41559648681325,33.588233947753906,5700,0.0,0.0
2008-07-11 00:00:00-04:00,32.52288095769646,32.52288095769646,30.89525665355506,31.072816848754883,1900,0.0,0.0
2008-07-14 00:00:00-04:00,31.07281141509549,31.81264025831205,29.593153728662372,31.76824951171875,2500,0.0,0.0
2008-07-15 00:00:00-04:00,31.080224234543643,32.5450885710676,30.332997965465825,32.48590087890625,5600,0.0,0.0
2008-07-16 00:00:00-04:00,32.55247479393368,32.55247479393368,31.072816848754883,31.072816848754883,300,0.0,0.0
2008-07-17 00:00:00-04:00,32.522872342434695,32.5450691248445,31.82003444021079,31.960603713989258,2700,0.0,0.0
2008-07-18 00:00:00-04:00,32.545085555258005,33.292311755093664,32.508091839972955,32.55248260498047,3400,0.0,0.0
2008-07-21 00:00:00-04:00,32.55248233522759,32.55248233522759,31.398347854614254,31.398347854614258,600,0.0,0.0
2008-07-22 00:00:00-04:00,32.545080695502705,33.262712944840445,32.44890213012695,32.44890213012695,1300,0.0,0.0
2008-07-23 00:00:00-04:00,31.169001059080514,32.55248069854598,31.169001059080514,32.40451431274414,2200,0.0,0.0
2008-07-24 00:00:00-04:00,32.441507948394346,33.29231262207031,32.441507948394346,33.29231262207031,1900,0.0,0.0
2008-07-25 00:00:00-04:00,33.240524805991704,33.29231262207031,31.69428172909991,33.29231262207031,1100,0.0,0.0
2008-07-28 00:00:00-04:00,33.262718777961304,33.29231262207031,33.262718777961304,33.29231262207031,600,0.0,0.0
2008-07-29 00:00:00-04:00,33.29231262207031,33.29231262207031,33.29231262207031,33.29231262207031,300,0.0,0.0
2008-07-30 00:00:00-04:00,32.737440745035805,33.29231262207031,32.737440745035805,33.29231262207031,400,0.0,0.0
2008-07-31 00:00:00-04:00,33.210930961882696,33.29231262207031,33.210930961882696,33.29231262207031,200,0.0,0.0
2008-08-01 00:00:00-04:00,34.18749594989051,34.18749594989051,34.15050506591797,34.15050506591797,300,0.0,0.0
2008-08-04 00:00:00-04:00,32.55248061470363,34.03213882446289,32.55248061470363,34.03213882446289,300,0.0,0.0
2008-08-05 00:00:00-04:00,34.01733532956559,35.8447137685739,34.01733532956559,35.726341247558594,2500,0.0,0.0
2008-08-06 00:00:00-04:00,36.614139556884766,36.614139556884766,36.614139556884766,36.614139556884766,200,0.0,0.0
2008-08-07 00:00:00-04:00,36.62153960247429,36.62153960247429,36.251625061035156,36.251625061035156,1000,0.0,0.0
2008-08-08 00:00:00-04:00,35.51179597815689,36.251625061035156,35.51179597815689,36.251625061035156,300,0.0,0.0
2008-08-11 00:00:00-04:00,35.51179597815689,36.251625061035156,35.51179597815689,36.251625061035156,600,0.0,0.0
2008-08-12 00:00:00-04:00,36.2442265667104,36.25162361546567,35.14188003540039,35.14188003540039,1200,0.0,0.0
2008-08-13 00:00:00-04:00,33.35149553343945,35.51179504394531,33.35149553343945,35.51179504394531,1900,0.0,0.0
2008-08-14 00:00:00-04:00,35.77811813354492,35.77811813354492,35.77811813354492,35.77811813354492,200,0.0,0.0
2008-08-15 00:00:00-04:00,36.23682403564453,36.23682403564453,36.23682403564453,36.23682403564453,200,0.0,0.0
2008-08-18 00:00:00-04:00,34.06173266599185,34.06173266599185,34.03213882446289,34.03213882446289,200,0.0,0.0
2008-08-19 00:00:00-04:00,34.03213065011161,34.03213065011161,33.29969877042874,33.66221618652344,600,0.0,0.0
2008-08-20 00:00:00-04:00,31.583305384201402,33.543853759765625,31.5389174414436,33.543853759765625,4000,0.0,0.0
2008-08-21 00:00:00-04:00,34.35024642944336,34.35024642944336,34.35024642944336,34.35024642944336,300,0.0,0.0
2008-08-22 00:00:00-04:00,33.66961769119384,34.409446716308594,33.66961769119384,34.409446716308594,1500,0.0,0.0
2008-08-25 00:00:00-04:00,35.88170453767491,36.24422196962771,35.34902678369482,35.45260238647461,1800,0.0,0.0
2008-08-26 00:00:00-04:00,32.70784952446112,35.134491313781616,31.960623245230796,34.180110931396484,1000,0.0,0.0
2008-08-27 00:00:00-04:00,33.35024341083152,34.943291109022994,31.475636028802555,31.683101654052734,2600,0.07,0.0
2008-08-28 00:00:00-04:00,32.26103064662311,34.82472229003906,31.490440368652344,32.23139190673828,6900,0.0,0.0
2008-08-29 00:00:00-04:00,32.1721130919639,32.1721130919639,31.860914815603984,32.00910568237305,500,0.0,0.0
2008-09-02 00:00:00-04:00,33.35763721544823,33.71329359995943,32.29807633332905,32.379581451416016,4500,0.0,0.0
2008-09-03 00:00:00-04:00,33.71329588843686,33.71329588843686,32.61668792179589,33.468780517578125,2200,0.0,0.0
2008-09-04 00:00:00-04:00,32.23138768397293,33.691062927246094,32.23138768397293,33.691062927246094,3000,0.0,0.0
2008-09-05 00:00:00-04:00,33.70588684082031,33.70588684082031,33.624381719076474,33.70588684082031,1200,0.0,0.0
2008-09-08 00:00:00-04:00,33.70588684082031,33.70588684082031,33.70588684082031,33.70588684082031,0,0.0,0.0
2008-09-09 00:00:00-04:00,34.439422607421875,34.439422607421875,34.439422607421875,34.439422607421875,100,0.0,0.0
2008-09-10 00:00:00-04:00,34.45424264009993,35.12110007986535,34.45424264009993,35.017364501953125,2100,0.0,0.0
2008-09-11 00:00:00-04:00,35.01737624228259,35.01737624228259,34.26901626586914,34.26901626586914,900,0.0,0.0
2008-09-12 00:00:00-04:00,34.27642204668755,34.306060791015625,34.27642204668755,34.306060791015625,200,0.0,0.0
2008-09-15 00:00:00-04:00,34.306060791015625,34.31347189035076,34.306060791015625,34.306060791015625,400,0.0,0.0
2008-09-16 00:00:00-04:00,33.81704185894349,33.81704185894349,33.78740310668945,33.78740310668945,1700,0.0,0.0
2008-09-17 00:00:00-04:00,32.972351531776226,33.765169645857966,32.972351531776226,33.55029296875,1300,0.0,0.0
2008-09-18 00:00:00-04:00,33.55029296875,33.55029296875,33.55029296875,33.55029296875,0,0.0,0.0
2008-09-19 00:00:00-04:00,31.64604581623169,32.49073028564453,30.897685857376604,32.49073028564453,2500,0.0,0.0
2008-09-22 00:00:00-04:00,32.372167759923855,32.60186372644761,31.490436553955078,31.490436553955078,1300,0.0,0.0
2008-09-23 00:00:00-04:00,31.490436553955078,31.490436553955078,31.490436553955078,31.490436553955078,0,0.0,0.0
2008-09-24 00:00:00-04:00,31.490436553955078,31.490436553955078,31.490436553955078,31.490436553955078,300,0.0,0.0
2008-09-25 00:00:00-04:00,31.49044049389011,32.594459533691406,31.49044049389011,32.594459533691406,500,0.0,0.0
2008-09-26 00:00:00-04:00,32.231406992132015,32.60188293457031,31.860931049693715,32.60188293457031,2100,0.0,0.0
2008-09-29 00:00:00-04:00,31.66085467075844,33.26130966702348,29.638057580097442,29.645465850830078,1700,0.0,0.0
2008-09-30 00:00:00-04:00,29.645465850830075,29.645465850830075,29.645465850830075,29.645465850830078,0,0.0,0.0
2008-10-01 00:00:00-04:00,30.01594367964536,30.379011154174805,30.01594367964536,30.379011154174805,200,0.0,0.0
2008-10-02 00:00:00-04:00,30.60130500793457,30.60130500793457,30.60130500793457,30.60130500793457,200,0.0,0.0
2008-10-03 00:00:00-04:00,29.675104617640056,29.756609728310973,27.38556455413569,28.897106170654297,8200,0.0,0.0
2008-10-06 00:00:00-04:00,27.99315020606122,27.99315020606122,25.192354096306694,26.674257278442383,2700,0.0,0.0
2008-10-07 00:00:00-04:00,27.60043950158979,27.60043950158979,25.940707130852005,26.82244110107422,500,0.0,0.0
2008-10-08 00:00:00-04:00,25.933303833007812,25.962942572892644,25.192352294921875,25.933303833007812,1100,0.0,0.0
2008-10-09 00:00:00-04:00,25.970350844610948,26.67425537109375,25.192352294921875,25.192352294921875,1600,0.0,0.0
2008-10-10 00:00:00-04:00,24.451396822929382,25.170120603721443,23.710445404052734,23.710445404052734,3200,0.0,0.0
2008-10-13 00:00:00-04:00,23.688228961857764,24.11798095703125,22.96950621174535,24.11798095703125,3000,0.0,0.0
2008-10-14 00:00:00-04:00,23.710445404052734,23.710445404052734,23.710445404052734,23.710445404052734,600,0.0,0.0
2008-10-15 00:00:00-04:00,24.45140661028377,24.45140661028377,24.443998336791992,24.443998336791992,500,0.0,0.0
2008-10-16 00:00:00-04:00,24.28839577405322,24.28839577405322,23.710454353664698,23.747501373291016,1200,0.0,0.0
2008-10-17 00:00:00-04:00,24.295800181685085,25.17753144254974,24.014237822368933,25.103437423706055,1900,0.0,0.0
2008-10-20 00:00:00-04:00,24.821875785585668,25.118257522583008,24.821875785585668,25.118257522583008,1000,0.0,0.0
2008-10-21 00:00:00-04:00,26.644624710083008,26.644624710083008,26.644624710083008,26.644624710083008,100,0.0,0.0
2008-10-22 00:00:00-04:00,24.4810412760567,24.681098545061204,24.458810806274414,24.458810806274414,600,0.0,0.0
2008-10-23 00:00:00-04:00,25.296080988207905,25.296080988207905,23.710445404052734,23.710445404052734,1300,0.0,0.0
2008-10-24 00:00:00-04:00,23.717863168312405,24.443998336791992,23.710454894820625,24.443998336791992,700,0.0,0.0
2008-10-27 00:00:00-04:00,26.27414318547949,28.24507433800912,26.229687898227052,28.11911392211914,800,0.0,0.0
2008-10-28 00:00:00-04:00,28.15615463256836,28.15615463256836,27.785678913718776,28.15615463256836,400,0.0,0.0
2008-10-29 00:00:00-04:00,28.15615463256836,28.15615463256836,28.15615463256836,28.15615463256836,0,0.0,0.0
2008-10-30 00:00:00-04:00,25.21458511451673,25.21458511451673,24.599596681397642,25.044166564941406,1000,0.0,0.0
2008-10-31 00:00:00-04:00,25.688787137201405,28.12651824951172,25.688787137201405,28.12651824951172,600,0.0,0.0
2008-11-03 00:00:00-05:00,28.119107625984487,28.15615463256836,28.119107625984487,28.15615463256836,4400,0.0,0.0
2008-11-04 00:00:00-05:00,24.977482621512387,28.526642155002904,24.977482621512387,27.41521453857422,600,0.0,0.0
2008-11-05 00:00:00-05:00,27.41521453857422,27.41521453857422,27.41521453857422,27.41521453857422,500,0.0,0.0
2008-11-06 00:00:00-05:00,28.111702823239696,28.11911392211914,28.111702823239696,28.11911392211914,300,0.0,0.0
2008-11-07 00:00:00-05:00,28.156159984419435,28.163568256542188,26.703895568847656,26.703895568847656,2000,0.0,0.0
2008-11-10 00:00:00-05:00,29.267593383789062,29.267593383789062,29.267593383789062,29.267593383789062,100,0.0,0.0
2008-11-11 00:00:00-05:00,27.4152123918827,29.267591607550454,26.703899451427816,29.260183334350586,400,0.0,0.0
2008-11-12 00:00:00-05:00,29.260169628181377,29.260169628181377,25.244211900001844,28.904510498046875,1500,0.0,0.0
2008-11-13 00:00:00-05:00,28.148746459640765,28.91192553864041,28.148746459640765,28.897106170654297,1700,0.0,0.0
2008-11-14 00:00:00-05:00,28.897106170654293,28.897106170654293,28.897106170654293,28.897106170654297,700,0.0,0.0
2008-11-17 00:00:00-05:00,28.889705657958984,28.889705657958984,28.889705657958984,28.889705657958984,400,0.0,0.0
2008-11-18 00:00:00-05:00,28.63036310045496,28.711868210842734,27.674535067461733,28.15615463256836,1200,0.0,0.0
2008-11-19 00:00:00-05:00,27.422615307182514,28.14875030517578,27.259607890076886,28.14875030517578,2500,0.0,0.0
2008-11-20 00:00:00-05:00,24.451402129829038,25.96294403076172,24.451402129829038,25.96294403076172,300,0.0,0.0
2008-11-21 00:00:00-05:00,25.933303833007812,25.933303833007812,22.228546142578125,22.228546142578125,3600,0.0,0.0
2008-11-24 00:00:00-05:00,24.821881251947147,25.192357091528446,23.969785690307617,23.969785690307617,1500,0.0,0.0
2008-11-25 00:00:00-05:00,24.080928320808916,24.080928320808916,23.377023696899414,23.377023696899414,300,0.0,0.0
2008-11-26 00:00:00-05:00,23.03542689323043,25.136981098638984,22.90918497603108,23.02057456970215,2400,0.07,0.0
2008-11-28 00:00:00-05:00,23.02057456970215,23.02057456970215,23.02057456970215,23.02057456970215,0,0.0,0.0
2008-12-01 00:00:00-05:00,23.92654966009279,23.948826731954835,23.02057763381705,23.072559356689453,1500,0.0,0.0
2008-12-02 00:00:00-05:00,24.505780569719615,25.96870231628418,24.505780569719615,25.96870231628418,1000,0.0,0.0
2008-12-03 00:00:00-05:00,23.176526634683093,25.96870196993217,23.176526634683093,24.654300689697266,800,0.0,0.0
2008-12-04 00:00:00-05:00,25.619674335826527,25.619674335826527,24.505775451660156,24.505775451660156,900,0.0,0.0
2008-12-05 00:00:00-05:00,23.2879126739579,23.763175735419686,22.6269983856675,23.347320556640625,2200,0.0,0.0
2008-12-08 00:00:00-05:00,22.93146440549092,24.505775451660156,22.8349271254106,24.505775451660156,800,0.0,0.0
2008-12-09 00:00:00-05:00,25.998398710014897,26.56277573102235,24.505775451660156,24.505775451660156,600,0.0,0.0
2008-12-10 00:00:00-05:00,23.792876794715085,23.792876794715085,23.763172149658203,23.763172149658203,300,0.0,0.0
2008-12-11 00:00:00-05:00,23.911691665649414,23.911691665649414,23.911691665649414,23.911691665649414,100,0.0,0.0
2008-12-12 00:00:00-05:00,23.911691665649414,23.911691665649414,23.911691665649414,23.911691665649414,300,0.0,0.0
2008-12-15 00:00:00-05:00,26.71129062184437,26.71129062184437,23.911691665649414,23.911691665649414,3700,0.0,0.0
2008-12-16 00:00:00-05:00,24.19387947469113,25.248368812411123,21.052684278333636,24.86221694946289,11500,0.0,0.0
2008-12-17 00:00:00-05:00,23.1839434687818,24.92162689823644,22.28539923467952,23.911691665649414,7300,0.0,0.0
2008-12-18 00:00:00-05:00,23.035428234562907,25.211244184308704,23.035428234562907,25.18153953552246,4500,0.0,0.0
2008-12-19 00:00:00-05:00,24.83251474318778,25.619670867919922,24.83251474318778,25.619670867919922,2000,0.0,0.0
2008-12-22 00:00:00-05:00,24.245861938627787,25.990968704223633,24.245861938627787,25.990968704223633,900,0.0,0.0
2008-12-23 00:00:00-05:00,22.426494162370854,25.99096939912066,22.426494162370854,25.471149444580078,800,0.0,0.0
2008-12-24 00:00:00-05:00,24.513198852539062,24.513198852539062,24.513198852539062,24.513198852539062,200,0.0,0.0
2008-12-26 00:00:00-05:00,26.518219443844927,26.73357391357422,26.065233432618292,26.73357391357422,1100,0.0,0.0
2008-12-29 00:00:00-05:00,25.8201771447954,26.73357391357422,25.8201771447954,26.73357391357422,3400,0.0,0.0
2008-12-30 00:00:00-05:00,25.768192291259766,25.768192291259766,25.768192291259766,25.768192291259766,200,0.0,0.0
2008-12-31 00:00:00-05:00,27.810339880063836,27.810339880063836,27.7360782623291,27.7360782623291,600,0.0,0.0
2009-01-02 00:00:00-05:00,28.203916953286278,28.701459884643555,27.47617008554989,28.701459884643555,700,0.0,0.0
2009-01-05 00:00:00-05:00,28.768293229089444,28.96136776777992,28.003414154052734,28.003414154052734,1500,0.0,0.0
2009-01-06 00:00:00-05:00,28.523242339476166,28.59007639761343,26.73357793023593,28.14451789855957,900,0.0,0.0
2009-01-07 00:00:00-05:00,26.73356542569228,27.453887400599736,25.255792090455348,26.8820858001709,5700,0.0,0.0
2009-01-08 00:00:00-05:00,25.56026340920876,26.1543450425294,24.87707349679766,25.434022903442383,7200,0.0,0.0
2009-01-09 00:00:00-05:00,25.552834900817164,25.552834900817164,25.54541015625,25.54541015625,700,0.0,0.0
2009-01-12 00:00:00-05:00,25.990971480246518,25.990971480246518,25.768192291259766,25.768192291259766,300,0.0,0.0
2009-01-13 00:00:00-05:00,24.60230827331543,24.60230827331543,24.60230827331543,24.60230827331543,300,0.0,0.0
2009-01-14 00:00:00-05:00,24.602311428562693,24.602311428562693,23.77059831404741,24.44636344909668,4300,0.0,0.0
2009-01-15 00:00:00-05:00,23.429004669189453,23.429004669189453,23.429004669189453,23.429004669189453,300,0.0,0.0
2009-01-16 00:00:00-05:00,23.948827743530273,23.948827743530273,23.948827743530273,23.948827743530273,100,0.0,0.0
2009-01-20 00:00:00-05:00,23.763172149658203,23.763172149658203,23.763172149658203,23.763172149658203,100,0.0,0.0
2009-01-21 00:00:00-05:00,26.61476085430377,26.61476085430377,25.953847885131836,25.953847885131836,300,0.0,0.0
2009-01-22 00:00:00-05:00,25.857308295594297,25.96869932757173,22.782947540283203,22.782947540283203,400,0.0,0.0
2009-01-23 00:00:00-05:00,23.56267256821626,23.666637420654297,23.56267256821626,23.666637420654297,200,0.0,0.0
2009-01-26 00:00:00-05:00,23.666637420654297,23.666637420654297,23.666637420654297,23.666637420654297,0,0.0,0.0
2009-01-27 00:00:00-05:00,23.666637420654297,23.666637420654297,23.666637420654297,23.666637420654297,0,0.0,0.0
2009-01-28 00:00:00-05:00,25.240951538085938,25.240951538085938,25.240951538085938,25.240951538085938,900,0.0,0.0
2009-01-29 00:00:00-05:00,24.795387062214157,25.80532243672539,23.837433405556485,25.24837303161621,2300,0.0,0.0
2009-01-30 00:00:00-05:00,25.99097223842845,25.99097223842845,25.24837303161621,25.24837303161621,400,0.0,0.0
2009-02-02 00:00:00-05:00,25.211244583129883,25.99097321296044,25.211244583129883,25.211244583129883,1100,0.0,0.0
2009-02-03 00:00:00-05:00,25.500860160841057,25.6196759359279,25.240951538085938,25.240951538085938,800,0.0,0.0
2009-02-04 00:00:00-05:00,25.931567978302503,25.990977286125098,25.931567978302503,25.953847885131836,500,0.0,0.0
2009-02-05 00:00:00-05:00,27.446460723876953,27.446460723876953,27.446460723876953,27.446460723876953,100,0.0,0.0
2009-02-06 00:00:00-05:00,27.453900140543414,27.47617721557617,27.453900140543414,27.476177215576172,300,0.0,0.0
2009-02-09 00:00:00-05:00,27.47617721557617,27.47617721557617,27.47617721557617,27.476177215576172,200,0.0,0.0
2009-02-10 00:00:00-05:00,27.847475081927385,27.847475081927385,25.255802154541012,25.255802154541016,900,0.0,0.0
2009-02-11 00:00:00-05:00,26.755844460886546,26.755844460886546,25.931559012974713,25.96126365661621,800,0.0,0.0
2009-02-12 00:00:00-05:00,25.96126365661621,25.96126365661621,25.96126365661621,25.96126365661621,0,0.0,0.0
2009-02-13 00:00:00-05:00,25.99097641421036,26.4588147828478,25.99097641421036,26.362276077270508,2000,0.0,0.0
2009-02-17 00:00:00-05:00,25.2706473407091,25.731060838245796,24.505771147742337,25.471149444580078,2800,0.0,0.0
2009-02-18 00:00:00-05:00,22.76066780090332,22.76066780090332,22.76066780090332,22.76066780090332,100,0.0,0.0
2009-02-19 00:00:00-05:00,23.05027961730957,23.05027961730957,23.05027961730957,23.05027961730957,100,0.0,0.0
2009-02-20 00:00:00-05:00,25.61224612279203,25.619670867919922,24.4686427433107,25.619670867919922,300,0.0,0.0
2009-02-23 00:00:00-05:00,24.13447817415509,24.13447817415509,22.28540601631809,22.315109252929688,1000,0.0,0.0
2009-02-24 00:00:00-05:00,22.367091475342786,22.790372848510742,22.367091475342786,22.790372848510742,400,0.0,0.0
2009-02-25 00:00:00-05:00,22.67898293710392,23.391877573767847,22.67898293710392,22.73096466064453,1200,0.0,0.0
2009-02-26 00:00:00-05:00,24.134472817312105,24.134472817312105,21.22348403930664,21.22348403930664,1100,0.0,0.0
2009-02-27 00:00:00-05:00,21.9066775274842,21.9066775274842,19.23331998661378,20.77050018310547,4500,0.0,0.0
2009-03-02 00:00:00-05:00,21.327436622483088,21.513086318969727,21.327436622483088,21.513086318969727,300,0.0,0.0
2009-03-03 00:00:00-05:00,20.065030241057976,20.770498614243117,18.564979553222656,18.564979553222656,2200,0.0,0.0
2009-03-04 00:00:00-05:00,18.56497659445275,18.56497659445275,17.562467575073242,17.562467575073242,1100,0.0,0.0
2009-03-05 00:00:00-05:00,17.82237609242223,19.114498189155416,17.0797770885713,17.2802791595459,1400,0.0,0.0
2009-03-06 00:00:00-05:00,18.564987182617188,18.564987182617188,16.352041050384287,17.079788208007812,2300,0.0,0.0
2009-03-09 00:00:00-04:00,15.720828921497494,16.597096415976917,15.720828921497494,16.448575973510742,400,0.0,0.0
2009-03-10 00:00:00-04:00,16.634223146082842,16.634223146082842,14.851985204787482,15.594584465026855,4100,0.0,0.0
2009-03-11 00:00:00-04:00,14.851986069277107,15.408935546875,14.851986069277107,15.408935546875,500,0.0,0.0
2009-03-12 00:00:00-04:00,14.529699014590015,14.879901504851796,12.77123242265889,14.1869478225708,4200,0.07,0.0
2009-03-13 00:00:00-04:00,14.134792029398614,14.90225887298584,13.933612614717823,14.90225887298584,4400,0.0,0.0
2009-03-16 00:00:00-04:00,17.353682067559628,17.353682067559628,16.362680435180664,16.362680435180664,400,0.0,0.0
2009-03-17 00:00:00-04:00,17.13759422302246,17.13759422302246,17.13759422302246,17.13759422302246,100,0.0,0.0
2009-03-18 00:00:00-04:00,17.510152946398094,19.186656951904297,17.510152946398094,19.186656951904297,4500,0.0,0.0
2009-03-19 00:00:00-04:00,19.37293146306818,21.60826970880682,19.37293146306818,20.4906005859375,2200,0.0,0.0
2009-03-20 00:00:00-04:00,21.608266267429617,22.35337889734098,21.235709952473933,21.90631103515625,2500,0.0,0.0
2009-03-23 00:00:00-04:00,19.55176313864912,21.96592886451568,19.55176313864912,20.132951736450195,4100,0.0,0.0
2009-03-24 00:00:00-04:00,20.594921582091022,21.571020574533986,20.594921582091022,20.945125579833984,900,0.0,0.0
2009-03-25 00:00:00-04:00,22.31612638561035,22.353381452889277,21.04943420147074,21.60826873779297,3000,0.0,0.0
2009-03-26 00:00:00-04:00,21.07924367339078,21.608273126382745,21.0494384765625,21.0494384765625,900,0.0,0.0
2009-03-27 00:00:00-04:00,21.049430789614302,21.824348569880794,21.049430789614302,21.287866592407227,2100,0.0,0.0
2009-03-30 00:00:00-04:00,21.608273558162054,22.293777465820312,21.541213285148416,22.293777465820312,800,0.0,0.0
2009-03-31 00:00:00-04:00,21.608268024132204,21.608268024132204,19.641170976026384,21.60081672668457,4900,0.0,0.0
2009-04-01 00:00:00-04:00,21.563565189040336,21.563565189040336,21.22826385498047,21.22826385498047,800,0.0,0.0
2009-04-02 00:00:00-04:00,21.563561660636076,21.60081672668457,20.013727321270043,21.60081672668457,400,0.0,0.0
2009-04-03 00:00:00-04:00,21.518861138103734,21.518861138103734,21.071794509887695,21.071794509887695,500,0.0,0.0
2009-04-06 00:00:00-04:00,21.571017990575616,21.585919167757638,21.22826533396905,21.548664093017578,700,0.0,0.0
2009-04-07 00:00:00-04:00,21.60826873779297,21.60826873779297,21.503953412460195,21.60826873779297,2800,0.0,0.0
2009-04-08 00:00:00-04:00,21.608271383485906,21.608271383485906,20.870609875764863,21.571016311645508,900,0.0,0.0
2009-04-09 00:00:00-04:00,21.608268289005057,22.167102813720703,21.600816991466086,22.167102813720703,2100,0.0,0.0
2009-04-13 00:00:00-04:00,22.89731561638338,22.89731561638338,22.673782348632812,22.673782348632812,400,0.0,0.0
2009-04-14 00:00:00-04:00,21.377284194046233,22.368284048276738,21.377284194046233,21.60826873779297,3400,0.0,0.0
2009-04-15 00:00:00-04:00,21.593377117333436,21.593377117333436,20.475707476628514,20.535316467285156,1000,0.0,0.0
2009-04-16 00:00:00-04:00,21.54120498817208,21.60081393887031,21.287866592407227,21.287866592407227,1000,0.0,0.0
2009-04-17 00:00:00-04:00,20.207456183003437,21.421989206611354,19.74548570348525,21.399635314941406,900,0.0,0.0
2009-04-20 00:00:00-04:00,21.012184143066406,21.012184143066406,21.012184143066406,21.012184143066406,400,0.0,0.0
2009-04-21 00:00:00-04:00,20.937667306122044,20.937667306122044,19.827449545611167,19.849802017211914,600,0.0,0.0
2009-04-22 00:00:00-04:00,20.937671371549463,21.503957308154778,20.609821319580078,20.609821319580078,400,0.0,0.0
2009-04-23 00:00:00-04:00,21.14630457458303,21.23571875254901,19.425094084151773,20.855710983276367,1600,0.0,0.0
2009-04-24 00:00:00-04:00,21.19845664468916,21.23571171079363,20.863155364990234,20.863155364990234,3200,0.0,0.0
2009-04-27 00:00:00-04:00,20.86316078576372,21.79455189227103,20.86316078576372,21.34003257751465,500,0.0,0.0
2009-04-28 00:00:00-04:00,21.615724000691095,22.465152196939915,21.615724000691095,22.174558639526367,1700,0.0,0.0
2009-04-29 00:00:00-04:00,23.56791993765676,23.56791993765676,21.608273674563105,22.100048065185547,1000,0.0,0.0
2009-04-30 00:00:00-04:00,22.100048065185547,22.100048065185547,22.100048065185547,22.100048065185547,0,0.0,0.0
2009-05-01 00:00:00-04:00,21.615722807971274,23.023985565349754,21.615722807971274,21.77219581604004,2300,0.0,0.0
2009-05-04 00:00:00-04:00,21.77219581604004,21.90631634935035,21.77219581604004,21.77219581604004,2800,0.0,0.0
2009-05-05 00:00:00-04:00,20.870610746302415,21.24316716500573,20.870610746302415,21.235715866088867,1500,0.0,0.0
2009-05-06 00:00:00-04:00,21.235723322149145,21.7647529402839,20.863166772637754,21.690242767333984,5100,0.0,0.0
2009-05-07 00:00:00-04:00,21.533759787016272,21.533759787016272,20.75139190999683,21.161203384399414,1100,0.0,0.0
2009-05-08 00:00:00-04:00,18.702332503144326,21.235715866088867,18.702332503144326,21.235715866088867,1600,0.0,0.0
2009-05-11 00:00:00-04:00,19.641172348356644,22.025532271797672,19.641172348356644,21.4219913482666,1400,0.0,0.0
2009-05-12 00:00:00-04:00,21.235714441518546,23.381638643969517,21.235714441518546,22.673782348632812,3600,0.0,0.0
2009-05-13 00:00:00-04:00,22.673782348632812,22.673782348632812,22.673782348632812,22.673782348632812,0,0.0,0.0
2009-05-14 00:00:00-04:00,21.608266146148356,21.98082245901298,21.03452908325134,21.511402130126953,2500,0.0,0.0
2009-05-15 00:00:00-04:00,21.60081672668457,21.60081672668457,21.60081672668457,21.60081672668457,300,0.0,0.0
2009-05-18 00:00:00-04:00,21.60826873779297,21.60826873779297,21.60826873779297,21.60826873779297,300,0.0,0.0
2009-05-19 00:00:00-04:00,21.980828672647476,24.447153184258923,21.980828672647476,23.843610763549805,4400,0.0,0.0
2009-05-20 00:00:00-04:00,23.81380556792419,23.843610763549805,22.353385090827942,23.843610763549805,5100,0.0,0.0
2009-05-21 00:00:00-04:00,23.77655200809075,25.311485571958016,23.307131516625738,24.469507217407227,20400,0.0,0.0
2009-05-22 00:00:00-04:00,24.58872009454991,24.84205853649197,24.00008035556991,24.581270217895508,3300,0.0,0.0
2009-05-26 00:00:00-04:00,23.709493133764774,24.573824016265036,22.323582633360154,22.3533878326416,5400,0.0,0.0
2009-05-27 00:00:00-04:00,23.798917043395477,23.798917043395477,22.614186890054487,23.374202728271484,900,0.0,0.0
2009-05-28 00:00:00-04:00,23.806357623504756,25.065597395959916,22.353386906130265,22.688688278198242,4600,0.0,0.0
2009-05-29 00:00:00-04:00,23.098493232101692,23.098493232101692,22.725936889648438,22.725936889648438,2200,0.0,0.0
2009-06-01 00:00:00-04:00,22.725936889648438,23.098493232101692,22.725936889648438,22.725936889648438,10300,0.0,0.0
2009-06-02 00:00:00-04:00,22.01808613331441,23.545568466186523,22.01808613331441,23.545568466186523,600,0.0,0.0
2009-06-03 00:00:00-04:00,23.11340965228945,24.95383999443272,23.098507048591735,23.4710636138916,2100,0.0,0.0
2009-06-04 00:00:00-04:00,24.19381682686095,24.67068862915039,24.19381682686095,24.67068862915039,700,0.0,0.0
2009-06-05 00:00:00-04:00,24.83461641765103,24.83461641765103,24.827163696289062,24.827163696289062,600,0.0,0.0
2009-06-08 00:00:00-04:00,24.84206416258563,24.84206416258563,24.81225896445892,24.819711685180664,600,0.0,0.0
2009-06-09 00:00:00-04:00,24.961283172386278,25.706396102905273,23.508312389398192,25.706396102905273,1500,0.0,0.0
2009-06-10 00:00:00-04:00,25.631886430508462,25.69149398803711,24.946381043456984,25.69149398803711,1900,0.0,0.0
2009-06-11 00:00:00-04:00,25.370431623319316,25.385364532470703,25.370431623319316,25.385364532470703,300,0.07,0.0
2009-06-12 00:00:00-04:00,25.11658564313304,25.38537239478374,25.11658564313304,25.348041534423828,700,0.0,0.0
2009-06-15 00:00:00-04:00,25.348041534423828,25.348041534423828,25.348041534423828,25.348041534423828,0,0.0,0.0
2009-06-16 00:00:00-04:00,25.303253461454236,25.3853830977708,24.668620023275277,25.288320541381836,1400,0.0,0.0
2009-06-17 00:00:00-04:00,25.33311449338873,25.33311449338873,24.668615341186523,24.668615341186523,200,0.0,0.0
2009-06-18 00:00:00-04:00,24.653684616088867,25.012066117182368,24.653684616088867,24.653684616088867,1800,0.0,0.0
2009-06-19 00:00:00-04:00,24.653684616088867,24.653684616088867,24.653684616088867,24.653684616088867,0,0.0,0.0
2009-06-22 00:00:00-04:00,24.653684616088867,24.653684616088867,24.653684616088867,24.653684616088867,0,0.0,0.0
2009-06-23 00:00:00-04:00,25.377919725481966,25.377919725481966,24.638755798339844,24.638755798339844,400,0.0,0.0
2009-06-24 00:00:00-04:00,23.892107753324876,25.01205030426198,22.622838959297255,22.67510414123535,11900,0.0,0.0
2009-06-25 00:00:00-04:00,22.884169839753365,23.451607834286605,21.204255230282513,22.421260833740234,12500,0.0,0.0
2009-06-26 00:00:00-04:00,23.01855304416403,23.01855304416403,17.866817474365234,17.866817474365234,9000,0.0,0.0
2009-06-29 00:00:00-04:00,20.181370842952504,20.90560004616847,20.158971473091025,20.62934684753418,1900,0.0,0.0
2009-06-30 00:00:00-04:00,19.78565479443193,20.091772358457057,19.412340553027555,20.076839447021484,4700,0.0,0.0
2009-07-01 00:00:00-04:00,19.785661020426623,20.44269366545258,19.785661020426623,20.42029571533203,2200,0.0,0.0
2009-07-02 00:00:00-04:00,20.15897560119629,20.15897560119629,20.15897560119629,20.15897560119629,500,0.0,0.0
2009-07-06 00:00:00-04:00,18.96436690031098,25.310711673745665,18.96436690031098,21.301315307617188,13800,0.0,0.0
2009-07-07 00:00:00-04:00,20.28589883880415,23.13801982356187,20.28589883880415,21.159454345703125,2200,0.0,0.0
2009-07-08 00:00:00-04:00,21.159452502882484,21.26398004062945,19.106224060058594,19.106224060058594,500,0.0,0.0
2009-07-09 00:00:00-04:00,21.263985045785,22.137540682223335,19.128627930998913,21.644765853881836,8500,0.0,0.0
2009-07-10 00:00:00-04:00,21.27891275685884,21.27891275685884,19.277948101343384,19.87525177001953,2400,0.0,0.0
2009-07-13 00:00:00-04:00,19.16595552786126,20.62934684753418,19.16595552786126,20.62934684753418,1600,0.0,0.0
2009-07-14 00:00:00-04:00,20.62934684753418,20.62934684753418,20.62934684753418,20.62934684753418,0,0.0,0.0
2009-07-15 00:00:00-04:00,20.577089064002834,22.145009808607423,20.577089064002834,20.76374626159668,9400,0.0,0.0
2009-07-16 00:00:00-04:00,19.225688443665636,20.577085951060177,19.225688443665636,19.501941680908203,1000,0.0,0.0
2009-07-17 00:00:00-04:00,19.748332568139347,20.93547248840332,19.748332568139347,20.93547248840332,500,0.0,0.0
2009-07-20 00:00:00-04:00,20.838408043927686,20.860807418823242,20.838408043927686,20.860807418823242,600,0.0,0.0
2009-07-21 00:00:00-04:00,20.278429978625024,21.965810562223357,19.964845951158416,20.532283782958984,1100,0.0,0.0
2009-07-22 00:00:00-04:00,19.837919227055007,21.3610420667302,19.837919227055007,20.927997589111328,11200,0.0,0.0
2009-07-23 00:00:00-04:00,21.809025139512407,21.809025139512407,20.995201110839844,20.995201110839844,800,0.0,0.0
2009-07-24 00:00:00-04:00,20.30082893371582,20.30082893371582,20.30082893371582,20.30082893371582,100,0.0,0.0
2009-07-27 00:00:00-04:00,20.532287645605056,20.562153474830325,19.688597907126795,19.927518844604492,1100,0.0,0.0
2009-07-28 00:00:00-04:00,20.1216427669338,22.368993759155273,20.1216427669338,22.368993759155273,500,0.0,0.0
2009-07-29 00:00:00-04:00,22.361526209904017,23.518799922155463,22.361526209904017,23.511333465576172,1200,0.0,0.0
2009-07-30 00:00:00-04:00,22.779638343485708,23.608396530151367,22.443654909950705,23.608396530151367,1700,0.0,0.0
2009-07-31 00:00:00-04:00,23.854786995363703,23.854786995363703,22.772174835205078,22.772174835205078,300,0.0,0.0
2009-08-03 00:00:00-04:00,23.89211794506096,23.89211794506096,23.093225479125977,23.093225479125977,1600,0.0,0.0
2009-08-04 00:00:00-04:00,23.869719198151778,24.235567092895508,23.518804219295035,24.235567092895508,1500,0.0,0.0
2009-08-05 00:00:00-04:00,24.1758354435025,25.340574264526367,24.1758354435025,25.340574264526367,800,0.0,0.0
2009-08-06 00:00:00-04:00,25.430179595947266,25.430179595947266,25.430179595947266,25.430179595947266,200,0.0,0.0
2009-08-07 00:00:00-04:00,24.69848289381092,25.19872283935547,24.69848289381092,25.19872283935547,3200,0.0,0.0
2009-08-10 00:00:00-04:00,24.638755798339844,24.638755798339844,24.638755798339844,24.638755798339844,2100,0.0,0.0
2009-08-11 00:00:00-04:00,23.138018467967235,23.145484924316406,22.82443442170681,23.145484924316406,400,0.0,0.0
2009-08-12 00:00:00-04:00,23.182818767020308,24.556615582378072,23.182818767020308,23.89211654663086,500,0.0,0.0
2009-08-13 00:00:00-04:00,23.89211654663086,23.89211654663086,23.89211654663086,23.89211654663086,0,0.0,0.0
2009-08-14 00:00:00-04:00,24.51182235860209,24.51182235860209,23.30228177590543,23.481473922729492,1000,0.0,0.0
2009-08-17 00:00:00-04:00,23.72039230073142,23.97424615296586,23.72039230073142,23.89211654663086,700,0.0,0.0
2009-08-18 00:00:00-04:00,23.48147132958946,24.62381223893221,23.48147132958946,24.571548461914062,800,0.0,0.0
2009-08-19 00:00:00-04:00,25.04939476218953,25.04939476218953,23.93691948549405,24.668615341186523,400,0.0,0.0
2009-08-20 00:00:00-04:00,23.89211654663086,23.91451449448141,23.89211654663086,23.89211654663086,700,0.0,0.0
2009-08-21 00:00:00-04:00,23.89211654663086,23.89211654663086,23.89211654663086,23.89211654663086,0,0.0,0.0
2009-08-24 00:00:00-04:00,23.89211654663086,23.89211654663086,23.89211654663086,23.89211654663086,100,0.0,0.0
2009-08-25 00:00:00-04:00,23.89211654663086,23.89211654663086,23.89211654663086,23.89211654663086,0,0.0,0.0
2009-08-26 00:00:00-04:00,23.89211654663086,23.89211654663086,23.89211654663086,23.89211654663086,1000,0.0,0.0
2009-08-27 00:00:00-04:00,23.892120048147145,26.77410748466092,23.78012602023772,25.228586196899414,8100,0.0,0.0
2009-08-28 00:00:00-04:00,23.941714169125397,24.091350453497377,23.29079818725586,23.29079818725586,2300,0.07,0.0
2009-08-31 00:00:00-04:00,24.79463768005371,24.79463768005371,24.79463768005371,24.79463768005371,200,0.0,0.0
2009-09-01 00:00:00-04:00,23.328208923339844,23.328208923339844,23.328208923339844,23.328208923339844,200,0.0,0.0
2009-09-02 00:00:00-04:00,23.66488736493237,23.66488736493237,23.395544052124023,23.395544052124023,200,0.0,0.0
2009-09-03 00:00:00-04:00,23.373095897705724,23.91926585388304,23.14116096496582,23.14116096496582,2600,0.0,0.0
2009-09-04 00:00:00-04:00,23.230942496702017,23.964157104492188,23.230942496702017,23.964157104492188,400,0.0,0.0
2009-09-08 00:00:00-04:00,23.964157104492188,23.964157104492188,23.964157104492188,23.964157104492188,0,0.0,0.0
2009-09-09 00:00:00-04:00,24.577660507523067,24.577660507523067,23.60502911048712,23.642438888549805,800,0.0,0.0
2009-09-10 00:00:00-04:00,23.642438888549805,23.642438888549805,23.642438888549805,23.642438888549805,0,0.0,0.0
2009-09-11 00:00:00-04:00,23.365621955572248,23.605038926585937,21.32309431619427,21.47273063659668,9800,0.0,0.0
2009-09-14 00:00:00-04:00,22.273278646780845,22.57254981994629,22.273278646780845,22.57254981994629,500,0.0,0.0
2009-09-15 00:00:00-04:00,23.238422393798828,23.238422393798828,23.238422393798828,23.238422393798828,100,0.0,0.0
2009-09-16 00:00:00-04:00,23.193538665771484,23.193538665771484,23.193538665771484,23.193538665771484,700,0.0,0.0
2009-09-17 00:00:00-04:00,23.567627485774647,24.600114822387695,23.567627485774647,24.600114822387695,300,0.0,0.0
2009-09-18 00:00:00-04:00,23.395549428741894,24.502853616078696,22.445362091064453,22.445362091064453,12000,0.0,0.0
2009-09-21 00:00:00-04:00,22.445362195489828,23.649930423299843,22.445362195489828,23.530221939086914,700,0.0,0.0
2009-09-22 00:00:00-04:00,23.702298977608454,23.702298977608454,22.976564800832126,23.425472259521484,2600,0.0,0.0
2009-09-23 00:00:00-04:00,23.7247347613312,24.128751754760742,23.702290324165304,24.128751754760742,3700,0.0,0.0
2009-09-24 00:00:00-04:00,24.47291908295491,24.480402466552473,24.413066284547423,24.442991256713867,1500,0.0,0.0
2009-09-25 00:00:00-04:00,24.240976884115117,24.502838134765625,23.964148871629064,24.502838134765625,6900,0.0,0.0
2009-09-28 00:00:00-04:00,24.44298250371775,24.502838134765625,23.350642923756237,24.502838134765625,1300,0.0,0.0
2009-09-29 00:00:00-04:00,23.41797908164831,24.502838134765625,23.41797908164831,24.502838134765625,1200,0.0,0.0
2009-09-30 00:00:00-04:00,24.502838134765625,24.502838134765625,24.502838134765625,24.502838134765625,200,0.0,0.0
2009-10-01 00:00:00-04:00,22.66981104751312,23.941715240478516,22.66981104751312,23.941715240478516,1000,0.0,0.0
2009-10-02 00:00:00-04:00,23.911779403686523,23.911779403686523,23.911779403686523,23.911779403686523,200,0.0,0.0
2009-10-05 00:00:00-04:00,24.502838134765625,24.502838134765625,24.502838134765625,24.502838134765625,500,0.0,0.0
2009-10-06 00:00:00-04:00,23.94171498850439,24.375659942626953,23.94171498850439,24.375659942626953,200,0.0,0.0
2009-10-07 00:00:00-04:00,24.203575281551814,24.689892487326,24.203575281551814,24.667448043823242,3100,0.0,0.0
2009-10-08 00:00:00-04:00,24.34572546663766,24.39809772554948,23.784591674804688,23.784591674804688,3300,0.0,0.0
2009-10-09 00:00:00-04:00,23.784591674804688,23.784591674804688,23.784591674804688,23.784591674804688,0,0.0,0.0
2009-10-12 00:00:00-04:00,24.607595145728755,24.65996742248535,24.053944547423303,24.65996742248535,600,0.0,0.0
2009-10-13 00:00:00-04:00,24.278396606445312,24.278396606445312,24.278396606445312,24.278396606445312,600,0.0,0.0
2009-10-14 00:00:00-04:00,23.986602787436816,24.630033874530074,23.97163887554055,24.435508728027344,500,0.0,0.0
2009-10-15 00:00:00-04:00,24.652488708496094,24.652488708496094,24.652488708496094,24.652488708496094,200,0.0,0.0
2009-10-16 00:00:00-04:00,24.502840929253157,24.502840929253157,23.283310848304144,24.128751754760742,3300,0.0,0.0
2009-10-19 00:00:00-04:00,24.196099323829888,24.196099323829888,24.01653517965335,24.046463012695312,1100,0.0,0.0
2009-10-20 00:00:00-04:00,22.572546568120753,22.759591202782993,22.572546568120753,22.6922550201416,900,0.0,0.0
2009-10-21 00:00:00-04:00,24.18861198425293,24.18861198425293,24.18861198425293,24.18861198425293,100,0.0,0.0
2009-10-22 00:00:00-04:00,22.714701563108203,23.537696838378906,22.714701563108203,23.537696838378906,200,0.0,0.0
2009-10-23 00:00:00-04:00,23.537696838378906,23.537696838378906,23.537696838378906,23.537696838378906,0,0.0,0.0
2009-10-26 00:00:00-04:00,23.01396942138672,23.01396942138672,23.01396942138672,23.01396942138672,100,0.0,0.0
2009-10-27 00:00:00-04:00,23.807039259280366,23.919265747070312,23.807039259280366,23.919265747070312,300,0.0,0.0
2009-10-28 00:00:00-04:00,23.006491988897324,23.941715240478516,22.677293004770263,23.941715240478516,800,0.0,0.0
2009-10-29 00:00:00-04:00,23.94170897331472,23.94170897331472,23.006485966544616,23.268348693847656,900,0.0,0.0
2009-10-30 00:00:00-04:00,24.098827362060547,24.098827362060547,24.098827362060547,24.098827362060547,100,0.0,0.0
2009-11-02 00:00:00-05:00,22.849377460897514,23.866899490356445,22.849377460897514,23.866899490356445,200,0.0,0.0
2009-11-03 00:00:00-05:00,23.784599049105935,23.784599049105935,22.460322547305633,22.587512969970703,500,0.0,0.0
2009-11-04 00:00:00-05:00,23.4553956008737,23.4553956008737,22.66232681274414,22.66232681274414,700,0.0,0.0
2009-11-05 00:00:00-05:00,22.66232681274414,22.66232681274414,22.66232681274414,22.66232681274414,0,0.0,0.0
2009-11-06 00:00:00-05:00,22.116158466931214,22.26579475402832,22.116158466931214,22.26579475402832,300,0.0,0.0
2009-11-09 00:00:00-05:00,22.12364402387902,22.59499740600586,22.12364402387902,22.59499740600586,600,0.0,0.0
2009-11-10 00:00:00-05:00,22.60247840102298,22.63240623474121,22.60247840102298,22.63240623474121,500,0.0,0.0
2009-11-11 00:00:00-05:00,22.849372476517186,22.931671142578125,22.834408563765283,22.931671142578125,2100,0.0,0.0
2009-11-12 00:00:00-05:00,23.006486892700195,23.006486892700195,23.006486892700195,23.006486892700195,200,0.0,0.0
2009-11-13 00:00:00-05:00,23.073824598379918,23.11871490792276,22.205937669686488,22.639881134033203,3300,0.0,0.0
2009-11-16 00:00:00-05:00,22.66980743408203,22.66980743408203,22.66980743408203,22.66980743408203,200,0.0,0.0
2009-11-17 00:00:00-05:00,22.89426612854004,22.89426612854004,22.89426612854004,22.89426612854004,400,0.0,0.0
2009-11-18 00:00:00-05:00,22.89426612854004,23.013974593948976,22.89426612854004,22.89426612854004,2400,0.0,0.0
2009-11-19 00:00:00-05:00,22.819440841674805,22.819440841674805,22.654842109992774,22.819440841674805,1100,0.0,0.0
2009-11-20 00:00:00-05:00,22.89426612854004,22.89426612854004,22.89426612854004,22.89426612854004,100,0.0,0.0
2009-11-23 00:00:00-05:00,22.89426612854004,22.89426612854004,22.89426612854004,22.89426612854004,0,0.0,0.0
2009-11-24 00:00:00-05:00,22.445359831566073,23.522737503051758,21.697181170513872,23.522737503051758,4900,0.0,0.0
2009-11-25 00:00:00-05:00,23.163608235072687,23.163608235072687,22.68477439880371,22.68477439880371,400,0.0,0.0
2009-11-27 00:00:00-05:00,22.73727035522461,22.73727035522461,22.73727035522461,22.73727035522461,0,0.07,0.0
2009-11-30 00:00:00-05:00,22.497292211500262,22.504791480544814,22.122337341308594,22.122337341308594,2800,0.0,0.0
2009-12-01 00:00:00-05:00,22.122337341308594,22.122337341308594,22.122337341308594,22.122337341308594,0,0.0,0.0
2009-12-02 00:00:00-05:00,22.122337341308594,22.122337341308594,22.122337341308594,22.122337341308594,0,0.0,0.0
2009-12-03 00:00:00-05:00,22.122337341308594,22.122337341308594,22.122337341308594,22.122337341308594,0,0.0,0.0
2009-12-04 00:00:00-05:00,21.222445080712856,22.497292211500262,21.222445080712856,22.122337341308594,4100,0.0,0.0
2009-12-07 00:00:00-05:00,22.72226989734749,22.789761904258278,22.122342536295676,22.26482582092285,800,0.0,0.0
2009-12-08 00:00:00-05:00,22.26482582092285,22.26482582092285,22.26482582092285,22.26482582092285,0,0.0,0.0
2009-12-09 00:00:00-05:00,22.29481984179607,23.592163559065675,22.29481984179607,22.977237701416016,600,0.0,0.0
2009-12-10 00:00:00-05:00,22.977237701416016,22.977237701416016,22.977237701416016,22.977237701416016,2200,0.0,0.0
2009-12-11 00:00:00-05:00,22.977237701416016,22.977237701416016,22.977237701416016,22.977237701416016,0,0.0,0.0
2009-12-14 00:00:00-05:00,22.99223736308443,23.157217025756836,22.99223736308443,23.157217025756836,200,0.0,0.0
2009-12-15 00:00:00-05:00,22.17483922662134,23.472183227539062,22.17483922662134,23.472183227539062,1700,0.0,0.0
2009-12-16 00:00:00-05:00,22.834757755579982,23.38969092764197,22.834757755579982,23.247207641601562,1400,0.0,0.0
2009-12-17 00:00:00-05:00,22.5122962594389,23.91462701618401,22.5122962594389,23.247207641601562,4400,0.0,0.0
2009-12-18 00:00:00-05:00,22.97723961128072,23.93712482882397,22.97723961128072,23.247207641601562,2000,0.0,0.0
2009-12-21 00:00:00-05:00,23.247203873182727,24.297078740759304,23.029729343935184,23.51717185974121,9000,0.0,0.0
2009-12-22 00:00:00-05:00,24.274582602370888,24.274582602370888,23.157217025756836,23.157217025756836,300,0.0,0.0
2009-12-23 00:00:00-05:00,23.179715634021353,23.794641542783562,23.179715634021353,23.247207641601562,1500,0.0,0.0
2009-12-24 00:00:00-05:00,23.284704960014345,23.457185347310755,23.179718017578125,23.179718017578125,1400,0.0,0.0
2009-12-28 00:00:00-05:00,23.35219200130295,23.772142542292116,23.35219200130295,23.547168731689453,1700,0.0,0.0
2009-12-29 00:00:00-05:00,23.29219943338493,24.184592551275912,23.25470451319318,23.5921630859375,2300,0.0,0.0
2009-12-30 00:00:00-05:00,23.36719054141103,23.85463165220753,23.36719054141103,23.547168731689453,2500,0.0,0.0
2009-12-31 00:00:00-05:00,23.172212600708008,23.547167501788525,23.172212600708008,23.172212600708008,4000,0.0,0.0
2010-01-04 00:00:00-05:00,23.247201941175287,26.23934306262516,23.247201941175287,25.624414443969727,11800,0.0,0.0
2010-01-05 00:00:00-05:00,24.82201687443426,25.42194709092224,24.297082226026202,24.79952049255371,4200,0.0,0.0
2010-01-06 00:00:00-05:00,24.55205655233639,25.28696806573668,24.387075424194336,24.387075424194336,4300,0.0,0.0
2010-01-07 00:00:00-05:00,24.32707347167002,24.97199637300696,23.997114181518555,23.997114181518555,3300,0.0,0.0
2010-01-08 00:00:00-05:00,24.07210152517817,24.222084045410156,24.07210152517817,24.222084045410156,800,0.0,0.0
2010-01-11 00:00:00-05:00,23.719647883561986,24.679533004760742,23.719647883561986,24.679533004760742,1300,0.0,0.0
2010-01-12 00:00:00-05:00,24.13959654040148,25.16697507325708,24.13959654040148,24.747024536132812,3000,0.0,0.0
2010-01-13 00:00:00-05:00,24.259584449295403,25.646919499492746,24.259584449295403,25.069488525390625,8300,0.0,0.0
2010-01-14 00:00:00-05:00,24.897006336301875,25.436939455805263,24.44705873259032,25.12947654724121,2700,0.0,0.0
2010-01-15 00:00:00-05:00,25.25695336416836,25.721896474814393,25.09197235107422,25.09197235107422,2500,0.0,0.0
2010-01-19 00:00:00-05:00,24.94950310995895,25.40694861388565,24.94950310995895,25.196971893310547,2700,0.0,0.0
2010-01-20 00:00:00-05:00,25.804406452518638,25.804406452518638,25.061994194072955,25.241973876953125,2200,0.0,0.0
2010-01-21 00:00:00-05:00,25.226965623813886,25.744405225048226,25.084483789345292,25.12947654724121,3900,0.0,0.0
2010-01-22 00:00:00-05:00,25.12198273221817,25.84189558066794,25.12198273221817,25.639419555664062,1800,0.0,0.0
2010-01-25 00:00:00-05:00,25.346959746313754,25.894393753105195,25.136985842525224,25.654422760009766,1500,0.0,0.0
2010-01-26 00:00:00-05:00,25.361961691498465,26.021883441333134,25.271973272192007,25.83440589904785,2000,0.0,0.0
2010-01-27 00:00:00-05:00,25.81940010504401,25.96938266890915,25.30196326342272,25.646921157836914,4100,0.0,0.0
2010-01-28 00:00:00-05:00,26.02187469670856,26.254344940185547,25.804400134176475,26.254344940185547,1600,0.0,0.0
2010-01-29 00:00:00-05:00,25.646922889667078,26.321840181615364,25.549433787469784,25.80440330505371,2700,0.0,0.0
2010-02-01 00:00:00-05:00,25.53443590225179,25.796906128675364,25.05449394164606,25.579431533813477,1400,0.0,0.0
2010-02-02 00:00:00-05:00,25.676914917254578,26.75678408800357,25.676914917254578,26.396827697753906,500,0.0,0.0
2010-02-03 00:00:00-05:00,26.02187265114352,26.02187265114352,25.729408264160156,25.729408264160156,200,0.0,0.0
2010-02-04 00:00:00-05:00,25.864395141601562,25.864395141601562,25.864395141601562,25.864395141601562,100,0.0,0.0
2010-02-05 00:00:00-05:00,25.18947666720873,25.63192367553711,25.17447812413392,25.63192367553711,6100,0.0,0.0
2010-02-08 00:00:00-05:00,25.324461356820354,25.80440330505371,25.324461356820354,25.80440330505371,1000,0.0,0.0
2010-02-09 00:00:00-05:00,25.331951002834558,26.179349840166356,25.331951002834558,25.909381866455078,2700,0.0,0.0
2010-02-10 00:00:00-05:00,26.359333038330078,26.359333038330078,26.359333038330078,26.359333038330078,500,0.0,0.0
2010-02-11 00:00:00-05:00,25.834395969263554,26.456819682860342,25.78940034656484,26.299339294433594,5500,0.0,0.0
2010-02-12 00:00:00-05:00,25.781901699873302,26.55430793762207,25.781901699873302,26.55430793762207,1000,0.0,0.0
2010-02-16 00:00:00-05:00,25.646913699411638,26.35932852508281,25.646913699411638,26.32183074951172,800,0.0,0.0
2010-02-17 00:00:00-05:00,25.654421887983574,26.17186164855957,25.64692404625165,26.17186164855957,1200,0.0,0.0
2010-02-18 00:00:00-05:00,25.571923207698696,26.54680824279785,25.136977008326706,26.54680824279785,1800,0.0,0.0
2010-02-19 00:00:00-05:00,25.65441360343215,26.31433502924526,25.63941506413198,26.01436996459961,1500,0.0,0.0
2010-02-22 00:00:00-05:00,25.766908795892107,26.27684783935547,25.684418235820136,26.27684783935547,2300,0.0,0.0
2010-02-23 00:00:00-05:00,25.864398145678027,26.014377862857515,25.27196853650795,25.579431533813477,4900,0.0,0.0
2010-02-24 00:00:00-05:00,25.721905219722224,25.721905219722224,25.3769474029541,25.3769474029541,1600,0.0,0.0
2010-02-25 00:00:00-05:00,25.646921157836914,25.646921157836914,25.646921157836914,25.646921157836914,200,0.0,0.0
2010-02-26 00:00:00-05:00,25.789401322181295,26.291842448947268,25.721909315919575,25.886890411376953,5100,0.0,0.0
2010-03-01 00:00:00-05:00,25.841892034640836,25.871889114379883,25.841892034640836,25.871889114379883,300,0.0,0.0
2010-03-02 00:00:00-05:00,25.871889114379883,25.871889114379883,24.956998207091786,25.871889114379883,800,0.0,0.0
2010-03-03 00:00:00-05:00,25.646913681432338,25.66941005821631,24.971993771126762,25.624414443969727,7000,0.0,0.0
2010-03-04 00:00:00-05:00,25.346959220888643,26.381835895085324,24.912012877674275,25.99188232421875,800,0.0,0.0
2010-03-05 00:00:00-05:00,25.496934163285136,26.24684399161705,25.489436323700566,25.60192108154297,3800,0.0,0.0
2010-03-08 00:00:00-05:00,25.654418672860874,26.186854050173608,25.631922289804667,25.961881637573242,600,0.0,0.0
2010-03-09 00:00:00-05:00,25.159477399199215,26.24684736204852,25.159477399199215,25.946882247924805,4000,0.0,0.0
2010-03-10 00:00:00-05:00,26.239346189485765,26.426823646836343,25.721906576363626,25.871889114379883,16200,0.0,0.0
2010-03-11 00:00:00-05:00,25.969575111179232,26.300205230712894,25.969575111179232,26.30020523071289,400,0.07,0.0
2010-03-12 00:00:00-05:00,26.29269214761901,26.300205230712894,25.864371882400675,26.30020523071289,4700,0.0,0.0
2010-03-15 00:00:00-04:00,25.93201055486591,26.119869232177734,25.93201055486591,26.119869232177734,300,0.0,0.0
2010-03-16 00:00:00-04:00,26.412922448406047,27.479958007013842,26.412922448406047,27.216957092285156,4400,0.0,0.0
2010-03-17 00:00:00-04:00,27.479965209960938,27.479965209960938,27.479965209960938,27.479965209960938,200,0.0,0.0
2010-03-18 00:00:00-04:00,26.705984115600586,26.705984115600586,26.705984115600586,26.705984115600586,200,0.0,0.0
2010-03-19 00:00:00-04:00,27.427360640631782,27.427360640631782,25.947033683297278,27.05164337158203,2700,0.0,0.0
2010-03-22 00:00:00-04:00,26.69095287813131,28.208850860595703,26.69095287813131,28.208850860595703,400,0.0,0.0
2010-03-23 00:00:00-04:00,26.683439638330025,28.306538153439575,26.675926554079776,26.78864288330078,1000,0.0,0.0
2010-03-24 00:00:00-04:00,27.126792675941,27.532568119140247,27.05165034934678,27.337196350097656,1300,0.0,0.0
2010-03-25 00:00:00-04:00,26.788640460243347,26.788640460243347,25.62391471862793,25.62391471862793,1200,0.0,0.0
2010-03-26 00:00:00-04:00,25.616405487060547,25.616405487060547,25.616405487060547,25.616405487060547,200,0.0,0.0
2010-03-29 00:00:00-04:00,26.64587730416542,26.668422297369457,25.0678653717041,25.0678653717041,1100,0.0,0.0
2010-03-30 00:00:00-04:00,27.757994458146246,27.757994458146246,26.26264113579127,26.75107192993164,700,0.0,0.0
2010-03-31 00:00:00-04:00,25.398487273596793,25.736633395153348,25.173057481390867,25.541261672973633,2000,0.0,0.0
2010-04-01 00:00:00-04:00,25.30079932653929,25.699061577873742,25.30079932653929,25.30831527709961,700,0.0,0.0
2010-04-05 00:00:00-04:00,25.556285858154297,25.556285858154297,25.556285858154297,25.556285858154297,600,0.0,0.0
2010-04-06 00:00:00-04:00,25.661489501177535,25.661489501177535,25.28577224854826,25.300798416137695,1900,0.0,0.0
2010-04-07 00:00:00-04:00,25.285780504269468,25.578839598363874,25.285780504269468,25.5262393951416,3000,0.0,0.0
2010-04-08 00:00:00-04:00,25.511207376006436,25.511207376006436,24.496768861303245,24.857460021972656,2300,0.0,0.0
2010-04-09 00:00:00-04:00,24.444163462185504,25.13548469543457,24.444163462185504,25.13548469543457,700,0.0,0.0
2010-04-12 00:00:00-04:00,24.632033218123734,24.98520851135254,24.534348752483098,24.98520851135254,1500,0.0,0.0
2010-04-13 00:00:00-04:00,24.71468954966774,25.165552139282227,24.71468954966774,25.165552139282227,700,0.0,0.0
2010-04-14 00:00:00-04:00,25.165544433877272,26.157437814227922,25.165544433877272,25.180570602416992,1900,0.0,0.0
2010-04-15 00:00:00-04:00,25.17305029611586,25.849342346191406,24.895020393971254,25.849342346191406,2500,0.0,0.0
2010-04-16 00:00:00-04:00,27.404826815270198,27.427368940956605,25.774211883544922,25.774211883544922,400,0.0,0.0
2010-04-19 00:00:00-04:00,25.473635044927732,26.28518295288086,25.473635044927732,26.28518295288086,2600,0.0,0.0
2010-04-20 00:00:00-04:00,25.699069852789304,26.225074768066406,25.699069852789304,26.225074768066406,1000,0.0,0.0
2010-04-21 00:00:00-04:00,25.60889233763304,26.525640593031497,25.60889233763304,26.33026885986328,8000,0.0,0.0
2010-04-22 00:00:00-04:00,26.33026885986328,26.33026885986328,26.33026885986328,26.33026885986328,0,0.0,0.0
2010-04-23 00:00:00-04:00,26.953956184724507,26.953956184724507,25.203115194663372,26.14240837097168,11400,0.0,0.0
2010-04-26 00:00:00-04:00,26.345304025429446,26.427959442138672,26.345304025429446,26.427959442138672,400,0.0,0.0
2010-04-27 00:00:00-04:00,25.195601645321503,25.511205673217777,25.195601645321503,25.511205673217773,400,0.0,0.0
2010-04-28 00:00:00-04:00,25.135485380303784,25.135485380303784,25.007740020751953,25.007740020751953,200,0.0,0.0
2010-04-29 00:00:00-04:00,25.556285981005257,25.556285981005257,25.17305564880371,25.17305564880371,1400,0.0,0.0
2010-04-30 00:00:00-04:00,24.737229471610494,24.77480350060241,24.632029070023417,24.71468734741211,700,0.0,0.0
2010-05-03 00:00:00-04:00,25.007735874290077,26.953951081803297,24.797335159908567,25.25571060180664,1600,0.0,0.0
2010-05-04 00:00:00-04:00,25.18056643497609,25.345882926506054,25.17305335194966,25.24819564819336,2400,0.0,0.0
2010-05-05 00:00:00-04:00,24.827404022216797,24.827404022216797,24.827404022216797,24.827404022216797,200,0.0,0.0
2010-05-06 00:00:00-04:00,24.616999364557486,25.691551208496094,24.421627604975864,25.691551208496094,1200,0.0,0.0
2010-05-07 00:00:00-04:00,24.819879728846647,25.721601669852287,24.654566093983718,24.78230857849121,1300,0.0,0.0
2010-05-10 00:00:00-04:00,25.19560934995875,25.19560934995875,24.98520851135254,24.98520851135254,3200,0.0,0.0
2010-05-11 00:00:00-04:00,24.819886330673896,24.819886330673896,24.797344207763672,24.797344207763672,1300,0.0,0.0
2010-05-12 00:00:00-04:00,24.66958835689976,24.66958835689976,24.616985321044922,24.616985321044922,400,0.0,0.0
2010-05-13 00:00:00-04:00,24.647048755325887,24.684619903564453,24.647048755325887,24.684619903564453,900,0.0,0.0
2010-05-14 00:00:00-04:00,26.05223255204219,26.69846667604182,24.654566799932546,25.368427276611328,1500,0.0,0.0
2010-05-17 00:00:00-04:00,24.65456952473034,24.84994125366211,24.65456952473034,24.84994125366211,400,0.0,0.0
2010-05-18 00:00:00-04:00,24.842428144711956,25.060341993480463,24.842428144711956,25.03028678894043,1600,0.0,0.0
2010-05-19 00:00:00-04:00,24.707164764404297,24.707164764404297,24.707164764404297,24.707164764404297,400,0.0,0.0
2010-05-20 00:00:00-04:00,24.722201887065737,24.797344207763672,24.045909534801137,24.797344207763672,6600,0.0,0.0
2010-05-21 00:00:00-04:00,23.82047462463379,23.82047462463379,23.82047462463379,23.82047462463379,200,0.0,0.0
2010-05-24 00:00:00-04:00,23.978278336744143,24.121049880981445,23.963249300535654,24.121049880981445,300,0.0,0.0
2010-05-25 00:00:00-04:00,24.46671198078557,24.46671198078557,23.482331607846252,24.121049880981445,2500,0.0,0.0
2010-05-26 00:00:00-04:00,24.121049880981445,24.121049880981445,24.121049880981445,24.121049880981445,0,0.0,0.0
2010-05-27 00:00:00-04:00,24.121049880981445,24.121049880981445,24.121049880981445,24.121049880981445,400,0.0,0.0
2010-05-28 00:00:00-04:00,23.557472119396138,25.819290161132812,23.557472119396138,25.819290161132812,300,0.0,0.0
2010-06-01 00:00:00-04:00,25.819290161132812,25.819290161132812,25.819290161132812,25.819290161132812,0,0.0,0.0
2010-06-02 00:00:00-04:00,25.819290161132812,25.819290161132812,25.819290161132812,25.819290161132812,0,0.0,0.0
2010-06-03 00:00:00-04:00,23.70775626874203,23.70775626874203,23.48232650756836,23.48232650756836,200,0.0,0.0
2010-06-04 00:00:00-04:00,25.811774999280278,25.811774999280278,24.632023014654365,25.315828323364258,500,0.0,0.0
2010-06-07 00:00:00-04:00,25.315828323364258,25.315828323364258,25.315828323364258,25.315828323364258,0,0.0,0.0
2010-06-08 00:00:00-04:00,24.797340594571782,25.210629031182236,23.75284700998514,24.759769439697266,3200,0.0,0.0
2010-06-09 00:00:00-04:00,24.759769439697266,24.759769439697266,24.759769439697266,24.759769439697266,0,0.0,0.0
2010-06-10 00:00:00-04:00,23.955736305054515,23.955736305054515,23.835506874240398,23.843021392822266,500,0.0,0.0
2010-06-11 00:00:00-04:00,24.829572543348597,24.829572543348597,23.66227304585224,24.091537475585938,5200,0.07,0.0
2010-06-14 00:00:00-04:00,24.76179809520848,24.822044283307925,23.752649307250977,23.752649307250977,800,0.0,0.0
2010-06-15 00:00:00-04:00,24.761787201106966,24.829565928420013,23.835478406633992,24.144248962402344,400,0.0,0.0
2010-06-16 00:00:00-04:00,24.852168342165672,24.852168342165672,24.460558072033976,24.49068260192871,2800,0.0,0.0
2010-06-17 00:00:00-04:00,24.49068260192871,24.49068260192871,24.49068260192871,24.49068260192871,0,0.0,0.0
2010-06-18 00:00:00-04:00,24.49068260192871,24.49068260192871,24.49068260192871,24.49068260192871,0,0.0,0.0
2010-06-21 00:00:00-04:00,24.49068260192871,24.49068260192871,24.49068260192871,24.49068260192871,0,0.0,0.0
2010-06-22 00:00:00-04:00,24.28735109340648,24.844643514325334,24.279821395874023,24.279821395874023,1000,0.0,0.0
2010-06-23 00:00:00-04:00,24.7693251810046,24.7693251810046,23.421284185868295,24.1367244720459,1700,0.0,0.0
2010-06-24 00:00:00-04:00,23.376100309199387,24.754264482339206,23.376100309199387,24.159320831298828,3800,0.0,0.0
2010-06-25 00:00:00-04:00,24.62623891199672,24.8521671295166,24.385248430264422,24.8521671295166,1700,0.0,0.0
2010-06-28 00:00:00-04:00,24.8521671295166,24.8521671295166,24.8521671295166,24.8521671295166,0,0.0,0.0
2010-06-29 00:00:00-04:00,24.8521671295166,24.8521671295166,24.8521671295166,24.8521671295166,0,0.0,0.0
2010-06-30 00:00:00-04:00,24.016229439028596,24.016229439028596,23.865611110544982,23.87314224243164,2400,0.0,0.0
2010-07-01 00:00:00-04:00,23.722522735595703,23.722522735595703,23.722522735595703,23.722522735595703,400,0.0,0.0
2010-07-02 00:00:00-04:00,23.722526910736807,23.91080093383789,23.52672175434166,23.91080093383789,1200,0.0,0.0
2010-07-06 00:00:00-04:00,23.534252166748047,23.534252166748047,23.534252166748047,23.534252166748047,400,0.0,0.0
2010-07-07 00:00:00-04:00,24.437961205618073,24.437961205618073,22.442256029604046,22.555221557617188,7200,0.0,0.0
2010-07-08 00:00:00-04:00,22.59287899996242,22.59287899996242,21.726818925580506,22.32176399230957,5000,0.0,0.0
2010-07-09 00:00:00-04:00,22.246458053588867,22.246458053588867,22.246458053588867,22.246458053588867,200,0.0,0.0
2010-07-12 00:00:00-04:00,22.992015533238124,22.992015533238124,22.404600285942223,22.434724807739258,900,0.0,0.0
2010-07-13 00:00:00-04:00,23.345970153808594,24.377710611051544,23.345970153808594,23.345970153808594,800,0.0,0.0
2010-07-14 00:00:00-04:00,22.61547180834798,22.916709899902344,22.61547180834798,22.916709899902344,500,0.0,0.0
2010-07-15 00:00:00-04:00,22.999559816568286,23.9936466217041,22.59288715823977,23.9936466217041,900,0.0,0.0
2010-07-16 00:00:00-04:00,24.068951950042987,24.068951950042987,22.17115076851588,22.299177169799805,600,0.0,0.0
2010-07-19 00:00:00-04:00,21.854840593826893,22.314228057861328,21.81718494174784,22.314228057861328,600,0.0,0.0
2010-07-20 00:00:00-04:00,21.92262196300192,22.073240280151367,21.92262196300192,22.073240280151367,400,0.0,0.0
2010-07-21 00:00:00-04:00,22.216323852539062,22.216323852539062,22.216323852539062,22.216323852539062,200,0.0,0.0
2010-07-22 00:00:00-04:00,22.14102395132773,22.743501663208008,22.14102395132773,22.743501663208008,1200,0.0,0.0
2010-07-23 00:00:00-04:00,22.035588789055925,22.773622512817383,22.035588789055925,22.773622512817383,200,0.0,0.0
2010-07-26 00:00:00-04:00,22.050650494573908,22.050650494573908,22.028057098388672,22.028057098388672,200,0.0,0.0
2010-07-27 00:00:00-04:00,22.510036237734433,22.969425201416016,22.36694904938808,22.969425201416016,2100,0.0,0.0
2010-07-28 00:00:00-04:00,22.796215841815435,23.760177784624986,22.442259809075527,22.758560180664062,900,0.0,0.0
2010-07-29 00:00:00-04:00,22.04311864676735,22.592878341674805,22.04311864676735,22.592878341674805,200,0.0,0.0
2010-07-30 00:00:00-04:00,22.29916692420783,22.96942172134132,20.258276575145654,21.46323013305664,5100,0.0,0.0
2010-08-02 00:00:00-04:00,22.592878341674805,22.592878341674805,22.592878341674805,22.592878341674805,1200,0.0,0.0
2010-08-03 00:00:00-04:00,21.839782396952312,22.592878341674805,21.839782396952312,22.592878341674805,700,0.0,0.0
2010-08-04 00:00:00-04:00,22.592885481064307,22.592885481064307,22.216337389713235,22.479921340942383,1400,0.0,0.0
2010-08-05 00:00:00-04:00,22.59287577601066,22.59287577601066,22.555221557617188,22.555221557617188,1300,0.0,0.0
2010-08-06 00:00:00-04:00,22.600414700427983,22.600414700427983,21.915097347146304,22.15608787536621,3800,0.0,0.0
2010-08-09 00:00:00-04:00,22.269040323379528,22.713366915343595,22.20879272293098,22.216323852539062,5100,0.0,0.0
2010-08-10 00:00:00-04:00,22.216331803885364,23.7451171875,22.216331803885364,23.7451171875,500,0.0,0.0
2010-08-11 00:00:00-04:00,22.29917056112099,23.32338003143635,22.29917056112099,23.127574920654297,1500,0.0,0.0
2010-08-12 00:00:00-04:00,21.915097059251053,21.98287582397461,21.915097059251053,21.98287582397461,400,0.0,0.0
2010-08-13 00:00:00-04:00,21.98287582397461,21.98287582397461,21.98287582397461,21.98287582397461,0,0.0,0.0
2010-08-16 00:00:00-04:00,22.26904593348687,22.29163932800293,22.26904593348687,22.29163932800293,200,0.0,0.0
2010-08-17 00:00:00-04:00,22.931772232055664,22.931772232055664,22.931772232055664,22.931772232055664,1900,0.0,0.0
2010-08-18 00:00:00-04:00,22.5552175028222,22.5552175028222,22.005456532761098,22.216323852539062,700,0.0,0.0
2010-08-19 00:00:00-04:00,23.225471928996793,23.225471928996793,21.086679986846246,21.290016174316406,12800,0.0,0.0
2010-08-20 00:00:00-04:00,22.60793649882345,22.60793649882345,22.434724807739258,22.434724807739258,200,0.0,0.0
2010-08-23 00:00:00-04:00,22.434724807739258,22.434724807739258,22.434724807739258,22.434724807739258,0,0.0,0.0
2010-08-24 00:00:00-04:00,23.345969643656957,23.345969643656957,21.86237144470215,21.86237144470215,600,0.0,0.0
2010-08-25 00:00:00-04:00,20.830630762251165,21.42557716369629,19.813951093761393,21.42557716369629,600,0.0,0.0
2010-08-26 00:00:00-04:00,20.49926805597448,21.39545249938965,19.979632965454023,21.39545249938965,1000,0.0,0.0
2010-08-27 00:00:00-04:00,21.46323440597522,21.46323440597522,19.964573649647285,21.04903221130371,2300,0.0,0.0
2010-08-30 00:00:00-04:00,21.290630672600233,22.2796630859375,21.290630672600233,22.2796630859375,500,0.07,0.0
2010-08-31 00:00:00-04:00,22.460858732258135,22.64960544429392,21.260429528508705,21.970117568969727,3000,0.0,0.0
2010-09-01 00:00:00-04:00,22.000309375957038,22.460851669311523,22.000309375957038,22.460851669311523,900,0.0,0.0
2010-09-02 00:00:00-04:00,22.083364486694336,22.083364486694336,22.083364486694336,22.083364486694336,100,0.0,0.0
2010-09-03 00:00:00-04:00,22.083356132192062,22.838342666625977,20.99617511940091,22.838342666625977,4800,0.0,0.0
2010-09-07 00:00:00-04:00,22.030517082578974,22.377810351340457,21.41142807998804,22.355161666870117,1300,0.0,0.0
2010-09-08 00:00:00-04:00,22.355161666870117,22.355161666870117,22.355161666870117,22.355161666870117,0,0.0,0.0
2010-09-09 00:00:00-04:00,21.283075885203104,22.27210807800293,21.283075885203104,22.27210807800293,200,0.0,0.0
2010-09-10 00:00:00-04:00,22.800603989521406,23.32909393310547,22.800603989521406,23.32909393310547,7200,0.0,0.0
2010-09-13 00:00:00-04:00,23.329092762852017,23.55558967590332,23.329092762852017,23.55558967590332,500,0.0,0.0
2010-09-14 00:00:00-04:00,23.600890998196284,23.85003662109375,23.40459422863718,23.85003662109375,2700,0.0,0.0
2010-09-15 00:00:00-04:00,22.21925866438369,23.253589630126953,22.21925866438369,23.253589630126953,300,0.0,0.0
2010-09-16 00:00:00-04:00,23.132794768675407,24.0010307285889,23.132794768675407,23.75943374633789,900,0.0,0.0
2010-09-17 00:00:00-04:00,23.49518718547364,24.280372619628906,23.49518718547364,24.280372619628906,1300,0.0,0.0
2010-09-20 00:00:00-04:00,24.303024782842613,24.303024782842613,24.152028282335436,24.159578323364258,300,0.0,0.0
2010-09-21 00:00:00-04:00,24.58237648010254,24.58237648010254,24.58237648010254,24.58237648010254,200,0.0,0.0
2010-09-22 00:00:00-04:00,24.378527117174148,24.529525069621723,23.736787979306747,24.068981170654297,1900,0.0,0.0
2010-09-23 00:00:00-04:00,24.182226181030273,24.182226181030273,24.182226181030273,24.182226181030273,300,0.0,0.0
2010-09-24 00:00:00-04:00,24.605019628669105,25.201459884643555,22.793051618658325,25.201459884643555,2400,0.0,0.0
2010-09-27 00:00:00-04:00,25.201459884643555,25.201459884643555,25.201459884643555,25.201459884643555,0,0.0,0.0
2010-09-28 00:00:00-04:00,24.136928200277794,24.159578323364258,24.136928200277794,24.159578323364258,400,0.0,0.0
2010-09-29 00:00:00-04:00,24.159578323364258,24.159578323364258,24.159578323364258,24.159578323364258,200,0.0,0.0
2010-09-30 00:00:00-04:00,24.544620195186432,25.63935165770719,24.544620195186432,24.60502052307129,1200,0.0,0.0
2010-10-01 00:00:00-04:00,24.914563022052967,24.94476318359375,24.386071715272962,24.94476318359375,1200,0.0,0.0
2010-10-04 00:00:00-04:00,24.891916875835683,25.23921012878418,24.891916875835683,25.23921012878418,4500,0.0,0.0
2010-10-05 00:00:00-04:00,24.914569854736328,24.914569854736328,24.914569854736328,24.914569854736328,200,0.0,0.0
2010-10-06 00:00:00-04:00,22.95914916022025,24.159578323364258,22.95914916022025,24.159578323364258,700,0.0,0.0
2010-10-07 00:00:00-04:00,24.861716298790725,24.861716298790725,24.159578323364258,24.159578323364258,900,0.0,0.0
2010-10-08 00:00:00-04:00,24.32567236824439,24.76356315612793,24.00857645697741,24.76356315612793,400,0.0,0.0
2010-10-11 00:00:00-04:00,24.159580376238765,24.54462242126465,23.691487872838927,24.54462242126465,1000,0.0,0.0
2010-10-12 00:00:00-04:00,25.269411080212322,25.269411080212322,24.914566335037875,25.088212966918945,2200,0.0,0.0
2010-10-13 00:00:00-04:00,24.914561049382492,25.13350788314864,24.914561049382492,25.103307723999023,1300,0.0,0.0
2010-10-14 00:00:00-04:00,25.103304688514964,25.103304688514964,24.008573532104492,24.008573532104492,1800,0.0,0.0
2010-10-15 00:00:00-04:00,24.431371688842773,24.431371688842773,24.431371688842773,24.431371688842773,200,0.0,0.0
2010-10-18 00:00:00-04:00,23.90288342006897,25.125961303710938,23.78963568121666,25.125961303710938,3300,0.0,0.0
2010-10-19 00:00:00-04:00,25.125961303710938,25.125961303710938,25.125961303710938,25.125961303710938,0,0.0,0.0
2010-10-20 00:00:00-04:00,24.710714317591048,25.24675418277695,24.710714317591048,24.76356315612793,2300,0.0,0.0
2010-10-21 00:00:00-04:00,23.585791162666464,24.801319122314453,23.585791162666464,24.801319122314453,500,0.0,0.0
2010-10-22 00:00:00-04:00,24.3709774017334,24.3709774017334,24.3709774017334,24.3709774017334,1200,0.0,0.0
2010-10-25 00:00:00-04:00,24.967411966278036,24.967411966278036,24.25017396701975,24.265274047851562,1500,0.0,0.0
2010-10-26 00:00:00-04:00,23.366846794118462,23.45744442215364,22.309863906870305,22.649608612060547,5000,0.0,0.0
2010-10-27 00:00:00-04:00,22.619395880429327,22.838342666625977,21.939908287443306,22.838342666625977,4300,0.0,0.0
2010-10-28 00:00:00-04:00,22.17396746481754,22.672258739081006,22.17396746481754,22.649608612060547,1800,0.0,0.0
2010-10-29 00:00:00-04:00,24.45402669009523,24.45402669009523,23.23849868774414,23.23849868774414,300,0.0,0.0
2010-11-01 00:00:00-04:00,22.67225023981225,23.917977958478243,22.67225023981225,23.404586791992188,1000,0.0,0.0
2010-11-02 00:00:00-04:00,22.65715484566431,23.40459163141312,22.65715484566431,22.740203857421875,1300,0.0,0.0
2010-11-03 00:00:00-04:00,23.895331976764364,23.895331976764364,22.649604042435044,22.657154083251953,2100,0.0,0.0
2010-11-04 00:00:00-04:00,23.17809766416374,23.40459315090516,22.7779541015625,22.7779541015625,2900,0.0,0.0
2010-11-05 00:00:00-04:00,22.7779541015625,22.7779541015625,22.7779541015625,22.7779541015625,0,0.0,0.0
2010-11-08 00:00:00-05:00,22.823250969213017,22.830801010131836,22.823250969213017,22.830801010131836,700,0.0,0.0
2010-11-09 00:00:00-05:00,22.800601959228516,22.800601959228516,22.79305191841806,22.800601959228516,1000,0.0,0.0
2010-11-10 00:00:00-05:00,22.762850109321196,25.473254083332023,22.762850109321196,24.929662704467773,700,0.0,0.0
2010-11-11 00:00:00-05:00,24.310569770240484,24.310569770240484,22.845895322412733,23.7216796875,1000,0.0,0.0
2010-11-12 00:00:00-05:00,23.7216796875,23.7216796875,23.7216796875,23.7216796875,0,0.0,0.0
2010-11-15 00:00:00-05:00,24.197327143805936,24.197327143805936,23.850033895824662,23.963281631469727,500,0.0,0.0
2010-11-16 00:00:00-05:00,23.963281631469727,23.963281631469727,23.963281631469727,23.963281631469727,0,0.0,0.0
2010-11-17 00:00:00-05:00,23.963281631469727,23.963281631469727,23.963281631469727,23.963281631469727,0,0.0,0.0
2010-11-18 00:00:00-05:00,22.876100096663986,23.40459144728943,22.876100096663986,23.14789581298828,1200,0.0,0.0
2010-11-19 00:00:00-05:00,22.868550413588984,23.03464698791504,22.868550413588984,23.03464698791504,500,0.0,0.0
2010-11-22 00:00:00-05:00,23.027094792511505,23.027094792511505,22.27210807800293,22.27210807800293,2000,0.0,0.0
2010-11-23 00:00:00-05:00,21.909720514883393,22.98935202861128,21.909720514883393,22.981801986694336,600,0.0,0.0
2010-11-24 00:00:00-05:00,22.204164541511144,22.204164541511144,22.151315689086914,22.151315689086914,500,0.0,0.0
2010-11-26 00:00:00-05:00,22.00786781311035,22.00786781311035,22.00786781311035,22.00786781311035,200,0.0,0.0
2010-11-29 00:00:00-05:00,23.506338119506836,23.506338119506836,23.47606670202904,23.506338119506836,3000,0.07,0.0
2010-11-30 00:00:00-05:00,23.990689896207215,23.990689896207215,22.227336448810163,23.801488876342773,600,0.0,0.0
2010-12-01 00:00:00-05:00,22.363558977130115,23.256587982177734,22.363558977130115,23.256587982177734,1000,0.0,0.0
2010-12-02 00:00:00-05:00,23.256592545805052,23.256592545805052,22.71169404553237,22.825214385986328,500,0.0,0.0
2010-12-03 00:00:00-05:00,22.923601366585466,23.105234212900907,22.81007957458496,22.81007957458496,1400,0.0,0.0
2010-12-06 00:00:00-05:00,22.870622088922392,22.870622088922392,22.817646026611328,22.817646026611328,2300,0.0,0.0
2010-12-07 00:00:00-05:00,22.81764385822273,24.22529853546501,22.779804229736328,22.779804229736328,300,0.0,0.0
2010-12-08 00:00:00-05:00,23.0825252532959,23.0825252532959,22.67385034282171,23.0825252532959,1600,0.0,0.0
2010-12-09 00:00:00-05:00,22.908460655200273,23.0825252532959,22.908460655200273,23.0825252532959,500,0.0,0.0
2010-12-10 00:00:00-05:00,23.2717227935791,23.2717227935791,23.2717227935791,23.2717227935791,700,0.0,0.0
2010-12-13 00:00:00-05:00,23.271729125976563,24.248007235843687,23.10523272180464,23.650131225585938,7700,0.0,0.0
2010-12-14 00:00:00-05:00,23.498768565424584,24.20259666442871,23.498768565424584,24.20259666442871,600,0.0,0.0
2010-12-15 00:00:00-05:00,22.802510041383453,23.83933243645346,22.802510041383453,23.831764221191406,4100,0.0,0.0
2010-12-16 00:00:00-05:00,23.831764221191406,23.831764221191406,23.831764221191406,23.831764221191406,0,0.0,0.0
2010-12-17 00:00:00-05:00,23.83932715010289,23.854463577270508,23.83932715010289,23.854463577270508,1100,0.0,0.0
2010-12-20 00:00:00-05:00,24.202591877497277,24.202591877497277,23.46849250793457,23.46849250793457,1000,0.0,0.0
2010-12-21 00:00:00-05:00,23.460925378308207,24.210161209106445,23.460925378308207,24.210161209106445,800,0.0,0.0
2010-12-22 00:00:00-05:00,24.051234658966088,24.195026397705078,23.589583699095495,24.195026397705078,1100,0.0,0.0
2010-12-23 00:00:00-05:00,23.695543168384965,23.839336395263672,23.695543168384965,23.839336395263672,1900,0.0,0.0
2010-12-27 00:00:00-05:00,23.468494269790106,23.468494269790106,23.460926055908203,23.460926055908203,600,0.0,0.0
2010-12-28 00:00:00-05:00,23.46092429462084,24.06636692482832,23.46092429462084,23.46849250793457,1600,0.0,0.0
2010-12-29 00:00:00-05:00,23.23388502531762,23.377676756204277,23.0825236371863,23.097660064697266,1000,0.0,0.0
2010-12-30 00:00:00-05:00,23.097660064697266,23.097660064697266,23.097660064697266,23.097660064697266,0,0.0,0.0
2010-12-31 00:00:00-05:00,23.127933095518827,23.998257529486228,23.0825252532959,23.0825252532959,600,0.0,0.0
2011-01-03 00:00:00-05:00,23.93015255604249,23.93015255604249,23.362549332112057,23.438228607177734,1100,0.0,0.0
2011-01-04 00:00:00-05:00,23.180908203125,23.180908203125,23.180908203125,23.180908203125,100,0.0,0.0
2011-01-05 00:00:00-05:00,23.756077337517162,23.930143356323242,23.120361855630765,23.930143356323242,600,0.0,0.0
2011-01-06 00:00:00-05:00,23.930143356323242,23.930143356323242,23.930143356323242,23.930143356323242,0,0.0,0.0
2011-01-07 00:00:00-05:00,23.173346742015315,24.104215621948242,23.173346742015315,24.104215621948242,300,0.0,0.0
2011-01-10 00:00:00-05:00,23.14307407262131,23.294435501098633,23.14307407262131,23.294435501098633,200,0.0,0.0
2011-01-11 00:00:00-05:00,23.71067960142266,23.839336395263672,23.476070663297183,23.839336395263672,1900,0.0,0.0
2011-01-12 00:00:00-05:00,23.839329064213562,23.839329064213562,23.559310913085938,23.559310913085938,1300,0.0,0.0
2011-01-13 00:00:00-05:00,23.309566497802734,23.309566497802734,23.309566497802734,23.309566497802734,100,0.0,0.0
2011-01-14 00:00:00-05:00,24.16475703386501,24.21016487923933,24.16475703386501,24.20259666442871,800,0.0,0.0
2011-01-18 00:00:00-05:00,24.20259666442871,24.20259666442871,24.20259666442871,24.20259666442871,0,0.0,0.0
2011-01-19 00:00:00-05:00,23.839328992708104,24.195026397705078,23.839328992708104,24.195026397705078,1500,0.0,0.0
2011-01-20 00:00:00-05:00,23.559314182710075,24.005828777550903,23.294433866693876,23.506338119506836,1300,0.0,0.0
2011-01-21 00:00:00-05:00,24.195034062532542,24.195034062532542,24.172330856323242,24.172330856323242,300,0.0,0.0
2011-01-24 00:00:00-05:00,23.498767852783203,23.498767852783203,23.498767852783203,23.498767852783203,100,0.0,0.0
2011-01-25 00:00:00-05:00,23.498767852783203,23.498767852783203,23.498767852783203,23.498767852783203,0,0.0,0.0
2011-01-26 00:00:00-05:00,23.82419142273768,23.915008544921875,23.46849403478539,23.915008544921875,2200,0.0,0.0
2011-01-27 00:00:00-05:00,23.536607159834706,23.801488876342773,23.536607159834706,23.801488876342773,900,0.0,0.0
2011-01-28 00:00:00-05:00,23.816627370572956,23.816627370572956,23.460929920467233,23.61229133605957,1300,0.0,0.0
2011-01-31 00:00:00-05:00,23.61229133605957,23.61229133605957,23.61229133605957,23.61229133605957,0,0.0,0.0
2011-02-01 00:00:00-05:00,23.839336395263672,23.839336395263672,23.839336395263672,23.839336395263672,400,0.0,0.0
2011-02-02 00:00:00-05:00,23.529046735439415,23.839336395263672,23.529046735439415,23.839336395263672,700,0.0,0.0
2011-02-03 00:00:00-05:00,23.884740220660795,23.884740220660795,23.506338119506836,23.506338119506836,4800,0.0,0.0
2011-02-04 00:00:00-05:00,23.61229133605957,23.61229133605957,23.61229133605957,23.61229133605957,100,0.0,0.0
2011-02-07 00:00:00-05:00,23.839336395263672,23.839336395263672,23.839336395263672,23.839336395263672,1400,0.0,0.0
2011-02-08 00:00:00-05:00,23.839336395263672,23.839336395263672,23.839336395263672,23.839336395263672,0,0.0,0.0
2011-02-09 00:00:00-05:00,23.83932643743791,26.018922805786133,23.83932643743791,26.018922805786133,2800,0.0,0.0
2011-02-10 00:00:00-05:00,24.974540739923132,25.542143938557746,23.65770149230957,23.65770149230957,7800,0.0,0.0
2011-02-11 00:00:00-05:00,23.816621508524165,23.839326148321494,23.14306640625,23.14306640625,7600,0.0,0.0
2011-02-14 00:00:00-05:00,23.105236727732596,23.809063542502617,23.06739564511719,23.665271759033203,3900,0.0,0.0
2011-02-15 00:00:00-05:00,23.8695990013846,23.8695990013846,23.14306640625,23.14306640625,4800,0.0,0.0
2011-02-16 00:00:00-05:00,22.711689141208407,23.460924958603165,22.711689141208407,22.719257354736328,1600,0.0,0.0
2011-02-17 00:00:00-05:00,23.839329770028936,24.42963605954888,23.279294894681893,24.38422966003418,10500,0.0,0.0
2011-02-18 00:00:00-05:00,24.59613327541215,24.59613327541215,24.376659393310547,24.376659393310547,1400,0.0,0.0
2011-02-22 00:00:00-05:00,24.217732806335526,24.543158821878958,23.5063365009724,23.990692138671875,8000,0.0,0.0
2011-02-23 00:00:00-05:00,23.582014591040206,23.582014591040206,23.203612557880398,23.460926055908203,13800,0.0,0.0
2011-02-24 00:00:00-05:00,23.82419610340773,23.82419610340773,23.687971115112305,23.687971115112305,500,0.0,0.0
2011-02-25 00:00:00-05:00,23.846896302949915,23.846896302949915,23.006843327418594,23.460926055908203,9000,0.0,0.0
2011-02-28 00:00:00-05:00,23.672831477082937,24.248002734945004,23.672831477082937,23.915008544921875,4100,0.0,0.0
2011-03-01 00:00:00-05:00,23.95285594269926,23.95285594269926,23.165780216831948,23.423093795776367,4900,0.0,0.0
2011-03-02 00:00:00-05:00,23.27173038293443,23.347411095641878,23.12036895751953,23.12036895751953,4800,0.0,0.0
2011-03-03 00:00:00-05:00,23.286858217598542,24.08150179895235,23.196041107177734,23.196041107177734,20700,0.0,0.0
2011-03-04 00:00:00-05:00,23.188480665223143,23.203617095947266,23.044688903812446,23.203617095947266,5200,0.0,0.0
2011-03-07 00:00:00-05:00,23.09009552001953,23.09009552001953,23.09009552001953,23.09009552001953,300,0.0,0.0
2011-03-08 00:00:00-05:00,23.1430692369795,23.824192635830606,22.946299998468866,23.559310913085938,24100,0.0,0.0
2011-03-09 00:00:00-05:00,23.16577882663489,23.271730960963264,23.120369531788814,23.15064239501953,4100,0.0,0.0
2011-03-10 00:00:00-05:00,23.233890325533693,23.233890325533693,22.726831436157227,22.726831436157227,1200,0.0,0.0
2011-03-11 00:00:00-05:00,23.165769699363466,23.27172179194691,23.044681181128393,23.196041107177734,4900,0.0,0.0
2011-03-14 00:00:00-04:00,23.302000069222064,23.302000069222064,22.779804810557245,23.006845474243164,47700,0.0,0.0
2011-03-15 00:00:00-04:00,22.976572843447325,23.385246305152627,22.976572843447325,23.3625431060791,6500,0.0,0.0
2011-03-16 00:00:00-04:00,23.392817427799624,23.61229133605957,23.105232470361507,23.61229133605957,2800,0.0,0.0
2011-03-17 00:00:00-04:00,23.66538429260254,23.66538429260254,23.66538429260254,23.66538429260254,0,0.07,0.0
2011-03-18 00:00:00-04:00,23.39990750536485,23.39990750536485,23.286131908734497,23.32405662536621,3400,0.0,0.0
2011-03-21 00:00:00-04:00,23.50609451694356,23.703306198120117,23.21027771854622,23.703306198120117,45700,0.0,0.0
2011-03-22 00:00:00-04:00,23.88535160283453,24.264604568481445,23.88535160283453,24.264604568481445,2600,0.0,0.0
2011-03-23 00:00:00-04:00,24.143241191361675,24.431472778320312,23.900519550399643,24.431472778320312,4000,0.0,0.0
2011-03-24 00:00:00-04:00,26.03191837574208,26.03191837574208,23.93844223022461,23.93844223022461,800,0.0,0.0
2011-03-25 00:00:00-04:00,23.968786532590762,23.97637176513672,23.89293565386637,23.97637176513672,1300,0.0,0.0
2011-03-28 00:00:00-04:00,24.006715225395844,24.082566116685246,23.597122727209758,23.930864334106445,11700,0.0,0.0
2011-03-29 00:00:00-04:00,24.082563931951423,24.87141081502151,23.86259651184082,23.86259651184082,6500,0.0,0.0
2011-03-30 00:00:00-04:00,23.892938059824296,23.946033246257365,23.65021638085294,23.817087173461914,2600,0.0,0.0
2011-03-31 00:00:00-04:00,23.703307669497022,24.120485305786133,23.13442828542909,24.120485305786133,1700,0.0,0.0
2011-04-01 00:00:00-04:00,24.11290152045877,24.19633617967554,24.11290152045877,24.120485305786133,2400,0.0,0.0
2011-04-04 00:00:00-04:00,24.226678703626376,24.27218865226352,22.459360025252845,22.70208168029785,47900,0.0,0.0
2011-04-05 00:00:00-04:00,23.111675373128744,23.58953492347741,22.868953704833984,22.868953704833984,16300,0.0,0.0
2011-04-06 00:00:00-04:00,23.142012981507655,23.142012981507655,22.79309954839147,23.066162109375,31300,0.0,0.0
2011-04-07 00:00:00-04:00,23.195107663835643,23.44541452382637,23.16476818366996,23.286128997802734,9400,0.0,0.0
2011-04-08 00:00:00-04:00,23.32405689217704,23.4226620245886,23.28613217511149,23.392322540283203,12400,0.0,0.0
2011-04-11 00:00:00-04:00,23.179943209573242,23.490930557250977,23.179943209573242,23.490930557250977,7300,0.0,0.0
2011-04-12 00:00:00-04:00,23.453002555473187,24.04463768005371,23.453002555473187,24.04463768005371,2900,0.0,0.0
2011-04-13 00:00:00-04:00,23.536437771589622,24.560420989990234,23.536437771589622,24.560420989990234,2400,0.0,0.0
2011-04-14 00:00:00-04:00,24.27218720407197,25.03069305419922,24.27218720407197,25.03069305419922,5200,0.0,0.0
2011-04-15 00:00:00-04:00,24.87140810282439,25.04586410522461,24.552834133702486,25.04586410522461,1600,0.0,0.0
2011-04-18 00:00:00-04:00,25.000355297292664,25.01552576343615,24.49974148843989,24.78038787841797,1500,0.0,0.0
2011-04-19 00:00:00-04:00,24.31011106269604,24.469396591186523,24.31011106269604,24.469396591186523,300,0.0,0.0
2011-04-20 00:00:00-04:00,24.48456481164619,25.053444127109863,24.48456481164619,24.803138732910156,5400,0.0,0.0
2011-04-21 00:00:00-04:00,24.795555838262928,25.25066109615443,24.795555838262928,25.243074417114258,1000,0.0,0.0
2011-04-25 00:00:00-04:00,25.159634225900344,25.88021526386556,25.159634225900344,25.33409309387207,4900,0.0,0.0
2011-04-26 00:00:00-04:00,25.561650121334704,26.024339196189405,25.55406344177978,25.766447067260742,4500,0.0,0.0
2011-04-27 00:00:00-04:00,25.326516990311546,26.039514541625977,25.326516990311546,26.039514541625977,3100,0.0,0.0
2011-04-28 00:00:00-04:00,26.039514541625977,26.039514541625977,26.039514541625977,26.039514541625977,0,0.0,0.0
2011-04-29 00:00:00-04:00,25.95606878688458,25.95606878688458,25.20514678955078,25.20514678955078,400,0.0,0.0
2011-05-02 00:00:00-04:00,25.865043372583948,25.865043372583948,25.349259261916323,25.675416946411133,1000,0.0,0.0
2011-05-03 00:00:00-04:00,25.296169276058293,25.789199242494064,25.296169276058293,25.774028778076172,1500,0.0,0.0
2011-05-04 00:00:00-04:00,26.03950735264823,26.58562959988381,26.03950735264823,26.38083267211914,3200,0.0,0.0
2011-05-05 00:00:00-04:00,26.623556006089668,27.54135034666016,26.623556006089668,27.34413719177246,2000,0.0,0.0
2011-05-06 00:00:00-04:00,27.6778850936358,29.794114625461805,27.6778850936358,29.57415008544922,6900,0.0,0.0
2011-05-09 00:00:00-04:00,29.930644692641284,30.021667491764994,29.589316429603937,29.66516876220703,3400,0.0,0.0
2011-05-10 00:00:00-04:00,30.218877154166467,30.340237990389202,29.968568801879883,29.968568801879883,4100,0.0,0.0
2011-05-11 00:00:00-04:00,29.960979883568978,29.960979883568978,29.323834879166938,29.54380226135254,3600,0.0,0.0
2011-05-12 00:00:00-04:00,29.703090782989992,30.992551385377606,29.581729955322356,30.969797134399414,8300,0.0,0.0
2011-05-13 00:00:00-04:00,30.37058339702222,31.470417764896098,30.33265867264126,31.44007682800293,5100,0.0,0.0
2011-05-16 00:00:00-04:00,30.416086356723884,30.727073669433594,30.416086356723884,30.727073669433594,1300,0.0,0.0
2011-05-17 00:00:00-04:00,30.727072803054465,33.12395133655617,30.727072803054465,31.477994918823242,800,0.0,0.0
2011-05-18 00:00:00-04:00,31.068404151342214,31.068404151342214,31.030479431152347,31.030479431152344,700,0.0,0.0
2011-05-19 00:00:00-04:00,31.091161159145823,31.091161159145823,30.719491958618164,30.719491958618164,5800,0.0,0.0
2011-05-20 00:00:00-04:00,31.06840904706976,31.06840904706976,30.71949693678869,30.94704818725586,3900,0.0,0.0
2011-05-23 00:00:00-04:00,31.091161559355943,31.250447121573572,31.091161559355943,31.098745346069336,4200,0.0,0.0
2011-05-24 00:00:00-04:00,31.098743228093245,31.098743228093245,30.719490261896986,30.909116744995117,6300,0.0,0.0
2011-05-25 00:00:00-04:00,30.605720277925634,30.909123878291197,30.416093751064952,30.575382232666016,3700,0.0,0.0
2011-05-26 00:00:00-04:00,30.57538223266602,30.57538223266602,30.57538223266602,30.575382232666016,0,0.0,0.0
2011-05-27 00:00:00-04:00,30.55261570052099,30.58295662993542,30.529861450195312,30.529861450195312,1200,0.0,0.0
2011-05-31 00:00:00-04:00,30.41607915644416,30.431249618530273,30.41607915644416,30.431249618530273,2000,0.0,0.0
2011-06-01 00:00:00-04:00,30.03684635771751,30.34025001525879,30.03684635771751,30.34025001525879,3200,0.0,0.0
2011-06-02 00:00:00-04:00,30.787757873535156,30.787757873535156,30.787757873535156,30.787757873535156,200,0.0,0.0
2011-06-03 00:00:00-04:00,30.461596807438006,30.909115403870906,30.05200292728511,30.567787170410156,2200,0.0,0.0
2011-06-06 00:00:00-04:00,30.06717285507317,30.11268424987793,30.06717285507317,30.11268424987793,500,0.0,0.0
2011-06-07 00:00:00-04:00,30.082357774390218,30.34025001525879,30.074773985013962,30.34025001525879,500,0.0,0.0
2011-06-08 00:00:00-04:00,30.044416427612305,30.044416427612305,30.044416427612305,30.044416427612305,300,0.0,0.0
2011-06-09 00:00:00-04:00,30.089922806083923,30.893939971923825,30.089922806083923,30.893939971923828,2800,0.0,0.0
2011-06-10 00:00:00-04:00,30.893949542194232,30.90153622266296,30.537450790405277,30.537450790405273,400,0.0,0.0
2011-06-13 00:00:00-04:00,30.210726492402095,30.628633747635625,30.08915426320068,30.248720169067383,1400,0.07,0.0
2011-06-14 00:00:00-04:00,30.24872016906738,30.24872016906738,30.24872016906738,30.248720169067383,0,0.0,0.0
2011-06-15 00:00:00-04:00,30.06635665893555,30.06635665893555,30.06635665893555,30.066356658935547,200,0.0,0.0
2011-06-16 00:00:00-04:00,30.14234396956194,30.14234396956194,30.058765411376953,30.058765411376953,600,0.0,0.0
2011-06-17 00:00:00-04:00,30.03596042985932,30.514652252197262,30.03596042985932,30.514652252197266,800,0.0,0.0
2011-06-20 00:00:00-04:00,30.514659541651188,30.514659541651188,30.233524295631863,30.241121292114258,2500,0.0,0.0
2011-06-21 00:00:00-04:00,30.241121292114254,30.241121292114254,30.241121292114254,30.241121292114258,0,0.0,0.0
2011-06-22 00:00:00-04:00,31.000934836170057,31.000934836170057,29.91438221103693,30.051151275634766,800,0.0,0.0
2011-06-23 00:00:00-04:00,30.051151275634766,30.051151275634766,30.051151275634766,30.051151275634766,0,0.0,0.0
2011-06-24 00:00:00-04:00,29.80041684894027,30.73500374189782,29.747229189069436,30.339893341064453,7200,0.0,0.0
2011-06-27 00:00:00-04:00,29.89159105047975,29.89918804431052,29.716831207275387,29.71683120727539,3000,0.0,0.0
2011-06-28 00:00:00-04:00,29.937181472778324,29.937181472778324,29.79281250454583,29.93718147277832,1800,0.0,0.0
2011-06-29 00:00:00-04:00,29.937181472778324,29.937181472778324,29.937181472778324,29.93718147277832,0,0.0,0.0
2011-06-30 00:00:00-04:00,30.909762932066272,30.909762932066272,30.286705017089844,30.286705017089844,300,0.0,0.0
2011-07-01 00:00:00-04:00,29.8308048248291,29.8308048248291,29.8308048248291,29.8308048248291,100,0.0,0.0
2011-07-05 00:00:00-04:00,29.8308048248291,29.8308048248291,29.8308048248291,29.8308048248291,0,0.0,0.0
2011-07-06 00:00:00-04:00,29.633256358897132,29.633256358897132,29.390111923217773,29.390111923217773,400,0.0,0.0
2011-07-07 00:00:00-04:00,29.390111923217773,29.390111923217773,29.390111923217773,29.390111923217773,0,0.0,0.0
2011-07-08 00:00:00-04:00,29.390111923217773,29.390111923217773,29.390111923217773,29.390111923217773,0,0.0,0.0
2011-07-11 00:00:00-04:00,29.390111923217773,29.390111923217773,29.390111923217773,29.390111923217773,0,0.0,0.0
2011-07-12 00:00:00-04:00,29.390111923217773,29.390111923217773,29.390111923217773,29.390111923217773,0,0.0,0.0
2011-07-13 00:00:00-04:00,29.344520011249813,29.443298339843754,29.344520011249813,29.44329833984375,800,0.0,0.0
2011-07-14 00:00:00-04:00,28.941814422607425,28.941814422607425,28.941814422607425,28.941814422607422,100,0.0,0.0
2011-07-15 00:00:00-04:00,29.29893224306044,29.466092223938436,29.063384812878027,29.44329833984375,700,0.0,0.0
2011-07-18 00:00:00-04:00,29.13177490234375,29.13177490234375,29.13177490234375,29.13177490234375,200,0.0,0.0
2011-07-19 00:00:00-04:00,29.2381465285386,29.24574642272217,28.941814422607425,28.941814422607422,700,0.0,0.0
2011-07-20 00:00:00-04:00,29.27613365014126,29.27613365014126,29.253339767456055,29.253339767456055,600,0.0,0.0
2011-07-21 00:00:00-04:00,29.101380439408025,29.101380439408025,29.086183547973633,29.086183547973633,200,0.0,0.0
2011-07-22 00:00:00-04:00,29.43569859646541,29.43569859646541,29.420501708984375,29.420501708984375,500,0.0,0.0
2011-07-25 00:00:00-04:00,29.420501708984375,29.420501708984375,29.420501708984375,29.420501708984375,0,0.0,0.0
2011-07-26 00:00:00-04:00,29.420501708984375,29.420501708984375,29.420501708984375,29.420501708984375,0,0.0,0.0
2011-07-27 00:00:00-04:00,28.903818130493164,28.903818130493164,28.903818130493164,28.903818130493164,300,0.0,0.0
2011-07-28 00:00:00-04:00,29.291324784965255,29.60285368068541,29.26093101501465,29.26093101501465,2300,0.0,0.0
2011-07-29 00:00:00-04:00,29.260942315593237,29.28373910111503,28.949413299560547,28.949413299560547,900,0.0,0.0
2011-08-01 00:00:00-04:00,29.291335148310818,29.291335148310818,21.875423668651376,28.26556968688965,3800,0.0,0.0
2011-08-02 00:00:00-04:00,28.37193534420346,29.420497232781376,28.113594093351207,28.64547348022461,3200,0.0,0.0
2011-08-03 00:00:00-04:00,29.108975901998058,29.108975901998058,27.65010643005371,27.65010643005371,3800,0.0,0.0
2011-08-04 00:00:00-04:00,28.106004190670777,29.063385009765625,28.090807301667976,29.063385009765625,1400,0.0,0.0
2011-08-05 00:00:00-04:00,28.531509508170345,28.675878524780273,28.531509508170345,28.675878524780273,200,0.0,0.0
2011-08-08 00:00:00-04:00,28.12119910392115,28.12119910392115,27.16381825341119,27.353775024414062,1800,0.0,0.0
2011-08-09 00:00:00-04:00,27.353775024414062,27.353775024414062,27.353775024414062,27.353775024414062,0,0.0,0.0
2011-08-10 00:00:00-04:00,27.353775024414062,27.353775024414062,27.353775024414062,27.353775024414062,0,0.0,0.0
2011-08-11 00:00:00-04:00,25.986081354469583,27.817264123534752,25.94809058800958,27.543725967407227,7400,0.0,0.0
2011-08-12 00:00:00-04:00,27.460147857666016,27.460147857666016,27.460147857666016,27.460147857666016,400,0.0,0.0
2011-08-15 00:00:00-04:00,27.1258223608604,27.1258223608604,25.682150014223975,25.834115982055664,600,0.0,0.0
2011-08-16 00:00:00-04:00,25.750536694781406,27.315781366058474,25.750536694781406,27.186609268188477,700,0.0,0.0
2011-08-17 00:00:00-04:00,26.525561907222436,27.262595065122877,25.834119415283205,26.59394645690918,6800,0.0,0.0
2011-08-18 00:00:00-04:00,26.426782608032227,26.426782608032227,26.426782608032227,26.426782608032227,200,0.0,0.0
2011-08-19 00:00:00-04:00,25.081890085914225,26.11525535583496,25.081890085914225,26.11525535583496,1700,0.0,0.0
2011-08-22 00:00:00-04:00,26.1152561220676,26.1152561220676,25.92529935065612,25.978487014770508,900,0.0,0.0
2011-08-23 00:00:00-04:00,25.910097516716633,26.59394292270436,25.735337668188603,25.834115982055664,10000,0.0,0.0
2011-08-24 00:00:00-04:00,26.062062569476584,26.358394602163425,25.834115074987448,26.001277923583984,3300,0.0,0.0
2011-08-25 00:00:00-04:00,25.74293795505204,25.758134841918945,25.74293795505204,25.758134841918945,400,0.0,0.0
2011-08-26 00:00:00-04:00,26.039274706512508,26.039274706512508,25.780933380126953,25.780933380126953,200,0.0,0.0
2011-08-29 00:00:00-04:00,25.780933380126953,25.780933380126953,25.780933380126953,25.780933380126953,0,0.0,0.0
2011-08-30 00:00:00-04:00,25.834226608276367,25.834226608276367,25.834226608276367,25.834226608276367,0,0.07,0.0
2011-08-31 00:00:00-04:00,28.16410636901856,28.16410636901856,28.16410636901856,28.164106369018555,400,0.0,0.0
2011-09-01 00:00:00-04:00,26.466184616088867,26.466184616088867,26.466184616088867,26.466184616088867,200,0.0,0.0
2011-09-02 00:00:00-04:00,26.572791508798947,26.877348967782005,26.572791508798947,26.831666946411133,1200,0.0,0.0
2011-09-06 00:00:00-04:00,26.96109751514324,27.684426047180583,26.275838294370544,26.565170288085938,6000,0.0,0.0
2011-09-07 00:00:00-04:00,26.565170288085938,26.565170288085938,26.565170288085938,26.565170288085938,0,0.0,0.0
2011-09-08 00:00:00-04:00,26.64130906450256,26.709834979504787,26.489028930664062,26.489028930664062,2200,0.0,0.0
2011-09-09 00:00:00-04:00,26.489028930664062,26.489028930664062,26.489028930664062,26.489028930664062,0,0.0,0.0
2011-09-12 00:00:00-04:00,25.887534700157932,26.489039879977657,25.887534700157932,26.291074752807617,1100,0.0,0.0
2011-09-13 00:00:00-04:00,26.610858917236328,26.610858917236328,26.610858917236328,26.610858917236328,200,0.0,0.0
2011-09-14 00:00:00-04:00,26.610858917236328,26.610858917236328,26.610858917236328,26.610858917236328,0,0.0,0.0
2011-09-15 00:00:00-04:00,26.610858917236328,26.610858917236328,26.610858917236328,26.610858917236328,0,0.0,0.0
2011-09-16 00:00:00-04:00,28.16410682356987,28.16410682356987,26.298681571496335,26.648923873901367,700,0.0,0.0
2011-09-19 00:00:00-04:00,25.613426557721233,26.793592798603832,25.537287924568556,26.610858917236328,1600,0.0,0.0
2011-09-20 00:00:00-04:00,26.610858917236328,26.610858917236328,26.610858917236328,26.610858917236328,0,0.0,0.0
2011-09-21 00:00:00-04:00,26.192081451416016,26.192081451416016,26.192081451416016,26.192081451416016,100,0.0,0.0
2011-09-22 00:00:00-04:00,25.69717799915987,25.887527465820312,25.20988382922951,25.887527465820312,600,0.0,0.0
2011-09-23 00:00:00-04:00,25.270798713966737,25.50683314089155,25.14897514947394,25.240345001220703,4500,0.0,0.0
2011-09-26 00:00:00-04:00,25.354553445825573,26.382442513935153,25.354553445825573,25.704795837402344,2900,0.0,0.0
2011-09-27 00:00:00-04:00,26.53471479356237,26.7174515616234,25.712406598543716,26.473804473876953,4400,0.0,0.0
2011-09-28 00:00:00-04:00,26.214926029328737,26.344362258911133,26.19208502516762,26.344362258911133,400,0.0,0.0
2011-09-29 00:00:00-04:00,26.344362258911133,26.344362258911133,26.344362258911133,26.344362258911133,0,0.0,0.0
2011-09-30 00:00:00-04:00,26.19208639482602,27.105761463073968,26.19208639482602,26.86972999572754,400,0.0,0.0
2011-10-03 00:00:00-04:00,26.2834529876709,26.306293992736983,26.2834529876709,26.2834529876709,1300,0.0,0.0
2011-10-04 00:00:00-04:00,26.19208432353554,26.420503072533993,26.19208432353554,26.20730972290039,700,0.0,0.0
2011-10-05 00:00:00-04:00,26.20730972290039,26.20730972290039,26.20730972290039,26.20730972290039,0,0.0,0.0
2011-10-06 00:00:00-04:00,26.306285858154297,26.306285858154297,26.306285858154297,26.306285858154297,200,0.0,0.0
2011-10-07 00:00:00-04:00,26.306285858154297,26.306285858154297,26.306285858154297,26.306285858154297,1800,0.0,0.0
2011-10-10 00:00:00-04:00,26.64893014741899,27.25804796988799,26.245390134627566,26.831666946411133,4500,0.0,0.0
2011-10-11 00:00:00-04:00,26.64892373998642,26.72506236029979,26.64892373998642,26.709836959838867,2700,0.0,0.0
2011-10-12 00:00:00-04:00,26.877346066179967,27.09815216064453,26.85450505796038,27.09815216064453,3600,0.0,0.0
2011-10-13 00:00:00-04:00,27.09815216064453,27.09815216064453,27.09815216064453,27.09815216064453,0,0.0,0.0
2011-10-14 00:00:00-04:00,26.983942505042794,26.983942505042794,26.976329803466797,26.976329803466797,300,0.0,0.0
2011-10-17 00:00:00-04:00,26.991554913743656,27.143835067749023,26.991554913743656,27.143835067749023,700,0.0,0.0
2011-10-18 00:00:00-04:00,26.648919371737293,26.801199491904708,26.648919371737293,26.76313018798828,900,0.0,0.0
2011-10-19 00:00:00-04:00,27.03723907470703,27.03723907470703,27.03723907470703,27.03723907470703,100,0.0,0.0
2011-10-20 00:00:00-04:00,27.32656717683846,27.32656717683846,26.88495795349042,27.067691802978516,1600,0.0,0.0
2011-10-21 00:00:00-04:00,27.32656774117997,27.410321967467592,27.265657424926758,27.265657424926758,1600,0.0,0.0
2011-10-24 00:00:00-04:00,27.410324096679688,27.448393410357916,27.410324096679688,27.410324096679688,1300,0.0,0.0
2011-10-25 00:00:00-04:00,27.760566429723337,27.791023042466904,27.410324096679688,27.410324096679688,3200,0.0,0.0
2011-10-26 00:00:00-04:00,27.410324096679688,27.410324096679688,27.410324096679688,27.410324096679688,0,0.0,0.0
2011-10-27 00:00:00-04:00,28.17172365709015,28.17172365709015,27.768183680091592,27.79863739013672,2600,0.0,0.0
2011-10-28 00:00:00-04:00,27.79863739013672,27.79863739013672,27.79863739013672,27.79863739013672,0,0.0,0.0
2011-10-31 00:00:00-04:00,27.79863739013672,27.79863739013672,27.79863739013672,27.79863739013672,0,0.0,0.0
2011-11-01 00:00:00-04:00,27.098148706812935,27.098148706812935,26.648923873901367,26.648923873901367,600,0.0,0.0
2011-11-02 00:00:00-04:00,27.120990753173828,27.120990753173828,27.120990753173828,27.120990753173828,300,0.0,0.0
2011-11-03 00:00:00-04:00,27.258041381835934,27.38748052160906,27.258041381835934,27.258041381835938,700,0.0,0.0
2011-11-04 00:00:00-04:00,27.410321967467592,27.410321967467592,27.105761672694836,27.265657424926758,5800,0.0,0.0
2011-11-07 00:00:00-05:00,27.014391686748503,27.136215209960938,27.014391686748503,27.136215209960938,500,0.0,0.0
2011-11-08 00:00:00-05:00,26.976329222920395,27.029626846313477,26.976329222920395,27.029626846313477,200,0.0,0.0
2011-11-09 00:00:00-05:00,26.664152145385742,26.664152145385742,26.664152145385742,26.664152145385742,100,0.0,0.0
2011-11-10 00:00:00-05:00,26.664152145385742,26.664152145385742,26.664152145385742,26.664152145385742,0,0.0,0.0
2011-11-11 00:00:00-05:00,26.953485200312446,27.181903975670558,26.953485200312446,27.120990753173828,900,0.0,0.0
2011-11-14 00:00:00-05:00,27.387480766978737,27.638740539550778,27.387480766978737,27.63874053955078,1600,0.0,0.0
2011-11-15 00:00:00-05:00,27.646358383300807,27.669199390520184,27.425552298505345,27.456008911132812,1800,0.0,0.0
2011-11-16 00:00:00-05:00,27.45600891113281,27.45600891113281,27.45600891113281,27.456008911132812,0,0.0,0.0
2011-11-17 00:00:00-05:00,28.537193368905754,28.537193368905754,28.506736755371094,28.506736755371094,300,0.0,0.0
2011-11-18 00:00:00-05:00,28.4610493604642,28.4610493604642,27.94329864623945,28.30876922607422,1100,0.0,0.0
2011-11-21 00:00:00-05:00,27.950913006406658,28.16410636901856,27.486459875951443,28.164106369018555,900,0.0,0.0
2011-11-22 00:00:00-05:00,28.16410636901856,28.16410636901856,28.16410636901856,28.164106369018555,0,0.0,0.0
2011-11-23 00:00:00-05:00,27.501692398091176,27.501692398091176,27.425553766948276,27.448394775390625,2400,0.0,0.0
2011-11-25 00:00:00-05:00,27.448394775390625,27.448394775390625,27.448394775390625,27.448394775390625,200,0.0,0.0
2011-11-28 00:00:00-05:00,27.448395830505582,27.448395830505582,26.67938517019218,27.38748550415039,1700,0.0,0.0
2011-11-29 00:00:00-05:00,27.471402055739798,27.616351617048775,26.807694986595646,27.387487411499023,1500,0.07,0.0
2011-11-30 00:00:00-05:00,27.84521090017783,28.226652145385742,27.768923815202545,28.226652145385742,14400,0.0,0.0
2011-12-01 00:00:00-05:00,27.936758429248872,27.936758429248872,27.89861488342285,27.89861488342285,900,0.0,0.0
2011-12-02 00:00:00-05:00,28.226652145385742,28.226652145385742,28.226652145385742,28.226652145385742,200,0.0,0.0
2011-12-05 00:00:00-05:00,28.226652145385742,28.226652145385742,27.97489952666896,28.226652145385742,1500,0.0,0.0
2011-12-06 00:00:00-05:00,29.58459221664195,29.58459221664195,28.83696746826172,28.83696746826172,2100,0.0,0.0
2011-12-07 00:00:00-05:00,28.310568400462348,28.737780713205826,28.074073791503906,28.074073791503906,2600,0.0,0.0
2011-12-08 00:00:00-05:00,28.074073791503906,28.074073791503906,28.074073791503906,28.074073791503906,200,0.0,0.0
2011-12-09 00:00:00-05:00,28.035930576553746,28.04355812072754,28.01304503386671,28.04355812072754,2600,0.0,0.0
2011-12-12 00:00:00-05:00,27.98252674761892,27.98252674761892,27.890981674194336,27.890981674194336,300,0.0,0.0
2011-12-13 00:00:00-05:00,27.88335583957297,28.51654973521958,27.143361765709916,27.99778938293457,13700,0.0,0.0
2011-12-14 00:00:00-05:00,28.226656151074515,28.226656151074515,27.93675994873047,27.93675994873047,700,0.0,0.0
2011-12-15 00:00:00-05:00,27.54006077074127,28.135111179270613,27.082332373564398,28.013050079345703,2200,0.0,0.0
2011-12-16 00:00:00-05:00,27.48665657546291,28.41737419165059,27.48665657546291,27.99778938293457,8700,0.0,0.0
2011-12-19 00:00:00-05:00,28.081709198535037,28.081709198535037,27.234909057617188,27.234909057617188,200,0.0,0.0
2011-12-20 00:00:00-05:00,27.93675564865273,27.93675564865273,26.99078300159133,27.799436569213867,1100,0.0,0.0
2011-12-21 00:00:00-05:00,27.219652506158866,28.325832903112275,27.219652506158866,28.005420684814453,8100,0.0,0.0
2011-12-22 00:00:00-05:00,27.448513917958344,27.730779647827152,27.120474187232706,27.73077964782715,400,0.0,0.0
2011-12-23 00:00:00-05:00,27.372224121490962,28.30293876560243,27.295934127602674,28.180877685546875,7600,0.0,0.0
2011-12-27 00:00:00-05:00,27.46376872805265,28.08933211626726,27.46376872805265,28.04355812072754,6100,0.0,0.0
2011-12-28 00:00:00-05:00,27.86810083374861,28.10459549069261,27.105218223154527,27.166250228881836,11900,0.0,0.0
2011-12-29 00:00:00-05:00,27.23490888124416,27.69263726842496,27.23490888124416,27.616350173950195,3300,0.0,0.0
2011-12-30 00:00:00-05:00,27.463769814536608,27.48665535812901,26.716145318805225,27.288307189941406,15100,0.0,0.0
2012-01-03 00:00:00-05:00,27.890978459142822,28.26478916346643,27.890978459142822,28.211387634277344,1300,0.0,0.0
2012-01-04 00:00:00-05:00,27.311190774830006,28.22665028502613,27.311190774830006,27.85283660888672,2000,0.0,0.0
2012-01-05 00:00:00-05:00,27.616350173950195,27.616350173950195,27.341711977575272,27.616350173950195,600,0.0,0.0
2012-01-06 00:00:00-05:00,28.24953847909284,28.24953847909284,28.058817851153698,28.241910934448242,1400,0.0,0.0
2012-01-09 00:00:00-05:00,28.226658535809182,28.226658535809182,28.165626525878906,28.165626525878906,1200,0.0,0.0
2012-01-10 00:00:00-05:00,28.24191469066905,28.27243069363779,28.24191469066905,28.249542236328125,2500,0.0,0.0
2012-01-11 00:00:00-05:00,28.249542236328125,28.249542236328125,28.249542236328125,28.249542236328125,0,0.0,0.0
2012-01-12 00:00:00-05:00,28.249542236328125,28.249542236328125,28.249542236328125,28.249542236328125,0,0.0,0.0
2012-01-13 00:00:00-05:00,28.066446573580226,28.22665119272078,28.04355812072754,28.04355812072754,2700,0.0,0.0
2012-01-17 00:00:00-05:00,28.24191231076528,28.287686311361085,28.112220764160156,28.112220764160156,7900,0.0,0.0
2012-01-18 00:00:00-05:00,28.23428256081361,28.684383392333984,28.23428256081361,28.684383392333984,700,0.0,0.0
2012-01-19 00:00:00-05:00,28.234276061315622,28.9513873726537,28.234276061315622,28.85984230041504,2300,0.0,0.0
2012-01-20 00:00:00-05:00,28.844586701557315,28.844586701557315,28.074073791503906,28.074073791503906,1000,0.0,0.0
2012-01-23 00:00:00-05:00,28.669122173157305,29.36334504521298,28.669122173157305,29.09633445739746,2600,0.0,0.0
2012-01-24 00:00:00-05:00,29.20313925080698,30.728904150601128,29.20313925080698,29.39385986328125,5400,0.0,0.0
2012-01-25 00:00:00-05:00,30.240661004158113,31.499418258666996,30.240661004158113,31.499418258666992,2000,0.0,0.0
2012-01-26 00:00:00-05:00,31.499418258666996,31.499418258666996,31.499418258666996,31.499418258666992,0,0.0,0.0
2012-01-27 00:00:00-05:00,31.50704132154316,31.659618377685547,31.50704132154316,31.659618377685547,300,0.0,0.0
2012-01-30 00:00:00-05:00,31.65962032409819,31.65962032409819,29.82870135815644,30.629730224609375,1000,0.0,0.0
2012-01-31 00:00:00-05:00,30.385610466210156,30.40086555480957,30.385610466210156,30.40086555480957,600,0.0,0.0
2012-02-01 00:00:00-05:00,31.278183861934778,31.468904495239258,30.408498239692893,31.468904495239258,2400,0.0,0.0
2012-02-02 00:00:00-05:00,31.278184183264976,31.278184183264976,30.47715809719016,30.79756736755371,2900,0.0,0.0
2012-02-03 00:00:00-05:00,31.461272401975272,31.46889994573172,31.278179340000015,31.446014404296875,2700,0.0,0.0
2012-02-06 00:00:00-05:00,31.529929815051588,32.590335845947266,31.08745664264503,32.590335845947266,12000,0.0,0.0
2012-02-07 00:00:00-05:00,33.162504927477336,33.18539047241211,32.46065147776302,33.18539047241211,11300,0.0,0.0
2012-02-08 00:00:00-05:00,32.056323900474986,33.17013168334961,32.04106590082612,33.17013168334961,9700,0.0,0.0
2012-02-09 00:00:00-05:00,32.04106718832512,33.4066276550293,32.04106718832512,33.4066276550293,6500,0.0,0.0
2012-02-10 00:00:00-05:00,32.811585919691424,34.32972387834029,32.57509412881402,33.56684112548828,13100,0.0,0.0
2012-02-13 00:00:00-05:00,33.58207877569242,34.44413657876929,33.56682078066323,34.261043548583984,6100,0.0,0.0
2012-02-14 00:00:00-05:00,33.597343663212165,34.32971011386828,30.599215413787757,33.94826889038086,2800,0.0,0.0
2012-02-15 00:00:00-05:00,32.86499038974448,34.177146745736536,32.27757032082842,33.56684112548828,3200,0.0,0.0
2012-02-16 00:00:00-05:00,33.56684112548828,33.56684112548828,33.56684112548828,33.56684112548828,700,0.0,0.0
2012-02-17 00:00:00-05:00,33.582098474456515,36.77094855196519,33.18539910149451,36.31321716308594,8000,0.0,0.0
2012-02-21 00:00:00-05:00,36.23692057671,36.23692057671,33.56683169211031,33.833839416503906,1700,0.0,0.0
2012-02-22 00:00:00-05:00,33.54394516168694,33.56683070591518,33.04044281750485,33.3761100769043,1400,0.0,0.0
2012-02-23 00:00:00-05:00,33.10911279854445,34.3297240449654,33.09385479419334,34.177146911621094,10900,0.0,0.0
2012-02-24 00:00:00-05:00,34.26867991822461,34.3297119140625,33.35322326198221,34.3297119140625,7600,0.0,0.0
2012-02-27 00:00:00-05:00,34.276299690276595,34.83320338298756,34.253414154052734,34.253414154052734,2200,0.0,0.0
2012-02-28 00:00:00-05:00,33.62786142292122,34.5585760781231,33.18538818359375,34.3297119140625,9900,0.0,0.0
2012-02-29 00:00:00-05:00,34.406001530756676,34.63486862182617,34.406001530756676,34.63486862182617,2000,0.0,0.0
2012-03-01 00:00:00-05:00,33.65838187138192,34.329719421583924,33.41425965497508,34.07033920288086,1100,0.0,0.0
2012-03-02 00:00:00-05:00,34.07033920288086,34.07033920288086,34.07033920288086,34.07033920288086,0,0.0,0.0
2012-03-05 00:00:00-05:00,34.07033920288086,34.07033920288086,34.07033920288086,34.07033920288086,0,0.0,0.0
2012-03-06 00:00:00-05:00,34.329717694607,34.329717694607,34.17714058948661,34.32209014892578,1100,0.0,0.0
2012-03-07 00:00:00-05:00,34.32208378008087,34.329711324346704,33.68126238561977,34.016929626464844,6300,0.0,0.0
2012-03-08 00:00:00-05:00,34.24580490892637,34.24580490892637,33.37611907188004,34.055084228515625,5200,0.0,0.0
2012-03-09 00:00:00-05:00,34.31444549560547,34.31444549560547,34.31444549560547,34.31444549560547,600,0.0,0.0
2012-03-12 00:00:00-04:00,33.116728643359,34.3297119140625,32.864978935942055,34.3297119140625,1000,0.0,0.0
2012-03-13 00:00:00-04:00,34.0016722118482,34.3297119140625,33.75755004882813,34.3297119140625,1600,0.0,0.0
2012-03-14 00:00:00-04:00,34.68063369037239,34.68063369037239,33.833833748908226,34.29156494140625,300,0.0,0.0
2012-03-15 00:00:00-04:00,33.9482681264924,34.30682379975551,32.2699261988799,33.00229263305664,15300,0.0,0.0
2012-03-16 00:00:00-04:00,34.67572239268671,35.22588611208899,32.62788315938432,32.910606384277344,7400,0.07,0.0
2012-03-19 00:00:00-04:00,34.30894890084007,34.76741919682298,32.528549991177584,33.32323455810547,7000,0.0,0.0
2012-03-20 00:00:00-04:00,33.33087666308756,34.217254764647556,33.33087666308756,34.194332122802734,6000,0.0,0.0
2012-03-21 00:00:00-04:00,34.40062425569703,35.36341253604228,34.00328218154266,34.40826416015625,14100,0.0,0.0
2012-03-22 00:00:00-04:00,34.64515989890083,35.43984445761694,34.232534887850186,35.08070755004883,4000,0.0,0.0
2012-03-23 00:00:00-04:00,35.409274002639535,35.43219663950553,35.409274002639535,35.424556732177734,500,0.0,0.0
2012-03-26 00:00:00-04:00,35.416921255258245,35.92888259887695,35.416921255258245,35.92888259887695,400,0.0,0.0
2012-03-27 00:00:00-04:00,36.181038683576865,38.037848353607174,34.92024390131928,37.43419647216797,10200,0.0,0.0
2012-03-28 00:00:00-04:00,36.310929544821505,36.86873597770348,35.94415283203125,35.94415283203125,3200,0.0,0.0
2012-03-29 00:00:00-04:00,35.14183064578274,36.28800903336378,34.84382181651048,35.91358947753906,6500,0.0,0.0
2012-03-30 00:00:00-04:00,35.56209292216191,35.91358690291661,35.16475075983315,35.69963455200195,8000,0.0,0.0
2012-04-02 00:00:00-04:00,35.378712767004856,36.35678717003188,35.378712767004856,35.974727630615234,6700,0.0,0.0
2012-04-03 00:00:00-04:00,36.34913425992548,36.34913425992548,35.302292228592606,35.569732666015625,700,0.0,0.0
2012-04-04 00:00:00-04:00,35.62322548722939,36.295650995524106,34.76741305887046,36.21159744262695,6700,0.0,0.0
2012-04-05 00:00:00-04:00,36.11225904680913,36.18102986652846,35.56973531062457,35.607940673828125,800,0.0,0.0
2012-04-09 00:00:00-04:00,35.1418274452228,35.17238998413086,35.1418274452228,35.17238998413086,400,0.0,0.0
2012-04-10 00:00:00-04:00,35.10362008494066,35.98999786376953,35.10362008494066,35.98999786376953,5200,0.0,0.0
2012-04-11 00:00:00-04:00,35.363420619160266,35.98999786376953,35.3404979856616,35.98999786376953,2900,0.0,0.0
2012-04-12 00:00:00-04:00,36.20395027597911,37.434182034683936,36.20395027597911,37.136173248291016,3500,0.0,0.0
2012-04-13 00:00:00-04:00,37.27371272924744,37.67105484008789,36.29564163479821,37.67105484008789,2700,0.0,0.0
2012-04-16 00:00:00-04:00,38.20593800910098,38.893646059217495,37.59464358393171,38.76374435424805,3600,0.0,0.0
2012-04-17 00:00:00-04:00,38.54979209987067,41.98068370660241,38.39696776459742,40.910919189453125,9800,0.0,0.0
2012-04-18 00:00:00-04:00,40.765755437913775,42.02655319986295,40.765755437913775,41.71326446533203,13300,0.0,0.0
2012-04-19 00:00:00-04:00,41.636857912995296,41.636857912995296,39.099979400634766,39.099979400634766,1400,0.0,0.0
2012-04-20 00:00:00-04:00,39.73417676629748,39.73417676629748,38.03019222783631,38.221221923828125,6300,0.0,0.0
2012-04-23 00:00:00-04:00,37.480026234686555,37.480026234686555,36.82288360595703,36.82288360595703,400,0.0,0.0
2012-04-24 00:00:00-04:00,37.82389515183724,37.82389515183724,37.258445739746094,37.258445739746094,200,0.0,0.0
2012-04-25 00:00:00-04:00,37.495324491441046,38.16775012435328,35.92888089904584,37.12854766845703,4100,0.0,0.0
2012-04-26 00:00:00-04:00,37.41890731293143,38.19830902085033,37.41890731293143,38.19066619873047,3500,0.0,0.0
2012-04-27 00:00:00-04:00,38.20594519649846,38.20594519649846,37.53351974487305,37.53351974487305,1300,0.0,0.0
2012-04-30 00:00:00-04:00,37.86209313718026,39.12289056223029,37.70162885832151,38.9471435546875,2600,0.0,0.0
2012-05-01 00:00:00-04:00,38.74082522846059,38.970060294274035,38.297634908323516,38.320560455322266,1200,0.0,0.0
2012-05-02 00:00:00-04:00,39.688333754884034,39.688333754884034,37.44182528702041,37.70162582397461,1300,0.0,0.0
2012-05-03 00:00:00-04:00,37.991982644548585,38.97005364644231,37.991982644548585,38.63384246826172,400,0.0,0.0
2012-05-04 00:00:00-04:00,38.205955505371094,38.205955505371094,38.205955505371094,38.205955505371094,500,0.0,0.0
2012-05-07 00:00:00-04:00,37.441826065665126,38.87837041251482,36.10461799189137,36.76176071166992,7400,0.0,0.0
2012-05-08 00:00:00-04:00,37.44947451809675,37.502965534946064,36.173397064208984,36.173397064208984,800,0.0,0.0
2012-05-09 00:00:00-04:00,36.494320991584225,38.053124401357685,36.494320991584225,36.63186264038086,900,0.0,0.0
2012-05-10 00:00:00-04:00,37.0215633430094,37.609935278455254,37.0215633430094,37.21259307861328,1000,0.0,0.0
2012-05-11 00:00:00-04:00,37.18967791025804,37.51060947140413,37.18967791025804,37.22788619995117,800,0.0,0.0
2012-05-14 00:00:00-04:00,37.13617173485606,38.221221923828125,35.67670497407387,38.221221923828125,5600,0.0,0.0
2012-05-15 00:00:00-04:00,37.73219643051922,38.80196126441859,37.63286014594654,38.588008880615234,2900,0.0,0.0
2012-05-16 00:00:00-04:00,37.441828557258646,39.71890267891419,37.28900418425252,39.543155670166016,3600,0.0,0.0
2012-05-17 00:00:00-04:00,38.412263890994105,39.382695406432205,38.412263890994105,39.19166564941406,400,0.0,0.0
2012-05-18 00:00:00-04:00,39.54316638613423,39.54316638613423,38.21359777002282,38.59565734863281,1400,0.0,0.0
2012-05-21 00:00:00-04:00,37.44183639526367,38.51160431536729,37.059776840209956,38.205955505371094,4000,0.0,0.0
2012-05-22 00:00:00-04:00,37.907945727550455,39.51259453233822,37.907945727550455,39.30628204345703,1000,0.0,0.0
2012-05-23 00:00:00-04:00,38.77139648799347,39.27571487426758,38.35112873702967,39.27571487426758,700,0.0,0.0
2012-05-24 00:00:00-04:00,39.191661204719885,39.29863739013672,39.191661204719885,39.29863739013672,400,0.0,0.0
2012-05-25 00:00:00-04:00,39.298632957508744,39.405609130859375,37.67105897970851,39.405609130859375,6700,0.0,0.0
2012-05-29 00:00:00-04:00,37.88502129918629,39.39797656460982,36.83053626635802,38.351131439208984,2500,0.0,0.0
2012-05-30 00:00:00-04:00,37.18203288893967,39.40561920979004,37.18203288893967,38.84781265258789,3100,0.0,0.0
2012-05-31 00:00:00-04:00,38.847814520174104,39.88701694542374,38.50396034786606,39.62721633911133,4800,0.0,0.0
2012-06-01 00:00:00-04:00,38.801959355759934,39.543155670166016,38.801959355759934,39.543155670166016,700,0.0,0.0
2012-06-04 00:00:00-04:00,38.95478610305932,39.6042889992019,38.95478610305932,38.9853515625,1300,0.0,0.0
2012-06-05 00:00:00-04:00,39.0006217956543,39.0006217956543,39.0006217956543,39.0006217956543,200,0.0,0.0
2012-06-06 00:00:00-04:00,39.329199119931076,39.60428237915039,37.45710730791708,39.60428237915039,2400,0.0,0.0
2012-06-07 00:00:00-04:00,38.97007167396363,39.92522048950195,38.97007167396363,39.92522048950195,1600,0.0,0.0
2012-06-08 00:00:00-04:00,39.83353107664921,40.498313903808594,39.22987626417142,40.498313903808594,11600,0.0,0.0
2012-06-11 00:00:00-04:00,40.99498588250957,40.99498588250957,38.633858034802245,40.788673400878906,4300,0.0,0.0
2012-06-12 00:00:00-04:00,40.97206767412645,41.262433764935885,38.39698697570423,39.00828170776367,4900,0.0,0.0
2012-06-13 00:00:00-04:00,40.70694438599476,40.70694438599476,39.63570785522461,39.63570785522461,700,0.07,0.0
2012-06-14 00:00:00-04:00,40.92884039496954,40.92884039496954,38.419087199005155,40.33966064453125,1700,0.0,0.0
2012-06-15 00:00:00-04:00,40.69164172886343,40.70694544185821,40.05655077456174,40.546260833740234,1800,0.0,0.0
2012-06-18 00:00:00-04:00,40.354969762194266,41.701664430123785,38.05181198202842,41.3190803527832,3300,0.0,0.0
2012-06-19 00:00:00-04:00,40.61513303181143,41.05892910905198,40.17133403568558,40.661041259765625,2900,0.0,0.0
2012-06-20 00:00:00-04:00,40.76816247882427,42.061298659368475,39.5209403618973,41.56393814086914,5500,0.0,0.0
2012-06-21 00:00:00-04:00,41.67872336498686,42.08426167985841,40.75286738967678,41.82410430908203,11600,0.0,0.0
2012-06-22 00:00:00-04:00,41.83939062089645,42.80350111215612,40.722245930690214,41.395591735839844,157800,0.0,0.0
2012-06-25 00:00:00-04:00,40.54626566348721,41.31143389106181,40.54626566348721,40.691646575927734,500,0.0,0.0
2012-06-26 00:00:00-04:00,41.066578208593,41.31908512989615,40.247848421937356,40.8599853515625,2500,0.0,0.0
2012-06-27 00:00:00-04:00,40.745210958309556,42.045997619628906,40.745210958309556,42.045997619628906,1600,0.0,0.0
2012-06-28 00:00:00-04:00,40.65338899532185,41.99243340171296,40.63043196351323,41.56393814086914,1100,0.0,0.0
2012-06-29 00:00:00-04:00,42.04599478313219,43.56102752685547,41.77818415155043,43.56102752685547,2300,0.0,0.0
2012-07-02 00:00:00-04:00,43.61459257339796,45.144929154920696,43.3773893524632,44.662872314453125,3900,0.0,0.0
2012-07-03 00:00:00-04:00,44.37975367758912,47.06549265894076,44.37975367758912,46.904808044433594,3300,0.0,0.0
2012-07-05 00:00:00-04:00,46.55282992129045,46.90480656642026,46.55282992129045,46.68290710449219,3100,0.0,0.0
2012-07-06 00:00:00-04:00,46.5298781661676,46.5298781661676,43.9971704346936,44.769989013671875,3500,0.0,0.0
2012-07-09 00:00:00-04:00,45.24439295351216,45.24439295351216,42.99479675292969,42.99479675292969,7800,0.0,0.0
2012-07-10 00:00:00-04:00,43.622238219026265,43.622238219026265,42.849419613871234,43.45390319824219,12500,0.0,0.0
2012-07-11 00:00:00-04:00,43.59928510717123,43.7523193359375,43.43094716363981,43.7523193359375,700,0.0,0.0
2012-07-12 00:00:00-04:00,43.576332137435465,43.9971740884172,42.84942172089327,43.270263671875,7300,0.0,0.0
2012-07-13 00:00:00-04:00,42.8570741611785,44.440975189208984,42.8570741611785,44.440975189208984,2700,0.0,0.0
2012-07-16 00:00:00-04:00,43.23200225322067,45.856529349183624,39.45207248754297,44.769989013671875,8400,0.0,0.0
2012-07-17 00:00:00-04:00,45.07605325846124,45.083703655254546,42.8876719961058,43.576324462890625,2700,0.0,0.0
2012-07-18 00:00:00-04:00,44.08133805234876,44.08133805234876,44.05838394165039,44.05838394165039,700,0.0,0.0
2012-07-19 00:00:00-04:00,44.47922584480155,44.47922584480155,44.05838394165039,44.05838394165039,600,0.0,0.0
2012-07-20 00:00:00-04:00,44.11958407056696,44.11958407056696,40.6763282807135,41.06656265258789,5700,0.0,0.0
2012-07-23 00:00:00-04:00,40.69165312229274,42.466843462342894,40.10247314200838,40.71460723876953,4100,0.0,0.0
2012-07-24 00:00:00-04:00,40.7528538944459,41.403248565452756,38.54917175055264,39.89586639404297,8100,0.0,0.0
2012-07-25 00:00:00-04:00,39.88822509222837,41.47212327132306,39.88822509222837,40.70695495605469,3700,0.0,0.0
2012-07-26 00:00:00-04:00,40.39323606355008,40.70695495605469,38.595088771338105,40.70695495605469,4800,0.0,0.0
2012-07-27 00:00:00-04:00,40.62277683371174,41.112483978271484,40.62277683371174,41.112483978271484,1300,0.0,0.0
2012-07-30 00:00:00-04:00,40.99005317225111,40.99005317225111,40.676334381103516,40.676334381103516,400,0.0,0.0
2012-07-31 00:00:00-04:00,40.99770583722755,40.99770583722755,36.85814385257432,40.94414138793945,5400,0.0,0.0
2012-08-01 00:00:00-04:00,40.24785174411671,40.55392023419309,39.406167774734804,39.43677520751953,3700,0.0,0.0
2012-08-02 00:00:00-04:00,39.597445171882065,42.03067971740412,39.597445171882065,39.81169128417969,1700,0.0,0.0
2012-08-03 00:00:00-04:00,40.76049613347519,41.005349638478215,39.421452250978184,39.628047943115234,5400,0.0,0.0
2012-08-06 00:00:00-04:00,39.949428387613146,40.171327851515784,39.3066870252335,39.513282775878906,1600,0.0,0.0
2012-08-07 00:00:00-04:00,39.987685869646796,41.41855239868164,38.258407150742556,41.41855239868164,5700,0.0,0.0
2012-08-08 00:00:00-04:00,41.56393392877039,41.56393392877039,40.9747540993997,41.3190803527832,2800,0.0,0.0
2012-08-09 00:00:00-04:00,41.11249786121908,41.617508889440025,40.55392527840546,41.326744079589844,6600,0.0,0.0
2012-08-10 00:00:00-04:00,41.31908719833583,42.08425547978649,41.31908719833583,41.89296340942383,3600,0.0,0.0
2012-08-13 00:00:00-04:00,42.068953509599126,44.39506588226679,42.068953509599126,43.85944747924805,3600,0.0,0.0
2012-08-14 00:00:00-04:00,44.32619793180165,45.137277345455324,44.32619793180165,44.4256706237793,1600,0.0,0.0
2012-08-15 00:00:00-04:00,44.17316679153917,44.54044723510742,44.03543626034038,44.54044723510742,1200,0.0,0.0
2012-08-16 00:00:00-04:00,44.80059427398292,45.871830843771924,44.80059427398292,45.5810661315918,1000,0.0,0.0
2012-08-17 00:00:00-04:00,45.12196778265116,47.21087653017537,45.12196778265116,46.736473083496094,1600,0.0,0.0
2012-08-20 00:00:00-04:00,46.22380834296985,46.22380834296985,44.57104523719576,45.90243911743164,1600,0.0,0.0
2012-08-21 00:00:00-04:00,45.86418458121778,46.981332462279035,44.81590487938883,45.52751159667969,1000,0.0,0.0
2012-08-22 00:00:00-04:00,45.53515076793404,46.67525248171464,45.53515076793404,46.59108352661133,3400,0.0,0.0
2012-08-23 00:00:00-04:00,46.13199800351002,46.300333046477746,45.68054858490095,46.29268264770508,29800,0.0,0.0
2012-08-24 00:00:00-04:00,46.67524868435407,47.057832689963526,46.67524868435407,46.74411392211914,1600,0.0,0.0
2012-08-27 00:00:00-04:00,47.35624711316958,47.35624711316958,45.39741889876579,47.01192092895508,1300,0.0,0.0
2012-08-28 00:00:00-04:00,47.440433502197266,47.440433502197266,47.440433502197266,47.440433502197266,1400,0.0,0.0
2012-08-29 00:00:00-04:00,49.55468142379798,49.55468142379798,49.02611673257695,49.45509338378906,600,0.07,0.0
2012-08-30 00:00:00-04:00,48.91886821433232,48.91886821433232,48.520530700683594,48.520530700683594,200,0.0,0.0
2012-08-31 00:00:00-04:00,48.97248576552125,48.97248576552125,43.434067996450345,47.91535949707031,1600,0.0,0.0
2012-09-04 00:00:00-04:00,49.072073029171634,49.072073029171634,47.923026429828134,48.87290573120117,1100,0.0,0.0
2012-09-05 00:00:00-04:00,49.7921361188008,51.55401404228976,49.7921361188008,50.78031921386719,9300,0.0,0.0
2012-09-06 00:00:00-04:00,51.43912426701542,51.43912426701542,50.627125200007264,51.36252212524414,3100,0.0,0.0
2012-09-07 00:00:00-04:00,50.55817586170484,50.55817586170484,49.79980486020223,49.922367095947266,2600,0.0,0.0
2012-09-10 00:00:00-04:00,49.799807443880724,50.55051651823211,48.39796563779219,49.355506896972656,9400,0.0,0.0
2012-09-11 00:00:00-04:00,49.60829734934347,49.60829734934347,48.11453245607106,49.09505081176758,1200,0.0,0.0
2012-09-12 00:00:00-04:00,49.60062984520038,49.73085403442383,49.60062984520038,49.73085403442383,300,0.0,0.0
2012-09-13 00:00:00-04:00,49.79215742834788,49.79215742834788,48.97250214753293,49.01080322265625,1800,0.0,0.0
2012-09-14 00:00:00-04:00,49.79214703595196,51.707229614257805,49.79214703595196,51.70722961425781,2700,0.0,0.0
2012-09-17 00:00:00-04:00,50.519885219503315,50.94120580071559,49.85344010205571,50.19049072265625,1500,0.0,0.0
2012-09-18 00:00:00-04:00,49.792154156969396,50.24411090478936,49.792154156969396,50.060264587402344,1600,0.0,0.0
2012-09-19 00:00:00-04:00,50.21347027778411,50.21347027778411,49.79214974984569,50.09856414794922,1800,0.0,0.0
2012-09-20 00:00:00-04:00,50.849276057047206,50.849276057047206,49.7921524625836,50.55818557739258,800,0.0,0.0
2012-09-21 00:00:00-04:00,51.278258070557875,51.278258070557875,49.991322216576904,50.46625900268555,4900,0.0,0.0
2012-09-24 00:00:00-04:00,50.680753681059066,50.680753681059066,50.55818557739258,50.55818557739258,1900,0.0,0.0
2012-09-25 00:00:00-04:00,51.2399470660532,51.2399470660532,49.91471324466796,50.02195739746094,3600,0.0,0.0
2012-09-26 00:00:00-04:00,50.51989015745996,50.51989015745996,50.17517753504348,50.496910095214844,600,0.0,0.0
2012-09-27 00:00:00-04:00,50.021972126966894,50.49690898793804,50.021972126966894,50.44328689575195,900,0.0,0.0
2012-09-28 00:00:00-04:00,49.799809782988895,50.512220747055984,49.799809782988895,49.97599411010742,1000,0.0,0.0
2012-10-01 00:00:00-04:00,50.34369758716436,50.78799819946289,49.80747089648267,50.78799819946289,500,0.0,0.0
2012-10-02 00:00:00-04:00,50.60415267944335,50.60415267944335,50.60415267944335,50.60415267944336,700,0.0,0.0
2012-10-03 00:00:00-04:00,50.23645782470703,50.23645782470703,50.23645782470703,50.23645782470703,300,0.0,0.0
2012-10-04 00:00:00-04:00,50.38199620235368,51.13271123850121,49.899397436210315,50.88758087158203,1000,0.0,0.0
2012-10-05 00:00:00-04:00,50.59648455140618,50.89523696899414,50.38965235808019,50.89523696899414,900,0.0,0.0
2012-10-08 00:00:00-04:00,50.76500659190059,50.918216705322266,50.542862155083576,50.918216705322266,400,0.0,0.0
2012-10-09 00:00:00-04:00,50.51987095716691,51.76084644609393,50.35134861662706,50.6347770690918,5900,0.0,0.0
2012-10-10 00:00:00-04:00,50.66542239695367,51.32421124768232,49.34018857340438,51.18632507324219,2100,0.0,0.0
2012-10-11 00:00:00-04:00,51.40081895113286,51.87576156888209,50.9412002679648,51.2016487121582,7100,0.0,0.0
2012-10-12 00:00:00-04:00,51.255295542989934,51.8298205699406,50.71140670776367,50.71140670776367,1200,0.0,0.0
2012-10-15 00:00:00-04:00,50.95651914160908,51.78383629065237,50.36667622727577,51.01780319213867,1100,0.0,0.0
2012-10-16 00:00:00-04:00,52.0902461770324,52.0902461770324,50.864594494681754,51.05610275268555,4000,0.0,0.0
2012-10-17 00:00:00-04:00,51.30889050619358,52.09024155804242,50.849266052246094,50.849266052246094,2200,0.0,0.0
2012-10-18 00:00:00-04:00,51.20164537790592,52.04428639393797,49.82278941819287,51.937042236328125,1500,0.0,0.0
2012-10-19 00:00:00-04:00,51.27059837226291,52.07493550823872,49.90706031607989,50.31305694580078,1200,0.0,0.0
2012-10-22 00:00:00-04:00,49.998976914629246,50.71904988513336,49.90705668477332,50.43561553955078,4700,0.0,0.0
2012-10-23 00:00:00-04:00,50.50453897022638,50.634763133863935,49.60828206373349,50.40495681762695,1900,0.0,0.0
2012-10-24 00:00:00-04:00,50.519878630892975,50.71138689840109,49.723209381103516,49.723209381103516,1200,0.0,0.0
2012-10-25 00:00:00-04:00,49.899389923365526,49.9836540222168,49.899389923365526,49.9836540222168,300,0.0,0.0
2012-10-26 00:00:00-04:00,49.99132615081355,51.285918229803954,49.049102783203125,49.049102783203125,1300,0.0,0.0
2012-10-31 00:00:00-04:00,49.20230468148,50.251766204833984,47.73917877124753,50.251766204833984,2400,0.0,0.0
2012-11-01 00:00:00-04:00,50.10621842539393,53.85977523191292,50.10621842539393,53.22397232055664,32000,0.0,0.0
2012-11-02 00:00:00-04:00,52.810329928457804,53.201002646965435,51.12505340576172,51.12505340576172,17700,0.0,0.0
2012-11-05 00:00:00-05:00,51.32422076982366,51.63063519702479,48.68140583231374,50.03728485107422,6300,0.0,0.0
2012-11-06 00:00:00-05:00,51.07907546821857,51.63062010710859,50.19047447348079,51.040771484375,9800,0.0,0.0
2012-11-07 00:00:00-05:00,50.734377819066005,50.734377819066005,50.02962288319269,50.03728485107422,2400,0.0,0.0
2012-11-08 00:00:00-05:00,49.76150986374109,49.76150986374109,45.57896980636373,46.68205642700195,5700,0.0,0.0
2012-11-09 00:00:00-05:00,46.13817256358049,46.41394494295344,44.06988264046763,44.8895378112793,12000,0.0,0.0
2012-11-12 00:00:00-05:00,44.85889658731537,45.87771902717146,44.583124220983144,44.96614074707031,2000,0.0,0.0
2012-11-13 00:00:00-05:00,45.19596227685376,46.19180492902541,44.42992901792403,45.80878829956055,3000,0.0,0.0
2012-11-14 00:00:00-05:00,45.67089142817334,45.923683747314705,44.115845210300805,44.789955139160156,4700,0.0,0.0
2012-11-15 00:00:00-05:00,44.66737899021312,45.961973525872445,43.763459943762946,45.34914779663086,4700,0.0,0.0
2012-11-16 00:00:00-05:00,45.601937131487695,46.95015665800276,43.656215806418615,45.34914779663086,4600,0.0,0.0
2012-11-19 00:00:00-05:00,45.96199152721825,46.712703704833984,45.69388107885003,46.712703704833984,3800,0.0,0.0
2012-11-20 00:00:00-05:00,46.19179663780547,46.36032485961914,43.717510006247984,46.36032485961914,3000,0.0,0.0
2012-11-21 00:00:00-05:00,44.973800602352185,46.19945526123047,44.973800602352185,46.19945526123047,700,0.0,0.0
2012-11-23 00:00:00-05:00,46.475216071912364,48.42094039916992,45.96197541575132,48.42094039916992,1900,0.0,0.0
2012-11-26 00:00:00-05:00,47.164651891203,47.93834686279297,46.91952156334067,47.93834686279297,1700,0.0,0.0
2012-11-27 00:00:00-05:00,47.79280428120575,47.79280428120575,46.728018747781206,47.37148666381836,700,0.0,0.0
2012-11-28 00:00:00-05:00,46.06157859789513,47.02677917480469,46.06157859789513,47.02677917480469,800,0.0,0.0
2012-11-29 00:00:00-05:00,46.183036787584264,47.02677448802257,46.12934473426516,46.60490417480469,1300,0.08,0.0
2012-11-30 00:00:00-05:00,46.41313638292468,47.54067512085388,45.285600570992315,46.06797409057617,1600,0.0,0.0
2012-12-03 00:00:00-05:00,46.604900929568416,46.865692138671875,46.07564947256312,46.865692138671875,1200,0.0,0.0
2012-12-04 00:00:00-05:00,47.44864603628068,49.742072303455586,47.21853679816247,48.323062896728516,700,0.0,0.0
2012-12-05 00:00:00-05:00,47.793798222555196,47.939533350582074,46.55887537528469,47.46397399902344,1800,0.0,0.0
2012-12-06 00:00:00-05:00,47.11114081070318,47.11114081070318,46.78898852370712,46.79665756225586,800,0.0,0.0
2012-12-07 00:00:00-05:00,46.336443444452925,47.486992448628385,46.336443444452925,47.3259162902832,2200,0.0,0.0
2012-12-10 00:00:00-05:00,47.25687179577489,47.25687179577489,46.988408670842894,47.05744171142578,1300,0.0,0.0
2012-12-11 00:00:00-05:00,47.37193412571173,47.479321152167344,46.63558350028553,47.12648391723633,3200,0.0,0.0
2012-12-12 00:00:00-05:00,47.724761489882184,47.724761489882184,46.02194846052386,46.244388580322266,2100,0.0,0.0
2012-12-13 00:00:00-05:00,46.64324939400415,46.64324939400415,44.30379782710947,45.53105163574219,3800,0.0,0.0
2012-12-14 00:00:00-05:00,45.80718540236315,46.428479903092374,45.80718540236315,46.02195358276367,2200,0.0,0.0
2012-12-17 00:00:00-05:00,46.76597957870228,46.76597957870228,44.57226582667827,44.9404411315918,8000,0.0,0.0
2012-12-18 00:00:00-05:00,45.25492795049984,46.60490417480469,45.25492795049984,46.60490417480469,1000,0.0,0.0
2012-12-19 00:00:00-05:00,46.49752856970415,46.49752856970415,45.29328728051272,45.33163833618164,2400,0.0,0.0
2012-12-20 00:00:00-05:00,45.53105319714145,45.822526389011806,45.10151391049025,45.676788330078125,800,0.0,0.0
2012-12-21 00:00:00-05:00,45.57707004245871,45.86087417602539,45.33929183854751,45.86087417602539,6800,0.0,0.0
2012-12-24 00:00:00-05:00,45.76117234275583,46.589569091796875,45.43902000212719,46.589569091796875,900,0.0,0.0
2012-12-26 00:00:00-05:00,46.021953534357074,46.021953534357074,45.6000862121582,45.6000862121582,200,0.0,0.0
2012-12-27 00:00:00-05:00,45.60009346241905,46.029629891063145,45.60009346241905,45.70747756958008,900,0.0,0.0
2012-12-28 00:00:00-05:00,48.069939937949265,48.069939937949265,45.254931214349135,45.42367935180664,4300,0.0,0.0
2012-12-31 00:00:00-05:00,46.02195358276367,46.77364514016251,45.998943542291336,46.02195358276367,3100,0.0,0.0
2013-01-02 00:00:00-05:00,46.75831887632914,48.93669214958846,46.443835544759914,47.66341781616211,7200,0.0,0.0
2013-01-03 00:00:00-05:00,47.057443916036284,48.123621576320986,46.098653266353416,48.077598571777344,2400,0.0,0.0
2013-01-04 00:00:00-05:00,46.382456137101556,48.3000373840332,46.382456137101556,48.3000373840332,300,0.0,0.0
2013-01-07 00:00:00-05:00,48.11595320941877,48.453446489977196,46.97307630812057,47.70942687988281,1600,0.0,0.0
2013-01-08 00:00:00-05:00,47.533013167888264,48.32305584297007,46.92705668603072,47.81681442260742,1800,0.0,0.0
2013-01-09 00:00:00-05:00,47.81681442260742,47.81681442260742,47.81681442260742,47.81681442260742,0,0.0,0.0
2013-01-10 00:00:00-05:00,48.28470310642255,49.50428506633368,48.28470310642255,49.33553695678711,1400,0.0,0.0
2013-01-11 00:00:00-05:00,49.28951859502788,51.383514404296875,49.013386379213024,51.383514404296875,3100,0.0,0.0
2013-01-14 00:00:00-05:00,50.90029357980019,52.23492892156477,50.66251530077194,52.09686279296875,1300,0.0,0.0
2013-01-15 00:00:00-05:00,51.50624417544976,51.50624417544976,51.05369186401367,51.05369186401367,1000,0.0,0.0
2013-01-16 00:00:00-05:00,52.18890229018347,52.18890229018347,51.698001861572266,51.698001861572266,500,0.0,0.0
2013-01-17 00:00:00-05:00,52.48035435892723,52.55705642700196,51.16872968327358,52.55705642700195,2600,0.0,0.0
2013-01-18 00:00:00-05:00,51.68265514987152,54.835159644813245,51.49089699739085,51.73634719848633,1900,0.0,0.0
2013-01-22 00:00:00-05:00,50.28664945552157,52.36530685424805,50.23295741393061,52.36530685424805,1100,0.0,0.0
2013-01-23 00:00:00-05:00,51.60594697697527,51.9280992306951,51.099708557128906,51.099708557128906,1200,0.0,0.0
2013-01-24 00:00:00-05:00,52.12752874193227,52.12752874193227,49.96449729513262,50.64715576171875,500,0.0,0.0
2013-01-25 00:00:00-05:00,50.74687560239361,50.74687560239361,49.82643304415793,50.263641357421875,900,0.0,0.0
2013-01-28 00:00:00-05:00,49.47359877836544,50.263641357421875,49.47359877836544,50.263641357421875,800,0.0,0.0
2013-01-29 00:00:00-05:00,50.25597268752783,51.391183494828375,50.25597268752783,50.50142288208008,700,0.0,0.0
2013-01-30 00:00:00-05:00,49.60399679561094,50.24063525755168,49.60399679561094,50.056549072265625,1300,0.0,0.0
2013-01-31 00:00:00-05:00,51.276132014540394,51.276132014540394,50.317341192084534,50.97698974609375,700,0.0,0.0
2013-02-01 00:00:00-05:00,48.52249074478885,50.58580780029297,48.52249074478885,50.58580780029297,400,0.0,0.0
2013-02-04 00:00:00-05:00,50.54746165637005,51.52159071756451,50.24831933864915,50.60882568359375,1500,0.0,0.0
2013-02-05 00:00:00-05:00,51.00767114754983,51.53692554788451,50.140926361083984,50.140926361083984,800,0.0,0.0
2013-02-06 00:00:00-05:00,49.918487132142324,50.792903900146484,49.918487132142324,50.792903900146484,900,0.0,0.0
2013-02-07 00:00:00-05:00,50.524440199130254,50.524440199130254,49.91848373413086,49.91848373413086,500,0.0,0.0
2013-02-08 00:00:00-05:00,50.14858970232484,51.1457344314945,49.48894119262695,49.48894119262695,1800,0.0,0.0
2013-02-11 00:00:00-05:00,49.373893301632144,50.93864059448242,49.373893301632144,50.93864059448242,400,0.0,0.0
2013-02-12 00:00:00-05:00,50.478427078233295,50.539791107177734,50.478427078233295,50.539791107177734,500,0.0,0.0
2013-02-13 00:00:00-05:00,49.9721565246582,49.9721565246582,49.9721565246582,49.9721565246582,300,0.0,0.0
2013-02-14 00:00:00-05:00,49.72672671789235,50.52444135389615,49.67303466796875,49.67303466796875,1200,0.0,0.0
2013-02-15 00:00:00-05:00,50.67017607462419,52.978946039269026,49.49661703123837,49.895477294921875,2600,0.0,0.0
2013-02-19 00:00:00-05:00,50.171605520023064,50.800572022269144,49.872457420130836,50.7161979675293,600,0.0,0.0
2013-02-20 00:00:00-05:00,50.24063007251636,50.73920238103931,49.66535568237305,49.66535568237305,3200,0.0,0.0
2013-02-21 00:00:00-05:00,49.941501115821964,51.50624857464612,49.941501115821964,50.73921585083008,2400,0.0,0.0
2013-02-22 00:00:00-05:00,51.23010210859908,51.23010210859908,50.64715576171875,50.64715576171875,400,0.0,0.0
2013-02-25 00:00:00-05:00,50.685511308553785,50.685511308553785,50.08722686767578,50.08722686767578,3800,0.0,0.0
2013-02-26 00:00:00-05:00,50.6241576638022,51.25312423706055,50.1332572091613,51.25312423706055,400,0.0,0.0
2013-02-27 00:00:00-05:00,51.199428883960145,51.544591232267635,50.53210837830506,50.93864059448242,5400,0.0,0.0
2013-02-28 00:00:00-05:00,50.50910106869463,50.570465087890625,49.918488476919386,50.570465087890625,1100,0.0,0.0
2013-03-01 00:00:00-05:00,51.05369769142707,51.84374048333778,51.05369769142707,51.23011779785156,400,0.0,0.0
2013-03-04 00:00:00-05:00,50.470744217363766,51.322150817483596,50.19461203073064,50.8159065246582,4900,0.0,0.0
2013-03-05 00:00:00-05:00,51.084367176460574,51.084367176460574,50.7161948258521,50.8619270324707,900,0.0,0.0
2013-03-06 00:00:00-05:00,50.82357791491252,52.073838852723206,50.616475851278956,50.9002799987793,900,0.0,0.0
2013-03-07 00:00:00-05:00,51.06135559082031,51.06135559082031,51.06135559082031,51.06135559082031,200,0.0,0.0
2013-03-08 00:00:00-05:00,51.483234040760294,51.92810853427146,50.654837366782665,50.746883392333984,1000,0.0,0.0
2013-03-11 00:00:00-04:00,51.690331524127494,51.690331524127494,50.5474544764046,50.73154067993164,700,0.0,0.0
2013-03-12 00:00:00-04:00,51.360504150390625,51.360504150390625,51.360504150390625,51.360504150390625,400,0.0,0.0
2013-03-13 00:00:00-04:00,50.62416122638717,51.23011779785156,50.62416122638717,51.23011779785156,300,0.0,0.0
2013-03-14 00:00:00-04:00,51.32225036621094,51.32225036621094,51.32225036621094,51.32225036621094,200,0.08,0.0
2013-03-15 00:00:00-04:00,50.86149220118975,51.42209419607463,50.86149220118975,51.299224853515625,2800,0.0,0.0
2013-03-18 00:00:00-04:00,51.153316497802734,51.153316497802734,51.153316497802734,51.153316497802734,300,0.0,0.0
2013-03-19 00:00:00-04:00,50.63109588623047,50.63109588623047,50.63109588623047,50.63109588623047,200,0.0,0.0
2013-03-20 00:00:00-04:00,50.37769097443066,51.44514465332031,49.939958213008374,51.44514465332031,2000,0.0,0.0
2013-03-21 00:00:00-04:00,50.86916559085917,51.22242299355123,50.86916559085917,51.11491012573242,2300,0.0,0.0
2013-03-22 00:00:00-04:00,51.15331484806015,51.15331484806015,50.83077621459961,50.83077621459961,400,0.0,0.0
2013-03-25 00:00:00-04:00,50.83077621459961,50.83077621459961,50.83077621459961,50.83077621459961,0,0.0,0.0
2013-03-26 00:00:00-04:00,50.968997955322266,50.968997955322266,50.968997955322266,50.968997955322266,200,0.0,0.0
2013-03-27 00:00:00-04:00,56.02980641211407,56.02980641211407,50.684858410127504,53.19606018066406,800,0.0,0.0
2013-03-28 00:00:00-04:00,52.489549940446615,54.14064891607258,52.489549940446615,53.042476654052734,2000,0.0,0.0
2013-04-01 00:00:00-04:00,53.050156146685616,54.80108677856028,53.050156146685616,54.1636848449707,2600,0.0,0.0
2013-04-02 00:00:00-04:00,54.70893602196509,54.70893602196509,52.73529827495845,53.917945861816406,3600,0.0,0.0
2013-04-03 00:00:00-04:00,53.98706465582177,56.03749648399182,52.32828439549581,52.6047477722168,3300,0.0,0.0
2013-04-04 00:00:00-04:00,53.303572475617585,53.656829833984375,53.295891312019506,53.656829833984375,1100,0.0,0.0
2013-04-05 00:00:00-04:00,53.51092762880847,53.810428619384766,52.7122563676009,53.810428619384766,2400,0.0,0.0
2013-04-08 00:00:00-04:00,54.23280920813496,54.23280920813496,53.60308837451063,53.917945861816406,1000,0.0,0.0
2013-04-09 00:00:00-04:00,54.294227600097656,54.294227600097656,54.294227600097656,54.294227600097656,500,0.0,0.0
2013-04-10 00:00:00-04:00,54.931630018041886,55.115936939371295,54.37102809011996,54.40174102783203,2600,0.0,0.0
2013-04-11 00:00:00-04:00,53.94866776770869,54.762695612878176,53.94866776770869,54.378719329833984,7100,0.0,0.0
2013-04-12 00:00:00-04:00,54.23280469573916,54.294236439532696,53.810428500214506,54.0638542175293,1000,0.0,0.0
2013-04-15 00:00:00-04:00,53.75667041829733,53.75667041829733,52.48954772949219,52.48954772949219,2900,0.0,0.0
2013-04-16 00:00:00-04:00,53.18071571294812,54.025462371964885,52.98872756958008,52.98872756958008,1400,0.0,0.0
2013-04-17 00:00:00-04:00,53.49558369757054,53.49558369757054,52.405086496269874,52.52796173095703,1100,0.0,0.0
2013-04-18 00:00:00-04:00,52.48955195136419,52.61242716310072,52.412757873535156,52.412757873535156,900,0.0,0.0
2013-04-19 00:00:00-04:00,52.97335103681184,54.21742998497659,52.97335103681184,53.77969741821289,1700,0.0,0.0
2013-04-22 00:00:00-04:00,53.725950088856244,53.725950088856244,53.58003725556093,53.60308074951172,900,0.0,0.0
2013-04-23 00:00:00-04:00,53.75667043638316,54.501585235586404,53.74898927151172,54.05617141723633,1200,0.0,0.0
2013-04-24 00:00:00-04:00,53.87955761345352,53.87955761345352,53.84883880615234,53.848838806152344,400,0.0,0.0
2013-04-25 00:00:00-04:00,54.18672384064651,54.75501288098192,54.117610931396484,54.117610931396484,2900,0.0,0.0
2013-04-26 00:00:00-04:00,53.74129671245628,53.933284759521484,52.60472489586577,53.933284759521484,1700,0.0,0.0
2013-04-29 00:00:00-04:00,53.242148275685146,54.21744537353516,53.242148275685146,54.217445373535156,500,0.0,0.0
2013-04-30 00:00:00-04:00,53.44948397332064,53.44948397332064,53.23445824638557,53.25749588012695,3100,0.0,0.0
2013-05-01 00:00:00-04:00,52.64313572570413,55.11593736125138,51.2377815246582,51.2377815246582,5900,0.0,0.0
2013-05-02 00:00:00-04:00,51.83679254529419,52.83513311569743,51.83679254529419,52.06718063354492,3300,0.0,0.0
2013-05-03 00:00:00-04:00,52.973352758514125,52.973352758514125,52.14396286010742,52.14396286010742,1200,0.0,0.0
2013-05-06 00:00:00-04:00,52.28988240133023,52.95800317904121,52.220769489332135,52.91960906982422,1200,0.0,0.0
2013-05-07 00:00:00-04:00,52.25917994684465,52.95033264160157,50.684874677645624,52.95033264160156,3600,0.0,0.0
2013-05-08 00:00:00-04:00,53.26519096475111,53.52629202740533,52.312931414169306,52.98872756958008,2500,0.0,0.0
2013-05-09 00:00:00-04:00,53.18069733141627,53.57235464903719,53.18069733141627,53.2805290222168,1300,0.0,0.0
2013-05-10 00:00:00-04:00,53.58771364665502,53.58771364665502,53.572357177734375,53.572357177734375,1100,0.0,0.0
2013-05-13 00:00:00-04:00,53.4648523561082,53.94097913137704,53.4648523561082,53.810428619384766,1000,0.0,0.0
2013-05-14 00:00:00-04:00,53.94097238990738,54.97770690917969,53.91025359227563,54.97770690917969,1500,0.0,0.0
2013-05-15 00:00:00-04:00,55.12362205277976,55.12362205277976,54.96235275268555,54.96235275268555,300,0.0,0.0
2013-05-16 00:00:00-04:00,53.894905653114066,54.98539677608515,53.894905653114066,54.44015121459961,500,0.0,0.0
2013-05-17 00:00:00-04:00,54.55534219478068,55.630476785619976,54.55534219478068,55.29257583618164,3300,0.0,0.0
2013-05-20 00:00:00-04:00,55.914627158948655,56.34468460083008,55.906951851407,56.34468460083008,600,0.0,0.0
2013-05-21 00:00:00-04:00,55.88389055747569,57.312282413195646,55.88389055747569,56.5596923828125,2000,0.0,0.0
2013-05-22 00:00:00-04:00,57.61177960741471,57.61177960741471,54.755001941279296,55.484554290771484,3500,0.0,0.0
2013-05-23 00:00:00-04:00,55.484570245445816,55.914621786997,54.90092468261719,54.90092468261719,5500,0.0,0.0
2013-05-24 00:00:00-04:00,54.793413571507266,55.46921556898565,54.77805709838867,54.77805709838867,1800,0.0,0.0
2013-05-28 00:00:00-04:00,54.885559536712144,57.12797916188928,54.885559536712144,56.25251388549805,2500,0.0,0.0
2013-05-29 00:00:00-04:00,54.93931575430495,55.75334342868445,54.93931575430495,55.63047409057617,2900,0.0,0.0
2013-05-30 00:00:00-04:00,55.73798159920939,56.06052017211915,55.73798159920939,56.06052017211914,300,0.0,0.0
2013-05-31 00:00:00-04:00,55.06218473566834,56.16803806653753,55.016109466552734,55.016109466552734,8100,0.0,0.0
2013-06-03 00:00:00-04:00,55.092898594378575,57.12797344366188,53.80273844372826,56.06052017211914,6100,0.0,0.0
2013-06-04 00:00:00-04:00,55.9069367110398,55.9069367110398,54.524620056152344,54.524620056152344,6800,0.0,0.0
2013-06-05 00:00:00-04:00,54.340321948219916,55.05451802608181,53.833470472763786,54.486228942871094,3900,0.0,0.0
2013-06-06 00:00:00-04:00,54.51694883591583,54.53998647453086,54.50159236317676,54.509273529052734,2700,0.0,0.0
2013-06-07 00:00:00-04:00,54.97004912213569,55.40010070800782,54.33264705092277,55.40010070800781,2900,0.0,0.0
2013-06-10 00:00:00-04:00,55.09290174863385,55.09290174863385,54.94699478149414,54.94699478149414,300,0.0,0.0
2013-06-11 00:00:00-04:00,54.70892767067039,54.97003453495631,54.47854546466598,54.501583099365234,2900,0.0,0.0
2013-06-12 00:00:00-04:00,54.91673916793018,55.23195189496773,54.563083146208996,55.085880279541016,4000,0.08,0.0
2013-06-13 00:00:00-04:00,55.03205897505708,55.731681132899844,54.9090451339816,55.65480041503906,6800,0.0,0.0
2013-06-14 00:00:00-04:00,55.17045725469489,55.55486678376624,54.81680119182412,55.04744338989258,5100,0.0,0.0
2013-06-17 00:00:00-04:00,55.59330934285109,55.92390180295714,54.43239668127185,54.85524368286133,3100,0.0,0.0
2013-06-18 00:00:00-04:00,54.624596427288445,55.20121072089547,54.624596427288445,55.04744338989258,3400,0.0,0.0
2013-06-19 00:00:00-04:00,54.9705567947477,55.13969790800049,53.81732833052222,54.355499267578125,4100,0.0,0.0
2013-06-20 00:00:00-04:00,53.89421121935883,54.46313564218307,52.79479980468751,52.7947998046875,5500,0.0,0.0
2013-06-21 00:00:00-04:00,53.140783292497034,54.086427589524824,52.3335208154613,52.979331970214844,6000,0.0,0.0
2013-06-24 00:00:00-04:00,52.46420791761747,52.879370889405486,51.549317278803194,52.50265121459961,3500,0.0,0.0
2013-06-25 00:00:00-04:00,53.048531710332554,53.801977205354646,52.471917235220246,53.68665313720703,4300,0.0,0.0
2013-06-26 00:00:00-04:00,53.58670107389914,53.64051818847656,53.30992566589366,53.64051818847656,600,0.0,0.0
2013-06-27 00:00:00-04:00,53.832704614068774,54.73222731555999,53.51749186942116,54.247867584228516,18600,0.0,0.0
2013-06-28 00:00:00-04:00,54.4938944848094,55.20121249895798,53.37910916084418,54.5400276184082,41600,0.0,0.0
2013-07-01 00:00:00-04:00,53.84807908345801,55.108941671639876,53.28683867823929,53.840389251708984,22900,0.0,0.0
2013-07-02 00:00:00-04:00,53.81733322143555,54.16329944589524,53.133084739727195,53.81733322143555,21000,0.0,0.0
2013-07-03 00:00:00-04:00,53.89420729496986,54.032594940782474,52.4027025185707,52.771732330322266,20200,0.0,0.0
2013-07-05 00:00:00-04:00,53.17153437479975,54.20174920373986,52.256637724006275,53.77889633178711,23200,0.0,0.0
2013-07-08 00:00:00-04:00,52.84094310842713,55.63175452968476,52.84094310842713,54.947505950927734,4300,0.0,0.0
2013-07-09 00:00:00-04:00,54.6323030767417,55.708651378142214,54.6323030767417,55.001338958740234,2600,0.0,0.0
2013-07-10 00:00:00-04:00,54.655344027865105,55.35497218627444,54.40163819655219,55.04744338989258,16000,0.0,0.0
2013-07-11 00:00:00-04:00,54.98594598769577,56.085357666015625,54.3632043196658,56.085357666015625,4400,0.0,0.0
2013-07-12 00:00:00-04:00,54.95519203645883,59.675740857322026,54.95519203645883,55.8008918762207,20600,0.0,0.0
2013-07-15 00:00:00-04:00,56.16992058568782,56.39287882465961,55.07819889054935,55.80857467651367,12600,0.0,0.0
2013-07-16 00:00:00-04:00,55.8162701966165,56.50820861812667,55.485677721096344,56.200679779052734,7400,0.0,0.0
2013-07-17 00:00:00-04:00,56.56971054855375,58.361060451792454,56.36212610767458,57.52304458618164,24700,0.0,0.0
2013-07-18 00:00:00-04:00,58.122723872909404,58.584014168403854,56.961805367842636,57.653743743896484,10200,0.0,0.0
2013-07-19 00:00:00-04:00,57.33853154996177,58.122724473847775,57.046376529482664,57.661434173583984,10000,0.0,0.0
2013-07-22 00:00:00-04:00,57.36157340000015,58.57630855966725,57.36157340000015,58.33797073364258,3500,0.0,0.0
2013-07-23 00:00:00-04:00,58.62245179970342,59.27594681057536,58.03046371978088,58.39180374145508,16500,0.0,0.0
2013-07-24 00:00:00-04:00,58.622466459488216,59.4681664418443,57.423110334169586,57.692195892333984,25600,0.0,0.0
2013-07-25 00:00:00-04:00,57.69987185433422,58.36874067158125,57.353899763625634,58.122718811035156,13200,0.0,0.0
2013-07-26 00:00:00-04:00,58.31491819417351,58.36105132138717,56.43900388014465,57.13862609863281,9800,0.0,0.0
2013-07-29 00:00:00-04:00,57.33083902505439,57.93820680704577,56.431322101922795,56.823421478271484,11600,0.0,0.0
2013-07-30 00:00:00-04:00,57.28470687810045,57.892074608364005,56.78497334149133,57.43077850341797,6800,0.0,0.0
2013-07-31 00:00:00-04:00,57.27702015001168,57.661429681219815,56.931053918173944,57.33083724975586,6200,0.0,0.0
2013-08-01 00:00:00-04:00,58.04583986840439,58.361058503056846,57.2308935300331,57.63836669921875,21800,0.0,0.0
2013-08-02 00:00:00-04:00,57.100192390273605,58.06121627224392,56.22373907916661,57.323150634765625,16400,0.0,0.0
2013-08-05 00:00:00-04:00,57.07713439439178,58.38413052236722,57.07713439439178,57.99203109741211,3500,0.0,0.0
2013-08-06 00:00:00-04:00,57.92282086103158,58.77621042347166,55.35496820693154,57.300079345703125,10300,0.0,0.0
2013-08-07 00:00:00-04:00,56.7465342783427,58.122721132035544,56.11610286891698,57.06944274902344,26100,0.0,0.0
2013-08-08 00:00:00-04:00,56.94643469407747,58.27649441585492,56.94643469407747,57.876705169677734,1400,0.0,0.0
2013-08-09 00:00:00-04:00,57.46922540921155,57.50766870891213,56.43132083915996,56.73884963989258,9900,0.0,0.0
2013-08-12 00:00:00-04:00,56.446692375007046,57.63067439767032,56.446692375007046,57.538414001464844,13900,0.0,0.0
2013-08-13 00:00:00-04:00,57.738299572222665,57.82287012245769,56.72345883502523,57.615291595458984,6400,0.0,0.0
2013-08-14 00:00:00-04:00,57.277012373679334,57.53072403758076,56.585074138322334,56.98486328125,9100,0.0,0.0
2013-08-15 00:00:00-04:00,56.43132285383389,56.969493875111404,54.78605045664354,56.715782165527344,27800,0.0,0.0
2013-08-16 00:00:00-04:00,56.46209204735039,57.0463905001546,56.43133857105135,56.654296875,5800,0.0,0.0
2013-08-19 00:00:00-04:00,56.30062617161625,56.631218624512684,55.3703498840332,55.3703498840332,5600,0.0,0.0
2013-08-20 00:00:00-04:00,55.677875596445475,56.5082015991211,55.677875596445475,56.508201599121094,18800,0.0,0.0
2013-08-21 00:00:00-04:00,56.29292777282182,56.854162354626304,54.83986034099455,55.20120620727539,27000,0.0,0.0
2013-08-22 00:00:00-04:00,55.23195978719795,56.63121614114959,55.10126195159502,56.5850830078125,9000,0.0,0.0
2013-08-23 00:00:00-04:00,56.9694877440402,56.9694877440402,54.57846014209959,54.8475456237793,15900,0.0,0.0
2013-08-26 00:00:00-04:00,54.66303883731333,55.893148269205334,54.66303883731333,55.339603424072266,13100,0.0,0.0
2013-08-27 00:00:00-04:00,55.10895540318969,56.10073278350782,54.78605277674875,54.85524368286133,1400,0.0,0.0
2013-08-28 00:00:00-04:00,54.97839654189286,55.21699613072908,54.35495587572916,54.79367446899414,2600,0.08,0.0
2013-08-29 00:00:00-04:00,54.70130752429024,55.40941365876834,54.44731101772467,54.9783935546875,2500,0.0,0.0
2013-08-30 00:00:00-04:00,55.34013012897775,56.871795475295656,54.362630821456186,54.8475341796875,7400,0.0,0.0
2013-09-03 00:00:00-04:00,55.30166887552334,55.97129455171044,54.92452621459961,54.92452621459961,4900,0.0,0.0
2013-09-04 00:00:00-04:00,55.40940658955662,56.39459862873975,55.25547253551216,56.05594253540039,10200,0.0,0.0
2013-09-05 00:00:00-04:00,55.571046215483065,56.14830780029297,55.49407917861678,56.14830780029297,12600,0.0,0.0
2013-09-06 00:00:00-04:00,56.05593571469745,56.87949513526356,56.0405387878418,56.0405387878418,1100,0.0,0.0
2013-09-09 00:00:00-04:00,56.80255248151966,57.20278466832971,56.72557955864004,56.979576110839844,800,0.0,0.0
2013-09-10 00:00:00-04:00,57.22587042182488,57.27205534694831,56.07904558751705,56.2945556640625,10100,0.0,0.0
2013-09-11 00:00:00-04:00,55.99436339195878,57.29512780209485,55.801942899202906,57.21815490722656,8500,0.0,0.0
2013-09-12 00:00:00-04:00,56.94878819621657,57.164298287279635,55.54796673209709,56.69479751586914,10200,0.0,0.0
2013-09-13 00:00:00-04:00,56.91799797312355,58.0417391848886,56.61012978206339,57.42599105834961,2200,0.0,0.0
2013-09-16 00:00:00-04:00,57.733850384073314,58.803707929873255,57.733850384073314,58.50353240966797,8700,0.0,0.0
2013-09-17 00:00:00-04:00,58.35728134030357,58.949933818691584,57.84929434057198,58.91145324707031,7300,0.0,0.0
2013-09-18 00:00:00-04:00,59.265516053065326,59.265516053065326,57.06422498703199,59.02691650390625,12700,0.0,0.0
2013-09-19 00:00:00-04:00,58.72675279801402,59.07310743080942,57.803130656877904,58.495845794677734,3700,0.0,0.0
2013-09-20 00:00:00-04:00,58.34959137589662,59.07309434535665,57.195068359375,57.195068359375,31300,0.0,0.0
2013-09-23 00:00:00-04:00,57.61840860302468,57.79543221641299,56.66400434174992,57.41059112548828,4800,0.0,0.0
2013-09-24 00:00:00-04:00,57.733843219306806,58.46503870399727,57.72614475578804,58.457340240478516,1500,0.0,0.0
2013-09-25 00:00:00-04:00,57.88009561764552,58.01094604667196,57.49525454074041,57.53374099731445,5100,0.0,0.0
2013-09-26 00:00:00-04:00,56.53312444749688,58.40345140961727,56.53312444749688,57.679954528808594,14300,0.0,0.0
2013-09-27 00:00:00-04:00,57.649192784778116,57.78003733771449,57.425984262129134,57.6107063293457,5100,0.0,0.0
2013-09-30 00:00:00-04:00,57.00266092389614,58.26493924154751,56.06364771564617,57.803131103515625,24100,0.0,0.0
2013-10-01 00:00:00-04:00,57.67997527262634,58.14948179751437,57.418280319507865,57.56452178955078,2400,0.0,0.0
2013-10-02 00:00:00-04:00,57.37980521308747,57.91858035588668,56.66400059639216,56.76405715942383,13500,0.0,0.0
2013-10-03 00:00:00-04:00,56.83332700139668,57.61840608095572,56.42539640242584,57.3413200378418,15200,0.0,0.0
2013-10-04 00:00:00-04:00,57.48754827071328,57.833902808645455,56.68707831652006,56.93337631225586,7700,0.0,0.0
2013-10-07 00:00:00-04:00,56.61781482877667,57.7107679012962,56.510059801828184,57.38749694824219,10100,0.0,0.0
2013-10-08 00:00:00-04:00,57.218147930418056,57.40287580892852,56.59470748901367,56.59470748901367,9300,0.0,0.0
2013-10-09 00:00:00-04:00,56.756356120201545,57.07192859825148,56.456180572509766,56.456180572509766,4200,0.0,0.0
2013-10-10 00:00:00-04:00,56.54085532852832,58.111007766214335,56.51006733498044,57.42599105834961,4300,0.0,0.0
2013-10-11 00:00:00-04:00,57.695358506392985,58.58049392700195,57.35669656788343,58.58049392700195,2200,0.0,0.0
2013-10-14 00:00:00-04:00,57.88009178365877,58.580505315890804,57.88009178365877,58.180267333984375,1600,0.0,0.0
2013-10-15 00:00:00-04:00,58.010928135443606,59.265507544800045,57.93395524606138,59.00381851196289,12300,0.0,0.0
2013-10-16 00:00:00-04:00,60.643264427100505,60.804896992922885,58.72675729268146,60.12757873535156,16500,0.0,0.0
2013-10-17 00:00:00-04:00,60.38155919610067,60.68943321462131,59.550306979965946,60.18144607543945,8400,0.0,0.0
2013-10-18 00:00:00-04:00,60.64326226544718,60.72792777865184,60.17375564575195,60.17375564575195,2700,0.0,0.0
2013-10-21 00:00:00-04:00,58.94995665555175,60.158363342285156,58.94995665555175,60.158363342285156,1100,0.0,0.0
2013-10-22 00:00:00-04:00,59.48102624181323,60.34307222800178,59.06539724162632,60.07368469238281,7100,0.0,0.0
2013-10-23 00:00:00-04:00,58.77292219398236,59.650359266971485,58.77292219398236,59.62726974487305,1600,0.0,0.0
2013-10-24 00:00:00-04:00,59.36556522528992,60.19682312011719,59.36556522528992,60.19682312011719,17400,0.0,0.0
2013-10-25 00:00:00-04:00,59.98902468296495,61.87474347687672,59.48873014410824,59.95823669433594,4600,0.0,0.0
2013-10-28 00:00:00-04:00,61.112757667084836,61.112757667084836,59.64266209148601,60.00441360473633,5400,0.0,0.0
2013-10-29 00:00:00-04:00,59.95054542373599,60.712529149071656,59.658068304973085,59.72733688354492,1400,0.0,0.0
2013-10-30 00:00:00-04:00,60.30458224395326,60.30458224395326,58.64976480468025,59.542598724365234,1500,0.0,0.0
2013-10-31 00:00:00-04:00,58.811397912140436,60.63554029149569,58.77291146752836,60.1429443359375,17300,0.0,0.0
2013-11-01 00:00:00-04:00,59.91203260977399,60.527780440963205,58.88836020831621,59.634952545166016,13100,0.0,0.0
2013-11-04 00:00:00-05:00,59.58109163068425,60.65094923413733,58.49583709745316,60.373863220214844,14800,0.0,0.0
2013-11-05 00:00:00-05:00,60.5739788839102,60.643253326416016,60.5739788839102,60.643253326416016,400,0.0,0.0
2013-11-06 00:00:00-05:00,60.18145154042382,60.97422324636413,59.881275959965045,60.751014709472656,16500,0.0,0.0
2013-11-07 00:00:00-05:00,60.851065749308624,61.31287971316508,58.57280740793128,61.151241302490234,14800,0.0,0.0
2013-11-08 00:00:00-05:00,60.68944677264519,61.305194947244644,60.68944677264519,60.78181076049805,4000,0.0,0.0
2013-11-11 00:00:00-05:00,61.682323425590965,61.682323425590965,60.30459175296104,60.35077667236328,6700,0.0,0.0
2013-11-12 00:00:00-05:00,60.93573813334346,60.93573813334346,60.158363342285156,60.158363342285156,2800,0.0,0.0
2013-11-13 00:00:00-05:00,60.712528228759766,60.712528228759766,60.712528228759766,60.712528228759766,400,0.0,0.0
2013-11-14 00:00:00-05:00,60.273783551128176,61.42061373098824,60.22760451942064,60.743289947509766,2500,0.0,0.0
2013-11-15 00:00:00-05:00,60.58936729355401,61.182019843072574,59.711930293265056,60.42003631591797,14100,0.0,0.0
2013-11-18 00:00:00-05:00,60.24300980605198,60.712516313362684,60.07368469238281,60.07368469238281,1100,0.0,0.0
2013-11-19 00:00:00-05:00,60.66634709722494,60.71252614732298,59.273224278651924,59.788909912109375,11900,0.0,0.0
2013-11-20 00:00:00-05:00,60.07369443227585,60.512413024902344,59.76582039642016,60.512413024902344,5000,0.0,0.0
2013-11-21 00:00:00-05:00,60.420026160559864,61.305161476206834,60.266092137058905,60.47390365600586,3600,0.0,0.0
2013-11-22 00:00:00-05:00,60.83567806225836,61.9902012914637,59.850485846223215,61.482208251953125,9800,0.0,0.0
2013-11-25 00:00:00-05:00,60.97420041025184,61.77467028241889,60.95880348397944,61.23588943481445,15300,0.0,0.0
2013-11-26 00:00:00-05:00,61.58226300580455,61.58226300580455,60.73561391780716,60.835670471191406,2400,0.0,0.0
2013-11-27 00:00:00-05:00,61.72941179055263,61.72941179055263,60.8510856628418,60.8510856628418,1300,0.08,0.0
2013-11-29 00:00:00-05:00,61.136149896713654,61.24401409123896,60.63534849175603,60.86648941040039,3400,0.0,0.0
2013-12-02 00:00:00-05:00,60.7971477618664,61.32876244433968,60.7971477618664,60.881893157958984,4200,0.0,0.0
2013-12-03 00:00:00-05:00,61.05910057249074,61.05910057249074,60.596824645996094,60.596824645996094,3400,0.0,0.0
2013-12-04 00:00:00-05:00,60.72011093972128,61.32877665117036,60.72011093972128,60.89731979370117,800,0.0,0.0
2013-12-05 00:00:00-05:00,61.136161473559355,62.28414826305351,60.71241088001289,61.4982795715332,14700,0.0,0.0
2013-12-06 00:00:00-05:00,61.906604708603524,61.906604708603524,59.59521929911124,61.7139892578125,3800,0.0,0.0
2013-12-09 00:00:00-05:00,61.521387853171355,62.39201365154274,61.09763729157746,61.536800384521484,2700,0.0,0.0
2013-12-10 00:00:00-05:00,61.613829636579666,61.613829636579666,60.797142028808594,60.797142028808594,2300,0.0,0.0
2013-12-11 00:00:00-05:00,60.21929663076871,60.58140873623798,59.87258529663086,59.87258529663086,1400,0.0,0.0
2013-12-12 00:00:00-05:00,60.30404101725725,61.32875659682606,59.32555714169878,60.60452651977539,17300,0.0,0.0
2013-12-13 00:00:00-05:00,60.9743456469286,61.467440722733606,60.9743456469286,61.17466735839844,1500,0.0,0.0
2013-12-16 00:00:00-05:00,61.143852140737756,62.83886583880783,61.143852140737756,61.75251770019531,7700,0.0,0.0
2013-12-17 00:00:00-05:00,61.34418203638835,63.80195163815568,59.57211721568803,61.22090530395508,29000,0.0,0.0
2013-12-18 00:00:00-05:00,61.590732458773005,62.25333023071289,60.627654985390436,62.25333023071289,3800,0.0,0.0
2013-12-19 00:00:00-05:00,62.615420368530934,62.615420368530934,61.99134826660156,61.99134826660156,1400,0.0,0.0
2013-12-20 00:00:00-05:00,61.883498514872194,64.37209299571497,60.22700428256116,63.74031448364258,22300,0.0,0.0
2013-12-23 00:00:00-05:00,63.416721479181525,63.740319966886474,61.5676174942526,63.13935470581055,4700,0.0,0.0
2013-12-24 00:00:00-05:00,63.56311410757211,63.56311410757211,62.60003662109375,62.60003662109375,1200,0.0,0.0
2013-12-26 00:00:00-05:00,63.254913411168936,63.254913411168936,61.49055516128615,61.844966888427734,3300,0.0,0.0
2013-12-27 00:00:00-05:00,62.13776057976984,63.56311408358831,61.69089121545446,62.214805603027344,21800,0.0,0.0
2013-12-30 00:00:00-05:00,62.51526523958082,63.54768702990695,60.71238758585554,61.59071350097656,5300,0.0,0.0
2013-12-31 00:00:00-05:00,61.77564539330156,62.715610004210724,61.09764092750813,62.39201736450195,16300,0.0,0.0
2014-01-02 00:00:00-05:00,63.23952102081626,63.23952102081626,61.55991366154364,61.94514465332031,9300,0.0,0.0
2014-01-03 00:00:00-05:00,62.1377643077435,63.32427654720133,62.1377643077435,62.54610824584961,9800,0.0,0.0
2014-01-06 00:00:00-05:00,62.45363140164759,62.45363140164759,61.57530542306929,61.77562713623047,2800,0.0,0.0
2014-01-07 00:00:00-05:00,62.56151588431501,63.16248121881274,62.21481031432229,63.00067901611328,2300,0.0,0.0
2014-01-08 00:00:00-05:00,62.407420780371055,63.34738534250669,62.17627983362482,62.384307861328125,18100,0.0,0.0
2014-01-09 00:00:00-05:00,62.57691608419662,62.59232273571502,61.636951631313835,61.744815826416016,11500,0.0,0.0
2014-01-10 00:00:00-05:00,61.952828068359025,62.569193900966255,61.868076811175136,62.415103912353516,12900,0.0,0.0
2014-01-13 00:00:00-05:00,62.14544757897674,62.60772345336372,61.36727956556206,61.636940002441406,6300,0.0,0.0
2014-01-14 00:00:00-05:00,61.81416752687427,62.37660148309948,61.49056902638145,61.94514465332031,3700,0.0,0.0
2014-01-15 00:00:00-05:00,61.90660886263229,62.769528256215835,61.821857588344734,62.39970397949219,5400,0.0,0.0
2014-01-16 00:00:00-05:00,62.407420667820624,62.407420667820624,61.58302658054489,61.94514465332031,3200,0.0,0.0
2014-01-17 00:00:00-05:00,62.19937898218439,62.19937898218439,61.44432388907086,61.59071350097656,2200,0.0,0.0
2014-01-21 00:00:00-05:00,61.82955990163557,62.04528826670624,61.52137400375301,61.82185363769531,3400,0.0,0.0
2014-01-22 00:00:00-05:00,61.56761169433594,61.56761169433594,61.56761169433594,61.56761169433594,700,0.0,0.0
2014-01-23 00:00:00-05:00,61.56760557028137,61.91431103076857,61.43662259622088,61.9066047668457,1700,0.0,0.0
2014-01-24 00:00:00-05:00,61.06678843027756,61.06678843027756,60.31173347133416,60.41959762573242,1400,0.0,0.0
2014-01-27 00:00:00-05:00,60.51978074499299,60.51978074499299,59.74931889402253,60.057498931884766,1800,0.0,0.0
2014-01-28 00:00:00-05:00,60.04979672169494,61.16696402040628,59.3101540726081,60.02668380737305,6400,0.0,0.0
2014-01-29 00:00:00-05:00,60.09602057658874,60.689273577942885,59.51817422489077,60.3887939453125,4100,0.0,0.0
2014-01-30 00:00:00-05:00,61.55220749416591,62.19169235229492,61.55220749416591,62.19169235229492,2100,0.0,0.0
2014-01-31 00:00:00-05:00,61.636946912956816,61.72940444946288,60.68157588169004,61.72940444946289,7500,0.0,0.0
2014-02-03 00:00:00-05:00,62.02218658739917,62.02218658739917,60.41192394347826,61.13615417480469,16400,0.0,0.0
2014-02-04 00:00:00-05:00,61.136154174804695,61.136154174804695,60.94353868850842,61.13615417480469,2300,0.0,0.0
2014-02-05 00:00:00-05:00,59.98045705980732,60.951240688692806,59.98045705980732,60.86648941040039,2300,0.0,0.0
2014-02-06 00:00:00-05:00,62.137760395606804,62.137760395606804,61.11304454265947,61.91432571411133,3600,0.0,0.0
2014-02-07 00:00:00-05:00,60.09600466409288,62.006752014160156,60.09600466409288,62.006752014160156,9700,0.0,0.0
2014-02-10 00:00:00-05:00,61.598402429433,62.006752014160156,61.251697061479284,62.006752014160156,2800,0.0,0.0
2014-02-11 00:00:00-05:00,62.006763767153274,62.23789876354744,61.636939543503345,62.16856002807617,11100,0.0,0.0
2014-02-12 00:00:00-05:00,62.16857944604948,63.06231229194079,62.13776026127275,62.384307861328125,16900,0.0,0.0
2014-02-13 00:00:00-05:00,61.75251889726906,61.99136019147649,61.49055880974313,61.92972183227539,3500,0.0,0.0
2014-02-14 00:00:00-05:00,61.71399216065276,61.94513306373698,61.698585510253906,61.698585510253906,1000,0.0,0.0
2014-02-18 00:00:00-05:00,61.19007444461741,61.31335115352713,60.13454554582369,61.251712799072266,2500,0.0,0.0
2014-02-19 00:00:00-05:00,60.86648222193495,60.86648222193495,59.07901108041707,59.340965270996094,6500,0.0,0.0
2014-02-20 00:00:00-05:00,59.325550966835706,60.22698974609375,59.325550966835706,60.22698974609375,1500,0.0,0.0
2014-02-21 00:00:00-05:00,60.026685775463584,60.78944136388073,58.67067126859954,59.972747802734375,2700,0.0,0.0
2014-02-24 00:00:00-05:00,58.78622967075444,60.28862762451172,58.78622967075444,60.28862762451172,2100,0.0,0.0
2014-02-25 00:00:00-05:00,59.479643237727934,59.479643237727934,59.140644073486335,59.14064407348633,1700,0.0,0.0
2014-02-26 00:00:00-05:00,58.90951833935027,59.43343268578206,58.693789939906246,59.27934265136719,3000,0.0,0.0
2014-02-27 00:00:00-05:00,58.72459844054885,59.84947194600791,58.72459844054885,59.79553985595703,4500,0.0,0.0
2014-02-28 00:00:00-05:00,59.7339173750806,60.689288600488965,58.55511146632959,59.26393508911133,5300,0.0,0.0
2014-03-03 00:00:00-05:00,58.740016523300596,60.75092265228321,58.169876334908935,59.37950134277344,5600,0.0,0.0
2014-03-04 00:00:00-05:00,60.13455334240219,62.923621644287984,60.13455334240219,61.60613250732422,9400,0.0,0.0
2014-03-05 00:00:00-05:00,61.08220982737613,61.59841781639747,60.612227664787454,61.17466735839844,2500,0.0,0.0
2014-03-06 00:00:00-05:00,60.689276501455126,61.629240886002066,60.36568393967392,61.367286682128906,5400,0.0,0.0
2014-03-07 00:00:00-05:00,61.020572343434395,61.52907995407226,59.949630909322956,61.328758239746094,4300,0.0,0.0
2014-03-10 00:00:00-04:00,60.71238061761176,61.721683502197266,60.481239770411506,61.721683502197266,6200,0.0,0.0
2014-03-11 00:00:00-04:00,61.17467601441644,61.79104200730801,60.22700529135566,60.912715911865234,9400,0.0,0.0
2014-03-12 00:00:00-04:00,60.912733411028036,60.912733411028036,59.32558332262849,60.219322204589844,5400,0.0,0.0
2014-03-13 00:00:00-04:00,59.62543077460706,60.219297517507606,58.23718208957265,58.29887771606445,8200,0.08,0.0
2014-03-14 00:00:00-04:00,58.615105796404116,58.615105796404116,58.05208969116211,58.05208969116211,1700,0.0,0.0
2014-03-17 00:00:00-04:00,58.07523611936162,59.532900878602554,58.07523611936162,58.915897369384766,7100,0.0,0.0
2014-03-18 00:00:00-04:00,58.92360640305177,59.26295300782352,58.30660294753417,58.61510467529297,3600,0.0,0.0
2014-03-19 00:00:00-04:00,58.61509630579899,58.80019496235211,58.16006088256837,58.16006088256836,1900,0.0,0.0
2014-03-20 00:00:00-04:00,58.11379770184354,58.46086439752059,58.11379770184354,58.28347396850586,1100,0.0,0.0
2014-03-21 00:00:00-04:00,58.34516470292988,59.73341357621482,58.34516470292988,59.494327545166016,3200,0.0,0.0
2014-03-24 00:00:00-04:00,58.32203143905939,58.692228806096814,57.11116700855009,58.1523551940918,7900,0.0,0.0
2014-03-25 00:00:00-04:00,58.31431160223049,59.3786362841036,58.31431160223049,59.00072479248047,9300,0.0,0.0
2014-03-26 00:00:00-04:00,58.098359381406986,58.136918414266184,58.098359381406986,58.1060676574707,2200,0.0,0.0
2014-03-27 00:00:00-04:00,58.144641483766634,58.24490204557929,56.540437189677476,57.4659423828125,15700,0.0,0.0
2014-03-28 00:00:00-04:00,57.3888101326846,58.067509135617236,56.44016847646101,57.288543701171875,9800,0.0,0.0
2014-03-31 00:00:00-04:00,58.16006381885145,58.53797531127929,57.89012115436535,58.5379753112793,4400,0.0,0.0
2014-04-01 00:00:00-04:00,57.58162770980428,58.60738751719443,57.58162770980428,58.27574920654297,2300,0.0,0.0
2014-04-02 00:00:00-04:00,57.84384603612761,58.80019597635443,57.465934556262056,58.021236419677734,6800,0.0,0.0
2014-04-03 00:00:00-04:00,57.57391135482605,58.005810204636774,57.12658418370465,57.65103530883789,3800,0.0,0.0
2014-04-04 00:00:00-04:00,57.072608484158934,57.11117341113173,56.68698275115786,57.09574508666992,4000,0.0,0.0
2014-04-07 00:00:00-04:00,56.95690390961947,57.21913239565439,56.463303577979715,57.118865966796875,4800,0.0,0.0
2014-04-08 00:00:00-04:00,56.632976917776,56.787224807008634,56.632976917776,56.648399353027344,2300,0.0,0.0
2014-04-09 00:00:00-04:00,56.53269837359138,57.357936674940696,56.53269837359138,57.02629852294922,5300,0.0,0.0
2014-04-10 00:00:00-04:00,56.59441673725622,56.59441673725622,54.83596476252611,55.476104736328125,3700,0.0,0.0
2014-04-11 00:00:00-04:00,54.99020977717006,55.39897194838655,54.28836840079506,54.5274543762207,4700,0.0,0.0
2014-04-14 00:00:00-04:00,56.08539335281456,56.44788239155145,54.697138711732926,56.38618087768555,4700,0.0,0.0
2014-04-15 00:00:00-04:00,56.309069829423066,56.309069829423066,54.85140506438577,54.990230560302734,7000,0.0,0.0
2014-04-16 00:00:00-04:00,55.80002733507605,57.41194552394296,54.83596326265186,56.85664367675781,11000,0.0,0.0
2014-04-17 00:00:00-04:00,56.933773422069805,56.933773422069805,55.89258529468568,55.91572189331055,3800,0.0,0.0
2014-04-21 00:00:00-04:00,55.63034911861096,57.064876877584126,54.88224036799326,55.584075927734375,6500,0.0,0.0
2014-04-22 00:00:00-04:00,55.159892119250365,56.29363250732422,55.159892119250365,56.29363250732422,1900,0.0,0.0
2014-04-23 00:00:00-04:00,55.61494277087128,56.278219491475696,55.61494277087128,55.908016204833984,2400,0.0,0.0
2014-04-24 00:00:00-04:00,55.83858788046906,56.247350073709235,54.87452388351407,55.79230880737305,4000,0.0,0.0
2014-04-25 00:00:00-04:00,55.32955162581359,55.37583069251943,54.373201920456495,54.496604919433594,4500,0.0,0.0
2014-04-28 00:00:00-04:00,54.73569740331429,55.62263744067046,54.51203385412503,54.76654815673828,3500,0.0,0.0
2014-04-29 00:00:00-04:00,55.07505280581406,55.29100220736158,54.720272064208984,54.720272064208984,3100,0.0,0.0
2014-04-30 00:00:00-04:00,54.75884057142826,55.105901291800414,54.56602775251478,54.5737419128418,3900,0.0,0.0
2014-05-01 00:00:00-04:00,54.35008810500955,54.35008810500955,52.66875978653575,53.20863342285156,10600,0.0,0.0
2014-05-02 00:00:00-04:00,53.555686950683594,53.6173825767112,52.90783286186474,53.555686950683594,4400,0.0,0.0
2014-05-05 00:00:00-04:00,51.18023495254794,53.42457309744687,51.18023495254794,51.69697189331055,2000,0.0,0.0
2014-05-06 00:00:00-04:00,52.48364673998761,52.48364673998761,50.91029357910156,50.91029357910156,9400,0.0,0.0
2014-05-07 00:00:00-04:00,51.519580867112495,51.519580867112495,49.36007522245815,50.63264083862305,11100,0.0,0.0
2014-05-08 00:00:00-04:00,51.67383331045237,52.40651963804797,50.90258206701278,51.60442352294922,9200,0.0,0.0
2014-05-09 00:00:00-04:00,51.581275061344776,53.956730027873775,50.709763375627155,53.825618743896484,14000,0.0,0.0
2014-05-12 00:00:00-04:00,52.87700659995949,54.512062072753906,52.6224980497773,54.512062072753906,2700,0.0,0.0
2014-05-13 00:00:00-04:00,55.028788765179456,56.10854195209034,54.75113777756861,55.27558898925781,7400,0.0,0.0
2014-05-14 00:00:00-04:00,55.630347004287444,55.630347004287444,53.21633286370245,53.517120361328125,2700,0.0,0.0
2014-05-15 00:00:00-04:00,53.21633283423297,53.58653599951018,50.51695363249652,52.29854202270508,6500,0.0,0.0
2014-05-16 00:00:00-04:00,51.905208617915136,54.36549596857389,51.882066138979376,53.49398422241211,30000,0.0,0.0
2014-05-19 00:00:00-04:00,53.33974075655114,54.67400216098525,52.5607753248357,54.46576690673828,16400,0.0,0.0
2014-05-20 00:00:00-04:00,53.0235159299988,54.21895755191047,52.80756655204348,52.98495101928711,20200,0.0,0.0
2014-05-21 00:00:00-04:00,53.61739280472176,53.91047209202495,52.44509330805201,52.830718994140625,6200,0.0,0.0
2014-05-22 00:00:00-04:00,52.52993951743477,53.52485464682603,52.45281554517894,52.4759521484375,3100,0.0,0.0
2014-05-23 00:00:00-04:00,51.55813237816746,53.33201217651367,51.55813237816746,53.33201217651367,3200,0.0,0.0
2014-05-27 00:00:00-04:00,52.175147968010684,53.39372634887695,52.175147968010684,53.39372634887695,1900,0.0,0.0
2014-05-28 00:00:00-04:00,53.48628488815833,53.71766266821153,52.48366157101765,52.522220611572266,2900,0.0,0.0
2014-05-29 00:00:00-04:00,52.52221448220586,52.691890716552734,51.696975793121176,52.691890716552734,2800,0.0,0.0
2014-05-30 00:00:00-04:00,51.91291233570655,53.71764306256676,51.91291233570655,53.0775032043457,8200,0.0,0.0
2014-06-02 00:00:00-04:00,53.193206533174774,53.52484484893107,51.58900231350801,51.997764587402344,8200,0.0,0.0
2014-06-03 00:00:00-04:00,51.59670907357027,51.59670907357027,50.84088027019924,51.07225799560547,17600,0.0,0.0
2014-06-04 00:00:00-04:00,51.07227062317796,52.074893951416016,50.717495671569274,52.074893951416016,10500,0.0,0.0
2014-06-05 00:00:00-04:00,50.20846686374974,53.06980895996094,50.20846686374974,53.06980895996094,5000,0.0,0.0
2014-06-06 00:00:00-04:00,52.946407428824166,53.18549346923828,52.946407428824166,53.18549346923828,1500,0.0,0.0
2014-06-09 00:00:00-04:00,52.08259074252406,54.46575992555428,52.08259074252406,53.794769287109375,10300,0.0,0.0
2014-06-10 00:00:00-04:00,54.06471554842935,54.06471554842935,53.28575007928223,53.64823913574219,5200,0.0,0.0
2014-06-11 00:00:00-04:00,53.25489227177244,54.018429234179415,52.229126868388086,52.64560317993164,4100,0.0,0.0
2014-06-12 00:00:00-04:00,52.82322212084573,52.82322212084573,51.73447876976091,52.19004821777344,13700,0.08,0.0
2014-06-13 00:00:00-04:00,52.12055444029716,52.468022446798265,51.634098052978516,51.634098052978516,22800,0.0,0.0
2014-06-16 00:00:00-04:00,51.811682819454276,52.352195725168684,51.13991065714078,52.02016830444336,20500,0.0,0.0
2014-06-17 00:00:00-04:00,51.765356684587445,52.84637663322087,51.03952791073211,52.03561019897461,6400,0.0,0.0
2014-06-18 00:00:00-04:00,52.19776863153813,52.19776863153813,50.97004284982854,51.688148498535156,6500,0.0,0.0
2014-06-19 00:00:00-04:00,50.970035417947,51.317503372008524,50.483573212959314,50.83104705810547,13500,0.0,0.0
2014-06-20 00:00:00-04:00,51.27118201415516,52.28270493164458,48.344708786619414,48.7153434753418,36300,0.0,0.0
2014-06-23 00:00:00-04:00,49.14774253691322,49.943062467858326,48.282925485694946,48.784828186035156,16000,0.0,0.0
2014-06-24 00:00:00-04:00,49.33306770205735,51.11674694823616,49.33306770205735,49.92763137817383,13500,0.0,0.0
2014-06-25 00:00:00-04:00,50.244208049663,50.90826291045899,49.61104014647204,49.70370101928711,8700,0.0,0.0
2014-06-26 00:00:00-04:00,50.27509212847009,50.54534562818307,49.4179982500343,49.63420104980469,6000,0.0,0.0
2014-06-27 00:00:00-04:00,49.64966078382211,51.44106346499888,48.962439087165116,51.33296203613281,198800,0.0,0.0
2014-06-30 00:00:00-04:00,50.97002768206753,52.33674143717503,50.2828091991203,52.02787780761719,34900,0.0,0.0
2014-07-01 00:00:00-04:00,51.79624079119791,53.355993767728705,51.79624079119791,52.67649841308594,5700,0.0,0.0
2014-07-02 00:00:00-04:00,52.50662613413798,53.278782400816475,51.749910400715734,52.838653564453125,31200,0.0,0.0
2014-07-03 00:00:00-04:00,53.58764359823198,53.58764359823198,52.807764155584,52.85409164428711,3000,0.0,0.0
2014-07-07 00:00:00-04:00,52.622445489529014,53.26333654063631,51.43332425083925,53.0162467956543,15900,0.0,0.0
2014-07-08 00:00:00-04:00,53.0934621722571,53.688019856540095,52.514345019958306,52.614723205566406,15100,0.0,0.0
2014-07-09 00:00:00-04:00,53.21701016845497,53.981449138220896,53.02397109568104,53.3173942565918,4100,0.0,0.0
2014-07-10 00:00:00-04:00,52.85409229150507,53.22472987892211,52.69966339988065,52.884979248046875,4800,0.0,0.0
2014-07-11 00:00:00-04:00,52.46800257574341,53.21699490586952,51.91205515411111,52.93901824951172,13900,0.0,0.0
2014-07-14 00:00:00-04:00,53.494975824825275,53.494975824825275,52.900418195901885,53.02396011352539,2500,0.0,0.0
2014-07-15 00:00:00-04:00,53.10891616565454,53.10891616565454,52.42942065551724,52.52207565307617,2600,0.0,0.0
2014-07-16 00:00:00-04:00,53.641701675630095,53.71119291824129,53.2865104675293,53.2865104675293,1000,0.0,0.0
2014-07-17 00:00:00-04:00,53.26333977202309,53.39460491833372,52.59928493751867,52.60700225830078,3900,0.0,0.0
2014-07-18 00:00:00-04:00,52.82321855402799,53.471827058131254,52.82321855402799,53.27106475830078,2400,0.0,0.0
2014-07-21 00:00:00-04:00,53.26333382765043,53.41003949023698,52.830922377643766,53.08573532104492,4100,0.0,0.0
2014-07-22 00:00:00-04:00,53.08573648166935,53.572192746092945,53.04712631688543,53.48725509643555,4000,0.0,0.0
2014-07-23 00:00:00-04:00,53.464100778076634,53.77296447753906,52.96992121537078,53.77296447753906,5800,0.0,0.0
2014-07-24 00:00:00-04:00,53.32511330544731,53.919676967860134,53.32511330544731,53.74980163574219,7900,0.0,0.0
2014-07-25 00:00:00-04:00,53.50270966526114,53.71118927001953,53.50270966526114,53.71118927001953,4400,0.0,0.0
2014-07-28 00:00:00-04:00,52.985362779892334,55.04701850622152,52.985362779892334,54.51422882080078,12100,0.0,0.0
2014-07-29 00:00:00-04:00,54.92347328503319,55.21689643750395,53.93511420343335,54.637779235839844,9400,0.0,0.0
2014-07-30 00:00:00-04:00,54.992966832032366,55.39448547363281,54.298025057065786,55.39448547363281,2900,0.0,0.0
2014-07-31 00:00:00-04:00,54.44474061907055,54.44474061907055,53.132071416453904,53.34827423095703,8100,0.0,0.0
2014-08-01 00:00:00-04:00,53.30967493210544,53.31739814508345,52.969924254097776,53.27106475830078,2900,0.0,0.0
2014-08-04 00:00:00-04:00,52.68421451725568,53.9505500793457,52.68421451725568,53.9505500793457,1200,0.0,0.0
2014-08-05 00:00:00-04:00,53.26333664846119,53.27877718020448,52.67649629378434,52.82320785522461,1500,0.0,0.0
2014-08-06 00:00:00-04:00,52.73828619379429,53.27879333496094,52.73828619379429,53.27879333496094,2200,0.0,0.0
2014-08-07 00:00:00-04:00,53.27879333496094,53.27879333496094,53.27879333496094,53.27879333496094,1000,0.0,0.0
2014-08-08 00:00:00-04:00,53.54903580564584,54.027774810791016,52.63017385612861,54.027774810791016,9200,0.0,0.0
2014-08-11 00:00:00-04:00,53.98144868248938,53.98144868248938,53.67258499044165,53.71118927001953,1400,0.0,0.0
2014-08-12 00:00:00-04:00,54.035502863055946,54.14360427856445,53.981452155301696,54.14360427856445,3700,0.0,0.0
2014-08-13 00:00:00-04:00,53.9582633972168,53.9582633972168,53.9582633972168,53.9582633972168,700,0.0,0.0
2014-08-14 00:00:00-04:00,54.39840471778861,54.43701488619847,54.39840471778861,54.4061279296875,3000,0.0,0.0
2014-08-15 00:00:00-04:00,54.78447723388672,54.78447723388672,54.78447723388672,54.78447723388672,300,0.0,0.0
2014-08-18 00:00:00-04:00,55.5952438105091,55.5952438105091,55.24777589312703,55.587520599365234,2900,0.0,0.0
2014-08-19 00:00:00-04:00,55.59524219779512,55.7110667972573,55.59524219779512,55.626129150390625,2700,0.0,0.0
2014-08-20 00:00:00-04:00,55.12424591220511,55.51804733276367,55.12424591220511,55.51804733276367,900,0.0,0.0
2014-08-21 00:00:00-04:00,55.324989318847656,55.324989318847656,55.324989318847656,55.324989318847656,400,0.0,0.0
2014-08-22 00:00:00-04:00,55.50259817959687,56.10488510131835,53.8347434709965,56.10488510131836,2500,0.0,0.0
2014-08-25 00:00:00-04:00,56.10488510131835,56.10488510131835,56.10488510131835,56.10488510131836,0,0.0,0.0
2014-08-26 00:00:00-04:00,55.97361984127691,56.436912536621094,55.92729233906836,56.436912536621094,1700,0.0,0.0
2014-08-27 00:00:00-04:00,55.79531068385755,56.22046434165958,55.79531068385755,56.04267120361328,1600,0.08,0.0
2014-08-28 00:00:00-04:00,54.883168525687246,55.30059051513672,54.883168525687246,55.30059051513672,1900,0.0,0.0
2014-08-29 00:00:00-04:00,55.30831809905332,55.54794692993163,54.56623068545272,55.54794692993164,13400,0.0,0.0
2014-09-02 00:00:00-04:00,55.39334613889884,56.42916636184533,55.39334613889884,55.462913513183594,700,0.0,0.0
2014-09-03 00:00:00-04:00,55.95764047205287,56.10451280793721,55.95764047205287,56.04267120361328,1100,0.0,0.0
2014-09-04 00:00:00-04:00,56.69971961053515,63.44803253261114,54.49666415402915,56.73064041137695,39100,0.0,0.0
2014-09-05 00:00:00-04:00,58.48536449376589,58.74818247930132,55.27740334992756,55.49384307861328,9100,0.0,0.0
2014-09-08 00:00:00-04:00,58.74818655870365,58.74818655870365,55.65617673982452,57.0553092956543,5000,0.0,0.0
2014-09-09 00:00:00-04:00,58.36169337448313,58.36169337448313,55.66391608702725,55.764404296875,3600,0.0,0.0
2014-09-10 00:00:00-04:00,57.69689651678883,57.69689651678883,55.81850051879882,55.81850051879883,800,0.0,0.0
2014-09-11 00:00:00-04:00,56.40597827369092,56.40597827369092,55.68708590517349,56.01174545288086,10300,0.0,0.0
2014-09-12 00:00:00-04:00,56.01173452354105,56.01173452354105,55.74891662597656,55.74891662597656,800,0.0,0.0
2014-09-15 00:00:00-04:00,56.205000987423325,56.205000987423325,55.316047092341165,55.926719665527344,3400,0.0,0.0
2014-09-16 00:00:00-04:00,56.15088653564453,56.15088653564453,56.15088653564453,56.15088653564453,600,0.0,0.0
2014-09-17 00:00:00-04:00,55.2387420214355,56.112232471564106,55.2387420214355,55.864871978759766,4300,0.0,0.0
2014-09-18 00:00:00-04:00,55.803043365478516,55.803043365478516,55.803043365478516,55.803043365478516,200,0.0,0.0
2014-09-19 00:00:00-04:00,55.803043365478516,57.975178153067276,55.803043365478516,55.803043365478516,2600,0.0,0.0
2014-09-22 00:00:00-04:00,56.042667401146836,57.27173824160816,55.2696650921655,56.15861892700195,3100,0.0,0.0
2014-09-23 00:00:00-04:00,56.01947613129151,56.04266525606704,55.69481658935547,55.69481658935547,1000,0.0,0.0
2014-09-24 00:00:00-04:00,55.76436749377583,56.66105270385742,55.65614767842634,56.66105270385742,1200,0.0,0.0
2014-09-25 00:00:00-04:00,56.66106740332034,56.66106740332034,55.385612508626934,55.501564025878906,3200,0.0,0.0
2014-09-26 00:00:00-04:00,55.96536683742552,56.892967224121094,55.26966359863413,56.892967224121094,1500,0.0,0.0
2014-09-29 00:00:00-04:00,55.24647762978662,56.622420837592045,55.24647762978662,56.483280181884766,1300,0.0,0.0
2014-09-30 00:00:00-04:00,55.71027269110743,58.73271436117428,55.71027269110743,56.583763122558594,1900,0.0,0.0
2014-10-01 00:00:00-04:00,55.269683837890625,55.269683837890625,55.269683837890625,55.269683837890625,400,0.0,0.0
2014-10-02 00:00:00-04:00,55.43972428165295,55.9808235168457,55.43972428165295,55.9808235168457,600,0.0,0.0
2014-10-03 00:00:00-04:00,55.62524199953428,55.97309655554333,55.27739334106446,55.27739334106445,400,0.0,0.0
2014-10-06 00:00:00-04:00,55.26966099137496,55.501564025878906,55.26966099137496,55.501564025878906,600,0.0,0.0
2014-10-07 00:00:00-04:00,55.957625473102105,55.957625473102105,53.569051647341496,54.643524169921875,20900,0.0,0.0
2014-10-08 00:00:00-04:00,53.337173868747165,56.421452271584926,53.25987479627172,54.09471893310547,1200,0.0,0.0
2014-10-09 00:00:00-04:00,54.30341037351693,54.30341037351693,50.27606918732809,51.79115295410156,6500,0.0,0.0
2014-10-10 00:00:00-04:00,52.17765764884733,53.94783370493522,49.78908326285253,50.11374282836914,18600,0.0,0.0
2014-10-13 00:00:00-04:00,51.041354383936515,54.49667651963937,51.041354383936515,53.2134895324707,27100,0.0,0.0
2014-10-14 00:00:00-04:00,55.540212561568666,55.79530472902481,55.18463222096587,55.462913513183594,500,0.0,0.0
2014-10-15 00:00:00-04:00,54.00966262817383,54.00966262817383,54.00966262817383,54.00966262817383,300,0.0,0.0
2014-10-16 00:00:00-04:00,51.71385120176066,54.85997009277344,51.68293040435657,54.85997009277344,1300,0.0,0.0
2014-10-17 00:00:00-04:00,55.5170233130328,55.864871978759766,55.5170233130328,55.864871978759766,400,0.0,0.0
2014-10-20 00:00:00-04:00,55.02230860122309,55.56340789794922,55.02230860122309,55.56340789794922,300,0.0,0.0
2014-10-21 00:00:00-04:00,51.18048564251914,56.521934790813745,51.18048564251914,56.04267120361328,14000,0.0,0.0
2014-10-22 00:00:00-04:00,56.04267120361328,56.04267120361328,56.04267120361328,56.04267120361328,0,0.0,0.0
2014-10-23 00:00:00-04:00,58.168428266541724,58.168428266541724,56.56831359863281,56.56831359863281,200,0.0,0.0
2014-10-24 00:00:00-04:00,55.184635162353516,55.184635162353516,55.184635162353516,55.184635162353516,200,0.0,0.0
2014-10-27 00:00:00-04:00,55.269661610894794,56.02720642089844,55.269661610894794,56.02720642089844,1300,0.0,0.0
2014-10-28 00:00:00-04:00,55.30831312436706,55.30831312436706,55.26966065300665,55.285118103027344,600,0.0,0.0
2014-10-29 00:00:00-04:00,55.285118103027344,55.285118103027344,55.285118103027344,55.285118103027344,0,0.0,0.0
2014-10-30 00:00:00-04:00,56.04267120361328,56.04267120361328,56.04267120361328,56.04267120361328,100,0.0,0.0
2014-10-31 00:00:00-04:00,57.58867233991145,58.28437560137803,56.04266771333664,57.604129791259766,3800,0.0,0.0
2014-11-03 00:00:00-05:00,57.26401063397719,61.84018274143384,56.08131808265358,57.024375915527344,18100,0.0,0.0
2014-11-04 00:00:00-05:00,56.04266052730018,58.34620972044286,55.26965831313052,57.35676193237305,1900,0.0,0.0
2014-11-05 00:00:00-05:00,57.03984057494959,57.5577507019043,57.03984057494959,57.5577507019043,1000,0.0,0.0
2014-11-06 00:00:00-05:00,57.975186566782526,57.975186566782526,57.00120178114911,57.65825271606445,2600,0.0,0.0
2014-11-07 00:00:00-05:00,58.00608323468305,58.37712097167969,57.96743076737408,58.37712097167969,1200,0.0,0.0
2014-11-10 00:00:00-05:00,58.51627965943881,58.51627965943881,57.31812947103295,57.673709869384766,4300,0.0,0.0
2014-11-11 00:00:00-05:00,57.52682918538104,57.58093910994782,55.66389672740517,57.550018310546875,4500,0.0,0.0
2014-11-12 00:00:00-05:00,56.94709127806045,56.97801208496094,56.86979220957966,56.97801208496094,1300,0.0,0.0
2014-11-13 00:00:00-05:00,56.62241581323985,57.20216751098633,56.62241581323985,57.20216751098633,1200,0.0,0.0
2014-11-14 00:00:00-05:00,57.98290731297067,57.98290731297067,56.77701964936816,57.27947235107422,1600,0.0,0.0
2014-11-17 00:00:00-05:00,57.27947235107422,57.27947235107422,57.27947235107422,57.27947235107422,0,0.0,0.0
2014-11-18 00:00:00-05:00,56.166344110659274,56.18953323364258,56.166344110659274,56.18953323364258,500,0.0,0.0
2014-11-19 00:00:00-05:00,55.70253660877633,56.0581169128418,55.70253660877633,56.0581169128418,900,0.0,0.0
2014-11-20 00:00:00-05:00,56.0581169128418,56.0581169128418,56.0581169128418,56.0581169128418,0,0.0,0.0
2014-11-21 00:00:00-05:00,57.20218461341277,57.24083709716797,55.32378831520582,57.24083709716797,3100,0.0,0.0
2014-11-24 00:00:00-05:00,55.308324185033584,56.90070724487305,55.308324185033584,56.90070724487305,900,0.0,0.0
2014-11-25 00:00:00-05:00,56.46780219108511,56.93933391405257,56.46780219108511,56.66105270385742,2600,0.0,0.0
2014-11-26 00:00:00-05:00,56.93966376113865,56.93966376113865,55.30684611640588,56.25867462158203,4400,0.08,0.0
2014-11-28 00:00:00-05:00,56.02651358987526,56.10389709472656,56.02651358987526,56.10389709472656,200,0.0,0.0
2014-12-01 00:00:00-05:00,55.91043853759765,55.94913324419969,55.03599366583462,55.910438537597656,2800,0.0,0.0
2014-12-02 00:00:00-05:00,56.018773468195235,57.705759851478746,56.018773468195235,56.10389709472656,8800,0.0,0.0
2014-12-03 00:00:00-05:00,56.10389709472656,56.10389709472656,56.10389709472656,56.10389709472656,0,0.0,0.0
2014-12-04 00:00:00-05:00,57.001561061057814,57.001561061057814,55.33004905295876,55.407432556152344,6300,0.0,0.0
2014-12-05 00:00:00-05:00,57.001586276579474,57.001586276579474,55.42293731636296,55.73247146606445,900,0.0,0.0
2014-12-08 00:00:00-05:00,55.446128845214844,55.446128845214844,55.446128845214844,55.446128845214844,500,0.0,0.0
2014-12-09 00:00:00-05:00,55.446128845214844,55.446128845214844,55.446128845214844,55.446128845214844,0,0.0,0.0
2014-12-10 00:00:00-05:00,55.956846299063464,55.956846299063464,53.47279939746564,54.68000411987305,1900,0.0,0.0
2014-12-11 00:00:00-05:00,54.37046795802991,57.28012714733519,53.6275758732723,55.941375732421875,9800,0.0,0.0
2014-12-12 00:00:00-05:00,55.71698515668478,55.71698515668478,53.77462749324589,54.08416748046875,6500,0.0,0.0
2014-12-15 00:00:00-05:00,54.556202333694735,55.461601721425694,53.00850865046935,55.09789276123047,2400,0.0,0.0
2014-12-16 00:00:00-05:00,55.63184720300487,55.63184720300487,53.395430374145505,54.16927719116211,700,0.0,0.0
2014-12-17 00:00:00-05:00,55.63185534902426,55.63185534902426,53.82105636596679,53.8210563659668,1900,0.0,0.0
2014-12-18 00:00:00-05:00,55.54672551649483,55.54672551649483,54.18475341796875,54.18475341796875,700,0.0,0.0
2014-12-19 00:00:00-05:00,55.538985224790395,57.419433286068546,54.93538563296975,55.09789276123047,4700,0.0,0.0
2014-12-22 00:00:00-05:00,55.46935353662651,60.36006637048601,55.46935353662651,57.36527633666992,500,0.0,0.0
2014-12-23 00:00:00-05:00,55.3300551352033,55.33779525756836,55.3300551352033,55.33779525756836,900,0.0,0.0
2014-12-24 00:00:00-05:00,55.33779525756836,55.33779525756836,55.33779525756836,55.33779525756836,0,0.0,0.0
2014-12-26 00:00:00-05:00,57.48909806295017,57.48909806295017,55.353278551464044,56.01104736328125,500,0.0,0.0
2014-12-29 00:00:00-05:00,56.25867462158203,56.25867462158203,56.25867462158203,56.25867462158203,200,0.0,0.0
2014-12-30 00:00:00-05:00,56.25867462158203,56.25867462158203,56.25867462158203,56.25867462158203,100,0.0,0.0
2014-12-31 00:00:00-05:00,56.413429260253906,56.413429260253906,56.413429260253906,56.413429260253906,300,0.0,0.0
2015-01-02 00:00:00-05:00,56.413429260253906,56.413429260253906,56.413429260253906,56.413429260253906,0,0.0,0.0
2015-01-05 00:00:00-05:00,56.52951916891944,56.52951916891944,55.330054096150796,55.500301361083984,700,0.0,0.0
2015-01-06 00:00:00-05:00,55.7169794331112,55.7169794331112,53.49603659971837,54.35500717163086,1400,0.0,0.0
2015-01-07 00:00:00-05:00,54.919898814087,54.919898814087,53.410894273453366,54.045448303222656,1000,0.0,0.0
2015-01-08 00:00:00-05:00,55.36873691748432,56.10388896299276,55.36873691748432,55.59314727783203,1200,0.0,0.0
2015-01-09 00:00:00-05:00,55.33005211103078,55.78661893789519,53.99129440625604,55.22171401977539,18700,0.0,0.0
2015-01-12 00:00:00-05:00,55.7092266878309,55.7092266878309,53.41090086234072,54.47881317138672,2300,0.0,0.0
2015-01-13 00:00:00-05:00,54.96634126797148,55.44612844439532,54.63358688354492,54.63358688354492,2900,0.0,0.0
2015-01-14 00:00:00-05:00,55.175300670049054,55.175300670049054,53.44961903684194,53.49604797363281,1900,0.0,0.0
2015-01-15 00:00:00-05:00,54.262144721158116,54.32404798381235,51.863214697818414,53.573421478271484,11500,0.0,0.0
2015-01-16 00:00:00-05:00,54.045469832541464,55.028258795794144,51.89417618936758,54.231197357177734,16600,0.0,0.0
2015-01-20 00:00:00-05:00,54.01451641648416,54.9508704645451,54.01451641648416,54.38595962524414,1300,0.0,0.0
2015-01-21 00:00:00-05:00,54.649074271720565,54.788366960249384,54.40144348144531,54.40144348144531,1000,0.0,0.0
2015-01-22 00:00:00-05:00,54.943135539191935,55.17529199461307,51.499518842343186,54.47108840942383,13900,0.0,0.0
2015-01-23 00:00:00-05:00,55.50032085378834,56.870027768572335,55.330073529061245,55.73247146606445,17200,0.0,0.0
2015-01-26 00:00:00-05:00,55.72471692237434,56.096160128145414,53.859743059453685,55.314579010009766,14900,0.0,0.0
2015-01-27 00:00:00-05:00,54.1692860921224,55.43065448569057,53.913915183589175,54.556209564208984,7700,0.0,0.0
2015-01-28 00:00:00-05:00,53.84426294497098,54.540726261082455,53.759139322780534,54.16927719116211,12100,0.0,0.0
2015-01-29 00:00:00-05:00,54.540740966796875,54.540740966796875,54.540740966796875,54.540740966796875,1000,0.0,0.0
2015-01-30 00:00:00-05:00,54.16928184892118,55.51577377319336,53.403175087316015,55.51577377319336,16100,0.0,0.0
2015-02-02 00:00:00-05:00,54.54075201128074,57.1021842956543,54.54075201128074,57.1021842956543,3900,0.0,0.0
2015-02-03 00:00:00-05:00,56.103908814139814,57.109912299297385,56.103908814139814,56.645599365234375,4000,0.0,0.0
2015-02-04 00:00:00-05:00,56.72298309331627,60.50709415958046,56.72298309331627,58.95166015625,11900,0.0,0.0
2015-02-05 00:00:00-05:00,59.17607235638728,59.88801007502448,54.765141560865736,57.53551483154297,29600,0.0,0.0
2015-02-06 00:00:00-05:00,58.456402982350816,59.849324037431536,56.049738344401376,56.568214416503906,17100,0.0,0.0
2015-02-09 00:00:00-05:00,57.26468186284823,57.26468186284823,56.26641845703125,56.26641845703125,3600,0.0,0.0
2015-02-10 00:00:00-05:00,56.58367919921876,56.58367919921876,56.58367919921876,56.58367919921875,400,0.0,0.0
2015-02-11 00:00:00-05:00,56.28187672969923,57.00928866004883,56.103889379433014,56.413429260253906,8200,0.0,0.0
2015-02-12 00:00:00-05:00,58.47961104266502,58.47961104266502,58.10816192626953,58.10816192626953,600,0.0,0.0
2015-02-13 00:00:00-05:00,61.11069107055664,61.11069107055664,61.11069107055664,61.11069107055664,100,0.0,0.0
2015-02-17 00:00:00-05:00,61.11069107055664,61.11069107055664,61.11069107055664,61.11069107055664,0,0.0,0.0
2015-02-18 00:00:00-05:00,60.491606129830565,61.342836473934405,58.340312856992234,58.348052978515625,4400,0.0,0.0
2015-02-19 00:00:00-05:00,60.18981761585341,63.26199109437036,56.397966204323716,59.00583267211914,8500,0.0,0.0
2015-02-20 00:00:00-05:00,56.21997830294884,57.76767209846576,54.55620629197149,57.117637634277344,2700,0.0,0.0
2015-02-23 00:00:00-05:00,57.117637634277344,57.117637634277344,57.117637634277344,57.117637634277344,0,0.0,0.0
2015-02-24 00:00:00-05:00,55.80983294363326,56.51403045654297,55.80983294363326,56.51403045654297,1400,0.0,0.0
2015-02-25 00:00:00-05:00,56.51403045654297,56.51403045654297,56.51403045654297,56.51403045654297,0,0.0,0.0
2015-02-26 00:00:00-05:00,58.78140640258789,58.78140640258789,58.78140640258789,58.78140640258789,200,0.0,0.0
2015-02-27 00:00:00-05:00,58.03851185229001,58.03851185229001,57.651588439941406,57.651588439941406,500,0.0,0.0
2015-03-02 00:00:00-05:00,57.651588439941406,57.651588439941406,57.651588439941406,57.651588439941406,0,0.0,0.0
2015-03-03 00:00:00-05:00,57.651588439941406,57.651588439941406,57.651588439941406,57.651588439941406,0,0.0,0.0
2015-03-04 00:00:00-05:00,55.956874475009194,56.18903093574934,55.716983795166016,55.716983795166016,3700,0.0,0.0
2015-03-05 00:00:00-05:00,55.94913101196289,55.98781981303803,55.028251348221644,55.94913101196289,2400,0.0,0.0
2015-03-06 00:00:00-05:00,54.96634495577735,58.309363363709124,52.15728280388481,54.94313049316406,9100,0.0,0.0
2015-03-09 00:00:00-04:00,54.16928134512597,55.02051172832417,54.16928134512597,55.01277160644531,4000,0.0,0.0
2015-03-10 00:00:00-04:00,55.01277160644531,55.01277160644531,55.01277160644531,55.01277160644531,0,0.0,0.0
2015-03-11 00:00:00-04:00,55.136591325180945,55.136591325180945,54.79609680175781,54.79609680175781,1200,0.0,0.0
2015-03-12 00:00:00-04:00,54.796098677141906,55.13659321221839,54.796098677141906,55.08242416381836,1300,0.0,0.0
2015-03-13 00:00:00-04:00,54.94313049316406,54.94313049316406,54.94313049316406,54.94313049316406,300,0.0,0.0
2015-03-16 00:00:00-04:00,54.55621019774528,54.82705545055436,54.55621019774528,54.749671936035156,6900,0.0,0.0
2015-03-17 00:00:00-04:00,53.41863952798829,55.61636734008789,53.41863952798829,55.61636734008789,10000,0.0,0.0
2015-03-18 00:00:00-04:00,57.58195238641795,57.58195238641795,57.4039649963379,57.40396499633789,600,0.0,0.0
2015-03-19 00:00:00-04:00,58.27160157826059,58.27160157826059,56.939147121727714,56.946895599365234,400,0.08,0.0
2015-03-20 00:00:00-04:00,56.575050354003906,56.575050354003906,56.575050354003906,56.575050354003906,300,0.0,0.0
2015-03-23 00:00:00-04:00,55.77711854573827,56.38911819458008,55.77711854573827,56.38911819458008,7200,0.0,0.0
2015-03-24 00:00:00-04:00,55.77713542976132,56.46660232543945,55.73839894379192,56.46660232543945,19100,0.0,0.0
2015-03-25 00:00:00-04:00,60.33227679784856,60.33227679784856,55.76939690509364,55.77714538574219,3500,0.0,0.0
2015-03-26 00:00:00-04:00,56.17222976684571,56.17222976684571,56.17222976684571,56.1722297668457,200,0.0,0.0
2015-03-27 00:00:00-04:00,56.20321943700075,56.24195001695571,56.0095488061501,56.156734466552734,9000,0.0,0.0
2015-03-30 00:00:00-04:00,56.172225413017664,62.50137953313083,55.839111727203395,58.02371597290039,4000,0.0,0.0
2015-03-31 00:00:00-04:00,56.993385044089074,57.35748672485352,56.993385044089074,57.357486724853516,500,0.0,0.0
2015-04-01 00:00:00-04:00,56.939152390989534,56.97014039405063,56.55181121826172,56.55181121826172,6800,0.0,0.0
2015-04-02 00:00:00-04:00,56.77646980768672,56.77646980768672,55.78487735116067,56.55181121826172,1200,0.0,0.0
2015-04-06 00:00:00-04:00,55.862355587028276,60.169588398736046,55.862355587028276,57.92300796508789,7700,0.0,0.0
2015-04-07 00:00:00-04:00,57.92300796508789,57.92300796508789,57.92300796508789,57.92300796508789,0,0.0,0.0
2015-04-08 00:00:00-04:00,56.09475957342304,56.908172607421875,56.09475957342304,56.908172607421875,500,0.0,0.0
2015-04-09 00:00:00-04:00,56.908172607421875,56.908172607421875,56.908172607421875,56.908172607421875,0,0.0,0.0
2015-04-10 00:00:00-04:00,56.2109489440918,56.2109489440918,56.2109489440918,56.2109489440918,400,0.0,0.0
2015-04-13 00:00:00-04:00,56.57505074296823,56.939152390989534,56.55181121826172,56.55181121826172,1400,0.0,0.0
2015-04-14 00:00:00-04:00,56.551802406535714,56.551802406535714,56.37362289428711,56.37362289428711,5500,0.0,0.0
2015-04-15 00:00:00-04:00,56.37362289428711,56.37362289428711,56.37362289428711,56.37362289428711,0,0.0,0.0
2015-04-16 00:00:00-04:00,56.37362289428711,56.37362289428711,56.37362289428711,56.37362289428711,0,0.0,0.0
2015-04-17 00:00:00-04:00,56.37362289428711,56.37362289428711,56.37362289428711,56.37362289428711,0,0.0,0.0
2015-04-20 00:00:00-04:00,56.37362289428711,56.37362289428711,56.37362289428711,56.37362289428711,0,0.0,0.0
2015-04-21 00:00:00-04:00,56.17222976684571,56.17222976684571,56.17222976684571,56.1722297668457,200,0.0,0.0
2015-04-22 00:00:00-04:00,55.970794076396125,56.12572816644417,55.11864476041852,56.11023712158203,3000,0.0,0.0
2015-04-23 00:00:00-04:00,56.11023712158203,56.11023712158203,56.11023712158203,56.11023712158203,0,0.0,0.0
2015-04-24 00:00:00-04:00,56.70676040649414,56.70676040649414,56.70676040649414,56.70676040649414,600,0.0,0.0
2015-04-27 00:00:00-04:00,56.70676040649414,56.70676040649414,56.70676040649414,56.70676040649414,0,0.0,0.0
2015-04-28 00:00:00-04:00,55.77714538574219,55.77714538574219,55.77714538574219,55.77714538574219,300,0.0,0.0
2015-04-29 00:00:00-04:00,55.77714538574219,55.77714538574219,55.77714538574219,55.77714538574219,0,0.0,0.0
2015-04-30 00:00:00-04:00,56.62928236075418,57.52016830444336,56.62928236075418,57.52016830444336,3300,0.0,0.0
2015-05-01 00:00:00-04:00,57.5201675684889,60.2315559387207,57.5201675684889,60.2315559387207,200,0.0,0.0
2015-05-04 00:00:00-04:00,59.67378356759305,59.67378356759305,57.7138380661709,59.64279556274414,1600,0.0,0.0
2015-05-05 00:00:00-04:00,59.131509170872334,59.19348518152628,58.891353607177734,58.891353607177734,700,0.0,0.0
2015-05-06 00:00:00-04:00,57.85328629879441,57.85328629879441,57.287765502929695,57.28776550292969,7200,0.0,0.0
2015-05-07 00:00:00-04:00,56.56730226461364,56.56730226461364,56.18770957024041,56.55181121826172,6800,0.0,0.0
2015-05-08 00:00:00-04:00,56.55180961897283,56.55180961897283,56.35813903808594,56.35813903808594,13200,0.0,0.0
2015-05-11 00:00:00-04:00,56.55181569066541,56.55181569066541,55.77713328394397,56.16447448730469,1200,0.0,0.0
2015-05-12 00:00:00-04:00,56.16447448730469,56.16447448730469,56.16447448730469,56.16447448730469,0,0.0,0.0
2015-05-13 00:00:00-04:00,56.16447448730469,56.16447448730469,56.16447448730469,56.16447448730469,0,0.0,0.0
2015-05-14 00:00:00-04:00,56.55181121826172,56.72999075827371,56.55181121826172,56.55181121826172,1400,0.0,0.0
2015-05-15 00:00:00-04:00,55.80812375857551,56.04052494465944,55.730656696547534,55.8546028137207,7700,0.0,0.0
2015-05-18 00:00:00-04:00,56.50533331884454,56.7299919128418,56.50533331884454,56.7299919128418,400,0.0,0.0
2015-05-19 00:00:00-04:00,56.55181121826172,56.55181121826172,56.55181121826172,56.55181121826172,600,0.0,0.0
2015-05-20 00:00:00-04:00,55.970802307128906,55.970802307128906,55.970802307128906,55.970802307128906,200,0.0,0.0
2015-05-21 00:00:00-04:00,56.16448128694025,56.334912382709696,55.97855914171833,56.1722297668457,8500,0.0,0.0
2015-05-22 00:00:00-04:00,56.14124452645365,58.29486103842856,56.12574756587843,56.33491516113281,20900,0.0,0.0
2015-05-26 00:00:00-04:00,55.010195425728966,55.78487777709961,55.010195425728966,55.78487777709961,400,0.0,0.0
2015-05-27 00:00:00-04:00,55.78487777709961,55.78487777709961,55.78487777709961,55.78487777709961,0,0.0,0.0
2015-05-28 00:00:00-04:00,55.42851866835744,55.76937484741211,55.42851866835744,55.76937484741211,400,0.0,0.0
2015-05-29 00:00:00-04:00,55.76937484741211,55.76937484741211,55.76937484741211,55.76937484741211,0,0.0,0.0
2015-06-01 00:00:00-04:00,55.76937484741211,55.76937484741211,55.76937484741211,55.76937484741211,0,0.0,0.0
2015-06-02 00:00:00-04:00,55.47500085217309,55.6221923828125,55.358797323266025,55.6221923828125,14200,0.0,0.0
2015-06-03 00:00:00-04:00,55.3897774447262,56.38911819458008,55.3897774447262,56.38911819458008,500,0.0,0.0
2015-06-04 00:00:00-04:00,55.03345156014999,55.38980484008789,54.99471506674756,55.38980484008789,8800,0.0,0.0
2015-06-05 00:00:00-04:00,55.02568193321476,55.33555603027344,55.0024424102478,55.33555603027344,8900,0.0,0.0
2015-06-08 00:00:00-04:00,55.33555603027344,55.33555603027344,55.33555603027344,55.33555603027344,0,0.0,0.0
2015-06-09 00:00:00-04:00,55.00246281094021,55.784893866390725,55.00246281094021,55.77714538574219,3500,0.0,0.0
2015-06-10 00:00:00-04:00,55.00246281094021,55.77714538574219,55.00246281094021,55.77714538574219,1000,0.0,0.0
2015-06-11 00:00:00-04:00,55.83919171457586,55.83919171457586,55.49019913313323,55.54448699951172,900,0.08,0.0
2015-06-12 00:00:00-04:00,55.148940852446565,55.44364547729492,54.87750160364784,55.44364547729492,6800,0.0,0.0
2015-06-15 00:00:00-04:00,54.3733969021228,54.3733969021228,54.32686614990234,54.326866149902344,400,0.0,0.0
2015-06-16 00:00:00-04:00,54.32686614990234,54.32686614990234,54.32686614990234,54.326866149902344,0,0.0,0.0
2015-06-17 00:00:00-04:00,53.9080696105957,53.9080696105957,53.9080696105957,53.9080696105957,300,0.0,0.0
2015-06-18 00:00:00-04:00,54.28808135790142,55.83916939669861,53.91581762514033,55.16444396972656,1000,0.0,0.0
2015-06-19 00:00:00-04:00,56.51390078780282,56.61471939086914,55.02485161654457,56.61471939086914,1700,0.0,0.0
2015-06-22 00:00:00-04:00,56.61471939086914,56.61471939086914,56.61471939086914,56.61471939086914,0,0.0,0.0
2015-06-23 00:00:00-04:00,56.61471939086914,56.61471939086914,56.61471939086914,56.61471939086914,0,0.0,0.0
2015-06-24 00:00:00-04:00,54.59054281181459,55.257511138916016,54.59054281181459,55.257511138916016,700,0.0,0.0
2015-06-25 00:00:00-04:00,55.06364008763453,55.451412200927734,55.06364008763453,55.451412200927734,500,0.0,0.0
2015-06-26 00:00:00-04:00,54.37340207983194,55.45140799975938,54.29584884643555,54.29584884643555,4900,0.0,0.0
2015-06-29 00:00:00-04:00,54.37339539918393,55.063629150390625,54.37339539918393,55.063629150390625,700,0.0,0.0
2015-06-30 00:00:00-04:00,55.06363522087576,55.06363522087576,54.326870637510225,54.97832489013672,1300,0.0,0.0
2015-07-01 00:00:00-04:00,55.62201891411629,55.62201891411629,55.11015701293946,55.11015701293945,1400,0.0,0.0
2015-07-02 00:00:00-04:00,55.11015701293946,55.11015701293946,55.11015701293946,55.11015701293945,0,0.0,0.0
2015-07-06 00:00:00-04:00,55.11015701293946,55.11015701293946,55.11015701293946,55.11015701293945,0,0.0,0.0
2015-07-07 00:00:00-04:00,54.6060676574707,54.6060676574707,54.6060676574707,54.6060676574707,300,0.0,0.0
2015-07-08 00:00:00-04:00,54.714629144600224,55.37384033203125,54.28807759671085,55.37384033203125,12100,0.0,0.0
2015-07-09 00:00:00-04:00,54.38115959715413,54.62933349609375,54.38115959715413,54.62933349609375,300,0.0,0.0
2015-07-10 00:00:00-04:00,53.59784698486328,53.59784698486328,53.59784698486328,53.59784698486328,100,0.0,0.0
2015-07-13 00:00:00-04:00,54.92402752092848,54.92402752092848,53.528045911517005,54.26481628417969,2900,0.0,0.0
2015-07-14 00:00:00-04:00,54.288080727181786,55.64528274536133,54.288080727181786,55.64528274536133,2600,0.0,0.0
2015-07-15 00:00:00-04:00,54.373395612152365,54.86974334716797,54.373395612152365,54.86974334716797,1700,0.0,0.0
2015-07-16 00:00:00-04:00,54.67585732827338,54.86974334716797,54.67585732827338,54.86974334716797,200,0.0,0.0
2015-07-17 00:00:00-04:00,54.675865173339844,54.675865173339844,54.675865173339844,54.675865173339844,200,0.0,0.0
2015-07-20 00:00:00-04:00,54.675865173339844,54.675865173339844,54.675865173339844,54.675865173339844,0,0.0,0.0
2015-07-21 00:00:00-04:00,54.675865173339844,54.675865173339844,54.675865173339844,54.675865173339844,0,0.0,0.0
2015-07-22 00:00:00-04:00,54.319107553512055,54.44319152832031,54.28808508057706,54.44319152832031,800,0.0,0.0
2015-07-23 00:00:00-04:00,55.03261184692383,55.03261184692383,55.03261184692383,55.03261184692383,700,0.0,0.0
2015-07-24 00:00:00-04:00,54.28807826074708,54.28807826074708,54.187259674072266,54.187259674072266,900,0.0,0.0
2015-07-27 00:00:00-04:00,54.187259674072266,54.187259674072266,54.187259674072266,54.187259674072266,0,0.0,0.0
2015-07-28 00:00:00-04:00,55.80816713961032,55.9477653503418,55.777144657566275,55.9477653503418,3200,0.0,0.0
2015-07-29 00:00:00-04:00,55.83917574601671,56.06408424724778,55.83917574601671,55.91672897338867,3100,0.0,0.0
2015-07-30 00:00:00-04:00,55.90897750854492,55.90897750854492,55.84693847055594,55.90897750854492,500,0.0,0.0
2015-07-31 00:00:00-04:00,55.063629150390625,55.063629150390625,54.326864648249625,55.063629150390625,1100,0.0,0.0
2015-08-03 00:00:00-04:00,54.714634793982384,55.74610387795341,53.419471740722656,53.419471740722656,5900,0.0,0.0
2015-08-04 00:00:00-04:00,53.915822390599615,54.094200134277344,53.915822390599615,54.094200134277344,600,0.0,0.0
2015-08-05 00:00:00-04:00,54.09419905971473,55.839173222931336,54.09419905971473,55.063629150390625,700,0.0,0.0
2015-08-06 00:00:00-04:00,55.063629150390625,55.063629150390625,55.063629150390625,55.063629150390625,0,0.0,0.0
2015-08-07 00:00:00-04:00,54.29584884643555,54.29584884643555,54.29584884643555,54.29584884643555,300,0.0,0.0
2015-08-10 00:00:00-04:00,54.29584884643555,54.29584884643555,54.29584884643555,54.29584884643555,0,0.0,0.0
2015-08-11 00:00:00-04:00,54.29584884643555,54.29584884643555,54.29584884643555,54.29584884643555,0,0.0,0.0
2015-08-12 00:00:00-04:00,54.29584884643555,54.29584884643555,54.29584884643555,54.29584884643555,0,0.0,0.0
2015-08-13 00:00:00-04:00,54.29584884643555,54.29584884643555,54.29584884643555,54.29584884643555,0,0.0,0.0
2015-08-14 00:00:00-04:00,54.29584884643555,54.29584884643555,54.29584884643555,54.29584884643555,0,0.0,0.0
2015-08-17 00:00:00-04:00,55.179966229738525,55.1877233278072,54.381156719697955,55.08689880371094,12200,0.0,0.0
2015-08-18 00:00:00-04:00,53.512542724609375,53.512542724609375,53.512542724609375,53.512542724609375,200,0.0,0.0
2015-08-19 00:00:00-04:00,55.80815887451172,55.80815887451172,55.80815887451172,55.80815887451172,200,0.0,0.0
2015-08-20 00:00:00-04:00,55.839173222931336,55.839173222931336,55.063629150390625,55.063629150390625,300,0.0,0.0
2015-08-21 00:00:00-04:00,55.063629150390625,55.063629150390625,55.063629150390625,55.063629150390625,0,0.0,0.0
2015-08-24 00:00:00-04:00,55.06363091952559,55.06363091952559,53.512542724609375,53.512542724609375,500,0.0,0.0
2015-08-25 00:00:00-04:00,55.451412200927734,55.451412200927734,55.451412200927734,55.451412200927734,100,0.0,0.0
2015-08-26 00:00:00-04:00,55.45140118666098,55.45140118666098,53.59009422917693,55.063629150390625,1100,0.0,0.0
2015-08-27 00:00:00-04:00,55.063629150390625,55.063629150390625,55.063629150390625,55.063629150390625,0,0.0,0.0
2015-08-28 00:00:00-04:00,53.81358898425847,55.54500563857434,53.81358898425847,55.24220275878906,2400,0.08,0.0
2015-08-31 00:00:00-04:00,55.24220275878906,55.24220275878906,55.141264516456786,55.24220275878906,500,0.0,0.0
2015-09-01 00:00:00-04:00,54.349328699246264,55.12574768066406,54.349328699246264,55.12574768066406,300,0.0,0.0
2015-09-02 00:00:00-04:00,55.90216606771981,55.90216606771981,53.89124377055943,54.67542266845703,800,0.0,0.0
2015-09-03 00:00:00-04:00,54.13970234597981,55.31985668214508,54.13970234597981,54.30274963378906,300,0.0,0.0
2015-09-04 00:00:00-04:00,54.35709744162569,54.434738159179695,53.068239020522476,54.43473815917969,800,0.0,0.0
2015-09-08 00:00:00-04:00,55.08691667517855,55.490657806396484,54.05428407593023,55.490657806396484,700,0.0,0.0
2015-09-09 00:00:00-04:00,54.6521330186073,54.6521330186073,52.21417782881583,53.27787399291992,1200,0.0,0.0
2015-09-10 00:00:00-04:00,54.34932807685401,54.65989685058594,54.271687364322695,54.65989685058594,600,0.0,0.0
2015-09-11 00:00:00-04:00,53.58844518566579,54.34933853149414,53.58844518566579,54.34933853149414,400,0.0,0.0
2015-09-14 00:00:00-04:00,54.34933853149414,54.34933853149414,54.34933853149414,54.34933853149414,0,0.0,0.0
2015-09-15 00:00:00-04:00,54.683193792742735,55.15680988595599,54.48908903072442,55.149044036865234,1800,0.0,0.0
2015-09-16 00:00:00-04:00,55.12574266756406,55.12574266756406,54.419198615395295,54.49684524536133,1000,0.0,0.0
2015-09-17 00:00:00-04:00,54.49684524536133,54.49684524536133,54.49684524536133,54.49684524536133,200,0.0,0.0
2015-09-18 00:00:00-04:00,54.372625598976605,55.90217208862305,54.372625598976605,55.90217208862305,1500,0.0,0.0
2015-09-21 00:00:00-04:00,55.90216647877675,55.90216647877675,55.87110900878906,55.87110900878906,500,0.0,0.0
2015-09-22 00:00:00-04:00,55.87110900878906,55.87110900878906,55.87110900878906,55.87110900878906,0,0.0,0.0
2015-09-23 00:00:00-04:00,55.90216718306058,55.98757374570102,54.50461063404135,55.288795471191406,3200,0.0,0.0
2015-09-24 00:00:00-04:00,55.288795471191406,55.288795471191406,55.288795471191406,55.288795471191406,0,0.0,0.0
2015-09-25 00:00:00-04:00,55.125743690955446,55.8555793762207,55.125743690955446,55.8555793762207,900,0.0,0.0
2015-09-28 00:00:00-04:00,55.8555793762207,55.8555793762207,55.8555793762207,55.8555793762207,0,0.0,0.0
2015-09-29 00:00:00-04:00,56.29037814380452,56.29037814380452,55.22668196914034,55.74688720703125,2300,0.0,0.0
2015-09-30 00:00:00-04:00,55.74688720703125,55.74688720703125,55.74688720703125,55.74688720703125,0,0.0,0.0
2015-10-01 00:00:00-04:00,56.39130155656485,56.39130155656485,55.51395034790039,55.51395034790039,1600,0.0,0.0
2015-10-02 00:00:00-04:00,55.24998474121094,55.24998474121094,55.24998474121094,55.24998474121094,100,0.0,0.0
2015-10-05 00:00:00-04:00,55.24998474121094,55.24998474121094,55.24998474121094,55.24998474121094,0,0.0,0.0
2015-10-06 00:00:00-04:00,55.12573649321018,56.08073425292969,55.12573649321018,56.08073425292969,400,0.0,0.0
2015-10-07 00:00:00-04:00,56.08073425292969,56.08073425292969,56.08073425292969,56.08073425292969,0,0.0,0.0
2015-10-08 00:00:00-04:00,56.678576225751726,57.46276092529297,56.678576225751726,57.46276092529297,2400,0.0,0.0
2015-10-09 00:00:00-04:00,56.67082870635816,57.29973220825195,56.67082870635816,57.29973220825195,12500,0.0,0.0
2015-10-12 00:00:00-04:00,57.29973220825195,57.3385496092627,57.10562743237523,57.29973220825195,17400,0.0,0.0
2015-10-13 00:00:00-04:00,56.694113207207494,57.84321594238281,56.694113207207494,57.84321594238281,1900,0.0,0.0
2015-10-14 00:00:00-04:00,56.228246368517105,59.007827009857195,56.228246368517105,58.54197692871094,2900,0.0,0.0
2015-10-15 00:00:00-04:00,56.79504101355596,58.976776123046875,56.79504101355596,58.976776123046875,3700,0.0,0.0
2015-10-16 00:00:00-04:00,57.62580995989933,59.201939331370674,57.62580995989933,57.874263763427734,4500,0.0,0.0
2015-10-19 00:00:00-04:00,57.874263763427734,57.874263763427734,57.874263763427734,57.874263763427734,0,0.0,0.0
2015-10-20 00:00:00-04:00,57.47830106815389,58.13825607299805,57.45500944453462,58.13825607299805,1100,0.0,0.0
2015-10-21 00:00:00-04:00,57.19102413562535,57.78886413574218,57.19102413562535,57.78886413574219,1500,0.0,0.0
2015-10-22 00:00:00-04:00,57.78886413574218,57.78886413574218,57.78886413574218,57.78886413574219,0,0.0,0.0
2015-10-23 00:00:00-04:00,57.22983169555664,57.22983169555664,57.22983169555664,57.22983169555664,100,0.0,0.0
2015-10-26 00:00:00-04:00,57.237610065528266,57.84321594238281,57.237610065528266,57.84321594238281,1800,0.0,0.0
2015-10-27 00:00:00-04:00,57.84321594238281,57.84321594238281,57.84321594238281,57.84321594238281,0,0.0,0.0
2015-10-28 00:00:00-04:00,57.84321594238281,57.84321594238281,57.84321594238281,57.84321594238281,0,0.0,0.0
2015-10-29 00:00:00-04:00,57.84321594238281,57.84321594238281,57.84321594238281,57.84321594238281,0,0.0,0.0
2015-10-30 00:00:00-04:00,56.678593092923585,58.767162322998054,56.678593092923585,58.76716232299805,3400,0.0,0.0
2015-11-02 00:00:00-05:00,58.767162322998054,58.767162322998054,58.767162322998054,58.76716232299805,0,0.0,0.0
2015-11-03 00:00:00-05:00,58.767162322998054,58.767162322998054,58.767162322998054,58.76716232299805,0,0.0,0.0
2015-11-04 00:00:00-05:00,62.11350865824571,62.385254073904385,61.337089800017644,62.307613372802734,9200,0.0,0.0
2015-11-05 00:00:00-05:00,62.11352139235595,62.191162109375,61.91941663800484,62.191162109375,4200,0.0,0.0
2015-11-06 00:00:00-05:00,62.307613372802734,62.307613372802734,62.307613372802734,62.307613372802734,400,0.0,0.0
2015-11-09 00:00:00-05:00,65.42881577254015,65.42881577254015,62.268791198730476,62.26879119873047,300,0.0,0.0
2015-11-10 00:00:00-05:00,62.34644707997583,62.377498626708984,62.34644707997583,62.377498626708984,600,0.0,0.0
2015-11-11 00:00:00-05:00,62.42409858047596,62.57938003540039,62.42409858047596,62.57938003540039,300,0.0,0.0
2015-11-12 00:00:00-05:00,62.54830451449379,62.990863049318754,62.54830451449379,62.889930725097656,1200,0.0,0.0
2015-11-13 00:00:00-05:00,63.11511993408203,63.11511993408203,63.11511993408203,63.11511993408203,200,0.0,0.0
2015-11-16 00:00:00-05:00,63.751751072380166,65.18035888671875,63.751751072380166,65.18035888671875,1300,0.0,0.0
2015-11-17 00:00:00-05:00,63.821642311550356,64.0157470703125,63.6663608739835,64.0157470703125,1200,0.0,0.0
2015-11-18 00:00:00-05:00,64.47383880615234,64.47383880615234,64.47383880615234,64.47383880615234,300,0.0,0.0
2015-11-19 00:00:00-05:00,64.47383880615234,64.47383880615234,64.47383880615234,64.47383880615234,0,0.0,0.0
2015-11-20 00:00:00-05:00,64.73782348632812,64.73782348632812,64.73782348632812,64.73782348632812,400,0.0,0.0
2015-11-23 00:00:00-05:00,65.21918808068759,65.42105865478516,65.21918808068759,65.42105865478516,800,0.0,0.0
2015-11-24 00:00:00-05:00,64.99403347879063,66.77203369140625,64.99403347879063,66.77203369140625,1500,0.0,0.0
2015-11-25 00:00:00-05:00,67.23786271108989,67.66489539395793,66.70989772300075,67.54843139648438,7200,0.0,0.0
2015-11-27 00:00:00-05:00,67.67292785644531,67.67292785644531,67.67292785644531,67.67292785644531,200,0.16,0.0
2015-11-30 00:00:00-05:00,67.68068493023323,67.71179962158203,67.68068493023323,67.71179962158203,5200,0.0,0.0
2015-12-01 00:00:00-05:00,67.71179962158203,67.71179962158203,67.71179962158203,67.71179962158203,0,0.0,0.0
2015-12-02 00:00:00-05:00,67.71179962158203,67.71179962158203,67.71179962158203,67.71179962158203,0,0.0,0.0
2015-12-03 00:00:00-05:00,67.90625147013772,68.09293365478516,67.90625147013772,68.09293365478516,700,0.0,0.0
2015-12-04 00:00:00-05:00,68.45075225830078,68.45075225830078,68.45075225830078,68.45075225830078,300,0.0,0.0
2015-12-07 00:00:00-05:00,67.67290923555018,69.92089390665907,67.67290923555018,68.83968353271484,2200,0.0,0.0
2015-12-08 00:00:00-05:00,68.59854125976562,68.59854125976562,68.59854125976562,68.59854125976562,800,0.0,0.0
2015-12-09 00:00:00-05:00,68.59854125976562,68.59854125976562,68.59854125976562,68.59854125976562,0,0.0,0.0
2015-12-10 00:00:00-05:00,67.672891806326,68.29517364501953,67.2839671407724,68.29517364501953,1800,0.0,0.0
2015-12-11 00:00:00-05:00,67.61068187838254,68.4507608218448,67.61068187838254,68.1007308959961,5400,0.0,0.0
2015-12-14 00:00:00-05:00,67.94516169959857,67.94516169959857,66.6772689819336,66.6772689819336,2900,0.0,0.0
2015-12-15 00:00:00-05:00,66.90282335680801,67.67289254130219,66.38943994413222,66.59168243408203,5200,0.0,0.0
2015-12-16 00:00:00-05:00,66.87952372724934,67.67292785644531,64.10260037327956,67.67292785644531,7700,0.0,0.0
2015-12-17 00:00:00-05:00,67.67291956136643,70.23204562243889,67.67291956136643,69.16638946533203,5400,0.0,0.0
2015-12-18 00:00:00-05:00,67.75069635410469,70.26315307617188,67.75069635410469,70.26315307617188,5500,0.0,0.0
2015-12-21 00:00:00-05:00,70.0064447423914,71.56214351444454,69.61752004937811,70.78429412841797,6400,0.0,0.0
2015-12-22 00:00:00-05:00,70.93210045772139,71.73328452317155,70.93210045772139,71.5621566772461,3100,0.0,0.0
2015-12-23 00:00:00-05:00,71.5621566772461,73.89570526454759,71.5621566772461,71.5621566772461,900,0.0,0.0
2015-12-24 00:00:00-05:00,71.5621566772461,71.5621566772461,71.5621566772461,71.5621566772461,0,0.0,0.0
2015-12-28 00:00:00-05:00,72.41778602950605,79.6595687866211,72.41778602950605,79.6595687866211,600,0.0,0.0
2015-12-29 00:00:00-05:00,79.34065154104522,79.34065154104522,75.76254491335325,77.0071029663086,5700,0.0,0.0
2015-12-30 00:00:00-05:00,76.5792713313077,78.53945514968095,75.84031677246094,75.84031677246094,2700,0.0,0.0
2015-12-31 00:00:00-05:00,78.56279975891113,78.56279975891113,72.67447926188645,77.78495025634766,2700,0.0,0.0
2016-01-04 00:00:00-05:00,75.79365539550781,75.79365539550781,75.79365539550781,75.79365539550781,500,0.0,0.0
2016-01-05 00:00:00-05:00,75.44361257681798,77.69937705160325,75.44361257681798,76.98375701904297,2800,0.0,0.0
2016-01-06 00:00:00-05:00,73.1567505857105,73.1567505857105,69.63308723388764,71.5621566772461,1800,0.0,0.0
2016-01-07 00:00:00-05:00,70.00646324797049,70.14647641184729,68.45076406468226,69.61753845214844,5200,0.0,0.0
2016-01-08 00:00:00-05:00,70.0064466885048,72.32444053449076,68.45074787320469,69.34527587890625,9000,0.0,0.0
2016-01-11 00:00:00-05:00,70.00645117326216,70.00645117326216,68.06182752956043,68.45075225830078,6400,0.0,0.0
2016-01-12 00:00:00-05:00,68.45075011521243,69.22859954833984,68.45075011521243,69.22859954833984,2400,0.0,0.0
2016-01-13 00:00:00-05:00,67.68070010816342,69.19750456081908,67.47845753630203,67.75848388671875,7500,0.0,0.0
2016-01-14 00:00:00-05:00,68.839669688593,69.22081422068352,66.89504625106214,67.57177734375,2400,0.0,0.0
2016-01-15 00:00:00-05:00,66.8172697559293,66.86393882445137,63.16915389193832,64.93487548828125,2600,0.0,0.0
2016-01-19 00:00:00-05:00,64.93488927148012,66.07054901123047,60.9445168992692,66.07054901123047,2200,0.0,0.0
2016-01-20 00:00:00-05:00,65.25379824111495,66.01609341091145,64.17258784193376,65.68939208984375,2100,0.0,0.0
2016-01-21 00:00:00-05:00,65.99274444580078,65.99274444580078,65.99274444580078,65.99274444580078,300,0.0,0.0
2016-01-22 00:00:00-05:00,66.1172043075551,67.47844086682828,66.00052570128473,66.96505737304688,7400,0.0,0.0
2016-01-25 00:00:00-05:00,66.96506027317976,66.96506027317976,60.36111971270994,64.56150817871094,12200,0.0,0.0
2016-01-26 00:00:00-05:00,64.5614963773976,65.93828712269082,59.38879698676243,61.092288970947266,19800,0.0,0.0
2016-01-27 00:00:00-05:00,60.680047389516105,65.17601701180367,60.680047389516105,64.82598114013672,4600,0.0,0.0
2016-01-28 00:00:00-05:00,66.72393023277971,68.76189809195883,64.82597552323153,66.10942840576172,6000,0.0,0.0
2016-01-29 00:00:00-05:00,66.5450266767374,69.22082490429169,63.511412459074364,67.28398132324219,11800,0.0,0.0
2016-02-01 00:00:00-05:00,67.50955216002158,69.84310042991025,65.3393515568827,69.57862854003906,900,0.0,0.0
2016-02-02 00:00:00-05:00,67.78959337104033,70.00646352922827,67.28398994753606,68.87080383300781,3300,0.0,0.0
2016-02-03 00:00:00-05:00,68.18629270366566,68.18629270366566,66.91061401367188,66.91061401367188,700,0.0,0.0
2016-02-04 00:00:00-05:00,67.26064359889594,68.40408325195312,67.26064359889594,68.40408325195312,800,0.0,0.0
2016-02-05 00:00:00-05:00,68.05404397001442,69.99866751646773,67.5951156616211,67.5951156616211,6800,0.0,0.0
2016-02-08 00:00:00-05:00,67.84403259123319,69.2286037160305,67.51733723393686,69.07303619384766,3400,0.0,0.0
2016-02-09 00:00:00-05:00,67.67292785644531,67.67292785644531,67.67292785644531,67.67292785644531,300,0.0,0.0
2016-02-10 00:00:00-05:00,68.18630874330499,69.76534271240234,68.18630874330499,69.76534271240234,900,0.0,0.0
2016-02-11 00:00:00-05:00,68.45075334821428,69.42306518554688,68.45075334821428,69.42306518554688,1600,0.0,0.0
2016-02-12 00:00:00-05:00,69.42306518554688,69.42306518554688,69.42306518554688,69.42306518554688,0,0.0,0.0
2016-02-16 00:00:00-05:00,69.40750628394389,69.40750628394389,66.89505004882812,66.89505004882812,1300,0.0,0.0
2016-02-17 00:00:00-05:00,66.89504312114359,69.53195190429688,64.17257043598077,69.53195190429688,2900,0.0,0.0
2016-02-18 00:00:00-05:00,67.45510073213808,68.24073028564453,67.45510073213808,68.24073028564453,700,0.0,0.0
2016-02-19 00:00:00-05:00,66.92616916121155,68.0151596069336,66.89505447024571,68.0151596069336,2000,0.0,0.0
2016-02-22 00:00:00-05:00,66.91061397454578,69.53974918463389,66.89505959513149,68.22518157958984,3600,0.0,0.0
2016-02-23 00:00:00-05:00,68.97190856933594,68.97190856933594,68.97190856933594,68.97190856933594,500,0.0,0.0
2016-02-24 00:00:00-05:00,68.45076888561688,69.91312408447266,68.45076888561688,69.91312408447266,1900,0.0,0.0
2016-02-25 00:00:00-05:00,70.00645117326216,70.00645117326216,68.45075225830078,68.45075225830078,2800,0.0,0.0
2016-02-26 00:00:00-05:00,68.45075225830078,68.45075225830078,68.45075225830078,68.45075225830078,0,0.0,0.0
2016-02-29 00:00:00-05:00,68.4507519759478,68.4507519759478,67.17507934570312,67.17507934570312,1700,0.0,0.0
2016-03-01 00:00:00-05:00,69.31417083740234,69.31417083740234,69.31417083740234,69.31417083740234,700,0.0,0.0
2016-03-02 00:00:00-05:00,69.31417083740234,69.31417083740234,69.31417083740234,69.31417083740234,0,0.0,0.0
2016-03-03 00:00:00-05:00,69.31417083740234,69.31417083740234,69.31417083740234,69.31417083740234,0,0.0,0.0
2016-03-04 00:00:00-05:00,68.06182539864872,69.22859954833984,67.67290068208501,69.22859954833984,5100,0.0,0.0
2016-03-07 00:00:00-05:00,69.22859954833984,69.22859954833984,69.22859954833984,69.22859954833984,0,0.0,0.0
2016-03-08 00:00:00-05:00,66.89506423025026,68.91747196193494,66.89506423025026,67.23731994628906,1700,0.0,0.0
2016-03-09 00:00:00-05:00,68.0229432149482,68.06961822509766,68.0229432149482,68.06961822509766,500,0.0,0.0
2016-03-10 00:00:00-05:00,68.83189792678291,68.83189792678291,68.06182861328125,68.06182861328125,600,0.0,0.0
2016-03-11 00:00:00-05:00,69.35543273592025,69.35543273592025,68.4826431274414,68.4826431274414,800,0.16,0.0
2016-03-14 00:00:00-04:00,69.19957008585673,69.27749633789062,69.19957008585673,69.27749633789062,700,0.0,0.0
2016-03-15 00:00:00-04:00,70.07234793285862,70.13469130758153,69.71388244628906,69.71388244628906,800,0.0,0.0
2016-03-16 00:00:00-04:00,70.13470025291602,71.9114450413938,69.36322021484375,69.36322021484375,2000,0.0,0.0
2016-03-17 00:00:00-04:00,69.7450641492126,70.52433860898033,69.7450641492126,70.04898071289062,700,0.0,0.0
2016-03-18 00:00:00-04:00,73.25179379411716,73.25179379411716,69.75285339355469,69.75285339355469,1400,0.0,0.0
2016-03-21 00:00:00-04:00,70.91397258147987,72.50369311983042,70.64122772216797,70.64122772216797,800,0.0,0.0
2016-03-22 00:00:00-04:00,72.44133300758543,72.44133300758543,69.35540771484375,69.35540771484375,2000,0.0,0.0
2016-03-23 00:00:00-04:00,70.0957220616809,72.55823174403884,70.0957220616809,70.3061294555664,1200,0.0,0.0
2016-03-24 00:00:00-04:00,70.3061294555664,70.3061294555664,70.3061294555664,70.3061294555664,0,0.0,0.0
2016-03-28 00:00:00-04:00,70.2671643729154,70.2671643729154,67.96830749511719,67.96830749511719,2100,0.0,0.0
2016-03-29 00:00:00-04:00,71.31919179533122,72.60499576826724,70.91397171578491,71.29581451416016,1500,0.0,0.0
2016-03-30 00:00:00-04:00,71.69323369965889,71.93480682373047,71.69323369965889,71.93480682373047,800,0.0,0.0
2016-03-31 00:00:00-04:00,73.57131658828233,73.57131658828233,70.96853637695312,70.96853637695312,1600,0.0,0.0
2016-04-01 00:00:00-04:00,71.74779510498047,71.74779510498047,71.74779510498047,71.74779510498047,400,0.0,0.0
2016-04-04 00:00:00-04:00,71.6932420678287,71.6932420678287,70.37626647949219,70.37626647949219,500,0.0,0.0
2016-04-05 00:00:00-04:00,71.69326049592922,71.69326049592922,70.33732440778152,70.38407897949219,700,0.0,0.0
2016-04-06 00:00:00-04:00,70.52433214689556,74.03106689453125,70.52433214689556,74.03106689453125,2100,0.0,0.0
2016-04-07 00:00:00-04:00,74.03108051845005,79.22884021848274,74.03108051845005,76.36890411376953,4300,0.0,0.0
2016-04-08 00:00:00-04:00,76.04939592815403,76.7507441702477,76.04939592815403,76.40786743164062,700,0.0,0.0
2016-04-11 00:00:00-04:00,76.36888683659178,76.36888683659178,76.33771514892578,76.33771514892578,1200,0.0,0.0
2016-04-12 00:00:00-04:00,76.37669346986623,76.40786516252163,73.25180113952348,74.71683502197266,6900,0.0,0.0
2016-04-13 00:00:00-04:00,74.52980202745255,75.72988529897933,74.03106689453125,74.03106689453125,2000,0.0,0.0
2016-04-14 00:00:00-04:00,73.25178464253744,74.84929934534497,73.25178464253744,74.81033325195312,1400,0.0,0.0
2016-04-15 00:00:00-04:00,74.81033681793579,74.81033681793579,73.4544011278203,73.4855728149414,900,0.0,0.0
2016-04-18 00:00:00-04:00,74.81034375192428,74.81034375192428,73.25179492375919,73.28296661376953,1100,0.0,0.0
2016-04-19 00:00:00-04:00,74.26485161704365,74.70903778076172,74.26485161704365,74.70903778076172,1100,0.0,0.0
2016-04-20 00:00:00-04:00,74.81035494857258,74.81035494857258,74.75580596923828,74.75580596923828,400,0.0,0.0
2016-04-21 00:00:00-04:00,74.57655661619252,74.70903778076172,73.96872354430377,74.70903778076172,1200,0.0,0.0
2016-04-22 00:00:00-04:00,74.03106692229024,74.70903778076172,74.03106692229024,74.70903778076172,800,0.0,0.0
2016-04-25 00:00:00-04:00,74.81033361342023,74.81033361342023,73.37647173961741,74.66226959228516,2700,0.0,0.0
2016-04-26 00:00:00-04:00,74.81033521761856,74.81033521761856,73.98430633544922,73.98430633544922,1400,0.0,0.0
2016-04-27 00:00:00-04:00,74.14796003818296,74.79475921436504,73.32971954345703,73.32971954345703,1300,0.0,0.0
2016-04-28 00:00:00-04:00,67.53193503842945,73.7895086941671,67.53193503842945,71.48285675048828,900,0.0,0.0
2016-04-29 00:00:00-04:00,74.21029820346928,74.21029820346928,74.11678314208984,74.11678314208984,600,0.0,0.0
2016-05-02 00:00:00-04:00,78.56644483997293,83.22650837208475,76.92996978759766,76.92996978759766,600,0.0,0.0
2016-05-03 00:00:00-04:00,76.73514173584408,76.73514173584408,69.05929102355003,74.81033325195312,4400,0.0,0.0
2016-05-04 00:00:00-04:00,73.84405140919121,74.81035009993886,72.48810953294725,74.71683502197266,5400,0.0,0.0
2016-05-05 00:00:00-04:00,74.42070770263672,74.81034491573952,74.0310704895339,74.42070770263672,2200,0.0,0.0
2016-05-06 00:00:00-04:00,74.42070770263672,74.81034491573952,72.47252163712267,74.42070770263672,2200,0.0,0.0
2016-05-09 00:00:00-04:00,74.02327608056207,75.59741375091697,70.67239961511314,74.42070770263672,8500,0.0,0.0
2016-05-10 00:00:00-04:00,73.25179816686132,74.68566029846693,71.88806788183996,72.46472930908203,2300,0.0,0.0
2016-05-11 00:00:00-04:00,72.47252398612359,74.07782745361328,72.47252398612359,74.07782745361328,600,0.0,0.0
2016-05-12 00:00:00-04:00,74.0232732905342,75.3168716430664,74.0232732905342,75.3168716430664,1600,0.0,0.0
2016-05-13 00:00:00-04:00,75.1921980455592,76.36110984538719,71.5451929922801,73.44662475585938,5400,0.0,0.0
2016-05-16 00:00:00-04:00,74.81035335414545,74.84931945800781,74.81035335414545,74.84931945800781,600,0.0,0.0
2016-05-17 00:00:00-04:00,73.15049743652344,73.15049743652344,73.15049743652344,73.15049743652344,500,0.0,0.0
2016-05-18 00:00:00-04:00,74.81033485025209,74.81033485025209,74.41290328165059,74.53759002685547,600,0.0,0.0
2016-05-19 00:00:00-04:00,74.15576330823875,74.1947234654959,68.32678750816254,70.91397857666016,6500,0.0,0.0
2016-05-20 00:00:00-04:00,70.88280915857578,72.62838240716101,70.43862292291905,71.92704010009766,2300,0.0,0.0
2016-05-23 00:00:00-04:00,72.07509592229175,76.52475254717073,72.07509592229175,73.83625793457031,1900,0.0,0.0
2016-05-24 00:00:00-04:00,73.93755822146727,75.02074923933203,73.25179884074619,74.65449523925781,2100,0.0,0.0
2016-05-25 00:00:00-04:00,75.19998455717706,75.19998455717706,73.25179842875278,74.30381774902344,2400,0.0,0.0
2016-05-26 00:00:00-04:00,74.30381774902344,74.30381774902344,74.30381774902344,74.30381774902344,0,0.0,0.0
2016-05-27 00:00:00-04:00,73.44661669706316,73.44661669706316,72.22315605196755,73.32192993164062,2000,0.0,0.0
2016-05-31 00:00:00-04:00,72.86215694415188,72.86215694415188,72.67513275146484,72.67513275146484,1100,0.0,0.0
2016-06-01 00:00:00-04:00,72.98683841135932,72.98683841135932,71.70103454589844,71.70103454589844,1600,0.0,0.0
2016-06-02 00:00:00-04:00,72.12184143066406,72.12184143066406,72.12184143066406,72.12184143066406,500,0.0,0.0
2016-06-03 00:00:00-04:00,71.69325256347656,71.77117882283663,71.69325256347656,71.69325256347656,800,0.0,0.0
2016-06-06 00:00:00-04:00,71.81014816335723,73.55572142238447,71.3893392093663,71.55298614501953,2200,0.0,0.0
2016-06-07 00:00:00-04:00,71.55298384624355,72.66734661117975,70.34510600162723,71.03866577148438,2400,0.0,0.0
2016-06-08 00:00:00-04:00,70.92176377110539,72.12184704299487,70.92176377110539,72.0906753540039,1700,0.0,0.0
2016-06-09 00:00:00-04:00,72.08287811279297,72.08287811279297,72.08287811279297,72.08287811279297,600,0.0,0.0
2016-06-10 00:00:00-04:00,72.04392360101305,73.50116902508661,72.04392360101305,72.324462890625,1600,0.0,0.0
2016-06-13 00:00:00-04:00,72.3712917217626,73.92472411683065,71.20036152378329,72.09807586669922,2600,0.16,0.0
2016-06-14 00:00:00-04:00,70.44316507839152,73.96376384287723,70.44316507839152,72.15272521972656,1900,0.0,0.0
2016-06-15 00:00:00-04:00,72.15271966472508,73.18313800967495,71.23939553172251,71.51261138916016,2100,0.0,0.0
2016-06-16 00:00:00-04:00,72.59767447671965,72.59767447671965,66.49322509765625,66.49322509765625,4400,0.0,0.0
2016-06-17 00:00:00-04:00,66.61030897215576,69.63130469400019,64.1123212884016,67.63291931152344,9000,0.0,0.0
2016-06-20 00:00:00-04:00,67.7031918951118,69.22539888775304,66.44639290912208,67.6017074584961,6600,0.0,0.0
2016-06-21 00:00:00-04:00,67.78124289205573,70.25580711324186,67.60169765338767,68.15593719482422,3000,0.0,0.0
2016-06-22 00:00:00-04:00,68.15593385081267,71.81704374767318,68.15593385081267,70.72417449951172,6300,0.0,0.0
2016-06-23 00:00:00-04:00,70.72419284626402,73.37830286440642,70.72419284626402,71.81706237792969,11100,0.0,0.0
2016-06-24 00:00:00-04:00,70.48220942024079,72.25421492647106,68.07008953406064,70.27143859863281,123300,0.0,0.0
2016-06-27 00:00:00-04:00,67.27384178698254,71.69214854343934,67.27384178698254,71.12229919433594,4400,0.0,0.0
2016-06-28 00:00:00-04:00,70.81005482731308,73.3782958984375,70.81005482731308,73.3782958984375,5200,0.0,0.0
2016-06-29 00:00:00-04:00,74.1589136324392,74.74437874006371,71.16913705347847,72.81624603271484,9400,0.0,0.0
2016-06-30 00:00:00-04:00,73.19876709899111,74.70536460242603,73.19876709899111,74.35408782958984,4900,0.0,0.0
2016-07-01 00:00:00-04:00,72.44154751350331,72.91772624997816,69.24100034554871,71.0754623413086,11800,0.0,0.0
2016-07-05 00:00:00-04:00,70.77883868953059,73.9637708311981,70.66955232781592,72.63671875,10800,0.0,0.0
2016-07-06 00:00:00-04:00,73.30022924204073,74.54141235351562,70.66953733728404,74.54141235351562,7600,0.0,0.0
2016-07-07 00:00:00-04:00,74.12768767309477,74.12768767309477,70.24800462996991,72.55863952636719,6200,0.0,0.0
2016-07-08 00:00:00-04:00,73.38611078045821,75.09566506437396,73.38611078045821,75.06444549560547,4300,0.0,0.0
2016-07-11 00:00:00-04:00,75.70455769640238,78.14008916872345,73.91693653293126,75.6889419555664,5600,0.0,0.0
2016-07-12 00:00:00-04:00,76.93792452673735,76.93792452673735,74.33846380323753,75.0722427368164,13900,0.0,0.0
2016-07-13 00:00:00-04:00,75.0020026391636,77.00819664645341,72.61330038259088,76.7271728515625,8800,0.0,0.0
2016-07-14 00:00:00-04:00,76.6256750925116,77.28139314533144,74.39310103630486,75.08785247802734,7100,0.0,0.0
2016-07-15 00:00:00-04:00,75.75918804612269,77.51558338608851,75.0175953291861,77.2813949584961,14700,0.0,0.0
2016-07-18 00:00:00-04:00,77.12527196831202,78.78018284821276,76.11046340728463,77.43751525878906,15000,0.0,0.0
2016-07-19 00:00:00-04:00,76.50079345703125,77.46095909744179,76.18073625834089,76.50079345703125,8400,0.0,0.0
2016-07-20 00:00:00-04:00,76.89108203589485,77.20333127590335,76.27439142468424,76.46173858642578,9900,0.0,0.0
2016-07-21 00:00:00-04:00,76.32125021235187,77.25799822064052,76.00119896070727,76.87549591064453,2800,0.0,0.0
2016-07-22 00:00:00-04:00,77.68732585022377,78.23376360699494,74.9473530188033,77.54681396484375,5700,0.0,0.0
2016-07-25 00:00:00-04:00,76.58665325072003,77.71074831721761,76.35246479331308,76.62568664550781,1800,0.0,0.0
2016-07-26 00:00:00-04:00,76.57884895438256,80.01357940790261,76.57884895438256,78.17912292480469,5500,0.0,0.0
2016-07-27 00:00:00-04:00,77.77319704044369,78.36647012607737,76.85206486366776,78.17912292480469,4600,0.0,0.0
2016-07-28 00:00:00-04:00,77.82783235617957,78.00737762451172,77.43752225217534,78.00737762451172,3100,0.0,0.0
2016-07-29 00:00:00-04:00,78.45232391357422,78.45232391357422,78.45232391357422,78.45232391357422,1000,0.0,0.0
2016-08-01 00:00:00-04:00,76.59446119937714,78.37427441938405,75.8762860419004,77.85906219482422,1900,0.0,0.0
2016-08-02 00:00:00-04:00,76.26658130412264,78.45231996398982,75.7201496169852,76.89888763427734,6400,0.0,0.0
2016-08-03 00:00:00-04:00,77.04720863314046,77.67170715332031,77.04720863314046,77.67170715332031,3200,0.0,0.0
2016-08-04 00:00:00-04:00,76.9613410119634,77.08624310000648,75.32984768760127,76.31343078613281,3100,0.0,0.0
2016-08-05 00:00:00-04:00,77.35945922254577,78.19472258313507,73.51880933772345,75.4703598022461,14500,0.0,0.0
2016-08-08 00:00:00-04:00,74.66631513988197,76.87547149318117,74.66631513988197,75.89969635009766,4300,0.0,0.0
2016-08-09 00:00:00-04:00,76.11045971646372,76.11045971646372,74.93952956697967,75.02539825439453,11700,0.0,0.0
2016-08-10 00:00:00-04:00,75.22055911461172,76.11046562080222,74.70534695015449,75.83724975585938,3100,0.0,0.0
2016-08-11 00:00:00-04:00,75.48597358927147,75.48597358927147,74.36188451193277,75.03321838378906,5400,0.0,0.0
2016-08-12 00:00:00-04:00,74.75218339487779,75.99336651095685,74.75218339487779,75.64208984375,3700,0.0,0.0
2016-08-15 00:00:00-04:00,75.40791008509727,76.34465789794922,75.40791008509727,76.34465789794922,3100,0.0,0.0
2016-08-16 00:00:00-04:00,76.06362422518336,76.11045952523425,74.15890928099748,74.95513916015625,7800,0.0,0.0
2016-08-17 00:00:00-04:00,75.1190766968657,76.40709512911737,75.1190766968657,75.22836303710938,2400,0.0,0.0
2016-08-18 00:00:00-04:00,75.70453913812345,75.71234105096875,75.52499389648438,75.52499389648438,2900,0.0,0.0
2016-08-19 00:00:00-04:00,75.71234875709173,79.02218257192821,75.71234875709173,77.57022857666016,10400,0.0,0.0
2016-08-22 00:00:00-04:00,76.26658980216233,78.0151833071574,75.7201580541385,76.48516845703125,7400,0.0,0.0
2016-08-23 00:00:00-04:00,78.10105199253462,78.10105199253462,76.55542140374529,77.51558685302734,2600,0.0,0.0
2016-08-24 00:00:00-04:00,77.51558227497456,77.57802735986623,76.50858157981615,76.5788345336914,2600,0.0,0.0
2016-08-25 00:00:00-04:00,76.63348497044723,77.79661337725199,76.50078096344038,77.3204345703125,9500,0.0,0.0
2016-08-26 00:00:00-04:00,76.89108142303441,79.58421844086699,76.89108142303441,77.04720306396484,4700,0.0,0.0
2016-08-29 00:00:00-04:00,77.2579737243958,77.2579737243958,76.34464961932284,76.94572448730469,1800,0.0,0.0
2016-08-30 00:00:00-04:00,78.61182403564453,78.61182403564453,78.61182403564453,78.61182403564453,400,0.2,0.0
2016-08-31 00:00:00-04:00,77.76702628595108,78.36932907814192,76.7032241821289,76.7032241821289,3000,0.0,0.0
2016-09-01 00:00:00-04:00,79.00293633906253,80.33268634578113,78.29894858407174,80.24664306640625,2100,0.0,0.0
2016-09-02 00:00:00-04:00,79.94158570113008,79.94158570113008,76.75018437166322,78.06429290771484,10100,0.0,0.0
2016-09-06 00:00:00-04:00,77.98606198361243,78.5257869064957,75.7489487268504,76.96137237548828,2100,0.0,0.0
2016-09-07 00:00:00-04:00,76.50769044961869,78.89342498779297,76.36689290363189,78.89342498779297,5900,0.0,0.0
2016-09-08 00:00:00-04:00,78.65876078419119,78.65876078419119,77.51673889160156,77.51673889160156,1900,0.0,0.0
2016-09-09 00:00:00-04:00,77.55585857681967,78.84650187508731,77.55585857681967,77.66536712646484,6300,0.0,0.0
2016-09-12 00:00:00-04:00,76.18697939395,78.69003994566522,76.18697939395,78.61964416503906,4900,0.0,0.0
2016-09-13 00:00:00-04:00,78.557086833265,78.557086833265,77.21951293945312,77.21951293945312,1600,0.0,0.0
2016-09-14 00:00:00-04:00,77.41506164261699,77.73576354980469,77.2195098069906,77.73576354980469,2600,0.0,0.0
2016-09-15 00:00:00-04:00,77.93914306183481,78.51797485351562,77.26644423592114,78.51797485351562,3900,0.0,0.0
2016-09-16 00:00:00-04:00,78.48667724393249,78.48667724393249,78.2050881076193,78.21290588378906,6300,0.0,0.0
2016-09-19 00:00:00-04:00,79.57396259820173,79.57396259820173,78.99512481689453,78.99512481689453,1200,0.0,0.0
2016-09-20 00:00:00-04:00,77.96258136426329,78.67439270019531,77.96258136426329,78.67439270019531,1000,0.0,0.0
2016-09-21 00:00:00-04:00,79.2610585704414,79.2610585704414,78.25983428955078,78.25983428955078,800,0.0,0.0
2016-09-22 00:00:00-04:00,78.25983428955078,78.25983428955078,78.25983428955078,78.25983428955078,500,0.0,0.0
2016-09-23 00:00:00-04:00,77.43070061589927,77.47763711298775,77.05524444580078,77.05524444580078,800,0.0,0.0
2016-09-26 00:00:00-04:00,76.82057195146885,77.59495544433594,76.82057195146885,77.59495544433594,700,0.0,0.0
2016-09-27 00:00:00-04:00,79.00293994049547,79.01076368473201,77.0004910952539,78.13468933105469,1600,0.0,0.0
2016-09-28 00:00:00-04:00,77.79051416264056,77.81398539473616,77.05524335338491,77.18821716308594,3300,0.0,0.0
2016-09-29 00:00:00-04:00,77.81397997194705,77.81397997194705,76.62502160822274,77.47763061523438,2400,0.0,0.0
2016-09-30 00:00:00-04:00,77.45417344557875,77.82963562011719,77.45417344557875,77.82963562011719,1400,0.0,0.0
2016-10-03 00:00:00-04:00,77.68099740190179,78.9325337328426,77.67317962646484,77.67317962646484,1400,0.0,0.0
2016-10-04 00:00:00-04:00,77.86873694382712,77.86873694382712,76.68760228258944,76.94573211669922,2200,0.0,0.0
2016-10-05 00:00:00-04:00,77.57148742675781,77.57148742675781,77.57148742675781,77.57148742675781,500,0.0,0.0
2016-10-06 00:00:00-04:00,76.49205109152301,77.53238821250059,76.49205109152301,77.01612854003906,900,0.0,0.0
2016-10-07 00:00:00-04:00,77.2116928100586,77.2116928100586,77.2116928100586,77.2116928100586,600,0.0,0.0
2016-10-10 00:00:00-04:00,76.96920697646024,77.33684539794922,76.96920697646024,77.33684539794922,700,0.0,0.0
2016-10-11 00:00:00-04:00,76.50768280029297,76.50768280029297,76.50768280029297,76.50768280029297,500,0.0,0.0
2016-10-12 00:00:00-04:00,76.65632555867957,77.36031341552734,76.65632555867957,77.36031341552734,500,0.0,0.0
2016-10-13 00:00:00-04:00,77.20384553683067,78.65875135506789,77.14127349853516,77.14127349853516,800,0.0,0.0
2016-10-14 00:00:00-04:00,77.61843872070312,77.61843872070312,77.61843872070312,77.61843872070312,300,0.0,0.0
2016-10-17 00:00:00-04:00,77.48544311523438,77.48544311523438,77.48544311523438,77.48544311523438,300,0.0,0.0
2016-10-18 00:00:00-04:00,76.57809914356791,76.65631868336462,75.32656860351562,75.32656860351562,1900,0.0,0.0
2016-10-19 00:00:00-04:00,75.45170628975895,75.45170628975895,73.41796875,73.41796875,2000,0.0,0.0
2016-10-20 00:00:00-04:00,74.41138096765857,74.93546441294654,73.35540226836378,74.41920471191406,4500,0.0,0.0
2016-10-21 00:00:00-04:00,73.72304356040323,75.6785619572309,73.48837896567649,75.11537170410156,2900,0.0,0.0
2016-10-24 00:00:00-04:00,74.96674295439583,75.23269653320312,74.62257580880183,75.23269653320312,1000,0.0,0.0
2016-10-25 00:00:00-04:00,74.9511095771298,76.08530787080893,74.70080345870144,74.96675109863281,2400,0.0,0.0
2016-10-26 00:00:00-04:00,75.45169828214622,75.88973236083984,75.32654824584807,75.88973236083984,2900,0.0,0.0
2016-10-27 00:00:00-04:00,75.66292513173306,75.66292513173306,74.39574698354734,74.63822937011719,600,0.0,0.0
2016-10-28 00:00:00-04:00,74.42702855327941,76.00708473215549,73.75432977286937,74.75555419921875,4300,0.0,0.0
2016-10-31 00:00:00-04:00,74.34880155617066,75.83499055808716,73.87165465588623,75.0918960571289,3100,0.0,0.0
2016-11-01 00:00:00-04:00,73.44925689697266,73.44925689697266,73.44925689697266,73.44925689697266,700,0.0,0.0
2016-11-02 00:00:00-04:00,74.51307084056565,82.13176845272945,74.51307084056565,79.83207702636719,13400,0.0,0.0
2016-11-03 00:00:00-04:00,80.95845031738281,80.95845031738281,78.85431090669464,80.95845031738281,1700,0.0,0.0
2016-11-04 00:00:00-04:00,81.66245121724263,83.69618920052406,79.00294494628906,79.00294494628906,1800,0.0,0.0
2016-11-07 00:00:00-05:00,79.97286751210927,80.95845031738281,79.97286751210927,80.95845031738281,1300,0.0,0.0
2016-11-08 00:00:00-05:00,80.45783121047077,81.3495469204466,80.45783121047077,81.02883911132812,2900,0.0,0.0
2016-11-09 00:00:00-05:00,80.35616647093923,81.98315327971471,79.13591890464677,81.34174346923828,4200,0.0,0.0
2016-11-10 00:00:00-05:00,78.22072812746332,84.08728273702307,78.22072812746332,83.65706634521484,6400,0.0,0.0
2016-11-11 00:00:00-05:00,83.39111410656888,88.56932816965387,82.91396721404776,86.4026107788086,6400,0.0,0.0
2016-11-14 00:00:00-05:00,87.52115180361429,95.11638201650952,87.4507560292532,93.77880859375,5200,0.0,0.0
2016-11-15 00:00:00-05:00,93.0513817666052,95.43711647190642,93.0513817666052,95.26502990722656,2800,0.0,0.0
2016-11-16 00:00:00-05:00,98.38604290592062,98.38604290592062,92.57424185718067,94.69402313232422,3000,0.0,0.0
2016-11-17 00:00:00-05:00,95.52316674744394,101.97637162099643,92.30047021526016,101.70260620117188,2500,0.0,0.0
2016-11-18 00:00:00-05:00,101.3036567277777,101.3036567277777,97.92452761168533,100.12252807617188,1400,0.0,0.0
2016-11-21 00:00:00-05:00,100.1225325023855,102.46915435791016,100.1225325023855,102.46915435791016,900,0.0,0.0
2016-11-22 00:00:00-05:00,102.98541259765625,102.98541259765625,102.98541259765625,102.98541259765625,200,0.0,0.0
2016-11-23 00:00:00-05:00,102.21102048229122,102.46915030846229,100.4510541601993,101.68694305419922,2600,0.0,0.0
2016-11-25 00:00:00-05:00,101.68694305419922,101.68694305419922,101.68694305419922,101.68694305419922,0,0.0,0.0
2016-11-28 00:00:00-05:00,101.65566833719107,101.73388190769863,100.13035451808759,101.538330078125,4300,0.0,0.0
2016-11-29 00:00:00-05:00,97.71525828406148,98.08345794677734,97.71525828406148,98.08345794677734,600,0.2,0.0
2016-11-30 00:00:00-05:00,98.41252557008382,98.41252557008382,94.24476092629605,96.69684600830078,1100,0.0,0.0
2016-12-01 00:00:00-05:00,98.30283326575336,98.6710329820935,98.30283326575336,98.4360122680664,1300,0.0,0.0
2016-12-02 00:00:00-05:00,97.26089454365768,101.82036590576172,97.26089454365768,101.82036590576172,3900,0.0,0.0
2016-12-05 00:00:00-05:00,100.472890884656,108.7927474975586,100.472890884656,108.7927474975586,11500,0.0,0.0
2016-12-06 00:00:00-05:00,103.24616133715608,117.51214044718353,103.24616133715608,117.50431060791016,3200,0.0,0.0
2016-12-07 00:00:00-05:00,116.3135177251213,125.34628330981887,116.3135177251213,120.56745147705078,2400,0.0,0.0
2016-12-08 00:00:00-05:00,119.0789529390612,124.56285208757059,115.9452962827701,121.46836853027344,4600,0.0,0.0
2016-12-09 00:00:00-05:00,116.57205790407272,122.60434602035356,106.74020540110654,121.75042724609375,4600,0.0,0.0
2016-12-12 00:00:00-05:00,117.6923264871044,125.32278604304193,116.1881724713912,122.14995574951172,5600,0.0,0.0
2016-12-13 00:00:00-05:00,122.36931140707006,125.18960767182881,119.82321492920163,124.56287384033203,5700,0.0,0.0
2016-12-14 00:00:00-05:00,124.50803655603627,124.56288129827949,116.81491387681511,122.01678466796875,3200,0.0,0.0
2016-12-15 00:00:00-05:00,121.39787842236987,131.42557134037477,121.39787842236987,129.2476806640625,4500,0.0,0.0
2016-12-16 00:00:00-05:00,129.2163509266635,131.8251218665139,126.59975014757741,131.64492797851562,16400,0.0,0.0
2016-12-19 00:00:00-05:00,132.8670629396481,133.72098161192753,128.581785992031,132.08364868164062,8200,0.0,0.0
2016-12-20 00:00:00-05:00,130.7753289831583,131.87211605494542,125.62830381409795,128.22923278808594,3500,0.0,0.0
2016-12-21 00:00:00-05:00,128.08825249819446,131.93482001403132,128.08825249819446,130.0154571533203,7600,0.0,0.0
2016-12-22 00:00:00-05:00,128.63663555471547,131.61361251428178,128.63663555471547,131.3785858154297,2800,0.0,0.0
2016-12-23 00:00:00-05:00,131.65279179783568,134.7472762749877,131.65279179783568,134.66893005371094,8100,0.0,0.0
2016-12-27 00:00:00-05:00,134.74726659556367,136.3924414925563,134.74726659556367,134.75509643554688,1400,0.0,0.0
2016-12-28 00:00:00-05:00,133.7601938347001,133.7601938347001,130.1721540492048,130.4071807861328,6300,0.0,0.0
2016-12-29 00:00:00-05:00,128.5974601745383,130.3131395057144,124.56288107233067,127.8375473022461,6700,0.0,0.0
2016-12-30 00:00:00-05:00,126.74858175298388,128.4407593419243,123.45824441045687,123.92045593261719,4000,0.0,0.0
2017-01-03 00:00:00-05:00,122.7610064122167,127.96287637727474,122.7610064122167,124.53936004638672,6400,0.0,0.0
2017-01-04 00:00:00-05:00,122.99605840304083,122.99605840304083,116.33703613281251,116.3370361328125,7100,0.0,0.0
2017-01-05 00:00:00-05:00,115.94532419757167,115.94532419757167,103.89640762799105,105.78443908691406,12200,0.0,0.0
2017-01-06 00:00:00-05:00,102.62726685757552,109.70932642525982,102.62726685757552,107.64111328125,8000,0.0,0.0
2017-01-09 00:00:00-05:00,107.39043449495111,112.76465711196883,107.39043449495111,109.3959732055664,8900,0.0,0.0
2017-01-10 00:00:00-05:00,108.73007937304743,112.34162023709187,108.73007937304743,109.94437408447266,4000,0.0,0.0
2017-01-11 00:00:00-05:00,109.01210081123573,119.94074043562654,109.01210081123573,112.50613403320312,5100,0.0,0.0
2017-01-12 00:00:00-05:00,111.40151699082459,111.40151699082459,107.72730181588688,109.28630065917969,2800,0.0,0.0
2017-01-13 00:00:00-05:00,108.80843152062732,108.80843152062732,106.92824163882791,108.4323959350586,2300,0.0,0.0
2017-01-17 00:00:00-05:00,107.56278312898806,107.56278312898806,103.6535415649414,103.6535415649414,2000,0.0,0.0
2017-01-18 00:00:00-05:00,104.16275046535651,104.16275046535651,101.49130534948314,102.14154052734375,6000,0.0,0.0
2017-01-19 00:00:00-05:00,101.63231957541468,101.68716430664062,99.92448237820716,101.68716430664062,3100,0.0,0.0
2017-01-20 00:00:00-05:00,101.46781747943473,103.4106814813719,100.82541205354703,101.80467987060547,5600,0.0,0.0
2017-01-23 00:00:00-05:00,101.80468223190857,101.89870007321481,100.39453415184624,101.6636734008789,1500,0.0,0.0
2017-01-24 00:00:00-05:00,100.66873719562491,101.09177565639617,100.21435546875,100.21435546875,1200,0.0,0.0
2017-01-25 00:00:00-05:00,100.66873142445665,101.84385280295226,100.0028305053711,100.0028305053711,2600,0.0,0.0
2017-01-26 00:00:00-05:00,101.22498024414058,101.22498024414058,96.17195375996332,101.17013549804688,1900,0.0,0.0
2017-01-27 00:00:00-05:00,99.49361777846185,100.98994198565377,98.78854370117188,98.78854370117188,3400,0.0,0.0
2017-01-30 00:00:00-05:00,98.02864016780083,98.78855308008244,95.5765552863466,97.37057495117188,3700,0.0,0.0
2017-01-31 00:00:00-05:00,97.33922409833984,97.33922409833984,95.20050048828125,95.20050048828125,2500,0.0,0.0
2017-02-01 00:00:00-05:00,94.80096041685873,94.80096041685873,93.42214965820312,93.42214965820312,2200,0.0,0.0
2017-02-02 00:00:00-05:00,94.26823865187129,94.26823865187129,92.52122223495941,92.7484130859375,1800,0.0,0.0
2017-02-03 00:00:00-05:00,102.32174315700861,102.32174315700861,97.59775584019522,99.8069839477539,3400,0.0,0.0
2017-02-06 00:00:00-05:00,100.35536848898441,104.65630499734347,98.04429290485297,98.87471008300781,4300,0.0,0.0
2017-02-07 00:00:00-05:00,99.94015849481036,105.45539568995444,99.94015849481036,100.44937896728516,3300,0.0,0.0
2017-02-08 00:00:00-05:00,105.2673862026115,105.2673862026115,98.98440551757812,98.98440551757812,2400,0.0,0.0
2017-02-09 00:00:00-05:00,100.67658437191604,101.67152404785156,99.53280599519506,101.67152404785156,3100,0.0,0.0
2017-02-10 00:00:00-05:00,101.4129670089566,103.79455289957949,100.51204544979039,103.52818298339844,1700,0.0,0.0
2017-02-13 00:00:00-05:00,104.16276276500736,105.18903350830078,103.06597565500508,105.18903350830078,2900,0.0,0.0
2017-02-14 00:00:00-05:00,104.74250268928164,105.40056791507632,104.19411500111939,104.60149383544922,3100,0.0,0.0
2017-02-15 00:00:00-05:00,104.93050434626639,105.08718480217385,104.1549199516885,104.58580017089844,2400,0.0,0.0
2017-02-16 00:00:00-05:00,104.95402176618009,104.95402176618009,104.1314343052216,104.86001586914062,3300,0.0,0.0
2017-02-17 00:00:00-05:00,105.4945722777132,105.65125274658203,104.39778508772434,105.65125274658203,3800,0.0,0.0
2017-02-21 00:00:00-05:00,105.44758633795139,105.75311748540226,104.67200175413511,105.2360610961914,2800,0.0,0.0
2017-02-22 00:00:00-05:00,105.75310522621429,107.31993389386064,105.1655444758469,107.13973999023438,4500,0.0,0.0
2017-02-23 00:00:00-05:00,106.5443516690486,107.30426454535741,105.35355850916966,105.91761779785156,7700,0.0,0.0
2017-02-24 00:00:00-05:00,106.54434199809529,106.82637161683662,105.55724430947728,106.46599578857422,2800,0.0,0.0
2017-02-27 00:00:00-05:00,106.54435046342967,109.28630065917969,106.34849687801895,109.28630065917969,4500,0.0,0.0
2017-02-28 00:00:00-05:00,108.00150242669801,109.20012542208097,107.48444608838851,107.88399505615234,5400,0.0,0.0
2017-03-01 00:00:00-05:00,109.69367231475864,110.69644165039062,108.6282284014055,110.69644165039062,3000,0.0,0.0
2017-03-02 00:00:00-05:00,110.69645573027118,113.38356135086126,108.58906910792005,110.30474853515625,4800,0.0,0.0
2017-03-03 00:00:00-05:00,110.5711029728185,111.22916817031988,107.49229025696623,108.66741180419922,7700,0.0,0.0
2017-03-06 00:00:00-05:00,108.70657553542848,109.04344993634162,106.72453810177444,108.62039947509766,4300,0.0,0.0
2017-03-07 00:00:00-05:00,108.81624010670235,109.10611152271007,108.01716613769531,108.01716613769531,1800,0.0,0.0
2017-03-08 00:00:00-05:00,107.65679098863322,108.26002334291377,105.76875966866059,106.92037963867188,5600,0.0,0.0
2017-03-09 00:00:00-05:00,107.6411184453465,107.6411184453465,106.30931654584768,106.47383880615234,2900,0.0,0.0
2017-03-10 00:00:00-05:00,106.57567453495678,106.57567453495678,106.47383880615234,106.47383880615234,1800,0.0,0.0
2017-03-13 00:00:00-04:00,104.33982250014674,104.42612555815796,104.33196914932758,104.34766387939453,2300,0.2,0.0
2017-03-14 00:00:00-04:00,104.89686773685057,104.89686773685057,102.34701861249539,102.77853393554688,2600,0.0,0.0
2017-03-15 00:00:00-04:00,103.09235483696764,103.36695875701929,100.96617969488844,101.17801666259766,2400,0.0,0.0
2017-03-16 00:00:00-04:00,101.91549356779387,102.74714664360422,99.98546081108233,101.05247497558594,6400,0.0,0.0
2017-03-17 00:00:00-04:00,99.8834540024864,102.60590875045034,99.22441907053347,100.75432586669922,8100,0.0,0.0
2017-03-20 00:00:00-04:00,100.46404255373295,102.6843738118845,100.46404255373295,102.0331802368164,5300,0.0,0.0
2017-03-21 00:00:00-04:00,101.85273193759384,102.27639384113408,100.18943786621094,100.18943786621094,3000,0.0,0.0
2017-03-22 00:00:00-04:00,99.96192169189453,99.96192169189453,99.96192169189453,99.96192169189453,2000,0.0,0.0
2017-03-23 00:00:00-04:00,100.31497084192812,105.28913433901431,98.8556723427673,104.810546875,11400,0.0,0.0
2017-03-24 00:00:00-04:00,104.85762421326811,122.23583178821964,104.85762421326811,115.9749755859375,19000,0.0,0.0
2017-03-27 00:00:00-04:00,116.09265164470801,122.2515217972127,116.09265164470801,120.82360076904297,7100,0.0,0.0
2017-03-28 00:00:00-04:00,121.49046919556686,125.53099325224616,121.49046919556686,123.64803314208984,6800,0.0,0.0
2017-03-29 00:00:00-04:00,123.8755690407578,125.06026363513236,123.8755690407578,124.35415649414062,5500,0.0,0.0
2017-03-30 00:00:00-04:00,125.04458148509194,125.04458148509194,123.35775135098598,123.59312438964844,4000,0.0,0.0
2017-03-31 00:00:00-04:00,124.74643229911898,124.74643229911898,124.07954406738281,124.07954406738281,4800,0.0,0.0
2017-04-03 00:00:00-04:00,125.35055985175788,125.35055985175788,121.84353637695312,121.84353637695312,4000,0.0,0.0
2017-04-04 00:00:00-04:00,122.87917774789537,122.87917774789537,122.07892608642578,122.07892608642578,2400,0.0,0.0
2017-04-05 00:00:00-04:00,122.07890130132922,122.54963536458078,121.29433255767432,121.52969360351562,3200,0.0,0.0
2017-04-06 00:00:00-04:00,122.3064375609641,122.3064375609641,121.20804595947264,121.20804595947266,3000,0.0,0.0
2017-04-07 00:00:00-04:00,122.44765627430752,123.96186828613281,120.59607345901895,123.96186828613281,6100,0.0,0.0
2017-04-10 00:00:00-04:00,124.86410521911101,125.53099341023022,123.96185599260235,125.21717071533203,2500,0.0,0.0
2017-04-11 00:00:00-04:00,125.1858139038086,125.1858139038086,125.1858139038086,125.1858139038086,800,0.0,0.0
2017-04-12 00:00:00-04:00,124.80921936035156,124.80921936035156,124.80921936035156,124.80921936035156,900,0.0,0.0
2017-04-13 00:00:00-04:00,124.58952094211317,124.78566313126272,123.96186354252075,124.07954406738281,2300,0.0,0.0
2017-04-17 00:00:00-04:00,124.51108511983074,125.52318572998047,124.51108511983074,125.52318572998047,1200,0.0,0.0
2017-04-18 00:00:00-04:00,125.53101504297419,125.53101504297419,124.82490787198566,125.47608947753906,2200,0.0,0.0
2017-04-19 00:00:00-04:00,125.53102912594566,125.56240661573554,124.7464601939085,124.93476104736328,3000,0.0,0.0
2017-04-20 00:00:00-04:00,125.53099069536103,126.3940210450189,125.45252903754916,126.31555938720703,4100,0.0,0.0
2017-04-21 00:00:00-04:00,126.9432281805215,131.27405110202855,126.9432281805215,127.42965698242188,4400,0.0,0.0
2017-04-24 00:00:00-04:00,130.76407822954934,131.80755615234375,130.4267193976557,131.80755615234375,1600,0.0,0.0
2017-04-25 00:00:00-04:00,131.8075440652772,135.41656494140625,131.8075440652772,135.41656494140625,1300,0.0,0.0
2017-04-26 00:00:00-04:00,134.27897717465302,139.3237619802033,134.27897717465302,139.24530029296875,2900,0.0,0.0
2017-04-27 00:00:00-04:00,139.6532579517547,139.6610993306382,136.50714111328125,136.50714111328125,3500,0.0,0.0
2017-04-28 00:00:00-04:00,138.94716854774657,141.19887764732715,138.94716854774657,139.8258819580078,2700,0.0,0.0
2017-05-01 00:00:00-04:00,140.13186322517075,140.13186322517075,138.90793755602886,139.70034790039062,2100,0.0,0.0
2017-05-02 00:00:00-04:00,144.97265881287746,144.97265881287746,140.43785095214844,140.43785095214844,2500,0.0,0.0
2017-05-03 00:00:00-04:00,140.47702507549414,142.00693161292193,138.45283643690962,138.6254425048828,3000,0.0,0.0
2017-05-04 00:00:00-04:00,139.27665879374996,139.98276593559478,137.71536254882812,137.71536254882812,1900,0.0,0.0
2017-05-05 00:00:00-04:00,139.16685215218368,141.0655076833337,138.67256985447239,139.66897583007812,3200,0.0,0.0
2017-05-08 00:00:00-04:00,141.06549195028694,141.2537808262645,138.93146356435074,139.4178924560547,1800,0.0,0.0
2017-05-09 00:00:00-04:00,141.19103006786014,153.38322598617498,141.12040976568676,151.01382446289062,11600,0.0,0.0
2017-05-10 00:00:00-04:00,148.67578354317493,152.7555387975392,148.67578354317493,151.47669982910156,5600,0.0,0.0
2017-05-11 00:00:00-04:00,151.0687360610294,151.60223713832315,149.06024169921875,149.06024169921875,2000,0.0,0.0
2017-05-12 00:00:00-04:00,148.4639710563065,148.4639710563065,145.2786232064042,148.2835235595703,1500,0.0,0.0
2017-05-15 00:00:00-04:00,148.98961685911055,150.747055357875,148.98961685911055,150.15078735351562,2400,0.0,0.0
2017-05-16 00:00:00-04:00,150.1508120035201,151.1942901611328,148.91119160511337,151.1942901611328,1200,0.0,0.0
2017-05-17 00:00:00-04:00,149.67221069335938,149.67221069335938,149.67221069335938,149.67221069335938,1400,0.0,0.0
2017-05-18 00:00:00-04:00,156.71764773171006,156.71764773171006,149.02886962890625,149.02886962890625,3100,0.0,0.0
2017-05-19 00:00:00-04:00,150.47244822100058,150.53521516298073,146.79283052352946,148.15013122558594,4700,0.0,0.0
2017-05-22 00:00:00-04:00,148.18936423311024,149.07591886909694,147.85199341146767,148.96607971191406,4300,0.0,0.0
2017-05-23 00:00:00-04:00,148.92689871187147,148.92689871187147,146.6908721923828,146.6908721923828,2300,0.0,0.0
2017-05-24 00:00:00-04:00,146.72221144456503,146.96543783608766,146.5496053455852,146.62806701660156,1900,0.0,0.0
2017-05-25 00:00:00-04:00,146.51041186000228,146.91053771972656,146.51041186000228,146.91053771972656,1100,0.0,0.0
2017-05-26 00:00:00-04:00,146.98899046206552,147.77355937412017,145.3963165283203,145.3963165283203,1100,0.0,0.0
2017-05-30 00:00:00-04:00,146.79284705244459,146.79284705244459,145.78074645996094,145.78074645996094,700,0.0,0.0
2017-05-31 00:00:00-04:00,147.49108491621354,147.49108491621354,145.49827356965181,146.25146484375,2600,0.0,0.0
2017-06-01 00:00:00-04:00,147.34202673407466,150.29985453638534,146.7143692840002,147.26356506347656,4700,0.0,0.0
2017-06-02 00:00:00-04:00,147.60093690896295,148.81700901071065,146.32208589304355,148.03244018554688,4600,0.0,0.0
2017-06-05 00:00:00-04:00,147.96968587515673,150.72351815401134,147.96968587515673,148.11874389648438,4000,0.0,0.0
2017-06-06 00:00:00-04:00,149.25638870058256,150.00956812463133,147.10666565011658,147.6793975830078,4400,0.0,0.0
2017-06-07 00:00:00-04:00,148.02459716796875,149.00530818856396,148.02459716796875,148.02459716796875,2100,0.0,0.0
2017-06-08 00:00:00-04:00,148.11087838762182,148.11087838762182,146.6202026446454,147.28707885742188,4500,0.0,0.0
2017-06-09 00:00:00-04:00,148.9503992424966,149.46036420048424,145.69443136962252,148.62872314453125,3300,0.0,0.0
2017-06-12 00:00:00-04:00,150.55092054336708,152.9909302169724,147.734321162806,151.65716552734375,4800,0.0,0.0
2017-06-13 00:00:00-04:00,156.56963309818988,156.56963309818988,155.2727508544922,155.2727508544922,2200,0.35,0.0
2017-06-14 00:00:00-04:00,155.19414029738525,156.88403053613584,154.7618422366217,156.47531127929688,8400,0.0,0.0
2017-06-15 00:00:00-04:00,156.16876016906258,156.19233897077285,155.23342772359956,155.8229217529297,6100,0.0,0.0
2017-06-16 00:00:00-04:00,151.31917834157457,156.0115513904371,150.71396116287872,152.40383911132812,13200,0.0,0.0
2017-06-19 00:00:00-04:00,154.75397792214332,155.44565478043125,154.32954748210395,155.11553955078125,2400,0.0,0.0
2017-06-20 00:00:00-04:00,154.2509307861328,154.2509307861328,153.2684407811256,154.2509307861328,1900,0.0,0.0
2017-06-21 00:00:00-04:00,152.93829537604176,156.80537383287657,152.72607421875,152.72607421875,2000,0.0,0.0
2017-06-22 00:00:00-04:00,154.68322059926595,154.68322059926595,152.5453215020711,153.42562866210938,3900,0.0,0.0
2017-06-23 00:00:00-04:00,153.2684697701593,155.46925019628594,150.53322043699723,153.09555053710938,46300,0.0,0.0
2017-06-26 00:00:00-04:00,153.40207291759276,154.93475507596628,151.83794435975722,152.191650390625,3400,0.0,0.0
2017-06-27 00:00:00-04:00,151.49207015705306,151.69642371597953,149.98296727741456,151.68856811523438,2300,0.0,0.0
2017-06-28 00:00:00-04:00,154.054455284373,154.054455284373,153.9837188720703,153.9837188720703,1600,0.0,0.0
2017-06-29 00:00:00-04:00,151.75937156863478,152.86762342093394,151.6886351508171,151.76722717285156,1800,0.0,0.0
2017-06-30 00:00:00-04:00,154.3216384353191,154.3216384353191,150.6903598912339,152.04226684570312,1600,0.0,0.0
2017-07-03 00:00:00-04:00,152.5531700296786,152.5531700296786,151.8536376953125,151.8536376953125,1500,0.0,0.0
2017-07-05 00:00:00-04:00,151.6021536495922,154.67537351522023,150.51748075978986,151.78292846679688,1600,0.0,0.0
2017-07-06 00:00:00-04:00,149.5113553681128,150.7139218161007,147.184814453125,147.184814453125,2300,0.0,0.0
2017-07-07 00:00:00-04:00,147.82938245918822,149.33848571777344,147.82938245918822,149.33848571777344,2100,0.0,0.0
2017-07-10 00:00:00-04:00,149.46423548634235,149.46423548634235,147.25559997558594,147.25559997558594,2100,0.0,0.0
2017-07-11 00:00:00-04:00,149.2991696645156,149.2991696645156,146.12376743887515,146.35169982910156,2500,0.0,0.0
2017-07-12 00:00:00-04:00,146.92547794381912,147.06696273950033,146.20236674724313,146.39886474609375,6500,0.0,0.0
2017-07-13 00:00:00-04:00,148.70969222360884,148.70969222360884,146.95693332481767,148.47389221191406,1200,0.0,0.0
2017-07-14 00:00:00-04:00,145.82510008918268,147.5935821533203,145.82510008918268,147.5935821533203,800,0.0,0.0
2017-07-17 00:00:00-04:00,147.6092847805547,148.35597470491584,145.49496459960938,145.49496459960938,4000,0.0,0.0
2017-07-18 00:00:00-04:00,145.1334242381843,145.1334242381843,141.65148528536392,141.67506408691406,4400,0.0,0.0
2017-07-19 00:00:00-04:00,142.2409748457866,142.2409748457866,135.54431957015814,139.2384796142578,3600,0.0,0.0
2017-07-20 00:00:00-04:00,133.02914960280128,137.13202891338162,133.02914960280128,136.7154541015625,3100,0.0,0.0
2017-07-21 00:00:00-04:00,138.15382281615686,138.15382281615686,135.06486789403547,136.03164672851562,3300,0.0,0.0
2017-07-24 00:00:00-04:00,137.5485970957795,137.5485970957795,133.9330291748047,133.9330291748047,5800,0.0,0.0
2017-07-25 00:00:00-04:00,134.14527767409615,137.9416211658905,134.14527767409615,135.92161560058594,9000,0.0,0.0
2017-07-26 00:00:00-04:00,136.77047557523227,140.44892469375054,136.7626199721276,139.28565979003906,4000,0.0,0.0
2017-07-27 00:00:00-04:00,138.39747897687758,139.28565381437483,136.95911211347848,139.12059020996094,2400,0.0,0.0
2017-07-28 00:00:00-04:00,140.73187481236232,140.73187481236232,137.94945632095005,138.5232391357422,3200,0.0,0.0
2017-07-31 00:00:00-04:00,141.10913282679917,141.10913282679917,138.74330139160156,138.74330139160156,4900,0.0,0.0
2017-08-01 00:00:00-04:00,139.1284576676786,139.90659416629944,134.56184547364845,138.1774139404297,2800,0.0,0.0
2017-08-02 00:00:00-04:00,140.6925793033406,140.6925793033406,136.6054229736328,136.6054229736328,2300,0.0,0.0
2017-08-03 00:00:00-04:00,138.7983343540252,138.7983343540252,136.0552297530364,137.50930786132812,2800,0.0,0.0
2017-08-04 00:00:00-04:00,136.526810692274,138.3345947265625,136.22814188182184,138.3345947265625,2700,0.0,0.0
2017-08-07 00:00:00-04:00,141.55718922809854,141.55718922809854,138.2717358459991,139.74940490722656,3700,0.0,0.0
2017-08-08 00:00:00-04:00,140.04805260206408,141.47856383764443,140.04805260206408,140.29957580566406,2100,0.0,0.0
2017-08-09 00:00:00-04:00,141.18776733498296,141.38426536356553,138.60184656259545,140.58255004882812,2700,0.0,0.0
2017-08-10 00:00:00-04:00,139.4978553025625,140.1973876953125,139.4978553025625,140.1973876953125,1300,0.0,0.0
2017-08-11 00:00:00-04:00,140.18954748703072,141.62791442871094,140.18954748703072,141.62791442871094,3700,0.0,0.0
2017-08-14 00:00:00-04:00,141.59645993032134,144.54393005371094,141.59645993032134,144.54393005371094,4000,0.0,0.0
2017-08-15 00:00:00-04:00,144.84261748150334,146.96479366864256,143.83654859288492,144.61468505859375,4700,0.0,0.0
2017-08-16 00:00:00-04:00,145.36919311150925,146.73682327492924,143.87581336451728,143.9151153564453,6400,0.0,0.0
2017-08-17 00:00:00-04:00,144.07233963071926,144.07233963071926,141.25848676058772,142.29598999023438,1500,0.0,0.0
2017-08-18 00:00:00-04:00,141.9344418094663,141.9344418094663,138.35817568456721,139.39569091796875,2900,0.0,0.0
2017-08-21 00:00:00-04:00,139.56074993712008,140.77118444035298,139.56074993712008,139.91444396972656,2100,0.0,0.0
2017-08-22 00:00:00-04:00,140.41746473957681,141.470703125,140.41746473957681,141.470703125,800,0.0,0.0
2017-08-23 00:00:00-04:00,141.2899095685533,144.5046257806593,138.56251652417228,140.92835998535156,2700,0.0,0.0
2017-08-24 00:00:00-04:00,140.692579271428,140.692579271428,136.44822692871094,136.44822692871094,2700,0.0,0.0
2017-08-25 00:00:00-04:00,137.50149295259007,137.50149295259007,135.9059295654297,135.9059295654297,1000,0.0,0.0
2017-08-28 00:00:00-04:00,136.82549842491503,136.90409043447232,134.12168383577495,136.3224639892578,1300,0.0,0.0
2017-08-29 00:00:00-04:00,136.86477661132812,136.86477661132812,136.86477661132812,136.86477661132812,600,0.0,0.0
2017-08-30 00:00:00-04:00,136.34486389160156,136.34486389160156,136.34486389160156,136.34486389160156,900,0.4,0.0
2017-08-31 00:00:00-04:00,138.72397648789828,139.83477959391334,137.8652756559709,138.5506591796875,2300,0.0,0.0
2017-09-01 00:00:00-04:00,138.1489199442715,138.34587038830583,137.0932684492638,137.85743713378906,1800,0.0,0.0
2017-09-05 00:00:00-04:00,135.93516163996006,137.10897827148438,135.93516163996006,137.10897827148438,2400,0.0,0.0
2017-09-06 00:00:00-04:00,137.1720428466797,137.1720428466797,137.1720428466797,137.1720428466797,800,0.0,0.0
2017-09-07 00:00:00-04:00,135.73825028888626,137.31385386270756,135.5019073486328,135.5019073486328,1600,0.0,0.0
2017-09-08 00:00:00-04:00,139.13366960285674,139.13366960285674,133.9971987511567,136.17153930664062,1900,0.0,0.0
2017-09-11 00:00:00-04:00,136.34485407365798,139.9608612060547,136.28970218135575,139.9608612060547,2100,0.0,0.0
2017-09-12 00:00:00-04:00,138.85794067382812,138.85794067382812,138.85794067382812,138.85794067382812,500,0.0,0.0
2017-09-13 00:00:00-04:00,139.8347978913382,140.22869873046875,138.65309537394663,140.22869873046875,2700,0.0,0.0
2017-09-14 00:00:00-04:00,138.2119482960625,139.7875518798828,138.2119482960625,139.7875518798828,900,0.0,0.0
2017-09-15 00:00:00-04:00,139.97663384198083,139.97663384198083,138.65313243873535,139.33851623535156,6500,0.0,0.0
2017-09-18 00:00:00-04:00,137.1247730745019,141.055908203125,137.1247730745019,141.055908203125,2100,0.0,0.0
2017-09-19 00:00:00-04:00,138.03071224411292,140.6147003173828,138.03071224411292,140.6147003173828,1300,0.0,0.0
2017-09-20 00:00:00-04:00,140.22869984489625,140.95347595214844,140.22869984489625,140.95347595214844,1300,0.0,0.0
2017-09-21 00:00:00-04:00,141.21347201072564,143.54537061736576,138.22770849143888,139.44091796875,3100,0.0,0.0
2017-09-22 00:00:00-04:00,137.76288734948244,139.46454200429173,137.76288734948244,138.062255859375,1600,0.0,0.0
2017-09-25 00:00:00-04:00,136.8726952206597,137.47142028808594,134.87167182688154,137.47142028808594,1300,0.0,0.0
2017-09-26 00:00:00-04:00,140.3705198136528,140.3705198136528,138.4955596923828,138.4955596923828,1600,0.0,0.0
2017-09-27 00:00:00-04:00,141.0086298568859,147.2952840234341,140.99287045711816,145.72755432128906,2800,0.0,0.0
2017-09-28 00:00:00-04:00,138.81069279647843,141.01654052734375,138.12530898809038,141.01654052734375,15100,0.0,0.0
2017-09-29 00:00:00-04:00,141.77281363567798,142.19034761745795,139.60635874040779,141.07167053222656,3400,0.0,0.0
2017-10-02 00:00:00-04:00,140.62261889860318,145.58577255802825,140.62261889860318,143.95501708984375,4500,0.0,0.0
2017-10-03 00:00:00-04:00,145.71968883943464,145.71968883943464,143.1278143825974,143.89198303222656,3300,0.0,0.0
2017-10-04 00:00:00-04:00,144.8137194666526,145.18397521972656,144.79796006623445,145.18397521972656,1100,0.0,0.0
2017-10-05 00:00:00-04:00,145.743324239418,148.89453125,144.95552248677248,148.89453125,4100,0.0,0.0
2017-10-06 00:00:00-04:00,147.95704428587607,150.07623291015625,147.95704428587607,150.07623291015625,3400,0.0,0.0
2017-10-09 00:00:00-04:00,152.11664512587006,152.11664512587006,152.04574584960938,152.04574584960938,1300,0.0,0.0
2017-10-10 00:00:00-04:00,152.5262895364918,154.29884338378906,151.49427121985383,154.29884338378906,5200,0.0,0.0
2017-10-11 00:00:00-04:00,153.8497882145637,156.61497986614637,153.8497882145637,155.34661865234375,2200,0.0,0.0
2017-10-12 00:00:00-04:00,155.98472836619635,155.98472836619635,150.4228505811294,151.6124267578125,4000,0.0,0.0
2017-10-13 00:00:00-04:00,150.6197823638517,152.07720803909447,148.89449502199915,151.100341796875,3000,0.0,0.0
2017-10-16 00:00:00-04:00,157.70216888027733,157.70216888027733,149.83990976731042,150.47802734375,2000,0.0,0.0
2017-10-17 00:00:00-04:00,147.7128448486328,147.7128448486328,147.7128448486328,147.7128448486328,1100,0.0,0.0
2017-10-18 00:00:00-04:00,151.65183515673354,151.65183515673354,149.6823308040487,150.1865234375,1200,0.0,0.0
2017-10-19 00:00:00-04:00,150.1865234375,150.1865234375,150.1865234375,150.1865234375,0,0.0,0.0
2017-10-20 00:00:00-04:00,150.27318278774777,150.27318278774777,147.9019038639424,147.93341064453125,1000,0.0,0.0
2017-10-23 00:00:00-04:00,147.93341064453125,147.93341064453125,147.93341064453125,147.93341064453125,0,0.0,0.0
2017-10-24 00:00:00-04:00,142.5133243678413,145.50697326660156,142.5133243678413,145.50697326660156,600,0.0,0.0
2017-10-25 00:00:00-04:00,143.28537106269303,144.87672177523024,143.28537106269303,144.83734130859375,1200,0.0,0.0
2017-10-26 00:00:00-04:00,146.60988799201928,146.60988799201928,144.17557182208182,145.74330139160156,2000,0.0,0.0
2017-10-27 00:00:00-04:00,148.1067172813966,152.95169285218876,148.1067172813966,149.9974365234375,1700,0.0,0.0
2017-10-30 00:00:00-04:00,146.55474005190243,148.1539764404297,146.55474005190243,148.1539764404297,1100,0.0,0.0
2017-10-31 00:00:00-04:00,146.9092763863133,150.86404479053914,146.9092763863133,149.4459991455078,2500,0.0,0.0
2017-11-01 00:00:00-04:00,149.1072235107422,149.1072235107422,149.1072235107422,149.1072235107422,500,0.0,0.0
2017-11-02 00:00:00-04:00,149.2569196295667,149.6823272705078,149.2569196295667,149.6823272705078,1000,0.0,0.0
2017-11-03 00:00:00-04:00,147.5788924153217,147.72857666015625,147.0589404135489,147.72857666015625,1800,0.0,0.0
2017-11-06 00:00:00-05:00,146.5389879428342,149.99743687905578,146.53111425346282,147.4922332763672,2000,0.0,0.0
2017-11-07 00:00:00-05:00,148.06736461908977,148.06736461908977,146.7044706986949,146.72023010253906,1500,0.0,0.0
2017-11-08 00:00:00-05:00,146.81472581330655,148.09884643554688,146.81472581330655,148.09884643554688,1200,0.0,0.0
2017-11-09 00:00:00-05:00,148.0988433518413,148.0988433518413,148.09095764160156,148.09095764160156,800,0.0,0.0
2017-11-10 00:00:00-05:00,146.7911077565617,147.279541015625,146.7911077565617,147.279541015625,600,0.0,0.0
2017-11-13 00:00:00-05:00,146.54687116646744,146.8856201171875,146.5311117670922,146.8856201171875,900,0.0,0.0
2017-11-14 00:00:00-05:00,148.49273681640625,148.49273681640625,148.49273681640625,148.49273681640625,900,0.0,0.0
2017-11-15 00:00:00-05:00,148.5084991455078,148.5084991455078,148.5084991455078,148.5084991455078,1000,0.0,0.0
2017-11-16 00:00:00-05:00,150.47012914835014,151.79363027344482,148.34306689964777,149.67445373535156,3400,0.0,0.0
2017-11-17 00:00:00-05:00,148.46123710258337,149.2884313426993,148.10672871993387,149.2411651611328,900,0.0,0.0
2017-11-20 00:00:00-05:00,149.13086708600915,149.68232588244865,149.13086708600915,149.54052734375,3200,0.0,0.0
2017-11-21 00:00:00-05:00,149.7926134183953,153.38498721494454,149.18600274896488,152.12451171875,2900,0.0,0.0
2017-11-22 00:00:00-05:00,153.62133003702021,154.36186555131187,152.38447560976715,153.78677368164062,5500,0.0,0.0
2017-11-24 00:00:00-05:00,155.06300739050445,158.30087280273438,155.06300739050445,158.30087280273438,1000,0.0,0.0
2017-11-27 00:00:00-05:00,157.56035441736142,157.67851987481401,156.76467895507812,156.76467895507812,3500,0.0,0.0
2017-11-28 00:00:00-05:00,156.142308669008,157.16645337588824,156.142308669008,156.77255249023438,2600,0.0,0.0
2017-11-29 00:00:00-05:00,157.22945554517253,159.44317626953125,157.22945554517253,159.44317626953125,1700,0.0,0.0
2017-11-30 00:00:00-05:00,159.76272711569132,162.4788243313475,159.76272711569132,160.56956481933594,2700,2.8,0.0
2017-12-01 00:00:00-05:00,160.6814186458725,162.24717712402344,159.6748674603363,162.24717712402344,2300,0.0,0.0
2017-12-04 00:00:00-05:00,162.94213854599423,162.94213854599423,159.73074427625525,160.05029296875,3000,0.0,0.0
2017-12-05 00:00:00-05:00,158.81211268285176,159.74677001782624,158.2848663330078,158.2848663330078,1400,0.0,0.0
2017-12-06 00:00:00-05:00,158.32479858398438,158.32479858398438,158.32479858398438,158.32479858398438,900,0.0,0.0
2017-12-07 00:00:00-05:00,159.38726395816693,159.38726395816693,155.68856811523438,155.68856811523438,2500,0.0,0.0
2017-12-08 00:00:00-05:00,153.9630550517861,155.361048889349,150.991318604775,152.26150512695312,1600,0.0,0.0
2017-12-11 00:00:00-05:00,152.38132982272273,152.57305908203125,150.98333597113813,152.57305908203125,1900,0.0,0.0
2017-12-12 00:00:00-05:00,151.78214791699878,151.78214791699878,147.80386134782322,149.80099487304688,3700,0.0,0.0
2017-12-13 00:00:00-05:00,149.98478082959076,149.98478082959076,147.0689697265625,147.0689697265625,4900,0.0,0.0
2017-12-14 00:00:00-05:00,147.7879358894836,150.80760192871094,147.7879358894836,150.80760192871094,4000,0.0,0.0
2017-12-15 00:00:00-05:00,149.5374069066373,159.47514761254075,149.5374069066373,155.0335235595703,6400,0.0,0.0
2017-12-18 00:00:00-05:00,154.0668861972585,158.16500854492188,154.0668861972585,158.16500854492188,1300,0.0,0.0
2017-12-19 00:00:00-05:00,156.70314076848229,158.82809448242188,156.70314076848229,158.82809448242188,1900,0.0,0.0
2017-12-20 00:00:00-05:00,159.01981474329114,162.14333561950937,156.49543413895177,160.170166015625,3200,0.0,0.0
2017-12-21 00:00:00-05:00,160.17015281026917,162.24717712402344,158.86801749275514,162.24717712402344,2500,0.0,0.0
2017-12-22 00:00:00-05:00,157.9972750760785,161.01694091997535,157.9972750760785,158.74819946289062,2500,0.0,0.0
2017-12-26 00:00:00-05:00,159.69082641601562,159.69082641601562,159.69082641601562,159.69082641601562,1400,0.0,0.0
2017-12-27 00:00:00-05:00,160.44972229003906,160.44972229003906,160.44972229003906,160.44972229003906,1600,0.0,0.0
2017-12-28 00:00:00-05:00,158.89196606268592,159.77070984263554,158.22093200683594,158.22093200683594,2900,0.0,0.0
2017-12-29 00:00:00-05:00,158.45262145996094,158.45262145996094,158.45262145996094,158.45262145996094,700,0.0,0.0
2018-01-02 00:00:00-05:00,157.90938354655984,163.28566465371284,157.90938354655984,158.5724334716797,2100,0.0,0.0
2018-01-03 00:00:00-05:00,159.6349268369553,159.6349268369553,156.18387320728155,157.2144012451172,1900,0.0,0.0
2018-01-04 00:00:00-05:00,155.37705993652344,155.37705993652344,153.57963893468704,155.37705993652344,3700,0.0,0.0
2018-01-05 00:00:00-05:00,155.65661471239818,177.24962458600524,152.6289530169698,152.71682739257812,4400,0.0,0.0
2018-01-08 00:00:00-05:00,154.31454264472836,158.93191530388322,148.64268961179772,148.98619079589844,1800,0.0,0.0
2018-01-09 00:00:00-05:00,150.1605142415914,157.00668334960938,148.58677165268747,157.00668334960938,6300,0.0,0.0
2018-01-10 00:00:00-05:00,156.60726402087514,156.81497377096582,154.94565915738568,156.63124084472656,3100,0.0,0.0
2018-01-11 00:00:00-05:00,155.84832215390577,156.36758422851562,154.88970041786635,156.36758422851562,1900,0.0,0.0
2018-01-12 00:00:00-05:00,156.36758422851562,156.36758422851562,156.36758422851562,156.36758422851562,0,0.0,0.0
2018-01-16 00:00:00-05:00,157.4061346261004,159.3873006659373,157.4061346261004,158.97189331054688,1500,0.0,0.0
2018-01-17 00:00:00-05:00,155.85635396452352,157.8854368978218,144.59251248106665,156.5753173828125,3500,0.0,0.0
2018-01-18 00:00:00-05:00,156.75106616320124,156.75106616320124,156.5753173828125,156.5753173828125,1100,0.0,0.0
2018-01-19 00:00:00-05:00,154.578178524971,155.03353094834893,129.9495194708834,153.37989807128906,3300,0.0,0.0
2018-01-22 00:00:00-05:00,151.78217929360312,155.6166788926123,151.78217929360312,154.8178253173828,3000,0.0,0.0
2018-01-23 00:00:00-05:00,154.17872225444225,156.17585596240133,153.15619077113013,154.4183807373047,3000,0.0,0.0
2018-01-24 00:00:00-05:00,154.41838800685125,155.75247192382812,154.41838800685125,155.75247192382812,1300,0.0,0.0
2018-01-25 00:00:00-05:00,155.36105143718947,155.77645874023438,155.36105143718947,155.77645874023438,1200,0.0,0.0
2018-01-26 00:00:00-05:00,156.37559509277344,156.37559509277344,156.37559509277344,156.37559509277344,600,0.0,0.0
2018-01-29 00:00:00-05:00,154.7299537295815,155.93621826171875,154.7299537295815,155.93621826171875,700,0.0,0.0
2018-01-30 00:00:00-05:00,155.77645874023438,155.77645874023438,155.77645874023438,155.77645874023438,500,0.0,0.0
2018-01-31 00:00:00-05:00,155.273205044653,155.37705993652344,155.273205044653,155.37705993652344,1000,0.0,0.0
2018-02-01 00:00:00-05:00,154.41839740348652,154.41839740348652,153.37988532535513,154.37046813964844,2600,0.0,0.0
2018-02-02 00:00:00-05:00,151.2070204321148,151.78219604492188,151.2070204321148,151.78219604492188,600,0.0,0.0
2018-02-05 00:00:00-05:00,151.78217599820528,151.95792475610307,151.70228576660156,151.70228576660156,2200,0.0,0.0
2018-02-06 00:00:00-05:00,148.86636005351173,150.18446350097656,148.86636005351173,150.18446350097656,1900,0.0,0.0
2018-02-07 00:00:00-05:00,154.1947005111172,154.1947005111172,153.22808244702355,153.2919921875,3500,0.0,0.0
2018-02-08 00:00:00-05:00,154.17873248793347,154.41039465003695,150.42412330566853,150.99130249023438,1700,0.0,0.0
2018-02-09 00:00:00-05:00,151.78219322064152,153.35593588340816,148.9063152101189,151.8780517578125,1600,0.0,0.0
2018-02-12 00:00:00-05:00,154.090872406188,154.48231506347656,154.090872406188,154.48231506347656,1200,0.0,0.0
2018-02-13 00:00:00-05:00,152.5410790555301,152.58102416992188,151.78217064023642,152.58102416992188,3300,0.0,0.0
2018-02-14 00:00:00-05:00,151.78218209380256,154.1308135986328,151.78218209380256,154.1308135986328,4900,0.0,0.0
2018-02-15 00:00:00-05:00,153.37989421206225,153.97903442382812,153.37989421206225,153.97903442382812,1200,0.0,0.0
2018-02-16 00:00:00-05:00,150.18450718980375,153.93911743164062,150.18450718980375,153.93911743164062,1600,0.0,0.0
2018-02-20 00:00:00-05:00,153.37987828092366,154.1787318136368,152.98045151456708,153.39585876464844,2900,0.0,0.0
2018-02-21 00:00:00-05:00,153.01241862787498,154.9696197691826,153.01241862787498,153.42782592773438,800,0.0,0.0
2018-02-22 00:00:00-05:00,153.42782592773438,153.42782592773438,153.42782592773438,153.42782592773438,500,0.0,0.0
2018-02-23 00:00:00-05:00,153.65949791722872,154.92967224121094,153.37989427580627,154.92967224121094,1300,0.0,0.0
2018-02-26 00:00:00-05:00,153.42781082097403,153.78729248046875,153.42781082097403,153.78729248046875,400,0.0,0.0
2018-02-27 00:00:00-05:00,154.17873891855214,154.17873891855214,153.77931213378906,153.77931213378906,600,0.0,0.0
2018-02-28 00:00:00-05:00,153.77931213378906,153.819257250173,153.77931213378906,153.77931213378906,1100,0.0,0.0
2018-03-01 00:00:00-05:00,154.97756958007812,154.97756958007812,154.97756958007812,154.97756958007812,300,0.0,0.0
2018-03-02 00:00:00-05:00,152.8606414794922,152.8606414794922,152.8606414794922,152.8606414794922,500,0.0,0.0
2018-03-05 00:00:00-05:00,153.3799007815751,156.5034214781893,153.06036419742918,154.498291015625,6400,0.0,0.0
2018-03-06 00:00:00-05:00,154.81781142252885,156.21580505371094,154.22665544168134,156.21580505371094,4900,0.0,0.0
2018-03-07 00:00:00-05:00,155.7764460576045,158.4446140543328,153.77931213378906,153.77931213378906,5200,0.0,0.0
2018-03-08 00:00:00-05:00,155.80841424959698,155.80841424959698,154.4982947199241,155.0814666748047,3100,0.0,0.0
2018-03-09 00:00:00-05:00,154.77790819024835,155.77647533986286,154.57819476032546,155.3690643310547,4900,0.0,0.0
2018-03-12 00:00:00-04:00,154.09885712479098,159.33934706708277,154.09885712479098,158.4126739501953,11400,0.0,0.0
2018-03-13 00:00:00-04:00,158.42065092220312,158.42065092220312,157.07858276367188,157.07858276367188,800,0.0,0.0
2018-03-14 00:00:00-04:00,155.77648249680854,160.1382293701172,155.77648249680854,160.1382293701172,1000,0.0,0.0
2018-03-15 00:00:00-04:00,159.13161824583537,159.13161824583537,156.97471618652344,156.97471618652344,1100,0.0,0.0
2018-03-16 00:00:00-04:00,155.49683986091986,161.28054399687485,155.49683986091986,160.56956481933594,10600,0.0,0.0
2018-03-19 00:00:00-04:00,161.48207207061077,163.29107666015625,161.48207207061077,163.29107666015625,2500,0.4,0.0
2018-03-20 00:00:00-04:00,160.08927475407916,160.08927475407916,159.99322509765625,159.99322509765625,1700,0.0,0.0
2018-03-21 00:00:00-04:00,151.74864226536857,159.7691192626953,151.74864226536857,159.7691192626953,500,0.0,0.0
2018-03-22 00:00:00-04:00,162.19450109318336,162.40261281556923,158.82461547851562,158.82461547851562,1000,0.0,0.0
2018-03-23 00:00:00-04:00,161.137885767467,161.137885767467,160.2493896484375,160.2493896484375,1300,0.0,0.0
2018-03-26 00:00:00-04:00,160.2974037468883,168.05373190161325,159.84915568332357,161.4340362548828,4200,0.0,0.0
2018-03-27 00:00:00-04:00,159.28885675658287,161.16189867355368,159.28885675658287,160.60958862304688,2600,0.0,0.0
2018-03-28 00:00:00-04:00,160.08932602465453,160.08932602465453,159.28887939453125,159.28887939453125,1000,0.0,0.0
2018-03-29 00:00:00-04:00,160.91375525903533,160.91375525903533,160.00924682617188,160.00924682617188,1300,0.0,0.0
2018-04-02 00:00:00-04:00,160.48951868329658,160.48951868329658,156.4392614627611,160.37745666503906,3300,0.0,0.0
2018-04-03 00:00:00-04:00,158.96069636998004,158.96069636998004,152.08486261769278,158.40838623046875,1400,0.0,0.0
2018-04-04 00:00:00-04:00,156.27918607398377,158.4964141845703,156.27918607398377,158.4964141845703,1000,0.0,0.0
2018-04-05 00:00:00-04:00,156.71140724368854,158.4243621826172,156.71140724368854,158.4243621826172,700,0.0,0.0
2018-04-06 00:00:00-04:00,156.10309366023435,158.00814819335938,156.10309366023435,158.00814819335938,1100,0.0,0.0
2018-04-09 00:00:00-04:00,156.5032958984375,156.5032958984375,156.5032958984375,156.5032958984375,500,0.0,0.0
2018-04-10 00:00:00-04:00,159.7851104736328,159.7851104736328,159.7851104736328,159.7851104736328,900,0.0,0.0
2018-04-11 00:00:00-04:00,158.00814819335938,158.00814819335938,158.00814819335938,158.00814819335938,500,0.0,0.0
2018-04-12 00:00:00-04:00,157.82404653999703,157.82404653999703,156.48730225240263,156.9675750732422,2300,0.0,0.0
2018-04-13 00:00:00-04:00,157.28775024414062,157.28775024414062,157.28775024414062,157.28775024414062,700,0.0,0.0
2018-04-16 00:00:00-04:00,156.0870819091797,156.0870819091797,156.0870819091797,156.0870819091797,500,0.0,0.0
2018-04-17 00:00:00-04:00,156.56736160024744,156.6874237060547,156.56736160024744,156.6874237060547,1200,0.0,0.0
2018-04-18 00:00:00-04:00,155.53477530024074,156.7514575396676,154.92644028745016,155.79092407226562,1300,0.0,0.0
2018-04-19 00:00:00-04:00,154.2460479736328,154.2460479736328,154.2460479736328,154.2460479736328,700,0.0,0.0
2018-04-20 00:00:00-04:00,153.39754859422334,156.67137145996094,153.39754859422334,156.67137145996094,1500,0.0,0.0
2018-04-23 00:00:00-04:00,156.67137145996094,156.67137145996094,156.67137145996094,156.67137145996094,1000,0.0,0.0
2018-04-24 00:00:00-04:00,154.8143605897875,155.28662109375,154.8143605897875,155.28662109375,1000,0.0,0.0
2018-04-25 00:00:00-04:00,152.98933486040795,155.52674865722656,152.98933486040795,155.52674865722656,700,0.0,0.0
2018-04-26 00:00:00-04:00,155.52674865722656,155.52674865722656,155.52674865722656,155.52674865722656,0,0.0,0.0
2018-04-27 00:00:00-04:00,152.11683971582173,155.1425385680066,152.11683971582173,154.06993103027344,1400,0.0,0.0
2018-04-30 00:00:00-04:00,154.48619753556838,155.84695434570312,154.48619753556838,155.84695434570312,1200,0.0,0.0
2018-05-01 00:00:00-04:00,155.84695434570312,155.84695434570312,155.84695434570312,155.84695434570312,0,0.0,0.0
2018-05-02 00:00:00-04:00,153.92585596189375,155.2866124945931,153.3815460205078,153.3815460205078,7500,0.0,0.0
2018-05-03 00:00:00-04:00,154.6382771978978,154.6382771978978,153.03738403320312,153.03738403320312,500,0.0,0.0
2018-05-04 00:00:00-04:00,148.88302886729448,155.26258758672628,148.88302886729448,153.15740966796875,7100,0.0,0.0
2018-05-07 00:00:00-04:00,153.15740966796875,153.15740966796875,153.15740966796875,153.15740966796875,0,0.0,0.0
2018-05-08 00:00:00-04:00,153.10140991210938,153.10140991210938,153.10140991210938,153.10140991210938,700,0.0,0.0
2018-05-09 00:00:00-04:00,153.10140991210938,153.10140991210938,153.10140991210938,153.10140991210938,0,0.0,0.0
2018-05-10 00:00:00-04:00,153.10140991210938,153.10140991210938,153.10140991210938,153.10140991210938,500,0.0,0.0
2018-05-11 00:00:00-04:00,152.1488677742306,153.44558715820312,152.1488677742306,153.44558715820312,600,0.0,0.0
2018-05-14 00:00:00-04:00,154.43010385118728,154.4861409566653,152.1728515625,152.1728515625,1300,0.0,0.0
2018-05-15 00:00:00-04:00,152.1248413425154,152.1248413425154,151.05224609375,151.05224609375,1200,0.0,0.0
2018-05-16 00:00:00-04:00,152.60513012117534,152.60513012117534,152.06883239746094,152.06883239746094,1400,0.0,0.0
2018-05-17 00:00:00-04:00,153.44560543415312,153.68574184856058,152.4610595703125,152.4610595703125,700,0.0,0.0
2018-05-18 00:00:00-04:00,153.77379997481162,153.77379997481162,146.1215322757626,151.20436096191406,1100,0.0,0.0
2018-05-21 00:00:00-04:00,152.6531524658203,152.6531524658203,152.6531524658203,152.6531524658203,1000,0.0,0.0
2018-05-22 00:00:00-04:00,151.5084736099882,151.5084736099882,149.93960571289062,149.93960571289062,700,0.0,0.0
2018-05-23 00:00:00-04:00,149.93960571289062,149.93960571289062,149.93960571289062,149.93960571289062,600,0.0,0.0
2018-05-24 00:00:00-04:00,149.44336136286324,149.60344822251068,148.88305124717505,149.25926208496094,1600,0.0,0.0
2018-05-25 00:00:00-04:00,148.88304492272562,149.6754913330078,148.88304492272562,149.6754913330078,500,0.0,0.0
2018-05-29 00:00:00-04:00,149.98767334230908,151.17233077611033,130.58484523373772,149.07516479492188,1400,0.0,0.0
2018-05-30 00:00:00-04:00,149.5874481201172,149.5874481201172,149.5874481201172,149.5874481201172,500,0.0,0.0
2018-05-31 00:00:00-04:00,148.02654345706105,148.08258056640625,148.02654345706105,148.08258056640625,1000,0.0,0.0
2018-06-01 00:00:00-04:00,148.08258764548054,149.44334411621094,148.08258764548054,149.44334411621094,600,0.0,0.0
2018-06-04 00:00:00-04:00,149.6834977345989,149.69149780273438,149.6834977345989,149.69149780273438,1200,0.0,0.0
2018-06-05 00:00:00-04:00,149.6834746461612,152.46902465820312,149.6834746461612,152.46902465820312,1400,0.0,0.0
2018-06-06 00:00:00-04:00,151.6846250309473,152.4050220584849,149.68350860573693,149.92364501953125,1800,0.0,0.0
2018-06-07 00:00:00-04:00,149.683487059395,151.90872722680683,149.683487059395,150.7720947265625,1000,0.0,0.0
2018-06-08 00:00:00-04:00,149.64346217299703,149.6994992874371,149.4433505594429,149.68348693847656,1700,0.0,0.0
2018-06-11 00:00:00-04:00,149.65147160164705,150.66802978515625,149.65147160164705,150.66802978515625,4300,0.0,0.0
2018-06-12 00:00:00-04:00,149.07515203025577,149.68348693847656,149.07515203025577,149.68348693847656,3600,0.0,0.0
2018-06-13 00:00:00-04:00,147.682361130814,150.06768798828125,145.84133196392148,150.06768798828125,3000,0.0,0.0
2018-06-14 00:00:00-04:00,148.6077880859375,148.6077880859375,148.6077880859375,148.6077880859375,800,0.4,0.0
2018-06-15 00:00:00-04:00,148.808309542105,153.41270035388234,146.66654939027327,150.62921142578125,5600,0.0,0.0
2018-06-18 00:00:00-04:00,153.40467327925526,153.40467327925526,150.083740234375,150.083740234375,700,0.0,0.0
2018-06-19 00:00:00-04:00,148.55963134765625,148.55963134765625,148.55963134765625,148.55963134765625,400,0.0,0.0
2018-06-20 00:00:00-04:00,146.5783233642578,146.5783233642578,146.5783233642578,146.5783233642578,2200,0.0,0.0
2018-06-21 00:00:00-04:00,148.11043487544725,150.51690858696773,147.09169091038197,149.88320922851562,2400,0.0,0.0
2018-06-22 00:00:00-04:00,148.39921637135095,151.98486328125,148.39921637135095,151.98486328125,30500,0.0,0.0
2018-06-25 00:00:00-04:00,149.79498291015625,149.79498291015625,149.79498291015625,149.79498291015625,700,0.0,0.0
2018-06-26 00:00:00-04:00,149.60244935969536,150.14791086019684,148.5596416346656,148.96875,2200,0.0,0.0
2018-06-27 00:00:00-04:00,153.7335487479968,153.7335487479968,146.96334670107072,148.15855407714844,1900,0.0,0.0
2018-06-28 00:00:00-04:00,148.80030822753906,148.80030822753906,148.80030822753906,148.80030822753906,500,0.0,0.0
2018-06-29 00:00:00-04:00,147.7735286696923,148.14251444769891,147.19597400502633,148.12648010253906,1700,0.0,0.0
2018-07-02 00:00:00-04:00,147.59703063964844,147.59703063964844,147.59703063964844,147.59703063964844,400,0.0,0.0
2018-07-03 00:00:00-04:00,147.59703063964844,147.59703063964844,147.59703063964844,147.59703063964844,0,0.0,0.0
2018-07-05 00:00:00-04:00,150.28428873252113,150.28428873252113,147.60507202148438,147.60507202148438,1800,0.0,0.0
2018-07-06 00:00:00-04:00,147.7494647295661,149.60244750976562,147.7494647295661,149.60244750976562,700,0.0,0.0
2018-07-09 00:00:00-04:00,147.4526824951172,147.4526824951172,147.4526824951172,147.4526824951172,600,0.0,0.0
2018-07-10 00:00:00-04:00,146.361749339314,150.09979619623678,145.5515619519021,147.26016235351562,6900,0.0,0.0
2018-07-11 00:00:00-04:00,145.99271508921746,148.8965223187115,145.33493983836175,147.59703063964844,6000,0.0,0.0
2018-07-12 00:00:00-04:00,146.9954585466387,147.59707706729344,146.71469834101578,147.57301330566406,3400,0.0,0.0
2018-07-13 00:00:00-04:00,147.1960008965164,147.1960008965164,145.49542976207422,146.794921875,3800,0.0,0.0
2018-07-16 00:00:00-04:00,147.21202610856082,147.9981374493963,147.13180541992188,147.13180541992188,1400,0.0,0.0
2018-07-17 00:00:00-04:00,147.46066528665656,147.59703063964844,147.17990516934861,147.59703063964844,1100,0.0,0.0
2018-07-18 00:00:00-04:00,146.95534733725128,147.89387075518496,145.99276015782903,147.2681884765625,10300,0.0,0.0
2018-07-19 00:00:00-04:00,147.42860412597656,147.42860412597656,147.42860412597656,147.42860412597656,800,0.0,0.0
2018-07-20 00:00:00-04:00,147.35643005371094,147.35643005371094,147.35643005371094,147.35643005371094,400,0.0,0.0
2018-07-23 00:00:00-04:00,145.99274286451876,147.91791699532016,143.85098266601562,143.85098266601562,5600,0.0,0.0
2018-07-24 00:00:00-04:00,147.6772909609213,148.15857841129082,145.71199409204385,146.8109588623047,11500,0.0,0.0
2018-07-25 00:00:00-04:00,147.71736392784814,149.9072636821818,146.39380836464392,149.09707641601562,15800,0.0,0.0
2018-07-26 00:00:00-04:00,151.20677137926592,151.20677137926592,150.9982147216797,150.9982147216797,1200,0.0,0.0
2018-07-27 00:00:00-04:00,151.12655100117385,151.38324741715604,149.63453674316406,149.63453674316406,2300,0.0,0.0
2018-07-30 00:00:00-04:00,150.4046488413426,153.757663937664,150.4046488413426,151.15065002441406,8500,0.0,0.0
2018-07-31 00:00:00-04:00,151.6078459197088,153.53302001953125,151.0463378272571,153.53302001953125,12500,0.0,0.0
2018-08-01 00:00:00-04:00,153.53302001953125,153.53302001953125,153.53302001953125,153.53302001953125,800,0.0,0.0
2018-08-02 00:00:00-04:00,152.97151066093107,152.97151066093107,150.8297505146195,150.98216247558594,2400,0.0,0.0
2018-08-03 00:00:00-04:00,152.81109595665563,157.22296486879006,149.803003516564,156.42080688476562,16300,0.0,0.0
2018-08-06 00:00:00-04:00,156.42080688476562,156.42080688476562,156.42080688476562,156.42080688476562,600,0.0,0.0
2018-08-07 00:00:00-04:00,153.81378748199282,159.1240692138672,153.81378748199282,159.1240692138672,2600,0.0,0.0
2018-08-08 00:00:00-04:00,158.5866337453507,158.5866337453507,158.57058715820312,158.57058715820312,500,0.0,0.0
2018-08-09 00:00:00-04:00,158.57058715820312,158.57058715820312,158.57058715820312,158.57058715820312,300,0.0,0.0
2018-08-10 00:00:00-04:00,158.0251314434802,162.71776080111076,157.45559385827912,158.91552734375,5200,0.0,0.0
2018-08-13 00:00:00-04:00,159.24439613390183,161.59471300016168,158.02511264972063,159.38877868652344,7400,0.0,0.0
2018-08-14 00:00:00-04:00,159.38074044510935,160.83264415212946,156.50901395853583,158.8112030029297,7500,0.0,0.0
2018-08-15 00:00:00-04:00,158.42619171911338,159.78985775680516,156.789794921875,156.789794921875,12500,0.0,0.0
2018-08-16 00:00:00-04:00,157.4716188555888,159.04385375976562,157.4716188555888,159.04385375976562,2000,0.0,0.0
2018-08-17 00:00:00-04:00,158.20158519361584,159.95831298828125,157.98499912907886,159.95831298828125,2100,0.0,0.0
2018-08-20 00:00:00-04:00,158.6828862656452,160.17488825265366,158.6828862656452,159.2283477783203,1600,0.0,0.0
2018-08-21 00:00:00-04:00,158.76310264969743,158.86738710172793,157.80853271484375,157.80853271484375,2000,0.0,0.0
2018-08-22 00:00:00-04:00,158.0251056225236,158.4261845708041,157.5037078857422,157.5037078857422,1700,0.0,0.0
2018-08-23 00:00:00-04:00,157.11867356756088,158.02511596679688,156.55716545120364,158.02511596679688,2400,0.0,0.0
2018-08-24 00:00:00-04:00,158.54651498207983,158.54651498207983,157.38338839479113,157.4154815673828,3100,0.0,0.0
2018-08-27 00:00:00-04:00,156.99031201125578,159.22030976702104,155.90739406052538,156.26034545898438,3000,0.0,0.0
2018-08-28 00:00:00-04:00,156.26036595200847,157.22295301225506,156.18014526367188,156.18014526367188,1200,0.0,0.0
2018-08-29 00:00:00-04:00,155.81115280094755,156.54110717773438,155.81115280094755,156.54110717773438,800,0.0,0.0
2018-08-30 00:00:00-04:00,155.0250339661925,156.25233459472656,155.0250339661925,156.25233459472656,400,0.0,0.0
2018-08-31 00:00:00-04:00,159.55599649173698,159.55599649173698,155.93885803222656,155.93885803222656,800,0.4,0.0
2018-09-04 00:00:00-04:00,159.55599355939682,159.55599355939682,158.35028076171875,158.35028076171875,1600,0.0,0.0
2018-09-05 00:00:00-04:00,158.35028076171875,158.35028076171875,158.35028076171875,158.35028076171875,0,0.0,0.0
2018-09-06 00:00:00-04:00,158.04486371173132,158.35031494459346,153.9293670654297,153.9293670654297,2700,0.0,0.0
2018-09-07 00:00:00-04:00,154.1785070909505,154.1785070909505,152.08056640625,152.08056640625,800,0.0,0.0
2018-09-10 00:00:00-04:00,152.03232863814114,152.03232863814114,150.95522826659888,151.6223907470703,1700,0.0,0.0
2018-09-11 00:00:00-04:00,151.22851583791714,151.22851583791714,146.51016433144358,147.739990234375,2500,0.0,0.0
2018-09-12 00:00:00-04:00,144.902587890625,144.902587890625,144.902587890625,144.902587890625,1500,0.0,0.0
2018-09-13 00:00:00-04:00,144.8945233436135,144.9106029486917,141.47030337066218,141.87220764160156,1800,0.0,0.0
2018-09-14 00:00:00-04:00,141.63105916906568,141.63105916906568,136.72783454237057,137.25030517578125,3100,0.0,0.0
2018-09-17 00:00:00-04:00,136.6474640440798,136.6474640440798,134.2360382080078,134.2360382080078,1200,0.0,0.0
2018-09-18 00:00:00-04:00,134.0752875734929,135.60251912863845,130.24111681296512,133.3518524169922,5200,0.0,0.0
2018-09-19 00:00:00-04:00,132.90976322512373,132.90976322512373,132.50785890604584,132.7891845703125,1800,0.0,0.0
2018-09-20 00:00:00-04:00,132.91778230233024,134.4771728515625,132.91778230233024,134.4771728515625,1100,0.0,0.0
2018-09-21 00:00:00-04:00,134.29228386165622,138.26308730882172,134.29228386165622,137.8531494140625,12300,0.0,0.0
2018-09-24 00:00:00-04:00,138.76951513439417,138.76951513439417,135.972264662385,136.6474609375,800,0.0,0.0
2018-09-25 00:00:00-04:00,139.0588670393731,139.0588670393731,134.1958232823662,138.09429931640625,2600,0.0,0.0
2018-09-26 00:00:00-04:00,138.4560408171266,138.4560408171266,136.4063262939453,136.4063262939453,3200,0.0,0.0
2018-09-27 00:00:00-04:00,137.41108867421036,137.41108867421036,135.1925811767578,135.1925811767578,1300,0.0,0.0
2018-09-28 00:00:00-04:00,134.95944213867188,134.95944213867188,134.95944213867188,134.95944213867188,900,0.0,0.0
2018-10-01 00:00:00-04:00,135.84367402376304,138.25510018986535,135.84367402376304,137.53167724609375,6600,0.0,0.0
2018-10-02 00:00:00-04:00,137.45128311357942,137.68438223213658,136.00442504882812,136.00442504882812,2400,0.0,0.0
2018-10-03 00:00:00-04:00,136.72786021377726,136.72786021377726,136.00442504882812,136.00442504882812,1100,0.0,0.0
2018-10-04 00:00:00-04:00,136.58315872227055,136.58315872227055,135.35333251953125,135.35333251953125,700,0.0,0.0
2018-10-05 00:00:00-04:00,134.57361349084158,136.08477734956534,134.24404907226562,134.24404907226562,800,0.0,0.0
2018-10-08 00:00:00-04:00,135.0398227383297,139.02671813964844,135.0398227383297,139.02671813964844,6200,0.0,0.0
2018-10-09 00:00:00-04:00,139.05889571796766,145.65012416024084,139.05889571796766,141.47032165527344,9600,0.0,0.0
2018-10-10 00:00:00-04:00,142.03297634204898,142.03297634204898,137.08151245117188,137.08151245117188,6000,0.0,0.0
2018-10-11 00:00:00-04:00,137.081511219128,137.7486738190744,135.74719828438086,137.1217041015625,1500,0.0,0.0
2018-10-12 00:00:00-04:00,137.8933648929993,141.4703106350029,137.8933648929993,138.01393127441406,1500,0.0,0.0
2018-10-15 00:00:00-04:00,134.75849489731056,135.8597209216568,134.75849489731056,135.20059204101562,2000,0.0,0.0
2018-10-16 00:00:00-04:00,135.50603722268792,136.88858881186897,133.006192318835,135.41761779785156,6300,0.0,0.0
2018-10-17 00:00:00-04:00,135.08002053294175,135.08002053294175,132.94992065429688,132.94992065429688,2700,0.0,0.0
2018-10-18 00:00:00-04:00,131.82460348760304,131.96124947062032,126.13363742619885,128.2556915283203,9300,0.0,0.0
2018-10-19 00:00:00-04:00,128.34412101613674,136.60727265705927,127.1625213623047,127.16252136230469,2000,0.0,0.0
2018-10-22 00:00:00-04:00,126.8811817055965,131.74421351297514,125.39413101506504,127.122314453125,2500,0.0,0.0
2018-10-23 00:00:00-04:00,126.29441834744001,131.02081740314924,126.29441834744001,129.15597534179688,7800,0.0,0.0
2018-10-24 00:00:00-04:00,129.01127415309014,133.63317338287374,128.93893432617188,128.93893432617188,6700,0.0,0.0
2018-10-25 00:00:00-04:00,131.1333607466818,131.42273239117657,128.40844953816793,129.33282470703125,4000,0.0,0.0
2018-10-26 00:00:00-04:00,128.04670845491933,131.82460630451973,128.04670845491933,131.0207977294922,9700,0.0,0.0
2018-10-29 00:00:00-04:00,131.02080325795038,136.96898205808114,131.02080325795038,135.9803009033203,4700,0.0,0.0
2018-10-30 00:00:00-04:00,137.7245374686545,141.4702878053161,135.7230622692826,139.8626708984375,25400,0.0,0.0
2018-10-31 00:00:00-04:00,142.27413890125987,146.29318237304688,142.27413890125987,146.29318237304688,11600,0.0,0.0
2018-11-01 00:00:00-04:00,146.1967153286511,147.54710791926962,143.2386932373047,143.2386932373047,4900,0.0,0.0
2018-11-02 00:00:00-04:00,146.2770844563842,154.17049073427916,146.2127782970667,148.70458984375,13300,0.0,0.0
2018-11-05 00:00:00-05:00,150.31217850212306,152.29758633306847,148.54380238453854,149.7816619873047,6800,0.0,0.0
2018-11-06 00:00:00-05:00,146.30120663205722,151.91983345958673,146.30120663205722,150.51316833496094,3800,0.0,0.0
2018-11-07 00:00:00-05:00,152.6271723967546,154.04990470865224,150.392585594356,150.97132873535156,3500,0.0,0.0
2018-11-08 00:00:00-05:00,151.4375341564417,151.4375341564417,150.714111328125,150.714111328125,900,0.0,0.0
2018-11-09 00:00:00-05:00,148.8010325726448,151.08385814119944,147.57925242625774,148.9457244873047,4100,0.0,0.0
2018-11-12 00:00:00-05:00,149.19492533649125,151.91983619348278,144.5087193937318,147.4185028076172,14100,0.0,0.0
2018-11-13 00:00:00-05:00,149.7495369419842,150.9472038447794,147.16127240170422,148.65635681152344,8000,0.0,0.0
2018-11-14 00:00:00-05:00,150.47296509105644,159.51581169827313,149.74149633297105,153.76858520507812,7800,0.0,0.0
2018-11-15 00:00:00-05:00,153.94541902458846,155.64145557876796,148.59205106512383,149.50839233398438,11700,0.0,0.0
2018-11-16 00:00:00-05:00,148.94571756233236,154.07400745407605,147.09695555856737,153.39077758789062,7900,0.0,0.0
2018-11-19 00:00:00-05:00,153.29432603972742,159.55598892374903,153.29432603972742,156.3648681640625,4800,0.0,0.0
2018-11-20 00:00:00-05:00,155.13506742395177,158.34226831101884,152.3217371856936,156.10768127441406,3300,0.0,0.0
2018-11-21 00:00:00-05:00,156.77482090103427,157.54648253870425,153.12553532460797,156.09962463378906,3900,0.0,0.0
2018-11-23 00:00:00-05:00,156.13981287984552,156.72658969478007,155.95494034516798,156.69444274902344,1600,0.0,0.0
2018-11-26 00:00:00-05:00,156.74266289785814,157.65097045898438,155.92277476538266,157.65097045898438,5400,0.0,0.0
2018-11-27 00:00:00-05:00,156.6060293104269,157.50629100781111,154.781380373986,156.4774169921875,4200,0.0,0.0
2018-11-28 00:00:00-05:00,156.3246985992921,156.74268252025374,151.9198307503998,155.6173553466797,9500,0.0,0.0
2018-11-29 00:00:00-05:00,155.1350494856687,156.74266657878445,155.1350494856687,155.93885803222656,10000,0.0,0.0
2018-11-30 00:00:00-05:00,156.10075986933137,159.34735360299874,154.9077772280865,158.5634002685547,13000,11.0,0.0
2018-12-03 00:00:00-05:00,159.36439721233006,161.9037256903827,158.06916376613677,159.34735107421875,5400,0.0,0.0
2018-12-04 00:00:00-05:00,157.58345455300426,159.2962339565474,155.09525135733568,157.55789184570312,8000,0.0,0.0
2018-12-06 00:00:00-05:00,156.79097891173194,157.6345872291297,152.3769782465616,155.58096313476562,10100,0.0,0.0
2018-12-07 00:00:00-05:00,155.3849718154081,156.79097261891386,154.2260814976943,154.37094116210938,8500,0.0,0.0
2018-12-10 00:00:00-05:00,154.37096932289998,155.95592235534028,152.66671930962636,154.77146911621094,4100,0.0,0.0
2018-12-11 00:00:00-05:00,156.49273498588875,157.3448598984226,153.3824842560978,156.12632751464844,16300,0.0,0.0
2018-12-12 00:00:00-05:00,156.53533702420305,157.52380500032805,155.36793010556883,156.0751953125,11900,0.0,0.0
2018-12-13 00:00:00-05:00,156.7824531478748,157.64309455077696,154.66917419433594,154.66917419433594,4600,0.0,0.0
2018-12-14 00:00:00-05:00,155.1804632522683,155.93885387945514,152.0020410734284,153.8511505126953,3300,0.0,0.0
2018-12-17 00:00:00-05:00,154.03863429630857,154.78849542744615,150.82611952230963,151.25218200683594,11200,0.0,0.0
2018-12-18 00:00:00-05:00,151.57597016512608,152.4195654322178,148.41458129882812,148.41458129882812,1300,0.0,0.0
2018-12-19 00:00:00-05:00,149.99957126358922,151.41410196482832,146.16500854492188,146.16500854492188,3900,0.0,0.0
2018-12-20 00:00:00-05:00,146.13942092844502,146.13942092844502,140.2171554504825,142.5690155029297,7200,0.0,0.0
2018-12-21 00:00:00-05:00,142.52641725252874,147.41761924235706,142.52641725252874,145.96900939941406,8100,0.0,0.0
2018-12-24 00:00:00-05:00,144.86124083053235,149.69278771441626,144.5203960530655,146.56549072265625,19700,0.0,0.0
2018-12-26 00:00:00-05:00,149.028137093557,157.762418130437,149.028137093557,155.0867462158203,15100,0.0,0.0
2018-12-27 00:00:00-05:00,158.1203072118105,158.1203072118105,149.68427521729154,152.12135314941406,5900,0.0,0.0
2018-12-28 00:00:00-05:00,152.11279080951414,155.66614960548085,151.11580637056454,152.52182006835938,13800,0.0,0.0
2018-12-31 00:00:00-05:00,153.3569036786113,153.38246638281703,147.3068123036653,150.55340576171875,13100,0.0,0.0
2019-01-02 00:00:00-05:00,151.84869022268913,151.84869022268913,145.16803255912504,149.760986328125,6100,0.0,0.0
2019-01-03 00:00:00-05:00,148.26972949213143,148.26972949213143,147.0341510135091,147.4005584716797,1500,0.0,0.0
2019-01-04 00:00:00-05:00,149.12187855018246,157.2085496735663,147.26425224710738,148.69581604003906,6600,0.0,0.0
2019-01-07 00:00:00-05:00,147.1108564497584,148.26974694598374,146.9745133319918,148.25270080566406,4700,0.0,0.0
2019-01-08 00:00:00-05:00,149.00257214368906,149.17299453648877,146.82965087890625,146.82965087890625,1500,0.0,0.0
2019-01-09 00:00:00-05:00,149.12185526315332,149.888762460692,149.12185526315332,149.7012939453125,1400,0.0,0.0
2019-01-10 00:00:00-05:00,149.65017542471412,155.08673661631605,145.38955079239773,148.9003143310547,5800,0.0,0.0
2019-01-11 00:00:00-05:00,147.41760209744743,148.18450927734375,145.440666163431,148.18450927734375,1900,0.0,0.0
2019-01-14 00:00:00-05:00,146.83816650550074,147.50282287597656,144.08579376370602,147.50282287597656,2900,0.0,0.0
2019-01-15 00:00:00-05:00,147.41761515620536,147.5028328514732,145.4151163389637,147.3323974609375,2600,0.0,0.0
2019-01-16 00:00:00-05:00,148.26118496882435,149.12182625664465,146.0712181935075,147.09376525878906,4500,0.0,0.0
2019-01-17 00:00:00-05:00,148.26122474950594,148.2697413181448,147.13641357421875,147.13641357421875,2700,0.0,0.0
2019-01-18 00:00:00-05:00,147.41762533241666,149.12187533625965,147.1790313720703,147.1790313720703,5200,0.0,0.0
2019-01-22 00:00:00-05:00,147.41761996240123,148.26974493328217,147.4091033935547,147.4091033935547,1600,0.0,0.0
2019-01-23 00:00:00-05:00,148.26972643158228,148.27824299936609,143.77902475473715,147.23013305664062,3900,0.0,0.0
2019-01-24 00:00:00-05:00,146.13090046347295,147.23013583845776,146.13090046347295,146.92337036132812,1200,0.0,0.0
2019-01-25 00:00:00-05:00,150.74089234498604,150.74089234498604,148.32939027632415,148.52537536621094,3000,0.0,0.0
2019-01-28 00:00:00-05:00,148.03114602391466,148.26973996757894,144.86124019820932,146.86373901367188,3300,0.0,0.0
2019-01-29 00:00:00-05:00,146.92336626367762,147.41760024095763,144.4436798095703,144.4436798095703,2800,0.0,0.0
2019-01-30 00:00:00-05:00,145.1253928066473,147.97148691420185,145.1253928066473,147.3579559326172,3700,0.0,0.0
2019-01-31 00:00:00-05:00,146.22465337998736,147.8522022278984,146.05421798019333,147.1875457763672,6000,0.0,0.0
2019-02-01 00:00:00-05:00,147.41760142595416,147.41760142595416,146.3609619140625,146.3609619140625,1700,0.0,0.0
2019-02-04 00:00:00-05:00,146.30982931454028,146.30982931454028,146.22462463378906,146.22462463378906,1300,0.0,0.0
2019-02-05 00:00:00-05:00,145.59404406924287,147.41759062391702,145.59404406924287,146.8125762939453,1500,0.0,0.0
2019-02-06 00:00:00-05:00,145.58555313098105,145.8837890625,145.58555313098105,145.8837890625,1600,0.0,0.0
2019-02-07 00:00:00-05:00,145.90082993679331,146.9830322265625,145.90082993679331,146.9830322265625,1000,0.0,0.0
2019-02-08 00:00:00-05:00,146.4632316834648,147.41760740881358,144.11135864257812,144.11135864257812,2200,0.0,0.0
2019-02-11 00:00:00-05:00,141.0607437289753,143.71938213617065,136.79160285743487,139.9188995361328,2800,0.0,0.0
2019-02-12 00:00:00-05:00,139.49284058881906,139.55249557171064,136.66379274170424,139.32241821289062,4400,0.0,0.0
2019-02-13 00:00:00-05:00,139.30540458248973,140.17457580566406,139.30540458248973,140.17457580566406,1000,0.0,0.0
2019-02-14 00:00:00-05:00,142.19407404540223,142.19407404540223,140.00411987304688,140.00411987304688,900,0.0,0.0
2019-02-15 00:00:00-05:00,140.10636319478235,146.56547097598803,140.10636319478235,144.86122131347656,3000,0.0,0.0
2019-02-19 00:00:00-05:00,144.86123389225324,149.54792087112025,144.86123389225324,147.75845336914062,12200,0.0,0.0
2019-02-20 00:00:00-05:00,146.99155622726522,147.58804110133164,146.1053519861373,146.7359161376953,3700,0.0,0.0
2019-02-21 00:00:00-05:00,146.26725807732643,148.09933471679688,143.87278879265313,148.09933471679688,2700,0.0,0.0
2019-02-22 00:00:00-05:00,148.26973007194286,148.70430908267122,147.20457396510417,147.50282287597656,6400,0.0,0.0
2019-02-25 00:00:00-05:00,148.3975391987851,149.01959970843728,146.65921020507812,146.65921020507812,2400,0.0,0.0
2019-02-26 00:00:00-05:00,147.39203983314894,147.4176025390625,147.39203983314894,147.4176025390625,3000,0.0,0.0
2019-02-27 00:00:00-05:00,145.30431532333967,146.71883251983084,144.98902032570467,145.82411193847656,2600,0.0,0.0
2019-02-28 00:00:00-05:00,147.34941505989255,147.34941505989255,145.21058654785156,145.21058654785156,2500,0.0,0.0
2019-03-01 00:00:00-05:00,145.96899175808534,146.37800805200737,144.32438400983438,146.3609619140625,5700,0.0,0.0
2019-03-04 00:00:00-05:00,147.25570649413834,147.25570649413834,145.0487060546875,145.0487060546875,1000,0.0,0.0
2019-03-05 00:00:00-05:00,145.38955151464245,146.4802703857422,144.52039344705628,146.4802703857422,2400,0.0,0.0
2019-03-06 00:00:00-05:00,146.56548214778985,146.56548214778985,142.76499938964844,142.76499938964844,2600,0.0,0.0
2019-03-07 00:00:00-05:00,142.72241008474361,142.72241008474361,139.7484893798828,139.7484893798828,13200,0.0,0.0
2019-03-08 00:00:00-05:00,141.22266678039117,144.6482127796732,138.05276087103675,142.88430786132812,19200,0.0,0.0
2019-03-11 00:00:00-04:00,142.85020982797454,143.88128662109375,139.74847588334242,143.88128662109375,2900,0.0,0.0
2019-03-12 00:00:00-04:00,144.44368963339443,144.44368963339443,143.80459594726562,143.80459594726562,1800,0.0,0.0
2019-03-13 00:00:00-04:00,143.74494852337583,146.69329333577383,143.53191730272997,145.28729248046875,4200,0.0,0.0
2019-03-14 00:00:00-04:00,146.54844213969608,146.54844213969608,144.00911348343965,144.36700439453125,4100,0.0,0.0
2019-03-15 00:00:00-04:00,144.32435308334036,144.32435308334036,142.1343994140625,142.1343994140625,5600,0.0,0.0
2019-03-18 00:00:00-04:00,142.85022862133366,147.41761895411176,142.85022862133366,143.75347900390625,3100,0.0,0.0
2019-03-19 00:00:00-04:00,144.34144918652737,144.34144918652737,143.25924682617188,143.25924682617188,1000,0.0,0.0
2019-03-20 00:00:00-04:00,143.05473717184162,143.4040985107422,143.05473717184162,143.4040985107422,800,0.0,0.0
2019-03-21 00:00:00-04:00,143.37848199329673,143.37848199329673,142.1228728977031,142.23391723632812,2200,0.4,0.0
2019-03-22 00:00:00-04:00,136.69044494628906,136.69044494628906,136.69044494628906,136.69044494628906,900,0.0,0.0
2019-03-25 00:00:00-04:00,137.51044607583484,137.51898293555547,132.40258875419948,133.93153381347656,4700,0.0,0.0
2019-03-26 00:00:00-04:00,133.24820872975457,134.95651909808475,132.16342799652026,134.31590270996094,2800,0.0,0.0
2019-03-27 00:00:00-04:00,134.05112271623995,134.05112271623995,132.21468116767937,133.2482147216797,3300,0.0,0.0
2019-03-28 00:00:00-04:00,131.66799489982395,134.53795637075504,131.66799489982395,133.58984375,2100,0.0,0.0
2019-03-29 00:00:00-04:00,136.0583688940169,137.177323095008,132.57342733127356,134.87109375,11600,0.0,0.0
2019-04-01 00:00:00-04:00,135.21274789454955,138.8343569885712,135.21274789454955,137.17730712890625,7800,0.0,0.0
2019-04-02 00:00:00-04:00,137.58731859797598,138.2535585988031,136.80149739272795,137.8606414794922,4400,0.0,0.0
2019-04-03 00:00:00-04:00,137.8691930300058,138.35605471336714,134.27319392757823,136.06692504882812,10600,0.0,0.0
2019-04-04 00:00:00-04:00,136.15231334543296,137.5958375033217,135.99857168839898,137.5189666748047,8300,0.0,0.0
2019-04-05 00:00:00-04:00,136.5794053752805,138.71479328317028,135.4690140898766,137.09190368652344,8300,0.0,0.0
2019-04-08 00:00:00-04:00,136.83564495086725,136.83564495086725,135.59712265767638,136.2889862060547,3200,0.0,0.0
2019-04-09 00:00:00-04:00,136.43417889936606,138.06561812997356,135.36648511494306,136.10105895996094,3800,0.0,0.0
2019-04-10 00:00:00-04:00,136.25481673923258,137.5018758090953,134.29025752456712,136.11814880371094,13200,0.0,0.0
2019-04-11 00:00:00-04:00,136.7160663875727,140.58538803753248,135.81066404593943,136.8356475830078,17600,0.0,0.0
2019-04-12 00:00:00-04:00,137.27982490298487,141.41393294647787,137.1858673095703,137.1858673095703,5000,0.0,0.0
2019-04-15 00:00:00-04:00,138.96248879333402,138.96248879333402,136.37440000426722,137.60438537597656,1500,0.0,0.0
2019-04-16 00:00:00-04:00,137.911901673862,139.38958649209306,137.911901673862,139.227294921875,4800,0.0,0.0
2019-04-17 00:00:00-04:00,139.2187324957492,142.60972899446426,139.2187324957492,140.85015869140625,2400,0.0,0.0
2019-04-18 00:00:00-04:00,140.7562087972642,142.04599129933138,140.7562087972642,141.5334930419922,3600,0.0,0.0
2019-04-22 00:00:00-04:00,141.14060985004022,141.27726477658885,140.93560791015625,140.93560791015625,1900,0.0,0.0
2019-04-23 00:00:00-04:00,140.93558992830964,141.20037592101718,140.08143483783505,140.59393310546875,2600,0.0,0.0
2019-04-24 00:00:00-04:00,140.88435938142285,141.7043410666321,140.08145141601562,140.08145141601562,2700,0.0,0.0
2019-04-25 00:00:00-04:00,140.4231082792905,140.75622828266435,139.82520225187253,140.08145141601562,1500,0.0,0.0
2019-04-26 00:00:00-04:00,142.31078634441675,145.16366134286483,141.36267363135494,143.07098388671875,4400,0.0,0.0
2019-04-29 00:00:00-04:00,143.07097420770597,145.63343941739623,143.06243734902094,145.12094116210938,9900,0.0,0.0
2019-04-30 00:00:00-04:00,145.20636356188123,145.47969944342813,143.89950733249407,144.28387451171875,6800,0.0,0.0
2019-05-01 00:00:00-04:00,144.28388397388701,144.73658515318664,143.49806281296364,143.92514038085938,3300,0.0,0.0
2019-05-02 00:00:00-04:00,143.92512852753973,143.92512852753973,141.96056927034104,142.04598999023438,1900,0.0,0.0
2019-05-03 00:00:00-04:00,142.6011925612903,143.42118719900657,138.80020494036708,142.30224609375,6200,0.0,0.0
2019-05-06 00:00:00-04:00,140.98681587788727,140.98681587788727,140.08995056152344,140.08995056152344,1500,0.0,0.0
2019-05-07 00:00:00-04:00,140.09852600097656,140.09852600097656,140.09852600097656,140.09852600097656,1100,0.0,0.0
2019-05-08 00:00:00-04:00,140.34621212402436,140.41454609102783,139.31269182735406,139.95330810546875,1600,0.0,0.0
2019-05-09 00:00:00-04:00,140.44872058519587,140.44872058519587,138.8941650390625,138.8941650390625,1400,0.0,0.0
2019-05-10 00:00:00-04:00,139.22729056468924,139.7312389792144,136.77586943524196,137.13461303710938,3800,0.0,0.0
2019-05-13 00:00:00-04:00,137.09188480618633,137.09188480618633,134.9564971923828,134.9564971923828,3100,0.0,0.0
2019-05-14 00:00:00-04:00,136.87835225225766,139.0649871826172,134.46962865863296,139.0649871826172,6000,0.0,0.0
2019-05-15 00:00:00-04:00,138.81728363688612,138.81728363688612,136.37439965035082,137.928955078125,1800,0.0,0.0
2019-05-16 00:00:00-04:00,137.94606053515832,137.9802210074176,137.04919499621167,137.4762725830078,2400,0.0,0.0
2019-05-17 00:00:00-04:00,137.143134135408,137.77521357084086,135.54586834636603,136.44273376464844,2000,0.0,0.0
2019-05-20 00:00:00-04:00,136.84420375752669,136.9723218180268,134.10235996246337,136.66482543945312,1600,0.0,0.0
2019-05-21 00:00:00-04:00,137.78377924089648,138.01440480430796,136.66483796539472,137.33961486816406,2000,0.0,0.0
2019-05-22 00:00:00-04:00,137.14314288537676,137.14314288537676,135.51170349121094,135.51170349121094,2100,0.0,0.0
2019-05-23 00:00:00-04:00,134.9137931798621,137.5873027687866,134.14505881607974,134.58067321777344,4400,0.0,0.0
2019-05-24 00:00:00-04:00,135.93025672551568,136.66483071192724,134.95652032802815,136.53671264648438,2300,0.0,0.0
2019-05-28 00:00:00-04:00,137.5275181277185,137.5275181277185,135.89609167145454,137.09190368652344,3200,0.0,0.0
2019-05-29 00:00:00-04:00,136.51108242482323,137.09190167121167,134.82839573547244,135.8106689453125,7100,0.0,0.0
2019-05-30 00:00:00-04:00,137.59582645284982,138.80872499440628,135.04191133249788,135.80210876464844,4500,0.0,0.0
2019-05-31 00:00:00-04:00,135.78505178770317,135.78505178770317,131.89010620117188,131.89010620117188,1200,0.0,0.0
2019-06-03 00:00:00-04:00,131.7619681907143,136.38295066071507,131.7619681907143,134.01693725585938,6000,0.0,0.0
2019-06-04 00:00:00-04:00,134.64899940013584,134.95649573453673,134.1023406982422,134.1023406982422,2200,0.0,0.0
2019-06-05 00:00:00-04:00,134.93941824893577,135.34942207853408,131.21530151367188,131.21530151367188,3500,0.0,0.0
2019-06-06 00:00:00-04:00,131.45445224505784,132.35131762191614,130.9505039117254,131.9242401123047,4500,0.0,0.0
2019-06-07 00:00:00-04:00,131.79612731933594,131.79612731933594,131.79612731933594,131.79612731933594,600,0.0,0.0
2019-06-10 00:00:00-04:00,133.0944730376359,133.2482147216797,130.69428591416604,133.2482147216797,5400,0.0,0.0
2019-06-11 00:00:00-04:00,131.83883496521014,132.8809051513672,131.5057150226433,132.8809051513672,4800,0.0,0.0
2019-06-12 00:00:00-04:00,132.8467464090166,132.98341435791127,132.04383850097656,132.04383850097656,2300,0.0,0.0
2019-06-13 00:00:00-04:00,134.27897446503286,135.13534545898438,134.27897446503286,135.13534545898438,800,0.4,0.0
2019-06-14 00:00:00-04:00,134.19333447046253,137.875732421875,134.19333447046253,137.875732421875,1100,0.0,0.0
2019-06-17 00:00:00-04:00,139.0318100305572,139.1174392735888,138.4580300730542,139.01467895507812,1900,0.0,0.0
2019-06-18 00:00:00-04:00,140.10229344870618,140.17079162597656,139.58846564889197,140.17079162597656,1600,0.0,0.0
2019-06-19 00:00:00-04:00,140.42770645748823,141.30120849609375,140.42770645748823,141.30120849609375,1500,0.0,0.0
2019-06-20 00:00:00-04:00,141.30120849609375,141.30120849609375,141.30120849609375,141.30120849609375,400,0.0,0.0
2019-06-21 00:00:00-04:00,141.4210960670921,143.01394653320312,141.30976366374117,143.01394653320312,6600,0.0,0.0
2019-06-24 00:00:00-04:00,143.01394268195403,143.01394268195403,141.40396118164062,141.40396118164062,1000,0.0,0.0
2019-06-25 00:00:00-04:00,141.30977385964263,141.30977385964263,139.1774184348464,139.4000701904297,2600,0.0,0.0
2019-06-26 00:00:00-04:00,139.40005851327825,141.02715804842384,137.35333251953125,137.35333251953125,1900,0.0,0.0
2019-06-27 00:00:00-04:00,140.19649850910145,143.01395327617894,136.30000794712203,141.78077697753906,3500,0.0,0.0
2019-06-28 00:00:00-04:00,143.01394653320312,143.01394653320312,143.01394653320312,143.01394653320312,7100,0.0,0.0
2019-07-01 00:00:00-04:00,143.01394392178852,143.01394392178852,140.7702562884663,141.93492126464844,2600,0.0,0.0
2019-07-02 00:00:00-04:00,142.7313690185547,142.7313690185547,142.7313690185547,142.7313690185547,500,0.0,0.0
2019-07-03 00:00:00-04:00,142.83411135678747,142.83411135678747,141.31834411621094,141.31834411621094,400,0.0,0.0
2019-07-05 00:00:00-04:00,140.17937176458804,140.7360076904297,139.734055183604,140.7360076904297,1000,0.0,0.0
2019-07-08 00:00:00-04:00,142.06338752088612,142.46588294434565,140.46197790021822,140.94154357910156,2200,0.0,0.0
2019-07-09 00:00:00-04:00,140.95866926091557,141.6009474992238,139.58847045898438,139.58847045898438,2400,0.0,0.0
2019-07-10 00:00:00-04:00,140.09371375534698,140.09371375534698,138.4751732613164,139.13458251953125,1100,0.0,0.0
2019-07-11 00:00:00-04:00,139.02324000787632,139.02324000787632,134.2532611904414,135.29803466796875,4600,0.0,0.0
2019-07-12 00:00:00-04:00,135.657740775397,137.33622071093265,133.89361850823423,134.37318420410156,7500,0.0,0.0
2019-07-15 00:00:00-04:00,131.11894678993883,135.99169921875,131.11894678993883,135.99169921875,1600,0.0,0.0
2019-07-16 00:00:00-04:00,135.2381212680791,137.79867553710938,135.2381212680791,137.79867553710938,1700,0.0,0.0
2019-07-17 00:00:00-04:00,137.24200439453125,137.24200439453125,137.24200439453125,137.24200439453125,400,0.0,0.0
2019-07-18 00:00:00-04:00,137.40471553042312,138.56082153320312,137.40471553042312,138.56082153320312,1900,0.0,0.0
2019-07-19 00:00:00-04:00,138.68926521764038,139.3572334770403,137.4047088623047,137.4047088623047,1000,0.0,0.0
2019-07-22 00:00:00-04:00,141.14707630899056,141.14707630899056,139.27162170410156,139.27162170410156,1000,0.0,0.0
2019-07-23 00:00:00-04:00,139.39152164338432,141.0443115234375,139.39152164338432,141.0443115234375,1100,0.0,0.0
2019-07-24 00:00:00-04:00,142.328857421875,142.328857421875,142.328857421875,142.328857421875,800,0.0,0.0
2019-07-25 00:00:00-04:00,142.97113286589277,142.97113286589277,141.12136840820312,141.12136840820312,900,0.0,0.0
2019-07-26 00:00:00-04:00,141.51528930664062,141.51528930664062,141.51528930664062,141.51528930664062,500,0.0,0.0
2019-07-29 00:00:00-04:00,141.1384759762885,141.284057450951,139.41717529296875,139.41717529296875,2900,0.0,0.0
2019-07-30 00:00:00-04:00,139.29729129242338,140.89014166123584,138.47516949325,140.11940002441406,1800,0.0,0.0
2019-07-31 00:00:00-04:00,141.79791248835213,141.79791248835213,140.53048706054688,140.53048706054688,1600,0.0,0.0
2019-08-01 00:00:00-04:00,140.18791429886537,140.18791429886537,137.4047088623047,137.4047088623047,2900,0.0,0.0
2019-08-02 00:00:00-04:00,137.40471463195382,137.40471463195382,135.5635223388672,135.5635223388672,2600,0.0,0.0
2019-08-05 00:00:00-04:00,135.68342763101813,135.68342763101813,131.2303009033203,131.2303009033203,1000,0.0,0.0
2019-08-06 00:00:00-04:00,133.21707928452537,133.21707928452537,131.91539162153236,132.3863983154297,4000,0.0,0.0
2019-08-07 00:00:00-04:00,132.42921447753906,132.42921447753906,132.42921447753906,132.42921447753906,400,0.0,0.0
2019-08-08 00:00:00-04:00,136.3770821633262,136.3770821633262,133.2770233154297,133.2770233154297,2100,0.0,0.0
2019-08-09 00:00:00-04:00,134.535869700153,134.535869700153,131.66702204180012,132.32643127441406,2000,0.0,0.0
2019-08-12 00:00:00-04:00,129.49184377720712,129.49184377720712,126.58874707805906,127.59925842285156,3300,0.0,0.0
2019-08-13 00:00:00-04:00,128.21584549345803,129.65454225803114,126.19480975237988,127.19676208496094,5400,0.0,0.0
2019-08-14 00:00:00-04:00,126.05781193069042,126.40036818008859,124.3450698852539,124.3450698852539,1900,0.0,0.0
2019-08-15 00:00:00-04:00,124.60198170756358,125.03016721171328,121.02235716512065,121.21074676513672,1500,0.0,0.0
2019-08-16 00:00:00-04:00,123.23178863231547,123.23178863231547,119.20684731845445,119.9690170288086,5100,0.0,0.0
2019-08-19 00:00:00-04:00,121.51902534679712,121.73311807155693,120.78254585093605,121.60466766357422,4400,0.0,0.0
2019-08-20 00:00:00-04:00,121.60467921665736,121.60467921665736,119.89193725585938,119.89193725585938,900,0.0,0.0
2019-08-21 00:00:00-04:00,120.04607470643417,121.60467612336211,118.19632336688498,118.3504638671875,9300,0.0,0.0
2019-08-22 00:00:00-04:00,119.03555479594313,121.3477536066004,115.99543549527203,116.517822265625,9800,0.0,0.0
2019-08-23 00:00:00-04:00,118.17063979382499,118.17063979382499,114.7879638671875,114.7879638671875,3200,0.0,0.0
2019-08-26 00:00:00-04:00,116.83468658358656,119.89193725585938,116.29518175162042,119.89193725585938,4700,0.0,0.0
2019-08-27 00:00:00-04:00,122.03285718341277,122.03285718341277,118.650194632818,121.05659484863281,5800,0.0,0.0
2019-08-28 00:00:00-04:00,119.60930953616628,121.60465509272132,119.463728066441,120.32009887695312,4500,0.0,0.0
2019-08-29 00:00:00-04:00,120.74831053265714,124.34506610529941,120.74831053265714,124.19092559814453,5300,0.0,0.0
2019-08-30 00:00:00-04:00,125.37597117996155,129.24029905879598,125.37597117996155,126.40645599365234,5700,0.4,0.0
2019-09-03 00:00:00-04:00,125.47901549069131,129.24029881197092,125.47901549069131,127.96936798095703,6700,0.0,0.0
2019-09-04 00:00:00-04:00,128.68214209465208,131.94534228961874,128.68214209465208,130.87191772460938,3700,0.0,0.0
2019-09-05 00:00:00-04:00,131.16388555442316,133.10463224937808,130.96636602056174,133.0187530517578,4000,0.0,0.0
2019-09-06 00:00:00-04:00,132.09991065913644,132.69244306360497,127.35108184814453,127.35108184814453,12300,0.0,0.0
2019-09-09 00:00:00-04:00,127.80622318314879,128.5447398033999,127.17075112743086,127.26521301269531,6200,0.0,0.0
2019-09-10 00:00:00-04:00,128.81094360351562,128.81094360351562,127.39402846520767,128.81094360351562,2200,0.0,0.0
2019-09-11 00:00:00-04:00,129.16301509877826,135.5520392612475,128.71646687685157,134.9938507080078,8600,0.0,0.0
2019-09-12 00:00:00-04:00,133.96338461047023,139.5623707644035,133.95480193121858,137.8277130126953,6700,0.0,0.0
2019-09-13 00:00:00-04:00,138.25706664461228,140.83328527774168,138.25706664461228,139.1072235107422,5400,0.0,0.0
2019-09-16 00:00:00-04:00,140.3867528308,141.69204075394978,135.94707045957549,139.28756713867188,6900,0.0,0.0
2019-09-17 00:00:00-04:00,137.39834063507433,139.28756519814124,137.39834063507433,138.70362854003906,2000,0.0,0.0
2019-09-18 00:00:00-04:00,138.9440414014413,139.0299074818332,131.6876958904771,135.6636505126953,21600,0.0,0.0
2019-09-19 00:00:00-04:00,135.50909726166674,135.50909726166674,134.5730743408203,134.5730743408203,600,0.0,0.0
2019-09-20 00:00:00-04:00,134.71907006556904,136.9260239816478,132.54645996737008,135.5692138671875,10000,0.0,0.0
2019-09-23 00:00:00-04:00,135.89555797961333,135.89555797961333,132.4004810993238,133.33651733398438,6400,0.0,0.0
2019-09-24 00:00:00-04:00,135.09690338705246,135.25147020626375,132.45198417506435,134.39273071289062,9600,0.0,0.0
2019-09-25 00:00:00-04:00,134.8221066336781,135.49192242091695,132.9758218797063,133.20767211914062,4700,0.0,0.0
2019-09-26 00:00:00-04:00,133.6112854298156,133.6112854298156,132.67526245117188,132.67526245117188,1000,0.0,0.0
2019-09-27 00:00:00-04:00,134.23816303562037,139.39059996292428,133.27636589892953,136.62545776367188,9300,0.0,0.0
2019-09-30 00:00:00-04:00,138.17120364547907,140.3180527580771,137.40692588552724,137.48422241210938,2600,0.0,0.0
2019-10-01 00:00:00-04:00,138.8581979659566,138.94407717178132,136.1102337228175,137.8277130126953,4600,0.0,0.0
2019-10-02 00:00:00-04:00,138.01664206447248,141.26267699829475,137.92218017578125,137.92218017578125,3700,0.0,0.0
2019-10-03 00:00:00-04:00,137.9307466764519,139.97455106295072,137.9307466764519,139.54518127441406,2300,0.0,0.0
2019-10-04 00:00:00-04:00,139.54517499691534,140.73882243121747,139.0299260325196,139.3304901123047,2500,0.0,0.0
2019-10-07 00:00:00-04:00,139.96597986744308,139.97456254672056,137.05485298646337,137.32106018066406,6800,0.0,0.0
2019-10-08 00:00:00-04:00,136.93463714482544,138.600581141642,136.93463714482544,137.65597534179688,2500,0.0,0.0
2019-10-09 00:00:00-04:00,138.25707733815668,140.50697092537771,138.25707733815668,138.6864471435547,4000,0.0,0.0
2019-10-10 00:00:00-04:00,138.68644441204304,139.63106320664446,138.68644441204304,139.11581420898438,1200,0.0,0.0
2019-10-11 00:00:00-04:00,140.13771504467613,140.4039222196307,138.8324272058742,139.15875244140625,2900,0.0,0.0
2019-10-14 00:00:00-04:00,139.96596974825314,140.0174920268474,138.85818834517136,139.15875244140625,2000,0.0,0.0
2019-10-15 00:00:00-04:00,140.09477899058686,140.52414879417492,139.8028106689453,139.8028106689453,3000,0.0,0.0
2019-10-16 00:00:00-04:00,139.97455212156092,148.99131774902344,139.97455212156092,148.99131774902344,11800,0.0,0.0
2019-10-17 00:00:00-04:00,149.47221963778875,156.7371627574544,149.47221963778875,154.1265869140625,7100,0.0,0.0
2019-10-18 00:00:00-04:00,153.72298531187698,155.0626302187077,147.67746373359114,151.13818359375,11800,0.0,0.0
2019-10-21 00:00:00-04:00,153.147627089766,154.14376823541738,151.1553579017905,151.9539794921875,3300,0.0,0.0
2019-10-22 00:00:00-04:00,151.91103703277264,151.91103703277264,148.92262675532842,149.85006713867188,12300,0.0,0.0
2019-10-23 00:00:00-04:00,149.4207045382063,150.27944421946037,146.93036470390058,149.84149169921875,5000,0.0,0.0
2019-10-24 00:00:00-04:00,149.44644807166205,150.13344235638485,148.2871443972344,148.36444091796875,5000,0.0,0.0
2019-10-25 00:00:00-04:00,148.23560296875573,148.3644217511204,145.1269702835564,145.9771270751953,5100,0.0,0.0
2019-10-28 00:00:00-04:00,145.38461243834178,146.071606717921,142.7482756576628,145.10122680664062,4800,0.0,0.0
2019-10-29 00:00:00-04:00,143.77878551268958,144.27685612436105,136.53961593838415,137.91360473632812,8300,0.0,0.0
2019-10-30 00:00:00-04:00,141.11667567001132,141.11667567001132,132.95864972266565,134.47862243652344,11300,0.0,0.0
2019-10-31 00:00:00-04:00,133.77445695138806,133.88609729504932,129.66968261617527,130.2707977294922,6600,0.0,0.0
2019-11-01 00:00:00-04:00,130.51124351745796,137.82770873414597,130.51124351745796,135.76673889160156,13300,0.0,0.0
2019-11-04 00:00:00-05:00,134.30686344968913,136.1274002475784,129.75555421328082,130.0990447998047,14300,0.0,0.0
2019-11-05 00:00:00-05:00,129.33477047124072,133.96337634784405,127.66881356628018,133.09605407714844,14200,0.0,0.0
2019-11-06 00:00:00-05:00,133.25061965260514,137.7332413285346,132.70102684307832,136.96896362304688,5200,0.0,0.0
2019-11-07 00:00:00-05:00,137.5872642166959,142.6366574213094,137.5872642166959,138.257080078125,11000,0.0,0.0
2019-11-08 00:00:00-05:00,138.10250712032718,138.308596235749,133.10463641812734,135.68943786621094,7000,0.0,0.0
2019-11-11 00:00:00-05:00,139.73409881333762,139.73409881333762,134.82210760273009,135.3373565673828,5000,0.0,0.0
2019-11-12 00:00:00-05:00,136.05009962879805,140.40391540527344,135.46616302863538,140.40391540527344,1400,0.0,0.0
2019-11-13 00:00:00-05:00,140.27512700428787,145.4361475812154,134.9080041942574,138.55764770507812,18800,0.0,0.0
2019-11-14 00:00:00-05:00,138.90971413961924,139.8028106689453,136.45371833896235,139.8028106689453,8200,0.0,0.0
2019-11-15 00:00:00-05:00,139.09864273398802,140.74742126464844,136.96897210313415,140.74742126464844,6400,0.0,0.0
2019-11-18 00:00:00-05:00,140.75600653365063,143.48679208577553,140.04325111577077,141.95823669433594,5100,0.0,0.0
2019-11-19 00:00:00-05:00,142.12140772345145,142.5164337158203,141.03080473241252,142.5164337158203,4000,0.0,0.0
2019-11-20 00:00:00-05:00,141.30561250785013,142.31033632936158,139.52801513671875,139.52801513671875,5000,0.0,0.0
2019-11-21 00:00:00-05:00,140.11192851674951,141.9496303724644,139.25318908691406,139.25318908691406,6400,0.0,0.0
2019-11-22 00:00:00-05:00,141.4172353983823,141.4172353983823,139.2102813720703,139.2102813720703,2300,0.0,0.0
2019-11-25 00:00:00-05:00,140.83330771425872,142.55078707662773,140.40393787366648,140.7388458251953,7500,0.0,0.0
2019-11-26 00:00:00-05:00,142.49924916869423,143.91616424596728,140.53272817652729,141.69203186035156,8500,0.0,0.0
2019-11-27 00:00:00-05:00,142.9543616443042,145.55634120879728,141.3055834224796,143.58123779296875,18600,0.0,0.0
2019-11-29 00:00:00-05:00,143.77113496622886,145.11834450184648,143.22864475997974,144.89230346679688,12300,8.4,0.0
2019-12-02 00:00:00-05:00,144.3859718491499,149.63916322690415,142.65901505302685,146.0225067138672,13200,0.0,0.0
2019-12-03 00:00:00-05:00,145.01885873813563,147.19789721911206,142.04416534436595,143.8524932861328,4300,0.0,0.0
2019-12-04 00:00:00-05:00,145.29916472452803,147.18886433834095,143.3733046179955,144.5939178466797,17400,0.0,0.0
2019-12-05 00:00:00-05:00,143.94289871640504,145.57039659288196,141.97182791899476,142.40582275390625,8200,0.0,0.0
2019-12-06 00:00:00-05:00,143.0206594237665,144.6933683952805,142.866953194476,143.1653289794922,7600,0.0,0.0
2019-12-09 00:00:00-05:00,144.04236102765134,144.57581446315325,142.43295025164554,143.23765563964844,7200,0.0,0.0
2019-12-10 00:00:00-05:00,143.3642388038254,143.7620731634073,137.92116776821814,141.5016632080078,10400,0.0,0.0
2019-12-11 00:00:00-05:00,141.79102295094947,142.67709991948348,137.52336723002114,141.95376586914062,5400,0.0,0.0
2019-12-12 00:00:00-05:00,141.80003642761636,143.76207057804493,139.73854368908093,142.58665466308594,8200,0.0,0.0
2019-12-13 00:00:00-05:00,140.50707033059288,143.68069458007812,140.14541027427026,143.68069458007812,7700,0.0,0.0
2019-12-16 00:00:00-05:00,144.23227128364096,146.1129344000658,142.8579378915516,143.94293212890625,15600,0.0,0.0
2019-12-17 00:00:00-05:00,145.29916651205374,145.57041849835915,143.409466874993,144.21417236328125,7700,0.0,0.0
2019-12-18 00:00:00-05:00,143.31000749493688,145.47095910656722,143.13821411132812,143.13821411132812,7700,0.0,0.0
2019-12-19 00:00:00-05:00,143.4546976617188,144.6662743986593,141.95378175368444,143.31002807617188,11700,0.0,0.0
2019-12-20 00:00:00-05:00,143.52699102357857,143.92481157432002,142.0984103206959,142.40582275390625,12800,0.0,0.0
2019-12-23 00:00:00-05:00,142.21596035242027,143.62646788917493,141.28467246500168,141.4112548828125,8100,0.0,0.0
2019-12-24 00:00:00-05:00,142.7403979174402,142.85794367836894,139.07854394259203,141.02249145507812,5900,0.0,0.0
2019-12-26 00:00:00-05:00,141.03152812721322,141.94474279942233,139.70240564879768,140.4619140625,6100,0.0,0.0
2019-12-27 00:00:00-05:00,141.00440349160846,141.84528336735525,139.0333321682366,141.53785705566406,4100,0.0,0.0
2019-12-30 00:00:00-05:00,141.0315013010561,143.7168695693909,140.27200682827103,142.13458251953125,7500,0.0,0.0
2019-12-31 00:00:00-05:00,142.33352102093264,144.71147718677634,140.70602276667555,143.94293212890625,8400,0.0,0.0
2020-01-02 00:00:00-05:00,142.8579253330961,144.6391296830538,142.8579253330961,143.60838317871094,3600,0.0,0.0
2020-01-03 00:00:00-05:00,143.7620813971706,144.71145639210195,142.88504118052862,144.2412872314453,8600,0.0,0.0
2020-01-06 00:00:00-05:00,143.3642666373925,148.79830205489426,143.3642666373925,144.36788940429688,17500,0.0,0.0
2020-01-07 00:00:00-05:00,144.41309740440178,148.12921256805427,143.7620981205174,147.51437377929688,20800,0.0,0.0
2020-01-08 00:00:00-05:00,147.83083190743082,150.79648908295871,146.47458574314246,149.35887145996094,18400,0.0,0.0
2020-01-09 00:00:00-05:00,149.18708267907604,150.40770978321206,148.68978964418915,148.73500061035156,17700,0.0,0.0
2020-01-10 00:00:00-05:00,148.55417421071462,150.47099781457862,147.50534047422482,149.09666442871094,8800,0.0,0.0
2020-01-13 00:00:00-05:00,148.28291764245355,150.49811700648073,145.45287949453547,150.00082397460938,24900,0.0,0.0
2020-01-14 00:00:00-05:00,149.72956776881765,151.17622192814915,147.9754873562805,148.46372985839844,7200,0.0,0.0
2020-01-15 00:00:00-05:00,149.63914584791337,149.63914584791337,148.28289981303803,148.46372985839844,4000,0.0,0.0
2020-01-16 00:00:00-05:00,149.10569778293552,150.53427864695897,148.28290518084538,148.9158172607422,4700,0.0,0.0
2020-01-17 00:00:00-05:00,148.78019174968983,150.52522168012325,148.31905927131464,148.32810974121094,4900,0.0,0.0
2020-01-21 00:00:00-05:00,147.3516084659189,149.72051373559248,146.92665028138921,148.19247436523438,12000,0.0,0.0
2020-01-22 00:00:00-05:00,148.346205098451,149.08761245925498,145.83261629939943,146.47457885742188,9900,0.0,0.0
2020-01-23 00:00:00-05:00,146.6282911473533,149.35887060550522,145.6879665492639,147.44204711914062,4300,0.0,0.0
2020-01-24 00:00:00-05:00,147.8217918466555,149.57585858993423,146.4745823876034,148.337158203125,12200,0.0,0.0
2020-01-27 00:00:00-05:00,148.01168644893892,148.10210839342568,146.08582595872687,147.27027893066406,3400,0.0,0.0
2020-01-28 00:00:00-05:00,147.36971348726917,147.36971348726917,146.16717356350497,147.1074981689453,3000,0.0,0.0
2020-01-29 00:00:00-05:00,146.47458420973558,147.79466986626102,145.52520914538263,146.92666625976562,3300,0.0,0.0
2020-01-30 00:00:00-05:00,146.92667363815,146.92667363815,145.21780395507812,145.21780395507812,3800,0.0,0.0
2020-01-31 00:00:00-05:00,142.01707278365,144.60296906488358,140.67889987879937,142.67710876464844,15500,0.0,0.0
2020-02-03 00:00:00-05:00,142.82178217919005,144.4583171631788,141.95377848236276,142.28831481933594,7600,0.0,0.0
2020-02-04 00:00:00-05:00,144.39499259075933,144.39499259075933,140.65175406466358,142.13458251953125,15100,0.0,0.0
2020-02-05 00:00:00-05:00,143.92483244265085,144.44924926757812,142.85792544453784,144.44924926757812,3400,0.0,0.0
2020-02-06 00:00:00-05:00,143.9791007507232,147.29738144586065,143.9791007507232,146.0225067138672,7300,0.0,0.0
2020-02-07 00:00:00-05:00,144.21418597420478,145.75126231307237,144.12376403808594,144.12376403808594,4000,0.0,0.0
2020-02-10 00:00:00-05:00,143.7620922889335,144.96463220076078,143.49989076966182,143.92483520507812,4200,0.0,0.0
2020-02-11 00:00:00-05:00,151.5379141920126,156.69164699023202,145.65179685712934,147.37875366210938,15300,0.0,0.0
2020-02-12 00:00:00-05:00,149.7295668177909,152.29738931636413,147.74039494211638,149.63914489746094,37900,0.0,0.0
2020-02-13 00:00:00-05:00,149.65726120265913,160.17268139369327,148.291964440458,157.32456970214844,25700,0.0,0.0
2020-02-14 00:00:00-05:00,158.19256424681032,161.39329923686824,154.65727914285478,157.8218536376953,19300,0.0,0.0
2020-02-18 00:00:00-05:00,157.99362377291214,160.3263685698386,153.33717085242074,157.70428466796875,14000,0.0,0.0
2020-02-19 00:00:00-05:00,157.10755087262115,160.01896041212603,156.40230397015222,158.68080139160156,18800,0.0,0.0
2020-02-20 00:00:00-05:00,159.60304537088612,160.94120433040288,156.66451214575235,160.38966369628906,30800,0.0,0.0
2020-02-21 00:00:00-05:00,160.18169367497944,161.39327009451355,159.31369018554688,159.31369018554688,11100,0.0,0.0
2020-02-24 00:00:00-05:00,157.05328084340286,160.21785477897814,154.34078889862408,155.51620483398438,5800,0.0,0.0
2020-02-25 00:00:00-05:00,154.83809917595906,154.83809917595906,149.25037176667837,149.79286193847656,6100,0.0,0.0
2020-02-26 00:00:00-05:00,147.69521142480036,148.0478348723512,146.67350157575214,146.73678588867188,4400,0.0,0.0
2020-02-27 00:00:00-05:00,145.01885279884388,147.3787212180584,142.46006721046592,145.226806640625,15800,0.0,0.0
2020-02-28 00:00:00-05:00,141.14000507001015,150.99538709217802,141.14000507001015,148.24673461914062,34500,0.0,0.0
2020-03-02 00:00:00-05:00,148.2467564931482,150.4529053763884,147.0170927272448,147.61383056640625,14800,0.0,0.0
2020-03-03 00:00:00-05:00,147.37875641769466,147.37875641769466,134.88320124513768,138.75303649902344,15900,0.0,0.0
2020-03-04 00:00:00-05:00,140.1364057269246,145.68797302246094,140.1364057269246,145.68797302246094,8100,0.0,0.0
2020-03-05 00:00:00-05:00,138.6716379334787,140.76025471166776,137.30635516501084,139.4944305419922,9100,0.0,0.0
2020-03-06 00:00:00-05:00,136.3388973349714,144.22320931935027,133.77107462535284,137.74940490722656,5500,0.0,0.0
2020-03-09 00:00:00-04:00,133.8795663010376,135.1725141620319,123.44550631128229,125.29000854492188,5000,0.0,0.0
2020-03-10 00:00:00-04:00,125.96813135003772,128.93378807798283,122.06213636409205,127.98441314697266,12500,0.0,0.0
2020-03-11 00:00:00-04:00,125.41659737898166,129.44012451171875,125.41659737898166,129.44012451171875,2400,0.0,0.0
2020-03-12 00:00:00-04:00,125.69690162264334,137.3606134188334,119.97354100563572,123.62635803222656,3400,0.0,0.0
2020-03-13 00:00:00-04:00,127.48713348752199,127.48713348752199,121.15798501651025,124.68421936035156,4500,0.0,0.0
2020-03-16 00:00:00-04:00,117.3695378474297,122.12544977159183,103.98791350772679,108.65339660644531,9300,0.0,0.0
2020-03-17 00:00:00-04:00,110.35322958086172,119.66612243652345,104.45807587044386,119.66612243652344,11000,0.0,0.0
2020-03-18 00:00:00-04:00,113.43642759035922,113.43642759035922,100.3622154823388,104.15066528320312,9500,0.0,0.0
2020-03-19 00:00:00-04:00,103.48157182376391,105.5159409177951,96.74555247170585,101.26637268066406,6900,0.0,0.0
2020-03-20 00:00:00-04:00,98.51595153808908,104.15295490801992,93.13311150071324,100.66727447509766,9400,0.44,0.0
2020-03-23 00:00:00-04:00,100.8942009473794,102.57350022977177,88.0498187813085,92.60662078857422,6100,0.0,0.0
2020-03-24 00:00:00-04:00,96.44632339477539,110.74307250976562,93.52343135653064,110.74307250976562,10000,0.0,0.0
2020-03-25 00:00:00-04:00,116.09868687539631,118.79463958740234,116.09868687539631,118.79463958740234,1900,0.0,0.0
2020-03-26 00:00:00-04:00,119.82038589127947,130.44082641601562,119.82038589127947,130.44082641601562,3900,0.0,0.0
2020-03-27 00:00:00-04:00,126.45588556546384,126.45588556546384,117.10626220703125,117.10626220703125,9700,0.0,0.0
2020-03-30 00:00:00-04:00,118.46786018454006,124.33180321098408,113.92921623376103,117.82337951660156,6600,0.0,0.0
2020-03-31 00:00:00-04:00,114.37399291992188,122.53449152805842,113.46626281738281,116.189453125,17300,0.0,0.0
2020-04-01 00:00:00-04:00,110.24382653085385,110.24382653085385,100.75804901123047,100.75804901123047,10700,0.0,0.0
2020-04-02 00:00:00-04:00,100.83973376685753,104.84282684326172,94.79425488517154,103.0273666381836,8000,0.0,0.0
2020-04-03 00:00:00-04:00,103.0273666381836,103.0273666381836,95.85629744303878,98.03485107421875,11500,0.0,0.0
2020-04-06 00:00:00-04:00,102.11964377874061,113.39365078981,102.11964377874061,107.56602478027344,15700,0.0,0.0
2020-04-07 00:00:00-04:00,109.84443149472042,114.37400317333727,104.13480780684091,111.7597427368164,23800,0.0,0.0
2020-04-08 00:00:00-04:00,113.8202844480839,118.00492104853174,110.74307975323748,116.64332580566406,5200,0.0,0.0
2020-04-09 00:00:00-04:00,120.7281114431528,121.18197652376615,116.64332571763259,118.00492095947266,11800,0.0,0.0
2020-04-13 00:00:00-04:00,117.19704240535185,117.19704240535185,107.56602478027344,107.56602478027344,8100,0.0,0.0
2020-04-14 00:00:00-04:00,111.65079680453987,114.69169110478062,110.7430667492184,111.9231185913086,12800,0.0,0.0
2020-04-15 00:00:00-04:00,105.10607215362003,106.20442477537343,100.75804401766197,101.31175994873047,8800,0.0,0.0
2020-04-16 00:00:00-04:00,93.04234203027559,98.30717976411259,87.55057175490133,96.84573364257812,7400,0.0,0.0
2020-04-17 00:00:00-04:00,99.26028724749166,106.9215316772461,99.26028724749166,106.9215316772461,4900,0.0,0.0
2020-04-20 00:00:00-04:00,101.79286141343084,101.79286141343084,96.25570872324039,97.88054656982422,3500,0.0,0.0
2020-04-21 00:00:00-04:00,97.12712536569539,99.12412891145303,92.63386392502504,97.19066619873047,13500,0.0,0.0
2020-04-22 00:00:00-04:00,99.60523460741594,102.5735092163086,97.34498149766617,102.5735092163086,6700,0.0,0.0
2020-04-23 00:00:00-04:00,107.11215362469564,107.92911211369905,103.49031240311692,104.36173248291016,6300,0.0,0.0
2020-04-24 00:00:00-04:00,102.255807783371,107.0940113815852,102.255807783371,106.739990234375,3600,0.0,0.0
2020-04-27 00:00:00-04:00,112.55853245209208,118.68571062992773,110.47075045095343,111.65988159179688,17700,0.0,0.0
2020-04-28 00:00:00-04:00,114.37399790335583,114.83694221494258,112.20452341779493,114.2741470336914,9600,0.0,0.0
2020-04-29 00:00:00-04:00,118.97619028518463,129.75094208826752,118.91264253007539,127.0912857055664,12400,0.0,0.0
2020-04-30 00:00:00-04:00,124.3681004702737,126.19264690119125,115.12741436963275,121.54505920410156,11900,0.0,0.0
2020-05-01 00:00:00-04:00,116.23484419029012,117.3695068359375,110.74307421518432,117.3695068359375,18800,0.0,0.0
2020-05-04 00:00:00-04:00,115.28172321890403,117.23333740234375,114.4738439803021,117.23333740234375,2100,0.0,0.0
2020-05-05 00:00:00-04:00,122.54356206429178,128.98845123912895,122.54356206429178,124.54056549072266,9400,0.0,0.0
2020-05-06 00:00:00-04:00,122.99743558300929,123.81438717937785,121.49060020664135,122.55264282226562,4700,0.0,0.0
2020-05-07 00:00:00-04:00,124.09579430575924,129.1246132182631,121.70845959043194,125.1578369140625,10600,0.0,0.0
2020-05-08 00:00:00-04:00,124.52240881789476,128.0988676380366,120.27423858642578,120.27423858642578,20500,0.0,0.0
2020-05-11 00:00:00-04:00,116.7613275218755,116.8702507019043,110.74307250976562,110.74307250976562,5800,0.0,0.0
2020-05-12 00:00:00-04:00,109.60842087523909,110.73400437616206,105.69610595703125,105.69610595703125,5200,0.0,0.0
2020-05-13 00:00:00-04:00,105.49640674274652,105.49640674274652,97.54468811665453,99.3056869506836,10200,0.0,0.0
2020-05-14 00:00:00-04:00,98.03485935865967,104.06218719482422,95.31166882091912,104.06218719482422,6300,0.0,0.0
2020-05-15 00:00:00-04:00,102.48273440470452,110.53429633101138,102.06517937048592,108.83684539794922,3000,0.0,0.0
2020-05-18 00:00:00-04:00,112.37699353949098,120.2742429477762,112.37699353949098,119.57528686523438,8600,0.0,0.0
2020-05-19 00:00:00-04:00,116.00791175572273,118.62216507483885,111.4692611694336,111.4692611694336,12000,0.0,0.0
2020-05-20 00:00:00-04:00,115.29987624854306,119.93838461921636,112.2226717103674,116.29837799072266,4300,0.0,0.0
2020-05-21 00:00:00-04:00,113.48441988108438,116.25300652382671,113.48441988108438,114.56462097167969,4900,0.0,0.0
2020-05-22 00:00:00-04:00,112.14098143154101,115.94437290392032,110.28921112967011,114.6009292602539,5200,0.0,0.0
2020-05-26 00:00:00-04:00,120.72810546161598,123.45129581037425,119.36651028723686,119.63883209228516,4500,0.0,0.0
2020-05-27 00:00:00-04:00,121.14566687698381,130.39542508621827,120.83702811215908,127.34545135498047,3700,0.0,0.0
2020-05-28 00:00:00-04:00,132.528597493338,132.528597493338,122.34386444091797,122.34386444091797,6400,0.0,0.0
2020-05-29 00:00:00-04:00,117.36950801330909,119.82037658232042,114.46476745605469,114.46476745605469,5300,0.0,0.0
2020-06-01 00:00:00-04:00,114.76431775856379,122.09877176321761,112.28621151810809,119.51174926757812,16800,0.0,0.0
2020-06-02 00:00:00-04:00,120.72810265842568,120.72810265842568,118.92171478271484,118.92171478271484,1200,0.0,0.0
2020-06-03 00:00:00-04:00,125.89309384348279,130.5588261538549,125.266757838154,129.57847595214844,10100,0.0,0.0
2020-06-04 00:00:00-04:00,130.4408096837058,130.4408096837058,123.94145898879773,126.09278869628906,3300,0.0,0.0
2020-06-05 00:00:00-04:00,129.65110341458177,136.15952715026063,129.65110341458177,134.7071533203125,5400,0.0,0.0
2020-06-08 00:00:00-04:00,134.70715294941178,135.25179659685855,132.45598598496755,132.90985107421875,4000,0.0,0.0
2020-06-09 00:00:00-04:00,127.39084691404797,128.90675461419244,125.39384333874415,127.08222198486328,5800,0.0,0.0
2020-06-10 00:00:00-04:00,127.28191608609632,127.28191608609632,125.85677317669615,126.17448425292969,2500,0.0,0.0
2020-06-11 00:00:00-04:00,121.05489078790451,121.05489078790451,110.18936001502279,112.48591613769531,4500,0.0,0.0
2020-06-12 00:00:00-04:00,114.78155388279144,114.78155388279144,112.1124269946555,112.47681427001953,2900,0.44,0.0
2020-06-15 00:00:00-04:00,113.67927600532306,117.05895391869012,111.2014511216416,113.2511215209961,5900,0.0,0.0
2020-06-16 00:00:00-04:00,114.88175136342375,117.85149108721937,112.24906410852584,113.05982208251953,3600,0.0,0.0
2020-06-17 00:00:00-04:00,115.6925106206216,116.60347527117769,110.22672271728516,110.22672271728516,11500,0.0,0.0
2020-06-18 00:00:00-04:00,111.18323472188392,114.93640451060583,110.23583068246727,110.36336517333984,19000,0.0,0.0
2020-06-19 00:00:00-04:00,113.38777318803713,113.38777318803713,108.577880859375,108.577880859375,16900,0.0,0.0
2020-06-22 00:00:00-04:00,108.91492942829169,110.31781579881009,105.31662190366224,108.35013580322266,13200,0.0,0.0
2020-06-23 00:00:00-04:00,110.22672359241845,115.18237355482314,108.10417427174495,112.41304016113281,13800,0.0,0.0
2020-06-24 00:00:00-04:00,113.16002630112999,113.16002630112999,106.05449947926499,107.32073974609375,7000,0.0,0.0
2020-06-25 00:00:00-04:00,104.90669188390784,110.94638497992605,104.90669188390784,108.40479278564453,7200,0.0,0.0
2020-06-26 00:00:00-04:00,106.12738031851936,106.70128553837438,101.50878988223276,103.78620147705078,22300,0.0,0.0
2020-06-29 00:00:00-04:00,106.40066906540214,109.71657968472486,105.67189459847276,107.357177734375,7400,0.0,0.0
2020-06-30 00:00:00-04:00,106.58285977151435,110.6822005319572,106.58285977151435,110.51822662353516,7800,0.0,0.0
2020-07-01 00:00:00-04:00,111.44741132930456,112.1579695904707,106.06361389160156,106.06361389160156,7700,0.0,0.0
2020-07-02 00:00:00-04:00,107.4938265139261,110.17206475449426,106.82881927490234,106.82881927490234,3400,0.0,0.0
2020-07-06 00:00:00-04:00,110.29049048560532,110.95549774169922,107.89465594536898,110.95549774169922,5700,0.0,0.0
2020-07-07 00:00:00-04:00,108.40479589711333,108.40479589711333,105.80854797363281,105.80854797363281,3500,0.0,0.0
2020-07-08 00:00:00-04:00,106.06361296008379,106.12738020666714,105.6718978881836,105.6718978881836,1600,0.0,0.0
2020-07-09 00:00:00-04:00,105.68100758170186,105.79943048034066,99.92371145752153,100.66159057617188,6100,0.0,0.0
2020-07-10 00:00:00-04:00,102.95722139799415,104.69716721069683,102.0371521081368,104.6333999633789,5200,0.0,0.0
2020-07-13 00:00:00-04:00,105.14353640066237,107.20231841977575,103.84996828825578,104.76093292236328,5800,0.0,0.0
2020-07-14 00:00:00-04:00,104.76094180720929,109.43418827448288,104.76094180720929,108.7691879272461,14200,0.0,0.0
2020-07-15 00:00:00-04:00,111.59316536081242,112.71365489554421,107.66691009337691,109.7256851196289,11800,0.0,0.0
2020-07-16 00:00:00-04:00,109.73480405212085,111.1559067228425,108.81472778320312,108.81472778320312,5200,0.0,0.0
2020-07-17 00:00:00-04:00,108.26813816267612,113.64283053596166,108.26813816267612,111.14678955078125,3200,0.0,0.0
2020-07-20 00:00:00-04:00,110.77329300367369,112.2308349609375,110.77329300367369,112.2308349609375,2100,0.0,0.0
2020-07-21 00:00:00-04:00,116.00223704051189,117.39601186516906,115.36456455541017,116.96785736083984,3900,0.0,0.0
2020-07-22 00:00:00-04:00,116.72190467904483,116.72190467904483,113.16002957289109,113.54263305664062,1900,0.0,0.0
2020-07-23 00:00:00-04:00,112.51323946213479,115.69250396360835,112.51323946213479,113.41509246826172,2100,0.0,0.0
2020-07-24 00:00:00-04:00,114.15297240067261,114.15297240067261,110.68219948050384,110.82795715332031,4000,0.0,0.0
2020-07-27 00:00:00-04:00,112.56790263853641,114.49915021772267,110.63665505935015,112.86852264404297,1500,0.0,0.0
2020-07-28 00:00:00-04:00,112.84119571351349,112.84119571351349,109.2155532836914,109.2155532836914,2800,0.0,0.0
2020-07-29 00:00:00-04:00,111.44740141088323,111.44740141088323,107.74888750550342,110.29959106445312,3400,0.0,0.0
2020-07-30 00:00:00-04:00,110.22671567182505,110.22671567182505,105.80853878905042,108.45944213867188,9800,0.0,0.0
2020-07-31 00:00:00-04:00,108.72363263479669,110.80063098299364,104.83381652832031,104.83381652832031,6500,0.0,0.0
2020-08-03 00:00:00-04:00,108.40479539191962,110.80062996450857,105.67190139044266,109.12445831298828,12300,0.0,0.0
2020-08-04 00:00:00-04:00,111.71158888949928,114.32605985189646,110.1356239883825,111.00103759765625,3300,0.0,0.0
2020-08-05 00:00:00-04:00,111.6660570101775,112.95962524414062,111.33810915507286,112.95962524414062,2200,0.0,0.0
2020-08-06 00:00:00-04:00,113.28755950927734,113.28755950927734,113.28755950927734,113.28755950927734,600,0.0,0.0
2020-08-07 00:00:00-04:00,113.96167454143524,117.36868033308389,113.96167454143524,116.55792236328125,5300,0.0,0.0
2020-08-10 00:00:00-04:00,117.5235489089972,120.21090584766294,117.5235489089972,118.2978744506836,2700,0.0,0.0
2020-08-11 00:00:00-04:00,118.06102423184448,123.01666025299487,118.06102423184448,121.44981384277344,7300,0.0,0.0
2020-08-12 00:00:00-04:00,122.69783455170113,122.69783455170113,121.84152553140815,121.97816467285156,2200,0.0,0.0
2020-08-13 00:00:00-04:00,123.56325436362611,123.56325436362611,119.37281108140422,120.43865203857422,4300,0.0,0.0
2020-08-14 00:00:00-04:00,116.61258571511802,119.97404766693852,116.61258571511802,119.90116882324219,1300,0.0,0.0
2020-08-17 00:00:00-04:00,119.50033703008951,122.54296954855677,119.50033703008951,120.71192169189453,1800,0.0,0.0
2020-08-18 00:00:00-04:00,120.71192169189453,120.71192169189453,120.71192169189453,120.71192169189453,600,0.0,0.0
2020-08-19 00:00:00-04:00,121.45891841584309,121.86884972817579,120.36576361621673,120.93055725097656,2500,0.0,0.0
2020-08-20 00:00:00-04:00,120.82124530278946,122.0601577758789,119.55500500237005,122.0601577758789,4300,0.0,0.0
2020-08-21 00:00:00-04:00,120.53885045841241,125.75867406707356,119.89205943385024,123.299072265625,5900,0.0,0.0
2020-08-24 00:00:00-04:00,123.29907215178572,127.52594761340156,122.79803880930825,124.57441711425781,6500,0.0,0.0
2020-08-25 00:00:00-04:00,125.89532038785464,126.30525172811164,124.34668315787351,125.45806121826172,7800,0.0,0.0
2020-08-26 00:00:00-04:00,122.1330358221563,124.8021555423072,119.91938452128561,123.94584655761719,8100,0.0,0.0
2020-08-27 00:00:00-04:00,123.94584870389838,125.5946925049963,123.94584870389838,124.48331451416016,4700,0.0,0.0
2020-08-28 00:00:00-04:00,125.94086103645681,127.09779001724314,125.49448336035066,125.98641204833984,2000,0.0,0.0
2020-08-31 00:00:00-04:00,126.11435243564192,127.16529979477284,124.34143829345703,124.34143829345703,2200,0.44,0.0
2020-09-01 00:00:00-04:00,126.15090942382812,126.15090942382812,126.15090942382812,126.15090942382812,800,0.0,0.0
2020-09-02 00:00:00-04:00,125.52947228499272,126.36109924316408,125.52947228499272,126.36109924316406,2500,0.0,0.0
2020-09-03 00:00:00-04:00,124.36885488404147,127.02822613030364,124.36885488404147,124.66130065917969,3000,0.0,0.0
2020-09-04 00:00:00-04:00,124.38714183102023,125.1456574067784,120.71337179680074,124.10384368896484,11300,0.0,0.0
2020-09-08 00:00:00-04:00,122.84269876165209,122.84269876165209,119.73553887691273,121.17945861816406,1300,0.0,0.0
2020-09-09 00:00:00-04:00,120.67681421816982,123.46412692650473,120.57628772886655,122.55025482177734,5800,0.0,0.0
2020-09-10 00:00:00-04:00,122.22127750113494,123.38188519732138,121.77347508676951,123.09858703613281,3400,0.0,0.0
2020-09-11 00:00:00-04:00,121.4261899268491,124.52421600396534,121.4261899268491,122.45886993408203,5200,0.0,0.0
2020-09-14 00:00:00-04:00,121.59983368823305,126.11436462402344,121.59983368823305,126.11436462402344,14300,0.0,0.0
2020-09-15 00:00:00-04:00,126.11436151150853,126.29713315956515,123.57379795314768,124.32316589355469,11400,0.0,0.0
2020-09-16 00:00:00-04:00,124.28660677289085,129.248925629321,123.93019720831069,125.59343719482422,10200,0.0,0.0
2020-09-17 00:00:00-04:00,125.65742080863896,127.39377231834357,124.90803895114426,126.93683624267578,11800,0.0,0.0
2020-09-18 00:00:00-04:00,127.67708490504951,127.67708490504951,124.89890574500556,125.20048522949219,9100,0.0,0.0
2020-09-21 00:00:00-04:00,122.68734463210001,122.68734463210001,119.8269201422842,120.82305145263672,4000,0.0,0.0
2020-09-22 00:00:00-04:00,120.7956147491864,125.20048522949219,120.68595455285761,125.20048522949219,26500,0.0,0.0
2020-09-23 00:00:00-04:00,125.10909104641371,126.5712920559398,119.10495830620643,121.66380310058594,30800,0.0,0.0
2020-09-24 00:00:00-04:00,122.39488773560467,125.97727875813754,122.39488773560467,124.66130065917969,18000,0.0,0.0
2020-09-25 00:00:00-04:00,123.55551487238412,126.11435974304358,123.4092919781561,123.6926040649414,15500,0.0,0.0
2020-09-28 00:00:00-04:00,124.34143837700559,126.38851694521199,123.50981140136719,123.50981140136719,5600,0.0,0.0
2020-09-29 00:00:00-04:00,124.0946935222824,124.11297486982578,123.29962921142578,123.29962921142578,1700,0.0,0.0
2020-09-30 00:00:00-04:00,123.50067982396098,123.50067982396098,118.61145832158815,118.85820770263672,8100,0.0,0.0
2020-10-01 00:00:00-04:00,119.9000237981098,122.46800231933594,118.66630475714214,122.46800231933594,11200,0.0,0.0
2020-10-02 00:00:00-04:00,121.96537415301822,126.23315510098773,121.96537415301822,125.9772720336914,8400,0.0,0.0
2020-10-05 00:00:00-04:00,127.48517293515413,129.7058757057859,123.37274800176206,126.11436462402344,11600,0.0,0.0
2020-10-06 00:00:00-04:00,124.68872861302451,126.5713031654348,124.20437744932997,124.60648345947266,5200,0.0,0.0
2020-10-07 00:00:00-04:00,128.051758628814,128.051758628814,125.23703078988804,127.80502319335938,7400,0.0,0.0
2020-10-08 00:00:00-04:00,127.75931954387408,131.58844578933667,127.75931954387408,130.52835083007812,5000,0.0,0.0
2020-10-09 00:00:00-04:00,131.5336115512947,137.3732679630614,131.5336115512947,136.62388610839844,16600,0.0,0.0
2020-10-12 00:00:00-04:00,138.45163258073256,141.26636051380956,137.7022507142887,139.91383361816406,2900,0.0,0.0
2020-10-13 00:00:00-04:00,138.90856204433703,141.00132306057318,137.50120511713544,140.80941772460938,3200,0.0,0.0
2020-10-14 00:00:00-04:00,139.86814440413812,140.8277130126953,134.44887495250882,140.8277130126953,1800,0.0,0.0
2020-10-15 00:00:00-04:00,138.38765642942053,142.38128730674916,138.38765642942053,141.3760223388672,2200,0.0,0.0
2020-10-16 00:00:00-04:00,140.096596992071,140.87337991738121,138.09521484375,138.09521484375,4700,0.0,0.0
2020-10-19 00:00:00-04:00,139.3472136323232,140.36161221913227,137.0899484341497,137.37326049804688,1500,0.0,0.0
2020-10-20 00:00:00-04:00,138.68010457775023,138.90857262483055,135.15255737304688,135.15255737304688,2500,0.0,0.0
2020-10-21 00:00:00-04:00,134.10161287325386,134.10161287325386,133.47103881835938,133.47103881835938,700,0.0,0.0
2020-10-22 00:00:00-04:00,133.6355172079242,133.6355172079242,131.05840506132947,131.60671997070312,2500,0.0,0.0
2020-10-23 00:00:00-04:00,132.78563603497437,133.30653594793588,131.23205605363435,131.89004516601562,3600,0.0,0.0
2020-10-26 00:00:00-04:00,129.73329744787324,130.5374954631254,127.18358632275324,129.4956817626953,3300,0.0,0.0
2020-10-27 00:00:00-04:00,130.89390320062623,130.89390320062623,125.78536126548863,127.28411102294922,9600,0.0,0.0
2020-10-28 00:00:00-04:00,125.47465132674351,127.51258235481212,123.58292924752227,124.67957305908203,2200,0.0,0.0
2020-10-29 00:00:00-04:00,121.63638517508006,127.02822512409747,121.63638517508006,126.5712890625,6400,0.0,0.0
2020-10-30 00:00:00-04:00,127.02823355866101,127.89640934442595,122.02021789550781,122.02021789550781,6100,0.0,0.0
2020-11-02 00:00:00-05:00,122.94321902601219,123.3727400513873,120.21988392787944,121.90140533447266,6800,0.0,0.0
2020-11-03 00:00:00-05:00,122.9980459779603,130.73854399359277,122.9980459779603,126.48904418945312,11200,0.0,0.0
2020-11-04 00:00:00-05:00,130.68371865184037,133.47103152389053,129.58707485067148,132.96839904785156,8400,0.0,0.0
2020-11-05 00:00:00-05:00,136.62388535301284,141.75070863206972,136.62388535301284,138.45162963867188,13700,0.0,0.0
2020-11-06 00:00:00-05:00,137.40982202159032,138.99081699401842,133.40705739697026,133.4253387451172,14300,0.0,0.0
2020-11-09 00:00:00-05:00,140.90994307934739,144.2364370068582,135.9384765625,135.9384765625,13500,0.0,0.0
2020-11-10 00:00:00-05:00,139.37464354831806,146.10074346655767,139.37464354831806,144.9766845703125,15800,0.0,0.0
2020-11-11 00:00:00-05:00,147.99247260978615,149.44552612304688,146.31095103678314,149.44552612304688,7900,0.0,0.0
2020-11-12 00:00:00-05:00,150.05780635559623,153.92348170008563,143.93486565323238,144.62026977539062,21400,0.0,0.0
2020-11-13 00:00:00-05:00,148.03814034782508,150.58783726526516,148.03814034782508,149.344970703125,4500,0.0,0.0
2020-11-16 00:00:00-05:00,151.35549657339894,158.83097779192695,150.9716719550269,157.02151489257812,7600,0.0,0.0
2020-11-17 00:00:00-05:00,156.2721324779681,159.4067071553257,154.19763886164313,157.5972442626953,6000,0.0,0.0
2020-11-18 00:00:00-05:00,158.98633782616542,159.02288657626758,155.4679244979399,157.1494598388672,6100,0.0,0.0
2020-11-19 00:00:00-05:00,157.00324564570448,162.19403301183056,156.22644870332954,159.936767578125,10300,0.0,0.0
2020-11-20 00:00:00-05:00,159.29705603786704,164.04005484071794,158.3283537668768,160.73184204101562,5600,0.0,0.0
2020-11-23 00:00:00-05:00,161.49948391696233,170.07160895798083,161.49948391696233,167.83261108398438,11200,0.0,0.0
2020-11-24 00:00:00-05:00,171.53380357227817,177.5288027781691,168.18902808236055,172.6304473876953,12800,0.0,0.0
2020-11-25 00:00:00-05:00,176.64235092248435,176.64235092248435,170.39146843816658,171.83538818359375,11000,0.0,0.0
2020-11-27 00:00:00-05:00,174.2662783134988,175.4451672229624,173.0873754594531,173.5443115234375,18800,0.0,0.0
2020-11-30 00:00:00-05:00,177.84165860985078,177.84165860985078,169.1077423095703,169.1077423095703,14200,15.44,0.0
2020-12-01 00:00:00-05:00,172.04224433593336,173.08673629760742,158.0063020669506,159.16021728515625,13500,0.0,0.0
2020-12-02 00:00:00-05:00,156.9618138095774,160.17487170051453,153.09223154265788,157.46914672851562,5000,0.0,0.0
2020-12-03 00:00:00-05:00,159.1104736328125,159.97591761923462,156.89218239694145,159.1104736328125,4100,0.0,0.0
2020-12-04 00:00:00-05:00,157.81730685179596,157.81730685179596,154.9026924743823,157.0712432861328,3300,0.0,0.0
2020-12-07 00:00:00-05:00,154.78331416905877,155.97701273818424,151.12262135454637,151.35140991210938,4000,0.0,0.0
2020-12-08 00:00:00-05:00,153.14198165249314,153.84826185582924,151.05301272889102,153.56973266601562,8200,0.0,0.0
2020-12-09 00:00:00-05:00,153.23149816342388,153.69903253323653,152.49539184570312,152.49539184570312,3700,0.0,0.0
2020-12-10 00:00:00-05:00,152.65456532553287,155.82780972441014,152.1969729765168,152.80377197265625,2200,0.0,0.0
2020-12-11 00:00:00-05:00,154.98226040276063,154.98226040276063,152.40585809840502,154.08697509765625,1600,0.0,0.0
2020-12-14 00:00:00-05:00,155.52939007839066,155.52939007839066,151.799072265625,151.799072265625,3500,0.0,0.0
2020-12-15 00:00:00-05:00,155.4199602308588,160.55286578794946,154.1068811306184,160.2047119140625,5400,0.0,0.0
2020-12-16 00:00:00-05:00,162.94026587451714,164.273228972801,158.50366840064515,161.6570281982422,7900,0.0,0.0
2020-12-17 00:00:00-05:00,163.13923057226438,164.13398197819282,160.22461623867096,162.54237365722656,3100,0.0,0.0
2020-12-18 00:00:00-05:00,163.5371230407166,163.5371230407166,154.39537048339844,154.39537048339844,9700,0.0,0.0
2020-12-21 00:00:00-05:00,153.1917249891493,157.71784717229653,153.1917249891493,156.67335510253906,4200,0.0,0.0
2020-12-22 00:00:00-05:00,156.1859104297649,156.32517501735077,154.3157881362836,155.39012145996094,5300,0.0,0.0
2020-12-23 00:00:00-05:00,159.08063623819388,159.08063623819388,155.27073669433594,155.27073669433594,1900,0.0,0.0
2020-12-24 00:00:00-05:00,154.7236363452544,155.26081063697575,153.77862548828125,153.77862548828125,1300,0.0,0.0
2020-12-28 00:00:00-05:00,155.77807154048895,156.2257066239125,153.5995635986328,153.5995635986328,5900,0.0,0.0
2020-12-29 00:00:00-05:00,153.68909787437684,155.18122503820575,151.79907620500788,154.97232055664062,2400,0.0,0.0
2020-12-30 00:00:00-05:00,156.0764888577745,156.34507598627437,149.2425515851695,154.21630859375,9600,0.0,0.0
2020-12-31 00:00:00-05:00,153.18176977528148,154.82310347335132,152.19696044921875,152.19696044921875,3100,0.0,0.0
2021-01-04 00:00:00-05:00,154.61420067042212,154.61420067042212,144.8258506731574,148.21795654296875,9000,0.0,0.0
2021-01-05 00:00:00-05:00,151.1325771703164,151.2022170560535,149.22265625,149.22265625,3900,0.0,0.0
2021-01-06 00:00:00-05:00,149.33207163063724,155.181214575674,149.33207163063724,152.19696044921875,5300,0.0,0.0
2021-01-07 00:00:00-05:00,153.1917189973587,154.19641246930732,151.20221615323715,151.212158203125,2700,0.0,0.0
2021-01-08 00:00:00-05:00,149.4614032066112,149.59072575043064,146.73577880859375,146.73577880859375,2600,0.0,0.0
2021-01-11 00:00:00-05:00,149.32213350856728,150.21740369857,149.32213350856728,150.00851440429688,2000,0.0,0.0
2021-01-12 00:00:00-05:00,150.81425754713888,151.37131589215255,147.2331465024773,149.95877075195312,3100,0.0,0.0
2021-01-13 00:00:00-05:00,150.953515865149,151.2022037001822,148.70538330078125,148.70538330078125,4200,0.0,0.0
2021-01-14 00:00:00-05:00,148.436808271915,151.3812639783192,147.28289298054213,150.30694580078125,4100,0.0,0.0
2021-01-15 00:00:00-05:00,147.61115541376378,147.61115541376378,145.19391686672947,147.58131408691406,4500,0.0,0.0
2021-01-19 00:00:00-05:00,148.21796643045664,148.21796643045664,145.422717277374,145.4724578857422,2600,0.0,0.0
2021-01-20 00:00:00-05:00,147.79021212674067,152.15716985069471,145.92007477241023,146.82530212402344,3700,0.0,0.0
2021-01-21 00:00:00-05:00,147.2530480870103,149.5807627131556,145.89024353027344,145.89024353027344,2800,0.0,0.0
2021-01-22 00:00:00-05:00,147.22321298841382,149.7001495361328,145.2734934891274,149.7001495361328,2100,0.0,0.0
2021-01-25 00:00:00-05:00,148.37712511282336,150.15772347194712,143.25414620424678,144.53738403320312,5200,0.0,0.0
2021-01-26 00:00:00-05:00,145.24365030121524,146.7258353908522,144.23895682490556,145.76092529296875,3800,0.0,0.0
2021-01-27 00:00:00-05:00,145.09442650938573,146.77555864985754,139.51387105984395,140.8269500732422,10700,0.0,0.0
2021-01-28 00:00:00-05:00,143.9106887418955,146.37766805857677,140.46885726582204,142.03060913085938,9300,0.0,0.0
2021-01-29 00:00:00-05:00,142.03060416055362,144.0300490170183,141.25469928021198,142.24945068359375,3800,0.0,0.0
2021-02-01 00:00:00-05:00,144.7363263548009,144.7363263548009,141.2546965112146,143.1049346923828,2000,0.0,0.0
2021-02-02 00:00:00-05:00,146.20854686963918,148.70538243317344,143.64208660562628,144.3384246826172,2700,0.0,0.0
2021-02-03 00:00:00-05:00,145.7708622710019,146.62634907507015,144.12952854606596,146.22845458984375,3100,0.0,0.0
2021-02-04 00:00:00-05:00,147.21326001825489,156.17596435546875,147.21326001825489,156.17596435546875,3100,0.0,0.0
2021-02-05 00:00:00-05:00,159.25969943454325,159.97592163085938,158.98117026694268,159.97592163085938,1500,0.0,0.0
2021-02-08 00:00:00-05:00,157.73773878172062,160.1549774285611,155.1911624153556,160.0554962158203,3300,0.0,0.0
2021-02-09 00:00:00-05:00,158.911528324057,162.14447021484375,158.911528324057,162.14447021484375,2600,0.0,0.0
2021-02-10 00:00:00-05:00,162.1444738876587,162.1444738876587,159.05079650878906,159.05079650878906,1800,0.0,0.0
2021-02-11 00:00:00-05:00,160.95077334947248,161.84604350347013,157.6680908203125,157.6680908203125,4300,0.0,0.0
2021-02-12 00:00:00-05:00,161.15966119343136,162.4031003843591,161.14971914423631,161.39840698242188,1800,0.0,0.0
2021-02-16 00:00:00-05:00,163.716179551298,166.05383612438578,161.14971923828125,161.14971923828125,5800,0.0,0.0
2021-02-17 00:00:00-05:00,164.78054943483806,165.6260941249743,162.17430584392955,162.70152282714844,4100,0.0,0.0
2021-02-18 00:00:00-05:00,160.15496864318848,161.39840784072877,157.45918578429266,159.16021728515625,4400,0.0,0.0
2021-02-19 00:00:00-05:00,160.70208172308742,163.45754717995715,160.47329316533603,162.91043090820312,8100,0.0,0.0
2021-02-22 00:00:00-05:00,163.13923488613116,163.13923488613116,158.73249332711825,159.85655212402344,4900,0.0,0.0
2021-02-23 00:00:00-05:00,160.15496826171875,160.15496826171875,159.1602169060559,160.15496826171875,5200,0.0,0.0
2021-02-24 00:00:00-05:00,160.1748675388683,161.647095295213,160.15496826171875,160.15496826171875,3200,0.0,0.0
2021-02-25 00:00:00-05:00,158.68274780529754,162.4926474941982,157.27020263671875,157.27020263671875,1900,0.0,0.0
2021-02-26 00:00:00-05:00,155.7482287858391,156.71312364723107,150.97341918945312,150.97341918945312,3100,0.0,0.0
2021-03-01 00:00:00-05:00,159.07069486994536,159.080636919291,155.18121337890625,155.18121337890625,2300,0.0,0.0
2021-03-02 00:00:00-05:00,157.39951203531695,159.03090374762775,155.71837971655052,156.7529296875,4500,0.0,0.0
2021-03-03 00:00:00-05:00,156.9518720504557,162.45284598607768,156.9518720504557,161.1795654296875,3600,0.0,0.0
2021-03-04 00:00:00-05:00,161.26908802364602,161.26908802364602,157.66809290409344,158.5534210205078,4300,0.0,0.0
2021-03-05 00:00:00-05:00,161.89578672185547,161.89578672185547,158.1654690554533,158.96127319335938,6200,0.0,0.0
2021-03-08 00:00:00-05:00,160.15497636215395,161.14972776813005,158.33457946777344,158.33457946777344,5200,0.0,0.0
2021-03-09 00:00:00-05:00,157.6681024444275,160.264404296875,157.6681024444275,160.264404296875,1100,0.0,0.0
2021-03-10 00:00:00-05:00,159.04085510110073,165.2878925378666,157.76757455212305,165.0690460205078,3400,0.0,0.0
2021-03-11 00:00:00-05:00,164.6611904270149,168.90878295898438,164.6611904270149,168.90878295898438,7200,0.0,0.0
2021-03-12 00:00:00-05:00,169.10774767654712,170.69935607910156,167.51613927399268,170.69935607910156,6800,0.0,0.0
2021-03-15 00:00:00-04:00,170.808769776125,171.5448760986328,165.2083145302682,171.5448760986328,1900,0.0,0.0
2021-03-16 00:00:00-04:00,169.2370618034892,169.2370618034892,169.05799865722656,169.05799865722656,1600,0.0,0.0
2021-03-17 00:00:00-04:00,170.50037223182358,170.7291759668461,165.79520268154107,167.29727172851562,2900,0.0,0.0
2021-03-18 00:00:00-04:00,172.58937229829675,172.58937229829675,168.8391551746891,169.1077423095703,3100,0.0,0.0
2021-03-19 00:00:00-04:00,171.67419736335492,171.67419736335492,166.00411745443836,167.26744079589844,10300,0.0,0.0
2021-03-22 00:00:00-04:00,167.5866010329422,167.64644026991206,164.6942596435547,164.6942596435547,6300,0.44,0.0
2021-03-23 00:00:00-04:00,168.55403677501835,168.55403677501835,162.9388885498047,162.9388885498047,2200,0.0,0.0
2021-03-24 00:00:00-04:00,165.56194889324232,165.8611602783203,165.56194889324232,165.8611602783203,1600,0.0,0.0
2021-03-25 00:00:00-04:00,165.66170206457534,165.66170206457534,163.66697965666245,165.3924102783203,1900,0.0,0.0
2021-03-26 00:00:00-04:00,165.5619601470811,170.53879804221933,165.5619601470811,168.5241241455078,1900,0.0,0.0
2021-03-29 00:00:00-04:00,168.28474597591355,169.5513989231733,165.60184199328307,166.6590576171875,3500,0.0,0.0
2021-03-30 00:00:00-04:00,166.5094407311506,166.5094407311506,165.56195068359375,165.56195068359375,1600,0.0,0.0
2021-03-31 00:00:00-04:00,165.56195068359375,167.02807278965923,164.71418761979248,165.56195068359375,6300,0.0,0.0
2021-04-01 00:00:00-04:00,166.42965698242188,166.42965698242188,166.42965698242188,166.42965698242188,900,0.0,0.0
2021-04-05 00:00:00-04:00,168.30470568699536,168.30470568699536,165.69162416344213,167.4868621826172,3500,0.0,0.0
2021-04-06 00:00:00-04:00,165.57192849856256,168.55404398621823,165.57192849856256,168.1551055908203,1600,0.0,0.0
2021-04-07 00:00:00-04:00,168.05535262787413,168.35456401453644,166.55931091308594,166.55931091308594,2200,0.0,0.0
2021-04-08 00:00:00-04:00,166.43963623046875,166.43963623046875,166.43963623046875,166.43963623046875,600,0.0,0.0
2021-04-09 00:00:00-04:00,164.10579899574796,167.64643416663293,164.10579899574796,165.85118103027344,2500,0.0,0.0
2021-04-12 00:00:00-04:00,163.41763121410358,167.9356760254525,163.41763121410358,164.56459045410156,3800,0.0,0.0
2021-04-13 00:00:00-04:00,162.91895603821138,164.5745640431055,161.91161149914998,163.66697692871094,3900,0.0,0.0
2021-04-14 00:00:00-04:00,168.75351021776297,168.75351021776297,163.7766876220703,163.7766876220703,1400,0.0,0.0
2021-04-15 00:00:00-04:00,164.56459125859126,168.55403589516317,164.56459125859126,166.958251953125,1700,0.0,0.0
2021-04-16 00:00:00-04:00,168.77345383545534,169.55139430951124,163.6769377859991,169.1025848388672,4000,0.0,0.0
2021-04-19 00:00:00-04:00,168.60390704901994,168.60390704901994,165.58190395336308,166.11050415039062,2000,0.0,0.0
2021-04-20 00:00:00-04:00,164.11578297878268,164.235461448826,163.8963623046875,163.8963623046875,2800,0.0,0.0
2021-04-21 00:00:00-04:00,161.12370758818855,167.14776264040478,161.12370758818855,163.8764190673828,1700,0.0,0.0
2021-04-22 00:00:00-04:00,164.40501712547973,167.84591023370308,163.87641690512922,164.06591796875,2100,0.0,0.0
2021-04-23 00:00:00-04:00,164.34517333074865,165.6616973876953,164.34517333074865,165.6616973876953,1000,0.0,0.0
2021-04-26 00:00:00-04:00,166.5593167850865,170.9676513671875,166.5593167850865,170.9676513671875,2200,0.0,0.0
2021-04-27 00:00:00-04:00,170.9476991716053,170.9476991716053,167.1776751505862,170.74822998046875,2500,0.0,0.0
2021-04-28 00:00:00-04:00,171.50623075541645,175.75498379321968,171.50623075541645,172.6731414794922,4600,0.0,0.0
2021-04-29 00:00:00-04:00,170.17975046830753,176.0342559814453,170.17975046830753,176.0342559814453,3900,0.0,0.0
2021-04-30 00:00:00-04:00,175.77494591550794,176.53293495983053,172.683120063265,175.9644317626953,4400,0.0,0.0
2021-05-03 00:00:00-04:00,177.09145292641335,181.51973910661553,177.09145292641335,179.28564453125,4500,0.0,0.0
2021-05-04 00:00:00-04:00,177.4904057512378,177.50037388456366,175.56549072265625,175.56549072265625,1800,0.0,0.0
2021-05-05 00:00:00-04:00,175.53557428990595,182.46723170821724,175.53557428990595,182.22787475585938,6900,0.0,0.0
2021-05-06 00:00:00-04:00,184.51182597593194,184.51182597593194,178.36807719909825,183.77377319335938,4900,0.0,0.0
2021-05-07 00:00:00-04:00,181.8887470222021,187.49392700195312,181.8887470222021,187.49392700195312,4100,0.0,0.0
2021-05-10 00:00:00-04:00,188.50125793918085,188.50125793918085,185.0204620361328,185.0204620361328,2700,0.0,0.0
2021-05-11 00:00:00-04:00,184.01313408449835,184.01313408449835,177.65994836299905,177.71978759765625,3700,0.0,0.0
2021-05-12 00:00:00-04:00,179.88406619095224,184.51182153863988,179.88406619095224,180.65203857421875,4400,0.0,0.0
2021-05-13 00:00:00-04:00,181.5197357768938,181.5197357768938,179.13604315208107,180.84153747558594,2400,0.0,0.0
2021-05-14 00:00:00-04:00,179.48512867835996,187.11493578923825,179.48512867835996,180.50242614746094,2000,0.0,0.0
2021-05-17 00:00:00-04:00,180.84154427448647,183.1953021511812,180.84154427448647,182.55699157714844,1600,0.0,0.0
2021-05-18 00:00:00-04:00,182.4373128090066,184.51182597593194,182.03837440781982,183.77377319335938,5000,0.0,0.0
2021-05-19 00:00:00-04:00,181.51973715526162,183.60421839652187,180.80163587870393,181.28036499023438,2600,0.0,0.0
2021-05-20 00:00:00-04:00,181.53968501011906,182.72654724121094,181.53968501011906,182.72654724121094,1400,0.0,0.0
2021-05-21 00:00:00-04:00,184.39213958023447,185.5091792304039,183.0157762837587,183.90342712402344,6400,0.0,0.0
2021-05-24 00:00:00-04:00,183.9832157277549,183.9832157277549,178.0090168576594,178.52764892578125,4400,0.0,0.0
2021-05-25 00:00:00-04:00,177.43055034801097,177.73974510175094,173.5408477783203,173.5408477783203,2200,0.0,0.0
2021-05-26 00:00:00-04:00,173.59072385880853,177.72976684570312,173.59072385880853,177.72976684570312,1800,0.0,0.0
2021-05-27 00:00:00-04:00,175.5355638087798,179.3055877685547,175.5355638087798,179.3055877685547,800,0.0,0.0
2021-05-28 00:00:00-04:00,179.69456570413038,179.72448532266947,175.55552280862966,177.37071228027344,5100,0.0,0.0
2021-06-01 00:00:00-04:00,177.53028427901856,177.53028427901856,173.76026035844035,174.8872833251953,4000,0.0,0.0
2021-06-02 00:00:00-04:00,174.53820315028227,176.23371408003743,174.04949070279298,174.32875061035156,7400,0.0,0.0
2021-06-03 00:00:00-04:00,176.8919866015843,176.8919866015843,174.53821351346178,174.96707153320312,2500,0.0,0.0
2021-06-04 00:00:00-04:00,176.5329356018926,178.5276580380722,176.51298411634397,177.0316162109375,3500,0.0,0.0
2021-06-07 00:00:00-04:00,178.7171547425168,178.7171547425168,175.21640721260889,177.41061401367188,1600,0.0,0.0
2021-06-08 00:00:00-04:00,176.53293243747558,176.53293243747558,176.04421997070312,176.04421997070312,1300,0.0,0.0
2021-06-09 00:00:00-04:00,175.75498962402344,175.75498962402344,175.75498962402344,175.75498962402344,800,0.0,0.0
2021-06-10 00:00:00-04:00,175.73504416213936,175.73504416213936,174.10935571989873,174.59805297851562,2800,0.0,0.0
2021-06-11 00:00:00-04:00,174.30882537622685,174.30882537622685,172.64323395840267,173.86001586914062,2900,0.0,0.0
2021-06-14 00:00:00-04:00,173.88999938964844,175.60000610351562,172.8800048828125,173.89999389648438,2400,0.46,0.0
2021-06-15 00:00:00-04:00,172.25,174.60000610351562,170.0,173.9499969482422,3100,0.0,0.0
2021-06-16 00:00:00-04:00,171.42999267578125,172.0,168.9499969482422,168.9499969482422,4300,0.0,0.0
2021-06-17 00:00:00-04:00,168.89999389648438,170.13999938964844,167.52000427246094,170.13999938964844,1500,0.0,0.0
2021-06-18 00:00:00-04:00,166.89999389648438,170.33999633789062,166.89999389648438,170.33999633789062,7000,0.0,0.0
2021-06-21 00:00:00-04:00,171.0,171.0,169.0,169.0,5900,0.0,0.0
2021-06-22 00:00:00-04:00,170.3699951171875,170.77999877929688,168.4499969482422,170.55999755859375,3100,0.0,0.0
2021-06-23 00:00:00-04:00,171.5,173.0,171.5,172.25999450683594,3300,0.0,0.0
2021-06-24 00:00:00-04:00,173.64999389648438,174.1999969482422,170.67999267578125,174.1999969482422,1600,0.0,0.0
2021-06-25 00:00:00-04:00,170.02000427246094,174.3800048828125,170.02000427246094,170.60000610351562,16500,0.0,0.0
2021-06-28 00:00:00-04:00,175.0,175.0,171.02000427246094,172.0,3300,0.0,0.0
2021-06-29 00:00:00-04:00,172.05999755859375,172.05999755859375,172.05999755859375,172.05999755859375,800,0.0,0.0
2021-06-30 00:00:00-04:00,170.49000549316406,176.4199981689453,170.49000549316406,174.6300048828125,4000,0.0,0.0
2021-07-01 00:00:00-04:00,176.32000732421875,176.32000732421875,173.97999572753906,175.82000732421875,4900,0.0,0.0
2021-07-02 00:00:00-04:00,177.75999450683594,177.75999450683594,173.1699981689453,173.1699981689453,900,0.0,0.0
2021-07-06 00:00:00-04:00,173.52000427246094,173.52000427246094,173.32000732421875,173.32000732421875,2200,0.0,0.0
2021-07-07 00:00:00-04:00,172.0500030517578,177.02000427246094,170.0399932861328,173.05999755859375,1900,0.0,0.0
2021-07-08 00:00:00-04:00,173.02999877929688,173.02999877929688,168.5800018310547,168.5800018310547,2900,0.0,0.0
2021-07-09 00:00:00-04:00,170.83999633789062,173.0399932861328,170.5,171.10000610351562,2100,0.0,0.0
2021-07-12 00:00:00-04:00,171.0,171.80999755859375,170.57000732421875,171.80999755859375,1900,0.0,0.0
2021-07-13 00:00:00-04:00,171.80999755859375,172.6199951171875,170.5,170.5,2600,0.0,0.0
2021-07-14 00:00:00-04:00,170.60000610351562,170.67999267578125,169.38999938964844,169.38999938964844,5600,0.0,0.0
2021-07-15 00:00:00-04:00,170.47000122070312,170.47000122070312,168.17999267578125,168.66000366210938,2800,0.0,0.0
2021-07-16 00:00:00-04:00,170.0,171.25999450683594,168.66000366210938,168.66000366210938,2300,0.0,0.0
2021-07-19 00:00:00-04:00,170.47999572753906,170.47999572753906,166.75,169.7100067138672,2500,0.0,0.0
2021-07-20 00:00:00-04:00,169.72999572753906,172.17999267578125,166.00999450683594,166.00999450683594,5700,0.0,0.0
2021-07-21 00:00:00-04:00,166.97000122070312,169.94000244140625,166.97000122070312,167.1300048828125,1600,0.0,0.0
2021-07-22 00:00:00-04:00,169.39999389648438,169.39999389648438,168.05999755859375,168.05999755859375,2300,0.0,0.0
2021-07-23 00:00:00-04:00,166.50999450683594,169.9499969482422,166.50999450683594,168.1999969482422,1600,0.0,0.0
2021-07-26 00:00:00-04:00,167.9199981689453,167.9199981689453,166.1699981689453,167.36000061035156,2800,0.0,0.0
2021-07-27 00:00:00-04:00,166.86000061035156,166.86000061035156,166.86000061035156,166.86000061035156,1300,0.0,0.0
2021-07-28 00:00:00-04:00,166.1999969482422,167.74000549316406,166.1999969482422,167.58999633789062,1800,0.0,0.0
2021-07-29 00:00:00-04:00,168.6999969482422,168.6999969482422,167.60000610351562,167.64999389648438,1400,0.0,0.0
2021-07-30 00:00:00-04:00,166.52999877929688,166.52999877929688,166.52999877929688,166.52999877929688,1000,0.0,0.0
2021-08-02 00:00:00-04:00,168.25,168.5,165.1199951171875,165.1199951171875,1200,0.0,0.0
2021-08-03 00:00:00-04:00,168.49000549316406,170.16000366210938,165.82000732421875,166.10000610351562,3000,0.0,0.0
2021-08-04 00:00:00-04:00,170.99000549316406,179.80999755859375,170.99000549316406,179.80999755859375,6500,0.0,0.0
2021-08-05 00:00:00-04:00,180.00999450683594,184.4499969482422,175.5500030517578,181.16000366210938,5500,0.0,0.0
2021-08-06 00:00:00-04:00,179.3000030517578,181.19000244140625,178.33999633789062,179.38999938964844,2900,0.0,0.0
2021-08-09 00:00:00-04:00,177.58999633789062,185.52000427246094,177.58999633789062,185.52000427246094,2400,0.0,0.0
2021-08-10 00:00:00-04:00,187.25,187.4600067138672,184.10000610351562,184.10000610351562,1700,0.0,0.0
2021-08-11 00:00:00-04:00,186.47999572753906,192.3800048828125,186.47999572753906,191.4499969482422,10300,0.0,0.0
2021-08-12 00:00:00-04:00,191.0500030517578,191.13999938964844,189.3000030517578,190.97999572753906,3700,0.0,0.0
2021-08-13 00:00:00-04:00,191.0,192.4499969482422,187.1300048828125,187.1300048828125,4700,0.0,0.0
2021-08-16 00:00:00-04:00,189.0,190.72000122070312,185.38999938964844,189.5500030517578,6400,0.0,0.0
2021-08-17 00:00:00-04:00,188.1999969482422,192.0,188.1999969482422,189.99000549316406,3300,0.0,0.0
2021-08-18 00:00:00-04:00,194.3800048828125,194.38999938964844,187.0399932861328,187.0399932861328,5400,0.0,0.0
2021-08-19 00:00:00-04:00,187.17999267578125,188.60000610351562,185.6999969482422,188.0,4200,0.0,0.0
2021-08-20 00:00:00-04:00,186.4199981689453,188.3000030517578,179.88999938964844,179.88999938964844,10000,0.0,0.0
2021-08-23 00:00:00-04:00,182.60000610351562,188.5,182.5,186.99000549316406,9300,0.0,0.0
2021-08-24 00:00:00-04:00,185.41000366210938,185.41000366210938,185.41000366210938,185.41000366210938,700,0.0,0.0
2021-08-25 00:00:00-04:00,185.57000732421875,186.36000061035156,185.57000732421875,186.36000061035156,1300,0.0,0.0
2021-08-26 00:00:00-04:00,187.3699951171875,188.0,183.00999450683594,187.42999267578125,1800,0.0,0.0
2021-08-27 00:00:00-04:00,187.42999267578125,190.5,184.11000061035156,190.5,7700,0.0,0.0
2021-08-30 00:00:00-04:00,188.5,192.39999389648438,188.5,190.0,6900,0.0,0.0
2021-08-31 00:00:00-04:00,190.6300048828125,191.86000061035156,189.75999450683594,191.86000061035156,6800,0.0,0.0
2021-09-01 00:00:00-04:00,189.6699981689453,189.6699981689453,189.6699981689453,189.6699981689453,400,0.0,0.0
2021-09-02 00:00:00-04:00,189.0,193.22999572753906,186.7100067138672,190.47999572753906,6100,0.0,0.0
2021-09-03 00:00:00-04:00,190.1199951171875,192.11000061035156,187.00999450683594,191.63999938964844,1900,0.0,0.0
2021-09-07 00:00:00-04:00,191.89999389648438,192.0,190.0,192.0,3300,0.0,0.0
2021-09-08 00:00:00-04:00,191.39999389648438,191.39999389648438,187.32000732421875,187.39999389648438,4600,0.0,0.0
2021-09-09 00:00:00-04:00,186.27000427246094,191.49000549316406,186.27000427246094,187.52000427246094,4800,0.0,0.0
2021-09-10 00:00:00-04:00,186.05999755859375,186.72000122070312,184.0,185.0500030517578,5300,0.0,0.0
2021-09-13 00:00:00-04:00,186.77999877929688,186.89999389648438,186.75,186.75,900,0.0,0.0
2021-09-14 00:00:00-04:00,185.0500030517578,185.83999633789062,180.6999969482422,180.86000061035156,6500,0.0,0.0
2021-09-15 00:00:00-04:00,181.02000427246094,183.5800018310547,179.60000610351562,183.0,6300,0.0,0.0
2021-09-16 00:00:00-04:00,181.5,183.67999267578125,181.5,183.67999267578125,2000,0.0,0.0
2021-09-17 00:00:00-04:00,184.0,186.91000366210938,182.17999267578125,183.0,9100,0.0,0.0
2021-09-20 00:00:00-04:00,187.77000427246094,187.77000427246094,181.19000244140625,182.97999572753906,7200,0.0,0.0
2021-09-21 00:00:00-04:00,184.38999938964844,185.22000122070312,183.10000610351562,184.3300018310547,1500,0.0,0.0
2021-09-22 00:00:00-04:00,183.83999633789062,185.0,183.83999633789062,184.3300018310547,1300,0.0,0.0
2021-09-23 00:00:00-04:00,185.77999877929688,185.77999877929688,185.77999877929688,185.77999877929688,800,0.0,0.0
2021-09-24 00:00:00-04:00,187.3000030517578,188.57000732421875,187.3000030517578,188.57000732421875,1800,0.0,0.0
2021-09-27 00:00:00-04:00,191.0,191.0,187.9600067138672,187.9600067138672,1800,0.0,0.0
2021-09-28 00:00:00-04:00,186.0,187.3000030517578,181.5,185.55999755859375,5100,0.0,0.0
2021-09-29 00:00:00-04:00,184.7899932861328,187.0,184.7899932861328,187.0,900,0.0,0.0
2021-09-30 00:00:00-04:00,187.0,187.0,182.52000427246094,182.60000610351562,900,0.0,0.0
2021-10-01 00:00:00-04:00,184.3000030517578,184.41000366210938,182.82000732421875,183.7899932861328,2800,0.0,0.0
2021-10-04 00:00:00-04:00,183.52000427246094,183.52000427246094,183.52000427246094,183.52000427246094,1500,0.0,0.0
2021-10-05 00:00:00-04:00,186.16000366210938,186.16000366210938,185.94000244140625,185.94000244140625,1700,0.0,0.0
2021-10-06 00:00:00-04:00,187.05999755859375,187.66000366210938,186.0,186.0,1000,0.0,0.0
2021-10-07 00:00:00-04:00,190.5500030517578,190.5500030517578,188.16000366210938,189.3800048828125,2800,0.0,0.0
2021-10-08 00:00:00-04:00,189.63999938964844,189.63999938964844,189.63999938964844,189.63999938964844,500,0.0,0.0
2021-10-11 00:00:00-04:00,189.63999938964844,191.0,188.0,190.13999938964844,3000,0.0,0.0
2021-10-12 00:00:00-04:00,185.25,189.4499969482422,185.25,187.60000610351562,1300,0.0,0.0
2021-10-13 00:00:00-04:00,188.02000427246094,190.0,184.39999389648438,186.10000610351562,11900,0.0,0.0
2021-10-14 00:00:00-04:00,190.89999389648438,190.89999389648438,187.60000610351562,187.60000610351562,2200,0.0,0.0
2021-10-15 00:00:00-04:00,189.85000610351562,190.8800048828125,189.3000030517578,189.3000030517578,2600,0.0,0.0
2021-10-18 00:00:00-04:00,189.3000030517578,189.3000030517578,189.3000030517578,189.3000030517578,400,0.0,0.0
2021-10-19 00:00:00-04:00,190.8800048828125,191.97999572753906,190.8800048828125,191.97999572753906,1100,0.0,0.0
2021-10-20 00:00:00-04:00,192.0,193.0,191.99000549316406,193.0,3400,0.0,0.0
2021-10-21 00:00:00-04:00,194.8800048828125,198.0,183.1300048828125,185.02000427246094,10300,0.0,0.0
2021-10-22 00:00:00-04:00,184.38999938964844,190.52000427246094,184.38999938964844,186.39999389648438,2000,0.0,0.0
2021-10-25 00:00:00-04:00,186.8000030517578,189.47999572753906,186.39999389648438,189.47999572753906,5300,0.0,0.0
2021-10-26 00:00:00-04:00,191.67999267578125,191.67999267578125,191.67999267578125,191.67999267578125,1200,0.0,0.0
2021-10-27 00:00:00-04:00,194.00999450683594,194.00999450683594,191.00999450683594,191.00999450683594,1200,0.0,0.0
2021-10-28 00:00:00-04:00,197.17999267578125,197.17999267578125,190.8000030517578,190.8000030517578,800,0.0,0.0
2021-10-29 00:00:00-04:00,197.99000549316406,197.99000549316406,193.8000030517578,193.8000030517578,1200,0.0,0.0
2021-11-01 00:00:00-04:00,195.0,196.41000366210938,193.0,196.41000366210938,6100,0.0,0.0
2021-11-02 00:00:00-04:00,197.9600067138672,204.99000549316406,197.9600067138672,202.6999969482422,4600,0.0,0.0
2021-11-03 00:00:00-04:00,203.0,208.0500030517578,203.0,208.0500030517578,2100,0.0,0.0
2021-11-04 00:00:00-04:00,209.0,219.75,209.0,218.4600067138672,4500,0.0,0.0
2021-11-05 00:00:00-04:00,219.99000549316406,229.0,219.99000549316406,229.0,4300,0.0,0.0
2021-11-08 00:00:00-05:00,229.07000732421875,229.80999755859375,228.0,229.80999755859375,3200,0.0,0.0
2021-11-09 00:00:00-05:00,232.05999755859375,235.99000549316406,232.05999755859375,233.0,5300,0.0,0.0
2021-11-10 00:00:00-05:00,234.0,237.9499969482422,232.41000366210938,234.39999389648438,9000,0.0,0.0
2021-11-11 00:00:00-05:00,234.5,239.27999877929688,234.5,239.27999877929688,3600,0.0,0.0
2021-11-12 00:00:00-05:00,237.10000610351562,237.10000610351562,235.27999877929688,236.17999267578125,2600,0.0,0.0
2021-11-15 00:00:00-05:00,235.1300048828125,237.8000030517578,235.1300048828125,237.8000030517578,5800,0.0,0.0
2021-11-16 00:00:00-05:00,238.1999969482422,248.0,238.1999969482422,243.7100067138672,9000,0.0,0.0
2021-11-17 00:00:00-05:00,246.72999572753906,246.72999572753906,244.64999389648438,244.64999389648438,3600,0.0,0.0
2021-11-18 00:00:00-05:00,247.36000061035156,247.36000061035156,237.99000549316406,243.8000030517578,4700,0.0,0.0
2021-11-19 00:00:00-05:00,243.5,244.0,241.24000549316406,241.24000549316406,3800,0.0,0.0
2021-11-22 00:00:00-05:00,243.1199951171875,245.0,243.00999450683594,243.00999450683594,2800,0.0,0.0
2021-11-23 00:00:00-05:00,241.9499969482422,244.5,241.9499969482422,244.47000122070312,4700,0.0,0.0
2021-11-24 00:00:00-05:00,243.16000366210938,245.0,243.0,245.0,4200,0.0,0.0
2021-11-26 00:00:00-05:00,243.33999633789062,243.33999633789062,241.49000549316406,242.86000061035156,4400,0.0,0.0
2021-11-29 00:00:00-05:00,243.0,243.0,232.0,233.4199981689453,13400,0.0,0.0
2021-11-30 00:00:00-05:00,216.6999969482422,218.08999633789062,209.69000244140625,216.0,6000,0.0,0.0
2021-12-01 00:00:00-05:00,214.97999572753906,218.1199951171875,213.63999938964844,215.07000732421875,4700,0.0,0.0
2021-12-02 00:00:00-05:00,208.3300018310547,210.0,207.5,208.10000610351562,2100,0.0,0.0
2021-12-03 00:00:00-05:00,208.0,208.0,192.6999969482422,199.10000610351562,4900,0.0,0.0
2021-12-06 00:00:00-05:00,197.94000244140625,204.39999389648438,197.94000244140625,204.39999389648438,3000,0.0,0.0
2021-12-07 00:00:00-05:00,209.88999938964844,210.25,209.24000549316406,210.25,2700,0.0,0.0
2021-12-08 00:00:00-05:00,209.97999572753906,212.97999572753906,208.0,212.97999572753906,5500,0.0,0.0
2021-12-09 00:00:00-05:00,211.05999755859375,211.05999755859375,211.05999755859375,211.05999755859375,2600,0.0,0.0
2021-12-10 00:00:00-05:00,213.02000427246094,214.64999389648438,213.02000427246094,214.64999389648438,1500,0.0,0.0
2021-12-13 00:00:00-05:00,214.75,215.00999450683594,211.89999389648438,211.89999389648438,4000,0.0,0.0
2021-12-14 00:00:00-05:00,211.97999572753906,216.39999389648438,211.0,214.9499969482422,5800,0.0,0.0
2021-12-15 00:00:00-05:00,217.7899932861328,217.7899932861328,204.0,204.0,11300,0.0,0.0
2021-12-16 00:00:00-05:00,206.47000122070312,210.0,201.0,201.0,12900,0.0,0.0
2021-12-17 00:00:00-05:00,203.42999267578125,203.42999267578125,192.1999969482422,192.1999969482422,15700,0.0,0.0
2021-12-20 00:00:00-05:00,194.30999755859375,194.6199951171875,187.1199951171875,188.4199981689453,11100,0.0,0.0
2021-12-21 00:00:00-05:00,192.42999267578125,196.50999450683594,190.5,190.5,10900,0.0,0.0
2021-12-22 00:00:00-05:00,194.0,194.0,190.0,190.3800048828125,4100,0.0,0.0
2021-12-23 00:00:00-05:00,189.99000549316406,197.0,189.99000549316406,194.22000122070312,6500,0.0,0.0
2021-12-27 00:00:00-05:00,194.5399932861328,197.25999450683594,193.4499969482422,194.8699951171875,2900,0.0,0.0
2021-12-28 00:00:00-05:00,194.22999572753906,197.7899932861328,193.5,194.8000030517578,4300,0.0,0.0
2021-12-29 00:00:00-05:00,195.97000122070312,195.97000122070312,192.10000610351562,194.39999389648438,4600,0.0,0.0
2021-12-30 00:00:00-05:00,194.44000244140625,197.97000122070312,191.47000122070312,197.08999633789062,5400,0.0,0.0
2021-12-31 00:00:00-05:00,195.92999267578125,197.14999389648438,193.80999755859375,197.14999389648438,2100,0.0,0.0
2022-01-03 00:00:00-05:00,202.0,204.5,200.5800018310547,202.3000030517578,4300,0.0,0.0
2022-01-04 00:00:00-05:00,202.52000427246094,206.0,202.52000427246094,202.72999572753906,2000,0.0,0.0
2022-01-05 00:00:00-05:00,204.0,213.4499969482422,204.0,209.1199951171875,5700,0.0,0.0
2022-01-06 00:00:00-05:00,210.99000549316406,212.83999633789062,207.25,208.89999389648438,5200,0.0,0.0
2022-01-07 00:00:00-05:00,209.0,210.25,208.0800018310547,209.82000732421875,2700,0.0,0.0
2022-01-10 00:00:00-05:00,210.8800048828125,210.8800048828125,206.82000732421875,209.8000030517578,1300,0.0,0.0
2022-01-11 00:00:00-05:00,209.75,210.57000732421875,206.2899932861328,210.57000732421875,5400,0.0,0.0
2022-01-12 00:00:00-05:00,209.39999389648438,211.99000549316406,207.0500030517578,207.0500030517578,3000,0.0,0.0
2022-01-13 00:00:00-05:00,207.0500030517578,207.0500030517578,207.0500030517578,207.0500030517578,800,0.0,0.0
2022-01-14 00:00:00-05:00,208.60000610351562,208.99000549316406,208.60000610351562,208.99000549316406,600,0.0,0.0
2022-01-18 00:00:00-05:00,208.85000610351562,211.64999389648438,208.07000732421875,208.07000732421875,2400,0.0,0.0
2022-01-19 00:00:00-05:00,208.0,208.24000549316406,199.02999877929688,200.99000549316406,4500,0.0,0.0
2022-01-20 00:00:00-05:00,198.74000549316406,203.75999450683594,198.74000549316406,200.10000610351562,1100,0.0,0.0
2022-01-21 00:00:00-05:00,200.0,200.1699981689453,193.1199951171875,193.1199951171875,3300,0.0,0.0
2022-01-24 00:00:00-05:00,193.0,193.5,191.5,192.97999572753906,3400,0.0,0.0
2022-01-25 00:00:00-05:00,190.25,195.0500030517578,189.0,190.5500030517578,4200,0.0,0.0
2022-01-26 00:00:00-05:00,193.9199981689453,195.99000549316406,192.60000610351562,193.85000610351562,3900,0.0,0.0
2022-01-27 00:00:00-05:00,194.52999877929688,194.52999877929688,194.52999877929688,194.52999877929688,900,0.0,0.0
2022-01-28 00:00:00-05:00,196.4199981689453,196.4199981689453,196.4199981689453,196.4199981689453,600,0.0,0.0
2022-01-31 00:00:00-05:00,197.66000366210938,199.99000549316406,197.4199981689453,199.99000549316406,2100,0.0,0.0
2022-02-01 00:00:00-05:00,198.00999450683594,202.02000427246094,197.30999755859375,197.30999755859375,3700,0.0,0.0
2022-02-02 00:00:00-05:00,200.02000427246094,202.7899932861328,196.4199981689453,199.0,2700,0.0,0.0
2022-02-03 00:00:00-05:00,198.5,198.5,196.0,196.0,3700,0.0,0.0
2022-02-04 00:00:00-05:00,196.92999267578125,196.92999267578125,195.5,196.25,1500,0.0,0.0
2022-02-07 00:00:00-05:00,193.85000610351562,193.85000610351562,193.85000610351562,193.85000610351562,800,0.0,0.0
2022-02-08 00:00:00-05:00,196.85000610351562,196.85000610351562,195.22999572753906,196.85000610351562,4600,0.0,0.0
2022-02-09 00:00:00-05:00,200.33999633789062,200.33999633789062,197.5,197.57000732421875,1800,0.0,0.0
2022-02-10 00:00:00-05:00,194.0500030517578,194.0500030517578,191.99000549316406,193.39999389648438,4300,0.0,0.0
2022-02-11 00:00:00-05:00,193.0,196.6199951171875,192.0,192.52000427246094,1900,0.0,0.0
2022-02-14 00:00:00-05:00,194.9199981689453,198.0,194.9199981689453,197.25999450683594,2300,0.0,0.0
2022-02-15 00:00:00-05:00,197.5,202.02000427246094,197.5,202.02000427246094,1700,0.0,0.0
2022-02-16 00:00:00-05:00,198.75,198.75,198.0,198.3000030517578,1100,0.0,0.0
2022-02-17 00:00:00-05:00,194.52000427246094,194.52000427246094,194.52000427246094,194.52000427246094,800,0.0,0.0
2022-02-18 00:00:00-05:00,193.82000732421875,197.75,193.82000732421875,194.83999633789062,1000,0.0,0.0
2022-02-22 00:00:00-05:00,198.0,198.0,195.0,195.0,1300,0.0,0.0
2022-02-23 00:00:00-05:00,189.5,192.50999450683594,189.5,192.50999450683594,1600,0.0,0.0
2022-02-24 00:00:00-05:00,190.22000122070312,190.22000122070312,190.22000122070312,190.22000122070312,1500,0.0,0.0
2022-02-25 00:00:00-05:00,197.0,197.0,197.0,197.0,900,0.0,0.0
2022-02-28 00:00:00-05:00,194.0500030517578,194.0500030517578,190.0,191.5500030517578,3600,0.0,0.0
2022-03-01 00:00:00-05:00,189.0,189.0,187.0,187.0,2100,0.0,0.0
2022-03-02 00:00:00-05:00,189.1999969482422,194.0500030517578,189.1999969482422,193.9499969482422,2800,0.0,0.0
2022-03-03 00:00:00-05:00,194.35000610351562,194.35000610351562,194.35000610351562,194.35000610351562,700,0.0,0.0
2022-03-04 00:00:00-05:00,194.60000610351562,194.60000610351562,194.60000610351562,194.60000610351562,500,0.0,0.0
2022-03-07 00:00:00-05:00,193.6199951171875,193.6199951171875,192.47999572753906,192.89999389648438,1600,0.0,0.0
2022-03-08 00:00:00-05:00,192.85000610351562,200.9499969482422,192.3000030517578,196.3699951171875,3800,0.0,0.0
2022-03-09 00:00:00-05:00,200.8699951171875,200.8699951171875,195.4600067138672,197.0,1500,0.0,0.0
2022-03-10 00:00:00-05:00,198.50999450683594,198.50999450683594,198.50999450683594,198.50999450683594,3600,0.0,0.0
2022-03-11 00:00:00-05:00,200.0,200.0,194.63999938964844,194.63999938964844,900,0.0,0.0
2022-03-14 00:00:00-04:00,203.47999572753906,203.47999572753906,198.5,198.5,1100,0.0,0.0
2022-03-15 00:00:00-04:00,198.5500030517578,198.5500030517578,196.5,196.9499969482422,1400,0.0,0.0
2022-03-16 00:00:00-04:00,202.11000061035156,202.11000061035156,202.11000061035156,202.11000061035156,1000,0.0,0.0
2022-03-17 00:00:00-04:00,202.44000244140625,203.47999572753906,199.0,203.47999572753906,1800,0.0,0.0
2022-03-18 00:00:00-04:00,198.72999572753906,203.0,198.72999572753906,203.0,4800,0.0,0.0
2022-03-21 00:00:00-04:00,203.55999755859375,203.9499969482422,203.55999755859375,203.9499969482422,1200,0.0,0.0
2022-03-22 00:00:00-04:00,204.97999572753906,208.49000549316406,204.97999572753906,206.1999969482422,4000,0.0,0.0
2022-03-23 00:00:00-04:00,206.00999450683594,206.00999450683594,200.4199981689453,201.64999389648438,4200,0.0,0.0
2022-03-24 00:00:00-04:00,204.89999389648438,205.02000427246094,201.25,202.39999389648438,3100,0.0,0.0
2022-03-25 00:00:00-04:00,206.99000549316406,206.99000549316406,206.8800048828125,206.8800048828125,1100,0.0,0.0
2022-03-28 00:00:00-04:00,201.5399932861328,201.5399932861328,201.5399932861328,201.5399932861328,700,0.0,0.0
2022-03-29 00:00:00-04:00,204.60000610351562,210.0399932861328,204.49000549316406,208.61000061035156,5100,0.0,0.0
2022-03-30 00:00:00-04:00,208.0,210.39999389648438,205.5399932861328,205.5500030517578,2400,0.0,0.0
2022-03-31 00:00:00-04:00,203.2100067138672,203.2100067138672,200.07000732421875,203.2100067138672,2000,0.0,0.0
2022-04-01 00:00:00-04:00,201.80999755859375,204.25,201.80999755859375,204.25,1800,0.0,0.0
2022-04-04 00:00:00-04:00,207.0,207.88999938964844,205.1999969482422,205.75,2400,0.0,0.0
2022-04-05 00:00:00-04:00,203.1300048828125,203.1300048828125,203.1300048828125,203.1300048828125,900,0.0,0.0
2022-04-06 00:00:00-04:00,196.1699981689453,198.0,193.0,196.0,4600,0.0,0.0
2022-04-07 00:00:00-04:00,196.91000366210938,197.0,195.0,197.0,1000,0.0,0.0
2022-04-08 00:00:00-04:00,195.0,195.0,192.0,194.47999572753906,1400,0.0,0.0
2022-04-11 00:00:00-04:00,190.0,195.0,190.0,194.1699981689453,2100,0.0,0.0
2022-04-12 00:00:00-04:00,196.0,196.0,191.2899932861328,192.6999969482422,3400,0.0,0.0
2022-04-13 00:00:00-04:00,195.0,196.89999389648438,195.0,196.89999389648438,1400,0.0,0.0
2022-04-14 00:00:00-04:00,196.86000061035156,197.97000122070312,194.10000610351562,194.10000610351562,1200,0.0,0.0
2022-04-18 00:00:00-04:00,193.0,193.0,190.1999969482422,190.1999969482422,4700,0.0,0.0
2022-04-19 00:00:00-04:00,190.99000549316406,193.61000061035156,190.0,192.10000610351562,1500,0.0,0.0
2022-04-20 00:00:00-04:00,192.2100067138672,194.0399932861328,190.4600067138672,192.47999572753906,1600,0.0,0.0
2022-04-21 00:00:00-04:00,193.02999877929688,193.02999877929688,186.5500030517578,188.5399932861328,4100,0.0,0.0
2022-04-22 00:00:00-04:00,188.61000061035156,188.6199951171875,187.52999877929688,187.52999877929688,1200,0.0,0.0
2022-04-25 00:00:00-04:00,186.50999450683594,189.9600067138672,186.50999450683594,189.9600067138672,1300,0.0,0.0
2022-04-26 00:00:00-04:00,187.63999938964844,187.63999938964844,187.63999938964844,187.63999938964844,1200,0.0,0.0
2022-04-27 00:00:00-04:00,188.0,188.49000549316406,185.00999450683594,187.8000030517578,2000,0.0,0.0
2022-04-28 00:00:00-04:00,189.22999572753906,190.22000122070312,187.0,189.9499969482422,2300,0.0,0.0
2022-04-29 00:00:00-04:00,188.30999755859375,189.6999969482422,187.0,187.64999389648438,2600,0.0,0.0
2022-05-02 00:00:00-04:00,191.4600067138672,191.4600067138672,185.57000732421875,185.57000732421875,3500,0.0,0.0
2022-05-03 00:00:00-04:00,185.0,186.60000610351562,184.17999267578125,185.0,2500,0.0,0.0
2022-05-04 00:00:00-04:00,190.0,190.75,190.0,190.75,1600,0.0,0.0
2022-05-05 00:00:00-04:00,186.74000549316406,186.74000549316406,181.2899932861328,181.47999572753906,2900,0.0,0.0
2022-05-06 00:00:00-04:00,179.60000610351562,179.74000549316406,178.52999877929688,179.47999572753906,1600,0.0,0.0
2022-05-09 00:00:00-04:00,175.0,175.0,169.3699951171875,170.61000061035156,2500,0.0,0.0
2022-05-10 00:00:00-04:00,170.19000244140625,171.0,162.8699951171875,162.8699951171875,4400,0.0,0.0
2022-05-11 00:00:00-04:00,160.9600067138672,163.99000549316406,157.0,157.38999938964844,4200,0.0,0.0
2022-05-12 00:00:00-04:00,156.9600067138672,159.0,156.9600067138672,157.3000030517578,4600,0.0,0.0
2022-05-13 00:00:00-04:00,160.0,163.36000061035156,159.9600067138672,163.36000061035156,2100,0.0,0.0
2022-05-16 00:00:00-04:00,163.35000610351562,163.49000549316406,161.22999572753906,162.63999938964844,2400,0.0,0.0
2022-05-17 00:00:00-04:00,166.5,166.89999389648438,162.0,166.89999389648438,3000,0.0,0.0
2022-05-18 00:00:00-04:00,164.24000549316406,164.24000549316406,162.0500030517578,162.10000610351562,2000,0.0,0.0
2022-05-19 00:00:00-04:00,162.02000427246094,162.02000427246094,155.39999389648438,155.39999389648438,4700,0.0,0.0
2022-05-20 00:00:00-04:00,158.5,159.9499969482422,152.7100067138672,156.24000549316406,4000,0.0,0.0
2022-05-23 00:00:00-04:00,160.1699981689453,160.1699981689453,155.4199981689453,157.4499969482422,1600,0.0,0.0
2022-05-24 00:00:00-04:00,157.88999938964844,157.88999938964844,155.88999938964844,157.72999572753906,2100,0.0,0.0
2022-05-25 00:00:00-04:00,158.75,158.75,158.75,158.75,1000,0.0,0.0
2022-05-26 00:00:00-04:00,163.0,163.0,161.10000610351562,161.10000610351562,2500,0.0,0.0
2022-05-27 00:00:00-04:00,165.89999389648438,165.89999389648438,163.00999450683594,163.00999450683594,1000,0.0,0.0
2022-05-31 00:00:00-04:00,163.00999450683594,165.92999267578125,163.00999450683594,165.92999267578125,1000,0.0,0.0
2022-06-01 00:00:00-04:00,166.0,166.0,164.60000610351562,164.60000610351562,900,0.0,0.0
2022-06-02 00:00:00-04:00,167.0,167.0,165.97000122070312,166.97000122070312,2500,0.0,0.0
2022-06-03 00:00:00-04:00,165.86000061035156,165.86000061035156,165.86000061035156,165.86000061035156,2100,0.0,0.0
2022-06-06 00:00:00-04:00,163.39999389648438,163.39999389648438,161.8800048828125,161.8800048828125,1800,0.0,0.0
2022-06-07 00:00:00-04:00,162.0,162.0,162.0,162.0,1400,0.0,0.0
2022-06-08 00:00:00-04:00,159.25,161.92999267578125,158.99000549316406,158.99000549316406,2200,0.0,0.0
2022-06-09 00:00:00-04:00,160.02000427246094,160.02000427246094,158.49000549316406,158.49000549316406,1700,0.0,0.0
2022-06-10 00:00:00-04:00,154.75,154.75,154.75,154.75,1200,0.0,0.0
2022-06-13 00:00:00-04:00,151.25,151.25,144.3000030517578,146.0,4100,0.0,0.0
2022-06-14 00:00:00-04:00,146.0,150.0500030517578,146.0,150.0500030517578,1900,0.0,0.0
2022-06-15 00:00:00-04:00,149.5800018310547,155.0,149.0,154.5,2000,0.0,0.0
2022-06-16 00:00:00-04:00,153.88999938964844,153.88999938964844,149.38999938964844,149.6699981689453,2100,0.0,0.0
2022-06-17 00:00:00-04:00,151.8300018310547,157.35000610351562,149.0,155.41000366210938,2900,0.0,0.0
2022-06-21 00:00:00-04:00,153.7100067138672,157.0,149.42999267578125,152.61000061035156,2400,0.0,0.0
2022-06-22 00:00:00-04:00,152.69000244140625,152.69000244140625,152.69000244140625,152.69000244140625,2700,0.0,0.0
2022-06-23 00:00:00-04:00,152.00999450683594,153.88999938964844,152.0,153.42999267578125,2100,0.0,0.0
2022-06-24 00:00:00-04:00,152.0,157.66000366210938,152.0,157.66000366210938,6700,0.0,0.0
2022-06-27 00:00:00-04:00,153.77999877929688,153.77999877929688,153.77999877929688,153.77999877929688,1600,0.0,0.0
2022-06-28 00:00:00-04:00,152.41000366210938,152.41000366210938,152.41000366210938,152.41000366210938,800,0.0,0.0
2022-06-29 00:00:00-04:00,152.10000610351562,152.10000610351562,152.10000610351562,152.10000610351562,1000,0.0,0.0
2022-06-30 00:00:00-04:00,153.9199981689453,156.88999938964844,153.9199981689453,156.88999938964844,1600,0.0,0.0
2022-07-01 00:00:00-04:00,156.35000610351562,156.35000610351562,153.80999755859375,153.80999755859375,1500,0.0,0.0
2022-07-05 00:00:00-04:00,152.50999450683594,152.50999450683594,149.39999389648438,149.39999389648438,1300,0.0,0.0
2022-07-06 00:00:00-04:00,149.49000549316406,149.49000549316406,149.49000549316406,149.49000549316406,600,0.0,0.0
2022-07-07 00:00:00-04:00,151.0,151.0,150.39999389648438,150.39999389648438,1900,0.0,0.0
2022-07-08 00:00:00-04:00,152.0,152.0,150.44000244140625,150.44000244140625,1400,0.0,0.0
2022-07-11 00:00:00-04:00,148.7100067138672,150.0,148.5,148.5,1700,0.0,0.0
2022-07-12 00:00:00-04:00,148.0,149.5,144.4499969482422,145.5500030517578,5000,0.0,0.0
2022-07-13 00:00:00-04:00,143.17999267578125,145.3800048828125,143.07000732421875,144.0800018310547,2400,0.0,0.0
2022-07-14 00:00:00-04:00,141.4499969482422,143.6699981689453,141.4499969482422,142.25,2000,0.0,0.0
2022-07-15 00:00:00-04:00,143.0,144.52000427246094,142.25,142.5,5500,0.0,0.0
2022-07-18 00:00:00-04:00,142.5,142.5,137.07000732421875,138.3000030517578,5800,0.0,0.0
2022-07-19 00:00:00-04:00,142.3300018310547,142.89999389648438,141.0,141.25,3500,0.0,0.0
2022-07-20 00:00:00-04:00,142.5500030517578,148.22000122070312,142.5500030517578,145.89999389648438,5000,0.0,0.0
2022-07-21 00:00:00-04:00,146.52000427246094,147.9199981689453,145.27000427246094,146.75,1800,0.0,0.0
2022-07-22 00:00:00-04:00,143.33999633789062,145.5800018310547,141.8300018310547,142.3000030517578,2200,0.0,0.0
2022-07-25 00:00:00-04:00,141.49000549316406,143.8800048828125,140.5500030517578,140.5500030517578,4300,0.0,0.0
2022-07-26 00:00:00-04:00,140.0,142.0800018310547,138.6199951171875,138.7899932861328,1900,0.0,0.0
2022-07-27 00:00:00-04:00,139.25,140.0,136.7100067138672,139.97999572753906,3000,0.0,0.0
2022-07-28 00:00:00-04:00,141.36000061035156,143.60000610351562,140.8000030517578,143.55999755859375,3500,0.0,0.0
2022-07-29 00:00:00-04:00,145.9499969482422,149.0,145.9499969482422,149.0,1500,0.0,0.0
2022-08-01 00:00:00-04:00,152.8800048828125,152.8800048828125,149.9199981689453,149.9199981689453,1500,0.0,0.0
2022-08-02 00:00:00-04:00,151.5,152.2100067138672,151.5,152.2100067138672,2800,0.0,0.0
2022-08-03 00:00:00-04:00,152.0,155.00999450683594,152.0,153.39999389648438,5100,0.0,0.0
2022-08-04 00:00:00-04:00,157.24000549316406,157.24000549316406,156.89999389648438,156.89999389648438,2000,0.0,0.0
2022-08-05 00:00:00-04:00,155.02000427246094,155.02000427246094,140.91000366210938,145.99000549316406,10400,0.0,0.0
2022-08-08 00:00:00-04:00,151.91000366210938,159.3000030517578,151.32000732421875,159.3000030517578,2300,0.0,0.0
2022-08-09 00:00:00-04:00,161.97000122070312,161.97000122070312,154.60000610351562,156.11000061035156,2700,0.0,0.0
2022-08-10 00:00:00-04:00,156.47000122070312,162.0,155.9499969482422,158.35000610351562,5400,0.0,0.0
2022-08-11 00:00:00-04:00,163.9499969482422,164.38999938964844,162.89999389648438,162.89999389648438,1000,0.0,0.0
2022-08-12 00:00:00-04:00,163.0,168.61000061035156,163.0,167.5,3500,0.0,0.0
2022-08-15 00:00:00-04:00,167.17999267578125,168.97999572753906,167.0,168.5,2500,0.0,0.0
2022-08-16 00:00:00-04:00,167.22999572753906,167.6999969482422,165.97999572753906,166.8000030517578,3100,0.0,0.0
2022-08-17 00:00:00-04:00,168.30999755859375,168.30999755859375,162.11000061035156,163.52999877929688,1900,0.0,0.0
2022-08-18 00:00:00-04:00,167.91000366210938,167.91000366210938,165.3000030517578,165.3000030517578,600,0.0,0.0
2022-08-19 00:00:00-04:00,163.02000427246094,165.0,163.02000427246094,165.0,900,0.0,0.0
2022-08-22 00:00:00-04:00,160.05999755859375,160.05999755859375,160.05999755859375,160.05999755859375,2200,0.0,0.0
2022-08-23 00:00:00-04:00,157.2899932861328,157.4600067138672,155.6300048828125,155.6300048828125,1900,0.0,0.0
2022-08-24 00:00:00-04:00,160.0,160.0,158.3000030517578,158.3000030517578,700,0.0,0.0
2022-08-25 00:00:00-04:00,160.0,163.6999969482422,160.0,163.6999969482422,1000,0.0,0.0
2022-08-26 00:00:00-04:00,162.75,162.75,158.97999572753906,162.0,3600,0.0,0.0
2022-08-29 00:00:00-04:00,158.0,158.0,156.5,156.6199951171875,1800,0.0,0.0
2022-08-30 00:00:00-04:00,156.36000061035156,156.36000061035156,151.13999938964844,151.3000030517578,2300,0.0,0.0
2022-08-31 00:00:00-04:00,151.0,151.0,146.75,147.35000610351562,1100,0.0,0.0
2022-09-01 00:00:00-04:00,145.02000427246094,145.02000427246094,135.0,137.5,9300,0.0,0.0
2022-09-02 00:00:00-04:00,138.0,140.61000061035156,138.0,138.24000549316406,1900,0.0,0.0
2022-09-06 00:00:00-04:00,137.64999389648438,137.9499969482422,133.52000427246094,137.11000061035156,6100,0.0,0.0
2022-09-07 00:00:00-04:00,135.52000427246094,140.02000427246094,135.0,140.0,8800,0.0,0.0
2022-09-08 00:00:00-04:00,137.0500030517578,147.5,137.0500030517578,141.0,8200,0.0,0.0
2022-09-09 00:00:00-04:00,142.0,147.66000366210938,142.0,144.60000610351562,5000,0.0,0.0
2022-09-12 00:00:00-04:00,147.4499969482422,148.0,144.6300048828125,147.8300018310547,3100,0.0,0.0
2022-09-13 00:00:00-04:00,145.0,146.10000610351562,142.6300048828125,142.6300048828125,4100,0.0,0.0
2022-09-14 00:00:00-04:00,141.2100067138672,147.25,141.2100067138672,144.0500030517578,6000,0.0,0.0
2022-09-15 00:00:00-04:00,145.0,146.0,143.5800018310547,143.5800018310547,5400,0.0,0.0
2022-09-16 00:00:00-04:00,142.6199951171875,146.63999938964844,140.41000366210938,146.63999938964844,10100,0.0,0.0
2022-09-19 00:00:00-04:00,149.49000549316406,149.49000549316406,143.9199981689453,148.0,1800,0.0,0.0
2022-09-20 00:00:00-04:00,145.97999572753906,148.33999633789062,145.97999572753906,148.33999633789062,1800,0.0,0.0
2022-09-21 00:00:00-04:00,148.0,148.0,148.0,148.0,900,0.0,0.0
2022-09-22 00:00:00-04:00,147.99000549316406,147.99000549316406,143.5,143.5,4000,0.0,0.0
2022-09-23 00:00:00-04:00,141.6699981689453,143.75999450683594,139.02000427246094,143.1999969482422,5700,0.0,0.0
2022-09-26 00:00:00-04:00,144.13999938964844,145.2899932861328,144.13999938964844,144.47999572753906,1100,0.0,0.0
2022-09-27 00:00:00-04:00,145.3000030517578,151.82000732421875,142.19000244140625,142.19000244140625,2100,0.0,0.0
2022-09-28 00:00:00-04:00,143.07000732421875,145.33999633789062,143.0,144.4499969482422,3800,0.0,0.0
2022-09-29 00:00:00-04:00,140.02000427246094,150.5,140.02000427246094,142.64999389648438,2300,0.0,0.0
2022-09-30 00:00:00-04:00,141.0,141.0,141.0,141.0,900,0.0,0.0
2022-10-03 00:00:00-04:00,141.55999755859375,145.0,140.6199951171875,144.7899932861328,5100,0.0,0.0
2022-10-04 00:00:00-04:00,144.0,144.0,139.25,141.86000061035156,13500,0.0,0.0
2022-10-05 00:00:00-04:00,135.7899932861328,140.80999755859375,135.7899932861328,139.89999389648438,6000,0.0,0.0
2022-10-06 00:00:00-04:00,140.00999450683594,140.00999450683594,137.11000061035156,138.05999755859375,3500,0.0,0.0
2022-10-07 00:00:00-04:00,135.9600067138672,136.5,134.02000427246094,136.0,2600,0.0,0.0
2022-10-10 00:00:00-04:00,134.52999877929688,137.52999877929688,133.5500030517578,133.5500030517578,2100,0.0,0.0
2022-10-11 00:00:00-04:00,134.0,135.9499969482422,132.0500030517578,132.0500030517578,3200,0.0,0.0
2022-10-12 00:00:00-04:00,132.0,132.9600067138672,132.0,132.9600067138672,1100,0.0,0.0
2022-10-13 00:00:00-04:00,130.10000610351562,133.61000061035156,130.10000610351562,132.85000610351562,3900,0.0,0.0
2022-10-14 00:00:00-04:00,133.0,133.0,131.10000610351562,131.10000610351562,1600,0.0,0.0
2022-10-17 00:00:00-04:00,133.5500030517578,136.3000030517578,130.4499969482422,134.85000610351562,8400,0.0,0.0
2022-10-18 00:00:00-04:00,137.3000030517578,138.8800048828125,134.8800048828125,135.99000549316406,10200,0.0,0.0
2022-10-19 00:00:00-04:00,132.67999267578125,133.0,132.41000366210938,132.41000366210938,3100,0.0,0.0
2022-10-20 00:00:00-04:00,134.0,134.0,130.02999877929688,130.72999572753906,4900,0.0,0.0
2022-10-21 00:00:00-04:00,129.75,135.0,126.0,126.0,8800,0.0,0.0
2022-10-24 00:00:00-04:00,126.2300033569336,128.66000366210938,125.80000305175781,125.80000305175781,4900,0.0,0.0
2022-10-25 00:00:00-04:00,127.86000061035156,131.97999572753906,127.8499984741211,131.97999572753906,3000,0.0,0.0
2022-10-26 00:00:00-04:00,131.39999389648438,133.5,131.39999389648438,133.1699981689453,3200,0.0,0.0
2022-10-27 00:00:00-04:00,136.0,137.0,136.0,137.0,1000,0.0,0.0
2022-10-28 00:00:00-04:00,140.55999755859375,146.7100067138672,140.55999755859375,145.86000061035156,3300,0.0,0.0
2022-10-31 00:00:00-04:00,145.85000610351562,146.9499969482422,145.85000610351562,146.9499969482422,1200,0.0,0.0
2022-11-01 00:00:00-04:00,147.0,149.8000030517578,147.0,148.42999267578125,2600,0.0,0.0
2022-11-02 00:00:00-04:00,148.6699981689453,151.2899932861328,145.6199951171875,145.6199951171875,3800,0.0,0.0
2022-11-03 00:00:00-04:00,145.0,147.0,145.0,145.5,1400,0.0,0.0
2022-11-04 00:00:00-04:00,146.9600067138672,152.0500030517578,146.9600067138672,149.47999572753906,5800,0.0,0.0
2022-11-07 00:00:00-05:00,148.97999572753906,152.47999572753906,148.97999572753906,152.47999572753906,1700,0.0,0.0
2022-11-08 00:00:00-05:00,155.0,155.0,150.44000244140625,150.44000244140625,1800,0.0,0.0
2022-11-09 00:00:00-05:00,149.0,153.52999877929688,149.0,149.52000427246094,1000,0.0,0.0
2022-11-10 00:00:00-05:00,155.4199981689453,162.77999877929688,155.4199981689453,162.77999877929688,6400,0.0,0.0
2022-11-11 00:00:00-05:00,156.0,165.0,156.0,160.0,5000,0.0,0.0
2022-11-14 00:00:00-05:00,160.25,160.97999572753906,158.0,158.0,2400,0.0,0.0
2022-11-15 00:00:00-05:00,158.99000549316406,158.99000549316406,156.4199981689453,157.30999755859375,1500,0.0,0.0
2022-11-16 00:00:00-05:00,156.0,156.00999450683594,150.0,152.63999938964844,5200,0.0,0.0
2022-11-17 00:00:00-05:00,150.0399932861328,150.0399932861328,143.7899932861328,146.89999389648438,7700,0.0,0.0
2022-11-18 00:00:00-05:00,148.58999633789062,149.0,144.4499969482422,147.30999755859375,4200,0.0,0.0
2022-11-21 00:00:00-05:00,149.2100067138672,149.2100067138672,146.39999389648438,146.39999389648438,1100,0.0,0.0
2022-11-22 00:00:00-05:00,146.52999877929688,156.77999877929688,146.52999877929688,153.88999938964844,21400,0.0,0.0
2022-11-23 00:00:00-05:00,153.27000427246094,157.35000610351562,152.27999877929688,154.39999389648438,11300,0.0,0.0
2022-11-25 00:00:00-05:00,154.49000549316406,156.2899932861328,154.49000549316406,156.2899932861328,1900,0.0,0.0
2022-11-28 00:00:00-05:00,156.44000244140625,156.44000244140625,152.1999969482422,152.1999969482422,4600,0.0,0.0
2022-11-29 00:00:00-05:00,153.91000366210938,156.11000061035156,152.8300018310547,153.6999969482422,2900,0.0,0.0
2022-11-30 00:00:00-05:00,151.94000244140625,159.0,140.22000122070312,153.5399932861328,6300,0.0,0.0
2022-12-01 00:00:00-05:00,154.6199951171875,154.6199951171875,151.02999877929688,151.02999877929688,1500,0.0,0.0
2022-12-02 00:00:00-05:00,151.72000122070312,153.86000061035156,150.5,153.86000061035156,3300,0.0,0.0
2022-12-05 00:00:00-05:00,152.52000427246094,152.97999572753906,145.13999938964844,146.11000061035156,2900,0.0,0.0
2022-12-06 00:00:00-05:00,150.0,150.0,150.0,150.0,5200,0.0,0.0
2022-12-07 00:00:00-05:00,150.6999969482422,150.6999969482422,150.6999969482422,150.6999969482422,600,0.0,0.0
2022-12-08 00:00:00-05:00,151.89999389648438,153.97999572753906,151.89999389648438,153.97999572753906,1300,0.0,0.0
2022-12-09 00:00:00-05:00,151.75,151.75,151.75,151.75,500,0.0,0.0
2022-12-12 00:00:00-05:00,153.97000122070312,153.97000122070312,150.3800048828125,152.25,1400,0.0,0.0
2022-12-13 00:00:00-05:00,155.74000549316406,156.9499969482422,147.22000122070312,147.22000122070312,6500,0.0,0.0
2022-12-14 00:00:00-05:00,151.0,152.9600067138672,144.05999755859375,144.05999755859375,7300,0.0,0.0
2022-12-15 00:00:00-05:00,143.5800018310547,145.0,138.0,139.83999633789062,6100,0.0,0.0
2022-12-16 00:00:00-05:00,136.1999969482422,142.3000030517578,135.0,142.3000030517578,11000,0.0,0.0
2022-12-19 00:00:00-05:00,139.75,146.0,139.75,144.0,4800,0.0,0.0
2022-12-20 00:00:00-05:00,144.82000732421875,148.97999572753906,144.82000732421875,148.0,3600,0.0,0.0
2022-12-21 00:00:00-05:00,151.1999969482422,151.9499969482422,150.0,150.89999389648438,3000,0.0,0.0
2022-12-22 00:00:00-05:00,149.0500030517578,149.0500030517578,147.83999633789062,147.83999633789062,1000,0.0,0.0
2022-12-23 00:00:00-05:00,150.47000122070312,152.1699981689453,148.0,148.0,1300,0.0,0.0
2022-12-27 00:00:00-05:00,150.10000610351562,150.77999877929688,145.5,147.5500030517578,5000,0.0,0.0
2022-12-28 00:00:00-05:00,149.5,151.1999969482422,145.0,145.0,9500,0.0,0.0
2022-12-29 00:00:00-05:00,147.0399932861328,148.0,147.02000427246094,148.0,1800,0.0,0.0
2022-12-30 00:00:00-05:00,147.89999389648438,148.97999572753906,147.5,147.5500030517578,1700,0.0,0.0
2023-01-03 00:00:00-05:00,146.97999572753906,146.97999572753906,146.97999572753906,146.97999572753906,900,0.0,0.0
2023-01-04 00:00:00-05:00,150.0,150.0,150.0,150.0,1300,0.0,0.0
2023-01-05 00:00:00-05:00,148.27000427246094,148.27000427246094,148.27000427246094,148.27000427246094,600,0.0,0.0
2023-01-06 00:00:00-05:00,149.10000610351562,155.6999969482422,149.10000610351562,155.6999969482422,2100,0.0,0.0
2023-01-09 00:00:00-05:00,154.2100067138672,154.2100067138672,148.6999969482422,148.6999969482422,3400,0.0,0.0
2023-01-10 00:00:00-05:00,151.1999969482422,156.5,151.1999969482422,156.0,3300,0.0,0.0
2023-01-11 00:00:00-05:00,159.47999572753906,159.47999572753906,159.47999572753906,159.47999572753906,700,0.0,0.0
2023-01-12 00:00:00-05:00,160.0,160.0,158.8000030517578,159.44000244140625,2200,0.0,0.0
2023-01-13 00:00:00-05:00,156.5,160.4499969482422,156.0,159.75999450683594,5200,0.0,0.0
2023-01-17 00:00:00-05:00,161.36000061035156,161.36000061035156,157.75999450683594,157.75999450683594,900,0.0,0.0
2023-01-18 00:00:00-05:00,153.0,153.0,153.0,153.0,1100,0.0,0.0
2023-01-19 00:00:00-05:00,151.1699981689453,151.1699981689453,144.0,144.49000549316406,3000,0.0,0.0
2023-01-20 00:00:00-05:00,146.49000549316406,153.47999572753906,146.49000549316406,153.47999572753906,2000,0.0,0.0
2023-01-23 00:00:00-05:00,153.5,154.5,153.32000732421875,154.5,1700,0.0,0.0
2023-01-24 00:00:00-05:00,153.2100067138672,153.2100067138672,153.02999877929688,153.02999877929688,1400,0.0,0.0
2023-01-25 00:00:00-05:00,154.5,155.99000549316406,154.5,155.99000549316406,900,0.0,0.0
2023-01-26 00:00:00-05:00,156.0,157.25,155.0,156.5800018310547,1600,0.0,0.0
2023-01-27 00:00:00-05:00,153.8000030517578,156.75,153.8000030517578,156.75,1100,0.0,0.0
2023-01-30 00:00:00-05:00,155.57000732421875,158.0,154.0,154.0,1400,0.0,0.0
2023-01-31 00:00:00-05:00,157.99000549316406,162.0,157.9600067138672,162.0,2100,0.0,0.0
2023-02-01 00:00:00-05:00,163.8699951171875,167.83999633789062,163.83999633789062,164.77999877929688,2000,0.0,0.0
2023-02-02 00:00:00-05:00,167.5500030517578,167.5500030517578,164.77999877929688,164.77999877929688,3300,0.0,0.0
2023-02-03 00:00:00-05:00,166.0,166.0,158.5,158.5,2100,0.0,0.0
2023-02-06 00:00:00-05:00,155.0,158.4499969482422,155.0,156.5399932861328,1800,0.0,0.0
2023-02-07 00:00:00-05:00,158.0,161.60000610351562,158.0,161.60000610351562,1500,0.0,0.0
2023-02-08 00:00:00-05:00,155.1300048828125,155.1300048828125,155.1300048828125,155.1300048828125,600,0.0,0.0
2023-02-09 00:00:00-05:00,155.0,161.8300018310547,154.8000030517578,160.02000427246094,3000,0.0,0.0
2023-02-10 00:00:00-05:00,156.55999755859375,156.55999755859375,156.55999755859375,156.55999755859375,2900,0.0,0.0
2023-02-13 00:00:00-05:00,159.0,160.52999877929688,159.0,159.39999389648438,1300,0.0,0.0
2023-02-14 00:00:00-05:00,161.0,163.5,154.0,157.75,2900,0.0,0.0
2023-02-15 00:00:00-05:00,161.0,161.0,157.75,157.75,1100,0.0,0.0
2023-02-16 00:00:00-05:00,160.02000427246094,160.47999572753906,157.8000030517578,160.47999572753906,1900,0.0,0.0
2023-02-17 00:00:00-05:00,160.57000732421875,166.0,160.57000732421875,161.60000610351562,1500,0.0,0.0
2023-02-21 00:00:00-05:00,162.0,162.0500030517578,155.60000610351562,155.60000610351562,2600,0.0,0.0
2023-02-22 00:00:00-05:00,157.44000244140625,157.44000244140625,157.44000244140625,157.44000244140625,1200,0.0,0.0
2023-02-23 00:00:00-05:00,159.0,160.3800048828125,159.0,160.3800048828125,1800,0.0,0.0
2023-02-24 00:00:00-05:00,159.97000122070312,160.60000610351562,159.97000122070312,160.60000610351562,1900,0.0,0.0
2023-02-27 00:00:00-05:00,160.60000610351562,160.60000610351562,160.60000610351562,160.60000610351562,600,0.0,0.0
2023-02-28 00:00:00-05:00,161.5,163.35000610351562,161.5,163.35000610351562,1500,0.0,0.0
2023-03-01 00:00:00-05:00,163.5,163.5,157.5,157.5,2400,0.0,0.0
2023-03-02 00:00:00-05:00,158.25,159.5800018310547,158.25,159.5800018310547,1400,0.0,0.0
2023-03-03 00:00:00-05:00,157.67999267578125,159.9499969482422,156.66000366210938,156.66000366210938,3200,0.0,0.0
2023-03-06 00:00:00-05:00,158.55999755859375,158.55999755859375,150.1999969482422,150.1999969482422,14400,0.0,0.0
2023-03-07 00:00:00-05:00,150.99000549316406,155.0,147.0,147.0,3900,0.0,0.0
2023-03-08 00:00:00-05:00,149.1699981689453,149.1699981689453,147.92999267578125,147.92999267578125,1700,0.0,0.0
2023-03-09 00:00:00-05:00,145.02999877929688,145.10000610351562,145.02999877929688,145.10000610351562,1400,0.0,0.0
2023-03-10 00:00:00-05:00,145.0,145.0,138.25,143.99000549316406,2000,0.0,0.0
2023-03-13 00:00:00-04:00,145.0,145.0,144.42999267578125,144.42999267578125,2400,0.0,0.0
2023-03-14 00:00:00-04:00,147.1199951171875,147.1199951171875,147.1199951171875,147.1199951171875,1500,0.0,0.0
2023-03-15 00:00:00-04:00,146.44000244140625,147.30999755859375,146.44000244140625,147.30999755859375,1600,0.0,0.0
2023-03-16 00:00:00-04:00,144.57000732421875,153.80999755859375,141.57000732421875,147.99000549316406,7600,0.0,0.0
2023-03-17 00:00:00-04:00,146.5800018310547,146.5800018310547,140.0,140.0,7000,0.0,0.0
2023-03-20 00:00:00-04:00,142.4199981689453,145.8000030517578,142.4199981689453,143.3000030517578,5200,0.0,0.0
2023-03-21 00:00:00-04:00,149.55999755859375,150.7899932861328,148.60000610351562,150.7899932861328,2400,0.0,0.0
2023-03-22 00:00:00-04:00,149.99000549316406,150.0,146.97999572753906,146.97999572753906,1400,0.0,0.0
2023-03-23 00:00:00-04:00,149.1199951171875,149.1199951171875,146.35000610351562,147.47000122070312,2200,0.0,0.0
2023-03-24 00:00:00-04:00,144.11000061035156,146.74000549316406,144.10000610351562,146.74000549316406,4600,0.0,0.0
2023-03-27 00:00:00-04:00,147.9600067138672,148.1699981689453,147.69000244140625,148.1699981689453,2400,0.0,0.0
2023-03-28 00:00:00-04:00,149.27000427246094,149.27000427246094,147.88999938964844,147.88999938964844,1800,0.0,0.0
2023-03-29 00:00:00-04:00,145.47000122070312,151.02999877929688,145.47000122070312,151.0,5100,0.0,0.0
2023-03-30 00:00:00-04:00,152.27999877929688,152.27999877929688,151.63999938964844,151.63999938964844,600,0.0,0.0
2023-03-31 00:00:00-04:00,151.0,151.0,151.0,151.0,1200,0.0,0.0
2023-04-03 00:00:00-04:00,154.89999389648438,154.89999389648438,154.89999389648438,154.89999389648438,800,0.0,0.0
2023-04-04 00:00:00-04:00,151.0,151.0,151.0,151.0,900,0.0,0.0
2023-04-05 00:00:00-04:00,150.7899932861328,150.7899932861328,150.7899932861328,150.7899932861328,1200,0.0,0.0
2023-04-06 00:00:00-04:00,148.85000610351562,148.85000610351562,148.85000610351562,148.85000610351562,700,0.0,0.0
2023-04-10 00:00:00-04:00,147.25,147.25,147.25,147.25,1900,0.0,0.0
2023-04-11 00:00:00-04:00,147.0,147.1999969482422,147.0,147.1999969482422,2000,0.0,0.0
2023-04-12 00:00:00-04:00,147.8000030517578,147.8000030517578,147.8000030517578,147.8000030517578,800,0.0,0.0
2023-04-13 00:00:00-04:00,148.77999877929688,148.77999877929688,148.77999877929688,148.77999877929688,900,0.0,0.0
2023-04-14 00:00:00-04:00,149.0,149.3000030517578,149.0,149.3000030517578,900,0.0,0.0
2023-04-17 00:00:00-04:00,150.0,150.0,148.1999969482422,148.1999969482422,1100,0.0,0.0
2023-04-18 00:00:00-04:00,149.0,149.0,147.14999389648438,147.14999389648438,1600,0.0,0.0
2023-04-19 00:00:00-04:00,147.0,147.2100067138672,147.0,147.2100067138672,1200,0.0,0.0
2023-04-20 00:00:00-04:00,147.0,147.3699951171875,145.0,147.3699951171875,5200,0.0,0.0
2023-04-21 00:00:00-04:00,145.75,148.0,145.75,146.63999938964844,1400,0.0,0.0
2023-04-24 00:00:00-04:00,146.9600067138672,146.9600067138672,146.74000549316406,146.74000549316406,1800,0.0,0.0
2023-04-25 00:00:00-04:00,147.0,147.1699981689453,147.0,147.1699981689453,700,0.0,0.0
2023-04-26 00:00:00-04:00,147.0,147.0,147.0,147.0,900,0.0,0.0
2023-04-27 00:00:00-04:00,146.5,148.9600067138672,145.02999877929688,148.9600067138672,3500,0.0,0.0
2023-04-28 00:00:00-04:00,148.77999877929688,148.77999877929688,148.77999877929688,148.77999877929688,900,0.0,0.0
2023-05-01 00:00:00-04:00,146.25,146.25,146.25,146.25,700,0.0,0.0
2023-05-02 00:00:00-04:00,147.0,147.0,146.00999450683594,146.00999450683594,900,0.0,0.0
2023-05-03 00:00:00-04:00,147.0,150.0,144.39999389648438,144.39999389648438,3000,0.0,0.0
2023-05-04 00:00:00-04:00,144.63999938964844,146.11000061035156,143.5,144.6999969482422,4800,0.0,0.0
2023-05-05 00:00:00-04:00,141.99000549316406,146.0,141.99000549316406,146.0,3300,0.0,0.0
2023-05-08 00:00:00-04:00,143.35000610351562,144.1999969482422,140.83999633789062,143.75,2600,0.0,0.0
2023-05-09 00:00:00-04:00,143.85000610351562,143.85000610351562,141.32000732421875,141.32000732421875,1400,0.0,0.0
2023-05-10 00:00:00-04:00,143.83999633789062,143.83999633789062,143.83999633789062,143.83999633789062,1000,0.0,0.0
2023-05-11 00:00:00-04:00,142.77000427246094,142.77000427246094,141.6300048828125,142.1999969482422,1100,0.0,0.0
2023-05-12 00:00:00-04:00,143.38999938964844,143.38999938964844,143.38999938964844,143.38999938964844,800,0.0,0.0
2023-05-15 00:00:00-04:00,144.16000366210938,144.16000366210938,142.64999389648438,142.64999389648438,900,0.0,0.0
2023-05-16 00:00:00-04:00,140.10000610351562,140.10000610351562,140.10000610351562,140.10000610351562,800,0.0,0.0
2023-05-17 00:00:00-04:00,141.64999389648438,141.64999389648438,141.64999389648438,141.64999389648438,900,0.0,0.0
2023-05-18 00:00:00-04:00,141.99000549316406,141.99000549316406,139.35000610351562,139.35000610351562,2500,0.0,0.0
2023-05-19 00:00:00-04:00,141.24000549316406,144.89999389648438,141.24000549316406,141.5,5700,0.0,0.0
2023-05-22 00:00:00-04:00,140.63999938964844,142.74000549316406,139.60000610351562,139.60000610351562,7000,0.0,0.0
2023-05-23 00:00:00-04:00,139.60000610351562,140.0,137.35000610351562,137.6999969482422,5400,0.0,0.0
2023-05-24 00:00:00-04:00,136.3000030517578,139.99000549316406,136.02000427246094,136.02000427246094,2200,0.0,0.0
2023-05-25 00:00:00-04:00,136.85000610351562,137.00999450683594,135.50999450683594,137.00999450683594,2300,0.0,0.0
2023-05-26 00:00:00-04:00,137.0,137.8000030517578,135.6999969482422,137.8000030517578,900,0.0,0.0
2023-05-30 00:00:00-04:00,138.6699981689453,138.6699981689453,135.5399932861328,135.5399932861328,3300,0.0,0.0
2023-05-31 00:00:00-04:00,132.5500030517578,132.5500030517578,132.5500030517578,132.5500030517578,1200,0.0,0.0
2023-06-01 00:00:00-04:00,133.82000732421875,134.0,133.77000427246094,133.77000427246094,2400,0.0,0.0
2023-06-02 00:00:00-04:00,133.8000030517578,138.32000732421875,133.77000427246094,135.10000610351562,6700,0.0,0.0
2023-06-05 00:00:00-04:00,135.5500030517578,136.17999267578125,135.5500030517578,135.69000244140625,1800,0.0,0.0
2023-06-06 00:00:00-04:00,136.0,139.99000549316406,136.0,136.97999572753906,5100,0.0,0.0
2023-06-07 00:00:00-04:00,137.5,139.9499969482422,136.33999633789062,137.97999572753906,7100,0.0,0.0
2023-06-08 00:00:00-04:00,139.8800048828125,139.8800048828125,138.8000030517578,138.8000030517578,1800,0.0,0.0
2023-06-09 00:00:00-04:00,137.3699951171875,137.3699951171875,136.3699951171875,136.3699951171875,1400,0.0,0.0
2023-06-12 00:00:00-04:00,137.0,137.0,136.10000610351562,136.10000610351562,2400,0.0,0.0
2023-06-13 00:00:00-04:00,137.0399932861328,137.99000549316406,136.08999633789062,136.08999633789062,7800,0.0,0.0
2023-06-14 00:00:00-04:00,135.66000366210938,135.66000366210938,135.66000366210938,135.66000366210938,1600,0.0,0.0
2023-06-15 00:00:00-04:00,139.38999938964844,139.5,135.5,138.94000244140625,3500,0.0,0.0
2023-06-16 00:00:00-04:00,139.72000122070312,139.97000122070312,137.0,137.0,3300,0.0,0.0
2023-06-20 00:00:00-04:00,138.1199951171875,138.60000610351562,136.5500030517578,136.5500030517578,3800,0.0,0.0
2023-06-21 00:00:00-04:00,136.5,137.49000549316406,136.00999450683594,136.0500030517578,1900,0.0,0.0
2023-06-22 00:00:00-04:00,135.00999450683594,135.00999450683594,130.97000122070312,131.14999389648438,3200,0.0,0.0
2023-06-23 00:00:00-04:00,132.80999755859375,132.85000610351562,131.3000030517578,131.99000549316406,15700,0.0,0.0
2023-06-26 00:00:00-04:00,131.6699981689453,131.6699981689453,131.6699981689453,131.6699981689453,1300,0.0,0.0
2023-06-27 00:00:00-04:00,132.30999755859375,133.08999633789062,132.30999755859375,132.64999389648438,2800,0.0,0.0
2023-06-28 00:00:00-04:00,134.3800048828125,134.3800048828125,131.0,131.89999389648438,4200,0.0,0.0
2023-06-29 00:00:00-04:00,133.94000244140625,138.1999969482422,133.94000244140625,138.1999969482422,5700,0.0,0.0
2023-06-30 00:00:00-04:00,139.1999969482422,147.72999572753906,139.1999969482422,146.0,14500,0.0,0.0
2023-07-03 00:00:00-04:00,146.52000427246094,147.0,146.1999969482422,147.0,2500,0.0,0.0
2023-07-05 00:00:00-04:00,147.0,148.80999755859375,146.52000427246094,147.5,4700,0.0,0.0
2023-07-06 00:00:00-04:00,147.0,150.32000732421875,146.6999969482422,150.00999450683594,7300,0.0,0.0
2023-07-07 00:00:00-04:00,149.97999572753906,153.25,148.77000427246094,150.97999572753906,9300,0.0,0.0
2023-07-10 00:00:00-04:00,151.0,151.0,149.97999572753906,150.0,5200,0.0,0.0
2023-07-11 00:00:00-04:00,150.0,150.9600067138672,149.6999969482422,150.9600067138672,9000,0.0,0.0
2023-07-12 00:00:00-04:00,150.0,150.0,150.0,150.0,2400,0.0,0.0
2023-07-13 00:00:00-04:00,149.42999267578125,149.42999267578125,149.42999267578125,149.42999267578125,1400,0.0,0.0
2023-07-14 00:00:00-04:00,149.52999877929688,151.44000244140625,148.3300018310547,150.0,2100,0.0,0.0
2023-07-17 00:00:00-04:00,152.11000061035156,152.99000549316406,150.72999572753906,151.10000610351562,2000,0.0,0.0
2023-07-18 00:00:00-04:00,152.5,152.5,149.00999450683594,149.85000610351562,3700,0.0,0.0
2023-07-19 00:00:00-04:00,151.39999389648438,151.39999389648438,149.92999267578125,150.1699981689453,2300,0.0,0.0
2023-07-20 00:00:00-04:00,151.00999450683594,151.00999450683594,150.52999877929688,150.52999877929688,1700,0.0,0.0
2023-07-21 00:00:00-04:00,150.32000732421875,150.32000732421875,150.24000549316406,150.24000549316406,1000,0.0,0.0
2023-07-24 00:00:00-04:00,151.8000030517578,151.8000030517578,151.8000030517578,151.8000030517578,1300,0.0,0.0
2023-07-25 00:00:00-04:00,151.5800018310547,151.5800018310547,151.5800018310547,151.5800018310547,700,0.0,0.0
2023-07-26 00:00:00-04:00,153.47999572753906,153.47999572753906,153.47999572753906,153.47999572753906,1400,0.0,0.0
2023-07-27 00:00:00-04:00,151.0,153.0,150.6999969482422,153.0,5800,0.0,0.0
2023-07-28 00:00:00-04:00,152.60000610351562,154.02000427246094,152.60000610351562,154.02000427246094,800,0.0,0.0
2023-07-31 00:00:00-04:00,156.5500030517578,156.5500030517578,156.5500030517578,156.5500030517578,1800,0.0,0.0
2023-08-01 00:00:00-04:00,158.64999389648438,158.64999389648438,158.64999389648438,158.64999389648438,900,0.0,0.0
2023-08-02 00:00:00-04:00,157.61000061035156,157.61000061035156,157.61000061035156,157.61000061035156,1000,0.0,0.0
2023-08-03 00:00:00-04:00,156.61000061035156,156.61000061035156,154.02000427246094,154.02000427246094,1100,0.0,0.0
2023-08-04 00:00:00-04:00,156.80999755859375,156.80999755859375,152.72000122070312,152.72000122070312,1300,0.0,0.0
2023-08-07 00:00:00-04:00,155.39999389648438,155.39999389648438,153.5,155.0,1700,0.0,0.0
2023-08-08 00:00:00-04:00,156.0,156.0,155.14999389648438,155.14999389648438,1400,0.0,0.0
2023-08-09 00:00:00-04:00,156.8000030517578,156.8000030517578,156.0,156.33999633789062,2200,0.0,0.0
2023-08-10 00:00:00-04:00,156.50999450683594,157.38999938964844,154.25,154.42999267578125,2100,0.0,0.0
2023-08-11 00:00:00-04:00,151.89999389648438,151.89999389648438,151.89999389648438,151.89999389648438,1100,0.0,0.0
2023-08-14 00:00:00-04:00,154.02999877929688,154.0500030517578,152.63999938964844,152.63999938964844,1100,0.0,0.0
2023-08-15 00:00:00-04:00,149.07000732421875,149.07000732421875,149.07000732421875,149.07000732421875,800,0.0,0.0
2023-08-16 00:00:00-04:00,150.99000549316406,150.99000549316406,150.99000549316406,150.99000549316406,1300,0.0,0.0
2023-08-17 00:00:00-04:00,151.0,151.1999969482422,149.05999755859375,149.05999755859375,1800,0.0,0.0
2023-08-18 00:00:00-04:00,150.99000549316406,152.1999969482422,150.99000549316406,152.1999969482422,3200,0.0,0.0
2023-08-21 00:00:00-04:00,152.0,152.0,146.75,146.75,4200,0.0,0.0
2023-08-22 00:00:00-04:00,149.75,150.99000549316406,149.13999938964844,149.13999938964844,2900,0.0,0.0
2023-08-23 00:00:00-04:00,148.49000549316406,151.97000122070312,146.02999877929688,151.64999389648438,7500,0.0,0.0
2023-08-24 00:00:00-04:00,150.5,150.5,147.89999389648438,147.89999389648438,10100,0.0,0.0
2023-08-25 00:00:00-04:00,149.7899932861328,149.7899932861328,149.7899932861328,149.7899932861328,1200,0.0,0.0
2023-08-28 00:00:00-04:00,148.5,148.5,148.5,148.5,1400,0.0,0.0
2023-08-29 00:00:00-04:00,151.72999572753906,151.72999572753906,151.72999572753906,151.72999572753906,700,0.0,0.0
2023-08-30 00:00:00-04:00,151.49000549316406,152.0,150.6199951171875,151.42999267578125,1500,0.0,0.0
2023-08-31 00:00:00-04:00,151.0,151.0,143.88999938964844,143.88999938964844,3200,0.0,0.0
2023-09-01 00:00:00-04:00,146.05999755859375,146.05999755859375,146.05999755859375,146.05999755859375,1000,0.0,0.0
2023-09-05 00:00:00-04:00,146.22999572753906,146.22999572753906,146.22999572753906,146.22999572753906,1800,0.0,0.0
2023-09-06 00:00:00-04:00,148.7100067138672,148.7100067138672,146.8000030517578,146.8000030517578,2600,0.0,0.0
2023-09-07 00:00:00-04:00,147.0,148.2100067138672,147.0,147.0,6700,0.0,0.0
2023-09-08 00:00:00-04:00,148.0800018310547,148.0800018310547,148.0800018310547,148.0800018310547,600,0.0,0.0
2023-09-11 00:00:00-04:00,148.24000549316406,148.24000549316406,148.24000549316406,148.24000549316406,1200,0.0,0.0
2023-09-12 00:00:00-04:00,149.27999877929688,150.24000549316406,149.27999877929688,150.24000549316406,2100,0.0,0.0
2023-09-13 00:00:00-04:00,150.5500030517578,150.5500030517578,149.22999572753906,149.22999572753906,1900,0.0,0.0
2023-09-14 00:00:00-04:00,149.5,149.88999938964844,149.5,149.88999938964844,1400,0.0,0.0
2023-09-15 00:00:00-04:00,149.97999572753906,152.25,149.97999572753906,152.25,6700,0.0,0.0
2023-09-18 00:00:00-04:00,152.39999389648438,152.4499969482422,149.60000610351562,149.60000610351562,1600,0.0,0.0
2023-09-19 00:00:00-04:00,149.0,149.0,149.0,149.0,1100,0.0,0.0
2023-09-20 00:00:00-04:00,149.10000610351562,149.10000610351562,149.0,149.0,1300,0.0,0.0
2023-09-21 00:00:00-04:00,149.0500030517578,150.55999755859375,149.0,149.1999969482422,7400,0.0,0.0
2023-09-22 00:00:00-04:00,145.02999877929688,149.8000030517578,145.02999877929688,146.4499969482422,900,0.0,0.0
2023-09-25 00:00:00-04:00,148.8000030517578,148.8000030517578,147.60000610351562,148.67999267578125,1500,0.0,0.0
2023-09-26 00:00:00-04:00,148.8000030517578,148.8000030517578,144.72000122070312,144.72000122070312,8700,0.0,0.0
2023-09-27 00:00:00-04:00,144.72000122070312,144.72000122070312,144.5,144.5,2000,0.0,0.0
2023-09-28 00:00:00-04:00,145.5,147.75999450683594,144.8000030517578,147.75999450683594,1700,0.0,0.0
2023-09-29 00:00:00-04:00,148.08999633789062,148.08999633789062,148.08999633789062,148.08999633789062,600,0.0,0.0
2023-10-02 00:00:00-04:00,147.35000610351562,147.35000610351562,146.5,146.5,900,0.0,0.0
2023-10-03 00:00:00-04:00,148.5,149.75999450683594,144.8800048828125,145.0,6700,0.0,0.0
2023-10-04 00:00:00-04:00,145.0,145.0,140.9499969482422,144.39999389648438,6500,0.0,0.0
2023-10-05 00:00:00-04:00,142.0,145.77999877929688,140.69000244140625,144.1999969482422,4800,0.0,0.0
2023-10-06 00:00:00-04:00,143.0,148.69000244140625,142.35000610351562,145.50999450683594,6600,0.0,0.0
2023-10-09 00:00:00-04:00,143.1999969482422,145.6999969482422,143.1999969482422,145.39999389648438,3800,0.0,0.0
2023-10-10 00:00:00-04:00,145.0,148.85000610351562,145.0,147.8000030517578,5400,0.0,0.0
2023-10-11 00:00:00-04:00,147.0,149.75999450683594,145.0,147.13999938964844,5900,0.0,0.0
2023-10-12 00:00:00-04:00,146.4600067138672,147.1999969482422,144.24000549316406,145.75,6900,0.0,0.0
2023-10-13 00:00:00-04:00,145.75,146.0,142.1300048828125,144.39999389648438,7700,0.0,0.0
2023-10-16 00:00:00-04:00,145.25,145.8000030517578,143.5,144.05999755859375,6500,0.0,0.0
2023-10-17 00:00:00-04:00,142.72999572753906,143.8800048828125,142.50999450683594,143.3000030517578,6700,0.0,0.0
2023-10-18 00:00:00-04:00,142.3300018310547,144.75999450683594,140.33999633789062,140.33999633789062,3200,0.0,0.0
2023-10-19 00:00:00-04:00,140.49000549316406,141.60000610351562,139.66000366210938,140.39999389648438,9300,0.0,0.0
2023-10-20 00:00:00-04:00,141.5,142.75999450683594,140.69000244140625,140.69000244140625,3700,0.0,0.0
2023-10-23 00:00:00-04:00,140.5,140.5,137.02000427246094,138.3699951171875,2700,0.0,0.0
2023-10-24 00:00:00-04:00,139.39999389648438,139.39999389648438,133.4499969482422,136.0,6300,0.0,0.0
2023-10-25 00:00:00-04:00,135.22999572753906,136.6300048828125,128.52999877929688,131.3000030517578,5800,0.0,0.0
2023-10-26 00:00:00-04:00,132.1199951171875,132.1199951171875,127.70999908447266,130.8800048828125,12000,0.0,0.0
2023-10-27 00:00:00-04:00,130.89999389648438,132.74000549316406,130.89999389648438,131.5399932861328,3700,0.0,0.0
2023-10-30 00:00:00-04:00,132.97000122070312,140.77999877929688,128.99000549316406,140.77999877929688,12200,0.0,0.0
2023-10-31 00:00:00-04:00,136.55999755859375,143.80999755859375,136.55999755859375,143.80999755859375,4000,0.0,0.0
2023-11-01 00:00:00-04:00,145.5399932861328,145.5399932861328,145.5399932861328,145.5399932861328,1700,0.0,0.0
2023-11-02 00:00:00-04:00,145.74000549316406,146.83999633789062,145.74000549316406,146.83999633789062,2500,0.0,0.0
2023-11-03 00:00:00-04:00,149.38999938964844,149.9499969482422,149.3800048828125,149.9499969482422,2400,0.0,0.0
2023-11-06 00:00:00-05:00,145.22000122070312,145.22000122070312,143.57000732421875,143.57000732421875,2700,0.0,0.0
2023-11-07 00:00:00-05:00,145.5399932861328,147.3300018310547,144.10000610351562,146.4600067138672,4700,0.0,0.0
2023-11-08 00:00:00-05:00,148.10000610351562,149.89999389648438,147.6999969482422,149.89999389648438,3500,0.0,0.0
2023-11-09 00:00:00-05:00,148.1999969482422,148.1999969482422,148.1999969482422,148.1999969482422,1700,0.0,0.0
2023-11-10 00:00:00-05:00,149.88999938964844,149.88999938964844,148.00999450683594,149.82000732421875,2100,0.0,0.0
2023-11-13 00:00:00-05:00,149.0,149.00999450683594,148.83999633789062,149.00999450683594,3000,0.0,0.0
2023-11-14 00:00:00-05:00,149.8000030517578,152.25,147.02000427246094,152.24000549316406,6100,0.0,0.0
2023-11-15 00:00:00-05:00,148.8000030517578,148.8000030517578,148.8000030517578,148.8000030517578,1300,0.0,0.0
2023-11-16 00:00:00-05:00,150.1699981689453,150.1699981689453,150.1699981689453,150.1699981689453,1400,0.0,0.0
2023-11-17 00:00:00-05:00,152.61000061035156,152.61000061035156,152.49000549316406,152.49000549316406,2000,0.0,0.0
2023-11-20 00:00:00-05:00,151.47000122070312,151.5,147.75999450683594,147.75999450683594,2200,0.0,0.0
2023-11-21 00:00:00-05:00,147.0,147.13999938964844,147.0,147.13999938964844,1800,0.0,0.0
2023-11-22 00:00:00-05:00,150.0,150.0500030517578,150.0,150.02999877929688,1300,0.0,0.0
2023-11-24 00:00:00-05:00,150.02999877929688,150.02999877929688,150.02999877929688,150.02999877929688,500,0.0,0.0
2023-11-27 00:00:00-05:00,155.0,156.97999572753906,151.8000030517578,153.30999755859375,5700,0.0,0.0
2023-11-28 00:00:00-05:00,152.0,157.5,150.0,150.25999450683594,2200,0.0,0.0
2023-11-29 00:00:00-05:00,154.00999450683594,154.00999450683594,154.00999450683594,154.00999450683594,1500,0.0,0.0
2023-11-30 00:00:00-05:00,151.07000732421875,152.5,151.07000732421875,151.2100067138672,3700,0.0,0.0
2023-12-01 00:00:00-05:00,154.10000610351562,154.10000610351562,154.10000610351562,154.10000610351562,1300,0.0,0.0
2023-12-04 00:00:00-05:00,151.42999267578125,153.9600067138672,151.42999267578125,153.0,1300,0.0,0.0
2023-12-05 00:00:00-05:00,154.13999938964844,154.13999938964844,151.08999633789062,151.08999633789062,1500,0.0,0.0
2023-12-06 00:00:00-05:00,152.0,152.5800018310547,145.0,145.0,4900,0.0,0.0
2023-12-07 00:00:00-05:00,145.0,146.10000610351562,141.41000366210938,143.64999389648438,3100,0.0,0.0
2023-12-08 00:00:00-05:00,146.97999572753906,146.97999572753906,146.97999572753906,146.97999572753906,800,0.0,0.0
2023-12-11 00:00:00-05:00,147.5,147.5,147.5,147.5,900,0.0,0.0
2023-12-12 00:00:00-05:00,145.5,145.5,144.5399932861328,144.5399932861328,2200,0.0,0.0
2023-12-13 00:00:00-05:00,145.0,153.3300018310547,143.0,153.3300018310547,14200,0.0,0.0
2023-12-14 00:00:00-05:00,155.3800048828125,159.91000366210938,155.3800048828125,156.0,4500,0.0,0.0
2023-12-15 00:00:00-05:00,155.22999572753906,155.22999572753906,150.99000549316406,153.41000366210938,6000,0.0,0.0
2023-12-18 00:00:00-05:00,155.10000610351562,155.66000366210938,153.33999633789062,153.33999633789062,2100,0.0,0.0
2023-12-19 00:00:00-05:00,156.39999389648438,166.8800048828125,156.39999389648438,161.0399932861328,8500,0.0,0.0
2023-12-20 00:00:00-05:00,165.2899932861328,165.2899932861328,164.36000061035156,164.49000549316406,5300,0.0,0.0
2023-12-21 00:00:00-05:00,164.8699951171875,164.8699951171875,160.00999450683594,164.42999267578125,4500,0.0,0.0
2023-12-22 00:00:00-05:00,166.5800018310547,166.5800018310547,161.86000061035156,162.38999938964844,2800,0.0,0.0
2023-12-26 00:00:00-05:00,162.5,162.5,162.5,162.5,2200,0.0,0.0
2023-12-27 00:00:00-05:00,162.5,164.9499969482422,162.5,164.9499969482422,1300,0.0,0.0
2023-12-28 00:00:00-05:00,162.8000030517578,162.8000030517578,162.8000030517578,162.8000030517578,1300,0.0,0.0
2023-12-29 00:00:00-05:00,162.5500030517578,162.5500030517578,162.13999938964844,162.13999938964844,2700,0.0,0.0
2024-01-02 00:00:00-05:00,163.69000244140625,163.69000244140625,163.69000244140625,163.69000244140625,1400,0.0,0.0
2024-01-03 00:00:00-05:00,161.52999877929688,161.52999877929688,158.08999633789062,158.08999633789062,2700,0.0,0.0
2024-01-04 00:00:00-05:00,158.24000549316406,158.24000549316406,158.24000549316406,158.24000549316406,1400,0.0,0.0
2024-01-05 00:00:00-05:00,158.47999572753906,161.55999755859375,157.2100067138672,157.2100067138672,4000,0.0,0.0
2024-01-08 00:00:00-05:00,159.47999572753906,159.47999572753906,159.47999572753906,159.47999572753906,800,0.0,0.0
2024-01-09 00:00:00-05:00,157.1300048828125,157.1300048828125,157.1300048828125,157.1300048828125,700,0.0,0.0
2024-01-10 00:00:00-05:00,158.86000061035156,160.99000549316406,158.0,160.99000549316406,3300,0.0,0.0
2024-01-11 00:00:00-05:00,161.0,165.02999877929688,161.0,165.02999877929688,4300,0.0,0.0
2024-01-12 00:00:00-05:00,165.0,165.27999877929688,165.0,165.27999877929688,4200,0.0,0.0
2024-01-16 00:00:00-05:00,164.0,164.0,157.49000549316406,158.1300048828125,2800,0.0,0.0
2024-01-17 00:00:00-05:00,155.0,155.25,155.0,155.25,1800,0.0,0.0
2024-01-18 00:00:00-05:00,152.0,152.0,152.0,152.0,2200,0.0,0.0
2024-01-19 00:00:00-05:00,156.8000030517578,156.8000030517578,156.8000030517578,156.8000030517578,1000,0.0,0.0
2024-01-22 00:00:00-05:00,161.0,168.42999267578125,161.0,168.42999267578125,6000,0.0,0.0
2024-01-23 00:00:00-05:00,167.1699981689453,168.0,165.0,168.0,2800,0.0,0.0
2024-01-24 00:00:00-05:00,168.5,170.0500030517578,168.5,169.60000610351562,2200,0.0,0.0
2024-01-25 00:00:00-05:00,170.50999450683594,170.50999450683594,170.50999450683594,170.50999450683594,1500,0.0,0.0
2024-01-26 00:00:00-05:00,170.4199981689453,170.67999267578125,170.4199981689453,170.67999267578125,1200,0.0,0.0
2024-01-29 00:00:00-05:00,168.99000549316406,168.99000549316406,167.25,167.25,3600,0.0,0.0
2024-01-30 00:00:00-05:00,167.5500030517578,168.22000122070312,167.5500030517578,168.22000122070312,3300,0.0,0.0
2024-01-31 00:00:00-05:00,169.89999389648438,169.89999389648438,167.25,167.25,1100,0.0,0.0
2024-02-01 00:00:00-05:00,169.3699951171875,171.60000610351562,167.1999969482422,168.97000122070312,4200,0.0,0.0
2024-02-02 00:00:00-05:00,167.8000030517578,167.8000030517578,167.8000030517578,167.8000030517578,1500,0.0,0.0
2024-02-05 00:00:00-05:00,167.2100067138672,169.77999877929688,167.2100067138672,168.47999572753906,4600,0.0,0.0
2024-02-06 00:00:00-05:00,169.0,170.6999969482422,167.8000030517578,169.60000610351562,6000,0.0,0.0
2024-02-07 00:00:00-05:00,169.97000122070312,169.97000122070312,167.14999389648438,167.14999389648438,2500,0.0,0.0
2024-02-08 00:00:00-05:00,168.0,169.02999877929688,165.38999938964844,165.38999938964844,2600,0.0,0.0
2024-02-09 00:00:00-05:00,165.5500030517578,165.5500030517578,165.5500030517578,165.5500030517578,2000,0.0,0.0
2024-02-12 00:00:00-05:00,165.22000122070312,165.22000122070312,165.22000122070312,165.22000122070312,2300,0.0,0.0
2024-02-13 00:00:00-05:00,151.08999633789062,151.08999633789062,151.08999633789062,151.08999633789062,3000,0.0,0.0
2024-02-14 00:00:00-05:00,157.94000244140625,162.63999938964844,157.94000244140625,161.38999938964844,3700,0.0,0.0
2024-02-15 00:00:00-05:00,162.5,164.1999969482422,161.7899932861328,162.8000030517578,5500,0.0,0.0
2024-02-16 00:00:00-05:00,159.8300018310547,159.8300018310547,156.1699981689453,156.1699981689453,1200,0.0,0.0
2024-02-20 00:00:00-05:00,156.1999969482422,156.1999969482422,156.1999969482422,156.1999969482422,5700,0.0,0.0
2024-02-21 00:00:00-05:00,156.25,156.25,156.25,156.25,1100,0.0,0.0
2024-02-22 00:00:00-05:00,157.4199981689453,157.4199981689453,157.4199981689453,157.4199981689453,1200,0.0,0.0
2024-02-23 00:00:00-05:00,158.77000427246094,158.77000427246094,158.77000427246094,158.77000427246094,400,0.0,0.0
2024-02-26 00:00:00-05:00,157.5,161.1999969482422,157.5,159.25,2600,0.0,0.0
2024-02-27 00:00:00-05:00,159.89999389648438,159.89999389648438,158.3000030517578,158.6300048828125,700,0.0,0.0
2024-02-28 00:00:00-05:00,158.8000030517578,158.8000030517578,154.10000610351562,154.10000610351562,2300,0.0,0.0
2024-02-29 00:00:00-05:00,155.4199981689453,155.4199981689453,155.4199981689453,155.4199981689453,1100,0.0,0.0
2024-03-01 00:00:00-05:00,155.97999572753906,155.97999572753906,155.97999572753906,155.97999572753906,500,0.0,0.0
2024-03-04 00:00:00-05:00,154.3800048828125,154.3800048828125,154.3800048828125,154.3800048828125,500,0.0,0.0
2024-03-05 00:00:00-05:00,154.47999572753906,154.47999572753906,153.80999755859375,153.80999755859375,1400,0.0,0.0
2024-03-06 00:00:00-05:00,154.27999877929688,154.27999877929688,154.27999877929688,154.27999877929688,400,0.0,0.0
2024-03-07 00:00:00-05:00,158.0,158.0,158.0,158.0,3100,0.0,0.0
2024-03-08 00:00:00-05:00,158.25,158.25,157.25,157.25,800,0.0,0.0
2024-03-11 00:00:00-04:00,155.5500030517578,155.5500030517578,155.5500030517578,155.5500030517578,300,0.0,0.0
2024-03-12 00:00:00-04:00,155.6300048828125,155.6300048828125,155.6300048828125,155.6300048828125,500,0.0,0.0
2024-03-13 00:00:00-04:00,157.5,157.5,157.5,157.5,1000,0.0,0.0
2024-03-14 00:00:00-04:00,155.32000732421875,155.32000732421875,155.32000732421875,155.32000732421875,1300,0.0,0.0
2024-03-15 00:00:00-04:00,152.74000549316406,157.0,152.74000549316406,156.99000549316406,5300,0.0,0.0
2024-03-18 00:00:00-04:00,155.5,158.0,155.1999969482422,155.1999969482422,3400,0.0,0.0
2024-03-19 00:00:00-04:00,159.3699951171875,159.3699951171875,159.3699951171875,159.3699951171875,2700,0.0,0.0
2024-03-20 00:00:00-04:00,157.5,162.05999755859375,157.5,162.05999755859375,1900,0.0,0.0
2024-03-21 00:00:00-04:00,159.00999450683594,159.00999450683594,159.00999450683594,159.00999450683594,1300,0.0,0.0
2024-03-22 00:00:00-04:00,157.88999938964844,157.88999938964844,157.88999938964844,157.88999938964844,1700,0.0,0.0
2024-03-25 00:00:00-04:00,159.0,159.0,155.0399932861328,156.0399932861328,1500,0.0,0.0
2024-03-26 00:00:00-04:00,162.0,162.0,157.0,157.60000610351562,4100,0.0,0.0
2024-03-27 00:00:00-04:00,159.0,163.0,159.0,163.0,1900,0.0,0.0
2024-03-28 00:00:00-04:00,163.19000244140625,163.19000244140625,163.19000244140625,163.19000244140625,1400,0.0,0.0
2024-04-01 00:00:00-04:00,162.0,162.0,159.00999450683594,159.00999450683594,1800,0.0,0.0
2024-04-02 00:00:00-04:00,159.0,159.0,156.6999969482422,156.6999969482422,1500,0.0,0.0
2024-04-03 00:00:00-04:00,156.1199951171875,156.1199951171875,156.1199951171875,156.1199951171875,800,0.0,0.0
2024-04-04 00:00:00-04:00,159.0,159.82000732421875,159.0,159.82000732421875,1500,0.0,0.0
2024-04-05 00:00:00-04:00,159.89999389648438,159.89999389648438,159.89999389648438,159.89999389648438,300,0.0,0.0
2024-04-08 00:00:00-04:00,162.0,162.11000061035156,160.47999572753906,160.47999572753906,1200,0.0,0.0
2024-04-09 00:00:00-04:00,159.99000549316406,159.99000549316406,159.99000549316406,159.99000549316406,500,0.0,0.0
2024-04-10 00:00:00-04:00,159.30999755859375,159.30999755859375,159.27999877929688,159.27999877929688,1400,0.0,0.0
2024-04-11 00:00:00-04:00,159.8699951171875,161.0,157.8699951171875,159.39999389648438,3600,0.0,0.0
2024-04-12 00:00:00-04:00,156.5399932861328,156.5399932861328,156.5399932861328,156.5399932861328,600,0.0,0.0
2024-04-15 00:00:00-04:00,157.00999450683594,157.4199981689453,157.00999450683594,157.4199981689453,700,0.0,0.0
2024-04-16 00:00:00-04:00,157.7899932861328,157.7899932861328,157.6300048828125,157.6300048828125,900,0.0,0.0
2024-04-17 00:00:00-04:00,159.63999938964844,159.63999938964844,156.72000122070312,156.72000122070312,1000,0.0,0.0
2024-04-18 00:00:00-04:00,156.1199951171875,156.1199951171875,156.1199951171875,156.1199951171875,2300,0.0,0.0
2024-04-19 00:00:00-04:00,156.1199951171875,161.69000244140625,156.1199951171875,161.69000244140625,4200,0.0,0.0
2024-04-22 00:00:00-04:00,159.0,161.1999969482422,159.0,161.1999969482422,1500,0.0,0.0
2024-04-23 00:00:00-04:00,160.39999389648438,164.4600067138672,160.0399932861328,164.4600067138672,4200,0.0,0.0
2024-04-24 00:00:00-04:00,163.6300048828125,163.6300048828125,163.6300048828125,163.6300048828125,1200,0.0,0.0
2024-04-25 00:00:00-04:00,162.0,163.25,160.9499969482422,162.8800048828125,3900,0.0,0.0
2024-04-26 00:00:00-04:00,163.1199951171875,163.1199951171875,159.36000061035156,159.36000061035156,4200,0.0,0.0
2024-04-29 00:00:00-04:00,158.1199951171875,161.9499969482422,158.1199951171875,161.9499969482422,5700,0.0,0.0
2024-04-30 00:00:00-04:00,158.36000061035156,160.42999267578125,158.36000061035156,160.42999267578125,2700,0.0,0.0
2024-05-01 00:00:00-04:00,160.0,162.0800018310547,159.89999389648438,162.0800018310547,3400,0.0,0.0
2024-05-02 00:00:00-04:00,162.0800018310547,162.17999267578125,161.5,162.17999267578125,3400,0.0,0.0
2024-05-03 00:00:00-04:00,163.89999389648438,163.89999389648438,159.33999633789062,159.33999633789062,3600,0.0,0.0
2024-05-06 00:00:00-04:00,161.66000366210938,161.66000366210938,161.66000366210938,161.66000366210938,1900,0.0,0.0
2024-05-07 00:00:00-04:00,160.3300018310547,160.3300018310547,155.0,160.02000427246094,2500,0.0,0.0
2024-05-08 00:00:00-04:00,160.16000366210938,160.16000366210938,158.0399932861328,159.61000061035156,2200,0.0,0.0
2024-05-09 00:00:00-04:00,162.0,162.0,161.3800048828125,161.3800048828125,1300,0.0,0.0
2024-05-10 00:00:00-04:00,162.19000244140625,162.19000244140625,162.19000244140625,162.19000244140625,700,0.0,0.0
2024-05-13 00:00:00-04:00,160.5,160.5,159.5,159.9499969482422,4300,0.0,0.0
2024-05-14 00:00:00-04:00,160.39999389648438,161.0,159.6699981689453,160.94000244140625,5800,0.0,0.0
2024-05-15 00:00:00-04:00,160.10000610351562,162.6199951171875,160.10000610351562,162.6199951171875,3800,0.0,0.0
2024-05-16 00:00:00-04:00,163.0,163.0,161.0,162.5800018310547,3600,0.0,0.0
2024-05-17 00:00:00-04:00,163.8800048828125,163.88999938964844,163.3000030517578,163.3000030517578,1100,0.0,0.0
2024-05-20 00:00:00-04:00,165.0,165.17999267578125,164.1999969482422,165.17999267578125,3300,0.0,0.0
2024-05-21 00:00:00-04:00,164.57000732421875,166.0,164.57000732421875,165.9499969482422,2700,0.0,0.0
2024-05-22 00:00:00-04:00,165.2899932861328,165.2899932861328,156.1999969482422,157.85000610351562,7500,0.0,0.0
2024-05-23 00:00:00-04:00,156.22000122070312,158.0,147.5399932861328,150.8800048828125,13300,0.0,0.0
2024-05-24 00:00:00-04:00,152.0,154.19000244140625,146.41000366210938,154.19000244140625,6100,0.0,0.0
2024-05-28 00:00:00-04:00,162.5399932861328,164.4199981689453,162.5399932861328,163.9499969482422,6600,0.0,0.0
2024-05-29 00:00:00-04:00,163.9499969482422,171.88999938964844,163.89999389648438,171.88999938964844,5300,0.0,0.0
2024-05-30 00:00:00-04:00,168.0,184.39999389648438,168.0,184.39999389648438,9800,0.0,0.0
2024-05-31 00:00:00-04:00,184.77000427246094,192.83999633789062,183.0,184.10000610351562,6900,0.0,0.0
2024-06-03 00:00:00-04:00,184.1999969482422,187.0500030517578,167.22000122070312,167.22000122070312,11100,0.0,0.0
2024-06-04 00:00:00-04:00,168.8300018310547,173.7899932861328,167.8000030517578,173.47000122070312,12700,0.0,0.0
2024-06-05 00:00:00-04:00,174.5,178.0500030517578,171.99000549316406,174.3800048828125,6200,0.0,0.0
2024-06-06 00:00:00-04:00,173.0,174.55999755859375,170.0,170.22999572753906,6500,0.0,0.0
2024-06-07 00:00:00-04:00,169.5,174.8800048828125,169.4499969482422,174.8800048828125,10800,0.0,0.0
2024-06-10 00:00:00-04:00,174.8800048828125,174.92999267578125,169.57000732421875,169.57000732421875,6100,0.0,0.0
2024-06-11 00:00:00-04:00,168.74000549316406,174.6300048828125,168.74000549316406,171.8000030517578,17000,0.0,0.0
2024-06-12 00:00:00-04:00,174.55999755859375,175.7899932861328,169.5500030517578,169.5500030517578,6000,0.0,0.0
2024-06-13 00:00:00-04:00,170.39999389648438,173.02999877929688,170.39999389648438,172.6300048828125,7800,0.0,0.0
2024-06-14 00:00:00-04:00,171.0,171.3000030517578,170.0,170.38999938964844,8700,0.0,0.0
2024-06-17 00:00:00-04:00,171.75,177.22000122070312,169.4499969482422,176.27999877929688,28200,0.0,0.0
2024-06-18 00:00:00-04:00,177.0,178.00999450683594,174.1300048828125,175.19000244140625,28400,0.0,0.0
2024-06-20 00:00:00-04:00,174.52000427246094,178.58999633789062,174.52000427246094,176.9600067138672,21000,0.0,0.0
2024-06-21 00:00:00-04:00,175.69000244140625,177.33999633789062,173.30999755859375,173.30999755859375,13300,0.0,0.0
2024-06-24 00:00:00-04:00,175.2899932861328,179.47000122070312,175.2899932861328,178.17999267578125,9800,0.0,0.0
2024-06-25 00:00:00-04:00,177.75,179.00999450683594,174.3300018310547,174.74000549316406,13700,0.0,0.0
2024-06-26 00:00:00-04:00,174.74000549316406,177.13999938964844,173.2899932861328,177.13999938964844,9400,0.0,0.0
2024-06-27 00:00:00-04:00,175.1199951171875,177.39999389648438,174.0,177.24000549316406,11300,0.0,0.0
2024-06-28 00:00:00-04:00,179.5,181.63999938964844,175.3000030517578,180.1300048828125,38000,0.0,0.0
2024-07-01 00:00:00-04:00,176.55999755859375,178.13999938964844,174.47999572753906,176.14999389648438,23300,0.0,0.0
2024-07-02 00:00:00-04:00,175.0,177.14999389648438,174.85000610351562,176.52000427246094,29500,0.0,0.0
2024-07-03 00:00:00-04:00,176.52000427246094,180.0,176.52000427246094,178.8300018310547,13200,0.0,0.0
2024-07-05 00:00:00-04:00,178.5,181.5800018310547,178.14999389648438,180.5800018310547,15200,0.0,0.0
2024-07-08 00:00:00-04:00,181.0,181.00999450683594,178.3699951171875,178.72000122070312,14500,0.0,0.0
2024-07-09 00:00:00-04:00,178.0,181.4199981689453,177.89999389648438,181.1199951171875,15000,0.0,0.0
2024-07-10 00:00:00-04:00,181.97000122070312,182.0,179.14999389648438,179.4499969482422,21200,0.0,0.0
2024-07-11 00:00:00-04:00,179.47000122070312,181.35000610351562,179.25,180.42999267578125,13800,0.0,0.0
2024-07-12 00:00:00-04:00,181.82000732421875,185.44000244140625,181.82000732421875,182.86000061035156,6700,0.0,0.0
2024-07-15 00:00:00-04:00,185.0800018310547,187.44000244140625,185.0,186.0500030517578,49000,0.0,0.0
2024-07-16 00:00:00-04:00,187.63999938964844,192.33999633789062,187.33999633789062,192.10000610351562,50600,0.0,0.0
2024-07-17 00:00:00-04:00,189.6999969482422,199.58999633789062,189.6999969482422,198.52000427246094,31600,0.0,0.0
2024-07-18 00:00:00-04:00,199.02000427246094,207.49000549316406,198.0,199.75999450683594,54000,0.0,0.0
2024-07-19 00:00:00-04:00,199.83999633789062,201.0,192.5,192.97000122070312,25800,0.0,0.0
2024-07-22 00:00:00-04:00,194.32000732421875,195.97999572753906,190.47999572753906,193.30999755859375,32800,0.0,0.0
2024-07-23 00:00:00-04:00,193.0800018310547,201.6300048828125,193.05999755859375,200.1999969482422,19300,0.0,0.0
2024-07-24 00:00:00-04:00,198.10000610351562,200.5,194.27999877929688,194.60000610351562,43900,0.0,0.0
2024-07-25 00:00:00-04:00,194.89999389648438,204.8800048828125,194.89999389648438,204.1199951171875,32600,0.0,0.0
2024-07-26 00:00:00-04:00,206.14999389648438,210.83999633789062,205.49000549316406,206.2899932861328,48300,0.0,0.0
2024-07-29 00:00:00-04:00,206.72999572753906,207.57000732421875,201.10000610351562,204.1199951171875,48300,0.0,0.0
2024-07-30 00:00:00-04:00,206.0,207.89999389648438,203.8000030517578,207.89999389648438,17400,0.0,0.0
2024-07-31 00:00:00-04:00,207.77999877929688,213.0,206.5,212.83999633789062,13500,0.0,0.0
2024-08-01 00:00:00-04:00,211.41000366210938,212.55999755859375,202.85000610351562,204.0800018310547,31900,0.0,0.0
2024-08-02 00:00:00-04:00,201.11000061035156,203.5,198.75,201.14999389648438,24700,0.0,0.0
2024-08-05 00:00:00-04:00,192.00999450683594,195.00999450683594,189.4499969482422,194.6999969482422,43400,0.0,0.0
2024-08-06 00:00:00-04:00,197.05999755859375,207.89999389648438,195.5,203.1199951171875,45200,0.0,0.0
2024-08-07 00:00:00-04:00,206.33999633789062,206.33999633789062,201.0,201.27999877929688,50100,0.0,0.0
2024-08-08 00:00:00-04:00,203.0,207.3000030517578,202.11000061035156,206.02000427246094,26000,0.0,0.0
2024-08-09 00:00:00-04:00,205.38999938964844,206.5500030517578,204.1300048828125,204.47999572753906,20700,0.0,0.0
2024-08-12 00:00:00-04:00,204.7100067138672,204.8000030517578,202.44000244140625,202.5500030517578,8800,0.0,0.0
2024-08-13 00:00:00-04:00,203.61000061035156,210.2100067138672,203.61000061035156,210.2100067138672,16900,0.0,0.0
2024-08-14 00:00:00-04:00,210.6300048828125,212.0800018310547,210.6300048828125,212.0,12300,0.0,0.0
2024-08-15 00:00:00-04:00,215.64999389648438,220.8699951171875,215.5,217.64999389648438,13600,0.0,0.0
2024-08-16 00:00:00-04:00,217.8800048828125,220.36000061035156,217.8300018310547,218.4199981689453,11300,0.0,0.0
2024-08-19 00:00:00-04:00,217.5500030517578,218.75,216.22000122070312,218.4499969482422,25000,0.0,0.0
2024-08-20 00:00:00-04:00,217.25,218.16000366210938,216.41000366210938,217.17999267578125,28400,0.0,0.0
2024-08-21 00:00:00-04:00,220.0,223.0,218.89999389648438,220.9199981689453,24800,0.0,0.0
2024-08-22 00:00:00-04:00,220.8800048828125,221.30999755859375,216.13999938964844,216.91000366210938,14100,0.0,0.0
2024-08-23 00:00:00-04:00,218.83999633789062,225.9499969482422,218.39999389648438,221.1999969482422,20600,0.0,0.0
2024-08-26 00:00:00-04:00,223.1199951171875,223.97000122070312,220.52000427246094,223.8000030517578,21200,0.0,0.0
2024-08-27 00:00:00-04:00,221.61000061035156,224.36000061035156,221.22999572753906,224.0500030517578,25400,0.0,0.0
2024-08-28 00:00:00-04:00,223.7100067138672,223.7100067138672,221.61000061035156,223.52999877929688,8400,0.0,0.0
2024-08-29 00:00:00-04:00,223.0399932861328,226.67999267578125,223.0399932861328,225.41000366210938,13900,0.0,0.0
2024-08-30 00:00:00-04:00,226.77999877929688,226.77999877929688,222.97999572753906,225.2899932861328,8000,0.0,0.0
2024-09-03 00:00:00-04:00,218.39999389648438,224.99000549316406,218.39999389648438,222.11000061035156,30200,0.0,0.0
2024-09-04 00:00:00-04:00,223.17999267578125,225.97000122070312,222.72999572753906,224.25,14600,0.0,0.0
2024-09-05 00:00:00-04:00,225.63999938964844,225.99000549316406,222.16000366210938,223.5500030517578,10500,0.0,0.0
2024-09-06 00:00:00-04:00,223.11000061035156,224.5800018310547,217.66000366210938,219.05999755859375,10500,0.0,0.0
2024-09-09 00:00:00-04:00,221.3300018310547,225.3000030517578,221.0500030517578,224.7899932861328,22200,0.0,0.0
2024-09-10 00:00:00-04:00,224.0,225.3000030517578,222.60000610351562,224.60000610351562,36000,0.0,0.0
2024-09-11 00:00:00-04:00,220.0,220.66000366210938,218.5,219.35000610351562,5800,0.0,0.0
2024-09-12 00:00:00-04:00,221.74000549316406,225.57000732421875,220.69000244140625,225.57000732421875,7700,0.0,0.0
2024-09-13 00:00:00-04:00,231.0,231.0,228.6999969482422,229.6300048828125,4400,0.0,0.0
2024-09-16 00:00:00-04:00,228.13999938964844,230.5,225.5,226.60000610351562,18700,0.0,0.0
2024-09-17 00:00:00-04:00,227.38999938964844,231.92999267578125,227.38999938964844,231.44000244140625,15300,0.0,0.0
2024-09-18 00:00:00-04:00,231.49000549316406,235.0,231.1300048828125,234.0,10800,0.0,0.0
2024-09-19 00:00:00-04:00,234.00999450683594,236.00999450683594,233.6199951171875,234.6300048828125,12200,0.0,0.0
2024-09-20 00:00:00-04:00,233.8000030517578,235.47000122070312,228.25999450683594,228.2899932861328,28200,0.0,0.0
2024-09-23 00:00:00-04:00,229.36000061035156,229.36000061035156,225.8000030517578,227.10000610351562,11200,0.0,0.0
2024-09-24 00:00:00-04:00,226.83999633789062,231.52000427246094,226.77999877929688,230.6199951171875,7400,0.0,0.0
2024-09-25 00:00:00-04:00,231.1199951171875,231.1199951171875,228.6999969482422,228.6999969482422,5600,0.0,0.0
2024-09-26 00:00:00-04:00,229.9199981689453,230.25,227.2899932861328,228.0,11100,0.0,0.0
2024-09-27 00:00:00-04:00,230.69000244140625,231.0,226.32000732421875,229.77000427246094,9600,0.0,0.0
2024-09-30 00:00:00-04:00,229.07000732421875,229.8000030517578,228.17999267578125,229.8000030517578,3100,0.0,0.0
2024-10-01 00:00:00-04:00,228.77000427246094,228.77000427246094,224.3000030517578,225.64999389648438,4900,0.0,0.0
2024-10-02 00:00:00-04:00,227.6999969482422,228.5,227.69000244140625,228.39999389648438,6000,0.0,0.0
2024-10-03 00:00:00-04:00,227.0,227.0,225.0,225.0,5700,0.0,0.0
2024-10-04 00:00:00-04:00,226.27999877929688,226.7899932861328,222.8699951171875,225.0,11500,0.0,0.0
2024-10-07 00:00:00-04:00,224.02999877929688,224.10000610351562,220.8800048828125,221.0,11600,0.0,0.0
2024-10-08 00:00:00-04:00,222.0,224.2899932861328,221.72999572753906,224.2899932861328,5600,0.0,0.0
2024-10-09 00:00:00-04:00,225.0,225.89999389648438,225.0,225.57000732421875,3500,0.0,0.0
2024-10-10 00:00:00-04:00,221.19000244140625,221.19000244140625,219.3000030517578,220.8000030517578,4300,0.0,0.0
2024-10-11 00:00:00-04:00,226.0,228.3300018310547,223.1199951171875,228.3300018310547,4400,0.0,0.0
2024-10-14 00:00:00-04:00,228.2100067138672,230.97999572753906,228.2100067138672,230.97999572753906,5700,0.0,0.0
2024-10-15 00:00:00-04:00,231.0,233.7899932861328,230.00999450683594,230.00999450683594,6000,0.0,0.0
2024-10-16 00:00:00-04:00,231.0,239.39999389648438,231.0,239.39999389648438,11600,0.0,0.0
2024-10-17 00:00:00-04:00,239.6199951171875,242.6999969482422,238.0,242.6999969482422,13200,0.0,0.0
2024-10-18 00:00:00-04:00,243.74000549316406,243.74000549316406,236.5399932861328,236.5399932861328,4400,0.0,0.0
2024-10-21 00:00:00-04:00,237.39999389648438,238.9600067138672,234.41000366210938,234.41000366210938,20600,0.0,0.0
2024-10-22 00:00:00-04:00,234.0,239.9499969482422,232.5,235.49000549316406,25600,0.0,0.0
2024-10-23 00:00:00-04:00,233.3300018310547,234.9600067138672,228.02999877929688,232.38999938964844,22300,0.0,0.0
2024-10-24 00:00:00-04:00,233.11000061035156,235.1999969482422,230.85000610351562,235.1999969482422,33600,0.0,0.0
2024-10-25 00:00:00-04:00,234.22000122070312,236.60000610351562,231.10000610351562,232.3000030517578,32200,0.0,0.0
2024-10-28 00:00:00-04:00,235.8800048828125,238.36000061035156,234.82000732421875,235.66000366210938,16100,0.0,0.0
2024-10-29 00:00:00-04:00,232.1199951171875,233.25,232.1199951171875,232.97000122070312,7900,0.0,0.0
2024-10-30 00:00:00-04:00,233.8699951171875,236.9600067138672,233.8699951171875,236.25999450683594,7600,0.0,0.0
2024-10-31 00:00:00-04:00,237.08999633789062,237.85000610351562,231.27999877929688,231.27999877929688,11500,0.0,0.0
2024-11-01 00:00:00-04:00,230.74000549316406,230.74000549316406,230.74000549316406,230.74000549316406,4200,0.0,0.0
2024-11-04 00:00:00-05:00,232.58999633789062,232.58999633789062,227.07000732421875,228.7899932861328,15400,0.0,0.0
2024-11-05 00:00:00-05:00,225.72999572753906,237.69000244140625,225.72999572753906,237.69000244140625,16200,0.0,0.0
2024-11-06 00:00:00-05:00,244.0,259.0,241.0,257.2799987792969,37700,0.0,0.0
2024-11-07 00:00:00-05:00,256.5299987792969,256.5299987792969,246.5800018310547,246.5800018310547,19300,0.0,0.0
2024-11-08 00:00:00-05:00,248.3300018310547,251.47000122070312,248.3300018310547,251.47000122070312,5100,0.0,0.0
