Date,Open,High,Low,Close,Volume,Dividends,Stock Splits,Capital Gains
2020-12-31 00:00:00-05:00,25.670000076293945,25.670000076293945,25.600000381469727,25.649999618530273,43100,0.0,0.0,0.0
2021-01-04 00:00:00-05:00,26.75,26.75,25.979999542236328,26.049999237060547,96000,0.0,0.0,0.0
2021-01-05 00:00:00-05:00,26.349000930786133,26.479999542236328,26.299999237060547,26.429000854492188,32800,0.0,0.0,0.0
2021-01-06 00:00:00-05:00,26.450000762939453,26.618999481201172,26.429000854492188,26.56999969482422,25900,0.0,0.0,0.0
2021-01-07 00:00:00-05:00,26.93000030517578,27.030000686645508,26.81999969482422,27.02400016784668,9300,0.0,0.0,0.0
2021-01-08 00:00:00-05:00,27.059999465942383,27.059999465942383,26.850000381469727,26.950000762939453,12300,0.0,0.0,0.0
2021-01-11 00:00:00-05:00,26.829999923706055,26.829999923706055,26.674999237060547,26.770000457763672,11600,0.0,0.0,0.0
2021-01-12 00:00:00-05:00,27.575000762939453,27.67099952697754,27.43000030517578,27.67099952697754,20300,0.0,0.0,0.0
2021-01-13 00:00:00-05:00,27.57900047302246,27.639999389648438,27.576000213623047,27.576000213623047,9500,0.0,0.0,0.0
2021-01-14 00:00:00-05:00,27.520000457763672,27.6200008392334,27.398000717163086,27.406999588012695,12700,0.0,0.0,0.0
2021-01-15 00:00:00-05:00,27.170000076293945,27.170000076293945,27.030000686645508,27.09000015258789,8600,0.0,0.0,0.0
2021-01-19 00:00:00-05:00,27.219999313354492,27.219999313354492,27.110000610351562,27.143999099731445,15300,0.0,0.0,0.0
2021-01-20 00:00:00-05:00,27.440000534057617,27.599000930786133,27.3799991607666,27.5310001373291,11500,0.0,0.0,0.0
2021-01-21 00:00:00-05:00,27.920000076293945,28.040000915527344,27.920000076293945,28.02400016784668,14200,0.0,0.0,0.0
2021-01-22 00:00:00-05:00,27.8700008392334,28.010000228881836,27.860000610351562,27.89699935913086,21700,0.0,0.0,0.0
2021-01-25 00:00:00-05:00,28.299999237060547,28.349000930786133,28.204999923706055,28.339000701904297,8000,0.0,0.0,0.0
2021-01-26 00:00:00-05:00,28.110000610351562,28.229999542236328,27.999000549316406,28.010000228881836,35200,0.0,0.0,0.0
2021-01-27 00:00:00-05:00,27.809999465942383,27.809999465942383,27.656999588012695,27.656999588012695,12400,0.0,0.0,0.0
2021-01-28 00:00:00-05:00,27.440000534057617,27.6200008392334,27.358999252319336,27.54199981689453,12000,0.0,0.0,0.0
2021-01-29 00:00:00-05:00,27.399999618530273,27.469999313354492,27.200000762939453,27.309999465942383,17800,0.0,0.0,0.0
2021-02-01 00:00:00-05:00,27.559999465942383,27.679000854492188,27.530000686645508,27.6299991607666,12600,0.0,0.0,0.0
2021-02-02 00:00:00-05:00,27.969999313354492,28.079999923706055,27.93000030517578,28.0,18500,0.0,0.0,0.0
2021-02-03 00:00:00-05:00,28.075000762939453,28.131000518798828,28.059999465942383,28.131000518798828,2700,0.0,0.0,0.0
2021-02-04 00:00:00-05:00,28.979999542236328,28.979999542236328,27.889999389648438,27.979999542236328,6400,0.0,0.0,0.0
2021-02-05 00:00:00-05:00,28.0,28.01300048828125,27.930999755859375,28.01300048828125,2300,0.0,0.0,0.0
2021-02-08 00:00:00-05:00,28.450000762939453,28.540000915527344,28.450000762939453,28.540000915527344,4500,0.0,0.0,0.0
2021-02-09 00:00:00-05:00,29.16900062561035,29.21500015258789,29.149999618530273,29.202999114990234,900,0.0,0.0,0.0
2021-02-10 00:00:00-05:00,29.68000030517578,29.68000030517578,29.360000610351562,29.441999435424805,3800,0.0,0.0,0.0
2021-02-11 00:00:00-05:00,29.7189998626709,29.719999313354492,29.65999984741211,29.663999557495117,8200,0.0,0.0,0.0
2021-02-12 00:00:00-05:00,29.66900062561035,29.708999633789062,29.66900062561035,29.683000564575195,9900,0.0,0.0,0.0
2021-02-16 00:00:00-05:00,29.8799991607666,30.030000686645508,29.8799991607666,30.02199935913086,27900,0.0,0.0,0.0
2021-02-17 00:00:00-05:00,30.020000457763672,30.145000457763672,30.020000457763672,30.145000457763672,9300,0.0,0.0,0.0
2021-02-18 00:00:00-05:00,29.229999542236328,29.31999969482422,29.084999084472656,29.316999435424805,7400,0.0,0.0,0.0
2021-02-19 00:00:00-05:00,29.690000534057617,29.690000534057617,29.299999237060547,29.347000122070312,13200,0.0,0.0,0.0
2021-02-22 00:00:00-05:00,28.309999465942383,28.3700008392334,28.19499969482422,28.2549991607666,21000,0.0,0.0,0.0
2021-02-23 00:00:00-05:00,28.040000915527344,28.235000610351562,27.899999618530273,28.225000381469727,5200,0.0,0.0,0.0
2021-02-24 00:00:00-05:00,27.719999313354492,27.809999465942383,27.549999237060547,27.809999465942383,9100,0.0,0.0,0.0
2021-02-25 00:00:00-05:00,27.545000076293945,27.559999465942383,27.165000915527344,27.225000381469727,22400,0.0,0.0,0.0
2021-02-26 00:00:00-05:00,27.0,27.0,26.709999084472656,26.850000381469727,24500,0.0,0.0,0.0
2021-03-01 00:00:00-05:00,27.030000686645508,27.3700008392334,27.030000686645508,27.358999252319336,8800,0.0,0.0,0.0
2021-03-02 00:00:00-05:00,26.799999237060547,27.0,26.799999237060547,26.8799991607666,10200,0.0,0.0,0.0
2021-03-03 00:00:00-05:00,27.040000915527344,27.25,27.040000915527344,27.180999755859375,3900,0.0,0.0,0.0
2021-03-04 00:00:00-05:00,26.649999618530273,26.799999237060547,26.363000869750977,26.363000869750977,5200,0.0,0.0,0.0
2021-03-05 00:00:00-05:00,26.3700008392334,26.3700008392334,26.229999542236328,26.354000091552734,1700,0.0,0.0,0.0
2021-03-08 00:00:00-05:00,25.43000030517578,25.5,25.297000885009766,25.375999450683594,5200,0.0,0.0,0.0
2021-03-09 00:00:00-05:00,25.610000610351562,25.780000686645508,25.559999465942383,25.690000534057617,5300,0.0,0.0,0.0
2021-03-10 00:00:00-05:00,25.809999465942383,25.809999465942383,25.5,25.60700035095215,11800,0.0,0.0,0.0
2021-03-11 00:00:00-05:00,26.049999237060547,26.489999771118164,26.049999237060547,26.43899917602539,13500,0.0,0.0,0.0
2021-03-12 00:00:00-05:00,25.959999084472656,26.06100082397461,25.959999084472656,26.06100082397461,2900,0.0,0.0,0.0
2021-03-15 00:00:00-04:00,25.75,25.84000015258789,25.75,25.81599998474121,1300,0.0,0.0,0.0
2021-03-16 00:00:00-04:00,26.0,26.075000762939453,25.950000762939453,26.016000747680664,6400,0.0,0.0,0.0
2021-03-17 00:00:00-04:00,25.899999618530273,26.18899917602539,25.850000381469727,26.110000610351562,2900,0.0,0.0,0.0
2021-03-18 00:00:00-04:00,26.149999618530273,26.149999618530273,25.972999572753906,25.972999572753906,1500,0.0,0.0,0.0
2021-03-19 00:00:00-04:00,25.780000686645508,25.929000854492188,25.750999450683594,25.889999389648438,1900,0.0,0.0,0.0
2021-03-22 00:00:00-04:00,26.229999542236328,26.229999542236328,26.118999481201172,26.125,6200,0.0,0.0,0.0
2021-03-23 00:00:00-04:00,25.768999099731445,25.819000244140625,25.67799949645996,25.67799949645996,1300,0.0,0.0,0.0
2021-03-24 00:00:00-04:00,25.440000534057617,25.440000534057617,25.214000701904297,25.214000701904297,5100,0.0,0.0,0.0
2021-03-25 00:00:00-04:00,25.209999084472656,25.219999313354492,25.100000381469727,25.190000534057617,8600,0.0,0.0,0.0
2021-03-26 00:00:00-04:00,25.700000762939453,25.948999404907227,25.694000244140625,25.948999404907227,7500,0.0,0.0,0.0
2021-03-29 00:00:00-04:00,25.860000610351562,25.860000610351562,25.65999984741211,25.698999404907227,6600,0.0,0.0,0.0
2021-03-30 00:00:00-04:00,25.839000701904297,25.8700008392334,25.770000457763672,25.850000381469727,6300,0.0,0.0,0.0
2021-03-31 00:00:00-04:00,25.959999084472656,25.9689998626709,25.844999313354492,25.90399932861328,11900,0.0,0.0,0.0
2021-04-01 00:00:00-04:00,26.360000610351562,26.388999938964844,26.22800064086914,26.2450008392334,8500,0.0,0.0,0.0
2021-04-05 00:00:00-04:00,26.420000076293945,26.549999237060547,26.408000946044922,26.429000854492188,11000,0.0,0.0,0.0
2021-04-06 00:00:00-04:00,26.3799991607666,26.43000030517578,26.3700008392334,26.3799991607666,3200,0.0,0.0,0.0
2021-04-07 00:00:00-04:00,26.219999313354492,26.388999938964844,26.219999313354492,26.325000762939453,5700,0.0,0.0,0.0
2021-04-08 00:00:00-04:00,26.389999389648438,26.389999389648438,26.27899932861328,26.27899932861328,1600,0.0,0.0,0.0
2021-04-09 00:00:00-04:00,26.200000762939453,26.229999542236328,26.139999389648438,26.229999542236328,3400,0.0,0.0,0.0
2021-04-12 00:00:00-04:00,26.0,26.0,25.639999389648438,25.68000030517578,12000,0.0,0.0,0.0
2021-04-13 00:00:00-04:00,25.649999618530273,25.7189998626709,25.6200008392334,25.665000915527344,6800,0.0,0.0,0.0
2021-04-14 00:00:00-04:00,25.8700008392334,25.8700008392334,25.719999313354492,25.756999969482422,3200,0.0,0.0,0.0
2021-04-15 00:00:00-04:00,25.815000534057617,25.854999542236328,25.81100082397461,25.81100082397461,4800,0.0,0.0,0.0
2021-04-16 00:00:00-04:00,25.899999618530273,25.959999084472656,25.882999420166016,25.882999420166016,22600,0.0,0.0,0.0
2021-04-19 00:00:00-04:00,26.1200008392334,26.149999618530273,26.1200008392334,26.149999618530273,400,0.0,0.0,0.0
2021-04-20 00:00:00-04:00,26.25,26.25,26.200000762939453,26.215999603271484,3200,0.0,0.0,0.0
2021-04-21 00:00:00-04:00,26.514999389648438,26.649999618530273,26.514999389648438,26.611000061035156,7600,0.0,0.0,0.0
2021-04-22 00:00:00-04:00,26.599000930786133,26.65999984741211,26.4950008392334,26.55699920654297,5700,0.0,0.0,0.0
2021-04-23 00:00:00-04:00,26.8700008392334,26.950000762939453,26.850000381469727,26.940000534057617,6500,0.0,0.0,0.0
2021-04-26 00:00:00-04:00,26.6299991607666,26.6299991607666,26.479999542236328,26.58099937438965,5100,0.0,0.0,0.0
2021-04-27 00:00:00-04:00,26.625,26.649999618530273,26.621000289916992,26.621000289916992,1300,0.0,0.0,0.0
2021-04-28 00:00:00-04:00,26.899999618530273,26.899999618530273,26.770999908447266,26.770999908447266,2400,0.0,0.0,0.0
2021-04-29 00:00:00-04:00,26.959999084472656,26.982999801635742,26.895000457763672,26.982999801635742,4000,0.0,0.0,0.0
2021-04-30 00:00:00-04:00,26.90999984741211,26.90999984741211,26.676000595092773,26.67799949645996,2400,0.0,0.0,0.0
2021-05-03 00:00:00-04:00,26.639999389648438,26.639999389648438,26.450000762939453,26.535999298095703,9800,0.0,0.0,0.0
2021-05-04 00:00:00-04:00,26.299999237060547,26.34600067138672,26.290000915527344,26.34600067138672,4500,0.0,0.0,0.0
2021-05-05 00:00:00-04:00,26.44300079345703,26.44300079345703,26.44300079345703,26.44300079345703,200,0.0,0.0,0.0
2021-05-06 00:00:00-04:00,26.579999923706055,26.579999923706055,26.551000595092773,26.577999114990234,6200,0.0,0.0,0.0
2021-05-07 00:00:00-04:00,26.389999389648438,26.618999481201172,26.389999389648438,26.593000411987305,5500,0.0,0.0,0.0
2021-05-10 00:00:00-04:00,26.559999465942383,26.559999465942383,26.219999313354492,26.263999938964844,6800,0.0,0.0,0.0
2021-05-11 00:00:00-04:00,26.06999969482422,26.159000396728516,25.959999084472656,26.110000610351562,9300,0.0,0.0,0.0
2021-05-12 00:00:00-04:00,26.059999465942383,26.229999542236328,25.950000762939453,25.965999603271484,9000,0.0,0.0,0.0
2021-05-13 00:00:00-04:00,25.958999633789062,25.979999542236328,25.899999618530273,25.934999465942383,2800,0.0,0.0,0.0
2021-05-14 00:00:00-04:00,26.6200008392334,26.65999984741211,26.540000915527344,26.62299919128418,3400,0.0,0.0,0.0
2021-05-17 00:00:00-04:00,26.889999389648438,26.90999984741211,26.854999542236328,26.889999389648438,6500,0.0,0.0,0.0
2021-05-18 00:00:00-04:00,27.030000686645508,27.06999969482422,27.017000198364258,27.017000198364258,25000,0.0,0.0,0.0
2021-05-19 00:00:00-04:00,26.809999465942383,26.899999618530273,26.69099998474121,26.798999786376953,23200,0.0,0.0,0.0
2021-05-20 00:00:00-04:00,26.861000061035156,26.93000030517578,26.861000061035156,26.89299964904785,31700,0.0,0.0,0.0
2021-05-21 00:00:00-04:00,26.790000915527344,26.790000915527344,26.55900001525879,26.55900001525879,11200,0.0,0.0,0.0
2021-05-24 00:00:00-04:00,26.764999389648438,26.81999969482422,26.764999389648438,26.773000717163086,3200,0.0,0.0,0.0
2021-05-25 00:00:00-04:00,27.559999465942383,27.722000122070312,27.559999465942383,27.68899917602539,11700,0.0,0.0,0.0
2021-05-26 00:00:00-04:00,28.270000457763672,28.270000457763672,27.750999450683594,27.888999938964844,3800,0.0,0.0,0.0
2021-05-27 00:00:00-04:00,28.048999786376953,28.089000701904297,28.040000915527344,28.083999633789062,13100,0.0,0.0,0.0
2021-05-28 00:00:00-04:00,28.038999557495117,28.170000076293945,28.038999557495117,28.084999084472656,24300,0.0,0.0,0.0
2021-06-01 00:00:00-04:00,28.15999984741211,28.15999984741211,28.017000198364258,28.040000915527344,14600,0.0,0.0,0.0
2021-06-02 00:00:00-04:00,27.829999923706055,27.829999923706055,27.739999771118164,27.757999420166016,22200,0.0,0.0,0.0
2021-06-03 00:00:00-04:00,27.5,27.5,27.329999923706055,27.364999771118164,24300,0.0,0.0,0.0
2021-06-04 00:00:00-04:00,27.549999237060547,27.798999786376953,27.549999237060547,27.700000762939453,650300,0.0,0.0,0.0
2021-06-07 00:00:00-04:00,27.549999237060547,27.81999969482422,27.549999237060547,27.81999969482422,11500,0.0,0.0,0.0
2021-06-08 00:00:00-04:00,27.459999084472656,27.459999084472656,27.264999389648438,27.316999435424805,1800,0.0,0.0,0.0
2021-06-09 00:00:00-04:00,27.40999984741211,27.40999984741211,27.3799991607666,27.381999969482422,5100,0.0,0.0,0.0
2021-06-10 00:00:00-04:00,27.68000030517578,27.729999542236328,27.65999984741211,27.67099952697754,11200,0.0,0.0,0.0
2021-06-11 00:00:00-04:00,27.34000015258789,27.34000015258789,27.229999542236328,27.29599952697754,7500,0.0,0.0,0.0
2021-06-14 00:00:00-04:00,27.309999465942383,27.309999465942383,27.19499969482422,27.21299934387207,10200,0.0,0.0,0.0
2021-06-15 00:00:00-04:00,27.18000030517578,27.18000030517578,26.97100067138672,26.97100067138672,6200,0.0,0.0,0.0
2021-06-16 00:00:00-04:00,26.829999923706055,26.829999923706055,26.398000717163086,26.398000717163086,10500,0.0,0.0,0.0
2021-06-17 00:00:00-04:00,26.579999923706055,26.61400032043457,26.579999923706055,26.61400032043457,200,0.0,0.0,0.0
2021-06-18 00:00:00-04:00,26.540000915527344,26.540000915527344,26.43000030517578,26.466999053955078,8300,0.0,0.0,0.0
2021-06-21 00:00:00-04:00,26.450000762939453,26.639999389648438,26.450000762939453,26.60300064086914,11200,0.0,0.0,0.0
2021-06-22 00:00:00-04:00,26.68000030517578,26.708999633789062,26.645000457763672,26.687999725341797,3600,0.0,0.0,0.0
2021-06-23 00:00:00-04:00,26.690000534057617,26.708999633789062,26.625999450683594,26.625999450683594,4100,0.0,0.0,0.0
2021-06-24 00:00:00-04:00,26.795000076293945,26.829999923706055,26.780000686645508,26.79800033569336,9600,0.0,0.0,0.0
2021-06-25 00:00:00-04:00,27.479999542236328,27.479999542236328,27.350000381469727,27.3700008392334,18500,0.0,0.0,0.0
2021-06-28 00:00:00-04:00,27.429000854492188,27.440000534057617,27.385000228881836,27.437000274658203,3000,0.0,0.0,0.0
2021-06-29 00:00:00-04:00,27.219999313354492,27.270000457763672,27.190000534057617,27.23900032043457,14700,0.0,0.0,0.0
2021-06-30 00:00:00-04:00,27.459999084472656,27.459999084472656,27.416000366210938,27.416000366210938,4500,0.0,0.0,0.0
2021-07-01 00:00:00-04:00,27.299999237060547,27.299999237060547,27.18899917602539,27.19099998474121,3200,0.0,0.0,0.0
2021-07-02 00:00:00-04:00,26.799999237060547,26.889999389648438,26.700000762939453,26.767000198364258,5900,0.0,0.0,0.0
2021-07-06 00:00:00-04:00,26.809999465942383,26.809999465942383,26.589000701904297,26.607999801635742,19600,0.0,0.0,0.0
2021-07-07 00:00:00-04:00,26.969999313354492,26.969999313354492,26.90999984741211,26.947999954223633,14200,0.0,0.0,0.0
2021-07-08 00:00:00-04:00,26.190000534057617,26.3799991607666,26.190000534057617,26.350000381469727,2900,0.0,0.0,0.0
2021-07-09 00:00:00-04:00,26.40999984741211,26.472000122070312,26.399999618530273,26.472000122070312,4000,0.0,0.0,0.0
2021-07-12 00:00:00-04:00,26.670000076293945,26.670000076293945,26.579999923706055,26.610000610351562,10200,0.0,0.0,0.0
2021-07-13 00:00:00-04:00,26.858999252319336,26.929000854492188,26.799999237060547,26.799999237060547,5900,0.0,0.0,0.0
2021-07-14 00:00:00-04:00,26.78499984741211,26.78499984741211,26.757999420166016,26.757999420166016,5200,0.0,0.0,0.0
2021-07-15 00:00:00-04:00,27.099000930786133,27.1200008392334,27.09000015258789,27.100000381469727,4200,0.0,0.0,0.0
2021-07-16 00:00:00-04:00,26.940000534057617,26.940000534057617,26.729999542236328,26.770999908447266,1900,0.0,0.0,0.0
2021-07-19 00:00:00-04:00,26.790000915527344,26.790000915527344,26.65999984741211,26.70400047302246,2600,0.0,0.0,0.0
2021-07-20 00:00:00-04:00,26.731000900268555,26.839000701904297,26.731000900268555,26.826000213623047,800,0.0,0.0,0.0
2021-07-21 00:00:00-04:00,26.8799991607666,27.048999786376953,26.8799991607666,27.048999786376953,1600,0.0,0.0,0.0
2021-07-22 00:00:00-04:00,27.049999237060547,27.049999237060547,26.959999084472656,26.969999313354492,4400,0.0,0.0,0.0
2021-07-23 00:00:00-04:00,26.520000457763672,26.520000457763672,26.40999984741211,26.46500015258789,2000,0.0,0.0,0.0
2021-07-26 00:00:00-04:00,25.520000457763672,25.520000457763672,25.270000457763672,25.408000946044922,20700,0.0,0.0,0.0
2021-07-27 00:00:00-04:00,24.850000381469727,24.850000381469727,24.1200008392334,24.388999938964844,27300,0.0,0.0,0.0
2021-07-28 00:00:00-04:00,24.93000030517578,25.299999237060547,24.93000030517578,25.29800033569336,6800,0.0,0.0,0.0
2021-07-29 00:00:00-04:00,25.200000762939453,25.200000762939453,25.110000610351562,25.13800048828125,3700,0.0,0.0,0.0
2021-07-30 00:00:00-04:00,24.56999969482422,24.860000610351562,24.56999969482422,24.843000411987305,10200,0.0,0.0,0.0
2021-08-02 00:00:00-04:00,25.299999237060547,25.3799991607666,25.290000915527344,25.308000564575195,6200,0.0,0.0,0.0
2021-08-03 00:00:00-04:00,25.510000228881836,25.55500030517578,25.5,25.55500030517578,2400,0.0,0.0,0.0
2021-08-04 00:00:00-04:00,25.625,25.625,25.559999465942383,25.618000030517578,3100,0.0,0.0,0.0
2021-08-05 00:00:00-04:00,25.510000228881836,25.518999099731445,25.450000762939453,25.450000762939453,2700,0.0,0.0,0.0
2021-08-06 00:00:00-04:00,25.420000076293945,25.420000076293945,25.21500015258789,25.235000610351562,9200,0.0,0.0,0.0
2021-08-09 00:00:00-04:00,25.739999771118164,25.739999771118164,25.709999084472656,25.71500015258789,2900,0.0,0.0,0.0
2021-08-10 00:00:00-04:00,26.0,26.079999923706055,26.0,26.033000946044922,7200,0.0,0.0,0.0
2021-08-11 00:00:00-04:00,26.1200008392334,26.155000686645508,26.08099937438965,26.155000686645508,2600,0.0,0.0,0.0
2021-08-12 00:00:00-04:00,25.79199981689453,25.795000076293945,25.739999771118164,25.795000076293945,3100,0.0,0.0,0.0
2021-08-13 00:00:00-04:00,25.950000762939453,25.989999771118164,25.950000762939453,25.989999771118164,700,0.0,0.0,0.0
2021-08-16 00:00:00-04:00,25.969999313354492,26.018999099731445,25.969999313354492,26.014999389648438,800,0.0,0.0,0.0
2021-08-17 00:00:00-04:00,25.3700008392334,25.3700008392334,25.219999313354492,25.233999252319336,3400,0.0,0.0,0.0
2021-08-18 00:00:00-04:00,25.559999465942383,25.559999465942383,25.47599983215332,25.47599983215332,1400,0.0,0.0,0.0
2021-08-19 00:00:00-04:00,25.420000076293945,25.489999771118164,25.40999984741211,25.47800064086914,13500,0.0,0.0,0.0
2021-08-20 00:00:00-04:00,24.84000015258789,24.889999389648438,24.760000228881836,24.881999969482422,15900,0.0,0.0,0.0
2021-08-23 00:00:00-04:00,25.360000610351562,25.3700008392334,25.274999618530273,25.35700035095215,6300,0.0,0.0,0.0
2021-08-24 00:00:00-04:00,25.770000457763672,25.84000015258789,25.7450008392334,25.790000915527344,6300,0.0,0.0,0.0
2021-08-25 00:00:00-04:00,25.639999389648438,25.770000457763672,25.639999389648438,25.649999618530273,3100,0.0,0.0,0.0
2021-08-26 00:00:00-04:00,25.260000228881836,25.260000228881836,25.190000534057617,25.190000534057617,8000,0.0,0.0,0.0
2021-08-27 00:00:00-04:00,25.510000228881836,25.600000381469727,25.510000228881836,25.59000015258789,4500,0.0,0.0,0.0
2021-08-30 00:00:00-04:00,25.268999099731445,25.280000686645508,25.2450008392334,25.260000228881836,1400,0.0,0.0,0.0
2021-08-31 00:00:00-04:00,25.118999481201172,25.136999130249023,25.08799934387207,25.136999130249023,3800,0.0,0.0,0.0
2021-09-01 00:00:00-04:00,25.549999237060547,25.559999465942383,25.525999069213867,25.525999069213867,2300,0.0,0.0,0.0
2021-09-02 00:00:00-04:00,25.540000915527344,25.690000534057617,25.540000915527344,25.604999542236328,11600,0.0,0.0,0.0
2021-09-03 00:00:00-04:00,25.540000915527344,25.6299991607666,25.540000915527344,25.6200008392334,15600,0.0,0.0,0.0
2021-09-07 00:00:00-04:00,26.049999237060547,26.170000076293945,26.049999237060547,26.1299991607666,3300,0.0,0.0,0.0
2021-09-08 00:00:00-04:00,25.84000015258789,25.940000534057617,25.84000015258789,25.915000915527344,7800,0.0,0.0,0.0
2021-09-09 00:00:00-04:00,25.950000762939453,25.950000762939453,25.93000030517578,25.94700050354004,3000,0.0,0.0,0.0
2021-09-10 00:00:00-04:00,26.3700008392334,26.420000076293945,26.266000747680664,26.266000747680664,5900,0.0,0.0,0.0
2021-09-13 00:00:00-04:00,26.149999618530273,26.260000228881836,26.149999618530273,26.214000701904297,3900,0.0,0.0,0.0
2021-09-14 00:00:00-04:00,25.8700008392334,25.8700008392334,25.75,25.783000946044922,8300,0.0,0.0,0.0
2021-09-15 00:00:00-04:00,25.59000015258789,25.67799949645996,25.59000015258789,25.67799949645996,3600,0.0,0.0,0.0
2021-09-16 00:00:00-04:00,25.40999984741211,25.479999542236328,25.26799964904785,25.31800079345703,13500,0.0,0.0,0.0
2021-09-17 00:00:00-04:00,25.448999404907227,25.5,25.447999954223633,25.464000701904297,2100,0.0,0.0,0.0
2021-09-20 00:00:00-04:00,24.799999237060547,24.799999237060547,24.649999618530273,24.69099998474121,20100,0.0,0.0,0.0
2021-09-21 00:00:00-04:00,24.760000228881836,24.829999923706055,24.760000228881836,24.808000564575195,900,0.0,0.0,0.0
2021-09-22 00:00:00-04:00,25.280000686645508,25.354999542236328,25.280000686645508,25.334999084472656,10200,0.0,0.0,0.0
2021-09-23 00:00:00-04:00,25.110000610351562,25.22800064086914,25.110000610351562,25.22800064086914,4900,0.0,0.0,0.0
2021-09-24 00:00:00-04:00,25.059999465942383,25.118999481201172,25.059999465942383,25.099000930786133,1700,0.0,0.0,0.0
2021-09-27 00:00:00-04:00,25.450000762939453,25.450000762939453,25.280000686645508,25.295000076293945,6300,0.0,0.0,0.0
2021-09-28 00:00:00-04:00,25.020000457763672,25.06999969482422,25.014999389648438,25.042999267578125,1900,0.0,0.0,0.0
2021-09-29 00:00:00-04:00,24.790000915527344,24.84000015258789,24.702999114990234,24.702999114990234,1500,0.0,0.0,0.0
2021-09-30 00:00:00-04:00,24.959999084472656,25.020000457763672,24.934999465942383,24.972000122070312,4500,0.0,0.0,0.0
2021-10-01 00:00:00-04:00,24.8700008392334,24.8700008392334,24.639999389648438,24.750999450683594,3500,0.0,0.0,0.0
2021-10-04 00:00:00-04:00,24.610000610351562,24.610000610351562,24.440000534057617,24.47100067138672,3700,0.0,0.0,0.0
2021-10-05 00:00:00-04:00,24.450000762939453,24.545000076293945,24.450000762939453,24.500999450683594,900,0.0,0.0,0.0
2021-10-06 00:00:00-04:00,24.329999923706055,24.510000228881836,24.31999969482422,24.50200080871582,5200,0.0,0.0,0.0
2021-10-07 00:00:00-04:00,24.979999542236328,24.979999542236328,24.889999389648438,24.952999114990234,4200,0.0,0.0,0.0
2021-10-08 00:00:00-04:00,25.31999969482422,26.06999969482422,25.309999465942383,25.340999603271484,19100,0.0,0.0,0.0
2021-10-11 00:00:00-04:00,25.358999252319336,25.360000610351562,25.211000442504883,25.211000442504883,2900,0.0,0.0,0.0
2021-10-12 00:00:00-04:00,25.018999099731445,25.020000457763672,24.920000076293945,24.920000076293945,4600,0.0,0.0,0.0
2021-10-13 00:00:00-04:00,25.299999237060547,25.509000778198242,25.299999237060547,25.424999237060547,25300,0.0,0.0,0.0
2021-10-14 00:00:00-04:00,25.350000381469727,25.350000381469727,25.200000762939453,25.299999237060547,2600,0.0,0.0,0.0
2021-10-15 00:00:00-04:00,25.40999984741211,25.459999084472656,25.399999618530273,25.44099998474121,3500,0.0,0.0,0.0
2021-10-18 00:00:00-04:00,25.15999984741211,25.15999984741211,25.089000701904297,25.089000701904297,2300,0.0,0.0,0.0
2021-10-19 00:00:00-04:00,25.600000381469727,25.71500015258789,25.600000381469727,25.700000762939453,1500,0.0,0.0,0.0
2021-10-20 00:00:00-04:00,25.3799991607666,25.510000228881836,25.3799991607666,25.482999801635742,5900,0.0,0.0,0.0
2021-10-21 00:00:00-04:00,25.520000457763672,25.540000915527344,25.510000228881836,25.53499984741211,2200,0.0,0.0,0.0
2021-10-22 00:00:00-04:00,25.6299991607666,25.756000518798828,25.6299991607666,25.756000518798828,4600,0.0,0.0,0.0
2021-10-25 00:00:00-04:00,25.790000915527344,25.860000610351562,25.770000457763672,25.774999618530273,4400,0.0,0.0,0.0
2021-10-26 00:00:00-04:00,25.75,25.75,25.690000534057617,25.72100067138672,4500,0.0,0.0,0.0
2021-10-27 00:00:00-04:00,25.3700008392334,25.389999389648438,25.2810001373291,25.31599998474121,7300,0.0,0.0,0.0
2021-10-28 00:00:00-04:00,25.290000915527344,25.319000244140625,25.270000457763672,25.319000244140625,1000,0.0,0.0,0.0
2021-10-29 00:00:00-04:00,25.3700008392334,25.3799991607666,25.3700008392334,25.37299919128418,4200,0.0,0.0,0.0
2021-11-01 00:00:00-04:00,25.450000762939453,25.450000762939453,25.329999923706055,25.381000518798828,3300,0.0,0.0,0.0
2021-11-02 00:00:00-04:00,24.985000610351562,25.0,24.985000610351562,24.990999221801758,1100,0.0,0.0,0.0
2021-11-03 00:00:00-04:00,24.93000030517578,24.969999313354492,24.8700008392334,24.930999755859375,5900,0.0,0.0,0.0
2021-11-04 00:00:00-04:00,25.079999923706055,25.079999923706055,24.920000076293945,24.957000732421875,18200,0.0,0.0,0.0
2021-11-05 00:00:00-04:00,25.0,25.0,24.84000015258789,24.895999908447266,6000,0.0,0.0,0.0
2021-11-08 00:00:00-05:00,24.920000076293945,24.920000076293945,24.834999084472656,24.8799991607666,1400,0.0,0.0,0.0
2021-11-09 00:00:00-05:00,24.860000610351562,24.860000610351562,24.760000228881836,24.812999725341797,5600,0.0,0.0,0.0
2021-11-10 00:00:00-05:00,24.8799991607666,24.8799991607666,24.68899917602539,24.68899917602539,3100,0.0,0.0,0.0
2021-11-11 00:00:00-05:00,25.270000457763672,25.270000457763672,25.165000915527344,25.2450008392334,2500,0.0,0.0,0.0
2021-11-12 00:00:00-05:00,25.219999313354492,25.219999313354492,25.15999984741211,25.166000366210938,2300,0.0,0.0,0.0
2021-11-15 00:00:00-05:00,25.25,25.25,25.15999984741211,25.16699981689453,8900,0.0,0.0,0.0
2021-11-16 00:00:00-05:00,25.350000381469727,25.350000381469727,25.084999084472656,25.134000778198242,8600,0.0,0.0,0.0
2021-11-17 00:00:00-05:00,25.239999771118164,25.25,25.200000762939453,25.239999771118164,8600,0.0,0.0,0.0
2021-11-18 00:00:00-05:00,25.010000228881836,25.010000228881836,24.899999618530273,24.93400001525879,12200,0.0,0.0,0.0
2021-11-19 00:00:00-05:00,25.09000015258789,25.209999084472656,25.09000015258789,25.202999114990234,2600,0.0,0.0,0.0
2021-11-22 00:00:00-05:00,25.420000076293945,25.420000076293945,25.33099937438965,25.33099937438965,3100,0.0,0.0,0.0
2021-11-23 00:00:00-05:00,25.200000762939453,25.31999969482422,25.200000762939453,25.270999908447266,13000,0.0,0.0,0.0
2021-11-24 00:00:00-05:00,25.299999237060547,25.31999969482422,25.290000915527344,25.30500030517578,3500,0.0,0.0,0.0
2021-11-26 00:00:00-05:00,25.200000762939453,25.200000762939453,25.0,25.06800079345703,10300,0.0,0.0,0.0
2021-11-29 00:00:00-05:00,25.149999618530273,25.15999984741211,25.104999542236328,25.14900016784668,8400,0.0,0.0,0.0
2021-11-30 00:00:00-05:00,25.299999237060547,25.329999923706055,25.209999084472656,25.27899932861328,5000,0.0,0.0,0.0
2021-12-01 00:00:00-05:00,25.350000381469727,25.350000381469727,25.1560001373291,25.1560001373291,1300,0.0,0.0,0.0
2021-12-02 00:00:00-05:00,25.34000015258789,25.34000015258789,25.270000457763672,25.28499984741211,1100,0.0,0.0,0.0
2021-12-03 00:00:00-05:00,25.68000030517578,25.709999084472656,25.420000076293945,25.424999237060547,37300,0.0,0.0,0.0
2021-12-06 00:00:00-05:00,25.6200008392334,25.670000076293945,25.549999237060547,25.656999588012695,7900,0.0,0.0,0.0
2021-12-07 00:00:00-05:00,25.670000076293945,25.700000762939453,25.670000076293945,25.69499969482422,3100,0.0,0.0,0.0
2021-12-08 00:00:00-05:00,25.920000076293945,26.200000762939453,25.920000076293945,26.128999710083008,5300,0.0,0.0,0.0
2021-12-09 00:00:00-05:00,26.40999984741211,26.40999984741211,26.22100067138672,26.290000915527344,1500,0.0,0.0,0.0
2021-12-10 00:00:00-05:00,26.229999542236328,26.280000686645508,26.229999542236328,26.264999389648438,2200,0.0,0.0,0.0
2021-12-13 00:00:00-05:00,26.3799991607666,26.3799991607666,26.09000015258789,26.174999237060547,7100,0.0,0.0,0.0
2021-12-14 00:00:00-05:00,25.969999313354492,25.989999771118164,25.913999557495117,25.913999557495117,22000,0.0,0.0,0.0
2021-12-15 00:00:00-05:00,25.649999618530273,25.649999618530273,25.549999237060547,25.632999420166016,32500,0.0,0.0,0.0
2021-12-16 00:00:00-05:00,25.950000762939453,25.950000762939453,25.780000686645508,25.80699920654297,900,0.0,0.0,0.0
2021-12-17 00:00:00-05:00,25.360000610351562,25.43000030517578,25.360000610351562,25.429000854492188,2200,0.0,0.0,0.0
2021-12-20 00:00:00-05:00,25.290000915527344,25.290000915527344,25.141000747680664,25.158000946044922,26100,0.0,0.0,0.0
2021-12-21 00:00:00-05:00,25.280000686645508,25.448999404907227,25.280000686645508,25.437999725341797,1100,0.0,0.0,0.0
2021-12-22 00:00:00-05:00,25.459999084472656,25.469999313354492,25.440000534057617,25.452999114990234,1700,0.0,0.0,0.0
2021-12-23 00:00:00-05:00,25.55900001525879,25.55900001525879,25.5310001373291,25.54199981689453,500,0.0,0.0,0.0
2021-12-27 00:00:00-05:00,25.479999542236328,25.583999633789062,25.459999084472656,25.58300018310547,160700,0.0,0.0,0.0
2021-12-28 00:00:00-05:00,25.719999313354492,25.770000457763672,25.700000762939453,25.768999099731445,226400,0.0,0.0,0.0
2021-12-29 00:00:00-05:00,25.18000030517578,25.18000030517578,25.020000457763672,25.079999923706055,5500,0.0,0.0,0.0
2021-12-30 00:00:00-05:00,25.43000030517578,25.55900001525879,25.43000030517578,25.51099967956543,5900,0.0,0.0,0.0
2021-12-31 00:00:00-05:00,25.260000228881836,25.5,25.260000228881836,25.451000213623047,5400,0.0,0.0,0.0
2022-01-03 00:00:00-05:00,25.459999084472656,25.459999084472656,25.360000610351562,25.368999481201172,4200,0.0,0.0,0.0
2022-01-04 00:00:00-05:00,25.25,25.25,25.100000381469727,25.107999801635742,5400,0.0,0.0,0.0
2022-01-05 00:00:00-05:00,25.010000228881836,25.010000228881836,24.735000610351562,24.774999618530273,15600,0.0,0.0,0.0
2022-01-06 00:00:00-05:00,24.610000610351562,24.610000610351562,24.579999923706055,24.58099937438965,3000,0.0,0.0,0.0
2022-01-07 00:00:00-05:00,24.5,24.652999877929688,24.5,24.652999877929688,2000,0.0,0.0,0.0
2022-01-10 00:00:00-05:00,24.639999389648438,24.700000762939453,24.600000381469727,24.666000366210938,1900,0.0,0.0,0.0
2022-01-11 00:00:00-05:00,24.579999923706055,24.632999420166016,24.5,24.628000259399414,7900,0.0,0.0,0.0
2022-01-12 00:00:00-05:00,25.075000762939453,25.138999938964844,25.051000595092773,25.113000869750977,2800,0.0,0.0,0.0
2022-01-13 00:00:00-05:00,24.59000015258789,25.75,24.509000778198242,24.509000778198242,13300,0.0,0.0,0.0
2022-01-14 00:00:00-05:00,24.51799964904785,24.55500030517578,24.44499969482422,24.541000366210938,7400,0.0,0.0,0.0
2022-01-18 00:00:00-05:00,24.770000457763672,24.81999969482422,24.731000900268555,24.731000900268555,3100,0.0,0.0,0.0
2022-01-19 00:00:00-05:00,24.700000762939453,24.700000762939453,24.610000610351562,24.628999710083008,6900,0.0,0.0,0.0
2022-01-20 00:00:00-05:00,24.83099937438965,24.920000076293945,24.65999984741211,24.753000259399414,8200,0.0,0.0,0.0
2022-01-21 00:00:00-05:00,24.540000915527344,24.540000915527344,24.440000534057617,24.44700050354004,3800,0.0,0.0,0.0
2022-01-24 00:00:00-05:00,24.40999984741211,24.59000015258789,24.339000701904297,24.46500015258789,18600,0.0,0.0,0.0
2022-01-25 00:00:00-05:00,24.010000228881836,24.1299991607666,24.010000228881836,24.054000854492188,3800,0.0,0.0,0.0
2022-01-26 00:00:00-05:00,24.280000686645508,24.31800079345703,24.117000579833984,24.118999481201172,6700,0.0,0.0,0.0
2022-01-27 00:00:00-05:00,23.760000228881836,23.798999786376953,23.600000381469727,23.613000869750977,84500,0.0,0.0,0.0
2022-01-28 00:00:00-05:00,23.350000381469727,23.350000381469727,23.190000534057617,23.268999099731445,39000,0.0,0.0,0.0
2022-01-31 00:00:00-05:00,23.420000076293945,23.489999771118164,23.3700008392334,23.486000061035156,7500,0.0,0.0,0.0
2022-02-01 00:00:00-05:00,23.530000686645508,23.530000686645508,23.239999771118164,23.488000869750977,79900,0.0,0.0,0.0
2022-02-02 00:00:00-05:00,23.530000686645508,23.549999237060547,23.5049991607666,23.5310001373291,4300,0.0,0.0,0.0
2022-02-03 00:00:00-05:00,23.56999969482422,23.56999969482422,23.475000381469727,23.476999282836914,2000,0.0,0.0,0.0
2022-02-04 00:00:00-05:00,23.524999618530273,23.59000015258789,23.524999618530273,23.53700065612793,1900,0.0,0.0,0.0
2022-02-07 00:00:00-05:00,23.600000381469727,23.621999740600586,23.600000381469727,23.621999740600586,5900,0.0,0.0,0.0
2022-02-08 00:00:00-05:00,23.469999313354492,23.469999313354492,23.350000381469727,23.426000595092773,24200,0.0,0.0,0.0
2022-02-09 00:00:00-05:00,23.6200008392334,23.65999984741211,23.58099937438965,23.639999389648438,19700,0.0,0.0,0.0
2022-02-10 00:00:00-05:00,23.3799991607666,23.549999237060547,23.3799991607666,23.513999938964844,12800,0.0,0.0,0.0
2022-02-11 00:00:00-05:00,23.350000381469727,23.40999984741211,23.08799934387207,23.08799934387207,6400,0.0,0.0,0.0
2022-02-14 00:00:00-05:00,23.010000228881836,23.149999618530273,22.959999084472656,23.006000518798828,7700,0.0,0.0,0.0
2022-02-15 00:00:00-05:00,23.540000915527344,23.549999237060547,23.500999450683594,23.538000106811523,1800,0.0,0.0,0.0
2022-02-16 00:00:00-05:00,23.65999984741211,23.7189998626709,23.65999984741211,23.7189998626709,1200,0.0,0.0,0.0
2022-02-17 00:00:00-05:00,23.700000762939453,23.850000381469727,23.66699981689453,23.66699981689453,2800,0.0,0.0,0.0
2022-02-18 00:00:00-05:00,23.760000228881836,23.81999969482422,23.709999084472656,23.75200080871582,2000,0.0,0.0,0.0
2022-02-22 00:00:00-05:00,23.65999984741211,23.65999984741211,23.468000411987305,23.468000411987305,5900,0.0,0.0,0.0
2022-02-23 00:00:00-05:00,23.829999923706055,23.84000015258789,23.73699951171875,23.739999771118164,4200,0.0,0.0,0.0
2022-02-24 00:00:00-05:00,23.18000030517578,23.520999908447266,23.18000030517578,23.520999908447266,4700,0.0,0.0,0.0
2022-02-25 00:00:00-05:00,23.75,23.889999389648438,23.579999923706055,23.88599967956543,14500,0.0,0.0,0.0
2022-02-28 00:00:00-05:00,23.850000381469727,24.110000610351562,23.850000381469727,23.969999313354492,19500,0.0,0.0,0.0
2022-03-01 00:00:00-05:00,23.93000030517578,23.979999542236328,23.700000762939453,23.88800048828125,15000,0.0,0.0,0.0
2022-03-02 00:00:00-05:00,23.889999389648438,23.889999389648438,23.75,23.788000106811523,15500,0.0,0.0,0.0
2022-03-03 00:00:00-05:00,23.59000015258789,23.614999771118164,23.520000457763672,23.575000762939453,10800,0.0,0.0,0.0
2022-03-04 00:00:00-05:00,23.459999084472656,23.459999084472656,23.304000854492188,23.371000289916992,30900,0.0,0.0,0.0
2022-03-07 00:00:00-05:00,22.770000457763672,22.770000457763672,22.510000228881836,22.527999877929688,5800,0.0,0.0,0.0
2022-03-08 00:00:00-05:00,22.25,22.25,22.114999771118164,22.180999755859375,2600,0.0,0.0,0.0
2022-03-09 00:00:00-05:00,22.159000396728516,22.229999542236328,22.145000457763672,22.145000457763672,27500,0.0,0.0,0.0
2022-03-10 00:00:00-05:00,22.239999771118164,22.30900001525879,22.229999542236328,22.30900001525879,19300,0.0,0.0,0.0
2022-03-11 00:00:00-05:00,22.440000534057617,22.457000732421875,22.184999465942383,22.191999435424805,8600,0.0,0.0,0.0
2022-03-14 00:00:00-04:00,21.510000228881836,21.59000015258789,21.229999542236328,21.25,27700,0.0,0.0,0.0
2022-03-15 00:00:00-04:00,20.56999969482422,20.672000885009766,20.459999084472656,20.56399917602539,37700,0.0,0.0,0.0
2022-03-16 00:00:00-04:00,22.559999465942383,22.579999923706055,22.149999618530273,22.510000228881836,27400,0.0,0.0,0.0
2022-03-17 00:00:00-04:00,22.18000030517578,22.222000122070312,22.020000457763672,22.222000122070312,10900,0.0,0.0,0.0
2022-03-18 00:00:00-04:00,22.139999389648438,22.697999954223633,22.139999389648438,22.697999954223633,5400,0.0,0.0,0.0
2022-03-21 00:00:00-04:00,22.510000228881836,22.510000228881836,22.3700008392334,22.434999465942383,3200,0.0,0.0,0.0
2022-03-22 00:00:00-04:00,22.469999313354492,22.5,22.280000686645508,22.475000381469727,16300,0.0,0.0,0.0
2022-03-23 00:00:00-04:00,22.360000610351562,22.6200008392334,22.360000610351562,22.405000686645508,7400,0.0,0.0,0.0
2022-03-24 00:00:00-04:00,22.489999771118164,22.639999389648438,22.450000762939453,22.492000579833984,4200,0.0,0.0,0.0
2022-03-25 00:00:00-04:00,22.089000701904297,22.1200008392334,22.089000701904297,22.104000091552734,1800,0.0,0.0,0.0
2022-03-28 00:00:00-04:00,21.93199920654297,22.049999237060547,21.93000030517578,22.033000946044922,38300,0.0,0.0,0.0
2022-03-29 00:00:00-04:00,22.09000015258789,22.15999984741211,22.020000457763672,22.15999984741211,8700,0.0,0.0,0.0
2022-03-30 00:00:00-04:00,22.709999084472656,22.75,22.663999557495117,22.663999557495117,30100,0.0,0.0,0.0
2022-03-31 00:00:00-04:00,22.520000457763672,22.530000686645508,22.447999954223633,22.447999954223633,3200,0.0,0.0,0.0
2022-04-01 00:00:00-04:00,22.889999389648438,22.889999389648438,22.760000228881836,22.889999389648438,17500,0.0,0.0,0.0
2022-04-04 00:00:00-04:00,22.875,22.920000076293945,22.875,22.908000946044922,6400,0.0,0.0,0.0
2022-04-05 00:00:00-04:00,22.725000381469727,22.739999771118164,22.6560001373291,22.6560001373291,12900,0.0,0.0,0.0
2022-04-06 00:00:00-04:00,22.610000610351562,22.6200008392334,22.520000457763672,22.538999557495117,9700,0.0,0.0,0.0
2022-04-07 00:00:00-04:00,22.290000915527344,22.367000579833984,22.290000915527344,22.367000579833984,900,0.0,0.0,0.0
2022-04-08 00:00:00-04:00,22.34000015258789,22.34000015258789,22.31399917602539,22.31399917602539,900,0.0,0.0,0.0
2022-04-11 00:00:00-04:00,21.739999771118164,21.75,21.62299919128418,21.62299919128418,8500,0.0,0.0,0.0
2022-04-12 00:00:00-04:00,22.010000228881836,22.049999237060547,21.93000030517578,21.93000030517578,11900,0.0,0.0,0.0
2022-04-13 00:00:00-04:00,21.6299991607666,21.8439998626709,21.6299991607666,21.8439998626709,2000,0.0,0.0,0.0
2022-04-14 00:00:00-04:00,21.78499984741211,21.84000015258789,21.780000686645508,21.788999557495117,5800,0.0,0.0,0.0
2022-04-18 00:00:00-04:00,21.65999984741211,21.770000457763672,21.65999984741211,21.739999771118164,31400,0.0,0.0,0.0
2022-04-19 00:00:00-04:00,21.329999923706055,21.450000762939453,21.329999923706055,21.429000854492188,12700,0.0,0.0,0.0
2022-04-20 00:00:00-04:00,21.059999465942383,21.059999465942383,20.84000015258789,20.9060001373291,14400,0.0,0.0,0.0
2022-04-21 00:00:00-04:00,20.59000015258789,20.59000015258789,20.219999313354492,20.267000198364258,21700,0.0,0.0,0.0
2022-04-22 00:00:00-04:00,20.209999084472656,20.290000915527344,20.149999618530273,20.158000946044922,23900,0.0,0.0,0.0
2022-04-25 00:00:00-04:00,20.0,20.0,18.690000534057617,19.020000457763672,42800,0.0,0.0,0.0
2022-04-26 00:00:00-04:00,18.690000534057617,18.690000534057617,18.530000686645508,18.565000534057617,35900,0.0,0.0,0.0
2022-04-27 00:00:00-04:00,19.290000915527344,19.54800033569336,19.290000915527344,19.5,23800,0.0,0.0,0.0
2022-04-28 00:00:00-04:00,19.139999389648438,19.149999618530273,18.959999084472656,19.114999771118164,57800,0.0,0.0,0.0
2022-04-29 00:00:00-04:00,19.610000610351562,19.690000534057617,19.5310001373291,19.5310001373291,14100,0.0,0.0,0.0
2022-05-02 00:00:00-04:00,19.3799991607666,19.518999099731445,19.325000762939453,19.452999114990234,38600,0.0,0.0,0.0
2022-05-03 00:00:00-04:00,19.670000076293945,19.799999237060547,19.579999923706055,19.684999465942383,14600,0.0,0.0,0.0
2022-05-04 00:00:00-04:00,19.459999084472656,19.84000015258789,19.459999084472656,19.80500030517578,1918000,0.0,0.0,0.0
2022-05-05 00:00:00-04:00,19.399999618530273,19.399999618530273,19.149999618530273,19.285999298095703,21600,0.0,0.0,0.0
2022-05-06 00:00:00-04:00,19.020000457763672,19.239999771118164,19.0,19.10700035095215,876600,0.0,0.0,0.0
2022-05-09 00:00:00-04:00,18.579999923706055,18.670000076293945,18.54400062561035,18.54400062561035,193200,0.0,0.0,0.0
2022-05-10 00:00:00-04:00,18.81999969482422,19.020000457763672,18.81999969482422,18.94099998474121,10900,0.0,0.0,0.0
2022-05-11 00:00:00-04:00,19.31999969482422,19.34600067138672,19.149999618530273,19.176000595092773,324600,0.0,0.0,0.0
2022-05-12 00:00:00-04:00,19.059999465942383,19.7450008392334,19.034000396728516,19.10700035095215,62800,0.0,0.0,0.0
2022-05-13 00:00:00-04:00,19.15999984741211,19.309999465942383,19.149999618530273,19.288999557495117,8800,0.0,0.0,0.0
2022-05-16 00:00:00-04:00,19.18000030517578,19.218000411987305,19.1200008392334,19.184999465942383,48800,0.0,0.0,0.0
2022-05-17 00:00:00-04:00,19.489999771118164,19.489999771118164,19.350000381469727,19.45400047302246,33400,0.0,0.0,0.0
2022-05-18 00:00:00-04:00,19.325000762939453,19.325000762939453,19.100000381469727,19.104999542236328,6300,0.0,0.0,0.0
2022-05-19 00:00:00-04:00,19.538999557495117,19.575000762939453,19.538999557495117,19.575000762939453,8200,0.0,0.0,0.0
2022-05-20 00:00:00-04:00,20.0,20.0,19.780000686645508,19.91699981689453,26300,0.0,0.0,0.0
2022-05-23 00:00:00-04:00,20.139999389648438,20.139999389648438,20.06999969482422,20.110000610351562,69400,0.0,0.0,0.0
2022-05-24 00:00:00-04:00,19.639999389648438,19.639999389648438,19.469999313354492,19.513999938964844,9100,0.0,0.0,0.0
2022-05-25 00:00:00-04:00,19.420000076293945,19.445999145507812,19.354999542236328,19.445999145507812,6800,0.0,0.0,0.0
2022-05-26 00:00:00-04:00,19.290000915527344,19.358999252319336,19.27199935913086,19.332000732421875,20200,0.0,0.0,0.0
2022-05-27 00:00:00-04:00,19.44499969482422,19.44499969482422,19.420000076293945,19.441999435424805,8800,0.0,0.0,0.0
2022-05-31 00:00:00-04:00,19.75,19.799999237060547,19.75,19.788999557495117,46000,0.0,0.0,0.0
2022-06-01 00:00:00-04:00,19.719999313354492,19.719999313354492,19.520000457763672,19.579999923706055,27000,0.0,0.0,0.0
2022-06-02 00:00:00-04:00,19.7549991607666,19.98900032043457,19.7450008392334,19.979999542236328,7000,0.0,0.0,0.0
2022-06-03 00:00:00-04:00,19.959999084472656,19.959999084472656,19.874000549316406,19.874000549316406,14400,0.0,0.0,0.0
2022-06-06 00:00:00-04:00,20.309999465942383,20.420000076293945,20.27400016784668,20.27400016784668,5000,0.0,0.0,0.0
2022-06-07 00:00:00-04:00,20.538000106811523,20.719999313354492,20.520000457763672,20.70800018310547,20100,0.0,0.0,0.0
2022-06-08 00:00:00-04:00,20.68000030517578,20.75,20.601999282836914,20.601999282836914,22000,0.0,0.0,0.0
2022-06-09 00:00:00-04:00,20.5,20.5,20.270000457763672,20.280000686645508,37800,0.0,0.0,0.0
2022-06-10 00:00:00-04:00,20.510000228881836,20.549999237060547,20.5,20.5,2600,0.0,0.0,0.0
2022-06-13 00:00:00-04:00,20.309999465942383,20.31999969482422,20.200000762939453,20.200000762939453,20500,0.0,0.0,0.0
2022-06-14 00:00:00-04:00,20.469999313354492,20.645000457763672,20.469999313354492,20.583999633789062,93300,0.0,0.0,0.0
2022-06-15 00:00:00-04:00,21.059999465942383,21.34000015258789,21.059999465942383,21.34000015258789,10700,0.0,0.0,0.0
2022-06-16 00:00:00-04:00,20.809999465942383,21.0,20.799999237060547,21.0,115900,0.0,0.0,0.0
2022-06-17 00:00:00-04:00,21.399999618530273,21.43000030517578,21.149999618530273,21.402999877929688,52600,0.0,0.0,0.0
2022-06-21 00:00:00-04:00,21.336000442504883,21.459999084472656,21.336000442504883,21.41900062561035,28600,0.0,0.0,0.0
2022-06-22 00:00:00-04:00,20.989999771118164,21.1299991607666,20.989999771118164,21.09000015258789,27800,0.0,0.0,0.0
2022-06-23 00:00:00-04:00,21.389999389648438,21.424999237060547,21.329999923706055,21.382999420166016,29200,0.0,0.0,0.0
2022-06-24 00:00:00-04:00,21.719999313354492,21.739999771118164,21.68000030517578,21.73699951171875,14800,0.0,0.0,0.0
2022-06-27 00:00:00-04:00,21.84000015258789,21.96500015258789,21.84000015258789,21.89699935913086,10200,0.0,0.0,0.0
2022-06-28 00:00:00-04:00,22.059999465942383,22.059999465942383,21.84000015258789,21.847000122070312,21500,0.0,0.0,0.0
2022-06-29 00:00:00-04:00,21.739999771118164,21.850000381469727,21.71500015258789,21.715999603271484,32400,0.0,0.0,0.0
2022-06-30 00:00:00-04:00,22.09000015258789,22.209999084472656,22.049999237060547,22.207000732421875,10700,0.0,0.0,0.0
2022-07-01 00:00:00-04:00,22.149999618530273,22.290000915527344,22.139999389648438,22.273000717163086,25000,0.0,0.0,0.0
2022-07-05 00:00:00-04:00,22.309999465942383,22.40999984741211,22.15999984741211,22.400999069213867,19100,0.0,0.0,0.0
2022-07-06 00:00:00-04:00,22.100000381469727,22.200000762939453,22.030000686645508,22.094999313354492,31900,0.0,0.0,0.0
2022-07-07 00:00:00-04:00,22.34000015258789,22.34000015258789,22.15999984741211,22.229999542236328,38400,0.0,0.0,0.0
2022-07-08 00:00:00-04:00,22.040000915527344,22.059999465942383,21.940000534057617,21.979999542236328,47300,0.0,0.0,0.0
2022-07-11 00:00:00-04:00,21.510000228881836,21.579999923706055,21.344999313354492,21.389999389648438,12700,0.0,0.0,0.0
2022-07-12 00:00:00-04:00,21.030000686645508,21.1299991607666,21.010000228881836,21.010000228881836,16900,0.0,0.0,0.0
2022-07-13 00:00:00-04:00,20.850000381469727,21.090999603271484,20.850000381469727,21.030000686645508,24800,0.0,0.0,0.0
2022-07-14 00:00:00-04:00,20.8799991607666,20.8799991607666,20.670000076293945,20.81599998474121,119100,0.0,0.0,0.0
2022-07-15 00:00:00-04:00,20.469999313354492,20.514999389648438,20.420000076293945,20.514999389648438,86000,0.0,0.0,0.0
2022-07-18 00:00:00-04:00,20.510000228881836,20.65999984741211,20.510000228881836,20.520000457763672,22500,0.0,0.0,0.0
2022-07-19 00:00:00-04:00,20.739999771118164,20.8700008392334,20.670000076293945,20.670000076293945,13900,0.0,0.0,0.0
2022-07-20 00:00:00-04:00,20.700000762939453,20.704999923706055,20.638999938964844,20.649999618530273,27500,0.0,0.0,0.0
2022-07-21 00:00:00-04:00,20.520000457763672,20.520000457763672,20.440000534057617,20.483999252319336,34700,0.0,0.0,0.0
2022-07-22 00:00:00-04:00,20.530000686645508,20.530000686645508,20.3799991607666,20.43000030517578,38400,0.0,0.0,0.0
2022-07-25 00:00:00-04:00,20.440000534057617,20.579999923706055,20.389999389648438,20.420000076293945,28200,0.0,0.0,0.0
2022-07-26 00:00:00-04:00,20.43000030517578,20.739999771118164,20.43000030517578,20.600000381469727,8600,0.0,0.0,0.0
2022-07-27 00:00:00-04:00,20.565000534057617,20.700000762939453,20.549999237060547,20.670000076293945,17100,0.0,0.0,0.0
2022-07-28 00:00:00-04:00,20.386999130249023,20.5,20.360000610351562,20.469999313354492,21800,0.0,0.0,0.0
2022-07-29 00:00:00-04:00,20.059999465942383,20.110000610351562,20.059999465942383,20.110000610351562,4600,0.0,0.0,0.0
2022-08-01 00:00:00-04:00,20.200000762939453,20.229999542236328,20.155000686645508,20.18000030517578,17900,0.0,0.0,0.0
2022-08-02 00:00:00-04:00,19.649999618530273,19.979999542236328,19.649999618530273,19.90999984741211,30800,0.0,0.0,0.0
2022-08-03 00:00:00-04:00,19.770000457763672,19.770000457763672,19.579999923706055,19.700000762939453,11000,0.0,0.0,0.0
2022-08-04 00:00:00-04:00,19.916000366210938,19.959999084472656,19.8799991607666,19.93000030517578,17800,0.0,0.0,0.0
2022-08-05 00:00:00-04:00,20.239999771118164,20.239999771118164,20.15999984741211,20.200000762939453,6400,0.0,0.0,0.0
2022-08-08 00:00:00-04:00,20.399999618530273,20.399999618530273,20.299999237060547,20.31999969482422,11300,0.0,0.0,0.0
2022-08-09 00:00:00-04:00,20.358999252319336,20.3799991607666,20.34000015258789,20.3700008392334,6400,0.0,0.0,0.0
2022-08-10 00:00:00-04:00,20.350000381469727,20.3799991607666,20.341999053955078,20.341999053955078,10000,0.0,0.0,0.0
2022-08-11 00:00:00-04:00,20.3799991607666,20.655000686645508,20.3799991607666,20.510000228881836,18000,0.0,0.0,0.0
2022-08-12 00:00:00-04:00,20.549999237060547,20.610000610351562,20.481000900268555,20.610000610351562,11600,0.0,0.0,0.0
2022-08-15 00:00:00-04:00,20.417999267578125,20.417999267578125,20.290000915527344,20.299999237060547,22600,0.0,0.0,0.0
2022-08-16 00:00:00-04:00,20.420000076293945,20.440000534057617,20.350000381469727,20.440000534057617,11700,0.0,0.0,0.0
2022-08-17 00:00:00-04:00,20.489999771118164,20.530000686645508,20.43000030517578,20.47599983215332,3500,0.0,0.0,0.0
2022-08-18 00:00:00-04:00,20.357999801635742,20.357999801635742,20.31999969482422,20.334999084472656,8900,0.0,0.0,0.0
2022-08-19 00:00:00-04:00,20.13599967956543,20.15999984741211,20.110000610351562,20.15999984741211,1900,0.0,0.0,0.0
2022-08-22 00:00:00-04:00,20.350000381469727,20.375999450683594,20.349000930786133,20.375999450683594,2200,0.0,0.0,0.0
2022-08-23 00:00:00-04:00,20.450000762939453,20.450000762939453,20.399999618530273,20.409000396728516,2300,0.0,0.0,0.0
2022-08-24 00:00:00-04:00,19.940000534057617,20.06999969482422,19.940000534057617,20.010000228881836,23800,0.0,0.0,0.0
2022-08-25 00:00:00-04:00,20.260000228881836,20.295000076293945,20.200000762939453,20.25,13100,0.0,0.0,0.0
2022-08-26 00:00:00-04:00,20.229999542236328,20.229999542236328,19.940000534057617,19.959999084472656,6100,0.0,0.0,0.0
2022-08-29 00:00:00-04:00,20.0,20.0,19.892000198364258,19.920000076293945,26600,0.0,0.0,0.0
2022-08-30 00:00:00-04:00,19.760000228881836,19.780000686645508,19.690000534057617,19.760000228881836,10200,0.0,0.0,0.0
2022-08-31 00:00:00-04:00,19.770000457763672,19.770000457763672,19.649999618530273,19.700000762939453,20200,0.0,0.0,0.0
2022-09-01 00:00:00-04:00,19.690000534057617,19.700000762939453,19.649999618530273,19.700000762939453,39400,0.0,0.0,0.0
2022-09-02 00:00:00-04:00,19.600000381469727,19.600000381469727,19.440000534057617,19.489999771118164,9700,0.0,0.0,0.0
2022-09-06 00:00:00-04:00,19.389999389648438,19.579999923706055,19.389999389648438,19.545000076293945,12400,0.0,0.0,0.0
2022-09-07 00:00:00-04:00,19.530000686645508,19.690000534057617,19.510000228881836,19.690000534057617,10200,0.0,0.0,0.0
2022-09-08 00:00:00-04:00,19.458999633789062,19.540000915527344,19.440000534057617,19.540000915527344,12500,0.0,0.0,0.0
2022-09-09 00:00:00-04:00,19.639999389648438,19.700000762939453,19.631000518798828,19.690000534057617,2800,0.0,0.0,0.0
2022-09-12 00:00:00-04:00,19.719999313354492,19.799999237060547,19.68000030517578,19.790000915527344,20200,0.0,0.0,0.0
2022-09-13 00:00:00-04:00,19.59000015258789,19.610000610351562,19.450000762939453,19.450000762939453,24300,0.0,0.0,0.0
2022-09-14 00:00:00-04:00,19.530000686645508,19.90999984741211,19.469999313354492,19.520000457763672,27200,0.0,0.0,0.0
2022-09-15 00:00:00-04:00,19.190000534057617,19.190000534057617,19.06999969482422,19.09000015258789,14200,0.0,0.0,0.0
2022-09-16 00:00:00-04:00,18.760000228881836,18.760000228881836,18.639999389648438,18.704999923706055,4400,0.0,0.0,0.0
2022-09-19 00:00:00-04:00,18.68000030517578,18.735000610351562,18.68000030517578,18.735000610351562,1100,0.0,0.0,0.0
2022-09-20 00:00:00-04:00,18.6299991607666,18.68000030517578,18.6299991607666,18.667999267578125,4500,0.0,0.0,0.0
2022-09-21 00:00:00-04:00,18.594999313354492,18.6200008392334,18.503999710083008,18.5049991607666,5700,0.0,0.0,0.0
2022-09-22 00:00:00-04:00,18.469999313354492,18.489999771118164,18.399999618530273,18.448999404907227,3300,0.0,0.0,0.0
2022-09-23 00:00:00-04:00,18.049999237060547,18.05299949645996,18.010000228881836,18.049999237060547,1500,0.0,0.0,0.0
2022-09-26 00:00:00-04:00,18.010000228881836,18.018999099731445,17.90999984741211,17.947999954223633,6200,0.0,0.0,0.0
2022-09-27 00:00:00-04:00,18.1200008392334,18.1299991607666,17.993000030517578,18.062000274658203,10400,0.0,0.0,0.0
2022-09-28 00:00:00-04:00,17.84000015258789,18.020000457763672,17.7450008392334,17.979000091552734,11700,0.0,0.0,0.0
2022-09-29 00:00:00-04:00,18.030000686645508,18.149999618530273,18.030000686645508,18.12299919128418,9000,0.0,0.0,0.0
2022-09-30 00:00:00-04:00,17.920000076293945,17.920000076293945,17.75,17.759000778198242,9100,0.0,0.0,0.0
2022-10-03 00:00:00-04:00,17.888999938964844,17.90999984741211,17.829999923706055,17.89900016784668,23500,0.0,0.0,0.0
2022-10-04 00:00:00-04:00,18.18000030517578,18.459999084472656,18.18000030517578,18.424999237060547,8200,0.0,0.0,0.0
2022-10-05 00:00:00-04:00,18.479000091552734,18.562000274658203,18.46500015258789,18.54599952697754,6000,0.0,0.0,0.0
2022-10-06 00:00:00-04:00,18.579999923706055,18.579999923706055,18.399999618530273,18.44700050354004,7400,0.0,0.0,0.0
2022-10-07 00:00:00-04:00,18.110000610351562,18.1299991607666,18.049999237060547,18.05699920654297,2700,0.0,0.0,0.0
2022-10-10 00:00:00-04:00,17.68000030517578,17.68000030517578,17.510000228881836,17.53499984741211,4500,0.0,0.0,0.0
2022-10-11 00:00:00-04:00,17.40999984741211,17.559999465942383,17.40999984741211,17.458999633789062,9500,0.0,0.0,0.0
2022-10-12 00:00:00-04:00,17.624000549316406,17.649999618530273,17.56999969482422,17.621000289916992,4500,0.0,0.0,0.0
2022-10-13 00:00:00-04:00,17.209999084472656,17.799999237060547,17.209999084472656,17.759000778198242,12700,0.0,0.0,0.0
2022-10-14 00:00:00-04:00,18.010000228881836,18.010000228881836,17.934999465942383,17.975000381469727,16900,0.0,0.0,0.0
2022-10-17 00:00:00-04:00,18.170000076293945,18.219999313354492,18.079999923706055,18.11199951171875,14900,0.0,0.0,0.0
2022-10-18 00:00:00-04:00,18.020000457763672,18.020000457763672,17.822999954223633,17.916000366210938,6200,0.0,0.0,0.0
2022-10-19 00:00:00-04:00,17.530000686645508,17.639999389648438,17.489999771118164,17.520000457763672,10800,0.0,0.0,0.0
2022-10-20 00:00:00-04:00,17.618999481201172,17.71500015258789,17.525999069213867,17.525999069213867,8500,0.0,0.0,0.0
2022-10-21 00:00:00-04:00,17.489999771118164,17.610000610351562,17.329999923706055,17.606000900268555,7500,0.0,0.0,0.0
2022-10-24 00:00:00-04:00,16.799999237060547,16.874000549316406,16.790000915527344,16.841999053955078,17800,0.0,0.0,0.0
2022-10-25 00:00:00-04:00,16.889999389648438,16.986000061035156,16.889999389648438,16.985000610351562,2800,0.0,0.0,0.0
2022-10-26 00:00:00-04:00,17.15999984741211,17.469999313354492,17.15999984741211,17.440000534057617,2200,0.0,0.0,0.0
2022-10-27 00:00:00-04:00,17.219999313354492,17.219999313354492,17.0049991607666,17.0049991607666,5300,0.0,0.0,0.0
2022-10-28 00:00:00-04:00,16.57900047302246,16.6299991607666,16.55500030517578,16.618999481201172,3700,0.0,0.0,0.0
2022-10-31 00:00:00-04:00,16.229999542236328,16.27899932861328,16.209999084472656,16.211000442504883,4800,0.0,0.0,0.0
2022-11-01 00:00:00-04:00,16.628999710083008,16.665000915527344,16.614999771118164,16.614999771118164,14800,0.0,0.0,0.0
2022-11-02 00:00:00-04:00,16.709999084472656,16.90999984741211,16.709999084472656,16.729000091552734,8400,0.0,0.0,0.0
2022-11-03 00:00:00-04:00,16.889999389648438,16.899999618530273,16.829999923706055,16.834999084472656,30000,0.0,0.0,0.0
2022-11-04 00:00:00-04:00,17.700000762939453,17.920000076293945,17.68000030517578,17.9060001373291,65000,0.0,0.0,0.0
2022-11-07 00:00:00-05:00,17.649999618530273,17.649999618530273,17.559999465942383,17.625,21700,0.0,0.0,0.0
2022-11-08 00:00:00-05:00,18.0,18.0,17.40999984741211,17.514999389648438,8500,0.0,0.0,0.0
2022-11-09 00:00:00-05:00,17.274999618530273,17.274999618530273,17.125,17.145000457763672,9500,0.0,0.0,0.0
2022-11-10 00:00:00-05:00,17.540000915527344,17.634000778198242,17.469999313354492,17.634000778198242,6200,0.0,0.0,0.0
2022-11-11 00:00:00-05:00,17.81999969482422,17.958999633789062,17.81999969482422,17.881999969482422,14000,0.0,0.0,0.0
2022-11-14 00:00:00-05:00,17.690000534057617,17.81100082397461,17.690000534057617,17.809999465942383,6400,0.0,0.0,0.0
2022-11-15 00:00:00-05:00,18.125,18.219999313354492,18.100000381469727,18.166000366210938,29900,0.0,0.0,0.0
2022-11-16 00:00:00-05:00,17.770000457763672,17.7810001373291,17.739999771118164,17.76099967956543,4800,0.0,0.0,0.0
2022-11-17 00:00:00-05:00,17.64699935913086,17.72599983215332,17.64699935913086,17.72599983215332,5500,0.0,0.0,0.0
2022-11-18 00:00:00-05:00,17.670000076293945,17.679000854492188,17.6299991607666,17.666000366210938,3900,0.0,0.0,0.0
2022-11-21 00:00:00-05:00,17.43000030517578,17.559999465942383,17.43000030517578,17.510000228881836,27400,0.0,0.0,0.0
2022-11-22 00:00:00-05:00,17.545000076293945,17.600000381469727,17.5,17.524999618530273,10600,0.0,0.0,0.0
2022-11-23 00:00:00-05:00,17.559999465942383,17.569000244140625,17.5,17.559999465942383,3700,0.0,0.0,0.0
2022-11-25 00:00:00-05:00,17.31999969482422,17.3700008392334,17.309999465942383,17.334999084472656,1400,0.0,0.0,0.0
2022-11-28 00:00:00-05:00,17.229999542236328,17.229999542236328,17.1200008392334,17.149999618530273,9000,0.0,0.0,0.0
2022-11-29 00:00:00-05:00,17.25,17.790000915527344,17.25,17.75,12300,0.0,0.0,0.0
2022-11-30 00:00:00-05:00,18.040000915527344,18.15999984741211,17.979999542236328,18.1560001373291,7600,0.0,0.0,0.0
2022-12-01 00:00:00-05:00,18.05500030517578,18.059999465942383,17.90999984741211,17.979999542236328,7900,0.0,0.0,0.0
2022-12-02 00:00:00-05:00,17.969999313354492,18.209999084472656,17.969999313354492,18.190000534057617,13500,0.0,0.0,0.0
2022-12-05 00:00:00-05:00,18.079999923706055,18.079999923706055,17.920000076293945,17.920000076293945,5500,0.0,0.0,0.0
2022-12-06 00:00:00-05:00,17.940000534057617,18.06999969482422,17.940000534057617,18.041000366210938,2600,0.0,0.0,0.0
2022-12-07 00:00:00-05:00,18.049999237060547,18.09000015258789,18.010000228881836,18.069000244140625,6300,0.0,0.0,0.0
2022-12-08 00:00:00-05:00,18.200000762939453,18.200000762939453,18.040000915527344,18.05900001525879,14300,0.0,0.0,0.0
2022-12-09 00:00:00-05:00,18.18000030517578,18.18000030517578,17.89900016784668,17.89900016784668,72600,0.0,0.0,0.0
2022-12-12 00:00:00-05:00,17.68000030517578,17.739999771118164,17.649999618530273,17.718000411987305,108000,0.0,0.0,0.0
2022-12-13 00:00:00-05:00,17.829999923706055,17.860000610351562,17.709999084472656,17.716999053955078,8500,0.0,0.0,0.0
2022-12-14 00:00:00-05:00,17.729999542236328,17.780000686645508,17.610000610351562,17.722999572753906,43900,0.0,0.0,0.0
2022-12-15 00:00:00-05:00,17.6299991607666,17.780000686645508,17.530000686645508,17.6299991607666,53400,0.0,0.0,0.0
2022-12-16 00:00:00-05:00,17.43000030517578,17.450000762939453,17.399999618530273,17.405000686645508,9100,0.0,0.0,0.0
2022-12-19 00:00:00-05:00,17.239999771118164,17.239999771118164,17.17099952697754,17.187999725341797,21900,0.0,0.0,0.0
2022-12-20 00:00:00-05:00,17.270000457763672,17.270000457763672,17.09000015258789,17.121000289916992,24800,0.0,0.0,0.0
2022-12-21 00:00:00-05:00,17.049999237060547,17.059999465942383,16.93000030517578,17.03499984741211,72800,0.0,0.0,0.0
2022-12-22 00:00:00-05:00,16.850000381469727,16.850000381469727,16.6299991607666,16.71500015258789,137000,0.0,0.0,0.0
2022-12-23 00:00:00-05:00,16.719999313354492,16.719999313354492,16.670000076293945,16.711999893188477,21900,0.0,0.0,0.0
2022-12-27 00:00:00-05:00,17.0,17.364999771118164,17.0,17.356000900268555,73900,0.0,0.0,0.0
2022-12-28 00:00:00-05:00,17.059999465942383,17.059999465942383,16.770000457763672,16.799999237060547,25900,0.0,0.0,0.0
2022-12-29 00:00:00-05:00,16.989999771118164,17.040000915527344,16.979999542236328,17.01099967956543,36800,0.0,0.0,0.0
2022-12-30 00:00:00-05:00,17.059999465942383,17.209999084472656,17.059999465942383,17.089000701904297,34400,0.0,0.0,0.0
2023-01-03 00:00:00-05:00,17.170000076293945,17.540000915527344,17.170000076293945,17.429000854492188,6900,0.0,0.0,0.0
2023-01-04 00:00:00-05:00,17.45800018310547,17.610000610351562,17.440000534057617,17.597999572753906,5600,0.0,0.0,0.0
2023-01-05 00:00:00-05:00,17.729999542236328,17.770000457763672,17.729999542236328,17.76099967956543,3300,0.0,0.0,0.0
2023-01-06 00:00:00-05:00,18.059999465942383,18.290000915527344,18.059999465942383,18.260000228881836,7000,0.0,0.0,0.0
2023-01-09 00:00:00-05:00,18.540000915527344,18.540000915527344,18.40999984741211,18.44499969482422,10500,0.0,0.0,0.0
2023-01-10 00:00:00-05:00,18.469999313354492,18.540000915527344,18.42799949645996,18.52899932861328,2900,0.0,0.0,0.0
2023-01-11 00:00:00-05:00,18.469999313354492,18.579999923706055,18.469999313354492,18.5,70100,0.0,0.0,0.0
2023-01-12 00:00:00-05:00,18.540000915527344,18.649999618530273,18.540000915527344,18.611000061035156,65400,0.0,0.0,0.0
2023-01-13 00:00:00-05:00,18.77899932861328,18.849000930786133,18.770000457763672,18.8439998626709,31700,0.0,0.0,0.0
2023-01-17 00:00:00-05:00,18.84000015258789,18.899999618530273,18.84000015258789,18.8700008392334,18900,0.0,0.0,0.0
2023-01-18 00:00:00-05:00,18.899999618530273,18.899999618530273,18.777000427246094,18.777000427246094,4500,0.0,0.0,0.0
2023-01-19 00:00:00-05:00,18.860000610351562,18.90999984741211,18.700000762939453,18.900999069213867,10300,0.0,0.0,0.0
2023-01-20 00:00:00-05:00,18.9689998626709,19.040000915527344,18.9689998626709,19.03499984741211,7400,0.0,0.0,0.0
2023-01-23 00:00:00-05:00,19.110000610351562,19.219999313354492,19.079999923706055,19.11400032043457,14700,0.0,0.0,0.0
2023-01-24 00:00:00-05:00,19.0,19.15999984741211,19.0,19.079999923706055,9300,0.0,0.0,0.0
2023-01-25 00:00:00-05:00,19.059999465942383,19.235000610351562,19.059999465942383,19.235000610351562,2200,0.0,0.0,0.0
2023-01-26 00:00:00-05:00,19.420000076293945,19.459999084472656,19.350000381469727,19.459999084472656,10300,0.0,0.0,0.0
2023-01-27 00:00:00-05:00,19.399999618530273,19.409000396728516,19.299999237060547,19.3700008392334,8400,0.0,0.0,0.0
2023-01-30 00:00:00-05:00,19.200000762939453,19.200000762939453,19.049999237060547,19.084999084472656,49000,0.0,0.0,0.0
2023-01-31 00:00:00-05:00,19.100000381469727,19.139999389648438,19.049999237060547,19.139999389648438,19900,0.0,0.0,0.0
2023-02-01 00:00:00-05:00,19.110000610351562,19.43000030517578,19.110000610351562,19.261999130249023,39900,0.0,0.0,0.0
2023-02-02 00:00:00-05:00,18.969999313354492,19.05900001525879,18.969999313354492,19.03499984741211,3200,0.0,0.0,0.0
2023-02-03 00:00:00-05:00,18.770000457763672,18.770000457763672,18.584999084472656,18.607999801635742,120600,0.0,0.0,0.0
2023-02-06 00:00:00-05:00,18.610000610351562,18.6299991607666,18.488000869750977,18.573999404907227,92100,0.0,0.0,0.0
2023-02-07 00:00:00-05:00,18.950000762939453,19.399999618530273,18.559999465942383,18.65399932861328,188400,0.0,0.0,0.0
2023-02-08 00:00:00-05:00,18.65999984741211,18.65999984741211,18.489999771118164,18.559999465942383,80100,0.0,0.0,0.0
2023-02-09 00:00:00-05:00,18.8799991607666,18.90999984741211,18.760000228881836,18.80900001525879,161300,0.0,0.0,0.0
2023-02-10 00:00:00-05:00,18.709999084472656,18.709999084472656,18.459999084472656,18.5,84700,0.0,0.0,0.0
2023-02-13 00:00:00-05:00,18.625,18.770000457763672,18.579999923706055,18.72599983215332,65900,0.0,0.0,0.0
2023-02-14 00:00:00-05:00,18.614999771118164,18.632999420166016,18.520000457763672,18.559999465942383,26400,0.0,0.0,0.0
2023-02-15 00:00:00-05:00,18.420000076293945,18.559999465942383,18.31999969482422,18.43600082397461,101500,0.0,0.0,0.0
2023-02-16 00:00:00-05:00,18.200000762939453,18.200000762939453,18.0,18.149999618530273,119100,0.0,0.0,0.0
2023-02-17 00:00:00-05:00,17.8700008392334,17.8700008392334,17.59000015258789,17.81999969482422,62000,0.0,0.0,0.0
2023-02-21 00:00:00-05:00,18.040000915527344,18.17300033569336,18.040000915527344,18.058000564575195,129900,0.0,0.0,0.0
2023-02-22 00:00:00-05:00,18.020000457763672,18.045000076293945,17.780000686645508,17.86199951171875,286300,0.0,0.0,0.0
2023-02-23 00:00:00-05:00,17.950000762939453,18.07900047302246,17.90999984741211,17.934999465942383,21400,0.0,0.0,0.0
2023-02-24 00:00:00-05:00,17.510000228881836,17.573999404907227,17.45800018310547,17.5,61800,0.0,0.0,0.0
2023-02-27 00:00:00-05:00,17.639999389648438,17.739999771118164,17.639999389648438,17.690000534057617,69600,0.0,0.0,0.0
2023-02-28 00:00:00-05:00,17.65999984741211,17.81999969482422,17.65999984741211,17.72599983215332,52900,0.0,0.0,0.0
2023-03-01 00:00:00-05:00,18.049999237060547,18.049999237060547,17.8799991607666,17.96500015258789,24800,0.0,0.0,0.0
2023-03-02 00:00:00-05:00,17.8700008392334,17.8700008392334,17.743000030517578,17.799999237060547,75500,0.0,0.0,0.0
2023-03-03 00:00:00-05:00,17.820999145507812,17.92300033569336,17.809999465942383,17.913999557495117,9300,0.0,0.0,0.0
2023-03-06 00:00:00-05:00,17.799999237060547,17.850000381469727,17.729999542236328,17.738000869750977,9800,0.0,0.0,0.0
2023-03-07 00:00:00-05:00,17.56999969482422,17.56999969482422,17.389999389648438,17.389999389648438,6700,0.0,0.0,0.0
2023-03-08 00:00:00-05:00,17.5,17.55500030517578,17.459999084472656,17.479999542236328,6900,0.0,0.0,0.0
2023-03-09 00:00:00-05:00,17.31999969482422,17.40999984741211,17.25,17.267000198364258,114000,0.0,0.0,0.0
2023-03-10 00:00:00-05:00,17.200000762939453,17.40999984741211,17.200000762939453,17.301000595092773,6400,0.0,0.0,0.0
2023-03-13 00:00:00-04:00,17.229999542236328,17.510000228881836,17.229999542236328,17.450000762939453,12500,0.0,0.0,0.0
2023-03-14 00:00:00-04:00,17.3799991607666,17.450000762939453,17.3799991607666,17.440000534057617,22600,0.0,0.0,0.0
2023-03-15 00:00:00-04:00,17.09000015258789,17.15999984741211,17.040000915527344,17.149999618530273,21800,0.0,0.0,0.0
2023-03-16 00:00:00-04:00,17.09000015258789,17.09000015258789,16.75,16.889999389648438,28100,0.0,0.0,0.0
2023-03-17 00:00:00-04:00,16.899999618530273,16.899999618530273,16.790000915527344,16.84000015258789,13100,0.0,0.0,0.0
2023-03-20 00:00:00-04:00,16.8700008392334,17.0049991607666,16.8700008392334,16.979999542236328,21100,0.0,0.0,0.0
2023-03-21 00:00:00-04:00,17.200000762939453,17.200000762939453,17.110000610351562,17.200000762939453,7100,0.0,0.0,0.0
2023-03-22 00:00:00-04:00,17.18899917602539,17.25,17.149999618530273,17.149999618530273,2400,0.0,0.0,0.0
2023-03-23 00:00:00-04:00,17.260000228881836,17.429000854492188,17.260000228881836,17.31999969482422,6000,0.0,0.0,0.0
2023-03-24 00:00:00-04:00,17.100000381469727,17.142000198364258,17.079999923706055,17.110000610351562,17800,0.0,0.0,0.0
2023-03-27 00:00:00-04:00,17.040000915527344,17.089000701904297,17.010000228881836,17.06999969482422,13700,0.0,0.0,0.0
2023-03-28 00:00:00-04:00,17.06999969482422,17.110000610351562,17.049999237060547,17.06999969482422,14000,0.0,0.0,0.0
2023-03-29 00:00:00-04:00,17.049999237060547,17.05900001525879,17.0,17.011999130249023,9400,0.0,0.0,0.0
2023-03-30 00:00:00-04:00,17.200000762939453,17.270000457763672,17.200000762939453,17.2549991607666,4700,0.0,0.0,0.0
2023-03-31 00:00:00-04:00,17.334999084472656,17.334999084472656,17.229999542236328,17.26300048828125,6300,0.0,0.0,0.0
2023-04-03 00:00:00-04:00,17.40999984741211,17.451000213623047,17.309999465942383,17.451000213623047,14200,0.0,0.0,0.0
2023-04-04 00:00:00-04:00,17.209999084472656,17.288999557495117,17.149999618530273,17.270000457763672,98600,0.0,0.0,0.0
2023-04-05 00:00:00-04:00,17.270000457763672,17.270000457763672,17.190000534057617,17.209999084472656,14500,0.0,0.0,0.0
2023-04-06 00:00:00-04:00,17.309999465942383,17.389999389648438,17.218000411987305,17.360000610351562,3500,0.0,0.0,0.0
2023-04-10 00:00:00-04:00,17.350000381469727,17.3700008392334,17.31999969482422,17.329999923706055,3300,0.0,0.0,0.0
2023-04-11 00:00:00-04:00,17.31999969482422,17.31999969482422,17.280000686645508,17.290000915527344,5500,0.0,0.0,0.0
2023-04-12 00:00:00-04:00,17.309999465942383,17.309999465942383,17.19300079345703,17.239999771118164,12500,0.0,0.0,0.0
2023-04-13 00:00:00-04:00,17.295000076293945,17.329999923706055,17.270000457763672,17.309999465942383,5600,0.0,0.0,0.0
2023-04-14 00:00:00-04:00,17.329999923706055,17.3700008392334,17.260000228881836,17.329999923706055,9700,0.0,0.0,0.0
2023-04-17 00:00:00-04:00,17.40999984741211,17.43899917602539,17.3700008392334,17.43000030517578,6400,0.0,0.0,0.0
2023-04-18 00:00:00-04:00,17.6299991607666,17.6299991607666,17.520000457763672,17.579999923706055,15000,0.0,0.0,0.0
2023-04-19 00:00:00-04:00,17.43000030517578,17.459999084472656,17.420000076293945,17.440000534057617,3500,0.0,0.0,0.0
2023-04-20 00:00:00-04:00,17.309999465942383,17.309999465942383,17.225000381469727,17.260000228881836,10200,0.0,0.0,0.0
2023-04-21 00:00:00-04:00,17.059999465942383,17.059999465942383,16.899999618530273,16.94499969482422,21500,0.0,0.0,0.0
2023-04-24 00:00:00-04:00,16.719999313354492,16.739999771118164,16.719999313354492,16.719999313354492,52100,0.0,0.0,0.0
2023-04-25 00:00:00-04:00,16.440000534057617,16.469999313354492,16.280000686645508,16.299999237060547,14800,0.0,0.0,0.0
2023-04-26 00:00:00-04:00,16.690000534057617,16.709999084472656,16.6299991607666,16.639999389648438,14000,0.0,0.0,0.0
2023-04-27 00:00:00-04:00,16.709999084472656,16.809999465942383,16.709999084472656,16.809999465942383,4100,0.0,0.0,0.0
2023-04-28 00:00:00-04:00,16.819000244140625,16.84000015258789,16.799999237060547,16.799999237060547,2000,0.0,0.0,0.0
2023-05-01 00:00:00-04:00,16.749000549316406,16.75,16.722999572753906,16.739999771118164,24500,0.0,0.0,0.0
2023-05-02 00:00:00-04:00,16.559999465942383,16.700000762939453,16.559999465942383,16.700000762939453,20400,0.0,0.0,0.0
2023-05-03 00:00:00-04:00,16.687000274658203,16.709999084472656,16.670000076293945,16.670000076293945,7800,0.0,0.0,0.0
2023-05-04 00:00:00-04:00,16.81999969482422,16.850000381469727,16.799999237060547,16.81999969482422,9100,0.0,0.0,0.0
2023-05-05 00:00:00-04:00,16.770000457763672,16.78499984741211,16.75,16.770000457763672,3000,0.0,0.0,0.0
2023-05-08 00:00:00-04:00,16.809999465942383,16.829999923706055,16.780000686645508,16.780000686645508,10500,0.0,0.0,0.0
2023-05-09 00:00:00-04:00,16.649999618530273,16.649999618530273,16.559999465942383,16.600000381469727,47900,0.0,0.0,0.0
2023-05-10 00:00:00-04:00,16.461000442504883,16.479999542236328,16.43000030517578,16.479999542236328,6900,0.0,0.0,0.0
2023-05-11 00:00:00-04:00,16.40999984741211,16.420000076293945,16.309999465942383,16.399999618530273,80000,0.0,0.0,0.0
2023-05-12 00:00:00-04:00,16.069000244140625,16.069000244140625,16.010000228881836,16.040000915527344,9900,0.0,0.0,0.0
2023-05-15 00:00:00-04:00,16.540000915527344,16.549999237060547,16.43000030517578,16.530000686645508,7200,0.0,0.0,0.0
2023-05-16 00:00:00-04:00,16.3799991607666,16.399999618530273,16.329999923706055,16.364999771118164,22000,0.0,0.0,0.0
2023-05-17 00:00:00-04:00,16.299999237060547,16.299999237060547,16.232999801635742,16.280000686645508,5700,0.0,0.0,0.0
2023-05-18 00:00:00-04:00,16.1200008392334,16.1200008392334,16.09000015258789,16.110000610351562,5000,0.0,0.0,0.0
2023-05-19 00:00:00-04:00,16.229999542236328,16.229999542236328,16.20199966430664,16.211000442504883,3100,0.0,0.0,0.0
2023-05-22 00:00:00-04:00,16.190000534057617,16.219999313354492,16.15999984741211,16.163000106811523,11500,0.0,0.0,0.0
2023-05-23 00:00:00-04:00,16.040000915527344,16.040000915527344,15.91100025177002,15.91100025177002,4000,0.0,0.0,0.0
2023-05-24 00:00:00-04:00,15.880000114440918,15.880000114440918,15.850000381469727,15.864999771118164,2500,0.0,0.0,0.0
2023-05-25 00:00:00-04:00,16.09000015258789,16.09000015258789,15.914999961853027,15.925000190734863,9900,0.0,0.0,0.0
2023-05-26 00:00:00-04:00,15.960000038146973,16.020000457763672,15.880000114440918,16.0049991607666,9800,0.0,0.0,0.0
2023-05-30 00:00:00-04:00,15.640000343322754,15.640000343322754,15.60099983215332,15.60099983215332,1400,0.0,0.0,0.0
2023-05-31 00:00:00-04:00,15.508999824523926,15.545000076293945,15.460000038146973,15.545000076293945,13400,0.0,0.0,0.0
2023-06-01 00:00:00-04:00,15.380000114440918,15.600000381469727,15.380000114440918,15.555000305175781,23500,0.0,0.0,0.0
2023-06-02 00:00:00-04:00,15.6899995803833,15.710000038146973,15.644000053405762,15.644000053405762,6100,0.0,0.0,0.0
2023-06-05 00:00:00-04:00,15.430000305175781,15.529999732971191,15.430000305175781,15.529999732971191,4800,0.0,0.0,0.0
2023-06-06 00:00:00-04:00,15.364999771118164,15.451000213623047,15.364999771118164,15.451000213623047,4300,0.0,0.0,0.0
2023-06-07 00:00:00-04:00,15.390000343322754,15.390000343322754,15.25100040435791,15.255999565124512,8700,0.0,0.0,0.0
2023-06-08 00:00:00-04:00,15.295000076293945,15.39799976348877,15.295000076293945,15.352999687194824,3900,0.0,0.0,0.0
2023-06-09 00:00:00-04:00,15.3100004196167,15.350000381469727,15.270000457763672,15.307000160217285,4600,0.0,0.0,0.0
2023-06-12 00:00:00-04:00,15.34000015258789,15.380000114440918,15.329999923706055,15.359000205993652,6000,0.0,0.0,0.0
2023-06-13 00:00:00-04:00,15.401000022888184,15.40999984741211,15.34000015258789,15.369999885559082,16300,0.0,0.0,0.0
2023-06-14 00:00:00-04:00,15.350000381469727,15.48900032043457,15.350000381469727,15.430000305175781,20900,0.0,0.0,0.0
2023-06-15 00:00:00-04:00,15.75,15.819999694824219,15.75,15.819999694824219,10500,0.0,0.0,0.0
2023-06-16 00:00:00-04:00,15.8100004196167,15.8100004196167,15.789999961853027,15.800000190734863,4700,0.0,0.0,0.0
2023-06-20 00:00:00-04:00,15.4399995803833,15.460000038146973,15.369999885559082,15.425000190734863,5900,0.0,0.0,0.0
2023-06-21 00:00:00-04:00,15.270000457763672,15.329999923706055,15.270000457763672,15.329999923706055,2600,0.0,0.0,0.0
2023-06-22 00:00:00-04:00,15.260000228881836,15.270000457763672,15.220000267028809,15.246000289916992,8300,0.0,0.0,0.0
2023-06-23 00:00:00-04:00,15.109999656677246,15.109999656677246,15.069999694824219,15.081000328063965,24600,0.0,0.0,0.0
2023-06-26 00:00:00-04:00,15.069999694824219,15.079999923706055,14.970000267028809,15.015000343322754,20300,0.0,0.0,0.0
2023-06-27 00:00:00-04:00,15.220000267028809,15.220000267028809,15.15999984741211,15.199999809265137,7900,0.0,0.0,0.0
2023-06-28 00:00:00-04:00,15.140000343322754,15.220000267028809,15.140000343322754,15.220000267028809,2500,0.0,0.0,0.0
2023-06-29 00:00:00-04:00,15.168999671936035,15.180000305175781,15.149999618530273,15.154999732971191,4900,0.0,0.0,0.0
2023-06-30 00:00:00-04:00,15.25,15.319999694824219,15.25,15.295000076293945,5500,0.0,0.0,0.0
2023-07-03 00:00:00-04:00,15.439000129699707,15.654999732971191,15.3100004196167,15.489999771118164,1100,0.0,0.0,0.0
2023-07-05 00:00:00-04:00,15.34000015258789,15.34000015258789,15.239999771118164,15.291999816894531,1800,0.0,0.0,0.0
2023-07-06 00:00:00-04:00,15.140000343322754,15.189000129699707,15.100000381469727,15.112000465393066,8300,0.0,0.0,0.0
2023-07-07 00:00:00-04:00,15.229999542236328,15.269000053405762,15.220000267028809,15.22700023651123,1900,0.0,0.0,0.0
2023-07-10 00:00:00-04:00,15.199999809265137,15.3100004196167,15.199999809265137,15.300000190734863,10100,0.0,0.0,0.0
2023-07-11 00:00:00-04:00,15.319999694824219,15.350000381469727,15.265000343322754,15.33899974822998,12600,0.0,0.0,0.0
2023-07-12 00:00:00-04:00,15.380000114440918,15.479999542236328,15.380000114440918,15.4399995803833,3400,0.0,0.0,0.0
2023-07-13 00:00:00-04:00,15.5,15.6850004196167,15.5,15.6850004196167,9100,0.0,0.0,0.0
2023-07-14 00:00:00-04:00,15.529999732971191,15.539999961853027,15.489999771118164,15.489999771118164,900,0.0,0.0,0.0
2023-07-17 00:00:00-04:00,15.420000076293945,15.420000076293945,15.364999771118164,15.395000457763672,5100,0.0,0.0,0.0
2023-07-18 00:00:00-04:00,15.239999771118164,15.239999771118164,15.1899995803833,15.225000381469727,3400,0.0,0.0,0.0
2023-07-19 00:00:00-04:00,15.130000114440918,15.149999618530273,15.079999923706055,15.130000114440918,17000,0.0,0.0,0.0
2023-07-20 00:00:00-04:00,15.180000305175781,15.180000305175781,15.069999694824219,15.135000228881836,66100,0.0,0.0,0.0
2023-07-21 00:00:00-04:00,15.039999961853027,15.09000015258789,15.020000457763672,15.02299976348877,6200,0.0,0.0,0.0
2023-07-24 00:00:00-04:00,15.039999961853027,15.189000129699707,15.039999961853027,15.121999740600586,6100,0.0,0.0,0.0
2023-07-25 00:00:00-04:00,15.4399995803833,15.609999656677246,15.420000076293945,15.449999809265137,10500,0.0,0.0,0.0
2023-07-26 00:00:00-04:00,15.449999809265137,15.489999771118164,15.449999809265137,15.470000267028809,12000,0.0,0.0,0.0
2023-07-27 00:00:00-04:00,15.229999542236328,15.300000190734863,15.229999542236328,15.229999542236328,9200,0.0,0.0,0.0
2023-07-28 00:00:00-04:00,15.75,15.798999786376953,15.75,15.75,3200,0.0,0.0,0.0
2023-07-31 00:00:00-04:00,15.675000190734863,15.722999572753906,15.670000076293945,15.722999572753906,16200,0.0,0.0,0.0
2023-08-01 00:00:00-04:00,15.40999984741211,15.5,15.380000114440918,15.401000022888184,25100,0.0,0.0,0.0
2023-08-02 00:00:00-04:00,15.279999732971191,15.329999923706055,15.239999771118164,15.279999732971191,4900,0.0,0.0,0.0
2023-08-03 00:00:00-04:00,15.550000190734863,15.598999977111816,15.5,15.557000160217285,34200,0.0,0.0,0.0
2023-08-04 00:00:00-04:00,15.510000228881836,15.510000228881836,15.470000267028809,15.473999977111816,1300,0.0,0.0,0.0
2023-08-07 00:00:00-04:00,15.3100004196167,15.319999694824219,15.28499984741211,15.319999694824219,4100,0.0,0.0,0.0
2023-08-08 00:00:00-04:00,15.133999824523926,15.199999809265137,15.130000114440918,15.189000129699707,7800,0.0,0.0,0.0
2023-08-09 00:00:00-04:00,15.194999694824219,15.199999809265137,15.170000076293945,15.199999809265137,2500,0.0,0.0,0.0
2023-08-10 00:00:00-04:00,15.300000190734863,15.34000015258789,15.229999542236328,15.229999542236328,4800,0.0,0.0,0.0
2023-08-11 00:00:00-04:00,14.880000114440918,14.880000114440918,14.739999771118164,14.75,2500,0.0,0.0,0.0
2023-08-14 00:00:00-04:00,14.670000076293945,14.720000267028809,14.633999824523926,14.694999694824219,6000,0.0,0.0,0.0
2023-08-15 00:00:00-04:00,14.529999732971191,14.529999732971191,14.479999542236328,14.508999824523926,12000,0.0,0.0,0.0
2023-08-16 00:00:00-04:00,14.40999984741211,14.40999984741211,14.369999885559082,14.369999885559082,800,0.0,0.0,0.0
2023-08-17 00:00:00-04:00,14.59000015258789,14.598999977111816,14.529999732971191,14.53600025177002,10400,0.0,0.0,0.0
2023-08-18 00:00:00-04:00,14.335000038146973,14.380000114440918,14.335000038146973,14.35200023651123,1400,0.0,0.0,0.0
2023-08-21 00:00:00-04:00,14.255000114440918,14.289999961853027,14.255000114440918,14.289999961853027,700,0.0,0.0,0.0
2023-08-22 00:00:00-04:00,14.270000457763672,14.270000457763672,14.21500015258789,14.215999603271484,2400,0.0,0.0,0.0
2023-08-23 00:00:00-04:00,14.079999923706055,14.208999633789062,14.079999923706055,14.15999984741211,9200,0.0,0.0,0.0
2023-08-24 00:00:00-04:00,14.229999542236328,14.229999542236328,14.199999809265137,14.220000267028809,4500,0.0,0.0,0.0
2023-08-25 00:00:00-04:00,14.220000267028809,14.220000267028809,14.119999885559082,14.210000038146973,25900,0.0,0.0,0.0
2023-08-28 00:00:00-04:00,14.390000343322754,14.460000038146973,14.390000343322754,14.430000305175781,5900,0.0,0.0,0.0
2023-08-29 00:00:00-04:00,14.600000381469727,14.729999542236328,14.600000381469727,14.729999542236328,7200,0.0,0.0,0.0
2023-08-30 00:00:00-04:00,14.699999809265137,14.720000267028809,14.675000190734863,14.720000267028809,800,0.0,0.0,0.0
2023-08-31 00:00:00-04:00,14.729999542236328,14.729999542236328,14.649999618530273,14.666000366210938,1500,0.0,0.0,0.0
2023-09-01 00:00:00-04:00,14.890000343322754,14.890000343322754,14.800000190734863,14.890000343322754,12800,0.0,0.0,0.0
2023-09-05 00:00:00-04:00,14.779999732971191,14.819999694824219,14.779999732971191,14.795000076293945,26200,0.0,0.0,0.0
2023-09-06 00:00:00-04:00,14.6899995803833,14.789999961853027,14.6899995803833,14.774999618530273,4400,0.0,0.0,0.0
2023-09-07 00:00:00-04:00,14.510000228881836,14.510000228881836,14.380000114440918,14.404999732971191,7600,0.0,0.0,0.0
2023-09-08 00:00:00-04:00,14.338000297546387,14.369999885559082,14.329999923706055,14.354999542236328,4200,0.0,0.0,0.0
2023-09-11 00:00:00-04:00,14.539999961853027,14.668000221252441,14.539999961853027,14.657999992370605,15000,0.0,0.0,0.0
2023-09-12 00:00:00-04:00,14.510000228881836,14.654999732971191,14.510000228881836,14.654999732971191,16900,0.0,0.0,0.0
2023-09-13 00:00:00-04:00,14.60099983215332,14.63599967956543,14.579999923706055,14.602999687194824,7300,0.0,0.0,0.0
2023-09-14 00:00:00-04:00,14.579999923706055,14.579999923706055,14.480999946594238,14.539999961853027,5300,0.0,0.0,0.0
2023-09-15 00:00:00-04:00,14.479999542236328,14.479999542236328,14.390000343322754,14.390000343322754,10700,0.0,0.0,0.0
2023-09-18 00:00:00-04:00,14.420000076293945,14.470000267028809,14.420000076293945,14.470000267028809,2000,0.0,0.0,0.0
2023-09-19 00:00:00-04:00,14.359999656677246,14.4399995803833,14.359999656677246,14.430000305175781,12800,0.0,0.0,0.0
2023-09-20 00:00:00-04:00,14.470000267028809,14.470000267028809,14.345999717712402,14.362000465393066,5400,0.0,0.0,0.0
2023-09-21 00:00:00-04:00,14.170000076293945,14.199999809265137,14.15999984741211,14.15999984741211,4300,0.0,0.0,0.0
2023-09-22 00:00:00-04:00,14.479999542236328,14.520000457763672,14.4399995803833,14.451000213623047,11200,0.0,0.0,0.0
2023-09-25 00:00:00-04:00,14.329999923706055,14.39900016784668,14.260000228881836,14.368000030517578,7100,0.0,0.0,0.0
2023-09-26 00:00:00-04:00,14.359999656677246,14.375,14.329999923706055,14.354999542236328,3100,0.0,0.0,0.0
2023-09-27 00:00:00-04:00,14.404999732971191,14.420000076293945,14.350000381469727,14.390999794006348,11500,0.0,0.0,0.0
2023-09-28 00:00:00-04:00,14.394000053405762,14.4399995803833,14.369999885559082,14.404999732971191,2600,0.0,0.0,0.0
2023-09-29 00:00:00-04:00,14.51200008392334,14.51200008392334,14.449999809265137,14.461000442504883,4400,0.0,0.0,0.0
2023-10-02 00:00:00-04:00,14.399999618530273,14.413000106811523,14.359999656677246,14.380999565124512,8600,0.0,0.0,0.0
2023-10-03 00:00:00-04:00,14.270000457763672,14.270000457763672,14.1899995803833,14.225000381469727,5300,0.0,0.0,0.0
2023-10-04 00:00:00-04:00,14.140000343322754,14.154999732971191,14.09000015258789,14.121999740600586,8500,0.0,0.0,0.0
2023-10-05 00:00:00-04:00,14.178999900817871,14.220999717712402,14.119999885559082,14.220999717712402,9500,0.0,0.0,0.0
2023-10-06 00:00:00-04:00,14.260000228881836,14.354999542236328,14.260000228881836,14.350000381469727,27600,0.0,0.0,0.0
2023-10-09 00:00:00-04:00,14.260000228881836,14.359999656677246,14.260000228881836,14.345000267028809,6400,0.0,0.0,0.0
2023-10-10 00:00:00-04:00,14.300000190734863,14.3100004196167,14.270000457763672,14.289999961853027,7400,0.0,0.0,0.0
2023-10-11 00:00:00-04:00,14.291999816894531,14.359999656677246,14.263999938964844,14.263999938964844,20900,0.0,0.0,0.0
2023-10-12 00:00:00-04:00,14.274999618530273,14.274999618530273,14.149999618530273,14.1899995803833,12000,0.0,0.0,0.0
2023-10-13 00:00:00-04:00,14.09000015258789,14.170000076293945,14.09000015258789,14.100000381469727,14500,0.0,0.0,0.0
2023-10-16 00:00:00-04:00,13.994999885559082,14.095000267028809,13.994999885559082,14.086999893188477,4900,0.0,0.0,0.0
2023-10-17 00:00:00-04:00,13.829999923706055,14.050000190734863,13.829999923706055,14.010000228881836,13400,0.0,0.0,0.0
2023-10-18 00:00:00-04:00,13.890000343322754,13.890000343322754,13.8100004196167,13.8100004196167,3500,0.0,0.0,0.0
2023-10-19 00:00:00-04:00,13.640000343322754,13.699999809265137,13.600000381469727,13.628999710083008,5300,0.0,0.0,0.0
2023-10-20 00:00:00-04:00,13.460000038146973,13.489999771118164,13.460000038146973,13.460000038146973,7400,0.0,0.0,0.0
2023-10-23 00:00:00-04:00,13.420000076293945,13.4399995803833,13.420000076293945,13.425000190734863,7700,0.0,0.0,0.0
2023-10-24 00:00:00-04:00,13.5,13.670000076293945,13.5,13.65999984741211,3000,0.0,0.0,0.0
2023-10-25 00:00:00-04:00,13.489999771118164,13.539999961853027,13.489999771118164,13.520000457763672,8600,0.0,0.0,0.0
2023-10-26 00:00:00-04:00,13.470000267028809,13.579999923706055,13.470000267028809,13.5600004196167,17200,0.0,0.0,0.0
2023-10-27 00:00:00-04:00,13.6899995803833,13.6899995803833,13.65999984741211,13.65999984741211,5700,0.0,0.0,0.0
2023-10-30 00:00:00-04:00,13.819999694824219,13.824999809265137,13.800000190734863,13.800000190734863,3000,0.0,0.0,0.0
2023-10-31 00:00:00-04:00,13.680000305175781,13.741999626159668,13.649999618530273,13.741999626159668,34800,0.0,0.0,0.0
2023-11-01 00:00:00-04:00,13.675000190734863,13.729000091552734,13.675000190734863,13.729000091552734,3900,0.0,0.0,0.0
2023-11-02 00:00:00-04:00,13.675000190734863,13.710000038146973,13.659000396728516,13.659000396728516,71500,0.0,0.0,0.0
2023-11-03 00:00:00-04:00,13.710000038146973,13.835000038146973,13.710000038146973,13.8100004196167,2400,0.0,0.0,0.0
2023-11-06 00:00:00-05:00,13.890000343322754,13.918000221252441,13.859999656677246,13.883000373840332,7700,0.0,0.0,0.0
2023-11-07 00:00:00-05:00,13.779999732971191,13.869999885559082,13.779999732971191,13.84000015258789,63800,0.0,0.0,0.0
2023-11-08 00:00:00-05:00,13.791000366210938,13.850000381469727,13.791000366210938,13.817000389099121,24600,0.0,0.0,0.0
2023-11-09 00:00:00-05:00,13.779999732971191,13.8100004196167,13.720000267028809,13.720000267028809,5100,0.0,0.0,0.0
2023-11-10 00:00:00-05:00,13.630000114440918,13.670000076293945,13.619999885559082,13.619999885559082,10900,0.0,0.0,0.0
2023-11-13 00:00:00-05:00,13.579999923706055,13.720000267028809,13.579999923706055,13.65999984741211,10800,0.0,0.0,0.0
2023-11-14 00:00:00-05:00,13.8100004196167,13.88700008392334,13.8100004196167,13.869999885559082,8900,0.0,0.0,0.0
2023-11-15 00:00:00-05:00,13.880000114440918,13.895999908447266,13.869999885559082,13.87399959564209,2700,0.0,0.0,0.0
2023-11-16 00:00:00-05:00,13.569999694824219,13.609999656677246,13.569999694824219,13.609999656677246,800,0.0,0.0,0.0
2023-11-17 00:00:00-05:00,13.720000267028809,13.739999771118164,13.720000267028809,13.73900032043457,8000,0.0,0.0,0.0
2023-11-20 00:00:00-05:00,13.84000015258789,13.920000076293945,13.84000015258789,13.920000076293945,9900,0.0,0.0,0.0
2023-11-21 00:00:00-05:00,13.850000381469727,13.869999885559082,13.840999603271484,13.869999885559082,4600,0.0,0.0,0.0
2023-11-22 00:00:00-05:00,13.789999961853027,13.789999961853027,13.6899995803833,13.720000267028809,6800,0.0,0.0,0.0
2023-11-24 00:00:00-05:00,13.670000076293945,13.760000228881836,13.670000076293945,13.760000228881836,7500,0.0,0.0,0.0
2023-11-27 00:00:00-05:00,13.609999656677246,13.65999984741211,13.609999656677246,13.609999656677246,33800,0.0,0.0,0.0
2023-11-28 00:00:00-05:00,13.70199966430664,13.729999542236328,13.6899995803833,13.729999542236328,2000,0.0,0.0,0.0
2023-11-29 00:00:00-05:00,13.609999656677246,13.630000114440918,13.600000381469727,13.609999656677246,8800,0.0,0.0,0.0
2023-11-30 00:00:00-05:00,13.600000381469727,13.600000381469727,13.550000190734863,13.600000381469727,13700,0.0,0.0,0.0
2023-12-01 00:00:00-05:00,13.359999656677246,13.505000114440918,13.359999656677246,13.5,17300,0.0,0.0,0.0
2023-12-04 00:00:00-05:00,13.399999618530273,13.449999809265137,13.319999694824219,13.397000312805176,16300,0.0,0.0,0.0
2023-12-05 00:00:00-05:00,13.15999984741211,13.15999984741211,13.119999885559082,13.137999534606934,13300,0.0,0.0,0.0
2023-12-06 00:00:00-05:00,13.170000076293945,13.170000076293945,13.109999656677246,13.118000030517578,14800,0.0,0.0,0.0
2023-12-07 00:00:00-05:00,13.1899995803833,13.210000038146973,13.170000076293945,13.17300033569336,28400,0.0,0.0,0.0
2023-12-08 00:00:00-05:00,13.170000076293945,13.170000076293945,13.130000114440918,13.140000343322754,187300,0.0,0.0,0.0
2023-12-11 00:00:00-05:00,13.15999984741211,13.267000198364258,13.15999984741211,13.239999771118164,14600,0.0,0.0,0.0
2023-12-12 00:00:00-05:00,13.270000457763672,13.270000457763672,13.239999771118164,13.262999534606934,3300,0.0,0.0,0.0
2023-12-13 00:00:00-05:00,13.0600004196167,13.20199966430664,12.970000267028809,13.20199966430664,143800,0.0,0.0,0.0
2023-12-14 00:00:00-05:00,13.210000038146973,13.210000038146973,13.149999618530273,13.170000076293945,5700,0.0,0.0,0.0
2023-12-15 00:00:00-05:00,13.024999618530273,13.055000305175781,12.989999771118164,12.994000434875488,7100,0.0,0.0,0.0
2023-12-18 00:00:00-05:00,12.960000038146973,12.960000038146973,12.899999618530273,12.90999984741211,791500,0.0,0.0,0.0
2023-12-19 00:00:00-05:00,12.949999809265137,13.100000381469727,12.949999809265137,13.050000190734863,777900,0.0,0.0,0.0
2023-12-20 00:00:00-05:00,12.789999961853027,12.890000343322754,12.779999732971191,12.779999732971191,782300,0.0,0.0,0.0
2023-12-21 00:00:00-05:00,13.010000228881836,13.074000358581543,12.989999771118164,13.074000358581543,114800,0.0,0.0,0.0
2023-12-22 00:00:00-05:00,12.920000076293945,13.039999961853027,12.920000076293945,13.039999961853027,12900,0.0,0.0,0.0
2023-12-26 00:00:00-05:00,12.9399995803833,13.020000457763672,12.800000190734863,12.920000076293945,26500,0.0,0.0,0.0
2023-12-27 00:00:00-05:00,12.90999984741211,13.0,12.90999984741211,12.970000267028809,14800,0.0,0.0,0.0
2023-12-28 00:00:00-05:00,12.829999923706055,12.829999923706055,12.76099967956543,12.789999961853027,18500,0.0,0.0,0.0
2023-12-29 00:00:00-05:00,12.8149995803833,12.824999809265137,12.789999961853027,12.800000190734863,16900,0.0,0.0,0.0
2024-01-02 00:00:00-05:00,12.579999923706055,12.630000114440918,12.579999923706055,12.59000015258789,7800,0.0,0.0,0.0
2024-01-03 00:00:00-05:00,12.640000343322754,12.675000190734863,12.609999656677246,12.649999618530273,9600,0.0,0.0,0.0
2024-01-04 00:00:00-05:00,12.524999618530273,12.524999618530273,12.470000267028809,12.479000091552734,6000,0.0,0.0,0.0
2024-01-05 00:00:00-05:00,12.449999809265137,12.510000228881836,12.449999809265137,12.470000267028809,3400,0.0,0.0,0.0
2024-01-08 00:00:00-05:00,12.300000190734863,12.369999885559082,12.300000190734863,12.350000381469727,7300,0.0,0.0,0.0
2024-01-09 00:00:00-05:00,12.289999961853027,12.319999694824219,12.289999961853027,12.29800033569336,5500,0.0,0.0,0.0
2024-01-10 00:00:00-05:00,12.350000381469727,12.350000381469727,12.279999732971191,12.3149995803833,7900,0.0,0.0,0.0
2024-01-11 00:00:00-05:00,12.34000015258789,12.364999771118164,12.34000015258789,12.364999771118164,2800,0.0,0.0,0.0
2024-01-12 00:00:00-05:00,12.414999961853027,12.414999961853027,12.34000015258789,12.35099983215332,5300,0.0,0.0,0.0
2024-01-16 00:00:00-05:00,12.260000228881836,12.430000305175781,12.260000228881836,12.369999885559082,10400,0.0,0.0,0.0
2024-01-17 00:00:00-05:00,12.100000381469727,12.151000022888184,12.100000381469727,12.130000114440918,13800,0.0,0.0,0.0
2024-01-18 00:00:00-05:00,12.239999771118164,12.260000228881836,12.229999542236328,12.260000228881836,10200,0.0,0.0,0.0
2024-01-19 00:00:00-05:00,12.300000190734863,12.399999618530273,12.260000228881836,12.390000343322754,9500,0.0,0.0,0.0
2024-01-22 00:00:00-05:00,12.220000267028809,12.220000267028809,12.109999656677246,12.140000343322754,4500,0.0,0.0,0.0
2024-01-23 00:00:00-05:00,12.279999732971191,12.34000015258789,12.199999809265137,12.3100004196167,16900,0.0,0.0,0.0
2024-01-24 00:00:00-05:00,12.649999618530273,12.680000305175781,12.609999656677246,12.625,23100,0.0,0.0,0.0
2024-01-25 00:00:00-05:00,12.619999885559082,12.699999809265137,12.529999732971191,12.569999694824219,21600,0.0,0.0,0.0
2024-01-26 00:00:00-05:00,12.630000114440918,12.65999984741211,12.630000114440918,12.635000228881836,12100,0.0,0.0,0.0
2024-01-29 00:00:00-05:00,12.449999809265137,12.449999809265137,12.369999885559082,12.423999786376953,6700,0.0,0.0,0.0
2024-01-30 00:00:00-05:00,12.199999809265137,12.199999809265137,12.149999618530273,12.15999984741211,21300,0.0,0.0,0.0
2024-01-31 00:00:00-05:00,12.15999984741211,12.239999771118164,12.100000381469727,12.140000343322754,11200,0.0,0.0,0.0
2024-02-01 00:00:00-05:00,12.239999771118164,12.239999771118164,12.140000343322754,12.170000076293945,3900,0.0,0.0,0.0
2024-02-02 00:00:00-05:00,11.890000343322754,11.892000198364258,11.880000114440918,11.892000198364258,1200,0.0,0.0,0.0
2024-02-05 00:00:00-05:00,11.970999717712402,12.020000457763672,11.970999717712402,12.020000457763672,5100,0.0,0.0,0.0
2024-02-06 00:00:00-05:00,12.420000076293945,12.600000381469727,12.420000076293945,12.562000274658203,25300,0.0,0.0,0.0
2024-02-07 00:00:00-05:00,12.5600004196167,12.710000038146973,12.5600004196167,12.699000358581543,8400,0.0,0.0,0.0
2024-02-08 00:00:00-05:00,12.670000076293945,12.670000076293945,12.656000137329102,12.656000137329102,1100,0.0,0.0,0.0
2024-02-09 00:00:00-05:00,12.569999694824219,12.619999885559082,12.550000190734863,12.619999885559082,9700,0.0,0.0,0.0
2024-02-12 00:00:00-05:00,12.59000015258789,12.760000228881836,12.59000015258789,12.729999542236328,6700,0.0,0.0,0.0
2024-02-13 00:00:00-05:00,12.75,12.760000228881836,12.685999870300293,12.685999870300293,2400,0.0,0.0,0.0
2024-02-14 00:00:00-05:00,12.680000305175781,12.727999687194824,12.670000076293945,12.680000305175781,11700,0.0,0.0,0.0
2024-02-15 00:00:00-05:00,12.75,12.769000053405762,12.729999542236328,12.739999771118164,16500,0.0,0.0,0.0
2024-02-16 00:00:00-05:00,12.789999961853027,12.979999542236328,12.789999961853027,12.899999618530273,64300,0.0,0.0,0.0
2024-02-20 00:00:00-05:00,12.960000038146973,13.0,12.899999618530273,12.95199966430664,2400,0.0,0.0,0.0
2024-02-21 00:00:00-05:00,13.09000015258789,13.15999984741211,13.09000015258789,13.119999885559082,3700,0.0,0.0,0.0
2024-02-22 00:00:00-05:00,13.17199993133545,13.204000473022461,13.170000076293945,13.1899995803833,10100,0.0,0.0,0.0
2024-02-23 00:00:00-05:00,13.239999771118164,13.246999740600586,13.204999923706055,13.220000267028809,6300,0.0,0.0,0.0
2024-02-26 00:00:00-05:00,13.09000015258789,13.119999885559082,13.0600004196167,13.0600004196167,6500,0.0,0.0,0.0
2024-02-27 00:00:00-05:00,13.220000267028809,13.263999938964844,13.220000267028809,13.239999771118164,13000,0.0,0.0,0.0
2024-02-28 00:00:00-05:00,13.039999961853027,13.079999923706055,12.984999656677246,12.989999771118164,8500,0.0,0.0,0.0
2024-02-29 00:00:00-05:00,13.170000076293945,13.270000457763672,13.170000076293945,13.270000457763672,5400,0.0,0.0,0.0
2024-03-01 00:00:00-05:00,13.300000190734863,13.380000114440918,13.300000190734863,13.378000259399414,6900,0.0,0.0,0.0
2024-03-04 00:00:00-05:00,13.380000114440918,13.40999984741211,13.359999656677246,13.380000114440918,14300,0.0,0.0,0.0
2024-03-05 00:00:00-05:00,13.430000305175781,13.550000190734863,13.380000114440918,13.489999771118164,19800,0.0,0.0,0.0
2024-03-06 00:00:00-05:00,13.460000038146973,13.5,13.460000038146973,13.460000038146973,3200,0.0,0.0,0.0
2024-03-07 00:00:00-05:00,13.40999984741211,13.479999542236328,13.40999984741211,13.460000038146973,7700,0.0,0.0,0.0
2024-03-08 00:00:00-05:00,13.489999771118164,13.520000457763672,13.489999771118164,13.515000343322754,6600,0.0,0.0,0.0
2024-03-11 00:00:00-04:00,13.770000457763672,13.800000190734863,13.75,13.789999961853027,69200,0.0,0.0,0.0
2024-03-12 00:00:00-04:00,13.710000038146973,13.786999702453613,13.710000038146973,13.739999771118164,9800,0.0,0.0,0.0
2024-03-13 00:00:00-04:00,13.6899995803833,13.6899995803833,13.656000137329102,13.656000137329102,2400,0.0,0.0,0.0
2024-03-14 00:00:00-04:00,13.569999694824219,13.59000015258789,13.569999694824219,13.59000015258789,900,0.0,0.0,0.0
2024-03-15 00:00:00-04:00,13.6899995803833,13.710000038146973,13.579999923706055,13.664999961853027,15000,0.0,0.0,0.0
2024-03-18 00:00:00-04:00,13.789999961853027,13.789999961853027,13.760000228881836,13.789999961853027,9000,0.0,0.0,0.0
2024-03-19 00:00:00-04:00,13.6899995803833,13.72700023651123,13.680000305175781,13.699999809265137,13900,0.0,0.0,0.0
2024-03-20 00:00:00-04:00,13.694999694824219,13.729999542236328,13.6899995803833,13.729999542236328,1500,0.0,0.0,0.0
2024-03-21 00:00:00-04:00,13.600000381469727,13.651000022888184,13.600000381469727,13.600000381469727,2700,0.0,0.0,0.0
2024-03-22 00:00:00-04:00,13.420000076293945,13.465999603271484,13.399999618530273,13.399999618530273,30800,0.0,0.0,0.0
2024-03-25 00:00:00-04:00,13.496000289916992,13.496000289916992,13.449999809265137,13.475000381469727,28200,0.0,0.0,0.0
2024-03-26 00:00:00-04:00,13.501999855041504,13.501999855041504,13.479999542236328,13.501999855041504,2700,0.0,0.0,0.0
2024-03-27 00:00:00-04:00,13.359999656677246,13.399999618530273,13.279999732971191,13.399999618530273,3700,0.0,0.0,0.0
2024-03-28 00:00:00-04:00,13.510000228881836,13.510000228881836,13.420000076293945,13.458999633789062,3500,0.0,0.0,0.0
2024-04-01 00:00:00-04:00,13.8100004196167,13.819999694824219,13.76099967956543,13.78499984741211,41800,0.0,0.0,0.0
2024-04-02 00:00:00-04:00,13.800000190734863,13.829999923706055,13.789999961853027,13.807000160217285,43500,0.0,0.0,0.0
2024-04-03 00:00:00-04:00,13.760000228881836,13.800000190734863,13.680000305175781,13.789999961853027,21300,0.0,0.0,0.0
2024-04-04 00:00:00-04:00,13.8100004196167,13.859999656677246,13.770000457763672,13.770000457763672,17200,0.0,0.0,0.0
2024-04-05 00:00:00-04:00,13.6899995803833,13.75,13.6899995803833,13.739999771118164,31600,0.0,0.0,0.0
2024-04-08 00:00:00-04:00,13.739999771118164,13.739999771118164,13.640000343322754,13.649999618530273,13100,0.0,0.0,0.0
2024-04-09 00:00:00-04:00,13.640000343322754,13.649999618530273,13.609999656677246,13.640000343322754,12900,0.0,0.0,0.0
2024-04-10 00:00:00-04:00,13.3100004196167,13.494999885559082,13.3100004196167,13.380000114440918,14400,0.0,0.0,0.0
2024-04-11 00:00:00-04:00,13.569999694824219,13.600000381469727,13.460000038146973,13.529999732971191,8300,0.0,0.0,0.0
2024-04-12 00:00:00-04:00,13.390000343322754,13.430000305175781,13.380000114440918,13.399999618530273,19100,0.0,0.0,0.0
2024-04-15 00:00:00-04:00,13.770000457763672,13.78499984741211,13.739999771118164,13.758999824523926,12000,0.0,0.0,0.0
2024-04-16 00:00:00-04:00,13.625,13.65999984741211,13.619999885559082,13.642999649047852,27600,0.0,0.0,0.0
2024-04-17 00:00:00-04:00,13.869999885559082,13.890000343322754,13.850000381469727,13.880000114440918,4000,0.0,0.0,0.0
2024-04-18 00:00:00-04:00,13.869999885559082,13.970000267028809,13.869999885559082,13.940999984741211,4900,0.0,0.0,0.0
2024-04-19 00:00:00-04:00,13.878999710083008,13.880000114440918,13.84000015258789,13.880000114440918,7300,0.0,0.0,0.0
2024-04-22 00:00:00-04:00,13.859999656677246,13.859999656677246,13.760000228881836,13.800000190734863,16600,0.0,0.0,0.0
2024-04-23 00:00:00-04:00,13.65999984741211,13.65999984741211,13.600000381469727,13.630999565124512,7400,0.0,0.0,0.0
2024-04-24 00:00:00-04:00,13.694999694824219,13.710000038146973,13.680000305175781,13.6850004196167,2200,0.0,0.0,0.0
2024-04-25 00:00:00-04:00,13.699999809265137,13.75,13.699999809265137,13.744999885559082,5800,0.0,0.0,0.0
2024-04-26 00:00:00-04:00,13.920000076293945,13.993000030517578,13.890000343322754,13.949999809265137,7000,0.0,0.0,0.0
2024-04-29 00:00:00-04:00,14.1899995803833,14.270000457763672,14.15999984741211,14.234999656677246,7000,0.0,0.0,0.0
2024-04-30 00:00:00-04:00,14.100000381469727,14.140000343322754,14.069999694824219,14.09000015258789,5900,0.0,0.0,0.0
2024-05-01 00:00:00-04:00,14.09000015258789,14.15999984741211,14.083000183105469,14.083000183105469,3800,0.0,0.0,0.0
2024-05-02 00:00:00-04:00,14.319999694824219,14.479999542236328,14.25,14.473999977111816,72200,0.0,0.0,0.0
2024-05-03 00:00:00-04:00,14.5,14.5,14.430000305175781,14.479999542236328,4500,0.0,0.0,0.0
2024-05-06 00:00:00-04:00,14.489999771118164,14.569000244140625,14.489999771118164,14.489999771118164,7000,0.0,0.0,0.0
2024-05-07 00:00:00-04:00,14.420000076293945,14.460000038146973,14.40999984741211,14.439000129699707,10400,0.0,0.0,0.0
2024-05-08 00:00:00-04:00,14.274999618530273,14.289999961853027,14.260000228881836,14.279000282287598,9700,0.0,0.0,0.0
2024-05-09 00:00:00-04:00,14.4399995803833,14.529999732971191,14.4399995803833,14.489999771118164,4400,0.0,0.0,0.0
2024-05-10 00:00:00-04:00,14.489999771118164,14.489999771118164,14.449999809265137,14.461000442504883,5100,0.0,0.0,0.0
2024-05-13 00:00:00-04:00,14.5,14.508999824523926,14.460000038146973,14.460000038146973,3300,0.0,0.0,0.0
2024-05-14 00:00:00-04:00,14.399999618530273,14.449999809265137,14.399999618530273,14.399999618530273,2400,0.0,0.0,0.0
2024-05-15 00:00:00-04:00,14.46399974822998,14.46399974822998,14.437000274658203,14.449999809265137,700,0.0,0.0,0.0
2024-05-16 00:00:00-04:00,14.4399995803833,14.463000297546387,14.4399995803833,14.463000297546387,1600,0.0,0.0,0.0
2024-05-17 00:00:00-04:00,14.600000381469727,14.61299991607666,14.569999694824219,14.585000038146973,2900,0.0,0.0,0.0
2024-05-20 00:00:00-04:00,14.451000213623047,14.451000213623047,14.451000213623047,14.451000213623047,100,0.0,0.0,0.0
2024-05-21 00:00:00-04:00,14.449999809265137,14.449999809265137,14.399999618530273,14.430000305175781,7400,0.0,0.0,0.0
2024-05-22 00:00:00-04:00,14.350000381469727,14.350000381469727,14.34000015258789,14.34000015258789,200,0.0,0.0,0.0
2024-05-23 00:00:00-04:00,14.229999542236328,14.229999542236328,14.140000343322754,14.149999618530273,4100,0.0,0.0,0.0
2024-05-24 00:00:00-04:00,14.039999961853027,14.069999694824219,14.0,14.03499984741211,5000,0.0,0.0,0.0
2024-05-28 00:00:00-04:00,13.960000038146973,14.050000190734863,13.960000038146973,14.029999732971191,14000,0.0,0.0,0.0
2024-05-29 00:00:00-04:00,14.020000457763672,14.043000221252441,14.020000457763672,14.043000221252441,200,0.0,0.0,0.0
2024-05-30 00:00:00-04:00,13.949999809265137,14.010000228881836,13.949999809265137,14.0,7400,0.0,0.0,0.0
2024-05-31 00:00:00-04:00,13.869999885559082,13.869999885559082,13.819999694824219,13.866999626159668,3000,0.0,0.0,0.0
2024-06-03 00:00:00-04:00,13.829999923706055,13.890000343322754,13.829999923706055,13.880000114440918,28800,0.0,0.0,0.0
2024-06-04 00:00:00-04:00,14.083999633789062,14.109999656677246,14.074000358581543,14.109999656677246,4700,0.0,0.0,0.0
2024-06-05 00:00:00-04:00,13.869999885559082,13.960000038146973,13.869999885559082,13.9399995803833,2700,0.0,0.0,0.0
2024-06-06 00:00:00-04:00,13.949999809265137,13.979999542236328,13.9399995803833,13.979999542236328,6800,0.0,0.0,0.0
2024-06-07 00:00:00-04:00,13.795000076293945,13.795000076293945,13.770000457763672,13.779999732971191,3700,0.0,0.0,0.0
2024-06-10 00:00:00-04:00,13.800000190734863,13.800000190734863,13.800000190734863,13.800000190734863,200,0.0,0.0,0.0
2024-06-11 00:00:00-04:00,13.694999694824219,13.694999694824219,13.649999618530273,13.680000305175781,3900,0.0,0.0,0.0
2024-06-12 00:00:00-04:00,13.760000228881836,13.765000343322754,13.743000030517578,13.743000030517578,1600,0.0,0.0,0.0
2024-06-13 00:00:00-04:00,13.65999984741211,13.65999984741211,13.642000198364258,13.642000198364258,300,0.0,0.0,0.0
2024-06-14 00:00:00-04:00,13.774999618530273,13.774999618530273,13.739999771118164,13.75,4000,0.0,0.0,0.0
2024-06-17 00:00:00-04:00,13.75,13.755000114440918,13.744999885559082,13.744999885559082,1900,0.0,0.0,0.0
2024-06-18 00:00:00-04:00,13.779999732971191,13.810999870300293,13.779999732971191,13.810999870300293,2500,0.0,0.0,0.0
2024-06-20 00:00:00-04:00,13.6899995803833,13.6899995803833,13.569999694824219,13.569999694824219,3300,0.0,0.0,0.0
2024-06-21 00:00:00-04:00,13.460000038146973,13.569999694824219,13.460000038146973,13.489999771118164,2300,0.0,0.0,0.0
2024-06-24 00:00:00-04:00,13.529999732971191,13.545000076293945,13.529999732971191,13.545000076293945,2100,0.0,0.0,0.0
2024-06-25 00:00:00-04:00,13.449999809265137,13.449999809265137,13.4399995803833,13.4399995803833,2500,0.0,0.0,0.0
2024-06-26 00:00:00-04:00,13.460000038146973,13.479999542236328,13.460000038146973,13.46500015258789,500,0.0,0.0,0.0
2024-06-27 00:00:00-04:00,13.380000114440918,13.380000114440918,13.350000381469727,13.350000381469727,1400,0.0,0.0,0.0
2024-06-28 00:00:00-04:00,13.4399995803833,13.4399995803833,13.413000106811523,13.413000106811523,2100,0.0,0.0,0.0
2024-07-01 00:00:00-04:00,13.40999984741211,13.5,13.40999984741211,13.484000205993652,7300,0.0,0.0,0.0
2024-07-02 00:00:00-04:00,13.34000015258789,13.404999732971191,13.34000015258789,13.390000343322754,28300,0.0,0.0,0.0
2024-07-03 00:00:00-04:00,13.399999618530273,13.430000305175781,13.350000381469727,13.380000114440918,5700,0.0,0.0,0.0
2024-07-05 00:00:00-04:00,13.180000305175781,13.260000228881836,13.180000305175781,13.260000228881836,2200,0.0,0.0,0.0
2024-07-08 00:00:00-04:00,13.199999809265137,13.199999809265137,13.119999885559082,13.145000457763672,14600,0.0,0.0,0.0
2024-07-09 00:00:00-04:00,13.34000015258789,13.359999656677246,13.34000015258789,13.359999656677246,1500,0.0,0.0,0.0
2024-07-10 00:00:00-04:00,13.34000015258789,13.430000305175781,13.34000015258789,13.404999732971191,63700,0.0,0.0,0.0
2024-07-11 00:00:00-04:00,13.5,13.569999694824219,13.5,13.539999961853027,1200,0.0,0.0,0.0
2024-07-12 00:00:00-04:00,13.59000015258789,13.609999656677246,13.555000305175781,13.555000305175781,11000,0.0,0.0,0.0
2024-07-15 00:00:00-04:00,13.470000267028809,13.510000228881836,13.468999862670898,13.468999862670898,4900,0.0,0.0,0.0
2024-07-16 00:00:00-04:00,13.460000038146973,13.5,13.460000038146973,13.484999656677246,18400,0.0,0.0,0.0
2024-07-17 00:00:00-04:00,13.430000305175781,13.496999740600586,13.430000305175781,13.479999542236328,1500,0.0,0.0,0.0
2024-07-18 00:00:00-04:00,13.539999961853027,13.539999961853027,13.489999771118164,13.505000114440918,7900,0.0,0.0,0.0
2024-07-19 00:00:00-04:00,13.529999732971191,13.569999694824219,13.52400016784668,13.539999961853027,5000,0.0,0.0,0.0
2024-07-22 00:00:00-04:00,13.4399995803833,13.4399995803833,13.399999618530273,13.402999877929688,8400,0.0,0.0,0.0
2024-07-23 00:00:00-04:00,13.149999618530273,13.149999618530273,13.097000122070312,13.097000122070312,22500,0.0,0.0,0.0
2024-07-24 00:00:00-04:00,13.029999732971191,13.180000305175781,13.029999732971191,13.109999656677246,32400,0.0,0.0,0.0
2024-07-25 00:00:00-04:00,13.039999961853027,13.109999656677246,13.038999557495117,13.0600004196167,26100,0.0,0.0,0.0
2024-07-26 00:00:00-04:00,13.100000381469727,13.140000343322754,13.09000015258789,13.12399959564209,7000,0.0,0.0,0.0
2024-07-29 00:00:00-04:00,12.949999809265137,12.989999771118164,12.949999809265137,12.961999893188477,7100,0.0,0.0,0.0
2024-07-30 00:00:00-04:00,12.84000015258789,12.890000343322754,12.84000015258789,12.883999824523926,4800,0.0,0.0,0.0
2024-07-31 00:00:00-04:00,13.300000190734863,13.300000190734863,13.1899995803833,13.220000267028809,41200,0.0,0.0,0.0
2024-08-01 00:00:00-04:00,13.09000015258789,13.09000015258789,13.0,13.029999732971191,50800,0.0,0.0,0.0
2024-08-02 00:00:00-04:00,13.010000228881836,13.029999732971191,13.0,13.027000427246094,6200,0.0,0.0,0.0
2024-08-05 00:00:00-04:00,12.979999542236328,12.979999542236328,12.960000038146973,12.960000038146973,3300,0.0,0.0,0.0
2024-08-06 00:00:00-04:00,12.819999694824219,12.819999694824219,12.789999961853027,12.814000129699707,2700,0.0,0.0,0.0
2024-08-07 00:00:00-04:00,12.8100004196167,12.890000343322754,12.789999961853027,12.789999961853027,20300,0.0,0.0,0.0
2024-08-08 00:00:00-04:00,12.880000114440918,12.920000076293945,12.869999885559082,12.920000076293945,6400,0.0,0.0,0.0
2024-08-09 00:00:00-04:00,12.850000381469727,12.850000381469727,12.815999984741211,12.82800006866455,1700,0.0,0.0,0.0
2024-08-12 00:00:00-04:00,12.84000015258789,12.880000114440918,12.829999923706055,12.880000114440918,1100,0.0,0.0,0.0
2024-08-13 00:00:00-04:00,12.84000015258789,12.960000038146973,12.84000015258789,12.932000160217285,11000,0.0,0.0,0.0
2024-08-14 00:00:00-04:00,12.795000076293945,12.800000190734863,12.774999618530273,12.800000190734863,2000,0.0,0.0,0.0
2024-08-15 00:00:00-04:00,12.8100004196167,12.859999656677246,12.8100004196167,12.819999694824219,4300,0.0,0.0,0.0
2024-08-16 00:00:00-04:00,12.960000038146973,12.970000267028809,12.944999694824219,12.96500015258789,2400,0.0,0.0,0.0
2024-08-19 00:00:00-04:00,13.041000366210938,13.041000366210938,13.041000366210938,13.041000366210938,200,0.0,0.0,0.0
2024-08-20 00:00:00-04:00,12.9399995803833,12.960000038146973,12.930000305175781,12.960000038146973,1500,0.0,0.0,0.0
2024-08-21 00:00:00-04:00,12.930000305175781,12.960000038146973,12.930000305175781,12.951000213623047,4100,0.0,0.0,0.0
2024-08-22 00:00:00-04:00,12.880000114440918,12.880000114440918,12.859999656677246,12.866999626159668,1100,0.0,0.0,0.0
2024-08-23 00:00:00-04:00,13.0600004196167,13.074999809265137,13.0600004196167,13.074999809265137,800,0.0,0.0,0.0
2024-08-26 00:00:00-04:00,12.989999771118164,12.989999771118164,12.970000267028809,12.989999771118164,2700,0.0,0.0,0.0
2024-08-27 00:00:00-04:00,12.960000038146973,12.960000038146973,12.960000038146973,12.960000038146973,100,0.0,0.0,0.0
2024-08-28 00:00:00-04:00,12.960000038146973,12.960000038146973,12.800000190734863,12.829999923706055,14300,0.0,0.0,0.0
2024-08-29 00:00:00-04:00,12.850000381469727,12.880000114440918,12.84000015258789,12.84000015258789,5800,0.0,0.0,0.0
2024-08-30 00:00:00-04:00,13.050000190734863,13.069999694824219,13.050000190734863,13.069999694824219,800,0.0,0.0,0.0
2024-09-03 00:00:00-04:00,12.819999694824219,12.890000343322754,12.819999694824219,12.890000343322754,200,0.0,0.0,0.0
2024-09-04 00:00:00-04:00,12.829999923706055,12.829999923706055,12.819999694824219,12.819999694824219,700,0.0,0.0,0.0
2024-09-05 00:00:00-04:00,12.90999984741211,12.920000076293945,12.90999984741211,12.90999984741211,3100,0.0,0.0,0.0
2024-09-06 00:00:00-04:00,12.779999732971191,12.779999732971191,12.739999771118164,12.739999771118164,3500,0.0,0.0,0.0
2024-09-09 00:00:00-04:00,12.579999923706055,12.600000381469727,12.550000190734863,12.59000015258789,20000,0.0,0.0,0.0
2024-09-10 00:00:00-04:00,12.5600004196167,12.5600004196167,12.479999542236328,12.479999542236328,12100,0.0,0.0,0.0
2024-09-11 00:00:00-04:00,12.569999694824219,12.569999694824219,12.529999732971191,12.552000045776367,3800,0.0,0.0,0.0
2024-09-12 00:00:00-04:00,12.430000305175781,12.479999542236328,12.430000305175781,12.449999809265137,11800,0.0,0.0,0.0
2024-09-13 00:00:00-04:00,12.475000381469727,12.475000381469727,12.430000305175781,12.449999809265137,27800,0.0,0.0,0.0
2024-09-16 00:00:00-04:00,12.534000396728516,12.534000396728516,12.489999771118164,12.515000343322754,2600,0.0,0.0,0.0
2024-09-17 00:00:00-04:00,12.5600004196167,12.569999694824219,12.524999618530273,12.524999618530273,2700,0.0,0.0,0.0
2024-09-18 00:00:00-04:00,12.630000114440918,12.630000114440918,12.574999809265137,12.574999809265137,2400,0.0,0.0,0.0
2024-09-19 00:00:00-04:00,12.699999809265137,12.729999542236328,12.699999809265137,12.710000038146973,16700,0.0,0.0,0.0
2024-09-20 00:00:00-04:00,12.760000228881836,12.800000190734863,12.760000228881836,12.779000282287598,6600,0.0,0.0,0.0
2024-09-23 00:00:00-04:00,12.890000343322754,12.920000076293945,12.84000015258789,12.871000289916992,7600,0.0,0.0,0.0
2024-09-24 00:00:00-04:00,13.805000305175781,13.881999969482422,13.729999542236328,13.881999969482422,32700,0.0,0.0,0.0
2024-09-25 00:00:00-04:00,13.760000228881836,13.760000228881836,13.699999809265137,13.720000267028809,1600,0.0,0.0,0.0
2024-09-26 00:00:00-04:00,14.90999984741211,14.949999809265137,14.789999961853027,14.88599967956543,20800,0.0,0.0,0.0
2024-09-27 00:00:00-04:00,15.029999732971191,15.210000038146973,14.989999771118164,15.119999885559082,13200,0.0,0.0,0.0
2024-09-30 00:00:00-04:00,15.859999656677246,15.90999984741211,15.670000076293945,15.75,24700,0.0,0.0,0.0
2024-10-01 00:00:00-04:00,15.829999923706055,16.149999618530273,15.789999961853027,16.1299991607666,18600,0.0,0.0,0.0
2024-10-02 00:00:00-04:00,17.25,17.395000457763672,17.010000228881836,17.389999389648438,59100,0.0,0.0,0.0
2024-10-03 00:00:00-04:00,16.920000076293945,17.329999923706055,16.920000076293945,17.211000442504883,8500,0.0,0.0,0.0
2024-10-04 00:00:00-04:00,17.75,18.059999465942383,17.68000030517578,18.049999237060547,24600,0.0,0.0,0.0
2024-10-07 00:00:00-04:00,18.700000762939453,19.610000610351562,18.559999465942383,19.559999465942383,35900,0.0,0.0,0.0
2024-10-08 00:00:00-04:00,16.709999084472656,16.8700008392334,16.450000762939453,16.79800033569336,35100,0.0,0.0,0.0
2024-10-09 00:00:00-04:00,15.279999732971191,15.770000457763672,15.260000228881836,15.675000190734863,49100,0.0,0.0,0.0
2024-10-10 00:00:00-04:00,15.899999618530273,16.030000686645508,15.725000381469727,15.946999549865723,8700,0.0,0.0,0.0
2024-10-11 00:00:00-04:00,15.585000038146973,15.979999542236328,15.585000038146973,15.90999984741211,11500,0.0,0.0,0.0
2024-10-14 00:00:00-04:00,15.760000228881836,16.07699966430664,15.670000076293945,15.670000076293945,8600,0.0,0.0,0.0
2024-10-15 00:00:00-04:00,15.319999694824219,15.319999694824219,14.90999984741211,14.949999809265137,26200,0.0,0.0,0.0
2024-10-16 00:00:00-04:00,15.09000015258789,15.180000305175781,15.0600004196167,15.100000381469727,16400,0.0,0.0,0.0
2024-10-17 00:00:00-04:00,14.6899995803833,14.75,14.579999923706055,14.699000358581543,23800,0.0,0.0,0.0
2024-10-18 00:00:00-04:00,15.470000267028809,15.5,15.380000114440918,15.423999786376953,3600,0.0,0.0,0.0
2024-10-21 00:00:00-04:00,15.449999809265137,15.449999809265137,15.26099967956543,15.359999656677246,64400,0.0,0.0,0.0
2024-10-22 00:00:00-04:00,15.479999542236328,15.609999656677246,15.479999542236328,15.550000190734863,3800,0.0,0.0,0.0
2024-10-23 00:00:00-04:00,15.449999809265137,15.460000038146973,15.350000381469727,15.390000343322754,68300,0.0,0.0,0.0
2024-10-24 00:00:00-04:00,15.218000411987305,15.3100004196167,15.218000411987305,15.305999755859375,5200,0.0,0.0,0.0
2024-10-25 00:00:00-04:00,15.343999862670898,15.420000076293945,15.300000190734863,15.312999725341797,5900,0.0,0.0,0.0
2024-10-28 00:00:00-04:00,15.279999732971191,15.390000343322754,15.279999732971191,15.350000381469727,5000,0.0,0.0,0.0
2024-10-29 00:00:00-04:00,15.229999542236328,15.229999542236328,15.178000450134277,15.178000450134277,200,0.0,0.0,0.0
2024-10-30 00:00:00-04:00,15.010000228881836,15.055000305175781,14.979999542236328,15.055000305175781,11300,0.0,0.0,0.0
2024-10-31 00:00:00-04:00,14.90999984741211,14.947999954223633,14.850000381469727,14.920999526977539,3900,0.0,0.0,0.0
2024-11-01 00:00:00-04:00,15.020000457763672,15.020000457763672,14.939000129699707,14.939000129699707,500,0.0,0.0,0.0
2024-11-04 00:00:00-05:00,15.25,15.305000305175781,15.15999984741211,15.15999984741211,2200,0.0,0.0,0.0
2024-11-05 00:00:00-05:00,15.619999885559082,15.630000114440918,15.529999732971191,15.630000114440918,6300,0.0,0.0,0.0
2024-11-06 00:00:00-05:00,15.09000015258789,15.239999771118164,15.09000015258789,15.170000076293945,4500,0.0,0.0,0.0
2024-11-07 00:00:00-05:00,15.90999984741211,16.048999786376953,15.90999984741211,16.033000946044922,3800,0.0,0.0,0.0
2024-11-08 00:00:00-05:00,15.180000305175781,15.25,14.9399995803833,15.0600004196167,14900,0.0,0.0,0.0
