Date,Open,High,Low,Close,Volume,Dividends,Stock Splits
1989-05-23 00:00:00-04:00,0.0,0.6385182849528116,0.6324371584294515,0.6354777216911316,206600,0.0,0.0
1989-05-24 00:00:00-04:00,0.6354777216911316,0.6385182849528116,0.6324371584294515,0.6354777216911316,73400,0.0,0.0
1989-05-25 00:00:00-04:00,0.6354777216911316,0.6354777216911316,0.6324371584294515,0.6354777216911316,21800,0.0,0.0
1989-05-26 00:00:00-04:00,0.6354775531933858,0.6354775531933858,0.632436990737915,0.632436990737915,105600,0.0,0.0
1989-05-30 00:00:00-04:00,0.6324371584294515,0.6385182849528116,0.6324371584294515,0.6354777216911316,57100,0.0,0.0
1989-05-31 00:00:00-04:00,0.6354775531933858,0.6354775531933858,0.632436990737915,0.632436990737915,44200,0.0,0.0
1989-06-01 00:00:00-04:00,0.6324371584294515,0.6354777216911316,0.6324371584294515,0.6354777216911316,107900,0.0,0.0
1989-06-02 00:00:00-04:00,0.6354775531933858,0.6354775531933858,0.632436990737915,0.632436990737915,45600,0.0,0.0
1989-06-05 00:00:00-04:00,0.6324371584294515,0.6354777216911316,0.6324371584294515,0.6354777216911316,43400,0.0,0.0
1989-06-06 00:00:00-04:00,0.6354775531933858,0.6354775531933858,0.632436990737915,0.632436990737915,16500,0.0,0.0
1989-06-07 00:00:00-04:00,0.6324371584294515,0.6354777216911316,0.6324371584294515,0.6354777216911316,28500,0.0,0.0
1989-06-08 00:00:00-04:00,0.6354775531933858,0.6354775531933858,0.6263558658269736,0.632436990737915,98400,0.0,0.0
1989-06-09 00:00:00-04:00,0.632436990737915,0.6354775531933858,0.6293964282824444,0.632436990737915,36100,0.0,0.0
1989-06-12 00:00:00-04:00,0.6324373005668898,0.6324373005668898,0.6293967366218567,0.6293967366218567,2600,0.0,0.0
1989-06-13 00:00:00-04:00,0.6293968083789048,0.6293968083789048,0.6263562440872192,0.6263562440872192,12100,0.0,0.0
1989-06-14 00:00:00-04:00,0.6293967366218567,0.6293967366218567,0.6293967366218567,0.6293967366218567,6600,0.0,0.0
1989-06-15 00:00:00-04:00,0.6293964282824444,0.632436990737915,0.6263558658269736,0.632436990737915,15000,0.0,0.0
1989-06-16 00:00:00-04:00,0.632436990737915,0.632436990737915,0.6293964282824444,0.632436990737915,22400,0.0,0.0
1989-06-19 00:00:00-04:00,0.6324371584294515,0.6354777216911316,0.6324371584294515,0.6354777216911316,62400,0.0,0.0
1989-06-20 00:00:00-04:00,0.6354777216911316,0.6354777216911316,0.6324371584294515,0.6354777216911316,39000,0.0,0.0
1989-06-21 00:00:00-04:00,0.6354777216911316,0.6354777216911316,0.6324371584294515,0.6354777216911316,30500,0.0,0.0
1989-06-22 00:00:00-04:00,0.6354777216911316,0.6354777216911316,0.6324371584294515,0.6354777216911316,27700,0.0,0.0
1989-06-23 00:00:00-04:00,0.6354777216911316,0.6354777216911316,0.6293965951677715,0.6354777216911316,74800,0.0,0.0
1989-06-26 00:00:00-04:00,0.632436990737915,0.632436990737915,0.6293964282824444,0.632436990737915,25500,0.0,0.0
1989-06-27 00:00:00-04:00,0.632437104376677,0.6506804823875427,0.632437104376677,0.6506804823875427,86300,0.0,0.0
1989-06-28 00:00:00-04:00,0.6506804502504762,0.6658832645086649,0.6476398873988385,0.6598021388053894,95100,0.0,0.0
1989-06-29 00:00:00-04:00,0.662843073407809,0.6658836379647255,0.6537213797370593,0.6567619442939758,58800,0.0,0.0
1989-06-30 00:00:00-04:00,0.6567619442939758,0.6598025088508924,0.6445996860663097,0.6567619442939758,59600,0.0,0.0
1989-07-03 00:00:00-04:00,0.6598024128778884,0.6689241052218223,0.6598024128778884,0.6658835411071777,39700,0.0,0.0
1989-07-05 00:00:00-04:00,0.6689238548278809,0.6689238548278809,0.6658832918513905,0.6689238548278809,92000,0.0,0.0
1989-07-06 00:00:00-04:00,0.6689238548278809,0.6689238548278809,0.6658832918513905,0.6689238548278809,22700,0.0,0.0
1989-07-07 00:00:00-04:00,0.6658832918513905,0.6689238548278809,0.6658832918513905,0.6689238548278809,48100,0.0,0.0
1989-07-10 00:00:00-04:00,0.6689238548278809,0.6689238548278809,0.6658832918513905,0.6689238548278809,14800,0.0,0.0
1989-07-11 00:00:00-04:00,0.6724857102740894,0.6755564212799072,0.6694149992682717,0.6755564212799072,24500,0.27,0.0
1989-07-12 00:00:00-04:00,0.6755564212799072,0.6816978432915427,0.6724857102740894,0.6755564212799072,15200,0.0,0.0
1989-07-13 00:00:00-04:00,0.6816978432915427,0.6816978432915427,0.6724857102740894,0.6755564212799072,14800,0.0,0.0
1989-07-14 00:00:00-04:00,0.678627610206604,0.6816983233749596,0.678627610206604,0.678627610206604,5800,0.0,0.0
1989-07-17 00:00:00-04:00,0.684768795967102,0.684768795967102,0.6755566596984863,0.6816980838775635,13800,0.0,0.0
1989-07-18 00:00:00-04:00,0.6816978432915427,0.6816978432915427,0.6755564212799072,0.6755564212799072,32300,0.0,0.0
1989-07-19 00:00:00-04:00,0.678627132285725,0.6816978432915427,0.6755564212799072,0.6755564212799072,17800,0.0,0.0
1989-07-20 00:00:00-04:00,0.6755568970382483,0.6878397497116711,0.6755568970382483,0.678627610206604,24600,0.0,0.0
1989-07-21 00:00:00-04:00,0.6755564212799072,0.6816978432915427,0.6724857102740894,0.6755564212799072,13200,0.0,0.0
1989-07-24 00:00:00-04:00,0.6694149981894993,0.6724857091903687,0.6663442871886301,0.6724857091903687,14700,0.0,0.0
1989-07-25 00:00:00-04:00,0.6724857102740894,0.6755564212799072,0.6724857102740894,0.6755564212799072,24400,0.0,0.0
1989-07-26 00:00:00-04:00,0.6724861838698927,0.678627610206604,0.6724861838698927,0.678627610206604,76500,0.0,0.0
1989-07-27 00:00:00-04:00,0.6816983233749596,0.6816983233749596,0.678627610206604,0.678627610206604,22400,0.0,0.0
1989-07-28 00:00:00-04:00,0.678627132285725,0.6816978432915427,0.6755564212799072,0.6755564212799072,46100,0.0,0.0
1989-07-31 00:00:00-04:00,0.6755564190925808,0.6755564190925808,0.6694149971008301,0.6694149971008301,8500,0.0,0.0
1989-08-01 00:00:00-04:00,0.6694149971008301,0.6786271300884562,0.6694149971008301,0.6694149971008301,24300,0.0,0.0
1989-08-02 00:00:00-04:00,0.6694149992682717,0.6755564212799072,0.6694149992682717,0.6755564212799072,9400,0.0,0.0
1989-08-03 00:00:00-04:00,0.6786276080683208,0.6878397475443614,0.6755568949096405,0.6847690343856812,31200,0.0,0.0
1989-08-04 00:00:00-04:00,0.6816986108248212,0.7001228976038705,0.6816986108248212,0.6939814686775208,24600,0.0,0.0
1989-08-07 00:00:00-04:00,0.6939809921052721,0.6939809921052721,0.690910279750824,0.690910279750824,3100,0.0,0.0
1989-08-08 00:00:00-04:00,0.6939809921052721,0.6939809921052721,0.6878395673963759,0.690910279750824,13500,0.0,0.0
1989-08-09 00:00:00-04:00,0.6878397464752197,0.6878397464752197,0.6878397464752197,0.6878397464752197,4100,0.0,0.0
1989-08-10 00:00:00-04:00,0.6816978421929765,0.6847685531938457,0.6724857091903687,0.6724857091903687,37700,0.0,0.0
1989-08-11 00:00:00-04:00,0.6755565382816173,0.6816979613569047,0.6632736921310425,0.6632736921310425,22000,0.0,0.0
1989-08-14 00:00:00-04:00,0.6632735751090794,0.6755564190925808,0.6632735751090794,0.6694149971008301,4100,0.0,0.0
1989-08-15 00:00:00-04:00,0.6724857080967055,0.6724857080967055,0.6694149971008301,0.6694149971008301,12500,0.0,0.0
1989-08-16 00:00:00-04:00,0.6724861838698927,0.678627610206604,0.6724861838698927,0.678627610206604,40300,0.0,0.0
1989-08-17 00:00:00-04:00,0.6816983201674053,0.6878397464752197,0.6816983201674053,0.6878397464752197,17500,0.0,0.0
1989-08-18 00:00:00-04:00,0.6878397464752197,0.6878397464752197,0.6816983201674053,0.6878397464752197,6800,0.0,0.0
1989-08-21 00:00:00-04:00,0.6878395080566406,0.6878395080566406,0.6816980838775635,0.6816980838775635,2400,0.0,0.0
1989-08-22 00:00:00-04:00,0.684768795967102,0.684768795967102,0.6786273717880249,0.6816980838775635,5300,0.0,0.0
1989-08-23 00:00:00-04:00,0.6786273717880249,0.684768795967102,0.6755566596984863,0.6816980838775635,31200,0.0,0.0
1989-08-24 00:00:00-04:00,0.684768795967102,0.6878395080566406,0.6816980838775635,0.6816980838775635,14200,0.0,0.0
1989-08-25 00:00:00-04:00,0.6878397497116711,0.6878397497116711,0.6724861838698927,0.678627610206604,12000,0.0,0.0
1989-08-28 00:00:00-04:00,0.6816978432915427,0.6816978432915427,0.6755564212799072,0.6755564212799072,3500,0.0,0.0
1989-08-29 00:00:00-04:00,0.678627132285725,0.678627132285725,0.6755564212799072,0.6755564212799072,5100,0.0,0.0
1989-08-30 00:00:00-04:00,0.6755564212799072,0.6755564212799072,0.6755564212799072,0.6755564212799072,16300,0.0,0.0
1989-08-31 00:00:00-04:00,0.6755568970382483,0.678627610206604,0.6755568970382483,0.678627610206604,10200,0.0,0.0
1989-09-01 00:00:00-04:00,0.678627610206604,0.678627610206604,0.6755568970382483,0.678627610206604,3800,0.0,0.0
1989-09-05 00:00:00-04:00,0.6755568938595907,0.6878397464752197,0.6755568938595907,0.6878397464752197,26200,0.0,0.0
1989-09-06 00:00:00-04:00,0.687840039751171,0.6939814686775208,0.687840039751171,0.6939814686775208,39300,0.0,0.0
1989-09-07 00:00:00-04:00,0.6939814686775208,0.6970521831406956,0.6909107542143459,0.6939814686775208,21900,0.0,0.0
1989-09-08 00:00:00-04:00,0.6909105129637572,0.7031933665275574,0.6909105129637572,0.7031933665275574,16500,0.0,0.0
1989-09-11 00:00:00-04:00,0.7001226531366073,0.7031933665275574,0.7001226531366073,0.7031933665275574,10800,0.0,0.0
1989-09-12 00:00:00-04:00,0.7062640799185074,0.7062640799185074,0.7031933665275574,0.7031933665275574,3400,0.0,0.0
1989-09-13 00:00:00-04:00,0.7001225907227089,0.7124054431915283,0.7001225907227089,0.7124054431915283,14300,0.0,0.0
1989-09-14 00:00:00-04:00,0.7124055067004074,0.7124055067004074,0.7031933665275574,0.7031933665275574,7100,0.0,0.0
1989-09-15 00:00:00-04:00,0.7062643265302202,0.7062643265302202,0.6939814686775208,0.6939814686775208,14900,0.0,0.0
1989-09-18 00:00:00-04:00,0.6939811727830342,0.6970518859369413,0.6878397464752197,0.6878397464752197,9700,0.0,0.0
1989-09-19 00:00:00-04:00,0.6816983233749596,0.6847690365433153,0.6755568970382483,0.678627610206604,14200,0.0,0.0
1989-09-20 00:00:00-04:00,0.6786271300884562,0.6786271300884562,0.6663442861049547,0.6694149971008301,8900,0.0,0.0
1989-09-21 00:00:00-04:00,0.6694149992682717,0.6755564212799072,0.6694149992682717,0.6755564212799072,2400,0.0,0.0
1989-09-22 00:00:00-04:00,0.6755568970382483,0.6816983233749596,0.6724861838698927,0.678627610206604,4500,0.0,0.0
1989-09-25 00:00:00-04:00,0.675556420191238,0.6786271311921072,0.6724857091903687,0.6724857091903687,3900,0.0,0.0
1989-09-26 00:00:00-04:00,0.6663442861049547,0.6724857080967055,0.6571321531173286,0.6694149971008301,35600,0.0,0.0
1989-09-27 00:00:00-04:00,0.6694149971008301,0.6694149971008301,0.6663442861049547,0.6694149971008301,1900,0.0,0.0
1989-09-28 00:00:00-04:00,0.6694152953987298,0.6694152953987298,0.6663445830345154,0.6663445830345154,25100,0.0,0.0
1989-09-29 00:00:00-04:00,0.6663442871886301,0.675556420191238,0.6663442871886301,0.6724857091903687,11500,0.0,0.0
1989-10-02 00:00:00-04:00,0.6755564212799072,0.6755564212799072,0.6755564212799072,0.6755564212799072,800,0.0,0.0
1989-10-03 00:00:00-04:00,0.6816978432915427,0.6816978432915427,0.6724857102740894,0.6755564212799072,4900,0.0,0.0
1989-10-04 00:00:00-04:00,0.6694151152063299,0.6694151152063299,0.6417787113675364,0.6632736921310425,27700,0.0,0.0
1989-10-05 00:00:00-04:00,0.6632738706703011,0.6724860077629441,0.6632738706703011,0.6663445830345154,5800,0.0,0.0
1989-10-06 00:00:00-04:00,0.6694149981894993,0.6724857091903687,0.6694149981894993,0.6724857091903687,1800,0.0,0.0
1989-10-09 00:00:00-04:00,0.666344288262454,0.6816978432915427,0.666344288262454,0.6755564212799072,5700,0.0,0.0
1989-10-10 00:00:00-04:00,0.679500856182792,0.695303201675415,0.679500856182792,0.695303201675415,8000,0.781,0.0
1989-10-11 00:00:00-04:00,0.6889823079109192,0.6889823079109192,0.6826613693062319,0.6889823079109192,18400,0.0,0.0
1989-10-12 00:00:00-04:00,0.6826613765873322,0.6921427845954895,0.6826613765873322,0.6921427845954895,10800,0.0,0.0
1989-10-13 00:00:00-04:00,0.6984637158179502,0.7047846544226375,0.6889823079109192,0.6889823079109192,16600,0.0,0.0
1989-10-16 00:00:00-04:00,0.6795011226225782,0.6826615929603577,0.6763406522847988,0.6826615929603577,19300,0.0,0.0
1989-10-17 00:00:00-04:00,0.6858220632981371,0.6889825336359165,0.6826615929603577,0.6826615929603577,56800,0.0,0.0
1989-10-18 00:00:00-04:00,0.6826613693062319,0.6889823079109192,0.6826613693062319,0.6889823079109192,2900,0.0,0.0
1989-10-19 00:00:00-04:00,0.6858214735984802,0.6921424088390192,0.6826610059782108,0.6858214735984802,9000,0.0,0.0
1989-10-20 00:00:00-04:00,0.6826613693062319,0.6889823079109192,0.6826613693062319,0.6889823079109192,32800,0.0,0.0
1989-10-23 00:00:00-04:00,0.6858214735984802,0.6858214735984802,0.6826610059782108,0.6858214735984802,7000,0.0,0.0
1989-10-24 00:00:00-04:00,0.6889825336359165,0.6889825336359165,0.6826615929603577,0.6826615929603577,38900,0.0,0.0
1989-10-25 00:00:00-04:00,0.6826615929603577,0.6826615929603577,0.6826615929603577,0.6826615929603577,1700,0.0,0.0
1989-10-26 00:00:00-04:00,0.6826613996630517,0.6826613996630517,0.6763404607772827,0.6763404607772827,8300,0.0,0.0
1989-10-27 00:00:00-04:00,0.6795009302201672,0.6826613996630517,0.6700195218915137,0.6763404607772827,53700,0.0,0.0
1989-10-30 00:00:00-05:00,0.6795009302201672,0.6795009302201672,0.6731799913343982,0.6763404607772827,1700,0.0,0.0
1989-10-31 00:00:00-05:00,0.6795007946356287,0.6795007946356287,0.6700193881988525,0.6700193881988525,1100,0.0,0.0
1989-11-01 00:00:00-05:00,0.6731801499122692,0.6731801499122692,0.6636987393501246,0.6668592095375061,7300,0.0,0.0
1989-11-02 00:00:00-05:00,0.6668589862299636,0.6731799244880676,0.6668589862299636,0.6731799244880676,11700,0.0,0.0
1989-11-03 00:00:00-05:00,0.6700195218915137,0.6763404607772827,0.6700195218915137,0.6763404607772827,19200,0.0,0.0
1989-11-06 00:00:00-05:00,0.6763404607772827,0.6763404607772827,0.6763404607772827,0.6763404607772827,900,0.0,0.0
1989-11-07 00:00:00-05:00,0.6763404607772827,0.6763404607772827,0.6700195218915137,0.6763404607772827,800,0.0,0.0
1989-11-08 00:00:00-05:00,0.6763404086578724,0.6795008778572083,0.6700194702592007,0.6795008778572083,14800,0.0,0.0
1989-11-09 00:00:00-05:00,0.6795008778572083,0.6795008778572083,0.6795008778572083,0.6795008778572083,600,0.0,0.0
1989-11-10 00:00:00-05:00,0.6731799394585366,0.6795008778572083,0.6731799394585366,0.6795008778572083,1600,0.0,0.0
1989-11-13 00:00:00-05:00,0.6826612634478875,0.6826612634478875,0.6668589193865938,0.6700193881988525,39300,0.0,0.0
1989-11-14 00:00:00-05:00,0.6700195528212048,0.6700195528212048,0.660538144054867,0.6636986136436462,3600,0.0,0.0
1989-11-15 00:00:00-05:00,0.6636987393501246,0.6668592095375061,0.660538269162743,0.6668592095375061,24600,0.0,0.0
1989-11-16 00:00:00-05:00,0.6668592095375061,0.6668592095375061,0.6636987393501246,0.6668592095375061,6300,0.0,0.0
1989-11-17 00:00:00-05:00,0.6668592095375061,0.6668592095375061,0.6668592095375061,0.6668592095375061,3700,0.0,0.0
1989-11-20 00:00:00-05:00,0.6636980675053938,0.6636980675053938,0.6542166665410311,0.660537600517273,75700,0.0,0.0
1989-11-21 00:00:00-05:00,0.6573777198791504,0.6605381896862617,0.6542172500720391,0.6573777198791504,19400,0.0,0.0
1989-11-22 00:00:00-05:00,0.6573777129684669,0.6573777129684669,0.6510567734206932,0.6542172431945801,24500,0.0,0.0
1989-11-24 00:00:00-05:00,0.6542172431945801,0.6542172431945801,0.6510567734206932,0.6542172431945801,3800,0.0,0.0
1989-11-27 00:00:00-05:00,0.6542172431945801,0.6542172431945801,0.6510567734206932,0.6542172431945801,53700,0.0,0.0
1989-11-28 00:00:00-05:00,0.6478963560849718,0.6542172961443373,0.644735886055289,0.6510568261146545,47300,0.0,0.0
1989-11-29 00:00:00-05:00,0.6510568261146545,0.6510568261146545,0.6478963560849718,0.6510568261146545,4400,0.0,0.0
1989-11-30 00:00:00-05:00,0.6510568261146545,0.6542172961443373,0.6478963560849718,0.6510568261146545,27900,0.0,0.0
1989-12-01 00:00:00-05:00,0.6573777198791504,0.6573777198791504,0.6542172500720391,0.6573777198791504,14400,0.0,0.0
1989-12-04 00:00:00-05:00,0.6605381896862617,0.6605381896862617,0.6573777198791504,0.6573777198791504,30800,0.0,0.0
1989-12-05 00:00:00-05:00,0.6605381827423538,0.6605381827423538,0.6542172431945801,0.6542172431945801,8700,0.0,0.0
1989-12-06 00:00:00-05:00,0.6573777129684669,0.6573777129684669,0.6510567734206932,0.6542172431945801,8000,0.0,0.0
1989-12-07 00:00:00-05:00,0.6542172431945801,0.6573777129684669,0.6510567734206932,0.6542172431945801,24500,0.0,0.0
1989-12-08 00:00:00-05:00,0.6510567352885291,0.6636986136436462,0.6510567352885291,0.6636986136436462,16100,0.0,0.0
1989-12-11 00:00:00-05:00,0.6668589193865938,0.6700193881988525,0.6605379817620762,0.6700193881988525,5900,0.0,0.0
1989-12-12 00:00:00-05:00,0.6668590524486292,0.6795009302201672,0.6668590524486292,0.6763404607772827,17300,0.0,0.0
1989-12-13 00:00:00-05:00,0.6795008627461715,0.6795008627461715,0.6700194553590156,0.6731799244880676,16500,0.0,0.0
1989-12-14 00:00:00-05:00,0.6763404607772827,0.6795009302201672,0.6763404607772827,0.6763404607772827,38600,0.0,0.0
1989-12-15 00:00:00-05:00,0.6795009302201672,0.6795009302201672,0.6700195218915137,0.6763404607772827,55000,0.0,0.0
1989-12-18 00:00:00-05:00,0.6763403936171195,0.6763403936171195,0.6700194553590156,0.6731799244880676,9100,0.0,0.0
1989-12-19 00:00:00-05:00,0.6731799913343982,0.6763404607772827,0.6731799913343982,0.6763404607772827,5000,0.0,0.0
1989-12-20 00:00:00-05:00,0.6763404086578724,0.6795008778572083,0.6731799394585366,0.6795008778572083,5900,0.0,0.0
1989-12-21 00:00:00-05:00,0.6795008778572083,0.6795008778572083,0.6731799394585366,0.6795008778572083,5300,0.0,0.0
1989-12-22 00:00:00-05:00,0.6763404307015446,0.6889823079109192,0.6763404307015446,0.6889823079109192,17600,0.0,0.0
1989-12-26 00:00:00-05:00,0.6953036357469088,0.71426646217637,0.6953036357469088,0.7047850489616394,22900,0.0,0.0
1989-12-27 00:00:00-05:00,0.7047849173459532,0.7079453878273252,0.6984639763832092,0.6984639763832092,75100,0.0,0.0
1989-12-28 00:00:00-05:00,0.7016244468645811,0.7047849173459532,0.6984639763832092,0.6984639763832092,5700,0.0,0.0
1989-12-29 00:00:00-05:00,0.7016242146492004,0.7016242146492004,0.6984637452138437,0.7016242146492004,6600,0.0,0.0
1990-01-02 00:00:00-05:00,0.6984637158179502,0.6984637158179502,0.6889823079109192,0.6889823079109192,10600,0.0,0.0
1990-01-03 00:00:00-05:00,0.6953035059018372,0.6984639763832092,0.6858220944577212,0.6984639763832092,40200,0.0,0.0
1990-01-04 00:00:00-05:00,0.7047846089709888,0.7047846089709888,0.695303201675415,0.695303201675415,225900,0.0,0.0
1990-01-05 00:00:00-05:00,0.7016245358813126,0.7142664194107056,0.7016245358813126,0.7142664194107056,26300,0.0,0.0
1990-01-08 00:00:00-05:00,0.7142661697363137,0.7395499279570682,0.7142661697363137,0.7363894581794739,43600,0.0,0.0
1990-01-09 00:00:00-05:00,0.7321984784023181,0.7419611247810157,0.7224358320236206,0.7224358320236206,16700,0.839,0.0
1990-01-10 00:00:00-05:00,0.7224352898663037,0.7224352898663037,0.7061642247792248,0.7126726508140564,73700,0.0,0.0
1990-01-11 00:00:00-05:00,0.7126726508140564,0.7159268638314722,0.7094184377966406,0.7126726508140564,31700,0.0,0.0
1990-01-12 00:00:00-05:00,0.7061643004417419,0.7061643004417419,0.702910087075651,0.7061643004417419,58500,0.0,0.0
1990-01-15 00:00:00-05:00,0.69965587370956,0.7061643004417419,0.69965587370956,0.7061643004417419,17400,0.0,0.0
1990-01-16 00:00:00-05:00,0.69965587370956,0.7061643004417419,0.69965587370956,0.7061643004417419,11700,0.0,0.0
1990-01-17 00:00:00-05:00,0.7061645783208035,0.7094187929674431,0.7029103636741638,0.7029103636741638,15300,0.0,0.0
1990-01-18 00:00:00-05:00,0.702910103908805,0.702910103908805,0.6996558904647827,0.6996558904647827,14100,0.0,0.0
1990-01-19 00:00:00-05:00,0.702910011761809,0.7126726508140564,0.6996557987443932,0.7126726508140564,23200,0.0,0.0
1990-01-22 00:00:00-05:00,0.7159269452095032,0.7159269452095032,0.7094185184348714,0.7159269452095032,13300,0.0,0.0
1990-01-23 00:00:00-05:00,0.715926966516141,0.7191811800003052,0.715926966516141,0.7191811800003052,70100,0.0,0.0
1990-01-24 00:00:00-05:00,0.7191811800003052,0.7256896069686337,0.715926966516141,0.7191811800003052,2400,0.0,0.0
1990-01-25 00:00:00-05:00,0.7191811800003052,0.7224353934844695,0.7126727530319766,0.7191811800003052,15200,0.0,0.0
1990-01-26 00:00:00-05:00,0.7224349842539856,0.7321976191763366,0.7191807726132018,0.728943407535553,10000,0.0,0.0
1990-01-29 00:00:00-05:00,0.7256896323627896,0.7321980595588684,0.7256896323627896,0.7321980595588684,7300,0.0,0.0
1990-01-30 00:00:00-05:00,0.7387064867549472,0.7387064867549472,0.728943845960829,0.7321980595588684,10100,0.0,0.0
1990-01-31 00:00:00-05:00,0.728943845960829,0.7321980595588684,0.7256896323627896,0.7321980595588684,11700,0.0,0.0
1990-02-01 00:00:00-05:00,0.7354523952592883,0.7419608235359192,0.7321981811209729,0.7419608235359192,17400,0.0,0.0
1990-02-02 00:00:00-05:00,0.7419603837219103,0.7419603837219103,0.7387061715126038,0.7387061715126038,7500,0.0,0.0
1990-02-05 00:00:00-05:00,0.7419603837219103,0.7419603837219103,0.7289435348846839,0.7387061715126038,80800,0.0,0.0
1990-02-06 00:00:00-05:00,0.7387064481731009,0.7387064481731009,0.7321980213169502,0.7354522347450256,16500,0.0,0.0
1990-02-07 00:00:00-05:00,0.7354520038746329,0.7452146410942078,0.7354520038746329,0.7452146410942078,90500,0.0,0.0
1990-02-08 00:00:00-05:00,0.7549773892785748,0.7745026665875036,0.7517231763937534,0.7614858150482178,38100,0.0,0.0
1990-02-09 00:00:00-05:00,0.7614860149140054,0.7647402286529541,0.7582318011750566,0.7647402286529541,42000,0.0,0.0
1990-02-12 00:00:00-05:00,0.7712484441042944,0.7810110826372602,0.7647400184156505,0.7777568697929382,71000,0.0,0.0
1990-02-13 00:00:00-05:00,0.7810114250808465,0.7972824964366976,0.7810114250808465,0.7940282821655273,56200,0.0,0.0
1990-02-14 00:00:00-05:00,0.8005365043878556,0.8037907178203265,0.7810112237930298,0.7810112237930298,36300,0.0,0.0
1990-02-15 00:00:00-05:00,0.7810112237930298,0.7810112237930298,0.7745027969280879,0.7810112237930298,57000,0.0,0.0
1990-02-16 00:00:00-05:00,0.7810112237930298,0.7907738640904427,0.7777570103605589,0.7810112237930298,237200,0.0,0.0
1990-02-20 00:00:00-05:00,0.7745027969280879,0.7875196506579718,0.767994370063146,0.7810112237930298,112100,0.0,0.0
1990-02-21 00:00:00-05:00,0.787519789042593,0.787519789042593,0.7679945050167436,0.7745029330253601,55200,0.0,0.0
1990-02-22 00:00:00-05:00,0.7745025905512146,0.7810110156818971,0.7614857402898497,0.7679941654205322,21600,0.0,0.0
1990-02-23 00:00:00-05:00,0.7679942408178606,0.771248453702682,0.7582316021633964,0.7614858150482178,19900,0.0,0.0
1990-02-26 00:00:00-05:00,0.7484688081405236,0.7484688081405236,0.7354519593032971,0.7387061715126038,31100,0.0,0.0
1990-02-27 00:00:00-05:00,0.7387062017019693,0.751723051071167,0.7387062017019693,0.751723051071167,26700,0.0,0.0
1990-02-28 00:00:00-05:00,0.7549772262573242,0.7614856506216116,0.7517230140751806,0.7549772262573242,18300,0.0,0.0
1990-03-01 00:00:00-05:00,0.7582318942274964,0.7582318942274964,0.7419608235359192,0.7419608235359192,25300,0.0,0.0
1990-03-02 00:00:00-05:00,0.7452150376742347,0.7452150376742347,0.7354523952592883,0.7419608235359192,89800,0.0,0.0
1990-03-05 00:00:00-05:00,0.7419608235359192,0.7452150376742347,0.7419608235359192,0.7419608235359192,24700,0.0,0.0
1990-03-06 00:00:00-05:00,0.7419608235359192,0.7452150376742347,0.7387066093976038,0.7419608235359192,37800,0.0,0.0
1990-03-07 00:00:00-05:00,0.7452150376742347,0.7452150376742347,0.7387066093976038,0.7419608235359192,29700,0.0,0.0
1990-03-08 00:00:00-05:00,0.7452146410942078,0.7484688535007327,0.7419604286876829,0.7452146410942078,32300,0.0,0.0
1990-03-09 00:00:00-05:00,0.748468801893037,0.7679940749858988,0.748468801893037,0.7549772262573242,55600,0.0,0.0
1990-03-12 00:00:00-05:00,0.7549772783137825,0.7549772783137825,0.7419604286876829,0.7452146410942078,32500,0.0,0.0
1990-03-13 00:00:00-05:00,0.7452146705128092,0.758231520652771,0.7419604579778187,0.758231520652771,63900,0.0,0.0
1990-03-14 00:00:00-05:00,0.7614856880980653,0.7679941127826642,0.7484688387288676,0.751723051071167,34800,0.0,0.0
1990-03-15 00:00:00-05:00,0.7517230140751806,0.7582314384394678,0.748468801893037,0.7549772262573242,8000,0.0,0.0
1990-03-16 00:00:00-05:00,0.7549773081177805,0.758231520652771,0.7549773081177805,0.758231520652771,15400,0.0,0.0
1990-03-19 00:00:00-05:00,0.7647399004403647,0.7647399004403647,0.751723051071167,0.751723051071167,30500,0.0,0.0
1990-03-20 00:00:00-05:00,0.751723051071167,0.7549772634134664,0.7484688387288676,0.751723051071167,19500,0.0,0.0
1990-03-21 00:00:00-05:00,0.75172309558279,0.7614857331877614,0.7484688830477997,0.758231520652771,18700,0.0,0.0
1990-03-22 00:00:00-05:00,0.7614856880980653,0.7614856880980653,0.751723051071167,0.751723051071167,19300,0.0,0.0
1990-03-23 00:00:00-05:00,0.7549772634134664,0.7549772634134664,0.7484688387288676,0.751723051071167,22600,0.0,0.0
1990-03-26 00:00:00-05:00,0.7582314907203075,0.7582314907203075,0.7452146410942078,0.7452146410942078,21200,0.0,0.0
1990-03-27 00:00:00-05:00,0.7419604286876829,0.7452146410942078,0.7387062162811578,0.7452146410942078,11300,0.0,0.0
1990-03-28 00:00:00-05:00,0.7484688535007327,0.7517230659072576,0.7419604286876829,0.7452146410942078,14200,0.0,0.0
1990-03-29 00:00:00-05:00,0.7484688387288676,0.751723051071167,0.7452146263865682,0.751723051071167,18600,0.0,0.0
1990-03-30 00:00:00-05:00,0.7517230140751806,0.7614856506216116,0.748468801893037,0.7549772262573242,22000,0.0,0.0
1990-04-02 00:00:00-04:00,0.7484688830477997,0.7614857331877614,0.7484688830477997,0.758231520652771,17100,0.0,0.0
1990-04-03 00:00:00-04:00,0.7614857331877614,0.7647399457227518,0.7549773081177805,0.758231520652771,10600,0.0,0.0
1990-04-04 00:00:00-04:00,0.7549772634134664,0.7582314757557659,0.751723051071167,0.751723051071167,26500,0.0,0.0
1990-04-05 00:00:00-04:00,0.7549775153134776,0.7549775153134776,0.7354522347450256,0.7354522347450256,30800,0.0,0.0
1990-04-06 00:00:00-04:00,0.7387062454428284,0.758231520652771,0.7321978203728475,0.758231520652771,89100,0.0,0.0
1990-04-09 00:00:00-04:00,0.7617756930882471,0.7785548933765345,0.7550640129729321,0.7651315331459045,35000,0.882,0.0
1990-04-10 00:00:00-04:00,0.768487160575801,0.7785546779632568,0.768487160575801,0.7785546779632568,17800,0.0,0.0
1990-04-11 00:00:00-04:00,0.775199053318877,0.775199053318877,0.7584198530305896,0.7651315331459045,81300,0.0,0.0
1990-04-12 00:00:00-04:00,0.768487274646759,0.7718431142740375,0.7584197557649238,0.768487274646759,41200,0.0,0.0
1990-04-16 00:00:00-04:00,0.7718430111586786,0.7718430111586786,0.7550638152639246,0.7617754936218262,68200,0.0,0.0
1990-04-17 00:00:00-04:00,0.7617752923902157,0.7651311306826836,0.7550636158052798,0.7584194540977478,17200,0.0,0.0
1990-04-18 00:00:00-04:00,0.7584196662043665,0.7584196662043665,0.7449963092803955,0.7449963092803955,18400,0.0,0.0
1990-04-19 00:00:00-04:00,0.7382843864562849,0.7416402245765407,0.7248610339752615,0.734928548336029,40400,0.0,0.0
1990-04-20 00:00:00-04:00,0.7349287488243796,0.7449962659315629,0.7315729097886519,0.7382845878601074,40900,0.0,0.0
1990-04-23 00:00:00-04:00,0.7382846308184099,0.7449963092803955,0.7315729523564244,0.7449963092803955,57100,0.0,0.0
1990-04-24 00:00:00-04:00,0.7449966669082642,0.7617758711179097,0.7449966669082642,0.7550641894340515,33800,0.0,0.0
1990-04-25 00:00:00-04:00,0.7584196544428754,0.7617754936218262,0.7483521369060231,0.7617754936218262,43400,0.0,0.0
1990-04-26 00:00:00-04:00,0.7617754936218262,0.7651313328007769,0.7550638152639246,0.7617754936218262,14600,0.0,0.0
1990-04-27 00:00:00-04:00,0.7617754936218262,0.7651313328007769,0.7617754936218262,0.7617754936218262,46300,0.0,0.0
1990-04-30 00:00:00-04:00,0.7651313328007769,0.7651313328007769,0.7617754936218262,0.7617754936218262,4200,0.0,0.0
1990-05-01 00:00:00-04:00,0.7617754936218262,0.7684871719797278,0.7617754936218262,0.7617754936218262,34700,0.0,0.0
1990-05-02 00:00:00-04:00,0.7684871719797278,0.7684871719797278,0.7617754936218262,0.7617754936218262,29600,0.0,0.0
1990-05-03 00:00:00-04:00,0.7651315331459045,0.7651315331459045,0.7584198530305896,0.7651315331459045,32700,0.0,0.0
1990-05-04 00:00:00-04:00,0.7651315354681635,0.7785548957395347,0.7617756954003206,0.7751990556716919,23700,0.0,0.0
1990-05-07 00:00:00-04:00,0.7751990349396415,0.7785548749177352,0.7684873549834541,0.7718431949615479,9700,0.0,0.0
1990-05-08 00:00:00-04:00,0.7785546616611317,0.7852663397789001,0.7718429835433633,0.7852663397789001,25700,0.0,0.0
1990-05-09 00:00:00-04:00,0.7886224159430633,0.7886224159430633,0.771843215603849,0.7751990556716919,21500,0.0,0.0
1990-05-10 00:00:00-04:00,0.7751989539013159,0.7785547935285944,0.7617755953922022,0.768487274646759,14300,0.0,0.0
1990-05-11 00:00:00-04:00,0.771843215603849,0.7785548957395347,0.771843215603849,0.7751990556716919,23300,0.0,0.0
1990-05-14 00:00:00-04:00,0.7785546779632568,0.7785546779632568,0.768487160575801,0.7785546779632568,11200,0.0,0.0
1990-05-15 00:00:00-04:00,0.7785548957395347,0.7785548957395347,0.7751990556716919,0.7751990556716919,5100,0.0,0.0
1990-05-16 00:00:00-04:00,0.7785546779632568,0.7785546779632568,0.7751988388341049,0.7785546779632568,13900,0.0,0.0
1990-05-17 00:00:00-04:00,0.7785546779632568,0.7819105170924089,0.7751988388341049,0.7785546779632568,32200,0.0,0.0
1990-05-18 00:00:00-04:00,0.7852663397789001,0.7852663397789001,0.7785546616611317,0.7852663397789001,10700,0.0,0.0
1990-05-21 00:00:00-04:00,0.7886219620704651,0.7886219620704651,0.781910285797525,0.7886219620704651,12500,0.0,0.0
1990-05-22 00:00:00-04:00,0.7852663562215608,0.7852663562215608,0.7785546779632568,0.7785546779632568,16200,0.0,0.0
1990-05-23 00:00:00-04:00,0.7852663562215608,0.7852663562215608,0.7785546779632568,0.7785546779632568,8100,0.0,0.0
1990-05-24 00:00:00-04:00,0.7852663397789001,0.7852663397789001,0.7751988226022476,0.7852663397789001,14700,0.0,0.0
1990-05-25 00:00:00-04:00,0.7852663562215608,0.7852663562215608,0.7785546779632568,0.7785546779632568,11500,0.0,0.0
1990-05-29 00:00:00-04:00,0.7751988388341049,0.7785546779632568,0.771842999704953,0.7785546779632568,3900,0.0,0.0
1990-05-30 00:00:00-04:00,0.7785546779632568,0.7819105170924089,0.7751988388341049,0.7785546779632568,11600,0.0,0.0
1990-05-31 00:00:00-04:00,0.7785547588004575,0.7819105982780457,0.7718430798452811,0.7819105982780457,23700,0.0,0.0
1990-06-01 00:00:00-04:00,0.7819107358073776,0.7819107358073776,0.771843215603849,0.7751990556716919,8500,0.0,0.0
1990-06-04 00:00:00-04:00,0.7751988388341049,0.7785546779632568,0.771842999704953,0.7785546779632568,4100,0.0,0.0
1990-06-05 00:00:00-04:00,0.7785544838525552,0.7785544838525552,0.7584194540977478,0.7584194540977478,32600,0.0,0.0
1990-06-06 00:00:00-04:00,0.7550638701234544,0.7617755489689962,0.7517080307006836,0.7517080307006836,24200,0.0,0.0
1990-06-07 00:00:00-04:00,0.7584197095462254,0.7617755489689962,0.7517080307006836,0.7517080307006836,14600,0.0,0.0
1990-06-08 00:00:00-04:00,0.7584200302759806,0.7617758711179097,0.7483525077501932,0.7550641894340515,32200,0.0,0.0
1990-06-11 00:00:00-04:00,0.7550639161376453,0.768487274646759,0.7550639161376453,0.768487274646759,7600,0.0,0.0
1990-06-12 00:00:00-04:00,0.7617754936218262,0.7651313328007769,0.7584196544428754,0.7617754936218262,18300,0.0,0.0
1990-06-13 00:00:00-04:00,0.7617755953922022,0.768487274646759,0.7584197557649238,0.768487274646759,38100,0.0,0.0
1990-06-14 00:00:00-04:00,0.7651313328007769,0.7651313328007769,0.7584196544428754,0.7617754936218262,6000,0.0,0.0
1990-06-15 00:00:00-04:00,0.7617754936218262,0.7617754936218262,0.7584196544428754,0.7617754936218262,6600,0.0,0.0
1990-06-18 00:00:00-04:00,0.7617754936218262,0.7617754936218262,0.7550638152639246,0.7617754936218262,6300,0.0,0.0
1990-06-19 00:00:00-04:00,0.7617754936218262,0.7651313328007769,0.7584196544428754,0.7617754936218262,6600,0.0,0.0
1990-06-20 00:00:00-04:00,0.7651313883917672,0.7651313883917672,0.7517080307006836,0.7517080307006836,16400,0.0,0.0
1990-06-21 00:00:00-04:00,0.7584197095462254,0.7584197095462254,0.7483521912779126,0.7517080307006836,26800,0.0,0.0
1990-06-22 00:00:00-04:00,0.7517080307006836,0.7517080307006836,0.7449963518551418,0.7517080307006836,9600,0.0,0.0
1990-06-25 00:00:00-04:00,0.751707987742381,0.751707987742381,0.7449963092803955,0.7449963092803955,3400,0.0,0.0
1990-06-26 00:00:00-04:00,0.7483525077501932,0.7550641894340515,0.7483525077501932,0.7550641894340515,95900,0.0,0.0
1990-06-27 00:00:00-04:00,0.7550638701234544,0.7550638701234544,0.7382846730095999,0.7517080307006836,346300,0.0,0.0
1990-06-28 00:00:00-04:00,0.7517080307006836,0.7550638701234544,0.7517080307006836,0.7517080307006836,12600,0.0,0.0
1990-06-29 00:00:00-04:00,0.7517080307006836,0.7550638701234544,0.7517080307006836,0.7517080307006836,10700,0.0,0.0
1990-07-02 00:00:00-04:00,0.7517080307006836,0.7550638701234544,0.7483521912779126,0.7517080307006836,20000,0.0,0.0
1990-07-03 00:00:00-04:00,0.7550640129729321,0.7651315331459045,0.7550640129729321,0.7651315331459045,9700,0.0,0.0
1990-07-05 00:00:00-04:00,0.7651313328007769,0.7651313328007769,0.7584196544428754,0.7617754936218262,8400,0.0,0.0
1990-07-06 00:00:00-04:00,0.7617754936218262,0.7617754936218262,0.7550638152639246,0.7617754936218262,8100,0.0,0.0
1990-07-09 00:00:00-04:00,0.7617755489689962,0.7651313883917672,0.7517080307006836,0.7517080307006836,6200,0.0,0.0
1990-07-10 00:00:00-04:00,0.7570763411025655,0.7605175971984863,0.7570763411025655,0.7605175971984863,4300,0.695,0.0
1990-07-11 00:00:00-04:00,0.7605175971984863,0.7605175971984863,0.7570763411025655,0.7605175971984863,12700,0.0,0.0
1990-07-12 00:00:00-04:00,0.7605174965149647,0.763958752155304,0.7605174965149647,0.763958752155304,14900,0.0,0.0
1990-07-13 00:00:00-04:00,0.763958752155304,0.7674000077956431,0.7605174965149647,0.763958752155304,24400,0.0,0.0
1990-07-16 00:00:00-04:00,0.763958853294407,0.763958853294407,0.7536350850066448,0.7605175971984863,11300,0.0,0.0
1990-07-17 00:00:00-04:00,0.7605176987973127,0.7605176987973127,0.7536351856860247,0.7570764422416687,11000,0.0,0.0
1990-07-18 00:00:00-04:00,0.7605176987973127,0.7605176987973127,0.7570764422416687,0.7570764422416687,21900,0.0,0.0
1990-07-19 00:00:00-04:00,0.7536351856860247,0.7605176987973127,0.7501939291303807,0.7570764422416687,42900,0.0,0.0
1990-07-20 00:00:00-04:00,0.7570764422416687,0.7570764422416687,0.7501939291303807,0.7570764422416687,24200,0.0,0.0
1990-07-23 00:00:00-04:00,0.7570760054131076,0.7570760054131076,0.7398697325628097,0.7536347508430481,55900,0.0,0.0
1990-07-24 00:00:00-04:00,0.7570760054131076,0.7605172599831672,0.7501934962729885,0.7536347508430481,39700,0.0,0.0
1990-07-25 00:00:00-04:00,0.7605174965149647,0.763958752155304,0.7536349852342863,0.763958752155304,121700,0.0,0.0
1990-07-26 00:00:00-04:00,0.760517777580964,0.7846065759658813,0.760517777580964,0.7846065759658813,40800,0.0,0.0
1990-07-27 00:00:00-04:00,0.7949299935032339,0.8224600365682809,0.7949299935032339,0.8190187811851501,57800,0.0,0.0
1990-07-30 00:00:00-04:00,0.822460252046585,0.822460252046585,0.7914889454841614,0.7914889454841614,44400,0.0,0.0
1990-07-31 00:00:00-04:00,0.8052539125084877,0.825901448726654,0.8052539125084877,0.825901448726654,62500,0.0,0.0
1990-08-01 00:00:00-04:00,0.8327839607993761,0.8327839607993761,0.8155776806175709,0.825901448726654,66100,0.0,0.0
1990-08-02 00:00:00-04:00,0.8603140833925028,0.8809616213939229,0.8396665453910828,0.8396665453910828,125900,0.0,0.0
1990-08-03 00:00:00-04:00,0.8465488331933175,0.8534313440322876,0.8465488331933175,0.8534313440322876,203700,0.0,0.0
1990-08-06 00:00:00-04:00,0.8603139210116956,0.9016089892202569,0.8603139210116956,0.8878439664840698,264000,0.0,0.0
1990-08-07 00:00:00-04:00,0.8844026393624416,0.8912851501746006,0.8603138515198848,0.8637551069259644,68700,0.0,0.0
1990-08-08 00:00:00-04:00,0.8671964635849,0.8671964635849,0.8534314403533936,0.8603139519691467,185600,0.0,0.0
1990-08-09 00:00:00-04:00,0.8637552077770233,0.8706377193927766,0.8568726961612702,0.8603139519691467,19700,0.0,0.0
1990-08-10 00:00:00-04:00,0.8637554818202579,0.8671967387199402,0.8568729680208933,0.8671967387199402,19600,0.0,0.0
1990-08-13 00:00:00-04:00,0.8809613873881679,0.8809613873881679,0.8534313440322876,0.8534313440322876,19300,0.0,0.0
1990-08-14 00:00:00-04:00,0.8465490580582228,0.8499903143917927,0.8362252890575127,0.8396665453910828,86300,0.0,0.0
1990-08-15 00:00:00-04:00,0.8259009516887585,0.8293422056541283,0.8190184437580188,0.8224596977233887,34400,0.0,0.0
1990-08-16 00:00:00-04:00,0.8224600365682809,0.8224600365682809,0.8190187811851501,0.8190187811851501,46000,0.0,0.0
1990-08-17 00:00:00-04:00,0.8224602637232327,0.8465490580582228,0.8190190073896627,0.8396665453910828,61000,0.0,0.0
1990-08-20 00:00:00-04:00,0.8396667581263596,0.8465492725372314,0.8293429865100519,0.8465492725372314,34200,0.0,0.0
1990-08-21 00:00:00-04:00,0.8534313374616969,0.8809613806056226,0.8534313374616969,0.8740788698196411,80200,0.0,0.0
1990-08-22 00:00:00-04:00,0.8775201994319295,0.8878439664840698,0.8740789437478826,0.8878439664840698,76500,0.0,0.0
1990-08-23 00:00:00-04:00,0.8809615912124457,0.8947266160751401,0.8809615912124457,0.8912853598594666,127100,0.0,0.0
1990-08-24 00:00:00-04:00,0.8878443928325878,0.8912856501691482,0.8671968488132252,0.8775206208229065,78500,0.0,0.0
1990-08-27 00:00:00-04:00,0.8809618445915904,0.8809618445915904,0.8362255009209237,0.8465492725372314,22600,0.0,0.0
1990-08-28 00:00:00-04:00,0.8396661271933119,0.8499898910522461,0.8327836179540224,0.8499898910522461,27000,0.0,0.0
1990-08-29 00:00:00-04:00,0.8568724002915356,0.8568724002915356,0.8465486364326014,0.8499898910522461,15900,0.0,0.0
1990-08-30 00:00:00-04:00,0.8534311456718908,0.8568724002915356,0.8465486364326014,0.8499898910522461,19500,0.0,0.0
1990-08-31 00:00:00-04:00,0.853431564360741,0.884402871131897,0.853431564360741,0.884402871131897,40100,0.0,0.0
1990-09-04 00:00:00-04:00,0.8775201994319295,0.8912852221681166,0.8775201994319295,0.8878439664840698,30200,0.0,0.0
1990-09-05 00:00:00-04:00,0.8912849975610847,0.9325800553631426,0.8912849975610847,0.9222562909126282,51500,0.0,0.0
1990-09-06 00:00:00-04:00,0.9256975862863805,0.9429038611244174,0.9119325664159511,0.9188150763511658,122700,0.0,0.0
1990-09-07 00:00:00-04:00,0.9050502248736091,0.9394627809524536,0.9050502248736091,0.9394627809524536,72200,0.0,0.0
1990-09-10 00:00:00-04:00,0.9325805552386882,0.9360218119000856,0.9188155285930988,0.9256980419158936,81800,0.0,0.0
1990-09-11 00:00:00-04:00,0.9256980419158936,0.9256980419158936,0.9188155285930988,0.9256980419158936,21100,0.0,0.0
1990-09-12 00:00:00-04:00,0.9325805481742411,0.9394630614448997,0.9256980349035825,0.9360218048095703,60300,0.0,0.0
1990-09-13 00:00:00-04:00,0.9325807088141819,0.9601107666389548,0.9325807088141819,0.9566695094108582,56300,0.0,0.0
1990-09-14 00:00:00-04:00,0.9704340921980995,0.973875347844192,0.9601103252598218,0.9635515809059143,115400,0.0,0.0
1990-09-17 00:00:00-04:00,0.9635519212292087,0.9704344349522744,0.9601106643676758,0.9601106643676758,72600,0.0,0.0
1990-09-18 00:00:00-04:00,0.9635510258640804,0.9773160405192814,0.9566685185364797,0.9704335331916809,140400,0.0,0.0
1990-09-19 00:00:00-04:00,0.9635519212292087,0.9635519212292087,0.95322815064461,0.9601106643676758,34300,0.0,0.0
1990-09-20 00:00:00-04:00,0.9532281756401061,0.9601106895436449,0.9532281756401061,0.9532281756401062,24000,0.0,0.0
1990-09-21 00:00:00-04:00,0.9566690696137292,0.973875347844192,0.9532278139676367,0.9635515809059143,42700,0.0,0.0
1990-09-24 00:00:00-04:00,0.9773166034902846,0.9773166034902846,0.9532278139676367,0.9635515809059143,68300,0.0,0.0
1990-09-25 00:00:00-04:00,0.9566694325918755,0.9601106895436449,0.9497869186883368,0.9532281756401062,56600,0.0,0.0
1990-09-26 00:00:00-04:00,0.949786506430076,0.953227761888156,0.9325802291396761,0.942903995513916,35100,0.0,0.0
1990-09-27 00:00:00-04:00,0.9360214880911627,0.939462743562086,0.9188152107365457,0.9325802326202393,34400,0.0,0.0
1990-09-28 00:00:00-04:00,0.9256975457294663,0.9325800553631426,0.9222562909126282,0.9222562909126282,105500,0.0,0.0
1990-10-01 00:00:00-04:00,0.9153740119564441,0.9188152676404908,0.8740789437478826,0.8878439664840698,37200,0.0,0.0
1990-10-02 00:00:00-04:00,0.8878439183505076,0.9188152178278509,0.8878439183505076,0.9119327068328857,28400,0.0,0.0
1990-10-03 00:00:00-04:00,0.9188154824786313,0.9222567389673153,0.8981679435465272,0.9050504565238953,53800,0.0,0.0
1990-10-04 00:00:00-04:00,0.9084917130125792,0.9119329695012632,0.9016092000352112,0.9050504565238953,38700,0.0,0.0
1990-10-05 00:00:00-04:00,0.8981679020957514,0.9084916710853577,0.8981679020957514,0.9084916710853577,9800,0.0,0.0
1990-10-08 00:00:00-04:00,0.9084917174445257,0.929139256477356,0.9050504609390541,0.929139256477356,60200,0.0,0.0
1990-10-09 00:00:00-04:00,0.9263172352960867,0.9441310282825499,0.9156289595042088,0.9191917181015015,27000,1.151,0.0
1990-10-10 00:00:00-04:00,0.9191918479793267,0.937005643482802,0.9156290888786316,0.9156290888786316,17600,0.0,0.0
1990-10-11 00:00:00-04:00,0.9085030730062794,0.9120658301553236,0.8906892872610582,0.9013775587081909,41200,0.0,0.0
1990-10-12 00:00:00-04:00,0.8978150486946106,0.9013778068243511,0.8871267743053891,0.8978150486946106,16200,0.0,0.0
1990-10-15 00:00:00-04:00,0.9013774730115531,0.9013774730115531,0.8871264457702637,0.8871264457702637,4400,0.0,0.0
1990-10-16 00:00:00-04:00,0.8906897448708491,0.8906897448708491,0.8657504320144653,0.8657504320144653,73400,0.0,0.0
1990-10-17 00:00:00-04:00,0.8728757403730377,0.8835640147449525,0.8657502241250946,0.8764384984970093,9800,0.0,0.0
1990-10-18 00:00:00-04:00,0.8835646402640421,0.8835646402640421,0.8550625550942343,0.8693135976791382,47500,0.0,0.0
1990-10-19 00:00:00-04:00,0.8657504320144653,0.8657504320144653,0.8586249140554986,0.8657504320144653,41100,0.0,0.0
1990-10-22 00:00:00-04:00,0.8728759499734321,0.8764387089529155,0.8657504320144653,0.8657504320144653,5600,0.0,0.0
1990-10-23 00:00:00-04:00,0.8693135976791382,0.8764391189715902,0.8621880763866863,0.8693135976791382,67900,0.0,0.0
1990-10-24 00:00:00-04:00,0.8764389043877482,0.8871271837095499,0.8728761446138142,0.8800016641616821,23700,0.0,0.0
1990-10-25 00:00:00-04:00,0.8835639357566833,0.8906894513676243,0.8800011779512128,0.8835639357566833,52800,0.0,0.0
1990-10-26 00:00:00-04:00,0.8835639357566833,0.8871266935621538,0.8835639357566833,0.8835639357566833,5100,0.0,0.0
1990-10-29 00:00:00-05:00,0.8906894513676243,0.8978149669785653,0.8800011779512128,0.8835639357566833,12100,0.0,0.0
1990-10-30 00:00:00-05:00,0.8800013865743365,0.8871269038745335,0.8728758692741394,0.8728758692741394,76500,0.0,0.0
1990-10-31 00:00:00-05:00,0.8764389043877482,0.8800016641616821,0.8764389043877482,0.8800016641616821,18900,0.0,0.0
1990-11-01 00:00:00-05:00,0.8835639357566833,0.8871266935621538,0.8800011779512128,0.8835639357566833,20000,0.0,0.0
1990-11-02 00:00:00-05:00,0.8835636889599414,0.8871264457702637,0.880000932149619,0.8871264457702637,23800,0.0,0.0
1990-11-05 00:00:00-05:00,0.8942520706653595,0.8942520706653595,0.8835637989044189,0.8906893134117126,28500,0.0,0.0
1990-11-06 00:00:00-05:00,0.8906895309928956,0.8906895309928956,0.8764384984970093,0.8764384984970093,14100,0.0,0.0
1990-11-07 00:00:00-05:00,0.8835644239356161,0.8835644239356161,0.8764389043877482,0.8800016641616821,17800,0.0,0.0
1990-11-08 00:00:00-05:00,0.8835641452244349,0.8835641452244349,0.8693131106240408,0.8728758692741394,18000,0.0,0.0
1990-11-09 00:00:00-05:00,0.880000932149619,0.8871264457702637,0.880000932149619,0.8871264457702637,9100,0.0,0.0
1990-11-12 00:00:00-05:00,0.8871264457702637,0.8871264457702637,0.880000932149619,0.8871264457702637,27300,0.0,0.0
1990-11-13 00:00:00-05:00,0.8871265561580658,0.8906893134117126,0.8835637989044189,0.8906893134117126,7500,0.0,0.0
1990-11-14 00:00:00-05:00,0.8978150486946106,0.8978150486946106,0.8906895324351296,0.8978150486946106,37100,0.0,0.0
1990-11-15 00:00:00-05:00,0.8978149669785653,0.8978149669785653,0.8835639357566833,0.8835639357566833,16500,0.0,0.0
1990-11-16 00:00:00-05:00,0.8906896608284269,0.8942524194717407,0.8871269021851133,0.8942524194717407,6500,0.0,0.0
1990-11-19 00:00:00-05:00,0.8906894513676243,0.8942522091730948,0.8835639357566833,0.8835639357566833,19800,0.0,0.0
1990-11-20 00:00:00-05:00,0.8764384201457424,0.8871266935621538,0.8764384201457424,0.8835639357566833,18000,0.0,0.0
1990-11-21 00:00:00-05:00,0.8871264457702637,0.8871264457702637,0.880000932149619,0.8871264457702637,7300,0.0,0.0
1990-11-23 00:00:00-05:00,0.8871264457702637,0.8871264457702637,0.8871264457702637,0.8871264457702637,7600,0.0,0.0
1990-11-26 00:00:00-05:00,0.8871264457702637,0.890689202580586,0.880000932149619,0.8871264457702637,37300,0.0,0.0
1990-11-27 00:00:00-05:00,0.8906894513676243,0.8906894513676243,0.8835639357566833,0.8835639357566833,14100,0.0,0.0
1990-11-28 00:00:00-05:00,0.887126772868924,0.887126772868924,0.8693129822490662,0.8764384984970093,17000,0.0,0.0
1990-11-29 00:00:00-05:00,0.8800011779512128,0.8871266935621538,0.8764384201457424,0.8835639357566833,11100,0.0,0.0
1990-11-30 00:00:00-05:00,0.8835640544733725,0.8835640544733725,0.8621875047683716,0.8621875047683716,15800,0.0,0.0
1990-12-03 00:00:00-05:00,0.8657506451010704,0.8657506451010704,0.8479368458191554,0.8550623655319214,17200,0.0,0.0
1990-12-04 00:00:00-05:00,0.8550623655319214,0.8621878852446874,0.8550623655319214,0.8550623655319214,34700,0.0,0.0
1990-12-05 00:00:00-05:00,0.8586249071009019,0.8586249071009019,0.8443738712983974,0.8479366302490234,11200,0.0,0.0
1990-12-06 00:00:00-05:00,0.8408112829191643,0.8408112829191643,0.812309205532074,0.812309205532074,54800,0.0,0.0
1990-12-07 00:00:00-05:00,0.8123090545852463,0.8336856086532791,0.8123090545852463,0.8229973316192627,38100,0.0,0.0
1990-12-10 00:00:00-05:00,0.8265601449308142,0.8265601449308142,0.8051835894584656,0.8051835894584656,25700,0.0,0.0
1990-12-11 00:00:00-05:00,0.8087463596132067,0.8087463596132067,0.7909325631459554,0.8016208410263062,37000,0.0,0.0
1990-12-12 00:00:00-05:00,0.8016209230829248,0.8051836827410711,0.7909326441084857,0.7944954037666321,28200,0.0,0.0
1990-12-13 00:00:00-05:00,0.7980584153183945,0.7980584153183945,0.7909328937530518,0.7909328937530518,40900,0.0,0.0
1990-12-14 00:00:00-05:00,0.7944956068539512,0.7944956068539512,0.780244564578544,0.7873700857162476,38400,0.0,0.0
1990-12-17 00:00:00-05:00,0.7909325631459554,0.8016208410263062,0.7873698038525052,0.8016208410263062,21100,0.0,0.0
1990-12-18 00:00:00-05:00,0.8016208302130742,0.8051835894584656,0.7980580709676827,0.8051835894584656,21100,0.0,0.0
1990-12-19 00:00:00-05:00,0.8051839207374999,0.8336860064273228,0.801621160026272,0.830123245716095,35500,0.0,0.0
1990-12-20 00:00:00-05:00,0.8336858402324628,0.8443741202354431,0.8301230802314694,0.8443741202354431,43000,0.0,0.0
1990-12-21 00:00:00-05:00,0.8443740859627723,0.8586251253883044,0.8443740859627723,0.8550623655319214,33800,0.0,0.0
1990-12-24 00:00:00-05:00,0.8586253157404603,0.8693135976791382,0.8586253157404603,0.8693135976791382,11600,0.0,0.0
1990-12-26 00:00:00-05:00,0.8693129822490662,0.8800012566209809,0.8693129822490662,0.8764384984970093,9400,0.0,0.0
1990-12-27 00:00:00-05:00,0.8835640544733725,0.8835640544733725,0.8621875047683716,0.8621875047683716,16700,0.0,0.0
1990-12-28 00:00:00-05:00,0.8621878852446874,0.8657506451010704,0.8479368458191554,0.8550623655319214,30200,0.0,0.0
1990-12-31 00:00:00-05:00,0.8621880763866863,0.8693135976791382,0.8621880763866863,0.8693135976791382,14900,0.0,0.0
1991-01-02 00:00:00-05:00,0.8586247464842047,0.8693130213367052,0.8586247464842047,0.8621875047683716,17900,0.0,0.0
1991-01-03 00:00:00-05:00,0.8550623655319214,0.8586251253883044,0.8479368458191554,0.8550623655319214,46100,0.0,0.0
1991-01-04 00:00:00-05:00,0.8550623457441445,0.8800016641616821,0.8550623457441445,0.8800016641616821,49500,0.0,0.0
1991-01-07 00:00:00-05:00,0.8835637989044189,0.8978148279190064,0.8800010416507721,0.8906893134117126,51100,0.0,0.0
1991-01-08 00:00:00-05:00,0.8978149669785653,0.8978149669785653,0.8835639357566833,0.8835639357566833,44200,0.0,0.0
1991-01-09 00:00:00-05:00,0.8819493507516795,0.8819493507516795,0.8483156890704714,0.8670010566711426,67600,1.446,0.0
1991-01-10 00:00:00-05:00,0.8670017408288043,0.8670017408288043,0.8557905114215354,0.859527587890625,19700,0.0,0.0
1991-01-11 00:00:00-05:00,0.859527587890625,0.8632646643597147,0.8520534349524457,0.859527587890625,37800,0.0,0.0
1991-01-14 00:00:00-05:00,0.8595270999764973,0.8670012486719452,0.8408417282378778,0.8445788025856018,52500,0.0,0.0
1991-01-15 00:00:00-05:00,0.8595275084177653,0.8632645845413207,0.8371050516764322,0.8408421277999878,42000,0.0,0.0
1991-01-16 00:00:00-05:00,0.8483156890704714,0.8670010566711426,0.8408415420302029,0.8670010566711426,29200,0.0,0.0
1991-01-17 00:00:00-05:00,0.8483163083615325,0.8483163083615325,0.7959972408854908,0.8333680033683777,203300,0.0,0.0
1991-01-18 00:00:00-05:00,0.8371050796166664,0.8408421558649551,0.8258938508718003,0.8333680033683777,30000,0.0,0.0
1991-01-21 00:00:00-05:00,0.8371050796166664,0.8445792321132438,0.8333680033683777,0.8333680033683777,13800,0.0,0.0
1991-01-22 00:00:00-05:00,0.8408422055451766,0.859527587890625,0.8333680526069973,0.859527587890625,20600,0.0,0.0
1991-01-23 00:00:00-05:00,0.8632646515134067,0.8782129571673184,0.8595275750999287,0.8707388043403625,24000,0.0,0.0
1991-01-24 00:00:00-05:00,0.8707388043403625,0.8707388043403625,0.8595275750999287,0.8707388043403625,9900,0.0,0.0
1991-01-25 00:00:00-05:00,0.870738817297894,0.870738817297894,0.8557905114215354,0.859527587890625,10500,0.0,0.0
1991-01-28 00:00:00-05:00,0.8670014835341008,0.8670014835341008,0.8557902574539185,0.8557902574539185,8700,0.0,0.0
1991-01-29 00:00:00-05:00,0.8520527625906056,0.8670010566711426,0.8520527625906056,0.8670010566711426,18800,0.0,0.0
1991-01-30 00:00:00-05:00,0.8557898361107399,0.8670010566711426,0.8557898361107399,0.8670010566711426,39400,0.0,0.0
1991-01-31 00:00:00-05:00,0.8670010566711426,0.8670010566711426,0.8595269096308741,0.8670010566711426,13300,0.0,0.0
1991-02-01 00:00:00-05:00,0.8670018761705011,0.8670018761705011,0.8595277220655829,0.863264799118042,48900,0.0,0.0
1991-02-04 00:00:00-05:00,0.8595277220655829,0.863264799118042,0.8557906450131239,0.863264799118042,32700,0.0,0.0
1991-02-05 00:00:00-05:00,0.8557905114215354,0.859527587890625,0.848316358483356,0.859527587890625,38800,0.0,0.0
1991-02-06 00:00:00-05:00,0.8595273139628958,0.8782126903533936,0.8520531634066968,0.8782126903533936,117200,0.0,0.0
1991-02-07 00:00:00-05:00,0.8782126476704064,0.8894238729598158,0.8782126476704064,0.8819497227668762,33600,0.0,0.0
1991-02-08 00:00:00-05:00,0.8819499892047328,0.8819499892047328,0.8632646080775138,0.8744758367538452,74000,0.0,0.0
1991-02-11 00:00:00-05:00,0.8782129571673184,0.8782129571673184,0.8632646515134067,0.8707388043403625,47600,0.0,0.0
1991-02-12 00:00:00-05:00,0.8632639831510084,0.8707381301912768,0.8595269096308741,0.8670010566711426,31300,0.0,0.0
1991-02-13 00:00:00-05:00,0.8670018761705011,0.8670018761705011,0.8557906450131239,0.863264799118042,17500,0.0,0.0
1991-02-14 00:00:00-05:00,0.8557906450131239,0.863264799118042,0.8520535679606649,0.863264799118042,15500,0.0,0.0
1991-02-15 00:00:00-05:00,0.8632644349257852,0.8632644349257852,0.8445790575464391,0.8483161330223083,20300,0.0,0.0
1991-02-19 00:00:00-05:00,0.8371051080626061,0.8371051080626061,0.8184197261862086,0.8258938789367676,32700,0.0,0.0
1991-02-20 00:00:00-05:00,0.8258938033472408,0.8258938033472408,0.8146825752475045,0.8221567273139954,37100,0.0,0.0
1991-02-21 00:00:00-05:00,0.8258937270673986,0.8258937270673986,0.8184195756912231,0.8184195756912231,47800,0.0,0.0
1991-02-22 00:00:00-05:00,0.8221564369816934,0.8258935116952466,0.8072081381274808,0.8109452128410339,100900,0.0,0.0
1991-02-25 00:00:00-05:00,0.8109455458786455,0.8333680033683777,0.8072084696303569,0.8333680033683777,38000,0.0,0.0
1991-02-26 00:00:00-05:00,0.8371049761772156,0.840842051963721,0.8333679003907102,0.8371049761772156,46600,0.0,0.0
1991-02-27 00:00:00-05:00,0.8371051080626061,0.8371051080626061,0.8258938789367676,0.8258938789367676,36100,0.0,0.0
1991-02-28 00:00:00-05:00,0.8333679755528768,0.8408421277999878,0.8296308994293212,0.8408421277999878,67900,0.0,0.0
1991-03-01 00:00:00-05:00,0.8371050399646425,0.8520533442497253,0.8333679638933718,0.8520533442497253,44300,0.0,0.0
1991-03-04 00:00:00-05:00,0.8557898361107399,0.8670010566711426,0.8520527625906056,0.8670010566711426,28700,0.0,0.0
1991-03-05 00:00:00-05:00,0.8707389532229601,0.8707389532229601,0.8296311056459105,0.863264799118042,78000,0.0,0.0
1991-03-06 00:00:00-05:00,0.8632646643597147,0.8670017408288043,0.859527587890625,0.859527587890625,20900,0.0,0.0
1991-03-07 00:00:00-05:00,0.874475615075294,0.8894239161876922,0.874475615075294,0.8782126903533936,44100,0.0,0.0
1991-03-08 00:00:00-05:00,0.8707388657054821,0.8856871724128723,0.8707388657054821,0.8856871724128723,31600,0.0,0.0
1991-03-11 00:00:00-05:00,0.8894238729598158,0.8894238729598158,0.8744755725739366,0.8819497227668762,25800,0.0,0.0
1991-03-12 00:00:00-05:00,0.8707384974774668,0.8819497227668762,0.867001422380997,0.8819497227668762,18100,0.0,0.0
1991-03-13 00:00:00-05:00,0.8819497227668762,0.8894238729598158,0.8819497227668762,0.8819497227668762,16200,0.0,0.0
1991-03-14 00:00:00-05:00,0.8819500957360248,0.8894242490897198,0.8819500957360248,0.8856871724128723,31600,0.0,0.0
1991-03-15 00:00:00-05:00,0.8894239828676359,0.8931610584259033,0.8819498317511012,0.8931610584259033,9300,0.0,0.0
1991-03-18 00:00:00-05:00,0.8856871724128723,0.8931613257665675,0.8744759423823296,0.8856871724128723,21000,0.0,0.0
1991-03-19 00:00:00-05:00,0.8856864160850269,0.8894234895706177,0.8744751956282544,0.8894234895706177,12300,0.0,0.0
1991-03-20 00:00:00-05:00,0.8894234895706177,0.8894234895706177,0.881949342599436,0.8894234895706177,22200,0.0,0.0
1991-03-21 00:00:00-05:00,0.8894234895706177,0.8894234895706177,0.8856864160850269,0.8894234895706177,42700,0.0,0.0
1991-03-22 00:00:00-05:00,0.8931610584259033,0.8931610584259033,0.8894239828676359,0.8931610584259033,5900,0.0,0.0
1991-03-25 00:00:00-05:00,0.8968982100486755,0.8968982100486755,0.8931611341734726,0.8968982100486755,24200,0.0,0.0
1991-03-26 00:00:00-05:00,0.8931610584259033,0.8968981339841707,0.8894239828676359,0.8931610584259033,25800,0.0,0.0
1991-03-27 00:00:00-05:00,0.9006352859238783,0.9043723617990811,0.8894240582982699,0.8968982100486755,20300,0.0,0.0
1991-03-28 00:00:00-05:00,0.904371976852417,0.9081090511369311,0.8931607539988746,0.904371976852417,21300,0.0,0.0
1991-04-01 00:00:00-05:00,0.904371976852417,0.9118461254214452,0.8968978282833887,0.904371976852417,17400,0.0,0.0
1991-04-02 00:00:00-05:00,0.904371976852417,0.9155831997059594,0.8968978282833887,0.904371976852417,34600,0.0,0.0
1991-04-03 00:00:00-05:00,0.9081091284751892,0.9155832776807463,0.9006349792696321,0.9081091284751892,16300,0.0,0.0
1991-04-04 00:00:00-05:00,0.9081094539511748,0.9081094539511748,0.8931611501824313,0.900635302066803,16700,0.0,0.0
1991-04-05 00:00:00-05:00,0.9081094539511748,0.9081094539511748,0.8931611501824313,0.900635302066803,28500,0.0,0.0
1991-04-08 00:00:00-04:00,0.90810912120633,0.9193203449249268,0.8931608229148679,0.9193203449249268,54400,0.0,0.0
1991-04-09 00:00:00-04:00,0.9114752312501272,0.9153211183018155,0.8999375700950623,0.8999375700950623,26300,0.87,0.0
1991-04-10 00:00:00-04:00,0.9076292078545753,0.9076292078545753,0.8999374349066552,0.9037833213806152,22500,0.0,0.0
1991-04-11 00:00:00-04:00,0.9114752508699894,0.930704686542352,0.9076293637355168,0.923012912273407,25700,0.0,0.0
1991-04-12 00:00:00-04:00,0.9230125100044028,0.9230125100044028,0.9153207390876994,0.919166624546051,36900,0.0,0.0
1991-04-15 00:00:00-04:00,0.9268583954627544,0.9268583954627544,0.9153207390876994,0.919166624546051,23200,0.0,0.0
1991-04-16 00:00:00-04:00,0.919166624546051,0.919166624546051,0.9114748536293477,0.919166624546051,15200,0.0,0.0
1991-04-17 00:00:00-04:00,0.9230123614869178,0.9268582463264465,0.9153205918078601,0.9268582463264465,17600,0.0,0.0
1991-04-18 00:00:00-04:00,0.9307040432353079,0.9460875811400237,0.9268581587591289,0.9345499277114868,17000,0.0,0.0
1991-04-19 00:00:00-04:00,0.9422417283058167,0.9460876129111465,0.9307040744898271,0.9422417283058167,14200,0.0,0.0
1991-04-22 00:00:00-04:00,0.9383959193383494,0.9537794589996338,0.9383959193383494,0.9537794589996338,23000,0.0,0.0
1991-04-23 00:00:00-04:00,0.9537794589996338,0.9537794589996338,0.9422418042536704,0.9537794589996338,28100,0.0,0.0
1991-04-24 00:00:00-04:00,0.9614711124745626,0.9691628813743591,0.9499334591248679,0.9691628813743591,19000,0.0,0.0
1991-04-25 00:00:00-04:00,0.9653169969244609,0.9691628813743591,0.9499334591248679,0.9691628813743591,17800,0.0,0.0
1991-04-26 00:00:00-04:00,0.9730087518692017,0.9730087518692017,0.9614710986849818,0.9730087518692017,21200,0.0,0.0
1991-04-29 00:00:00-04:00,0.9730087518692017,0.9730087518692017,0.9653169830797218,0.9730087518692017,12800,0.0,0.0
1991-04-30 00:00:00-04:00,0.9730087518692017,0.9730087518692017,0.9576252142902419,0.9730087518692017,24500,0.0,0.0
1991-05-01 00:00:00-04:00,0.9730087834246018,0.9845464369829964,0.9691628989051371,0.9807005524635315,28300,0.0,0.0
1991-05-02 00:00:00-04:00,0.9807005524635315,0.9883923215024613,0.9730087834246018,0.9807005524635315,37700,0.0,0.0
1991-05-03 00:00:00-04:00,0.9883928894996643,0.9883928894996643,0.9768552293109523,0.9883928894996643,24600,0.0,0.0
1991-05-06 00:00:00-04:00,0.9845468092334363,0.9922385811805725,0.9845468092334363,0.9922385811805725,21500,0.0,0.0
1991-05-07 00:00:00-04:00,0.9883927861228585,0.9960845587775111,0.9807010134682059,0.9845468997955322,31600,0.0,0.0
1991-05-08 00:00:00-04:00,0.992238206021926,0.992238206021926,0.9730087834246018,0.9807005524635315,31600,0.0,0.0
1991-05-09 00:00:00-04:00,0.9807005524635315,0.9845464369829964,0.9768546679440667,0.9807005524635315,12800,0.0,0.0
1991-05-10 00:00:00-04:00,0.9768543243408203,0.9845460906742126,0.9730084411741242,0.9768543243408203,36400,0.0,0.0
1991-05-13 00:00:00-04:00,0.9807005524635315,0.9807005524635315,0.9691628989051371,0.9807005524635315,20100,0.0,0.0
1991-05-14 00:00:00-04:00,0.9807005524635315,0.9807005524635315,0.9730087834246018,0.9807005524635315,13700,0.0,0.0
1991-05-15 00:00:00-04:00,0.9807002075075165,0.9807002075075165,0.9730084411741242,0.9768543243408203,27200,0.0,0.0
1991-05-16 00:00:00-04:00,0.9807005524635315,0.9807005524635315,0.9768546679440667,0.9807005524635315,15500,0.0,0.0
1991-05-17 00:00:00-04:00,0.9807008516740989,0.9807008516740989,0.9614714232099009,0.9653173089027405,62200,0.0,0.0
1991-05-20 00:00:00-04:00,0.9653172794594822,0.9653172794594822,0.9576255083084106,0.9576255083084106,10000,0.0,0.0
1991-05-21 00:00:00-04:00,0.961471228830276,0.961471228830276,0.9499335740843127,0.9537794589996338,27200,0.0,0.0
1991-05-22 00:00:00-04:00,0.9537794589996338,0.9537794589996338,0.9460876891689916,0.9537794589996338,22500,0.0,0.0
1991-05-23 00:00:00-04:00,0.9460881190744007,0.9499340057373047,0.9460881190744007,0.9499340057373047,27200,0.0,0.0
1991-05-24 00:00:00-04:00,0.9537794589996338,0.9537794589996338,0.9499335740843127,0.9537794589996338,14600,0.0,0.0
1991-05-28 00:00:00-04:00,0.9537794589996338,0.9537794589996338,0.9499335740843127,0.9537794589996338,12700,0.0,0.0
1991-05-29 00:00:00-04:00,0.9537793821218062,0.9537793821218062,0.9383958437004868,0.9422417283058167,62200,0.0,0.0
1991-05-30 00:00:00-04:00,0.9383958437004868,0.9422417283058167,0.9307040744898271,0.9422417283058167,27300,0.0,0.0
1991-05-31 00:00:00-04:00,0.9422419517020869,0.9460878372192383,0.9383960661849355,0.9460878372192383,21100,0.0,0.0
1991-06-03 00:00:00-04:00,0.9460878372192383,0.953779608253541,0.9345501806677841,0.9460878372192383,28300,0.0,0.0
1991-06-04 00:00:00-04:00,0.9460876129111465,0.9460876129111465,0.9383958437004868,0.9422417283058167,28000,0.0,0.0
1991-06-05 00:00:00-04:00,0.9383963346481323,0.9422422212655427,0.934550448030722,0.9383963346481323,39300,0.0,0.0
1991-06-06 00:00:00-04:00,0.9383963346481323,0.9422422212655427,0.934550448030722,0.9383963346481323,17300,0.0,0.0
1991-06-07 00:00:00-04:00,0.9383963346481323,0.9383963346481323,0.9307045614133115,0.9383963346481323,35600,0.0,0.0
1991-06-10 00:00:00-04:00,0.9460876129111465,0.9460876129111465,0.9383958437004868,0.9422417283058167,20400,0.0,0.0
1991-06-11 00:00:00-04:00,0.9499337227363897,0.9499337227363897,0.9422419517020869,0.9460878372192383,22200,0.0,0.0
1991-06-12 00:00:00-04:00,0.9422417283058167,0.9460876129111465,0.9422417283058167,0.9422417283058167,25600,0.0,0.0
1991-06-13 00:00:00-04:00,0.9422417283058167,0.9422417283058167,0.9383958437004868,0.9422417283058167,15300,0.0,0.0
1991-06-14 00:00:00-04:00,0.9422422212655427,0.9422422212655427,0.9383963346481323,0.9383963346481323,24600,0.0,0.0
1991-06-17 00:00:00-04:00,0.9422422212655427,0.9422422212655427,0.9383963346481323,0.9383963346481323,17100,0.0,0.0
1991-06-18 00:00:00-04:00,0.9422422212655427,0.946088107882953,0.9383963346481323,0.9383963346481323,26200,0.0,0.0
1991-06-19 00:00:00-04:00,0.9422422212655427,0.946088107882953,0.934550448030722,0.9383963346481323,21600,0.0,0.0
1991-06-20 00:00:00-04:00,0.9383963346481323,0.9383963346481323,0.934550448030722,0.9383963346481323,20200,0.0,0.0
1991-06-21 00:00:00-04:00,0.9345499277114868,0.9422416966638447,0.9345499277114868,0.9345499277114868,32900,0.0,0.0
1991-06-24 00:00:00-04:00,0.9383963346481323,0.9383963346481323,0.934550448030722,0.9383963346481323,30700,0.0,0.0
1991-06-25 00:00:00-04:00,0.9383963346481323,0.9383963346481323,0.934550448030722,0.9383963346481323,14100,0.0,0.0
1991-06-26 00:00:00-04:00,0.9383958437004868,0.9422417283058167,0.9345499590951569,0.9422417283058167,21700,0.0,0.0
1991-06-27 00:00:00-04:00,0.9422417283058167,0.9422417283058167,0.9383958437004868,0.9422417283058167,14300,0.0,0.0
1991-06-28 00:00:00-04:00,0.9422419517020869,0.9460878372192383,0.9422419517020869,0.9460878372192383,24300,0.0,0.0
1991-07-01 00:00:00-04:00,0.9460876891689916,0.9537794589996338,0.9422418042536704,0.9537794589996338,24700,0.0,0.0
1991-07-02 00:00:00-04:00,0.9537794589996338,0.961471228830276,0.9499335740843127,0.9537794589996338,32100,0.0,0.0
1991-07-03 00:00:00-04:00,0.9537794589996338,0.9537794589996338,0.9499335740843127,0.9537794589996338,20700,0.0,0.0
1991-07-05 00:00:00-04:00,0.9537794589996338,0.9537794589996338,0.9537794589996338,0.9537794589996338,12900,0.0,0.0
1991-07-08 00:00:00-04:00,0.9537798924002088,0.9537798924002088,0.9499340057373047,0.9499340057373047,57600,0.0,0.0
1991-07-09 00:00:00-04:00,0.9566702127456664,0.9645765781402587,0.9487638473510741,0.9487638473510742,28300,0.838,0.0
1991-07-10 00:00:00-04:00,0.9487637409493944,0.9645764699652176,0.9448105586954386,0.9566701054573059,28600,0.0,0.0
1991-07-11 00:00:00-04:00,0.956670105457306,0.956670105457306,0.9487637409493944,0.9566701054573059,22300,0.0,0.0
1991-07-12 00:00:00-04:00,0.956670105457306,0.956670105457306,0.9527169232033502,0.9566701054573059,20000,0.0,0.0
1991-07-15 00:00:00-04:00,0.9566702127456664,0.9566702127456664,0.9487638473510741,0.9487638473510742,28500,0.0,0.0
1991-07-16 00:00:00-04:00,0.9527167677879335,0.9527167677879335,0.9487635861788548,0.9527167677879333,43100,0.0,0.0
1991-07-17 00:00:00-04:00,0.9527171713406923,0.9645767211914062,0.9487639880571209,0.9645767211914062,149400,0.0,0.0
1991-07-18 00:00:00-04:00,0.9645764362521287,0.976435982599491,0.9606232541363414,0.9724828004837036,32000,0.0,0.0
1991-07-19 00:00:00-04:00,0.9764361977577208,0.9764361977577208,0.9724830147708475,0.976436197757721,25100,0.0,0.0
1991-07-22 00:00:00-04:00,0.9803887390228638,0.9843419194221495,0.9764355586235781,0.9843419194221497,47100,0.0,0.0
1991-07-23 00:00:00-04:00,0.9843423468310658,0.9843423468310658,0.9645764362521287,0.9724828004837036,36800,0.0,0.0
1991-07-24 00:00:00-04:00,0.9724828004837036,0.9724828004837036,0.9645764362521287,0.9724828004837036,42700,0.0,0.0
1991-07-25 00:00:00-04:00,0.9803891647152785,0.9803891647152785,0.9685296183679162,0.9724828004837036,26000,0.0,0.0
1991-07-26 00:00:00-04:00,0.9764355586235781,0.9882950998214354,0.9724823782242924,0.9843419194221497,36200,0.0,0.0
1991-07-29 00:00:00-04:00,0.9803887390228638,0.9843419194221495,0.9803887390228638,0.9843419194221497,29800,0.0,0.0
1991-07-30 00:00:00-04:00,0.9843419194221495,0.9882950998214354,0.9803887390228638,0.9843419194221497,20500,0.0,0.0
1991-07-31 00:00:00-04:00,0.9843421947956086,0.9882953763008119,0.9803890132904054,0.9882953763008118,19100,0.0,0.0
1991-08-01 00:00:00-04:00,0.9843419194221495,0.9843419194221495,0.9803887390228638,0.9843419194221497,17500,0.0,0.0
1991-08-02 00:00:00-04:00,0.9843419410528674,0.9882951215390235,0.9803887605667114,0.9803887605667114,25000,0.0,0.0
1991-08-05 00:00:00-04:00,0.9843419194221495,0.9843419194221495,0.9803887390228638,0.9843419194221497,18500,0.0,0.0
1991-08-06 00:00:00-04:00,0.9843421947956086,0.9882953763008119,0.9843421947956086,0.9882953763008118,41000,0.0,0.0
1991-08-07 00:00:00-04:00,0.9882953763008119,0.9882953763008119,0.9803890132904054,0.9882953763008118,35800,0.0,0.0
1991-08-08 00:00:00-04:00,0.9882953763008119,0.9882953763008119,0.9843421947956086,0.9882953763008118,28300,0.0,0.0
1991-08-09 00:00:00-04:00,0.9882950998214354,0.9882950998214354,0.9843419194221495,0.9843419194221497,21400,0.0,0.0
1991-08-12 00:00:00-04:00,0.9843421947956086,0.9882953763008119,0.9843421947956086,0.9882953763008118,19200,0.0,0.0
1991-08-13 00:00:00-04:00,0.9962020633727547,1.00806161174624,0.992248880581593,1.0041084289550781,35600,0.0,0.0
1991-08-14 00:00:00-04:00,1.0120147945374016,1.0159679773285633,1.0041084289550781,1.0041084289550781,42200,0.0,0.0
1991-08-15 00:00:00-04:00,1.0120141506195068,1.0120141506195068,1.004107790067792,1.0120141506195068,20700,0.0,0.0
1991-08-16 00:00:00-04:00,1.0120147945374016,1.0120147945374016,1.0041084289550781,1.0041084289550781,37100,0.0,0.0
1991-08-19 00:00:00-04:00,1.0041084289550781,1.00806161174624,1.0001552461639165,1.0041084289550781,69800,0.0,0.0
1991-08-20 00:00:00-04:00,1.0120147945374016,1.0120147945374016,1.0001552461639165,1.0041084289550781,50000,0.0,0.0
1991-08-21 00:00:00-04:00,1.0120147945374016,1.0120147945374016,1.0001552461639165,1.0041084289550781,48700,0.0,0.0
1991-08-22 00:00:00-04:00,1.00806161174624,1.00806161174624,1.0001552461639165,1.0041084289550781,50700,0.0,0.0
1991-08-23 00:00:00-04:00,1.0041084289550781,1.0041084289550781,1.0001552461639165,1.0041084289550781,28900,0.0,0.0
1991-08-26 00:00:00-04:00,1.0041084289550781,1.00806161174624,1.0001552461639165,1.0041084289550781,20500,0.0,0.0
1991-08-27 00:00:00-04:00,1.00806161174624,1.00806161174624,1.0001552461639165,1.0041084289550781,33900,0.0,0.0
1991-08-28 00:00:00-04:00,1.00806161174624,1.00806161174624,1.0001552461639165,1.0041084289550781,53300,0.0,0.0
1991-08-29 00:00:00-04:00,1.00806161174624,1.00806161174624,1.0001552461639165,1.0041084289550781,44900,0.0,0.0
1991-08-30 00:00:00-04:00,1.00806161174624,1.00806161174624,1.0001552461639165,1.0041084289550781,27300,0.0,0.0
1991-09-03 00:00:00-04:00,1.0041084289550781,1.00806161174624,1.0001552461639165,1.0041084289550781,49400,0.0,0.0
1991-09-04 00:00:00-04:00,1.0041082734647004,1.0041082734647004,1.0001550912857056,1.0001550912857056,40800,0.0,0.0
1991-09-05 00:00:00-04:00,1.0041080566625746,1.0041080566625746,0.9962016940116882,0.9962016940116882,35000,0.0,0.0
1991-09-06 00:00:00-04:00,1.0001548753371314,1.0041080566625746,0.9962016940116882,0.9962016940116882,39700,0.0,0.0
1991-09-09 00:00:00-04:00,1.0001550912857056,1.0041082734647004,0.9962019091067107,1.0001550912857056,17800,0.0,0.0
1991-09-10 00:00:00-04:00,1.0001552461639165,1.0041084289550781,0.9962020633727547,1.0041084289550781,19600,0.0,0.0
1991-09-11 00:00:00-04:00,1.0001552461639165,1.0041084289550781,1.0001552461639165,1.0041084289550781,29400,0.0,0.0
1991-09-12 00:00:00-04:00,1.0041084289550781,1.0041084289550781,1.0001552461639165,1.0041084289550781,23300,0.0,0.0
1991-09-13 00:00:00-04:00,1.0080614556436953,1.0080614556436953,1.0001550912857056,1.0001550912857056,37800,0.0,0.0
1991-09-16 00:00:00-04:00,1.0080613819251498,1.0080613819251498,0.9724827449160269,0.9922486543655396,697100,0.0,0.0
1991-09-17 00:00:00-04:00,0.9962017452015596,1.0080612897872925,0.992248563672982,1.0080612897872925,44100,0.0,0.0
1991-09-18 00:00:00-04:00,1.0080609703436494,1.0120141506195068,1.0080609703436494,1.0120141506195068,33900,0.0,0.0
1991-09-19 00:00:00-04:00,1.01201447131587,1.01201447131587,1.0041081082587149,1.0080612897872925,37500,0.0,0.0
1991-09-20 00:00:00-04:00,1.0080612897872925,1.0080612897872925,1.0041081082587149,1.0080612897872925,45700,0.0,0.0
1991-09-23 00:00:00-04:00,1.00806161174624,1.00806161174624,0.9962020633727547,1.0041084289550781,41600,0.0,0.0
1991-09-24 00:00:00-04:00,1.00806161174624,1.00806161174624,0.9962020633727547,1.0041084289550781,36700,0.0,0.0
1991-09-25 00:00:00-04:00,1.0080612897872925,1.0080612897872925,0.9962017452015596,1.0080612897872925,39200,0.0,0.0
1991-09-26 00:00:00-04:00,1.00806161174624,1.00806161174624,1.0001552461639165,1.0041084289550781,78300,0.0,0.0
1991-09-27 00:00:00-04:00,1.0041084289550781,1.0041084289550781,1.0001552461639165,1.0041084289550781,43600,0.0,0.0
1991-09-30 00:00:00-04:00,1.0080609703436494,1.0120141506195068,1.004107790067792,1.0120141506195068,32900,0.0,0.0
1991-10-01 00:00:00-04:00,1.0159673308953643,1.0159673308953643,1.0080609703436494,1.0120141506195068,36300,0.0,0.0
1991-10-02 00:00:00-04:00,1.0199205111712217,1.0199205111712217,1.0080609703436494,1.0120141506195068,39200,0.0,0.0
1991-10-03 00:00:00-04:00,1.01201447131587,1.01201447131587,1.0041081082587149,1.0080612897872925,70200,0.0,0.0
1991-10-04 00:00:00-04:00,1.01201447131587,1.01201447131587,1.0001549267301373,1.0080612897872925,53200,0.0,0.0
1991-10-07 00:00:00-04:00,1.0080612897872925,1.01201447131587,0.9962017452015596,1.0080612897872925,105200,0.0,0.0
1991-10-08 00:00:00-04:00,1.0289490734517333,1.0289490734517333,1.0004801267554404,1.004547119140625,69800,0.892,0.0
1991-10-09 00:00:00-04:00,1.004547119140625,1.0086141115258098,1.0004801267554404,1.004547119140625,55400,0.0,0.0
1991-10-10 00:00:00-04:00,1.0045475157133612,1.0208154916763306,1.0045475157133612,1.0208154916763306,38800,0.0,0.0
1991-10-11 00:00:00-04:00,1.0248819824278825,1.0411499504029282,1.0248819824278825,1.0330159664154053,64900,0.0,0.0
1991-10-14 00:00:00-04:00,1.0330163936988979,1.037083387374878,1.028949400022918,1.037083387374878,35100,0.0,0.0
1991-10-15 00:00:00-04:00,1.0370833380147815,1.0411503314971924,1.0330163445323706,1.0411503314971924,35100,0.0,0.0
1991-10-16 00:00:00-04:00,1.0411503314971924,1.0411503314971924,1.0370833380147815,1.0411503314971924,34500,0.0,0.0
1991-10-17 00:00:00-04:00,1.0411503314971924,1.0452173249796033,1.0370833380147815,1.0411503314971924,41100,0.0,0.0
1991-10-18 00:00:00-04:00,1.0411504892202523,1.0574184656143188,1.0411504892202523,1.0574184656143188,32600,0.0,0.0
1991-10-21 00:00:00-04:00,1.0574182970770474,1.0614852905273438,1.053351303626751,1.0614852905273438,49800,0.0,0.0
1991-10-22 00:00:00-04:00,1.0614854597128354,1.0614854597128354,1.0452174833187688,1.0574184656143188,53300,0.0,0.0
1991-10-23 00:00:00-04:00,1.057417918377974,1.057417918377974,1.0167479984403596,1.0330159664154053,79100,0.0,0.0
1991-10-24 00:00:00-04:00,1.0330164736485576,1.0330164736485576,1.0167484976855883,1.0208154916763306,37700,0.0,0.0
1991-10-25 00:00:00-04:00,1.0167486667633057,1.020815661430359,1.004547682762146,1.0167486667633057,38500,0.0,0.0
1991-10-28 00:00:00-05:00,1.0167484189949783,1.037083387374878,1.0086144316430186,1.037083387374878,29700,0.0,0.0
1991-10-29 00:00:00-05:00,1.0411501194648591,1.0452171121190188,1.020815156194061,1.0289491415023804,25500,0.0,0.0
1991-10-30 00:00:00-05:00,1.037083387374878,1.037083387374878,1.028949400022918,1.037083387374878,32300,0.0,0.0
1991-10-31 00:00:00-05:00,1.0330159664154053,1.0370829584091668,1.028948974421644,1.0330159664154053,30800,0.0,0.0
1991-11-01 00:00:00-05:00,1.0370833380147815,1.0452173249796033,1.0289493510499597,1.0411503314971924,36500,0.0,0.0
1991-11-04 00:00:00-05:00,1.0411503314971924,1.0452173249796033,1.0370833380147815,1.0411503314971924,21100,0.0,0.0
1991-11-05 00:00:00-05:00,1.0411503314971924,1.0452173249796033,1.0370833380147815,1.0411503314971924,23000,0.0,0.0
1991-11-06 00:00:00-05:00,1.0411504207890927,1.0614853899451298,1.0370834269578852,1.0533514022827148,42600,0.0,0.0
1991-11-07 00:00:00-05:00,1.0574184656143188,1.0574184656143188,1.0492844774172856,1.0574184656143188,34900,0.0,0.0
1991-11-08 00:00:00-05:00,1.0574184656143188,1.0574184656143188,1.0492844774172856,1.0574184656143188,20200,0.0,0.0
1991-11-11 00:00:00-05:00,1.0574183961139223,1.0614853899451298,1.0533514022827148,1.0533514022827148,37900,0.0,0.0
1991-11-12 00:00:00-05:00,1.0574184656143188,1.0614854597128354,1.053351471515802,1.0574184656143188,58000,0.0,0.0
1991-11-13 00:00:00-05:00,1.0574183961139223,1.0574183961139223,1.0492844084515074,1.0533514022827148,52200,0.0,0.0
1991-11-14 00:00:00-05:00,1.057418305426836,1.057418305426836,1.0370833380147815,1.0411503314971924,46400,0.0,0.0
1991-11-15 00:00:00-05:00,1.0411499504029282,1.0411499504029282,1.028948974421644,1.0330159664154053,31200,0.0,0.0
1991-11-18 00:00:00-05:00,1.0370829584091668,1.0411499504029282,1.0248819824278825,1.0330159664154053,40700,0.0,0.0
1991-11-19 00:00:00-05:00,1.0370836400985717,1.0370836400985717,1.0126816720962524,1.0167486667633057,36800,0.0,0.0
1991-11-20 00:00:00-05:00,1.0208159203432043,1.0208159203432043,0.9964139461517334,0.9964139461517334,58800,0.0,0.0
1991-11-21 00:00:00-05:00,1.0004806518554688,1.012681635414682,0.9964136573357312,1.0004806518554688,48400,0.0,0.0
1991-11-22 00:00:00-05:00,0.9923466628159935,1.0086146408949441,0.9923466628159935,1.0004806518554688,24800,0.0,0.0
1991-11-25 00:00:00-05:00,1.000480627711815,1.0086146165550005,0.9435427058095167,0.9638776779174805,765500,0.0,0.0
1991-11-26 00:00:00-05:00,0.9638773585887666,0.9638773585887666,0.9516763793661239,0.9557433724403381,59000,0.0,0.0
1991-11-27 00:00:00-05:00,0.9598103655145523,0.9638773585887666,0.9516763793661239,0.9557433724403381,41600,0.0,0.0
1991-11-29 00:00:00-05:00,0.9598102569580078,0.9598102569580078,0.955743264343779,0.9598102569580078,7200,0.0,0.0
1991-12-02 00:00:00-05:00,0.9598102569580078,0.9638772495722366,0.955743264343779,0.9598102569580078,22700,0.0,0.0
1991-12-03 00:00:00-05:00,0.9598102569580078,0.9638772495722366,0.955743264343779,0.9598102569580078,33900,0.0,0.0
1991-12-04 00:00:00-05:00,0.9598106834958876,0.9638776779174804,0.9557436890742949,0.9638776779174805,22100,0.0,0.0
1991-12-05 00:00:00-05:00,0.9638774497669284,0.9679444432258605,0.9598104563079961,0.9679444432258606,23600,0.0,0.0
1991-12-06 00:00:00-05:00,0.967944631516684,0.9720116257667542,0.9638776372666139,0.9720116257667542,17500,0.0,0.0
1991-12-09 00:00:00-05:00,0.9720114366847927,0.9720114366847927,0.9638774497669284,0.9679444432258606,26400,0.0,0.0
1991-12-10 00:00:00-05:00,0.9598102569580078,0.9598102569580078,0.9476092791153213,0.9598102569580078,35400,0.0,0.0
1991-12-11 00:00:00-05:00,0.9598102266328378,0.9598102266328378,0.9272742867469789,0.9272742867469788,66900,0.0,0.0
1991-12-12 00:00:00-05:00,0.9232074445460267,0.9394754171371461,0.9150734582504669,0.939475417137146,41800,0.0,0.0
1991-12-13 00:00:00-05:00,0.9435424102849259,0.9435424102849259,0.9313414308415864,0.939475417137146,36200,0.0,0.0
1991-12-16 00:00:00-05:00,0.9394755463661819,0.9435425400733948,0.9354085526589689,0.9435425400733948,21300,0.0,0.0
1991-12-17 00:00:00-05:00,0.9435422566899083,0.9435422566899083,0.9272742867469789,0.9272742867469788,59900,0.0,0.0
1991-12-18 00:00:00-05:00,0.9232074341048365,0.9354084134101868,0.9191404410030531,0.9354084134101868,34000,0.0,0.0
1991-12-19 00:00:00-05:00,0.9394754171371461,0.9394754171371461,0.9313414308415864,0.939475417137146,29500,0.0,0.0
1991-12-20 00:00:00-05:00,0.9394754065119701,0.9394754065119701,0.9313414203084034,0.9354084134101868,27100,0.0,0.0
1991-12-23 00:00:00-05:00,0.9354089246447391,0.9354089246447391,0.9232079386711121,0.9232079386711121,61700,0.0,0.0
1991-12-24 00:00:00-05:00,0.9272749083382743,0.9272749083382743,0.9028729370662144,0.9110069274902344,56000,0.0,0.0
1991-12-26 00:00:00-05:00,0.9110066697404191,0.9110066697404191,0.8866047053723722,0.9028726816177368,23900,0.0,0.0
1991-12-27 00:00:00-05:00,0.8988058152754745,0.9069398045539856,0.8988058152754745,0.9069398045539856,28700,0.0,0.0
1991-12-30 00:00:00-05:00,0.906939675679078,0.906939675679078,0.8906716994337134,0.9028726816177368,73600,0.0,0.0
1991-12-31 00:00:00-05:00,0.9069398816426595,0.9191408665974935,0.8988058916727701,0.9150738716125488,70500,0.0,0.0
1992-01-02 00:00:00-05:00,0.9232076008246977,0.931341588497162,0.906939625479769,0.9313415884971619,52600,0.0,0.0
1992-01-03 00:00:00-05:00,0.9354084239893662,0.9394754171371461,0.9313414308415864,0.939475417137146,74300,0.0,0.0
1992-01-06 00:00:00-05:00,0.939475711387924,0.9638776779174804,0.939475711387924,0.9638776779174805,86300,0.0,0.0
1992-01-07 00:00:00-05:00,0.9638772495722366,0.9638772495722366,0.9516762717295502,0.9598102569580078,61000,0.0,0.0
1992-01-08 00:00:00-05:00,0.9598102569580078,0.9598102569580078,0.9476092791153213,0.9598102569580078,80600,0.0,0.0
1992-01-09 00:00:00-05:00,0.9555189115885596,0.9555189115885596,0.9429462943308154,0.9513280391693115,43100,0.872,0.0
1992-01-10 00:00:00-05:00,0.9555190801620485,0.9555190801620485,0.9471373338448374,0.9555190801620483,32900,0.0,0.0
1992-01-13 00:00:00-05:00,0.9555187534976315,0.9806639838528323,0.9555187534976315,0.9680913686752319,61800,0.0,0.0
1992-01-14 00:00:00-05:00,0.9680914185170469,1.0016183940501049,0.9639005465754147,0.9722822904586792,73500,0.0,0.0
1992-01-15 00:00:00-05:00,0.9722827438615326,0.9890462394453521,0.9680918699655777,0.9806644916534424,87200,0.0,0.0
1992-01-16 00:00:00-05:00,0.9806643759356383,1.0100004897456787,0.9764735025342038,1.00161874294281,36700,0.0,0.0
1992-01-17 00:00:00-05:00,1.0100002596859172,1.0141911321327466,0.993236769898599,0.9974276423454285,37000,0.0,0.0
1992-01-20 00:00:00-05:00,1.0058097839355469,1.0058097839355469,1.0016189098358155,1.0058097839355469,36000,0.0,0.0
1992-01-21 00:00:00-05:00,1.0058096163442443,1.0058096163442443,0.9974278695413756,1.00161874294281,42600,0.0,0.0
1992-01-22 00:00:00-05:00,0.9974276423454286,1.0058093872390876,0.9974276423454286,0.9974276423454285,36200,0.0,0.0
1992-01-23 00:00:00-05:00,1.0058097839355469,1.0058097839355469,1.0016189098358155,1.0058097839355469,14800,0.0,0.0
1992-01-24 00:00:00-05:00,1.0058097839355469,1.0058097839355469,0.997428035736084,1.0058097839355469,32600,0.0,0.0
1992-01-27 00:00:00-05:00,1.0058096163442443,1.0058096163442443,0.9974278695413756,1.00161874294281,17700,0.0,0.0
1992-01-28 00:00:00-05:00,1.0058096163442443,1.0058096163442443,1.00161874294281,1.00161874294281,27800,0.0,0.0
1992-01-29 00:00:00-05:00,1.0058097839355469,1.0100006580352783,1.0016189098358155,1.0058097839355469,29500,0.0,0.0
1992-01-30 00:00:00-05:00,1.0058096163442443,1.0058096163442443,0.9974278695413756,1.00161874294281,35100,0.0,0.0
1992-01-31 00:00:00-05:00,1.0016193666538609,1.0016193666538609,0.9932376146316527,0.9932376146316528,36200,0.0,0.0
1992-02-03 00:00:00-05:00,0.9974278695413756,1.00161874294281,0.9932369961399413,1.00161874294281,11200,0.0,0.0
1992-02-04 00:00:00-05:00,1.0016183545023707,1.0016183545023707,0.989045739173889,0.9890457391738892,52100,0.0,0.0
1992-02-05 00:00:00-05:00,0.993236769898599,0.9974276423454286,0.9890458974517695,0.9974276423454285,47700,0.0,0.0
1992-02-06 00:00:00-05:00,0.9890467386205487,0.9974284906427567,0.9848558626094447,0.9932376146316528,53800,0.0,0.0
1992-02-07 00:00:00-05:00,0.9932376146316527,0.9932376146316527,0.9890467386205487,0.9932376146316528,28600,0.0,0.0
1992-02-10 00:00:00-05:00,1.001618514792258,1.001618514792258,0.993236769898599,0.9974276423454285,47600,0.0,0.0
1992-02-11 00:00:00-05:00,1.00161874294281,1.0058096163442443,0.9974278695413756,1.00161874294281,58600,0.0,0.0
1992-02-12 00:00:00-05:00,1.00161874294281,1.0058096163442443,0.9974278695413756,1.00161874294281,43200,0.0,0.0
1992-02-13 00:00:00-05:00,1.0058096163442443,1.0058096163442443,1.00161874294281,1.00161874294281,34500,0.0,0.0
1992-02-14 00:00:00-05:00,1.0058096163442443,1.0058096163442443,0.9890461227385069,1.00161874294281,39100,0.0,0.0
1992-02-18 00:00:00-05:00,1.0016193666538609,1.0016193666538609,0.9848558626094447,0.9932376146316528,43500,0.0,0.0
1992-02-19 00:00:00-05:00,1.001618514792258,1.001618514792258,0.9890458974517695,0.9974276423454285,33900,0.0,0.0
1992-02-20 00:00:00-05:00,1.00161874294281,1.00161874294281,0.9932369961399413,1.00161874294281,21600,0.0,0.0
1992-02-21 00:00:00-05:00,1.00161874294281,1.0058096163442443,0.9974278695413756,1.00161874294281,28700,0.0,0.0
1992-02-24 00:00:00-05:00,0.9974278695413756,1.00161874294281,0.9974278695413756,1.00161874294281,14800,0.0,0.0
1992-02-25 00:00:00-05:00,1.00161874294281,1.0058096163442443,0.9974278695413756,1.00161874294281,32700,0.0,0.0
1992-02-26 00:00:00-05:00,1.0058097839355469,1.0058097839355469,1.0016189098358155,1.0058097839355469,33300,0.0,0.0
1992-02-27 00:00:00-05:00,1.0058093872390876,1.0058093872390876,0.9974276423454286,0.9974276423454285,34400,0.0,0.0
1992-02-28 00:00:00-05:00,1.0058093872390876,1.0058093872390876,0.993236769898599,0.9974276423454285,26100,0.0,0.0
1992-03-02 00:00:00-05:00,1.0016183545023707,1.0016183545023707,0.989045739173889,0.9890457391738892,46600,0.0,0.0
1992-03-03 00:00:00-05:00,0.9890462394453521,0.9890462394453521,0.9764736177574874,0.9806644916534424,30400,0.0,0.0
1992-03-04 00:00:00-05:00,0.9764739871025087,0.9806648625836353,0.972283111621382,0.9764739871025085,32100,0.0,0.0
1992-03-05 00:00:00-05:00,0.9806648625836353,0.9848557380647619,0.9764739871025087,0.9764739871025085,36000,0.0,0.0
1992-03-06 00:00:00-05:00,0.9806644916534424,0.9848553655493972,0.9764736177574874,0.9806644916534424,21300,0.0,0.0
1992-03-09 00:00:00-05:00,0.9848558626094447,1.0016193666538609,0.9848558626094447,0.9932376146316528,37600,0.0,0.0
1992-03-10 00:00:00-05:00,1.001618514792258,1.0058093872390876,0.993236769898599,0.9974276423454285,29000,0.0,0.0
1992-03-11 00:00:00-05:00,0.9974278695413756,1.00161874294281,0.9932369961399413,1.00161874294281,27700,0.0,0.0
1992-03-12 00:00:00-05:00,1.0016189098358155,1.0058097839355469,0.997428035736084,1.0058097839355469,28500,0.0,0.0
1992-03-13 00:00:00-05:00,1.0058097839355469,1.0058097839355469,1.0016189098358155,1.0058097839355469,27700,0.0,0.0
1992-03-16 00:00:00-05:00,0.997428035736084,1.0058097839355469,0.997428035736084,1.0058097839355469,25300,0.0,0.0
1992-03-17 00:00:00-05:00,1.001618838903815,1.0141914603126494,1.001618838903815,1.0100005865097046,47000,0.0,0.0
1992-03-18 00:00:00-05:00,1.0100005865097046,1.0100005865097046,1.0058097127067598,1.0100005865097046,33200,0.0,0.0
1992-03-19 00:00:00-05:00,1.0058097127067598,1.0100005865097046,1.0058097127067598,1.0100005865097046,34900,0.0,0.0
1992-03-20 00:00:00-05:00,1.0100005865097046,1.0100005865097046,1.001618838903815,1.0100005865097046,22200,0.0,0.0
1992-03-23 00:00:00-05:00,1.0100005865097046,1.0100005865097046,1.0058097127067598,1.0100005865097046,24000,0.0,0.0
1992-03-24 00:00:00-05:00,1.0100004931942361,1.039336607104442,1.0058096197784925,1.0225731134414673,56300,0.0,0.0
1992-03-25 00:00:00-05:00,1.0393364642693745,1.0393364642693745,1.0267638457499868,1.0309547185897827,43300,0.0,0.0
1992-03-26 00:00:00-05:00,1.0477183086256827,1.0477183086256827,1.0351456889221746,1.0393365621566772,61000,0.0,0.0
1992-03-27 00:00:00-05:00,1.0393365621566772,1.04352743539118,1.0351456889221746,1.0393365621566772,47100,0.0,0.0
1992-03-30 00:00:00-05:00,1.0435275066236736,1.0477183801442504,1.0351457595825195,1.0351457595825195,39400,0.0,0.0
1992-03-31 00:00:00-05:00,1.0309548860619424,1.0393366331030964,1.0309548860619424,1.0351457595825195,47400,0.0,0.0
1992-04-01 00:00:00-05:00,1.0393366331030964,1.0393366331030964,1.0309548860619424,1.0351457595825195,32100,0.0,0.0
1992-04-02 00:00:00-05:00,1.0393365621566772,1.0393365621566772,1.0351456889221746,1.0393365621566772,34800,0.0,0.0
1992-04-03 00:00:00-05:00,1.0351455914295786,1.0393364642693745,1.0309547185897827,1.0309547185897827,42600,0.0,0.0
1992-04-06 00:00:00-04:00,1.0393366331030964,1.0435275066236736,1.0267640125413655,1.0351457595825195,62400,0.0,0.0
1992-04-07 00:00:00-04:00,1.0351455914295786,1.0686725741479455,1.0309547185897827,1.0309547185897827,45900,0.0,0.0
1992-04-08 00:00:00-04:00,1.0309548156876718,1.0393365621566772,1.0309548156876718,1.0393365621566772,28700,0.0,0.0
1992-04-09 00:00:00-04:00,1.0414024388641736,1.0457057547272488,1.0327958071380234,1.0370991230010986,56700,0.81,0.0
1992-04-10 00:00:00-04:00,1.0327951213981532,1.0370984344039789,1.0155818693748506,1.0198851823806763,53200,0.0,0.0
1992-04-13 00:00:00-04:00,1.0241886377334595,1.0370985785452258,1.0198853241295374,1.0241886377334595,43400,0.0,0.0
1992-04-14 00:00:00-04:00,1.0284919513373816,1.0284919513373816,1.0198853241295374,1.0241886377334595,35900,0.0,0.0
1992-04-15 00:00:00-04:00,1.0241886377334595,1.0327952649413037,1.0198853241295374,1.0241886377334595,23000,0.0,0.0
1992-04-16 00:00:00-04:00,1.0284919513373816,1.0284919513373816,1.0198853241295374,1.0241886377334595,32400,0.0,0.0
1992-04-20 00:00:00-04:00,1.0284919513373816,1.0284919513373816,1.0198853241295374,1.0241886377334595,36800,0.0,0.0
1992-04-21 00:00:00-04:00,1.0284920930862427,1.0284920930862427,1.0241887788892292,1.0284920930862427,38500,0.0,0.0
1992-04-22 00:00:00-04:00,1.0198851823806763,1.024188495386502,1.0198851823806763,1.0198851823806763,25300,0.0,0.0
1992-04-23 00:00:00-04:00,1.0241885922722898,1.0241885922722898,1.0155819654464722,1.0155819654464722,18400,0.0,0.0
1992-04-24 00:00:00-04:00,1.024188495386502,1.024188495386502,1.0155818693748506,1.0198851823806763,18800,0.0,0.0
1992-04-27 00:00:00-04:00,1.0198851823806763,1.024188495386502,1.0155818693748506,1.0198851823806763,21300,0.0,0.0
1992-04-28 00:00:00-04:00,1.0198853241295374,1.0284919513373816,1.0198853241295374,1.0241886377334595,22900,0.0,0.0
1992-04-29 00:00:00-04:00,1.0284919513373816,1.0284919513373816,1.0198853241295374,1.0241886377334595,20700,0.0,0.0
1992-04-30 00:00:00-04:00,1.024188495386502,1.0284918083923276,1.0198851823806763,1.0198851823806763,18800,0.0,0.0
1992-05-01 00:00:00-04:00,1.0198854646922155,1.0284920930862427,1.0198854646922155,1.0284920930862427,60000,0.0,0.0
1992-05-04 00:00:00-04:00,1.0241887788892292,1.0284920930862427,1.0241887788892292,1.0284920930862427,38100,0.0,0.0
1992-05-05 00:00:00-04:00,1.0241886377334595,1.0284919513373816,1.0241886377334595,1.0241886377334595,20700,0.0,0.0
1992-05-06 00:00:00-04:00,1.0241883277893067,1.0327949523925781,1.0241883277893067,1.0327949523925781,26700,0.0,0.0
1992-05-07 00:00:00-04:00,1.0327954072832561,1.0327954072832561,1.0241887788892292,1.0284920930862427,22200,0.0,0.0
1992-05-08 00:00:00-04:00,1.0284920930862427,1.0284920930862427,1.0241887788892292,1.0284920930862427,24400,0.0,0.0
1992-05-11 00:00:00-04:00,1.0284920930862427,1.0284920930862427,1.0241887788892292,1.0284920930862427,25000,0.0,0.0
1992-05-12 00:00:00-04:00,1.0327949523925781,1.0327949523925781,1.0284916400909425,1.0327949523925781,22600,0.0,0.0
1992-05-13 00:00:00-04:00,1.0284920930862427,1.0327954072832561,1.0241887788892292,1.0284920930862427,16600,0.0,0.0
1992-05-14 00:00:00-04:00,1.0284919513373816,1.0327952649413037,1.0241886377334595,1.0241886377334595,27900,0.0,0.0
1992-05-15 00:00:00-04:00,1.0198853241295374,1.0327952649413037,1.0198853241295374,1.0241886377334595,35800,0.0,0.0
1992-05-18 00:00:00-04:00,1.0284919513373816,1.0327952649413037,1.0241886377334595,1.0241886377334595,13100,0.0,0.0
1992-05-19 00:00:00-04:00,1.0284920930862427,1.0327954072832561,1.0241887788892292,1.0284920930862427,17700,0.0,0.0
1992-05-20 00:00:00-04:00,1.0327949523925781,1.0327949523925781,1.0284916400909425,1.0327949523925781,28400,0.0,0.0
1992-05-21 00:00:00-04:00,1.0327958071380234,1.0370991230010986,1.0327958071380234,1.0370991230010986,29300,0.0,0.0
1992-05-22 00:00:00-04:00,1.0370987214802698,1.0370987214802698,1.0241887788892292,1.0284920930862427,30700,0.0,0.0
1992-05-26 00:00:00-04:00,1.0327952361303911,1.0457051765820211,1.0327952361303911,1.0414018630981445,112900,0.0,0.0
1992-05-27 00:00:00-04:00,1.0457051765820211,1.0457051765820211,1.037098549614268,1.0414018630981445,66200,0.0,0.0
1992-05-28 00:00:00-04:00,1.0414018630981445,1.0414018630981445,1.0327952361303911,1.0414018630981445,49700,0.0,0.0
1992-05-29 00:00:00-04:00,1.0414024388641736,1.0414024388641736,1.0327958071380234,1.0370991230010986,32000,0.0,0.0
1992-06-01 00:00:00-04:00,1.0370991230010986,1.0414024388641736,1.0327958071380234,1.0370991230010986,34400,0.0,0.0
1992-06-02 00:00:00-04:00,1.041401529508363,1.0457048416137695,1.0370982174029566,1.0457048416137695,24200,0.0,0.0
1992-06-03 00:00:00-04:00,1.0414018630981445,1.0414018630981445,1.037098549614268,1.0414018630981445,19900,0.0,0.0
1992-06-04 00:00:00-04:00,1.0414018630981445,1.0414018630981445,1.0327952361303911,1.0414018630981445,27200,0.0,0.0
1992-06-05 00:00:00-04:00,1.037098549614268,1.0414018630981445,1.037098549614268,1.0414018630981445,20200,0.0,0.0
1992-06-08 00:00:00-04:00,1.0414024388641736,1.0414024388641736,1.0327958071380234,1.0370991230010986,27800,0.0,0.0
1992-06-09 00:00:00-04:00,1.037098549614268,1.0414018630981445,1.0327952361303911,1.0414018630981445,17300,0.0,0.0
1992-06-10 00:00:00-04:00,1.0414024388641736,1.0414024388641736,1.0370991230010986,1.0370991230010986,22700,0.0,0.0
1992-06-11 00:00:00-04:00,1.037098549614268,1.0414018630981445,1.0327952361303911,1.0414018630981445,31600,0.0,0.0
1992-06-12 00:00:00-04:00,1.0414024388641736,1.0414024388641736,1.0327958071380234,1.0370991230010986,22400,0.0,0.0
1992-06-15 00:00:00-04:00,1.0370991230010986,1.0370991230010986,1.0327958071380234,1.0370991230010986,15400,0.0,0.0
1992-06-16 00:00:00-04:00,1.0327949523925781,1.037098264694214,1.0327949523925781,1.0327949523925781,22900,0.0,0.0
1992-06-17 00:00:00-04:00,1.0370991230010986,1.0370991230010986,1.0327958071380234,1.0370991230010986,18900,0.0,0.0
1992-06-18 00:00:00-04:00,1.0327949523925781,1.0327949523925781,1.0284916400909425,1.0327949523925781,27000,0.0,0.0
1992-06-19 00:00:00-04:00,1.0327949523925781,1.0327949523925781,1.0284916400909425,1.0327949523925781,24700,0.0,0.0
1992-06-22 00:00:00-04:00,1.0327949523925781,1.0327949523925781,1.0284916400909425,1.0327949523925781,20000,0.0,0.0
1992-06-23 00:00:00-04:00,1.0284916400909425,1.0327949523925781,1.0284916400909425,1.0327949523925781,49300,0.0,0.0
1992-06-24 00:00:00-04:00,1.0327949523925781,1.0327949523925781,1.0284916400909425,1.0327949523925781,20800,0.0,0.0
1992-06-25 00:00:00-04:00,1.0327954072832561,1.0327954072832561,1.0284920930862427,1.0284920930862427,33400,0.0,0.0
1992-06-26 00:00:00-04:00,1.0327949523925781,1.0327949523925781,1.0284916400909425,1.0327949523925781,27400,0.0,0.0
1992-06-29 00:00:00-04:00,1.0327954072832561,1.0327954072832561,1.0241887788892292,1.0284920930862427,37100,0.0,0.0
1992-06-30 00:00:00-04:00,1.0284920930862427,1.0284920930862427,1.0241887788892292,1.0284920930862427,27400,0.0,0.0
1992-07-01 00:00:00-04:00,1.0241883277893067,1.0327949523925781,1.0241883277893067,1.0327949523925781,32700,0.0,0.0
1992-07-02 00:00:00-04:00,1.0327949523925781,1.037098264694214,1.0284916400909425,1.0327949523925781,51500,0.0,0.0
1992-07-06 00:00:00-04:00,1.0327949523925781,1.0327949523925781,1.0284916400909425,1.0327949523925781,30700,0.0,0.0
1992-07-07 00:00:00-04:00,1.0327958071380234,1.0370991230010986,1.0284924912749485,1.0370991230010986,72600,0.0,0.0
1992-07-08 00:00:00-04:00,1.0327952361303911,1.0414018630981445,1.0284919226465146,1.0414018630981445,62400,0.0,0.0
1992-07-09 00:00:00-04:00,1.042709469795227,1.042709469795227,1.038291209329993,1.042709469795227,39600,0.787,0.0
1992-07-10 00:00:00-04:00,1.0427098034814812,1.0559645891189575,1.0382915416023224,1.0559645891189575,26700,0.0,0.0
1992-07-13 00:00:00-04:00,1.0603828509981164,1.0603828509981164,1.0515463272397987,1.0559645891189575,30100,0.0,0.0
1992-07-14 00:00:00-04:00,1.060382604598999,1.060382604598999,1.0559643437465032,1.060382604598999,43000,0.0,0.0
1992-07-15 00:00:00-04:00,1.060382604598999,1.060382604598999,1.0559643437465032,1.060382604598999,19600,0.0,0.0
1992-07-16 00:00:00-04:00,1.0603828509981164,1.0648011128772752,1.0559645891189575,1.0559645891189575,42800,0.0,0.0
1992-07-17 00:00:00-04:00,1.060382604598999,1.060382604598999,1.0559643437465032,1.060382604598999,35500,0.0,0.0
1992-07-20 00:00:00-04:00,1.060383072532559,1.0648013353347778,1.0559648097303398,1.0648013353347778,40400,0.0,0.0
1992-07-21 00:00:00-04:00,1.0648008654514949,1.0648008654514949,1.0559643437465032,1.060382604598999,20900,0.0,0.0
1992-07-22 00:00:00-04:00,1.060382604598999,1.060382604598999,1.0559643437465032,1.060382604598999,17200,0.0,0.0
1992-07-23 00:00:00-04:00,1.0648008654514949,1.0648008654514949,1.0559643437465032,1.060382604598999,39900,0.0,0.0
1992-07-24 00:00:00-04:00,1.060382604598999,1.060382604598999,1.0559643437465032,1.060382604598999,33200,0.0,0.0
1992-07-27 00:00:00-04:00,1.060382604598999,1.060382604598999,1.0559643437465032,1.060382604598999,20600,0.0,0.0
1992-07-28 00:00:00-04:00,1.060382604598999,1.060382604598999,1.0559643437465032,1.060382604598999,29500,0.0,0.0
1992-07-29 00:00:00-04:00,1.060382604598999,1.060382604598999,1.0559643437465032,1.060382604598999,16800,0.0,0.0
1992-07-30 00:00:00-04:00,1.0648013353347778,1.0648013353347778,1.060383072532559,1.0648013353347778,24600,0.0,0.0
1992-07-31 00:00:00-04:00,1.060383072532559,1.0648013353347778,1.060383072532559,1.0648013353347778,33700,0.0,0.0
1992-08-03 00:00:00-04:00,1.0648008654514949,1.0648008654514949,1.060382604598999,1.060382604598999,30800,0.0,0.0
1992-08-04 00:00:00-04:00,1.0648008654514949,1.0648008654514949,1.0559643437465032,1.060382604598999,28900,0.0,0.0
1992-08-05 00:00:00-04:00,1.0603828509981164,1.0648011128772752,1.0559645891189575,1.0559645891189575,20700,0.0,0.0
1992-08-06 00:00:00-04:00,1.0559645891189575,1.0603828509981164,1.0515463272397987,1.0559645891189575,19500,0.0,0.0
1992-08-07 00:00:00-04:00,1.0559643437465032,1.0648008654514949,1.0559643437465032,1.060382604598999,33000,0.0,0.0
1992-08-10 00:00:00-04:00,1.0648013353347778,1.0648013353347778,1.060383072532559,1.0648013353347778,25400,0.0,0.0
1992-08-11 00:00:00-04:00,1.064801326467971,1.0692195892333984,1.0603830637025438,1.0692195892333984,34600,0.0,0.0
1992-08-12 00:00:00-04:00,1.0736377239227295,1.0736377239227295,1.0692194616843644,1.0736377239227295,31300,0.0,0.0
1992-08-13 00:00:00-04:00,1.0692194616843644,1.0780559861610945,1.0692194616843644,1.0736377239227295,21500,0.0,0.0
1992-08-14 00:00:00-04:00,1.0780559861610945,1.0780559861610945,1.0692194616843644,1.0736377239227295,16900,0.0,0.0
1992-08-17 00:00:00-04:00,1.06921932745953,1.0824741125106812,1.06921932745953,1.0824741125106812,23000,0.0,0.0
1992-08-18 00:00:00-04:00,1.0780558508269642,1.0913106358781153,1.0780558508269642,1.0824741125106812,17900,0.0,0.0
1992-08-19 00:00:00-04:00,1.0824738605784983,1.0913103818893433,1.0824738605784983,1.0913103818893433,13600,0.0,0.0
1992-08-20 00:00:00-04:00,1.0913106126170005,1.095728874206543,1.086892351027458,1.095728874206543,26900,0.0,0.0
1992-08-21 00:00:00-04:00,1.095728874206543,1.1001471357960855,1.0913106126170005,1.095728874206543,23300,0.0,0.0
1992-08-24 00:00:00-04:00,1.0913106126170005,1.095728874206543,1.0824740894379155,1.095728874206543,20600,0.0,0.0
1992-08-25 00:00:00-04:00,1.0913106126170005,1.095728874206543,1.0913106126170005,1.095728874206543,23000,0.0,0.0
1992-08-26 00:00:00-04:00,1.0913107232396384,1.1001472473144531,1.0913107232396384,1.1001472473144531,17200,0.0,0.0
1992-08-27 00:00:00-04:00,1.1001472473144531,1.1001472473144531,1.0957289852770458,1.1001472473144531,27500,0.0,0.0
1992-08-28 00:00:00-04:00,1.1001470017433166,1.1045652627944946,1.1001470017433166,1.1045652627944946,36600,0.0,0.0
1992-08-31 00:00:00-04:00,1.1045659680765463,1.1134024958211586,1.10014770420424,1.1089842319488525,43100,0.0,0.0
1992-09-01 00:00:00-04:00,1.1134024958211586,1.1134024958211586,1.1045659680765463,1.1089842319488525,39900,0.0,0.0
1992-09-02 00:00:00-04:00,1.1089842319488525,1.1089842319488525,1.10014770420424,1.1089842319488525,44200,0.0,0.0
1992-09-03 00:00:00-04:00,1.1089835238456724,1.1089835238456724,1.1001470017433166,1.1045652627944946,23400,0.0,0.0
1992-09-04 00:00:00-04:00,1.1045652627944946,1.1089835238456724,1.1001470017433166,1.1045652627944946,16200,0.0,0.0
1992-09-08 00:00:00-04:00,1.1045655093518607,1.1045655093518607,1.1001472473144531,1.1001472473144531,29100,0.0,0.0
1992-09-09 00:00:00-04:00,1.1045652627944946,1.1045652627944946,1.1001470017433166,1.1045652627944946,17300,0.0,0.0
1992-09-10 00:00:00-04:00,1.1045659680765463,1.1089842319488525,1.10014770420424,1.1089842319488525,43900,0.0,0.0
1992-09-11 00:00:00-04:00,1.1045652627944946,1.1089835238456724,1.1045652627944946,1.1045652627944946,23700,0.0,0.0
1992-09-14 00:00:00-04:00,1.1045659680765463,1.1089842319488525,1.10014770420424,1.1089842319488525,29000,0.0,0.0
1992-09-15 00:00:00-04:00,1.1089835238456724,1.1089835238456724,1.0957287406921385,1.1045652627944946,53400,0.0,0.0
1992-09-16 00:00:00-04:00,1.0957289852770458,1.1001472473144531,1.0913107232396384,1.1001472473144531,27400,0.0,0.0
1992-09-17 00:00:00-04:00,1.0957289852770458,1.1045655093518607,1.0957289852770458,1.1001472473144531,58100,0.0,0.0
1992-09-18 00:00:00-04:00,1.1089842319488525,1.1134024958211586,1.1045659680765463,1.1089842319488525,25100,0.0,0.0
1992-09-21 00:00:00-04:00,1.1134021282196045,1.1134021282196045,1.1089838658060347,1.1134021282196045,20900,0.0,0.0
1992-09-22 00:00:00-04:00,1.113401882262098,1.117820143699646,1.113401882262098,1.117820143699646,52300,0.0,0.0
1992-09-23 00:00:00-04:00,1.1134021282196045,1.122238653046744,1.1089838658060347,1.1134021282196045,38300,0.0,0.0
1992-09-24 00:00:00-04:00,1.1178203906331743,1.1178203906331743,1.1134021282196045,1.1134021282196045,26400,0.0,0.0
1992-09-25 00:00:00-04:00,1.1178203906331743,1.122238653046744,1.1134021282196045,1.1134021282196045,14400,0.0,0.0
1992-09-28 00:00:00-04:00,1.1178207298902076,1.1222389936447144,1.1134024661357007,1.1222389936447144,24900,0.0,0.0
1992-09-29 00:00:00-04:00,1.1222389740869403,1.1310755014419556,1.1178207104094326,1.1310755014419556,31500,0.0,0.0
1992-09-30 00:00:00-04:00,1.1310746735217525,1.1399111944086413,1.1222381526348637,1.126656413078308,40200,0.0,0.0
1992-10-01 00:00:00-04:00,1.126657257399221,1.126657257399221,1.1222389936447144,1.1222389936447144,33200,0.0,0.0
1992-10-02 00:00:00-04:00,1.126656666574742,1.126656666574742,1.10898362082455,1.117820143699646,23000,0.0,0.0
1992-10-05 00:00:00-04:00,1.1178203906331743,1.1178203906331743,1.1045656033924647,1.1134021282196045,38300,0.0,0.0
1992-10-06 00:00:00-04:00,1.1134021282196045,1.1178203906331743,1.1089838658060347,1.1134021282196045,23700,0.0,0.0
1992-10-07 00:00:00-04:00,1.1134021282196045,1.1178203906331743,1.1089838658060347,1.1134021282196045,18900,0.0,0.0
1992-10-08 00:00:00-04:00,1.1046014483195232,1.131763779015905,1.1046014483195232,1.1272367238998413,17200,0.757,0.0
1992-10-09 00:00:00-04:00,1.1181826136677142,1.1272367238998413,1.1181826136677142,1.1272367238998413,15000,0.0,0.0
1992-10-12 00:00:00-04:00,1.1272365671973075,1.1272365671973075,1.118182458223835,1.1227095127105713,14700,0.0,0.0
1992-10-13 00:00:00-04:00,1.1272365231513977,1.1362906317710877,1.1272365231513977,1.1317635774612427,20800,0.0,0.0
1992-10-14 00:00:00-04:00,1.136291265487671,1.136291265487671,1.1317642086530588,1.136291265487671,19200,0.0,0.0
1992-10-15 00:00:00-04:00,1.136291265487671,1.1408183223222832,1.1317642086530588,1.136291265487671,19200,0.0,0.0
1992-10-16 00:00:00-04:00,1.1362906256212075,1.1453447341918945,1.1362906256212075,1.1453447341918945,19000,0.0,0.0
1992-10-19 00:00:00-04:00,1.1453453791568955,1.1453453791568955,1.1317642086530588,1.136291265487671,21500,0.0,0.0
1992-10-20 00:00:00-04:00,1.1362906761707798,1.1362906761707798,1.118182458223835,1.1227095127105713,20200,0.0,0.0
1992-10-21 00:00:00-04:00,1.1136552476689883,1.122709355373614,1.1136552476689883,1.1181823015213013,17400,0.0,0.0
1992-10-22 00:00:00-04:00,1.1272367238998413,1.1272367238998413,1.1227096687837776,1.1272367238998413,11100,0.0,0.0
1992-10-23 00:00:00-04:00,1.1227097776201036,1.1408179998397827,1.1227097776201036,1.1408179998397827,20700,0.0,0.0
1992-10-26 00:00:00-05:00,1.1408183223222832,1.1408183223222832,1.136291265487671,1.136291265487671,20600,0.0,0.0
1992-10-27 00:00:00-05:00,1.1408176860809327,1.1408176860809327,1.1317635774612427,1.1317635774612427,14000,0.0,0.0
1992-10-28 00:00:00-05:00,1.1227097776201036,1.1408179998397827,1.1227097776201036,1.1408179998397827,45600,0.0,0.0
1992-10-29 00:00:00-05:00,1.1362906256212075,1.1453447341918945,1.1362906256212075,1.1453447341918945,9400,0.0,0.0
1992-10-30 00:00:00-05:00,1.1498721109496224,1.1498721109496224,1.1408179998397827,1.1408179998397827,11500,0.0,0.0
1992-11-02 00:00:00-05:00,1.1408183086575485,1.15439947899871,1.1362912518771615,1.1498724222183228,20800,0.0,0.0
1992-11-03 00:00:00-05:00,1.15439947899871,1.15439947899871,1.1408183086575485,1.1498724222183228,20500,0.0,0.0
1992-11-04 00:00:00-05:00,1.1453447851442522,1.1453447851442522,1.118182458223835,1.1227095127105713,36500,0.0,0.0
1992-11-05 00:00:00-05:00,1.1227096774713778,1.1227096774713778,1.1136555671691895,1.1136555671691895,20700,0.0,0.0
1992-11-06 00:00:00-05:00,1.1136555671691895,1.1227096774713778,1.1136555671691895,1.1136555671691895,17300,0.0,0.0
1992-11-09 00:00:00-05:00,1.118182458223835,1.1272365671973075,1.113655403737099,1.1227095127105713,13800,0.0,0.0
1992-11-10 00:00:00-05:00,1.1227095127105713,1.1317636216840437,1.1227095127105713,1.1227095127105713,10500,0.0,0.0
1992-11-11 00:00:00-05:00,1.118182458223835,1.1317636216840437,1.118182458223835,1.1227095127105713,13900,0.0,0.0
1992-11-12 00:00:00-05:00,1.122709355373614,1.122709355373614,1.1181823015213013,1.1181823015213013,13000,0.0,0.0
1992-11-13 00:00:00-05:00,1.1227096774713778,1.1227096774713778,1.1136555671691895,1.1136555671691895,8400,0.0,0.0
1992-11-16 00:00:00-05:00,1.1136555671691895,1.1181826223202838,1.1091285120180951,1.1136555671691895,19600,0.0,0.0
1992-11-17 00:00:00-05:00,1.1136555301899813,1.1136555301899813,1.0955473101868922,1.109128475189209,21700,0.0,0.0
1992-11-18 00:00:00-05:00,1.1091285120180951,1.1181826223202838,1.1091285120180951,1.1136555671691895,12000,0.0,0.0
1992-11-19 00:00:00-05:00,1.118182458223835,1.1227095127105713,1.113655403737099,1.1227095127105713,13300,0.0,0.0
1992-11-20 00:00:00-05:00,1.1136552476689883,1.122709355373614,1.1136552476689883,1.1181823015213013,13200,0.0,0.0
1992-11-23 00:00:00-05:00,1.1227095127105713,1.1272365671973075,1.118182458223835,1.1227095127105713,22400,0.0,0.0
1992-11-24 00:00:00-05:00,1.1227094688415529,1.1317635774612427,1.1227094688415529,1.1317635774612427,27600,0.0,0.0
1992-11-25 00:00:00-05:00,1.1362906317710877,1.1408176860809327,1.1272365231513977,1.1317635774612427,19600,0.0,0.0
1992-11-27 00:00:00-05:00,1.1362906317710877,1.1362906317710877,1.1272365231513977,1.1317635774612427,3800,0.0,0.0
1992-11-30 00:00:00-05:00,1.1317642086530588,1.1408183223222832,1.1272371518184465,1.136291265487671,30600,0.0,0.0
1992-12-01 00:00:00-05:00,1.1362906317710877,1.1362906317710877,1.1272365231513977,1.1317635774612427,22000,0.0,0.0
1992-12-02 00:00:00-05:00,1.1317636216840437,1.1317636216840437,1.118182458223835,1.1227095127105713,28100,0.0,0.0
1992-12-03 00:00:00-05:00,1.1227096774713778,1.1227096774713778,1.1136555671691895,1.1136555671691895,23000,0.0,0.0
1992-12-04 00:00:00-05:00,1.1136552476689883,1.1181823015213013,1.1136552476689883,1.1181823015213013,21200,0.0,0.0
1992-12-07 00:00:00-05:00,1.1227096687837776,1.1272367238998413,1.1181826136677142,1.1272367238998413,20600,0.0,0.0
1992-12-08 00:00:00-05:00,1.1227095127105713,1.1317636216840437,1.1227095127105713,1.1227095127105713,10400,0.0,0.0
1992-12-09 00:00:00-05:00,1.1227094688415529,1.1317635774612427,1.1227094688415529,1.1317635774612427,17900,0.0,0.0
1992-12-10 00:00:00-05:00,1.1317642086530588,1.136291265487671,1.1317642086530588,1.136291265487671,12800,0.0,0.0
1992-12-11 00:00:00-05:00,1.1362906317710877,1.1362906317710877,1.1272365231513977,1.1317635774612427,30300,0.0,0.0
1992-12-14 00:00:00-05:00,1.1362906317710877,1.1362906317710877,1.1272365231513977,1.1317635774612427,34500,0.0,0.0
1992-12-15 00:00:00-05:00,1.1272371518184465,1.136291265487671,1.1272371518184465,1.136291265487671,13000,0.0,0.0
1992-12-16 00:00:00-05:00,1.136291265487671,1.136291265487671,1.1272371518184465,1.136291265487671,19900,0.0,0.0
1992-12-17 00:00:00-05:00,1.1362906317710877,1.1362906317710877,1.1272365231513977,1.1317635774612427,16500,0.0,0.0
1992-12-18 00:00:00-05:00,1.1362906317710877,1.1362906317710877,1.1272365231513977,1.1317635774612427,16800,0.0,0.0
1992-12-21 00:00:00-05:00,1.1317635774612427,1.1317635774612427,1.1227094688415529,1.1317635774612427,8600,0.0,0.0
1992-12-22 00:00:00-05:00,1.1317636216840437,1.1317636216840437,1.1227095127105713,1.1227095127105713,15000,0.0,0.0
1992-12-23 00:00:00-05:00,1.1227096687837776,1.1272367238998413,1.1227096687837776,1.1272367238998413,39200,0.0,0.0
1992-12-24 00:00:00-05:00,1.1227095127105713,1.1272365671973075,1.118182458223835,1.1227095127105713,6900,0.0,0.0
1992-12-28 00:00:00-05:00,1.1227095127105713,1.1272365671973075,1.1227095127105713,1.1227095127105713,5600,0.0,0.0
1992-12-29 00:00:00-05:00,1.1227095127105713,1.1227095127105713,1.113655403737099,1.1227095127105713,16200,0.0,0.0
1992-12-30 00:00:00-05:00,1.1227095127105713,1.1227095127105713,1.118182458223835,1.1227095127105713,19100,0.0,0.0
1992-12-31 00:00:00-05:00,1.1272367238998413,1.1272367238998413,1.1227096687837776,1.1272367238998413,10800,0.0,0.0
1993-01-04 00:00:00-05:00,1.1272367238998413,1.1272367238998413,1.1227096687837776,1.1272367238998413,23000,0.0,0.0
1993-01-05 00:00:00-05:00,1.1227097776201036,1.1408179998397827,1.1227097776201036,1.1408179998397827,25100,0.0,0.0
1993-01-06 00:00:00-05:00,1.1408175187952379,1.1589257333792893,1.136290465149225,1.1543986797332764,27800,0.0,0.0
1993-01-07 00:00:00-05:00,1.1543988427625813,1.1589258970479248,1.1453447341918945,1.1453447341918945,22600,0.0,0.0
1993-01-08 00:00:00-05:00,1.1498717884772378,1.1498717884772378,1.1362906256212075,1.1453447341918945,19500,0.0,0.0
1993-01-11 00:00:00-05:00,1.1438627435315039,1.148493766784668,1.13923172027834,1.148493766784668,16900,0.71,0.0
1993-01-12 00:00:00-05:00,1.148493766784668,1.148493766784668,1.1438627435315039,1.148493766784668,13300,0.0,0.0
1993-01-13 00:00:00-05:00,1.1484939868633564,1.1484939868633564,1.1438629627227783,1.1438629627227783,11000,0.0,0.0
1993-01-14 00:00:00-05:00,1.1484943117414204,1.1484943117414204,1.1299702099391393,1.1346012353897095,31900,0.0,0.0
1993-01-15 00:00:00-05:00,1.1299702273253116,1.1346012528471368,1.1068150997161865,1.1068150997161865,38200,0.0,0.0
1993-01-18 00:00:00-05:00,1.1021839026677407,1.1068149274688657,1.0929218530654907,1.0929218530654907,28700,0.0,0.0
1993-01-19 00:00:00-05:00,1.1021838007093985,1.1021838007093985,1.0929217519639414,1.09755277633667,24300,0.0,0.0
1993-01-20 00:00:00-05:00,1.106814825082127,1.106814825082127,1.0929217519639414,1.09755277633667,24700,0.0,0.0
1993-01-21 00:00:00-05:00,1.09755277633667,1.09755277633667,1.0929217519639414,1.09755277633667,18800,0.0,0.0
1993-01-22 00:00:00-05:00,1.1021836996078491,1.1021836996078491,1.097552675659917,1.1021836996078491,22100,0.0,0.0
1993-01-25 00:00:00-05:00,1.1068147967669588,1.125338893783979,1.1068147967669588,1.1207078695297241,26600,0.0,0.0
1993-01-26 00:00:00-05:00,1.125338893783979,1.125338893783979,1.116076845275469,1.1207078695297241,21400,0.0,0.0
1993-01-27 00:00:00-05:00,1.1114461590145632,1.116077184677124,1.1114461590145632,1.116077184677124,22100,0.0,0.0
1993-01-28 00:00:00-05:00,1.1160764495531719,1.1160764495531719,1.1021833817164104,1.111445426940918,24900,0.0,0.0
1993-01-29 00:00:00-05:00,1.116076845275469,1.1207078695297241,1.111445821021214,1.1207078695297241,42500,0.0,0.0
1993-02-01 00:00:00-05:00,1.1253388113662846,1.129969835281372,1.1207077874511968,1.129969835281372,19700,0.0,0.0
1993-02-02 00:00:00-05:00,1.1299702099391393,1.1346012353897095,1.125339184488569,1.1346012353897095,29500,0.0,0.0
1993-02-03 00:00:00-05:00,1.1346012353897095,1.1346012353897095,1.1299702099391393,1.1346012353897095,30000,0.0,0.0
1993-02-04 00:00:00-05:00,1.1299699903503666,1.1392320394515991,1.1299699903503666,1.1392320394515991,33600,0.0,0.0
1993-02-05 00:00:00-05:00,1.1392322608402798,1.1392322608402798,1.1346012353897095,1.1346012353897095,23000,0.0,0.0
1993-02-08 00:00:00-05:00,1.1392322608402798,1.1392322608402798,1.1299702099391393,1.1346012353897095,26700,0.0,0.0
1993-02-09 00:00:00-05:00,1.1392320394515991,1.1438630640022154,1.1346010149009829,1.1392320394515991,31400,0.0,0.0
1993-02-10 00:00:00-05:00,1.1438629627227783,1.1484939868633564,1.1438629627227783,1.1438629627227783,26800,0.0,0.0
1993-02-11 00:00:00-05:00,1.1531255568166179,1.1623876094818115,1.148494530484021,1.1623876094818115,18500,0.0,0.0
1993-02-12 00:00:00-05:00,1.162387697093458,1.1670187237751053,1.1531256437301636,1.1531256437301636,10800,0.0,0.0
1993-02-16 00:00:00-05:00,1.1484946170485162,1.1531256437301636,1.1484946170485162,1.1531256437301636,24800,0.0,0.0
1993-02-17 00:00:00-05:00,1.148493766784668,1.1531247900378319,1.148493766784668,1.148493766784668,15200,0.0,0.0
1993-02-18 00:00:00-05:00,1.148493766784668,1.1577558132909958,1.1438627435315039,1.148493766784668,23700,0.0,0.0
1993-02-19 00:00:00-05:00,1.148493766784668,1.148493766784668,1.1438627435315039,1.148493766784668,14000,0.0,0.0
1993-02-22 00:00:00-05:00,1.1484940885528316,1.1484940885528316,1.1346010149009829,1.1392320394515991,18200,0.0,0.0
1993-02-23 00:00:00-05:00,1.1392320394515991,1.1392320394515991,1.1346010149009829,1.1392320394515991,25200,0.0,0.0
1993-02-24 00:00:00-05:00,1.1438627435315039,1.148493766784668,1.13923172027834,1.148493766784668,24800,0.0,0.0
1993-02-25 00:00:00-05:00,1.148493766784668,1.148493766784668,1.1438627435315039,1.148493766784668,19800,0.0,0.0
1993-02-26 00:00:00-05:00,1.1484939868633564,1.1484939868633564,1.1438629627227783,1.1438629627227783,19100,0.0,0.0
1993-03-01 00:00:00-05:00,1.1438627435315039,1.148493766784668,1.1438627435315039,1.148493766784668,18000,0.0,0.0
1993-03-02 00:00:00-05:00,1.148493766784668,1.148493766784668,1.1438627435315039,1.148493766784668,26000,0.0,0.0
1993-03-03 00:00:00-05:00,1.1438627435315039,1.148493766784668,1.1438627435315039,1.148493766784668,23100,0.0,0.0
1993-03-04 00:00:00-05:00,1.143863504151424,1.1623876094818115,1.1392324778188272,1.1623876094818115,40200,0.0,0.0
1993-03-05 00:00:00-05:00,1.1623871145248412,1.1623871145248412,1.1577560901641846,1.1577560901641846,33400,0.0,0.0
1993-03-08 00:00:00-05:00,1.1670186358144083,1.1670186358144083,1.1577565831492147,1.1623876094818115,29900,0.0,0.0
1993-03-09 00:00:00-05:00,1.1531250658035277,1.1577560901641846,1.1531250658035277,1.1577560901641846,32900,0.0,0.0
1993-03-10 00:00:00-05:00,1.1577560901641846,1.1577560901641846,1.1531250658035277,1.1577560901641846,17300,0.0,0.0
1993-03-11 00:00:00-05:00,1.1577560901641846,1.1623871145248412,1.1531250658035277,1.1577560901641846,26400,0.0,0.0
1993-03-12 00:00:00-05:00,1.1531256437301636,1.1577566704118107,1.1531256437301636,1.1531256437301636,24000,0.0,0.0
1993-03-15 00:00:00-05:00,1.1531250658035277,1.1577560901641846,1.1531250658035277,1.1577560901641846,30100,0.0,0.0
1993-03-16 00:00:00-05:00,1.1577560901641846,1.1577560901641846,1.148494041442871,1.1577560901641846,69500,0.0,0.0
1993-03-17 00:00:00-05:00,1.1577565831492147,1.1623876094818115,1.1577565831492147,1.1623876094818115,25000,0.0,0.0
1993-03-18 00:00:00-05:00,1.1623871145248412,1.1623871145248412,1.1577560901641846,1.1577560901641846,20500,0.0,0.0
1993-03-19 00:00:00-05:00,1.1577560901641846,1.1623871145248412,1.1531250658035277,1.1577560901641846,32600,0.0,0.0
1993-03-22 00:00:00-05:00,1.1577560901641846,1.1623871145248412,1.1531250658035277,1.1577560901641846,60800,0.0,0.0
1993-03-23 00:00:00-05:00,1.1577565831492147,1.1623876094818115,1.1577565831492147,1.1623876094818115,13400,0.0,0.0
1993-03-24 00:00:00-05:00,1.1577565831492147,1.1623876094818115,1.1577565831492147,1.1623876094818115,18700,0.0,0.0
1993-03-25 00:00:00-05:00,1.1716496621470052,1.1716496621470052,1.1623876094818115,1.1623876094818115,74100,0.0,0.0
1993-03-26 00:00:00-05:00,1.1623876094818115,1.1670186358144083,1.1623876094818115,1.1623876094818115,22500,0.0,0.0
1993-03-29 00:00:00-05:00,1.1670186358144083,1.1716496621470052,1.1623876094818115,1.1623876094818115,34000,0.0,0.0
1993-03-30 00:00:00-05:00,1.1623871145248412,1.1623871145248412,1.1531250658035277,1.1577560901641846,75500,0.0,0.0
1993-03-31 00:00:00-05:00,1.1623871145248412,1.1623871145248412,1.1577560901641846,1.1577560901641846,34400,0.0,0.0
1993-04-01 00:00:00-05:00,1.1623876094818115,1.1623876094818115,1.1531255568166179,1.1623876094818115,19500,0.0,0.0
1993-04-02 00:00:00-05:00,1.1623871145248412,1.1623871145248412,1.1531250658035277,1.1577560901641846,27200,0.0,0.0
1993-04-05 00:00:00-04:00,1.1577560901641846,1.1577560901641846,1.1531250658035277,1.1577560901641846,25800,0.0,0.0
1993-04-06 00:00:00-04:00,1.1577560901641846,1.1577560901641846,1.1531250658035277,1.1577560901641846,36200,0.0,0.0
1993-04-07 00:00:00-04:00,1.1623869131481837,1.167017936706543,1.1577558895898243,1.167017936706543,34100,0.0,0.0
1993-04-08 00:00:00-04:00,1.17940886686688,1.17940886686688,1.1604625396882957,1.169935703277588,23600,0.702,0.0
1993-04-12 00:00:00-04:00,1.1746723244829875,1.1746723244829875,1.1651991605758667,1.1651991605758667,25900,0.0,0.0
1993-04-13 00:00:00-04:00,1.1699357425294272,1.1746723244829875,1.1651991605758667,1.1651991605758667,18100,0.0,0.0
1993-04-14 00:00:00-04:00,1.1651993187300238,1.1888822317123413,1.1651993187300238,1.1888822317123413,31500,0.0,0.0
1993-04-15 00:00:00-04:00,1.1888822317123413,1.1983553969052683,1.1841456491158777,1.1888822317123413,38500,0.0,0.0
1993-04-16 00:00:00-04:00,1.1841454898497186,1.1936186537685165,1.1699357439715221,1.1794089078903198,23600,0.0,0.0
1993-04-19 00:00:00-04:00,1.1888820718091175,1.1888820718091175,1.1699357439715221,1.1794089078903198,32800,0.0,0.0
1993-04-20 00:00:00-04:00,1.1794085559390841,1.1983548781228446,1.1794085559390841,1.1936182975769043,20200,0.0,0.0
1993-04-21 00:00:00-04:00,1.1888822317123413,1.1983553969052683,1.1841456491158777,1.1888822317123413,20300,0.0,0.0
1993-04-22 00:00:00-04:00,1.1936182975769043,1.1983548781228446,1.1841451364850242,1.1936182975769043,20500,0.0,0.0
1993-04-23 00:00:00-04:00,1.1936192150115965,1.1936192150115965,1.1794094624519347,1.1841460466384888,17100,0.0,0.0
1993-04-26 00:00:00-04:00,1.1699358622233074,1.1746724446614585,1.132043202718099,1.13677978515625,77000,0.0,0.0
1993-04-27 00:00:00-04:00,1.1320435179714345,1.1557264367574478,1.127306934214232,1.1415166854858398,47800,0.0,0.0
1993-04-28 00:00:00-04:00,1.1462533425311654,1.1604630947113037,1.1415167584711192,1.1604630947113037,30600,0.0,0.0
1993-04-29 00:00:00-04:00,1.1509894147151853,1.1651991605758667,1.1509894147151853,1.1651991605758667,29900,0.0,0.0
1993-04-30 00:00:00-04:00,1.165199239723018,1.165199239723018,1.1557260751724243,1.1557260751724243,19200,0.0,0.0
1993-05-03 00:00:00-04:00,1.1557260751724243,1.1604626574477213,1.1509894928971276,1.1557260751724243,25700,0.0,0.0
1993-05-04 00:00:00-04:00,1.150989811775113,1.150989811775113,1.1415166446000091,1.146253228187561,23400,0.0,0.0
1993-05-05 00:00:00-04:00,1.13677978515625,1.1415163675944011,1.132043202718099,1.13677978515625,31400,0.0,0.0
1993-05-06 00:00:00-04:00,1.1367801017286372,1.1462532692430425,1.1367801017286372,1.1415166854858398,17600,0.0,0.0
1993-05-07 00:00:00-04:00,1.1509898530002451,1.1509898530002451,1.1415166854858398,1.1415166854858398,17800,0.0,0.0
1993-05-10 00:00:00-04:00,1.1367800644750874,1.141516648077067,1.132043480873108,1.132043480873108,24900,0.0,0.0
1993-05-11 00:00:00-04:00,1.132043480873108,1.1367800644750874,1.132043480873108,1.132043480873108,27900,0.0,0.0
1993-05-12 00:00:00-04:00,1.13677978515625,1.13677978515625,1.132043202718099,1.13677978515625,34300,0.0,0.0
1993-05-13 00:00:00-04:00,1.1367800265927859,1.1367800265927859,1.122570276260376,1.122570276260376,44900,0.0,0.0
1993-05-14 00:00:00-04:00,1.1225700777466014,1.1225700777466014,1.11309691253355,1.1178334951400757,38200,0.0,0.0
1993-05-17 00:00:00-04:00,1.1273066997528076,1.1273066997528076,1.1225701169807372,1.1273066997528076,20900,0.0,0.0
1993-05-18 00:00:00-04:00,1.1273068597045126,1.1273068597045126,1.1130971093721027,1.122570276260376,30700,0.0,0.0
1993-05-19 00:00:00-04:00,1.1178336928162393,1.122570276260376,1.1178336928162393,1.122570276260376,18200,0.0,0.0
1993-05-20 00:00:00-04:00,1.1178336928162393,1.122570276260376,1.1178336928162393,1.122570276260376,28800,0.0,0.0
1993-05-21 00:00:00-04:00,1.1178334951400757,1.1225700777466014,1.1178334951400757,1.1178334951400757,20700,0.0,0.0
1993-05-24 00:00:00-04:00,1.1178336928162393,1.122570276260376,1.1178336928162393,1.122570276260376,25300,0.0,0.0
1993-05-25 00:00:00-04:00,1.122570276260376,1.122570276260376,1.1178336928162393,1.122570276260376,22200,0.0,0.0
1993-05-26 00:00:00-04:00,1.1178336928162393,1.122570276260376,1.1178336928162393,1.122570276260376,13000,0.0,0.0
1993-05-27 00:00:00-04:00,1.1225702382148581,1.1225702382148581,1.113097071647644,1.113097071647644,17800,0.0,0.0
1993-05-28 00:00:00-04:00,1.1178337300671695,1.132043480873108,1.1178337300671695,1.132043480873108,9900,0.0,0.0
1993-06-01 00:00:00-04:00,1.1273066997528076,1.1320432825248783,1.1225701169807372,1.1273066997528076,19600,0.0,0.0
1993-06-02 00:00:00-04:00,1.132043480873108,1.1367800644750874,1.1273068972711284,1.132043480873108,22200,0.0,0.0
1993-06-03 00:00:00-04:00,1.132043480873108,1.132043480873108,1.122570313669149,1.132043480873108,13600,0.0,0.0
1993-06-04 00:00:00-04:00,1.1273066997528076,1.1320432825248783,1.1273066997528076,1.1273066997528076,12900,0.0,0.0
1993-06-07 00:00:00-04:00,1.1273066997528076,1.1320432825248783,1.1273066997528076,1.1273066997528076,13200,0.0,0.0
1993-06-08 00:00:00-04:00,1.1178334951400757,1.1225700777466014,1.1178334951400757,1.1178334951400757,21400,0.0,0.0
1993-06-09 00:00:00-04:00,1.1273066603531272,1.1273066603531272,1.1178334951400757,1.1178334951400757,17000,0.0,0.0
1993-06-10 00:00:00-04:00,1.1178334951400757,1.1225700777466014,1.11309691253355,1.1178334951400757,16400,0.0,0.0
1993-06-11 00:00:00-04:00,1.1130967928104647,1.1130967928104647,1.0988870465192673,1.103623628616333,34200,0.0,0.0
1993-06-14 00:00:00-04:00,1.098887724277777,1.1036243092962157,1.0846779692224608,1.0941511392593384,32100,0.0,0.0
1993-06-15 00:00:00-04:00,1.0846774588643977,1.0894140416541986,1.0515213793357916,1.0704677104949951,51700,0.0,0.0
1993-06-16 00:00:00-04:00,1.0799409555443582,1.0799409555443582,1.065731206129301,1.0752043724060059,71500,0.0,0.0
1993-06-17 00:00:00-04:00,1.0752043724060059,1.0894141218210631,1.0752043724060059,1.0752043724060059,27100,0.0,0.0
1993-06-18 00:00:00-04:00,1.0799409166971843,1.0799409166971843,1.0609945848253037,1.065731167793274,33700,0.0,0.0
1993-06-21 00:00:00-04:00,1.065731206129301,1.0799409555443582,1.065731206129301,1.0752043724060059,21100,0.0,0.0
1993-06-22 00:00:00-04:00,1.0704677104949951,1.0704677104949951,1.0657311277051942,1.0704677104949951,21400,0.0,0.0
1993-06-23 00:00:00-04:00,1.0609946229909484,1.0752043724060059,1.056258039852596,1.0752043724060059,30100,0.0,0.0
1993-06-24 00:00:00-04:00,1.0657308542210122,1.0894137620925903,1.0657308542210122,1.0894137620925903,18200,0.0,0.0
1993-06-25 00:00:00-04:00,1.0988868474960327,1.0988868474960327,1.0941502662568259,1.0988868474960327,16900,0.0,0.0
1993-06-28 00:00:00-04:00,1.0941511392593384,1.098887724277777,1.0941511392593384,1.0941511392593384,12300,0.0,0.0
1993-06-29 00:00:00-04:00,1.0988868474960327,1.1036234287352398,1.0941502662568259,1.0988868474960327,32700,0.0,0.0
1993-06-30 00:00:00-04:00,1.0988873217968231,1.1225702382148581,1.0988873217968231,1.113097071647644,16600,0.0,0.0
1993-07-01 00:00:00-04:00,1.103623628616333,1.1130967928104647,1.0988870465192673,1.103623628616333,10600,0.0,0.0
1993-07-02 00:00:00-04:00,1.0988868474960327,1.1036234287352398,1.0941502662568259,1.0988868474960327,7300,0.0,0.0
1993-07-06 00:00:00-04:00,1.0988868474960327,1.1036234287352398,1.0941502662568259,1.0988868474960327,14100,0.0,0.0
1993-07-07 00:00:00-04:00,1.103623628616333,1.103623628616333,1.0988870465192673,1.103623628616333,14300,0.0,0.0
1993-07-08 00:00:00-04:00,1.103623628616333,1.108360210713399,1.0941504644222015,1.103623628616333,40400,0.0,0.0
1993-07-09 00:00:00-04:00,1.097627880280478,1.1121339756145812,1.097627880280478,1.1024632453918457,15500,0.595,0.0
1993-07-12 00:00:00-04:00,1.097628476373818,1.107299211848477,1.0686162699498403,1.0782870054244995,31100,0.0,0.0
1993-07-13 00:00:00-04:00,1.0734516393054616,1.0734516393054616,1.0637809038162231,1.0637809038162231,31200,0.0,0.0
1993-07-14 00:00:00-04:00,1.0686162699498403,1.0831223731618291,1.0637809022125106,1.0782870054244995,23400,0.0,0.0
1993-07-15 00:00:00-04:00,1.0831223731618291,1.0831223731618291,1.07345163768717,1.0782870054244995,13800,0.0,0.0
1993-07-16 00:00:00-04:00,1.0782860441984634,1.0831214076253624,1.0686153173446655,1.0686153173446655,19800,0.0,0.0
1993-07-19 00:00:00-04:00,1.0686162715608425,1.0782870070500807,1.058945536071604,1.0637809038162231,33700,0.0,0.0
1993-07-20 00:00:00-04:00,1.07828688621521,1.07828688621521,1.0444393157958984,1.0589454174041748,67100,0.0,0.0
1993-07-21 00:00:00-04:00,1.068616030959908,1.068616030959908,1.0347684643684176,1.0541099309921265,49900,0.0,0.0
1993-07-22 00:00:00-04:00,1.054109208009861,1.054109208009861,1.034767754651882,1.0444384813308716,41700,0.0,0.0
1993-07-23 00:00:00-04:00,1.0492738288528516,1.0492738288528516,1.0202616492532335,1.0250970125198364,49900,0.0,0.0
1993-07-26 00:00:00-04:00,1.0250970125198364,1.0250970125198364,1.0105909227200276,1.0250970125198364,55900,0.0,0.0
1993-07-27 00:00:00-04:00,1.0250970241635344,1.0396031141281128,1.0250970241635344,1.0396031141281128,55400,0.0,0.0
1993-07-28 00:00:00-04:00,1.0396039485931396,1.0589454174041748,1.0396039485931396,1.0589454174041748,35400,0.0,0.0
1993-07-29 00:00:00-04:00,1.058944959389536,1.1024632453918457,1.058944959389536,1.1024632453918457,45600,0.0,0.0
1993-07-30 00:00:00-04:00,1.1024630038223602,1.1072983678742128,1.0879569116668029,1.0976276397705078,32000,0.0,0.0
1993-08-02 00:00:00-04:00,1.0976277563424237,1.0976277563424237,1.0927923917770386,1.0927923917770386,22100,0.0,0.0
1993-08-03 00:00:00-04:00,1.0927923917770386,1.0976277563424237,1.0879570272116534,1.0927923917770386,25100,0.0,0.0
1993-08-04 00:00:00-04:00,1.0879569116668029,1.0976276397705078,1.0879569116668029,1.0976276397705078,23100,0.0,0.0
1993-08-05 00:00:00-04:00,1.0927922757186552,1.1072983678742128,1.0927922757186552,1.0976276397705078,24600,0.0,0.0
1993-08-06 00:00:00-04:00,1.1024632453918457,1.1024632453918457,1.0927925151691102,1.1024632453918457,10400,0.0,0.0
1993-08-09 00:00:00-04:00,1.1024633661628291,1.107298731803894,1.097628000521764,1.107298731803894,13900,0.0,0.0
1993-08-10 00:00:00-04:00,1.1024633661628291,1.107298731803894,1.097628000521764,1.107298731803894,17500,0.0,0.0
1993-08-11 00:00:00-04:00,1.1218042332372624,1.1218042332372624,1.1024627809400682,1.1169688701629639,24900,0.0,0.0
1993-08-12 00:00:00-04:00,1.1169688701629639,1.1169688701629639,1.1121335070886653,1.1169688701629639,17900,0.0,0.0
1993-08-13 00:00:00-04:00,1.1218042332372624,1.1314749593858595,1.1169688701629639,1.1169688701629639,23300,0.0,0.0
1993-08-16 00:00:00-04:00,1.121805191040039,1.1363112926483154,1.1121344566345215,1.1314759254455566,22400,0.0,0.0
1993-08-17 00:00:00-04:00,1.1314749593858595,1.1314749593858595,1.1169688701629639,1.1169688701629639,11700,0.0,0.0
1993-08-18 00:00:00-04:00,1.1169688701629639,1.126639596311561,1.1169688701629639,1.1169688701629639,16400,0.0,0.0
1993-08-19 00:00:00-04:00,1.1266400814056396,1.131475446561887,1.1169693510931449,1.1266400814056396,8800,0.0,0.0
1993-08-20 00:00:00-04:00,1.121805191040039,1.1363112926483154,1.121805191040039,1.1363112926483154,9700,0.0,0.0
1993-08-23 00:00:00-04:00,1.1411461768743818,1.1411461768743818,1.1266400814056396,1.1266400814056396,20500,0.0,0.0
1993-08-24 00:00:00-04:00,1.1314759254455566,1.1411466598510742,1.1266405582427979,1.1363112926483154,14100,0.0,0.0
1993-08-25 00:00:00-04:00,1.145982027053833,1.145982027053833,1.1266405582427979,1.1314759254455566,21800,0.0,0.0
1993-08-26 00:00:00-04:00,1.136310936535819,1.1411463022232056,1.126640205161046,1.1411463022232056,13600,0.0,0.0
1993-08-27 00:00:00-04:00,1.1411463022232056,1.1411463022232056,1.136310936535819,1.1411463022232056,12200,0.0,0.0
1993-08-30 00:00:00-04:00,1.1411466598510742,1.145982027053833,1.1314759254455566,1.1314759254455566,7700,0.0,0.0
1993-08-31 00:00:00-04:00,1.1363112926483154,1.1363112926483154,1.1314759254455566,1.1314759254455566,11200,0.0,0.0
1993-09-01 00:00:00-04:00,1.131475446561887,1.131475446561887,1.1266400814056396,1.1266400814056396,13600,0.0,0.0
1993-09-02 00:00:00-04:00,1.126640079350307,1.126640079350307,1.1121339839080284,1.1218047142028809,30400,0.0,0.0
1993-09-03 00:00:00-04:00,1.1169698238372803,1.1314759254455566,1.1072990894317627,1.1314759254455566,43800,0.0,0.0
1993-09-07 00:00:00-04:00,1.1411456855344566,1.1411456855344566,1.1169688701629639,1.1169688701629639,27400,0.0,0.0
1993-09-08 00:00:00-04:00,1.107298731803894,1.1218048287270892,1.1024633661628291,1.107298731803894,47000,0.0,0.0
1993-09-09 00:00:00-04:00,1.1024627809400682,1.1169688701629639,1.1024627809400682,1.1169688701629639,28900,0.0,0.0
1993-09-10 00:00:00-04:00,1.1072986105032134,1.1121339756145812,1.097627880280478,1.1024632453918457,21300,0.0,0.0
1993-09-13 00:00:00-04:00,1.0976277563424237,1.107298485473194,1.0879570272116534,1.0927923917770386,32700,0.0,0.0
1993-09-14 00:00:00-04:00,1.0927926286061604,1.097627994219462,1.083121897379557,1.0879572629928589,12900,0.0,0.0
1993-09-15 00:00:00-04:00,1.0927926286061604,1.0927926286061604,1.0782865317662556,1.0879572629928589,18800,0.0,0.0
1993-09-16 00:00:00-04:00,1.0879572581600498,1.0879572581600498,1.0734511613845825,1.0734511613845825,17200,0.0,0.0
1993-09-17 00:00:00-04:00,1.0734511613845825,1.0831218925682273,1.0589450646091152,1.0734511613845825,36300,0.0,0.0
1993-09-20 00:00:00-04:00,1.0734516393054616,1.0782870070500807,1.0637809038162231,1.0637809038162231,29600,0.0,0.0
1993-09-21 00:00:00-04:00,1.06861579579276,1.0734511613845825,1.0589450646091152,1.0734511613845825,27500,0.0,0.0
1993-09-22 00:00:00-04:00,1.0734511613845825,1.0831218925682273,1.0637804302009377,1.0734511613845825,21500,0.0,0.0
1993-09-23 00:00:00-04:00,1.073450933515498,1.1024631209078088,1.073450933515498,1.0927923917770386,23800,0.0,0.0
1993-09-24 00:00:00-04:00,1.0976277563424237,1.107298485473194,1.0927923917770386,1.0927923917770386,14100,0.0,0.0
1993-09-27 00:00:00-04:00,1.1024630038223602,1.1072983678742128,1.0927922757186552,1.0976276397705078,6800,0.0,0.0
1993-09-28 00:00:00-04:00,1.0976278884657498,1.1314754444977333,1.0976278884657498,1.1218047142028809,16800,0.0,0.0
1993-09-29 00:00:00-04:00,1.1314754444977333,1.1314754444977333,1.1218047142028809,1.1218047142028809,9900,0.0,0.0
1993-09-30 00:00:00-04:00,1.1218048394736597,1.1411463022232056,1.1218048394736597,1.1411463022232056,17900,0.0,0.0
1993-10-01 00:00:00-04:00,1.1411463022232056,1.145981667910592,1.136310936535819,1.1411463022232056,23800,0.0,0.0
1993-10-04 00:00:00-04:00,1.1411463022232056,1.145981667910592,1.1218048394736597,1.1411463022232056,63500,0.0,0.0
1993-10-05 00:00:00-04:00,1.1411466598510742,1.1411466598510742,1.1266405582427979,1.1314759254455566,16900,0.0,0.0
1993-10-06 00:00:00-04:00,1.1314759254455566,1.1314759254455566,1.121805191040039,1.1314759254455566,20600,0.0,0.0
1993-10-07 00:00:00-04:00,1.1314759254455566,1.1314759254455566,1.1266405582427979,1.1314759254455566,21700,0.0,0.0
1993-10-08 00:00:00-04:00,1.1314759254455566,1.1314759254455566,1.1266405582427979,1.1314759254455566,14100,0.0,0.0
1993-10-11 00:00:00-04:00,1.1314760467280511,1.1314760467280511,1.1072992081227508,1.112134575843811,27400,0.0,0.0
1993-10-12 00:00:00-04:00,1.1052740179331957,1.1250995608557643,1.1052740179331957,1.120143175125122,29600,0.702,0.0
1993-10-13 00:00:00-04:00,1.1102311857078107,1.1151875749297206,1.1052747964859009,1.1052747964859009,22400,0.0,0.0
1993-10-14 00:00:00-04:00,1.1151875749297206,1.1201439641516304,1.1052747964859009,1.1052747964859009,16300,0.0,0.0
1993-10-15 00:00:00-04:00,1.1052747964859009,1.1102311857078107,1.1003184072639909,1.1052747964859009,11100,0.0,0.0
1993-10-18 00:00:00-04:00,1.110230609103366,1.110230609103366,1.1003178358078003,1.1003178358078003,19600,0.0,0.0
1993-10-19 00:00:00-04:00,1.100318217169645,1.1052746055352742,1.0953618288040161,1.0953618288040161,19700,0.0,0.0
1993-10-20 00:00:00-04:00,1.095362018042081,1.1052747964859009,1.0904056288201713,1.1052747964859009,17800,0.0,0.0
1993-10-21 00:00:00-04:00,1.1151869957511489,1.1151869957511489,1.0953614491600174,1.1003178358078003,34100,0.0,0.0
1993-10-22 00:00:00-04:00,1.1052742224555832,1.110230609103366,1.0953614491600174,1.1003178358078003,11700,0.0,0.0
1993-10-25 00:00:00-04:00,1.0953618288040161,1.100318217169645,1.0953618288040161,1.0953618288040161,13900,0.0,0.0
1993-10-26 00:00:00-04:00,1.1003178358078003,1.1003178358078003,1.0953614491600174,1.1003178358078003,12400,0.0,0.0
1993-10-27 00:00:00-04:00,1.1052749920975078,1.1052749920975078,1.08544943170114,1.090405821800232,21500,0.0,0.0
1993-10-28 00:00:00-04:00,1.08544943170114,1.095362211899324,1.08544943170114,1.090405821800232,16700,0.0,0.0
1993-10-29 00:00:00-04:00,1.080493041602048,1.090405821800232,1.075536651502956,1.090405821800232,22200,0.0,0.0
1993-11-01 00:00:00-05:00,1.0904048115427043,1.0904048115427043,1.0705792695146552,1.0755356550216675,15700,0.0,0.0
1993-11-02 00:00:00-05:00,1.08544943170114,1.090405821800232,1.075536651502956,1.090405821800232,18700,0.0,0.0
1993-11-03 00:00:00-05:00,1.080492354963468,1.0854487419128418,1.0705795810647205,1.0854487419128418,42100,0.0,0.0
1993-11-04 00:00:00-05:00,1.0804920405286798,1.0804920405286798,1.0705792695146552,1.0755356550216675,16100,0.0,0.0
1993-11-05 00:00:00-05:00,1.0755356550216675,1.0804920405286798,1.0755356550216675,1.0755356550216675,15800,0.0,0.0
1993-11-08 00:00:00-05:00,1.070579171180725,1.0755355562324878,1.070579171180725,1.070579171180725,16300,0.0,0.0
1993-11-09 00:00:00-05:00,1.0656237602233887,1.0755365393882574,1.0656237602233887,1.0656237602233887,166300,0.0,0.0
1993-11-10 00:00:00-05:00,1.0606673706409542,1.0656237602233887,1.0507545914760856,1.0656237602233887,47900,0.0,0.0
1993-11-11 00:00:00-05:00,1.0557099783195638,1.0656227480690434,1.0507535934448242,1.0507535934448242,49400,0.0,0.0
1993-11-12 00:00:00-05:00,1.0408413184197591,1.05571048011147,1.035884931189189,1.0457977056503296,39300,0.0,0.0
1993-11-15 00:00:00-05:00,1.0408413184197591,1.05571048011147,1.0408413184197591,1.0457977056503296,39300,0.0,0.0
1993-11-16 00:00:00-05:00,1.0557099783195638,1.0606663631943036,1.0457972085700844,1.0507535934448242,34000,0.0,0.0
1993-11-17 00:00:00-05:00,1.0507540928808998,1.0507540928808998,1.0457977056503296,1.0457977056503296,19800,0.0,0.0
1993-11-18 00:00:00-05:00,1.0457977056503296,1.0507540928808998,1.0408413184197591,1.0457977056503296,36600,0.0,0.0
1993-11-19 00:00:00-05:00,1.0457977056503296,1.0507540928808998,1.035884931189189,1.0457977056503296,30900,0.0,0.0
1993-11-22 00:00:00-05:00,1.050753575016335,1.055709959804148,1.0259716510772705,1.0259716510772705,26600,0.0,0.0
1993-11-23 00:00:00-05:00,1.0111026554572873,1.0309281977211557,1.0111026554572873,1.0160590410232544,55000,0.0,0.0
1993-11-24 00:00:00-05:00,1.016059541234783,1.0210159292408063,1.0061467652227365,1.0111031532287598,48200,0.0,0.0
1993-11-26 00:00:00-05:00,1.0011902770610772,1.0011902770610772,0.9764083395100603,0.9813647270202637,34700,0.0,0.0
1993-11-29 00:00:00-05:00,0.9615394231600638,0.971452200718415,0.9466702568225371,0.9664958119392395,138400,0.0,0.0
1993-11-30 00:00:00-05:00,0.9615391769794503,0.9813647270202638,0.9615391769794503,0.9813647270202637,84000,0.0,0.0
1993-12-01 00:00:00-05:00,0.981364563703537,1.0011901104450225,0.9764081770181655,0.9912773370742798,62700,0.0,0.0
1993-12-02 00:00:00-05:00,0.9863211145304671,0.9912775020406704,0.971451951999857,0.9813647270202637,46000,0.0,0.0
1993-12-03 00:00:00-05:00,0.971452200718415,0.971452200718415,0.9516266456017126,0.9664958119392395,65600,0.0,0.0
1993-12-06 00:00:00-05:00,1.0111025984924618,1.0111025984924618,0.9912770573455508,1.0011898279190063,118800,0.0,0.0
1993-12-07 00:00:00-05:00,1.0111026554572873,1.0210154265892215,0.996233498759386,1.0160590410232544,84200,0.0,0.0
1993-12-08 00:00:00-05:00,1.0160596852232082,1.021016073931614,1.0011905190979906,1.0061469078063965,59600,0.0,0.0
1993-12-09 00:00:00-05:00,1.0061467652227365,1.0210159292408063,1.0061467652227365,1.0111031532287598,61100,0.0,0.0
1993-12-10 00:00:00-05:00,1.0111031532287598,1.0210159292408063,1.0061467652227365,1.0111031532287598,33200,0.0,0.0
1993-12-13 00:00:00-05:00,1.0309286580502408,1.0309286580502408,1.01110310693389,1.0210158824920654,49300,0.0,0.0
1993-12-14 00:00:00-05:00,1.0210154265892215,1.0259718121551886,1.0111026554572873,1.0160590410232544,42700,0.0,0.0
1993-12-15 00:00:00-05:00,1.0061462132057342,1.0160589837791896,1.0011898279190063,1.0011898279190063,32300,0.0,0.0
1993-12-16 00:00:00-05:00,1.0111025984924618,1.0160589837791896,0.9962334426322786,1.0011898279190063,26700,0.0,0.0
1993-12-17 00:00:00-05:00,1.0210157567588845,1.0210157567588845,0.9962338209152222,0.9962338209152222,29600,0.0,0.0
1993-12-20 00:00:00-05:00,0.9962338209152222,1.0061465952526871,0.9912774337464897,0.9962338209152222,33100,0.0,0.0
1993-12-21 00:00:00-05:00,0.9912775020406704,0.9962338895508738,0.9764083395100603,0.9813647270202637,42800,0.0,0.0
1993-12-22 00:00:00-05:00,0.9813647270202638,0.9863211145304671,0.971451951999857,0.9813647270202637,55400,0.0,0.0
1993-12-23 00:00:00-05:00,0.9764083395100603,0.9863211145304671,0.9664955644896537,0.9813647270202637,73600,0.0,0.0
1993-12-27 00:00:00-05:00,0.9912770573455508,1.0011898279190063,0.9912770573455508,1.0011898279190063,43500,0.0,0.0
1993-12-28 00:00:00-05:00,0.9962341303895846,1.0061469078063965,0.9912777416811788,1.0061469078063965,35800,0.0,0.0
1993-12-29 00:00:00-05:00,1.0061462132057342,1.0061462132057342,0.9962334426322786,1.0011898279190063,38000,0.0,0.0
1993-12-30 00:00:00-05:00,0.9962336256276423,1.0061463980219472,0.9813644670361849,0.9863208532333374,44700,0.0,0.0
1993-12-31 00:00:00-05:00,0.9813649782767662,0.9863213670559418,0.9664958119392394,0.9664958119392395,44300,0.0,0.0
1994-01-03 00:00:00-05:00,0.9764085755559611,1.0111032965148024,0.9764085755559611,1.0061469078063965,28100,0.0,0.0
1994-01-04 00:00:00-05:00,1.016059684065672,1.0309288501739502,1.0111032953629127,1.0309288501739502,39700,0.0,0.0
1994-01-05 00:00:00-05:00,1.0309288256636289,1.0606671571731567,1.0309288256636289,1.0606671571731567,43000,0.0,0.0
1994-01-06 00:00:00-05:00,1.0557107685882354,1.065623545758078,1.0557107685882354,1.0606671571731567,47600,0.0,0.0
1994-01-07 00:00:00-05:00,1.0656227861289627,1.070579171180725,1.0606664010772,1.070579171180725,34800,0.0,0.0
1994-01-10 00:00:00-05:00,1.070579132943783,1.070579132943783,1.0408408236953448,1.0507535934448242,36300,0.0,0.0
1994-01-11 00:00:00-05:00,1.0426145792007446,1.0526881500142784,1.027504222980444,1.0426145792007446,23300,0.423,0.0
1994-01-12 00:00:00-05:00,1.0325407042291952,1.0375774881522644,1.012393568536918,1.0224671363830566,19400,0.0,0.0
1994-01-13 00:00:00-05:00,1.0174307823181152,1.0174307823181152,1.0073572102159556,1.0174307823181152,18000,0.0,0.0
1994-01-14 00:00:00-05:00,1.0174306174415855,1.0224674026764446,1.0073570469718667,1.012393832206726,19400,0.0,0.0
1994-01-17 00:00:00-05:00,1.0224671363830566,1.0224671363830566,1.012393568536918,1.0224671363830566,18000,0.0,0.0
1994-01-18 00:00:00-05:00,1.0224674026764446,1.0224674026764446,1.0073570469718667,1.012393832206726,25700,0.0,0.0
1994-01-19 00:00:00-05:00,1.0174307823181152,1.022467568369195,1.0073572102159556,1.0174307823181152,23200,0.0,0.0
1994-01-20 00:00:00-05:00,1.012393568536918,1.0224671363830566,1.012393568536918,1.0224671363830566,25900,0.0,0.0
1994-01-21 00:00:00-05:00,1.0174308711407232,1.0275044441223145,1.0174308711407232,1.0275044441223145,17900,0.0,0.0
1994-01-24 00:00:00-05:00,1.0275044441223145,1.0375780171039057,1.0224676576315188,1.0275044441223145,20600,0.0,0.0
1994-01-25 00:00:00-05:00,1.0375774881522644,1.0375774881522644,1.0224671363830566,1.0224671363830566,19500,0.0,0.0
1994-01-26 00:00:00-05:00,1.0224676576315188,1.0375780171039057,1.0174308711407232,1.0275044441223145,24600,0.0,0.0
1994-01-27 00:00:00-05:00,1.027504222980444,1.0476513646075116,1.027504222980444,1.0426145792007446,29200,0.0,0.0
1994-01-28 00:00:00-05:00,1.062761949557884,1.062761949557884,1.0275044441223145,1.0275044441223145,34300,0.0,0.0
1994-01-31 00:00:00-05:00,1.0375777937939779,1.0426145792007446,1.027504222980444,1.0426145792007446,41300,0.0,0.0
1994-02-01 00:00:00-05:00,1.0325410083872109,1.0426145792007446,1.0325410083872109,1.0426145792007446,30000,0.0,0.0
1994-02-02 00:00:00-05:00,1.0526880941119803,1.062761664390564,1.0426145238333968,1.062761664390564,26000,0.0,0.0
1994-02-03 00:00:00-05:00,1.0526880941119803,1.0728352346691474,1.0526880941119803,1.062761664390564,28100,0.0,0.0
1994-02-04 00:00:00-05:00,1.0526884044919695,1.06779876436506,1.0526884044919695,1.057725191116333,17200,0.0,0.0
1994-02-07 00:00:00-05:00,1.057725191116333,1.0627619777406965,1.0526884044919695,1.057725191116333,9500,0.0,0.0
1994-02-08 00:00:00-05:00,1.057725191116333,1.0627619777406965,1.0526884044919695,1.057725191116333,11000,0.0,0.0
1994-02-09 00:00:00-05:00,1.0577248792512721,1.062761664390564,1.0526880941119803,1.062761664390564,23100,0.0,0.0
1994-02-10 00:00:00-05:00,1.0577248609983003,1.0577248609983003,1.0476512908935547,1.0476512908935547,12600,0.0,0.0
1994-02-11 00:00:00-05:00,1.0426146693206861,1.0526882410049438,1.0426146693206861,1.0526882410049438,9600,0.0,0.0
1994-02-14 00:00:00-05:00,1.052687692642212,1.052687692642212,1.0325405597686768,1.0325405597686768,10300,0.0,0.0
1994-02-15 00:00:00-05:00,1.0375777207888088,1.0526880759459276,1.0325409357364361,1.0476512908935547,15800,0.0,0.0
1994-02-16 00:00:00-05:00,1.0426145792007446,1.0627617208278122,1.0426145792007446,1.0426145792007446,21400,0.0,0.0
1994-02-17 00:00:00-05:00,1.0426145792007446,1.0526881500142784,1.0426145792007446,1.0426145792007446,22900,0.0,0.0
1994-02-18 00:00:00-05:00,1.0426145792007446,1.0526881500142784,1.0375777937939779,1.0426145792007446,12300,0.0,0.0
1994-02-22 00:00:00-05:00,1.0577254966624732,1.0577254966624732,1.0325415562657476,1.0375783443450928,25300,0.0,0.0
1994-02-23 00:00:00-05:00,1.0325415562657476,1.042615132424438,1.0275047681864027,1.0375783443450928,13500,0.0,0.0
1994-02-24 00:00:00-05:00,1.0325405597686768,1.0426141262054442,1.027503776550293,1.0325405597686768,9900,0.0,0.0
1994-02-25 00:00:00-05:00,1.0325405597686768,1.0375773429870605,1.022466993331909,1.0325405597686768,13000,0.0,0.0
1994-02-28 00:00:00-05:00,1.022467568369195,1.0325411404713545,1.0123939962670354,1.0174307823181152,17800,0.0,0.0
1994-03-01 00:00:00-05:00,1.0174307667430322,1.0174307667430322,0.9972836228471305,1.002320408821106,16900,0.0,0.0
1994-03-02 00:00:00-05:00,0.9972836228471305,1.002320408821106,0.9821732649252043,1.002320408821106,21600,0.0,0.0
1994-03-03 00:00:00-05:00,1.0073571947950812,1.0073571947950812,0.9972836228471305,1.002320408821106,14300,0.0,0.0
1994-03-04 00:00:00-05:00,0.9972834312915801,1.0073570013046265,0.9972834312915801,1.0073570013046265,9200,0.0,0.0
1994-03-07 00:00:00-05:00,1.0174307667430322,1.0174307667430322,0.9922468368731551,1.002320408821106,13400,0.0,0.0
1994-03-08 00:00:00-05:00,0.9922468662261963,0.9922468662261963,0.9872100801032206,0.9922468662261963,16900,0.0,0.0
1994-03-09 00:00:00-05:00,0.9972833662616963,0.9972833662616963,0.9872097969055176,0.9872097969055176,12200,0.0,0.0
1994-03-10 00:00:00-05:00,0.9972836523491718,0.9972836523491718,0.9771365078572694,0.9922468662261963,13300,0.0,0.0
1994-03-11 00:00:00-05:00,0.9872100801032206,0.9922468662261963,0.982173293980245,0.9922468662261963,11300,0.0,0.0
1994-03-14 00:00:00-05:00,0.9922465815836069,1.0023201509397857,0.9872097969055176,0.9872097969055176,11000,0.0,0.0
1994-03-15 00:00:00-05:00,0.972099692087907,0.997283621934744,0.972099692087907,0.9821732640266418,40400,0.0,0.0
1994-03-16 00:00:00-05:00,0.9872097969055176,0.9922465815836069,0.9771362275493388,0.9872097969055176,17800,0.0,0.0
1994-03-17 00:00:00-05:00,0.9771362275493388,0.9872097969055176,0.9771362275493388,0.9872097969055176,15700,0.0,0.0
1994-03-18 00:00:00-05:00,0.9872097035044247,0.9922464877059779,0.9720993508997652,0.9771361351013184,12600,0.0,0.0
1994-03-21 00:00:00-05:00,0.9771362275493388,0.9872097969055176,0.9720994428712494,0.9872097969055176,19900,0.0,0.0
1994-03-22 00:00:00-05:00,0.9922472072972192,0.9972839951515198,0.9872104194429187,0.9972839951515198,23100,0.0,0.0
1994-03-23 00:00:00-05:00,1.0023204384721476,1.0023204384721476,0.982173293980245,0.9922468662261963,18500,0.0,0.0
1994-03-24 00:00:00-05:00,1.002320408821106,1.0073571947950812,0.9922468368731551,1.002320408821106,19200,0.0,0.0
1994-03-25 00:00:00-05:00,0.9922468368731551,1.0123939807690567,0.9922468368731551,1.002320408821106,12700,0.0,0.0
1994-03-28 00:00:00-05:00,0.9771368403709372,0.9821736282079008,0.9620264768600465,0.9620264768600464,30900,0.0,0.0
1994-03-29 00:00:00-05:00,0.9569893627570419,0.9620261488768158,0.9368422182779463,0.9519525766372681,35400,0.0,0.0
1994-03-30 00:00:00-05:00,0.9418788094033478,0.9418788094033478,0.926768454172278,0.9368420243263245,25000,0.0,0.0
1994-03-31 00:00:00-05:00,0.9368420243263245,0.946915594480371,0.9318052392493013,0.9368420243263245,25200,0.0,0.0
1994-04-04 00:00:00-04:00,0.9267688714540923,0.9318056587989514,0.9066217220746554,0.9166952967643738,17800,0.0,0.0
1994-04-05 00:00:00-04:00,0.9267690270979774,0.9519529680517268,0.9267690270979774,0.941879391670227,35200,0.0,0.0
1994-04-06 00:00:00-04:00,0.9418790040789423,0.9418790040789423,0.931805431842804,0.931805431842804,44400,0.0,0.0
1994-04-07 00:00:00-04:00,0.931805181974745,0.9368419667421761,0.8663269799981413,0.8915109038352966,68400,0.0,0.0
1994-04-08 00:00:00-04:00,0.8915113600400778,0.9267688714540923,0.8864745726952187,0.9166952967643738,25500,0.0,0.0
1994-04-11 00:00:00-04:00,0.9116580898172401,0.9116580898172401,0.8864741646841671,0.8965477347373962,54300,0.0,0.0
1994-04-12 00:00:00-04:00,0.8752970099449158,0.8905638182579084,0.8702080738405849,0.8752970099449158,46800,0.228,0.0
1994-04-13 00:00:00-04:00,0.8600295390709337,0.8651184712547854,0.8345848781516753,0.8447627425193787,64600,0.0,0.0
1994-04-14 00:00:00-04:00,0.82949623934128,0.82949623934128,0.7786068995043917,0.8091405034065247,94900,0.0,0.0
1994-04-15 00:00:00-04:00,0.8040516604611903,0.8244073987007141,0.7836959222216665,0.8244073987007141,93400,0.0,0.0
1994-04-18 00:00:00-04:00,0.8549412655275921,0.9007416904665703,0.8549412655275921,0.8752970099449158,107100,0.0,0.0
1994-04-19 00:00:00-04:00,0.8956520026070731,0.9210966617720467,0.8854741389410836,0.8905630707740784,90800,0.0,0.0
1994-04-20 00:00:00-04:00,0.9109188609094505,0.9109188609094505,0.839673810335527,0.8447627425193787,56200,0.0,0.0
1994-04-21 00:00:00-04:00,0.8244069034403021,0.8498515609538916,0.8244069034403021,0.8396736979484558,57400,0.0,0.0
1994-04-22 00:00:00-04:00,0.8396741481763976,0.854940950870514,0.8345852139450256,0.8549409508705139,73300,0.0,0.0
1994-04-25 00:00:00-04:00,0.8702073950659145,0.9007409878752448,0.8702073950659145,0.8956520557403564,52400,0.0,0.0
1994-04-26 00:00:00-04:00,0.9007409878752448,0.9058299200101332,0.8854741914705796,0.8956520557403564,79100,0.0,0.0
1994-04-28 00:00:00-04:00,0.8905632044538596,0.8956521370507389,0.8752964066632221,0.8803853392601013,28300,0.0,0.0
1994-04-29 00:00:00-04:00,0.8702080738405849,0.8854748821535776,0.860030201631923,0.8752970099449158,17800,0.0,0.0
1994-05-02 00:00:00-04:00,0.8752962752750941,0.8956520026070731,0.8752962752750941,0.8905630707740784,14900,0.0,0.0
1994-05-03 00:00:00-04:00,0.8905638182579084,0.8956527543622393,0.860030201631923,0.8752970099449158,27000,0.0,0.0
1994-05-04 00:00:00-04:00,0.8752966941088095,0.8905634969130329,0.8651188255726605,0.8854745626449585,30600,0.0,0.0
1994-05-05 00:00:00-04:00,0.8803852071080889,0.8956520026070731,0.8803852071080889,0.8905630707740784,40800,0.0,0.0
1994-05-06 00:00:00-04:00,0.8854745626449585,0.8956524311811074,0.8803856283768839,0.8854745626449585,36000,0.0,0.0
1994-05-09 00:00:00-04:00,0.8905631582639371,0.8905631582639371,0.8702074289321899,0.8702074289321899,16800,0.0,0.0
1994-05-10 00:00:00-04:00,0.8702074289321899,0.8854742259310002,0.8651184965992531,0.8702074289321899,10800,0.0,0.0
1994-05-11 00:00:00-04:00,0.8651179671287537,0.8752958255655625,0.8600290379103492,0.8651179671287537,11400,0.0,0.0
1994-05-12 00:00:00-04:00,0.8651185414694637,0.8854742718569805,0.8600296088725845,0.8803853392601013,25000,0.0,0.0
1994-05-13 00:00:00-04:00,0.8905632044538596,0.8956521370507389,0.8803853392601012,0.8803853392601013,16500,0.0,0.0
1994-05-16 00:00:00-04:00,0.885474363022302,0.885474363022302,0.8600296974182129,0.8600296974182129,29400,0.0,0.0
1994-05-17 00:00:00-04:00,0.8600293512115936,0.8651182822838516,0.8447625579948197,0.8498514890670776,44800,0.0,0.0
1994-05-18 00:00:00-04:00,0.8498515609538916,0.8549404924566095,0.8294958349430199,0.8396736979484558,43200,0.0,0.0
1994-05-19 00:00:00-04:00,0.834585267820476,0.839674202380357,0.8193184641408332,0.8244073987007141,167400,0.0,0.0
1994-05-20 00:00:00-04:00,0.8294958349430199,0.8396736979484558,0.8193179719375842,0.8396736979484558,14500,0.0,0.0
1994-05-23 00:00:00-04:00,0.8498518311765771,0.885474363022302,0.8447628980557593,0.8600296974182129,31200,0.0,0.0
1994-05-24 00:00:00-04:00,0.8600296974182129,0.8702075636598485,0.8396739649349415,0.8600296974182129,42000,0.0,0.0
1994-05-25 00:00:00-04:00,0.8956526804236726,0.9160084231605743,0.8803858733709964,0.9109194874763489,104200,0.0,0.0
1994-05-26 00:00:00-04:00,0.9210967217450556,0.9363635182380676,0.9058299252520436,0.9363635182380676,63400,0.0,0.0
1994-05-27 00:00:00-04:00,0.9363641333072743,0.9668977463499028,0.9363641333072743,0.9567198753356934,31000,0.0,0.0
1994-05-31 00:00:00-04:00,0.9567189921614945,0.9668968537802337,0.9414521997333855,0.9465411305427551,27400,0.0,0.0
1994-06-01 00:00:00-04:00,0.9567197867088918,0.9719865918159485,0.9516308516732062,0.9719865918159485,38500,0.0,0.0
1994-06-02 00:00:00-04:00,0.9719865918159485,0.9770755268516341,0.9567197867088918,0.9719865918159485,25600,0.0,0.0
1994-06-03 00:00:00-04:00,0.9719865918159485,0.9719865918159485,0.9618087217445773,0.9719865918159485,28100,0.0,0.0
1994-06-06 00:00:00-04:00,0.9719861821124428,0.9719861821124428,0.9516304505498786,0.9668972492218018,44500,0.0,0.0
1994-06-07 00:00:00-04:00,0.9618082938967524,0.9618082938967524,0.9363636300370499,0.9414525628089905,20400,0.0,0.0
1994-06-08 00:00:00-04:00,0.9516306519508362,0.9567195859184877,0.9414527840155331,0.9516306519508362,223800,0.0,0.0
1994-06-09 00:00:00-04:00,0.9567195859184877,0.9567195859184877,0.9414527840155331,0.9516306519508362,19300,0.0,0.0
1994-06-10 00:00:00-04:00,0.9516309398285886,0.9567198753356932,0.9465420043214838,0.9567198753356934,12800,0.0,0.0
1994-06-13 00:00:00-04:00,0.9567193834405197,0.9668972492218018,0.9516304505498786,0.9668972492218018,129200,0.0,0.0
1994-06-14 00:00:00-04:00,0.9668972492218018,0.9668972492218018,0.9516304505498786,0.9668972492218018,18700,0.0,0.0
1994-06-15 00:00:00-04:00,0.9719861821124428,0.9719861821124428,0.9567193834405197,0.9668972492218018,20400,0.0,0.0
1994-06-16 00:00:00-04:00,0.9719865918159485,0.9770755268516341,0.966897656780263,0.9719865918159485,18500,0.0,0.0
1994-06-17 00:00:00-04:00,0.9719866818570075,0.9770756173641123,0.9516309398285886,0.9567198753356934,63000,0.0,0.0
1994-06-20 00:00:00-04:00,0.9567195859184877,0.9567195859184877,0.9516306519508362,0.9516306519508362,12100,0.0,0.0
1994-06-21 00:00:00-04:00,0.9567193763503611,0.9567193763503611,0.9261857792327963,0.9312747120857239,29700,0.0,0.0
1994-06-22 00:00:00-04:00,0.9261857942981614,0.9312747272338656,0.9109189954910488,0.9210968613624573,22000,0.0,0.0
1994-06-23 00:00:00-04:00,0.9058301879300011,0.9210969888501698,0.9058301879300011,0.9160080552101135,15300,0.0,0.0
1994-06-24 00:00:00-04:00,0.9160080552101135,0.9210969888501698,0.9058301879300011,0.9160080552101135,9900,0.0,0.0
1994-06-27 00:00:00-04:00,0.9160077842799099,0.9160077842799099,0.8956520557403564,0.8956520557403564,12400,0.0,0.0
1994-06-28 00:00:00-04:00,0.8956524311811074,0.9007413654491819,0.8854745626449585,0.8854745626449585,11200,0.0,0.0
1994-06-29 00:00:00-04:00,0.8803856283768839,0.8854745626449585,0.8752966941088095,0.8854745626449585,9500,0.0,0.0
1994-06-30 00:00:00-04:00,0.8854742259310002,0.8854742259310002,0.8702074289321899,0.8702074289321899,11400,0.0,0.0
1994-07-01 00:00:00-04:00,0.8752962565154172,0.9058298468589783,0.8651183930675636,0.9058298468589783,22300,0.0,0.0
1994-07-05 00:00:00-04:00,0.8854745626449585,0.8956524311811074,0.8854745626449585,0.8854745626449585,16400,0.0,0.0
1994-07-06 00:00:00-04:00,0.8905632637482321,0.9210968613624572,0.8905632637482321,0.9210968613624573,14900,0.0,0.0
1994-07-07 00:00:00-04:00,0.910918857416381,0.941452450402405,0.910918857416381,0.9363635182380676,53400,0.0,0.0
1994-07-08 00:00:00-04:00,0.9363641333072743,0.9668977463499028,0.9261862622930648,0.9567198753356934,59000,0.0,0.0
1994-07-11 00:00:00-04:00,0.9567193686962128,0.9770750999450684,0.946541503071785,0.9770750999450684,145700,0.0,0.0
1994-07-12 00:00:00-04:00,0.9719861821124428,0.9719861821124428,0.9516304505498786,0.9668972492218018,28500,0.0,0.0
1994-07-13 00:00:00-04:00,0.9777823090553284,0.9881292117966546,0.9674354063140022,0.9777823090553284,22000,0.388,0.0
1994-07-14 00:00:00-04:00,0.9726088576846652,0.9829557604259914,0.962261954943339,0.9777823090553284,29500,0.0,0.0
1994-07-15 00:00:00-04:00,0.9777825634109782,0.9829560161274384,0.9622622052615976,0.9674356579780579,20400,0.0,0.0
1994-07-18 00:00:00-04:00,0.9622622052615976,0.9674356579780579,0.9570887525451374,0.9674356579780579,14300,0.0,0.0
1994-07-19 00:00:00-04:00,0.9674356579780579,0.9674356579780579,0.9570887525451374,0.9674356579780579,27100,0.0,0.0
1994-07-20 00:00:00-04:00,0.9674353064388358,0.9674353064388358,0.9622618556022645,0.9622618556022644,11300,0.0,0.0
1994-07-21 00:00:00-04:00,0.9726087572754071,0.9726087572754071,0.9622618556022645,0.9622618556022644,20300,0.0,0.0
1994-07-22 00:00:00-04:00,0.9674353064388358,0.9674353064388358,0.9570884047656931,0.9622618556022644,12600,0.0,0.0
1994-07-25 00:00:00-04:00,0.9570884047656931,0.9726087572754071,0.9570884047656931,0.9622618556022644,14400,0.0,0.0
1994-07-26 00:00:00-04:00,0.9622622563483867,0.9829560683128682,0.9622622563483867,0.9726091623306274,18700,0.0,0.0
1994-07-27 00:00:00-04:00,0.9777822081119785,0.9777822081119785,0.9622618556022645,0.9622618556022644,12700,0.0,0.0
1994-07-28 00:00:00-04:00,0.9622622052615976,0.972609110694518,0.9570887525451374,0.9674356579780579,10700,0.0,0.0
1994-07-29 00:00:00-04:00,0.962261954943339,0.9829557604259914,0.9570885035726759,0.9777823090553284,13500,0.0,0.0
1994-08-01 00:00:00-04:00,0.9829560161274384,0.9829560161274384,0.9570887525451374,0.9674356579780579,24600,0.0,0.0
1994-08-02 00:00:00-04:00,0.9726087331771851,0.9829556345939637,0.9674352824687958,0.9829556345939636,27600,0.0,0.0
1994-08-03 00:00:00-04:00,0.9829556345939637,0.9829556345939637,0.9777821838855744,0.9829556345939636,13600,0.0,0.0
1994-08-04 00:00:00-04:00,0.9777823090553284,0.9829557604259914,0.9726088576846652,0.9777823090553284,22700,0.0,0.0
1994-08-05 00:00:00-04:00,0.9777820925454835,0.9777820925454835,0.9519148414199416,0.95708829164505,18500,0.0,0.0
1994-08-08 00:00:00-04:00,0.9622618556022645,0.9674353064388358,0.9415680522559792,0.9622618556022644,13100,0.0,0.0
1994-08-09 00:00:00-04:00,0.9570884047656931,0.9674353064388358,0.9570884047656931,0.9622618556022644,23500,0.0,0.0
1994-08-10 00:00:00-04:00,0.9519148414199416,0.9622617418701584,0.9467413911948332,0.95708829164505,21400,0.0,0.0
1994-08-11 00:00:00-04:00,0.9519150990706224,0.96226200232139,0.9415681958198548,0.9415681958198547,13800,0.0,0.0
1994-08-12 00:00:00-04:00,0.9415681958198548,0.9519150990706224,0.9415681958198548,0.9415681958198547,19700,0.0,0.0
1994-08-15 00:00:00-04:00,0.9415677740274231,0.946741223335266,0.9363943247195801,0.9467412233352661,35300,0.0,0.0
1994-08-16 00:00:00-04:00,0.9415681232576785,0.9570884769377501,0.9415681232576785,0.9519150257110596,13700,0.0,0.0
1994-08-17 00:00:00-04:00,0.9415677740274231,0.946741223335266,0.9363943247195801,0.9467412233352661,13800,0.0,0.0
1994-08-18 00:00:00-04:00,0.9415681958198548,0.9467416474452386,0.936394744194471,0.9415681958198547,12000,0.0,0.0
1994-08-19 00:00:00-04:00,0.9415685024050717,0.9467419557149896,0.9363950490951537,0.9363950490951538,8200,0.0,0.0
1994-08-22 00:00:00-04:00,0.9363950490951537,0.9415685024050717,0.9363950490951537,0.9363950490951538,15500,0.0,0.0
1994-08-23 00:00:00-04:00,0.9363940987322066,0.9363940987322066,0.9312206506729127,0.9312206506729126,33300,0.0,0.0
1994-08-24 00:00:00-04:00,0.9312207213902878,0.9312207213902878,0.9053534791294464,0.915700376033783,46900,0.0,0.0
1994-08-25 00:00:00-04:00,0.8950070738792419,0.9053539764674413,0.8950070738792419,0.8950070738792419,46000,0.0,0.0
1994-08-26 00:00:00-04:00,0.8950071404146595,0.9053540437720543,0.8898336887359619,0.8898336887359619,25400,0.0,0.0
1994-08-29 00:00:00-04:00,0.8898336225851423,0.8950070738792419,0.8846601712910427,0.8950070738792419,14500,0.0,0.0
1994-08-30 00:00:00-04:00,0.8898336887359619,0.8950071404146595,0.8898336887359619,0.8898336887359619,13200,0.0,0.0
1994-08-31 00:00:00-04:00,0.895007119859968,0.920874377659389,0.895007119859968,0.9053540229797363,34900,0.0,0.0
1994-09-01 00:00:00-04:00,0.9053535502532434,0.9105269991118333,0.9001801013946533,0.9001801013946533,11400,0.0,0.0
1994-09-02 00:00:00-04:00,0.9053539764674413,0.9105274277615409,0.8846601712910427,0.8950070738792419,20000,0.0,0.0
1994-09-06 00:00:00-04:00,0.8898334558944256,0.8898334558944256,0.884660005569458,0.884660005569458,10200,0.0,0.0
1994-09-07 00:00:00-04:00,0.8898336683000837,0.9053540229797363,0.8898336683000837,0.9053540229797363,20500,0.0,0.0
1994-09-08 00:00:00-04:00,0.9053537684879946,0.9208741188049316,0.9053537684879946,0.9208741188049316,24700,0.0,0.0
1994-09-09 00:00:00-04:00,0.9105272719313978,0.9260476231575011,0.9105272719313978,0.9260476231575012,22000,0.0,0.0
1994-09-12 00:00:00-04:00,0.9157009471294492,0.9157009471294492,0.8898336887359619,0.8898336887359619,23600,0.0,0.0
1994-09-13 00:00:00-04:00,0.8898332036774734,0.9053535502532434,0.8898332036774734,0.9001801013946533,15400,0.0,0.0
1994-09-14 00:00:00-04:00,0.8950066525360634,0.9053535502532434,0.8898332036774734,0.9001801013946533,16100,0.0,0.0
1994-09-15 00:00:00-04:00,0.9053535502532434,0.9105269991118333,0.8950066525360634,0.9001801013946533,9200,0.0,0.0
1994-09-16 00:00:00-04:00,0.915700376033783,0.915700376033783,0.9001800306772781,0.915700376033783,27900,0.0,0.0
1994-09-19 00:00:00-04:00,0.9053537198765711,0.9157006195323033,0.9053537198765711,0.9105271697044373,12100,0.0,0.0
1994-09-20 00:00:00-04:00,0.9053537198765711,0.9208740693601695,0.9053537198765711,0.9105271697044373,22200,0.0,0.0
1994-09-21 00:00:00-04:00,0.9053540229797363,0.9105274745396206,0.8898336683000837,0.9053540229797363,19800,0.0,0.0
1994-09-22 00:00:00-04:00,0.8950070738792419,0.8950070738792419,0.8898336225851423,0.8950070738792419,15000,0.0,0.0
1994-09-23 00:00:00-04:00,0.8898334558944256,0.9001803565443608,0.884660005569458,0.884660005569458,26100,0.0,0.0
1994-09-26 00:00:00-04:00,0.8846602370572645,0.8950071404146595,0.8846602370572645,0.8898336887359619,14100,0.0,0.0
1994-09-27 00:00:00-04:00,0.8950069062193932,0.8950069062193932,0.8794865552444904,0.884660005569458,30000,0.0,0.0
1994-09-28 00:00:00-04:00,0.884660005569458,0.8898334558944256,0.884660005569458,0.884660005569458,22300,0.0,0.0
1994-09-29 00:00:00-04:00,0.8794867853785671,0.8898336887359619,0.8794867853785671,0.8898336887359619,19400,0.0,0.0
1994-09-30 00:00:00-04:00,0.8846597548188835,0.9053535502532434,0.8846597548188835,0.9001801013946533,11900,0.0,0.0
1994-10-03 00:00:00-04:00,0.9053540229797363,0.9053540229797363,0.895007119859968,0.9053540229797363,11500,0.0,0.0
1994-10-04 00:00:00-04:00,0.9001805251733417,0.9001805251733417,0.879486719996943,0.8950070738792419,14500,0.0,0.0
1994-10-05 00:00:00-04:00,0.8743133336998696,0.8898336887359619,0.8743133336998696,0.8898336887359619,13500,0.0,0.0
1994-10-06 00:00:00-04:00,0.8846601712910427,0.8950070738792419,0.8846601712910427,0.8950070738792419,16300,0.0,0.0
1994-10-07 00:00:00-04:00,0.8898333703929727,0.9157006195323033,0.8898333703929727,0.9105271697044373,61900,0.0,0.0
1994-10-10 00:00:00-04:00,0.9157006195323033,0.9260475191880355,0.9053537198765711,0.9105271697044373,9300,0.0,0.0
1994-10-11 00:00:00-04:00,0.9105269991118333,0.9157004479704233,0.8950066525360634,0.9001801013946533,23600,0.0,0.0
1994-10-12 00:00:00-04:00,0.8950071404146595,0.9053540437720543,0.8898336887359619,0.8898336887359619,15000,0.0,0.0
1994-10-13 00:00:00-04:00,0.8950071404146595,0.9001805920933569,0.8846602370572645,0.8898336887359619,21100,0.0,0.0
1994-10-14 00:00:00-04:00,0.8790950789338066,0.8843591213226317,0.8685669941561562,0.8843591213226318,24200,0.37,0.0
1994-10-17 00:00:00-04:00,0.879095196723938,0.8843592398180934,0.8685671105356274,0.879095196723938,45600,0.0,0.0
1994-10-18 00:00:00-04:00,0.8685669320893575,0.8790950161146831,0.8685669320893575,0.8738309741020203,15700,0.0,0.0
1994-10-19 00:00:00-04:00,0.8843588135459206,0.8843588135459206,0.8685666918754578,0.8685666918754578,22600,0.0,0.0
1994-10-20 00:00:00-04:00,0.8633026987869548,0.8685667396332166,0.8422465354019071,0.847510576248169,46900,0.0,0.0
1994-10-21 00:00:00-04:00,0.8422467093797601,0.8475107513133835,0.8369826674461366,0.8369826674461365,21700,0.0,0.0
1994-10-24 00:00:00-04:00,0.8422467093797601,0.8422467093797601,0.8369826674461366,0.8369826674461365,41700,0.0,0.0
1994-10-25 00:00:00-04:00,0.8369824323803187,0.8422464728355408,0.8369824323803187,0.8422464728355408,22000,0.0,0.0
1994-10-26 00:00:00-04:00,0.8422467167392099,0.8580388426780701,0.8422467167392099,0.8580388426780701,22000,0.0,0.0
1994-10-27 00:00:00-04:00,0.8527746969426172,0.8948870276558328,0.8527746969426172,0.8896229863166809,81500,0.0,0.0
1994-10-28 00:00:00-04:00,0.8896232829122487,0.894887326006404,0.879095196723938,0.879095196723938,26800,0.0,0.0
1994-10-31 00:00:00-05:00,0.8790953773775219,0.8790953773775219,0.847511112322042,0.8527751564979553,22900,0.0,0.0
1994-11-01 00:00:00-05:00,0.8527751564979553,0.8580392006738686,0.8527751564979553,0.8527751564979553,8700,0.0,0.0
1994-11-02 00:00:00-05:00,0.8475103509135363,0.868566508700208,0.8475103509135363,0.86330246925354,24900,0.0,0.0
1994-11-03 00:00:00-05:00,0.8527751564979553,0.8580392006738686,0.8527751564979553,0.8527751564979553,14700,0.0,0.0
1994-11-04 00:00:00-05:00,0.847511112322042,0.8580392006738686,0.847511112322042,0.8527751564979553,12900,0.0,0.0
1994-11-07 00:00:00-05:00,0.8527751564979553,0.8633032448497819,0.847511112322042,0.8527751564979553,26200,0.0,0.0
1994-11-08 00:00:00-05:00,0.8580386579406929,0.8580386579406929,0.847510576248169,0.847510576248169,18300,0.0,0.0
1994-11-09 00:00:00-05:00,0.8475107513133835,0.852774793247007,0.8369826674461366,0.8369826674461365,30600,0.0,0.0
1994-11-10 00:00:00-05:00,0.836982241102085,0.836982241102085,0.8264541625976562,0.8264541625976562,33000,0.0,0.0
1994-11-11 00:00:00-05:00,0.831718378342115,0.831718378342115,0.8211902976036072,0.8211902976036072,22500,0.0,0.0
1994-11-14 00:00:00-05:00,0.8211903510155616,0.8211903510155616,0.8106622695922852,0.8106622695922852,29700,0.0,0.0
1994-11-15 00:00:00-05:00,0.8106625048737777,0.8106625048737777,0.7948703781554572,0.8001344203948975,39700,0.0,0.0
1994-11-16 00:00:00-05:00,0.7948703781554572,0.8053984626343376,0.7948703781554572,0.8001344203948975,44100,0.0,0.0
1994-11-17 00:00:00-05:00,0.8001340666627572,0.8106621464872672,0.8001340666627572,0.8053981065750122,28500,0.0,0.0
1994-11-18 00:00:00-05:00,0.8053984626343376,0.8053984626343376,0.7896063359160171,0.8001344203948975,29700,0.0,0.0
1994-11-21 00:00:00-05:00,0.8106622695922852,0.8211903510155616,0.8001341881690087,0.8106622695922852,44900,0.0,0.0
1994-11-22 00:00:00-05:00,0.8106621464872672,0.8106621464872672,0.8001340666627572,0.8053981065750122,31100,0.0,0.0
1994-11-23 00:00:00-05:00,0.8053982288806469,0.8159263103039234,0.8053982288806469,0.8106622695922852,30000,0.0,0.0
1994-11-25 00:00:00-05:00,0.8106622134485553,0.8159262537956238,0.8001341327544182,0.8159262537956238,10000,0.0,0.0
1994-11-28 00:00:00-05:00,0.8053981065750122,0.8106621464872672,0.8001340666627572,0.8053981065750122,34800,0.0,0.0
1994-11-29 00:00:00-05:00,0.8001344203948973,0.8106625048737777,0.7948703781554572,0.8001344203948975,35800,0.0,0.0
1994-11-30 00:00:00-05:00,0.7948703781554572,0.8001344203948973,0.7896063359160171,0.8001344203948975,48100,0.0,0.0
1994-12-01 00:00:00-05:00,0.7948704337913718,0.7948704337913718,0.7738142633598122,0.784342348575592,98200,0.0,0.0
1994-12-02 00:00:00-05:00,0.7790783059677021,0.7843423485755919,0.7685502207519224,0.784342348575592,109100,0.0,0.0
1994-12-05 00:00:00-05:00,0.7738140225410461,0.7843421044803801,0.7685499815713792,0.7738140225410461,86700,0.0,0.0
1994-12-06 00:00:00-05:00,0.7685505168305503,0.773814561466376,0.7580224275588989,0.7580224275588989,86000,0.0,0.0
1994-12-07 00:00:00-05:00,0.7685499699799331,0.7685499699799331,0.7527578473091125,0.7527578473091125,56800,0.0,0.0
1994-12-08 00:00:00-05:00,0.7474937944961109,0.7580218761087322,0.7211735904645576,0.731701672077179,54800,0.0,0.0
1994-12-09 00:00:00-05:00,0.7264376312708684,0.7422297536898003,0.7264376312708684,0.731701672077179,51100,0.0,0.0
1994-12-12 00:00:00-05:00,0.7317016532546595,0.7369656939255564,0.6948533685583818,0.7001174092292786,40100,0.0,0.0
1994-12-13 00:00:00-05:00,0.7001174605809726,0.7159095837519719,0.6843253374099731,0.6843253374099731,89900,0.0,0.0
1994-12-14 00:00:00-05:00,0.6737972552959736,0.6948534195239727,0.663269173181974,0.6843253374099731,77900,0.0,0.0
1994-12-15 00:00:00-05:00,0.6843254547710567,0.6843254547710567,0.6737973708515019,0.6790614128112793,58200,0.0,0.0
1994-12-16 00:00:00-05:00,0.6737972708309398,0.7211736414362402,0.6632691884742064,0.7159096002578735,107500,0.0,0.0
1994-12-19 00:00:00-05:00,0.7159099578857422,0.7159099578857422,0.6895897388458252,0.6895897388458252,46500,0.0,0.0
1994-12-20 00:00:00-05:00,0.6895896205396363,0.694853663444519,0.6737974918249882,0.694853663444519,56700,0.0,0.0
1994-12-21 00:00:00-05:00,0.6843253374099731,0.6948534195239727,0.6737972552959736,0.6843253374099731,52300,0.0,0.0
1994-12-22 00:00:00-05:00,0.6843254547710567,0.689589496730834,0.6685333288917246,0.6790614128112793,67300,0.0,0.0
1994-12-23 00:00:00-05:00,0.6843254547710567,0.689589496730834,0.6737973708515019,0.6790614128112793,34700,0.0,0.0
1994-12-27 00:00:00-05:00,0.6737973708515019,0.6843254547710567,0.6737973708515019,0.6790614128112793,49000,0.0,0.0
1994-12-28 00:00:00-05:00,0.6737973708515019,0.6790614128112793,0.6685333288917246,0.6790614128112793,65500,0.0,0.0
1994-12-29 00:00:00-05:00,0.6737973093986511,0.684325392358005,0.6632692264392972,0.6737973093986511,97300,0.0,0.0
1994-12-30 00:00:00-05:00,0.6737972708309398,0.726437682614607,0.6737972708309398,0.7159096002578735,146400,0.0,0.0
1995-01-03 00:00:00-05:00,0.7264379262924194,0.7317019692365675,0.7159098404041235,0.7264379262924194,50900,0.0,0.0
1995-01-04 00:00:00-05:00,0.72643763422966,0.7422297567129135,0.72643763422966,0.7369657158851624,111500,0.0,0.0
1995-01-05 00:00:00-05:00,0.7422299981117249,0.7527580831913239,0.7369659555719255,0.7422299981117249,74500,0.0,0.0
1995-01-06 00:00:00-05:00,0.7422297567129135,0.7422297567129135,0.7317016750574111,0.7369657158851624,21900,0.0,0.0
1995-01-09 00:00:00-05:00,0.7422300551248634,0.7422300551248634,0.7211738833482715,0.7264379262924194,35000,0.0,0.0
1995-01-10 00:00:00-05:00,0.7317017237929736,0.7317017237929736,0.7053815179011401,0.7159096002578735,28100,0.0,0.0
1995-01-11 00:00:00-05:00,0.7159096002578735,0.7211736414362402,0.7053815179011401,0.7159096002578735,20100,0.0,0.0
1995-01-12 00:00:00-05:00,0.7106453776359558,0.7159094174702962,0.6895892182985942,0.7106453776359558,77200,0.0,0.0
1995-01-13 00:00:00-05:00,0.7154655511562641,0.7154655511562641,0.6831889097507183,0.6993272304534912,42900,0.362,0.0
1995-01-16 00:00:00-05:00,0.7100861109220065,0.7100861109220065,0.6993272304534912,0.6993272304534912,22300,0.0,0.0
1995-01-17 00:00:00-05:00,0.6993271668154494,0.7154654860496521,0.6939477270707152,0.7154654860496521,49000,0.0,0.0
1995-01-18 00:00:00-05:00,0.7154654204845429,0.7531214952468873,0.7154654204845429,0.7531214952468872,37400,0.0,0.0
1995-01-19 00:00:00-05:00,0.7531214373953202,0.7531214373953202,0.7316036820411682,0.7316036820411682,171300,0.0,0.0
1995-01-20 00:00:00-05:00,0.7369834750458814,0.7477423578932665,0.7316040336221888,0.742362916469574,13300,0.0,0.0
1995-01-23 00:00:00-05:00,0.7423626767645637,0.7531215561379632,0.736983237077864,0.7477421164512634,20100,0.0,0.0
1995-01-24 00:00:00-05:00,0.7638803737504142,0.7692598130021777,0.7477420559951238,0.7531214952468872,36900,0.0,0.0
1995-01-25 00:00:00-05:00,0.7477424627458545,0.7638807892799377,0.7477424627458545,0.7638807892799377,27200,0.0,0.0
1995-01-26 00:00:00-05:00,0.7638807892799377,0.7746396736359932,0.75850134710191,0.7638807892799377,27600,0.0,0.0
1995-01-27 00:00:00-05:00,0.7585009958246629,0.7692598751980624,0.7423626767645637,0.7477421164512634,40000,0.0,0.0
1995-01-30 00:00:00-05:00,0.742362916469574,0.7477423578932665,0.742362916469574,0.742362916469574,6500,0.0,0.0
1995-01-31 00:00:00-05:00,0.7369834662329221,0.7585012316703796,0.7369834662329221,0.7585012316703796,36000,0.0,0.0
1995-02-01 00:00:00-05:00,0.7585012316703796,0.7585012316703796,0.7477423489516508,0.7585012316703796,15700,0.0,0.0
1995-02-02 00:00:00-05:00,0.7585009958246629,0.7585009958246629,0.7423626767645637,0.7477421164512634,20500,0.0,0.0
1995-02-03 00:00:00-05:00,0.7477420559951238,0.7585009344986507,0.7369831774915968,0.7531214952468872,34800,0.0,0.0
1995-02-06 00:00:00-05:00,0.7477423489516508,0.7585012316703796,0.7477423489516508,0.7585012316703796,16500,0.0,0.0
1995-02-07 00:00:00-05:00,0.7531217903110152,0.763880673029744,0.7477423489516508,0.7585012316703796,26300,0.0,0.0
1995-02-08 00:00:00-05:00,0.7531214952468873,0.7585009344986507,0.7531214952468873,0.7531214952468872,8100,0.0,0.0
1995-02-09 00:00:00-05:00,0.7585009958246629,0.7585009958246629,0.7423626767645637,0.7477421164512634,18600,0.0,0.0
1995-02-10 00:00:00-05:00,0.7477421164512634,0.7477421164512634,0.736983237077864,0.7477421164512634,21500,0.0,0.0
1995-02-13 00:00:00-05:00,0.7477421245180574,0.7477421245180574,0.7154654860496521,0.7154654860496521,31400,0.0,0.0
1995-02-14 00:00:00-05:00,0.7208449788337207,0.7423627393959212,0.7100860985526203,0.7369832992553711,33400,0.0,0.0
1995-02-15 00:00:00-05:00,0.742362916469574,0.742362916469574,0.7369834750458814,0.742362916469574,14700,0.0,0.0
1995-02-16 00:00:00-05:00,0.742362916469574,0.742362916469574,0.7316040336221888,0.742362916469574,18300,0.0,0.0
1995-02-17 00:00:00-05:00,0.7369834750458814,0.742362916469574,0.7316040336221888,0.742362916469574,11800,0.0,0.0
1995-02-21 00:00:00-05:00,0.7369834750458814,0.7477423578932665,0.7316040336221888,0.742362916469574,19700,0.0,0.0
1995-02-22 00:00:00-05:00,0.7423627393959212,0.7477421795364714,0.731603859114821,0.7369832992553711,15800,0.0,0.0
1995-02-23 00:00:00-05:00,0.7423624992370605,0.7477419376373291,0.7262241840362549,0.7262241840362549,43300,0.0,0.0
1995-02-24 00:00:00-05:00,0.7316036224365234,0.7316036224365234,0.7208447456359863,0.7262241840362549,23600,0.0,0.0
1995-02-27 00:00:00-05:00,0.7208452224731445,0.7262246644318994,0.710086338555635,0.7208452224731445,28300,0.0,0.0
1995-02-28 00:00:00-05:00,0.7316038052838548,0.7316038052838548,0.7100860463049179,0.7154654860496521,22100,0.0,0.0
1995-03-01 00:00:00-05:00,0.7208449257943863,0.7262243655391205,0.7154654860496521,0.7154654860496521,20900,0.0,0.0
1995-03-02 00:00:00-05:00,0.7154654860496521,0.7208449257943863,0.7100860463049179,0.7154654860496521,9600,0.0,0.0
1995-03-03 00:00:00-05:00,0.7154657805143898,0.7208452224731445,0.7154657805143898,0.7208452224731445,15400,0.0,0.0
1995-03-06 00:00:00-05:00,0.7154657805143898,0.7208452224731445,0.710086338555635,0.7208452224731445,21500,0.0,0.0
1995-03-07 00:00:00-05:00,0.7262242432026302,0.7369831208797062,0.7154653655255542,0.7316036820411682,26300,0.0,0.0
1995-03-08 00:00:00-05:00,0.731603859114821,0.7369832992553711,0.7208449788337207,0.7369832992553711,22400,0.0,0.0
1995-03-09 00:00:00-05:00,0.736983060836792,0.736983060836792,0.7262241840362549,0.7262241840362549,18000,0.0,0.0
1995-03-10 00:00:00-05:00,0.7316041063906542,0.7316041063906542,0.7208452224731445,0.7208452224731445,17000,0.0,0.0
1995-03-13 00:00:00-05:00,0.7262241840362549,0.7423624992370605,0.7262241840362549,0.7262241840362549,14100,0.0,0.0
1995-03-14 00:00:00-05:00,0.7208449788337207,0.7369832992553711,0.7208449788337207,0.7369832992553711,17100,0.0,0.0
1995-03-15 00:00:00-05:00,0.7369834750458814,0.742362916469574,0.7262245921984962,0.742362916469574,36700,0.0,0.0
1995-03-16 00:00:00-05:00,0.7423625597182442,0.7423625597182442,0.7316036820411682,0.7316036820411682,26900,0.0,0.0
1995-03-17 00:00:00-05:00,0.7369832992553711,0.7369832992553711,0.731603859114821,0.7369832992553711,21000,0.0,0.0
1995-03-20 00:00:00-05:00,0.7316036224365234,0.736983060836792,0.7262241840362549,0.7262241840362549,24300,0.0,0.0
1995-03-21 00:00:00-05:00,0.731603859114821,0.7423627393959212,0.7262244189742708,0.7369832992553711,24200,0.0,0.0
1995-03-22 00:00:00-05:00,0.7316037973911642,0.7477421164512634,0.7316037973911642,0.7477421164512634,35500,0.0,0.0
1995-03-23 00:00:00-05:00,0.7423624992370605,0.7477419376373291,0.7208447456359863,0.7262241840362549,34400,0.0,0.0
1995-03-24 00:00:00-05:00,0.7369831208797062,0.7531214373953202,0.7316036820411682,0.7316036820411682,44800,0.0,0.0
1995-03-27 00:00:00-05:00,0.7316040336221888,0.7477423578932665,0.7316040336221888,0.742362916469574,24900,0.0,0.0
1995-03-28 00:00:00-05:00,0.7477423578932665,0.7531217993169591,0.742362916469574,0.742362916469574,34700,0.0,0.0
1995-03-29 00:00:00-05:00,0.7477419985567823,0.7477419985567823,0.7262242432026302,0.7316036820411682,37100,0.0,0.0
1995-03-30 00:00:00-05:00,0.7316036820411682,0.7423625597182442,0.7262242432026302,0.7316036820411682,25700,0.0,0.0
1995-03-31 00:00:00-05:00,0.7316036820411682,0.7369831208797062,0.7262242432026302,0.7316036820411682,43200,0.0,0.0
1995-04-03 00:00:00-04:00,0.736983060836792,0.7423624992370605,0.7262241840362549,0.7262241840362549,21600,0.0,0.0
1995-04-04 00:00:00-04:00,0.7262242432026302,0.7423625597182442,0.7208448043640922,0.7316036820411682,29000,0.0,0.0
1995-04-05 00:00:00-04:00,0.7316040336221888,0.7477423578932665,0.7316040336221888,0.742362916469574,43400,0.0,0.0
1995-04-06 00:00:00-04:00,0.7369834662329221,0.763880673029744,0.7369834662329221,0.7585012316703796,48300,0.0,0.0
1995-04-07 00:00:00-04:00,0.7638804999581219,0.7638804999581219,0.7369832992553711,0.7369832992553711,50700,0.0,0.0
1995-04-10 00:00:00-04:00,0.7262244189742708,0.7477421795364714,0.7262244189742708,0.7369832992553711,49800,0.0,0.0
1995-04-11 00:00:00-04:00,0.7369832992553711,0.7477421795364714,0.7369832992553711,0.7369832992553711,33400,0.0,0.0
1995-04-12 00:00:00-04:00,0.7369834750458814,0.7477423578932665,0.7369834750458814,0.742362916469574,46700,0.0,0.0
1995-04-13 00:00:00-04:00,0.7423625597182442,0.7423625597182442,0.7316036820411682,0.7316036820411682,36700,0.0,0.0
1995-04-17 00:00:00-04:00,0.7217744109325839,0.7438133242435025,0.7217744109325839,0.7327938675880432,33200,0.402,0.0
1995-04-18 00:00:00-04:00,0.7383040107843529,0.7438137422081168,0.7217748165130615,0.7217748165130615,38000,0.0,0.0
1995-04-19 00:00:00-04:00,0.7217744109325839,0.7493230525712322,0.7217744109325839,0.7327938675880432,33400,0.0,0.0
1995-04-20 00:00:00-04:00,0.7383039135863815,0.7603428363800049,0.7383039135863815,0.7603428363800049,40300,0.0,0.0
1995-04-21 00:00:00-04:00,0.7603424255796474,0.7713618810228307,0.7603424255796474,0.765852153301239,37600,0.0,0.0
1995-04-24 00:00:00-04:00,0.7713623179329766,0.7989109721448686,0.7658525870905981,0.7934012413024902,88100,0.0,0.0
1995-04-25 00:00:00-04:00,0.7934010670102877,0.7989107966423035,0.7878913373782718,0.7989107966423035,68400,0.0,0.0
1995-04-26 00:00:00-04:00,0.8044201731681824,0.809929900381663,0.7934007187412209,0.8044201731681824,62400,0.0,0.0
1995-04-27 00:00:00-04:00,0.8044206024016309,0.8264595230153743,0.7989108722481951,0.8209497928619385,64000,0.0,0.0
1995-04-28 00:00:00-04:00,0.8319692531688101,0.8319692531688101,0.8099303325550667,0.8209497928619385,29300,0.0,0.0
1995-05-01 00:00:00-04:00,0.8264595936787755,0.8374790549278259,0.8209498630542503,0.8374790549278259,89100,0.0,0.0
1995-05-02 00:00:00-04:00,0.8374785713802111,0.8374785713802111,0.8264591164936294,0.8319688439369202,49700,0.0,0.0
1995-05-03 00:00:00-04:00,0.8264595230153743,0.8374789833222459,0.8209497928619384,0.8209497928619385,52900,0.0,0.0
1995-05-04 00:00:00-04:00,0.8319692531688101,0.8319692531688101,0.8154400627085026,0.8209497928619385,34100,0.0,0.0
1995-05-05 00:00:00-04:00,0.8264591164936294,0.8319688439369202,0.8209493890503384,0.8319688439369202,19400,0.0,0.0
1995-05-08 00:00:00-04:00,0.8264595936787755,0.8374790549278259,0.8264595936787755,0.8374790549278259,17400,0.0,0.0
1995-05-09 00:00:00-04:00,0.8374784282735876,0.8374784282735876,0.8099297957645881,0.8154395222663879,21000,0.0,0.0
1995-05-10 00:00:00-04:00,0.8264589752699878,0.8264589752699878,0.8099297957645881,0.8154395222663879,31700,0.0,0.0
1995-05-11 00:00:00-04:00,0.8154396275951438,0.8209493548086244,0.8044201731681824,0.8044201731681824,19500,0.0,0.0
1995-05-12 00:00:00-04:00,0.8044201731681824,0.809929900381663,0.8044201731681824,0.8044201731681824,21600,0.0,0.0
1995-05-15 00:00:00-04:00,0.8099300861358643,0.8209495430900937,0.8044203576587495,0.8099300861358643,28900,0.0,0.0
1995-05-16 00:00:00-04:00,0.815439814612979,0.8209495430900937,0.8044203576587495,0.8099300861358643,72100,0.0,0.0
1995-05-17 00:00:00-04:00,0.8099300861358643,0.815439814612979,0.7989106291816348,0.8099300861358643,26200,0.0,0.0
1995-05-18 00:00:00-04:00,0.8099302559063353,0.8099302559063353,0.7989107966423035,0.7989107966423035,21900,0.0,0.0
1995-05-19 00:00:00-04:00,0.7934007187412209,0.8044201731681824,0.7934007187412209,0.8044201731681824,17000,0.0,0.0
1995-05-22 00:00:00-04:00,0.8099304338296254,0.8099304338296254,0.7878915104601117,0.7934012413024902,22400,0.0,0.0
1995-05-23 00:00:00-04:00,0.7934006162591883,0.8154395222663879,0.7934006162591883,0.8154395222663879,27400,0.0,0.0
1995-05-24 00:00:00-04:00,0.8099302559063353,0.8099302559063353,0.7989107966423035,0.7989107966423035,15900,0.0,0.0
1995-05-25 00:00:00-04:00,0.8044203576587495,0.815439814612979,0.7989106291816348,0.8099300861358643,29500,0.0,0.0
1995-05-26 00:00:00-04:00,0.8154396275951438,0.8154396275951438,0.8044201731681824,0.8044201731681824,19700,0.0,0.0
1995-05-30 00:00:00-04:00,0.8154395222663879,0.8209492487681879,0.8099297957645881,0.8154395222663879,21700,0.0,0.0
1995-05-31 00:00:00-04:00,0.8154400627085026,0.8209497928619384,0.8154400627085026,0.8209497928619385,18100,0.0,0.0
1995-06-01 00:00:00-04:00,0.8209493548086244,0.8209493548086244,0.7989104459547016,0.8044201731681824,65400,0.0,0.0
1995-06-02 00:00:00-04:00,0.8044205262743194,0.8044205262743194,0.7934010670102877,0.7989107966423035,27200,0.0,0.0
1995-06-05 00:00:00-04:00,0.7934007187412209,0.8044201731681824,0.7878909915277402,0.8044201731681824,26100,0.0,0.0
1995-06-06 00:00:00-04:00,0.8044205262743194,0.8044205262743194,0.7934010670102877,0.7989107966423035,23100,0.0,0.0
1995-06-07 00:00:00-04:00,0.7934012413024902,0.7989109721448686,0.7934012413024902,0.7934012413024902,11900,0.0,0.0
1995-06-08 00:00:00-04:00,0.7934010670102877,0.8044205262743194,0.7934010670102877,0.7989107966423035,12700,0.0,0.0
1995-06-09 00:00:00-04:00,0.7934010670102877,0.7989107966423035,0.7934010670102877,0.7989107966423035,19000,0.0,0.0
1995-06-12 00:00:00-04:00,0.7934010670102877,0.7989107966423035,0.7878913373782718,0.7989107966423035,18000,0.0,0.0
1995-06-13 00:00:00-04:00,0.7878913373782718,0.8044205262743194,0.7878913373782718,0.7989107966423035,22300,0.0,0.0
1995-06-14 00:00:00-04:00,0.7934012413024902,0.7989109721448686,0.7878915104601117,0.7934012413024902,12800,0.0,0.0
1995-06-15 00:00:00-04:00,0.7878913283348083,0.7934010579035833,0.7878913283348083,0.7878913283348083,20200,0.0,0.0
1995-06-16 00:00:00-04:00,0.7934010579035833,0.7934010579035833,0.7878913283348083,0.7878913283348083,16500,0.0,0.0
1995-06-19 00:00:00-04:00,0.7878916238395262,0.7934013554747675,0.7823818922042847,0.7823818922042847,30400,0.0,0.0
1995-06-20 00:00:00-04:00,0.776872048775355,0.7989109721448686,0.776872048775355,0.7934012413024902,22100,0.0,0.0
1995-06-21 00:00:00-04:00,0.7878910641876056,0.7878910641876056,0.765852153301239,0.765852153301239,46500,0.0,0.0
1995-06-22 00:00:00-04:00,0.7603424255796474,0.7713618810228307,0.7603424255796474,0.765852153301239,24800,0.0,0.0
1995-06-23 00:00:00-04:00,0.7658522611986981,0.7658522611986981,0.7438133472073687,0.7548328042030334,40400,0.0,0.0
1995-06-26 00:00:00-04:00,0.7493228841710974,0.7548326112605908,0.7383034299921106,0.743813157081604,17200,0.0,0.0
1995-06-27 00:00:00-04:00,0.7438132824266658,0.765852194498567,0.7383035544086904,0.7493230104446411,34900,0.0,0.0
1995-06-28 00:00:00-04:00,0.7548326112605908,0.7603423383500841,0.743813157081604,0.743813157081604,31600,0.0,0.0
1995-06-29 00:00:00-04:00,0.7493228841710974,0.7603423383500841,0.743813157081604,0.743813157081604,29600,0.0,0.0
1995-06-30 00:00:00-04:00,0.7493230104446411,0.7603424664805917,0.7438132824266658,0.7493230104446411,24900,0.0,0.0
1995-07-03 00:00:00-04:00,0.7548328042030334,0.7548328042030334,0.7493230757052011,0.7548328042030334,6500,0.0,0.0
1995-07-05 00:00:00-04:00,0.7493230757052011,0.7548328042030334,0.7438133472073687,0.7548328042030334,27100,0.0,0.0
1995-07-06 00:00:00-04:00,0.7493228841710974,0.7548326112605908,0.743813157081604,0.743813157081604,38400,0.0,0.0
1995-07-07 00:00:00-04:00,0.7438132824266658,0.7548327384626163,0.7383035544086904,0.7493230104446411,37400,0.0,0.0
1995-07-10 00:00:00-04:00,0.7438132824266658,0.7548327384626163,0.7438132824266658,0.7493230104446411,22300,0.0,0.0
1995-07-11 00:00:00-04:00,0.7548326112605908,0.7548326112605908,0.743813157081604,0.743813157081604,34600,0.0,0.0
1995-07-12 00:00:00-04:00,0.7493228841710974,0.7493228841710974,0.743813157081604,0.743813157081604,46500,0.0,0.0
1995-07-13 00:00:00-04:00,0.7493230104446411,0.7493230104446411,0.7438132824266658,0.7493230104446411,49600,0.0,0.0
1995-07-14 00:00:00-04:00,0.743813157081604,0.7493228841710974,0.7383034299921106,0.743813157081604,29600,0.0,0.0
1995-07-17 00:00:00-04:00,0.7438136303602759,0.7438136303602759,0.7327941691697533,0.7383038997650146,29200,0.0,0.0
1995-07-18 00:00:00-04:00,0.7438136303602759,0.7438136303602759,0.7327941691697533,0.7383038997650146,18100,0.0,0.0
1995-07-19 00:00:00-04:00,0.7383034299921106,0.743813157081604,0.7327937029026172,0.743813157081604,26600,0.0,0.0
1995-07-20 00:00:00-04:00,0.735664681384438,0.7583005177347284,0.7300057222968654,0.7526415586471558,33300,0.445,0.0
1995-07-21 00:00:00-04:00,0.7583005177347284,0.7583005177347284,0.7469825995595832,0.7526415586471558,34200,0.0,0.0
1995-07-24 00:00:00-04:00,0.7469824288637583,0.7526413866581807,0.7413234710693359,0.7413234710693359,46600,0.0,0.0
1995-07-25 00:00:00-04:00,0.7413234710693359,0.7526413866581807,0.7413234710693359,0.7413234710693359,34500,0.0,0.0
1995-07-26 00:00:00-04:00,0.7469825995595832,0.7526415586471558,0.7469825995595832,0.7526415586471558,43700,0.0,0.0
1995-07-27 00:00:00-04:00,0.7469823360443115,0.7526412931355563,0.735664421861822,0.7469823360443115,30400,0.0,0.0
1995-07-28 00:00:00-04:00,0.7469825995595832,0.7526415586471558,0.7413236404720106,0.7526415586471558,24200,0.0,0.0
1995-07-31 00:00:00-04:00,0.7583004236221313,0.7583004236221313,0.7469825068516517,0.7583004236221313,35600,0.0,0.0
1995-08-01 00:00:00-04:00,0.763959476822301,0.763959476822301,0.7469825995595832,0.7526415586471558,38800,0.0,0.0
1995-08-02 00:00:00-04:00,0.7583005177347284,0.7583005177347284,0.7526415586471558,0.7526415586471558,21600,0.0,0.0
1995-08-03 00:00:00-04:00,0.7526414652368915,0.7583004236221313,0.7526414652368915,0.7583004236221313,14000,0.0,0.0
1995-08-04 00:00:00-04:00,0.7583004236221313,0.7639593820073711,0.7526414652368915,0.7583004236221313,17400,0.0,0.0
1995-08-07 00:00:00-04:00,0.7583004236221313,0.7639593820073711,0.7583004236221313,0.7583004236221313,34000,0.0,0.0
1995-08-08 00:00:00-04:00,0.7639593820073711,0.7639593820073711,0.7526414652368915,0.7583004236221313,31500,0.0,0.0
1995-08-09 00:00:00-04:00,0.7696181644092907,0.7696181644092907,0.7469823360443115,0.7469823360443115,52100,0.0,0.0
1995-08-10 00:00:00-04:00,0.7526415586471558,0.7583005177347284,0.7469825995595832,0.7526415586471558,30000,0.0,0.0
1995-08-11 00:00:00-04:00,0.7526414652368915,0.7583004236221313,0.7469825068516517,0.7583004236221313,31400,0.0,0.0
1995-08-14 00:00:00-04:00,0.7526412557672572,0.7639591693878174,0.7526412557672572,0.7639591693878174,41100,0.0,0.0
1995-08-15 00:00:00-04:00,0.7639594923923997,0.7696184515953064,0.7583005331894931,0.7696184515953064,49800,0.0,0.0
1995-08-16 00:00:00-04:00,0.763959476822301,0.763959476822301,0.7526415586471558,0.7526415586471558,70700,0.0,0.0
1995-08-17 00:00:00-04:00,0.7526415586471558,0.7583005177347284,0.7469825995595832,0.7526415586471558,84800,0.0,0.0
1995-08-18 00:00:00-04:00,0.7526414652368915,0.7583004236221313,0.7526414652368915,0.7583004236221313,60500,0.0,0.0
1995-08-21 00:00:00-04:00,0.7526413866581807,0.7583003444526032,0.7413234710693359,0.7413234710693359,115400,0.0,0.0
1995-08-22 00:00:00-04:00,0.7413233844133523,0.752641298679205,0.7300054701474996,0.735664427280426,115300,0.0,0.0
1995-08-23 00:00:00-04:00,0.7356645882598997,0.7356645882598997,0.7186877131462097,0.7186877131462097,90600,0.0,0.0
1995-08-24 00:00:00-04:00,0.7186878041217202,0.7526415586471558,0.7186878041217202,0.7526415586471558,40600,0.0,0.0
1995-08-25 00:00:00-04:00,0.7583002558121315,0.7583002558121315,0.7300054701474996,0.735664427280426,46200,0.0,0.0
1995-08-28 00:00:00-04:00,0.7356645882598997,0.7413235466311296,0.7186877131462097,0.7186877131462097,55900,0.0,0.0
1995-08-29 00:00:00-04:00,0.71868756134063,0.7243465185165405,0.7073696469888091,0.7243465185165405,89900,0.0,0.0
1995-08-30 00:00:00-04:00,0.7186877131462097,0.7186877131462097,0.7130287547749797,0.7186877131462097,33900,0.0,0.0
1995-08-31 00:00:00-04:00,0.7186873867398217,0.7243463425409227,0.7130284309387207,0.7130284309387207,55300,0.0,0.0
1995-09-01 00:00:00-04:00,0.7186877131462097,0.7186877131462097,0.7130287547749797,0.7186877131462097,48400,0.0,0.0
1995-09-05 00:00:00-04:00,0.71868756134063,0.7243465185165405,0.7130286041647196,0.7243465185165405,45300,0.0,0.0
1995-09-06 00:00:00-04:00,0.7243465185165405,0.730005475692451,0.71868756134063,0.7243465185165405,32300,0.0,0.0
1995-09-07 00:00:00-04:00,0.7243467818859012,0.7413236595863519,0.7243467818859012,0.7300057411193848,26700,0.0,0.0
1995-09-08 00:00:00-04:00,0.7300054701474996,0.7413233844133523,0.7300054701474996,0.735664427280426,41100,0.0,0.0
1995-09-11 00:00:00-04:00,0.7356647003528684,0.7413236595863519,0.7300057411193848,0.7300057411193848,40100,0.0,0.0
1995-09-12 00:00:00-04:00,0.735664427280426,0.7413233844133523,0.7300054701474996,0.735664427280426,30700,0.0,0.0
1995-09-13 00:00:00-04:00,0.7300056316959324,0.7583004236221313,0.7300056316959324,0.7583004236221313,44800,0.0,0.0
1995-09-14 00:00:00-04:00,0.7583005177347284,0.763959476822301,0.7526415586471558,0.7526415586471558,23900,0.0,0.0
1995-09-15 00:00:00-04:00,0.7526415586471558,0.7583005177347284,0.7469825995595832,0.7526415586471558,20600,0.0,0.0
1995-09-18 00:00:00-04:00,0.7469822989569771,0.7639591693878174,0.7469822989569771,0.7639591693878174,32600,0.0,0.0
1995-09-19 00:00:00-04:00,0.7639593022470256,0.7639593022470256,0.7413234710693359,0.7413234710693359,33100,0.0,0.0
1995-09-20 00:00:00-04:00,0.7469826188198356,0.7469826188198356,0.7300057411193848,0.7300057411193848,89100,0.0,0.0
1995-09-21 00:00:00-04:00,0.730005475692451,0.7356644328683615,0.7243465185165405,0.7243465185165405,37400,0.0,0.0
1995-09-22 00:00:00-04:00,0.7243465976860687,0.7413234710693359,0.7186876398916463,0.7413234710693359,27300,0.0,0.0
1995-09-25 00:00:00-04:00,0.730005475692451,0.741323390044272,0.71868756134063,0.7243465185165405,25100,0.0,0.0
1995-09-26 00:00:00-04:00,0.7186877131462097,0.7243466715174397,0.7073697964037498,0.7186877131462097,56300,0.0,0.0
1995-09-27 00:00:00-04:00,0.7130284309387207,0.7186873867398217,0.7073694751376198,0.7130284309387207,24200,0.0,0.0
1995-09-28 00:00:00-04:00,0.7186873867398217,0.7186873867398217,0.7073694751376198,0.7130284309387207,33000,0.0,0.0
1995-09-29 00:00:00-04:00,0.7186875395774841,0.7186875395774841,0.7073696255683899,0.7073696255683899,36600,0.0,0.0
1995-10-02 00:00:00-04:00,0.71868756134063,0.730005475692451,0.7130286041647196,0.7243465185165405,26900,0.0,0.0
1995-10-03 00:00:00-04:00,0.7243466715174397,0.7356645882598997,0.7186877131462097,0.7186877131462097,30700,0.0,0.0
1995-10-04 00:00:00-04:00,0.7243466715174397,0.7300056298886697,0.7186877131462097,0.7186877131462097,18600,0.0,0.0
1995-10-05 00:00:00-04:00,0.71868756134063,0.7243465185165405,0.71868756134063,0.7243465185165405,28200,0.0,0.0
1995-10-06 00:00:00-04:00,0.7186875395774841,0.7243464965820312,0.7017106685638428,0.7073696255683899,69600,0.0,0.0
1995-10-09 00:00:00-04:00,0.7073696308988865,0.7186875449932687,0.6903927597573133,0.6960517168045044,35400,0.0,0.0
1995-10-10 00:00:00-04:00,0.690392737587293,0.690392737587293,0.6677569101254146,0.6790748238563538,65700,0.0,0.0
1995-10-11 00:00:00-04:00,0.679074976624561,0.679074976624561,0.673416018486023,0.673416018486023,53500,0.0,0.0
1995-10-12 00:00:00-04:00,0.6790748238563538,0.6790748238563538,0.6734158669908842,0.6790748238563538,37600,0.0,0.0
1995-10-13 00:00:00-04:00,0.6790748238563538,0.6790748238563538,0.6734158669908842,0.6790748238563538,46200,0.0,0.0
1995-10-16 00:00:00-04:00,0.6790748238563538,0.6847337807218234,0.6734158669908842,0.6790748238563538,30300,0.0,0.0
1995-10-17 00:00:00-04:00,0.6734160697164614,0.6847339868545532,0.6734160697164614,0.6847339868545532,24400,0.0,0.0
1995-10-18 00:00:00-04:00,0.6734158669908842,0.6790748238563538,0.6734158669908842,0.6790748238563538,47600,0.0,0.0
1995-10-19 00:00:00-04:00,0.6744234354599662,0.6860514257265173,0.662795445193415,0.6686094403266907,63700,0.4,0.0
1995-10-20 00:00:00-04:00,0.668609697243263,0.6860516893452612,0.668609697243263,0.6744236946105957,42000,0.0,0.0
1995-10-23 00:00:00-04:00,0.6627954033623754,0.668609398128712,0.6453534190633655,0.6569814085960388,53100,0.0,0.0
1995-10-24 00:00:00-04:00,0.662795708396218,0.662795708396218,0.6279117237437855,0.6395397186279297,96300,0.0,0.0
1995-10-25 00:00:00-04:00,0.6453538458598287,0.6627958416938782,0.6395398472484789,0.6627958416938782,64000,0.0,0.0
1995-10-26 00:00:00-04:00,0.6627958416938782,0.668609840305228,0.6511678444711786,0.6627958416938782,70400,0.0,0.0
1995-10-27 00:00:00-04:00,0.6627956998759303,0.6744236946105957,0.6511677051412649,0.6744236946105957,38100,0.0,0.0
1995-10-30 00:00:00-05:00,0.6627954033623754,0.668609398128712,0.6569814085960388,0.6569814085960388,48400,0.0,0.0
1995-10-31 00:00:00-05:00,0.6569819285401276,0.6686099272753511,0.6453539298049041,0.6511679291725159,42100,0.0,0.0
1995-11-01 00:00:00-05:00,0.6453536152839661,0.6511676118180558,0.6453536152839661,0.6453536152839661,43600,0.0,0.0
1995-11-02 00:00:00-05:00,0.6453538187053226,0.6511678170720372,0.6279118236051787,0.6337258219718933,126900,0.0,0.0
1995-11-03 00:00:00-05:00,0.639539820338608,0.6453538187053226,0.6337258219718933,0.6337258219718933,59700,0.0,0.0
1995-11-06 00:00:00-05:00,0.6337259847808767,0.6395399846412517,0.6220979850601267,0.6279119849205017,60800,0.0,0.0
1995-11-07 00:00:00-05:00,0.633725917683198,0.6395399169279979,0.604655921459198,0.604655921459198,121400,0.0,0.0
1995-11-08 00:00:00-05:00,0.6046557339754971,0.6395397186279297,0.6046557339754971,0.6395397186279297,131100,0.0,0.0
1995-11-09 00:00:00-05:00,0.6395397186279297,0.6395397186279297,0.6162837288596413,0.6395397186279297,60200,0.0,0.0
1995-11-10 00:00:00-05:00,0.6279116256816968,0.6511676118180558,0.6279116256816968,0.6453536152839661,51400,0.0,0.0
1995-11-13 00:00:00-05:00,0.6453534190633655,0.6569814085960388,0.6337254295306923,0.6569814085960388,57300,0.0,0.0
1995-11-14 00:00:00-05:00,0.6511674138297021,0.6627954033623754,0.6511674138297021,0.6569814085960388,41400,0.0,0.0
1995-11-15 00:00:00-05:00,0.6627958416938782,0.6744238389165778,0.6569818430825284,0.6627958416938782,71300,0.0,0.0
1995-11-16 00:00:00-05:00,0.6686095967888832,0.6976795792579651,0.6569816038012505,0.6976795792579651,99200,0.0,0.0
1995-11-17 00:00:00-05:00,0.6976798349175571,0.7151218307904961,0.6860518376689312,0.7034938335418701,79400,0.0,0.0
1995-11-20 00:00:00-05:00,0.7093078321661831,0.7151218307904961,0.6918658362932442,0.7034938335418701,52600,0.0,0.0
1995-11-21 00:00:00-05:00,0.7034937193838217,0.7093077170646797,0.6860517263412476,0.6860517263412476,38300,0.0,0.0
1995-11-22 00:00:00-05:00,0.6802378390446182,0.7034938335418701,0.6802378390446182,0.7034938335418701,46100,0.0,0.0
1995-11-24 00:00:00-05:00,0.7093077357075795,0.7093077357075795,0.6918657422065735,0.6918657422065735,24200,0.0,0.0
1995-11-27 00:00:00-05:00,0.6976798253181653,0.6976798253181653,0.6744238311408932,0.6802378296852112,65000,0.0,0.0
1995-11-28 00:00:00-05:00,0.6802376919779285,0.6860516893452612,0.668609697243263,0.6744236946105957,43800,0.0,0.0
1995-11-29 00:00:00-05:00,0.6744238311408932,0.6860518282295293,0.6744238311408932,0.6802378296852112,42200,0.0,0.0
1995-11-30 00:00:00-05:00,0.6802377465392361,0.6918657422065735,0.6802377465392361,0.6918657422065735,31100,0.0,0.0
1995-12-01 00:00:00-05:00,0.6918655827641488,0.6976795792579651,0.6802375897765159,0.6976795792579651,97600,0.0,0.0
1995-12-04 00:00:00-05:00,0.6918657422065735,0.6976797400402421,0.6918657422065735,0.6918657422065735,44000,0.0,0.0
1995-12-05 00:00:00-05:00,0.6918655624155139,0.7093075513839722,0.6918655624155139,0.7093075513839722,59800,0.0,0.0
1995-12-06 00:00:00-05:00,0.7093075722455978,0.7093075722455978,0.6976795792579651,0.6976795792579651,46600,0.0,0.0
1995-12-07 00:00:00-05:00,0.6976797400402421,0.6976797400402421,0.6802377465392361,0.6918657422065735,76200,0.0,0.0
1995-12-08 00:00:00-05:00,0.6918657422065735,0.6976797400402421,0.6802377465392361,0.6918657422065735,51300,0.0,0.0
1995-12-11 00:00:00-05:00,0.6976797217029637,0.7034937193838217,0.6860517263412476,0.6860517263412476,56000,0.0,0.0
1995-12-12 00:00:00-05:00,0.6918657422065735,0.6976797400402421,0.6860517443729048,0.6918657422065735,60900,0.0,0.0
1995-12-13 00:00:00-05:00,0.6860515862703324,0.7034935757517815,0.6860515862703324,0.6976795792579651,58100,0.0,0.0
1995-12-14 00:00:00-05:00,0.6976797217029637,0.7034937193838217,0.6860517263412476,0.6860517263412476,63300,0.0,0.0
1995-12-15 00:00:00-05:00,0.6918655624155139,0.7093075513839722,0.6860515660926944,0.7093075513839722,68300,0.0,0.0
1995-12-18 00:00:00-05:00,0.6976797400402421,0.7034937378739109,0.6918657422065735,0.6918657422065735,57900,0.0,0.0
1995-12-19 00:00:00-05:00,0.6918657240221056,0.6976797217029637,0.6860517263412476,0.6860517263412476,46800,0.0,0.0
1995-12-20 00:00:00-05:00,0.6860517443729048,0.6918657422065735,0.6802377465392361,0.6918657422065735,50900,0.0,0.0
1995-12-21 00:00:00-05:00,0.6860517263412476,0.6976797217029637,0.6860517263412476,0.6860517263412476,43500,0.0,0.0
1995-12-22 00:00:00-05:00,0.6860515862703324,0.6976795792579651,0.6802375897765159,0.6976795792579651,65300,0.0,0.0
1995-12-26 00:00:00-05:00,0.6976796840799266,0.6976796840799266,0.6744236946105957,0.6744236946105957,33100,0.0,0.0
1995-12-27 00:00:00-05:00,0.6744236946105957,0.6802376919779285,0.6627956998759303,0.6744236946105957,72500,0.0,0.0
1995-12-28 00:00:00-05:00,0.6802376919779285,0.691865686712594,0.6744236946105957,0.6744236946105957,87400,0.0,0.0
1995-12-29 00:00:00-05:00,0.6744236946105957,0.6802376919779285,0.6744236946105957,0.6744236946105957,90500,0.0,0.0
1996-01-02 00:00:00-05:00,0.6802377465392361,0.7093077357075795,0.6802377465392361,0.6918657422065735,30300,0.0,0.0
1996-01-03 00:00:00-05:00,0.6976796150207519,0.7383775925636291,0.6976796150207519,0.72674959897995,49400,0.0,0.0
1996-01-04 00:00:00-05:00,0.7383777499198914,0.7441917479507566,0.7209357558272954,0.7383777499198914,60100,0.0,0.0
1996-01-05 00:00:00-05:00,0.7441917479507566,0.7441917479507566,0.732563751889026,0.7383777499198914,24300,0.0,0.0
1996-01-08 00:00:00-05:00,0.7500055837444961,0.7500055837444961,0.7383775901980698,0.744191586971283,35000,0.0,0.0
1996-01-09 00:00:00-05:00,0.7441914270794581,0.7558194181275746,0.7267494405072833,0.7325634360313416,59000,0.0,0.0
1996-01-10 00:00:00-05:00,0.7441917479507566,0.7500057459816218,0.732563751889026,0.7383777499198914,63800,0.0,0.0
1996-01-11 00:00:00-05:00,0.7500054226035163,0.7500054226035163,0.7325634360313416,0.7325634360313416,20800,0.0,0.0
1996-01-12 00:00:00-05:00,0.7383776147191117,0.7383776147191117,0.7093076298876506,0.7151216268539429,27600,0.0,0.0
1996-01-15 00:00:00-05:00,0.7267494405072833,0.7441914270794581,0.7267494405072833,0.7325634360313416,22800,0.0,0.0
1996-01-16 00:00:00-05:00,0.7218254549849418,0.7456874534968406,0.7218254549849418,0.739721953868866,37400,0.4,0.0
1996-01-17 00:00:00-05:00,0.7456874534968406,0.7456874534968406,0.7218254549849418,0.739721953868866,39000,0.0,0.0
1996-01-18 00:00:00-05:00,0.7337564542408912,0.7456874534968406,0.7218254549849418,0.739721953868866,40400,0.0,0.0
1996-01-19 00:00:00-05:00,0.7397222228166533,0.7456877246135618,0.7218257174259278,0.7337567210197449,25800,0.0,0.0
1996-01-22 00:00:00-05:00,0.7337566316127777,0.7397221326828003,0.7277911305427551,0.7277911305427551,20200,0.0,0.0
1996-01-23 00:00:00-05:00,0.7397221326828003,0.7397221326828003,0.7277911305427551,0.7277911305427551,42800,0.0,0.0
1996-01-24 00:00:00-05:00,0.7277911305427551,0.7337566316127777,0.71586012840271,0.71586012840271,32700,0.0,0.0
1996-01-25 00:00:00-05:00,0.721825897693634,0.7277914009803582,0.7158603944069097,0.721825897693634,27700,0.0,0.0
1996-01-26 00:00:00-05:00,0.71586012840271,0.7218256294727325,0.7098946273326874,0.71586012840271,36800,0.0,0.0
1996-01-29 00:00:00-05:00,0.71586012840271,0.7277911305427551,0.71586012840271,0.71586012840271,16900,0.0,0.0
1996-01-30 00:00:00-05:00,0.7158602156290194,0.7337567210197449,0.7158602156290194,0.7337567210197449,42600,0.0,0.0
1996-01-31 00:00:00-05:00,0.7337567210197449,0.7397222228166533,0.7337567210197449,0.7337567210197449,19600,0.0,0.0
1996-02-01 00:00:00-05:00,0.7337567210197449,0.7397222228166533,0.7337567210197449,0.7337567210197449,21900,0.0,0.0
1996-02-02 00:00:00-05:00,0.7337567210197449,0.7456877246135618,0.7158602156290194,0.7337567210197449,42700,0.0,0.0
1996-02-05 00:00:00-05:00,0.7337564542408912,0.739721953868866,0.7277909546129164,0.739721953868866,22400,0.0,0.0
1996-02-06 00:00:00-05:00,0.7337564542408912,0.7456874534968406,0.7277909546129164,0.739721953868866,29200,0.0,0.0
1996-02-07 00:00:00-05:00,0.7397224075538068,0.7397224075538068,0.7158603944069097,0.721825897693634,40300,0.0,0.0
1996-02-08 00:00:00-05:00,0.71586012840271,0.7218256294727325,0.7098946273326874,0.71586012840271,32100,0.0,0.0
1996-02-09 00:00:00-05:00,0.7218256294727325,0.7218256294727325,0.7098946273326874,0.71586012840271,35400,0.0,0.0
1996-02-12 00:00:00-05:00,0.7098948911201856,0.7277914009803582,0.7098948911201856,0.721825897693634,41700,0.0,0.0
1996-02-13 00:00:00-05:00,0.7218257174259278,0.7337567210197449,0.7218257174259278,0.7337567210197449,21200,0.0,0.0
1996-02-14 00:00:00-05:00,0.7277911305427551,0.7397221326828003,0.7277911305427551,0.7277911305427551,30500,0.0,0.0
1996-02-15 00:00:00-05:00,0.7218256294727325,0.7277911305427551,0.71586012840271,0.71586012840271,18300,0.0,0.0
1996-02-16 00:00:00-05:00,0.7218258128327839,0.7218258128327839,0.7039293050765991,0.7039293050765991,40000,0.0,0.0
1996-02-20 00:00:00-05:00,0.7098948359489441,0.7158603387720444,0.6979638303027433,0.7098948359489441,54400,0.0,0.0
1996-02-21 00:00:00-05:00,0.71586012840271,0.7397221326828003,0.71586012840271,0.7277911305427551,100100,0.0,0.0
1996-02-22 00:00:00-05:00,0.7337569042670825,0.7337569042670825,0.721825897693634,0.721825897693634,20200,0.0,0.0
1996-02-23 00:00:00-05:00,0.7218256294727325,0.7277911305427551,0.71586012840271,0.71586012840271,30800,0.0,0.0
1996-02-26 00:00:00-05:00,0.71586012840271,0.7218256294727325,0.71586012840271,0.71586012840271,24800,0.0,0.0
1996-02-27 00:00:00-05:00,0.721825897693634,0.721825897693634,0.7158603944069097,0.721825897693634,20400,0.0,0.0
1996-02-28 00:00:00-05:00,0.7218258128327839,0.7218258128327839,0.6979638024912043,0.7039293050765991,19700,0.0,0.0
1996-02-29 00:00:00-05:00,0.7098948359489441,0.7098948359489441,0.7039293331258437,0.7098948359489441,9400,0.0,0.0
1996-03-01 00:00:00-05:00,0.7039293050765991,0.7098948076619941,0.7039293050765991,0.7039293050765991,21100,0.0,0.0
1996-03-04 00:00:00-05:00,0.697963805548076,0.697963805548076,0.691998302936554,0.691998302936554,22100,0.0,0.0
1996-03-05 00:00:00-05:00,0.697963805548076,0.703929308159598,0.691998302936554,0.691998302936554,22300,0.0,0.0
1996-03-06 00:00:00-05:00,0.691998327479643,0.7098948359489441,0.691998327479643,0.7098948359489441,29400,0.0,0.0
1996-03-07 00:00:00-05:00,0.7098948359489441,0.7218258415951447,0.7098948359489441,0.7098948359489441,27700,0.0,0.0
1996-03-08 00:00:00-05:00,0.7158604035010705,0.7158604035010705,0.6979638934135437,0.6979638934135437,18500,0.0,0.0
1996-03-11 00:00:00-05:00,0.691998302936554,0.697963805548076,0.686032800325032,0.691998302936554,41400,0.0,0.0
1996-03-12 00:00:00-05:00,0.6919982999058093,0.7039293050765991,0.6919982999058093,0.7039293050765991,22900,0.0,0.0
1996-03-13 00:00:00-05:00,0.6979638303027433,0.7218258415951447,0.6979638303027433,0.7098948359489441,36000,0.0,0.0
1996-03-14 00:00:00-05:00,0.7098946273326874,0.7277911305427551,0.7098946273326874,0.7277911305427551,31900,0.0,0.0
1996-03-15 00:00:00-05:00,0.7337567195892334,0.74568772315979,0.7337567195892334,0.74568772315979,34300,0.0,0.0
1996-03-18 00:00:00-05:00,0.7397220153657217,0.7516530156135559,0.7337565152418046,0.7516530156135559,22600,0.0,0.0
1996-03-19 00:00:00-05:00,0.7456875154896389,0.7576185157374731,0.7397220153657217,0.7516530156135559,50100,0.0,0.0
1996-03-20 00:00:00-05:00,0.7576187267303467,0.7576187267303467,0.74568772315979,0.74568772315979,27800,0.0,0.0
1996-03-21 00:00:00-05:00,0.7516532249450684,0.7516532249450684,0.7397222213745117,0.74568772315979,26400,0.0,0.0
1996-03-22 00:00:00-05:00,0.7397222213745117,0.7516532249450684,0.7397222213745117,0.74568772315979,21400,0.0,0.0
1996-03-25 00:00:00-05:00,0.7456874534968406,0.7456874534968406,0.7337564542408912,0.739721953868866,32100,0.0,0.0
1996-03-26 00:00:00-05:00,0.7337567195892334,0.7516532249450684,0.7337567195892334,0.74568772315979,38700,0.0,0.0
1996-03-27 00:00:00-05:00,0.7516532503641569,0.7755152583122253,0.7516532503641569,0.7755152583122253,104800,0.0,0.0
1996-03-28 00:00:00-05:00,0.7755155295364616,0.7755155295364616,0.7695500254631042,0.7695500254631042,40900,0.0,0.0
1996-03-29 00:00:00-05:00,0.7695496962829069,0.7874462008476257,0.7695496962829069,0.7874462008476257,35000,0.0,0.0
1996-04-01 00:00:00-05:00,0.7755151978044799,0.7874462008476257,0.7755151978044799,0.7874462008476257,53000,0.0,0.0
1996-04-02 00:00:00-05:00,0.7874463761030739,0.805342884650871,0.7814808732538081,0.7993773818016052,62500,0.0,0.0
1996-04-03 00:00:00-05:00,0.7874466040555169,0.8113086223602295,0.7874466040555169,0.8113086223602295,82600,0.0,0.0
1996-04-04 00:00:00-05:00,0.8113083875001367,0.8113083875001367,0.7934118789523396,0.7993773818016052,29900,0.0,0.0
1996-04-08 00:00:00-04:00,0.787446525760163,0.7934120297431946,0.7814810217771315,0.7934120297431946,18400,0.0,0.0
1996-04-09 00:00:00-04:00,0.787446525760163,0.7993775337262262,0.787446525760163,0.7934120297431946,16700,0.0,0.0
1996-04-10 00:00:00-04:00,0.7934118789523396,0.805342884650871,0.7874463761030739,0.7993773818016052,29300,0.0,0.0
1996-04-11 00:00:00-04:00,0.793412108631695,0.8113086223602295,0.793412108631695,0.8113086223602295,35800,0.0,0.0
1996-04-12 00:00:00-04:00,0.8113085416922893,0.8113085416922893,0.787446525760163,0.7934120297431946,76600,0.0,0.0
1996-04-15 00:00:00-04:00,0.7993772321277195,0.805342733860016,0.7934117303954231,0.8053427338600159,52400,0.0,0.0
1996-04-16 00:00:00-04:00,0.805342733860016,0.805342733860016,0.7993772321277195,0.8053427338600159,43200,0.0,0.0
1996-04-17 00:00:00-04:00,0.805342733860016,0.805342733860016,0.7934117303954231,0.8053427338600159,28100,0.0,0.0
1996-04-18 00:00:00-04:00,0.7948272628709674,0.8009413187392056,0.7764850952662528,0.782599151134491,32100,0.41,0.0
1996-04-19 00:00:00-04:00,0.782599151134491,0.782599151134491,0.7764850952662528,0.782599151134491,30300,0.0,0.0
1996-04-22 00:00:00-04:00,0.7764845180881115,0.7887126207351685,0.7764845180881115,0.7887126207351685,63100,0.0,0.0
1996-04-23 00:00:00-04:00,0.7887126207351685,0.7948266720586968,0.78259856941164,0.7887126207351685,69400,0.0,0.0
1996-04-24 00:00:00-04:00,0.7887132070027292,0.7948272628709674,0.782599151134491,0.782599151134491,38800,0.0,0.0
1996-04-25 00:00:00-04:00,0.782599151134491,0.7887132070027292,0.7764850952662528,0.782599151134491,67000,0.0,0.0
1996-04-26 00:00:00-04:00,0.7825983724286479,0.7825983724286479,0.7581421732902527,0.7581421732902527,78500,0.0,0.0
1996-04-29 00:00:00-04:00,0.7581423218288119,0.7703704237937927,0.7581423218288119,0.7703704237937927,49700,0.0,0.0
1996-04-30 00:00:00-04:00,0.7703703016531273,0.7703703016531273,0.745914101600647,0.745914101600647,41100,0.0,0.0
1996-05-01 00:00:00-04:00,0.7520282708463214,0.7703704237937927,0.745914219863831,0.7703704237937927,38500,0.0,0.0
1996-05-02 00:00:00-04:00,0.7703704237937927,0.7825985257587735,0.7642563728113023,0.7703704237937927,31400,0.0,0.0
1996-05-03 00:00:00-04:00,0.7703704237937927,0.7764844747762831,0.7520282708463214,0.7703704237937927,53200,0.0,0.0
1996-05-06 00:00:00-04:00,0.7642562699130201,0.7764843702316284,0.7642562699130201,0.7764843702316284,21500,0.0,0.0
1996-05-07 00:00:00-04:00,0.770370288848877,0.770370288848877,0.7520281391143799,0.7642562389373779,27100,0.0,0.0
1996-05-08 00:00:00-04:00,0.7581421732902527,0.7642562230748515,0.7459140737210551,0.7581421732902527,32200,0.0,0.0
1996-05-09 00:00:00-04:00,0.7642562389373779,0.770370288848877,0.7581421890258789,0.7642562389373779,27200,0.0,0.0
1996-05-10 00:00:00-04:00,0.7642562699130201,0.7825984203909325,0.7642562699130201,0.7764843702316284,18500,0.0,0.0
1996-05-13 00:00:00-04:00,0.7825985257587735,0.7825985257587735,0.7703704237937927,0.7703704237937927,15700,0.0,0.0
1996-05-14 00:00:00-04:00,0.7703704237937927,0.7764844747762831,0.7581423218288119,0.7703704237937927,16200,0.0,0.0
1996-05-15 00:00:00-04:00,0.770370288848877,0.770370288848877,0.7581421890258789,0.7642562389373779,20800,0.0,0.0
1996-05-16 00:00:00-04:00,0.7581420371202919,0.7581420371202919,0.7520279884338379,0.7520279884338379,35500,0.0,0.0
1996-05-17 00:00:00-04:00,0.7581420371202919,0.7642560858067459,0.7520279884338379,0.7520279884338379,24300,0.0,0.0
1996-05-20 00:00:00-04:00,0.7520281235056538,0.7642562230748515,0.7459140737210551,0.7581421732902527,57100,0.0,0.0
1996-05-21 00:00:00-04:00,0.7520281235056538,0.7642562230748515,0.7520281235056538,0.7581421732902527,33400,0.0,0.0
1996-05-22 00:00:00-04:00,0.7581422197537159,0.7764843702316284,0.7520281695944118,0.7764843702316284,38200,0.0,0.0
1996-05-23 00:00:00-04:00,0.782598388671875,0.782598388671875,0.7642562389373779,0.7642562389373779,14200,0.0,0.0
1996-05-24 00:00:00-04:00,0.770370288848877,0.770370288848877,0.7581421890258789,0.7642562389373779,21300,0.0,0.0
1996-05-28 00:00:00-04:00,0.7581421732902527,0.7642562230748515,0.7581421732902527,0.7581421732902527,23900,0.0,0.0
1996-05-29 00:00:00-04:00,0.7581420371202919,0.7581420371202919,0.7520279884338379,0.7520279884338379,33400,0.0,0.0
1996-05-30 00:00:00-04:00,0.7581420371202919,0.7581420371202919,0.7520279884338379,0.7520279884338379,22600,0.0,0.0
1996-05-31 00:00:00-04:00,0.752028151613767,0.7581422016268871,0.745914101600647,0.745914101600647,35400,0.0,0.0
1996-06-03 00:00:00-04:00,0.7459142661291706,0.7520283174908851,0.739800214767456,0.739800214767456,24400,0.0,0.0
1996-06-04 00:00:00-04:00,0.7398000515875269,0.752028151613767,0.7398000515875269,0.745914101600647,29500,0.0,0.0
1996-06-05 00:00:00-04:00,0.745914101600647,0.745914101600647,0.7398000515875269,0.745914101600647,11300,0.0,0.0
1996-06-06 00:00:00-04:00,0.7398003806670508,0.7398003806670508,0.7336863279342651,0.7336863279342651,50600,0.0,0.0
1996-06-07 00:00:00-04:00,0.7336861634057416,0.739800214767456,0.7336861634057416,0.739800214767456,21200,0.0,0.0
1996-06-10 00:00:00-04:00,0.739800214767456,0.7459142661291706,0.739800214767456,0.739800214767456,14600,0.0,0.0
1996-06-11 00:00:00-04:00,0.7398000323874319,0.7398000323874319,0.7031157332607824,0.7153438329696655,41800,0.0,0.0
1996-06-12 00:00:00-04:00,0.7214580178260803,0.7336861198231325,0.7153439668275542,0.7214580178260803,57100,0.0,0.0
1996-06-13 00:00:00-04:00,0.7214578828241072,0.7214578828241072,0.7031157332607824,0.7153438329696655,41800,0.0,0.0
1996-06-14 00:00:00-04:00,0.709229783115224,0.7153438329696655,0.709229783115224,0.7153438329696655,14500,0.0,0.0
1996-06-17 00:00:00-04:00,0.7153439226270724,0.7275720238685608,0.7153439226270724,0.7275720238685608,57400,0.0,0.0
1996-06-18 00:00:00-04:00,0.7275720688246063,0.7275720688246063,0.7214580178260803,0.7214580178260803,31600,0.0,0.0
1996-06-19 00:00:00-04:00,0.7214578828241072,0.7275719326785487,0.709229783115224,0.7153438329696655,46100,0.0,0.0
1996-06-20 00:00:00-04:00,0.7214578828241072,0.7214578828241072,0.709229783115224,0.7153438329696655,9300,0.0,0.0
1996-06-21 00:00:00-04:00,0.7092297673225403,0.7214578667591358,0.7092297673225403,0.7092297673225403,42900,0.0,0.0
1996-06-24 00:00:00-04:00,0.709229783115224,0.7275719326785487,0.709229783115224,0.7153438329696655,33900,0.0,0.0
1996-06-25 00:00:00-04:00,0.7214578828241072,0.7275719326785487,0.7153438329696655,0.7153438329696655,25100,0.0,0.0
1996-06-26 00:00:00-04:00,0.7153438329696655,0.7275719326785487,0.7153438329696655,0.7153438329696655,29400,0.0,0.0
1996-06-27 00:00:00-04:00,0.715343817040838,0.715343817040838,0.7031157176042425,0.7092297673225403,42500,0.0,0.0
1996-06-28 00:00:00-04:00,0.6970020115375519,0.7336863279342651,0.6970020115375519,0.7336863279342651,86700,0.0,0.0
1996-07-01 00:00:00-04:00,0.7336861634057416,0.739800214767456,0.727572112044027,0.739800214767456,98400,0.0,0.0
1996-07-02 00:00:00-04:00,0.7336861634057416,0.7459142661291706,0.7336861634057416,0.739800214767456,16900,0.0,0.0
1996-07-03 00:00:00-04:00,0.7459140892028809,0.7642562389373779,0.7459140892028809,0.7642562389373779,43100,0.0,0.0
1996-07-05 00:00:00-04:00,0.7642562230748515,0.7642562230748515,0.7581421732902527,0.7581421732902527,6300,0.0,0.0
1996-07-08 00:00:00-04:00,0.7642569835297763,0.782599151134491,0.7581429276615381,0.782599151134491,61900,0.0,0.0
1996-07-09 00:00:00-04:00,0.7887123983639936,0.8070545471631564,0.7825983487642728,0.7948264479637146,47300,0.0,0.0
1996-07-10 00:00:00-04:00,0.7948266413375622,0.8009406924247742,0.7887125902503501,0.8009406924247742,27300,0.0,0.0
1996-07-11 00:00:00-04:00,0.8009407233822253,0.8009407233822253,0.7887126207351685,0.7887126207351685,27900,0.0,0.0
1996-07-12 00:00:00-04:00,0.78259856941164,0.7948266720586968,0.78259856941164,0.7887126207351685,77200,0.0,0.0
1996-07-15 00:00:00-04:00,0.8009407233822253,0.8070547747057537,0.7887126207351685,0.7887126207351685,58800,0.0,0.0
1996-07-16 00:00:00-04:00,0.7887123983639936,0.7948264479637146,0.776484299164552,0.7948264479637146,55700,0.0,0.0
1996-07-17 00:00:00-04:00,0.7948265969753265,0.8070546984672546,0.7948265969753265,0.8070546984672546,38700,0.0,0.0
1996-07-18 00:00:00-04:00,0.8009406477212906,0.8070546984672546,0.7948265969753265,0.8070546984672546,34200,0.0,0.0
1996-07-19 00:00:00-04:00,0.7960862587756059,0.808722548597441,0.7960862587756059,0.8024044036865234,38200,0.533,0.0
1996-07-22 00:00:00-04:00,0.7960862587756059,0.8024044036865234,0.7960862587756059,0.8024044036865234,33000,0.0,0.0
1996-07-23 00:00:00-04:00,0.7960863046646118,0.7960863046646118,0.7897681593894958,0.7897681593894958,23300,0.0,0.0
1996-07-24 00:00:00-04:00,0.7834501966597541,0.7960864901542664,0.7834501966597541,0.7960864901542664,20100,0.0,0.0
1996-07-25 00:00:00-04:00,0.7897683434070102,0.7960864901542664,0.7897683434070102,0.7960864901542664,12200,0.0,0.0
1996-07-26 00:00:00-04:00,0.7960863046646118,0.7960863046646118,0.7897681593894958,0.7897681593894958,25900,0.0,0.0
1996-07-29 00:00:00-04:00,0.8087232708930969,0.8213595720008016,0.8087232708930969,0.8087232708930969,52900,0.0,0.0
1996-07-30 00:00:00-04:00,0.808722739995912,0.8150408864021301,0.808722739995912,0.8150408864021301,20400,0.0,0.0
1996-07-31 00:00:00-04:00,0.8150408864021301,0.8150408864021301,0.808722739995912,0.8150408864021301,15100,0.0,0.0
1996-08-01 00:00:00-04:00,0.8213587403297424,0.8213587403297424,0.8087224520169771,0.8213587403297424,31800,0.0,0.0
1996-08-02 00:00:00-04:00,0.8276777225546539,0.8276777225546539,0.8087232708930969,0.8087232708930969,34600,0.0,0.0
1996-08-05 00:00:00-04:00,0.808722548597441,0.821358838419276,0.8024044036865234,0.8024044036865234,22900,0.0,0.0
1996-08-06 00:00:00-04:00,0.7960862587756059,0.8024044036865234,0.7960862587756059,0.8024044036865234,20700,0.0,0.0
1996-08-07 00:00:00-04:00,0.7960869697853923,0.8087232708930969,0.7960869697853923,0.8087232708930969,29200,0.0,0.0
1996-08-08 00:00:00-04:00,0.8024051203392446,0.8087232708930969,0.7960869697853923,0.8087232708930969,57900,0.0,0.0
1996-08-09 00:00:00-04:00,0.8150414214469492,0.8213595720008016,0.8087232708930969,0.8087232708930969,26600,0.0,0.0
1996-08-12 00:00:00-04:00,0.8087232708930969,0.8150414214469492,0.8024051203392446,0.8087232708930969,35700,0.0,0.0
1996-08-13 00:00:00-04:00,0.8150414214469492,0.8150414214469492,0.8087232708930969,0.8087232708930969,19300,0.0,0.0
1996-08-14 00:00:00-04:00,0.8150406935083585,0.8150406935083585,0.8024044036865234,0.8024044036865234,36400,0.0,0.0
1996-08-15 00:00:00-04:00,0.808722739995912,0.8150408864021301,0.802404593589694,0.8150408864021301,16200,0.0,0.0
1996-08-16 00:00:00-04:00,0.8087228090708493,0.8276772499084473,0.8087228090708493,0.8276772499084473,23500,0.0,0.0
1996-08-19 00:00:00-04:00,0.8150405961733598,0.8213587403297424,0.8150405961733598,0.8213587403297424,45800,0.0,0.0
1996-08-20 00:00:00-04:00,0.8276772499084473,0.8339953968543133,0.8213591029625813,0.8276772499084473,34200,0.0,0.0
1996-08-21 00:00:00-04:00,0.8213591029625813,0.8276772499084473,0.8150409560167152,0.8276772499084473,33100,0.0,0.0
1996-08-22 00:00:00-04:00,0.8213588730855422,0.8339951634407043,0.8213588730855422,0.8339951634407043,21400,0.0,0.0
1996-08-23 00:00:00-04:00,0.8339953476325014,0.8466316407784483,0.8276772010595279,0.8403134942054749,90100,0.0,0.0
1996-08-26 00:00:00-04:00,0.8466316407784483,0.8466316407784483,0.8339953476325014,0.8403134942054749,43900,0.0,0.0
1996-08-27 00:00:00-04:00,0.8403134720270024,0.8403134720270024,0.808722739995912,0.8150408864021301,76100,0.0,0.0
1996-08-28 00:00:00-04:00,0.8213591029625813,0.8339953968543133,0.8213591029625813,0.8276772499084473,18600,0.0,0.0
1996-08-29 00:00:00-04:00,0.8339951634407043,0.8403133086182855,0.8339951634407043,0.8339951634407043,26700,0.0,0.0
1996-08-30 00:00:00-04:00,0.8403134942054749,0.8466316407784483,0.8339953476325014,0.8403134942054749,29000,0.0,0.0
1996-09-03 00:00:00-04:00,0.8466314673423767,0.8592677578997256,0.8403133220637022,0.8466314673423767,110000,0.0,0.0
1996-09-04 00:00:00-04:00,0.8466316407784483,0.8529497873514219,0.8276772010595279,0.8403134942054749,71100,0.0,0.0
1996-09-05 00:00:00-04:00,0.8403133220637022,0.8466314673423767,0.8403133220637022,0.8466314673423767,33200,0.0,0.0
1996-09-06 00:00:00-04:00,0.8466317741309896,0.859268069267273,0.8403136265628478,0.859268069267273,67400,0.0,0.0
1996-09-09 00:00:00-04:00,0.8529497873514219,0.8592679339243954,0.8403134942054749,0.8403134942054749,63200,0.0,0.0
1996-09-10 00:00:00-04:00,0.8466317741309896,0.859268069267273,0.8403136265628478,0.859268069267273,65000,0.0,0.0
1996-09-11 00:00:00-04:00,0.8466319533160133,0.8655864000320435,0.8466319533160133,0.8655864000320435,88100,0.0,0.0
1996-09-12 00:00:00-04:00,0.8719039116586957,0.8971764888082231,0.8719039116586957,0.8845402002334595,83200,0.0,0.0
1996-09-13 00:00:00-04:00,0.8845408467480735,0.890858995653417,0.8655864000320435,0.8655864000320435,50500,0.0,0.0
1996-09-16 00:00:00-04:00,0.8592682511267,0.8655864000320435,0.8592682511267,0.8655864000320435,30100,0.0,0.0
1996-09-17 00:00:00-04:00,0.8529496126210512,0.8592677578997256,0.8466314673423767,0.8466314673423767,47100,0.0,0.0
1996-09-18 00:00:00-04:00,0.859268069267273,0.859268069267273,0.8466317741309896,0.859268069267273,36300,0.0,0.0
1996-09-19 00:00:00-04:00,0.8529497981071472,0.8529497981071472,0.8403135048018562,0.8529497981071472,69000,0.0,0.0
1996-09-20 00:00:00-04:00,0.8466317741309896,0.859268069267273,0.8466317741309896,0.859268069267273,26600,0.0,0.0
1996-09-23 00:00:00-04:00,0.8529499216991313,0.859268069267273,0.8466317741309896,0.859268069267273,23800,0.0,0.0
1996-09-24 00:00:00-04:00,0.8529496126210512,0.8592677578997256,0.8466314673423767,0.8466314673423767,36500,0.0,0.0
1996-09-25 00:00:00-04:00,0.8466317741309896,0.859268069267273,0.8466317741309896,0.859268069267273,33900,0.0,0.0
1996-09-26 00:00:00-04:00,0.859268069267273,0.859268069267273,0.8529499216991313,0.859268069267273,22400,0.0,0.0
1996-09-27 00:00:00-04:00,0.8529497981071472,0.8592679447597927,0.8529497981071472,0.8529497981071472,17800,0.0,0.0
1996-09-30 00:00:00-04:00,0.8529501022213567,0.8655864000320435,0.8529501022213567,0.8655864000320435,21600,0.0,0.0
1996-10-01 00:00:00-04:00,0.8655860914124383,0.8719042380650839,0.8466316514545017,0.8529497981071472,60600,0.0,0.0
1996-10-02 00:00:00-04:00,0.8592679339243954,0.8655860804973688,0.8403134942054749,0.8403134942054749,82800,0.0,0.0
1996-10-03 00:00:00-04:00,0.8466316514545017,0.8529497981071472,0.8403135048018562,0.8529497981071472,30900,0.0,0.0
1996-10-04 00:00:00-04:00,0.8529499216991313,0.859268069267273,0.8529499216991313,0.859268069267273,30200,0.0,0.0
1996-10-07 00:00:00-04:00,0.8529498719650767,0.8719043135643005,0.8529498719650767,0.8719043135643005,21100,0.0,0.0
1996-10-08 00:00:00-04:00,0.8655864060353889,0.8782227039337158,0.8592682570862256,0.8782227039337158,41400,0.0,0.0
1996-10-09 00:00:00-04:00,0.8782224607640419,0.8908587551635244,0.8719043135643005,0.8719043135643005,39700,0.0,0.0
1996-10-10 00:00:00-04:00,0.8655864000320435,0.8782226978427302,0.8655864000320435,0.8655864000320435,46200,0.0,0.0
1996-10-11 00:00:00-04:00,0.8655861663645592,0.8719043135643005,0.8655861663645592,0.8719043135643005,30200,0.0,0.0
1996-10-14 00:00:00-04:00,0.8782224607640419,0.8782224607640419,0.8655861663645592,0.8719043135643005,52500,0.0,0.0
1996-10-15 00:00:00-04:00,0.8655861663645592,0.8782224607640419,0.8655861663645592,0.8719043135643005,54500,0.0,0.0
1996-10-16 00:00:00-04:00,0.8719045489373868,0.8719045489373868,0.8592682511267,0.8655864000320435,52400,0.0,0.0
1996-10-17 00:00:00-04:00,0.8655864060353889,0.8908590018320427,0.8592682570862256,0.8782227039337158,88600,0.0,0.0
1996-10-18 00:00:00-04:00,0.890858596479389,0.9034948886280328,0.890858596479389,0.8971767425537109,77900,0.0,0.0
1996-10-21 00:00:00-04:00,0.8971767425537109,0.8971767425537109,0.8845404504050671,0.8971767425537109,79200,0.0,0.0
1996-10-22 00:00:00-04:00,0.9014622446368722,0.9014622446368722,0.8883975744247437,0.8883975744247437,30500,0.582,0.0
1996-10-23 00:00:00-04:00,0.8883972980357983,0.8949296311095909,0.8818649649620056,0.8818649649620056,28900,0.0,0.0
1996-10-24 00:00:00-04:00,0.8883972980357983,0.8949296311095909,0.8818649649620056,0.8818649649620056,47100,0.0,0.0
1996-10-25 00:00:00-04:00,0.8818652393186793,0.8883975744247437,0.8818652393186793,0.8883975744247437,28900,0.0,0.0
1996-10-28 00:00:00-05:00,0.8818649649620056,0.8818649649620056,0.875332631888213,0.8818649649620056,55600,0.0,0.0
1996-10-29 00:00:00-05:00,0.8818652393186793,0.8883975744247437,0.875332904212615,0.8883975744247437,19700,0.0,0.0
1996-10-30 00:00:00-05:00,0.8883975744247437,0.8949299095308079,0.8818652393186793,0.8883975744247437,51000,0.0,0.0
1996-10-31 00:00:00-05:00,0.8818646458754862,0.888396976585675,0.8687999844551086,0.8687999844551086,37300,0.0,0.0
1996-11-01 00:00:00-05:00,0.8687999844551086,0.8753323151652974,0.8687999844551086,0.8687999844551086,36000,0.0,0.0
1996-11-04 00:00:00-05:00,0.875332631888213,0.8818649649620056,0.8688002988144203,0.8818649649620056,13000,0.0,0.0
1996-11-05 00:00:00-05:00,0.8753328919410706,0.8818652269555561,0.8753328919410706,0.8753328919410706,31100,0.0,0.0
1996-11-06 00:00:00-05:00,0.8818649649620056,0.8949296311095909,0.875332631888213,0.8818649649620056,48200,0.0,0.0
1996-11-07 00:00:00-05:00,0.888396976585675,0.888396976585675,0.8687999844551086,0.8687999844551086,29900,0.0,0.0
1996-11-08 00:00:00-05:00,0.868800556926585,0.8818652269555561,0.8622682219120994,0.8753328919410706,23100,0.0,0.0
1996-11-11 00:00:00-05:00,0.875332631888213,0.8818649649620056,0.8688002988144203,0.8818649649620056,38300,0.0,0.0
1996-11-12 00:00:00-05:00,0.8818652269555561,0.8818652269555561,0.868800556926585,0.8753328919410706,39700,0.0,0.0
1996-11-13 00:00:00-05:00,0.8818649649620056,0.8818649649620056,0.875332631888213,0.8818649649620056,48900,0.0,0.0
1996-11-14 00:00:00-05:00,0.8818652269555561,0.8818652269555561,0.8753328919410706,0.8753328919410706,42400,0.0,0.0
1996-11-15 00:00:00-05:00,0.8818652269555561,0.8883975619700418,0.8753328919410706,0.8753328919410706,45600,0.0,0.0
1996-11-18 00:00:00-05:00,0.8818652269555561,0.8818652269555561,0.868800556926585,0.8753328919410706,39200,0.0,0.0
1996-11-19 00:00:00-05:00,0.8753325162511884,0.8753325162511884,0.8622678518295288,0.8622678518295288,221600,0.0,0.0
1996-11-20 00:00:00-05:00,0.8622682219120994,0.8753328919410706,0.8622682219120994,0.8753328919410706,241500,0.0,0.0
1996-11-21 00:00:00-05:00,0.8753328919410706,0.8753328919410706,0.868800556926585,0.8753328919410706,27000,0.0,0.0
1996-11-22 00:00:00-05:00,0.8687999844551086,0.8753323151652974,0.855735323034731,0.8687999844551086,66100,0.0,0.0
1996-11-25 00:00:00-05:00,0.8622678518295288,0.8688001840403585,0.8622678518295288,0.8622678518295288,54700,0.0,0.0
1996-11-26 00:00:00-05:00,0.8622676537449199,0.8687999844551086,0.855735323034731,0.8687999844551086,51700,0.0,0.0
1996-11-27 00:00:00-05:00,0.862267812699762,0.8688001446141541,0.8557354807853699,0.8557354807853699,50900,0.0,0.0
1996-11-29 00:00:00-05:00,0.855735323034731,0.8687999844551086,0.855735323034731,0.8687999844551086,11800,0.0,0.0
1996-12-02 00:00:00-05:00,0.8622678518295288,0.8622678518295288,0.855735519618699,0.8622678518295288,38400,0.0,0.0
1996-12-03 00:00:00-05:00,0.862267812699762,0.8688001446141541,0.8557354807853699,0.8557354807853699,29300,0.0,0.0
1996-12-04 00:00:00-05:00,0.855735519618699,0.8622678518295288,0.8492031874078693,0.8622678518295288,41600,0.0,0.0
1996-12-05 00:00:00-05:00,0.855735519618699,0.8688001840403585,0.8492031874078693,0.8622678518295288,45900,0.0,0.0
1996-12-06 00:00:00-05:00,0.855735323034731,0.8753323151652974,0.855735323034731,0.8687999844551086,63400,0.0,0.0
1996-12-09 00:00:00-05:00,0.8753323151652974,0.8753323151652974,0.8687999844551086,0.8687999844551086,39700,0.0,0.0
1996-12-10 00:00:00-05:00,0.8753325162511884,0.8753325162511884,0.855735519618699,0.8622678518295288,69300,0.0,0.0
1996-12-11 00:00:00-05:00,0.8492034077644348,0.8622680755761953,0.8492034077644348,0.8492034077644348,40900,0.0,0.0
1996-12-12 00:00:00-05:00,0.862267812699762,0.8688001446141541,0.8557354807853699,0.8557354807853699,41100,0.0,0.0
1996-12-13 00:00:00-05:00,0.8557354807853699,0.862267812699762,0.8557354807853699,0.8557354807853699,25000,0.0,0.0
1996-12-16 00:00:00-05:00,0.855735519618699,0.8622678518295288,0.8492031874078693,0.8622678518295288,62700,0.0,0.0
1996-12-17 00:00:00-05:00,0.855735519618699,0.8622678518295288,0.8492031874078693,0.8622678518295288,47900,0.0,0.0
1996-12-18 00:00:00-05:00,0.862267812699762,0.8688001446141541,0.8557354807853699,0.8557354807853699,58200,0.0,0.0
1996-12-19 00:00:00-05:00,0.855735519618699,0.8622678518295288,0.855735519618699,0.8622678518295288,57400,0.0,0.0
1996-12-20 00:00:00-05:00,0.855735519618699,0.8622678518295288,0.8492031874078693,0.8622678518295288,58000,0.0,0.0
1996-12-23 00:00:00-05:00,0.8622678518295288,0.8622678518295288,0.855735519618699,0.8622678518295288,40900,0.0,0.0
1996-12-24 00:00:00-05:00,0.8622678518295288,0.8622678518295288,0.855735519618699,0.8622678518295288,13500,0.0,0.0
1996-12-26 00:00:00-05:00,0.8622678518295288,0.8622678518295288,0.855735519618699,0.8622678518295288,88600,0.0,0.0
1996-12-27 00:00:00-05:00,0.8557354807853699,0.862267812699762,0.8557354807853699,0.8557354807853699,43100,0.0,0.0
1996-12-30 00:00:00-05:00,0.855735323034731,0.8687999844551086,0.855735323034731,0.8687999844551086,38600,0.0,0.0
1996-12-31 00:00:00-05:00,0.8688005691065508,0.8883975744247437,0.8688005691065508,0.8883975744247437,68100,0.0,0.0
1997-01-02 00:00:00-05:00,0.8883972980357983,0.9014619641833834,0.8818649649620056,0.8818649649620056,76800,0.0,0.0
1997-01-03 00:00:00-05:00,0.8883973142526446,0.8949296474456787,0.8818649810596104,0.8949296474456787,92900,0.0,0.0
1997-01-06 00:00:00-05:00,0.8883973142526446,0.8949296474456787,0.8818649810596104,0.8949296474456787,84600,0.0,0.0
1997-01-07 00:00:00-05:00,0.888396976585675,0.888396976585675,0.8687999844551086,0.8687999844551086,110500,0.0,0.0
1997-01-08 00:00:00-05:00,0.8688001446141541,0.8688001446141541,0.8557354807853699,0.8557354807853699,638900,0.0,0.0
1997-01-09 00:00:00-05:00,0.8557354807853699,0.8557354807853699,0.8492031488709777,0.8557354807853699,302400,0.0,0.0
1997-01-10 00:00:00-05:00,0.8492034077644348,0.8492034077644348,0.8426710738585546,0.8492034077644348,715000,0.0,0.0
1997-01-13 00:00:00-05:00,0.8492031488709777,0.8557354807853699,0.8426708169565856,0.8557354807853699,343600,0.0,0.0
1997-01-14 00:00:00-05:00,0.8557354807853699,0.8557354807853699,0.8492031488709777,0.8557354807853699,142100,0.0,0.0
1997-01-15 00:00:00-05:00,0.855735323034731,0.8687999844551086,0.8492029923245422,0.8687999844551086,298700,0.0,0.0
1997-01-16 00:00:00-05:00,0.8688002988144203,0.8818649649620056,0.8622679657406277,0.8818649649620056,300700,0.0,0.0
1997-01-17 00:00:00-05:00,0.8818649649620056,0.8818649649620056,0.875332631888213,0.8818649649620056,174300,0.0,0.0
1997-01-20 00:00:00-05:00,0.8818652393186793,0.8883975744247437,0.875332904212615,0.8883975744247437,387300,0.0,0.0
1997-01-21 00:00:00-05:00,0.8883973813392747,0.9275913834571838,0.8818650476529565,0.9275913834571838,438300,0.0,0.0
1997-01-22 00:00:00-05:00,0.9249801121169715,0.9453840851783752,0.9249801121169715,0.9453840851783752,137100,0.702,0.0
1997-01-23 00:00:00-05:00,0.9453840851783752,0.9521854095321766,0.938582760824574,0.9453840851783752,188100,0.0,0.0
1997-01-24 00:00:00-05:00,0.938582760824574,0.9521854095321766,0.9249801121169715,0.9453840851783752,121700,0.0,0.0
1997-01-27 00:00:00-05:00,0.945383713075093,0.9521850347518921,0.945383713075093,0.9521850347518921,95000,0.0,0.0
1997-01-28 00:00:00-05:00,0.9521850347518921,0.9521850347518921,0.9385823913982937,0.9521850347518921,87900,0.0,0.0
1997-01-29 00:00:00-05:00,0.9521850224198967,0.9861916303634644,0.9453837008311831,0.9861916303634644,103200,0.0,0.0
1997-01-30 00:00:00-05:00,0.992992951952178,1.020198238307032,0.9725889871860373,0.9861916303634644,228100,0.0,0.0
1997-01-31 00:00:00-05:00,0.9861918249064022,0.9929931478367912,0.9793905019760132,0.9793905019760132,110600,0.0,0.0
1997-02-03 00:00:00-05:00,0.9861915386640109,0.9861915386640109,0.9657875757951002,0.9725888967514038,61500,0.0,0.0
1997-02-04 00:00:00-05:00,0.9861913792891045,0.9929926991462708,0.9725887395747721,0.9929926991462708,82500,0.0,0.0
1997-02-05 00:00:00-05:00,0.9929927029508225,0.9929927029508225,0.9521847836514736,0.9589861035346985,163500,0.0,0.0
1997-02-06 00:00:00-05:00,0.9657880582397791,0.9657880582397791,0.9249801121169715,0.9453840851783752,164300,0.0,0.0
1997-02-07 00:00:00-05:00,0.9385822687078925,0.9589862310711076,0.9249796271324158,0.9249796271324158,137100,0.0,0.0
1997-02-10 00:00:00-05:00,0.9317810221954628,0.9317810221954628,0.918178379535675,0.918178379535675,106500,0.0,0.0
1997-02-11 00:00:00-05:00,0.9181785138685312,0.9385824808433875,0.897774546893675,0.9113771915435791,430800,0.0,0.0
1997-02-12 00:00:00-05:00,0.9181783063446775,0.9249796271324158,0.9181783063446775,0.9249796271324158,97300,0.0,0.0
1997-02-13 00:00:00-05:00,0.9249798361934832,0.9249798361934832,0.9113771915435791,0.9113771915435791,134100,0.0,0.0
1997-02-14 00:00:00-05:00,0.9113771915435791,0.9181785138685312,0.904575869218627,0.9113771915435791,123800,0.0,0.0
1997-02-18 00:00:00-05:00,0.904575869218627,0.9113771915435791,0.8909732245687229,0.9113771915435791,100700,0.0,0.0
1997-02-19 00:00:00-05:00,0.9045756647692007,0.9249796271324158,0.8977743439814624,0.9249796271324158,99300,0.0,0.0
1997-02-20 00:00:00-05:00,0.9249798361934832,0.9249798361934832,0.904575869218627,0.9113771915435791,75800,0.0,0.0
1997-02-21 00:00:00-05:00,0.9045755393577345,0.9113768592025295,0.8977742195129395,0.8977742195129395,122800,0.0,0.0
1997-02-24 00:00:00-05:00,0.897774546893675,0.9113771915435791,0.897774546893675,0.9113771915435791,60300,0.0,0.0
1997-02-25 00:00:00-05:00,0.9113768464640567,0.9113768464640567,0.8977742069645932,0.904575526714325,41200,0.0,0.0
1997-02-26 00:00:00-05:00,0.8977742923125055,0.9045756127088124,0.8841716515198919,0.8909729719161987,98200,0.0,0.0
1997-02-27 00:00:00-05:00,0.8977742923125055,0.8977742923125055,0.8841716515198919,0.8909729719161987,55800,0.0,0.0
1997-02-28 00:00:00-05:00,0.8977743193160657,0.8977743193160657,0.8705690369125485,0.8773703575134277,108400,0.0,0.0
1997-03-03 00:00:00-05:00,0.8841717522591352,0.8977743946015835,0.8637677887454629,0.870569109916687,95900,0.0,0.0
1997-03-04 00:00:00-05:00,0.8773702599785546,0.8977742195129395,0.8705689401337595,0.8977742195129395,63300,0.0,0.0
1997-03-05 00:00:00-05:00,0.8977743193160657,0.8977743193160657,0.8773703575134277,0.8773703575134277,112600,0.0,0.0
1997-03-06 00:00:00-05:00,0.8841717522591352,0.8909730734303594,0.8637677887454629,0.870569109916687,141700,0.0,0.0
1997-03-07 00:00:00-05:00,0.8705690369125485,0.8841716781143071,0.8637677163116693,0.8773703575134277,45400,0.0,0.0
1997-03-10 00:00:00-05:00,0.8841715798233495,0.8977742195129395,0.8773702599785546,0.8977742195129395,78100,0.0,0.0
1997-03-11 00:00:00-05:00,0.8909729719161987,0.8977742923125055,0.8841716515198919,0.8909729719161987,73000,0.0,0.0
1997-03-12 00:00:00-05:00,0.8841717839241028,0.8909731053389036,0.8773704625093021,0.8841717839241028,161300,0.0,0.0
1997-03-13 00:00:00-05:00,0.8841717839241028,0.8977744267537044,0.8773704625093021,0.8841717839241028,103000,0.0,0.0
1997-03-14 00:00:00-05:00,0.8909729719161987,0.8977742923125055,0.8841716515198919,0.8909729719161987,109200,0.0,0.0
1997-03-17 00:00:00-05:00,0.8909729719161987,0.8977742923125055,0.8841716515198919,0.8909729719161987,63100,0.0,0.0
1997-03-18 00:00:00-05:00,0.8909729719161987,0.8977742923125055,0.8841716515198919,0.8909729719161987,43400,0.0,0.0
1997-03-19 00:00:00-05:00,0.8977742923125055,0.8977742923125055,0.8841716515198919,0.8909729719161987,77700,0.0,0.0
1997-03-20 00:00:00-05:00,0.8909729987151863,0.8977743193160657,0.8773703575134277,0.8773703575134277,92200,0.0,0.0
1997-03-21 00:00:00-05:00,0.8841717522591352,0.8841717522591352,0.870569109916687,0.870569109916687,104700,0.0,0.0
1997-03-24 00:00:00-05:00,0.8773706269076491,0.8773706269076491,0.8569666588400293,0.8637679815292358,140800,0.0,0.0
1997-03-25 00:00:00-05:00,0.8705695190429688,0.8705695190429688,0.8433642215728759,0.8501655459403992,125400,0.0,0.0
1997-03-26 00:00:00-05:00,0.8569661378860474,0.8637674564406985,0.843363500776745,0.8569661378860474,108700,0.0,0.0
1997-03-27 00:00:00-05:00,0.8637677163116693,0.8773703575134277,0.8569663957107899,0.8773703575134277,90100,0.0,0.0
1997-03-31 00:00:00-05:00,0.8773703575134277,0.8841716781143071,0.8773703575134277,0.8773703575134277,42300,0.0,0.0
1997-04-01 00:00:00-05:00,0.8773702477153978,0.9113768464640567,0.8773702477153978,0.904575526714325,69700,0.0,0.0
1997-04-02 00:00:00-05:00,0.904575526714325,0.9113768464640567,0.8977742069645932,0.904575526714325,72000,0.0,0.0
1997-04-03 00:00:00-05:00,0.8977744267537044,0.8977744267537044,0.8841717839241028,0.8841717839241028,60700,0.0,0.0
1997-04-04 00:00:00-05:00,0.8841715674651296,0.904575526714325,0.8841715674651296,0.904575526714325,35600,0.0,0.0
1997-04-07 00:00:00-04:00,0.8977742069645932,0.9113768464640567,0.8977742069645932,0.904575526714325,39600,0.0,0.0
1997-04-08 00:00:00-04:00,0.8977742069645932,0.904575526714325,0.8909728872148613,0.904575526714325,40000,0.0,0.0
1997-04-09 00:00:00-04:00,0.9113769331051192,0.9113769331051192,0.8909729719161987,0.8909729719161987,67800,0.0,0.0
1997-04-10 00:00:00-04:00,0.8977742069645932,0.904575526714325,0.8909728872148613,0.904575526714325,86300,0.0,0.0
1997-04-11 00:00:00-04:00,0.9074458747398195,0.9074458747398195,0.8793080181587399,0.8933769464492798,85900,0.551,0.0
1997-04-14 00:00:00-04:00,0.89337701807099,0.89337701807099,0.8511702298156677,0.8722736239433289,104800,0.0,0.0
1997-04-15 00:00:00-04:00,0.872273185896495,0.8863421082496643,0.8652387247199104,0.8863421082496643,58000,0.0,0.0
1997-04-16 00:00:00-04:00,0.8793083429336548,0.886342809677124,0.8722738761901855,0.8793083429336548,59900,0.0,0.0
1997-04-17 00:00:00-04:00,0.8793083429336548,0.886342809677124,0.8652394094467163,0.8793083429336548,45500,0.0,0.0
1997-04-18 00:00:00-04:00,0.8863425371123523,0.893377001692609,0.865239143371582,0.865239143371582,68600,0.0,0.0
1997-04-21 00:00:00-04:00,0.8722736239433289,0.89337701807099,0.8652391592341084,0.8722736239433289,170200,0.0,0.0
1997-04-22 00:00:00-04:00,0.8793081626419194,0.8793081626419194,0.8511703014373779,0.8511703014373779,94400,0.0,0.0
1997-04-23 00:00:00-04:00,0.8652391592341084,0.8722736239433289,0.8582046945248881,0.8722736239433289,50400,0.0,0.0
1997-04-24 00:00:00-04:00,0.872273697340784,0.872273697340784,0.8511703014373779,0.8511703014373779,80800,0.0,0.0
1997-04-25 00:00:00-04:00,0.8582046787913252,0.865239143371582,0.8511702142110685,0.865239143371582,38200,0.0,0.0
1997-04-28 00:00:00-04:00,0.8582047667385133,0.8652392320396486,0.8511703014373779,0.8511703014373779,32200,0.0,0.0
1997-04-29 00:00:00-04:00,0.8511701983506562,0.8652391272490142,0.8511701983506562,0.8582046627998352,55200,0.0,0.0
1997-04-30 00:00:00-04:00,0.8652391272490142,0.8722735916981931,0.8582046627998352,0.8582046627998352,76600,0.0,0.0
1997-05-01 00:00:00-04:00,0.8582046627998352,0.8652391272490142,0.8511701983506562,0.8582046627998352,47000,0.0,0.0
1997-05-02 00:00:00-04:00,0.8511703014373779,0.8582047667385133,0.8441358361362425,0.8511703014373779,71900,0.0,0.0
1997-05-05 00:00:00-04:00,0.8511702142110685,0.865239143371582,0.8511702142110685,0.865239143371582,56100,0.0,0.0
1997-05-06 00:00:00-04:00,0.8582047667385133,0.8652392320396486,0.8511703014373779,0.8511703014373779,79600,0.0,0.0
1997-05-07 00:00:00-04:00,0.8582047667385133,0.8582047667385133,0.8511703014373779,0.8511703014373779,119900,0.0,0.0
1997-05-08 00:00:00-04:00,0.8582046787913252,0.865239143371582,0.8511702142110685,0.865239143371582,81400,0.0,0.0
1997-05-09 00:00:00-04:00,0.8722735916981931,0.8722735916981931,0.8511701983506562,0.8582046627998352,101700,0.0,0.0
1997-05-12 00:00:00-04:00,0.8582042635433257,0.8933765694262489,0.8511698023667411,0.8863421082496643,48200,0.0,0.0
1997-05-13 00:00:00-04:00,0.8933768444694579,0.9215146978385746,0.8863423811271787,0.9004113078117371,59300,0.0,0.0
1997-05-14 00:00:00-04:00,0.9144802689552307,0.9144802689552307,0.9074458053478828,0.9144802689552307,42400,0.0,0.0
1997-05-15 00:00:00-04:00,0.9074456691741943,0.9144801317259323,0.9074456691741943,0.9074456691741943,22000,0.0,0.0
1997-05-16 00:00:00-04:00,0.9144802689552307,0.9144802689552307,0.9074458053478828,0.9144802689552307,36200,0.0,0.0
1997-05-19 00:00:00-04:00,0.9144804632390728,0.9215149283409119,0.9144804632390728,0.9215149283409119,56100,0.0,0.0
1997-05-20 00:00:00-04:00,0.9144804632390728,0.9215149283409119,0.9144804632390728,0.9215149283409119,20500,0.0,0.0
1997-05-21 00:00:00-04:00,0.9215147325625787,0.9285491961699266,0.9144802689552307,0.9144802689552307,46500,0.0,0.0
1997-05-22 00:00:00-04:00,0.9285493934427509,0.9285493934427509,0.9144804632390728,0.9215149283409119,46200,0.0,0.0
1997-05-23 00:00:00-04:00,0.9215145942776702,0.9285490568294082,0.9004112066224564,0.9074456691741943,62600,0.0,0.0
1997-05-27 00:00:00-04:00,0.9074458747398195,0.9144803388850895,0.8933769464492798,0.8933769464492798,35600,0.0,0.0
1997-05-28 00:00:00-04:00,0.8933768444694579,0.9074457711540163,0.8933768444694579,0.9004113078117371,55000,0.0,0.0
1997-05-29 00:00:00-04:00,0.9004113078117371,0.9004113078117371,0.8933768444694579,0.9004113078117371,27500,0.0,0.0
1997-05-30 00:00:00-04:00,0.9004112066224564,0.9074456691741943,0.8933767440707185,0.9074456691741943,40200,0.0,0.0
1997-06-02 00:00:00-04:00,0.9074457711540163,0.9074457711540163,0.9004113078117371,0.9004113078117371,34800,0.0,0.0
1997-06-03 00:00:00-04:00,0.9004113078117371,0.9074457711540163,0.9004113078117371,0.9004113078117371,52000,0.0,0.0
1997-06-04 00:00:00-04:00,0.9004112066224564,0.9074456691741943,0.9004112066224564,0.9074456691741943,20300,0.0,0.0
1997-06-05 00:00:00-04:00,0.9074456691741943,0.9074456691741943,0.9004112066224564,0.9074456691741943,31800,0.0,0.0
1997-06-06 00:00:00-04:00,0.9004113417405348,0.9144802689552307,0.9004113417405348,0.9144802689552307,78500,0.0,0.0
1997-06-09 00:00:00-04:00,0.9074457711540163,0.9074457711540163,0.9004113078117371,0.9004113078117371,51700,0.0,0.0
1997-06-10 00:00:00-04:00,0.9004115330353948,0.9215149283409119,0.9004115330353948,0.9215149283409119,64300,0.0,0.0
1997-06-11 00:00:00-04:00,0.9215147325625787,0.9215147325625787,0.9074458053478828,0.9144802689552307,38600,0.0,0.0
1997-06-12 00:00:00-04:00,0.9144801317259323,0.9144801317259323,0.9004112066224564,0.9074456691741943,32200,0.0,0.0
1997-06-13 00:00:00-04:00,0.9144802344962955,0.9215146978385746,0.9004113078117371,0.9004113078117371,150700,0.0,0.0
1997-06-16 00:00:00-04:00,0.9074457711540163,0.9074457711540163,0.8933768444694579,0.9004113078117371,49700,0.0,0.0
1997-06-17 00:00:00-04:00,0.9004113417405348,0.9144802689552307,0.9004113417405348,0.9144802689552307,30900,0.0,0.0
1997-06-18 00:00:00-04:00,0.9074459981372338,0.9215149283409119,0.9074459981372338,0.9215149283409119,40600,0.0,0.0
1997-06-19 00:00:00-04:00,0.9215146479281512,0.9285491108894348,0.9215146479281512,0.9285491108894348,78300,0.0,0.0
1997-06-20 00:00:00-04:00,0.9285491108894348,0.9355835738507184,0.9215146479281512,0.9285491108894348,63000,0.0,0.0
1997-06-23 00:00:00-04:00,0.9285491283674886,0.9355835914611816,0.9285491283674886,0.9355835914611816,46000,0.0,0.0
1997-06-24 00:00:00-04:00,0.9285491283674886,0.9355835914611816,0.9285491283674886,0.9355835914611816,49900,0.0,0.0
1997-06-25 00:00:00-04:00,0.9355835914611816,0.9391008230080282,0.9320663599143352,0.9355835914611816,43600,0.0,0.0
1997-06-26 00:00:00-04:00,0.9320663599143352,0.9391008230080282,0.9320663599143352,0.9355835914611816,45300,0.0,0.0
1997-06-27 00:00:00-04:00,0.9391009211540222,0.9461353849828913,0.9355836892395877,0.9391009211540222,54600,0.0,0.0
1997-06-30 00:00:00-04:00,0.9355835914611816,0.9355835914611816,0.9285491283674886,0.9355835914611816,57500,0.0,0.0
1997-07-01 00:00:00-04:00,0.942618282402263,0.9566872119903564,0.942618282402263,0.9566872119903564,56000,0.0,0.0
1997-07-02 00:00:00-04:00,0.9566872119903564,0.9566872119903564,0.9496527471963098,0.9566872119903564,62400,0.0,0.0
1997-07-03 00:00:00-04:00,0.9566872119903564,0.9637216767844032,0.9496527471963098,0.9566872119903564,47300,0.0,0.0
1997-07-07 00:00:00-04:00,0.9566873018292413,0.9813079309204351,0.9566873018292413,0.9707562327384949,100800,0.0,0.0
1997-07-08 00:00:00-04:00,0.9707558719060755,0.9813075661659241,0.9602041776462268,0.9813075661659241,80100,0.0,0.0
1997-07-09 00:00:00-04:00,0.9707566028018649,0.9777910709381104,0.9637221346656195,0.9777910709381104,93000,0.0,0.0
1997-07-10 00:00:00-04:00,0.9707566028018649,0.9848255390743558,0.9707566028018649,0.9777910709381104,83100,0.0,0.0
1997-07-11 00:00:00-04:00,0.9637214188222533,0.9672386502778089,0.9391007986333636,0.9496524930000305,133200,0.0,0.0
1997-07-14 00:00:00-04:00,0.956686955911142,0.9637214188222533,0.9461352615444749,0.9496524930000305,93300,0.0,0.0
1997-07-15 00:00:00-04:00,0.9496531971208342,0.9602048993110657,0.9496531971208342,0.9602048993110657,58900,0.0,0.0
1997-07-16 00:00:00-04:00,0.9566873018292413,0.9742734654658083,0.9566873018292413,0.9707562327384949,104900,0.0,0.0
1997-07-17 00:00:00-04:00,0.9793394232695958,0.9793394232695958,0.936133272242996,0.9541358351707458,88600,0.399,0.0
1997-07-18 00:00:00-04:00,0.9613368603418458,0.9649373729273959,0.9541358351707458,0.9541358351707458,84700,0.0,0.0
1997-07-21 00:00:00-04:00,0.9541361447522848,0.957736658506067,0.939734089737156,0.9469351172447205,29800,0.0,0.0
1997-07-22 00:00:00-04:00,0.9433342974140959,0.9577363477562959,0.939733784828546,0.9541358351707458,41700,0.0,0.0
1997-07-23 00:00:00-04:00,0.9541358351707458,0.9577363477562959,0.9505353225851959,0.9541358351707458,40400,0.0,0.0
1997-07-24 00:00:00-04:00,0.9649372868465654,0.9649372868465654,0.9397337009960954,0.950535237789154,58700,0.0,0.0
1997-07-25 00:00:00-04:00,0.9469351172447203,0.9541361447522848,0.9469351172447203,0.9469351172447205,47900,0.0,0.0
1997-07-28 00:00:00-04:00,0.9469351172447203,0.957736658506067,0.9433346034909382,0.9469351172447205,40500,0.0,0.0
1997-07-29 00:00:00-04:00,0.9469347255248012,0.9541357500535069,0.9433342132604483,0.950535237789154,28400,0.0,0.0
1997-07-30 00:00:00-04:00,0.9505351701177153,0.9577361941337585,0.9469346581096936,0.9577361941337585,47000,0.0,0.0
1997-07-31 00:00:00-04:00,0.9577363477562959,0.9577363477562959,0.9541358351707458,0.9541358351707458,17000,0.0,0.0
1997-08-01 00:00:00-04:00,0.9541363013154678,0.9541363013154678,0.9433347582817078,0.9433347582817078,49300,0.0,0.0
1997-08-04 00:00:00-04:00,0.9469351172447203,0.9505356309985026,0.939734089737156,0.9469351172447205,41500,0.0,0.0
1997-08-05 00:00:00-04:00,0.9541358351707458,0.9577363477562959,0.9505353225851959,0.9541358351707458,24700,0.0,0.0
1997-08-06 00:00:00-04:00,0.946934809999646,0.9541358351707458,0.946934809999646,0.9541358351707458,34400,0.0,0.0
1997-08-07 00:00:00-04:00,0.950535237789154,0.9577362623178597,0.950535237789154,0.950535237789154,35100,0.0,0.0
1997-08-08 00:00:00-04:00,0.9505351701177153,0.9577361941337585,0.9469346581096936,0.9577361941337585,56400,0.0,0.0
1997-08-11 00:00:00-04:00,0.9541356821257369,0.9649372181498018,0.9469346581096936,0.9577361941337585,41200,0.0,0.0
1997-08-12 00:00:00-04:00,0.9649372276784749,0.9793392758527805,0.9649372276784749,0.9757387638092041,58200,0.0,0.0
1997-08-13 00:00:00-04:00,0.9721386323080343,0.9865406861200052,0.9685381188550416,0.9793396592140198,59700,0.0,0.0
1997-08-14 00:00:00-04:00,0.9757387638092041,0.9829397878963568,0.9721382517656276,0.9757387638092041,38600,0.0,0.0
1997-08-15 00:00:00-04:00,0.9793396592140198,0.9793396592140198,0.9685381188550416,0.9793396592140198,42000,0.0,0.0
1997-08-18 00:00:00-04:00,0.9685377397220513,0.9793392758527805,0.9685377397220513,0.9757387638092041,36700,0.0,0.0
1997-08-19 00:00:00-04:00,0.9757391699067839,0.9901412240751497,0.9757391699067839,0.9829401969909668,30000,0.0,0.0
1997-08-20 00:00:00-04:00,0.9793392758527805,0.9901408119835097,0.9721382517656276,0.9757387638092041,48300,0.0,0.0
1997-08-21 00:00:00-04:00,0.9793396592140198,0.9856405577567571,0.975739145761027,0.9793396592140198,43200,0.0,0.0
1997-08-22 00:00:00-04:00,0.9721386323080343,0.9793396592140198,0.9685381188550416,0.9793396592140198,36400,0.0,0.0
1997-08-25 00:00:00-04:00,0.9721381772648204,0.9937412478707054,0.9721381772648204,0.9901407361030579,59100,0.0,0.0
1997-08-26 00:00:00-04:00,0.9793392008001154,0.9937412478707054,0.975738689032468,0.9901407361030579,49200,0.0,0.0
1997-08-27 00:00:00-04:00,0.9901410148989769,1.008143578806231,0.9829399893360753,1.0045430660247803,70500,0.0,0.0
1997-08-28 00:00:00-04:00,1.008143578806231,1.008143578806231,1.0009425532433294,1.0045430660247803,48500,0.0,0.0
1997-08-29 00:00:00-04:00,1.008143578806231,1.008143578806231,1.0009425532433294,1.0045430660247803,34800,0.0,0.0
1997-09-02 00:00:00-04:00,1.0009424005235945,1.008143424987793,1.0009424005235945,1.008143424987793,22100,0.0,0.0
1997-09-03 00:00:00-04:00,1.0045430660247803,1.0045430660247803,0.9937415276804278,1.0045430660247803,29400,0.0,0.0
1997-09-04 00:00:00-04:00,0.9901412965162941,0.9937418103218079,0.9829402689052665,0.9937418103218079,33500,0.0,0.0
1997-09-05 00:00:00-04:00,0.9865406295452737,0.9973421692848206,0.9829401162987581,0.9973421692848206,69600,0.0,0.0
1997-09-08 00:00:00-04:00,0.9865407105330583,1.000942764701424,0.9829401969909668,0.9829401969909668,69000,0.0,0.0
1997-09-09 00:00:00-04:00,0.9829401969909668,0.9901412240751497,0.9793396834488753,0.9829401969909668,43800,0.0,0.0
1997-09-10 00:00:00-04:00,0.9829401162987581,1.0009426825313361,0.9829401162987581,0.9973421692848206,36000,0.0,0.0
1997-09-11 00:00:00-04:00,0.9937412478707054,0.9937412478707054,0.9829397125677629,0.9901407361030579,52700,0.0,0.0
1997-09-12 00:00:00-04:00,0.9937417376172412,0.9973422511593326,0.9829401969909668,0.9829401969909668,61900,0.0,0.0
1997-09-15 00:00:00-04:00,0.9973420404618786,1.0045430660247803,0.9937415276804278,1.0045430660247803,48700,0.0,0.0
1997-09-16 00:00:00-04:00,1.004543220396522,1.0081437337312766,1.0009427070617676,1.0009427070617676,36400,0.0,0.0
1997-09-17 00:00:00-04:00,0.9937418103218079,1.0009428379328356,0.9937418103218079,0.9937418103218079,50900,0.0,0.0
1997-09-18 00:00:00-04:00,1.0045430812429874,1.0153446197509766,0.9973420555709948,1.0153446197509766,65700,0.0,0.0
1997-09-19 00:00:00-04:00,1.008143578806231,1.0153446043691328,1.0009425532433294,1.0045430660247803,42700,0.0,0.0
1997-09-22 00:00:00-04:00,1.008143424987793,1.0333470106124878,1.0009424005235945,1.008143424987793,38700,0.0,0.0
1997-09-23 00:00:00-04:00,1.0333471839309585,1.0333471839309585,1.0153446197509766,1.0153446197509766,62300,0.0,0.0
1997-09-24 00:00:00-04:00,1.0333472142616908,1.0369477272033691,1.0225456754366558,1.0369477272033691,53700,0.0,0.0
1997-09-25 00:00:00-04:00,1.036948167741505,1.047749711155479,1.0261466243275308,1.0405486822128296,75500,0.0,0.0
1997-09-26 00:00:00-04:00,1.036948013305664,1.0441490411758423,1.0297469854354857,1.0441490411758423,33500,0.0,0.0
1997-09-29 00:00:00-04:00,1.036948167741505,1.0405486822128296,1.0297471387988555,1.0405486822128296,57300,0.0,0.0
1997-09-30 00:00:00-04:00,1.0405486822128296,1.0405486822128296,1.0333476532701802,1.0405486822128296,53100,0.0,0.0
1997-10-01 00:00:00-04:00,1.0405482401450477,1.0405482401450477,1.0297467013200126,1.0369477272033691,36100,0.0,0.0
1997-10-02 00:00:00-04:00,1.0297472111439456,1.0369482405925046,1.026146696419666,1.033347725868225,26900,0.0,0.0
1997-10-03 00:00:00-04:00,1.0369477272033691,1.044148753086726,1.0297467013200126,1.0369477272033691,46800,0.0,0.0
1997-10-06 00:00:00-04:00,1.0441491966841543,1.0441491966841543,1.0333476532701802,1.0405486822128296,43900,0.0,0.0
1997-10-07 00:00:00-04:00,1.044148753086726,1.044148753086726,1.0369477272033691,1.0369477272033691,40100,0.0,0.0
1997-10-08 00:00:00-04:00,1.036948013305664,1.0477495551109313,1.033347499370575,1.0441490411758423,88600,0.0,0.0
1997-10-09 00:00:00-04:00,1.0441489701401698,1.0585510249007237,1.0441489701401698,1.0513499975204468,38200,0.0,0.0
1997-10-10 00:00:00-04:00,1.0482385877117462,1.0704627273805465,1.0482385877117462,1.0630546808242798,51500,0.51,0.0
1997-10-13 00:00:00-04:00,1.0667587041024131,1.0667587041024131,1.0593506575461464,1.0630546808242798,61100,0.0,0.0
1997-10-14 00:00:00-04:00,1.0593505865997739,1.066758632659912,1.0445344944794972,1.066758632659912,74500,0.0,0.0
1997-10-15 00:00:00-04:00,1.0704630404919178,1.0741670648534816,1.0556469430456628,1.0593509674072266,54400,0.0,0.0
1997-10-16 00:00:00-04:00,1.063054609629843,1.0741666787200503,1.0593505865997739,1.066758632659912,70600,0.0,0.0
1997-10-17 00:00:00-04:00,1.066759016130354,1.066759016130354,1.0556469430456628,1.0593509674072266,51000,0.0,0.0
1997-10-20 00:00:00-04:00,1.0556469430456628,1.0704630404919178,1.0482388943225354,1.0593509674072266,42300,0.0,0.0
1997-10-21 00:00:00-04:00,1.0741667034699744,1.081574749700802,1.066758657239147,1.0778707265853882,93000,0.0,0.0
1997-10-22 00:00:00-04:00,1.0667584912530306,1.0778705588702497,1.0667584912530306,1.0741665363311768,55900,0.0,0.0
1997-10-23 00:00:00-04:00,1.0519423534300913,1.0741664876574877,1.0519423534300913,1.0704624652862549,44000,0.0,0.0
1997-10-24 00:00:00-04:00,1.0778707492519433,1.081574772445249,1.0519425868988037,1.0519425868988037,40600,0.0,0.0
1997-10-27 00:00:00-05:00,1.0556466579437256,1.0556466579437256,1.018606424331665,1.018606424331665,53900,0.0,0.0
1997-10-28 00:00:00-05:00,1.0111985929748593,1.0297187137253145,0.9852704239242217,1.007494568824768,140600,0.0,0.0
1997-10-29 00:00:00-05:00,1.0037903308868408,1.0334225177764893,1.0037903308868408,1.018606424331665,44800,0.0,0.0
1997-10-30 00:00:00-05:00,1.0111983776092528,1.0334225177764893,1.0074943542480468,1.018606424331665,45700,0.0,0.0
1997-10-31 00:00:00-05:00,1.026014447634947,1.04823858729491,1.0223104243582868,1.0445345640182495,57000,0.0,0.0
1997-11-03 00:00:00-05:00,1.0519423534300913,1.0704624652862549,1.044534308687626,1.0704624652862549,59600,0.0,0.0
1997-11-04 00:00:00-05:00,1.066758442915022,1.0778705100287203,1.066758442915022,1.0704624652862549,26800,0.0,0.0
1997-11-05 00:00:00-05:00,1.066759016130354,1.0778710892150452,1.0593509674072266,1.0593509674072266,49900,0.0,0.0
1997-11-06 00:00:00-05:00,1.0519427533735308,1.0667588484914678,1.0519427533735308,1.0556467771530151,39300,0.0,0.0
1997-11-07 00:00:00-05:00,1.044534755347038,1.0482387793021695,1.0371267074367754,1.0408307313919067,32500,0.0,0.0
1997-11-10 00:00:00-05:00,1.0371265647268126,1.055646681954077,1.0297185178359067,1.0482386350631714,34200,0.0,0.0
1997-11-11 00:00:00-05:00,1.0556465635697048,1.066758632659912,1.0482385175095665,1.066758632659912,38800,0.0,0.0
1997-11-12 00:00:00-05:00,1.0556467771530151,1.0704628722709522,1.0556467771530151,1.0556467771530151,44600,0.0,0.0
1997-11-13 00:00:00-05:00,1.0519429186840992,1.066759016130354,1.0519429186840992,1.0593509674072266,68300,0.0,0.0
1997-11-14 00:00:00-05:00,1.0630548247119835,1.0630548247119835,1.0556467771530151,1.0556467771530151,33100,0.0,0.0
1997-11-17 00:00:00-05:00,1.0556469430456628,1.0704630404919178,1.0556469430456628,1.0593509674072266,49200,0.0,0.0
1997-11-18 00:00:00-05:00,1.0630548247119835,1.0630548247119835,1.0519427533735308,1.0556467771530151,35800,0.0,0.0
1997-11-19 00:00:00-05:00,1.0593507053995301,1.0593507053995301,1.0408305881722655,1.0482386350631714,39100,0.0,0.0
1997-11-20 00:00:00-05:00,1.0334220426423208,1.0445341076169694,1.0260139993258885,1.037126064300537,102000,0.0,0.0
1997-11-21 00:00:00-05:00,1.0371265647268126,1.0519426585086242,1.0371265647268126,1.0482386350631714,37700,0.0,0.0
1997-11-24 00:00:00-05:00,1.040830540741589,1.0556466338482309,1.040830540741589,1.0445345640182495,34800,0.0,0.0
1997-11-25 00:00:00-05:00,1.04823858729491,1.0556466338482309,1.0371265174649285,1.0445345640182495,33900,0.0,0.0
1997-11-26 00:00:00-05:00,1.0445345405121924,1.059350633285415,1.0408305173188868,1.0519425868988037,30900,0.0,0.0
1997-11-28 00:00:00-05:00,1.04823858729491,1.0519426105715703,1.0445345640182495,1.0445345640182495,15800,0.0,0.0
1997-12-01 00:00:00-05:00,1.0371267620254965,1.0371267620254965,1.007494568824768,1.007494568824768,152400,0.0,0.0
1997-12-02 00:00:00-05:00,1.011198510689363,1.011198510689363,0.9815663198999313,0.9963824152946472,75000,0.0,0.0
1997-12-03 00:00:00-05:00,1.0000863915948726,1.0037904152674462,0.9889743205771517,0.9926783442497253,79400,0.0,0.0
1997-12-04 00:00:00-05:00,0.9852698445320129,0.9963819104477875,0.9852698445320129,0.9852698445320129,32500,0.0,0.0
1997-12-05 00:00:00-05:00,0.977862249559431,0.996382367922299,0.977862249559431,0.9926783442497253,52200,0.0,0.0
1997-12-08 00:00:00-05:00,0.9963819278611077,1.0037899719344245,0.9963819278611077,1.0000859498977661,42100,0.0,0.0
1997-12-09 00:00:00-05:00,1.0000864391433262,1.0000864391433262,0.9963824152946472,0.9963824152946472,31800,0.0,0.0
1997-12-10 00:00:00-05:00,0.9889740083705295,0.9926780308737899,0.9778619408607483,0.9778619408607483,55600,0.0,0.0
1997-12-11 00:00:00-05:00,0.9778621187541475,0.9963822346396427,0.9556379796915533,0.9593420028686523,43900,0.0,0.0
1997-12-12 00:00:00-05:00,0.9667500492228503,0.9704540723999494,0.9519339565144542,0.9593420028686523,29900,0.0,0.0
1997-12-15 00:00:00-05:00,0.9556378576699205,0.9556378576699205,0.9408217668533325,0.9408217668533325,57700,0.0,0.0
1997-12-16 00:00:00-05:00,0.9371173774382197,0.9371173774382197,0.9074852074006475,0.9223012924194336,126700,0.0,0.0
1997-12-17 00:00:00-05:00,0.9260057942747609,0.9630460260457513,0.9223017710976619,0.9593420028686523,55300,0.0,0.0
1997-12-18 00:00:00-05:00,0.9741580467815547,1.0000862077225086,0.9519339088321656,0.9556379318237305,56400,0.0,0.0
1997-12-19 00:00:00-05:00,0.959341797279194,0.959341797279194,0.9408216853626072,0.9482297301292419,40500,0.0,0.0
1997-12-22 00:00:00-05:00,0.9556379434199649,0.9593419664564763,0.9260057591278729,0.9519339203834534,40800,0.0,0.0
1997-12-23 00:00:00-05:00,0.9556379417578379,0.9556379417578379,0.9334138035774231,0.9334138035774231,40000,0.0,0.0
1997-12-24 00:00:00-05:00,0.9334137103136848,0.9445257782936096,0.9297096876537099,0.9445257782936096,27100,0.0,0.0
1997-12-26 00:00:00-05:00,0.9371177441491856,0.9445257895574796,0.9334137214450385,0.9408217668533325,14500,0.0,0.0
1997-12-29 00:00:00-05:00,0.9334138179647511,0.9815661180978534,0.9334138179647511,0.9667500257492065,50800,0.0,0.0
1997-12-30 00:00:00-05:00,0.9519339688830503,0.9852701779100831,0.9445259224325985,0.9741581082344055,31900,0.0,0.0
1997-12-31 00:00:00-05:00,0.9667500125294993,0.9815661046755453,0.9445258743104303,0.9519339203834534,45900,0.0,0.0
1998-01-02 00:00:00-05:00,0.9593416907285389,1.0000859324197124,0.9593416907285389,0.9852698445320129,45300,0.0,0.0
1998-01-05 00:00:00-05:00,0.9926781873593385,0.9926781873593385,0.9667500257492065,0.9667500257492065,30500,0.0,0.0
1998-01-06 00:00:00-05:00,0.9630459894929878,0.9667500125294993,0.9445258743104303,0.9519339203834534,61200,0.0,0.0
1998-01-07 00:00:00-05:00,0.9445257782936096,0.9556378462735344,0.9371177329736597,0.9445257782936096,34100,0.0,0.0
1998-01-08 00:00:00-05:00,0.937117863806058,0.9630460260457513,0.92970981745186,0.9593420028686523,32100,0.0,0.0
1998-01-09 00:00:00-05:00,0.929709780547354,0.9445258726676306,0.9260057575172849,0.9334138035774231,49300,0.0,0.0
1998-01-12 00:00:00-05:00,0.9482294412023092,0.9519334624570057,0.9223012924194336,0.9223012924194336,45100,0.0,0.0
1998-01-13 00:00:00-05:00,0.9223015734460205,0.9556377748958766,0.9223015734460205,0.9482297301292419,30000,0.0,0.0
1998-01-14 00:00:00-05:00,0.9445257383314046,0.9815659633640087,0.9408217158281442,0.9778619408607483,38600,0.0,0.0
1998-01-15 00:00:00-05:00,0.9704540488363682,0.97415807192353,0.9667500257492065,0.9667500257492065,35400,0.0,0.0
1998-01-16 00:00:00-05:00,0.9704540237899898,0.9741580467815547,0.9482298858406008,0.9556379318237305,62700,0.0,0.0
1998-01-20 00:00:00-05:00,0.951933532494765,0.9778616831852839,0.951933532494765,0.963045597076416,58300,0.0,0.0
1998-01-21 00:00:00-05:00,0.9593420028686523,0.9704540723999494,0.9519339565144542,0.9593420028686523,34100,0.0,0.0
1998-01-22 00:00:00-05:00,0.9519339203834534,0.9741580586025222,0.9482298973469419,0.9519339203834534,75000,0.0,0.0
1998-01-23 00:00:00-05:00,0.9593419664564763,0.9741580586025222,0.9408218512739188,0.9519339203834534,64500,0.0,0.0
1998-01-26 00:00:00-05:00,0.959341797279194,0.9667498420458287,0.9371176629792899,0.9482297301292419,97400,0.0,0.0
1998-01-27 00:00:00-05:00,0.971109938621521,0.971109938621521,0.9444520187377929,0.952068567276001,58600,0.438,0.0
1998-01-28 00:00:00-05:00,0.9596851158142089,0.9634933900833129,0.9406437444686889,0.952068567276001,49600,0.0,0.0
1998-01-29 00:00:00-05:00,0.952068465971664,0.9673015614272106,0.9482601921077773,0.963493287563324,46200,0.0,0.0
1998-01-30 00:00:00-05:00,0.9634931219948663,0.9634931219948663,0.9520683023664686,0.9596848487854004,40600,0.0,0.0
1998-02-02 00:00:00-05:00,1.0053842856189397,1.0053842856189397,0.9596849999089879,0.9673015475273132,67200,0.0,0.0
1998-02-03 00:00:00-05:00,0.9749180951456385,0.9749180951456385,0.9673015475273132,0.9673015475273132,25300,0.0,0.0
1998-02-04 00:00:00-05:00,0.9711097937542945,0.9749180674552917,0.9673015200532973,0.9749180674552917,42400,0.0,0.0
1998-02-05 00:00:00-05:00,0.9749183205997243,0.9749183205997243,0.9634934965301962,0.9711100459098816,31300,0.0,0.0
1998-02-06 00:00:00-05:00,0.9673018301394503,1.00157630443573,0.9673018301394503,1.00157630443573,29700,0.0,0.0
1998-02-09 00:00:00-05:00,0.9939594544959344,0.9939594544959344,0.9787263594078741,0.9863429069519043,24400,0.0,0.0
1998-02-10 00:00:00-05:00,0.9787263594078741,0.9939594544959344,0.9787263594078741,0.9863429069519043,31300,0.0,0.0
1998-02-11 00:00:00-05:00,0.9825346331798892,0.9939594544959344,0.9825346331798892,0.9863429069519043,39000,0.0,0.0
1998-02-12 00:00:00-05:00,0.9825348258018494,0.990151374839073,0.9749182767646257,0.9825348258018494,45600,0.0,0.0
1998-02-13 00:00:00-05:00,0.9863429069519043,0.9863429069519043,0.9787263594078741,0.9863429069519043,23900,0.0,0.0
1998-02-17 00:00:00-05:00,0.978726487159729,0.982534761428833,0.952068567276001,0.952068567276001,57100,0.0,0.0
1998-02-18 00:00:00-05:00,0.9520683023664686,0.9673013952043321,0.9482600291570027,0.9596848487854004,28400,0.0,0.0
1998-02-19 00:00:00-05:00,0.9634934965301962,0.9711100459098816,0.9596852218403535,0.9711100459098816,18900,0.0,0.0
1998-02-20 00:00:00-05:00,0.9558765755759344,0.971109668413798,0.9558765755759344,0.9596848487854004,30600,0.0,0.0
1998-02-23 00:00:00-05:00,0.955876841545105,0.9634933900833129,0.948260293006897,0.952068567276001,50500,0.0,0.0
1998-02-24 00:00:00-05:00,0.952068567276001,0.952068567276001,0.9444520187377929,0.952068567276001,28700,0.0,0.0
1998-02-25 00:00:00-05:00,0.936835484332349,0.9558768559651203,0.936835484332349,0.9482603073120117,61600,0.0,0.0
1998-02-26 00:00:00-05:00,0.9558770823769452,0.9558770823769452,0.9292191557767915,0.9368357062339783,56000,0.0,0.0
1998-02-27 00:00:00-05:00,0.9406439814625717,0.9482605319197585,0.9330274310053849,0.9368357062339783,31300,0.0,0.0
1998-03-02 00:00:00-05:00,0.9254105229023074,0.9292187966591071,0.8987526066047101,0.9216022491455078,125300,0.0,0.0
1998-03-03 00:00:00-05:00,0.9254108974053157,0.9254108974053157,0.9101777962134586,0.9177943468093872,64500,0.0,0.0
1998-03-04 00:00:00-05:00,0.9330274480012442,0.9330274480012442,0.9177943468093872,0.9177943468093872,58500,0.0,0.0
1998-03-05 00:00:00-05:00,0.9139857292175293,0.9254105508327484,0.9101774553457895,0.9139857292175293,70000,0.0,0.0
1998-03-06 00:00:00-05:00,0.9063696423663369,0.9101779181745988,0.902561366558075,0.902561366558075,64800,0.0,0.0
1998-03-09 00:00:00-05:00,0.894944429397583,0.9025609777328816,0.8835196068946352,0.894944429397583,115500,0.0,0.0
1998-03-10 00:00:00-05:00,0.8911356549513967,0.9444514633672922,0.8873273829216899,0.9406431913375854,189300,0.0,0.0
1998-03-11 00:00:00-05:00,0.9406437729635546,0.9520685961169582,0.9330272241946189,0.9444520473480225,84300,0.0,0.0
1998-03-12 00:00:00-05:00,0.9368354985790868,0.9482603217324903,0.9330272241946189,0.9444520473480225,67600,0.0,0.0
1998-03-13 00:00:00-05:00,0.9330270704159067,0.9406436179295059,0.9216022491455078,0.9216022491455078,44700,0.0,0.0
1998-03-16 00:00:00-05:00,0.9216022491455078,0.9254105229023074,0.9063691541183093,0.9216022491455078,84200,0.0,0.0
1998-03-17 00:00:00-05:00,0.9216027455993845,0.9216027455993845,0.898753090749813,0.902561366558075,132700,0.0,0.0
1998-03-18 00:00:00-05:00,0.8949444907479704,0.9139858628915444,0.887327941890541,0.9101775884628296,99300,0.0,0.0
1998-03-19 00:00:00-05:00,0.9101774278751089,0.9254105229023074,0.9101774278751089,0.9216022491455078,81600,0.0,0.0
1998-03-20 00:00:00-05:00,0.9216018311890513,0.9444514633672922,0.9177935591593445,0.9406431913375854,62200,0.0,0.0
1998-03-23 00:00:00-05:00,0.9406436179295059,0.959684986713504,0.9216022491455078,0.9216022491455078,129300,0.0,0.0
1998-03-24 00:00:00-05:00,0.9216026053196046,0.9558770823769452,0.9216026053196046,0.9368357062339783,96700,0.0,0.0
1998-03-25 00:00:00-05:00,0.944452166557312,0.944452166557312,0.9216025173664093,0.9292190670967102,36500,0.0,0.0
1998-03-26 00:00:00-05:00,0.9292191727032799,0.9368357232992085,0.9139860715114229,0.9177943468093872,51900,0.0,0.0
1998-03-27 00:00:00-05:00,0.9254106694864014,0.9254106694864014,0.8911362002461644,0.898752748966217,69900,0.0,0.0
1998-03-30 00:00:00-05:00,0.9101771883698492,0.9139854611245348,0.8797110063323648,0.8873275518417358,120700,0.0,0.0
1998-03-31 00:00:00-05:00,0.894944429397583,0.9063692519005309,0.8911361552299337,0.894944429397583,111600,0.0,0.0
1998-04-01 00:00:00-05:00,0.8949445035213078,0.8987527780043773,0.8873279545551691,0.8911362290382385,65800,0.0,0.0
1998-04-02 00:00:00-05:00,0.8911361552299337,0.894944429397583,0.8911361552299337,0.894944429397583,103000,0.0,0.0
1998-04-03 00:00:00-05:00,0.898752748966217,0.9063692976862697,0.8949444746061906,0.898752748966217,73700,0.0,0.0
1998-04-06 00:00:00-04:00,0.8987523701057926,0.8987523701057926,0.8873275518417358,0.8873275518417358,90900,0.0,0.0
1998-04-07 00:00:00-04:00,0.8835193047791848,0.8873275776446123,0.8720944861829023,0.8797110319137573,87300,0.0,0.0
1998-04-08 00:00:00-04:00,0.879711078415657,0.8911358976158603,0.8682862592154537,0.8835193514823914,99000,0.0,0.0
1998-04-09 00:00:00-04:00,0.8759030529055827,0.8797113270486504,0.8606699563333117,0.8644782304763794,118900,0.0,0.0
1998-04-13 00:00:00-04:00,0.8606702442522403,0.8606702442522403,0.8149709392476965,0.8225874900817871,225000,0.0,0.0
1998-04-14 00:00:00-04:00,0.8225872146273123,0.8225872146273123,0.780696199067588,0.7845044732093811,323400,0.0,0.0
1998-04-15 00:00:00-04:00,0.7820080436912237,0.7974170691826764,0.7743035309454974,0.7858603000640869,224300,0.147,0.0
1998-04-16 00:00:00-04:00,0.8012694294012866,0.8051216862734082,0.7858604019128004,0.7935649156570435,115500,0.0,0.0
1998-04-17 00:00:00-04:00,0.7935645307813372,0.8089735507965088,0.7935645307813372,0.8089735507965088,74100,0.0,0.0
1998-04-20 00:00:00-04:00,0.8012694805716547,0.8089739948079206,0.7897127092172558,0.7974172234535217,78200,0.0,0.0
1998-04-21 00:00:00-04:00,0.7974172234535217,0.8012694805716547,0.7935649663353888,0.7974172234535217,63900,0.0,0.0
1998-04-22 00:00:00-04:00,0.7974172234535217,0.8012694805716547,0.7935649663353888,0.7974172234535217,83600,0.0,0.0
1998-04-23 00:00:00-04:00,0.7935649842750736,0.80512175589073,0.7820082126594171,0.7897127270698547,86900,0.0,0.0
1998-04-24 00:00:00-04:00,0.7820085217856397,0.7897130392416559,0.7165201234095024,0.7627472281455994,94200,0.0,0.0
1998-04-27 00:00:00-04:00,0.7511900404360906,0.7511900404360906,0.7203719874951228,0.7357810139656067,122000,0.0,0.0
1998-04-28 00:00:00-04:00,0.7280763164162636,0.7550421059131622,0.7280763164162636,0.7396330833435059,68900,0.0,0.0
1998-04-29 00:00:00-04:00,0.747337897812448,0.7897127270698547,0.7434856406072291,0.7897127270698547,72100,0.0,0.0
1998-04-30 00:00:00-04:00,0.7820081888739743,0.7974172172261709,0.774303674697876,0.774303674697876,67800,0.0,0.0
1998-05-01 00:00:00-04:00,0.77430383554486,0.8166786723159718,0.7704515776565771,0.805121898651123,47700,0.0,0.0
1998-05-04 00:00:00-04:00,0.8012697003745094,0.8089742167242643,0.7704516349754897,0.7820084095001221,77300,0.0,0.0
1998-05-05 00:00:00-04:00,0.7820079559087753,0.7858602118492126,0.755042164325714,0.7704511880874634,57000,0.0,0.0
1998-05-06 00:00:00-04:00,0.766599145166728,0.7781559161993923,0.7550423741340637,0.7550423741340637,46400,0.0,0.0
1998-05-07 00:00:00-04:00,0.7627466171979904,0.7627466171979904,0.7357808277010918,0.7396330833435059,71900,0.0,0.0
1998-05-08 00:00:00-04:00,0.7357808277010918,0.747337594628334,0.7357808277010918,0.7396330833435059,75500,0.0,0.0
1998-05-11 00:00:00-04:00,0.7396334693545387,0.7396334693545387,0.7242244387429858,0.728076696395874,113200,0.0,0.0
1998-05-12 00:00:00-04:00,0.7242240982259659,0.7357808657508483,0.7203718423843384,0.7203718423843384,88200,0.0,0.0
1998-05-13 00:00:00-04:00,0.7203718423843384,0.7357808657508483,0.7203718423843384,0.7203718423843384,59300,0.0,0.0
1998-05-14 00:00:00-04:00,0.7203717373512887,0.7280762479111955,0.7126672267913818,0.7126672267913818,69700,0.0,0.0
1998-05-15 00:00:00-04:00,0.7126675335609395,0.7203720474372739,0.6972585058082704,0.7088152766227722,74100,0.0,0.0
1998-05-18 00:00:00-04:00,0.7011110095654504,0.7165200427427131,0.6779974597995564,0.6818497180938721,72000,0.0,0.0
1998-05-19 00:00:00-04:00,0.6779973381444028,0.6857018533505891,0.6394747621134708,0.6587360501289368,190200,0.0,0.0
1998-05-20 00:00:00-04:00,0.662588279822777,0.6741450521452673,0.6471792500594566,0.6702927947044373,106700,0.0,0.0
1998-05-21 00:00:00-04:00,0.6702924187118943,0.7165194820713352,0.6702924187118943,0.7126672267913818,58900,0.0,0.0
1998-05-22 00:00:00-04:00,0.7049627975448147,0.7049627975448147,0.6857015189233717,0.7011105418205261,53100,0.0,0.0
1998-05-26 00:00:00-04:00,0.6972582860962375,0.7088150532691033,0.6702924960262172,0.7011105418205261,57700,0.0,0.0
1998-05-27 00:00:00-04:00,0.6818495247253151,0.6818495247253151,0.6471792099087738,0.6625882387161255,96600,0.0,0.0
1998-05-28 00:00:00-04:00,0.6625883077320299,0.6741450805413095,0.6587360501289368,0.6587360501289368,49000,0.0,0.0
1998-05-29 00:00:00-04:00,0.6625882569481345,0.6741450288716485,0.6510314850246205,0.6548837423324585,47300,0.0,0.0
1998-06-01 00:00:00-04:00,0.6664405142559725,0.6741450288716485,0.6510314850246205,0.6548837423324585,30900,0.0,0.0
1998-06-02 00:00:00-04:00,0.6548838308471405,0.6587360886756531,0.6394747995330902,0.6433270573616028,58300,0.0,0.0
1998-06-03 00:00:00-04:00,0.6356224327920431,0.6510314614657896,0.6317701756236065,0.6394746899604797,45800,0.0,0.0
1998-06-04 00:00:00-04:00,0.6394747220552884,0.6548837515024039,0.6394747220552884,0.651031494140625,65500,0.0,0.0
1998-06-05 00:00:00-04:00,0.6741447966884483,0.6972583325749094,0.658735772764141,0.6779970526695251,65300,0.0,0.0
1998-06-08 00:00:00-04:00,0.6779972861794864,0.6779972861794864,0.6471792277167825,0.6548837423324585,47200,0.0,0.0
1998-06-09 00:00:00-04:00,0.6741448806200413,0.6741448806200413,0.6664403676986694,0.6664403676986694,57700,0.0,0.0
1998-06-10 00:00:00-04:00,0.6625882387161255,0.6664404959179634,0.6548837243124496,0.6625882387161255,49900,0.0,0.0
1998-06-11 00:00:00-04:00,0.6587359815142875,0.6702927531198013,0.6510314671106117,0.6625882387161255,117300,0.0,0.0
1998-06-12 00:00:00-04:00,0.6625882329710995,0.6625882329710995,0.6317701756236065,0.6394746899604797,86400,0.0,0.0
1998-06-15 00:00:00-04:00,0.6394747976930986,0.6394747976930986,0.6163612507885288,0.620213508605957,65100,0.0,0.0
1998-06-16 00:00:00-04:00,0.6202137143146701,0.6356227506951588,0.6202137143146701,0.6317704916000366,77400,0.0,0.0
1998-06-17 00:00:00-04:00,0.6394747131011065,0.6702927715638105,0.6356224557932686,0.6548837423324585,142800,0.0,0.0
1998-06-18 00:00:00-04:00,0.6625881535666329,0.6625881535666329,0.6356223566191537,0.647179126739502,53800,0.0,0.0
1998-06-19 00:00:00-04:00,0.6433269471289164,0.647179204297353,0.6240656612867332,0.6394746899604797,44800,0.0,0.0
1998-06-22 00:00:00-04:00,0.6356225203882697,0.6356225203882697,0.6163612318916555,0.627918004989624,100100,0.0,0.0
1998-06-23 00:00:00-04:00,0.6356224383032599,0.6625882387161255,0.6317701811014219,0.6625882387161255,78900,0.0,0.0
1998-06-24 00:00:00-04:00,0.7242245593313443,0.7242245593313443,0.6702929432109251,0.6818497180938721,118700,0.0,0.0
1998-06-25 00:00:00-04:00,0.681849798815591,0.6857020575659616,0.6587362463133676,0.6741452813148499,72300,0.0,0.0
1998-06-26 00:00:00-04:00,0.6741450521452673,0.6818495670269276,0.6664405372636071,0.6702927947044373,37200,0.0,0.0
1998-06-29 00:00:00-04:00,0.6625881112379834,0.6779971370807273,0.6587358547772976,0.6664403676986694,42500,0.0,0.0
1998-06-30 00:00:00-04:00,0.6625883077320299,0.6702928229382163,0.6510315349227503,0.6587360501289368,38400,0.0,0.0
1998-07-01 00:00:00-04:00,0.6548837243124496,0.6664404959179634,0.6510314671106117,0.6625882387161255,42500,0.0,0.0
1998-07-02 00:00:00-04:00,0.6664403676986694,0.6664403676986694,0.6548835983166116,0.6664403676986694,43500,0.0,0.0
1998-07-06 00:00:00-04:00,0.6702927531198013,0.6702927531198013,0.6587359815142875,0.6625882387161255,25700,0.0,0.0
1998-07-07 00:00:00-04:00,0.6587360501289368,0.6587360501289368,0.6510315349227503,0.6587360501289368,65700,0.0,0.0
1998-07-08 00:00:00-04:00,0.6587358968598502,0.6587358968598502,0.647179126739502,0.647179126739502,54200,0.0,0.0
1998-07-09 00:00:00-04:00,0.651031653808825,0.651031653808825,0.6317703622760195,0.6356226205825806,37100,0.0,0.0
1998-07-10 00:00:00-04:00,0.6317703326543171,0.6356225907802582,0.6009522676467896,0.6009522676467896,135200,0.0,0.0
1998-07-13 00:00:00-04:00,0.6086567838986714,0.6086567838986714,0.6009522676467896,0.6009522676467896,58800,0.0,0.0
1998-07-14 00:00:00-04:00,0.600952248030071,0.616361280030842,0.5893954740294927,0.6086567640304565,112200,0.0,0.0
1998-07-15 00:00:00-04:00,0.6012399196624756,0.6051188868861045,0.5818450835443312,0.6012399196624756,69100,0.068,0.0
1998-07-16 00:00:00-04:00,0.5857243236058798,0.6051191687583923,0.5857243236058798,0.6051191687583923,75700,0.0,0.0
1998-07-17 00:00:00-04:00,0.5973610877990723,0.6089979921068465,0.5934821196964809,0.5973610877990723,58900,0.0,0.0
1998-07-20 00:00:00-04:00,0.5934821367263794,0.5973611049402773,0.5934821367263794,0.5934821367263794,29500,0.0,0.0
1998-07-21 00:00:00-04:00,0.5973608061771265,0.5973608061771265,0.5779659748077393,0.5779659748077393,61000,0.0,0.0
1998-07-22 00:00:00-04:00,0.5779663254953411,0.5779663254953411,0.5585714823579135,0.5663294196128845,73100,0.0,0.0
1998-07-23 00:00:00-04:00,0.5663294995272601,0.5663294995272601,0.5003870235549079,0.5236608386039734,137200,0.0,0.0
1998-07-24 00:00:00-04:00,0.527539403621967,0.5314183698250697,0.49650767399714546,0.5042656064033508,70400,0.0,0.0
1998-07-27 00:00:00-04:00,0.4965077549958032,0.5042656886676126,0.45383911980085134,0.4693549871444702,116600,0.0,0.0
1998-07-28 00:00:00-04:00,0.44220214715370765,0.5120235388095562,0.44220214715370765,0.5042656064033508,151300,0.0,0.0
1998-07-29 00:00:00-04:00,0.5003869170727937,0.5430555689162102,0.5003869170727937,0.5352976322174072,82300,0.0,0.0
1998-07-30 00:00:00-04:00,0.527539670050561,0.5818452243204717,0.527539670050561,0.5546924471855164,68600,0.0,0.0
1998-07-31 00:00:00-04:00,0.5508135056150132,0.5546924739644148,0.5236607271692028,0.5352976322174072,53600,0.0,0.0
1998-08-03 00:00:00-04:00,0.5430552674763238,0.5508131998688427,0.5159025041025076,0.5197814702987671,50300,0.0,0.0
1998-08-04 00:00:00-04:00,0.5275396180875374,0.5275396180875374,0.5120237469673157,0.5120237469673157,46000,0.0,0.0
1998-08-05 00:00:00-04:00,0.5003867802374503,0.554692322278724,0.5003867802374503,0.5275395512580872,61300,0.0,0.0
1998-08-06 00:00:00-04:00,0.5159027576446533,0.5546924386705672,0.5159027576446533,0.543055534362793,61300,0.0,0.0
1998-08-07 00:00:00-04:00,0.5314187293357038,0.5508135734720433,0.5275397605084358,0.5469346046447754,40900,0.0,0.0
1998-08-10 00:00:00-04:00,0.5546924739644148,0.5546924739644148,0.5275396955186042,0.5352976322174072,38000,0.0,0.0
1998-08-11 00:00:00-04:00,0.5352975536476482,0.5352975536476482,0.5081447791872603,0.5120237469673157,77200,0.0,0.0
1998-08-12 00:00:00-04:00,0.5081446035765111,0.5197815028950572,0.4965077042579651,0.4965077042579651,72300,0.0,0.0
1998-08-13 00:00:00-04:00,0.5042656064033508,0.5042656064033508,0.49650767399714546,0.5042656064033508,53200,0.0,0.0
1998-08-14 00:00:00-04:00,0.5003868274222639,0.5236606333488809,0.5003868274222639,0.5159026980400085,55900,0.0,0.0
1998-08-17 00:00:00-04:00,0.5159026711951685,0.5159026711951685,0.5042657688373828,0.508144736289978,35100,0.0,0.0
1998-08-18 00:00:00-04:00,0.5042657688373828,0.523660606100359,0.5042657688373828,0.508144736289978,46100,0.0,0.0
1998-08-19 00:00:00-04:00,0.508144736289978,0.5197816386477638,0.4965078339321923,0.508144736289978,81100,0.0,0.0
1998-08-20 00:00:00-04:00,0.5042656064033508,0.5042656064033508,0.5003866402002481,0.5042656064033508,28600,0.0,0.0
1998-08-21 00:00:00-04:00,0.5042658265559904,0.5042658265559904,0.4732340833833141,0.48099201917648315,54100,0.0,0.0
1998-08-24 00:00:00-04:00,0.48099212074279785,0.49650799560546877,0.47323418331146244,0.4848710894584656,32000,0.0,0.0
1998-08-25 00:00:00-04:00,0.48099207405060057,0.49650794740707155,0.4771131057114828,0.48875001072883606,40000,0.0,0.0
1998-08-26 00:00:00-04:00,0.4926289228662368,0.4926289228662368,0.46935511548672953,0.48099201917648315,20100,0.0,0.0
1998-08-27 00:00:00-04:00,0.4809920271237691,0.4809920271237691,0.4654761552810669,0.4654761552810669,55200,0.0,0.0
1998-08-28 00:00:00-04:00,0.46547596194163093,0.4732338946406581,0.4538390628930902,0.4615969955921173,58700,0.0,0.0
1998-08-31 00:00:00-04:00,0.46935494501015235,0.46935494501015235,0.4499601125717163,0.4499601125717163,55900,0.0,0.0
1998-09-01 00:00:00-04:00,0.47323391149783955,0.47323391149783955,0.4344442466209675,0.4499601125717163,77200,0.0,0.0
1998-09-02 00:00:00-04:00,0.44996044719428346,0.44996044719428346,0.43832353907718996,0.44220250844955444,52600,0.0,0.0
1998-09-03 00:00:00-04:00,0.4422024243644306,0.4422024243644306,0.43444448709487915,0.43444448709487915,77500,0.0,0.0
1998-09-04 00:00:00-04:00,0.43444448709487915,0.4422024243644306,0.43056551846010344,0.43444448709487915,86900,0.0,0.0
1998-09-08 00:00:00-04:00,0.4732338946406581,0.48099182733968526,0.45771802924260374,0.4615969955921173,233300,0.0,0.0
1998-09-09 00:00:00-04:00,0.46159730553627015,0.46159730553627015,0.4460814297199249,0.4460814297199249,76600,0.0,0.0
1998-09-10 00:00:00-04:00,0.4383234648704529,0.49650799560546877,0.4383234648704529,0.4848710894584656,86600,0.0,0.0
1998-09-11 00:00:00-04:00,0.4887499111454661,0.5081447488893338,0.46935507340159843,0.4771130084991455,77700,0.0,0.0
1998-09-14 00:00:00-04:00,0.4693550617640255,0.5197816386477638,0.4693550617640255,0.508144736289978,87600,0.0,0.0
1998-09-15 00:00:00-04:00,0.515902854026632,0.5546925422993112,0.5042659475448283,0.5469346046447754,86100,0.0,0.0
1998-09-16 00:00:00-04:00,0.5508135056150132,0.5508135056150132,0.5314186638680057,0.5352976322174072,45300,0.0,0.0
1998-09-17 00:00:00-04:00,0.543055489207759,0.543055489207759,0.496507875847094,0.5120237469673157,50500,0.0,0.0
1998-09-18 00:00:00-04:00,0.5159026711951685,0.5159026711951685,0.492628866479597,0.508144736289978,27900,0.0,0.0
1998-09-21 00:00:00-04:00,0.5159027904703998,0.5391766005668087,0.5120238221209982,0.5352976322174072,30500,0.0,0.0
1998-09-22 00:00:00-04:00,0.5314184427261353,0.543055342931817,0.527539475990908,0.5314184427261353,21400,0.0,0.0
1998-09-23 00:00:00-04:00,0.5508135734720433,0.5663294487811149,0.5391766669902396,0.5469346046447754,85500,0.0,0.0
1998-09-24 00:00:00-04:00,0.5663290909818701,0.5740870237350464,0.562450124605282,0.5740870237350464,77300,0.0,0.0
1998-09-25 00:00:00-04:00,0.5740874592138796,0.581845397851905,0.5585715819378289,0.5702084898948669,60400,0.0,0.0
1998-09-28 00:00:00-04:00,0.5779662806736796,0.5896031856536865,0.5702083440203416,0.5896031856536865,52700,0.0,0.0
1998-09-29 00:00:00-04:00,0.5779662806736796,0.5896031856536865,0.5663293756936726,0.5896031856536865,79300,0.0,0.0
1998-09-30 00:00:00-04:00,0.5857239073554942,0.5896028736293716,0.5663290759861069,0.5779659748077393,29800,0.0,0.0
1998-10-01 00:00:00-04:00,0.57020838824037,0.5896032313777976,0.5663294196128845,0.5663294196128845,84400,0.0,0.0
1998-10-02 00:00:00-04:00,0.5663294552101029,0.5818453306953112,0.5585715174674988,0.5585715174674988,76600,0.0,0.0
1998-10-05 00:00:00-04:00,0.5585715111265791,0.5663294487811149,0.5430556358175075,0.5469346046447754,65500,0.0,0.0
1998-10-06 00:00:00-04:00,0.5469345024653843,0.5624503748757499,0.5352975981576102,0.543055534362793,55100,0.0,0.0
1998-10-07 00:00:00-04:00,0.5352975084581448,0.5430554433633353,0.5042657688373828,0.508144736289978,59700,0.0,0.0
1998-10-08 00:00:00-04:00,0.5003868586594059,0.5003868586594059,0.46935511548672953,0.48099201917648315,81200,0.0,0.0
1998-10-09 00:00:00-04:00,0.46935508974262924,0.47323405742645264,0.46547612205880584,0.47323405742645264,41000,0.0,0.0
1998-10-12 00:00:00-04:00,0.4771130084991455,0.4887499111454661,0.46935507340159843,0.4771130084991455,41200,0.0,0.0
1998-10-13 00:00:00-04:00,0.47323418331146244,0.4887500581741333,0.47323418331146244,0.4848710894584656,36700,0.0,0.0
1998-10-14 00:00:00-04:00,0.4804958219899506,0.4844022920874299,0.47268288179499207,0.4765893518924713,21500,0.055,0.0
1998-10-15 00:00:00-04:00,0.4726829349994659,0.4765894055366516,0.4648699939250946,0.4687764644622803,49100,0.0,0.0
1998-10-16 00:00:00-04:00,0.4687762961668127,0.47268276530153613,0.4570568887626424,0.46486982703208923,37100,0.0,0.0
1998-10-19 00:00:00-04:00,0.47268259525299067,0.4804955307117178,0.4648696597942636,0.4726825952529907,40700,0.0,0.0
1998-10-20 00:00:00-04:00,0.4765894055366516,0.48049587607383726,0.4687764644622803,0.4687764644622803,42300,0.0,0.0
1998-10-21 00:00:00-04:00,0.49221523228238845,0.49221523228238845,0.47268288179499207,0.4765893518924713,42100,0.0,0.0
1998-10-22 00:00:00-04:00,0.47658935189247137,0.500028172477347,0.47268288179499207,0.4765893518924713,65500,0.0,0.0
1998-10-23 00:00:00-04:00,0.47658935189247137,0.4844022920874299,0.47658935189247137,0.4765893518924713,30300,0.0,0.0
1998-10-26 00:00:00-05:00,0.4765891258533185,0.5078408718109131,0.4765891258533185,0.5078408718109131,70200,0.0,0.0
1998-10-27 00:00:00-05:00,0.5078410037926264,0.5078410037926264,0.48440218823296677,0.4922151267528534,59700,0.0,0.0
1998-10-28 00:00:00-05:00,0.4804957105267432,0.4883086489092919,0.4804957105267432,0.4844021797180176,41400,0.0,0.0
1998-10-29 00:00:00-05:00,0.4844021797180175,0.49221511810056623,0.47658924133546887,0.4844021797180176,34800,0.0,0.0
1998-10-30 00:00:00-05:00,0.4804956834700148,0.4804956834700148,0.46096333861351013,0.46096333861351013,38500,0.0,0.0
1998-11-02 00:00:00-05:00,0.46877612752362713,0.48440199844108134,0.4648696597942636,0.4726825952529907,44300,0.0,0.0
1998-11-03 00:00:00-05:00,0.47268274552741296,0.4765892144987139,0.4570568696422092,0.46096333861351013,64000,0.0,0.0
1998-11-04 00:00:00-05:00,0.46877627655611204,0.47268274552741296,0.4570568696422092,0.46096333861351013,65500,0.0,0.0
1998-11-05 00:00:00-05:00,0.4687764644622803,0.48049587607383726,0.4687764644622803,0.4687764644622803,47300,0.0,0.0
1998-11-06 00:00:00-05:00,0.4687764644622803,0.4726829349994659,0.4648699939250946,0.4687764644622803,57300,0.0,0.0
1998-11-09 00:00:00-05:00,0.4687762961668127,0.4687762961668127,0.4609633578973658,0.46486982703208923,56200,0.0,0.0
1998-11-10 00:00:00-05:00,0.46096334905705905,0.4648698181168646,0.44924394187764227,0.4570568799972534,77000,0.0,0.0
1998-11-11 00:00:00-05:00,0.449244040867378,0.4726828603908934,0.449244040867378,0.45315051078796387,62100,0.0,0.0
1998-11-12 00:00:00-05:00,0.45705711349197053,0.46487005560294437,0.44924417138099665,0.4492441713809967,67100,0.0,0.0
1998-11-13 00:00:00-05:00,0.4765892497130802,0.49221512675285334,0.46486984193325037,0.4922151267528534,70500,0.0,0.0
1998-11-16 00:00:00-05:00,0.4687762961668127,0.47268276530153613,0.4531504196279189,0.46486982703208923,74800,0.0,0.0
1998-11-17 00:00:00-05:00,0.45705711349197053,0.45705711349197053,0.44533770032550973,0.4492441713809967,75000,0.0,0.0
1998-11-18 00:00:00-05:00,0.4492438630720155,0.4492438630720155,0.4375244579483978,0.441430926322937,92400,0.0,0.0
1998-11-19 00:00:00-05:00,0.4375245286784041,0.44143099768446126,0.42580512166023254,0.42580512166023254,130300,0.0,0.0
1998-11-20 00:00:00-05:00,0.4258052475817569,0.43752465806565843,0.41408583709785535,0.4336181879043579,111800,0.0,0.0
1998-11-23 00:00:00-05:00,0.4375242869059245,0.4375242869059245,0.4062725521269299,0.4101790189743042,126200,0.0,0.0
1998-11-24 00:00:00-05:00,0.39846001285137517,0.4062729542798335,0.3906470714229168,0.394553542137146,146400,0.0,0.0
1998-11-25 00:00:00-05:00,0.3906468968642386,0.3906468968642386,0.3672080830523842,0.3711145520210266,189300,0.0,0.0
1998-11-27 00:00:00-05:00,0.3633017151644735,0.39064700555319737,0.3633017151644735,0.3867405354976654,100300,0.0,0.0
1998-11-30 00:00:00-05:00,0.3750211201357038,0.39064700014135817,0.34767583012580877,0.3476758301258087,139000,0.0,0.0
1998-12-01 00:00:00-05:00,0.3476758037888727,0.35158227349436566,0.3281434552614079,0.3359563946723938,194600,0.0,0.0
1998-12-02 00:00:00-05:00,0.32814341783523554,0.347675764134952,0.32814341783523554,0.3281434178352356,123800,0.0,0.0
1998-12-03 00:00:00-05:00,0.3242368996143341,0.3437692429645952,0.32033043094428193,0.3242368996143341,142300,0.0,0.0
1998-12-04 00:00:00-05:00,0.3242369418657279,0.3320498802239382,0.30861106514930725,0.30861106514930725,147800,0.0,0.0
1998-12-07 00:00:00-05:00,0.31251752531373655,0.3164239943801582,0.2968916490480497,0.30079811811447144,173000,0.0,0.0
1998-12-08 00:00:00-05:00,0.3007981507359324,0.3086110897160865,0.28517227277562424,0.2890787422657013,196000,0.0,0.0
1998-12-09 00:00:00-05:00,0.2968916490480497,0.3047045871808931,0.28126577278236287,0.30079811811447144,283100,0.0,0.0
1998-12-10 00:00:00-05:00,0.30861102493412523,0.3242368996143341,0.3007980875940208,0.3242368996143341,165200,0.0,0.0
1998-12-11 00:00:00-05:00,0.32033047472175796,0.32033047472175796,0.2968916594982147,0.2968916594982147,142700,0.0,0.0
1998-12-14 00:00:00-05:00,0.29298520088195795,0.3007981395721435,0.28517226219177244,0.292985200881958,134300,0.0,0.0
1998-12-15 00:00:00-05:00,0.28907869286733134,0.2968916305123943,0.2812657552222683,0.2851722240447998,124100,0.0,0.0
1998-12-16 00:00:00-05:00,0.28907872523580275,0.3398628256150654,0.28907872523580275,0.3281434178352356,215900,0.0,0.0
1998-12-17 00:00:00-05:00,0.3242370236665011,0.3281434938311577,0.3047046728432179,0.31251761317253113,138500,0.0,0.0
1998-12-18 00:00:00-05:00,0.30079811811447144,0.30861105624731483,0.30079811811447144,0.30079811811447144,82900,0.0,0.0
1998-12-21 00:00:00-05:00,0.30079811811447144,0.30861105624731483,0.2851722418487846,0.30079811811447144,189800,0.0,0.0
1998-12-22 00:00:00-05:00,0.28907869286733134,0.30079809933492585,0.2851722240447998,0.2851722240447998,191000,0.0,0.0
1998-12-23 00:00:00-05:00,0.2851722240447998,0.30079809933492585,0.2812657552222683,0.2851722240447998,175900,0.0,0.0
1998-12-24 00:00:00-05:00,0.28517225007467634,0.30861106514930725,0.2812657808955712,0.30861106514930725,99900,0.0,0.0
1998-12-28 00:00:00-05:00,0.3007981507359324,0.3047046202260094,0.28517227277562424,0.2890787422657013,246400,0.0,0.0
1998-12-29 00:00:00-05:00,0.2812658032855472,0.2929852117557783,0.2812658032855472,0.2890787422657013,185900,0.0,0.0
1998-12-30 00:00:00-05:00,0.28907869286733134,0.30470456815745733,0.2812657552222683,0.2851722240447998,378000,0.0,0.0
1998-12-31 00:00:00-05:00,0.28126579284667963,0.3047046089172363,0.26954638481140136,0.292985200881958,313200,0.0,0.0
1999-01-04 00:00:00-05:00,0.3086111170404098,0.33595640589209164,0.3086111170404098,0.3320499360561371,233800,0.0,0.0
1999-01-05 00:00:00-05:00,0.3437693601243952,0.36330171013146306,0.32423701011732725,0.3476758301258087,140000,0.0,0.0
1999-01-06 00:00:00-05:00,0.3633016756047373,0.36720814523489576,0.3398628578237865,0.35939520597457886,92100,0.0,0.0
1999-01-07 00:00:00-05:00,0.35939514511509946,0.3711145520210266,0.3437692692405299,0.3711145520210266,133500,0.0,0.0
1999-01-08 00:00:00-05:00,0.37111472538722456,0.37111472538722456,0.3593953130065754,0.3633017838001251,87000,0.0,0.0
1999-01-11 00:00:00-05:00,0.37111468469867337,0.4218987994469129,0.363301743968175,0.40627291798591614,204800,0.0,0.0
1999-01-12 00:00:00-05:00,0.4062725521269299,0.41408548582167853,0.39845961843218125,0.4101790189743042,234100,0.0,0.0
1999-01-13 00:00:00-05:00,0.4062727938095728,0.4062727938095728,0.35158222541213036,0.3750210404396057,153800,0.0,0.0
1999-01-14 00:00:00-05:00,0.35158230012722236,0.3593952401300495,0.34767583012580877,0.3476758301258087,92400,0.0,0.0
1999-01-15 00:00:00-05:00,0.35548864897475185,0.3633015863148563,0.31251749360417747,0.3242368996143341,110400,0.0,0.0
1999-01-19 00:00:00-05:00,0.31251754289791905,0.33595635861526296,0.31251754289791905,0.31642401218414307,115400,0.0,0.0
1999-01-20 00:00:00-05:00,0.33595642676720255,0.33595642676720255,0.3047046661376953,0.3047046661376953,79600,0.0,0.0
1999-01-21 00:00:00-05:00,0.3047046043254711,0.320330481470367,0.3047046043254711,0.31642401218414307,34000,0.0,0.0
1999-01-22 00:00:00-05:00,0.3164240035075176,0.32033047268662274,0.30861106514930725,0.30861106514930725,46900,0.0,0.0
1999-01-25 00:00:00-05:00,0.31251753432841245,0.31251753432841245,0.30079812679109696,0.30861106514930725,54300,0.0,0.0
1999-01-26 00:00:00-05:00,0.3164240833371878,0.3281434938311577,0.31251761317253113,0.31251761317253113,49500,0.0,0.0
1999-01-27 00:00:00-05:00,0.3086111430078745,0.3203305535018444,0.3047046728432179,0.31251761317253113,48600,0.0,0.0
1999-01-28 00:00:00-05:00,0.31251760629507214,0.31251760629507214,0.29689172598031854,0.3047046661376953,54900,0.0,0.0
1999-01-29 00:00:00-05:00,0.3047045959702021,0.3164240035075176,0.30079812679109696,0.30861106514930725,38500,0.0,0.0
1999-02-01 00:00:00-05:00,0.31251754289791905,0.320330481470367,0.30861107361169504,0.31642401218414307,25700,0.0,0.0
1999-02-02 00:00:00-05:00,0.30861105624731483,0.31251752531373655,0.30079811811447144,0.30079811811447144,35700,0.0,0.0
1999-02-03 00:00:00-05:00,0.2968916490480497,0.3047045871808931,0.2968916490480497,0.30079811811447144,57800,0.0,0.0
1999-02-04 00:00:00-05:00,0.3007981287021386,0.3007981287021386,0.2851722518864431,0.2968916594982147,71200,0.0,0.0
1999-02-05 00:00:00-05:00,0.3007981395721435,0.3007981395721435,0.2890787315368652,0.292985200881958,42700,0.0,0.0
1999-02-08 00:00:00-05:00,0.2929852117557783,0.29689168124585535,0.2890787422657013,0.2890787422657013,61200,0.0,0.0
1999-02-09 00:00:00-05:00,0.2968916594982147,0.30470459790606247,0.2851722518864431,0.2968916594982147,87400,0.0,0.0
1999-02-10 00:00:00-05:00,0.29298520088195795,0.3047046089172363,0.29298520088195795,0.292985200881958,22100,0.0,0.0
1999-02-11 00:00:00-05:00,0.2929851616898628,0.2968916305123943,0.2851722240447998,0.2851722240447998,53000,0.0,0.0
1999-02-12 00:00:00-05:00,0.28907869286733134,0.28907869286733134,0.2851722240447998,0.2851722240447998,52300,0.0,0.0
1999-02-16 00:00:00-05:00,0.2851722343928284,0.2890787033571137,0.2812657654285431,0.2812657654285431,31400,0.0,0.0
1999-02-17 00:00:00-05:00,0.2812657654285431,0.2890787033571137,0.2812657654285431,0.2812657654285431,53300,0.0,0.0
1999-02-18 00:00:00-05:00,0.2812658032855472,0.2890787422657013,0.2812658032855472,0.2890787422657013,37000,0.0,0.0
1999-02-19 00:00:00-05:00,0.2929852117557783,0.2929852117557783,0.28517227277562424,0.2890787422657013,33100,0.0,0.0
1999-02-22 00:00:00-05:00,0.2851722240447998,0.2929851616898628,0.2851722240447998,0.2851722240447998,49800,0.0,0.0
1999-02-23 00:00:00-05:00,0.2890787109152063,0.30079811811447144,0.2851722418487846,0.30079811811447144,77100,0.0,0.0
1999-02-24 00:00:00-05:00,0.2929851884328866,0.30861106514930725,0.2929851884328866,0.30861106514930725,54400,0.0,0.0
1999-02-25 00:00:00-05:00,0.2890787315368652,0.29689167022705076,0.2890787315368652,0.292985200881958,25900,0.0,0.0
1999-02-26 00:00:00-05:00,0.2968917480656798,0.30079821843496507,0.27735939621925354,0.27735939621925354,79300,0.0,0.0
1999-03-01 00:00:00-05:00,0.28907869286733134,0.28907869286733134,0.27735928639973684,0.2851722240447998,54400,0.0,0.0
1999-03-02 00:00:00-05:00,0.2812657654285431,0.2890787033571137,0.2773592964642578,0.2812657654285431,19100,0.0,0.0
1999-03-03 00:00:00-05:00,0.28517226219177244,0.29689167022705076,0.28517226219177244,0.292985200881958,47400,0.0,0.0
1999-03-04 00:00:00-05:00,0.2968916657530231,0.32423695075659104,0.28907872718057515,0.31642401218414307,116400,0.0,0.0
1999-03-05 00:00:00-05:00,0.31251754289791905,0.320330481470367,0.31251754289791905,0.31642401218414307,100000,0.0,0.0
1999-03-08 00:00:00-05:00,0.3164240400428357,0.36720814523489576,0.3164240400428357,0.35939520597457886,169600,0.0,0.0
1999-03-09 00:00:00-05:00,0.3633016756047373,0.3633016756047373,0.3515822667142619,0.35939520597457886,100100,0.0,0.0
1999-03-10 00:00:00-05:00,0.3711144290134018,0.4023661704040041,0.3711144290134018,0.39845970273017883,158200,0.0,0.0
1999-03-11 00:00:00-05:00,0.41799195266905287,0.42580488636380154,0.41017901897430425,0.4101790189743042,287600,0.0,0.0
1999-03-12 00:00:00-05:00,0.4062729542798335,0.4218988371367502,0.394553542137146,0.394553542137146,138400,0.0,0.0
1999-03-15 00:00:00-05:00,0.39455347014277176,0.39455347014277176,0.3437693601243952,0.3476758301258087,102100,0.0,0.0
1999-03-16 00:00:00-05:00,0.35548873634442035,0.3711146148650542,0.3515822667142619,0.35939520597457886,68100,0.0,0.0
1999-03-17 00:00:00-05:00,0.3750211885660002,0.39846001285137517,0.3750211885660002,0.394553542137146,63200,0.0,0.0
1999-03-18 00:00:00-05:00,0.3906469581262121,0.4258051843575712,0.3906469581262121,0.4140857756137848,126900,0.0,0.0
1999-03-19 00:00:00-05:00,0.4062729179859161,0.4140858587164145,0.3867405661596701,0.40627291798591614,83100,0.0,0.0
1999-03-22 00:00:00-05:00,0.4140856873989105,0.42189862489700314,0.38674040615558625,0.39064687490463257,81100,0.0,0.0
1999-03-23 00:00:00-05:00,0.3906469581262121,0.41408577561378485,0.3906469581262121,0.4140857756137848,83000,0.0,0.0
1999-03-24 00:00:00-05:00,0.4101793561130762,0.4375246465206146,0.4101793561130762,0.4375246465206146,129700,0.0,0.0
1999-03-25 00:00:00-05:00,0.4375245286784041,0.4375245286784041,0.42580512166023254,0.42580512166023254,67400,0.0,0.0
1999-03-26 00:00:00-05:00,0.4336179288950833,0.4453373323787342,0.42580499323931603,0.4297114610671997,139700,0.0,0.0
1999-03-29 00:00:00-05:00,0.4375247001647949,0.4687764644622803,0.4297117590904236,0.4687764644622803,131100,0.0,0.0
1999-03-30 00:00:00-05:00,0.47268274552741296,0.47268274552741296,0.4570568696422092,0.46096333861351013,53700,0.0,0.0
1999-03-31 00:00:00-05:00,0.4648699393639198,0.5586252212524414,0.4336181787344126,0.5586252212524414,366000,0.0,0.0
1999-04-01 00:00:00-05:00,0.5351862886122294,0.5351862886122294,0.4883086574929101,0.4922151267528534,102400,0.0,0.0
1999-04-05 00:00:00-04:00,0.48440218823296677,0.49612159601279665,0.4765892497130802,0.4922151267528534,71000,0.0,0.0
1999-04-06 00:00:00-04:00,0.4961216371059417,0.4961216371059417,0.488308697938919,0.48830869793891907,57800,0.0,0.0
1999-04-07 00:00:00-04:00,0.4883088171482086,0.4883088171482086,0.4687764644622803,0.4687764644622803,53900,0.0,0.0
1999-04-08 00:00:00-04:00,0.4687762871766702,0.4765892252962814,0.4375245346982255,0.4570568799972534,64900,0.0,0.0
1999-04-09 00:00:00-04:00,0.4531504006709083,0.4765892144987139,0.44533746272830643,0.46096333861351013,70500,0.0,0.0
1999-04-12 00:00:00-04:00,0.4570568887626424,0.46486982703208923,0.4531504196279189,0.46486982703208923,40600,0.0,0.0
1999-04-13 00:00:00-04:00,0.45705672433553646,0.4804955307117178,0.45705672433553646,0.4726825952529907,61500,0.0,0.0
1999-04-14 00:00:00-04:00,0.4648699752594295,0.4687764456397609,0.4453376233577728,0.4453376233577728,58000,0.0,0.0
1999-04-15 00:00:00-04:00,0.44143101861399986,0.4844021797180175,0.44143101861399986,0.4844021797180176,98600,0.0,0.0
1999-04-16 00:00:00-04:00,0.4726828196048736,0.4961216371059417,0.4726828196048736,0.48830869793891907,92300,0.0,0.0
1999-04-19 00:00:00-04:00,0.49221523228238845,0.5078411126723056,0.47658935189247137,0.4765893518924713,152000,0.0,0.0
1999-04-20 00:00:00-04:00,0.46486987282590164,0.4961216289822648,0.46486987282590164,0.48049575090408325,38900,0.0,0.0
1999-04-21 00:00:00-04:00,0.48440218823296677,0.49221512675285334,0.47268278045313694,0.4922151267528534,34300,0.0,0.0
1999-04-22 00:00:00-04:00,0.4961216371059417,0.4961216371059417,0.4844022283554077,0.48830869793891907,62900,0.0,0.0
1999-04-23 00:00:00-04:00,0.4804956834700148,0.48440215244131574,0.44533746272830643,0.46096333861351013,94000,0.0,0.0
1999-04-26 00:00:00-04:00,0.44533746669051844,0.44533746669051844,0.42189865265417537,0.42580512166023254,124100,0.0,0.0
1999-04-27 00:00:00-04:00,0.38674048854494997,0.43752459310135755,0.38674048854494997,0.4140857756137848,203500,0.0,0.0
1999-04-28 00:00:00-04:00,0.41017930603252273,0.4218987147763091,0.3984598972887363,0.4140857756137848,132800,0.0,0.0
1999-04-29 00:00:00-04:00,0.4218985254114324,0.43752439672296695,0.4218985254114324,0.4297114610671997,75900,0.0,0.0
1999-04-30 00:00:00-04:00,0.4297118137280146,0.4375247557957967,0.41408592959245044,0.42189887166023254,60300,0.0,0.0
1999-05-03 00:00:00-04:00,0.4218987662877355,0.4375246465206146,0.40236641599663664,0.4375246465206146,199900,0.0,0.0
1999-05-04 00:00:00-04:00,0.4375246465206146,0.44533758663705414,0.42971170640417505,0.4375246465206146,124800,0.0,0.0
1999-05-05 00:00:00-04:00,0.4336182122167788,0.4453376233577728,0.4336182122167788,0.4453376233577728,48600,0.0,0.0
1999-05-06 00:00:00-04:00,0.43752439672296695,0.44143086455085057,0.4297114610671997,0.4297114610671997,40000,0.0,0.0
1999-05-07 00:00:00-04:00,0.41799224519504696,0.4258051843575712,0.41017930603252273,0.4140857756137848,58600,0.0,0.0
1999-05-10 00:00:00-04:00,0.41799240062634146,0.4218988716602325,0.41017945855855936,0.42189887166023254,58500,0.0,0.0
1999-05-11 00:00:00-04:00,0.41408592959245044,0.4297118137280146,0.41408592959245044,0.42189887166023254,50000,0.0,0.0
1999-05-12 00:00:00-04:00,0.41408577561378485,0.41799224519504696,0.41017930603252273,0.4140857756137848,61900,0.0,0.0
1999-05-13 00:00:00-04:00,0.4179921836481182,0.4336180596723469,0.41017924563600383,0.42580512166023254,28500,0.0,0.0
1999-05-14 00:00:00-04:00,0.41799195266905287,0.4336178200585502,0.41017901897430425,0.4101790189743042,50000,0.0,0.0
1999-05-17 00:00:00-04:00,0.4101793245177403,0.4179922640323639,0.40627285476042846,0.4179922640323639,37300,0.0,0.0
1999-05-18 00:00:00-04:00,0.4101792788042605,0.4258051560920419,0.4023663401603699,0.4023663401603699,88900,0.0,0.0
1999-05-19 00:00:00-04:00,0.39455323505635354,0.3984597027301788,0.39064676738252824,0.39845970273017883,68800,0.0,0.0
1999-05-20 00:00:00-04:00,0.394553542137146,0.394553542137146,0.38674060070868765,0.394553542137146,47600,0.0,0.0
1999-05-21 00:00:00-04:00,0.39064691712458927,0.39064691712458927,0.3672081020971139,0.3750210404396057,182700,0.0,0.0
1999-05-24 00:00:00-04:00,0.36720806360244745,0.3750210011259038,0.36720806360244745,0.3672080636024475,62900,0.0,0.0
1999-05-25 00:00:00-04:00,0.36720806360244745,0.3750210011259038,0.3398627822703503,0.3672080636024475,147400,0.0,0.0
1999-05-26 00:00:00-04:00,0.3672080830523842,0.3711145520210266,0.36330161408374184,0.3711145520210266,37900,0.0,0.0
1999-05-27 00:00:00-04:00,0.36330163292586803,0.3750210404396057,0.3593951637546221,0.3750210404396057,37300,0.0,0.0
1999-05-28 00:00:00-04:00,0.3750210404396057,0.3789275096108516,0.3593951637546221,0.3750210404396057,40000,0.0,0.0
1999-06-01 00:00:00-04:00,0.4023662817846868,0.4023662817846868,0.37502100049834886,0.37892746925354004,58700,0.0,0.0
1999-06-02 00:00:00-04:00,0.3867404067639223,0.3867404067639223,0.37502100049834886,0.37892746925354004,62100,0.0,0.0
1999-06-03 00:00:00-04:00,0.3867404067639223,0.3867404067639223,0.37892746925354004,0.37892746925354004,46100,0.0,0.0
1999-06-04 00:00:00-04:00,0.39455323505635354,0.4101791057516546,0.39064676738252824,0.39845970273017883,78100,0.0,0.0
1999-06-07 00:00:00-04:00,0.42580534269412357,0.4297118137280146,0.41799240062634146,0.42189887166023254,113100,0.0,0.0
1999-06-08 00:00:00-04:00,0.41408548582167853,0.4218984195164272,0.4062725521269299,0.4101790189743042,51300,0.0,0.0
1999-06-09 00:00:00-04:00,0.4062726380778294,0.4218985087731305,0.3984597027301788,0.39845970273017883,57500,0.0,0.0
1999-06-10 00:00:00-04:00,0.39845961843218125,0.41408548582167853,0.3867402178900583,0.4101790189743042,55100,0.0,0.0
1999-06-11 00:00:00-04:00,0.42580520354698753,0.42580520354698753,0.4101793245177403,0.4179922640323639,57100,0.0,0.0
1999-06-14 00:00:00-04:00,0.43752465806565843,0.4453375983882595,0.43361818790435797,0.4336181879043579,106900,0.0,0.0
1999-06-15 00:00:00-04:00,0.43752454308902516,0.47268276530153613,0.43752454308902516,0.46486982703208923,149200,0.0,0.0
1999-06-16 00:00:00-04:00,0.48049570357098303,0.48049570357098303,0.4531504196279189,0.46486982703208923,41600,0.0,0.0
1999-06-17 00:00:00-04:00,0.4687765266584313,0.4687765266584313,0.4414312292700228,0.4492441713809967,33500,0.0,0.0
1999-06-18 00:00:00-04:00,0.4648699752594295,0.4648699752594295,0.43752468259711014,0.4453376233577728,115400,0.0,0.0
1999-06-21 00:00:00-04:00,0.4609632036902688,0.4609632036902688,0.4218985254114324,0.4297114610671997,57400,0.0,0.0
1999-06-22 00:00:00-04:00,0.4297116539388333,0.43361812352009543,0.41017930603252273,0.4140857756137848,62000,0.0,0.0
1999-06-23 00:00:00-04:00,0.4140855897556651,0.4297114610671997,0.4140855897556651,0.4297114610671997,55600,0.0,0.0
1999-06-24 00:00:00-04:00,0.4336181764623948,0.4375246465206146,0.4258052363459553,0.4375246465206146,59100,0.0,0.0
1999-06-25 00:00:00-04:00,0.44924411177635193,0.4687764644622803,0.44533764123916625,0.4687764644622803,72900,0.0,0.0
1999-06-28 00:00:00-04:00,0.44924394187764227,0.4648698181168646,0.4453374728178367,0.4570568799972534,60500,0.0,0.0
1999-06-29 00:00:00-04:00,0.45315064243648356,0.46096358454745745,0.4414312292700228,0.4492441713809967,47400,0.0,0.0
1999-06-30 00:00:00-04:00,0.46096333861351013,0.46877627655611204,0.4531504006709083,0.46096333861351013,70800,0.0,0.0
1999-07-01 00:00:00-04:00,0.4648699939250946,0.4726829349994659,0.4609635233879089,0.4687764644622803,66600,0.0,0.0
1999-07-02 00:00:00-04:00,0.4609633578973658,0.48440217270570646,0.4609633578973658,0.46486982703208923,76100,0.0,0.0
1999-07-06 00:00:00-04:00,0.45705700343049416,0.4961217045783996,0.45705700343049416,0.49612170457839966,90100,0.0,0.0
1999-07-07 00:00:00-04:00,0.488308697938919,0.4961216371059417,0.4844022283554077,0.48830869793891907,65000,0.0,0.0
1999-07-08 00:00:00-04:00,0.48830862655196083,0.5039345026016235,0.48830862655196083,0.5039345026016235,158900,0.0,0.0
1999-07-09 00:00:00-04:00,0.49221512675285334,0.49612159601279665,0.4804957189730235,0.4922151267528534,58600,0.0,0.0
1999-07-12 00:00:00-04:00,0.49612159601279665,0.5000280652727399,0.4765892497130802,0.4922151267528534,79300,0.0,0.0
1999-07-13 00:00:00-04:00,0.4988882158483778,0.5108615330287388,0.4988882158483778,0.5028793215751648,74700,0.167,0.0
1999-07-14 00:00:00-04:00,0.506870510486456,0.5188438296318054,0.506870510486456,0.5188438296318054,97600,0.0,0.0
1999-07-15 00:00:00-04:00,0.5268261038271108,0.538799424368636,0.5228349969799357,0.5308172106742859,86100,0.0,0.0
1999-07-16 00:00:00-04:00,0.5308170949711519,0.542790412902832,0.5308170949711519,0.542790412902832,113400,0.0,0.0
1999-07-19 00:00:00-04:00,0.5627459427889655,0.5667370487661922,0.5348082009483786,0.542790412902832,126100,0.0,0.0
1999-07-20 00:00:00-04:00,0.5348080550179337,0.5348080550179337,0.5268258452415466,0.5268258452415466,58200,0.0,0.0
1999-07-21 00:00:00-04:00,0.5108614110234958,0.5348080396652222,0.5068703062498747,0.5348080396652222,65600,0.0,0.0
1999-07-22 00:00:00-04:00,0.5268259430659636,0.5348081543245388,0.5188437318073884,0.522834837436676,29000,0.0,0.0
1999-07-23 00:00:00-04:00,0.5228349360135885,0.5228349360135885,0.5028794041046729,0.5188438296318054,74800,0.0,0.0
1999-07-26 00:00:00-04:00,0.522834837436676,0.5348081543245388,0.5188437318073884,0.522834837436676,65600,0.0,0.0
1999-07-27 00:00:00-04:00,0.5188438901327607,0.538799424368636,0.5188438901327607,0.5308172106742859,33900,0.0,0.0
1999-07-28 00:00:00-04:00,0.5308172106742859,0.538799424368636,0.5308172106742859,0.5308172106742859,47000,0.0,0.0
1999-07-29 00:00:00-04:00,0.522834725344359,0.5348080396652222,0.522834725344359,0.5348080396652222,55400,0.0,0.0
1999-07-30 00:00:00-04:00,0.5268259889939252,0.542790412902832,0.5268259889939252,0.542790412902832,45000,0.0,0.0
1999-08-02 00:00:00-04:00,0.5387991599061273,0.5427902647943208,0.5268258452415466,0.5268258452415466,28500,0.0,0.0
1999-08-03 00:00:00-04:00,0.5268258452415466,0.5348080550179337,0.5268258452415466,0.5268258452415466,49800,0.0,0.0
1999-08-04 00:00:00-04:00,0.5308171487771548,0.5308171487771548,0.506870510486456,0.5188438296318054,45900,0.0,0.0
1999-08-05 00:00:00-04:00,0.5108615756034851,0.5148526816628873,0.5028793634846807,0.5108615756034851,31300,0.0,0.0
1999-08-06 00:00:00-04:00,0.5108614256887725,0.5268258452415466,0.5108614256887725,0.5268258452415466,27100,0.0,0.0
1999-08-09 00:00:00-04:00,0.5308170949711519,0.5467815188800587,0.5268259889939252,0.542790412902832,77200,0.0,0.0
1999-08-10 00:00:00-04:00,0.534808300911112,0.56673715469685,0.534808300911112,0.5627460479736328,119600,0.0,0.0
1999-08-11 00:00:00-04:00,0.5627460479736328,0.5707282614200673,0.5587549412504156,0.5627460479736328,71400,0.0,0.0
1999-08-12 00:00:00-04:00,0.5707282818539041,0.5707282818539041,0.5627460681216817,0.566737174987793,35200,0.0,0.0
1999-08-13 00:00:00-04:00,0.5667369208402103,0.5866924462219079,0.5667369208402103,0.5747191309928894,104900,0.0,0.0
1999-08-16 00:00:00-04:00,0.5866926704367547,0.5866926704367547,0.5747193506319229,0.582701563835144,78600,0.0,0.0
1999-08-17 00:00:00-04:00,0.5667372711499532,0.5986661314964294,0.5667372711499532,0.5986661314964294,74900,0.0,0.0
1999-08-18 00:00:00-04:00,0.5906836986541748,0.5986659107981502,0.5787103804382119,0.5906836986541748,49500,0.0,0.0
1999-08-19 00:00:00-04:00,0.5906839164098104,0.5986661314964294,0.5747194862365723,0.5986661314964294,50200,0.0,0.0
1999-08-20 00:00:00-04:00,0.5906836010465686,0.6026569172839991,0.5787102848091381,0.5946747064590454,54700,0.0,0.0
1999-08-23 00:00:00-04:00,0.598666091628422,0.6026571989059448,0.5827016625183308,0.6026571989059448,75800,0.0,0.0
1999-08-24 00:00:00-04:00,0.6026572367319694,0.6345860969561797,0.5946750216759168,0.6226127743721008,88900,0.0,0.0
1999-08-25 00:00:00-04:00,0.6305947593740515,0.6345858654460392,0.5667370622222488,0.5906836986541748,125100,0.0,0.0
1999-08-26 00:00:00-04:00,0.5946751205544724,0.6266039860875984,0.5747195795962685,0.6066484451293945,81900,0.0,0.0
1999-08-27 00:00:00-04:00,0.6066479946004932,0.6066479946004932,0.5747191527794147,0.5787102580070496,56400,0.0,0.0
1999-08-30 00:00:00-04:00,0.5747191309928894,0.5827013411455684,0.5627458157638708,0.5747191309928894,32900,0.0,0.0
1999-08-31 00:00:00-04:00,0.5507728042981482,0.6026571989059448,0.5507728042981482,0.6026571989059448,68600,0.0,0.0
1999-09-01 00:00:00-04:00,0.6066481881327443,0.614630401134491,0.5906837621292511,0.614630401134491,34900,0.0,0.0
1999-09-02 00:00:00-04:00,0.6066479716036054,0.6066479716036054,0.5747191309928894,0.5747191309928894,34000,0.0,0.0
1999-09-03 00:00:00-04:00,0.5747194862365723,0.5986661314964294,0.5747194862365723,0.5986661314964294,37500,0.0,0.0
1999-09-07 00:00:00-04:00,0.5946748704667304,0.6266037225723267,0.5906837639535308,0.6266037225723267,89200,0.0,0.0
1999-09-08 00:00:00-04:00,0.63059472104153,0.6705057793352978,0.63059472104153,0.6625235676765442,162000,0.0,0.0
1999-09-09 00:00:00-04:00,0.6705058479309082,0.6984435915946959,0.6705058479309082,0.698443591594696,152500,0.0,0.0
1999-09-10 00:00:00-04:00,0.6984438313994298,0.7024349390074265,0.6705060781434525,0.6864705085754395,67700,0.0,0.0
1999-09-13 00:00:00-04:00,0.6824789704947636,0.6944522857666016,0.6744967603135383,0.6944522857666016,66500,0.0,0.0
1999-09-14 00:00:00-04:00,0.6864705085754395,0.6904616161834363,0.6744971857514492,0.6864705085754395,65100,0.0,0.0
1999-09-15 00:00:00-04:00,0.6864701677771176,0.6984434846569509,0.6665146396440618,0.6784879565238953,118000,0.0,0.0
1999-09-16 00:00:00-04:00,0.6705060781434525,0.6864705085754395,0.6705060781434525,0.6864705085754395,35600,0.0,0.0
1999-09-17 00:00:00-04:00,0.678487865404151,0.7024344959478269,0.6744967603135383,0.6944522857666016,100900,0.0,0.0
1999-09-20 00:00:00-04:00,0.6944527433097707,0.6984438510299419,0.6705060969887442,0.6904616355895996,45700,0.0,0.0
1999-09-21 00:00:00-04:00,0.6744968891143799,0.6864702066726233,0.6545413598506408,0.6744968891143799,78500,0.0,0.0
1999-09-22 00:00:00-04:00,0.6744968891143799,0.6864702066726233,0.6665146774088843,0.6744968891143799,35100,0.0,0.0
1999-09-23 00:00:00-04:00,0.6665148138999939,0.6864703472502931,0.662523707229934,0.6665148138999939,89900,0.0,0.0
1999-09-24 00:00:00-04:00,0.6744968851646745,0.6864702026528048,0.6585324618471674,0.6625235676765442,45400,0.0,0.0
1999-09-27 00:00:00-04:00,0.6625234917515801,0.670505702495575,0.6625234917515801,0.670505702495575,46500,0.0,0.0
1999-09-28 00:00:00-04:00,0.6665145696663275,0.674496780081493,0.6425679384208306,0.6545412540435791,44200,0.0,0.0
1999-09-29 00:00:00-04:00,0.6505505401034688,0.6864705085754395,0.6505505401034688,0.6864705085754395,67600,0.0,0.0
1999-09-30 00:00:00-04:00,0.6824793605641886,0.7024348974227905,0.6784882531924681,0.7024348974227905,53400,0.0,0.0
1999-10-01 00:00:00-04:00,0.694452485357012,0.6984435915946959,0.6864702728816441,0.698443591594696,59800,0.0,0.0
1999-10-04 00:00:00-04:00,0.6904616355895996,0.6984438510299419,0.6904616355895996,0.6904616355895996,35700,0.0,0.0
1999-10-05 00:00:00-04:00,0.674496780081493,0.674496780081493,0.5747191498919231,0.6545412540435791,204800,0.0,0.0
1999-10-06 00:00:00-04:00,0.6385770051375679,0.6665147491123365,0.6385770051375679,0.6425681114196777,64400,0.0,0.0
1999-10-07 00:00:00-04:00,0.6465592551383244,0.6465592551383244,0.5986659769799298,0.6266037225723267,76200,0.0,0.0
1999-10-08 00:00:00-04:00,0.6266038842995962,0.6345860993862152,0.5986661314964294,0.5986661314964294,132700,0.0,0.0
1999-10-11 00:00:00-04:00,0.602657239039739,0.6345860993862152,0.5906839164098104,0.5986661314964294,230900,0.0,0.0
1999-10-12 00:00:00-04:00,0.6146303850149959,0.6385770233922035,0.5986659594301907,0.6345859169960022,93200,0.0,0.0
1999-10-13 00:00:00-04:00,0.6489972743121061,0.6489972743121061,0.6365165574984117,0.6406767964363098,57400,0.404,0.0
1999-10-14 00:00:00-04:00,0.6365163447825533,0.6448368198777501,0.6323561072349548,0.6323561072349548,28300,0.0,0.0
1999-10-15 00:00:00-04:00,0.6157151582289715,0.6157151582289715,0.5990742080065669,0.6115549206733704,59100,0.0,0.0
1999-10-18 00:00:00-04:00,0.6115551496581207,0.6157153887714414,0.5782732367515564,0.5782732367515564,34700,0.0,0.0
1999-10-19 00:00:00-04:00,0.5366706912932189,0.5741128325462341,0.5366706912932189,0.5741128325462341,243200,0.0,0.0
1999-10-20 00:00:00-04:00,0.5574720411849536,0.5824334758648769,0.5574720411849536,0.5782732367515564,63600,0.0,0.0
1999-10-21 00:00:00-04:00,0.6157151957352955,0.6157151957352955,0.5949140066901842,0.5990742444992065,74000,0.0,0.0
1999-10-22 00:00:00-04:00,0.5949141890616031,0.6198756235676843,0.5949141890616031,0.6157153844833374,18500,0.0,0.0
1999-10-25 00:00:00-04:00,0.6198756278847619,0.6198756278847619,0.5657925194115947,0.5782732367515564,36100,0.0,0.0
1999-10-26 00:00:00-04:00,0.5782730095870011,0.6032344344612602,0.5782730095870011,0.5949139595031738,26400,0.0,0.0
1999-10-27 00:00:00-04:00,0.6073949063146437,0.6323563408207249,0.5990744281459499,0.6157153844833374,33100,0.0,0.0
1999-10-28 00:00:00-04:00,0.6157149331910269,0.6157149331910269,0.5824330449104309,0.5824330449104309,24900,0.0,0.0
1999-10-29 00:00:00-04:00,0.574112772107958,0.5949139595031738,0.5616320596708285,0.5949139595031738,67700,0.0,0.0
1999-11-01 00:00:00-05:00,0.5865932809455053,0.5907535169805799,0.5824330449104309,0.5824330449104309,20700,0.0,0.0
1999-11-02 00:00:00-05:00,0.5865932809455053,0.5907535169805799,0.5824330449104309,0.5824330449104309,8500,0.0,0.0
1999-11-03 00:00:00-05:00,0.5657921007701329,0.5824330449104309,0.5657921007701329,0.5824330449104309,34800,0.0,0.0
1999-11-04 00:00:00-05:00,0.574112772107958,0.6073946719403034,0.574112772107958,0.5949139595031738,68300,0.0,0.0
1999-11-05 00:00:00-05:00,0.5990740999262384,0.6073945735363251,0.5865933895111084,0.5865933895111084,31300,0.0,0.0
1999-11-08 00:00:00-05:00,0.5782729630738916,0.5907536745071411,0.5574717773518092,0.5907536745071411,40100,0.0,0.0
1999-11-09 00:00:00-05:00,0.5907535816061086,0.6073945275668441,0.5741126356453732,0.6032342910766602,43700,0.0,0.0
1999-11-10 00:00:00-05:00,0.5990744281459499,0.6281961017363781,0.5824334718085624,0.6157153844833374,59600,0.0,0.0
1999-11-11 00:00:00-05:00,0.6157151810328165,0.624035656452179,0.6073947056134542,0.624035656452179,25300,0.0,0.0
1999-11-12 00:00:00-05:00,0.6198755906869288,0.6198755906869288,0.5949141575049048,0.6073948740959167,47300,0.0,0.0
1999-11-15 00:00:00-05:00,0.611554919496963,0.6323561072349548,0.6073946819493645,0.6323561072349548,49600,0.0,0.0
1999-11-16 00:00:00-05:00,0.6323561072349548,0.6365163447825533,0.6198753945921597,0.6323561072349548,53100,0.0,0.0
1999-11-17 00:00:00-05:00,0.6323558813259925,0.6739582419395447,0.6323558813259925,0.6739582419395447,113200,0.0,0.0
1999-11-18 00:00:00-05:00,0.6822789565772767,0.6905994316574874,0.6448368187163286,0.6531572937965393,53900,0.0,0.0
1999-11-19 00:00:00-05:00,0.6573173187673091,0.6739582635462283,0.64067637398839,0.6656377911567688,77100,0.0,0.0
1999-11-22 00:00:00-05:00,0.6489970770749178,0.6989199291576038,0.6489970770749178,0.6864392161369324,68200,0.0,0.0
1999-11-23 00:00:00-05:00,0.6947594445198774,0.6989196807146072,0.6489968463778495,0.6656377911567688,123300,0.0,0.0
1999-11-24 00:00:00-05:00,0.653157306023133,0.6656380188770783,0.6489970684051514,0.6489970684051514,32000,0.0,0.0
1999-11-26 00:00:00-05:00,0.640676390111836,0.6448366264112635,0.6365161538124084,0.6365161538124084,10000,0.0,0.0
1999-11-29 00:00:00-05:00,0.6323559994729149,0.6489969468274653,0.6240355257956397,0.6281957626342773,51600,0.0,0.0
1999-11-30 00:00:00-05:00,0.6115551453989906,0.6198756235676843,0.5907539499772562,0.6157153844833374,67700,0.0,0.0
1999-12-01 00:00:00-05:00,0.6157150521183645,0.6365162363115525,0.6157150521183645,0.6281957626342773,42400,0.0,0.0
1999-12-02 00:00:00-05:00,0.628195870895775,0.628195870895775,0.6073946831177691,0.6115549206733704,42600,0.0,0.0
1999-12-03 00:00:00-05:00,0.603234467903773,0.624035656452179,0.603234467903773,0.624035656452179,37200,0.0,0.0
1999-12-06 00:00:00-05:00,0.6157149564499823,0.6365161374111303,0.6157149564499823,0.6198751926422119,14300,0.0,0.0
1999-12-07 00:00:00-05:00,0.6032346352322461,0.6157153518232581,0.5949141575049048,0.6073948740959167,56400,0.0,0.0
1999-12-08 00:00:00-05:00,0.5949139595031738,0.5990741969822171,0.5865934845450875,0.5949139595031738,45700,0.0,0.0
1999-12-09 00:00:00-05:00,0.5865934845450875,0.5990741969822171,0.5865934845450875,0.5949139595031738,39100,0.0,0.0
1999-12-10 00:00:00-05:00,0.590753784214241,0.5949140221312426,0.5741128325462341,0.5741128325462341,58700,0.0,0.0
1999-12-13 00:00:00-05:00,0.5782729133087046,0.5907536236678853,0.5491512558039496,0.5657922029495239,41300,0.0,0.0
1999-12-14 00:00:00-05:00,0.5657923567122307,0.5782730704632358,0.549151405044224,0.5741128325462341,59800,0.0,0.0
1999-12-15 00:00:00-05:00,0.5657923345212583,0.5824332855365895,0.5574718590135928,0.5616320967674255,61800,0.0,0.0
1999-12-16 00:00:00-05:00,0.5657924854592101,0.6115551129595874,0.5657924854592101,0.6073948740959167,43600,0.0,0.0
1999-12-17 00:00:00-05:00,0.6115551238710231,0.6614779911258004,0.5990744070573287,0.6406767964363098,75100,0.0,0.0
1999-12-20 00:00:00-05:00,0.6489968459878191,0.6489968459878191,0.6157149564499823,0.6198751926422119,29300,0.0,0.0
1999-12-21 00:00:00-05:00,0.6115549579262733,0.6157151957352955,0.5907537688811619,0.5990742444992065,32600,0.0,0.0
1999-12-22 00:00:00-05:00,0.5990740545864763,0.6240354735275795,0.5990740545864763,0.6032342910766602,30400,0.0,0.0
1999-12-23 00:00:00-05:00,0.6032344823082287,0.607394720117251,0.5824332932631174,0.5990742444992065,71100,0.0,0.0
1999-12-27 00:00:00-05:00,0.5990741969822171,0.5990741969822171,0.5865934845450875,0.5949139595031738,49300,0.0,0.0
1999-12-28 00:00:00-05:00,0.5990742080065669,0.6198753957845726,0.5824332577841622,0.6115549206733704,81800,0.0,0.0
1999-12-29 00:00:00-05:00,0.6115548849105835,0.6531572580337525,0.6115548849105835,0.6448367834091187,92900,0.0,0.0
1999-12-30 00:00:00-05:00,0.6365165799050718,0.6365165799050718,0.6073949063146437,0.6157153844833374,46300,0.0,0.0
1999-12-31 00:00:00-05:00,0.6115547640570279,0.6115547640570279,0.5907535816061086,0.6032342910766602,40600,0.0,0.0
2000-01-03 00:00:00-05:00,0.6115549433231353,0.624035656452179,0.5990742301940918,0.624035656452179,49900,0.0,0.0
2000-01-04 00:00:00-05:00,0.624035656452179,0.624035656452179,0.603234467903773,0.624035656452179,62100,0.0,0.0
2000-01-05 00:00:00-05:00,0.6198752086146985,0.6365161538124084,0.6115547360158434,0.6365161538124084,42000,0.0,0.0
2000-01-06 00:00:00-05:00,0.6323563185605137,0.644837035374208,0.6323563185605137,0.6406767964363098,45400,0.0,0.0
2000-01-07 00:00:00-05:00,0.6365165574984117,0.6406767964363099,0.6323563185605137,0.6406767964363098,52900,0.0,0.0
2000-01-10 00:00:00-05:00,0.6323559012189007,0.6323559012189007,0.6115547202577527,0.6198751926422119,46400,0.0,0.0
2000-01-11 00:00:00-05:00,0.6198753945921597,0.6323561072349548,0.6032344444017662,0.6323561072349548,57300,0.0,0.0
2000-01-12 00:00:00-05:00,0.6323561179332244,0.6614777812590965,0.6157151674612974,0.6489970684051514,96800,0.0,0.0
2000-01-13 00:00:00-05:00,0.6656378988893876,0.6781186094935637,0.6573174251532703,0.6697981357574463,118800,0.0,0.0
2000-01-14 00:00:00-05:00,0.6781187653541565,0.6822790031784152,0.6531573384086048,0.6781187653541565,160000,0.0,0.0
2000-01-18 00:00:00-05:00,0.6901458127825867,0.7297083116045184,0.6593749803655287,0.6725624799728394,244100,0.546,0.0
2000-01-19 00:00:00-05:00,0.6901455410780052,0.7033330354935085,0.6769580466625018,0.6857497096061707,46000,0.0,0.0
2000-01-20 00:00:00-05:00,0.6769581540938346,0.6813539862632751,0.6549789932466322,0.6813539862632751,40100,0.0,0.0
2000-01-21 00:00:00-05:00,0.6857497903365123,0.7033331182938587,0.6857497903365123,0.6945414543151855,83300,0.0,0.0
2000-01-24 00:00:00-05:00,0.6945413837007656,0.6989372152431755,0.6813538890735359,0.6901455521583557,42100,0.0,0.0
2000-01-25 00:00:00-05:00,0.7033330281575522,0.7033330281575522,0.6329997253417969,0.6593747138977051,81600,0.0,0.0
2000-01-26 00:00:00-05:00,0.6681665271317878,0.6769581919624692,0.6461873650550843,0.6461873650550842,18000,0.0,0.0
2000-01-27 00:00:00-05:00,0.6461874748746009,0.6549791411994255,0.6242083090625397,0.6417916417121887,56600,0.0,0.0
2000-01-28 00:00:00-05:00,0.6417916417121887,0.6637708075242499,0.6242083090625397,0.6417916417121887,40200,0.0,0.0
2000-01-31 00:00:00-05:00,0.6549789141601241,0.6549789141601241,0.6198122610508556,0.6242080926895142,57800,0.0,0.0
2000-02-01 00:00:00-05:00,0.628604142224952,0.6461874748746009,0.6242083090625397,0.6417916417121887,60500,0.0,0.0
2000-02-02 00:00:00-05:00,0.6505833080370131,0.6593749743618377,0.6417916417121887,0.6417916417121887,34100,0.0,0.0
2000-02-03 00:00:00-05:00,0.6505833080370131,0.6505833080370131,0.6329999753873642,0.6417916417121887,44100,0.0,0.0
2000-02-04 00:00:00-05:00,0.6373955876054899,0.6417914192441484,0.6198122610508556,0.6242080926895142,87400,0.0,0.0
2000-02-07 00:00:00-05:00,0.6198125818501349,0.6286042496777964,0.6066250801086427,0.6066250801086426,54200,0.0,0.0
2000-02-08 00:00:00-05:00,0.6242080926895142,0.6242080926895142,0.6022289344962215,0.6242080926895142,68300,0.0,0.0
2000-02-09 00:00:00-05:00,0.6286041359249637,0.6286041359249637,0.6022291372148253,0.6110208034515381,22100,0.0,0.0
2000-02-10 00:00:00-05:00,0.6154165185731033,0.6373956799507141,0.606624854022059,0.6373956799507141,68900,0.0,0.0
2000-02-11 00:00:00-05:00,0.6373956799507141,0.6417915122262363,0.6242081831241476,0.6373956799507141,55400,0.0,0.0
2000-02-14 00:00:00-05:00,0.6329999753873642,0.6549791411994255,0.628604142224952,0.6417916417121887,49100,0.0,0.0
2000-02-15 00:00:00-05:00,0.6505830578314953,0.6901455410780052,0.6505830578314953,0.6857497096061707,149200,0.0,0.0
2000-02-16 00:00:00-05:00,0.6857497096061708,0.698937204021674,0.6857497096061708,0.6857497096061707,78500,0.0,0.0
2000-02-17 00:00:00-05:00,0.7033330354935085,0.7033330354935085,0.6637705522469985,0.6857497096061707,120700,0.0,0.0
2000-02-18 00:00:00-05:00,0.6945415332719876,0.6945415332719876,0.6725623708266716,0.6769582033157349,70300,0.0,0.0
2000-02-22 00:00:00-05:00,0.6681666467704024,0.6725624799728392,0.6549791471630919,0.6725624799728394,84100,0.0,0.0
2000-02-23 00:00:00-05:00,0.672562410564799,0.6769582433135886,0.66377074506722,0.6681665778160095,47000,0.0,0.0
2000-02-24 00:00:00-05:00,0.6725623708266716,0.6857498682938613,0.6549790408704188,0.6769582033157349,57000,0.0,0.0
2000-02-25 00:00:00-05:00,0.6857497096061708,0.6945413725498396,0.6769580466625018,0.6857497096061707,52000,0.0,0.0
2000-02-28 00:00:00-05:00,0.6505830578314953,0.698937204021674,0.6461872263596609,0.6857497096061707,63300,0.0,0.0
2000-02-29 00:00:00-05:00,0.6813538781343362,0.6857497096061708,0.6725622151906674,0.6857497096061707,17900,0.0,0.0
2000-03-01 00:00:00-05:00,0.6813539788126945,0.7033331394195557,0.6769581466913223,0.7033331394195557,83000,0.0,0.0
2000-03-02 00:00:00-05:00,0.6857497903365123,0.7033331182938587,0.676958126357839,0.6945414543151855,69700,0.0,0.0
2000-03-03 00:00:00-05:00,0.6945414751768112,0.7033331394195557,0.6857498109340667,0.7033331394195557,49300,0.0,0.0
2000-03-06 00:00:00-05:00,0.7033329834172755,0.7165204768563495,0.6945413211245596,0.7121246457099915,88900,0.0,0.0
2000-03-07 00:00:00-05:00,0.7077288230260214,0.7472913038162958,0.7077288230260214,0.738499641418457,106500,0.0,0.0
2000-03-08 00:00:00-05:00,0.7384998494928534,0.7384998494928534,0.7121248548681086,0.725312352180481,106000,0.0,0.0
2000-03-09 00:00:00-05:00,0.720916528206367,0.720916528206367,0.6769582033157349,0.6769582033157349,73300,0.0,0.0
2000-03-10 00:00:00-05:00,0.6769580575311259,0.6945413837007656,0.6769580575311259,0.6901455521583557,52700,0.0,0.0
2000-03-13 00:00:00-05:00,0.6989373072981834,0.7033331394195557,0.6593748182058334,0.7033331394195557,43900,0.0,0.0
2000-03-14 00:00:00-05:00,0.6945414854132611,0.7165206463440605,0.6681664922963019,0.7077289819717407,33200,0.0,0.0
2000-03-15 00:00:00-05:00,0.7121246457099915,0.7253121391490653,0.7033329834172755,0.7121246457099915,57400,0.0,0.0
2000-03-16 00:00:00-05:00,0.7033329834172755,0.7209163080027075,0.6945413211245596,0.7121246457099915,35300,0.0,0.0
2000-03-17 00:00:00-05:00,0.7033331497855809,0.7209164785302205,0.698937317599421,0.7077289819717407,59000,0.0,0.0
2000-03-20 00:00:00-05:00,0.7033331497855809,0.7121248141579006,0.698937317599421,0.7077289819717407,62600,0.0,0.0
2000-03-21 00:00:00-05:00,0.7033331182938587,0.7077289502831954,0.6945414543151855,0.6945414543151855,44600,0.0,0.0
2000-03-22 00:00:00-05:00,0.6945414751768112,0.7121248036623001,0.6945414751768112,0.7033331394195557,44900,0.0,0.0
2000-03-23 00:00:00-05:00,0.7033331182938587,0.7077289502831954,0.6945414543151855,0.6945414543151855,40100,0.0,0.0
2000-03-24 00:00:00-05:00,0.6857496588318436,0.7121246457099915,0.6857496588318436,0.7121246457099915,50000,0.0,0.0
2000-03-27 00:00:00-05:00,0.703332991827102,0.7472913038162958,0.703332991827102,0.738499641418457,132200,0.0,0.0
2000-03-28 00:00:00-05:00,0.7297081743798605,0.7297081743798605,0.6989373477493844,0.7209165096282959,55000,0.0,0.0
2000-03-29 00:00:00-05:00,0.7121246457099915,0.7209163080027075,0.7077288145636335,0.7121246457099915,29500,0.0,0.0
2000-03-30 00:00:00-05:00,0.7297081429025402,0.73849980727486,0.7077289819717407,0.7077289819717407,115200,0.0,0.0
2000-03-31 00:00:00-05:00,0.7341038102195376,0.7428954726173764,0.7209163166227796,0.738499641418457,73100,0.0,0.0
2000-04-03 00:00:00-04:00,0.7384999200522182,0.7472915857671256,0.7297082543373108,0.7297082543373108,42800,0.0,0.0
2000-04-04 00:00:00-04:00,0.7297082639739899,0.7341040968894958,0.6769582689879183,0.7341040968894958,115100,0.0,0.0
2000-04-05 00:00:00-04:00,0.7341038741948415,0.7560830321048667,0.6989372215388012,0.7165205478668213,95400,0.0,0.0
2000-04-06 00:00:00-04:00,0.7165206357836723,0.7165206357836723,0.6989373072981834,0.7033331394195557,59100,0.0,0.0
2000-04-07 00:00:00-04:00,0.698937317599421,0.7121248141579006,0.698937317599421,0.7077289819717407,32800,0.0,0.0
2000-04-10 00:00:00-04:00,0.7165206142618686,0.7165206142618686,0.6945414543151855,0.6945414543151855,99300,0.0,0.0
2000-04-11 00:00:00-04:00,0.7033330467855854,0.720916372955225,0.6901455521583557,0.6901455521583557,73900,0.0,0.0
2000-04-12 00:00:00-04:00,0.6989373072981834,0.7209164679050445,0.6989373072981834,0.7033331394195557,134700,0.0,0.0
2000-04-13 00:00:00-04:00,0.7209163080027075,0.7209163080027075,0.6989371522709176,0.7121246457099915,140700,0.0,0.0
2000-04-14 00:00:00-04:00,0.712124782272532,0.712124782272532,0.6813539583471757,0.6945414543151855,277200,0.0,0.0
2000-04-17 00:00:00-04:00,0.6717127372681255,0.7050601781254083,0.6383652964108427,0.6764766573905945,76300,0.763,0.0
2000-04-18 00:00:00-04:00,0.6383653345641557,0.6812406182289124,0.6336014141569605,0.6812406182289124,79100,0.0,0.0
2000-04-19 00:00:00-04:00,0.6860044976355325,0.6955323378804704,0.6669488171456566,0.6764766573905945,53600,0.0,0.0
2000-04-20 00:00:00-04:00,0.6860044976355325,0.6860044976355325,0.6669488171456566,0.6764766573905945,53700,0.0,0.0
2000-04-24 00:00:00-04:00,0.6860044413599474,0.6907683610916137,0.6812405216282811,0.6907683610916138,59500,0.0,0.0
2000-04-25 00:00:00-04:00,0.7050603989631898,0.7431717718801191,0.7002964773485737,0.7384078502655029,131800,0.0,0.0
2000-04-26 00:00:00-04:00,0.7384076476097108,0.7622272491455079,0.7098241257667542,0.7145880460739136,157300,0.0,0.0
2000-04-27 00:00:00-04:00,0.7098238716851797,0.7193517088890076,0.6955321158794379,0.7193517088890076,28200,0.0,0.0
2000-04-28 00:00:00-04:00,0.7241158866882325,0.7288798069953919,0.6955323648452759,0.7145880460739136,31200,0.0,0.0
2000-05-01 00:00:00-04:00,0.7050602054595948,0.719351966381073,0.7050602054595948,0.7145880460739136,60300,0.0,0.0
2000-05-02 00:00:00-04:00,0.7098238716851797,0.7431713018985774,0.7050599530832657,0.7193517088890076,73300,0.0,0.0
2000-05-03 00:00:00-04:00,0.7098241208328141,0.7336437222030427,0.6860045194625854,0.6860045194625854,126100,0.0,0.0
2000-05-04 00:00:00-04:00,0.6955324216764801,0.714588104462137,0.6907685009800658,0.7002963423728943,118800,0.0,0.0
2000-05-05 00:00:00-04:00,0.70029647883616,0.7241160869598389,0.6955325572114242,0.7241160869598389,90900,0.0,0.0
2000-05-08 00:00:00-04:00,0.724115987876793,0.7574634346869085,0.724115987876793,0.7336438298225403,164600,0.0,0.0
2000-05-09 00:00:00-04:00,0.7479352010121135,0.7574630379676819,0.7384073640565452,0.7574630379676819,98700,0.0,0.0
2000-05-10 00:00:00-04:00,0.7526992322542728,0.7622270706372383,0.7384074746798246,0.7431713938713074,75300,0.0,0.0
2000-05-11 00:00:00-04:00,0.7431715228340843,0.805102483070258,0.714588002725081,0.7860468029975891,237700,0.0,0.0
2000-05-12 00:00:00-04:00,0.8336858331472025,0.838449752193758,0.8193940760075361,0.828921914100647,392300,0.0,0.0
2000-05-15 00:00:00-04:00,0.8289219013282231,0.8717971720865795,0.7955744685161681,0.8003383874893188,234600,0.0,0.0
2000-05-16 00:00:00-04:00,0.7860468818647105,0.8003386433531597,0.7622272793839617,0.7812829613685608,152600,0.0,0.0
2000-05-17 00:00:00-04:00,0.781282711596716,0.8051023064624695,0.781282711596716,0.8003383874893188,33900,0.0,0.0
2000-05-18 00:00:00-04:00,0.8098666465770431,0.8193944894779495,0.7955748822256835,0.8146305680274963,69400,0.0,0.0
2000-05-19 00:00:00-04:00,0.8193944894779495,0.8193944894779495,0.8003388036761367,0.8146305680274963,60000,0.0,0.0
2000-05-22 00:00:00-04:00,0.8146304048416091,0.8146304048416091,0.7622272793839617,0.7812829613685608,76200,0.0,0.0
2000-05-23 00:00:00-04:00,0.7812829776933997,0.7860468982890912,0.743171612927868,0.7479355335235596,139000,0.0,0.0
2000-05-24 00:00:00-04:00,0.7479353130627902,0.7526992322542728,0.7384074746798246,0.7431713938713074,108800,0.0,0.0
2000-05-25 00:00:00-04:00,0.743171614408493,0.8003386616706848,0.743171614408493,0.7622272968292236,57900,0.0,0.0
2000-05-26 00:00:00-04:00,0.7717547934010344,0.7765187118788185,0.7479352010121135,0.7574630379676819,76400,0.0,0.0
2000-05-30 00:00:00-04:00,0.762226956445466,0.7765187118788185,0.7526991194898978,0.7574630379676819,74900,0.0,0.0
2000-05-31 00:00:00-04:00,0.7479355350136757,0.7669912174344062,0.7479355350136757,0.7622272968292236,125700,0.0,0.0
2000-06-01 00:00:00-04:00,0.7622273960468933,0.7669913172721863,0.752699553596307,0.7669913172721863,54200,0.0,0.0
2000-06-02 00:00:00-04:00,0.7669911229249203,0.7860468029975891,0.7622272029067532,0.7860468029975891,59300,0.0,0.0
2000-06-05 00:00:00-04:00,0.7812830809480655,0.7860470021733587,0.7622273960468933,0.7669913172721863,39200,0.0,0.0
2000-06-06 00:00:00-04:00,0.7765188813209534,0.7860467203555663,0.7669910422863405,0.7765188813209534,61400,0.0,0.0
2000-06-07 00:00:00-04:00,0.7765189629612548,0.7860468029975891,0.7717550429430875,0.7860468029975891,51500,0.0,0.0
2000-06-08 00:00:00-04:00,0.7860468836601623,0.8098664861953186,0.781282963153131,0.7955747246742249,63400,0.0,0.0
2000-06-09 00:00:00-04:00,0.8003382346209359,0.8146299888105955,0.795574316557716,0.8098660707473755,75000,0.0,0.0
2000-06-12 00:00:00-04:00,0.8146302381699736,0.8384498357772827,0.8146302381699736,0.8384498357772827,107300,0.0,0.0
2000-06-13 00:00:00-04:00,0.8336861338992577,0.8432139754295349,0.8241582923689804,0.8432139754295349,160100,0.0,0.0
2000-06-14 00:00:00-04:00,0.8479778146743775,0.8479778146743775,0.8336860537528993,0.8336860537528992,125500,0.0,0.0
2000-06-15 00:00:00-04:00,0.8384499740600586,0.8384499740600586,0.8336860537528993,0.8336860537528992,42100,0.0,0.0
2000-06-16 00:00:00-04:00,0.8336858331472025,0.838449752193758,0.8193940760075361,0.828921914100647,46100,0.0,0.0
2000-06-19 00:00:00-04:00,0.8336856610634749,0.8384495791266947,0.8051021526841557,0.8098660707473755,67400,0.0,0.0
2000-06-20 00:00:00-04:00,0.819394292831421,0.8336860537528993,0.7908107709884644,0.8336860537528992,46200,0.0,0.0
2000-06-21 00:00:00-04:00,0.8336858331472025,0.8336858331472025,0.8241579950540916,0.828921914100647,35000,0.0,0.0
2000-06-22 00:00:00-04:00,0.8384498404390984,0.8575055186308961,0.8384498404390984,0.8527415990829468,96200,0.0,0.0
2000-06-23 00:00:00-04:00,0.8622694381788456,0.8622694381788456,0.8479776795349973,0.8527415990829468,154300,0.0,0.0
2000-06-26 00:00:00-04:00,0.8479778961946736,0.8479778961946736,0.8384500546643963,0.8432139754295349,50100,0.0,0.0
2000-06-27 00:00:00-04:00,0.8432145455191211,0.9051455573369097,0.8432145455191211,0.8860898613929749,225200,0.0,0.0
2000-06-28 00:00:00-04:00,0.8908528745174408,0.9146724700927735,0.8860889554023743,0.9051446318626404,221600,0.0,0.0
2000-06-29 00:00:00-04:00,0.909908550977707,0.9146724700927735,0.8956167936325073,0.9051446318626404,102100,0.0,0.0
2000-06-30 00:00:00-04:00,0.9242001690789666,0.948019761065538,0.9099084138870239,0.9099084138870239,144800,0.0,0.0
2000-07-03 00:00:00-04:00,0.9146725762750685,0.9337282549474657,0.9146725762750685,0.9242004156112671,55200,0.0,0.0
2000-07-05 00:00:00-04:00,0.8860898613929747,0.8860898613929747,0.8575063174770724,0.8860898613929749,161500,0.0,0.0
2000-07-06 00:00:00-04:00,0.8765614228170426,0.8908531851455813,0.8622696604885038,0.871797502040863,123400,0.0,0.0
2000-07-07 00:00:00-04:00,0.8765614045495018,0.8908531665802003,0.8670335631957029,0.8908531665802002,37500,0.0,0.0
2000-07-10 00:00:00-04:00,0.8908531665802003,0.8956170872570998,0.8813253252264013,0.8908531665802002,58200,0.0,0.0
2000-07-11 00:00:00-04:00,0.8956170872570998,0.8956170872570998,0.8765614045495018,0.8908531665802002,52100,0.0,0.0
2000-07-12 00:00:00-04:00,0.9003805090138252,0.9099083450880455,0.895616590976715,0.8956165909767151,90200,0.0,0.0
2000-07-13 00:00:00-04:00,0.9099083450880455,0.9146722631251558,0.8908526729396048,0.8956165909767151,54300,0.0,0.0
2000-07-14 00:00:00-04:00,0.9051447696786709,0.914672609359499,0.9003808498382568,0.9003808498382568,132500,0.0,0.0
2000-07-17 00:00:00-04:00,0.9099089897548159,0.9146729111671448,0.9003811469301581,0.9146729111671448,211100,0.0,0.0
2000-07-18 00:00:00-04:00,0.9194368325794737,0.9242007539918026,0.9051450683424871,0.9146729111671448,174700,0.0,0.0
2000-07-19 00:00:00-04:00,0.9508351881218993,0.9559198682722838,0.9101577469188233,0.9355811476707458,159700,0.757,0.0
2000-07-20 00:00:00-04:00,0.9254113720522986,0.935580727789137,0.9050726605786217,0.9152420163154602,128900,0.0,0.0
2000-07-21 00:00:00-04:00,0.915242150678473,0.915242150678473,0.8949034362189514,0.8999881148338318,41300,0.0,0.0
2000-07-24 00:00:00-04:00,0.8999879447852864,0.9050726224394406,0.8491411682437449,0.8643952012062073,152300,0.0,0.0
2000-07-25 00:00:00-04:00,0.8745651612962996,0.9050732483182635,0.8694804801259722,0.8898192048072815,89000,0.0,0.0
2000-07-26 00:00:00-04:00,0.8949032671311323,0.8949032671311323,0.8643952012062073,0.8643952012062073,65300,0.0,0.0
2000-07-27 00:00:00-04:00,0.8745646188999044,0.8847339749336243,0.8694799408830446,0.8847339749336243,53400,0.0,0.0
2000-07-28 00:00:00-04:00,0.8847339118228239,0.8847339118228239,0.854225845897899,0.8643952012062073,54000,0.0,0.0
2000-07-31 00:00:00-04:00,0.8440569109386868,0.8745649920569526,0.8389722307523092,0.869480311870575,125100,0.0,0.0
2000-08-01 00:00:00-04:00,0.8593109514978198,0.869480311870575,0.8542262713114421,0.869480311870575,67700,0.0,0.0
2000-08-02 00:00:00-04:00,0.869480220224127,0.8898189388258609,0.8593108609232599,0.8796495795249939,57300,0.0,0.0
2000-08-03 00:00:00-04:00,0.8796495795249939,0.8847342591754274,0.869480220224127,0.8796495795249939,161500,0.0,0.0
2000-08-04 00:00:00-04:00,0.8796495795249939,0.8847342591754274,0.8643955405736935,0.8796495795249939,74700,0.0,0.0
2000-08-07 00:00:00-04:00,0.8847343524297079,0.8898190326160855,0.8643956316841973,0.869480311870575,95500,0.0,0.0
2000-08-08 00:00:00-04:00,0.8593108609232599,0.8796495795249939,0.8593108609232599,0.8796495795249939,57600,0.0,0.0
2000-08-09 00:00:00-04:00,0.8847339491049447,0.9152420163154601,0.8796492712365256,0.9152420163154602,61600,0.0,0.0
2000-08-10 00:00:00-04:00,0.9152424270692079,0.9355811476707458,0.9152424270692079,0.9355811476707458,88800,0.0,0.0
2000-08-11 00:00:00-04:00,0.9355808346649336,0.9406655131141995,0.9203267993171358,0.9304961562156677,62500,0.0,0.0
2000-08-14 00:00:00-04:00,0.9355817046216739,0.9457510709762573,0.9254123382670905,0.9457510709762573,65400,0.0,0.0
2000-08-15 00:00:00-04:00,0.950835108757019,0.9559197884829924,0.9406657493050723,0.950835108757019,54700,0.0,0.0
2000-08-16 00:00:00-04:00,0.950835754153549,0.9559204373308408,0.9406663877989656,0.9457510709762573,53600,0.0,0.0
2000-08-17 00:00:00-04:00,0.9559196804960569,0.976258397102356,0.9508350013444822,0.976258397102356,72900,0.0,0.0
2000-08-18 00:00:00-04:00,0.9711735551221382,0.9915122683184134,0.9711735551221382,0.9813429117202759,92300,0.0,0.0
2000-08-21 00:00:00-04:00,0.9813426949761132,1.0118507580323655,0.9813426949761132,1.0067660808563232,92300,0.0,0.0
2000-08-22 00:00:00-04:00,1.0321894947971617,1.0321894947971617,0.9813427216544442,0.9965967535972595,92000,0.0,0.0
2000-08-23 00:00:00-04:00,0.9965969920158386,1.037274420261383,0.9864276349544525,1.0169357061386108,186000,0.0,0.0
2000-08-24 00:00:00-04:00,1.0169356312584037,1.0220203094146958,0.9965969186332357,1.0118509531021118,82600,0.0,0.0
2000-08-25 00:00:00-04:00,1.016935574010088,1.04235896336034,1.0118508961400374,1.0321896076202393,70000,0.0,0.0
2000-08-28 00:00:00-04:00,1.0271049170818145,1.0474436283111572,1.016935561467143,1.0474436283111572,98700,0.0,0.0
2000-08-29 00:00:00-04:00,1.0474436412303907,1.052528319100441,1.0271049297501889,1.0321896076202393,64200,0.0,0.0
2000-08-30 00:00:00-04:00,1.03218974173069,1.042359098792076,1.0118510276079178,1.0169357061386108,81300,0.0,0.0
2000-08-31 00:00:00-04:00,1.0220203399658203,1.027105018274108,1.011850983349245,1.0220203399658203,83400,0.0,0.0
2000-09-01 00:00:00-04:00,1.04235896336034,1.04235896336034,1.016935574010088,1.0321896076202393,83600,0.0,0.0
2000-09-05 00:00:00-04:00,1.0474435845434953,1.0576129397332379,1.0372742293537527,1.0525282621383667,88300,0.0,0.0
2000-09-06 00:00:00-04:00,1.0626978129148483,1.0779518485069275,1.0525284558534622,1.0576131343841553,168100,0.0,0.0
2000-09-07 00:00:00-04:00,1.062697989198397,1.0779520273208618,1.057613309824242,1.0779520273208618,108700,0.0,0.0
2000-09-08 00:00:00-04:00,1.0677829209495995,1.0677829209495995,1.0372748374938965,1.0372748374938965,186500,0.0,0.0
2000-09-11 00:00:00-04:00,1.0271050199937592,1.0677824465281656,1.0169356633601576,1.0626977682113647,136300,0.0,0.0
2000-09-12 00:00:00-04:00,1.0677827942755915,1.108460234057519,1.0677827942755915,1.1033755540847778,126000,0.0,0.0
2000-09-13 00:00:00-04:00,1.0830365125447103,1.118629261783269,1.0830365125447103,1.1135445833206177,157500,0.0,0.0
2000-09-14 00:00:00-04:00,1.1135449140302598,1.1186295940030007,1.0779521542210733,1.1033755540847778,152000,0.0,0.0
2000-09-15 00:00:00-04:00,1.1033749990001123,1.154221773147583,1.0932056441706182,1.154221773147583,133800,0.0,0.0
2000-09-18 00:00:00-04:00,1.1745608431227663,1.2152382749192259,1.1745608431227663,1.194899559020996,127800,0.0,0.0
2000-09-19 00:00:00-04:00,1.1847302512784974,1.189814930468534,1.1237141009980598,1.1491374969482422,137900,0.0,0.0
2000-09-20 00:00:00-04:00,1.1593065878440594,1.2050686899957985,1.1593065878440594,1.179645299911499,103900,0.0,0.0
2000-09-21 00:00:00-04:00,1.1491374091668562,1.1694761243733494,1.1186293363571167,1.1186293363571167,90900,0.0,0.0
2000-09-22 00:00:00-04:00,1.108460234057519,1.108460234057519,1.0677827942755915,1.1033755540847778,110400,0.0,0.0
2000-09-25 00:00:00-04:00,1.098290593283517,1.098290593283517,1.0067663771765574,1.0677825212478638,154800,0.0,0.0
2000-09-26 00:00:00-04:00,1.067782668572552,1.098290744817482,1.057613309824242,1.0779520273208618,66900,0.0,0.0
2000-09-27 00:00:00-04:00,1.0881215858896938,1.1135449874291727,1.0728675449660066,1.1084603071212769,52400,0.0,0.0
2000-09-28 00:00:00-04:00,1.1186293224955715,1.1287986799728038,1.0932059288024902,1.0932059288024902,81200,0.0,0.0
2000-09-29 00:00:00-04:00,1.1033752411603928,1.1389679908752441,1.1033752411603928,1.1389679908752441,72100,0.0,0.0
2000-10-02 00:00:00-04:00,1.1287987801880963,1.1491374969482422,1.1287987801880963,1.1491374969482422,81300,0.0,0.0
2000-10-03 00:00:00-04:00,1.1593066754548447,1.1796453890593155,1.1593066754548447,1.16947603225708,63000,0.0,0.0
2000-10-04 00:00:00-04:00,1.1593066743902258,1.1593066743902258,1.1287986040115356,1.1287986040115356,65200,0.0,0.0
2000-10-05 00:00:00-04:00,1.12879902835286,1.12879902835286,1.0881215858896938,1.1084603071212769,62100,0.0,0.0
2000-10-06 00:00:00-04:00,1.1084598763783773,1.1491373030344647,1.1084598763783773,1.1440526247024536,71600,0.0,0.0
2000-10-09 00:00:00-04:00,1.1491372318103397,1.179645299911499,1.1491372318103397,1.179645299911499,122500,0.0,0.0
2000-10-10 00:00:00-04:00,1.1898144377937798,1.2050684690475464,1.1847297607091911,1.2050684690475464,175500,0.0,0.0
2000-10-11 00:00:00-04:00,1.2101536535318924,1.2254076911814542,1.205068974315372,1.215238332748413,257600,0.0,0.0
2000-10-12 00:00:00-04:00,1.2350423336029053,1.2512928906239962,1.1917075148799963,1.2350423336029053,222600,0.916,0.0
2000-10-13 00:00:00-04:00,1.2458758896047417,1.2512927412986754,1.1862905209714716,1.1917073726654053,132000,0.0,0.0
2000-10-16 00:00:00-04:00,1.191707644351693,1.191707644351693,1.1483728209207225,1.1646233797073364,111000,0.0,0.0
2000-10-17 00:00:00-04:00,1.1754566861989912,1.191707239464415,1.1321218774911943,1.1537892818450928,104000,0.0,0.0
2000-10-18 00:00:00-04:00,1.1971241489604667,1.202541000313229,1.1375387840800815,1.1700398921966553,128100,0.0,0.0
2000-10-19 00:00:00-04:00,1.1646234305626757,1.2079582558859379,1.1646234305626757,1.180873990058899,131900,0.0,0.0
2000-10-20 00:00:00-04:00,1.191707644351693,1.1971244972805644,1.1537896738495936,1.1646233797073364,75300,0.0,0.0
2000-10-23 00:00:00-04:00,1.175457085565079,1.175457085565079,1.1537896738495936,1.1646233797073364,58100,0.0,0.0
2000-10-24 00:00:00-04:00,1.1700393730234877,1.1700393730234877,1.1483719772267564,1.159205675125122,95700,0.0,0.0
2000-10-25 00:00:00-04:00,1.1700403015568572,1.1917077145486508,1.1483728885650635,1.1483728885650635,64100,0.0,0.0
2000-10-26 00:00:00-04:00,1.148372486785606,1.1700398921966553,1.1375387840800815,1.1700398921966553,32800,0.0,0.0
2000-10-27 00:00:00-04:00,1.1700400324428784,1.1700400324428784,1.0400355843936695,1.105037808418274,277700,0.0,0.0
2000-10-30 00:00:00-05:00,1.1050372637235202,1.1050372637235202,1.0292013730758276,1.0562856197357178,178400,0.0,0.0
2000-10-31 00:00:00-05:00,1.0400355047512548,1.0508692079257471,1.0237849499895166,1.045452356338501,119200,0.0,0.0
2000-11-01 00:00:00-05:00,1.045452098051707,1.0779531995455425,1.045452098051707,1.0725363492965698,58700,0.0,0.0
2000-11-02 00:00:00-05:00,1.0725366062854402,1.0779534578323364,1.061702903191648,1.0779534578323364,64500,0.0,0.0
2000-11-03 00:00:00-05:00,1.083370030219919,1.0996205806732178,1.0779531800688193,1.0996205806732178,41700,0.0,0.0
2000-11-06 00:00:00-05:00,1.0996208640199212,1.0996208640199212,1.0671197547385443,1.0779534578323364,29600,0.0,0.0
2000-11-07 00:00:00-05:00,1.07795356599296,1.1104546785354614,1.0617030097217095,1.1104546785354614,49500,0.0,0.0
2000-11-08 00:00:00-05:00,1.0996209743546277,1.1212883827162952,1.0996209743546277,1.1104546785354614,45000,0.0,0.0
2000-11-09 00:00:00-05:00,1.0996211248636247,1.105037977695465,1.0671200078725815,1.083370566368103,47500,0.0,0.0
2000-11-10 00:00:00-05:00,1.094204012473025,1.094204012473025,1.0671197547385443,1.0779534578323364,44700,0.0,0.0
2000-11-13 00:00:00-05:00,1.0779532379317052,1.1158711910247803,1.0779532379317052,1.1158711910247803,56200,0.0,0.0
2000-11-14 00:00:00-05:00,1.0996209743546277,1.1212883827162952,1.0942041222642107,1.1104546785354614,43100,0.0,0.0
2000-11-15 00:00:00-05:00,1.11045452731627,1.1808735949021798,1.1050376759635077,1.1700398921966553,54900,0.0,0.0
2000-11-16 00:00:00-05:00,1.1862904397217005,1.207957845013421,1.1754567370758402,1.2025409936904907,42800,0.0,0.0
2000-11-17 00:00:00-05:00,1.2025410760532724,1.2025410760532724,1.1754568175836042,1.1917073726654053,36800,0.0,0.0
2000-11-20 00:00:00-05:00,1.1808737233080673,1.2133748349587479,1.1646231674827268,1.2079579830169678,48500,0.0,0.0
2000-11-21 00:00:00-05:00,1.2025411846363439,1.2242085933685303,1.1971243324532974,1.2242085933685303,58500,0.0,0.0
2000-11-22 00:00:00-05:00,1.2025409936904907,1.213374696336351,1.1754567370758402,1.2025409936904907,65300,0.0,0.0
2000-11-24 00:00:00-05:00,1.191707034995653,1.2025407353137951,1.1862901848365817,1.1971238851547241,7000,0.0,0.0
2000-11-27 00:00:00-05:00,1.1971241489604667,1.202541000313229,1.148372486785606,1.1700398921966553,97600,0.0,0.0
2000-11-28 00:00:00-05:00,1.1646228856765306,1.1646228856765306,1.1104543793659944,1.1267049312591553,73200,0.0,0.0
2000-11-29 00:00:00-05:00,1.1267049312591553,1.1267049312591553,1.0942038274728334,1.1267049312591553,105200,0.0,0.0
2000-11-30 00:00:00-05:00,1.1267050563698948,1.1267050563698948,1.061702841579324,1.0942039489746094,159400,0.0,0.0
2000-12-01 00:00:00-05:00,1.1050374507904053,1.1267048517862956,1.0617026487986247,1.0725363492965698,100000,0.0,0.0
2000-12-04 00:00:00-05:00,1.0725363492965698,1.0833700497945151,1.056285798549652,1.0725363492965698,104600,0.0,0.0
2000-12-05 00:00:00-05:00,1.083369866395608,1.083369866395608,1.0508687704037398,1.0562856197357178,107700,0.0,0.0
2000-12-06 00:00:00-05:00,1.0346186531640087,1.045452356338501,0.9641995825298092,1.045452356338501,210800,0.0,0.0
2000-12-07 00:00:00-05:00,1.0562860516447519,1.0833703093792326,1.0508692000978557,1.0779534578323364,88000,0.0,0.0
2000-12-08 00:00:00-05:00,1.0617029111002394,1.0617029111002394,1.0400355047512548,1.045452356338501,62000,0.0,0.0
2000-12-11 00:00:00-05:00,1.0671199560165405,1.0779536611537641,1.0617031034479285,1.0671199560165405,40200,0.0,0.0
2000-12-12 00:00:00-05:00,1.0562861979622202,1.0725367548539466,1.045452493367736,1.050869345664978,56500,0.0,0.0
2000-12-13 00:00:00-05:00,1.0562857590159591,1.077953159200902,1.0454520589234877,1.0617026090621948,46400,0.0,0.0
2000-12-14 00:00:00-05:00,1.0562860595129933,1.0671197626874855,1.0292018015767626,1.045452356338501,135700,0.0,0.0
2000-12-15 00:00:00-05:00,1.0400354485762748,1.0400354485762748,1.0183680433976023,1.0292017459869385,54000,0.0,0.0
2000-12-18 00:00:00-05:00,1.034618397553762,1.0779531995455425,1.0292015473047893,1.0725363492965698,59100,0.0,0.0
2000-12-19 00:00:00-05:00,1.0725363492965698,1.0779531995455425,1.0617026487986247,1.0725363492965698,54700,0.0,0.0
2000-12-20 00:00:00-05:00,1.061703294356239,1.0725370014415068,1.0021179053872664,1.0129516124725342,116400,0.0,0.0
2000-12-21 00:00:00-05:00,1.0237855449799567,1.0292023997153004,0.9967012713032384,1.0075349807739258,152400,0.0,0.0
2000-12-22 00:00:00-05:00,1.0075345272870408,1.050869345664978,1.0075345272870408,1.050869345664978,81600,0.0,0.0
2000-12-26 00:00:00-05:00,1.0508689483006797,1.0833700497945151,1.045452098051707,1.0725363492965698,67200,0.0,0.0
2000-12-27 00:00:00-05:00,1.083370566368103,1.105037977695465,1.0725368607044221,1.083370566368103,75800,0.0,0.0
2000-12-28 00:00:00-05:00,1.0942042188596,1.0942042188596,1.0671199560165405,1.0671199560165405,73600,0.0,0.0
2000-12-29 00:00:00-05:00,1.0725363492965698,1.0887869000434875,1.0617026487986247,1.0725363492965698,104600,0.0,0.0
2001-01-02 00:00:00-05:00,1.0942038649604435,1.1375386714935303,1.0942038649604435,1.1375386714935303,115200,0.0,0.0
2001-01-03 00:00:00-05:00,1.1429556354328438,1.1754567435494174,1.1429556354328438,1.1700398921966553,197000,0.0,0.0
2001-01-04 00:00:00-05:00,1.1754564845184394,1.2025407353137951,1.1700396343593682,1.1971238851547241,90400,0.0,0.0
2001-01-05 00:00:00-05:00,1.2079582742924961,1.2079582742924961,1.1375391820691667,1.1483728885650635,203600,0.0,0.0
2001-01-08 00:00:00-05:00,1.1646225240743049,1.191706768820219,1.1537888261759393,1.159205675125122,220800,0.0,0.0
2001-01-09 00:00:00-05:00,1.1700398921966553,1.1808735949021798,1.148372486785606,1.1700398921966553,326700,0.0,0.0
2001-01-10 00:00:00-05:00,1.1862285599779727,1.1862285599779727,1.145524638802258,1.1687840223312378,137600,0.924,0.0
2001-01-11 00:00:00-05:00,1.1629688619363188,1.1804133948653637,1.1513391733169556,1.1513391733169556,112900,0.0,0.0
2001-01-12 00:00:00-05:00,1.1629691938074624,1.1978582696216864,1.1629691938074624,1.192043423652649,110900,0.0,0.0
2001-01-16 00:00:00-05:00,1.209487504365912,1.2211171919078918,1.192042973052942,1.2153023481369019,120900,0.0,0.0
2001-01-17 00:00:00-05:00,1.2153024552524954,1.2153024552524954,1.1804133895514668,1.2036727666854858,92400,0.0,0.0
2001-01-18 00:00:00-05:00,1.2036729402912474,1.250191701268687,1.1978580951690674,1.1978580951690674,201300,0.0,0.0
2001-01-19 00:00:00-05:00,1.186228415140739,1.2211174861742902,1.1687838796239634,1.209487795829773,82600,0.0,0.0
2001-01-22 00:00:00-05:00,1.209487795829773,1.2269323313465486,1.1920432603129976,1.209487795829773,72500,0.0,0.0
2001-01-23 00:00:00-05:00,1.2094877854134274,1.2211174756577872,1.1862284049247076,1.1978580951690674,70700,0.0,0.0
2001-01-24 00:00:00-05:00,1.2094876109689907,1.2094876109689907,1.1745985452679621,1.2036727666854858,91800,0.0,0.0
2001-01-25 00:00:00-05:00,1.2036727666854858,1.2094876109689907,1.1862282338349717,1.2036727666854858,44000,0.0,0.0
2001-01-26 00:00:00-05:00,1.2211174964904785,1.232747186933245,1.209487806047712,1.2211174964904785,86800,0.0,0.0
2001-01-29 00:00:00-05:00,1.2318167366307025,1.2327471331201083,1.2187915406889909,1.2308863401412964,100800,0.0,0.0
2001-01-30 00:00:00-05:00,1.23088676116376,1.2411209485928236,1.2187919575744501,1.2327475547790527,104600,0.0,0.0
2001-01-31 00:00:00-05:00,1.2243735875590063,1.2355380778395693,1.2094876005182555,1.2150698900222778,92900,0.0,0.0
2001-02-01 00:00:00-05:00,1.2057663086889059,1.2327471869677802,1.2057663086889059,1.228095293045044,78000,0.0,0.0
2001-02-02 00:00:00-05:00,1.2280949733026825,1.2560062408447266,1.223443080591096,1.2560062408447266,116200,0.0,0.0
2001-02-05 00:00:00-05:00,1.2653106169183417,1.3025255985281396,1.2569372238742584,1.2969433069229126,165100,0.0,0.0
2001-02-06 00:00:00-05:00,1.3015952245118703,1.3257850073439785,1.2904307298341704,1.2932218313217163,149800,0.0,0.0
2001-02-07 00:00:00-05:00,1.293221225713661,1.30252501128526,1.283917528869537,1.301594614982605,120900,0.0,0.0
2001-02-08 00:00:00-05:00,1.301594885410168,1.302525281906128,1.2792659018720898,1.302525281906128,62900,0.0,0.0
2001-02-09 00:00:00-05:00,1.3025250274622266,1.3332273960113525,1.3025250274622266,1.3332273960113525,126500,0.0,0.0
2001-02-12 00:00:00-05:00,1.3425310828545467,1.3862586416732652,1.3397398941174177,1.377885341644287,227500,0.0,0.0
2001-02-13 00:00:00-05:00,1.387189232178824,1.3955626221078683,1.3425312708605637,1.3583476543426514,157100,0.0,0.0
2001-02-14 00:00:00-05:00,1.3490442413751784,1.352765739181596,1.315550761117421,1.3239240646362305,123300,0.0,0.0
2001-02-15 00:00:00-05:00,1.3257850121994503,1.3304369071807414,1.265310643625219,1.310899019241333,141300,0.0,0.0
2001-02-16 00:00:00-05:00,1.3118291008512168,1.34439218044281,1.3025253131236214,1.34439218044281,76500,0.0,0.0
2001-02-20 00:00:00-05:00,1.3723036775732718,1.4002149565575523,1.337879799359413,1.3937022686004639,164200,0.0,0.0
2001-02-21 00:00:00-05:00,1.393702480169226,1.3946328769796916,1.3397407073475416,1.3471837043762207,79000,0.0,0.0
2001-02-22 00:00:00-05:00,1.3481135349912285,1.3667210197479511,1.3090377726383682,1.3211326599121094,161800,0.0,0.0
2001-02-23 00:00:00-05:00,1.3034555715750944,1.3211326599121094,1.3015947787356792,1.3211326599121094,72000,0.0,0.0
2001-02-26 00:00:00-05:00,1.3118289636913616,1.3481135368347168,1.3118289636913616,1.3481135368347168,67500,0.0,0.0
2001-02-27 00:00:00-05:00,1.35648695803507,1.3583477509193718,1.3350883722305298,1.3350883722305298,61700,0.0,0.0
2001-02-28 00:00:00-05:00,1.3443925608681009,1.3723038432214998,1.3304369640551617,1.3406710624694824,105100,0.0,0.0
2001-03-01 00:00:00-05:00,1.3453227823141114,1.3490442802277083,1.3304367906597243,1.342531681060791,67800,0.0,0.0
2001-03-02 00:00:00-05:00,1.3332282713626515,1.3481142672537365,1.3267156703421856,1.3397408723831177,69000,0.0,0.0
2001-03-05 00:00:00-05:00,1.3490439653396606,1.3676514505643653,1.3397401783635643,1.3490439653396606,109700,0.0,0.0
2001-03-06 00:00:00-05:00,1.3490444427650181,1.390911321519118,1.344392547630669,1.3806772232055664,124200,0.0,0.0
2001-03-07 00:00:00-05:00,1.3853284459424702,1.393701746647122,1.373233559954671,1.3871891498565674,127500,0.0,0.0
2001-03-08 00:00:00-05:00,1.394632142967909,1.4132396257462627,1.3825372569801098,1.3871891498565674,115200,0.0,0.0
2001-03-09 00:00:00-05:00,1.4095187399874132,1.4588287016272348,1.3937023505901143,1.4048669338226318,210000,0.0,0.0
2001-03-12 00:00:00-05:00,1.4374296448514257,1.4374296448514257,1.4095183715215212,1.414170265197754,185100,0.0,0.0
2001-03-13 00:00:00-05:00,1.414170265197754,1.4206829518354764,1.3350884276117645,1.414170265197754,189800,0.0,0.0
2001-03-14 00:00:00-05:00,1.4141701059904768,1.4411509798021296,1.349974264413607,1.3583476543426514,218300,0.0,0.0
2001-03-15 00:00:00-05:00,1.3629997627726795,1.389980642602178,1.3629997627726795,1.3750946521759033,106900,0.0,0.0
2001-03-16 00:00:00-05:00,1.3890502456088811,1.4262652192864314,1.3825375586696877,1.416961431503296,133300,0.0,0.0
2001-03-19 00:00:00-05:00,1.4169612786802532,1.4523155442246225,1.4169612786802532,1.4281258583068848,226000,0.0,0.0
2001-03-20 00:00:00-05:00,1.4327779211346696,1.483018183597119,1.4281261156341207,1.451385498046875,136800,0.0,0.0
2001-03-21 00:00:00-05:00,1.469993134626533,1.4839487299919938,1.446733749865757,1.4802272319793701,122900,0.0,0.0
2001-03-22 00:00:00-05:00,1.4792961484859826,1.4885999335617315,1.4048662227898723,1.4188218116760254,198100,0.0,0.0
2001-03-23 00:00:00-05:00,1.4290563940360896,1.483018153022996,1.4290563940360896,1.4374297857284546,138100,0.0,0.0
2001-03-26 00:00:00-05:00,1.456037739279707,1.5769866704940796,1.456037739279707,1.5769866704940796,405900,0.0,0.0
2001-03-27 00:00:00-05:00,1.576986291986941,1.590941886770318,1.5258155411745387,1.5816380977630615,288900,0.0,0.0
2001-03-28 00:00:00-05:00,1.5723336341714875,1.5723336341714875,1.489530320187861,1.5118592977523804,194000,0.0,0.0
2001-03-29 00:00:00-05:00,1.5118592834497122,1.525814872113645,1.489530306096432,1.4941821098327637,123800,0.0,0.0
2001-03-30 00:00:00-05:00,1.4951133287993503,1.5341891050338745,1.4941829320491196,1.5341891050338745,130900,0.0,0.0
2001-04-02 00:00:00-04:00,1.5351195987030932,1.5890813714380911,1.5351195987030932,1.5704737901687622,278400,0.0,0.0
2001-04-03 00:00:00-04:00,1.5676814783323028,1.5704724889917452,1.5081373740773065,1.5295361280441284,161900,0.0,0.0
2001-04-04 00:00:00-04:00,1.543492448379982,1.5816378168246483,1.53977086245612,1.549074649810791,171300,0.0,0.0
2001-04-05 00:00:00-04:00,1.545353580219142,1.581638163658645,1.5360497908242632,1.5695433616638184,184100,0.0,0.0
2001-04-06 00:00:00-04:00,1.5462834063722257,1.5574478075627352,1.5118594515490809,1.538840413093567,373000,0.0,0.0
2001-04-09 00:00:00-04:00,1.5351194253398828,1.596524188157076,1.5351194253398828,1.5862900018692017,204400,0.0,0.0
2001-04-10 00:00:00-04:00,1.5909415393091029,1.6197831192230903,1.574194758244537,1.5872199535369873,212700,0.0,0.0
2001-04-11 00:00:00-04:00,1.5974545523934323,1.5983849490784223,1.539771200109201,1.5695433616638184,201100,0.0,0.0
2001-04-12 00:00:00-04:00,1.5697370137814248,1.5726422075461437,1.5542430164422918,1.5678004026412964,104600,0.662,0.0
2001-04-16 00:00:00-04:00,1.533907525918861,1.5397177299260305,1.4738682278527853,1.5048562288284302,246700,0.0,0.0
2001-04-17 00:00:00-04:00,1.5048558444905908,1.5058242423616344,1.459342160418091,1.5000139474868774,135400,0.0,0.0
2001-04-18 00:00:00-04:00,1.5058237997670476,1.5155074985767194,1.4089862575614687,1.4719306230545044,286000,0.0,0.0
2001-04-19 00:00:00-04:00,1.4719311635027825,1.4719311635027825,1.4041448775401137,1.4128602743148804,193500,0.0,0.0
2001-04-20 00:00:00-04:00,1.404144049190885,1.404144049190885,1.2782552538965832,1.3228005170822144,613200,0.0,0.0
2001-04-23 00:00:00-04:00,1.322800573214694,1.3944603193602472,1.308274981443811,1.3654091358184814,279200,0.0,0.0
2001-04-24 00:00:00-04:00,1.375093257689806,1.3983342486436479,1.3557257652282715,1.3557257652282715,173800,0.0,0.0
2001-04-25 00:00:00-04:00,1.3654095185989148,1.3838086128234863,1.3557257264692542,1.3838086128234863,102300,0.0,0.0
2001-04-26 00:00:00-04:00,1.379935483099767,1.4177021716732519,1.3750935857413955,1.4128602743148804,117600,0.0,0.0
2001-04-27 00:00:00-04:00,1.4138285957022165,1.452563587768782,1.3654098094432572,1.4448165893554688,134200,0.0,0.0
2001-04-30 00:00:00-04:00,1.452563553384221,1.515507937090269,1.442879759421058,1.4554686546325684,131000,0.0,0.0
2001-05-01 00:00:00-04:00,1.465152223872522,1.520349600882537,1.4603103276335845,1.4932351112365723,151600,0.0,0.0
2001-05-02 00:00:00-04:00,1.5174445360716025,1.5174445360716025,1.3847770931463552,1.403176188468933,219600,0.0,0.0
2001-05-03 00:00:00-04:00,1.4428793866814174,1.4428793866814174,1.366377729659947,1.4109230041503906,173600,0.0,0.0
2001-05-04 00:00:00-04:00,1.4428795945349895,1.4428795945349895,1.4041446078118125,1.4235121011734009,149600,0.0,0.0
2001-05-07 00:00:00-04:00,1.4331958485402605,1.4767727303085763,1.413828355793397,1.4670889377593994,92900,0.0,0.0
2001-05-08 00:00:00-04:00,1.46805739402771,1.4816146856668964,1.442879606277004,1.46805739402771,109400,0.0,0.0
2001-05-09 00:00:00-04:00,1.4719310657498892,1.4980772543377858,1.4719310657498892,1.4777413606643677,73700,0.0,0.0
2001-05-10 00:00:00-04:00,1.4816148727512821,1.4816148727512821,1.4535319805145264,1.4535319805145264,85400,0.0,0.0
2001-05-11 00:00:00-04:00,1.4728994148618586,1.4738678127074603,1.459342122077942,1.459342122077942,94300,0.0,0.0
2001-05-14 00:00:00-04:00,1.4603102760102085,1.4709623734781174,1.433195787322767,1.469994068145752,113900,0.0,0.0
2001-05-15 00:00:00-04:00,1.4748360863651846,1.4758044841898819,1.4535318883308408,1.4632155895233154,61000,0.0,0.0
2001-05-16 00:00:00-04:00,1.4719306291546743,1.4796776251751085,1.4380375446531435,1.440942645072937,121600,0.0,0.0
2001-05-17 00:00:00-04:00,1.3654093451987175,1.4089862195451712,1.3654093451987175,1.3741246461868286,290900,0.0,0.0
2001-05-18 00:00:00-04:00,1.378966501529126,1.4215750694274902,1.3741246062200203,1.4215750694274902,165700,0.0,0.0
2001-05-21 00:00:00-04:00,1.4215752193769777,1.4235119222940227,1.404144431366165,1.4177017211914062,95900,0.0,0.0
2001-05-22 00:00:00-04:00,1.4225431979184338,1.4235115953302675,1.4031757114390582,1.4186697006225586,126600,0.0,0.0
2001-05-23 00:00:00-04:00,1.41867020084091,1.4351325932408285,1.4051130017008544,1.4322274923324585,115400,0.0,0.0
2001-05-24 00:00:00-04:00,1.4273857124398803,1.4467532073292035,1.408018217550557,1.4390062093734741,82000,0.0,0.0
2001-05-25 00:00:00-04:00,1.4331960267072115,1.459342122077942,1.4331960267072115,1.459342122077942,121200,0.0,0.0
2001-05-29 00:00:00-04:00,1.4835508748161121,1.5174440459948824,1.456436393283973,1.5116337537765503,174800,0.0,0.0
2001-05-30 00:00:00-04:00,1.5242223762210523,1.539716362953186,1.4961395021811987,1.539716362953186,131500,0.0,0.0
2001-05-31 00:00:00-04:00,1.5464954678018188,1.5494005680084229,1.5116338959166882,1.5494005680084229,172900,0.0,0.0
2001-06-01 00:00:00-04:00,1.549401049365444,1.5639266472626454,1.5397172558663104,1.5406856536865234,85700,0.0,0.0
2001-06-04 00:00:00-04:00,1.5319700186553182,1.5590845992759588,1.5319700186553182,1.5542426109313965,115900,0.0,0.0
2001-06-05 00:00:00-04:00,1.5716732721867002,1.5736100673675537,1.5319698944939704,1.5736100673675537,93200,0.0,0.0
2001-06-06 00:00:00-04:00,1.5494008139958457,1.5503692116689496,1.5155076342490925,1.5251914262771606,131500,0.0,0.0
2001-06-07 00:00:00-04:00,1.500982364283791,1.52519175725611,1.500982364283791,1.5203498601913452,98300,0.0,0.0
2001-06-08 00:00:00-04:00,1.5203498334572854,1.5203498334572854,1.502919133622743,1.5155079364776611,44800,0.0,0.0
2001-06-11 00:00:00-04:00,1.5106661584133205,1.5387490505671506,1.500982364283791,1.5203498601913452,93000,0.0,0.0
2001-06-12 00:00:00-04:00,1.5251915789826223,1.5251915789826223,1.4864565916950898,1.5193812847137451,94700,0.0,0.0
2001-06-13 00:00:00-04:00,1.5203490839682716,1.5339063703575608,1.4932346035411515,1.5300328731536865,90800,0.0,0.0
2001-06-14 00:00:00-04:00,1.5251913385276061,1.5300332342630691,1.491298160730845,1.5145392417907715,82900,0.0,0.0
2001-06-15 00:00:00-04:00,1.5058234925416074,1.5300328731536865,1.4816141119295283,1.5300328731536865,76600,0.0,0.0
2001-06-18 00:00:00-04:00,1.5339068780865739,1.5339068780865739,1.505823990975078,1.5329384803771973,65800,0.0,0.0
2001-06-19 00:00:00-04:00,1.520348879538019,1.539716362953186,1.5106651840061582,1.539716362953186,90500,0.0,0.0
2001-06-20 00:00:00-04:00,1.545526654153459,1.5464950514120785,1.5280958729040857,1.539716362953186,89000,0.0,0.0
2001-06-21 00:00:00-04:00,1.5484323567968616,1.5484323567968616,1.5058238766846133,1.52422297000885,122600,0.0,0.0
2001-06-22 00:00:00-04:00,1.524222581172146,1.5300328731536865,1.5058234925416074,1.5300328731536865,120100,0.0,0.0
2001-06-25 00:00:00-04:00,1.5387482649502682,1.5397165699876432,1.51163369217169,1.5300328731536865,107100,0.0,0.0
2001-06-26 00:00:00-04:00,1.5203497900416238,1.539717285055552,1.5155078932002666,1.5387489795684814,91800,0.0,0.0
2001-06-27 00:00:00-04:00,1.5397169055255662,1.5397169055255662,1.5019503226454933,1.5029187202453613,143800,0.0,0.0
2001-06-28 00:00:00-04:00,1.5019509152052193,1.5019509152052193,1.4070500370612171,1.413828730583191,322600,0.0,0.0
2001-06-29 00:00:00-04:00,1.4041449244486546,1.435132920815037,1.3663782346134905,1.3847774267196655,168400,0.0,0.0
2001-07-02 00:00:00-04:00,1.3799349262271712,1.4331955909729004,1.3799349262271712,1.4331955909729004,112700,0.0,0.0
2001-07-03 00:00:00-04:00,1.4370687022900954,1.444815695912836,1.4283533113766502,1.4438472986221313,61200,0.0,0.0
2001-07-05 00:00:00-04:00,1.4525635436455853,1.4767729360396784,1.4525635436455853,1.4728994369506836,92000,0.0,0.0
2001-07-06 00:00:00-04:00,1.497108491196453,1.497108491196453,1.4622470072695801,1.4864563941955566,97600,0.0,0.0
2001-07-09 00:00:00-04:00,1.4961403541111233,1.5242232441418926,1.4525634685256534,1.5067925453186035,111000,0.0,0.0
2001-07-10 00:00:00-04:00,1.5193814623080912,1.530033654320875,1.496140467219026,1.5203498601913452,183400,0.0,0.0
2001-07-11 00:00:00-04:00,1.51066578213491,1.5242229797176028,1.4670888117577345,1.4912981986999512,126400,0.0,0.0
2001-07-12 00:00:00-04:00,1.4912984553082496,1.5213181409167493,1.4912984553082496,1.5135711431503296,86400,0.0,0.0
2001-07-13 00:00:00-04:00,1.513571059095805,1.515507762254108,1.4912983724906144,1.5009821653366089,97700,0.0,0.0
2001-07-16 00:00:00-04:00,1.5058234036943958,1.5067918010260912,1.4622465396340854,1.4758037328720093,161000,0.0,0.0
2001-07-17 00:00:00-04:00,1.4719305649394858,1.4767724603288914,1.4525630757333359,1.4574049711227417,150600,0.0,0.0
2001-07-18 00:00:00-04:00,1.4232867755782272,1.4384280853385085,1.377862653765184,1.393004059791565,187600,0.612,0.0
2001-07-19 00:00:00-04:00,1.3607022946186718,1.4101640997545588,1.3425327442525532,1.4091546535491943,232500,0.0,0.0
2001-07-20 00:00:00-04:00,1.4111735786779271,1.4232867417172916,1.374834378358126,1.4202584028244019,94700,0.0,0.0
2001-07-23 00:00:00-04:00,1.4273241659028018,1.4576067790861265,1.4273241659028018,1.4555879831314087,78800,0.0,0.0
2001-07-24 00:00:00-04:00,1.4939462310927885,1.4939462310927885,1.4485222101211548,1.4485222101211548,110200,0.0,0.0
2001-07-25 00:00:00-04:00,1.4545792395851036,1.485871410259075,1.4535697929871405,1.473758339881897,50700,0.0,0.0
2001-07-26 00:00:00-04:00,1.4878897940095077,1.5050499963450747,1.477795619631356,1.5000028610229492,74300,0.0,0.0
2001-07-27 00:00:00-04:00,1.4989933293593773,1.5040403678039247,1.4888990599381078,1.4939461946487427,39500,0.0,0.0
2001-07-30 00:00:00-04:00,1.5040405477656766,1.5040405477656766,1.4636636577815898,1.4707295894622803,71800,0.0,0.0
2001-07-31 00:00:00-04:00,1.4707299474613422,1.4989938735961914,1.458616877517602,1.4989938735961914,47100,0.0,0.0
2001-08-01 00:00:00-04:00,1.5000029407173128,1.5000029407173128,1.4737580089268598,1.4858710765838623,45300,0.0,0.0
2001-08-02 00:00:00-04:00,1.478804790516838,1.4979838831640329,1.463663482651021,1.4939461946487427,88700,0.0,0.0
2001-08-03 00:00:00-04:00,1.4878892950470346,1.492936428676608,1.475776232095699,1.477795124053955,33400,0.0,0.0
2001-08-06 00:00:00-04:00,1.4777958263547017,1.4777958263547017,1.466692107839548,1.4677015542984009,57100,0.0,0.0
2001-08-07 00:00:00-04:00,1.4636632021435492,1.4687103358869131,1.4565972726624812,1.4626537561416626,84300,0.0,0.0
2001-08-08 00:00:00-04:00,1.4687106303152222,1.4959650039672852,1.4636634955600731,1.4959650039672852,65700,0.0,0.0
2001-08-09 00:00:00-04:00,1.4979837454220801,1.4979837454220801,1.4848612348874999,1.492936611175537,35400,0.0,0.0
2001-08-10 00:00:00-04:00,1.4888989329631204,1.5131250619888306,1.4868800407446048,1.5131250619888306,64500,0.0,0.0
2001-08-13 00:00:00-04:00,1.4858706909014263,1.5141345080980884,1.4636633578281522,1.5131250619888306,94000,0.0,0.0
2001-08-14 00:00:00-04:00,1.512116079660202,1.5131255260790668,1.5040407008415018,1.5111067295074463,49000,0.0,0.0
2001-08-15 00:00:00-04:00,1.5010120977885524,1.5131251631109233,1.5010120977885524,1.512115716934204,77100,0.0,0.0
2001-08-16 00:00:00-04:00,1.5020218163615027,1.5141348838806152,1.4989935735482505,1.5141348838806152,54000,0.0,0.0
2001-08-17 00:00:00-04:00,1.51312543752083,1.5141348838806152,1.5020218163615027,1.5141348838806152,59000,0.0,0.0
2001-08-20 00:00:00-04:00,1.5141351936612277,1.5141351936612277,1.5040409205303704,1.5100975036621094,60100,0.0,0.0
2001-08-21 00:00:00-04:00,1.5111066410673628,1.5171631266938674,1.497984127188465,1.5141348838806152,46100,0.0,0.0
2001-08-22 00:00:00-04:00,1.518172262001986,1.5393701498838164,1.518172262001986,1.5272570848464966,81000,0.0,0.0
2001-08-23 00:00:00-04:00,1.5151432779755871,1.5444165282164048,1.5151432779755871,1.5434070825576782,80600,0.0,0.0
2001-08-24 00:00:00-04:00,1.5434078917109195,1.5787377381602286,1.5423984455229764,1.5696529150009155,90300,0.0,0.0
2001-08-27 00:00:00-04:00,1.5827757692568427,1.5837851193971848,1.5444176722067182,1.5686438083648682,80900,0.0,0.0
2001-08-28 00:00:00-04:00,1.5666246727031734,1.5928695997270825,1.5666246727031734,1.5696529150009155,69300,0.0,0.0
2001-08-29 00:00:00-04:00,1.579746758712334,1.5999352931976318,1.5696525877357521,1.5999352931976318,73800,0.0,0.0
2001-08-30 00:00:00-04:00,1.6029643302349048,1.614067952698444,1.5847946786890093,1.6070020198822021,77600,0.0,0.0
2001-08-31 00:00:00-04:00,1.6140676868909525,1.6140676868909525,1.5565305948257446,1.5565305948257446,70600,0.0,0.0
2001-09-04 00:00:00-04:00,1.5726811705158847,1.6049826786728352,1.564605793476647,1.571671724319458,71800,0.0,0.0
2001-09-05 00:00:00-04:00,1.5595585255099322,1.6029637455868029,1.5575397295556552,1.5787376165390015,114200,0.0,0.0
2001-09-06 00:00:00-04:00,1.5847944562979859,1.6140677261995615,1.5847944562979859,1.6090205907821655,94200,0.0,0.0
2001-09-07 00:00:00-04:00,1.6150764077213575,1.6150764077213575,1.581765464513389,1.5948879718780518,57300,0.0,0.0
2001-09-10 00:00:00-04:00,1.5898409529863744,1.6130576318064018,1.5746996490834053,1.6049822568893433,78000,0.0,0.0
2001-09-17 00:00:00-04:00,1.6453594476576092,1.7140002439091306,1.6453594476576092,1.6665574312210083,347400,0.0,0.0
2001-09-18 00:00:00-04:00,1.6806888482786155,1.6806888482786155,1.5898408388507113,1.5948879718780518,151100,0.0,0.0
2001-09-19 00:00:00-04:00,1.5898415680057199,1.5898415680057199,1.2365434417822265,1.393004059791565,934000,0.0,0.0
2001-09-20 00:00:00-04:00,1.393003801313902,1.4081451082646503,1.3122499396223848,1.4010791778564453,264400,0.0,0.0
2001-09-21 00:00:00-04:00,1.3657499899655126,1.408145785331726,1.3485897824950868,1.408145785331726,154400,0.0,0.0
2001-09-24 00:00:00-04:00,1.4121825621865316,1.4131920081533542,1.36272086500502,1.3728151321411133,226900,0.0,0.0
2001-09-25 00:00:00-04:00,1.3627211056936914,1.3627211056936914,1.3364760835172123,1.3546457290649414,133500,0.0,0.0
2001-09-26 00:00:00-04:00,1.3536363454199745,1.3657494109223844,1.3122500142202185,1.3607022762298584,165600,0.0,0.0
2001-09-27 00:00:00-04:00,1.3546456841345418,1.3980509042739868,1.3425326195931784,1.3980509042739868,80700,0.0,0.0
2001-09-28 00:00:00-04:00,1.4131923700025584,1.483851969249468,1.4131923700025584,1.4687106609344482,154300,0.0,0.0
2001-10-01 00:00:00-04:00,1.4636636542549357,1.4818333028370454,1.4253055607294263,1.4798144102096558,91100,0.0,0.0
2001-10-02 00:00:00-04:00,1.4798143788338007,1.5494646327443908,1.4697202047091726,1.5151442289352417,108500,0.0,0.0
2001-10-03 00:00:00-04:00,1.505050360435,1.544417909951747,1.4989938735961914,1.4989938735961914,77100,0.0,0.0
2001-10-04 00:00:00-04:00,1.5090879228031608,1.5393706432347727,1.5040407866868732,1.5292763710021973,109200,0.0,0.0
2001-10-05 00:00:00-04:00,1.5343230357945747,1.5434078587599314,1.519181728363037,1.519181728363037,89500,0.0,0.0
2001-10-08 00:00:00-04:00,1.542397891890974,1.5545109530001378,1.5242283483602546,1.5262471437454224,128700,0.0,0.0
2001-10-09 00:00:00-04:00,1.5528987284572346,1.5843764249927215,1.5350613704226201,1.5612927675247192,163600,0.574,0.0
2001-10-10 00:00:00-04:00,1.5508008592952414,1.5801801091801004,1.5508008592952414,1.565490484237671,72600,0.0,0.0
2001-10-11 00:00:00-04:00,1.510928656661558,1.5424063578555183,1.4951898560970047,1.5329630374908447,123900,0.0,0.0
2001-10-12 00:00:00-04:00,1.5361108593431,1.5644407200345363,1.5287659991109963,1.540307879447937,93200,0.0,0.0
2001-10-15 00:00:00-04:00,1.541357059301134,1.5623422598884777,1.5329630190921375,1.539258599281311,58600,0.0,0.0
2001-10-16 00:00:00-04:00,1.5424063204347478,1.5623422407353547,1.5329630002991814,1.5413570404052734,52600,0.0,0.0
2001-10-17 00:00:00-04:00,1.5413565649505687,1.563390938448438,1.5392581056037729,1.5445044040679932,40400,0.0,0.0
2001-10-18 00:00:00-04:00,1.542405741013303,1.5476520391249944,1.526666946743042,1.5371594429016113,105100,0.0,0.0
2001-10-19 00:00:00-04:00,1.5560473234585306,1.5560473234585306,1.5224711487315967,1.53086519241333,102200,0.0,0.0
2001-10-22 00:00:00-04:00,1.536110915507035,1.536110915507035,1.5214212945705914,1.526667594909668,44200,0.0,0.0
2001-10-23 00:00:00-04:00,1.5308642924882638,1.535061311861895,1.5161746746481375,1.5182732343673706,57900,0.0,0.0
2001-10-24 00:00:00-04:00,1.5077806784314385,1.5088299583206524,1.442726826272739,1.4794508218765259,152200,0.0,0.0
2001-10-25 00:00:00-04:00,1.4794509593306349,1.482598699225892,1.459515039842697,1.474204659461975,76400,0.0,0.0
2001-10-26 00:00:00-04:00,1.4532194250352033,1.486795580971348,1.4500715853675614,1.4794508218765259,80900,0.0,0.0
2001-10-29 00:00:00-05:00,1.4899434132780423,1.521421111459131,1.4899434132780423,1.5130270719528198,69300,0.0,0.0
2001-10-30 00:00:00-05:00,1.5193229071109302,1.5193229071109302,1.4794512601573793,1.4878453016281128,64400,0.0,0.0
2001-10-31 00:00:00-05:00,1.5088301081581441,1.5088301081581441,1.4217418700016629,1.4416776895523071,183800,0.0,0.0
2001-11-01 00:00:00-05:00,1.4637121902087529,1.4637121902087529,1.429086748079664,1.4427270889282227,109500,0.0,0.0
2001-11-02 00:00:00-05:00,1.432234186582335,1.4458745245578128,1.4133476494403796,1.430135726928711,140200,0.0,0.0
2001-11-05 00:00:00-05:00,1.4196434142077468,1.432234474858287,1.3797716721152748,1.3902642726898193,125900,0.0,0.0
2001-11-06 00:00:00-05:00,1.3797715354016948,1.4060029341740834,1.3640327361641997,1.3934118747711182,114400,0.0,0.0
2001-11-07 00:00:00-05:00,1.4007572727375843,1.4322348833084106,1.3934124102148258,1.4322348833084106,100900,0.0,0.0
2001-11-08 00:00:00-05:00,1.4269881699038895,1.4584657691875544,1.4227911499950778,1.4416776895523071,60200,0.0,0.0
2001-11-09 00:00:00-05:00,1.44062848048788,1.4899435418930695,1.44062848048788,1.4836480617523193,103100,0.0,0.0
2001-11-12 00:00:00-05:00,1.479450306769386,1.4951890993683954,1.4427263239519603,1.4553173780441284,90000,0.0,0.0
2001-11-13 00:00:00-05:00,1.4595148204133288,1.4742044378241104,1.4584655405843805,1.4668595790863037,83500,0.0,0.0
2001-11-14 00:00:00-05:00,1.4584655149531802,1.4584655149531802,1.4164953231811523,1.4164953231811523,126000,0.0,0.0
2001-11-15 00:00:00-05:00,1.4164950839675918,1.4164950839675918,1.3115695221922148,1.3566875457763672,306700,0.0,0.0
2001-11-16 00:00:00-05:00,1.2591068923881732,1.2853382859795934,1.2066441052053327,1.255959153175354,467200,0.0,0.0
2001-11-19 00:00:00-05:00,1.245466947555542,1.2538609881405023,1.207693764923221,1.245466947555542,179500,0.0,0.0
2001-11-20 00:00:00-05:00,1.2559595540604929,1.353540301322937,1.2559595540604929,1.353540301322937,197200,0.0,0.0
2001-11-21 00:00:00-05:00,1.3535403634156267,1.3671807050704956,1.3535403634156267,1.3671807050704956,94200,0.0,0.0
2001-11-23 00:00:00-05:00,1.3671804763909376,1.3955104351043701,1.3388506177423507,1.3955104351043701,51300,0.0,0.0
2001-11-26 00:00:00-05:00,1.390263887816389,1.390263887816389,1.3378010995969027,1.3398996591567993,112000,0.0,0.0
2001-11-27 00:00:00-05:00,1.3378014009719925,1.381870161009199,1.3378014009719925,1.351441740989685,105000,0.0,0.0
2001-11-28 00:00:00-05:00,1.3535402457389805,1.3850179468162516,1.3535402457389805,1.370328426361084,119700,0.0,0.0
2001-11-29 00:00:00-05:00,1.364032827580202,1.3829194679828345,1.353540227342106,1.3745254278182983,72100,0.0,0.0
2001-11-30 00:00:00-05:00,1.3797713696538685,1.3902639679283173,1.3692788714442528,1.3755743503570557,65400,0.0,0.0
2001-12-03 00:00:00-05:00,1.3692790630661051,1.4406284010968085,1.3692790630661051,1.4175448417663574,133400,0.0,0.0
2001-12-04 00:00:00-05:00,1.4280375242233276,1.4374808451875776,1.4060031419950314,1.4280375242233276,95400,0.0,0.0
2001-12-05 00:00:00-05:00,1.4385300312878933,1.4584658519700948,1.4280374308878796,1.4500718116760254,96800,0.0,0.0
2001-12-06 00:00:00-05:00,1.479451217830788,1.495190020121915,1.4490227933537085,1.467909336090088,195800,0.0,0.0
2001-12-07 00:00:00-05:00,1.4742046965224838,1.4742046965224838,1.4521703165720607,1.4658106565475464,76600,0.0,0.0
2001-12-10 00:00:00-05:00,1.455318174698804,1.4689585157817027,1.4532197145671275,1.462662935256958,57500,0.0,0.0
2001-12-11 00:00:00-05:00,1.4637124732195659,1.4888945996252008,1.4605647324350803,1.4616140127182007,76200,0.0,0.0
2001-12-12 00:00:00-05:00,1.4605639997907436,1.474204336434451,1.4532192416229108,1.4647610187530518,70700,0.0,0.0
2001-12-13 00:00:00-05:00,1.461613774244918,1.479451135888162,1.452170453367335,1.4605644941329956,70600,0.0,0.0
2001-12-14 00:00:00-05:00,1.4668598364957763,1.4689583965219355,1.4542687765333702,1.4658106565475464,85300,0.0,0.0
2001-12-17 00:00:00-05:00,1.4668594782017932,1.4689580377153597,1.4595147200339604,1.4647610187530518,65000,0.0,0.0
2001-12-18 00:00:00-05:00,1.4647615956380338,1.4773526574838496,1.4521705337922177,1.4700078964233398,99500,0.0,0.0
2001-12-19 00:00:00-05:00,1.4689586162533057,1.471057176593374,1.4584660146826933,1.4700078964233398,83900,0.0,0.0
2001-12-20 00:00:00-05:00,1.4689587745702921,1.4689587745702921,1.4532199705829891,1.4616140127182007,80000,0.0,0.0
2001-12-21 00:00:00-05:00,1.458465523636685,1.4888939378687795,1.458465523636685,1.47315514087677,79300,0.0,0.0
2001-12-24 00:00:00-05:00,1.4794510672228718,1.5109286686007102,1.4742047669716138,1.5056824684143066,70300,0.0,0.0
2001-12-26 00:00:00-05:00,1.5088296945890793,1.5476521431205972,1.4972879180196508,1.5445044040679932,117400,0.0,0.0
2001-12-27 00:00:00-05:00,1.544504300283905,1.5476520391249944,1.532962424425221,1.5371594429016113,79200,0.0,0.0
2001-12-28 00:00:00-05:00,1.5476524464835544,1.5770315835511886,1.5476524464835544,1.554997205734253,105400,0.0,0.0
2001-12-31 00:00:00-05:00,1.565490025903589,1.575982626371209,1.5539482454410904,1.5591944456100464,96800,0.0,0.0
2002-01-02 00:00:00-05:00,1.5633917654639087,1.5749336482036749,1.559194744485323,1.57388436794281,93000,0.0,0.0
2002-01-03 00:00:00-05:00,1.5717849918387783,1.572834271555183,1.5581447557848007,1.5707358121871948,93600,0.0,0.0
2002-01-04 00:00:00-05:00,1.5696874655037263,1.5696874655037263,1.531914273843901,1.54975163936615,106700,0.0,0.0
2002-01-07 00:00:00-05:00,1.5476520391249944,1.552898337236686,1.5235192079019524,1.5371594429016113,139700,0.0,0.0
2002-01-08 00:00:00-05:00,1.5340122991344751,1.5508003795524683,1.5266675389678164,1.539258599281311,111600,0.0,0.0
2002-01-09 00:00:00-05:00,1.5319138389908724,1.5413570591765913,1.5245689787599548,1.538209319114685,94500,0.0,0.0
2002-01-10 00:00:00-05:00,1.4689586992976145,1.4846975024784266,1.2591074565408125,1.3178658485412598,629500,0.0,0.0
2002-01-11 00:00:00-05:00,1.3157673122654459,1.3797719064592773,1.313668851833042,1.3640331029891968,244600,0.0,0.0
2002-01-14 00:00:00-05:00,1.3692792025403266,1.3692792025403266,1.311570098206279,1.353540301322937,144900,0.0,0.0
2002-01-15 00:00:00-05:00,1.3430475351469155,1.3430475351469155,1.3115698389979962,1.3325549364089966,88000,0.0,0.0
2002-01-16 00:00:00-05:00,1.3168162951543068,1.3168162951543068,1.264353495347879,1.2695997953414917,171300,0.0,0.0
2002-01-17 00:00:00-05:00,1.2798559611252829,1.2969492822337958,1.2552844839604098,1.2862659692764282,142300,0.216,0.0
2002-01-18 00:00:00-05:00,1.286265380678202,1.2873337318617832,1.2616939147572925,1.2819920778274536,72700,0.0,0.0
2002-01-22 00:00:00-05:00,1.3087008299990737,1.3193841428341477,1.2798559464745474,1.2969492673873901,69200,0.0,0.0
2002-01-23 00:00:00-05:00,1.2969487471280272,1.3236569166183472,1.2937436934330104,1.3236569166183472,69200,0.0,0.0
2002-01-24 00:00:00-05:00,1.3236567876594412,1.3268617391586304,1.3033585237695762,1.3268617391586304,67600,0.0,0.0
2002-01-25 00:00:00-05:00,1.3354081812894973,1.354638091702805,1.3193833238674468,1.3514330387115479,93100,0.0,0.0
2002-01-28 00:00:00-05:00,1.3460920359232504,1.3535702921825528,1.2841290792169155,1.3119055032730103,85400,0.0,0.0
2002-01-29 00:00:00-05:00,1.301222549486898,1.3140424635355843,1.2926759401211072,1.3033591508865356,40400,0.0,0.0
2002-01-30 00:00:00-05:00,1.319383749654475,1.3289986060804437,1.2980171303516335,1.3076320886611938,52100,0.0,0.0
2002-01-31 00:00:00-05:00,1.2980176267479275,1.3140425973534315,1.2830611097764804,1.3012226819992065,57000,0.0,0.0
2002-02-01 00:00:00-05:00,1.3119059738090064,1.3300675471386219,1.3087010202460263,1.3183159828186035,40400,0.0,0.0
2002-02-04 00:00:00-05:00,1.317247206095787,1.317247206095787,1.2841291255661438,1.2926757335662842,25500,0.0,0.0
2002-02-05 00:00:00-05:00,1.2851973967074346,1.2873340996851061,1.261694275254681,1.2777191400527954,69900,0.0,0.0
2002-02-06 00:00:00-05:00,1.2819922700220225,1.308700442314148,1.2713089603517356,1.308700442314148,78200,0.0,0.0
2002-02-07 00:00:00-05:00,1.3033585527384648,1.3033585527384648,1.2349857091903687,1.2349857091903687,69900,0.0,0.0
2002-02-08 00:00:00-05:00,1.2285760879037777,1.2285760879037777,1.1805013917973075,1.2146878242492676,155000,0.0,0.0
2002-02-11 00:00:00-05:00,1.2050726905741598,1.2478058268497596,1.1740912151690552,1.244600772857666,169800,0.0,0.0
2002-02-12 00:00:00-05:00,1.2488737831786882,1.2798552513122559,1.2446004807424569,1.2798552513122559,52900,0.0,0.0
2002-02-13 00:00:00-05:00,1.269172611815526,1.269172611815526,1.2285761696362933,1.2392594814300537,59800,0.0,0.0
2002-02-14 00:00:00-05:00,1.2339177412411093,1.2499426059534384,1.204004612899079,1.2136194705963135,98000,0.0,0.0
2002-02-15 00:00:00-05:00,1.255284237178392,1.255284237178392,1.216824501483364,1.2275077104568481,62600,0.0,0.0
2002-02-19 00:00:00-05:00,1.2339174029349023,1.2392590570023458,1.1911842722789312,1.2018675804138184,66600,0.0,0.0
2002-02-20 00:00:00-05:00,1.2072092522791569,1.2232341128341648,1.1730227268736526,1.1869109869003296,82400,0.0,0.0
2002-02-21 00:00:00-05:00,1.192252980361779,1.227507765123173,1.1772964667561014,1.2029362916946411,69800,0.0,0.0
2002-02-22 00:00:00-05:00,1.2285756800629442,1.2606255007891265,1.2232340262946517,1.2467372417449951,71200,0.0,0.0
2002-02-25 00:00:00-05:00,1.2574213328705914,1.2734462022781372,1.2499429721812532,1.2734462022781372,57400,0.0,0.0
2002-02-26 00:00:00-05:00,1.2809239685808427,1.2809239685808427,1.2499424915903365,1.2755823135375977,45200,0.0,0.0
2002-02-27 00:00:00-05:00,1.2755825814580843,1.2798558860135165,1.2520794573450162,1.2638310194015503,43000,0.0,0.0
2002-02-28 00:00:00-05:00,1.271309133003386,1.281992444124533,1.2659675793264185,1.2777191400527954,35600,0.0,0.0
2002-03-01 00:00:00-05:00,1.2670363902489783,1.3087011998192988,1.2670363902489783,1.2916079759597778,80000,0.0,0.0
2002-03-04 00:00:00-05:00,1.2948121782096438,1.3087004400030542,1.260625750338844,1.3076320886611938,93800,0.0,0.0
2002-03-05 00:00:00-05:00,1.2980173258476257,1.3514336783826493,1.2980173258476257,1.3300671577453613,84700,0.0,0.0
2002-03-06 00:00:00-05:00,1.34075019934179,1.3567750611257867,1.3257935869620967,1.3482284545898438,57400,0.0,0.0
2002-03-07 00:00:00-05:00,1.3727998807691715,1.388824740871956,1.367458226773718,1.368526577949524,95200,0.0,0.0
2002-03-08 00:00:00-05:00,1.3792100855610943,1.4155332184103584,1.37814173415174,1.3984400033950806,88200,0.0,0.0
2002-03-11 00:00:00-05:00,1.4091231279262149,1.4582661691105272,1.4091231279262149,1.440104603767395,112700,0.0,0.0
2002-03-12 00:00:00-05:00,1.4689498644658812,1.4689498644658812,1.4048501932630135,1.432626724243164,97000,0.0,0.0
2002-03-13 00:00:00-05:00,1.4614706165893945,1.466812167333968,1.4433090587839057,1.4529240131378174,86300,0.0,0.0
2002-03-14 00:00:00-05:00,1.4475828462846712,1.46360770766306,1.4422411918640137,1.4422411918640137,45400,0.0,0.0
2002-03-15 00:00:00-05:00,1.4422416758589292,1.45506158964053,1.4315583634324527,1.436900019645691,77100,0.0,0.0
2002-03-18 00:00:00-05:00,1.4369001198761346,1.4614716994175645,1.4315584632902911,1.4454467296600342,59300,0.0,0.0
2002-03-19 00:00:00-05:00,1.4507888680655499,1.4636087869990064,1.4315589387235357,1.4475839138031006,72100,0.0,0.0
2002-03-20 00:00:00-05:00,1.4443789595406513,1.4636087869990064,1.4443789595406513,1.4475839138031006,51200,0.0,0.0
2002-03-21 00:00:00-05:00,1.4368990552534477,1.4582655638823907,1.4315574026253246,1.4529240131378174,73900,0.0,0.0
2002-03-22 00:00:00-05:00,1.4571981698321836,1.4571981698321836,1.4336949456087393,1.4358315467834473,56200,0.0,0.0
2002-03-25 00:00:00-05:00,1.4411729370508468,1.4411729370508468,1.3888249443690002,1.3909616470336914,89100,0.0,0.0
2002-03-26 00:00:00-05:00,1.4016447067260742,1.4101913127153396,1.3845514947475432,1.4016447067260742,55000,0.0,0.0
2002-03-27 00:00:00-05:00,1.4016447609040334,1.4550611013434416,1.4016447609040334,1.4422411918640137,73900,0.0,0.0
2002-03-28 00:00:00-05:00,1.4422416595581304,1.4529249718638597,1.4369000034052657,1.4465149641036987,77400,0.0,0.0
2002-04-01 00:00:00-05:00,1.4422415644812687,1.4956579187213157,1.4368999086805418,1.4945895671844482,122500,0.0,0.0
2002-04-02 00:00:00-05:00,1.4956575192903219,1.522365689277649,1.4956575192903219,1.522365689277649,125500,0.0,0.0
2002-04-03 00:00:00-05:00,1.5223661955848389,1.5351861092163612,1.4967263683217937,1.5106146335601807,92300,0.0,0.0
2002-04-04 00:00:00-05:00,1.5009986830238264,1.523433542555104,1.4433090587839057,1.4529240131378174,93700,0.0,0.0
2002-04-05 00:00:00-05:00,1.4422412177387978,1.446514520975273,1.3888248763410644,1.4304896593093872,86500,0.0,0.0
2002-04-08 00:00:00-04:00,1.4411731481518886,1.484974540358119,1.4411731481518886,1.4689496755599976,74800,0.0,0.0
2002-04-09 00:00:00-04:00,1.4764271216878797,1.4764271216878797,1.4144641957221704,1.4529240131378174,81500,0.0,0.0
2002-04-10 00:00:00-04:00,1.4529248720320351,1.4529248720320351,1.4101917276289695,1.4390366077423096,81800,0.0,0.0
2002-04-11 00:00:00-04:00,1.4390368366317692,1.4475834464950619,1.4155336085659012,1.4433101415634155,62800,0.0,0.0
2002-04-12 00:00:00-04:00,1.4422414863433475,1.4422414863433475,1.4101916551589966,1.4101916551589966,88200,0.0,0.0
2002-04-15 00:00:00-04:00,1.4208746760649673,1.460402755764099,1.416601372905158,1.4422411918640137,69700,0.0,0.0
2002-04-16 00:00:00-04:00,1.4529248588377672,1.462539716904623,1.4240799789863725,1.4411731958389282,54300,0.0,0.0
2002-04-17 00:00:00-04:00,1.451856160326981,1.451856160326981,1.4315578937530518,1.4315578937530518,46600,0.0,0.0
2002-04-18 00:00:00-04:00,1.4326262342835467,1.4518561494444804,1.4315578830226985,1.4422411918640137,71200,0.0,0.0
2002-04-19 00:00:00-04:00,1.4346340613897013,1.435720930267192,1.4139840709649811,1.4324604272842407,41600,0.23,0.0
2002-04-22 00:00:00-04:00,1.412896497187642,1.4313728442889766,1.4074622591608728,1.425938606262207,65700,0.0,0.0
2002-04-23 00:00:00-04:00,1.42919921875,1.4444150656782127,1.4128966070515045,1.42919921875,46800,0.0,0.0
2002-04-24 00:00:00-04:00,1.4248519028337905,1.4411546188009117,1.4194177678275646,1.4215914011001587,57900,0.0,0.0
2002-04-25 00:00:00-04:00,1.4455025428655675,1.4455025428655675,1.420505076930884,1.4324604272842407,52900,0.0,0.0
2002-04-26 00:00:00-04:00,1.4433288051105857,1.4433288051105857,1.424852448791326,1.4324604272842407,57700,0.0,0.0
2002-04-29 00:00:00-04:00,1.4433281972584524,1.4433281972584524,1.424851848720436,1.42919921875,51900,0.0,0.0
2002-04-30 00:00:00-04:00,1.4302862920836323,1.4302862920836323,1.3965941954398904,1.3987678289413452,69900,0.0,0.0
2002-05-01 00:00:00-04:00,1.4020284218955814,1.4074626614756958,1.3911600463848515,1.3965942859649658,53500,0.0,0.0
2002-05-02 00:00:00-04:00,1.3911597554915907,1.4009413639605501,1.3487728200092586,1.3661623001098633,79800,0.0,0.0
2002-05-03 00:00:00-04:00,1.370509141989367,1.3955065877379647,1.3639881412893413,1.3802907466888428,33800,0.0,0.0
2002-05-06 00:00:00-04:00,1.369423156060846,1.379204662670991,1.3335573208751594,1.337904691696167,76700,0.0,0.0
2002-05-07 00:00:00-04:00,1.3379039563363266,1.3574670624535303,1.3107328777268512,1.3542065620422363,60600,0.0,0.0
2002-05-08 00:00:00-04:00,1.3585546244942543,1.4063757016706755,1.350946751764924,1.3987678289413452,63000,0.0,0.0
2002-05-09 00:00:00-04:00,1.4042020681692207,1.4074625702461492,1.380291477756264,1.3987678289413452,25600,0.0,0.0
2002-05-10 00:00:00-04:00,1.3965936898874938,1.4313726425170898,1.3965936898874938,1.4313726425170898,49900,0.0,0.0
2002-05-13 00:00:00-04:00,1.4291995388075476,1.440068018140103,1.419418031787648,1.4302864074707031,65400,0.0,0.0
2002-05-14 00:00:00-04:00,1.425938714959551,1.4607176751428765,1.4150703417270005,1.4422414302825928,68200,0.0,0.0
2002-05-15 00:00:00-04:00,1.4346338695884102,1.4378943721354536,1.385725916784733,1.4281128644943237,66500,0.0,0.0
2002-05-16 00:00:00-04:00,1.4281130554237986,1.4346340613897013,1.4237656835633563,1.4324604272842407,30800,0.0,0.0
2002-05-17 00:00:00-04:00,1.42919921875,1.4346334571993244,1.4237650839501532,1.42919921875,40500,0.0,0.0
2002-05-20 00:00:00-04:00,1.4237649403906507,1.472672874204184,1.4237649403906507,1.4520227909088135,85800,0.0,0.0
2002-05-21 00:00:00-04:00,1.462891216309713,1.462891216309713,1.4183306536226663,1.424851655960083,73700,0.0,0.0
2002-05-22 00:00:00-04:00,1.4205049338190103,1.4346339168543725,1.419418168700529,1.4237655401229858,44200,0.0,0.0
2002-05-23 00:00:00-04:00,1.419417314609237,1.4531093969477114,1.419417314609237,1.4335461854934692,30500,0.0,0.0
2002-05-24 00:00:00-04:00,1.4226782780422407,1.4335466517689635,1.4183309078216553,1.4183309078216553,36300,0.0,0.0
2002-05-28 00:00:00-04:00,1.42376534151041,1.4378942189253097,1.4150705998783963,1.4161573648452759,16900,0.0,0.0
2002-05-29 00:00:00-04:00,1.4150704060685866,1.4259387797953094,1.4139835376010697,1.4183309078216553,28500,0.0,0.0
2002-05-30 00:00:00-04:00,1.4172436445297938,1.4259383825487317,1.4128962755203247,1.4128962755203247,41800,0.0,0.0
2002-05-31 00:00:00-04:00,1.4128968164497222,1.4226784263782928,1.4128968164497222,1.4205046892166138,39700,0.0,0.0
2002-06-03 00:00:00-04:00,1.4139835310667428,1.4226782714677335,1.3661623552118125,1.383551836013794,73600,0.0,0.0
2002-06-04 00:00:00-04:00,1.3726835787131217,1.4042020412512122,1.3585545984512897,1.3900730609893799,56000,0.0,0.0
2002-06-05 00:00:00-04:00,1.384638881467628,1.3857257500690512,1.347686178215201,1.3509467840194702,56900,0.0,0.0
2002-06-06 00:00:00-04:00,1.3531197761719007,1.3737698552124848,1.348772407476427,1.3552935123443604,26700,0.0,0.0
2002-06-07 00:00:00-04:00,1.3487723002402192,1.3835512470388556,1.3476854322404026,1.3802907466888428,31500,0.0,0.0
2002-06-10 00:00:00-04:00,1.3694228396165273,1.3726833410664767,1.345512253801462,1.3585543632507324,32500,0.0,0.0
2002-06-11 00:00:00-04:00,1.358554398173177,1.3639886364957645,1.3292095734208884,1.332470178604126,45800,0.0,0.0
2002-06-12 00:00:00-04:00,1.332470454549366,1.3357309567583557,1.3172546048249203,1.3313835859298706,49500,0.0,0.0
2002-06-13 00:00:00-04:00,1.342251969917752,1.357467714916825,1.3259492527265448,1.3465993404388428,52900,0.0,0.0
2002-06-14 00:00:00-04:00,1.3368175393636093,1.3422517776489258,1.3150806898718177,1.3422517776489258,47300,0.0,0.0
2002-06-17 00:00:00-04:00,1.3368167941050446,1.3911589393641977,1.3368167941050446,1.3748562335968018,28800,0.0,0.0
2002-06-18 00:00:00-04:00,1.3694224865170113,1.3857250932126763,1.3379040375624653,1.3552935123443604,42600,0.0,0.0
2002-06-19 00:00:00-04:00,1.3498597893221762,1.353120291172374,1.325949200571927,1.3476860523223877,52400,0.0,0.0
2002-06-20 00:00:00-04:00,1.3433390855789185,1.3520338288914409,1.3368180799192846,1.3433390855789185,28500,0.0,0.0
2002-06-21 00:00:00-04:00,1.3422521943287975,1.3509469368246523,1.3183416006404436,1.3281232118606567,34800,0.0,0.0
2002-06-24 00:00:00-04:00,1.3194278907004324,1.3498594760894775,1.3009515450875755,1.3498594760894775,106800,0.0,0.0
2002-06-25 00:00:00-04:00,1.348773275934495,1.3531206474291864,1.3216021781802965,1.3259495496749878,45500,0.0,0.0
2002-06-26 00:00:00-04:00,1.3259491731195117,1.3259491731195117,1.2933438443441376,1.3139939308166504,66600,0.0,0.0
2002-06-27 00:00:00-04:00,1.2987778842110396,1.3226884688050247,1.2944305146166302,1.3129068613052368,41900,0.0,0.0
2002-06-28 00:00:00-04:00,1.2987779240199029,1.315080638235733,1.2172646638891624,1.2390015125274658,82100,0.0,0.0
2002-07-01 00:00:00-04:00,1.2498697304647337,1.3205144998573088,1.2498697304647337,1.3096461296081543,98700,0.0,0.0
2002-07-02 00:00:00-04:00,1.3096464605688376,1.3672491380295273,1.3096464605688376,1.332470178604126,87500,0.0,0.0
2002-07-03 00:00:00-04:00,1.3465995655767249,1.353120570623863,1.3259494744119398,1.3281232118606567,29200,0.0,0.0
2002-07-05 00:00:00-04:00,1.3313831749743537,1.358554260177912,1.3313831749743537,1.3455121517181396,10100,0.0,0.0
2002-07-08 00:00:00-04:00,1.356380672210209,1.3965939739286326,1.3487728006875495,1.3922466039657593,54800,0.0,0.0
2002-07-09 00:00:00-04:00,1.3965940950721325,1.3965940950721325,1.3422519139977223,1.3607282638549805,51500,0.0,0.0
2002-07-10 00:00:00-04:00,1.371596682734059,1.412896754139142,1.3585545712876366,1.4063756465911865,137700,0.0,0.0
2002-07-11 00:00:00-04:00,1.4074623584747314,1.4183308352951756,1.4009413553020462,1.4074623584747314,117000,0.0,0.0
2002-07-12 00:00:00-04:00,1.4128962095746735,1.4346330536074712,1.4107224733466697,1.4335461854934692,83500,0.0,0.0
2002-07-15 00:00:00-04:00,1.4346335116841669,1.4346335116841669,1.3726834604977574,1.4215914011001587,121000,0.0,0.0
2002-07-16 00:00:00-04:00,1.421591802587002,1.440068157044821,1.3878996999753397,1.4237655401229858,99700,0.0,0.0
2002-07-17 00:00:00-04:00,1.4139834195996979,1.4183307894574817,1.4020280747536875,1.4118096828460693,76800,0.0,0.0
2002-07-18 00:00:00-04:00,1.4313731496480533,1.4313731496480533,1.4031151888000732,1.408549427986145,137600,0.0,0.0
2002-07-19 00:00:00-04:00,1.436304865696707,1.436304865696707,1.3313745717697931,1.3471704721450806,106700,0.476,0.0
2002-07-22 00:00:00-04:00,1.3381439495422067,1.376505598800161,1.3370157480239868,1.3370157480239868,95700,0.0,0.0
2002-07-23 00:00:00-04:00,1.3426576877341456,1.3539405688484947,1.2433688073746014,1.2670626640319824,144600,0.0,0.0
2002-07-24 00:00:00-04:00,1.297525600784728,1.297525600784728,1.2072629287750627,1.2523943185806274,194800,0.0,0.0
2002-07-25 00:00:00-04:00,1.2523948746421263,1.3753777001528615,1.2523948746421263,1.3133221864700317,130700,0.0,0.0
2002-07-26 00:00:00-04:00,1.3528119030520336,1.3765058610728613,1.3212199948914305,1.3437856435775757,82100,0.0,0.0
2002-07-29 00:00:00-04:00,1.3595814876351298,1.3900450827903235,1.3505552292482956,1.3663511276245117,58100,0.0,0.0
2002-07-30 00:00:00-04:00,1.3697366518117875,1.4069700107749028,1.3550689486442673,1.4024568796157837,58500,0.0,0.0
2002-07-31 00:00:00-04:00,1.4103542929585322,1.455485587292608,1.3731209482325464,1.454357385635376,76100,0.0,0.0
2002-08-01 00:00:00-04:00,1.455485228443992,1.455485228443992,1.3877883036334964,1.4216368198394775,31200,0.0,0.0
2002-08-02 00:00:00-04:00,1.4216368198394775,1.4329195868404934,1.3877883036334964,1.4216368198394775,30200,0.0,0.0
2002-08-05 00:00:00-04:00,1.4317918019752482,1.4419463713143255,1.4103544615050345,1.4351767301559448,45200,0.0,0.0
2002-08-06 00:00:00-04:00,1.4430743436052806,1.45435721970224,1.413738951834371,1.4408178329467773,42900,0.0,0.0
2002-08-07 00:00:00-04:00,1.440817916653484,1.44194611824754,1.410354213982743,1.4329198598861694,49900,0.0,0.0
2002-08-08 00:00:00-04:00,1.4340484062076784,1.4419463566794652,1.4103544471908125,1.4306635856628418,39900,0.0,0.0
2002-08-09 00:00:00-04:00,1.4385613572434237,1.4554855654645145,1.320091576891314,1.4487159252166748,185500,0.0,0.0
2002-08-12 00:00:00-04:00,1.4103546532519924,1.4588708877563477,1.4103546532519924,1.4588708877563477,54000,0.0,0.0
2002-08-13 00:00:00-04:00,1.4599989859496543,1.4656404256820679,1.4385616440882985,1.4656404256820679,37100,0.0,0.0
2002-08-14 00:00:00-04:00,1.4622562118786373,1.4701541662216187,1.4566147698044114,1.4701541662216187,74500,0.0,0.0
2002-08-15 00:00:00-04:00,1.4678971979138764,1.4757951498031616,1.4599991384230668,1.4757951498031616,62900,0.0,0.0
2002-08-16 00:00:00-04:00,1.47240974946725,1.4836925180707052,1.4667683113647814,1.480307698249817,35400,0.0,0.0
2002-08-19 00:00:00-04:00,1.4836929820300053,1.5231829534945442,1.481436470644283,1.5130283832550049,64800,0.0,0.0
2002-08-20 00:00:00-04:00,1.5231824545147614,1.5536461552537673,1.5118995784777636,1.5412349700927734,113600,0.0,0.0
2002-08-21 00:00:00-04:00,1.5344651709473305,1.589751021054912,1.528823733515615,1.5615439414978027,105700,0.0,0.0
2002-08-22 00:00:00-04:00,1.5716993585457495,1.5897518820228376,1.5119002400259858,1.5276962518692017,141300,0.0,0.0
2002-08-23 00:00:00-04:00,1.5389789333728758,1.5423637541857342,1.4836929528881153,1.501745581626892,61500,0.0,0.0
2002-08-26 00:00:00-04:00,1.5062587077658751,1.5480051896812852,1.5051303982975228,1.5401071310043335,86700,0.0,0.0
2002-08-27 00:00:00-04:00,1.5513895682256813,1.5626724444897337,1.5401066919616286,1.5502612590789795,75300,0.0,0.0
2002-08-28 00:00:00-04:00,1.5615450440574743,1.5773409508975267,1.5231833715575553,1.5322096347808838,65700,0.0,0.0
2002-08-29 00:00:00-04:00,1.543491790385177,1.5457483013270676,1.5220543446289971,1.5310806035995483,58900,0.0,0.0
2002-08-30 00:00:00-04:00,1.5288244974814813,1.5525184604535753,1.5288244974814813,1.5457487106323242,37300,0.0,0.0
2002-09-03 00:00:00-04:00,1.5570311257793978,1.558159435012639,1.5051300846667015,1.5164128541946411,86900,0.0,0.0
2002-09-04 00:00:00-04:00,1.5164130977098358,1.52656766723671,1.4667686670914055,1.5152848958969116,75500,0.0,0.0
2002-09-05 00:00:00-04:00,1.5119000309673247,1.5491333823907423,1.5119000309673247,1.5344657897949219,59400,0.0,0.0
2002-09-06 00:00:00-04:00,1.551390001314107,1.577340473323726,1.525439529304488,1.5344657897949219,60000,0.0,0.0
2002-09-09 00:00:00-04:00,1.545749019089532,1.575084428166352,1.5288248025614288,1.5671864748001099,38300,0.0,0.0
2002-09-10 00:00:00-04:00,1.577341116534564,1.6010350868842984,1.567186650043155,1.5886240005493164,133000,0.0,0.0
2002-09-11 00:00:00-04:00,1.59200847773726,1.599906537876761,1.5683145125218239,1.5931367874145508,51000,0.0,0.0
2002-09-12 00:00:00-04:00,1.5818537969774409,1.6078042703947322,1.5818537969774409,1.5987780094146729,88400,0.0,0.0
2002-09-13 00:00:00-04:00,1.5874954260777616,1.6066762611454968,1.5795974731445312,1.5795974731445312,91000,0.0,0.0
2002-09-16 00:00:00-04:00,1.5999059677124023,1.6078039174357488,1.5852382699394056,1.5999059677124023,41900,0.0,0.0
2002-09-17 00:00:00-04:00,1.5886229857127232,1.590879604114734,1.5638007212980434,1.570570468902588,87500,0.0,0.0
2002-09-18 00:00:00-04:00,1.5705701689447,1.5965206300027064,1.5705701689447,1.5874943733215332,50300,0.0,0.0
2002-09-19 00:00:00-04:00,1.5626735179575655,1.5908806203928894,1.5570320759501894,1.5886240005493164,88400,0.0,0.0
2002-09-20 00:00:00-04:00,1.5965219547987088,1.5999068845640685,1.5739562943707612,1.5886240005493164,48900,0.0,0.0
2002-09-23 00:00:00-04:00,1.5886234033071343,1.6247284464181777,1.5886234033071343,1.6236002445220947,129900,0.0,0.0
2002-09-24 00:00:00-04:00,1.6123171521854698,1.6337544918060303,1.6100606410892802,1.6337544918060303,69100,0.0,0.0
2002-09-25 00:00:00-04:00,1.6145741477225217,1.6314983614992888,1.5908801838741315,1.6021629571914673,93700,0.0,0.0
2002-09-26 00:00:00-04:00,1.606675631481442,1.6337544088701021,1.5942645520786805,1.6078039407730103,60000,0.0,0.0
2002-09-27 00:00:00-04:00,1.6078039622599734,1.6326262289987221,1.5694423066459517,1.6134454011917114,101100,0.0,0.0
2002-09-30 00:00:00-04:00,1.6190866710752239,1.6348825693130493,1.602162356047071,1.6348825693130493,57200,0.0,0.0
2002-10-01 00:00:00-04:00,1.6348830166935377,1.6461658964664967,1.6134456742467347,1.6236002445220947,97500,0.0,0.0
2002-10-02 00:00:00-04:00,1.620214909513223,1.6529351235233996,1.6078038309581522,1.6450371742248535,66500,0.0,0.0
2002-10-03 00:00:00-04:00,1.6698599714326294,1.681142744371123,1.6439093892311998,1.659705400466919,106400,0.0,0.0
2002-10-04 00:00:00-04:00,1.6698598797561968,1.689040711060271,1.637139657108338,1.6687315702438354,75000,0.0,0.0
2002-10-07 00:00:00-04:00,1.6687315992592968,1.6743730393176783,1.5795971906617312,1.6405245065689087,93600,0.0,0.0
2002-10-08 00:00:00-04:00,1.6292418169728167,1.6811428778964104,1.61570242381034,1.6258569955825806,83200,0.0,0.0
2002-10-09 00:00:00-04:00,1.6202150418285988,1.652935258510882,1.6021625233282353,1.6134454011917114,59800,0.0,0.0
2002-10-10 00:00:00-04:00,1.6078038349802648,1.6157017842985684,1.5638007439179529,1.610060453414917,83400,0.0,0.0
2002-10-11 00:00:00-04:00,1.6078039407730103,1.6247281497405488,1.6021625019166654,1.6078039407730103,73500,0.0,0.0
2002-10-14 00:00:00-04:00,1.6134451850159575,1.6190866231918335,1.5908795399139373,1.6190866231918335,77300,0.0,0.0
2002-10-15 00:00:00-04:00,1.6236004094170011,1.6597054561949187,1.596521516732036,1.6021629571914673,102100,0.0,0.0
2002-10-16 00:00:00-04:00,1.6133416446215862,1.6133416446215862,1.565094392522537,1.612164855003357,89600,0.585,0.0
2002-10-17 00:00:00-04:00,1.6062818765640259,1.6145192960638979,1.5733325352392225,1.6062818765640259,39800,0.0,0.0
2002-10-18 00:00:00-04:00,1.6121650200279054,1.6121650200279054,1.5662713424675427,1.5674480199813843,48600,0.0,0.0
2002-10-21 00:00:00-04:00,1.5792158360139208,1.6239328401123234,1.5721552091668651,1.590983510017395,87600,0.0,0.0
2002-10-22 00:00:00-04:00,1.6227564527602794,1.6227564527602794,1.5756859695211751,1.5921605825424194,97300,0.0,0.0
2002-10-23 00:00:00-04:00,1.5827462790325781,1.5980442121420966,1.532145544220185,1.553327202796936,100900,0.0,0.0
2002-10-24 00:00:00-04:00,1.5650949669612577,1.5709788049871214,1.5309688410811009,1.5556808710098267,42700,0.0,0.0
2002-10-25 00:00:00-04:00,1.55568060323405,1.55568060323405,1.5180241136851753,1.5286149978637695,97200,0.0,0.0
2002-10-28 00:00:00-05:00,1.5356752734638168,1.5403823195526591,1.4709533055736117,1.5156702995300293,112600,0.0,0.0
2002-10-29 00:00:00-05:00,1.51567051719747,1.51567051719747,1.4827211898436776,1.5086098909378052,69700,0.0,0.0
2002-10-30 00:00:00-05:00,1.5180242888691915,1.558034250505644,1.5180242888691915,1.553327202796936,45900,0.0,0.0
2002-10-31 00:00:00-05:00,1.548620060594878,1.5768623451238444,1.5133171488212382,1.5474432706832886,75200,0.0,0.0
2002-11-01 00:00:00-05:00,1.5768627517090257,1.5768627517090257,1.5415599430576186,1.5650951862335205,43600,0.0,0.0
2002-11-04 00:00:00-05:00,1.5650952122772703,1.5792163584177925,1.5239084518654105,1.5592113733291626,90000,0.0,0.0
2002-11-05 00:00:00-05:00,1.5474432513786114,1.5709786004173378,1.5356756890841095,1.536852478981018,68000,0.0,0.0
2002-11-06 00:00:00-05:00,1.5356754298179567,1.5568570832619326,1.4944886881785526,1.5297915935516357,76700,0.0,0.0
2002-11-07 00:00:00-05:00,1.5321450244066956,1.5415591166301763,1.5192005634307861,1.5192005634307861,35900,0.0,0.0
2002-11-08 00:00:00-05:00,1.5203773519623278,1.5592105104135079,1.5203773519623278,1.5321450233459473,42900,0.0,0.0
2002-11-11 00:00:00-05:00,1.543913324537532,1.56509509831846,1.5392062761667575,1.5627415180206299,38500,0.0,0.0
2002-11-12 00:00:00-05:00,1.5603875871193045,1.6121651038400338,1.5603875871193045,1.5992207527160645,58800,0.0,0.0
2002-11-13 00:00:00-05:00,1.5992208202873295,1.6074581247847348,1.5297917903096085,1.5450897216796875,83900,0.0,0.0
2002-11-14 00:00:00-05:00,1.5568572321236223,1.5768622100070195,1.536852366465078,1.5403826236724854,52100,0.0,0.0
2002-11-15 00:00:00-05:00,1.552150500859383,1.5709788049871214,1.5497970329839632,1.5556808710098267,19800,0.0,0.0
2002-11-18 00:00:00-05:00,1.5556805068851731,1.5909834145524324,1.5556805068851731,1.5850995779037476,51000,0.0,0.0
2002-11-19 00:00:00-05:00,1.5886303385685931,1.5921605967868886,1.5650950967384798,1.5792162418365479,35100,0.0,0.0
2002-11-20 00:00:00-05:00,1.5792158879267773,1.6321701982334411,1.5792158879267773,1.6156954765319824,78800,0.0,0.0
2002-11-21 00:00:00-05:00,1.6145186256185777,1.647467953260837,1.6145186256185777,1.6239327192306519,47800,0.0,0.0
2002-11-22 00:00:00-05:00,1.6298171800072272,1.6298171800072272,1.6121656635554988,1.6180495023727417,69200,0.0,0.0
2002-11-25 00:00:00-05:00,1.6062810191370458,1.6462909683581601,1.6062810191370458,1.612164855003357,66200,0.0,0.0
2002-11-26 00:00:00-05:00,1.5780397607408356,1.6274638343759993,1.5780397607408356,1.614519476890564,48200,0.0,0.0
2002-11-27 00:00:00-05:00,1.6262864697597441,1.6462914502257358,1.6145189068076047,1.6451146602630615,38200,0.0,0.0
2002-11-29 00:00:00-05:00,1.6451146602630615,1.64746824018841,1.6380541449367514,1.6451146602630615,14800,0.0,0.0
2002-12-02 00:00:00-05:00,1.635700273216187,1.635700273216187,1.6145186187910185,1.620402455329895,31000,0.0,0.0
2002-12-03 00:00:00-05:00,1.6133421107146424,1.6533520714945977,1.6121653207564395,1.6415843963623047,56900,0.0,0.0
2002-12-04 00:00:00-05:00,1.6415842970665506,1.656882228923247,1.6180490604504256,1.6486449241638184,45700,0.0,0.0
2002-12-05 00:00:00-05:00,1.6474684832534112,1.6698269347186157,1.6474684832534112,1.6651198863983154,44200,0.0,0.0
2002-12-06 00:00:00-05:00,1.659235654785793,1.7063061236517636,1.653351818121334,1.7004222869873047,103300,0.0,0.0
2002-12-09 00:00:00-05:00,1.7063065267201274,1.7345488147111796,1.678064238729075,1.7015994787216187,89700,0.0,0.0
2002-12-10 00:00:00-05:00,1.7039525543889473,1.7216040644889499,1.661589132153673,1.7204272747039795,63400,0.0,0.0
2002-12-11 00:00:00-05:00,1.7086601881726897,1.7333721071726156,1.691008673169323,1.7039530277252197,88200,0.0,0.0
2002-12-12 00:00:00-05:00,1.7157201935337667,1.7204272403548186,1.6768870292038753,1.7063060998916626,60900,0.0,0.0
2002-12-13 00:00:00-05:00,1.7180743217468262,1.7227813700711374,1.7063066448236062,1.7180743217468262,56900,0.0,0.0
2002-12-16 00:00:00-05:00,1.7086597906951992,1.7533766822950647,1.7086597906951992,1.7357252836227417,128300,0.0,0.0
2002-12-17 00:00:00-05:00,1.7533761626113487,1.7533761626113487,1.718073375730107,1.7216036319732666,69700,0.0,0.0
2002-12-18 00:00:00-05:00,1.7333713250828588,1.7463157860231517,1.719250186786492,1.7286642789840698,56500,0.0,0.0
2002-12-19 00:00:00-05:00,1.7404323574782172,1.752200031590386,1.7357253102783212,1.7463161945343018,65600,0.0,0.0
2002-12-20 00:00:00-05:00,1.7345487880967096,1.7533769798018497,1.7180741764671497,1.7439628839492798,53600,0.0,0.0
2002-12-23 00:00:00-05:00,1.7463161770339657,1.7627907859560765,1.7416091298812404,1.7557302713394165,123000,0.0,0.0
2002-12-24 00:00:00-05:00,1.7639671717542045,1.7651439613290498,1.7545530796051025,1.7545530796051025,53000,0.0,0.0
2002-12-26 00:00:00-05:00,1.7639671935698722,1.7651439831592715,1.7545531013043427,1.7616137266159058,73700,0.0,0.0
2002-12-27 00:00:00-05:00,1.7616139276063125,1.765144184552461,1.7592603481589837,1.7639673948287964,106100,0.0,0.0
2002-12-30 00:00:00-05:00,1.762791250335322,1.7769125077383747,1.7545539437042796,1.7686750888824463,138900,0.0,0.0
2002-12-31 00:00:00-05:00,1.767497980950874,1.767497980950874,1.7357253278610778,1.736902117729187,95400,0.0,0.0
2003-01-02 00:00:00-05:00,1.7427862555448959,1.7769123820341672,1.7427862555448959,1.7651447057724,89200,0.0,0.0
2003-01-03 00:00:00-05:00,1.7698514111683932,1.789856389605275,1.768674621325081,1.788679599761963,188000,0.0,0.0
2003-01-06 00:00:00-05:00,1.8180983937683268,1.853401298081514,1.8122145576786557,1.8369265794754028,283000,0.0,0.0
2003-01-07 00:00:00-05:00,1.8463410616157625,1.8475178515267816,1.8133917296812658,1.8145685195922852,237800,0.0,0.0
2003-01-08 00:00:00-05:00,1.8263355866075122,1.8498708158731088,1.8157447053817872,1.8404567241668701,113000,0.0,0.0
2003-01-09 00:00:00-05:00,1.840456964626205,1.8510477350108094,1.827512502670288,1.827512502670288,161600,0.0,0.0
2003-01-10 00:00:00-05:00,1.8275129302800277,1.839280605316162,1.8145685775201728,1.839280605316162,171800,0.0,0.0
2003-01-13 00:00:00-05:00,1.8581078001328855,1.8828198146896797,1.8451634543078241,1.8710521459579468,247100,0.0,0.0
2003-01-14 00:00:00-05:00,1.8828198146896797,1.8828198146896797,1.8604613787691546,1.8710521459579468,156500,0.0,0.0
2003-01-15 00:00:00-05:00,1.871053187898238,1.8828208631830796,1.8604624148117228,1.8734067678451538,238500,0.0,0.0
2003-01-16 00:00:00-05:00,1.8807342387998782,1.89294684568182,1.847760386567517,1.8734067678451538,215000,0.58,0.0
2003-01-17 00:00:00-05:00,1.8734065615309379,1.8734065615309379,1.8331051263141112,1.856308937072754,115800,0.0,0.0
2003-01-21 00:00:00-05:00,1.86852183281947,1.86852183281947,1.831884126986136,1.84043288230896,163200,0.0,0.0
2003-01-22 00:00:00-05:00,1.8404333469804468,1.862415999324225,1.8318845894992377,1.859973430633545,105000,0.0,0.0
2003-01-23 00:00:00-05:00,1.863635939119048,1.8929460434524428,1.8318832678572028,1.8379895687103271,178700,0.0,0.0
2003-01-24 00:00:00-05:00,1.8770698460185617,1.8770698460185617,1.8331046862815865,1.8587510585784912,109200,0.0,0.0
2003-01-27 00:00:00-05:00,1.858752054400611,1.8624157905578613,1.8196717750070093,1.8318843841552734,115600,0.0,0.0
2003-01-28 00:00:00-05:00,1.8318834741797536,1.8685211669569517,1.8172284203624773,1.8550872802734375,116000,0.0,0.0
2003-01-29 00:00:00-05:00,1.8550874006867113,1.8746275901794434,1.8465386478554064,1.8746275901794434,83900,0.0,0.0
2003-01-30 00:00:00-05:00,1.8795124864369126,1.8917249730506356,1.8550872802734375,1.8550872802734375,95200,0.0,0.0
2003-01-31 00:00:00-05:00,1.8685217483859873,1.8831768067634869,1.8624154449450165,1.8734067678451538,89400,0.0,0.0
2003-02-03 00:00:00-05:00,1.8648583214955319,1.8746283620305597,1.8257780428873505,1.8489819765090942,103700,0.0,0.0
2003-02-04 00:00:00-05:00,1.8611939844315988,1.8734065901551922,1.845317643578143,1.8685215711593628,177700,0.0,0.0
2003-02-05 00:00:00-05:00,1.8685210786948445,1.874627379947274,1.8611934938983274,1.8672997951507568,82600,0.0,0.0
2003-02-06 00:00:00-05:00,1.879511920525421,1.8819543705255504,1.8685206043548896,1.877069354057312,66800,0.0,0.0
2003-02-07 00:00:00-05:00,1.8770699939257107,1.8807337284088135,1.8660786740083835,1.8807337284088135,76600,0.0,0.0
2003-02-10 00:00:00-05:00,1.8905039255493779,1.9283629066564703,1.8868401907545074,1.9234778881072998,109300,0.0,0.0
2003-02-11 00:00:00-05:00,1.9283628163227466,1.9430178712837451,1.892946404383328,1.9161502122879028,120900,0.0,0.0
2003-02-12 00:00:00-05:00,1.9100438357200766,1.9332476413041004,1.9002738000564865,1.919813871383667,87900,0.0,0.0
2003-02-13 00:00:00-05:00,1.9198146104697038,1.9442397090318004,1.9112657386219272,1.9320271015167236,121700,0.0,0.0
2003-02-14 00:00:00-05:00,1.935690523704956,1.9454605609597164,1.9088228630203485,1.9259204864501953,67900,0.0,0.0
2003-02-18 00:00:00-05:00,1.9137080476484427,1.9295843886815973,1.8807340817023426,1.9100443124771118,127100,0.0,0.0
2003-02-19 00:00:00-05:00,1.8990531940086652,1.9222570078711372,1.8990531940086652,1.9173719882965088,78300,0.0,0.0
2003-02-20 00:00:00-05:00,1.9051597012575188,1.9198147615480454,1.885619504402084,1.8941683769226074,85100,0.0,0.0
2003-02-21 00:00:00-05:00,1.8941680745637581,1.923478190466149,1.8843980359296277,1.9088231325149536,95200,0.0,0.0
2003-02-24 00:00:00-05:00,1.899053055546838,1.952788266949864,1.899053055546838,1.9454607963562012,185700,0.0,0.0
2003-02-25 00:00:00-05:00,1.9527874308374549,1.9784339163385196,1.9479024137105843,1.9552299976348877,198100,0.0,0.0
2003-02-26 00:00:00-05:00,1.9601158629076185,1.983319793030388,1.9454609207829996,1.9759923219680786,111400,0.0,0.0
2003-02-27 00:00:00-05:00,1.9833192707651004,2.00163806006506,1.9173714662300152,1.9332478046417236,168100,0.0,0.0
2003-02-28 00:00:00-05:00,1.9540092649162164,1.9564518324020153,1.9051590798805222,1.9417966604232788,126600,0.0,0.0
2003-03-03 00:00:00-05:00,1.9527880121660912,1.9540092959283737,1.9246991844417753,1.9442392587661743,100900,0.0,0.0
2003-03-04 00:00:00-05:00,1.9479030615443897,1.9698855876922607,1.9295842703431583,1.9698855876922607,96600,0.0,0.0
2003-03-05 00:00:00-05:00,1.972327709197998,1.9955316303704964,1.9417963197895585,1.972327709197998,132000,0.0,0.0
2003-03-06 00:00:00-05:00,1.9820986877534545,1.9833199718633117,1.9576737043646912,1.9711073637008667,50900,0.0,0.0
2003-03-07 00:00:00-05:00,1.9784347580085937,1.9820983768273372,1.9540095455152175,1.965000867843628,83500,0.0,0.0
2003-03-10 00:00:00-05:00,1.9527878932598477,1.9808767192738208,1.9173714815863903,1.9344691038131714,128000,0.0,0.0
2003-03-11 00:00:00-05:00,1.93446924913346,1.9759919658977338,1.93446924913346,1.9662219285964966,84800,0.0,0.0
2003-03-12 00:00:00-05:00,1.9650006140141192,1.9723280836411683,1.9417966884363946,1.963779330253601,91900,0.0,0.0
2003-03-13 00:00:00-05:00,1.9674426395799551,1.9674426395799551,1.9295836687088013,1.9295836687088013,71200,0.0,0.0
2003-03-14 00:00:00-05:00,1.9051597053808547,1.9076021572005288,1.7463963771877724,1.783034086227417,488300,0.0,0.0
2003-03-17 00:00:00-05:00,1.783033619004873,1.824556220803367,1.783033619004873,1.8135650157928467,237700,0.0,0.0
2003-03-18 00:00:00-05:00,1.7952464706803217,1.7964677547510055,1.740289968648201,1.7842551469802856,149500,0.0,0.0
2003-03-19 00:00:00-05:00,1.7720426978851318,1.7757064337163888,1.6621295747348583,1.757387638092041,262600,0.0,0.0
2003-03-20 00:00:00-05:00,1.7463959969499576,1.7952461873880938,1.7354046749843668,1.7805911302566528,119300,0.0,0.0
2003-03-21 00:00:00-05:00,1.7598299313260883,1.7720425382877778,1.7122010204052125,1.7341835498809814,171500,0.0,0.0
2003-03-24 00:00:00-05:00,1.7341829695185969,1.770820661674429,1.726855500968238,1.7647143602371216,140000,0.0,0.0
2003-03-25 00:00:00-05:00,1.7695997953414917,1.7744848143495577,1.7500597193092278,1.7695997953414917,72100,0.0,0.0
2003-03-26 00:00:00-05:00,1.7671576587508082,1.7952464939319817,1.7647150905778048,1.7659363746643066,94400,0.0,0.0
2003-03-27 00:00:00-05:00,1.7659359565822232,1.7964673527081483,1.7659359565822232,1.77082097530365,67100,0.0,0.0
2003-03-28 00:00:00-05:00,1.7830340434041925,1.81722918333483,1.7830340434041925,1.8099015951156616,69400,0.0,0.0
2003-03-31 00:00:00-05:00,1.81478644601811,1.8453178472285174,1.7830338772750065,1.8257777690887451,120700,0.0,0.0
2003-04-01 00:00:00-05:00,1.8257777020653023,1.8538666507111323,1.8086801925546696,1.8502027988433838,120700,0.0,0.0
2003-04-02 00:00:00-05:00,1.8502021863772602,1.852644753480538,1.8074583102819894,1.8196707963943481,156500,0.0,0.0
2003-04-03 00:00:00-05:00,1.8074587131416449,1.8318838072784165,1.8074587131416449,1.8135650157928467,57800,0.0,0.0
2003-04-04 00:00:00-05:00,1.809901087230818,1.8306624454797789,1.8086799199270205,1.8269987106323242,73000,0.0,0.0
2003-04-07 00:00:00-04:00,1.8318836508064869,1.8807338349074494,1.8318836508064869,1.8795126676559448,153400,0.0,0.0
2003-04-08 00:00:00-04:00,1.891725772047839,1.8929470561654425,1.869743240271298,1.8709644079208374,153500,0.0,0.0
2003-04-09 00:00:00-04:00,1.8892826449479758,1.9100440016537354,1.8746275901794434,1.8746275901794434,209300,0.0,0.0
2003-04-10 00:00:00-04:00,1.8929466372156976,1.9100442616738815,1.8318838424668042,1.856308937072754,271700,0.0,0.0
2003-04-11 00:00:00-04:00,1.773502804466997,1.9011949768669787,1.773502804466997,1.8508920669555664,225100,0.808,0.0
2003-04-14 00:00:00-04:00,1.850891335692185,1.8573403358459473,1.8250948430499634,1.8573403358459473,97000,0.0,0.0
2003-04-15 00:00:00-04:00,1.870239068674034,1.8882965936195506,1.8405732666279977,1.8547612428665161,102100,0.0,0.0
2003-04-16 00:00:00-04:00,1.8805580491283576,1.888297025304743,1.8547616668851616,1.870239496231079,99700,0.0,0.0
2003-04-17 00:00:00-04:00,1.8702387344611262,1.9231213272716972,1.8702387344611262,1.8857165575027466,66200,0.0,0.0
2003-04-21 00:00:00-04:00,1.8947455731799152,1.9153827970208592,1.8857168723166935,1.8986151218414307,88700,0.0,0.0
2003-04-22 00:00:00-04:00,1.9347305405232655,1.9347305405232655,1.9024850315145445,1.9321508407592773,127700,0.0,0.0
2003-04-23 00:00:00-04:00,1.9334397420089853,1.9385990159987352,1.9166720707905995,1.9295703172683716,128900,0.0,0.0
2003-04-24 00:00:00-04:00,1.9334398662860979,1.938599140607474,1.9037740696898848,1.9282805919647217,128900,0.0,0.0
2003-04-25 00:00:00-04:00,1.9269912816170638,1.9334404070743216,1.8960356270304304,1.9089338779449463,96800,0.0,0.0
2003-04-28 00:00:00-04:00,1.921831759549402,1.928280884180136,1.897325233560799,1.9115132093429565,84700,0.0,0.0
2003-04-29 00:00:00-04:00,1.9115133956062016,1.9115133956062016,1.883137441276854,1.890876293182373,95500,0.0,0.0
2003-04-30 00:00:00-04:00,1.8986147632138124,1.902484188137612,1.8882962147458136,1.899904489517212,90000,0.0,0.0
2003-05-01 00:00:00-04:00,1.9024853650408071,1.9050650652570444,1.89603623750709,1.9037752151489258,71700,0.0,0.0
2003-05-02 00:00:00-04:00,1.941178584357802,1.941178584357802,1.9089330933319475,1.9334396123886108,121800,0.0,0.0
2003-05-05 00:00:00-04:00,1.9347305405232655,1.9347305405232655,1.9244119874810233,1.9321508407592773,149900,0.0,0.0
2003-05-06 00:00:00-04:00,1.933439903431532,1.933439903431532,1.9140926551063704,1.9153825044631958,154400,0.0,0.0
2003-05-07 00:00:00-04:00,1.91409324930566,1.9269913778575147,1.9050645470186773,1.9166728258132935,146800,0.0,0.0
2003-05-08 00:00:00-04:00,1.9153834455022973,1.9308612763681365,1.8857175107542898,1.919252872467041,211200,0.0,0.0
2003-05-09 00:00:00-04:00,1.9063537428077475,1.9347298145294187,1.9063537428077475,1.934729814529419,161300,0.0,0.0
2003-05-12 00:00:00-04:00,1.9347294823068086,1.9669749736785886,1.932149783953808,1.9669749736785889,135900,0.0,0.0
2003-05-13 00:00:00-04:00,1.9927721216864311,2.037915876468501,1.986322996288016,2.0224380493164062,236700,0.0,0.0
2003-05-14 00:00:00-04:00,2.054683105005519,2.0572626807979653,2.0327561572390884,2.0495238304138184,121200,0.0,0.0
2003-05-15 00:00:00-04:00,2.0611324979517227,2.062422347596639,2.019858293369078,2.0404953956604004,118700,0.0,0.0
2003-05-16 00:00:00-04:00,2.0533928917736235,2.0740299864838248,2.0508131934314546,2.052103042602539,164600,0.0,0.0
2003-05-19 00:00:00-04:00,2.052103008467327,2.0766096502831317,2.0508131593176984,2.063711404800415,138800,0.0,0.0
2003-05-20 00:00:00-04:00,2.0675808519252756,2.0688707010123175,2.0379149379572032,2.0572621822357178,116400,0.0,0.0
2003-05-21 00:00:00-04:00,2.0688714955640433,2.0946677491712817,2.0508138474239583,2.07145094871521,161000,0.0,0.0
2003-05-22 00:00:00-04:00,2.0766101152317287,2.0959573647808267,2.065001716299545,2.0675814151763916,157800,0.0,0.0
2003-05-23 00:00:00-04:00,2.093377603212503,2.1720566945046995,2.072740504843012,2.1668972969055176,224100,0.0,0.0
2003-05-27 00:00:00-04:00,2.1668975352420174,2.257185035049454,2.1668975352420174,2.2417070865631104,380000,0.0,0.0
2003-05-28 00:00:00-04:00,2.273952251346225,2.3113571444912795,2.1810853121796216,2.1926937103271484,353800,0.0,0.0
2003-05-29 00:00:00-04:00,2.20559256074864,2.20559256074864,2.1024067985651875,2.1565792560577393,295900,0.0,0.0
2003-05-30 00:00:00-04:00,2.192694336638591,2.235258393332793,2.128203326737456,2.2184908390045166,208100,0.0,0.0
2003-06-02 00:00:00-04:00,2.2507356954883573,2.277821793756405,2.2146206517840192,2.2739522457122803,251100,0.0,0.0
2003-06-03 00:00:00-04:00,2.308777836945779,2.3152270847946075,2.258474933793168,2.2997491359710693,190100,0.0,0.0
2003-06-04 00:00:00-04:00,2.3113576927401396,2.3281252462562327,2.297169592524753,2.32425594329834,175700,0.0,0.0
2003-06-05 00:00:00-04:00,2.346183141440286,2.3526321443887297,2.302329232552528,2.3229663372039795,202800,0.0,0.0
2003-06-06 00:00:00-04:00,2.2249400679840434,2.307488490332689,2.2249400679840434,2.29201078414917,230100,0.0,0.0
2003-06-09 00:00:00-04:00,2.315227535083368,2.321676538172813,2.2378382679415343,2.3087782859802246,133100,0.0,0.0
2003-06-10 00:00:00-04:00,2.321676139726908,2.360370643650227,2.321676139726908,2.356501340866089,197300,0.0,0.0
2003-06-11 00:00:00-04:00,2.3655297220438696,2.4184123183916095,2.3616601737695384,2.383587121963501,218700,0.0,0.0
2003-06-12 00:00:00-04:00,2.3964852806371466,2.436469627256461,2.3964852806371466,2.413252830505371,160800,0.0,0.0
2003-06-13 00:00:00-04:00,2.4261516280387947,2.4403397283825994,2.3603707710088853,2.3900368213653564,143300,0.0,0.0
2003-06-16 00:00:00-04:00,2.4222824388641397,2.437760143590403,2.393906236843189,2.4287314414978027,138600,0.0,0.0
2003-06-17 00:00:00-04:00,2.4442095168909526,2.463556771792321,2.4287315653616424,2.4622669219970703,220700,0.0,0.0
2003-06-18 00:00:00-04:00,2.473875123787461,2.473875123787461,2.4184128171519226,2.4506583213806152,176400,0.0,0.0
2003-06-19 00:00:00-04:00,2.4596856523018378,2.4596856523018378,2.3216750104851633,2.341022253036499,269600,0.0,0.0
2003-06-20 00:00:00-04:00,2.3603696823120117,2.3861661717635263,2.3552105320298424,2.3603696823120117,111300,0.0,0.0
2003-06-23 00:00:00-04:00,2.4119638078169365,2.4119638078169365,2.3668200528230785,2.37971830368042,139200,0.0,0.0
2003-06-24 00:00:00-04:00,2.411962979394006,2.4184119796008394,2.3797174863326616,2.415832281112671,109400,0.0,0.0
2003-06-25 00:00:00-04:00,2.4029344793170333,2.437759677310494,2.3797179266683597,2.423571825027466,103300,0.0,0.0
2003-06-26 00:00:00-04:00,2.4377587315399447,2.4377587315399447,2.4093827919691897,2.419701337814331,98500,0.0,0.0
2003-06-27 00:00:00-04:00,2.424862154850982,2.4442096568741003,2.419703001388202,2.420992851257324,86500,0.0,0.0
2003-06-30 00:00:00-04:00,2.431311593130329,2.4506588506431877,2.431311593130329,2.4364707469940186,172600,0.0,0.0
2003-07-01 00:00:00-04:00,2.45710700455966,2.476454501393921,2.4364699042158477,2.4751646518707275,152500,0.0,0.0
2003-07-02 00:00:00-04:00,2.48290272679878,2.499670273331193,2.476453727212521,2.4958009719848633,142800,0.0,0.0
2003-07-03 00:00:00-04:00,2.5022505664168504,2.547394312293124,2.4906421675911337,2.5357859134674072,125500,0.0,0.0
2003-07-07 00:00:00-04:00,2.5396563760077235,2.548685079230531,2.5344969764439984,2.5473952293395996,267900,0.0,0.0
2003-07-08 00:00:00-04:00,2.5473953955540285,2.5731919030284214,2.542235995653659,2.5680325031280518,186500,0.0,0.0
2003-07-09 00:00:00-04:00,2.573191163336407,2.5796401653443053,2.5641622161062303,2.575770616531372,276900,0.0,0.0
2003-07-10 00:00:00-04:00,2.592538798955577,2.6041472010982525,2.5757709976322936,2.6028573513031006,259900,0.0,0.0
2003-07-11 00:00:00-04:00,2.615057844413539,2.616383969053192,2.571296743034647,2.601797103881836,223400,0.552,0.0
2003-07-14 00:00:00-04:00,2.5885344722166597,2.664121758313194,2.4373596470913386,2.493055582046509,988900,0.0,0.0
2003-07-15 00:00:00-04:00,2.4466425728978503,2.4599033053581403,2.3206635910670226,2.365750789642334,506200,0.0,0.0
2003-07-16 00:00:00-04:00,2.3922731087732245,2.3922731087732245,2.1469457285511453,2.254359245300293,772200,0.0,0.0
2003-07-17 00:00:00-04:00,2.2212068024574547,2.3471857969040744,2.2013154488428,2.3325986862182617,323500,0.0,0.0
2003-07-18 00:00:00-04:00,2.3869687818119063,2.4506212219564683,2.3670774258832696,2.430729866027832,206000,0.0,0.0
2003-07-21 00:00:00-04:00,2.466534515262692,2.4930562394675606,2.4002298253520404,2.404207944869995,180500,0.0,0.0
2003-07-22 00:00:00-04:00,2.4240993533914814,2.445316832170778,2.3763598996719146,2.377686023712158,131700,0.0,0.0
2003-07-23 00:00:00-04:00,2.3803378341272765,2.404207303665956,2.3551419878599322,2.376359462738037,108000,0.0,0.0
2003-07-24 00:00:00-04:00,2.385642329915741,2.3869684538530884,2.35381611421624,2.3843162059783936,89900,0.0,0.0
2003-07-25 00:00:00-04:00,2.3843162059783936,2.3869684538530884,2.375033591349241,2.3843162059783936,80600,0.0,0.0
2003-07-28 00:00:00-04:00,2.385642673986782,2.385642673986782,2.3551425778257298,2.380338430404663,113700,0.0,0.0
2003-07-29 00:00:00-04:00,2.385642673986782,2.389621046372608,2.3604468214078493,2.380338430404663,81800,0.0,0.0
2003-07-30 00:00:00-04:00,2.3869683885998003,2.3949248790740967,2.376359650323314,2.3949248790740967,75900,0.0,0.0
2003-07-31 00:00:00-04:00,2.413490940167815,2.4691868927234517,2.413490940167815,2.4492952823638916,126800,0.0,0.0
2003-08-01 00:00:00-04:00,2.4599039980414172,2.4638823706591277,2.433382272720337,2.433382272720337,95700,0.0,0.0
2003-08-04 00:00:00-04:00,2.434708275594314,2.479795484618825,2.4201211629886434,2.4625561237335205,63000,0.0,0.0
2003-08-05 00:00:00-04:00,2.4638822244190886,2.486425828716746,2.3962514115261153,2.4134907722473145,81700,0.0,0.0
2003-08-06 00:00:00-04:00,2.4267507477023536,2.4506204686522515,2.394924537413235,2.4068593978881836,130900,0.0,0.0
2003-08-07 00:00:00-04:00,2.4068598759816555,2.4532732033889855,2.4002295090373025,2.440012216567993,86500,0.0,0.0
2003-08-08 00:00:00-04:00,2.453273003657354,2.4864253415446154,2.4466426372528076,2.4466426372528076,126700,0.0,0.0
2003-08-11 00:00:00-04:00,2.466533786435888,2.50366423993763,2.466533786435888,2.4957077503204346,156800,0.0,0.0
2003-08-12 00:00:00-04:00,2.511622278769339,2.5328397639873215,2.4943829139469935,2.524883270263672,116500,0.0,0.0
2003-08-13 00:00:00-04:00,2.526208360654574,2.596491416789916,2.522230241488996,2.5606868267059326,125600,0.0,0.0
2003-08-14 00:00:00-04:00,2.5766000621651353,2.585882677461213,2.524882489554246,2.5606868267059326,84400,0.0,0.0
2003-08-15 00:00:00-04:00,2.542122372611815,2.6150574461583225,2.542122372611815,2.599144458770752,67100,0.0,0.0
2003-08-18 00:00:00-04:00,2.6256649893608146,2.6362737270840646,2.6057736377462537,2.632295608520508,128000,0.0,0.0
2003-08-19 00:00:00-04:00,2.6349492410503506,2.64025348623363,2.616383750577894,2.6177098751068115,79900,0.0,0.0
2003-08-20 00:00:00-04:00,2.6017958465789555,2.6309698157559263,2.579252244463749,2.604447841644287,86900,0.0,0.0
2003-08-21 00:00:00-04:00,2.6190358785824532,2.625666247988191,2.5911880235594986,2.6216881275177,66600,0.0,0.0
2003-08-22 00:00:00-04:00,2.6309695096967696,2.6322956335413132,2.613730152649961,2.6230130195617676,45800,0.0,0.0
2003-08-25 00:00:00-04:00,2.642905792969477,2.644231917527336,2.5991446942897283,2.6402535438537598,89100,0.0,0.0
2003-08-26 00:00:00-04:00,2.644231213737439,2.65218770603449,2.6230137323237495,2.6482093334198,93900,0.0,0.0
2003-08-27 00:00:00-04:00,2.6508615818295933,2.6561660786491803,2.62699185200611,2.6482093334198,73900,0.0,0.0
2003-08-28 00:00:00-04:00,2.648208499213479,2.652186870574951,2.634947767206404,2.652186870574951,73900,0.0,0.0
2003-08-29 00:00:00-04:00,2.638926716917852,2.6482093334198,2.6124049916169048,2.6482093334198,107700,0.0,0.0
2003-09-02 00:00:00-04:00,2.6455573704572717,2.646883241746134,2.5885352936075336,2.605774402618408,112300,0.0,0.0
2003-09-03 00:00:00-04:00,2.599143177834707,2.6190345287323,2.5872083167097015,2.6190345287323,111800,0.0,0.0
2003-09-04 00:00:00-04:00,2.624340247360387,2.6322967408423645,2.6004705139820867,2.609753131866455,73000,0.0,0.0
2003-09-05 00:00:00-04:00,2.599144609615299,2.621688220499681,2.5739487497016036,2.585883617401123,104600,0.0,0.0
2003-09-08 00:00:00-04:00,2.585882035656303,2.6230127405572286,2.5739471752571568,2.616382122039795,115100,0.0,0.0
2003-09-09 00:00:00-04:00,2.621688090659204,2.621688090659204,2.5779269955723874,2.6150574684143066,99600,0.0,0.0
2003-09-10 00:00:00-04:00,2.617709695033709,2.617709695033709,2.5858834673261946,2.599144458770752,109500,0.0,0.0
2003-09-11 00:00:00-04:00,2.5991434679889123,2.6283174357000547,2.588534729463744,2.6256651878356934,77500,0.0,0.0
2003-09-12 00:00:00-04:00,2.6256657600716733,2.6256657600716733,2.5951656617811776,2.605774402618408,66300,0.0,0.0
2003-09-15 00:00:00-04:00,2.611079325777617,2.619035819471402,2.588535716201581,2.599144458770752,62200,0.0,0.0
2003-09-16 00:00:00-04:00,2.5991435156575866,2.5991435156575866,2.5262082156436705,2.54079532623291,153100,0.0,0.0
2003-09-17 00:00:00-04:00,2.5540571127441654,2.569970099341247,2.5142741403867377,2.5381438732147217,171200,0.0,0.0
2003-09-18 00:00:00-04:00,2.5169261129506255,2.5461003400646196,2.5169261129506255,2.5394697189331055,73100,0.0,0.0
2003-09-19 00:00:00-04:00,2.552730826845564,2.5580353239971845,2.534165592679583,2.5434482097625732,82100,0.0,0.0
2003-09-22 00:00:00-04:00,2.5407955116874166,2.5593607425689697,2.526208400033453,2.5593607425689697,89000,0.0,0.0
2003-09-23 00:00:00-04:00,2.5699700592728467,2.5964920404309613,2.5646658148006387,2.5885355472564697,122300,0.0,0.0
2003-09-24 00:00:00-04:00,2.5991446942897283,2.6455580420851943,2.5991446942897283,2.6402535438537598,125500,0.0,0.0
2003-09-25 00:00:00-04:00,2.6429056131349173,2.6495359825406553,2.6203620030500767,2.6216881275177,102500,0.0,0.0
2003-09-26 00:00:00-04:00,2.634948535796957,2.634948535796957,2.5911874497850493,2.6004700660705566,41800,0.0,0.0
2003-09-29 00:00:00-04:00,2.600469895602235,2.649535222161348,2.579252416074136,2.581904411315918,138100,0.0,0.0
2003-09-30 00:00:00-04:00,2.601795425402986,2.6269910185048873,2.5460994911303763,2.6190345287323,101300,0.0,0.0
2003-10-01 00:00:00-04:00,2.630969395844932,2.652186870574951,2.6190345346927644,2.652186870574951,82000,0.0,0.0
2003-10-02 00:00:00-04:00,2.658817993750251,2.658817993750251,2.6415788854723923,2.6508615016937256,171100,0.0,0.0
2003-10-03 00:00:00-04:00,2.6508607467877936,2.652186870574951,2.645556504571414,2.652186870574951,80700,0.0,0.0
2003-10-06 00:00:00-04:00,2.652186870574951,2.658817236578489,2.6495346230006365,2.652186870574951,93500,0.0,0.0
2003-10-07 00:00:00-04:00,2.6627957820892334,2.6654480298370076,2.656165415652064,2.6627957820892334,204800,0.0,0.0
2003-10-08 00:00:00-04:00,2.6747312400208374,2.7171662017117617,2.66677474793687,2.6919703483581543,205500,0.0,0.0
2003-10-09 00:00:00-04:00,2.7105359250023775,2.731753406561774,2.6720790815932642,2.7052314281463623,239200,0.0,0.0
2003-10-10 00:00:00-04:00,2.731630500309708,2.731630500309708,2.6591337111042073,2.7029054164886475,241300,0.623,0.0
2003-10-13 00:00:00-04:00,2.719320042581556,2.719320042581556,2.661869606285468,2.697434186935425,127400,0.0,0.0
2003-10-14 00:00:00-04:00,2.707009406657218,2.7124807399764483,2.6892269863447806,2.705641508102417,132300,0.0,0.0
2003-10-15 00:00:00-04:00,2.712481014583778,2.713848913277063,2.6946988533710754,2.7015380859375,73900,0.0,0.0
2003-10-16 00:00:00-04:00,2.7220555733394685,2.7234234717959653,2.6974339229224356,2.7124805450439453,66900,0.0,0.0
2003-10-17 00:00:00-04:00,2.7234245670902992,2.7234245670902992,2.6796528424783097,2.6919636726379395,107600,0.0,0.0
2003-10-20 00:00:00-04:00,2.7247918705243985,2.7247918705243985,2.667341429303402,2.6864914894104004,165200,0.0,0.0
2003-10-21 00:00:00-04:00,2.7206882716757863,2.7343669983412777,2.7083774437668455,2.728895664215088,147400,0.0,0.0
2003-10-22 00:00:00-04:00,2.728895651030191,2.7398385801297107,2.7220561572804858,2.732999086380005,67300,0.0,0.0
2003-10-23 00:00:00-04:00,2.7425732165056615,2.7425732165056615,2.7220552637913897,2.735733985900879,48800,0.0,0.0
2003-10-24 00:00:00-04:00,2.758989035103238,2.767196167875718,2.7329994769403285,2.7453103065490723,79400,0.0,0.0
2003-10-27 00:00:00-05:00,2.754885307355881,2.7685640357565644,2.7425744778852703,2.760356903076172,85900,0.0,0.0
2003-10-28 00:00:00-05:00,2.764459583294725,2.7904491340617135,2.763091945638543,2.779506206512451,81100,0.0,0.0
2003-10-29 00:00:00-05:00,2.7890814392388346,2.824646021596808,2.776770612234152,2.7836101055145264,109100,0.0,0.0
2003-10-30 00:00:00-05:00,2.7836100142915847,2.8027600730490754,2.7836100142915847,2.784977912902832,57000,0.0,0.0
2003-10-31 00:00:00-05:00,2.819174531846985,2.8451638221740723,2.8000242126217905,2.8451638221740723,73800,0.0,0.0
2003-11-03 00:00:00-05:00,2.868418433530082,2.9272367855652335,2.8602113004949614,2.905350923538208,200000,0.0,0.0
2003-11-04 00:00:00-05:00,2.9135569794682135,2.940914427338321,2.905349849467165,2.9368107318878174,98200,0.0,0.0
2003-11-05 00:00:00-05:00,2.934076512938748,2.991526970535733,2.920397782863261,2.986055374145508,124100,0.0,0.0
2003-11-06 00:00:00-05:00,3.001100693156564,3.0818048783795953,2.988789867553053,3.0763332843780518,163700,0.0,0.0
2003-11-07 00:00:00-05:00,3.077702393651514,3.1460957801771032,3.0503449346812523,3.1201062202453613,181800,0.0,0.0
2003-11-10 00:00:00-05:00,3.1611404417417734,3.2144871665497363,3.146093822580593,3.1761868000030518,150000,0.0,0.0
2003-11-11 00:00:00-05:00,3.1789228218574506,3.225430319927218,3.177554923573055,3.202176570892334,122300,0.0,0.0
2003-11-12 00:00:00-05:00,3.1994423339168527,3.2103852646263142,2.8150715992344635,3.0093088150024414,676300,0.0,0.0
2003-11-13 00:00:00-05:00,2.96143213238966,2.973742956800282,2.879360056618828,2.9258675575256348,277400,0.0,0.0
2003-11-14 00:00:00-05:00,2.947754859532112,3.077702398495272,2.9422835242694876,3.0394020080566406,138200,0.0,0.0
2003-11-17 00:00:00-05:00,3.0394009781019435,3.0394009781019435,2.9422825272250925,2.9887900352478027,142200,0.0,0.0
2003-11-18 00:00:00-05:00,3.0024685916569496,3.0777011828784375,2.9928933021542488,3.0763332843780518,91700,0.0,0.0
2003-11-19 00:00:00-05:00,3.0626541471808117,3.1419904232025146,3.0571828148172084,3.1419904232025146,78700,0.0,0.0
2003-11-20 00:00:00-05:00,3.155670520723963,3.21175307161667,3.14746338815187,3.1720850467681885,97800,0.0,0.0
2003-11-21 00:00:00-05:00,3.200810096811473,3.213120925948828,3.1734529016507134,3.191235065460205,72700,0.0,0.0
2003-11-24 00:00:00-05:00,3.1789229624042887,3.187130091573596,3.118736739729528,3.1556692123413086,173900,0.0,0.0
2003-11-25 00:00:00-05:00,3.165243649889248,3.187129497528076,3.1474614965201564,3.187129497528076,92000,0.0,0.0
2003-11-26 00:00:00-05:00,3.2035457006088746,3.2418460845947266,3.1734527094842897,3.2418460845947266,74300,0.0,0.0
2003-11-28 00:00:00-05:00,3.271938634015688,3.3170782450588394,3.2623636045368354,3.296560287475586,66700,0.0,0.0
2003-12-01 00:00:00-05:00,3.291088152430631,3.4607036406404452,3.291088152430631,3.3458027839660645,218000,0.0,0.0
2003-12-02 00:00:00-05:00,3.378632155037369,3.444289719317131,3.354010503207466,3.440186023712158,191800,0.0,0.0
2003-12-03 00:00:00-05:00,3.4661756846875496,3.597490817437523,3.4483932640651718,3.493533134460449,164600,0.0,0.0
2003-12-04 00:00:00-05:00,3.5154198299195465,3.578341614172251,3.504476899575596,3.5468807220458984,117300,0.0,0.0
2003-12-05 00:00:00-05:00,3.555086110820747,3.6795619802656896,3.5072107162111745,3.6221115589141846,150800,0.0,0.0
2003-12-08 00:00:00-05:00,3.6248481846698293,3.657676967109786,3.542776098119952,3.5797085762023926,209700,0.0,0.0
2003-12-09 00:00:00-05:00,3.597491301788737,3.597491301788737,3.4949012426780315,3.508579969406128,231600,0.0,0.0
2003-12-10 00:00:00-05:00,3.4812223237918762,3.4812223237918762,3.230902622575209,3.3608498573303223,489500,0.0,0.0
2003-12-11 00:00:00-05:00,3.2965595987157545,3.475750106824017,3.2965595987157545,3.466175079345703,228000,0.0,0.0
2003-12-12 00:00:00-05:00,3.4675427128450536,3.582443555608907,3.4675427128450536,3.5701327323913574,135600,0.0,0.0
2003-12-15 00:00:00-05:00,3.5701334292397724,3.5906513849739166,3.4265072173008386,3.4524967670440674,207300,0.0,0.0
2003-12-16 00:00:00-05:00,3.4538640918527563,3.5550862161079757,3.4538640918527563,3.5427753925323486,107000,0.0,0.0
2003-12-17 00:00:00-05:00,3.555086924147432,3.590651503682378,3.546879793762436,3.5797085762023926,160800,0.0,0.0
2003-12-18 00:00:00-05:00,3.6139062719327777,3.66725302576436,3.6056991392433138,3.6522066593170166,222100,0.0,0.0
2003-12-19 00:00:00-05:00,3.679562615841149,3.7069200634577943,3.6508375306536323,3.6713554859161377,160000,0.0,0.0
2003-12-22 00:00:00-05:00,3.672724621490699,3.7028176152854297,3.6275850003485806,3.6522066593170166,120200,0.0,0.0
2003-12-23 00:00:00-05:00,3.65357386276446,3.665884690784334,3.6275845688558492,3.659045457839966,62000,0.0,0.0
2003-12-24 00:00:00-05:00,3.659045890142391,3.694610479634958,3.656310092281414,3.6781959533691406,56800,0.0,0.0
2003-12-26 00:00:00-05:00,3.6905069301566957,3.6905069301566957,3.6754605631208084,3.6795639991760254,55700,0.0,0.0
2003-12-29 00:00:00-05:00,3.6891376424667337,3.8286601556247524,3.6809305125456606,3.7342772483825684,127700,0.0,0.0
2003-12-30 00:00:00-05:00,3.775314189441089,3.8573862880832883,3.775314189441089,3.84370756149292,126600,0.0,0.0
2003-12-31 00:00:00-05:00,3.84370815570037,3.953137463540218,3.831397325955881,3.89705491065979,148600,0.0,0.0
2004-01-02 00:00:00-05:00,3.884742909453804,3.939457546874286,3.8382354024214016,3.9189395904541016,137100,0.0,0.0
2004-01-05 00:00:00-05:00,3.980493572687459,4.061197757720947,3.9476647914551863,4.061197757720947,210900,0.0,0.0
2004-01-06 00:00:00-05:00,4.076244461706842,4.10360191214782,4.0105868937284725,4.022897720336914,247400,0.0,0.0
2004-01-07 00:00:00-05:00,4.039313540674057,4.06530283995376,4.009220283339564,4.043416976928711,103000,0.0,0.0
2004-01-08 00:00:00-05:00,4.077610969543457,4.0830825621254165,4.0352071706328445,4.077610969543457,114900,0.0,0.0
2004-01-09 00:00:00-05:00,4.077612035595699,4.126855338107946,4.048886949730196,4.083083629608154,194000,0.0,0.0
2004-01-12 00:00:00-05:00,4.148851127576796,4.160045319075755,4.070491787084075,4.150250434875488,162900,0.67,0.0
2004-01-13 00:00:00-05:00,4.15304977199363,4.195027930695176,4.129262077558589,4.162844657897949,112600,0.0,0.0
2004-01-14 00:00:00-05:00,4.148850744778909,4.16144424241461,4.109671211592777,4.118066787719727,147300,0.0,0.0
2004-01-15 00:00:00-05:00,4.134857096925273,4.143252938230963,3.9277644820805637,3.9641456604003906,330800,0.0,0.0
2004-01-16 00:00:00-05:00,3.903977955335547,3.9067765699331667,3.6101300948499517,3.7276692390441895,1016000,0.0,0.0
2004-01-20 00:00:00-05:00,3.638115100110281,3.8773910035870016,3.638115100110281,3.868995428085327,332200,0.0,0.0
2004-01-21 00:00:00-05:00,3.9599475857767876,4.039706473736663,3.8899838456260283,3.9585485458374023,210300,0.0,0.0
2004-01-22 00:00:00-05:00,3.9935298823465493,4.036907320715125,3.980936389450761,4.015918254852295,97500,0.0,0.0
2004-01-23 00:00:00-05:00,4.043904025248917,4.0578968263039235,3.9809368208371105,4.004724502563477,127100,0.0,0.0
2004-01-26 00:00:00-05:00,3.95994654373893,3.9879321391911757,3.9221663368359416,3.937558174133301,122200,0.0,0.0
2004-01-27 00:00:00-05:00,3.9193682390545015,3.9459545315394604,3.8508038147641996,3.9207675457000732,141400,0.0,0.0
2004-01-28 00:00:00-05:00,3.849403890228385,3.8759901784458237,3.7822387833647175,3.8060264587402344,181200,0.0,0.0
2004-01-29 00:00:00-05:00,3.7710464310580187,3.7710464310580187,3.428223931183457,3.596137046813965,718100,0.0,0.0
2004-01-30 00:00:00-05:00,3.5681511178107908,3.6339169442937767,3.498187370402736,3.601733684539795,217300,0.0,0.0
2004-02-02 00:00:00-05:00,3.6031341744448797,3.608731404182575,3.4799980560122212,3.5359690189361572,297400,0.0,0.0
2004-02-03 00:00:00-05:00,3.521974157807767,3.5639522888004813,3.498186479074443,3.531769037246704,158800,0.0,0.0
2004-02-04 00:00:00-05:00,3.5177763880179778,3.5177763880179778,3.4492119621300663,3.4548091888427734,210900,0.0,0.0
2004-02-05 00:00:00-05:00,3.4352201334371237,3.452011551432022,3.148368855574342,3.2407209873199463,713000,0.0,0.0
2004-02-06 00:00:00-05:00,3.1497679941836285,3.354062012000163,3.1497679941836285,3.3442671298980713,406400,0.0,0.0
2004-02-09 00:00:00-05:00,3.407233790369973,3.524772881087665,3.407233790369973,3.4981865882873535,307300,0.0,0.0
2004-02-10 00:00:00-05:00,3.547162824508667,3.6772954659153565,3.527572789454702,3.6633026599884033,312800,0.0,0.0
2004-02-11 00:00:00-05:00,3.722071807990931,3.766848568351455,3.687089930597953,3.699683427810669,216400,0.0,0.0
2004-02-12 00:00:00-05:00,3.7066790545861164,3.7080783614663595,3.5499604204658395,3.6549060344696045,149800,0.0,0.0
2004-02-13 00:00:00-05:00,3.6353157262873665,3.680092475459761,3.607330391499859,3.643711566925049,100700,0.0,0.0
2004-02-17 00:00:00-05:00,3.678692487936225,3.773842921971317,3.660501771464369,3.7668466567993164,160800,0.0,0.0
2004-02-18 00:00:00-05:00,3.7766426452196127,3.8116245151459416,3.761250537047072,3.771045684814453,162600,0.0,0.0
2004-02-19 00:00:00-05:00,3.8270175621424025,3.8382117525893085,3.7710466099078723,3.7738449573516846,129200,0.0,0.0
2004-02-20 00:00:00-05:00,3.787837751908556,3.787837751908556,3.738863068751581,3.761251449584961,116700,0.0,0.0
2004-02-23 00:00:00-05:00,3.705280307996144,3.7990317480249907,3.6451114374997964,3.744460105895996,131300,0.0,0.0
2004-02-24 00:00:00-05:00,3.761250048826836,3.8102247137447525,3.7416602896158504,3.7864370346069336,82200,0.0,0.0
2004-02-25 00:00:00-05:00,3.8214190844299925,3.8689944450018143,3.779440950697427,3.815822124481201,153500,0.0,0.0
2004-02-26 00:00:00-05:00,3.850804173332538,3.9095737234666275,3.835412065688462,3.8997788429260254,127800,0.0,0.0
2004-02-27 00:00:00-05:00,3.9151701278943176,3.96694340368997,3.9095731684758483,3.959946870803833,120300,0.0,0.0
2004-03-01 00:00:00-05:00,3.957149895934812,4.029911994934082,3.952951974748293,4.029911994934082,86800,0.0,0.0
2004-03-02 00:00:00-05:00,4.050901333976145,4.0928794782792055,4.0271136477002685,4.029911994934082,105700,0.0,0.0
2004-03-03 00:00:00-05:00,4.036908017040044,4.036908017040044,3.9459552046857262,3.9641456604003906,104300,0.0,0.0
2004-03-04 00:00:00-05:00,3.9641455437331246,4.043904165556342,3.9445557817107177,4.0243144035339355,81300,0.0,0.0
2004-03-05 00:00:00-05:00,4.022914457500622,4.092878187196286,4.022914457500622,4.088680267333984,113300,0.0,0.0
2004-03-08 00:00:00-05:00,4.123663482288078,4.153048397164046,4.0578976509226825,4.1194658279418945,150900,0.0,0.0
2004-03-09 00:00:00-05:00,4.113868228443496,4.127861031079496,4.0592965917426636,4.073289394378662,141300,0.0,0.0
2004-03-10 00:00:00-05:00,4.071889121665676,4.112467946106128,4.057896322348454,4.088680267333984,98000,0.0,0.0
2004-03-11 00:00:00-05:00,4.036908190181347,4.0564979536204895,3.9249660366521497,4.048102378845215,141800,0.0,0.0
2004-03-12 00:00:00-05:00,4.048101720081209,4.0872812405836525,4.001925665995854,4.071889400482178,124600,0.0,0.0
2004-03-15 00:00:00-05:00,4.0998745388143565,4.12786013803177,4.071889206487397,4.1096696853637695,92600,0.0,0.0
2004-03-16 00:00:00-05:00,4.126462267713695,4.1516492623983225,4.0634950478926735,4.111070156097412,73500,0.0,0.0
2004-03-17 00:00:00-05:00,4.139053996380042,4.183830738067627,4.139053996380042,4.183830738067627,81700,0.0,0.0
2004-03-18 00:00:00-05:00,4.189428666724036,4.195025626928288,4.1698386387829585,4.171237945556641,109200,0.0,0.0
2004-03-19 00:00:00-05:00,4.1894296461508445,4.197825221865224,4.164242652117167,4.196425914764404,98300,0.0,0.0
2004-03-22 00:00:00-05:00,4.1964237615863835,4.1964237615863835,4.144650759873389,4.16843843460083,61000,0.0,0.0
2004-03-23 00:00:00-05:00,4.168440914230303,4.19082929589281,4.164242992584623,4.1768364906311035,72400,0.0,0.0
2004-03-24 00:00:00-05:00,4.186631028119577,4.1894296423186566,4.155847072601318,4.155847072601318,58700,0.0,0.0
2004-03-25 00:00:00-05:00,4.176834399329255,4.176834399329255,4.017316926239599,4.078885078430176,180100,0.0,0.0
2004-03-26 00:00:00-05:00,4.07888736398565,4.154448356771565,4.03411059798981,4.150250434875488,69600,0.0,0.0
2004-03-29 00:00:00-05:00,4.150247399428102,4.1950241326747095,4.148848093152847,4.17403507232666,77400,0.0,0.0
2004-03-30 00:00:00-05:00,4.171238638883781,4.211817741394043,4.162843063736684,4.211817741394043,150100,0.0,0.0
2004-03-31 00:00:00-05:00,4.211816676133563,4.232805742137975,4.17683481049606,4.218812942504883,167000,0.0,0.0
2004-04-01 00:00:00-05:00,4.232806569632768,4.266389135183159,4.206220271821436,4.239802837371826,118600,0.0,0.0
2004-04-02 00:00:00-05:00,4.239801896054617,4.239801896054617,4.211816564421158,4.224410057067871,86900,0.0,0.0
2004-04-05 00:00:00-04:00,4.232806650291187,4.2635906025763575,4.227209422480877,4.262191295623779,74800,0.0,0.0
2004-04-06 00:00:00-04:00,4.2607915682319755,4.2733850618831415,4.216014553644236,4.259392261505127,62800,0.0,0.0
2004-04-07 00:00:00-04:00,4.2733847857010465,4.329355716705322,4.260791292863779,4.329355716705322,69500,0.0,0.0
2004-04-08 00:00:00-04:00,4.3377519990550395,4.432902730769048,4.3377519990550395,4.4105143547058105,180100,0.0,0.0
2004-04-12 00:00:00-04:00,4.402750402007663,4.457389246291561,4.362490013310633,4.431507587432861,197000,0.846,0.0
2004-04-13 00:00:00-04:00,4.414253173379306,4.421442400915987,4.270466428634071,4.2905964851379395,122700,0.0,0.0
2004-04-14 00:00:00-04:00,4.266151785182948,4.269027585262946,4.126678772319701,4.237394332885742,245500,0.0,0.0
2004-04-15 00:00:00-04:00,4.240270855208248,4.3121642239454205,4.2172649991524676,4.241708755493164,140700,0.0,0.0
2004-04-16 00:00:00-04:00,4.2589644501858945,4.306414075567624,4.243147816974814,4.293473243713379,101100,0.0,0.0
2004-04-19 00:00:00-04:00,4.3567384170174455,4.368241346051923,4.297785871434315,4.32654333114624,156600,0.0,0.0
2004-04-20 00:00:00-04:00,4.356738732405628,4.356738732405628,4.264715293468148,4.284845352172852,120500,0.0,0.0
2004-04-21 00:00:00-04:00,4.306414344645216,4.306414344645216,4.112302128954335,4.187071323394775,162200,0.0,0.0
2004-04-22 00:00:00-04:00,4.187069708193432,4.204323962253525,4.142495624326773,4.198572635650635,112800,0.0,0.0
2004-04-23 00:00:00-04:00,4.220141871296248,4.2402719318936,4.151124285604036,4.1597514152526855,139700,0.0,0.0
2004-04-26 00:00:00-04:00,4.177005263864996,4.227330684661865,4.16981603557322,4.227330684661865,112700,0.0,0.0
2004-04-27 00:00:00-04:00,4.247459607440525,4.3682401933036505,4.247459607440525,4.335169315338135,140500,0.0,0.0
2004-04-28 00:00:00-04:00,4.313601620920245,4.348110400977438,4.27765494074591,4.289157867431641,56000,0.0,0.0
2004-04-29 00:00:00-04:00,4.289159874674851,4.289159874674851,3.9196278734291354,4.02603006362915,239900,0.0,0.0
2004-04-30 00:00:00-04:00,4.033219250117447,4.086420481773242,4.01596498932475,4.070603847503662,136800,0.0,0.0
2004-05-03 00:00:00-04:00,4.090733173395305,4.168377876281738,4.07635444345294,4.168377876281738,114800,0.0,0.0
2004-05-04 00:00:00-04:00,4.195695735473004,4.2877191310100145,4.19138203596295,4.261837482452393,89000,0.0,0.0
2004-05-05 00:00:00-04:00,4.293473480439094,4.31360354254381,4.24171015016808,4.2920355796813965,85100,0.0,0.0
2004-05-06 00:00:00-04:00,4.292033986002088,4.313601940856084,4.256087303161621,4.256087303161621,53400,0.0,0.0
2004-05-07 00:00:00-04:00,4.256086590373468,4.320790444099175,4.256086590373468,4.257524490356445,127000,0.0,0.0
2004-05-10 00:00:00-04:00,4.243146182170613,4.2445840822950345,3.7830285639091072,3.9354426860809326,403100,0.0,0.0
2004-05-11 00:00:00-04:00,3.968513085856134,4.1338677406311035,3.962761486054597,4.1338677406311035,164100,0.0,0.0
2004-05-12 00:00:00-04:00,4.1683769273244735,4.201447806687096,4.084980641746199,4.171252727508545,87000,0.0,0.0
2004-05-13 00:00:00-04:00,4.191383543434895,4.2287681298803745,4.156874757697095,4.177004814147949,77200,0.0,0.0
2004-05-14 00:00:00-04:00,4.1841928110308775,4.277654106404573,4.182754911194193,4.261837482452393,65700,0.0,0.0
2004-05-17 00:00:00-04:00,4.261838542554896,4.299223124853797,4.18563175201416,4.18563175201416,73600,0.0,0.0
2004-05-18 00:00:00-04:00,4.191382390316363,4.2474593916825985,4.178441564943492,4.235956192016602,78500,0.0,0.0
2004-05-19 00:00:00-04:00,4.218702170323393,4.312163478678607,4.200009744101517,4.2877197265625,76900,0.0,0.0
2004-05-20 00:00:00-04:00,4.299223659345284,4.320791616439118,4.284844929865576,4.297785758972168,104600,0.0,0.0
2004-05-21 00:00:00-04:00,4.28340614154728,4.299222492857273,4.256086590373468,4.257524490356445,88400,0.0,0.0
2004-05-24 00:00:00-04:00,4.256087905709795,4.349549239476349,4.248898403573005,4.336608409881592,104100,0.0,0.0
2004-05-25 00:00:00-04:00,4.342359703476045,4.385495616230189,4.338046002500052,4.3783063888549805,90800,0.0,0.0
2004-05-26 00:00:00-04:00,4.384057762348646,4.4200044481083935,4.350986877270025,4.385495662689209,75900,0.0,0.0
2004-05-27 00:00:00-04:00,4.407063114631676,4.407063114631676,4.269027988761664,4.2719035148620605,113900,0.0,0.0
2004-05-28 00:00:00-04:00,4.257526682320332,4.306414209905518,4.207201254011874,4.266153812408447,87400,0.0,0.0
2004-06-01 00:00:00-04:00,4.320791821505979,4.457389346669003,4.320791821505979,4.4516377449035645,110900,0.0,0.0
2004-06-02 00:00:00-04:00,4.45738830960963,4.45738830960963,4.3279803167615665,4.386932849884033,97500,0.0,0.0
2004-06-03 00:00:00-04:00,4.4156908986892,4.441572557205037,4.289158681141336,4.3078508377075195,89300,0.0,0.0
2004-06-04 00:00:00-04:00,4.309287518486736,4.320790444099175,4.2201399135531705,4.257524490356445,134000,0.0,0.0
2004-06-07 00:00:00-04:00,4.257525437872252,4.373992619899496,4.244584609396842,4.356738090515137,74500,0.0,0.0
2004-06-08 00:00:00-04:00,4.356738067877534,4.385495525284896,4.300661327609761,4.302099227905273,61800,0.0,0.0
2004-06-09 00:00:00-04:00,4.3035352090257755,4.3035352090257755,4.241706895148485,4.2963457107543945,67600,0.0,0.0
2004-06-10 00:00:00-04:00,4.3121643908291505,4.385495662689209,4.3121643908291505,4.385495662689209,62400,0.0,0.0
2004-06-14 00:00:00-04:00,4.399875433836505,4.420005494868768,4.345236304961058,4.348112106323242,47400,0.0,0.0
2004-06-15 00:00:00-04:00,4.384057022824666,4.443009555586138,4.363926969955306,4.428630828857422,70200,0.0,0.0
2004-06-16 00:00:00-04:00,4.411376781337652,4.5292818523438365,4.411376781337652,4.527843952178955,94700,0.0,0.0
2004-06-17 00:00:00-04:00,4.529280962469838,4.593985085919951,4.501961413207416,4.543659687042236,83300,0.0,0.0
2004-06-18 00:00:00-04:00,4.578171082110015,4.668756906793472,4.555165219325664,4.652940273284912,100200,0.0,0.0
2004-06-21 00:00:00-04:00,4.687447248596604,4.7305837070430385,4.615553882523019,4.632808685302734,106000,0.0,0.0
2004-06-22 00:00:00-04:00,4.631371930220949,4.631371930220949,4.529283450749541,4.62418270111084,96500,0.0,0.0
2004-06-23 00:00:00-04:00,4.637122772808526,4.665880233038157,4.625619569315501,4.661566257476807,66800,0.0,0.0
2004-06-24 00:00:00-04:00,4.6730686872060065,4.716204596156571,4.6730686872060065,4.709015369415283,81700,0.0,0.0
2004-06-25 00:00:00-04:00,4.709015373916574,4.726269627812725,4.687447145169255,4.711891174316406,63700,0.0,0.0
2004-06-28 00:00:00-04:00,4.701825796159451,4.709015022370907,4.61555343611357,4.6284942626953125,118100,0.0,0.0
2004-06-29 00:00:00-04:00,4.6227437976426256,4.6227437976426256,4.496211315948214,4.552288055419922,119000,0.0,0.0
2004-06-30 00:00:00-04:00,4.516341482481865,4.686009879600489,4.4933356260167745,4.683134078979492,108900,0.0,0.0
2004-07-01 00:00:00-04:00,4.710454168483048,4.8686199386961535,4.6198689016778,4.766531467437744,126200,0.0,0.0
2004-07-02 00:00:00-04:00,4.788098332879926,4.917506618296769,4.786660706821021,4.890186786651611,117300,0.0,0.0
2004-07-06 00:00:00-04:00,4.975022961506653,5.03253789976232,4.957768699431194,5.031100273132324,282500,0.0,0.0
2004-07-07 00:00:00-04:00,5.067046143816501,5.098678861031517,5.008093588571184,5.04979133605957,137700,0.0,0.0
2004-07-08 00:00:00-04:00,5.067045203508046,5.108742943258444,4.97502122472398,5.061293601989746,222700,0.0,0.0
2004-07-09 00:00:00-04:00,5.061295079892005,5.100117578722365,5.054105850146326,5.071360111236572,140600,0.0,0.0
2004-07-12 00:00:00-04:00,4.994116098745485,5.022230919497688,4.838743710790682,4.961561679840088,318500,0.998,0.0
2004-07-13 00:00:00-04:00,4.887574722230416,4.909771019332348,4.79731060857964,4.831345081329346,212500,0.0,0.0
2004-07-14 00:00:00-04:00,4.8165466660176754,5.014831563673275,4.794350936597208,4.9867167472839355,123200,0.0,0.0
2004-07-15 00:00:00-04:00,4.9926353873894564,5.066622274452592,4.976358181919543,5.016311168670654,114400,0.0,0.0
2004-07-16 00:00:00-04:00,5.057743469648566,5.179081915072247,5.0399867754213545,5.156885623931885,92500,0.0,0.0
2004-07-19 00:00:00-04:00,5.208676372052176,5.253068386365884,5.142088068344069,5.238271236419678,169100,0.0,0.0
2004-07-20 00:00:00-04:00,5.275266728270695,5.313739671785008,5.251590940459892,5.261949062347412,150200,0.0,0.0
2004-07-21 00:00:00-04:00,5.31226018200478,5.325577847928063,5.261949062347412,5.261949062347412,108300,0.0,0.0
2004-07-22 00:00:00-04:00,5.238274206922947,5.26342948899149,5.130252806053884,5.232355117797852,116300,0.0,0.0
2004-07-23 00:00:00-04:00,5.253071211007339,5.29598375919107,5.179084292542447,5.20128059387207,100800,0.0,0.0
2004-07-26 00:00:00-04:00,5.221995406884318,5.258988855959199,5.161326172980521,5.179082870483398,70100,0.0,0.0
2004-07-27 00:00:00-04:00,5.16132672141983,5.257509360549687,5.16132672141983,5.24567174911499,51500,0.0,0.0
2004-07-28 00:00:00-04:00,5.275265335329095,5.393644243124982,5.260467619057636,5.327055931091309,164800,0.0,0.0
2004-07-29 00:00:00-04:00,5.3270572857377125,5.330016829744603,5.282665254584959,5.318178653717041,131900,0.0,0.0
2004-07-30 00:00:00-04:00,5.34185351712678,5.475030152020052,5.334454940627199,5.42767858505249,108100,0.0,0.0
2004-08-02 00:00:00-04:00,5.401044578821311,5.659998770956578,5.378848279419579,5.614126682281494,163100,0.0,0.0
2004-08-03 00:00:00-04:00,5.623002782519829,5.800571404336526,5.606725578885994,5.748780250549316,195000,0.0,0.0
2004-08-04 00:00:00-04:00,5.785774976161938,5.901194916463461,5.179082661593883,5.248630523681641,689500,0.0,0.0
2004-08-05 00:00:00-04:00,5.253069783925667,5.584531336970644,5.23975211964093,5.489827632904053,392200,0.0,0.0
2004-08-06 00:00:00-04:00,5.489827602944932,5.593409372985923,5.327056653219971,5.402523040771484,346600,0.0,0.0
2004-08-09 00:00:00-04:00,5.4010427604753515,5.605246727006641,5.386245608839452,5.56381368637085,147900,0.0,0.0
2004-08-10 00:00:00-04:00,5.652598074880758,5.704388668114135,5.578611190561573,5.597847938537598,169200,0.0,0.0
2004-08-11 00:00:00-04:00,5.534218062003355,5.534218062003355,5.346291345817398,5.443953990936279,254100,0.0,0.0
2004-08-12 00:00:00-04:00,5.47799054472678,5.568254659650168,5.4765104905123,5.549017906188965,132400,0.0,0.0
2004-08-13 00:00:00-04:00,5.586011858917931,5.623005314937255,5.566775103734786,5.614126682281494,99300,0.0,0.0
2004-08-16 00:00:00-04:00,5.623003470295157,5.689591782180526,5.5253408010216685,5.543097496032715,142600,0.0,0.0
2004-08-17 00:00:00-04:00,5.489828779078608,5.491308833461052,5.36405125138793,5.4350786209106445,202900,0.0,0.0
2004-08-18 00:00:00-04:00,5.47503102572615,5.547538441733274,5.4602338703656565,5.52090311050415,121600,0.0,0.0
2004-08-19 00:00:00-04:00,5.549015618864506,5.600806205517218,5.520900809606614,5.59340763092041,100300,0.0,0.0
2004-08-20 00:00:00-04:00,5.62004232744497,5.719185022361433,5.5371768335203875,5.56973123550415,179100,0.0,0.0
2004-08-23 00:00:00-04:00,5.5445778533676755,5.608206625487963,5.404002646021108,5.4543137550354,168300,0.0,0.0
2004-08-24 00:00:00-04:00,5.405481272620137,5.405481272620137,5.2160750404363245,5.282663345336914,320200,0.0,0.0
2004-08-25 00:00:00-04:00,5.26490892723392,5.282665628055312,4.989677524363298,5.063664436340332,496000,0.0,0.0
2004-08-26 00:00:00-04:00,5.060703216918781,5.060703216918781,4.778073329302308,5.001513481140137,625500,0.0,0.0
2004-08-27 00:00:00-04:00,5.047386645780415,5.112494917632474,5.019271261193511,5.105096340179443,211000,0.0,0.0
2004-08-30 00:00:00-04:00,5.119893117291406,5.156886566302111,4.926047805739466,4.983757495880127,242000,0.0,0.0
2004-08-31 00:00:00-04:00,4.95712356021078,5.031110479019896,4.908291922848575,5.011873722076416,209000,0.0,0.0
2004-09-01 00:00:00-04:00,5.045907130768792,5.190921973824619,5.029630484423047,5.171685218811035,206500,0.0,0.0
2004-09-02 00:00:00-04:00,5.245671911277662,5.282665365427046,5.214597545266255,5.21903657913208,121300,0.0,0.0
2004-09-03 00:00:00-04:00,5.238272991251097,5.251590656454161,5.20423851891805,5.220515727996826,117700,0.0,0.0
2004-09-07 00:00:00-04:00,5.193878914669101,5.224953834254133,5.074020526537964,5.205717086791992,144000,0.0,0.0
2004-09-08 00:00:00-04:00,5.214597899820606,5.216077389718038,5.148009564929135,5.1731648445129395,112500,0.0,0.0
2004-09-09 00:00:00-04:00,5.167247447450108,5.318180867786437,5.156889321351339,5.279707908630371,143800,0.0,0.0
2004-09-10 00:00:00-04:00,5.31669860439788,5.337414845790541,5.180562416785013,5.193880081176758,225800,0.0,0.0
2004-09-13 00:00:00-04:00,5.327057995698524,5.398085367904126,5.284145448592417,5.3226189613342285,154400,0.0,0.0
2004-09-14 00:00:00-04:00,5.364049434661865,5.440995866703,5.327055990284887,5.364049434661865,120700,0.0,0.0
2004-09-15 00:00:00-04:00,5.401045833465095,5.473553272475342,5.335937538957783,5.372931003570557,188000,0.0,0.0
2004-09-16 00:00:00-04:00,5.3744075833119025,5.442475385863638,5.3270560194085075,5.371448040008545,103100,0.0,0.0
2004-09-17 00:00:00-04:00,5.37292927451034,5.5652951156964985,5.341854345234459,5.549017906188965,180900,0.0,0.0
2004-09-20 00:00:00-04:00,5.586010746207331,5.623004194857711,5.563814451227012,5.605247497558594,104900,0.0,0.0
2004-09-21 00:00:00-04:00,5.62300349433827,5.689591806508361,5.600807202123187,5.680713176727295,95800,0.0,0.0
2004-09-22 00:00:00-04:00,5.695510893029071,5.7147470775086395,5.62300349433827,5.680713176727295,106500,0.0,0.0
2004-09-23 00:00:00-04:00,5.69699200738133,5.713269217718471,5.553457222926893,5.661478042602539,218400,0.0,0.0
2004-09-24 00:00:00-04:00,5.6466794404691285,5.741382569659149,5.637800810429373,5.733983993530273,105700,0.0,0.0
2004-09-27 00:00:00-04:00,5.770977139831976,5.828686820914272,5.770977139831976,5.822767734527588,150800,0.0,0.0
2004-09-28 00:00:00-04:00,5.859760902091011,5.918950634223292,5.859760902091011,5.905632972717285,190900,0.0,0.0
2004-09-29 00:00:00-04:00,5.917473090558089,5.917473090558089,5.698471348347461,5.797614097595215,247100,0.0,0.0
2004-09-30 00:00:00-04:00,5.77245615941939,5.904153280667213,5.770976670180695,5.844963550567627,162200,0.0,0.0
2004-10-01 00:00:00-04:00,5.86716172610652,5.918952333232189,5.822769132027053,5.8952765464782715,94700,0.0,0.0
2004-10-04 00:00:00-04:00,5.917474394981852,6.160151413954225,5.8997171269042905,6.115759372711182,231600,0.0,0.0
2004-10-05 00:00:00-04:00,6.20750070642744,6.488650573408852,6.20750070642744,6.385069370269775,444100,0.0,0.0
2004-10-06 00:00:00-04:00,6.540443999209971,6.783121012368032,6.499010939163789,6.644025802612305,552400,0.0,0.0
2004-10-07 00:00:00-04:00,6.791996537931482,6.908895391862643,6.661779457118428,6.806793689727783,519900,0.0,0.0
2004-10-08 00:00:00-04:00,6.895578282991565,7.050951211700927,6.778679419676464,6.981403350830078,359400,0.0,0.0
2004-10-11 00:00:00-04:00,7.176730602403612,7.33654260635376,7.102743688976771,7.33654260635376,487000,0.0,0.0
2004-10-12 00:00:00-04:00,7.4116144100643115,7.431370772186987,6.7611797098398085,6.794612884521484,1007800,1.304,0.0
2004-10-13 00:00:00-04:00,6.639603334003495,6.762699877553457,6.230802134375096,6.749022483825684,827300,0.0,0.0
2004-10-14 00:00:00-04:00,6.780934574479504,6.952661681055159,6.780934574479504,6.929865837097168,342600,0.0,0.0
2004-10-15 00:00:00-04:00,7.051442689158765,7.087915342741493,6.8082891531436225,6.864518165588379,265100,0.0,0.0
2004-10-18 00:00:00-04:00,6.932907416031955,6.937466934034416,6.601611040833187,6.6411237716674805,372100,0.0,0.0
2004-10-19 00:00:00-04:00,6.542342009257346,6.686714367221404,6.473955041829895,6.656320095062256,350700,0.0,0.0
2004-10-20 00:00:00-04:00,6.671518376418887,6.954183578491211,6.6684788908409995,6.954183578491211,253000,0.0,0.0
2004-10-21 00:00:00-04:00,6.989135330581142,7.021049050240012,6.914669404988018,6.961780548095703,231900,0.0,0.0
2004-10-22 00:00:00-04:00,6.984574303184225,7.065119180738043,6.975456430809217,7.043842792510986,223600,0.0,0.0
2004-10-25 00:00:00-04:00,7.0742375308248455,7.157821318333076,6.987614259078927,6.996732711791992,224400,0.0,0.0
2004-10-26 00:00:00-04:00,7.021049397055109,7.028647819293639,6.952662437463437,7.0119309425354,171800,0.0,0.0
2004-10-27 00:00:00-04:00,6.996735964361025,7.046886028290261,6.7201491471003845,6.808291912078857,348900,0.0,0.0
2004-10-28 00:00:00-04:00,6.7019129548464775,6.861482780213557,6.580336414342295,6.679117679595947,311200,0.0,0.0
2004-10-29 00:00:00-04:00,6.64872118655318,6.80829037908596,6.64872118655318,6.803731441497803,224500,0.0,0.0
2004-11-01 00:00:00-05:00,6.841722948822292,6.907070414970849,6.630483707900279,6.694311141967773,267100,0.0,0.0
2004-11-02 00:00:00-05:00,6.578815167895489,6.610728892380474,6.428363841473751,6.508908748626709,361100,0.0,0.0
2004-11-03 00:00:00-05:00,6.546903935586277,6.732307962496674,6.546903935586277,6.717111110687256,212200,0.0,0.0
2004-11-04 00:00:00-05:00,6.73990339055942,6.765738722811417,6.615287406037384,6.624405860900879,209300,0.0,0.0
2004-11-05 00:00:00-05:00,6.633524586781179,6.723187367573433,6.633524586781179,6.706470489501953,118800,0.0,0.0
2004-11-08 00:00:00-05:00,6.707990965422713,6.747503697750335,6.610729746958705,6.635045051574707,174800,0.0,0.0
2004-11-09 00:00:00-05:00,6.635043461667203,6.636562914212973,6.397968863677713,6.458757400512695,330000,0.0,0.0
2004-11-10 00:00:00-05:00,6.4587572128723485,6.686713349797255,6.428362945337874,6.6320037841796875,275600,0.0,0.0
2004-11-11 00:00:00-05:00,6.604647026581446,6.6867113504705635,6.54081960559364,6.671514511108398,171700,0.0,0.0
2004-11-12 00:00:00-05:00,6.686714461989231,6.762699853602745,6.6715176155555405,6.761180400848389,170000,0.0,0.0
2004-11-15 00:00:00-05:00,6.753578371129605,6.755098402925254,6.548418137609648,6.612245559692383,258500,0.0,0.0
2004-11-16 00:00:00-05:00,6.618326327625068,6.709509129330896,6.618326327625068,6.659358501434326,124000,0.0,0.0
2004-11-17 00:00:00-05:00,6.686714410275826,6.87667788784048,6.674556469444875,6.872118949890137,224900,0.0,0.0
2004-11-18 00:00:00-05:00,6.876681080047492,6.990659219495793,6.876681080047492,6.95874547958374,195000,0.0,0.0
2004-11-19 00:00:00-05:00,6.990655787171173,7.294597343135138,6.9830573642165765,7.264203071594238,308200,0.0,0.0
2004-11-22 00:00:00-05:00,7.302195196728517,7.438969118136873,7.267241990084707,7.303715229034424,295000,0.0,0.0
2004-11-23 00:00:00-05:00,7.341705990814313,7.521031494093254,7.279398016266363,7.410092353820801,296700,0.0,0.0
2004-11-24 00:00:00-05:00,7.448086753041857,7.49215841293335,7.36298349777271,7.49215841293335,150600,0.0,0.0
2004-11-26 00:00:00-05:00,7.522553486824036,7.598538875579834,7.522553486824036,7.598538875579834,111700,0.0,0.0
2004-11-29 00:00:00-05:00,7.598538875579834,7.598538875579834,7.517994549009891,7.598538875579834,161500,0.0,0.0
2004-11-30 00:00:00-05:00,7.583342270458592,7.67452450797122,7.5377505719797515,7.552947998046875,160100,0.0,0.0
2004-12-01 00:00:00-05:00,7.545350556046158,7.545350556046158,7.173021974961961,7.233809947967529,402300,0.0,0.0
2004-12-02 00:00:00-05:00,7.127428736586533,7.142625580400541,6.7019101531251515,6.7991719245910645,716600,0.0,0.0
2004-12-03 00:00:00-05:00,6.6183275554463465,6.966340791422121,6.610729132158488,6.9648213386535645,362600,0.0,0.0
2004-12-06 00:00:00-05:00,7.005852415235146,7.157823188491634,6.95418232913904,6.98001766204834,292700,0.0,0.0
2004-12-07 00:00:00-05:00,6.980018653670192,6.980018653670192,6.861481619201271,6.876678466796875,186900,0.0,0.0
2004-12-08 00:00:00-05:00,6.717108150352057,6.952662727921853,6.682154942816633,6.899473190307617,304900,0.0,0.0
2004-12-09 00:00:00-05:00,6.932907609137552,6.987617188910385,6.9313881562427895,6.969380855560303,150000,0.0,0.0
2004-12-10 00:00:00-05:00,7.007372763934825,7.051444429302061,6.762699715191398,6.811330318450928,251400,0.0,0.0
2004-12-13 00:00:00-05:00,6.826525977333893,7.059041624685587,6.826525977333893,7.056002140045166,188900,0.0,0.0
2004-12-14 00:00:00-05:00,7.086396701964564,7.191256317676949,7.081837184952762,7.177578926086426,175900,0.0,0.0
2004-12-15 00:00:00-05:00,7.200373632004707,7.446566061934149,7.182136726289674,7.362982273101807,216200,0.0,0.0
2004-12-16 00:00:00-05:00,7.362985063274219,7.417694641706583,7.324992364887584,7.385780334472656,156300,0.0,0.0
2004-12-17 00:00:00-05:00,7.43137255002558,7.560547501580627,7.393379849012613,7.549909591674805,199200,0.0,0.0
2004-12-20 00:00:00-05:00,7.560545371433519,7.583341217507725,7.46328417699881,7.49215841293335,122900,0.0,0.0
2004-12-21 00:00:00-05:00,7.492159949592983,7.560546922119482,7.492159949592983,7.545350074768066,101800,0.0,0.0
2004-12-22 00:00:00-05:00,7.530148867467678,7.560543126634785,7.218609015379946,7.3113112449646,302800,0.0,0.0
2004-12-23 00:00:00-05:00,7.2945948088782036,7.385777012100257,7.2945948088782036,7.326508522033691,132600,0.0,0.0
2004-12-27 00:00:00-05:00,7.218609631443002,7.249003893204069,6.967857696567105,7.030165672302246,434800,0.0,0.0
2004-12-28 00:00:00-05:00,7.0453663557709065,7.236849308013916,7.0453663557709065,7.236849308013916,153200,0.0,0.0
2004-12-29 00:00:00-05:00,7.249005572288604,7.3477862212396925,7.188217034686043,7.338668346405029,162600,0.0,0.0
2004-12-30 00:00:00-05:00,7.338670453982788,7.370584184514264,7.241409229664405,7.308276176452637,107900,0.0,0.0
2004-12-31 00:00:00-05:00,7.324990229718026,7.407054573445546,7.315871776063056,7.340187072753906,101400,0.0,0.0
2005-01-03 00:00:00-05:00,7.341710216966268,7.341710216966268,7.203416799717953,7.211015224456787,192800,0.0,0.0
2005-01-04 00:00:00-05:00,7.22621157424651,7.378182377405102,7.220132602986741,7.2626848220825195,181600,0.0,0.0
2005-01-05 00:00:00-05:00,7.297633321486108,7.343224417028038,7.203411646736487,7.227726936340332,160400,0.0,0.0
2005-01-06 00:00:00-05:00,7.227728493314193,7.537748357616136,7.1912552611903635,7.530149936676025,212100,0.0,0.0
2005-01-07 00:00:00-05:00,7.5575058493538405,7.560545334130234,7.258123265687149,7.317392349243164,326900,0.0,0.0
2005-01-10 00:00:00-05:00,7.469362404288699,7.569663073547083,7.440487591501243,7.454164981842041,508500,0.0,0.0
2005-01-11 00:00:00-05:00,7.514955234682872,7.530152080890402,7.317393335372374,7.349307060241699,447800,0.0,0.0
2005-01-12 00:00:00-05:00,7.3232510941566185,7.549306210420238,7.284005376822107,7.511630058288574,268000,1.544,0.0
2005-01-13 00:00:00-05:00,7.519477555813095,7.736113423111634,7.517907392211857,7.613667011260986,293800,0.0,0.0
2005-01-14 00:00:00-05:00,7.629364829317306,7.715705859581591,7.621515808068354,7.709426403045654,136500,0.0,0.0
2005-01-18 00:00:00-05:00,7.762797077574236,7.8098917826257575,7.723551390224358,7.770646095275879,295200,0.0,0.0
2005-01-19 00:00:00-05:00,7.778498550372975,7.849140938588659,7.767509800966305,7.817744255065918,246700,0.0,0.0
2005-01-20 00:00:00-05:00,7.8255931672532695,7.8255931672532695,7.6293646465213225,7.764369964599609,194100,0.0,0.0
2005-01-21 00:00:00-05:00,7.83030513339213,7.9025171044300455,7.822456110251848,7.88210916519165,317100,0.0,0.0
2005-01-24 00:00:00-05:00,7.9433299845096705,8.131709477180337,7.9433299845096705,8.084614753723145,270400,0.0,0.0
2005-01-25 00:00:00-05:00,8.068914333679777,8.34049444436483,8.045366679471464,8.285550117492676,268700,0.0,0.0
2005-01-26 00:00:00-05:00,8.30439134703619,8.320089389366148,8.147408528368905,8.315380096435547,240200,0.0,0.0
2005-01-27 00:00:00-05:00,8.354625943128362,8.458234581256407,8.348346486552858,8.414278984069824,148200,0.0,0.0
2005-01-28 00:00:00-05:00,8.44567617798012,8.44567617798012,8.147409158740285,8.247878074645996,305800,0.0,0.0
2005-01-31 00:00:00-05:00,8.170954147351399,8.334216393624917,8.131708449622678,8.296540260314941,213700,0.0,0.0
2005-02-01 00:00:00-05:00,8.44567329581069,8.469220951933586,8.389159400189158,8.450383186340332,170800,0.0,0.0
2005-02-02 00:00:00-05:00,8.469222673733992,8.728243949536237,8.469222673733992,8.701557159423828,203200,0.0,0.0
2005-02-03 00:00:00-05:00,8.740801714521863,8.75022089741808,8.481779873873178,8.670159339904785,151500,0.0,0.0
2005-02-04 00:00:00-05:00,8.693708382776158,8.791037559509277,8.641903766856363,8.791037559509277,118500,0.0,0.0
2005-02-07 00:00:00-05:00,8.869529772620337,8.91662450120214,8.715686673204063,8.7423734664917,161500,0.0,0.0
2005-02-08 00:00:00-05:00,8.751794541563838,9.02651454959499,8.751794541563838,9.00296688079834,138700,0.0,0.0
2005-02-09 00:00:00-05:00,9.04220980865316,9.089305131727675,8.949589924830871,9.073606491088867,132400,0.0,0.0
2005-02-10 00:00:00-05:00,9.152096952502609,9.360884360120288,9.152096952502609,9.35617446899414,176500,0.0,0.0
2005-02-11 00:00:00-05:00,9.356169732838788,9.43466109166744,9.026506265295064,9.368728637695312,252700,0.0,0.0
2005-02-14 00:00:00-05:00,9.381289789394781,9.417396352388947,9.356172570904313,9.38599967956543,120600,0.0,0.0
2005-02-15 00:00:00-05:00,9.390712165103494,9.418969120371964,9.261986301699098,9.34361743927002,152100,0.0,0.0
2005-02-16 00:00:00-05:00,9.41896855440201,10.046899791362144,9.379722852092002,9.874218940734863,304100,0.0,0.0
2005-02-17 00:00:00-05:00,9.999803261652293,10.91030327097227,9.324777423648264,9.403268814086914,948900,0.0,0.0
2005-02-18 00:00:00-05:00,8.948015236169319,9.387566742037393,8.791032512727751,9.159941673278809,802800,0.0,0.0
2005-02-22 00:00:00-05:00,9.175640451719545,9.579086009511357,9.175640451719545,9.489605903625488,397500,0.0,0.0
2005-02-23 00:00:00-05:00,9.488041180755001,9.528857048254853,9.404840479928108,9.49746036529541,170500,0.0,0.0
2005-02-24 00:00:00-05:00,9.497456520265006,9.63089162026925,9.340473767863932,9.387568473815918,355300,0.0,0.0
2005-02-25 00:00:00-05:00,9.345185262463417,9.48960974012633,9.26198457570091,9.472341537475586,214500,0.0,0.0
2005-02-28 00:00:00-05:00,9.450360222137245,9.560248250072641,9.428382736318483,9.489605903625488,179400,0.0,0.0
2005-03-01 00:00:00-05:00,9.49117791246435,9.495887802668548,9.30907792740088,9.364022254943848,158400,0.0,0.0
2005-03-02 00:00:00-05:00,9.332627684511225,9.481761465953369,9.3090800247102,9.458213806152344,123100,0.0,0.0
2005-03-03 00:00:00-05:00,9.481757520497993,9.811421027484839,9.473907904602713,9.761186599731445,241200,0.0,0.0
2005-03-04 00:00:00-05:00,9.780029642691503,9.968409147932633,9.778460077969681,9.95271110534668,166100,0.0,0.0
2005-03-07 00:00:00-05:00,9.913463798592474,9.913463798592474,9.654441945873758,9.787877082824707,240200,0.0,0.0
2005-03-08 00:00:00-05:00,9.8271243692913,10.01550387453243,9.787878663984479,9.95271110534668,180200,0.0,0.0
2005-03-09 00:00:00-05:00,9.984106798534286,10.24940813925129,9.905615391002282,9.907185554504395,286300,0.0,0.0
2005-03-10 00:00:00-05:00,9.841250455868847,9.841250455868847,9.3718722698031,9.646592140197754,408900,0.0,0.0
2005-03-11 00:00:00-05:00,9.536703429864284,9.984104091975537,9.536703429864284,9.828691482543945,193900,0.0,0.0
2005-03-14 00:00:00-05:00,9.905615391002282,9.984106798534286,9.81142594150064,9.907185554504395,120400,0.0,0.0
2005-03-15 00:00:00-05:00,9.930732991042015,10.073587334170611,9.921314405042684,10.032772064208984,123200,0.0,0.0
2005-03-16 00:00:00-05:00,10.048470701954397,10.360866180218594,10.031202495839322,10.35772705078125,183800,0.0,0.0
2005-03-17 00:00:00-05:00,10.50215434756854,10.740767785373835,10.439360959403697,10.640298843383789,332200,0.0,0.0
2005-03-18 00:00:00-05:00,10.643436363548187,10.823965660078697,10.588491414846956,10.820826530456543,190200,0.0,0.0
2005-03-21 00:00:00-05:00,10.825534069217579,10.98094671053101,10.769020163706557,10.94955062866211,232200,0.0,0.0
2005-03-22 00:00:00-05:00,10.941701694365467,11.137930212540484,10.80826654154322,10.847512245178223,284600,0.0,0.0
2005-03-23 00:00:00-05:00,10.643435057966784,10.729774885350476,10.0861456002049,10.353015899658203,587200,0.0,0.0
2005-03-24 00:00:00-05:00,10.36086769341987,10.67483338109926,10.36086769341987,10.623028755187988,275400,0.0,0.0
2005-03-28 00:00:00-05:00,10.517844229787165,10.674826979485482,10.486448158920835,10.530403137207031,202000,0.0,0.0
2005-03-29 00:00:00-05:00,10.546103919192596,10.677968888393158,10.546103919192596,10.557092666625977,171000,0.0,0.0
2005-03-30 00:00:00-05:00,10.517847428038992,10.520986557006836,10.283943395214635,10.520986557006836,250200,0.0,0.0
2005-03-31 00:00:00-05:00,10.643430078674381,10.98879162200702,10.630871172233824,10.957395553588867,188600,0.0,0.0
2005-04-01 00:00:00-05:00,10.988796635320089,11.411080774993343,10.988796635320089,11.379683494567871,209700,0.0,0.0
2005-04-04 00:00:00-04:00,11.459746318022486,11.773711970571046,11.459746318022486,11.679522514343262,344900,0.0,0.0
2005-04-05 00:00:00-04:00,11.695219774955032,11.695219774955032,11.557075328242549,11.618298530578613,199200,0.0,0.0
2005-04-06 00:00:00-04:00,11.586899835083045,11.663822267757904,11.22426995815527,11.624576568603516,293700,0.0,0.0
2005-04-07 00:00:00-04:00,11.812957487710156,11.897728356260973,11.5382375461355,11.555505752563477,245500,0.0,0.0
2005-04-08 00:00:00-04:00,11.428347097237095,11.577480262219368,11.381251783198701,11.552362442016602,184100,0.0,0.0
2005-04-11 00:00:00-04:00,11.513120317242956,11.648125648498535,11.396953356982559,11.648125648498535,240700,0.0,0.0
2005-04-12 00:00:00-04:00,11.631286595669387,11.687398689250488,11.094210379980822,11.190403938293457,347800,1.545,0.0
2005-04-13 00:00:00-04:00,10.581182642892827,10.78158382931125,10.036091171204356,10.149919509887695,1169900,0.0,0.0
2005-04-14 00:00:00-04:00,10.16435118215827,10.561946559102697,10.16435118215827,10.541105270385742,412700,0.0,0.0
2005-04-15 00:00:00-04:00,10.452930309080532,10.459343296839391,9.75553409707319,9.827678680419922,677900,0.0,0.0
2005-04-18 00:00:00-04:00,9.731484658574782,9.731484658574782,9.053326913374487,9.292204856872559,1099300,0.0,0.0
2005-04-19 00:00:00-04:00,9.458935246365868,10.069758234137474,9.458935246365868,10.042503356933594,565700,0.0,0.0
2005-04-20 00:00:00-04:00,10.204430986198908,10.324671725494689,9.875772476196289,9.875772476196289,455000,0.0,0.0
2005-04-21 00:00:00-04:00,9.862951025215121,10.13229043693491,9.779584006199352,10.10824203491211,251800,0.0,0.0
2005-04-22 00:00:00-04:00,10.193211117098489,10.44812096108683,10.149924366729852,10.374373435974121,316300,0.0,0.0
2005-04-25 00:00:00-04:00,10.50102495398529,10.686997891428417,10.50102495398529,10.571566581726074,299200,0.0,0.0
2005-04-26 00:00:00-04:00,10.571568506374339,10.693411601552013,10.40483449791022,10.462550163269043,169000,0.0,0.0
2005-04-27 00:00:00-04:00,10.438501837973744,10.444914825630612,10.036095730359698,10.068160057067871,282000,0.0,0.0
2005-04-28 00:00:00-04:00,9.875776067325237,10.044113652812754,9.829283429355861,10.024874687194824,265200,0.0,0.0
2005-04-29 00:00:00-04:00,10.064952816753058,10.100223634673737,9.741104303014067,9.755533218383789,214600,0.0,0.0
2005-05-02 00:00:00-04:00,9.73148716362038,10.196417808532715,9.699422833590784,10.196417808532715,234900,0.0,0.0
2005-05-03 00:00:00-04:00,10.181987863727604,10.181987863727604,9.858139936660361,9.904632568359375,187300,0.0,0.0
2005-05-04 00:00:00-04:00,9.901427570250382,10.140306198809972,9.803632245535322,10.052129745483398,234200,0.0,0.0
2005-05-05 00:00:00-04:00,10.092208646363629,10.379182816324219,10.092208646363629,10.295816421508789,207900,0.0,0.0
2005-05-06 00:00:00-04:00,10.335897560316166,10.493011493271057,10.335897560316166,10.396819114685059,146600,0.0,0.0
2005-05-09 00:00:00-04:00,10.468961674179427,10.581185883684924,10.388801175060603,10.557137489318848,168000,0.0,0.0
2005-05-10 00:00:00-04:00,10.571569362780416,10.629285032814801,10.372770400149786,10.388803482055664,156800,0.0,0.0
2005-05-11 00:00:00-04:00,10.404832296843866,10.451325529833852,10.20603400394849,10.252527236938477,259200,0.0,0.0
2005-05-12 00:00:00-04:00,10.268559988089486,10.294210710673545,9.811644795669046,9.862947463989258,259300,0.0,0.0
2005-05-13 00:00:00-04:00,9.830883149036481,9.923869617655251,9.696213491724636,9.795612335205078,200900,0.0,0.0
2005-05-16 00:00:00-04:00,9.571165646266007,9.587197504690721,9.131885753460166,9.45092487335205,563600,0.0,0.0
2005-05-17 00:00:00-04:00,9.330687416375838,9.763554475013517,9.330687416375838,9.731490135192871,281800,0.0,0.0
2005-05-18 00:00:00-04:00,9.747514452475874,9.915851341731914,9.540700262910141,9.587193489074707,280600,0.0,0.0
2005-05-19 00:00:00-04:00,9.583988842534918,9.85974114840606,9.460541603547862,9.76835823059082,212200,0.0,0.0
2005-05-20 00:00:00-04:00,9.77156635305204,9.874171708648115,9.604832344420334,9.667357444763184,97900,0.0,0.0
2005-05-23 00:00:00-04:00,9.628878968856737,9.859740976430164,9.620862430021566,9.795612335205078,132200,0.0,0.0
2005-05-24 00:00:00-04:00,9.763548623239977,10.010442485257595,9.763548623239977,9.971965789794922,112100,0.0,0.0
2005-05-25 00:00:00-04:00,9.98158634344232,10.34070569400194,9.89982289309488,10.28459358215332,220600,0.0,0.0
2005-05-26 00:00:00-04:00,10.28459515246636,10.356739132551057,10.180386229892086,10.242911338806152,141000,0.0,0.0
2005-05-27 00:00:00-04:00,10.282990952640157,10.50102765524242,10.278181517357408,10.47697925567627,150600,0.0,0.0
2005-05-31 00:00:00-04:00,10.420866307750586,10.422469860434427,10.148320451232648,10.371167182922363,163200,0.0,0.0
2005-06-01 00:00:00-04:00,10.395216516668148,10.613253247172153,10.395216516668148,10.584395408630371,164300,0.0,0.0
2005-06-02 00:00:00-04:00,10.565154493533505,10.701427103403333,10.4481196214816,10.576376914978027,126900,0.0,0.0
2005-06-03 00:00:00-04:00,10.603635483256948,10.78159196899896,10.603635483256948,10.757543563842773,161400,0.0,0.0
2005-06-06 00:00:00-04:00,10.837701084125824,10.901829738985622,10.661348200625646,10.876177787780762,157400,0.0,0.0
2005-06-07 00:00:00-04:00,10.87618354764623,11.006044478876643,10.799230099582951,10.97558307647705,204200,0.0,0.0
2005-06-08 00:00:00-04:00,10.935496783452857,11.182391304553903,10.823272557112531,10.967561721801758,265400,0.0,0.0
2005-06-09 00:00:00-04:00,10.999628884397517,11.142314541100397,10.986802905038159,11.139108657836914,118700,0.0,0.0
2005-06-10 00:00:00-04:00,11.142311327998994,11.19521756023527,10.990006842272903,11.110247611999512,93800,0.0,0.0
2005-06-13 00:00:00-04:00,11.150326908505617,11.214454334983063,11.022069609246214,11.206439018249512,84400,0.0,0.0
2005-06-14 00:00:00-04:00,11.190409380107317,11.222473099702611,11.142312577561878,11.214456558227539,70200,0.0,0.0
2005-06-15 00:00:00-04:00,11.222469986965322,11.33469419757411,11.182389737011874,11.284995079040527,156100,0.0,0.0
2005-06-16 00:00:00-04:00,11.284990788898257,11.37958077886785,11.262545955309207,11.27857780456543,118500,0.0,0.0
2005-06-17 00:00:00-04:00,11.318664178858235,11.435699065900042,11.310648861458226,11.398824691772461,135600,0.0,0.0
2005-06-20 00:00:00-04:00,11.43890535783965,11.791612361183567,11.437301805041283,11.719467163085938,191300,0.0,0.0
2005-06-21 00:00:00-04:00,11.719467292020713,11.722674397652728,11.126279957949128,11.174375534057617,335200,0.0,0.0
2005-06-22 00:00:00-04:00,11.174375010982157,11.588003551176127,11.174375010982157,11.398824691772461,208600,0.0,0.0
2005-06-23 00:00:00-04:00,11.462953785819025,11.7018317809709,11.384396822636644,11.527082443237305,155800,0.0,0.0
2005-06-24 00:00:00-04:00,11.567162701229678,11.64571966441206,11.511050584670835,11.527082443237305,82000,0.0,0.0
2005-06-27 00:00:00-04:00,11.65533665626969,11.903834705029505,11.647321339854596,11.823674201965332,211800,0.0,0.0
2005-06-28 00:00:00-04:00,11.823676300742527,11.823676300742527,11.302632938336924,11.4870023727417,273300,0.0,0.0
2005-06-29 00:00:00-04:00,11.398823320901139,11.535095931836123,11.248122406489934,11.483793258666992,216700,0.0,0.0
2005-06-30 00:00:00-04:00,11.467761512410167,11.644114376670062,11.414855286186533,11.474174499511719,104400,0.0,0.0
2005-07-01 00:00:00-04:00,11.490210472627833,11.788407752356747,11.490210472627833,11.78680419921875,108800,0.0,0.0
2005-07-05 00:00:00-04:00,11.855736500962786,12.024074026595954,11.84932473785575,12.022470474243164,198000,0.0,0.0
2005-07-06 00:00:00-04:00,12.064157169681076,12.16836608089351,11.903836144170365,12.139508247375488,237400,0.0,0.0
2005-07-07 00:00:00-04:00,12.008043806197493,12.328685823862836,11.983995410242146,12.311050415039062,201800,0.0,0.0
2005-07-08 00:00:00-04:00,12.35914780173382,12.503436975537506,12.13630166452962,12.224478721618652,208400,0.0,0.0
2005-07-11 00:00:00-04:00,12.20844573896657,12.21004929162575,11.831691592110623,12.072173118591309,276300,0.0,0.0
2005-07-12 00:00:00-04:00,12.184397551172749,12.344718571582916,12.177984563578063,12.328686714172363,159200,0.0,0.0
2005-07-13 00:00:00-04:00,12.343115291514085,12.44479840331853,12.220110558510243,12.267672538757324,203800,1.728,0.0
2005-07-14 00:00:00-04:00,12.284080712066194,12.30048110328331,11.646095858944138,11.84946346282959,311000,0.0,0.0
2005-07-15 00:00:00-04:00,11.734656234978633,12.021667381524043,11.728095830048137,11.767457008361816,292500,0.0,0.0
2005-07-18 00:00:00-04:00,11.742856400878424,11.746137229145448,11.398443257733165,11.66905403137207,233700,0.0,0.0
2005-07-19 00:00:00-04:00,11.710051287059517,11.913418769836428,11.685450089249423,11.913418769836426,143200,0.0,0.0
2005-07-20 00:00:00-04:00,11.988864707193192,12.062668320209877,11.77073594733448,11.8822603225708,149300,0.0,0.0
2005-07-21 00:00:00-04:00,11.87406024490393,11.87406024490393,11.677251869921704,11.801897048950195,92200,0.0,0.0
2005-07-22 00:00:00-04:00,11.842897313196453,12.05118605958573,11.842897313196453,12.006903648376465,89000,0.0,0.0
2005-07-25 00:00:00-04:00,11.975741888986565,12.05446547941047,11.956061929832353,12.020024299621582,98000,0.0,0.0
2005-07-26 00:00:00-04:00,12.005267921902133,12.013468742370605,11.93146554276398,12.013468742370605,100600,0.0,0.0
2005-07-27 00:00:00-04:00,12.013463421502687,12.118427370408154,11.98886222226288,12.11678695678711,73800,0.0,0.0
2005-07-28 00:00:00-04:00,12.134826745110233,12.27587227435217,12.120066777553431,12.259471893310547,105800,0.0,0.0
2005-07-29 00:00:00-04:00,12.243074734396918,12.344757874377247,12.161071556338356,12.185672760009766,116500,0.0,0.0
2005-08-01 00:00:00-04:00,12.30047523534696,12.464481571818254,12.293914831735824,12.43988037109375,141000,0.0,0.0
2005-08-02 00:00:00-04:00,12.398877852669239,12.49564223455561,12.374276653798539,12.444799423217773,116300,0.0,0.0
2005-08-03 00:00:00-04:00,12.456282153599311,12.587487738021213,12.34639819612575,12.359519004821777,117700,0.0,0.0
2005-08-04 00:00:00-04:00,12.343118007977711,12.577647133904106,12.316876391885943,12.479242324829102,81600,0.0,0.0
2005-08-05 00:00:00-04:00,12.512041339172418,12.562882894050132,12.185669137867574,12.49728012084961,99200,0.0,0.0
2005-08-08 00:00:00-04:00,12.497280361550562,12.7875722318916,12.497280361550562,12.608804702758789,129900,0.0,0.0
2005-08-09 00:00:00-04:00,12.649810283215185,12.767895064362694,12.61372993454833,12.710493087768555,105200,0.0,0.0
2005-08-10 00:00:00-04:00,12.726892232884293,12.899099397145743,12.615367867259636,12.882699012756348,168800,0.0,0.0
2005-08-11 00:00:00-04:00,12.915500341578248,13.100827070625895,12.861377944604174,12.946661949157715,116700,0.0,0.0
2005-08-12 00:00:00-04:00,12.956500495100036,13.118866416771908,12.951580505241651,13.043423652648926,90300,0.0,0.0
2005-08-15 00:00:00-04:00,13.076226137360067,13.079505713626403,12.523524316935536,12.669489860534668,184300,0.0,0.0
2005-08-16 00:00:00-04:00,12.677692958931,12.677692958931,12.382480991086126,12.59568977355957,216700,0.0,0.0
2005-08-17 00:00:00-04:00,12.595685338174318,12.661286862355407,11.939660086212507,12.102025985717773,329500,0.0,0.0
2005-08-18 00:00:00-04:00,11.726453045486483,11.874058998410751,11.52964594243349,11.701851844787598,517000,0.0,0.0
2005-08-19 00:00:00-04:00,11.775656869716963,12.333277479499817,11.759255233089894,12.185672760009766,303700,0.0,0.0
2005-08-22 00:00:00-04:00,12.284070886867283,12.43495636741307,12.20206774510084,12.316871643066406,181200,0.0,0.0
2005-08-23 00:00:00-04:00,12.357876157992072,12.480880899945415,12.179109866962305,12.279153823852539,117000,0.0,0.0
2005-08-24 00:00:00-04:00,12.341476040737582,12.672768268947209,12.316874841565374,12.562884330749512,134900,0.0,0.0
2005-08-25 00:00:00-04:00,12.612086729093926,12.612086729093926,12.44643998935463,12.562884330749512,120000,0.0,0.0
2005-08-26 00:00:00-04:00,12.562883153205705,12.710489083134586,12.366076080813096,12.456278800964355,113900,0.0,0.0
2005-08-29 00:00:00-04:00,12.858095022940558,12.956498559212452,12.44807924575029,12.587484359741211,236700,0.0,0.0
2005-08-30 00:00:00-04:00,12.661285005650704,12.956496826249948,12.661285005650704,12.841692924499512,178900,0.0,0.0
2005-08-31 00:00:00-04:00,12.841701682669092,12.997507262915468,12.48088685016082,12.833500862121582,307900,0.0,0.0
2005-09-01 00:00:00-04:00,12.833492472201963,12.981098386672725,12.587483031840263,12.956497192382812,262100,0.0,0.0
2005-09-02 00:00:00-04:00,12.915496705142713,12.917137118571652,12.38739619521831,12.49728012084961,249300,0.0,0.0
2005-09-06 00:00:00-04:00,12.382480257032158,12.430042251880352,12.1528711013499,12.284076690673828,340000,0.0,0.0
2005-09-07 00:00:00-04:00,12.252912350078617,12.46612107238114,12.234871554286759,12.261113166809082,162900,0.0,0.0
2005-09-08 00:00:00-04:00,12.382479263716133,12.50712443844797,12.261114916652286,12.30539608001709,151100,0.0,0.0
2005-09-09 00:00:00-04:00,12.346394873066297,12.544842358921684,12.346394873066297,12.456278800964355,123700,0.0,0.0
2005-09-12 00:00:00-04:00,12.464483939561267,12.474323921212644,12.177472796216106,12.218474388122559,181200,0.0,0.0
2005-09-13 00:00:00-04:00,12.138114178566692,12.28735935392561,12.064310546806517,12.139753341674805,155100,0.0,0.0
2005-09-14 00:00:00-04:00,12.180751994155367,12.341478779988098,12.180751994155367,12.256196022033691,128100,0.0,0.0
2005-09-15 00:00:00-04:00,12.325077027123998,12.408720613090841,12.087267077074952,12.210271835327148,108500,0.0,0.0
2005-09-16 00:00:00-04:00,12.24307508222722,12.244715496190372,12.097109521237583,12.169271469116211,104100,0.0,0.0
2005-09-19 00:00:00-04:00,12.267677468552446,12.595690221708722,12.267677468552446,12.546487808227539,188900,0.0,0.0
2005-09-20 00:00:00-04:00,12.505483833445364,12.594047410090253,12.275874699692215,12.339837074279785,133500,0.0,0.0
2005-09-21 00:00:00-04:00,12.661288430991512,12.723611638461323,12.566165708636415,12.621927261352539,162600,0.0,0.0
2005-09-22 00:00:00-04:00,12.694097974592752,12.74822039697801,12.136475860478956,12.51533031463623,287600,0.0,0.0
2005-09-23 00:00:00-04:00,12.482526808431986,12.482526808431986,12.236517216229966,12.34148120880127,103800,0.0,0.0
2005-09-26 00:00:00-04:00,12.334918684026412,12.538286228291167,12.238155528324464,12.512045860290527,111900,0.0,0.0
2005-09-27 00:00:00-04:00,12.471043350594998,12.512044939234013,12.352958575111566,12.490724563598633,115300,0.0,0.0
2005-09-28 00:00:00-04:00,12.349683771456244,12.682616599673088,12.349683771456244,12.635054588317871,140600,0.0,0.0
2005-09-29 00:00:00-04:00,12.790855084844193,12.99586302552889,12.781015104097461,12.953222274780273,250700,0.0,0.0
2005-09-30 00:00:00-04:00,13.005709865907559,13.099193477121307,12.95322786051159,12.976188659667969,166500,0.0,0.0
2005-10-03 00:00:00-04:00,13.017185414623857,13.104108586362424,12.98602380540843,13.018824577331543,127200,0.0,0.0
2005-10-04 00:00:00-04:00,12.989303403379653,12.989303403379653,12.544846311366118,12.710493087768555,281800,0.0,0.0
2005-10-05 00:00:00-04:00,12.792498559875922,12.802338542977289,12.30868020459353,12.366082191467285,307600,0.0,0.0
2005-10-06 00:00:00-04:00,12.218475899558323,12.2201163137929,11.61165276478602,11.839621543884277,603200,0.0,0.0
2005-10-07 00:00:00-04:00,11.856018370400692,12.15286944293206,11.808456382042953,12.128268241882324,371100,0.0,0.0
2005-10-10 00:00:00-04:00,12.234872480753074,12.266034085165757,11.862578646601193,11.983942985534668,287600,0.0,0.0
2005-10-11 00:00:00-04:00,12.152867708974002,12.341475221752907,12.146307306212167,12.25127124786377,281200,0.0,0.0
2005-10-12 00:00:00-04:00,12.20762771957151,12.292214936173757,11.926797540916773,12.062137603759766,313000,2.282,0.0
2005-10-13 00:00:00-04:00,12.019844699993921,12.019844699993921,11.190889670563553,11.673036575317383,589000,0.0,0.0
2005-10-14 00:00:00-04:00,11.478482285200933,11.64765667788097,11.268706399673178,11.64427375793457,380700,0.0,0.0
2005-10-17 00:00:00-04:00,11.779617445139717,11.967401203140241,11.779617445139717,11.892965316772461,231800,0.0,0.0
2005-10-18 00:00:00-04:00,11.808374989713883,11.842209357312562,11.422656229317626,11.520777702331543,204500,0.0,0.0
2005-10-19 00:00:00-04:00,11.56306997997088,11.56306997997088,10.89313951096414,11.354986190795898,572900,0.0,0.0
2005-10-20 00:00:00-04:00,11.199348293876797,11.199348293876797,10.810247825647053,10.874533653259277,394300,0.0,0.0
2005-10-21 00:00:00-04:00,10.657992950501411,10.994649826748532,10.476976296462123,10.823783874511719,423400,0.0,0.0
2005-10-24 00:00:00-04:00,10.759495990324925,11.153672813597705,10.65799156687539,11.106304168701172,245300,0.0,0.0
2005-10-25 00:00:00-04:00,11.258558149137505,11.444649752697961,11.219647464692912,11.402356147766113,217500,0.0,0.0
2005-10-26 00:00:00-04:00,11.442955981949222,11.705176810648194,11.148592895854227,11.250097274780273,222100,0.0,0.0
2005-10-27 00:00:00-04:00,11.267017875677492,11.4023579491199,11.030173392502576,11.035249710083008,143900,0.0,0.0
2005-10-28 00:00:00-04:00,11.06908420686114,11.36852241252494,10.938820449542646,11.343147277832031,141500,0.0,0.0
2005-10-31 00:00:00-05:00,11.360062473696685,11.554613313338827,11.099533714018273,11.278858184814453,180700,0.0,0.0
2005-11-01 00:00:00-05:00,11.253481763870107,11.351603236482442,11.123218029380093,11.278858184814453,124000,0.0,0.0
2005-11-02 00:00:00-05:00,11.275480632365959,11.365142910450366,11.190893382746857,11.307622909545898,112900,0.0,0.0
2005-11-03 00:00:00-05:00,11.317767364771392,11.57152895909049,11.317767364771392,11.56645393371582,177400,0.0,0.0
2005-11-04 00:00:00-05:00,11.532618301586478,11.576604006079412,11.219645926148226,11.283931732177734,151700,0.0,0.0
2005-11-07 00:00:00-05:00,11.255176554756245,11.258560766728715,10.979422651139823,11.013257026672363,234300,0.0,0.0
2005-11-08 00:00:00-05:00,10.881301025337875,11.18243135236152,10.83054817194569,11.097844123840332,137600,0.0,0.0
2005-11-09 00:00:00-05:00,11.08092706843614,11.223032994511247,10.911752609376046,11.013257026672363,176100,0.0,0.0
2005-11-10 00:00:00-05:00,10.981119308498785,10.982810124487123,10.497279406443308,10.524347305297852,350000,0.0,0.0
2005-11-11 00:00:00-05:00,10.37885403678751,10.42114765657124,10.167385937868861,10.375471115112305,408000,0.0,0.0
2005-11-14 00:00:00-05:00,10.387308861737205,10.576784017131125,10.289187395779278,10.377158164978027,224900,0.0,0.0
2005-11-15 00:00:00-05:00,10.377163105882714,10.6833691610798,10.334869483939165,10.446524620056152,201400,0.0,0.0
2005-11-16 00:00:00-05:00,10.471898078203376,10.65798970378047,10.427912362474721,10.62246322631836,156400,0.0,0.0
2005-11-17 00:00:00-05:00,10.65799052021893,10.747652773639148,10.505733254647502,10.615696907043457,144100,0.0,0.0
2005-11-18 00:00:00-05:00,10.615699336518848,10.657992959373505,10.438066249599183,10.656301498413086,145700,0.0,0.0
2005-11-21 00:00:00-05:00,10.69013292962409,10.962504534230838,10.69013292962409,10.954045295715332,155500,0.0,0.0
2005-11-22 00:00:00-05:00,11.030169998386565,11.283931589981638,11.030169998386565,11.233180046081543,165600,0.0,0.0
2005-11-23 00:00:00-05:00,11.267017904682433,11.267017904682433,10.964195489866894,11.096151351928711,146400,0.0,0.0
2005-11-25 00:00:00-05:00,11.138445460065586,11.16551399230957,11.080926765095104,11.16551399230957,30000,0.0,0.0
2005-11-28 00:00:00-05:00,11.140140535355398,11.141832641746335,10.810250777567944,10.818709373474121,146100,0.0,0.0
2005-11-29 00:00:00-05:00,10.844079011805976,10.954042632277373,10.822086803991006,10.903289794921875,100400,0.0,0.0
2005-11-30 00:00:00-05:00,10.928666763576363,11.131676832516405,10.869455977480726,11.04878044128418,108800,0.0,0.0
2005-12-01 00:00:00-05:00,11.157055502821306,11.29239559173584,11.140138314381675,11.29239559173584,132700,0.0,0.0
2005-12-02 00:00:00-05:00,11.317772792016125,11.495405218801164,11.251794849110421,11.451420783996582,138300,0.0,0.0
2005-12-05 00:00:00-05:00,11.579986798769314,11.923411904132555,11.578295984125337,11.769462585449219,196700,0.0,0.0
2005-12-06 00:00:00-05:00,11.757625403667545,11.923416948490019,11.740708215183313,11.825295448303223,122200,0.0,0.0
2005-12-07 00:00:00-05:00,11.859124954146184,11.969088570174355,11.715326975046985,11.761003494262695,141400,0.0,0.0
2005-12-08 00:00:00-05:00,11.759312667402707,11.918335722509488,11.759312667402707,11.90987777709961,140600,0.0,0.0
2005-12-09 00:00:00-05:00,11.909881076995141,11.909881076995141,11.608750774166534,11.749164581298828,109200,0.0,0.0
2005-12-12 00:00:00-05:00,11.79145887109106,11.87435528245738,11.74916525779346,11.842211723327637,81000,0.0,0.0
2005-12-13 00:00:00-05:00,11.859126469993736,11.984315178196175,11.850668523493983,11.862510681152344,103200,0.0,0.0
2005-12-14 00:00:00-05:00,11.876041268041188,11.909876919338469,11.825289727142454,11.884500503540039,80700,0.0,0.0
2005-12-15 00:00:00-05:00,11.854049062721549,11.926794099638046,11.852356957482154,11.884500503540039,94500,0.0,0.0
2005-12-16 00:00:00-05:00,11.908187422058297,11.908187422058297,11.715328684870098,11.752547264099121,128000,0.0,0.0
2005-12-19 00:00:00-05:00,11.742399517393569,11.842211826106826,11.522472210057835,11.590142250061035,104800,0.0,0.0
2005-12-20 00:00:00-05:00,11.529238556804636,11.740706610705313,11.52754645097783,11.673036575317383,85900,0.0,0.0
2005-12-21 00:00:00-05:00,11.666270420448065,11.688262635245396,11.554615949794107,11.613826751708984,91800,0.0,0.0
2005-12-22 00:00:00-05:00,11.630743572032175,11.652735786135054,11.436192694142091,11.459877014160156,107900,0.0,0.0
2005-12-23 00:00:00-05:00,11.436188851261058,11.436188851261058,11.165510077225534,11.250097274780273,205100,0.0,0.0
2005-12-27 00:00:00-05:00,11.207808556909088,11.209500662992578,10.828858108229628,10.891451835632324,313500,0.0,0.0
2005-12-28 00:00:00-05:00,10.908368075913822,11.229798468063649,10.908368075913822,11.192581176757812,214500,0.0,0.0
2005-12-29 00:00:00-05:00,11.167206115899722,11.385441317341815,11.080926782608975,11.241641998291016,121900,0.0,0.0
2005-12-30 00:00:00-05:00,11.199346382904363,11.334686438750909,11.118143381955178,11.267016410827637,125400,0.0,0.0
2006-01-03 00:00:00-05:00,11.503862553741753,11.757624227721351,11.471718995347446,11.678112030029297,260500,0.0,0.0
2006-01-04 00:00:00-05:00,11.720406885096581,11.892965564490664,11.571533818561422,11.874356269836426,156800,0.0,0.0
2006-01-05 00:00:00-05:00,11.894655409081903,11.960633342671711,11.723790140399913,11.918339729309082,173200,0.0,0.0
2006-01-06 00:00:00-05:00,11.943714014776317,12.180558465296771,11.943714014776317,12.087512016296387,172800,0.0,0.0
2006-01-09 00:00:00-05:00,12.11289437557118,12.180564436133958,11.965713381348621,12.067217826843262,202300,0.0,0.0
2006-01-10 00:00:00-05:00,12.084131305777996,12.178868587033078,12.019845477883285,12.041837692260742,252300,0.0,0.0
2006-01-11 00:00:00-05:00,12.201196823032635,12.209913655831194,12.030330671680918,12.117506980895996,510900,2.114,0.0
2006-01-12 00:00:00-05:00,12.161095149176461,12.342422032172284,12.161095149176461,12.204683303833008,168400,0.0,0.0
2006-01-13 00:00:00-05:00,12.162841537098952,12.377294556984921,12.147149106504385,12.345911026000977,104500,0.0,0.0
2006-01-17 00:00:00-05:00,12.440061414149348,12.605697231139732,12.433087148467157,12.579544067382812,224400,0.0,0.0
2006-01-18 00:00:00-05:00,12.588256233565902,12.588256233565902,12.387751822930541,12.440056800842285,133300,0.0,0.0
2006-01-19 00:00:00-05:00,12.483646333410737,12.562105804295546,12.34242114810483,12.553387641906738,135400,0.0,0.0
2006-01-20 00:00:00-05:00,12.638816581316592,12.717276030690448,12.495847536689281,12.586511611938477,182600,0.0,0.0
2006-01-23 00:00:00-05:00,12.70158676595966,12.725996023777734,12.447032127139199,12.513285636901855,154400,0.0,0.0
2006-01-24 00:00:00-05:00,12.501080281344304,12.501080281344304,12.256987717351912,12.386008262634277,177400,0.0,0.0
2006-01-25 00:00:00-05:00,12.342424369149807,12.36160326724651,11.892594208671932,12.143662452697754,257900,0.0,0.0
2006-01-26 00:00:00-05:00,12.154120792742596,12.178530052748975,11.784492765181147,12.100071907043457,208200,0.0,0.0
2006-01-27 00:00:00-05:00,12.213398806834215,12.373802861785993,12.213398806834215,12.263959884643555,95900,0.0,0.0
2006-01-30 00:00:00-05:00,12.307546080679742,12.483642531708584,12.291854989404154,12.396466255187988,90300,0.0,0.0
2006-01-31 00:00:00-05:00,12.420880260499969,12.422624159155124,12.250015438032662,12.340678215026855,64100,0.0,0.0
2006-02-01 00:00:00-05:00,12.518520659882027,12.518520659882027,12.16109719936,12.239555358886719,105800,0.0,0.0
2006-02-02 00:00:00-05:00,12.253500389030707,12.274423179689048,11.920487618165195,12.098326683044434,152100,0.0,0.0
2006-02-03 00:00:00-05:00,12.054741535125917,12.173301384635087,11.962334847900626,12.133199691772461,95000,0.0,0.0
2006-02-06 00:00:00-05:00,12.127965938184742,12.344164111158912,11.978022601853022,12.06519889831543,170900,0.0,0.0
2006-02-07 00:00:00-05:00,11.890846225380216,11.904794751969478,11.716493633628572,11.803669929504395,169400,0.0,0.0
2006-02-08 00:00:00-05:00,11.777515906649374,11.79495089652938,11.463680767991399,11.632802963256836,234600,0.0,0.0
2006-02-09 00:00:00-05:00,11.699059919397927,11.803671219843741,11.399173215969697,11.481119155883789,207400,0.0,0.0
2006-02-10 00:00:00-05:00,11.481117577711617,11.620600179269598,11.270151107253556,11.489835739135742,199800,0.0,0.0
2006-02-13 00:00:00-05:00,11.507269491338993,11.556087997560436,11.341635083772745,11.37999153137207,105700,0.0,0.0
2006-02-14 00:00:00-05:00,11.336404296915187,11.44624727491163,11.203897292335919,11.386966705322266,146100,0.0,0.0
2006-02-15 00:00:00-05:00,11.388712072978384,11.664189507343503,11.33291929274537,11.486349105834961,108100,0.0,0.0
2006-02-16 00:00:00-05:00,11.611882076609648,11.707776531941636,11.568293929677775,11.664188385009766,91900,0.0,0.0
2006-02-17 00:00:00-05:00,11.855978100312162,11.873413096183402,11.770545689399643,11.842029571533203,94900,0.0,0.0
2006-02-21 00:00:00-05:00,12.056480161391514,12.114016827212767,11.97802070885221,12.0338134765625,116900,0.0,0.0
2006-02-22 00:00:00-05:00,12.077398451033492,12.077398451033492,11.768795076538535,11.855971336364746,104100,0.0,0.0
2006-02-23 00:00:00-05:00,11.855980792665074,12.023359185407484,11.716498133610456,11.925722122192383,99300,0.0,0.0
2006-02-24 00:00:00-05:00,12.091354437998234,12.100072601445792,11.986743127652446,12.021613121032715,99800,0.0,0.0
2006-02-27 00:00:00-05:00,12.021610653070358,12.023354551442853,11.719981414659202,11.897820472717285,145500,0.0,0.0
2006-02-28 00:00:00-05:00,11.854232340736935,11.85597623911177,11.70952070053865,11.803669929504395,136600,0.0,0.0
2006-03-01 00:00:00-05:00,11.882133157717178,11.93443815368805,11.859466462278515,11.873414993286133,67000,0.0,0.0
2006-03-02 00:00:00-05:00,11.885617316419937,12.021612141812504,11.882130849447892,11.965819358825684,103600,0.0,0.0
2006-03-03 00:00:00-05:00,11.96756271903541,12.03032976334752,11.88387421342247,11.960588455200195,60900,0.0,0.0
2006-03-06 00:00:00-05:00,11.934431986184032,11.934431986184032,11.770541487258193,11.878639221191406,88000,0.0,0.0
2006-03-07 00:00:00-05:00,11.922226756533405,11.925714552408781,11.564804831161085,11.629314422607422,133200,0.0,0.0
2006-03-08 00:00:00-05:00,11.622342361622335,11.791463228520458,11.550857173071968,11.768797874450684,104500,0.0,0.0
2006-03-09 00:00:00-05:00,11.873408149905009,11.925714445933654,11.79146224022217,11.869921684265137,106500,0.0,0.0
2006-03-10 00:00:00-05:00,11.873412152567242,11.995459774376265,11.812389006765137,11.960588455200195,66200,0.0,0.0
2006-03-13 00:00:00-05:00,12.004175671235918,12.100070128742672,11.986740678108703,12.079147338867188,87400,0.0,0.0
2006-03-14 00:00:00-05:00,12.079149035952623,12.169813141279727,11.97802419932043,12.082636833190918,132900,0.0,0.0
2006-03-15 00:00:00-05:00,12.047766640836464,12.091354798965543,11.95361605965305,12.054740905761719,77300,0.0,0.0
2006-03-16 00:00:00-05:00,11.89084851780408,12.187248779047387,11.89084851780408,12.16109561920166,152700,0.0,0.0
2006-03-17 00:00:00-05:00,12.169815878418401,12.169815878418401,12.030333222023012,12.046024322509766,95500,0.0,0.0
2006-03-20 00:00:00-05:00,12.046022251375682,12.065201146587652,11.777520378818028,11.805416107177734,162200,0.0,0.0
2006-03-21 00:00:00-05:00,11.76182603181298,11.995459203456099,11.716493984144062,11.899564743041992,126900,0.0,0.0
2006-03-22 00:00:00-05:00,11.866435377732003,12.028583319526133,11.855974649295133,11.969304084777832,95700,0.0,0.0
2006-03-23 00:00:00-05:00,11.986740678108703,12.110530858578059,11.986740678108703,12.079147338867188,78500,0.0,0.0
2006-03-24 00:00:00-05:00,12.03904977531794,12.082637933331105,11.929206765793555,12.0303316116333,112900,0.0,0.0
2006-03-27 00:00:00-05:00,12.030330525954676,12.059970151479593,11.965819579043185,12.051253318786621,85800,0.0,0.0
2006-03-28 00:00:00-05:00,12.107047088672836,12.204684136096002,12.087868192899712,12.194223403930664,100500,0.0,0.0
2006-03-29 00:00:00-05:00,12.204683220022739,12.377291938819972,12.178530061367423,12.337191581726074,108500,0.0,0.0
2006-03-30 00:00:00-05:00,12.373804317709197,12.52374766112986,12.36857395250693,12.488876342773438,95500,0.0,0.0
2006-03-31 00:00:00-05:00,12.483645675669571,12.485389574096414,12.239551773896851,12.32498550415039,97400,0.0,0.0
2006-04-03 00:00:00-04:00,12.48364597757117,12.596975434371176,12.448775989419529,12.488876342773438,119400,0.0,0.0
2006-04-04 00:00:00-04:00,12.49062059728082,12.588257631052329,12.415648923433462,12.553387641906738,70300,0.0,0.0
2006-04-05 00:00:00-04:00,12.553390974851,12.725999728297753,12.535955975649186,12.684155464172363,124800,0.0,0.0
2006-04-06 00:00:00-04:00,12.74517402128209,12.85850347045244,12.727739028380043,12.837580680847168,124400,0.0,0.0
2006-04-07 00:00:00-04:00,12.837577190303739,12.846295349486637,12.640559296690942,12.783528327941895,135600,0.0,0.0
2006-04-10 00:00:00-04:00,12.839325050451645,12.989268389281204,12.828864320367405,12.975319862365723,188800,0.0,0.0
2006-04-11 00:00:00-04:00,12.971832275390625,13.041573573739882,12.902090977041368,12.971832275390625,188000,0.0,0.0
2006-04-12 00:00:00-04:00,12.971473210527304,12.985846982638952,12.723506791876348,12.8097562789917,160300,2.208,0.0
2006-04-13 00:00:00-04:00,12.764833460636911,12.917565566832305,12.57796073661482,12.829520225524902,95900,0.0,0.0
2006-04-17 00:00:00-04:00,13.027178337718787,13.117020946944434,12.975069459861182,13.106240272521973,158400,0.0,0.0
2006-04-18 00:00:00-04:00,13.151163666442478,13.2913179397583,13.133194045031,13.2913179397583,136200,0.0,0.0
2006-04-19 00:00:00-04:00,13.246389934174498,13.294904323156512,13.079282684075864,13.260765075683594,160400,0.0,0.0
2006-04-20 00:00:00-04:00,13.293118344140677,13.296711446745508,12.854685798292927,13.122416496276855,149700,0.0,0.0
2006-04-21 00:00:00-04:00,13.294905568986142,13.476387977600098,13.172719596487005,13.476387977600098,190600,0.0,0.0
2006-04-24 00:00:00-04:00,13.463807188016917,13.465604423211456,13.084671444407302,13.13498306274414,142200,0.0,0.0
2006-04-25 00:00:00-04:00,13.120612376476316,13.29311137059483,13.045144923355247,13.161940574645996,157100,0.0,0.0
2006-04-26 00:00:00-04:00,13.126001608376288,13.318264676528027,12.937331640266802,12.939128875732422,130800,0.0,0.0
2006-04-27 00:00:00-04:00,12.676790242379807,13.081081905194184,12.577962843113964,12.885224342346191,160400,0.0,0.0
2006-04-28 00:00:00-04:00,12.92116049023658,13.170922752513338,12.92116049023658,13.088266372680664,91900,0.0,0.0
2006-05-01 00:00:00-04:00,13.206858917166974,13.350607589791034,13.170922434455429,13.278733253479004,101400,0.0,0.0
2006-05-02 00:00:00-04:00,13.323653809766283,13.43146462286232,13.314669004137919,13.368575096130371,87600,0.0,0.0
2006-05-03 00:00:00-04:00,13.413492245606017,13.426070147073226,13.242790587535685,13.296696662902832,108100,0.0,0.0
2006-05-04 00:00:00-04:00,13.296705922496336,13.298503158497056,13.036162908857234,13.129598617553711,114800,0.0,0.0
2006-05-05 00:00:00-04:00,13.174518540922106,13.296704529269885,13.108034524755626,13.273345947265625,97700,0.0,0.0
2006-05-08 00:00:00-04:00,13.099054780306403,13.296708277825887,13.097257543987327,13.2913179397583,125200,0.0,0.0
2006-05-09 00:00:00-04:00,13.246388843286047,13.431464319584936,13.22482613279817,13.395527839660645,113600,0.0,0.0
2006-05-10 00:00:00-04:00,13.413499054010854,13.422482490539549,13.287718604606868,13.42248249053955,59600,0.0,0.0
2006-05-11 00:00:00-04:00,13.453028600466373,13.539276710708087,13.341623306274414,13.341623306274414,137700,0.0,0.0
2006-05-12 00:00:00-04:00,13.323655901454297,13.327249001736405,13.036159897767751,13.07029914855957,97000,0.0,0.0
2006-05-15 00:00:00-04:00,12.89061905222137,12.92655692364299,12.63187323243382,12.739684104919434,137800,0.0,0.0
2006-05-16 00:00:00-04:00,12.847489701596999,12.9409253871447,12.739678873383786,12.851082801818848,74300,0.0,0.0
2006-05-17 00:00:00-04:00,12.852886281383993,12.926557895168056,12.595936307688644,12.644452095031738,126400,0.0,0.0
2006-05-18 00:00:00-04:00,12.664214975657833,12.757650687359817,12.468357371961208,12.570777893066406,137600,0.0,0.0
2006-05-19 00:00:00-04:00,12.506088933293036,12.542026793779062,12.258123864940883,12.484527587890625,148100,0.0,0.0
2006-05-22 00:00:00-04:00,12.430621693237487,12.430621693237487,12.04789272607828,12.38031005859375,189100,0.0,0.0
2006-05-23 00:00:00-04:00,12.559994463081248,12.982254365497456,12.559994463081248,12.777413368225098,168600,0.0,0.0
2006-05-24 00:00:00-04:00,12.781005081190859,12.937331665671088,12.559993099600147,12.840301513671875,106400,0.0,0.0
2006-05-25 00:00:00-04:00,12.883431487882143,13.072101543044825,12.883431487882143,13.025382995605469,103100,0.0,0.0
2006-05-26 00:00:00-04:00,13.117017786045752,13.260766474522438,13.045143441807408,13.212250709533691,79600,0.0,0.0
2006-05-30 00:00:00-04:00,13.384747135844156,13.38654437128653,13.117016632267338,13.187093734741211,121400,0.0,0.0
2006-05-31 00:00:00-04:00,13.187096257298286,13.321860152586842,13.099050896225416,13.197876930236816,107400,0.0,0.0
2006-06-01 00:00:00-04:00,13.152958239834767,13.206864356994629,12.955304761731115,13.206864356994629,159900,0.0,0.0
2006-06-02 00:00:00-04:00,13.314671787563123,13.38654613494873,13.215845759435918,13.38654613494873,87300,0.0,0.0
2006-06-05 00:00:00-04:00,13.45842061506644,13.584199696064873,13.35420287887393,13.41529655456543,138600,0.0,0.0
2006-06-06 00:00:00-04:00,13.460220153798627,13.472798064050542,13.02717812633092,13.145771026611328,142300,0.0,0.0
2006-06-07 00:00:00-04:00,13.115219566471552,13.1870939053175,12.883425543410093,12.939128875732422,99900,0.0,0.0
2006-06-08 00:00:00-04:00,12.813352278513502,13.000225067138672,12.416248116768543,13.000225067138672,299400,0.0,0.0
2006-06-09 00:00:00-04:00,12.998425140600668,13.134986259961881,12.8744432997744,13.059518814086914,115600,0.0,0.0
2006-06-12 00:00:00-04:00,13.093660471599751,13.152955543251677,12.847491264343262,12.847491264343262,101800,0.0,0.0
2006-06-13 00:00:00-04:00,12.57796142352704,12.691162582818743,12.4018693604065,12.658819198608398,246700,0.0,0.0
2006-06-14 00:00:00-04:00,12.640852144020718,12.757647785246576,12.633664572311067,12.700148582458496,123600,0.0,0.0
2006-06-15 00:00:00-04:00,12.86546338336556,13.160147078140916,12.829526882398667,13.08467960357666,195600,0.0,0.0
2006-06-16 00:00:00-04:00,13.224831921161169,13.258972551654407,12.901399347613168,13.214051246643066,103700,0.0,0.0
2006-06-19 00:00:00-04:00,13.206863213891852,13.208660449878824,13.009209752895838,13.117020606994629,103900,0.0,0.0
2006-06-20 00:00:00-04:00,13.206867099252422,13.332646237556052,13.117024465924175,13.163743019104004,102700,0.0,0.0
2006-06-21 00:00:00-04:00,13.154751353361352,13.593183614250448,13.147563781933277,13.476387977600098,141700,0.0,0.0
2006-06-22 00:00:00-04:00,13.519513725230748,13.71896440190187,13.395531872543557,13.709980964660645,144200,0.0,0.0
2006-06-23 00:00:00-04:00,13.709983169797955,14.008259929433386,13.695608022832772,13.907636642456055,149300,0.0,0.0
2006-06-26 00:00:00-04:00,13.889666070613174,14.141224245973717,13.763885612043664,14.130443572998047,139000,0.0,0.0
2006-06-27 00:00:00-04:00,14.189741102651872,14.265208561038582,14.069352342241261,14.159194946289062,136600,0.0,0.0
2006-06-28 00:00:00-04:00,14.195127098215506,14.326297863200269,14.177158857079094,14.288562774658203,120000,0.0,0.0
2006-06-29 00:00:00-04:00,14.302942097901012,14.373019218444824,14.267005605120865,14.373019218444824,116000,0.0,0.0
2006-06-30 00:00:00-04:00,14.37302163729017,14.374818873498434,14.30294450495303,14.356850624084473,106600,0.0,0.0
2006-07-03 00:00:00-04:00,14.37481805820491,14.662314145191113,14.31372573948449,14.655126571655273,104600,0.0,0.0
2006-07-05 00:00:00-04:00,14.707230768462397,15.039648056030273,14.59043513475232,15.039648056030273,225400,0.0,0.0
2006-07-06 00:00:00-04:00,15.03965487780658,15.2930117383532,15.003718376159668,15.003718376159668,239600,0.0,0.0
2006-07-07 00:00:00-04:00,15.003714772222994,15.174415170377582,14.850982620575836,14.964183807373047,169400,0.0,0.0
2006-07-10 00:00:00-04:00,14.965976607160755,15.434954967706249,14.79168178883456,15.309174537658691,308600,0.0,0.0
2006-07-11 00:00:00-04:00,15.354097089939978,15.918308408990308,15.354097089939978,15.769170761108398,330900,0.0,0.0
2006-07-12 00:00:00-04:00,15.893154070300868,16.11237021541771,15.695500640911463,15.961435317993164,328400,0.0,0.0
2006-07-13 00:00:00-04:00,16.473219305700134,16.575020664019355,15.940153841033073,16.401033401489258,320200,2.595,0.0
2006-07-14 00:00:00-04:00,16.54355099970345,16.935947225205123,15.788375409774932,16.660160064697266,550800,0.0,0.0
2006-07-17 00:00:00-04:00,16.65831019256095,16.660161511315565,15.434849742113688,15.551457405090332,513200,0.0,0.0
2006-07-18 00:00:00-04:00,15.695834868177196,16.251112025134272,15.642157906880872,16.123397827148438,320500,0.0,0.0
2006-07-19 00:00:00-04:00,16.123394652087043,16.158562650321322,15.549608651984748,15.921643257141113,192300,0.0,0.0
2006-07-20 00:00:00-04:00,15.917935605758725,15.936444550778884,15.642148512174986,15.769861221313477,181900,0.0,0.0
2006-07-21 00:00:00-04:00,16.101178011896035,16.101178011896035,15.723589568489293,15.777266502380371,171700,0.0,0.0
2006-07-24 00:00:00-04:00,15.625493497376882,15.669916671436479,15.199782003706721,15.26086139678955,455100,0.0,0.0
2006-07-25 00:00:00-04:00,15.40893193562815,15.636596055839368,15.366360090919972,15.571812629699707,236500,0.0,0.0
2006-07-26 00:00:00-04:00,15.573664488427188,16.178917041130383,15.54775168192867,16.11228370666504,182300,0.0,0.0
2006-07-27 00:00:00-04:00,16.149300410829742,16.584266958950924,16.047499098397534,16.10302734375,324900,0.0,0.0
2006-07-28 00:00:00-04:00,16.10302968885916,16.24184891031484,15.736546322873613,15.993825912475586,208800,0.0,0.0
2006-07-31 00:00:00-04:00,15.993837387653684,16.38808375107855,15.993837387653684,16.269624710083008,150300,0.0,0.0
2006-08-01 00:00:00-04:00,16.417682594972188,16.454701893575965,16.103026323620256,16.301074981689453,109100,0.0,0.0
2006-08-02 00:00:00-04:00,16.3473545515663,16.621291821685197,16.165963446574512,16.273317337036133,158800,0.0,0.0
2006-08-03 00:00:00-04:00,16.236298043203654,16.48432106664222,16.130795480493735,16.389925003051758,127900,0.0,0.0
2006-08-04 00:00:00-04:00,16.436201673232983,16.51949266804677,16.143755413696756,16.26776695251465,121600,0.0,0.0
2006-08-07 00:00:00-04:00,12.771372418899336,14.992480665664438,12.771372418899336,14.224347114562988,4559400,0.0,0.0
2006-08-08 00:00:00-04:00,13.382173819014897,13.918940357863509,13.049007115050356,13.62464427947998,3255200,0.0,0.0
2006-08-09 00:00:00-04:00,13.47472110960965,14.21509037031035,13.326646692612591,14.159562110900879,1640600,0.0,0.0
2006-08-10 00:00:00-04:00,14.159564002315784,14.159564002315784,13.706088334418874,13.930049896240234,680100,0.0,0.0
2006-08-11 00:00:00-04:00,13.92079189924446,14.52049056384455,13.92079189924446,14.437199592590332,743200,0.0,0.0
2006-08-14 00:00:00-04:00,14.764814797629953,14.766666116361785,14.057762141310391,14.185476303100586,830800,0.0,0.0
2006-08-15 00:00:00-04:00,14.409435619883718,14.496429228923283,14.183622782498178,14.48347282409668,357600,0.0,0.0
2006-08-16 00:00:00-04:00,14.492730878320108,14.501984648093016,14.078123017360943,14.122546195983887,351900,0.0,0.0
2006-08-17 00:00:00-04:00,14.048505019129173,14.063312741164964,13.881921676581772,13.933747291564941,298700,0.0,0.0
2006-08-18 00:00:00-04:00,13.933751088251697,14.268767770780183,13.920794680975526,14.189179420471191,287000,0.0,0.0
2006-08-21 00:00:00-04:00,14.437200000472469,14.479771852585678,14.303933312986889,14.346505165100098,330900,0.0,0.0
2006-08-22 00:00:00-04:00,14.363164504938249,14.603785098449553,14.252109389526266,14.566765785217285,304500,0.0,0.0
2006-08-23 00:00:00-04:00,14.58528260271097,14.668573623095307,14.290984933876446,14.361319541931152,243300,0.0,0.0
2006-08-24 00:00:00-04:00,14.23359588310933,14.529743233464938,14.231744565004682,14.500127792358398,185900,0.0,0.0
2006-08-25 00:00:00-04:00,14.539004713315707,14.668568793957355,14.459414946023674,14.466818809509277,203700,0.0,0.0
2006-08-28 00:00:00-04:00,14.468665145178264,14.511236996677438,14.287275477049795,14.322442054748535,218100,0.0,0.0
2006-08-29 00:00:00-04:00,14.307639891541983,14.307639891541983,14.11144103107431,14.279875755310059,193600,0.0,0.0
2006-08-30 00:00:00-04:00,14.279870879956247,14.352056762228374,13.8819221622111,14.068865776062012,352200,0.0,0.0
2006-08-31 00:00:00-04:00,14.166966772142615,14.546405192370978,14.166966772142615,14.48902702331543,292100,0.0,0.0
2006-09-01 00:00:00-04:00,14.564914987875424,14.56676489431709,14.252108517870388,14.413139343261719,208500,0.0,0.0
2006-09-05 00:00:00-04:00,14.261363418989786,14.352058257834267,14.17066716800301,14.305785179138184,195900,0.0,0.0
2006-09-06 00:00:00-04:00,14.17807042525147,14.287275620629806,13.974469170102267,13.978170394897461,252900,0.0,0.0
2006-09-07 00:00:00-04:00,14.714843488665602,14.714843488665602,13.800486724402472,14.057765007019043,277400,0.0,0.0
2006-09-08 00:00:00-04:00,14.067014832690484,14.148455896765244,13.976320000879527,13.985573768615723,181800,0.0,0.0
2006-09-11 00:00:00-04:00,13.881922244755224,13.902282510352236,13.419191503263383,13.469165802001953,420800,0.0,0.0
2006-09-12 00:00:00-04:00,13.345156809230874,13.75976323609614,13.345156809230874,13.402536392211914,303300,0.0,0.0
2006-09-13 00:00:00-04:00,13.400681739457958,13.741250866615047,13.400681739457958,13.676468849182129,285600,0.0,0.0
2006-09-14 00:00:00-04:00,13.78938038029196,13.78938038029196,13.48397771360194,13.524698257446289,183800,0.0,0.0
2006-09-15 00:00:00-04:00,13.511733569129039,13.650552749633789,13.345150270094992,13.650552749633789,197800,0.0,0.0
2006-09-18 00:00:00-04:00,13.558006629297289,13.733843693079947,13.485820768406157,13.650552749633789,235800,0.0,0.0
2006-09-19 00:00:00-04:00,13.72459916428534,13.778276119659365,13.38217857103707,13.478425979614258,186800,0.0,0.0
2006-09-20 00:00:00-04:00,13.456212651734944,13.47657292225552,12.9009356276665,12.919445991516113,443200,0.0,0.0
2006-09-21 00:00:00-04:00,12.873167595246324,13.011986793992437,12.780621462748915,12.817639350891113,395400,0.0,0.0
2006-09-22 00:00:00-04:00,12.77137207369083,12.778775937103699,12.371571922251213,12.540006637573242,475800,0.0,0.0
2006-09-25 00:00:00-04:00,12.547408287439168,12.612190315695083,12.279023581604235,12.447458267211914,375000,0.0,0.0
2006-09-26 00:00:00-04:00,12.44745807082329,13.234100402436656,12.44190552736643,13.200783729553223,451400,0.0,0.0
2006-09-27 00:00:00-04:00,13.502478392238698,13.741247552163875,13.345150270094992,13.650552749633789,462000,0.0,0.0
2006-09-28 00:00:00-04:00,13.75235702221415,13.770865967857558,13.569114647560934,13.733846664428711,236400,0.0,0.0
2006-09-29 00:00:00-04:00,13.713491912887648,13.743107367535028,13.437704699161284,13.604288101196289,217200,0.0,0.0
2006-10-02 00:00:00-04:00,13.659812990169204,13.715339835669674,13.483974449062082,13.495080947875977,158900,0.0,0.0
2006-10-03 00:00:00-04:00,13.4191916634551,13.4191916634551,12.919443021535022,12.974969863891602,273200,0.0,0.0
2006-10-04 00:00:00-04:00,12.937955175200974,13.391430854797363,12.91019104107124,13.391430854797363,252700,0.0,0.0
2006-10-05 00:00:00-04:00,13.45621154005829,13.678323178621548,13.43770258988028,13.595030784606934,250900,0.0,0.0
2006-10-06 00:00:00-04:00,13.604284093642992,13.659812348678,13.439552059085901,13.576519966125488,126600,0.0,0.0
2006-10-09 00:00:00-04:00,13.604287132047993,13.863416693182169,13.602435813228766,13.607988357543945,169900,0.0,0.0
2006-10-10 00:00:00-04:00,13.567266523394235,13.761612596388087,13.54875616317768,13.665365219116211,176700,0.0,0.0
2006-10-11 00:00:00-04:00,13.57651907118263,13.639451183550069,13.295179414168114,13.408085823059082,244400,0.0,0.0
2006-10-12 00:00:00-04:00,13.337755402416807,13.493233723708714,13.271122037883515,13.474724769592285,219100,0.0,0.0
2006-10-13 00:00:00-04:00,13.472864368044716,13.769011670693171,13.472864368044716,13.650552749633789,250500,0.0,0.0
2006-10-16 00:00:00-04:00,13.678018446425993,13.712109383187856,13.45642807995379,13.636351585388184,541000,1.675,0.0
2006-10-17 00:00:00-04:00,13.598473520467765,13.731048583984375,13.579532987142688,13.731048583984375,278600,0.0,0.0
2006-10-18 00:00:00-04:00,13.712111976122683,13.740521336289694,13.598475980414722,13.645824432373047,152000,0.0,0.0
2006-10-19 00:00:00-04:00,13.693169820990914,13.958319936671929,13.657184543165737,13.909078598022461,175000,0.0,0.0
2006-10-20 00:00:00-04:00,13.948858034819564,14.013251253439233,13.77461603094937,13.89203929901123,145300,0.0,0.0
2006-10-23 00:00:00-04:00,13.87309822898047,13.87309822898047,13.657189375552887,13.770825386047363,232500,0.0,0.0
2006-10-24 00:00:00-04:00,13.58900235866755,13.873093000312167,13.541653918393447,13.844683647155762,165200,0.0,0.0
2006-10-25 00:00:00-04:00,13.89203049912042,14.043546068658298,13.844682064259777,14.01513671875,208600,0.0,0.0
2006-10-26 00:00:00-04:00,14.043552992652213,14.10037027552228,13.98483992190479,14.071962356567383,163500,0.0,0.0
2006-10-27 00:00:00-04:00,14.071958566575182,14.147714923331858,13.986730497784096,14.032184600830078,190100,0.0,0.0
2006-10-30 00:00:00-05:00,13.986736828797481,13.986736828797481,13.55113180043303,13.558706283569336,228600,0.0,0.0
2006-10-31 00:00:00-05:00,13.558702734553442,13.778400256974042,13.446961075534805,13.702642440795898,178800,0.0,0.0
2006-11-01 00:00:00-05:00,13.704538939887142,13.708326181059876,13.498098894443666,13.619312286376953,193200,0.0,0.0
2006-11-02 00:00:00-05:00,13.522715849332245,13.676124344982572,13.44885239254062,13.513245582580566,131900,0.0,0.0
2006-11-03 00:00:00-05:00,13.551127056126946,13.842792238459255,13.551127056126946,13.8257474899292,133900,0.0,0.0
2006-11-06 00:00:00-05:00,13.806808776016018,13.958322954165068,13.681808170206983,13.910974502563477,133000,0.0,0.0
2006-11-07 00:00:00-05:00,14.009462165410245,14.009462165410245,13.749992092028966,13.873098373413086,103800,0.0,0.0
2006-11-08 00:00:00-05:00,13.863627736584208,13.948855826805653,13.787871360778809,13.787871360778809,97400,0.0,0.0
2006-11-09 00:00:00-05:00,13.835215831712745,14.075745290006196,13.82385122264829,13.905290603637695,137100,0.0,0.0
2006-11-10 00:00:00-05:00,13.88635151514338,13.962109314080474,13.78597304565966,13.905290603637695,97800,0.0,0.0
2006-11-13 00:00:00-05:00,13.874990745656422,13.958323038405295,13.797338590980338,13.865520477294922,105900,0.0,0.0
2006-11-14 00:00:00-05:00,13.867408683432192,13.939377778267973,13.787863666251681,13.806802749633789,75100,0.0,0.0
2006-11-15 00:00:00-05:00,13.854154205763761,14.106048260131772,13.79733549825106,14.068168640136719,146200,0.0,0.0
2006-11-16 00:00:00-05:00,14.068172606985307,14.204536387498923,13.72726460066143,13.763248443603516,197000,0.0,0.0
2006-11-17 00:00:00-05:00,13.732947434659746,13.977265656169605,13.731053091713385,13.941280364990234,108200,0.0,0.0
2006-11-20 00:00:00-05:00,13.920443734204284,13.994307197605306,13.831428420628702,13.916656494140625,80800,0.0,0.0
2006-11-21 00:00:00-05:00,13.954533692515477,14.071958355664174,13.916655514704859,14.02271556854248,138400,0.0,0.0
2006-11-22 00:00:00-05:00,14.017037141622264,14.060596911413857,13.878779016067666,13.986733436584473,71700,0.0,0.0
2006-11-24 00:00:00-05:00,14.015138140272708,14.153396219871182,13.981047205916898,14.081425666809082,41000,0.0,0.0
2006-11-27 00:00:00-05:00,14.106053747038773,14.142037593831207,13.924234390258789,13.924234390258789,85500,0.0,0.0
2006-11-28 00:00:00-05:00,13.952643412005408,14.193174390501351,13.952643412005408,14.140144348144531,108500,0.0,0.0
2006-11-29 00:00:00-05:00,14.166654747187092,14.393926695981829,14.166654747187092,14.348472595214844,158300,0.0,0.0
2006-11-30 00:00:00-05:00,14.346579852949755,14.462110182543904,14.285973896847905,14.43748950958252,115800,0.0,0.0
2006-12-01 00:00:00-05:00,14.4374930772209,14.4374930772209,14.251886478003886,14.40718936920166,107500,0.0,0.0
2006-12-04 00:00:00-05:00,14.284077008131808,14.414759164696804,14.265137921155942,14.37498664855957,84500,0.0,0.0
2006-12-05 00:00:00-05:00,14.426125821868071,14.573852759002591,14.39203487907087,14.517035484313965,104900,0.0,0.0
2006-12-06 00:00:00-05:00,14.505666977758441,14.507561319894002,14.204531601389625,14.223470687866211,149200,0.0,0.0
2006-12-07 00:00:00-05:00,14.25188716607873,14.384462282662746,14.249992822995987,14.289765357971191,75300,0.0,0.0
2006-12-08 00:00:00-05:00,14.441279764996459,14.441279764996459,14.299234390258787,14.299234390258789,63800,0.0,0.0
2006-12-11 00:00:00-05:00,14.312487608283552,14.384456723047212,14.270820746329914,14.285972595214844,70400,0.0,0.0
2006-12-12 00:00:00-05:00,14.28597225552088,14.342790965008405,14.242411052252471,14.261351585388184,47200,0.0,0.0
2006-12-13 00:00:00-05:00,14.225368136737304,14.34468570806174,14.204534703575261,14.280292510986328,111500,0.0,0.0
2006-12-14 00:00:00-05:00,14.299233255183387,14.428021109187418,14.242414531814488,14.376885414123535,171700,0.0,0.0
2006-12-15 00:00:00-05:00,14.412867618481917,14.469686335391568,14.340898496028355,14.393928527832031,103100,0.0,0.0
2006-12-18 00:00:00-05:00,14.310590749567686,14.393924458821616,14.204530715942383,14.204530715942383,127700,0.0,0.0
2006-12-19 00:00:00-05:00,14.20642631804284,14.393925735535436,14.130668525179658,14.37498664855957,153600,0.0,0.0
2006-12-20 00:00:00-05:00,14.373095094629159,14.486731083488467,14.29923162962261,14.393928527832031,163400,0.0,0.0
2006-12-21 00:00:00-05:00,14.412867618481917,14.509458859244324,14.301125972175598,14.393928527832031,121100,0.0,0.0
2006-12-22 00:00:00-05:00,14.431806763780925,14.498095748746533,14.314383534330991,14.428019523620605,125800,0.0,0.0
2006-12-26 00:00:00-05:00,14.428018044505993,14.441275551147998,14.242411506558083,14.354154586791992,88500,0.0,0.0
2006-12-27 00:00:00-05:00,14.374990482976107,14.50756557213026,14.346581122454474,14.488626480102539,98100,0.0,0.0
2006-12-28 00:00:00-05:00,14.488621298575636,14.676120699027342,14.471576555334382,14.535969734191895,103700,0.0,0.0
2006-12-29 00:00:00-05:00,14.535976175809271,14.611733995359279,14.481051792759521,14.579537391662598,109600,0.0,0.0
2007-01-03 00:00:00-05:00,14.579533625681119,14.579533625681119,14.392032745611406,14.433699607849121,238700,0.0,0.0
2007-01-04 00:00:00-05:00,14.429913150440585,14.429913150440585,14.037868067613303,14.11173152923584,256000,0.0,0.0
2007-01-05 00:00:00-05:00,13.967789646470642,14.015138085950204,13.666654264961288,13.994304656982422,208200,0.0,0.0
2007-01-08 00:00:00-05:00,14.053021198972143,14.15718838042423,13.87309764369331,13.95643138885498,181000,0.0,0.0
2007-01-09 00:00:00-05:00,13.882565852589524,13.888247435287306,13.751883670700582,13.854156494140625,247700,0.0,0.0
2007-01-10 00:00:00-05:00,13.749982961115384,13.81437757344515,13.568165174178507,13.712104797363281,264000,0.0,0.0
2007-01-11 00:00:00-05:00,13.729159630270846,13.948857187425254,13.70453895022853,13.820069313049316,264700,0.0,0.0
2007-01-12 00:00:00-05:00,13.863306348307033,13.954845697544881,13.779557740060906,13.87693977355957,187200,2.012,0.0
2007-01-16 00:00:00-05:00,13.945105817072593,13.945105817072593,13.684122700807185,13.734760284423828,191200,0.0,0.0
2007-01-17 00:00:00-05:00,13.61205624301931,13.812662931193168,13.610108186901003,13.767868041992188,181100,0.0,0.0
2007-01-18 00:00:00-05:00,13.767874771873045,13.867203393487967,13.654911236696526,13.750345230102539,146100,0.0,0.0
2007-01-19 00:00:00-05:00,13.886678668212404,13.886678668212404,13.682175802065,13.818510055541992,127800,0.0,0.0
2007-01-22 00:00:00-05:00,13.925625838925995,14.118441780634955,13.847719942640833,13.896410942077637,168400,0.0,0.0
2007-01-23 00:00:00-05:00,13.89835970240872,14.159342759368121,13.896411646271744,14.14765739440918,148000,0.0,0.0
2007-01-24 00:00:00-05:00,14.14960450396323,14.21777160488256,13.974316611648272,14.159341812133789,114700,0.0,0.0
2007-01-25 00:00:00-05:00,14.120389600075647,14.14765644042887,13.976264660218412,13.986001968383789,80700,0.0,0.0
2007-01-26 00:00:00-05:00,14.017161219407626,14.120385871477751,13.98405170571173,14.048322677612305,82500,0.0,0.0
2007-01-29 00:00:00-05:00,14.04833222940821,14.061965655254504,13.871097693406398,13.904207229614258,114900,0.0,0.0
2007-01-30 00:00:00-05:00,13.925630547685705,14.198300533917676,13.904206381814715,14.178824424743652,119200,0.0,0.0
2007-01-31 00:00:00-05:00,14.178819161209002,14.256723568985018,14.09117447356399,14.237247467041016,102900,0.0,0.0
2007-02-01 00:00:00-05:00,14.252834746805936,14.313211133197363,14.169086137005602,14.276206970214844,74500,0.0,0.0
2007-02-02 00:00:00-05:00,14.39500831229077,14.412536359480889,14.215824298513658,14.381373405456543,98600,0.0,0.0
2007-02-05 00:00:00-05:00,14.354109764099121,14.496288173155833,14.346320509787747,14.354109764099121,109300,0.0,0.0
2007-02-06 00:00:00-05:00,13.925623428711381,14.061957609165477,13.037500228196418,13.0686616897583,1254600,0.0,0.0
2007-02-07 00:00:00-05:00,12.513587764218446,12.994655111346777,12.513587764218446,12.683032989501953,760100,0.0,0.0
2007-02-08 00:00:00-05:00,12.564224888106434,12.659658823174226,12.513585836752984,12.550591468811035,460900,0.0,0.0
2007-02-09 00:00:00-05:00,12.503850721160925,12.737568459739263,12.46879313467076,12.66161060333252,280100,0.0,0.0
2007-02-12 00:00:00-05:00,12.564232087213865,12.620713852638326,12.12796019088728,12.20002269744873,418100,0.0,0.0
2007-02-13 00:00:00-05:00,12.141592352207656,12.388942814311298,11.99551929731727,12.318827629089355,309000,0.0,0.0
2007-02-14 00:00:00-05:00,12.326616376673655,12.33830174367672,12.223390929362832,12.328563690185547,209400,0.0,0.0
2007-02-15 00:00:00-05:00,12.445418341920115,12.445418341920115,12.27013046663903,12.283763885498047,160300,0.0,0.0
2007-02-16 00:00:00-05:00,12.085104645255788,12.219492265117289,11.792958679248159,11.868916511535645,600600,0.0,0.0
2007-02-20 00:00:00-05:00,11.491078621518296,11.783224688167067,10.947686759239776,11.004168510437012,1395200,0.0,0.0
2007-02-21 00:00:00-05:00,10.702287042863952,10.95353290076833,10.673072131771425,10.807459831237793,909800,0.0,0.0
2007-02-22 00:00:00-05:00,10.778242216858741,11.370325088500977,10.778242216858741,11.370325088500977,662000,0.0,0.0
2007-02-23 00:00:00-05:00,11.644939162398426,11.851388516690198,11.514446902509901,11.775430679321289,664800,0.0,0.0
2007-02-26 00:00:00-05:00,12.024729972830238,12.10458318501037,11.880604282498295,11.946824073791504,428500,0.0,0.0
2007-02-27 00:00:00-05:00,11.882551370682746,11.98188142722493,11.748164477499104,11.750112533569336,314100,0.0,0.0
2007-02-28 00:00:00-05:00,11.783225866464468,12.102638812399862,11.77348781186223,12.026680946350098,275000,0.0,0.0
2007-03-01 00:00:00-05:00,11.754009817605185,12.071475418959741,11.746219820459881,12.014993667602539,180700,0.0,0.0
2007-03-02 00:00:00-05:00,12.108477049647107,12.118215843638646,11.880603535185914,11.89813232421875,168700,0.0,0.0
2007-03-05 00:00:00-05:00,11.744269204114152,11.781274840093372,11.385903409735798,11.417065620422363,336200,0.0,0.0
2007-03-06 00:00:00-05:00,11.604043692638639,11.773488226171327,11.604043692638639,11.693634986877441,225600,0.0,0.0
2007-03-07 00:00:00-05:00,11.79295976112507,12.026676703965304,11.711159239762111,11.890341758728027,244800,0.0,0.0
2007-03-08 00:00:00-05:00,11.99746382728532,12.01694067586427,11.896187186537999,11.952668190002441,125900,0.0,0.0
2007-03-09 00:00:00-05:00,12.001361765859452,12.024733989156951,11.907875101567345,11.939037322998047,105900,0.0,0.0
2007-03-12 00:00:00-04:00,11.939033014305325,11.939033014305325,11.755955122341906,11.87281322479248,131700,0.0,0.0
2007-03-13 00:00:00-04:00,11.958510234658233,11.977986338021573,11.765693542311993,11.804646492004395,124700,0.0,0.0
2007-03-14 00:00:00-04:00,11.78711904334373,11.861129581886239,11.63715065288703,11.80854320526123,99700,0.0,0.0
2007-03-15 00:00:00-04:00,11.80854328967603,11.829967451746683,11.728690067481834,11.798805236816406,93800,0.0,0.0
2007-03-16 00:00:00-04:00,11.847494922742664,11.865022970155614,11.685840440032006,11.705316543579102,143900,0.0,0.0
2007-03-19 00:00:00-04:00,11.734532314811293,11.775432581082251,11.685841309355645,11.763747215270996,126200,0.0,0.0
2007-03-20 00:00:00-04:00,11.859184003201767,11.876712799072266,11.808545672334743,11.876712799072266,110600,0.0,0.0
2007-03-21 00:00:00-04:00,11.890340906394728,12.053942680358887,11.890340906394728,12.053942680358887,93500,0.0,0.0
2007-03-22 00:00:00-04:00,12.090949472078574,12.379200102814337,12.085106046864096,12.34024715423584,202600,0.0,0.0
2007-03-23 00:00:00-04:00,12.443473740868459,12.560331861522888,12.410364212437168,12.525274276733398,210900,0.0,0.0
2007-03-26 00:00:00-04:00,12.63434229165516,12.698613287824582,12.603179335752332,12.696666717529297,148600,0.0,0.0
2007-03-27 00:00:00-04:00,12.696663761186821,12.737564016837263,12.614861763954762,12.657710075378418,104800,0.0,0.0
2007-03-28 00:00:00-04:00,12.786259402852243,12.951808538107887,12.75704449994085,12.88753604888916,221000,0.0,0.0
2007-03-29 00:00:00-04:00,12.986864303026199,13.016079201840244,12.854424716209808,12.949858665466309,168900,0.0,0.0
2007-03-30 00:00:00-04:00,12.971284857502264,13.006342444384638,12.875850893295915,12.947914123535156,143500,0.0,0.0
2007-04-02 00:00:00-04:00,13.031663548385902,13.058930397033691,12.95180957310894,13.058930397033691,119500,0.0,0.0
2007-04-03 00:00:00-04:00,13.05893053357643,13.05893053357643,12.795997869544992,12.815475463867188,204700,0.0,0.0
2007-04-04 00:00:00-04:00,12.718089048308245,12.757041251650685,12.462947955807596,12.649920463562012,204600,0.0,0.0
2007-04-05 00:00:00-04:00,12.657715276627735,12.725882397389384,12.644081852475404,12.69277286529541,171700,0.0,0.0
2007-04-09 00:00:00-04:00,12.741463063767496,12.93038441918363,12.714196217205547,12.858321189880371,115300,0.0,0.0
2007-04-10 00:00:00-04:00,12.907012715497183,13.018028162631591,12.870008557073549,12.932332992553711,153200,0.0,0.0
2007-04-11 00:00:00-04:00,13.049191349667872,13.222531235288919,12.9712854324835,13.03945255279541,240800,0.0,0.0
2007-04-12 00:00:00-04:00,13.127093771585656,13.19136624759423,13.02776371647526,13.185522079467773,214100,0.0,0.0
2007-04-13 00:00:00-04:00,13.208942548383419,13.228955792316624,13.058840928515426,13.098867416381836,170400,1.817,0.0
2007-04-16 00:00:00-04:00,13.118877296421845,13.12888315120188,13.008802205456998,13.070843696594238,113200,0.0,0.0
2007-04-17 00:00:00-04:00,13.0788522386049,13.0788522386049,12.90273358035597,12.964775085449219,132400,0.0,0.0
2007-04-18 00:00:00-04:00,12.962775604914567,13.07885456085205,12.94876618105402,13.07885456085205,84800,0.0,0.0
2007-04-19 00:00:00-04:00,13.06884160613169,13.070841860659499,12.748624523363079,12.79865837097168,166100,0.0,0.0
2007-04-20 00:00:00-04:00,12.78465200508626,12.958769622540327,12.748627565136301,12.778647422790527,144200,0.0,0.0
2007-04-23 00:00:00-04:00,12.788661255676505,13.052840106249251,12.768647243689786,13.008810043334961,104400,0.0,0.0
2007-04-24 00:00:00-04:00,13.01681003154223,13.056836511331767,12.830683999387464,12.918744087219238,95700,0.0,0.0
2007-04-25 00:00:00-04:00,13.022813540132965,13.09886446068366,12.926747853252667,13.088858604431152,149000,0.0,0.0
2007-04-26 00:00:00-04:00,13.038825330013424,13.068845953948385,12.930751999994982,12.988791465759277,74000,0.0,0.0
2007-04-27 00:00:00-04:00,12.82868254344067,13.048831241704148,12.810671085151212,13.002800941467285,82300,0.0,0.0
2007-04-30 00:00:00-04:00,13.002800463877875,13.032821086836693,12.8587026952054,12.874713897705078,95300,0.0,0.0
2007-05-01 00:00:00-04:00,12.810666769241879,12.858698835410818,12.79865837097168,12.79865837097168,90100,0.0,0.0
2007-05-02 00:00:00-04:00,12.838689384362212,12.884719682653213,12.798662141791075,12.842691421508789,91300,0.0,0.0
2007-05-03 00:00:00-04:00,12.848697674988715,12.946765163151131,12.78865794494116,12.866710662841797,67800,0.0,0.0
2007-05-04 00:00:00-04:00,12.816673681305051,12.976781116164284,12.78865484203188,12.794658660888672,98200,0.0,0.0
2007-05-07 00:00:00-04:00,12.770642658429788,12.85870197689036,12.770642658429788,12.810669898986816,88600,0.0,0.0
2007-05-08 00:00:00-04:00,12.810672412924543,12.844695077828076,12.72861613377923,12.826682090759277,94500,0.0,0.0
2007-05-09 00:00:00-04:00,12.810669898986816,12.842690775285105,12.728613635944045,12.810669898986816,70700,0.0,0.0
2007-05-10 00:00:00-04:00,12.808668161520119,12.896728243742483,12.728613680128172,12.746625900268555,88400,0.0,0.0
2007-05-11 00:00:00-04:00,12.748634357669436,12.898735252827262,12.732623147624778,12.840697288513184,99800,0.0,0.0
2007-05-14 00:00:00-04:00,12.944761146391203,12.994795009584287,12.888723463920922,12.918744087219238,76000,0.0,0.0
2007-05-15 00:00:00-04:00,12.898727992536653,12.936754213260684,12.774645001815571,12.81867504119873,79200,0.0,0.0
2007-05-16 00:00:00-04:00,12.818679076203185,12.83268849978836,12.708603943096344,12.738624572753906,93300,0.0,0.0
2007-05-17 00:00:00-04:00,12.828683016445645,13.084856167645741,12.816675377143273,12.992794036865234,173600,0.0,0.0
2007-05-18 00:00:00-04:00,13.206937785831887,13.21294160496585,13.088858604431152,13.088858604431152,148900,0.0,0.0
2007-05-21 00:00:00-04:00,13.110877458590753,13.288997937225997,13.110877458590753,13.240965843200684,173900,0.0,0.0
2007-05-22 00:00:00-04:00,13.110878016143815,13.359045627226367,13.088862987339182,13.260979652404785,178400,0.0,0.0
2007-05-23 00:00:00-04:00,13.280988677369853,13.35703959921521,13.228953032469178,13.262975692749023,149600,0.0,0.0
2007-05-24 00:00:00-04:00,13.262971961009281,13.357035841009159,13.140890774761145,13.172911643981934,96300,0.0,0.0
2007-05-25 00:00:00-04:00,13.222950104825427,13.29900103179872,13.222950104825427,13.26898193359375,62900,0.0,0.0
2007-05-29 00:00:00-04:00,13.268983691579175,13.292998973324895,13.164912380972309,13.206940650939941,112700,0.0,0.0
2007-05-30 00:00:00-04:00,13.208936312329183,13.258970161997096,13.14889508196292,13.228949546813965,72000,0.0,0.0
2007-05-31 00:00:00-04:00,13.276986008506794,13.307006633624185,13.190929224435987,13.26898193359375,71200,0.0,0.0
2007-06-01 00:00:00-04:00,13.307004219965123,13.417079316459043,13.294996582861112,13.381054878234863,105600,0.0,0.0
2007-06-04 00:00:00-04:00,13.42908869852949,13.671252415370553,13.42908869852949,13.59520149230957,166400,0.0,0.0
2007-06-05 00:00:00-04:00,13.649233440984618,13.709274670745344,13.569180503852852,13.689261436462402,140700,0.0,0.0
2007-06-06 00:00:00-04:00,13.767317301963626,13.767317301963626,13.449101153720274,13.519149780273438,133300,0.0,0.0
2007-06-07 00:00:00-04:00,13.469118651563248,13.639233507171499,13.447103626223202,13.47312068939209,108900,0.0,0.0
2007-06-08 00:00:00-04:00,13.449100016921605,13.479120636205115,13.296998192532833,13.459107398986816,102200,0.0,0.0
2007-06-11 00:00:00-04:00,13.409074102102707,13.697269616192637,13.409074102102707,13.619216918945312,81900,0.0,0.0
2007-06-12 00:00:00-04:00,13.617213914696409,13.641230714352062,13.49112915205635,13.54716682434082,64700,0.0,0.0
2007-06-13 00:00:00-04:00,13.569181938637671,13.605206374920895,13.52114833898533,13.557172775268555,75900,0.0,0.0
2007-06-14 00:00:00-04:00,13.669256105248072,13.829363598991858,13.573190387471575,13.775327682495117,116600,0.0,0.0
2007-06-15 00:00:00-04:00,13.84537370593473,14.049511240478752,13.819356641083948,14.001479148864746,148100,0.0,0.0
2007-06-18 00:00:00-04:00,14.10755021297701,14.199612354823902,14.005482212812856,14.129565238952637,161400,0.0,0.0
2007-06-19 00:00:00-04:00,14.249640922261651,14.295672739504578,14.149573214866802,14.261650085449219,183200,0.0,0.0
2007-06-20 00:00:00-04:00,14.311689885295639,14.311689885295639,14.029498100280762,14.029498100280762,141000,0.0,0.0
2007-06-21 00:00:00-04:00,14.079526235480431,14.249641034003258,14.079526235480431,14.169588088989258,116300,0.0,0.0
2007-06-22 00:00:00-04:00,14.219626185563552,14.283669476829564,14.127562522888184,14.127562522888184,85900,0.0,0.0
2007-06-25 00:00:00-04:00,14.159586381724667,14.209620255865037,14.033501568579494,14.13556957244873,87800,0.0,0.0
2007-06-26 00:00:00-04:00,14.185603576489749,14.185603576489749,14.035501952694126,14.045509338378906,90200,0.0,0.0
2007-06-27 00:00:00-04:00,14.069524625404902,14.187603823761968,13.949442117832447,14.16158676147461,129600,0.0,0.0
2007-06-28 00:00:00-04:00,14.249640473449604,14.409749411003327,14.195604584999618,14.38973617553711,162100,0.0,0.0
2007-06-29 00:00:00-04:00,14.46178959103821,14.509821676639179,14.417759543023791,14.453783988952637,118800,0.0,0.0
2007-07-02 00:00:00-04:00,14.45979236594543,14.755993628812725,14.451786761336805,14.66392993927002,134600,0.0,0.0
2007-07-03 00:00:00-04:00,14.74398282749547,14.840048545259426,14.709960156857045,14.74998664855957,65800,0.0,0.0
2007-07-05 00:00:00-04:00,14.810028076171875,14.888080804690569,14.677937903655442,14.810028076171875,156100,0.0,0.0
2007-07-06 00:00:00-04:00,14.886078254605792,15.17827590754553,14.848053547103595,15.136247634887695,189400,0.0,0.0
2007-07-09 00:00:00-04:00,15.09021231563951,15.590550910144055,15.07019907724177,15.46046257019043,206100,0.0,0.0
2007-07-10 00:00:00-04:00,15.590551448690768,15.804696313459461,15.43044248215376,15.464465141296387,246900,0.0,0.0
2007-07-11 00:00:00-04:00,15.76066944408087,15.76066944408087,15.460466216574568,15.690622329711914,140000,0.0,0.0
2007-07-12 00:00:00-04:00,15.810695725924518,15.890750186881187,15.618565935775615,15.700620651245117,233600,0.0,0.0
2007-07-13 00:00:00-04:00,15.203229748629578,15.72507052539298,15.008053777486024,15.651108741760254,354800,2.029,0.0
2007-07-16 00:00:00-04:00,15.653169829581092,15.799038524842581,15.135437140460404,15.192962646484375,232200,0.0,0.0
2007-07-17 00:00:00-04:00,15.258706608876818,15.39841208376043,15.205290962195225,15.223780632019043,172500,0.0,0.0
2007-07-18 00:00:00-04:00,15.223775300110148,15.747671039299858,15.223775300110148,15.4744234085083,311200,0.0,0.0
2007-07-19 00:00:00-04:00,15.819578216911356,15.819578216911356,15.462097277909269,15.505241394042969,112900,0.0,0.0
2007-07-20 00:00:00-04:00,15.644955540998087,15.714807510582006,15.439506358758987,15.534012794494629,142200,0.0,0.0
2007-07-23 00:00:00-04:00,15.53400994412847,15.694260026077908,15.421012287649981,15.480592727661133,137200,0.0,0.0
2007-07-24 00:00:00-04:00,15.404577985957621,15.404577985957621,14.531419096798064,14.728650093078613,280800,0.0,0.0
2007-07-25 00:00:00-04:00,14.790281537519002,14.79233646758172,14.22735139416714,14.738919258117676,327300,0.0,0.0
2007-07-26 00:00:00-04:00,14.997785103381833,14.997785103381833,14.484162325868756,14.636194229125977,205600,0.0,0.0
2007-07-27 00:00:00-04:00,14.514981487505763,14.771792902474186,14.434856451431815,14.669068336486816,128600,0.0,0.0
2007-07-30 00:00:00-04:00,14.771789541250946,14.831369964060787,14.558122304521492,14.664955139160156,190900,0.0,0.0
2007-07-31 00:00:00-04:00,14.812882134322823,14.997786666995456,14.627977601650189,14.683449745178223,195000,0.0,0.0
2007-08-01 00:00:00-04:00,14.627979234580529,14.792339185848803,14.449239472587893,14.667015075683594,145800,0.0,0.0
2007-08-02 00:00:00-04:00,14.720432339225596,14.7450852347731,14.586890074350167,14.627979278564453,88100,0.0,0.0
2007-08-03 00:00:00-04:00,14.590999161401841,14.627980074187175,14.1349033269864,14.141066551208496,149300,0.0,0.0
2007-08-06 00:00:00-04:00,14.143113072506944,14.143113072506944,13.354189404669576,13.785632133483887,382000,0.0,0.0
2007-08-07 00:00:00-04:00,13.641824667109747,14.13901126284517,13.61306190983267,14.081485748291016,162900,0.0,0.0
2007-08-08 00:00:00-04:00,14.196536774874483,14.37322317951808,13.820564432380362,13.847273826599121,213900,0.0,0.0
2007-08-09 00:00:00-04:00,13.70345765888043,13.976705404187436,13.473355614371473,13.563752174377441,224700,0.0,0.0
2007-08-10 00:00:00-04:00,13.456924410162886,13.795915949253052,13.374744405617813,13.787697792053223,200000,0.0,0.0
2007-08-13 00:00:00-04:00,13.861647392221785,14.47593960122136,13.861647392221785,14.188310623168945,209300,0.0,0.0
2007-08-14 00:00:00-04:00,14.278716073692182,14.44718431574843,13.980815430071026,14.044504165649414,136900,0.0,0.0
2007-08-15 00:00:00-04:00,14.042448779048888,14.104084149669452,13.832891340353628,13.941779136657715,215500,0.0,0.0
2007-08-16 00:00:00-04:00,13.65003936563845,13.793853115611734,13.251467590780619,13.672638893127441,263600,0.0,0.0
2007-08-17 00:00:00-04:00,13.744539453120296,14.073257564494073,13.744539453120296,14.0321683883667,227000,0.0,0.0
2007-08-20 00:00:00-04:00,14.073264850461614,14.081483003432085,13.785635766304765,13.919178009033203,109900,0.0,0.0
2007-08-21 00:00:00-04:00,13.861653186446397,14.034229704944398,13.826727210195966,13.902742385864258,80400,0.0,0.0
2007-08-22 00:00:00-04:00,13.970539025632876,14.104081256280113,13.86781447397381,14.0938081741333,111900,0.0,0.0
2007-08-23 00:00:00-04:00,14.124628138833751,14.408147383010343,14.075320784944891,14.319804191589355,119500,0.0,0.0
2007-08-24 00:00:00-04:00,14.33007890614652,14.638252646063648,14.33007890614652,14.590998649597168,88600,0.0,0.0
2007-08-27 00:00:00-04:00,14.597159864591244,14.679338254472379,14.490325449822066,14.539632797241211,76700,0.0,0.0
2007-08-28 00:00:00-04:00,14.525255082876567,14.634144455070428,14.424585432685104,14.467729568481445,48100,0.0,0.0
2007-08-29 00:00:00-04:00,14.568401796585698,14.734815127264353,14.568401796585698,14.617709159851074,59100,0.0,0.0
2007-08-30 00:00:00-04:00,14.586885794650383,14.77589858650521,14.560177976492268,14.632084846496582,54200,0.0,0.0
2007-08-31 00:00:00-04:00,14.792339277903364,14.95669923019447,14.607434723439038,14.710159301757812,65800,0.0,0.0
2007-09-04 00:00:00-04:00,14.823155767348892,14.913552323098592,14.708103183058975,14.882736206054688,80800,0.0,0.0
2007-09-05 00:00:00-04:00,14.882730552566686,15.110779136778277,14.804658905839002,15.04914379119873,105900,0.0,0.0
2007-09-06 00:00:00-04:00,15.059422129545313,15.408685029908915,15.01627643210337,15.219672203063965,115300,0.0,0.0
2007-09-07 00:00:00-04:00,15.12105424114389,15.291577379293678,15.03476599079785,15.100509643554688,116700,0.0,0.0
2007-09-10 00:00:00-04:00,15.049148667992245,15.129273702739624,14.993678092956543,14.993678092956543,63500,0.0,0.0
2007-09-11 00:00:00-04:00,15.05942214277934,15.088184896130914,14.80261072538851,14.893007278442383,85300,0.0,0.0
2007-09-12 00:00:00-04:00,14.89506182156229,15.145710009214076,14.849862762483777,14.993678092956543,91800,0.0,0.0
2007-09-13 00:00:00-04:00,15.141599415713854,15.231997529493809,15.055311162079741,15.147764205932617,94800,0.0,0.0
2007-09-14 00:00:00-04:00,15.14775922475584,15.24431896209717,15.069687582181663,15.244318962097168,70800,0.0,0.0
2007-09-17 00:00:00-04:00,15.305957724987621,15.330612180907984,15.073800809683359,15.27719497680664,131200,0.0,0.0
2007-09-18 00:00:00-04:00,15.21350881359506,15.283360765923458,15.13338377771132,15.192962646484375,113100,0.0,0.0
2007-09-19 00:00:00-04:00,15.326502325093578,15.388137681184054,15.225832706434542,15.375809669494629,137600,0.0,0.0
2007-09-20 00:00:00-04:00,15.400468317408095,15.408686471620609,15.357324183381873,15.390196800231934,93600,0.0,0.0
2007-09-21 00:00:00-04:00,15.402525443257833,15.534012794494629,15.367599458465875,15.534012794494629,144000,0.0,0.0
2007-09-24 00:00:00-04:00,15.550445371760498,15.550445371760498,15.408684968465815,15.41073989868164,83900,0.0,0.0
2007-09-25 00:00:00-04:00,15.229943641795646,15.324450054737312,15.063530345904068,15.28952407836914,133000,0.0,0.0
2007-09-26 00:00:00-04:00,15.283360706948564,15.445665708291314,15.211453824696074,15.38403034210205,103800,0.0,0.0
2007-09-27 00:00:00-04:00,15.511404698593115,15.548385593685191,15.334718373981191,15.396353721618652,81800,0.0,0.0
2007-09-28 00:00:00-04:00,15.402522150511627,15.43128490447998,15.36554124291624,15.43128490447998,53300,0.0,0.0
2007-10-01 00:00:00-04:00,15.521678763064761,15.60180377960205,15.44977033044485,15.60180377960205,92900,0.0,0.0
2007-10-02 00:00:00-04:00,15.560717200208893,15.60797119140625,15.515518139268602,15.60797119140625,90900,0.0,0.0
2007-10-03 00:00:00-04:00,15.614132986798518,15.653168820850276,15.501135344781526,15.558662414550781,96300,0.0,0.0
2007-10-04 00:00:00-04:00,15.470322261179545,15.766167983535434,15.408686886651862,15.757949829101562,102400,0.0,0.0
2007-10-05 00:00:00-04:00,15.776437997479633,15.819582124269719,15.741512023523713,15.77849292755127,103700,0.0,0.0
2007-10-08 00:00:00-04:00,15.815473862098031,15.942851312642453,15.725075748200142,15.838071823120117,99500,0.0,0.0
2007-10-09 00:00:00-04:00,15.973670362473202,16.092831237828808,15.907926701492956,16.086668014526367,167400,0.0,0.0
2007-10-10 00:00:00-04:00,16.035305384203863,16.281843715693945,16.02503230061991,16.14008331298828,190000,0.0,0.0
2007-10-11 00:00:00-04:00,16.22842761763097,16.31060758959227,15.792876430905483,16.045578002929688,259800,0.0,0.0
2007-10-12 00:00:00-04:00,16.035619942362015,16.205085535596968,15.940296556257147,16.183902740478516,153200,2.353,0.0
2007-10-15 00:00:00-04:00,15.910641536855072,16.438100771524706,15.910641536855072,16.38090705871582,195000,0.0,0.0
2007-10-16 00:00:00-04:00,16.459281134729235,16.518595219429233,16.395732753908856,16.486820220947266,118300,0.0,0.0
2007-10-17 00:00:00-04:00,16.518601611623104,16.605451583862305,16.450815676164147,16.605451583862305,151700,0.0,0.0
2007-10-18 00:00:00-04:00,16.609680295747278,16.72406768798828,16.501645962915973,16.72406768798828,147500,0.0,0.0
2007-10-19 00:00:00-04:00,16.732538463033,16.734657226594397,16.14364825212307,16.32794189453125,197500,0.0,0.0
2007-10-22 00:00:00-04:00,16.077988306573708,16.077988306573708,15.368354114068532,15.760241508483887,236300,0.0,0.0
2007-10-23 00:00:00-04:00,15.739061177882673,15.976311123297405,15.70304864018733,15.961483001708984,121200,0.0,0.0
2007-10-24 00:00:00-04:00,16.099172875189012,16.416919708251953,16.067397868653927,16.416919708251953,111300,0.0,0.0
2007-10-25 00:00:00-04:00,16.44022167133727,16.601213856520324,16.419038871847288,16.588502883911133,104000,0.0,0.0
2007-10-26 00:00:00-04:00,16.577907129203016,16.628746155374426,16.491055577356,16.53765869140625,88800,0.0,0.0
2007-10-29 00:00:00-04:00,16.586386722552223,16.77915231037244,16.565202305657255,16.764324188232422,120500,0.0,0.0
2007-10-30 00:00:00-04:00,16.67747450513707,16.696538541295205,16.07799169839908,16.09917449951172,147400,0.0,0.0
2007-10-31 00:00:00-04:00,16.205087795094247,16.474112724510796,16.205087795094247,16.42751121520996,95900,0.0,0.0
2007-11-01 00:00:00-04:00,16.31312479924911,16.414802892863488,16.099174787058626,16.287704467773438,81300,0.0,0.0
2007-11-02 00:00:00-04:00,16.245333893511543,16.488938460327965,16.205085451694305,16.332183837890625,88900,0.0,0.0
2007-11-05 00:00:00-05:00,16.332183618699094,16.37455082429171,16.012318085085347,16.31100082397461,63400,0.0,0.0
2007-11-06 00:00:00-05:00,16.51012590727216,16.57367430398342,16.355488404601232,16.491060256958008,125000,0.0,0.0
2007-11-07 00:00:00-05:00,16.548259709101313,16.548259709101313,16.141542434692383,16.141542434692383,64700,0.0,0.0
2007-11-08 00:00:00-05:00,16.099169727563392,16.376668057017266,15.95936037260139,16.03350257873535,105400,0.0,0.0
2007-11-09 00:00:00-05:00,15.872511517480389,16.124591156878786,15.688217795885288,15.944533348083496,85500,0.0,0.0
2007-11-12 00:00:00-05:00,15.821669627945182,15.821669627945182,15.385296345700715,15.417071342468262,151600,0.0,0.0
2007-11-13 00:00:00-05:00,15.251846291023282,15.361997803132962,14.658718288803751,15.06755256652832,285200,0.0,0.0
2007-11-14 00:00:00-05:00,15.287855747952232,15.667033750994772,15.171349569589296,15.550527572631836,169500,0.0,0.0
2007-11-15 00:00:00-05:00,15.251850029430408,15.419196911190626,15.084503147670189,15.148053169250488,131200,0.0,0.0
2007-11-16 00:00:00-05:00,15.686106690340056,15.686106690340056,15.264561285968957,15.389542579650879,100000,0.0,0.0
2007-11-19 00:00:00-05:00,15.389533291049462,15.53781444882437,15.239133369265366,15.273025512695312,78400,0.0,0.0
2007-11-20 00:00:00-05:00,15.251843485038584,15.603483985581404,15.192531018957503,15.575944900512695,134900,0.0,0.0
2007-11-21 00:00:00-05:00,15.622551322279474,15.739059131140447,15.55264663696289,15.55264663696289,85400,0.0,0.0
2007-11-23 00:00:00-05:00,15.781423832029606,15.781423832029606,15.527227047635618,15.728466033935547,32700,0.0,0.0
2007-11-26 00:00:00-05:00,15.728467055022518,15.834382658086643,15.503926493692605,15.52510929107666,70900,0.0,0.0
2007-11-27 00:00:00-05:00,15.781418700756848,15.781418700756848,15.126861304890307,15.253959655761719,120600,0.0,0.0
2007-11-28 00:00:00-05:00,15.251844192991037,15.38318009979792,15.148047372531156,15.2963285446167,66000,0.0,0.0
2007-11-29 00:00:00-05:00,15.124746705314964,15.60136686441432,15.124746705314964,15.497570037841797,68400,0.0,0.0
2007-11-30 00:00:00-05:00,15.601373031109775,15.603491796285695,15.455208940712943,15.484865188598633,49500,0.0,0.0
2007-12-03 00:00:00-05:00,15.781417460672802,15.781417460672802,15.472144238602157,15.658555030822754,48900,0.0,0.0
2007-12-04 00:00:00-05:00,15.65856318302977,15.669155390344285,15.522991333352417,15.61619758605957,35800,0.0,0.0
2007-12-05 00:00:00-05:00,15.794132143403784,15.800486820172427,15.65008687745456,15.681861877441406,68900,0.0,0.0
2007-12-06 00:00:00-05:00,15.681869526926608,15.96572428482249,15.681869526926608,15.914883613586426,77500,0.0,0.0
2007-12-07 00:00:00-05:00,16.071631820700905,16.071631820700905,15.654324147585019,15.734819412231445,69400,0.0,0.0
2007-12-10 00:00:00-05:00,16.207202978483913,16.207202978483913,15.72846409035167,15.802604675292969,34200,0.0,0.0
2007-12-11 00:00:00-05:00,15.94453063353764,15.993252511231281,15.728463562369836,15.777185440063477,57000,0.0,0.0
2007-12-12 00:00:00-05:00,16.039854537765603,16.039854537765603,15.802603073853028,15.868271827697754,62300,0.0,0.0
2007-12-13 00:00:00-05:00,15.927583103692292,16.08857359807899,15.815312863926245,15.986895561218262,71400,0.0,0.0
2007-12-14 00:00:00-05:00,15.980547115183908,16.09917207647611,15.972073672785339,16.075870513916016,57700,0.0,0.0
2007-12-17 00:00:00-05:00,16.139417032351517,16.139417032351517,15.889456192171993,15.940295219421387,57800,0.0,0.0
2007-12-18 00:00:00-05:00,15.927583831375944,16.171188347895267,15.927583831375944,15.965713500976562,50000,0.0,0.0
2007-12-19 00:00:00-05:00,16.075869398374635,16.105525636639772,15.972072564446659,15.98266315460205,61300,0.0,0.0
2007-12-20 00:00:00-05:00,16.18390772993217,16.18390772993217,15.736943665717284,15.89793586730957,90700,0.0,0.0
2007-12-21 00:00:00-05:00,15.982660413575857,16.353364944458008,15.887337037806418,16.353364944458008,108700,0.0,0.0
2007-12-24 00:00:00-05:00,16.289818195268005,16.571554054791534,16.1648369576756,16.533424377441406,68000,0.0,0.0
2007-12-26 00:00:00-05:00,16.533422779285093,16.626627391242092,16.44021655118459,16.53765869140625,64900,0.0,0.0
2007-12-27 00:00:00-05:00,16.620272259844175,16.700767517089844,16.592734791452003,16.700767517089844,44800,0.0,0.0
2007-12-28 00:00:00-05:00,16.692302191068215,16.73254902728663,16.611805286343206,16.66900062561035,53800,0.0,0.0
2007-12-31 00:00:00-05:00,16.753728329745364,16.988861083984375,16.702889295790477,16.988861083984375,110200,0.0,0.0
2008-01-02 00:00:00-05:00,17.010050060309407,17.359570330692385,17.007931295284198,17.327796936035156,127100,0.0,0.0
2008-01-03 00:00:00-05:00,17.34897418302282,17.56716004257888,17.160444559747564,17.552331924438477,126800,0.0,0.0
2008-01-04 00:00:00-05:00,17.279066979788986,17.476070015518754,16.90412655237733,17.158323287963867,135100,0.0,0.0
2008-01-07 00:00:00-05:00,17.569274350294165,17.569274350294165,16.978265306653235,17.21551513671875,103900,0.0,0.0
2008-01-08 00:00:00-05:00,17.368038472630058,17.613763423926954,17.156207286812883,17.499374389648438,111600,0.0,0.0
2008-01-09 00:00:00-05:00,17.391339896868118,17.81500226520178,17.37015710168017,17.71967887878418,145400,0.0,0.0
2008-01-10 00:00:00-05:00,17.649775352538057,17.973876826891814,17.490901954039643,17.935747146606445,215900,0.0,0.0
2008-01-11 00:00:00-05:00,17.914561152018685,17.99717517519852,17.53962070959816,17.607406616210938,220500,0.0,0.0
2008-01-14 00:00:00-05:00,18.028713503739155,18.1144701502302,17.696682047887702,17.90997314453125,234600,3.046,0.0
2008-01-15 00:00:00-05:00,17.942964153951344,17.942964153951344,16.95786116066413,17.252511978149414,213900,0.0,0.0
2008-01-16 00:00:00-05:00,17.153561237078087,17.208533550779357,15.981551106337784,16.568655014038086,475500,0.0,0.0
2008-01-17 00:00:00-05:00,16.502687209131228,17.426221294377655,16.38174746285344,16.421327590942383,189800,0.0,0.0
2008-01-18 00:00:00-05:00,16.460900916380282,16.707177353559622,16.309176875137382,16.496082305908203,177900,0.0,0.0
2008-01-22 00:00:00-05:00,15.614329955629074,16.698383597800294,15.614329955629074,16.37954330444336,356400,0.0,0.0
2008-01-23 00:00:00-05:00,15.884798344592253,16.858907752055178,15.884798344592253,16.62802505493164,256000,0.0,0.0
2008-01-24 00:00:00-05:00,16.82152525954313,16.894089104468385,16.504884247230464,16.808332443237305,197200,0.0,0.0
2008-01-25 00:00:00-05:00,17.08978897604408,17.362451115644276,16.84351246689526,16.951257705688477,119300,0.0,0.0
2008-01-28 00:00:00-05:00,17.18653814928908,17.285487603686015,16.7423610911551,17.173343658447266,126000,0.0,0.0
2008-01-29 00:00:00-05:00,17.228323038452405,17.45700806821548,17.13377059035442,17.261306762695312,94200,0.0,0.0
2008-01-30 00:00:00-05:00,17.340462679448667,17.59113623661065,17.245910255072026,17.481191635131836,117400,0.0,0.0
2008-01-31 00:00:00-05:00,17.349257883862222,17.459202481760435,17.129368688065796,17.437213897705078,179900,0.0,0.0
2008-02-01 00:00:00-05:00,17.360254646553823,17.701083636060837,17.307481699236302,17.50758171081543,182200,0.0,0.0
2008-02-04 00:00:00-05:00,17.60872744745575,18.094682375625027,17.57574373210224,18.030914306640625,170200,0.0,0.0
2008-02-05 00:00:00-05:00,17.84840551849998,17.96054947745137,17.5031795501709,17.5031795501709,121300,0.0,0.0
2008-02-06 00:00:00-05:00,17.52297102948946,17.896782001526656,17.316274642944336,17.316274642944336,76600,0.0,0.0
2008-02-07 00:00:00-05:00,17.360250897342663,17.72966480402823,17.197533366308956,17.639511108398438,82000,0.0,0.0
2008-02-08 00:00:00-05:00,17.63731354839441,18.024319032459424,17.63731354839441,17.756053924560547,100900,0.0,0.0
2008-02-11 00:00:00-05:00,17.892383030910327,18.40692290254902,17.892383030910327,18.310171127319336,125800,0.0,0.0
2008-02-12 00:00:00-05:00,18.31017268922936,18.42231664939167,17.81762135786648,17.8330135345459,125100,0.0,0.0
2008-02-13 00:00:00-05:00,17.86819623647563,18.277190268373495,17.86819623647563,18.11886978149414,116600,0.0,0.0
2008-02-14 00:00:00-05:00,18.33656086418672,18.38933380420944,18.055102947236843,18.140859603881836,90900,0.0,0.0
2008-02-15 00:00:00-05:00,18.138662770200703,18.222221754306254,18.00892892505835,18.035314559936523,74600,0.0,0.0
2008-02-19 00:00:00-05:00,18.446503929289825,18.578437107153317,18.373940094297424,18.519067764282227,124500,0.0,0.0
2008-02-20 00:00:00-05:00,18.49047406491491,18.635601679714,18.47068485068998,18.563037872314453,183800,0.0,0.0
2008-02-21 00:00:00-05:00,18.472893905090103,18.560849928915133,18.09028545309446,18.19803237915039,137300,0.0,0.0
2008-02-22 00:00:00-05:00,18.217819156596235,18.39373118061638,18.217819156596235,18.285985946655273,147100,0.0,0.0
2008-02-25 00:00:00-05:00,18.637810974810648,18.637810974810648,18.387137395289994,18.52786636352539,126600,0.0,0.0
2008-02-26 00:00:00-05:00,18.538858027858236,18.82471466064453,18.538858027858236,18.82471466064453,116600,0.0,0.0
2008-02-27 00:00:00-05:00,18.822518381282077,18.906077365151425,18.59163568864196,18.813722610473633,101800,0.0,0.0
2008-02-28 00:00:00-05:00,18.82471884221475,19.00282859802246,18.79613384363507,19.00282859802246,77800,0.0,0.0
2008-02-29 00:00:00-05:00,18.95004981411554,19.167739635046928,18.780735881751422,18.987430572509766,98300,0.0,0.0
2008-03-03 00:00:00-05:00,19.361247294331122,19.730661266343596,19.020418318159365,19.48218536376953,135200,0.0,0.0
2008-03-04 00:00:00-05:00,19.31946633090569,19.785632065022398,18.965444564819336,18.965444564819336,177300,0.0,0.0
2008-03-05 00:00:00-05:00,19.169940899070056,19.759244033732458,19.161145129582973,19.600923538208008,88800,0.0,0.0
2008-03-06 00:00:00-05:00,19.79002571975448,20.575030006199892,19.746048555870203,20.22100830078125,313000,0.0,0.0
2008-03-07 00:00:00-05:00,20.396922047085337,20.920257723371215,20.221010021337754,20.504667282104492,303600,0.0,0.0
2008-03-10 00:00:00-04:00,20.667385263762874,20.667385263762874,20.264989306152778,20.58382797241211,214000,0.0,0.0
2008-03-11 00:00:00-04:00,20.85210215967659,21.052200544920492,20.23861082789518,20.83670997619629,227000,0.0,0.0
2008-03-12 00:00:00-04:00,21.2522877098034,21.2522877098034,20.401316054246124,20.896066665649414,311900,0.0,0.0
2008-03-13 00:00:00-04:00,20.643196753075703,21.16213538070857,20.643196753075703,21.102766036987305,113800,0.0,0.0
2008-03-14 00:00:00-04:00,21.111567893109875,21.357842785624772,20.89387632224803,21.280881881713867,148600,0.0,0.0
2008-03-17 00:00:00-04:00,21.054394814961146,21.098371992089902,19.86039616983811,20.135257720947266,335800,0.0,0.0
2008-03-18 00:00:00-04:00,20.447500581690257,20.845501259015496,20.36614263408607,20.59482765197754,219600,0.0,0.0
2008-03-19 00:00:00-04:00,20.687184513708452,20.700377334083072,19.02042331641524,19.405229568481445,447200,0.0,0.0
2008-03-20 00:00:00-04:00,19.21612335960525,19.21612335960525,18.052908908579184,18.655405044555664,482100,0.0,0.0
2008-03-24 00:00:00-04:00,18.690584235166128,19.89997497979452,18.690584235166128,19.451400756835938,227700,0.0,0.0
2008-03-25 00:00:00-04:00,19.888974326941163,20.33754842539113,19.809814093236984,20.19462013244629,191100,0.0,0.0
2008-03-26 00:00:00-04:00,20.337557373592908,20.706971400874988,20.3353596888606,20.564043045043945,123500,0.0,0.0
2008-03-27 00:00:00-04:00,20.88947989097275,20.88947989097275,20.564043045043945,20.564043045043945,158300,0.0,0.0
2008-03-28 00:00:00-04:00,20.92905168487081,20.92905168487081,20.304565557260272,20.570632934570312,120500,0.0,0.0
2008-03-31 00:00:00-04:00,20.58163093961572,21.054393104643797,20.24080365049995,20.531057357788086,261600,0.0,0.0
2008-04-01 00:00:00-04:00,20.88727232723853,20.88727232723853,20.07588240979562,20.535449981689453,224200,0.0,0.0
2008-04-02 00:00:00-04:00,20.667390934586635,20.856495831087223,20.436508219758174,20.73335838317871,124100,0.0,0.0
2008-04-03 00:00:00-04:00,20.56184662839084,20.96204504282542,20.56184662839084,20.669591903686523,126200,0.0,0.0
2008-04-04 00:00:00-04:00,20.779532161511874,20.99942139073422,20.779532161511874,20.889476776123047,105600,0.0,0.0
2008-04-07 00:00:00-04:00,21.16212991511189,21.307257549692466,21.043389580715324,21.283069610595703,130200,0.0,0.0
2008-04-08 00:00:00-04:00,21.60631727663372,21.60631727663372,21.10936712255612,21.393024444580078,168100,0.0,0.0
2008-04-09 00:00:00-04:00,21.32925575854482,21.63710102254301,21.19732255329466,21.57992935180664,245200,0.0,0.0
2008-04-10 00:00:00-04:00,21.256690385713707,21.637099472515533,21.256690385713707,21.44359588623047,164000,0.0,0.0
2008-04-11 00:00:00-04:00,21.5073692517442,21.52935952113819,21.24130343277272,21.465591430664062,160400,0.0,0.0
2008-04-14 00:00:00-04:00,21.4587945934553,22.035279978578888,21.418101487154857,21.83859634399414,260600,2.67,0.0
2008-04-15 00:00:00-04:00,22.0963283241385,22.0963283241385,21.49949699035329,22.01946449279785,346900,0.0,0.0
2008-04-16 00:00:00-04:00,22.109891328448395,22.109891328448395,21.763998952452315,21.942596435546875,254800,0.0,0.0
2008-04-17 00:00:00-04:00,22.03980873892986,22.10989239059724,21.763999997984648,21.829561233520508,153600,0.0,0.0
2008-04-18 00:00:00-04:00,22.078240244580652,22.078240244580652,21.50853660277802,21.879295349121094,242800,0.0,0.0
2008-04-21 00:00:00-04:00,21.759476468688003,22.15510331357324,21.759476468688003,21.917726516723633,135000,0.0,0.0
2008-04-22 00:00:00-04:00,22.125718059921393,22.225188795439887,21.890602433138376,21.971988677978516,193100,0.0,0.0
2008-04-23 00:00:00-04:00,22.152839239688582,22.152839239688582,21.79338486645803,22.005891799926758,138700,0.0,0.0
2008-04-24 00:00:00-04:00,21.82277705999593,21.861208969126924,20.988569024691156,21.128734588623047,312800,0.0,0.0
2008-04-25 00:00:00-04:00,21.228220916575182,21.4520323438119,21.178484660567616,21.38195037841797,136200,0.0,0.0
2008-04-28 00:00:00-04:00,21.474635037273263,21.81374392537016,21.442985012367977,21.63288688659668,192800,0.0,0.0
2008-04-29 00:00:00-04:00,21.562796604509977,21.612532835495195,20.918490259466182,20.945619583129883,279900,0.0,0.0
2008-04-30 00:00:00-04:00,20.84839829613493,21.248545710025724,20.653975882101136,20.913959503173828,228900,0.0,0.0
2008-05-01 00:00:00-04:00,20.911704802992478,20.911704802992478,20.009676073352274,20.25157356262207,333000,0.0,0.0
2008-05-02 00:00:00-04:00,20.258362405231548,20.96823011145223,20.258362405231548,20.83936882019043,216300,0.0,0.0
2008-05-05 00:00:00-04:00,20.794153483380267,21.40906935799703,20.794153483380267,21.228212356567383,213200,0.0,0.0
2008-05-06 00:00:00-04:00,21.422627371680516,21.64191793977616,21.345761836308625,21.535663604736328,163400,0.0,0.0
2008-05-07 00:00:00-04:00,21.734609641268282,21.87251400189962,21.438455223254884,21.644180297851562,191700,0.0,0.0
2008-05-08 00:00:00-04:00,21.71200487956629,21.92225239072297,21.580882404910206,21.90642738342285,165500,0.0,0.0
2008-05-09 00:00:00-04:00,22.026248656046747,22.09859180318808,21.687139830422378,22.03076934814453,158000,0.0,0.0
2008-05-12 00:00:00-04:00,21.96520788300555,22.030767399004905,21.743656044288564,21.944860458374023,139000,0.0,0.0
2008-05-13 00:00:00-04:00,21.890602271914386,22.01946353782947,21.60122972563465,21.754959106445312,194700,0.0,0.0
2008-05-14 00:00:00-04:00,21.754957480466317,21.81599629668657,21.44071511798124,21.524362564086914,175600,0.0,0.0
2008-05-15 00:00:00-04:00,21.797909693659943,21.806952800493452,21.115171513294367,21.35706901550293,162200,0.0,0.0
2008-05-16 00:00:00-04:00,21.483672045542782,21.77530581344384,21.39550389766531,21.57636260986328,101700,0.0,0.0
2008-05-19 00:00:00-04:00,21.75269794439648,21.768522951654777,21.48593230433056,21.66452980041504,163900,0.0,0.0
2008-05-20 00:00:00-04:00,21.69843739292025,21.985548683657715,21.54470803750283,21.901901245117188,162900,0.0,0.0
2008-05-21 00:00:00-04:00,21.908689067441678,22.562038521989884,21.908689067441678,22.204843521118164,272200,0.0,0.0
2008-05-22 00:00:00-04:00,22.485172101329404,22.604990258132958,21.712004515135728,21.915470123291016,199000,0.0,0.0
2008-05-23 00:00:00-04:00,21.94259279741654,22.317873915447656,21.63513410848378,21.962940216064453,160300,0.0,0.0
2008-05-27 00:00:00-04:00,21.840866552873187,21.962945922089112,21.59218712289843,21.650964736938477,215100,0.0,0.0
2008-05-28 00:00:00-04:00,21.596702112619997,21.702956446188487,21.370629649638865,21.630613327026367,181800,0.0,0.0
2008-05-29 00:00:00-04:00,21.578614995859443,21.788862446598515,21.1965537223198,21.230464935302734,180100,0.0,0.0
2008-05-30 00:00:00-04:00,21.194295005418144,21.587660637775784,20.9772656315382,21.368370056152344,164000,0.0,0.0
2008-06-02 00:00:00-04:00,21.424889934657298,21.85895044283971,21.194296744982257,21.73008918762207,118800,0.0,0.0
2008-06-03 00:00:00-04:00,21.693921649797044,21.84086915197712,21.39324474491725,21.46106719970703,153600,0.0,0.0
2008-06-04 00:00:00-04:00,21.587664176097327,21.587664176097327,21.022482883316922,21.09030532836914,150700,0.0,0.0
2008-06-05 00:00:00-04:00,21.562795221406542,21.562795221406542,20.877795797203383,21.485931396484375,159900,0.0,0.0
2008-06-06 00:00:00-04:00,21.53115093072347,22.10311425278807,21.53115093072347,21.748180389404297,171700,0.0,0.0
2008-06-09 00:00:00-04:00,21.870255737165888,22.042071340299962,21.73687377439357,21.79791259765625,125800,0.0,0.0
2008-06-10 00:00:00-04:00,22.34952799149743,22.34952799149743,21.42941296475996,21.757217407226562,153000,0.0,0.0
2008-06-11 00:00:00-04:00,21.716526083041753,21.974248622175182,21.716526083041753,21.958423614501953,90800,0.0,0.0
2008-06-12 00:00:00-04:00,21.788868215103722,22.008158829014178,21.768522516805092,21.8046932220459,120800,0.0,0.0
2008-06-13 00:00:00-04:00,21.718784296301372,21.97876800776512,21.6690480719592,21.809213638305664,187800,0.0,0.0
2008-06-16 00:00:00-04:00,21.85443424758195,22.155111170272587,21.698445352,21.716529846191406,95500,0.0,0.0
2008-06-17 00:00:00-04:00,21.73009108430808,22.13249989099586,21.73009108430808,22.10310935974121,135700,0.0,0.0
2008-06-18 00:00:00-04:00,22.15058611735366,22.31335688181389,22.039809341456166,22.25909996032715,97500,0.0,0.0
2008-06-19 00:00:00-04:00,22.378916131501953,22.378916131501953,21.714264159131908,21.996854782104492,254000,0.0,0.0
2008-06-20 00:00:00-04:00,22.367615691897473,22.367615691897473,21.815998190887324,21.947120666503906,154800,0.0,0.0
2008-06-23 00:00:00-04:00,21.881554121196416,22.54168530585602,21.881554121196416,22.471603393554688,234100,0.0,0.0
2008-06-24 00:00:00-04:00,22.602731919420872,22.602731919420872,22.24327570601128,22.376659393310547,153600,0.0,0.0
2008-06-25 00:00:00-04:00,22.43995696064355,22.485170770982332,21.815996374149773,22.385698318481445,184600,0.0,0.0
2008-06-26 00:00:00-04:00,22.60272943753726,22.60272943753726,22.06467578060569,22.385698318481445,111200,0.0,0.0
2008-06-27 00:00:00-04:00,22.43995240609623,22.923747322671773,22.308829968012326,22.781320571899414,190800,0.0,0.0
2008-06-30 00:00:00-04:00,22.83332620415037,23.396246337527472,22.83332620415037,23.366857528686523,211700,0.0,0.0
2008-07-01 00:00:00-04:00,23.24703290338776,24.07445726090727,23.24703290338776,23.78282356262207,210700,0.0,0.0
2008-07-02 00:00:00-04:00,23.742136686903763,24.26210420338278,23.742136686903763,23.970470428466797,194200,0.0,0.0
2008-07-03 00:00:00-04:00,23.873252475862618,24.11967236494119,23.624573103938268,23.97272491455078,243100,0.0,0.0
2008-07-07 00:00:00-04:00,24.50626367121715,24.50626367121715,22.840108431152736,23.115917205810547,305200,0.0,0.0
2008-07-08 00:00:00-04:00,22.828800682392508,22.828800682392508,20.439214544301702,21.571836471557617,851900,0.0,0.0
2008-07-09 00:00:00-04:00,22.17771105496255,22.304312822971347,21.70522037597548,22.121192932128906,291500,0.0,0.0
2008-07-10 00:00:00-04:00,22.37891957921498,22.971230237144002,22.293012637523088,22.887582778930664,238300,0.0,0.0
2008-07-11 00:00:00-04:00,23.545628388912665,23.932576699839924,22.944224933096493,23.359146118164062,267500,3.053,0.0
2008-07-14 00:00:00-04:00,23.140024130933476,23.26356962807665,22.40342307398378,23.07708740234375,237400,0.0,0.0
2008-07-15 00:00:00-04:00,23.643525172593446,23.643525172593446,22.27521641498297,22.599227905273438,279500,0.0,0.0
2008-07-16 00:00:00-04:00,22.554951656789218,22.554951656789218,20.86496203399556,21.403427124023438,592900,0.0,0.0
2008-07-17 00:00:00-04:00,21.40341836288178,21.552603450380825,19.648161178380125,20.291522979736328,568100,0.0,0.0
2008-07-18 00:00:00-04:00,20.277536172937847,20.944207827785444,20.095716954056968,20.174972534179688,332800,0.0,0.0
2008-07-21 00:00:00-04:00,20.82999465596788,21.492003475766133,20.33814929856509,21.368459701538086,286200,0.0,0.0
2008-07-22 00:00:00-04:00,21.051432933219086,21.121364217623594,20.32182459479855,20.32881736755371,222500,0.0,0.0
2008-07-23 00:00:00-04:00,20.275203335082097,20.275203335082097,19.228574560236456,19.373098373413086,460500,0.0,0.0
2008-07-24 00:00:00-04:00,19.505971511070683,19.841638892709128,19.021119021687767,19.587556838989258,248300,0.0,0.0
2008-07-25 00:00:00-04:00,19.531605494507765,19.72508046940629,19.114352942474326,19.345123291015625,176100,0.0,0.0
2008-07-28 00:00:00-04:00,19.771704666772106,19.981496749221357,19.333473699987618,19.648160934448242,204000,0.0,0.0
2008-07-29 00:00:00-04:00,19.627181920247207,19.627181920247207,18.80433238662906,18.96051025390625,317100,0.0,0.0
2008-07-30 00:00:00-04:00,19.030443066778695,20.582902908325195,18.67146585015899,20.582902908325195,281500,0.0,0.0
2008-07-31 00:00:00-04:00,20.303178184133852,20.608542928333797,19.51063124939703,20.023456573486328,190800,0.0,0.0
2008-08-01 00:00:00-04:00,19.813670933957578,20.27987495593305,19.613203062233946,19.699451446533203,145700,0.0,0.0
2008-08-04 00:00:00-04:00,20.18895861272641,20.18895861272641,18.708761689952293,19.01179313659668,287300,0.0,0.0
2008-08-05 00:00:00-04:00,18.80433090499055,18.983820374015803,18.214583349331935,18.71808433532715,401400,0.0,0.0
2008-08-06 00:00:00-04:00,18.480318493526305,19.258879770462016,18.41738176253643,19.088714599609375,175400,0.0,0.0
2008-08-07 00:00:00-04:00,19.676134230061354,19.813663511377943,19.17263322130395,19.370769500732422,172200,0.0,0.0
2008-08-08 00:00:00-04:00,18.925544126013612,19.116687615865253,18.64815229157992,18.869598388671875,244100,0.0,0.0
2008-08-11 00:00:00-04:00,18.718085985676915,18.86960081982602,18.098033988449888,18.494306564331055,273500,0.0,0.0
2008-08-12 00:00:00-04:00,18.510621525807053,18.801998881810114,18.366097716996087,18.615516662597656,155300,0.0,0.0
2008-08-13 00:00:00-04:00,18.61551788275754,19.41738898813325,18.613186365797347,19.307830810546875,177300,0.0,0.0
2008-08-14 00:00:00-04:00,19.307833498711137,19.575901076811913,18.97449766404877,19.368438720703125,113800,0.0,0.0
2008-08-15 00:00:00-04:00,19.251886966601603,19.347459608674736,18.713422093577147,19.037433624267578,138200,0.0,0.0
2008-08-18 00:00:00-04:00,18.90689437739295,19.279857044469253,18.834633360829304,18.89057731628418,210200,0.0,0.0
2008-08-19 00:00:00-04:00,19.11670140627018,19.599222623758884,18.888260593398094,19.443044662475586,176000,0.0,0.0
2008-08-20 00:00:00-04:00,19.811334818130753,20.74374264569118,19.711100905530934,20.282201766967773,277100,0.0,0.0
2008-08-21 00:00:00-04:00,20.629521995266913,21.31251076071056,20.54793667074498,21.119035720825195,268400,0.0,0.0
2008-08-22 00:00:00-04:00,20.74607190228053,20.74607190228053,20.10970284681523,20.254226684570312,218900,0.0,0.0
2008-08-25 00:00:00-04:00,20.394091176741778,20.888268001114994,20.328822908667885,20.610876083374023,135300,0.0,0.0
2008-08-26 00:00:00-04:00,20.743745963257634,20.979179475329243,20.629526484073757,20.795028686523438,106400,0.0,0.0
2008-08-27 00:00:00-04:00,20.979176470021407,21.284539469544026,20.892928104299887,21.039783477783203,175500,0.0,0.0
2008-08-28 00:00:00-04:00,21.051432852769533,21.324163438163712,20.57823626159649,20.881269454956055,209400,0.0,0.0
2008-08-29 00:00:00-04:00,21.347476172821434,21.552605240564237,20.962857614680342,21.51064682006836,319300,0.0,0.0
2008-09-02 00:00:00-04:00,20.72276014425242,20.72276014425242,19.536270498168008,19.65049171447754,523900,0.0,0.0
2008-09-03 00:00:00-04:00,19.70643940586497,20.202945927683928,19.419723219918364,19.73674201965332,177500,0.0,0.0
2008-09-04 00:00:00-04:00,19.74606131042789,20.016460362250463,19.419718301769247,19.930212020874023,199900,0.0,0.0
2008-09-05 00:00:00-04:00,19.813661322389034,19.916226726566066,19.464008475523343,19.860280990600586,146800,0.0,0.0
2008-09-08 00:00:00-04:00,20.219260561689477,20.871946665808743,19.760049482957367,20.186626434326172,145700,0.0,0.0
2008-09-09 00:00:00-04:00,20.25889029062577,20.279868611406574,19.813664735282284,19.965181350708008,271400,0.0,0.0
2008-09-10 00:00:00-04:00,20.04211028312353,20.55493395999827,20.037447247311224,20.47334861755371,190000,0.0,0.0
2008-09-11 00:00:00-04:00,20.39874695329886,20.86261921783665,20.067740916897918,20.811336517333984,202100,0.0,0.0
2008-09-12 00:00:00-04:00,21.035117930795025,21.035117930795025,20.517631355113846,20.748403549194336,267700,0.0,0.0
2008-09-15 00:00:00-04:00,20.408075952329302,20.426722756284995,19.624853276535795,20.18196678161621,191500,0.0,0.0
2008-09-16 00:00:00-04:00,19.706433068819145,20.431380054957906,19.40573143142555,20.429048538208008,266200,0.0,0.0
2008-09-17 00:00:00-04:00,20.627191104536813,21.426730865995527,20.314835344469987,21.22626304626465,241100,0.0,0.0
2008-09-18 00:00:00-04:00,21.60156075679052,21.83466274431197,21.401092905247907,21.64118766784668,282400,0.0,0.0
2008-09-19 00:00:00-04:00,21.792699914447482,22.634198061735937,21.792699914447482,22.54561996459961,325900,0.0,0.0
2008-09-22 00:00:00-04:00,22.545624072557505,23.776402257826064,22.545624072557505,23.377798080444336,375500,0.0,0.0
2008-09-23 00:00:00-04:00,23.31252871614182,23.31252871614182,22.757744884625193,23.202970504760742,240600,0.0,0.0
2008-09-24 00:00:00-04:00,23.04446442905689,23.368476074751843,22.508329104499698,22.589916229248047,145100,0.0,0.0
2008-09-25 00:00:00-04:00,22.426732797080795,23.028136104758207,22.338154718428626,22.91624641418457,75900,0.0,0.0
2008-09-26 00:00:00-04:00,22.52230360969573,22.69945975271049,22.17265080019259,22.46169662475586,118300,0.0,0.0
2008-09-29 00:00:00-04:00,21.913906540068325,21.913906540068325,20.526949394398187,21.07240867614746,281900,0.0,0.0
2008-09-30 00:00:00-04:00,20.979171063874205,21.969854141890487,20.818330183288065,21.671483993530273,142200,0.0,0.0
2008-10-01 00:00:00-04:00,21.706454614055712,22.254243850708008,21.49666249960275,22.254243850708008,114100,0.0,0.0
2008-10-02 00:00:00-04:00,22.030463547674767,22.144682993576936,21.014139006958583,21.209943771362305,171100,0.0,0.0
2008-10-03 00:00:00-04:00,20.883606454047722,22.14468907501738,20.629526138305664,20.629526138305664,244100,0.0,0.0
2008-10-06 00:00:00-04:00,20.060753494940528,20.27986989973538,18.531605253206468,19.84630012512207,503000,0.0,0.0
2008-10-07 00:00:00-04:00,20.426725377299906,20.62020044288253,19.23557414579151,19.300844192504883,210400,0.0,0.0
2008-10-08 00:00:00-04:00,19.004799032958978,19.29384491245214,17.62250459223014,19.22857666015625,509400,0.0,0.0
2008-10-09 00:00:00-04:00,19.658097310680198,20.27445114107524,17.777610778808594,17.777610778808594,373900,2.937,0.0
2008-10-10 00:00:00-04:00,16.075989938967492,16.590827005817065,14.038392649255849,16.06390380859375,1122100,0.0,0.0
2008-10-13 00:00:00-04:00,17.702680310562524,18.456809376671377,16.747935154336627,18.34320640563965,333600,0.0,0.0
2008-10-14 00:00:00-04:00,19.619420887694645,20.5451621667286,18.297278980264657,18.947473526000977,318400,0.0,0.0
2008-10-15 00:00:00-04:00,18.30936878047291,18.369795740144436,16.93163483759586,17.028316497802734,279200,0.0,0.0
2008-10-16 00:00:00-04:00,16.938877319547334,18.125661255970773,16.315270964544688,17.51897621154785,282200,0.0,0.0
2008-10-17 00:00:00-04:00,17.357033498790237,18.732351230880415,16.919543047246826,18.10149383544922,305700,0.0,0.0
2008-10-20 00:00:00-04:00,18.766187186887198,19.817615397471574,18.766187186887198,19.578325271606445,198300,0.0,0.0
2008-10-21 00:00:00-04:00,19.406718421588604,19.566244601937488,18.97406126196828,19.15534210205078,133900,0.0,0.0
2008-10-22 00:00:00-04:00,18.976480068517738,19.092498780895472,17.7655234630595,18.125667572021484,190200,0.0,0.0
2008-10-23 00:00:00-04:00,18.30936769413947,19.312455533988405,17.53590339386897,18.043489456176758,191800,0.0,0.0
2008-10-24 00:00:00-04:00,17.521399108995453,17.94922297706478,16.479639009556127,17.685760498046875,134300,0.0,0.0
2008-10-27 00:00:00-04:00,17.139502732233886,17.62291838156609,16.871206899327763,16.888126373291016,167000,0.0,0.0
2008-10-28 00:00:00-04:00,17.402964990791727,17.644672837886056,16.818032443403737,17.431970596313477,122100,0.0,0.0
2008-10-29 00:00:00-04:00,17.487556086559454,19.215766941291086,17.487556086559454,18.920883178710938,217200,0.0,0.0
2008-10-30 00:00:00-04:00,19.457475431932384,19.820037085943547,18.490644354569284,19.517902374267578,119200,0.0,0.0
2008-10-31 00:00:00-04:00,19.145671584419983,19.938472747802734,18.625999527908768,19.938472747802734,167000,0.0,0.0
2008-11-03 00:00:00-05:00,19.795868907765463,19.88046626774756,19.005483380299808,19.406719207763672,119400,0.0,0.0
2008-11-04 00:00:00-05:00,19.578327519713383,20.540325164794922,19.578327519713383,20.540325164794922,151200,0.0,0.0
2008-11-05 00:00:00-05:00,20.13667152101172,20.286530985852856,19.578327223629813,19.868375778198242,78700,0.0,0.0
2008-11-06 00:00:00-05:00,19.438138537191946,19.442973725307898,18.490644515699643,18.97406005859375,134400,0.0,0.0
2008-11-07 00:00:00-05:00,18.918466614719023,19.45747576085774,18.918466614719023,19.355958938598633,82700,0.0,0.0
2008-11-10 00:00:00-05:00,19.972312761468732,20.061745301986374,19.35837479238293,19.788616180419922,96600,0.0,0.0
2008-11-11 00:00:00-05:00,19.63875544311011,19.800699199260862,19.017566575472934,19.07316017150879,123900,0.0,0.0
2008-11-12 00:00:00-05:00,18.853204863287704,18.887043801413054,18.251353070533913,18.700929641723633,183900,0.0,0.0
2008-11-13 00:00:00-05:00,18.493064597457966,19.493734758332923,18.277944799458734,19.23027229309082,190700,0.0,0.0
2008-11-14 00:00:00-05:00,18.70576870699952,19.041742441211902,18.169177032477762,18.604251861572266,122700,0.0,0.0
2008-11-17 00:00:00-05:00,18.372208624994528,18.746854572463477,18.23685101605301,18.36979103088379,87500,0.0,0.0
2008-11-18 00:00:00-05:00,18.258605216419227,18.519650051304637,18.128082798976525,18.490644454956055,138500,0.0,0.0
2008-11-19 00:00:00-05:00,18.219934191096996,18.52690414479517,17.871876196053954,17.89846420288086,178200,0.0,0.0
2008-11-20 00:00:00-05:00,17.644670534154386,17.644670534154386,16.43613145647258,16.58115577697754,357400,0.0,0.0
2008-11-21 00:00:00-05:00,16.919546744060327,17.076657189786307,15.952715501542592,16.936466217041016,262900,0.0,0.0
2008-11-24 00:00:00-05:00,17.415049025501315,17.9951463134661,16.919547260940064,17.344953536987305,242200,0.0,0.0
2008-11-25 00:00:00-05:00,17.282109265933247,17.40296317688383,16.583573808165628,16.70442771911621,251900,0.0,0.0
2008-11-26 00:00:00-05:00,16.709259717139886,17.38362470717031,16.578737282545205,17.25551986694336,180000,0.0,0.0
2008-11-28 00:00:00-05:00,17.16850197696087,17.16850197696087,16.614990982716943,17.06456756591797,70900,0.0,0.0
2008-12-01 00:00:00-05:00,16.677840509466876,16.9775577066267,16.438550270674686,16.6149959564209,195000,0.0,0.0
2008-12-02 00:00:00-05:00,16.979975612951215,17.400546734565363,16.46513858208018,16.793861389160156,107600,0.0,0.0
2008-12-03 00:00:00-05:00,16.92196017941576,17.149164211587728,16.4361270831155,17.00172233581543,106000,0.0,0.0
2008-12-04 00:00:00-05:00,16.69958983318297,17.040398692187047,16.02280914760327,16.453048706054688,195400,0.0,0.0
2008-12-05 00:00:00-05:00,16.177500273123968,16.399870967304818,15.155076570183232,15.713421821594238,314800,0.0,0.0
2008-12-08 00:00:00-05:00,16.027642734543775,16.818028229176374,15.72309225125942,16.148496627807617,198100,0.0,0.0
2008-12-09 00:00:00-05:00,16.201673433811024,16.648832492092495,16.100156601049985,16.109825134277344,154500,0.0,0.0
2008-12-10 00:00:00-05:00,16.387785717212754,16.810774267570626,16.315272656660767,16.4457950592041,163100,0.0,0.0
2008-12-11 00:00:00-05:00,16.660923492247417,17.09358079926348,16.440968446187,16.682676315307617,176300,0.0,0.0
2008-12-12 00:00:00-05:00,16.375707586624085,16.8446214271821,16.211346167341816,16.711681365966797,119500,0.0,0.0
2008-12-15 00:00:00-05:00,16.92196415527637,17.2023442536467,16.738265704843528,16.946134567260742,122000,0.0,0.0
2008-12-16 00:00:00-05:00,17.025901104379614,17.400547155752914,16.946137073359385,17.299030303955078,125900,0.0,0.0
2008-12-17 00:00:00-05:00,17.294193598770132,17.54556808464949,17.035566329956055,17.035566329956055,154100,0.0,0.0
2008-12-18 00:00:00-05:00,17.134667662796183,17.134667662796183,16.414379372944815,16.735849380493164,184000,0.0,0.0
2008-12-19 00:00:00-05:00,16.55456537873704,16.876037169549896,16.19925464616325,16.315275192260742,154700,0.0,0.0
2008-12-22 00:00:00-05:00,16.689924352059915,16.689924352059915,16.07356872352419,16.150915145874023,109400,0.0,0.0
2008-12-23 00:00:00-05:00,16.146080331152046,16.424042800982843,16.001054188877195,16.177501678466797,129800,0.0,0.0
2008-12-24 00:00:00-05:00,16.192005771317774,16.27418738612761,15.964801682551347,16.163002014160156,53500,0.0,0.0
2008-12-26 00:00:00-05:00,16.194421152001667,16.552149475412993,16.194421152001667,16.46755027770996,220200,0.0,0.0
2008-12-29 00:00:00-05:00,16.65366919029294,17.216848854267074,16.65366919029294,16.999311447143555,234400,0.0,0.0
2008-12-30 00:00:00-05:00,16.919542166236283,17.388455782093057,16.82285869932675,17.366701126098633,202400,0.0,0.0
2008-12-31 00:00:00-05:00,17.40054719598217,17.91296848980301,17.241020977657396,17.726852416992188,181100,0.0,0.0
2009-01-02 00:00:00-05:00,18.002402048780556,18.599418908132098,17.835623036898586,18.396385192871094,374600,0.0,0.0
2009-01-05 00:00:00-05:00,18.88221323404484,19.239939730849024,18.804866814945225,18.947473526000977,456800,0.0,0.0
2009-01-06 00:00:00-05:00,19.33420236802463,20.078662679136478,19.133586337423974,19.69676399230957,396000,0.0,0.0
2009-01-07 00:00:00-05:00,19.69435128153454,19.745109695476764,18.39154461401449,18.524484634399414,595000,0.0,0.0
2009-01-08 00:00:00-05:00,18.836290307186513,19.027239704460257,18.369794145260602,18.983732223510742,597300,0.0,0.0
2009-01-09 00:00:00-05:00,19.064450304623502,19.143443157327077,18.46459768200822,18.612709045410156,162700,1.637,0.0
2009-01-12 00:00:00-05:00,18.5954275043646,18.5954275043646,17.706757532054247,17.886959075927734,194700,0.0,0.0
2009-01-13 00:00:00-05:00,17.889427207265562,18.454720487144723,17.719098129847993,18.373258590698242,106900,0.0,0.0
2009-01-14 00:00:00-05:00,18.358449938846924,18.42263033365459,17.773407916913484,17.919050216674805,135600,0.0,0.0
2009-01-15 00:00:00-05:00,17.96348754033388,18.321425431846563,17.267362327765976,18.31895637512207,211500,0.0,0.0
2009-01-16 00:00:00-05:00,18.760824305983316,18.829942831039613,18.168376845968762,18.41522979736328,105600,0.0,0.0
2009-01-20 00:00:00-05:00,18.842283412604054,18.842283412604054,17.773409840998383,17.80056381225586,141000,0.0,0.0
2009-01-21 00:00:00-05:00,18.205406202089808,18.311553052567742,17.657392317452036,18.190595626831055,139700,0.0,0.0
2009-01-22 00:00:00-05:00,18.12887767412798,18.12887767412798,17.553709962098207,17.728975296020508,86100,0.0,0.0
2009-01-23 00:00:00-05:00,17.51174540773183,18.072100664592977,17.51174540773183,17.916584014892578,102900,0.0,0.0
2009-01-26 00:00:00-05:00,18.020264609551244,18.489285571946983,18.020264609551244,18.09185218811035,112200,0.0,0.0
2009-01-27 00:00:00-05:00,18.141221105260975,18.156033561573413,17.807970029975944,17.89683723449707,103800,0.0,0.0
2009-01-28 00:00:00-05:00,18.05728721597765,18.35350989678019,17.87214756964159,18.126405715942383,75500,0.0,0.0
2009-01-29 00:00:00-05:00,18.02025890637003,18.328824983533902,17.990635884960668,18.2202091217041,70800,0.0,0.0
2009-01-30 00:00:00-05:00,18.336228318883858,18.760815497261163,17.938795103077496,17.96841812133789,82800,0.0,0.0
2009-02-02 00:00:00-05:00,17.956079501702558,17.990638757195324,17.73391151400752,17.862276077270508,121900,0.0,0.0
2009-02-03 00:00:00-05:00,18.044948604119806,18.044948604119806,17.775879817437435,17.92152214050293,88300,0.0,0.0
2009-02-04 00:00:00-05:00,18.040009507106284,18.163435951106727,17.886960038544025,17.899303436279297,117100,0.0,0.0
2009-02-05 00:00:00-05:00,17.677145087189682,17.889438837150337,17.464851337229028,17.52409553527832,169700,0.0,0.0
2009-02-06 00:00:00-05:00,17.46237376004285,17.563584353864584,17.188366888157407,17.34388542175293,159400,0.0,0.0
2009-02-09 00:00:00-05:00,17.311794314201777,17.52655702903825,17.168621054315743,17.19330596923828,125100,0.0,0.0
2009-02-10 00:00:00-05:00,17.2303343015848,17.35376075966682,16.98594855857884,17.05013084411621,124900,0.0,0.0
2009-02-11 00:00:00-05:00,17.11431026372811,17.390784278197582,16.704533587513755,16.761310577392578,185600,0.0,0.0
2009-02-12 00:00:00-05:00,17.12665665558612,17.12665665558612,16.39597216398195,16.714412689208984,174900,0.0,0.0
2009-02-13 00:00:00-05:00,16.588514291770945,17.032850269528705,16.588514291770945,16.98841667175293,91300,0.0,0.0
2009-02-17 00:00:00-05:00,16.78599746444389,16.879800889919917,16.23057843069391,16.242921829223633,164400,0.0,0.0
2009-02-18 00:00:00-05:00,16.29229276946891,16.53914569021844,15.334503173293372,15.386343002319336,285100,0.0,0.0
2009-02-19 00:00:00-05:00,15.672693271717518,15.672693271717518,14.875357462274513,15.569014549255371,217600,0.0,0.0
2009-02-20 00:00:00-05:00,15.228354522240435,15.302411142950815,13.932376843175486,14.25081729888916,455700,0.0,0.0
2009-02-23 00:00:00-05:00,14.203918800527532,14.561855762115886,12.861038165787145,13.036304473876953,593100,0.0,0.0
2009-02-24 00:00:00-05:00,13.038769679953264,13.697867391253427,13.036301565367676,13.633685111999512,247100,0.0,0.0
2009-02-25 00:00:00-05:00,13.729960363542933,14.285379482766652,13.460890619230007,14.031121253967285,207500,0.0,0.0
2009-02-26 00:00:00-05:00,14.43842882952581,14.81117635341906,14.32240764675654,14.593945503234863,292700,0.0,0.0
2009-02-27 00:00:00-05:00,14.576666805163107,14.969163041299993,14.159485650192675,14.66059684753418,178700,0.0,0.0
2009-03-02 00:00:00-05:00,14.295252010553822,14.307594467746004,13.083204257566761,13.125168800354004,347500,0.0,0.0
2009-03-03 00:00:00-05:00,13.083203320254647,13.354741125705518,12.75735757704598,13.021490097045898,308800,0.0,0.0
2009-03-04 00:00:00-05:00,13.19181546643642,14.070611918224568,13.19181546643642,13.806479454040527,218500,0.0,0.0
2009-03-05 00:00:00-05:00,13.700335570469798,13.700335570469798,12.757357593925942,12.796854019165039,233600,0.0,0.0
2009-03-06 00:00:00-05:00,12.851162942134778,13.08320434049359,12.352519946723218,12.606778144836426,257100,0.0,0.0
2009-03-09 00:00:00-04:00,12.384614931782387,12.73514669203001,12.359930007705149,12.411768913269043,234200,0.0,0.0
2009-03-10 00:00:00-04:00,12.670961354495036,12.786981591311202,12.587031320591215,12.737610816955566,204100,0.0,0.0
2009-03-11 00:00:00-04:00,12.831416167019789,12.972122272517558,12.517912809009367,12.717864036560059,150000,0.0,0.0
2009-03-12 00:00:00-04:00,12.663552288029152,13.310306556293042,12.564811703117382,13.149852752685547,173100,0.0,0.0
2009-03-13 00:00:00-04:00,13.273282992883656,13.342401516291307,13.075800824812324,13.297967910766602,145900,0.0,0.0
2009-03-16 00:00:00-04:00,13.320184684395734,13.710212789444164,13.100485714042563,13.423863410949707,151600,0.0,0.0
2009-03-17 00:00:00-04:00,13.530008254413323,14.00890255792111,13.337462345440818,13.984217643737793,201000,0.0,0.0
2009-03-18 00:00:00-04:00,13.939783074587929,14.418677344762074,13.527538256403396,14.2705659866333,249100,0.0,0.0
2009-03-19 00:00:00-04:00,14.806233445405395,15.378931967195946,14.569254941561486,15.144421577453613,270600,0.0,0.0
2009-03-20 00:00:00-04:00,15.959042523259408,16.094810506645768,15.625790498120237,16.035566329956055,673200,0.0,0.0
2009-03-23 00:00:00-04:00,16.354000180413525,16.832895278930664,16.324377162462543,16.832895278930664,328800,0.0,0.0
2009-03-24 00:00:00-04:00,16.72428420791052,16.832900088091375,16.08493609200897,16.41571807861328,252400,0.0,0.0
2009-03-25 00:00:00-04:00,16.415718982522634,16.78599835806826,16.08493697770426,16.65022850036621,210600,0.0,0.0
2009-03-26 00:00:00-04:00,16.939053474099442,17.20565328175611,16.682326129067274,17.03038787841797,237400,0.0,0.0
2009-03-27 00:00:00-04:00,16.971140954480656,16.971140954480656,16.49224561069677,16.677385330200195,159000,0.0,0.0
2009-03-30 00:00:00-04:00,16.378690808741506,16.381159865267705,15.798586825413516,15.94176197052002,250800,0.0,0.0
2009-03-31 00:00:00-04:00,16.29229650280557,16.312045192992088,16.07259750366211,16.07259750366211,151600,0.0,0.0
2009-04-01 00:00:00-04:00,15.941760047616338,16.215766905485815,15.899795508424313,16.10715103149414,196900,0.0,0.0
2009-04-02 00:00:00-04:00,16.857588859575664,16.86005791650977,16.368819170246564,16.603330612182617,195300,0.0,0.0
2009-04-03 00:00:00-04:00,16.783527373503066,16.909422874060663,16.482366547988622,16.88226890563965,146000,0.0,0.0
2009-04-06 00:00:00-04:00,17.109377000998357,17.109377000998357,16.546552588202378,16.813154220581055,168200,0.0,0.0
2009-04-07 00:00:00-04:00,16.798337897747583,16.798337897747583,16.366345392196934,16.482364654541016,195700,0.0,0.0
2009-04-08 00:00:00-04:00,16.78105830467044,17.008162484589356,16.304632208026494,16.847707748413086,176400,0.0,0.0
2009-04-09 00:00:00-04:00,17.331661170153584,17.331661170153584,16.77556480367148,17.06363296508789,204200,0.992,0.0
2009-04-13 00:00:00-04:00,16.818155760392493,16.96093716846632,16.53259294424484,16.7830867767334,161000,0.0,0.0
2009-04-14 00:00:00-04:00,16.515050628334283,16.960929133148323,16.515050628334283,16.70292091369629,122100,0.0,0.0
2009-04-15 00:00:00-04:00,17.013537309480686,17.013537309480686,16.495015254298888,16.620262145996094,106000,0.0,0.0
2009-04-16 00:00:00-04:00,16.5876963302534,16.88077355730953,16.33469710917425,16.83819007873535,161600,0.0,0.0
2009-04-17 00:00:00-04:00,16.958425589153723,17.13126688289659,16.883278613133562,17.098703384399414,156200,0.0,0.0
2009-04-20 00:00:00-04:00,16.600226387610974,16.945909119331663,16.600226387610974,16.853225708007812,221400,0.0,0.0
2009-04-21 00:00:00-04:00,16.770557438406904,16.82817184743314,16.54511457024852,16.68539047241211,97000,0.0,0.0
2009-04-22 00:00:00-04:00,16.647825183530372,16.735497670619402,16.560152696441342,16.592716217041016,94600,0.0,0.0
2009-04-23 00:00:00-04:00,16.537598862204266,16.682885716324904,16.532589827389998,16.5902042388916,117000,0.0,0.0
2009-04-24 00:00:00-04:00,16.61775658685431,16.74550895083527,16.48249162630493,16.565153121948242,121300,0.0,0.0
2009-04-27 00:00:00-04:00,16.289610968529445,16.532590252257847,16.104246097783264,16.414857864379883,171100,0.0,0.0
2009-04-28 00:00:00-04:00,16.219476433810275,16.394821360540057,16.186912922022277,16.27959442138672,65700,0.0,0.0
2009-04-29 00:00:00-04:00,16.39983009883184,16.505037040699825,16.3221776290411,16.382295608520508,71800,0.0,0.0
2009-04-30 00:00:00-04:00,16.412353661232366,16.52758249611248,16.156850814819336,16.156850814819336,90400,0.0,0.0
2009-05-01 00:00:00-04:00,16.156847745605564,16.565151892105245,16.09672977747851,16.555131912231445,89500,0.0,0.0
2009-05-04 00:00:00-04:00,16.567659916905125,16.855728171524216,16.567659916905125,16.81314468383789,117100,0.0,0.0
2009-05-05 00:00:00-04:00,16.78308037824225,16.820654821013665,16.472468679488628,16.793100357055664,134700,0.0,0.0
2009-05-06 00:00:00-04:00,16.855725646496737,17.284069754558423,16.68538981015211,17.23146629333496,155600,0.0,0.0
2009-05-07 00:00:00-04:00,17.37424763112209,17.71992833758353,17.181366362537414,17.316633224487305,176900,0.0,0.0
2009-05-08 00:00:00-04:00,17.624738209814335,17.88525190673207,17.46943141613778,17.787559509277344,187400,0.0,0.0
2009-05-11 00:00:00-04:00,17.494483315488,17.724939027589414,17.30410943351673,17.376752853393555,90300,0.0,0.0
2009-05-12 00:00:00-04:00,17.351701017569322,17.65480013328693,17.304108505187607,17.489473342895508,72500,0.0,0.0
2009-05-13 00:00:00-04:00,17.44689331936788,17.644783648060656,17.048607188903283,17.086181640625,121300,0.0,0.0
2009-05-14 00:00:00-04:00,17.00602598562926,17.18888732263352,16.808135630364692,17.17886734008789,103800,0.0,0.0
2009-05-15 00:00:00-04:00,17.02105801144896,17.178870375532153,16.915851042804565,17.036088943481445,99200,0.0,0.0
2009-05-18 00:00:00-04:00,17.0987035084809,17.45941320044955,17.076158077730334,17.42184066772461,91100,0.0,0.0
2009-05-19 00:00:00-04:00,17.42936053525064,17.609716392267227,17.26653916927088,17.469438552856445,102200,0.0,0.0
2009-05-20 00:00:00-04:00,17.629755460698178,17.907803771090425,17.55210298322304,17.637271881103516,120900,0.0,0.0
2009-05-21 00:00:00-04:00,17.456917869396722,17.63476828223617,17.2890855292634,17.539579391479492,84200,0.0,0.0
2009-05-22 00:00:00-04:00,17.491978610298634,17.709906944565702,17.384266223884065,17.42184066772461,63200,0.0,0.0
2009-05-26 00:00:00-04:00,17.40931939328955,17.810109097818327,17.28407249117955,17.782554626464844,114000,0.0,0.0
2009-05-27 00:00:00-04:00,17.722437018563117,18.213404655750512,17.722437018563117,17.917821884155273,174200,0.0,0.0
2009-05-28 00:00:00-04:00,18.160796576695198,18.51649723718479,17.937857295746394,18.451370239257812,142700,0.0,0.0
2009-05-29 00:00:00-04:00,18.78703446099954,18.78703446099954,18.416302806744785,18.498966217041016,120000,0.0,0.0
2009-06-01 00:00:00-04:00,18.784523842114567,18.78702931446882,18.255981931178273,18.57411003112793,132100,0.0,0.0
2009-06-02 00:00:00-04:00,18.601669310193213,18.661787284453485,18.29105563576393,18.376224517822266,106700,0.0,0.0
2009-06-03 00:00:00-04:00,18.273524698887098,18.411297074092136,17.66232103435388,17.747488021850586,128200,0.0,0.0
2009-06-04 00:00:00-04:00,17.815120582839988,18.388751641183756,17.722437184474153,18.210899353027344,110800,0.0,0.0
2009-06-05 00:00:00-04:00,18.32111929201707,18.40879175373306,17.907804074080165,18.180843353271484,105000,0.0,0.0
2009-06-08 00:00:00-04:00,18.073122571189067,18.33113080116437,17.872726827516654,18.135746002197266,68400,0.0,0.0
2009-06-09 00:00:00-04:00,18.27852918764093,18.41880507565694,18.145767806323544,18.391250610351562,68800,0.0,0.0
2009-06-10 00:00:00-04:00,18.508993770276444,18.7369441323287,18.321123348807042,18.443864822387695,80000,0.0,0.0
2009-06-11 00:00:00-04:00,18.49144964562815,18.85466484023096,18.436340711580108,18.61419105529785,101600,0.0,0.0
2009-06-12 00:00:00-04:00,18.411293875599164,18.58914424016559,18.235948984087468,18.511491775512695,59700,0.0,0.0
2009-06-15 00:00:00-04:00,18.271018198917243,18.4513740388732,18.17332577079377,18.268512725830078,67800,0.0,0.0
2009-06-16 00:00:00-04:00,18.318608880452295,18.436341259212824,18.04807705881403,18.098175048828125,114400,0.0,0.0
2009-06-17 00:00:00-04:00,17.95790008540866,18.103185028480638,17.7224353155949,17.760009765625,105200,0.0,0.0
2009-06-18 00:00:00-04:00,17.732451812478796,17.907796663348325,17.597184965615646,17.79758071899414,67900,0.0,0.0
2009-06-19 00:00:00-04:00,17.790064459308876,18.03554916381836,17.612214134388424,18.03554916381836,97200,0.0,0.0
2009-06-22 00:00:00-04:00,17.71491657815041,17.742471040852447,16.7830796132483,17.18637466430664,242000,0.0,0.0
2009-06-23 00:00:00-04:00,17.28407041981911,17.28407041981911,16.783082871418557,16.996002197265625,105200,0.0,0.0
2009-06-24 00:00:00-04:00,17.07365296380965,17.238977826113448,16.845702760055648,16.978464126586914,70000,0.0,0.0
2009-06-25 00:00:00-04:00,16.963437361283347,17.32414897933663,16.938388368055353,17.284069061279297,65300,0.0,0.0
2009-06-26 00:00:00-04:00,17.08868773012765,17.496991945404798,17.08868773012765,17.386775970458984,63500,0.0,0.0
2009-06-29 00:00:00-04:00,17.45691056701973,17.760007784179027,17.326652742930097,17.351701736450195,59300,0.0,0.0
2009-06-30 00:00:00-04:00,17.271543609107457,17.53456281579059,17.221445622651473,17.284069061279297,78600,0.0,0.0
2009-07-01 00:00:00-04:00,17.32665712628813,17.519538438531644,17.043599796782363,17.14630126953125,64100,0.0,0.0
2009-07-02 00:00:00-04:00,17.09620522065157,17.09620522065157,16.82066236854933,16.920860290527344,61500,0.0,0.0
2009-07-06 00:00:00-04:00,16.79560673677001,16.815644784363666,16.40734065901873,16.765546798706055,94600,0.0,0.0
2009-07-07 00:00:00-04:00,16.783083627573163,16.783083627573163,16.28209605660083,16.322175979614258,129100,0.0,0.0
2009-07-08 00:00:00-04:00,16.309649852206856,16.49501471069748,16.17438298429775,16.33219337463379,123700,0.0,0.0
2009-07-09 00:00:00-04:00,16.412344201914834,16.730472228860283,16.369760737241823,16.69289779663086,118700,0.0,0.0
2009-07-10 00:00:00-04:00,16.73298622037123,16.73298622037123,16.259553102127306,16.525075912475586,118200,0.0,0.0
2009-07-13 00:00:00-04:00,16.584163045390746,17.149385452270508,16.250166739417374,17.149385452270508,118200,1.65,0.0
2009-07-14 00:00:00-04:00,17.044055547698072,17.08773339560715,16.66381540927461,16.66895294189453,91700,0.0,0.0
2009-07-15 00:00:00-04:00,16.74602562664339,16.941285141679145,16.7203340494354,16.853931427001953,84900,0.0,0.0
2009-07-16 00:00:00-04:00,16.979822069188263,17.21361993756654,16.884763034471533,16.961837768554688,99700,0.0,0.0
2009-07-17 00:00:00-04:00,17.080020505961457,17.211048126220703,16.95669820202988,17.211048126220703,50200,0.0,0.0
2009-07-20 00:00:00-04:00,17.4679676722051,17.62211908092142,17.218755280711985,17.570735931396484,103200,0.0,0.0
2009-07-21 00:00:00-04:00,17.568169612475973,17.984380261317547,17.568169612475973,17.71975326538086,90500,0.0,0.0
2009-07-22 00:00:00-04:00,17.853353108144493,17.853353108144493,17.398606007261783,17.47825050354004,76600,0.0,0.0
2009-07-23 00:00:00-04:00,17.470544419302556,17.850786542655868,17.424298782139886,17.683788299560547,63800,0.0,0.0
2009-07-24 00:00:00-04:00,17.81481457045655,17.87133722922627,17.68378690891817,17.79169273376465,51500,0.0,0.0
2009-07-27 00:00:00-04:00,17.855919799248532,17.984379653919383,17.67864457255737,17.76856803894043,41600,0.0,0.0
2009-07-28 00:00:00-04:00,17.6760798112625,17.73003272423895,17.277853409586907,17.47825050354004,84800,0.0,0.0
2009-07-29 00:00:00-04:00,17.41915884143668,17.41915884143668,17.092869679850473,17.226469039916992,76000,0.0,0.0
2009-07-30 00:00:00-04:00,17.25216312456035,17.506513150630504,17.25216312456035,17.35236167907715,70800,0.0,0.0
2009-07-31 00:00:00-04:00,17.30867594175941,17.593856883965994,17.30867594175941,17.501365661621094,74100,0.0,0.0
2009-08-03 00:00:00-04:00,17.58872291764896,17.953548431396488,17.58872291764896,17.953548431396484,93700,0.0,0.0
2009-08-04 00:00:00-04:00,17.953545009399953,17.981806328613324,17.807100882631328,17.82251739501953,58300,0.0,0.0
2009-08-05 00:00:00-04:00,17.830231517744526,17.88161468505859,17.640111446511863,17.881614685058594,67700,0.0,0.0
2009-08-06 00:00:00-04:00,17.830228509281213,17.99722671508789,17.68378435098899,17.99722671508789,49500,0.0,0.0
2009-08-07 00:00:00-04:00,17.997225624377,18.048608779907227,17.730028903307982,18.048608779907227,63300,0.0,0.0
2009-08-10 00:00:00-04:00,17.902165095847494,18.08714759679162,17.727459618304902,17.917579650878906,51700,0.0,0.0
2009-08-11 00:00:00-04:00,17.845644865842154,17.845644865842154,17.599002151202924,17.80453872680664,48400,0.0,0.0
2009-08-12 00:00:00-04:00,17.72489304975115,17.95098368483003,17.72489304975115,17.79169273376465,41300,0.0,0.0
2009-08-13 00:00:00-04:00,18.03319809058773,18.22845569156833,17.79426264188844,18.177072525024414,75500,0.0,0.0
2009-08-14 00:00:00-04:00,18.089715960428258,18.112837791208623,17.79168818498152,17.97924041748047,46400,0.0,0.0
2009-08-17 00:00:00-04:00,17.91243952061674,17.91243952061674,17.496228953873853,17.72745704650879,63700,0.0,0.0
2009-08-18 00:00:00-04:00,17.740305530323507,18.053745908285954,17.740305530323507,17.91244125366211,32500,0.0,0.0
2009-08-19 00:00:00-04:00,18.17449309407838,18.17449309407838,17.804530179790255,17.938127517700195,52600,0.0,0.0
2009-08-20 00:00:00-04:00,18.048607419605567,18.048607419605567,17.830226084848622,17.935562133789062,34200,0.0,0.0
2009-08-21 00:00:00-04:00,18.04347494494169,18.177072352775163,18.038335452250706,18.141103744506836,55500,0.0,0.0
2009-08-24 00:00:00-04:00,18.554747371563394,18.554747371563394,18.107707490040262,18.413440704345703,91900,0.0,0.0
2009-08-25 00:00:00-04:00,18.377467770571947,18.49822035596275,18.3260846091955,18.480236053466797,74200,0.0,0.0
2009-08-26 00:00:00-04:00,18.624107774642805,18.624107774642805,18.277266585257134,18.382604598999023,58600,0.0,0.0
2009-08-27 00:00:00-04:00,18.31323726118133,18.457111676611152,18.04861026416924,18.418575286865234,78200,0.0,0.0
2009-08-28 00:00:00-04:00,18.49821952608944,18.626679383909504,18.277268413827578,18.53932762145996,83400,0.0,0.0
2009-08-31 00:00:00-04:00,18.441694895882552,18.49821754088013,18.164221162335352,18.300390243530273,50700,0.0,0.0
2009-09-01 00:00:00-04:00,18.367187272193835,18.392878848022608,17.84564063831757,17.935562133789062,86600,0.0,0.0
2009-09-02 00:00:00-04:00,17.894456911344204,17.981808665617148,17.57587704261099,17.84821128845215,103100,0.0,0.0
2009-09-03 00:00:00-04:00,17.84564911847278,17.97153927195519,17.819957530435506,17.958694458007812,46000,0.0,0.0
2009-09-04 00:00:00-04:00,17.963825126033093,18.215607296912776,17.86876609061117,18.056316375732422,39200,0.0,0.0
2009-09-08 00:00:00-04:00,18.495650774254795,18.495650774254795,18.166793834181703,18.34149932861328,58500,0.0,0.0
2009-09-09 00:00:00-04:00,18.346637938701484,18.495649884909394,18.344068192690795,18.446836471557617,71800,0.0,0.0
2009-09-10 00:00:00-04:00,18.498222174402656,18.654943380191607,18.43399223629709,18.636959075927734,78100,0.0,0.0
2009-09-11 00:00:00-04:00,18.690908610497686,18.868183834873555,18.62667868400113,18.726877212524414,116200,0.0,0.0
2009-09-14 00:00:00-04:00,18.567585471927774,18.865613258622457,18.567585471927774,18.785968780517578,55900,0.0,0.0
2009-09-15 00:00:00-04:00,18.814227991631295,19.20474502123973,18.755135606026762,19.173913955688477,73800,0.0,0.0
2009-09-16 00:00:00-04:00,19.256131462659457,19.495066871144463,19.16107242453802,19.461668014526367,111900,0.0,0.0
2009-09-17 00:00:00-04:00,19.46423530627317,19.62095646627925,19.27411333371858,19.574710845947266,79200,0.0,0.0
2009-09-18 00:00:00-04:00,19.541312953773122,19.55158997762071,19.099410729036148,19.155933380126953,106000,0.0,0.0
2009-09-21 00:00:00-04:00,19.012054494735768,19.104545727467418,18.7551348394015,19.076284408569336,64000,0.0,0.0
2009-09-22 00:00:00-04:00,19.091698479278783,19.292095491764208,19.091698479278783,19.253559112548828,61500,0.0,0.0
2009-09-23 00:00:00-04:00,19.23557832317202,19.281823946804803,19.012057482256633,19.024904251098633,83400,0.0,0.0
2009-09-24 00:00:00-04:00,19.012057678762233,19.137947782119756,18.68063103265869,18.839921951293945,82900,0.0,0.0
2009-09-25 00:00:00-04:00,18.757703954243688,18.968377986130207,18.683197021484375,18.683197021484375,54900,0.0,0.0
2009-09-28 00:00:00-04:00,18.76798455539246,19.099409237928707,18.70375463146592,19.024904251098633,54200,0.0,0.0
2009-09-29 00:00:00-04:00,19.155932794584277,19.155932794584277,18.904152578511102,19.09427261352539,49000,0.0,0.0
2009-09-30 00:00:00-04:00,19.543885561673928,19.543885561673928,18.93755478687139,19.179059982299805,55700,0.0,0.0
2009-10-01 00:00:00-04:00,19.137945382545094,19.158499426270918,18.8604736328125,18.8604736328125,89600,0.0,0.0
2009-10-02 00:00:00-04:00,18.881036210101936,18.89388298460593,18.36976633915285,18.88360595703125,99200,0.0,0.0
2009-10-05 00:00:00-04:00,18.878465928610705,19.317798508623802,18.863049409214618,19.235584259033203,61200,0.0,0.0
2009-10-06 00:00:00-04:00,19.35633104391662,19.726296073313485,19.281826048963797,19.631237030029297,100600,0.0,0.0
2009-10-07 00:00:00-04:00,19.52589126623839,19.78024114310381,19.453954085722202,19.75197982788086,85300,0.0,0.0
2009-10-08 00:00:00-04:00,19.78281565397726,20.165625434026254,19.78281565397726,20.06028938293457,141800,0.0,0.0
2009-10-09 00:00:00-04:00,20.147637991357975,20.471357291305143,20.062854038491114,20.407127380371094,117000,0.0,0.0
2009-10-12 00:00:00-04:00,20.933815956790852,20.933815956790852,20.50219082489388,20.735986709594727,131300,0.0,0.0
2009-10-13 00:00:00-04:00,20.770117291118698,20.869884545105567,20.418302863658877,20.57845687866211,103600,1.73,0.0
2009-10-14 00:00:00-04:00,20.767494090121282,21.003787095561798,20.510198819923897,20.827880859375,107500,0.0,0.0
2009-10-15 00:00:00-04:00,20.906644051835336,20.97490692138672,20.541703407932438,20.97490692138672,68600,0.0,0.0
2009-10-16 00:00:00-04:00,20.909267800851563,21.001158959583023,20.88301347022501,20.972278594970703,76400,0.0,0.0
2009-10-19 00:00:00-04:00,20.94864916844931,21.148185675987637,20.877760276196323,21.11142921447754,83900,0.0,0.0
2009-10-20 00:00:00-04:00,21.19544086306901,21.266327740851477,20.709726836896923,21.077293395996094,107200,0.0,0.0
2009-10-21 00:00:00-04:00,20.972285400260446,21.26633920669556,20.81213132746998,21.00379180908203,106000,0.0,0.0
2009-10-22 00:00:00-04:00,20.972277463815693,21.121929343700206,20.767490891666032,21.11142921447754,88900,0.0,0.0
2009-10-23 00:00:00-04:00,21.085179623151348,21.13506426675335,20.224024530041884,20.59421730041504,137700,0.0,0.0
2009-10-26 00:00:00-04:00,20.38942750545074,20.864637552652887,20.221395364034255,20.415681838989258,124200,0.0,0.0
2009-10-27 00:00:00-04:00,20.735985589827415,20.735985589827415,20.35791685590535,20.43667984008789,76300,0.0,0.0
2009-10-28 00:00:00-04:00,20.846259789181886,20.846259789181886,19.838076933323567,19.95622444152832,178500,0.0,0.0
2009-10-29 00:00:00-04:00,20.30540959687875,20.67297626051071,20.1505076332274,20.64147186279297,89000,0.0,0.0
2009-10-30 00:00:00-04:00,20.578458387226263,20.686103750775448,20.076994043563307,20.1505069732666,111600,0.0,0.0
2009-11-02 00:00:00-05:00,20.197767893442727,20.586338856217697,19.979853110285667,20.32379150390625,90900,0.0,0.0
2009-11-03 00:00:00-05:00,20.297531344703103,20.609963276115465,20.06649043927601,20.57845687866211,68500,0.0,0.0
2009-11-04 00:00:00-05:00,20.633590483169414,20.83575301744338,20.578455792842927,20.680849075317383,99800,0.0,0.0
2009-11-05 00:00:00-05:00,20.68084745842969,20.922392467788427,20.6099605772883,20.804244995117188,50400,0.0,0.0
2009-11-06 00:00:00-05:00,20.667727418223734,20.767494688695407,20.407806106286163,20.47869300842285,102600,0.0,0.0
2009-11-09 00:00:00-05:00,20.557459953184857,20.875142031766572,20.549581849468762,20.82000732421875,78500,0.0,0.0
2009-11-10 00:00:00-05:00,20.806874792325658,20.94602454930882,20.741237963327784,20.767492294311523,89600,0.0,0.0
2009-11-11 00:00:00-05:00,20.88564424274037,20.977535422320074,20.48657111559782,20.722864151000977,78400,0.0,0.0
2009-11-12 00:00:00-05:00,20.604714046530678,20.704481304561156,20.40780356138946,20.42618179321289,57400,0.0,0.0
2009-11-13 00:00:00-05:00,20.481313605158707,20.722856618853736,20.40517465458765,20.6624698638916,48000,0.0,0.0
2009-11-16 00:00:00-05:00,20.709738536791242,20.99329021426584,20.709738536791242,20.88564682006836,92700,0.0,0.0
2009-11-17 00:00:00-05:00,20.88564492350268,20.951281768638673,20.680856284093256,20.812129974365234,49700,0.0,0.0
2009-11-18 00:00:00-05:00,20.875136566173822,20.977529853821917,20.709730483760016,20.809499740600586,75400,0.0,0.0
2009-11-19 00:00:00-05:00,20.693985758319904,20.746494436506353,20.436688427819902,20.528581619262695,66800,0.0,0.0
2009-11-20 00:00:00-05:00,20.489194774128016,20.596838142559125,20.39730360520457,20.415681838989258,48800,0.0,0.0
2009-11-23 00:00:00-05:00,20.56270691151548,20.990658340514578,20.56270691151548,20.6782283782959,58100,0.0,0.0
2009-11-24 00:00:00-05:00,20.63884635889688,20.791124295369002,20.42618365652951,20.75436782836914,60700,0.0,0.0
2009-11-25 00:00:00-05:00,20.704483544133012,20.964404851773132,20.688731344602477,20.951278686523438,65400,0.0,0.0
2009-11-27 00:00:00-05:00,20.481318878142734,20.88301599420261,20.47869284383958,20.79374885559082,44400,0.0,0.0
2009-11-30 00:00:00-05:00,20.741239336837143,20.820004338081326,20.51807450408155,20.654598236083984,68100,0.0,0.0
2009-12-01 00:00:00-05:00,20.649344154269972,20.92501759884903,20.649344154269972,20.896137237548828,119600,0.0,0.0
2009-12-02 00:00:00-05:00,20.938148625280913,20.97753112362413,20.478690818456567,20.549577713012695,98900,0.0,0.0
2009-12-03 00:00:00-05:00,20.546958393311055,20.76749722967766,20.546958393311055,20.665103912353516,70000,0.0,0.0
2009-12-04 00:00:00-05:00,20.94077250107641,20.94077250107641,20.465560542045964,20.536449432373047,73600,0.0,0.0
2009-12-07 00:00:00-05:00,20.738608466796613,20.738608466796613,20.428802605528634,20.502315521240234,73500,0.0,0.0
2009-12-08 00:00:00-05:00,20.423556523830875,20.502319518989857,20.350043593784978,20.357919692993164,57900,0.0,0.0
2009-12-09 00:00:00-05:00,20.357924673433445,20.67298073730012,20.105879421724584,20.292287826538086,129700,0.0,0.0
2009-12-10 00:00:00-05:00,20.27128054153169,20.478693187259108,20.255528341603153,20.394678115844727,99700,0.0,0.0
2009-12-11 00:00:00-05:00,20.447187651498034,20.478694055768617,20.284409570460173,20.39992904663086,71000,0.0,0.0
2009-12-14 00:00:00-05:00,20.612596797055975,20.728116290190833,20.373677703175975,20.699235916137695,68900,0.0,0.0
2009-12-15 00:00:00-05:00,20.69397562308539,20.864631748226046,20.612586610834782,20.804244995117188,71600,0.0,0.0
2009-12-16 00:00:00-05:00,20.738611595642254,20.969654511966827,20.730735496781556,20.935522079467773,70400,0.0,0.0
2009-12-17 00:00:00-05:00,20.93551918985735,20.946021321247738,20.7989954879358,20.91714096069336,56000,0.0,0.0
2009-12-18 00:00:00-05:00,20.925020665423908,20.988033464628085,20.79374700503084,20.90401840209961,62800,0.0,0.0
2009-12-21 00:00:00-05:00,20.904022960787426,21.00379024333536,20.804253675161963,20.96965980529785,59200,0.0,0.0
2009-12-22 00:00:00-05:00,20.97227516567777,20.985403330382905,20.872507924379544,20.91451644897461,45100,0.0,0.0
2009-12-23 00:00:00-05:00,20.848882771408757,21.20857130280815,20.848882771408757,21.116680145263672,82000,0.0,0.0
2009-12-24 00:00:00-05:00,21.145567104393653,21.292593002319336,21.145567104393653,21.292593002319336,23700,0.0,0.0
2009-12-28 00:00:00-05:00,21.410736646258453,21.48949964739809,21.074674364266617,21.25583267211914,89600,0.0,0.0
2009-12-29 00:00:00-05:00,21.339844356556327,21.52887873422722,21.339844356556327,21.42911148071289,134800,0.0,0.0
2009-12-30 00:00:00-05:00,21.48162782485136,21.660160133957387,21.400238773211644,21.636531829833984,104000,0.0,0.0
2009-12-31 00:00:00-05:00,21.67066494903982,21.89645589738221,21.565645577216728,21.738927841186523,96300,0.0,0.0
2010-01-04 00:00:00-05:00,22.05135489352705,22.316528320312504,21.84919428303838,22.3165283203125,155000,0.0,0.0
2010-01-05 00:00:00-05:00,22.282391609519713,22.531810760498047,22.24825917619545,22.531810760498047,101900,0.0,0.0
2010-01-06 00:00:00-05:00,22.576444948108726,22.84686838473045,22.4714256126917,22.67621421813965,93700,0.0,0.0
2010-01-07 00:00:00-05:00,22.707720824023955,22.823242304520228,22.474053831621884,22.762855529785156,114100,0.0,0.0
2010-01-08 00:00:00-05:00,22.762851057315782,23.17505025536938,22.663083800266097,23.03852653503418,102600,0.0,0.0
2010-01-11 00:00:00-05:00,23.42710655902733,23.62926718581843,23.10679839446045,23.230195999145508,131600,0.0,0.0
2010-01-12 00:00:00-05:00,23.230189235156498,23.421847669245597,23.104165632172492,23.23543930053711,162400,0.0,0.0
2010-01-13 00:00:00-05:00,23.230510498999852,23.433061784344638,22.92394475466882,23.41663932800293,217500,3.612,0.0
2010-01-14 00:00:00-05:00,23.539811967345663,23.72046734064583,23.430324052161467,23.717729568481445,87400,0.0,0.0
2010-01-15 00:00:00-05:00,23.561709275832577,23.717728871686216,23.402951907894987,23.504228591918945,71500,0.0,0.0
2010-01-19 00:00:00-05:00,23.515184624403677,23.67667772441316,23.266099497978253,23.630146026611328,140300,0.0,0.0
2010-01-20 00:00:00-05:00,23.676672840811932,24.14199389946984,23.33452438935511,23.496017456054688,137700,0.0,0.0
2010-01-21 00:00:00-05:00,23.594562565466408,23.881968175393585,23.266100801243034,23.340003967285156,180200,0.0,0.0
2010-01-22 00:00:00-05:00,23.255147389761206,23.2743076209043,22.603697442587453,22.655702590942383,151100,0.0,0.0
2010-01-25 00:00:00-05:00,22.655709488300978,23.17030228990834,22.600966550742804,23.112821578979492,102200,0.0,0.0
2010-01-26 00:00:00-05:00,23.101867353432347,23.444015856628003,22.92394971410886,22.9951171875,101500,0.0,0.0
2010-01-27 00:00:00-05:00,23.345480769282897,23.345480769282897,22.310823859179354,22.540746688842773,161700,0.0,0.0
2010-01-28 00:00:00-05:00,22.822670086188598,22.841830316384474,22.34092655888986,22.420305252075195,73500,0.0,0.0
2010-01-29 00:00:00-05:00,22.85551358291465,22.85551358291465,22.28891590457113,22.310813903808594,98600,0.0,0.0
2010-02-01 00:00:00-05:00,22.622856876849948,22.932158336781608,22.433990256300365,22.92120933532715,87400,0.0,0.0
2010-02-02 00:00:00-05:00,22.99237622745628,23.77247428894043,22.923946536303138,23.77247428894043,154400,0.0,0.0
2010-02-03 00:00:00-05:00,23.813523768789924,23.936696332270937,23.460426441621287,23.62192153930664,88400,0.0,0.0
2010-02-04 00:00:00-05:00,23.282514253764756,23.509701298401925,22.784346254084262,22.86646270751953,195000,0.0,0.0
2010-02-05 00:00:00-05:00,22.806253207924424,23.101870050390463,22.02067940108661,22.529796600341797,219400,0.0,0.0
2010-02-08 00:00:00-05:00,22.858252329612487,22.880148241475485,22.52978859196866,22.6392765045166,106000,0.0,0.0
2010-02-09 00:00:00-05:00,22.75423732151203,22.841827231766025,22.61190450046486,22.672122955322266,177900,0.0,0.0
2010-02-10 00:00:00-05:00,22.71865802919086,22.970478797717973,22.565376185445402,22.92120933532715,58800,0.0,0.0
2010-02-11 00:00:00-05:00,23.22777306794255,23.627402188489572,23.04711769229767,23.52338981628418,102000,0.0,0.0
2010-02-12 00:00:00-05:00,23.709518395757943,23.925756454467773,23.1593431346939,23.925756454467773,105800,0.0,0.0
2010-02-16 00:00:00-05:00,23.950389220975726,24.155678271441232,23.83816353766664,23.99144744873047,143900,0.0,0.0
2010-02-17 00:00:00-05:00,24.08725059599745,24.155680285190623,23.977762675626693,23.983238220214844,86400,0.0,0.0
2010-02-18 00:00:00-05:00,24.09820513354729,24.328127939674232,23.983243730483817,24.25422477722168,78000,0.0,0.0
2010-02-19 00:00:00-05:00,24.330858414857413,24.358229870952005,24.08724890549153,24.314435958862305,71000,0.0,0.0
2010-02-22 00:00:00-05:00,24.495092068920822,24.495092068920822,24.185790611541897,24.34181022644043,81800,0.0,0.0
2010-02-23 00:00:00-05:00,24.298009788515927,24.33359455853495,24.027028841189725,24.213157653808594,120200,0.0,0.0
2010-02-24 00:00:00-05:00,24.251483651322424,24.45129928090459,24.177580499087615,24.229585647583008,100400,0.0,0.0
2010-02-25 00:00:00-05:00,24.440352402048653,24.459512634907856,24.03524765091429,24.421192169189453,113900,0.0,0.0
2010-02-26 00:00:00-05:00,24.467726481571265,24.634695137904,24.415719234687927,24.464988708496094,73800,0.0,0.0
2010-03-01 00:00:00-05:00,24.75786238420317,24.75786238420317,24.46224769406957,24.686697006225586,125700,0.0,0.0
2010-03-02 00:00:00-05:00,25.037054487654647,25.33814469608763,24.757860192186936,25.182125091552734,137100,0.0,0.0
2010-03-03 00:00:00-05:00,25.31898380487953,25.672081235025654,25.250554118920395,25.316246032714844,98500,0.0,0.0
2010-03-04 00:00:00-05:00,25.592695818552755,25.592695818552755,24.941246131325837,25.026098251342773,77100,0.0,0.0
2010-03-05 00:00:00-05:00,25.053482985706008,25.68577278471277,25.053482985706008,25.628292083740234,243800,0.0,0.0
2010-03-08 00:00:00-05:00,25.754207304920886,25.852746264531394,25.458592514398603,25.80895233154297,101400,0.0,0.0
2010-03-09 00:00:00-05:00,25.72957149820189,25.80073898281707,25.595449848522904,25.693988800048828,100800,0.0,0.0
2010-03-10 00:00:00-05:00,25.69398732615921,26.137410494280626,25.669351545536387,25.92391014099121,120800,0.0,0.0
2010-03-11 00:00:00-05:00,25.83083919920686,26.085397720336914,25.83083919920686,26.085397720336914,112500,0.0,0.0
2010-03-12 00:00:00-05:00,26.16750546132059,26.665673376739612,26.12097378678824,26.41385269165039,152200,0.0,0.0
2010-03-15 00:00:00-04:00,26.460391657851766,27.029727171881355,26.13740344203771,26.353641510009766,129000,0.0,0.0
2010-03-16 00:00:00-04:00,26.550718844258277,26.619148532001212,26.405648240372592,26.594514846801758,93700,0.0,0.0
2010-03-17 00:00:00-04:00,26.824440557170302,26.906557026852415,26.6328382456568,26.791593551635742,92600,0.0,0.0
2010-03-18 00:00:00-04:00,26.824439528643925,26.892869221319035,26.208572294567915,26.21678352355957,150600,0.0,0.0
2010-03-19 00:00:00-04:00,23.27978515625,26.443973867766747,23.27978515625,23.27978515625,1198900,0.0,0.0
2010-03-22 00:00:00-04:00,23.756056773962367,25.16844480730163,23.641095370100462,25.08633041381836,538800,0.0,0.0
2010-03-23 00:00:00-04:00,25.756938130661478,26.088137621227784,25.14928207307537,25.975914001464844,264600,0.0,0.0
2010-03-24 00:00:00-04:00,26.137402313218644,26.137402313218644,25.455843224514417,25.570804595947266,186700,0.0,0.0
2010-03-25 00:00:00-04:00,25.628289526946197,26.07171471803619,25.628289526946197,25.669347763061523,255400,0.0,0.0
2010-03-26 00:00:00-04:00,25.73777686326059,26.509663748744938,25.390154927275518,25.540699005126953,246400,0.0,0.0
2010-03-29 00:00:00-04:00,26.821705271223006,26.821705271223006,26.014235627160343,26.712217330932617,406600,0.0,0.0
2010-03-30 00:00:00-04:00,26.698532926315707,26.91203326357302,26.55346229142593,26.687583923339844,145000,0.0,0.0
2010-03-31 00:00:00-04:00,26.906557950043084,27.04067957270438,26.769698554749496,27.026992797851562,239800,0.0,0.0
2010-04-01 00:00:00-04:00,27.11185026075672,27.37188230735302,26.96404184569995,27.360933303833008,259700,0.0,0.0
2010-04-05 00:00:00-04:00,27.64559481694148,28.740469859196587,27.536106895054285,28.466751098632812,359600,0.0,0.0
2010-04-06 00:00:00-04:00,28.466758043209907,28.76511056262065,27.850890681698154,28.762374877929688,328200,0.0,0.0
2010-04-07 00:00:00-04:00,28.453072984233494,28.696682588206823,27.69487270558901,27.891950607299805,328400,0.0,0.0
2010-04-08 00:00:00-04:00,27.6483417938495,28.242311200820808,26.82444746553855,28.08902931213379,395400,0.0,0.0
2010-04-09 00:00:00-04:00,28.193043414881892,28.737743377685547,28.193043414881892,28.737743377685547,329400,0.0,0.0
2010-04-12 00:00:00-04:00,28.98408244277112,28.98408244277112,28.603613492566268,28.732261657714844,344300,0.0,0.0
2010-04-13 00:00:00-04:00,28.373331980167922,28.675474072900546,27.93970414068409,28.588748931884766,233000,2.267,0.0
2010-04-14 00:00:00-04:00,28.664279708586243,28.938446120742253,28.378924747236205,28.580352783203125,195200,0.0,0.0
2010-04-15 00:00:00-04:00,28.58034840895025,28.672667799301628,28.339754084413496,28.345348358154297,93300,0.0,0.0
2010-04-16 00:00:00-04:00,27.987259325392802,28.19707984020636,27.673926588218883,27.967676162719727,283000,0.0,0.0
2010-04-19 00:00:00-04:00,27.430528790025708,28.046001281085914,27.416539905699945,27.875347137451172,261200,0.0,0.0
2010-04-20 00:00:00-04:00,28.157903720431936,28.717424898644577,27.981653183276453,28.5159969329834,163900,0.0,0.0
2010-04-21 00:00:00-04:00,28.792972329065435,28.792972329065435,28.272617227445767,28.63071060180664,139800,0.0,0.0
2010-04-22 00:00:00-04:00,28.524396907604245,28.53558759023876,28.177494283552242,28.434873580932617,105100,0.0,0.0
2010-04-23 00:00:00-04:00,28.474045784667812,28.792972835214663,28.188690788959285,28.781782150268555,127600,0.0,0.0
2010-04-26 00:00:00-04:00,28.367734866354024,28.706245050775383,28.367734866354024,28.462852478027344,99000,0.0,0.0
2010-04-27 00:00:00-04:00,28.25582838327325,28.401302996207534,27.886544374927446,27.920116424560547,157900,0.0,0.0
2010-04-28 00:00:00-04:00,28.006844591637552,28.292199574078726,27.90053629119963,28.22505760192871,78200,0.0,0.0
2010-04-29 00:00:00-04:00,28.507610899792684,28.507610899792684,27.69630458114101,27.77463722229004,155700,0.0,0.0
2010-04-30 00:00:00-04:00,27.65714045736845,27.811009682136127,26.297503408273435,27.584402084350586,466100,0.0,0.0
2010-05-03 00:00:00-04:00,26.686371499336502,27.136786371722618,25.66524457496292,26.9185733795166,973200,0.0,0.0
2010-05-04 00:00:00-04:00,26.32547969750056,27.07523840916093,26.031732262621535,26.929763793945312,283900,0.0,0.0
2010-05-05 00:00:00-04:00,26.417802146287546,26.82905070371456,26.129648975955604,26.275123596191406,253300,0.0,0.0
2010-05-06 00:00:00-04:00,26.269532510286556,26.91298089728824,23.78245983522984,26.126853942871094,545300,0.0,0.0
2010-05-07 00:00:00-04:00,26.57725892878437,26.57725892878437,25.3183361374209,26.1324405670166,262400,0.0,0.0
2010-05-10 00:00:00-04:00,27.584393602716087,27.584393602716087,26.619220426030296,27.354990005493164,240000,0.0,0.0
2010-05-11 00:00:00-04:00,27.32422446344163,27.696306671385006,27.106011479656658,27.497676849365234,173600,0.0,0.0
2010-05-12 00:00:00-04:00,27.973281283022427,28.211077531794473,27.629176700579656,28.079591751098633,149700,0.0,0.0
2010-05-13 00:00:00-04:00,28.300593322787503,28.300593322787503,27.724284831708182,27.90892791748047,90500,0.0,0.0
2010-05-14 00:00:00-04:00,27.788634884256265,27.788634884256265,26.890603162793845,27.285064697265625,225700,0.0,0.0
2010-05-17 00:00:00-04:00,26.999716010404228,27.27667861097441,26.17162427998434,26.647216796875,229700,0.0,0.0
2010-05-18 00:00:00-04:00,26.739532066625355,27.416552545805374,26.591259215790604,26.675186157226562,172100,0.0,0.0
2010-05-19 00:00:00-04:00,26.577257675146118,26.627614669801503,25.486190880548783,26.101665496826172,288400,0.0,0.0
2010-05-20 00:00:00-04:00,25.48899381367773,25.86387207224471,24.683283884097957,24.996614456176758,444100,0.0,0.0
2010-05-21 00:00:00-04:00,24.702873679778996,25.444237917769648,24.19930350453533,25.298763275146484,375100,0.0,0.0
2010-05-24 00:00:00-04:00,25.29875717341005,25.458220668042486,24.772807888433913,25.223222732543945,160400,0.0,0.0
2010-05-25 00:00:00-04:00,24.613342908575497,25.066553795233318,24.40352242122521,25.03577995300293,182000,0.0,0.0
2010-05-26 00:00:00-04:00,25.413458297442236,25.763159135756258,25.251198730611975,25.304351806640625,123600,0.0,0.0
2010-05-27 00:00:00-04:00,26.04571708442931,26.437382436292307,25.844289067219513,26.143632888793945,136100,0.0,0.0
2010-05-28 00:00:00-04:00,26.02613531253851,26.26952786872398,25.877862495958293,25.903039932250977,141100,0.0,0.0
2010-06-01 00:00:00-04:00,25.458219542081586,26.017740850698765,25.05536351686781,25.10572052001953,209100,0.0,0.0
2010-06-02 00:00:00-04:00,25.119717082081294,25.79114328446388,24.823171380911052,25.715606689453125,207900,0.0,0.0
2010-06-03 00:00:00-04:00,25.768758341599906,26.40101812353587,25.712807055158038,26.322683334350586,177100,0.0,0.0
2010-06-04 00:00:00-04:00,25.838698804201456,26.694765875829802,25.693222042787166,25.777151107788086,181900,0.0,0.0
2010-06-07 00:00:00-04:00,25.905835852615027,26.24154991441743,25.65125477012581,25.737979888916016,112600,0.0,0.0
2010-06-08 00:00:00-04:00,25.80512357427302,26.104467405461666,25.598101276338088,26.014944076538086,89800,0.0,0.0
2010-06-09 00:00:00-04:00,26.149228517572773,26.482144376890307,25.805121976032318,25.908634185791016,121600,0.0,0.0
2010-06-10 00:00:00-04:00,26.353460445898506,26.468163372035644,25.844295992364067,26.428997039794922,192600,0.0,0.0
2010-06-11 00:00:00-04:00,26.073695925881022,26.52131474550167,26.073695925881022,26.434587478637695,88600,0.0,0.0
2010-06-14 00:00:00-04:00,26.577269593573522,26.848637845665337,26.367449044150572,26.445781707763672,111300,0.0,0.0
2010-06-15 00:00:00-04:00,26.717138403493063,26.76749539894911,26.303091759254013,26.535293579101562,123100,0.0,0.0
2010-06-16 00:00:00-04:00,26.325487475416466,26.57167831384838,26.185607093363874,26.219179153442383,173300,0.0,0.0
2010-06-17 00:00:00-04:00,26.10446747434859,26.18000405062988,25.340722039354837,25.56732749938965,274200,0.0,0.0
2010-06-18 00:00:00-04:00,25.620488047575684,25.79114226284156,25.374297240291156,25.581321716308594,162500,0.0,0.0
2010-06-21 00:00:00-04:00,25.749176858511035,26.014948688063537,25.628879663845133,25.710010528564453,140600,0.0,0.0
2010-06-22 00:00:00-04:00,25.76595884308462,25.8946485029624,25.458222514298207,25.49738883972168,161400,0.0,0.0
2010-06-23 00:00:00-04:00,25.458213825304316,25.631666160411584,25.318333529560885,25.452619552612305,81100,0.0,0.0
2010-06-24 00:00:00-04:00,25.323933654946636,25.525361668874464,25.04697120299808,25.091733932495117,157900,0.0,0.0
2010-06-25 00:00:00-04:00,25.108516302979748,25.488990926902584,24.982624874442365,25.301551818847656,112100,0.0,0.0
2010-06-28 00:00:00-04:00,25.25119547921868,25.315539229916897,25.108516957924856,25.18684959411621,96600,0.0,0.0
2010-06-29 00:00:00-04:00,24.901499330816335,25.14209369222748,24.618940439502378,24.795188903808594,178600,0.0,0.0
2010-06-30 00:00:00-04:00,24.898695955496713,25.22321930931833,24.78679127713049,24.94066047668457,83900,0.0,0.0
2010-07-01 00:00:00-04:00,25.03857804691966,25.03857804691966,24.28042694542637,24.85953140258789,224800,0.0,0.0
2010-07-02 00:00:00-04:00,24.97983318571214,25.21762935408425,24.873524887984715,25.083345413208008,86500,0.0,0.0
2010-07-06 00:00:00-04:00,25.262396363542358,25.704416722628718,25.21763361940924,25.329538345336914,159800,0.0,0.0
2010-07-07 00:00:00-04:00,25.31833914320523,26.084882736206055,25.31833914320523,26.084882736206055,88300,0.0,0.0
2010-07-08 00:00:00-04:00,26.104467372533517,26.535299059436213,26.087682415382933,26.367443084716797,146000,0.0,0.0
2010-07-09 00:00:00-04:00,26.54369685854659,26.982921112064616,26.247151172621223,26.910184860229492,202700,0.0,0.0
2010-07-12 00:00:00-04:00,26.996904662395345,26.996904662395345,26.619228184672792,26.980119705200195,170100,0.0,0.0
2010-07-13 00:00:00-04:00,27.024443597281262,27.1960269297928,26.503972918976014,26.57546615600586,168600,2.095,0.0
2010-07-14 00:00:00-04:00,26.595484350921545,26.595484350921545,26.166524925906682,26.223718643188477,135600,0.0,0.0
2010-07-15 00:00:00-04:00,26.12648650739052,26.572603570589663,25.737563156262972,26.12934684753418,134000,0.0,0.0
2010-07-16 00:00:00-04:00,25.854815614450175,26.383865138816702,25.84337643456435,26.052135467529297,182000,0.0,0.0
2010-07-19 00:00:00-04:00,26.095019037497853,26.398149519374073,25.783309720368443,26.06928253173828,109700,0.0,0.0
2010-07-20 00:00:00-04:00,26.052129230643118,26.33810211392526,25.903424291328385,26.08644676208496,170000,0.0,0.0
2010-07-21 00:00:00-04:00,26.452493175345403,26.523986400143635,26.072148695786797,26.51540756225586,131500,0.0,0.0
2010-07-22 00:00:00-04:00,26.52685339088522,26.88145926388765,26.52685339088522,26.698436737060547,103300,0.0,0.0
2010-07-23 00:00:00-04:00,26.850006853453973,27.024450571368796,26.564033831534726,27.01873207092285,117400,0.0,0.0
2010-07-26 00:00:00-04:00,27.018728491541882,27.21032986721261,26.88146049921316,27.198890686035156,116100,0.0,0.0
2010-07-27 00:00:00-04:00,27.236060254763263,27.310413824771416,26.815679713817488,26.85285758972168,90200,0.0,0.0
2010-07-28 00:00:00-04:00,26.74418446941582,26.972963660608112,26.52398629787829,26.715587615966797,72700,0.0,0.0
2010-07-29 00:00:00-04:00,27.38191456032445,27.38191456032445,26.503977543677983,26.858583450317383,86900,0.0,0.0
2010-07-30 00:00:00-04:00,26.78994685517949,27.41622833283599,26.598345496504848,27.261802673339844,114600,0.0,0.0
2010-08-02 00:00:00-04:00,27.424803228372607,27.45340008376649,27.05589790293097,27.124530792236328,143000,0.0,0.0
2010-08-03 00:00:00-04:00,27.41337771587399,27.4534137697441,27.07592941768217,27.247512817382812,87500,0.0,0.0
2010-08-04 00:00:00-04:00,27.12739931886543,27.582095347707597,27.12739931886543,27.436250686645508,96100,0.0,0.0
2010-08-05 00:00:00-04:00,27.2818226349675,27.570655954682945,27.164572666304547,27.318998336791992,63200,0.0,0.0
2010-08-06 00:00:00-04:00,27.17029702400441,27.404794811258654,27.070206904164362,27.36189842224121,65700,0.0,0.0
2010-08-09 00:00:00-04:00,27.453401629109017,27.539194381920115,27.238921928881602,27.35331153869629,60200,0.0,0.0
2010-08-10 00:00:00-04:00,27.018725758873558,27.453403690649964,27.018725758873558,27.367610931396484,57400,0.0,0.0
2010-08-11 00:00:00-04:00,27.233204678891106,27.238923177833893,26.481094432589188,26.589765548706055,120500,0.0,0.0
2010-08-12 00:00:00-04:00,26.481096668278134,26.875740764462073,26.155087656004824,26.698436737060547,92600,0.0,0.0
2010-08-13 00:00:00-04:00,26.741331247351894,26.881457382377175,26.738470906939,26.75562858581543,43800,0.0,0.0
2010-08-16 00:00:00-04:00,26.68700575639472,26.838571128450354,26.52971970135512,26.801395416259766,62200,0.0,0.0
2010-08-17 00:00:00-04:00,26.910052443837692,27.018723554265087,26.84427989133721,26.921491622924805,69300,0.0,0.0
2010-08-18 00:00:00-04:00,26.938651801281505,27.021584221011164,26.75277112381215,26.995847702026367,76200,0.0,0.0
2010-08-19 00:00:00-04:00,26.867157425661095,26.958668681182925,26.604062838760886,26.71845245361328,61200,0.0,0.0
2010-08-20 00:00:00-04:00,26.715594848249218,26.79852727296238,26.523993478291562,26.735612869262695,50500,0.0,0.0
2010-08-23 00:00:00-04:00,26.807107726662494,27.03588699355876,26.807107726662494,26.95009422302246,68000,0.0,0.0
2010-08-24 00:00:00-04:00,26.910055502899063,26.910055502899063,26.62980321970766,26.80424690246582,59800,0.0,0.0
2010-08-25 00:00:00-04:00,26.73847415329386,26.73847415329386,26.3238141968989,26.466800689697266,126200,0.0,0.0
2010-08-26 00:00:00-04:00,26.469655704044943,26.852860593755956,26.466797545425056,26.65553855895996,48400,0.0,0.0
2010-08-27 00:00:00-04:00,26.727034106831844,27.013007083170898,26.555450757388545,26.872880935668945,73700,0.0,0.0
2010-08-30 00:00:00-04:00,26.85857858636224,26.927213664353935,26.66983757638615,26.71845245361328,43000,0.0,0.0
2010-08-31 00:00:00-04:00,26.569752760917073,26.867162764107412,26.48109964634606,26.70987892150879,66300,0.0,0.0
2010-09-01 00:00:00-04:00,26.93865779207262,27.284687068579792,26.818549646498777,27.01873207092285,68400,0.0,0.0
2010-09-02 00:00:00-04:00,27.115955026726255,27.173148743995522,26.95009019212474,27.0358829498291,66400,0.0,0.0
2010-09-03 00:00:00-04:00,27.167433880788945,27.196030743250677,27.010147864548287,27.17887306213379,71500,0.0,0.0
2010-09-07 00:00:00-04:00,27.015865559771804,27.224624596286784,27.015865559771804,27.167430877685547,65100,0.0,0.0
2010-09-08 00:00:00-04:00,27.16742716896975,27.364749180267808,27.16742716896975,27.30469512939453,53800,0.0,0.0
2010-09-09 00:00:00-04:00,27.31041684961616,27.44482448581753,27.218905592470616,27.230344772338867,54900,0.0,0.0
2010-09-10 00:00:00-04:00,27.31613718934616,27.587812820472923,27.31613718934616,27.567794799804688,57300,0.0,0.0
2010-09-13 00:00:00-04:00,27.73938301567263,27.833754636162315,27.682189284237005,27.736522674560547,85300,0.0,0.0
2010-09-14 00:00:00-04:00,27.825165580788173,27.928116005022883,27.687897621208492,27.78512954711914,68700,0.0,0.0
2010-09-15 00:00:00-04:00,27.73936768841502,28.00818287759209,27.61925960968476,27.808000564575195,86600,0.0,0.0
2010-09-16 00:00:00-04:00,27.796569088520922,28.013909135335975,27.696478995185178,27.91667938232422,48000,0.0,0.0
2010-09-17 00:00:00-04:00,28.025353104690097,28.025353104690097,27.816591861366902,27.91954231262207,48400,0.0,0.0
2010-09-20 00:00:00-04:00,28.025354361940074,28.505789095416795,27.805156109088642,28.262712478637695,95800,0.0,0.0
2010-09-21 00:00:00-04:00,28.405699305928234,28.451453852506912,28.168341186511203,28.371381759643555,65200,0.0,0.0
2010-09-22 00:00:00-04:00,28.482910555211234,28.70882948854683,28.40855696380691,28.462892532348633,118500,0.0,0.0
2010-09-23 00:00:00-04:00,28.511500433715195,28.897565637166363,28.411410343924285,28.803194046020508,103200,0.0,0.0
2010-09-24 00:00:00-04:00,28.81177820313874,29.07487282538138,28.81177820313874,29.060575485229492,90900,0.0,0.0
2010-09-27 00:00:00-04:00,29.1692381972356,29.452350780598813,28.94617966599184,29.309364318847656,87600,0.0,0.0
2010-09-28 00:00:00-04:00,29.317942567781998,29.317942567781998,28.811771463355832,29.077726364135742,115500,0.0,0.0
2010-09-29 00:00:00-04:00,29.237878201686975,29.309371449957197,29.0062407754677,29.13492774963379,115600,0.0,0.0
2010-09-30 00:00:00-04:00,29.197843043452863,29.62394220517273,29.09775292919663,29.555309295654297,93100,0.0,0.0
2010-10-01 00:00:00-04:00,29.583899892127558,29.998561965915663,29.58104173361206,29.955665588378906,93500,0.0,0.0
2010-10-04 00:00:00-04:00,29.95281189434635,29.95281189434635,29.27791542886862,29.60678482055664,141100,0.0,0.0
2010-10-05 00:00:00-04:00,29.62679153333405,29.88416757560839,29.50382310101409,29.77263832092285,80100,0.0,0.0
2010-10-06 00:00:00-04:00,29.7955269326739,30.101517948875454,29.7955269326739,30.098657608032227,161800,0.0,0.0
2010-10-07 00:00:00-04:00,30.15583598704467,30.170135502182642,29.86986313868275,30.04144859313965,103600,0.0,0.0
2010-10-08 00:00:00-04:00,30.141547740514646,30.450399033487212,30.070054506871017,30.318849563598633,162800,0.0,0.0
2010-10-11 00:00:00-04:00,30.436108611567995,30.97945778602988,30.36747569765943,30.8135929107666,167600,0.0,0.0
2010-10-12 00:00:00-04:00,30.88508296075315,31.336920809181535,30.52761672278147,31.211091995239258,189100,0.0,0.0
2010-10-13 00:00:00-04:00,31.13562353889382,31.173500625927264,30.512095418091043,30.602418899536133,219200,2.021,0.0
2010-10-14 00:00:00-04:00,30.683997669270944,30.9986759945501,30.53540142369238,30.68108558654785,97500,0.0,0.0
2010-10-15 00:00:00-04:00,30.590764172955428,30.885046845517227,29.961409657327795,30.05464744567871,129200,0.0,0.0
2010-10-18 00:00:00-04:00,30.040078637881255,30.346016316946663,29.90604945383252,30.165367126464844,121200,0.0,0.0
2010-10-19 00:00:00-04:00,30.136225881949358,30.136225881949358,29.18345243925476,29.285430908203125,193300,0.0,0.0
2010-10-20 00:00:00-04:00,29.623423394670557,29.719575495963063,29.282522915140078,29.687524795532227,112400,0.0,0.0
2010-10-21 00:00:00-04:00,30.01094009220911,30.01094009220911,29.687521045417107,29.871082305908203,83200,0.0,0.0
2010-10-22 00:00:00-04:00,29.90896478203836,29.996373962640995,29.734144197868762,29.809898376464844,50000,0.0,0.0
2010-10-25 00:00:00-04:00,29.871086068586273,30.15662806606006,29.795331888471587,29.900224685668945,63200,0.0,0.0
2010-10-26 00:00:00-04:00,30.01094290925929,30.13331709440697,29.716660225291882,29.938100814819336,74500,0.0,0.0
2010-10-27 00:00:00-04:00,29.879826836370203,29.93809962041159,29.58845847023481,29.894393920898438,55100,0.0,0.0
2010-10-28 00:00:00-04:00,29.809897784647394,29.97597766975597,29.646732205723676,29.856517791748047,52700,0.0,0.0
2010-10-29 00:00:00-04:00,29.751624693477066,29.996373059351463,29.667127598697306,29.955581665039062,36500,0.0,0.0
2010-11-01 00:00:00-04:00,29.98763025073488,30.360581385575927,29.98763025073488,30.110004425048828,92900,0.0,0.0
2010-11-02 00:00:00-04:00,30.118749133088993,30.57910946710389,30.118749133088993,30.53249168395996,52100,0.0,0.0
2010-11-03 00:00:00-04:00,30.593684849436784,30.593684849436784,30.25861071363573,30.456741333007812,56700,0.0,0.0
2010-11-04 00:00:00-04:00,31.4328104615602,31.4328104615602,30.53248350856935,31.100650787353516,145500,0.0,0.0
2010-11-05 00:00:00-04:00,31.164765057830646,31.43865207625776,30.98411584225634,31.386205673217773,80600,0.0,0.0
2010-11-08 00:00:00-05:00,31.316276619157655,31.572680010964564,31.31044800629586,31.447391510009766,75100,0.0,0.0
2010-11-09 00:00:00-05:00,31.467780259584565,31.75914859532146,31.33666539768856,31.456125259399414,75800,0.0,0.0
2010-11-10 00:00:00-05:00,31.581413758388564,31.78828501017445,31.354146812003055,31.744579315185547,97000,0.0,0.0
2010-11-11 00:00:00-05:00,31.744570017316033,31.823240689846504,31.601800196935436,31.802845001220703,63000,0.0,0.0
2010-11-12 00:00:00-05:00,31.70088881732567,31.724196604290096,30.957898367323935,31.001604080200195,90900,0.0,0.0
2010-11-15 00:00:00-05:00,31.10358238200958,31.46779294854365,31.10358238200958,31.28714370727539,46500,0.0,0.0
2010-11-16 00:00:00-05:00,31.252167387501444,31.252167387501444,30.29356532457679,30.707307815551758,130700,0.0,0.0
2010-11-17 00:00:00-05:00,30.62862954917338,30.829672118958182,30.587838174262654,30.730607986450195,44100,0.0,0.0
2010-11-18 00:00:00-05:00,30.890876593872896,31.43282199227106,30.890876593872896,31.153108596801758,63900,0.0,0.0
2010-11-19 00:00:00-05:00,31.319181442260746,31.406592831208236,30.984107415247315,31.319181442260742,45100,0.0,0.0
2010-11-22 00:00:00-05:00,31.319194414967583,31.43574224085146,30.98994886308814,31.28714370727539,77000,0.0,0.0
2010-11-23 00:00:00-05:00,31.211382819039844,31.211382819039844,30.94915082275825,31.065698623657227,39800,0.0,0.0
2010-11-24 00:00:00-05:00,31.094839312674083,31.4211705327038,31.094839312674083,31.3366756439209,39800,0.0,0.0
2010-11-26 00:00:00-05:00,31.307538972392106,31.415346098846367,31.249266171747283,31.284231185913086,33500,0.0,0.0
2010-11-29 00:00:00-05:00,31.39494153137882,31.916491174850705,31.176415256218412,31.817424774169922,132200,0.0,0.0
2010-11-30 00:00:00-05:00,31.715445149589222,32.51670812969029,31.467782491241724,32.146671295166016,162200,0.0,0.0
2010-12-01 00:00:00-05:00,32.2311759894347,32.93628704476593,32.2311759894347,32.61869430541992,135500,0.0,0.0
2010-12-02 00:00:00-05:00,32.72066769573347,33.91527752635743,32.66239268999317,33.30923080444336,132900,0.0,0.0
2010-12-03 00:00:00-05:00,33.259704665259214,33.65305157675828,33.009127653170864,33.15481185913086,118000,0.0,0.0
2010-12-06 00:00:00-05:00,33.18394154421954,33.27717932825785,32.939193194730535,33.2451286315918,59500,0.0,0.0
2010-12-07 00:00:00-05:00,33.33836574427232,33.638474786134495,33.24512796211161,33.52484130859375,65500,0.0,0.0
2010-12-08 00:00:00-05:00,33.67052027947119,34.08426495790739,33.210160051603665,33.953147888183594,133600,0.0,0.0
2010-12-09 00:00:00-05:00,34.087185835060446,34.66118189396797,34.01725804694427,34.626216888427734,171300,0.0,0.0
2010-12-10 00:00:00-05:00,34.81560709754604,35.42748025084379,34.699059300974014,34.975860595703125,195700,0.0,0.0
2010-12-13 00:00:00-05:00,35.08657916203395,35.97233928823542,35.08657916203395,35.386688232421875,195500,0.0,0.0
2010-12-14 00:00:00-05:00,35.54403465728527,35.98108730848269,35.430401145811125,35.567344665527344,153000,0.0,0.0
2010-12-15 00:00:00-05:00,35.54693532878068,35.94319642503698,35.54693532878068,35.590641021728516,145000,0.0,0.0
2010-12-16 00:00:00-05:00,35.66348835633065,35.83248254171141,31.176415086241388,33.92401885986328,627600,0.0,0.0
2010-12-17 00:00:00-05:00,34.078439331162684,34.197901412507754,33.33545142952131,33.65304183959961,268000,0.0,0.0
2010-12-20 00:00:00-05:00,33.571462943653906,34.56211581663704,33.559807942446554,34.55046081542969,166300,0.0,0.0
2010-12-21 00:00:00-05:00,34.632049291323234,35.76838653166405,34.632049291323234,35.63144302368164,210400,0.0,0.0
2010-12-22 00:00:00-05:00,35.809170492862954,35.809170492862954,35.197297405304695,35.424564361572266,118000,0.0,0.0
2010-12-23 00:00:00-05:00,35.532372092676226,35.8295690771139,35.34298442915989,35.67514419555664,119600,0.0,0.0
2010-12-27 00:00:00-05:00,35.66641545189083,35.838321782033475,35.40418338450246,35.733428955078125,68900,0.0,0.0
2010-12-28 00:00:00-05:00,35.83830741538499,36.60460538343061,35.7363289364381,36.59003829956055,171400,0.0,0.0
2010-12-29 00:00:00-05:00,36.60751994844316,37.653531275986964,36.60751994844316,37.17277526855469,193100,0.0,0.0
2010-12-30 00:00:00-05:00,37.20482378679196,37.70597768377534,36.86683544772355,36.87849044799805,126600,0.0,0.0
2010-12-31 00:00:00-05:00,36.90471979686073,37.19025956222684,36.58130071968583,36.869754791259766,86800,0.0,0.0
2011-01-03 00:00:00-05:00,37.00960269033742,37.87205264290616,37.00960269033742,37.63313293457031,185900,0.0,0.0
2011-01-04 00:00:00-05:00,37.679759769011646,38.15468718921511,36.83187674469101,36.907630920410156,260300,0.0,0.0
2011-01-05 00:00:00-05:00,36.91928181308769,37.87788391113281,36.72115125448013,37.87788391113281,191100,0.0,0.0
2011-01-06 00:00:00-05:00,37.96820474691655,37.98860266318944,37.073704100996075,37.33884811401367,231200,0.0,0.0
2011-01-07 00:00:00-05:00,37.38839703506238,37.98861525681919,37.16695419492978,37.5136833190918,182400,0.0,0.0
2011-01-10 00:00:00-05:00,36.93968712577993,37.52825256619569,36.43562101504051,37.382568359375,278800,0.0,0.0
2011-01-11 00:00:00-05:00,37.475806417983065,38.31203684366225,37.475806417983065,38.05271911621094,214700,0.0,0.0
2011-01-12 00:00:00-05:00,38.06992621617153,38.58939889358518,37.78792766860687,37.84432601928711,145600,2.408,0.0
2011-01-13 00:00:00-05:00,37.78198553590705,38.120384662743355,36.980514396499146,37.52967071533203,314300,0.0,0.0
2011-01-14 00:00:00-05:00,37.42281544684619,37.48812095252068,36.53229076522245,36.98052215576172,336200,0.0,0.0
2011-01-18 00:00:00-05:00,36.95974979108695,37.79387399715319,36.95974979108695,37.64842224121094,289800,0.0,0.0
2011-01-19 00:00:00-05:00,37.6335694864582,37.73746357087857,37.07847726481744,37.247676849365234,97200,0.0,0.0
2011-01-20 00:00:00-05:00,37.25360532487154,37.342658673767495,35.6981566211262,36.48478698730469,267600,0.0,0.0
2011-01-21 00:00:00-05:00,36.8142858260331,36.9567707579628,36.54416120939295,36.57384490966797,163600,0.0,0.0
2011-01-24 00:00:00-05:00,36.511502516448154,36.91223806673331,35.718936298038734,35.81689453125,212500,0.0,0.0
2011-01-25 00:00:00-05:00,35.20837083434724,35.407254097724454,29.909750461399202,32.59616470336914,2175500,0.0,0.0
2011-01-26 00:00:00-05:00,32.50117689503848,33.96757470618681,31.776885137294187,33.673702239990234,559900,0.0,0.0
2011-01-27 00:00:00-05:00,33.887429126744905,34.08927918690648,33.47185054437225,33.5609016418457,206300,0.0,0.0
2011-01-28 00:00:00-05:00,33.50154215430956,33.94977359101383,32.875206215881185,33.88446807861328,236400,0.0,0.0
2011-01-31 00:00:00-05:00,33.97647151205688,35.027290498786954,33.89632531840956,35.00651168823242,216400,0.0,0.0
2011-02-01 00:00:00-05:00,35.11932036391365,35.24993136061321,33.10376612213816,33.2996826171875,396300,0.0,0.0
2011-02-02 00:00:00-05:00,32.99097878542682,33.88744178193406,32.94942113814205,33.78057861328125,174600,0.0,0.0
2011-02-03 00:00:00-05:00,33.80134793562138,33.988357295835925,33.60840047619421,33.851810455322266,87500,0.0,0.0
2011-02-04 00:00:00-05:00,33.7390151900564,34.05663559119901,32.80099470684851,32.80693054199219,263000,0.0,0.0
2011-02-07 00:00:00-05:00,32.74161794849244,32.95534192346756,30.901199312559772,31.34349250793457,828500,0.0,0.0
2011-02-08 00:00:00-05:00,31.32568454982204,31.32568454982204,30.30454901891506,31.201011657714844,558800,0.0,0.0
2011-02-09 00:00:00-05:00,31.168359856558993,31.450358396991806,31.00509611332668,31.325685501098633,149700,0.0,0.0
2011-02-10 00:00:00-05:00,31.322717460755534,31.46520239259554,31.019940094587113,31.272254943847656,305400,0.0,0.0
2011-02-11 00:00:00-05:00,31.4058378522265,31.87781484403243,31.114932127890768,31.77688980102539,217500,0.0,0.0
2011-02-14 00:00:00-05:00,31.827344603596718,32.19245836442158,31.69673362458512,32.13309097290039,148400,0.0,0.0
2011-02-15 00:00:00-05:00,32.281511057206416,32.58725742026647,32.10340662155908,32.40915298461914,136900,0.0,0.0
2011-02-16 00:00:00-05:00,32.48040581168577,33.07705803394517,32.48040581168577,32.91676330566406,205800,0.0,0.0
2011-02-17 00:00:00-05:00,32.95831161505928,33.24624823444509,32.57538580559247,32.982059478759766,279700,0.0,0.0
2011-02-18 00:00:00-05:00,33.14235629213443,33.22250250637441,32.70302984431814,33.047367095947266,135300,0.0,0.0
2011-02-22 00:00:00-05:00,33.42435172943001,33.94679339233496,33.11563630429166,33.842899322509766,254200,0.0,0.0
2011-02-23 00:00:00-05:00,33.94085911512353,34.87887942764812,33.828060150146484,33.828060150146484,324800,0.0,0.0
2011-02-24 00:00:00-05:00,33.87258013106985,34.320811382353476,33.543085920058004,33.7033805847168,276500,0.0,0.0
2011-02-25 00:00:00-05:00,33.676661687525815,33.83992539135478,33.54308394055342,33.81024169921875,118000,0.0,0.0
2011-02-28 00:00:00-05:00,33.84290402608304,34.077409110406805,33.721197909715016,33.86664962768555,99400,0.0,0.0
2011-03-01 00:00:00-05:00,33.83992999240691,34.13677148356837,33.61136304068975,33.69150924682617,98000,0.0,0.0
2011-03-02 00:00:00-05:00,33.79540942184301,33.98538782933341,33.700420218097804,33.72119903564453,97300,0.0,0.0
2011-03-03 00:00:00-05:00,33.85774426709372,34.03288194786256,33.75978828315033,33.94382858276367,102700,0.0,0.0
2011-03-04 00:00:00-05:00,33.82806388370381,34.576105882658425,33.780570411789995,34.356441497802734,142800,0.0,0.0
2011-03-07 00:00:00-05:00,34.46923376732963,34.81950680731043,33.98834975032253,33.994285583496094,165700,0.0,0.0
2011-03-08 00:00:00-05:00,34.035862640525565,34.065546350805896,33.71527313416537,33.92306137084961,81300,0.0,0.0
2011-03-09 00:00:00-05:00,33.98835818995502,34.32675738289564,33.83993741183295,33.89039993286133,68200,0.0,0.0
2011-03-10 00:00:00-05:00,33.69151945436933,33.8429092948502,32.65257392053415,32.83661651611328,220600,0.0,0.0
2011-03-11 00:00:00-05:00,32.75349952739954,33.059248263487795,32.12122776422539,32.91676330566406,160700,0.0,0.0
2011-03-14 00:00:00-04:00,32.86035847698583,33.20469575993402,32.69115888511544,33.15126419067383,84700,0.0,0.0
2011-03-15 00:00:00-04:00,32.64662107892206,33.145314765969395,31.910453344815863,32.89299774169922,156200,0.0,0.0
2011-03-16 00:00:00-04:00,32.94941499008097,33.635118307055556,32.93160522020261,33.24922561645508,133600,0.0,0.0
2011-03-17 00:00:00-04:00,33.29968493140918,34.43361955370973,33.29968493140918,34.3653450012207,162000,0.0,0.0
2011-03-18 00:00:00-04:00,34.3712760679425,34.58203325204685,34.09224434531833,34.47517013549805,128500,0.0,0.0
2011-03-21 00:00:00-04:00,34.73045582210832,34.86997169075761,34.53157255879679,34.59687805175781,111400,0.0,0.0
2011-03-22 00:00:00-04:00,34.73045957948679,34.7898269805718,34.552355111510586,34.7601432800293,69200,0.0,0.0
2011-03-23 00:00:00-04:00,34.8135805182424,35.14307485679958,34.733434287249196,35.039180755615234,82300,0.0,0.0
2011-03-24 00:00:00-04:00,35.169790627812844,35.33008308456187,34.95309528266157,35.18463134765625,70600,0.0,0.0
2011-03-25 00:00:00-04:00,35.32117261019245,35.620983186130964,35.249931277942096,35.44287872314453,94700,0.0,0.0
2011-03-28 00:00:00-04:00,35.58241286463562,35.62100146759215,35.13418129537951,35.20245361328125,63800,0.0,0.0
2011-03-29 00:00:00-04:00,35.125255792680804,35.157908539373615,34.62062387588701,34.92637252807617,87400,0.0,0.0
2011-03-30 00:00:00-04:00,34.9115315962319,35.32414113078354,34.822478233711244,35.140098571777344,62200,0.0,0.0
2011-03-31 00:00:00-04:00,35.19056670139362,35.6209860435311,35.19056670139362,35.56755447387695,95400,0.0,0.0
2011-04-01 00:00:00-04:00,35.6209819508014,36.110770905569126,35.59426730140439,35.94453811645508,138000,0.0,0.0
2011-04-04 00:00:00-04:00,36.21466657760921,36.57087550691035,36.12561321292335,36.279972076416016,142000,0.0,0.0
2011-04-05 00:00:00-04:00,36.33637352241109,36.59165515992303,36.164204887933636,36.51150894165039,98800,0.0,0.0
2011-04-06 00:00:00-04:00,36.60649170069886,36.90926901777275,35.6625356913921,35.81689453125,138900,0.0,0.0
2011-04-07 00:00:00-04:00,35.85252516981483,36.3571572076069,35.825810515053895,36.208736419677734,98300,0.0,0.0
2011-04-08 00:00:00-04:00,36.71038866615226,36.84099965408171,36.33340094833903,36.66289520263672,144200,0.0,0.0
2011-04-11 00:00:00-04:00,36.906313665146826,36.95380713962273,35.94751437877302,36.17905044555664,169300,0.0,0.0
2011-04-12 00:00:00-04:00,35.92079595655633,35.926731790972696,33.71229413938283,34.9649658203125,454900,0.0,0.0
2011-04-13 00:00:00-04:00,35.526414233872096,35.535503778092234,34.59318249919292,34.62348175048828,178000,2.393,0.0
2011-04-14 00:00:00-04:00,34.541670474303444,34.623478676706675,33.65085823285869,34.3780517578125,183100,0.0,0.0
2011-04-15 00:00:00-04:00,34.43865603319563,35.02646891269959,34.43865603319563,34.84164047241211,90100,0.0,0.0
2011-04-18 00:00:00-04:00,34.693183888845695,34.747723484369814,34.20232752912862,34.60834503173828,135600,0.0,0.0
2011-04-19 00:00:00-04:00,34.541670654689625,35.23553431629562,34.541670654689625,35.16584396362305,85600,0.0,0.0
2011-04-20 00:00:00-04:00,35.52945414622679,35.871840167625905,35.19918597916782,35.496124267578125,92200,0.0,0.0
2011-04-21 00:00:00-04:00,35.59611425522877,35.78397105126612,35.53551342450275,35.69307327270508,91900,0.0,0.0
2011-04-25 00:00:00-04:00,35.89608281471018,35.89608281471018,35.299177891651205,35.326446533203125,69700,0.0,0.0
2011-04-26 00:00:00-04:00,35.45065991405272,35.74759808261069,35.338550157331824,35.59003829956055,84900,0.0,0.0
2011-04-27 00:00:00-04:00,35.55065494395491,35.62640422885466,35.011320405338246,35.31128692626953,88200,0.0,0.0
2011-04-28 00:00:00-04:00,35.43551922711562,35.43551922711562,35.02344287795308,35.214332580566406,68600,0.0,0.0
2011-04-29 00:00:00-04:00,35.07495126473353,35.3688588745732,35.00526090203228,35.308258056640625,47000,0.0,0.0
2011-05-02 00:00:00-04:00,35.45066447606944,35.48096372695992,34.70529180807732,34.832550048828125,88000,0.0,0.0
2011-05-03 00:00:00-04:00,34.52348952910393,34.83254554693869,33.899313945344524,34.211402893066406,145000,0.0,0.0
2011-05-04 00:00:00-04:00,33.632690443128496,33.82054954627879,33.01154523549571,33.696319580078125,222000,0.0,0.0
2011-05-05 00:00:00-04:00,33.178188779605264,33.43573590140221,32.753992296341835,32.90549087524414,192900,0.0,0.0
2011-05-06 00:00:00-04:00,33.00245617814151,34.09930693114572,32.905497161588144,33.381202697753906,159700,0.0,0.0
2011-05-09 00:00:00-04:00,33.865995922884665,34.208384237311996,33.65086818894736,34.04476547241211,106000,0.0,0.0
2011-05-10 00:00:00-04:00,33.96296459043723,34.52351141743855,33.96296459043723,34.47200012207031,82900,0.0,0.0
2011-05-11 00:00:00-04:00,34.384124913331625,34.384124913331625,33.58421014042376,33.93568801879883,127000,0.0,0.0
2011-05-12 00:00:00-04:00,33.79933205920149,33.79933205920149,32.95699806401126,33.42058563232422,150000,0.0,0.0
2011-05-13 00:00:00-04:00,33.38421978020308,33.5993474387085,33.05698236514512,33.33573913574219,67900,0.0,0.0
2011-05-16 00:00:00-04:00,33.10849701144733,33.556933803113296,32.87822084569903,32.999420166015625,98100,0.0,0.0
2011-05-17 00:00:00-04:00,32.87822771144947,32.9660971792361,32.008624891645425,32.499481201171875,237500,0.0,0.0
2011-05-18 00:00:00-04:00,32.654009410933,33.46301374592427,32.654009410933,33.06608581542969,102300,0.0,0.0
2011-05-19 00:00:00-04:00,33.032743647817426,33.396341563886544,32.82367721555428,33.099403381347656,66000,0.0,0.0
2011-05-20 00:00:00-04:00,33.132749200404916,33.850853523244545,32.95095131068309,33.790252685546875,106400,0.0,0.0
2011-05-23 00:00:00-04:00,33.42967479272483,33.447853881267015,33.02062911873264,33.266056060791016,81100,0.0,0.0
2011-05-24 00:00:00-04:00,33.32968826961837,34.0174908194955,33.32968826961837,33.65995407104492,65500,0.0,0.0
2011-05-25 00:00:00-04:00,33.60541508886823,33.89326145731753,33.45088589476191,33.74782180786133,56400,0.0,0.0
2011-05-26 00:00:00-04:00,33.753883045417936,33.902351001967645,33.490274692140666,33.74782180786133,39800,0.0,0.0
2011-05-27 00:00:00-04:00,33.7962980776608,34.08717502715707,33.66903984569703,33.744789123535156,42300,0.0,0.0
2011-05-31 00:00:00-04:00,33.84176083127034,34.84468090720806,33.78419061872781,34.07809829711914,56700,0.0,0.0
2011-06-01 00:00:00-04:00,34.105358449438484,34.23564731634925,33.44482457025816,33.53572463989258,76500,0.0,0.0
2011-06-02 00:00:00-04:00,33.63269096250144,33.79327911704734,33.19334592415189,33.48725128173828,53000,0.0,0.0
2011-06-03 00:00:00-04:00,33.444824596457565,33.71752249388963,33.196367025838306,33.5993537902832,41500,0.0,0.0
2011-06-06 00:00:00-04:00,33.58723020154691,33.58723020154691,33.10243527315568,33.263023376464844,68000,0.0,0.0
2011-06-07 00:00:00-04:00,33.32968346212761,33.3963431989214,32.81155866025487,32.84185791015625,96800,0.0,0.0
2011-06-08 00:00:00-04:00,32.808542943537226,33.5114964942828,32.278297738527414,32.284358978271484,126900,0.0,0.0
2011-06-09 00:00:00-04:00,32.323746417374956,33.16607839455479,32.27223744016567,32.993370056152344,106100,0.0,0.0
2011-06-10 00:00:00-04:00,32.95397829646048,33.30242556181857,32.56917053249347,32.91761779785156,148300,0.0,0.0
2011-06-13 00:00:00-04:00,33.04789454850541,33.22969235136136,31.299602248708716,31.848026275634766,257300,0.0,0.0
2011-06-14 00:00:00-04:00,31.957116787422656,32.53281196098899,31.957116787422656,32.529781341552734,112300,0.0,0.0
2011-06-15 00:00:00-04:00,32.40554428100586,32.78732133743288,32.10254713088263,32.40554428100586,85500,0.0,0.0
2011-06-16 00:00:00-04:00,32.34495211803809,32.54190076657396,31.875305518582167,32.00862503051758,98700,0.0,0.0
2011-06-17 00:00:00-04:00,32.15102736295476,32.208597560462465,31.93589966659014,32.14496612548828,76600,0.0,0.0
2011-06-20 00:00:00-04:00,32.11770285998343,32.45099931411793,31.981355046100962,32.35707092285156,77400,0.0,0.0
2011-06-21 00:00:00-04:00,32.420702507514434,33.0569962065398,32.420702507514434,32.72673034667969,99500,0.0,0.0
2011-06-22 00:00:00-04:00,32.72369517157245,33.344840310151305,32.72369517157245,33.14183044433594,75500,0.0,0.0
2011-06-23 00:00:00-04:00,32.723694644707834,33.29938973505357,32.196480211592664,33.22364044189453,84400,0.0,0.0
2011-06-24 00:00:00-04:00,33.238800048080506,33.4206002619109,32.96307373069304,33.026702880859375,49800,0.0,0.0
2011-06-27 00:00:00-04:00,32.899426807727714,33.323623224698,32.89639618935153,33.105464935302734,59000,0.0,0.0
2011-06-28 00:00:00-04:00,33.57815222857486,33.57815222857486,33.08729589411141,33.369083404541016,65100,0.0,0.0
2011-06-29 00:00:00-04:00,33.632684945205426,34.05688143387833,33.44179756556082,33.84781265258789,111000,0.0,0.0
2011-06-30 00:00:00-04:00,33.85387419878872,34.19929078130294,33.64783603450964,33.832664489746094,72000,0.0,0.0
2011-07-01 00:00:00-04:00,33.84478417144015,34.1477813522469,33.511487734889734,34.08415222167969,72200,0.0,0.0
2011-07-05 00:00:00-04:00,34.24474487304682,34.590163831462654,34.23868594577319,34.372005462646484,127800,0.0,0.0
2011-07-06 00:00:00-04:00,34.50530511123994,34.50530511123994,33.720543818376214,33.77205276489258,153500,0.0,0.0
2011-07-07 00:00:00-04:00,34.38411388313309,34.92647668873547,34.13565633945213,34.87799835205078,188500,0.0,0.0
2011-07-08 00:00:00-04:00,34.696203102753124,35.405215299806116,34.62651274350407,35.31128692626953,195500,0.0,0.0
2011-07-11 00:00:00-04:00,35.13859003467678,35.39310660479905,34.73257253398137,35.29008865356445,142100,0.0,0.0
2011-07-12 00:00:00-04:00,35.250696353000734,35.390077111994216,35.07798802571838,35.338565826416016,124500,0.0,0.0
2011-07-13 00:00:00-04:00,35.447632715715585,35.668821632292484,35.362793891281015,35.456722259521484,172600,0.0,0.0
2011-07-14 00:00:00-04:00,35.44711580338773,35.59591103562458,34.87053812162742,35.07823181152344,145500,2.639,0.0
2011-07-15 00:00:00-04:00,35.3479261372049,35.64861483201736,35.220832305440496,35.48432159423828,150900,0.0,0.0
2011-07-18 00:00:00-04:00,35.484314090583545,35.484314090583545,35.03483023178247,35.2766227722168,116300,0.0,0.0
2011-07-19 00:00:00-04:00,35.57731654625636,35.57731654625636,35.028638906646194,35.338626861572266,146700,0.0,0.0
2011-07-20 00:00:00-04:00,35.639325659640946,35.809817664170794,35.34483559996399,35.744720458984375,159600,0.0,0.0
2011-07-21 00:00:00-04:00,35.81910943492309,36.23449216276085,35.72301155988477,35.96480178833008,125400,0.0,0.0
2011-07-22 00:00:00-04:00,36.03919508226595,36.06709285895899,35.834601926436676,35.9213981628418,76300,0.0,0.0
2011-07-25 00:00:00-04:00,35.42851903322112,35.853203327507906,35.26112527558298,35.80360412597656,110200,0.0,0.0
2011-07-26 00:00:00-04:00,35.72611012602166,35.79430785130321,35.58971467545855,35.65481185913086,60100,0.0,0.0
2011-07-27 00:00:00-04:00,35.35412232728761,35.651710439154016,35.186728570921495,35.360321044921875,130100,0.0,0.0
2011-07-28 00:00:00-04:00,35.22082625579198,35.59591133318748,35.19292611481809,35.199127197265625,77100,0.0,0.0
2011-07-29 00:00:00-04:00,34.76825083389267,34.994540720965155,34.49545991465511,34.72175216674805,140100,0.0,0.0
2011-08-01 00:00:00-04:00,35.95861145693769,35.95861145693769,35.028647367534134,35.31073760986328,129200,0.0,0.0
2011-08-02 00:00:00-04:00,35.52461640474797,35.80360601553541,34.8426439028411,34.84884262084961,103100,0.0,0.0
2011-08-03 00:00:00-04:00,34.90465016142285,35.0906424981936,33.853790975396215,34.79925537109375,162400,0.0,0.0
2011-08-04 00:00:00-04:00,34.66285043642219,34.66285043642219,33.34230118485721,33.667789459228516,240300,0.0,0.0
2011-08-05 00:00:00-04:00,33.60579346359776,34.05527502728583,31.928757585314706,33.26480484008789,297900,0.0,0.0
2011-08-08 00:00:00-04:00,31.841959745413075,32.35653846643238,31.156886721183056,31.55367088317871,381100,0.0,0.0
2011-08-09 00:00:00-04:00,31.466876461096767,34.09867341028489,31.466876461096767,33.853782653808594,349900,0.0,0.0
2011-08-10 00:00:00-04:00,33.94367830400534,35.12783210092326,33.32680298607428,34.52025604248047,260800,0.0,0.0
2011-08-11 00:00:00-04:00,34.63184090127462,34.84263272122048,34.098661452881004,34.470645904541016,194200,0.0,0.0
2011-08-12 00:00:00-04:00,34.56364304417831,34.87363087417094,33.92196833069434,34.111061096191406,124400,0.0,0.0
2011-08-15 00:00:00-04:00,34.20097045515317,34.92634110945545,34.20097045515317,34.74034881591797,133000,0.0,0.0
2011-08-16 00:00:00-04:00,34.588453557237,34.715547377845475,33.96847770153469,34.43655776977539,106600,0.0,0.0
2011-08-17 00:00:00-04:00,34.520252019888076,34.92943594483206,34.35905699080776,34.69074630737305,64600,0.0,0.0
2011-08-18 00:00:00-04:00,34.51716219101859,34.51716219101859,33.51280176627841,33.859989166259766,118200,0.0,0.0
2011-08-19 00:00:00-04:00,33.77319460156442,34.17617998274347,33.32681345082039,33.36091232299805,117500,0.0,0.0
2011-08-22 00:00:00-04:00,33.70188256868286,34.14826587105583,32.71922156028333,33.15010452270508,95400,0.0,0.0
2011-08-23 00:00:00-04:00,33.491097876529594,33.881683349609375,33.1191109233516,33.881683349609375,73000,0.0,0.0
2011-08-24 00:00:00-04:00,33.949877720372925,34.12037203123256,33.559294623709455,33.94057846069336,51700,0.0,0.0
2011-08-25 00:00:00-04:00,34.05526995979423,34.098668075415894,33.47869229222651,33.57168960571289,74400,0.0,0.0
2011-08-26 00:00:00-04:00,33.463202457917255,34.095578239116755,33.16871481445143,33.890987396240234,75600,0.0,0.0
2011-08-29 00:00:00-04:00,33.96228912460092,34.39317231377781,33.900292462209556,34.16998291015625,76900,0.0,0.0
2011-08-30 00:00:00-04:00,34.188578431976275,34.61636104094123,34.18237734726934,34.569862365722656,66300,0.0,0.0
2011-08-31 00:00:00-04:00,34.62874036075527,34.84263272122048,34.40554874375148,34.470645904541016,76300,0.0,0.0
2011-09-01 00:00:00-04:00,34.31876166393471,34.86744159594686,34.129668847254834,34.18546676635742,71500,0.0,0.0
2011-09-02 00:00:00-04:00,34.07386890104921,34.37145699688571,33.54068934245966,33.8754768371582,85800,0.0,0.0
2011-09-06 00:00:00-04:00,33.057112740430256,33.72358726443495,33.057112740430256,33.55309295654297,101200,0.0,0.0
2011-09-07 00:00:00-04:00,33.819685055232284,34.24746994216308,33.68019142298465,33.9157829284668,70300,0.0,0.0
2011-09-08 00:00:00-04:00,33.85067681613217,34.039769619206524,33.51589169062505,33.57168960571289,51600,0.0,0.0
2011-09-09 00:00:00-04:00,33.46319228211191,33.79178105866088,33.01990949815297,33.58408737182617,134500,0.0,0.0
2011-09-12 00:00:00-04:00,33.44769582746522,33.91887640816113,33.15010771886464,33.62128829956055,90600,0.0,0.0
2011-09-13 00:00:00-04:00,33.63369715347347,33.95918549128955,33.41980468205029,33.68949508666992,66400,0.0,0.0
2011-09-14 00:00:00-04:00,33.903382686701995,34.29396579793572,33.5654945939448,34.00257873535156,65600,0.0,0.0
2011-09-15 00:00:00-04:00,34.13896797631942,34.70624642419973,34.111070199384365,34.3249626159668,65200,0.0,0.0
2011-09-16 00:00:00-04:00,34.616354120628365,34.616354120628365,34.12037386916595,34.39006423950195,48400,0.0,0.0
2011-09-19 00:00:00-04:00,34.15757609057265,34.35286766552219,33.633695650364075,34.089378356933594,75400,0.0,0.0
2011-09-20 00:00:00-04:00,34.21645953255915,34.377654546041235,33.81967544555664,33.81967544555664,58600,0.0,0.0
2011-09-21 00:00:00-04:00,33.77628285276728,34.126568344461404,33.469395479866414,33.54069137573242,84400,0.0,0.0
2011-09-22 00:00:00-04:00,33.02301522333547,33.45080009872825,32.638630835826,32.97031784057617,197100,0.0,0.0
2011-09-23 00:00:00-04:00,32.62002938314119,33.16870695287428,32.60452904136077,32.86491775512695,108100,0.0,0.0
2011-09-26 00:00:00-04:00,32.861822300155495,33.18421004272095,32.61383100125274,33.140811920166016,66500,0.0,0.0
2011-09-27 00:00:00-04:00,33.630587900353866,34.04287239079216,33.4910942860047,33.56549072265625,99600,0.0,0.0
2011-09-28 00:00:00-04:00,33.484897566666355,33.59959396042411,32.65412975990577,32.83392333984375,108100,0.0,0.0
2011-09-29 00:00:00-04:00,33.37640290212354,34.095574870769404,32.756426985531576,33.044715881347656,81700,0.0,0.0
2011-09-30 00:00:00-04:00,32.626228243823434,33.258603877909934,32.626228243823434,32.6572265625,81200,0.0,0.0
2011-10-03 00:00:00-04:00,32.610726048474305,32.883516913371736,31.773759666677144,32.285240173339844,189400,0.0,0.0
2011-10-04 00:00:00-04:00,31.922557145471142,31.928755863282333,29.814638336644443,31.438974380493164,395000,0.0,0.0
2011-10-05 00:00:00-04:00,31.85125735178057,32.36273786984967,31.169284904368467,32.319339752197266,108700,0.0,0.0
2011-10-06 00:00:00-04:00,32.548737039994634,33.457001891997216,32.26974739236201,33.40430450439453,147000,0.0,0.0
2011-10-07 00:00:00-04:00,33.646093182802275,33.69569002617979,32.858723487138214,33.075714111328125,96900,0.0,0.0
2011-10-10 00:00:00-04:00,33.26480386119679,34.07387254404288,33.26480386119679,33.72358703613281,119600,0.0,0.0
2011-10-11 00:00:00-04:00,33.94987915126151,34.021177420177,33.67709060740911,34.0087776184082,123900,0.0,0.0
2011-10-12 00:00:00-04:00,34.09867887779524,34.22267454671863,33.71739260973443,33.859989166259766,175200,0.0,0.0
2011-10-13 00:00:00-04:00,33.47679977106542,34.31640388229068,33.45786212914547,33.969200134277344,91000,1.956,0.0
2011-10-14 00:00:00-04:00,34.17120063725588,34.52156136896979,33.87134107335262,34.3163948059082,76800,0.0,0.0
2011-10-17 00:00:00-04:00,34.40478515625,34.51841583198637,33.89344711543633,34.40478515625,68900,0.0,0.0
2011-10-18 00:00:00-04:00,34.25011597700793,34.48053195561554,33.73877802786804,34.341651916503906,156900,0.0,0.0
2011-10-19 00:00:00-04:00,33.77665716297618,34.40478046227327,33.77665716297618,33.90922546386719,99000,0.0,0.0
2011-10-20 00:00:00-04:00,34.23116905443002,34.395303260612906,33.77349185700811,34.07334899902344,132600,0.0,0.0
2011-10-21 00:00:00-04:00,34.41740569902207,34.56259989361621,34.02285547192599,34.11754608154297,107700,0.0,0.0
2011-10-24 00:00:00-04:00,34.08913714887988,34.4047773076658,33.81452934380454,33.83346939086914,121000,0.0,0.0
2011-10-25 00:00:00-04:00,33.773493980455406,34.26589181367682,33.71983573619781,33.782962799072266,102300,0.0,0.0
2011-10-26 00:00:00-04:00,33.85555745263504,34.246950498336034,33.539917355876185,34.15541458129883,75800,0.0,0.0
2011-10-27 00:00:00-04:00,34.56259066015537,34.56259066015537,34.11438229986837,34.24379348754883,90900,0.0,0.0
2011-10-28 00:00:00-04:00,34.23117146225691,34.47737278884909,34.03231904538876,34.332176208496094,57600,0.0,0.0
2011-10-31 00:00:00-04:00,34.190145048114665,34.246960378247636,33.8524101434752,33.93132019042969,51600,0.0,0.0
2011-11-01 00:00:00-04:00,33.52414015642704,33.89975270680908,33.44838719444976,33.68827438354492,67000,0.0,0.0
2011-11-02 00:00:00-04:00,34.08913251554344,34.08913251554344,33.52413641913274,33.776649475097656,52500,0.0,0.0
2011-11-03 00:00:00-04:00,34.089135758925565,34.199609328367515,33.722992033754295,34.0291633605957,57300,0.0,0.0
2011-11-04 00:00:00-04:00,33.984970291184176,34.40477221822322,33.814524341676375,34.401615142822266,69300,0.0,0.0
2011-11-07 00:00:00-05:00,34.43949510810474,34.61309814453125,34.33849036185925,34.61309814453125,65200,0.0,0.0
2011-11-08 00:00:00-05:00,34.46789196024282,34.957134993384635,34.31007193769932,34.86244201660156,101400,0.0,0.0
2011-11-09 00:00:00-05:00,34.7172483678657,35.03604549211893,34.31007241506128,34.56574249267578,95400,0.0,0.0
2011-11-10 00:00:00-05:00,35.03289559864446,35.127588596155874,34.84666908718642,34.99186325073242,117600,0.0,0.0
2011-11-11 00:00:00-05:00,35.09918139866974,35.339068571106864,35.029742593096046,35.26015853881836,73500,0.0,0.0
2011-11-14 00:00:00-05:00,35.3201307521595,35.3201307521595,34.90979762311416,34.97292709350586,86200,0.0,0.0
2011-11-15 00:00:00-05:00,34.90979472651799,35.294876035455005,34.90979472651799,35.20649719238281,53000,0.0,0.0
2011-11-16 00:00:00-05:00,35.19387674216111,35.76518464333385,35.0392137428658,35.30119323730469,99900,0.0,0.0
2011-11-17 00:00:00-05:00,35.35169980019134,35.629462288832634,34.783546518716605,35.111812591552734,76300,0.0,0.0
2011-11-18 00:00:00-05:00,35.26961955148376,35.3516866411807,34.720406522588185,34.9539794921875,54300,0.0,0.0
2011-11-21 00:00:00-05:00,34.79932255876604,35.08971088561051,34.565749548751405,34.94767379760742,56600,0.0,0.0
2011-11-22 00:00:00-05:00,34.84035799738743,35.20650171791483,34.72357268609137,35.00133514404297,44000,0.0,0.0
2011-11-23 00:00:00-05:00,35.001342720923276,35.001342720923276,34.43634645561544,34.62888717651367,43000,0.0,0.0
2011-11-25 00:00:00-05:00,34.45527735848371,34.60994034616098,34.45527735848371,34.5152473449707,16800,0.0,0.0
2011-11-28 00:00:00-05:00,34.96345574352426,35.345382415653575,34.54681087298077,34.64466094970703,82200,0.0,0.0
2011-11-29 00:00:00-05:00,34.65728864736734,35.506358994076386,34.65728864736734,35.17809295654297,82200,0.0,0.0
2011-11-30 00:00:00-05:00,35.50951458546922,35.74624468270568,35.209657425560266,35.34853744506836,71200,0.0,0.0
2011-12-01 00:00:00-05:00,35.351709031599306,35.9009224083456,35.077101139154124,35.73047637939453,87200,0.0,0.0
2011-12-02 00:00:00-05:00,35.98297963786171,36.21339802319603,35.76834422439786,36.128173828125,91800,0.0,0.0
2011-12-05 00:00:00-05:00,36.24180520571958,36.29862053418579,35.777813757936165,36.07451629638672,92700,0.0,0.0
2011-12-06 00:00:00-05:00,35.970339253884184,36.219695178512914,35.69888862242215,35.98927688598633,74800,0.0,0.0
2011-12-07 00:00:00-05:00,35.9671889562002,36.1123855234831,35.59157886926036,35.84408950805664,60100,0.0,0.0
2011-12-08 00:00:00-05:00,35.5032020978266,35.81568514534475,35.30434727910713,35.48741912841797,54400,0.0,0.0
2011-12-09 00:00:00-05:00,35.75571751283345,35.82515873444986,35.509518569388625,35.80937576293945,43100,0.0,0.0
2011-12-12 00:00:00-05:00,35.66419221393757,35.82201234354292,35.351709031599306,35.73047637939453,46100,0.0,0.0
2011-12-13 00:00:00-05:00,35.66732867179441,36.22916762309153,35.512665708471,35.724143981933594,99500,0.0,0.0
2011-12-14 00:00:00-05:00,35.45901097684007,35.597893404366005,35.114964391742014,35.43376159667969,71500,0.0,0.0
2011-12-15 00:00:00-05:00,35.509516085897175,35.9829763003758,35.03921294712849,35.3516960144043,88000,0.0,0.0
2011-12-16 00:00:00-05:00,35.66733323351284,35.866185640361124,35.36747608551484,35.73677444458008,40100,0.0,0.0
2011-12-19 00:00:00-05:00,35.746256276180866,36.058739431599655,35.73047330132236,35.98298645019531,55700,0.0,0.0
2011-12-20 00:00:00-05:00,36.061890410646356,36.390156485418515,36.00191800609714,36.09661102294922,73900,0.0,0.0
2011-12-21 00:00:00-05:00,35.95141614526666,36.31124574942421,35.90406963774206,36.216552734375,43000,0.0,0.0
2011-12-22 00:00:00-05:00,36.35543818754069,36.35543818754069,36.140802756069725,36.244964599609375,35400,0.0,0.0
2011-12-23 00:00:00-05:00,36.23549505611578,36.35543746231377,36.11555024177424,36.298622131347656,36400,0.0,0.0
2011-12-27 00:00:00-05:00,36.35542990201098,36.73735416647086,36.29861458285991,36.56059646606445,70400,0.0,0.0
2011-12-28 00:00:00-05:00,36.62372803958647,36.70895223288276,35.98297888854082,36.11554718017578,61000,0.0,0.0
2011-12-29 00:00:00-05:00,36.28914402110998,36.28914402110998,35.8251526716892,35.92300033569336,94100,0.0,0.0
2011-12-30 00:00:00-05:00,35.96088335339971,36.0966087178773,35.82831506478716,35.97035217285156,37700,0.0,0.0
2012-01-03 00:00:00-05:00,36.59847796468613,36.759455131016765,36.431189054328804,36.73420333862305,72400,0.0,0.0
2012-01-04 00:00:00-05:00,36.737356625458034,36.92989730834961,36.630040131069016,36.92989730834961,75200,0.0,0.0
2012-01-05 00:00:00-05:00,36.85098727136595,36.92989730834961,36.62372597955012,36.92989730834961,68200,0.0,0.0
2012-01-06 00:00:00-05:00,36.96461254750191,37.14452730936307,36.866764886462136,36.967769622802734,55900,0.0,0.0
2012-01-09 00:00:00-05:00,37.223453563920415,37.70007100014481,37.112979961654865,37.684288024902344,89900,0.0,0.0
2012-01-10 00:00:00-05:00,37.84210662236874,37.876827239990234,37.58643880910483,37.876827239990234,124700,0.0,0.0
2012-01-11 00:00:00-05:00,37.782122683521735,37.85472097316951,37.374949034063214,37.70005798339844,148100,0.0,0.0
2012-01-12 00:00:00-05:00,37.23447297809574,38.14373171885474,36.94750604583437,37.86643981933594,202400,2.516,0.0
2012-01-13 00:00:00-05:00,37.789057940871224,37.789057940871224,37.15386848776926,37.247371673583984,55100,0.0,0.0
2012-01-17 00:00:00-05:00,37.2667039260393,37.72133192271368,37.24090876680566,37.26025390625,60700,0.0,0.0
2012-01-18 00:00:00-05:00,37.39568215188242,37.69231914197039,36.73469525487401,36.76049041748047,122900,0.0,0.0
2012-01-19 00:00:00-05:00,36.7572743174794,37.00232350171881,36.36068159114406,36.676666259765625,93100,0.0,0.0
2012-01-20 00:00:00-05:00,36.92492816977755,37.18932243032748,36.718571793736736,36.9474983215332,82600,0.0,0.0
2012-01-23 00:00:00-05:00,37.36020934128856,37.9889509696161,37.21511341631637,37.87287521362305,111000,0.0,0.0
2012-01-24 00:00:00-05:00,37.71811765690483,37.71811765690483,37.28928226531612,37.43437576293945,63400,0.0,0.0
2012-01-25 00:00:00-05:00,37.48274506816485,37.71812166796568,37.160312852524726,37.66008377075195,42000,0.0,0.0
2012-01-26 00:00:00-05:00,37.669757599884754,37.82130113988349,37.18288424924178,37.30218505859375,70600,0.0,0.0
2012-01-27 00:00:00-05:00,37.18610003616784,37.46339187887973,37.16030487406393,37.34086608886719,42300,0.0,0.0
2012-01-30 00:00:00-05:00,37.24091780041443,37.382788750651585,37.16353476390433,37.282833099365234,46600,0.0,0.0
2012-01-31 00:00:00-05:00,37.30218329756399,37.40536150674022,36.999096231875214,37.07970428466797,55300,0.0,0.0
2012-02-01 00:00:00-05:00,37.099047114373676,37.17643261139724,36.77661492332933,37.08937454223633,71600,0.0,0.0
2012-02-02 00:00:00-05:00,37.00231682028576,37.39245945397763,37.00231682028576,37.32474899291992,41400,0.0,0.0
2012-02-03 00:00:00-05:00,37.418257173879745,37.679426464363594,37.40213458016195,37.563350677490234,73200,0.0,0.0
2012-02-06 00:00:00-05:00,37.563339226846274,37.72455527503016,37.40534818841533,37.69553756713867,49800,0.0,0.0
2012-02-07 00:00:00-05:00,37.69231316134455,38.32750479496087,37.6471728639267,38.32427978515625,89700,0.0,0.0
2012-02-08 00:00:00-05:00,38.275917616812826,38.33073048817785,37.905120177648264,38.16306686401367,68100,0.0,0.0
2012-02-09 00:00:00-05:00,38.079241793517966,38.26947806802824,37.856765251415176,37.95671844482422,64400,0.0,0.0
2012-02-10 00:00:00-05:00,37.86967217374564,37.9051399230957,37.54723987780924,37.9051399230957,42600,0.0,0.0
2012-02-13 00:00:00-05:00,37.91802420950432,38.30171929426693,37.840641174413165,38.101810455322266,39900,0.0,0.0
2012-02-14 00:00:00-05:00,38.192090708337645,38.36942939118941,38.134052817582734,38.15340042114258,36600,0.0,0.0
2012-02-15 00:00:00-05:00,38.05344495415096,38.35008443051449,37.972836908827006,38.12760543823242,48500,0.0,0.0
2012-02-16 00:00:00-05:00,38.111488397535645,38.591914188831154,38.05667550912077,38.50485610961914,60200,0.0,0.0
2012-02-17 00:00:00-05:00,38.5919100975732,38.80148905576043,38.501629476822565,38.69831085205078,87100,0.0,0.0
2012-02-21 00:00:00-05:00,39.0465399778187,39.65916166628224,38.77569810331879,39.4818229675293,103400,0.0,0.0
2012-02-22 00:00:00-05:00,39.39798720537395,39.66560403395387,39.39798720537395,39.578548431396484,59200,0.0,0.0
2012-02-23 00:00:00-05:00,39.5108427683117,39.984818504124405,39.4786000397451,39.93967819213867,82200,0.0,0.0
2012-02-24 00:00:00-05:00,39.83004649656743,40.27177946536863,39.83004649656743,40.175048828125,62100,0.0,0.0
2012-02-27 00:00:00-05:00,39.80426259948934,40.25889327928088,38.994959375972364,39.63982391357422,104500,0.0,0.0
2012-02-28 00:00:00-05:00,39.61079011163929,39.65593041695472,38.701531524630845,39.21742248535156,76000,0.0,0.0
2012-02-29 00:00:00-05:00,39.13682032907261,39.807479908806926,38.78537040486221,39.52051544189453,94300,0.0,0.0
2012-03-01 00:00:00-05:00,39.617235249123496,40.02027539687658,39.4173264502517,39.84938430786133,63000,0.0,0.0
2012-03-02 00:00:00-05:00,39.83649424842927,40.09443849978145,39.29158311225789,39.32382583618164,79400,0.0,0.0
2012-03-05 00:00:00-05:00,39.133589830127285,39.443124390223595,38.85307298193282,39.32059860229492,66800,0.0,0.0
2012-03-06 00:00:00-05:00,39.014284195701805,39.25288326149781,38.49839332642867,38.92400360107422,74400,0.0,0.0
2012-03-07 00:00:00-05:00,38.73056213476456,39.65916611429311,38.73056213476456,39.643043518066406,52800,0.0,0.0
2012-03-08 00:00:00-05:00,39.98159441879912,39.98159441879912,39.50761867201451,39.65593719482422,52100,0.0,0.0
2012-03-09 00:00:00-05:00,39.91065539200166,40.06219891226577,39.62046593404509,40.02350616455078,50200,0.0,0.0
2012-03-12 00:00:00-04:00,39.888079507465,39.949342400889236,39.59466754098667,39.65915298461914,49700,0.0,0.0
2012-03-13 00:00:00-04:00,39.65917035046137,39.98160262973342,39.41734614100734,39.94935989379883,54300,0.0,0.0
2012-03-14 00:00:00-04:00,39.98159080551505,40.14280689747277,39.636588467124014,39.74943923950195,56900,0.0,0.0
2012-03-15 00:00:00-04:00,39.765572301609545,40.27823842822078,39.19486580825263,39.63982391357422,53700,0.0,0.0
2012-03-16 00:00:00-04:00,39.617234736113666,39.80746850260807,39.497933968337335,39.79457092285156,39700,0.0,0.0
2012-03-19 00:00:00-04:00,39.933227447331994,40.14280886916349,39.497944469658854,39.94612503051758,77700,0.0,0.0
2012-03-20 00:00:00-04:00,39.82037353515625,39.95579445800227,39.659157447969385,39.82037353515625,58100,0.0,0.0
2012-03-21 00:00:00-04:00,39.95579692444484,40.07187271118164,39.74299295540232,40.07187271118164,30000,0.0,0.0
2012-03-22 00:00:00-04:00,39.90097535020847,40.14279944324004,39.40765459401798,39.84293746948242,94300,0.0,0.0
2012-03-23 00:00:00-04:00,39.96547397276957,40.626461029052734,39.90098851067679,40.626461029052734,71400,0.0,0.0
2012-03-26 00:00:00-04:00,40.62645183327134,40.91341625656652,40.21373906538443,40.78444290161133,73700,0.0,0.0
2012-03-27 00:00:00-04:00,40.68448738872162,40.94888164424662,40.46523343585001,40.92631149291992,59000,0.0,0.0
2012-03-28 00:00:00-04:00,40.77154685541361,40.91019278671793,40.313693765045784,40.75865173339844,74700,0.0,0.0
2012-03-29 00:00:00-04:00,40.46201436482417,40.607110324618034,39.83004757495246,40.11701202392578,115200,0.0,0.0
2012-03-30 00:00:00-04:00,40.22663219396886,40.68771022641997,40.04284598298971,40.33625793457031,47900,0.0,0.0
2012-04-02 00:00:00-04:00,40.23953902029733,40.94566385633316,40.17182609441159,40.85860824584961,75100,0.0,0.0
2012-04-03 00:00:00-04:00,40.91664327370915,41.75174388153134,40.62967883633964,41.387393951416016,121800,0.0,0.0
2012-04-04 00:00:00-04:00,41.23907943644944,41.23907943644944,40.66837305705896,40.80057144165039,65700,0.0,0.0
2012-04-05 00:00:00-04:00,40.96824279561778,41.535726730658254,40.96824279561778,41.31324768066406,57000,0.0,0.0
2012-04-09 00:00:00-04:00,41.2713171048274,41.567954106127424,40.85215430649662,41.15846633911133,118300,0.0,0.0
2012-04-10 00:00:00-04:00,41.58407639025224,41.667906981327526,41.0069225241952,41.23262405395508,154600,0.0,0.0
2012-04-11 00:00:00-04:00,41.326127268187385,41.413185324566285,40.98757499327511,41.255191802978516,145700,0.0,0.0
2012-04-12 00:00:00-04:00,41.078397514920226,41.7269868827666,40.98950571617069,41.25618362426758,98800,2.643,0.0
2012-04-13 00:00:00-04:00,41.154127077114936,41.27594419752869,40.68003072939503,40.75904846191406,60700,0.0,0.0
2012-04-16 00:00:00-04:00,40.759046820108296,40.82159938268882,39.62319145142391,39.672576904296875,140600,0.0,0.0
2012-04-17 00:00:00-04:00,39.52441603661963,40.6306389323373,39.35979956418364,40.22568130493164,104700,0.0,0.0
2012-04-18 00:00:00-04:00,40.11373172335618,40.495643058702264,40.11373172335618,40.41004180908203,49400,0.0,0.0
2012-04-19 00:00:00-04:00,40.41006178381533,40.620770724074575,40.36396936012416,40.4462776184082,67200,0.0,0.0
2012-04-20 00:00:00-04:00,40.95656957962609,41.11789298280282,40.36724244019564,40.41004180908203,66400,0.0,0.0
2012-04-23 00:00:00-04:00,40.36395595521829,40.8084198999755,40.18616987494583,40.51869583129883,134300,0.0,0.0
2012-04-24 00:00:00-04:00,40.81171777082587,40.8248873907608,40.23556008587562,40.24872970581055,52500,0.0,0.0
2012-04-25 00:00:00-04:00,40.23556435512953,40.66027522366493,40.23556435512953,40.60101318359375,40800,0.0,0.0
2012-04-26 00:00:00-04:00,40.62734961984795,41.15412187751043,40.597717345935045,41.03889083862305,50400,0.0,0.0
2012-04-27 00:00:00-04:00,41.03229896954761,41.15411605734259,40.854512886758144,41.1113166809082,37700,0.0,0.0
2012-04-30 00:00:00-04:00,41.0981583688667,41.15083434575088,40.66027785070772,40.976341247558594,48000,0.0,0.0
2012-05-01 00:00:00-04:00,41.009248526772204,41.15081877185226,40.76561688820919,40.92035675048828,43800,0.0,0.0
2012-05-02 00:00:00-04:00,40.870981933950475,40.989506007691666,40.54504198708636,40.577964782714844,37000,0.0,0.0
2012-05-03 00:00:00-04:00,40.53845285287445,40.73270160252375,40.18617369142894,40.25202178955078,37000,0.0,0.0
2012-05-04 00:00:00-04:00,40.16643618215655,40.284960293150185,39.524432674148606,39.600154876708984,118600,0.0,0.0
2012-05-07 00:00:00-04:00,39.50465544469984,39.50465544469984,38.68815924947539,39.01409912109375,139000,0.0,0.0
2012-05-08 00:00:00-04:00,38.91203801984626,39.007515864145184,37.232948187355284,38.191017150878906,218800,0.0,0.0
2012-05-09 00:00:00-04:00,38.04288199350031,38.964733076339265,37.552322913889405,38.803409576416016,87000,0.0,0.0
2012-05-10 00:00:00-04:00,39.17871570082488,39.284070129966636,38.849482795775934,39.17542266845703,38700,0.0,0.0
2012-05-11 00:00:00-04:00,39.10959119787216,39.3268836874147,39.01411331955016,39.083251953125,41000,0.0,0.0
2012-05-14 00:00:00-04:00,38.98118669536263,39.01410949214244,38.391859339165,38.4149055480957,72000,0.0,0.0
2012-05-15 00:00:00-04:00,38.41160782059839,38.73096418521577,38.04286852277056,38.11200714111328,81000,0.0,0.0
2012-05-16 00:00:00-04:00,38.108713188388876,38.51696133477858,37.45024730176445,37.56877136230469,111600,0.0,0.0
2012-05-17 00:00:00-04:00,37.53255144417107,37.53255144417107,36.48888373054065,36.69959259033203,165500,0.0,0.0
2012-05-18 00:00:00-04:00,36.71276440529331,37.47329166312484,36.39340806410147,36.72264099121094,93200,0.0,0.0
2012-05-21 00:00:00-04:00,36.79177504825869,38.187721783014005,36.413156726600604,38.00664520263672,88700,0.0,0.0
2012-05-22 00:00:00-04:00,38.191021352087354,38.421483407231435,37.275754173303696,37.36793899536133,107000,0.0,0.0
2012-05-23 00:00:00-04:00,37.36795066284519,37.75973879076708,36.93665617704802,37.423919677734375,85000,0.0,0.0
2012-05-24 00:00:00-04:00,37.53256214053912,37.98690277797494,36.91031196915701,37.170406341552734,71000,0.0,0.0
2012-05-25 00:00:00-04:00,37.03871324908028,37.499639960771866,37.00908348416829,37.1769905090332,29600,0.0,0.0
2012-05-29 00:00:00-04:00,37.298799896529886,37.86178791982906,37.22307521547712,37.25600051879883,76100,0.0,0.0
2012-05-30 00:00:00-04:00,37.20332480915011,37.354771670668235,36.544858883324444,36.577781677246094,77200,0.0,0.0
2012-05-31 00:00:00-04:00,36.54485921888381,36.91689156612601,36.05100976997997,36.56790542602539,108000,0.0,0.0
2012-06-01 00:00:00-04:00,36.10698266250747,36.534986569088346,35.10940707011113,35.3530387878418,179300,0.0,0.0
2012-06-04 00:00:00-04:00,35.20488780161984,35.35304165955236,34.25340455118541,34.727500915527344,172900,0.0,0.0
2012-06-05 00:00:00-04:00,34.763708931875364,36.090519942806964,34.7340791695506,36.0477180480957,75000,0.0,0.0
2012-06-06 00:00:00-04:00,36.39011814665983,36.9399365791559,36.18270228909044,36.74239730834961,90800,0.0,0.0
2012-06-07 00:00:00-04:00,37.377822533153875,37.443670641046985,36.880679993916935,36.95969772338867,73100,0.0,0.0
2012-06-08 00:00:00-04:00,36.874095995134205,36.874095995134205,36.23538317142699,36.3670768737793,63900,0.0,0.0
2012-06-11 00:00:00-04:00,36.77861673543682,36.77861673543682,36.05101213441965,36.21892166137695,45300,0.0,0.0
2012-06-12 00:00:00-04:00,36.24854394975573,37.86178575835067,36.24854394975573,37.153934478759766,89300,0.0,0.0
2012-06-13 00:00:00-04:00,36.88726788582786,37.47659529342683,36.70948175349225,36.79179000854492,97600,0.0,0.0
2012-06-14 00:00:00-04:00,37.0847986894203,37.68070951552565,36.92676828260193,37.196739196777344,73700,0.0,0.0
2012-06-15 00:00:00-04:00,37.41073655604115,37.443661858188925,36.607409922962916,37.02882766723633,97200,0.0,0.0
2012-06-18 00:00:00-04:00,36.88068257835149,38.02641461749461,36.72923568735734,37.76302719116211,96400,0.0,0.0
2012-06-19 00:00:00-04:00,38.02641492706226,38.15481560768627,37.35807227872483,37.993492126464844,74400,0.0,0.0
2012-06-20 00:00:00-04:00,38.10871763667601,38.22394867791617,37.43378901936489,37.6148681640625,76500,0.0,0.0
2012-06-21 00:00:00-04:00,37.5325626013822,37.80911712012617,36.73581933145966,36.85434341430664,135400,0.0,0.0
2012-06-22 00:00:00-04:00,36.99590515055316,37.70375393870338,36.99590515055316,37.59181594848633,59100,0.0,0.0
2012-06-25 00:00:00-04:00,37.47330009984328,37.588531147905066,36.939941733580696,37.170406341552734,49600,0.0,0.0
2012-06-26 00:00:00-04:00,37.2132107295702,37.736692578056896,37.121025878729476,37.423919677734375,70200,0.0,0.0
2012-06-27 00:00:00-04:00,37.414035325747705,37.95068417428516,37.414035325747705,37.76960754394531,72600,0.0,0.0
2012-06-28 00:00:00-04:00,37.75973176035028,37.97044066928294,37.0880961711843,37.87166976928711,91900,0.0,0.0
2012-06-29 00:00:00-04:00,38.34576220482825,38.50050209369378,37.7794811272131,38.378684997558594,71100,0.0,0.0
2012-07-02 00:00:00-04:00,38.59598108641391,38.99764318849818,38.30625447342755,38.97789001464844,100800,0.0,0.0
2012-07-03 00:00:00-04:00,39.02727228263525,39.91949323200723,39.02727228263525,39.771339416503906,80300,0.0,0.0
2012-07-05 00:00:00-04:00,39.77462488943339,40.15324321770482,39.27419199867167,40.01167297363281,93900,0.0,0.0
2012-07-06 00:00:00-04:00,39.8898733692585,39.985348733340146,39.4388232336948,39.754886627197266,58900,0.0,0.0
2012-07-09 00:00:00-04:00,39.83388461068072,40.14336431516749,39.40588338278468,40.09397888183594,101000,0.0,0.0
2012-07-10 00:00:00-04:00,40.16641239556182,40.16641239556182,39.712071913713224,39.820716857910156,81300,0.0,0.0
2012-07-11 00:00:00-04:00,39.837191104136075,40.087408875545705,39.67257461197023,39.95571517944336,100500,0.0,0.0
2012-07-12 00:00:00-04:00,39.87281381668974,39.87281381668974,39.04045094147418,39.157920837402344,113200,2.313,0.0
2012-07-13 00:00:00-04:00,38.93305516185277,39.3425239103283,38.490023946919834,38.85250473022461,134400,0.0,0.0
2012-07-16 00:00:00-04:00,38.701468629899345,39.255258272125644,38.50344829128103,39.12771987915039,83900,0.0,0.0
2012-07-17 00:00:00-04:00,39.29888918042737,39.77212839295011,38.93305395428027,39.2418327331543,80600,0.0,0.0
2012-07-18 00:00:00-04:00,39.26868359825111,39.406293034845106,38.44974612944306,38.855857849121094,101700,0.0,0.0
2012-07-19 00:00:00-04:00,38.714888781299166,39.19819641113281,38.34569659102141,39.19819641113281,81600,0.0,0.0
2012-07-20 00:00:00-04:00,39.4667120016165,39.4667120016165,38.862579820724946,39.06395721435547,61500,0.0,0.0
2012-07-23 00:00:00-04:00,38.6041287764909,38.892770536870174,38.093972735269126,38.76187515258789,99600,0.0,0.0
2012-07-24 00:00:00-04:00,38.85586432027373,38.89949783702255,38.2651576627199,38.51688003540039,58100,0.0,0.0
2012-07-25 00:00:00-04:00,38.51687443685951,38.76188274335717,38.161105127272904,38.651126861572266,61800,0.0,0.0
2012-07-26 00:00:00-04:00,38.84913766512307,39.09750292543823,38.49672545685924,39.01695251464844,90400,0.0,0.0
2012-07-27 00:00:00-04:00,39.201567596748035,39.31903753239467,38.79881023940629,38.912925720214844,69200,0.0,0.0
2012-07-30 00:00:00-04:00,38.91291182605349,39.319023493227945,38.88606083302089,39.13442611694336,48700,0.0,0.0
2012-07-31 00:00:00-04:00,39.18477381718839,39.268681255769096,38.78201913626174,38.845787048339844,49100,0.0,0.0
2012-08-01 00:00:00-04:00,39.154567896277364,39.26196931393952,38.745099191236704,39.090797424316406,40700,0.0,0.0
2012-08-02 00:00:00-04:00,38.92633279975059,39.08407660402282,38.74173544491422,38.9968147277832,44500,0.0,0.0
2012-08-03 00:00:00-04:00,39.285463294032745,39.36937073160167,38.82900662880564,39.090797424316406,64200,0.0,0.0
2012-08-06 00:00:00-04:00,38.990111970583094,39.25861682602333,38.953192488943756,39.22840881347656,50000,0.0,0.0
2012-08-07 00:00:00-04:00,39.198194634443865,39.56402979386279,39.07065626486371,39.44655990600586,44700,0.0,0.0
2012-08-08 00:00:00-04:00,39.32237996144386,39.439849853515625,39.0907946308941,39.439849853515625,60100,0.0,0.0
2012-08-09 00:00:00-04:00,39.285462700163606,39.517045483109854,39.285462700163606,39.51033401489258,37500,0.0,0.0
2012-08-10 00:00:00-04:00,39.37272468602584,39.55396505615406,39.13778488807357,39.449920654296875,29600,0.0,0.0
2012-08-13 00:00:00-04:00,39.51704575679063,39.53382826842766,39.30224292322579,39.38615036010742,39000,0.0,0.0
2012-08-14 00:00:00-04:00,39.35594671426519,39.85603434399894,39.35594671426519,39.75534439086914,68900,0.0,0.0
2012-08-15 00:00:00-04:00,39.52376831490692,40.07084399959906,39.52376831490692,39.681514739990234,73300,0.0,0.0
2012-08-16 00:00:00-04:00,39.86945472158165,40.26549789336437,39.61101840337557,40.09432601928711,48800,0.0,0.0
2012-08-17 00:00:00-04:00,40.181586384079615,40.27556228637695,39.88958763566892,40.27556228637695,81100,0.0,0.0
2012-08-20 00:00:00-04:00,39.95000725220109,40.22186652021709,38.42960495075328,38.59406280517578,219200,0.0,0.0
2012-08-21 00:00:00-04:00,38.44639157821673,38.49673399571955,35.15721877369608,36.22787857055664,843100,0.0,0.0
2012-08-22 00:00:00-04:00,35.94594731794605,36.298359595442854,34.50609531887485,35.93252182006836,632900,0.0,0.0
2012-08-23 00:00:00-04:00,36.06676994582818,36.4795956343176,35.610313314917754,36.23458480834961,124300,0.0,0.0
2012-08-24 00:00:00-04:00,36.26479984882814,36.81523249980467,36.18089240129328,36.540016174316406,126500,0.0,0.0
2012-08-27 00:00:00-04:00,36.48295437250576,36.540013378559344,34.17717952948502,34.36513137817383,657900,0.0,0.0
2012-08-28 00:00:00-04:00,34.05635739133104,34.23088376666875,31.216929492592143,31.367961883544922,1352100,0.0,0.0
2012-08-29 00:00:00-04:00,29.709946195009955,30.022081984390145,25.76629638671875,25.76629638671875,2888300,0.0,0.0
2012-08-30 00:00:00-04:00,25.326623441097492,30.700057052481018,25.21251054253426,30.04222297668457,2181900,0.0,0.0
2012-08-31 00:00:00-04:00,30.87793392234481,30.87793392234481,29.293761250537656,29.64617347717285,474800,0.0,0.0
2012-09-04 00:00:00-04:00,29.830767715923134,30.505384150298582,29.67302390310185,30.17982292175293,356600,0.0,0.0
2012-09-05 00:00:00-04:00,30.391280083840424,30.458405021058457,29.58576803396298,30.102638244628906,335100,0.0,0.0
2012-09-06 00:00:00-04:00,30.273810220934774,30.37450019612212,29.344116700735015,29.350828170776367,332400,0.0,0.0
2012-09-07 00:00:00-04:00,29.35082767329714,29.72337699026242,29.35082767329714,29.538782119750977,184600,0.0,0.0
2012-09-10 00:00:00-04:00,29.703233913336383,30.12277111550215,29.58240699426049,29.891185760498047,226600,0.0,0.0
2012-09-11 00:00:00-04:00,30.15633328189011,30.20667825778345,29.90461096307525,30.072425842285156,175700,0.0,0.0
2012-09-12 00:00:00-04:00,30.206683785594336,30.206683785594336,29.95831843589543,30.19325828552246,130600,0.0,0.0
2012-09-13 00:00:00-04:00,30.47853675027886,30.47853675027886,29.907967200060234,30.2469539642334,162300,0.0,0.0
2012-09-14 00:00:00-04:00,30.411417749823993,31.46193814920937,30.377855280445818,31.38138771057129,272300,0.0,0.0
2012-09-17 00:00:00-04:00,31.54919446840255,31.988868593181348,31.38137960420892,31.740503311157227,221700,0.0,0.0
2012-09-18 00:00:00-04:00,31.884826047100468,31.884826047100468,31.096096651749914,31.294116973876953,214600,0.0,0.0
2012-09-19 00:00:00-04:00,31.297474311921302,31.53241411359458,30.770535704752557,30.998764038085938,190300,0.0,0.0
2012-09-20 00:00:00-04:00,30.629568491744507,30.998760665919686,30.475179130204033,30.75374984741211,161000,0.0,0.0
2012-09-21 00:00:00-04:00,30.87793580683498,31.193428579052483,30.76046591100453,30.94506072998047,130700,0.0,0.0
2012-09-24 00:00:00-04:00,30.857797504309318,31.844547147160316,30.84101499392464,31.596181869506836,265800,0.0,0.0
2012-09-25 00:00:00-04:00,31.7170121396943,31.841196072023006,31.398164893767635,31.44850730895996,135100,0.0,0.0
2012-09-26 00:00:00-04:00,31.381374364612974,31.445144821767627,31.02896218438626,31.267261505126953,110100,0.0,0.0
2012-09-27 00:00:00-04:00,31.381380161908993,31.539126546758684,31.270621735016448,31.378023147583008,93100,0.0,0.0
2012-09-28 00:00:00-04:00,31.626386975740658,31.7069373847667,31.32096272717944,31.49884605407715,97900,0.0,0.0
2012-10-01 00:00:00-04:00,31.475350169962624,31.693509968473574,31.193422475137037,31.243764877319336,120100,0.0,0.0
2012-10-02 00:00:00-04:00,31.17663589663748,31.43842659640866,30.95847612661122,31.112865447998047,91800,0.0,0.0
2012-10-03 00:00:00-04:00,31.206854310173306,31.206854310173306,30.508743837350043,30.653064727783203,178700,0.0,0.0
2012-10-04 00:00:00-04:00,30.653057679651205,31.13636265223454,30.438254900580585,30.968547821044922,125000,0.0,0.0
2012-10-05 00:00:00-04:00,30.968560073219148,31.20685948116041,30.74368872501488,30.820884704589844,102900,0.0,0.0
2012-10-08 00:00:00-04:00,30.830941982168067,31.341097958698615,30.770528538571575,31.065881729125977,127900,0.0,0.0
2012-10-09 00:00:00-04:00,31.129652110351373,31.411579806011797,31.045744692264172,31.267261505126953,202400,0.0,0.0
2012-10-10 00:00:00-04:00,31.18000901395174,31.297478932129565,30.96184913124882,30.965206146240234,155100,0.0,0.0
2012-10-11 00:00:00-04:00,30.983004300471766,31.496591520582808,30.702243391300648,31.185016632080078,141000,1.822,0.0
2012-10-12 00:00:00-04:00,31.003545228063917,31.123381706876227,30.647457825136392,30.65430450439453,162100,0.0,0.0
2012-10-15 00:00:00-04:00,30.678283515201276,30.678283515201276,28.69926069948101,29.15464210510254,414000,0.0,0.0
2012-10-16 00:00:00-04:00,29.15463924567209,29.161485926873244,28.089801380448293,28.521215438842773,429400,0.0,0.0
2012-10-17 00:00:00-04:00,28.613653708725604,30.23658846939667,28.45272930737359,29.877079010009766,352800,0.0,0.0
2012-10-18 00:00:00-04:00,30.00719492582073,30.123609409993843,29.558662835829466,29.90105438232422,100500,0.0,0.0
2012-10-19 00:00:00-04:00,29.928441786340755,29.959255766968823,29.363495298001386,29.56892967224121,101500,0.0,0.0
2012-10-22 00:00:00-04:00,29.127241262516094,29.503871344320054,28.767729186288957,28.843055725097656,192700,0.0,0.0
2012-10-23 00:00:00-04:00,28.654745735553355,28.839637460729673,28.035015338506838,28.20621109008789,257200,0.0,0.0
2012-10-24 00:00:00-04:00,28.08980083254986,28.493822933779047,27.56936425525124,27.76795196533203,234500,0.0,0.0
2012-10-25 00:00:00-04:00,27.778220303797898,28.634199018336425,27.737134997333477,28.555450439453125,188100,0.0,0.0
2012-10-26 00:00:00-04:00,28.932082760917513,29.000560018414244,28.3500182354755,28.85675621032715,141400,0.0,0.0
2012-10-31 00:00:00-04:00,28.76089455964812,28.76089455964812,27.833013631966438,27.911762237548828,192100,0.0,0.0
2012-11-01 00:00:00-04:00,27.757677132607682,28.093221931831,27.63441599103501,27.894634246826172,193900,0.0,0.0
2012-11-02 00:00:00-04:00,27.966527399903057,27.96995204505367,27.223538748791324,27.339950561523438,308700,0.0,0.0
2012-11-05 00:00:00-05:00,27.13452180648955,27.35365212061643,26.959901439462396,27.261207580566406,312700,0.0,0.0
2012-11-06 00:00:00-05:00,27.24751759689086,27.6207230971907,26.97702798452456,27.562517166137695,170400,0.0,0.0
2012-11-07 00:00:00-05:00,27.165334936156682,27.507726367843496,26.535335955727824,26.980445861816406,233700,0.0,0.0
2012-11-08 00:00:00-05:00,27.024961711113885,27.336536623647767,26.638060249195586,26.689416885375977,160400,0.0,0.0
2012-11-09 00:00:00-05:00,26.535334280290655,26.658595396894363,26.117616342049104,26.18609619140625,221900,0.0,0.0
2012-11-12 00:00:00-05:00,26.141588916558362,26.1587095354156,24.672729157204373,24.92267608642578,527100,0.0,0.0
2012-11-13 00:00:00-05:00,24.55289263958191,25.65881826586534,24.183109215415342,25.29245948791504,509100,0.0,0.0
2012-11-14 00:00:00-05:00,25.33697289592887,25.371211526042927,24.559745282155585,24.57343864440918,223700,0.0,0.0
2012-11-15 00:00:00-05:00,24.429625686394548,24.792562344025765,24.30978921973101,24.700115203857422,269100,0.0,0.0
2012-11-16 00:00:00-05:00,24.703550061113877,25.41230044234899,24.504962341557725,25.350669860839844,205100,0.0,0.0
2012-11-19 00:00:00-05:00,25.64854708860044,26.093654446435416,25.48077338214355,26.052566528320312,173500,0.0,0.0
2012-11-20 00:00:00-05:00,26.26484955322177,26.353872067536877,25.70332774706116,25.81289291381836,104000,0.0,0.0
2012-11-21 00:00:00-05:00,26.021747311219475,26.021747311219475,25.593758046232313,25.85055160522461,78400,0.0,0.0
2012-11-23 00:00:00-05:00,25.840287117210128,26.357299017523868,25.840287117210128,26.06968879699707,82300,0.0,0.0
2012-11-26 00:00:00-05:00,26.001211307855925,26.29909024058639,25.850558212159704,25.89849281311035,78500,0.0,0.0
2012-11-27 00:00:00-05:00,25.717019448487953,25.90191112647982,25.484193181265514,25.607454299926758,95100,0.0,0.0
2012-11-28 00:00:00-05:00,25.4088729051372,25.62457860976147,25.227405828069823,25.535558700561523,126400,0.0,0.0
2012-11-29 00:00:00-05:00,25.79577407350389,25.79577407350389,25.083601746608792,25.227405548095703,104000,0.0,0.0
2012-11-30 00:00:00-05:00,25.028812620490278,25.302726805117178,25.028812620490278,25.251367568969727,93300,0.0,0.0
2012-12-03 00:00:00-05:00,25.234247724055887,25.425988704050457,25.18631313211708,25.402021408081055,112400,0.0,0.0
2012-12-04 00:00:00-05:00,25.30272526322679,25.624571406475678,25.28902929360612,25.552669525146484,151300,0.0,0.0
2012-12-05 00:00:00-05:00,25.412296347765473,25.70675323283781,25.26849255149472,25.549253463745117,102400,0.0,0.0
2012-12-06 00:00:00-05:00,25.56294655895007,25.56294655895007,25.03908545338092,25.182891845703125,97800,0.0,0.0
2012-12-07 00:00:00-05:00,25.18289280225531,25.39175180079245,25.18289280225531,25.36093521118164,62400,0.0,0.0
2012-12-10 00:00:00-05:00,25.28903402173913,25.43968710349407,24.93294658174357,25.186315536499023,113100,0.0,0.0
2012-12-11 00:00:00-05:00,25.104137390688987,25.117833360183415,24.867886488328494,24.915821075439453,116700,0.0,0.0
2012-12-12 00:00:00-05:00,24.843922067931942,25.405443820947163,24.843922067931942,25.282182693481445,142300,0.0,0.0
2012-12-13 00:00:00-05:00,25.008274521690815,25.145231638926397,24.652187061774196,25.032241821289062,142400,0.0,0.0
2012-12-14 00:00:00-05:00,24.75490735717298,24.960341741880818,24.737786736680686,24.758329391479492,95300,0.0,0.0
2012-12-17 00:00:00-05:00,24.652187158487777,24.754905649877376,24.535775306336664,24.617948532104492,174300,0.0,0.0
2012-12-18 00:00:00-05:00,24.412512081194553,24.573433872706623,24.13175118919374,24.213924407958984,313600,0.0,0.0
2012-12-19 00:00:00-05:00,24.13860179433217,24.19680772491283,22.447186875238067,23.474361419677734,830900,0.0,0.0
2012-12-20 00:00:00-05:00,22.9573505966098,23.90234923425697,22.9573505966098,23.73115348815918,269700,0.0,0.0
2012-12-21 00:00:00-05:00,23.539417155467678,23.70376623553873,23.18675430549689,23.453819274902344,204800,0.0,0.0
2012-12-24 00:00:00-05:00,23.316864686058885,23.453821832345458,23.063495663384916,23.193603515625,206100,0.0,0.0
2012-12-26 00:00:00-05:00,23.179897420896655,23.364789095835484,22.977887742794824,23.084028244018555,156300,0.0,0.0
2012-12-27 00:00:00-05:00,23.131964219019164,23.220986722416022,22.803268759060728,22.929954528808594,173600,0.0,0.0
2012-12-28 00:00:00-05:00,22.772456295274097,22.851204866695806,22.64919516308061,22.67316246032715,252000,0.0,0.0
2012-12-31 00:00:00-05:00,22.71767765352117,23.53941785377365,22.55675321532605,23.46751594543457,273400,0.0,0.0
2013-01-02 00:00:00-05:00,24.309788953243906,24.974029092953256,24.207070490235996,24.943212509155273,342000,0.0,0.0
2013-01-03 00:00:00-05:00,24.97403710305353,25.1041449339868,24.79599205836604,25.01854705810547,200900,0.0,0.0
2013-01-04 00:00:00-05:00,25.241103762001295,26.145017183356778,25.093875301055665,26.121049880981445,257000,0.0,0.0
2013-01-07 00:00:00-05:00,26.401811966961112,26.850344050288932,26.31621408160908,26.47028923034668,371800,0.0,0.0
2013-01-08 00:00:00-05:00,26.768166492203132,26.8606110440799,26.305938508339832,26.627784729003906,231200,0.0,0.0
2013-01-09 00:00:00-05:00,26.706538011833345,26.792135890076402,26.40180977426726,26.675724029541016,240500,0.0,0.0
2013-01-10 00:00:00-05:00,26.74077573236327,26.86061223538501,26.679145157632117,26.809255599975586,214700,0.0,0.0
2013-01-11 00:00:00-05:00,26.948614905402106,26.948614905402106,26.408796243557866,26.719282150268555,179600,2.315,0.0
2013-01-14 00:00:00-05:00,26.79337624998835,26.895695230667343,26.348818569892664,26.458192825317383,112700,0.0,0.0
2013-01-15 00:00:00-05:00,26.451140895964286,26.722813423155664,26.299426897400668,26.70870018005371,99300,0.0,0.0
2013-01-16 00:00:00-05:00,26.81454942190582,27.4284607207487,26.754570154763485,27.354368209838867,193800,0.0,0.0
2013-01-17 00:00:00-05:00,27.4319855011452,27.4319855011452,27.177952535908737,27.319082260131836,120900,0.0,0.0
2013-01-18 00:00:00-05:00,27.431987006212044,27.431987006212044,27.022711052692525,27.407289505004883,164700,0.0,0.0
2013-01-22 00:00:00-05:00,27.647204143899796,28.162325282540905,27.608393407469794,28.10587501525879,208900,0.0,0.0
2013-01-23 00:00:00-05:00,28.134109205828192,28.2046754308049,27.901247392970667,27.9365291595459,121800,0.0,0.0
2013-01-24 00:00:00-05:00,27.961223790546523,28.042374267969834,27.223824985181444,27.48138427734375,122500,0.0,0.0
2013-01-25 00:00:00-05:00,27.470795443954813,27.784807658013623,27.389644980042466,27.502548217773438,100800,0.0,0.0
2013-01-28 00:00:00-05:00,27.50255507498873,27.594289819712856,27.216769272064035,27.51666831970215,113800,0.0,0.0
2013-01-29 00:00:00-05:00,27.43197975209486,27.551938242857588,27.28379478403795,27.357887268066406,97400,0.0,0.0
2013-01-30 00:00:00-05:00,27.35789832941319,27.47785686867756,27.20618431739723,27.36848258972168,89000,0.0,0.0
2013-01-31 00:00:00-05:00,27.414349751846714,27.414349751846714,27.209714429802286,27.382596969604492,113700,0.0,0.0
2013-02-01 00:00:00-05:00,27.421400404647613,27.693072894716156,27.227346703294717,27.657791137695312,119900,0.0,0.0
2013-02-04 00:00:00-05:00,27.5201907261528,27.93299294100696,27.442569244694642,27.84126091003418,105200,0.0,0.0
2013-02-05 00:00:00-05:00,27.88712699855924,27.8977112566357,27.541359314383357,27.61545181274414,119000,0.0,0.0
2013-02-06 00:00:00-05:00,27.721297821781707,27.809503555297855,27.55547061207929,27.80950355529785,93700,0.0,0.0
2013-02-07 00:00:00-05:00,27.876544863034887,28.155275344848633,27.71424661257861,28.155275344848633,169500,0.0,0.0
2013-02-08 00:00:00-05:00,28.204671955852135,28.289348723565354,27.84479098237562,27.9718074798584,87400,0.0,0.0
2013-02-11 00:00:00-05:00,28.04942362353247,28.179969079894104,27.8412593817988,27.922407150268555,69400,0.0,0.0
2013-02-12 00:00:00-05:00,28.03883855758726,28.137628546871685,27.830671630030515,28.130573272705078,78300,0.0,0.0
2013-02-13 00:00:00-05:00,28.225839555312024,28.56454930695667,28.052957041746968,28.434003829956055,181100,0.0,0.0
2013-02-14 00:00:00-05:00,28.172913658417457,28.472812645002424,28.13763189972963,28.465757369995117,114400,0.0,0.0
2013-02-15 00:00:00-05:00,28.45517089981161,28.490452655757057,27.858899264579428,28.074121475219727,140500,0.0,0.0
2013-02-19 00:00:00-05:00,28.13410104207984,28.40577621871152,28.105877252105177,28.381078720092773,114200,0.0,0.0
2013-02-20 00:00:00-05:00,28.483398550209962,28.483398550209962,27.950635130546026,28.003559112548828,165300,0.0,0.0
2013-02-21 00:00:00-05:00,27.873012145991815,27.932991399508385,27.60133966770621,27.91535186767578,126200,0.0,0.0
2013-02-22 00:00:00-05:00,28.14468494177378,28.398717891092492,27.978860419914746,28.26817512512207,95800,0.0,0.0
2013-02-25 00:00:00-05:00,28.434006745755912,28.448119989999928,27.837737654446368,27.84832191467285,87200,0.0,0.0
2013-02-26 00:00:00-05:00,27.848314293390988,28.141157974702683,27.608394590554052,27.80950355529785,82300,0.0,0.0
2013-02-27 00:00:00-05:00,27.80598025232231,28.172916501724558,27.80598025232231,27.93299674987793,98400,0.0,0.0
2013-02-28 00:00:00-05:00,27.894178727924768,28.356378575846236,27.87653919731454,28.285812377929688,136300,0.0,0.0
2013-03-01 00:00:00-05:00,28.243478085654495,28.243478085654495,27.873012913241975,27.9012393951416,89700,0.0,0.0
2013-03-04 00:00:00-05:00,27.950637964103144,27.950637964103144,27.453156251399264,27.50960922241211,112600,0.0,0.0
2013-03-05 00:00:00-05:00,27.63662304558656,27.774223784355463,27.343779343355074,27.49196434020996,114000,0.0,0.0
2013-03-06 00:00:00-05:00,27.49196351972964,27.79186248779297,27.237930565945256,27.79186248779297,118100,0.0,0.0
2013-03-07 00:00:00-05:00,27.823613370225818,28.081172572961833,27.678954692992555,27.767160415649414,105600,0.0,0.0
2013-03-08 00:00:00-05:00,27.961217476363828,28.11293144542279,27.710713516629326,28.088233947753906,95900,0.0,0.0
2013-03-11 00:00:00-04:00,28.169384756902755,28.208195499119896,27.873014752872574,28.14116096496582,71200,0.0,0.0
2013-03-12 00:00:00-04:00,28.095291938788446,28.20466888917753,27.87301443827462,27.91182518005371,86700,0.0,0.0
2013-03-13 00:00:00-04:00,27.911823244410318,28.16938248545498,27.844786023836164,28.074121475219727,52000,0.0,0.0
2013-03-14 00:00:00-04:00,28.165858502196553,28.211724519501594,28.00356025808757,28.024728775024414,79600,0.0,0.0
2013-03-15 00:00:00-04:00,27.954165784102486,28.102350789103994,27.488439559936527,27.488439559936523,262900,0.0,0.0
2013-03-18 00:00:00-04:00,27.31202656909712,27.735413043489817,27.294384344403447,27.49196434020996,138100,0.0,0.0
2013-03-19 00:00:00-04:00,27.604864480234195,27.742465203554314,27.48490597962702,27.710712432861328,80500,0.0,0.0
2013-03-20 00:00:00-04:00,27.82715075661914,28.01767549811527,27.668378792792776,27.73894500732422,113400,0.0,0.0
2013-03-21 00:00:00-04:00,27.738950022663886,27.908303584507625,27.5907622912677,27.63663101196289,103900,0.0,0.0
2013-03-22 00:00:00-04:00,27.87301896384945,28.20467346860111,27.767170979661373,28.014148712158203,79600,0.0,0.0
2013-03-25 00:00:00-04:00,28.172915893823646,28.69862140791405,28.031786156048636,28.53279685974121,160100,0.0,0.0
2013-03-26 00:00:00-04:00,28.74095379622298,29.132587439906317,28.532789572335975,29.00909996032715,168300,0.0,0.0
2013-03-27 00:00:00-04:00,28.949123772077506,29.054969040694655,28.680977579628244,28.899728775024414,78700,0.0,0.0
2013-03-28 00:00:00-04:00,28.896191093121256,29.63006324531171,28.832682874338914,29.457178115844727,192100,0.0,0.0
2013-04-01 00:00:00-04:00,29.432490223027994,29.499527445777808,29.044385511381435,29.08672523498535,130100,0.0,0.0
2013-04-02 00:00:00-04:00,29.23843614971309,29.30194438255224,29.02321395463737,29.072608947753906,98400,0.0,0.0
2013-04-03 00:00:00-04:00,29.227848491274163,29.37250717604911,28.40577315904094,28.57512664794922,145000,0.0,0.0
2013-04-04 00:00:00-04:00,28.508096307836258,28.716260562620782,28.08117815648473,28.61041259765625,157100,0.0,0.0
2013-04-05 00:00:00-04:00,28.575135519712678,29.43955353028783,28.349329003178383,29.259613037109375,190400,0.0,0.0
2013-04-08 00:00:00-04:00,29.407795375325883,29.630075579505593,29.157291378024393,29.280778884887695,144200,0.0,0.0
2013-04-09 00:00:00-04:00,29.407787688732444,29.52421988983875,29.213736712046995,29.428958892822266,182400,0.0,0.0
2013-04-10 00:00:00-04:00,29.517168821412987,29.615958815155704,29.425434102155275,29.51011085510254,182800,0.0,0.0
2013-04-11 00:00:00-04:00,29.657256670359867,29.88977690564485,29.333908131546067,29.620925903320312,143400,2.415,0.0
2013-04-12 00:00:00-04:00,29.471963521607215,29.59185475366317,28.705372558671503,29.48286247253418,164200,0.0,0.0
2013-04-15 00:00:00-04:00,29.36297349883777,29.36297349883777,28.24760205586638,28.331165313720703,165700,0.0,0.0
2013-04-16 00:00:00-04:00,28.501914265657145,28.963323498274217,28.429252747569993,28.756235122680664,133100,0.0,0.0
2013-04-17 00:00:00-04:00,28.705369166970186,28.836162106358522,28.276659592721536,28.52734375,139000,0.0,0.0
2013-04-18 00:00:00-04:00,28.723539288999337,28.78893577264983,28.345693247003123,28.556415557861328,76000,0.0,0.0
2013-04-19 00:00:00-04:00,28.650878957777028,28.803469835380454,28.520085985014173,28.738073348999023,111500,0.0,0.0
2013-04-22 00:00:00-04:00,28.876129466449974,29.71538192935664,28.839795935114,29.46469497680664,159200,0.0,0.0
2013-04-23 00:00:00-04:00,29.715389984493186,29.755354662308815,29.301213116094882,29.573698043823242,134000,0.0,0.0
2013-04-24 00:00:00-04:00,29.573687513513526,29.791674823705417,29.461058565291474,29.733543395996094,67000,0.0,0.0
2013-04-25 00:00:00-04:00,29.755343994003987,30.12229100790264,29.573687440648477,29.64634895324707,91200,0.0,0.0
2013-04-26 00:00:00-04:00,29.646361438958877,29.646361438958877,29.155889092705955,29.239452362060547,74800,0.0,0.0
2013-04-29 00:00:00-04:00,29.24670543334465,29.67904892239769,29.130445348707582,29.59548568725586,81600,0.0,0.0
2013-04-30 00:00:00-04:00,29.588229407337042,29.791683922741086,29.410203934498618,29.689956665039062,68000,0.0,0.0
2013-05-01 00:00:00-04:00,29.461064813617746,29.610024549821123,29.159516976962944,29.2176456451416,81000,0.0,0.0
2013-05-02 00:00:00-04:00,29.188569330473786,29.570049144644344,29.188569330473786,29.362960815429688,41500,0.0,0.0
2013-05-03 00:00:00-04:00,29.49738851352326,29.755340455993643,29.399292434134185,29.475587844848633,69100,0.0,0.0
2013-05-06 00:00:00-04:00,29.57005353346084,29.788040843115642,29.501023156190858,29.64634895324707,69200,0.0,0.0
2013-05-07 00:00:00-04:00,29.588234799757448,30.046007542845082,29.551901253790795,29.91521453857422,83100,0.0,0.0
2013-05-08 00:00:00-04:00,29.791683202412127,30.04600134051806,29.791683202412127,29.991506576538086,72100,0.0,0.0
2013-05-09 00:00:00-04:00,30.009657461236387,30.009657461236387,29.573682908736128,29.740806579589844,71000,0.0,0.0
2013-05-10 00:00:00-04:00,29.92610542253612,29.92610542253612,29.373867877512378,29.758981704711914,86200,0.0,0.0
2013-05-13 00:00:00-04:00,29.860704989944615,30.151353810858403,29.671780623084587,30.07142448425293,70700,0.0,0.0
2013-05-14 00:00:00-04:00,30.082329989436094,30.224021896473214,30.042365321106715,30.144092559814453,62300,0.0,0.0
2013-05-15 00:00:00-04:00,30.154993004470565,30.154993004470565,29.835278413858852,30.107763290405273,65600,0.0,0.0
2013-05-16 00:00:00-04:00,30.0677943352117,30.227650221807153,29.81710739751871,29.871604919433594,62100,0.0,0.0
2013-05-17 00:00:00-04:00,29.984239215844,30.216759451892116,29.88251195905543,30.03510284423828,53800,0.0,0.0
2013-05-20 00:00:00-04:00,30.045996548808716,30.431110374628418,29.955168260847554,30.391145706176758,71500,0.0,0.0
2013-05-21 00:00:00-04:00,30.354816290763644,31.00151328621281,30.35118238296351,30.90705108642578,120100,0.0,0.0
2013-05-22 00:00:00-04:00,30.881611540737325,31.499242662808552,30.518298463787474,30.739919662475586,151200,0.0,0.0
2013-05-23 00:00:00-04:00,30.322114047684206,31.05963927147673,30.15499033747313,30.961545944213867,63500,0.0,0.0
2013-05-24 00:00:00-04:00,30.667260322329184,31.41568442672376,30.667260322329184,31.27399253845215,92600,0.0,0.0
2013-05-28 00:00:00-04:00,31.739038721304688,31.873465591940086,31.252197632623126,31.28126335144043,89100,0.0,0.0
2013-05-29 00:00:00-04:00,31.281263462807846,31.895263608676686,31.281263462807846,31.768104553222656,159900,0.0,0.0
2013-05-30 00:00:00-04:00,31.735403807800857,33.119628825119506,31.66274228491973,32.640052795410156,301400,0.0,0.0
2013-05-31 00:00:00-04:00,32.7272490269222,32.98156712169948,32.175011489892476,32.36030197143555,127900,0.0,0.0
2013-06-03 00:00:00-04:00,32.37120327905519,32.87620836963486,32.37120327905519,32.676387786865234,89900,0.0,0.0
2013-06-04 00:00:00-04:00,32.68364695392825,33.23588443186472,32.68364695392825,33.061492919921875,130700,0.0,0.0
2013-06-05 00:00:00-04:00,33.08330304734546,33.35215684312218,32.9888435998283,33.00700759887695,113500,0.0,0.0
2013-06-06 00:00:00-04:00,33.1014664638762,33.45751185398226,33.00700425407141,33.410282135009766,89800,0.0,0.0
2013-06-07 00:00:00-04:00,33.42844936861755,34.013383860923014,33.42481546038154,33.813560485839844,135200,0.0,0.0
2013-06-10 00:00:00-04:00,34.056978223120744,34.40212742249942,33.95525097171977,34.01701354980469,149300,0.0,0.0
2013-06-11 00:00:00-04:00,33.78811802790004,33.87894630216859,32.952496795885814,33.206817626953125,171100,0.0,0.0
2013-06-12 00:00:00-04:00,33.261320897053665,33.657330910845765,33.24315413031518,33.326717376708984,77400,0.0,0.0
2013-06-13 00:00:00-04:00,33.24315956813303,33.726366815080134,32.796283088746335,33.4720458984375,152600,0.0,0.0
2013-06-14 00:00:00-04:00,33.34851383540571,33.486571832318546,33.15595831249646,33.37031173706055,50200,0.0,0.0
2013-06-17 00:00:00-04:00,33.60283481663824,34.31129717178425,33.56287014559546,34.16960525512695,184200,0.0,0.0
2013-06-18 00:00:00-04:00,34.26043218001339,34.51475028388773,34.10783854582934,34.4202880859375,118300,0.0,0.0
2013-06-19 00:00:00-04:00,34.51475870910901,35.31768065803454,34.51475870910901,34.9725341796875,296100,0.0,0.0
2013-06-20 00:00:00-04:00,34.51475100881176,35.14691514590512,34.17686965121953,34.39849090576172,205600,0.0,0.0
2013-06-21 00:00:00-04:00,34.75453211105303,34.89259008973214,34.325822546686496,34.42391586303711,115500,0.0,0.0
2013-06-24 00:00:00-04:00,33.96614342600658,34.31492369488142,33.388476885268034,34.144168853759766,213100,0.0,0.0
2013-06-25 00:00:00-04:00,34.220466284476274,34.56197875860579,34.16596875792453,34.3912239074707,74500,0.0,0.0
2013-06-26 00:00:00-04:00,34.652809472856056,34.95436007195328,34.58741299078509,34.754539489746094,103000,0.0,0.0
2013-06-27 00:00:00-04:00,34.859908669653954,35.266820547688425,34.696418799760494,34.743648529052734,132600,0.0,0.0
2013-06-28 00:00:00-04:00,34.812656931464396,35.17960389431788,34.54017213933589,34.97614669799805,138100,0.0,0.0
2013-07-01 00:00:00-04:00,34.983431672918385,35.39397462991984,34.983431672918385,35.175987243652344,99000,0.0,0.0
2013-07-02 00:00:00-04:00,35.34673162065267,35.579251781516135,35.245004396757274,35.42302703857422,94900,0.0,0.0
2013-07-03 00:00:00-04:00,35.241370847275284,35.56471928587786,35.09967895943187,35.41212844848633,52100,0.0,0.0
2013-07-05 00:00:00-04:00,35.34674723547197,35.582901407757994,34.51475954127486,35.17235565185547,157200,0.0,0.0
2013-07-08 00:00:00-04:00,35.11421672701354,35.684618265296415,35.11421672701354,35.426666259765625,122800,0.0,0.0
2013-07-09 00:00:00-04:00,35.611956290269106,35.64102200959407,34.88169880228147,35.34310531616211,117800,0.0,0.0
2013-07-10 00:00:00-04:00,35.42302888939778,35.62648334781889,34.903491021478914,35.22320556640625,146300,0.0,0.0
2013-07-11 00:00:00-04:00,35.69987629698762,35.82619641391095,35.03484828863311,35.309776306152344,118000,2.143,0.0
2013-07-12 00:00:00-04:00,35.43609240142747,35.43609240142747,34.551862950642494,34.733909606933594,132400,0.0,0.0
2013-07-15 00:00:00-04:00,34.49613407434918,34.59644752331553,32.04406691230999,32.51961898803711,579300,0.0,0.0
2013-07-16 00:00:00-04:00,32.50847429785386,33.548746609190786,32.50847429785386,33.51902389526367,225700,0.0,0.0
2013-07-17 00:00:00-04:00,33.80881781475733,34.507284678856806,33.80881781475733,34.0057258605957,196300,0.0,0.0
2013-07-18 00:00:00-04:00,33.90541706301978,33.976004978758056,32.95430987969244,33.206947326660156,184400,0.0,0.0
2013-07-19 00:00:00-04:00,33.028608999248696,33.76422771221389,32.98030888261532,33.437286376953125,102600,0.0,0.0
2013-07-22 00:00:00-04:00,33.58218536399864,33.901697479332114,33.18465324392293,33.71593475341797,132800,0.0,0.0
2013-07-23 00:00:00-04:00,33.91655254913043,34.176619183385974,33.775373924036515,33.83110046386719,84100,0.0,0.0
2013-07-24 00:00:00-04:00,33.77537467553386,33.77537467553386,33.22179980177995,33.478153228759766,87000,0.0,0.0
2013-07-25 00:00:00-04:00,33.437291772326056,33.7530878499396,33.310974475086375,33.62305450439453,55300,0.0,0.0
2013-07-26 00:00:00-04:00,33.48559237834607,33.94628604034912,33.437295083650504,33.81624984741211,56500,0.0,0.0
2013-07-29 00:00:00-04:00,33.808814064915836,34.15804887548804,33.493018016926584,33.72336196899414,53900,0.0,0.0
2013-07-30 00:00:00-04:00,33.61561924718051,33.69735245372203,33.158641760604574,33.526451110839844,78200,0.0,0.0
2013-07-31 00:00:00-04:00,33.4372888922031,33.671348894023446,33.26638753356242,33.37413024902344,58300,0.0,0.0
2013-08-01 00:00:00-04:00,33.49673009945024,33.6750606970678,33.385271350053955,33.481868743896484,57800,0.0,0.0
2013-08-02 00:00:00-04:00,33.6230562145066,33.678785603864476,33.32955074276862,33.441009521484375,67600,0.0,0.0
2013-08-05 00:00:00-04:00,33.400145136128394,33.522749239191086,33.214382374341824,33.42243576049805,57000,0.0,0.0
2013-08-06 00:00:00-04:00,33.437297605690176,33.437297605690176,32.89858672251555,33.36670684814453,117800,0.0,0.0
2013-08-07 00:00:00-04:00,33.27753194399001,33.40013601356591,32.88742911698088,33.006317138671875,101900,0.0,0.0
2013-08-08 00:00:00-04:00,32.9728729368629,33.00630885589445,30.669417031698647,30.97406768798828,383900,0.0,0.0
2013-08-09 00:00:00-04:00,30.684284764793798,31.728273179880127,30.483663521332446,31.349315643310547,178900,0.0,0.0
2013-08-12 00:00:00-04:00,31.356748155663116,31.862022988119914,31.356748155663116,31.575946807861328,70900,0.0,0.0
2013-08-13 00:00:00-04:00,31.672534936441785,31.705970856160175,31.245280232566582,31.304725646972656,65600,0.0,0.0
2013-08-14 00:00:00-04:00,31.2192822998597,31.73570243519783,31.2192822998597,31.546226501464844,64500,0.0,0.0
2013-08-15 00:00:00-04:00,31.542510639437964,31.854590650613556,31.44591323071087,31.702266693115234,71800,0.0,0.0
2013-08-16 00:00:00-04:00,31.531365143708776,31.798861079775488,31.31959575608461,31.546226501464844,55900,0.0,0.0
2013-08-19 00:00:00-04:00,31.57594839060135,31.765427170898796,31.289875030517578,31.289875030517578,54600,0.0,0.0
2013-08-20 00:00:00-04:00,31.25272431254515,31.572236451232403,31.02237749514997,31.327028274536133,64500,0.0,0.0
2013-08-21 00:00:00-04:00,31.367894508114983,31.393901176774342,30.87748101731399,30.959217071533203,38200,0.0,0.0
2013-08-22 00:00:00-04:00,30.951787356938553,31.501646323854803,30.840331411756072,31.40133285522461,40600,0.0,0.0
2013-08-23 00:00:00-04:00,31.431051964876122,31.85830679196272,31.208137265596132,31.78028678894043,54900,0.0,0.0
2013-08-26 00:00:00-04:00,31.601957598037163,32.00692186025819,31.583383024054466,31.72456169128418,52500,0.0,0.0
2013-08-27 00:00:00-04:00,31.705978545342674,32.46389075574514,31.676258665445484,32.144378662109375,106600,0.0,0.0
2013-08-28 00:00:00-04:00,32.32643258866217,32.452749890436344,31.98091378123093,32.05521774291992,70000,0.0,0.0
2013-08-29 00:00:00-04:00,32.05149728321445,32.426738757482354,31.76914000004574,32.00691604614258,50400,0.0,0.0
2013-08-30 00:00:00-04:00,31.984627017850688,32.27813248540501,31.583381656125216,31.720844268798828,52400,0.0,0.0
2013-09-03 00:00:00-04:00,32.06636167791097,32.203827119103515,31.48678286496331,31.57966423034668,42700,0.0,0.0
2013-09-04 00:00:00-04:00,31.486784343879762,31.646540413223388,31.327028274536133,31.327028274536133,66700,0.0,0.0
2013-09-05 00:00:00-04:00,31.453345022159144,31.579662310835694,31.245288848876953,31.245288848876953,34200,0.0,0.0
2013-09-06 00:00:00-04:00,31.386461854020574,31.73940979190666,31.26385781199191,31.691112518310547,58300,0.0,0.0
2013-09-09 00:00:00-04:00,31.76542916383971,31.81372645676301,31.28244489654862,31.341890335083008,65600,0.0,0.0
2013-09-10 00:00:00-04:00,31.364181548778454,31.553660344537082,31.026094822910274,31.25272560119629,101700,0.0,0.0
2013-09-11 00:00:00-04:00,31.193276747451776,31.575947511178438,31.059527357380325,31.25643539428711,40500,0.0,0.0
2013-09-12 00:00:00-04:00,31.278725539172896,31.57594416992553,31.26386418245817,31.423620223999023,48800,0.0,0.0
2013-09-13 00:00:00-04:00,31.54250951598976,31.89174149207898,31.356746801330825,31.460773468017578,69000,0.0,0.0
2013-09-16 00:00:00-04:00,31.468203008689784,31.575945724289845,31.211852387654986,31.249004364013672,45200,0.0,0.0
2013-09-17 00:00:00-04:00,31.208138717587456,31.442198737544206,31.048382656009707,31.19327735900879,47800,0.0,0.0
2013-09-18 00:00:00-04:00,31.2081355983422,31.56851571294054,31.152406217870926,31.516502380371094,71800,0.0,0.0
2013-09-19 00:00:00-04:00,31.57965886530213,32.18524424429412,31.542506892363367,32.03663635253906,84500,0.0,0.0
2013-09-20 00:00:00-04:00,32.081225453999785,32.081225453999785,31.806297385411764,31.88431739807129,44600,0.0,0.0
2013-09-23 00:00:00-04:00,31.80629428060515,32.040354295735696,31.80629428060515,31.8991756439209,51900,0.0,0.0
2013-09-24 00:00:00-04:00,31.880591317590227,31.951182045432642,31.73198343615262,31.914030075073242,46000,0.0,0.0
2013-09-25 00:00:00-04:00,31.847162048861307,32.18896478280691,31.798861926239834,32.1369514465332,90100,0.0,0.0
2013-09-26 00:00:00-04:00,32.0329258862128,32.63108210864354,32.0254937896218,32.515907287597656,59800,0.0,0.0
2013-09-27 00:00:00-04:00,32.527044229238584,32.623638775537025,32.16666420058714,32.21867752075195,73800,0.0,0.0
2013-09-30 00:00:00-04:00,32.16667058299602,32.486182661412634,31.783999865349458,32.20753860473633,73200,0.0,0.0
2013-10-01 00:00:00-04:00,32.17409855742729,32.779686763810105,32.13694658492552,32.56420135498047,80900,0.0,0.0
2013-10-02 00:00:00-04:00,32.58278238065181,32.67566374756873,32.48990101373488,32.60507583618164,56400,0.0,0.0
2013-10-03 00:00:00-04:00,32.694240401145684,32.84285115169012,32.508477671593724,32.675662994384766,66400,0.0,0.0
2013-10-04 00:00:00-04:00,32.720238901994165,33.11777093061942,32.68308693226083,32.96173095703125,101500,0.0,0.0
2013-10-07 00:00:00-04:00,32.95430188300903,33.3741273995669,32.70538054501427,33.17721939086914,106100,0.0,0.0
2013-10-08 00:00:00-04:00,33.247808430515285,33.32582842713836,32.374724276479185,32.38215637207031,123000,0.0,0.0
2013-10-09 00:00:00-04:00,32.74624827942661,33.01003097127262,32.11836945117209,32.772254943847656,222500,0.0,0.0
2013-10-10 00:00:00-04:00,32.67246391285733,32.92385055472595,32.382989178384875,32.721981048583984,134100,2.168,0.0
2013-10-11 00:00:00-04:00,32.67246134539971,32.866714380130254,32.42869408476861,32.68388748168945,72600,0.0,0.0
2013-10-14 00:00:00-04:00,32.55058060382737,32.638185833048325,32.184929680430564,32.4477424621582,76900,0.0,0.0
2013-10-15 00:00:00-04:00,32.337286982269035,32.54677295979843,32.24587497218231,32.50487518310547,48800,0.0,0.0
2013-10-16 00:00:00-04:00,32.57344058966014,32.946710963581886,32.493454703663176,32.75626754760742,89500,0.0,0.0
2013-10-17 00:00:00-04:00,32.66104232264409,32.88957381601775,32.39061304979278,32.46678924560547,97800,0.0,0.0
2013-10-18 00:00:00-04:00,32.63818882086465,32.72960083359823,32.48964321044677,32.63056945800781,62700,0.0,0.0
2013-10-21 00:00:00-04:00,32.821006873508765,32.89337627780132,32.5277253874733,32.558197021484375,83000,0.0,0.0
2013-10-22 00:00:00-04:00,32.569624569611186,32.832434433028084,32.47059320774977,32.55057907104492,79500,0.0,0.0
2013-10-23 00:00:00-04:00,32.37537522968138,32.520111155159675,32.00591460034594,32.0744743347168,118600,0.0,0.0
2013-10-24 00:00:00-04:00,32.23825425925292,32.23825425925292,32.002103428323316,32.066856384277344,63700,0.0,0.0
2013-10-25 00:00:00-04:00,32.06686049216073,32.196360608787664,31.739297613011157,31.777385711669922,125800,0.0,0.0
2013-10-28 00:00:00-04:00,31.632641535357575,31.765951298909236,31.327931013581,31.54503631591797,98800,0.0,0.0
2013-10-29 00:00:00-04:00,31.495530215202834,31.6745474749777,31.45743921070428,31.468868255615234,54600,0.0,0.0
2013-10-30 00:00:00-04:00,31.339354963139,31.46123858215913,30.20812108033064,30.371902465820312,243300,0.0,0.0
2013-10-31 00:00:00-04:00,30.35667655429906,30.467134074125955,29.72440598245363,30.097673416137695,252400,0.0,0.0
2013-11-01 00:00:00-04:00,30.090059669040212,30.615682450033354,29.83867296556355,30.37572479248047,224000,0.0,0.0
2013-11-04 00:00:00-05:00,30.5623520862785,31.034653749787285,30.47094007970128,30.924196243286133,108700,0.0,0.0
2013-11-05 00:00:00-05:00,30.9280039802491,31.023225670959146,30.64614858940927,30.798503875732422,65900,0.0,0.0
2013-11-06 00:00:00-05:00,31.04227178040079,31.04227178040079,30.48236776309297,30.486177444458008,100800,0.0,0.0
2013-11-07 00:00:00-05:00,30.489984343990905,30.661382212619053,29.960552014036647,30.124330520629883,133800,0.0,0.0
2013-11-08 00:00:00-05:00,29.991024433020375,30.413808993966352,29.991024433020375,30.360485076904297,85000,0.0,0.0
2013-11-11 00:00:00-05:00,30.26525873268118,30.46712823140056,29.918653325014997,29.97197723388672,102000,0.0,0.0
2013-11-12 00:00:00-05:00,29.89961573088378,29.956749335760538,29.732024598161516,29.766305923461914,103100,0.0,0.0
2013-11-13 00:00:00-05:00,29.728218074558367,30.0862497166828,29.728218074558367,29.93770408630371,94200,0.0,0.0
2013-11-14 00:00:00-05:00,29.754874584783902,30.371909273021743,29.754874584783902,30.150997161865234,83400,0.0,0.0
2013-11-15 00:00:00-05:00,30.090050287671474,30.272877188283914,30.090050287671474,30.139564514160156,98200,0.0,0.0
2013-11-18 00:00:00-05:00,30.139567460971485,30.242408510725667,29.89960985477054,30.029109954833984,92600,0.0,0.0
2013-11-19 00:00:00-05:00,30.02911227106955,30.02911227106955,29.377796227484488,29.644418716430664,132800,0.0,0.0
2013-11-20 00:00:00-05:00,29.613944551771116,29.987214842096275,29.42731085957617,29.49587059020996,77800,0.0,0.0
2013-11-21 00:00:00-05:00,29.42731629795274,30.12053018872293,29.42731629795274,29.827245712280273,95800,0.0,0.0
2013-11-22 00:00:00-05:00,29.922463132356224,29.994832547131164,29.674889061477415,29.7929630279541,62900,0.0,0.0
2013-11-25 00:00:00-05:00,29.709166381363218,29.73201865637267,28.383679218044723,28.64649200439453,299200,0.0,0.0
2013-11-26 00:00:00-05:00,28.56650580263029,29.01595227682908,28.56650580263029,28.920730590820312,83600,0.0,0.0
2013-11-27 00:00:00-05:00,28.85597705392244,29.092124946882315,28.80265314867764,28.81407928466797,75700,0.0,0.0
2013-11-29 00:00:00-05:00,28.76075980220526,29.267336979931493,28.76075980220526,28.962629318237305,59400,0.0,0.0
2013-12-02 00:00:00-05:00,28.836939352476996,29.126414134873684,28.635069812914352,28.844558715820312,103500,0.0,0.0
2013-12-03 00:00:00-05:00,28.810277430620562,29.290195614133165,28.768379649984148,28.88645362854004,117600,0.0,0.0
2013-12-04 00:00:00-05:00,28.859787069407307,29.324469358094344,28.859787069407307,28.958818435668945,107700,0.0,0.0
2013-12-05 00:00:00-05:00,28.92454860939583,29.0769010261771,28.833133672203772,28.916929244995117,61000,0.0,0.0
2013-12-06 00:00:00-05:00,28.970248618325975,29.206399476714964,28.96644184266007,29.08832550048828,62300,0.0,0.0
2013-12-09 00:00:00-05:00,29.328282984043064,29.575859980030547,28.951205873624478,28.974058151245117,134200,0.0,0.0
2013-12-10 00:00:00-05:00,29.10356114823348,29.290194862501863,28.970248446391885,29.14164924621582,74300,0.0,0.0
2013-12-11 00:00:00-05:00,29.130226999048904,29.40827276680737,28.772192437125188,29.156888961791992,155700,0.0,0.0
2013-12-12 00:00:00-05:00,29.233069884454345,29.469220811091297,29.1149958741041,29.40827751159668,98500,0.0,0.0
2013-12-13 00:00:00-05:00,29.38541700391081,29.40826928185798,29.23687138538291,29.259723663330078,93800,0.0,0.0
2013-12-16 00:00:00-05:00,29.084513339913634,29.408266505993755,28.94739387330211,28.981672286987305,101900,0.0,0.0
2013-12-17 00:00:00-05:00,29.031191751232324,29.240677743271267,28.871219996016634,28.974058151245117,118800,0.0,0.0
2013-12-18 00:00:00-05:00,29.046429131776694,29.099753053046076,28.882647686181944,29.080707550048828,69800,0.0,0.0
2013-12-19 00:00:00-05:00,29.137832396778528,29.137832396778528,28.795033787394157,28.81407928466797,103300,0.0,0.0
2013-12-20 00:00:00-05:00,28.760763248413255,29.027382847584814,28.619834085459324,28.775999069213867,135700,0.0,0.0
2013-12-23 00:00:00-05:00,28.7340995593945,29.206398352049817,28.7340995593945,29.099750518798828,145400,0.0,0.0
2013-12-24 00:00:00-05:00,29.137835584916093,29.49967682523051,29.137835584916093,29.278764724731445,83400,0.0,0.0
2013-12-26 00:00:00-05:00,29.514916414533726,29.89580320287023,29.278768465563864,29.556814193725586,117600,0.0,0.0
2013-12-27 00:00:00-05:00,29.754869782109836,30.150992295253822,29.648219066085208,30.01006317138672,113200,0.0,0.0
2013-12-30 00:00:00-05:00,30.010070685222264,30.27669027720209,29.937701264855335,30.2462215423584,166000,0.0,0.0
2013-12-31 00:00:00-05:00,30.13575931916283,30.413805006542244,30.128139957189745,30.33000946044922,96200,0.0,0.0
2014-01-02 00:00:00-05:00,30.330012746775207,30.37191052436144,29.998643113420155,30.19670295715332,111100,0.0,0.0
2014-01-03 00:00:00-05:00,30.158613293629454,30.28811339512192,29.89961018470921,30.006258010864258,131700,0.0,0.0
2014-01-06 00:00:00-05:00,30.46713271632878,31.04227256774902,30.223365409621298,31.042272567749023,298600,0.0,0.0
2014-01-07 00:00:00-05:00,31.137491142379915,31.404110699267793,31.042269456929212,31.289846420288086,197800,0.0,0.0
2014-01-08 00:00:00-05:00,31.446006957720964,31.45362631951351,30.775648416731006,30.947046279907227,181300,0.0,0.0
2014-01-09 00:00:00-05:00,30.326197644996736,31.31650240363694,30.326197644996736,30.646141052246094,202500,0.0,0.0
2014-01-10 00:00:00-05:00,31.011794952971737,31.011794952971737,30.451891029337762,30.467126846313477,272100,0.0,0.0
2014-01-13 00:00:00-05:00,30.497805664276697,30.674797143706247,29.79770176676984,30.261816024780273,326900,2.528,0.0
2014-01-14 00:00:00-05:00,30.246087764705162,30.39554719317291,29.89603576059978,30.37981414794922,150000,0.0,0.0
2014-01-15 00:00:00-05:00,30.285418747255466,30.3837480289024,29.302125930786133,29.302125930786133,505300,0.0,0.0
2014-01-16 00:00:00-05:00,29.062202760579144,29.545984155228943,27.728857917785646,29.4987850189209,723500,0.0,0.0
2014-01-17 00:00:00-05:00,29.498783495791773,29.695442052430383,29.10546638251455,29.479116439819336,214500,0.0,0.0
2014-01-21 00:00:00-05:00,29.958960203463487,30.97371895414629,29.762301670421287,30.261816024780273,334100,0.0,0.0
2014-01-22 00:00:00-05:00,30.678741036800226,30.678741036800226,30.222491652805438,30.253957748413086,161300,0.0,0.0
2014-01-23 00:00:00-05:00,30.285419568202457,30.40341590968592,29.935367556112237,29.9982967376709,90500,0.0,0.0
2014-01-24 00:00:00-05:00,29.89210293710035,29.90783598294932,29.56958299912566,29.793773651123047,128800,0.0,0.0
2014-01-27 00:00:00-05:00,29.79377880642185,30.23429516410172,29.726915600572962,29.825244903564453,83700,0.0,0.0
2014-01-28 00:00:00-05:00,29.793771545976153,30.281483929747083,29.711175311683842,30.265750885009766,117100,0.0,0.0
2014-01-29 00:00:00-05:00,30.246090893548086,30.383751302531397,30.069096367050808,30.364084243774414,86700,0.0,0.0
2014-01-30 00:00:00-05:00,30.088762910696044,30.521411188996137,30.088762910696044,30.501747131347656,66300,0.0,0.0
2014-01-31 00:00:00-05:00,30.419149789035192,30.670875549316406,30.198893124657623,30.670875549316406,76300,0.0,0.0
2014-02-03 00:00:00-05:00,30.777068342066926,30.85573057522034,29.892104715617716,29.911771774291992,115100,0.0,0.0
2014-02-04 00:00:00-05:00,30.00616885514474,30.541080474853516,30.00616885514474,30.541080474853516,88600,0.0,0.0
2014-02-05 00:00:00-05:00,30.45060861875204,30.950123007275536,30.163488821304544,30.938323974609375,119700,0.0,0.0
2014-02-06 00:00:00-05:00,30.993395487031872,31.264782305108934,30.686605561007205,31.072057723999023,94100,0.0,0.0
2014-02-07 00:00:00-05:00,31.256909787051836,31.520431518554688,31.10744737157102,31.520431518554688,196400,0.0,0.0
2014-02-10 00:00:00-05:00,31.56763921216061,31.807562943461924,31.374911624215564,31.465375900268555,84600,0.0,0.0
2014-02-11 00:00:00-05:00,31.52829629364172,31.610892514377387,31.386701915017447,31.42603302001953,73500,0.0,0.0
2014-02-12 00:00:00-05:00,31.465373680764408,31.63450018432939,31.465373680764408,31.595169067382812,59500,0.0,0.0
2014-02-13 00:00:00-05:00,31.638426136047606,32.00421113192995,31.559760921423326,31.96881103515625,104100,0.0,0.0
2014-02-14 00:00:00-05:00,31.97668354654446,32.019948670469475,31.827221118159294,31.984548568725586,55000,0.0,0.0
2014-02-18 00:00:00-05:00,32.05141260433831,32.2520051841141,31.929485252303817,32.22053909301758,81700,0.0,0.0
2014-02-19 00:00:00-05:00,32.25200111309971,32.25200111309971,31.945214265561912,32.05927658081055,64300,0.0,0.0
2014-02-20 00:00:00-05:00,32.17334919204657,32.38573784617803,32.09468394906067,32.35427474975586,47600,0.0,0.0
2014-02-21 00:00:00-05:00,32.38966475488775,32.6453214871705,32.27560242815324,32.3857307434082,79500,0.0,0.0
2014-02-24 00:00:00-05:00,32.44080551724053,32.75152347931982,32.37000829784685,32.72399139404297,112100,0.0,0.0
2014-02-25 00:00:00-05:00,32.751521713531645,32.98358042044428,32.48799991140766,32.70825958251953,79100,0.0,0.0
2014-02-26 00:00:00-05:00,32.487990644649116,33.01896810963391,31.854749897273454,32.01207733154297,150700,0.0,0.0
2014-02-27 00:00:00-05:00,32.05534521231051,32.26380280534689,31.504700645318984,31.618762969970703,145400,0.0,0.0
2014-02-28 00:00:00-05:00,31.606963203663533,31.98454726921877,31.50863392615108,31.66202735900879,79800,0.0,0.0
2014-03-03 00:00:00-05:00,31.75249816836517,32.15368038308043,31.473240321912247,31.559770584106445,133900,0.0,0.0
2014-03-04 00:00:00-05:00,32.25200335504051,32.25200335504051,31.701358795166016,31.701358795166016,333100,0.0,0.0
2014-03-05 00:00:00-05:00,31.882287968850985,32.40146649903488,31.874422946005495,32.216609954833984,89300,0.0,0.0
2014-03-06 00:00:00-05:00,32.3739344879779,32.763320637037324,32.34247139575608,32.72792053222656,102600,0.0,0.0
2014-03-07 00:00:00-05:00,32.8459151292282,32.9835755277705,32.21660830676944,32.314937591552734,98500,0.0,0.0
2014-03-10 00:00:00-04:00,32.44866362135796,32.68071929052215,32.4289965643091,32.57059097290039,51900,0.0,0.0
2014-03-11 00:00:00-04:00,32.586332085142146,32.73972556562671,32.45260566657502,32.48800277709961,48000,0.0,0.0
2014-03-12 00:00:00-04:00,32.44866499567888,32.54699428354457,32.08287992478763,32.20480728149414,85200,0.0,0.0
2014-03-13 00:00:00-04:00,32.44867026485125,32.46046930118764,32.07895112219251,32.17728042602539,77500,0.0,0.0
2014-03-14 00:00:00-04:00,32.09467933668814,32.66105700170291,32.09467933668814,32.51946258544922,56000,0.0,0.0
2014-03-17 00:00:00-04:00,32.52733396323556,32.62173225969553,32.15368379225831,32.25594711303711,90600,0.0,0.0
2014-03-18 00:00:00-04:00,32.48799467716078,32.60992502925892,32.283471087764156,32.39753341674805,68700,0.0,0.0
2014-03-19 00:00:00-04:00,32.54699501873135,32.54699501873135,32.40933461276419,32.49586486816406,50000,0.0,0.0
2014-03-20 00:00:00-04:00,32.5391229611345,32.64925126209927,32.452592724441864,32.63351821899414,75300,0.0,0.0
2014-03-21 00:00:00-04:00,32.68071903832329,33.038639068603516,32.515526563165444,33.038639068603516,95400,0.0,0.0
2014-03-24 00:00:00-04:00,33.03864401338202,33.09370818000922,32.84591943018679,32.975711822509766,72600,0.0,0.0
2014-03-25 00:00:00-04:00,33.07010515933022,33.274628747510654,32.97964089868383,33.038639068603516,87300,0.0,0.0
2014-03-26 00:00:00-04:00,33.03077417074156,33.20383166884723,32.841980626441675,32.9206428527832,50600,0.0,0.0
2014-03-27 00:00:00-04:00,32.841982826343674,33.136970696041374,32.841982826343674,33.12517166137695,87800,0.0,0.0
2014-03-28 00:00:00-04:00,33.235300953804575,33.41229248046875,33.105505567172514,33.41229248046875,92700,0.0,0.0
2014-03-31 00:00:00-04:00,33.431957078784066,33.431957078784066,33.16056729048583,33.211700439453125,82400,0.0,0.0
2014-04-01 00:00:00-04:00,33.33362579345703,33.43195507308375,33.15663429043753,33.33362579345703,55800,0.0,0.0
2014-04-02 00:00:00-04:00,33.5302802678223,33.77020392094407,33.43588501109654,33.695472717285156,99500,0.0,0.0
2014-04-03 00:00:00-04:00,33.74660578471444,34.27364921780706,33.69547264515365,34.04552459716797,109900,0.0,0.0
2014-04-04 00:00:00-04:00,34.13993309078205,34.198928268316195,33.73088285550402,34.0612678527832,135100,0.0,0.0
2014-04-07 00:00:00-04:00,34.22645780331073,34.521445672107994,34.02193420128421,34.151729583740234,173000,0.0,0.0
2014-04-08 00:00:00-04:00,34.37984537755293,34.411308461513066,34.218583943884084,34.39950942993164,182700,0.0,0.0
2014-04-09 00:00:00-04:00,34.454588453634074,34.58831787109375,34.3955902694834,34.58831787109375,217800,0.0,0.0
2014-04-10 00:00:00-04:00,34.611904431627934,34.690566650482204,34.26578646758932,34.48210906982422,287200,0.0,0.0
2014-04-11 00:00:00-04:00,34.12328848046681,34.445052977162334,34.029612057997944,34.20882034301758,174500,3.009,0.0
2014-04-14 00:00:00-04:00,34.41246348257219,34.428755707446825,34.07033608247728,34.10292053222656,139800,0.0,0.0
2014-04-15 00:00:00-04:00,34.07441295386643,34.23325827627771,33.89927540512778,34.05812072753906,76100,0.0,0.0
2014-04-16 00:00:00-04:00,34.111069867582664,34.563169072033546,34.013319612070866,34.42876052856445,120400,0.0,0.0
2014-04-17 00:00:00-04:00,34.52650521159144,34.62018472576305,34.39617052280318,34.55908966064453,90000,0.0,0.0
2014-04-21 00:00:00-04:00,35.00304960591865,35.02748639274703,34.78310920218952,34.8930778503418,130100,0.0,0.0
2014-04-22 00:00:00-04:00,35.02747864870892,35.23112678038746,34.7993937356046,35.12522888183594,135300,0.0,0.0
2014-04-23 00:00:00-04:00,35.231128440467415,35.38997374206751,35.1700333766003,35.19447326660156,62600,0.0,0.0
2014-04-24 00:00:00-04:00,35.37369274358993,35.37369274358993,34.897156687562635,34.96639633178711,66000,0.0,0.0
2014-04-25 00:00:00-04:00,35.05599040554607,35.06413496381219,34.66906018571387,34.69757080078125,58700,0.0,0.0
2014-04-28 00:00:00-04:00,35.027478998357594,35.882800538460614,34.92565493150191,35.842071533203125,262300,0.0,0.0
2014-04-29 00:00:00-04:00,35.88281183601664,36.42859062205979,35.84208281793578,36.33083724975586,206800,0.0,0.0
2014-04-30 00:00:00-04:00,36.48967182332195,36.48967182332195,35.60583965144212,35.630279541015625,165200,0.0,0.0
2014-05-01 00:00:00-04:00,35.528452021958095,35.793192089332805,34.742370162437545,34.74644088745117,221800,0.0,0.0
2014-05-02 00:00:00-04:00,35.19040183277094,35.43477899747558,34.8645635415486,35.37368392944336,75200,0.0,0.0
2014-05-05 00:00:00-04:00,35.50402697025568,35.622143300903375,35.23521295811868,35.40627670288086,54200,0.0,0.0
2014-05-06 00:00:00-04:00,35.59770446576765,35.75247597250465,35.43478529121961,35.532535552978516,77700,0.0,0.0
2014-05-07 00:00:00-04:00,35.76469931548457,36.037590291267435,35.59363555688054,35.817649841308594,106100,0.0,0.0
2014-05-08 00:00:00-04:00,36.04571834201108,36.04571834201108,35.13337560659703,35.544742584228516,115100,0.0,0.0
2014-05-09 00:00:00-04:00,35.556968701025596,35.65064511110118,35.255567197712686,35.34517288208008,42900,0.0,0.0
2014-05-12 00:00:00-04:00,35.58955234123723,35.86244324508783,35.51623887724257,35.723960876464844,66800,0.0,0.0
2014-05-13 00:00:00-04:00,36.08237768412243,36.453018808261646,36.0497963418021,36.26158905029297,161800,0.0,0.0
2014-05-14 00:00:00-04:00,36.428590642798035,36.656675630120596,36.26159762891909,36.298255920410156,78300,0.0,0.0
2014-05-15 00:00:00-04:00,36.37970360585797,36.44894322767726,35.99277338282167,36.39192199707031,88600,0.0,0.0
2014-05-16 00:00:00-04:00,36.55485173370452,37.063972231388426,36.363421929387385,37.02731704711914,140500,0.0,0.0
2014-05-19 00:00:00-04:00,37.34907447963211,38.118864341351305,37.25947189184288,38.01704025268555,188100,0.0,0.0
2014-05-20 00:00:00-04:00,38.08221308339835,38.48950948001224,37.71157187091576,37.74008560180664,149000,0.0,0.0
2014-05-21 00:00:00-04:00,38.265485515262256,38.689074033215,38.08220342623398,38.12293243408203,148100,0.0,0.0
2014-05-22 00:00:00-04:00,38.22475226482746,38.48949544759194,38.08219919946928,38.30621337890625,66800,0.0,0.0
2014-05-23 00:00:00-04:00,38.38767460714541,38.38767460714541,37.98445215774324,38.041473388671875,75500,0.0,0.0
2014-05-27 00:00:00-04:00,37.976307489945825,38.29399811803485,37.22688376290753,37.528282165527344,157600,0.0,0.0
2014-05-28 00:00:00-04:00,37.47126591530432,37.60567446273897,37.210596487965745,37.34500503540039,82100,0.0,0.0
2014-05-29 00:00:00-04:00,37.32870975247042,37.687129408868735,36.89697352399524,37.422386169433594,115000,0.0,0.0
2014-05-30 00:00:00-04:00,37.45089731054745,37.46718953707776,36.96214294433594,36.96214294433594,116500,0.0,0.0
2014-06-02 00:00:00-04:00,37.06396145231757,37.54864501953125,36.97842960647233,37.54864501953125,64400,0.0,0.0
2014-06-03 00:00:00-04:00,37.57308655926369,37.829682129288315,37.47126247644726,37.617889404296875,64400,0.0,0.0
2014-06-04 00:00:00-04:00,37.878557955397305,38.06184005737305,37.715638805072025,38.06184005737305,68000,0.0,0.0
2014-06-05 00:00:00-04:00,38.1025790675189,38.50580162925504,38.1025790675189,38.49765396118164,101000,0.0,0.0
2014-06-06 00:00:00-04:00,38.530234173240345,38.66871654840563,38.30622304470249,38.469139099121094,77800,0.0,0.0
2014-06-09 00:00:00-04:00,38.513937658581554,38.89679718017578,38.489500874624206,38.89679718017578,130500,0.0,0.0
2014-06-10 00:00:00-04:00,38.75016473965108,39.05971075783848,38.69721734614714,39.02712631225586,84100,0.0,0.0
2014-06-11 00:00:00-04:00,39.05971771499671,39.10044672551759,38.794974485474484,38.96196746826172,75700,0.0,0.0
2014-06-12 00:00:00-04:00,39.100434834736944,39.73174518180881,39.063779668642596,39.65435791015625,169300,0.0,0.0
2014-06-13 00:00:00-04:00,39.73175316565487,39.915035247802734,39.536249584929685,39.915035247802734,160600,0.0,0.0
2014-06-16 00:00:00-04:00,39.98834842655198,40.64816951110008,39.91910880554433,40.61151123046875,136900,0.0,0.0
2014-06-17 00:00:00-04:00,40.684829975118,41.93930341175011,40.50154787039859,41.87006378173828,268500,0.0,0.0
2014-06-18 00:00:00-04:00,41.76009790537429,41.82119298468022,39.14118202248493,40.3589973449707,403000,0.0,0.0
2014-06-19 00:00:00-04:00,40.61151756867589,40.61151756867589,39.99649922701179,40.057594299316406,141100,0.0,0.0
2014-06-20 00:00:00-04:00,40.47710486682337,40.50154475768552,39.25521597613623,39.55254364013672,213700,0.0,0.0
2014-06-23 00:00:00-04:00,39.589206255056745,39.792854441774985,39.19820210944868,39.304100036621094,111500,0.0,0.0
2014-06-24 00:00:00-04:00,39.30409382214665,39.870235443115234,39.19819591171804,39.870235443115234,114000,0.0,0.0
2014-06-25 00:00:00-04:00,39.87023669513081,40.2856806835528,39.83765224360274,40.20014572143555,77800,0.0,0.0
2014-06-26 00:00:00-04:00,40.25715574719535,40.65630739869865,39.8824439812443,40.648162841796875,88100,0.0,0.0
2014-06-27 00:00:00-04:00,40.644094376904285,40.656312767582186,40.05758676497398,40.28160095214844,98300,0.0,0.0
2014-06-30 00:00:00-04:00,40.4974716578808,40.542274499944455,40.22051004668011,40.29789733886719,135600,0.0,0.0
2014-07-01 00:00:00-04:00,40.26531760714707,40.493402569890264,40.08610621789195,40.11054611206055,98600,0.0,0.0
2014-07-02 00:00:00-04:00,40.257171730906556,40.265319398466744,39.60957199398267,40.23680877685547,139900,0.0,0.0
2014-07-03 00:00:00-04:00,40.11461433277044,40.31826249605021,39.7073180062109,39.98427963256836,118700,0.0,0.0
2014-07-07 00:00:00-04:00,40.31012364228407,40.322342036622345,39.51182310212676,39.60957336425781,219400,0.0,0.0
2014-07-08 00:00:00-04:00,39.74805222768998,40.14720404730721,39.64622813270265,39.8376579284668,135400,0.0,0.0
2014-07-09 00:00:00-04:00,40.09423871905479,40.827370010882994,39.9150273975881,40.12274932861328,255500,0.0,0.0
2014-07-10 00:00:00-04:00,40.13905375910084,40.36713870494863,39.8743105284279,40.20014572143555,204200,0.0,0.0
2014-07-11 00:00:00-04:00,40.20981904354029,40.43252940475983,39.840032898775696,39.87785339355469,222100,3.033,0.0
2014-07-14 00:00:00-04:00,39.81481530814148,39.835827047144974,38.6886547046973,38.78110122680664,254600,0.0,0.0
2014-07-15 00:00:00-04:00,38.84833013936275,39.05003191863483,38.087752691782555,38.38610076904297,220500,0.0,0.0
2014-07-16 00:00:00-04:00,38.52056288398202,39.66353201411665,38.36088459895522,39.61310577392578,179300,0.0,0.0
2014-07-17 00:00:00-04:00,39.903051976623516,39.903051976623516,38.39030000091179,38.461734771728516,164900,0.0,0.0
2014-07-18 00:00:00-04:00,38.65923579316764,39.06683911828527,38.34407897963638,38.49955749511719,157300,0.0,0.0
2014-07-21 00:00:00-04:00,38.99540407920806,39.071041842180925,38.51636598236018,38.701255798339844,91000,0.0,0.0
2014-07-22 00:00:00-04:00,39.037425107645674,39.4786427286428,38.66343927396866,39.20970916748047,116700,0.0,0.0
2014-07-23 00:00:00-04:00,39.07944450138362,39.171891012079364,38.65923542072358,39.10045623779297,76000,0.0,0.0
2014-07-24 00:00:00-04:00,39.0794429545207,39.10045469009835,38.789497674440966,38.91556167602539,59200,0.0,0.0
2014-07-25 00:00:00-04:00,38.88194436514981,39.197101164658896,38.814712581677064,38.890350341796875,83300,0.0,0.0
2014-07-28 00:00:00-04:00,39.0794454024232,39.234923919990926,38.30626221503336,38.3776969909668,114700,0.0,0.0
2014-07-29 00:00:00-04:00,38.306268060011924,38.79791200131171,37.18851017027933,37.3355827331543,302200,0.0,0.0
2014-07-30 00:00:00-04:00,37.36919954802411,37.705368147794445,36.600216040059905,36.82712936401367,205400,0.0,0.0
2014-07-31 00:00:00-04:00,36.63803773594216,36.66324925967505,35.192517197682356,36.079158782958984,347100,0.0,0.0
2014-08-01 00:00:00-04:00,36.137985403878346,36.873351385934015,35.60011822709681,36.7682991027832,172500,0.0,0.0
2014-08-04 00:00:00-04:00,36.95739597623437,38.10877143389942,36.87335542288933,38.0289306640625,133300,0.0,0.0
2014-08-05 00:00:00-04:00,38.36089861353966,38.36089861353966,37.00362147415859,37.289363861083984,131800,0.0,0.0
2014-08-06 00:00:00-04:00,37.2599444666911,37.60871882973356,36.66324824462853,37.5330810546875,77500,0.0,0.0
2014-08-07 00:00:00-04:00,37.528881490646306,37.604519272595525,37.188513074845666,37.55409622192383,64300,0.0,0.0
2014-08-08 00:00:00-04:00,37.52047529652165,38.264244079589844,37.243135719347535,38.264244079589844,79200,0.0,0.0
2014-08-11 00:00:00-04:00,38.88614848999045,38.88614848999045,38.28104639134678,38.79790496826172,89200,0.0,0.0
2014-08-12 00:00:00-04:00,38.512170857424756,39.24753690083353,38.3146720356729,39.23072814941406,124100,0.0,0.0
2014-08-13 00:00:00-04:00,39.0836527394011,39.600508182707856,38.974397466091354,39.163490295410156,121900,0.0,0.0
2014-08-14 00:00:00-04:00,39.19290524133818,39.310566494021685,38.70126131490493,38.86094284057617,85100,0.0,0.0
2014-08-15 00:00:00-04:00,38.747484289814494,39.104661416475146,38.453339175138964,39.06264114379883,81400,0.0,0.0
2014-08-18 00:00:00-04:00,39.03742043956659,39.17609019212973,38.713857683585935,38.87773895263672,110800,0.0,0.0
2014-08-19 00:00:00-04:00,39.10885830419471,39.142475799467654,38.659234724226664,38.697052001953125,82700,0.0,0.0
2014-08-20 00:00:00-04:00,38.68864954458112,38.79790480213304,38.46593924698974,38.57099151611328,56900,0.0,0.0
2014-08-21 00:00:00-04:00,38.44913369256097,38.86934280395508,37.90286056537219,38.86934280395508,111400,0.0,0.0
2014-08-22 00:00:00-04:00,38.86934129248062,39.0710430687205,38.57939599099236,39.012210845947266,92600,0.0,0.0
2014-08-25 00:00:00-04:00,39.07945841661878,39.39461533933345,38.87775657546691,39.293766021728516,99500,0.0,0.0
2014-08-26 00:00:00-04:00,39.48704404675447,39.491247034822614,38.95337677001953,38.95337677001953,51100,0.0,0.0
2014-08-27 00:00:00-04:00,39.499655836662754,40.23502176979211,39.08364972072735,40.045928955078125,202700,0.0,0.0
2014-08-28 00:00:00-04:00,40.00390479671533,40.550177905802016,39.96188452815659,40.5207633972168,101800,0.0,0.0
2014-08-29 00:00:00-04:00,40.65522771731555,40.924161266928984,40.34007091330535,40.730865478515625,105300,0.0,0.0
2014-09-02 00:00:00-04:00,40.739269651026866,40.84852491117289,40.03331825751726,40.43672180175781,88300,0.0,0.0
2014-09-03 00:00:00-04:00,40.403120090288155,40.403120090288155,39.924081801033175,40.23923873901367,241800,0.0,0.0
2014-09-04 00:00:00-04:00,40.066942997153134,40.33167682129082,39.709765850270216,39.831626892089844,65000,0.0,0.0
2014-09-05 00:00:00-04:00,39.810622157104774,40.394712739199484,39.67195554561489,40.356895446777344,78500,0.0,0.0
2014-09-08 00:00:00-04:00,40.340079112887,40.411513900223454,39.23493018299579,39.32737350463867,142900,0.0,0.0
2014-09-09 00:00:00-04:00,39.13408083602981,39.8358326220954,39.13408083602981,39.67195129394531,80500,0.0,0.0
2014-09-10 00:00:00-04:00,39.621522959789296,39.77279851721941,39.21391955259934,39.53327941894531,56200,0.0,0.0
2014-09-11 00:00:00-04:00,39.47863974557631,40.01651003319959,39.255929457624056,39.79379653930664,52300,0.0,0.0
2014-09-12 00:00:00-04:00,39.89885608298953,39.89885608298953,38.90296248491393,39.1592903137207,86900,0.0,0.0
2014-09-15 00:00:00-04:00,39.27275854232783,39.53328944753454,38.96180457581439,39.499671936035156,60000,0.0,0.0
2014-09-16 00:00:00-04:00,39.499652063019276,40.37368768660548,39.39880278520263,40.29804992675781,103300,0.0,0.0
2014-09-17 00:00:00-04:00,40.25603787905799,40.289652174564814,39.776999704215804,39.924072265625,57200,0.0,0.0
2014-09-18 00:00:00-04:00,39.98710132324404,40.11316213544351,39.52907171621152,39.70555877685547,41700,0.0,0.0
2014-09-19 00:00:00-04:00,39.70975717210534,39.856829705628684,39.0542320478637,39.19710159301758,127000,0.0,0.0
2014-09-22 00:00:00-04:00,39.142483167007114,39.32737301392734,38.7432825488687,38.79370880126953,73200,0.0,0.0
2014-09-23 00:00:00-04:00,38.73067350802992,39.201308872766,38.4533371581602,38.99960708618164,63800,0.0,0.0
2014-09-24 00:00:00-04:00,38.99960131057754,39.499651111183965,38.68024473753035,39.3105583190918,50000,0.0,0.0
2014-09-25 00:00:00-04:00,39.331573535685976,39.331573535685976,38.688654086129965,38.751686096191406,78400,0.0,0.0
2014-09-26 00:00:00-04:00,38.74748488716382,39.47024512972759,38.74748488716382,39.41981887817383,49000,0.0,0.0
2014-09-29 00:00:00-04:00,39.39461103042622,39.995510292247985,39.22652671550807,39.970298767089844,53100,0.0,0.0
2014-09-30 00:00:00-04:00,40.02491772876746,40.087949736457674,39.415615801624604,39.59630584716797,62200,0.0,0.0
2014-10-01 00:00:00-04:00,39.77279805587713,39.9030618709537,38.81051868458584,39.43242645263672,115900,0.0,0.0
2014-10-02 00:00:00-04:00,39.2895590616862,39.49966365559896,38.68025702171587,39.39461135864258,99700,0.0,0.0
2014-10-03 00:00:00-04:00,39.499672813108994,39.806427001953125,39.083666518379495,39.806427001953125,72500,0.0,0.0
2014-10-06 00:00:00-04:00,39.49964980501835,39.49964980501835,38.11295868906169,38.95337677001953,189700,0.0,0.0
2014-10-07 00:00:00-04:00,38.923971055128085,38.953385566366286,38.04573550105786,38.205413818359375,116800,0.0,0.0
2014-10-08 00:00:00-04:00,38.18020067024163,38.25583843962475,37.18850689652566,38.16759490966797,217200,0.0,0.0
2014-10-09 00:00:00-04:00,38.16760047393122,38.2390352648902,37.18430932860155,37.222129821777344,179600,0.0,0.0
2014-10-10 00:00:00-04:00,36.72198058013897,36.77788591623931,34.834060759483314,35.27701187133789,390200,2.027,0.0
2014-10-13 00:00:00-04:00,35.14369085339305,35.14369085339305,33.763230577092884,33.91804885864258,331000,0.0,0.0
2014-10-14 00:00:00-04:00,33.88365598551727,33.97396613468422,32.782728512599064,33.25578308105469,302900,0.0,0.0
2014-10-15 00:00:00-04:00,32.898825914029665,35.259799560938795,32.81281722404853,34.33949279785156,276300,0.0,0.0
2014-10-16 00:00:00-04:00,34.30509444067762,36.623067458171235,33.999759268675376,36.24462127685547,241900,0.0,0.0
2014-10-17 00:00:00-04:00,36.96279555656572,37.19072480873227,36.31772056757839,36.846683502197266,135900,0.0,0.0
2014-10-20 00:00:00-04:00,36.898294106331,37.6336792682915,36.6445628809876,37.19502639770508,124100,0.0,0.0
2014-10-21 00:00:00-04:00,37.926113234386946,38.21854738632666,37.34554306847653,37.822898864746094,116200,0.0,0.0
2014-10-22 00:00:00-04:00,37.9519283612547,38.02933752484717,36.60157105938138,36.674678802490234,125700,0.0,0.0
2014-10-23 00:00:00-04:00,36.98000449114453,37.43585979508981,36.71767368673936,37.332645416259766,73300,0.0,0.0
2014-10-24 00:00:00-04:00,37.616479646199735,37.616479646199735,36.64456558227539,36.64456558227539,70300,0.0,0.0
2014-10-27 00:00:00-04:00,36.446747350357995,36.45964832888133,35.466233610320735,35.51783752441406,111100,0.0,0.0
2014-10-28 00:00:00-04:00,35.49633027828122,36.40803753353741,35.26840428472252,36.40373611450195,82700,0.0,0.0
2014-10-29 00:00:00-04:00,36.42954546559045,37.06602109023158,36.05110253914187,36.19301986694336,52100,0.0,0.0
2014-10-30 00:00:00-04:00,36.31773520064905,36.554264104321256,35.969395616170324,36.042503356933594,52300,0.0,0.0
2014-10-31 00:00:00-04:00,36.231719607390986,36.48974900180307,35.90918204412044,36.38223648071289,72400,0.0,0.0
2014-11-03 00:00:00-05:00,36.28762062583542,36.54995140860952,35.69845418011439,35.762962341308594,90000,0.0,0.0
2014-11-04 00:00:00-05:00,35.69416365783878,36.39084610558152,34.40831458451375,35.15660095214844,139400,0.0,0.0
2014-11-05 00:00:00-05:00,35.130788046968036,35.68985111809269,34.941564983591604,35.646846771240234,191600,0.0,0.0
2014-11-06 00:00:00-05:00,35.68985378186751,36.30482550271907,35.37161765418159,36.0381965637207,71700,0.0,0.0
2014-11-07 00:00:00-05:00,35.65974531131046,36.764973683130414,35.64254291754028,36.6402587890625,104100,0.0,0.0
2014-11-10 00:00:00-05:00,36.769280009178765,37.08751613384702,36.119903502026524,36.317726135253906,88000,0.0,0.0
2014-11-11 00:00:00-05:00,36.322028686198514,36.743479200394134,35.89628003361863,36.67036819458008,89200,0.0,0.0
2014-11-12 00:00:00-05:00,36.59726242214277,36.76928311631822,35.69415787899897,35.814571380615234,175200,0.0,0.0
2014-11-13 00:00:00-05:00,35.82317462713667,36.119906964915295,34.8340580851496,34.954471588134766,143000,0.0,0.0
2014-11-14 00:00:00-05:00,34.87706835989453,35.68986292405179,34.87706835989453,35.53074645996094,173100,0.0,0.0
2014-11-17 00:00:00-05:00,35.35441494301558,35.6898534639426,35.02757597961575,35.281307220458984,132900,0.0,0.0
2014-11-18 00:00:00-05:00,35.264105979017515,35.47482959605972,34.70503957181954,34.760948181152344,127100,0.0,0.0
2014-11-19 00:00:00-05:00,35.152295765269855,35.160898605011646,34.79105524064339,34.99317932128906,74900,0.0,0.0
2014-11-20 00:00:00-05:00,35.05338410597828,35.47913278066009,35.05338410597828,35.173797607421875,117900,0.0,0.0
2014-11-21 00:00:00-05:00,35.797374050857066,35.797374050857066,35.130798277966456,35.29421615600586,106800,0.0,0.0
2014-11-24 00:00:00-05:00,35.44042686092328,35.651150470694425,35.311410531091894,35.479129791259766,126500,0.0,0.0
2014-11-25 00:00:00-05:00,35.52213825733181,35.608150247527384,34.851261138916016,34.851261138916016,118500,0.0,0.0
2014-11-26 00:00:00-05:00,34.86416339154474,34.88136579021264,34.619034952315815,34.808258056640625,81200,0.0,0.0
2014-11-28 00:00:00-05:00,33.973960835640554,34.18898590422056,32.85583113522897,32.98484420776367,265300,0.0,0.0
2014-12-01 00:00:00-05:00,32.68809995107877,33.079443727377516,31.415152401953204,32.16773986816406,423800,0.0,0.0
2014-12-02 00:00:00-05:00,31.82370757719347,33.17406463623047,31.60868252599622,33.17406463623047,216200,0.0,0.0
2014-12-03 00:00:00-05:00,33.72023222054574,34.30079923902101,33.23427347447822,33.948158264160156,133600,0.0,0.0
2014-12-04 00:00:00-05:00,33.59551124219698,33.96965268756973,33.19986270079489,33.24287033081055,130300,0.0,0.0
2014-12-05 00:00:00-05:00,33.43209130293906,33.7331283185695,33.16546236114886,33.56110763549805,140500,0.0,0.0
2014-12-08 00:00:00-05:00,33.1138592149377,33.32888427477496,31.08402212511046,31.251741409301758,339100,0.0,0.0
2014-12-09 00:00:00-05:00,30.963607943439357,32.45158093144311,30.53355783311381,31.372154235839844,278700,0.0,0.0
2014-12-10 00:00:00-05:00,30.963605721949804,31.178630761685568,30.245422876677573,30.6668701171875,267900,0.0,0.0
2014-12-11 00:00:00-05:00,30.55936256041246,31.582884015636928,30.318535526723057,30.32713508605957,174000,0.0,0.0
2014-12-12 00:00:00-05:00,30.150814601859256,30.318533888548185,29.157399860544533,29.221904754638672,327000,0.0,0.0
2014-12-15 00:00:00-05:00,29.221900806364527,29.630450339551967,27.652220683079964,27.759733200073242,393900,0.0,0.0
2014-12-16 00:00:00-05:00,26.663098711046704,28.103765485197453,26.15994102281553,26.288955688476562,766800,0.0,0.0
2014-12-17 00:00:00-05:00,26.66310048588846,28.59832552115456,26.448075481970005,28.301589965820312,443900,0.0,0.0
2014-12-18 00:00:00-05:00,29.587448819937624,29.89278400369094,28.172583567206708,29.449832916259766,300200,0.0,0.0
2014-12-19 00:00:00-05:00,30.318528992824486,31.363550761690362,30.107805383758972,30.585161209106445,288100,0.0,0.0
2014-12-22 00:00:00-05:00,30.61096151030464,30.80878413195675,28.925166166730804,28.963869094848633,227600,0.0,0.0
2014-12-23 00:00:00-05:00,29.092895065521496,29.918590616078895,29.036986442781515,29.277816772460938,178300,0.0,0.0
2014-12-24 00:00:00-05:00,29.243403258025428,29.29501044494262,28.667137768713474,28.727344512939453,124200,0.0,0.0
2014-12-26 00:00:00-05:00,28.77895331237867,29.419730355060288,28.77895331237867,29.097192764282227,122700,0.0,0.0
2014-12-29 00:00:00-05:00,29.079990298581066,29.45413180316573,28.748849868774414,28.748849868774414,159800,0.0,0.0
2014-12-30 00:00:00-05:00,28.59833159659297,29.191799552316798,28.568228220890063,28.89506721496582,180100,0.0,0.0
2014-12-31 00:00:00-05:00,28.800455932934216,29.497135000183565,28.671439589580384,29.08858871459961,236900,0.0,0.0
2015-01-02 00:00:00-05:00,29.19609796097216,29.44552778022766,28.813353674641483,29.217601776123047,122800,0.0,0.0
2015-01-05 00:00:00-05:00,29.02837767662323,29.153092581845367,28.20268238793331,28.744543075561523,131000,0.0,0.0
2015-01-06 00:00:00-05:00,28.6886398490887,29.157396132714556,28.598329727881147,28.87786293029785,151600,0.0,0.0
2015-01-07 00:00:00-05:00,29.630454365968934,30.52925755527874,29.54874379202365,30.245426177978516,294500,0.0,0.0
2015-01-08 00:00:00-05:00,30.942104412009343,32.16774986260305,30.5335581158261,31.948423385620117,314000,0.0,0.0
2015-01-09 00:00:00-05:00,32.447279479147554,32.447279479147554,30.73568187913888,31.935522079467773,296700,0.0,0.0
2015-01-12 00:00:00-05:00,31.83660623518662,31.853808631751388,30.567959837985086,30.589460372924805,331400,0.0,0.0
2015-01-13 00:00:00-05:00,31.17863269490853,31.35925295204067,30.481950341799234,31.213037490844727,213100,0.0,0.0
2015-01-14 00:00:00-05:00,30.36808697115015,33.31111023480638,30.171586494559808,32.81093215942383,391200,2.688,0.0
2015-01-15 00:00:00-05:00,33.047630830332636,33.33344790547777,32.16784876172316,32.3732795715332,191600,0.0,0.0
2015-01-16 00:00:00-05:00,32.36881010028782,33.9943956901293,32.069592530639625,33.61479187011719,334500,0.0,0.0
2015-01-20 00:00:00-05:00,33.614794125275644,33.69964723057679,32.382209413280336,33.0699577331543,282800,0.0,0.0
2015-01-21 00:00:00-05:00,33.628192077866004,34.76699330476595,33.27091910048114,34.633018493652344,232600,0.0,0.0
2015-01-22 00:00:00-05:00,35.06174252545374,35.25377614633912,33.494212429724534,34.13730239868164,163800,0.0,0.0
2015-01-23 00:00:00-05:00,34.173030642455394,34.81165383105064,33.85595247290221,34.49904251098633,122500,0.0,0.0
2015-01-26 00:00:00-05:00,34.49903919792199,35.503865582327485,34.21322218782325,35.25377655029297,175800,0.0,0.0
2015-01-27 00:00:00-05:00,35.25378752898551,35.67804632719588,35.16000411276665,35.21805953979492,121600,0.0,0.0
2015-01-28 00:00:00-05:00,35.27610498702794,35.280571836215216,33.15927163087316,33.20392990112305,150100,0.0,0.0
2015-01-29 00:00:00-05:00,33.38256334297884,34.45437876720491,33.15926860489871,34.3293342590332,99200,0.0,0.0
2015-01-30 00:00:00-05:00,34.329338257232465,35.177855634994486,34.186429744505496,34.72233581542969,119900,0.0,0.0
2015-02-02 00:00:00-05:00,35.26718366585219,35.30737509713724,34.74913805901044,35.13320541381836,133300,0.0,0.0
2015-02-03 00:00:00-05:00,35.36989493590374,36.56675519947426,35.26271438598633,35.26271438598633,251700,0.0,0.0
2015-02-04 00:00:00-05:00,35.23591385650813,35.33416409619259,34.16409832563492,34.3070068359375,136100,0.0,0.0
2015-02-05 00:00:00-05:00,34.981357369361625,35.5217302712011,34.610687255859375,34.610687255859375,128700,0.0,0.0
2015-02-06 00:00:00-05:00,35.23144889054603,35.70483271737616,34.87864274155094,35.213584899902344,100100,0.0,0.0
2015-02-09 00:00:00-05:00,35.34309800840018,35.914732108175514,35.249314608331545,35.35203170776367,92100,0.0,0.0
2015-02-10 00:00:00-05:00,35.678046302307884,35.678046302307884,34.75807272814771,34.86078643798828,103700,0.0,0.0
2015-02-11 00:00:00-05:00,34.677682188370575,35.57979165692592,34.65535134608813,35.16893005371094,98500,0.0,0.0
2015-02-12 00:00:00-05:00,35.530665109434985,35.660176493638374,35.28504289018693,35.40562057495117,96100,0.0,0.0
2015-02-13 00:00:00-05:00,35.72716795111067,35.72716795111067,35.39669260158121,35.6289176940918,80800,0.0,0.0
2015-02-17 00:00:00-05:00,35.50386277644636,36.3970417142186,35.2805680420033,36.08889389038086,177400,0.0,0.0
2015-02-18 00:00:00-05:00,36.062108091538796,36.72306216006609,35.95492754782368,36.169288635253906,144100,0.0,0.0
2015-02-19 00:00:00-05:00,35.72716101641103,35.9504557727636,35.343093762908005,35.68250274658203,182200,0.0,0.0
2015-02-20 00:00:00-05:00,36.459572633640065,36.459572633640065,35.55746319123202,35.79415512084961,221700,0.0,0.0
2015-02-23 00:00:00-05:00,35.727163602895146,36.10676403473434,35.50386883037705,35.92366409301758,108600,0.0,0.0
2015-02-24 00:00:00-05:00,35.11979477511777,36.37917691292025,35.0572725234487,35.271636962890625,229300,0.0,0.0
2015-02-25 00:00:00-05:00,35.03494582629389,35.191254881138505,33.159271240234375,33.159271240234375,463600,0.0,0.0
2015-02-26 00:00:00-05:00,33.04762944962354,33.11015171924888,27.541179022246855,29.666946411132812,1438700,0.0,0.0
2015-02-27 00:00:00-05:00,30.59139429201541,31.87310795099144,30.086749160216815,30.385963439941406,418400,0.0,0.0
2015-03-02 00:00:00-05:00,29.778591968841127,29.92150049161725,28.644254078652175,29.680341720581055,477600,0.0,0.0
2015-03-03 00:00:00-05:00,29.14890281396916,30.359163674862124,29.095314240521287,29.658018112182617,269500,0.0,0.0
2015-03-04 00:00:00-05:00,28.769300516367988,29.684810537042324,28.45222231692484,29.148900985717773,332900,0.0,0.0
2015-03-05 00:00:00-05:00,29.028315626385716,29.287338337397056,28.751428927662495,28.76036262512207,191100,0.0,0.0
2015-03-06 00:00:00-05:00,28.65765325423901,28.983665155039677,28.135144250179916,28.224462509155273,225600,0.0,0.0
2015-03-09 00:00:00-04:00,28.13513995082826,28.19766221147571,26.39344012957355,26.73284912109375,752300,0.0,0.0
2015-03-10 00:00:00-04:00,26.308591747471272,26.447035128768057,24.946493886908303,25.017948150634766,610900,0.0,0.0
2015-03-11 00:00:00-04:00,24.61601202663166,25.602976086846628,24.598149741904834,25.45560073852539,298300,0.0,0.0
2015-03-12 00:00:00-04:00,25.455597523105148,26.97400226732825,25.424336399277333,26.402366638183594,250100,0.0,0.0
2015-03-13 00:00:00-04:00,26.75964448308466,27.018667234634165,25.70569459719067,25.933454513549805,185600,0.0,0.0
2015-03-16 00:00:00-04:00,25.902190852869683,25.902190852869683,24.816978237745637,25.1474552154541,276600,0.0,0.0
2015-03-17 00:00:00-04:00,24.977755610740882,25.201050403110383,24.607085437677554,24.718732833862305,261400,0.0,0.0
2015-03-18 00:00:00-04:00,24.60708388762247,24.799117533251938,23.57099625258177,24.56242561340332,617300,0.0,0.0
2015-03-19 00:00:00-04:00,24.379324932882195,24.781256231254826,24.115837015861036,24.468643188476562,294200,0.0,0.0
2015-03-20 00:00:00-04:00,24.897370609764895,25.142994553086588,24.276611328125,24.276611328125,229900,0.0,0.0
2015-03-23 00:00:00-04:00,24.736596010396603,25.20551471818856,24.42844982038566,24.81698226928711,160900,0.0,0.0
2015-03-24 00:00:00-04:00,25.674426490308118,26.058491960255687,24.616008338935202,24.74105453491211,346900,0.0,0.0
2015-03-25 00:00:00-04:00,25.808407775387327,25.911123156597725,25.120659532218145,25.902191162109375,288200,0.0,0.0
2015-03-26 00:00:00-04:00,25.902190603243906,27.174969977306645,25.902190603243906,26.741779327392578,312900,0.0,0.0
2015-03-27 00:00:00-04:00,27.049929275457526,27.241962920860104,26.30412553453437,26.563146591186523,211600,0.0,0.0
2015-03-30 00:00:00-04:00,26.795365081407063,26.795365081407063,25.94684450572113,26.326446533203125,173000,0.0,0.0
2015-03-31 00:00:00-04:00,26.232671065820856,26.719453746234276,25.973648307617413,25.991512298583984,152000,0.0,0.0
2015-04-01 00:00:00-04:00,26.330916795844555,26.759642311615355,26.03616779080166,26.447031021118164,121000,0.0,0.0
2015-04-02 00:00:00-04:00,26.795373716350475,27.09012275908617,25.91112658814339,26.040637969970703,397400,0.0,0.0
2015-04-06 00:00:00-04:00,25.97365292101318,26.393446561666956,25.92452778893156,26.07636833190918,250700,0.0,0.0
2015-04-07 00:00:00-04:00,25.90219322667295,27.920778144632344,25.72355672987503,27.728744506835938,399400,0.0,0.0
2015-04-08 00:00:00-04:00,27.90291196170901,29.858974463169076,27.688549204557784,28.76483154296875,539500,0.0,0.0
2015-04-09 00:00:00-04:00,28.943468401106035,30.314498219124715,28.29591489957712,28.6085262298584,449900,0.0,0.0
2015-04-10 00:00:00-04:00,28.581727442473337,28.876478142183405,27.51884397619732,28.17979621887207,333300,0.0,0.0
2015-04-13 00:00:00-04:00,28.135141431646705,28.58173097818078,27.911846658379666,28.49687957763672,325300,0.0,0.0
2015-04-14 00:00:00-04:00,28.58262594747978,29.421956334610122,28.4147602161936,28.882062911987305,394200,0.999,0.0
2015-04-15 00:00:00-04:00,29.03631717896561,29.626118756222848,28.673363560368415,28.832155227661133,270900,0.0,0.0
2015-04-16 00:00:00-04:00,28.863912167361445,29.372047208861087,28.627991893990362,29.226865768432617,132300,0.0,0.0
2015-04-17 00:00:00-04:00,29.26315551170936,29.68962741286064,28.909276045391408,29.490001678466797,208500,0.0,0.0
2015-04-20 00:00:00-04:00,29.71685539459653,30.528965293267085,29.444640617612784,30.125179290771484,388500,0.0,0.0
2015-04-21 00:00:00-04:00,30.170549501477797,30.714979085365968,29.580747901099883,30.020830154418945,262500,0.0,0.0
2015-04-22 00:00:00-04:00,30.206844899236575,30.851087363443362,29.843889545695376,30.70590591430664,131600,0.0,0.0
2015-04-23 00:00:00-04:00,30.846552544654223,31.749403124706184,30.678688532561477,31.576997756958008,281300,0.0,0.0
2015-04-24 00:00:00-04:00,31.57699284466099,31.57699284466099,30.864695858792267,31.336536407470703,170700,0.0,0.0
2015-04-27 00:00:00-04:00,31.31385441378478,31.74940225406873,30.851089592906753,31.459035873413086,278500,0.0,0.0
2015-04-28 00:00:00-04:00,31.735790552627858,32.166800525683676,31.55885074582996,31.77662467956543,222000,0.0,0.0
2015-04-29 00:00:00-04:00,31.758477843432953,32.84280273860393,31.6042240410937,32.434478759765625,305300,0.0,0.0
2015-04-30 00:00:00-04:00,32.60688534050189,32.8654899597168,32.31198448596571,32.8654899597168,231600,0.0,0.0
2015-05-01 00:00:00-04:00,32.824640792997016,33.96340955939707,32.75658624829461,33.663970947265625,259200,0.0,0.0
2015-05-04 00:00:00-04:00,33.6186071880687,34.74830032983622,33.6186071880687,34.14035415649414,389200,0.0,0.0
2015-05-05 00:00:00-04:00,34.06776728066126,35.04320682266253,34.04962262716267,34.712013244628906,230000,0.0,0.0
2015-05-06 00:00:00-04:00,34.93431707054982,35.35171327494281,33.64129433878969,33.854530334472656,267800,0.0,0.0
2015-05-07 00:00:00-04:00,33.52787144065171,33.57323999160389,31.31385015564005,33.04695510864258,339600,0.0,0.0
2015-05-08 00:00:00-04:00,32.87909796907752,32.87909796907752,31.80838332898083,32.488922119140625,252500,0.0,0.0
2015-05-11 00:00:00-04:00,32.4390126192703,32.874556988720606,31.427276856520876,31.55431365966797,191100,0.0,0.0
2015-05-12 00:00:00-04:00,31.304776748711664,31.418199852873663,30.87830476941505,30.928211212158203,196600,0.0,0.0
2015-05-13 00:00:00-04:00,30.71952453446728,31.899124563935548,30.651469954394166,31.495338439941406,121300,0.0,0.0
2015-05-14 00:00:00-04:00,31.704023215937937,31.95809331008291,31.282089151470295,31.45449447631836,125400,0.0,0.0
2015-05-15 00:00:00-04:00,31.422739386103363,31.658657932056986,30.90099238744985,31.377370834350586,139300,0.0,0.0
2015-05-18 00:00:00-04:00,31.309329304475323,31.477193361952136,31.005352612303668,31.064334869384766,100000,0.0,0.0
2015-05-19 00:00:00-04:00,30.851087307154373,30.94182441467473,29.381124704652205,29.948240280151367,321500,0.0,0.0
2015-05-20 00:00:00-04:00,29.716857442070506,30.143329480947877,29.7077851154854,29.889259338378906,110600,0.0,0.0
2015-05-21 00:00:00-04:00,29.88926017572111,30.819331170401252,29.88926017572111,30.429155349731445,131300,0.0,0.0
2015-05-22 00:00:00-04:00,30.397400288914532,30.411010511339395,29.83935693969932,29.970928192138672,155000,0.0,0.0
2015-05-26 00:00:00-04:00,29.798524661925015,29.921020118527764,29.362980260871936,29.676029205322266,94900,0.0,0.0
2015-05-27 00:00:00-04:00,29.59436369350629,30.070738748032984,29.444644335769702,29.74407958984375,123100,0.0,0.0
2015-05-28 00:00:00-04:00,29.580747289795227,29.780373081748305,29.35390105762993,29.60797119140625,85500,0.0,0.0
2015-05-29 00:00:00-04:00,29.639737747262505,30.528974808649348,29.639737747262505,30.2749080657959,133400,0.0,0.0
2015-06-01 00:00:00-04:00,30.46545543723571,30.778500943112068,29.64880746234204,29.712324142456055,101400,0.0,0.0
2015-06-02 00:00:00-04:00,29.685093366243834,30.724049359964585,29.676021041413186,30.547109603881836,119800,0.0,0.0
2015-06-03 00:00:00-04:00,30.5561878378492,30.769423857287887,29.862038897224664,29.889259338378906,92900,0.0,0.0
2015-06-04 00:00:00-04:00,30.097959923286854,30.152404271443192,29.45371737973329,29.676029205322266,99000,0.0,0.0
2015-06-05 00:00:00-04:00,29.67602207392397,30.388319016152195,29.399269428083862,30.342947006225586,94400,0.0,0.0
2015-06-08 00:00:00-04:00,30.329335732565546,30.74219747102413,30.084341425359064,30.547109603881836,76000,0.0,0.0
2015-06-09 00:00:00-04:00,30.773962328205872,31.159600251182592,30.6605392060716,30.792110443115234,67600,0.0,0.0
2015-06-10 00:00:00-04:00,30.98719875181883,31.096083981282185,30.261287991665714,30.302122116088867,124200,0.0,0.0
2015-06-11 00:00:00-04:00,30.220462290551136,30.751281765414358,29.698715144049853,29.762231826782227,115100,0.0,0.0
2015-06-12 00:00:00-04:00,29.766762968432563,30.22499332824206,29.290384494616873,29.458251953125,131500,0.0,0.0
2015-06-15 00:00:00-04:00,29.267703145779638,29.771302080512243,29.08622545969059,29.127056121826172,91100,0.0,0.0
2015-06-16 00:00:00-04:00,29.009101092268047,29.195114968978146,28.405690899310805,28.491891860961914,229900,0.0,0.0
2015-06-17 00:00:00-04:00,28.49642033774295,29.009091504911343,28.015505769498244,28.047264099121094,128600,0.0,0.0
2015-06-18 00:00:00-04:00,28.0881043707843,28.33309875154725,28.042735810213227,28.128936767578125,96500,0.0,0.0
2015-06-19 00:00:00-04:00,28.0881025222008,28.265042319762422,28.02004795512347,28.065418243408203,133500,0.0,0.0
2015-06-22 00:00:00-04:00,28.101714287181462,28.206063359919746,27.67524393807286,28.110788345336914,135000,0.0,0.0
2015-06-23 00:00:00-04:00,27.9247729799135,28.74595702652596,27.86579247042101,28.59170150756836,94100,0.0,0.0
2015-06-24 00:00:00-04:00,28.582630717315563,29.004564928265246,28.469207579548435,28.491891860961914,157200,0.0,0.0
2015-06-25 00:00:00-04:00,28.36938520311604,28.56447307346841,28.12892878506742,28.174297332763672,97500,0.0,0.0
2015-06-26 00:00:00-04:00,28.174302201798643,28.360316048618525,28.02458458396774,28.24689292907715,109400,0.0,0.0
2015-06-29 00:00:00-04:00,28.128931550682193,28.355777772865114,27.85671677634242,27.87032699584961,94900,0.0,0.0
2015-06-30 00:00:00-04:00,28.228750113844832,28.537261176454038,27.89301687605257,27.997365951538086,81400,0.0,0.0
2015-07-01 00:00:00-04:00,28.083565808194695,28.083565808194695,27.312288229469086,27.375804901123047,106700,0.0,0.0
2015-07-02 00:00:00-04:00,27.42117022197999,28.106246769861173,27.04006850632868,27.221546173095703,103900,0.0,0.0
2015-07-06 00:00:00-04:00,26.82229841916301,26.82229841916301,25.792416301608768,26.354995727539062,268000,0.0,0.0
2015-07-07 00:00:00-04:00,26.314159265277702,28.088096484450354,26.273326879948446,28.047264099121094,207900,0.0,0.0
2015-07-08 00:00:00-04:00,27.78867124215689,28.301344355383673,27.357662933893664,27.412105560302734,131300,0.0,0.0
2015-07-09 00:00:00-04:00,27.357658515923042,28.124399979738065,27.357658515923042,27.756908416748047,134600,0.0,0.0
2015-07-10 00:00:00-04:00,27.84764757552843,28.024587382771973,27.475619844734407,27.584505081176758,116700,0.0,0.0
2015-07-13 00:00:00-04:00,27.61625858776313,27.802272420616106,27.28506331125415,27.448392868041992,198500,0.0,0.0
2015-07-14 00:00:00-04:00,27.30070147250555,27.79826138903762,26.83104275859148,27.71455955505371,115300,1.47238,0.0
2015-07-15 00:00:00-04:00,27.607607145426456,27.8680130439082,27.300701017226928,27.45415496826172,103000,0.0,0.0
2015-07-16 00:00:00-04:00,27.57505981546085,27.57505981546085,27.300704171142826,27.482057571411133,95100,0.0,0.0
2015-07-17 00:00:00-04:00,27.70990213401727,27.70990213401727,27.25419326781128,27.351844787597656,102700,0.0,0.0
2015-07-20 00:00:00-04:00,27.435554344519204,27.435554344519204,26.087026387528706,26.342782974243164,297600,0.0,0.0
2015-07-21 00:00:00-04:00,26.296280135482935,27.25884941204958,26.124227161231172,26.86359214782715,143800,0.0,0.0
2015-07-22 00:00:00-04:00,26.719433707909115,26.937988644548632,26.040520561846833,26.240474700927734,143700,0.0,0.0
2015-07-23 00:00:00-04:00,26.19862668284387,26.510182093899026,25.728968022842395,25.947521209716797,138300,0.0,0.0
2015-07-24 00:00:00-04:00,25.74757185938714,26.184681862547528,25.19421127161733,25.27326202392578,117300,0.0,0.0
2015-07-27 00:00:00-04:00,25.110506900973334,25.189557645315077,24.482744937997015,24.589696884155273,208400,0.0,0.0
2015-07-28 00:00:00-04:00,24.575742783275285,25.189554967014264,24.538542958678605,24.71989631652832,131800,0.0,0.0
2015-07-29 00:00:00-04:00,24.69199127498854,26.156771170059713,24.69199127498854,25.840564727783203,126900,0.0,0.0
2015-07-30 00:00:00-04:00,25.835916507024375,26.207923580161623,24.882646053906264,25.250003814697266,112100,0.0,0.0
2015-07-31 00:00:00-04:00,25.25000520847568,25.375557935190464,24.743144989013672,24.743144989013672,100400,0.0,0.0
2015-08-03 00:00:00-04:00,24.687348375563257,24.69664877614837,23.72012800115244,23.775930404663086,203700,0.0,0.0
2015-08-04 00:00:00-04:00,23.87823206141965,24.603647366472657,23.87823206141965,24.21303939819336,172000,0.0,0.0
2015-08-05 00:00:00-04:00,24.106086636161162,24.780350600494373,23.2644190090837,23.34347152709961,149400,0.0,0.0
2015-08-06 00:00:00-04:00,23.329518577665144,23.892181247497305,23.255117151536833,23.655025482177734,147000,0.0,0.0
2015-08-07 00:00:00-04:00,23.43646740078725,23.924726768747497,23.24581367524584,23.278364181518555,102900,0.0,0.0
2015-08-10 00:00:00-04:00,23.250468221587216,23.510874104262175,22.701757029648164,23.059814453125,280900,0.0,0.0
2015-08-11 00:00:00-04:00,22.785460759165137,22.897063796447565,21.878692068056996,22.39020347595215,236100,0.0,0.0
2015-08-12 00:00:00-04:00,22.399501096057914,23.017964426033185,22.320450352517028,22.920312881469727,158300,0.0,0.0
2015-08-13 00:00:00-04:00,22.77151061043854,22.97611410537262,22.339051731755315,22.552955627441406,251400,0.0,0.0
2015-08-14 00:00:00-04:00,22.56690182686863,22.72035575457149,22.018190685051398,22.05074119567871,267500,0.0,0.0
2015-08-17 00:00:00-04:00,21.906587326250545,22.046089754595478,21.427628338514076,21.483428955078125,197200,0.0,0.0
2015-08-18 00:00:00-04:00,21.325328338833977,21.506681695255878,20.48366080578866,20.81846809387207,291200,0.0,0.0
2015-08-19 00:00:00-04:00,20.460408745071746,20.68826407750815,19.507140056041198,19.707094192504883,323700,0.0,0.0
2015-08-20 00:00:00-04:00,19.581543677161413,20.181406154122943,19.34438791935343,19.45134162902832,213900,0.0,0.0
2015-08-21 00:00:00-04:00,19.144436017984493,19.42344272043297,18.260919228239498,18.516674041748047,420400,0.0,0.0
2015-08-24 00:00:00-04:00,17.572703066056803,19.172334528091568,16.76823713529145,18.070262908935547,385200,0.0,0.0
2015-08-25 00:00:00-04:00,18.693382280968674,19.065389526715865,17.512257723584682,17.69361114501953,416700,0.0,0.0
2015-08-26 00:00:00-04:00,17.89820800611288,18.307414896204925,17.56805006846343,18.172563552856445,290400,0.0,0.0
2015-08-27 00:00:00-04:00,18.60037216731754,20.660363526757536,18.539920461090237,20.060501098632812,315400,0.0,0.0
2015-08-28 00:00:00-04:00,20.004705605547567,21.469484224790126,19.953554285159413,20.572017669677734,227200,0.0,0.0
2015-08-31 00:00:00-04:00,20.516215112231034,21.13932780594073,19.95355413980061,20.96262550354004,185900,0.0,0.0
2015-09-01 00:00:00-04:00,20.320911315090505,20.6743176817236,20.088406613027388,20.465063095092773,161700,0.0,0.0
2015-09-02 00:00:00-04:00,20.38601159471104,20.92542241261475,19.86985089138067,20.841720581054688,205500,0.0,0.0
2015-09-03 00:00:00-04:00,20.87892154798079,21.2927796059479,20.65106617480913,20.827770233154297,82700,0.0,0.0
2015-09-04 00:00:00-04:00,20.51621491601769,20.995175820234035,20.381363533658472,20.63246726989746,59800,0.0,0.0
2015-09-08 00:00:00-04:00,20.632463622797417,20.976571309958153,20.344158332821554,20.6231632232666,56200,0.0,0.0
2015-09-09 00:00:00-04:00,20.618509354003734,21.027717973580348,20.00934662337659,20.074447631835938,144900,0.0,0.0
2015-09-10 00:00:00-04:00,20.088406242802986,20.45576409102122,20.004704409693257,20.10235595703125,57900,0.0,0.0
2015-09-11 00:00:00-04:00,19.990752468834007,20.1116541177094,19.297887766125783,19.34903907775879,162000,0.0,0.0
2015-09-14 00:00:00-04:00,19.38158847864777,19.423439388141585,18.516670865022153,18.777076721191406,360400,0.0,0.0
2015-09-15 00:00:00-04:00,18.67942490313462,19.223486769855484,18.460871712934537,18.939830780029297,153500,0.0,0.0
2015-09-16 00:00:00-04:00,19.256039679615466,20.423212523211408,19.256039679615466,20.404613494873047,163600,0.0,0.0
2015-09-17 00:00:00-04:00,20.339512798583005,20.851022450715053,20.255810961125736,20.38601303100586,96200,0.0,0.0
2015-09-18 00:00:00-04:00,19.995400813587924,20.311607293944945,19.618742624785355,19.879148483276367,107100,0.0,0.0
2015-09-21 00:00:00-04:00,19.995400374375947,20.455760372800317,19.62804259293193,19.804746627807617,130000,0.0,0.0
2015-09-22 00:00:00-04:00,19.609445781591283,20.176757824029806,19.6001471544855,19.744298934936523,108800,0.0,0.0
2015-09-23 00:00:00-04:00,19.73964765123404,19.883799417297748,18.795677445902044,18.879379272460938,173300,0.0,0.0
2015-09-24 00:00:00-04:00,18.693379794072676,19.260690103162915,18.600377551540923,19.195589065551758,112100,0.0,0.0
2015-09-25 00:00:00-04:00,19.483891883616604,19.75359637602433,18.86077930256033,19.121183395385742,94600,0.0,0.0
2015-09-28 00:00:00-04:00,18.972381427965097,19.004931941074908,18.228367165640943,18.498071670532227,175900,0.0,0.0
2015-09-29 00:00:00-04:00,18.609672274333843,19.102582767628522,18.372516539553786,18.525970458984375,195900,0.0,0.0
2015-09-30 00:00:00-04:00,18.68407836706253,19.297890650668148,18.493424578577,19.107236862182617,134000,0.0,0.0
2015-10-01 00:00:00-04:00,19.376941243375068,19.739649789034868,18.507374144250274,18.684078216552734,269400,0.0,0.0
2015-10-02 00:00:00-04:00,18.581773203075173,19.525743389949145,18.419020640098573,19.432741165161133,155300,0.0,0.0
2015-10-05 00:00:00-04:00,19.432741688522754,20.45576264100305,19.390890774934515,20.32090950012207,157400,0.0,0.0
2015-10-06 00:00:00-04:00,20.45576642123561,21.725242002851747,20.320913255433716,21.515987396240234,253300,0.0,0.0
2015-10-07 00:00:00-04:00,21.548527828439486,22.05538796101831,20.84636467036194,21.688030242919922,375000,0.0,0.0
2015-10-08 00:00:00-04:00,21.697335501066927,22.669205082213008,21.32997770067256,22.59945297241211,183600,0.0,0.0
2015-10-09 00:00:00-04:00,22.748257659795886,22.869161090058537,21.622935829380353,21.785688400268555,156000,0.0,0.0
2015-10-12 00:00:00-04:00,21.850791000955844,21.90194054142752,20.92542157736513,21.125375747680664,147100,0.0,0.0
2015-10-13 00:00:00-04:00,21.04167404828458,21.72988770484474,20.706866733358567,21.167226791381836,141400,0.0,0.0
2015-10-14 00:00:00-04:00,21.168645815556133,21.537042022783424,20.446021931627172,20.738849639892578,661500,0.703,0.0
2015-10-15 00:00:00-04:00,20.757739329257767,20.852200390251664,19.86036195235807,20.592432022094727,175300,0.0,0.0
2015-10-16 00:00:00-04:00,20.80496852478305,20.96555178461342,20.157913243273107,20.677446365356445,92000,0.0,0.0
2015-10-19 00:00:00-04:00,20.233479891780032,20.658553717914042,20.030389263926523,20.38461685180664,160900,0.0,0.0
2015-10-20 00:00:00-04:00,20.37517328437518,20.979721205120413,20.19097520237905,20.710508346557617,152400,0.0,0.0
2015-10-21 00:00:00-04:00,20.663281678448513,20.67272796627637,19.671444878561058,19.728120803833008,184700,0.0,0.0
2015-10-22 00:00:00-04:00,19.874534233405786,20.346837783039632,19.78951945033609,19.983163833618164,87900,0.0,0.0
2015-10-23 00:00:00-04:00,19.888701939309392,20.006777821825647,18.693774584787274,19.364444732666016,276700,0.0,0.0
2015-10-26 00:00:00-04:00,19.359719919727457,19.520303170696778,18.693772102821246,18.79295539855957,272500,0.0,0.0
2015-10-27 00:00:00-04:00,18.556808400554228,18.575700976476625,17.77278451672678,17.900306701660156,338700,0.0,0.0
2015-10-28 00:00:00-04:00,17.97114711474639,18.89213926421587,17.94753230100508,18.755170822143555,142700,0.0,0.0
2015-10-29 00:00:00-04:00,18.722111614625558,19.326659555633814,18.33482286470527,18.34899139404297,96500,0.0,0.0
2015-10-30 00:00:00-04:00,18.500127292515838,18.703217942335666,17.947533060467613,18.561527252197266,106900,0.0,0.0
2015-11-02 00:00:00-05:00,18.434004710862418,18.783510087586613,18.301760309683186,18.467065811157227,139300,0.0,0.0
2015-11-03 00:00:00-05:00,18.70321755423729,19.354996877383133,18.56152686703902,19.052722930908203,176900,0.0,0.0
2015-11-04 00:00:00-05:00,19.029110687456484,19.32666063026286,18.467068303209825,18.72211265563965,158400,0.0,0.0
2015-11-05 00:00:00-05:00,18.69849605311041,18.80712564432404,18.18840739694737,18.249807357788086,192800,0.0,0.0
2015-11-06 00:00:00-05:00,17.99476182629086,18.155345081192493,17.616919403491366,17.829456329345703,211900,0.0,0.0
2015-11-09 00:00:00-05:00,17.91919667492894,17.91919667492894,17.07849690260739,17.687768936157227,215200,0.0,0.0
2015-11-10 00:00:00-05:00,17.40910440442229,17.942807775181382,17.394935878319828,17.66887092590332,125700,0.0,0.0
2015-11-11 00:00:00-05:00,17.673593604219494,17.739717598286067,17.172953118149188,17.29102897644043,154000,0.0,0.0
2015-11-12 00:00:00-05:00,17.125722885131836,17.44216714424636,16.913187766778723,17.125722885131836,171500,0.0,0.0
2015-11-13 00:00:00-05:00,17.09266262012516,17.413829136815043,16.90374230552188,17.338260650634766,112300,0.0,0.0
2015-11-16 00:00:00-05:00,17.333534255339995,17.94752828365238,17.333534255339995,17.805837631225586,130500,0.0,0.0
2015-11-17 00:00:00-05:00,17.75861331823809,17.75861331823809,17.30520232837472,17.37132453918457,124100,0.0,0.0
2015-11-18 00:00:00-05:00,17.475229164627958,17.758610538511558,16.648698055490147,17.361875534057617,220300,0.0,0.0
2015-11-19 00:00:00-05:00,17.24852553084594,17.24852553084594,16.700653495438786,16.72899055480957,228100,0.0,0.0
2015-11-20 00:00:00-05:00,16.677040104171898,16.828177106051005,16.157505083729195,16.38421058654785,306200,0.0,0.0
2015-11-23 00:00:00-05:00,16.388933683790466,16.998205700844327,16.081935653018967,16.530624389648438,284900,0.0,0.0
2015-11-24 00:00:00-05:00,16.46922347234149,17.187125049163196,16.341701303923,16.790390014648438,183900,0.0,0.0
2015-11-25 00:00:00-05:00,16.63453153092218,16.90846665177898,16.12444283445807,16.166950225830078,261800,0.0,0.0
2015-11-27 00:00:00-05:00,16.063043873005252,16.22835120609565,15.486834733788179,15.647418022155762,188200,0.0,0.0
2015-11-30 00:00:00-05:00,15.64741386501468,16.46922086232403,15.496276904551014,16.19528579711914,210000,0.0,0.0
2015-12-01 00:00:00-05:00,16.228348354060582,16.38893161420662,15.902457789875918,16.077211380004883,160500,0.0,0.0
2015-12-02 00:00:00-05:00,15.845779609870341,16.299190467222235,14.995633801911891,15.071202278137207,506400,0.0,0.0
2015-12-03 00:00:00-05:00,15.113710277277438,15.34041571523324,14.646129973675848,15.033418655395508,230700,0.0,0.0
2015-12-04 00:00:00-05:00,14.87755922925388,15.151496105272667,14.202165126456933,14.23050308227539,460500,0.0,0.0
2015-12-07 00:00:00-05:00,14.06519650055875,14.088811311771632,12.51604092245546,12.742746353149414,590800,0.0,0.0
2015-12-08 00:00:00-05:00,12.516043121304909,13.418142760999089,12.402690386043844,12.780532836914062,410300,0.0,0.0
2015-12-09 00:00:00-05:00,12.799427343274102,13.399253112877629,12.279893219214728,12.893887519836426,443400,0.0,0.0
2015-12-10 00:00:00-05:00,12.851379906815826,13.243392740815644,12.520767943191489,12.563275337219238,198000,0.0,0.0
2015-12-11 00:00:00-05:00,12.454645266159408,12.468813796408543,11.902050065254434,12.185431480407715,316600,0.0,0.0
2015-12-14 00:00:00-05:00,12.053181751678416,12.114580791027134,11.476971086057883,11.66117000579834,388700,0.0,0.0
2015-12-15 00:00:00-05:00,11.732020082383166,12.421582822885393,11.571436805665314,11.604497909545898,591300,0.0,0.0
2015-12-16 00:00:00-05:00,11.571436849831633,11.887880260942563,11.118025879143,11.254993438720703,458300,0.0,0.0
2015-12-17 00:00:00-05:00,11.217206229292016,11.43446537016845,10.67405747625365,10.792133331298828,420800,0.0,0.0
2015-12-18 00:00:00-05:00,10.811025937360942,11.193592389499306,10.674058402069226,10.93854808807373,371600,0.0,0.0
2015-12-21 00:00:00-05:00,10.957441110745606,11.113301223316633,10.555982972048296,10.707119941711426,458200,0.0,0.0
2015-12-22 00:00:00-05:00,10.730735429760466,11.883156247135075,10.62682898179907,11.538374900817871,491900,0.0,0.0
2015-12-23 00:00:00-05:00,11.930387491775422,12.860825138406076,11.85009585418869,12.393244743347168,537100,0.0,0.0
2015-12-24 00:00:00-05:00,12.435752031142401,12.624673264830498,12.119308626897027,12.256277084350586,229000,0.0,0.0
2015-12-28 00:00:00-05:00,11.963448675001422,12.010679209340033,11.113302660296464,11.288054466247559,377400,0.0,0.0
2015-12-29 00:00:00-05:00,11.70368159674984,11.916217641092045,10.957442068196867,11.259716033935547,481400,0.0,0.0
2015-12-30 00:00:00-05:00,11.03301209131648,11.283332416127354,10.65989182481692,10.962165832519531,483300,0.0,0.0
2015-12-31 00:00:00-05:00,10.976334682204282,12.043740841342629,10.957443008148786,11.779251098632812,691800,0.0,0.0
2016-01-04 00:00:00-05:00,11.850093438600632,12.643563365748369,11.850093438600632,12.374350547790527,682300,0.0,0.0
2016-01-05 00:00:00-05:00,12.327120023394148,12.723854986968016,11.902047105521383,12.374350547790527,621300,0.0,0.0
2016-01-06 00:00:00-05:00,11.987063501970066,12.02012550662855,10.985780497205624,11.231378555297852,563400,0.0,0.0
2016-01-07 00:00:00-05:00,11.051902419220625,12.157092751227436,11.00467188606228,11.769804000854492,588200,0.0,0.0
2016-01-08 00:00:00-05:00,11.826480243706827,12.26099860518705,11.69423493748625,11.864264488220215,260000,0.0,0.0
2016-01-11 00:00:00-05:00,11.873708179314075,11.953999800053198,11.05190030278575,11.146361351013184,512400,0.0,0.0
2016-01-12 00:00:00-05:00,11.45808340915114,11.628112963225206,10.390677354620271,10.773242950439453,733900,0.0,0.0
2016-01-13 00:00:00-05:00,10.919744869714796,11.312680783653498,10.643234377488785,10.817872047424316,262700,0.602,0.0
2016-01-14 00:00:00-05:00,10.851831079835339,11.472766708544109,10.701447422648744,11.23991584777832,340800,0.0,0.0
2016-01-15 00:00:00-05:00,10.83242609271159,10.973107395667334,10.187234604754487,10.662638664245605,363400,0.0,0.0
2016-01-19 00:00:00-05:00,11.031319271060278,11.031319271060278,9.508085492397706,9.600255966186523,537600,0.0,0.0
2016-01-20 00:00:00-05:00,9.561445446365141,9.891317903161545,8.853190639345607,9.425616264343262,455200,0.0,0.0
2016-01-21 00:00:00-05:00,9.449872331721329,10.463744769059502,9.435319732074275,10.424936294555664,390400,0.0,0.0
2016-01-22 00:00:00-05:00,11.210808920303869,11.856000379191522,10.846979129383755,11.215660095214844,280700,0.0,0.0
2016-01-25 00:00:00-05:00,10.851830559280373,11.225361783532302,9.755489985848325,9.774893760681152,287000,0.0,0.0
2016-01-26 00:00:00-05:00,10.099914973610886,10.57531901759966,9.823404477112659,10.424936294555664,259400,0.0,0.0
2016-01-27 00:00:00-05:00,10.337616719638977,11.366042654437031,10.216340124393625,10.842127799987793,242700,0.0,0.0
2016-01-28 00:00:00-05:00,11.521275136733205,12.127658038666532,11.31267927042544,11.79293441772461,555700,0.0,0.0
2016-01-29 00:00:00-05:00,12.006384445194817,13.020256983477083,11.986979743377402,12.991150856018066,433500,0.0,0.0
2016-02-01 00:00:00-05:00,12.918382454797355,12.92808480443328,11.860851326690256,12.11795711517334,346200,0.0,0.0
2016-02-02 00:00:00-05:00,11.734725884955507,12.467236772964824,11.458215342351211,12.132513046264648,216200,0.0,0.0
2016-02-03 00:00:00-05:00,12.583659367038369,13.432595505779169,11.923914414560091,13.354978561401367,327500,0.0,0.0
2016-02-04 00:00:00-05:00,13.48110526134649,14.116594290165109,12.811658012439159,12.928083419799805,250200,0.0,0.0
2016-02-05 00:00:00-05:00,12.865021852223274,13.437447547912598,12.675829728480535,13.437447547912598,141200,0.0,0.0
2016-02-08 00:00:00-05:00,13.257955766682338,13.529615048407761,12.704934854710293,13.490806579589844,184900,0.0,0.0
2016-02-09 00:00:00-05:00,13.321020172425072,13.471403809889363,12.918381931513713,13.350127220153809,227700,0.0,0.0
2016-02-10 00:00:00-05:00,13.243401847721813,13.451997708353018,12.661274832867482,13.083316802978516,261300,0.0,0.0
2016-02-11 00:00:00-05:00,12.85046846235917,13.243404388427734,12.632171136884205,13.243404388427734,215000,0.0,0.0
2016-02-12 00:00:00-05:00,13.461702104471915,14.310638273222397,13.151234315985748,14.13599967956543,283600,0.0,0.0
2016-02-16 00:00:00-05:00,14.310638080661548,14.378552677162304,13.840085229410485,13.903148651123047,217500,0.0,0.0
2016-02-17 00:00:00-05:00,14.199059982388857,14.27182573392754,13.660591755522479,13.791570663452148,280100,0.0,0.0
2016-02-18 00:00:00-05:00,14.2087659048918,14.2087659048918,13.447148133014123,13.582978248596191,230300,0.0,0.0
2016-02-19 00:00:00-05:00,13.48595489619278,13.58297652720815,13.126976341862873,13.277359962463379,223400,0.0,0.0
2016-02-22 00:00:00-05:00,13.75276456181809,14.106891958626637,13.442295883214051,13.946806907653809,127100,0.0,0.0
2016-02-23 00:00:00-05:00,13.815830972346049,14.00502311015899,12.942639764154492,13.068767547607422,123900,0.0,0.0
2016-02-24 00:00:00-05:00,12.850466265224961,13.228849526727243,12.607913105990214,12.695232391357422,400500,0.0,0.0
2016-02-25 00:00:00-05:00,12.61276765613276,12.928086662482656,11.991831069196214,12.113107681274414,311400,0.0,0.0
2016-02-26 00:00:00-05:00,12.29744828255226,12.583661152531194,12.11310731954866,12.273192405700684,225700,0.0,0.0
2016-02-29 00:00:00-05:00,12.569104306527604,12.811657459374942,12.200423403167633,12.685529708862305,179300,0.0,0.0
2016-03-01 00:00:00-05:00,12.801955152638874,12.806806326743546,11.94331769198257,12.064594268798828,255300,0.0,0.0
2016-03-02 00:00:00-05:00,12.025787003660401,13.675148428224183,12.016084654480938,13.60238265991211,287700,0.0,0.0
2016-03-03 00:00:00-05:00,13.534467403774844,13.80612670920704,12.976595268858613,13.72365951538086,234200,0.0,0.0
2016-03-04 00:00:00-05:00,13.966212747958336,14.790893016574165,13.602382972763037,14.349446296691895,261700,0.0,0.0
2016-03-07 00:00:00-05:00,14.795743911522383,16.168595792224828,14.737530741474346,15.843573570251465,407700,0.0,0.0
2016-03-08 00:00:00-05:00,15.52340280222583,15.639829137477404,14.36399895152,14.43676471710205,281800,0.0,0.0
2016-03-09 00:00:00-05:00,13.58297913912115,14.038979412152127,10.672340752166619,11.138042449951172,1894700,0.0,0.0
2016-03-10 00:00:00-05:00,10.963405271330615,10.963405271330615,8.48936234556863,8.620341300964355,5784600,0.0,0.0
2016-03-11 00:00:00-05:00,8.727063364575047,9.799148908587219,8.64459524580488,9.29948902130127,1160900,0.0,0.0
2016-03-14 00:00:00-04:00,9.144256343200096,9.556596991618218,8.421447877275194,9.022979736328125,1268300,0.0,0.0
2016-03-15 00:00:00-04:00,8.858042564786066,8.858042564786066,8.096425700101848,8.314723014831543,730900,0.0,0.0
2016-03-16 00:00:00-04:00,8.334128285809802,8.586383841496646,8.251660158960913,8.416596412658691,426900,0.0,0.0
2016-03-17 00:00:00-04:00,8.503916074373006,8.887149673987611,8.445702895495462,8.71251106262207,333500,0.0,0.0
2016-03-18 00:00:00-04:00,8.794979539034452,8.97446933280815,8.30987308861239,8.494214057922363,484200,0.0,0.0
2016-03-21 00:00:00-04:00,8.397190771464865,8.43599924297199,7.310552643998417,7.538552761077881,968900,0.0,0.0
2016-03-22 00:00:00-04:00,7.325105975881188,7.611318330089505,6.611999521011576,6.626552581787109,1060000,0.0,0.0
2016-03-23 00:00:00-04:00,6.48102099479813,7.882978583224216,6.48102099479813,7.873276233673096,959800,0.0,0.0
2016-03-24 00:00:00-04:00,7.752001222138206,7.980001856785734,7.3105544054071325,7.907235145568848,437000,0.0,0.0
2016-03-28 00:00:00-04:00,7.858724513798963,7.858724513798963,7.043745565669639,7.116511344909668,745000,0.0,0.0
2016-03-29 00:00:00-04:00,6.941873632589821,7.029192480628314,6.6944692274413535,6.844851970672607,513000,0.0,0.0
2016-03-30 00:00:00-04:00,6.912765899417519,7.44638310126806,6.903063549775313,7.009787082672119,336900,0.0,0.0
2016-03-31 00:00:00-04:00,6.9370218197972315,7.203830440295881,6.840000629425049,6.840000629425049,304000,0.0,0.0
2016-04-01 00:00:00-04:00,6.786638988768679,6.840000993287183,6.616852012243718,6.679915904998779,278500,0.0,0.0
2016-04-04 00:00:00-04:00,6.679916385326835,6.7623840604849565,6.4276607961678245,6.437363147735596,296300,0.0,0.0
2016-04-05 00:00:00-04:00,6.427659542148928,6.51012766385133,6.3063829470140425,6.456766128540039,327800,0.0,0.0
2016-04-06 00:00:00-04:00,6.514978947532796,6.776936378895263,6.42765964953414,6.602297782897949,510100,0.0,0.0
2016-04-07 00:00:00-04:00,6.20451081226543,6.597447198226391,5.4768512152242925,5.952255725860596,1375200,0.0,0.0
2016-04-08 00:00:00-04:00,5.9619582021594475,6.296681446302773,5.607830718683662,6.112341403961182,516400,0.0,0.0
2016-04-11 00:00:00-04:00,5.991063831658509,6.6847656235167525,5.894042187922489,6.636255264282227,478900,0.0,0.0
2016-04-12 00:00:00-04:00,6.709021611976745,7.460936639856342,6.699319724348075,7.165021896362305,568700,0.0,0.0
2016-04-13 00:00:00-04:00,7.219619853934635,8.28720688990131,7.204995036459904,7.867971420288086,735100,0.072,0.0
2016-04-14 00:00:00-04:00,7.897219980389332,8.23845730682625,7.69247674770768,8.038589477539062,365400,0.0,0.0
2016-04-15 00:00:00-04:00,7.824097825569534,7.989842036224301,7.590106326927354,7.731476306915283,248800,0.0,0.0
2016-04-18 00:00:00-04:00,7.409738298502776,7.721727450771247,7.180621257541559,7.395113945007324,438600,0.0,0.0
2016-04-19 00:00:00-04:00,7.326865109503216,8.067838597915442,7.287866529318348,7.95084285736084,328800,0.0,0.0
2016-04-20 00:00:00-04:00,7.843597990406689,8.267707487552329,7.799724465902021,8.067839622497559,191600,0.0,0.0
2016-04-21 00:00:00-04:00,8.121462602885364,8.14096235933866,7.697352662921578,7.731476306915283,362500,0.0,0.0
2016-04-22 00:00:00-04:00,7.72660229048855,8.165336608886719,7.72660229048855,8.165336608886719,379900,0.0,0.0
2016-04-25 00:00:00-04:00,8.121462754110441,8.16533627714774,7.443862011333748,7.541358470916748,454600,0.0,0.0
2016-04-26 00:00:00-04:00,7.614480649105825,8.038590594166608,7.580357004702018,7.8874711990356445,191600,0.0,0.0
2016-04-27 00:00:00-04:00,7.999592021763825,8.165336234642018,7.473110677856503,7.897221088409424,348900,0.0,0.0
2016-04-28 00:00:00-04:00,7.799724225602666,8.058090425303604,7.580357074737549,7.580357074737549,192800,0.0,0.0
2016-04-29 00:00:00-04:00,7.580355514280437,8.126336041891609,7.570605637853599,8.048338890075684,313800,0.0,0.0
2016-05-02 00:00:00-04:00,8.043466308774931,8.043466308774931,7.317117038528186,7.458487033843994,359000,0.0,0.0
2016-05-03 00:00:00-04:00,7.4048629533457335,7.4536114155262005,7.068500051979842,7.08799934387207,324700,0.0,0.0
2016-05-04 00:00:00-04:00,7.312241433082595,7.312241433082595,6.87838160735577,7.08799934387207,184000,0.0,0.0
2016-05-05 00:00:00-04:00,7.297614944988157,7.458484172251052,6.897878880817025,7.180618762969971,223500,0.0,0.0
2016-05-06 00:00:00-04:00,7.068501667587791,7.429238882495606,6.902757416170714,6.927131652832031,243300,0.0,0.0
2016-05-09 00:00:00-04:00,6.868633028898743,7.044126677264061,6.244655147588876,6.283653736114502,379200,0.0,0.0
2016-05-10 00:00:00-04:00,6.308027608274593,6.600517491892828,6.230030429949691,6.556643962860107,226000,0.0,0.0
2016-05-11 00:00:00-04:00,6.420148139167507,6.888131618499756,6.181281692659328,6.888131618499756,342400,0.0,0.0
2016-05-12 00:00:00-04:00,6.946627684173192,7.029499770930741,6.366523541770026,6.420146465301514,325900,0.0,0.0
2016-05-13 00:00:00-04:00,6.381148705161953,6.6151401812288295,6.371398827875964,6.581016540527344,261700,0.0,0.0
2016-05-16 00:00:00-04:00,6.717512292691076,6.893006383567338,6.537143727545863,6.576142311096191,365500,0.0,0.0
2016-05-17 00:00:00-04:00,6.668764025975095,6.849132583825036,6.468896177138667,6.532268524169922,219300,0.0,0.0
2016-05-18 00:00:00-04:00,6.478645141605737,6.693137327605817,6.395773044426226,6.5712666511535645,277100,0.0,0.0
2016-05-19 00:00:00-04:00,6.498144431242108,6.663888625601129,6.4103973954285705,6.5712666511535645,168100,0.0,0.0
2016-05-20 00:00:00-04:00,6.595641385781829,7.117248237173875,6.532268573373458,7.014876842498779,306300,0.0,0.0
2016-05-23 00:00:00-04:00,6.912505030301873,6.951503610213048,6.727261543273926,6.727261543273926,204100,0.0,0.0
2016-05-24 00:00:00-04:00,6.668763065476321,6.83938172080901,6.5273931099608,6.542017459869385,215400,0.0,0.0
2016-05-25 00:00:00-04:00,6.581015109400749,6.922252836908267,6.581015109400749,6.858880043029785,235600,0.0,0.0
2016-05-26 00:00:00-04:00,6.932004107082996,6.971002685794877,6.7565100379798,6.780884265899658,127200,0.0,0.0
2016-05-27 00:00:00-04:00,6.751635842701538,6.858881706131347,6.6005159952871715,6.844257354736328,219000,0.0,0.0
2016-05-31 00:00:00-04:00,6.844257085166855,7.014876216021119,6.737010761061324,6.800383567810059,189000,0.0,0.0
2016-06-01 00:00:00-04:00,6.702887108475895,6.88325565124328,6.5420178550644525,6.780884265899658,243700,0.0,0.0
2016-06-02 00:00:00-04:00,6.746762055076518,7.312242031097412,6.615141475364847,7.312242031097412,400400,0.0,0.0
2016-06-03 00:00:00-04:00,7.31224173206394,7.429237488201009,7.078250219789802,7.190371036529541,247200,0.0,0.0
2016-06-06 00:00:00-04:00,7.292742226053073,7.789974407540889,7.248868702560072,7.697352886199951,493000,0.0,0.0
2016-06-07 00:00:00-04:00,7.7558500823171785,7.960592864060666,7.643729278690854,7.770474433898926,216800,0.0,0.0
2016-06-08 00:00:00-04:00,7.945967939371258,7.999591335940349,7.492609327312861,7.585231304168701,407700,0.0,0.0
2016-06-09 00:00:00-04:00,7.36098918889526,7.555982089105836,7.248867922599371,7.516983509063721,199400,0.0,0.0
2016-06-10 00:00:00-04:00,7.312240500836022,7.4487355266797035,7.0879984402143945,7.1659955978393555,240700,0.0,0.0
2016-06-13 00:00:00-04:00,7.068500312271387,7.321991581104751,7.044126080283593,7.141622543334961,149700,0.0,0.0
2016-06-14 00:00:00-04:00,7.053874596611497,7.307365351584347,6.9905017916433545,7.200119495391846,144000,0.0,0.0
2016-06-15 00:00:00-04:00,7.107499642986052,7.399989527718753,7.039251879241793,7.2244954109191895,180000,0.0,0.0
2016-06-16 00:00:00-04:00,7.1172479075654005,7.297616458420857,6.9466287693752315,7.258617877960205,199800,0.0,0.0
2016-06-17 00:00:00-04:00,7.43898693361256,7.799724059802476,7.41461270294572,7.731476306915283,280800,0.0,0.0
2016-06-20 00:00:00-04:00,7.863096080803149,7.863096080803149,7.585231536426724,7.590106010437012,193700,0.0,0.0
2016-06-21 00:00:00-04:00,7.541358178034427,7.916719649076081,7.351239740556329,7.853347301483154,204200,0.0,0.0
2016-06-22 00:00:00-04:00,7.911844881403058,7.911844881403058,7.653479151722001,7.7412261962890625,107400,0.0,0.0
2016-06-23 00:00:00-04:00,7.7850997081590165,8.028840620153007,7.682728311267642,7.721726894378662,186900,0.0,0.0
2016-06-24 00:00:00-04:00,7.302490192773634,7.994715623197533,7.165995174984326,7.906968593597412,266800,0.0,0.0
2016-06-27 00:00:00-04:00,7.9703422833538315,7.989841107741647,7.3902376134748895,7.44386100769043,273200,0.0,0.0
2016-06-28 00:00:00-04:00,7.604730631280622,8.506573850820223,7.541357821781646,8.433450698852539,387700,0.0,0.0
2016-06-29 00:00:00-04:00,8.530948917274717,9.008681833490188,8.311581287482081,8.613821029663086,368900,0.0,0.0
2016-06-30 00:00:00-04:00,8.535823348759507,9.140301867343899,8.438326423588004,9.008681297302246,276500,0.0,0.0
2016-07-01 00:00:00-04:00,9.028180996198172,9.24267274251679,8.784439614636447,8.872186660766602,129200,0.0,0.0
2016-07-05 00:00:00-04:00,8.774691204260389,8.85756332504817,7.926471166091186,8.379830360412598,382100,0.0,0.0
2016-07-06 00:00:00-04:00,8.267707471094223,8.52607367824077,8.184836291416609,8.511448860168457,128300,0.0,0.0
2016-07-07 00:00:00-04:00,9.111053625744965,9.369418909948886,8.218960155249206,8.477325439453125,479800,0.0,0.0
2016-07-08 00:00:00-04:00,8.60894487841565,9.24267205115267,8.530947716534158,8.955058097839355,314600,0.0,0.0
2016-07-11 00:00:00-04:00,9.018432253489085,9.208550257513222,8.579697897387394,8.701568603515625,508200,0.0,0.0
2016-07-12 00:00:00-04:00,8.945310026637415,9.17442661970889,8.691818734430866,8.760066032409668,727300,0.0,0.0
2016-07-13 00:00:00-04:00,8.772734066227523,9.031202958182046,8.463585795442347,8.798074722290039,323100,0.685,0.0
2016-07-14 00:00:00-04:00,8.798076142277518,9.016000986351731,8.706851699023444,8.727123260498047,110900,0.0,0.0
2016-07-15 00:00:00-04:00,8.732190650832843,8.970388002796971,8.463586442563184,8.564946174621582,121900,0.0,0.0
2016-07-18 00:00:00-04:00,8.595355049789507,9.193381118737326,8.585219751996021,9.117361068725586,468700,0.0,0.0
2016-07-19 00:00:00-04:00,9.097088871929381,9.097088871929381,8.458518756408541,8.49399471282959,237100,0.0,0.0
2016-07-20 00:00:00-04:00,8.640966559057059,8.640966559057059,8.392633900661725,8.575082778930664,135000,0.0,0.0
2016-07-21 00:00:00-04:00,8.493993016735441,8.74232562874265,8.433176413123801,8.570013046264648,166000,0.0,0.0
2016-07-22 00:00:00-04:00,8.595353298260049,8.656169905864886,8.412905408739908,8.544673919677734,155900,0.0,0.0
2016-07-25 00:00:00-04:00,8.549741804837964,8.559877100274463,8.159504414441628,8.215251922607422,168600,0.0,0.0
2016-07-26 00:00:00-04:00,8.169642301545537,8.281138306701905,8.083485506667785,8.10882568359375,115800,0.0,0.0
2016-07-27 00:00:00-04:00,8.179776082660885,8.286204902685286,7.926375810346675,8.02266788482666,157400,0.0,0.0
2016-07-28 00:00:00-04:00,7.982122928094358,8.331816203224431,7.875694603053492,8.276067733764648,130200,0.0,0.0
2016-07-29 00:00:00-04:00,8.205118226340124,8.458519027936136,8.032805603923048,8.34702205657959,101100,0.0,0.0
2016-08-01 00:00:00-04:00,8.174708394671672,8.291273483235475,7.94664828222365,8.007464408874512,166300,0.0,0.0
2016-08-02 00:00:00-04:00,8.022668615042242,8.220320913102748,7.885832445871401,8.058144569396973,186700,0.0,0.0
2016-08-03 00:00:00-04:00,8.098688197153333,8.311544877886957,7.98719220882513,8.129096984863281,170400,0.0,0.0
2016-08-04 00:00:00-04:00,8.129096047960001,8.331816442759495,8.012531458457632,8.017599105834961,125500,0.0,0.0
2016-08-05 00:00:00-04:00,8.022667253011614,8.276067988693152,7.9567830037355884,8.255796432495117,140300,0.0,0.0
2016-08-08 00:00:00-04:00,8.458519095157117,8.615627322733948,8.362226519124125,8.504131317138672,142200,0.0,0.0
2016-08-09 00:00:00-04:00,8.499061661443479,8.504129792604795,8.255797165583399,8.29127311706543,138000,0.0,0.0
2016-08-10 00:00:00-04:00,8.286205188109204,8.36222522408967,7.977055946255147,8.129096984863281,142900,0.0,0.0
2016-08-11 00:00:00-04:00,8.093620079149892,8.60042109512621,8.093620079149892,8.423041343688965,182100,0.0,0.0
2016-08-12 00:00:00-04:00,8.43317780184193,8.661238894632218,8.387565583283873,8.625762939453125,159500,0.0,0.0
2016-08-15 00:00:00-04:00,8.793008126470376,8.813279688212921,8.488926967153322,8.51933479309082,142300,0.0,0.0
2016-08-16 00:00:00-04:00,8.615628165660993,8.73219231473043,8.539608110469944,8.585220336914062,82600,0.0,0.0
2016-08-17 00:00:00-04:00,8.742327417500833,8.87916407863968,8.615627020145748,8.76259994506836,192100,0.0,0.0
2016-08-18 00:00:00-04:00,8.793008652879179,8.939980625915284,8.762600825121263,8.858892440795898,180600,0.0,0.0
2016-08-19 00:00:00-04:00,8.970387977012267,9.01093206304854,8.803143501281738,8.803143501281738,146800,0.0,0.0
2016-08-22 00:00:00-04:00,8.7676674182409,8.782871814450536,8.504131317138672,8.504131317138672,134800,0.0,0.0
2016-08-23 00:00:00-04:00,8.564946667874251,8.950115991831387,8.443314402411048,8.76259994506836,180200,0.0,0.0
2016-08-24 00:00:00-04:00,8.787939094764301,8.939979175535026,8.656170573660953,8.676443099975586,112100,0.0,0.0
2016-08-25 00:00:00-04:00,8.646035081304946,8.85889179334867,8.605490991708395,8.727123260498047,92400,0.0,0.0
2016-08-26 00:00:00-04:00,8.681509169119645,8.995726520804894,8.681509169119645,8.853821754455566,90200,0.0,0.0
2016-08-29 00:00:00-04:00,8.899434688753797,8.970387561012291,8.782870567636062,8.889299392700195,73800,0.0,0.0
2016-08-30 00:00:00-04:00,8.929843867678082,9.021067336036246,8.833551301100442,8.914639472961426,130800,0.0,0.0
2016-08-31 00:00:00-04:00,8.833551085697094,8.965319603419875,8.69671443652568,8.711918830871582,78600,0.0,0.0
2016-09-01 00:00:00-04:00,8.67137665723657,8.727124182164701,8.554811541519685,8.585220336914062,80300,0.0,0.0
2016-09-02 00:00:00-04:00,8.656170366305552,8.929843665113824,8.656170366305552,8.838619232177734,75400,0.0,0.0
2016-09-06 00:00:00-04:00,8.919708218089173,8.990660131686255,8.899435690405822,8.90450382232666,71000,0.0,0.0
2016-09-07 00:00:00-04:00,8.904502699582446,9.026134950404307,8.843687057495117,8.843687057495117,82300,0.0,0.0
2016-09-08 00:00:00-04:00,8.960251398954734,9.117359605993187,8.919707314343288,9.046407699584961,201800,0.0,0.0
2016-09-09 00:00:00-04:00,8.970388261953902,9.107223952518325,8.8183472095029,8.909571647644043,86700,0.0,0.0
2016-09-12 00:00:00-04:00,8.81327911171405,9.041340207945627,8.772735024233691,8.924776077270508,98100,0.0,0.0
2016-09-13 00:00:00-04:00,8.833553174494622,9.016002083198698,8.686580227672456,8.772736549377441,196100,0.0,0.0
2016-09-14 00:00:00-04:00,8.767666120399024,8.88929933877654,8.656170131308047,8.747394561767578,88900,0.0,0.0
2016-09-15 00:00:00-04:00,8.762600492850336,8.869028369291087,8.69164760857579,8.722055435180664,83300,0.0,0.0
2016-09-16 00:00:00-04:00,8.615627817074492,8.84368894006778,8.615627817074492,8.701784133911133,168700,0.0,0.0
2016-09-19 00:00:00-04:00,8.73725952455902,8.904504014975709,8.701783566992956,8.727123260498047,111400,0.0,0.0
2016-09-20 00:00:00-04:00,8.74232723360103,8.889300155431982,8.666307190116568,8.686578750610352,142400,0.0,0.0
2016-09-21 00:00:00-04:00,8.874096493650582,9.092021345195414,8.777803915065041,8.975456237792969,156100,0.0,0.0
2016-09-22 00:00:00-04:00,8.990659083724173,9.107223204374616,8.869026831743641,8.87409496307373,155200,0.0,0.0
2016-09-23 00:00:00-04:00,8.86902751786017,9.00586417441679,8.737258993025716,8.767666816711426,106900,0.0,0.0
2016-09-26 00:00:00-04:00,8.742326854214548,8.869027243406062,8.742326854214548,8.787939071655273,67900,0.0,0.0
2016-09-27 00:00:00-04:00,8.78793884913948,8.869027018837068,8.69164628513088,8.82341480255127,102600,0.0,0.0
2016-09-28 00:00:00-04:00,8.874094802798634,9.340352243626537,8.869026671560079,9.289671897888184,501600,0.0,0.0
2016-09-29 00:00:00-04:00,9.36569298878859,9.826882350359044,9.294741076746151,9.573481559753418,381600,0.0,0.0
2016-09-30 00:00:00-04:00,9.715386694319138,9.720454826308291,9.456917762756348,9.456917762756348,164300,0.0,0.0
2016-10-03 00:00:00-04:00,9.593752808059065,9.994125501186078,9.477188691914876,9.928241729736328,242600,0.0,0.0
2016-10-04 00:00:00-04:00,10.024534416756037,10.08028192665354,9.649501407835364,9.73565673828125,183400,0.0,0.0
2016-10-05 00:00:00-04:00,9.892767565979739,10.136032104492188,9.892767565979739,10.136032104492188,326700,0.0,0.0
2016-10-06 00:00:00-04:00,10.136031711945055,10.136031711945055,9.963719095510204,9.983991622924805,287500,0.0,0.0
2016-10-07 00:00:00-04:00,10.110692005388886,10.511064754802293,10.070147917262878,10.47558879852295,420900,0.0,0.0
2016-10-10 00:00:00-04:00,10.516134047387474,11.22565615123112,10.490794352004542,10.820215225219727,406800,0.0,0.0
2016-10-11 00:00:00-04:00,10.896233939989616,11.073614685830535,10.744193853067285,10.794873237609863,410700,0.0,0.0
2016-10-12 00:00:00-04:00,10.862403516440363,10.862403516440363,10.18186779190946,10.679182052612305,272300,0.679,0.0
2016-10-13 00:00:00-04:00,10.653008687251898,10.679182755889606,10.33891487121582,10.33891487121582,126000,0.0,0.0
2016-10-14 00:00:00-04:00,10.469787211357794,10.642538660406128,10.312740802578112,10.33891487121582,129400,0.0,0.0
2016-10-17 00:00:00-04:00,10.495960627151888,10.88857762315722,10.469786560142193,10.574484825134277,185400,0.0,0.0
2016-10-18 00:00:00-04:00,10.75770577651942,10.75770577651942,10.286565559751546,10.600659370422363,144000,0.0,0.0
2016-10-19 00:00:00-04:00,10.60065805303905,11.228845596313475,10.5692489754183,11.228845596313477,241400,0.0,0.0
2016-10-20 00:00:00-04:00,11.281193947432277,11.74186508779514,11.202670752602147,11.726160049438477,344400,0.0,0.0
2016-10-21 00:00:00-04:00,12.01408024770935,12.511394500732422,11.893676945724916,12.511394500732422,325600,0.0,0.0
2016-10-24 00:00:00-04:00,12.511395056711592,12.563744190534155,11.516765507989641,11.621463775634766,354100,0.0,0.0
2016-10-25 00:00:00-04:00,11.726162860831726,11.857035216417966,11.040391997133343,11.176499366760254,229000,0.0,0.0
2016-10-26 00:00:00-04:00,10.99327786924415,11.569116433518973,10.99327786924415,11.176499366760254,131300,0.0,0.0
2016-10-27 00:00:00-04:00,11.33354322431952,11.51676468029222,11.33354322431952,11.464415550231934,104900,0.0,0.0
2016-10-28 00:00:00-04:00,11.464415510927294,11.883207551497188,11.25501998988065,11.516764640808105,121300,0.0,0.0
2016-10-31 00:00:00-04:00,11.38589316743822,11.49059143503522,10.783880624947168,10.914752960205078,155000,0.0,0.0
2016-11-01 00:00:00-04:00,10.810053316107714,11.202670271887486,10.694886035197207,10.88857650756836,88200,0.0,0.0
2016-11-02 00:00:00-04:00,10.731531266899843,10.731531266899843,10.234216003921139,10.522135734558105,180800,0.0,0.0
2016-11-03 00:00:00-04:00,10.36508837815145,10.705357242862192,10.208041977882385,10.469786643981934,153700,0.0,0.0
2016-11-04 00:00:00-04:00,10.365087063465833,10.558778531141815,10.155691556840807,10.286563873291016,103700,0.0,0.0
2016-11-07 00:00:00-05:00,10.443612098693848,10.77340992355266,10.129518314057075,10.443612098693848,333400,0.0,0.0
2016-11-08 00:00:00-05:00,10.443611252117186,10.810053139091846,10.18186661921677,10.286563873291016,165400,0.0,0.0
2016-11-09 00:00:00-05:00,10.050995992799983,10.595424401568435,10.024820926022791,10.548310279846191,117800,0.0,0.0
2016-11-10 00:00:00-05:00,10.522135862858322,10.726296384571338,10.297035288417474,10.36508846282959,84200,0.0,0.0
2016-11-11 00:00:00-05:00,10.312741375773234,10.338915445865728,10.003882555993279,10.208043098449707,124400,0.0,0.0
2016-11-14 00:00:00-05:00,10.129517140695615,10.28656351558409,9.946295704341395,9.998644828796387,99300,0.0,0.0
2016-11-15 00:00:00-05:00,10.129518948657616,10.967102094003579,10.129518948657616,10.914752960205078,146100,0.0,0.0
2016-11-16 00:00:00-05:00,10.993276550993055,11.218377135364902,10.851934184274448,11.045625686645508,146900,0.0,0.0
2016-11-17 00:00:00-05:00,11.124146933856212,11.333542441151138,10.993274616987316,11.097972869873047,145700,0.0,0.0
2016-11-18 00:00:00-05:00,11.097974688685966,11.333544298570835,11.00898145869123,11.255021095275879,115800,0.0,0.0
2016-11-21 00:00:00-05:00,11.412066855194979,11.752335714319447,11.207906338501617,11.542939186096191,212500,0.0,0.0
2016-11-22 00:00:00-05:00,11.647639966584649,11.705224124134293,11.385895248234434,11.412069320678711,100700,0.0,0.0
2016-11-23 00:00:00-05:00,11.385891982893794,11.516764304536252,11.04562414631872,11.228845596313477,136600,0.0,0.0
2016-11-25 00:00:00-05:00,11.202673438486768,11.228848508690115,11.024686955011335,11.176499366760254,40900,0.0,0.0
2016-11-28 00:00:00-05:00,11.281194813371595,11.281194813371595,11.01945014486203,11.071799278259277,85600,0.0,0.0
2016-11-29 00:00:00-05:00,10.993276120121106,11.2550207896478,10.46978678106772,11.019450187683105,232300,0.0,0.0
2016-11-30 00:00:00-05:00,11.438240463479026,11.778508280784154,11.202669898472736,11.569112777709961,335900,0.0,0.0
2016-12-01 00:00:00-05:00,11.830858269221142,12.275824369761459,11.647636816236707,11.778509140014648,288200,0.0,0.0
2016-12-02 00:00:00-05:00,11.857032334586094,12.014079722205578,11.647636816236707,11.778509140014648,166400,0.0,0.0
2016-12-05 00:00:00-05:00,11.935556466327068,12.58991813659668,11.883208331486834,12.58991813659668,287500,0.0,0.0
2016-12-06 00:00:00-05:00,12.354349181836717,12.563744727601396,12.014081295159524,12.302000045776367,166000,0.0,0.0
2016-12-07 00:00:00-05:00,12.249648602046754,12.27582366438426,12.014079031868404,12.171125411987305,165700,0.0,0.0
2016-12-08 00:00:00-05:00,12.197302617570102,12.589919667472273,12.192068602230982,12.459047317504883,151500,0.0,0.0
2016-12-09 00:00:00-05:00,12.61609496335372,13.197167528690768,12.563745822730317,12.746967315673828,346800,0.0,0.0
2016-12-12 00:00:00-05:00,13.401326695052864,13.720654498985946,13.113406972043187,13.322803497314453,286400,0.0,0.0
2016-12-13 00:00:00-05:00,13.401327133178711,13.584548599542762,13.244279734090954,13.401327133178711,156700,0.0,0.0
2016-12-14 00:00:00-05:00,13.244279717683575,13.286158824359763,12.563743984576355,12.694616317749023,311900,0.0,0.0
2016-12-15 00:00:00-05:00,12.459045718647554,13.218105650439707,12.432871651403683,12.694616317749023,198400,0.0,0.0
2016-12-16 00:00:00-05:00,12.77313797414246,13.008708544771887,12.668440719344469,12.877836227416992,141100,0.0,0.0
2016-12-19 00:00:00-05:00,12.877839411951973,13.207637293911684,12.877839411951973,13.113409042358398,107500,0.0,0.0
2016-12-20 00:00:00-05:00,13.087231064787327,13.479847996730948,13.061057002048349,13.270452499389648,139400,0.0,0.0
2016-12-21 00:00:00-05:00,13.348979091675194,13.479851435711225,12.773140578221307,13.191932678222656,224900,0.0,0.0
2016-12-22 00:00:00-05:00,13.08723244012571,13.453675347839868,13.08723244012571,13.348977088928223,180100,0.0,0.0
2016-12-23 00:00:00-05:00,13.191930776489308,13.42750036270868,13.087232516962963,13.244278907775879,143600,0.0,0.0
2016-12-27 00:00:00-05:00,13.218104842132592,13.364682205774153,13.118641595430224,13.244278907775879,155700,0.0,0.0
2016-12-28 00:00:00-05:00,13.165754898501616,13.312332253082202,12.90401026434263,12.98253345489502,176900,0.0,0.0
2016-12-29 00:00:00-05:00,13.061059166318868,13.087233233394995,12.694616236393147,12.851662635803223,197500,0.0,0.0
2016-12-30 00:00:00-05:00,12.77313773012069,12.867365956572296,12.3281716599195,12.432869911193848,256700,0.0,0.0
2017-01-03 00:00:00-05:00,12.694615650477516,13.427500478026257,12.579448362790743,13.034883499145508,220100,0.0,0.0
2017-01-04 00:00:00-05:00,13.296629384529519,13.479850858023234,13.165757046102108,13.375152587890625,235300,0.0,0.0
2017-01-05 00:00:00-05:00,13.4798496220301,13.924815731578844,13.43273550463808,13.793943405151367,263100,0.0,0.0
2017-01-06 00:00:00-05:00,13.924815937934985,14.422130186643283,13.872466806892893,14.291257858276367,375300,0.0,0.0
2017-01-09 00:00:00-05:00,14.893273395104002,15.573809195868915,14.683876842428557,15.495285987854004,569600,0.0,0.0
2017-01-10 00:00:00-05:00,15.678506025811894,16.3590417637951,15.416761357591172,15.521458625793457,555700,0.0,0.0
2017-01-11 00:00:00-05:00,15.789032954887885,16.601504644159416,15.626539030278048,16.384845733642578,358400,0.994,0.0
2017-01-12 00:00:00-05:00,16.62858943899825,16.682753397609396,15.761952670773194,16.195270538330078,203600,0.0,0.0
2017-01-13 00:00:00-05:00,16.141101656030614,16.352344969519855,15.761948871585409,15.897360801696777,153100,0.0,0.0
2017-01-17 00:00:00-05:00,15.924444101901178,16.222350992845673,15.924444101901178,15.978609085083008,187000,0.0,0.0
2017-01-18 00:00:00-05:00,15.870277893592888,15.93527607501569,15.16613626591961,15.491125106811523,238100,0.0,0.0
2017-01-19 00:00:00-05:00,15.59945469013649,16.222350425267308,15.545290741960844,15.707784652709961,227500,0.0,0.0
2017-01-20 00:00:00-05:00,16.22234887439941,16.520254693329818,16.005688969965313,16.086936950683594,267300,0.0,0.0
2017-01-23 00:00:00-05:00,16.249432869866954,16.330679827594064,15.870279022992277,16.032773971557617,197800,0.0,0.0
2017-01-24 00:00:00-05:00,16.195267651936543,16.682750424334486,16.157352474421643,16.547338485717773,193600,0.0,0.0
2017-01-25 00:00:00-05:00,16.601501667378596,17.11606739156266,16.59066846551744,16.791078567504883,255900,0.0,0.0
2017-01-26 00:00:00-05:00,16.953573606426062,17.359809405619444,16.953573606426062,17.332727432250977,180700,0.0,0.0
2017-01-27 00:00:00-05:00,17.522304613188105,17.847294516408525,17.08898680844982,17.76604652404785,254700,0.0,0.0
2017-01-30 00:00:00-05:00,17.793132353900404,17.847298382615435,16.845249579837287,17.41398048400879,226400,0.0,0.0
2017-01-31 00:00:00-05:00,17.332728695776147,17.4410586633692,16.926492866968893,17.116069793701172,141900,0.0,0.0
2017-02-01 00:00:00-05:00,17.143151590863127,17.213566379000085,16.736915766278166,16.92649269104004,112100,0.0,0.0
2017-02-02 00:00:00-05:00,16.92649380105441,16.964408981870978,16.043608338960336,16.5202579498291,228400,0.0,0.0
2017-02-03 00:00:00-05:00,16.62858772277832,16.791081648063496,16.249433852964675,16.62858772277832,104200,0.0,0.0
2017-02-06 00:00:00-05:00,16.709834514902937,16.818163452950532,16.33068064895842,16.439010620117188,109300,0.0,0.0
2017-02-07 00:00:00-05:00,16.276513196863498,16.493173106348753,15.7890304667437,15.816113471984863,215000,0.0,0.0
2017-02-08 00:00:00-05:00,15.707784561391975,15.734866535322356,14.965726698233201,15.464042663574219,321200,0.0,0.0
2017-02-09 00:00:00-05:00,15.491125847980323,16.03277359767816,15.491125847980323,15.951526641845703,152900,0.0,0.0
2017-02-10 00:00:00-05:00,16.08693986082082,16.601504644159416,16.05444024940991,16.384845733642578,113000,0.0,0.0
2017-02-13 00:00:00-05:00,16.330681076106966,16.953575843784513,16.330681076106966,16.763999938964844,159500,0.0,0.0
2017-02-14 00:00:00-05:00,16.953577259063604,16.953577259063604,16.379430828441897,16.49317741394043,113000,0.0,0.0
2017-02-15 00:00:00-05:00,16.357765407547898,16.466094357179827,16.086941483801155,16.249435424804688,91500,0.0,0.0
2017-02-16 00:00:00-05:00,16.222350894994957,16.330679827594064,15.951527013830507,16.032773971557617,117800,0.0,0.0
2017-02-17 00:00:00-05:00,16.03277453725903,16.168186482619138,15.946110974877453,16.005691528320312,70000,0.0,0.0
2017-02-21 00:00:00-05:00,16.27651460848435,16.899410352610108,16.222350659526548,16.547338485717773,158400,0.0,0.0
2017-02-22 00:00:00-05:00,16.493173106348753,16.493173106348753,15.518206612998144,15.816113471984863,262200,0.0,0.0
2017-02-23 00:00:00-05:00,15.816114860381361,16.249432651168068,12.728722243414985,13.297451972961426,1187700,0.0,0.0
2017-02-24 00:00:00-05:00,12.40373463286586,12.40373463286586,9.50591864496583,11.537097930908203,2060300,0.0,0.0
2017-02-27 00:00:00-05:00,11.374602995723126,12.972464305985824,11.185026072505519,11.239191055297852,919900,0.0,0.0
2017-02-28 00:00:00-05:00,10.832954606847052,10.941284566159945,10.128812970646417,10.67046070098877,735000,0.0,0.0
2017-03-01 00:00:00-05:00,10.832955728780888,11.022532660656788,10.453801865029092,10.914202690124512,363800,0.0,0.0
2017-03-02 00:00:00-05:00,10.237143080083545,10.589213938877116,9.614248324816275,9.912154197692871,995600,0.0,0.0
2017-03-03 00:00:00-05:00,9.641328107042774,10.237140750311921,9.440919047803652,10.128811836242676,436300,0.0,0.0
2017-03-06 00:00:00-05:00,10.101728832892158,10.399635671082203,9.9121519418823,10.128811836242676,237200,0.0,0.0
2017-03-07 00:00:00-05:00,10.101730078270124,10.101730078270124,9.478835387968681,9.61424732208252,487200,0.0,0.0
2017-03-08 00:00:00-05:00,9.343424461384313,9.587166382317072,8.720529703914263,8.96427059173584,628600,0.0,0.0
2017-03-09 00:00:00-05:00,8.720528453514277,8.937187333771377,8.124715757973979,8.50386905670166,640700,0.0,0.0
2017-03-10 00:00:00-05:00,8.585115876776864,9.614246255220534,8.585115876776864,9.316340446472168,507100,0.0,0.0
2017-03-13 00:00:00-04:00,9.289259475275792,9.84715707590456,8.828858643020125,8.96427059173584,370600,0.0,0.0
2017-03-14 00:00:00-04:00,8.774693958072412,8.855940913902304,8.476787075881349,8.801775932312012,295200,0.0,0.0
2017-03-15 00:00:00-04:00,8.910105591498171,9.695494181872746,8.828857605329198,9.668412208557129,334300,0.0,0.0
2017-03-16 00:00:00-04:00,9.749659763473195,10.155895586951244,9.26217698192176,9.28925895690918,391000,0.0,0.0
2017-03-17 00:00:00-04:00,9.39758806359577,9.614246943013299,9.28925810733149,9.532999992370605,319500,0.0,0.0
2017-03-20 00:00:00-04:00,9.58716666318921,9.803825580859503,9.424671700103081,9.69549560546875,174600,0.0,0.0
2017-03-21 00:00:00-04:00,9.776742570456209,9.814658785020821,9.451754710506375,9.69549560546875,180500,0.0,0.0
2017-03-22 00:00:00-04:00,9.695494924804605,9.912153827264541,9.505917997735484,9.830906867980957,138900,0.0,0.0
2017-03-23 00:00:00-04:00,9.912152136801108,10.399635875587197,9.803823220601615,10.372552871704102,216500,0.0,0.0
2017-03-24 00:00:00-04:00,10.426720188165827,10.426720188165827,9.93923737300369,10.101731300354004,176100,0.0,0.0
2017-03-27 00:00:00-04:00,9.966319831910294,10.128814800231375,9.912154842469933,10.074649810791016,107300,0.0,0.0
2017-03-28 00:00:00-04:00,10.074648365385144,10.589213108466055,10.074648365385144,10.399637222290039,199100,0.0,0.0
2017-03-29 00:00:00-04:00,10.562131111815118,11.185025816915328,10.47546755457219,10.751708030700684,235000,0.0,0.0
2017-03-30 00:00:00-04:00,10.914201559776194,11.147110249121173,10.67046070098877,10.67046070098877,270900,0.0,0.0
2017-03-31 00:00:00-04:00,10.75171113152598,10.941288105086107,10.453804163613954,10.887123107910156,221000,0.0,0.0
2017-04-03 00:00:00-04:00,11.049614037841321,11.374602898712471,10.73545838005847,11.293355941772461,248500,0.0,0.0
2017-04-04 00:00:00-04:00,11.293358100157317,11.48293505799,11.01170096469798,11.428770065307617,286100,0.0,0.0
2017-04-05 00:00:00-04:00,11.645428553414725,12.078746411925184,11.542515174601766,11.699593544006348,340300,0.0,0.0
2017-04-06 00:00:00-04:00,11.780838569898284,12.2683213385822,11.699591613969481,12.05166244506836,302900,0.0,0.0
2017-04-07 00:00:00-04:00,12.512064509809202,13.134959279319647,12.295405594298334,12.782888412475586,776700,0.0,0.0
2017-04-10 00:00:00-04:00,13.270372374170343,13.351619345349128,12.782889513986342,12.972466468811035,1107000,0.0,0.0
2017-04-11 00:00:00-04:00,12.82957868451719,13.073681456928751,12.080240646356296,12.176746368408203,659900,1.0983,0.0
2017-04-12 00:00:00-04:00,12.091593630063619,12.403818539569462,10.95623268516508,11.183305740356445,502000,0.0,0.0
2017-04-13 00:00:00-04:00,11.098153147106274,11.296841535171945,10.916495563536955,10.956233024597168,282600,0.0,0.0
2017-04-17 00:00:00-04:00,10.956233289242903,12.063210704658605,10.956233289242903,11.211689949035645,451100,0.0,0.0
2017-04-18 00:00:00-04:00,11.126537476558605,11.597712225380915,11.01300094896292,11.183305740356445,210600,0.0,0.0
2017-04-19 00:00:00-04:00,11.296840897045406,11.381992749187962,10.814312291218197,10.927848815917969,181500,0.0,0.0
2017-04-20 00:00:00-04:00,11.069768140308158,11.211688244671082,10.814311519349106,10.842696189880371,288400,0.0,0.0
2017-04-21 00:00:00-04:00,10.899466287916734,11.240073729667854,10.785929752156594,11.126538276672363,286600,0.0,0.0
2017-04-24 00:00:00-04:00,11.126538385609217,11.478499700935236,11.041386524337739,11.325226783752441,239900,0.0,0.0
2017-04-25 00:00:00-04:00,11.325225858468764,11.325225858468764,10.95623268516508,11.183305740356445,158900,0.0,0.0
2017-04-26 00:00:00-04:00,11.2400738397163,11.438762237859525,10.927849987465994,11.325226783752441,277200,0.0,0.0
2017-04-27 00:00:00-04:00,11.268455965870235,11.41037606346869,11.069767612679515,11.240071296691895,132800,0.0,0.0
2017-04-28 00:00:00-04:00,11.353608497536921,11.410376756577504,11.013000026057918,11.04138469696045,220400,0.0,0.0
2017-05-01 00:00:00-04:00,11.240073424547147,11.296841690886197,10.927849583829301,11.013001441955566,164900,0.0,0.0
2017-05-02 00:00:00-04:00,11.069770281758158,11.18330682031796,10.672393479563533,10.757546424865723,208600,0.0,0.0
2017-05-03 00:00:00-04:00,10.757545136338432,11.041385365975177,10.672392201235771,10.785928726196289,160500,0.0,0.0
2017-05-04 00:00:00-04:00,10.700776275371041,10.842696382251917,10.530471497455295,10.61562442779541,176400,0.0,0.0
2017-05-05 00:00:00-04:00,10.615625021520062,11.041385365975177,10.615625021520062,10.785928726196289,169100,0.0,0.0
2017-05-08 00:00:00-04:00,10.899465226125299,11.268457307252737,10.899465226125299,10.927848815917969,264300,0.0,0.0
2017-05-09 00:00:00-04:00,10.98461710349492,11.035708431450697,10.757545136338432,10.785928726196289,114000,0.0,0.0
2017-05-10 00:00:00-04:00,10.842696652944676,11.268456984216604,10.785928392222184,10.814311981201172,270400,0.0,0.0
2017-05-11 00:00:00-04:00,10.899465226125299,11.183305455110181,10.729160439075642,10.927848815917969,179500,0.0,0.0
2017-05-12 00:00:00-04:00,10.899466070312883,11.353610038757324,10.899466070312883,11.353610038757324,200200,0.0,0.0
2017-05-15 00:00:00-04:00,11.637450289726258,11.836138681957436,11.325226446766283,11.353610038757324,256400,0.0,0.0
2017-05-16 00:00:00-04:00,11.353610376588046,11.495530506295397,11.268458515316567,11.325226783752441,112700,0.0,0.0
2017-05-17 00:00:00-04:00,11.296841845003376,11.353610112116888,11.069769859313965,11.069769859313965,134000,0.0,0.0
2017-05-18 00:00:00-04:00,11.069769708294617,11.438761815351514,10.927849583829301,11.013001441955566,212100,0.0,0.0
2017-05-19 00:00:00-04:00,11.154919454685704,11.438759649882615,11.132212802107448,11.240071296691895,119000,0.0,0.0
2017-05-22 00:00:00-04:00,11.296841587948476,11.506883846659655,11.240073322126703,11.438761711120605,182200,0.0,0.0
2017-05-23 00:00:00-04:00,11.438761678080088,11.864522046366677,11.438761678080088,11.580681800842285,174200,0.0,0.0
2017-05-24 00:00:00-04:00,11.722599527517321,12.017793582388837,11.580679433763445,11.609064102172852,197300,0.0,0.0
2017-05-25 00:00:00-04:00,11.6658338817173,11.864522273948479,11.240073505263899,11.353610038757324,244500,0.0,0.0
2017-05-26 00:00:00-04:00,11.325226744261641,11.552298734448676,11.325226744261641,11.467146873474121,122500,0.0,0.0
2017-05-30 00:00:00-04:00,11.580681002780649,11.921289490490425,11.410377300308028,11.637449264526367,272200,0.0,0.0
2017-05-31 00:00:00-04:00,11.552297413290056,11.694217526272086,11.438760889798619,11.637449264526367,125800,0.0,0.0
2017-06-01 00:00:00-04:00,11.665832201018143,11.978057081760435,11.523912095980139,11.892905235290527,225200,0.0,0.0
2017-06-02 00:00:00-04:00,12.006443112054049,12.006443112054049,11.563652987230855,11.722602844238281,216000,0.0,0.0
2017-06-05 00:00:00-04:00,11.410377300308028,11.864521228744707,11.240072515070873,11.637449264526367,269700,0.0,0.0
2017-06-06 00:00:00-04:00,11.779368389220464,11.978056747278275,11.523911774179785,11.92128849029541,162300,0.0,0.0
2017-06-07 00:00:00-04:00,11.921289490490425,12.063209603472453,11.3819926280529,11.637449264526367,218800,0.0,0.0
2017-06-08 00:00:00-04:00,11.688539008190418,11.807751367216769,11.410375754364546,11.609064102172852,121100,0.0,0.0
2017-06-09 00:00:00-04:00,11.694215447069643,12.176743961969077,11.66583077986124,11.864519119262695,183600,0.0,0.0
2017-06-12 00:00:00-04:00,11.86452086927871,12.006440977960906,11.807752609252931,11.80775260925293,131800,0.0,0.0
2017-06-13 00:00:00-04:00,11.75098591941796,11.972380951660927,11.75098591941796,11.836137771606445,127700,0.0,0.0
2017-06-14 00:00:00-04:00,11.836137280648071,11.921289129304489,11.523912391888539,11.80775260925293,118700,0.0,0.0
2017-06-15 00:00:00-04:00,11.665835923788894,11.77937247715657,11.325228429215498,11.552300453186035,180700,0.0,0.0
2017-06-16 00:00:00-04:00,11.637448911940096,11.807752609252931,11.43876054323212,11.80775260925293,72800,0.0,0.0
2017-06-19 00:00:00-04:00,11.807751367216769,11.836136035626176,11.580679433763445,11.609064102172852,96600,0.0,0.0
2017-06-20 00:00:00-04:00,11.552298057321435,11.864521890182314,11.126537694639548,11.523913383483887,207300,0.0,0.0
2017-06-21 00:00:00-04:00,11.52391457543741,11.728279917147514,11.29684257507324,11.296842575073242,128500,0.0,0.0
2017-06-22 00:00:00-04:00,11.268457996419896,11.478499172366464,11.240073322126703,11.438761711120605,87900,0.0,0.0
2017-06-23 00:00:00-04:00,11.495530059538691,11.807753899654882,11.381993527079375,11.779370307922363,117000,0.0,0.0
2017-06-26 00:00:00-04:00,11.722601246845436,11.949673213602907,11.643126329171459,11.836137771606445,169100,0.0,0.0
2017-06-27 00:00:00-04:00,11.836139384470465,11.97805951837835,11.69989618585066,11.722602844238281,145200,0.0,0.0
2017-06-28 00:00:00-04:00,11.779368718154334,11.989410950026949,11.750985130252523,11.892905235290527,83400,0.0,0.0
2017-06-29 00:00:00-04:00,11.92129069737522,12.176747359710546,11.86452242988241,12.03482723236084,144600,0.0,0.0
2017-06-30 00:00:00-04:00,12.11997981233809,12.460588354767898,12.006443270606585,12.261899948120117,299500,0.0,0.0
2017-07-03 00:00:00-04:00,12.43220352873458,12.602508339287747,12.034827802973247,12.205131530761719,219700,0.0,0.0
2017-07-05 00:00:00-04:00,12.205133095765898,12.261901373229405,11.836140916400362,12.233516693115234,221300,0.0,0.0
2017-07-06 00:00:00-04:00,12.14836446705271,12.318669294519148,11.921292446528929,11.978060722351074,142800,0.0,0.0
2017-07-07 00:00:00-04:00,12.119978537531066,12.318666923280349,11.836138295821977,12.290282249450684,407500,0.0,0.0
2017-07-10 00:00:00-04:00,12.403816845184348,12.460585101227537,12.119976647732827,12.43220043182373,485200,0.0,0.0
2017-07-11 00:00:00-04:00,12.318665331859615,12.574120866737312,12.23351240413593,12.403817176818848,653800,0.0,0.0
2017-07-12 00:00:00-04:00,12.128203534141582,12.305258282314428,11.862623100401532,11.92164134979248,374600,0.833,0.0
2017-07-13 00:00:00-04:00,11.951149373114864,12.010167619846378,11.390477717684616,11.656059265136719,267900,0.0,0.0
2017-07-14 00:00:00-04:00,11.6265513684827,12.098695117935202,11.567533118381263,11.892131805419922,182100,0.0,0.0
2017-07-17 00:00:00-04:00,11.921640458216851,12.27574767672121,11.892130772888558,11.980657577514648,165200,0.0,0.0
2017-07-18 00:00:00-04:00,12.069186644214824,12.069186644214824,11.597041765621087,11.803605079650879,134800,0.0,0.0
2017-07-19 00:00:00-04:00,11.803604879497009,12.039676751951053,11.744586629963628,11.951149940490723,125800,0.0,0.0
2017-07-20 00:00:00-04:00,12.039676014550402,12.216730752306377,11.803604156555181,11.833112716674805,156900,0.0,0.0
2017-07-21 00:00:00-04:00,12.069186555724231,12.069186555724231,11.732782867849894,11.892131805419922,159600,0.0,0.0
2017-07-24 00:00:00-04:00,11.892130556828684,12.09869384765625,11.833112312923754,12.09869384765625,141900,0.0,0.0
2017-07-25 00:00:00-04:00,12.09869406746903,12.305257362049502,11.957050954931407,11.980657577514648,115800,0.0,0.0
2017-07-26 00:00:00-04:00,12.098695846881991,12.24624091818543,11.980659339567415,12.01016902923584,90400,0.0,0.0
2017-07-27 00:00:00-04:00,12.098694915373091,12.128203477090016,11.980658417146442,12.039676666259766,74600,0.0,0.0
2017-07-28 00:00:00-04:00,12.128202406769029,12.21673033546611,11.980657359846392,12.09869384765625,140300,0.0,0.0
2017-07-31 00:00:00-04:00,12.039676666259767,12.18722172620334,12.01016810454284,12.039676666259766,106700,0.0,0.0
2017-08-01 00:00:00-04:00,12.0396767228949,12.128203534141582,11.833113412866318,11.92164134979248,128500,0.0,0.0
2017-08-02 00:00:00-04:00,11.951150143146515,12.0219722689234,11.803605079650879,11.803605079650879,87300,0.0,0.0
2017-08-03 00:00:00-04:00,11.98065888526992,11.98065888526992,11.538023688143994,11.626551628112793,145900,0.0,0.0
2017-08-04 00:00:00-04:00,11.715077542116626,12.010167650856696,11.656059295232726,11.685567855834961,143300,0.0,0.0
2017-08-07 00:00:00-04:00,11.803605195694454,11.833113758411885,11.656060130748273,11.744586944580078,67400,0.0,0.0
2017-08-08 00:00:00-04:00,11.68556760402046,11.980657706401576,11.68556760402046,11.77409553527832,111400,0.0,0.0
2017-08-09 00:00:00-04:00,11.744586944580078,11.892132009526259,11.685568693465704,11.744586944580078,93500,0.0,0.0
2017-08-10 00:00:00-04:00,11.921641043335274,11.921641043335274,11.508514433897927,11.538022994995117,154500,0.0,0.0
2017-08-11 00:00:00-04:00,11.213424103169501,11.774095758599747,11.213424103169501,11.656059265136719,224800,0.0,0.0
2017-08-14 00:00:00-04:00,11.833112766866083,11.833112766866083,11.53802266170055,11.71507740020752,98300,0.0,0.0
2017-08-15 00:00:00-04:00,11.626549903750185,11.74458526340327,11.331459816098448,11.479004859924316,123200,0.0,0.0
2017-08-16 00:00:00-04:00,11.419987022769801,11.549826260702453,11.154405484180977,11.213423728942871,128900,0.0,0.0
2017-08-17 00:00:00-04:00,11.21342372894287,11.449495582311052,11.065878679877832,11.213423728942871,137000,0.0,0.0
2017-08-18 00:00:00-04:00,11.242933074771503,11.419987821439708,11.107191890301507,11.390478134155273,149600,0.0,0.0
2017-08-21 00:00:00-04:00,11.301950533246014,11.390477337549159,11.124896924639726,11.213423728942871,82200,0.0,0.0
2017-08-22 00:00:00-04:00,11.21342542574003,11.390479061137787,11.21342542574003,11.360970497131348,56900,0.0,0.0
2017-08-23 00:00:00-04:00,11.272441679637524,11.508513526847237,11.24293199518671,11.419986724853516,93100,0.0,0.0
2017-08-24 00:00:00-04:00,11.449495502751702,11.508513747103494,11.301950454711914,11.301950454711914,58500,0.0,0.0
2017-08-25 00:00:00-04:00,11.360970289279253,11.626551863196557,11.349166413620807,11.508515357971191,71300,0.0,0.0
2017-08-28 00:00:00-04:00,11.567533376693433,11.626551628112793,11.449496873854713,11.626551628112793,61100,0.0,0.0
2017-08-29 00:00:00-04:00,11.626552728757567,11.71507955142737,11.449497957738336,11.59704303741455,66100,0.0,0.0
2017-08-30 00:00:00-04:00,11.53802285295432,11.626550786514949,11.479005731486483,11.567532539367676,48400,0.0,0.0
2017-08-31 00:00:00-04:00,11.626550704610676,11.744586072394277,11.56753245787916,11.656059265136719,93300,0.0,0.0
2017-09-01 00:00:00-04:00,11.715077902491942,12.187221640728207,11.667863528668315,12.128203392028809,188400,0.0,0.0
2017-09-05 00:00:00-04:00,12.128201416691425,12.216729338161588,11.833111346935631,12.069184303283691,102500,0.0,0.0
2017-09-06 00:00:00-04:00,12.098694605999682,12.275748223132778,12.075086856686232,12.24623966217041,122400,0.0,0.0
2017-09-07 00:00:00-04:00,12.27574767672121,12.494114845432998,11.862622213239659,11.980657577514648,327600,0.0,0.0
2017-09-08 00:00:00-04:00,11.803604156555181,11.998363580111166,11.65605910459824,11.833112716674805,148800,0.0,0.0
2017-09-11 00:00:00-04:00,11.833112716674803,11.980657768631744,11.67966685323747,11.833112716674805,145500,0.0,0.0
2017-09-12 00:00:00-04:00,11.951147825109661,12.145907226121315,11.774094233527897,12.069184303283691,126000,0.0,0.0
2017-09-13 00:00:00-04:00,12.069186045037315,12.275748223132778,11.99836392277641,12.24623966217041,124900,0.0,0.0
2017-09-14 00:00:00-04:00,12.246239775248748,12.393784832781865,12.098694717715631,12.18722152709961,145400,0.0,0.0
2017-09-15 00:00:00-04:00,12.216731071472168,12.30525787982324,12.145908949383646,12.216731071472168,166300,0.0,0.0
2017-09-18 00:00:00-04:00,12.21673187618395,12.423294067382812,12.086891498082359,12.423294067382812,170700,0.0,0.0
2017-09-19 00:00:00-04:00,12.423294067382812,12.511822007244628,12.275749001852471,12.423294067382812,156900,0.0,0.0
2017-09-20 00:00:00-04:00,12.541330570078891,12.541330570078891,12.33476725320051,12.423294067382812,96500,0.0,0.0
2017-09-21 00:00:00-04:00,12.393782861535758,12.482309656839444,12.275746384011326,12.381978988647461,113000,0.0,0.0
2017-09-22 00:00:00-04:00,12.393786310244984,12.452804565429688,12.364277745492428,12.452804565429688,100300,0.0,0.0
2017-09-25 00:00:00-04:00,12.511823336000214,12.765599930092678,12.500019459341132,12.747895240783691,244600,0.0,0.0
2017-09-26 00:00:00-04:00,12.747895388400552,12.747895388400552,12.511823480883432,12.718385696411133,122800,0.0,0.0
2017-09-27 00:00:00-04:00,12.60034740925806,12.95445575198051,12.60034740925806,12.6593656539917,183400,0.0,0.0
2017-09-28 00:00:00-04:00,12.806910469661384,12.954455515967718,12.688873982344571,12.924945831298828,144700,0.0,0.0
2017-09-29 00:00:00-04:00,12.954455016124362,13.249545097351074,12.836418533361947,13.249545097351074,246600,0.0,0.0
2017-10-02 00:00:00-04:00,13.16101856698951,13.249546501281461,12.92494670212968,13.013473510742188,158400,0.0,0.0
2017-10-03 00:00:00-04:00,13.013473098617398,13.338072887489398,13.013473098617398,13.279054641723633,206600,0.0,0.0
2017-10-04 00:00:00-04:00,13.30856320176681,13.426599693298341,13.102001030105749,13.279054641723633,194600,0.0,0.0
2017-10-05 00:00:00-04:00,13.279055623870498,13.426600686357947,13.220037373739618,13.308564186096191,194700,0.0,0.0
2017-10-06 00:00:00-04:00,13.22003639595787,13.397091133255163,13.161018150192104,13.279054641723633,148600,0.0,0.0
2017-10-09 00:00:00-04:00,13.338074501143964,13.37348500261566,12.688875970538636,12.86592960357666,376900,0.0,0.0
2017-10-10 00:00:00-04:00,12.983966827392578,13.190530161146109,12.895440005978095,12.983966827392578,241900,0.0,0.0
2017-10-11 00:00:00-04:00,13.042985083562101,13.27905698256059,12.924948571223053,12.983966827392578,310000,0.0,0.0
2017-10-12 00:00:00-04:00,12.954455225878387,13.190527069546283,12.8659272995335,13.131508827209473,404000,0.0,0.0
2017-10-13 00:00:00-04:00,13.328702006934309,13.328702006934309,13.024393736635153,13.08525562286377,261500,0.674,0.0
2017-10-16 00:00:00-04:00,13.146117314202536,13.267839924011318,12.81137752532959,12.81137752532959,158000,0.0,0.0
2017-10-17 00:00:00-04:00,12.780947399139404,12.805292618057136,12.050607083422436,12.172330856323242,304300,0.0,0.0
2017-10-18 00:00:00-04:00,12.263622580254466,12.446208231784468,12.172330334911408,12.202760696411133,120400,0.0,0.0
2017-10-19 00:00:00-04:00,12.172329400822374,12.202759759986915,11.350696934098107,11.472420692443848,380700,0.0,0.0
2017-10-20 00:00:00-04:00,11.472421180597857,12.050606155232542,11.472421180597857,11.92888355255127,264100,0.0,0.0
2017-10-23 00:00:00-04:00,11.92888558342227,12.202762356715033,11.898454056938158,12.020177841186523,195100,0.0,0.0
2017-10-24 00:00:00-04:00,11.989745731569807,12.172330220540363,11.685437476056297,11.868021965026855,141400,0.0,0.0
2017-10-25 00:00:00-04:00,11.807159432587612,11.898451672053566,11.350697074414041,11.563713073730469,248100,0.0,0.0
2017-10-26 00:00:00-04:00,11.563715506934997,11.715869658342037,11.502853614203373,11.533285140991211,105800,0.0,0.0
2017-10-27 00:00:00-04:00,11.624577399666624,11.728042269057173,11.502853614203373,11.533285140991211,118100,0.0,0.0
2017-10-30 00:00:00-04:00,11.563713073730469,11.776729073046898,11.563713073730469,11.563713073730469,74000,0.0,0.0
2017-10-31 00:00:00-04:00,11.715867631901924,11.715867631901924,11.56371350681229,11.594143867492676,71000,0.0,0.0
2017-11-01 00:00:00-04:00,11.624574143921748,11.776728252714326,11.563712268235971,11.655004501342773,87300,0.0,0.0
2017-11-02 00:00:00-04:00,11.807160241939632,11.807160241939632,11.624575750492006,11.71586799621582,88400,0.0,0.0
2017-11-03 00:00:00-04:00,11.746297257199782,11.746297257199782,11.618488357331072,11.624574661254883,71700,0.0,0.0
2017-11-06 00:00:00-05:00,11.68543734031543,11.849762914142538,11.62457545775094,11.776729583740234,132500,0.0,0.0
2017-11-07 00:00:00-05:00,11.715867701175746,12.020175953154336,11.68543734031543,11.776729583740234,114000,0.0,0.0
2017-11-08 00:00:00-05:00,11.776728341445992,11.959312809035277,11.685436107651348,11.837590217590332,108200,0.0,0.0
2017-11-09 00:00:00-05:00,11.746297684022005,11.989745206445445,11.746297684022005,11.898451805114746,85700,0.0,0.0
2017-11-10 00:00:00-05:00,11.83759021759033,11.959312809035277,11.624574231507008,11.837590217590332,172000,0.0,0.0
2017-11-13 00:00:00-05:00,11.80716137757142,12.0201774119778,11.746299487620455,11.989747047424316,108200,0.0,0.0
2017-11-14 00:00:00-05:00,11.86802258491516,12.172330856323242,11.837592222111924,12.172330856323242,90000,0.0,0.0
2017-11-15 00:00:00-05:00,12.111468036995097,12.202760279217012,11.715867546804242,11.92888355255127,145200,0.0,0.0
2017-11-16 00:00:00-05:00,12.02017985674949,12.111472129821777,11.9288875836772,12.111472129821777,97900,0.0,0.0
2017-11-17 00:00:00-05:00,12.141900360821866,12.17233072329253,11.98974622678071,12.081038475036621,78100,0.0,0.0
2017-11-20 00:00:00-05:00,11.989747475546451,12.020177841186523,11.746299907049721,12.020177841186523,112500,0.0,0.0
2017-11-21 00:00:00-05:00,11.959313685720605,12.020175566326465,11.807159564627865,11.898451805114746,99500,0.0,0.0
2017-11-22 00:00:00-05:00,11.868022163677086,12.141900062561035,11.868022163677086,12.141900062561035,107800,0.0,0.0
2017-11-24 00:00:00-05:00,12.172330334911408,12.202760696411133,12.00191729231885,12.202760696411133,57800,0.0,0.0
2017-11-27 00:00:00-05:00,12.202761572306546,12.385347236942263,12.014090763609206,12.294054985046387,160700,0.0,0.0
2017-11-28 00:00:00-05:00,12.263622939508041,12.427949682445705,12.172330691490645,12.324484825134277,92300,0.0,0.0
2017-11-29 00:00:00-05:00,12.202760696411133,12.3244844640978,11.928883960381956,12.202760696411133,134500,0.0,0.0
2017-11-30 00:00:00-05:00,12.233191053764976,12.50706776371236,12.233191053764976,12.446207046508789,138100,0.0,0.0
2017-12-01 00:00:00-05:00,12.476638927443808,12.78094719396683,12.476638927443808,12.567931175231934,137200,0.0,0.0
2017-12-04 00:00:00-05:00,12.567931307767704,12.75051696611333,12.567931307767704,12.659223556518555,104400,0.0,0.0
2017-12-05 00:00:00-05:00,12.567931175231932,12.78094719396683,12.537500812917195,12.567931175231934,104300,0.0,0.0
2017-12-06 00:00:00-05:00,12.4462090309453,12.50706975785257,12.32448525544285,12.354915618896484,61400,0.0,0.0
2017-12-07 00:00:00-05:00,12.324483208277467,12.567929558000616,12.233190972236757,12.507067680358887,116100,0.0,0.0
2017-12-08 00:00:00-05:00,12.476637840270996,12.659222319937438,12.385345600437775,12.476637840270996,98600,0.0,0.0
2017-12-11 00:00:00-05:00,12.476638958777912,12.543587149051163,12.233192577116881,12.324484825134277,111200,0.0,0.0
2017-12-12 00:00:00-05:00,12.324484992027282,12.324484992027282,12.111468969872838,12.172330856323242,159500,0.0,0.0
2017-12-13 00:00:00-05:00,12.172331507814103,12.415777905801585,12.141901143382164,12.233193397521973,98900,0.0,0.0
2017-12-14 00:00:00-05:00,12.202761053881805,12.324484825134277,12.202761053881805,12.324484825134277,118600,0.0,0.0
2017-12-15 00:00:00-05:00,12.233192742773644,12.354915354830517,12.172330856323242,12.172330856323242,138100,0.0,0.0
2017-12-18 00:00:00-05:00,12.233192218754741,12.36708743453497,12.172330334911408,12.202760696411133,142500,0.0,0.0
2017-12-19 00:00:00-05:00,12.294054629224046,12.294054629224046,12.141900493520005,12.172330856323242,174600,0.0,0.0
2017-12-20 00:00:00-05:00,12.141900844938604,12.336657958541531,11.868022928407012,12.294054985046387,197700,0.0,0.0
2017-12-21 00:00:00-05:00,12.324483290414104,12.494896316777908,12.233191053764976,12.446207046508789,166200,0.0,0.0
2017-12-22 00:00:00-05:00,12.415777600626233,12.567931740734016,12.294054985046387,12.294054985046387,154100,0.0,0.0
2017-12-26 00:00:00-05:00,12.263622908708912,12.628793060705318,12.263622908708912,12.567931175231934,110600,0.0,0.0
2017-12-27 00:00:00-05:00,12.446208729982622,12.659223590695047,12.354915320141378,12.415777206420898,150700,0.0,0.0
2017-12-28 00:00:00-05:00,12.415775960100913,12.53749972044108,12.385345600437775,12.476637840270996,130700,0.0,0.0
2017-12-29 00:00:00-05:00,12.476639795509454,12.58619096481482,12.172331507814103,12.233193397521973,305300,0.0,0.0
2018-01-02 00:00:00-05:00,12.385345663790048,12.933100266435003,12.336656391573692,12.902669906616211,320900,0.0,0.0
2018-01-03 00:00:00-05:00,12.993963241577148,13.298271508776407,12.963531718350874,12.993963241577148,256400,0.0,0.0
2018-01-04 00:00:00-05:00,13.17654787178473,13.206979395321003,12.963531850406536,13.08525562286377,183200,0.0,0.0
2018-01-05 00:00:00-05:00,13.115686286354034,13.176548173978471,12.993963671949114,13.024394035339355,174700,0.0,0.0
2018-01-08 00:00:00-05:00,13.206977986343393,13.450424344442022,13.024392347136569,13.298270225524902,348100,0.0,0.0
2018-01-09 00:00:00-05:00,13.815597648001042,14.545936890719098,13.663443493995938,14.485074996948242,912200,0.0,0.0
2018-01-10 00:00:00-05:00,14.606796126986712,14.819812136007373,14.42421163973692,14.515503883361816,541000,0.0,0.0
2018-01-11 00:00:00-05:00,14.850245853727996,15.367570232331751,14.606799428750971,15.306708335876465,644400,0.0,0.0
2018-01-12 00:00:00-05:00,15.489290493732595,16.128337358702115,15.367566728574658,15.915321350097656,694800,0.0,0.0
2018-01-16 00:00:00-05:00,16.402218108845357,17.010834719031173,16.18920206311151,16.584802627563477,1040900,0.0,0.0
2018-01-17 00:00:00-05:00,16.736954692449782,16.736954692449782,15.824029891043429,16.067476272583008,2540600,0.0,0.0
2018-01-18 00:00:00-05:00,15.671786995692177,15.799459885841657,14.235472460615663,14.650408744812012,1000500,1.23015,0.0
2018-01-19 00:00:00-05:00,14.267391921233818,14.363145984279889,13.501356981707302,13.692866325378418,690400,0.0,0.0
2018-01-22 00:00:00-05:00,14.363146631868615,15.320689740659855,13.597111657804012,14.586573600769043,3522300,0.0,0.0
2018-01-23 00:00:00-05:00,14.331226996920417,14.586571546453891,14.01204600560886,14.235471725463867,386900,0.0,0.0
2018-01-24 00:00:00-05:00,14.61849075673616,14.61849075673616,13.98012870432341,14.299309730529785,290200,0.0,0.0
2018-01-25 00:00:00-05:00,14.363146179286858,14.363146179286858,14.043965153080483,14.299309730529785,252600,0.0,0.0
2018-01-26 00:00:00-05:00,14.139718055725096,14.280158474968045,14.075881612212747,14.139718055725098,166900,0.0,0.0
2018-01-29 00:00:00-05:00,14.043964962407003,14.107801410297375,13.629029877488046,13.692866325378418,248400,0.0,0.0
2018-01-30 00:00:00-05:00,13.629027467102787,13.629027467102787,13.150256018967411,13.405600547790527,332700,0.0,0.0
2018-01-31 00:00:00-05:00,13.246011164655755,13.437519272775862,13.150257110595701,13.150257110595703,202200,0.0,0.0
2018-02-01 00:00:00-05:00,13.182176282146514,13.341766796985041,13.15025866621041,13.214095115661621,181100,0.0,0.0
2018-02-02 00:00:00-05:00,13.214094692865466,13.24601230778034,12.894913673400879,12.894913673400879,232700,0.0,0.0
2018-02-05 00:00:00-05:00,12.767241228170732,13.086422258875,12.543814263161943,12.639568328857422,300100,0.0,0.0
2018-02-06 00:00:00-05:00,12.448059759118873,13.022585350639336,12.28846924938658,12.894913673400879,378100,0.0,0.0
2018-02-07 00:00:00-05:00,13.054504096712495,13.118339326119655,12.671486632374771,12.958748817443848,257000,0.0,0.0
2018-02-08 00:00:00-05:00,12.894913239873857,12.894913239873857,12.51189578587761,12.575732231140137,224500,0.0,0.0
2018-02-09 00:00:00-05:00,12.799158393498333,12.958748903230626,12.428908459622571,12.894913673400879,322800,0.0,0.0
2018-02-12 00:00:00-05:00,12.926831429395863,13.086421940869887,12.639568021711032,12.671486854553223,144100,0.0,0.0
2018-02-13 00:00:00-05:00,12.76724077858346,13.022585350639336,12.671486716259876,12.894913673400879,102400,0.0,0.0
2018-02-14 00:00:00-05:00,12.799157839082953,13.373684623295858,12.799157839082953,13.246011734008789,157200,0.0,0.0
2018-02-15 00:00:00-05:00,13.437518157301383,13.469436984390995,12.99066553625562,13.405600547790527,113800,0.0,0.0
2018-02-16 00:00:00-05:00,13.469439506530762,13.660947634613125,13.277930160869415,13.469439506530762,118200,0.0,0.0
2018-02-20 00:00:00-05:00,13.405602236828171,13.50135629500402,13.182175289365254,13.246011734008789,110500,0.0,0.0
2018-02-21 00:00:00-05:00,13.373684358416664,13.50135602759616,13.054503359099597,13.118338584899902,169300,0.0,0.0
2018-02-22 00:00:00-05:00,13.150257456457016,13.37368440019267,13.054503399878563,13.086421012878418,113000,0.0,0.0
2018-02-23 00:00:00-05:00,13.246011692597746,13.469438639362163,13.08642119027729,13.277929306030273,148800,0.0,0.0
2018-02-26 00:00:00-05:00,13.277928776816154,13.328997686820106,13.05450305653565,13.150257110595703,143400,0.0,0.0
2018-02-27 00:00:00-05:00,13.086422154698496,13.118339770483235,12.57573299666869,12.831077575683594,267500,0.0,0.0
2018-02-28 00:00:00-05:00,12.926832555043573,13.150259534078662,12.850228567130742,12.862996101379395,119000,0.0,0.0
2018-03-01 00:00:00-05:00,12.60765061245343,13.022585705550021,12.60765061245343,12.831077575683594,267700,0.0,0.0
2018-03-02 00:00:00-05:00,12.671487206715465,12.805542655641366,12.51189669080615,12.607650756835938,349000,0.0,0.0
2018-03-05 00:00:00-05:00,12.73532386853081,13.214095424226269,12.607650966647075,13.18217658996582,190900,0.0,0.0
2018-03-06 00:00:00-05:00,13.118340146014736,13.724784603917104,13.086422529316309,13.597111701965332,256600,0.0,0.0
2018-03-07 00:00:00-05:00,13.4375201094708,13.980128073035376,13.405602495323032,13.820537567138672,160400,0.0,0.0
2018-03-08 00:00:00-05:00,13.724784038981698,13.820538102714611,13.437520630203977,13.501357078552246,205300,0.0,0.0
2018-03-09 00:00:00-05:00,13.660947843636897,13.852457192228496,13.533276162154834,13.629030227661133,249400,0.0,0.0
2018-03-12 00:00:00-04:00,13.692865804239712,14.012046813964844,13.597110527259034,14.012046813964844,208400,0.0,0.0
2018-03-13 00:00:00-04:00,14.043965153080483,14.522736692390046,13.852457024388254,14.299309730529785,207600,0.0,0.0
2018-03-14 00:00:00-04:00,14.299309632398995,14.509969059546366,14.267392017028993,14.490818977355957,166700,0.0,0.0
2018-03-15 00:00:00-04:00,14.61848942882716,14.746162314743803,13.986511200455425,14.363144874572754,225300,0.0,0.0
2018-03-16 00:00:00-04:00,14.267390324672622,14.778079415490103,14.216321415590874,14.68232536315918,220300,0.0,0.0
2018-03-19 00:00:00-04:00,14.55465298586884,14.682325871785482,14.20355437596639,14.363144874572754,192700,0.0,0.0
2018-03-20 00:00:00-04:00,14.36314535076514,14.682326358559923,14.36314535076514,14.650408744812012,148600,0.0,0.0
2018-03-21 00:00:00-04:00,14.714245879529898,15.097263382045146,14.714245879529898,15.065345764160156,243000,0.0,0.0
2018-03-22 00:00:00-04:00,15.097261026829585,15.161097470219973,14.682325971160395,14.746162414550781,205200,0.0,0.0
2018-03-23 00:00:00-04:00,14.841918786228005,15.14194853411576,14.810001168343016,15.065345764160156,190900,0.0,0.0
2018-03-26 00:00:00-04:00,15.224934577941895,15.224934577941895,14.905753564641556,15.224934577941895,284100,0.0,0.0
2018-03-27 00:00:00-04:00,15.256851358592145,15.32068780127992,15.00150680541992,15.001506805419922,226000,0.0,0.0
2018-03-28 00:00:00-04:00,15.097263027163672,15.25685354799538,14.810000820214027,15.129181861877441,138800,0.0,0.0
2018-03-29 00:00:00-04:00,15.129181421238211,15.607952969789054,15.033426137464835,15.256853103637695,292800,0.0,0.0
2018-04-02 00:00:00-04:00,15.288771650556887,15.703706741333008,14.937671790993255,15.703706741333008,384300,0.0,0.0
2018-04-03 00:00:00-04:00,15.703706741333008,15.863297254522207,15.448362163746086,15.703706741333008,191100,0.0,0.0
2018-04-04 00:00:00-04:00,15.639869859599138,15.959050877141978,15.512196965550421,15.831377983093262,176600,0.0,0.0
2018-04-05 00:00:00-04:00,15.767539845473891,16.150556021818414,15.767539845473891,16.022884368896484,285400,0.0,0.0
2018-04-06 00:00:00-04:00,15.799458503723145,16.11863948359634,15.639868013786547,15.799458503723145,267700,0.0,0.0
2018-04-09 00:00:00-04:00,16.278230788859915,16.56549417216546,14.841916307489921,15.001506805419922,711500,0.0,0.0
2018-04-10 00:00:00-04:00,15.161098480224608,15.416443053217861,14.395063543665884,15.16109848022461,758200,0.0,0.0
2018-04-11 00:00:00-04:00,15.320690359977295,15.576034955794436,15.001509310811102,15.065345764160156,626000,0.0,0.0
2018-04-12 00:00:00-04:00,15.001508039391101,15.001508039391101,14.490818891039163,14.554654121398926,821100,0.0,0.0
2018-04-13 00:00:00-04:00,14.233365673397609,15.112386686929725,14.098132564178613,15.010961532592773,498400,1.27484,0.0
2018-04-16 00:00:00-04:00,15.010962363060814,15.010962363060814,14.57145118713379,14.571451187133789,234900,0.0,0.0
2018-04-17 00:00:00-04:00,14.537642510882824,15.078577530295162,14.470025311033579,14.740492820739746,204100,0.0,0.0
2018-04-18 00:00:00-04:00,15.044769322457302,15.376092177492342,14.841919016008353,15.24761962890625,277000,0.0,0.0
2018-04-19 00:00:00-04:00,15.349043651466841,15.687128302030512,15.078574899263431,15.382851600646973,257700,0.0,0.0
2018-04-20 00:00:00-04:00,15.484279179557221,15.585704332781695,15.044769322457302,15.24761962890625,192200,0.0,0.0
2018-04-23 00:00:00-04:00,15.247619861668289,15.619513815422891,15.112386751868192,15.416662216186523,227500,0.0,0.0
2018-04-24 00:00:00-04:00,15.484274048026515,15.754741463555073,15.28142380880269,15.349040985107422,168000,0.0,0.0
2018-04-25 00:00:00-04:00,15.551895583846795,15.754745879933722,15.382853240544113,15.687129974365234,237900,0.0,0.0
2018-04-26 00:00:00-04:00,15.754746196491707,15.889980589727392,15.450470746247552,15.58570384979248,198400,0.0,0.0
2018-04-27 00:00:00-04:00,15.720940379329218,15.822365543193156,15.518090051601341,15.65332317352295,148900,0.0,0.0
2018-04-30 00:00:00-04:00,15.619510687074326,15.923786090450957,15.51808555261545,15.720935821533203,262500,0.0,0.0
2018-05-01 00:00:00-04:00,15.788555122408697,15.822363075192941,15.484278388587576,15.687129974365234,132400,0.0,0.0
2018-05-02 00:00:00-04:00,15.720939659586449,15.991407180737934,15.68713170307659,15.923789978027344,142100,0.0,0.0
2018-05-03 00:00:00-04:00,15.75474376978931,15.856170193938743,15.653318635330432,15.720935821533203,115200,0.0,0.0
2018-05-04 00:00:00-04:00,15.822363143033076,16.12663987815882,15.687130041625542,15.991405487060547,201900,0.0,0.0
2018-05-07 00:00:00-04:00,16.05902318001651,16.769000531046196,16.05902318001651,16.43091583251953,358800,0.0,0.0
2018-05-08 00:00:00-04:00,16.49853344921983,16.5593887996756,16.092831542745,16.464725494384766,237700,0.0,0.0
2018-05-09 00:00:00-04:00,16.701381948437962,16.870424270629883,16.5661475748082,16.870424270629883,207000,0.0,0.0
2018-05-10 00:00:00-04:00,16.904237542500372,17.039471958716764,16.75548071641512,16.938045501708984,293600,0.0,0.0
2018-05-11 00:00:00-04:00,17.073275818310268,17.073275818310268,16.73519114864076,16.768999099731445,158000,0.0,0.0
2018-05-14 00:00:00-04:00,16.768998362198094,17.20850944519043,16.667573223696248,17.20850944519043,188700,0.0,0.0
2018-05-15 00:00:00-04:00,17.242322715133348,17.309939924895602,17.073280335573216,17.174705505371094,161800,0.0,0.0
2018-05-16 00:00:00-04:00,17.343746633554854,17.88468298293254,17.174704266191373,17.78325653076172,296400,0.0,0.0
2018-05-17 00:00:00-04:00,17.68183056446339,18.45942516104766,17.68183056446339,18.32419204711914,496800,0.0,0.0
2018-05-18 00:00:00-04:00,18.594658412721948,19.20321061192742,18.357998865894604,19.13559341430664,396600,0.0,0.0
2018-05-21 00:00:00-04:00,19.270830194674847,20.697548211262397,19.20321298868517,20.690786361694336,762200,0.0,0.0
2018-05-22 00:00:00-04:00,20.758399843352976,21.50218510672173,17.10708427191396,18.155147552490234,1476400,0.0,0.0
2018-05-23 00:00:00-04:00,18.324190190270528,19.913188468171075,17.918488310214325,19.676528930664062,619000,0.0,0.0
2018-05-24 00:00:00-04:00,19.47367780165702,19.913188934326172,19.101785155219314,19.913188934326172,338500,0.0,0.0
2018-05-25 00:00:00-04:00,19.13559574272209,19.541297688121727,19.000362620716164,19.270830154418945,295000,0.0,0.0
2018-05-29 00:00:00-04:00,18.93274087584204,18.93274087584204,17.681827381464352,18.662273406982422,648700,0.0,0.0
2018-05-30 00:00:00-04:00,19.067980051239676,19.744149538309294,18.763703266181967,19.642723083496094,257900,0.0,0.0
2018-05-31 00:00:00-04:00,19.575105250107093,19.669768556328044,19.270828494838575,19.541296005249023,208600,0.0,0.0
2018-06-01 00:00:00-04:00,19.642721128535605,19.676530373338757,19.203211263621178,19.33844566345215,144900,0.0,0.0
2018-06-04 00:00:00-04:00,19.33844494767075,19.608912447630956,18.797508658059574,18.831317901611328,179300,0.0,0.0
2018-06-05 00:00:00-04:00,18.76370050592594,19.101785199726407,18.39180785862173,18.86512565612793,184600,0.0,0.0
2018-06-06 00:00:00-04:00,18.966546692589706,19.081495515137725,18.493228997743522,18.69607925415039,176900,0.0,0.0
2018-06-07 00:00:00-04:00,18.797510580454773,19.203212516731035,18.662277461489957,19.034170150756836,119000,0.0,0.0
2018-06-08 00:00:00-04:00,18.831316715962995,19.270826536937463,18.696082329652068,19.237018585205078,267100,0.0,0.0
2018-06-11 00:00:00-04:00,19.20321032874717,19.237019571904376,18.662275335139377,18.763700485229492,336800,0.0,0.0
2018-06-12 00:00:00-04:00,18.76370215527603,18.905697120102175,18.459425388233043,18.493234634399414,195600,0.0,0.0
2018-06-13 00:00:00-04:00,18.69608229396456,18.69608229396456,17.81706265369351,18.0875301361084,185000,0.0,0.0
2018-06-14 00:00:00-04:00,18.256573884509788,18.31742923396675,17.22879608222641,17.54659652709961,319700,0.0,0.0
2018-06-15 00:00:00-04:00,17.546594362398665,17.762968338355954,17.27612560276142,17.377552032470703,159900,0.0,0.0
2018-06-18 00:00:00-04:00,17.58040285084556,17.986104713033974,17.58040285084556,17.817062377929688,183000,0.0,0.0
2018-06-19 00:00:00-04:00,17.817060701345813,18.18895328770391,17.68182633011166,17.88467788696289,155600,0.0,0.0
2018-06-20 00:00:00-04:00,18.188957229692274,18.425616785796635,17.884681763007375,18.290382385253906,138100,0.0,0.0
2018-06-21 00:00:00-04:00,18.290381117927645,18.45942346204783,18.08753082085972,18.391807556152344,113400,0.0,0.0
2018-06-22 00:00:00-04:00,18.932741860850843,19.237018585205078,18.49323203987637,19.237018585205078,227200,0.0,0.0
2018-06-25 00:00:00-04:00,19.27082628504905,19.406060669592332,18.62846489300448,19.067975997924805,225900,0.0,0.0
2018-06-26 00:00:00-04:00,19.27083038148418,19.7779574967864,18.932745637949374,19.642723083496094,263400,0.0,0.0
2018-06-27 00:00:00-04:00,19.777954816818237,20.420316258368985,19.777954816818237,20.28508186340332,385000,0.0,0.0
2018-06-28 00:00:00-04:00,20.28508186340332,20.352699060886152,19.723861316770126,20.28508186340332,166200,0.0,0.0
2018-06-29 00:00:00-04:00,20.352698840522937,20.555549141084356,20.14984725027076,20.217464447021484,169000,0.0,0.0
2018-07-02 00:00:00-04:00,20.149846941961176,20.18365618466461,19.608911955613646,19.7441463470459,248800,0.0,0.0
2018-07-03 00:00:00-04:00,20.25127624300825,20.589360979688248,19.94699946411988,20.521743774414062,269500,0.0,0.0
2018-07-05 00:00:00-04:00,20.52174168538917,20.8598263876536,20.487932441348253,20.65697479248047,317100,0.0,0.0
2018-07-06 00:00:00-04:00,20.48793265684975,21.02886895997713,20.372983805283127,20.724592208862305,315600,0.0,0.0
2018-07-09 00:00:00-04:00,21.028866448775098,21.096483639802734,20.01461245243248,20.18365478515625,813100,0.0,0.0
2018-07-10 00:00:00-04:00,20.31889237359658,20.690786361694336,20.244514607729773,20.690786361694336,415500,0.0,0.0
2018-07-11 00:00:00-04:00,20.758401885705045,21.265528955000534,20.45412512825142,20.859827041625977,714900,0.0,0.0
2018-07-12 00:00:00-04:00,21.23171952188807,21.26552876668955,20.75840170188478,20.995059967041016,548100,0.0,0.0
2018-07-13 00:00:00-04:00,20.82334530372748,21.814932918013305,20.717104014863153,21.74410629272461,440100,1.40756,0.0
2018-07-16 00:00:00-04:00,21.248313052418766,21.46079564257041,20.150484085083008,20.150484085083008,488900,0.0,0.0
2018-07-17 00:00:00-04:00,20.185896297281936,20.292137586555057,19.37137794494629,19.37137794494629,347200,0.0,0.0
2018-07-18 00:00:00-04:00,19.51303475702122,20.787934425486032,19.477621440229743,20.540037155151367,252600,0.0,0.0
2018-07-19 00:00:00-04:00,20.540033496547565,20.561282293396467,19.937997761807345,20.044239044189453,190200,0.0,0.0
2018-07-20 00:00:00-04:00,20.426712920300908,20.610865139665762,20.150485266719347,20.540037155151367,242000,0.0,0.0
2018-07-23 00:00:00-04:00,20.681690899913786,20.681690899913786,19.831757879012173,20.115068435668945,281300,0.0,0.0
2018-07-24 00:00:00-04:00,20.150485084569585,20.362967685260603,19.867173149072993,20.00882911682129,134500,0.0,0.0
2018-07-25 00:00:00-04:00,20.008826779742225,20.079654755343498,19.782178338563174,19.973413467407227,137600,0.0,0.0
2018-07-26 00:00:00-04:00,20.327550548371796,20.327550548371796,19.831756105365194,19.902584075927734,87500,0.0,0.0
2018-07-27 00:00:00-04:00,19.83175770152699,20.008826966719194,19.477619171142578,19.477619171142578,152500,0.0,0.0
2018-07-30 00:00:00-04:00,19.619272715494137,19.902583234840357,19.51303008867458,19.548444747924805,182100,0.0,0.0
2018-07-31 00:00:00-04:00,19.619272715494137,19.73967985508267,19.47761678035547,19.548444747924805,100500,0.0,0.0
2018-08-01 00:00:00-04:00,19.406792251517636,19.477620231637133,19.1943096620905,19.22972297668457,172600,0.0,0.0
2018-08-02 00:00:00-04:00,19.229722834442885,19.796345320276217,18.946412266991892,19.61927604675293,150000,0.0,0.0
2018-08-03 00:00:00-04:00,19.831756591796875,19.987577050111472,19.725515308812774,19.831756591796875,99200,0.0,0.0
2018-08-06 00:00:00-04:00,20.008829297690554,20.540037155151367,19.902587996384682,20.540037155151367,209400,0.0,0.0
2018-08-07 00:00:00-04:00,20.540035811714503,20.646277106071583,20.18589726323667,20.362966537475586,140100,0.0,0.0
2018-08-08 00:00:00-04:00,20.008824900999684,20.122149110948556,19.54844512921601,19.690099716186523,156700,0.0,0.0
2018-08-09 00:00:00-04:00,19.69010053562829,20.115067016087927,19.69010053562829,20.044239044189453,83900,0.0,0.0
2018-08-10 00:00:00-04:00,20.150483459883937,20.646276605165497,20.07965548172048,20.433794021606445,151700,0.0,0.0
2018-08-13 00:00:00-04:00,20.292139124473465,20.476291336938164,19.789263020033676,20.185897827148438,112200,0.0,0.0
2018-08-14 00:00:00-04:00,20.221310645753537,20.68169184106892,20.150484016564732,20.256725311279297,129800,0.0,0.0
2018-08-15 00:00:00-04:00,20.221309920700847,20.306303763983784,19.690102115243576,19.796344757080078,121300,0.0,0.0
2018-08-16 00:00:00-04:00,19.86716978990887,20.072570773321324,19.831756479425234,20.044239044189453,65500,0.0,0.0
2018-08-17 00:00:00-04:00,20.115068310689736,20.752517396939687,20.115068310689736,20.504621505737305,213200,0.0,0.0
2018-08-20 00:00:00-04:00,20.64627209597827,21.014576421244783,20.54003082740205,20.929582595825195,187600,0.0,0.0
2018-08-21 00:00:00-04:00,20.965000209954184,21.134986533840557,20.823344264583266,20.8587589263916,148000,0.0,0.0
2018-08-22 00:00:00-04:00,20.894175484033052,21.149155684949818,20.894175484033052,21.035831451416016,166800,0.0,0.0
2018-08-23 00:00:00-04:00,21.000415373938566,21.142071331809415,20.823346102065678,20.965002059936523,94100,0.0,0.0
2018-08-24 00:00:00-04:00,20.965003202325114,21.000416518256838,20.433795357760783,20.610864639282227,147700,0.0,0.0
2018-08-27 00:00:00-04:00,20.61086309614271,21.035829610163127,20.57544843193108,20.752517700195312,117700,0.0,0.0
2018-08-28 00:00:00-04:00,20.787933419578046,20.915423515348547,20.681692123413086,20.681692123413086,121500,0.0,0.0
2018-08-29 00:00:00-04:00,20.717102812663086,21.248310577090344,20.717102812663086,21.17748260498047,245700,0.0,0.0
2018-08-30 00:00:00-04:00,21.248311444747547,21.531621993824594,21.14207015771006,21.42538070678711,179300,0.0,0.0
2018-08-31 00:00:00-04:00,21.496210866203352,21.88576274190359,21.425382884003835,21.85034942626953,164700,0.0,0.0
2018-09-04 00:00:00-04:00,21.744104279711,22.098242777094363,21.673276310048095,21.956586837768555,228400,0.0,0.0
2018-09-05 00:00:00-04:00,21.885760018136992,21.949505059090104,21.38996690630653,21.49620819091797,177000,0.0,0.0
2018-09-06 00:00:00-04:00,21.4253807679315,21.88576058036196,21.177483530182407,21.31913948059082,138500,0.0,0.0
2018-09-07 00:00:00-04:00,21.24831138470689,21.60244990778534,21.142070097969608,21.5316219329834,132400,0.0,0.0
2018-09-10 00:00:00-04:00,21.673279169769934,22.062831027919326,21.6024511907615,21.81493377685547,176000,0.0,0.0
2018-09-11 00:00:00-04:00,21.99200199569705,22.346140522847925,21.907009505702348,22.062829971313477,219800,0.0,0.0
2018-09-12 00:00:00-04:00,22.098245001018697,22.73569273934286,22.098245001018697,22.381555557250977,289800,0.0,0.0
2018-09-13 00:00:00-04:00,22.346141063537484,23.160660776437727,22.346141063537484,23.019004821777344,238500,0.0,0.0
2018-09-14 00:00:00-04:00,23.019004146997315,23.868937148182027,23.019004146997315,23.40855598449707,262900,0.0,0.0
2018-09-17 00:00:00-04:00,23.302316620123207,24.081420314250995,21.496209285995604,22.275314331054688,723300,0.0,0.0
2018-09-18 00:00:00-04:00,22.381557249921965,23.019006387386383,22.381557249921965,22.700281143188477,156400,0.0,0.0
2018-09-19 00:00:00-04:00,23.01900469428748,23.37314322804575,22.86318287483781,23.231487274169922,135600,0.0,0.0
2018-09-20 00:00:00-04:00,23.160663604736328,23.302319576695236,22.735695688859597,23.160663604736328,154700,0.0,0.0
2018-09-21 00:00:00-04:00,23.302316475319586,23.79810825839494,23.125247209403366,23.4439697265625,307200,0.0,0.0
2018-09-24 00:00:00-04:00,23.72728020804269,23.86893615264229,23.408555008159183,23.55021095275879,168400,0.0,0.0
2018-09-25 00:00:00-04:00,23.868936849266863,24.166411909931785,23.691867588815125,24.116832733154297,202900,0.0,0.0
2018-09-26 00:00:00-04:00,24.258486327003027,24.50638218682605,24.01059046718001,24.081417083740234,186200,0.0,0.0
2018-09-27 00:00:00-04:00,24.258494130588446,24.36473679146765,23.585630249367387,23.798112869262695,237000,0.0,0.0
2018-09-28 00:00:00-04:00,23.798111192270664,24.43556170890018,23.656457923564467,24.400148391723633,133200,0.0,0.0
2018-10-01 00:00:00-04:00,24.470971887813675,25.35631821300131,24.40014526254369,24.980932235717773,303600,0.0,0.0
2018-10-02 00:00:00-04:00,25.143836092786724,26.312494344041575,25.04467773485967,26.02918243408203,563500,0.0,0.0
2018-10-03 00:00:00-04:00,26.10000859134509,26.36915463078097,25.618379974191438,25.951271057128906,351600,0.0,0.0
2018-10-04 00:00:00-04:00,26.20625202519003,26.269997070623102,24.555965127790746,25.306739807128906,417200,0.0,0.0
2018-10-05 00:00:00-04:00,25.250078255409182,25.94418944959159,25.207580659162787,25.92293930053711,225500,0.0,0.0
2018-10-08 00:00:00-04:00,26.347906089372003,26.347906089372003,24.78969608104793,25.0659236907959,475400,0.0,0.0
2018-10-09 00:00:00-04:00,24.973848992863452,26.262915781772325,24.895940782564654,25.908777236938477,520800,0.0,0.0
2018-10-10 00:00:00-04:00,26.092926901025038,26.092926901025038,24.973847853510442,25.22174644470215,465300,0.0,0.0
2018-10-11 00:00:00-04:00,24.903020401226204,25.696289922589152,24.78969618388864,24.839275360107422,451100,0.0,0.0
2018-10-12 00:00:00-04:00,25.625466717166404,26.163756145836345,25.1296721870008,25.78837013244629,712000,0.0,0.0
2018-10-15 00:00:00-04:00,25.43507420227922,26.001934382061798,24.20565225487636,24.48539924621582,572400,1.3801,0.0
2018-10-16 00:00:00-04:00,24.44123103041202,25.78108139168471,24.397059120982885,25.766357421875,303200,0.0,0.0
2018-10-17 00:00:00-04:00,25.766353490638075,25.987207387467326,25.147960894530375,25.847333908081055,229000,0.0,0.0
2018-10-18 00:00:00-04:00,25.486608132389883,25.619121055072288,24.293994636558406,24.809322357177734,332800,0.0,0.0
2018-10-19 00:00:00-04:00,25.685375312817474,25.685375312817474,24.33080107029446,25.251028060913086,335700,0.0,0.0
2018-10-22 00:00:00-04:00,25.523415870222824,25.574951168182324,24.522211208240833,24.581104278564453,364400,0.0,0.0
2018-10-23 00:00:00-04:00,23.92590432088583,24.75042700654027,22.836355784193486,24.34552764892578,450200,0.0,0.0
2018-10-24 00:00:00-04:00,24.573742833218866,24.588466802359196,22.37255859216382,22.40936851501465,511500,0.0,0.0
2018-10-25 00:00:00-04:00,22.46826301959171,23.425298548603795,22.19587520672551,23.152912139892578,234800,0.0,0.0
2018-10-26 00:00:00-04:00,22.45353879120109,23.32959528802118,22.387282334894657,22.88788604736328,193200,0.0,0.0
2018-10-29 00:00:00-04:00,22.887886172199504,23.285423508051405,22.519795370336087,22.80690574645996,134000,0.0,0.0
2018-10-30 00:00:00-04:00,22.490348808340475,23.094018939824245,22.29158083032972,23.057209014892578,132400,0.0,0.0
2018-10-31 00:00:00-04:00,23.05720586640859,23.91117635004188,23.05720586640859,23.292783737182617,198300,0.0,0.0
2018-11-01 00:00:00-04:00,23.189720777042783,23.60198349073736,22.828991955676273,22.895248413085938,191600,0.0,0.0
2018-11-02 00:00:00-04:00,22.93205530298834,23.38848848781386,22.836352318058978,23.123462677001953,96500,0.0,0.0
2018-11-05 00:00:00-05:00,23.233890199146273,23.90381672667862,23.18971969764747,23.79338836669922,125800,0.0,0.0
2018-11-06 00:00:00-05:00,23.601982080148435,23.96270947580083,23.16027145437982,23.21180534362793,116600,0.0,0.0
2018-11-07 00:00:00-05:00,23.528363314511566,24.15411936089397,23.521002734151512,23.947986602783203,146100,0.0,0.0
2018-11-08 00:00:00-05:00,23.800753129725955,23.86700677956821,22.895248669696613,22.946781158447266,228500,0.0,0.0
2018-11-09 00:00:00-05:00,22.799543407097605,22.799543407097605,20.686703023610267,21.268285751342773,635400,0.0,0.0
2018-11-12 00:00:00-05:00,21.224113609582304,22.011827627801708,20.8339368903215,21.356626510620117,251000,0.0,0.0
2018-11-13 00:00:00-05:00,21.150495593311952,21.55539628828208,17.85976457049299,18.57386016845703,848900,0.0,0.0
2018-11-14 00:00:00-05:00,19.148085828338733,19.28059875653186,18.227858720503278,18.42662811279297,353000,0.0,0.0
2018-11-15 00:00:00-05:00,18.06589505478848,18.64011573791504,17.911296206454924,18.64011573791504,325000,0.0,0.0
2018-11-16 00:00:00-05:00,18.993484917723446,20.36278315742734,18.846249438670814,19.957883834838867,300900,0.0,0.0
2018-11-19 00:00:00-05:00,19.957884334865398,20.141929741408514,19.32476768702746,19.530899047851562,232000,0.0,0.0
2018-11-20 00:00:00-05:00,18.96403870447588,19.449918461465877,18.132152687339513,18.264665603637695,328900,0.0,0.0
2018-11-21 00:00:00-05:00,18.470797718870728,19.729667666924147,18.470797718870728,19.376300811767578,222100,0.0,0.0
2018-11-23 00:00:00-05:00,18.58858413645337,18.846247959769837,18.316196345140565,18.57386016845703,194700,0.0,0.0
2018-11-26 00:00:00-05:00,18.956673359355932,19.184889227994557,18.48551765528787,18.618030548095703,237800,0.0,0.0
2018-11-27 00:00:00-05:00,18.662204617395698,19.111274457256847,18.37509282662313,18.706375122070312,243800,0.0,0.0
2018-11-28 00:00:00-05:00,18.64011775650963,18.772630668244382,18.294112912433853,18.41926383972168,176100,0.0,0.0
2018-11-29 00:00:00-05:00,18.41926411384962,19.10391323189862,18.41926411384962,18.860973358154297,191300,0.0,0.0
2018-11-30 00:00:00-05:00,18.699012363527668,19.030294645266874,18.441348522636613,18.551776885986328,159200,0.0,0.0
2018-12-03 00:00:00-05:00,19.251148642240096,20.134567127714146,19.17016962071604,20.00205421447754,309800,0.0,0.0
2018-12-04 00:00:00-05:00,20.127207629813395,20.164016152857776,19.140724047348414,19.221704483032227,183100,0.0,0.0
2018-12-06 00:00:00-05:00,18.82416420574628,20.421678411853506,18.6401187967669,19.545621871948242,298300,0.0,0.0
2018-12-07 00:00:00-05:00,20.1787361147776,20.78240475936602,19.87690179248339,20.186098098754883,215700,0.0,0.0
2018-12-10 00:00:00-05:00,20.156652056886074,20.156652056886074,19.28795892826222,19.795923233032227,169000,0.0,0.0
2018-12-11 00:00:00-05:00,20.164012770289585,20.502657022941005,19.943158860761855,20.068309783935547,132600,0.0,0.0
2018-12-12 00:00:00-05:00,20.33333558057616,20.811853320229837,19.832731888327427,19.854816436767578,210000,0.0,0.0
2018-12-13 00:00:00-05:00,19.876902799121037,20.237631607347232,19.700219387182997,20.215545654296875,113700,0.0,0.0
2018-12-14 00:00:00-05:00,19.898987604159277,20.23763043979814,19.898987604159277,20.090394973754883,108300,0.0,0.0
2018-12-17 00:00:00-05:00,20.00941721824315,20.17137667369609,18.581224442167965,18.75790786743164,274400,0.0,0.0
2018-12-18 00:00:00-05:00,18.559137568887955,18.6548419637659,15.45981368903329,15.489261627197266,945200,0.0,0.0
2018-12-19 00:00:00-05:00,15.496624132494823,15.930971445281038,14.355543065846044,14.465970039367676,801800,0.0,0.0
2018-12-20 00:00:00-05:00,14.164135155530943,14.200945081506408,12.824284741436205,12.846370697021484,1035700,0.0,0.0
2018-12-21 00:00:00-05:00,12.79483581275745,13.921194185847956,12.596067844457355,13.523656845092773,600000,0.0,0.0
2018-12-24 00:00:00-05:00,13.405865162990642,13.405865162990642,12.51508617401123,12.51508617401123,411700,0.0,0.0
2018-12-26 00:00:00-05:00,12.72121842094329,14.61320488856438,12.691770483255745,14.546948432922363,587600,0.0,0.0
2018-12-27 00:00:00-05:00,14.26719994256492,14.907678604125977,13.994813514890453,14.907678604125977,360100,0.0,0.0
2018-12-28 00:00:00-05:00,15.268406371248522,17.10149840544859,15.194787929666575,16.902729034423828,596800,0.0,0.0
2018-12-31 00:00:00-05:00,16.89536813701636,17.256096949429466,15.872074766951659,15.93096923828125,431800,0.0,0.0
2019-01-02 00:00:00-05:00,15.49662229216158,16.86592053285041,14.451244352269516,15.872075080871582,562800,0.0,0.0
2019-01-03 00:00:00-05:00,16.08556975600377,16.542001604670375,15.548157474379662,16.269615173339844,218100,0.0,0.0
2019-01-04 00:00:00-05:00,15.901526938554792,17.59474449322435,15.901526938554792,16.9469051361084,550900,0.0,0.0
2019-01-07 00:00:00-05:00,18.22785808890686,19.61924097841292,17.984918197022388,18.684289932250977,661400,0.0,0.0
2019-01-08 00:00:00-05:00,19.611878828303535,20.61308632784266,19.516175831038215,20.075674057006836,682600,0.0,0.0
2019-01-09 00:00:00-05:00,20.112482199954506,20.171376675046343,18.97876320339794,19.11127471923828,627300,0.0,0.0
2019-01-10 00:00:00-05:00,19.008208368864004,20.06094826389077,19.008208368864004,19.464641571044922,406800,0.0,0.0
2019-01-11 00:00:00-05:00,19.545621738142884,19.722306565209973,19.067103958903335,19.273235321044922,392800,0.0,0.0
2019-01-14 00:00:00-05:00,19.45727980023709,19.876903085147635,18.44134841178054,18.77263069152832,996900,0.0,0.0
2019-01-15 00:00:00-05:00,18.391713714340764,19.035423811274057,18.207796752594408,18.843843460083008,411400,1.00293,0.0
2019-01-16 00:00:00-05:00,18.728899176861415,18.88982600150861,17.012339072412857,17.33419418334961,536300,0.0,0.0
2019-01-17 00:00:00-05:00,17.318865958865484,18.37638897148719,17.257560298157593,17.70969009399414,350500,0.0,0.0
2019-01-18 00:00:00-05:00,17.70969242559071,19.525873776700557,17.70969242559071,19.17336654663086,589400,0.0,0.0
2019-01-22 00:00:00-05:00,19.081405644464816,19.081405644464816,18.06986146722047,18.200136184692383,299400,0.0,0.0
2019-01-23 00:00:00-05:00,18.391715572941226,19.07374122437895,18.23845069184316,18.790203094482422,262700,0.0,0.0
2019-01-24 00:00:00-05:00,18.85150634411596,19.158034605475155,18.476009041245693,18.521987915039062,152900,0.0,0.0
2019-01-25 00:00:00-05:00,18.69057882453257,19.027760656038915,17.816972880073777,18.07752227783203,221700,0.0,0.0
2019-01-28 00:00:00-05:00,17.94724947469286,18.27676795146671,17.510446456324644,18.131166458129883,248900,0.0,0.0
2019-01-29 00:00:00-05:00,18.36106368261251,18.391717246277974,17.84762964599725,18.161821365356445,184400,0.0,0.0
2019-01-30 00:00:00-05:00,18.575634680275062,18.575634680275062,18.169483722008458,18.48367691040039,192000,0.0,0.0
2019-01-31 00:00:00-05:00,18.544981002807617,18.92047836480285,18.445358388653247,18.544981002807617,187200,0.0,0.0
2019-02-01 00:00:00-05:00,18.705907477824773,18.820855409142922,18.506663714773605,18.537317276000977,164200,0.0,0.0
2019-02-04 00:00:00-05:00,18.52199047426281,18.583296135005384,17.824638035200174,17.924259185791016,261700,0.0,0.0
2019-02-05 00:00:00-05:00,18.085186358914278,18.391714643985605,18.01621731206796,18.25377655029297,153000,0.0,0.0
2019-02-06 00:00:00-05:00,18.345737343256957,18.345737343256957,18.016218860370852,18.138830184936523,72700,0.0,0.0
2019-02-07 00:00:00-05:00,18.008553109336123,18.069858763583074,17.66370789067072,17.9778995513916,106500,0.0,0.0
2019-02-08 00:00:00-05:00,17.839964253908036,18.00855445022963,17.625393717246023,17.901269912719727,121400,0.0,0.0
2019-02-11 00:00:00-05:00,17.74800757080581,18.42237137573354,17.62539623566303,18.238452911376953,133900,0.0,0.0
2019-02-12 00:00:00-05:00,18.3840521827221,18.828518583935825,18.246114082062284,18.790203094482422,215600,0.0,0.0
2019-02-13 00:00:00-05:00,18.928142545301082,19.1580384217046,18.843846708520033,19.089069366455078,176800,0.0,0.0
2019-02-14 00:00:00-05:00,19.119722701815462,19.54119895741654,18.943467639586682,19.395597457885742,195200,0.0,0.0
2019-02-15 00:00:00-05:00,19.51054830791524,19.725118893912562,19.27298900810421,19.525875091552734,187000,0.0,0.0
2019-02-19 00:00:00-05:00,19.602504068604897,20.345835403369836,19.541198406579362,20.307519912719727,289900,0.0,0.0
2019-02-20 00:00:00-05:00,20.25387572596736,20.499098350881518,19.955010834558497,20.200233459472656,136600,0.0,0.0
2019-02-21 00:00:00-05:00,20.077626162564467,20.384154505013193,19.832402026963052,20.21556282043457,124200,0.0,0.0
2019-02-22 00:00:00-05:00,20.445459259774417,20.614049475176138,20.33051131919859,20.345836639404297,130800,0.0,0.0
2019-02-25 00:00:00-05:00,20.207901485944756,20.3611649308616,19.77109694074344,19.916698455810547,155600,0.0,0.0
2019-02-26 00:00:00-05:00,19.847727492567103,20.37648976173344,19.847727492567103,19.970338821411133,101800,0.0,0.0
2019-02-27 00:00:00-05:00,20.01631771368999,20.207898083814104,19.94734866351393,20.184907913208008,112000,0.0,0.0
2019-02-28 00:00:00-05:00,20.123599825001538,20.545076003759892,20.123599825001538,20.37648582458496,127300,0.0,0.0
2019-03-01 00:00:00-05:00,20.614050923176617,20.614050923176617,20.27686900704601,20.583398818969727,118800,0.0,0.0
2019-03-04 00:00:00-05:00,20.713668555171083,20.751984041600032,19.70212305072676,20.353496551513672,260100,0.0,0.0
2019-03-05 00:00:00-05:00,20.445457751988936,20.445457751988936,18.943466859418944,18.95879364013672,393700,0.0,0.0
2019-03-06 00:00:00-05:00,18.874495658279553,18.928139384682463,16.88206116443263,17.9778995513916,603300,0.0,0.0
2019-03-07 00:00:00-05:00,17.74034185628572,17.970239175801687,17.295875459192178,17.7020263671875,263500,0.0,0.0
2019-03-08 00:00:00-05:00,17.625395249788497,18.920479049141502,17.441478257361695,18.721235275268555,299800,0.0,0.0
2019-03-11 00:00:00-04:00,19.00477340990458,19.75576962215074,18.951131136524637,19.495220184326172,243300,0.0,0.0
2019-03-12 00:00:00-04:00,19.725116270091675,20.115940431005434,19.54119927583385,20.069961547851562,195600,0.0,0.0
2019-03-13 00:00:00-04:00,20.169581378761425,21.027862090506318,20.11593910833529,20.7596492767334,287800,0.0,0.0
2019-03-14 00:00:00-04:00,20.882260840963752,21.403359693977173,20.744322737325817,21.388032913208008,293400,0.0,0.0
2019-03-15 00:00:00-04:00,21.22710528823309,21.418685655593887,20.897586822509766,20.897586822509766,160100,0.0,0.0
2019-03-18 00:00:00-04:00,20.522089873390797,20.859270274061704,19.67147255818987,19.832399368286133,459900,0.0,0.0
2019-03-19 00:00:00-04:00,19.924359602913206,20.26920487300517,19.77109471361849,19.909032821655273,192500,0.0,0.0
2019-03-20 00:00:00-04:00,19.970335327394398,20.69067785455345,19.92435645253295,20.598718643188477,142100,0.0,0.0
2019-03-21 00:00:00-04:00,20.62171151048909,21.073841313789035,20.56040584876921,20.820955276489258,213800,0.0,0.0
2019-03-22 00:00:00-04:00,20.491438047839647,20.491438047839647,19.77875877330334,19.870718002319336,344500,0.0,0.0
2019-03-25 00:00:00-04:00,19.88604214729796,20.591057937464218,19.79408293047533,20.47610855102539,166000,0.0,0.0
2019-03-26 00:00:00-04:00,20.683017849193362,21.027863121181365,19.771094822324674,19.955013275146484,327700,0.0,0.0
2019-03-27 00:00:00-04:00,19.92435981954247,20.338174148152053,19.92435981954247,20.26920509338379,185200,0.0,0.0
2019-03-28 00:00:00-04:00,20.4454572445689,20.820954592981654,20.307519144816823,20.64470100402832,268600,0.0,0.0
2019-03-29 00:00:00-04:00,20.843944634521574,20.958892563056356,20.384151458740234,20.384151458740234,340900,0.0,0.0
2019-04-01 00:00:00-04:00,20.575729936578792,20.77497367650117,20.384149586073665,20.598718643188477,192300,0.0,0.0
2019-04-02 00:00:00-04:00,20.83628062663257,21.219441351483113,20.73665801965181,21.14280891418457,281400,0.0,0.0
2019-04-03 00:00:00-04:00,21.112157148357053,21.26542203597596,21.020199385099545,21.043188095092773,237600,0.0,0.0
2019-04-04 00:00:00-04:00,21.135146080673316,21.602602645022273,20.30751895167453,21.058513641357422,347100,0.0,0.0
2019-04-05 00:00:00-04:00,20.88992343241827,21.30373626586364,20.882260042326774,20.897586822509766,369800,0.0,0.0
2019-04-08 00:00:00-04:00,18.744223650055304,18.744223650055304,16.905052297087583,17.993228912353516,2205300,0.0,0.0
2019-04-09 00:00:00-04:00,17.8476279890012,18.560305738348994,17.541098227374615,18.069860458374023,503100,0.0,0.0
2019-04-10 00:00:00-04:00,17.931921382948396,18.200134178966866,17.1579365540458,17.265222549438477,818500,0.0,0.0
2019-04-11 00:00:00-04:00,17.211580987180366,17.24223455019125,14.943269943499082,15.357084274291992,1257800,0.0,0.0
2019-04-12 00:00:00-04:00,14.989247988922173,16.629176977323027,14.981584598597607,16.47591209411621,740600,0.0,0.0
2019-04-15 00:00:00-04:00,16.355195611872585,16.464229773931773,15.576376773211987,15.996939659118652,396200,0.345,0.0
2019-04-16 00:00:00-04:00,16.152702225578174,17.02497996174902,15.996939352122716,17.009403228759766,320700,0.0,0.0
2019-04-17 00:00:00-04:00,17.134013521217447,17.134013521217447,16.549899423903216,16.86921501159668,235700,0.0,0.0
2019-04-18 00:00:00-04:00,17.07949960661823,17.204110518287447,16.690090136282127,17.188533782958984,242300,0.0,0.0
2019-04-22 00:00:00-04:00,17.250837258783672,18.09974992551855,17.250837258783672,17.71034049987793,434100,0.0,0.0
2019-04-23 00:00:00-04:00,17.764858938778577,17.803800775604696,17.009405130102095,17.134016036987305,452600,0.0,0.0
2019-04-24 00:00:00-04:00,16.954886281872557,17.445541491053483,16.440865973024337,16.526535034179688,372300,0.0,0.0
2019-04-25 00:00:00-04:00,16.43307687723223,16.81469790865565,16.37855979924017,16.619993209838867,158900,0.0,0.0
2019-04-26 00:00:00-04:00,16.401923971837814,16.73681630290201,15.99693931344947,16.386348724365234,258500,0.0,0.0
2019-04-29 00:00:00-04:00,16.58105357868334,16.58105357868334,16.090396884656247,16.15270233154297,128000,0.0,0.0
2019-04-30 00:00:00-04:00,16.090398130862376,16.238374135733764,15.693200319141791,15.84896469116211,241000,0.0,0.0
2019-05-01 00:00:00-04:00,15.771079654773779,15.911267267159499,15.311576474388973,15.327153205871582,295300,0.0,0.0
2019-05-02 00:00:00-04:00,15.202542717832515,15.342730333840962,14.423723949322392,14.914379119873047,419600,0.0,0.0
2019-05-03 00:00:00-04:00,15.03120305467717,16.16049096963873,14.953322358869384,15.662047386169434,305300,0.0,0.0
2019-05-06 00:00:00-04:00,15.443977861593766,15.887904372024897,15.327155330240164,15.60753059387207,249500,0.0,0.0
2019-05-07 00:00:00-04:00,15.358306528126343,15.724352322624103,15.264849102005343,15.560799598693848,183700,0.0,0.0
2019-05-08 00:00:00-04:00,15.529647906098972,15.83338677483617,15.467342459038035,15.506282806396484,128000,0.0,0.0
2019-05-09 00:00:00-04:00,15.459555998360994,15.553013437734538,15.06235816732539,15.443979263305664,174200,0.0,0.0
2019-05-10 00:00:00-04:00,15.57637712793313,15.6776229256539,15.28821349745557,15.669836044311523,169600,0.0,0.0
2019-05-13 00:00:00-04:00,15.615316078193922,15.685409887830977,15.264848515487602,15.420611381530762,151900,0.0,0.0
2019-05-14 00:00:00-04:00,15.553011236782714,15.841174852610573,15.498494157283147,15.6231050491333,167500,0.0,0.0
2019-05-15 00:00:00-04:00,15.459551659609044,15.778867211230713,15.303787323729733,15.739925384521484,289900,0.0,0.0
2019-05-16 00:00:00-04:00,15.825599299662178,15.981363668827631,15.47513169725858,15.529648780822754,150400,0.0,0.0
2019-05-17 00:00:00-04:00,15.506281277558701,15.755503041230499,15.428399105041542,15.553009986877441,171000,0.0,0.0
2019-05-20 00:00:00-04:00,15.498492216270893,15.61531472706483,15.311575901904835,15.373881340026855,177100,0.0,0.0
2019-05-21 00:00:00-04:00,15.443975003155566,15.529645536848836,14.875437699777413,15.085719108581543,278900,0.0,0.0
2019-05-22 00:00:00-04:00,14.91437930418043,15.062355287960091,14.524969915113166,14.696310997009277,297200,0.0,0.0
2019-05-23 00:00:00-04:00,14.384784035578777,14.431514237458392,13.8240349823354,14.081045150756836,373600,0.0,0.0
2019-05-24 00:00:00-04:00,14.31468829538794,14.797556584927888,13.940855643441543,14.78976821899414,212100,0.0,0.0
2019-05-28 00:00:00-04:00,14.789768778455509,14.984473477727665,14.493818289172577,14.556123733520508,119100,0.0,0.0
2019-05-29 00:00:00-04:00,14.556123895305186,14.602852607715759,14.057678849502778,14.571699142456055,151900,0.0,0.0
2019-05-30 00:00:00-04:00,14.40814786775758,14.859862714462711,14.135560989379883,14.135560989379883,252100,0.0,0.0
2019-05-31 00:00:00-04:00,14.010950088500977,14.291325332950027,13.894127565140199,14.010950088500977,155700,0.0,0.0
2019-06-03 00:00:00-04:00,14.151138672547729,14.571700082326974,13.894128509494001,13.94864559173584,215400,0.0,0.0
2019-06-04 00:00:00-04:00,14.010950137092204,14.665158052756187,14.010950137092204,14.571699142456055,193400,0.0,0.0
2019-06-05 00:00:00-04:00,14.478241386829497,14.774191872639774,14.026526549237634,14.190077781677246,261100,0.0,0.0
2019-06-06 00:00:00-04:00,14.2134428024292,14.306901710083304,13.979797761512351,14.2134428024292,173500,0.0,0.0
2019-06-07 00:00:00-04:00,14.182288668158272,14.478240623851343,14.112196347577147,14.15892505645752,182400,0.0,0.0
2019-06-10 00:00:00-04:00,14.213444196513477,14.39257217781757,13.481354052101377,13.551447868347168,269800,0.0,0.0
2019-06-11 00:00:00-04:00,13.473565974686426,13.979799432998666,13.45020235908865,13.559236526489258,298600,0.0,0.0
2019-06-12 00:00:00-04:00,13.364530669865589,13.668269530619218,12.632440572032772,12.694746017456055,453300,0.0,0.0
2019-06-13 00:00:00-04:00,12.881664149361246,13.169826284327488,12.733688155863458,12.951756477355957,344700,0.0,0.0
2019-06-14 00:00:00-04:00,12.928391550607476,13.037425700283851,12.391006197027423,12.507828712463379,259300,0.0,0.0
2019-06-17 00:00:00-04:00,12.507830248989187,12.74926516075866,12.367643361792654,12.523406982421875,289700,0.0,0.0
2019-06-18 00:00:00-04:00,12.50782950422837,12.67917059082755,12.38321861514477,12.492254257202148,336000,0.0,0.0
2019-06-19 00:00:00-04:00,12.422159819590203,12.484466007452923,11.87698680339223,11.978233337402344,424900,0.0,0.0
2019-06-20 00:00:00-04:00,12.141785058985626,12.188513770467095,11.300660824924405,11.573246955871582,857900,0.0,0.0
2019-06-21 00:00:00-04:00,11.464213393478373,11.97823370279477,11.238355962332092,11.8691987991333,616000,0.0,0.0
2019-06-24 00:00:00-04:00,11.87698782885064,11.884776195848364,11.58882493459088,11.674494743347168,196100,0.0,0.0
2019-06-25 00:00:00-04:00,11.612189869685256,11.869200051460775,11.604401502300641,11.721224784851074,152500,0.0,0.0
2019-06-26 00:00:00-04:00,11.869199668711904,12.352067289892934,11.806894217123356,12.07948112487793,198000,0.0,0.0
2019-06-27 00:00:00-04:00,12.001597693638681,12.141785316535685,11.908139525953843,11.978233337402344,124500,0.0,0.0
2019-06-28 00:00:00-04:00,12.00159798961929,12.118421259161027,11.962656899772044,12.048327445983887,108800,0.0,0.0
2019-07-01 00:00:00-04:00,12.29754930974366,12.453312927369959,11.744587910115662,11.96265697479248,274000,0.0,0.0
2019-07-02 00:00:00-04:00,11.838045085737136,11.915927259374266,11.495365155760561,11.588823318481445,246500,0.0,0.0
2019-07-03 00:00:00-04:00,11.53430726111446,11.588824341830902,11.37854290008545,11.37854290008545,141200,0.0,0.0
2019-07-05 00:00:00-04:00,11.3863324147086,11.822471332632277,11.378544047323985,11.721224784851074,266900,0.0,0.0
2019-07-08 00:00:00-04:00,12.157362273468465,12.375432091484972,11.74458848100934,11.822470664978027,515500,0.0,0.0
2019-07-09 00:00:00-04:00,11.84583374679193,12.320912938144723,11.84583374679193,12.274184226989746,377700,0.0,0.0
2019-07-10 00:00:00-04:00,12.570135418877882,12.912816119413108,12.344278731021708,12.764840126037598,513700,0.0,0.0
2019-07-11 00:00:00-04:00,12.873875069736982,12.881663435855899,12.305336969627149,12.461100578308105,443400,0.0,0.0
2019-07-12 00:00:00-04:00,12.585713099454356,12.702535635449117,12.320914558944025,12.359855651855469,646900,0.0,0.0
2019-07-15 00:00:00-04:00,12.384867482178125,12.43327695554823,11.957246107165524,12.070202827453613,355600,0.551,0.0
2019-07-16 00:00:00-04:00,12.005655244085291,12.102474951361629,11.723263854105001,11.787810325622559,236400,0.0,0.0
2019-07-17 00:00:00-04:00,11.73133304201787,11.844289758512025,11.126209259033203,11.126209259033203,410300,0.0,0.0
2019-07-18 00:00:00-04:00,11.126208969550806,11.190755443166754,10.38392375351273,10.513016700744629,516700,0.0,0.0
2019-07-19 00:00:00-04:00,10.319377343053489,10.650178214723462,10.319377343053489,10.496880531311035,273400,0.0,0.0
2019-07-22 00:00:00-04:00,10.383923501707201,10.561426684574018,9.359247680810947,9.383452415466309,769600,0.0,0.0
2019-07-23 00:00:00-04:00,9.335042807961091,9.980508341571069,9.335042807961091,9.504477500915527,363700,0.0,0.0
2019-07-24 00:00:00-04:00,9.504477028179068,9.665843211191811,9.335042343652026,9.48027229309082,172500,0.0,0.0
2019-07-25 00:00:00-04:00,9.496410073378446,9.536751045342454,8.794465773274863,8.850944519042969,331400,0.0,0.0
2019-07-26 00:00:00-04:00,8.746055644183382,8.794465114696912,7.229211974393768,7.326031684875488,1054700,0.0,0.0
2019-07-29 00:00:00-04:00,7.156596697870263,7.180801432107989,6.091579157954779,6.664429664611816,1245400,0.0,0.0
2019-07-30 00:00:00-04:00,6.648293395236432,7.656833076654144,6.648293395236432,7.543877124786377,722500,0.0,0.0
2019-07-31 00:00:00-04:00,7.406714543786038,8.374912337288658,7.34216807551617,7.915018558502197,830200,0.0,0.0
2019-08-01 00:00:00-04:00,7.664901140243627,7.713311380742062,6.938752918949782,7.148528575897217,540000,0.0,0.0
2019-08-02 00:00:00-04:00,7.422851567329992,7.866609161076527,7.205007406062768,7.398646831512451,266000,0.0,0.0
2019-08-05 00:00:00-04:00,7.358304506385943,7.358304506385943,7.027503655214098,7.309895038604736,234800,0.0,0.0
2019-08-06 00:00:00-04:00,7.406714763530495,7.527739202763435,6.882273731460309,6.914546966552734,302400,0.0,0.0
2019-08-07 00:00:00-04:00,6.898410676150051,6.922615409903669,6.664429531319446,6.8822736740112305,177400,0.0,0.0
2019-08-08 00:00:00-04:00,6.946820924638662,7.293758815080916,6.882274447736108,7.261485576629639,168200,0.0,0.0
2019-08-09 00:00:00-04:00,7.422851227559135,7.4631929650449,7.164665338777661,7.205007076263428,222900,0.0,0.0
2019-08-12 00:00:00-04:00,7.180801709326747,7.430919870954624,7.019435525754564,7.035572528839111,167700,0.0,0.0
2019-08-13 00:00:00-04:00,7.140461012403359,7.317963436363976,6.882274339402548,7.22114372253418,300400,0.0,0.0
2019-08-14 00:00:00-04:00,7.059777467050106,7.100119206467043,6.77738606058623,6.87420654296875,339200,0.0,0.0
2019-08-15 00:00:00-04:00,6.882274421625688,6.979094136612199,6.688634991652667,6.704771995544434,212700,0.0,0.0
2019-08-16 00:00:00-04:00,6.680565966952908,6.825795912795787,6.454653316328701,6.511131286621094,305500,0.0,0.0
2019-08-19 00:00:00-04:00,6.591814549188878,7.16466504339657,6.575677547078002,7.116254806518555,263500,0.0,0.0
2019-08-20 00:00:00-04:00,7.180801648005974,7.180801648005974,6.874206286564339,7.027503967285156,136100,0.0,0.0
2019-08-21 00:00:00-04:00,7.1001190205798395,7.148528491049018,6.825796123072295,6.850000858306885,141300,0.0,0.0
2019-08-22 00:00:00-04:00,6.777385542604337,6.93068398678147,6.656361103057861,6.656361103057861,205300,0.0,0.0
2019-08-23 00:00:00-04:00,6.656361232463973,6.80965891016674,6.462721817643225,6.511131286621094,193700,0.0,0.0
2019-08-26 00:00:00-04:00,6.5111312179679075,6.6482926610500375,6.2045354810677935,6.228740215301514,505800,0.0,0.0
2019-08-27 00:00:00-04:00,6.293287122201435,6.398174945947182,5.889871290899479,5.986690998077393,467500,0.0,0.0
2019-08-28 00:00:00-04:00,5.9382812204546065,6.519199855680874,5.930212719056238,6.470790386199951,282600,0.0,0.0
2019-08-29 00:00:00-04:00,6.390107121489675,7.148528580446956,6.390107121489675,7.124323844909668,314500,0.0,0.0
2019-08-30 00:00:00-04:00,7.205007036320223,7.205007036320223,6.938752647626733,6.962957382202148,194800,0.0,0.0
2019-09-03 00:00:00-04:00,6.777385835842393,6.801591340362688,6.470790473131869,6.769318103790283,227700,0.0,0.0
2019-09-04 00:00:00-04:00,6.858069875477707,7.003299836713333,6.616020196569903,6.640224933624268,138700,0.0,0.0
2019-09-05 00:00:00-04:00,6.7370451392446435,7.067846019832461,6.696703399536564,6.930684566497803,229500,0.0,0.0
2019-09-06 00:00:00-04:00,6.906479108932731,7.140460251449884,6.817727136955966,7.083981513977051,226300,0.0,0.0
2019-09-09 00:00:00-04:00,7.100119706000624,7.7455852737197235,7.092051203658635,7.4067158699035645,433700,0.0,0.0
2019-09-10 00:00:00-04:00,7.568081026741184,7.721378702843968,7.148528196220505,7.447055816650391,430500,0.0,0.0
2019-09-11 00:00:00-04:00,7.511603196209666,7.5600126655791895,7.05977712185115,7.253416538238525,394600,0.0,0.0
2019-09-12 00:00:00-04:00,7.180801323461361,7.382509234451338,7.059776884649221,7.358304500579834,128200,0.0,0.0
2019-09-13 00:00:00-04:00,7.41478369359552,7.543877424284066,7.188871011436366,7.51967191696167,180100,0.0,0.0
2019-09-16 00:00:00-04:00,8.068317527929556,8.673441342524274,8.027975786398965,8.399118423461914,776400,0.0,0.0
2019-09-17 00:00:00-04:00,8.181272932479052,8.302297368121407,7.826266587540181,7.915018558502197,339700,0.0,0.0
2019-09-18 00:00:00-04:00,7.793993527944772,8.027974673026492,7.584217116642647,7.850471496582031,190300,0.0,0.0
2019-09-19 00:00:00-04:00,7.850472330271479,7.95536054706126,7.4793304747218325,7.495466709136963,330900,0.0,0.0
2019-09-20 00:00:00-04:00,7.495466079148887,7.648763755754204,7.164665222167968,7.164665222167969,232700,0.0,0.0
2019-09-23 00:00:00-04:00,7.059777399569374,7.422851511942007,7.035572663932443,7.366373538970947,229700,0.0,0.0
2019-09-24 00:00:00-04:00,7.366373027301308,7.366373027301308,6.6240878507209064,6.914546966552734,272100,0.0,0.0
2019-09-25 00:00:00-04:00,6.914548096822041,7.487398690443144,6.898411861365469,7.471262454986572,141500,0.0,0.0
2019-09-26 00:00:00-04:00,7.447056303147534,7.479330310177159,7.083982188065706,7.398646831512451,140800,0.0,0.0
2019-09-27 00:00:00-04:00,7.374441929155352,7.519671110235515,7.148528501777922,7.3018269538879395,134400,0.0,0.0
2019-09-30 00:00:00-04:00,7.455124739926784,7.487397977220441,7.261485316164843,7.414783000946045,163300,0.0,0.0
2019-10-01 00:00:00-04:00,7.447055467228415,7.5680806716406055,7.1404601294085515,7.229211330413818,209300,0.0,0.0
2019-10-02 00:00:00-04:00,7.180801505091518,7.4631928954021,7.180801505091518,7.24534797668457,173500,0.0,0.0
2019-10-03 00:00:00-04:00,7.2614849793101515,7.4631928954021,7.10818730164031,7.24534797668457,232200,0.0,0.0
2019-10-04 00:00:00-04:00,7.2776222987067225,7.342168773109272,7.075914373835091,7.124323844909668,146300,0.0,0.0
2019-10-07 00:00:00-04:00,7.124323667840608,7.156596904239759,6.454653435467253,6.527268409729004,657500,0.0,0.0
2019-10-08 00:00:00-04:00,6.527268232088146,6.664429675415322,6.3094236999589,6.47885799407959,288100,0.0,0.0
2019-10-09 00:00:00-04:00,6.559541702270508,6.624088175621255,6.414311752504001,6.559541702270508,159700,0.0,0.0
2019-10-10 00:00:00-04:00,6.575678123683957,7.019435717735164,6.535337153778585,6.922616004943848,301100,0.0,0.0
2019-10-11 00:00:00-04:00,7.059777379585846,7.172734094662901,6.728976505483714,7.07591438293457,288700,0.0,0.0
2019-10-14 00:00:00-04:00,7.156596361657422,7.253416063514419,6.962956957943426,7.229211330413818,280100,0.0,0.0
2019-10-15 00:00:00-04:00,7.261485576629639,7.35830529198347,7.229212338178361,7.261485576629639,418800,0.0,0.0
2019-10-16 00:00:00-04:00,7.229211743513625,7.422851158292784,7.180801505091518,7.24534797668457,559400,0.0,0.0
2019-10-17 00:00:00-04:00,7.115443334537913,7.3333487462517155,6.746681006405895,7.1908721923828125,397100,0.335,0.0
2019-10-18 00:00:00-04:00,7.274682107309172,7.274682107309172,6.746680909268515,6.805347442626953,319000,0.0,0.0
2019-10-21 00:00:00-04:00,6.805347075804201,6.998109788161216,6.771823230081876,6.8807759284973145,263900,0.0,0.0
2019-10-22 00:00:00-04:00,6.972966572941151,7.19925313973467,6.83049002331669,7.040014266967773,267800,0.0,0.0
2019-10-23 00:00:00-04:00,6.956204873599394,7.199252958132879,6.872394858544452,7.1489667892456055,231800,0.0,0.0
2019-10-24 00:00:00-04:00,7.182490555499804,7.190871716766356,6.838870936286476,6.85563325881958,188500,0.0,0.0
2019-10-25 00:00:00-04:00,6.8556333553754625,6.872394878873108,6.704775647538943,6.788585662841797,289700,0.0,0.0
2019-10-28 00:00:00-04:00,6.755062054995727,7.006490511235403,6.755062054995727,6.8304901123046875,224100,0.0,0.0
2019-10-29 00:00:00-04:00,6.872395533039671,6.931062869044686,6.738300135208125,6.84725284576416,163300,0.0,0.0
2019-10-30 00:00:00-04:00,6.889157352630552,6.889157352630552,6.671251947484579,6.729918479919434,216200,0.0,0.0
2019-10-31 00:00:00-04:00,6.704775965299494,6.746680974936932,6.453346706746447,6.520394802093506,229100,0.0,0.0
2019-11-01 00:00:00-04:00,6.587442481303709,6.679632862857878,6.503632861874561,6.54553747177124,137300,0.0,0.0
2019-11-04 00:00:00-05:00,6.595823195750736,6.939442832744281,6.595823195750736,6.805347442626953,263500,0.0,0.0
2019-11-05 00:00:00-05:00,6.813728513070714,6.864013884055453,6.62934695449303,6.704775810241699,190600,0.0,0.0
2019-11-06 00:00:00-05:00,6.68801379440066,6.7466807257994965,6.537156484621074,6.604204177856445,229900,0.0,0.0
2019-11-07 00:00:00-05:00,6.637728292764118,6.69639482689842,6.302489413401486,6.4533467292785645,334700,0.0,0.0
2019-11-08 00:00:00-05:00,6.377918368181938,6.411442216664603,6.143251029167483,6.2438225746154785,364100,0.0,0.0
2019-11-11 00:00:00-05:00,6.218679100768293,6.411441404957242,6.218679100768293,6.369536399841309,110000,0.0,0.0
2019-11-12 00:00:00-05:00,6.41982250411883,6.41982250411883,6.168393659096024,6.218679428100586,153400,0.0,0.0
2019-11-13 00:00:00-05:00,6.201918125152588,6.319251597893961,6.067822328098067,6.201918125152588,150900,0.0,0.0
2019-11-14 00:00:00-05:00,6.126488672741012,6.1851556032649935,5.916964434687069,5.984012126922607,298400,0.0,0.0
2019-11-15 00:00:00-05:00,5.975631143262577,6.092964600316739,5.950488059790236,6.0426788330078125,123200,0.0,0.0
2019-11-18 00:00:00-05:00,5.984012635983806,6.0007745604686304,5.447630652833599,5.506297588348389,457500,0.0,0.0
2019-11-19 00:00:00-05:00,5.481154791645761,5.657155207861197,5.3973451647897965,5.472774028778076,178500,0.0,0.0
2019-11-20 00:00:00-05:00,5.380583014865894,5.481154562895808,5.11239182048365,5.246487617492676,334300,0.0,0.0
2019-11-21 00:00:00-05:00,5.187820374231505,5.238106145269801,4.693343026234585,4.85258150100708,539000,0.0,0.0
2019-11-22 00:00:00-05:00,5.020201120298046,5.129153832333517,4.877724957985294,5.062106132507324,247300,0.0,0.0
2019-11-25 00:00:00-05:00,5.028582375281731,5.2800116539001465,5.028582375281731,5.2800116539001465,204100,0.0,0.0
2019-11-26 00:00:00-05:00,5.288392573039566,5.321916424561541,5.112392152731277,5.1207733154296875,148800,0.0,0.0
2019-11-27 00:00:00-05:00,5.078867573790783,5.263249130389517,5.070486811928537,5.229724884033203,103600,0.0,0.0
2019-11-29 00:00:00-05:00,5.187821046600699,5.313535690307617,5.120773343193232,5.313535690307617,70900,0.0,0.0
2019-12-02 00:00:00-05:00,5.296773706444784,5.4476310374593755,5.238106766787861,5.288392543792725,130500,0.0,0.0
2019-12-03 00:00:00-05:00,5.145915653102282,5.313535298909835,5.087249116760074,5.129153728485107,114400,0.0,0.0
2019-12-04 00:00:00-05:00,5.129153965746494,5.405725934541281,5.129153965746494,5.330297470092773,112100,0.0,0.0
2019-12-05 00:00:00-05:00,5.30515409415646,5.430868727593057,5.30515409415646,5.363821029663086,129900,0.0,0.0
2019-12-06 00:00:00-05:00,5.330297396157105,5.7409647623958975,5.330297396157105,5.732583999633789,192600,0.0,0.0
2019-12-09 00:00:00-05:00,5.699059577897995,5.808011880696227,5.497916096509377,5.799631118774414,128700,0.0,0.0
2019-12-10 00:00:00-05:00,5.782869483518935,5.9085841156980905,5.707440624284283,5.766107559204102,146900,0.0,0.0
2019-12-11 00:00:00-05:00,5.740964277818237,5.766107363253948,5.556583116620904,5.590106964111328,125900,0.0,0.0
2019-12-12 00:00:00-05:00,5.564963781285937,5.740964177348461,5.564963781285937,5.657154560089111,112600,0.0,0.0
2019-12-13 00:00:00-05:00,5.7158216314452766,5.7158216314452766,5.447630450036152,5.497916221618652,215800,0.0,0.0
2019-12-16 00:00:00-05:00,5.464392854261652,5.5482024809333685,5.305154363767477,5.355440139770508,296300,0.0,0.0
2019-12-17 00:00:00-05:00,5.363821014825224,5.740964514455923,5.330297165952976,5.673916816711426,265600,0.0,0.0
2019-12-18 00:00:00-05:00,5.506296927323489,5.824773454302409,5.506296927323489,5.808011531829834,232400,0.0,0.0
2019-12-19 00:00:00-05:00,5.749345017124554,6.05105962237246,5.749345017124554,5.7828688621521,301500,0.0,0.0
2019-12-20 00:00:00-05:00,5.715821766864154,5.90020293370167,5.648773670196533,5.648773670196533,241200,0.0,0.0
2019-12-23 00:00:00-05:00,5.665535435569011,5.858297345714702,5.61524926811667,5.690678119659424,261100,0.0,0.0
2019-12-24 00:00:00-05:00,5.632011475093417,5.8666788030553745,5.632011475093417,5.657154560089111,115900,0.0,0.0
2019-12-26 00:00:00-05:00,5.657154621336099,5.7912500104028375,5.640392697702757,5.682297706604004,182100,0.0,0.0
2019-12-27 00:00:00-05:00,5.657154597001139,5.690678444123617,5.456011514266274,5.5649638175964355,329200,0.0,0.0
2019-12-30 00:00:00-05:00,5.497916139077847,5.657154613182996,5.489535377091146,5.539821147918701,264100,0.0,0.0
2019-12-31 00:00:00-05:00,5.539821381135942,5.774488321543619,5.338677889722135,5.766107559204102,369000,0.0,0.0
2020-01-02 00:00:00-05:00,5.7912501498257,6.017536324141495,5.665535919366986,5.9756317138671875,289700,0.0,0.0
2020-01-03 00:00:00-05:00,6.067821721451135,6.285727120106667,5.88344056843441,6.218679428100586,504700,0.0,0.0
2020-01-06 00:00:00-05:00,6.520394760309079,6.981347865188035,6.386298970110074,6.9226813316345215,1363100,0.0,0.0
2020-01-07 00:00:00-05:00,7.006490828103341,7.308206268070518,6.931062767383152,7.199253559112549,950800,0.0,0.0
2020-01-08 00:00:00-05:00,7.484206066089374,7.484206066089374,6.872394873140579,7.123824119567871,724400,0.0,0.0
2020-01-09 00:00:00-05:00,7.123824300146036,7.132205461736088,6.914300056024094,7.014871597290039,355500,0.0,0.0
2020-01-10 00:00:00-05:00,7.014871261190306,7.308205508615284,7.014871261190306,7.207633972167969,351400,0.0,0.0
2020-01-13 00:00:00-05:00,7.408777169049017,7.710491783440179,7.2914433082611305,7.593158721923828,948400,0.0,0.0
2020-01-14 00:00:00-05:00,7.735634819952378,7.852968686076318,7.635063277248246,7.710492134094238,830200,0.0,0.0
2020-01-15 00:00:00-05:00,7.811064720153809,7.9451601283376485,7.727255489674747,7.811064720153809,878500,0.0,0.0
2020-01-16 00:00:00-05:00,7.595064927059751,7.717991140266641,7.024337814572281,7.314091682434082,840700,0.424,0.0
2020-01-17 00:00:00-05:00,7.226286814449168,7.366774268094635,7.199945783238392,7.208726406097412,337300,0.0,0.0
2020-01-21 00:00:00-05:00,7.208727050407511,7.235068083972626,6.681901773590223,6.76092529296875,814600,0.0,0.0
2020-01-22 00:00:00-05:00,6.760925234439675,6.9892164230046605,6.594097573483018,6.7170233726501465,413200,0.0,0.0
2020-01-23 00:00:00-05:00,6.734583915933101,6.752144743641951,6.084832453339318,6.3394646644592285,628700,0.0,0.0
2020-01-24 00:00:00-05:00,6.365806463448378,6.365806463448378,6.13751527206713,6.321904182434082,218600,0.0,0.0
2020-01-27 00:00:00-05:00,6.146295283600954,6.321903552802011,6.0848321800390135,6.111173629760742,308500,0.0,0.0
2020-01-28 00:00:00-05:00,6.146295582294949,6.374586762033822,6.111173926747917,6.242880344390869,211700,0.0,0.0
2020-01-29 00:00:00-05:00,6.3219036009277225,6.46239063604117,6.286781946820146,6.427268981933594,152900,0.0,0.0
2020-01-30 00:00:00-05:00,6.392147335282402,6.717022845498018,6.392147335282402,6.646779537200928,255900,0.0,0.0
2020-01-31 00:00:00-05:00,6.664340676846177,6.699462332641998,6.427269290882799,6.532634258270264,188700,0.0,0.0
2020-02-03 00:00:00-05:00,6.497512887808084,6.5677562024844125,6.295563148772049,6.321904182434082,199800,0.0,0.0
2020-02-04 00:00:00-05:00,6.427269025590992,6.436049229835954,6.260440958105249,6.27800178527832,215500,0.0,0.0
2020-02-05 00:00:00-05:00,6.2867820271103785,6.436049268315482,6.2780018228129215,6.374586582183838,199000,0.0,0.0
2020-02-06 00:00:00-05:00,6.409708744462674,6.409708744462674,6.313123977441132,6.321904182434082,144500,0.0,0.0
2020-02-07 00:00:00-05:00,6.321903941229927,6.488732016562685,6.321903941229927,6.409708499908447,117600,0.0,0.0
2020-02-10 00:00:00-05:00,6.409708154879806,6.532633944256323,6.40092753201134,6.427268981933594,102200,0.0,0.0
2020-02-11 00:00:00-05:00,6.497512373130275,6.515073200408337,6.339464508944566,6.374586582183838,186000,0.0,0.0
2020-02-12 00:00:00-05:00,6.409708730274869,6.444830387535292,6.348245620727539,6.348245620727539,97700,0.0,0.0
2020-02-13 00:00:00-05:00,6.357025597228069,6.453610360564543,6.357025597228069,6.409708499908447,74300,0.0,0.0
2020-02-14 00:00:00-05:00,6.444830417633057,6.541414766208684,6.37458710278417,6.444830417633057,94700,0.0,0.0
2020-02-18 00:00:00-05:00,6.444830389546699,6.5765363949728,6.444830389546699,6.541414737701416,131900,0.0,0.0
2020-02-19 00:00:00-05:00,6.54141434384962,6.576535999006366,6.462390829088521,6.488731861114502,85400,0.0,0.0
2020-02-20 00:00:00-05:00,6.4887321938018525,6.541414679238083,6.409708674989094,6.4975128173828125,105600,0.0,0.0
2020-02-21 00:00:00-05:00,6.462390899658203,6.515073382968617,6.3833669653510015,6.462390899658203,72600,0.0,0.0
2020-02-24 00:00:00-05:00,6.339465054384054,6.365806506909107,6.19019821901937,6.198978424072266,256300,0.0,0.0
2020-02-25 00:00:00-05:00,6.190198233612829,6.278002377764697,5.759957299243902,5.786298751831055,311000,0.0,0.0
2020-02-26 00:00:00-05:00,5.970687402514332,6.005809058637567,5.786298498525763,5.944345951080322,254200,0.0,0.0
2020-02-27 00:00:00-05:00,5.7950783284955305,6.005808670291933,5.663371917208172,5.865321636199951,248700,0.0,0.0
2020-02-28 00:00:00-05:00,5.707274960419143,5.847761594696991,5.514105838287101,5.584349155426025,352200,0.0,0.0
2020-03-02 00:00:00-05:00,5.584348507990573,5.961906503180756,5.584348507990573,5.93556547164917,248900,0.0,0.0
2020-03-03 00:00:00-05:00,6.102394227642145,6.102394227642145,5.3560583062207865,5.540447235107422,327200,0.0,0.0
2020-03-04 00:00:00-05:00,5.68971428939332,5.7160557433947,5.356058105019616,5.382399559020996,332300,0.0,0.0
2020-03-05 00:00:00-05:00,5.356057741210595,5.356057741210595,4.952158265178936,5.083864688873291,429900,0.0,0.0
2020-03-06 00:00:00-05:00,4.978499945570895,5.162888863457461,4.829232686454798,5.022401809692383,244700,0.0,0.0
2020-03-09 00:00:00-04:00,3.845825606229372,4.662404843709628,3.731679999867111,4.284846782684326,489900,0.0,0.0
2020-03-10 00:00:00-04:00,4.6185026461339485,4.653624304237514,4.355089791674017,4.56581974029541,249400,0.0,0.0
2020-03-11 00:00:00-04:00,4.390211333011933,4.495576304520256,4.047774966268292,4.1355791091918945,238000,0.0,0.0
2020-03-12 00:00:00-04:00,3.8546053681381305,4.021433446220701,3.6702164617670356,3.7492403984069824,291600,0.0,0.0
2020-03-13 00:00:00-04:00,4.082896326793081,4.161919840341246,3.784361843859808,4.003872394561768,263300,0.0,0.0
2020-03-16 00:00:00-04:00,3.8194837345010035,3.951190156797557,3.643875450561049,3.7843620777130127,348600,0.0,0.0
2020-03-17 00:00:00-04:00,3.7580210274216626,3.951190138879626,3.599973153909247,3.9424095153808594,271000,0.0,0.0
2020-03-18 00:00:00-04:00,3.714118604035003,3.749240259309028,2.4321769304836107,2.9765632152557373,665200,0.0,0.0
2020-03-19 00:00:00-04:00,2.871198090230871,4.012653162619016,2.871198090230871,3.8633859157562256,475100,0.0,0.0
2020-03-20 00:00:00-04:00,4.021433385406719,4.390211192572081,3.5121689540576644,3.6175339221954346,302900,0.0,0.0
2020-03-23 00:00:00-04:00,3.5121689787123733,3.845825132174009,3.1609519971045024,3.520949602127075,316200,0.0,0.0
2020-03-24 00:00:00-04:00,3.8721660732880827,3.9511900074149935,3.529729723210068,3.573632001876831,193100,0.0,0.0
2020-03-25 00:00:00-04:00,3.5560711212496683,4.346308776031237,3.5472904981736653,4.100457191467285,284500,0.0,0.0
2020-03-26 00:00:00-04:00,4.5043571996321035,5.004841053802423,4.28484661975159,4.679965496063232,499700,0.0,0.0
2020-03-27 00:00:00-04:00,4.60972195007674,4.829232519128014,4.109237701913891,4.741428375244141,436300,0.0,0.0
2020-03-30 00:00:00-04:00,4.319967976339515,4.55703936925165,4.170700725490545,4.258504867553711,237900,0.0,0.0
2020-03-31 00:00:00-04:00,4.390211545003808,4.715087098850122,4.2760659443497415,4.636063575744629,352500,0.0,0.0
2020-04-01 00:00:00-04:00,4.372650646778532,4.829232623528439,4.311187535389494,4.662404537200928,326000,0.0,0.0
2020-04-02 00:00:00-04:00,5.127766955699286,5.37361855515482,4.390211319966326,5.110206127166748,571100,0.0,0.0
2020-04-03 00:00:00-04:00,5.215571103721664,5.391179389227506,4.495576295781353,4.5482587814331055,465300,0.0,0.0
2020-04-06 00:00:00-04:00,3.450706019287734,4.29362638345231,3.450706019287734,3.8282642364501953,708200,0.0,0.0
2020-04-07 00:00:00-04:00,4.074115945838976,4.074115945838976,3.512169019888159,3.7228989601135254,477200,0.0,0.0
2020-04-08 00:00:00-04:00,3.5648512472142087,3.8019226221696343,3.4331450440954008,3.5560710430145264,356200,0.0,0.0
2020-04-09 00:00:00-04:00,3.599973022647646,3.687777161017948,3.3629016397062514,3.5121688842773438,455500,0.0,0.0
2020-04-13 00:00:00-04:00,3.494608227440523,3.5911929937110716,3.33656056130609,3.406804084777832,356900,0.0,0.0
2020-04-14 00:00:00-04:00,3.4068038034716395,3.6175337284617317,3.4068038034716395,3.5560710430145264,524500,0.0,0.0
2020-04-15 00:00:00-04:00,3.5297297009890207,3.8458250168235595,3.4858276319402175,3.6702163219451904,530500,0.0,0.0
2020-04-16 00:00:00-04:00,3.6877776422324544,4.091677150123454,3.6438757766601704,4.0214338302612305,285900,0.0,0.0
2020-04-17 00:00:00-04:00,4.038994427713965,4.258504998988455,3.8633861381676495,4.082896709442139,385500,0.0,0.0
2020-04-20 00:00:00-04:00,3.854605246328253,3.854605246328253,3.5297297239153935,3.7053380012512207,647400,0.0,0.0
2020-04-21 00:00:00-04:00,3.6877773122044504,3.8107035296455933,3.661436278955044,3.7843620777130127,436000,0.0,0.0
2020-04-22 00:00:00-04:00,3.951190031303921,3.951190031303921,3.7843619575179983,3.8282642364501953,210500,0.0,0.0
2020-04-23 00:00:00-04:00,3.8633860376044478,3.9160685230970276,3.7931427236143413,3.819483757019043,144300,0.0,0.0
2020-04-24 00:00:00-04:00,3.6877771251489273,3.740460026341848,3.582412160129393,3.63509464263916,388700,0.0,0.0
2020-04-27 00:00:00-04:00,3.766801261926807,4.126798454550242,3.678997119662942,4.038994312286377,410900,0.0,0.0
2020-04-28 00:00:00-04:00,4.100457291061368,4.100457291061368,3.758020937759869,3.8019227981567383,204600,0.0,0.0
2020-04-29 00:00:00-04:00,3.986311567252937,4.082896326793081,3.8458249487822904,4.003872394561768,182500,0.0,0.0
2020-04-30 00:00:00-04:00,4.0038723443033035,4.038993998480103,3.8458249005077114,3.933629035949707,142400,0.0,0.0
2020-05-01 00:00:00-04:00,3.7931428524875406,3.9511903143349913,3.740460365205057,3.8370447158813477,117700,0.0,0.0
2020-05-04 00:00:00-04:00,3.7580209855129345,3.872166158941765,3.687777254355665,3.740460157394409,68700,0.0,0.0
2020-05-05 00:00:00-04:00,3.7755818728576025,3.9950924371241334,3.7755818728576025,3.7843620777130127,131700,0.0,0.0
2020-05-06 00:00:00-04:00,3.775581833823115,3.9687509441599538,3.758021005610675,3.907287836074829,116900,0.0,0.0
2020-05-07 00:00:00-04:00,3.819483602207965,3.9687508477284386,3.7141186354934517,3.766801118850708,136000,0.0,0.0
2020-05-08 00:00:00-04:00,3.801922873738242,4.038994264380393,3.661436247782351,3.687777280807495,186200,0.0,0.0
2020-05-11 00:00:00-04:00,4.0565551271615305,4.144359269131508,3.749240420925022,3.7843620777130127,248200,0.0,0.0
2020-05-12 00:00:00-04:00,3.7843619575179983,3.9599706545636253,3.740460097268963,3.8282642364501953,101000,0.0,0.0
2020-05-13 00:00:00-04:00,3.8809469092740043,3.8809469092740043,3.687777374969198,3.6965579986572266,114200,0.0,0.0
2020-05-14 00:00:00-04:00,3.7316795836311694,3.766801240335397,3.608753785166372,3.7228989601135254,61700,0.0,0.0
2020-05-15 00:00:00-04:00,3.6614362498783017,3.977531577143172,3.6614362498783017,3.9687509536743164,133900,0.0,0.0
2020-05-18 00:00:00-04:00,3.951189983233199,4.038994121346195,3.8721660495899255,3.8897268772125244,167800,0.0,0.0
2020-05-19 00:00:00-04:00,3.8194836131904917,3.924848580207971,3.7755817529414557,3.8282642364501953,92500,0.0,0.0
2020-05-20 00:00:00-04:00,3.8107035296455933,3.8897270480769857,3.749240420925022,3.7843620777130127,68100,0.0,0.0
2020-05-21 00:00:00-04:00,3.784361922566859,3.845825028767649,3.7053379886920084,3.7316794395446777,79800,0.0,0.0
2020-05-22 00:00:00-04:00,3.7755819371167547,3.7755819371167547,3.6614363412714765,3.6965579986572266,79200,0.0,0.0
2020-05-26 00:00:00-04:00,3.6438753604888916,3.731679500288458,3.573632048649239,3.6438753604888916,191200,0.0,0.0
2020-05-27 00:00:00-04:00,3.6877773303855803,3.7492404394091716,3.5911929830840217,3.626314640045166,110200,0.0,0.0
2020-05-28 00:00:00-04:00,3.643875399150721,3.678997055443191,3.520949602127075,3.520949602127075,150900,0.0,0.0
2020-05-29 00:00:00-04:00,3.5297297357907103,3.670216358132021,3.5121689079980465,3.547290563583374,144100,0.0,0.0
2020-06-01 00:00:00-04:00,3.5121689079980465,3.6087536701992775,3.5121689079980465,3.547290563583374,115400,0.0,0.0
2020-06-02 00:00:00-04:00,3.520949388849511,3.599972901379224,3.520949388849511,3.5560710430145264,74500,0.0,0.0
2020-06-03 00:00:00-04:00,3.5824124236351613,3.591193047374228,3.46826703646799,3.53851056098938,171500,0.0,0.0
2020-06-04 00:00:00-04:00,3.5209496811467074,3.5911929953080977,3.477047400454249,3.5033886432647705,124200,0.0,0.0
2020-06-05 00:00:00-04:00,3.4946081701181457,3.7580210124686118,3.4946081701181457,3.687777280807495,354800,0.0,0.0
2020-06-08 00:00:00-04:00,3.6877773522567514,4.170700766361336,3.6877773522567514,4.1355791091918945,355400,0.0,0.0
2020-06-09 00:00:00-04:00,4.038994312286377,4.082896592759897,3.8809468562114198,4.038994312286377,144200,0.0,0.0
2020-06-10 00:00:00-04:00,3.88972702471518,3.9599707565524507,3.731679570118458,3.7492403984069824,139400,0.0,0.0
2020-06-11 00:00:00-04:00,3.556071389784329,3.6438755337590765,3.5121691084553635,3.53851056098938,173600,0.0,0.0
2020-06-12 00:00:00-04:00,3.6263145325289785,3.6702163930871796,3.5297297694078735,3.6438753604888916,92300,0.0,0.0
2020-06-15 00:00:00-04:00,3.5736322185792786,3.6438755337590765,3.529729937250313,3.53851056098938,72300,0.0,0.0
2020-06-16 00:00:00-04:00,3.5999730656472595,3.5999730656472595,3.44192561469293,3.485827684402466,169300,0.0,0.0
2020-06-17 00:00:00-04:00,3.5033885311236244,3.5033885311236244,3.4243648052215576,3.4243648052215576,121300,0.0,0.0
2020-06-18 00:00:00-04:00,3.4243647223121303,3.485827618747844,3.4243647223121303,3.4770472049713135,117500,0.0,0.0
2020-06-19 00:00:00-04:00,3.503388544542687,3.503388544542687,3.3804625388826,3.3980233669281006,166200,0.0,0.0
2020-06-22 00:00:00-04:00,3.3804625388826,3.468266888451686,3.345340882791599,3.3980233669281006,141100,0.0,0.0
2020-06-23 00:00:00-04:00,3.3541212320837537,3.503388476931409,3.318999576670559,3.3892428874969482,122900,0.0,0.0
2020-06-24 00:00:00-04:00,3.3102192224526443,3.3541212925100568,3.231195496349302,3.301438808441162,138800,0.0,0.0
2020-06-25 00:00:00-04:00,3.2399757335787536,3.275097387708349,3.073147667121604,3.0907084941864014,219900,0.0,0.0
2020-06-26 00:00:00-04:00,3.073147773742676,3.1346106706018873,2.950221770682674,3.073147773742676,151400,0.0,0.0
2020-06-29 00:00:00-04:00,3.0468067404129333,3.081928398160837,2.79217451239904,2.879978656768799,325000,0.0,0.0
2020-06-30 00:00:00-04:00,2.862417679220952,2.9326609910683237,2.774613539411738,2.9238805770874023,135100,0.0,0.0
2020-07-01 00:00:00-04:00,2.87997867912381,2.9151003371443354,2.8097353630827593,2.8185157775878906,63000,0.0,0.0
2020-07-02 00:00:00-04:00,2.8097352757799494,2.8624177611738113,2.774613618850708,2.774613618850708,97800,0.0,0.0
2020-07-06 00:00:00-04:00,2.7746136541583666,2.8272961402226264,2.6868093013763428,2.6868093013763428,222500,0.0,0.0
2020-07-07 00:00:00-04:00,2.68680943545661,2.7746137926203485,2.68680943545661,2.7658333778381348,144700,0.0,0.0
2020-07-08 00:00:00-04:00,2.6780288648845967,2.7482723883976092,2.6165659649846007,2.6516876220703125,280700,0.0,0.0
2020-07-09 00:00:00-04:00,2.607785675806583,2.6604681639622876,2.4672988313831037,2.5112009048461914,177400,0.0,0.0
2020-07-10 00:00:00-04:00,2.4760791677981984,2.6868093231006998,2.4760791677981984,2.6253464221954346,124000,0.0,0.0
2020-07-13 00:00:00-04:00,2.5814444566685872,2.7658333763365723,2.4409576108878364,2.449738025665283,255100,0.0,0.0
2020-07-14 00:00:00-04:00,2.4058358669281006,2.432177110331428,2.3268121367181185,2.4058358669281006,194900,0.0,0.0
2020-07-15 00:00:00-04:00,2.397055516951241,2.5024204933993133,2.397055516951241,2.414616346359253,127700,0.0,0.0
2020-07-16 00:00:00-04:00,2.440957592437877,2.599005266578919,2.4321771777267966,2.5726640224456787,163200,0.0,0.0
2020-07-17 00:00:00-04:00,2.581444266508116,2.713150478467763,2.581444266508116,2.6780288219451904,129500,0.0,0.0
2020-07-20 00:00:00-04:00,2.599005114370556,2.739491741520367,2.599005114370556,2.6165659427642822,144700,0.0,0.0
2020-07-21 00:00:00-04:00,2.6253465513636627,2.73949194437516,2.616566136516625,2.6429073810577393,120400,0.0,0.0
2020-07-22 00:00:00-04:00,2.6516877096899094,2.6868093679361444,2.590224807758998,2.5990052223205566,145400,0.0,0.0
2020-07-23 00:00:00-04:00,2.5463226925391167,2.6077855934462892,2.4848595822903516,2.528761863708496,154300,0.0,0.0
2020-07-24 00:00:00-04:00,2.4936401432230637,2.6165661616016958,2.4848597282918474,2.581444501876831,127300,0.0,0.0
2020-07-27 00:00:00-04:00,2.555103063583374,2.6165659634472576,2.5199811971767083,2.555103063583374,122000,0.0,0.0
2020-07-28 00:00:00-04:00,2.511200774457312,2.599005126166028,2.4760791175104613,2.4936399459838867,158800,0.0,0.0
2020-07-29 00:00:00-04:00,2.537542226509039,2.590224711929315,2.4672987032737486,2.4936399459838867,140700,0.0,0.0
2020-07-30 00:00:00-04:00,2.48485961895853,2.537542315569404,2.4146163025994913,2.440957546234131,157200,0.0,0.0
2020-07-31 00:00:00-04:00,2.4146163025994913,2.581444388293803,2.4146163025994913,2.440957546234131,149900,0.0,0.0
2020-08-03 00:00:00-04:00,2.4146161958935632,2.5199811657758664,2.30925122601126,2.4585182666778564,349200,0.0,0.0
2020-08-04 00:00:00-04:00,2.493639944024913,2.5463226387453903,2.3970553874969482,2.3970553874969482,109700,0.0,0.0
2020-08-05 00:00:00-04:00,2.397055367579846,2.4760790949915736,2.397055367579846,2.4585182666778564,76400,0.0,0.0
2020-08-06 00:00:00-04:00,2.458518309734879,2.4672987240455124,2.423396652492345,2.4321770668029785,50200,0.0,0.0
2020-08-07 00:00:00-04:00,2.414616259564007,2.4233966739523938,2.3268121156801342,2.3707141876220703,93600,0.0,0.0
2020-08-10 00:00:00-04:00,2.423396805950945,2.449738050550872,2.3531534870178055,2.388275146484375,96300,0.0,0.0
2020-08-11 00:00:00-04:00,2.414616346359253,2.440957590471271,2.379494687543229,2.414616346359253,78200,0.0,0.0
2020-08-12 00:00:00-04:00,2.4497379392669796,2.4497379392669796,2.379494623524773,2.4058358669281006,62700,0.0,0.0
2020-08-13 00:00:00-04:00,2.3707141876220703,2.432177088340781,2.361933773233683,2.3707141876220703,69800,0.0,0.0
2020-08-14 00:00:00-04:00,2.3970553874969482,2.414616215956578,2.3268120736584286,2.3970553874969482,70200,0.0,0.0
2020-08-17 00:00:00-04:00,2.3531535315765906,2.405836021774029,2.3004708320375453,2.361933946609497,229000,0.0,0.0
2020-08-18 00:00:00-04:00,2.2916902846735963,2.326812152118757,2.2653490410959223,2.282909870147705,159500,0.0,0.0
2020-08-19 00:00:00-04:00,2.2390078906021205,2.256568720383972,2.107301667238233,2.1336429119110107,390000,0.0,0.0
2020-08-20 00:00:00-04:00,2.098521182618666,2.1512036702137127,2.045838485682022,2.063399314880371,360700,0.0,0.0
2020-08-21 00:00:00-04:00,2.037058138769223,2.1336429119110107,2.037058138769223,2.1336429119110107,231200,0.0,0.0
2020-08-24 00:00:00-04:00,2.0809601074559576,2.186325290133329,2.0809601074559576,2.1512036323547363,150700,0.0,0.0
2020-08-25 00:00:00-04:00,2.1248623593677287,2.1248623593677287,2.0282775924828735,2.0546188354492188,186200,0.0,0.0
2020-08-26 00:00:00-04:00,2.028277635574341,2.054618879100315,2.028277635574341,2.028277635574341,99600,0.0,0.0
2020-08-27 00:00:00-04:00,2.0282775474735053,2.0633992039825833,1.9404734062008113,1.9843754768371582,167200,0.0,0.0
2020-08-28 00:00:00-04:00,2.0370580171832366,2.0458384315500853,1.949253873514749,1.9755951166152954,86700,0.0,0.0
2020-08-31 00:00:00-04:00,1.940473416982862,1.9668146595110327,1.8526690658807057,1.8614494800567627,239100,0.0,0.0
2020-09-01 00:00:00-04:00,1.8438886248927515,1.8438886248927515,1.6858410673510955,1.729743242263794,316800,0.0,0.0
2020-09-02 00:00:00-04:00,1.6770606462550284,1.7297432349947148,1.6068173341631684,1.650719404220581,306300,0.0,0.0
2020-09-03 00:00:00-04:00,1.6419390328244468,1.6419390328244468,1.562915199999306,1.6243782043457031,264000,0.0,0.0
2020-09-04 00:00:00-04:00,1.5980368852615356,1.6068172990813143,1.5629151253116322,1.5980368852615356,164700,0.0,0.0
2020-09-08 00:00:00-04:00,1.5716955508184156,1.6331585526846888,1.5365738952781394,1.6155977249145508,104500,0.0,0.0
2020-09-09 00:00:00-04:00,1.5980369087717443,1.6507193924654768,1.5541347343561767,1.633158564567566,95900,0.0,0.0
2020-09-10 00:00:00-04:00,1.5892565996311332,1.6419391949397233,1.3873069475154833,1.4224286079406738,338800,0.0,0.0
2020-09-11 00:00:00-04:00,1.404867577635384,1.4838914070076492,1.404867577635384,1.4751108884811401,86400,0.0,0.0
2020-09-14 00:00:00-04:00,1.4926719433665219,1.4926719433665219,1.3697459299563675,1.3785264492034912,152200,0.0,0.0
2020-09-15 00:00:00-04:00,1.4048677777280785,1.4312090230469714,1.3873069475154833,1.4224286079406738,143000,0.0,0.0
2020-09-16 00:00:00-04:00,1.4224283936929956,1.457550048828125,1.4224283936929956,1.457550048828125,98400,0.0,0.0
2020-09-17 00:00:00-04:00,1.4399892696928598,1.51023268699646,1.413648027455557,1.51023268699646,117900,0.0,0.0
2020-09-18 00:00:00-04:00,1.5190131555627078,1.562915227532984,1.4838914979864866,1.5014523267745972,84900,0.0,0.0
2020-09-21 00:00:00-04:00,1.5102326087854514,1.5277934360342238,1.4663304359927332,1.4838913679122925,86800,0.0,0.0
2020-09-22 00:00:00-04:00,1.4487696350443426,1.4838913948502608,1.4399892212605603,1.457550048828125,63500,0.0,0.0
2020-09-23 00:00:00-04:00,1.413648063380607,1.4487697205895578,1.378526406171656,1.4048676490783691,74500,0.0,0.0
2020-09-24 00:00:00-04:00,1.360965609550476,1.3873069597729102,1.3434047791827237,1.360965609550476,100700,0.0,0.0
2020-09-25 00:00:00-04:00,1.360965462057629,1.387306809425354,1.360965462057629,1.387306809425354,50900,0.0,0.0
2020-09-28 00:00:00-04:00,1.334624236344128,1.40486765576727,1.334624236344128,1.3434046506881714,79800,0.0,0.0
2020-09-29 00:00:00-04:00,1.3258439004675706,1.3434047301949608,1.2643809964217054,1.2731614112854004,141500,0.0,0.0
2020-09-30 00:00:00-04:00,1.3170634402833958,1.3346242694065136,1.273161367475602,1.2995026111602783,64800,0.0,0.0
2020-10-01 00:00:00-04:00,1.3082830808008479,1.3258439106632804,1.264381006144767,1.2907222509384155,56600,0.0,0.0
2020-10-02 00:00:00-04:00,1.2556004233681572,1.2907221859966995,1.2556004233681572,1.2819417715072632,63400,0.0,0.0
2020-10-05 00:00:00-04:00,1.3170634856038756,1.3170634856038756,1.2731614112854004,1.2731614112854004,63800,0.0,0.0
2020-10-06 00:00:00-04:00,1.2556003815301684,1.3170633855790044,1.2556003815301684,1.3082829713821411,74800,0.0,0.0
2020-10-07 00:00:00-04:00,1.3082829933119982,1.3434046506881714,1.2907221646239115,1.3434046506881714,58900,0.0,0.0
2020-10-08 00:00:00-04:00,1.3434046963315143,1.439989362068334,1.3258438670467831,1.3960872888565063,146600,0.0,0.0
2020-10-09 00:00:00-04:00,1.4048676378899747,1.439989294819216,1.3521850478253186,1.387306809425354,138100,0.0,0.0
2020-10-12 00:00:00-04:00,1.3258438220000848,1.37852641273514,1.3258438220000848,1.3434046506881714,60200,0.0,0.0
2020-10-13 00:00:00-04:00,1.3258438548449547,1.36096551309119,1.2819417820371608,1.2995026111602783,94400,0.0,0.0
2020-10-14 00:00:00-04:00,1.2819417715072632,1.3170634294650083,1.2819417715072632,1.2819417715072632,77800,0.0,0.0
2020-10-15 00:00:00-04:00,1.2819418360071992,1.2995026658696318,1.264381006144767,1.2907222509384155,26900,0.0,0.0
2020-10-16 00:00:00-04:00,1.3170634957320642,1.343404740525713,1.273161421075983,1.2907222509384155,93400,0.0,0.0
2020-10-19 00:00:00-04:00,1.2731614112854004,1.3082830707401805,1.2643809964217054,1.2731614112854004,54800,0.0,0.0
2020-10-20 00:00:00-04:00,1.3346242893274527,1.3346242893274527,1.2204787936526258,1.2556004524230957,176600,0.0,0.0
2020-10-21 00:00:00-04:00,1.2292591695222104,1.264380931854248,1.2204787551068998,1.264380931854248,69400,0.0,0.0
2020-10-22 00:00:00-04:00,1.2556004127681415,1.2819417606848689,1.246819998352831,1.264380931854248,44200,0.0,0.0
2020-10-23 00:00:00-04:00,1.2995025895154895,1.2995025895154895,1.2556004127681415,1.264380931854248,30100,0.0,0.0
2020-10-26 00:00:00-04:00,1.2731613203728758,1.2907221488463012,1.229259144518518,1.2468199729919434,56800,0.0,0.0
2020-10-27 00:00:00-04:00,1.2116984029754725,1.2380396475753996,1.1853571583755451,1.1941375732421875,147200,0.0,0.0
2020-10-28 00:00:00-04:00,1.1853571380851882,1.1941375528015319,1.1326745451163265,1.1590158939361572,155300,0.0,0.0
2020-10-29 00:00:00-04:00,1.159015914219814,1.159015914219814,1.1063333203289671,1.1151137351989746,99100,0.0,0.0
2020-10-30 00:00:00-04:00,1.1238941599051373,1.1677963393102022,1.1238941599051373,1.1326745748519897,62700,0.0,0.0
2020-11-02 00:00:00-05:00,1.1502353942381738,1.2029179881088299,1.1414549793715314,1.1941375732421875,119100,0.0,0.0
2020-11-03 00:00:00-05:00,1.1853570938110352,1.2116983369761969,1.176576679422648,1.1853570938110352,41800,0.0,0.0
2020-11-04 00:00:00-05:00,1.1765766684646313,1.2029179113844644,1.159015839851409,1.16779625415802,32300,0.0,0.0
2020-11-05 00:00:00-05:00,1.1765766684646313,1.1941374970778533,1.159015839851409,1.16779625415802,63400,0.0,0.0
2020-11-06 00:00:00-05:00,1.1677962723069806,1.1853571011931192,1.115113680977768,1.1238940954208374,118900,0.0,0.0
2020-11-09 00:00:00-05:00,1.2292591493786542,1.369745882392296,1.1853570780215144,1.3258438110351562,414700,0.0,0.0
2020-11-10 00:00:00-05:00,1.3434047051664184,1.3697459492667483,1.2995026316658687,1.3346242904663086,135000,0.0,0.0
2020-11-11 00:00:00-05:00,1.3697458773915372,1.7034020371708438,1.3521850489127936,1.6243782043457031,1174500,0.0,0.0
2020-11-12 00:00:00-05:00,1.6682802322439263,1.6682802322439263,1.317063357772172,1.4926718473434448,437200,0.0,0.0
2020-11-13 00:00:00-05:00,1.439989294819216,1.4838914706515616,1.3170633908960774,1.387306809425354,238900,0.0,0.0
2020-11-16 00:00:00-05:00,1.4224284995104475,1.4487697428213753,1.387306841762544,1.4399893283843994,132300,0.0,0.0
2020-11-17 00:00:00-05:00,1.492671753599974,1.5365738209002384,1.4224283412487664,1.5277934074401855,133400,0.0,0.0
2020-11-18 00:00:00-05:00,1.562915227532984,1.6594998905383882,1.5014523267745972,1.5014523267745972,297300,0.0,0.0
2020-11-19 00:00:00-05:00,1.5541347178534053,1.5541347178534053,1.4487696469139817,1.4751108884811401,95400,0.0,0.0
2020-11-20 00:00:00-05:00,1.4751109260092639,1.527793515154662,1.4751109260092639,1.51023268699646,97900,0.0,0.0
2020-11-23 00:00:00-05:00,1.5014522779274533,1.580476004903051,1.4487696886062622,1.4487696886062622,253100,0.0,0.0
2020-11-24 00:00:00-05:00,1.510232858735627,2.1951058628119684,1.49267202858046,2.107301712036133,1893300,0.0,0.0
2020-11-25 00:00:00-05:00,2.0194970726599073,2.0282774865233235,1.7648648612792623,1.8965712785720825,567800,0.0,0.0
2020-11-27 00:00:00-05:00,1.9668145953896183,2.001936250948822,1.8965712842712112,1.993155837059021,171900,0.0,0.0
2020-11-30 00:00:00-05:00,2.0107167279900895,2.0107167279900895,1.7824257503436511,1.9053517580032349,331200,0.0,0.0
2020-12-01 00:00:00-05:00,1.9229125648336562,2.001936291440207,1.8087669726159434,1.8263278007507324,176400,0.0,0.0
2020-12-02 00:00:00-05:00,1.8438886414592621,2.0546187898553137,1.8438886414592621,1.9843754768371582,379400,0.0,0.0
2020-12-03 00:00:00-05:00,1.9755949315190533,2.107301344023619,1.9492536908864544,1.9668145179748535,274100,0.0,0.0
2020-12-04 00:00:00-05:00,2.0194970441914863,2.186325114586231,1.9931558029725651,2.1599838733673096,390800,0.0,0.0
2020-12-07 00:00:00-05:00,2.1775449803433538,2.3970555613510176,2.124862491143499,2.388275146484375,644100,0.0,0.0
2020-12-08 00:00:00-05:00,2.4233966416715966,2.7570528026690373,2.4146162274001686,2.6516876220703125,840900,0.0,0.0
2020-12-09 00:00:00-05:00,2.721931219100952,2.98534409330046,2.6429074824460663,2.721931219100952,964600,0.0,0.0
2020-12-10 00:00:00-05:00,2.739491765546192,3.7316796252013327,2.704370108450716,3.599973201751709,2261900,0.0,0.0
2020-12-11 00:00:00-05:00,3.6702163856384358,3.705338041486982,2.9502218127184836,3.3629016876220703,1166100,0.0,0.0
2020-12-14 00:00:00-05:00,3.4243648290843582,3.4243648290843582,2.9502218423431272,2.9590022563934326,794300,0.0,0.0
2020-12-15 00:00:00-05:00,2.985343707885932,3.0555870202883733,2.774613561337024,2.9590022563934326,495800,0.0,0.0
2020-12-16 00:00:00-05:00,2.8711983510946566,2.9414416692513257,2.774613788629237,2.8624179363250732,269800,0.0,0.0
2020-12-17 00:00:00-05:00,2.81851568104532,2.8624177520671994,2.634126773411837,2.7131505012512207,543300,0.0,0.0
2020-12-18 00:00:00-05:00,2.7131506099196017,2.818515793933836,2.660468122583282,2.695589780807495,287800,0.0,0.0
2020-12-21 00:00:00-05:00,2.695589729568533,2.7833940828016375,2.440957502941555,2.467298746109009,801500,0.0,0.0
2020-12-22 00:00:00-05:00,2.449737960779011,2.572663973748923,2.4321771316892513,2.440957546234131,238600,0.0,0.0
2020-12-23 00:00:00-05:00,2.4409575873052516,2.65168774926967,2.4409575873052516,2.5112009048461914,402700,0.0,0.0
2020-12-24 00:00:00-05:00,2.5024203602205994,2.528761812272326,2.458518289037036,2.4936399459838867,124700,0.0,0.0
2020-12-28 00:00:00-05:00,2.493640082199187,2.607785682853254,2.291690334381684,2.3180317878723145,509600,0.0,0.0
2020-12-29 00:00:00-05:00,2.3180318487266995,2.3443730935672566,2.2038862450760126,2.2653491497039795,434100,0.0,0.0
2020-12-30 00:00:00-05:00,2.2829098034625366,2.309251255612356,2.159984003690794,2.1775448322296143,426600,0.0,0.0
2020-12-31 00:00:00-05:00,2.1512036549314124,2.168764484005008,2.0282776420746482,2.089740753173828,418900,0.0,0.0
2021-01-04 00:00:00-05:00,2.107301643643533,2.5112009334454086,2.107301643643533,2.3531534671783447,653100,0.0,0.0
2021-01-05 00:00:00-05:00,2.4585183390444207,2.555103106954427,2.379494609306627,2.528761863708496,282400,0.0,0.0
2021-01-06 00:00:00-05:00,2.511200825536283,2.555103106954427,2.3180317083994546,2.528761863708496,534400,0.0,0.0
2021-01-07 00:00:00-05:00,2.528761738604356,3.011684926238199,2.467298631396324,2.9238805770874023,790600,0.0,0.0
2021-01-08 00:00:00-05:00,3.02046534021912,3.0292457542000415,2.836076437278188,2.9238805770874023,332100,0.0,0.0
2021-01-11 00:00:00-05:00,2.897539454974973,2.897539454974973,2.6516876440001695,2.6868093013763428,563200,0.0,0.0
2021-01-12 00:00:00-05:00,2.7482726739941916,2.862418071384582,2.6604683128138187,2.721931219100952,374000,0.0,0.0
2021-01-13 00:00:00-05:00,2.7482725949115445,2.800955084498842,2.5112009730854963,2.581444501876831,468500,0.0,0.0
2021-01-14 00:00:00-05:00,2.6253463792560288,2.6780288648845967,2.5638834793560332,2.6516876220703125,255000,0.0,0.0
2021-01-15 00:00:00-05:00,2.6253464002560527,2.6604680576227007,2.5287618424977696,2.5902247428894043,202900,0.0,0.0
2021-01-19 00:00:00-05:00,2.54632275184013,2.590224824939112,2.3794946647224005,2.476079225540161,390500,0.0,0.0
2021-01-20 00:00:00-05:00,2.519981324837598,2.5814444371567586,2.3794946894603157,2.5726640224456787,192700,0.0,0.0
2021-01-21 00:00:00-05:00,2.5726639575039627,2.616566029951144,2.458518359799697,2.5638835430145264,151300,0.0,0.0
2021-01-22 00:00:00-05:00,2.467298711579094,2.5814443063821813,2.458518297312825,2.555103063583374,137900,0.0,0.0
2021-01-25 00:00:00-05:00,2.5551032130718605,2.607785701751709,2.4497380263705626,2.607785701751709,186400,0.0,0.0
2021-01-26 00:00:00-05:00,2.607785615461708,2.748272456634283,2.5463227140356537,2.5638835430145264,398500,0.0,0.0
2021-01-27 00:00:00-05:00,2.5375422575276065,2.8009548971904965,2.5375422575276065,2.6868093013763428,376500,0.0,0.0
2021-01-28 00:00:00-05:00,2.6868094548115176,2.818515886835095,2.599005306356868,2.800955057144165,527500,0.0,0.0
2021-01-29 00:00:00-05:00,2.757052847762595,2.757052847762595,2.5551031068751318,2.6253464221954346,413100,0.0,0.0
2021-02-01 00:00:00-05:00,2.6165659634472576,2.651687620512334,2.546322649317105,2.555103063583374,194100,0.0,0.0
2021-02-02 00:00:00-05:00,2.5990052430995547,2.7131506333124094,2.5902248284677967,2.634126901626587,196600,0.0,0.0
2021-02-03 00:00:00-05:00,2.6955895600672193,3.1082694290907966,2.686809146230189,3.073147773742676,1105800,0.0,0.0
2021-02-04 00:00:00-05:00,3.0731476519654493,3.196073650154358,2.915099999820158,3.1521713733673096,518500,0.0,0.0
2021-02-05 00:00:00-05:00,3.152171347732032,3.248756104668171,3.0819280403905265,3.1170496940612793,267500,0.0,0.0
2021-02-08 00:00:00-05:00,3.1521716652846714,3.4507061702438455,3.1521716652846714,3.380462646484375,436300,0.0,0.0
2021-02-09 00:00:00-05:00,3.4507062076730404,3.591193047374228,3.406804135685667,3.53851056098938,481400,0.0,0.0
2021-02-10 00:00:00-05:00,3.573632076498129,3.635094765495215,3.3629017206538094,3.459486484527588,362900,0.0,0.0
2021-02-11 00:00:00-05:00,3.4155843085356,3.5824121702896794,3.4155843085356,3.4770472049713135,276400,0.0,0.0
2021-02-12 00:00:00-05:00,3.4770473581594357,3.6350948131000744,3.4770473581594357,3.5297298431396484,197900,0.0,0.0
2021-02-16 00:00:00-05:00,3.6614362498783017,4.557039328226124,3.59997314164583,3.9687509536743164,1174000,0.0,0.0
2021-02-17 00:00:00-05:00,4.144359151458238,4.2848461933044435,3.7492403144705975,3.8019227981567383,408700,0.0,0.0
2021-02-18 00:00:00-05:00,3.8809468101800157,3.9072878432051596,3.5560712783154336,3.687777280807495,238800,0.0,0.0
2021-02-19 00:00:00-05:00,3.635094549598766,3.775581584712194,3.3804623479773035,3.714118480682373,371400,0.0,0.0
2021-02-22 00:00:00-05:00,3.714118480682373,4.012652959279872,3.714118480682373,3.714118480682373,269200,0.0,0.0
2021-02-23 00:00:00-05:00,3.7228988400447474,3.8370444299937168,3.512168906615721,3.766801118850708,310900,0.0,0.0
2021-02-24 00:00:00-05:00,3.8458249005077114,4.056554825568502,3.7404599379773162,3.933629035949707,324300,0.0,0.0
2021-02-25 00:00:00-05:00,3.986312208082106,4.328748604995065,3.959971172225918,4.091677188873291,399900,0.0,0.0
2021-02-26 00:00:00-05:00,4.118018200822167,4.170700685555626,3.687777280807495,3.687777280807495,325300,0.0,0.0
2021-03-01 00:00:00-05:00,3.845825095382413,3.889726955986424,3.3365604559887894,3.4243648052215576,814300,0.0,0.0
2021-03-02 00:00:00-05:00,3.5824122707474393,3.5824122707474393,3.345340882791599,3.3980233669281006,212600,0.0,0.0
2021-03-03 00:00:00-05:00,3.485827865262939,3.6350949100200096,3.424364964480616,3.53851056098938,211500,0.0,0.0
2021-03-04 00:00:00-05:00,3.6175338747540295,3.722898841510012,3.4331451829310593,3.547290563583374,281900,0.0,0.0
2021-03-05 00:00:00-05:00,3.6087536580580952,3.731679452193174,3.3365604095044046,3.7053380012512207,345800,0.0,0.0
2021-03-08 00:00:00-05:00,3.7404599440480597,3.9072875923170405,3.696557666914237,3.7755815982818604,287500,0.0,0.0
2021-03-09 00:00:00-05:00,3.837044283849439,4.056554832152265,3.7755815982818604,3.7755815982818604,237800,0.0,0.0
2021-03-10 00:00:00-05:00,3.837044650952121,4.0302141864023335,3.8107036170982096,3.924848794937134,217600,0.0,0.0
2021-03-11 00:00:00-05:00,3.9424099635975436,4.293626988498151,3.9424099635975436,4.284846782684326,318500,0.0,0.0
2021-03-12 00:00:00-05:00,4.276066057204728,4.284846681494412,3.9599711190739026,4.0477752685546875,351000,0.0,0.0
2021-03-15 00:00:00-04:00,4.056555295183963,4.372650638051719,4.056555295183963,4.346309185028076,305200,0.0,0.0
2021-03-16 00:00:00-04:00,4.37265047157224,4.37265047157224,4.038994312286377,4.038994312286377,272500,0.0,0.0
2021-03-17 00:00:00-04:00,4.074115913434594,4.074115913434594,3.819483695012629,3.907287836074829,412000,0.0,0.0
2021-03-18 00:00:00-04:00,3.863385943887694,3.9863117403884867,3.6702164164175675,3.678997039794922,188600,0.0,0.0
2021-03-19 00:00:00-04:00,3.6526557392420025,3.924848794937134,3.573632218997083,3.924848794937134,487100,0.0,0.0
2021-03-22 00:00:00-04:00,3.8282643350469296,3.9160684764895533,3.68777729005556,3.7492403984069824,120600,0.0,0.0
2021-03-23 00:00:00-04:00,3.687777321513964,3.7931427108270985,3.529729865569026,3.5648515224456787,315800,0.0,0.0
2021-03-24 00:00:00-04:00,3.62631452200334,3.687777210343054,3.5297297591625796,3.5824122428894043,181800,0.0,0.0
2021-03-25 00:00:00-04:00,3.5824123508840056,3.6350948361989848,3.4507061375965566,3.5648515224456787,229700,0.0,0.0
2021-03-26 00:00:00-04:00,3.599973156446599,3.6087537799515546,3.4331452873425916,3.5297298431396484,309900,0.0,0.0
2021-03-29 00:00:00-04:00,3.5121687681546443,3.538510218136387,3.4155842191406833,3.433145046234131,233700,0.0,0.0
2021-03-30 00:00:00-04:00,3.4068039667743357,3.4594864505471556,3.318999617811387,3.3629016876220703,373200,0.0,0.0
2021-03-31 00:00:00-04:00,3.380462645287836,3.3892430595869634,3.257536845100055,3.2838780879974365,273600,0.0,0.0
2021-04-01 00:00:00-04:00,3.2575367200764305,3.441925622622882,3.2575367200764305,3.3629016876220703,208500,0.0,0.0
2021-04-05 00:00:00-04:00,3.345340805459307,3.3716820469186426,3.1960737705230713,3.1960737705230713,215700,0.0,0.0
2021-04-06 00:00:00-04:00,3.081928253173828,3.2487563289696606,2.9941241129347493,3.081928253173828,414700,0.0,0.0
2021-04-07 00:00:00-04:00,3.0731479470623313,3.15217167605239,3.0292458754011875,3.0643675327301025,167600,0.0,0.0
2021-04-08 00:00:00-04:00,3.046806532231585,3.0994890152537664,2.9677828076983133,3.073147773742676,172800,0.0,0.0
2021-04-09 00:00:00-04:00,3.0468065258037877,3.099489008714826,2.95022176445864,2.9765632152557373,91700,0.0,0.0
2021-04-12 00:00:00-04:00,2.9677828305733804,3.13461069476283,2.9677828305733804,3.108269453048706,179800,0.0,0.0
2021-04-13 00:00:00-04:00,3.055586815924282,3.099488883239545,2.923880404636923,2.9326608180999756,142400,0.0,0.0
2021-04-14 00:00:00-04:00,2.9238804427344083,3.0643672693153308,2.9238804427344083,3.029245615005493,139200,0.0,0.0
2021-04-15 00:00:00-04:00,2.9941239766977437,3.038026044819675,2.9151000447366937,2.967782735824585,108500,0.0,0.0
2021-04-16 00:00:00-04:00,2.9326609252238147,2.9677827897005216,2.871198028737338,2.91510009765625,155300,0.0,0.0
2021-04-19 00:00:00-04:00,2.8799786137264287,2.9238806852551753,2.818515713586184,2.9063198566436768,155600,0.0,0.0
2021-04-20 00:00:00-04:00,2.915100248528732,2.915100248528732,2.7833940349554753,2.8711981773376465,169100,0.0,0.0
2021-04-21 00:00:00-04:00,2.8448571067859056,2.9941243672104285,2.8097354477075713,2.8624179363250732,102000,0.0,0.0
2021-04-22 00:00:00-04:00,2.809735255524579,2.9151002255527274,2.783394013017542,2.836076498031616,137000,0.0,0.0
2021-04-23 00:00:00-04:00,2.8360766920163223,2.9063200101729914,2.8272962772467385,2.8624179363250732,54800,0.0,0.0
2021-04-26 00:00:00-04:00,2.8887589631041246,2.915100205429324,2.809735236128527,2.8975393772125244,170700,0.0,0.0
2021-04-27 00:00:00-04:00,2.8624177207789256,2.941441447754523,2.8185156502369266,2.8975393772125244,71300,0.0,0.0
2021-04-28 00:00:00-04:00,2.941441285609853,3.029245631195289,2.9063196311123076,2.967782735824585,147800,0.0,0.0
2021-04-29 00:00:00-04:00,3.029245778137458,3.0643674343386786,2.9151001861419066,2.9590022563934326,84800,0.0,0.0
2021-04-30 00:00:00-04:00,2.9238807072063695,3.0029046458929796,2.9063198784630324,2.941441535949707,87800,0.0,0.0
2021-05-03 00:00:00-04:00,2.9414414379394267,3.046806616230223,2.9414414379394267,3.02046537399292,119300,0.0,0.0
2021-05-04 00:00:00-04:00,2.9590022433108536,3.0116849367213434,2.915100173253431,2.9853436946868896,115000,0.0,0.0
2021-05-05 00:00:00-04:00,2.9765631182652164,3.125830148315997,2.9765631182652164,3.0907084941864014,195300,0.0,0.0
2021-05-06 00:00:00-04:00,3.1258302994809704,3.1258302994809704,3.002904504082702,3.046806573867798,77500,0.0,0.0
2021-05-07 00:00:00-04:00,3.0468065557157513,3.1433911086675375,2.985343658382796,3.108269453048706,170000,0.0,0.0
2021-05-10 00:00:00-04:00,3.1170498612246127,3.1433911028903236,2.994124066784627,3.0116848945617676,96800,0.0,0.0
2021-05-11 00:00:00-04:00,2.9414412453329515,3.0907084842451877,2.9326608318287946,2.994123935699463,95500,0.0,0.0
2021-05-12 00:00:00-04:00,2.9590021611849786,3.1170498183467354,2.9590021611849786,3.0380260944366455,113000,0.0,0.0
2021-05-13 00:00:00-04:00,3.055586939622294,3.0907085948963195,2.9414413506401336,2.9765632152557373,68600,0.0,0.0
2021-05-14 00:00:00-04:00,2.9941239606956556,3.081928096470249,2.9941239606956556,3.029245615005493,64200,0.0,0.0
2021-05-17 00:00:00-04:00,3.0116850680912646,3.1082696264306193,2.994124239302291,3.099489212036133,70400,0.0,0.0
2021-05-18 00:00:00-04:00,3.073147626972838,3.134610520896656,3.073147626972838,3.1170496940612793,66600,0.0,0.0
2021-05-19 00:00:00-04:00,3.0292457690303807,3.099489081221644,2.8975393493301795,3.081928253173828,171800,0.0,0.0
2021-05-20 00:00:00-04:00,3.002904463046434,3.1082694290907966,3.002904463046434,3.073147773742676,40900,0.0,0.0
2021-05-21 00:00:00-04:00,3.046806712352721,3.345341009802079,2.9941242262160563,3.2224152088165283,374400,0.0,0.0
2021-05-24 00:00:00-04:00,3.18729333952435,3.3014387185662484,3.18729333952435,3.2575366497039795,50400,0.0,0.0
2021-05-25 00:00:00-04:00,3.310219320982106,3.3189997352549394,3.1258304119110107,3.1258304119110107,132200,0.0,0.0
2021-05-26 00:00:00-04:00,3.0907084922487087,3.222414904493691,3.0907084922487087,3.213634490966797,69500,0.0,0.0
2021-05-27 00:00:00-04:00,3.1872934219551525,3.2487563199519016,3.1872934219551525,3.2048542499542236,32800,0.0,0.0
2021-05-28 00:00:00-04:00,3.231195408386619,3.2750974772488872,3.178512716410319,3.2575366497039795,91100,0.0,0.0
2021-06-01 00:00:00-04:00,3.345340812032191,3.3980232950543723,3.2311954321507983,3.2926583290100098,299800,0.0,0.0
2021-06-02 00:00:00-04:00,3.336560287878598,3.433145046234131,3.2750973930515315,3.433145046234131,183700,0.0,0.0
2021-06-03 00:00:00-04:00,3.433145170694663,3.573632001876831,3.3804624781628627,3.573632001876831,275000,0.0,0.0
2021-06-04 00:00:00-04:00,3.5824122071161417,3.7053380012512207,3.5385103471237644,3.7053380012512207,233400,0.0,0.0
2021-06-07 00:00:00-04:00,3.696557784196557,3.758020890397347,3.608753645826255,3.7316794395446777,112100,0.0,0.0
2021-06-08 00:00:00-04:00,3.731679663820907,3.7843621500093376,3.635094896467192,3.758021116256714,155100,0.0,0.0
2021-06-09 00:00:00-04:00,3.8107037863561053,4.074116230010986,3.8019231622260077,4.074116230010986,307200,0.0,0.0
2021-06-10 00:00:00-04:00,4.082896709442139,4.170700854215297,4.065335880487507,4.082896709442139,173700,0.0,0.0
2021-06-11 00:00:00-04:00,4.038994594961447,4.205822686280092,4.038994594961447,4.170701026916504,146100,0.0,0.0
2021-06-14 00:00:00-04:00,4.2146031617616675,4.39021145238374,4.188261708826761,4.372650623321533,266800,0.0,0.0
2021-06-15 00:00:00-04:00,4.3902114069600415,5.048743118004048,4.372650578079529,5.031182289123535,599600,0.0,0.0
2021-06-16 00:00:00-04:00,5.039962511455762,5.048743135267636,4.513137224555777,4.618502616882324,638400,0.0,0.0
2021-06-17 00:00:00-04:00,4.583380435463893,4.609721887613713,4.135579098382385,4.3550896644592285,505000,0.0,0.0
2021-06-18 00:00:00-04:00,4.258505150981682,4.486796354223179,4.2146032863697656,4.390211582183838,201200,0.0,0.0
2021-06-21 00:00:00-04:00,4.513137182855575,4.95215832099632,4.47801552529897,4.934597492218018,423300,0.0,0.0
2021-06-22 00:00:00-04:00,4.890695885644925,4.978500034133042,4.8292327723616415,4.969719409942627,299600,0.0,0.0
2021-06-23 00:00:00-04:00,4.978500227639811,5.698494691910664,4.91703711196755,5.566788673400879,695200,0.0,0.0
2021-06-24 00:00:00-04:00,5.698494173464588,5.698494173464588,5.0048408085306315,5.277034282684326,428400,0.0,0.0
2021-06-25 00:00:00-04:00,5.2682535423160175,5.496544730117636,5.2331318855285645,5.2331318855285645,201600,0.0,0.0
2021-06-28 00:00:00-04:00,5.10142557450961,5.171668889616709,4.723867546467366,4.741428375244141,402300,0.0,0.0
2021-06-29 00:00:00-04:00,4.820452133208136,4.820452133208136,4.609722177490781,4.679965496063232,174600,0.0,0.0
2021-06-30 00:00:00-04:00,4.662404330115132,4.8116715806563635,4.460454594444616,4.478015422821045,259600,0.0,0.0
2021-07-01 00:00:00-04:00,4.609721890701739,4.741428314172711,4.5043569193982345,4.5482587814331055,234700,0.0,0.0
2021-07-02 00:00:00-04:00,4.5658199033020415,4.609722186840471,4.390211606514734,4.4867963790893555,206000,0.0,0.0
2021-07-06 00:00:00-04:00,4.442893850625159,4.478015508046451,4.197042248676121,4.232163906097412,214300,0.0,0.0
2021-07-07 00:00:00-04:00,4.205822382315811,4.3111873527916105,4.135579068665279,4.258504867553711,166500,0.0,0.0
2021-07-08 00:00:00-04:00,4.258504599881389,4.258504599881389,3.863385776091121,4.003872394561768,329200,0.0,0.0
2021-07-09 00:00:00-04:00,4.074116254325035,4.232164140144385,4.012653559780358,4.170701026916504,142900,0.0,0.0
2021-07-12 00:00:00-04:00,4.056555512606093,4.197042571789988,4.056555512606093,4.118018627166748,93900,0.0,0.0
2021-07-13 00:00:00-04:00,4.056555490192342,4.2409444141722865,4.012653624620058,4.0214338302612305,144800,0.0,0.0
2021-07-14 00:00:00-04:00,4.042617686700686,4.148537701513844,3.7425105571746826,3.7425105571746826,276500,0.024,0.0
2021-07-15 00:00:00-04:00,3.7336840790523556,3.7866440861658055,3.627764064825456,3.7072038650512695,182400,0.0,0.0
2021-07-16 00:00:00-04:00,3.707203853724092,3.7778176172149913,3.5306704972186482,3.5394973754882812,211900,0.0,0.0
2021-07-19 00:00:00-04:00,3.530670397480602,3.5659770677843112,3.310003497638064,3.3717901706695557,364100,0.0,0.0
2021-07-20 00:00:00-04:00,3.380616859895604,3.4512304113996,3.354136856998239,3.4070968627929688,119400,0.0,0.0
2021-07-21 00:00:00-04:00,3.495363953286534,3.645417522228384,3.495363953286534,3.5571508407592773,84900,0.0,0.0
2021-07-22 00:00:00-04:00,3.583630499215184,3.6277640487248823,3.424750478579969,3.477710485458374,77200,0.0,0.0
2021-07-23 00:00:00-04:00,3.460057149832239,3.5041904888975766,3.3717902612572033,3.477710485458374,73500,0.0,0.0
2021-07-26 00:00:00-04:00,3.460057214162348,3.5836305658427947,3.460057214162348,3.486537218093872,58200,0.0,0.0
2021-07-27 00:00:00-04:00,3.504190554331347,3.504190554331347,3.310003648373448,3.3276569843292236,79200,0.0,0.0
2021-07-28 00:00:00-04:00,3.3541367053985596,3.4512302554115033,3.336483370931542,3.3541367053985596,57500,0.0,0.0
2021-07-29 00:00:00-04:00,3.4424037282922386,3.4777103986633415,3.3629635095129014,3.433577060699463,65300,0.0,0.0
2021-07-30 00:00:00-04:00,3.362963721411541,3.424750608898487,3.2835237080710837,3.3364837169647217,123600,0.0,0.0
2021-08-02 00:00:00-04:00,3.3541368788716572,3.46888376928623,3.318830208111591,3.3453102111816406,59600,0.0,0.0
2021-08-03 00:00:00-04:00,3.318830249623832,3.442403809274091,3.292350246222568,3.415923595428467,68300,0.0,0.0
2021-08-04 00:00:00-04:00,3.3100033883562503,3.3806167266323257,3.239390050080175,3.2923500537872314,123000,0.0,0.0
2021-08-05 00:00:00-04:00,3.3364835873055783,3.4424038114210553,3.2923502482759464,3.3188302516937256,66500,0.0,0.0
2021-08-06 00:00:00-04:00,3.292350227320057,3.371790237067757,3.274696891820568,3.2835235595703125,54700,0.0,0.0
2021-08-09 00:00:00-04:00,3.230563390348209,3.2923500614842225,3.001069829970097,3.071683168411255,176200,0.0,0.0
2021-08-10 00:00:00-04:00,3.0893365063150044,3.2305633937922273,3.0893365063150044,3.168776512145996,115900,0.0,0.0
2021-08-11 00:00:00-04:00,3.1687766427883974,3.1776033104668584,3.07168329832533,3.089336633682251,72500,0.0,0.0
2021-08-12 00:00:00-04:00,3.0893367222962813,3.124643394022855,3.0275500467747776,3.036376714706421,78100,0.0,0.0
2021-08-13 00:00:00-04:00,3.036376518887132,3.0805098556991415,3.0010698494375245,3.0098965167999268,65200,0.0,0.0
2021-08-16 00:00:00-04:00,2.9216297546914363,2.9304564224222966,2.833363077382833,2.8686697483062744,71100,0.0,0.0
2021-08-17 00:00:00-04:00,2.824536581023769,2.868669922355752,2.7892299079581817,2.8598432540893555,63700,0.0,0.0
2021-08-18 00:00:00-04:00,2.8245363235473633,2.859842993394498,2.771576318776661,2.8245363235473633,78300,0.0,0.0
2021-08-19 00:00:00-04:00,2.7362695408502304,2.7450962086422237,2.586216188386345,2.648002862930298,156600,0.0,0.0
2021-08-20 00:00:00-04:00,2.5773894987822126,2.7980564021589265,2.5773894987822126,2.709789514541626,75800,0.0,0.0
2021-08-23 00:00:00-04:00,2.7097897085415035,2.8421899442241028,2.7097897085415035,2.7980566024780273,60700,0.0,0.0
2021-08-24 00:00:00-04:00,2.7892297816188254,2.8863231281513047,2.7539228997081078,2.8421897888183594,86300,0.0,0.0
2021-08-25 00:00:00-04:00,2.815709677102031,2.8598430147403606,2.762749671936035,2.762749671936035,67100,0.0,0.0
2021-08-26 00:00:00-04:00,2.7450962086422237,2.780403090254557,2.648002862930298,2.648002862930298,68200,0.0,0.0
2021-08-27 00:00:00-04:00,2.6480028458369573,2.806883075511595,2.6391761781019416,2.771576404571533,115100,0.0,0.0
2021-08-30 00:00:00-04:00,2.771576425488427,2.8157097644965763,2.7186162082342884,2.8068830966949463,55200,0.0,0.0
2021-08-31 00:00:00-04:00,2.7539228367551525,2.868669726842129,2.7274428337607017,2.8333630561828613,40300,0.0,0.0
2021-09-01 00:00:00-04:00,2.8333631412920015,2.930456488521497,2.8333631412920015,2.8774964809417725,77500,0.0,0.0
2021-09-02 00:00:00-04:00,2.9216299266553616,3.1511235116098293,2.9216299266553616,3.018723487854004,103500,0.0,0.0
2021-09-03 00:00:00-04:00,3.0452034907176397,3.0981635001871433,2.9569365978240967,2.9569365978240967,49600,0.0,0.0
2021-09-07 00:00:00-04:00,2.974589667979476,3.2040834426879883,2.921629663251828,3.2040834426879883,164900,0.0,0.0
2021-09-08 00:00:00-04:00,3.25704337196897,3.25704337196897,3.0981631510220002,3.133469820022583,99100,0.0,0.0
2021-09-09 00:00:00-04:00,3.0628565209743375,3.1952565314103656,2.9922431820751227,3.0098965167999268,107900,0.0,0.0
2021-09-10 00:00:00-04:00,3.0628565043713403,3.168776512145996,3.001069833169458,3.168776512145996,105200,0.0,0.0
2021-09-13 00:00:00-04:00,3.1599498452447787,3.5218436260775534,3.1599498452447787,3.45123028755188,358900,0.0,0.0
2021-09-14 00:00:00-04:00,3.4512304431394365,3.6718971359802106,3.4512304431394365,3.6630706787109375,164900,0.0,0.0
2021-09-15 00:00:00-04:00,3.751337439738459,3.919044340492237,3.680724096450284,3.80429744720459,229300,0.0,0.0
2021-09-16 00:00:00-04:00,3.7954709319709785,3.8219507248566598,3.565977148888573,3.760164260864258,123300,0.0,0.0
2021-09-17 00:00:00-04:00,3.707203934118909,3.733684148613339,3.5659772458518972,3.6189372539520264,114700,0.0,0.0
2021-09-20 00:00:00-04:00,3.433577254334303,3.504190599058713,3.38944370343718,3.460057258605957,178500,0.0,0.0
2021-09-21 00:00:00-04:00,3.4600570851747507,3.5306704263597517,3.3541368629528927,3.468883752822876,205700,0.0,0.0
2021-09-22 00:00:00-04:00,3.539497160041123,3.6542436243407495,3.530670282308777,3.5748038291931152,82200,0.0,0.0
2021-09-23 00:00:00-04:00,3.6101107963797037,3.6542439260187796,3.530670573785144,3.6189372539520264,72900,0.0,0.0
2021-09-24 00:00:00-04:00,3.5483238083953275,3.724857163683167,3.5483238083953275,3.6983773708343506,126200,0.0,0.0
2021-09-27 00:00:00-04:00,3.742510290053827,3.9543507254488013,3.724856955511637,3.795470714569092,272700,0.0,0.0
2021-09-28 00:00:00-04:00,3.795470881523283,3.9278706859693284,3.7513373327821258,3.821950674057007,94700,0.0,0.0
2021-09-29 00:00:00-04:00,3.83960406041002,3.883737609737781,3.760164260864258,3.760164260864258,104900,0.0,0.0
2021-09-30 00:00:00-04:00,3.7601643631077692,3.795471035174522,3.5924574603463273,3.6189372539520264,161100,0.0,0.0
2021-10-01 00:00:00-04:00,3.6189370376998826,3.6630705855904577,3.5483236977859267,3.6542437076568604,162400,0.0,0.0
2021-10-04 00:00:00-04:00,3.698377412176689,3.9190443191975746,3.6895505338692662,3.7689907550811768,204400,0.0,0.0
2021-10-05 00:00:00-04:00,3.8660842239026927,3.8925640164439814,3.583630437833758,3.6277639865875244,179400,0.0,0.0
2021-10-06 00:00:00-04:00,3.654243647592993,3.7425103210346213,3.574803851939877,3.6101105213165283,131700,0.0,0.0
2021-10-07 00:00:00-04:00,3.6101104969182662,3.6101104969182662,3.204083380942137,3.2923500537872314,507900,0.0,0.0
2021-10-08 00:00:00-04:00,3.2835235011779194,3.504190401441669,3.2835235011779194,3.433577060699463,103800,0.0,0.0
2021-10-11 00:00:00-04:00,3.4512305905154057,3.6454174989519,3.4424039224248544,3.460057258605957,172100,0.0,0.0
2021-10-12 00:00:00-04:00,3.539497370594207,3.539497370594207,3.4512304820191715,3.477710485458374,77300,0.0,0.0
2021-10-13 00:00:00-04:00,3.4424039025617845,3.486537242759886,3.3629636797608358,3.424750566482544,232100,0.0,0.0
2021-10-14 00:00:00-04:00,3.460188798421585,3.523101477868366,3.379301343205589,3.406263828277588,100900,0.069431,0.0
2021-10-15 00:00:00-04:00,3.4152514573962884,3.4691764296575687,3.3972764666425284,3.4512014389038086,69500,0.0,0.0
2021-10-18 00:00:00-04:00,3.424238941070279,3.6399392579357928,3.424238941070279,3.487151622772217,180400,0.0,0.0
2021-10-19 00:00:00-04:00,3.5231016161976405,3.5231016161976405,3.4242389527731683,3.4512014389038086,127500,0.0,0.0
2021-10-20 00:00:00-04:00,3.5051265446998734,3.514114039869718,3.4422138642321762,3.4961390495300293,144400,0.0,0.0
2021-10-21 00:00:00-04:00,3.4601887294873466,3.5500638922156234,3.451201234642397,3.478163719177246,85700,0.0,0.0
2021-10-22 00:00:00-04:00,3.4871514185859214,3.5231013978655654,3.3972762561080327,3.5141139030456543,99100,0.0,0.0
2021-10-25 00:00:00-04:00,3.5141139919094937,3.729814087320694,3.5141139919094937,3.693864107131958,221400,0.0,0.0
2021-10-26 00:00:00-04:00,3.675889016270119,3.810701224003476,3.612976338385678,3.8017139434814453,202100,0.0,0.0
2021-10-27 00:00:00-04:00,3.729814132008682,3.8556390641768035,3.6848764419555664,3.6848764419555664,133700,0.0,0.0
2021-10-28 00:00:00-04:00,3.7118389954733555,3.810701224003476,3.6219640474652652,3.8017139434814453,53300,0.0,0.0
2021-10-29 00:00:00-04:00,3.765764193904547,3.945514100881401,3.7388014935792278,3.927539110183716,155100,0.0,0.0
2021-11-01 00:00:00-04:00,3.909564015011792,4.0443766559206615,3.909564015011792,4.035388946533203,184600,0.0,0.0
2021-11-02 00:00:00-04:00,4.035388981832534,4.035388981832534,3.9545017394257123,3.999439001083374,58800,0.0,0.0
2021-11-03 00:00:00-04:00,3.89158898410303,3.990451643543478,3.89158898410303,3.9185516834259033,53400,0.0,0.0
2021-11-04 00:00:00-04:00,4.017413844352404,4.02640155348938,3.8466516563254802,3.86462664604187,51100,0.0,0.0
2021-11-05 00:00:00-04:00,3.918551658721701,4.008426608302059,3.864626688973486,3.98146390914917,90400,0.0,0.0
2021-11-08 00:00:00-05:00,4.044376646611709,4.044376646611709,3.9095640060131376,4.008426666259766,68800,0.0,0.0
2021-11-09 00:00:00-05:00,3.9904518057087617,4.125264450686558,3.9095641330105675,4.116276741027832,100600,0.0,0.0
2021-11-10 00:00:00-05:00,4.080326662813333,4.1162766434811315,3.9724767208099365,3.9724767208099365,77200,0.0,0.0
2021-11-11 00:00:00-05:00,3.972476608393675,4.089314256536444,3.972476608393675,4.053364276885986,20300,0.0,0.0
2021-11-12 00:00:00-05:00,4.080326567966346,4.125264257035307,3.972476628469916,3.98146390914917,53500,0.0,0.0
2021-11-15 00:00:00-05:00,3.963488931825582,3.9994389117719424,3.7567763328552246,3.7567763328552246,199400,0.0,0.0
2021-11-16 00:00:00-05:00,3.756776312530741,3.9005766600957776,3.756776312530741,3.828676700592041,63900,0.0,0.0
2021-11-17 00:00:00-05:00,3.819688967319812,3.819688967319812,3.720826309346006,3.765763998031616,59300,0.0,0.0
2021-11-18 00:00:00-05:00,3.7208263779947255,3.76576406750943,3.6309514275228856,3.693864107131958,187700,0.0,0.0
2021-11-19 00:00:00-05:00,3.6309514394283156,3.666901419734927,3.5860139640450512,3.595001459121704,189000,0.0,0.0
2021-11-22 00:00:00-05:00,3.5860139200863514,3.6579140940969803,3.5860139200863514,3.6039891242980957,65300,0.0,0.0
2021-11-23 00:00:00-05:00,3.6039890902219134,3.6758890492739362,3.6039890902219134,3.639939069747925,43400,0.0,0.0
2021-11-24 00:00:00-05:00,3.6489263602097894,3.720826319456081,3.6129763805866437,3.6669013500213623,47500,0.0,0.0
2021-11-26 00:00:00-05:00,3.5680389404296875,3.5950014254067844,3.4691762812348825,3.5680389404296875,196400,0.0,0.0
2021-11-29 00:00:00-05:00,3.595001366440372,3.6039890755641015,3.4601887294873466,3.478163719177246,69900,0.0,0.0
2021-11-30 00:00:00-05:00,3.451201197788174,3.451201197788174,3.2624638080596924,3.2624638080596924,238400,0.0,0.0
2021-12-01 00:00:00-05:00,3.2804389503580924,3.361326406866549,3.064738852056755,3.0827138423919678,103800,0.0,0.0
2021-12-02 00:00:00-05:00,3.0827138701429573,3.280438979889029,3.0827138701429573,3.235501289367676,85200,0.0,0.0
2021-12-03 00:00:00-05:00,3.262464010699259,3.3343639731569428,3.235501310498837,3.2984139919281006,47400,0.0,0.0
2021-12-06 00:00:00-05:00,3.3433512965029997,3.5500638922156234,3.298413822278251,3.478163719177246,68300,0.0,0.0
2021-12-07 00:00:00-05:00,3.5590514788150927,3.7567763705014556,3.5590514788150927,3.595001459121704,86100,0.0,0.0
2021-12-08 00:00:00-05:00,3.55006405137238,3.6219642276341917,3.4691763798626902,3.5860140323638916,66000,0.0,0.0
2021-12-09 00:00:00-05:00,3.5860138620084223,3.6219640555708903,3.5320888930828893,3.5770263671875,91800,0.0,0.0
2021-12-10 00:00:00-05:00,3.603989217397578,3.603989217397578,3.3793014088737814,3.460188865661621,139200,0.0,0.0
2021-12-13 00:00:00-05:00,3.406263865016199,3.4242388552580696,3.244488738560581,3.307401418685913,52400,0.0,0.0
2021-12-14 00:00:00-05:00,3.2175263015051896,3.298413973086826,3.1636013299699584,3.17258882522583,75200,0.0,0.0
2021-12-15 00:00:00-05:00,3.1725888071260435,3.4062638967243735,3.1725888071260435,3.3972764015197754,60900,0.0,0.0
2021-12-16 00:00:00-05:00,3.3972764038533283,3.532089046293684,3.2714514709025315,3.3343639373779297,132800,0.0,0.0
2021-12-17 00:00:00-05:00,3.2444888058060473,3.3882889450002054,3.2444888058060473,3.2984139919281006,30600,0.0,0.0
2021-12-20 00:00:00-05:00,3.1905638020026577,3.3074014541048125,3.1905638020026577,3.271451473236084,71200,0.0,0.0
2021-12-21 00:00:00-05:00,3.298413855572387,3.370313815057742,3.2894263606367176,3.3163888454437256,59500,0.0,0.0
2021-12-22 00:00:00-05:00,3.280438968453266,3.3433514349735405,3.1995512972198394,3.271451473236084,57400,0.0,0.0
2021-12-23 00:00:00-05:00,3.235501289367676,3.289426475137542,3.208538803622137,3.235501289367676,63100,0.0,0.0
2021-12-27 00:00:00-05:00,3.181576239375314,3.415251324349806,3.1546137542950397,3.343351364135742,185300,0.0,0.0
2021-12-28 00:00:00-05:00,3.3253764720062033,3.4512014060860436,3.2714515002577,3.424238920211792,120200,0.0,0.0
2021-12-29 00:00:00-05:00,3.370313847184681,3.4961389917622405,3.3343638670993165,3.4691762924194336,149200,0.0,0.0
2021-12-30 00:00:00-05:00,3.406263828277588,3.487151497772367,3.379301343205589,3.406263828277588,186900,0.0,0.0
2021-12-31 00:00:00-05:00,3.4152513446584503,3.550063985140262,3.3972763544980467,3.5320889949798584,156600,0.0,0.0
2022-01-03 00:00:00-05:00,3.5051265154364817,3.9095640089817185,3.5051265154364817,3.882601737976074,377400,0.0,0.0
2022-01-04 00:00:00-05:00,3.8736139365528315,3.981463875127687,3.7747512785804336,3.8915889263153076,317300,0.0,0.0
2022-01-05 00:00:00-05:00,3.9455140922777088,3.9814640735946862,3.837664148326777,3.9005768299102783,119700,0.0,0.0
2022-01-06 00:00:00-05:00,3.981463865187981,4.017413844623184,3.873613926882372,3.9904515743255615,389200,0.0,0.0
2022-01-07 00:00:00-05:00,4.179189062553685,4.421851631163509,4.134251375250642,4.296026706695557,1223700,0.0,0.0
2022-01-10 00:00:00-05:00,4.439826686930488,4.772364206573906,4.412863988432956,4.700464248657227,1323100,0.0,0.0
2022-01-11 00:00:00-05:00,4.808314170239409,5.572251863510756,4.781351900385185,5.500351905822754,1565100,0.0,0.0
2022-01-12 00:00:00-05:00,5.572252069866489,5.752002399300692,5.1857895687029405,5.536302089691162,1107000,0.0,0.0
2022-01-13 00:00:00-05:00,5.572252025267824,5.7609896339564735,5.104901858171539,5.15882682800293,1412100,0.0,0.0
2022-01-14 00:00:00-05:00,5.099999904632568,5.369999885559082,4.849999904632568,5.260000228881836,1010000,0.581173,0.0
2022-01-18 00:00:00-05:00,5.340000152587891,5.949999809265137,5.340000152587891,5.769999980926514,790600,0.0,0.0
2022-01-19 00:00:00-05:00,5.960000038146973,6.46999979019165,5.849999904632568,6.159999847412109,1108500,0.0,0.0
2022-01-20 00:00:00-05:00,6.170000076293945,7.25,6.050000190734863,6.829999923706055,1115600,0.0,0.0
2022-01-21 00:00:00-05:00,6.75,6.75,5.949999809265137,6.139999866485596,776200,0.0,0.0
2022-01-24 00:00:00-05:00,5.980000019073486,6.300000190734863,5.869999885559082,6.210000038146973,516100,0.0,0.0
2022-01-25 00:00:00-05:00,6.230000019073486,6.900000095367432,6.079999923706055,6.849999904632568,602500,0.0,0.0
2022-01-26 00:00:00-05:00,7.0,7.769999980926514,6.809999942779541,7.199999809265137,984200,0.0,0.0
2022-01-27 00:00:00-05:00,7.389999866485596,7.5,6.78000020980835,7.070000171661377,452700,0.0,0.0
2022-01-28 00:00:00-05:00,7.340000152587891,7.380000114440918,6.539999961853027,6.840000152587891,491000,0.0,0.0
2022-01-31 00:00:00-05:00,6.829999923706055,7.050000190734863,6.650000095367432,6.989999771118164,260200,0.0,0.0
2022-02-01 00:00:00-05:00,6.909999847412109,7.599999904632568,6.760000228881836,7.559999942779541,472600,0.0,0.0
2022-02-02 00:00:00-05:00,7.650000095367432,8.050000190734863,7.510000228881836,8.039999961853027,563800,0.0,0.0
2022-02-03 00:00:00-05:00,7.909999847412109,9.149999618530273,7.909999847412109,8.890000343322754,1280900,0.0,0.0
2022-02-04 00:00:00-05:00,9.220000267028809,10.59000015258789,9.1899995803833,10.520000457763672,1555300,0.0,0.0
2022-02-07 00:00:00-05:00,10.130000114440918,10.260000228881836,8.390000343322754,8.449999809265137,2104600,0.0,0.0
2022-02-08 00:00:00-05:00,8.359999656677246,8.489999771118164,7.369999885559082,8.350000381469727,1777200,0.0,0.0
2022-02-09 00:00:00-05:00,8.229999542236328,8.579999923706055,7.639999866485596,8.539999961853027,821800,0.0,0.0
2022-02-10 00:00:00-05:00,8.350000381469727,9.319999694824219,8.300000190734863,9.15999984741211,792500,0.0,0.0
2022-02-11 00:00:00-05:00,9.229999542236328,9.970000267028809,9.210000038146973,9.859999656677246,571500,0.0,0.0
2022-02-14 00:00:00-05:00,10.0,10.0,8.569999694824219,9.579999923706055,904600,0.0,0.0
2022-02-15 00:00:00-05:00,9.119999885559082,9.390000343322754,8.829999923706055,8.960000038146973,358900,0.0,0.0
2022-02-16 00:00:00-05:00,9.1899995803833,9.779999732971191,9.010000228881836,9.149999618530273,524200,0.0,0.0
2022-02-17 00:00:00-05:00,9.279999732971191,9.59000015258789,9.1899995803833,9.579999923706055,360800,0.0,0.0
2022-02-18 00:00:00-05:00,9.4399995803833,9.640000343322754,9.020000457763672,9.449999809265137,341800,0.0,0.0
2022-02-22 00:00:00-05:00,9.989999771118164,10.510000228881836,9.609999656677246,10.210000038146973,814400,0.0,0.0
2022-02-23 00:00:00-05:00,10.34000015258789,11.390000343322754,10.199999809265137,11.029999732971191,902300,0.0,0.0
2022-02-24 00:00:00-05:00,11.880000114440918,12.609999656677246,11.5,12.489999771118164,1573100,0.0,0.0
2022-02-25 00:00:00-05:00,12.100000381469727,12.100000381469727,10.949999809265137,11.90999984741211,1074600,0.0,0.0
2022-02-28 00:00:00-05:00,12.34000015258789,13.210000038146973,12.199999809265137,12.609999656677246,801700,0.0,0.0
2022-03-01 00:00:00-05:00,13.34000015258789,14.850000381469727,13.069999694824219,14.550000190734863,1750100,0.0,0.0
2022-03-02 00:00:00-05:00,15.170000076293945,15.600000381469727,13.100000381469727,13.220000267028809,2343900,0.0,0.0
2022-03-03 00:00:00-05:00,12.8100004196167,14.170000076293945,11.859999656677246,14.130000114440918,1083200,0.0,0.0
2022-03-04 00:00:00-05:00,14.359999656677246,14.789999961853027,13.069999694824219,13.6899995803833,877600,0.0,0.0
2022-03-07 00:00:00-05:00,14.260000228881836,14.289999961853027,12.039999961853027,12.140000343322754,1152100,0.0,0.0
2022-03-08 00:00:00-05:00,12.5,13.640000343322754,12.300000190734863,12.9399995803833,739700,0.0,0.0
2022-03-09 00:00:00-05:00,12.449999809265137,12.5600004196167,11.020000457763672,11.260000228881836,1205200,0.0,0.0
2022-03-10 00:00:00-05:00,11.579999923706055,12.140000343322754,11.199999809265137,12.020000457763672,607700,0.0,0.0
2022-03-11 00:00:00-05:00,11.630000114440918,12.100000381469727,11.399999618530273,11.470000267028809,387800,0.0,0.0
2022-03-14 00:00:00-04:00,11.029999732971191,11.15999984741211,9.520000457763672,10.270000457763672,1161100,0.0,0.0
2022-03-15 00:00:00-04:00,9.1899995803833,9.949999809265137,8.5,9.0600004196167,1108200,0.0,0.0
2022-03-16 00:00:00-04:00,9.210000038146973,9.470000267028809,8.899999618530273,9.3100004196167,437700,0.0,0.0
2022-03-17 00:00:00-04:00,9.4399995803833,10.630000114440918,9.359999656677246,10.550000190734863,659500,0.0,0.0
2022-03-18 00:00:00-04:00,10.260000228881836,11.550000190734863,10.100000381469727,11.25,837200,0.0,0.0
2022-03-21 00:00:00-04:00,12.119999885559082,13.149999618530273,12.079999923706055,13.09000015258789,968200,0.0,0.0
2022-03-22 00:00:00-04:00,13.279999732971191,13.579999923706055,12.289999961853027,13.550000190734863,604400,0.0,0.0
2022-03-23 00:00:00-04:00,13.729999542236328,14.979999542236328,13.729999542236328,14.649999618530273,1025800,0.0,0.0
2022-03-24 00:00:00-04:00,14.90999984741211,15.3100004196167,14.100000381469727,14.489999771118164,767200,0.0,0.0
2022-03-25 00:00:00-04:00,14.239999771118164,14.8100004196167,13.350000381469727,14.779999732971191,771600,0.0,0.0
2022-03-28 00:00:00-04:00,14.100000381469727,14.449999809265137,13.210000038146973,13.829999923706055,642400,0.0,0.0
2022-03-29 00:00:00-04:00,13.289999961853027,13.970000267028809,12.510000228881836,13.90999984741211,562600,0.0,0.0
2022-03-30 00:00:00-04:00,14.229999542236328,15.270000457763672,14.229999542236328,14.920000076293945,674900,0.0,0.0
2022-03-31 00:00:00-04:00,14.25,15.520000457763672,14.079999923706055,14.970000267028809,854300,0.0,0.0
2022-04-01 00:00:00-04:00,15.0,16.75,14.920000076293945,16.049999237060547,1141800,0.0,0.0
2022-04-04 00:00:00-04:00,16.440000534057617,16.81999969482422,15.5600004196167,16.209999084472656,817200,0.0,0.0
2022-04-05 00:00:00-04:00,16.459999084472656,16.75,15.069999694824219,15.199999809265137,789900,0.0,0.0
2022-04-06 00:00:00-04:00,15.260000228881836,16.549999237060547,14.699999809265137,15.6899995803833,986000,0.0,0.0
2022-04-07 00:00:00-04:00,16.75,17.190000534057617,15.8100004196167,17.190000534057617,1161300,0.0,0.0
2022-04-08 00:00:00-04:00,17.350000381469727,18.389999389648438,16.68000030517578,17.68000030517578,902000,0.0,0.0
2022-04-11 00:00:00-04:00,17.239999771118164,17.239999771118164,15.899999618530273,16.440000534057617,1163200,0.0,0.0
2022-04-12 00:00:00-04:00,16.959999084472656,17.239999771118164,16.209999084472656,16.8799991607666,963300,0.0,0.0
2022-04-13 00:00:00-04:00,17.049999237060547,17.549999237060547,16.06999969482422,16.860000610351562,1218800,0.0,0.0
2022-04-14 00:00:00-04:00,15.430000305175781,16.450000762939453,14.8100004196167,15.319999694824219,1068900,0.0,0.0
2022-04-18 00:00:00-04:00,15.600000381469727,16.479999542236328,15.350000381469727,15.989999771118164,567500,0.0,0.0
2022-04-19 00:00:00-04:00,15.6899995803833,16.170000076293945,15.25,15.489999771118164,444100,0.0,0.0
2022-04-20 00:00:00-04:00,15.890000343322754,16.450000762939453,15.300000190734863,16.15999984741211,762100,0.0,0.0
2022-04-21 00:00:00-04:00,16.200000762939453,16.299999237060547,14.510000228881836,15.15999984741211,876300,0.0,0.0
2022-04-22 00:00:00-04:00,15.130000114440918,15.149999618530273,13.600000381469727,14.25,658000,0.0,0.0
2022-04-25 00:00:00-04:00,13.15999984741211,13.789999961853027,12.609999656677246,13.600000381469727,673500,0.0,0.0
2022-04-26 00:00:00-04:00,13.75,14.569999694824219,13.420000076293945,13.539999961853027,321100,0.0,0.0
2022-04-27 00:00:00-04:00,13.479999542236328,14.289999961853027,13.25,13.949999809265137,343500,0.0,0.0
2022-04-28 00:00:00-04:00,14.229999542236328,14.229999542236328,13.5,13.960000038146973,296600,0.0,0.0
2022-04-29 00:00:00-04:00,13.970000267028809,14.670000076293945,12.859999656677246,13.010000228881836,410900,0.0,0.0
2022-05-02 00:00:00-04:00,12.779999732971191,13.350000381469727,12.15999984741211,12.989999771118164,529400,0.0,0.0
2022-05-03 00:00:00-04:00,12.989999771118164,13.989999771118164,12.899999618530273,13.649999618530273,386900,0.0,0.0
2022-05-04 00:00:00-04:00,14.199999809265137,14.869999885559082,13.800000190734863,14.600000381469727,617800,0.0,0.0
2022-05-05 00:00:00-04:00,14.789999961853027,14.989999771118164,14.0,14.6899995803833,597800,0.0,0.0
2022-05-06 00:00:00-04:00,14.770000457763672,15.90999984741211,14.140000343322754,15.720000267028809,756800,0.0,0.0
2022-05-09 00:00:00-04:00,15.350000381469727,15.390000343322754,13.260000228881836,13.960000038146973,772400,0.0,0.0
2022-05-10 00:00:00-04:00,14.15999984741211,14.630000114440918,13.970000267028809,14.140000343322754,221200,0.0,0.0
2022-05-11 00:00:00-04:00,14.649999618530273,15.550000190734863,14.460000038146973,15.1899995803833,523300,0.0,0.0
2022-05-12 00:00:00-04:00,15.239999771118164,15.239999771118164,14.210000038146973,14.789999961853027,348400,0.0,0.0
2022-05-13 00:00:00-04:00,15.170000076293945,15.949999809265137,15.020000457763672,15.210000038146973,471300,0.0,0.0
2022-05-16 00:00:00-04:00,15.460000038146973,16.489999771118164,15.460000038146973,16.34000015258789,408100,0.0,0.0
2022-05-17 00:00:00-04:00,16.75,16.989999771118164,15.699999809265137,16.260000228881836,485900,0.0,0.0
2022-05-18 00:00:00-04:00,16.34000015258789,16.360000610351562,15.109999656677246,15.720000267028809,376200,0.0,0.0
2022-05-19 00:00:00-04:00,15.199999809265137,16.31999969482422,15.119999885559082,16.010000228881836,283400,0.0,0.0
2022-05-20 00:00:00-04:00,16.299999237060547,17.15999984741211,15.510000228881836,15.949999809265137,739200,0.0,0.0
2022-05-23 00:00:00-04:00,16.190000534057617,16.850000381469727,15.539999961853027,16.670000076293945,450600,0.0,0.0
2022-05-24 00:00:00-04:00,16.530000686645508,17.950000762939453,16.239999771118164,17.530000686645508,574000,0.0,0.0
2022-05-25 00:00:00-04:00,17.530000686645508,18.299999237060547,17.010000228881836,18.239999771118164,440900,0.0,0.0
2022-05-26 00:00:00-04:00,18.399999618530273,19.8799991607666,18.299999237060547,19.479999542236328,800500,0.0,0.0
2022-05-27 00:00:00-04:00,19.75,19.75,18.889999389648438,19.469999313354492,410500,0.0,0.0
2022-05-31 00:00:00-04:00,20.200000762939453,21.0,19.420000076293945,19.889999389648438,816300,0.0,0.0
2022-06-01 00:00:00-04:00,20.09000015258789,21.200000762939453,19.770000457763672,20.690000534057617,614500,0.0,0.0
2022-06-02 00:00:00-04:00,20.280000686645508,21.290000915527344,19.809999465942383,20.59000015258789,537900,0.0,0.0
2022-06-03 00:00:00-04:00,20.700000762939453,21.649999618530273,20.350000381469727,21.450000762939453,504600,0.0,0.0
2022-06-06 00:00:00-04:00,21.75,24.06999969482422,21.510000228881836,24.06999969482422,867800,0.0,0.0
2022-06-07 00:00:00-04:00,23.950000762939453,25.959999084472656,22.329999923706055,24.329999923706055,1430600,0.0,0.0
2022-06-08 00:00:00-04:00,24.969999313354492,26.079999923706055,23.6200008392334,24.639999389648438,1156400,0.0,0.0
2022-06-09 00:00:00-04:00,24.65999984741211,25.329999923706055,22.81999969482422,24.549999237060547,668100,0.0,0.0
2022-06-10 00:00:00-04:00,24.139999389648438,25.829999923706055,23.510000228881836,24.829999923706055,679000,0.0,0.0
2022-06-13 00:00:00-04:00,23.75,23.93000030517578,21.0,22.520000457763672,1014300,0.0,0.0
2022-06-14 00:00:00-04:00,23.520000457763672,25.0,22.520000457763672,23.110000610351562,675400,0.0,0.0
2022-06-15 00:00:00-04:00,23.25,24.100000381469727,21.600000381469727,22.700000762939453,547200,0.0,0.0
2022-06-16 00:00:00-04:00,21.610000610351562,22.510000228881836,20.65999984741211,20.81999969482422,836100,0.0,0.0
2022-06-17 00:00:00-04:00,20.950000762939453,21.350000381469727,18.559999465942383,19.0,962300,0.0,0.0
2022-06-21 00:00:00-04:00,20.15999984741211,22.770000457763672,20.15999984741211,22.450000762939453,635000,0.0,0.0
2022-06-22 00:00:00-04:00,20.8799991607666,21.959999084472656,19.729999542236328,20.610000610351562,513900,0.0,0.0
2022-06-23 00:00:00-04:00,20.93000030517578,21.780000686645508,18.299999237060547,19.059999465942383,653200,0.0,0.0
2022-06-24 00:00:00-04:00,19.950000762939453,21.479999542236328,19.31999969482422,20.510000228881836,417900,0.0,0.0
2022-06-27 00:00:00-04:00,21.290000915527344,23.31999969482422,20.940000534057617,22.81999969482422,509800,0.0,0.0
2022-06-28 00:00:00-04:00,23.889999389648438,24.989999771118164,23.559999465942383,24.360000610351562,966200,0.0,0.0
2022-06-29 00:00:00-04:00,24.940000534057617,24.989999771118164,21.75,22.31999969482422,778400,0.0,0.0
2022-06-30 00:00:00-04:00,21.610000610351562,22.059999465942383,19.899999618530273,20.469999313354492,445200,0.0,0.0
2022-07-01 00:00:00-04:00,21.610000610351562,21.6200008392334,20.18000030517578,21.149999618530273,259900,0.0,0.0
2022-07-05 00:00:00-04:00,20.790000915527344,21.389999389648438,18.6200008392334,20.0,591600,0.0,0.0
2022-07-06 00:00:00-04:00,20.670000076293945,21.399999618530273,18.510000228881836,19.139999389648438,625100,0.0,0.0
2022-07-07 00:00:00-04:00,19.6299991607666,21.100000381469727,19.600000381469727,20.610000610351562,554300,0.0,0.0
2022-07-08 00:00:00-04:00,21.09000015258789,21.989999771118164,20.399999618530273,21.600000381469727,497700,0.0,0.0
2022-07-11 00:00:00-04:00,21.489999771118164,22.200000762939453,21.209999084472656,21.709999084472656,649200,0.0,0.0
2022-07-12 00:00:00-04:00,20.219999313354492,20.850000381469727,19.1299991607666,19.229999542236328,1406500,0.0,0.0
2022-07-13 00:00:00-04:00,19.229999542236328,20.809999465942383,19.229999542236328,20.139999389648438,1077200,0.0,0.0
2022-07-14 00:00:00-04:00,17.799999237060547,17.899999618530273,15.359999656677246,16.190000534057617,1367900,0.0,0.0
2022-07-15 00:00:00-04:00,16.719999313354492,16.899999618530273,16.0,16.65999984741211,468400,0.0,0.0
2022-07-18 00:00:00-04:00,17.1299991607666,19.479999542236328,17.06999969482422,17.75,1091000,0.0,0.0
2022-07-19 00:00:00-04:00,17.950000762939453,18.920000076293945,17.209999084472656,17.520000457763672,737500,0.0,0.0
2022-07-20 00:00:00-04:00,17.59000015258789,18.299999237060547,16.950000762939453,17.3700008392334,615200,0.0,0.0
2022-07-21 00:00:00-04:00,16.639999389648438,17.0,15.699999809265137,16.899999618530273,679700,0.0,0.0
2022-07-22 00:00:00-04:00,16.670000076293945,16.940000534057617,15.25,15.4399995803833,568000,0.0,0.0
2022-07-25 00:00:00-04:00,15.520000457763672,16.850000381469727,15.5,16.600000381469727,518600,0.0,0.0
2022-07-26 00:00:00-04:00,16.969999313354492,17.93000030517578,16.200000762939453,16.649999618530273,621200,0.0,0.0
2022-07-27 00:00:00-04:00,16.799999237060547,17.3799991607666,16.34000015258789,17.139999389648438,362100,0.0,0.0
2022-07-28 00:00:00-04:00,17.389999389648438,17.56999969482422,16.549999237060547,17.149999618530273,198000,0.0,0.0
2022-07-29 00:00:00-04:00,17.540000915527344,18.170000076293945,17.280000686645508,17.739999771118164,503900,0.0,0.0
2022-08-01 00:00:00-04:00,17.350000381469727,17.450000762939453,15.779999732971191,16.540000915527344,725200,0.0,0.0
2022-08-02 00:00:00-04:00,16.450000762939453,16.8799991607666,16.190000534057617,16.479999542236328,233200,0.0,0.0
2022-08-03 00:00:00-04:00,16.59000015258789,16.940000534057617,15.720000267028809,15.9399995803833,398800,0.0,0.0
2022-08-04 00:00:00-04:00,15.579999923706055,15.850000381469727,13.930000305175781,13.989999771118164,823900,0.0,0.0
2022-08-05 00:00:00-04:00,13.649999618530273,15.199999809265137,13.479999542236328,14.729999542236328,665900,0.0,0.0
2022-08-08 00:00:00-04:00,14.819999694824219,15.380000114440918,14.670000076293945,15.100000381469727,411600,0.0,0.0
2022-08-09 00:00:00-04:00,15.449999809265137,15.930000305175781,15.100000381469727,15.739999771118164,433000,0.0,0.0
2022-08-10 00:00:00-04:00,15.819999694824219,15.819999694824219,14.710000038146973,14.760000228881836,718000,0.0,0.0
2022-08-11 00:00:00-04:00,15.149999618530273,15.930000305175781,15.109999656677246,15.800000190734863,411400,0.0,0.0
2022-08-12 00:00:00-04:00,15.6899995803833,15.949999809265137,15.279999732971191,15.800000190734863,235200,0.0,0.0
2022-08-15 00:00:00-04:00,14.640000343322754,15.34000015258789,14.390000343322754,15.130000114440918,402500,0.0,0.0
2022-08-16 00:00:00-04:00,15.09000015258789,15.529999732971191,14.859999656677246,15.069999694824219,468100,0.0,0.0
2022-08-17 00:00:00-04:00,15.0,15.710000038146973,14.960000038146973,15.460000038146973,300100,0.0,0.0
2022-08-18 00:00:00-04:00,15.789999961853027,16.389999389648438,15.529999732971191,16.3799991607666,555900,0.0,0.0
2022-08-19 00:00:00-04:00,16.09000015258789,16.100000381469727,15.470000267028809,15.520000457763672,294700,0.0,0.0
2022-08-22 00:00:00-04:00,15.0600004196167,15.859999656677246,14.579999923706055,15.760000228881836,343200,0.0,0.0
2022-08-23 00:00:00-04:00,15.949999809265137,17.25,15.920000076293945,16.93000030517578,629000,0.0,0.0
2022-08-24 00:00:00-04:00,17.299999237060547,17.649999618530273,16.34000015258789,17.010000228881836,591400,0.0,0.0
2022-08-25 00:00:00-04:00,17.100000381469727,17.31999969482422,16.59000015258789,17.100000381469727,236900,0.0,0.0
2022-08-26 00:00:00-04:00,17.170000076293945,17.43000030517578,16.700000762939453,17.329999923706055,243100,0.0,0.0
2022-08-29 00:00:00-04:00,17.489999771118164,18.899999618530273,17.299999237060547,18.59000015258789,797300,0.0,0.0
2022-08-30 00:00:00-04:00,18.389999389648438,18.389999389648438,15.90999984741211,16.450000762939453,817100,0.0,0.0
2022-08-31 00:00:00-04:00,16.040000915527344,17.040000915527344,15.609999656677246,16.81999969482422,349600,0.0,0.0
2022-09-01 00:00:00-04:00,16.280000686645508,16.40999984741211,15.300000190734863,15.5,629800,0.0,0.0
2022-09-02 00:00:00-04:00,16.100000381469727,16.799999237060547,15.800000190734863,16.760000228881836,339300,0.0,0.0
2022-09-06 00:00:00-04:00,17.09000015258789,17.170000076293945,16.399999618530273,16.540000915527344,178700,0.0,0.0
2022-09-07 00:00:00-04:00,16.139999389648438,16.149999618530273,14.800000190734863,14.880000114440918,527800,0.0,0.0
2022-09-08 00:00:00-04:00,15.050000190734863,15.720000267028809,15.050000190734863,15.550000190734863,264000,0.0,0.0
2022-09-09 00:00:00-04:00,15.90999984741211,16.440000534057617,15.8100004196167,16.270000457763672,229200,0.0,0.0
2022-09-12 00:00:00-04:00,16.610000610351562,16.90999984741211,16.15999984741211,16.239999771118164,301600,0.0,0.0
2022-09-13 00:00:00-04:00,16.059999465942383,16.440000534057617,15.4399995803833,15.5,353300,0.0,0.0
2022-09-14 00:00:00-04:00,15.989999771118164,16.81999969482422,15.670000076293945,16.239999771118164,472200,0.0,0.0
2022-09-15 00:00:00-04:00,15.970000267028809,15.970000267028809,15.100000381469727,15.289999961853027,545800,0.0,0.0
2022-09-16 00:00:00-04:00,15.5,15.510000228881836,14.829999923706055,15.260000228881836,384500,0.0,0.0
2022-09-19 00:00:00-04:00,14.75,15.140000343322754,14.600000381469727,15.100000381469727,641900,0.0,0.0
2022-09-20 00:00:00-04:00,15.0,15.079999923706055,13.800000190734863,14.279999732971191,679200,0.0,0.0
2022-09-21 00:00:00-04:00,14.720000267028809,14.760000228881836,13.359999656677246,13.359999656677246,437000,0.0,0.0
2022-09-22 00:00:00-04:00,13.869999885559082,14.25,13.149999618530273,13.399999618530273,424100,0.0,0.0
2022-09-23 00:00:00-04:00,12.869999885559082,12.869999885559082,11.25,11.569999694824219,718700,0.0,0.0
2022-09-26 00:00:00-04:00,11.350000381469727,11.729999542236328,10.800000190734863,10.869999885559082,589500,0.0,0.0
2022-09-27 00:00:00-04:00,11.100000381469727,11.8100004196167,11.069999694824219,11.5600004196167,402800,0.0,0.0
2022-09-28 00:00:00-04:00,11.880000114440918,12.829999923706055,11.729999542236328,12.65999984741211,529200,0.0,0.0
2022-09-29 00:00:00-04:00,12.630000114440918,12.75,11.520000457763672,12.210000038146973,622700,0.0,0.0
2022-09-30 00:00:00-04:00,12.140000343322754,12.329999923706055,11.720000267028809,11.9399995803833,155000,0.0,0.0
2022-10-03 00:00:00-04:00,12.930000305175781,13.399999618530273,12.539999961853027,13.109999656677246,543200,0.0,0.0
2022-10-04 00:00:00-04:00,14.239999771118164,14.270000457763672,13.329999923706055,13.5,623300,0.0,0.0
2022-10-05 00:00:00-04:00,13.789999961853027,14.770000457763672,13.420000076293945,14.640000343322754,613700,0.0,0.0
2022-10-06 00:00:00-04:00,14.479999542236328,14.970000267028809,13.569999694824219,13.600000381469727,699100,0.0,0.0
2022-10-07 00:00:00-04:00,13.9399995803833,14.350000381469727,13.050000190734863,13.229999542236328,703300,0.0,0.0
2022-10-10 00:00:00-04:00,13.960000038146973,14.300000190734863,13.100000381469727,13.5,730500,0.0,0.0
2022-10-11 00:00:00-04:00,13.170000076293945,14.449999809265137,13.140000343322754,13.75,673000,0.0,0.0
2022-10-12 00:00:00-04:00,13.899999618530273,14.100000381469727,13.180000305175781,13.829999923706055,666800,0.0,0.0
2022-10-13 00:00:00-04:00,13.479999542236328,14.449999809265137,13.300000190734863,13.979999542236328,982700,0.0,0.0
2022-10-14 00:00:00-04:00,13.5,13.600000381469727,12.59000015258789,13.59000015258789,622600,0.0,0.0
2022-10-17 00:00:00-04:00,13.949999809265137,13.960000038146973,12.760000228881836,12.84000015258789,527400,0.0,0.0
2022-10-18 00:00:00-04:00,12.579999923706055,12.770000457763672,11.600000381469727,12.4399995803833,783900,0.0,0.0
2022-10-19 00:00:00-04:00,12.729999542236328,13.100000381469727,12.0,12.779999732971191,592100,0.0,0.0
2022-10-20 00:00:00-04:00,12.979999542236328,13.729999542236328,12.899999618530273,13.350000381469727,363100,0.0,0.0
2022-10-21 00:00:00-04:00,13.550000190734863,13.670000076293945,12.75,12.960000038146973,302900,0.0,0.0
2022-10-24 00:00:00-04:00,12.899999618530273,13.0,11.920000076293945,12.09000015258789,516100,0.0,0.0
2022-10-25 00:00:00-04:00,12.0,12.960000038146973,11.949999809265137,12.899999618530273,234600,0.0,0.0
2022-10-26 00:00:00-04:00,13.130000114440918,13.819999694824219,13.039999961853027,13.729999542236328,374200,0.0,0.0
2022-10-27 00:00:00-04:00,13.800000190734863,13.949999809265137,13.199999809265137,13.65999984741211,371700,0.0,0.0
2022-10-28 00:00:00-04:00,13.510000228881836,13.899999618530273,12.6899995803833,12.779999732971191,369400,0.0,0.0
2022-10-31 00:00:00-04:00,12.5,13.3100004196167,12.5,13.020000457763672,300500,0.0,0.0
2022-11-01 00:00:00-04:00,13.399999618530273,14.100000381469727,13.079999923706055,13.84000015258789,433300,0.0,0.0
2022-11-02 00:00:00-04:00,13.920000076293945,14.369999885559082,13.270000457763672,13.899999618530273,275800,0.0,0.0
2022-11-03 00:00:00-04:00,13.520000457763672,14.59000015258789,13.5,14.300000190734863,416400,0.0,0.0
2022-11-04 00:00:00-04:00,14.989999771118164,15.34000015258789,14.630000114440918,14.949999809265137,619000,0.0,0.0
2022-11-07 00:00:00-05:00,15.25,15.350000381469727,14.239999771118164,14.260000228881836,332100,0.0,0.0
2022-11-08 00:00:00-05:00,14.260000228881836,14.5,13.75,14.050000190734863,226800,0.0,0.0
2022-11-09 00:00:00-05:00,13.630000114440918,13.920000076293945,12.630000114440918,12.699999809265137,264000,0.0,0.0
2022-11-10 00:00:00-05:00,13.479999542236328,14.0600004196167,13.260000228881836,13.989999771118164,330100,0.0,0.0
2022-11-11 00:00:00-05:00,14.359999656677246,14.75,14.130000114440918,14.510000228881836,195300,0.0,0.0
2022-11-14 00:00:00-05:00,14.5600004196167,14.569999694824219,13.359999656677246,13.609999656677246,409500,0.0,0.0
2022-11-15 00:00:00-05:00,13.850000381469727,14.369999885559082,13.630000114440918,14.140000343322754,534400,0.0,0.0
2022-11-16 00:00:00-05:00,14.0,14.100000381469727,13.510000228881836,13.670000076293945,263600,0.0,0.0
2022-11-17 00:00:00-05:00,13.600000381469727,13.819999694824219,13.199999809265137,13.819999694824219,245100,0.0,0.0
2022-11-18 00:00:00-05:00,13.449999809265137,13.600000381469727,12.850000381469727,13.489999771118164,386400,0.0,0.0
2022-11-21 00:00:00-05:00,13.25,13.3100004196167,12.0,13.210000038146973,447200,0.0,0.0
2022-11-22 00:00:00-05:00,13.25,13.989999771118164,13.100000381469727,13.680000305175781,222500,0.0,0.0
2022-11-23 00:00:00-05:00,13.579999923706055,13.760000228881836,12.970000267028809,13.300000190734863,229900,0.0,0.0
2022-11-25 00:00:00-05:00,13.289999961853027,13.579999923706055,13.170000076293945,13.489999771118164,57500,0.0,0.0
2022-11-28 00:00:00-05:00,13.0,13.15999984741211,12.670000076293945,12.850000381469727,401700,0.0,0.0
2022-11-29 00:00:00-05:00,12.930000305175781,13.4399995803833,12.90999984741211,13.220000267028809,276500,0.0,0.0
2022-11-30 00:00:00-05:00,13.25,14.010000228881836,13.25,13.710000038146973,347500,0.0,0.0
2022-12-01 00:00:00-05:00,14.0,14.359999656677246,13.5,13.720000267028809,497400,0.0,0.0
2022-12-02 00:00:00-05:00,13.619999885559082,14.149999618530273,13.59000015258789,13.640000343322754,252300,0.0,0.0
2022-12-05 00:00:00-05:00,14.010000228881836,14.239999771118164,13.210000038146973,13.40999984741211,290400,0.0,0.0
2022-12-06 00:00:00-05:00,13.149999618530273,13.5,12.640000343322754,12.84000015258789,342900,0.0,0.0
2022-12-07 00:00:00-05:00,12.890000343322754,13.09000015258789,12.460000038146973,12.59000015258789,144800,0.0,0.0
2022-12-08 00:00:00-05:00,12.880000114440918,13.199999809265137,12.25,12.350000381469727,174100,0.0,0.0
2022-12-09 00:00:00-05:00,12.420000076293945,12.420000076293945,11.600000381469727,11.649999618530273,345000,0.0,0.0
2022-12-12 00:00:00-05:00,11.800000190734863,11.829999923706055,10.920000076293945,11.220000267028809,529200,0.0,0.0
2022-12-13 00:00:00-05:00,11.930000305175781,11.930000305175781,11.329999923706055,11.619999885559082,231500,0.0,0.0
2022-12-14 00:00:00-05:00,11.75,12.149999618530273,11.600000381469727,11.859999656677246,253100,0.0,0.0
2022-12-15 00:00:00-05:00,11.699999809265137,11.979999542236328,11.329999923706055,11.470000267028809,133600,0.0,0.0
2022-12-16 00:00:00-05:00,11.300000190734863,11.4399995803833,11.069999694824219,11.380000114440918,146700,0.0,0.0
2022-12-19 00:00:00-05:00,11.329999923706055,11.5,10.979999542236328,11.029999732971191,161900,0.0,0.0
2022-12-20 00:00:00-05:00,11.0,11.399999618530273,10.970000267028809,11.1899995803833,183200,0.0,0.0
2022-12-21 00:00:00-05:00,11.430000305175781,11.619999885559082,11.210000038146973,11.489999771118164,223100,0.0,0.0
2022-12-22 00:00:00-05:00,11.550000190734863,11.550000190734863,10.880000114440918,11.069999694824219,173900,0.0,0.0
2022-12-23 00:00:00-05:00,11.09000015258789,12.199999809265137,11.069999694824219,12.100000381469727,419800,0.0,0.0
2022-12-27 00:00:00-05:00,12.25,12.930000305175781,11.899999618530273,12.829999923706055,461800,0.0,0.0
2022-12-28 00:00:00-05:00,12.850000381469727,12.850000381469727,11.850000381469727,12.220000267028809,427300,0.0,0.0
2022-12-29 00:00:00-05:00,12.210000038146973,12.539999961853027,12.119999885559082,12.170000076293945,347000,0.0,0.0
2022-12-30 00:00:00-05:00,12.170000076293945,12.25,11.539999961853027,11.680000305175781,394200,0.0,0.0
2023-01-03 00:00:00-05:00,11.800000190734863,11.800000190734863,10.880000114440918,11.300000190734863,394200,0.0,0.0
2023-01-04 00:00:00-05:00,11.199999809265137,11.199999809265137,10.399999618530273,10.800000190734863,563500,0.0,0.0
2023-01-05 00:00:00-05:00,10.640000343322754,10.779999732971191,10.1899995803833,10.390000343322754,301000,0.0,0.0
2023-01-06 00:00:00-05:00,10.5,10.850000381469727,10.300000190734863,10.34000015258789,320300,0.0,0.0
2023-01-09 00:00:00-05:00,10.640000343322754,11.40999984741211,10.640000343322754,11.289999961853027,564700,0.0,0.0
2023-01-10 00:00:00-05:00,11.350000381469727,12.0,11.029999732971191,12.0,379800,0.0,0.0
2023-01-11 00:00:00-05:00,12.229999542236328,12.460000038146973,11.8100004196167,11.920000076293945,391600,0.0,0.0
2023-01-12 00:00:00-05:00,12.140000343322754,12.90999984741211,12.0600004196167,12.5,711200,0.0,0.0
2023-01-13 00:00:00-05:00,11.979999542236328,12.210000038146973,11.300000190734863,12.180000305175781,478700,0.0,0.0
2023-01-17 00:00:00-05:00,12.100000381469727,12.100000381469727,11.569999694824219,11.779999732971191,313600,0.0,0.0
2023-01-18 00:00:00-05:00,11.789999961853027,12.470000267028809,11.739999771118164,11.869999885559082,376100,0.0,0.0
2023-01-19 00:00:00-05:00,11.880000114440918,12.65999984741211,11.819999694824219,12.520000457763672,260100,0.0,0.0
2023-01-20 00:00:00-05:00,12.640000343322754,12.850000381469727,12.270000457763672,12.800000190734863,232400,0.0,0.0
2023-01-23 00:00:00-05:00,12.850000381469727,13.3100004196167,12.649999618530273,12.649999618530273,341200,0.0,0.0
2023-01-24 00:00:00-05:00,12.699999809265137,12.989999771118164,12.5,12.800000190734863,185400,0.0,0.0
2023-01-25 00:00:00-05:00,12.710000038146973,12.9399995803833,12.40999984741211,12.859999656677246,144800,0.0,0.0
2023-01-26 00:00:00-05:00,13.0,13.15999984741211,12.550000190734863,12.960000038146973,149000,0.0,0.0
2023-01-27 00:00:00-05:00,12.989999771118164,13.289999961853027,12.770000457763672,13.0,222800,0.0,0.0
2023-01-30 00:00:00-05:00,12.930000305175781,13.130000114440918,12.229999542236328,12.380000114440918,265000,0.0,0.0
2023-01-31 00:00:00-05:00,12.5,12.680000305175781,12.170000076293945,12.25,198900,0.0,0.0
2023-02-01 00:00:00-05:00,12.130000114440918,12.350000381469727,11.779999732971191,12.1899995803833,218600,0.0,0.0
2023-02-02 00:00:00-05:00,12.050000190734863,12.1899995803833,11.300000190734863,11.5600004196167,495600,0.0,0.0
2023-02-03 00:00:00-05:00,11.5600004196167,12.010000228881836,11.25,11.319999694824219,361600,0.0,0.0
2023-02-06 00:00:00-05:00,11.399999618530273,11.399999618530273,11.020000457763672,11.270000457763672,147600,0.0,0.0
2023-02-07 00:00:00-05:00,11.489999771118164,12.010000228881836,11.380000114440918,11.899999618530273,254000,0.0,0.0
2023-02-08 00:00:00-05:00,12.210000038146973,12.210000038146973,11.1899995803833,11.380000114440918,324500,0.0,0.0
2023-02-09 00:00:00-05:00,11.569999694824219,11.569999694824219,11.039999961853027,11.069999694824219,227700,0.0,0.0
2023-02-10 00:00:00-05:00,11.380000114440918,11.6899995803833,11.300000190734863,11.539999961853027,316900,0.0,0.0
2023-02-13 00:00:00-05:00,11.59000015258789,11.59000015258789,11.180000305175781,11.34000015258789,192600,0.0,0.0
2023-02-14 00:00:00-05:00,11.300000190734863,11.920000076293945,11.199999809265137,11.720000267028809,264300,0.0,0.0
2023-02-15 00:00:00-05:00,11.470000267028809,11.470000267028809,11.199999809265137,11.239999771118164,221200,0.0,0.0
2023-02-16 00:00:00-05:00,11.199999809265137,11.329999923706055,10.90999984741211,10.949999809265137,225500,0.0,0.0
2023-02-17 00:00:00-05:00,10.850000381469727,10.850000381469727,10.4399995803833,10.550000190734863,346100,0.0,0.0
2023-02-21 00:00:00-05:00,10.600000381469727,10.779999732971191,10.300000190734863,10.380000114440918,261600,0.0,0.0
2023-02-22 00:00:00-05:00,10.300000190734863,10.430000305175781,10.020000457763672,10.260000228881836,180100,0.0,0.0
2023-02-23 00:00:00-05:00,10.489999771118164,10.84000015258789,10.430000305175781,10.5600004196167,187100,0.0,0.0
2023-02-24 00:00:00-05:00,10.359999656677246,10.600000381469727,10.25,10.5,110600,0.0,0.0
2023-02-27 00:00:00-05:00,10.470000267028809,10.569999694824219,10.270000457763672,10.300000190734863,113000,0.0,0.0
2023-02-28 00:00:00-05:00,10.470000267028809,10.670000076293945,10.300000190734863,10.300000190734863,149000,0.0,0.0
2023-03-01 00:00:00-05:00,10.5,10.640000343322754,10.399999618530273,10.550000190734863,75900,0.0,0.0
2023-03-02 00:00:00-05:00,10.449999809265137,10.729999542236328,10.449999809265137,10.59000015258789,118000,0.0,0.0
2023-03-03 00:00:00-05:00,10.479999542236328,10.800000190734863,10.430000305175781,10.75,208900,0.0,0.0
2023-03-06 00:00:00-05:00,10.649999618530273,10.869999885559082,10.470000267028809,10.829999923706055,158700,0.0,0.0
2023-03-07 00:00:00-05:00,10.890000343322754,10.899999618530273,10.510000228881836,10.510000228881836,125800,0.0,0.0
2023-03-08 00:00:00-05:00,10.5,10.630000114440918,10.170000076293945,10.40999984741211,151100,0.0,0.0
2023-03-09 00:00:00-05:00,10.289999961853027,10.579999923706055,10.149999618530273,10.180000305175781,107300,0.0,0.0
2023-03-10 00:00:00-05:00,10.210000038146973,10.300000190734863,9.729999542236328,9.829999923706055,225100,0.0,0.0
2023-03-13 00:00:00-04:00,9.600000381469727,10.0,9.260000228881836,9.34000015258789,386600,0.0,0.0
2023-03-14 00:00:00-04:00,9.5,9.649999618530273,8.579999923706055,8.770000457763672,414400,0.0,0.0
2023-03-15 00:00:00-04:00,8.279999732971191,8.449999809265137,7.570000171661377,8.079999923706055,691100,0.0,0.0
2023-03-16 00:00:00-04:00,8.100000381469727,8.539999961853027,8.039999961853027,8.460000038146973,234800,0.0,0.0
2023-03-17 00:00:00-04:00,8.5600004196167,8.649999618530273,8.079999923706055,8.100000381469727,231300,0.0,0.0
2023-03-20 00:00:00-04:00,8.15999984741211,8.470000267028809,8.140000343322754,8.170000076293945,213900,0.0,0.0
2023-03-21 00:00:00-04:00,8.350000381469727,8.75,8.350000381469727,8.710000038146973,245700,0.0,0.0
2023-03-22 00:00:00-04:00,8.859999656677246,9.0,8.510000228881836,8.579999923706055,215600,0.0,0.0
2023-03-23 00:00:00-04:00,8.569999694824219,8.899999618530273,8.539999961853027,8.609999656677246,146400,0.0,0.0
2023-03-24 00:00:00-04:00,8.649999618530273,8.890000343322754,8.539999961853027,8.869999885559082,186700,0.0,0.0
2023-03-27 00:00:00-04:00,9.0,9.020000457763672,8.640000343322754,8.84000015258789,190900,0.0,0.0
2023-03-28 00:00:00-04:00,8.949999809265137,9.229999542236328,8.800000190734863,8.8100004196167,242100,0.0,0.0
2023-03-29 00:00:00-04:00,8.850000381469727,9.039999961853027,8.399999618530273,8.59000015258789,311100,0.0,0.0
2023-03-30 00:00:00-04:00,8.609999656677246,8.680000305175781,7.889999866485596,7.900000095367432,624200,0.0,0.0
2023-03-31 00:00:00-04:00,7.96999979019165,8.0,7.420000076293945,7.639999866485596,549900,0.0,0.0
2023-04-03 00:00:00-04:00,8.279999732971191,9.529999732971191,8.149999618530273,8.989999771118164,1119600,0.0,0.0
2023-04-04 00:00:00-04:00,9.470000267028809,9.5,8.729999542236328,8.819999694824219,586400,0.0,0.0
2023-04-05 00:00:00-04:00,8.899999618530273,8.920000076293945,8.479999542236328,8.739999771118164,346900,0.0,0.0
2023-04-06 00:00:00-04:00,8.720000267028809,8.789999961853027,8.289999961853027,8.329999923706055,331200,0.0,0.0
2023-04-10 00:00:00-04:00,7.650000095367432,7.840000152587891,6.019999980926514,6.400000095367432,1708100,0.0,0.0
2023-04-11 00:00:00-04:00,6.510000228881836,7.480000019073486,6.480000019073486,7.400000095367432,707400,0.0,0.0
2023-04-12 00:00:00-04:00,7.349999904632568,8.0,7.28000020980835,7.710000038146973,322900,0.0,0.0
2023-04-13 00:00:00-04:00,7.690000057220459,8.130000114440918,7.570000171661377,7.869999885559082,225900,0.0,0.0
2023-04-14 00:00:00-04:00,7.820000171661377,8.109999656677246,7.75,7.900000095367432,120300,0.0,0.0
2023-04-17 00:00:00-04:00,7.690000057220459,7.96999979019165,7.510000228881836,7.769999980926514,203800,0.0,0.0
2023-04-18 00:00:00-04:00,7.71999979019165,7.71999979019165,7.400000095367432,7.53000020980835,185000,0.0,0.0
2023-04-19 00:00:00-04:00,7.5,7.579999923706055,7.260000228881836,7.309999942779541,160000,0.0,0.0
2023-04-20 00:00:00-04:00,7.25,7.340000152587891,7.159999847412109,7.309999942779541,229700,0.0,0.0
2023-04-21 00:00:00-04:00,7.329999923706055,7.380000114440918,7.150000095367432,7.340000152587891,110400,0.0,0.0
2023-04-24 00:00:00-04:00,7.21999979019165,7.550000190734863,7.21999979019165,7.420000076293945,134200,0.0,0.0
2023-04-25 00:00:00-04:00,7.260000228881836,7.329999923706055,7.0,7.019999980926514,120200,0.0,0.0
2023-04-26 00:00:00-04:00,7.130000114440918,7.190000057220459,6.849999904632568,6.909999847412109,199700,0.0,0.0
2023-04-27 00:00:00-04:00,6.889999866485596,7.090000152587891,6.650000095367432,6.670000076293945,180900,0.0,0.0
2023-04-28 00:00:00-04:00,6.619999885559082,7.0,6.599999904632568,6.949999809265137,193900,0.0,0.0
2023-05-01 00:00:00-04:00,6.940000057220459,7.079999923706055,6.610000133514404,6.739999771118164,175800,0.0,0.0
2023-05-02 00:00:00-04:00,6.789999961853027,6.789999961853027,6.199999809265137,6.269999980926514,238100,0.0,0.0
2023-05-03 00:00:00-04:00,6.230000019073486,6.260000228881836,5.989999771118164,6.0,227900,0.0,0.0
2023-05-04 00:00:00-04:00,5.960000038146973,6.090000152587891,5.619999885559082,5.639999866485596,267000,0.0,0.0
2023-05-05 00:00:00-04:00,5.71999979019165,5.940000057220459,5.710000038146973,5.760000228881836,187300,0.0,0.0
2023-05-08 00:00:00-04:00,5.900000095367432,5.940000057220459,5.760000228881836,5.800000190734863,249600,0.0,0.0
2023-05-09 00:00:00-04:00,5.849999904632568,5.849999904632568,5.5,5.510000228881836,233100,0.0,0.0
2023-05-10 00:00:00-04:00,5.510000228881836,5.670000076293945,5.099999904632568,5.119999885559082,321300,0.0,0.0
2023-05-11 00:00:00-04:00,5.199999809265137,5.199999809265137,4.739999771118164,4.880000114440918,376500,0.0,0.0
2023-05-12 00:00:00-04:00,4.889999866485596,5.070000171661377,4.769999980926514,4.800000190734863,242700,0.0,0.0
2023-05-15 00:00:00-04:00,4.809999942779541,5.019999980926514,4.800000190734863,5.019999980926514,194000,0.0,0.0
2023-05-16 00:00:00-04:00,5.0,5.239999771118164,4.849999904632568,5.119999885559082,547100,0.0,0.0
2023-05-17 00:00:00-04:00,5.119999885559082,5.239999771118164,5.039999961853027,5.239999771118164,426900,0.0,0.0
2023-05-18 00:00:00-04:00,5.320000171661377,5.320000171661377,4.849999904632568,4.989999771118164,356000,0.0,0.0
2023-05-19 00:00:00-04:00,5.130000114440918,5.170000076293945,4.929999828338623,5.010000228881836,128400,0.0,0.0
2023-05-22 00:00:00-04:00,5.03000020980835,5.090000152587891,4.820000171661377,4.869999885559082,235700,0.0,0.0
2023-05-23 00:00:00-04:00,4.949999809265137,5.440000057220459,4.880000114440918,5.380000114440918,251200,0.0,0.0
2023-05-24 00:00:00-04:00,5.480000019073486,5.570000171661377,5.300000190734863,5.349999904632568,171700,0.0,0.0
2023-05-25 00:00:00-04:00,5.269999980926514,5.269999980926514,4.940000057220459,5.050000190734863,229600,0.0,0.0
2023-05-26 00:00:00-04:00,5.170000076293945,5.190000057220459,5.03000020980835,5.130000114440918,84000,0.0,0.0
2023-05-30 00:00:00-04:00,5.119999885559082,5.119999885559082,4.840000152587891,5.039999961853027,183500,0.0,0.0
2023-05-31 00:00:00-04:00,4.960000038146973,4.960000038146973,4.760000228881836,4.820000171661377,240600,0.0,0.0
2023-06-01 00:00:00-04:00,4.829999923706055,5.170000076293945,4.829999923706055,5.119999885559082,163600,0.0,0.0
2023-06-02 00:00:00-04:00,5.21999979019165,5.599999904632568,5.21999979019165,5.539999961853027,290100,0.0,0.0
2023-06-05 00:00:00-04:00,5.739999771118164,5.760000228881836,5.360000133514404,5.360000133514404,148100,0.0,0.0
2023-06-06 00:00:00-04:00,5.380000114440918,5.449999809265137,5.03000020980835,5.300000190734863,181900,0.0,0.0
2023-06-07 00:00:00-04:00,5.289999961853027,5.46999979019165,5.289999961853027,5.329999923706055,120600,0.0,0.0
2023-06-08 00:00:00-04:00,5.449999809265137,5.449999809265137,5.150000095367432,5.340000152587891,150500,0.0,0.0
2023-06-09 00:00:00-04:00,5.349999904632568,5.369999885559082,5.130000114440918,5.21999979019165,118200,0.0,0.0
2023-06-12 00:00:00-04:00,5.170000076293945,5.199999809265137,5.010000228881836,5.070000171661377,156900,0.0,0.0
2023-06-13 00:00:00-04:00,5.110000133514404,5.400000095367432,5.110000133514404,5.349999904632568,169000,0.0,0.0
2023-06-14 00:00:00-04:00,5.440000057220459,5.440000057220459,5.199999809265137,5.300000190734863,113300,0.0,0.0
2023-06-15 00:00:00-04:00,5.28000020980835,5.639999866485596,5.28000020980835,5.550000190734863,142600,0.0,0.0
2023-06-16 00:00:00-04:00,5.53000020980835,6.159999847412109,5.449999809265137,5.900000095367432,429600,0.0,0.0
2023-06-20 00:00:00-04:00,5.909999847412109,5.909999847412109,5.409999847412109,5.559999942779541,335000,0.0,0.0
2023-06-21 00:00:00-04:00,5.599999904632568,5.789999961853027,5.460000038146973,5.510000228881836,135200,0.0,0.0
2023-06-22 00:00:00-04:00,5.519999980926514,5.519999980926514,5.289999961853027,5.329999923706055,141200,0.0,0.0
2023-06-23 00:00:00-04:00,5.360000133514404,5.360000133514404,5.139999866485596,5.159999847412109,147900,0.0,0.0
2023-06-26 00:00:00-04:00,5.199999809265137,5.320000171661377,5.119999885559082,5.21999979019165,97300,0.0,0.0
2023-06-27 00:00:00-04:00,5.190000057220459,5.309999942779541,5.070000171661377,5.119999885559082,113500,0.0,0.0
2023-06-28 00:00:00-04:00,5.050000190734863,5.110000133514404,4.920000076293945,4.940000057220459,214200,0.0,0.0
2023-06-29 00:00:00-04:00,4.960000038146973,5.059999942779541,4.760000228881836,4.800000190734863,226700,0.0,0.0
2023-06-30 00:00:00-04:00,4.809999942779541,4.820000171661377,4.519999980926514,4.559999942779541,423500,0.0,0.0
2023-07-03 00:00:00-04:00,4.730000019073486,4.820000171661377,4.559999942779541,4.639999866485596,271100,0.0,0.0
2023-07-05 00:00:00-04:00,4.730000019073486,4.980000019073486,4.699999809265137,4.809999942779541,244700,0.0,0.0
2023-07-06 00:00:00-04:00,4.789999961853027,4.829999923706055,4.519999980926514,4.71999979019165,330900,0.0,0.0
2023-07-07 00:00:00-04:00,4.630000114440918,5.150000095367432,4.630000114440918,5.03000020980835,383400,0.0,0.0
2023-07-10 00:00:00-04:00,5.070000171661377,5.550000190734863,5.039999961853027,5.239999771118164,436000,0.0,0.0
2023-07-11 00:00:00-04:00,5.320000171661377,5.579999923706055,5.289999961853027,5.489999771118164,232700,0.0,0.0
2023-07-12 00:00:00-04:00,5.599999904632568,5.650000095367432,5.25,5.449999809265137,265200,0.0,0.0
2023-07-13 00:00:00-04:00,5.510000228881836,5.75,5.389999866485596,5.670000076293945,215300,0.0,0.0
2023-07-14 00:00:00-04:00,5.650000095367432,5.650000095367432,5.019999980926514,5.090000152587891,514500,0.0,0.0
2023-07-17 00:00:00-04:00,5.099999904632568,5.320000171661377,4.980000019073486,5.210000038146973,151400,0.0,0.0
2023-07-18 00:00:00-04:00,5.170000076293945,5.440000057220459,5.159999847412109,5.260000228881836,124000,0.0,0.0
2023-07-19 00:00:00-04:00,5.25,5.449999809265137,5.21999979019165,5.260000228881836,102300,0.0,0.0
2023-07-20 00:00:00-04:00,5.389999866485596,5.389999866485596,5.190000057220459,5.239999771118164,99900,0.0,0.0
2023-07-21 00:00:00-04:00,5.300000190734863,5.449999809265137,5.179999828338623,5.420000076293945,187000,0.0,0.0
2023-07-24 00:00:00-04:00,5.5,5.75,5.349999904632568,5.75,295200,0.0,0.0
2023-07-25 00:00:00-04:00,5.75,6.019999980926514,5.360000133514404,5.849999904632568,549700,0.0,0.0
2023-07-26 00:00:00-04:00,5.820000171661377,6.150000095367432,5.739999771118164,5.949999809265137,213300,0.0,0.0
2023-07-27 00:00:00-04:00,6.050000190734863,6.429999828338623,5.900000095367432,6.119999885559082,411700,0.0,0.0
2023-07-28 00:00:00-04:00,6.239999771118164,6.449999809265137,6.050000190734863,6.25,225000,0.0,0.0
2023-07-31 00:00:00-04:00,6.460000038146973,7.199999809265137,6.400000095367432,7.099999904632568,563800,0.0,0.0
2023-08-01 00:00:00-04:00,7.119999885559082,8.170000076293945,7.099999904632568,8.09000015258789,848400,0.0,0.0
2023-08-02 00:00:00-04:00,8.100000381469727,8.100000381469727,6.71999979019165,7.329999923706055,816100,0.0,0.0
2023-08-03 00:00:00-04:00,7.269999980926514,8.130000114440918,7.269999980926514,7.71999979019165,474000,0.0,0.0
2023-08-04 00:00:00-04:00,7.639999866485596,7.769999980926514,7.099999904632568,7.349999904632568,314600,0.0,0.0
2023-08-07 00:00:00-04:00,7.329999923706055,7.349999904632568,6.769999980926514,6.900000095367432,400700,0.0,0.0
2023-08-08 00:00:00-04:00,6.5,6.949999809265137,6.260000228881836,6.829999923706055,442600,0.0,0.0
2023-08-09 00:00:00-04:00,7.489999771118164,7.489999771118164,6.800000190734863,6.920000076293945,472000,0.0,0.0
2023-08-10 00:00:00-04:00,6.940000057220459,7.090000152587891,6.769999980926514,6.809999942779541,125300,0.0,0.0
2023-08-11 00:00:00-04:00,6.730000019073486,7.190000057220459,6.730000019073486,7.099999904632568,210500,0.0,0.0
2023-08-14 00:00:00-04:00,7.0,7.03000020980835,6.610000133514404,6.71999979019165,194200,0.0,0.0
2023-08-15 00:00:00-04:00,6.630000114440918,6.849999904632568,6.389999866485596,6.489999771118164,163200,0.0,0.0
2023-08-16 00:00:00-04:00,6.5,6.610000133514404,6.340000152587891,6.369999885559082,104500,0.0,0.0
2023-08-17 00:00:00-04:00,6.5,6.829999923706055,6.5,6.679999828338623,109700,0.0,0.0
2023-08-18 00:00:00-04:00,6.679999828338623,7.079999923706055,6.650000095367432,6.699999809265137,160300,0.0,0.0
2023-08-21 00:00:00-04:00,6.699999809265137,6.920000076293945,6.070000171661377,6.170000076293945,252300,0.0,0.0
2023-08-22 00:00:00-04:00,6.099999904632568,6.159999847412109,5.929999828338623,5.949999809265137,114300,0.0,0.0
2023-08-23 00:00:00-04:00,5.909999847412109,5.929999828338623,5.71999979019165,5.869999885559082,200100,0.0,0.0
2023-08-24 00:00:00-04:00,5.789999961853027,6.489999771118164,5.690000057220459,5.849999904632568,229500,0.0,0.0
2023-08-25 00:00:00-04:00,5.900000095367432,6.110000133514404,5.849999904632568,5.889999866485596,107000,0.0,0.0
2023-08-28 00:00:00-04:00,6.059999942779541,6.059999942779541,5.769999980926514,5.800000190734863,137300,0.0,0.0
2023-08-29 00:00:00-04:00,5.800000190734863,6.010000228881836,5.78000020980835,5.900000095367432,190900,0.0,0.0
2023-08-30 00:00:00-04:00,5.929999828338623,6.150000095367432,5.920000076293945,6.050000190734863,140800,0.0,0.0
2023-08-31 00:00:00-04:00,6.099999904632568,6.21999979019165,5.929999828338623,6.170000076293945,206000,0.0,0.0
2023-09-01 00:00:00-04:00,6.21999979019165,6.670000076293945,6.179999828338623,6.650000095367432,238800,0.0,0.0
2023-09-05 00:00:00-04:00,6.900000095367432,6.949999809265137,6.389999866485596,6.650000095367432,391700,0.0,0.0
2023-09-06 00:00:00-04:00,6.599999904632568,6.949999809265137,6.429999828338623,6.630000114440918,444100,0.0,0.0
2023-09-07 00:00:00-04:00,6.550000190734863,6.71999979019165,6.269999980926514,6.309999942779541,162800,0.0,0.0
2023-09-08 00:00:00-04:00,6.25,6.690000057220459,6.25,6.53000020980835,141100,0.0,0.0
2023-09-11 00:00:00-04:00,6.599999904632568,6.599999904632568,6.289999961853027,6.340000152587891,101000,0.0,0.0
2023-09-12 00:00:00-04:00,6.400000095367432,6.96999979019165,6.400000095367432,6.71999979019165,389900,0.0,0.0
2023-09-13 00:00:00-04:00,6.71999979019165,6.940000057220459,6.71999979019165,6.849999904632568,124700,0.0,0.0
2023-09-14 00:00:00-04:00,6.989999771118164,7.25,6.949999809265137,7.179999828338623,485000,0.0,0.0
2023-09-15 00:00:00-04:00,7.110000133514404,7.199999809265137,6.800000190734863,7.070000171661377,455900,0.0,0.0
2023-09-18 00:00:00-04:00,7.099999904632568,7.590000152587891,7.070000171661377,7.380000114440918,375800,0.0,0.0
2023-09-19 00:00:00-04:00,7.5,7.670000076293945,7.130000114440918,7.159999847412109,410000,0.0,0.0
2023-09-20 00:00:00-04:00,7.099999904632568,7.539999961853027,6.949999809265137,7.429999828338623,290800,0.0,0.0
2023-09-21 00:00:00-04:00,7.409999847412109,7.5,7.050000190734863,7.050000190734863,154900,0.0,0.0
2023-09-22 00:00:00-04:00,7.429999828338623,7.429999828338623,7.059999942779541,7.150000095367432,149200,0.0,0.0
2023-09-25 00:00:00-04:00,7.0,7.150000095367432,6.820000171661377,7.070000171661377,224200,0.0,0.0
2023-09-26 00:00:00-04:00,7.0,7.179999828338623,6.670000076293945,6.760000228881836,288500,0.0,0.0
2023-09-27 00:00:00-04:00,6.920000076293945,7.440000057220459,6.920000076293945,7.230000019073486,388100,0.0,0.0
2023-09-28 00:00:00-04:00,7.340000152587891,7.550000190734863,7.159999847412109,7.300000190734863,170700,0.0,0.0
2023-09-29 00:00:00-04:00,7.300000190734863,7.440000057220459,7.070000171661377,7.150000095367432,148300,0.0,0.0
2023-10-02 00:00:00-04:00,7.179999828338623,7.25,6.769999980926514,6.849999904632568,198800,0.0,0.0
2023-10-03 00:00:00-04:00,6.78000020980835,6.789999961853027,6.170000076293945,6.230000019073486,384100,0.0,0.0
2023-10-04 00:00:00-04:00,6.110000133514404,6.170000076293945,5.289999961853027,5.420000076293945,516800,0.0,0.0
2023-10-05 00:00:00-04:00,5.300000190734863,5.440000057220459,5.199999809265137,5.300000190734863,193900,0.0,0.0
2023-10-06 00:00:00-04:00,5.190000057220459,5.190000057220459,4.670000076293945,4.869999885559082,428400,0.0,0.0
2023-10-09 00:00:00-04:00,5.099999904632568,5.539999961853027,5.079999923706055,5.429999828338623,432700,0.0,0.0
2023-10-10 00:00:00-04:00,5.420000076293945,5.550000190734863,5.019999980926514,5.050000190734863,227600,0.0,0.0
2023-10-11 00:00:00-04:00,5.039999961853027,5.159999847412109,4.900000095367432,4.920000076293945,373100,0.0,0.0
2023-10-12 00:00:00-04:00,5.0,5.070000171661377,4.929999828338623,5.019999980926514,103100,0.0,0.0
2023-10-13 00:00:00-04:00,5.159999847412109,5.460000038146973,5.099999904632568,5.420000076293945,291600,0.0,0.0
2023-10-16 00:00:00-04:00,5.429999828338623,5.550000190734863,5.309999942779541,5.5,124800,0.0,0.0
2023-10-17 00:00:00-04:00,5.519999980926514,5.610000133514404,5.369999885559082,5.53000020980835,126700,0.0,0.0
2023-10-18 00:00:00-04:00,5.579999923706055,5.860000133514404,5.539999961853027,5.739999771118164,202000,0.0,0.0
2023-10-19 00:00:00-04:00,5.630000114440918,5.690000057220459,5.039999961853027,5.570000171661377,376900,0.0,0.0
2023-10-20 00:00:00-04:00,5.590000152587891,5.690000057220459,5.460000038146973,5.630000114440918,187200,0.0,0.0
2023-10-23 00:00:00-04:00,5.599999904632568,5.639999866485596,5.369999885559082,5.409999847412109,123300,0.0,0.0
2023-10-24 00:00:00-04:00,5.380000114440918,5.420000076293945,5.199999809265137,5.21999979019165,152000,0.0,0.0
2023-10-25 00:00:00-04:00,5.210000038146973,5.369999885559082,5.170000076293945,5.309999942779541,107100,0.0,0.0
2023-10-26 00:00:00-04:00,5.170000076293945,5.309999942779541,5.159999847412109,5.300000190734863,66600,0.0,0.0
2023-10-27 00:00:00-04:00,5.269999980926514,5.400000095367432,5.139999866485596,5.199999809265137,148700,0.0,0.0
2023-10-30 00:00:00-04:00,5.179999828338623,5.199999809265137,4.900000095367432,4.920000076293945,104100,0.0,0.0
2023-10-31 00:00:00-04:00,4.900000095367432,4.909999847412109,4.599999904632568,4.829999923706055,198300,0.0,0.0
2023-11-01 00:00:00-04:00,4.900000095367432,4.900000095367432,4.679999828338623,4.690000057220459,70700,0.0,0.0
2023-11-02 00:00:00-04:00,4.590000152587891,4.690000057220459,4.380000114440918,4.400000095367432,431700,0.0,0.0
2023-11-03 00:00:00-04:00,4.449999809265137,4.539999961853027,4.309999942779541,4.349999904632568,210100,0.0,0.0
2023-11-06 00:00:00-05:00,4.409999847412109,4.5,4.119999885559082,4.170000076293945,213800,0.0,0.0
2023-11-07 00:00:00-05:00,4.099999904632568,4.110000133514404,3.7100000381469727,3.9600000381469727,428500,0.0,0.0
2023-11-08 00:00:00-05:00,4.03000020980835,4.03000020980835,3.8399999141693115,3.859999895095825,98700,0.0,0.0
2023-11-09 00:00:00-05:00,3.9000000953674316,3.9700000286102295,3.5999999046325684,3.6500000953674316,193000,0.0,0.0
2023-11-10 00:00:00-05:00,3.75,3.75,3.4200000762939453,3.5299999713897705,202100,0.0,0.0
2023-11-13 00:00:00-05:00,3.2699999809265137,3.4000000953674316,3.180000066757202,3.200000047683716,327100,0.0,0.0
2023-11-14 00:00:00-05:00,3.2200000286102295,3.700000047683716,3.2200000286102295,3.640000104904175,275600,0.0,0.0
2023-11-15 00:00:00-05:00,3.690000057220459,3.690000057220459,3.359999895095825,3.380000114440918,147900,0.0,0.0
2023-11-16 00:00:00-05:00,3.490000009536743,3.490000009536743,3.200000047683716,3.359999895095825,186300,0.0,0.0
2023-11-17 00:00:00-05:00,3.380000114440918,3.4200000762939453,3.049999952316284,3.3299999237060547,410000,0.0,0.0
2023-11-20 00:00:00-05:00,3.3499999046325684,3.740000009536743,3.3499999046325684,3.630000114440918,240500,0.0,0.0
2023-11-21 00:00:00-05:00,3.5199999809265137,3.640000104904175,3.4000000953674316,3.4000000953674316,120000,0.0,0.0
2023-11-22 00:00:00-05:00,3.309999942779541,3.680000066757202,3.25,3.549999952316284,187600,0.0,0.0
2023-11-24 00:00:00-05:00,3.4800000190734863,3.640000104904175,3.4800000190734863,3.5799999237060547,26000,0.0,0.0
2023-11-27 00:00:00-05:00,3.5899999141693115,3.5899999141693115,3.309999942779541,3.3499999046325684,155600,0.0,0.0
2023-11-28 00:00:00-05:00,3.3499999046325684,3.5,3.3499999046325684,3.440000057220459,60500,0.0,0.0
2023-11-29 00:00:00-05:00,3.4200000762939453,3.5,3.380000114440918,3.440000057220459,57600,0.0,0.0
2023-11-30 00:00:00-05:00,3.5199999809265137,3.740000009536743,3.490000009536743,3.5299999713897705,169100,0.0,0.0
2023-12-01 00:00:00-05:00,3.5999999046325684,3.6700000762939453,3.4800000190734863,3.5399999618530273,140400,0.0,0.0
2023-12-04 00:00:00-05:00,3.490000009536743,3.6600000858306885,3.490000009536743,3.509999990463257,148800,0.0,0.0
2023-12-05 00:00:00-05:00,3.5,3.509999990463257,3.2699999809265137,3.2699999809265137,142500,0.0,0.0
2023-12-06 00:00:00-05:00,3.299999952316284,3.3499999046325684,3.0999999046325684,3.2200000286102295,279400,0.0,0.0
2023-12-07 00:00:00-05:00,3.2300000190734863,3.240000009536743,3.059999942779541,3.069999933242798,206100,0.0,0.0
2023-12-08 00:00:00-05:00,3.069999933242798,3.109999895095825,2.9200000762939453,2.9700000286102295,351000,0.0,0.0
2023-12-11 00:00:00-05:00,2.9600000381469727,2.9800000190734863,2.8499999046325684,2.8499999046325684,231200,0.0,0.0
2023-12-12 00:00:00-05:00,2.859999895095825,2.880000114440918,2.609999895095825,2.700000047683716,388600,0.0,0.0
2023-12-13 00:00:00-05:00,2.759999990463257,3.0399999618530273,2.7200000286102295,3.0199999809265137,208300,0.0,0.0
2023-12-14 00:00:00-05:00,3.049999952316284,3.200000047683716,3.0,3.130000114440918,165800,0.0,0.0
2023-12-15 00:00:00-05:00,3.1600000858306885,3.259999990463257,3.069999933242798,3.140000104904175,167700,0.0,0.0
2023-12-18 00:00:00-05:00,3.1600000858306885,3.2699999809265137,3.0,3.0799999237060547,187400,0.0,0.0
2023-12-19 00:00:00-05:00,3.109999895095825,3.2200000286102295,3.049999952316284,3.119999885559082,188100,0.0,0.0
2023-12-20 00:00:00-05:00,3.0999999046325684,3.25,2.9700000286102295,2.990000009536743,198900,0.0,0.0
2023-12-21 00:00:00-05:00,3.0199999809265137,3.0799999237060547,2.9100000858306885,2.9200000762939453,135800,0.0,0.0
2023-12-22 00:00:00-05:00,2.9200000762939453,3.049999952316284,2.759999990463257,2.819999933242798,303900,0.0,0.0
2023-12-26 00:00:00-05:00,2.940000057220459,2.940000057220459,2.700000047683716,2.799999952316284,323500,0.0,0.0
2023-12-27 00:00:00-05:00,2.799999952316284,2.819999933242798,2.630000114440918,2.6500000953674316,327000,0.0,0.0
2023-12-28 00:00:00-05:00,2.640000104904175,2.6600000858306885,2.559999942779541,2.630000114440918,401400,0.0,0.0
2023-12-29 00:00:00-05:00,2.6500000953674316,2.6600000858306885,2.390000104904175,2.4700000286102295,647200,0.0,0.0
2024-01-02 00:00:00-05:00,2.4200000762939453,2.6700000762939453,2.4200000762939453,2.640000104904175,307900,0.0,0.0
2024-01-03 00:00:00-05:00,2.6700000762939453,3.0,2.6700000762939453,2.9200000762939453,576300,0.0,0.0
2024-01-04 00:00:00-05:00,2.9700000286102295,3.0399999618530273,2.75,2.7799999713897705,342000,0.0,0.0
2024-01-05 00:00:00-05:00,2.809999942779541,2.930000066757202,2.799999952316284,2.8499999046325684,238500,0.0,0.0
2024-01-08 00:00:00-05:00,2.7799999713897705,2.9100000858306885,2.6700000762939453,2.809999942779541,351500,0.0,0.0
2024-01-09 00:00:00-05:00,2.869999885559082,2.869999885559082,2.7200000286102295,2.759999990463257,102100,0.0,0.0
2024-01-10 00:00:00-05:00,2.75,2.8399999141693115,2.7200000286102295,2.7699999809265137,107700,0.0,0.0
2024-01-11 00:00:00-05:00,2.7799999713897705,2.799999952316284,2.690000057220459,2.700000047683716,132700,0.0,0.0
2024-01-12 00:00:00-05:00,2.799999952316284,3.0999999046325684,2.799999952316284,2.950000047683716,475100,0.0,0.0
2024-01-16 00:00:00-05:00,2.940000057220459,3.009999990463257,2.809999942779541,2.8299999237060547,178200,0.0,0.0
2024-01-17 00:00:00-05:00,2.890000104904175,2.9000000953674316,2.7799999713897705,2.809999942779541,103600,0.0,0.0
2024-01-18 00:00:00-05:00,2.8399999141693115,2.859999895095825,2.7200000286102295,2.7300000190734863,115200,0.0,0.0
2024-01-19 00:00:00-05:00,2.75,2.8299999237060547,2.700000047683716,2.809999942779541,159200,0.0,0.0
2024-01-22 00:00:00-05:00,2.799999952316284,2.8499999046325684,2.7300000190734863,2.7300000190734863,195000,0.0,0.0
2024-01-23 00:00:00-05:00,2.7200000286102295,2.890000104904175,2.7200000286102295,2.869999885559082,164700,0.0,0.0
2024-01-24 00:00:00-05:00,2.8299999237060547,2.950000047683716,2.75,2.7899999618530273,172000,0.0,0.0
2024-01-25 00:00:00-05:00,2.75,2.799999952316284,2.7100000381469727,2.759999990463257,128900,0.0,0.0
2024-01-26 00:00:00-05:00,2.740000009536743,2.819999933242798,2.740000009536743,2.7899999618530273,74300,0.0,0.0
2024-01-29 00:00:00-05:00,2.8499999046325684,2.8499999046325684,2.700000047683716,2.75,139700,0.0,0.0
2024-01-30 00:00:00-05:00,2.7200000286102295,2.7699999809265137,2.7100000381469727,2.759999990463257,56100,0.0,0.0
2024-01-31 00:00:00-05:00,2.75,2.759999990463257,2.700000047683716,2.7300000190734863,85900,0.0,0.0
2024-02-01 00:00:00-05:00,2.7100000381469727,2.7799999713897705,2.6700000762939453,2.690000057220459,140100,0.0,0.0
2024-02-02 00:00:00-05:00,2.700000047683716,2.7300000190734863,2.640000104904175,2.6500000953674316,107000,0.0,0.0
2024-02-05 00:00:00-05:00,2.5999999046325684,2.609999895095825,2.509999990463257,2.569999933242798,163200,0.0,0.0
2024-02-06 00:00:00-05:00,2.569999933242798,2.619999885559082,2.4700000286102295,2.5,206200,0.0,0.0
2024-02-07 00:00:00-05:00,2.490000009536743,2.5299999713897705,2.4800000190734863,2.490000009536743,68900,0.0,0.0
2024-02-08 00:00:00-05:00,2.4600000381469727,2.5299999713897705,2.4600000381469727,2.5,87500,0.0,0.0
2024-02-09 00:00:00-05:00,2.490000009536743,2.5399999618530273,2.4200000762939453,2.450000047683716,131800,0.0,0.0
2024-02-12 00:00:00-05:00,2.430000066757202,2.5399999618530273,2.4200000762939453,2.5199999809265137,66900,0.0,0.0
2024-02-13 00:00:00-05:00,2.5199999809265137,2.5399999618530273,2.440000057220459,2.450000047683716,62300,0.0,0.0
2024-02-14 00:00:00-05:00,2.5,2.509999990463257,2.450000047683716,2.4800000190734863,72300,0.0,0.0
2024-02-15 00:00:00-05:00,2.4600000381469727,2.5399999618530273,2.4000000953674316,2.509999990463257,82500,0.0,0.0
2024-02-16 00:00:00-05:00,2.4800000190734863,2.509999990463257,2.4100000858306885,2.4800000190734863,124800,0.0,0.0
2024-02-20 00:00:00-05:00,2.4600000381469727,2.4800000190734863,2.4000000953674316,2.4100000858306885,81600,0.0,0.0
2024-02-21 00:00:00-05:00,2.4200000762939453,2.4800000190734863,2.4200000762939453,2.4700000286102295,45900,0.0,0.0
2024-02-22 00:00:00-05:00,2.450000047683716,2.490000009536743,2.430000066757202,2.4800000190734863,101200,0.0,0.0
2024-02-23 00:00:00-05:00,2.4200000762939453,2.4700000286102295,2.359999895095825,2.4100000858306885,88500,0.0,0.0
2024-02-26 00:00:00-05:00,2.4000000953674316,2.450000047683716,2.369999885559082,2.4000000953674316,112800,0.0,0.0
2024-02-27 00:00:00-05:00,2.4100000858306885,2.4100000858306885,2.359999895095825,2.4000000953674316,60700,0.0,0.0
2024-02-28 00:00:00-05:00,2.4000000953674316,2.4000000953674316,2.299999952316284,2.309999942779541,158600,0.0,0.0
2024-02-29 00:00:00-05:00,2.309999942779541,2.319999933242798,2.1500000953674316,2.180000066757202,185300,0.0,0.0
2024-03-01 00:00:00-05:00,2.2100000381469727,2.319999933242798,2.190000057220459,2.2899999618530273,290800,0.0,0.0
2024-03-04 00:00:00-05:00,2.2699999809265137,2.2799999713897705,2.109999895095825,2.130000114440918,238600,0.0,0.0
2024-03-05 00:00:00-05:00,2.140000104904175,2.190000057220459,2.130000114440918,2.1600000858306885,70700,0.0,0.0
2024-03-06 00:00:00-05:00,2.180000066757202,2.180000066757202,2.0799999237060547,2.0999999046325684,119200,0.0,0.0
2024-03-07 00:00:00-05:00,2.0899999141693115,2.140000104904175,2.0,2.0399999618530273,194700,0.0,0.0
2024-03-08 00:00:00-05:00,2.049999952316284,2.119999885559082,2.0299999713897705,2.119999885559082,99800,0.0,0.0
2024-03-11 00:00:00-04:00,2.119999885559082,2.200000047683716,2.119999885559082,2.180000066757202,79700,0.0,0.0
2024-03-12 00:00:00-04:00,2.140000104904175,2.1700000762939453,2.119999885559082,2.130000114440918,33600,0.0,0.0
2024-03-13 00:00:00-04:00,2.119999885559082,2.309999942779541,2.119999885559082,2.259999990463257,133400,0.0,0.0
2024-03-14 00:00:00-04:00,2.2799999713897705,2.3299999237060547,2.2300000190734863,2.2899999618530273,93800,0.0,0.0
2024-03-15 00:00:00-04:00,2.2899999618530273,2.4100000858306885,2.2899999618530273,2.4000000953674316,201300,0.0,0.0
2024-03-18 00:00:00-04:00,2.4000000953674316,2.4000000953674316,2.200000047683716,2.240000009536743,179400,0.0,0.0
2024-03-19 00:00:00-04:00,2.2300000190734863,2.390000104904175,2.2200000286102295,2.390000104904175,102500,0.0,0.0
2024-03-20 00:00:00-04:00,2.369999885559082,2.4700000286102295,2.3299999237060547,2.440000057220459,74400,0.0,0.0
2024-03-21 00:00:00-04:00,2.440000057220459,2.450000047683716,2.3499999046325684,2.390000104904175,37500,0.0,0.0
2024-03-22 00:00:00-04:00,2.390000104904175,2.390000104904175,2.299999952316284,2.309999942779541,32300,0.0,0.0
2024-03-25 00:00:00-04:00,2.299999952316284,2.440000057220459,2.299999952316284,2.3399999141693115,92900,0.0,0.0
2024-03-26 00:00:00-04:00,2.309999942779541,2.3499999046325684,2.2200000286102295,2.25,113800,0.0,0.0
2024-03-27 00:00:00-04:00,2.25,2.319999933242798,2.240000009536743,2.299999952316284,43800,0.0,0.0
2024-03-28 00:00:00-04:00,2.3499999046325684,2.440000057220459,2.3399999141693115,2.430000066757202,86400,0.0,0.0
2024-04-01 00:00:00-04:00,2.430000066757202,2.569999933242798,2.309999942779541,2.5,197300,0.0,0.0
2024-04-02 00:00:00-04:00,2.5999999046325684,2.9000000953674316,2.549999952316284,2.700000047683716,545700,0.0,0.0
2024-04-03 00:00:00-04:00,2.8399999141693115,3.200000047683716,2.740000009536743,3.180000066757202,620800,0.0,0.0
2024-04-04 00:00:00-04:00,3.1700000762939453,3.1700000762939453,2.759999990463257,3.119999885559082,589500,0.0,0.0
2024-04-05 00:00:00-04:00,3.119999885559082,3.1500000953674316,2.7699999809265137,3.059999942779541,275500,0.0,0.0
2024-04-08 00:00:00-04:00,3.049999952316284,3.049999952316284,2.799999952316284,2.8399999141693115,265400,0.0,0.0
2024-04-09 00:00:00-04:00,2.799999952316284,2.8499999046325684,2.5999999046325684,2.6700000762939453,189200,0.0,0.0
2024-04-10 00:00:00-04:00,2.640000104904175,2.740000009536743,2.5899999141693115,2.680000066757202,155900,0.0,0.0
2024-04-11 00:00:00-04:00,2.690000057220459,2.7200000286102295,2.5999999046325684,2.630000114440918,81000,0.0,0.0
2024-04-12 00:00:00-04:00,2.7100000381469727,2.990000009536743,2.7100000381469727,2.869999885559082,466600,0.0,0.0
2024-04-15 00:00:00-04:00,2.869999885559082,2.869999885559082,2.559999942779541,2.5799999237060547,385300,0.0,0.0
2024-04-16 00:00:00-04:00,2.5799999237060547,2.5999999046325684,2.4600000381469727,2.490000009536743,173200,0.0,0.0
2024-04-17 00:00:00-04:00,2.5,2.5399999618530273,2.299999952316284,2.3499999046325684,279800,0.0,0.0
2024-04-18 00:00:00-04:00,2.3499999046325684,2.380000114440918,2.25,2.3499999046325684,143600,0.0,0.0
2024-04-19 00:00:00-04:00,2.2899999618530273,2.380000114440918,2.1500000953674316,2.240000009536743,255400,0.0,0.0
2024-04-22 00:00:00-04:00,2.25,2.3499999046325684,2.200000047683716,2.2699999809265137,117300,0.0,0.0
2024-04-23 00:00:00-04:00,2.319999933242798,2.3299999237060547,2.2300000190734863,2.25,139900,0.0,0.0
2024-04-24 00:00:00-04:00,2.240000009536743,2.2699999809265137,2.180000066757202,2.190000057220459,614900,0.0,0.0
2024-04-25 00:00:00-04:00,2.2200000286102295,2.259999990463257,2.1700000762939453,2.25,170500,0.0,0.0
2024-04-26 00:00:00-04:00,2.2300000190734863,2.3399999141693115,2.2100000381469727,2.299999952316284,153500,0.0,0.0
2024-04-29 00:00:00-04:00,2.259999990463257,2.319999933242798,2.240000009536743,2.2899999618530273,74800,0.0,0.0
2024-04-30 00:00:00-04:00,2.2899999618530273,2.309999942779541,2.2200000286102295,2.2699999809265137,176300,0.0,0.0
2024-05-01 00:00:00-04:00,2.2300000190734863,2.299999952316284,2.2100000381469727,2.2300000190734863,120800,0.0,0.0
2024-05-02 00:00:00-04:00,2.2300000190734863,2.2899999618530273,2.2300000190734863,2.259999990463257,93700,0.0,0.0
2024-05-03 00:00:00-04:00,2.2100000381469727,2.2699999809265137,2.200000047683716,2.2300000190734863,149000,0.0,0.0
2024-05-06 00:00:00-04:00,2.259999990463257,2.3399999141693115,2.240000009536743,2.319999933242798,92200,0.0,0.0
2024-05-07 00:00:00-04:00,2.319999933242798,2.3299999237060547,2.25,2.25,62500,0.0,0.0
2024-05-08 00:00:00-04:00,2.25,2.2799999713897705,2.2100000381469727,2.25,97200,0.0,0.0
2024-05-09 00:00:00-04:00,2.2100000381469727,2.25,2.190000057220459,2.200000047683716,174300,0.0,0.0
2024-05-10 00:00:00-04:00,2.200000047683716,2.2200000286102295,2.1600000858306885,2.2100000381469727,182500,0.0,0.0
2024-05-13 00:00:00-04:00,2.190000057220459,2.240000009536743,2.180000066757202,2.2200000286102295,111400,0.0,0.0
2024-05-14 00:00:00-04:00,2.180000066757202,2.299999952316284,2.180000066757202,2.2799999713897705,174700,0.0,0.0
2024-05-15 00:00:00-04:00,2.2699999809265137,2.3499999046325684,2.2200000286102295,2.3399999141693115,199600,0.0,0.0
2024-05-16 00:00:00-04:00,2.3499999046325684,2.4600000381469727,2.3399999141693115,2.430000066757202,194700,0.0,0.0
2024-05-17 00:00:00-04:00,2.4700000286102295,2.5199999809265137,2.430000066757202,2.450000047683716,83100,0.0,0.0
2024-05-20 00:00:00-04:00,2.450000047683716,2.450000047683716,2.3399999141693115,2.359999895095825,111700,0.0,0.0
2024-05-21 00:00:00-04:00,2.309999942779541,2.4200000762939453,2.309999942779541,2.359999895095825,59700,0.0,0.0
2024-05-22 00:00:00-04:00,2.359999895095825,2.369999885559082,2.2899999618530273,2.3499999046325684,92800,0.0,0.0
2024-05-23 00:00:00-04:00,2.309999942779541,2.369999885559082,2.309999942779541,2.369999885559082,126400,0.0,0.0
2024-05-24 00:00:00-04:00,2.3499999046325684,2.4700000286102295,2.3299999237060547,2.3499999046325684,94700,0.0,0.0
2024-05-28 00:00:00-04:00,2.3399999141693115,2.5,2.3299999237060547,2.450000047683716,109700,0.0,0.0
2024-05-29 00:00:00-04:00,2.380000114440918,2.440000057220459,2.3499999046325684,2.359999895095825,93100,0.0,0.0
2024-05-30 00:00:00-04:00,2.319999933242798,2.3499999046325684,2.299999952316284,2.3499999046325684,49500,0.0,0.0
2024-05-31 00:00:00-04:00,2.3299999237060547,2.3499999046325684,2.2899999618530273,2.3499999046325684,39200,0.0,0.0
2024-06-03 00:00:00-04:00,2.3299999237060547,2.3499999046325684,2.259999990463257,2.3299999237060547,118400,0.0,0.0
2024-06-04 00:00:00-04:00,2.259999990463257,2.2899999618530273,2.2200000286102295,2.240000009536743,103100,0.0,0.0
2024-06-05 00:00:00-04:00,2.25,2.25,2.1600000858306885,2.190000057220459,167500,0.0,0.0
2024-06-06 00:00:00-04:00,2.2200000286102295,2.2899999618530273,2.200000047683716,2.240000009536743,96100,0.0,0.0
2024-06-07 00:00:00-04:00,2.2100000381469727,2.2699999809265137,2.2100000381469727,2.25,61000,0.0,0.0
2024-06-10 00:00:00-04:00,2.2200000286102295,2.2699999809265137,2.2200000286102295,2.240000009536743,54600,0.0,0.0
2024-06-11 00:00:00-04:00,2.200000047683716,2.2799999713897705,2.200000047683716,2.25,81000,0.0,0.0
2024-06-12 00:00:00-04:00,2.25,2.450000047683716,2.25,2.299999952316284,119800,0.0,0.0
2024-06-13 00:00:00-04:00,2.319999933242798,2.609999895095825,2.259999990463257,2.490000009536743,312900,0.0,0.0
2024-06-14 00:00:00-04:00,2.5299999713897705,2.5299999713897705,2.4000000953674316,2.440000057220459,118700,0.0,0.0
2024-06-17 00:00:00-04:00,2.4200000762939453,2.5399999618530273,2.4200000762939453,2.5199999809265137,82700,0.0,0.0
2024-06-18 00:00:00-04:00,2.5199999809265137,2.5799999237060547,2.430000066757202,2.430000066757202,122200,0.0,0.0
2024-06-20 00:00:00-04:00,2.380000114440918,2.509999990463257,2.380000114440918,2.4100000858306885,93300,0.0,0.0
2024-06-21 00:00:00-04:00,2.4200000762939453,2.4800000190734863,2.4100000858306885,2.4700000286102295,142000,0.0,0.0
2024-06-24 00:00:00-04:00,2.4700000286102295,2.5299999713897705,2.4100000858306885,2.430000066757202,83800,0.0,0.0
2024-06-25 00:00:00-04:00,2.4000000953674316,2.5,2.359999895095825,2.4200000762939453,142300,0.0,0.0
2024-06-26 00:00:00-04:00,2.4000000953674316,2.450000047683716,2.359999895095825,2.4000000953674316,49600,0.0,0.0
2024-06-27 00:00:00-04:00,2.4000000953674316,2.4800000190734863,2.4000000953674316,2.4700000286102295,54900,0.0,0.0
2024-06-28 00:00:00-04:00,2.4100000858306885,2.569999933242798,2.4100000858306885,2.4700000286102295,164100,0.0,0.0
2024-07-01 00:00:00-04:00,2.5199999809265137,2.5199999809265137,2.3499999046325684,2.369999885559082,112200,0.0,0.0
2024-07-02 00:00:00-04:00,2.369999885559082,2.4000000953674316,2.3299999237060547,2.359999895095825,100400,0.0,0.0
2024-07-03 00:00:00-04:00,2.3399999141693115,2.4200000762939453,2.3399999141693115,2.390000104904175,63700,0.0,0.0
2024-07-05 00:00:00-04:00,2.3399999141693115,2.390000104904175,2.299999952316284,2.309999942779541,82900,0.0,0.0
2024-07-08 00:00:00-04:00,2.2699999809265137,2.369999885559082,2.2699999809265137,2.299999952316284,63000,0.0,0.0
2024-07-09 00:00:00-04:00,2.259999990463257,2.3299999237060547,2.25,2.309999942779541,78200,0.0,0.0
2024-07-10 00:00:00-04:00,2.2699999809265137,2.390000104904175,2.2699999809265137,2.3299999237060547,70000,0.0,0.0
2024-07-11 00:00:00-04:00,2.299999952316284,2.390000104904175,2.299999952316284,2.359999895095825,73000,0.0,0.0
2024-07-12 00:00:00-04:00,2.3299999237060547,2.380000114440918,2.3299999237060547,2.3299999237060547,93400,0.0,0.0
2024-07-15 00:00:00-04:00,2.299999952316284,2.4200000762939453,2.299999952316284,2.380000114440918,91700,0.0,0.0
2024-07-16 00:00:00-04:00,2.380000114440918,2.4800000190734863,2.359999895095825,2.4000000953674316,84400,0.0,0.0
2024-07-17 00:00:00-04:00,2.369999885559082,2.4000000953674316,2.2799999713897705,2.299999952316284,94000,0.0,0.0
2024-07-18 00:00:00-04:00,2.299999952316284,2.299999952316284,2.190000057220459,2.2100000381469727,115500,0.0,0.0
2024-07-19 00:00:00-04:00,2.2200000286102295,2.240000009536743,2.1500000953674316,2.1600000858306885,121400,0.0,0.0
2024-07-22 00:00:00-04:00,2.1600000858306885,2.180000066757202,1.690000057220459,1.7400000095367432,530300,0.0,0.0
2024-07-23 00:00:00-04:00,1.75,1.8200000524520874,1.6699999570846558,1.6799999475479126,224600,0.0,0.0
2024-07-24 00:00:00-04:00,1.7000000476837158,1.7000000476837158,1.5499999523162842,1.5800000429153442,253200,0.0,0.0
2024-07-25 00:00:00-04:00,1.5399999618530273,1.75,1.5399999618530273,1.7200000286102295,217600,0.0,0.0
2024-07-26 00:00:00-04:00,1.7200000286102295,1.7200000286102295,1.600000023841858,1.6299999952316284,212200,0.0,0.0
2024-07-29 00:00:00-04:00,1.6299999952316284,1.649999976158142,1.5299999713897705,1.600000023841858,221000,0.0,0.0
2024-07-30 00:00:00-04:00,1.6399999856948853,1.7100000381469727,1.600000023841858,1.6699999570846558,109300,0.0,0.0
2024-07-31 00:00:00-04:00,1.6799999475479126,1.7100000381469727,1.6200000047683716,1.659999966621399,151800,0.0,0.0
2024-08-01 00:00:00-04:00,1.6200000047683716,1.7000000476837158,1.5700000524520874,1.5800000429153442,221200,0.0,0.0
2024-08-02 00:00:00-04:00,1.5700000524520874,1.600000023841858,1.5099999904632568,1.5399999618530273,180400,0.0,0.0
2024-08-05 00:00:00-04:00,1.5299999713897705,1.590000033378601,1.4900000095367432,1.5099999904632568,260400,0.0,0.0
2024-08-06 00:00:00-04:00,1.5499999523162842,1.559999942779541,1.4900000095367432,1.5399999618530273,136900,0.0,0.0
2024-08-07 00:00:00-04:00,1.5499999523162842,1.5800000429153442,1.4600000381469727,1.4800000190734863,152600,0.0,0.0
2024-08-08 00:00:00-04:00,1.5,1.5399999618530273,1.4900000095367432,1.5199999809265137,72300,0.0,0.0
2024-08-09 00:00:00-04:00,1.5,1.559999942779541,1.5,1.5199999809265137,63000,0.0,0.0
2024-08-12 00:00:00-04:00,1.5399999618530273,1.5499999523162842,1.5099999904632568,1.5399999618530273,57500,0.0,0.0
2024-08-13 00:00:00-04:00,1.5299999713897705,1.7100000381469727,1.5299999713897705,1.690000057220459,150800,0.0,0.0
2024-08-14 00:00:00-04:00,1.690000057220459,1.7400000095367432,1.6699999570846558,1.7100000381469727,74200,0.0,0.0
2024-08-15 00:00:00-04:00,1.7200000286102295,1.8700000047683716,1.7200000286102295,1.850000023841858,80100,0.0,0.0
2024-08-16 00:00:00-04:00,1.809999942779541,1.809999942779541,1.690000057220459,1.7100000381469727,136200,0.0,0.0
