Date,Open,High,Low,Close,Volume,Dividends,Stock Splits
2005-11-10 00:00:00-05:00,9180000.0,9180000.0,8109000.0,8262000.0,0,0.0,0.0
2005-11-11 00:00:00-05:00,8415000.0,8415000.0,8262000.0,8323200.0,0,0.0,0.0
2005-11-14 00:00:00-05:00,8262000.0,8262000.0,7191000.0,7344000.0,0,0.0,0.0
2005-11-15 00:00:00-05:00,7344000.0,7344000.0,7038000.0,7068600.0,0,0.0,0.0
2005-11-16 00:00:00-05:00,7099200.0,7099200.0,7038000.0,7038000.0,0,0.0,0.0
2005-11-17 00:00:00-05:00,7191000.0,7803000.0,7038000.0,7099200.0,0,0.0,0.0
2005-11-18 00:00:00-05:00,7099200.0,7497000.0,7099200.0,7344000.0,0,0.0,0.0
2005-11-21 00:00:00-05:00,7344000.0,8109000.0,7038000.0,7650000.0,0,0.0,0.0
2005-11-22 00:00:00-05:00,7803000.0,9271800.0,7680600.0,9180000.0,0,0.0,0.0
2005-11-23 00:00:00-05:00,9149400.0,9455400.0,8721000.0,9271800.0,0,0.0,0.0
2005-11-25 00:00:00-05:00,8874000.0,9945000.0,8721000.0,9945000.0,0,0.0,0.0
2005-11-28 00:00:00-05:00,10006200.0,10189800.0,9945000.0,10159200.0,0,0.0,0.0
2005-11-29 00:00:00-05:00,10189800.0,10189800.0,9271800.0,9333000.0,0,0.0,0.0
2005-11-30 00:00:00-05:00,9639000.0,10251000.0,9027000.0,10251000.0,0,0.0,0.0
2005-12-01 00:00:00-05:00,10098000.0,10251000.0,9639000.0,9945000.0,0,0.0,0.0
2005-12-02 00:00:00-05:00,9792000.0,10098000.0,9639000.0,9914400.0,0,0.0,0.0
2005-12-05 00:00:00-05:00,10251000.0,10251000.0,9271800.0,9333000.0,0,0.0,0.0
2005-12-06 00:00:00-05:00,9486000.0,9486000.0,9180000.0,9180000.0,0,0.0,0.0
2005-12-07 00:00:00-05:00,9271800.0,9271800.0,8721000.0,8874000.0,0,0.0,0.0
2005-12-08 00:00:00-05:00,8721000.0,8721000.0,8262000.0,8262000.0,0,0.0,0.0
2005-12-09 00:00:00-05:00,7986600.0,8200800.0,7680600.0,7803000.0,0,0.0,0.0
2005-12-12 00:00:00-05:00,7803000.0,7803000.0,7803000.0,7803000.0,0,0.0,0.0
2005-12-13 00:00:00-05:00,7650000.0,7650000.0,7650000.0,7650000.0,0,0.0,0.0
2005-12-14 00:00:00-05:00,7558200.0,7558200.0,7191000.0,7344000.0,0,0.0,0.0
2005-12-15 00:00:00-05:00,7558200.0,7650000.0,6181200.0,6640200.0,0,0.0,0.0
2005-12-16 00:00:00-05:00,6640200.0,7007400.0,6303600.0,6823800.0,0,0.0,0.0
2005-12-19 00:00:00-05:00,6823800.0,6823800.0,6426000.0,6487200.0,0,0.0,0.0
2005-12-20 00:00:00-05:00,6456600.0,6517800.0,5783400.0,5814000.0,0,0.0,0.0
2005-12-21 00:00:00-05:00,5967000.0,5967000.0,4896000.0,5049000.0,0,0.0,0.0
2005-12-22 00:00:00-05:00,5049000.0,5049000.0,4681800.0,4896000.0,0,0.0,0.0
2005-12-23 00:00:00-05:00,4987800.0,5661000.0,4896000.0,5232600.0,0,0.0,0.0
2005-12-27 00:00:00-05:00,5355000.0,5385600.0,5049000.0,5079600.0,0,0.0,0.0
2005-12-28 00:00:00-05:00,5079600.0,5079600.0,4957200.0,5018400.0,0,0.0,0.0
2005-12-29 00:00:00-05:00,4957200.0,5967000.0,4896000.0,5905800.0,0,0.0,0.0
2005-12-30 00:00:00-05:00,5875200.0,6120000.0,5538600.0,6120000.0,0,0.0,0.0
2006-01-03 00:00:00-05:00,6120000.0,6120000.0,5202000.0,5752800.0,0,0.0,0.0
2006-01-04 00:00:00-05:00,5936400.0,6303600.0,5814000.0,6242400.0,0,0.0,0.0
2006-01-05 00:00:00-05:00,6242400.0,6426000.0,6211800.0,6426000.0,0,0.0,0.0
2006-01-06 00:00:00-05:00,6426000.0,6426000.0,6120000.0,6120000.0,0,0.0,0.0
2006-01-09 00:00:00-05:00,6211800.0,6426000.0,6120000.0,6364800.0,0,0.0,0.0
2006-01-10 00:00:00-05:00,6273000.0,6303600.0,6120000.0,6181200.0,0,0.0,0.0
2006-01-11 00:00:00-05:00,6181200.0,6701400.0,6181200.0,6670800.0,0,0.0,0.0
2006-01-12 00:00:00-05:00,6670800.0,6732000.0,6303600.0,6487200.0,0,0.0,0.0
2006-01-13 00:00:00-05:00,6487200.0,6579000.0,6211800.0,6456600.0,0,0.0,0.0
2006-01-17 00:00:00-05:00,6579000.0,6732000.0,6058800.0,6334200.0,0,0.0,0.0
2006-01-18 00:00:00-05:00,6273000.0,6273000.0,5385600.0,6120000.0,0,0.0,0.0
2006-01-19 00:00:00-05:00,6089400.0,6089400.0,5508000.0,5538600.0,0,0.0,0.0
2006-01-20 00:00:00-05:00,5538600.0,5814000.0,5508000.0,5599800.0,0,0.0,0.0
2006-01-23 00:00:00-05:00,5599800.0,5599800.0,5477400.0,5477400.0,0,0.0,0.0
2006-01-24 00:00:00-05:00,5508000.0,5661000.0,5508000.0,5599800.0,0,0.0,0.0
2006-01-25 00:00:00-05:00,5661000.0,5783400.0,5538600.0,5661000.0,0,0.0,0.0
2006-01-26 00:00:00-05:00,5783400.0,6273000.0,5508000.0,5875200.0,0,0.0,0.0
2006-01-27 00:00:00-05:00,5967000.0,6150600.0,5814000.0,5967000.0,0,0.0,0.0
2006-01-30 00:00:00-05:00,6273000.0,6273000.0,5905800.0,6273000.0,0,0.0,0.0
2006-01-31 00:00:00-05:00,6181200.0,6273000.0,5783400.0,6242400.0,0,0.0,0.0
2006-02-01 00:00:00-05:00,6120000.0,6242400.0,5875200.0,6242400.0,0,0.0,0.0
2006-02-02 00:00:00-05:00,6211800.0,6395400.0,6120000.0,6395400.0,0,0.0,0.0
2006-02-03 00:00:00-05:00,6364800.0,6548400.0,6150600.0,6548400.0,0,0.0,0.0
2006-02-06 00:00:00-05:00,6579000.0,6854400.0,6273000.0,6854400.0,0,0.0,0.0
2006-02-07 00:00:00-05:00,6885000.0,6885000.0,6273000.0,6303600.0,0,0.0,0.0
2006-02-08 00:00:00-05:00,6181200.0,6426000.0,6058800.0,6426000.0,0,0.0,0.0
2006-02-09 00:00:00-05:00,6426000.0,6456600.0,5967000.0,6456600.0,0,0.0,0.0
2006-02-10 00:00:00-05:00,6395400.0,6426000.0,6058800.0,6273000.0,0,0.0,0.0
2006-02-13 00:00:00-05:00,6273000.0,6456600.0,6242400.0,6426000.0,0,0.0,0.0
2006-02-14 00:00:00-05:00,6426000.0,6456600.0,6120000.0,6273000.0,0,0.0,0.0
2006-02-15 00:00:00-05:00,6120000.0,6150600.0,5936400.0,6120000.0,0,0.0,0.0
2006-02-16 00:00:00-05:00,6089400.0,6089400.0,5752800.0,5814000.0,0,0.0,0.0
2006-02-17 00:00:00-05:00,5814000.0,5936400.0,5661000.0,5936400.0,0,0.0,0.0
2006-02-21 00:00:00-05:00,5905800.0,6150600.0,5661000.0,6120000.0,0,0.0,0.0
2006-02-22 00:00:00-05:00,6150600.0,6150600.0,5967000.0,6120000.0,0,0.0,0.0
2006-02-23 00:00:00-05:00,6211800.0,6487200.0,6120000.0,6487200.0,0,0.0,0.0
2006-02-24 00:00:00-05:00,6487200.0,6548400.0,6120000.0,6487200.0,0,0.0,0.0
2006-02-27 00:00:00-05:00,6487200.0,6517800.0,6181200.0,6395400.0,0,0.0,0.0
2006-02-28 00:00:00-05:00,6334200.0,6334200.0,5967000.0,6028200.0,0,0.0,0.0
2006-03-01 00:00:00-05:00,5967000.0,6089400.0,5814000.0,6089400.0,0,0.0,0.0
2006-03-02 00:00:00-05:00,6058800.0,6211800.0,5752800.0,6120000.0,0,0.0,0.0
2006-03-03 00:00:00-05:00,6089400.0,6120000.0,5722200.0,5814000.0,0,0.0,0.0
2006-03-06 00:00:00-05:00,5783400.0,5905800.0,5661000.0,5691600.0,0,0.0,0.0
2006-03-07 00:00:00-05:00,5722200.0,5752800.0,5508000.0,5722200.0,0,0.0,0.0
2006-03-08 00:00:00-05:00,5661000.0,5967000.0,5661000.0,5936400.0,0,0.0,0.0
2006-03-09 00:00:00-05:00,5936400.0,6242400.0,5936400.0,6120000.0,0,0.0,0.0
2006-03-10 00:00:00-05:00,6120000.0,6120000.0,6058800.0,6120000.0,0,0.0,0.0
2006-03-13 00:00:00-05:00,6211800.0,6273000.0,5661000.0,5814000.0,0,0.0,0.0
2006-03-14 00:00:00-05:00,5783400.0,6120000.0,5783400.0,5967000.0,0,0.0,0.0
2006-03-15 00:00:00-05:00,6058800.0,6058800.0,5967000.0,5967000.0,0,0.0,0.0
2006-03-16 00:00:00-05:00,5844600.0,5905800.0,5814000.0,5814000.0,0,0.0,0.0
2006-03-17 00:00:00-05:00,5844600.0,5844600.0,5722200.0,5752800.0,0,0.0,0.0
2006-03-20 00:00:00-05:00,5661000.0,5722200.0,5661000.0,5691600.0,0,0.0,0.0
2006-03-21 00:00:00-05:00,5599800.0,5722200.0,5538600.0,5691600.0,0,0.0,0.0
2006-03-22 00:00:00-05:00,5722200.0,5967000.0,5508000.0,5967000.0,0,0.0,0.0
2006-03-23 00:00:00-05:00,5967000.0,5967000.0,5385600.0,5875200.0,0,0.0,0.0
2006-03-24 00:00:00-05:00,5722200.0,5722200.0,5538600.0,5630400.0,0,0.0,0.0
2006-03-27 00:00:00-05:00,5599800.0,5661000.0,5355000.0,5508000.0,0,0.0,0.0
2006-03-28 00:00:00-05:00,4896000.0,5936400.0,4896000.0,5875200.0,0,0.0,0.0
2006-03-29 00:00:00-05:00,5905800.0,5905800.0,5661000.0,5691600.0,0,0.0,0.0
2006-03-30 00:00:00-05:00,5722200.0,5967000.0,5630400.0,5967000.0,0,0.0,0.0
2006-03-31 00:00:00-05:00,5814000.0,5844600.0,5752800.0,5783400.0,0,0.0,0.0
2006-04-03 00:00:00-04:00,5783400.0,5967000.0,5752800.0,5967000.0,0,0.0,0.0
2006-04-04 00:00:00-04:00,5844600.0,5936400.0,5752800.0,5936400.0,0,0.0,0.0
2006-04-05 00:00:00-04:00,5967000.0,5967000.0,5661000.0,5783400.0,0,0.0,0.0
2006-04-06 00:00:00-04:00,5905800.0,5905800.0,5569200.0,5599800.0,0,0.0,0.0
2006-04-07 00:00:00-04:00,5814000.0,5814000.0,5355000.0,5661000.0,0,0.0,0.0
2006-04-10 00:00:00-04:00,5508000.0,5569200.0,5508000.0,5569200.0,0,0.0,0.0
2006-04-11 00:00:00-04:00,5569200.0,5630400.0,5508000.0,5599800.0,0,0.0,0.0
2006-04-12 00:00:00-04:00,5569200.0,5569200.0,5079600.0,5324400.0,0,0.0,0.0
2006-04-13 00:00:00-04:00,5171400.0,5661000.0,5140800.0,5630400.0,0,0.0,0.0
2006-04-17 00:00:00-04:00,5661000.0,5722200.0,5232600.0,5293800.0,0,0.0,0.0
2006-04-18 00:00:00-04:00,5355000.0,5508000.0,5293800.0,5355000.0,0,0.0,0.0
2006-04-19 00:00:00-04:00,5385600.0,5446800.0,5385600.0,5416200.0,0,0.0,0.0
2006-04-20 00:00:00-04:00,5324400.0,5355000.0,4192200.0,4222800.0,0,0.0,0.0
2006-04-21 00:00:00-04:00,4284000.0,4345200.0,4253400.0,4284000.0,0,0.0,0.0
2006-04-24 00:00:00-04:00,4406400.0,4498200.0,4253400.0,4345200.0,0,0.0,0.0
2006-04-25 00:00:00-04:00,4284000.0,4437000.0,4222800.0,4253400.0,0,0.0,0.0
2006-04-26 00:00:00-04:00,4253400.0,4253400.0,4192200.0,4192200.0,0,0.0,0.0
2006-04-27 00:00:00-04:00,4161600.0,4192200.0,4131000.0,4161600.0,0,0.0,0.0
2006-04-28 00:00:00-04:00,4192200.0,4222800.0,3978000.0,4069800.0,0,0.0,0.0
2006-05-01 00:00:00-04:00,4069800.0,4161600.0,3978000.0,4161600.0,0,0.0,0.0
2006-05-02 00:00:00-04:00,4161600.0,4192200.0,3855600.0,3978000.0,0,0.0,0.0
2006-05-03 00:00:00-04:00,3978000.0,3978000.0,3855600.0,3916800.0,0,0.0,0.0
2006-05-04 00:00:00-04:00,3886200.0,4222800.0,3855600.0,4222800.0,0,0.0,0.0
2006-05-05 00:00:00-04:00,4284000.0,4345200.0,4131000.0,4131000.0,0,0.0,0.0
2006-05-08 00:00:00-04:00,4131000.0,4161600.0,4039200.0,4131000.0,0,0.0,0.0
2006-05-09 00:00:00-04:00,4131000.0,4131000.0,3886200.0,3947400.0,0,0.0,0.0
2006-05-10 00:00:00-04:00,3947400.0,3978000.0,3886200.0,3947400.0,0,0.0,0.0
2006-05-11 00:00:00-04:00,3947400.0,3947400.0,3825000.0,3855600.0,0,0.0,0.0
2006-05-12 00:00:00-04:00,3825000.0,3825000.0,3580200.0,3610800.0,0,0.0,0.0
2006-05-15 00:00:00-04:00,3580200.0,3702600.0,3580200.0,3610800.0,0,0.0,0.0
2006-05-16 00:00:00-04:00,3610800.0,3978000.0,3610800.0,3855600.0,0,0.0,0.0
2006-05-17 00:00:00-04:00,3825000.0,3978000.0,3794400.0,3978000.0,0,0.0,0.0
2006-05-18 00:00:00-04:00,3947400.0,4039200.0,3763800.0,3855600.0,0,0.0,0.0
2006-05-19 00:00:00-04:00,3978000.0,3978000.0,3763800.0,3855600.0,0,0.0,0.0
2006-05-22 00:00:00-04:00,3794400.0,3794400.0,3672000.0,3763800.0,0,0.0,0.0
2006-05-23 00:00:00-04:00,3702600.0,3702600.0,3702600.0,3702600.0,0,0.0,0.0
2006-05-24 00:00:00-04:00,3733200.0,3763800.0,3519000.0,3641400.0,0,0.0,0.0
2006-05-25 00:00:00-04:00,3580200.0,3672000.0,3580200.0,3641400.0,0,0.0,0.0
2006-05-26 00:00:00-04:00,3672000.0,3702600.0,3641400.0,3672000.0,0,0.0,0.0
2006-05-30 00:00:00-04:00,3702600.0,3702600.0,3090600.0,3396600.0,0,0.0,0.0
2006-05-31 00:00:00-04:00,3519000.0,3519000.0,3121200.0,3182400.0,0,0.0,0.0
2006-06-01 00:00:00-04:00,3121200.0,3213000.0,2815200.0,2815200.0,0,0.0,0.0
2006-06-02 00:00:00-04:00,3060000.0,3090600.0,2845800.0,3060000.0,0,0.0,0.0
2006-06-05 00:00:00-04:00,2998800.0,3060000.0,2998800.0,3029400.0,0,0.0,0.0
2006-06-06 00:00:00-04:00,2998800.0,3121200.0,2998800.0,3121200.0,0,0.0,0.0
2006-06-07 00:00:00-04:00,3060000.0,3121200.0,3060000.0,3121200.0,0,0.0,0.0
2006-06-08 00:00:00-04:00,3121200.0,3121200.0,2968200.0,3060000.0,0,0.0,0.0
2006-06-09 00:00:00-04:00,3060000.0,3060000.0,3060000.0,3060000.0,0,0.0,0.0
2006-06-12 00:00:00-04:00,2998800.0,3090600.0,2968200.0,3090600.0,0,0.0,0.0
2006-06-13 00:00:00-04:00,3060000.0,3060000.0,2815200.0,2815200.0,0,0.0,0.0
2006-06-14 00:00:00-04:00,2784600.0,2784600.0,2784600.0,2784600.0,0,0.0,0.0
2006-06-15 00:00:00-04:00,2754000.0,2815200.0,2601000.0,2815200.0,0,0.0,0.0
2006-06-16 00:00:00-04:00,2845800.0,2845800.0,2845800.0,2845800.0,0,0.0,0.0
2006-06-19 00:00:00-04:00,2845800.0,2845800.0,2754000.0,2754000.0,0,0.0,0.0
2006-06-20 00:00:00-04:00,2754000.0,2937600.0,2692800.0,2907000.0,0,0.0,0.0
2006-06-21 00:00:00-04:00,2937600.0,3151800.0,2937600.0,3060000.0,0,0.0,0.0
2006-06-22 00:00:00-04:00,3060000.0,3519000.0,3029400.0,3396600.0,0,0.0,0.0
2006-06-23 00:00:00-04:00,3366000.0,3366000.0,3060000.0,3060000.0,0,0.0,0.0
2006-06-26 00:00:00-04:00,3274200.0,3519000.0,3213000.0,3274200.0,0,0.0,0.0
2006-06-27 00:00:00-04:00,3335400.0,3396600.0,3151800.0,3182400.0,0,0.0,0.0
2006-06-28 00:00:00-04:00,3213000.0,3335400.0,3060000.0,3182400.0,0,0.0,0.0
2006-06-29 00:00:00-04:00,3090600.0,3182400.0,3090600.0,3182400.0,0,0.0,0.0
2006-06-30 00:00:00-04:00,3182400.0,3335400.0,3090600.0,3151800.0,0,0.0,0.0
2006-07-03 00:00:00-04:00,3090600.0,3121200.0,3090600.0,3121200.0,0,0.0,0.0
2006-07-05 00:00:00-04:00,3090600.0,3121200.0,2998800.0,3090600.0,0,0.0,0.0
2006-07-06 00:00:00-04:00,3151800.0,3213000.0,3060000.0,3060000.0,0,0.0,0.0
2006-07-07 00:00:00-04:00,3090600.0,3121200.0,3060000.0,3060000.0,0,0.0,0.0
2006-07-10 00:00:00-04:00,3060000.0,3060000.0,2754000.0,2907000.0,0,0.0,0.0
2006-07-11 00:00:00-04:00,2998800.0,2998800.0,2692800.0,2723400.0,0,0.0,0.0
2006-07-12 00:00:00-04:00,2754000.0,2754000.0,2478600.0,2601000.0,0,0.0,0.0
2006-07-13 00:00:00-04:00,2509200.0,2754000.0,2509200.0,2754000.0,0,0.0,0.0
2006-07-14 00:00:00-04:00,2509200.0,2509200.0,2295000.0,2325600.0,0,0.0,0.0
2006-07-17 00:00:00-04:00,2448000.0,2570400.0,2325600.0,2570400.0,0,0.0,0.0
2006-07-18 00:00:00-04:00,2509200.0,2907000.0,2509200.0,2754000.0,0,0.0,0.0
2006-07-19 00:00:00-04:00,2815200.0,2815200.0,2448000.0,2539800.0,0,0.0,0.0
2006-07-20 00:00:00-04:00,2723400.0,2723400.0,2448000.0,2723400.0,0,0.0,0.0
2006-07-21 00:00:00-04:00,2356200.0,2601000.0,2356200.0,2601000.0,0,0.0,0.0
2006-07-24 00:00:00-04:00,2325600.0,2539800.0,2203200.0,2203200.0,0,0.0,0.0
2006-07-25 00:00:00-04:00,2203200.0,2448000.0,2203200.0,2417400.0,0,0.0,0.0
2006-07-26 00:00:00-04:00,2417400.0,2509200.0,2233800.0,2356200.0,0,0.0,0.0
2006-07-27 00:00:00-04:00,2203200.0,2356200.0,2203200.0,2203200.0,0,0.0,0.0
2006-07-28 00:00:00-04:00,2233800.0,2448000.0,2233800.0,2417400.0,0,0.0,0.0
2006-07-31 00:00:00-04:00,2448000.0,2723400.0,2295000.0,2662200.0,0,0.0,0.0
2006-08-01 00:00:00-04:00,2754000.0,2754000.0,2478600.0,2570400.0,0,0.0,0.0
2006-08-02 00:00:00-04:00,2448000.0,2539800.0,2203200.0,2448000.0,0,0.0,0.0
2006-08-03 00:00:00-04:00,2448000.0,2692800.0,2295000.0,2295000.0,0,0.0,0.0
2006-08-04 00:00:00-04:00,2448000.0,2448000.0,2325600.0,2417400.0,0,0.0,0.0
2006-08-07 00:00:00-04:00,2417400.0,2845800.0,2325600.0,2845800.0,0,0.0,0.0
2006-08-08 00:00:00-04:00,2907000.0,2907000.0,2601000.0,2662200.0,0,0.0,0.0
2006-08-09 00:00:00-04:00,2448000.0,2601000.0,2356200.0,2539800.0,0,0.0,0.0
2006-08-10 00:00:00-04:00,2448000.0,2478600.0,2356200.0,2356200.0,0,0.0,0.0
2006-08-11 00:00:00-04:00,2356200.0,2448000.0,2203200.0,2448000.0,0,0.0,0.0
2006-08-14 00:00:00-04:00,2601000.0,2601000.0,2386800.0,2448000.0,0,0.0,0.0
2006-08-15 00:00:00-04:00,2448000.0,2448000.0,2142000.0,2233800.0,0,0.0,0.0
2006-08-16 00:00:00-04:00,2325600.0,2417400.0,2080800.0,2264400.0,0,0.0,0.0
2006-08-17 00:00:00-04:00,2172600.0,2723400.0,2080800.0,2570400.0,0,0.0,0.0
2006-08-18 00:00:00-04:00,2539800.0,2601000.0,2539800.0,2601000.0,0,0.0,0.0
2006-08-21 00:00:00-04:00,2570400.0,2570400.0,2386800.0,2386800.0,0,0.0,0.0
2006-08-22 00:00:00-04:00,2356200.0,2356200.0,2203200.0,2295000.0,0,0.0,0.0
2006-08-23 00:00:00-04:00,2233800.0,2325600.0,2233800.0,2295000.0,0,0.0,0.0
2006-08-24 00:00:00-04:00,2233800.0,2356200.0,2172600.0,2356200.0,0,0.0,0.0
2006-08-25 00:00:00-04:00,2356200.0,2356200.0,2356200.0,2356200.0,0,0.0,0.0
2006-08-28 00:00:00-04:00,2295000.0,2325600.0,2172600.0,2203200.0,0,0.0,0.0
2006-08-29 00:00:00-04:00,2295000.0,2295000.0,2233800.0,2295000.0,0,0.0,0.0
2006-08-30 00:00:00-04:00,2233800.0,2448000.0,2203200.0,2448000.0,0,0.0,0.0
2006-08-31 00:00:00-04:00,2448000.0,2448000.0,2233800.0,2417400.0,0,0.0,0.0
2006-09-01 00:00:00-04:00,2233800.0,2417400.0,2233800.0,2417400.0,0,0.0,0.0
2006-09-05 00:00:00-04:00,2417400.0,2417400.0,2233800.0,2325600.0,0,0.0,0.0
2006-09-06 00:00:00-04:00,2295000.0,2295000.0,2203200.0,2264400.0,0,0.0,0.0
2006-09-07 00:00:00-04:00,2142000.0,2172600.0,2080800.0,2172600.0,0,0.0,0.0
2006-09-08 00:00:00-04:00,2111400.0,2142000.0,2080800.0,2142000.0,0,0.0,0.0
2006-09-11 00:00:00-04:00,2111400.0,2172600.0,2111400.0,2172600.0,0,0.0,0.0
2006-09-12 00:00:00-04:00,2142000.0,2142000.0,1927800.0,2111400.0,0,0.0,0.0
2006-09-13 00:00:00-04:00,1989000.0,2233800.0,1958400.0,2172600.0,0,0.0,0.0
2006-09-14 00:00:00-04:00,2172600.0,2417400.0,2172600.0,2417400.0,0,0.0,0.0
2006-09-15 00:00:00-04:00,2172600.0,2295000.0,2172600.0,2264400.0,0,0.0,0.0
2006-09-18 00:00:00-04:00,2142000.0,2295000.0,2142000.0,2203200.0,0,0.0,0.0
2006-09-19 00:00:00-04:00,2295000.0,2417400.0,2295000.0,2386800.0,0,0.0,0.0
2006-09-20 00:00:00-04:00,2386800.0,2509200.0,2386800.0,2448000.0,0,0.0,0.0
2006-09-21 00:00:00-04:00,2386800.0,2417400.0,2233800.0,2233800.0,0,0.0,0.0
2006-09-22 00:00:00-04:00,2233800.0,2295000.0,2142000.0,2203200.0,0,0.0,0.0
2006-09-25 00:00:00-04:00,2172600.0,2723400.0,2172600.0,2631600.0,0,0.0,0.0
2006-09-26 00:00:00-04:00,2937600.0,2937600.0,2754000.0,2754000.0,0,0.0,0.0
2006-09-27 00:00:00-04:00,2907000.0,2907000.0,2631600.0,2662200.0,0,0.0,0.0
2006-09-28 00:00:00-04:00,2662200.0,2723400.0,2662200.0,2692800.0,0,0.0,0.0
2006-09-29 00:00:00-04:00,2907000.0,2907000.0,2692800.0,2754000.0,0,0.0,0.0
2006-10-02 00:00:00-04:00,2815200.0,2876400.0,2754000.0,2876400.0,0,0.0,0.0
2006-10-03 00:00:00-04:00,2907000.0,2907000.0,2662200.0,2754000.0,0,0.0,0.0
2006-10-04 00:00:00-04:00,2723400.0,2723400.0,2601000.0,2723400.0,0,0.0,0.0
2006-10-05 00:00:00-04:00,2815200.0,2968200.0,2754000.0,2968200.0,0,0.0,0.0
2006-10-06 00:00:00-04:00,3029400.0,3029400.0,2692800.0,2754000.0,0,0.0,0.0
2006-10-09 00:00:00-04:00,2998800.0,2998800.0,2754000.0,2754000.0,0,0.0,0.0
2006-10-10 00:00:00-04:00,2907000.0,2968200.0,2754000.0,2907000.0,0,0.0,0.0
2006-10-11 00:00:00-04:00,2907000.0,2907000.0,2754000.0,2845800.0,0,0.0,0.0
2006-10-12 00:00:00-04:00,2845800.0,2907000.0,2754000.0,2754000.0,0,0.0,0.0
2006-10-13 00:00:00-04:00,2723400.0,2754000.0,2723400.0,2754000.0,0,0.0,0.0
2006-10-16 00:00:00-04:00,2998800.0,2998800.0,2631600.0,2631600.0,0,0.0,0.0
2006-10-17 00:00:00-04:00,2631600.0,2815200.0,2631600.0,2815200.0,0,0.0,0.0
2006-10-18 00:00:00-04:00,3029400.0,3029400.0,2601000.0,2692800.0,0,0.0,0.0
2006-10-19 00:00:00-04:00,2692800.0,2845800.0,2692800.0,2754000.0,0,0.0,0.0
2006-10-20 00:00:00-04:00,2754000.0,2815200.0,2448000.0,2692800.0,0,0.0,0.0
2006-10-23 00:00:00-04:00,2478600.0,2631600.0,2142000.0,2295000.0,0,0.0,0.0
2006-10-24 00:00:00-04:00,2111400.0,2142000.0,1836000.0,2080800.0,1,0.0,0.0
2006-10-25 00:00:00-04:00,2233800.0,2233800.0,1836000.0,2019600.0,0,0.0,0.0
2006-10-26 00:00:00-04:00,2019600.0,2111400.0,1989000.0,2019600.0,0,0.0,0.0
2006-10-27 00:00:00-04:00,2050200.0,2111400.0,1989000.0,2111400.0,0,0.0,0.0
2006-10-30 00:00:00-05:00,2111400.0,2111400.0,2019600.0,2080800.0,0,0.0,0.0
2006-10-31 00:00:00-05:00,2111400.0,2295000.0,2019600.0,2233800.0,0,0.0,0.0
2006-11-01 00:00:00-05:00,2295000.0,2478600.0,2233800.0,2356200.0,0,0.0,0.0
2006-11-02 00:00:00-05:00,2448000.0,2448000.0,1989000.0,1989000.0,0,0.0,0.0
2006-11-03 00:00:00-05:00,2295000.0,2295000.0,1989000.0,2111400.0,0,0.0,0.0
2006-11-06 00:00:00-05:00,2601000.0,2601000.0,2050200.0,2111400.0,0,0.0,0.0
2006-11-07 00:00:00-05:00,2050200.0,2142000.0,1927800.0,1927800.0,0,0.0,0.0
2006-11-08 00:00:00-05:00,2142000.0,2142000.0,1866600.0,1927800.0,0,0.0,0.0
2006-11-09 00:00:00-05:00,2080800.0,2080800.0,1836000.0,2050200.0,0,0.0,0.0
2006-11-10 00:00:00-05:00,1989000.0,2142000.0,1836000.0,2142000.0,0,0.0,0.0
2006-11-13 00:00:00-05:00,2111400.0,2142000.0,1927800.0,2019600.0,0,0.0,0.0
2006-11-14 00:00:00-05:00,1989000.0,2050200.0,1897200.0,1897200.0,0,0.0,0.0
2006-11-15 00:00:00-05:00,1897200.0,2080800.0,1897200.0,1989000.0,0,0.0,0.0
2006-11-16 00:00:00-05:00,1989000.0,1989000.0,1897200.0,1989000.0,0,0.0,0.0
2006-11-17 00:00:00-05:00,1958400.0,2050200.0,1836000.0,2019600.0,0,0.0,0.0
2006-11-20 00:00:00-05:00,2050200.0,2142000.0,2050200.0,2111400.0,0,0.0,0.0
2006-11-21 00:00:00-05:00,2142000.0,2142000.0,1866600.0,1989000.0,0,0.0,0.0
2006-11-22 00:00:00-05:00,2019600.0,2080800.0,1989000.0,2080800.0,0,0.0,0.0
2006-11-24 00:00:00-05:00,1989000.0,2050200.0,1866600.0,1989000.0,0,0.0,0.0
2006-11-27 00:00:00-05:00,1989000.0,2019600.0,1927800.0,1927800.0,0,0.0,0.0
2006-11-28 00:00:00-05:00,1927800.0,1958400.0,1927800.0,1958400.0,0,0.0,0.0
2006-11-29 00:00:00-05:00,1927800.0,2019600.0,1927800.0,2019600.0,0,0.0,0.0
2006-11-30 00:00:00-05:00,2050200.0,2050200.0,1989000.0,2050200.0,0,0.0,0.0
2006-12-01 00:00:00-05:00,1958400.0,2111400.0,1958400.0,2019600.0,0,0.0,0.0
2006-12-04 00:00:00-05:00,2080800.0,2172600.0,2080800.0,2142000.0,0,0.0,0.0
2006-12-05 00:00:00-05:00,2203200.0,2203200.0,2142000.0,2172600.0,0,0.0,0.0
2006-12-06 00:00:00-05:00,2172600.0,2631600.0,2142000.0,2478600.0,0,0.0,0.0
2006-12-07 00:00:00-05:00,2478600.0,2601000.0,2417400.0,2601000.0,0,0.0,0.0
2006-12-08 00:00:00-05:00,2570400.0,2845800.0,2570400.0,2815200.0,0,0.0,0.0
2006-12-11 00:00:00-05:00,2784600.0,2876400.0,2754000.0,2784600.0,0,0.0,0.0
2006-12-12 00:00:00-05:00,2754000.0,2937600.0,2448000.0,2815200.0,0,0.0,0.0
2006-12-13 00:00:00-05:00,3090600.0,3121200.0,2998800.0,3060000.0,0,0.0,0.0
2006-12-14 00:00:00-05:00,3060000.0,3060000.0,2754000.0,2968200.0,0,0.0,0.0
2006-12-15 00:00:00-05:00,2754000.0,2754000.0,2662200.0,2692800.0,0,0.0,0.0
2006-12-18 00:00:00-05:00,2692800.0,2692800.0,2448000.0,2448000.0,0,0.0,0.0
2006-12-19 00:00:00-05:00,2448000.0,2448000.0,2356200.0,2386800.0,0,0.0,0.0
2006-12-20 00:00:00-05:00,2386800.0,2784600.0,2386800.0,2784600.0,0,0.0,0.0
2006-12-21 00:00:00-05:00,2784600.0,2845800.0,2723400.0,2754000.0,0,0.0,0.0
2006-12-22 00:00:00-05:00,2723400.0,2723400.0,2631600.0,2662200.0,0,0.0,0.0
2006-12-26 00:00:00-05:00,2570400.0,2692800.0,2325600.0,2448000.0,0,0.0,0.0
2006-12-27 00:00:00-05:00,2448000.0,2539800.0,2295000.0,2356200.0,0,0.0,0.0
2006-12-28 00:00:00-05:00,2448000.0,2539800.0,2386800.0,2539800.0,0,0.0,0.0
2006-12-29 00:00:00-05:00,2448000.0,2662200.0,2325600.0,2662200.0,0,0.0,0.0
2007-01-03 00:00:00-05:00,2937600.0,2968200.0,2601000.0,2723400.0,0,0.0,0.0
2007-01-04 00:00:00-05:00,2723400.0,2784600.0,2601000.0,2662200.0,0,0.0,0.0
2007-01-05 00:00:00-05:00,2754000.0,2754000.0,2662200.0,2723400.0,0,0.0,0.0
2007-01-08 00:00:00-05:00,2845800.0,2876400.0,2754000.0,2845800.0,0,0.0,0.0
2007-01-09 00:00:00-05:00,2845800.0,2876400.0,2754000.0,2784600.0,0,0.0,0.0
2007-01-10 00:00:00-05:00,2662200.0,2692800.0,2601000.0,2692800.0,0,0.0,0.0
2007-01-11 00:00:00-05:00,2723400.0,2784600.0,2692800.0,2754000.0,0,0.0,0.0
2007-01-12 00:00:00-05:00,2754000.0,2754000.0,2723400.0,2754000.0,0,0.0,0.0
2007-01-16 00:00:00-05:00,2845800.0,2968200.0,2815200.0,2907000.0,0,0.0,0.0
2007-01-17 00:00:00-05:00,2998800.0,3519000.0,2907000.0,3427200.0,0,0.0,0.0
2007-01-18 00:00:00-05:00,3519000.0,3733200.0,3427200.0,3457800.0,0,0.0,0.0
2007-01-19 00:00:00-05:00,3733200.0,3733200.0,3274200.0,3335400.0,0,0.0,0.0
2007-01-22 00:00:00-05:00,3488400.0,3519000.0,3457800.0,3519000.0,0,0.0,0.0
2007-01-23 00:00:00-05:00,3488400.0,3519000.0,3366000.0,3427200.0,0,0.0,0.0
2007-01-24 00:00:00-05:00,3457800.0,3519000.0,3396600.0,3396600.0,0,0.0,0.0
2007-01-25 00:00:00-05:00,3457800.0,3457800.0,3335400.0,3396600.0,0,0.0,0.0
2007-01-26 00:00:00-05:00,3366000.0,3427200.0,3213000.0,3274200.0,0,0.0,0.0
2007-01-29 00:00:00-05:00,3427200.0,3457800.0,3335400.0,3335400.0,0,0.0,0.0
2007-01-30 00:00:00-05:00,3274200.0,3304800.0,2998800.0,3090600.0,0,0.0,0.0
2007-01-31 00:00:00-05:00,3090600.0,3182400.0,3060000.0,3121200.0,0,0.0,0.0
2007-02-01 00:00:00-05:00,3151800.0,3304800.0,3060000.0,3304800.0,0,0.0,0.0
2007-02-02 00:00:00-05:00,3243600.0,3396600.0,3182400.0,3366000.0,0,0.0,0.0
2007-02-05 00:00:00-05:00,3396600.0,3427200.0,3151800.0,3335400.0,0,0.0,0.0
2007-02-06 00:00:00-05:00,3304800.0,3366000.0,3213000.0,3335400.0,0,0.0,0.0
2007-02-07 00:00:00-05:00,3304800.0,3335400.0,3213000.0,3304800.0,0,0.0,0.0
2007-02-08 00:00:00-05:00,3274200.0,3304800.0,3274200.0,3304800.0,0,0.0,0.0
2007-02-09 00:00:00-05:00,3427200.0,3427200.0,3304800.0,3304800.0,0,0.0,0.0
2007-02-12 00:00:00-05:00,3335400.0,3335400.0,3243600.0,3304800.0,0,0.0,0.0
2007-02-13 00:00:00-05:00,3243600.0,3335400.0,3213000.0,3335400.0,0,0.0,0.0
2007-02-14 00:00:00-05:00,3304800.0,3366000.0,3274200.0,3366000.0,0,0.0,0.0
2007-02-15 00:00:00-05:00,3427200.0,3427200.0,3182400.0,3213000.0,0,0.0,0.0
2007-02-16 00:00:00-05:00,3182400.0,3243600.0,3151800.0,3243600.0,0,0.0,0.0
2007-02-20 00:00:00-05:00,3213000.0,3335400.0,3029400.0,3335400.0,0,0.0,0.0
2007-02-21 00:00:00-05:00,3335400.0,3641400.0,3274200.0,3457800.0,0,0.0,0.0
2007-02-22 00:00:00-05:00,3610800.0,3672000.0,3488400.0,3549600.0,0,0.0,0.0
2007-02-23 00:00:00-05:00,3641400.0,3702600.0,3427200.0,3549600.0,0,0.0,0.0
2007-02-26 00:00:00-05:00,3672000.0,3672000.0,3519000.0,3519000.0,0,0.0,0.0
2007-02-27 00:00:00-05:00,3488400.0,3488400.0,3121200.0,3243600.0,0,0.0,0.0
2007-02-28 00:00:00-05:00,3213000.0,3243600.0,3060000.0,3151800.0,0,0.0,0.0
2007-03-01 00:00:00-05:00,3121200.0,3121200.0,2937600.0,3029400.0,0,0.0,0.0
2007-03-02 00:00:00-05:00,2907000.0,2937600.0,2784600.0,2876400.0,0,0.0,0.0
2007-03-05 00:00:00-05:00,2876400.0,3060000.0,2631600.0,3060000.0,0,0.0,0.0
2007-03-06 00:00:00-05:00,2937600.0,3090600.0,2907000.0,2907000.0,0,0.0,0.0
2007-03-07 00:00:00-05:00,2937600.0,3060000.0,2937600.0,3060000.0,0,0.0,0.0
2007-03-08 00:00:00-05:00,3182400.0,3182400.0,3121200.0,3151800.0,0,0.0,0.0
2007-03-09 00:00:00-05:00,3213000.0,3304800.0,3182400.0,3213000.0,0,0.0,0.0
2007-03-12 00:00:00-04:00,3366000.0,3366000.0,3182400.0,3182400.0,0,0.0,0.0
2007-03-13 00:00:00-04:00,3213000.0,3274200.0,3151800.0,3182400.0,0,0.0,0.0
2007-03-14 00:00:00-04:00,3151800.0,3213000.0,3090600.0,3213000.0,0,0.0,0.0
2007-03-15 00:00:00-04:00,3121200.0,3335400.0,3090600.0,3304800.0,0,0.0,0.0
2007-03-16 00:00:00-04:00,3304800.0,3304800.0,3213000.0,3213000.0,0,0.0,0.0
2007-03-19 00:00:00-04:00,3243600.0,3274200.0,3151800.0,3182400.0,0,0.0,0.0
2007-03-20 00:00:00-04:00,3213000.0,3274200.0,3151800.0,3182400.0,0,0.0,0.0
2007-03-21 00:00:00-04:00,3182400.0,3274200.0,3121200.0,3213000.0,0,0.0,0.0
2007-03-22 00:00:00-04:00,3213000.0,3488400.0,3213000.0,3396600.0,0,0.0,0.0
2007-03-23 00:00:00-04:00,3396600.0,3396600.0,3304800.0,3304800.0,0,0.0,0.0
2007-03-26 00:00:00-04:00,3151800.0,3213000.0,3121200.0,3151800.0,0,0.0,0.0
2007-03-27 00:00:00-04:00,3182400.0,3335400.0,3060000.0,3335400.0,0,0.0,0.0
2007-03-28 00:00:00-04:00,3182400.0,3427200.0,3182400.0,3335400.0,0,0.0,0.0
2007-03-29 00:00:00-04:00,3366000.0,3610800.0,3304800.0,3580200.0,0,0.0,0.0
2007-03-30 00:00:00-04:00,3580200.0,3794400.0,3519000.0,3549600.0,0,0.0,0.0
2007-04-02 00:00:00-04:00,3549600.0,3978000.0,3549600.0,3978000.0,0,0.0,0.0
2007-04-03 00:00:00-04:00,4039200.0,4284000.0,3978000.0,4131000.0,0,0.0,0.0
2007-04-04 00:00:00-04:00,4253400.0,4253400.0,3825000.0,4100400.0,0,0.0,0.0
2007-04-05 00:00:00-04:00,4069800.0,4100400.0,3825000.0,4008600.0,0,0.0,0.0
2007-04-09 00:00:00-04:00,4100400.0,4131000.0,3916800.0,3947400.0,0,0.0,0.0
2007-04-10 00:00:00-04:00,3947400.0,4008600.0,3886200.0,3916800.0,0,0.0,0.0
2007-04-11 00:00:00-04:00,4008600.0,4100400.0,3916800.0,4069800.0,0,0.0,0.0
2007-04-12 00:00:00-04:00,4069800.0,4100400.0,3947400.0,3978000.0,0,0.0,0.0
2007-04-13 00:00:00-04:00,3886200.0,4100400.0,3825000.0,4008600.0,0,0.0,0.0
2007-04-16 00:00:00-04:00,4008600.0,4039200.0,3916800.0,3978000.0,0,0.0,0.0
2007-04-17 00:00:00-04:00,3978000.0,4039200.0,3886200.0,3978000.0,0,0.0,0.0
2007-04-18 00:00:00-04:00,3886200.0,3978000.0,3855600.0,3947400.0,0,0.0,0.0
2007-04-19 00:00:00-04:00,3978000.0,3978000.0,3794400.0,3916800.0,0,0.0,0.0
2007-04-20 00:00:00-04:00,3947400.0,3978000.0,3855600.0,3916800.0,0,0.0,0.0
2007-04-23 00:00:00-04:00,4039200.0,4100400.0,3641400.0,3763800.0,0,0.0,0.0
2007-04-24 00:00:00-04:00,3794400.0,3794400.0,3549600.0,3702600.0,0,0.0,0.0
2007-04-25 00:00:00-04:00,3672000.0,3794400.0,3672000.0,3702600.0,0,0.0,0.0
2007-04-26 00:00:00-04:00,3794400.0,3794400.0,3702600.0,3794400.0,0,0.0,0.0
2007-04-27 00:00:00-04:00,3733200.0,3794400.0,3457800.0,3672000.0,0,0.0,0.0
2007-04-30 00:00:00-04:00,3672000.0,3978000.0,3672000.0,3825000.0,0,0.0,0.0
2007-05-01 00:00:00-04:00,3825000.0,3825000.0,3549600.0,3733200.0,0,0.0,0.0
2007-05-02 00:00:00-04:00,3794400.0,3886200.0,3763800.0,3886200.0,0,0.0,0.0
2007-05-03 00:00:00-04:00,3886200.0,3886200.0,3733200.0,3886200.0,0,0.0,0.0
2007-05-04 00:00:00-04:00,3978000.0,3978000.0,3825000.0,3886200.0,0,0.0,0.0
2007-05-07 00:00:00-04:00,3916800.0,3978000.0,3641400.0,3825000.0,0,0.0,0.0
2007-05-08 00:00:00-04:00,3763800.0,3763800.0,3519000.0,3672000.0,0,0.0,0.0
2007-05-09 00:00:00-04:00,3610800.0,3672000.0,3274200.0,3610800.0,0,0.0,0.0
2007-05-10 00:00:00-04:00,3549600.0,3549600.0,3274200.0,3519000.0,0,0.0,0.0
2007-05-11 00:00:00-04:00,3519000.0,3580200.0,3519000.0,3519000.0,0,0.0,0.0
2007-05-14 00:00:00-04:00,3610800.0,3610800.0,3366000.0,3366000.0,0,0.0,0.0
2007-05-15 00:00:00-04:00,3488400.0,3488400.0,3304800.0,3304800.0,0,0.0,0.0
2007-05-16 00:00:00-04:00,3366000.0,3366000.0,3304800.0,3366000.0,0,0.0,0.0
2007-05-17 00:00:00-04:00,3366000.0,3427200.0,3366000.0,3427200.0,0,0.0,0.0
2007-05-18 00:00:00-04:00,3274200.0,3519000.0,3274200.0,3519000.0,0,0.0,0.0
2007-05-21 00:00:00-04:00,3519000.0,3519000.0,3366000.0,3519000.0,0,0.0,0.0
2007-05-22 00:00:00-04:00,3396600.0,3488400.0,3335400.0,3488400.0,0,0.0,0.0
2007-05-23 00:00:00-04:00,3488400.0,3488400.0,3335400.0,3366000.0,0,0.0,0.0
2007-05-24 00:00:00-04:00,3427200.0,3427200.0,3366000.0,3396600.0,0,0.0,0.0
2007-05-25 00:00:00-04:00,3427200.0,3427200.0,3335400.0,3366000.0,0,0.0,0.0
2007-05-29 00:00:00-04:00,3366000.0,3488400.0,3243600.0,3366000.0,0,0.0,0.0
2007-05-30 00:00:00-04:00,3427200.0,3427200.0,3366000.0,3396600.0,0,0.0,0.0
2007-05-31 00:00:00-04:00,3427200.0,3488400.0,3243600.0,3366000.0,0,0.0,0.0
2007-06-01 00:00:00-04:00,3243600.0,3304800.0,3182400.0,3182400.0,0,0.0,0.0
2007-06-04 00:00:00-04:00,3213000.0,3213000.0,2815200.0,3060000.0,0,0.0,0.0
2007-06-05 00:00:00-04:00,2998800.0,3090600.0,2907000.0,2907000.0,0,0.0,0.0
2007-06-06 00:00:00-04:00,3090600.0,3090600.0,2845800.0,3029400.0,0,0.0,0.0
2007-06-07 00:00:00-04:00,3029400.0,3090600.0,2907000.0,2907000.0,0,0.0,0.0
2007-06-08 00:00:00-04:00,2845800.0,2968200.0,2754000.0,2845800.0,0,0.0,0.0
2007-06-11 00:00:00-04:00,2784600.0,3090600.0,2784600.0,3060000.0,0,0.0,0.0
2007-06-12 00:00:00-04:00,2937600.0,3060000.0,2907000.0,3060000.0,0,0.0,0.0
2007-06-13 00:00:00-04:00,3090600.0,3090600.0,2968200.0,2968200.0,0,0.0,0.0
2007-06-14 00:00:00-04:00,3060000.0,3060000.0,2937600.0,3060000.0,0,0.0,0.0
2007-06-15 00:00:00-04:00,2968200.0,3060000.0,2937600.0,2968200.0,0,0.0,0.0
2007-06-18 00:00:00-04:00,3060000.0,3366000.0,3060000.0,3304800.0,0,0.0,0.0
2007-06-19 00:00:00-04:00,3243600.0,3243600.0,2968200.0,3060000.0,0,0.0,0.0
2007-06-20 00:00:00-04:00,3060000.0,3090600.0,3060000.0,3060000.0,0,0.0,0.0
2007-06-21 00:00:00-04:00,3060000.0,3060000.0,2968200.0,2968200.0,0,0.0,0.0
2007-06-22 00:00:00-04:00,2968200.0,2968200.0,2968200.0,2968200.0,0,0.0,0.0
2007-06-25 00:00:00-04:00,3060000.0,3060000.0,2907000.0,2907000.0,0,0.0,0.0
2007-06-26 00:00:00-04:00,2968200.0,2968200.0,2662200.0,2692800.0,0,0.0,0.0
2007-06-27 00:00:00-04:00,2754000.0,2754000.0,2509200.0,2539800.0,0,0.0,0.0
2007-06-28 00:00:00-04:00,2662200.0,2754000.0,2539800.0,2692800.0,0,0.0,0.0
2007-06-29 00:00:00-04:00,2723400.0,2754000.0,2601000.0,2662200.0,0,0.0,0.0
2007-07-02 00:00:00-04:00,2754000.0,2754000.0,2601000.0,2601000.0,0,0.0,0.0
2007-07-03 00:00:00-04:00,2631600.0,2631600.0,2601000.0,2601000.0,0,0.0,0.0
2007-07-05 00:00:00-04:00,2631600.0,2631600.0,2295000.0,2386800.0,0,0.0,0.0
2007-07-06 00:00:00-04:00,2417400.0,2417400.0,2295000.0,2325600.0,0,0.0,0.0
2007-07-09 00:00:00-04:00,2356200.0,2448000.0,2325600.0,2448000.0,0,0.0,0.0
2007-07-10 00:00:00-04:00,2448000.0,2448000.0,2386800.0,2448000.0,0,0.0,0.0
2007-07-11 00:00:00-04:00,2356200.0,2509200.0,2325600.0,2478600.0,0,0.0,0.0
2007-07-12 00:00:00-04:00,2478600.0,2478600.0,2448000.0,2448000.0,0,0.0,0.0
2007-07-13 00:00:00-04:00,2417400.0,2417400.0,2325600.0,2356200.0,0,0.0,0.0
2007-07-16 00:00:00-04:00,2325600.0,2448000.0,2172600.0,2264400.0,0,0.0,0.0
2007-07-17 00:00:00-04:00,2233800.0,2295000.0,2080800.0,2111400.0,0,0.0,0.0
2007-07-18 00:00:00-04:00,2111400.0,2356200.0,2050200.0,2111400.0,0,0.0,0.0
2007-07-19 00:00:00-04:00,2080800.0,2142000.0,2080800.0,2080800.0,0,0.0,0.0
2007-07-20 00:00:00-04:00,2080800.0,2111400.0,2050200.0,2050200.0,0,0.0,0.0
2007-07-23 00:00:00-04:00,2142000.0,2264400.0,1958400.0,1958400.0,0,0.0,0.0
2007-07-24 00:00:00-04:00,1989000.0,2050200.0,1897200.0,1897200.0,0,0.0,0.0
2007-07-25 00:00:00-04:00,1897200.0,1958400.0,1866600.0,1927800.0,0,0.0,0.0
2007-07-26 00:00:00-04:00,1897200.0,1958400.0,1683000.0,1683000.0,0,0.0,0.0
2007-07-27 00:00:00-04:00,1683000.0,2050200.0,1683000.0,1866600.0,0,0.0,0.0
2007-07-30 00:00:00-04:00,1836000.0,1836000.0,1652400.0,1713600.0,0,0.0,0.0
2007-07-31 00:00:00-04:00,1683000.0,1866600.0,1683000.0,1836000.0,0,0.0,0.0
2007-08-01 00:00:00-04:00,1836000.0,1836000.0,1621800.0,1652400.0,0,0.0,0.0
2007-08-02 00:00:00-04:00,1621800.0,1836000.0,1621800.0,1683000.0,0,0.0,0.0
2007-08-03 00:00:00-04:00,1713600.0,1836000.0,1652400.0,1683000.0,0,0.0,0.0
2007-08-06 00:00:00-04:00,1683000.0,1683000.0,1530000.0,1621800.0,0,0.0,0.0
2007-08-07 00:00:00-04:00,1591200.0,1744200.0,1468800.0,1621800.0,0,0.0,0.0
2007-08-08 00:00:00-04:00,1744200.0,1744200.0,1621800.0,1683000.0,0,0.0,0.0
2007-08-09 00:00:00-04:00,1621800.0,1652400.0,1407600.0,1621800.0,0,0.0,0.0
2007-08-10 00:00:00-04:00,1499400.0,1683000.0,1438200.0,1652400.0,0,0.0,0.0
2007-08-13 00:00:00-04:00,1530000.0,1560600.0,1377000.0,1530000.0,0,0.0,0.0
2007-08-14 00:00:00-04:00,1377000.0,1836000.0,1377000.0,1713600.0,0,0.0,0.0
2007-08-15 00:00:00-04:00,1805400.0,1836000.0,1530000.0,1774800.0,0,0.0,0.0
2007-08-16 00:00:00-04:00,1530000.0,1744200.0,1438200.0,1713600.0,0,0.0,0.0
2007-08-17 00:00:00-04:00,1652400.0,1744200.0,1591200.0,1713600.0,0,0.0,0.0
2007-08-20 00:00:00-04:00,1713600.0,1989000.0,1713600.0,1927800.0,0,0.0,0.0
2007-08-21 00:00:00-04:00,1836000.0,1989000.0,1683000.0,1836000.0,0,0.0,0.0
2007-08-22 00:00:00-04:00,1836000.0,2080800.0,1836000.0,2019600.0,0,0.0,0.0
2007-08-23 00:00:00-04:00,2111400.0,2111400.0,2019600.0,2080800.0,0,0.0,0.0
2007-08-24 00:00:00-04:00,2080800.0,2356200.0,2019600.0,2203200.0,0,0.0,0.0
2007-08-27 00:00:00-04:00,2203200.0,2264400.0,2111400.0,2142000.0,0,0.0,0.0
2007-08-28 00:00:00-04:00,2295000.0,2356200.0,2172600.0,2264400.0,0,0.0,0.0
2007-08-29 00:00:00-04:00,2203200.0,2356200.0,2203200.0,2356200.0,0,0.0,0.0
2007-08-30 00:00:00-04:00,2356200.0,2478600.0,2356200.0,2356200.0,0,0.0,0.0
2007-08-31 00:00:00-04:00,2509200.0,2539800.0,2203200.0,2356200.0,0,0.0,0.0
2007-09-04 00:00:00-04:00,2539800.0,2539800.0,2233800.0,2264400.0,0,0.0,0.0
2007-09-05 00:00:00-04:00,2264400.0,2264400.0,2172600.0,2233800.0,0,0.0,0.0
2007-09-06 00:00:00-04:00,2295000.0,2295000.0,2172600.0,2172600.0,0,0.0,0.0
2007-09-07 00:00:00-04:00,2203200.0,2264400.0,2080800.0,2142000.0,0,0.0,0.0
2007-09-10 00:00:00-04:00,2142000.0,2142000.0,1897200.0,1958400.0,0,0.0,0.0
2007-09-11 00:00:00-04:00,1989000.0,2080800.0,1866600.0,1958400.0,0,0.0,0.0
2007-09-12 00:00:00-04:00,1927800.0,1989000.0,1621800.0,1927800.0,1,0.0,0.0
2007-09-13 00:00:00-04:00,1897200.0,1927800.0,1836000.0,1927800.0,0,0.0,0.0
2007-09-14 00:00:00-04:00,1927800.0,2203200.0,1927800.0,2142000.0,0,0.0,0.0
2007-09-17 00:00:00-04:00,2142000.0,2142000.0,1744200.0,1836000.0,0,0.0,0.0
2007-09-18 00:00:00-04:00,1836000.0,1866600.0,1744200.0,1744200.0,0,0.0,0.0
2007-09-19 00:00:00-04:00,1836000.0,1927800.0,1744200.0,1897200.0,0,0.0,0.0
2007-09-20 00:00:00-04:00,1836000.0,1927800.0,1805400.0,1836000.0,0,0.0,0.0
2007-09-21 00:00:00-04:00,2111400.0,2142000.0,1836000.0,1989000.0,0,0.0,0.0
2007-09-24 00:00:00-04:00,2080800.0,2080800.0,1989000.0,1989000.0,0,0.0,0.0
2007-09-25 00:00:00-04:00,2050200.0,2142000.0,2050200.0,2080800.0,0,0.0,0.0
2007-09-26 00:00:00-04:00,2111400.0,2142000.0,2019600.0,2142000.0,0,0.0,0.0
2007-09-27 00:00:00-04:00,1989000.0,2080800.0,1989000.0,2050200.0,0,0.0,0.0
2007-09-28 00:00:00-04:00,2050200.0,2111400.0,1774800.0,2019600.0,0,0.0,0.0
2007-10-01 00:00:00-04:00,2019600.0,2050200.0,1805400.0,2050200.0,0,0.0,0.0
2007-10-02 00:00:00-04:00,1866600.0,1958400.0,1774800.0,1836000.0,0,0.0,0.0
2007-10-03 00:00:00-04:00,1836000.0,1958400.0,1774800.0,1774800.0,0,0.0,0.0
2007-10-04 00:00:00-04:00,1774800.0,1989000.0,1774800.0,1989000.0,0,0.0,0.0
2007-10-05 00:00:00-04:00,1958400.0,1989000.0,1774800.0,1989000.0,0,0.0,0.0
2007-10-08 00:00:00-04:00,1866600.0,1989000.0,1836000.0,1897200.0,0,0.0,0.0
2007-10-09 00:00:00-04:00,1774800.0,1897200.0,1774800.0,1897200.0,0,0.0,0.0
2007-10-10 00:00:00-04:00,1836000.0,1989000.0,1805400.0,1927800.0,0,0.0,0.0
2007-10-11 00:00:00-04:00,1836000.0,1927800.0,1805400.0,1927800.0,0,0.0,0.0
2007-10-12 00:00:00-04:00,1866600.0,1866600.0,1774800.0,1836000.0,0,0.0,0.0
2007-10-15 00:00:00-04:00,1836000.0,1897200.0,1774800.0,1897200.0,0,0.0,0.0
2007-10-16 00:00:00-04:00,1836000.0,1836000.0,1774800.0,1805400.0,0,0.0,0.0
2007-10-17 00:00:00-04:00,1897200.0,1897200.0,1805400.0,1805400.0,0,0.0,0.0
2007-10-18 00:00:00-04:00,1836000.0,1897200.0,1774800.0,1836000.0,0,0.0,0.0
2007-10-19 00:00:00-04:00,1774800.0,1897200.0,1774800.0,1897200.0,0,0.0,0.0
2007-10-22 00:00:00-04:00,1897200.0,1897200.0,1805400.0,1805400.0,0,0.0,0.0
2007-10-23 00:00:00-04:00,1805400.0,1836000.0,1774800.0,1774800.0,0,0.0,0.0
2007-10-24 00:00:00-04:00,1774800.0,1836000.0,1713600.0,1774800.0,0,0.0,0.0
2007-10-25 00:00:00-04:00,1774800.0,1774800.0,1652400.0,1744200.0,0,0.0,0.0
2007-10-26 00:00:00-04:00,1683000.0,1713600.0,1530000.0,1591200.0,0,0.0,0.0
2007-10-29 00:00:00-04:00,1591200.0,1683000.0,1530000.0,1591200.0,0,0.0,0.0
2007-10-30 00:00:00-04:00,1591200.0,1683000.0,1530000.0,1560600.0,0,0.0,0.0
2007-10-31 00:00:00-04:00,1560600.0,1652400.0,1530000.0,1530000.0,0,0.0,0.0
2007-11-01 00:00:00-04:00,1621800.0,1621800.0,1530000.0,1560600.0,0,0.0,0.0
2007-11-02 00:00:00-04:00,1530000.0,1744200.0,1530000.0,1683000.0,0,0.0,0.0
2007-11-05 00:00:00-05:00,1683000.0,1774800.0,1621800.0,1683000.0,0,0.0,0.0
2007-11-06 00:00:00-05:00,1591200.0,1713600.0,1591200.0,1683000.0,0,0.0,0.0
2007-11-07 00:00:00-05:00,1683000.0,1683000.0,1560600.0,1652400.0,0,0.0,0.0
2007-11-08 00:00:00-05:00,1652400.0,1683000.0,1530000.0,1621800.0,0,0.0,0.0
2007-11-09 00:00:00-05:00,1652400.0,1713600.0,1560600.0,1652400.0,0,0.0,0.0
2007-11-12 00:00:00-05:00,1621800.0,1713600.0,1591200.0,1621800.0,0,0.0,0.0
2007-11-13 00:00:00-05:00,1744200.0,1744200.0,1683000.0,1683000.0,0,0.0,0.0
2007-11-14 00:00:00-05:00,1713600.0,1713600.0,1591200.0,1621800.0,0,0.0,0.0
2007-11-15 00:00:00-05:00,1652400.0,1652400.0,1591200.0,1591200.0,0,0.0,0.0
2007-11-16 00:00:00-05:00,1591200.0,1591200.0,1499400.0,1591200.0,0,0.0,0.0
2007-11-19 00:00:00-05:00,1591200.0,1591200.0,1468800.0,1468800.0,0,0.0,0.0
2007-11-20 00:00:00-05:00,1438200.0,1560600.0,1438200.0,1530000.0,0,0.0,0.0
2007-11-21 00:00:00-05:00,1530000.0,1560600.0,1407600.0,1560600.0,0,0.0,0.0
2007-11-23 00:00:00-05:00,1468800.0,1530000.0,1377000.0,1530000.0,0,0.0,0.0
2007-11-26 00:00:00-05:00,1499400.0,1560600.0,1346400.0,1407600.0,0,0.0,0.0
2007-11-27 00:00:00-05:00,1377000.0,1468800.0,1315800.0,1315800.0,0,0.0,0.0
2007-11-28 00:00:00-05:00,1315800.0,1560600.0,1315800.0,1377000.0,0,0.0,0.0
2007-11-29 00:00:00-05:00,1407600.0,1530000.0,1346400.0,1530000.0,0,0.0,0.0
2007-11-30 00:00:00-05:00,1468800.0,1652400.0,1468800.0,1621800.0,0,0.0,0.0
2007-12-03 00:00:00-05:00,1621800.0,1621800.0,1499400.0,1530000.0,0,0.0,0.0
2007-12-04 00:00:00-05:00,1621800.0,1621800.0,1621800.0,1621800.0,0,0.0,0.0
2007-12-05 00:00:00-05:00,1591200.0,1621800.0,1499400.0,1499400.0,0,0.0,0.0
2007-12-06 00:00:00-05:00,1530000.0,1530000.0,1346400.0,1407600.0,0,0.0,0.0
2007-12-07 00:00:00-05:00,1468800.0,1560600.0,1468800.0,1530000.0,0,0.0,0.0
2007-12-10 00:00:00-05:00,1560600.0,1560600.0,1468800.0,1530000.0,0,0.0,0.0
2007-12-11 00:00:00-05:00,1530000.0,1530000.0,1407600.0,1407600.0,0,0.0,0.0
2007-12-12 00:00:00-05:00,1530000.0,1560600.0,1407600.0,1560600.0,0,0.0,0.0
2007-12-13 00:00:00-05:00,1560600.0,1560600.0,1438200.0,1438200.0,0,0.0,0.0
2007-12-14 00:00:00-05:00,1468800.0,1468800.0,1468800.0,1468800.0,0,0.0,0.0
2007-12-17 00:00:00-05:00,1438200.0,1499400.0,1377000.0,1377000.0,0,0.0,0.0
2007-12-18 00:00:00-05:00,1407600.0,1499400.0,1377000.0,1438200.0,0,0.0,0.0
2007-12-19 00:00:00-05:00,1468800.0,1744200.0,1468800.0,1744200.0,0,0.0,0.0
2007-12-20 00:00:00-05:00,1652400.0,1836000.0,1652400.0,1836000.0,0,0.0,0.0
2007-12-21 00:00:00-05:00,1927800.0,1927800.0,1866600.0,1897200.0,0,0.0,0.0
2007-12-24 00:00:00-05:00,1927800.0,1927800.0,1805400.0,1836000.0,0,0.0,0.0
2007-12-26 00:00:00-05:00,1774800.0,1836000.0,1744200.0,1836000.0,0,0.0,0.0
2007-12-27 00:00:00-05:00,1836000.0,1836000.0,1621800.0,1683000.0,0,0.0,0.0
2007-12-28 00:00:00-05:00,1774800.0,1774800.0,1560600.0,1683000.0,0,0.0,0.0
2007-12-31 00:00:00-05:00,1652400.0,1989000.0,1530000.0,1805400.0,0,0.0,0.0
2008-01-02 00:00:00-05:00,1805400.0,1897200.0,1805400.0,1836000.0,0,0.0,0.0
2008-01-03 00:00:00-05:00,1927800.0,1927800.0,1836000.0,1866600.0,0,0.0,0.0
2008-01-04 00:00:00-05:00,1836000.0,1866600.0,1774800.0,1866600.0,0,0.0,0.0
2008-01-07 00:00:00-05:00,1836000.0,1836000.0,1836000.0,1836000.0,0,0.0,0.0
2008-01-08 00:00:00-05:00,1836000.0,2203200.0,1836000.0,2080800.0,0,0.0,0.0
2008-01-09 00:00:00-05:00,2142000.0,2448000.0,2142000.0,2295000.0,0,0.0,0.0
2008-01-10 00:00:00-05:00,2295000.0,2386800.0,1958400.0,2203200.0,0,0.0,0.0
2008-01-11 00:00:00-05:00,2172600.0,2172600.0,2080800.0,2142000.0,0,0.0,0.0
2008-01-14 00:00:00-05:00,2325600.0,2386800.0,2203200.0,2203200.0,0,0.0,0.0
2008-01-15 00:00:00-05:00,2264400.0,2386800.0,2203200.0,2386800.0,0,0.0,0.0
2008-01-16 00:00:00-05:00,2509200.0,2509200.0,2264400.0,2295000.0,0,0.0,0.0
2008-01-17 00:00:00-05:00,2448000.0,2448000.0,2295000.0,2295000.0,0,0.0,0.0
2008-01-18 00:00:00-05:00,2295000.0,2325600.0,2233800.0,2325600.0,0,0.0,0.0
2008-01-22 00:00:00-05:00,2295000.0,2295000.0,2142000.0,2295000.0,0,0.0,0.0
2008-01-23 00:00:00-05:00,2203200.0,2295000.0,2111400.0,2295000.0,0,0.0,0.0
2008-01-24 00:00:00-05:00,2325600.0,2325600.0,2264400.0,2264400.0,0,0.0,0.0
2008-01-25 00:00:00-05:00,2295000.0,2356200.0,2264400.0,2356200.0,0,0.0,0.0
2008-01-28 00:00:00-05:00,2448000.0,2448000.0,2325600.0,2386800.0,0,0.0,0.0
2008-01-29 00:00:00-05:00,2356200.0,2386800.0,2172600.0,2172600.0,0,0.0,0.0
2008-01-30 00:00:00-05:00,2356200.0,2448000.0,2233800.0,2295000.0,0,0.0,0.0
2008-01-31 00:00:00-05:00,2325600.0,2417400.0,2295000.0,2417400.0,0,0.0,0.0
2008-02-01 00:00:00-05:00,2386800.0,2417400.0,2142000.0,2142000.0,0,0.0,0.0
2008-02-04 00:00:00-05:00,2233800.0,2386800.0,2172600.0,2295000.0,0,0.0,0.0
2008-02-05 00:00:00-05:00,2295000.0,2386800.0,2233800.0,2233800.0,0,0.0,0.0
2008-02-06 00:00:00-05:00,2233800.0,2356200.0,2233800.0,2295000.0,0,0.0,0.0
2008-02-07 00:00:00-05:00,2325600.0,2356200.0,2142000.0,2142000.0,0,0.0,0.0
2008-02-08 00:00:00-05:00,2356200.0,2356200.0,2142000.0,2356200.0,0,0.0,0.0
2008-02-11 00:00:00-05:00,2356200.0,2386800.0,2356200.0,2386800.0,0,0.0,0.0
2008-02-12 00:00:00-05:00,2417400.0,2417400.0,2111400.0,2111400.0,0,0.0,0.0
2008-02-13 00:00:00-05:00,2142000.0,2142000.0,2142000.0,2142000.0,0,0.0,0.0
2008-02-14 00:00:00-05:00,2142000.0,2172600.0,2050200.0,2142000.0,0,0.0,0.0
2008-02-15 00:00:00-05:00,2172600.0,2172600.0,2050200.0,2142000.0,0,0.0,0.0
2008-02-19 00:00:00-05:00,2111400.0,2172600.0,2050200.0,2111400.0,0,0.0,0.0
2008-02-20 00:00:00-05:00,2050200.0,2050200.0,1774800.0,1897200.0,0,0.0,0.0
2008-02-21 00:00:00-05:00,1927800.0,1958400.0,1468800.0,1530000.0,0,0.0,0.0
2008-02-22 00:00:00-05:00,1591200.0,1713600.0,1530000.0,1591200.0,0,0.0,0.0
2008-02-25 00:00:00-05:00,1713600.0,1713600.0,1438200.0,1499400.0,0,0.0,0.0
2008-02-26 00:00:00-05:00,1621800.0,1683000.0,1560600.0,1683000.0,0,0.0,0.0
2008-02-27 00:00:00-05:00,1683000.0,1805400.0,1683000.0,1744200.0,0,0.0,0.0
2008-02-28 00:00:00-05:00,1744200.0,1805400.0,1744200.0,1805400.0,0,0.0,0.0
2008-02-29 00:00:00-05:00,1805400.0,1836000.0,1774800.0,1836000.0,0,0.0,0.0
2008-03-03 00:00:00-05:00,1774800.0,1805400.0,1774800.0,1805400.0,0,0.0,0.0
2008-03-04 00:00:00-05:00,1805400.0,1836000.0,1805400.0,1836000.0,0,0.0,0.0
2008-03-05 00:00:00-05:00,1866600.0,1866600.0,1836000.0,1836000.0,0,0.0,0.0
2008-03-06 00:00:00-05:00,1866600.0,2080800.0,1866600.0,2080800.0,0,0.0,0.0
2008-03-07 00:00:00-05:00,2080800.0,2203200.0,2080800.0,2203200.0,0,0.0,0.0
2008-03-10 00:00:00-04:00,2203200.0,2325600.0,1989000.0,2111400.0,0,0.0,0.0
2008-03-11 00:00:00-04:00,2111400.0,2142000.0,2111400.0,2142000.0,0,0.0,0.0
2008-03-12 00:00:00-04:00,2142000.0,2325600.0,2111400.0,2142000.0,0,0.0,0.0
2008-03-13 00:00:00-04:00,2142000.0,2295000.0,2142000.0,2142000.0,0,0.0,0.0
2008-03-14 00:00:00-04:00,2233800.0,2233800.0,2203200.0,2203200.0,0,0.0,0.0
2008-03-17 00:00:00-04:00,2142000.0,2142000.0,1989000.0,2142000.0,0,0.0,0.0
2008-03-18 00:00:00-04:00,2142000.0,2264400.0,2142000.0,2264400.0,0,0.0,0.0
2008-03-19 00:00:00-04:00,2050200.0,2264400.0,1989000.0,1989000.0,0,0.0,0.0
2008-03-20 00:00:00-04:00,2111400.0,2203200.0,2019600.0,2019600.0,0,0.0,0.0
2008-03-24 00:00:00-04:00,2019600.0,2111400.0,1897200.0,1989000.0,0,0.0,0.0
2008-03-25 00:00:00-04:00,1958400.0,1989000.0,1744200.0,1744200.0,0,0.0,0.0
2008-03-26 00:00:00-04:00,1744200.0,1774800.0,1621800.0,1621800.0,0,0.0,0.0
2008-03-27 00:00:00-04:00,1744200.0,2050200.0,1530000.0,1591200.0,0,0.0,0.0
2008-03-28 00:00:00-04:00,1683000.0,1683000.0,1315800.0,1346400.0,0,0.0,0.0
2008-03-31 00:00:00-04:00,1499400.0,1897200.0,1407600.0,1468800.0,0,0.0,0.0
2008-04-01 00:00:00-04:00,1560600.0,1774800.0,1438200.0,1774800.0,0,0.0,0.0
2008-04-02 00:00:00-04:00,1621800.0,1774800.0,1530000.0,1621800.0,0,0.0,0.0
2008-04-03 00:00:00-04:00,1805400.0,1805400.0,1468800.0,1530000.0,0,0.0,0.0
2008-04-04 00:00:00-04:00,1652400.0,1774800.0,1560600.0,1774800.0,0,0.0,0.0
2008-04-07 00:00:00-04:00,1744200.0,1958400.0,1744200.0,1774800.0,0,0.0,0.0
2008-04-08 00:00:00-04:00,1774800.0,1805400.0,1774800.0,1805400.0,0,0.0,0.0
2008-04-09 00:00:00-04:00,1683000.0,1805400.0,1621800.0,1774800.0,0,0.0,0.0
2008-04-10 00:00:00-04:00,1683000.0,1774800.0,1683000.0,1683000.0,0,0.0,0.0
2008-04-11 00:00:00-04:00,1805400.0,1805400.0,1468800.0,1468800.0,0,0.0,0.0
2008-04-14 00:00:00-04:00,1530000.0,1530000.0,1346400.0,1407600.0,0,0.0,0.0
2008-04-15 00:00:00-04:00,1407600.0,1530000.0,1346400.0,1530000.0,0,0.0,0.0
2008-04-16 00:00:00-04:00,1560600.0,1621800.0,1560600.0,1591200.0,0,0.0,0.0
2008-04-17 00:00:00-04:00,1621800.0,1744200.0,1621800.0,1683000.0,0,0.0,0.0
2008-04-18 00:00:00-04:00,1683000.0,1713600.0,1621800.0,1683000.0,0,0.0,0.0
2008-04-21 00:00:00-04:00,1683000.0,1744200.0,1560600.0,1683000.0,0,0.0,0.0
2008-04-22 00:00:00-04:00,1683000.0,1744200.0,1530000.0,1683000.0,0,0.0,0.0
2008-04-23 00:00:00-04:00,1683000.0,1744200.0,1652400.0,1744200.0,0,0.0,0.0
2008-04-24 00:00:00-04:00,1744200.0,1897200.0,1652400.0,1805400.0,0,0.0,0.0
2008-04-25 00:00:00-04:00,1805400.0,1897200.0,1805400.0,1836000.0,0,0.0,0.0
2008-04-28 00:00:00-04:00,1836000.0,1836000.0,1713600.0,1713600.0,0,0.0,0.0
2008-04-29 00:00:00-04:00,1805400.0,1805400.0,1713600.0,1713600.0,0,0.0,0.0
2008-04-30 00:00:00-04:00,1683000.0,1805400.0,1652400.0,1805400.0,0,0.0,0.0
2008-05-01 00:00:00-04:00,1805400.0,1805400.0,1774800.0,1774800.0,0,0.0,0.0
2008-05-02 00:00:00-04:00,1774800.0,1805400.0,1774800.0,1774800.0,0,0.0,0.0
2008-05-05 00:00:00-04:00,1805400.0,1805400.0,1774800.0,1774800.0,0,0.0,0.0
2008-05-06 00:00:00-04:00,1805400.0,1805400.0,1713600.0,1713600.0,0,0.0,0.0
2008-05-07 00:00:00-04:00,1713600.0,1774800.0,1713600.0,1713600.0,0,0.0,0.0
2008-05-08 00:00:00-04:00,1683000.0,1744200.0,1683000.0,1744200.0,0,0.0,0.0
2008-05-09 00:00:00-04:00,1683000.0,1683000.0,1683000.0,1683000.0,0,0.0,0.0
2008-05-12 00:00:00-04:00,1683000.0,1805400.0,1683000.0,1805400.0,0,0.0,0.0
2008-05-13 00:00:00-04:00,1805400.0,1805400.0,1713600.0,1713600.0,0,0.0,0.0
2008-05-14 00:00:00-04:00,1713600.0,1805400.0,1713600.0,1744200.0,0,0.0,0.0
2008-05-15 00:00:00-04:00,1805400.0,1805400.0,1805400.0,1805400.0,0,0.0,0.0
2008-05-16 00:00:00-04:00,1774800.0,1805400.0,1774800.0,1805400.0,0,0.0,0.0
2008-05-19 00:00:00-04:00,1836000.0,1836000.0,1683000.0,1683000.0,0,0.0,0.0
2008-05-20 00:00:00-04:00,1774800.0,1774800.0,1560600.0,1652400.0,0,0.0,0.0
2008-05-21 00:00:00-04:00,1683000.0,1683000.0,1591200.0,1683000.0,0,0.0,0.0
2008-05-22 00:00:00-04:00,1591200.0,1652400.0,1560600.0,1591200.0,0,0.0,0.0
2008-05-23 00:00:00-04:00,1560600.0,1683000.0,1560600.0,1683000.0,0,0.0,0.0
2008-05-27 00:00:00-04:00,1591200.0,1591200.0,1560600.0,1560600.0,0,0.0,0.0
2008-05-28 00:00:00-04:00,1560600.0,1683000.0,1560600.0,1560600.0,0,0.0,0.0
2008-05-29 00:00:00-04:00,1560600.0,1621800.0,1530000.0,1621800.0,0,0.0,0.0
2008-05-30 00:00:00-04:00,1621800.0,1621800.0,1499400.0,1621800.0,0,0.0,0.0
2008-06-02 00:00:00-04:00,1621800.0,1836000.0,1621800.0,1836000.0,0,0.0,0.0
2008-06-03 00:00:00-04:00,1836000.0,1836000.0,1591200.0,1744200.0,0,0.0,0.0
2008-06-04 00:00:00-04:00,1744200.0,1836000.0,1744200.0,1836000.0,0,0.0,0.0
2008-06-05 00:00:00-04:00,1683000.0,1836000.0,1683000.0,1805400.0,0,0.0,0.0
2008-06-06 00:00:00-04:00,1805400.0,1805400.0,1621800.0,1621800.0,0,0.0,0.0
2008-06-09 00:00:00-04:00,1621800.0,1683000.0,1621800.0,1621800.0,0,0.0,0.0
2008-06-10 00:00:00-04:00,1713600.0,1713600.0,1621800.0,1713600.0,0,0.0,0.0
2008-06-11 00:00:00-04:00,1713600.0,1713600.0,1560600.0,1560600.0,0,0.0,0.0
2008-06-12 00:00:00-04:00,1683000.0,1683000.0,1560600.0,1560600.0,0,0.0,0.0
2008-06-13 00:00:00-04:00,1530000.0,1530000.0,1530000.0,1530000.0,0,0.0,0.0
2008-06-16 00:00:00-04:00,1560600.0,1683000.0,1560600.0,1683000.0,0,0.0,0.0
2008-06-17 00:00:00-04:00,1683000.0,1683000.0,1560600.0,1683000.0,0,0.0,0.0
2008-06-18 00:00:00-04:00,1591200.0,1683000.0,1591200.0,1683000.0,0,0.0,0.0
2008-06-19 00:00:00-04:00,1560600.0,1683000.0,1560600.0,1683000.0,0,0.0,0.0
2008-06-20 00:00:00-04:00,1621800.0,1621800.0,1530000.0,1530000.0,0,0.0,0.0
2008-06-23 00:00:00-04:00,1530000.0,1621800.0,1530000.0,1621800.0,0,0.0,0.0
2008-06-24 00:00:00-04:00,1652400.0,1683000.0,1499400.0,1621800.0,0,0.0,0.0
2008-06-25 00:00:00-04:00,1683000.0,1713600.0,1591200.0,1713600.0,0,0.0,0.0
2008-06-26 00:00:00-04:00,1713600.0,1713600.0,1560600.0,1560600.0,0,0.0,0.0
2008-06-27 00:00:00-04:00,1560600.0,1621800.0,1560600.0,1621800.0,0,0.0,0.0
2008-06-30 00:00:00-04:00,1683000.0,1683000.0,1530000.0,1530000.0,0,0.0,0.0
2008-07-01 00:00:00-04:00,1530000.0,1652400.0,1499400.0,1652400.0,0,0.0,0.0
2008-07-02 00:00:00-04:00,1499400.0,1652400.0,1499400.0,1652400.0,0,0.0,0.0
2008-07-03 00:00:00-04:00,1621800.0,1621800.0,1621800.0,1621800.0,0,0.0,0.0
2008-07-07 00:00:00-04:00,1560600.0,1621800.0,1499400.0,1591200.0,0,0.0,0.0
2008-07-08 00:00:00-04:00,1591200.0,1591200.0,1499400.0,1530000.0,0,0.0,0.0
2008-07-09 00:00:00-04:00,1530000.0,1530000.0,1468800.0,1530000.0,0,0.0,0.0
2008-07-10 00:00:00-04:00,1652400.0,1652400.0,1652400.0,1652400.0,0,0.0,0.0
2008-07-11 00:00:00-04:00,1652400.0,1652400.0,1652400.0,1652400.0,0,0.0,0.0
2008-07-14 00:00:00-04:00,1652400.0,1652400.0,1652400.0,1652400.0,0,0.0,0.0
2008-07-15 00:00:00-04:00,1407600.0,1591200.0,1407600.0,1591200.0,0,0.0,0.0
2008-07-16 00:00:00-04:00,1530000.0,1591200.0,1530000.0,1530000.0,0,0.0,0.0
2008-07-17 00:00:00-04:00,1560600.0,1560600.0,1530000.0,1530000.0,0,0.0,0.0
2008-07-18 00:00:00-04:00,1377000.0,1652400.0,1377000.0,1652400.0,0,0.0,0.0
2008-07-21 00:00:00-04:00,1468800.0,1652400.0,1346400.0,1438200.0,0,0.0,0.0
2008-07-22 00:00:00-04:00,1468800.0,1652400.0,1468800.0,1652400.0,0,0.0,0.0
2008-07-23 00:00:00-04:00,1621800.0,1621800.0,1621800.0,1621800.0,0,0.0,0.0
2008-07-24 00:00:00-04:00,1468800.0,1621800.0,1468800.0,1621800.0,0,0.0,0.0
2008-07-25 00:00:00-04:00,1621800.0,1621800.0,1621800.0,1621800.0,0,0.0,0.0
2008-07-28 00:00:00-04:00,1499400.0,1621800.0,1499400.0,1591200.0,0,0.0,0.0
2008-07-29 00:00:00-04:00,1499400.0,1621800.0,1499400.0,1621800.0,0,0.0,0.0
2008-07-30 00:00:00-04:00,1530000.0,1652400.0,1530000.0,1621800.0,0,0.0,0.0
2008-07-31 00:00:00-04:00,1560600.0,1652400.0,1560600.0,1652400.0,0,0.0,0.0
2008-08-01 00:00:00-04:00,1591200.0,1621800.0,1530000.0,1530000.0,0,0.0,0.0
2008-08-04 00:00:00-04:00,1530000.0,1530000.0,1530000.0,1530000.0,0,0.0,0.0
2008-08-05 00:00:00-04:00,1560600.0,1591200.0,1468800.0,1591200.0,0,0.0,0.0
2008-08-06 00:00:00-04:00,1530000.0,1621800.0,1530000.0,1621800.0,0,0.0,0.0
2008-08-07 00:00:00-04:00,1468800.0,1621800.0,1468800.0,1560600.0,0,0.0,0.0
2008-08-08 00:00:00-04:00,1530000.0,1560600.0,1468800.0,1560600.0,0,0.0,0.0
2008-08-11 00:00:00-04:00,1468800.0,1468800.0,1468800.0,1468800.0,0,0.0,0.0
2008-08-12 00:00:00-04:00,1468800.0,1530000.0,1377000.0,1407600.0,0,0.0,0.0
2008-08-13 00:00:00-04:00,1438200.0,1438200.0,1407600.0,1407600.0,0,0.0,0.0
2008-08-14 00:00:00-04:00,1407600.0,1591200.0,1407600.0,1591200.0,0,0.0,0.0
2008-08-15 00:00:00-04:00,1407600.0,1591200.0,1407600.0,1591200.0,0,0.0,0.0
2008-08-18 00:00:00-04:00,1652400.0,1652400.0,1407600.0,1591200.0,0,0.0,0.0
2008-08-19 00:00:00-04:00,1407600.0,1591200.0,1407600.0,1530000.0,0,0.0,0.0
2008-08-20 00:00:00-04:00,1438200.0,1438200.0,1438200.0,1438200.0,0,0.0,0.0
2008-08-21 00:00:00-04:00,1438200.0,1530000.0,1438200.0,1530000.0,0,0.0,0.0
2008-08-22 00:00:00-04:00,1591200.0,1591200.0,1530000.0,1530000.0,0,0.0,0.0
2008-08-25 00:00:00-04:00,1346400.0,1530000.0,1346400.0,1530000.0,0,0.0,0.0
2008-08-26 00:00:00-04:00,1530000.0,1530000.0,1530000.0,1530000.0,0,0.0,0.0
2008-08-27 00:00:00-04:00,1468800.0,1530000.0,1468800.0,1530000.0,0,0.0,0.0
2008-08-28 00:00:00-04:00,1346400.0,1591200.0,1346400.0,1591200.0,0,0.0,0.0
2008-08-29 00:00:00-04:00,1591200.0,1591200.0,1591200.0,1591200.0,0,0.0,0.0
2008-09-02 00:00:00-04:00,1468800.0,1468800.0,1468800.0,1468800.0,0,0.0,0.0
2008-09-03 00:00:00-04:00,1438200.0,1530000.0,1377000.0,1530000.0,0,0.0,0.0
2008-09-04 00:00:00-04:00,1468800.0,1468800.0,1407600.0,1468800.0,0,0.0,0.0
2008-09-05 00:00:00-04:00,1407600.0,1468800.0,1346400.0,1468800.0,0,0.0,0.0
2008-09-08 00:00:00-04:00,1377000.0,1468800.0,1377000.0,1438200.0,0,0.0,0.0
2008-09-09 00:00:00-04:00,1377000.0,1530000.0,1377000.0,1530000.0,0,0.0,0.0
2008-09-10 00:00:00-04:00,1499400.0,1530000.0,1499400.0,1530000.0,0,0.0,0.0
2008-09-11 00:00:00-04:00,1438200.0,1530000.0,1377000.0,1530000.0,0,0.0,0.0
2008-09-12 00:00:00-04:00,1530000.0,1530000.0,1530000.0,1530000.0,0,0.0,0.0
2008-09-15 00:00:00-04:00,1346400.0,1530000.0,1346400.0,1530000.0,0,0.0,0.0
2008-09-16 00:00:00-04:00,1530000.0,1530000.0,1530000.0,1530000.0,0,0.0,0.0
2008-09-17 00:00:00-04:00,1377000.0,1377000.0,1346400.0,1377000.0,0,0.0,0.0
2008-09-18 00:00:00-04:00,1530000.0,1530000.0,1315800.0,1438200.0,0,0.0,0.0
2008-09-19 00:00:00-04:00,1315800.0,1530000.0,1315800.0,1468800.0,0,0.0,0.0
2008-09-22 00:00:00-04:00,1346400.0,1499400.0,1285200.0,1499400.0,0,0.0,0.0
2008-09-23 00:00:00-04:00,1285200.0,1499400.0,1285200.0,1346400.0,0,0.0,0.0
2008-09-24 00:00:00-04:00,1285200.0,1285200.0,1071000.0,1071000.0,0,0.0,0.0
2008-09-25 00:00:00-04:00,1193400.0,1285200.0,1101600.0,1285200.0,0,0.0,0.0
2008-09-26 00:00:00-04:00,1285200.0,1285200.0,1101600.0,1162800.0,0,0.0,0.0
2008-09-29 00:00:00-04:00,1101600.0,1254600.0,1101600.0,1254600.0,0,0.0,0.0
2008-09-30 00:00:00-04:00,1193400.0,1254600.0,1132200.0,1224000.0,0,0.0,0.0
2008-10-01 00:00:00-04:00,1224000.0,1224000.0,1193400.0,1193400.0,0,0.0,0.0
2008-10-02 00:00:00-04:00,1193400.0,1438200.0,1193400.0,1438200.0,0,0.0,0.0
2008-10-03 00:00:00-04:00,1071000.0,1346400.0,1071000.0,1254600.0,0,0.0,0.0
2008-10-06 00:00:00-04:00,1254600.0,1346400.0,1101600.0,1285200.0,0,0.0,0.0
2008-10-07 00:00:00-04:00,1285200.0,1346400.0,1193400.0,1315800.0,0,0.0,0.0
2008-10-08 00:00:00-04:00,1193400.0,1315800.0,1132200.0,1224000.0,0,0.0,0.0
2008-10-09 00:00:00-04:00,1162800.0,1162800.0,1101600.0,1101600.0,0,0.0,0.0
2008-10-10 00:00:00-04:00,1071000.0,1254600.0,948600.0,1224000.0,0,0.0,0.0
2008-10-13 00:00:00-04:00,1224000.0,1377000.0,1224000.0,1315800.0,0,0.0,0.0
2008-10-14 00:00:00-04:00,1315800.0,1315800.0,1224000.0,1315800.0,0,0.0,0.0
2008-10-15 00:00:00-04:00,1315800.0,1315800.0,1071000.0,1224000.0,0,0.0,0.0
2008-10-16 00:00:00-04:00,1071000.0,1101600.0,979200.0,1101600.0,0,0.0,0.0
2008-10-17 00:00:00-04:00,1101600.0,1101600.0,979200.0,1101600.0,0,0.0,0.0
2008-10-20 00:00:00-04:00,1101600.0,1193400.0,1101600.0,1193400.0,0,0.0,0.0
2008-10-21 00:00:00-04:00,1162800.0,1193400.0,1071000.0,1071000.0,0,0.0,0.0
2008-10-22 00:00:00-04:00,1101600.0,1193400.0,1101600.0,1193400.0,0,0.0,0.0
2008-10-23 00:00:00-04:00,1162800.0,1162800.0,948600.0,1132200.0,0,0.0,0.0
2008-10-24 00:00:00-04:00,948600.0,1040400.0,918000.0,918000.0,0,0.0,0.0
2008-10-27 00:00:00-04:00,887400.0,979200.0,887400.0,918000.0,0,0.0,0.0
2008-10-28 00:00:00-04:00,918000.0,918000.0,918000.0,918000.0,0,0.0,0.0
2008-10-29 00:00:00-04:00,979200.0,979200.0,856800.0,887400.0,0,0.0,0.0
2008-10-30 00:00:00-04:00,887400.0,979200.0,856800.0,887400.0,0,0.0,0.0
2008-10-31 00:00:00-04:00,795600.0,918000.0,795600.0,918000.0,0,0.0,0.0
2008-11-03 00:00:00-05:00,887400.0,918000.0,703800.0,856800.0,0,0.0,0.0
2008-11-04 00:00:00-05:00,887400.0,1071000.0,826200.0,1071000.0,0,0.0,0.0
2008-11-05 00:00:00-05:00,1254600.0,1254600.0,918000.0,918000.0,0,0.0,0.0
2008-11-06 00:00:00-05:00,826200.0,826200.0,581400.0,703800.0,0,0.0,0.0
2008-11-07 00:00:00-05:00,795600.0,856800.0,765000.0,856800.0,0,0.0,0.0
2008-11-10 00:00:00-05:00,856800.0,856800.0,856800.0,856800.0,0,0.0,0.0
2008-11-11 00:00:00-05:00,887400.0,887400.0,856800.0,856800.0,0,0.0,0.0
2008-11-12 00:00:00-05:00,826200.0,826200.0,703800.0,703800.0,0,0.0,0.0
2008-11-13 00:00:00-05:00,765000.0,765000.0,673200.0,765000.0,0,0.0,0.0
2008-11-14 00:00:00-05:00,765000.0,765000.0,642600.0,765000.0,0,0.0,0.0
2008-11-17 00:00:00-05:00,765000.0,765000.0,581400.0,734400.0,0,0.0,0.0
2008-11-18 00:00:00-05:00,734400.0,1071000.0,734400.0,887400.0,0,0.0,0.0
2008-11-19 00:00:00-05:00,765000.0,765000.0,581400.0,734400.0,0,0.0,0.0
2008-11-20 00:00:00-05:00,642600.0,703800.0,612000.0,703800.0,0,0.0,0.0
2008-11-21 00:00:00-05:00,703800.0,703800.0,612000.0,703800.0,0,0.0,0.0
2008-11-24 00:00:00-05:00,703800.0,703800.0,612000.0,673200.0,0,0.0,0.0
2008-11-25 00:00:00-05:00,581400.0,703800.0,581400.0,703800.0,0,0.0,0.0
2008-11-26 00:00:00-05:00,581400.0,703800.0,581400.0,703800.0,0,0.0,0.0
2008-11-28 00:00:00-05:00,703800.0,703800.0,703800.0,703800.0,0,0.0,0.0
2008-12-01 00:00:00-05:00,703800.0,887400.0,703800.0,887400.0,0,0.0,0.0
2008-12-02 00:00:00-05:00,856800.0,856800.0,795600.0,795600.0,0,0.0,0.0
2008-12-03 00:00:00-05:00,795600.0,795600.0,795600.0,795600.0,0,0.0,0.0
2008-12-04 00:00:00-05:00,795600.0,1071000.0,703800.0,918000.0,0,0.0,0.0
2008-12-05 00:00:00-05:00,795600.0,918000.0,765000.0,856800.0,0,0.0,0.0
2008-12-08 00:00:00-05:00,918000.0,979200.0,887400.0,979200.0,0,0.0,0.0
2008-12-09 00:00:00-05:00,1193400.0,1193400.0,1071000.0,1132200.0,0,0.0,0.0
2008-12-10 00:00:00-05:00,1132200.0,1224000.0,1132200.0,1224000.0,0,0.0,0.0
2008-12-11 00:00:00-05:00,1224000.0,1285200.0,1193400.0,1285200.0,0,0.0,0.0
2008-12-12 00:00:00-05:00,1377000.0,1377000.0,1224000.0,1377000.0,0,0.0,0.0
2008-12-15 00:00:00-05:00,1132200.0,1315800.0,1132200.0,1315800.0,0,0.0,0.0
2008-12-16 00:00:00-05:00,1315800.0,1377000.0,1224000.0,1377000.0,0,0.0,0.0
2008-12-17 00:00:00-05:00,1377000.0,1377000.0,1377000.0,1377000.0,0,0.0,0.0
2008-12-18 00:00:00-05:00,1101600.0,1101600.0,1071000.0,1071000.0,0,0.0,0.0
2008-12-19 00:00:00-05:00,1071000.0,1346400.0,1071000.0,1346400.0,0,0.0,0.0
2008-12-22 00:00:00-05:00,1132200.0,1346400.0,1132200.0,1315800.0,0,0.0,0.0
2008-12-23 00:00:00-05:00,1315800.0,1377000.0,1315800.0,1377000.0,0,0.0,0.0
2008-12-24 00:00:00-05:00,918000.0,1346400.0,918000.0,1346400.0,0,0.0,0.0
2008-12-26 00:00:00-05:00,1162800.0,1377000.0,1162800.0,1377000.0,0,0.0,0.0
2008-12-29 00:00:00-05:00,1254600.0,1377000.0,1162800.0,1377000.0,0,0.0,0.0
2008-12-30 00:00:00-05:00,1377000.0,1499400.0,1193400.0,1499400.0,0,0.0,0.0
2008-12-31 00:00:00-05:00,1224000.0,1438200.0,1224000.0,1438200.0,0,0.0,0.0
2009-01-02 00:00:00-05:00,1438200.0,1438200.0,1438200.0,1438200.0,0,0.0,0.0
2009-01-05 00:00:00-05:00,1224000.0,1438200.0,1224000.0,1438200.0,0,0.0,0.0
2009-01-06 00:00:00-05:00,1438200.0,1560600.0,1346400.0,1560600.0,0,0.0,0.0
2009-01-07 00:00:00-05:00,1560600.0,1744200.0,1530000.0,1591200.0,0,0.0,0.0
2009-01-08 00:00:00-05:00,1683000.0,1836000.0,1530000.0,1530000.0,0,0.0,0.0
2009-01-09 00:00:00-05:00,1683000.0,1683000.0,1438200.0,1530000.0,0,0.0,0.0
2009-01-12 00:00:00-05:00,1438200.0,1530000.0,1438200.0,1530000.0,0,0.0,0.0
2009-01-13 00:00:00-05:00,1407600.0,1652400.0,1407600.0,1652400.0,0,0.0,0.0
2009-01-14 00:00:00-05:00,1530000.0,1774800.0,1407600.0,1438200.0,0,0.0,0.0
2009-01-15 00:00:00-05:00,1530000.0,1683000.0,1530000.0,1530000.0,0,0.0,0.0
2009-01-16 00:00:00-05:00,1530000.0,1530000.0,1530000.0,1530000.0,0,0.0,0.0
2009-01-20 00:00:00-05:00,1530000.0,1530000.0,1530000.0,1530000.0,0,0.0,0.0
2009-01-21 00:00:00-05:00,1530000.0,1530000.0,1407600.0,1530000.0,0,0.0,0.0
2009-01-22 00:00:00-05:00,1377000.0,1499400.0,1377000.0,1499400.0,0,0.0,0.0
2009-01-23 00:00:00-05:00,1499400.0,1499400.0,1499400.0,1499400.0,0,0.0,0.0
2009-01-26 00:00:00-05:00,1499400.0,1499400.0,1499400.0,1499400.0,0,0.0,0.0
2009-01-27 00:00:00-05:00,1377000.0,1499400.0,1377000.0,1499400.0,0,0.0,0.0
2009-01-28 00:00:00-05:00,1652400.0,1652400.0,1652400.0,1652400.0,0,0.0,0.0
2009-01-29 00:00:00-05:00,1468800.0,1652400.0,1468800.0,1652400.0,0,0.0,0.0
2009-01-30 00:00:00-05:00,1499400.0,1652400.0,1499400.0,1652400.0,0,0.0,0.0
2009-02-02 00:00:00-05:00,1346400.0,1560600.0,1346400.0,1560600.0,0,0.0,0.0
2009-02-03 00:00:00-05:00,1377000.0,1560600.0,1346400.0,1560600.0,0,0.0,0.0
2009-02-04 00:00:00-05:00,1468800.0,1621800.0,1377000.0,1530000.0,0,0.0,0.0
2009-02-05 00:00:00-05:00,1530000.0,1530000.0,1530000.0,1530000.0,0,0.0,0.0
2009-02-06 00:00:00-05:00,1530000.0,1530000.0,1530000.0,1530000.0,0,0.0,0.0
2009-02-09 00:00:00-05:00,1438200.0,1438200.0,1377000.0,1377000.0,0,0.0,0.0
2009-02-10 00:00:00-05:00,1377000.0,1468800.0,1315800.0,1468800.0,0,0.0,0.0
2009-02-11 00:00:00-05:00,1377000.0,1468800.0,1377000.0,1468800.0,0,0.0,0.0
2009-02-12 00:00:00-05:00,1468800.0,1652400.0,1468800.0,1530000.0,0,0.0,0.0
2009-02-13 00:00:00-05:00,1530000.0,1530000.0,1224000.0,1499400.0,0,0.0,0.0
2009-02-17 00:00:00-05:00,1224000.0,1438200.0,1132200.0,1438200.0,0,0.0,0.0
2009-02-18 00:00:00-05:00,1224000.0,1438200.0,1224000.0,1438200.0,0,0.0,0.0
2009-02-19 00:00:00-05:00,1224000.0,1438200.0,1224000.0,1407600.0,0,0.0,0.0
2009-02-20 00:00:00-05:00,1560600.0,1560600.0,1224000.0,1315800.0,0,0.0,0.0
2009-02-23 00:00:00-05:00,1315800.0,1315800.0,1162800.0,1162800.0,0,0.0,0.0
2009-02-24 00:00:00-05:00,1071000.0,1162800.0,1071000.0,1162800.0,0,0.0,0.0
2009-02-25 00:00:00-05:00,1162800.0,1224000.0,1071000.0,1224000.0,0,0.0,0.0
2009-02-26 00:00:00-05:00,1224000.0,1224000.0,1224000.0,1224000.0,0,0.0,0.0
2009-02-27 00:00:00-05:00,1162800.0,1468800.0,1162800.0,1438200.0,0,0.0,0.0
2009-03-02 00:00:00-05:00,1438200.0,1438200.0,1438200.0,1438200.0,0,0.0,0.0
2009-03-03 00:00:00-05:00,1377000.0,1377000.0,1224000.0,1224000.0,0,0.0,0.0
2009-03-04 00:00:00-05:00,1224000.0,1224000.0,1162800.0,1224000.0,0,0.0,0.0
2009-03-05 00:00:00-05:00,1071000.0,1071000.0,1071000.0,1071000.0,0,0.0,0.0
2009-03-06 00:00:00-05:00,1071000.0,1224000.0,1071000.0,1162800.0,0,0.0,0.0
2009-03-09 00:00:00-04:00,1162800.0,1224000.0,1071000.0,1224000.0,0,0.0,0.0
2009-03-10 00:00:00-04:00,1071000.0,1162800.0,979200.0,1162800.0,0,0.0,0.0
2009-03-11 00:00:00-04:00,1162800.0,1162800.0,1162800.0,1162800.0,0,0.0,0.0
2009-03-12 00:00:00-04:00,1162800.0,1224000.0,1101600.0,1224000.0,0,0.0,0.0
2009-03-13 00:00:00-04:00,1224000.0,1224000.0,979200.0,1162800.0,0,0.0,0.0
2009-03-16 00:00:00-04:00,1162800.0,1162800.0,1162800.0,1162800.0,0,0.0,0.0
2009-03-17 00:00:00-04:00,1162800.0,1193400.0,948600.0,1193400.0,0,0.0,0.0
2009-03-18 00:00:00-04:00,1193400.0,1193400.0,1193400.0,1193400.0,0,0.0,0.0
2009-03-19 00:00:00-04:00,1193400.0,1193400.0,1071000.0,1193400.0,0,0.0,0.0
2009-03-20 00:00:00-04:00,918000.0,1132200.0,918000.0,1040400.0,0,0.0,0.0
2009-03-23 00:00:00-04:00,1040400.0,1040400.0,1009800.0,1040400.0,0,0.0,0.0
2009-03-24 00:00:00-04:00,1040400.0,1071000.0,918000.0,1071000.0,0,0.0,0.0
2009-03-25 00:00:00-04:00,918000.0,1193400.0,918000.0,1193400.0,0,0.0,0.0
2009-03-26 00:00:00-04:00,1193400.0,1193400.0,1193400.0,1193400.0,0,0.0,0.0
2009-03-27 00:00:00-04:00,1193400.0,1193400.0,1162800.0,1193400.0,0,0.0,0.0
2009-03-30 00:00:00-04:00,1193400.0,1193400.0,1193400.0,1193400.0,0,0.0,0.0
2009-03-31 00:00:00-04:00,1040400.0,1162800.0,1040400.0,1162800.0,0,0.0,0.0
2009-04-01 00:00:00-04:00,1040400.0,1040400.0,1040400.0,1040400.0,0,0.0,0.0
2009-04-02 00:00:00-04:00,1071000.0,1162800.0,1071000.0,1162800.0,0,0.0,0.0
2009-04-03 00:00:00-04:00,1101600.0,1162800.0,1101600.0,1162800.0,0,0.0,0.0
2009-04-06 00:00:00-04:00,1162800.0,1162800.0,1162800.0,1162800.0,0,0.0,0.0
2009-04-07 00:00:00-04:00,1101600.0,1162800.0,1040400.0,1162800.0,0,0.0,0.0
2009-04-08 00:00:00-04:00,1101600.0,1162800.0,1101600.0,1162800.0,0,0.0,0.0
2009-04-09 00:00:00-04:00,1162800.0,1162800.0,1101600.0,1162800.0,0,0.0,0.0
2009-04-13 00:00:00-04:00,1040400.0,1162800.0,1040400.0,1162800.0,0,0.0,0.0
2009-04-14 00:00:00-04:00,1162800.0,1162800.0,1101600.0,1162800.0,0,0.0,0.0
2009-04-15 00:00:00-04:00,1162800.0,1193400.0,1162800.0,1193400.0,0,0.0,0.0
2009-04-16 00:00:00-04:00,1193400.0,1224000.0,1132200.0,1224000.0,0,0.0,0.0
2009-04-17 00:00:00-04:00,1224000.0,1224000.0,1162800.0,1224000.0,0,0.0,0.0
2009-04-20 00:00:00-04:00,1224000.0,1224000.0,1009800.0,1224000.0,0,0.0,0.0
2009-04-21 00:00:00-04:00,1224000.0,1224000.0,1193400.0,1224000.0,0,0.0,0.0
2009-04-22 00:00:00-04:00,1224000.0,1224000.0,1162800.0,1224000.0,0,0.0,0.0
2009-04-23 00:00:00-04:00,1224000.0,1224000.0,1224000.0,1224000.0,0,0.0,0.0
2009-04-24 00:00:00-04:00,1224000.0,1224000.0,1162800.0,1224000.0,0,0.0,0.0
2009-04-27 00:00:00-04:00,1224000.0,1377000.0,1193400.0,1377000.0,0,0.0,0.0
2009-04-28 00:00:00-04:00,1315800.0,1407600.0,1315800.0,1377000.0,0,0.0,0.0
2009-04-29 00:00:00-04:00,1377000.0,1805400.0,1377000.0,1652400.0,0,0.0,0.0
2009-04-30 00:00:00-04:00,1744200.0,1744200.0,1530000.0,1530000.0,0,0.0,0.0
2009-05-01 00:00:00-04:00,1530000.0,1744200.0,1530000.0,1744200.0,0,0.0,0.0
2009-05-04 00:00:00-04:00,1744200.0,1774800.0,1530000.0,1530000.0,0,0.0,0.0
2009-05-05 00:00:00-04:00,1652400.0,1652400.0,1530000.0,1652400.0,0,0.0,0.0
2009-05-06 00:00:00-04:00,1652400.0,1652400.0,1530000.0,1530000.0,0,0.0,0.0
2009-05-07 00:00:00-04:00,1530000.0,1621800.0,1530000.0,1621800.0,0,0.0,0.0
2009-05-08 00:00:00-04:00,1621800.0,1683000.0,1621800.0,1652400.0,0,0.0,0.0
2009-05-11 00:00:00-04:00,1683000.0,1713600.0,1560600.0,1713600.0,0,0.0,0.0
2009-05-12 00:00:00-04:00,1774800.0,2448000.0,1652400.0,2172600.0,0,0.0,0.0
2009-05-13 00:00:00-04:00,2233800.0,2295000.0,1958400.0,1989000.0,0,0.0,0.0
2009-05-14 00:00:00-04:00,2142000.0,2264400.0,1958400.0,2050200.0,0,0.0,0.0
2009-05-15 00:00:00-04:00,2050200.0,2142000.0,1836000.0,1866600.0,0,0.0,0.0
2009-05-18 00:00:00-04:00,1989000.0,1989000.0,1836000.0,1836000.0,0,0.0,0.0
2009-05-19 00:00:00-04:00,1866600.0,1927800.0,1774800.0,1836000.0,0,0.0,0.0
2009-05-20 00:00:00-04:00,1927800.0,2050200.0,1866600.0,2050200.0,0,0.0,0.0
2009-05-21 00:00:00-04:00,2050200.0,2050200.0,1989000.0,1989000.0,0,0.0,0.0
2009-05-22 00:00:00-04:00,1989000.0,2050200.0,1958400.0,2019600.0,0,0.0,0.0
2009-05-26 00:00:00-04:00,2019600.0,2080800.0,1989000.0,2019600.0,0,0.0,0.0
2009-05-27 00:00:00-04:00,2019600.0,2142000.0,1958400.0,2142000.0,0,0.0,0.0
2009-05-28 00:00:00-04:00,2142000.0,2142000.0,2142000.0,2142000.0,0,0.0,0.0
2009-05-29 00:00:00-04:00,2142000.0,2264400.0,2142000.0,2203200.0,0,0.0,0.0
2009-06-01 00:00:00-04:00,2264400.0,2356200.0,2080800.0,2356200.0,0,0.0,0.0
2009-06-02 00:00:00-04:00,2325600.0,2325600.0,2233800.0,2325600.0,0,0.0,0.0
2009-06-03 00:00:00-04:00,2233800.0,2356200.0,2233800.0,2356200.0,0,0.0,0.0
2009-06-04 00:00:00-04:00,2203200.0,2356200.0,2203200.0,2356200.0,0,0.0,0.0
2009-06-05 00:00:00-04:00,2356200.0,2448000.0,2325600.0,2448000.0,0,0.0,0.0
2009-06-08 00:00:00-04:00,2448000.0,2448000.0,2386800.0,2386800.0,0,0.0,0.0
2009-06-09 00:00:00-04:00,2295000.0,2417400.0,2295000.0,2295000.0,0,0.0,0.0
2009-06-10 00:00:00-04:00,2295000.0,2386800.0,2295000.0,2325600.0,0,0.0,0.0
2009-06-11 00:00:00-04:00,2386800.0,2417400.0,2325600.0,2417400.0,0,0.0,0.0
2009-06-12 00:00:00-04:00,2417400.0,2417400.0,2386800.0,2417400.0,0,0.0,0.0
2009-06-15 00:00:00-04:00,2417400.0,2417400.0,2356200.0,2356200.0,0,0.0,0.0
2009-06-16 00:00:00-04:00,2417400.0,2417400.0,2295000.0,2417400.0,0,0.0,0.0
2009-06-17 00:00:00-04:00,2417400.0,2509200.0,2417400.0,2509200.0,0,0.0,0.0
2009-06-18 00:00:00-04:00,2509200.0,2539800.0,2478600.0,2539800.0,0,0.0,0.0
2009-06-19 00:00:00-04:00,2539800.0,2601000.0,2509200.0,2601000.0,0,0.0,0.0
2009-06-22 00:00:00-04:00,2631600.0,2662200.0,2539800.0,2662200.0,0,0.0,0.0
2009-06-23 00:00:00-04:00,2662200.0,2815200.0,2662200.0,2815200.0,0,0.0,0.0
2009-06-24 00:00:00-04:00,2815200.0,2845800.0,2723400.0,2784600.0,0,0.0,0.0
2009-06-25 00:00:00-04:00,2845800.0,2876400.0,2723400.0,2754000.0,0,0.0,0.0
2009-06-26 00:00:00-04:00,2754000.0,2754000.0,2601000.0,2662200.0,0,0.0,0.0
2009-06-29 00:00:00-04:00,2601000.0,2723400.0,2601000.0,2723400.0,0,0.0,0.0
2009-06-30 00:00:00-04:00,2539800.0,2754000.0,2539800.0,2754000.0,0,0.0,0.0
2009-07-01 00:00:00-04:00,2754000.0,2754000.0,2601000.0,2754000.0,0,0.0,0.0
2009-07-02 00:00:00-04:00,2570400.0,2723400.0,2570400.0,2692800.0,0,0.0,0.0
2009-07-06 00:00:00-04:00,2631600.0,2631600.0,2448000.0,2509200.0,0,0.0,0.0
2009-07-07 00:00:00-04:00,2448000.0,2448000.0,2142000.0,2448000.0,0,0.0,0.0
2009-07-08 00:00:00-04:00,2356200.0,2356200.0,2203200.0,2203200.0,0,0.0,0.0
2009-07-09 00:00:00-04:00,2142000.0,2264400.0,2080800.0,2080800.0,0,0.0,0.0
2009-07-10 00:00:00-04:00,2080800.0,2111400.0,2080800.0,2111400.0,0,0.0,0.0
2009-07-13 00:00:00-04:00,2111400.0,2111400.0,1744200.0,1989000.0,0,0.0,0.0
2009-07-14 00:00:00-04:00,1989000.0,1989000.0,1836000.0,1958400.0,0,0.0,0.0
2009-07-15 00:00:00-04:00,1958400.0,1958400.0,1836000.0,1836000.0,0,0.0,0.0
2009-07-16 00:00:00-04:00,1836000.0,1836000.0,1805400.0,1836000.0,0,0.0,0.0
2009-07-17 00:00:00-04:00,1836000.0,1897200.0,1805400.0,1836000.0,0,0.0,0.0
2009-07-20 00:00:00-04:00,1989000.0,1989000.0,1774800.0,1774800.0,0,0.0,0.0
2009-07-21 00:00:00-04:00,1774800.0,1989000.0,1774800.0,1897200.0,0,0.0,0.0
2009-07-22 00:00:00-04:00,1866600.0,1927800.0,1774800.0,1836000.0,0,0.0,0.0
2009-07-23 00:00:00-04:00,1836000.0,1897200.0,1836000.0,1836000.0,0,0.0,0.0
2009-07-24 00:00:00-04:00,1836000.0,1866600.0,1836000.0,1836000.0,0,0.0,0.0
2009-07-27 00:00:00-04:00,1897200.0,1897200.0,1774800.0,1836000.0,0,0.0,0.0
2009-07-28 00:00:00-04:00,1836000.0,1897200.0,1774800.0,1866600.0,0,0.0,0.0
2009-07-29 00:00:00-04:00,1836000.0,1866600.0,1805400.0,1836000.0,0,0.0,0.0
2009-07-30 00:00:00-04:00,1836000.0,1897200.0,1836000.0,1897200.0,0,0.0,0.0
2009-07-31 00:00:00-04:00,1897200.0,2142000.0,1897200.0,2050200.0,0,0.0,0.0
2009-08-03 00:00:00-04:00,2050200.0,2203200.0,1989000.0,2203200.0,0,0.0,0.0
2009-08-04 00:00:00-04:00,2295000.0,2723400.0,2295000.0,2723400.0,0,0.0,0.0
2009-08-05 00:00:00-04:00,2845800.0,2998800.0,2478600.0,2601000.0,0,0.0,0.0
2009-08-06 00:00:00-04:00,2692800.0,2754000.0,2631600.0,2631600.0,0,0.0,0.0
2009-08-07 00:00:00-04:00,2601000.0,2601000.0,2509200.0,2601000.0,0,0.0,0.0
2009-08-10 00:00:00-04:00,2815200.0,2815200.0,2601000.0,2601000.0,0,0.0,0.0
2009-08-11 00:00:00-04:00,2723400.0,2723400.0,2601000.0,2662200.0,0,0.0,0.0
2009-08-12 00:00:00-04:00,2692800.0,2692800.0,2662200.0,2662200.0,0,0.0,0.0
2009-08-13 00:00:00-04:00,2754000.0,2754000.0,2570400.0,2570400.0,0,0.0,0.0
2009-08-14 00:00:00-04:00,2692800.0,2754000.0,2631600.0,2692800.0,0,0.0,0.0
2009-08-17 00:00:00-04:00,2631600.0,2662200.0,2509200.0,2539800.0,0,0.0,0.0
2009-08-18 00:00:00-04:00,2509200.0,2539800.0,2417400.0,2539800.0,0,0.0,0.0
2009-08-19 00:00:00-04:00,2539800.0,2539800.0,2356200.0,2509200.0,0,0.0,0.0
2009-08-20 00:00:00-04:00,2448000.0,2448000.0,2386800.0,2448000.0,0,0.0,0.0
2009-08-21 00:00:00-04:00,2601000.0,2601000.0,2386800.0,2386800.0,0,0.0,0.0
2009-08-24 00:00:00-04:00,2356200.0,2448000.0,2295000.0,2417400.0,0,0.0,0.0
2009-08-25 00:00:00-04:00,2417400.0,2539800.0,2417400.0,2448000.0,0,0.0,0.0
2009-08-26 00:00:00-04:00,2478600.0,2478600.0,2386800.0,2386800.0,0,0.0,0.0
2009-08-27 00:00:00-04:00,2601000.0,2601000.0,2417400.0,2417400.0,0,0.0,0.0
2009-08-28 00:00:00-04:00,2417400.0,2570400.0,2356200.0,2448000.0,0,0.0,0.0
2009-08-31 00:00:00-04:00,2448000.0,2478600.0,2142000.0,2386800.0,0,0.0,0.0
2009-09-01 00:00:00-04:00,2356200.0,2356200.0,2264400.0,2325600.0,0,0.0,0.0
2009-09-02 00:00:00-04:00,2295000.0,2325600.0,2264400.0,2295000.0,0,0.0,0.0
2009-09-03 00:00:00-04:00,2264400.0,2295000.0,2264400.0,2295000.0,0,0.0,0.0
2009-09-04 00:00:00-04:00,2295000.0,2448000.0,2295000.0,2448000.0,0,0.0,0.0
2009-09-08 00:00:00-04:00,2448000.0,2448000.0,2386800.0,2386800.0,0,0.0,0.0
2009-09-09 00:00:00-04:00,2448000.0,2448000.0,2417400.0,2448000.0,0,0.0,0.0
2009-09-10 00:00:00-04:00,2417400.0,2448000.0,2325600.0,2448000.0,0,0.0,0.0
2009-09-11 00:00:00-04:00,2448000.0,2448000.0,2386800.0,2448000.0,0,0.0,0.0
2009-09-14 00:00:00-04:00,2478600.0,2478600.0,2386800.0,2386800.0,0,0.0,0.0
2009-09-15 00:00:00-04:00,2386800.0,2386800.0,2386800.0,2386800.0,0,0.0,0.0
2009-09-16 00:00:00-04:00,2386800.0,2448000.0,2356200.0,2448000.0,0,0.0,0.0
2009-09-17 00:00:00-04:00,2448000.0,2448000.0,2356200.0,2386800.0,0,0.0,0.0
2009-09-18 00:00:00-04:00,2386800.0,2386800.0,2356200.0,2386800.0,0,0.0,0.0
2009-09-21 00:00:00-04:00,2356200.0,2448000.0,2356200.0,2448000.0,0,0.0,0.0
2009-09-22 00:00:00-04:00,2448000.0,2509200.0,2417400.0,2509200.0,0,0.0,0.0
2009-09-23 00:00:00-04:00,2478600.0,2601000.0,2478600.0,2601000.0,0,0.0,0.0
2009-09-24 00:00:00-04:00,2601000.0,2601000.0,2448000.0,2601000.0,0,0.0,0.0
2009-09-25 00:00:00-04:00,2478600.0,2509200.0,2448000.0,2478600.0,0,0.0,0.0
2009-09-28 00:00:00-04:00,2509200.0,2509200.0,2448000.0,2509200.0,0,0.0,0.0
2009-09-29 00:00:00-04:00,2448000.0,2601000.0,2448000.0,2601000.0,0,0.0,0.0
2009-09-30 00:00:00-04:00,2601000.0,2754000.0,2601000.0,2754000.0,0,0.0,0.0
2009-10-01 00:00:00-04:00,2815200.0,2815200.0,2509200.0,2601000.0,0,0.0,0.0
2009-10-02 00:00:00-04:00,2539800.0,2784600.0,2478600.0,2662200.0,0,0.0,0.0
2009-10-05 00:00:00-04:00,2662200.0,2662200.0,2356200.0,2448000.0,0,0.0,0.0
2009-10-06 00:00:00-04:00,2448000.0,2570400.0,2295000.0,2448000.0,0,0.0,0.0
2009-10-07 00:00:00-04:00,2356200.0,2539800.0,2356200.0,2386800.0,0,0.0,0.0
2009-10-08 00:00:00-04:00,2448000.0,2478600.0,2386800.0,2448000.0,0,0.0,0.0
2009-10-09 00:00:00-04:00,2448000.0,2570400.0,2448000.0,2570400.0,0,0.0,0.0
2009-10-12 00:00:00-04:00,2448000.0,2570400.0,2448000.0,2570400.0,0,0.0,0.0
2009-10-13 00:00:00-04:00,2448000.0,2570400.0,2448000.0,2570400.0,0,0.0,0.0
2009-10-14 00:00:00-04:00,2478600.0,2509200.0,2356200.0,2448000.0,0,0.0,0.0
2009-10-15 00:00:00-04:00,2448000.0,2601000.0,2448000.0,2601000.0,0,0.0,0.0
2009-10-16 00:00:00-04:00,2570400.0,2570400.0,2570400.0,2570400.0,0,0.0,0.0
2009-10-19 00:00:00-04:00,2448000.0,2448000.0,2356200.0,2448000.0,0,0.0,0.0
2009-10-20 00:00:00-04:00,2448000.0,2448000.0,1989000.0,2356200.0,0,0.0,0.0
2009-10-21 00:00:00-04:00,2356200.0,2417400.0,2142000.0,2356200.0,0,0.0,0.0
2009-10-22 00:00:00-04:00,2356200.0,2417400.0,2356200.0,2417400.0,0,0.0,0.0
2009-10-23 00:00:00-04:00,2417400.0,2509200.0,2325600.0,2509200.0,0,0.0,0.0
2009-10-26 00:00:00-04:00,2539800.0,2539800.0,2448000.0,2478600.0,0,0.0,0.0
2009-10-27 00:00:00-04:00,2417400.0,2417400.0,2142000.0,2417400.0,0,0.0,0.0
2009-10-28 00:00:00-04:00,2356200.0,2448000.0,2142000.0,2386800.0,0,0.0,0.0
2009-10-29 00:00:00-04:00,2203200.0,2386800.0,2203200.0,2356200.0,0,0.0,0.0
2009-10-30 00:00:00-04:00,2356200.0,2448000.0,2233800.0,2386800.0,0,0.0,0.0
2009-11-02 00:00:00-05:00,2386800.0,2386800.0,2295000.0,2356200.0,0,0.0,0.0
2009-11-03 00:00:00-05:00,2325600.0,2448000.0,2325600.0,2448000.0,0,0.0,0.0
2009-11-04 00:00:00-05:00,2478600.0,2478600.0,2203200.0,2417400.0,0,0.0,0.0
2009-11-05 00:00:00-05:00,2386800.0,2386800.0,2295000.0,2386800.0,0,0.0,0.0
2009-11-06 00:00:00-05:00,2203200.0,2356200.0,2203200.0,2356200.0,0,0.0,0.0
2009-11-09 00:00:00-05:00,2356200.0,2356200.0,2264400.0,2356200.0,0,0.0,0.0
2009-11-10 00:00:00-05:00,2356200.0,2386800.0,2356200.0,2386800.0,0,0.0,0.0
2009-11-11 00:00:00-05:00,2417400.0,2417400.0,2233800.0,2356200.0,0,0.0,0.0
2009-11-12 00:00:00-05:00,2417400.0,2417400.0,2233800.0,2417400.0,0,0.0,0.0
2009-11-13 00:00:00-05:00,2325600.0,2417400.0,2325600.0,2417400.0,0,0.0,0.0
2009-11-16 00:00:00-05:00,2417400.0,2448000.0,2295000.0,2356200.0,0,0.0,0.0
2009-11-17 00:00:00-05:00,2356200.0,2417400.0,2295000.0,2356200.0,0,0.0,0.0
2009-11-18 00:00:00-05:00,2356200.0,2386800.0,2264400.0,2295000.0,0,0.0,0.0
2009-11-19 00:00:00-05:00,2295000.0,2356200.0,2233800.0,2295000.0,0,0.0,0.0
2009-11-20 00:00:00-05:00,2295000.0,2448000.0,2233800.0,2295000.0,0,0.0,0.0
2009-11-23 00:00:00-05:00,2295000.0,2356200.0,2295000.0,2325600.0,0,0.0,0.0
2009-11-24 00:00:00-05:00,2295000.0,2325600.0,2203200.0,2233800.0,0,0.0,0.0
2009-11-25 00:00:00-05:00,2356200.0,2356200.0,2233800.0,2356200.0,0,0.0,0.0
2009-11-27 00:00:00-05:00,2356200.0,2356200.0,2142000.0,2295000.0,0,0.0,0.0
2009-11-30 00:00:00-05:00,2295000.0,2356200.0,2233800.0,2295000.0,0,0.0,0.0
2009-12-01 00:00:00-05:00,2233800.0,2295000.0,2203200.0,2295000.0,0,0.0,0.0
2009-12-02 00:00:00-05:00,2295000.0,2295000.0,2264400.0,2295000.0,0,0.0,0.0
2009-12-03 00:00:00-05:00,2295000.0,2295000.0,2264400.0,2295000.0,0,0.0,0.0
2009-12-04 00:00:00-05:00,2295000.0,2295000.0,2295000.0,2295000.0,0,0.0,0.0
2009-12-07 00:00:00-05:00,2295000.0,2295000.0,2295000.0,2295000.0,0,0.0,0.0
2009-12-08 00:00:00-05:00,2295000.0,2295000.0,2264400.0,2295000.0,0,0.0,0.0
2009-12-09 00:00:00-05:00,2295000.0,2295000.0,2264400.0,2264400.0,0,0.0,0.0
2009-12-10 00:00:00-05:00,2295000.0,2417400.0,2295000.0,2386800.0,0,0.0,0.0
2009-12-11 00:00:00-05:00,2386800.0,3304800.0,2356200.0,3213000.0,0,0.0,0.0
2009-12-14 00:00:00-05:00,3366000.0,3641400.0,3060000.0,3610800.0,1,0.0,0.0
2009-12-15 00:00:00-05:00,3641400.0,3672000.0,3151800.0,3335400.0,1,0.0,0.0
2009-12-16 00:00:00-05:00,3488400.0,3549600.0,3335400.0,3396600.0,0,0.0,0.0
2009-12-17 00:00:00-05:00,3427200.0,3457800.0,2998800.0,2998800.0,0,0.0,0.0
2009-12-18 00:00:00-05:00,3090600.0,3580200.0,3060000.0,3549600.0,0,0.0,0.0
2009-12-21 00:00:00-05:00,3610800.0,4161600.0,3610800.0,4100400.0,1,0.0,0.0
2009-12-22 00:00:00-05:00,4100400.0,5569200.0,3978000.0,5385600.0,1,0.0,0.0
2009-12-23 00:00:00-05:00,5508000.0,5661000.0,4651200.0,5538600.0,1,0.0,0.0
2009-12-24 00:00:00-05:00,5599800.0,6823800.0,5538600.0,6364800.0,1,0.0,0.0
2009-12-28 00:00:00-05:00,6487200.0,6487200.0,5630400.0,5936400.0,0,0.0,0.0
2009-12-29 00:00:00-05:00,6028200.0,6058800.0,5140800.0,5691600.0,0,0.0,0.0
2009-12-30 00:00:00-05:00,5508000.0,6120000.0,5416200.0,6089400.0,0,0.0,0.0
2009-12-31 00:00:00-05:00,5997600.0,8874000.0,5905800.0,7711200.0,1,0.0,0.0
2010-01-04 00:00:00-05:00,7650000.0,9333000.0,7252200.0,8996400.0,1,0.0,0.0
2010-01-05 00:00:00-05:00,9180000.0,9180000.0,8139600.0,8292600.0,1,0.0,0.0
2010-01-06 00:00:00-05:00,8139600.0,8139600.0,6456600.0,7466400.0,1,0.0,0.0
2010-01-07 00:00:00-05:00,7680600.0,7956000.0,6823800.0,6854400.0,1,0.0,0.0
2010-01-08 00:00:00-05:00,6762600.0,7282800.0,6303600.0,7191000.0,0,0.0,0.0
2010-01-11 00:00:00-05:00,7191000.0,7282800.0,6793200.0,6854400.0,0,0.0,0.0
2010-01-12 00:00:00-05:00,6854400.0,6885000.0,5722200.0,5967000.0,1,0.0,0.0
2010-01-13 00:00:00-05:00,5967000.0,6334200.0,5967000.0,6028200.0,0,0.0,0.0
2010-01-14 00:00:00-05:00,6120000.0,6242400.0,5844600.0,5875200.0,0,0.0,0.0
2010-01-15 00:00:00-05:00,5967000.0,6028200.0,5355000.0,5416200.0,0,0.0,0.0
2010-01-19 00:00:00-05:00,5416200.0,6609600.0,5355000.0,6303600.0,0,0.0,0.0
2010-01-20 00:00:00-05:00,6303600.0,6487200.0,5875200.0,6120000.0,0,0.0,0.0
2010-01-21 00:00:00-05:00,6548400.0,6946200.0,6273000.0,6670800.0,0,0.0,0.0
2010-01-22 00:00:00-05:00,6793200.0,7129800.0,6303600.0,6548400.0,0,0.0,0.0
2010-01-25 00:00:00-05:00,6579000.0,6701400.0,6273000.0,6579000.0,0,0.0,0.0
2010-01-26 00:00:00-05:00,6609600.0,6609600.0,6273000.0,6273000.0,0,0.0,0.0
2010-01-27 00:00:00-05:00,6334200.0,6395400.0,6058800.0,6334200.0,0,0.0,0.0
2010-01-28 00:00:00-05:00,6334200.0,6395400.0,6089400.0,6120000.0,0,0.0,0.0
2010-01-29 00:00:00-05:00,6181200.0,6364800.0,6058800.0,6211800.0,0,0.0,0.0
2010-02-01 00:00:00-05:00,6058800.0,6273000.0,6058800.0,6120000.0,0,0.0,0.0
2010-02-02 00:00:00-05:00,6211800.0,6211800.0,6058800.0,6089400.0,0,0.0,0.0
2010-02-03 00:00:00-05:00,6058800.0,6150600.0,6028200.0,6089400.0,0,0.0,0.0
2010-02-04 00:00:00-05:00,6181200.0,6273000.0,5997600.0,6058800.0,0,0.0,0.0
2010-02-05 00:00:00-05:00,6058800.0,6058800.0,5661000.0,5936400.0,0,0.0,0.0
2010-02-08 00:00:00-05:00,5814000.0,5967000.0,5599800.0,5783400.0,0,0.0,0.0
2010-02-09 00:00:00-05:00,5661000.0,5814000.0,5661000.0,5722200.0,0,0.0,0.0
2010-02-10 00:00:00-05:00,5722200.0,5752800.0,5569200.0,5569200.0,0,0.0,0.0
2010-02-11 00:00:00-05:00,5569200.0,5569200.0,4896000.0,4896000.0,0,0.0,0.0
2010-02-12 00:00:00-05:00,4926600.0,5508000.0,4896000.0,5355000.0,0,0.0,0.0
2010-02-16 00:00:00-05:00,5355000.0,5355000.0,4804200.0,4896000.0,0,0.0,0.0
2010-02-17 00:00:00-05:00,4896000.0,4896000.0,4314600.0,4345200.0,0,0.0,0.0
2010-02-18 00:00:00-05:00,4498200.0,4651200.0,4161600.0,4222800.0,0,0.0,0.0
2010-02-19 00:00:00-05:00,4222800.0,4314600.0,3886200.0,4131000.0,0,0.0,0.0
2010-02-22 00:00:00-05:00,4222800.0,4498200.0,4131000.0,4253400.0,0,0.0,0.0
2010-02-23 00:00:00-05:00,4253400.0,5140800.0,4161600.0,5049000.0,0,0.0,0.0
2010-02-24 00:00:00-05:00,918000.0,1040400.0,856800.0,979200.0,22,0.0,0.0
2010-02-25 00:00:00-05:00,979200.0,979200.0,795600.0,887400.0,4,0.0,0.0
2010-02-26 00:00:00-05:00,918000.0,948600.0,734400.0,765000.0,3,0.0,0.0
2010-03-01 00:00:00-05:00,795600.0,795600.0,673200.0,734400.0,2,0.0,0.0
2010-03-02 00:00:00-05:00,765000.0,765000.0,703800.0,703800.0,1,0.0,0.0
2010-03-03 00:00:00-05:00,734400.0,765000.0,703800.0,734400.0,1,0.0,0.0
2010-03-04 00:00:00-05:00,734400.0,856800.0,734400.0,795600.0,1,0.0,0.0
2010-03-05 00:00:00-05:00,795600.0,856800.0,765000.0,826200.0,2,0.0,0.0
2010-03-08 00:00:00-05:00,826200.0,856800.0,795600.0,826200.0,1,0.0,0.0
2010-03-09 00:00:00-05:00,795600.0,795600.0,734400.0,765000.0,1,0.0,0.0
2010-03-10 00:00:00-05:00,734400.0,765000.0,734400.0,734400.0,0,0.0,0.0
2010-03-11 00:00:00-05:00,765000.0,795600.0,734400.0,795600.0,0,0.0,0.0
2010-03-12 00:00:00-05:00,765000.0,795600.0,734400.0,765000.0,0,0.0,0.0
2010-03-15 00:00:00-04:00,765000.0,765000.0,673200.0,703800.0,0,0.0,0.0
2010-03-16 00:00:00-04:00,703800.0,734400.0,673200.0,673200.0,0,0.0,0.0
2010-03-17 00:00:00-04:00,673200.0,703800.0,673200.0,703800.0,0,0.0,0.0
2010-03-18 00:00:00-04:00,673200.0,703800.0,673200.0,673200.0,1,0.0,0.0
2010-03-19 00:00:00-04:00,673200.0,734400.0,673200.0,673200.0,1,0.0,0.0
2010-03-22 00:00:00-04:00,673200.0,703800.0,673200.0,703800.0,0,0.0,0.0
2010-03-23 00:00:00-04:00,703800.0,703800.0,673200.0,703800.0,0,0.0,0.0
2010-03-24 00:00:00-04:00,703800.0,703800.0,673200.0,673200.0,0,0.0,0.0
2010-03-25 00:00:00-04:00,703800.0,826200.0,703800.0,765000.0,2,0.0,0.0
2010-03-26 00:00:00-04:00,765000.0,765000.0,703800.0,703800.0,0,0.0,0.0
2010-03-29 00:00:00-04:00,734400.0,734400.0,612000.0,673200.0,0,0.0,0.0
2010-03-30 00:00:00-04:00,612000.0,673200.0,520200.0,581400.0,1,0.0,0.0
2010-03-31 00:00:00-04:00,581400.0,612000.0,550800.0,550800.0,1,0.0,0.0
2010-04-01 00:00:00-04:00,550800.0,581400.0,520200.0,520200.0,0,0.0,0.0
2010-04-05 00:00:00-04:00,520200.0,550800.0,520200.0,550800.0,0,0.0,0.0
2010-04-06 00:00:00-04:00,520200.0,673200.0,520200.0,673200.0,0,0.0,0.0
2010-04-07 00:00:00-04:00,673200.0,673200.0,612000.0,612000.0,0,0.0,0.0
2010-04-08 00:00:00-04:00,581400.0,612000.0,581400.0,581400.0,0,0.0,0.0
2010-04-09 00:00:00-04:00,581400.0,642600.0,581400.0,642600.0,0,0.0,0.0
2010-04-12 00:00:00-04:00,642600.0,703800.0,642600.0,642600.0,0,0.0,0.0
2010-04-13 00:00:00-04:00,673200.0,795600.0,673200.0,795600.0,1,0.0,0.0
2010-04-14 00:00:00-04:00,795600.0,856800.0,795600.0,795600.0,1,0.0,0.0
2010-04-15 00:00:00-04:00,826200.0,826200.0,703800.0,703800.0,0,0.0,0.0
2010-04-16 00:00:00-04:00,703800.0,734400.0,703800.0,703800.0,0,0.0,0.0
2010-04-19 00:00:00-04:00,734400.0,734400.0,642600.0,673200.0,0,0.0,0.0
2010-04-20 00:00:00-04:00,673200.0,673200.0,642600.0,673200.0,0,0.0,0.0
2010-04-21 00:00:00-04:00,673200.0,673200.0,612000.0,612000.0,0,0.0,0.0
2010-04-22 00:00:00-04:00,642600.0,642600.0,581400.0,612000.0,0,0.0,0.0
2010-04-23 00:00:00-04:00,612000.0,642600.0,612000.0,612000.0,0,0.0,0.0
2010-04-26 00:00:00-04:00,642600.0,642600.0,612000.0,642600.0,0,0.0,0.0
2010-04-27 00:00:00-04:00,642600.0,642600.0,612000.0,642600.0,0,0.0,0.0
2010-04-28 00:00:00-04:00,642600.0,642600.0,612000.0,642600.0,0,0.0,0.0
2010-04-29 00:00:00-04:00,642600.0,642600.0,612000.0,642600.0,0,0.0,0.0
2010-04-30 00:00:00-04:00,642600.0,642600.0,612000.0,612000.0,0,0.0,0.0
2010-05-03 00:00:00-04:00,612000.0,612000.0,550800.0,581400.0,0,0.0,0.0
2010-05-04 00:00:00-04:00,550800.0,581400.0,550800.0,550800.0,0,0.0,0.0
2010-05-05 00:00:00-04:00,581400.0,581400.0,550800.0,581400.0,0,0.0,0.0
2010-05-06 00:00:00-04:00,581400.0,612000.0,550800.0,550800.0,1,0.0,0.0
2010-05-07 00:00:00-04:00,581400.0,581400.0,550800.0,581400.0,0,0.0,0.0
2010-05-10 00:00:00-04:00,581400.0,581400.0,550800.0,550800.0,0,0.0,0.0
2010-05-11 00:00:00-04:00,550800.0,550800.0,550800.0,550800.0,0,0.0,0.0
2010-05-12 00:00:00-04:00,550800.0,581400.0,550800.0,581400.0,0,0.0,0.0
2010-05-13 00:00:00-04:00,550800.0,581400.0,550800.0,581400.0,0,0.0,0.0
2010-05-14 00:00:00-04:00,550800.0,550800.0,520200.0,520200.0,0,0.0,0.0
2010-05-17 00:00:00-04:00,520200.0,550800.0,520200.0,550800.0,0,0.0,0.0
2010-05-18 00:00:00-04:00,550800.0,550800.0,520200.0,550800.0,0,0.0,0.0
2010-05-19 00:00:00-04:00,520200.0,520200.0,489600.0,489600.0,0,0.0,0.0
2010-05-20 00:00:00-04:00,489600.0,520200.0,489600.0,489600.0,0,0.0,0.0
2010-05-21 00:00:00-04:00,489600.0,520200.0,489600.0,520200.0,0,0.0,0.0
2010-05-24 00:00:00-04:00,520200.0,520200.0,489600.0,520200.0,0,0.0,0.0
2010-05-25 00:00:00-04:00,489600.0,550800.0,489600.0,550800.0,0,0.0,0.0
2010-05-26 00:00:00-04:00,550800.0,550800.0,550800.0,550800.0,0,0.0,0.0
2010-05-27 00:00:00-04:00,550800.0,550800.0,550800.0,550800.0,0,0.0,0.0
2010-05-28 00:00:00-04:00,520200.0,550800.0,520200.0,520200.0,0,0.0,0.0
2010-06-01 00:00:00-04:00,520200.0,550800.0,489600.0,550800.0,0,0.0,0.0
2010-06-02 00:00:00-04:00,489600.0,550800.0,489600.0,520200.0,0,0.0,0.0
2010-06-03 00:00:00-04:00,520200.0,520200.0,489600.0,520200.0,0,0.0,0.0
2010-06-04 00:00:00-04:00,520200.0,520200.0,489600.0,520200.0,0,0.0,0.0
2010-06-07 00:00:00-04:00,489600.0,520200.0,489600.0,489600.0,0,0.0,0.0
2010-06-08 00:00:00-04:00,489600.0,489600.0,367200.0,397800.0,0,0.0,0.0
2010-06-09 00:00:00-04:00,397800.0,397800.0,336600.0,367200.0,0,0.0,0.0
2010-06-10 00:00:00-04:00,367200.0,428400.0,367200.0,397800.0,1,0.0,0.0
2010-06-11 00:00:00-04:00,428400.0,428400.0,367200.0,397800.0,0,0.0,0.0
2010-06-14 00:00:00-04:00,397800.0,397800.0,397800.0,397800.0,0,0.0,0.0
2010-06-15 00:00:00-04:00,367200.0,397800.0,367200.0,397800.0,0,0.0,0.0
2010-06-16 00:00:00-04:00,367200.0,397800.0,367200.0,367200.0,0,0.0,0.0
2010-06-17 00:00:00-04:00,367200.0,367200.0,336600.0,367200.0,0,0.0,0.0
2010-06-18 00:00:00-04:00,336600.0,367200.0,306000.0,336600.0,0,0.0,0.0
2010-06-21 00:00:00-04:00,336600.0,336600.0,306000.0,336600.0,0,0.0,0.0
2010-06-22 00:00:00-04:00,336600.0,336600.0,306000.0,306000.0,0,0.0,0.0
2010-06-23 00:00:00-04:00,306000.0,336600.0,306000.0,336600.0,0,0.0,0.0
2010-06-24 00:00:00-04:00,336600.0,367200.0,306000.0,367200.0,0,0.0,0.0
2010-06-25 00:00:00-04:00,306000.0,397800.0,306000.0,367200.0,0,0.0,0.0
2010-06-28 00:00:00-04:00,397800.0,397800.0,336600.0,397800.0,1,0.0,0.0
2010-06-29 00:00:00-04:00,397800.0,397800.0,306000.0,367200.0,0,0.0,0.0
2010-06-30 00:00:00-04:00,367200.0,367200.0,336600.0,336600.0,0,0.0,0.0
2010-07-01 00:00:00-04:00,306000.0,367200.0,275400.0,306000.0,0,0.0,0.0
2010-07-02 00:00:00-04:00,336600.0,367200.0,306000.0,367200.0,0,0.0,0.0
2010-07-06 00:00:00-04:00,367200.0,367200.0,336600.0,336600.0,0,0.0,0.0
2010-07-07 00:00:00-04:00,336600.0,367200.0,336600.0,367200.0,0,0.0,0.0
2010-07-08 00:00:00-04:00,336600.0,336600.0,336600.0,336600.0,0,0.0,0.0
2010-07-09 00:00:00-04:00,336600.0,367200.0,336600.0,367200.0,0,0.0,0.0
2010-07-12 00:00:00-04:00,397800.0,459000.0,367200.0,428400.0,1,0.0,0.0
2010-07-13 00:00:00-04:00,428400.0,428400.0,397800.0,397800.0,0,0.0,0.0
2010-07-14 00:00:00-04:00,397800.0,428400.0,397800.0,397800.0,0,0.0,0.0
2010-07-15 00:00:00-04:00,397800.0,397800.0,397800.0,397800.0,0,0.0,0.0
2010-07-16 00:00:00-04:00,397800.0,397800.0,397800.0,397800.0,0,0.0,0.0
2010-07-19 00:00:00-04:00,397800.0,397800.0,367200.0,397800.0,0,0.0,0.0
2010-07-20 00:00:00-04:00,367200.0,367200.0,367200.0,367200.0,0,0.0,0.0
2010-07-21 00:00:00-04:00,397800.0,397800.0,336600.0,367200.0,0,0.0,0.0
2010-07-22 00:00:00-04:00,244800.0,275400.0,153000.0,183600.0,12,0.0,0.0
2010-07-23 00:00:00-04:00,183600.0,183600.0,153000.0,153000.0,1,0.0,0.0
2010-07-26 00:00:00-04:00,153000.0,183600.0,153000.0,183600.0,2,0.0,0.0
2010-07-27 00:00:00-04:00,183600.0,183600.0,183600.0,183600.0,1,0.0,0.0
2010-07-28 00:00:00-04:00,183600.0,183600.0,153000.0,183600.0,1,0.0,0.0
2010-07-29 00:00:00-04:00,183600.0,183600.0,153000.0,153000.0,0,0.0,0.0
2010-07-30 00:00:00-04:00,183600.0,183600.0,153000.0,153000.0,0,0.0,0.0
2010-08-02 00:00:00-04:00,153000.0,183600.0,153000.0,153000.0,0,0.0,0.0
2010-08-03 00:00:00-04:00,183600.0,183600.0,153000.0,153000.0,0,0.0,0.0
2010-08-04 00:00:00-04:00,153000.0,183600.0,153000.0,153000.0,0,0.0,0.0
2010-08-05 00:00:00-04:00,153000.0,153000.0,153000.0,153000.0,0,0.0,0.0
2010-08-06 00:00:00-04:00,153000.0,153000.0,153000.0,153000.0,0,0.0,0.0
2010-08-09 00:00:00-04:00,153000.0,153000.0,153000.0,153000.0,0,0.0,0.0
2010-08-10 00:00:00-04:00,153000.0,153000.0,153000.0,153000.0,0,0.0,0.0
2010-08-11 00:00:00-04:00,153000.0,153000.0,153000.0,153000.0,0,0.0,0.0
2010-08-12 00:00:00-04:00,153000.0,153000.0,122400.0,153000.0,0,0.0,0.0
2010-08-13 00:00:00-04:00,153000.0,153000.0,153000.0,153000.0,0,0.0,0.0
2010-08-16 00:00:00-04:00,153000.0,153000.0,122400.0,153000.0,0,0.0,0.0
2010-08-17 00:00:00-04:00,153000.0,153000.0,122400.0,153000.0,0,0.0,0.0
2010-08-18 00:00:00-04:00,153000.0,153000.0,153000.0,153000.0,0,0.0,0.0
2010-08-19 00:00:00-04:00,153000.0,183600.0,153000.0,183600.0,0,0.0,0.0
2010-08-20 00:00:00-04:00,153000.0,183600.0,153000.0,153000.0,0,0.0,0.0
2010-08-23 00:00:00-04:00,153000.0,153000.0,153000.0,153000.0,0,0.0,0.0
2010-08-24 00:00:00-04:00,153000.0,153000.0,153000.0,153000.0,0,0.0,0.0
2010-08-25 00:00:00-04:00,153000.0,153000.0,153000.0,153000.0,0,0.0,0.0
2010-08-26 00:00:00-04:00,153000.0,153000.0,153000.0,153000.0,0,0.0,0.0
2010-08-27 00:00:00-04:00,153000.0,153000.0,122400.0,153000.0,0,0.0,0.0
2010-08-30 00:00:00-04:00,153000.0,153000.0,153000.0,153000.0,0,0.0,0.0
2010-08-31 00:00:00-04:00,153000.0,153000.0,153000.0,153000.0,0,0.0,0.0
2010-09-01 00:00:00-04:00,153000.0,153000.0,153000.0,153000.0,0,0.0,0.0
2010-09-02 00:00:00-04:00,122400.0,153000.0,122400.0,153000.0,0,0.0,0.0
2010-09-03 00:00:00-04:00,153000.0,153000.0,122400.0,153000.0,0,0.0,0.0
2010-09-07 00:00:00-04:00,153000.0,153000.0,122400.0,153000.0,0,0.0,0.0
2010-09-08 00:00:00-04:00,153000.0,153000.0,153000.0,153000.0,0,0.0,0.0
2010-09-09 00:00:00-04:00,122400.0,153000.0,122400.0,153000.0,0,0.0,0.0
2010-09-10 00:00:00-04:00,153000.0,244800.0,153000.0,183600.0,2,0.0,0.0
2010-09-13 00:00:00-04:00,214200.0,214200.0,183600.0,214200.0,1,0.0,0.0
2010-09-14 00:00:00-04:00,214200.0,214200.0,214200.0,214200.0,1,0.0,0.0
2010-09-15 00:00:00-04:00,214200.0,214200.0,183600.0,183600.0,0,0.0,0.0
2010-09-16 00:00:00-04:00,183600.0,214200.0,183600.0,183600.0,0,0.0,0.0
2010-09-17 00:00:00-04:00,183600.0,183600.0,183600.0,183600.0,0,0.0,0.0
2010-09-20 00:00:00-04:00,183600.0,183600.0,183600.0,183600.0,0,0.0,0.0
2010-09-21 00:00:00-04:00,183600.0,183600.0,183600.0,183600.0,0,0.0,0.0
2010-09-22 00:00:00-04:00,183600.0,183600.0,153000.0,153000.0,0,0.0,0.0
2010-09-23 00:00:00-04:00,153000.0,183600.0,153000.0,153000.0,0,0.0,0.0
2010-09-24 00:00:00-04:00,153000.0,183600.0,153000.0,153000.0,0,0.0,0.0
2010-09-27 00:00:00-04:00,153000.0,183600.0,153000.0,183600.0,0,0.0,0.0
2010-09-28 00:00:00-04:00,153000.0,153000.0,153000.0,153000.0,0,0.0,0.0
2010-09-29 00:00:00-04:00,153000.0,153000.0,153000.0,153000.0,0,0.0,0.0
2010-09-30 00:00:00-04:00,153000.0,153000.0,153000.0,153000.0,0,0.0,0.0
2010-10-01 00:00:00-04:00,153000.0,183600.0,153000.0,153000.0,0,0.0,0.0
2010-10-04 00:00:00-04:00,183600.0,183600.0,153000.0,153000.0,0,0.0,0.0
2010-10-05 00:00:00-04:00,153000.0,153000.0,153000.0,153000.0,0,0.0,0.0
2010-10-06 00:00:00-04:00,153000.0,153000.0,153000.0,153000.0,0,0.0,0.0
2010-10-07 00:00:00-04:00,153000.0,153000.0,153000.0,153000.0,0,0.0,0.0
2010-10-08 00:00:00-04:00,153000.0,153000.0,153000.0,153000.0,0,0.0,0.0
2010-10-11 00:00:00-04:00,153000.0,153000.0,153000.0,153000.0,0,0.0,0.0
2010-10-12 00:00:00-04:00,153000.0,153000.0,153000.0,153000.0,0,0.0,0.0
2010-10-13 00:00:00-04:00,153000.0,183600.0,153000.0,183600.0,0,0.0,0.0
2010-10-14 00:00:00-04:00,183600.0,183600.0,153000.0,183600.0,0,0.0,0.0
2010-10-15 00:00:00-04:00,183600.0,183600.0,153000.0,153000.0,0,0.0,0.0
2010-10-18 00:00:00-04:00,153000.0,183600.0,153000.0,153000.0,0,0.0,0.0
2010-10-19 00:00:00-04:00,183600.0,183600.0,153000.0,183600.0,0,0.0,0.0
2010-10-20 00:00:00-04:00,153000.0,153000.0,153000.0,153000.0,0,0.0,0.0
2010-10-21 00:00:00-04:00,153000.0,153000.0,153000.0,153000.0,0,0.0,0.0
2010-10-22 00:00:00-04:00,153000.0,183600.0,153000.0,153000.0,0,0.0,0.0
2010-10-25 00:00:00-04:00,153000.0,153000.0,153000.0,153000.0,0,0.0,0.0
2010-10-26 00:00:00-04:00,153000.0,153000.0,153000.0,153000.0,0,0.0,0.0
2010-10-27 00:00:00-04:00,153000.0,153000.0,153000.0,153000.0,0,0.0,0.0
2010-10-28 00:00:00-04:00,153000.0,153000.0,153000.0,153000.0,0,0.0,0.0
2010-10-29 00:00:00-04:00,153000.0,153000.0,122400.0,153000.0,1,0.0,0.0
2010-11-01 00:00:00-04:00,122400.0,122400.0,122400.0,122400.0,0,0.0,0.0
2010-11-02 00:00:00-04:00,122400.0,153000.0,122400.0,122400.0,0,0.0,0.0
2010-11-03 00:00:00-04:00,122400.0,122400.0,122400.0,122400.0,0,0.0,0.0
2010-11-04 00:00:00-04:00,122400.0,122400.0,122400.0,122400.0,0,0.0,0.0
2010-11-05 00:00:00-04:00,122400.0,122400.0,122400.0,122400.0,0,0.0,0.0
2010-11-08 00:00:00-05:00,122400.0,122400.0,122400.0,122400.0,0,0.0,0.0
2010-11-09 00:00:00-05:00,122400.0,122400.0,122400.0,122400.0,0,0.0,0.0
2010-11-10 00:00:00-05:00,122400.0,122400.0,122400.0,122400.0,0,0.0,0.0
2010-11-11 00:00:00-05:00,122400.0,122400.0,122400.0,122400.0,0,0.0,0.0
2010-11-12 00:00:00-05:00,122400.0,153000.0,122400.0,153000.0,0,0.0,0.0
2010-11-15 00:00:00-05:00,153000.0,153000.0,153000.0,153000.0,0,0.0,0.0
2010-11-16 00:00:00-05:00,153000.0,153000.0,153000.0,153000.0,0,0.0,0.0
2010-11-17 00:00:00-05:00,153000.0,153000.0,153000.0,153000.0,0,0.0,0.0
2010-11-18 00:00:00-05:00,153000.0,183600.0,122400.0,183600.0,0,0.0,0.0
2010-11-19 00:00:00-05:00,183600.0,183600.0,153000.0,183600.0,0,0.0,0.0
2010-11-22 00:00:00-05:00,153000.0,153000.0,122400.0,122400.0,0,0.0,0.0
2010-11-23 00:00:00-05:00,122400.0,122400.0,122400.0,122400.0,0,0.0,0.0
2010-11-24 00:00:00-05:00,122400.0,122400.0,122400.0,122400.0,0,0.0,0.0
2010-11-26 00:00:00-05:00,122400.0,122400.0,122400.0,122400.0,0,0.0,0.0
2010-11-29 00:00:00-05:00,122400.0,153000.0,122400.0,122400.0,0,0.0,0.0
2010-11-30 00:00:00-05:00,122400.0,122400.0,122400.0,122400.0,0,0.0,0.0
2010-12-01 00:00:00-05:00,122400.0,122400.0,122400.0,122400.0,0,0.0,0.0
2010-12-02 00:00:00-05:00,122400.0,122400.0,91800.0,91800.0,0,0.0,0.0
2010-12-03 00:00:00-05:00,91800.0,122400.0,91800.0,91800.0,0,0.0,0.0
2010-12-06 00:00:00-05:00,91800.0,91800.0,91800.0,91800.0,0,0.0,0.0
2010-12-07 00:00:00-05:00,91800.0,122400.0,91800.0,122400.0,0,0.0,0.0
2010-12-08 00:00:00-05:00,91800.0,91800.0,61200.0,61200.0,1,0.0,0.0
2010-12-09 00:00:00-05:00,122400.0,122400.0,61200.0,61200.0,16,0.0,0.0
2010-12-10 00:00:00-05:00,61200.0,91800.0,61200.0,61200.0,3,0.0,0.0
2010-12-13 00:00:00-05:00,61200.0,61200.0,61200.0,61200.0,1,0.0,0.0
2010-12-14 00:00:00-05:00,61200.0,61200.0,61200.0,61200.0,1,0.0,0.0
2010-12-15 00:00:00-05:00,61200.0,91800.0,61200.0,91800.0,1,0.0,0.0
2010-12-16 00:00:00-05:00,91800.0,91800.0,61200.0,61200.0,0,0.0,0.0
2010-12-17 00:00:00-05:00,61200.0,91800.0,61200.0,91800.0,1,0.0,0.0
2010-12-20 00:00:00-05:00,61200.0,91800.0,61200.0,61200.0,0,0.0,0.0
2010-12-21 00:00:00-05:00,91800.0,91800.0,61200.0,61200.0,0,0.0,0.0
2010-12-22 00:00:00-05:00,61200.0,61200.0,61200.0,61200.0,0,0.0,0.0
2010-12-23 00:00:00-05:00,61200.0,61200.0,61200.0,61200.0,0,0.0,0.0
2010-12-27 00:00:00-05:00,61200.0,91800.0,61200.0,91800.0,0,0.0,0.0
2010-12-28 00:00:00-05:00,61200.0,91800.0,61200.0,91800.0,0,0.0,0.0
2010-12-29 00:00:00-05:00,61200.0,61200.0,61200.0,61200.0,0,0.0,0.0
2010-12-30 00:00:00-05:00,61200.0,91800.0,61200.0,61200.0,1,0.0,0.0
2010-12-31 00:00:00-05:00,61200.0,91800.0,61200.0,91800.0,1,0.0,0.0
2011-01-03 00:00:00-05:00,91800.0,122400.0,91800.0,122400.0,3,0.0,0.0
2011-01-04 00:00:00-05:00,122400.0,153000.0,122400.0,153000.0,2,0.0,0.0
2011-01-05 00:00:00-05:00,153000.0,153000.0,122400.0,122400.0,0,0.0,0.0
2011-01-06 00:00:00-05:00,122400.0,122400.0,122400.0,122400.0,0,0.0,0.0
2011-01-07 00:00:00-05:00,122400.0,122400.0,91800.0,91800.0,0,0.0,0.0
2011-01-10 00:00:00-05:00,91800.0,122400.0,91800.0,91800.0,0,0.0,0.0
2011-01-11 00:00:00-05:00,91800.0,122400.0,91800.0,122400.0,1,0.0,0.0
2011-01-12 00:00:00-05:00,122400.0,153000.0,122400.0,122400.0,0,0.0,0.0
2011-01-13 00:00:00-05:00,122400.0,122400.0,122400.0,122400.0,0,0.0,0.0
2011-01-14 00:00:00-05:00,122400.0,122400.0,122400.0,122400.0,0,0.0,0.0
2011-01-18 00:00:00-05:00,122400.0,122400.0,122400.0,122400.0,0,0.0,0.0
2011-01-19 00:00:00-05:00,122400.0,122400.0,122400.0,122400.0,0,0.0,0.0
2011-01-20 00:00:00-05:00,122400.0,122400.0,91800.0,122400.0,0,0.0,0.0
2011-01-21 00:00:00-05:00,91800.0,91800.0,91800.0,91800.0,0,0.0,0.0
2011-01-24 00:00:00-05:00,91800.0,122400.0,91800.0,122400.0,0,0.0,0.0
2011-01-25 00:00:00-05:00,122400.0,122400.0,91800.0,122400.0,0,0.0,0.0
2011-01-26 00:00:00-05:00,122400.0,122400.0,91800.0,91800.0,0,0.0,0.0
2011-01-27 00:00:00-05:00,91800.0,91800.0,91800.0,91800.0,0,0.0,0.0
2011-01-28 00:00:00-05:00,122400.0,122400.0,91800.0,122400.0,0,0.0,0.0
2011-01-31 00:00:00-05:00,122400.0,122400.0,122400.0,122400.0,0,0.0,0.0
2011-02-01 00:00:00-05:00,122400.0,122400.0,122400.0,122400.0,0,0.0,0.0
2011-02-02 00:00:00-05:00,122400.0,122400.0,122400.0,122400.0,0,0.0,0.0
2011-02-03 00:00:00-05:00,122400.0,122400.0,91800.0,122400.0,0,0.0,0.0
2011-02-04 00:00:00-05:00,122400.0,122400.0,91800.0,122400.0,0,0.0,0.0
2011-02-07 00:00:00-05:00,122400.0,122400.0,91800.0,91800.0,0,0.0,0.0
2011-02-08 00:00:00-05:00,91800.0,91800.0,91800.0,91800.0,0,0.0,0.0
2011-02-09 00:00:00-05:00,91800.0,91800.0,91800.0,91800.0,0,0.0,0.0
2011-02-10 00:00:00-05:00,91800.0,91800.0,91800.0,91800.0,0,0.0,0.0
2011-02-11 00:00:00-05:00,91800.0,91800.0,61200.0,91800.0,0,0.0,0.0
2011-02-14 00:00:00-05:00,91800.0,91800.0,91800.0,91800.0,0,0.0,0.0
2011-02-15 00:00:00-05:00,91800.0,91800.0,61200.0,91800.0,0,0.0,0.0
2011-02-16 00:00:00-05:00,91800.0,91800.0,91800.0,91800.0,0,0.0,0.0
2011-02-17 00:00:00-05:00,91800.0,91800.0,91800.0,91800.0,0,0.0,0.0
2011-02-18 00:00:00-05:00,91800.0,91800.0,91800.0,91800.0,0,0.0,0.0
2011-02-22 00:00:00-05:00,91800.0,91800.0,91800.0,91800.0,0,0.0,0.0
2011-02-23 00:00:00-05:00,61200.0,91800.0,61200.0,91800.0,0,0.0,0.0
2011-02-24 00:00:00-05:00,61200.0,91800.0,61200.0,91800.0,0,0.0,0.0
2011-02-25 00:00:00-05:00,91800.0,91800.0,91800.0,91800.0,0,0.0,0.0
2011-02-28 00:00:00-05:00,91800.0,91800.0,91800.0,91800.0,0,0.0,0.0
2011-03-01 00:00:00-05:00,91800.0,91800.0,91800.0,91800.0,0,0.0,0.0
2011-03-02 00:00:00-05:00,91800.0,91800.0,91800.0,91800.0,0,0.0,0.0
2011-03-03 00:00:00-05:00,91800.0,91800.0,91800.0,91800.0,0,0.0,0.0
2011-03-04 00:00:00-05:00,91800.0,91800.0,61200.0,91800.0,0,0.0,0.0
2011-03-07 00:00:00-05:00,91800.0,91800.0,61200.0,91800.0,0,0.0,0.0
2011-03-08 00:00:00-05:00,61200.0,91800.0,61200.0,91800.0,0,0.0,0.0
2011-03-09 00:00:00-05:00,91800.0,91800.0,91800.0,91800.0,0,0.0,0.0
2011-03-10 00:00:00-05:00,91800.0,91800.0,91800.0,91800.0,0,0.0,0.0
2011-03-11 00:00:00-05:00,91800.0,91800.0,91800.0,91800.0,0,0.0,0.0
2011-03-14 00:00:00-04:00,91800.0,91800.0,61200.0,91800.0,0,0.0,0.0
2011-03-15 00:00:00-04:00,61200.0,61200.0,61200.0,61200.0,0,0.0,0.0
2011-03-16 00:00:00-04:00,61200.0,61200.0,61200.0,61200.0,0,0.0,0.0
2011-03-17 00:00:00-04:00,61200.0,61200.0,61200.0,61200.0,0,0.0,0.0
2011-03-18 00:00:00-04:00,61200.0,61200.0,61200.0,61200.0,0,0.0,0.0
2011-03-21 00:00:00-04:00,61200.0,61200.0,61200.0,61200.0,0,0.0,0.0
2011-03-22 00:00:00-04:00,61200.0,61200.0,61200.0,61200.0,0,0.0,0.0
2011-03-23 00:00:00-04:00,61200.0,61200.0,61200.0,61200.0,0,0.0,0.0
2011-03-24 00:00:00-04:00,61200.0,61200.0,30600.0,61200.0,0,0.0,0.0
2011-03-25 00:00:00-04:00,61200.0,61200.0,30600.0,61200.0,1,0.0,0.0
2011-03-28 00:00:00-04:00,61200.0,61200.0,30600.0,30600.0,2,0.0,0.0
2011-03-29 00:00:00-04:00,30600.0,30600.0,30600.0,30600.0,0,0.0,0.0
2011-03-30 00:00:00-04:00,61200.0,61200.0,30600.0,30600.0,0,0.0,0.0
2011-03-31 00:00:00-04:00,30600.0,61200.0,30600.0,61200.0,0,0.0,0.0
2011-04-01 00:00:00-04:00,61200.0,61200.0,61200.0,61200.0,0,0.0,0.0
2011-04-04 00:00:00-04:00,61200.0,61200.0,61200.0,61200.0,0,0.0,0.0
2011-04-05 00:00:00-04:00,61200.0,61200.0,61200.0,61200.0,0,0.0,0.0
2011-04-06 00:00:00-04:00,61200.0,61200.0,61200.0,61200.0,3,0.0,0.0
2011-04-07 00:00:00-04:00,91800.0,91800.0,61200.0,61200.0,0,0.0,0.0
2011-04-08 00:00:00-04:00,61200.0,61200.0,61200.0,61200.0,0,0.0,0.0
2011-04-11 00:00:00-04:00,25000.0,60000.0,25000.0,60000.0,0,0.0,0.006535947712418301
2011-04-12 00:00:00-04:00,59800.0,59800.0,25000.0,50000.0,0,0.0,0.0
2011-04-13 00:00:00-04:00,50000.0,52000.0,40000.0,52000.0,0,0.0,0.0
2011-04-14 00:00:00-04:00,52000.0,52200.0,28000.0,28000.0,0,0.0,0.0
2011-04-15 00:00:00-04:00,28400.0,50000.0,28400.0,48000.0,2,0.0,0.0
2011-04-18 00:00:00-04:00,46000.0,54000.0,42000.0,48000.0,0,0.0,0.0
2011-04-19 00:00:00-04:00,43000.0,48000.0,40000.0,43000.0,0,0.0,0.0
2011-04-20 00:00:00-04:00,54000.0,54000.0,40000.0,41000.0,0,0.0,0.0
2011-04-21 00:00:00-04:00,41000.0,42000.0,40000.0,42000.0,1,0.0,0.0
2011-04-25 00:00:00-04:00,42000.0,60000.0,41000.0,60000.0,1,0.0,0.0
2011-04-26 00:00:00-04:00,60000.0,60000.0,40000.0,46000.0,3,0.0,0.0
2011-04-27 00:00:00-04:00,45000.0,45000.0,38000.0,40000.0,1,0.0,0.0
2011-04-28 00:00:00-04:00,40000.0,44000.0,40000.0,44000.0,2,0.0,0.0
2011-04-29 00:00:00-04:00,42000.0,48400.0,42000.0,45600.0,1,0.0,0.0
2011-05-02 00:00:00-04:00,44000.0,45400.0,43800.0,45400.0,1,0.0,0.0
2011-05-03 00:00:00-04:00,44000.0,44000.0,40200.0,41200.0,0,0.0,0.0
2011-05-04 00:00:00-04:00,44000.0,44000.0,41200.0,44000.0,1,0.0,0.0
2011-05-05 00:00:00-04:00,44000.0,44000.0,19000.0,31600.0,10,0.0,0.0
2011-05-06 00:00:00-04:00,30000.0,30000.0,23000.0,27800.0,1,0.0,0.0
2011-05-09 00:00:00-04:00,27000.0,27000.0,22200.0,25400.0,1,0.0,0.0
2011-05-10 00:00:00-04:00,25400.0,27000.0,23000.0,25000.0,0,0.0,0.0
2011-05-11 00:00:00-04:00,25000.0,25000.0,25000.0,25000.0,0,0.0,0.0
2011-05-12 00:00:00-04:00,26000.0,27000.0,25000.0,27000.0,0,0.0,0.0
2011-05-13 00:00:00-04:00,27000.0,27000.0,24000.0,25000.0,0,0.0,0.0
2011-05-16 00:00:00-04:00,23000.0,29000.0,23000.0,28000.0,1,0.0,0.0
2011-05-17 00:00:00-04:00,24000.0,28000.0,24000.0,28000.0,0,0.0,0.0
2011-05-18 00:00:00-04:00,28000.0,28000.0,28000.0,28000.0,0,0.0,0.0
2011-05-19 00:00:00-04:00,38000.0,38000.0,24000.0,28000.0,0,0.0,0.0
2011-05-20 00:00:00-04:00,28000.0,36000.0,28000.0,36000.0,0,0.0,0.0
2011-05-23 00:00:00-04:00,34000.0,37600.0,30000.0,37600.0,0,0.0,0.0
2011-05-24 00:00:00-04:00,36000.0,36000.0,32000.0,32000.0,1,0.0,0.0
2011-05-25 00:00:00-04:00,33000.0,35000.0,32000.0,33000.0,0,0.0,0.0
2011-05-26 00:00:00-04:00,33000.0,33000.0,33000.0,33000.0,0,0.0,0.0
2011-05-27 00:00:00-04:00,30000.0,30000.0,30000.0,30000.0,0,0.0,0.0
2011-05-31 00:00:00-04:00,32000.0,33600.0,29000.0,33600.0,0,0.0,0.0
2011-06-01 00:00:00-04:00,30000.0,32000.0,30000.0,32000.0,0,0.0,0.0
2011-06-02 00:00:00-04:00,30000.0,32000.0,30000.0,32000.0,0,0.0,0.0
2011-06-03 00:00:00-04:00,30000.0,30000.0,30000.0,30000.0,0,0.0,0.0
2011-06-06 00:00:00-04:00,29000.0,36000.0,29000.0,36000.0,0,0.0,0.0
2011-06-07 00:00:00-04:00,37000.0,37000.0,36800.0,36800.0,0,0.0,0.0
2011-06-08 00:00:00-04:00,36800.0,36800.0,36800.0,36800.0,0,0.0,0.0
2011-06-09 00:00:00-04:00,35000.0,35000.0,30800.0,30800.0,0,0.0,0.0
2011-06-10 00:00:00-04:00,30800.0,30800.0,30800.0,30800.0,0,0.0,0.0
2011-06-13 00:00:00-04:00,31000.0,31000.0,31000.0,31000.0,0,0.0,0.0
2011-06-14 00:00:00-04:00,32000.0,34000.0,32000.0,32000.0,0,0.0,0.0
2011-06-15 00:00:00-04:00,32000.0,32000.0,32000.0,32000.0,0,0.0,0.0
2011-06-16 00:00:00-04:00,34000.0,34000.0,32000.0,32200.0,0,0.0,0.0
2011-06-17 00:00:00-04:00,34000.0,34000.0,34000.0,34000.0,0,0.0,0.0
2011-06-20 00:00:00-04:00,36000.0,36000.0,33800.0,33800.0,0,0.0,0.0
2011-06-21 00:00:00-04:00,33800.0,34000.0,33800.0,34000.0,0,0.0,0.0
2011-06-22 00:00:00-04:00,32000.0,32400.0,32000.0,32400.0,0,0.0,0.0
2011-06-23 00:00:00-04:00,32400.0,32400.0,32400.0,32400.0,0,0.0,0.0
2011-06-24 00:00:00-04:00,32000.0,32000.0,30800.0,31200.0,0,0.0,0.0
2011-06-27 00:00:00-04:00,30400.0,30400.0,24400.0,28000.0,2,0.0,0.0
2011-06-28 00:00:00-04:00,27600.0,27800.0,25800.0,27600.0,0,0.0,0.0
2011-06-29 00:00:00-04:00,26000.0,28600.0,26000.0,28600.0,0,0.0,0.0
2011-06-30 00:00:00-04:00,26000.0,26000.0,26000.0,26000.0,0,0.0,0.0
2011-07-01 00:00:00-04:00,26000.0,26000.0,26000.0,26000.0,0,0.0,0.0
2011-07-05 00:00:00-04:00,26000.0,26000.0,25000.0,25000.0,0,0.0,0.0
2011-07-06 00:00:00-04:00,26000.0,26000.0,26000.0,26000.0,0,0.0,0.0
2011-07-07 00:00:00-04:00,26000.0,26000.0,26000.0,26000.0,0,0.0,0.0
2011-07-08 00:00:00-04:00,26200.0,28600.0,26200.0,28600.0,0,0.0,0.0
2011-07-11 00:00:00-04:00,28600.0,28600.0,28600.0,28600.0,0,0.0,0.0
2011-07-12 00:00:00-04:00,26600.0,28400.0,26600.0,28400.0,0,0.0,0.0
2011-07-13 00:00:00-04:00,28400.0,29400.0,28000.0,29400.0,0,0.0,0.0
2011-07-14 00:00:00-04:00,29200.0,29200.0,27000.0,27000.0,0,0.0,0.0
2011-07-15 00:00:00-04:00,26400.0,26400.0,26400.0,26400.0,0,0.0,0.0
2011-07-18 00:00:00-04:00,26400.0,26400.0,26400.0,26400.0,0,0.0,0.0
2011-07-19 00:00:00-04:00,27800.0,29000.0,27800.0,29000.0,0,0.0,0.0
2011-07-20 00:00:00-04:00,29400.0,29400.0,27600.0,27600.0,0,0.0,0.0
2011-07-21 00:00:00-04:00,27600.0,28000.0,27600.0,28000.0,0,0.0,0.0
2011-07-22 00:00:00-04:00,28000.0,28000.0,28000.0,28000.0,0,0.0,0.0
2011-07-25 00:00:00-04:00,28400.0,28400.0,28400.0,28400.0,0,0.0,0.0
2011-07-26 00:00:00-04:00,28800.0,29000.0,28800.0,29000.0,0,0.0,0.0
2011-07-27 00:00:00-04:00,29000.0,30000.0,29000.0,30000.0,0,0.0,0.0
2011-07-28 00:00:00-04:00,29600.0,29600.0,29600.0,29600.0,0,0.0,0.0
2011-07-29 00:00:00-04:00,30000.0,30000.0,30000.0,30000.0,0,0.0,0.0
2011-08-01 00:00:00-04:00,28000.0,30000.0,28000.0,30000.0,0,0.0,0.0
2011-08-02 00:00:00-04:00,30000.0,30000.0,30000.0,30000.0,0,0.0,0.0
2011-08-03 00:00:00-04:00,28400.0,28400.0,28400.0,28400.0,0,0.0,0.0
2011-08-04 00:00:00-04:00,28000.0,29000.0,28000.0,29000.0,0,0.0,0.0
2011-08-05 00:00:00-04:00,29000.0,29000.0,29000.0,29000.0,0,0.0,0.0
2011-08-08 00:00:00-04:00,29000.0,30000.0,29000.0,29000.0,0,0.0,0.0
2011-08-09 00:00:00-04:00,29200.0,29200.0,29000.0,29000.0,0,0.0,0.0
2011-08-10 00:00:00-04:00,29000.0,29000.0,29000.0,29000.0,0,0.0,0.0
2011-08-11 00:00:00-04:00,29000.0,29000.0,29000.0,29000.0,0,0.0,0.0
2011-08-12 00:00:00-04:00,29000.0,29000.0,29000.0,29000.0,0,0.0,0.0
2011-08-15 00:00:00-04:00,29000.0,30000.0,29000.0,30000.0,0,0.0,0.0
2011-08-16 00:00:00-04:00,29000.0,29000.0,29000.0,29000.0,1,0.0,0.0
2011-08-17 00:00:00-04:00,29000.0,29000.0,29000.0,29000.0,0,0.0,0.0
2011-08-18 00:00:00-04:00,28000.0,28000.0,28000.0,28000.0,0,0.0,0.0
2011-08-19 00:00:00-04:00,28800.0,28800.0,28800.0,28800.0,0,0.0,0.0
2011-08-22 00:00:00-04:00,28800.0,28800.0,28800.0,28800.0,0,0.0,0.0
2011-08-23 00:00:00-04:00,29000.0,31000.0,29000.0,31000.0,0,0.0,0.0
2011-08-24 00:00:00-04:00,31000.0,31000.0,31000.0,31000.0,0,0.0,0.0
2011-08-25 00:00:00-04:00,25600.0,25600.0,25600.0,25600.0,0,0.0,0.0
2011-08-26 00:00:00-04:00,31000.0,31000.0,31000.0,31000.0,0,0.0,0.0
2011-08-29 00:00:00-04:00,30000.0,30000.0,30000.0,30000.0,0,0.0,0.0
2011-08-30 00:00:00-04:00,30000.0,30000.0,30000.0,30000.0,0,0.0,0.0
2011-08-31 00:00:00-04:00,29000.0,29000.0,27000.0,29000.0,0,0.0,0.0
2011-09-01 00:00:00-04:00,29000.0,29000.0,29000.0,29000.0,0,0.0,0.0
2011-09-02 00:00:00-04:00,27000.0,27000.0,27000.0,27000.0,0,0.0,0.0
2011-09-06 00:00:00-04:00,28000.0,28000.0,28000.0,28000.0,0,0.0,0.0
2011-09-07 00:00:00-04:00,28000.0,28000.0,28000.0,28000.0,0,0.0,0.0
2011-09-08 00:00:00-04:00,28000.0,28000.0,28000.0,28000.0,0,0.0,0.0
2011-09-09 00:00:00-04:00,28000.0,28000.0,28000.0,28000.0,0,0.0,0.0
2011-09-12 00:00:00-04:00,27600.0,27600.0,27600.0,27600.0,0,0.0,0.0
2011-09-13 00:00:00-04:00,27600.0,27600.0,27600.0,27600.0,0,0.0,0.0
2011-09-14 00:00:00-04:00,27600.0,27600.0,27600.0,27600.0,0,0.0,0.0
2011-09-15 00:00:00-04:00,27600.0,27600.0,27600.0,27600.0,0,0.0,0.0
2011-09-16 00:00:00-04:00,27600.0,27600.0,27600.0,27600.0,0,0.0,0.0
2011-09-19 00:00:00-04:00,27600.0,27600.0,27600.0,27600.0,0,0.0,0.0
2011-09-20 00:00:00-04:00,28000.0,28000.0,28000.0,28000.0,0,0.0,0.0
2011-09-21 00:00:00-04:00,28000.0,28000.0,27000.0,27000.0,1,0.0,0.0
2011-09-22 00:00:00-04:00,27000.0,27600.0,27000.0,27000.0,0,0.0,0.0
2011-09-23 00:00:00-04:00,27000.0,27000.0,27000.0,27000.0,0,0.0,0.0
2011-09-26 00:00:00-04:00,23000.0,23000.0,22600.0,23000.0,0,0.0,0.0
2011-09-27 00:00:00-04:00,23000.0,23000.0,23000.0,23000.0,0,0.0,0.0
2011-09-28 00:00:00-04:00,22600.0,29000.0,22600.0,28000.0,0,0.0,0.0
2011-09-29 00:00:00-04:00,28000.0,28000.0,28000.0,28000.0,0,0.0,0.0
2011-09-30 00:00:00-04:00,25400.0,25400.0,25400.0,25400.0,0,0.0,0.0
2011-10-03 00:00:00-04:00,24000.0,24000.0,24000.0,24000.0,0,0.0,0.0
2011-10-04 00:00:00-04:00,20600.0,22000.0,20000.0,20200.0,0,0.0,0.0
2011-10-05 00:00:00-04:00,20200.0,27800.0,20200.0,27800.0,0,0.0,0.0
2011-10-06 00:00:00-04:00,21000.0,21000.0,21000.0,21000.0,0,0.0,0.0
2011-10-07 00:00:00-04:00,23000.0,23000.0,23000.0,23000.0,0,0.0,0.0
2011-10-10 00:00:00-04:00,21000.0,21000.0,15000.0,16000.0,2,0.0,0.0
2011-10-11 00:00:00-04:00,16200.0,16200.0,6600.0,11800.0,6,0.0,0.0
2011-10-12 00:00:00-04:00,7000.0,10000.0,7000.0,7400.0,1,0.0,0.0
2011-10-13 00:00:00-04:00,8000.0,10600.0,8000.0,10200.0,2,0.0,0.0
2011-10-14 00:00:00-04:00,12000.0,12000.0,9200.0,9200.0,2,0.0,0.0
2011-10-17 00:00:00-04:00,9200.0,9200.0,9200.0,9200.0,0,0.0,0.0
2011-10-18 00:00:00-04:00,9200.0,12000.0,9200.0,12000.0,1,0.0,0.0
2011-10-19 00:00:00-04:00,10000.0,10000.0,8200.0,10000.0,6,0.0,0.0
2011-10-20 00:00:00-04:00,12000.0,12000.0,10200.0,12000.0,1,0.0,0.0
2011-10-21 00:00:00-04:00,14000.0,15000.0,10000.0,15000.0,7,0.0,0.0
2011-10-24 00:00:00-04:00,14800.0,15000.0,13800.0,15000.0,0,0.0,0.0
2011-10-25 00:00:00-04:00,15000.0,17400.0,14000.0,17400.0,1,0.0,0.0
2011-10-26 00:00:00-04:00,13000.0,22000.0,13000.0,21000.0,0,0.0,0.0
2011-10-27 00:00:00-04:00,18000.0,20000.0,15000.0,17000.0,1,0.0,0.0
2011-10-28 00:00:00-04:00,20000.0,20000.0,17000.0,17000.0,0,0.0,0.0
2011-10-31 00:00:00-04:00,20000.0,20000.0,20000.0,20000.0,0,0.0,0.0
2011-11-01 00:00:00-04:00,18000.0,18000.0,18000.0,18000.0,0,0.0,0.0
2011-11-02 00:00:00-04:00,20200.0,26800.0,15000.0,19000.0,0,0.0,0.0
2011-11-03 00:00:00-04:00,19000.0,19000.0,19000.0,19000.0,1,0.0,0.0
2011-11-04 00:00:00-04:00,19000.0,19000.0,19000.0,19000.0,0,0.0,0.0
2011-11-07 00:00:00-05:00,19000.0,19000.0,19000.0,19000.0,0,0.0,0.0
2011-11-08 00:00:00-05:00,18800.0,18800.0,18800.0,18800.0,0,0.0,0.0
2011-11-09 00:00:00-05:00,18800.0,18800.0,16000.0,16000.0,1,0.0,0.0
2011-11-10 00:00:00-05:00,15000.0,17000.0,10000.0,10000.0,3,0.0,0.0
2011-11-11 00:00:00-05:00,11000.0,12000.0,10400.0,12000.0,3,0.0,0.0
2011-11-14 00:00:00-05:00,13000.0,13000.0,10200.0,13000.0,0,0.0,0.0
2011-11-15 00:00:00-05:00,13000.0,13000.0,13000.0,13000.0,0,0.0,0.0
2011-11-16 00:00:00-05:00,13000.0,15000.0,13000.0,15000.0,1,0.0,0.0
2011-11-17 00:00:00-05:00,14000.0,16000.0,14000.0,15000.0,0,0.0,0.0
2011-11-18 00:00:00-05:00,16000.0,16000.0,15000.0,15000.0,1,0.0,0.0
2011-11-21 00:00:00-05:00,17000.0,17000.0,14000.0,16000.0,0,0.0,0.0
2011-11-22 00:00:00-05:00,16000.0,16000.0,15000.0,15000.0,0,0.0,0.0
2011-11-23 00:00:00-05:00,15000.0,15000.0,15000.0,15000.0,0,0.0,0.0
2011-11-25 00:00:00-05:00,15000.0,15000.0,15000.0,15000.0,0,0.0,0.0
2011-11-28 00:00:00-05:00,15800.0,15800.0,15800.0,15800.0,0,0.0,0.0
2011-11-29 00:00:00-05:00,14200.0,15200.0,14000.0,15200.0,0,0.0,0.0
2011-11-30 00:00:00-05:00,15200.0,15600.0,12000.0,15600.0,0,0.0,0.0
2011-12-01 00:00:00-05:00,13000.0,13000.0,12000.0,12000.0,2,0.0,0.0
2011-12-02 00:00:00-05:00,12000.0,12000.0,11000.0,12000.0,1,0.0,0.0
2011-12-05 00:00:00-05:00,12000.0,12000.0,12000.0,12000.0,0,0.0,0.0
2011-12-06 00:00:00-05:00,12000.0,12000.0,11000.0,11000.0,0,0.0,0.0
2011-12-07 00:00:00-05:00,11000.0,11000.0,11000.0,11000.0,0,0.0,0.0
2011-12-08 00:00:00-05:00,12000.0,12000.0,12000.0,12000.0,1,0.0,0.0
2011-12-09 00:00:00-05:00,12000.0,12000.0,12000.0,12000.0,0,0.0,0.0
2011-12-12 00:00:00-05:00,10200.0,10800.0,8000.0,10000.0,6,0.0,0.0
2011-12-13 00:00:00-05:00,10400.0,10400.0,10000.0,10200.0,1,0.0,0.0
2011-12-14 00:00:00-05:00,10400.0,10400.0,10000.0,10000.0,2,0.0,0.0
2011-12-15 00:00:00-05:00,10000.0,10000.0,10000.0,10000.0,0,0.0,0.0
2011-12-16 00:00:00-05:00,8000.0,9000.0,8000.0,9000.0,0,0.0,0.0
2011-12-19 00:00:00-05:00,9000.0,9200.0,9000.0,9200.0,0,0.0,0.0
2011-12-20 00:00:00-05:00,10000.0,10400.0,10000.0,10000.0,1,0.0,0.0
2011-12-21 00:00:00-05:00,9000.0,10400.0,9000.0,10400.0,0,0.0,0.0
2011-12-22 00:00:00-05:00,9000.0,11000.0,9000.0,10400.0,0,0.0,0.0
2011-12-23 00:00:00-05:00,9000.0,10400.0,9000.0,10000.0,1,0.0,0.0
2011-12-27 00:00:00-05:00,9400.0,9600.0,8000.0,9600.0,3,0.0,0.0
2011-12-28 00:00:00-05:00,9600.0,9600.0,8000.0,8000.0,1,0.0,0.0
2011-12-29 00:00:00-05:00,8800.0,8800.0,8800.0,8800.0,0,0.0,0.0
2011-12-30 00:00:00-05:00,9000.0,9000.0,8800.0,8800.0,1,0.0,0.0
2012-01-03 00:00:00-05:00,9000.0,9000.0,9000.0,9000.0,0,0.0,0.0
2012-01-04 00:00:00-05:00,8000.0,10000.0,8000.0,10000.0,0,0.0,0.0
2012-01-05 00:00:00-05:00,10000.0,10000.0,8000.0,10000.0,0,0.0,0.0
2012-01-06 00:00:00-05:00,10000.0,10000.0,10000.0,10000.0,0,0.0,0.0
2012-01-09 00:00:00-05:00,10000.0,10000.0,9800.0,9800.0,0,0.0,0.0
2012-01-10 00:00:00-05:00,9800.0,9800.0,9800.0,9800.0,0,0.0,0.0
2012-01-11 00:00:00-05:00,9800.0,9800.0,9600.0,9600.0,1,0.0,0.0
2012-01-12 00:00:00-05:00,9200.0,9200.0,9200.0,9200.0,0,0.0,0.0
2012-01-13 00:00:00-05:00,9400.0,9400.0,8600.0,8600.0,0,0.0,0.0
2012-01-17 00:00:00-05:00,9000.0,9800.0,9000.0,9600.0,1,0.0,0.0
2012-01-18 00:00:00-05:00,9600.0,9800.0,9200.0,9200.0,2,0.0,0.0
2012-01-19 00:00:00-05:00,9200.0,9800.0,9000.0,9400.0,3,0.0,0.0
2012-01-20 00:00:00-05:00,9400.0,9800.0,9000.0,9000.0,1,0.0,0.0
2012-01-23 00:00:00-05:00,9000.0,10000.0,9000.0,9600.0,3,0.0,0.0
2012-01-24 00:00:00-05:00,9600.0,10000.0,9600.0,10000.0,1,0.0,0.0
2012-01-25 00:00:00-05:00,9800.0,9800.0,8600.0,8600.0,1,0.0,0.0
2012-01-26 00:00:00-05:00,9800.0,9800.0,9400.0,9400.0,1,0.0,0.0
2012-01-27 00:00:00-05:00,9800.0,9800.0,9800.0,9800.0,1,0.0,0.0
2012-01-30 00:00:00-05:00,10000.0,10000.0,9800.0,10000.0,2,0.0,0.0
2012-01-31 00:00:00-05:00,9400.0,9600.0,9400.0,9600.0,1,0.0,0.0
2012-02-01 00:00:00-05:00,9600.0,9600.0,9600.0,9600.0,1,0.0,0.0
2012-02-02 00:00:00-05:00,10000.0,10000.0,10000.0,10000.0,1,0.0,0.0
2012-02-03 00:00:00-05:00,9600.0,9800.0,9600.0,9600.0,0,0.0,0.0
2012-02-06 00:00:00-05:00,10000.0,10000.0,9400.0,10000.0,1,0.0,0.0
2012-02-07 00:00:00-05:00,10000.0,10000.0,10000.0,10000.0,1,0.0,0.0
2012-02-08 00:00:00-05:00,10000.0,10000.0,9400.0,10000.0,1,0.0,0.0
2012-02-09 00:00:00-05:00,9400.0,9400.0,9400.0,9400.0,0,0.0,0.0
2012-02-10 00:00:00-05:00,9400.0,9400.0,9400.0,9400.0,0,0.0,0.0
2012-02-13 00:00:00-05:00,10000.0,10000.0,10000.0,10000.0,0,0.0,0.0
2012-02-14 00:00:00-05:00,10000.0,10000.0,10000.0,10000.0,1,0.0,0.0
2012-02-15 00:00:00-05:00,10000.0,10000.0,9400.0,9400.0,0,0.0,0.0
2012-02-16 00:00:00-05:00,9400.0,10000.0,9400.0,9400.0,0,0.0,0.0
2012-02-17 00:00:00-05:00,9400.0,9400.0,9400.0,9400.0,0,0.0,0.0
2012-02-21 00:00:00-05:00,8000.0,9400.0,8000.0,9400.0,0,0.0,0.0
2012-02-22 00:00:00-05:00,10000.0,10000.0,9400.0,10000.0,3,0.0,0.0
2012-02-23 00:00:00-05:00,10000.0,10000.0,10000.0,10000.0,0,0.0,0.0
2012-02-24 00:00:00-05:00,10000.0,10000.0,10000.0,10000.0,0,0.0,0.0
2012-02-27 00:00:00-05:00,10000.0,10000.0,10000.0,10000.0,0,0.0,0.0
2012-02-28 00:00:00-05:00,10000.0,10000.0,10000.0,10000.0,0,0.0,0.0
2012-02-29 00:00:00-05:00,10000.0,10000.0,10000.0,10000.0,0,0.0,0.0
2012-03-01 00:00:00-05:00,10000.0,10000.0,10000.0,10000.0,2,0.0,0.0
2012-03-02 00:00:00-05:00,10000.0,10000.0,9800.0,10000.0,6,0.0,0.0
2012-03-05 00:00:00-05:00,10000.0,10000.0,10000.0,10000.0,0,0.0,0.0
2012-03-06 00:00:00-05:00,9800.0,10000.0,9800.0,10000.0,2,0.0,0.0
2012-03-07 00:00:00-05:00,8400.0,10000.0,8400.0,10000.0,1,0.0,0.0
2012-03-08 00:00:00-05:00,10000.0,10000.0,9800.0,10000.0,0,0.0,0.0
2012-03-09 00:00:00-05:00,10000.0,12000.0,10000.0,11000.0,2,0.0,0.0
2012-03-12 00:00:00-04:00,11000.0,11000.0,11000.0,11000.0,0,0.0,0.0
2012-03-13 00:00:00-04:00,11000.0,11600.0,11000.0,11000.0,0,0.0,0.0
2012-03-14 00:00:00-04:00,12000.0,12000.0,12000.0,12000.0,1,0.0,0.0
2012-03-15 00:00:00-04:00,12000.0,12000.0,11200.0,11200.0,1,0.0,0.0
2012-03-16 00:00:00-04:00,11800.0,11800.0,11800.0,11800.0,0,0.0,0.0
2012-03-19 00:00:00-04:00,11800.0,12000.0,11200.0,12000.0,2,0.0,0.0
2012-03-20 00:00:00-04:00,12000.0,13000.0,12000.0,13000.0,2,0.0,0.0
2012-03-21 00:00:00-04:00,13200.0,16000.0,13200.0,15600.0,1,0.0,0.0
2012-03-22 00:00:00-04:00,16000.0,18600.0,15600.0,18000.0,4,0.0,0.0
2012-03-23 00:00:00-04:00,19000.0,19600.0,17800.0,18000.0,4,0.0,0.0
2012-03-26 00:00:00-04:00,18600.0,19800.0,18400.0,19200.0,6,0.0,0.0
2012-03-27 00:00:00-04:00,19200.0,19600.0,18800.0,18800.0,7,0.0,0.0
2012-03-28 00:00:00-04:00,18800.0,18800.0,18400.0,18800.0,2,0.0,0.0
2012-03-29 00:00:00-04:00,17800.0,18000.0,15000.0,15800.0,5,0.0,0.0
2012-03-30 00:00:00-04:00,17000.0,17000.0,16000.0,17000.0,3,0.0,0.0
2012-04-02 00:00:00-04:00,18000.0,18800.0,17000.0,18800.0,2,0.0,0.0
2012-04-03 00:00:00-04:00,18800.0,18800.0,15000.0,17000.0,5,0.0,0.0
2012-04-04 00:00:00-04:00,17200.0,17200.0,17000.0,17000.0,0,0.0,0.0
2012-04-05 00:00:00-04:00,17000.0,17200.0,17000.0,17200.0,0,0.0,0.0
2012-04-09 00:00:00-04:00,16400.0,17200.0,16400.0,17200.0,1,0.0,0.0
2012-04-10 00:00:00-04:00,17200.0,18000.0,15200.0,16400.0,4,0.0,0.0
2012-04-11 00:00:00-04:00,17200.0,18000.0,17200.0,17200.0,1,0.0,0.0
2012-04-12 00:00:00-04:00,18000.0,19000.0,18000.0,19000.0,1,0.0,0.0
2012-04-13 00:00:00-04:00,18800.0,19200.0,18800.0,19200.0,1,0.0,0.0
2012-04-16 00:00:00-04:00,19000.0,22800.0,19000.0,22800.0,3,0.0,0.0
2012-04-17 00:00:00-04:00,23600.0,24600.0,22000.0,22800.0,4,0.0,0.0
2012-04-18 00:00:00-04:00,22800.0,23000.0,22200.0,23000.0,1,0.0,0.0
2012-04-19 00:00:00-04:00,21400.0,23000.0,21400.0,22800.0,1,0.0,0.0
2012-04-20 00:00:00-04:00,23000.0,23000.0,22400.0,22800.0,1,0.0,0.0
2012-04-23 00:00:00-04:00,22800.0,34800.0,22000.0,26000.0,5,0.0,0.0
2012-04-24 00:00:00-04:00,28000.0,36000.0,28000.0,36000.0,5,0.0,0.0
2012-04-25 00:00:00-04:00,38000.0,44000.0,36000.0,38000.0,9,0.0,0.0
2012-04-26 00:00:00-04:00,39000.0,40000.0,36000.0,40000.0,2,0.0,0.0
2012-04-27 00:00:00-04:00,40000.0,40000.0,36600.0,38000.0,4,0.0,0.0
2012-04-30 00:00:00-04:00,38000.0,39800.0,38000.0,38000.0,3,0.0,0.0
2012-05-01 00:00:00-04:00,38000.0,38000.0,36800.0,36800.0,4,0.0,0.0
2012-05-02 00:00:00-04:00,36600.0,37000.0,30000.0,31000.0,4,0.0,0.0
2012-05-03 00:00:00-04:00,30600.0,32000.0,28800.0,31000.0,2,0.0,0.0
2012-05-04 00:00:00-04:00,32000.0,32000.0,29200.0,30600.0,7,0.0,0.0
2012-05-07 00:00:00-04:00,31000.0,34000.0,31000.0,33000.0,4,0.0,0.0
2012-05-08 00:00:00-04:00,34000.0,34000.0,30000.0,30000.0,2,0.0,0.0
2012-05-09 00:00:00-04:00,30000.0,30000.0,29200.0,30000.0,4,0.0,0.0
2012-05-10 00:00:00-04:00,30000.0,30000.0,29600.0,29600.0,1,0.0,0.0
2012-05-11 00:00:00-04:00,30000.0,31000.0,30000.0,30000.0,4,0.0,0.0
2012-05-14 00:00:00-04:00,31000.0,31600.0,27400.0,28000.0,3,0.0,0.0
2012-05-15 00:00:00-04:00,28000.0,29800.0,28000.0,29000.0,7,0.0,0.0
2012-05-16 00:00:00-04:00,28600.0,30000.0,28400.0,29000.0,1,0.0,0.0
2012-05-17 00:00:00-04:00,29000.0,29000.0,26200.0,28000.0,2,0.0,0.0
2012-05-18 00:00:00-04:00,26200.0,26200.0,22600.0,26000.0,3,0.0,0.0
2012-05-21 00:00:00-04:00,26000.0,27000.0,25000.0,25000.0,1,0.0,0.0
2012-05-22 00:00:00-04:00,26000.0,34000.0,22600.0,24000.0,3,0.0,0.0
2012-05-23 00:00:00-04:00,30000.0,30000.0,25000.0,25000.0,0,0.0,0.0
2012-05-24 00:00:00-04:00,32000.0,32000.0,29800.0,30000.0,1,0.0,0.0
2012-05-25 00:00:00-04:00,32200.0,32200.0,30000.0,30000.0,1,0.0,0.0
2012-05-29 00:00:00-04:00,30200.0,31000.0,25000.0,31000.0,0,0.0,0.0
2012-05-30 00:00:00-04:00,31000.0,32000.0,31000.0,32000.0,0,0.0,0.0
2012-05-31 00:00:00-04:00,32000.0,37000.0,32000.0,34000.0,2,0.0,0.0
2012-06-01 00:00:00-04:00,40000.0,40200.0,32200.0,32200.0,1,0.0,0.0
2012-06-04 00:00:00-04:00,34000.0,34000.0,30000.0,30600.0,1,0.0,0.0
2012-06-05 00:00:00-04:00,33200.0,34000.0,32000.0,34000.0,0,0.0,0.0
2012-06-06 00:00:00-04:00,31200.0,33800.0,31200.0,33800.0,0,0.0,0.0
2012-06-07 00:00:00-04:00,34000.0,34000.0,33000.0,33800.0,0,0.0,0.0
2012-06-08 00:00:00-04:00,25000.0,26000.0,20000.0,23000.0,31,0.0,0.0
2012-06-11 00:00:00-04:00,24800.0,24800.0,23600.0,23600.0,4,0.0,0.0
2012-06-12 00:00:00-04:00,26000.0,26000.0,23800.0,24800.0,2,0.0,0.0
2012-06-13 00:00:00-04:00,24000.0,24600.0,23000.0,23600.0,1,0.0,0.0
2012-06-14 00:00:00-04:00,23600.0,24800.0,23600.0,24600.0,1,0.0,0.0
2012-06-15 00:00:00-04:00,25000.0,25400.0,24000.0,25000.0,8,0.0,0.0
2012-06-18 00:00:00-04:00,25000.0,25000.0,24600.0,24600.0,2,0.0,0.0
2012-06-19 00:00:00-04:00,25600.0,26000.0,25600.0,26000.0,0,0.0,0.0
2012-06-20 00:00:00-04:00,25600.0,26000.0,25400.0,26000.0,1,0.0,0.0
2012-06-21 00:00:00-04:00,26200.0,26200.0,25600.0,25600.0,1,0.0,0.0
2012-06-22 00:00:00-04:00,25200.0,25200.0,24200.0,24200.0,1,0.0,0.0
2012-06-25 00:00:00-04:00,24400.0,25000.0,24400.0,24800.0,9,0.0,0.0
2012-06-26 00:00:00-04:00,24000.0,24800.0,23000.0,23800.0,1,0.0,0.0
2012-06-27 00:00:00-04:00,24000.0,24000.0,23200.0,23200.0,1,0.0,0.0
2012-06-28 00:00:00-04:00,24000.0,24000.0,23000.0,23600.0,1,0.0,0.0
2012-06-29 00:00:00-04:00,23600.0,23800.0,23200.0,23800.0,0,0.0,0.0
2012-07-02 00:00:00-04:00,23800.0,23800.0,23200.0,23800.0,0,0.0,0.0
2012-07-03 00:00:00-04:00,23800.0,24000.0,23800.0,23800.0,0,0.0,0.0
2012-07-05 00:00:00-04:00,24000.0,24000.0,22200.0,22400.0,0,0.0,0.0
2012-07-06 00:00:00-04:00,23200.0,23200.0,22000.0,22600.0,1,0.0,0.0
2012-07-09 00:00:00-04:00,22800.0,22800.0,22600.0,22600.0,1,0.0,0.0
2012-07-10 00:00:00-04:00,22600.0,22600.0,21000.0,21400.0,0,0.0,0.0
2012-07-11 00:00:00-04:00,21600.0,22000.0,21200.0,22000.0,2,0.0,0.0
2012-07-12 00:00:00-04:00,22000.0,22000.0,20400.0,21400.0,1,0.0,0.0
2012-07-13 00:00:00-04:00,21000.0,21600.0,21000.0,21600.0,1,0.0,0.0
2012-07-16 00:00:00-04:00,21600.0,22000.0,21200.0,22000.0,1,0.0,0.0
2012-07-17 00:00:00-04:00,21000.0,22400.0,21000.0,21200.0,3,0.0,0.0
2012-07-18 00:00:00-04:00,21400.0,21400.0,21000.0,21200.0,15,0.0,0.0
2012-07-19 00:00:00-04:00,21400.0,21400.0,20600.0,21400.0,1,0.0,0.0
2012-07-20 00:00:00-04:00,20600.0,21400.0,20600.0,21400.0,0,0.0,0.0
2012-07-23 00:00:00-04:00,21400.0,21400.0,21400.0,21400.0,0,0.0,0.0
2012-07-24 00:00:00-04:00,21400.0,21400.0,20200.0,21400.0,1,0.0,0.0
2012-07-25 00:00:00-04:00,21400.0,21400.0,21400.0,21400.0,1,0.0,0.0
2012-07-26 00:00:00-04:00,19000.0,21400.0,19000.0,21400.0,2,0.0,0.0
2012-07-27 00:00:00-04:00,20800.0,20800.0,20800.0,20800.0,0,0.0,0.0
2012-07-30 00:00:00-04:00,21200.0,21200.0,21200.0,21200.0,0,0.0,0.0
2012-07-31 00:00:00-04:00,21200.0,21200.0,21000.0,21000.0,1,0.0,0.0
2012-08-01 00:00:00-04:00,21000.0,21000.0,21000.0,21000.0,1,0.0,0.0
2012-08-02 00:00:00-04:00,20800.0,21000.0,20600.0,20600.0,0,0.0,0.0
2012-08-03 00:00:00-04:00,21000.0,21200.0,21000.0,21200.0,1,0.0,0.0
2012-08-06 00:00:00-04:00,21200.0,21600.0,21200.0,21400.0,5,0.0,0.0
2012-08-07 00:00:00-04:00,21400.0,21400.0,21200.0,21400.0,1,0.0,0.0
2012-08-08 00:00:00-04:00,21400.0,21400.0,21000.0,21000.0,6,0.0,0.0
2012-08-09 00:00:00-04:00,21400.0,21400.0,21000.0,21000.0,2,0.0,0.0
2012-08-10 00:00:00-04:00,21200.0,21200.0,20000.0,21000.0,1,0.0,0.0
2012-08-13 00:00:00-04:00,21000.0,21000.0,21000.0,21000.0,0,0.0,0.0
2012-08-14 00:00:00-04:00,21000.0,21000.0,20400.0,20600.0,3,0.0,0.0
2012-08-15 00:00:00-04:00,20800.0,20800.0,20000.0,20800.0,1,0.0,0.0
2012-08-16 00:00:00-04:00,21000.0,21000.0,20000.0,21000.0,0,0.0,0.0
2012-08-17 00:00:00-04:00,21000.0,21000.0,21000.0,21000.0,0,0.0,0.0
2012-08-20 00:00:00-04:00,20000.0,20800.0,20000.0,20000.0,0,0.0,0.0
2012-08-21 00:00:00-04:00,20000.0,21000.0,20000.0,20000.0,1,0.0,0.0
2012-08-22 00:00:00-04:00,20000.0,21000.0,20000.0,21000.0,3,0.0,0.0
2012-08-23 00:00:00-04:00,21000.0,21000.0,20000.0,20000.0,0,0.0,0.0
2012-08-24 00:00:00-04:00,20000.0,20000.0,20000.0,20000.0,1,0.0,0.0
2012-08-27 00:00:00-04:00,20000.0,20000.0,20000.0,20000.0,0,0.0,0.0
2012-08-28 00:00:00-04:00,20000.0,20000.0,20000.0,20000.0,0,0.0,0.0
2012-08-29 00:00:00-04:00,21000.0,21000.0,21000.0,21000.0,0,0.0,0.0
2012-08-30 00:00:00-04:00,20800.0,20800.0,20000.0,20000.0,0,0.0,0.0
2012-08-31 00:00:00-04:00,19000.0,20000.0,19000.0,20000.0,0,0.0,0.0
2012-09-04 00:00:00-04:00,20000.0,20000.0,19000.0,20000.0,1,0.0,0.0
2012-09-05 00:00:00-04:00,20000.0,20000.0,19800.0,19800.0,0,0.0,0.0
2012-09-06 00:00:00-04:00,20000.0,20600.0,20000.0,20600.0,0,0.0,0.0
2012-09-07 00:00:00-04:00,20600.0,21000.0,20600.0,21000.0,1,0.0,0.0
2012-09-10 00:00:00-04:00,21000.0,21000.0,21000.0,21000.0,0,0.0,0.0
2012-09-11 00:00:00-04:00,21600.0,21600.0,21600.0,21600.0,1,0.0,0.0
2012-09-12 00:00:00-04:00,21600.0,21600.0,21600.0,21600.0,0,0.0,0.0
2012-09-13 00:00:00-04:00,21400.0,21400.0,20000.0,20800.0,1,0.0,0.0
2012-09-14 00:00:00-04:00,20800.0,20800.0,20800.0,20800.0,0,0.0,0.0
2012-09-17 00:00:00-04:00,20800.0,20800.0,20800.0,20800.0,1,0.0,0.0
2012-09-18 00:00:00-04:00,20800.0,20800.0,20000.0,20000.0,0,0.0,0.0
2012-09-19 00:00:00-04:00,20800.0,20800.0,19000.0,20000.0,0,0.0,0.0
2012-09-20 00:00:00-04:00,20000.0,20000.0,20000.0,20000.0,0,0.0,0.0
2012-09-21 00:00:00-04:00,20800.0,20800.0,19400.0,20000.0,0,0.0,0.0
2012-09-24 00:00:00-04:00,20800.0,20800.0,20000.0,20200.0,2,0.0,0.0
2012-09-25 00:00:00-04:00,20800.0,20800.0,20000.0,20800.0,1,0.0,0.0
2012-09-26 00:00:00-04:00,20200.0,20200.0,20200.0,20200.0,0,0.0,0.0
2012-09-27 00:00:00-04:00,20200.0,20800.0,20200.0,20800.0,0,0.0,0.0
2012-09-28 00:00:00-04:00,20800.0,21000.0,20600.0,21000.0,1,0.0,0.0
2012-10-01 00:00:00-04:00,21200.0,21200.0,20200.0,20200.0,2,0.0,0.0
2012-10-02 00:00:00-04:00,21200.0,21200.0,20200.0,20200.0,0,0.0,0.0
2012-10-03 00:00:00-04:00,21200.0,21400.0,20800.0,21400.0,2,0.0,0.0
2012-10-04 00:00:00-04:00,21400.0,21400.0,21000.0,21000.0,1,0.0,0.0
2012-10-05 00:00:00-04:00,21400.0,21400.0,21400.0,21400.0,0,0.0,0.0
2012-10-08 00:00:00-04:00,21000.0,21200.0,20200.0,20200.0,0,0.0,0.0
2012-10-09 00:00:00-04:00,21200.0,21200.0,21000.0,21000.0,0,0.0,0.0
2012-10-10 00:00:00-04:00,21000.0,21000.0,21000.0,21000.0,0,0.0,0.0
2012-10-11 00:00:00-04:00,21000.0,21000.0,21000.0,21000.0,0,0.0,0.0
2012-10-12 00:00:00-04:00,21000.0,21000.0,20800.0,20800.0,1,0.0,0.0
2012-10-15 00:00:00-04:00,20800.0,20800.0,18200.0,19800.0,0,0.0,0.0
2012-10-16 00:00:00-04:00,20000.0,20400.0,20000.0,20000.0,1,0.0,0.0
2012-10-17 00:00:00-04:00,20000.0,20000.0,19000.0,20000.0,0,0.0,0.0
2012-10-18 00:00:00-04:00,20000.0,20000.0,19200.0,19800.0,1,0.0,0.0
2012-10-19 00:00:00-04:00,19800.0,19800.0,19800.0,19800.0,0,0.0,0.0
2012-10-22 00:00:00-04:00,18400.0,19800.0,18200.0,19600.0,0,0.0,0.0
2012-10-23 00:00:00-04:00,19800.0,19800.0,18200.0,19600.0,1,0.0,0.0
2012-10-24 00:00:00-04:00,19600.0,20400.0,19600.0,20000.0,2,0.0,0.0
2012-10-25 00:00:00-04:00,21600.0,21600.0,18600.0,20400.0,1,0.0,0.0
2012-10-26 00:00:00-04:00,20400.0,20400.0,19000.0,20200.0,1,0.0,0.0
2012-10-31 00:00:00-04:00,20200.0,20200.0,19200.0,19200.0,0,0.0,0.0
2012-11-01 00:00:00-04:00,20400.0,20400.0,20400.0,20400.0,0,0.0,0.0
2012-11-02 00:00:00-04:00,20400.0,20600.0,20400.0,20600.0,0,0.0,0.0
2012-11-05 00:00:00-05:00,20600.0,20600.0,20600.0,20600.0,1,0.0,0.0
2012-11-06 00:00:00-05:00,20600.0,20600.0,20400.0,20600.0,0,0.0,0.0
2012-11-07 00:00:00-05:00,20200.0,20200.0,19200.0,20000.0,0,0.0,0.0
2012-11-08 00:00:00-05:00,19200.0,20400.0,19200.0,20400.0,1,0.0,0.0
2012-11-09 00:00:00-05:00,20400.0,20400.0,20400.0,20400.0,0,0.0,0.0
2012-11-12 00:00:00-05:00,20600.0,20600.0,18000.0,18000.0,4,0.0,0.0
2012-11-13 00:00:00-05:00,18000.0,18000.0,17000.0,17000.0,2,0.0,0.0
2012-11-14 00:00:00-05:00,17800.0,18400.0,17000.0,18000.0,2,0.0,0.0
2012-11-15 00:00:00-05:00,18000.0,18000.0,17000.0,17000.0,1,0.0,0.0
2012-11-16 00:00:00-05:00,19000.0,19000.0,17000.0,17000.0,0,0.0,0.0
2012-11-19 00:00:00-05:00,18200.0,18200.0,16000.0,16000.0,1,0.0,0.0
2012-11-20 00:00:00-05:00,16000.0,16000.0,13200.0,15000.0,2,0.0,0.0
2012-11-21 00:00:00-05:00,15600.0,16000.0,15000.0,16000.0,2,0.0,0.0
2012-11-23 00:00:00-05:00,15600.0,15800.0,14000.0,15800.0,0,0.0,0.0
2012-11-26 00:00:00-05:00,15600.0,15600.0,15600.0,15600.0,0,0.0,0.0
2012-11-27 00:00:00-05:00,16000.0,16600.0,15600.0,16200.0,5,0.0,0.0
2012-11-28 00:00:00-05:00,16000.0,16200.0,14400.0,16000.0,1,0.0,0.0
2012-11-29 00:00:00-05:00,16000.0,16000.0,16000.0,16000.0,1,0.0,0.0
2012-11-30 00:00:00-05:00,15800.0,15800.0,15800.0,15800.0,0,0.0,0.0
2012-12-03 00:00:00-05:00,15000.0,15200.0,15000.0,15200.0,1,0.0,0.0
2012-12-04 00:00:00-05:00,15000.0,15000.0,15000.0,15000.0,1,0.0,0.0
2012-12-05 00:00:00-05:00,15000.0,15000.0,14400.0,14800.0,1,0.0,0.0
2012-12-06 00:00:00-05:00,14800.0,16000.0,14800.0,15600.0,2,0.0,0.0
2012-12-07 00:00:00-05:00,15000.0,15800.0,15000.0,15800.0,0,0.0,0.0
2012-12-10 00:00:00-05:00,15800.0,15800.0,14400.0,15600.0,1,0.0,0.0
2012-12-11 00:00:00-05:00,15600.0,15600.0,15600.0,15600.0,0,0.0,0.0
2012-12-12 00:00:00-05:00,14400.0,16000.0,14400.0,15600.0,1,0.0,0.0
2012-12-13 00:00:00-05:00,15600.0,15600.0,14400.0,15400.0,0,0.0,0.0
2012-12-14 00:00:00-05:00,14400.0,15800.0,14400.0,15000.0,0,0.0,0.0
2012-12-17 00:00:00-05:00,15000.0,15600.0,14400.0,15000.0,1,0.0,0.0
2012-12-18 00:00:00-05:00,15600.0,15600.0,15600.0,15600.0,1,0.0,0.0
2012-12-19 00:00:00-05:00,15600.0,15600.0,15000.0,15000.0,0,0.0,0.0
2012-12-20 00:00:00-05:00,15600.0,15600.0,14800.0,15000.0,0,0.0,0.0
2012-12-21 00:00:00-05:00,15400.0,15600.0,15400.0,15600.0,0,0.0,0.0
2012-12-24 00:00:00-05:00,15600.0,15600.0,15600.0,15600.0,0,0.0,0.0
2012-12-26 00:00:00-05:00,15600.0,15600.0,15600.0,15600.0,0,0.0,0.0
2012-12-27 00:00:00-05:00,15200.0,15200.0,14400.0,14400.0,2,0.0,0.0
2012-12-28 00:00:00-05:00,14400.0,14400.0,14400.0,14400.0,2,0.0,0.0
2012-12-31 00:00:00-05:00,14400.0,14800.0,14000.0,14800.0,1,0.0,0.0
2013-01-02 00:00:00-05:00,14800.0,14800.0,14800.0,14800.0,0,0.0,0.0
2013-01-03 00:00:00-05:00,14800.0,14800.0,14800.0,14800.0,0,0.0,0.0
2013-01-04 00:00:00-05:00,14800.0,14800.0,14800.0,14800.0,0,0.0,0.0
2013-01-07 00:00:00-05:00,15400.0,15400.0,15400.0,15400.0,0,0.0,0.0
2013-01-08 00:00:00-05:00,15400.0,15400.0,15000.0,15000.0,1,0.0,0.0
2013-01-09 00:00:00-05:00,15000.0,15000.0,15000.0,15000.0,0,0.0,0.0
2013-01-10 00:00:00-05:00,14400.0,15000.0,14400.0,15000.0,0,0.0,0.0
2013-01-11 00:00:00-05:00,15400.0,15400.0,15000.0,15000.0,0,0.0,0.0
2013-01-14 00:00:00-05:00,15000.0,15000.0,15000.0,15000.0,1,0.0,0.0
2013-01-15 00:00:00-05:00,15000.0,15000.0,15000.0,15000.0,1,0.0,0.0
2013-01-16 00:00:00-05:00,15000.0,15000.0,15000.0,15000.0,0,0.0,0.0
2013-01-17 00:00:00-05:00,15200.0,15200.0,14000.0,14800.0,1,0.0,0.0
2013-01-18 00:00:00-05:00,14800.0,14800.0,14800.0,14800.0,0,0.0,0.0
2013-01-22 00:00:00-05:00,12400.0,14800.0,12400.0,14800.0,1,0.0,0.0
2013-01-23 00:00:00-05:00,14400.0,14800.0,14400.0,14800.0,0,0.0,0.0
2013-01-24 00:00:00-05:00,15000.0,15000.0,14800.0,15000.0,6,0.0,0.0
2013-01-25 00:00:00-05:00,14800.0,15000.0,14800.0,15000.0,2,0.0,0.0
2013-01-28 00:00:00-05:00,15000.0,15200.0,15000.0,15000.0,0,0.0,0.0
2013-01-29 00:00:00-05:00,14800.0,15200.0,14800.0,15200.0,0,0.0,0.0
2013-01-30 00:00:00-05:00,15000.0,15000.0,14600.0,14600.0,0,0.0,0.0
2013-01-31 00:00:00-05:00,14400.0,14400.0,14400.0,14400.0,1,0.0,0.0
2013-02-01 00:00:00-05:00,14000.0,14200.0,14000.0,14200.0,0,0.0,0.0
2013-02-04 00:00:00-05:00,15000.0,15000.0,15000.0,15000.0,0,0.0,0.0
2013-02-05 00:00:00-05:00,15000.0,15800.0,15000.0,15800.0,1,0.0,0.0
2013-02-06 00:00:00-05:00,14600.0,14600.0,14600.0,14600.0,0,0.0,0.0
2013-02-07 00:00:00-05:00,15000.0,15400.0,15000.0,15400.0,0,0.0,0.0
2013-02-08 00:00:00-05:00,14800.0,15200.0,14600.0,15000.0,1,0.0,0.0
2013-02-11 00:00:00-05:00,14600.0,15200.0,14600.0,15200.0,1,0.0,0.0
2013-02-12 00:00:00-05:00,14600.0,14600.0,14600.0,14600.0,1,0.0,0.0
2013-02-13 00:00:00-05:00,12000.0,12000.0,9200.0,10000.0,22,0.0,0.0
2013-02-14 00:00:00-05:00,10000.0,10200.0,10000.0,10000.0,19,0.0,0.0
2013-02-15 00:00:00-05:00,10000.0,10000.0,10000.0,10000.0,14,0.0,0.0
2013-02-19 00:00:00-05:00,10000.0,10000.0,9800.0,10000.0,11,0.0,0.0
2013-02-20 00:00:00-05:00,10000.0,10000.0,9800.0,9800.0,5,0.0,0.0
2013-02-21 00:00:00-05:00,9400.0,9800.0,9400.0,9400.0,1,0.0,0.0
2013-02-22 00:00:00-05:00,9400.0,9800.0,9400.0,9800.0,2,0.0,0.0
2013-02-25 00:00:00-05:00,9800.0,9800.0,9600.0,9800.0,2,0.0,0.0
2013-02-26 00:00:00-05:00,9800.0,9800.0,9800.0,9800.0,0,0.0,0.0
2013-02-27 00:00:00-05:00,9800.0,9800.0,9600.0,9800.0,1,0.0,0.0
2013-02-28 00:00:00-05:00,9800.0,9800.0,9800.0,9800.0,0,0.0,0.0
2013-03-01 00:00:00-05:00,9600.0,9600.0,9600.0,9600.0,1,0.0,0.0
2013-03-04 00:00:00-05:00,9800.0,9800.0,9800.0,9800.0,0,0.0,0.0
2013-03-05 00:00:00-05:00,9800.0,9800.0,9600.0,9600.0,2,0.0,0.0
2013-03-06 00:00:00-05:00,9600.0,9600.0,9600.0,9600.0,1,0.0,0.0
2013-03-07 00:00:00-05:00,9600.0,9600.0,9600.0,9600.0,2,0.0,0.0
2013-03-08 00:00:00-05:00,9400.0,9600.0,9400.0,9600.0,2,0.0,0.0
2013-03-11 00:00:00-04:00,10000.0,10000.0,9400.0,9400.0,4,0.0,0.0
2013-03-12 00:00:00-04:00,9600.0,9600.0,9600.0,9600.0,0,0.0,0.0
2013-03-13 00:00:00-04:00,9600.0,9600.0,9600.0,9600.0,0,0.0,0.0
2013-03-14 00:00:00-04:00,9600.0,9600.0,9600.0,9600.0,3,0.0,0.0
2013-03-15 00:00:00-04:00,9600.0,9600.0,9600.0,9600.0,1,0.0,0.0
2013-03-18 00:00:00-04:00,9600.0,9600.0,9600.0,9600.0,1,0.0,0.0
2013-03-19 00:00:00-04:00,9600.0,9600.0,9600.0,9600.0,1,0.0,0.0
2013-03-20 00:00:00-04:00,9600.0,9600.0,9600.0,9600.0,0,0.0,0.0
2013-03-21 00:00:00-04:00,9600.0,9600.0,9600.0,9600.0,1,0.0,0.0
2013-03-22 00:00:00-04:00,9400.0,9600.0,9400.0,9600.0,1,0.0,0.0
2013-03-25 00:00:00-04:00,9600.0,9600.0,9600.0,9600.0,0,0.0,0.0
2013-03-26 00:00:00-04:00,9600.0,9600.0,9600.0,9600.0,0,0.0,0.0
2013-03-27 00:00:00-04:00,9600.0,9600.0,9400.0,9400.0,1,0.0,0.0
2013-03-28 00:00:00-04:00,9400.0,9400.0,9200.0,9200.0,2,0.0,0.0
2013-04-01 00:00:00-04:00,9400.0,9400.0,9400.0,9400.0,4,0.0,0.0
2013-04-02 00:00:00-04:00,9400.0,9400.0,9200.0,9400.0,1,0.0,0.0
2013-04-03 00:00:00-04:00,9400.0,9400.0,9000.0,9200.0,2,0.0,0.0
2013-04-04 00:00:00-04:00,9000.0,9000.0,9000.0,9000.0,0,0.0,0.0
2013-04-05 00:00:00-04:00,9000.0,9200.0,9000.0,9200.0,1,0.0,0.0
2013-04-08 00:00:00-04:00,7200.0,9000.0,7200.0,7200.0,5,0.0,0.0
2013-04-09 00:00:00-04:00,7200.0,8800.0,7200.0,8000.0,0,0.0,0.0
2013-04-10 00:00:00-04:00,8000.0,9000.0,8000.0,8800.0,2,0.0,0.0
2013-04-11 00:00:00-04:00,8800.0,8800.0,8200.0,8200.0,0,0.0,0.0
2013-04-12 00:00:00-04:00,7800.0,8800.0,7800.0,8800.0,1,0.0,0.0
2013-04-15 00:00:00-04:00,8800.0,8800.0,8000.0,8000.0,0,0.0,0.0
2013-04-16 00:00:00-04:00,8000.0,8000.0,8000.0,8000.0,0,0.0,0.0
2013-04-17 00:00:00-04:00,8000.0,9000.0,8000.0,9000.0,1,0.0,0.0
2013-04-18 00:00:00-04:00,9000.0,9000.0,9000.0,9000.0,0,0.0,0.0
2013-04-19 00:00:00-04:00,9000.0,9000.0,9000.0,9000.0,0,0.0,0.0
2013-04-22 00:00:00-04:00,9000.0,9000.0,9000.0,9000.0,0,0.0,0.0
2013-04-23 00:00:00-04:00,9000.0,9000.0,8400.0,8800.0,0,0.0,0.0
2013-04-24 00:00:00-04:00,8800.0,8800.0,8000.0,8000.0,1,0.0,0.0
2013-04-25 00:00:00-04:00,7400.0,8000.0,7400.0,7800.0,8,0.0,0.0
2013-04-26 00:00:00-04:00,8000.0,8600.0,8000.0,8600.0,0,0.0,0.0
2013-04-29 00:00:00-04:00,8400.0,8600.0,8400.0,8600.0,2,0.0,0.0
2013-04-30 00:00:00-04:00,8600.0,8600.0,8600.0,8600.0,0,0.0,0.0
2013-05-01 00:00:00-04:00,8200.0,8600.0,8200.0,8600.0,0,0.0,0.0
2013-05-02 00:00:00-04:00,8800.0,8800.0,8800.0,8800.0,0,0.0,0.0
2013-05-03 00:00:00-04:00,8800.0,8800.0,8800.0,8800.0,2,0.0,0.0
2013-05-06 00:00:00-04:00,8800.0,8800.0,8000.0,8000.0,1,0.0,0.0
2013-05-07 00:00:00-04:00,8800.0,9000.0,8400.0,8800.0,3,0.0,0.0
2013-05-08 00:00:00-04:00,8800.0,9000.0,8200.0,8200.0,3,0.0,0.0
2013-05-09 00:00:00-04:00,9000.0,9000.0,8200.0,8200.0,0,0.0,0.0
2013-05-10 00:00:00-04:00,8800.0,8800.0,8800.0,8800.0,0,0.0,0.0
2013-05-13 00:00:00-04:00,8800.0,8800.0,8200.0,8800.0,0,0.0,0.0
2013-05-14 00:00:00-04:00,8800.0,9200.0,8800.0,9200.0,6,0.0,0.0
2013-05-15 00:00:00-04:00,9000.0,9000.0,8800.0,9000.0,3,0.0,0.0
2013-05-16 00:00:00-04:00,9000.0,9000.0,8800.0,9000.0,2,0.0,0.0
2013-05-17 00:00:00-04:00,8800.0,9400.0,8800.0,9000.0,2,0.0,0.0
2013-05-20 00:00:00-04:00,8800.0,8800.0,8800.0,8800.0,1,0.0,0.0
2013-05-21 00:00:00-04:00,8800.0,9000.0,8800.0,9000.0,0,0.0,0.0
2013-05-22 00:00:00-04:00,9000.0,9000.0,8800.0,8800.0,1,0.0,0.0
2013-05-23 00:00:00-04:00,8800.0,9000.0,8800.0,9000.0,3,0.0,0.0
2013-05-24 00:00:00-04:00,8800.0,8800.0,7800.0,8200.0,1,0.0,0.0
2013-05-28 00:00:00-04:00,8800.0,8800.0,8200.0,8400.0,1,0.0,0.0
2013-05-29 00:00:00-04:00,8800.0,8800.0,8800.0,8800.0,3,0.0,0.0
2013-05-30 00:00:00-04:00,9000.0,9000.0,7800.0,8600.0,2,0.0,0.0
2013-05-31 00:00:00-04:00,8600.0,8800.0,8600.0,8800.0,1,0.0,0.0
2013-06-03 00:00:00-04:00,8400.0,9000.0,8400.0,8800.0,1,0.0,0.0
2013-06-04 00:00:00-04:00,8800.0,8800.0,8400.0,8800.0,3,0.0,0.0
2013-06-05 00:00:00-04:00,8800.0,8800.0,8800.0,8800.0,2,0.0,0.0
2013-06-06 00:00:00-04:00,8800.0,8800.0,8800.0,8800.0,0,0.0,0.0
2013-06-07 00:00:00-04:00,8800.0,8800.0,8800.0,8800.0,2,0.0,0.0
2013-06-10 00:00:00-04:00,8800.0,8800.0,8800.0,8800.0,0,0.0,0.0
2013-06-11 00:00:00-04:00,8800.0,8800.0,8800.0,8800.0,1,0.0,0.0
2013-06-12 00:00:00-04:00,8800.0,8800.0,8800.0,8800.0,1,0.0,0.0
2013-06-13 00:00:00-04:00,9000.0,9000.0,8800.0,9000.0,1,0.0,0.0
2013-06-14 00:00:00-04:00,9000.0,9000.0,8800.0,9000.0,3,0.0,0.0
2013-06-17 00:00:00-04:00,9000.0,9000.0,8800.0,8800.0,1,0.0,0.0
2013-06-18 00:00:00-04:00,8800.0,8800.0,8800.0,8800.0,0,0.0,0.0
2013-06-19 00:00:00-04:00,9000.0,9000.0,9000.0,9000.0,3,0.0,0.0
2013-06-20 00:00:00-04:00,8800.0,8800.0,8800.0,8800.0,0,0.0,0.0
2013-06-21 00:00:00-04:00,8800.0,8800.0,8800.0,8800.0,0,0.0,0.0
2013-06-24 00:00:00-04:00,8800.0,9000.0,8800.0,9000.0,1,0.0,0.0
2013-06-25 00:00:00-04:00,9000.0,9200.0,9000.0,9200.0,2,0.0,0.0
2013-06-26 00:00:00-04:00,9200.0,9200.0,9200.0,9200.0,0,0.0,0.0
2013-06-27 00:00:00-04:00,9200.0,9200.0,8800.0,8800.0,0,0.0,0.0
2013-06-28 00:00:00-04:00,9200.0,9200.0,9200.0,9200.0,1,0.0,0.0
2013-07-01 00:00:00-04:00,9400.0,9400.0,9400.0,9400.0,0,0.0,0.0
2013-07-02 00:00:00-04:00,8800.0,8800.0,8800.0,8800.0,0,0.0,0.0
2013-07-03 00:00:00-04:00,9200.0,9200.0,8800.0,8800.0,0,0.0,0.0
2013-07-05 00:00:00-04:00,9200.0,9200.0,9200.0,9200.0,0,0.0,0.0
2013-07-08 00:00:00-04:00,9000.0,9200.0,9000.0,9200.0,3,0.0,0.0
2013-07-09 00:00:00-04:00,9200.0,9200.0,9000.0,9000.0,0,0.0,0.0
2013-07-10 00:00:00-04:00,9000.0,9000.0,9000.0,9000.0,0,0.0,0.0
2013-07-11 00:00:00-04:00,8800.0,8800.0,8800.0,8800.0,0,0.0,0.0
2013-07-12 00:00:00-04:00,8800.0,9000.0,8800.0,9000.0,1,0.0,0.0
2013-07-15 00:00:00-04:00,9200.0,9200.0,8000.0,8000.0,1,0.0,0.0
2013-07-16 00:00:00-04:00,8800.0,9200.0,8800.0,8800.0,3,0.0,0.0
2013-07-17 00:00:00-04:00,8800.0,8800.0,8800.0,8800.0,0,0.0,0.0
2013-07-18 00:00:00-04:00,8400.0,8800.0,8400.0,8800.0,0,0.0,0.0
2013-07-19 00:00:00-04:00,8800.0,9000.0,8800.0,8800.0,1,0.0,0.0
2013-07-22 00:00:00-04:00,8400.0,8600.0,8400.0,8600.0,0,0.0,0.0
2013-07-23 00:00:00-04:00,7800.0,8800.0,7800.0,8200.0,2,0.0,0.0
2013-07-24 00:00:00-04:00,8200.0,9000.0,8200.0,9000.0,2,0.0,0.0
2013-07-25 00:00:00-04:00,9000.0,9000.0,8400.0,8400.0,0,0.0,0.0
2013-07-26 00:00:00-04:00,8400.0,8400.0,8400.0,8400.0,1,0.0,0.0
2013-07-29 00:00:00-04:00,8800.0,8800.0,8000.0,8200.0,2,0.0,0.0
2013-07-30 00:00:00-04:00,8200.0,8400.0,8000.0,8000.0,1,0.0,0.0
2013-07-31 00:00:00-04:00,8400.0,8400.0,8400.0,8400.0,1,0.0,0.0
2013-08-01 00:00:00-04:00,8400.0,8600.0,8400.0,8600.0,0,0.0,0.0
2013-08-02 00:00:00-04:00,8600.0,8600.0,8600.0,8600.0,0,0.0,0.0
2013-08-05 00:00:00-04:00,8600.0,8600.0,8600.0,8600.0,1,0.0,0.0
2013-08-06 00:00:00-04:00,8600.0,8600.0,8600.0,8600.0,0,0.0,0.0
2013-08-07 00:00:00-04:00,8600.0,8600.0,8600.0,8600.0,0,0.0,0.0
2013-08-08 00:00:00-04:00,8000.0,8200.0,8000.0,8200.0,1,0.0,0.0
2013-08-09 00:00:00-04:00,8600.0,8600.0,8600.0,8600.0,0,0.0,0.0
2013-08-12 00:00:00-04:00,7800.0,7800.0,7800.0,7800.0,0,0.0,0.0
2013-08-13 00:00:00-04:00,8600.0,8600.0,8600.0,8600.0,0,0.0,0.0
2013-08-14 00:00:00-04:00,8600.0,8600.0,8600.0,8600.0,0,0.0,0.0
2013-08-15 00:00:00-04:00,8600.0,8800.0,8600.0,8800.0,1,0.0,0.0
2013-08-16 00:00:00-04:00,9000.0,9000.0,9000.0,9000.0,1,0.0,0.0
2013-08-19 00:00:00-04:00,9000.0,9000.0,9000.0,9000.0,0,0.0,0.0
2013-08-20 00:00:00-04:00,9000.0,9000.0,9000.0,9000.0,0,0.0,0.0
2013-08-21 00:00:00-04:00,8600.0,9000.0,7600.0,8000.0,4,0.0,0.0
2013-08-22 00:00:00-04:00,8400.0,8400.0,8400.0,8400.0,0,0.0,0.0
2013-08-23 00:00:00-04:00,8800.0,8800.0,8800.0,8800.0,0,0.0,0.0
2013-08-26 00:00:00-04:00,8800.0,8800.0,8000.0,8400.0,1,0.0,0.0
2013-08-27 00:00:00-04:00,8000.0,8000.0,8000.0,8000.0,0,0.0,0.0
2013-08-28 00:00:00-04:00,8000.0,8000.0,8000.0,8000.0,0,0.0,0.0
2013-08-29 00:00:00-04:00,8400.0,8400.0,8400.0,8400.0,0,0.0,0.0
2013-08-30 00:00:00-04:00,8000.0,8200.0,8000.0,8200.0,1,0.0,0.0
2013-09-03 00:00:00-04:00,8000.0,8200.0,8000.0,8200.0,0,0.0,0.0
2013-09-04 00:00:00-04:00,8200.0,8200.0,8200.0,8200.0,0,0.0,0.0
2013-09-05 00:00:00-04:00,8200.0,8400.0,8200.0,8400.0,1,0.0,0.0
2013-09-06 00:00:00-04:00,8000.0,8000.0,8000.0,8000.0,0,0.0,0.0
2013-09-09 00:00:00-04:00,8000.0,8000.0,8000.0,8000.0,0,0.0,0.0
2013-09-10 00:00:00-04:00,7000.0,7000.0,6400.0,7000.0,1,0.0,0.0
2013-09-11 00:00:00-04:00,7600.0,8000.0,6600.0,8000.0,1,0.0,0.0
2013-09-12 00:00:00-04:00,8000.0,8000.0,8000.0,8000.0,0,0.0,0.0
2013-09-13 00:00:00-04:00,8000.0,8000.0,8000.0,8000.0,0,0.0,0.0
2013-09-16 00:00:00-04:00,8000.0,8000.0,7000.0,7000.0,1,0.0,0.0
2013-09-17 00:00:00-04:00,7400.0,7400.0,7400.0,7400.0,0,0.0,0.0
2013-09-18 00:00:00-04:00,7800.0,7800.0,7800.0,7800.0,1,0.0,0.0
2013-09-19 00:00:00-04:00,7800.0,7800.0,7800.0,7800.0,0,0.0,0.0
2013-09-20 00:00:00-04:00,7200.0,8000.0,7200.0,8000.0,2,0.0,0.0
2013-09-23 00:00:00-04:00,8000.0,8000.0,7400.0,7600.0,0,0.0,0.0
2013-09-24 00:00:00-04:00,7600.0,7600.0,7600.0,7600.0,0,0.0,0.0
2013-09-25 00:00:00-04:00,7600.0,7600.0,7600.0,7600.0,0,0.0,0.0
2013-09-26 00:00:00-04:00,6400.0,7200.0,6400.0,6400.0,1,0.0,0.0
2013-09-27 00:00:00-04:00,6400.0,7200.0,6400.0,6400.0,1,0.0,0.0
2013-09-30 00:00:00-04:00,6400.0,7400.0,6400.0,7200.0,3,0.0,0.0
2013-10-01 00:00:00-04:00,7200.0,7200.0,7200.0,7200.0,0,0.0,0.0
2013-10-02 00:00:00-04:00,7200.0,7200.0,7200.0,7200.0,1,0.0,0.0
2013-10-03 00:00:00-04:00,7200.0,7200.0,7200.0,7200.0,0,0.0,0.0
2013-10-04 00:00:00-04:00,7200.0,7200.0,6400.0,6600.0,0,0.0,0.0
2013-10-07 00:00:00-04:00,6600.0,6600.0,6000.0,6400.0,8,0.0,0.0
2013-10-08 00:00:00-04:00,6000.0,6400.0,6000.0,6400.0,1,0.0,0.0
2013-10-09 00:00:00-04:00,6400.0,7600.0,6400.0,7200.0,5,0.0,0.0
2013-10-10 00:00:00-04:00,7200.0,7400.0,7200.0,7400.0,0,0.0,0.0
2013-10-11 00:00:00-04:00,7400.0,7600.0,7200.0,7600.0,5,0.0,0.0
2013-10-14 00:00:00-04:00,7200.0,7600.0,7200.0,7600.0,1,0.0,0.0
2013-10-15 00:00:00-04:00,7200.0,7600.0,7200.0,7600.0,0,0.0,0.0
2013-10-16 00:00:00-04:00,7600.0,7600.0,7600.0,7600.0,0,0.0,0.0
2013-10-17 00:00:00-04:00,7600.0,7600.0,7600.0,7600.0,1,0.0,0.0
2013-10-18 00:00:00-04:00,7800.0,8000.0,7800.0,8000.0,6,0.0,0.0
2013-10-21 00:00:00-04:00,8000.0,8200.0,7800.0,8000.0,2,0.0,0.0
2013-10-22 00:00:00-04:00,7600.0,7600.0,7600.0,7600.0,0,0.0,0.0
2013-10-23 00:00:00-04:00,8000.0,8000.0,7800.0,8000.0,1,0.0,0.0
2013-10-24 00:00:00-04:00,8000.0,8200.0,8000.0,8000.0,3,0.0,0.0
2013-10-25 00:00:00-04:00,8200.0,8200.0,7600.0,7600.0,1,0.0,0.0
2013-10-28 00:00:00-04:00,7600.0,8000.0,7600.0,8000.0,1,0.0,0.0
2013-10-29 00:00:00-04:00,8000.0,8000.0,8000.0,8000.0,0,0.0,0.0
2013-10-30 00:00:00-04:00,8000.0,8000.0,7800.0,8000.0,0,0.0,0.0
2013-10-31 00:00:00-04:00,8200.0,8200.0,8000.0,8200.0,0,0.0,0.0
2013-11-01 00:00:00-04:00,8200.0,8200.0,8000.0,8000.0,1,0.0,0.0
2013-11-04 00:00:00-05:00,8000.0,8000.0,8000.0,8000.0,0,0.0,0.0
2013-11-05 00:00:00-05:00,7800.0,8000.0,7800.0,7800.0,3,0.0,0.0
2013-11-06 00:00:00-05:00,7800.0,7800.0,7800.0,7800.0,3,0.0,0.0
2013-11-07 00:00:00-05:00,7800.0,7800.0,7800.0,7800.0,0,0.0,0.0
2013-11-08 00:00:00-05:00,7600.0,7800.0,6800.0,7200.0,9,0.0,0.0
2013-11-11 00:00:00-05:00,6000.0,7200.0,6000.0,7200.0,2,0.0,0.0
2013-11-12 00:00:00-05:00,7000.0,7000.0,6000.0,6000.0,3,0.0,0.0
2013-11-13 00:00:00-05:00,7800.0,7800.0,5000.0,6200.0,2,0.0,0.0
2013-11-14 00:00:00-05:00,6200.0,6800.0,6200.0,6400.0,2,0.0,0.0
2013-11-15 00:00:00-05:00,7000.0,7200.0,6800.0,7000.0,12,0.0,0.0
2013-11-18 00:00:00-05:00,7000.0,7200.0,6400.0,6400.0,3,0.0,0.0
2013-11-19 00:00:00-05:00,7000.0,7000.0,6800.0,6800.0,3,0.0,0.0
2013-11-20 00:00:00-05:00,6800.0,6800.0,6800.0,6800.0,1,0.0,0.0
2013-11-21 00:00:00-05:00,6800.0,6800.0,6400.0,6400.0,2,0.0,0.0
2013-11-22 00:00:00-05:00,6600.0,6600.0,6600.0,6600.0,0,0.0,0.0
2013-11-25 00:00:00-05:00,6800.0,6800.0,6600.0,6600.0,1,0.0,0.0
2013-11-26 00:00:00-05:00,6600.0,6800.0,6600.0,6800.0,1,0.0,0.0
2013-11-27 00:00:00-05:00,6800.0,7800.0,6800.0,7800.0,9,0.0,0.0
2013-11-29 00:00:00-05:00,7200.0,7800.0,7200.0,7800.0,4,0.0,0.0
2013-12-02 00:00:00-05:00,7600.0,7800.0,7200.0,7800.0,3,0.0,0.0
2013-12-03 00:00:00-05:00,7800.0,8000.0,7600.0,8000.0,2,0.0,0.0
2013-12-04 00:00:00-05:00,8000.0,8200.0,7600.0,7600.0,4,0.0,0.0
2013-12-05 00:00:00-05:00,7800.0,8000.0,7800.0,8000.0,1,0.0,0.0
2013-12-06 00:00:00-05:00,8000.0,8000.0,8000.0,8000.0,1,0.0,0.0
2013-12-09 00:00:00-05:00,8000.0,8000.0,7800.0,7800.0,5,0.0,0.0
2013-12-10 00:00:00-05:00,7600.0,7800.0,6800.0,7200.0,1,0.0,0.0
2013-12-11 00:00:00-05:00,7200.0,7200.0,7200.0,7200.0,0,0.0,0.0
2013-12-12 00:00:00-05:00,7200.0,8000.0,7200.0,7400.0,0,0.0,0.0
2013-12-13 00:00:00-05:00,7400.0,7400.0,7400.0,7400.0,0,0.0,0.0
2013-12-16 00:00:00-05:00,7400.0,7400.0,7400.0,7400.0,0,0.0,0.0
2013-12-17 00:00:00-05:00,7200.0,7800.0,7200.0,7800.0,0,0.0,0.0
2013-12-18 00:00:00-05:00,8000.0,8000.0,8000.0,8000.0,0,0.0,0.0
2013-12-19 00:00:00-05:00,7800.0,7800.0,7800.0,7800.0,0,0.0,0.0
2013-12-20 00:00:00-05:00,7200.0,7800.0,7200.0,7800.0,0,0.0,0.0
2013-12-23 00:00:00-05:00,7200.0,7600.0,7200.0,7400.0,2,0.0,0.0
2013-12-24 00:00:00-05:00,7000.0,7200.0,7000.0,7200.0,1,0.0,0.0
2013-12-26 00:00:00-05:00,7200.0,7200.0,7200.0,7200.0,0,0.0,0.0
2013-12-27 00:00:00-05:00,7200.0,7200.0,7000.0,7000.0,2,0.0,0.0
2013-12-30 00:00:00-05:00,7200.0,7200.0,7000.0,7000.0,0,0.0,0.0
2013-12-31 00:00:00-05:00,7000.0,7400.0,6800.0,7400.0,9,0.0,0.0
2014-01-02 00:00:00-05:00,7600.0,7600.0,7600.0,7600.0,1,0.0,0.0
2014-01-03 00:00:00-05:00,7200.0,7200.0,7200.0,7200.0,0,0.0,0.0
2014-01-06 00:00:00-05:00,7400.0,7400.0,7400.0,7400.0,0,0.0,0.0
2014-01-07 00:00:00-05:00,7600.0,7800.0,7600.0,7600.0,2,0.0,0.0
2014-01-08 00:00:00-05:00,7400.0,7400.0,7400.0,7400.0,0,0.0,0.0
2014-01-09 00:00:00-05:00,7600.0,8000.0,7600.0,8000.0,8,0.0,0.0
2014-01-10 00:00:00-05:00,8000.0,8000.0,8000.0,8000.0,1,0.0,0.0
2014-01-13 00:00:00-05:00,8000.0,8000.0,8000.0,8000.0,1,0.0,0.0
2014-01-14 00:00:00-05:00,8000.0,8000.0,8000.0,8000.0,0,0.0,0.0
2014-01-15 00:00:00-05:00,8000.0,8000.0,8000.0,8000.0,0,0.0,0.0
2014-01-16 00:00:00-05:00,8000.0,8000.0,7400.0,7400.0,0,0.0,0.0
2014-01-17 00:00:00-05:00,7400.0,8000.0,7400.0,8000.0,0,0.0,0.0
2014-01-21 00:00:00-05:00,8000.0,8000.0,8000.0,8000.0,1,0.0,0.0
2014-01-22 00:00:00-05:00,8000.0,8000.0,8000.0,8000.0,0,0.0,0.0
2014-01-23 00:00:00-05:00,7800.0,7800.0,7600.0,7600.0,0,0.0,0.0
2014-01-24 00:00:00-05:00,7600.0,7600.0,7400.0,7400.0,2,0.0,0.0
2014-01-27 00:00:00-05:00,7600.0,8000.0,7600.0,8000.0,1,0.0,0.0
2014-01-28 00:00:00-05:00,8000.0,8000.0,8000.0,8000.0,1,0.0,0.0
2014-01-29 00:00:00-05:00,7800.0,8000.0,7800.0,8000.0,0,0.0,0.0
2014-01-30 00:00:00-05:00,8000.0,8000.0,7600.0,7600.0,1,0.0,0.0
2014-01-31 00:00:00-05:00,7600.0,7600.0,7000.0,7000.0,1,0.0,0.0
2014-02-03 00:00:00-05:00,7400.0,7600.0,7400.0,7600.0,0,0.0,0.0
2014-02-04 00:00:00-05:00,7600.0,7800.0,7600.0,7800.0,0,0.0,0.0
2014-02-05 00:00:00-05:00,7800.0,8000.0,7200.0,7400.0,5,0.0,0.0
2014-02-06 00:00:00-05:00,7800.0,8000.0,7800.0,8000.0,5,0.0,0.0
2014-02-07 00:00:00-05:00,8000.0,8000.0,8000.0,8000.0,2,0.0,0.0
2014-02-10 00:00:00-05:00,8000.0,8000.0,7800.0,8000.0,1,0.0,0.0
2014-02-11 00:00:00-05:00,8000.0,8000.0,8000.0,8000.0,2,0.0,0.0
2014-02-12 00:00:00-05:00,8000.0,9000.0,8000.0,8000.0,2,0.0,0.0
2014-02-13 00:00:00-05:00,8000.0,8400.0,8000.0,8400.0,0,0.0,0.0
2014-02-14 00:00:00-05:00,8400.0,8400.0,8200.0,8400.0,2,0.0,0.0
2014-02-18 00:00:00-05:00,8800.0,8800.0,8200.0,8400.0,2,0.0,0.0
2014-02-19 00:00:00-05:00,8200.0,8400.0,8200.0,8400.0,0,0.0,0.0
2014-02-20 00:00:00-05:00,8000.0,8400.0,8000.0,8400.0,0,0.0,0.0
2014-02-21 00:00:00-05:00,8400.0,8400.0,8400.0,8400.0,0,0.0,0.0
2014-02-24 00:00:00-05:00,8400.0,8400.0,8200.0,8400.0,1,0.0,0.0
2014-02-25 00:00:00-05:00,8400.0,8400.0,8400.0,8400.0,0,0.0,0.0
2014-02-26 00:00:00-05:00,8400.0,8400.0,8000.0,8400.0,1,0.0,0.0
2014-02-27 00:00:00-05:00,8400.0,8400.0,8400.0,8400.0,0,0.0,0.0
2014-02-28 00:00:00-05:00,7800.0,8400.0,7800.0,7800.0,0,0.0,0.0
2014-03-03 00:00:00-05:00,7800.0,8000.0,7800.0,7800.0,1,0.0,0.0
2014-03-04 00:00:00-05:00,8400.0,8400.0,7800.0,8400.0,5,0.0,0.0
2014-03-05 00:00:00-05:00,8400.0,8400.0,8400.0,8400.0,1,0.0,0.0
2014-03-06 00:00:00-05:00,8400.0,8400.0,8200.0,8400.0,1,0.0,0.0
2014-03-07 00:00:00-05:00,8000.0,8800.0,8000.0,8400.0,1,0.0,0.0
2014-03-10 00:00:00-04:00,8400.0,8400.0,8400.0,8400.0,0,0.0,0.0
2014-03-11 00:00:00-04:00,8000.0,8400.0,7800.0,8400.0,1,0.0,0.0
2014-03-12 00:00:00-04:00,7800.0,8400.0,7800.0,7800.0,1,0.0,0.0
2014-03-13 00:00:00-04:00,8000.0,8000.0,8000.0,8000.0,0,0.0,0.0
2014-03-14 00:00:00-04:00,7800.0,8000.0,7800.0,8000.0,1,0.0,0.0
2014-03-17 00:00:00-04:00,8000.0,8000.0,7800.0,7800.0,1,0.0,0.0
2014-03-18 00:00:00-04:00,8000.0,8000.0,7800.0,7800.0,1,0.0,0.0
2014-03-19 00:00:00-04:00,7800.0,7800.0,7800.0,7800.0,0,0.0,0.0
2014-03-20 00:00:00-04:00,8000.0,8000.0,8000.0,8000.0,0,0.0,0.0
2014-03-21 00:00:00-04:00,8000.0,8000.0,7800.0,8000.0,4,0.0,0.0
2014-03-24 00:00:00-04:00,8000.0,8000.0,7800.0,7800.0,0,0.0,0.0
2014-03-25 00:00:00-04:00,8000.0,8000.0,8000.0,8000.0,1,0.0,0.0
2014-03-26 00:00:00-04:00,8000.0,8000.0,7800.0,7800.0,2,0.0,0.0
2014-03-27 00:00:00-04:00,7800.0,8000.0,7800.0,8000.0,5,0.0,0.0
2014-03-28 00:00:00-04:00,8000.0,8000.0,7800.0,8000.0,7,0.0,0.0
2014-03-31 00:00:00-04:00,8000.0,8000.0,7800.0,7800.0,0,0.0,0.0
2014-04-01 00:00:00-04:00,8000.0,8000.0,8000.0,8000.0,0,0.0,0.0
2014-04-02 00:00:00-04:00,8000.0,8000.0,8000.0,8000.0,0,0.0,0.0
2014-04-03 00:00:00-04:00,7800.0,7800.0,7800.0,7800.0,2,0.0,0.0
2014-04-04 00:00:00-04:00,8000.0,8000.0,8000.0,8000.0,1,0.0,0.0
2014-04-07 00:00:00-04:00,7800.0,7800.0,7800.0,7800.0,0,0.0,0.0
2014-04-08 00:00:00-04:00,7800.0,7800.0,7800.0,7800.0,0,0.0,0.0
2014-04-09 00:00:00-04:00,7800.0,7800.0,7800.0,7800.0,0,0.0,0.0
2014-04-10 00:00:00-04:00,7800.0,7800.0,7600.0,7600.0,4,0.0,0.0
2014-04-11 00:00:00-04:00,7400.0,7400.0,6000.0,7400.0,12,0.0,0.0
2014-04-14 00:00:00-04:00,8000.0,8000.0,7000.0,7400.0,1,0.0,0.0
2014-04-15 00:00:00-04:00,7400.0,7400.0,6400.0,6800.0,0,0.0,0.0
2014-04-16 00:00:00-04:00,6600.0,6600.0,6600.0,6600.0,0,0.0,0.0
2014-04-17 00:00:00-04:00,6600.0,7000.0,6600.0,7000.0,0,0.0,0.0
2014-04-21 00:00:00-04:00,7200.0,7200.0,7000.0,7000.0,0,0.0,0.0
2014-04-22 00:00:00-04:00,7000.0,7200.0,7000.0,7200.0,1,0.0,0.0
2014-04-23 00:00:00-04:00,7200.0,7200.0,7200.0,7200.0,0,0.0,0.0
2014-04-24 00:00:00-04:00,7200.0,7200.0,7200.0,7200.0,0,0.0,0.0
2014-04-25 00:00:00-04:00,7200.0,7200.0,7200.0,7200.0,0,0.0,0.0
2014-04-28 00:00:00-04:00,7600.0,7600.0,7600.0,7600.0,1,0.0,0.0
2014-04-29 00:00:00-04:00,7400.0,7600.0,7400.0,7600.0,1,0.0,0.0
2014-04-30 00:00:00-04:00,6800.0,7600.0,6800.0,7200.0,1,0.0,0.0
2014-05-01 00:00:00-04:00,7000.0,7000.0,7000.0,7000.0,0,0.0,0.0
2014-05-02 00:00:00-04:00,7600.0,9200.0,7200.0,7600.0,9,0.0,0.0
2014-05-05 00:00:00-04:00,7200.0,8000.0,7200.0,8000.0,1,0.0,0.0
2014-05-06 00:00:00-04:00,7600.0,7600.0,7600.0,7600.0,0,0.0,0.0
2014-05-07 00:00:00-04:00,7200.0,7200.0,7200.0,7200.0,1,0.0,0.0
2014-05-08 00:00:00-04:00,7000.0,7000.0,7000.0,7000.0,0,0.0,0.0
2014-05-09 00:00:00-04:00,7600.0,7600.0,7200.0,7200.0,1,0.0,0.0
2014-05-12 00:00:00-04:00,7600.0,7600.0,6600.0,6600.0,7,0.0,0.0
2014-05-13 00:00:00-04:00,7400.0,7400.0,7400.0,7400.0,1,0.0,0.0
2014-05-14 00:00:00-04:00,7400.0,7400.0,6400.0,6600.0,2,0.0,0.0
2014-05-15 00:00:00-04:00,7200.0,7200.0,7200.0,7200.0,0,0.0,0.0
2014-05-16 00:00:00-04:00,6800.0,7600.0,6800.0,7600.0,0,0.0,0.0
2014-05-19 00:00:00-04:00,7600.0,7600.0,6600.0,6800.0,4,0.0,0.0
2014-05-20 00:00:00-04:00,6800.0,6800.0,6800.0,6800.0,0,0.0,0.0
2014-05-21 00:00:00-04:00,6800.0,6800.0,6800.0,6800.0,0,0.0,0.0
2014-05-22 00:00:00-04:00,7600.0,7600.0,6600.0,6600.0,0,0.0,0.0
2014-05-23 00:00:00-04:00,6600.0,6600.0,6600.0,6600.0,0,0.0,0.0
2014-05-27 00:00:00-04:00,7400.0,7400.0,7400.0,7400.0,0,0.0,0.0
2014-05-28 00:00:00-04:00,7400.0,7400.0,7400.0,7400.0,0,0.0,0.0
2014-05-29 00:00:00-04:00,6600.0,7200.0,6600.0,7200.0,0,0.0,0.0
2014-05-30 00:00:00-04:00,6800.0,7400.0,6600.0,7400.0,1,0.0,0.0
2014-06-02 00:00:00-04:00,7400.0,7400.0,7400.0,7400.0,0,0.0,0.0
2014-06-03 00:00:00-04:00,6000.0,7200.0,6000.0,7200.0,0,0.0,0.0
2014-06-04 00:00:00-04:00,7200.0,7200.0,7200.0,7200.0,0,0.0,0.0
2014-06-05 00:00:00-04:00,6600.0,7400.0,6600.0,7400.0,0,0.0,0.0
2014-06-06 00:00:00-04:00,7400.0,7400.0,7400.0,7400.0,0,0.0,0.0
2014-06-09 00:00:00-04:00,7400.0,7400.0,7400.0,7400.0,0,0.0,0.0
2014-06-10 00:00:00-04:00,7400.0,7400.0,7400.0,7400.0,0,0.0,0.0
2014-06-11 00:00:00-04:00,7400.0,7400.0,7400.0,7400.0,0,0.0,0.0
2014-06-12 00:00:00-04:00,7400.0,7400.0,7000.0,7000.0,1,0.0,0.0
2014-06-13 00:00:00-04:00,7600.0,7600.0,6800.0,6800.0,3,0.0,0.0
2014-06-16 00:00:00-04:00,6720.0,7020.0,6710.0,7020.0,1,0.0,0.05
2014-06-17 00:00:00-04:00,6990.0,7000.0,6990.0,7000.0,0,0.0,0.0
2014-06-18 00:00:00-04:00,6470.0,6970.0,6470.0,6600.0,1,0.0,0.0
2014-06-19 00:00:00-04:00,6600.0,6600.0,6250.0,6250.0,0,0.0,0.0
2014-06-20 00:00:00-04:00,6290.0,6290.0,6290.0,6290.0,1,0.0,0.0
2014-06-23 00:00:00-04:00,6300.0,6780.0,6300.0,6780.0,1,0.0,0.0
2014-06-24 00:00:00-04:00,6790.0,7600.0,6790.0,7550.0,2,0.0,0.0
2014-06-25 00:00:00-04:00,7500.0,7500.0,7500.0,7500.0,6,0.0,0.0
2014-06-26 00:00:00-04:00,7500.0,7500.0,7500.0,7500.0,0,0.0,0.0
2014-06-27 00:00:00-04:00,6410.0,6600.0,6410.0,6410.0,3,0.0,0.0
2014-06-30 00:00:00-04:00,6400.0,6400.0,6310.0,6390.0,1,0.0,0.0
2014-07-01 00:00:00-04:00,6400.0,6890.0,6400.0,6890.0,1,0.0,0.0
2014-07-02 00:00:00-04:00,6750.0,6800.0,6270.0,6700.0,11,0.0,0.0
2014-07-03 00:00:00-04:00,6280.0,6750.0,6260.0,6750.0,1,0.0,0.0
2014-07-07 00:00:00-04:00,6520.0,6520.0,6510.0,6510.0,2,0.0,0.0
2014-07-08 00:00:00-04:00,6510.0,7200.0,6420.0,6440.0,3,0.0,0.0
2014-07-09 00:00:00-04:00,6490.0,6490.0,6430.0,6430.0,0,0.0,0.0
2014-07-10 00:00:00-04:00,6420.0,6420.0,6250.0,6250.0,3,0.0,0.0
2014-07-11 00:00:00-04:00,6500.0,6700.0,6500.0,6700.0,1,0.0,0.0
2014-07-14 00:00:00-04:00,6270.0,6740.0,6270.0,6740.0,2,0.0,0.0
2014-07-15 00:00:00-04:00,6740.0,6740.0,6740.0,6740.0,0,0.0,0.0
2014-07-16 00:00:00-04:00,6740.0,6740.0,6740.0,6740.0,0,0.0,0.0
2014-07-17 00:00:00-04:00,6700.0,6700.0,6700.0,6700.0,1,0.0,0.0
2014-07-18 00:00:00-04:00,6700.0,6700.0,6310.0,6310.0,4,0.0,0.0
2014-07-21 00:00:00-04:00,6500.0,6500.0,6500.0,6500.0,0,0.0,0.0
2014-07-22 00:00:00-04:00,6700.0,6700.0,6700.0,6700.0,0,0.0,0.0
2014-07-23 00:00:00-04:00,6600.0,6700.0,6500.0,6700.0,2,0.0,0.0
2014-07-24 00:00:00-04:00,6600.0,6600.0,6600.0,6600.0,0,0.0,0.0
2014-07-25 00:00:00-04:00,6700.0,6700.0,6470.0,6470.0,0,0.0,0.0
2014-07-28 00:00:00-04:00,6700.0,6700.0,6700.0,6700.0,0,0.0,0.0
2014-07-29 00:00:00-04:00,6700.0,6700.0,6700.0,6700.0,1,0.0,0.0
2014-07-30 00:00:00-04:00,6600.0,7000.0,6600.0,7000.0,5,0.0,0.0
2014-07-31 00:00:00-04:00,7000.0,7000.0,7000.0,7000.0,1,0.0,0.0
2014-08-01 00:00:00-04:00,7000.0,7000.0,7000.0,7000.0,0,0.0,0.0
2014-08-04 00:00:00-04:00,6640.0,6640.0,6150.0,6150.0,7,0.0,0.0
2014-08-05 00:00:00-04:00,6000.0,6000.0,5500.0,5500.0,1,0.0,0.0
2014-08-06 00:00:00-04:00,5800.0,5800.0,4250.0,4250.0,4,0.0,0.0
2014-08-07 00:00:00-04:00,4900.0,5000.0,4900.0,5000.0,4,0.0,0.0
2014-08-08 00:00:00-04:00,4900.0,4900.0,4900.0,4900.0,0,0.0,0.0
2014-08-11 00:00:00-04:00,4300.0,4900.0,4100.0,4900.0,2,0.0,0.0
2014-08-12 00:00:00-04:00,4900.0,4900.0,4900.0,4900.0,0,0.0,0.0
2014-08-13 00:00:00-04:00,4800.0,4800.0,3020.0,4000.0,7,0.0,0.0
2014-08-14 00:00:00-04:00,3980.0,3980.0,3750.0,3750.0,2,0.0,0.0
2014-08-15 00:00:00-04:00,3050.0,3500.0,3050.0,3200.0,187,0.0,0.0
2014-08-18 00:00:00-04:00,3200.0,3390.0,3000.0,3080.0,131,0.0,0.0
2014-08-19 00:00:00-04:00,3230.0,3230.0,3000.0,3130.0,183,0.0,0.0
2014-08-20 00:00:00-04:00,3230.0,3300.0,3000.0,3090.0,95,0.0,0.0
2014-08-21 00:00:00-04:00,3160.0,3300.0,3000.0,3000.0,34,0.0,0.0
2014-08-22 00:00:00-04:00,3100.0,3100.0,3000.0,3050.0,29,0.0,0.0
2014-08-25 00:00:00-04:00,3240.0,3350.0,3100.0,3160.0,67,0.0,0.0
2014-08-26 00:00:00-04:00,3160.0,3230.0,3160.0,3220.0,7,0.0,0.0
2014-08-27 00:00:00-04:00,3350.0,3350.0,3150.0,3200.0,25,0.0,0.0
2014-08-28 00:00:00-04:00,3290.0,3350.0,3170.0,3250.0,50,0.0,0.0
2014-08-29 00:00:00-04:00,3250.0,3350.0,3170.0,3170.0,26,0.0,0.0
2014-09-02 00:00:00-04:00,3210.0,3350.0,3050.0,3130.0,21,0.0,0.0
2014-09-03 00:00:00-04:00,3290.0,3290.0,3090.0,3140.0,8,0.0,0.0
2014-09-04 00:00:00-04:00,3250.0,3250.0,3010.0,3030.0,40,0.0,0.0
2014-09-05 00:00:00-04:00,3080.0,3120.0,3010.0,3040.0,15,0.0,0.0
2014-09-08 00:00:00-04:00,3230.0,3240.0,3000.0,3040.0,38,0.0,0.0
2014-09-09 00:00:00-04:00,3040.0,3040.0,2950.0,3010.0,7,0.0,0.0
2014-09-10 00:00:00-04:00,3020.0,3130.0,2990.0,3000.0,23,0.0,0.0
2014-09-11 00:00:00-04:00,3010.0,3280.0,2950.0,2950.0,21,0.0,0.0
2014-09-12 00:00:00-04:00,2950.0,3090.0,2950.0,2970.0,12,0.0,0.0
2014-09-15 00:00:00-04:00,2980.0,3070.0,2960.0,2970.0,27,0.0,0.0
2014-09-16 00:00:00-04:00,2960.0,3070.0,2610.0,2710.0,33,0.0,0.0
2014-09-17 00:00:00-04:00,2650.0,2810.0,2650.0,2730.0,5,0.0,0.0
2014-09-18 00:00:00-04:00,2760.0,2760.0,2600.0,2610.0,7,0.0,0.0
2014-09-19 00:00:00-04:00,2590.0,2740.0,2500.0,2640.0,46,0.0,0.0
2014-09-22 00:00:00-04:00,2590.0,2650.0,2550.0,2570.0,9,0.0,0.0
2014-09-23 00:00:00-04:00,2590.0,2630.0,2460.0,2460.0,18,0.0,0.0
2014-09-24 00:00:00-04:00,2390.0,2450.0,2210.0,2280.0,13,0.0,0.0
2014-09-25 00:00:00-04:00,2230.0,2360.0,2090.0,2360.0,1,0.0,0.0
2014-09-26 00:00:00-04:00,2190.0,2480.0,2190.0,2380.0,15,0.0,0.0
2014-09-29 00:00:00-04:00,2230.0,2350.0,2190.0,2250.0,2,0.0,0.0
2014-09-30 00:00:00-04:00,2370.0,2370.0,2190.0,2220.0,9,0.0,0.0
2014-10-01 00:00:00-04:00,2260.0,2350.0,2250.0,2250.0,10,0.0,0.0
2014-10-02 00:00:00-04:00,2300.0,2310.0,2190.0,2220.0,14,0.0,0.0
2014-10-03 00:00:00-04:00,2200.0,2320.0,2030.0,2110.0,26,0.0,0.0
2014-10-06 00:00:00-04:00,2250.0,2250.0,2040.0,2110.0,3,0.0,0.0
2014-10-07 00:00:00-04:00,2250.0,2250.0,2040.0,2120.0,13,0.0,0.0
2014-10-08 00:00:00-04:00,2100.0,2220.0,2090.0,2160.0,5,0.0,0.0
2014-10-09 00:00:00-04:00,2120.0,2150.0,2050.0,2090.0,15,0.0,0.0
2014-10-10 00:00:00-04:00,2030.0,2130.0,2030.0,2130.0,3,0.0,0.0
2014-10-13 00:00:00-04:00,2020.0,2100.0,2000.0,2000.0,8,0.0,0.0
2014-10-14 00:00:00-04:00,2010.0,2080.0,1990.0,2080.0,5,0.0,0.0
2014-10-15 00:00:00-04:00,1990.0,2050.0,1990.0,2000.0,4,0.0,0.0
2014-10-16 00:00:00-04:00,2020.0,2040.0,2020.0,2040.0,2,0.0,0.0
2014-10-17 00:00:00-04:00,1990.0,2100.0,1990.0,1990.0,44,0.0,0.0
2014-10-20 00:00:00-04:00,2000.0,2030.0,1760.0,1990.0,6,0.0,0.0
2014-10-21 00:00:00-04:00,1990.0,2030.0,1830.0,2020.0,3,0.0,0.0
2014-10-22 00:00:00-04:00,1990.0,2070.0,1840.0,1990.0,62,0.0,0.0
2014-10-23 00:00:00-04:00,2280.0,2380.0,2040.0,2110.0,96,0.0,0.0
2014-10-24 00:00:00-04:00,2080.0,2290.0,2080.0,2250.0,9,0.0,0.0
2014-10-27 00:00:00-04:00,2400.0,2400.0,2150.0,2160.0,24,0.0,0.0
2014-10-28 00:00:00-04:00,2150.0,2250.0,2100.0,2160.0,9,0.0,0.0
2014-10-29 00:00:00-04:00,2180.0,2200.0,1900.0,2140.0,42,0.0,0.0
2014-10-30 00:00:00-04:00,2360.0,2370.0,2180.0,2180.0,16,0.0,0.0
2014-10-31 00:00:00-04:00,2190.0,2690.0,2100.0,2290.0,46,0.0,0.0
2014-11-03 00:00:00-05:00,2330.0,2500.0,2110.0,2110.0,34,0.0,0.0
2014-11-04 00:00:00-05:00,2120.0,2470.0,2120.0,2460.0,19,0.0,0.0
2014-11-05 00:00:00-05:00,2500.0,2780.0,2480.0,2640.0,15,0.0,0.0
2014-11-06 00:00:00-05:00,2710.0,2710.0,2540.0,2600.0,10,0.0,0.0
2014-11-07 00:00:00-05:00,2630.0,2670.0,2630.0,2660.0,4,0.0,0.0
2014-11-10 00:00:00-05:00,2660.0,2660.0,2380.0,2620.0,6,0.0,0.0
2014-11-11 00:00:00-05:00,2710.0,2750.0,2640.0,2640.0,11,0.0,0.0
2014-11-12 00:00:00-05:00,2720.0,3010.0,2720.0,2920.0,63,0.0,0.0
2014-11-13 00:00:00-05:00,2900.0,2980.0,2870.0,2910.0,13,0.0,0.0
2014-11-14 00:00:00-05:00,2900.0,2940.0,2580.0,2730.0,27,0.0,0.0
2014-11-17 00:00:00-05:00,2700.0,2920.0,2700.0,2810.0,4,0.0,0.0
2014-11-18 00:00:00-05:00,2800.0,2800.0,2700.0,2700.0,2,0.0,0.0
2014-11-19 00:00:00-05:00,2800.0,2800.0,2460.0,2640.0,21,0.0,0.0
2014-11-20 00:00:00-05:00,2660.0,2660.0,2350.0,2450.0,40,0.0,0.0
2014-11-21 00:00:00-05:00,2440.0,2440.0,2300.0,2430.0,21,0.0,0.0
2014-11-24 00:00:00-05:00,2390.0,2750.0,2360.0,2690.0,20,0.0,0.0
2014-11-25 00:00:00-05:00,2680.0,2680.0,2530.0,2560.0,9,0.0,0.0
2014-11-26 00:00:00-05:00,2590.0,2590.0,2580.0,2580.0,1,0.0,0.0
2014-11-28 00:00:00-05:00,2550.0,2550.0,2500.0,2500.0,1,0.0,0.0
2014-12-01 00:00:00-05:00,2500.0,2630.0,2500.0,2550.0,1,0.0,0.0
2014-12-02 00:00:00-05:00,2630.0,2750.0,2520.0,2520.0,2,0.0,0.0
2014-12-03 00:00:00-05:00,2550.0,2600.0,2310.0,2380.0,13,0.0,0.0
2014-12-04 00:00:00-05:00,2390.0,2990.0,2390.0,2710.0,35,0.0,0.0
2014-12-05 00:00:00-05:00,2800.0,2850.0,2560.0,2740.0,93,0.0,0.0
2014-12-08 00:00:00-05:00,2790.0,2910.0,2700.0,2850.0,24,0.0,0.0
2014-12-09 00:00:00-05:00,2870.0,2900.0,2800.0,2880.0,16,0.0,0.0
2014-12-10 00:00:00-05:00,2910.0,3090.0,2870.0,2940.0,34,0.0,0.0
2014-12-11 00:00:00-05:00,2970.0,3130.0,2970.0,3000.0,28,0.0,0.0
2014-12-12 00:00:00-05:00,3080.0,3090.0,2940.0,3090.0,14,0.0,0.0
2014-12-15 00:00:00-05:00,3060.0,3220.0,3060.0,3210.0,42,0.0,0.0
2014-12-16 00:00:00-05:00,3200.0,3300.0,3170.0,3280.0,35,0.0,0.0
2014-12-17 00:00:00-05:00,3300.0,3500.0,3230.0,3400.0,52,0.0,0.0
2014-12-18 00:00:00-05:00,3500.0,3500.0,3300.0,3500.0,38,0.0,0.0
2014-12-19 00:00:00-05:00,3530.0,3700.0,3060.0,3100.0,118,0.0,0.0
2014-12-22 00:00:00-05:00,3570.0,3570.0,3120.0,3150.0,22,0.0,0.0
2014-12-23 00:00:00-05:00,3200.0,3200.0,3020.0,3070.0,13,0.0,0.0
2014-12-24 00:00:00-05:00,3100.0,3100.0,3010.0,3020.0,2,0.0,0.0
2014-12-26 00:00:00-05:00,3040.0,3200.0,3000.0,3170.0,10,0.0,0.0
2014-12-29 00:00:00-05:00,3160.0,3410.0,3100.0,3210.0,38,0.0,0.0
2014-12-30 00:00:00-05:00,3360.0,3360.0,3120.0,3250.0,24,0.0,0.0
2014-12-31 00:00:00-05:00,3280.0,3280.0,3080.0,3090.0,16,0.0,0.0
2015-01-02 00:00:00-05:00,3060.0,3180.0,3060.0,3060.0,4,0.0,0.0
2015-01-05 00:00:00-05:00,3120.0,3120.0,3060.0,3090.0,5,0.0,0.0
2015-01-06 00:00:00-05:00,3090.0,3090.0,3060.0,3060.0,5,0.0,0.0
2015-01-07 00:00:00-05:00,3090.0,3180.0,3050.0,3090.0,4,0.0,0.0
2015-01-08 00:00:00-05:00,3250.0,3250.0,3060.0,3090.0,6,0.0,0.0
2015-01-09 00:00:00-05:00,3020.0,3200.0,3010.0,3060.0,27,0.0,0.0
2015-01-12 00:00:00-05:00,3020.0,3120.0,2530.0,2830.0,83,0.0,0.0
2015-01-13 00:00:00-05:00,3000.0,3000.0,2770.0,2770.0,8,0.0,0.0
2015-01-14 00:00:00-05:00,2800.0,2970.0,2770.0,2790.0,6,0.0,0.0
2015-01-15 00:00:00-05:00,2770.0,2780.0,2620.0,2680.0,8,0.0,0.0
2015-01-16 00:00:00-05:00,2680.0,2730.0,2580.0,2720.0,20,0.0,0.0
2015-01-20 00:00:00-05:00,2800.0,2800.0,2720.0,2790.0,7,0.0,0.0
2015-01-21 00:00:00-05:00,2730.0,2730.0,2480.0,2650.0,9,0.0,0.0
2015-01-22 00:00:00-05:00,2650.0,2650.0,2510.0,2600.0,13,0.0,0.0
2015-01-23 00:00:00-05:00,2600.0,2600.0,2510.0,2510.0,6,0.0,0.0
2015-01-26 00:00:00-05:00,2510.0,2510.0,2380.0,2400.0,60,0.0,0.0
2015-01-27 00:00:00-05:00,2530.0,2530.0,2400.0,2450.0,8,0.0,0.0
2015-01-28 00:00:00-05:00,2440.0,2450.0,2380.0,2420.0,2,0.0,0.0
2015-01-29 00:00:00-05:00,2410.0,2450.0,2410.0,2450.0,6,0.0,0.0
2015-01-30 00:00:00-05:00,2410.0,2540.0,2410.0,2410.0,7,0.0,0.0
2015-02-02 00:00:00-05:00,2420.0,2420.0,2410.0,2410.0,2,0.0,0.0
2015-02-03 00:00:00-05:00,2410.0,2450.0,2410.0,2420.0,5,0.0,0.0
2015-02-04 00:00:00-05:00,2460.0,2480.0,2420.0,2440.0,3,0.0,0.0
2015-02-05 00:00:00-05:00,2440.0,2440.0,2420.0,2420.0,9,0.0,0.0
2015-02-06 00:00:00-05:00,2420.0,2440.0,2420.0,2440.0,10,0.0,0.0
2015-02-09 00:00:00-05:00,2450.0,2450.0,2280.0,2320.0,14,0.0,0.0
2015-02-10 00:00:00-05:00,2320.0,2320.0,2150.0,2150.0,78,0.0,0.0
2015-02-11 00:00:00-05:00,2200.0,2240.0,2170.0,2170.0,1,0.0,0.0
2015-02-12 00:00:00-05:00,2150.0,2220.0,2150.0,2170.0,0,0.0,0.0
2015-02-13 00:00:00-05:00,2150.0,2540.0,2150.0,2450.0,34,0.0,0.0
2015-02-17 00:00:00-05:00,2600.0,2600.0,2420.0,2520.0,6,0.0,0.0
2015-02-18 00:00:00-05:00,2600.0,2630.0,2560.0,2630.0,13,0.0,0.0
2015-02-19 00:00:00-05:00,2730.0,2910.0,2680.0,2860.0,17,0.0,0.0
2015-02-20 00:00:00-05:00,2920.0,3000.0,2840.0,2860.0,6,0.0,0.0
2015-02-23 00:00:00-05:00,2900.0,2910.0,2780.0,2780.0,3,0.0,0.0
2015-02-24 00:00:00-05:00,2660.0,2850.0,2660.0,2810.0,19,0.0,0.0
2015-02-25 00:00:00-05:00,2810.0,2880.0,2680.0,2700.0,10,0.0,0.0
2015-02-26 00:00:00-05:00,2730.0,2730.0,2660.0,2690.0,3,0.0,0.0
2015-02-27 00:00:00-05:00,2660.0,2830.0,2640.0,2830.0,5,0.0,0.0
2015-03-02 00:00:00-05:00,2690.0,2910.0,2660.0,2720.0,6,0.0,0.0
2015-03-03 00:00:00-05:00,2650.0,2650.0,2550.0,2610.0,16,0.0,0.0
2015-03-04 00:00:00-05:00,2570.0,2590.0,2350.0,2570.0,32,0.0,0.0
2015-03-05 00:00:00-05:00,2530.0,2590.0,2510.0,2510.0,6,0.0,0.0
2015-03-06 00:00:00-05:00,2560.0,2620.0,2500.0,2590.0,3,0.0,0.0
2015-03-09 00:00:00-04:00,2600.0,2600.0,2530.0,2550.0,2,0.0,0.0
2015-03-10 00:00:00-04:00,2530.0,2650.0,2450.0,2450.0,12,0.0,0.0
2015-03-11 00:00:00-04:00,2500.0,2610.0,2500.0,2530.0,10,0.0,0.0
2015-03-12 00:00:00-04:00,2660.0,2690.0,2450.0,2630.0,13,0.0,0.0
2015-03-13 00:00:00-04:00,2600.0,2600.0,2570.0,2570.0,3,0.0,0.0
2015-03-16 00:00:00-04:00,2580.0,2610.0,2580.0,2580.0,0,0.0,0.0
2015-03-17 00:00:00-04:00,2620.0,2690.0,2620.0,2690.0,2,0.0,0.0
2015-03-18 00:00:00-04:00,2720.0,2720.0,2580.0,2690.0,4,0.0,0.0
2015-03-19 00:00:00-04:00,2760.0,2800.0,2720.0,2750.0,4,0.0,0.0
2015-03-20 00:00:00-04:00,2790.0,2850.0,2760.0,2760.0,9,0.0,0.0
2015-03-23 00:00:00-04:00,2780.0,2800.0,2690.0,2770.0,6,0.0,0.0
2015-03-24 00:00:00-04:00,2790.0,2940.0,2690.0,2740.0,19,0.0,0.0
2015-03-25 00:00:00-04:00,2910.0,3190.0,2840.0,3010.0,37,0.0,0.0
2015-03-26 00:00:00-04:00,3000.0,3290.0,2950.0,3150.0,70,0.0,0.0
2015-03-27 00:00:00-04:00,3170.0,3270.0,2990.0,3170.0,10,0.0,0.0
2015-03-30 00:00:00-04:00,3180.0,3240.0,3020.0,3050.0,13,0.0,0.0
2015-03-31 00:00:00-04:00,3050.0,3180.0,3050.0,3110.0,29,0.0,0.0
2015-04-01 00:00:00-04:00,3150.0,3150.0,3040.0,3080.0,11,0.0,0.0
2015-04-02 00:00:00-04:00,3010.0,3150.0,2960.0,3010.0,13,0.0,0.0
2015-04-06 00:00:00-04:00,2840.0,3040.0,2560.0,3040.0,12,0.0,0.0
2015-04-07 00:00:00-04:00,3040.0,3040.0,2920.0,2980.0,16,0.0,0.0
2015-04-08 00:00:00-04:00,2900.0,3040.0,2900.0,2960.0,10,0.0,0.0
2015-04-09 00:00:00-04:00,3000.0,3010.0,3000.0,3000.0,7,0.0,0.0
2015-04-10 00:00:00-04:00,2900.0,3080.0,2900.0,3080.0,12,0.0,0.0
2015-04-13 00:00:00-04:00,3150.0,3150.0,3010.0,3110.0,13,0.0,0.0
2015-04-14 00:00:00-04:00,3130.0,3170.0,3050.0,3150.0,15,0.0,0.0
2015-04-15 00:00:00-04:00,3300.0,3300.0,3200.0,3280.0,18,0.0,0.0
2015-04-16 00:00:00-04:00,3300.0,3470.0,3220.0,3370.0,24,0.0,0.0
2015-04-17 00:00:00-04:00,3490.0,3490.0,3280.0,3340.0,12,0.0,0.0
2015-04-20 00:00:00-04:00,3490.0,3490.0,3070.0,3200.0,19,0.0,0.0
2015-04-21 00:00:00-04:00,3100.0,3210.0,3100.0,3200.0,7,0.0,0.0
2015-04-22 00:00:00-04:00,3200.0,3250.0,3200.0,3200.0,10,0.0,0.0
2015-04-23 00:00:00-04:00,3130.0,3130.0,3010.0,3110.0,12,0.0,0.0
2015-04-24 00:00:00-04:00,3080.0,3200.0,3080.0,3130.0,9,0.0,0.0
2015-04-27 00:00:00-04:00,3140.0,3140.0,2770.0,3000.0,9,0.0,0.0
2015-04-28 00:00:00-04:00,3110.0,3130.0,3060.0,3110.0,3,0.0,0.0
2015-04-29 00:00:00-04:00,3120.0,3130.0,3090.0,3110.0,4,0.0,0.0
2015-04-30 00:00:00-04:00,3110.0,3120.0,2720.0,2970.0,29,0.0,0.0
2015-05-01 00:00:00-04:00,2580.0,3040.0,2580.0,3010.0,8,0.0,0.0
2015-05-04 00:00:00-04:00,2950.0,3110.0,2950.0,3050.0,12,0.0,0.0
2015-05-05 00:00:00-04:00,2900.0,3060.0,2900.0,3040.0,7,0.0,0.0
2015-05-06 00:00:00-04:00,2970.0,3000.0,2920.0,2950.0,4,0.0,0.0
2015-05-07 00:00:00-04:00,2930.0,2990.0,2920.0,2950.0,12,0.0,0.0
2015-05-08 00:00:00-04:00,2880.0,2940.0,2880.0,2920.0,5,0.0,0.0
2015-05-11 00:00:00-04:00,2800.0,2800.0,2720.0,2760.0,10,0.0,0.0
2015-05-12 00:00:00-04:00,2680.0,2810.0,2600.0,2650.0,30,0.0,0.0
2015-05-13 00:00:00-04:00,2660.0,2800.0,2500.0,2560.0,47,0.0,0.0
2015-05-14 00:00:00-04:00,2890.0,2900.0,2660.0,2660.0,6,0.0,0.0
2015-05-15 00:00:00-04:00,2640.0,2840.0,2600.0,2740.0,16,0.0,0.0
2015-05-18 00:00:00-04:00,2750.0,2800.0,2730.0,2800.0,5,0.0,0.0
2015-05-19 00:00:00-04:00,2830.0,2920.0,2810.0,2810.0,12,0.0,0.0
2015-05-20 00:00:00-04:00,2820.0,2820.0,2590.0,2590.0,6,0.0,0.0
2015-05-21 00:00:00-04:00,2650.0,2830.0,2600.0,2710.0,10,0.0,0.0
2015-05-22 00:00:00-04:00,2700.0,2760.0,2650.0,2680.0,20,0.0,0.0
2015-05-26 00:00:00-04:00,2740.0,2800.0,2740.0,2750.0,4,0.0,0.0
2015-05-27 00:00:00-04:00,2780.0,2880.0,2770.0,2850.0,7,0.0,0.0
2015-05-28 00:00:00-04:00,2890.0,2900.0,2840.0,2840.0,2,0.0,0.0
2015-05-29 00:00:00-04:00,2860.0,2900.0,2860.0,2860.0,3,0.0,0.0
2015-06-01 00:00:00-04:00,2860.0,2860.0,2860.0,2860.0,2,0.0,0.0
2015-06-02 00:00:00-04:00,2870.0,2880.0,2860.0,2880.0,6,0.0,0.0
2015-06-03 00:00:00-04:00,2870.0,2870.0,2830.0,2830.0,0,0.0,0.0
2015-06-04 00:00:00-04:00,2750.0,2760.0,2740.0,2760.0,8,0.0,0.0
2015-06-05 00:00:00-04:00,2760.0,2760.0,2720.0,2720.0,1,0.0,0.0
2015-06-08 00:00:00-04:00,2720.0,2720.0,2640.0,2640.0,2,0.0,0.0
2015-06-09 00:00:00-04:00,2640.0,2640.0,2640.0,2640.0,0,0.0,0.0
2015-06-10 00:00:00-04:00,2710.0,2710.0,2690.0,2700.0,1,0.0,0.0
2015-06-11 00:00:00-04:00,2700.0,2700.0,2600.0,2600.0,2,0.0,0.0
2015-06-12 00:00:00-04:00,2620.0,2670.0,2620.0,2670.0,1,0.0,0.0
2015-06-15 00:00:00-04:00,2730.0,2760.0,2600.0,2640.0,4,0.0,0.0
2015-06-16 00:00:00-04:00,2800.0,3300.0,2670.0,2960.0,114,0.0,0.0
2015-06-17 00:00:00-04:00,3000.0,3040.0,2930.0,2930.0,49,0.0,0.0
2015-06-18 00:00:00-04:00,2930.0,2930.0,2930.0,2930.0,0,0.0,0.0
2015-06-19 00:00:00-04:00,2930.0,3010.0,2910.0,3010.0,4,0.0,0.0
2015-06-22 00:00:00-04:00,3050.0,3050.0,2600.0,2810.0,27,0.0,0.0
2015-06-23 00:00:00-04:00,2870.0,2940.0,2850.0,2880.0,6,0.0,0.0
2015-06-24 00:00:00-04:00,3030.0,3170.0,2900.0,2900.0,45,0.0,0.0
2015-06-25 00:00:00-04:00,2850.0,2850.0,2630.0,2720.0,12,0.0,0.0
2015-06-26 00:00:00-04:00,3040.0,3040.0,2640.0,2930.0,17,0.0,0.0
2015-06-29 00:00:00-04:00,2810.0,2920.0,2800.0,2820.0,3,0.0,0.0
2015-06-30 00:00:00-04:00,2710.0,3050.0,2710.0,2880.0,9,0.0,0.0
2015-07-01 00:00:00-04:00,2960.0,2960.0,2710.0,2850.0,18,0.0,0.0
2015-07-02 00:00:00-04:00,2880.0,2900.0,2870.0,2880.0,3,0.0,0.0
2015-07-06 00:00:00-04:00,2910.0,2910.0,2850.0,2890.0,4,0.0,0.0
2015-07-07 00:00:00-04:00,2900.0,2950.0,2900.0,2950.0,1,0.0,0.0
2015-07-08 00:00:00-04:00,2960.0,3050.0,2960.0,3010.0,7,0.0,0.0
2015-07-09 00:00:00-04:00,3050.0,3200.0,3050.0,3130.0,16,0.0,0.0
2015-07-10 00:00:00-04:00,3140.0,3140.0,2990.0,3100.0,23,0.0,0.0
2015-07-13 00:00:00-04:00,3090.0,3140.0,3030.0,3130.0,13,0.0,0.0
2015-07-14 00:00:00-04:00,3130.0,3200.0,3130.0,3170.0,13,0.0,0.0
2015-07-15 00:00:00-04:00,3100.0,3140.0,3090.0,3110.0,2,0.0,0.0
2015-07-16 00:00:00-04:00,3140.0,3150.0,3050.0,3150.0,8,0.0,0.0
2015-07-17 00:00:00-04:00,3200.0,3300.0,3200.0,3220.0,29,0.0,0.0
2015-07-20 00:00:00-04:00,3370.0,3890.0,3300.0,3550.0,106,0.0,0.0
2015-07-21 00:00:00-04:00,3640.0,3650.0,3520.0,3550.0,36,0.0,0.0
2015-07-22 00:00:00-04:00,3430.0,3540.0,3220.0,3390.0,7,0.0,0.0
2015-07-23 00:00:00-04:00,3400.0,3490.0,3310.0,3310.0,15,0.0,0.0
2015-07-24 00:00:00-04:00,3200.0,3210.0,3190.0,3200.0,15,0.0,0.0
2015-07-27 00:00:00-04:00,3400.0,3400.0,3060.0,3060.0,8,0.0,0.0
2015-07-28 00:00:00-04:00,3040.0,3120.0,3030.0,3100.0,4,0.0,0.0
2015-07-29 00:00:00-04:00,3100.0,3100.0,3060.0,3060.0,2,0.0,0.0
2015-07-30 00:00:00-04:00,3080.0,3290.0,3080.0,3290.0,6,0.0,0.0
2015-07-31 00:00:00-04:00,3260.0,3360.0,3100.0,3100.0,8,0.0,0.0
2015-08-03 00:00:00-04:00,3090.0,3250.0,3090.0,3190.0,2,0.0,0.0
2015-08-04 00:00:00-04:00,3110.0,3280.0,3110.0,3280.0,1,0.0,0.0
2015-08-05 00:00:00-04:00,3110.0,3300.0,3110.0,3300.0,1,0.0,0.0
2015-08-06 00:00:00-04:00,3250.0,3290.0,3250.0,3290.0,0,0.0,0.0
2015-08-07 00:00:00-04:00,3150.0,3270.0,3150.0,3200.0,3,0.0,0.0
2015-08-10 00:00:00-04:00,3210.0,3350.0,3130.0,3190.0,18,0.0,0.0
2015-08-11 00:00:00-04:00,3110.0,3120.0,3070.0,3070.0,2,0.0,0.0
2015-08-12 00:00:00-04:00,3070.0,3150.0,3050.0,3050.0,3,0.0,0.0
2015-08-13 00:00:00-04:00,3000.0,3350.0,3000.0,3120.0,22,0.0,0.0
2015-08-14 00:00:00-04:00,3090.0,3120.0,3090.0,3110.0,3,0.0,0.0
2015-08-17 00:00:00-04:00,3100.0,3120.0,3040.0,3040.0,2,0.0,0.0
2015-08-18 00:00:00-04:00,3160.0,3200.0,3100.0,3120.0,12,0.0,0.0
2015-08-19 00:00:00-04:00,3110.0,3150.0,3100.0,3120.0,4,0.0,0.0
2015-08-20 00:00:00-04:00,3100.0,3100.0,3000.0,3000.0,4,0.0,0.0
2015-08-21 00:00:00-04:00,3010.0,3140.0,3000.0,3050.0,6,0.0,0.0
2015-08-24 00:00:00-04:00,3000.0,3150.0,3000.0,3150.0,7,0.0,0.0
2015-08-25 00:00:00-04:00,3060.0,3110.0,3060.0,3100.0,6,0.0,0.0
2015-08-26 00:00:00-04:00,3000.0,3140.0,3000.0,3130.0,4,0.0,0.0
2015-08-27 00:00:00-04:00,3090.0,3130.0,3090.0,3110.0,1,0.0,0.0
2015-08-28 00:00:00-04:00,3030.0,3200.0,3030.0,3070.0,4,0.0,0.0
2015-08-31 00:00:00-04:00,3070.0,3150.0,3070.0,3150.0,1,0.0,0.0
2015-09-01 00:00:00-04:00,3030.0,3090.0,3030.0,3090.0,4,0.0,0.0
2015-09-02 00:00:00-04:00,3060.0,3090.0,3010.0,3010.0,2,0.0,0.0
2015-09-03 00:00:00-04:00,3030.0,3030.0,2990.0,2990.0,5,0.0,0.0
2015-09-04 00:00:00-04:00,2840.0,3100.0,2840.0,3100.0,12,0.0,0.0
2015-09-08 00:00:00-04:00,3090.0,3150.0,3000.0,3100.0,3,0.0,0.0
2015-09-09 00:00:00-04:00,3120.0,3120.0,2900.0,2910.0,1,0.0,0.0
2015-09-10 00:00:00-04:00,3040.0,3150.0,3040.0,3100.0,24,0.0,0.0
2015-09-11 00:00:00-04:00,3080.0,3100.0,3010.0,3060.0,6,0.0,0.0
2015-09-14 00:00:00-04:00,3080.0,3080.0,3050.0,3050.0,0,0.0,0.0
2015-09-15 00:00:00-04:00,3040.0,3100.0,3030.0,3100.0,6,0.0,0.0
2015-09-16 00:00:00-04:00,3110.0,3120.0,3090.0,3100.0,3,0.0,0.0
2015-09-17 00:00:00-04:00,3000.0,3050.0,2800.0,2850.0,15,0.0,0.0
2015-09-18 00:00:00-04:00,2880.0,2900.0,2750.0,2830.0,107,0.0,0.0
2015-09-21 00:00:00-04:00,2760.0,2800.0,2760.0,2760.0,4,0.0,0.0
2015-09-22 00:00:00-04:00,2750.0,2750.0,2720.0,2720.0,9,0.0,0.0
2015-09-23 00:00:00-04:00,2720.0,2720.0,2720.0,2720.0,0,0.0,0.0
2015-09-24 00:00:00-04:00,2760.0,2780.0,2750.0,2780.0,1,0.0,0.0
2015-09-25 00:00:00-04:00,2770.0,2830.0,2740.0,2830.0,3,0.0,0.0
2015-09-28 00:00:00-04:00,2650.0,2650.0,2000.0,2190.0,57,0.0,0.0
2015-09-29 00:00:00-04:00,2150.0,2200.0,1800.0,1940.0,9,0.0,0.0
2015-09-30 00:00:00-04:00,2000.0,2000.0,1950.0,1970.0,10,0.0,0.0
2015-10-01 00:00:00-04:00,2060.0,2100.0,1800.0,1840.0,52,0.0,0.0
2015-10-02 00:00:00-04:00,1990.0,2000.0,1950.0,1980.0,13,0.0,0.0
2015-10-05 00:00:00-04:00,2100.0,2230.0,2020.0,2060.0,12,0.0,0.0
2015-10-06 00:00:00-04:00,2000.0,2000.0,1900.0,1900.0,12,0.0,0.0
2015-10-07 00:00:00-04:00,1970.0,2000.0,1940.0,1980.0,7,0.0,0.0
2015-10-08 00:00:00-04:00,2000.0,2020.0,1960.0,1980.0,11,0.0,0.0
2015-10-09 00:00:00-04:00,1960.0,2010.0,1880.0,2010.0,3,0.0,0.0
2015-10-12 00:00:00-04:00,2030.0,2050.0,1870.0,2050.0,1,0.0,0.0
2015-10-13 00:00:00-04:00,2050.0,2050.0,1910.0,2000.0,2,0.0,0.0
2015-10-14 00:00:00-04:00,1900.0,1950.0,1770.0,1840.0,14,0.0,0.0
2015-10-15 00:00:00-04:00,1920.0,1980.0,1850.0,1980.0,4,0.0,0.0
2015-10-16 00:00:00-04:00,1900.0,2010.0,1890.0,1990.0,11,0.0,0.0
2015-10-19 00:00:00-04:00,1990.0,1990.0,1900.0,1990.0,3,0.0,0.0
2015-10-20 00:00:00-04:00,1890.0,1930.0,1890.0,1890.0,2,0.0,0.0
2015-10-21 00:00:00-04:00,1890.0,1950.0,1890.0,1890.0,2,0.0,0.0
2015-10-22 00:00:00-04:00,1990.0,2000.0,1890.0,1890.0,13,0.0,0.0
2015-10-23 00:00:00-04:00,1890.0,2000.0,1890.0,2000.0,3,0.0,0.0
2015-10-26 00:00:00-04:00,1900.0,2000.0,1900.0,1900.0,3,0.0,0.0
2015-10-27 00:00:00-04:00,1900.0,1990.0,1900.0,1900.0,2,0.0,0.0
2015-10-28 00:00:00-04:00,1990.0,1990.0,1900.0,1900.0,2,0.0,0.0
2015-10-29 00:00:00-04:00,1900.0,1980.0,1900.0,1980.0,4,0.0,0.0
2015-10-30 00:00:00-04:00,1900.0,1900.0,1900.0,1900.0,3,0.0,0.0
2015-11-02 00:00:00-05:00,1940.0,1940.0,1900.0,1900.0,3,0.0,0.0
2015-11-03 00:00:00-05:00,1910.0,1970.0,1900.0,1900.0,3,0.0,0.0
2015-11-04 00:00:00-05:00,1900.0,1900.0,1770.0,1770.0,1,0.0,0.0
2015-11-05 00:00:00-05:00,1810.0,1810.0,1550.0,1620.0,13,0.0,0.0
2015-11-06 00:00:00-05:00,1580.0,1710.0,1580.0,1710.0,0,0.0,0.0
2015-11-09 00:00:00-05:00,1710.0,1770.0,1710.0,1710.0,2,0.0,0.0
2015-11-10 00:00:00-05:00,1780.0,1780.0,1780.0,1780.0,0,0.0,0.0
2015-11-11 00:00:00-05:00,1780.0,1780.0,1780.0,1780.0,0,0.0,0.0
2015-11-12 00:00:00-05:00,1800.0,1800.0,1540.0,1580.0,8,0.0,0.0
2015-11-13 00:00:00-05:00,1580.0,1600.0,1160.0,1330.0,18,0.0,0.0
2015-11-16 00:00:00-05:00,1380.0,1380.0,1060.0,1230.0,15,0.0,0.0
2015-11-17 00:00:00-05:00,1230.0,1230.0,1160.0,1160.0,2,0.0,0.0
2015-11-18 00:00:00-05:00,1150.0,1450.0,1150.0,1300.0,10,0.0,0.0
2015-11-19 00:00:00-05:00,1300.0,1590.0,1260.0,1260.0,13,0.0,0.0
2015-11-20 00:00:00-05:00,1250.0,1250.0,1100.0,1160.0,121,0.0,0.0
2015-11-23 00:00:00-05:00,1130.0,1370.0,1100.0,1220.0,307,0.0,0.0
2015-11-24 00:00:00-05:00,1130.0,1390.0,1130.0,1220.0,153,0.0,0.0
2015-11-25 00:00:00-05:00,1190.0,1220.0,1150.0,1180.0,68,0.0,0.0
2015-11-27 00:00:00-05:00,1370.0,1370.0,1120.0,1120.0,32,0.0,0.0
2015-11-30 00:00:00-05:00,1110.0,1200.0,1110.0,1130.0,49,0.0,0.0
2015-12-01 00:00:00-05:00,1120.0,1130.0,880.0,940.0,201,0.0,0.0
2015-12-02 00:00:00-05:00,940.0,970.0,900.0,900.0,27,0.0,0.0
2015-12-03 00:00:00-05:00,900.0,950.0,860.0,920.0,83,0.0,0.0
2015-12-04 00:00:00-05:00,860.0,1200.0,860.0,1080.0,313,0.0,0.0
2015-12-07 00:00:00-05:00,1010.0,1020.0,900.0,910.0,90,0.0,0.0
2015-12-08 00:00:00-05:00,930.0,960.0,870.0,870.0,53,0.0,0.0
2015-12-09 00:00:00-05:00,1000.0,1060.0,900.0,900.0,36,0.0,0.0
2015-12-10 00:00:00-05:00,1000.0,1020.0,850.0,850.0,41,0.0,0.0
2015-12-11 00:00:00-05:00,1060.0,1060.0,870.0,880.0,41,0.0,0.0
2015-12-14 00:00:00-05:00,880.0,970.0,880.0,920.0,89,0.0,0.0
2015-12-15 00:00:00-05:00,1010.0,1010.0,790.0,830.0,108,0.0,0.0
2015-12-16 00:00:00-05:00,900.0,950.0,830.0,880.0,158,0.0,0.0
2015-12-17 00:00:00-05:00,890.0,920.0,860.0,870.0,74,0.0,0.0
2015-12-18 00:00:00-05:00,870.0,990.0,870.0,930.0,88,0.0,0.0
2015-12-21 00:00:00-05:00,950.0,1000.0,870.0,870.0,80,0.0,0.0
2015-12-22 00:00:00-05:00,880.0,920.0,880.0,920.0,36,0.0,0.0
2015-12-23 00:00:00-05:00,900.0,930.0,900.0,910.0,22,0.0,0.0
2015-12-24 00:00:00-05:00,900.0,910.0,700.0,810.0,313,0.0,0.0
2015-12-28 00:00:00-05:00,810.0,820.0,650.0,700.0,348,0.0,0.0
2015-12-29 00:00:00-05:00,690.0,760.0,660.0,700.0,128,0.0,0.0
2015-12-30 00:00:00-05:00,700.0,710.0,670.0,690.0,134,0.0,0.0
2015-12-31 00:00:00-05:00,650.0,750.0,620.0,740.0,154,0.0,0.0
2016-01-04 00:00:00-05:00,750.0,780.0,710.0,730.0,138,0.0,0.0
2016-01-05 00:00:00-05:00,1040.0,1230.0,750.0,760.0,820,0.0,0.0
2016-01-06 00:00:00-05:00,710.0,750.0,680.0,710.0,86,0.0,0.0
2016-01-07 00:00:00-05:00,690.0,690.0,560.0,560.0,134,0.0,0.0
2016-01-08 00:00:00-05:00,650.0,700.0,520.0,640.0,98,0.0,0.0
2016-01-11 00:00:00-05:00,610.0,670.0,530.0,540.0,90,0.0,0.0
2016-01-12 00:00:00-05:00,530.0,550.0,530.0,550.0,22,0.0,0.0
2016-01-13 00:00:00-05:00,610.0,610.0,420.0,500.0,56,0.0,0.0
2016-01-14 00:00:00-05:00,430.0,510.0,430.0,500.0,58,0.0,0.0
2016-01-15 00:00:00-05:00,500.0,510.0,490.0,510.0,19,0.0,0.0
2016-01-19 00:00:00-05:00,440.0,490.0,440.0,480.0,8,0.0,0.0
2016-01-20 00:00:00-05:00,450.0,500.0,410.0,500.0,44,0.0,0.0
2016-01-21 00:00:00-05:00,590.0,590.0,460.0,520.0,19,0.0,0.0
2016-01-22 00:00:00-05:00,490.0,530.0,490.0,520.0,9,0.0,0.0
2016-01-25 00:00:00-05:00,510.0,550.0,480.0,500.0,20,0.0,0.0
2016-01-26 00:00:00-05:00,500.0,530.0,490.0,520.0,8,0.0,0.0
2016-01-27 00:00:00-05:00,510.0,520.0,490.0,520.0,20,0.0,0.0
2016-01-28 00:00:00-05:00,520.0,580.0,520.0,540.0,12,0.0,0.0
2016-01-29 00:00:00-05:00,540.0,560.0,540.0,550.0,24,0.0,0.0
2016-02-01 00:00:00-05:00,570.0,580.0,550.0,550.0,31,0.0,0.0
2016-02-02 00:00:00-05:00,570.0,700.0,550.0,650.0,234,0.0,0.0
2016-02-03 00:00:00-05:00,640.0,740.0,640.0,660.0,100,0.0,0.0
2016-02-04 00:00:00-05:00,700.0,740.0,640.0,670.0,32,0.0,0.0
2016-02-05 00:00:00-05:00,610.0,660.0,590.0,620.0,8,0.0,0.0
2016-02-08 00:00:00-05:00,590.0,640.0,570.0,580.0,8,0.0,0.0
2016-02-09 00:00:00-05:00,640.0,640.0,520.0,560.0,20,0.0,0.0
2016-02-10 00:00:00-05:00,640.0,640.0,580.0,580.0,28,0.0,0.0
2016-02-11 00:00:00-05:00,580.0,670.0,500.0,600.0,12,0.0,0.0
2016-02-12 00:00:00-05:00,630.0,630.0,570.0,580.0,14,0.0,0.0
2016-02-16 00:00:00-05:00,580.0,580.0,500.0,500.0,17,0.0,0.0
2016-02-17 00:00:00-05:00,560.0,560.0,540.0,540.0,6,0.0,0.0
2016-02-18 00:00:00-05:00,520.0,520.0,510.0,520.0,3,0.0,0.0
2016-02-19 00:00:00-05:00,530.0,570.0,520.0,530.0,4,0.0,0.0
2016-02-22 00:00:00-05:00,500.0,510.0,480.0,490.0,7,0.0,0.0
2016-02-23 00:00:00-05:00,520.0,520.0,430.0,430.0,15,0.0,0.0
2016-02-24 00:00:00-05:00,460.0,520.0,460.0,500.0,3,0.0,0.0
2016-02-25 00:00:00-05:00,530.0,530.0,470.0,490.0,4,0.0,0.0
2016-02-26 00:00:00-05:00,490.0,500.0,460.0,470.0,2,0.0,0.0
2016-02-29 00:00:00-05:00,470.0,500.0,470.0,500.0,6,0.0,0.0
2016-03-01 00:00:00-05:00,490.0,500.0,460.0,500.0,5,0.0,0.0
2016-03-02 00:00:00-05:00,490.0,500.0,480.0,490.0,8,0.0,0.0
2016-03-03 00:00:00-05:00,500.0,500.0,490.0,490.0,18,0.0,0.0
2016-03-04 00:00:00-05:00,500.0,500.0,430.0,440.0,28,0.0,0.0
2016-03-07 00:00:00-05:00,385.0,603.0,372.0,423.0,384,0.0,0.1
2016-03-08 00:00:00-05:00,475.0,490.0,430.0,463.0,110,0.0,0.0
2016-03-09 00:00:00-05:00,475.0,530.0,475.0,493.0,212,0.0,0.0
2016-03-10 00:00:00-05:00,505.0,526.0,475.0,495.0,97,0.0,0.0
2016-03-11 00:00:00-05:00,490.0,525.0,480.0,480.0,57,0.0,0.0
2016-03-14 00:00:00-04:00,505.0,525.0,481.0,508.0,49,0.0,0.0
2016-03-15 00:00:00-04:00,500.0,512.0,477.0,480.0,79,0.0,0.0
2016-03-16 00:00:00-04:00,492.0,511.0,482.0,490.0,47,0.0,0.0
2016-03-17 00:00:00-04:00,485.0,498.0,480.0,482.0,13,0.0,0.0
2016-03-18 00:00:00-04:00,496.0,496.0,447.0,494.0,25,0.0,0.0
2016-03-21 00:00:00-04:00,505.0,510.0,480.0,496.0,30,0.0,0.0
2016-03-22 00:00:00-04:00,483.0,483.0,394.0,431.0,58,0.0,0.0
2016-03-23 00:00:00-04:00,429.0,429.0,400.0,400.0,98,0.0,0.0
2016-03-24 00:00:00-04:00,407.0,415.0,380.0,396.0,19,0.0,0.0
2016-03-28 00:00:00-04:00,386.0,386.0,336.0,345.0,121,0.0,0.0
2016-03-29 00:00:00-04:00,343.0,377.0,339.0,352.0,52,0.0,0.0
2016-03-30 00:00:00-04:00,330.0,351.0,325.0,336.0,54,0.0,0.0
2016-03-31 00:00:00-04:00,348.0,357.0,331.0,342.0,95,0.0,0.0
2016-04-01 00:00:00-04:00,383.0,487.0,340.0,435.0,1845,0.0,0.0
2016-04-04 00:00:00-04:00,435.0,505.0,360.0,407.0,726,0.0,0.0
2016-04-05 00:00:00-04:00,412.0,430.0,347.0,354.0,685,0.0,0.0
2016-04-06 00:00:00-04:00,360.0,382.0,300.0,350.0,1044,0.0,0.0
2016-04-07 00:00:00-04:00,375.0,435.0,358.0,380.0,3190,0.0,0.0
2016-04-08 00:00:00-04:00,415.0,415.0,350.0,360.0,476,0.0,0.0
2016-04-11 00:00:00-04:00,366.0,399.0,350.0,377.0,2094,0.0,0.0
2016-04-12 00:00:00-04:00,388.0,444.0,368.0,372.0,1318,0.0,0.0
2016-04-13 00:00:00-04:00,378.0,400.0,355.0,370.0,345,0.0,0.0
2016-04-14 00:00:00-04:00,367.0,385.0,302.0,305.0,870,0.0,0.0
2016-04-15 00:00:00-04:00,213.0,213.0,207.0,210.0,6794,0.0,0.0
2016-04-18 00:00:00-04:00,212.0,225.0,210.0,213.0,1965,0.0,0.0
2016-04-19 00:00:00-04:00,211.0,212.0,205.0,209.0,1153,0.0,0.0
2016-04-20 00:00:00-04:00,208.0,210.0,182.0,205.0,1190,0.0,0.0
2016-04-21 00:00:00-04:00,207.0,208.0,185.0,189.0,1319,0.0,0.0
2016-04-22 00:00:00-04:00,195.0,195.0,182.0,186.0,1333,0.0,0.0
2016-04-25 00:00:00-04:00,185.0,207.0,182.0,194.0,7227,0.0,0.0
2016-04-26 00:00:00-04:00,197.0,197.0,176.0,186.0,1729,0.0,0.0
2016-04-27 00:00:00-04:00,184.0,186.0,175.0,175.0,702,0.0,0.0
2016-04-28 00:00:00-04:00,176.0,189.0,176.0,182.0,3047,0.0,0.0
2016-04-29 00:00:00-04:00,184.0,184.0,161.0,161.0,1707,0.0,0.0
2016-05-02 00:00:00-04:00,163.0,176.0,163.0,170.0,1657,0.0,0.0
2016-05-03 00:00:00-04:00,176.0,178.0,170.0,176.0,1201,0.0,0.0
2016-05-04 00:00:00-04:00,177.0,177.0,155.0,170.0,1187,0.0,0.0
2016-05-05 00:00:00-04:00,171.0,171.0,160.0,160.0,658,0.0,0.0
2016-05-06 00:00:00-04:00,156.0,164.0,150.0,153.0,1326,0.0,0.0
2016-05-09 00:00:00-04:00,155.0,157.0,142.0,146.0,715,0.0,0.0
2016-05-10 00:00:00-04:00,147.0,153.0,136.0,141.0,1094,0.0,0.0
2016-05-11 00:00:00-04:00,136.0,148.0,136.0,145.0,457,0.0,0.0
2016-05-12 00:00:00-04:00,149.0,157.0,136.0,148.0,2198,0.0,0.0
2016-05-13 00:00:00-04:00,155.0,155.0,138.0,138.0,2067,0.0,0.0
2016-05-16 00:00:00-04:00,139.0,147.0,135.0,139.0,797,0.0,0.0
2016-05-17 00:00:00-04:00,137.0,141.0,115.0,118.0,1602,0.0,0.0
2016-05-18 00:00:00-04:00,129.0,129.0,108.0,115.0,2527,0.0,0.0
2016-05-19 00:00:00-04:00,118.0,118.0,100.0,105.0,1471,0.0,0.0
2016-05-20 00:00:00-04:00,106.0,397.0,106.0,345.0,414823,0.0,0.0
2016-05-23 00:00:00-04:00,343.0,493.0,303.0,407.0,308052,0.0,0.0
2016-05-24 00:00:00-04:00,375.0,400.0,303.0,315.0,52250,0.0,0.0
2016-05-25 00:00:00-04:00,378.0,405.0,330.0,355.0,67523,0.0,0.0
2016-05-26 00:00:00-04:00,345.0,345.0,308.0,310.0,13129,0.0,0.0
2016-05-27 00:00:00-04:00,315.0,319.0,300.0,302.0,7597,0.0,0.0
2016-05-31 00:00:00-04:00,332.0,352.0,312.0,325.0,13317,0.0,0.0
2016-06-01 00:00:00-04:00,325.0,329.0,302.0,315.0,5051,0.0,0.0
2016-06-02 00:00:00-04:00,335.0,450.0,311.0,389.0,81386,0.0,0.0
2016-06-03 00:00:00-04:00,370.0,414.0,351.0,364.0,15582,0.0,0.0
2016-06-06 00:00:00-04:00,362.0,384.0,345.0,363.0,8304,0.0,0.0
2016-06-07 00:00:00-04:00,360.0,363.0,315.0,338.0,7009,0.0,0.0
2016-06-08 00:00:00-04:00,332.0,345.0,320.0,341.0,4116,0.0,0.0
2016-06-09 00:00:00-04:00,340.0,426.0,331.0,344.0,36586,0.0,0.0
2016-06-10 00:00:00-04:00,335.0,348.0,326.0,329.0,3475,0.0,0.0
2016-06-13 00:00:00-04:00,344.0,344.0,316.0,326.0,1904,0.0,0.0
2016-06-14 00:00:00-04:00,334.0,340.0,324.0,330.0,2206,0.0,0.0
2016-06-15 00:00:00-04:00,444.0,458.0,370.0,382.0,68738,0.0,0.0
2016-06-16 00:00:00-04:00,370.0,380.0,333.0,368.0,7406,0.0,0.0
2016-06-17 00:00:00-04:00,380.0,384.0,357.0,364.0,3890,0.0,0.0
2016-06-20 00:00:00-04:00,360.0,372.0,348.0,354.0,2900,0.0,0.0
2016-06-21 00:00:00-04:00,348.0,354.0,341.0,354.0,1993,0.0,0.0
2016-06-22 00:00:00-04:00,357.0,357.0,337.0,345.0,1566,0.0,0.0
2016-06-23 00:00:00-04:00,400.0,410.0,345.0,350.0,28289,0.0,0.0
2016-06-24 00:00:00-04:00,335.0,345.0,335.0,338.0,4015,0.0,0.0
2016-06-27 00:00:00-04:00,332.0,347.0,321.0,325.0,1913,0.0,0.0
2016-06-28 00:00:00-04:00,328.0,333.0,320.0,333.0,2051,0.0,0.0
2016-06-29 00:00:00-04:00,332.0,367.0,332.0,358.0,4524,0.0,0.0
2016-06-30 00:00:00-04:00,369.0,369.0,337.0,344.0,1774,0.0,0.0
2016-07-01 00:00:00-04:00,337.0,349.0,332.0,345.0,1869,0.0,0.0
2016-07-05 00:00:00-04:00,336.0,345.0,332.0,334.0,994,0.0,0.0
2016-07-06 00:00:00-04:00,331.0,349.0,320.0,339.0,2579,0.0,0.0
2016-07-07 00:00:00-04:00,339.0,357.0,327.0,341.0,2198,0.0,0.0
2016-07-08 00:00:00-04:00,340.0,343.0,330.0,331.0,1109,0.0,0.0
2016-07-11 00:00:00-04:00,335.0,338.0,330.0,334.0,898,0.0,0.0
2016-07-12 00:00:00-04:00,335.0,339.0,330.0,339.0,1427,0.0,0.0
2016-07-13 00:00:00-04:00,340.0,340.0,331.0,333.0,805,0.0,0.0
2016-07-14 00:00:00-04:00,334.0,337.0,321.0,329.0,1559,0.0,0.0
2016-07-15 00:00:00-04:00,300.0,310.0,268.0,293.0,5374,0.0,0.0
2016-07-18 00:00:00-04:00,293.0,298.0,242.0,263.0,5515,0.0,0.0
2016-07-19 00:00:00-04:00,257.0,272.0,255.0,259.0,1191,0.0,0.0
2016-07-20 00:00:00-04:00,256.0,274.0,251.0,257.0,1540,0.0,0.0
2016-07-21 00:00:00-04:00,252.0,264.0,251.0,251.0,874,0.0,0.0
2016-07-22 00:00:00-04:00,250.0,265.0,250.0,255.0,1354,0.0,0.0
2016-07-25 00:00:00-04:00,258.0,258.0,250.0,250.0,1179,0.0,0.0
2016-07-26 00:00:00-04:00,254.0,268.0,251.0,267.0,1692,0.0,0.0
2016-07-27 00:00:00-04:00,269.0,304.0,267.0,289.0,3239,0.0,0.0
2016-07-28 00:00:00-04:00,298.0,305.0,280.0,286.0,1058,0.0,0.0
2016-07-29 00:00:00-04:00,283.0,285.0,270.0,275.0,1097,0.0,0.0
2016-08-01 00:00:00-04:00,272.0,291.0,253.0,265.0,826,0.0,0.0
2016-08-02 00:00:00-04:00,262.0,268.0,248.0,254.0,1055,0.0,0.0
2016-08-03 00:00:00-04:00,251.0,274.0,250.0,271.0,2590,0.0,0.0
2016-08-04 00:00:00-04:00,281.0,281.0,260.0,270.0,875,0.0,0.0
2016-08-05 00:00:00-04:00,266.0,268.0,254.0,260.0,1115,0.0,0.0
2016-08-08 00:00:00-04:00,270.0,270.0,257.0,266.0,549,0.0,0.0
2016-08-09 00:00:00-04:00,270.0,278.0,255.0,267.0,816,0.0,0.0
2016-08-10 00:00:00-04:00,266.0,279.0,263.0,269.0,520,0.0,0.0
2016-08-11 00:00:00-04:00,275.0,275.0,260.0,268.0,324,0.0,0.0
2016-08-12 00:00:00-04:00,256.0,298.0,256.0,295.0,2089,0.0,0.0
2016-08-15 00:00:00-04:00,280.0,294.0,265.0,275.0,2000,0.0,0.0
2016-08-16 00:00:00-04:00,275.0,280.0,259.0,259.0,1191,0.0,0.0
2016-08-17 00:00:00-04:00,256.0,260.0,250.0,253.0,1404,0.0,0.0
2016-08-18 00:00:00-04:00,250.0,254.0,240.0,248.0,1305,0.0,0.0
2016-08-19 00:00:00-04:00,261.0,261.0,244.0,249.0,881,0.0,0.0
2016-08-22 00:00:00-04:00,246.0,255.0,235.0,240.0,1107,0.0,0.0
2016-08-23 00:00:00-04:00,240.0,270.0,230.0,259.0,1778,0.0,0.0
2016-08-24 00:00:00-04:00,257.0,268.0,242.0,256.0,965,0.0,0.0
2016-08-25 00:00:00-04:00,253.0,253.0,236.0,244.0,984,0.0,0.0
2016-08-26 00:00:00-04:00,241.0,244.0,235.0,235.0,494,0.0,0.0
2016-08-29 00:00:00-04:00,240.0,244.0,230.0,234.0,488,0.0,0.0
2016-08-30 00:00:00-04:00,232.0,241.0,229.0,231.0,552,0.0,0.0
2016-08-31 00:00:00-04:00,226.0,231.0,210.0,218.0,970,0.0,0.0
2016-09-01 00:00:00-04:00,221.0,225.0,210.0,214.0,561,0.0,0.0
2016-09-02 00:00:00-04:00,213.0,220.0,206.0,216.0,716,0.0,0.0
2016-09-06 00:00:00-04:00,216.0,246.0,216.0,231.0,718,0.0,0.0
2016-09-07 00:00:00-04:00,233.0,243.0,220.0,239.0,1157,0.0,0.0
2016-09-08 00:00:00-04:00,241.0,347.0,241.0,277.0,41385,0.0,0.0
2016-09-09 00:00:00-04:00,271.0,320.0,271.0,303.0,7944,0.0,0.0
2016-09-12 00:00:00-04:00,309.0,320.0,280.0,299.0,4215,0.0,0.0
2016-09-13 00:00:00-04:00,296.0,296.0,280.0,295.0,1345,0.0,0.0
2016-09-14 00:00:00-04:00,289.0,291.0,247.0,275.0,2623,0.0,0.0
2016-09-15 00:00:00-04:00,269.0,292.0,254.0,269.0,1008,0.0,0.0
2016-09-16 00:00:00-04:00,267.0,295.0,266.0,287.0,2474,0.0,0.0
2016-09-19 00:00:00-04:00,284.0,293.0,275.0,282.0,950,0.0,0.0
2016-09-20 00:00:00-04:00,279.0,281.0,267.0,272.0,746,0.0,0.0
2016-09-21 00:00:00-04:00,277.0,284.0,273.0,276.0,1513,0.0,0.0
2016-09-22 00:00:00-04:00,285.0,285.0,278.0,278.0,727,0.0,0.0
2016-09-23 00:00:00-04:00,279.0,284.0,273.0,274.0,743,0.0,0.0
2016-09-26 00:00:00-04:00,285.0,285.0,263.0,266.0,1301,0.0,0.0
2016-09-27 00:00:00-04:00,266.0,279.0,263.0,271.0,905,0.0,0.0
2016-09-28 00:00:00-04:00,272.0,285.0,269.0,276.0,1254,0.0,0.0
2016-09-29 00:00:00-04:00,312.0,319.0,261.0,271.0,7300,0.0,0.0
2016-09-30 00:00:00-04:00,262.0,282.0,262.0,271.0,1800,0.0,0.0
2016-10-03 00:00:00-04:00,268.0,280.0,267.0,273.0,1092,0.0,0.0
2016-10-04 00:00:00-04:00,289.0,291.0,262.0,270.0,1871,0.0,0.0
2016-10-05 00:00:00-04:00,267.0,273.0,241.0,262.0,1864,0.0,0.0
2016-10-06 00:00:00-04:00,254.0,261.0,251.0,261.0,999,0.0,0.0
2016-10-07 00:00:00-04:00,256.0,275.0,255.0,267.0,685,0.0,0.0
2016-10-10 00:00:00-04:00,267.0,268.0,252.0,259.0,673,0.0,0.0
2016-10-11 00:00:00-04:00,257.0,262.0,250.0,252.0,1010,0.0,0.0
2016-10-12 00:00:00-04:00,280.0,280.0,235.0,239.0,1138,0.0,0.0
2016-10-13 00:00:00-04:00,239.0,250.0,235.0,239.0,623,0.0,0.0
2016-10-14 00:00:00-04:00,235.0,249.0,223.0,223.0,1020,0.0,0.0
2016-10-17 00:00:00-04:00,223.0,236.0,210.0,210.0,1408,0.0,0.0
2016-10-18 00:00:00-04:00,216.0,222.0,210.0,214.0,682,0.0,0.0
2016-10-19 00:00:00-04:00,215.0,225.0,205.0,213.0,690,0.0,0.0
2016-10-20 00:00:00-04:00,212.0,215.0,207.0,209.0,487,0.0,0.0
2016-10-21 00:00:00-04:00,201.0,210.0,201.0,204.0,682,0.0,0.0
2016-10-24 00:00:00-04:00,204.0,210.0,168.0,183.0,2236,0.0,0.0
2016-10-25 00:00:00-04:00,191.0,200.0,181.0,189.0,886,0.0,0.0
2016-10-26 00:00:00-04:00,190.0,194.0,180.0,181.0,495,0.0,0.0
2016-10-27 00:00:00-04:00,184.0,189.0,170.0,183.0,924,0.0,0.0
2016-10-28 00:00:00-04:00,184.0,192.0,172.0,174.0,638,0.0,0.0
2016-10-31 00:00:00-04:00,174.0,197.0,165.0,185.0,1726,0.0,0.0
2016-11-01 00:00:00-04:00,184.0,188.0,172.0,175.0,348,0.0,0.0
2016-11-02 00:00:00-04:00,174.0,186.0,170.0,170.0,600,0.0,0.0
2016-11-03 00:00:00-04:00,173.0,180.0,163.0,163.0,223,0.0,0.0
2016-11-04 00:00:00-04:00,163.0,168.0,162.0,165.0,400,0.0,0.0
2016-11-07 00:00:00-05:00,166.0,169.0,150.0,163.0,1477,0.0,0.0
2016-11-08 00:00:00-05:00,165.0,170.0,165.0,169.0,639,0.0,0.0
2016-11-09 00:00:00-05:00,169.0,190.0,169.0,186.0,507,0.0,0.0
2016-11-10 00:00:00-05:00,189.0,200.0,169.0,177.0,1905,0.0,0.0
2016-11-11 00:00:00-05:00,190.0,200.0,178.0,190.0,573,0.0,0.0
2016-11-14 00:00:00-05:00,191.0,195.0,177.0,186.0,747,0.0,0.0
2016-11-15 00:00:00-05:00,194.0,263.0,193.0,235.0,12324,0.0,0.0
2016-11-16 00:00:00-05:00,255.0,282.0,249.0,265.0,8327,0.0,0.0
2016-11-17 00:00:00-05:00,278.0,290.0,248.0,261.0,3617,0.0,0.0
2016-11-18 00:00:00-05:00,259.0,260.0,230.0,240.0,1803,0.0,0.0
2016-11-21 00:00:00-05:00,238.0,238.0,211.0,228.0,2321,0.0,0.0
2016-11-22 00:00:00-05:00,224.0,224.0,214.0,216.0,1710,0.0,0.0
2016-11-23 00:00:00-05:00,149.0,159.0,143.0,149.0,20397,0.0,0.0
2016-11-25 00:00:00-05:00,149.0,168.0,149.0,165.0,9715,0.0,0.0
2016-11-28 00:00:00-05:00,173.0,175.0,152.0,160.0,6012,0.0,0.0
2016-11-29 00:00:00-05:00,165.0,167.0,153.0,155.0,3696,0.0,0.0
2016-11-30 00:00:00-05:00,157.0,157.0,145.0,147.0,2859,0.0,0.0
2016-12-01 00:00:00-05:00,172.0,175.0,135.0,141.0,13937,0.0,0.0
2016-12-02 00:00:00-05:00,139.0,142.0,134.0,135.0,2854,0.0,0.0
2016-12-05 00:00:00-05:00,140.0,147.0,135.0,147.0,3209,0.0,0.0
2016-12-06 00:00:00-05:00,146.0,150.0,136.0,140.0,3298,0.0,0.0
2016-12-07 00:00:00-05:00,140.0,142.0,135.0,138.0,1966,0.0,0.0
2016-12-08 00:00:00-05:00,136.0,139.0,132.0,137.0,1844,0.0,0.0
2016-12-09 00:00:00-05:00,136.0,138.0,131.0,133.0,2396,0.0,0.0
2016-12-12 00:00:00-05:00,141.0,144.0,131.0,133.0,4069,0.0,0.0
2016-12-13 00:00:00-05:00,138.0,138.0,128.0,132.0,2578,0.0,0.0
2016-12-14 00:00:00-05:00,136.0,144.0,124.0,124.0,3885,0.0,0.0
2016-12-15 00:00:00-05:00,124.0,125.0,113.0,117.0,5687,0.0,0.0
2016-12-16 00:00:00-05:00,116.0,129.0,112.0,129.0,3777,0.0,0.0
2016-12-19 00:00:00-05:00,133.0,133.0,120.0,121.0,1892,0.0,0.0
2016-12-20 00:00:00-05:00,139.0,143.0,120.0,124.0,8610,0.0,0.0
2016-12-21 00:00:00-05:00,127.0,127.0,121.0,121.0,3018,0.0,0.0
2016-12-22 00:00:00-05:00,125.0,125.0,121.0,121.0,1421,0.0,0.0
2016-12-23 00:00:00-05:00,125.0,135.0,122.0,133.0,4475,0.0,0.0
2016-12-27 00:00:00-05:00,132.0,132.0,125.0,129.0,2592,0.0,0.0
2016-12-28 00:00:00-05:00,129.0,139.0,122.0,129.0,9093,0.0,0.0
2016-12-29 00:00:00-05:00,128.0,129.0,121.0,125.0,3403,0.0,0.0
2016-12-30 00:00:00-05:00,125.0,126.0,120.0,122.0,3295,0.0,0.0
2017-01-03 00:00:00-05:00,125.0,130.0,122.0,128.0,2353,0.0,0.0
2017-01-04 00:00:00-05:00,127.0,138.0,126.0,133.0,4608,0.0,0.0
2017-01-05 00:00:00-05:00,132.0,142.0,123.0,129.0,6596,0.0,0.0
2017-01-06 00:00:00-05:00,130.0,131.0,125.0,125.0,1404,0.0,0.0
2017-01-09 00:00:00-05:00,127.0,138.0,127.0,131.0,5361,0.0,0.0
2017-01-10 00:00:00-05:00,153.0,160.0,135.0,139.0,11867,0.0,0.0
2017-01-11 00:00:00-05:00,142.0,147.0,130.0,134.0,6860,0.0,0.0
2017-01-12 00:00:00-05:00,134.0,136.0,126.0,132.0,3836,0.0,0.0
2017-01-13 00:00:00-05:00,133.0,135.0,125.0,128.0,4265,0.0,0.0
2017-01-17 00:00:00-05:00,131.0,132.0,125.0,128.0,1825,0.0,0.0
2017-01-18 00:00:00-05:00,130.0,130.0,123.0,124.0,2121,0.0,0.0
2017-01-19 00:00:00-05:00,125.0,129.0,121.0,126.0,2514,0.0,0.0
2017-01-20 00:00:00-05:00,128.0,129.0,123.0,128.0,2213,0.0,0.0
2017-01-23 00:00:00-05:00,128.0,140.0,128.0,138.0,14196,0.0,0.0
2017-01-24 00:00:00-05:00,165.0,195.0,153.0,155.0,176125,0.0,0.0
2017-01-25 00:00:00-05:00,157.0,158.0,145.0,153.0,12130,0.0,0.0
2017-01-26 00:00:00-05:00,155.0,155.0,147.0,154.0,3695,0.0,0.0
2017-01-27 00:00:00-05:00,153.0,169.0,149.0,165.0,13142,0.0,0.0
2017-01-30 00:00:00-05:00,168.0,168.0,155.0,158.0,4871,0.0,0.0
2017-01-31 00:00:00-05:00,160.0,170.0,154.0,163.0,5982,0.0,0.0
2017-02-01 00:00:00-05:00,167.0,170.0,157.0,167.0,4424,0.0,0.0
2017-02-02 00:00:00-05:00,165.0,169.0,157.0,168.0,4067,0.0,0.0
2017-02-03 00:00:00-05:00,169.0,170.0,160.0,167.0,4611,0.0,0.0
2017-02-06 00:00:00-05:00,167.0,167.0,162.0,163.0,2287,0.0,0.0
2017-02-07 00:00:00-05:00,162.0,169.0,155.0,167.0,7496,0.0,0.0
2017-02-08 00:00:00-05:00,169.0,191.0,165.0,183.0,15863,0.0,0.0
2017-02-09 00:00:00-05:00,187.0,209.0,176.0,208.0,23385,0.0,0.0
2017-02-10 00:00:00-05:00,205.0,219.0,200.0,213.0,12176,0.0,0.0
2017-02-13 00:00:00-05:00,215.0,222.0,195.0,209.0,14575,0.0,0.0
2017-02-14 00:00:00-05:00,205.0,237.0,198.0,234.0,13518,0.0,0.0
2017-02-15 00:00:00-05:00,234.0,257.0,231.0,249.0,16710,0.0,0.0
2017-02-16 00:00:00-05:00,259.0,265.0,225.0,241.0,18855,0.0,0.0
2017-02-17 00:00:00-05:00,236.0,254.0,233.0,242.0,5881,0.0,0.0
2017-02-21 00:00:00-05:00,252.0,265.0,242.0,259.0,9303,0.0,0.0
2017-02-22 00:00:00-05:00,270.0,273.0,240.0,245.0,6905,0.0,0.0
2017-02-23 00:00:00-05:00,241.0,249.0,199.0,220.0,8551,0.0,0.0
2017-02-24 00:00:00-05:00,212.0,217.0,204.0,214.0,2819,0.0,0.0
2017-02-27 00:00:00-05:00,262.0,265.0,220.0,222.0,28573,0.0,0.0
2017-02-28 00:00:00-05:00,221.0,226.0,210.0,219.0,4074,0.0,0.0
2017-03-01 00:00:00-05:00,218.0,235.0,215.0,225.0,2916,0.0,0.0
2017-03-02 00:00:00-05:00,223.0,233.0,215.0,218.0,2899,0.0,0.0
2017-03-03 00:00:00-05:00,217.0,226.0,215.0,222.0,2501,0.0,0.0
2017-03-06 00:00:00-05:00,215.0,238.0,215.0,238.0,4290,0.0,0.0
2017-03-07 00:00:00-05:00,240.0,250.0,225.0,244.0,5594,0.0,0.0
2017-03-08 00:00:00-05:00,250.0,264.0,243.0,262.0,7426,0.0,0.0
2017-03-09 00:00:00-05:00,265.0,268.0,251.0,261.0,3343,0.0,0.0
2017-03-10 00:00:00-05:00,262.0,265.0,252.0,265.0,3452,0.0,0.0
2017-03-13 00:00:00-04:00,264.0,268.0,256.0,266.0,3297,0.0,0.0
2017-03-14 00:00:00-04:00,273.0,307.0,251.0,261.0,16940,0.0,0.0
2017-03-15 00:00:00-04:00,268.0,268.0,250.0,257.0,7165,0.0,0.0
2017-03-16 00:00:00-04:00,261.0,270.0,222.0,239.0,10952,0.0,0.0
2017-03-17 00:00:00-04:00,234.0,244.0,227.0,235.0,3863,0.0,0.0
2017-03-20 00:00:00-04:00,234.0,243.0,218.0,238.0,6477,0.0,0.0
2017-03-21 00:00:00-04:00,255.0,259.0,228.0,238.0,4275,0.0,0.0
2017-03-22 00:00:00-04:00,240.0,240.0,225.0,232.0,2757,0.0,0.0
2017-03-23 00:00:00-04:00,230.0,230.0,220.0,227.0,3483,0.0,0.0
2017-03-24 00:00:00-04:00,226.0,234.0,211.0,233.0,4140,0.0,0.0
2017-03-27 00:00:00-04:00,226.0,240.0,224.0,240.0,2453,0.0,0.0
2017-03-28 00:00:00-04:00,240.0,240.0,226.0,228.0,2935,0.0,0.0
2017-03-29 00:00:00-04:00,229.0,237.0,225.0,230.0,1364,0.0,0.0
2017-03-30 00:00:00-04:00,235.0,240.0,221.0,232.0,3244,0.0,0.0
2017-03-31 00:00:00-04:00,229.0,232.0,225.0,227.0,1085,0.0,0.0
2017-04-03 00:00:00-04:00,227.0,234.0,220.0,230.0,1787,0.0,0.0
2017-04-04 00:00:00-04:00,227.0,232.0,222.0,225.0,1712,0.0,0.0
2017-04-05 00:00:00-04:00,225.0,226.0,215.0,219.0,1766,0.0,0.0
2017-04-06 00:00:00-04:00,219.0,219.0,215.0,217.0,1799,0.0,0.0
2017-04-07 00:00:00-04:00,218.0,218.0,204.0,217.0,1742,0.0,0.0
2017-04-10 00:00:00-04:00,218.0,218.0,205.0,210.0,1589,0.0,0.0
2017-04-11 00:00:00-04:00,210.0,214.0,200.0,207.0,3189,0.0,0.0
2017-04-12 00:00:00-04:00,225.0,225.0,210.0,215.0,2109,0.0,0.0
2017-04-13 00:00:00-04:00,216.0,217.0,212.0,214.0,939,0.0,0.0
2017-04-17 00:00:00-04:00,212.0,213.0,205.0,208.0,1234,0.0,0.0
2017-04-18 00:00:00-04:00,225.0,225.0,210.0,210.0,2788,0.0,0.0
2017-04-19 00:00:00-04:00,213.0,213.0,204.0,209.0,1145,0.0,0.0
2017-04-20 00:00:00-04:00,206.0,214.0,205.0,211.0,871,0.0,0.0
2017-04-21 00:00:00-04:00,209.0,214.0,207.0,210.0,995,0.0,0.0
2017-04-24 00:00:00-04:00,212.0,214.0,203.0,207.0,1175,0.0,0.0
2017-04-25 00:00:00-04:00,210.0,212.0,201.0,201.0,1609,0.0,0.0
2017-04-26 00:00:00-04:00,201.0,203.0,177.0,187.0,5034,0.0,0.0
2017-04-27 00:00:00-04:00,193.0,196.0,165.0,176.0,4228,0.0,0.0
2017-04-28 00:00:00-04:00,174.0,177.0,161.0,177.0,2695,0.0,0.0
2017-05-01 00:00:00-04:00,175.0,186.0,175.0,183.0,1826,0.0,0.0
2017-05-02 00:00:00-04:00,182.0,190.0,180.0,187.0,1057,0.0,0.0
2017-05-03 00:00:00-04:00,190.0,200.0,189.0,194.0,1538,0.0,0.0
2017-05-04 00:00:00-04:00,193.0,194.0,181.0,182.0,1844,0.0,0.0
2017-05-05 00:00:00-04:00,181.0,192.0,179.0,190.0,1251,0.0,0.0
2017-05-08 00:00:00-04:00,190.0,192.0,181.0,188.0,1006,0.0,0.0
2017-05-09 00:00:00-04:00,190.0,194.0,185.0,192.0,687,0.0,0.0
2017-05-10 00:00:00-04:00,190.0,199.0,180.0,193.0,1540,0.0,0.0
2017-05-11 00:00:00-04:00,193.0,193.0,184.0,187.0,602,0.0,0.0
2017-05-12 00:00:00-04:00,187.0,187.0,170.0,179.0,2977,0.0,0.0
2017-05-15 00:00:00-04:00,181.0,188.0,172.0,188.0,929,0.0,0.0
2017-05-16 00:00:00-04:00,187.0,188.0,180.0,182.0,758,0.0,0.0
2017-05-17 00:00:00-04:00,179.0,179.0,171.0,173.0,1678,0.0,0.0
2017-05-18 00:00:00-04:00,173.0,182.0,170.0,173.0,704,0.0,0.0
2017-05-19 00:00:00-04:00,174.0,176.0,169.0,172.0,657,0.0,0.0
2017-05-22 00:00:00-04:00,174.0,175.0,169.0,172.0,748,0.0,0.0
2017-05-23 00:00:00-04:00,172.0,172.0,166.0,169.0,496,0.0,0.0
2017-05-24 00:00:00-04:00,172.0,172.0,166.0,168.0,765,0.0,0.0
2017-05-25 00:00:00-04:00,167.0,168.0,163.0,164.0,971,0.0,0.0
2017-05-26 00:00:00-04:00,165.0,166.0,163.0,166.0,250,0.0,0.0
2017-05-30 00:00:00-04:00,164.0,166.0,161.0,162.0,791,0.0,0.0
2017-05-31 00:00:00-04:00,163.0,174.0,162.0,174.0,670,0.0,0.0
2017-06-01 00:00:00-04:00,178.0,190.0,172.0,184.0,2696,0.0,0.0
2017-06-02 00:00:00-04:00,186.0,189.0,178.0,183.0,898,0.0,0.0
2017-06-05 00:00:00-04:00,183.0,188.0,171.0,174.0,801,0.0,0.0
2017-06-06 00:00:00-04:00,172.0,185.0,171.0,175.0,884,0.0,0.0
2017-06-07 00:00:00-04:00,176.0,182.0,175.0,175.0,512,0.0,0.0
2017-06-08 00:00:00-04:00,175.0,180.0,170.0,170.0,813,0.0,0.0
2017-06-09 00:00:00-04:00,170.0,173.0,165.0,165.0,920,0.0,0.0
2017-06-12 00:00:00-04:00,165.0,168.0,162.0,165.0,422,0.0,0.0
2017-06-13 00:00:00-04:00,165.0,175.0,164.0,172.0,702,0.0,0.0
2017-06-14 00:00:00-04:00,171.0,173.0,166.0,167.0,389,0.0,0.0
2017-06-15 00:00:00-04:00,163.0,170.0,162.0,163.0,722,0.0,0.0
2017-06-16 00:00:00-04:00,165.0,166.0,159.0,159.0,484,0.0,0.0
2017-06-19 00:00:00-04:00,164.0,168.0,159.0,161.0,1143,0.0,0.0
2017-06-20 00:00:00-04:00,162.0,169.0,150.0,150.0,1085,0.0,0.0
2017-06-21 00:00:00-04:00,150.0,155.0,150.0,151.0,866,0.0,0.0
2017-06-22 00:00:00-04:00,150.0,166.0,150.0,159.0,1598,0.0,0.0
2017-06-23 00:00:00-04:00,159.0,169.0,157.0,167.0,1050,0.0,0.0
2017-06-26 00:00:00-04:00,168.0,171.0,156.0,159.0,851,0.0,0.0
2017-06-27 00:00:00-04:00,155.0,161.0,152.0,154.0,757,0.0,0.0
2017-06-28 00:00:00-04:00,153.0,158.0,151.0,152.0,1177,0.0,0.0
2017-06-29 00:00:00-04:00,154.0,159.0,152.0,155.0,532,0.0,0.0
2017-06-30 00:00:00-04:00,159.0,164.0,155.0,163.0,418,0.0,0.0
2017-07-03 00:00:00-04:00,164.0,175.0,163.0,163.0,929,0.0,0.0
2017-07-05 00:00:00-04:00,164.0,165.0,157.0,158.0,342,0.0,0.0
2017-07-06 00:00:00-04:00,157.0,161.0,156.0,158.0,713,0.0,0.0
2017-07-07 00:00:00-04:00,159.0,159.0,155.0,156.0,388,0.0,0.0
2017-07-10 00:00:00-04:00,156.0,160.0,150.0,150.0,1110,0.0,0.0
2017-07-11 00:00:00-04:00,150.0,154.0,144.0,146.0,1405,0.0,0.0
2017-07-12 00:00:00-04:00,147.0,152.0,142.0,143.0,1125,0.0,0.0
2017-07-13 00:00:00-04:00,143.0,147.0,143.0,147.0,457,0.0,0.0
2017-07-14 00:00:00-04:00,147.0,149.0,145.0,146.0,355,0.0,0.0
2017-07-17 00:00:00-04:00,145.0,149.0,140.0,144.0,1661,0.0,0.0
2017-07-18 00:00:00-04:00,146.0,148.0,143.0,148.0,285,0.0,0.0
2017-07-19 00:00:00-04:00,148.0,158.0,148.0,156.0,1172,0.0,0.0
2017-07-20 00:00:00-04:00,156.0,157.0,142.0,148.0,608,0.0,0.0
2017-07-21 00:00:00-04:00,154.0,175.0,151.0,163.0,5541,0.0,0.0
2017-07-24 00:00:00-04:00,163.0,171.0,156.0,165.0,809,0.0,0.0
2017-07-25 00:00:00-04:00,164.0,172.0,156.0,161.0,646,0.0,0.0
2017-07-26 00:00:00-04:00,163.0,168.0,161.0,164.0,332,0.0,0.0
2017-07-27 00:00:00-04:00,163.0,165.0,153.0,158.0,911,0.0,0.0
2017-07-28 00:00:00-04:00,156.0,160.0,152.0,152.0,398,0.0,0.0
2017-07-31 00:00:00-04:00,159.0,160.0,152.0,153.0,379,0.0,0.0
2017-08-01 00:00:00-04:00,155.0,159.0,150.0,154.0,1331,0.0,0.0
2017-08-02 00:00:00-04:00,157.0,159.0,150.0,154.0,755,0.0,0.0
2017-08-03 00:00:00-04:00,150.0,165.0,150.0,150.0,627,0.0,0.0
2017-08-04 00:00:00-04:00,152.0,152.0,148.0,149.0,324,0.0,0.0
2017-08-07 00:00:00-04:00,149.0,161.0,149.0,158.0,359,0.0,0.0
2017-08-08 00:00:00-04:00,195.0,206.0,167.0,176.0,59406,0.0,0.0
2017-08-09 00:00:00-04:00,167.0,179.0,166.0,175.0,9633,0.0,0.0
2017-08-10 00:00:00-04:00,173.0,180.0,168.0,174.0,3619,0.0,0.0
2017-08-11 00:00:00-04:00,173.0,179.0,152.0,152.0,5761,0.0,0.0
2017-08-14 00:00:00-04:00,150.0,162.0,141.0,147.0,2878,0.0,0.0
2017-08-15 00:00:00-04:00,155.0,158.0,146.0,155.0,2081,0.0,0.0
2017-08-16 00:00:00-04:00,155.0,155.0,144.0,150.0,964,0.0,0.0
2017-08-17 00:00:00-04:00,152.0,154.0,145.0,154.0,718,0.0,0.0
2017-08-18 00:00:00-04:00,153.0,153.0,147.0,151.0,527,0.0,0.0
2017-08-21 00:00:00-04:00,149.0,150.0,146.0,148.0,409,0.0,0.0
2017-08-22 00:00:00-04:00,150.0,179.0,150.0,179.0,6953,0.0,0.0
2017-08-23 00:00:00-04:00,180.0,180.0,161.0,170.0,2827,0.0,0.0
2017-08-24 00:00:00-04:00,168.0,168.0,152.0,164.0,1701,0.0,0.0
2017-08-25 00:00:00-04:00,163.0,168.0,157.0,165.0,614,0.0,0.0
2017-08-28 00:00:00-04:00,164.0,175.0,164.0,166.0,767,0.0,0.0
2017-08-29 00:00:00-04:00,165.0,170.0,160.0,169.0,1463,0.0,0.0
2017-08-30 00:00:00-04:00,168.0,174.0,161.0,166.0,907,0.0,0.0
2017-08-31 00:00:00-04:00,165.0,165.0,161.0,164.0,437,0.0,0.0
2017-09-01 00:00:00-04:00,172.0,172.0,163.0,165.0,555,0.0,0.0
2017-09-05 00:00:00-04:00,171.0,171.0,162.0,162.0,448,0.0,0.0
2017-09-06 00:00:00-04:00,160.0,167.0,160.0,161.0,526,0.0,0.0
2017-09-07 00:00:00-04:00,161.0,162.0,154.0,156.0,918,0.0,0.0
2017-09-08 00:00:00-04:00,156.0,164.0,153.0,155.0,842,0.0,0.0
2017-09-11 00:00:00-04:00,158.0,160.0,155.0,158.0,496,0.0,0.0
2017-09-12 00:00:00-04:00,160.0,163.0,159.0,162.0,306,0.0,0.0
2017-09-13 00:00:00-04:00,165.0,168.0,157.0,165.0,1397,0.0,0.0
2017-09-14 00:00:00-04:00,169.0,192.0,166.0,187.0,4699,0.0,0.0
2017-09-15 00:00:00-04:00,190.0,192.0,177.0,179.0,3197,0.0,0.0
2017-09-18 00:00:00-04:00,180.0,188.0,180.0,183.0,1111,0.0,0.0
2017-09-19 00:00:00-04:00,181.0,183.0,173.0,178.0,891,0.0,0.0
2017-09-20 00:00:00-04:00,176.0,181.0,170.0,172.0,1351,0.0,0.0
2017-09-21 00:00:00-04:00,193.0,193.0,175.0,176.0,1725,0.0,0.0
2017-09-22 00:00:00-04:00,175.0,180.0,172.0,179.0,314,0.0,0.0
2017-09-25 00:00:00-04:00,177.0,181.0,172.0,177.0,1151,0.0,0.0
2017-09-26 00:00:00-04:00,179.0,185.0,177.0,181.0,1117,0.0,0.0
2017-09-27 00:00:00-04:00,182.0,183.0,164.0,174.0,4527,0.0,0.0
2017-09-28 00:00:00-04:00,174.0,175.0,162.0,170.0,1828,0.0,0.0
2017-09-29 00:00:00-04:00,169.0,171.0,165.0,167.0,754,0.0,0.0
2017-10-02 00:00:00-04:00,167.0,172.0,166.0,172.0,643,0.0,0.0
2017-10-03 00:00:00-04:00,175.0,176.0,165.0,172.0,1028,0.0,0.0
2017-10-04 00:00:00-04:00,175.0,175.0,166.0,168.0,851,0.0,0.0
2017-10-05 00:00:00-04:00,168.0,174.0,168.0,170.0,775,0.0,0.0
2017-10-06 00:00:00-04:00,173.0,182.0,171.0,172.0,2007,0.0,0.0
2017-10-09 00:00:00-04:00,171.0,183.0,171.0,180.0,2365,0.0,0.0
2017-10-10 00:00:00-04:00,191.0,192.0,172.0,179.0,4924,0.0,0.0
2017-10-11 00:00:00-04:00,192.0,204.0,188.0,192.0,11636,0.0,0.0
2017-10-12 00:00:00-04:00,195.0,195.0,180.0,180.0,4055,0.0,0.0
2017-10-13 00:00:00-04:00,185.0,185.0,178.0,179.0,3656,0.0,0.0
2017-10-16 00:00:00-04:00,182.0,182.0,164.0,171.0,2563,0.0,0.0
2017-10-17 00:00:00-04:00,173.0,180.0,161.0,173.0,1938,0.0,0.0
2017-10-18 00:00:00-04:00,173.0,173.0,164.0,168.0,1126,0.0,0.0
2017-10-19 00:00:00-04:00,166.0,167.0,160.0,162.0,1282,0.0,0.0
2017-10-20 00:00:00-04:00,161.0,165.0,161.0,162.0,922,0.0,0.0
2017-10-23 00:00:00-04:00,163.0,168.0,162.0,167.0,1020,0.0,0.0
2017-10-24 00:00:00-04:00,162.0,173.0,162.0,173.0,1066,0.0,0.0
2017-10-25 00:00:00-04:00,170.0,175.0,163.0,164.0,1195,0.0,0.0
2017-10-26 00:00:00-04:00,165.0,166.0,154.0,160.0,2415,0.0,0.0
2017-10-27 00:00:00-04:00,159.0,161.0,151.0,153.0,1534,0.0,0.0
2017-10-30 00:00:00-04:00,165.0,165.0,144.0,152.0,3195,0.0,0.0
2017-10-31 00:00:00-04:00,153.0,156.0,147.0,152.0,2225,0.0,0.0
2017-11-01 00:00:00-04:00,151.0,154.0,148.0,150.0,1014,0.0,0.0
2017-11-02 00:00:00-04:00,154.0,154.0,148.0,150.0,966,0.0,0.0
2017-11-03 00:00:00-04:00,149.0,151.0,148.0,150.0,685,0.0,0.0
2017-11-06 00:00:00-05:00,153.0,158.0,150.0,154.0,950,0.0,0.0
2017-11-07 00:00:00-05:00,165.0,165.0,150.0,155.0,1851,0.0,0.0
2017-11-08 00:00:00-05:00,153.0,156.0,150.0,156.0,780,0.0,0.0
2017-11-09 00:00:00-05:00,155.0,165.0,154.0,164.0,1000,0.0,0.0
2017-11-10 00:00:00-05:00,156.0,158.0,150.0,153.0,776,0.0,0.0
2017-11-13 00:00:00-05:00,151.0,154.0,151.0,154.0,695,0.0,0.0
2017-11-14 00:00:00-05:00,152.0,154.0,144.0,147.0,2583,0.0,0.0
2017-11-15 00:00:00-05:00,146.0,149.0,143.0,149.0,1008,0.0,0.0
2017-11-16 00:00:00-05:00,149.0,150.0,146.0,150.0,288,0.0,0.0
2017-11-17 00:00:00-05:00,148.0,152.0,147.0,149.0,863,0.0,0.0
2017-11-20 00:00:00-05:00,148.0,150.0,148.0,149.0,628,0.0,0.0
2017-11-21 00:00:00-05:00,148.0,150.0,147.0,147.0,523,0.0,0.0
2017-11-22 00:00:00-05:00,141.0,147.0,141.0,144.0,1480,0.0,0.0
2017-11-24 00:00:00-05:00,143.0,146.0,142.0,146.0,191,0.0,0.0
2017-11-27 00:00:00-05:00,145.0,147.0,142.0,144.0,665,0.0,0.0
2017-11-28 00:00:00-05:00,144.0,145.0,141.0,142.0,1186,0.0,0.0
2017-11-29 00:00:00-05:00,141.0,142.0,139.0,140.0,1050,0.0,0.0
2017-11-30 00:00:00-05:00,141.0,143.0,139.0,139.0,1376,0.0,0.0
2017-12-01 00:00:00-05:00,141.0,141.0,112.0,133.0,4396,0.0,0.0
2017-12-04 00:00:00-05:00,133.0,136.0,126.0,128.0,2405,0.0,0.0
2017-12-05 00:00:00-05:00,130.0,130.0,119.0,121.0,3311,0.0,0.0
2017-12-06 00:00:00-05:00,140.0,159.0,122.0,125.0,34833,0.0,0.0
2017-12-07 00:00:00-05:00,126.0,130.0,121.0,127.0,3389,0.0,0.0
2017-12-08 00:00:00-05:00,127.0,127.0,120.0,124.0,1813,0.0,0.0
2017-12-11 00:00:00-05:00,124.0,125.0,119.0,120.0,2605,0.0,0.0
2017-12-12 00:00:00-05:00,119.0,127.0,115.0,118.0,5565,0.0,0.0
2017-12-13 00:00:00-05:00,118.0,124.0,118.0,119.0,1426,0.0,0.0
2017-12-14 00:00:00-05:00,120.0,127.0,108.0,112.0,9885,0.0,0.0
2017-12-15 00:00:00-05:00,114.0,116.0,112.0,112.0,2608,0.0,0.0
2017-12-18 00:00:00-05:00,115.0,120.0,115.0,116.0,2470,0.0,0.0
2017-12-19 00:00:00-05:00,116.0,124.0,116.0,119.0,2096,0.0,0.0
2017-12-20 00:00:00-05:00,118.0,128.0,117.0,123.0,3047,0.0,0.0
2017-12-21 00:00:00-05:00,124.0,145.0,116.0,140.0,10617,0.0,0.0
2017-12-22 00:00:00-05:00,140.0,143.0,135.0,140.0,2550,0.0,0.0
2017-12-26 00:00:00-05:00,139.0,141.0,135.0,140.0,1328,0.0,0.0
2017-12-27 00:00:00-05:00,139.0,141.0,135.0,137.0,1815,0.0,0.0
2017-12-28 00:00:00-05:00,137.0,139.0,135.0,139.0,1607,0.0,0.0
2017-12-29 00:00:00-05:00,139.0,139.0,136.0,137.0,878,0.0,0.0
2018-01-02 00:00:00-05:00,138.0,144.0,135.0,137.0,1378,0.0,0.0
2018-01-03 00:00:00-05:00,138.0,140.0,135.0,136.0,1304,0.0,0.0
2018-01-04 00:00:00-05:00,138.0,138.0,130.0,131.0,2032,0.0,0.0
2018-01-05 00:00:00-05:00,131.0,136.0,128.0,131.0,1887,0.0,0.0
2018-01-08 00:00:00-05:00,131.0,131.0,106.0,125.0,8909,0.0,0.0
2018-01-09 00:00:00-05:00,126.0,126.0,118.0,119.0,1729,0.0,0.0
2018-01-10 00:00:00-05:00,116.0,124.0,112.0,116.0,2937,0.0,0.0
2018-01-11 00:00:00-05:00,122.0,126.0,114.0,119.0,3585,0.0,0.0
2018-01-12 00:00:00-05:00,120.0,122.0,116.0,120.0,1644,0.0,0.0
2018-01-16 00:00:00-05:00,119.0,120.0,116.0,117.0,1259,0.0,0.0
2018-01-17 00:00:00-05:00,117.0,118.0,114.0,114.0,1059,0.0,0.0
2018-01-18 00:00:00-05:00,114.0,116.0,114.0,115.0,1060,0.0,0.0
2018-01-19 00:00:00-05:00,119.0,121.0,116.0,118.0,910,0.0,0.0
2018-01-22 00:00:00-05:00,119.0,122.0,116.0,118.0,2486,0.0,0.0
2018-01-23 00:00:00-05:00,118.0,119.0,116.0,117.0,558,0.0,0.0
2018-01-24 00:00:00-05:00,119.0,120.0,116.0,119.0,1044,0.0,0.0
2018-01-25 00:00:00-05:00,119.0,126.0,115.0,119.0,13400,0.0,0.0
2018-01-26 00:00:00-05:00,124.0,129.0,120.0,123.0,7457,0.0,0.0
2018-01-29 00:00:00-05:00,127.0,135.0,121.0,132.0,10941,0.0,0.0
2018-01-30 00:00:00-05:00,139.0,139.0,123.0,124.0,3164,0.0,0.0
2018-01-31 00:00:00-05:00,123.0,124.0,116.0,117.0,2350,0.0,0.0
2018-02-01 00:00:00-05:00,118.0,122.0,115.0,117.0,1131,0.0,0.0
2018-02-02 00:00:00-05:00,116.0,117.0,114.0,114.0,1376,0.0,0.0
2018-02-05 00:00:00-05:00,115.0,119.0,114.0,115.0,1872,0.0,0.0
2018-02-06 00:00:00-05:00,114.0,119.0,114.0,117.0,1660,0.0,0.0
2018-02-07 00:00:00-05:00,123.0,124.0,115.0,116.0,2439,0.0,0.0
2018-02-08 00:00:00-05:00,117.0,117.0,114.0,114.0,1425,0.0,0.0
2018-02-09 00:00:00-05:00,115.0,118.0,114.0,115.0,1660,0.0,0.0
2018-02-12 00:00:00-05:00,117.0,119.0,115.0,117.0,958,0.0,0.0
2018-02-13 00:00:00-05:00,116.0,119.0,115.0,116.0,1057,0.0,0.0
2018-02-14 00:00:00-05:00,117.0,118.0,116.0,117.0,1472,0.0,0.0
2018-02-15 00:00:00-05:00,117.0,123.0,117.0,122.0,2391,0.0,0.0
2018-02-16 00:00:00-05:00,123.0,123.0,115.0,115.0,1641,0.0,0.0
2018-02-20 00:00:00-05:00,115.0,120.0,112.0,117.0,1554,0.0,0.0
2018-02-21 00:00:00-05:00,116.0,118.0,114.0,117.0,1498,0.0,0.0
2018-02-22 00:00:00-05:00,116.0,123.0,116.0,119.0,486,0.0,0.0
2018-02-23 00:00:00-05:00,119.0,120.0,116.0,119.0,791,0.0,0.0
2018-02-26 00:00:00-05:00,118.0,123.0,116.0,123.0,977,0.0,0.0
2018-02-27 00:00:00-05:00,123.0,125.0,117.0,117.0,1514,0.0,0.0
2018-02-28 00:00:00-05:00,123.0,123.0,117.0,118.0,192,0.0,0.0
2018-03-01 00:00:00-05:00,118.0,119.0,114.0,115.0,983,0.0,0.0
2018-03-02 00:00:00-05:00,114.0,119.0,114.0,117.0,885,0.0,0.0
2018-03-05 00:00:00-05:00,117.0,124.0,117.0,120.0,3195,0.0,0.0
2018-03-06 00:00:00-05:00,125.0,125.0,118.0,122.0,2383,0.0,0.0
2018-03-07 00:00:00-05:00,122.0,125.0,118.0,122.0,2663,0.0,0.0
2018-03-08 00:00:00-05:00,124.0,124.0,119.0,120.0,2147,0.0,0.0
2018-03-09 00:00:00-05:00,122.0,132.0,121.0,124.0,9273,0.0,0.0
2018-03-12 00:00:00-04:00,126.0,126.0,116.0,120.0,6059,0.0,0.0
2018-03-13 00:00:00-04:00,120.0,122.0,117.0,117.0,1314,0.0,0.0
2018-03-14 00:00:00-04:00,118.0,123.0,117.0,117.0,3344,0.0,0.0
2018-03-15 00:00:00-04:00,123.0,125.0,115.0,117.0,2409,0.0,0.0
2018-03-16 00:00:00-04:00,117.0,119.0,114.0,117.0,8952,0.0,0.0
2018-03-19 00:00:00-04:00,132.0,140.0,118.0,119.0,18740,0.0,0.0
2018-03-20 00:00:00-04:00,118.0,120.0,111.0,115.0,3924,0.0,0.0
2018-03-21 00:00:00-04:00,114.0,119.0,113.0,118.0,1273,0.0,0.0
2018-03-22 00:00:00-04:00,120.0,120.0,113.0,116.0,2054,0.0,0.0
2018-03-23 00:00:00-04:00,119.0,119.0,114.0,117.0,987,0.0,0.0
2018-03-26 00:00:00-04:00,117.0,118.0,115.0,116.0,1427,0.0,0.0
2018-03-27 00:00:00-04:00,123.0,123.0,114.0,116.0,2318,0.0,0.0
2018-03-28 00:00:00-04:00,116.0,118.0,113.0,114.0,1242,0.0,0.0
2018-03-29 00:00:00-04:00,114.0,114.0,112.0,114.0,1575,0.0,0.0
2018-04-02 00:00:00-04:00,112.0,114.0,103.0,109.0,2842,0.0,0.0
2018-04-03 00:00:00-04:00,111.0,113.0,109.0,109.0,664,0.0,0.0
2018-04-04 00:00:00-04:00,110.0,114.0,108.0,112.0,1480,0.0,0.0
2018-04-05 00:00:00-04:00,110.0,119.0,110.0,115.0,1927,0.0,0.0
2018-04-06 00:00:00-04:00,115.0,118.0,114.0,117.0,1666,0.0,0.0
2018-04-09 00:00:00-04:00,118.0,123.0,112.0,119.0,3909,0.0,0.0
2018-04-10 00:00:00-04:00,117.0,126.0,117.0,123.0,2363,0.0,0.0
2018-04-11 00:00:00-04:00,125.0,128.0,118.0,122.0,1196,0.0,0.0
2018-04-12 00:00:00-04:00,123.0,124.0,119.0,121.0,1218,0.0,0.0
2018-04-13 00:00:00-04:00,121.0,127.0,120.0,125.0,2620,0.0,0.0
2018-04-16 00:00:00-04:00,127.0,129.0,118.0,118.0,4157,0.0,0.0
2018-04-17 00:00:00-04:00,119.0,121.0,116.0,121.0,2455,0.0,0.0
2018-04-18 00:00:00-04:00,120.0,121.0,117.0,118.0,376,0.0,0.0
2018-04-19 00:00:00-04:00,118.0,121.0,113.0,113.0,1259,0.0,0.0
2018-04-20 00:00:00-04:00,114.0,119.0,108.0,109.0,3477,0.0,0.0
2018-04-23 00:00:00-04:00,111.0,114.0,110.0,110.0,629,0.0,0.0
2018-04-24 00:00:00-04:00,112.0,114.0,110.0,113.0,473,0.0,0.0
2018-04-25 00:00:00-04:00,112.0,113.0,110.0,111.0,346,0.0,0.0
2018-04-26 00:00:00-04:00,113.0,115.0,112.0,113.0,701,0.0,0.0
2018-04-27 00:00:00-04:00,113.0,116.0,113.0,115.0,444,0.0,0.0
2018-04-30 00:00:00-04:00,114.0,115.0,113.0,113.0,98,0.0,0.0
2018-05-01 00:00:00-04:00,113.0,114.0,110.0,114.0,358,0.0,0.0
2018-05-02 00:00:00-04:00,116.0,120.0,112.0,115.0,3363,0.0,0.0
2018-05-03 00:00:00-04:00,115.0,117.0,110.0,113.0,1022,0.0,0.0
2018-05-04 00:00:00-04:00,115.0,115.0,107.0,110.0,3663,0.0,0.0
2018-05-07 00:00:00-04:00,110.0,114.0,109.0,113.0,1309,0.0,0.0
2018-05-08 00:00:00-04:00,112.0,114.0,111.0,111.0,397,0.0,0.0
2018-05-09 00:00:00-04:00,115.0,126.0,111.0,118.0,17106,0.0,0.0
2018-05-10 00:00:00-04:00,111.0,114.0,110.0,111.0,2710,0.0,0.0
2018-05-11 00:00:00-04:00,110.0,112.0,105.0,111.0,2387,0.0,0.0
2018-05-14 00:00:00-04:00,110.0,110.0,105.0,105.0,2522,0.0,0.0
2018-05-15 00:00:00-04:00,105.0,107.0,104.0,107.0,1525,0.0,0.0
2018-05-16 00:00:00-04:00,109.0,109.0,104.0,106.0,927,0.0,0.0
2018-05-17 00:00:00-04:00,106.0,107.0,105.0,106.0,1036,0.0,0.0
2018-05-18 00:00:00-04:00,105.0,106.0,103.0,106.0,933,0.0,0.0
2018-05-21 00:00:00-04:00,106.0,107.0,105.0,106.0,479,0.0,0.0
2018-05-22 00:00:00-04:00,106.0,106.0,101.0,104.0,1441,0.0,0.0
2018-05-23 00:00:00-04:00,104.0,105.0,95.0,96.0,6551,0.0,0.0
2018-05-24 00:00:00-04:00,94.0,94.0,84.0,92.0,4705,0.0,0.0
2018-05-25 00:00:00-04:00,93.0,98.0,90.0,96.0,1103,0.0,0.0
2018-05-29 00:00:00-04:00,96.0,96.0,89.0,95.0,905,0.0,0.0
2018-05-30 00:00:00-04:00,93.0,93.0,91.0,91.0,351,0.0,0.0
2018-05-31 00:00:00-04:00,93.0,96.0,91.0,95.0,951,0.0,0.0
2018-06-01 00:00:00-04:00,96.0,97.0,93.0,96.0,434,0.0,0.0
2018-06-04 00:00:00-04:00,93.0,95.0,90.0,91.0,1045,0.0,0.0
2018-06-05 00:00:00-04:00,93.0,94.0,91.0,92.0,1252,0.0,0.0
2018-06-06 00:00:00-04:00,117.0,127.0,101.0,102.0,57102,0.0,0.0
2018-06-07 00:00:00-04:00,119.0,120.0,102.0,105.0,22954,0.0,0.0
2018-06-08 00:00:00-04:00,104.0,105.0,100.0,101.0,4575,0.0,0.0
2018-06-11 00:00:00-04:00,100.0,104.0,98.0,101.0,3384,0.0,0.0
2018-06-12 00:00:00-04:00,99.0,99.0,94.0,95.0,2323,0.0,0.0
2018-06-13 00:00:00-04:00,99.0,99.0,91.0,92.0,2193,0.0,0.0
2018-06-14 00:00:00-04:00,93.0,97.0,92.0,93.0,1157,0.0,0.0
2018-06-15 00:00:00-04:00,90.0,95.0,90.0,95.0,1235,0.0,0.0
2018-06-18 00:00:00-04:00,90.0,91.0,84.0,85.0,6002,0.0,0.0
2018-06-19 00:00:00-04:00,85.0,93.0,85.0,86.0,3172,0.0,0.0
2018-06-20 00:00:00-04:00,87.0,89.0,81.0,83.0,5460,0.0,0.0
2018-06-21 00:00:00-04:00,82.0,83.0,72.0,75.0,6257,0.0,0.0
2018-06-22 00:00:00-04:00,76.0,80.0,75.0,76.0,2616,0.0,0.0
2018-06-25 00:00:00-04:00,77.0,80.0,71.0,71.0,2569,0.0,0.0
2018-06-26 00:00:00-04:00,72.0,72.0,65.0,67.0,1736,0.0,0.0
2018-06-27 00:00:00-04:00,67.0,73.0,67.0,69.0,2577,0.0,0.0
2018-06-28 00:00:00-04:00,71.0,75.0,61.0,66.0,4803,0.0,0.0
2018-06-29 00:00:00-04:00,65.0,66.0,61.0,62.0,3929,0.0,0.0
2018-07-02 00:00:00-04:00,60.0,62.0,58.0,60.0,2185,0.0,0.0
2018-07-03 00:00:00-04:00,60.0,62.0,57.0,60.0,1096,0.0,0.0
2018-07-05 00:00:00-04:00,64.0,69.0,59.0,61.0,4022,0.0,0.0
2018-07-06 00:00:00-04:00,62.0,63.0,60.0,60.0,3508,0.0,0.0
2018-07-09 00:00:00-04:00,70.0,82.0,63.0,73.0,15550,0.0,0.0
2018-07-10 00:00:00-04:00,73.0,82.0,70.0,79.0,12599,0.0,0.0
2018-07-11 00:00:00-04:00,80.0,80.0,72.0,74.0,4815,0.0,0.0
2018-07-12 00:00:00-04:00,74.0,77.0,70.0,72.0,2533,0.0,0.0
2018-07-13 00:00:00-04:00,70.0,74.0,70.0,74.0,1290,0.0,0.0
2018-07-16 00:00:00-04:00,66.0,82.0,66.0,75.0,22877,0.0,0.0
2018-07-17 00:00:00-04:00,112.0,127.5999984741211,71.5999984741211,73.80000305175781,296720,0.0,0.1
2018-07-18 00:00:00-04:00,79.4000015258789,79.4000015258789,63.5,68.0,66320,0.0,0.0
2018-07-19 00:00:00-04:00,67.4000015258789,73.5,59.5,62.599998474121094,42740,0.0,0.0
2018-07-20 00:00:00-04:00,68.69999694824219,72.69999694824219,63.900001525878906,66.9000015258789,29840,0.0,0.0
2018-07-23 00:00:00-04:00,66.4000015258789,69.69999694824219,65.0999984741211,67.0,6170,0.0,0.0
2018-07-24 00:00:00-04:00,67.0999984741211,67.0999984741211,62.70000076293945,65.30000305175781,9660,0.0,0.0
2018-07-25 00:00:00-04:00,64.80000305175781,65.80000305175781,58.099998474121094,59.599998474121094,24500,0.0,0.0
2018-07-26 00:00:00-04:00,69.30000305175781,71.5,52.0,53.29999923706055,33410,0.0,0.0
2018-07-27 00:00:00-04:00,38.0,38.0,31.5,33.5,134640,0.0,0.0
2018-07-30 00:00:00-04:00,34.599998474121094,34.79999923706055,33.5,34.400001525878906,23370,0.0,0.0
2018-07-31 00:00:00-04:00,34.0,34.900001525878906,31.5,31.899999618530273,22720,0.0,0.0
2018-08-01 00:00:00-04:00,34.0,34.0,30.700000762939453,32.5,21380,0.0,0.0
2018-08-02 00:00:00-04:00,33.0,33.5,31.200000762939453,31.899999618530273,11690,0.0,0.0
2018-08-03 00:00:00-04:00,32.099998474121094,33.20000076293945,31.600000381469727,32.20000076293945,11900,0.0,0.0
2018-08-06 00:00:00-04:00,32.5,34.0,31.5,32.5,12240,0.0,0.0
2018-08-07 00:00:00-04:00,32.5,33.0,30.899999618530273,31.700000762939453,6290,0.0,0.0
2018-08-08 00:00:00-04:00,32.599998474121094,32.599998474121094,30.600000381469727,31.299999237060547,8680,0.0,0.0
2018-08-09 00:00:00-04:00,31.100000381469727,33.0,30.0,31.200000762939453,13070,0.0,0.0
2018-08-10 00:00:00-04:00,30.700000762939453,31.600000381469727,27.5,28.5,22820,0.0,0.0
2018-08-13 00:00:00-04:00,28.5,30.100000381469727,25.200000762939453,29.5,82630,0.0,0.0
2018-08-14 00:00:00-04:00,29.899999618530273,29.899999618530273,26.5,27.899999618530273,8620,0.0,0.0
2018-08-15 00:00:00-04:00,28.200000762939453,28.200000762939453,26.5,27.200000762939453,8010,0.0,0.0
2018-08-16 00:00:00-04:00,26.600000381469727,28.700000762939453,26.600000381469727,28.600000381469727,7480,0.0,0.0
2018-08-17 00:00:00-04:00,28.700000762939453,30.5,27.700000762939453,30.0,15000,0.0,0.0
2018-08-20 00:00:00-04:00,31.399999618530273,31.399999618530273,27.200000762939453,28.0,32400,0.0,0.0
2018-08-21 00:00:00-04:00,27.899999618530273,27.899999618530273,26.700000762939453,27.100000381469727,9910,0.0,0.0
2018-08-22 00:00:00-04:00,27.600000381469727,28.0,26.899999618530273,27.200000762939453,8560,0.0,0.0
2018-08-23 00:00:00-04:00,27.799999237060547,28.0,27.200000762939453,27.299999237060547,3380,0.0,0.0
2018-08-24 00:00:00-04:00,28.0,28.200000762939453,26.200000762939453,27.799999237060547,8850,0.0,0.0
2018-08-27 00:00:00-04:00,28.0,28.0,27.0,27.0,7270,0.0,0.0
2018-08-28 00:00:00-04:00,27.0,29.0,27.0,28.200000762939453,30960,0.0,0.0
2018-08-29 00:00:00-04:00,28.200000762939453,29.399999618530273,28.200000762939453,28.700000762939453,13110,0.0,0.0
2018-08-30 00:00:00-04:00,28.899999618530273,30.200000762939453,28.799999237060547,29.200000762939453,13170,0.0,0.0
2018-08-31 00:00:00-04:00,29.600000381469727,31.5,29.0,30.100000381469727,14030,0.0,0.0
2018-09-04 00:00:00-04:00,31.0,31.0,28.0,28.5,10260,0.0,0.0
2018-09-05 00:00:00-04:00,28.5,28.600000381469727,26.700000762939453,26.799999237060547,11450,0.0,0.0
2018-09-06 00:00:00-04:00,26.899999618530273,27.600000381469727,25.799999237060547,26.0,9230,0.0,0.0
2018-09-07 00:00:00-04:00,26.0,26.799999237060547,25.0,25.100000381469727,13220,0.0,0.0
2018-09-10 00:00:00-04:00,24.899999618530273,25.5,23.600000381469727,23.799999237060547,12330,0.0,0.0
2018-09-11 00:00:00-04:00,23.799999237060547,23.799999237060547,22.100000381469727,23.700000762939453,18660,0.0,0.0
2018-09-12 00:00:00-04:00,23.700000762939453,24.5,22.399999618530273,23.0,12210,0.0,0.0
2018-09-13 00:00:00-04:00,23.299999237060547,23.299999237060547,22.399999618530273,22.399999618530273,9430,0.0,0.0
2018-09-14 00:00:00-04:00,22.799999237060547,22.799999237060547,21.899999618530273,21.899999618530273,6520,0.0,0.0
2018-09-17 00:00:00-04:00,26.299999237060547,26.799999237060547,20.299999237060547,22.200000762939453,90520,0.0,0.0
2018-09-18 00:00:00-04:00,21.100000381469727,23.299999237060547,20.700000762939453,22.799999237060547,19740,0.0,0.0
2018-09-19 00:00:00-04:00,22.600000381469727,24.200000762939453,22.399999618530273,24.200000762939453,14400,0.0,0.0
2018-09-20 00:00:00-04:00,24.5,29.100000381469727,22.299999237060547,27.600000381469727,49470,0.0,0.0
2018-09-21 00:00:00-04:00,27.600000381469727,28.399999618530273,26.200000762939453,27.0,10180,0.0,0.0
2018-09-24 00:00:00-04:00,26.799999237060547,27.0,25.200000762939453,26.799999237060547,11930,0.0,0.0
2018-09-25 00:00:00-04:00,27.299999237060547,28.399999618530273,26.399999618530273,26.899999618530273,24970,0.0,0.0
2018-09-26 00:00:00-04:00,27.5,35.900001525878906,26.5,33.5,138140,0.0,0.0
2018-09-27 00:00:00-04:00,31.700000762939453,34.0,27.799999237060547,30.700000762939453,44060,0.0,0.0
2018-09-28 00:00:00-04:00,30.0,31.0,27.5,30.0,28460,0.0,0.0
2018-10-01 00:00:00-04:00,31.299999237060547,34.0,30.600000381469727,32.900001525878906,31000,0.0,0.0
2018-10-02 00:00:00-04:00,39.20000076293945,42.79999923706055,32.0,36.900001525878906,514720,0.0,0.0
2018-10-03 00:00:00-04:00,33.5,36.5,29.200000762939453,29.799999237060547,82350,0.0,0.0
2018-10-04 00:00:00-04:00,29.600000381469727,31.299999237060547,28.0,31.200000762939453,30430,0.0,0.0
2018-10-05 00:00:00-04:00,31.0,31.0,26.299999237060547,27.100000381469727,31690,0.0,0.0
2018-10-08 00:00:00-04:00,28.399999618530273,29.700000762939453,25.799999237060547,27.200000762939453,21970,0.0,0.0
2018-10-09 00:00:00-04:00,27.0,27.0,25.600000381469727,26.100000381469727,13380,0.0,0.0
2018-10-10 00:00:00-04:00,25.899999618530273,25.899999618530273,24.700000762939453,25.299999237060547,14300,0.0,0.0
2018-10-11 00:00:00-04:00,25.100000381469727,25.799999237060547,24.700000762939453,25.0,6110,0.0,0.0
2018-10-12 00:00:00-04:00,25.600000381469727,26.399999618530273,24.700000762939453,26.100000381469727,12820,0.0,0.0
2018-10-15 00:00:00-04:00,25.899999618530273,26.899999618530273,25.399999618530273,26.899999618530273,3450,0.0,0.0
2018-10-16 00:00:00-04:00,26.799999237060547,29.299999237060547,26.299999237060547,27.5,20120,0.0,0.0
2018-10-17 00:00:00-04:00,27.399999618530273,28.200000762939453,27.0,27.5,3390,0.0,0.0
2018-10-18 00:00:00-04:00,27.299999237060547,28.5,26.600000381469727,27.0,7320,0.0,0.0
2018-10-19 00:00:00-04:00,26.799999237060547,27.600000381469727,26.5,26.899999618530273,3880,0.0,0.0
2018-10-22 00:00:00-04:00,26.799999237060547,28.299999237060547,26.100000381469727,27.200000762939453,12350,0.0,0.0
2018-10-23 00:00:00-04:00,26.5,26.700000762939453,25.399999618530273,25.799999237060547,10560,0.0,0.0
2018-10-24 00:00:00-04:00,26.0,26.700000762939453,25.100000381469727,25.700000762939453,4650,0.0,0.0
2018-10-25 00:00:00-04:00,25.799999237060547,26.600000381469727,25.200000762939453,26.299999237060547,3200,0.0,0.0
2018-10-26 00:00:00-04:00,26.0,26.0,25.299999237060547,25.399999618530273,1360,0.0,0.0
2018-10-29 00:00:00-04:00,25.399999618530273,26.299999237060547,25.0,25.0,3650,0.0,0.0
2018-10-30 00:00:00-04:00,25.399999618530273,25.399999618530273,23.100000381469727,23.100000381469727,17070,0.0,0.0
2018-10-31 00:00:00-04:00,23.899999618530273,25.0,23.0,24.799999237060547,3040,0.0,0.0
2018-11-01 00:00:00-04:00,24.899999618530273,26.700000762939453,24.5,24.5,3930,0.0,0.0
2018-11-02 00:00:00-04:00,25.600000381469727,26.799999237060547,25.0,25.399999618530273,2570,0.0,0.0
2018-11-05 00:00:00-05:00,25.700000762939453,26.799999237060547,25.200000762939453,26.399999618530273,2600,0.0,0.0
2018-11-06 00:00:00-05:00,26.200000762939453,27.299999237060547,25.299999237060547,25.5,2110,0.0,0.0
2018-11-07 00:00:00-05:00,25.399999618530273,26.299999237060547,25.399999618530273,26.0,1660,0.0,0.0
2018-11-08 00:00:00-05:00,25.799999237060547,27.399999618530273,24.100000381469727,26.0,2760,0.0,0.0
2018-11-09 00:00:00-05:00,26.399999618530273,26.700000762939453,25.299999237060547,26.0,2340,0.0,0.0
2018-11-12 00:00:00-05:00,25.799999237060547,26.299999237060547,24.299999237060547,25.200000762939453,4110,0.0,0.0
2018-11-13 00:00:00-05:00,24.100000381469727,25.399999618530273,23.5,24.399999618530273,6480,0.0,0.0
2018-11-14 00:00:00-05:00,23.600000381469727,24.100000381469727,21.700000762939453,22.899999618530273,5240,0.0,0.0
2018-11-15 00:00:00-05:00,22.5,24.200000762939453,21.799999237060547,23.0,2520,0.0,0.0
2018-11-16 00:00:00-05:00,22.399999618530273,23.399999618530273,22.399999618530273,23.0,1930,0.0,0.0
2018-11-19 00:00:00-05:00,22.5,23.600000381469727,21.600000381469727,22.0,4320,0.0,0.0
2018-11-20 00:00:00-05:00,21.700000762939453,22.299999237060547,20.899999618530273,21.5,3810,0.0,0.0
2018-11-21 00:00:00-05:00,21.299999237060547,23.899999618530273,20.200000762939453,23.399999618530273,10660,0.0,0.0
2018-11-23 00:00:00-05:00,23.399999618530273,24.799999237060547,22.100000381469727,24.200000762939453,2050,0.0,0.0
2018-11-26 00:00:00-05:00,24.100000381469727,24.700000762939453,23.700000762939453,24.399999618530273,1300,0.0,0.0
2018-11-27 00:00:00-05:00,24.399999618530273,24.399999618530273,22.5,22.600000381469727,1540,0.0,0.0
2018-11-28 00:00:00-05:00,22.299999237060547,22.899999618530273,22.100000381469727,22.5,1300,0.0,0.0
2018-11-29 00:00:00-05:00,22.299999237060547,23.0,22.0,22.5,1910,0.0,0.0
2018-11-30 00:00:00-05:00,22.299999237060547,23.799999237060547,22.200000762939453,22.299999237060547,1940,0.0,0.0
2018-12-03 00:00:00-05:00,22.799999237060547,23.200000762939453,22.200000762939453,22.299999237060547,1910,0.0,0.0
2018-12-04 00:00:00-05:00,22.5,23.700000762939453,22.0,22.5,1540,0.0,0.0
2018-12-06 00:00:00-05:00,22.5,22.5,21.200000762939453,21.799999237060547,2230,0.0,0.0
2018-12-07 00:00:00-05:00,21.899999618530273,21.899999618530273,21.100000381469727,21.399999618530273,4260,0.0,0.0
2018-12-10 00:00:00-05:00,21.299999237060547,23.0,21.200000762939453,21.899999618530273,5020,0.0,0.0
2018-12-11 00:00:00-05:00,24.5,27.5,20.600000381469727,21.799999237060547,88190,0.0,0.0
2018-12-12 00:00:00-05:00,20.700000762939453,23.299999237060547,20.600000381469727,23.0,10460,0.0,0.0
2018-12-13 00:00:00-05:00,22.899999618530273,23.0,22.0,22.0,2750,0.0,0.0
2018-12-14 00:00:00-05:00,22.100000381469727,22.700000762939453,22.100000381469727,22.700000762939453,1580,0.0,0.0
2018-12-17 00:00:00-05:00,22.200000762939453,22.5,21.200000762939453,21.399999618530273,4720,0.0,0.0
2018-12-18 00:00:00-05:00,21.600000381469727,21.600000381469727,20.0,20.0,6530,0.0,0.0
2018-12-19 00:00:00-05:00,19.700000762939453,20.399999618530273,19.0,19.299999237060547,3800,0.0,0.0
2018-12-20 00:00:00-05:00,19.5,19.5,16.799999237060547,17.399999618530273,7840,0.0,0.0
2018-12-21 00:00:00-05:00,17.299999237060547,18.299999237060547,14.0,14.800000190734863,6930,0.0,0.0
2018-12-24 00:00:00-05:00,14.300000190734863,15.0,12.199999809265137,12.899999618530273,7150,0.0,0.0
2018-12-26 00:00:00-05:00,13.199999809265137,14.100000381469727,13.0,13.899999618530273,3660,0.0,0.0
2018-12-27 00:00:00-05:00,14.5,14.899999618530273,13.300000190734863,14.699999809265137,8960,0.0,0.0
2018-12-28 00:00:00-05:00,15.899999618530273,15.899999618530273,14.699999809265137,15.199999809265137,4930,0.0,0.0
2018-12-31 00:00:00-05:00,15.0,15.5,14.5,15.5,6050,0.0,0.0
2019-01-02 00:00:00-05:00,15.300000190734863,17.799999237060547,14.800000190734863,15.800000190734863,4340,0.0,0.0
2019-01-03 00:00:00-05:00,16.0,17.899999618530273,15.300000190734863,16.100000381469727,1980,0.0,0.0
2019-01-04 00:00:00-05:00,15.5,17.299999237060547,15.5,17.200000762939453,3570,0.0,0.0
2019-01-07 00:00:00-05:00,16.399999618530273,19.5,16.399999618530273,18.600000381469727,10600,0.0,0.0
2019-01-08 00:00:00-05:00,18.899999618530273,19.200000762939453,17.100000381469727,18.799999237060547,2010,0.0,0.0
2019-01-09 00:00:00-05:00,18.299999237060547,19.0,18.299999237060547,18.899999618530273,1400,0.0,0.0
2019-01-10 00:00:00-05:00,18.700000762939453,18.700000762939453,16.799999237060547,17.799999237060547,1710,0.0,0.0
2019-01-11 00:00:00-05:00,18.100000381469727,18.899999618530273,17.399999618530273,18.399999618530273,1320,0.0,0.0
2019-01-14 00:00:00-05:00,18.399999618530273,18.399999618530273,16.0,17.899999618530273,2320,0.0,0.0
2019-01-15 00:00:00-05:00,17.799999237060547,18.700000762939453,17.100000381469727,17.799999237060547,2070,0.0,0.0
2019-01-16 00:00:00-05:00,18.5,19.600000381469727,17.299999237060547,19.600000381469727,10230,0.0,0.0
2019-01-17 00:00:00-05:00,19.600000381469727,20.799999237060547,19.399999618530273,19.899999618530273,6370,0.0,0.0
2019-01-18 00:00:00-05:00,21.600000381469727,24.299999237060547,17.100000381469727,20.200000762939453,27310,0.0,0.0
2019-01-22 00:00:00-05:00,20.399999618530273,21.299999237060547,19.0,20.600000381469727,5090,0.0,0.0
2019-01-23 00:00:00-05:00,20.399999618530273,20.5,19.0,19.399999618530273,5700,0.0,0.0
2019-01-24 00:00:00-05:00,19.299999237060547,20.700000762939453,19.299999237060547,20.5,2040,0.0,0.0
2019-01-25 00:00:00-05:00,20.5,21.200000762939453,20.100000381469727,20.299999237060547,1430,0.0,0.0
2019-01-28 00:00:00-05:00,20.5,20.700000762939453,19.5,20.200000762939453,1500,0.0,0.0
2019-01-29 00:00:00-05:00,20.0,20.899999618530273,19.299999237060547,19.799999237060547,2330,0.0,0.0
2019-01-30 00:00:00-05:00,20.100000381469727,20.200000762939453,19.200000762939453,20.200000762939453,1710,0.0,0.0
2019-01-31 00:00:00-05:00,20.0,20.799999237060547,19.5,19.5,7000,0.0,0.0
2019-02-01 00:00:00-05:00,20.200000762939453,21.0,19.299999237060547,20.299999237060547,4290,0.0,0.0
2019-02-04 00:00:00-05:00,20.100000381469727,20.799999237060547,19.5,19.700000762939453,1160,0.0,0.0
2019-02-05 00:00:00-05:00,20.100000381469727,20.799999237060547,19.399999618530273,19.399999618530273,6260,0.0,0.0
2019-02-06 00:00:00-05:00,20.0,20.5,19.399999618530273,19.5,4040,0.0,0.0
2019-02-07 00:00:00-05:00,19.899999618530273,19.899999618530273,19.399999618530273,19.399999618530273,1790,0.0,0.0
2019-02-08 00:00:00-05:00,19.399999618530273,19.600000381469727,19.200000762939453,19.200000762939453,3070,0.0,0.0
2019-02-11 00:00:00-05:00,19.200000762939453,19.5,18.0,18.0,5820,0.0,0.0
2019-02-12 00:00:00-05:00,18.700000762939453,18.700000762939453,17.5,18.100000381469727,2340,0.0,0.0
2019-02-13 00:00:00-05:00,18.600000381469727,19.5,18.600000381469727,19.200000762939453,3620,0.0,0.0
2019-02-14 00:00:00-05:00,19.600000381469727,19.600000381469727,18.200000762939453,18.200000762939453,2270,0.0,0.0
2019-02-15 00:00:00-05:00,18.200000762939453,19.0,18.200000762939453,19.0,3520,0.0,0.0
2019-02-19 00:00:00-05:00,19.299999237060547,19.399999618530273,18.200000762939453,19.399999618530273,4770,0.0,0.0
2019-02-20 00:00:00-05:00,19.0,20.600000381469727,19.0,20.299999237060547,10930,0.0,0.0
2019-02-21 00:00:00-05:00,20.299999237060547,20.5,19.5,20.299999237060547,3890,0.0,0.0
2019-02-22 00:00:00-05:00,20.200000762939453,20.700000762939453,20.100000381469727,20.5,8940,0.0,0.0
2019-02-25 00:00:00-05:00,21.799999237060547,24.0,19.700000762939453,20.299999237060547,65060,0.0,0.0
2019-02-26 00:00:00-05:00,18.100000381469727,20.899999618530273,17.0,19.700000762939453,12250,0.0,0.0
2019-02-27 00:00:00-05:00,19.100000381469727,20.5,19.100000381469727,20.100000381469727,2250,0.0,0.0
2019-02-28 00:00:00-05:00,19.899999618530273,20.399999618530273,19.799999237060547,20.299999237060547,2200,0.0,0.0
2019-03-01 00:00:00-05:00,20.5,20.5,19.299999237060547,20.5,5330,0.0,0.0
2019-03-04 00:00:00-05:00,20.0,20.0,19.299999237060547,19.600000381469727,2580,0.0,0.0
2019-03-05 00:00:00-05:00,19.5,20.0,19.200000762939453,19.5,2260,0.0,0.0
2019-03-06 00:00:00-05:00,19.399999618530273,20.399999618530273,18.5,19.100000381469727,3360,0.0,0.0
2019-03-07 00:00:00-05:00,19.100000381469727,23.5,18.700000762939453,20.200000762939453,63740,0.0,0.0
2019-03-08 00:00:00-05:00,20.0,21.700000762939453,19.5,21.200000762939453,21810,0.0,0.0
2019-03-11 00:00:00-04:00,20.700000762939453,22.799999237060547,20.100000381469727,21.299999237060547,8200,0.0,0.0
2019-03-12 00:00:00-04:00,21.200000762939453,23.5,21.200000762939453,21.700000762939453,13690,0.0,0.0
2019-03-13 00:00:00-04:00,22.0,22.5,20.0,20.899999618530273,15670,0.0,0.0
2019-03-14 00:00:00-04:00,20.899999618530273,22.299999237060547,20.5,21.600000381469727,15360,0.0,0.0
2019-03-15 00:00:00-04:00,21.600000381469727,26.5,21.600000381469727,23.399999618530273,84880,0.0,0.0
2019-03-18 00:00:00-04:00,24.5,27.399999618530273,22.600000381469727,27.399999618530273,46790,0.0,0.0
2019-03-19 00:00:00-04:00,36.0,37.5,25.600000381469727,28.5,501810,0.0,0.0
2019-03-20 00:00:00-04:00,27.100000381469727,27.100000381469727,24.0,24.200000762939453,48440,0.0,0.0
2019-03-21 00:00:00-04:00,24.399999618530273,25.600000381469727,23.299999237060547,24.600000381469727,15670,0.0,0.0
2019-03-22 00:00:00-04:00,24.399999618530273,24.700000762939453,22.600000381469727,23.100000381469727,14670,0.0,0.0
2019-03-25 00:00:00-04:00,22.899999618530273,23.0,22.0,22.700000762939453,9120,0.0,0.0
2019-03-26 00:00:00-04:00,22.700000762939453,23.0,21.600000381469727,22.399999618530273,13440,0.0,0.0
2019-03-27 00:00:00-04:00,22.200000762939453,22.600000381469727,21.100000381469727,21.700000762939453,10470,0.0,0.0
2019-03-28 00:00:00-04:00,21.600000381469727,23.799999237060547,21.399999618530273,23.5,15150,0.0,0.0
2019-03-29 00:00:00-04:00,23.5,24.600000381469727,21.899999618530273,23.5,7550,0.0,0.0
2019-04-01 00:00:00-04:00,23.5,24.600000381469727,23.100000381469727,24.299999237060547,9500,0.0,0.0
2019-04-02 00:00:00-04:00,24.600000381469727,25.0,23.600000381469727,24.200000762939453,6780,0.0,0.0
2019-04-03 00:00:00-04:00,24.799999237060547,25.299999237060547,23.600000381469727,24.700000762939453,9720,0.0,0.0
2019-04-04 00:00:00-04:00,24.799999237060547,25.399999618530273,23.799999237060547,24.299999237060547,4450,0.0,0.0
2019-04-05 00:00:00-04:00,24.200000762939453,25.100000381469727,24.100000381469727,24.700000762939453,4930,0.0,0.0
2019-04-08 00:00:00-04:00,24.700000762939453,25.399999618530273,24.399999618530273,24.899999618530273,5760,0.0,0.0
2019-04-09 00:00:00-04:00,24.700000762939453,25.399999618530273,23.700000762939453,23.799999237060547,6730,0.0,0.0
2019-04-10 00:00:00-04:00,23.700000762939453,24.299999237060547,23.700000762939453,24.299999237060547,4350,0.0,0.0
2019-04-11 00:00:00-04:00,24.799999237060547,24.799999237060547,24.100000381469727,24.600000381469727,3420,0.0,0.0
2019-04-12 00:00:00-04:00,24.600000381469727,24.600000381469727,23.100000381469727,23.399999618530273,3340,0.0,0.0
2019-04-15 00:00:00-04:00,23.5,24.399999618530273,23.100000381469727,23.700000762939453,3310,0.0,0.0
2019-04-16 00:00:00-04:00,23.5,24.100000381469727,22.899999618530273,23.700000762939453,2180,0.0,0.0
2019-04-17 00:00:00-04:00,23.600000381469727,24.299999237060547,23.0,24.299999237060547,2040,0.0,0.0
2019-04-18 00:00:00-04:00,23.799999237060547,23.899999618530273,23.0,23.399999618530273,2010,0.0,0.0
2019-04-22 00:00:00-04:00,23.200000762939453,23.5,22.899999618530273,23.399999618530273,2410,0.0,0.0
2019-04-23 00:00:00-04:00,23.200000762939453,24.0,23.100000381469727,24.0,1600,0.0,0.0
2019-04-24 00:00:00-04:00,23.799999237060547,26.299999237060547,23.700000762939453,24.5,18260,0.0,0.0
2019-04-25 00:00:00-04:00,25.299999237060547,25.399999618530273,23.100000381469727,23.899999618530273,5190,0.0,0.0
2019-04-26 00:00:00-04:00,24.0,24.0,22.200000762939453,23.0,7510,0.0,0.0
2019-04-29 00:00:00-04:00,22.899999618530273,25.100000381469727,22.899999618530273,23.200000762939453,5390,0.0,0.0
2019-04-30 00:00:00-04:00,23.100000381469727,23.799999237060547,21.0,22.399999618530273,5070,0.0,0.0
2019-05-01 00:00:00-04:00,23.299999237060547,23.799999237060547,20.200000762939453,22.200000762939453,9130,0.0,0.0
2019-05-02 00:00:00-04:00,22.600000381469727,22.600000381469727,20.5,21.600000381469727,10550,0.0,0.0
2019-05-03 00:00:00-04:00,21.600000381469727,24.899999618530273,21.600000381469727,24.200000762939453,15500,0.0,0.0
2019-05-06 00:00:00-04:00,25.5,25.799999237060547,23.899999618530273,24.100000381469727,40430,0.0,0.0
2019-05-07 00:00:00-04:00,22.600000381469727,24.899999618530273,22.600000381469727,23.100000381469727,6420,0.0,0.0
2019-05-08 00:00:00-04:00,23.700000762939453,23.700000762939453,21.899999618530273,22.5,6300,0.0,0.0
2019-05-09 00:00:00-04:00,22.0,23.0,21.600000381469727,21.600000381469727,6450,0.0,0.0
2019-05-10 00:00:00-04:00,21.600000381469727,23.5,21.600000381469727,22.5,5270,0.0,0.0
2019-05-13 00:00:00-04:00,24.399999618530273,24.799999237060547,21.799999237060547,22.899999618530273,177050,0.0,0.0
2019-05-14 00:00:00-04:00,22.100000381469727,23.299999237060547,22.0,22.799999237060547,20070,0.0,0.0
2019-05-15 00:00:00-04:00,24.600000381469727,31.299999237060547,24.100000381469727,28.200000762939453,1489490,0.0,0.0
2019-05-16 00:00:00-04:00,22.399999618530273,22.899999618530273,20.5,21.799999237060547,245050,0.0,0.0
2019-05-17 00:00:00-04:00,21.200000762939453,21.299999237060547,19.700000762939453,20.0,95260,0.0,0.0
2019-05-20 00:00:00-04:00,20.0,20.0,17.799999237060547,18.600000381469727,40460,0.0,0.0
2019-05-21 00:00:00-04:00,20.5,20.899999618530273,18.299999237060547,19.700000762939453,113330,0.0,0.0
2019-05-22 00:00:00-04:00,19.399999618530273,19.700000762939453,18.100000381469727,19.399999618530273,32720,0.0,0.0
2019-05-23 00:00:00-04:00,19.0,20.100000381469727,18.5,19.899999618530273,25440,0.0,0.0
2019-05-24 00:00:00-04:00,19.899999618530273,21.100000381469727,19.200000762939453,21.0,49700,0.0,0.0
2019-05-28 00:00:00-04:00,21.0,23.5,20.5,22.5,33790,0.0,0.0
2019-05-29 00:00:00-04:00,22.200000762939453,24.0,21.5,23.600000381469727,48140,0.0,0.0
2019-05-30 00:00:00-04:00,24.0,24.0,22.399999618530273,23.100000381469727,9090,0.0,0.0
2019-05-31 00:00:00-04:00,22.5,22.700000762939453,21.5,21.5,9310,0.0,0.0
2019-06-03 00:00:00-04:00,20.799999237060547,21.899999618530273,20.799999237060547,21.399999618530273,10060,0.0,0.0
2019-06-04 00:00:00-04:00,22.0,23.700000762939453,22.0,23.200000762939453,15750,0.0,0.0
2019-06-05 00:00:00-04:00,23.5,23.5,22.799999237060547,23.399999618530273,6590,0.0,0.0
2019-06-06 00:00:00-04:00,23.100000381469727,23.399999618530273,22.799999237060547,23.100000381469727,8010,0.0,0.0
2019-06-07 00:00:00-04:00,23.0,23.5,22.799999237060547,23.0,8130,0.0,0.0
2019-06-10 00:00:00-04:00,23.399999618530273,23.399999618530273,22.200000762939453,22.299999237060547,8730,0.0,0.0
2019-06-11 00:00:00-04:00,22.600000381469727,23.0,22.100000381469727,22.600000381469727,7800,0.0,0.0
2019-06-12 00:00:00-04:00,22.100000381469727,22.200000762939453,20.5,21.100000381469727,18250,0.0,0.0
2019-06-13 00:00:00-04:00,21.399999618530273,22.5,21.100000381469727,21.5,10140,0.0,0.0
2019-06-14 00:00:00-04:00,21.299999237060547,22.200000762939453,21.299999237060547,22.100000381469727,12930,0.0,0.0
2019-06-17 00:00:00-04:00,21.899999618530273,23.100000381469727,21.100000381469727,22.600000381469727,14630,0.0,0.0
2019-06-18 00:00:00-04:00,22.899999618530273,23.299999237060547,21.399999618530273,22.5,17510,0.0,0.0
2019-06-19 00:00:00-04:00,22.399999618530273,22.399999618530273,21.399999618530273,21.899999618530273,12430,0.0,0.0
2019-06-20 00:00:00-04:00,22.0,23.0,21.100000381469727,22.200000762939453,14540,0.0,0.0
2019-06-21 00:00:00-04:00,22.5,23.200000762939453,21.600000381469727,22.299999237060547,10640,0.0,0.0
2019-06-24 00:00:00-04:00,22.299999237060547,23.5,21.5,21.799999237060547,23400,0.0,0.0
2019-06-25 00:00:00-04:00,21.799999237060547,23.200000762939453,21.200000762939453,21.299999237060547,17150,0.0,0.0
2019-06-26 00:00:00-04:00,21.5,22.399999618530273,21.0,21.200000762939453,14190,0.0,0.0
2019-06-27 00:00:00-04:00,21.200000762939453,21.600000381469727,20.5,21.0,11860,0.0,0.0
2019-06-28 00:00:00-04:00,20.799999237060547,21.899999618530273,20.5,21.799999237060547,17960,0.0,0.0
2019-07-01 00:00:00-04:00,22.299999237060547,22.399999618530273,21.200000762939453,21.299999237060547,5130,0.0,0.0
2019-07-02 00:00:00-04:00,21.200000762939453,22.0,21.0,21.799999237060547,7890,0.0,0.0
2019-07-03 00:00:00-04:00,21.5,21.5,21.100000381469727,21.100000381469727,3670,0.0,0.0
2019-07-05 00:00:00-04:00,21.0,21.5,21.0,21.399999618530273,4210,0.0,0.0
2019-07-08 00:00:00-04:00,21.5,21.600000381469727,20.5,21.0,13990,0.0,0.0
2019-07-09 00:00:00-04:00,22.0,22.5,20.600000381469727,21.200000762939453,84440,0.0,0.0
2019-07-10 00:00:00-04:00,21.0,21.0,20.200000762939453,20.5,14790,0.0,0.0
2019-07-11 00:00:00-04:00,20.5,21.600000381469727,20.299999237060547,21.100000381469727,19700,0.0,0.0
2019-07-12 00:00:00-04:00,21.299999237060547,21.899999618530273,21.200000762939453,21.600000381469727,13020,0.0,0.0
2019-07-15 00:00:00-04:00,21.100000381469727,22.0,21.100000381469727,21.399999618530273,10720,0.0,0.0
2019-07-16 00:00:00-04:00,21.299999237060547,21.799999237060547,21.299999237060547,21.399999618530273,7240,0.0,0.0
2019-07-17 00:00:00-04:00,21.600000381469727,21.600000381469727,21.200000762939453,21.5,3080,0.0,0.0
2019-07-18 00:00:00-04:00,21.5,21.5,21.0,21.5,8360,0.0,0.0
2019-07-19 00:00:00-04:00,21.399999618530273,21.399999618530273,20.700000762939453,21.0,12150,0.0,0.0
2019-07-22 00:00:00-04:00,20.899999618530273,21.700000762939453,20.899999618530273,21.299999237060547,6750,0.0,0.0
2019-07-23 00:00:00-04:00,21.5,21.899999618530273,20.700000762939453,21.299999237060547,4600,0.0,0.0
2019-07-24 00:00:00-04:00,21.100000381469727,21.600000381469727,21.100000381469727,21.200000762939453,9290,0.0,0.0
2019-07-25 00:00:00-04:00,21.299999237060547,21.799999237060547,21.200000762939453,21.200000762939453,3230,0.0,0.0
2019-07-26 00:00:00-04:00,21.200000762939453,21.899999618530273,21.0,21.5,7910,0.0,0.0
2019-07-29 00:00:00-04:00,21.399999618530273,21.5,21.0,21.399999618530273,7650,0.0,0.0
2019-07-30 00:00:00-04:00,22.0,22.100000381469727,21.0,21.700000762939453,37850,0.0,0.0
2019-07-31 00:00:00-04:00,21.899999618530273,22.5,21.299999237060547,21.899999618530273,8450,0.0,0.0
2019-08-01 00:00:00-04:00,21.899999618530273,22.399999618530273,21.700000762939453,21.700000762939453,13050,0.0,0.0
2019-08-02 00:00:00-04:00,21.5,22.0,21.399999618530273,21.5,2480,0.0,0.0
2019-08-05 00:00:00-04:00,21.200000762939453,21.399999618530273,20.799999237060547,21.0,6280,0.0,0.0
2019-08-06 00:00:00-04:00,21.0,21.600000381469727,21.0,21.100000381469727,2660,0.0,0.0
2019-08-07 00:00:00-04:00,21.0,22.0,21.0,22.0,4160,0.0,0.0
2019-08-08 00:00:00-04:00,22.299999237060547,22.299999237060547,21.200000762939453,21.899999618530273,6020,0.0,0.0
2019-08-09 00:00:00-04:00,22.0,22.5,21.799999237060547,22.200000762939453,6340,0.0,0.0
2019-08-12 00:00:00-04:00,22.5,22.5,21.799999237060547,21.899999618530273,4280,0.0,0.0
2019-08-13 00:00:00-04:00,22.799999237060547,22.799999237060547,21.299999237060547,21.299999237060547,4390,0.0,0.0
2019-08-14 00:00:00-04:00,21.200000762939453,22.299999237060547,21.0,21.100000381469727,4910,0.0,0.0
2019-08-15 00:00:00-04:00,21.399999618530273,21.799999237060547,21.0,21.200000762939453,3540,0.0,0.0
2019-08-16 00:00:00-04:00,21.5,22.0,21.100000381469727,21.799999237060547,5580,0.0,0.0
2019-08-19 00:00:00-04:00,22.0,22.0,21.100000381469727,21.700000762939453,4820,0.0,0.0
2019-08-20 00:00:00-04:00,21.899999618530273,21.899999618530273,21.200000762939453,21.299999237060547,4100,0.0,0.0
2019-08-21 00:00:00-04:00,21.600000381469727,21.899999618530273,21.100000381469727,21.600000381469727,3560,0.0,0.0
2019-08-22 00:00:00-04:00,21.399999618530273,22.0,21.100000381469727,21.5,2050,0.0,0.0
2019-08-23 00:00:00-04:00,21.299999237060547,21.899999618530273,21.0,21.200000762939453,3770,0.0,0.0
2019-08-26 00:00:00-04:00,21.200000762939453,21.799999237060547,21.200000762939453,21.399999618530273,3350,0.0,0.0
2019-08-27 00:00:00-04:00,21.5,21.799999237060547,21.0,21.100000381469727,3930,0.0,0.0
2019-08-28 00:00:00-04:00,21.100000381469727,21.5,20.399999618530273,20.5,2900,0.0,0.0
2019-08-29 00:00:00-04:00,21.0,21.799999237060547,20.700000762939453,21.299999237060547,4830,0.0,0.0
2019-08-30 00:00:00-04:00,21.100000381469727,21.799999237060547,20.799999237060547,21.200000762939453,2300,0.0,0.0
2019-09-03 00:00:00-04:00,21.200000762939453,21.5,21.100000381469727,21.100000381469727,2430,0.0,0.0
2019-09-04 00:00:00-04:00,21.5,21.5,21.0,21.299999237060547,6450,0.0,0.0
2019-09-05 00:00:00-04:00,21.5,21.5,21.100000381469727,21.200000762939453,2330,0.0,0.0
2019-09-06 00:00:00-04:00,21.399999618530273,22.0,21.399999618530273,21.899999618530273,3930,0.0,0.0
2019-09-09 00:00:00-04:00,21.899999618530273,23.600000381469727,21.399999618530273,22.700000762939453,14260,0.0,0.0
2019-09-10 00:00:00-04:00,22.799999237060547,23.700000762939453,22.299999237060547,23.200000762939453,14600,0.0,0.0
2019-09-11 00:00:00-04:00,22.0,23.899999618530273,22.0,23.600000381469727,13500,0.0,0.0
2019-09-12 00:00:00-04:00,23.5,24.0,22.5,22.899999618530273,6650,0.0,0.0
2019-09-13 00:00:00-04:00,25.0,26.0,23.100000381469727,23.600000381469727,128930,0.0,0.0
2019-09-16 00:00:00-04:00,23.399999618530273,24.899999618530273,22.200000762939453,24.5,22460,0.0,0.0
2019-09-17 00:00:00-04:00,24.200000762939453,24.5,23.799999237060547,24.100000381469727,7160,0.0,0.0
2019-09-18 00:00:00-04:00,24.100000381469727,24.600000381469727,23.5,24.600000381469727,8650,0.0,0.0
2019-09-19 00:00:00-04:00,24.399999618530273,24.5,24.0,24.299999237060547,5830,0.0,0.0
2019-09-20 00:00:00-04:00,24.200000762939453,25.0,24.100000381469727,24.299999237060547,8930,0.0,0.0
2019-09-23 00:00:00-04:00,24.100000381469727,24.899999618530273,23.5,23.799999237060547,10050,0.0,0.0
2019-09-24 00:00:00-04:00,24.5,25.0,21.0,22.200000762939453,23030,0.0,0.0
2019-09-25 00:00:00-04:00,22.200000762939453,22.5,21.100000381469727,21.100000381469727,9370,0.0,0.0
2019-09-26 00:00:00-04:00,21.299999237060547,21.399999618530273,20.0,20.799999237060547,9280,0.0,0.0
2019-09-27 00:00:00-04:00,20.799999237060547,20.899999618530273,20.100000381469727,20.299999237060547,3880,0.0,0.0
2019-09-30 00:00:00-04:00,20.299999237060547,21.0,19.100000381469727,20.0,11660,0.0,0.0
2019-10-01 00:00:00-04:00,21.0,21.0,19.100000381469727,19.200000762939453,4700,0.0,0.0
2019-10-02 00:00:00-04:00,19.100000381469727,19.200000762939453,17.200000762939453,18.700000762939453,8920,0.0,0.0
2019-10-03 00:00:00-04:00,18.5,19.0,17.700000762939453,18.799999237060547,7450,0.0,0.0
2019-10-04 00:00:00-04:00,18.700000762939453,18.799999237060547,17.5,18.200000762939453,6040,0.0,0.0
2019-10-07 00:00:00-04:00,18.600000381469727,19.0,17.700000762939453,18.399999618530273,7610,0.0,0.0
2019-10-08 00:00:00-04:00,18.200000762939453,18.399999618530273,17.700000762939453,18.0,1130,0.0,0.0
2019-10-09 00:00:00-04:00,18.299999237060547,18.299999237060547,17.200000762939453,17.700000762939453,5210,0.0,0.0
2019-10-10 00:00:00-04:00,17.600000381469727,17.799999237060547,16.299999237060547,16.600000381469727,9780,0.0,0.0
2019-10-11 00:00:00-04:00,16.600000381469727,16.799999237060547,16.0,16.0,7350,0.0,0.0
2019-10-14 00:00:00-04:00,16.299999237060547,17.0,15.600000381469727,16.0,8480,0.0,0.0
2019-10-15 00:00:00-04:00,17.700000762939453,17.700000762939453,14.699999809265137,14.899999618530273,14150,0.0,0.0
2019-10-16 00:00:00-04:00,14.800000190734863,17.5,14.800000190734863,16.100000381469727,20780,0.0,0.0
2019-10-17 00:00:00-04:00,16.100000381469727,17.899999618530273,15.5,16.899999618530273,29940,0.0,0.0
2019-10-18 00:00:00-04:00,17.100000381469727,17.100000381469727,15.699999809265137,15.899999618530273,5460,0.0,0.0
2019-10-21 00:00:00-04:00,15.899999618530273,16.0,15.100000381469727,15.600000381469727,3200,0.0,0.0
2019-10-22 00:00:00-04:00,15.5,15.899999618530273,15.100000381469727,15.100000381469727,4590,0.0,0.0
2019-10-23 00:00:00-04:00,15.100000381469727,19.200000762939453,15.100000381469727,15.899999618530273,28690,0.0,0.0
2019-10-24 00:00:00-04:00,16.100000381469727,16.299999237060547,15.199999809265137,15.800000190734863,7900,0.0,0.0
2019-10-25 00:00:00-04:00,15.699999809265137,16.0,15.399999618530273,15.699999809265137,4690,0.0,0.0
2019-10-28 00:00:00-04:00,15.600000381469727,16.600000381469727,15.600000381469727,15.699999809265137,7140,0.0,0.0
2019-10-29 00:00:00-04:00,15.699999809265137,16.200000762939453,15.5,15.699999809265137,4100,0.0,0.0
2019-10-30 00:00:00-04:00,16.5,17.399999618530273,15.5,15.5,32310,0.0,0.0
2019-10-31 00:00:00-04:00,15.399999618530273,15.5,14.699999809265137,14.800000190734863,6380,0.0,0.0
2019-11-01 00:00:00-04:00,14.899999618530273,15.199999809265137,14.699999809265137,14.899999618530273,3850,0.0,0.0
2019-11-04 00:00:00-05:00,15.100000381469727,15.5,13.100000381469727,14.199999809265137,24980,0.0,0.0
2019-11-05 00:00:00-05:00,14.5,15.0,14.0,14.5,5190,0.0,0.0
2019-11-06 00:00:00-05:00,14.600000381469727,15.0,14.0,14.199999809265137,4470,0.0,0.0
2019-11-07 00:00:00-05:00,14.100000381469727,14.199999809265137,13.600000381469727,13.699999809265137,2910,0.0,0.0
2019-11-08 00:00:00-05:00,13.600000381469727,14.399999618530273,13.600000381469727,13.699999809265137,4320,0.0,0.0
2019-11-11 00:00:00-05:00,13.899999618530273,14.0,12.699999809265137,12.800000190734863,9790,0.0,0.0
2019-11-12 00:00:00-05:00,12.600000381469727,12.800000190734863,10.699999809265137,10.800000190734863,34160,0.0,0.0
2019-11-13 00:00:00-05:00,11.199999809265137,11.899999618530273,11.0,11.199999809265137,8210,0.0,0.0
2019-11-14 00:00:00-05:00,11.199999809265137,11.800000190734863,10.399999618530273,10.600000381469727,6800,0.0,0.0
2019-11-15 00:00:00-05:00,10.5,12.0,10.5,10.899999618530273,11640,0.0,0.0
2019-11-18 00:00:00-05:00,11.399999618530273,11.5,10.800000190734863,11.0,4140,0.0,0.0
2019-11-19 00:00:00-05:00,11.0,12.0,11.0,11.800000190734863,8030,0.0,0.0
2019-11-20 00:00:00-05:00,11.800000190734863,16.5,11.800000190734863,15.699999809265137,72930,0.0,0.0
2019-11-21 00:00:00-05:00,15.600000381469727,17.0,15.100000381469727,15.100000381469727,19500,0.0,0.0
2019-11-22 00:00:00-05:00,15.600000381469727,15.800000190734863,15.100000381469727,15.600000381469727,3490,0.0,0.0
2019-11-25 00:00:00-05:00,15.800000190734863,16.600000381469727,15.199999809265137,16.399999618530273,7360,0.0,0.0
2019-11-26 00:00:00-05:00,16.299999237060547,17.0,16.200000762939453,16.700000762939453,5420,0.0,0.0
2019-11-27 00:00:00-05:00,16.600000381469727,17.5,16.399999618530273,17.5,7990,0.0,0.0
2019-11-29 00:00:00-05:00,17.5,19.399999618530273,17.200000762939453,18.899999618530273,6300,0.0,0.0
2019-12-02 00:00:00-05:00,19.5,22.899999618530273,18.299999237060547,22.100000381469727,24980,0.0,0.0
2019-12-03 00:00:00-05:00,22.5,22.700000762939453,18.600000381469727,20.799999237060547,12400,0.0,0.0
2019-12-04 00:00:00-05:00,21.399999618530273,21.399999618530273,19.799999237060547,20.0,12810,0.0,0.0
2019-12-05 00:00:00-05:00,19.799999237060547,20.0,19.0,19.5,7250,0.0,0.0
2019-12-06 00:00:00-05:00,19.5,20.399999618530273,18.899999618530273,19.100000381469727,8690,0.0,0.0
2019-12-09 00:00:00-05:00,19.0,19.5,19.0,19.299999237060547,2710,0.0,0.0
2019-12-10 00:00:00-05:00,19.100000381469727,22.0,19.100000381469727,21.5,16920,0.0,0.0
2019-12-11 00:00:00-05:00,21.600000381469727,22.5,21.0,21.399999618530273,5420,0.0,0.0
2019-12-12 00:00:00-05:00,21.600000381469727,22.399999618530273,21.100000381469727,22.0,7640,0.0,0.0
2019-12-13 00:00:00-05:00,21.799999237060547,22.5,21.5,21.600000381469727,4680,0.0,0.0
2019-12-16 00:00:00-05:00,22.0,22.399999618530273,20.0,21.5,15530,0.0,0.0
2019-12-17 00:00:00-05:00,21.5,21.700000762939453,20.5,20.899999618530273,4610,0.0,0.0
2019-12-18 00:00:00-05:00,20.700000762939453,20.799999237060547,20.0,20.299999237060547,4340,0.0,0.0
2019-12-19 00:00:00-05:00,20.799999237060547,21.5,20.0,21.5,3000,0.0,0.0
2019-12-20 00:00:00-05:00,21.399999618530273,21.399999618530273,20.700000762939453,20.899999618530273,1250,0.0,0.0
2019-12-23 00:00:00-05:00,21.5,23.299999237060547,20.799999237060547,22.5,40420,0.0,0.0
2019-12-24 00:00:00-05:00,23.0,23.100000381469727,22.100000381469727,22.299999237060547,5920,0.0,0.0
2019-12-26 00:00:00-05:00,22.799999237060547,24.899999618530273,22.399999618530273,24.100000381469727,15170,0.0,0.0
2019-12-27 00:00:00-05:00,24.100000381469727,24.200000762939453,21.5,21.700000762939453,18150,0.0,0.0
2019-12-30 00:00:00-05:00,22.399999618530273,22.799999237060547,21.299999237060547,22.600000381469727,8160,0.0,0.0
2019-12-31 00:00:00-05:00,22.600000381469727,23.799999237060547,21.5,22.5,4480,0.0,0.0
2020-01-02 00:00:00-05:00,22.399999618530273,24.899999618530273,22.200000762939453,24.899999618530273,8820,0.0,0.0
2020-01-03 00:00:00-05:00,24.799999237060547,24.799999237060547,22.899999618530273,23.0,6070,0.0,0.0
2020-01-06 00:00:00-05:00,24.899999618530273,24.899999618530273,23.299999237060547,24.600000381469727,18040,0.0,0.0
2020-01-07 00:00:00-05:00,24.5,25.700000762939453,23.799999237060547,24.299999237060547,16120,0.0,0.0
2020-01-08 00:00:00-05:00,23.799999237060547,24.5,23.700000762939453,23.799999237060547,2660,0.0,0.0
2020-01-09 00:00:00-05:00,23.600000381469727,24.799999237060547,22.700000762939453,24.600000381469727,10470,0.0,0.0
2020-01-10 00:00:00-05:00,25.100000381469727,27.5,24.5,26.799999237060547,51750,0.0,0.0
2020-01-13 00:00:00-05:00,27.399999618530273,27.5,25.100000381469727,25.100000381469727,18630,0.0,0.0
2020-01-14 00:00:00-05:00,25.200000762939453,25.799999237060547,24.0,25.100000381469727,9950,0.0,0.0
2020-01-15 00:00:00-05:00,25.0,25.799999237060547,24.5,25.600000381469727,8540,0.0,0.0
2020-01-16 00:00:00-05:00,25.5,25.600000381469727,24.0,24.799999237060547,10720,0.0,0.0
2020-01-17 00:00:00-05:00,24.399999618530273,25.600000381469727,24.399999618530273,25.399999618530273,4930,0.0,0.0
2020-01-21 00:00:00-05:00,27.5,27.5,25.899999618530273,26.700000762939453,18900,0.0,0.0
2020-01-22 00:00:00-05:00,27.5,27.5,26.100000381469727,26.399999618530273,6410,0.0,0.0
2020-01-23 00:00:00-05:00,26.0,26.799999237060547,25.399999618530273,25.399999618530273,15040,0.0,0.0
2020-01-24 00:00:00-05:00,25.600000381469727,26.5,25.600000381469727,26.200000762939453,10450,0.0,0.0
2020-01-27 00:00:00-05:00,26.200000762939453,27.5,26.0,26.600000381469727,15590,0.0,0.0
2020-01-28 00:00:00-05:00,27.5,28.799999237060547,27.100000381469727,27.399999618530273,19630,0.0,0.0
2020-01-29 00:00:00-05:00,27.799999237060547,27.799999237060547,27.0,27.5,10180,0.0,0.0
2020-01-30 00:00:00-05:00,27.200000762939453,27.799999237060547,26.299999237060547,26.5,10370,0.0,0.0
2020-01-31 00:00:00-05:00,26.399999618530273,27.100000381469727,25.600000381469727,26.799999237060547,8860,0.0,0.0
2020-02-03 00:00:00-05:00,26.799999237060547,28.5,26.5,27.100000381469727,10080,0.0,0.0
2020-02-04 00:00:00-05:00,27.700000762939453,27.700000762939453,26.399999618530273,26.799999237060547,10670,0.0,0.0
2020-02-05 00:00:00-05:00,27.0,27.5,26.5,27.299999237060547,7620,0.0,0.0
2020-02-06 00:00:00-05:00,27.299999237060547,27.600000381469727,27.0,27.200000762939453,7240,0.0,0.0
2020-02-07 00:00:00-05:00,27.200000762939453,27.200000762939453,26.5,26.799999237060547,8110,0.0,0.0
2020-02-10 00:00:00-05:00,27.0,27.600000381469727,26.899999618530273,27.299999237060547,9120,0.0,0.0
2020-02-11 00:00:00-05:00,27.0,27.5,26.5,27.0,13200,0.0,0.0
2020-02-12 00:00:00-05:00,27.0,27.5,26.700000762939453,27.200000762939453,11020,0.0,0.0
2020-02-13 00:00:00-05:00,27.5,30.600000381469727,26.799999237060547,28.899999618530273,69260,0.0,0.0
2020-02-14 00:00:00-05:00,29.799999237060547,30.399999618530273,26.799999237060547,29.299999237060547,38660,0.0,0.0
2020-02-18 00:00:00-05:00,30.0,33.29999923706055,28.200000762939453,31.700000762939453,83040,0.0,0.0
2020-02-19 00:00:00-05:00,29.5,31.600000381469727,25.0,26.899999618530273,141180,0.0,0.0
2020-02-20 00:00:00-05:00,25.899999618530273,26.0,22.100000381469727,22.899999618530273,64250,0.0,0.0
2020-02-21 00:00:00-05:00,22.600000381469727,24.600000381469727,21.5,21.700000762939453,28940,0.0,0.0
2020-02-24 00:00:00-05:00,21.0,21.5,19.5,21.100000381469727,19160,0.0,0.0
2020-02-25 00:00:00-05:00,20.600000381469727,23.700000762939453,20.600000381469727,23.100000381469727,21670,0.0,0.0
2020-02-26 00:00:00-05:00,22.799999237060547,26.0,22.299999237060547,22.5,18050,0.0,0.0
2020-02-27 00:00:00-05:00,22.5,22.799999237060547,20.5,21.799999237060547,13780,0.0,0.0
2020-02-28 00:00:00-05:00,21.600000381469727,21.600000381469727,20.200000762939453,21.100000381469727,13380,0.0,0.0
2020-03-02 00:00:00-05:00,21.0,21.899999618530273,20.600000381469727,21.5,8970,0.0,0.0
2020-03-03 00:00:00-05:00,21.5,22.0,20.899999618530273,21.100000381469727,8060,0.0,0.0
2020-03-04 00:00:00-05:00,21.5,23.200000762939453,21.0,23.100000381469727,9810,0.0,0.0
2020-03-05 00:00:00-05:00,22.700000762939453,23.799999237060547,22.299999237060547,22.299999237060547,6800,0.0,0.0
2020-03-06 00:00:00-05:00,22.0,22.200000762939453,21.100000381469727,21.600000381469727,5270,0.0,0.0
2020-03-09 00:00:00-04:00,21.0,21.0,17.799999237060547,19.799999237060547,12890,0.0,0.0
2020-03-10 00:00:00-04:00,21.700000762939453,21.799999237060547,19.700000762939453,20.100000381469727,12180,0.0,0.0
2020-03-11 00:00:00-04:00,19.600000381469727,20.299999237060547,17.899999618530273,18.0,4330,0.0,0.0
2020-03-12 00:00:00-04:00,16.799999237060547,16.899999618530273,15.300000190734863,16.799999237060547,11540,0.0,0.0
2020-03-13 00:00:00-04:00,17.600000381469727,20.600000381469727,15.0,16.899999618530273,14030,0.0,0.0
2020-03-16 00:00:00-04:00,11.600000381469727,17.899999618530273,11.600000381469727,15.300000190734863,13030,0.0,0.0
2020-03-17 00:00:00-04:00,15.100000381469727,15.100000381469727,12.100000381469727,12.199999809265137,20550,0.0,0.0
2020-03-18 00:00:00-04:00,12.0,12.5,10.600000381469727,11.0,34700,0.0,0.0
2020-03-19 00:00:00-04:00,11.0,13.899999618530273,10.5,13.100000381469727,7330,0.0,0.0
2020-03-20 00:00:00-04:00,13.5,14.0,11.600000381469727,11.899999618530273,6150,0.0,0.0
2020-03-23 00:00:00-04:00,11.5,11.899999618530273,10.699999809265137,11.899999618530273,5590,0.0,0.0
2020-03-24 00:00:00-04:00,12.199999809265137,12.800000190734863,11.899999618530273,12.800000190734863,2560,0.0,0.0
2020-03-25 00:00:00-04:00,12.5,14.0,12.0,13.399999618530273,3940,0.0,0.0
2020-03-26 00:00:00-04:00,13.399999618530273,14.0,12.100000381469727,13.699999809265137,4510,0.0,0.0
2020-03-27 00:00:00-04:00,14.0,14.0,13.0,13.5,3440,0.0,0.0
2020-03-30 00:00:00-04:00,14.300000190734863,14.300000190734863,12.600000381469727,14.0,4240,0.0,0.0
2020-03-31 00:00:00-04:00,12.800000190734863,14.5,12.600000381469727,13.300000190734863,2370,0.0,0.0
2020-04-01 00:00:00-04:00,12.399999618530273,13.699999809265137,12.399999618530273,12.399999618530273,810,0.0,0.0
2020-04-02 00:00:00-04:00,12.300000190734863,13.100000381469727,12.300000190734863,12.399999618530273,2640,0.0,0.0
2020-04-03 00:00:00-04:00,12.5,12.5,11.5,11.800000190734863,2380,0.0,0.0
2020-04-06 00:00:00-04:00,12.0,14.5,11.899999618530273,13.0,5530,0.0,0.0
2020-04-07 00:00:00-04:00,13.199999809265137,13.5,12.5,13.0,1630,0.0,0.0
2020-04-08 00:00:00-04:00,13.5,13.899999618530273,13.300000190734863,13.800000190734863,1390,0.0,0.0
2020-04-09 00:00:00-04:00,13.899999618530273,14.800000190734863,13.600000381469727,13.899999618530273,6340,0.0,0.0
2020-04-13 00:00:00-04:00,14.0,14.899999618530273,13.600000381469727,14.899999618530273,4110,0.0,0.0
2020-04-14 00:00:00-04:00,15.300000190734863,16.899999618530273,15.300000190734863,16.299999237060547,4120,0.0,0.0
2020-04-15 00:00:00-04:00,16.600000381469727,16.799999237060547,15.0,16.399999618530273,1830,0.0,0.0
2020-04-16 00:00:00-04:00,16.899999618530273,16.899999618530273,15.0,15.0,6870,0.0,0.0
2020-04-17 00:00:00-04:00,15.300000190734863,15.699999809265137,15.100000381469727,15.699999809265137,2070,0.0,0.0
2020-04-20 00:00:00-04:00,15.899999618530273,16.5,15.100000381469727,15.199999809265137,3180,0.0,0.0
2020-04-21 00:00:00-04:00,15.199999809265137,15.199999809265137,13.300000190734863,13.300000190734863,6780,0.0,0.0
2020-04-22 00:00:00-04:00,13.899999618530273,14.5,13.699999809265137,13.699999809265137,760,0.0,0.0
2020-04-23 00:00:00-04:00,14.5,14.5,13.800000190734863,14.0,1750,0.0,0.0
2020-04-24 00:00:00-04:00,14.0,15.899999618530273,14.0,14.600000381469727,2110,0.0,0.0
2020-04-27 00:00:00-04:00,15.0,17.399999618530273,14.600000381469727,17.0,13340,0.0,0.0
2020-04-28 00:00:00-04:00,17.600000381469727,18.399999618530273,16.600000381469727,16.600000381469727,2650,0.0,0.0
2020-04-29 00:00:00-04:00,17.899999618530273,18.0,17.0,17.299999237060547,3760,0.0,0.0
2020-04-30 00:00:00-04:00,17.5,17.5,16.5,17.100000381469727,1160,0.0,0.0
2020-05-01 00:00:00-04:00,16.799999237060547,17.5,16.299999237060547,16.5,2610,0.0,0.0
2020-05-04 00:00:00-04:00,17.799999237060547,17.799999237060547,16.0,16.700000762939453,2090,0.0,0.0
2020-05-05 00:00:00-04:00,17.399999618530273,17.5,16.799999237060547,17.200000762939453,2930,0.0,0.0
2020-05-06 00:00:00-04:00,17.299999237060547,17.299999237060547,16.600000381469727,17.0,1250,0.0,0.0
2020-05-07 00:00:00-04:00,16.5,16.799999237060547,16.299999237060547,16.299999237060547,1670,0.0,0.0
2020-05-08 00:00:00-04:00,17.0,17.299999237060547,16.600000381469727,17.299999237060547,2310,0.0,0.0
2020-05-11 00:00:00-04:00,14.800000190734863,14.899999618530273,14.0,14.699999809265137,21960,0.0,0.0
2020-05-12 00:00:00-04:00,15.100000381469727,15.899999618530273,14.699999809265137,15.199999809265137,5590,0.0,0.0
2020-05-13 00:00:00-04:00,14.899999618530273,15.199999809265137,13.699999809265137,14.0,5360,0.0,0.0
2020-05-14 00:00:00-04:00,14.5,15.300000190734863,13.699999809265137,14.0,11810,0.0,0.0
2020-05-15 00:00:00-04:00,14.699999809265137,14.800000190734863,14.199999809265137,14.399999618530273,1860,0.0,0.0
2020-05-18 00:00:00-04:00,14.899999618530273,15.399999618530273,14.0,15.100000381469727,4360,0.0,0.0
2020-05-19 00:00:00-04:00,15.399999618530273,15.399999618530273,14.100000381469727,14.699999809265137,8470,0.0,0.0
2020-05-20 00:00:00-04:00,14.100000381469727,14.899999618530273,13.600000381469727,14.399999618530273,6130,0.0,0.0
2020-05-21 00:00:00-04:00,14.100000381469727,14.5,14.0,14.0,4570,0.0,0.0
2020-05-22 00:00:00-04:00,14.100000381469727,14.5,14.0,14.100000381469727,2550,0.0,0.0
2020-05-26 00:00:00-04:00,17.5,17.899999618530273,13.800000190734863,15.100000381469727,520900,0.0,0.0
2020-05-27 00:00:00-04:00,14.899999618530273,14.899999618530273,13.399999618530273,14.100000381469727,62080,0.0,0.0
2020-05-28 00:00:00-04:00,14.0,14.100000381469727,12.600000381469727,13.5,76440,0.0,0.0
2020-05-29 00:00:00-04:00,13.5,15.5,12.899999618530273,15.100000381469727,77510,0.0,0.0
2020-06-01 00:00:00-04:00,15.100000381469727,15.899999618530273,13.399999618530273,14.300000190734863,36000,0.0,0.0
2020-06-02 00:00:00-04:00,14.0,14.300000190734863,12.899999618530273,13.199999809265137,71700,0.0,0.0
2020-06-03 00:00:00-04:00,10.5,10.800000190734863,10.100000381469727,10.300000190734863,1165520,0.0,0.0
2020-06-04 00:00:00-04:00,10.600000381469727,11.5,10.5,11.399999618530273,377670,0.0,0.0
2020-06-05 00:00:00-04:00,11.699999809265137,12.0,11.300000190734863,11.399999618530273,193990,0.0,0.0
2020-06-08 00:00:00-04:00,11.5,11.899999618530273,11.399999618530273,11.800000190734863,144020,0.0,0.0
2020-06-09 00:00:00-04:00,13.399999618530273,13.800000190734863,12.199999809265137,12.399999618530273,243400,0.0,0.0
2020-06-10 00:00:00-04:00,13.399999618530273,13.399999618530273,12.300000190734863,12.899999618530273,121260,0.0,0.0
2020-06-11 00:00:00-04:00,12.899999618530273,13.0,11.5,11.600000381469727,123910,0.0,0.0
2020-06-12 00:00:00-04:00,12.0,12.100000381469727,10.899999618530273,11.699999809265137,79980,0.0,0.0
2020-06-15 00:00:00-04:00,11.100000381469727,12.0,11.100000381469727,11.800000190734863,70250,0.0,0.0
2020-06-16 00:00:00-04:00,12.0,12.300000190734863,11.800000190734863,12.300000190734863,50510,0.0,0.0
2020-06-17 00:00:00-04:00,12.399999618530273,12.5,11.800000190734863,11.899999618530273,52720,0.0,0.0
2020-06-18 00:00:00-04:00,11.899999618530273,12.5,11.800000190734863,12.0,43200,0.0,0.0
2020-06-19 00:00:00-04:00,12.300000190734863,12.5,12.100000381469727,12.100000381469727,48140,0.0,0.0
2020-06-22 00:00:00-04:00,12.199999809265137,12.399999618530273,11.699999809265137,12.199999809265137,52320,0.0,0.0
2020-06-23 00:00:00-04:00,12.899999618530273,13.800000190734863,12.600000381469727,12.899999618530273,188730,0.0,0.0
2020-06-24 00:00:00-04:00,12.899999618530273,13.100000381469727,12.100000381469727,12.800000190734863,70190,0.0,0.0
2020-06-25 00:00:00-04:00,12.899999618530273,13.5,12.899999618530273,13.100000381469727,49780,0.0,0.0
2020-06-26 00:00:00-04:00,13.199999809265137,13.300000190734863,12.600000381469727,12.899999618530273,65100,0.0,0.0
2020-06-29 00:00:00-04:00,13.100000381469727,13.399999618530273,12.600000381469727,13.0,40100,0.0,0.0
2020-06-30 00:00:00-04:00,12.899999618530273,13.399999618530273,12.699999809265137,12.800000190734863,45390,0.0,0.0
2020-07-01 00:00:00-04:00,13.899999618530273,14.600000381469727,13.399999618530273,13.399999618530273,224340,0.0,0.0
2020-07-02 00:00:00-04:00,13.800000190734863,14.800000190734863,13.800000190734863,14.100000381469727,109680,0.0,0.0
2020-07-06 00:00:00-04:00,15.0,15.399999618530273,14.399999618530273,14.899999618530273,109710,0.0,0.0
2020-07-07 00:00:00-04:00,15.100000381469727,15.100000381469727,14.100000381469727,14.699999809265137,59120,0.0,0.0
2020-07-08 00:00:00-04:00,15.100000381469727,15.5,14.600000381469727,15.300000190734863,86240,0.0,0.0
2020-07-09 00:00:00-04:00,16.0,16.5,15.100000381469727,15.5,95820,0.0,0.0
2020-07-10 00:00:00-04:00,15.399999618530273,15.699999809265137,13.699999809265137,14.899999618530273,81960,0.0,0.0
2020-07-13 00:00:00-04:00,15.0,16.0,14.399999618530273,14.600000381469727,54080,0.0,0.0
2020-07-14 00:00:00-04:00,14.800000190734863,14.800000190734863,13.5,14.100000381469727,61710,0.0,0.0
2020-07-15 00:00:00-04:00,14.300000190734863,14.600000381469727,13.5,13.899999618530273,39260,0.0,0.0
2020-07-16 00:00:00-04:00,13.800000190734863,14.699999809265137,13.300000190734863,14.5,50440,0.0,0.0
2020-07-17 00:00:00-04:00,14.300000190734863,15.0,14.100000381469727,14.699999809265137,59170,0.0,0.0
2020-07-20 00:00:00-04:00,15.0,15.199999809265137,13.699999809265137,14.0,72080,0.0,0.0
2020-07-21 00:00:00-04:00,14.0,14.199999809265137,13.5,14.0,116920,0.0,0.0
2020-07-22 00:00:00-04:00,14.199999809265137,16.200000762939453,13.899999618530273,14.300000190734863,309480,0.0,0.0
2020-07-23 00:00:00-04:00,14.800000190734863,14.899999618530273,14.0,14.100000381469727,66330,0.0,0.0
2020-07-24 00:00:00-04:00,14.0,14.199999809265137,13.600000381469727,14.199999809265137,37800,0.0,0.0
2020-07-27 00:00:00-04:00,14.399999618530273,14.600000381469727,13.899999618530273,14.100000381469727,28190,0.0,0.0
2020-07-28 00:00:00-04:00,14.199999809265137,14.399999618530273,13.800000190734863,13.800000190734863,33450,0.0,0.0
2020-07-29 00:00:00-04:00,13.899999618530273,14.0,12.800000190734863,13.699999809265137,126460,0.0,0.0
2020-07-30 00:00:00-04:00,15.100000381469727,17.200000762939453,14.699999809265137,16.600000381469727,1079200,0.0,0.0
2020-07-31 00:00:00-04:00,17.200000762939453,17.399999618530273,14.800000190734863,15.100000381469727,181580,0.0,0.0
2020-08-03 00:00:00-04:00,15.399999618530273,15.399999618530273,14.600000381469727,14.899999618530273,55210,0.0,0.0
2020-08-04 00:00:00-04:00,14.600000381469727,14.800000190734863,13.899999618530273,14.0,82110,0.0,0.0
2020-08-05 00:00:00-04:00,14.5,14.5,13.899999618530273,14.199999809265137,41980,0.0,0.0
2020-08-06 00:00:00-04:00,14.199999809265137,14.300000190734863,13.800000190734863,14.0,46330,0.0,0.0
2020-08-07 00:00:00-04:00,14.0,14.199999809265137,13.800000190734863,14.0,42340,0.0,0.0
2020-08-10 00:00:00-04:00,14.199999809265137,14.600000381469727,13.899999618530273,14.100000381469727,69380,0.0,0.0
2020-08-11 00:00:00-04:00,14.199999809265137,14.5,13.800000190734863,13.899999618530273,59120,0.0,0.0
2020-08-12 00:00:00-04:00,13.5,13.800000190734863,13.0,13.699999809265137,94320,0.0,0.0
2020-08-13 00:00:00-04:00,13.5,14.100000381469727,13.399999618530273,13.600000381469727,53450,0.0,0.0
2020-08-14 00:00:00-04:00,13.899999618530273,14.399999618530273,13.5,14.300000190734863,74430,0.0,0.0
2020-08-17 00:00:00-04:00,15.199999809265137,15.699999809265137,13.399999618530273,14.5,374590,0.0,0.0
2020-08-18 00:00:00-04:00,14.100000381469727,14.199999809265137,13.5,13.800000190734863,100240,0.0,0.0
2020-08-19 00:00:00-04:00,13.699999809265137,13.800000190734863,12.899999618530273,13.0,102880,0.0,0.0
2020-08-20 00:00:00-04:00,12.899999618530273,13.0,12.0,12.199999809265137,81960,0.0,0.0
2020-08-21 00:00:00-04:00,12.0,12.300000190734863,11.699999809265137,11.800000190734863,50360,0.0,0.0
2020-08-24 00:00:00-04:00,11.800000190734863,12.0,11.199999809265137,11.600000381469727,82980,0.0,0.0
2020-08-25 00:00:00-04:00,12.0,13.0,11.600000381469727,12.0,81410,0.0,0.0
2020-08-26 00:00:00-04:00,12.0,13.0,12.0,12.300000190734863,35500,0.0,0.0
2020-08-27 00:00:00-04:00,12.300000190734863,12.600000381469727,11.800000190734863,12.0,34960,0.0,0.0
2020-08-28 00:00:00-04:00,12.0,12.5,12.0,12.0,15260,0.0,0.0
2020-08-31 00:00:00-04:00,12.199999809265137,12.399999618530273,11.399999618530273,11.899999618530273,54650,0.0,0.0
2020-09-01 00:00:00-04:00,11.600000381469727,11.899999618530273,11.300000190734863,11.399999618530273,41700,0.0,0.0
2020-09-02 00:00:00-04:00,11.300000190734863,11.399999618530273,11.0,11.300000190734863,33890,0.0,0.0
2020-09-03 00:00:00-04:00,11.100000381469727,11.399999618530273,10.600000381469727,10.899999618530273,36010,0.0,0.0
2020-09-04 00:00:00-04:00,11.100000381469727,11.199999809265137,10.100000381469727,10.800000190734863,43750,0.0,0.0
2020-09-08 00:00:00-04:00,10.699999809265137,10.899999618530273,10.300000190734863,10.600000381469727,22280,0.0,0.0
2020-09-09 00:00:00-04:00,10.600000381469727,12.5,10.5,11.600000381469727,59610,0.0,0.0
2020-09-10 00:00:00-04:00,11.300000190734863,11.600000381469727,10.899999618530273,11.199999809265137,29140,0.0,0.0
2020-09-11 00:00:00-04:00,11.100000381469727,11.5,11.0,11.100000381469727,11180,0.0,0.0
2020-09-14 00:00:00-04:00,11.600000381469727,12.0,11.300000190734863,12.0,36950,0.0,0.0
2020-09-15 00:00:00-04:00,12.300000190734863,12.800000190734863,12.100000381469727,12.399999618530273,49860,0.0,0.0
2020-09-16 00:00:00-04:00,12.600000381469727,12.699999809265137,11.800000190734863,12.199999809265137,32180,0.0,0.0
2020-09-17 00:00:00-04:00,11.800000190734863,12.5,11.800000190734863,12.199999809265137,17450,0.0,0.0
2020-09-18 00:00:00-04:00,11.899999618530273,13.0,11.800000190734863,12.100000381469727,48220,0.0,0.0
2020-09-21 00:00:00-04:00,12.300000190734863,12.399999618530273,11.600000381469727,11.899999618530273,27220,0.0,0.0
2020-09-22 00:00:00-04:00,11.899999618530273,12.899999618530273,11.600000381469727,12.800000190734863,45250,0.0,0.0
2020-09-23 00:00:00-04:00,12.899999618530273,12.899999618530273,11.699999809265137,12.0,35140,0.0,0.0
2020-09-24 00:00:00-04:00,11.899999618530273,12.100000381469727,11.600000381469727,11.699999809265137,15640,0.0,0.0
2020-09-25 00:00:00-04:00,11.800000190734863,12.100000381469727,11.800000190734863,11.899999618530273,9480,0.0,0.0
2020-09-28 00:00:00-04:00,12.300000190734863,12.5,12.0,12.199999809265137,11650,0.0,0.0
2020-09-29 00:00:00-04:00,12.300000190734863,12.300000190734863,11.699999809265137,11.699999809265137,19880,0.0,0.0
2020-09-30 00:00:00-04:00,11.899999618530273,12.800000190734863,11.899999618530273,12.399999618530273,50160,0.0,0.0
2020-10-01 00:00:00-04:00,12.600000381469727,12.699999809265137,12.199999809265137,12.399999618530273,46340,0.0,0.0
2020-10-02 00:00:00-04:00,12.0,12.399999618530273,11.800000190734863,12.100000381469727,15230,0.0,0.0
2020-10-05 00:00:00-04:00,12.0,12.800000190734863,12.0,12.600000381469727,25390,0.0,0.0
2020-10-06 00:00:00-04:00,12.600000381469727,13.5,12.5,12.699999809265137,42510,0.0,0.0
2020-10-07 00:00:00-04:00,12.800000190734863,13.600000381469727,12.699999809265137,13.199999809265137,30350,0.0,0.0
2020-10-08 00:00:00-04:00,13.199999809265137,13.899999618530273,13.199999809265137,13.699999809265137,22690,0.0,0.0
2020-10-09 00:00:00-04:00,13.5,13.699999809265137,13.0,13.0,28630,0.0,0.0
2020-10-12 00:00:00-04:00,13.199999809265137,13.199999809265137,12.600000381469727,12.699999809265137,18550,0.0,0.0
2020-10-13 00:00:00-04:00,12.600000381469727,12.699999809265137,12.300000190734863,12.600000381469727,18250,0.0,0.0
2020-10-14 00:00:00-04:00,12.800000190734863,13.0,12.300000190734863,12.600000381469727,10770,0.0,0.0
2020-10-15 00:00:00-04:00,12.100000381469727,12.5,12.0,12.300000190734863,16830,0.0,0.0
2020-10-16 00:00:00-04:00,12.5,12.5,12.199999809265137,12.300000190734863,6770,0.0,0.0
2020-10-19 00:00:00-04:00,12.399999618530273,12.5,12.100000381469727,12.399999618530273,10630,0.0,0.0
2020-10-20 00:00:00-04:00,12.5,12.5,11.899999618530273,12.300000190734863,23410,0.0,0.0
2020-10-21 00:00:00-04:00,12.399999618530273,12.600000381469727,11.800000190734863,12.100000381469727,13110,0.0,0.0
2020-10-22 00:00:00-04:00,12.0,12.399999618530273,11.800000190734863,12.0,11580,0.0,0.0
2020-10-23 00:00:00-04:00,12.199999809265137,12.199999809265137,11.899999618530273,12.199999809265137,14450,0.0,0.0
2020-10-26 00:00:00-04:00,11.899999618530273,12.0,11.5,11.5,27800,0.0,0.0
2020-10-27 00:00:00-04:00,11.699999809265137,11.699999809265137,11.5,11.699999809265137,9730,0.0,0.0
2020-10-28 00:00:00-04:00,11.5,12.5,11.100000381469727,12.5,44520,0.0,0.0
2020-10-29 00:00:00-04:00,12.399999618530273,12.399999618530273,11.5,11.899999618530273,16240,0.0,0.0
2020-10-30 00:00:00-04:00,11.699999809265137,12.0,11.199999809265137,11.399999618530273,20060,0.0,0.0
2020-11-02 00:00:00-05:00,11.5,11.600000381469727,11.100000381469727,11.399999618530273,12890,0.0,0.0
2020-11-03 00:00:00-05:00,11.100000381469727,11.399999618530273,10.899999618530273,11.199999809265137,15150,0.0,0.0
2020-11-04 00:00:00-05:00,11.5,11.600000381469727,11.300000190734863,11.5,15740,0.0,0.0
2020-11-05 00:00:00-05:00,11.100000381469727,11.899999618530273,11.100000381469727,11.800000190734863,27710,0.0,0.0
2020-11-06 00:00:00-05:00,11.899999618530273,12.0,11.399999618530273,12.0,12100,0.0,0.0
2020-11-09 00:00:00-05:00,12.199999809265137,12.199999809265137,11.399999618530273,11.600000381469727,28710,0.0,0.0
2020-11-10 00:00:00-05:00,11.5,11.699999809265137,11.0,11.199999809265137,44880,0.0,0.0
2020-11-11 00:00:00-05:00,11.300000190734863,11.800000190734863,11.199999809265137,11.600000381469727,18570,0.0,0.0
2020-11-12 00:00:00-05:00,11.600000381469727,11.800000190734863,11.100000381469727,11.399999618530273,15970,0.0,0.0
2020-11-13 00:00:00-05:00,11.5,11.600000381469727,11.0,11.300000190734863,12790,0.0,0.0
2020-11-16 00:00:00-05:00,11.300000190734863,11.600000381469727,11.100000381469727,11.199999809265137,22020,0.0,0.0
2020-11-17 00:00:00-05:00,11.100000381469727,11.5,11.100000381469727,11.5,15340,0.0,0.0
2020-11-18 00:00:00-05:00,11.399999618530273,11.800000190734863,11.199999809265137,11.300000190734863,23680,0.0,0.0
2020-11-19 00:00:00-05:00,11.199999809265137,11.600000381469727,11.100000381469727,11.399999618530273,21510,0.0,0.0
2020-11-20 00:00:00-05:00,11.600000381469727,11.800000190734863,11.199999809265137,11.800000190734863,17450,0.0,0.0
2020-11-23 00:00:00-05:00,12.0,12.399999618530273,11.800000190734863,12.199999809265137,35460,0.0,0.0
2020-11-24 00:00:00-05:00,12.300000190734863,12.5,12.0,12.399999618530273,27180,0.0,0.0
2020-11-25 00:00:00-05:00,12.399999618530273,12.399999618530273,12.0,12.100000381469727,19320,0.0,0.0
2020-11-27 00:00:00-05:00,12.199999809265137,12.699999809265137,12.199999809265137,12.300000190734863,12070,0.0,0.0
2020-11-30 00:00:00-05:00,12.600000381469727,12.699999809265137,12.199999809265137,12.600000381469727,39180,0.0,0.0
2020-12-01 00:00:00-05:00,12.600000381469727,17.700000762939453,11.800000190734863,15.199999809265137,701510,0.0,0.0
2020-12-02 00:00:00-05:00,18.200000762939453,21.399999618530273,16.5,19.5,1485170,0.0,0.0
2020-12-03 00:00:00-05:00,20.0,24.700000762939453,19.5,23.299999237060547,1163790,0.0,0.0
2020-12-04 00:00:00-05:00,21.799999237060547,22.200000762939453,19.899999618530273,20.399999618530273,390970,0.0,0.0
2020-12-07 00:00:00-05:00,21.0,23.5,20.0,23.5,314590,0.0,0.0
2020-12-08 00:00:00-05:00,23.399999618530273,23.5,20.600000381469727,21.399999618530273,245490,0.0,0.0
2020-12-09 00:00:00-05:00,22.0,22.299999237060547,18.299999237060547,20.200000762939453,333640,0.0,0.0
2020-12-10 00:00:00-05:00,19.600000381469727,22.5,18.799999237060547,20.899999618530273,557350,0.0,0.0
2020-12-11 00:00:00-05:00,22.200000762939453,22.299999237060547,20.5,21.899999618530273,244870,0.0,0.0
2020-12-14 00:00:00-05:00,21.799999237060547,22.0,20.5,20.700000762939453,189730,0.0,0.0
2020-12-15 00:00:00-05:00,21.200000762939453,21.399999618530273,19.5,20.700000762939453,152170,0.0,0.0
2020-12-16 00:00:00-05:00,20.5,21.899999618530273,19.5,21.299999237060547,172980,0.0,0.0
2020-12-17 00:00:00-05:00,22.0,22.0,20.100000381469727,21.200000762939453,120760,0.0,0.0
2020-12-18 00:00:00-05:00,21.399999618530273,23.0,20.600000381469727,22.700000762939453,234640,0.0,0.0
2020-12-21 00:00:00-05:00,23.0,28.700000762939453,23.0,26.600000381469727,634970,0.0,0.0
2020-12-22 00:00:00-05:00,26.100000381469727,29.5,25.600000381469727,27.700000762939453,297400,0.0,0.0
2020-12-23 00:00:00-05:00,18.100000381469727,21.899999618530273,18.0,20.5,1320620,0.0,0.0
2020-12-24 00:00:00-05:00,20.899999618530273,22.5,19.899999618530273,22.0,326620,0.0,0.0
2020-12-28 00:00:00-05:00,22.399999618530273,23.100000381469727,20.0,20.700000762939453,372970,0.0,0.0
2020-12-29 00:00:00-05:00,22.299999237060547,22.299999237060547,20.100000381469727,21.700000762939453,220520,0.0,0.0
2020-12-30 00:00:00-05:00,21.299999237060547,21.5,20.700000762939453,21.5,111300,0.0,0.0
2020-12-31 00:00:00-05:00,20.899999618530273,21.200000762939453,20.5,20.799999237060547,92710,0.0,0.0
2021-01-04 00:00:00-05:00,20.899999618530273,20.899999618530273,20.0,20.700000762939453,136670,0.0,0.0
2021-01-05 00:00:00-05:00,20.399999618530273,20.700000762939453,19.600000381469727,19.700000762939453,250850,0.0,0.0
2021-01-06 00:00:00-05:00,19.899999618530273,20.200000762939453,19.100000381469727,19.399999618530273,157650,0.0,0.0
2021-01-07 00:00:00-05:00,19.5,20.0,18.799999237060547,19.399999618530273,213310,0.0,0.0
2021-01-08 00:00:00-05:00,19.299999237060547,19.600000381469727,18.700000762939453,19.0,144820,0.0,0.0
2021-01-11 00:00:00-05:00,19.0,21.0,19.0,19.799999237060547,202410,0.0,0.0
2021-01-12 00:00:00-05:00,20.600000381469727,21.0,19.5,20.200000762939453,181280,0.0,0.0
2021-01-13 00:00:00-05:00,20.200000762939453,20.899999618530273,19.600000381469727,20.100000381469727,141590,0.0,0.0
2021-01-14 00:00:00-05:00,20.299999237060547,20.799999237060547,19.899999618530273,20.5,145820,0.0,0.0
2021-01-15 00:00:00-05:00,20.700000762939453,20.899999618530273,19.899999618530273,20.200000762939453,131640,0.0,0.0
2021-01-19 00:00:00-05:00,20.5,20.5,19.299999237060547,19.600000381469727,219110,0.0,0.0
2021-01-20 00:00:00-05:00,19.600000381469727,20.5,19.0,19.399999618530273,223170,0.0,0.0
2021-01-21 00:00:00-05:00,19.799999237060547,20.0,19.0,19.399999618530273,149220,0.0,0.0
2021-01-22 00:00:00-05:00,19.399999618530273,20.299999237060547,17.600000381469727,19.399999618530273,208510,0.0,0.0
2021-01-25 00:00:00-05:00,19.399999618530273,19.600000381469727,18.799999237060547,19.100000381469727,181260,0.0,0.0
2021-01-26 00:00:00-05:00,19.200000762939453,19.299999237060547,18.200000762939453,18.600000381469727,180980,0.0,0.0
2021-01-27 00:00:00-05:00,18.600000381469727,19.299999237060547,17.799999237060547,19.0,233820,0.0,0.0
2021-01-28 00:00:00-05:00,18.5,18.799999237060547,16.5,17.799999237060547,294390,0.0,0.0
2021-01-29 00:00:00-05:00,19.399999618530273,19.899999618530273,18.700000762939453,19.0,254140,0.0,0.0
2021-02-01 00:00:00-05:00,19.899999618530273,20.0,18.799999237060547,19.899999618530273,218490,0.0,0.0
2021-02-02 00:00:00-05:00,20.0,21.0,19.399999618530273,20.899999618530273,211390,0.0,0.0
2021-02-03 00:00:00-05:00,20.700000762939453,21.5,20.600000381469727,21.200000762939453,186940,0.0,0.0
2021-02-04 00:00:00-05:00,21.5,22.5,20.600000381469727,20.799999237060547,257470,0.0,0.0
2021-02-05 00:00:00-05:00,21.100000381469727,22.100000381469727,20.799999237060547,22.100000381469727,149360,0.0,0.0
2021-02-08 00:00:00-05:00,22.399999618530273,24.399999618530273,22.200000762939453,24.299999237060547,254590,0.0,0.0
2021-02-09 00:00:00-05:00,24.399999618530273,24.600000381469727,22.600000381469727,23.399999618530273,179170,0.0,0.0
2021-02-10 00:00:00-05:00,23.799999237060547,24.299999237060547,21.299999237060547,23.0,201480,0.0,0.0
2021-02-11 00:00:00-05:00,23.5,29.799999237060547,22.399999618530273,24.799999237060547,578360,0.0,0.0
2021-02-12 00:00:00-05:00,25.0,25.600000381469727,23.100000381469727,25.0,365070,0.0,0.0
2021-02-16 00:00:00-05:00,26.200000762939453,26.5,23.700000762939453,24.0,233300,0.0,0.0
2021-02-17 00:00:00-05:00,24.100000381469727,24.200000762939453,21.600000381469727,23.200000762939453,232670,0.0,0.0
2021-02-18 00:00:00-05:00,23.0,25.799999237060547,22.5,24.600000381469727,451780,0.0,0.0
2021-02-19 00:00:00-05:00,26.700000762939453,26.700000762939453,24.100000381469727,25.0,731790,0.0,0.0
2021-02-22 00:00:00-05:00,24.299999237060547,24.799999237060547,22.299999237060547,22.5,184790,0.0,0.0
2021-02-23 00:00:00-05:00,21.399999618530273,22.399999618530273,18.899999618530273,21.399999618530273,474840,0.0,0.0
2021-02-24 00:00:00-05:00,20.399999618530273,22.200000762939453,20.200000762939453,20.5,198700,0.0,0.0
2021-02-25 00:00:00-05:00,20.5,21.0,19.0,19.700000762939453,170270,0.0,0.0
2021-02-26 00:00:00-05:00,19.299999237060547,19.700000762939453,18.0,18.600000381469727,157570,0.0,0.0
2021-03-01 00:00:00-05:00,19.600000381469727,19.799999237060547,18.799999237060547,19.100000381469727,95310,0.0,0.0
2021-03-02 00:00:00-05:00,19.5,20.100000381469727,19.0,20.100000381469727,147270,0.0,0.0
2021-03-03 00:00:00-05:00,20.5,20.5,18.299999237060547,18.600000381469727,136860,0.0,0.0
2021-03-04 00:00:00-05:00,18.399999618530273,18.600000381469727,16.600000381469727,17.399999618530273,167120,0.0,0.0
2021-03-05 00:00:00-05:00,16.899999618530273,17.899999618530273,15.800000190734863,17.299999237060547,161390,0.0,0.0
2021-03-08 00:00:00-05:00,17.799999237060547,18.700000762939453,16.700000762939453,17.299999237060547,117360,0.0,0.0
2021-03-09 00:00:00-05:00,17.700000762939453,18.5,17.5,18.200000762939453,93320,0.0,0.0
2021-03-10 00:00:00-05:00,18.700000762939453,18.700000762939453,17.399999618530273,17.600000381469727,76600,0.0,0.0
2021-03-11 00:00:00-05:00,18.0,19.200000762939453,17.5,19.100000381469727,90530,0.0,0.0
2021-03-12 00:00:00-05:00,19.0,19.700000762939453,18.399999618530273,19.5,90940,0.0,0.0
2021-03-15 00:00:00-04:00,19.5,19.799999237060547,18.700000762939453,19.200000762939453,110160,0.0,0.0
2021-03-16 00:00:00-04:00,20.399999618530273,21.200000762939453,19.100000381469727,19.600000381469727,396750,0.0,0.0
2021-03-17 00:00:00-04:00,19.100000381469727,20.5,18.600000381469727,20.100000381469727,147230,0.0,0.0
2021-03-18 00:00:00-04:00,20.0,20.899999618530273,18.899999618530273,19.200000762939453,132220,0.0,0.0
2021-03-19 00:00:00-04:00,20.0,20.399999618530273,18.700000762939453,18.799999237060547,209140,0.0,0.0
2021-03-22 00:00:00-04:00,18.799999237060547,19.100000381469727,18.0,18.700000762939453,116290,0.0,0.0
2021-03-23 00:00:00-04:00,18.399999618530273,18.700000762939453,17.299999237060547,17.399999618530273,138350,0.0,0.0
2021-03-24 00:00:00-04:00,17.799999237060547,18.0,16.399999618530273,16.600000381469727,120390,0.0,0.0
2021-03-25 00:00:00-04:00,16.200000762939453,16.700000762939453,15.800000190734863,16.5,114100,0.0,0.0
2021-03-26 00:00:00-04:00,16.899999618530273,17.200000762939453,16.200000762939453,16.700000762939453,79550,0.0,0.0
2021-03-29 00:00:00-04:00,16.700000762939453,16.799999237060547,15.199999809265137,15.199999809265137,98540,0.0,0.0
2021-03-30 00:00:00-04:00,15.300000190734863,15.5,14.600000381469727,15.399999618530273,92090,0.0,0.0
2021-03-31 00:00:00-04:00,16.0,16.299999237060547,15.699999809265137,16.100000381469727,100510,0.0,0.0
2021-04-01 00:00:00-04:00,16.399999618530273,17.200000762939453,16.200000762939453,17.0,67020,0.0,0.0
2021-04-05 00:00:00-04:00,17.299999237060547,17.299999237060547,15.600000381469727,16.0,96490,0.0,0.0
2021-04-06 00:00:00-04:00,15.699999809265137,16.200000762939453,15.300000190734863,15.399999618530273,74140,0.0,0.0
2021-04-07 00:00:00-04:00,15.399999618530273,16.0,15.199999809265137,15.600000381469727,45160,0.0,0.0
2021-04-08 00:00:00-04:00,15.600000381469727,15.699999809265137,15.0,15.399999618530273,54320,0.0,0.0
2021-04-09 00:00:00-04:00,15.399999618530273,15.5,14.5,14.800000190734863,91160,0.0,0.0
2021-04-12 00:00:00-04:00,14.5,14.800000190734863,13.899999618530273,13.899999618530273,73840,0.0,0.0
2021-04-13 00:00:00-04:00,14.300000190734863,14.399999618530273,13.699999809265137,14.0,45680,0.0,0.0
2021-04-14 00:00:00-04:00,14.0,14.899999618530273,13.899999618530273,14.899999618530273,36470,0.0,0.0
2021-04-15 00:00:00-04:00,14.600000381469727,15.100000381469727,14.0,14.0,43210,0.0,0.0
2021-04-16 00:00:00-04:00,14.0,14.5,13.699999809265137,14.199999809265137,42890,0.0,0.0
2021-04-19 00:00:00-04:00,14.0,14.5,13.5,14.199999809265137,64570,0.0,0.0
2021-04-20 00:00:00-04:00,14.0,14.300000190734863,13.5,13.699999809265137,23660,0.0,0.0
2021-04-21 00:00:00-04:00,13.800000190734863,15.0,13.5,14.800000190734863,43550,0.0,0.0
2021-04-22 00:00:00-04:00,14.600000381469727,15.399999618530273,14.5,14.899999618530273,29800,0.0,0.0
2021-04-23 00:00:00-04:00,15.100000381469727,15.899999618530273,14.600000381469727,15.899999618530273,29290,0.0,0.0
2021-04-26 00:00:00-04:00,16.399999618530273,16.399999618530273,15.399999618530273,15.899999618530273,52770,0.0,0.0
2021-04-27 00:00:00-04:00,16.600000381469727,16.799999237060547,15.399999618530273,15.699999809265137,44370,0.0,0.0
2021-04-28 00:00:00-04:00,15.800000190734863,16.200000762939453,15.199999809265137,15.699999809265137,36230,0.0,0.0
2021-04-29 00:00:00-04:00,15.899999618530273,15.899999618530273,15.100000381469727,15.5,31790,0.0,0.0
2021-04-30 00:00:00-04:00,15.399999618530273,16.0,15.199999809265137,15.800000190734863,42080,0.0,0.0
2021-05-03 00:00:00-04:00,16.0,16.799999237060547,15.5,16.600000381469727,64670,0.0,0.0
2021-05-04 00:00:00-04:00,16.600000381469727,16.600000381469727,15.0,15.199999809265137,60910,0.0,0.0
2021-05-05 00:00:00-04:00,15.100000381469727,15.5,14.600000381469727,14.600000381469727,33210,0.0,0.0
2021-05-06 00:00:00-04:00,14.5,14.699999809265137,13.600000381469727,13.600000381469727,47190,0.0,0.0
2021-05-07 00:00:00-04:00,13.699999809265137,14.100000381469727,13.399999618530273,13.600000381469727,27000,0.0,0.0
2021-05-10 00:00:00-04:00,13.800000190734863,13.899999618530273,13.0,13.199999809265137,43070,0.0,0.0
2021-05-11 00:00:00-04:00,12.5,13.600000381469727,12.399999618530273,13.199999809265137,38560,0.0,0.0
2021-05-12 00:00:00-04:00,13.300000190734863,13.800000190734863,13.0,13.100000381469727,23480,0.0,0.0
2021-05-13 00:00:00-04:00,13.100000381469727,13.600000381469727,12.300000190734863,12.5,31540,0.0,0.0
2021-05-14 00:00:00-04:00,13.100000381469727,13.399999618530273,12.600000381469727,12.899999618530273,37320,0.0,0.0
2021-05-17 00:00:00-04:00,13.0,13.300000190734863,12.899999618530273,12.899999618530273,30490,0.0,0.0
2021-05-18 00:00:00-04:00,13.199999809265137,15.399999618530273,13.100000381469727,15.0,67640,0.0,0.0
2021-05-19 00:00:00-04:00,14.0,14.800000190734863,13.800000190734863,14.5,29460,0.0,0.0
2021-05-20 00:00:00-04:00,15.0,15.0,14.300000190734863,14.399999618530273,18660,0.0,0.0
2021-05-21 00:00:00-04:00,14.5,15.199999809265137,14.300000190734863,14.699999809265137,12920,0.0,0.0
2021-05-24 00:00:00-04:00,14.699999809265137,15.399999618530273,14.300000190734863,15.100000381469727,26700,0.0,0.0
2021-05-25 00:00:00-04:00,15.600000381469727,15.899999618530273,14.899999618530273,15.699999809265137,28240,0.0,0.0
2021-05-26 00:00:00-04:00,16.0,16.0,15.300000190734863,15.600000381469727,23700,0.0,0.0
2021-05-27 00:00:00-04:00,15.399999618530273,16.5,15.399999618530273,15.899999618530273,37830,0.0,0.0
2021-05-28 00:00:00-04:00,16.100000381469727,16.600000381469727,15.899999618530273,16.399999618530273,38000,0.0,0.0
2021-06-01 00:00:00-04:00,16.5,17.0,16.100000381469727,16.200000762939453,51190,0.0,0.0
2021-06-02 00:00:00-04:00,16.799999237060547,17.0,16.299999237060547,16.700000762939453,37340,0.0,0.0
2021-06-03 00:00:00-04:00,16.5,18.399999618530273,16.299999237060547,18.200000762939453,100360,0.0,0.0
2021-06-04 00:00:00-04:00,18.200000762939453,18.299999237060547,15.100000381469727,15.5,232820,0.0,0.0
2021-06-07 00:00:00-04:00,15.5,15.800000190734863,15.0,15.199999809265137,72820,0.0,0.0
2021-06-08 00:00:00-04:00,15.100000381469727,15.699999809265137,14.899999618530273,15.199999809265137,74150,0.0,0.0
2021-06-09 00:00:00-04:00,15.199999809265137,15.5,14.899999618530273,14.899999618530273,56910,0.0,0.0
2021-06-10 00:00:00-04:00,14.800000190734863,14.800000190734863,14.199999809265137,14.600000381469727,60740,0.0,0.0
2021-06-11 00:00:00-04:00,14.699999809265137,14.699999809265137,14.0,14.100000381469727,77130,0.0,0.0
2021-06-14 00:00:00-04:00,14.100000381469727,14.300000190734863,13.300000190734863,13.699999809265137,93150,0.0,0.0
2021-06-15 00:00:00-04:00,13.399999618530273,13.600000381469727,13.100000381469727,13.100000381469727,78970,0.0,0.0
2021-06-16 00:00:00-04:00,13.0,13.300000190734863,12.699999809265137,12.699999809265137,94630,0.0,0.0
2021-06-17 00:00:00-04:00,12.600000381469727,13.399999618530273,12.600000381469727,13.100000381469727,58810,0.0,0.0
2021-06-18 00:00:00-04:00,13.300000190734863,13.300000190734863,12.699999809265137,12.699999809265137,54510,0.0,0.0
2021-06-21 00:00:00-04:00,12.600000381469727,13.0,12.399999618530273,12.399999618530273,82720,0.0,0.0
2021-06-22 00:00:00-04:00,12.5,12.600000381469727,11.699999809265137,11.800000190734863,89130,0.0,0.0
2021-06-23 00:00:00-04:00,12.5,12.5,12.0,12.199999809265137,99140,0.0,0.0
2021-06-24 00:00:00-04:00,12.199999809265137,12.5,12.100000381469727,12.300000190734863,66340,0.0,0.0
2021-06-25 00:00:00-04:00,12.0,12.699999809265137,12.0,12.699999809265137,127220,0.0,0.0
2021-06-28 00:00:00-04:00,12.600000381469727,13.199999809265137,12.5,13.0,62690,0.0,0.0
2021-06-29 00:00:00-04:00,13.199999809265137,13.199999809265137,12.300000190734863,12.5,39330,0.0,0.0
2021-06-30 00:00:00-04:00,12.300000190734863,12.399999618530273,11.699999809265137,11.899999618530273,73240,0.0,0.0
2021-07-01 00:00:00-04:00,12.0,12.100000381469727,11.699999809265137,11.699999809265137,45590,0.0,0.0
2021-07-02 00:00:00-04:00,12.199999809265137,13.100000381469727,11.699999809265137,12.399999618530273,251600,0.0,0.0
2021-07-06 00:00:00-04:00,12.5,12.5,11.600000381469727,11.699999809265137,114890,0.0,0.0
2021-07-07 00:00:00-04:00,11.5,11.699999809265137,11.0,11.300000190734863,165450,0.0,0.0
2021-07-08 00:00:00-04:00,11.199999809265137,11.300000190734863,10.800000190734863,11.100000381469727,200580,0.0,0.0
2021-07-09 00:00:00-04:00,11.100000381469727,11.699999809265137,10.899999618530273,11.699999809265137,117080,0.0,0.0
2021-07-12 00:00:00-04:00,12.0,12.199999809265137,11.100000381469727,11.5,292110,0.0,0.0
2021-07-13 00:00:00-04:00,11.199999809265137,11.600000381469727,10.899999618530273,11.100000381469727,172440,0.0,0.0
2021-07-14 00:00:00-04:00,11.5,11.5,10.699999809265137,10.899999618530273,134210,0.0,0.0
2021-07-15 00:00:00-04:00,10.699999809265137,11.0,10.199999809265137,10.5,218290,0.0,0.0
2021-07-16 00:00:00-04:00,10.199999809265137,11.199999809265137,10.199999809265137,10.899999618530273,68630,0.0,0.0
2021-07-19 00:00:00-04:00,10.899999618530273,10.899999618530273,10.199999809265137,10.5,146520,0.0,0.0
2021-07-20 00:00:00-04:00,10.399999618530273,10.800000190734863,10.199999809265137,10.199999809265137,120480,0.0,0.0
2021-07-21 00:00:00-04:00,10.399999618530273,11.5,10.199999809265137,11.300000190734863,96720,0.0,0.0
2021-07-22 00:00:00-04:00,11.100000381469727,11.399999618530273,10.800000190734863,10.899999618530273,60100,0.0,0.0
2021-07-23 00:00:00-04:00,11.0,11.5,10.800000190734863,11.199999809265137,69290,0.0,0.0
2021-07-26 00:00:00-04:00,11.399999618530273,11.399999618530273,10.899999618530273,10.899999618530273,60510,0.0,0.0
2021-07-27 00:00:00-04:00,10.800000190734863,11.0,10.5,10.800000190734863,45060,0.0,0.0
2021-07-28 00:00:00-04:00,10.800000190734863,11.5,10.699999809265137,11.199999809265137,54900,0.0,0.0
2021-07-29 00:00:00-04:00,11.199999809265137,11.399999618530273,11.0,11.300000190734863,39250,0.0,0.0
2021-07-30 00:00:00-04:00,11.399999618530273,11.399999618530273,10.699999809265137,10.899999618530273,24360,0.0,0.0
2021-08-02 00:00:00-04:00,10.800000190734863,11.0,10.5,10.600000381469727,73160,0.0,0.0
2021-08-03 00:00:00-04:00,10.699999809265137,10.800000190734863,10.300000190734863,10.5,46780,0.0,0.0
2021-08-04 00:00:00-04:00,10.300000190734863,10.5,10.100000381469727,10.300000190734863,116600,0.0,0.0
2021-08-05 00:00:00-04:00,10.300000190734863,10.600000381469727,10.199999809265137,10.199999809265137,107410,0.0,0.0
2021-08-06 00:00:00-04:00,10.199999809265137,10.399999618530273,10.199999809265137,10.300000190734863,56820,0.0,0.0
2021-08-09 00:00:00-04:00,10.199999809265137,10.600000381469727,10.100000381469727,10.100000381469727,94350,0.0,0.0
2021-08-10 00:00:00-04:00,10.199999809265137,10.399999618530273,9.600000381469727,9.800000190734863,130630,0.0,0.0
2021-08-11 00:00:00-04:00,9.699999809265137,9.899999618530273,8.800000190734863,9.0,188620,0.0,0.0
2021-08-12 00:00:00-04:00,9.199999809265137,9.199999809265137,8.399999618530273,8.600000381469727,175620,0.0,0.0
2021-08-13 00:00:00-04:00,8.600000381469727,8.800000190734863,8.399999618530273,8.699999809265137,94940,0.0,0.0
2021-08-16 00:00:00-04:00,8.699999809265137,9.300000190734863,8.5,9.0,167270,0.0,0.0
2021-08-17 00:00:00-04:00,8.699999809265137,9.100000381469727,8.5,8.800000190734863,65610,0.0,0.0
2021-08-18 00:00:00-04:00,8.800000190734863,8.899999618530273,8.5,8.699999809265137,143660,0.0,0.0
2021-08-19 00:00:00-04:00,8.399999618530273,8.699999809265137,8.199999809265137,8.199999809265137,128230,0.0,0.0
2021-08-20 00:00:00-04:00,8.399999618530273,8.600000381469727,8.100000381469727,8.199999809265137,144500,0.0,0.0
2021-08-23 00:00:00-04:00,8.199999809265137,9.0,8.199999809265137,8.800000190734863,111420,0.0,0.0
2021-08-24 00:00:00-04:00,8.800000190734863,9.600000381469727,8.800000190734863,9.399999618530273,89670,0.0,0.0
2021-08-25 00:00:00-04:00,9.300000190734863,9.899999618530273,9.199999809265137,9.699999809265137,37850,0.0,0.0
2021-08-26 00:00:00-04:00,9.699999809265137,9.899999618530273,9.399999618530273,9.699999809265137,22680,0.0,0.0
2021-08-27 00:00:00-04:00,9.699999809265137,10.0,9.300000190734863,9.699999809265137,49900,0.0,0.0
2021-08-30 00:00:00-04:00,9.600000381469727,9.800000190734863,9.5,9.5,18630,0.0,0.0
2021-08-31 00:00:00-04:00,9.5,10.199999809265137,9.5,10.199999809265137,57660,0.0,0.0
2021-09-01 00:00:00-04:00,10.199999809265137,10.600000381469727,10.100000381469727,10.600000381469727,92900,0.0,0.0
2021-09-02 00:00:00-04:00,10.399999618530273,10.899999618530273,10.199999809265137,10.300000190734863,49880,0.0,0.0
2021-09-03 00:00:00-04:00,10.399999618530273,10.5,10.199999809265137,10.300000190734863,43380,0.0,0.0
2021-09-07 00:00:00-04:00,10.399999618530273,10.600000381469727,10.199999809265137,10.399999618530273,150460,0.0,0.0
2021-09-08 00:00:00-04:00,10.5,10.600000381469727,9.600000381469727,10.100000381469727,83490,0.0,0.0
2021-09-09 00:00:00-04:00,10.199999809265137,10.199999809265137,9.899999618530273,10.100000381469727,41560,0.0,0.0
2021-09-10 00:00:00-04:00,10.199999809265137,10.5,10.0,10.399999618530273,64860,0.0,0.0
2021-09-13 00:00:00-04:00,10.5,10.5,10.0,10.199999809265137,30200,0.0,0.0
2021-09-14 00:00:00-04:00,10.399999618530273,10.5,10.100000381469727,10.399999618530273,33000,0.0,0.0
2021-09-15 00:00:00-04:00,10.5,10.5,9.699999809265137,9.800000190734863,53510,0.0,0.0
2021-09-16 00:00:00-04:00,9.899999618530273,10.100000381469727,9.699999809265137,9.899999618530273,20900,0.0,0.0
2021-09-17 00:00:00-04:00,9.800000190734863,10.199999809265137,9.699999809265137,10.100000381469727,30170,0.0,0.0
2021-09-20 00:00:00-04:00,9.800000190734863,10.100000381469727,9.600000381469727,9.699999809265137,40000,0.0,0.0
2021-09-21 00:00:00-04:00,9.800000190734863,9.899999618530273,9.600000381469727,9.600000381469727,18510,0.0,0.0
2021-09-22 00:00:00-04:00,9.800000190734863,10.0,9.699999809265137,9.800000190734863,37420,0.0,0.0
2021-09-23 00:00:00-04:00,9.600000381469727,9.800000190734863,9.600000381469727,9.800000190734863,35250,0.0,0.0
2021-09-24 00:00:00-04:00,9.699999809265137,10.100000381469727,9.699999809265137,9.800000190734863,32040,0.0,0.0
2021-09-27 00:00:00-04:00,10.0,10.0,9.800000190734863,9.899999618530273,12080,0.0,0.0
2021-09-28 00:00:00-04:00,9.899999618530273,9.899999618530273,9.600000381469727,9.600000381469727,20140,0.0,0.0
2021-09-29 00:00:00-04:00,9.699999809265137,9.699999809265137,9.0,9.100000381469727,28230,0.0,0.0
2021-09-30 00:00:00-04:00,9.100000381469727,9.300000190734863,9.100000381469727,9.300000190734863,20590,0.0,0.0
2021-10-01 00:00:00-04:00,9.100000381469727,9.199999809265137,8.899999618530273,9.100000381469727,44330,0.0,0.0
2021-10-04 00:00:00-04:00,9.100000381469727,9.199999809265137,8.600000381469727,8.699999809265137,27960,0.0,0.0
2021-10-05 00:00:00-04:00,8.600000381469727,8.800000190734863,8.5,8.600000381469727,20890,0.0,0.0
2021-10-06 00:00:00-04:00,8.699999809265137,8.800000190734863,8.5,8.5,18410,0.0,0.0
2021-10-07 00:00:00-04:00,8.600000381469727,8.699999809265137,8.399999618530273,8.5,35650,0.0,0.0
2021-10-08 00:00:00-04:00,8.699999809265137,8.800000190734863,8.300000190734863,8.5,44070,0.0,0.0
2021-10-11 00:00:00-04:00,8.5,8.600000381469727,8.300000190734863,8.399999618530273,34390,0.0,0.0
2021-10-12 00:00:00-04:00,8.600000381469727,9.800000190734863,8.5,9.199999809265137,41020,0.0,0.0
2021-10-13 00:00:00-04:00,9.100000381469727,9.300000190734863,8.899999618530273,9.199999809265137,17720,0.0,0.0
2021-10-14 00:00:00-04:00,9.199999809265137,9.300000190734863,9.0,9.100000381469727,10140,0.0,0.0
2021-10-15 00:00:00-04:00,9.100000381469727,9.800000190734863,9.100000381469727,9.199999809265137,29430,0.0,0.0
2021-10-18 00:00:00-04:00,9.0,9.199999809265137,8.800000190734863,9.100000381469727,13850,0.0,0.0
2021-10-19 00:00:00-04:00,8.899999618530273,9.100000381469727,8.699999809265137,9.100000381469727,23730,0.0,0.0
2021-10-20 00:00:00-04:00,9.199999809265137,9.600000381469727,9.0,9.300000190734863,23220,0.0,0.0
2021-10-21 00:00:00-04:00,9.399999618530273,9.5,9.199999809265137,9.199999809265137,12140,0.0,0.0
2021-10-22 00:00:00-04:00,9.100000381469727,9.199999809265137,8.699999809265137,9.0,32190,0.0,0.0
2021-10-25 00:00:00-04:00,9.0,9.0,8.600000381469727,8.699999809265137,20380,0.0,0.0
2021-10-26 00:00:00-04:00,8.5,8.899999618530273,8.5,8.800000190734863,18570,0.0,0.0
2021-10-27 00:00:00-04:00,8.699999809265137,8.800000190734863,8.5,8.5,20370,0.0,0.0
2021-10-28 00:00:00-04:00,8.600000381469727,8.800000190734863,8.600000381469727,8.699999809265137,12830,0.0,0.0
2021-10-29 00:00:00-04:00,8.800000190734863,9.100000381469727,8.5,8.600000381469727,55730,0.0,0.0
2021-11-01 00:00:00-04:00,8.600000381469727,9.399999618530273,8.600000381469727,9.100000381469727,35640,0.0,0.0
2021-11-02 00:00:00-04:00,9.0,9.5,9.0,9.399999618530273,20290,0.0,0.0
2021-11-03 00:00:00-04:00,9.5,9.600000381469727,9.199999809265137,9.600000381469727,16670,0.0,0.0
2021-11-04 00:00:00-04:00,9.699999809265137,10.199999809265137,9.5,10.199999809265137,36520,0.0,0.0
2021-11-05 00:00:00-04:00,10.100000381469727,10.300000190734863,9.100000381469727,9.399999618530273,65720,0.0,0.0
2021-11-08 00:00:00-05:00,9.699999809265137,9.699999809265137,9.199999809265137,9.399999618530273,27550,0.0,0.0
2021-11-09 00:00:00-05:00,9.300000190734863,9.399999618530273,9.100000381469727,9.100000381469727,41470,0.0,0.0
2021-11-10 00:00:00-05:00,9.199999809265137,9.399999618530273,8.600000381469727,8.699999809265137,53420,0.0,0.0
2021-11-11 00:00:00-05:00,8.800000190734863,8.899999618530273,8.600000381469727,8.600000381469727,32130,0.0,0.0
2021-11-12 00:00:00-05:00,8.600000381469727,8.800000190734863,8.600000381469727,8.699999809265137,8540,0.0,0.0
2021-11-15 00:00:00-05:00,8.800000190734863,8.800000190734863,8.300000190734863,8.399999618530273,37790,0.0,0.0
2021-11-16 00:00:00-05:00,8.399999618530273,8.800000190734863,7.900000095367432,8.0,60370,0.0,0.0
2021-11-17 00:00:00-05:00,7.900000095367432,8.399999618530273,7.900000095367432,8.399999618530273,48370,0.0,0.0
2021-11-18 00:00:00-05:00,8.300000190734863,8.399999618530273,7.800000190734863,7.900000095367432,36840,0.0,0.0
2021-11-19 00:00:00-05:00,8.0,8.199999809265137,7.5,7.599999904632568,39960,0.0,0.0
2021-11-22 00:00:00-05:00,7.5,7.800000190734863,6.900000095367432,7.699999809265137,71550,0.0,0.0
2021-11-23 00:00:00-05:00,7.5,8.0,7.199999809265137,7.199999809265137,40590,0.0,0.0
2021-11-24 00:00:00-05:00,7.400000095367432,7.800000190734863,7.199999809265137,7.5,22140,0.0,0.0
2021-11-26 00:00:00-05:00,7.400000095367432,7.5,7.0,7.199999809265137,19900,0.0,0.0
2021-11-29 00:00:00-05:00,7.199999809265137,7.699999809265137,6.800000190734863,6.900000095367432,27240,0.0,0.0
2021-11-30 00:00:00-05:00,6.900000095367432,7.0,6.599999904632568,6.900000095367432,47140,0.0,0.0
2021-12-01 00:00:00-05:00,6.900000095367432,7.0,6.599999904632568,6.599999904632568,29910,0.0,0.0
2021-12-02 00:00:00-05:00,6.599999904632568,6.699999809265137,6.199999809265137,6.599999904632568,44130,0.0,0.0
2021-12-03 00:00:00-05:00,6.699999809265137,7.0,6.0,6.099999904632568,53720,0.0,0.0
2021-12-06 00:00:00-05:00,6.199999809265137,6.5,5.800000190734863,6.400000095367432,37610,0.0,0.0
2021-12-07 00:00:00-05:00,6.5,7.099999904632568,6.400000095367432,7.0,86760,0.0,0.0
2021-12-08 00:00:00-05:00,7.0,7.699999809265137,6.699999809265137,7.599999904632568,42870,0.0,0.0
2021-12-09 00:00:00-05:00,7.699999809265137,7.699999809265137,7.0,7.300000190734863,29460,0.0,0.0
2021-12-10 00:00:00-05:00,7.199999809265137,7.800000190734863,7.199999809265137,7.800000190734863,41390,0.0,0.0
2021-12-13 00:00:00-05:00,7.900000095367432,7.900000095367432,7.199999809265137,7.199999809265137,55620,0.0,0.0
2021-12-14 00:00:00-05:00,7.0,7.0,6.699999809265137,6.900000095367432,30290,0.0,0.0
2021-12-15 00:00:00-05:00,6.699999809265137,6.900000095367432,6.300000190734863,6.800000190734863,34260,0.0,0.0
2021-12-16 00:00:00-05:00,7.0,7.0,6.699999809265137,7.0,18810,0.0,0.0
2021-12-17 00:00:00-05:00,6.900000095367432,7.0,6.699999809265137,6.900000095367432,12300,0.0,0.0
2021-12-20 00:00:00-05:00,7.0,7.0,6.300000190734863,6.5,23770,0.0,0.0
2021-12-21 00:00:00-05:00,6.300000190734863,6.800000190734863,6.300000190734863,6.699999809265137,27980,0.0,0.0
2021-12-22 00:00:00-05:00,6.300000190734863,6.800000190734863,6.300000190734863,6.599999904632568,22100,0.0,0.0
2021-12-23 00:00:00-05:00,6.300000190734863,7.0,6.300000190734863,7.0,73450,0.0,0.0
2021-12-27 00:00:00-05:00,6.900000095367432,7.400000095367432,6.699999809265137,7.199999809265137,65610,0.0,0.0
2021-12-28 00:00:00-05:00,7.099999904632568,7.199999809265137,6.699999809265137,7.0,47300,0.0,0.0
2021-12-29 00:00:00-05:00,6.900000095367432,7.199999809265137,6.400000095367432,6.800000190734863,71380,0.0,0.0
2021-12-30 00:00:00-05:00,6.900000095367432,7.199999809265137,6.699999809265137,7.0,56170,0.0,0.0
2021-12-31 00:00:00-05:00,6.800000190734863,7.300000190734863,6.599999904632568,6.599999904632568,69540,0.0,0.0
2022-01-03 00:00:00-05:00,7.199999809265137,7.199999809265137,6.800000190734863,7.099999904632568,27010,0.0,0.0
2022-01-04 00:00:00-05:00,7.300000190734863,7.300000190734863,6.900000095367432,7.099999904632568,11720,0.0,0.0
2022-01-05 00:00:00-05:00,7.300000190734863,7.300000190734863,6.699999809265137,7.0,28970,0.0,0.0
2022-01-06 00:00:00-05:00,7.0,7.0,6.400000095367432,6.5,39390,0.0,0.0
2022-01-07 00:00:00-05:00,6.599999904632568,7.0,6.5,6.900000095367432,33990,0.0,0.0
2022-01-10 00:00:00-05:00,6.900000095367432,7.199999809265137,6.599999904632568,7.0,18970,0.0,0.0
2022-01-11 00:00:00-05:00,7.0,7.199999809265137,6.800000190734863,7.0,13060,0.0,0.0
2022-01-12 00:00:00-05:00,6.900000095367432,7.199999809265137,6.699999809265137,7.099999904632568,37210,0.0,0.0
2022-01-13 00:00:00-05:00,7.099999904632568,7.300000190734863,6.800000190734863,7.0,16730,0.0,0.0
2022-01-14 00:00:00-05:00,6.800000190734863,7.0,6.599999904632568,7.0,14690,0.0,0.0
2022-01-18 00:00:00-05:00,6.900000095367432,6.900000095367432,6.300000190734863,6.599999904632568,13730,0.0,0.0
2022-01-19 00:00:00-05:00,6.5,6.699999809265137,5.900000095367432,6.099999904632568,53830,0.0,0.0
2022-01-20 00:00:00-05:00,6.099999904632568,6.300000190734863,5.900000095367432,5.900000095367432,10700,0.0,0.0
2022-01-21 00:00:00-05:00,6.0,6.0,5.300000190734863,5.400000095367432,56020,0.0,0.0
2022-01-24 00:00:00-05:00,5.5,5.5,5.0,5.300000190734863,42340,0.0,0.0
2022-01-25 00:00:00-05:00,5.0,5.800000190734863,5.0,5.5,42210,0.0,0.0
2022-01-26 00:00:00-05:00,5.599999904632568,6.0,5.5,5.5,26720,0.0,0.0
2022-01-27 00:00:00-05:00,5.699999809265137,6.0,5.199999809265137,5.199999809265137,28080,0.0,0.0
2022-01-28 00:00:00-05:00,5.300000190734863,6.400000095367432,5.199999809265137,5.900000095367432,32590,0.0,0.0
2022-01-31 00:00:00-05:00,5.699999809265137,6.300000190734863,5.599999904632568,6.0,19780,0.0,0.0
2022-02-01 00:00:00-05:00,6.0,7.0,5.900000095367432,6.300000190734863,34630,0.0,0.0
2022-02-02 00:00:00-05:00,6.5,6.699999809265137,5.900000095367432,6.099999904632568,12970,0.0,0.0
2022-02-03 00:00:00-05:00,6.0,6.099999904632568,5.599999904632568,5.699999809265137,21580,0.0,0.0
2022-02-04 00:00:00-05:00,5.699999809265137,6.0,5.400000095367432,5.699999809265137,15750,0.0,0.0
2022-02-07 00:00:00-05:00,5.800000190734863,6.099999904632568,5.300000190734863,5.800000190734863,12730,0.0,0.0
2022-02-08 00:00:00-05:00,5.900000095367432,6.099999904632568,5.599999904632568,5.900000095367432,20130,0.0,0.0
2022-02-09 00:00:00-05:00,5.800000190734863,6.0,5.699999809265137,5.800000190734863,25110,0.0,0.0
2022-02-10 00:00:00-05:00,5.800000190734863,6.099999904632568,5.800000190734863,6.0,18400,0.0,0.0
2022-02-11 00:00:00-05:00,5.800000190734863,6.0,5.5,5.699999809265137,18720,0.0,0.0
2022-02-14 00:00:00-05:00,5.699999809265137,5.800000190734863,5.5,5.5,5080,0.0,0.0
2022-02-15 00:00:00-05:00,5.5,5.699999809265137,5.400000095367432,5.5,9530,0.0,0.0
2022-02-16 00:00:00-05:00,5.599999904632568,5.900000095367432,5.300000190734863,5.300000190734863,16840,0.0,0.0
2022-02-17 00:00:00-05:00,5.5,5.5,5.199999809265137,5.199999809265137,12440,0.0,0.0
2022-02-18 00:00:00-05:00,5.199999809265137,5.300000190734863,4.800000190734863,4.900000095367432,42000,0.0,0.0
2022-02-22 00:00:00-05:00,4.900000095367432,5.099999904632568,4.599999904632568,4.900000095367432,15430,0.0,0.0
2022-02-23 00:00:00-05:00,4.900000095367432,5.199999809265137,4.900000095367432,5.0,12640,0.0,0.0
2022-02-24 00:00:00-05:00,4.400000095367432,5.0,4.400000095367432,5.0,16930,0.0,0.0
2022-02-25 00:00:00-05:00,5.099999904632568,5.400000095367432,4.699999809265137,4.800000190734863,26600,0.0,0.0
2022-02-28 00:00:00-05:00,4.699999809265137,5.199999809265137,4.699999809265137,5.099999904632568,23170,0.0,0.0
2022-03-01 00:00:00-05:00,5.0,5.199999809265137,4.900000095367432,5.0,17110,0.0,0.0
2022-03-02 00:00:00-05:00,5.099999904632568,5.099999904632568,4.900000095367432,5.0,10950,0.0,0.0
2022-03-03 00:00:00-05:00,5.199999809265137,5.199999809265137,4.800000190734863,4.900000095367432,21130,0.0,0.0
2022-03-04 00:00:00-05:00,4.800000190734863,4.900000095367432,4.599999904632568,4.699999809265137,15480,0.0,0.0
2022-03-07 00:00:00-05:00,4.599999904632568,4.599999904632568,4.400000095367432,4.599999904632568,9690,0.0,0.0
2022-03-08 00:00:00-05:00,4.599999904632568,4.900000095367432,4.400000095367432,4.800000190734863,16750,0.0,0.0
2022-03-09 00:00:00-05:00,4.800000190734863,5.099999904632568,4.5,4.900000095367432,10030,0.0,0.0
2022-03-10 00:00:00-05:00,4.800000190734863,5.099999904632568,4.699999809265137,4.900000095367432,4850,0.0,0.0
2022-03-11 00:00:00-05:00,5.199999809265137,5.199999809265137,4.699999809265137,4.900000095367432,7060,0.0,0.0
2022-03-14 00:00:00-04:00,4.699999809265137,5.099999904632568,4.5,4.800000190734863,9850,0.0,0.0
2022-03-15 00:00:00-04:00,4.800000190734863,5.0,4.599999904632568,4.699999809265137,5770,0.0,0.0
2022-03-16 00:00:00-04:00,4.699999809265137,5.5,4.699999809265137,5.099999904632568,37990,0.0,0.0
2022-03-17 00:00:00-04:00,5.300000190734863,5.400000095367432,5.199999809265137,5.199999809265137,5610,0.0,0.0
2022-03-18 00:00:00-04:00,5.300000190734863,5.900000095367432,5.199999809265137,5.400000095367432,25620,0.0,0.0
2022-03-21 00:00:00-04:00,6.0,6.5,5.800000190734863,6.300000190734863,34460,0.0,0.0
2022-03-22 00:00:00-04:00,6.300000190734863,6.5,6.199999809265137,6.300000190734863,16820,0.0,0.0
2022-03-23 00:00:00-04:00,6.400000095367432,6.5,6.099999904632568,6.300000190734863,18350,0.0,0.0
2022-03-24 00:00:00-04:00,6.5,6.699999809265137,6.099999904632568,6.599999904632568,14850,0.0,0.0
2022-03-25 00:00:00-04:00,6.699999809265137,6.800000190734863,6.5,6.699999809265137,7880,0.0,0.0
2022-03-28 00:00:00-04:00,6.800000190734863,7.699999809265137,6.699999809265137,7.599999904632568,42060,0.0,0.0
2022-03-29 00:00:00-04:00,7.300000190734863,7.900000095367432,7.300000190734863,7.800000190734863,22170,0.0,0.0
2022-03-30 00:00:00-04:00,7.699999809265137,7.699999809265137,7.099999904632568,7.199999809265137,27770,0.0,0.0
2022-03-31 00:00:00-04:00,7.099999904632568,7.400000095367432,6.599999904632568,6.900000095367432,6370,0.0,0.0
2022-04-01 00:00:00-04:00,6.900000095367432,7.099999904632568,6.599999904632568,6.900000095367432,9910,0.0,0.0
2022-04-04 00:00:00-04:00,7.0,7.0,6.199999809265137,6.800000190734863,22970,0.0,0.0
2022-04-05 00:00:00-04:00,6.800000190734863,6.800000190734863,6.300000190734863,6.599999904632568,18570,0.0,0.0
2022-04-06 00:00:00-04:00,6.400000095367432,6.599999904632568,6.199999809265137,6.5,8680,0.0,0.0
2022-04-07 00:00:00-04:00,6.400000095367432,6.900000095367432,6.199999809265137,6.599999904632568,5970,0.0,0.0
2022-04-08 00:00:00-04:00,6.599999904632568,6.900000095367432,6.5,6.599999904632568,7840,0.0,0.0
2022-04-11 00:00:00-04:00,6.599999904632568,6.599999904632568,5.900000095367432,6.0,32930,0.0,0.0
2022-04-12 00:00:00-04:00,6.0,6.599999904632568,6.0,6.199999809265137,7990,0.0,0.0
2022-04-13 00:00:00-04:00,6.0,6.400000095367432,6.0,6.0,11510,0.0,0.0
2022-04-14 00:00:00-04:00,6.0,7.800000190734863,6.0,6.900000095367432,54060,0.0,0.0
2022-04-18 00:00:00-04:00,6.800000190734863,6.900000095367432,6.099999904632568,6.300000190734863,21630,0.0,0.0
2022-04-19 00:00:00-04:00,6.5,6.5,6.300000190734863,6.300000190734863,7270,0.0,0.0
2022-04-20 00:00:00-04:00,6.5,6.800000190734863,6.099999904632568,6.5,15290,0.0,0.0
2022-04-21 00:00:00-04:00,6.400000095367432,6.599999904632568,5.900000095367432,6.300000190734863,12330,0.0,0.0
2022-04-22 00:00:00-04:00,6.099999904632568,6.599999904632568,5.800000190734863,5.900000095367432,13170,0.0,0.0
2022-04-25 00:00:00-04:00,5.800000190734863,5.800000190734863,5.5,5.699999809265137,16070,0.0,0.0
2022-04-26 00:00:00-04:00,5.699999809265137,5.800000190734863,5.099999904632568,5.300000190734863,39910,0.0,0.0
2022-04-27 00:00:00-04:00,5.5,5.599999904632568,5.199999809265137,5.300000190734863,17130,0.0,0.0
2022-04-28 00:00:00-04:00,5.5,5.800000190734863,5.099999904632568,5.199999809265137,12830,0.0,0.0
2022-04-29 00:00:00-04:00,5.0,5.400000095367432,5.0,5.400000095367432,17380,0.0,0.0
2022-05-02 00:00:00-04:00,5.300000190734863,5.400000095367432,5.199999809265137,5.300000190734863,2400,0.0,0.0
2022-05-03 00:00:00-04:00,5.300000190734863,5.300000190734863,5.0,5.0,8080,0.0,0.0
2022-05-04 00:00:00-04:00,5.300000190734863,5.300000190734863,4.800000190734863,5.199999809265137,17230,0.0,0.0
2022-05-05 00:00:00-04:00,5.199999809265137,5.300000190734863,4.800000190734863,4.900000095367432,9030,0.0,0.0
2022-05-06 00:00:00-04:00,5.199999809265137,5.199999809265137,4.5,4.900000095367432,20280,0.0,0.0
2022-05-09 00:00:00-04:00,4.599999904632568,4.800000190734863,4.300000190734863,4.400000095367432,15590,0.0,0.0
2022-05-10 00:00:00-04:00,4.599999904632568,5.099999904632568,4.0,4.0,22570,0.0,0.0
2022-05-11 00:00:00-04:00,4.099999904632568,4.099999904632568,3.799999952316284,3.9000000953674316,8190,0.0,0.0
2022-05-12 00:00:00-04:00,3.799999952316284,3.799999952316284,3.4000000953674316,3.5,30120,0.0,0.0
2022-05-13 00:00:00-04:00,3.5999999046325684,3.9000000953674316,3.4000000953674316,3.799999952316284,21760,0.0,0.0
2022-05-16 00:00:00-04:00,3.799999952316284,4.400000095367432,3.700000047683716,3.9000000953674316,11450,0.0,0.0
2022-05-17 00:00:00-04:00,3.799999952316284,4.099999904632568,3.700000047683716,3.700000047683716,11310,0.0,0.0
2022-05-18 00:00:00-04:00,3.700000047683716,4.300000190734863,3.5,3.5999999046325684,9330,0.0,0.0
2022-05-19 00:00:00-04:00,3.700000047683716,3.9000000953674316,3.5999999046325684,3.5999999046325684,11230,0.0,0.0
2022-05-20 00:00:00-04:00,3.799999952316284,3.9000000953674316,3.5999999046325684,3.5999999046325684,9890,0.0,0.0
2022-05-23 00:00:00-04:00,3.799999952316284,3.9000000953674316,3.5,3.5999999046325684,17440,0.0,0.0
2022-05-24 00:00:00-04:00,3.5999999046325684,3.9000000953674316,3.5,3.5,13900,0.0,0.0
2022-05-25 00:00:00-04:00,3.5,4.400000095367432,3.4000000953674316,3.9000000953674316,21070,0.0,0.0
2022-05-26 00:00:00-04:00,3.9000000953674316,4.099999904632568,3.799999952316284,4.0,15290,0.0,0.0
2022-05-27 00:00:00-04:00,4.0,4.800000190734863,3.9000000953674316,4.400000095367432,8540,0.0,0.0
2022-05-31 00:00:00-04:00,4.699999809265137,4.900000095367432,4.0,4.099999904632568,25890,0.0,0.0
2022-06-01 00:00:00-04:00,4.099999904632568,4.699999809265137,4.099999904632568,4.099999904632568,16370,0.0,0.0
2022-06-02 00:00:00-04:00,4.0,4.400000095367432,4.0,4.199999809265137,14450,0.0,0.0
2022-06-03 00:00:00-04:00,4.199999809265137,4.300000190734863,4.099999904632568,4.199999809265137,3560,0.0,0.0
2022-06-06 00:00:00-04:00,4.199999809265137,4.199999809265137,4.099999904632568,4.099999904632568,2480,0.0,0.0
2022-06-07 00:00:00-04:00,4.0,4.400000095367432,3.9000000953674316,4.099999904632568,16240,0.0,0.0
2022-06-08 00:00:00-04:00,4.099999904632568,4.400000095367432,4.099999904632568,4.300000190734863,7180,0.0,0.0
2022-06-09 00:00:00-04:00,4.300000190734863,4.400000095367432,4.0,4.199999809265137,7160,0.0,0.0
2022-06-10 00:00:00-04:00,4.0,4.099999904632568,3.9000000953674316,3.9000000953674316,12670,0.0,0.0
2022-06-13 00:00:00-04:00,3.9000000953674316,3.9000000953674316,3.5,3.5999999046325684,16470,0.0,0.0
2022-06-14 00:00:00-04:00,3.5999999046325684,4.099999904632568,3.5,3.5999999046325684,7860,0.0,0.0
2022-06-15 00:00:00-04:00,3.799999952316284,4.0,3.700000047683716,3.700000047683716,7480,0.0,0.0
2022-06-16 00:00:00-04:00,3.799999952316284,3.799999952316284,3.4000000953674316,3.5999999046325684,24970,0.0,0.0
2022-06-17 00:00:00-04:00,3.5999999046325684,3.9000000953674316,3.5999999046325684,3.799999952316284,2250,0.0,0.0
2022-06-21 00:00:00-04:00,4.0,4.199999809265137,3.9000000953674316,4.199999809265137,7140,0.0,0.0
2022-06-22 00:00:00-04:00,4.199999809265137,4.300000190734863,4.0,4.300000190734863,9820,0.0,0.0
2022-06-23 00:00:00-04:00,4.599999904632568,4.599999904632568,4.199999809265137,4.400000095367432,7890,0.0,0.0
2022-06-24 00:00:00-04:00,4.5,4.599999904632568,4.099999904632568,4.099999904632568,15390,0.0,0.0
2022-06-27 00:00:00-04:00,4.199999809265137,4.5,4.199999809265137,4.400000095367432,8800,0.0,0.0
2022-06-28 00:00:00-04:00,4.5,4.599999904632568,4.099999904632568,4.099999904632568,6840,0.0,0.0
2022-06-29 00:00:00-04:00,4.400000095367432,4.400000095367432,4.099999904632568,4.199999809265137,3130,0.0,0.0
2022-06-30 00:00:00-04:00,4.199999809265137,4.300000190734863,4.0,4.0,10540,0.0,0.0
2022-07-01 00:00:00-04:00,4.0,4.400000095367432,3.9000000953674316,4.099999904632568,8530,0.0,0.0
2022-07-05 00:00:00-04:00,4.099999904632568,4.400000095367432,4.0,4.199999809265137,4260,0.0,0.0
2022-07-06 00:00:00-04:00,4.300000190734863,4.300000190734863,3.9000000953674316,4.0,10900,0.0,0.0
2022-07-07 00:00:00-04:00,4.0,4.199999809265137,3.9000000953674316,4.0,7260,0.0,0.0
2022-07-08 00:00:00-04:00,4.300000190734863,4.5,4.300000190734863,4.5,15010,0.0,0.0
2022-07-11 00:00:00-04:00,4.5,4.599999904632568,4.300000190734863,4.5,6260,0.0,0.0
2022-07-12 00:00:00-04:00,4.5,4.599999904632568,4.199999809265137,4.400000095367432,5850,0.0,0.0
2022-07-13 00:00:00-04:00,4.300000190734863,4.599999904632568,4.300000190734863,4.599999904632568,3490,0.0,0.0
2022-07-14 00:00:00-04:00,4.599999904632568,4.599999904632568,4.400000095367432,4.5,8110,0.0,0.0
2022-07-15 00:00:00-04:00,4.599999904632568,4.599999904632568,4.099999904632568,4.300000190734863,11130,0.0,0.0
2022-07-18 00:00:00-04:00,5.199999809265137,5.199999809265137,4.099999904632568,4.099999904632568,19410,0.0,0.0
2022-07-19 00:00:00-04:00,4.300000190734863,5.0,4.300000190734863,4.900000095367432,17440,0.0,0.0
2022-07-20 00:00:00-04:00,4.900000095367432,6.599999904632568,4.900000095367432,5.900000095367432,87170,0.0,0.0
2022-07-21 00:00:00-04:00,5.800000190734863,6.5,5.5,6.199999809265137,52650,0.0,0.0
2022-07-22 00:00:00-04:00,5.829999923706055,5.829999923706055,4.869999885559082,4.949999809265137,179900,0.0,0.0
2022-07-25 00:00:00-04:00,4.800000190734863,4.800000190734863,4.199999809265137,4.429999828338623,84200,0.0,0.0
2022-07-26 00:00:00-04:00,4.369999885559082,4.659999847412109,4.369999885559082,4.550000190734863,35300,0.0,0.0
2022-07-27 00:00:00-04:00,4.539999961853027,4.579999923706055,4.269999980926514,4.28000020980835,26400,0.0,0.0
2022-07-28 00:00:00-04:00,4.28000020980835,4.519999980926514,3.8299999237060547,3.9000000953674316,49500,0.0,0.0
2022-07-29 00:00:00-04:00,3.8399999141693115,4.019999980926514,3.75,3.9200000762939453,21700,0.0,0.0
2022-08-01 00:00:00-04:00,3.9200000762939453,3.9200000762939453,3.759999990463257,3.7799999713897705,27500,0.0,0.0
2022-08-02 00:00:00-04:00,3.7799999713897705,3.9800000190734863,3.75,3.950000047683716,20900,0.0,0.0
2022-08-03 00:00:00-04:00,3.9600000381469727,4.829999923706055,3.9600000381469727,4.559999942779541,60200,0.0,0.0
2022-08-04 00:00:00-04:00,4.829999923706055,5.019999980926514,4.590000152587891,5.0,84200,0.0,0.0
2022-08-05 00:00:00-04:00,4.980000019073486,5.25,4.920000076293945,5.179999828338623,19800,0.0,0.0
2022-08-08 00:00:00-04:00,5.199999809265137,5.900000095367432,5.050000190734863,5.300000190734863,62100,0.0,0.0
2022-08-09 00:00:00-04:00,5.239999771118164,5.539999961853027,5.099999904632568,5.409999847412109,28900,0.0,0.0
2022-08-10 00:00:00-04:00,5.400000095367432,5.869999885559082,5.400000095367432,5.869999885559082,23400,0.0,0.0
2022-08-11 00:00:00-04:00,5.769999980926514,5.900000095367432,5.630000114440918,5.849999904632568,30000,0.0,0.0
2022-08-12 00:00:00-04:00,5.860000133514404,5.989999771118164,5.699999809265137,5.880000114440918,40500,0.0,0.0
2022-08-15 00:00:00-04:00,5.840000152587891,6.760000228881836,5.769999980926514,6.25,96200,0.0,0.0
2022-08-16 00:00:00-04:00,6.25,6.579999923706055,6.25,6.369999885559082,18000,0.0,0.0
2022-08-17 00:00:00-04:00,6.260000228881836,6.420000076293945,5.699999809265137,5.840000152587891,37200,0.0,0.0
2022-08-18 00:00:00-04:00,5.71999979019165,5.760000228881836,5.639999866485596,5.679999828338623,23600,0.0,0.0
2022-08-19 00:00:00-04:00,5.539999961853027,5.789999961853027,5.53000020980835,5.760000228881836,2200,0.0,0.0
2022-08-22 00:00:00-04:00,5.53000020980835,5.75,5.400000095367432,5.5,8700,0.0,0.0
2022-08-23 00:00:00-04:00,5.400000095367432,5.420000076293945,5.190000057220459,5.320000171661377,11500,0.0,0.0
2022-08-24 00:00:00-04:00,5.25,5.400000095367432,5.25,5.320000171661377,7000,0.0,0.0
2022-08-25 00:00:00-04:00,5.360000133514404,5.480000019073486,5.320000171661377,5.449999809265137,4800,0.0,0.0
2022-08-26 00:00:00-04:00,5.5,5.599999904632568,5.329999923706055,5.329999923706055,12100,0.0,0.0
2022-08-29 00:00:00-04:00,5.46999979019165,5.699999809265137,5.429999828338623,5.5,5900,0.0,0.0
2022-08-30 00:00:00-04:00,5.409999847412109,5.539999961853027,5.260000228881836,5.360000133514404,29700,0.0,0.0
2022-08-31 00:00:00-04:00,5.380000114440918,5.670000076293945,5.329999923706055,5.480000019073486,6900,0.0,0.0
2022-09-01 00:00:00-04:00,5.360000133514404,5.46999979019165,5.099999904632568,5.199999809265137,23000,0.0,0.0
2022-09-02 00:00:00-04:00,5.179999828338623,5.300000190734863,5.099999904632568,5.239999771118164,4200,0.0,0.0
2022-09-06 00:00:00-04:00,5.170000076293945,5.309999942779541,5.010000228881836,5.090000152587891,14700,0.0,0.0
2022-09-07 00:00:00-04:00,4.900000095367432,5.150000095367432,4.900000095367432,5.010000228881836,13500,0.0,0.0
2022-09-08 00:00:00-04:00,5.059999942779541,5.070000171661377,4.820000171661377,4.929999828338623,15700,0.0,0.0
2022-09-09 00:00:00-04:00,5.0,5.0,4.860000133514404,4.949999809265137,4500,0.0,0.0
2022-09-12 00:00:00-04:00,4.929999828338623,4.929999828338623,4.800000190734863,4.860000133514404,4700,0.0,0.0
2022-09-13 00:00:00-04:00,4.849999904632568,4.949999809265137,4.639999866485596,4.639999866485596,6400,0.0,0.0
2022-09-14 00:00:00-04:00,4.760000228881836,4.760000228881836,4.550000190734863,4.570000171661377,6100,0.0,0.0
2022-09-15 00:00:00-04:00,4.849999904632568,4.849999904632568,4.570000171661377,4.760000228881836,14700,0.0,0.0
2022-09-16 00:00:00-04:00,4.670000076293945,4.710000038146973,4.599999904632568,4.710000038146973,4800,0.0,0.0
2022-09-19 00:00:00-04:00,4.710000038146973,4.710000038146973,4.5,4.570000171661377,7100,0.0,0.0
2022-09-20 00:00:00-04:00,4.5,4.570000171661377,4.409999847412109,4.510000228881836,14300,0.0,0.0
2022-09-21 00:00:00-04:00,4.489999771118164,4.489999771118164,4.309999942779541,4.309999942779541,5300,0.0,0.0
2022-09-22 00:00:00-04:00,4.309999942779541,4.309999942779541,3.9200000762939453,3.9200000762939453,23600,0.0,0.0
2022-09-23 00:00:00-04:00,3.950000047683716,3.950000047683716,3.619999885559082,3.75,23300,0.0,0.0
2022-09-26 00:00:00-04:00,3.819999933242798,3.819999933242798,3.430000066757202,3.509999990463257,24700,0.0,0.0
2022-09-27 00:00:00-04:00,3.5,3.680000066757202,3.4100000858306885,3.680000066757202,14100,0.0,0.0
2022-09-28 00:00:00-04:00,3.6600000858306885,4.119999885559082,3.619999885559082,3.640000104904175,19000,0.0,0.0
2022-09-29 00:00:00-04:00,4.019999980926514,4.019999980926514,3.3499999046325684,3.359999895095825,25000,0.0,0.0
2022-09-30 00:00:00-04:00,3.430000066757202,3.6500000953674316,3.359999895095825,3.359999895095825,5100,0.0,0.0
2022-10-03 00:00:00-04:00,3.3299999237060547,3.430000066757202,3.3299999237060547,3.359999895095825,22800,0.0,0.0
2022-10-04 00:00:00-04:00,3.700000047683716,3.700000047683716,3.319999933242798,3.4000000953674316,23000,0.0,0.0
2022-10-05 00:00:00-04:00,3.390000104904175,3.4200000762939453,3.3499999046325684,3.4200000762939453,8300,0.0,0.0
2022-10-06 00:00:00-04:00,3.4800000190734863,3.5,3.4600000381469727,3.4600000381469727,1200,0.0,0.0
2022-10-07 00:00:00-04:00,3.6600000858306885,3.700000047683716,3.3299999237060547,3.3499999046325684,21800,0.0,0.0
2022-10-10 00:00:00-04:00,3.2899999618530273,3.430000066757202,2.930000066757202,2.930000066757202,61200,0.0,0.0
2022-10-11 00:00:00-04:00,3.0,3.0,2.740000009536743,2.809999942779541,61100,0.0,0.0
2022-10-12 00:00:00-04:00,2.759999990463257,2.759999990463257,2.4100000858306885,2.4700000286102295,64700,0.0,0.0
2022-10-13 00:00:00-04:00,2.380000114440918,2.380000114440918,2.180000066757202,2.2200000286102295,78100,0.0,0.0
2022-10-14 00:00:00-04:00,2.1600000858306885,2.25,2.0899999141693115,2.0899999141693115,29100,0.0,0.0
2022-10-17 00:00:00-04:00,2.0799999237060547,2.1500000953674316,1.9500000476837158,2.119999885559082,213500,0.0,0.0
2022-10-18 00:00:00-04:00,2.109999895095825,2.190000057220459,1.9199999570846558,2.059999942779541,109100,0.0,0.0
2022-10-19 00:00:00-04:00,2.059999942779541,2.309999942779541,2.0199999809265137,2.0199999809265137,73400,0.0,0.0
2022-10-20 00:00:00-04:00,2.0,2.109999895095825,1.8600000143051147,1.9600000381469727,73700,0.0,0.0
2022-10-21 00:00:00-04:00,1.8600000143051147,1.8799999952316284,1.75,1.8200000524520874,327500,0.0,0.0
2022-10-24 00:00:00-04:00,1.8799999952316284,2.069999933242798,1.8300000429153442,2.0399999618530273,99800,0.0,0.0
2022-10-25 00:00:00-04:00,2.0,2.200000047683716,2.0,2.109999895095825,77900,0.0,0.0
2022-10-26 00:00:00-04:00,2.0799999237060547,2.1500000953674316,1.9800000190734863,2.0,50500,0.0,0.0
2022-10-27 00:00:00-04:00,1.9800000190734863,2.0999999046325684,1.9800000190734863,2.0199999809265137,39100,0.0,0.0
2022-10-28 00:00:00-04:00,1.9800000190734863,2.1500000953674316,1.9800000190734863,2.0999999046325684,23200,0.0,0.0
2022-10-31 00:00:00-04:00,2.1700000762939453,2.25,2.0,2.0199999809265137,35500,0.0,0.0
2022-11-01 00:00:00-04:00,2.119999885559082,2.240000009536743,1.9600000381469727,2.0199999809265137,46900,0.0,0.0
2022-11-02 00:00:00-04:00,2.049999952316284,2.0899999141693115,1.9199999570846558,2.0399999618530273,19600,0.0,0.0
2022-11-03 00:00:00-04:00,1.9700000286102295,2.0199999809265137,1.899999976158142,1.899999976158142,27200,0.0,0.0
2022-11-04 00:00:00-04:00,1.9800000190734863,2.009999990463257,1.850000023841858,1.8899999856948853,19200,0.0,0.0
2022-11-07 00:00:00-05:00,1.8600000143051147,1.9500000476837158,1.809999942779541,1.8600000143051147,30500,0.0,0.0
2022-11-08 00:00:00-05:00,1.899999976158142,1.9800000190734863,1.8600000143051147,1.9299999475479126,27700,0.0,0.0
2022-11-09 00:00:00-05:00,1.909999966621399,1.9800000190734863,1.850000023841858,1.8899999856948853,27900,0.0,0.0
2022-11-10 00:00:00-05:00,1.8700000047683716,2.0,1.8600000143051147,1.8899999856948853,41600,0.0,0.0
2022-11-11 00:00:00-05:00,1.8899999856948853,1.9900000095367432,1.8700000047683716,1.899999976158142,28900,0.0,0.0
2022-11-14 00:00:00-05:00,1.899999976158142,2.0399999618530273,1.8700000047683716,1.8700000047683716,29900,0.0,0.0
2022-11-15 00:00:00-05:00,1.899999976158142,1.9900000095367432,1.8799999952316284,1.8899999856948853,28700,0.0,0.0
2022-11-16 00:00:00-05:00,1.9900000095367432,1.9900000095367432,1.8700000047683716,1.9199999570846558,23600,0.0,0.0
2022-11-17 00:00:00-05:00,1.8600000143051147,1.9800000190734863,1.8600000143051147,1.909999966621399,48600,0.0,0.0
2022-11-18 00:00:00-05:00,1.9199999570846558,2.0199999809265137,1.8600000143051147,1.9900000095367432,29400,0.0,0.0
2022-11-21 00:00:00-05:00,1.9900000095367432,2.0199999809265137,1.8799999952316284,1.899999976158142,32000,0.0,0.0
2022-11-22 00:00:00-05:00,1.899999976158142,1.9600000381469727,1.7999999523162842,1.899999976158142,38600,0.0,0.0
2022-11-23 00:00:00-05:00,1.940000057220459,1.940000057220459,1.7699999809265137,1.8799999952316284,31600,0.0,0.0
2022-11-25 00:00:00-05:00,1.8200000524520874,1.9800000190734863,1.7999999523162842,1.9199999570846558,21400,0.0,0.0
2022-11-28 00:00:00-05:00,1.850000023841858,1.9800000190734863,1.850000023841858,1.9500000476837158,18000,0.0,0.0
2022-11-29 00:00:00-05:00,1.9700000286102295,1.9700000286102295,1.809999942779541,1.809999942779541,49200,0.0,0.0
2022-11-30 00:00:00-05:00,1.809999942779541,1.899999976158142,1.7899999618530273,1.8799999952316284,61400,0.0,0.0
2022-12-01 00:00:00-05:00,1.9700000286102295,1.9700000286102295,1.7999999523162842,1.8200000524520874,31300,0.0,0.0
2022-12-02 00:00:00-05:00,1.7999999523162842,1.8700000047683716,1.7899999618530273,1.8700000047683716,24900,0.0,0.0
2022-12-05 00:00:00-05:00,1.8899999856948853,1.909999966621399,1.809999942779541,1.850000023841858,34100,0.0,0.0
2022-12-06 00:00:00-05:00,1.8300000429153442,1.909999966621399,1.75,1.75,30900,0.0,0.0
2022-12-07 00:00:00-05:00,1.8200000524520874,1.850000023841858,1.590000033378601,1.75,92700,0.0,0.0
2022-12-08 00:00:00-05:00,1.7999999523162842,1.8600000143051147,1.7200000286102295,1.8300000429153442,16000,0.0,0.0
2022-12-09 00:00:00-05:00,1.7999999523162842,1.8600000143051147,1.7300000190734863,1.7599999904632568,62400,0.0,0.0
2022-12-12 00:00:00-05:00,1.7699999809265137,1.8200000524520874,1.6699999570846558,1.7899999618530273,148400,0.0,0.0
2022-12-13 00:00:00-05:00,1.7400000095367432,1.7599999904632568,1.5299999713897705,1.5800000429153442,141400,0.0,0.0
2022-12-14 00:00:00-05:00,1.559999942779541,1.6699999570846558,1.4900000095367432,1.5399999618530273,105100,0.0,0.0
2022-12-15 00:00:00-05:00,1.5,1.590000033378601,1.3700000047683716,1.3700000047683716,119400,0.0,0.0
2022-12-16 00:00:00-05:00,1.3600000143051147,1.4600000381469727,1.350000023841858,1.350000023841858,59100,0.0,0.0
2022-12-19 00:00:00-05:00,1.4500000476837158,1.4500000476837158,1.25,1.2699999809265137,99900,0.0,0.0
2022-12-20 00:00:00-05:00,1.350000023841858,1.4700000286102295,1.2999999523162842,1.399999976158142,67600,0.0,0.0
2022-12-21 00:00:00-05:00,1.4800000190734863,1.600000023841858,1.4199999570846558,1.4600000381469727,219900,0.0,0.0
2022-12-22 00:00:00-05:00,1.399999976158142,1.5399999618530273,1.399999976158142,1.4700000286102295,28900,0.0,0.0
2022-12-23 00:00:00-05:00,1.4299999475479126,1.5499999523162842,1.409999966621399,1.5499999523162842,50700,0.0,0.0
2022-12-27 00:00:00-05:00,1.559999942779541,1.6399999856948853,1.4500000476837158,1.6200000047683716,39000,0.0,0.0
2022-12-28 00:00:00-05:00,1.6399999856948853,1.6399999856948853,1.5099999904632568,1.600000023841858,77500,0.0,0.0
2022-12-29 00:00:00-05:00,1.5399999618530273,1.6399999856948853,1.5199999809265137,1.6299999952316284,42100,0.0,0.0
2022-12-30 00:00:00-05:00,1.600000023841858,1.7300000190734863,1.5700000524520874,1.7100000381469727,99100,0.0,0.0
2023-01-03 00:00:00-05:00,1.659999966621399,1.7200000286102295,1.6299999952316284,1.6299999952316284,21200,0.0,0.0
2023-01-04 00:00:00-05:00,1.6699999570846558,1.7200000286102295,1.6200000047683716,1.6299999952316284,45200,0.0,0.0
2023-01-05 00:00:00-05:00,1.6399999856948853,1.7699999809265137,1.6200000047683716,1.6799999475479126,37100,0.0,0.0
2023-01-06 00:00:00-05:00,1.9299999475479126,1.9299999475479126,1.7000000476837158,1.850000023841858,76800,0.0,0.0
2023-01-09 00:00:00-05:00,1.8200000524520874,1.8700000047683716,1.75,1.7899999618530273,37100,0.0,0.0
2023-01-10 00:00:00-05:00,1.75,1.8600000143051147,1.75,1.7799999713897705,25200,0.0,0.0
2023-01-11 00:00:00-05:00,1.7999999523162842,1.809999942779541,1.75,1.7599999904632568,25800,0.0,0.0
2023-01-12 00:00:00-05:00,1.7599999904632568,1.7899999618530273,1.7400000095367432,1.7899999618530273,19000,0.0,0.0
2023-01-13 00:00:00-05:00,1.7400000095367432,1.7899999618530273,1.690000057220459,1.7100000381469727,38800,0.0,0.0
2023-01-17 00:00:00-05:00,1.7400000095367432,1.7400000095367432,1.659999966621399,1.6799999475479126,49000,0.0,0.0
2023-01-18 00:00:00-05:00,1.7100000381469727,1.7100000381469727,1.5,1.5199999809265137,113100,0.0,0.0
2023-01-19 00:00:00-05:00,1.5099999904632568,1.5800000429153442,1.4500000476837158,1.4800000190734863,27400,0.0,0.0
2023-01-20 00:00:00-05:00,1.5,1.5299999713897705,1.4199999570846558,1.5099999904632568,80500,0.0,0.0
2023-01-23 00:00:00-05:00,1.5399999618530273,1.600000023841858,1.4900000095367432,1.600000023841858,71200,0.0,0.0
2023-01-24 00:00:00-05:00,1.6100000143051147,1.6100000143051147,1.4900000095367432,1.5499999523162842,30100,0.0,0.0
2023-01-25 00:00:00-05:00,1.5499999523162842,1.5499999523162842,1.4299999475479126,1.4800000190734863,38000,0.0,0.0
2023-01-26 00:00:00-05:00,1.5099999904632568,1.559999942779541,1.440000057220459,1.4900000095367432,43200,0.0,0.0
2023-01-27 00:00:00-05:00,1.5099999904632568,1.5700000524520874,1.4800000190734863,1.5399999618530273,32200,0.0,0.0
2023-01-30 00:00:00-05:00,1.559999942779541,1.690000057220459,1.5299999713897705,1.5800000429153442,66700,0.0,0.0
2023-01-31 00:00:00-05:00,1.5800000429153442,1.6200000047683716,1.4700000286102295,1.5099999904632568,45500,0.0,0.0
2023-02-01 00:00:00-05:00,1.4600000381469727,1.5299999713897705,1.4600000381469727,1.5199999809265137,33300,0.0,0.0
2023-02-02 00:00:00-05:00,1.4700000286102295,1.6100000143051147,1.4700000286102295,1.6100000143051147,48600,0.0,0.0
2023-02-03 00:00:00-05:00,1.6399999856948853,1.6799999475479126,1.6100000143051147,1.649999976158142,27300,0.0,0.0
2023-02-06 00:00:00-05:00,1.600000023841858,1.7100000381469727,1.5800000429153442,1.7000000476837158,42100,0.0,0.0
2023-02-07 00:00:00-05:00,1.7599999904632568,2.049999952316284,1.7000000476837158,1.899999976158142,188600,0.0,0.0
2023-02-08 00:00:00-05:00,1.899999976158142,1.9500000476837158,1.7100000381469727,1.7300000190734863,112100,0.0,0.0
2023-02-09 00:00:00-05:00,1.8700000047683716,1.8700000047683716,1.690000057220459,1.7000000476837158,37200,0.0,0.0
2023-02-10 00:00:00-05:00,1.7200000286102295,1.7200000286102295,1.649999976158142,1.7000000476837158,38300,0.0,0.0
2023-02-13 00:00:00-05:00,1.7100000381469727,1.7899999618530273,1.649999976158142,1.7200000286102295,47000,0.0,0.0
2023-02-14 00:00:00-05:00,1.7400000095367432,1.7400000095367432,1.6399999856948853,1.6699999570846558,23100,0.0,0.0
2023-02-15 00:00:00-05:00,1.649999976158142,1.6799999475479126,1.6100000143051147,1.6699999570846558,41100,0.0,0.0
2023-02-16 00:00:00-05:00,1.659999966621399,1.7300000190734863,1.6100000143051147,1.6299999952316284,55000,0.0,0.0
2023-02-17 00:00:00-05:00,1.6699999570846558,1.6799999475479126,1.590000033378601,1.6699999570846558,16800,0.0,0.0
2023-02-21 00:00:00-05:00,1.600000023841858,1.7000000476837158,1.5499999523162842,1.590000033378601,72400,0.0,0.0
2023-02-22 00:00:00-05:00,1.559999942779541,1.590000033378601,1.5099999904632568,1.5199999809265137,50600,0.0,0.0
2023-02-23 00:00:00-05:00,1.5499999523162842,1.6100000143051147,1.5199999809265137,1.5800000429153442,28100,0.0,0.0
2023-02-24 00:00:00-05:00,1.559999942779541,1.590000033378601,1.5499999523162842,1.559999942779541,20300,0.0,0.0
2023-02-27 00:00:00-05:00,1.590000033378601,1.590000033378601,1.4600000381469727,1.5,57100,0.0,0.0
2023-02-28 00:00:00-05:00,1.5499999523162842,1.7400000095367432,1.4900000095367432,1.559999942779541,849300,0.0,0.0
2023-03-01 00:00:00-05:00,1.5199999809265137,1.8799999952316284,1.4900000095367432,1.649999976158142,175800,0.0,0.0
2023-03-02 00:00:00-05:00,1.649999976158142,1.9700000286102295,1.649999976158142,1.8799999952316284,146200,0.0,0.0
2023-03-03 00:00:00-05:00,1.9199999570846558,1.9900000095367432,1.8300000429153442,1.8799999952316284,134200,0.0,0.0
2023-03-06 00:00:00-05:00,1.8799999952316284,1.940000057220459,1.850000023841858,1.899999976158142,37000,0.0,0.0
2023-03-07 00:00:00-05:00,1.909999966621399,1.9900000095367432,1.899999976158142,1.9600000381469727,36900,0.0,0.0
2023-03-08 00:00:00-05:00,1.940000057220459,1.9500000476837158,1.850000023841858,1.899999976158142,16400,0.0,0.0
2023-03-09 00:00:00-05:00,1.8799999952316284,1.8799999952316284,1.6799999475479126,1.7000000476837158,87900,0.0,0.0
2023-03-10 00:00:00-05:00,1.6699999570846558,1.7200000286102295,1.559999942779541,1.6100000143051147,46500,0.0,0.0
2023-03-13 00:00:00-04:00,1.5700000524520874,1.6399999856948853,1.5499999523162842,1.559999942779541,63100,0.0,0.0
2023-03-14 00:00:00-04:00,1.6100000143051147,1.649999976158142,1.5499999523162842,1.5800000429153442,29100,0.0,0.0
2023-03-15 00:00:00-04:00,1.5499999523162842,1.590000033378601,1.5099999904632568,1.5199999809265137,32400,0.0,0.0
2023-03-16 00:00:00-04:00,1.5199999809265137,1.600000023841858,1.5099999904632568,1.5700000524520874,37700,0.0,0.0
2023-03-17 00:00:00-04:00,1.590000033378601,1.600000023841858,1.5,1.5199999809265137,44900,0.0,0.0
2023-03-20 00:00:00-04:00,1.5299999713897705,1.559999942779541,1.5,1.5099999904632568,26400,0.0,0.0
2023-03-21 00:00:00-04:00,1.5099999904632568,1.6100000143051147,1.5,1.5299999713897705,41500,0.0,0.0
2023-03-22 00:00:00-04:00,1.559999942779541,1.5700000524520874,1.4800000190734863,1.5099999904632568,28400,0.0,0.0
2023-03-23 00:00:00-04:00,1.5,1.5399999618530273,1.5,1.5399999618530273,9600,0.0,0.0
2023-03-24 00:00:00-04:00,1.5299999713897705,1.5399999618530273,1.4800000190734863,1.5099999904632568,16400,0.0,0.0
2023-03-27 00:00:00-04:00,1.5,1.5,1.4700000286102295,1.5,28900,0.0,0.0
2023-03-28 00:00:00-04:00,1.5099999904632568,1.5099999904632568,1.409999966621399,1.4199999570846558,29000,0.0,0.0
2023-03-29 00:00:00-04:00,1.4199999570846558,1.4299999475479126,1.3600000143051147,1.3899999856948853,40000,0.0,0.0
2023-03-30 00:00:00-04:00,1.3700000047683716,1.3899999856948853,1.350000023841858,1.3799999952316284,22300,0.0,0.0
2023-03-31 00:00:00-04:00,1.4199999570846558,1.4700000286102295,1.409999966621399,1.4299999475479126,37200,0.0,0.0
2023-04-03 00:00:00-04:00,1.4600000381469727,1.5,1.4299999475479126,1.4600000381469727,32100,0.0,0.0
2023-04-04 00:00:00-04:00,1.4600000381469727,1.4600000381469727,1.3799999952316284,1.409999966621399,21900,0.0,0.0
2023-04-05 00:00:00-04:00,1.409999966621399,1.409999966621399,1.350000023841858,1.350000023841858,15000,0.0,0.0
2023-04-06 00:00:00-04:00,1.350000023841858,1.3899999856948853,1.309999942779541,1.3899999856948853,17700,0.0,0.0
2023-04-10 00:00:00-04:00,1.350000023841858,1.3799999952316284,1.309999942779541,1.3700000047683716,24900,0.0,0.0
2023-04-11 00:00:00-04:00,1.340000033378601,1.3799999952316284,1.2999999523162842,1.3799999952316284,17300,0.0,0.0
2023-04-12 00:00:00-04:00,1.3899999856948853,1.409999966621399,1.3799999952316284,1.3899999856948853,8900,0.0,0.0
2023-04-13 00:00:00-04:00,1.409999966621399,1.409999966621399,1.3700000047683716,1.3799999952316284,33800,0.0,0.0
2023-04-14 00:00:00-04:00,1.3799999952316284,1.4199999570846558,1.3799999952316284,1.399999976158142,32500,0.0,0.0
2023-04-17 00:00:00-04:00,1.399999976158142,1.5800000429153442,1.399999976158142,1.5800000429153442,62600,0.0,0.0
2023-04-18 00:00:00-04:00,1.559999942779541,1.590000033378601,1.5199999809265137,1.5800000429153442,25800,0.0,0.0
2023-04-19 00:00:00-04:00,1.559999942779541,1.5800000429153442,1.5,1.5499999523162842,39100,0.0,0.0
2023-04-20 00:00:00-04:00,1.5199999809265137,1.5199999809265137,1.4700000286102295,1.5,34600,0.0,0.0
2023-04-21 00:00:00-04:00,1.5,1.5099999904632568,1.4500000476837158,1.4800000190734863,71500,0.0,0.0
2023-04-24 00:00:00-04:00,1.559999942779541,1.559999942779541,1.4199999570846558,1.440000057220459,61800,0.0,0.0
2023-04-25 00:00:00-04:00,1.5,1.5,1.4299999475479126,1.4800000190734863,23100,0.0,0.0
2023-04-26 00:00:00-04:00,1.5,1.5199999809265137,1.440000057220459,1.4600000381469727,37500,0.0,0.0
2023-04-27 00:00:00-04:00,1.4900000095367432,1.5299999713897705,1.4700000286102295,1.5299999713897705,23200,0.0,0.0
2023-04-28 00:00:00-04:00,1.5299999713897705,1.5499999523162842,1.4700000286102295,1.5399999618530273,12100,0.0,0.0
2023-05-01 00:00:00-04:00,1.5499999523162842,1.649999976158142,1.5499999523162842,1.5800000429153442,65000,0.0,0.0
2023-05-02 00:00:00-04:00,1.559999942779541,1.600000023841858,1.4900000095367432,1.5499999523162842,44100,0.0,0.0
2023-05-03 00:00:00-04:00,1.5099999904632568,1.5800000429153442,1.4600000381469727,1.5099999904632568,28600,0.0,0.0
2023-05-04 00:00:00-04:00,1.4800000190734863,1.4900000095367432,1.440000057220459,1.4800000190734863,42000,0.0,0.0
2023-05-05 00:00:00-04:00,1.4600000381469727,1.4900000095367432,1.4199999570846558,1.4600000381469727,33300,0.0,0.0
2023-05-08 00:00:00-04:00,1.4199999570846558,1.4800000190734863,1.4199999570846558,1.4500000476837158,17500,0.0,0.0
2023-05-09 00:00:00-04:00,1.4700000286102295,1.4700000286102295,1.3300000429153442,1.4199999570846558,281400,0.0,0.0
2023-05-10 00:00:00-04:00,1.3799999952316284,1.440000057220459,1.3600000143051147,1.399999976158142,34100,0.0,0.0
2023-05-11 00:00:00-04:00,1.399999976158142,1.4700000286102295,1.350000023841858,1.409999966621399,85500,0.0,0.0
2023-05-12 00:00:00-04:00,1.4500000476837158,1.4500000476837158,1.3799999952316284,1.399999976158142,43200,0.0,0.0
2023-05-15 00:00:00-04:00,1.3700000047683716,1.399999976158142,1.3600000143051147,1.3799999952316284,52400,0.0,0.0
2023-05-16 00:00:00-04:00,1.3799999952316284,1.409999966621399,1.3600000143051147,1.3899999856948853,37600,0.0,0.0
2023-05-17 00:00:00-04:00,1.3899999856948853,1.4700000286102295,1.3600000143051147,1.4500000476837158,28900,0.0,0.0
2023-05-18 00:00:00-04:00,1.4700000286102295,1.4900000095367432,1.4199999570846558,1.4900000095367432,15100,0.0,0.0
2023-05-19 00:00:00-04:00,1.5199999809265137,1.649999976158142,1.5099999904632568,1.600000023841858,37400,0.0,0.0
2023-05-22 00:00:00-04:00,1.6200000047683716,1.6299999952316284,1.4299999475479126,1.4500000476837158,86500,0.0,0.0
2023-05-23 00:00:00-04:00,1.4800000190734863,1.5299999713897705,1.4600000381469727,1.5299999713897705,25200,0.0,0.0
2023-05-24 00:00:00-04:00,1.5499999523162842,1.5499999523162842,1.5199999809265137,1.5299999713897705,4400,0.0,0.0
2023-05-25 00:00:00-04:00,1.5399999618530273,1.5399999618530273,1.5,1.5,21800,0.0,0.0
2023-05-26 00:00:00-04:00,1.5,1.5299999713897705,1.5,1.5299999713897705,14700,0.0,0.0
2023-05-30 00:00:00-04:00,1.5099999904632568,1.5199999809265137,1.4800000190734863,1.5099999904632568,54400,0.0,0.0
2023-05-31 00:00:00-04:00,1.5099999904632568,1.6399999856948853,1.5,1.559999942779541,34600,0.0,0.0
2023-06-01 00:00:00-04:00,1.6299999952316284,1.649999976158142,1.5499999523162842,1.6299999952316284,46300,0.0,0.0
2023-06-02 00:00:00-04:00,1.649999976158142,1.6799999475479126,1.6200000047683716,1.6799999475479126,12000,0.0,0.0
2023-06-05 00:00:00-04:00,1.7400000095367432,1.8200000524520874,1.7200000286102295,1.7799999713897705,60900,0.0,0.0
2023-06-06 00:00:00-04:00,1.75,1.8300000429153442,1.7000000476837158,1.7100000381469727,30600,0.0,0.0
2023-06-07 00:00:00-04:00,1.7899999618530273,1.850000023841858,1.7899999618530273,1.7999999523162842,26000,0.0,0.0
2023-06-08 00:00:00-04:00,1.840000033378601,1.840000033378601,1.7599999904632568,1.7599999904632568,22500,0.0,0.0
2023-06-09 00:00:00-04:00,1.7599999904632568,1.840000033378601,1.7599999904632568,1.840000033378601,14100,0.0,0.0
2023-06-12 00:00:00-04:00,1.7799999713897705,1.850000023841858,1.7400000095367432,1.7799999713897705,43000,0.0,0.0
2023-06-13 00:00:00-04:00,1.7400000095367432,1.7999999523162842,1.7400000095367432,1.7899999618530273,36900,0.0,0.0
2023-06-14 00:00:00-04:00,1.8799999952316284,2.200000047683716,1.8600000143051147,2.0899999141693115,120600,0.0,0.0
2023-06-15 00:00:00-04:00,2.0299999713897705,2.1700000762939453,2.0299999713897705,2.049999952316284,66200,0.0,0.0
2023-06-16 00:00:00-04:00,2.049999952316284,2.1500000953674316,2.049999952316284,2.059999942779541,53900,0.0,0.0
2023-06-20 00:00:00-04:00,2.069999933242798,2.0899999141693115,2.0399999618530273,2.0399999618530273,34100,0.0,0.0
2023-06-21 00:00:00-04:00,2.0,2.190000057220459,1.9800000190734863,1.9900000095367432,46000,0.0,0.0
2023-06-22 00:00:00-04:00,1.9900000095367432,1.9900000095367432,1.9199999570846558,1.940000057220459,11500,0.0,0.0
2023-06-23 00:00:00-04:00,1.9299999475479126,2.069999933242798,1.8300000429153442,1.8600000143051147,19700,0.0,0.0
2023-06-26 00:00:00-04:00,1.899999976158142,1.9800000190734863,1.8799999952316284,1.899999976158142,9000,0.0,0.0
2023-06-27 00:00:00-04:00,1.850000023841858,2.059999942779541,1.7999999523162842,1.840000033378601,61900,0.0,0.0
2023-06-28 00:00:00-04:00,1.909999966621399,1.9199999570846558,1.850000023841858,1.850000023841858,4400,0.0,0.0
2023-06-29 00:00:00-04:00,1.899999976158142,1.9500000476837158,1.840000033378601,1.850000023841858,51600,0.0,0.0
2023-06-30 00:00:00-04:00,1.8899999856948853,1.9500000476837158,1.8600000143051147,1.9500000476837158,25000,0.0,0.0
2023-07-03 00:00:00-04:00,1.9600000381469727,2.049999952316284,1.9500000476837158,2.0399999618530273,14900,0.0,0.0
2023-07-05 00:00:00-04:00,2.0,2.0299999713897705,1.9500000476837158,1.9900000095367432,16600,0.0,0.0
2023-07-06 00:00:00-04:00,1.9500000476837158,2.0,1.9500000476837158,1.9800000190734863,10300,0.0,0.0
2023-07-07 00:00:00-04:00,2.0199999809265137,2.0299999713897705,1.940000057220459,1.9500000476837158,26000,0.0,0.0
2023-07-10 00:00:00-04:00,1.909999966621399,1.909999966621399,1.7799999713897705,1.7999999523162842,24200,0.0,0.0
2023-07-11 00:00:00-04:00,1.8200000524520874,1.8200000524520874,1.7799999713897705,1.7899999618530273,9900,0.0,0.0
2023-07-12 00:00:00-04:00,1.8700000047683716,1.8700000047683716,1.7899999618530273,1.7999999523162842,5100,0.0,0.0
2023-07-13 00:00:00-04:00,1.8200000524520874,1.8200000524520874,1.7699999809265137,1.7999999523162842,18400,0.0,0.0
2023-07-14 00:00:00-04:00,1.8200000524520874,1.850000023841858,1.7999999523162842,1.840000033378601,15500,0.0,0.0
2023-07-17 00:00:00-04:00,1.7599999904632568,1.7799999713897705,1.7000000476837158,1.7200000286102295,26700,0.0,0.0
2023-07-18 00:00:00-04:00,1.7300000190734863,1.809999942779541,1.7300000190734863,1.7799999713897705,16900,0.0,0.0
2023-07-19 00:00:00-04:00,1.7799999713897705,1.9500000476837158,1.7799999713897705,1.9500000476837158,27000,0.0,0.0
2023-07-20 00:00:00-04:00,2.0199999809265137,2.0399999618530273,1.9299999475479126,1.9800000190734863,14700,0.0,0.0
2023-07-21 00:00:00-04:00,2.0199999809265137,2.0999999046325684,1.909999966621399,2.069999933242798,25400,0.0,0.0
2023-07-24 00:00:00-04:00,2.069999933242798,2.190000057220459,2.069999933242798,2.140000104904175,35000,0.0,0.0
2023-07-25 00:00:00-04:00,2.140000104904175,2.1600000858306885,1.909999966621399,1.9800000190734863,19200,0.0,0.0
2023-07-26 00:00:00-04:00,1.9800000190734863,2.0,1.9299999475479126,2.0,24800,0.0,0.0
2023-07-27 00:00:00-04:00,2.0999999046325684,2.0999999046325684,1.8899999856948853,1.8899999856948853,6500,0.0,0.0
2023-07-28 00:00:00-04:00,1.850000023841858,2.009999990463257,1.850000023841858,1.899999976158142,8700,0.0,0.0
2023-07-31 00:00:00-04:00,1.909999966621399,2.0,1.909999966621399,1.9500000476837158,6500,0.0,0.0
2023-08-01 00:00:00-04:00,1.9800000190734863,2.0,1.9500000476837158,1.9800000190734863,12500,0.0,0.0
2023-08-02 00:00:00-04:00,1.850000023841858,1.940000057220459,1.8300000429153442,1.8700000047683716,22700,0.0,0.0
2023-08-03 00:00:00-04:00,1.8700000047683716,1.8700000047683716,1.75,1.7699999809265137,22100,0.0,0.0
2023-08-04 00:00:00-04:00,1.7799999713897705,1.8899999856948853,1.7799999713897705,1.8200000524520874,24100,0.0,0.0
2023-08-07 00:00:00-04:00,1.8200000524520874,1.8300000429153442,1.7100000381469727,1.7200000286102295,15000,0.0,0.0
2023-08-08 00:00:00-04:00,1.7200000286102295,1.850000023841858,1.7200000286102295,1.7200000286102295,36600,0.0,0.0
2023-08-09 00:00:00-04:00,1.7400000095367432,1.75,1.659999966621399,1.7300000190734863,8500,0.0,0.0
2023-08-10 00:00:00-04:00,1.6699999570846558,1.7400000095367432,1.6699999570846558,1.7300000190734863,10700,0.0,0.0
2023-08-11 00:00:00-04:00,1.7100000381469727,1.7100000381469727,1.559999942779541,1.600000023841858,59900,0.0,0.0
2023-08-14 00:00:00-04:00,1.5700000524520874,1.6699999570846558,1.5700000524520874,1.6299999952316284,18700,0.0,0.0
2023-08-15 00:00:00-04:00,1.600000023841858,1.7400000095367432,1.600000023841858,1.7100000381469727,12700,0.0,0.0
2023-08-16 00:00:00-04:00,1.7000000476837158,1.7599999904632568,1.6200000047683716,1.6399999856948853,29400,0.0,0.0
2023-08-17 00:00:00-04:00,1.6399999856948853,1.659999966621399,1.600000023841858,1.600000023841858,7200,0.0,0.0
2023-08-18 00:00:00-04:00,1.600000023841858,1.6799999475479126,1.600000023841858,1.6100000143051147,5200,0.0,0.0
2023-08-21 00:00:00-04:00,1.600000023841858,1.6699999570846558,1.600000023841858,1.649999976158142,12100,0.0,0.0
2023-08-22 00:00:00-04:00,1.6799999475479126,1.7000000476837158,1.6200000047683716,1.659999966621399,32400,0.0,0.0
2023-08-23 00:00:00-04:00,1.659999966621399,1.8200000524520874,1.659999966621399,1.7999999523162842,6500,0.0,0.0
2023-08-24 00:00:00-04:00,1.7999999523162842,1.7999999523162842,1.7699999809265137,1.7899999618530273,13500,0.0,0.0
2023-08-25 00:00:00-04:00,1.7699999809265137,1.7699999809265137,1.7200000286102295,1.7400000095367432,13700,0.0,0.0
2023-08-28 00:00:00-04:00,1.7699999809265137,1.7799999713897705,1.7300000190734863,1.7599999904632568,2900,0.0,0.0
2023-08-29 00:00:00-04:00,1.7999999523162842,1.7999999523162842,1.7599999904632568,1.7599999904632568,13900,0.0,0.0
2023-08-30 00:00:00-04:00,1.75,1.8600000143051147,1.75,1.7999999523162842,7500,0.0,0.0
2023-08-31 00:00:00-04:00,1.8700000047683716,1.8700000047683716,1.7699999809265137,1.7699999809265137,12000,0.0,0.0
2023-09-01 00:00:00-04:00,1.850000023841858,1.8700000047683716,1.7999999523162842,1.8200000524520874,9000,0.0,0.0
2023-09-05 00:00:00-04:00,2.1600000858306885,2.869999885559082,2.0999999046325684,2.4800000190734863,33922500,0.0,0.0
2023-09-06 00:00:00-04:00,2.3499999046325684,2.8399999141693115,2.3299999237060547,2.450000047683716,2227800,0.0,0.0
2023-09-07 00:00:00-04:00,2.4000000953674316,2.4200000762939453,2.259999990463257,2.299999952316284,407100,0.0,0.0
2023-09-08 00:00:00-04:00,2.299999952316284,2.380000114440918,2.0999999046325684,2.130000114440918,203600,0.0,0.0
2023-09-11 00:00:00-04:00,2.240000009536743,2.25,2.0799999237060547,2.1700000762939453,223500,0.0,0.0
2023-09-12 00:00:00-04:00,2.1700000762939453,2.25,2.109999895095825,2.200000047683716,121400,0.0,0.0
2023-09-13 00:00:00-04:00,2.1600000858306885,2.240000009536743,2.069999933242798,2.069999933242798,176000,0.0,0.0
2023-09-14 00:00:00-04:00,2.0799999237060547,2.1700000762939453,2.0299999713897705,2.0299999713897705,71700,0.0,0.0
2023-09-15 00:00:00-04:00,2.0299999713897705,2.2100000381469727,2.0299999713897705,2.2100000381469727,67400,0.0,0.0
2023-09-18 00:00:00-04:00,2.200000047683716,2.25,2.0199999809265137,2.119999885559082,377800,0.0,0.0
2023-09-19 00:00:00-04:00,2.059999942779541,2.1700000762939453,2.059999942779541,2.0999999046325684,223100,0.0,0.0
2023-09-20 00:00:00-04:00,2.069999933242798,2.119999885559082,2.0299999713897705,2.049999952316284,82800,0.0,0.0
2023-09-21 00:00:00-04:00,2.0399999618530273,2.25,2.0,2.190000057220459,235900,0.0,0.0
2023-09-22 00:00:00-04:00,2.2200000286102295,2.680000066757202,2.180000066757202,2.509999990463257,526900,0.0,0.0
2023-09-25 00:00:00-04:00,2.5299999713897705,2.75,2.3499999046325684,2.450000047683716,314400,0.0,0.0
2023-09-26 00:00:00-04:00,2.4800000190734863,2.75,2.4100000858306885,2.4800000190734863,211600,0.0,0.0
2023-09-27 00:00:00-04:00,2.5,2.640000104904175,2.4200000762939453,2.5399999618530273,216300,0.0,0.0
2023-09-28 00:00:00-04:00,2.5299999713897705,2.5899999141693115,2.5,2.5399999618530273,144400,0.0,0.0
2023-09-29 00:00:00-04:00,2.559999942779541,2.7699999809265137,2.5199999809265137,2.640000104904175,190600,0.0,0.0
2023-10-02 00:00:00-04:00,2.75,3.1500000953674316,2.700000047683716,2.859999895095825,565900,0.0,0.0
2023-10-03 00:00:00-04:00,2.809999942779541,3.0,2.609999895095825,2.7799999713897705,209400,0.0,0.0
2023-10-04 00:00:00-04:00,2.759999990463257,2.9600000381469727,2.7100000381469727,2.9100000858306885,117700,0.0,0.0
2023-10-05 00:00:00-04:00,2.930000066757202,2.990000009536743,2.7300000190734863,2.8499999046325684,193900,0.0,0.0
2023-10-06 00:00:00-04:00,2.8499999046325684,2.990000009536743,2.7899999618530273,2.9000000953674316,105100,0.0,0.0
2023-10-09 00:00:00-04:00,2.9000000953674316,2.9000000953674316,2.619999885559082,2.7699999809265137,102400,0.0,0.0
2023-10-10 00:00:00-04:00,2.7300000190734863,2.8399999141693115,2.690000057220459,2.7799999713897705,125800,0.0,0.0
2023-10-11 00:00:00-04:00,2.7699999809265137,2.8299999237060547,2.5999999046325684,2.619999885559082,79300,0.0,0.0
2023-10-12 00:00:00-04:00,2.5999999046325684,2.740000009536743,2.5199999809265137,2.690000057220459,71500,0.0,0.0
2023-10-13 00:00:00-04:00,2.6500000953674316,2.740000009536743,2.559999942779541,2.5899999141693115,39800,0.0,0.0
2023-10-16 00:00:00-04:00,2.559999942779541,2.869999885559082,2.549999952316284,2.759999990463257,165600,0.0,0.0
2023-10-17 00:00:00-04:00,2.7799999713897705,2.8499999046325684,2.6500000953674316,2.7300000190734863,114700,0.0,0.0
2023-10-18 00:00:00-04:00,2.700000047683716,2.740000009536743,2.619999885559082,2.6500000953674316,48500,0.0,0.0
2023-10-19 00:00:00-04:00,2.7200000286102295,2.7300000190734863,2.549999952316284,2.630000114440918,103000,0.0,0.0
2023-10-20 00:00:00-04:00,2.609999895095825,2.640000104904175,2.549999952316284,2.630000114440918,36500,0.0,0.0
2023-10-23 00:00:00-04:00,2.680000066757202,2.680000066757202,2.359999895095825,2.609999895095825,180600,0.0,0.0
2023-10-24 00:00:00-04:00,2.640000104904175,2.640000104904175,2.450000047683716,2.5399999618530273,66000,0.0,0.0
2023-10-25 00:00:00-04:00,2.5799999237060547,2.5799999237060547,2.450000047683716,2.509999990463257,46400,0.0,0.0
2023-10-26 00:00:00-04:00,2.4700000286102295,2.5,2.369999885559082,2.450000047683716,65800,0.0,0.0
2023-10-27 00:00:00-04:00,2.430000066757202,2.5,2.3499999046325684,2.3499999046325684,52200,0.0,0.0
2023-10-30 00:00:00-04:00,2.4000000953674316,2.4100000858306885,2.240000009536743,2.4000000953674316,71400,0.0,0.0
2023-10-31 00:00:00-04:00,2.4000000953674316,2.5,2.309999942779541,2.4200000762939453,121200,0.0,0.0
2023-11-01 00:00:00-04:00,2.4100000858306885,2.5,2.359999895095825,2.380000114440918,76400,0.0,0.0
2023-11-02 00:00:00-04:00,2.5,2.569999933242798,2.369999885559082,2.4000000953674316,249900,0.0,0.0
2023-11-03 00:00:00-04:00,2.3499999046325684,2.700000047683716,2.3499999046325684,2.6500000953674316,261900,0.0,0.0
2023-11-06 00:00:00-05:00,2.700000047683716,2.700000047683716,2.4100000858306885,2.490000009536743,120200,0.0,0.0
2023-11-07 00:00:00-05:00,2.4700000286102295,2.5799999237060547,2.25,2.309999942779541,224500,0.0,0.0
2023-11-08 00:00:00-05:00,2.2899999618530273,2.309999942779541,2.049999952316284,2.0799999237060547,273100,0.0,0.0
2023-11-09 00:00:00-05:00,2.0799999237060547,2.130000114440918,1.899999976158142,1.9500000476837158,371700,0.0,0.0
2023-11-10 00:00:00-05:00,1.909999966621399,2.0199999809265137,1.8700000047683716,1.940000057220459,158100,0.0,0.0
2023-11-13 00:00:00-05:00,1.940000057220459,2.0899999141693115,1.899999976158142,2.069999933242798,259900,0.0,0.0
2023-11-14 00:00:00-05:00,2.0899999141693115,2.119999885559082,1.9800000190734863,2.0199999809265137,145900,0.0,0.0
2023-11-15 00:00:00-05:00,2.059999942779541,2.069999933242798,1.940000057220459,1.9800000190734863,223900,0.0,0.0
2023-11-16 00:00:00-05:00,1.9800000190734863,2.0199999809265137,1.8899999856948853,2.0,128000,0.0,0.0
2023-11-17 00:00:00-05:00,2.0,2.140000104904175,1.9900000095367432,2.0799999237060547,116700,0.0,0.0
2023-11-20 00:00:00-05:00,2.0299999713897705,2.25,2.0299999713897705,2.1600000858306885,213400,0.0,0.0
2023-11-21 00:00:00-05:00,2.200000047683716,2.240000009536743,2.109999895095825,2.140000104904175,124000,0.0,0.0
2023-11-22 00:00:00-05:00,2.109999895095825,2.2300000190734863,2.0999999046325684,2.200000047683716,117400,0.0,0.0
2023-11-24 00:00:00-05:00,2.2200000286102295,2.2200000286102295,2.0999999046325684,2.0999999046325684,114600,0.0,0.0
2023-11-27 00:00:00-05:00,2.0999999046325684,2.200000047683716,2.0999999046325684,2.140000104904175,153000,0.0,0.0
2023-11-28 00:00:00-05:00,2.1600000858306885,2.25,2.119999885559082,2.2300000190734863,115400,0.0,0.0
2023-11-29 00:00:00-05:00,2.2300000190734863,2.2899999618530273,2.180000066757202,2.240000009536743,183200,0.0,0.0
2023-11-30 00:00:00-05:00,2.2100000381469727,2.5399999618530273,2.2100000381469727,2.4700000286102295,349700,0.0,0.0
2023-12-01 00:00:00-05:00,2.4700000286102295,2.5899999141693115,2.390000104904175,2.569999933242798,271300,0.0,0.0
2023-12-04 00:00:00-05:00,2.559999942779541,2.5799999237060547,2.4000000953674316,2.5,120700,0.0,0.0
2023-12-05 00:00:00-05:00,2.509999990463257,2.640000104904175,2.440000057220459,2.549999952316284,123300,0.0,0.0
2023-12-06 00:00:00-05:00,2.549999952316284,2.619999885559082,2.450000047683716,2.549999952316284,110900,0.0,0.0
2023-12-07 00:00:00-05:00,2.5,2.569999933242798,2.4000000953674316,2.509999990463257,149500,0.0,0.0
2023-12-08 00:00:00-05:00,2.509999990463257,2.6500000953674316,2.450000047683716,2.6500000953674316,309200,0.0,0.0
2023-12-11 00:00:00-05:00,2.6600000858306885,2.6600000858306885,2.4200000762939453,2.5799999237060547,236500,0.0,0.0
2023-12-12 00:00:00-05:00,2.5199999809265137,2.6600000858306885,2.430000066757202,2.619999885559082,212600,0.0,0.0
2023-12-13 00:00:00-05:00,2.630000114440918,2.9000000953674316,2.630000114440918,2.75,555200,0.0,0.0
2023-12-14 00:00:00-05:00,2.809999942779541,2.8399999141693115,2.6500000953674316,2.6500000953674316,219600,0.0,0.0
2023-12-15 00:00:00-05:00,2.7799999713897705,2.7799999713897705,2.569999933242798,2.6500000953674316,225100,0.0,0.0
2023-12-18 00:00:00-05:00,2.690000057220459,2.690000057220459,2.5,2.5299999713897705,160600,0.0,0.0
2023-12-19 00:00:00-05:00,2.680000066757202,2.7699999809265137,2.5,2.5999999046325684,351500,0.0,0.0
2023-12-20 00:00:00-05:00,2.690000057220459,2.690000057220459,2.5,2.569999933242798,214700,0.0,0.0
2023-12-21 00:00:00-05:00,2.690000057220459,2.690000057220459,2.5,2.640000104904175,582000,0.0,0.0
2023-12-22 00:00:00-05:00,2.640000104904175,2.680000066757202,2.509999990463257,2.5799999237060547,386000,0.0,0.0
2023-12-26 00:00:00-05:00,2.759999990463257,2.759999990463257,2.5799999237060547,2.609999895095825,461200,0.0,0.0
2023-12-27 00:00:00-05:00,2.609999895095825,2.690000057220459,2.559999942779541,2.5999999046325684,210400,0.0,0.0
2023-12-28 00:00:00-05:00,2.7200000286102295,2.740000009536743,2.4600000381469727,2.490000009536743,708400,0.0,0.0
2023-12-29 00:00:00-05:00,2.619999885559082,2.8399999141693115,2.549999952316284,2.7699999809265137,833900,0.0,0.0
2024-01-02 00:00:00-05:00,2.890000104904175,3.200000047683716,2.7799999713897705,2.859999895095825,2324800,0.0,0.0
2024-01-03 00:00:00-05:00,2.950000047683716,3.130000114440918,2.799999952316284,2.8299999237060547,1914200,0.0,0.0
2024-01-04 00:00:00-05:00,2.890000104904175,3.059999942779541,2.7799999713897705,2.8299999237060547,1454700,0.0,0.0
2024-01-05 00:00:00-05:00,2.9100000858306885,2.9100000858306885,2.549999952316284,2.7100000381469727,2191700,0.0,0.0
2024-01-08 00:00:00-05:00,3.119999885559082,3.5899999141693115,2.9200000762939453,3.200000047683716,31005100,0.0,0.0
2024-01-09 00:00:00-05:00,3.2799999713897705,3.75,3.259999990463257,3.6500000953674316,5057300,0.0,0.0
2024-01-10 00:00:00-05:00,3.700000047683716,3.7799999713897705,3.299999952316284,3.4700000286102295,2806400,0.0,0.0
2024-01-11 00:00:00-05:00,3.5,3.569999933242798,3.2300000190734863,3.440000057220459,1876400,0.0,0.0
2024-01-12 00:00:00-05:00,3.4000000953674316,3.569999933242798,3.3299999237060547,3.509999990463257,1201200,0.0,0.0
2024-01-16 00:00:00-05:00,3.490000009536743,3.799999952316284,3.4100000858306885,3.700000047683716,2580600,0.0,0.0
2024-01-17 00:00:00-05:00,3.690000057220459,3.7300000190734863,3.3299999237060547,3.4000000953674316,2151400,0.0,0.0
2024-01-18 00:00:00-05:00,3.4200000762939453,3.569999933242798,3.3499999046325684,3.5399999618530273,732700,0.0,0.0
2024-01-19 00:00:00-05:00,3.4800000190734863,3.609999895095825,3.380000114440918,3.4800000190734863,1190700,0.0,0.0
2024-01-22 00:00:00-05:00,3.549999952316284,3.890000104904175,3.5299999713897705,3.640000104904175,3094300,0.0,0.0
2024-01-23 00:00:00-05:00,3.6600000858306885,3.759999990463257,3.5299999713897705,3.690000057220459,1158400,0.0,0.0
2024-01-24 00:00:00-05:00,3.740000009536743,3.740000009536743,3.3499999046325684,3.359999895095825,1896400,0.0,0.0
2024-01-25 00:00:00-05:00,3.4000000953674316,3.5899999141693115,3.3299999237060547,3.5899999141693115,1184400,0.0,0.0
2024-01-26 00:00:00-05:00,3.5999999046325684,3.809999942779541,3.5,3.75,1615700,0.0,0.0
2024-01-29 00:00:00-05:00,3.690000057220459,4.28000020980835,3.6600000858306885,4.210000038146973,2871700,0.0,0.0
2024-01-30 00:00:00-05:00,4.190000057220459,4.380000114440918,3.9000000953674316,3.9700000286102295,1269000,0.0,0.0
2024-01-31 00:00:00-05:00,3.950000047683716,4.239999771118164,3.9000000953674316,3.9100000858306885,1630800,0.0,0.0
2024-02-01 00:00:00-05:00,4.010000228881836,4.010000228881836,3.7200000286102295,3.930000066757202,1298500,0.0,0.0
2024-02-02 00:00:00-05:00,3.8399999141693115,3.9600000381469727,3.6600000858306885,3.759999990463257,1153800,0.0,0.0
2024-02-05 00:00:00-05:00,3.700000047683716,3.700000047683716,3.359999895095825,3.4200000762939453,1948600,0.0,0.0
2024-02-06 00:00:00-05:00,3.4000000953674316,3.5899999141693115,3.4000000953674316,3.549999952316284,524700,0.0,0.0
2024-02-07 00:00:00-05:00,3.559999942779541,3.5999999046325684,3.4100000858306885,3.5299999713897705,553700,0.0,0.0
2024-02-08 00:00:00-05:00,3.509999990463257,3.619999885559082,3.450000047683716,3.509999990463257,548200,0.0,0.0
2024-02-09 00:00:00-05:00,3.5299999713897705,3.5899999141693115,3.4700000286102295,3.5,465400,0.0,0.0
2024-02-12 00:00:00-05:00,3.5,3.5399999618530273,3.4200000762939453,3.5,915100,0.0,0.0
2024-02-13 00:00:00-05:00,3.4100000858306885,3.4800000190734863,3.3299999237060547,3.390000104904175,1293900,0.0,0.0
2024-02-14 00:00:00-05:00,3.440000057220459,3.5899999141693115,3.380000114440918,3.5,714400,0.0,0.0
2024-02-15 00:00:00-05:00,3.5,3.640000104904175,3.430000066757202,3.5899999141693115,1137700,0.0,0.0
2024-02-16 00:00:00-05:00,3.5799999237060547,3.630000114440918,3.440000057220459,3.450000047683716,515900,0.0,0.0
2024-02-20 00:00:00-05:00,3.430000066757202,3.4700000286102295,3.25,3.2899999618530273,1060900,0.0,0.0
2024-02-21 00:00:00-05:00,3.2899999618530273,3.3499999046325684,3.25,3.2799999713897705,529000,0.0,0.0
2024-02-22 00:00:00-05:00,3.369999885559082,3.490000009536743,3.3399999141693115,3.3499999046325684,555400,0.0,0.0
2024-02-23 00:00:00-05:00,3.3499999046325684,3.369999885559082,3.240000009536743,3.3399999141693115,878800,0.0,0.0
2024-02-26 00:00:00-05:00,3.3499999046325684,3.509999990463257,3.3499999046325684,3.490000009536743,1169400,0.0,0.0
2024-02-27 00:00:00-05:00,3.569999933242798,3.950000047683716,3.5399999618530273,3.880000114440918,1951500,0.0,0.0
2024-02-28 00:00:00-05:00,3.8499999046325684,4.130000114440918,3.7699999809265137,3.940000057220459,1646700,0.0,0.0
2024-02-29 00:00:00-05:00,4.0,4.039999961853027,3.8499999046325684,3.9200000762939453,408400,0.0,0.0
2024-03-01 00:00:00-05:00,4.0,4.199999809265137,3.9200000762939453,4.199999809265137,807000,0.0,0.0
2024-03-04 00:00:00-05:00,4.400000095367432,4.449999809265137,3.940000057220459,4.239999771118164,2971200,0.0,0.0
2024-03-05 00:00:00-05:00,4.210000038146973,4.340000152587891,4.010000228881836,4.050000190734863,1076000,0.0,0.0
2024-03-06 00:00:00-05:00,4.099999904632568,4.21999979019165,3.9800000190734863,4.0,968600,0.0,0.0
2024-03-07 00:00:00-05:00,4.0,4.130000114440918,3.9700000286102295,4.070000171661377,741400,0.0,0.0
2024-03-08 00:00:00-05:00,4.079999923706055,4.21999979019165,3.930000066757202,4.0,1273800,0.0,0.0
2024-03-11 00:00:00-04:00,3.990000009536743,4.050000190734863,3.75,3.7699999809265137,755500,0.0,0.0
2024-03-12 00:00:00-04:00,3.7899999618530273,3.7899999618530273,3.5999999046325684,3.630000114440918,657800,0.0,0.0
2024-03-13 00:00:00-04:00,3.609999895095825,3.7200000286102295,3.5399999618530273,3.5399999618530273,483900,0.0,0.0
2024-03-14 00:00:00-04:00,3.5399999618530273,3.569999933242798,3.380000114440918,3.380000114440918,999100,0.0,0.0
2024-03-15 00:00:00-04:00,3.4000000953674316,3.5299999713897705,3.390000104904175,3.4800000190734863,1525500,0.0,0.0
2024-03-18 00:00:00-04:00,3.509999990463257,3.509999990463257,3.3499999046325684,3.3499999046325684,471700,0.0,0.0
2024-03-19 00:00:00-04:00,3.5799999237060547,3.9700000286102295,3.509999990463257,3.7799999713897705,2483500,0.0,0.0
2024-03-20 00:00:00-04:00,3.799999952316284,3.8499999046325684,3.5999999046325684,3.7300000190734863,1355200,0.0,0.0
2024-03-21 00:00:00-04:00,3.799999952316284,3.9600000381469727,3.759999990463257,3.869999885559082,966100,0.0,0.0
2024-03-22 00:00:00-04:00,3.8399999141693115,4.130000114440918,3.799999952316284,4.050000190734863,1187700,0.0,0.0
2024-03-25 00:00:00-04:00,4.050000190734863,4.170000076293945,3.8499999046325684,3.869999885559082,1364300,0.0,0.0
2024-03-26 00:00:00-04:00,3.880000114440918,3.990000009536743,3.7799999713897705,3.8499999046325684,668600,0.0,0.0
2024-03-27 00:00:00-04:00,3.8299999237060547,3.880000114440918,3.5299999713897705,3.640000104904175,1490700,0.0,0.0
2024-03-28 00:00:00-04:00,3.8299999237060547,4.070000171661377,3.7899999618530273,3.9800000190734863,1769200,0.0,0.0
2024-04-01 00:00:00-04:00,4.050000190734863,4.070000171661377,3.819999933242798,3.9200000762939453,1214400,0.0,0.0
2024-04-02 00:00:00-04:00,3.869999885559082,4.050000190734863,3.75,3.990000009536743,1726100,0.0,0.0
2024-04-03 00:00:00-04:00,4.0,4.019999980926514,3.9200000762939453,3.9800000190734863,620800,0.0,0.0
2024-04-04 00:00:00-04:00,4.03000020980835,4.150000095367432,3.7100000381469727,3.7200000286102295,1669000,0.0,0.0
2024-04-05 00:00:00-04:00,3.7200000286102295,3.7899999618530273,3.6600000858306885,3.759999990463257,851400,0.0,0.0
2024-04-08 00:00:00-04:00,3.8399999141693115,3.8399999141693115,3.6700000762939453,3.809999942779541,538300,0.0,0.0
2024-04-09 00:00:00-04:00,3.7799999713897705,3.8299999237060547,3.680000066757202,3.7300000190734863,596000,0.0,0.0
2024-04-10 00:00:00-04:00,3.6600000858306885,3.680000066757202,3.450000047683716,3.490000009536743,1133200,0.0,0.0
2024-04-11 00:00:00-04:00,3.490000009536743,3.7300000190734863,3.490000009536743,3.7100000381469727,516800,0.0,0.0
2024-04-12 00:00:00-04:00,3.690000057220459,3.7300000190734863,3.4800000190734863,3.509999990463257,562100,0.0,0.0
2024-04-15 00:00:00-04:00,3.509999990463257,3.5399999618530273,3.2799999713897705,3.319999933242798,842900,0.0,0.0
2024-04-16 00:00:00-04:00,3.2799999713897705,3.359999895095825,3.2300000190734863,3.309999942779541,761900,0.0,0.0
2024-04-17 00:00:00-04:00,3.319999933242798,3.369999885559082,3.1700000762939453,3.2100000381469727,848700,0.0,0.0
2024-04-18 00:00:00-04:00,3.2100000381469727,3.2100000381469727,3.009999990463257,3.0399999618530273,1641700,0.0,0.0
2024-04-19 00:00:00-04:00,3.0299999713897705,3.1600000858306885,3.009999990463257,3.0299999713897705,807000,0.0,0.0
2024-04-22 00:00:00-04:00,3.0299999713897705,3.2300000190734863,2.9600000381469727,3.190000057220459,866700,0.0,0.0
2024-04-23 00:00:00-04:00,3.1700000762939453,3.2799999713897705,3.109999895095825,3.109999895095825,899200,0.0,0.0
2024-04-24 00:00:00-04:00,3.0899999141693115,3.180000066757202,3.0,3.059999942779541,1043200,0.0,0.0
2024-04-25 00:00:00-04:00,3.069999933242798,3.0999999046325684,2.940000057220459,3.0199999809265137,690800,0.0,0.0
2024-04-26 00:00:00-04:00,3.0399999618530273,3.119999885559082,2.9800000190734863,3.0299999713897705,686600,0.0,0.0
2024-04-29 00:00:00-04:00,3.0299999713897705,3.200000047683716,3.0299999713897705,3.0999999046325684,716400,0.0,0.0
2024-04-30 00:00:00-04:00,3.0999999046325684,3.140000104904175,3.0399999618530273,3.0899999141693115,533900,0.0,0.0
2024-05-01 00:00:00-04:00,3.0999999046325684,3.3299999237060547,3.0799999237060547,3.1600000858306885,964600,0.0,0.0
2024-05-02 00:00:00-04:00,3.2899999618530273,3.4100000858306885,3.25,3.3399999141693115,644900,0.0,0.0
2024-05-03 00:00:00-04:00,3.3399999141693115,3.509999990463257,3.3399999141693115,3.4200000762939453,510700,0.0,0.0
2024-05-06 00:00:00-04:00,3.450000047683716,3.4800000190734863,3.309999942779541,3.3299999237060547,714600,0.0,0.0
2024-05-07 00:00:00-04:00,3.319999933242798,3.3499999046325684,3.180000066757202,3.2899999618530273,742000,0.0,0.0
2024-05-08 00:00:00-04:00,3.2799999713897705,3.299999952316284,3.1500000953674316,3.200000047683716,374600,0.0,0.0
2024-05-09 00:00:00-04:00,3.200000047683716,3.25,3.180000066757202,3.240000009536743,180500,0.0,0.0
2024-05-10 00:00:00-04:00,3.25,3.25,3.049999952316284,3.069999933242798,1118600,0.0,0.0
2024-05-13 00:00:00-04:00,3.0799999237060547,3.1600000858306885,2.9800000190734863,3.059999942779541,640400,0.0,0.0
2024-05-14 00:00:00-04:00,3.0199999809265137,3.2200000286102295,3.0,3.180000066757202,677400,0.0,0.0
2024-05-15 00:00:00-04:00,3.25,3.490000009536743,3.2300000190734863,3.359999895095825,1107300,0.0,0.0
2024-05-16 00:00:00-04:00,3.3399999141693115,3.450000047683716,3.299999952316284,3.3299999237060547,472400,0.0,0.0
2024-05-17 00:00:00-04:00,3.3299999237060547,3.4200000762939453,3.2799999713897705,3.299999952316284,636200,0.0,0.0
2024-05-20 00:00:00-04:00,3.299999952316284,3.299999952316284,3.119999885559082,3.1600000858306885,527600,0.0,0.0
2024-05-21 00:00:00-04:00,3.1600000858306885,3.319999933242798,3.1600000858306885,3.25,362300,0.0,0.0
2024-05-22 00:00:00-04:00,3.2699999809265137,3.2799999713897705,3.1700000762939453,3.200000047683716,322100,0.0,0.0
2024-05-23 00:00:00-04:00,3.2100000381469727,3.240000009536743,3.0199999809265137,3.059999942779541,393400,0.0,0.0
2024-05-24 00:00:00-04:00,3.059999942779541,3.109999895095825,3.0199999809265137,3.109999895095825,256300,0.0,0.0
2024-05-28 00:00:00-04:00,3.0999999046325684,3.1500000953674316,2.9200000762939453,2.9600000381469727,514100,0.0,0.0
2024-05-29 00:00:00-04:00,2.940000057220459,2.9600000381469727,2.880000114440918,2.950000047683716,299500,0.0,0.0
2024-05-30 00:00:00-04:00,2.9600000381469727,3.0799999237060547,2.9600000381469727,3.0399999618530273,253100,0.0,0.0
2024-05-31 00:00:00-04:00,3.049999952316284,3.1600000858306885,3.049999952316284,3.0899999141693115,255400,0.0,0.0
2024-06-03 00:00:00-04:00,3.0799999237060547,3.1500000953674316,2.950000047683716,2.950000047683716,367700,0.0,0.0
2024-06-04 00:00:00-04:00,2.9800000190734863,2.9800000190734863,2.880000114440918,2.9100000858306885,301900,0.0,0.0
2024-06-05 00:00:00-04:00,2.9200000762939453,3.109999895095825,2.880000114440918,3.109999895095825,366600,0.0,0.0
2024-06-06 00:00:00-04:00,3.109999895095825,3.130000114440918,3.009999990463257,3.0299999713897705,165200,0.0,0.0
2024-06-07 00:00:00-04:00,3.009999990463257,3.4100000858306885,2.9600000381469727,3.3299999237060547,1165300,0.0,0.0
2024-06-10 00:00:00-04:00,3.2799999713897705,3.3499999046325684,3.2100000381469727,3.2799999713897705,221700,0.0,0.0
2024-06-11 00:00:00-04:00,3.25,3.2899999618530273,3.190000057220459,3.259999990463257,182300,0.0,0.0
2024-06-12 00:00:00-04:00,3.309999942779541,3.4200000762939453,3.299999952316284,3.3299999237060547,324400,0.0,0.0
2024-06-13 00:00:00-04:00,3.3299999237060547,3.4200000762939453,3.309999942779541,3.359999895095825,251500,0.0,0.0
2024-06-14 00:00:00-04:00,3.3299999237060547,3.3399999141693115,3.2100000381469727,3.2200000286102295,213800,0.0,0.0
2024-06-17 00:00:00-04:00,3.2200000286102295,3.2300000190734863,2.9000000953674316,2.9000000953674316,1037600,0.0,0.0
2024-06-18 00:00:00-04:00,2.9000000953674316,2.9200000762939453,2.6500000953674316,2.6700000762939453,1055100,0.0,0.0
2024-06-20 00:00:00-04:00,2.7300000190734863,2.9000000953674316,2.700000047683716,2.799999952316284,478500,0.0,0.0
2024-06-21 00:00:00-04:00,2.890000104904175,2.9200000762939453,2.809999942779541,2.859999895095825,405700,0.0,0.0
2024-06-24 00:00:00-04:00,2.8499999046325684,2.940000057220459,2.8499999046325684,2.859999895095825,227500,0.0,0.0
2024-06-25 00:00:00-04:00,2.859999895095825,2.9600000381469727,2.700000047683716,2.700000047683716,424000,0.0,0.0
2024-06-26 00:00:00-04:00,2.799999952316284,2.940000057220459,2.799999952316284,2.890000104904175,285700,0.0,0.0
2024-06-27 00:00:00-04:00,2.799999952316284,2.8299999237060547,2.259999990463257,2.3299999237060547,2369000,0.0,0.0
2024-06-28 00:00:00-04:00,2.390000104904175,2.549999952316284,2.3399999141693115,2.5,913400,0.0,0.0
2024-07-01 00:00:00-04:00,2.490000009536743,2.619999885559082,2.490000009536743,2.549999952316284,290000,0.0,0.0
2024-07-02 00:00:00-04:00,2.569999933242798,2.5799999237060547,2.369999885559082,2.380000114440918,525200,0.0,0.0
2024-07-03 00:00:00-04:00,2.390000104904175,2.4700000286102295,2.380000114440918,2.4700000286102295,124600,0.0,0.0
2024-07-05 00:00:00-04:00,2.450000047683716,2.450000047683716,2.3399999141693115,2.390000104904175,265600,0.0,0.0
2024-07-08 00:00:00-04:00,2.390000104904175,2.569999933242798,2.359999895095825,2.4800000190734863,246900,0.0,0.0
2024-07-09 00:00:00-04:00,2.4700000286102295,2.569999933242798,2.359999895095825,2.4100000858306885,244400,0.0,0.0
2024-07-10 00:00:00-04:00,2.430000066757202,2.450000047683716,2.3299999237060547,2.3499999046325684,241500,0.0,0.0
2024-07-11 00:00:00-04:00,2.3499999046325684,2.4800000190734863,2.3399999141693115,2.4700000286102295,367700,0.0,0.0
2024-07-12 00:00:00-04:00,2.490000009536743,2.5399999618530273,2.4100000858306885,2.5299999713897705,221800,0.0,0.0
2024-07-15 00:00:00-04:00,2.5399999618530273,2.5899999141693115,2.5199999809265137,2.559999942779541,163500,0.0,0.0
2024-07-16 00:00:00-04:00,2.5899999141693115,2.7899999618530273,2.559999942779541,2.7899999618530273,345800,0.0,0.0
2024-07-17 00:00:00-04:00,2.75,2.759999990463257,2.5799999237060547,2.619999885559082,307600,0.0,0.0
2024-07-18 00:00:00-04:00,2.5899999141693115,2.690000057220459,2.5199999809265137,2.630000114440918,241600,0.0,0.0
2024-07-19 00:00:00-04:00,2.609999895095825,2.6500000953674316,2.509999990463257,2.5199999809265137,136200,0.0,0.0
2024-07-22 00:00:00-04:00,2.799999952316284,3.1500000953674316,2.640000104904175,3.0199999809265137,3536900,0.0,0.0
2024-07-23 00:00:00-04:00,2.5,2.549999952316284,2.180000066757202,2.4600000381469727,6189000,0.0,0.0
2024-07-24 00:00:00-04:00,2.4000000953674316,2.549999952316284,2.299999952316284,2.3399999141693115,964800,0.0,0.0
2024-07-25 00:00:00-04:00,2.3299999237060547,2.440000057220459,2.299999952316284,2.369999885559082,548200,0.0,0.0
2024-07-26 00:00:00-04:00,2.380000114440918,2.4600000381469727,2.240000009536743,2.2899999618530273,566800,0.0,0.0
2024-07-29 00:00:00-04:00,2.2799999713897705,2.299999952316284,2.0899999141693115,2.140000104904175,1088900,0.0,0.0
2024-07-30 00:00:00-04:00,2.1500000953674316,2.180000066757202,2.0299999713897705,2.1500000953674316,1061400,0.0,0.0
2024-07-31 00:00:00-04:00,2.1600000858306885,2.2300000190734863,2.0999999046325684,2.1500000953674316,495100,0.0,0.0
2024-08-01 00:00:00-04:00,2.1500000953674316,2.25,2.0199999809265137,2.059999942779541,718900,0.0,0.0
2024-08-02 00:00:00-04:00,1.9900000095367432,2.0399999618530273,1.9500000476837158,1.9800000190734863,629900,0.0,0.0
2024-08-05 00:00:00-04:00,1.850000023841858,2.0,1.8200000524520874,1.9800000190734863,951200,0.0,0.0
2024-08-06 00:00:00-04:00,1.9800000190734863,1.9900000095367432,1.8700000047683716,1.9500000476837158,343000,0.0,0.0
2024-08-07 00:00:00-04:00,1.9800000190734863,2.0299999713897705,1.8799999952316284,1.899999976158142,630000,0.0,0.0
2024-08-08 00:00:00-04:00,1.8600000143051147,1.9500000476837158,1.850000023841858,1.9299999475479126,255900,0.0,0.0
2024-08-09 00:00:00-04:00,1.9299999475479126,2.0199999809265137,1.8700000047683716,1.9299999475479126,347500,0.0,0.0
2024-08-12 00:00:00-04:00,1.940000057220459,1.940000057220459,1.850000023841858,1.8600000143051147,314600,0.0,0.0
2024-08-13 00:00:00-04:00,2.009999990463257,2.0399999618530273,1.8700000047683716,2.0199999809265137,495500,0.0,0.0
2024-08-14 00:00:00-04:00,2.0299999713897705,2.140000104904175,1.9600000381469727,2.0,373900,0.0,0.0
2024-08-15 00:00:00-04:00,1.9500000476837158,2.049999952316284,1.909999966621399,2.0299999713897705,442900,0.0,0.0
2024-08-16 00:00:00-04:00,2.0199999809265137,2.0299999713897705,1.9600000381469727,2.0299999713897705,162800,0.0,0.0
