Date,Open,High,Low,Close,Volume,Dividends,Stock Splits
1962-01-02 00:00:00-05:00,0.0,0.2658275556233194,0.26178762316703796,0.26178762316703796,25600,0.0,0.0
1962-01-03 00:00:00-05:00,0.0,0.2638075893951787,0.26178762316703796,0.26178762316703796,28800,0.0,0.0
1962-01-04 00:00:00-05:00,0.0,0.2634037624202646,0.2609798014163971,0.2609798014163971,21600,0.0,0.0
1962-01-05 00:00:00-05:00,0.0,0.25936357959916323,0.2553236484527588,0.2553236484527588,46400,0.0,0.0
1962-01-08 00:00:00-05:00,0.0,0.25936357120829306,0.2557276332941581,0.2565356194972992,29600,0.0,0.0
1962-01-09 00:00:00-05:00,0.0,0.25936362429372145,0.25613167881965637,0.25613167881965637,40000,0.0,0.0
1962-01-10 00:00:00-05:00,0.0,0.25774760714060146,0.24239586878426467,0.2553236484527588,20800,0.0,0.0
1962-01-11 00:00:00-05:00,0.0,0.25774759880201087,0.2557276332941581,0.2565356194972992,25600,0.0,0.0
1962-01-12 00:00:00-05:00,0.0,0.2593635175377131,0.25613157339394094,0.25855553150177,16000,0.0,0.0
1962-01-15 00:00:00-05:00,0.0,0.2593635022640228,0.25774753028729996,0.2593635022640228,34400,0.0,0.0
1962-01-16 00:00:00-05:00,0.0,0.2585556608805724,0.25532371511956525,0.25572770833969116,57600,0.0,0.0
1962-01-17 00:00:00-05:00,0.0,0.25774760714060146,0.2553236484527588,0.2553236484527588,24800,0.0,0.0
1962-01-18 00:00:00-05:00,0.0,0.25774760714060146,0.2553236484527588,0.2553236484527588,37600,0.0,0.0
1962-01-19 00:00:00-05:00,0.0,0.2553237905215159,0.25249583714548646,0.25491979718208313,29600,0.0,0.0
1962-01-22 00:00:00-05:00,0.0,0.2577477737078591,0.25411183332640025,0.2545158267021179,24800,0.0,0.0
1962-01-23 00:00:00-05:00,0.0,0.2541116569011541,0.2512837052345276,0.2512837052345276,32000,0.0,0.0
1962-01-24 00:00:00-05:00,0.0,0.2516876838860973,0.24926372545380746,0.2504757046699524,40000,0.0,0.0
1962-01-25 00:00:00-05:00,0.0,0.250879791207978,0.24643586575984955,0.24643586575984955,72000,0.0,0.0
1962-01-26 00:00:00-05:00,0.0,0.24764784542752094,0.2456278793147353,0.24643586575984955,35200,0.0,0.0
1962-01-29 00:00:00-05:00,0.0,0.248859831403947,0.2464358720071553,0.24764785170555115,39200,0.0,0.0
1962-01-30 00:00:00-05:00,0.0,0.25213567951282895,0.2513197064399719,0.2513197064399719,40800,0.09375,0.0
1962-01-31 00:00:00-05:00,0.0,0.2513196918785766,0.2505037188529968,0.2505037188529968,24000,0.0,0.0
1962-02-01 00:00:00-05:00,0.0,0.25172769297640046,0.25009574683068636,0.2513197064399719,38400,0.0,0.0
1962-02-02 00:00:00-05:00,0.0,0.2513197064399719,0.25009574683068636,0.2513197064399719,33600,0.0,0.0
1962-02-05 00:00:00-05:00,0.0,0.2513197064399719,0.24968776029425782,0.2513197064399719,24000,0.0,0.0
1962-02-06 00:00:00-05:00,0.0,0.2513197588726757,0.2488718391433964,0.25091177225112915,38400,0.0,0.0
1962-02-07 00:00:00-05:00,0.0,0.2521355450153351,0.2500956134213599,0.2521355450153351,28000,0.0,0.0
1962-02-08 00:00:00-05:00,0.0,0.25131959471772586,0.2500956356525421,0.2500956356525421,24000,0.0,0.0
1962-02-09 00:00:00-05:00,0.0,0.2513197064399719,0.24968776029425782,0.2513197064399719,17600,0.0,0.0
1962-02-12 00:00:00-05:00,0.0,0.2513197064399719,0.25009574683068636,0.2513197064399719,22400,0.0,0.0
1962-02-13 00:00:00-05:00,0.0,0.25621558055877686,0.2509117548465729,0.2549916207790375,36000,0.0,0.0
1962-02-14 00:00:00-05:00,0.0,0.2586633861064911,0.25580748121257085,0.2586633861064911,41600,0.0,0.0
1962-02-15 00:00:00-05:00,0.0,0.26192736625671387,0.2586634738423,0.26192736625671387,38400,0.0,0.0
1962-02-16 00:00:00-05:00,0.0,0.2619274512851408,0.25784758444269307,0.25825557112693787,38400,0.0,0.0
1962-02-19 00:00:00-05:00,0.0,0.2590714395046234,0.2582554664668136,0.2590714395046234,8800,0.0,0.0
1962-02-20 00:00:00-05:00,0.0,0.26029548048973083,0.2582555472570527,0.26029548048973083,26400,0.0,0.0
1962-02-21 00:00:00-05:00,0.0,0.25988724761433746,0.25662335753440857,0.25662335753440857,68000,0.0,0.0
1962-02-23 00:00:00-05:00,0.0,0.2574395320977375,0.25621557235717773,0.25621557235717773,61600,0.0,0.0
1962-02-26 00:00:00-05:00,0.0,0.25703159098427136,0.2553996443748474,0.2553996443748474,25600,0.0,0.0
1962-02-27 00:00:00-05:00,0.0,0.25621567910890486,0.2537677586078644,0.2537677586078644,35200,0.0,0.0
1962-02-28 00:00:00-05:00,0.0,0.25539948055759454,0.25335954860425913,0.2545835077762604,18400,0.0,0.0
1962-03-01 00:00:00-05:00,0.0,0.2570315455175509,0.25539959919680455,0.25621557235717773,19200,0.0,0.0
1962-03-02 00:00:00-05:00,0.0,0.2570315455175509,0.25621557235717773,0.25621557235717773,23200,0.0,0.0
1962-03-05 00:00:00-05:00,0.0,0.2574393300543908,0.25621537127441746,0.25662335753440857,29600,0.0,0.0
1962-03-06 00:00:00-05:00,0.0,0.25662343972959584,0.2545835077762604,0.2545835077762604,38400,0.0,0.0
1962-03-07 00:00:00-05:00,0.0,0.2549916207790375,0.2541756475925446,0.2549916207790375,64800,0.0,0.0
1962-03-08 00:00:00-05:00,0.0,0.25784762990077964,0.2562156828760912,0.25743964314460754,23200,0.0,0.0
1962-03-09 00:00:00-05:00,0.0,0.2627435326576233,0.258663664138095,0.2627435326576233,52800,0.0,0.0
1962-03-12 00:00:00-05:00,0.0,0.2647833981230233,0.2635594378851665,0.2639674246311188,31200,0.0,0.0
1962-03-13 00:00:00-05:00,0.0,0.26437532901763916,0.2635593557799304,0.26437532901763916,24000,0.0,0.0
1962-03-14 00:00:00-05:00,0.0,0.2647834509242061,0.263559490442276,0.263559490442276,23200,0.0,0.0
1962-03-15 00:00:00-05:00,0.0,0.2643752774526906,0.2631513178348541,0.2631513178348541,16000,0.0,0.0
1962-03-16 00:00:00-05:00,0.0,0.26437546409689605,0.26274351678765595,0.263559490442276,28800,0.0,0.0
1962-03-19 00:00:00-05:00,0.0,0.26437532901763916,0.2635593557799304,0.26437532901763916,12800,0.0,0.0
1962-03-20 00:00:00-05:00,0.0,0.26437532901763916,0.2635593557799304,0.26437532901763916,20800,0.0,0.0
1962-03-21 00:00:00-05:00,0.0,0.266007297050019,0.26437535044235017,0.2655993103981018,44800,0.0,0.0
1962-03-22 00:00:00-05:00,0.0,0.26600728270085455,0.26355936292139887,0.2647833228111267,35200,0.0,0.0
1962-03-23 00:00:00-05:00,0.0,0.2660073935985565,0.2639674595985676,0.2660073935985565,32000,0.0,0.0
1962-03-26 00:00:00-05:00,0.0,0.2692710909437626,0.2643752529266033,0.2684551179409027,43200,0.0,0.0
1962-03-27 00:00:00-05:00,0.0,0.27008692911176974,0.2672310250275063,0.26927095651626587,41600,0.0,0.0
1962-03-28 00:00:00-05:00,0.0,0.27008704922911597,0.2676391303539276,0.2676391303539276,45600,0.0,0.0
1962-03-29 00:00:00-05:00,0.0,0.2684551185788729,0.2664151860668754,0.2668231725692749,16000,0.0,0.0
1962-03-30 00:00:00-05:00,0.0,0.2660072754930567,0.26437532901763916,0.26437532901763916,38400,0.0,0.0
1962-04-02 00:00:00-05:00,0.0,0.2635593051657476,0.2615193724632263,0.2615193724632263,16000,0.0,0.0
1962-04-03 00:00:00-05:00,0.0,0.2619272321462631,0.2594793140888214,0.2611112594604492,27200,0.0,0.0
1962-04-04 00:00:00-05:00,0.0,0.261519395986443,0.25947946310043335,0.25947946310043335,30400,0.0,0.0
1962-04-05 00:00:00-05:00,0.0,0.2611111471754041,0.25947920250555784,0.2598871886730194,24000,0.0,0.0
1962-04-06 00:00:00-05:00,0.0,0.26192736625671387,0.25947944694590347,0.26192736625671387,31200,0.0,0.0
1962-04-09 00:00:00-05:00,0.0,0.2627433263048341,0.25784748792648315,0.25784748792648315,28800,0.0,0.0
1962-04-10 00:00:00-05:00,0.0,0.260295174840481,0.2582552440031731,0.2598871886730194,16000,0.0,0.0
1962-04-11 00:00:00-05:00,0.0,0.261927382563645,0.25947946310043335,0.25947946310043335,25600,0.0,0.0
1962-04-12 00:00:00-05:00,0.0,0.2590714765232314,0.2582555033688275,0.25947946310043335,13600,0.0,0.0
1962-04-13 00:00:00-05:00,0.0,0.25947946310043335,0.2578475167916256,0.25947946310043335,31200,0.0,0.0
1962-04-16 00:00:00-05:00,0.0,0.260295174840481,0.2582552440031731,0.2598871886730194,23200,0.0,0.0
1962-04-17 00:00:00-05:00,0.0,0.2615193724632263,0.25947943976070503,0.2615193724632263,12800,0.0,0.0
1962-04-18 00:00:00-05:00,0.0,0.26274309184525035,0.2598871886730194,0.2598871886730194,36000,0.0,0.0
1962-04-19 00:00:00-05:00,0.0,0.2611111471754041,0.2598871886730194,0.2598871886730194,7200,0.0,0.0
1962-04-23 00:00:00-05:00,0.0,0.26070316100794255,0.25947920250555784,0.2598871886730194,19200,0.0,0.0
1962-04-24 00:00:00-05:00,0.0,0.26029543625483725,0.25947946310043335,0.25947946310043335,5600,0.0,0.0
1962-04-25 00:00:00-05:00,0.0,0.26111131169613166,0.2602953388470812,0.26070332527160645,17600,0.0,0.0
1962-04-26 00:00:00-05:00,0.0,0.26029540711565863,0.25784748792648315,0.25784748792648315,18400,0.0,0.0
1962-04-27 00:00:00-05:00,0.0,0.25947926135434635,0.25662335753440857,0.25662335753440857,35200,0.0,0.0
1962-04-30 00:00:00-04:00,0.0,0.261927178914293,0.25621537127441746,0.25662335753440857,43200,0.0,0.0
1962-05-01 00:00:00-04:00,0.0,0.256211495014929,0.24797318327811455,0.25538766384124756,48000,0.09375,0.0
1962-05-02 00:00:00-04:00,0.0,0.2595068197096548,0.25538766384124756,0.25538766384124756,28000,0.0,0.0
1962-05-03 00:00:00-04:00,0.0,0.25744749392096355,0.2520925860474075,0.2557998299598694,36800,0.0,0.0
1962-05-04 00:00:00-04:00,0.0,0.2562116567384113,0.2537401616573334,0.2537401616573334,12000,0.0,0.0
1962-05-07 00:00:00-04:00,0.0,0.2570353261886104,0.2541519170807254,0.25538766384124756,13600,0.0,0.0
1962-05-08 00:00:00-04:00,0.0,0.2553878011066673,0.2529163062572479,0.2529163062572479,32000,0.0,0.0
1962-05-09 00:00:00-04:00,0.0,0.25374002394333384,0.2496208677104875,0.2520923614501953,24000,0.0,0.0
1962-05-10 00:00:00-04:00,0.0,0.2529163062572479,0.2479733165584092,0.2529163062572479,39200,0.0,0.0
1962-05-11 00:00:00-04:00,0.0,0.25209242343505883,0.24756135046482086,0.24756135046482086,29600,0.0,0.0
1962-05-14 00:00:00-04:00,0.0,0.2487969547510147,0.24055864499104732,0.2487969547510147,64800,0.0,0.0
1962-05-15 00:00:00-04:00,0.0,0.252092462817305,0.2487971365059677,0.25044479966163635,21600,0.0,0.0
1962-05-16 00:00:00-04:00,0.0,0.2553878130951548,0.25209248647457216,0.25332823395729065,24000,0.0,0.0
1962-05-17 00:00:00-04:00,0.0,0.2545638551899031,0.2508566145803414,0.2520923614501953,18400,0.0,0.0
1962-05-18 00:00:00-04:00,0.0,0.25332823395729065,0.24962099150913516,0.25332823395729065,32000,0.0,0.0
1962-05-21 00:00:00-04:00,0.0,0.2533280539219497,0.25003272964329015,0.2512684762477875,25600,0.0,0.0
1962-05-22 00:00:00-04:00,0.0,0.25126868899358135,0.24673761427402496,0.24673761427402496,50400,0.0,0.0
1962-05-23 00:00:00-04:00,0.0,0.24879718531627912,0.24385419487953186,0.24385419487953186,15200,0.0,0.0
1962-05-24 00:00:00-04:00,0.0,0.24673737685397729,0.23973481357097626,0.23973481357097626,49600,0.0,0.0
1962-05-25 00:00:00-04:00,0.0,0.23767550375599128,0.23396826019653907,0.23561592400074005,64800,0.0,0.0
1962-05-28 00:00:00-04:00,0.0,0.23067297873558937,0.21502016946424582,0.22202274203300476,125600,0.0,0.0
1962-05-29 00:00:00-04:00,0.0,0.2298489511013031,0.21584381788007675,0.2298489511013031,168800,0.0,0.0
1962-05-31 00:00:00-04:00,0.0,0.23891110718250277,0.2347919501621148,0.23891110718250275,116800,0.0,0.0
1962-06-01 00:00:00-04:00,0.0,0.2422064302724376,0.23726344189953072,0.24138259887695312,57600,0.0,0.0
1962-06-04 00:00:00-04:00,0.0,0.24303032537656172,0.23067285120487213,0.23067285120487213,56000,0.0,0.0
1962-06-05 00:00:00-04:00,0.0,0.23726340991448178,0.2298489283546542,0.23314425349235535,51200,0.0,0.0
1962-06-06 00:00:00-04:00,0.0,0.23808747011682263,0.23396830973417862,0.23685172200202942,74400,0.0,0.0
1962-06-07 00:00:00-04:00,0.0,0.23726356720882474,0.23438015580177307,0.23438015580177307,22400,0.0,0.0
1962-06-08 00:00:00-04:00,0.0,0.23561592400074005,0.2331444282944386,0.23561592400074005,25600,0.0,0.0
1962-06-11 00:00:00-04:00,0.0,0.23561580164331786,0.23232047574620854,0.23396813869476318,29600,0.0,0.0
1962-06-12 00:00:00-04:00,0.0,0.2331443218275177,0.22778941690921783,0.22778941690921783,32800,0.0,0.0
1962-06-13 00:00:00-04:00,0.0,0.23067285120487213,0.2253179457304733,0.23067285120487213,85600,0.0,0.0
1962-06-14 00:00:00-04:00,0.0,0.22984893846770993,0.22325828790232755,0.22737744450569153,40000,0.0,0.0
1962-06-15 00:00:00-04:00,0.0,0.23067285120487213,0.22408219831330436,0.23067285120487213,68000,0.0,0.0
1962-06-18 00:00:00-04:00,0.0,0.23726328241700495,0.2310845511040621,0.23643945157527924,65600,0.0,0.0
1962-06-19 00:00:00-04:00,0.0,0.23643975590284055,0.23396826019653907,0.23561592400074005,22400,0.0,0.0
1962-06-20 00:00:00-04:00,0.0,0.235615813563056,0.2314966559832823,0.23232048749923706,12800,0.0,0.0
1962-06-21 00:00:00-04:00,0.0,0.23067282724984084,0.22778941690921783,0.22778941690921783,48000,0.0,0.0
1962-06-22 00:00:00-04:00,0.0,0.2273775557676951,0.22243456542491913,0.22243456542491913,42400,0.0,0.0
1962-06-25 00:00:00-04:00,0.0,0.22325831651687622,0.21913915938556855,0.22325831651687622,56800,0.0,0.0
1962-06-26 00:00:00-04:00,0.0,0.22655364222192237,0.22161065366435315,0.22325831651687622,40000,0.0,0.0
1962-06-27 00:00:00-04:00,0.0,0.22531810733097377,0.2216108624205921,0.22490619122982025,24800,0.0,0.0
1962-06-28 00:00:00-04:00,0.0,0.22902526275531665,0.22572993523365742,0.22861334681510925,37600,0.0,0.0
1962-06-29 00:00:00-04:00,0.0,0.23067270493891243,0.22737738058264226,0.23026078939437866,38400,0.0,0.0
1962-07-02 00:00:00-04:00,0.0,0.2335563153028488,0.2298490722028036,0.23355631530284882,26400,0.0,0.0
1962-07-03 00:00:00-04:00,0.0,0.23479197016904052,0.23232047574620854,0.23396813869476318,17600,0.0,0.0
1962-07-05 00:00:00-04:00,0.0,0.23479200899600983,0.23232051416447289,0.23479200899600983,7200,0.0,0.0
1962-07-06 00:00:00-04:00,0.0,0.23561592400074005,0.23273251234338835,0.23561592400074005,27200,0.0,0.0
1962-07-09 00:00:00-04:00,0.0,0.23849909007549286,0.23479185033338676,0.23849909007549286,28000,0.0,0.0
1962-07-10 00:00:00-04:00,0.0,0.2450898431050472,0.2409706860780716,0.2409706860780716,57600,0.0,0.0
1962-07-11 00:00:00-04:00,0.0,0.24179472029209137,0.23973514005110252,0.24179472029209137,27200,0.0,0.0
1962-07-12 00:00:00-04:00,0.0,0.24426618003379713,0.24220660010096579,0.24261851608753204,21600,0.0,0.0
1962-07-13 00:00:00-04:00,0.0,0.24261855238848692,0.2413828042438936,0.24179472029209137,23200,0.0,0.0
1962-07-16 00:00:00-04:00,0.0,0.24385419487953186,0.2401469520519714,0.24385419487953186,17600,0.0,0.0
1962-07-17 00:00:00-04:00,0.0,0.24385434574734383,0.2380875200033188,0.2380875200033188,29600,0.0,0.0
1962-07-18 00:00:00-04:00,0.0,0.2405586838722229,0.23808719054476857,0.2405586838722229,12000,0.0,0.0
1962-07-19 00:00:00-04:00,0.0,0.24055893183164875,0.23891126791499362,0.2393231838941574,8800,0.0,0.0
1962-07-20 00:00:00-04:00,0.0,0.2405586838722229,0.23932293720849573,0.2405586838722229,24000,0.0,0.0
1962-07-23 00:00:00-04:00,0.0,0.24055864454544695,0.23973481357097626,0.23973481357097626,16000,0.0,0.0
1962-07-24 00:00:00-04:00,0.0,0.24055893183164875,0.2393231838941574,0.2393231838941574,24800,0.0,0.0
1962-07-25 00:00:00-04:00,0.0,0.24179472029209137,0.238911307954707,0.24179472029209137,12800,0.0,0.0
1962-07-26 00:00:00-04:00,0.0,0.24673770496038477,0.2417947125404772,0.24467812478542328,27200,0.0,0.0
1962-07-27 00:00:00-04:00,0.0,0.2455018162727356,0.24385415307627428,0.2455018162727356,12800,0.0,0.0
1962-07-30 00:00:00-04:00,0.0,0.24673761427402496,0.24508995073964082,0.24673761427402496,27200,0.0,0.0
1962-07-31 00:00:00-04:00,0.0,0.24840195186498787,0.2467376171791253,0.24756978452205658,24800,0.09375,0.0
1962-08-01 00:00:00-04:00,0.0,0.24715357686619502,0.2454892430152442,0.2463214099407196,24000,0.0,0.0
1962-08-02 00:00:00-04:00,0.0,0.24798586819352222,0.24632153350765965,0.24756978452205658,11200,0.0,0.0
1962-08-03 00:00:00-04:00,0.0,0.2475696603289327,0.2463214099407196,0.2463214099407196,26400,0.0,0.0
1962-08-06 00:00:00-04:00,0.0,0.24632156967914368,0.24465723474887918,0.2450733184814453,6400,0.0,0.0
1962-08-07 00:00:00-04:00,0.0,0.24507310460146783,0.24299268775425675,0.24382485449314117,12800,0.0,0.0
1962-08-08 00:00:00-04:00,0.0,0.24507312304308626,0.2429927060393249,0.24465703964233398,16000,0.0,0.0
1962-08-09 00:00:00-04:00,0.0,0.24465698951329942,0.243408739566803,0.24340873956680298,4800,0.0,0.0
1962-08-10 00:00:00-04:00,0.0,0.24548921968908488,0.24340880257307568,0.24424096941947937,15200,0.0,0.0
1962-08-13 00:00:00-04:00,0.0,0.24382485449314117,0.24299268775425675,0.24382485449314117,13600,0.0,0.0
1962-08-14 00:00:00-04:00,0.0,0.2450733184814453,0.24340898355118082,0.2450733184814453,22400,0.0,0.0
1962-08-15 00:00:00-04:00,0.0,0.2463214099407196,0.2454892430152442,0.2463214099407196,26400,0.0,0.0
1962-08-16 00:00:00-04:00,0.0,0.24756978160715826,0.245489363274325,0.24673761427402496,18400,0.0,0.0
1962-08-17 00:00:00-04:00,0.0,0.24923392953382287,0.2463213460501221,0.24881784617900848,27200,0.0,0.0
1962-08-20 00:00:00-04:00,0.0,0.25256269527707326,0.2488179436172814,0.2508983612060547,39200,0.0,0.0
1962-08-21 00:00:00-04:00,0.0,0.2558914855947712,0.2513145647142143,0.25547540187835693,32000,0.0,0.0
1962-08-22 00:00:00-04:00,0.0,0.2592200107848374,0.2538109254875615,0.2571395933628082,24000,0.0,0.0
1962-08-23 00:00:00-04:00,0.0,0.2625487684918363,0.25880401585090673,0.26088443398475647,24000,0.0,0.0
1962-08-24 00:00:00-04:00,0.0,0.2617166012382964,0.25963618310444664,0.26088443398475647,16800,0.0,0.0
1962-08-27 00:00:00-04:00,0.0,0.26088434472246075,0.2571395933628082,0.2571395933628082,14400,0.0,0.0
1962-08-28 00:00:00-04:00,0.0,0.25838803980192576,0.2563076208019103,0.25755587220191956,37600,0.0,0.0
1962-08-29 00:00:00-04:00,0.0,0.25755573344695104,0.25547531556773495,0.2563074827194214,11200,0.0,0.0
1962-08-30 00:00:00-04:00,0.0,0.2563073795877005,0.25297871232032776,0.25297871232032776,8800,0.0,0.0
1962-08-31 00:00:00-04:00,0.0,0.25297893448755804,0.2517306831660734,0.25256285071372986,20800,0.0,0.0
1962-09-04 00:00:00-04:00,0.0,0.25297867541281593,0.25131434202194214,0.25131434202194214,9600,0.0,0.0
1962-09-05 00:00:00-04:00,0.0,0.25297889471054075,0.24965022504329681,0.24965022504329681,15200,0.0,0.0
1962-09-06 00:00:00-04:00,0.0,0.25297871232032776,0.2513143786866414,0.25297871232032776,12800,0.0,0.0
1962-09-07 00:00:00-04:00,0.0,0.25464304595401416,0.25297871232032776,0.25297871232032776,10400,0.0,0.0
1962-09-10 00:00:00-04:00,0.0,0.2571397231846321,0.2542271373233175,0.25589147210121155,20800,0.0,0.0
1962-09-11 00:00:00-04:00,0.0,0.25589144987161044,0.2538110315799713,0.2538110315799713,9600,0.0,0.0
1962-09-12 00:00:00-04:00,0.0,0.2554752196556602,0.25381088597712176,0.254643052816391,14400,0.0,0.0
1962-09-13 00:00:00-04:00,0.0,0.254643052816391,0.2533948025574871,0.254643052816391,16800,0.0,0.0
1962-09-14 00:00:00-04:00,0.0,0.2542269625455925,0.2513143786866414,0.25297871232032776,47200,0.0,0.0
1962-09-17 00:00:00-04:00,0.0,0.2563074265403309,0.25214659169389697,0.25339484214782715,12000,0.0,0.0
1962-09-18 00:00:00-04:00,0.0,0.2567236171882661,0.2538110315799713,0.2538110315799713,20800,0.0,0.0
1962-09-19 00:00:00-04:00,0.0,0.2554752196556602,0.254643052816391,0.254643052816391,11200,0.0,0.0
1962-09-20 00:00:00-04:00,0.0,0.2550591760864007,0.25339484214782715,0.25339484214782715,17600,0.0,0.0
1962-09-21 00:00:00-04:00,0.0,0.25381094583033725,0.2508983612060547,0.2508983612060547,20800,0.0,0.0
1962-09-24 00:00:00-04:00,0.0,0.2513145364514769,0.24299286305904388,0.24299286305904388,34400,0.0,0.0
1962-09-25 00:00:00-04:00,0.0,0.24715374410152435,0.24299290665873777,0.24715374410152435,19200,0.0,0.0
1962-09-26 00:00:00-04:00,0.0,0.24798572022829593,0.24382488599627752,0.24424096941947937,11200,0.0,0.0
1962-09-27 00:00:00-04:00,0.0,0.24632155612363654,0.2434089701559584,0.24548938870429993,15200,0.0,0.0
1962-09-28 00:00:00-04:00,0.0,0.2496502028793848,0.24548936616472838,0.24756978452205658,16800,0.0,0.0
1962-10-01 00:00:00-04:00,0.0,0.2459052898445908,0.24382487284082946,0.24465703964233398,14400,0.0,0.0
1962-10-02 00:00:00-04:00,0.0,0.2463214099407196,0.2434088257015557,0.2463214099407196,16800,0.0,0.0
1962-10-03 00:00:00-04:00,0.0,0.24715354004684761,0.24465703964233398,0.24465703964233398,12800,0.0,0.0
1962-10-04 00:00:00-04:00,0.0,0.24798586527372493,0.24507327960775835,0.24673761427402496,15200,0.0,0.0
1962-10-05 00:00:00-04:00,0.0,0.24840177420601747,0.24673744071049977,0.24798569083213806,9600,0.0,0.0
1962-10-08 00:00:00-04:00,0.0,0.24965017884720944,0.2479858443215614,0.24923409521579742,16000,0.0,0.0
1962-10-09 00:00:00-04:00,0.0,0.24965017884720944,0.24840192795297342,0.24923409521579742,12000,0.0,0.0
1962-10-10 00:00:00-04:00,0.0,0.2504823924601078,0.24881805762648582,0.24965022504329681,46400,0.0,0.0
1962-10-11 00:00:00-04:00,0.0,0.25006626247862146,0.24840192795297342,0.24923409521579742,8800,0.0,0.0
1962-10-12 00:00:00-04:00,0.0,0.24798586819352222,0.24632153350765965,0.24756978452205658,12800,0.0,0.0
1962-10-15 00:00:00-04:00,0.0,0.24923394095377632,0.2471535240843792,0.24798569083213806,15200,0.0,0.0
1962-10-16 00:00:00-04:00,0.0,0.24923389785653183,0.2484017312526703,0.2484017312526703,13600,0.0,0.0
1962-10-17 00:00:00-04:00,0.0,0.24798586819352222,0.24756978452205658,0.24756978452205658,12800,0.0,0.0
1962-10-18 00:00:00-04:00,0.0,0.24798589096230975,0.24548938870429993,0.24548938870429993,18400,0.0,0.0
1962-10-19 00:00:00-04:00,0.0,0.24465716162632253,0.24132849276065826,0.24132849276065826,21600,0.0,0.0
1962-10-22 00:00:00-04:00,0.0,0.2388319490360213,0.23550328075677363,0.2379997819662094,41600,0.0,0.0
1962-10-23 00:00:00-04:00,0.0,0.23467115733934485,0.22967815399169922,0.22967815399169922,60800,0.0,0.0
1962-10-24 00:00:00-04:00,0.0,0.2338390485275663,0.2263495416352243,0.23342296481132507,76000,0.0,0.0
1962-10-25 00:00:00-04:00,0.0,0.2338390052318573,0.23092641975743916,0.2338390052318573,24000,0.0,0.0
1962-10-26 00:00:00-04:00,0.0,0.2342548966407776,0.23300664674748747,0.2342548966407776,16000,0.0,0.0
1962-10-29 00:00:00-05:00,0.0,0.24299288147853482,0.23799987706459233,0.2396642118692398,53600,0.0,0.0
1962-10-30 00:00:00-05:00,0.0,0.24302796527950302,0.23882332920200294,0.242187038064003,34400,0.09375,0.0
1962-10-31 00:00:00-05:00,0.0,0.2455507592777377,0.24218705024653583,0.244289368391037,22400,0.0,0.0
1962-11-01 00:00:00-05:00,0.0,0.24428936839103702,0.2430279775043363,0.244289368391037,8800,0.0,0.0
1962-11-02 00:00:00-05:00,0.0,0.24639137089252475,0.24386859235096306,0.24639137089252472,19200,0.0,0.0
1962-11-05 00:00:00-05:00,0.0,0.24681198596954346,0.24513013257281743,0.24681198596954346,19200,0.0,0.0
1962-11-07 00:00:00-05:00,0.0,0.24975513838030197,0.24681189600881692,0.2489142119884491,18400,0.0,0.0
1962-11-08 00:00:00-05:00,0.0,0.2514369309048357,0.24933461542904276,0.2510164678096771,24800,0.0,0.0
1962-11-09 00:00:00-05:00,0.0,0.25227808952331543,0.25101669907569885,0.25227808952331543,16000,0.0,0.0
1962-11-12 00:00:00-05:00,0.0,0.2548006415761859,0.2522778629467187,0.2539597153663635,27200,0.0,0.0
1962-11-13 00:00:00-05:00,0.0,0.25564156778600833,0.2535392522614523,0.2539597153663635,22400,0.0,0.0
1962-11-14 00:00:00-05:00,0.0,0.2569033205509186,0.25564192945165054,0.2569033205509186,24800,0.0,0.0
1962-11-15 00:00:00-05:00,0.0,0.2598462643754947,0.25732348510971315,0.2590053379535675,28000,0.0,0.0
1962-11-16 00:00:00-05:00,0.0,0.26026672758645825,0.2581644115316403,0.2590053379535675,20000,0.0,0.0
1962-11-19 00:00:00-05:00,0.0,0.2598462643754947,0.2590053379535675,0.2590053379535675,22400,0.0,0.0
1962-11-20 00:00:00-05:00,0.0,0.26068732142448425,0.2585850043162223,0.26068732142448425,44800,0.0,0.0
1962-11-21 00:00:00-05:00,0.0,0.263210266828537,0.2602670210333297,0.263210266828537,28800,0.0,0.0
1962-11-23 00:00:00-05:00,0.0,0.26657393084296693,0.26278975832311413,0.265733003616333,48000,0.0,0.0
1962-11-26 00:00:00-05:00,0.0,0.26825555596711503,0.2657327764439133,0.2674146294593811,80000,0.0,0.0
1962-11-27 00:00:00-05:00,0.0,0.2695168794507339,0.26573271109651136,0.26867595314979553,65600,0.0,0.0
1962-11-28 00:00:00-05:00,0.0,0.26993772251399484,0.2669944763183594,0.2669944763183594,19200,0.0,0.0
1962-11-29 00:00:00-05:00,0.0,0.2690965235233307,0.26699420693330467,0.2690965235233307,42400,0.0,0.0
1962-11-30 00:00:00-05:00,0.0,0.26867601922098194,0.2674146294593811,0.2674146294593811,35200,0.0,0.0
1962-12-03 00:00:00-05:00,0.0,0.26867601922098194,0.26699416620551414,0.2674146294593811,20000,0.0,0.0
1962-12-04 00:00:00-05:00,0.0,0.26867595314979553,0.2665736373974497,0.26867595314979553,30400,0.0,0.0
1962-12-05 00:00:00-05:00,0.0,0.2686763312872939,0.2669944763183594,0.2669944763183594,22400,0.0,0.0
1962-12-06 00:00:00-05:00,0.0,0.26867595314979553,0.26741456369838806,0.26867595314979553,30400,0.0,0.0
1962-12-07 00:00:00-05:00,0.0,0.26867611439997874,0.26825565099716187,0.26825565099716187,18400,0.0,0.0
1962-12-10 00:00:00-05:00,0.0,0.26867606688518914,0.2678351402282715,0.2678351402282715,26400,0.0,0.0
1962-12-11 00:00:00-05:00,0.0,0.2690965235233307,0.26825559688732026,0.2690965235233307,102400,0.0,0.0
1962-12-12 00:00:00-05:00,0.0,0.27414214079196636,0.2703579701368625,0.27330121397972107,68800,0.0,0.0
1962-12-13 00:00:00-05:00,0.0,0.274562699068909,0.2733013084146874,0.27414223551750183,48000,0.0,0.0
1962-12-14 00:00:00-05:00,0.0,0.2766648828983307,0.27414210281111184,0.2766648828983307,50400,0.0,0.0
1962-12-17 00:00:00-05:00,0.0,0.27666484755350323,0.27498299437688617,0.2758239209651947,19200,0.0,0.0
1962-12-18 00:00:00-05:00,0.0,0.2758239209651947,0.27456253108273193,0.2758239209651947,26400,0.0,0.0
1962-12-19 00:00:00-05:00,0.0,0.277085418253003,0.27498310096732015,0.27624449133872986,24000,0.0,0.0
1962-12-20 00:00:00-05:00,0.0,0.27876743200867693,0.2762446498185531,0.277926504611969,37600,0.0,0.0
1962-12-21 00:00:00-05:00,0.0,0.2800286359277116,0.2783467822584761,0.27918770909309387,30400,0.0,0.0
1962-12-24 00:00:00-05:00,0.0,0.2783468961715698,0.27582411463527157,0.2783468961715698,30400,0.0,0.0
1962-12-26 00:00:00-05:00,0.0,0.2804490625858307,0.2783467457748424,0.2804490625858307,13600,0.0,0.0
1962-12-27 00:00:00-05:00,0.0,0.28213091603462126,0.28002859922363305,0.2804490625858307,28800,0.0,0.0
1962-12-28 00:00:00-05:00,0.0,0.282130903781888,0.2800285870622018,0.2808695137500763,20000,0.0,0.0
1962-12-31 00:00:00-05:00,0.0,0.2821311181605752,0.2804492635068609,0.2817106544971466,24800,0.0,0.0
1963-01-02 00:00:00-05:00,0.0,0.28044930268789975,0.2754037380218506,0.2754037380218506,18400,0.0,0.0
1963-01-03 00:00:00-05:00,0.0,0.2817105848688979,0.2766650221548281,0.28002873063087463,24800,0.0,0.0
1963-01-04 00:00:00-05:00,0.0,0.2817104404379508,0.28044905040613904,0.2808695137500763,28000,0.0,0.0
1963-01-07 00:00:00-05:00,0.0,0.2817104404379508,0.2808695137500763,0.2808695137500763,24000,0.0,0.0
1963-01-08 00:00:00-05:00,0.0,0.28507422357355455,0.28213097937736736,0.28339236974716187,33600,0.0,0.0
1963-01-09 00:00:00-05:00,0.0,0.28507407935413387,0.28339222637859324,0.2842331528663635,15200,0.0,0.0
1963-01-10 00:00:00-05:00,0.0,0.28801769368788777,0.2842335196102367,0.2859153747558594,39200,0.0,0.0
1963-01-11 00:00:00-05:00,0.0,0.28759689457648624,0.28465365150333505,0.2850741147994995,36800,0.0,0.0
1963-01-14 00:00:00-05:00,0.0,0.28717669367615173,0.2850743752744229,0.2863357663154602,36000,0.0,0.0
1963-01-15 00:00:00-05:00,0.0,0.2867560088634491,0.28591508215123956,0.2867560088634491,5600,0.0,0.0
1963-01-16 00:00:00-05:00,0.0,0.28591500584190416,0.28255129989082295,0.2842331528663635,20800,0.0,0.0
1963-01-17 00:00:00-05:00,0.0,0.2863357663154602,0.28339252055303993,0.2863357663154602,26400,0.0,0.0
1963-01-18 00:00:00-05:00,0.0,0.28801726714583825,0.2859149513272555,0.28717634081840515,31200,0.0,0.0
1963-01-21 00:00:00-05:00,0.0,0.2880174043582894,0.28591508753815587,0.2875969409942627,18400,0.0,0.0
1963-01-22 00:00:00-05:00,0.0,0.2909607363024021,0.2850742474176714,0.28969934582710266,51200,0.0,0.0
1963-01-23 00:00:00-05:00,0.0,0.28969914925306345,0.2888582228401373,0.28927868604660034,34400,0.0,0.0
1963-01-24 00:00:00-05:00,0.0,0.2955857936048779,0.2892788421054851,0.2951653301715851,64800,0.0,0.0
1963-01-25 00:00:00-05:00,0.0,0.29558572845799586,0.2930629484142576,0.2943243384361267,35200,0.0,0.0
1963-01-28 00:00:00-05:00,0.0,0.2968472562910997,0.29432447507616116,0.29474493861198425,31200,0.0,0.0
1963-01-29 00:00:00-05:00,0.0,0.29389666409596155,0.2913521042336588,0.2926243841648102,49600,0.09375,0.0
1963-01-30 00:00:00-05:00,0.0,0.29347261786460876,0.29262443110777464,0.29347261786460876,20000,0.0,0.0
1963-01-31 00:00:00-05:00,0.0,0.2930485010147095,0.2917762209813605,0.2930485010147095,22400,0.0,0.0
1963-02-01 00:00:00-05:00,0.0,0.2951690448827042,0.2922003906956655,0.29389676451683044,17600,0.0,0.0
1963-02-04 00:00:00-05:00,0.0,0.2943208579721217,0.2934726710615392,0.29389676451683044,10400,0.0,0.0
1963-02-05 00:00:00-05:00,0.0,0.29389676451683044,0.2922003906956655,0.29389676451683044,44000,0.0,0.0
1963-02-06 00:00:00-05:00,0.0,0.2943209707736969,0.29347278353803785,0.2943209707736969,16800,0.0,0.0
1963-02-07 00:00:00-05:00,0.0,0.29559293389320374,0.2938965612453231,0.29559293389320374,28800,0.0,0.0
1963-02-08 00:00:00-05:00,0.0,0.29559317877751656,0.29347271121096336,0.29516908526420593,23200,0.0,0.0
1963-02-11 00:00:00-05:00,0.0,0.299409968524494,0.2955931275659664,0.29856178164482117,33600,0.0,0.0
1963-02-12 00:00:00-05:00,0.0,0.29940993227857227,0.2964412785590963,0.2989858388900757,33600,0.0,0.0
1963-02-13 00:00:00-05:00,0.0,0.3019544184207916,0.2994098587149984,0.3019544184207916,43200,0.0,0.0
1963-02-14 00:00:00-05:00,0.0,0.3032268373603041,0.29940999605087365,0.30068227648735046,50400,0.0,0.0
1963-02-15 00:00:00-05:00,0.0,0.3036505698489876,0.2994096401024933,0.3028023838996887,39200,0.0,0.0
1963-02-18 00:00:00-05:00,0.0,0.30365088787427597,0.30110632736136306,0.3015304207801819,19200,0.0,0.0
1963-02-19 00:00:00-05:00,0.0,0.299409968524494,0.29856178164482117,0.29856178164482117,22400,0.0,0.0
1963-02-20 00:00:00-05:00,0.0,0.298137581628612,0.2951689286109729,0.2977134883403778,20000,0.0,0.0
1963-02-21 00:00:00-05:00,0.0,0.29771361396928314,0.2955931466333196,0.29728952050209045,16000,0.0,0.0
1963-02-25 00:00:00-05:00,0.0,0.2977134883403778,0.29601711518744117,0.2977134883403778,32000,0.0,0.0
1963-02-26 00:00:00-05:00,0.0,0.29728955283075914,0.29347271121096336,0.29516908526420593,40800,0.0,0.0
1963-02-27 00:00:00-05:00,0.0,0.2938966104444468,0.2922002375125885,0.2922002375125885,34400,0.0,0.0
1963-02-28 00:00:00-05:00,0.0,0.28965580233480526,0.28499077477158,0.2858389616012573,51200,0.0,0.0
1963-03-01 00:00:00-05:00,0.0,0.2854148638337406,0.2832943967918851,0.2841425836086273,54400,0.0,0.0
1963-03-04 00:00:00-05:00,0.0,0.2892317771911621,0.2841426550118455,0.2892317771911621,51200,0.0,0.0
1963-03-05 00:00:00-05:00,0.0,0.29135196237710487,0.28838331064982725,0.29007968306541443,34400,0.0,0.0
1963-03-06 00:00:00-05:00,0.0,0.2896559435655089,0.28753547545741587,0.2883836627006531,33600,0.0,0.0
1963-03-07 00:00:00-05:00,0.0,0.29007968306541443,0.28838331064982725,0.29007968306541443,36000,0.0,0.0
1963-03-08 00:00:00-05:00,0.0,0.2900800006505151,0.2883836263777051,0.2888077199459076,26400,0.0,0.0
1963-03-11 00:00:00-05:00,0.0,0.2905038121329569,0.287959253194566,0.2896556258201599,47200,0.0,0.0
1963-03-12 00:00:00-05:00,0.0,0.29092827439308167,0.28965599330973,0.29092827439308167,20800,0.0,0.0
1963-03-13 00:00:00-05:00,0.0,0.2934725943591591,0.2900798476035619,0.2930485010147095,38400,0.0,0.0
1963-03-14 00:00:00-05:00,0.0,0.29389676451683044,0.2926244841509567,0.29389676451683044,16000,0.0,0.0
1963-03-15 00:00:00-05:00,0.0,0.2943209707736969,0.2930486899202083,0.2943209707736969,16000,0.0,0.0
1963-03-18 00:00:00-05:00,0.0,0.2964412715135282,0.2917762443509405,0.29347261786460876,48000,0.0,0.0
1963-03-19 00:00:00-05:00,0.0,0.29304846012315083,0.2913520869820617,0.291776180267334,34400,0.0,0.0
1963-03-20 00:00:00-05:00,0.0,0.29135212302207947,0.29092802968434717,0.29135212302207947,29600,0.0,0.0
1963-03-21 00:00:00-05:00,0.0,0.2909282244303647,0.2883836627006531,0.2883836627006531,28000,0.0,0.0
1963-03-22 00:00:00-05:00,0.0,0.28838338316631457,0.2871111035346985,0.2871111035346985,37600,0.0,0.0
1963-03-25 00:00:00-05:00,0.0,0.28795937332256,0.28753527998924255,0.28753527998924255,20800,0.0,0.0
1963-03-26 00:00:00-05:00,0.0,0.28795937332256,0.2871111866559251,0.28753527998924255,39200,0.0,0.0
1963-03-27 00:00:00-05:00,0.0,0.2892317771911621,0.28753540313138987,0.2892317771911621,52000,0.0,0.0
1963-03-28 00:00:00-05:00,0.0,0.28923182661298097,0.2879595458507538,0.2879595458507538,73600,0.0,0.0
1963-03-29 00:00:00-05:00,0.0,0.2879595458507538,0.2875354522633447,0.2879595458507538,24000,0.0,0.0
1963-04-01 00:00:00-05:00,0.0,0.2879595458507538,0.2875354522633447,0.2879595458507538,36800,0.0,0.0
1963-04-02 00:00:00-05:00,0.0,0.2900799642210482,0.28880768367621906,0.2892317771911621,46400,0.0,0.0
1963-04-03 00:00:00-05:00,0.0,0.291776180267334,0.28880752727042797,0.291776180267334,114400,0.0,0.0
1963-04-04 00:00:00-05:00,0.0,0.29220046849152764,0.2888077199459076,0.2888077199459076,62400,0.0,0.0
1963-04-05 00:00:00-05:00,0.0,0.29007968306541443,0.28838331064982725,0.29007968306541443,134400,0.0,0.0
1963-04-08 00:00:00-05:00,0.0,0.2926243841648102,0.29050391761289124,0.2926243841648102,117600,0.0,0.0
1963-04-09 00:00:00-05:00,0.0,0.29304847747519397,0.2913521042336588,0.2926243841648102,61600,0.0,0.0
1963-04-10 00:00:00-05:00,0.0,0.2926244030352763,0.2900798430088826,0.29135212302207947,56800,0.0,0.0
1963-04-11 00:00:00-05:00,0.0,0.2917764617819828,0.2905041806986311,0.29092827439308167,29600,0.0,0.0
1963-04-15 00:00:00-05:00,0.0,0.2934725943591591,0.2913521276369109,0.2930485010147095,64800,0.0,0.0
1963-04-16 00:00:00-05:00,0.0,0.2960170270551739,0.2938965612453231,0.29559293389320374,65600,0.0,0.0
1963-04-17 00:00:00-05:00,0.0,0.29771361396928314,0.2951690531661269,0.29728952050209045,40800,0.0,0.0
1963-04-18 00:00:00-05:00,0.0,0.2981377074364759,0.29728952050209045,0.29728952050209045,32800,0.0,0.0
1963-04-19 00:00:00-05:00,0.0,0.2972895333780581,0.2955931594358152,0.29644134640693665,30400,0.0,0.0
1963-04-22 00:00:00-05:00,0.0,0.29728950991329967,0.2955931361049499,0.29601722955703735,48000,0.0,0.0
1963-04-23 00:00:00-05:00,0.0,0.29856181383474023,0.29644134640693665,0.29644134640693665,132000,0.0,0.0
1963-04-24 00:00:00-05:00,0.0,0.29728955283075914,0.2943208982375846,0.29516908526420593,41600,0.0,0.0
1963-04-25 00:00:00-05:00,0.0,0.2955930657095189,0.2943207856562498,0.2947448790073395,45600,0.0,0.0
1963-04-26 00:00:00-05:00,0.0,0.2960172722908272,0.29516908526420593,0.29516908526420593,25600,0.0,0.0
1963-04-29 00:00:00-04:00,0.0,0.29601722955703735,0.2951690426528624,0.29601722955703735,42400,0.0,0.0
1963-04-30 00:00:00-04:00,0.0,0.297130616454335,0.2958461901584229,0.29670247435569763,30400,0.10313,0.0
1963-05-01 00:00:00-04:00,0.0,0.2971303525178329,0.29541778564453125,0.29541778564453125,24800,0.0,0.0
1963-05-02 00:00:00-04:00,0.0,0.29670230228945893,0.2949897348880768,0.2949897348880768,15200,0.0,0.0
1963-05-03 00:00:00-04:00,0.0,0.29584592736285664,0.294133360489555,0.29541778564453125,29600,0.0,0.0
1963-05-06 00:00:00-04:00,0.0,0.29541779190041234,0.2937052249908447,0.2937052249908447,50400,0.0,0.0
1963-05-07 00:00:00-04:00,0.0,0.2954177950557909,0.29284894466400146,0.29284894466400146,44800,0.0,0.0
1963-05-08 00:00:00-04:00,0.0,0.2945614457130432,0.2928488791681999,0.2945614457130432,36800,0.0,0.0
1963-05-09 00:00:00-04:00,0.0,0.29584601858876786,0.2945615930377312,0.2949897348880768,35200,0.0,0.0
1963-05-10 00:00:00-04:00,0.0,0.29670247435569763,0.29498990596114816,0.29670247435569763,28000,0.0,0.0
1963-05-13 00:00:00-04:00,0.0,0.29884288165209105,0.295417748338027,0.297558456659317,56000,0.0,0.0
1963-05-14 00:00:00-04:00,0.0,0.29798666280129055,0.2962740957736969,0.2962740957736969,28000,0.0,0.0
1963-05-15 00:00:00-04:00,0.0,0.297986598323575,0.297130314995059,0.297558456659317,25600,0.0,0.0
1963-05-16 00:00:00-04:00,0.0,0.2979869006516097,0.2958461901584229,0.29670247435569763,32000,0.0,0.0
1963-05-17 00:00:00-04:00,0.0,0.29755849423615827,0.29541778564453125,0.29541778564453125,32800,0.0,0.0
1963-05-20 00:00:00-04:00,0.0,0.29713050061472934,0.2954179328878433,0.2958460748195648,28000,0.0,0.0
1963-05-21 00:00:00-04:00,0.0,0.29755875855297237,0.2954180480597855,0.29670247435569763,37600,0.0,0.0
1963-05-22 00:00:00-04:00,0.0,0.2971303792874937,0.2954178122599001,0.2962740957736969,20800,0.0,0.0
1963-05-23 00:00:00-04:00,0.0,0.297558456659317,0.29498960667376894,0.297558456659317,38400,0.0,0.0
1963-05-24 00:00:00-04:00,0.0,0.297558456659317,0.296274031666543,0.297558456659317,30400,0.0,0.0
1963-05-27 00:00:00-04:00,0.0,0.2975585210443921,0.2958459540167985,0.2962740957736969,20000,0.0,0.0
1963-05-28 00:00:00-04:00,0.0,0.29755872676970296,0.2962743006109848,0.2971305847167969,16000,0.0,0.0
1963-05-29 00:00:00-04:00,0.0,0.2975585210443921,0.2962740957736969,0.2962740957736969,20800,0.0,0.0
1963-05-31 00:00:00-04:00,0.0,0.2975585210443921,0.2962740957736969,0.2962740957736969,20000,0.0,0.0
1963-06-03 00:00:00-04:00,0.0,0.2962740690811821,0.29541778564453125,0.29541778564453125,24000,0.0,0.0
1963-06-04 00:00:00-04:00,0.0,0.2962740753551961,0.2928489415360609,0.2937052249908447,23200,0.0,0.0
1963-06-05 00:00:00-04:00,0.0,0.29413361318649783,0.2919929027557373,0.2919929027557373,44000,0.0,0.0
1963-06-06 00:00:00-04:00,0.0,0.2919927852969513,0.291136501469101,0.2915646433830261,32800,0.0,0.0
1963-06-07 00:00:00-04:00,0.0,0.292849040907972,0.29028018967193714,0.2911364734172821,16000,0.0,0.0
1963-06-10 00:00:00-04:00,0.0,0.291992670666855,0.2885675367000884,0.2902801036834717,36800,0.0,0.0
1963-06-11 00:00:00-04:00,0.0,0.2894240955570685,0.28428638971877734,0.28856781125068665,51200,0.0,0.0
1963-06-12 00:00:00-04:00,0.0,0.291992670666855,0.28942382019178003,0.2902801036834717,38400,0.0,0.0
1963-06-13 00:00:00-04:00,0.0,0.2911363871751633,0.28985196193762586,0.2902801036834717,212800,0.0,0.0
1963-06-14 00:00:00-04:00,0.0,0.2911363871751633,0.2902801036834717,0.2902801036834717,17600,0.0,0.0
1963-06-17 00:00:00-04:00,0.0,0.2919925836592736,0.28942373394966125,0.28942373394966125,26400,0.0,0.0
1963-06-18 00:00:00-04:00,0.0,0.2911364734172821,0.29028018967193714,0.2911364734172821,29600,0.0,0.0
1963-06-19 00:00:00-04:00,0.0,0.2911364785677573,0.2898520529270172,0.2898520529270172,27200,0.0,0.0
1963-06-20 00:00:00-04:00,0.0,0.2902800171861987,0.28899559233139255,0.28942373394966125,24800,0.0,0.0
1963-06-21 00:00:00-04:00,0.0,0.2898518213824857,0.28771111369132996,0.28771111369132996,16000,0.0,0.0
1963-06-24 00:00:00-04:00,0.0,0.29027996292071684,0.28642668907663654,0.28771111369132996,32000,0.0,0.0
1963-06-25 00:00:00-04:00,0.0,0.2885676376332824,0.2872832119464874,0.2872832119464874,15200,0.0,0.0
1963-06-26 00:00:00-04:00,0.0,0.2885676376332824,0.2872832119464874,0.2872832119464874,26400,0.0,0.0
1963-06-27 00:00:00-04:00,0.0,0.28813925522956113,0.28685483061486766,0.28771111369132996,20800,0.0,0.0
1963-06-28 00:00:00-04:00,0.0,0.28771135384208574,0.28642692815529075,0.2872832119464874,26400,0.0,0.0
1963-07-01 00:00:00-04:00,0.0,0.2902801036834717,0.28771125320839674,0.2902801036834717,24000,0.0,0.0
1963-07-02 00:00:00-04:00,0.0,0.2941335141658783,0.2885676689196535,0.2941335141658783,36000,0.0,0.0
1963-07-03 00:00:00-04:00,0.0,0.2945615115918611,0.29284894466400146,0.29284894466400146,29600,0.0,0.0
1963-07-05 00:00:00-04:00,0.0,0.2945614457130432,0.29370516244062156,0.2945614457130432,12000,0.0,0.0
1963-07-08 00:00:00-04:00,0.0,0.2945615399492918,0.2932771146297455,0.2932771146297455,17600,0.0,0.0
1963-07-09 00:00:00-04:00,0.0,0.294989587349254,0.2928488791681999,0.2945614457130432,19200,0.0,0.0
1963-07-10 00:00:00-04:00,0.0,0.29456175527264994,0.2919929027557373,0.2919929027557373,19200,0.0,0.0
1963-07-11 00:00:00-04:00,0.0,0.29370522812793126,0.29242080293203654,0.29284894466400146,23200,0.0,0.0
1963-07-12 00:00:00-04:00,0.0,0.2937052249908447,0.2928489415360609,0.2937052249908447,20800,0.0,0.0
1963-07-15 00:00:00-04:00,0.0,0.2937052564029276,0.29284897285656336,0.2932771146297455,25600,0.0,0.0
1963-07-16 00:00:00-04:00,0.0,0.2945614457130432,0.29370516244062156,0.2945614457130432,18400,0.0,0.0
1963-07-17 00:00:00-04:00,0.0,0.2945615115918611,0.29284894466400146,0.29284894466400146,8800,0.0,0.0
1963-07-18 00:00:00-04:00,0.0,0.2954177950557909,0.29284894466400146,0.29284894466400146,33600,0.0,0.0
1963-07-19 00:00:00-04:00,0.0,0.2945615399492918,0.2932771146297455,0.2932771146297455,48800,0.0,0.0
1963-07-22 00:00:00-04:00,0.0,0.2945614831513926,0.29242077469825745,0.29242077469825745,29600,0.0,0.0
1963-07-23 00:00:00-04:00,0.0,0.2941333981761097,0.29242083108338124,0.2932771146297455,40000,0.0,0.0
1963-07-24 00:00:00-04:00,0.0,0.2932771146297455,0.2919926893101991,0.2932771146297455,23200,0.0,0.0
1963-07-25 00:00:00-04:00,0.0,0.29627401225788647,0.2941333040768324,0.2945614457130432,44800,0.0,0.0
1963-07-26 00:00:00-04:00,0.0,0.29713050061472934,0.2954179328878433,0.2958460748195648,36800,0.0,0.0
1963-07-29 00:00:00-04:00,0.0,0.297558456659317,0.296702173330801,0.297558456659317,27200,0.0,0.0
1963-07-30 00:00:00-04:00,0.0,0.29911487699417577,0.29781813619795827,0.29868263006210327,25600,0.10313,0.0
1963-07-31 00:00:00-04:00,0.0,0.30084370949285494,0.2991147226566891,0.3004114627838135,34400,0.0,0.0
1963-08-01 00:00:00-04:00,0.0,0.3004116177903933,0.29868263006210327,0.29868263006210327,30400,0.0,0.0
1963-08-02 00:00:00-04:00,0.0,0.29997928716199246,0.29911479353904724,0.29911479353904724,18400,0.0,0.0
1963-08-05 00:00:00-04:00,0.0,0.3008437807849377,0.29911479353904724,0.29911479353904724,20800,0.0,0.0
1963-08-06 00:00:00-04:00,0.0,0.3008437752723694,0.29954703486171264,0.3008437752723694,37600,0.0,0.0
1963-08-07 00:00:00-04:00,0.0,0.3017082688794739,0.3008437752723694,0.3008437752723694,17600,0.0,0.0
1963-08-08 00:00:00-04:00,0.0,0.30257264887072266,0.3008436623057471,0.30127590894699097,33600,0.0,0.0
1963-08-09 00:00:00-04:00,0.0,0.30214040222947874,0.30127590894699097,0.30127590894699097,11200,0.0,0.0
1963-08-12 00:00:00-04:00,0.0,0.30257264887072266,0.3004114156645032,0.30127590894699097,20800,0.0,0.0
1963-08-13 00:00:00-04:00,0.0,0.3017082688794739,0.2999792816652649,0.3008437752723694,25600,0.0,0.0
1963-08-14 00:00:00-04:00,0.0,0.3017081555882349,0.3008436623057471,0.30127590894699097,24000,0.0,0.0
1963-08-15 00:00:00-04:00,0.0,0.3051663339138031,0.3021406053905784,0.3051663339138031,40000,0.0,0.0
1963-08-16 00:00:00-04:00,0.0,0.3051663339138031,0.30170835845868915,0.3051663339138031,49600,0.0,0.0
1963-08-19 00:00:00-04:00,0.0,0.3055987011178924,0.3030052185058594,0.3030052185058594,27200,0.0,0.0
1963-08-20 00:00:00-04:00,0.0,0.30343732237815857,0.3025728285822094,0.30343732237815857,13600,0.0,0.0
1963-08-21 00:00:00-04:00,0.0,0.30646317616357643,0.30473418786364087,0.30603092908859253,36800,0.0,0.0
1963-08-22 00:00:00-04:00,0.0,0.3073274493217468,0.30603070902925,0.3073274493217468,24000,0.0,0.0
1963-08-23 00:00:00-04:00,0.0,0.3073273473885567,0.3064628541469574,0.3064628541469574,24800,0.0,0.0
1963-08-26 00:00:00-04:00,0.0,0.3073275685732493,0.3051663339138031,0.3051663339138031,20800,0.0,0.0
1963-08-27 00:00:00-04:00,0.0,0.3064630927348679,0.3043018579483032,0.3043018579483032,14400,0.0,0.0
1963-08-28 00:00:00-04:00,0.0,0.30689525604248047,0.30516626868449465,0.30689525604248047,24800,0.0,0.0
1963-08-29 00:00:00-04:00,0.0,0.30862411856651306,0.30689513190787715,0.30862411856651306,30400,0.0,0.0
1963-08-30 00:00:00-04:00,0.0,0.309056365231172,0.3077596252371951,0.30862411856651306,21600,0.0,0.0
1963-09-03 00:00:00-04:00,0.0,0.30819210410118103,0.3064631161398841,0.30819210410118103,22400,0.0,0.0
1963-09-04 00:00:00-04:00,0.0,0.30905665861347975,0.30603092908859253,0.30603092908859253,16800,0.0,0.0
1963-09-05 00:00:00-04:00,0.0,0.3077599173885281,0.30603092908859253,0.30603092908859253,26400,0.0,0.0
1963-09-06 00:00:00-04:00,0.0,0.30689525604248047,0.30430177500550176,0.30689525604248047,52800,0.0,0.0
1963-09-09 00:00:00-04:00,0.0,0.30732736476239925,0.3055983781814575,0.3055983781814575,28800,0.0,0.0
1963-09-10 00:00:00-04:00,0.0,0.3064628541469574,0.3051661142845584,0.3064628541469574,17600,0.0,0.0
1963-09-11 00:00:00-04:00,0.0,0.30775974972147335,0.3060307623634876,0.30689525604248047,33600,0.0,0.0
1963-09-12 00:00:00-04:00,0.0,0.30689542323856034,0.30473418786364087,0.30603092908859253,22400,0.0,0.0
1963-09-13 00:00:00-04:00,0.0,0.30603062482669297,0.3043016382457512,0.3055983781814575,22400,0.0,0.0
1963-09-16 00:00:00-04:00,0.0,0.3051663339138031,0.3043018400500246,0.3051663339138031,8000,0.0,0.0
1963-09-17 00:00:00-04:00,0.0,0.30689542323856034,0.30603092908859253,0.30603092908859253,36000,0.0,0.0
1963-09-18 00:00:00-04:00,0.0,0.30689542323856034,0.30603092908859253,0.30603092908859253,17600,0.0,0.0
1963-09-19 00:00:00-04:00,0.0,0.30775969608591247,0.3055984622650844,0.3073274493217468,28800,0.0,0.0
1963-09-20 00:00:00-04:00,0.0,0.30862411856651306,0.30689513190787715,0.30862411856651306,32000,0.0,0.0
1963-09-23 00:00:00-04:00,0.0,0.30819199656096985,0.3060307623634876,0.30689525604248047,22400,0.0,0.0
1963-09-24 00:00:00-04:00,0.0,0.30689542323856034,0.3051664349386248,0.30603092908859253,21600,0.0,0.0
1963-09-25 00:00:00-04:00,0.0,0.3068952556197525,0.3047340214252472,0.3047340214252472,24800,0.0,0.0
1963-09-26 00:00:00-04:00,0.0,0.30170820291093786,0.299979216074772,0.3004114627838135,36800,0.0,0.0
1963-09-27 00:00:00-04:00,0.0,0.3008437752723694,0.2991147880581604,0.3008437752723694,26400,0.0,0.0
1963-09-30 00:00:00-04:00,0.0,0.3017082688794739,0.2991147880581604,0.3008437752723694,28800,0.0,0.0
1963-10-01 00:00:00-04:00,0.0,0.2999794723151566,0.29868273108036486,0.2995472252368927,7200,0.0,0.0
1963-10-02 00:00:00-04:00,0.0,0.2999793708583208,0.29868263006210327,0.29868263006210327,15200,0.0,0.0
1963-10-03 00:00:00-04:00,0.0,0.29997928716199246,0.29911479353904724,0.29911479353904724,15200,0.0,0.0
1963-10-04 00:00:00-04:00,0.0,0.3025726079940796,0.29868238874844144,0.3025726079940796,18400,0.0,0.0
1963-10-07 00:00:00-04:00,0.0,0.3030052077272096,0.29997947812080383,0.29997947812080383,19200,0.0,0.0
1963-10-08 00:00:00-04:00,0.0,0.3017085790634155,0.3004118373195899,0.3017085790634155,13600,0.0,0.0
1963-10-09 00:00:00-04:00,0.0,0.3008437807849377,0.29911479353904724,0.29911479353904724,16000,0.0,0.0
1963-10-10 00:00:00-04:00,0.0,0.29911479353904724,0.298250299916102,0.29911479353904724,18400,0.0,0.0
1963-10-11 00:00:00-04:00,0.0,0.3025728702886251,0.30041163550084926,0.30214062333106995,28000,0.0,0.0
1963-10-14 00:00:00-04:00,0.0,0.30084373227743694,0.29781800508499146,0.29781800508499146,15200,0.0,0.0
1963-10-15 00:00:00-04:00,0.0,0.2991147453103252,0.29781800508499146,0.29781800508499146,12800,0.0,0.0
1963-10-16 00:00:00-04:00,0.0,0.29911479353904724,0.2978180531046294,0.29911479353904724,11200,0.0,0.0
1963-10-17 00:00:00-04:00,0.0,0.2999792387938811,0.29781800508499146,0.29781800508499146,24000,0.0,0.0
1963-10-18 00:00:00-04:00,0.0,0.2995469682890436,0.2982502281665802,0.2982502281665802,16800,0.0,0.0
1963-10-21 00:00:00-04:00,0.0,0.2995472252368927,0.297818236923837,0.2995472252368927,17600,0.0,0.0
1963-10-22 00:00:00-04:00,0.0,0.29911479353904724,0.2973858062931568,0.29911479353904724,16000,0.0,0.0
1963-10-23 00:00:00-04:00,0.0,0.2986824985685473,0.2973857583432135,0.29781800508499146,14400,0.0,0.0
1963-10-24 00:00:00-04:00,0.0,0.29738573986309264,0.2956567530034235,0.29652124643325806,20800,0.0,0.0
1963-10-25 00:00:00-04:00,0.0,0.29825012427297903,0.29392765870380544,0.2952243983745575,36000,0.0,0.0
1963-10-28 00:00:00-05:00,0.0,0.29522476263004127,0.293495774269104,0.293495774269104,36000,0.0,0.0
1963-10-29 00:00:00-05:00,0.0,0.29506702203778906,0.2933210633275063,0.2941940426826477,28800,0.10313,0.0
1963-10-30 00:00:00-05:00,0.0,0.29681293134492404,0.29419399371541005,0.29593995213508606,19200,0.0,0.0
1963-10-31 00:00:00-05:00,0.0,0.3003048300743103,0.2959399342883465,0.3003048300743103,32800,0.0,0.0
1963-11-01 00:00:00-05:00,0.0,0.3003050495596493,0.29681313037872314,0.29681313037872314,28800,0.0,0.0
1963-11-04 00:00:00-05:00,0.0,0.29855917466369497,0.2972497045993805,0.2972497045993805,15200,0.0,0.0
1963-11-06 00:00:00-05:00,0.0,0.2963764959777447,0.2937575578689575,0.2937575578689575,40800,0.0,0.0
1963-11-07 00:00:00-05:00,0.0,0.2972494209498431,0.293757504110491,0.29593995213508606,36800,0.0,0.0
1963-11-08 00:00:00-05:00,0.0,0.29855886577338114,0.29681290749400463,0.298122376203537,50400,0.0,0.0
1963-11-11 00:00:00-05:00,0.0,0.2985590994358063,0.2968131397899828,0.2985590994358063,12800,0.0,0.0
1963-11-12 00:00:00-05:00,0.0,0.2994321584701538,0.29768619836245613,0.2994321584701538,25600,0.0,0.0
1963-11-13 00:00:00-05:00,0.0,0.3020511567592621,0.2985592358718718,0.3020511567592621,31200,0.0,0.0
1963-11-14 00:00:00-05:00,0.0,0.30336044244952015,0.3011779932232646,0.30248746275901794,14400,0.0,0.0
1963-11-15 00:00:00-05:00,0.0,0.3037971172029572,0.3011781765374145,0.3020511567592621,38400,0.0,0.0
1963-11-18 00:00:00-05:00,0.0,0.30248746275901794,0.2994320338422602,0.30248746275901794,37600,0.0,0.0
1963-11-19 00:00:00-05:00,0.0,0.30336044244952015,0.3020509729137668,0.30248746275901794,23200,0.0,0.0
1963-11-20 00:00:00-05:00,0.0,0.301178053476925,0.29768613401632293,0.2998685836791992,34400,0.0,0.0
1963-11-21 00:00:00-05:00,0.0,0.30074154899308553,0.29768611961289454,0.2985590994358063,37600,0.0,0.0
1963-11-22 00:00:00-05:00,0.0,0.29681299059163957,0.29332107305526733,0.29332107305526733,23200,0.0,0.0
1963-11-26 00:00:00-05:00,0.0,0.29986842889228515,0.2937575729905501,0.29506704211235046,71200,0.0,0.0
1963-11-27 00:00:00-05:00,0.0,0.29681313037872314,0.29550366068587586,0.29681313037872314,19200,0.0,0.0
1963-11-29 00:00:00-05:00,0.0,0.29899535534322524,0.29724939706384873,0.298122376203537,33600,0.0,0.0
1963-12-02 00:00:00-05:00,0.0,0.2989955097873889,0.2972495506061487,0.29768604040145874,28800,0.0,0.0
1963-12-03 00:00:00-05:00,0.0,0.2985588897646001,0.29506697292524803,0.29593995213508606,41600,0.0,0.0
1963-12-04 00:00:00-05:00,0.0,0.298122376203537,0.2959399283543164,0.298122376203537,23200,0.0,0.0
1963-12-05 00:00:00-05:00,0.0,0.29943207925871795,0.2981226095243504,0.2985590994358063,25600,0.0,0.0
1963-12-06 00:00:00-05:00,0.0,0.29943184491306934,0.298122376203537,0.298122376203537,19200,0.0,0.0
1963-12-09 00:00:00-05:00,0.0,0.29943189507853374,0.29812242614961887,0.29899540543556213,36000,0.0,0.0
1963-12-10 00:00:00-05:00,0.0,0.2994321584701538,0.29768619836245613,0.2994321584701538,18400,0.0,0.0
1963-12-11 00:00:00-05:00,0.0,0.2994321584701538,0.29855917841630497,0.2994321584701538,33600,0.0,0.0
1963-12-12 00:00:00-05:00,0.0,0.29855917466369497,0.29594023453506607,0.2972497045993805,44800,0.0,0.0
1963-12-13 00:00:00-05:00,0.0,0.29855886577338114,0.29681290749400463,0.298122376203537,25600,0.0,0.0
1963-12-16 00:00:00-05:00,0.0,0.2976862948843236,0.2959403342105152,0.2963768243789673,27200,0.0,0.0
1963-12-17 00:00:00-05:00,0.0,0.2972494209498431,0.29506697292524803,0.29593995213508606,16800,0.0,0.0
1963-12-18 00:00:00-05:00,0.0,0.29768598035595123,0.29506704211235046,0.29506704211235046,19200,0.0,0.0
1963-12-19 00:00:00-05:00,0.0,0.2950670269233511,0.2937575578689575,0.2937575578689575,14400,0.0,0.0
1963-12-20 00:00:00-05:00,0.0,0.2950670269233511,0.2937575578689575,0.2937575578689575,16000,0.0,0.0
1963-12-23 00:00:00-05:00,0.0,0.29506719624554667,0.2933212365044488,0.2946307063102722,21600,0.0,0.0
1963-12-24 00:00:00-05:00,0.0,0.29506713187516626,0.2924481928348541,0.2924481928348541,28000,0.0,0.0
1963-12-26 00:00:00-05:00,0.0,0.29332117251495815,0.2924481928348541,0.2924481928348541,18400,0.0,0.0
1963-12-27 00:00:00-05:00,0.0,0.29375756274731385,0.2924480936711743,0.29332107305526733,18400,0.0,0.0
1963-12-30 00:00:00-05:00,0.0,0.29419415219506223,0.2924481928348541,0.2924481928348541,24800,0.0,0.0
1963-12-31 00:00:00-05:00,0.0,0.2941940524393604,0.29201160397912773,0.29332107305526733,20800,0.0,0.0
1964-01-02 00:00:00-05:00,0.0,0.29506703182345345,0.29332107305526733,0.29332107305526733,19200,0.0,0.0
1964-01-03 00:00:00-05:00,0.0,0.29463078687869665,0.2924483366055211,0.29288482666015625,21600,0.0,0.0
1964-01-06 00:00:00-05:00,0.0,0.29506719624554667,0.2933212365044488,0.2946307063102722,24000,0.0,0.0
1964-01-07 00:00:00-05:00,0.0,0.29594002152688403,0.2941940626978169,0.29506704211235046,21600,0.0,0.0
1964-01-08 00:00:00-05:00,0.0,0.29593995213508606,0.29419399371541005,0.29593995213508606,20800,0.0,0.0
1964-01-09 00:00:00-05:00,0.0,0.2955036861808212,0.2933212365044488,0.2946307063102722,24000,0.0,0.0
1964-01-10 00:00:00-05:00,0.0,0.2955036461353302,0.2933211967547148,0.2955036461353302,26400,0.0,0.0
1964-01-13 00:00:00-05:00,0.0,0.2937578067694264,0.29157535649625094,0.29288482666015625,35200,0.0,0.0
1964-01-14 00:00:00-05:00,0.0,0.2928848177686088,0.2911388576030731,0.2911388576030731,22400,0.0,0.0
1964-01-15 00:00:00-05:00,0.0,0.29288482666015625,0.29157535649625094,0.29288482666015625,20000,0.0,0.0
1964-01-16 00:00:00-05:00,0.0,0.29375788266073444,0.29157543182373047,0.29157543182373047,68000,0.0,0.0
1964-01-17 00:00:00-05:00,0.0,0.29244841215853207,0.29070245148892887,0.29157543182373047,26400,0.0,0.0
1964-01-20 00:00:00-05:00,0.0,0.29201183768584094,0.2902658775203053,0.2911388576030731,45600,0.0,0.0
1964-01-21 00:00:00-05:00,0.0,0.29855901999207884,0.29113869347180793,0.29768604040145874,61600,0.0,0.0
1964-01-22 00:00:00-05:00,0.0,0.29899540543556213,0.2950669986488175,0.29899540543556213,47200,0.0,0.0
1964-01-23 00:00:00-05:00,0.0,0.2981224547169361,0.29332106818415965,0.2937575578689575,42400,0.0,0.0
1964-01-24 00:00:00-05:00,0.0,0.29332107305526733,0.2924480936711743,0.29332107305526733,45600,0.0,0.0
1964-01-27 00:00:00-05:00,0.0,0.29506719624554667,0.2928847465691743,0.2946307063102722,26400,0.0,0.0
1964-01-28 00:00:00-05:00,0.0,0.29681311576369945,0.2955036461353302,0.2955036461353302,32800,0.0,0.0
1964-01-29 00:00:00-05:00,0.0,0.29550351660814894,0.2937575578689575,0.2937575578689575,16800,0.0,0.0
1964-01-30 00:00:00-05:00,0.0,0.29332131671479134,0.29157535649625094,0.29288482666015625,36000,0.0,0.0
1964-01-31 00:00:00-05:00,0.0,0.2950670269233511,0.29157510944496823,0.2937575578689575,51200,0.0,0.0
1964-02-03 00:00:00-05:00,0.0,0.2941940475537554,0.29113861976017036,0.2937575578689575,25600,0.0,0.0
1964-02-04 00:00:00-05:00,0.0,0.29534464797100146,0.2931405834339045,0.29358139634132385,21600,0.10313,0.0
1964-02-05 00:00:00-05:00,0.0,0.29622627378584027,0.29358139634132385,0.29358139634132385,47200,0.0,0.0
1964-02-06 00:00:00-05:00,0.0,0.29578543381014866,0.2931405566076734,0.29534462094306946,32000,0.0,0.0
1964-02-07 00:00:00-05:00,0.0,0.2953446112472614,0.29358135983683004,0.29402217268943787,28800,0.0,0.0
1964-02-10 00:00:00-05:00,0.0,0.29490393875952225,0.2926998734474182,0.2926998734474182,18400,0.0,0.0
1964-02-11 00:00:00-05:00,0.0,0.29358113651925866,0.2900546363808892,0.29093626141548157,32000,0.0,0.0
1964-02-12 00:00:00-05:00,0.0,0.2913772663537492,0.28961401512014107,0.2900548279285431,25600,0.0,0.0
1964-02-13 00:00:00-05:00,0.0,0.29181788645007395,0.289613823863593,0.29093626141548157,38400,0.0,0.0
1964-02-14 00:00:00-05:00,0.0,0.29049569368362427,0.2891732550173862,0.29049569368362427,23200,0.0,0.0
1964-02-17 00:00:00-05:00,0.0,0.2904956407369451,0.28785076388653286,0.2900548279285431,38400,0.0,0.0
1964-02-18 00:00:00-05:00,0.0,0.2918182960746858,0.2891734172582989,0.2896142303943634,36800,0.0,0.0
1964-02-19 00:00:00-05:00,0.0,0.2913773194611163,0.29005488079487823,0.29049569368362427,27200,0.0,0.0
1964-02-20 00:00:00-05:00,0.0,0.2913774829386213,0.2896142303943634,0.2896142303943634,30400,0.0,0.0
1964-02-24 00:00:00-05:00,0.0,0.29093626141548157,0.289613823863593,0.29093626141548157,36000,0.0,0.0
1964-02-25 00:00:00-05:00,0.0,0.29093626141548157,0.289613823863593,0.29093626141548157,18400,0.0,0.0
1964-02-26 00:00:00-05:00,0.0,0.2962261438369751,0.29181801669654395,0.2962261438369751,43200,0.0,0.0
1964-02-27 00:00:00-05:00,0.0,0.2975487547413201,0.29622631583135867,0.2966671288013458,27200,0.0,0.0
1964-02-28 00:00:00-05:00,0.0,0.2993118464946747,0.2971077828238744,0.2993118464946747,34400,0.0,0.0
1964-03-02 00:00:00-05:00,0.0,0.2997526592288347,0.2957853446213943,0.2993118464946747,36000,0.0,0.0
1964-03-03 00:00:00-05:00,0.0,0.2993119367467823,0.29534462094306946,0.29534462094306946,28000,0.0,0.0
1964-03-04 00:00:00-05:00,0.0,0.2984303806812944,0.2966671288013458,0.2966671288013458,30400,0.0,0.0
1964-03-05 00:00:00-05:00,0.0,0.29666723215455626,0.2949039796603241,0.2957856059074402,41600,0.0,0.0
1964-03-06 00:00:00-05:00,0.0,0.2971078724113863,0.29446299520891106,0.29534462094306946,35200,0.0,0.0
1964-03-09 00:00:00-05:00,0.0,0.2962264190309982,0.2949039796603241,0.2957856059074402,27200,0.0,0.0
1964-03-10 00:00:00-05:00,0.0,0.29666705954430705,0.29446299520891106,0.29534462094306946,30400,0.0,0.0
1964-03-11 00:00:00-05:00,0.0,0.29578543381014866,0.2935813694747526,0.29534462094306946,31200,0.0,0.0
1964-03-12 00:00:00-05:00,0.0,0.2957856059074402,0.29402235341320804,0.2957856059074402,20800,0.0,0.0
1964-03-13 00:00:00-05:00,0.0,0.29710776926506133,0.29534451840888887,0.2962261438369751,16000,0.0,0.0
1964-03-16 00:00:00-05:00,0.0,0.29887113648644226,0.2966670720580762,0.29843032360076904,24000,0.0,0.0
1964-03-17 00:00:00-05:00,0.0,0.29798949435905175,0.2966670557746181,0.29754868149757385,16800,0.0,0.0
1964-03-18 00:00:00-05:00,0.0,0.2993118464946747,0.2975485955580345,0.2993118464946747,31200,0.0,0.0
1964-03-19 00:00:00-05:00,0.0,0.299752801656723,0.29710792399504604,0.299752801656723,48800,0.0,0.0
1964-03-20 00:00:00-05:00,0.0,0.30151612255967725,0.2997528703809657,0.3010753095149994,77600,0.0,0.0
1964-03-23 00:00:00-05:00,0.0,0.3037201464176178,0.30107526850977206,0.3037201464176178,33600,0.0,0.0
1964-03-24 00:00:00-05:00,0.0,0.3063650497957334,0.3041609846892893,0.3059242367744446,39200,0.0,0.0
1964-03-25 00:00:00-05:00,0.0,0.3063650336654889,0.3041609686750897,0.3050425946712494,28800,0.0,0.0
1964-03-26 00:00:00-05:00,0.0,0.306365176239743,0.30460192342685244,0.30548354983329773,16000,0.0,0.0
1964-03-30 00:00:00-05:00,0.0,0.30548354983329773,0.3041611102236298,0.30548354983329773,14400,0.0,0.0
1964-03-31 00:00:00-05:00,0.0,0.3054833983561816,0.30327933343297686,0.3037201464176178,30400,0.0,0.0
1964-04-01 00:00:00-05:00,0.0,0.3063649535179138,0.3046017019868755,0.3063649535179138,15200,0.0,0.0
1964-04-02 00:00:00-05:00,0.0,0.3063650336654889,0.3050425946712494,0.3050425946712494,25600,0.0,0.0
1964-04-03 00:00:00-05:00,0.0,0.3076874888595999,0.30504261073186695,0.3059242367744446,36000,0.0,0.0
1964-04-06 00:00:00-05:00,0.0,0.3063650497957334,0.30372017166800047,0.3059242367744446,26400,0.0,0.0
1964-04-07 00:00:00-05:00,0.0,0.3063650336654889,0.3041609686750897,0.3050425946712494,55200,0.0,0.0
1964-04-08 00:00:00-05:00,0.0,0.30592422066740904,0.3041609686750897,0.3050425946712494,26400,0.0,0.0
1964-04-09 00:00:00-05:00,0.0,0.3046018138724225,0.3010753095149994,0.3010753095149994,44000,0.0,0.0
1964-04-10 00:00:00-05:00,0.0,0.3023978243779092,0.3006345717576298,0.30195701122283936,32800,0.0,0.0
1964-04-13 00:00:00-05:00,0.0,0.30327937473838884,0.3006344964703215,0.3010753095149994,29600,0.0,0.0
1964-04-14 00:00:00-05:00,0.0,0.3041609525680542,0.3015160747196363,0.3041609525680542,24000,0.0,0.0
1964-04-15 00:00:00-05:00,0.0,0.3050425946712494,0.3028385296808502,0.3050425946712494,28000,0.0,0.0
1964-04-16 00:00:00-05:00,0.0,0.3063649535179138,0.3050425148696351,0.3063649535179138,30400,0.0,0.0
1964-04-17 00:00:00-05:00,0.0,0.306365176239743,0.30548354983329773,0.30548354983329773,21600,0.0,0.0
1964-04-20 00:00:00-05:00,0.0,0.3063650497957334,0.30504261073186695,0.3059242367744446,31200,0.0,0.0
1964-04-21 00:00:00-05:00,0.0,0.3059242367744446,0.3041609846892893,0.3059242367744446,40800,0.0,0.0
1964-04-22 00:00:00-05:00,0.0,0.30768758058547974,0.30504270166927216,0.30768758058547974,36000,0.0,0.0
1964-04-23 00:00:00-05:00,0.0,0.30768761584941096,0.30548354983329773,0.30548354983329773,25600,0.0,0.0
1964-04-24 00:00:00-05:00,0.0,0.3063650174417358,0.3041609525680542,0.3041609525680542,40000,0.0,0.0
1964-04-27 00:00:00-04:00,0.0,0.303279264327736,0.30151601279094686,0.30239763855934143,59200,0.0,0.0
1964-04-28 00:00:00-04:00,0.0,0.303279264327736,0.30151601279094686,0.30239763855934143,47200,0.0,0.0
1964-04-29 00:00:00-04:00,0.0,0.3028384922620128,0.299752801656723,0.299752801656723,43200,0.0,0.0
1964-04-30 00:00:00-04:00,0.0,0.299752801656723,0.29887117576949734,0.299752801656723,16800,0.0,0.0
1964-05-01 00:00:00-04:00,0.0,0.30283841490745544,0.2997527250903489,0.30283841490745544,31200,0.0,0.0
1964-05-04 00:00:00-04:00,0.0,0.303279264327736,0.30195682567514415,0.30239763855934143,21600,0.0,0.0
1964-05-05 00:00:00-04:00,0.0,0.30399998004201234,0.3017745043462436,0.30221959948539734,35200,0.10313,0.0
1964-05-06 00:00:00-04:00,0.0,0.3048902451992035,0.30266476895687355,0.3048902451992035,26400,0.0,0.0
1964-05-07 00:00:00-04:00,0.0,0.3048904430778588,0.30266496539115906,0.30266496539115906,29600,0.0,0.0
1964-05-08 00:00:00-04:00,0.0,0.3044452943005988,0.301774721543576,0.30400019884109497,39200,0.0,0.0
1964-05-11 00:00:00-04:00,0.0,0.3040001070744131,0.30266482109897647,0.3035550117492676,20000,0.0,0.0
1964-05-12 00:00:00-04:00,0.0,0.30444541573524475,0.30266503318708543,0.30444541573524475,25600,0.0,0.0
1964-05-13 00:00:00-04:00,0.0,0.3048903897601026,0.3035551033815912,0.30400019884109497,30400,0.0,0.0
1964-05-14 00:00:00-04:00,0.0,0.3053354391684899,0.300884485244751,0.300884485244751,42400,0.0,0.0
1964-05-15 00:00:00-04:00,0.0,0.3022197714218726,0.2995491990676293,0.300884485244751,36800,0.0,0.0
1964-05-18 00:00:00-04:00,0.0,0.30177470366160075,0.2995492264959547,0.30043941736221313,34400,0.0,0.0
1964-05-19 00:00:00-04:00,0.0,0.302219686474772,0.29999421013843347,0.3017745912075043,46400,0.0,0.0
1964-05-20 00:00:00-04:00,0.0,0.30221968405003735,0.30088439825894736,0.30132949352264404,24000,0.0,0.0
1964-05-21 00:00:00-04:00,0.0,0.302219686474772,0.30088440067296884,0.3017745912075043,23200,0.0,0.0
1964-05-22 00:00:00-04:00,0.0,0.3017745912075043,0.29999421013843347,0.3017745912075043,18400,0.0,0.0
1964-05-25 00:00:00-04:00,0.0,0.30266496539115906,0.3017747743164792,0.30266496539115906,43200,0.0,0.0
1964-05-26 00:00:00-04:00,0.0,0.30355515646583897,0.3022198698538191,0.30266496539115906,30400,0.0,0.0
1964-05-27 00:00:00-04:00,0.0,0.3026646946245511,0.3008843140679361,0.30221959948539734,28800,0.0,0.0
1964-05-28 00:00:00-04:00,0.0,0.30266489452785916,0.29999432192908393,0.30043941736221313,60800,0.0,0.0
1964-06-01 00:00:00-04:00,0.0,0.3004394704475999,0.29732380186518037,0.2991041839122772,31200,0.0,0.0
1964-06-02 00:00:00-04:00,0.0,0.29865904973295637,0.29687866791636647,0.2973237633705139,28800,0.0,0.0
1964-06-03 00:00:00-04:00,0.0,0.3004394704475999,0.29865908840050304,0.2991041839122772,35200,0.0,0.0
1964-06-04 00:00:00-04:00,0.0,0.30043941284536785,0.29910412656605506,0.2995492219924927,30400,0.0,0.0
1964-06-05 00:00:00-04:00,0.0,0.30177475698292255,0.29865908840050304,0.2991041839122772,32800,0.0,0.0
1964-06-08 00:00:00-04:00,0.0,0.3066709279666489,0.3044454495343801,0.3053356409072876,67200,0.0,0.0
1964-06-09 00:00:00-04:00,0.0,0.3075610101222992,0.30578062800871136,0.3075610101222992,50400,0.0,0.0
1964-06-10 00:00:00-04:00,0.0,0.3129017949104309,0.30800574975536016,0.3129017949104309,70400,0.0,0.0
1964-06-11 00:00:00-04:00,0.0,0.3177981630302547,0.31245701743310755,0.31690797209739685,100000,0.0,0.0
1964-06-12 00:00:00-04:00,0.0,0.31690793776176346,0.3142373652525351,0.316017746925354,56000,0.0,0.0
1964-06-15 00:00:00-04:00,0.0,0.3209139344419942,0.3186884563945462,0.3195786476135254,136800,0.0,0.0
1964-06-16 00:00:00-04:00,0.0,0.3204686248768641,0.3186882436275482,0.3186882436275482,72800,0.0,0.0
1964-06-17 00:00:00-04:00,0.0,0.3200235664844513,0.3186882803934174,0.3200235664844513,36000,0.0,0.0
1964-06-18 00:00:00-04:00,0.0,0.32002374322301497,0.3182433607850566,0.3195786476135254,22400,0.0,0.0
1964-06-19 00:00:00-04:00,0.0,0.31957875914266465,0.317798376083374,0.317798376083374,32800,0.0,0.0
1964-06-22 00:00:00-04:00,0.0,0.321358859539032,0.31779809655244995,0.321358859539032,91200,0.0,0.0
1964-06-23 00:00:00-04:00,0.0,0.3213589146733284,0.3200236283242702,0.3204687237739563,48000,0.0,0.0
1964-06-24 00:00:00-04:00,0.0,0.3209138192236423,0.3195785328745842,0.3204687237739563,47200,0.0,0.0
1964-06-25 00:00:00-04:00,0.0,0.32180416178934784,0.3204688748109688,0.32091397047042847,45600,0.0,0.0
1964-06-26 00:00:00-04:00,0.0,0.32269424200057983,0.32091385997574906,0.32269424200057983,26400,0.0,0.0
1964-06-29 00:00:00-04:00,0.0,0.3231394103880208,0.3169080718956898,0.31913354992866516,87200,0.0,0.0
1964-06-30 00:00:00-04:00,0.0,0.3186884459740316,0.31646296799935264,0.31735315918922424,39200,0.0,0.0
1964-07-01 00:00:00-04:00,0.0,0.3209138192236423,0.31779815107584,0.3204687237739563,32800,0.0,0.0
1964-07-02 00:00:00-04:00,0.0,0.32224905490875244,0.3204686733899195,0.32224905490875244,28800,0.0,0.0
1964-07-06 00:00:00-04:00,0.0,0.32224905490875244,0.3204686733899195,0.32224905490875244,26400,0.0,0.0
1964-07-07 00:00:00-04:00,0.0,0.3253646743559216,0.32135881653211407,0.3244744837284088,59200,0.0,0.0
1964-07-08 00:00:00-04:00,0.0,0.3267001081462745,0.32313934402478917,0.3240295350551605,51200,0.0,0.0
1964-07-09 00:00:00-04:00,0.0,0.3275902845421616,0.3244746160750486,0.32714518904685974,48000,0.0,0.0
1964-07-10 00:00:00-04:00,0.0,0.3284804478449666,0.32670006601382856,0.3275902569293976,31200,0.0,0.0
1964-07-13 00:00:00-04:00,0.0,0.33026074426284,0.3284803628921509,0.3284803628921509,33600,0.0,0.0
1964-07-14 00:00:00-04:00,0.0,0.33248629942336605,0.32981572673723464,0.3320412039756775,56000,0.0,0.0
1964-07-15 00:00:00-04:00,0.0,0.33248629942336605,0.33070591763261176,0.3320412039756775,36000,0.0,0.0
1964-07-16 00:00:00-04:00,0.0,0.33293121059735614,0.3311508297920227,0.3311508297920227,24800,0.0,0.0
1964-07-17 00:00:00-04:00,0.0,0.3320412039756775,0.33070591763261176,0.3320412039756775,27200,0.0,0.0
1964-07-20 00:00:00-04:00,0.0,0.33248629942336605,0.33159610852798893,0.3320412039756775,34400,0.0,0.0
1964-07-21 00:00:00-04:00,0.0,0.3320412039756775,0.33159610852798893,0.3320412039756775,30400,0.0,0.0
1964-07-22 00:00:00-04:00,0.0,0.3320411718931774,0.3311509810838123,0.3315960764884949,24000,0.0,0.0
1964-07-23 00:00:00-04:00,0.0,0.3315960764884949,0.3315960764884949,0.3315960764884949,23200,0.0,0.0
1964-07-24 00:00:00-04:00,0.0,0.3320410201946894,0.3311508297920227,0.3311508297920227,28000,0.0,0.0
1964-07-27 00:00:00-04:00,0.0,0.3320410201946894,0.3311508297920227,0.3311508297920227,36800,0.0,0.0
1964-07-28 00:00:00-04:00,0.0,0.3311510205916736,0.3275902569293976,0.3275902569293976,32000,0.0,0.0
1964-07-29 00:00:00-04:00,0.0,0.3284803628921509,0.3275901722068063,0.3284803628921509,16000,0.0,0.0
1964-07-30 00:00:00-04:00,0.0,0.3284803628921509,0.327145076864134,0.3284803628921509,22400,0.0,0.0
1964-07-31 00:00:00-04:00,0.0,0.33026093035413506,0.32803545238678916,0.3298158347606659,26400,0.0,0.0
1964-08-03 00:00:00-04:00,0.0,0.33026101790569923,0.32848063505984637,0.3293708264827728,24800,0.0,0.0
1964-08-04 00:00:00-04:00,0.0,0.32964038914107757,0.326496679707852,0.3282930850982666,94400,0.10313,0.0
1964-08-05 00:00:00-04:00,0.0,0.3269455928776218,0.3251491885211514,0.3260473906993866,52800,0.0,0.0
1964-08-06 00:00:00-04:00,0.0,0.3269456727070044,0.325149267911911,0.325149267911911,28800,0.0,0.0
1964-08-07 00:00:00-04:00,0.0,0.3269456727070044,0.325149267911911,0.325149267911911,16000,0.0,0.0
1964-08-10 00:00:00-04:00,0.0,0.3260473906993866,0.32425098634291616,0.3260473906993866,16000,0.0,0.0
1964-08-11 00:00:00-04:00,0.0,0.3233527231820022,0.3193108141422272,0.3193108141422272,92000,0.0,0.0
1964-08-12 00:00:00-04:00,0.0,0.320209235498603,0.3161673236900652,0.3188619315624237,135200,0.0,0.0
1964-08-13 00:00:00-04:00,0.0,0.3224545112821493,0.3193108043476437,0.31975990533828735,68800,0.0,0.0
1964-08-14 00:00:00-04:00,0.0,0.31976005456007084,0.3179636497591716,0.31841275095939636,44000,0.0,0.0
1964-08-17 00:00:00-04:00,0.0,0.3193108141422272,0.3184126121333883,0.3193108141422272,55200,0.0,0.0
1964-08-18 00:00:00-04:00,0.0,0.320209235498603,0.318412830250364,0.3188619315624237,64000,0.0,0.0
1964-08-19 00:00:00-04:00,0.0,0.3188618521596212,0.31841275095939636,0.31841275095939636,56800,0.0,0.0
1964-08-20 00:00:00-04:00,0.0,0.31886177253251696,0.317963570356369,0.317963570356369,62400,0.0,0.0
1964-08-21 00:00:00-04:00,0.0,0.3193108141422272,0.3179635111289688,0.3193108141422272,60000,0.0,0.0
1964-08-24 00:00:00-04:00,0.0,0.3193108141422272,0.3184126121333883,0.3193108141422272,46400,0.0,0.0
1964-08-25 00:00:00-04:00,0.0,0.3215563694080273,0.31886176296047397,0.32110726833343506,68800,0.0,0.0
1964-08-26 00:00:00-04:00,0.0,0.3247002475171782,0.32155653834342957,0.32155653834342957,60800,0.0,0.0
1964-08-27 00:00:00-04:00,0.0,0.3233528137207031,0.3215564092000326,0.3220055103302002,69600,0.0,0.0
1964-08-28 00:00:00-04:00,0.0,0.32245457155721174,0.32065816725884283,0.32110726833343506,53600,0.0,0.0
1964-08-31 00:00:00-04:00,0.0,0.3215562896568234,0.32020898676719983,0.3206580877304077,24800,0.0,0.0
1964-09-01 00:00:00-04:00,0.0,0.3229035437107086,0.3206580392342781,0.3229035437107086,38400,0.0,0.0
1964-09-02 00:00:00-04:00,0.0,0.32604760951009293,0.3233530011670343,0.32559850811958313,52000,0.0,0.0
1964-09-03 00:00:00-04:00,0.0,0.3255984789777,0.32380207357644375,0.3242511749267578,68800,0.0,0.0
1964-09-04 00:00:00-04:00,0.0,0.32559850811958313,0.32380210255754405,0.32559850811958313,50400,0.0,0.0
1964-09-08 00:00:00-04:00,0.0,0.3273946939667394,0.3260473906993866,0.3260473906993866,69600,0.0,0.0
1964-09-09 00:00:00-04:00,0.0,0.33053814054845454,0.32649623393848703,0.32694533467292786,91200,0.0,0.0
1964-09-10 00:00:00-04:00,0.0,0.327843576669693,0.32694537508977606,0.327843576669693,49600,0.0,0.0
1964-09-11 00:00:00-04:00,0.0,0.3323346674442291,0.32874186022861585,0.3323346674442291,61600,0.0,0.0
1964-09-14 00:00:00-04:00,0.0,0.33413100242614746,0.3323345991872972,0.33413100242614746,72800,0.0,0.0
1964-09-15 00:00:00-04:00,0.0,0.3345801921589011,0.33233468751353934,0.3327837884426117,72000,0.0,0.0
1964-09-16 00:00:00-04:00,0.0,0.33323290944099426,0.3314365056165145,0.33323290944099426,24000,0.0,0.0
1964-09-17 00:00:00-04:00,0.0,0.3354783048552851,0.33323280080672235,0.33413100242614746,66400,0.0,0.0
1964-09-18 00:00:00-04:00,0.0,0.33547841422159397,0.3327838084848743,0.33323290944099426,46400,0.0,0.0
1964-09-21 00:00:00-04:00,0.0,0.3354787230491638,0.3341314189405326,0.3354787230491638,57600,0.0,0.0
1964-09-22 00:00:00-04:00,0.0,0.33592769503593445,0.33502949264279025,0.33592769503593445,36000,0.0,0.0
1964-09-23 00:00:00-04:00,0.0,0.33637679623250655,0.33502949264279025,0.33592769503593445,26400,0.0,0.0
1964-09-24 00:00:00-04:00,0.0,0.3363765776157379,0.3350292749016562,0.3363765776157379,36000,0.0,0.0
1964-09-25 00:00:00-04:00,0.0,0.3368258774280548,0.33592767508824667,0.3368258774280548,50400,0.0,0.0
1964-09-28 00:00:00-04:00,0.0,0.3381730616092682,0.336376657563535,0.3381730616092682,44800,0.0,0.0
1964-09-29 00:00:00-04:00,0.0,0.338622123003006,0.3372748201263362,0.338622123003006,37600,0.0,0.0
1964-09-30 00:00:00-04:00,0.0,0.3435625731945038,0.3377242549572116,0.3435625731945038,72000,0.0,0.0
1964-10-01 00:00:00-04:00,0.0,0.34535878904494544,0.3435623844205244,0.34401148557662964,69600,0.0,0.0
1964-10-02 00:00:00-04:00,0.0,0.3435624244175558,0.34176601958399994,0.3422151207923889,34400,0.0,0.0
1964-10-05 00:00:00-04:00,0.0,0.34401138602751086,0.34221498192292854,0.3431131839752197,48800,0.0,0.0
1964-10-06 00:00:00-04:00,0.0,0.34490966796875,0.34311326344807946,0.34490966796875,33600,0.0,0.0
1964-10-07 00:00:00-04:00,0.0,0.3467060923576355,0.3449096877340208,0.3467060923576355,45600,0.0,0.0
1964-10-08 00:00:00-04:00,0.0,0.3485024969812502,0.3453587888899245,0.3467060923576355,75200,0.0,0.0
1964-10-09 00:00:00-04:00,0.0,0.34670604264844407,0.3453587393739035,0.34625694155693054,23200,0.0,0.0
1964-10-12 00:00:00-04:00,0.0,0.3462570211589724,0.3440115151851788,0.34535881876945496,18400,0.0,0.0
1964-10-13 00:00:00-04:00,0.0,0.3449096878888402,0.34311328326441914,0.34401148557662964,25600,0.0,0.0
1964-10-14 00:00:00-04:00,0.0,0.3449098774031097,0.34311347179163515,0.3435625731945038,27200,0.0,0.0
1964-10-15 00:00:00-04:00,0.0,0.33862228210767115,0.33502947274843853,0.3368258774280548,107200,0.0,0.0
1964-10-16 00:00:00-04:00,0.0,0.34131687887436174,0.33907137309229357,0.33996957540512085,30400,0.0,0.0
1964-10-19 00:00:00-04:00,0.0,0.3440112153950491,0.3413166105747223,0.3413166105747223,28800,0.0,0.0
1964-10-20 00:00:00-04:00,0.0,0.3422148121814979,0.3413166105747223,0.3413166105747223,32000,0.0,0.0
1964-10-21 00:00:00-04:00,0.0,0.3417657113781101,0.34041840896794673,0.3413166105747223,26400,0.0,0.0
1964-10-22 00:00:00-04:00,0.0,0.34176620005299807,0.3395206928253174,0.3395206928253174,26400,0.0,0.0
1964-10-23 00:00:00-04:00,0.0,0.3390713334083557,0.3354785245775387,0.3390713334083557,38400,0.0,0.0
1964-10-26 00:00:00-05:00,0.0,0.34086794679429094,0.3395206426567641,0.34041884541511536,32800,0.0,0.0
1964-10-27 00:00:00-05:00,0.0,0.3399696058050834,0.33592769503593445,0.33592769503593445,32000,0.0,0.0
1964-10-28 00:00:00-05:00,0.0,0.3395204844474793,0.33637677625815077,0.3368258774280548,28000,0.0,0.0
1964-10-29 00:00:00-05:00,0.0,0.33772409982222285,0.33592769503593445,0.33592769503593445,29600,0.0,0.0
1964-10-30 00:00:00-05:00,0.0,0.3372749785979589,0.3354785739183426,0.3368258774280548,15200,0.0,0.0
1964-11-02 00:00:00-05:00,0.0,0.33936312316723594,0.33483224034791365,0.3361915051937103,54400,0.10313,0.0
1964-11-04 00:00:00-05:00,0.0,0.33800385832143925,0.3352853286298459,0.3361915051937103,25600,0.0,0.0
1964-11-05 00:00:00-05:00,0.0,0.33845690950270624,0.33664455657364223,0.3370976448059082,32000,0.0,0.0
1964-11-06 00:00:00-05:00,0.0,0.3380038919236496,0.3357384502887726,0.3357384502887726,20000,0.0,0.0
1964-11-09 00:00:00-05:00,0.0,0.3380038212704402,0.3370976448059082,0.3370976448059082,24000,0.0,0.0
1964-11-10 00:00:00-05:00,0.0,0.3380038919236496,0.333926096980871,0.3357384502887726,54400,0.0,0.0
1964-11-11 00:00:00-05:00,0.0,0.3366444809614001,0.3352852165699005,0.3352852165699005,26400,0.0,0.0
1964-11-12 00:00:00-05:00,0.0,0.3370977152696988,0.3352853619617972,0.3357384502887726,37600,0.0,0.0
1964-11-13 00:00:00-05:00,0.0,0.3366444809614001,0.3352852165699005,0.3352852165699005,24000,0.0,0.0
1964-11-16 00:00:00-05:00,0.0,0.33619139283090027,0.33392595217840093,0.3352852165699005,72000,0.0,0.0
1964-11-17 00:00:00-05:00,0.0,0.3366447687149048,0.335738591679333,0.3366447687149048,38400,0.0,0.0
1964-11-18 00:00:00-05:00,0.0,0.33619139283090027,0.3343790403089008,0.3352852165699005,64000,0.0,0.0
1964-11-19 00:00:00-05:00,0.0,0.3370976448059082,0.3352852918768442,0.3370976448059082,41600,0.0,0.0
1964-11-20 00:00:00-05:00,0.0,0.34072265815734865,0.3375510376691818,0.33981648087501526,62400,0.0,0.0
1964-11-23 00:00:00-05:00,0.0,0.33981648087501526,0.33664486038684843,0.33981648087501526,41600,0.0,0.0
1964-11-24 00:00:00-05:00,0.0,0.3393631985775587,0.338003933429718,0.338003933429718,23200,0.0,0.0
1964-11-25 00:00:00-05:00,0.0,0.3393631985775587,0.33709775666449093,0.338003933429718,52800,0.0,0.0
1964-11-27 00:00:00-05:00,0.0,0.3370976817575748,0.33573841691177814,0.3361915051937103,26400,0.0,0.0
1964-11-30 00:00:00-05:00,0.0,0.33619165079934255,0.3325669429740127,0.33302003145217896,41600,0.0,0.0
1964-12-01 00:00:00-05:00,0.0,0.33483248704769575,0.3316608667373657,0.3316608667373657,33600,0.0,0.0
1964-12-02 00:00:00-05:00,0.0,0.3325669765472412,0.3307546224516159,0.3325669765472412,64000,0.0,0.0
1964-12-03 00:00:00-05:00,0.0,0.3352853393683737,0.3316606329968237,0.33483225107192993,28000,0.0,0.0
1964-12-04 00:00:00-05:00,0.0,0.33709788031299853,0.33347317192253617,0.333926260471344,28800,0.0,0.0
1964-12-07 00:00:00-05:00,0.0,0.34162870049476624,0.3343792850996518,0.34162870049476624,127200,0.0,0.0
1964-12-08 00:00:00-05:00,0.0,0.3434410804944322,0.34162872650765425,0.34208181500434875,68800,0.0,0.0
1964-12-09 00:00:00-05:00,0.0,0.34389416899112674,0.34208181500434875,0.34208181500434875,57600,0.0,0.0
1964-12-10 00:00:00-05:00,0.0,0.34298796588135017,0.3407225235703769,0.34162870049476624,75200,0.0,0.0
1964-12-11 00:00:00-05:00,0.0,0.34525363277005017,0.34162892271472156,0.34344127774238586,100800,0.0,0.0
1964-12-14 00:00:00-05:00,0.0,0.347065784154138,0.34434725320776094,0.34615960717201233,51200,0.0,0.0
1964-12-15 00:00:00-05:00,0.0,0.34933114752819594,0.34434717525477165,0.34480026364326477,133600,0.0,0.0
1964-12-16 00:00:00-05:00,0.0,0.3466124709107374,0.3438939417271238,0.3443470299243927,102400,0.0,0.0
1964-12-17 00:00:00-05:00,0.0,0.3448005440131341,0.3425351002285537,0.34344127774238586,80000,0.0,0.0
1964-12-18 00:00:00-05:00,0.0,0.34434725748782125,0.34162872650765425,0.34208181500434875,55200,0.0,0.0
1964-12-21 00:00:00-05:00,0.0,0.3420817329589114,0.34117555618286133,0.34117555618286133,42400,0.0,0.0
1964-12-22 00:00:00-05:00,0.0,0.3425349905529124,0.3389102816581726,0.3389102816581726,75200,0.0,0.0
1964-12-23 00:00:00-05:00,0.0,0.3398162869601723,0.338003933429718,0.338003933429718,39200,0.0,0.0
1964-12-24 00:00:00-05:00,0.0,0.3407224714756012,0.33891011790392245,0.3407224714756012,24000,0.0,0.0
1964-12-28 00:00:00-05:00,0.0,0.3452533520317579,0.34072246814682666,0.34480026364326477,50400,0.0,0.0
1964-12-29 00:00:00-05:00,0.0,0.34797203540802,0.3461596810569366,0.34797203540802,48800,0.0,0.0
1964-12-30 00:00:00-05:00,0.0,0.3493313530822853,0.3484251757720848,0.34887826442718506,70400,0.0,0.0
1964-12-31 00:00:00-05:00,0.0,0.35023749264565157,0.34797204961430844,0.34978440403938293,44000,0.0,0.0
1965-01-04 00:00:00-05:00,0.0,0.34978415369210375,0.3466125357182116,0.3475187122821808,50400,0.0,0.0
1965-01-05 00:00:00-05:00,0.0,0.34751886506771607,0.3457065111429822,0.3470657765865326,45600,0.0,0.0
1965-01-06 00:00:00-05:00,0.0,0.34751919753411237,0.3461599307901719,0.3466130197048187,44800,0.0,0.0
1965-01-07 00:00:00-05:00,0.0,0.34751887264520087,0.34615960717201233,0.34615960717201233,61600,0.0,0.0
1965-01-08 00:00:00-05:00,0.0,0.34661278909811966,0.34480043464531906,0.34570661187171936,40000,0.0,0.0
1965-01-11 00:00:00-05:00,0.0,0.3457066157827853,0.3448004385461332,0.34525352716445923,41600,0.0,0.0
1965-01-12 00:00:00-05:00,0.0,0.3466130197048187,0.34525375296087824,0.3466130197048187,28000,0.0,0.0
1965-01-13 00:00:00-05:00,0.0,0.3475187122821808,0.346159447436227,0.3475187122821808,46400,0.0,0.0
1965-01-14 00:00:00-05:00,0.0,0.3488781305112664,0.3470657765865326,0.3470657765865326,54400,0.0,0.0
1965-01-15 00:00:00-05:00,0.0,0.348425375363406,0.3461599307901719,0.3466130197048187,44000,0.0,0.0
1965-01-18 00:00:00-05:00,0.0,0.3484251239957909,0.34661276964470744,0.34797203540802,37600,0.0,0.0
1965-01-19 00:00:00-05:00,0.0,0.3497842885795425,0.34842502320941476,0.34933120012283325,41600,0.0,0.0
1965-01-20 00:00:00-05:00,0.0,0.3506905812519202,0.34570660658296526,0.34978440403938293,45600,0.0,0.0
1965-01-21 00:00:00-05:00,0.0,0.3515965938568115,0.34978424028023003,0.3515965938568115,34400,0.0,0.0
1965-01-22 00:00:00-05:00,0.0,0.3515965938568115,0.3502373286743754,0.3515965938568115,31200,0.0,0.0
1965-01-25 00:00:00-05:00,0.0,0.3515965938568115,0.3506904170685208,0.3515965938568115,34400,0.0,0.0
1965-01-26 00:00:00-05:00,0.0,0.3520497532819252,0.3497843108541136,0.3502373993396759,49600,0.0,0.0
1965-01-27 00:00:00-05:00,0.0,0.3565807044506073,0.3511436416127327,0.3565807044506073,48800,0.0,0.0
1965-01-28 00:00:00-05:00,0.0,0.35658056650082676,0.3538620361336032,0.35522130131721497,44000,0.0,0.0
1965-01-29 00:00:00-05:00,0.0,0.3552210364457444,0.35386177227567134,0.35476794838905334,36000,0.0,0.0
1965-02-01 00:00:00-05:00,0.0,0.35522130131721497,0.35431512452814046,0.35522130131721497,59200,0.0,0.0
1965-02-02 00:00:00-05:00,0.0,0.35640478984555735,0.352763361596816,0.354128897190094,41600,0.05625,0.0
1965-02-03 00:00:00-05:00,0.0,0.35640458753105925,0.35367351789480594,0.3554942309856415,44800,0.0,0.0
1965-02-04 00:00:00-05:00,0.0,0.357315311447168,0.3541290602622888,0.35503941774368286,41600,0.0,0.0
1965-02-05 00:00:00-05:00,0.0,0.3573149366451956,0.35503904532898417,0.35594940185546875,77600,0.0,0.0
1965-02-08 00:00:00-05:00,0.0,0.35412882291471837,0.3523081091722262,0.3532184660434723,44800,0.0,0.0
1965-02-09 00:00:00-05:00,0.0,0.35321869199926204,0.34957726218483665,0.350487619638443,36800,0.0,0.0
1965-02-10 00:00:00-05:00,0.0,0.349577327516903,0.34457036058632234,0.34502553939819336,43200,0.0,0.0
1965-02-11 00:00:00-05:00,0.0,0.3477566885569739,0.3445704361749074,0.3441152572631836,48800,0.0,0.0
1965-02-12 00:00:00-05:00,0.0,0.3473013121233838,0.34457024020629295,0.3468461334705353,28000,0.0,0.0
1965-02-15 00:00:00-05:00,0.0,0.3477564907762322,0.3450254188591414,0.3468461334705353,41600,0.0,0.0
1965-02-16 00:00:00-05:00,0.0,0.34730132130839547,0.34457024931907654,0.34457024931907654,18400,0.0,0.0
1965-02-17 00:00:00-05:00,0.0,0.34730111831112914,0.345935583114624,0.345935583114624,30400,0.0,0.0
1965-02-18 00:00:00-05:00,0.0,0.3468460535623163,0.3427494466304779,0.3427494466304779,45600,0.0,0.0
1965-02-19 00:00:00-05:00,0.0,0.3418393513361613,0.3395634568532308,0.3413841724395752,144800,0.0,0.0
1965-02-23 00:00:00-05:00,0.0,0.3427494466304779,0.3395631967946036,0.3427494466304779,36800,0.0,0.0
1965-02-24 00:00:00-05:00,0.0,0.34365970651255995,0.3418389928356722,0.343204528093338,51200,0.0,0.0
1965-02-25 00:00:00-05:00,0.0,0.3441152572631836,0.3422945416162884,0.3441152572631836,39200,0.0,0.0
1965-02-26 00:00:00-05:00,0.0,0.343204528093338,0.3418389928356722,0.343204528093338,24800,0.0,0.0
1965-03-01 00:00:00-05:00,0.0,0.3441152572631836,0.3422945416162884,0.3441152572631836,34400,0.0,0.0
1965-03-02 00:00:00-05:00,0.0,0.34502524177022575,0.34229417125489414,0.343204528093338,54000,0.0,2.0
1965-03-03 00:00:00-05:00,0.0,0.344115081317922,0.33956329452800244,0.34047365188598633,73600,0.0,0.0
1965-03-04 00:00:00-05:00,0.0,0.34138390509756256,0.33683211969626176,0.33956319093704224,67600,0.0,0.0
1965-03-05 00:00:00-05:00,0.0,0.3377424478530884,0.33683209085078897,0.3377424478530884,51200,0.0,0.0
1965-03-08 00:00:00-05:00,0.0,0.33774250956906937,0.3341010808944702,0.3341010808944702,88800,0.0,0.0
1965-03-09 00:00:00-05:00,0.0,0.3359218708804396,0.3322804413858007,0.33319079875946045,135200,0.0,0.0
1965-03-10 00:00:00-05:00,0.0,0.33592195906068967,0.33228052861016727,0.3350116014480591,129200,0.0,0.0
1965-03-11 00:00:00-05:00,0.0,0.33592195906068967,0.3331908862227979,0.3350116014480591,79200,0.0,0.0
1965-03-12 00:00:00-05:00,0.0,0.3359217952317698,0.3341010808944702,0.3341010808944702,58400,0.0,0.0
1965-03-15 00:00:00-05:00,0.0,0.33592146488085184,0.3313696835139026,0.3322800397872925,91600,0.0,0.0
1965-03-16 00:00:00-05:00,0.0,0.33319079875946045,0.331370084012141,0.33319079875946045,52000,0.0,0.0
1965-03-17 00:00:00-05:00,0.0,0.33410075233407216,0.3322800397872925,0.3322800397872925,58000,0.0,0.0
1965-03-18 00:00:00-05:00,0.0,0.33319039606068235,0.3304593272405128,0.3322800397872925,94000,0.0,0.0
1965-03-19 00:00:00-05:00,0.0,0.33228011412934944,0.3295490446981493,0.3313697576522827,62000,0.0,0.0
1965-03-22 00:00:00-05:00,0.0,0.33319039606068235,0.3313696835139026,0.3322800397872925,50000,0.0,0.0
1965-03-23 00:00:00-05:00,0.0,0.33228011412934944,0.330459401175216,0.3313697576522827,43200,0.0,0.0
1965-03-24 00:00:00-05:00,0.0,0.33319047060641616,0.3313697576522827,0.3313697576522827,69200,0.0,0.0
1965-03-25 00:00:00-05:00,0.0,0.3341008270834828,0.3313697576522827,0.3313697576522827,67200,0.0,0.0
1965-03-26 00:00:00-05:00,0.0,0.33228044434146986,0.3286390148144401,0.3295493721961975,90400,0.0,0.0
1965-03-29 00:00:00-05:00,0.0,0.3341010808944702,0.33045965221987106,0.3341010808944702,76000,0.0,0.0
1965-03-30 00:00:00-05:00,0.0,0.3386529558073214,0.332280453950732,0.33592188358306885,65200,0.0,0.0
1965-03-31 00:00:00-05:00,0.0,0.34138390509756256,0.3386528338567821,0.33956319093704224,53200,0.0,0.0
1965-04-01 00:00:00-05:00,0.0,0.34138383092107,0.33683204650878906,0.33683204650878906,61200,0.0,0.0
1965-04-02 00:00:00-05:00,0.0,0.3404735480173024,0.3377424767765219,0.33956319093704224,61600,0.0,0.0
1965-04-05 00:00:00-05:00,0.0,0.3404736706234898,0.33501152617498464,0.33592188358306885,80400,0.0,0.0
1965-04-06 00:00:00-05:00,0.0,0.33774267428595084,0.3331908862227979,0.3350116014480591,44400,0.0,0.0
1965-04-07 00:00:00-05:00,0.0,0.33683204650878906,0.3331906189789643,0.33683204650878906,46800,0.0,0.0
1965-04-08 00:00:00-05:00,0.0,0.3377425983992372,0.33592188358306885,0.33592188358306885,54000,0.0,0.0
1965-04-09 00:00:00-05:00,0.0,0.3377424478530884,0.33592173384848956,0.3377424478530884,48800,0.0,0.0
1965-04-12 00:00:00-05:00,0.0,0.3395629971418329,0.33683192745972707,0.338652640581131,78800,0.0,0.0
1965-04-13 00:00:00-05:00,0.0,0.3404733537025349,0.338652640581131,0.338652640581131,72000,0.0,0.0
1965-04-14 00:00:00-05:00,0.0,0.3441152572631836,0.3386531103224981,0.3441152572631836,49600,0.0,0.0
1965-04-15 00:00:00-05:00,0.0,0.3441148849317819,0.34138381441645027,0.343204528093338,65200,0.0,0.0
1965-04-19 00:00:00-05:00,0.0,0.34502561508663115,0.3422945416162884,0.3441152572631836,81600,0.0,0.0
1965-04-20 00:00:00-05:00,0.0,0.34502524177022575,0.34229417125489414,0.343204528093338,38400,0.0,0.0
1965-04-21 00:00:00-05:00,0.0,0.3432048880259196,0.34047381464640303,0.3413841724395752,51200,0.0,0.0
1965-04-22 00:00:00-05:00,0.0,0.34229436660195417,0.33956329452800244,0.34047365188598633,45600,0.0,0.0
1965-04-23 00:00:00-05:00,0.0,0.3413837102632369,0.33683192745972707,0.338652640581131,90400,0.0,0.0
1965-04-26 00:00:00-04:00,0.0,0.3422940668239388,0.33683192745972707,0.338652640581131,48400,0.0,0.0
1965-04-27 00:00:00-04:00,0.0,0.33956316185768726,0.33683209085078897,0.3377424478530884,72800,0.0,0.0
1965-04-28 00:00:00-04:00,0.0,0.3395629971418329,0.337742284020429,0.338652640581131,44800,0.0,0.0
1965-04-29 00:00:00-04:00,0.0,0.3404735480173024,0.3386528338567821,0.33956319093704224,32400,0.0,0.0
1965-04-30 00:00:00-04:00,0.0,0.3404735480173024,0.3377424767765219,0.33956319093704224,49200,0.0,0.0
1965-05-03 00:00:00-04:00,0.0,0.3422945302327474,0.3386530990600586,0.3413841724395752,50800,0.0,0.0
1965-05-04 00:00:00-04:00,0.0,0.3428546920378357,0.3382587846378647,0.3391779661178589,79200,0.1125,0.0
1965-05-05 00:00:00-04:00,0.0,0.34193548560142517,0.3382587599497969,0.34193548560142517,44800,0.0,0.0
1965-05-06 00:00:00-04:00,0.0,0.3437738484272393,0.3410163041885181,0.34193548560142517,43600,0.0,0.0
1965-05-07 00:00:00-04:00,0.0,0.3419351452444441,0.34009678424850626,0.3410159647464752,30400,0.0,0.0
1965-05-10 00:00:00-04:00,0.0,0.34193548560142517,0.339177941362704,0.34193548560142517,51200,0.0,0.0
1965-05-11 00:00:00-04:00,0.0,0.3419351452444441,0.3382584232525684,0.3410159647464752,70000,0.0,0.0
1965-05-12 00:00:00-04:00,0.0,0.34193516260868795,0.3391776209747469,0.3400968015193939,52400,0.0,0.0
1965-05-13 00:00:00-04:00,0.0,0.34101598206404093,0.3391776209747469,0.3400968015193939,29200,0.0,0.0
1965-05-14 00:00:00-04:00,0.0,0.33825867182552327,0.33642030947864543,0.33733949065208435,78800,0.0,0.0
1965-05-17 00:00:00-04:00,0.0,0.3400969861642174,0.3364202619894691,0.33825862407684326,53600,0.0,0.0
1965-05-18 00:00:00-04:00,0.0,0.3391778529989622,0.33642030947864543,0.33733949065208435,36400,0.0,0.0
1965-05-19 00:00:00-04:00,0.0,0.33825867182552327,0.33642030947864543,0.33733949065208435,49200,0.0,0.0
1965-05-20 00:00:00-04:00,0.0,0.3382588396958315,0.33550129480700674,0.336420476436615,34800,0.0,0.0
1965-05-21 00:00:00-04:00,0.0,0.33733965806622324,0.33550129480700674,0.336420476436615,36800,0.0,0.0
1965-05-24 00:00:00-04:00,0.0,0.3373395029670936,0.3336627781391144,0.3336627781391144,72000,0.0,0.0
1965-05-25 00:00:00-04:00,0.0,0.3364203217600988,0.3336627781391144,0.3336627781391144,53600,0.0,0.0
1965-05-26 00:00:00-04:00,0.0,0.3336627781391144,0.3327435969321196,0.3336627781391144,46400,0.0,0.0
1965-05-27 00:00:00-04:00,0.0,0.33274373412132263,0.3309053709493816,0.33274373412132263,44400,0.0,0.0
1965-05-28 00:00:00-04:00,0.0,0.3336627781391144,0.3318244157251248,0.3336627781391144,39200,0.0,0.0
1965-06-01 00:00:00-04:00,0.0,0.3373395029670936,0.3327435969321196,0.3336627781391144,46400,0.0,0.0
1965-06-02 00:00:00-04:00,0.0,0.3345819593461092,0.3318244157251248,0.3336627781391144,37600,0.0,0.0
1965-06-03 00:00:00-04:00,0.0,0.3364207704861959,0.3309056758880615,0.3309056758880615,59200,0.0,0.0
1965-06-04 00:00:00-04:00,0.0,0.3327435134520491,0.32998597052288847,0.33182433247566223,84400,0.0,0.0
1965-06-07 00:00:00-04:00,0.0,0.33733949065208435,0.3309052224380119,0.33733949065208435,73600,0.0,0.0
1965-06-08 00:00:00-04:00,0.0,0.3345820972932636,0.3309053709493816,0.33274373412132263,40800,0.0,0.0
1965-06-09 00:00:00-04:00,0.0,0.3336632231871287,0.3309056758880615,0.3309056758880615,39600,0.0,0.0
1965-06-10 00:00:00-04:00,0.0,0.33182454798214944,0.3290670032620762,0.32998618483543396,73600,0.0,0.0
1965-06-11 00:00:00-04:00,0.0,0.3309053664087917,0.3281478216887184,0.32998618483543396,43600,0.0,0.0
1965-06-14 00:00:00-04:00,0.0,0.3318243922477358,0.32539012425401237,0.32722848653793335,72800,0.0,0.0
1965-06-15 00:00:00-04:00,0.0,0.3272284505725245,0.32355172640878826,0.3244709074497223,63200,0.0,0.0
1965-06-16 00:00:00-04:00,0.0,0.3309056758880615,0.327228946155972,0.3309056758880615,61200,0.0,0.0
1965-06-17 00:00:00-04:00,0.0,0.3309056758880615,0.32906731102201675,0.3309056758880615,51600,0.0,0.0
1965-06-18 00:00:00-04:00,0.0,0.3309052350134823,0.3281476913883699,0.3290668725967407,32800,0.0,0.0
1965-06-21 00:00:00-04:00,0.0,0.32998616863304464,0.32539026099191587,0.3263094425201416,41600,0.0,0.0
1965-06-22 00:00:00-04:00,0.0,0.3281478055765931,0.32539026099191587,0.3263094425201416,36000,0.0,0.0
1965-06-23 00:00:00-04:00,0.0,0.32722846262872557,0.325390100479126,0.325390100479126,40000,0.0,0.0
1965-06-24 00:00:00-04:00,0.0,0.3263092695315904,0.3226325453678542,0.3244709074497223,76000,0.0,0.0
1965-06-25 00:00:00-04:00,0.0,0.3253902262923392,0.3226326820017262,0.32355186343193054,40000,0.0,0.0
1965-06-28 00:00:00-04:00,0.0,0.3253900700790493,0.32079416513442993,0.32079416513442993,65200,0.0,0.0
1965-06-29 00:00:00-04:00,0.0,0.3226328492164612,0.3180369396834632,0.3226328492164612,93600,0.0,0.0
1965-06-30 00:00:00-04:00,0.0,0.3272286240483674,0.3226327164072386,0.3263094425201416,86800,0.0,0.0
1965-07-01 00:00:00-04:00,0.0,0.32722846262872557,0.32447091940432615,0.325390100479126,63600,0.0,0.0
1965-07-02 00:00:00-04:00,0.0,0.32722848653793335,0.3235517619700914,0.32722848653793335,68400,0.0,0.0
1965-07-06 00:00:00-04:00,0.0,0.32722846262872557,0.325390100479126,0.325390100479126,37600,0.0,0.0
1965-07-07 00:00:00-04:00,0.0,0.32630928155392575,0.32447091940432615,0.325390100479126,54000,0.0,0.0
1965-07-08 00:00:00-04:00,0.0,0.3253902262923392,0.32355186343193054,0.32355186343193054,45600,0.0,0.0
1965-07-09 00:00:00-04:00,0.0,0.3263092695315904,0.3244709074497223,0.3244709074497223,44400,0.0,0.0
1965-07-12 00:00:00-04:00,0.0,0.32906684882185433,0.3244709431120519,0.32722848653793335,50400,0.0,0.0
1965-07-13 00:00:00-04:00,0.0,0.32447104486213485,0.3226326820017262,0.32355186343193054,138000,0.0,0.0
1965-07-14 00:00:00-04:00,0.0,0.3253902262923392,0.32355186343193054,0.32355186343193054,47600,0.0,0.0
1965-07-15 00:00:00-04:00,0.0,0.32447104486213485,0.3226326820017262,0.32355186343193054,46800,0.0,0.0
1965-07-16 00:00:00-04:00,0.0,0.32447104486213485,0.3226326820017262,0.32355186343193054,35600,0.0,0.0
1965-07-19 00:00:00-04:00,0.0,0.32447104486213485,0.3226326820017262,0.32355186343193054,36800,0.0,0.0
1965-07-20 00:00:00-04:00,0.0,0.3235519000462123,0.32171353697776794,0.32171353697776794,40400,0.0,0.0
1965-07-21 00:00:00-04:00,0.0,0.3235519000462123,0.32079435544354573,0.32171353697776794,32400,0.0,0.0
1965-07-22 00:00:00-04:00,0.0,0.3235520311230608,0.3217136673098616,0.3226328492164612,46000,0.0,0.0
1965-07-23 00:00:00-04:00,0.0,0.32171334612335384,0.3198749841455061,0.32079416513442993,36000,0.0,0.0
1965-07-26 00:00:00-04:00,0.0,0.321713460318615,0.3180367350578308,0.3180367350578308,76000,0.0,0.0
1965-07-27 00:00:00-04:00,0.0,0.31895591637302684,0.3171175537426348,0.3180367350578308,54800,0.0,0.0
1965-07-28 00:00:00-04:00,0.0,0.3189561069011688,0.3171177431726318,0.3189561069011688,60800,0.0,0.0
1965-07-29 00:00:00-04:00,0.0,0.32171334612335384,0.31895580315658223,0.32079416513442993,68400,0.0,0.0
1965-07-30 00:00:00-04:00,0.0,0.3244712130296604,0.3198753034966624,0.3226328492164612,60800,0.0,0.0
1965-08-02 00:00:00-04:00,0.0,0.32539008849065637,0.3217133643269201,0.3244709074497223,48000,0.0,0.0
1965-08-03 00:00:00-04:00,0.0,0.32688560485839846,0.3240996479988098,0.32502830028533936,44400,0.1125,0.0
1965-08-04 00:00:00-04:00,0.0,0.3259566760268705,0.3222420700322623,0.3231707215309143,30000,0.0,0.0
1965-08-05 00:00:00-04:00,0.0,0.3240993618965149,0.3222420589630105,0.3240993618965149,51600,0.0,0.0
1965-08-06 00:00:00-04:00,0.0,0.32502802452821844,0.3231707215309143,0.3231707215309143,43600,0.0,0.0
1965-08-09 00:00:00-04:00,0.0,0.3259569525718689,0.3231709957122803,0.32502830028533936,46400,0.0,0.0
1965-08-10 00:00:00-04:00,0.0,0.32502842653725267,0.32224246859550476,0.32224246859550476,52000,0.0,0.0
1965-08-11 00:00:00-04:00,0.0,0.3222422716934557,0.3203849675338392,0.32131361961364746,58800,0.0,0.0
1965-08-12 00:00:00-04:00,0.0,0.3231707215309143,0.32038476703495816,0.3231707215309143,38800,0.0,0.0
1965-08-13 00:00:00-04:00,0.0,0.3231707215309143,0.3222420700322623,0.3231707215309143,48400,0.0,0.0
1965-08-16 00:00:00-04:00,0.0,0.3268855810165405,0.3231709721413526,0.3268855810165405,47200,0.0,0.0
1965-08-17 00:00:00-04:00,0.0,0.3278140425682068,0.32502808753221635,0.3278140425682068,60000,0.0,0.0
1965-08-18 00:00:00-04:00,0.0,0.3296713459255337,0.3268853908895433,0.3278140425682068,71200,0.0,0.0
1965-08-19 00:00:00-04:00,0.0,0.3287428021430969,0.3278141501596418,0.3287428021430969,40400,0.0,0.0
1965-08-20 00:00:00-04:00,0.0,0.32874269424687025,0.3268853908895433,0.3278140425682068,44000,0.0,0.0
1965-08-23 00:00:00-04:00,0.0,0.32781423323533754,0.3259569287977435,0.3268855810165405,33600,0.0,0.0
1965-08-24 00:00:00-04:00,0.0,0.3278142751282097,0.32502831811578864,0.32595697045326233,44000,0.0,0.0
1965-08-25 00:00:00-04:00,0.0,0.32688560485839846,0.32502830028533936,0.32502830028533936,51600,0.0,0.0
1965-08-26 00:00:00-04:00,0.0,0.3287428854541345,0.3259569287977435,0.3268855810165405,47200,0.0,0.0
1965-08-27 00:00:00-04:00,0.0,0.3287428021430969,0.32688549817618673,0.3287428021430969,38800,0.0,0.0
1965-08-30 00:00:00-04:00,0.0,0.3296715021133423,0.327814197876084,0.3296715021133423,29600,0.0,0.0
1965-08-31 00:00:00-04:00,0.0,0.33245736360549927,0.3296714080445593,0.33245736360549927,48000,0.0,0.0
1965-09-01 00:00:00-04:00,0.0,0.3352436248626974,0.3324576667613453,0.3343149721622467,64000,0.0,0.0
1965-09-02 00:00:00-04:00,0.0,0.3361718766907245,0.33245727031845135,0.33524322509765625,36800,0.0,0.0
1965-09-03 00:00:00-04:00,0.0,0.33710052828379283,0.33524322509765625,0.33524322509765625,49600,0.0,0.0
1965-09-07 00:00:00-04:00,0.0,0.33710052828379283,0.33524322509765625,0.33524322509765625,46000,0.0,0.0
1965-09-08 00:00:00-04:00,0.0,0.33710081587180246,0.33431485871583716,0.3361721634864807,36000,0.0,0.0
1965-09-09 00:00:00-04:00,0.0,0.3352436248626974,0.3343149721622467,0.3343149721622467,43200,0.0,0.0
1965-09-10 00:00:00-04:00,0.0,0.3352433191664392,0.33245736360549927,0.33245736360549927,38000,0.0,0.0
1965-09-13 00:00:00-04:00,0.0,0.3343147753340952,0.33152881887297775,0.3333861231803894,42000,0.0,0.0
1965-09-14 00:00:00-04:00,0.0,0.33338606868232235,0.3306001126766205,0.3306001126766205,47200,0.0,0.0
1965-09-15 00:00:00-04:00,0.0,0.33338601545914587,0.33060005989820596,0.33245736360549927,44800,0.0,0.0
1965-09-16 00:00:00-04:00,0.0,0.3324574166804217,0.3306001126766205,0.3306001126766205,62800,0.0,0.0
1965-09-17 00:00:00-04:00,0.0,0.3324574166804217,0.3306001126766205,0.3306001126766205,53200,0.0,0.0
1965-09-20 00:00:00-04:00,0.0,0.33245736360549927,0.33060005989820596,0.33245736360549927,44400,0.0,0.0
1965-09-21 00:00:00-04:00,0.0,0.3324574166804217,0.32967146067471986,0.3306001126766205,54400,0.0,0.0
1965-09-22 00:00:00-04:00,0.0,0.33152875809346216,0.3278141501596418,0.3287428021430969,91600,0.0,0.0
1965-09-23 00:00:00-04:00,0.0,0.32967145412655197,0.32688549817618673,0.3287428021430969,62800,0.0,0.0
1965-09-24 00:00:00-04:00,0.0,0.32874269424687025,0.3268853908895433,0.3278140425682068,67200,0.0,0.0
1965-09-27 00:00:00-04:00,0.0,0.3287428854541345,0.3259569287977435,0.3268855810165405,70800,0.0,0.0
1965-09-28 00:00:00-04:00,0.0,0.3268855810165405,0.32502827657894656,0.3268855810165405,55600,0.0,0.0
1965-09-29 00:00:00-04:00,0.0,0.3287429094314575,0.32502830028533936,0.32502830028533936,79600,0.0,0.0
1965-09-30 00:00:00-04:00,0.0,0.3268855810165405,0.32502827657894656,0.3268855810165405,52800,0.0,0.0
1965-10-01 00:00:00-04:00,0.0,0.32874269424687025,0.3259567392108798,0.3278140425682068,53200,0.0,0.0
1965-10-04 00:00:00-04:00,0.0,0.3278142751282097,0.32595697045326233,0.32595697045326233,55600,0.0,0.0
1965-10-05 00:00:00-04:00,0.0,0.3268855810165405,0.32502827657894656,0.3268855810165405,68400,0.0,0.0
1965-10-06 00:00:00-04:00,0.0,0.3268853162967715,0.3231707104297627,0.3240993618965149,82800,0.0,0.0
1965-10-07 00:00:00-04:00,0.0,0.3268855810165405,0.32502827657894656,0.3268855810165405,34000,0.0,0.0
1965-10-08 00:00:00-04:00,0.0,0.3268853275255225,0.3231707215309143,0.3231707215309143,47200,0.0,0.0
1965-10-11 00:00:00-04:00,0.0,0.3259569525718689,0.3231709957122803,0.32502830028533936,75600,0.0,0.0
1965-10-12 00:00:00-04:00,0.0,0.3259569525718689,0.3231709957122803,0.32502830028533936,63200,0.0,0.0
1965-10-13 00:00:00-04:00,0.0,0.3259569525718689,0.3240996479988098,0.32502830028533936,55600,0.0,0.0
1965-10-14 00:00:00-04:00,0.0,0.32502802452821844,0.3231707215309143,0.3231707215309143,75200,0.0,0.0
1965-10-15 00:00:00-04:00,0.0,0.3240997738900034,0.32224246859550476,0.32224246859550476,93600,0.0,0.0
1965-10-18 00:00:00-04:00,0.0,0.32502830028533936,0.32224234342575075,0.32502830028533936,86400,0.0,0.0
1965-10-19 00:00:00-04:00,0.0,0.32595697045326233,0.3231710134408413,0.32595697045326233,46000,0.0,0.0
1965-10-20 00:00:00-04:00,0.0,0.32595697045326233,0.324099665778315,0.32595697045326233,57200,0.0,0.0
1965-10-21 00:00:00-04:00,0.0,0.32595697045326233,0.324099665778315,0.32595697045326233,56800,0.0,0.0
1965-10-22 00:00:00-04:00,0.0,0.3268853162967715,0.3240993618965149,0.3240993618965149,39600,0.0,0.0
1965-10-25 00:00:00-04:00,0.0,0.32688560485839846,0.3240996479988098,0.32502830028533936,59600,0.0,0.0
1965-10-26 00:00:00-04:00,0.0,0.3278140425682068,0.32502808753221635,0.3278140425682068,42800,0.0,0.0
1965-10-27 00:00:00-04:00,0.0,0.3343149721622467,0.32874305595954256,0.3343149721622467,75200,0.0,0.0
1965-10-28 00:00:00-04:00,0.0,0.34174394607543945,0.3343147298564082,0.34174394607543945,73200,0.0,0.0
1965-10-29 00:00:00-04:00,0.0,0.34360145447684115,0.3398868441581726,0.3398868441581726,81200,0.0,0.0
1965-11-01 00:00:00-05:00,0.0,0.34138724002627957,0.3385736089271619,0.34044936299324036,56800,0.1125,0.0
1965-11-03 00:00:00-05:00,0.0,0.3404494804736659,0.3376358484036356,0.33951160311698914,41600,0.0,0.0
1965-11-04 00:00:00-05:00,0.0,0.3404494804736659,0.3376358484036356,0.33951160311698914,30400,0.0,0.0
1965-11-05 00:00:00-05:00,0.0,0.3385735384745305,0.3338841542851326,0.3357599079608917,36000,0.0,0.0
1965-11-08 00:00:00-05:00,0.0,0.3366979588085497,0.33294644951820374,0.33294644951820374,51600,0.0,0.0
1965-11-09 00:00:00-05:00,0.0,0.3338843268407902,0.33107069487303076,0.33294644951820374,68400,0.0,0.0
1965-11-10 00:00:00-05:00,0.0,0.3301328420639038,0.3291949646716768,0.3301328420639038,94000,0.0,0.0
1965-11-11 00:00:00-05:00,0.0,0.33013278059130724,0.3254433945033625,0.32919490337371826,82400,0.0,0.0
1965-11-12 00:00:00-05:00,0.0,0.32731907939635263,0.323567571323042,0.32450544834136963,131200,0.0,0.0
1965-11-15 00:00:00-05:00,0.0,0.326381198195524,0.3226296901702881,0.3226296901702881,128000,0.0,0.0
1965-11-16 00:00:00-05:00,0.0,0.3254435360431671,0.32262990316671325,0.3254435360431671,61200,0.0,0.0
1965-11-17 00:00:00-05:00,0.0,0.32450544834136963,0.32262969430471433,0.32450544834136963,52000,0.0,0.0
1965-11-18 00:00:00-05:00,0.0,0.32638114016989006,0.3235675096511841,0.3235675096511841,120400,0.0,0.0
1965-11-19 00:00:00-05:00,0.0,0.3254432633303214,0.32262963281161544,0.3235675096511841,102400,0.0,0.0
1965-11-22 00:00:00-05:00,0.0,0.32450543997580544,0.32075393199920654,0.32075393199920654,95200,0.0,0.0
1965-11-23 00:00:00-05:00,0.0,0.3216918026451516,0.3160645407913006,0.31794029474258423,88800,0.0,0.0
1965-11-24 00:00:00-05:00,0.0,0.3179404104145061,0.3151267784639353,0.31606465578079224,100800,0.0,0.0
1965-11-26 00:00:00-05:00,0.0,0.3151268048072929,0.3123131726215135,0.3141889274120331,93200,0.0,0.0
1965-11-29 00:00:00-05:00,0.0,0.31512665320299343,0.3113751454267673,0.31325089931488037,103200,0.0,0.0
1965-11-30 00:00:00-05:00,0.0,0.31325089931488037,0.30856151459459774,0.31325089931488037,110400,0.0,0.0
1965-12-01 00:00:00-05:00,0.0,0.31325119482465535,0.30949968350939006,0.3113754391670227,86400,0.0,0.0
1965-12-02 00:00:00-05:00,0.0,0.3141889808941464,0.31043747067451477,0.31043747067451477,94000,0.0,0.0
1965-12-03 00:00:00-05:00,0.0,0.31512665320299343,0.3113751454267673,0.31325089931488037,73600,0.0,0.0
1965-12-06 00:00:00-05:00,0.0,0.31512677132546363,0.3094995075517947,0.31231313943862915,90000,0.0,0.0
1965-12-07 00:00:00-05:00,0.0,0.31887819957451,0.3123130601715054,0.31700244545936584,67200,0.0,0.0
1965-12-08 00:00:00-05:00,0.0,0.31887816097921956,0.31325089931488037,0.31325089931488037,68400,0.0,0.0
1965-12-09 00:00:00-05:00,0.0,0.315126950482288,0.3113754391670227,0.3113754391670227,80400,0.0,0.0
1965-12-10 00:00:00-05:00,0.0,0.31512665320299343,0.3113751454267673,0.31325089931488037,71200,0.0,0.0
1965-12-13 00:00:00-05:00,0.0,0.31512677132546363,0.31137526214301764,0.31231313943862915,48800,0.0,0.0
1965-12-14 00:00:00-05:00,0.0,0.31418877625893693,0.3113751454267673,0.31325089931488037,54400,0.0,0.0
1965-12-15 00:00:00-05:00,0.0,0.3132508303179885,0.3085614466305935,0.3094993233680725,78000,0.0,0.0
1965-12-16 00:00:00-05:00,0.0,0.31231310202720314,0.3076237161108788,0.3085615932941437,300400,0.0,0.0
1965-12-17 00:00:00-05:00,0.0,0.3076236503987224,0.3048100194499536,0.3057478964328766,114400,0.0,0.0
1965-12-20 00:00:00-05:00,0.0,0.30949934862735795,0.30387208774322416,0.30762359499931335,122000,0.0,0.0
1965-12-21 00:00:00-05:00,0.0,0.31043722544138025,0.30762359499931335,0.30762359499931335,183200,0.0,0.0
1965-12-22 00:00:00-05:00,0.0,0.3160646822025527,0.3085616630404743,0.3141889274120331,84800,0.0,0.0
1965-12-23 00:00:00-05:00,0.0,0.3198160766320821,0.31606456840179376,0.31700244545936584,65200,0.0,0.0
1965-12-27 00:00:00-05:00,0.0,0.31700233726790455,0.3094993233680725,0.3094993233680725,134800,0.0,0.0
1965-12-28 00:00:00-05:00,0.0,0.3188781717182261,0.3094994019618077,0.31794029474258423,73200,0.0,0.0
1965-12-29 00:00:00-05:00,0.0,0.322629685987506,0.31794030101675735,0.32075393199920654,75600,0.0,0.0
1965-12-30 00:00:00-05:00,0.0,0.3207542575457517,0.3179406237076311,0.31887850165367126,68400,0.0,0.0
1965-12-31 00:00:00-05:00,0.0,0.31794032251693793,0.31512669134422167,0.31700244545936584,62000,0.0,0.0
1966-01-03 00:00:00-05:00,0.0,0.31887828773136306,0.3141889011470783,0.31606465578079224,43200,0.0,0.0
1966-01-04 00:00:00-05:00,0.0,0.3188783143883321,0.3141889274120331,0.3141889274120331,75600,0.0,0.0
1966-01-05 00:00:00-05:00,0.0,0.31606465578079224,0.31325102383022135,0.31606465578079224,66800,0.0,0.0
1966-01-06 00:00:00-05:00,0.0,0.32169180899335625,0.31418879304015845,0.32075393199920654,71200,0.0,0.0
1966-01-07 00:00:00-05:00,0.0,0.32169180899335625,0.31794030101675735,0.32075393199920654,44400,0.0,0.0
1966-01-10 00:00:00-05:00,0.0,0.32450544418290606,0.32075393615767017,0.3226296901702881,45600,0.0,0.0
1966-01-11 00:00:00-05:00,0.0,0.3226300134378321,0.31887850165367126,0.31887850165367126,64800,0.0,0.0
1966-01-12 00:00:00-05:00,0.0,0.3254435360431671,0.31981627029025933,0.3254435360431671,34400,0.0,0.0
1966-01-13 00:00:00-05:00,0.0,0.322629685987506,0.32075393199920654,0.32075393199920654,29200,0.0,0.0
1966-01-14 00:00:00-05:00,0.0,0.3235677417771907,0.3198162317276001,0.3198162317276001,46800,0.0,0.0
1966-01-17 00:00:00-05:00,0.0,0.3216919867523954,0.31887835421520244,0.3198162317276001,50800,0.0,0.0
1966-01-18 00:00:00-05:00,0.0,0.3216918026451516,0.31794029474258423,0.31794029474258423,80000,0.0,0.0
1966-01-19 00:00:00-05:00,0.0,0.3198161917835919,0.3123131726215135,0.3141889274120331,88800,0.0,0.0
1966-01-20 00:00:00-05:00,0.0,0.3141888940298522,0.3094995075517947,0.31231313943862915,135200,0.0,0.0
1966-01-21 00:00:00-05:00,0.0,0.3141890726534717,0.3113754391670227,0.3113754391670227,69600,0.0,0.0
1966-01-24 00:00:00-05:00,0.0,0.31043747067451477,0.3076238380097911,0.31043747067451477,164400,0.0,0.0
1966-01-25 00:00:00-05:00,0.0,0.31231313943862915,0.3094995075517947,0.31231313943862915,57600,0.0,0.0
1966-01-26 00:00:00-05:00,0.0,0.3141888940298522,0.3104373848474062,0.31231313943862915,78000,0.0,0.0
1966-01-27 00:00:00-05:00,0.0,0.31231310202720314,0.3085615932941437,0.3085615932941437,107600,0.0,0.0
1966-01-28 00:00:00-05:00,0.0,0.31043747067451477,0.3076238380097911,0.31043747067451477,76800,0.0,0.0
1966-01-31 00:00:00-05:00,0.0,0.3113754391670227,0.3085618056805737,0.3113754391670227,49600,0.0,0.0
1966-02-01 00:00:00-05:00,0.0,0.3138404970337277,0.3090997040271759,0.3090997040271759,74000,0.1125,0.0
1966-02-02 00:00:00-05:00,0.0,0.3109960212297966,0.30815154542586554,0.3090997040271759,80800,0.0,0.0
1966-02-03 00:00:00-05:00,0.0,0.3128922427142108,0.3072032928466797,0.3072032928466797,157200,0.0,0.0
1966-02-04 00:00:00-05:00,0.0,0.3100478858586066,0.3053070924968542,0.3062552511692047,100000,0.0,0.0
1966-02-07 00:00:00-05:00,0.0,0.31194406747817993,0.3062551179193073,0.31194406747817993,88000,0.0,0.0
1966-02-08 00:00:00-05:00,0.0,0.3128923106631008,0.30815151807729624,0.31004783511161804,168000,0.0,0.0
1966-02-09 00:00:00-05:00,0.0,0.3109960212297966,0.30815154542586554,0.3090997040271759,72400,0.0,0.0
1966-02-10 00:00:00-05:00,0.0,0.3128923773765564,0.3081515837799419,0.3128923773765564,100800,0.0,0.0
1966-02-11 00:00:00-05:00,0.0,0.31194406747817993,0.3081514344389315,0.31194406747817993,54000,0.0,0.0
1966-02-14 00:00:00-05:00,0.0,0.31194417983110695,0.3090997040271759,0.3090997040271759,39200,0.0,0.0
1966-02-15 00:00:00-05:00,0.0,0.31004776778044524,0.3072032928466797,0.3072032928466797,73600,0.0,0.0
1966-02-16 00:00:00-05:00,0.0,0.3090997017346896,0.3072033845461332,0.3081515431404114,44400,0.0,0.0
1966-02-17 00:00:00-05:00,0.0,0.3090997017346896,0.306255225951855,0.3081515431404114,69600,0.0,0.0
1966-02-18 00:00:00-05:00,0.0,0.3090997040271759,0.3062552282232448,0.3090997040271759,48000,0.0,0.0
1966-02-21 00:00:00-05:00,0.0,0.3090996094691901,0.3053069762241693,0.3072032928466797,74800,0.0,0.0
1966-02-23 00:00:00-05:00,0.0,0.3072032549670924,0.3043587803840637,0.3043587803840637,74800,0.0,0.0
1966-02-24 00:00:00-05:00,0.0,0.3062550967727495,0.30341062218972087,0.3043587803840637,101200,0.0,0.0
1966-02-25 00:00:00-05:00,0.0,0.3053070306777954,0.30341071371706374,0.3053070306777954,71200,0.0,0.0
1966-02-28 00:00:00-05:00,0.0,0.30530693857840663,0.30341062218972087,0.3043587803840637,65600,0.0,0.0
1966-03-01 00:00:00-05:00,0.0,0.30435868499794727,0.3005660534091878,0.3024623692035675,150800,0.0,0.0
1966-03-02 00:00:00-05:00,0.0,0.30246278474915705,0.3005664663494758,0.3015146255493164,112400,0.0,0.0
1966-03-03 00:00:00-05:00,0.0,0.3024623752406939,0.2948771119117737,0.2948771119117737,209600,0.0,0.0
1966-03-04 00:00:00-05:00,0.0,0.3015146255493164,0.2948775111504321,0.3015146255493164,123600,0.0,0.0
1966-03-07 00:00:00-05:00,0.0,0.30530693857840663,0.29961798941234935,0.3043587803840637,97600,0.0,0.0
1966-03-08 00:00:00-05:00,0.0,0.3034105271007574,0.3005660534091878,0.3024623692035675,50000,0.0,0.0
1966-03-09 00:00:00-05:00,0.0,0.3053070306777954,0.3015143967563321,0.3053070306777954,56800,0.0,0.0
1966-03-10 00:00:00-05:00,0.0,0.306255000792327,0.3024623692035675,0.3024623692035675,84400,0.0,0.0
1966-03-11 00:00:00-05:00,0.0,0.3024623692035675,0.3005660534091878,0.3024623692035675,53200,0.0,0.0
1966-03-14 00:00:00-05:00,0.0,0.3015141596014683,0.29582521319389343,0.29582521319389343,115600,0.0,0.0
1966-03-15 00:00:00-05:00,0.0,0.29677337092848927,0.2939288977247018,0.29582521319389343,79200,0.0,0.0
1966-03-16 00:00:00-05:00,0.0,0.29772152866308504,0.2948770554592976,0.29582521319389343,86000,0.0,0.0
1966-03-17 00:00:00-05:00,0.0,0.29677337092848927,0.29203258225551015,0.29582521319389343,68000,0.0,0.0
1966-03-18 00:00:00-05:00,0.0,0.29772152866308504,0.2948770554592976,0.29582521319389343,66800,0.0,0.0
1966-03-21 00:00:00-05:00,0.0,0.2977216839790344,0.29487720929133665,0.2977216839790344,79600,0.0,0.0
1966-03-22 00:00:00-05:00,0.0,0.29961784413227666,0.29582521319389343,0.29582521319389343,69200,0.0,0.0
1966-03-23 00:00:00-05:00,0.0,0.29772152866308504,0.29582521319389343,0.29582521319389343,58800,0.0,0.0
1966-03-24 00:00:00-05:00,0.0,0.29582521319389343,0.2939288977247018,0.29582521319389343,56800,0.0,0.0
1966-03-25 00:00:00-05:00,0.0,0.2958252698278887,0.29392895399565866,0.2948771119117737,42000,0.0,0.0
1966-03-28 00:00:00-05:00,0.0,0.29582535682186,0.2939290404319763,0.2939290404319763,79600,0.0,0.0
1966-03-29 00:00:00-05:00,0.0,0.29487731589854344,0.2920328401824803,0.29298099875450134,72000,0.0,0.0
1966-03-30 00:00:00-05:00,0.0,0.29487719862691814,0.29298088223703445,0.2939290404319763,42000,0.0,0.0
1966-03-31 00:00:00-05:00,0.0,0.2948771119117737,0.29298079607954364,0.2948771119117737,44400,0.0,0.0
1966-04-01 00:00:00-05:00,0.0,0.29582547447056445,0.29298099875450134,0.29298099875450134,79600,0.0,0.0
1966-04-04 00:00:00-05:00,0.0,0.29392897209049434,0.29013634019255247,0.29108449816703796,158000,0.0,0.0
1966-04-05 00:00:00-05:00,0.0,0.29582535682186,0.2910845658471507,0.2939290404319763,100000,0.0,0.0
1966-04-06 00:00:00-05:00,0.0,0.29582547447056445,0.2920328401824803,0.29298099875450134,82400,0.0,0.0
1966-04-07 00:00:00-05:00,0.0,0.2929809591809257,0.2882401669611696,0.28918832540512085,204000,0.0,0.0
1966-04-11 00:00:00-05:00,0.0,0.2910846447438196,0.2891883278399511,0.2901364862918854,118400,0.0,0.0
1966-04-12 00:00:00-05:00,0.0,0.2910846447438196,0.28824016938801683,0.2901364862918854,75600,0.0,0.0
1966-04-13 00:00:00-05:00,0.0,0.2901364862918854,0.28824016938801683,0.2901364862918854,98000,0.0,0.0
1966-04-14 00:00:00-05:00,0.0,0.2929809366340761,0.28824014477915577,0.29203277826309204,75200,0.0,0.0
1966-04-15 00:00:00-05:00,0.0,0.2929809591809257,0.28918832540512085,0.28918832540512085,77200,0.0,0.0
1966-04-18 00:00:00-05:00,0.0,0.2920328031957539,0.2891883278399511,0.2901364862918854,46000,0.0,0.0
1966-04-19 00:00:00-05:00,0.0,0.2920328007369745,0.2882401669611696,0.28918832540512085,64000,0.0,0.0
1966-04-20 00:00:00-05:00,0.0,0.2920328031957539,0.28824016938801683,0.2901364862918854,74000,0.0,0.0
1966-04-21 00:00:00-05:00,0.0,0.29203277826309204,0.2891883031501398,0.29203277826309204,46000,0.0,0.0
1966-04-22 00:00:00-05:00,0.0,0.29203277826309204,0.2891883031501398,0.29203277826309204,49200,0.0,0.0
1966-04-25 00:00:00-04:00,0.0,0.2920326561415234,0.289188182218067,0.29108449816703796,42400,0.0,0.0
1966-04-26 00:00:00-04:00,0.0,0.29108457963325474,0.28824010491371155,0.28824010491371155,65600,0.0,0.0
1966-04-27 00:00:00-04:00,0.0,0.290136421393407,0.28824010491371155,0.28824010491371155,79600,0.0,0.0
1966-04-28 00:00:00-04:00,0.0,0.2910846447438196,0.28824016938801683,0.2901364862918854,76000,0.0,0.0
1966-04-29 00:00:00-04:00,0.0,0.29108449816703796,0.2882400242435816,0.29108449816703796,55200,0.0,0.0
1966-05-02 00:00:00-04:00,0.0,0.2910846422930233,0.2882401669611696,0.28918832540512085,100000,0.0,0.0
1966-05-03 00:00:00-04:00,0.0,0.2907234911350596,0.28592607378959656,0.28592607378959656,93200,0.1125,0.0
1966-05-04 00:00:00-04:00,0.0,0.28880443650743237,0.2849665037963701,0.28688547015190125,75600,0.0,0.0
1966-05-05 00:00:00-04:00,0.0,0.2868855175923328,0.28208810091018677,0.28208810091018677,145200,0.0,0.0
1966-05-06 00:00:00-04:00,0.0,0.28400713205337524,0.28112868139067215,0.28400713205337524,114800,0.0,0.0
1966-05-09 00:00:00-04:00,0.0,0.28496676683425903,0.282088314644014,0.28496676683425903,84400,0.0,0.0
1966-05-10 00:00:00-04:00,0.0,0.28496676683425903,0.283047798707429,0.28496676683425903,75600,0.0,0.0
1966-05-11 00:00:00-04:00,0.0,0.28592625089767404,0.283047798707429,0.28496676683425903,66800,0.0,0.0
1966-05-12 00:00:00-04:00,0.0,0.2849664933600668,0.28208804393218734,0.28304752707481384,87200,0.0,0.0
1966-05-13 00:00:00-04:00,0.0,0.28304752707481384,0.28112856078956083,0.28304752707481384,74400,0.0,0.0
1966-05-16 00:00:00-04:00,0.0,0.2820880960111749,0.28016912937164307,0.28016912937164307,123600,0.0,0.0
1966-05-17 00:00:00-04:00,0.0,0.2830474559998594,0.27920952439308167,0.27920952439308167,160000,0.0,0.0
1966-05-18 00:00:00-04:00,0.0,0.2820880984690409,0.27920964848466295,0.2811286151409149,108800,0.0,0.0
1966-05-19 00:00:00-04:00,0.0,0.28208797309816497,0.27920952439308167,0.27920952439308167,91600,0.0,0.0
1966-05-20 00:00:00-04:00,0.0,0.2811286151409149,0.27920964848466295,0.2811286151409149,53600,0.0,0.0
1966-05-23 00:00:00-04:00,0.0,0.2830475817971669,0.2801691318127889,0.2811286151409149,83200,0.0,0.0
1966-05-24 00:00:00-04:00,0.0,0.28208797309816497,0.27920952439308167,0.27920952439308167,64800,0.0,0.0
1966-05-25 00:00:00-04:00,0.0,0.281128612691409,0.2792096460518772,0.28016912937164307,60000,0.0,0.0
1966-05-26 00:00:00-04:00,0.0,0.2801690072947761,0.2772905585896928,0.27920952439308167,81600,0.0,0.0
1966-05-27 00:00:00-04:00,0.0,0.27920952439308167,0.27633107568799836,0.27920952439308167,68800,0.0,0.0
1966-05-31 00:00:00-04:00,0.0,0.28112866796296215,0.27825021743774414,0.27825021743774414,75200,0.0,0.0
1966-06-01 00:00:00-04:00,0.0,0.2801690072947761,0.2772905585896928,0.27920952439308167,95600,0.0,0.0
1966-06-02 00:00:00-04:00,0.0,0.27920970094615016,0.2772907339293381,0.27825021743774414,51600,0.0,0.0
1966-06-03 00:00:00-04:00,0.0,0.27920970094615016,0.2763312504209321,0.27825021743774414,63600,0.0,0.0
1966-06-06 00:00:00-04:00,0.0,0.2792097886953387,0.27729082107543945,0.27729082107543945,49200,0.0,0.0
1966-06-07 00:00:00-04:00,0.0,0.27920970094615016,0.2772907339293381,0.27825021743774414,47600,0.0,0.0
1966-06-08 00:00:00-04:00,0.0,0.27920970094615016,0.2763312504209321,0.27825021743774414,180000,0.0,0.0
1966-06-09 00:00:00-04:00,0.0,0.27920970094615016,0.2763312504209321,0.27825021743774414,62800,0.0,0.0
1966-06-10 00:00:00-04:00,0.0,0.27920970094615016,0.2763312504209321,0.27825021743774414,59600,0.0,0.0
1966-06-13 00:00:00-04:00,0.0,0.27920952439308167,0.27633107568799836,0.27920952439308167,76800,0.0,0.0
1966-06-14 00:00:00-04:00,0.0,0.27920952439308167,0.2772905585896928,0.27920952439308167,62800,0.0,0.0
1966-06-15 00:00:00-04:00,0.0,0.2792097566028436,0.2763313055038452,0.2763313055038452,98400,0.0,0.0
1966-06-16 00:00:00-04:00,0.0,0.27825030488538904,0.27633133726548986,0.27729082107543945,80400,0.0,0.0
1966-06-17 00:00:00-04:00,0.0,0.27825030488538904,0.27633133726548986,0.27729082107543945,43200,0.0,0.0
1966-06-20 00:00:00-04:00,0.0,0.2792097886953387,0.27633133726548986,0.27729082107543945,55200,0.0,0.0
1966-06-21 00:00:00-04:00,0.0,0.27825027290317744,0.2763313055038452,0.2763313055038452,46400,0.0,0.0
1966-06-22 00:00:00-04:00,0.0,0.27729078920351136,0.2763313055038452,0.2763313055038452,99600,0.0,0.0
1966-06-23 00:00:00-04:00,0.0,0.27825027290317744,0.2753718218041791,0.2763313055038452,66800,0.0,0.0
1966-06-24 00:00:00-04:00,0.0,0.2763310940838857,0.27537161111831665,0.27537161111831665,60800,0.0,0.0
1966-06-27 00:00:00-04:00,0.0,0.2782500600150238,0.27537161111831665,0.27537161111831665,69600,0.0,0.0
1966-06-28 00:00:00-04:00,0.0,0.27729082107543945,0.2753718534555402,0.27729082107543945,376400,0.0,0.0
1966-06-29 00:00:00-04:00,0.0,0.27825011761038454,0.2753716681178633,0.2744121849536896,77600,0.0,0.0
1966-06-30 00:00:00-04:00,0.0,0.27537161111831665,0.27345264518717854,0.27537161111831665,82000,0.0,0.0
1966-07-01 00:00:00-04:00,0.0,0.27633115128203706,0.2744121849536896,0.2744121849536896,59600,0.0,0.0
1966-07-05 00:00:00-04:00,0.0,0.2763313055038452,0.27441233810451293,0.2763313055038452,74400,0.0,0.0
1966-07-06 00:00:00-04:00,0.0,0.27729082107543945,0.2753718534555402,0.27729082107543945,78000,0.0,0.0
1966-07-07 00:00:00-04:00,0.0,0.27825021743774414,0.2763312504209321,0.27825021743774414,130400,0.0,0.0
1966-07-08 00:00:00-04:00,0.0,0.27920970094615016,0.2763312504209321,0.27825021743774414,49200,0.0,0.0
1966-07-11 00:00:00-04:00,0.0,0.27920970094615016,0.2763312504209321,0.27825021743774414,63600,0.0,0.0
1966-07-12 00:00:00-04:00,0.0,0.27825027290317744,0.2753718218041791,0.2763313055038452,118800,0.0,0.0
1966-07-13 00:00:00-04:00,0.0,0.27729082107543945,0.2753718534555402,0.27729082107543945,48400,0.0,0.0
1966-07-14 00:00:00-04:00,0.0,0.27729082107543945,0.27633133726548986,0.27729082107543945,32400,0.0,0.0
1966-07-15 00:00:00-04:00,0.0,0.27729082107543945,0.2744123696455906,0.27729082107543945,88800,0.0,0.0
1966-07-18 00:00:00-04:00,0.0,0.27729082107543945,0.2753718534555402,0.27729082107543945,37600,0.0,0.0
1966-07-19 00:00:00-04:00,0.0,0.27729082107543945,0.27633133726548986,0.27729082107543945,34400,0.0,0.0
1966-07-20 00:00:00-04:00,0.0,0.27825021743774414,0.2763312504209321,0.27825021743774414,27600,0.0,0.0
1966-07-21 00:00:00-04:00,0.0,0.27729078920351136,0.2753718218041791,0.2763313055038452,62000,0.0,0.0
1966-07-22 00:00:00-04:00,0.0,0.27729078920351136,0.2753718218041791,0.2763313055038452,59600,0.0,0.0
1966-07-25 00:00:00-04:00,0.0,0.27633115128203706,0.2744121849536896,0.2744121849536896,57600,0.0,0.0
1966-07-26 00:00:00-04:00,0.0,0.2763310940838857,0.27345264518717854,0.27537161111831665,49200,0.0,0.0
1966-07-27 00:00:00-04:00,0.0,0.27537161111831665,0.27345264518717854,0.27537161111831665,60800,0.0,0.0
1966-07-28 00:00:00-04:00,0.0,0.2753716681178633,0.2724932186253421,0.2744121849536896,64400,0.0,0.0
1966-07-29 00:00:00-04:00,0.0,0.2753716681178633,0.2734527017895158,0.2744121849536896,38000,0.0,0.0
1966-08-01 00:00:00-04:00,0.0,0.2734527539448688,0.2705743039033438,0.2715337872505188,88800,0.0,0.0
1966-08-02 00:00:00-04:00,0.0,0.2730888204394485,0.2701732814311981,0.2701732814311981,70000,0.1125,0.0
1966-08-03 00:00:00-04:00,0.0,0.27308894795328914,0.270173407583681,0.2711452543735504,52000,0.0,0.0
1966-08-04 00:00:00-04:00,0.0,0.27406077877058255,0.2711452385708955,0.2730889320373535,46000,0.0,0.0
1966-08-05 00:00:00-04:00,0.0,0.27503251289644987,0.27308882022580355,0.2740606665611267,32000,0.0,0.0
1966-08-08 00:00:00-04:00,0.0,0.2750323473342827,0.2721168100833893,0.2721168100833893,39200,0.0,0.0
1966-08-09 00:00:00-04:00,0.0,0.27211710116341975,0.270173407583681,0.2711452543735504,54400,0.0,0.0
1966-08-10 00:00:00-04:00,0.0,0.27114502243373706,0.26822948455810547,0.26822948455810547,64800,0.0,0.0
1966-08-11 00:00:00-04:00,0.0,0.2692013449259918,0.26628580689430237,0.26628580689430237,60000,0.0,0.0
1966-08-12 00:00:00-04:00,0.0,0.26725745650337024,0.26434192061424255,0.26434192061424255,55200,0.0,0.0
1966-08-15 00:00:00-04:00,0.0,0.2662855033521299,0.2614262788384049,0.2623981237411499,74400,0.0,0.0
1966-08-16 00:00:00-04:00,0.0,0.2633701699152312,0.2604546329789002,0.26142647862434387,50400,0.0,0.0
1966-08-17 00:00:00-04:00,0.0,0.2643418135466399,0.2604544339356599,0.2623981237411499,39600,0.0,0.0
1966-08-18 00:00:00-04:00,0.0,0.2633703577339201,0.25851112604141235,0.25851112604141235,86000,0.0,0.0
1966-08-19 00:00:00-04:00,0.0,0.26045481871841547,0.2575392797029108,0.25851112604141235,66800,0.0,0.0
1966-08-22 00:00:00-04:00,0.0,0.26045484195723845,0.2517082241303163,0.2536519169807434,143200,0.0,0.0
1966-08-23 00:00:00-04:00,0.0,0.255595421561828,0.24684881017758295,0.25267988443374634,145600,0.0,0.0
1966-08-24 00:00:00-04:00,0.0,0.26045490165926377,0.25268012847540516,0.2575393617153168,85600,0.0,0.0
1966-08-25 00:00:00-04:00,0.0,0.262398341527352,0.25267988443374634,0.25267988443374634,128400,0.0,0.0
1966-08-26 00:00:00-04:00,0.0,0.2555955722928047,0.2449052631855011,0.2487926483154297,136400,0.0,0.0
1966-08-29 00:00:00-04:00,0.0,0.25170818716287613,0.2449052631855011,0.2487926483154297,86000,0.0,0.0
1966-08-30 00:00:00-04:00,0.0,0.25948303452757904,0.24782087567240693,0.25073641538619995,187200,0.0,0.0
1966-08-31 00:00:00-04:00,0.0,0.257539227321574,0.2507363043357211,0.25559553503990173,82000,0.0,0.0
1966-09-01 00:00:00-04:00,0.0,0.25656745625638416,0.2526800705555298,0.2536519169807434,158400,0.0,0.0
1966-09-02 00:00:00-04:00,0.0,0.2565673735305553,0.25267998908312267,0.254623681306839,42000,0.0,0.0
1966-09-06 00:00:00-04:00,0.0,0.2575392196424135,0.25267998908312267,0.254623681306839,89600,0.0,0.0
1966-09-07 00:00:00-04:00,0.0,0.2546235758524675,0.2507361930150252,0.25267988443374634,38400,0.0,0.0
1966-09-08 00:00:00-04:00,0.0,0.2536518797278404,0.2487926483154297,0.2487926483154297,111200,0.0,0.0
1966-09-09 00:00:00-04:00,0.0,0.25170818716287613,0.2487926483154297,0.2487926483154297,106800,0.0,0.0
1966-09-12 00:00:00-04:00,0.0,0.25656745625638416,0.2526800705555298,0.2536519169807434,93600,0.0,0.0
1966-09-13 00:00:00-04:00,0.0,0.2565673735305553,0.2536518351949808,0.254623681306839,87600,0.0,0.0
1966-09-14 00:00:00-04:00,0.0,0.2594829201698303,0.25365184331208135,0.2594829201698303,85200,0.0,0.0
1966-09-15 00:00:00-04:00,0.0,0.26142647862434387,0.2555954047516819,0.26142647862434387,33600,0.0,0.0
1966-09-16 00:00:00-04:00,0.0,0.26142656024712235,0.2575391764516261,0.2604547142982483,55600,0.0,0.0
1966-09-19 00:00:00-04:00,0.0,0.26045481871841547,0.25851112604141235,0.25851112604141235,55200,0.0,0.0
1966-09-20 00:00:00-04:00,0.0,0.2594829201698303,0.257539227883914,0.2594829201698303,38400,0.0,0.0
1966-09-21 00:00:00-04:00,0.0,0.2594829723799139,0.2575392797029108,0.25851112604141235,36000,0.0,0.0
1966-09-22 00:00:00-04:00,0.0,0.2594829723799139,0.25656743336440924,0.25851112604141235,58400,0.0,0.0
1966-09-23 00:00:00-04:00,0.0,0.257539227321574,0.25559553503990173,0.25559553503990173,47200,0.0,0.0
1966-09-26 00:00:00-04:00,0.0,0.2575392196424135,0.254623681306839,0.254623681306839,48400,0.0,0.0
1966-09-27 00:00:00-04:00,0.0,0.257539227321574,0.2536518427582295,0.25559553503990173,50800,0.0,0.0
1966-09-28 00:00:00-04:00,0.0,0.2555956098311706,0.2526800705555298,0.2536519169807434,71200,0.0,0.0
1966-09-29 00:00:00-04:00,0.0,0.253651955099993,0.2497645688149356,0.25073641538619995,73600,0.0,0.0
1966-09-30 00:00:00-04:00,0.0,0.2536519169807434,0.24976453127988912,0.2536519169807434,47600,0.0,0.0
1966-10-03 00:00:00-04:00,0.0,0.2555956482425217,0.25073641538619995,0.25073641538619995,78800,0.0,0.0
1966-10-04 00:00:00-04:00,0.0,0.253651955099993,0.24879272224367127,0.25073641538619995,173200,0.0,0.0
1966-10-05 00:00:00-04:00,0.0,0.2555955274186972,0.25073629685940635,0.254623681306839,72000,0.0,0.0
1966-10-06 00:00:00-04:00,0.0,0.2546237336058561,0.24976450204849243,0.24976450204849243,96800,0.0,0.0
1966-10-07 00:00:00-04:00,0.0,0.2526800334453583,0.2487926483154297,0.2487926483154297,75600,0.0,0.0
1966-10-10 00:00:00-04:00,0.0,0.257539264857769,0.250736340880394,0.25656741857528687,104800,0.0,0.0
1966-10-11 00:00:00-04:00,0.0,0.25753930268159775,0.2536519169807434,0.2536519169807434,91600,0.0,0.0
1966-10-12 00:00:00-04:00,0.0,0.257539227321574,0.2536518427582295,0.25559553503990173,62000,0.0,0.0
1966-10-13 00:00:00-04:00,0.0,0.26045490165926377,0.25656751506733444,0.2575393617153168,104000,0.0,0.0
1966-10-14 00:00:00-04:00,0.0,0.26045476631278847,0.25656738174095584,0.2594829201698303,69200,0.0,0.0
1966-10-17 00:00:00-04:00,0.0,0.2633702754974365,0.25948289135725294,0.2633702754974365,72400,0.0,0.0
1966-10-18 00:00:00-04:00,0.0,0.26531376591061845,0.26239823002149076,0.26434192061424255,127200,0.0,0.0
1966-10-19 00:00:00-04:00,0.0,0.2672576151051364,0.2643420774858076,0.26531392335891724,50800,0.0,0.0
1966-10-20 00:00:00-04:00,0.0,0.26822944684462113,0.26531390937891874,0.26725760102272034,61600,0.0,0.0
1966-10-21 00:00:00-04:00,0.0,0.26725745650337024,0.26337007531786666,0.26434192061424255,56000,0.0,0.0
1966-10-24 00:00:00-04:00,0.0,0.26725745650337024,0.26239823002149076,0.26434192061424255,57600,0.0,0.0
1966-10-25 00:00:00-04:00,0.0,0.26434192061424255,0.26142638472511487,0.26434192061424255,54400,0.0,0.0
1966-10-26 00:00:00-04:00,0.0,0.2633699686438949,0.2585107441301699,0.2623981237411499,62400,0.0,0.0
1966-10-27 00:00:00-04:00,0.0,0.2633702754974365,0.25948289135725294,0.2633702754974365,68400,0.0,0.0
1966-10-28 00:00:00-04:00,0.0,0.2633702754974365,0.26142658342734476,0.2633702754974365,56400,0.0,0.0
1966-10-31 00:00:00-05:00,0.0,0.26531376591061845,0.26142638472511487,0.26434192061424255,80400,0.0,0.0
1966-11-01 00:00:00-05:00,0.0,0.26591768860816956,0.2609932869672775,0.26591768860816956,63200,0.1125,0.0
1966-11-02 00:00:00-05:00,0.0,0.2619783878326416,0.26000862551811044,0.2619783878326416,74800,0.0,0.0
1966-11-03 00:00:00-05:00,0.0,0.26099363398371317,0.2600087523460388,0.2600087523460388,72800,0.0,0.0
1966-11-04 00:00:00-05:00,0.0,0.2629631757736206,0.2580387717329161,0.2629631757736206,61600,0.0,0.0
1966-11-07 00:00:00-05:00,0.0,0.2629633328824673,0.2590238072962131,0.2609935700893402,58000,0.0,0.0
1966-11-09 00:00:00-05:00,0.0,0.26000858820401707,0.2560690641403198,0.2560690641403198,88800,0.0,0.0
1966-11-10 00:00:00-05:00,0.0,0.26000858820401707,0.2550841831243955,0.2560690641403198,99600,0.0,0.0
1966-11-11 00:00:00-05:00,0.0,0.2590237935840855,0.25606914955080695,0.25705403089523315,52800,0.0,0.0
1966-11-14 00:00:00-05:00,0.0,0.2600087523460388,0.25606922579534125,0.2600087523460388,72800,0.0,0.0
1966-11-15 00:00:00-05:00,0.0,0.2600086749285117,0.25606914955080695,0.25705403089523315,88800,0.0,0.0
1966-11-16 00:00:00-05:00,0.0,0.2619785156213876,0.2570541074330156,0.2600087523460388,60800,0.0,0.0
1966-11-17 00:00:00-05:00,0.0,0.2590237935840855,0.25606914955080695,0.25705403089523315,90800,0.0,0.0
1966-11-18 00:00:00-05:00,0.0,0.2580389504727249,0.2550843060016632,0.2550843060016632,114000,0.0,0.0
1966-11-21 00:00:00-05:00,0.0,0.2560693164743802,0.2521297885286205,0.2531146705150604,122800,0.0,0.0
1966-11-22 00:00:00-05:00,0.0,0.2550841605709505,0.2521295177844144,0.2540992796421051,56800,0.0,0.0
1966-11-23 00:00:00-05:00,0.0,0.26690269900618424,0.26000853334919793,0.2629631757736206,172000,0.0,0.0
1966-11-25 00:00:00-05:00,0.0,0.2649329373899024,0.26099341415733884,0.2629631757736206,92000,0.0,0.0
1966-11-28 00:00:00-05:00,0.0,0.26493305357089686,0.2609935286107348,0.2639481723308563,71200,0.0,0.0
1966-11-29 00:00:00-05:00,0.0,0.26394816573339563,0.25803887844085693,0.25803887844085693,63200,0.0,0.0
1966-11-30 00:00:00-05:00,0.0,0.26000864087170317,0.2550842347945876,0.25803887844085693,69600,0.0,0.0
1966-12-01 00:00:00-05:00,0.0,0.25803908044726004,0.2531146705150604,0.2531146705150604,64800,0.0,0.0
1966-12-02 00:00:00-05:00,0.0,0.2560691874920171,0.2531145430209554,0.2550843060016632,46000,0.0,0.0
1966-12-05 00:00:00-05:00,0.0,0.25508443448794027,0.2521297885286205,0.2531146705150604,64000,0.0,0.0
1966-12-06 00:00:00-05:00,0.0,0.2540993206641253,0.251144677400589,0.251144677400589,105600,0.0,0.0
1966-12-07 00:00:00-05:00,0.0,0.2531144395762799,0.25015979631274354,0.251144677400589,89600,0.0,0.0
1966-12-08 00:00:00-05:00,0.0,0.2521295208233618,0.24917487800121305,0.24917487800121307,110000,0.0,0.0
1966-12-09 00:00:00-05:00,0.0,0.251144677400589,0.2491749152248981,0.251144677400589,90800,0.0,0.0
1966-12-12 00:00:00-05:00,0.0,0.251144677400589,0.2491749152248981,0.251144677400589,120000,0.0,0.0
1966-12-13 00:00:00-05:00,0.0,0.2521295922947681,0.2491749486350638,0.2501598298549652,122800,0.0,0.0
1966-12-14 00:00:00-05:00,0.0,0.251144677400589,0.24819003413705265,0.251144677400589,97200,0.0,0.0
1966-12-15 00:00:00-05:00,0.0,0.2511447110748667,0.24819006741516236,0.2501598298549652,107200,0.0,0.0
1966-12-16 00:00:00-05:00,0.0,0.24917494144941135,0.24720517906641207,0.24819006025791168,94400,0.0,0.0
1966-12-19 00:00:00-05:00,0.0,0.2491749190688133,0.24622027575969693,0.24622027575969696,73200,0.0,0.0
1966-12-20 00:00:00-05:00,0.0,0.24917494144941135,0.2462202978749124,0.24819006025791168,91200,0.0,0.0
1966-12-21 00:00:00-05:00,0.0,0.24819003796577452,0.24622027575969693,0.24622027575969696,81200,0.0,0.0
1966-12-22 00:00:00-05:00,0.0,0.24819015387994836,0.24622039075391702,0.24720527231693268,122000,0.0,0.0
1966-12-23 00:00:00-05:00,0.0,0.2501597589419293,0.24720511611978052,0.24917487800121307,170000,0.0,0.0
1966-12-27 00:00:00-05:00,0.0,0.2511447110748667,0.24819006741516236,0.2501598298549652,116400,0.0,0.0
1966-12-28 00:00:00-05:00,0.0,0.2521295922947681,0.24819006741516236,0.2501598298549652,93600,0.0,0.0
1966-12-29 00:00:00-05:00,0.0,0.2501599170059797,0.2472052723169327,0.24720527231693268,58000,0.0,0.0
1966-12-30 00:00:00-05:00,0.0,0.2501597589419293,0.24720511611978052,0.24917487800121307,212400,0.0,0.0
1967-01-03 00:00:00-05:00,0.0,0.259023684286332,0.25311439871325975,0.2540992796421051,89600,0.0,0.0
1967-01-04 00:00:00-05:00,0.0,0.25803882617216845,0.2531144210925469,0.2560690641403198,60800,0.0,0.0
1967-01-05 00:00:00-05:00,0.0,0.25902370718809276,0.2540993021084712,0.2560690641403198,70000,0.0,0.0
1967-01-06 00:00:00-05:00,0.0,0.2619783878326416,0.25606910088904816,0.2619783878326416,99200,0.0,0.0
1967-01-09 00:00:00-05:00,0.0,0.26591793090437427,0.2600086435509437,0.2649330496788025,92800,0.0,0.0
1967-01-10 00:00:00-05:00,0.0,0.2678874135017395,0.2649327729116468,0.2678874135017395,102400,0.0,0.0
1967-01-11 00:00:00-05:00,0.0,0.27576685379055665,0.2649331559630705,0.2747819721698761,133200,0.0,0.0
1967-01-12 00:00:00-05:00,0.0,0.27379680985081806,0.267887526184973,0.2698572874069214,130000,0.0,0.0
1967-01-13 00:00:00-05:00,0.0,0.27675177431278714,0.2718273655171859,0.27281224727630615,173200,0.0,0.0
1967-01-16 00:00:00-05:00,0.0,0.2767517354112372,0.27379709054919554,0.2747819721698761,74800,0.0,0.0
1967-01-17 00:00:00-05:00,0.0,0.2747819721698761,0.27379709054919554,0.2747819721698761,66400,0.0,0.0
1967-01-18 00:00:00-05:00,0.0,0.27576667070388794,0.2728120278034892,0.27576667070388794,72800,0.0,0.0
1967-01-19 00:00:00-05:00,0.0,0.2747818383303556,0.2698574326255105,0.2708423137664795,67600,0.0,0.0
1967-01-20 00:00:00-05:00,0.0,0.2708423137664795,0.26788767034357247,0.2708423137664795,57600,0.0,0.0
1967-01-23 00:00:00-05:00,0.0,0.2728120760484175,0.2688725514845415,0.2708423137664795,80000,0.0,0.0
1967-01-24 00:00:00-05:00,0.0,0.2718270486288697,0.267887526184973,0.2698572874069214,55200,0.0,0.0
1967-01-25 00:00:00-05:00,0.0,0.2737968435217609,0.2688724398612976,0.2688724398612976,59200,0.0,0.0
1967-01-26 00:00:00-05:00,0.0,0.27281196278966824,0.2678875591292049,0.2688724398612976,56000,0.0,0.0
1967-01-27 00:00:00-05:00,0.0,0.2737971544265747,0.26788786332384285,0.2737971544265747,76400,0.0,0.0
1967-01-30 00:00:00-05:00,0.0,0.27970627339905646,0.2737969859328792,0.2787213921546936,79600,0.0,0.0
1967-01-31 00:00:00-05:00,0.0,0.27832239500452033,0.27233696715496075,0.2763272523880005,56400,0.1125,0.0
1967-02-01 00:00:00-05:00,0.0,0.27632716082144476,0.27233687691066577,0.27532958984375,51600,0.0,0.0
1967-02-02 00:00:00-05:00,0.0,0.2763271240087656,0.27233684062957764,0.27233684062957764,61200,0.0,0.0
1967-02-03 00:00:00-05:00,0.0,0.27632712632635215,0.27233684291369725,0.27333441376686096,49600,0.0,0.0
1967-02-06 00:00:00-05:00,0.0,0.27433210611343384,0.27133939222856,0.27433210611343384,58000,0.0,0.0
1967-02-07 00:00:00-05:00,0.0,0.2723369878881118,0.2703418451197007,0.27133941650390625,46000,0.0,0.0
1967-02-08 00:00:00-05:00,0.0,0.2743319823191716,0.27233684062957764,0.27233684062957764,46000,0.0,0.0
1967-02-09 00:00:00-05:00,0.0,0.2733343137635125,0.2693440318107605,0.2693440318107605,62800,0.0,0.0
1967-02-10 00:00:00-05:00,0.0,0.27034165721331066,0.2673489451408386,0.2673489451408386,58000,0.0,0.0
1967-02-13 00:00:00-05:00,0.0,0.27333441376686096,0.26734898864787865,0.27333441376686096,59200,0.0,0.0
1967-02-14 00:00:00-05:00,0.0,0.27433213065652284,0.2693442737354952,0.27133941650390625,65600,0.0,0.0
1967-02-15 00:00:00-05:00,0.0,0.273334497235358,0.2703417837619782,0.27034178376197815,54000,0.0,0.0
1967-02-16 00:00:00-05:00,0.0,0.2723369260775647,0.2693442126041849,0.27034178376197815,42400,0.0,0.0
1967-02-17 00:00:00-05:00,0.0,0.2733345592723173,0.2693442737354952,0.27133941650390625,5200,0.0,0.0
1967-02-20 00:00:00-05:00,0.0,0.273334497235358,0.26834664144639164,0.27034178376197815,60000,0.0,0.0
1967-02-21 00:00:00-05:00,0.0,0.273334497235358,0.2703417837619782,0.27034178376197815,63200,0.0,0.0
1967-02-23 00:00:00-05:00,0.0,0.27433213065652284,0.27133941650390625,0.27133941650390625,53200,0.0,0.0
1967-02-24 00:00:00-05:00,0.0,0.27333441376686096,0.27034170120736983,0.27333441376686096,52400,0.0,0.0
1967-02-27 00:00:00-05:00,0.0,0.2733345592723173,0.2703418451197007,0.27133941650390625,53600,0.0,0.0
1967-02-28 00:00:00-05:00,0.0,0.2743319846200247,0.26934413035420607,0.27333441376686096,53600,0.0,0.0
1967-03-01 00:00:00-05:00,0.0,0.2763272487033497,0.27233696352351794,0.27433210611343384,59200,0.0,0.0
1967-03-02 00:00:00-05:00,0.0,0.2773247317991395,0.27233687691066577,0.27532958984375,61600,0.0,0.0
1967-03-03 00:00:00-05:00,0.0,0.2773246971795159,0.27333441376686096,0.27333441376686096,59200,0.0,0.0
1967-03-06 00:00:00-05:00,0.0,0.2773248448091395,0.27133941650390625,0.27133941650390625,95600,0.0,0.0
1967-03-07 00:00:00-05:00,0.0,0.27433213065652284,0.27133941650390625,0.27133941650390625,51200,0.0,0.0
1967-03-08 00:00:00-05:00,0.0,0.27333441147437465,0.2713392697847807,0.27233684062957764,44800,0.0,0.0
1967-03-09 00:00:00-05:00,0.0,0.27333441376686096,0.26934413035420607,0.27333441376686096,90800,0.0,0.0
1967-03-10 00:00:00-05:00,0.0,0.2753297020407284,0.27133941650390625,0.27133941650390625,47200,0.0,0.0
1967-03-13 00:00:00-05:00,0.0,0.2743320683931513,0.2703417837619782,0.27034178376197815,68000,0.0,0.0
1967-03-14 00:00:00-05:00,0.0,0.2723369260775647,0.2693442126041849,0.27034178376197815,72000,0.0,0.0
1967-03-15 00:00:00-05:00,0.0,0.2703416022989485,0.2683464613225725,0.2693440318107605,114000,0.0,0.0
1967-03-16 00:00:00-05:00,0.0,0.2723369878881118,0.26834670235128966,0.27133941650390625,106400,0.0,0.0
1967-03-17 00:00:00-05:00,0.0,0.27333441376686096,0.27233684291369725,0.27333441376686096,39600,0.0,0.0
1967-03-20 00:00:00-05:00,0.0,0.2753297020407284,0.27133941650390625,0.27133941650390625,85600,0.0,0.0
1967-03-21 00:00:00-05:00,0.0,0.2763272523880005,0.27233696715496075,0.2763272523880005,53600,0.0,0.0
1967-03-22 00:00:00-05:00,0.0,0.27433213065652284,0.27133941650390625,0.27133941650390625,50800,0.0,0.0
1967-03-23 00:00:00-05:00,0.0,0.27532955547318844,0.27133927206053354,0.27333441376686096,54400,0.0,0.0
1967-03-27 00:00:00-05:00,0.0,0.281314934364387,0.2723367981612682,0.27931979298591614,95200,0.0,0.0
1967-03-28 00:00:00-05:00,0.0,0.28430783027431716,0.2783224022685421,0.2803175449371338,56000,0.0,0.0
1967-03-29 00:00:00-05:00,0.0,0.28730049333372315,0.2813150663892706,0.28530535101890564,75600,0.0,0.0
1967-03-30 00:00:00-05:00,0.0,0.2863029221763144,0.28430777986149686,0.28530535101890564,69600,0.0,0.0
1967-03-31 00:00:00-05:00,0.0,0.28530535101890564,0.28331020870408813,0.28530535101890564,47200,0.0,0.0
1967-04-03 00:00:00-05:00,0.0,0.28730049333372315,0.28231263754667935,0.28530535101890564,97600,0.0,0.0
1967-04-04 00:00:00-05:00,0.0,0.28430783027431716,0.2783224022685421,0.2803175449371338,140400,0.0,0.0
1967-04-05 00:00:00-05:00,0.0,0.28231266140937805,0.27832237644246105,0.28231266140937805,79200,0.0,0.0
1967-04-06 00:00:00-05:00,0.0,0.2823125050536224,0.27931979298591614,0.27931979298591614,68400,0.0,0.0
1967-04-07 00:00:00-05:00,0.0,0.2843076464320932,0.27931979298591614,0.27931979298591614,98800,0.0,0.0
1967-04-10 00:00:00-05:00,0.0,0.28131511627142963,0.27931997360283795,0.2803175449371338,91200,0.0,0.0
1967-04-11 00:00:00-05:00,0.0,0.28031736367515153,0.2773246516074453,0.27931979298591614,87600,0.0,0.0
1967-04-12 00:00:00-05:00,0.0,0.28031736367515153,0.2773246516074453,0.27931979298591614,57600,0.0,0.0
1967-04-13 00:00:00-05:00,0.0,0.2803176013372278,0.27732488673220396,0.2783224582672119,59200,0.0,0.0
1967-04-14 00:00:00-05:00,0.0,0.2803175449371338,0.2783224022685421,0.2803175449371338,55200,0.0,0.0
1967-04-17 00:00:00-05:00,0.0,0.2803175449371338,0.2783224022685421,0.2803175449371338,77600,0.0,0.0
1967-04-18 00:00:00-05:00,0.0,0.28031736367515153,0.27832222229668074,0.27931979298591614,91200,0.0,0.0
1967-04-19 00:00:00-05:00,0.0,0.28031736367515153,0.27832222229668074,0.27931979298591614,63600,0.0,0.0
1967-04-20 00:00:00-05:00,0.0,0.28031736367515153,0.27832222229668074,0.27931979298591614,54400,0.0,0.0
1967-04-21 00:00:00-05:00,0.0,0.281314934364387,0.27832222229668074,0.27931979298591614,65200,0.0,0.0
1967-04-24 00:00:00-05:00,0.0,0.2833104408379142,0.27932015293878865,0.28131529688835144,90000,0.0,0.0
1967-04-25 00:00:00-05:00,0.0,0.28231286886313284,0.27932015293878865,0.28131529688835144,47200,0.0,0.0
1967-04-26 00:00:00-05:00,0.0,0.2843077480792999,0.2803174638957308,0.2843077480792999,90400,0.0,0.0
1967-04-27 00:00:00-05:00,0.0,0.2873005176180243,0.28031751892591955,0.28231266140937805,106400,0.0,0.0
1967-04-28 00:00:00-05:00,0.0,0.2853053191251922,0.27931989284983855,0.2843077480792999,94800,0.0,0.0
1967-05-01 00:00:00-04:00,0.0,0.287300705909729,0.28231284643212956,0.287300705909729,70000,0.0,0.0
1967-05-02 00:00:00-04:00,0.0,0.289926973342056,0.28689637780189514,0.28689637780189514,64400,0.1125,0.0
1967-05-03 00:00:00-04:00,0.0,0.29093705486337484,0.28689626243471683,0.2899268567562103,52800,0.0,0.0
1967-05-04 00:00:00-04:00,0.0,0.28992704424941745,0.28386585168671186,0.2879066467285156,81200,0.0,0.0
1967-05-05 00:00:00-04:00,0.0,0.2899268455021865,0.2868962512983309,0.2889166474342346,92800,0.0,0.0
1967-05-08 00:00:00-04:00,0.0,0.2909372430098684,0.2879066467285156,0.2879066467285156,64400,0.0,0.0
1967-05-09 00:00:00-04:00,0.0,0.2909370435701384,0.28790644936628274,0.2889166474342346,73600,0.0,0.0
1967-05-10 00:00:00-04:00,0.0,0.2919473838475016,0.28891678816742367,0.2909371852874756,56400,0.0,0.0
1967-05-11 00:00:00-04:00,0.0,0.2929574510777038,0.2899268567562103,0.2899268567562103,58800,0.0,0.0
1967-05-12 00:00:00-04:00,0.0,0.29093705486337484,0.28891665864904587,0.2899268567562103,39600,0.0,0.0
1967-05-15 00:00:00-04:00,0.0,0.2909372430098684,0.2879066467285156,0.2879066467285156,48400,0.0,0.0
1967-05-16 00:00:00-04:00,0.0,0.289926973342056,0.2848759807751213,0.28689637780189514,88000,0.0,0.0
1967-05-17 00:00:00-04:00,0.0,0.28790638063635143,0.28285539150238037,0.28285539150238037,60000,0.0,0.0
1967-05-18 00:00:00-04:00,0.0,0.285885984982763,0.28285539150238037,0.28285539150238037,69600,0.0,0.0
1967-05-19 00:00:00-04:00,0.0,0.285885984982763,0.28285539150238037,0.28285539150238037,67600,0.0,0.0
1967-05-22 00:00:00-04:00,0.0,0.2858863663075218,0.2818455696105957,0.2818455696105957,74400,0.0,0.0
1967-05-23 00:00:00-04:00,0.0,0.2818454397882489,0.279825042370412,0.28083524107933044,61200,0.0,0.0
1967-05-24 00:00:00-04:00,0.0,0.28184539656134416,0.2767944037914276,0.2767944037914276,96400,0.0,0.0
1967-05-25 00:00:00-04:00,0.0,0.2818454891335663,0.2778046935904327,0.2798250913619995,46000,0.0,0.0
1967-05-26 00:00:00-04:00,0.0,0.28184522607109763,0.2757840384136547,0.277804434299469,60800,0.0,0.0
1967-05-29 00:00:00-04:00,0.0,0.27780462151918656,0.2757842242717743,0.2757842242717743,56800,0.0,0.0
1967-05-31 00:00:00-04:00,0.0,0.27780462151918656,0.27477402564806813,0.2757842242717743,52400,0.0,0.0
1967-06-01 00:00:00-04:00,0.0,0.27780460234541093,0.2757842052374443,0.2767944037914276,62400,0.0,0.0
1967-06-02 00:00:00-04:00,0.0,0.27780466029124945,0.27376386523246765,0.27376386523246765,123600,0.0,0.0
1967-06-05 00:00:00-04:00,0.0,0.27477386183898245,0.2697228717316482,0.2717432677745819,69600,0.0,0.0
1967-06-06 00:00:00-04:00,0.0,0.27780449776737776,0.27174330872518043,0.27275350689888,67600,0.0,0.0
1967-06-07 00:00:00-04:00,0.0,0.2747740639971631,0.27275366646777216,0.27376386523246765,54800,0.0,0.0
1967-06-08 00:00:00-04:00,0.0,0.2747740639971631,0.27275366646777216,0.27376386523246765,57200,0.0,0.0
1967-06-09 00:00:00-04:00,0.0,0.2757842627618585,0.27275366646777216,0.27376386523246765,45200,0.0,0.0
1967-06-12 00:00:00-04:00,0.0,0.27679435207563285,0.2727535586146747,0.2747739553451538,60000,0.0,0.0
1967-06-13 00:00:00-04:00,0.0,0.2747740639971631,0.2717434677030767,0.27376386523246765,55600,0.0,0.0
1967-06-14 00:00:00-04:00,0.0,0.2757842627618585,0.2717434677030767,0.27376386523246765,66800,0.0,0.0
1967-06-15 00:00:00-04:00,0.0,0.2737636638175156,0.27073306975311506,0.2717432677745819,56000,0.0,0.0
1967-06-16 00:00:00-04:00,0.0,0.2747739032462791,0.27174330872518043,0.27275350689888,60400,0.0,0.0
1967-06-19 00:00:00-04:00,0.0,0.2747740639971631,0.2717434677030767,0.27376386523246765,86000,0.0,0.0
1967-06-20 00:00:00-04:00,0.0,0.2737637050725795,0.27073311055148086,0.27275350689888,112800,0.0,0.0
1967-06-21 00:00:00-04:00,0.0,0.2737637050725795,0.26972291237778134,0.27275350689888,59600,0.0,0.0
1967-06-22 00:00:00-04:00,0.0,0.2737636523905085,0.2707330584526062,0.2707330584526062,49200,0.0,0.0
1967-06-23 00:00:00-04:00,0.0,0.27275346579604876,0.27073306975311506,0.2717432677745819,56000,0.0,0.0
1967-06-26 00:00:00-04:00,0.0,0.27275367338854567,0.2687128782272339,0.2687128782272339,86000,0.0,0.0
1967-06-27 00:00:00-04:00,0.0,0.2717432677745819,0.26871267371018137,0.2717432677745819,49200,0.0,0.0
1967-06-28 00:00:00-04:00,0.0,0.27275368403852657,0.26871288871943727,0.2697230875492096,46000,0.0,0.0
1967-06-29 00:00:00-04:00,0.0,0.27073327580788975,0.2687128782272339,0.2687128782272339,66800,0.0,0.0
1967-06-30 00:00:00-04:00,0.0,0.27275346579604876,0.27073306975311506,0.2717432677745819,39200,0.0,0.0
1967-07-03 00:00:00-04:00,0.0,0.2747740639971631,0.2717434677030767,0.27376386523246765,54400,0.0,0.0
1967-07-05 00:00:00-04:00,0.0,0.2747740639971631,0.2717434677030767,0.27376386523246765,47200,0.0,0.0
1967-07-06 00:00:00-04:00,0.0,0.2737636523905085,0.2707330584526062,0.2707330584526062,72800,0.0,0.0
1967-07-07 00:00:00-04:00,0.0,0.2747740639971631,0.2717434677030767,0.27376386523246765,48800,0.0,0.0
1967-07-10 00:00:00-04:00,0.0,0.27578410141997867,0.27174330872518043,0.27275350689888,83200,0.0,0.0
1967-07-11 00:00:00-04:00,0.0,0.2747739553451538,0.2717433602494352,0.2747739553451538,56400,0.0,0.0
1967-07-12 00:00:00-04:00,0.0,0.27376386523246765,0.2717434677030767,0.27376386523246765,42000,0.0,0.0
1967-07-13 00:00:00-04:00,0.0,0.2737636638175156,0.27073306975311506,0.2717432677745819,61600,0.0,0.0
1967-07-14 00:00:00-04:00,0.0,0.27376386523246765,0.2707332689383813,0.27376386523246765,60000,0.0,0.0
1967-07-17 00:00:00-04:00,0.0,0.2737636638175156,0.2717432677745819,0.2717432677745819,69200,0.0,0.0
1967-07-18 00:00:00-04:00,0.0,0.2737637050725795,0.27174330872518043,0.27275350689888,58000,0.0,0.0
1967-07-19 00:00:00-04:00,0.0,0.27578415371039333,0.2727535586146747,0.2747739553451538,64000,0.0,0.0
1967-07-20 00:00:00-04:00,0.0,0.2757842627618585,0.27275366646777216,0.27376386523246765,69200,0.0,0.0
1967-07-21 00:00:00-04:00,0.0,0.2757842627618585,0.27275366646777216,0.27376386523246765,63600,0.0,0.0
1967-07-24 00:00:00-04:00,0.0,0.2747740639971631,0.27275366646777216,0.27376386523246765,82000,0.0,0.0
1967-07-25 00:00:00-04:00,0.0,0.27780462151918656,0.27275362840065587,0.2757842242717743,60400,0.0,0.0
1967-07-26 00:00:00-04:00,0.0,0.2788146322423761,0.2757840384136547,0.277804434299469,57600,0.0,0.0
1967-07-27 00:00:00-04:00,0.0,0.2818454891335663,0.2767944947046493,0.2798250913619995,57600,0.0,0.0
1967-07-28 00:00:00-04:00,0.0,0.28083524107933044,0.2778046449525751,0.28083524107933044,52800,0.0,0.0
1967-07-31 00:00:00-04:00,0.0,0.2818454891335663,0.2798250913619995,0.2798250913619995,62400,0.0,0.0
1967-08-01 00:00:00-04:00,0.0,0.2808352173903049,0.2757842242717743,0.2757842242717743,50800,0.0,0.0
1967-08-02 00:00:00-04:00,0.0,0.27881482014289266,0.27477402564806813,0.2757842242717743,53600,0.0,0.0
1967-08-03 00:00:00-04:00,0.0,0.2808353397725285,0.27477414538894873,0.2788149416446686,45600,0.0,0.0
1967-08-04 00:00:00-04:00,0.0,0.27780460234541093,0.2757842052374443,0.2767944037914276,36000,0.0,0.0
1967-08-07 00:00:00-04:00,0.0,0.27881480089939426,0.2757842052374443,0.2767944037914276,42800,0.0,0.0
1967-08-08 00:00:00-04:00,0.0,0.27881482014289266,0.2757842242717743,0.2757842242717743,38800,0.0,0.0
1967-08-09 00:00:00-04:00,0.0,0.2767944037914276,0.2757842052374443,0.2767944037914276,48000,0.0,0.0
1967-08-10 00:00:00-04:00,0.0,0.27881482014289266,0.27477402564806813,0.2757842242717743,38400,0.0,0.0
1967-08-11 00:00:00-04:00,0.0,0.277804434299469,0.2747738404707475,0.277804434299469,48400,0.0,0.0
1967-08-14 00:00:00-04:00,0.0,0.27780462151918656,0.27477402564806813,0.2757842242717743,64000,0.0,0.0
1967-08-15 00:00:00-04:00,0.0,0.27679435207563285,0.2747739553451538,0.2747739553451538,43200,0.0,0.0
1967-08-16 00:00:00-04:00,0.0,0.27679435207563285,0.2747739553451538,0.2747739553451538,71600,0.0,0.0
1967-08-17 00:00:00-04:00,0.0,0.2757842627618585,0.27275366646777216,0.27376386523246765,51200,0.0,0.0
1967-08-18 00:00:00-04:00,0.0,0.2747740639971631,0.27275366646777216,0.27376386523246765,52000,0.0,0.0
1967-08-21 00:00:00-04:00,0.0,0.27679446152655396,0.27376386523246765,0.27376386523246765,60000,0.0,0.0
1967-08-22 00:00:00-04:00,0.0,0.2757842627618585,0.27376386523246765,0.27376386523246765,46800,0.0,0.0
1967-08-23 00:00:00-04:00,0.0,0.2747740639971631,0.27275366646777216,0.27376386523246765,64800,0.0,0.0
1967-08-24 00:00:00-04:00,0.0,0.2747740639971631,0.27376386523246765,0.27376386523246765,34400,0.0,0.0
1967-08-25 00:00:00-04:00,0.0,0.2737636638175156,0.2717432677745819,0.2717432677745819,33600,0.0,0.0
1967-08-28 00:00:00-04:00,0.0,0.2737637050725795,0.27174330872518043,0.27275350689888,40800,0.0,0.0
1967-08-29 00:00:00-04:00,0.0,0.27275346579604876,0.27073306975311506,0.2717432677745819,48800,0.0,0.0
1967-08-30 00:00:00-04:00,0.0,0.27275346579604876,0.27073306975311506,0.2717432677745819,45600,0.0,0.0
1967-08-31 00:00:00-04:00,0.0,0.2737637050725795,0.27073311055148086,0.27275350689888,41600,0.0,0.0
1967-09-01 00:00:00-04:00,0.0,0.2757842627618585,0.2717434677030767,0.27376386523246765,49200,0.0,0.0
1967-09-05 00:00:00-04:00,0.0,0.2767944037914276,0.2737638081294777,0.2767944037914276,46800,0.0,0.0
1967-09-06 00:00:00-04:00,0.0,0.27679435207563285,0.2737637569799143,0.2747739553451538,50000,0.0,0.0
1967-09-07 00:00:00-04:00,0.0,0.2767944037914276,0.27477400668346097,0.2767944037914276,38800,0.0,0.0
1967-09-08 00:00:00-04:00,0.0,0.2767944037914276,0.2737638081294777,0.2767944037914276,63600,0.0,0.0
1967-09-11 00:00:00-04:00,0.0,0.27679446152655396,0.27376386523246765,0.27376386523246765,64800,0.0,0.0
1967-09-12 00:00:00-04:00,0.0,0.27578415371039333,0.2737637569799143,0.2747739553451538,46800,0.0,0.0
1967-09-13 00:00:00-04:00,0.0,0.27578415371039333,0.2727535586146747,0.2747739553451538,60000,0.0,0.0
1967-09-14 00:00:00-04:00,0.0,0.2767944037914276,0.2737638081294777,0.2767944037914276,61600,0.0,0.0
1967-09-15 00:00:00-04:00,0.0,0.2767944037914276,0.27477400668346097,0.2767944037914276,48400,0.0,0.0
1967-09-18 00:00:00-04:00,0.0,0.27679435207563285,0.2747739553451538,0.2747739553451538,84400,0.0,0.0
1967-09-19 00:00:00-04:00,0.0,0.2767944228954804,0.27477402564806813,0.2757842242717743,57600,0.0,0.0
1967-09-20 00:00:00-04:00,0.0,0.27679435207563285,0.2747739553451538,0.2747739553451538,48800,0.0,0.0
1967-09-21 00:00:00-04:00,0.0,0.2757842242717743,0.27477402564806813,0.2757842242717743,66800,0.0,0.0
1967-09-22 00:00:00-04:00,0.0,0.2757842627618585,0.27376386523246765,0.27376386523246765,57600,0.0,0.0
1967-09-25 00:00:00-04:00,0.0,0.2737637050725795,0.27073311055148086,0.27275350689888,105200,0.0,0.0
1967-09-26 00:00:00-04:00,0.0,0.27275345441120774,0.2707330584526062,0.2707330584526062,60000,0.0,0.0
1967-09-27 00:00:00-04:00,0.0,0.27275345441120774,0.2707330584526062,0.2707330584526062,72000,0.0,0.0
1967-09-28 00:00:00-04:00,0.0,0.27275345441120774,0.2707330584526062,0.2707330584526062,54800,0.0,0.0
1967-09-29 00:00:00-04:00,0.0,0.2737636523905085,0.2707330584526062,0.2707330584526062,41600,0.0,0.0
1967-10-02 00:00:00-04:00,0.0,0.2747739032462791,0.27174330872518043,0.27275350689888,44000,0.0,0.0
1967-10-03 00:00:00-04:00,0.0,0.2747740639971631,0.2717434677030767,0.27376386523246765,62800,0.0,0.0
1967-10-04 00:00:00-04:00,0.0,0.28184545535003125,0.2717434677030767,0.27376386523246765,48800,0.0,0.0
1967-10-05 00:00:00-04:00,0.0,0.27477386183898245,0.2717432677745819,0.2717432677745819,52800,0.0,0.0
1967-10-06 00:00:00-04:00,0.0,0.27376386523246765,0.2707332689383813,0.27376386523246765,54800,0.0,0.0
1967-10-09 00:00:00-04:00,0.0,0.2747739032462791,0.27174330872518043,0.27275350689888,71600,0.0,0.0
1967-10-10 00:00:00-04:00,0.0,0.2737636523905085,0.2707330584526062,0.2707330584526062,72000,0.0,0.0
1967-10-11 00:00:00-04:00,0.0,0.27275345441120774,0.2707330584526062,0.2707330584526062,96000,0.0,0.0
1967-10-12 00:00:00-04:00,0.0,0.27174325643190694,0.2707330584526062,0.2707330584526062,55200,0.0,0.0
1967-10-13 00:00:00-04:00,0.0,0.28588625766280895,0.2687128782272339,0.2687128782272339,76800,0.0,0.0
1967-10-16 00:00:00-04:00,0.0,0.2707332863789819,0.26871288871943727,0.2697230875492096,82800,0.0,0.0
1967-10-17 00:00:00-04:00,0.0,0.2707332863789819,0.26871288871943727,0.2697230875492096,72800,0.0,0.0
1967-10-18 00:00:00-04:00,0.0,0.2697230875492096,0.26770268988966495,0.2697230875492096,77600,0.0,0.0
1967-10-19 00:00:00-04:00,0.0,0.2697230770175618,0.26669248064657797,0.2687128782272339,58400,0.0,0.0
1967-10-20 00:00:00-04:00,0.0,0.2687128377410601,0.2666924404648115,0.2677026391029358,93600,0.0,0.0
1967-10-23 00:00:00-04:00,0.0,0.2697230770175618,0.26669248064657797,0.2687128782272339,80800,0.0,0.0
1967-10-24 00:00:00-04:00,0.0,0.2707332863789819,0.26770268988966495,0.2697230875492096,68800,0.0,0.0
1967-10-25 00:00:00-04:00,0.0,0.27275350689888,0.26871271420408177,0.27275350689888,44800,0.0,0.0
1967-10-26 00:00:00-04:00,0.0,0.2737636638175156,0.27073306975311506,0.2717432677745819,57600,0.0,0.0
1967-10-27 00:00:00-04:00,0.0,0.27275367338854567,0.2687128782272339,0.2687128782272339,74000,0.0,0.0
1967-10-30 00:00:00-05:00,0.0,0.27073327580788975,0.2687128782272339,0.2687128782272339,77600,0.0,0.0
1967-10-31 00:00:00-05:00,0.0,0.27342349460179155,0.2703513205051422,0.2703513205051422,70800,0.1125,0.0
1967-11-01 00:00:00-05:00,0.0,0.27137537853735866,0.26932726247292577,0.2703513205051422,58800,0.0,0.0
1967-11-02 00:00:00-05:00,0.0,0.2713753690964369,0.2683031951066659,0.2693272531032562,91200,0.0,0.0
1967-11-03 00:00:00-05:00,0.0,0.270351282449869,0.26625505089759827,0.26625505089759827,79200,0.0,0.0
1967-11-06 00:00:00-05:00,0.0,0.26830316667373366,0.26625505089759827,0.26625505089759827,74400,0.0,0.0
1967-11-08 00:00:00-05:00,0.0,0.26727910878566596,0.26625505089759827,0.26625505089759827,94400,0.0,0.0
1967-11-09 00:00:00-05:00,0.0,0.26625503172246057,0.2642069160938263,0.2642069160938263,61600,0.0,0.0
1967-11-10 00:00:00-05:00,0.0,0.26625505089759827,0.26318287723339523,0.26625505089759827,93200,0.0,0.0
1967-11-13 00:00:00-05:00,0.0,0.2683031473510949,0.2642069160938263,0.2642069160938263,87600,0.0,0.0
1967-11-14 00:00:00-05:00,0.0,0.26625503172246057,0.2631828582795091,0.2642069160938263,63200,0.0,0.0
1967-11-15 00:00:00-05:00,0.0,0.27239944967063695,0.2631829269374199,0.26523104310035706,65200,0.0,0.0
1967-11-16 00:00:00-05:00,0.0,0.2662551011818256,0.26420698501888845,0.26523104310035706,57600,0.0,0.0
1967-11-17 00:00:00-05:00,0.0,0.26625503172246057,0.2631828582795091,0.2642069160938263,69600,0.0,0.0
1967-11-20 00:00:00-05:00,0.0,0.2642071158969449,0.2621589987194492,0.263183057308197,100400,0.0,0.0
1967-11-21 00:00:00-05:00,0.0,0.2642071158969449,0.2621589987194492,0.263183057308197,97200,0.0,0.0
1967-11-22 00:00:00-05:00,0.0,0.2642071158969449,0.263183057308197,0.263183057308197,66000,0.0,0.0
1967-11-24 00:00:00-05:00,0.0,0.2642069160938263,0.26215880046519197,0.2642069160938263,71200,0.0,0.0
1967-11-27 00:00:00-05:00,0.0,0.26420698687434196,0.2621588706970215,0.2621588706970215,104400,0.0,0.0
1967-11-28 00:00:00-05:00,0.0,0.2652311744856927,0.2621589987194492,0.263183057308197,123200,0.0,0.0
1967-11-29 00:00:00-05:00,0.0,0.2652311744856927,0.263183057308197,0.263183057308197,80400,0.0,0.0
1967-11-30 00:00:00-05:00,0.0,0.26420698687434196,0.2621588706970215,0.2621588706970215,71200,0.0,0.0
1967-12-01 00:00:00-05:00,0.0,0.26420698687434196,0.2621588706970215,0.2621588706970215,46800,0.0,0.0
1967-12-04 00:00:00-05:00,0.0,0.2642071158969449,0.2621589987194492,0.263183057308197,79600,0.0,0.0
1967-12-05 00:00:00-05:00,0.0,0.26420698687434196,0.2621588706970215,0.2621588706970215,98800,0.0,0.0
1967-12-06 00:00:00-05:00,0.0,0.2642069160938263,0.26215880046519197,0.2642069160938263,62400,0.0,0.0
1967-12-07 00:00:00-05:00,0.0,0.26318297947154323,0.2601108046138988,0.2611348628997803,86000,0.0,0.0
1967-12-08 00:00:00-05:00,0.0,0.262158761812946,0.25908658882295055,0.26011064648628235,86000,0.0,0.0
1967-12-11 00:00:00-05:00,0.0,0.26113486538330716,0.2580626904964447,0.2580626904964447,103200,0.0,0.0
1967-12-12 00:00:00-05:00,0.0,0.26011080708768636,0.2580626904964447,0.2580626904964447,124400,0.0,0.0
1967-12-13 00:00:00-05:00,0.0,0.26011075638970843,0.25806264019766345,0.2590866982936859,88400,0.0,0.0
1967-12-14 00:00:00-05:00,0.0,0.26011080708768636,0.2580626904964447,0.2580626904964447,86000,0.0,0.0
1967-12-15 00:00:00-05:00,0.0,0.25908670957344937,0.2560145351516298,0.25703859329223633,121200,0.0,0.0
1967-12-18 00:00:00-05:00,0.0,0.2570385746209018,0.2539664004222456,0.25499045848846436,177200,0.0,0.0
1967-12-19 00:00:00-05:00,0.0,0.2560146092399349,0.25191837549209595,0.25191837549209595,162800,0.0,0.0
1967-12-20 00:00:00-05:00,0.0,0.2539664714442573,0.2508942963864639,0.25294241309165955,127200,0.0,0.0
1967-12-21 00:00:00-05:00,0.0,0.25499045848846436,0.25294234235602686,0.25499045848846436,100400,0.0,0.0
1967-12-22 00:00:00-05:00,0.0,0.25499045848846436,0.25294234235602686,0.25499045848846436,107200,0.0,0.0
1967-12-26 00:00:00-05:00,0.0,0.2560145165546831,0.2539664004222456,0.25499045848846436,104800,0.0,0.0
1967-12-27 00:00:00-05:00,0.0,0.2560143768787384,0.25396626186370846,0.2560143768787384,121600,0.0,0.0
1967-12-28 00:00:00-05:00,0.0,0.25703859329223633,0.25396641887041677,0.25703859329223633,136400,0.0,0.0
1967-12-29 00:00:00-05:00,0.0,0.25806265143284285,0.2549904770110233,0.25703859329223633,162000,0.0,0.0
1968-01-02 00:00:00-05:00,0.0,0.26625505089759827,0.2590866456811245,0.26625505089759827,72400,0.0,0.0
1968-01-03 00:00:00-05:00,0.0,0.26625503172246057,0.2631828582795091,0.2642069160938263,67200,0.0,0.0
1968-01-04 00:00:00-05:00,0.0,0.27342358231544495,0.2631829987081249,0.27342358231544495,100400,0.0,0.0
1968-01-05 00:00:00-05:00,0.0,0.28161607382498377,0.27342360622280243,0.2795679569244385,84800,0.0,0.0
1968-01-08 00:00:00-05:00,0.0,0.28059199727329376,0.2764957637364574,0.2775198221206665,78000,0.0,0.0
1968-01-09 00:00:00-05:00,0.0,0.27956776846857634,0.27649559518870187,0.27854371070861816,62400,0.0,0.0
1968-01-10 00:00:00-05:00,0.0,0.27956776846857634,0.2754715374287437,0.27854371070861816,47200,0.0,0.0
1968-01-11 00:00:00-05:00,0.0,0.2785437417296229,0.274447510233599,0.275471568107605,51600,0.0,0.0
1968-01-12 00:00:00-05:00,0.0,0.27854388050487555,0.2744476469680392,0.2775198221206665,47200,0.0,0.0
1968-01-15 00:00:00-05:00,0.0,0.2775196838556169,0.274447510233599,0.275471568107605,51600,0.0,0.0
1968-01-16 00:00:00-05:00,0.0,0.2775195139425772,0.27547139944853605,0.27649545669555664,48800,0.0,0.0
1968-01-17 00:00:00-05:00,0.0,0.27854357118959777,0.27547139944853605,0.27649545669555664,47200,0.0,0.0
1968-01-18 00:00:00-05:00,0.0,0.27854388050487555,0.2764957637364574,0.2775198221206665,40000,0.0,0.0
1968-01-19 00:00:00-05:00,0.0,0.2775195139425772,0.27547139944853605,0.27649545669555664,47200,0.0,0.0
1968-01-22 00:00:00-05:00,0.0,0.27751982212066645,0.2754717053522483,0.2775198221206665,53200,0.0,0.0
1968-01-23 00:00:00-05:00,0.0,0.27854371070861816,0.2754715374287437,0.27854371070861816,68000,0.0,0.0
1968-01-24 00:00:00-05:00,0.0,0.28059190511703497,0.27547161487767297,0.2805919051170349,71600,0.0,0.0
1968-01-25 00:00:00-05:00,0.0,0.2795679569244385,0.2754717231233478,0.2795679569244385,73600,0.0,0.0
1968-01-26 00:00:00-05:00,0.0,0.28264009952545166,0.27854386619899585,0.28264009952545166,56000,0.0,0.0
1968-01-29 00:00:00-05:00,0.0,0.2836641578570656,0.28059198286222375,0.28264009952545166,72000,0.0,0.0
1968-01-30 00:00:00-05:00,0.0,0.28637532013304096,0.28014976969536615,0.28222495317459106,54000,0.1125,0.0
1968-01-31 00:00:00-05:00,0.0,0.28430017828941345,0.28014981072314465,0.28430017828941345,44800,0.0,0.0
1968-02-01 00:00:00-05:00,0.0,0.28326262902069793,0.2811874449253082,0.2811874449253082,42000,0.0,0.0
1968-02-02 00:00:00-05:00,0.0,0.28222490509203374,0.2791121304035186,0.2791121304035187,51200,0.0,0.0
1968-02-05 00:00:00-05:00,0.0,0.28222495317459106,0.28014976969536615,0.28222495317459106,38400,0.0,0.0
1968-02-06 00:00:00-05:00,0.0,0.28326241241561045,0.2801496386528015,0.2801496386528015,44800,0.0,0.0
1968-02-07 00:00:00-05:00,0.0,0.2822248211613408,0.2791120473985319,0.2801496386528015,36800,0.0,0.0
1968-02-08 00:00:00-05:00,0.0,0.2811872299070712,0.2791120473985319,0.2801496386528015,23200,0.0,0.0
1968-02-09 00:00:00-05:00,0.0,0.2811873073675739,0.2780745327472687,0.2780745327472687,46400,0.0,0.0
1968-02-13 00:00:00-05:00,0.0,0.28014982441314185,0.2759994566440582,0.2759994566440582,48400,0.0,0.0
1968-02-14 00:00:00-05:00,0.0,0.27807467617792136,0.2749618999520491,0.2770370841026306,44000,0.0,0.0
1968-02-15 00:00:00-05:00,0.0,0.28014982441314185,0.27496186470178735,0.2759994566440582,48400,0.0,0.0
1968-02-16 00:00:00-05:00,0.0,0.2791122324708709,0.27496186470178735,0.2759994566440582,34400,0.0,0.0
1968-02-19 00:00:00-05:00,0.0,0.2791121242873704,0.2759993496670652,0.2780745327472687,43600,0.0,0.0
1968-02-20 00:00:00-05:00,0.0,0.2791122682532121,0.27599949202733987,0.2770370841026306,56000,0.0,0.0
1968-02-21 00:00:00-05:00,0.0,0.28118731352919535,0.27703694727784195,0.2791121304035187,42800,0.0,0.0
1968-02-23 00:00:00-05:00,0.0,0.28222490509203374,0.2791121304035186,0.2791121304035187,68400,0.0,0.0
1968-02-26 00:00:00-05:00,0.0,0.280149721966357,0.27703694727784195,0.2791121304035187,45600,0.0,0.0
1968-02-27 00:00:00-05:00,0.0,0.2791121304035186,0.27703694727784195,0.2791121304035187,28800,0.0,0.0
1968-02-28 00:00:00-05:00,0.0,0.28118731352919535,0.2780745388406803,0.2791121304035187,39600,0.0,0.0
1968-02-29 00:00:00-05:00,0.0,0.280149721966357,0.27703694727784195,0.2791121304035187,33200,0.0,0.0
1968-03-01 00:00:00-05:00,0.0,0.2780745327472687,0.27496175812696344,0.2780745327472687,50400,0.0,0.0
1968-03-04 00:00:00-05:00,0.0,0.27703703702850774,0.2739242613315582,0.2739242613315582,47200,0.0,0.0
1968-03-05 00:00:00-05:00,0.0,0.2749618474294931,0.2728866636753082,0.2728866636753082,84400,0.0,0.0
1968-03-06 00:00:00-05:00,0.0,0.2749617099761963,0.27288652725939483,0.2749617099761963,50800,0.0,0.0
1968-03-07 00:00:00-05:00,0.0,0.2749618532305414,0.2718490775335919,0.2739242613315582,66800,0.0,0.0
1968-03-08 00:00:00-05:00,0.0,0.27599944512952457,0.27288666943257506,0.2739242613315582,58800,0.0,0.0
1968-03-11 00:00:00-05:00,0.0,0.2739242613315582,0.27081148563460866,0.2739242613315582,62000,0.0,0.0
1968-03-12 00:00:00-05:00,0.0,0.27392412960984325,0.2708113554097314,0.2718489468097687,48400,0.0,0.0
1968-03-13 00:00:00-05:00,0.0,0.2728866159915924,0.26977384090423584,0.26977384090423584,43200,0.0,0.0
1968-03-14 00:00:00-05:00,0.0,0.27081146906130016,0.2645859180483967,0.2656235098838806,157200,0.0,0.0
1968-03-15 00:00:00-05:00,0.0,0.2718489468097687,0.2625106242094331,0.2718489468097687,88400,0.0,0.0
1968-03-18 00:00:00-05:00,0.0,0.27392433429586477,0.267698781243686,0.2708115577697754,65200,0.0,0.0
1968-03-19 00:00:00-05:00,0.0,0.27184914994513854,0.26873637341904916,0.2708115577697754,52000,0.0,0.0
1968-03-20 00:00:00-05:00,0.0,0.26977389475553654,0.26666111904681883,0.2687363028526306,76000,0.0,0.0
1968-03-21 00:00:00-05:00,0.0,0.2687364414276316,0.26666125655174255,0.26666125655174255,42400,0.0,0.0
1968-03-22 00:00:00-05:00,0.0,0.2718490785613484,0.26769871094972475,0.2687363028526306,44400,0.0,0.0
1968-03-25 00:00:00-05:00,0.0,0.2728866159915924,0.26873624920845035,0.26977384090423584,44000,0.0,0.0
1968-03-26 00:00:00-05:00,0.0,0.27184914994513854,0.26873637341904916,0.2708115577697754,47200,0.0,0.0
1968-03-27 00:00:00-05:00,0.0,0.27081148665844246,0.26769871094972475,0.2687363028526306,48000,0.0,0.0
1968-03-28 00:00:00-05:00,0.0,0.27392420768737796,0.26562347412109377,0.26977384090423584,318800,0.0,0.0
1968-03-29 00:00:00-05:00,0.0,0.27184914994513854,0.26873637341904916,0.2708115577697754,121600,0.0,0.0
1968-04-01 00:00:00-05:00,0.0,0.28014982441314185,0.2739242727595165,0.2759994566440582,110800,0.0,0.0
1968-04-02 00:00:00-05:00,0.0,0.2770370841026306,0.27392430787675837,0.2770370841026306,74400,0.0,0.0
1968-04-03 00:00:00-05:00,0.0,0.2811872299070712,0.275999273635723,0.2801496386528015,86000,0.0,0.0
1968-04-04 00:00:00-05:00,0.0,0.2811872299070712,0.27703686488999263,0.2801496386528015,58800,0.0,0.0
1968-04-05 00:00:00-05:00,0.0,0.2811872581266007,0.2749617099761963,0.2749617099761963,72000,0.0,0.0
1968-04-08 00:00:00-05:00,0.0,0.28014971582747217,0.27496175812696344,0.2780745327472687,70000,0.0,0.0
1968-04-10 00:00:00-05:00,0.0,0.2822248211613408,0.2780744561442623,0.2801496386528015,109200,0.0,0.0
1968-04-11 00:00:00-05:00,0.0,0.28014986032850286,0.2770370841026306,0.2770370841026306,62000,0.0,0.0
1968-04-15 00:00:00-05:00,0.0,0.2801496386528015,0.27703686488999263,0.2801496386528015,92800,0.0,0.0
1968-04-16 00:00:00-05:00,0.0,0.2811874449253082,0.27807466878222364,0.2811874449253082,47600,0.0,0.0
1968-04-17 00:00:00-05:00,0.0,0.28118731352919535,0.2791121304035186,0.2791121304035187,56400,0.0,0.0
1968-04-18 00:00:00-05:00,0.0,0.2822248211613408,0.2791120473985319,0.2801496386528015,64400,0.0,0.0
1968-04-19 00:00:00-05:00,0.0,0.2811872299070712,0.2780744561442623,0.2801496386528015,77200,0.0,0.0
1968-04-22 00:00:00-05:00,0.0,0.28014971582747217,0.2780745327472687,0.2780745327472687,83200,0.0,0.0
1968-04-23 00:00:00-05:00,0.0,0.28014971582747217,0.27703694120716693,0.2780745327472687,41200,0.0,0.0
1968-04-24 00:00:00-05:00,0.0,0.2811872299070712,0.2780744561442623,0.2801496386528015,74000,0.0,0.0
1968-04-25 00:00:00-05:00,0.0,0.280149721966357,0.2780745388406803,0.2791121304035187,59200,0.0,0.0
1968-04-26 00:00:00-05:00,0.0,0.2811874449253082,0.27807466878222364,0.2811874449253082,51200,0.0,0.0
1968-04-29 00:00:00-04:00,0.0,0.28504112362861633,0.2818856868356796,0.28504112362861633,67600,0.1145,0.0
1968-04-30 00:00:00-04:00,0.0,0.28504121148453326,0.28188577371902185,0.28293758630752563,64000,0.0,0.0
1968-05-01 00:00:00-04:00,0.0,0.28398948682928987,0.276626796430012,0.2787304222583771,88000,0.0,0.0
1968-05-02 00:00:00-04:00,0.0,0.2839893329279504,0.2745230218303521,0.2766266465187073,82400,0.0,0.0
1968-05-03 00:00:00-04:00,0.0,0.28083404530429473,0.2713677291704421,0.2724195420742035,110800,0.0,0.0
1968-05-06 00:00:00-04:00,0.0,0.2745229290081905,0.27136749304257907,0.2734711170196533,70800,0.0,0.0
1968-05-07 00:00:00-04:00,0.0,0.2745231678817263,0.27031591626668067,0.2724195420742035,136800,0.0,0.0
1968-05-08 00:00:00-04:00,0.0,0.2724194518586462,0.2692640141923298,0.2713676393032074,52800,0.0,0.0
1968-05-09 00:00:00-04:00,0.0,0.2713676983280404,0.269264072759606,0.27031588554382324,74800,0.0,0.0
1968-05-10 00:00:00-04:00,0.0,0.2713676983280404,0.269264072759606,0.27031588554382324,50400,0.0,0.0
1968-05-13 00:00:00-04:00,0.0,0.2713676677085459,0.2692640423774719,0.2692640423774719,52800,0.0,0.0
1968-05-14 00:00:00-04:00,0.0,0.2713676393032074,0.2692640141923298,0.2713676393032074,56800,0.0,0.0
1968-05-15 00:00:00-04:00,0.0,0.2713676677085459,0.2692640423774719,0.2692640423774719,60400,0.0,0.0
1968-05-16 00:00:00-04:00,0.0,0.27241951111225765,0.269264072759606,0.27031588554382324,52800,0.0,0.0
1968-05-17 00:00:00-04:00,0.0,0.2724194518586462,0.2692640141923298,0.2713676393032074,68000,0.0,0.0
1968-05-20 00:00:00-04:00,0.0,0.2724194518586462,0.2692640141923298,0.2713676393032074,75600,0.0,0.0
1968-05-21 00:00:00-04:00,0.0,0.2713676393032074,0.2692640141923298,0.2713676393032074,75600,0.0,0.0
1968-05-22 00:00:00-04:00,0.0,0.2724194518586462,0.2703158267477686,0.2713676393032074,70400,0.0,0.0
1968-05-23 00:00:00-04:00,0.0,0.2713676983280404,0.269264072759606,0.27031588554382324,68400,0.0,0.0
1968-05-24 00:00:00-04:00,0.0,0.2724194518586462,0.2692640141923298,0.2713676393032074,67600,0.0,0.0
1968-05-27 00:00:00-04:00,0.0,0.27241951111225765,0.27031588554382324,0.27031588554382324,64800,0.0,0.0
1968-05-28 00:00:00-04:00,0.0,0.2713676677085459,0.2692640423774719,0.2692640423774719,81600,0.0,0.0
1968-05-29 00:00:00-04:00,0.0,0.2713676983280404,0.269264072759606,0.27031588554382324,53200,0.0,0.0
1968-05-31 00:00:00-04:00,0.0,0.27452307696952377,0.2703158267477686,0.2713676393032074,58000,0.0,0.0
1968-06-03 00:00:00-04:00,0.0,0.2745231678817263,0.2713677291704421,0.2724195420742035,67200,0.0,0.0
1968-06-04 00:00:00-04:00,0.0,0.27241951111225765,0.27031588554382324,0.27031588554382324,92400,0.0,0.0
1968-06-05 00:00:00-04:00,0.0,0.27557488952496256,0.2692640141923298,0.2713676393032074,93600,0.0,0.0
1968-06-06 00:00:00-04:00,0.0,0.2724194803740829,0.2692640423774719,0.2692640423774719,113600,0.0,0.0
1968-06-07 00:00:00-04:00,0.0,0.27241951111225765,0.269264072759606,0.27031588554382324,56400,0.0,0.0
1968-06-10 00:00:00-04:00,0.0,0.2713676393032074,0.2692640141923298,0.2713676393032074,78400,0.0,0.0
1968-06-11 00:00:00-04:00,0.0,0.2713676393032074,0.2692640141923298,0.2713676393032074,78800,0.0,0.0
1968-06-13 00:00:00-04:00,0.0,0.2713676393032074,0.2692640141923298,0.2713676393032074,132400,0.0,0.0
1968-06-14 00:00:00-04:00,0.0,0.2724194518586462,0.2703158267477686,0.2713676393032074,79200,0.0,0.0
1968-06-17 00:00:00-04:00,0.0,0.27662688470891605,0.27136781845969715,0.2745232582092285,84000,0.0,0.0
1968-06-18 00:00:00-04:00,0.0,0.28293758630752563,0.27557489818799896,0.28293758630752563,109600,0.0,0.0
1968-06-20 00:00:00-04:00,0.0,0.28504121148453326,0.2776785233650066,0.28293758630752563,147200,0.0,0.0
1968-06-21 00:00:00-04:00,0.0,0.28504112362861633,0.2808338745713674,0.28504112362861633,86000,0.0,0.0
1968-06-24 00:00:00-04:00,0.0,0.28609293589292856,0.28293749909999183,0.28504112362861633,67200,0.0,0.0
1968-06-25 00:00:00-04:00,0.0,0.2860930263996124,0.2839894012054976,0.2860930263996124,86400,0.0,0.0
1968-06-27 00:00:00-04:00,0.0,0.2892483726858653,0.28504112362861633,0.28504112362861633,106400,0.0,0.0
1968-06-28 00:00:00-04:00,0.0,0.2871447481572408,0.2818856868356796,0.28504112362861633,71200,0.0,0.0
1968-07-01 00:00:00-04:00,0.0,0.29030027985572815,0.2871448420312094,0.29030027985572815,91600,0.0,0.0
1968-07-02 00:00:00-04:00,0.0,0.29345574910692174,0.2903003109444817,0.2924039363861084,84400,0.0,0.0
1968-07-03 00:00:00-04:00,0.0,0.29766297340393066,0.29240391026958557,0.29766297340393066,61200,0.0,0.0
1968-07-08 00:00:00-04:00,0.0,0.2987150556252096,0.2945078013206292,0.2955596148967743,95200,0.0,0.0
1968-07-09 00:00:00-04:00,0.0,0.29766300257216105,0.2934557516524132,0.2966111898422241,79200,0.0,0.0
1968-07-11 00:00:00-04:00,0.0,0.2966111585497856,0.29450753331184387,0.29450753331184387,93200,0.0,0.0
1968-07-12 00:00:00-04:00,0.0,0.2966111898422241,0.29450756438235015,0.2966111898422241,44000,0.0,0.0
1968-07-15 00:00:00-04:00,0.0,0.2966114284729194,0.2945078013206292,0.2955596148967743,60000,0.0,0.0
1968-07-16 00:00:00-04:00,0.0,0.2966111898422241,0.2934557516524132,0.2966111898422241,62400,0.0,0.0
1968-07-18 00:00:00-04:00,0.0,0.29661115550476574,0.29030027985572815,0.29030027985572815,73200,0.0,0.0
1968-07-19 00:00:00-04:00,0.0,0.2945075618277351,0.2892484982236684,0.2924039363861084,52800,0.0,0.0
1968-07-22 00:00:00-04:00,0.0,0.2924039640130788,0.2871448999121241,0.28819671273231506,41600,0.0,0.0
1968-07-23 00:00:00-04:00,0.0,0.2913520016453483,0.28819656480442396,0.28924837708473206,46800,0.0,0.0
1968-07-25 00:00:00-04:00,0.0,0.2913520016453483,0.28819656480442396,0.28924837708473206,92000,0.0,0.0
1968-07-26 00:00:00-04:00,0.0,0.29555934593081473,0.28819665759801866,0.29450753331184387,73200,0.0,0.0
1968-07-29 00:00:00-04:00,0.0,0.29514684105094097,0.290884792804718,0.290884792804718,65200,0.1125,0.0
1968-07-30 00:00:00-04:00,0.0,0.2951469021862832,0.2908848530572394,0.2940813899040222,42400,0.0,0.0
1968-08-01 00:00:00-04:00,0.0,0.2940813289893852,0.28981928074316227,0.290884792804718,66400,0.0,0.0
1968-08-02 00:00:00-04:00,0.0,0.29301581692782946,0.28981928074316227,0.290884792804718,37600,0.0,0.0
1968-08-05 00:00:00-04:00,0.0,0.2930158572475406,0.28981932062302196,0.2919503450393677,36000,0.0,0.0
1968-08-06 00:00:00-04:00,0.0,0.29195030486627377,0.28981928074316227,0.290884792804718,38000,0.0,0.0
1968-08-08 00:00:00-04:00,0.0,0.29195030486627377,0.2887537686816065,0.290884792804718,74000,0.0,0.0
1968-08-09 00:00:00-04:00,0.0,0.2908846328363699,0.2898191213607788,0.2898191213607788,42000,0.0,0.0
1968-08-12 00:00:00-04:00,0.0,0.2919503450393677,0.28875380841484904,0.2919503450393677,33200,0.0,0.0
1968-08-13 00:00:00-04:00,0.0,0.2908846328363699,0.2887536098851877,0.2898191213607788,42800,0.0,0.0
1968-08-15 00:00:00-04:00,0.0,0.291950144311961,0.2887536098851877,0.2898191213607788,60400,0.0,0.0
1968-08-16 00:00:00-04:00,0.0,0.2908846106794145,0.28768807649612427,0.28768807649612427,37600,0.0,0.0
1968-08-19 00:00:00-04:00,0.0,0.28981909928498445,0.28662256510169415,0.28768807649612427,48400,0.0,0.0
1968-08-20 00:00:00-04:00,0.0,0.28981909928498445,0.28662256510169415,0.28768807649612427,52800,0.0,0.0
1968-08-22 00:00:00-04:00,0.0,0.28981923879743954,0.28662270307540894,0.28662270307540894,61200,0.0,0.0
1968-08-23 00:00:00-04:00,0.0,0.2887536585330963,0.286622635222889,0.2887536585330963,52400,0.0,0.0
1968-08-26 00:00:00-04:00,0.0,0.28875358789055433,0.28662256510169415,0.28768807649612427,57200,0.0,0.0
1968-08-27 00:00:00-04:00,0.0,0.28875374638322576,0.28555721044540405,0.28555721044540405,64400,0.0,0.0
1968-08-29 00:00:00-04:00,0.0,0.28768823440395186,0.28555721044540405,0.28555721044540405,60400,0.0,0.0
1968-08-30 00:00:00-04:00,0.0,0.2876882149827525,0.28555719116806544,0.28662270307540894,32800,0.0,0.0
1968-09-03 00:00:00-04:00,0.0,0.28875358789055433,0.28662256510169415,0.28768807649612427,51600,0.0,0.0
1968-09-04 00:00:00-04:00,0.0,0.28768807649612427,0.28662256510169415,0.28768807649612427,50000,0.0,0.0
1968-09-05 00:00:00-04:00,0.0,0.28768823440395186,0.28555721044540405,0.28555721044540405,51600,0.0,0.0
1968-09-06 00:00:00-04:00,0.0,0.2876882149827525,0.28555719116806544,0.28662270307540894,61200,0.0,0.0
1968-09-09 00:00:00-04:00,0.0,0.28768807649612427,0.2855570537072641,0.28768807649612427,66800,0.0,0.0
1968-09-10 00:00:00-04:00,0.0,0.28768823440395186,0.28555721044540405,0.28555721044540405,57200,0.0,0.0
1968-09-12 00:00:00-04:00,0.0,0.28768825397062836,0.28449171781539917,0.28449171781539917,58400,0.0,0.0
1968-09-13 00:00:00-04:00,0.0,0.2855572298671422,0.28342620576365607,0.28449171781539917,68000,0.0,0.0
1968-09-16 00:00:00-04:00,0.0,0.28555721044540405,0.2834261864868563,0.28555721044540405,38400,0.0,0.0
1968-09-17 00:00:00-04:00,0.0,0.2855572494349085,0.2834262251853943,0.2834262251853943,59200,0.0,0.0
1968-09-19 00:00:00-04:00,0.0,0.28662274191888526,0.28342620576365607,0.28449171781539917,100800,0.0,0.0
1968-09-20 00:00:00-04:00,0.0,0.2855572298671422,0.28342620576365607,0.28449171781539917,50800,0.0,0.0
1968-09-23 00:00:00-04:00,0.0,0.2855572494349085,0.2834262251853943,0.2834262251853943,35200,0.0,0.0
1968-09-24 00:00:00-04:00,0.0,0.2855572494349085,0.2834262251853943,0.2834262251853943,60800,0.0,0.0
1968-09-26 00:00:00-04:00,0.0,0.28662272242467796,0.2844916984661302,0.28555721044540405,90000,0.0,0.0
1968-09-27 00:00:00-04:00,0.0,0.28662270307540894,0.2844916792607219,0.28662270307540894,69200,0.0,0.0
1968-09-30 00:00:00-04:00,0.0,0.28662274191888526,0.28449171781539917,0.28449171781539917,101200,0.0,0.0
1968-10-01 00:00:00-04:00,0.0,0.28662272242467796,0.2844916984661302,0.28555721044540405,68800,0.0,0.0
1968-10-03 00:00:00-04:00,0.0,0.2876882149827525,0.28555719116806544,0.28662270307540894,68000,0.0,0.0
1968-10-04 00:00:00-04:00,0.0,0.2876882149827525,0.28555719116806544,0.28662270307540894,123600,0.0,0.0
1968-10-07 00:00:00-04:00,0.0,0.2876882149827525,0.28555719116806544,0.28662270307540894,76800,0.0,0.0
1968-10-08 00:00:00-04:00,0.0,0.28768823440395186,0.28555721044540405,0.28555721044540405,127200,0.0,0.0
1968-10-10 00:00:00-04:00,0.0,0.2876882149827525,0.2844916792607219,0.28662270307540894,13600,0.0,0.0
1968-10-11 00:00:00-04:00,0.0,0.28768825397062836,0.28449171781539917,0.28449171781539917,95600,0.0,0.0
1968-10-14 00:00:00-04:00,0.0,0.2855572298671422,0.28342620576365607,0.28449171781539917,76000,0.0,0.0
1968-10-15 00:00:00-04:00,0.0,0.2855572494349085,0.2834262251853943,0.2834262251853943,88800,0.0,0.0
1968-10-17 00:00:00-04:00,0.0,0.28449171781539917,0.282360693711913,0.28449171781539917,102400,0.0,0.0
1968-10-18 00:00:00-04:00,0.0,0.28555721044540405,0.2834261864868563,0.28555721044540405,76000,0.0,0.0
1968-10-21 00:00:00-04:00,0.0,0.2876882149827525,0.2844916792607219,0.28662270307540894,96000,0.0,0.0
1968-10-22 00:00:00-04:00,0.0,0.28875358789055433,0.28662256510169415,0.28768807649612427,82800,0.0,0.0
1968-10-24 00:00:00-04:00,0.0,0.28981909928498445,0.2855570537072641,0.28768807649612427,136800,0.0,0.0
1968-10-25 00:00:00-04:00,0.0,0.28768823440395186,0.28555721044540405,0.28555721044540405,137200,0.0,0.0
1968-10-28 00:00:00-05:00,0.0,0.289445247865261,0.28620518912050064,0.2872852087020874,90800,0.1125,0.0
1968-10-29 00:00:00-05:00,0.0,0.28836542176750474,0.28620538115501404,0.28620538115501404,87200,0.0,0.0
1968-10-31 00:00:00-05:00,0.0,0.28836546601219615,0.28512540459632874,0.28512540459632874,72800,0.0,0.0
1968-11-01 00:00:00-05:00,0.0,0.2872854455402403,0.28512540459632874,0.28512540459632874,101600,0.0,0.0
1968-11-04 00:00:00-05:00,0.0,0.2894452944230497,0.2851252154018102,0.28836527466773987,76400,0.0,0.0
1968-11-06 00:00:00-05:00,0.0,0.28836542176750474,0.28620538115501404,0.28620538115501404,68400,0.0,0.0
1968-11-07 00:00:00-05:00,0.0,0.28836542176750474,0.28620538115501404,0.28620538115501404,50800,0.0,0.0
1968-11-08 00:00:00-05:00,0.0,0.2894452944230497,0.2862052351571201,0.28836527466773987,71600,0.0,0.0
1968-11-12 00:00:00-05:00,0.0,0.29160535046413766,0.2872852711980023,0.28944531083106995,89600,0.0,0.0
1968-11-13 00:00:00-05:00,0.0,0.29160535046413766,0.2883652910145361,0.28944531083106995,88800,0.0,0.0
1968-11-14 00:00:00-05:00,0.0,0.2926850865099953,0.28944503020176654,0.29052504897117615,100400,0.0,0.0
1968-11-15 00:00:00-05:00,0.0,0.29268525353184455,0.28944519537466545,0.29160523414611816,106800,0.0,0.0
1968-11-18 00:00:00-05:00,0.0,0.2991656787204046,0.29160553521483484,0.2959256172180176,135600,0.0,0.0
1968-11-19 00:00:00-05:00,0.0,0.300245443907651,0.2948453459956429,0.29700538516044617,91200,0.0,0.0
1968-11-21 00:00:00-05:00,0.0,0.3002456992212003,0.2948455967172219,0.2959256172180176,114000,0.0,0.0
1968-11-22 00:00:00-05:00,0.0,0.2991654243252494,0.29592536557804455,0.29700538516044617,71600,0.0,0.0
1968-11-25 00:00:00-05:00,0.0,0.3002456992212003,0.2959256172180176,0.2959256172180176,74400,0.0,0.0
1968-11-26 00:00:00-05:00,0.0,0.29700538177629965,0.29268530349591715,0.2948453426361084,102000,0.0,0.0
1968-11-27 00:00:00-05:00,0.0,0.29592538891683207,0.292685329914093,0.292685329914093,61200,0.0,0.0
1968-11-29 00:00:00-05:00,0.0,0.29484544562942844,0.2916053857873468,0.29376542568206787,79200,0.0,0.0
1968-12-02 00:00:00-05:00,0.0,0.2937653900972053,0.2883652910145361,0.28944531083106995,84800,0.0,0.0
1968-12-03 00:00:00-05:00,0.0,0.2916050677405857,0.28620497389353783,0.29052504897117615,87200,0.0,0.0
1968-12-05 00:00:00-05:00,0.0,0.28944544207375006,0.2851253608487687,0.28620538115501404,130800,0.0,0.0
1968-12-06 00:00:00-05:00,0.0,0.289445247865261,0.2851251695389138,0.2872852087020874,95200,0.0,0.0
1968-12-09 00:00:00-05:00,0.0,0.29052504897117615,0.2872849926629474,0.29052504897117615,120000,0.0,0.0
1968-12-10 00:00:00-05:00,0.0,0.289445247865261,0.2872852087020874,0.2872852087020874,61600,0.0,0.0
1968-12-12 00:00:00-05:00,0.0,0.289445247865261,0.2851251695389138,0.2872852087020874,128400,0.0,0.0
1968-12-13 00:00:00-05:00,0.0,0.2872854455402403,0.28404538412437297,0.28512540459632874,127200,0.0,0.0
1968-12-16 00:00:00-05:00,0.0,0.28836542176750474,0.2851253608487687,0.28620538115501404,97200,0.0,0.0
1968-12-17 00:00:00-05:00,0.0,0.28836546601219615,0.28404538412437297,0.28512540459632874,105200,0.0,0.0
1968-12-19 00:00:00-05:00,0.0,0.2862052591128041,0.282965199575678,0.2840452194213867,132400,0.0,0.0
1968-12-20 00:00:00-05:00,0.0,0.2872854455402403,0.28404538412437297,0.28512540459632874,59200,0.0,0.0
1968-12-23 00:00:00-05:00,0.0,0.2872854455402403,0.28404538412437297,0.28512540459632874,81200,0.0,0.0
1968-12-24 00:00:00-05:00,0.0,0.28620542506828456,0.28404538412437297,0.28512540459632874,56400,0.0,0.0
1968-12-26 00:00:00-05:00,0.0,0.28620538115501404,0.2851253608487687,0.28620538115501404,57200,0.0,0.0
1968-12-27 00:00:00-05:00,0.0,0.2872854455402403,0.28512540459632874,0.28512540459632874,48400,0.0,0.0
1968-12-30 00:00:00-05:00,0.0,0.2872854014612594,0.2851253608487687,0.28620538115501404,104000,0.0,0.0
1968-12-31 00:00:00-05:00,0.0,0.2872852087020874,0.28404514995732705,0.2872852087020874,109600,0.0,0.0
1969-01-02 00:00:00-05:00,0.0,0.29052533064760383,0.2862052513814684,0.28944531083106995,50000,0.0,0.0
1969-01-03 00:00:00-05:00,0.0,0.29052533064760383,0.2872852711980023,0.28944531083106995,54800,0.0,0.0
1969-01-06 00:00:00-05:00,0.0,0.29160535046413766,0.2883652910145361,0.28944531083106995,84000,0.0,0.0
1969-01-07 00:00:00-05:00,0.0,0.2926850865099953,0.28944503020176654,0.29052504897117615,100400,0.0,0.0
1969-01-08 00:00:00-05:00,0.0,0.29268525353184455,0.28944519537466545,0.29160523414611816,68800,0.0,0.0
1969-01-09 00:00:00-05:00,0.0,0.2937652729175709,0.2905252147603918,0.29160523414611816,73200,0.0,0.0
1969-01-10 00:00:00-05:00,0.0,0.29484544562942844,0.2916053857873468,0.29376542568206787,78000,0.0,0.0
1969-01-13 00:00:00-05:00,0.0,0.2980855054715101,0.29376542568206787,0.29376542568206787,63200,0.0,0.0
1969-01-14 00:00:00-05:00,0.0,0.2970056377188133,0.2937655762164262,0.2959256172180176,62800,0.0,0.0
1969-01-15 00:00:00-05:00,0.0,0.2970054855241495,0.29376542568206787,0.29376542568206787,86400,0.0,0.0
1969-01-16 00:00:00-05:00,0.0,0.295925362206204,0.2937653230660128,0.2948453426361084,65600,0.0,0.0
1969-01-17 00:00:00-05:00,0.0,0.29484536924925236,0.292685329914093,0.292685329914093,44800,0.0,0.0
1969-01-20 00:00:00-05:00,0.0,0.29484544562942844,0.2916053857873468,0.29376542568206787,49600,0.0,0.0
1969-01-21 00:00:00-05:00,0.0,0.29484536924925236,0.2916053102465133,0.292685329914093,60800,0.0,0.0
1969-01-22 00:00:00-05:00,0.0,0.2948453426361084,0.29268530349591715,0.2948453426361084,55600,0.0,0.0
1969-01-23 00:00:00-05:00,0.0,0.295925362206204,0.2937653230660128,0.2948453426361084,56400,0.0,0.0
1969-01-24 00:00:00-05:00,0.0,0.295925362206204,0.2937653230660128,0.2948453426361084,42800,0.0,0.0
1969-01-27 00:00:00-05:00,0.0,0.2970056377188133,0.2948455967172219,0.2959256172180176,54000,0.0,0.0
1969-01-28 00:00:00-05:00,0.0,0.2970056377188133,0.2948455967172219,0.2959256172180176,72800,0.0,0.0
1969-01-29 00:00:00-05:00,0.0,0.30132560314034385,0.29700552280858267,0.30024558305740356,94800,0.0,0.0
1969-01-30 00:00:00-05:00,0.0,0.3034855127334595,0.2991654342603853,0.3034855127334595,73200,0.0,0.0
1969-01-31 00:00:00-05:00,0.0,0.3067255150724215,0.3024054373953452,0.30564549565315247,144800,0.0,0.0
1969-02-03 00:00:00-05:00,0.0,0.30848958236830576,0.3030199089220592,0.30630171298980713,90000,0.1125,0.0
1969-02-04 00:00:00-05:00,0.0,0.30739590525627136,0.3041140984385887,0.30739590525627136,56400,0.0,0.0
1969-02-05 00:00:00-05:00,0.0,0.30849004496810256,0.3052082359790802,0.3052082359790802,60800,0.0,0.0
1969-02-06 00:00:00-05:00,0.0,0.30849004496810256,0.3052082359790802,0.3052082359790802,60000,0.0,0.0
1969-02-07 00:00:00-05:00,0.0,0.30739594031152107,0.30411413311958313,0.30411413311958313,54400,0.0,0.0
1969-02-11 00:00:00-05:00,0.0,0.3052082359790802,0.303020363319732,0.3052082359790802,44000,0.0,0.0
1969-02-12 00:00:00-05:00,0.0,0.3052080688502291,0.3030201973889371,0.30411413311958313,46000,0.0,0.0
1969-02-13 00:00:00-05:00,0.0,0.3052082359790802,0.303020363319732,0.3052082359790802,82400,0.0,0.0
1969-02-14 00:00:00-05:00,0.0,0.3063020045808751,0.30411413311958313,0.30411413311958313,46800,0.0,0.0
1969-02-17 00:00:00-05:00,0.0,0.3052079418431157,0.3019261360168457,0.3019261360168457,49200,0.0,0.0
1969-02-18 00:00:00-05:00,0.0,0.30411416855725376,0.3008323609828949,0.3008323609828949,69200,0.0,0.0
1969-02-19 00:00:00-05:00,0.0,0.3019261360168457,0.2975503949151523,0.3019261360168457,86400,0.0,0.0
1969-02-20 00:00:00-05:00,0.0,0.3008323429274733,0.2975505355500827,0.29973840713500977,47600,0.0,0.0
1969-02-24 00:00:00-05:00,0.0,0.2986441075137114,0.2942683696746826,0.2942683696746826,81200,0.0,0.0
1969-02-25 00:00:00-05:00,0.0,0.296456238594197,0.2931744352149255,0.2942683696746826,69200,0.0,0.0
1969-02-26 00:00:00-05:00,0.0,0.2964564674430423,0.29317466153038874,0.29536253213882446,46800,0.0,0.0
1969-02-27 00:00:00-05:00,0.0,0.2975504027472602,0.2942685968346066,0.29536253213882446,59600,0.0,0.0
1969-02-28 00:00:00-05:00,0.0,0.2986443380514781,0.29536253213882446,0.29536253213882446,52400,0.0,0.0
1969-03-03 00:00:00-05:00,0.0,0.2975504027472602,0.2942685968346066,0.29536253213882446,40000,0.0,0.0
1969-03-04 00:00:00-05:00,0.0,0.2964564674430423,0.29317466153038874,0.29536253213882446,54400,0.0,0.0
1969-03-05 00:00:00-05:00,0.0,0.2986443380514781,0.29536253213882446,0.29536253213882446,44000,0.0,0.0
1969-03-06 00:00:00-05:00,0.0,0.2986442966874675,0.29426855607666214,0.2964564263820648,36400,0.0,0.0
1969-03-07 00:00:00-05:00,0.0,0.2964564674430423,0.29317466153038874,0.29536253213882446,46800,0.0,0.0
1969-03-10 00:00:00-05:00,0.0,0.29755036153476616,0.29426855607666214,0.2964564263820648,43600,0.0,0.0
1969-03-11 00:00:00-05:00,0.0,0.2986443752751631,0.29536256895345797,0.2975504398345947,45200,0.0,0.0
1969-03-12 00:00:00-05:00,0.0,0.2986443752751631,0.29536256895345797,0.2975504398345947,62800,0.0,0.0
1969-03-13 00:00:00-05:00,0.0,0.29755036153476616,0.2953624912293635,0.2964564263820648,46400,0.0,0.0
1969-03-14 00:00:00-05:00,0.0,0.296456238594197,0.2942683696746826,0.2942683696746826,43200,0.0,0.0
1969-03-17 00:00:00-05:00,0.0,0.29536258484890215,0.292080778350581,0.29317471385002136,59200,0.0,0.0
1969-03-18 00:00:00-05:00,0.0,0.29426860083801465,0.2909867948807134,0.29208073019981384,57200,0.0,0.0
1969-03-19 00:00:00-05:00,0.0,0.29208073019981384,0.289892859561613,0.29208073019981384,59200,0.0,0.0
1969-03-20 00:00:00-05:00,0.0,0.29426864934946173,0.2909868428511406,0.29317471385002136,44800,0.0,0.0
1969-03-21 00:00:00-05:00,0.0,0.29536253213882446,0.2920807262261709,0.29536253213882446,47200,0.0,0.0
1969-03-24 00:00:00-05:00,0.0,0.2964564674430423,0.29317466153038874,0.29536253213882446,32000,0.0,0.0
1969-03-25 00:00:00-05:00,0.0,0.2953623041344398,0.2942683696746826,0.2942683696746826,54000,0.0,0.0
1969-03-26 00:00:00-05:00,0.0,0.2953623041344398,0.2931744352149255,0.2942683696746826,52400,0.0,0.0
1969-03-27 00:00:00-05:00,0.0,0.2953623041344398,0.2931744352149255,0.2942683696746826,53600,0.0,0.0
1969-03-28 00:00:00-05:00,0.0,0.296456238594197,0.2920805007551683,0.2942683696746826,91600,0.0,0.0
1969-04-01 00:00:00-05:00,0.0,0.2953623041344398,0.2931744352149255,0.2942683696746826,84800,0.0,0.0
1969-04-02 00:00:00-05:00,0.0,0.29755036153476616,0.2953624912293635,0.2964564263820648,57200,0.0,0.0
1969-04-03 00:00:00-05:00,0.0,0.29755036153476616,0.2953624912293635,0.2964564263820648,50800,0.0,0.0
1969-04-07 00:00:00-05:00,0.0,0.2964564674430423,0.2920807262261709,0.29536253213882446,114400,0.0,0.0
1969-04-08 00:00:00-05:00,0.0,0.2942683696746826,0.2909865662954111,0.2942683696746826,99600,0.0,0.0
1969-04-09 00:00:00-05:00,0.0,0.2953623041344398,0.2931744352149255,0.2942683696746826,55200,0.0,0.0
1969-04-10 00:00:00-05:00,0.0,0.2953623041344398,0.2920805007551683,0.2942683696746826,96400,0.0,0.0
1969-04-11 00:00:00-05:00,0.0,0.29426864934946173,0.2909868428511406,0.29317471385002136,89200,0.0,0.0
1969-04-14 00:00:00-05:00,0.0,0.2964564674430423,0.29317466153038874,0.29536253213882446,69600,0.0,0.0
1969-04-15 00:00:00-05:00,0.0,0.29755036153476616,0.2953624912293635,0.2964564263820648,58400,0.0,0.0
1969-04-16 00:00:00-05:00,0.0,0.2975504027472602,0.2942685968346066,0.29536253213882446,66000,0.0,0.0
1969-04-17 00:00:00-05:00,0.0,0.2975504398345947,0.29536256895345797,0.2975504398345947,42400,0.0,0.0
1969-04-18 00:00:00-05:00,0.0,0.29755036153476616,0.2953624912293635,0.2964564263820648,46000,0.0,0.0
1969-04-21 00:00:00-05:00,0.0,0.2975504398345947,0.29536256895345797,0.2975504398345947,66400,0.0,0.0
1969-04-22 00:00:00-05:00,0.0,0.29755036153476616,0.2964564263820648,0.2964564263820648,66400,0.0,0.0
1969-04-23 00:00:00-05:00,0.0,0.2975504027472602,0.29536253213882446,0.29536253213882446,82400,0.0,0.0
1969-04-24 00:00:00-05:00,0.0,0.2975504027472602,0.29536253213882446,0.29536253213882446,50400,0.0,0.0
1969-04-25 00:00:00-05:00,0.0,0.2975504398345947,0.29536256895345797,0.2975504398345947,66800,0.0,0.0
1969-04-28 00:00:00-04:00,0.0,0.3015414308618616,0.2971069980550695,0.2993242144584656,66000,0.1125,0.0
1969-04-29 00:00:00-04:00,0.0,0.300432685151029,0.29710686206817627,0.29710686206817627,54400,0.0,0.0
1969-04-30 00:00:00-04:00,0.0,0.29932402655980844,0.29710681154825436,0.29821541905403137,58000,0.0,0.0
1969-05-01 00:00:00-04:00,0.0,0.2993242144584656,0.2971069980550695,0.2993242144584656,60800,0.0,0.0
1969-05-02 00:00:00-04:00,0.0,0.29932402655980844,0.29710681154825436,0.29821541905403137,59600,0.0,0.0
1969-05-05 00:00:00-04:00,0.0,0.2993240774567448,0.2948896466796078,0.29710686206817627,54800,0.0,0.0
1969-05-06 00:00:00-04:00,0.0,0.2982155421846791,0.2948897182941437,0.2948897182941437,86000,0.0,0.0
1969-05-07 00:00:00-04:00,0.0,0.2971069857759296,0.2937811613082886,0.2937811613082886,287600,0.0,0.0
1969-05-08 00:00:00-04:00,0.0,0.2959983262576555,0.2937811103306318,0.2948897182941437,62400,0.0,0.0
1969-05-09 00:00:00-04:00,0.0,0.2948897182941437,0.29267250236712,0.2948897182941437,54000,0.0,0.0
1969-05-12 00:00:00-04:00,0.0,0.2948899711623336,0.2926727533340454,0.2926727533340454,56000,0.0,0.0
1969-05-13 00:00:00-04:00,0.0,0.2948897182941437,0.29267250236712,0.2948897182941437,62400,0.0,0.0
1969-05-14 00:00:00-04:00,0.0,0.29488976946416895,0.2937811613082886,0.2937811613082886,72800,0.0,0.0
1969-05-15 00:00:00-04:00,0.0,0.2948897182941437,0.29267250236712,0.2948897182941437,61200,0.0,0.0
1969-05-16 00:00:00-04:00,0.0,0.2948899711623336,0.2926727533340454,0.2926727533340454,44800,0.0,0.0
1969-05-19 00:00:00-04:00,0.0,0.2948897182941437,0.2937811103306318,0.2948897182941437,37600,0.0,0.0
1969-05-20 00:00:00-04:00,0.0,0.2948899711623336,0.2926727533340454,0.2926727533340454,50800,0.0,0.0
1969-05-21 00:00:00-04:00,0.0,0.2948897182941437,0.29267250236712,0.2948897182941437,62000,0.0,0.0
1969-05-22 00:00:00-04:00,0.0,0.2948899711623336,0.2926727533340454,0.2926727533340454,49200,0.0,0.0
1969-05-23 00:00:00-04:00,0.0,0.2948899711623336,0.2926727533340454,0.2926727533340454,110000,0.0,0.0
1969-05-26 00:00:00-04:00,0.0,0.2948899711623336,0.2926727533340454,0.2926727533340454,43200,0.0,0.0
1969-05-27 00:00:00-04:00,0.0,0.2948897182941437,0.29267250236712,0.2948897182941437,39600,0.0,0.0
1969-05-28 00:00:00-04:00,0.0,0.2937811613082886,0.2904553368406476,0.2937811613082886,69200,0.0,0.0
1969-05-29 00:00:00-04:00,0.0,0.29378126442659036,0.2904554387915724,0.29156404733657837,37200,0.0,0.0
1969-06-02 00:00:00-04:00,0.0,0.2937813622481895,0.2904555355057572,0.2926727533340454,50800,0.0,0.0
1969-06-03 00:00:00-04:00,0.0,0.29156404733657837,0.2893468302465664,0.29156404733657837,44400,0.0,0.0
1969-06-04 00:00:00-04:00,0.0,0.29156388968001795,0.28934667378891515,0.29045528173446655,56800,0.0,0.0
1969-06-05 00:00:00-04:00,0.0,0.29267249762556935,0.28934667378891515,0.29045528173446655,57600,0.0,0.0
1969-06-06 00:00:00-04:00,0.0,0.29156385093813203,0.28823802754340044,0.2893466353416443,45600,0.0,0.0
1969-06-09 00:00:00-04:00,0.0,0.29045524313988813,0.28823802754340044,0.2893466353416443,50000,0.0,0.0
1969-06-10 00:00:00-04:00,0.0,0.2893466353416443,0.28823802754340044,0.2893466353416443,57200,0.0,0.0
1969-06-11 00:00:00-04:00,0.0,0.2893466863494653,0.28712947036211306,0.2882380783557892,53600,0.0,0.0
1969-06-12 00:00:00-04:00,0.0,0.28823826331572777,0.28491243720054626,0.28491243720054626,46800,0.0,0.0
1969-06-13 00:00:00-04:00,0.0,0.28712965461066725,0.2838038284954858,0.28491243720054626,69600,0.0,0.0
1969-06-16 00:00:00-04:00,0.0,0.28712958632968366,0.2838037610054016,0.2838037610054016,41200,0.0,0.0
1969-06-17 00:00:00-04:00,0.0,0.2860210459056068,0.2838038284954858,0.28491243720054626,48000,0.0,0.0
1969-06-18 00:00:00-04:00,0.0,0.2871294231839882,0.2849122075609458,0.28602081537246704,48000,0.0,0.0
1969-06-19 00:00:00-04:00,0.0,0.2860209778882563,0.2838037610054016,0.2838037610054016,50800,0.0,0.0
1969-06-20 00:00:00-04:00,0.0,0.2860209778882563,0.2838037610054016,0.2838037610054016,69200,0.0,0.0
1969-06-23 00:00:00-04:00,0.0,0.2838037884424603,0.2793693542480469,0.2793693542480469,84000,0.0,0.0
1969-06-24 00:00:00-04:00,0.0,0.2838037610054016,0.2793693272396922,0.2838037610054016,63200,0.0,0.0
1969-06-25 00:00:00-04:00,0.0,0.28491243720054626,0.28269521979042533,0.28491243720054626,73600,0.0,0.0
1969-06-26 00:00:00-04:00,0.0,0.2860209394903744,0.281586506319981,0.28269511461257935,81600,0.0,0.0
1969-06-27 00:00:00-04:00,0.0,0.28491236944682896,0.28047793568111956,0.2838037610054016,49200,0.0,0.0
1969-06-30 00:00:00-04:00,0.0,0.2860209778882563,0.2815865441225469,0.2838037610054016,52000,0.0,0.0
1969-07-01 00:00:00-04:00,0.0,0.28491236944682896,0.28269515256397426,0.2838037610054016,48400,0.0,0.0
1969-07-02 00:00:00-04:00,0.0,0.28491243720054626,0.2815866110853648,0.28491243720054626,41200,0.0,0.0
1969-07-03 00:00:00-04:00,0.0,0.2860209778882563,0.2838037610054016,0.2838037610054016,55200,0.0,0.0
1969-07-07 00:00:00-04:00,0.0,0.28823803099550943,0.2849122075609458,0.28602081537246704,43600,0.0,0.0
1969-07-08 00:00:00-04:00,0.0,0.29045529434314143,0.286020862368437,0.2882380783557892,48800,0.0,0.0
1969-07-09 00:00:00-04:00,0.0,0.28823824923010866,0.28602103192833855,0.28712964057922363,40000,0.0,0.0
1969-07-10 00:00:00-04:00,0.0,0.28712965461066725,0.28491243720054626,0.28491243720054626,62000,0.0,0.0
1969-07-11 00:00:00-04:00,0.0,0.28712958632968366,0.2838037610054016,0.2838037610054016,63600,0.0,0.0
1969-07-14 00:00:00-04:00,0.0,0.2871294231839882,0.28380359974942465,0.28602081537246704,70400,0.0,0.0
1969-07-15 00:00:00-04:00,0.0,0.2860210459056068,0.2838038284954858,0.28491243720054626,50800,0.0,0.0
1969-07-16 00:00:00-04:00,0.0,0.2860210459056068,0.2838038284954858,0.28491243720054626,46400,0.0,0.0
1969-07-17 00:00:00-04:00,0.0,0.28602081537246704,0.28380359974942465,0.28602081537246704,46800,0.0,0.0
1969-07-18 00:00:00-04:00,0.0,0.28491236944682896,0.2838037610054016,0.2838037610054016,42400,0.0,0.0
1969-07-22 00:00:00-04:00,0.0,0.28491233119777604,0.281586506319981,0.28269511461257935,40000,0.0,0.0
1969-07-23 00:00:00-04:00,0.0,0.28380377461591105,0.28158655762672424,0.28158655762672424,46800,0.0,0.0
1969-07-24 00:00:00-04:00,0.0,0.28380377461591105,0.28158655762672424,0.28158655762672424,43200,0.0,0.0
1969-07-25 00:00:00-04:00,0.0,0.2860209778882563,0.2815865441225469,0.2838037610054016,55200,0.0,0.0
1969-07-28 00:00:00-04:00,0.0,0.2833540230633253,0.2788563401575582,0.28222960233688354,133600,0.1125,0.0
1969-07-29 00:00:00-04:00,0.0,0.2799807456208438,0.27548306296026803,0.276607483625412,58000,0.0,0.0
1969-07-30 00:00:00-04:00,0.0,0.2766073812715343,0.27210970027524917,0.2743585407733917,97200,0.0,0.0
1969-07-31 00:00:00-04:00,0.0,0.27885639667510986,0.2721098709490991,0.27885639667510986,66000,0.0,0.0
1969-08-01 00:00:00-04:00,0.0,0.2822295869511317,0.276607483625412,0.276607483625412,63600,0.0,0.0
1969-08-04 00:00:00-04:00,0.0,0.27773180152060556,0.27323412052432045,0.2743585407733917,82000,0.0,0.0
1969-08-05 00:00:00-04:00,0.0,0.2743586267178484,0.27098536491394043,0.27098536491394043,77200,0.0,0.0
1969-08-06 00:00:00-04:00,0.0,0.27098536491394043,0.26986094431263774,0.27098536491394043,154000,0.0,0.0
1969-08-07 00:00:00-04:00,0.0,0.2709854706111601,0.2653633654117584,0.2653633654117584,100400,0.0,0.0
1969-08-08 00:00:00-04:00,0.0,0.26648777494063747,0.26199009097539466,0.2631145119667053,167600,0.0,0.0
1969-08-11 00:00:00-04:00,0.0,0.26311437152485995,0.26086553074259616,0.261989951133728,170800,0.0,0.0
1969-08-12 00:00:00-04:00,0.0,0.26086546649103576,0.2586166262626648,0.2586166262626648,93200,0.0,0.0
1969-08-13 00:00:00-04:00,0.0,0.2608654797077179,0.256367799023102,0.2608654797077179,90800,0.0,0.0
1969-08-14 00:00:00-04:00,0.0,0.26086557788766307,0.25749231610463297,0.2597411572933197,89200,0.0,0.0
1969-08-15 00:00:00-04:00,0.0,0.2597410463768503,0.2563677860342938,0.2586166262626648,105600,0.0,0.0
1969-08-18 00:00:00-04:00,0.0,0.26086548336765225,0.2563678026199341,0.2563678026199341,102000,0.0,0.0
1969-08-19 00:00:00-04:00,0.0,0.2597409946168875,0.2552433150564219,0.25749215483665466,162400,0.0,0.0
1969-08-20 00:00:00-04:00,0.0,0.2586167295773824,0.2529946267604828,0.2529946267604828,117600,0.0,0.0
1969-08-21 00:00:00-04:00,0.0,0.2597410463768503,0.2541189458059228,0.2586166262626648,62000,0.0,0.0
1969-08-22 00:00:00-04:00,0.0,0.26311437152485995,0.2597411103514643,0.261989951133728,130400,0.0,0.0
1969-08-25 00:00:00-04:00,0.0,0.26086541450700385,0.25749215483665466,0.25749215483665466,83200,0.0,0.0
1969-08-26 00:00:00-04:00,0.0,0.2597409946168875,0.25636773494653825,0.25749215483665466,54800,0.0,0.0
1969-08-27 00:00:00-04:00,0.0,0.2586166262626648,0.2563677860342938,0.2586166262626648,54000,0.0,0.0
1969-08-28 00:00:00-04:00,0.0,0.25861664299379317,0.2563678026199341,0.2563678026199341,76400,0.0,0.0
1969-08-29 00:00:00-04:00,0.0,0.25861664299379317,0.2563678026199341,0.2563678026199341,58000,0.0,0.0
1969-09-02 00:00:00-04:00,0.0,0.25861664299379317,0.2563678026199341,0.2563678026199341,57200,0.0,0.0
1969-09-03 00:00:00-04:00,0.0,0.25861664299379317,0.2563678026199341,0.2563678026199341,58800,0.0,0.0
1969-09-04 00:00:00-04:00,0.0,0.2563678026199341,0.25411896224607505,0.2563678026199341,78000,0.0,0.0
1969-09-05 00:00:00-04:00,0.0,0.2541191463491746,0.2518703043460846,0.2518703043460846,164400,0.0,0.0
1969-09-08 00:00:00-04:00,0.0,0.25299461433171155,0.24962135280728873,0.2507457733154297,100000,0.0,0.0
1969-09-09 00:00:00-04:00,0.0,0.24962136149406436,0.24737252039952323,0.24962136149406433,78400,0.0,0.0
1969-09-10 00:00:00-04:00,0.0,0.24962142421440642,0.24737258255481717,0.2473725825548172,94000,0.0,0.0
1969-09-11 00:00:00-04:00,0.0,0.2484968856934014,0.24399920450438056,0.24512362480163574,152800,0.0,0.0
1969-09-12 00:00:00-04:00,0.0,0.2462481284197771,0.23837718367576596,0.238377183675766,210400,0.0,0.0
1969-09-15 00:00:00-04:00,0.0,0.23950160435348186,0.23500392164261835,0.238377183675766,194800,0.0,0.0
1969-09-16 00:00:00-04:00,0.0,0.2417502850294113,0.23837702523830323,0.24175028502941132,116000,0.0,0.0
1969-09-17 00:00:00-04:00,0.0,0.24062602503119773,0.2372527629980501,0.238377183675766,196000,0.0,0.0
1969-09-18 00:00:00-04:00,0.0,0.23950165254729136,0.2350039689313798,0.23612838983535767,278000,0.0,0.0
1969-09-19 00:00:00-04:00,0.0,0.2361285187410966,0.2338796757054671,0.23500409722328186,187200,0.0,0.0
1969-09-22 00:00:00-04:00,0.0,0.23500381590087632,0.23275497555732727,0.23275497555732727,121600,0.0,0.0
1969-09-23 00:00:00-04:00,0.0,0.2338793957291018,0.23163055538555274,0.23275497555732727,202400,0.0,0.0
1969-09-24 00:00:00-04:00,0.0,0.2361285187410966,0.2316308326698376,0.23500409722328186,187600,0.0,0.0
1969-09-25 00:00:00-04:00,0.0,0.2361285187410966,0.2338796757054671,0.23500409722328186,157600,0.0,0.0
1969-09-26 00:00:00-04:00,0.0,0.23500380751032093,0.23387938737869263,0.23387938737869263,190000,0.0,0.0
1969-09-29 00:00:00-04:00,0.0,0.2361283898353577,0.232755127123424,0.23612838983535767,168400,0.0,0.0
1969-09-30 00:00:00-04:00,0.0,0.23950160435348186,0.23500392164261835,0.238377183675766,120800,0.0,0.0
1969-10-01 00:00:00-04:00,0.0,0.24062596261501315,0.23725270145685876,0.24062596261501312,131600,0.0,0.0
1969-10-02 00:00:00-04:00,0.0,0.2395014315843582,0.23725259185117173,0.23950143158435822,129600,0.0,0.0
1969-10-03 00:00:00-04:00,0.0,0.24287496507167816,0.23837728053331375,0.24287496507167816,137200,0.0,0.0
1969-10-06 00:00:00-04:00,0.0,0.24624804509889098,0.24175036390987012,0.24512362480163574,118400,0.0,0.0
1969-10-07 00:00:00-04:00,0.0,0.24737247398921425,0.24287479264395578,0.24399921298027039,92800,0.0,0.0
1969-10-08 00:00:00-04:00,0.0,0.24512363331658502,0.24287479264395578,0.24399921298027039,82000,0.0,0.0
1969-10-09 00:00:00-04:00,0.0,0.24399938620626926,0.24175054393708706,0.24287496507167816,76000,0.0,0.0
1969-10-10 00:00:00-04:00,0.0,0.24512380734086037,0.24175054393708706,0.24287496507167816,94400,0.0,0.0
1969-10-13 00:00:00-04:00,0.0,0.24624823033809665,0.24399938805190396,0.24624823033809662,79600,0.0,0.0
1969-10-14 00:00:00-04:00,0.0,0.24737258255481717,0.24399932006543332,0.2473725825548172,96400,0.0,0.0
1969-10-15 00:00:00-04:00,0.0,0.25749215483665466,0.2462479559354907,0.25749215483665466,78800,0.0,0.0
1969-10-16 00:00:00-04:00,0.0,0.25749235150572486,0.2518702477610584,0.2552435100078583,84800,0.0,0.0
1969-10-17 00:00:00-04:00,0.0,0.25749235150572486,0.2529946685099917,0.2552435100078583,66400,0.0,0.0
1969-10-20 00:00:00-04:00,0.0,0.25749215483665466,0.25299447527618907,0.25749215483665466,65600,0.0,0.0
1969-10-21 00:00:00-04:00,0.0,0.2586165747267711,0.25299447527618907,0.25749215483665466,68800,0.0,0.0
1969-10-22 00:00:00-04:00,0.0,0.2597410631807227,0.2563678026199341,0.2563678026199341,102800,0.0,0.0
1969-10-23 00:00:00-04:00,0.0,0.2597409946168875,0.2552433150564219,0.25749215483665466,94000,0.0,0.0
1969-10-24 00:00:00-04:00,0.0,0.2586166262626648,0.25524336592010827,0.2586166262626648,71600,0.0,0.0
1969-10-27 00:00:00-05:00,0.0,0.2597409946168875,0.25636773494653825,0.25749215483665466,78800,0.0,0.0
1969-10-28 00:00:00-05:00,0.0,0.25861675101043907,0.25411906838417053,0.25411906838417053,70800,0.0,0.0
1969-10-29 00:00:00-05:00,0.0,0.25749235150572486,0.2529946685099917,0.2552435100078583,76400,0.0,0.0
1969-10-30 00:00:00-05:00,0.0,0.2574922228068636,0.25411896224607505,0.2563678026199341,55600,0.0,0.0
1969-10-31 00:00:00-05:00,0.0,0.257053246369233,0.25362586975097656,0.25362586975097656,86800,0.1125,0.0
1969-11-03 00:00:00-05:00,0.0,0.25362600622133974,0.2513410872463727,0.2524835467338562,58800,0.0,0.0
1969-11-04 00:00:00-05:00,0.0,0.25248352831436527,0.24677123129367828,0.24677123129367828,98400,0.0,0.0
1969-11-05 00:00:00-05:00,0.0,0.2490562226640464,0.24677130319006432,0.24791376292705536,70400,0.0,0.0
1969-11-06 00:00:00-05:00,0.0,0.25019868240103743,0.24677130319006432,0.24791376292705536,84400,0.0,0.0
1969-11-07 00:00:00-05:00,0.0,0.2490561501019531,0.24677123129367828,0.24677123129367828,80400,0.0,0.0
1969-11-10 00:00:00-05:00,0.0,0.2490562226640464,0.24677130319006432,0.24791376292705536,76800,0.0,0.0
1969-11-11 00:00:00-05:00,0.0,0.25019872188568115,0.24677134213382249,0.25019872188568115,60400,0.0,0.0
1969-11-12 00:00:00-05:00,0.0,0.25019868240103743,0.24791376292705536,0.24791376292705536,59200,0.0,0.0
1969-11-13 00:00:00-05:00,0.0,0.2490561501019531,0.24677123129367828,0.24677123129367828,91200,0.0,0.0
1969-11-14 00:00:00-05:00,0.0,0.2490561501019531,0.24562877188954088,0.24677123129367828,93600,0.0,0.0
1969-11-17 00:00:00-05:00,0.0,0.2467712036398954,0.24334382581156355,0.2456287443637848,72800,0.0,0.0
1969-11-18 00:00:00-05:00,0.0,0.24562862675602193,0.24334370929782637,0.24448616802692413,63200,0.0,0.0
1969-11-19 00:00:00-05:00,0.0,0.24562862675602193,0.2422012505687286,0.24448616802692413,56800,0.0,0.0
1969-11-20 00:00:00-05:00,0.0,0.2456287637422902,0.24220138564356056,0.24334384500980377,86800,0.0,0.0
1969-11-21 00:00:00-05:00,0.0,0.24448629159410043,0.24220137298107147,0.24220137298107147,72400,0.0,0.0
1969-11-24 00:00:00-05:00,0.0,0.24334389716386798,0.23991651833057406,0.23991651833057404,116000,0.0,0.0
1969-11-25 00:00:00-05:00,0.0,0.241058709661356,0.23763133464247418,0.23877379298210144,116800,0.0,0.0
1969-11-26 00:00:00-05:00,0.0,0.2387739888464029,0.23763152956962585,0.23763152956962585,88800,0.0,0.0
1969-11-28 00:00:00-05:00,0.0,0.24220143755277,0.2376315991083781,0.23991651833057404,97200,0.0,0.0
1969-12-01 00:00:00-05:00,0.0,0.23991644812317997,0.23648907029284882,0.23763152956962585,114400,0.0,0.0
1969-12-02 00:00:00-05:00,0.0,0.23763159409310053,0.2353466749191284,0.23534667491912842,104800,0.0,0.0
1969-12-03 00:00:00-05:00,0.0,0.23648906175683185,0.2330616840502111,0.23420414328575134,101200,0.0,0.0
1969-12-04 00:00:00-05:00,0.0,0.23420434629563056,0.22963450539230118,0.23077696561813354,143600,0.0,0.0
1969-12-05 00:00:00-05:00,0.0,0.23420414328575134,0.2307767655791306,0.23420414328575134,123600,0.0,0.0
1969-12-08 00:00:00-05:00,0.0,0.23420412149002304,0.2284918258439249,0.22963428497314453,140000,0.0,0.0
1969-12-09 00:00:00-05:00,0.0,0.23077674410236415,0.2284918258439249,0.22963428497314453,158400,0.0,0.0
1969-12-10 00:00:00-05:00,0.0,0.23077674410236415,0.2284918258439249,0.22963428497314453,112800,0.0,0.0
1969-12-11 00:00:00-05:00,0.0,0.23191920323158377,0.2284918258439249,0.22963428497314453,130400,0.0,0.0
1969-12-12 00:00:00-05:00,0.0,0.23306188606979822,0.22849204516646884,0.23077696561813354,106400,0.0,0.0
1969-12-15 00:00:00-05:00,0.0,0.23191942584396588,0.22849204516646884,0.23077696561813354,124000,0.0,0.0
1969-12-16 00:00:00-05:00,0.0,0.23077674410236415,0.2284918258439249,0.22963428497314453,234400,0.0,0.0
1969-12-17 00:00:00-05:00,0.0,0.23077696561813354,0.22849204516646884,0.23077696561813354,162400,0.0,0.0
1969-12-18 00:00:00-05:00,0.0,0.23191913962364197,0.22849176317600192,0.23191913962364197,148800,0.0,0.0
1969-12-19 00:00:00-05:00,0.0,0.23420405725540197,0.22963422199188194,0.23191913962364197,240400,0.0,0.0
1969-12-22 00:00:00-05:00,0.0,0.23306159843952198,0.23077668080776195,0.23191913962364197,140400,0.0,0.0
1969-12-23 00:00:00-05:00,0.0,0.23306167125701904,0.230776752911362,0.23306167125701904,137200,0.0,0.0
1969-12-24 00:00:00-05:00,0.0,0.2353466025212916,0.2307767655791306,0.23420414328575134,130400,0.0,0.0
1969-12-26 00:00:00-05:00,0.0,0.23534658960267607,0.2319192120841905,0.23306167125701904,88000,0.0,0.0
1969-12-29 00:00:00-05:00,0.0,0.23420413042984756,0.2319192120841905,0.23306167125701904,263200,0.0,0.0
1969-12-30 00:00:00-05:00,0.0,0.23420413042984756,0.230776752911362,0.23306167125701904,188400,0.0,0.0
1969-12-31 00:00:00-05:00,0.0,0.23534658960267607,0.2319192120841905,0.23306167125701904,256000,0.0,0.0
1970-01-02 00:00:00-05:00,0.2342041778481669,0.24677123129367828,0.2342041778481669,0.24677123129367828,73200,0.0,0.0
1970-01-05 00:00:00-05:00,0.249056072500017,0.25705328583717346,0.249056072500017,0.25705328583717346,130800,0.0,0.0
1970-01-06 00:00:00-05:00,0.257053246369233,0.2616230818602416,0.24905603425996797,0.25362586975097656,312400,0.0,0.0
1970-01-07 00:00:00-05:00,0.25248364172025356,0.25248364172025356,0.24905626196839492,0.25019872188568115,51600,0.0,0.0
1970-01-08 00:00:00-05:00,0.25019872188568115,0.2536261016375398,0.24905626196839492,0.25019872188568115,79200,0.0,0.0
1970-01-09 00:00:00-05:00,0.2501986277588892,0.2524835467338562,0.24905616827140567,0.2524835467338562,45600,0.0,0.0
1970-01-12 00:00:00-05:00,0.25248347426002676,0.25248347426002676,0.2501985559409315,0.2513410151004791,51200,0.0,0.0
1970-01-13 00:00:00-05:00,0.25134104074433794,0.25134104074433794,0.2456287443637848,0.2456287443637848,136800,0.0,0.0
1970-01-14 00:00:00-05:00,0.2456287443637848,0.24791366291600606,0.24334382581156355,0.2456287443637848,61600,0.0,0.0
1970-01-15 00:00:00-05:00,0.2456288163860639,0.2456288163860639,0.23991651833057406,0.23991651833057404,85200,0.0,0.0
1970-01-16 00:00:00-05:00,0.23991625132172872,0.241058709661356,0.23763133464247418,0.23877379298210144,158000,0.0,0.0
1970-01-19 00:00:00-05:00,0.23991633311053304,0.24448616802692413,0.23991633311053304,0.24448616802692413,56000,0.0,0.0
1970-01-20 00:00:00-05:00,0.24448642229925008,0.25019872188568115,0.24220150246467764,0.25019872188568115,93600,0.0,0.0
1970-01-21 00:00:00-05:00,0.24905612219211667,0.24905612219211667,0.2456287443637848,0.2456287443637848,86800,0.0,0.0
1970-01-22 00:00:00-05:00,0.2456287443637848,0.2456287443637848,0.24334382581156355,0.2456287443637848,70000,0.0,0.0
1970-01-23 00:00:00-05:00,0.24562877188954088,0.2479136906978157,0.2433438530812661,0.24677123129367828,60000,0.0,0.0
1970-01-26 00:00:00-05:00,0.24677119725341098,0.24905611574649814,0.24677119725341098,0.2490561157464981,59600,0.0,0.0
1970-01-27 00:00:00-05:00,0.2490562226640464,0.2524836018750195,0.24677130319006432,0.24791376292705536,74000,0.0,0.0
1970-01-28 00:00:00-05:00,0.24791354421421746,0.24905600294331526,0.24334370929782637,0.24448616802692413,53200,0.0,0.0
1970-01-29 00:00:00-05:00,0.24448627876032386,0.24905611574649814,0.2422013602672367,0.2490561157464981,53600,0.0,0.0
1970-01-30 00:00:00-05:00,0.2490561501019531,0.2490561501019531,0.24562877188954088,0.24677123129367828,44400,0.0,0.0
1970-02-02 00:00:00-05:00,0.2478083670139313,0.25010288893072696,0.2443665841387378,0.24780836701393127,50800,0.02825,0.0
1970-02-03 00:00:00-05:00,0.24780825811011767,0.24895551856433118,0.24436647674747713,0.24551373720169067,33200,0.0,0.0
1970-02-04 00:00:00-05:00,0.24551384509713564,0.2478083670139313,0.24551384509713564,0.24780836701393127,35200,0.0,0.0
1970-02-05 00:00:00-05:00,0.24666099765590416,0.24666099765590416,0.24321921629326365,0.24551373720169067,56400,0.0,0.0
1970-02-06 00:00:00-05:00,0.24551374690477237,0.24666100740432736,0.24321922590566233,0.2466610074043274,37600,0.0,0.0
1970-02-09 00:00:00-05:00,0.24666100740432736,0.24666100740432736,0.24436648640521735,0.2466610074043274,59200,0.0,0.0
1970-02-10 00:00:00-05:00,0.24666100740432736,0.24666100740432736,0.24436648640521735,0.2466610074043274,34800,0.0,0.0
1970-02-11 00:00:00-05:00,0.24666099765590416,0.24666099765590416,0.24436647674747713,0.24551373720169067,40000,0.0,0.0
1970-02-12 00:00:00-05:00,0.24551371243638054,0.2466609727748683,0.2443664520978928,0.24436645209789276,35200,0.0,0.0
1970-02-13 00:00:00-05:00,0.2443665073946189,0.2455137679927157,0.2420719861984253,0.2420719861984253,61600,0.0,0.0
1970-02-16 00:00:00-05:00,0.2420719861984253,0.2455137679927157,0.2409247256003285,0.2420719861984253,44800,0.0,0.0
1970-02-17 00:00:00-05:00,0.2420718771106792,0.24551365735395903,0.24092461702958595,0.24321913719177246,36800,0.0,0.0
1970-02-18 00:00:00-05:00,0.2432191371917725,0.24551365735395903,0.2420718771106792,0.24321913719177246,47200,0.0,0.0
1970-02-19 00:00:00-05:00,0.24321921629326365,0.24666099765590416,0.24321921629326365,0.24551373720169067,30400,0.0,0.0
1970-02-20 00:00:00-05:00,0.24551374690477237,0.24666100740432736,0.24321922590566233,0.2466610074043274,59200,0.0,0.0
1970-02-24 00:00:00-05:00,0.24666099765590416,0.24666099765590416,0.24436647674747713,0.24551373720169067,56400,0.0,0.0
1970-02-25 00:00:00-05:00,0.24551384509713564,0.24895562797232912,0.24551384509713564,0.24780836701393127,72400,0.0,0.0
1970-02-26 00:00:00-05:00,0.2478083670139313,0.25010288893072696,0.2478083670139313,0.24780836701393127,44800,0.0,0.0
1970-02-27 00:00:00-05:00,0.24895563504912638,0.25239741802215576,0.24895563504912638,0.25239741802215576,42000,0.0,0.0
1970-03-02 00:00:00-05:00,0.2523973678571606,0.2546918893831348,0.2512501070941735,0.2535446286201477,56000,0.0,0.0
1970-03-03 00:00:00-05:00,0.25354469735343177,0.25583921950142663,0.25239743627943434,0.2546919584274292,48800,0.0,0.0
1970-03-04 00:00:00-05:00,0.2546918771963204,0.2592809200286865,0.25239735578013733,0.2592809200286865,60000,0.0,0.0
1970-03-05 00:00:00-05:00,0.25928090087005073,0.2604281614933695,0.2569863796234131,0.2569863796234131,71600,0.0,0.0
1970-03-06 00:00:00-05:00,0.25698651968096403,0.25813378092953976,0.2546919971838126,0.2558392584323883,75200,0.0,0.0
1970-03-09 00:00:00-05:00,0.25583911900009426,0.2569863796234131,0.2546918583767755,0.2569863796234131,35200,0.0,0.0
1970-03-10 00:00:00-05:00,0.25698651968096403,0.25698651968096403,0.2546919971838126,0.2558392584323883,28400,0.0,0.0
1970-03-11 00:00:00-05:00,0.2558392584323883,0.25813378092953976,0.2546919971838126,0.2558392584323883,41200,0.0,0.0
1970-03-12 00:00:00-05:00,0.2558392584323883,0.25698651968096403,0.2546919971838126,0.2558392584323883,30800,0.0,0.0
1970-03-13 00:00:00-05:00,0.2558392584323883,0.2558392584323883,0.2546919971838126,0.2558392584323883,32000,0.0,0.0
1970-03-16 00:00:00-05:00,0.25583920099518515,0.25583920099518515,0.25239741802215576,0.25239741802215576,28800,0.0,0.0
1970-03-17 00:00:00-05:00,0.25010288893072696,0.25010288893072696,0.2478083670139313,0.24780836701393127,44800,0.0,0.0
1970-03-18 00:00:00-05:00,0.2478083670139313,0.2512501498891248,0.2478083670139313,0.24780836701393127,37200,0.0,0.0
1970-03-19 00:00:00-05:00,0.24780826790388238,0.2489555284034374,0.24666100740432736,0.2466610074043274,39600,0.0,0.0
1970-03-20 00:00:00-05:00,0.2466611299783953,0.2489556521177292,0.24551386890872834,0.2489556521177292,28000,0.0,0.0
1970-03-23 00:00:00-05:00,0.2489554934518438,0.2489554934518438,0.2443664520978928,0.24436645209789276,39600,0.0,0.0
1970-03-24 00:00:00-05:00,0.24436648640521735,0.2501027889029924,0.24436648640521735,0.2466610074043274,35200,0.0,0.0
1970-03-25 00:00:00-05:00,0.24895563504912638,0.2546919400041754,0.24895563504912638,0.25239741802215576,68400,0.0,0.0
1970-03-26 00:00:00-05:00,0.25239724905119026,0.2546917694971102,0.24895546838231042,0.2501027286052704,48000,0.0,0.0
1970-03-30 00:00:00-05:00,0.2501027978718553,0.25354457949394504,0.2489555373311587,0.2512500584125519,51200,0.0,0.0
1970-03-31 00:00:00-05:00,0.2512501752054369,0.25583921950142663,0.2501029141314395,0.2546919584274292,42800,0.0,0.0
1970-04-01 00:00:00-05:00,0.2546919584274292,0.25583921950142663,0.25239743627943434,0.2546919584274292,40400,0.0,0.0
1970-04-02 00:00:00-05:00,0.2546918893831348,0.2558391501461219,0.2512501070941735,0.2535446286201477,40800,0.0,0.0
1970-04-03 00:00:00-05:00,0.25469216187795,0.2581339478492737,0.25469216187795,0.2581339478492737,68400,0.0,0.0
1970-04-06 00:00:00-05:00,0.2581336402467319,0.25928090087005073,0.25583911900009426,0.2569863796234131,40400,0.0,0.0
1970-04-07 00:00:00-05:00,0.2569863796234131,0.2581336402467319,0.25583911900009426,0.2569863796234131,46400,0.0,0.0
1970-04-08 00:00:00-05:00,0.25698668585883244,0.2581339478492737,0.25583942386839126,0.2581339478492737,53600,0.0,0.0
1970-04-09 00:00:00-05:00,0.258133659320595,0.2592809200286865,0.25698639861250344,0.2592809200286865,40000,0.0,0.0
1970-04-10 00:00:00-05:00,0.2592809200286865,0.26042818073677804,0.25698639861250344,0.2592809200286865,47600,0.0,0.0
1970-04-13 00:00:00-05:00,0.2592809200286865,0.2592809200286865,0.25698639861250344,0.2592809200286865,43200,0.0,0.0
1970-04-14 00:00:00-05:00,0.25928093243508316,0.25928093243508316,0.2535446286201477,0.2535446286201477,70800,0.0,0.0
1970-04-15 00:00:00-05:00,0.2546919971838126,0.25698651968096403,0.2546919971838126,0.2558392584323883,40000,0.0,0.0
1970-04-16 00:00:00-05:00,0.25583920099518515,0.25583920099518515,0.25239741802215576,0.25239741802215576,49600,0.0,0.0
1970-04-17 00:00:00-05:00,0.25239743627943434,0.2546919584274292,0.2512501752054369,0.2546919584274292,58400,0.0,0.0
1970-04-20 00:00:00-05:00,0.2546918400346416,0.2546918400346416,0.2501027978718553,0.2512500584125519,36000,0.0,0.0
1970-04-21 00:00:00-05:00,0.2512500584125519,0.25354457949394504,0.2501027978718553,0.2512500584125519,31200,0.0,0.0
1970-04-22 00:00:00-05:00,0.25124998882823035,0.25239724905119026,0.2501027286052704,0.2501027286052704,34000,0.0,0.0
1970-04-23 00:00:00-05:00,0.25010291318739614,0.2512501742570631,0.24780839104806224,0.2489556521177292,57200,0.0,0.0
1970-04-24 00:00:00-05:00,0.2489555373311587,0.2512500584125519,0.2478082767904621,0.2512500584125519,45200,0.0,0.0
1970-04-27 00:00:00-04:00,0.25124998882823035,0.25239724905119026,0.24780820815935045,0.2501027286052704,71200,0.0,0.0
1970-04-28 00:00:00-04:00,0.25010288893072696,0.25010288893072696,0.2478083670139313,0.24780836701393127,46800,0.0,0.0
1970-04-29 00:00:00-04:00,0.24666091743505228,0.24666091743505228,0.2432191371917725,0.24321913719177246,107200,0.0,0.0
1970-04-30 00:00:00-04:00,0.243219191759405,0.24551371243638054,0.2409246710824295,0.24436645209789276,62800,0.0,0.0
1970-05-01 00:00:00-04:00,0.24436647674747713,0.24551373720169065,0.24207195583905014,0.24551373720169067,36400,0.0,0.0
1970-05-04 00:00:00-04:00,0.2450471818447113,0.2450471818447113,0.24271339916047596,0.2450471818447113,75600,0.1125,0.0
1970-05-05 00:00:00-04:00,0.2438802604102394,0.2438802604102394,0.24037958681583407,0.24037958681583405,48000,0.0,0.0
1970-05-06 00:00:00-04:00,0.2415465078183583,0.24738096452894667,0.2415465078183583,0.2450471818447113,82000,0.0,0.0
1970-05-07 00:00:00-04:00,0.24504686442186246,0.24738064408302304,0.24387997459128216,0.24738064408302307,34000,0.0,0.0
1970-05-08 00:00:00-04:00,0.24621383406689779,0.24621383406689779,0.24037938302265852,0.24154627323150635,40000,0.0,0.0
1970-05-11 00:00:00-04:00,0.24154627323150638,0.24388005364920207,0.24037938302265852,0.24154627323150635,34400,0.0,0.0
1970-05-12 00:00:00-04:00,0.24154647801396917,0.2427133692121043,0.23921269561769895,0.24037958681583405,52400,0.0,0.0
1970-05-13 00:00:00-04:00,0.24037958681583407,0.24037958681583407,0.23804580441956383,0.24037958681583405,56000,0.0,0.0
1970-05-14 00:00:00-04:00,0.2392126238111205,0.2392126238111205,0.23571195126754313,0.23687884211540222,64800,0.0,0.0
1970-05-15 00:00:00-04:00,0.23687873308611387,0.2380456233968829,0.23571184277534485,0.23571184277534485,66400,0.0,0.0
1970-05-18 00:00:00-04:00,0.23571184277534485,0.2380456233968829,0.2345449524645758,0.23571184277534485,64400,0.0,0.0
1970-05-19 00:00:00-04:00,0.23571188295658546,0.23687877346627154,0.2345449924468994,0.23454499244689941,34000,0.0,0.0
1970-05-20 00:00:00-04:00,0.2345449924468994,0.23571188295658546,0.2345449924468994,0.23454499244689941,49200,0.0,0.0
1970-05-21 00:00:00-04:00,0.23454524248838424,0.2357121342420578,0.2333783507347107,0.2333783507347107,156400,0.0,0.0
1970-05-22 00:00:00-04:00,0.23337815937243012,0.23454505016929225,0.2193754698100843,0.2217092514038086,175200,0.0,0.0
1970-05-25 00:00:00-04:00,0.2205425099499764,0.2205425099499764,0.21587494360182874,0.21704183518886566,105600,0.0,0.0
1970-05-26 00:00:00-04:00,0.21704172278228015,0.21704172278228015,0.21470794081687927,0.21470794081687927,73200,0.0,0.0
1970-05-27 00:00:00-04:00,0.21470805201479182,0.21820872677590256,0.21470805201479182,0.21704183518886566,127600,0.0,0.0
1970-05-28 00:00:00-04:00,0.21704162198144036,0.21704162198144036,0.2147078410999195,0.21587473154067993,155200,0.0,0.0
1970-05-29 00:00:00-04:00,0.21587473154067993,0.21587473154067993,0.2147078410999195,0.21587473154067993,128400,0.0,0.0
1970-06-01 00:00:00-04:00,0.2158748317995797,0.2158748317995797,0.21470794081687927,0.21470794081687927,139200,0.0,0.0
1970-06-02 00:00:00-04:00,0.21470794081687927,0.2158748317995797,0.21470794081687927,0.21470794081687927,179200,0.0,0.0
1970-06-03 00:00:00-04:00,0.2147078410999195,0.21587473154067993,0.2147078410999195,0.21587473154067993,118400,0.0,0.0
1970-06-04 00:00:00-04:00,0.21587473154067993,0.21587473154067993,0.2147078410999195,0.21587473154067993,126800,0.0,0.0
1970-06-05 00:00:00-04:00,0.21587473154067993,0.21587473154067993,0.2147078410999195,0.21587473154067993,119200,0.0,0.0
1970-06-08 00:00:00-04:00,0.2158748317995797,0.2158748317995797,0.21470794081687927,0.21470794081687927,174000,0.0,0.0
1970-06-09 00:00:00-04:00,0.2147078410999195,0.21587473154067993,0.2147078410999195,0.21587473154067993,131600,0.0,0.0
1970-06-10 00:00:00-04:00,0.21587481433376274,0.21820859611034393,0.21470792344547213,0.21820859611034393,85600,0.0,0.0
1970-06-11 00:00:00-04:00,0.2182085124222008,0.2182085124222008,0.21587473154067993,0.21587473154067993,56000,0.0,0.0
1970-06-12 00:00:00-04:00,0.21704170522205332,0.22287615966350638,0.21704170522205332,0.21820859611034393,147600,0.0,0.0
1970-06-15 00:00:00-04:00,0.2182086043099247,0.22054238617420197,0.2182086043099247,0.22054238617420197,48000,0.0,0.0
1970-06-16 00:00:00-04:00,0.22054236060694646,0.22287614220067076,0.2193754698100843,0.2217092514038086,90800,0.0,0.0
1970-06-17 00:00:00-04:00,0.22170932973242558,0.22404311215066164,0.2193755473141895,0.22287622094154358,84400,0.0,0.0
1970-06-18 00:00:00-04:00,0.2228762209415436,0.22521000335977964,0.22170932973242558,0.22287622094154358,60800,0.0,0.0
1970-06-19 00:00:00-04:00,0.2228762209415436,0.22404311215066164,0.22054243852330754,0.22287622094154358,67600,0.0,0.0
1970-06-22 00:00:00-04:00,0.22287614220067076,0.22287614220067076,0.2193754698100843,0.2217092514038086,44400,0.0,0.0
1970-06-23 00:00:00-04:00,0.22170926877521577,0.22170926877521577,0.21820859611034393,0.21820859611034393,66400,0.0,0.0
1970-06-24 00:00:00-04:00,0.2182085124222008,0.2182085124222008,0.21587473154067993,0.21587473154067993,73200,0.0,0.0
1970-06-25 00:00:00-04:00,0.21587494360182874,0.21704183518886566,0.21470805201479182,0.21704183518886566,55600,0.0,0.0
1970-06-26 00:00:00-04:00,0.21704183518886566,0.21937561836293948,0.21587494360182874,0.21704183518886566,30000,0.0,0.0
1970-06-29 00:00:00-04:00,0.21704162198144036,0.2182085124222008,0.21587473154067993,0.21587473154067993,48800,0.0,0.0
1970-06-30 00:00:00-04:00,0.2158748317995797,0.21820861376498057,0.21470794081687927,0.21470794081687927,50800,0.0,0.0
1970-07-01 00:00:00-04:00,0.21470805201479182,0.21704183518886566,0.21470805201479182,0.21704183518886566,35600,0.0,0.0
1970-07-02 00:00:00-04:00,0.21704170522205332,0.21820859611034393,0.21470792344547213,0.21820859611034393,99600,0.0,0.0
1970-07-06 00:00:00-04:00,0.2182085124222008,0.2182085124222008,0.21587473154067993,0.21587473154067993,56000,0.0,0.0
1970-07-07 00:00:00-04:00,0.21587494360182874,0.21704183518886566,0.21470805201479182,0.21704183518886566,50800,0.0,0.0
1970-07-08 00:00:00-04:00,0.21704171337778608,0.22054238617420197,0.21587482244564743,0.22054238617420197,82000,0.0,0.0
1970-07-09 00:00:00-04:00,0.22054218334855194,0.22637663264348717,0.22054218334855194,0.22520974278450012,86400,0.0,0.0
1970-07-10 00:00:00-04:00,0.2252099132447532,0.23221125769795795,0.2252099132447532,0.23104436695575714,95200,0.0,0.0
1970-07-13 00:00:00-04:00,0.23104431191880498,0.2368787642399869,0.23104431191880498,0.23221120238304138,134400,0.0,0.0
1970-07-14 00:00:00-04:00,0.23221121142752726,0.23571188295658546,0.23221121142752726,0.23454499244689941,102000,0.0,0.0
1970-07-15 00:00:00-04:00,0.2345449524645758,0.23687873308611387,0.23221117184303774,0.23571184277534485,89200,0.0,0.0
1970-07-16 00:00:00-04:00,0.2357121342420578,0.23687902599573135,0.23221145898103715,0.2333783507347107,69200,0.0,0.0
1970-07-17 00:00:00-04:00,0.23337806215380677,0.23571184277534485,0.23337806215380677,0.23571184277534485,76400,0.0,0.0
1970-07-20 00:00:00-04:00,0.23571188295658546,0.23687877346627154,0.2345449924468994,0.23454499244689941,53200,0.0,0.0
1970-07-21 00:00:00-04:00,0.2345449524645758,0.23571184277534485,0.2345449524645758,0.23571184277534485,100400,0.0,0.0
1970-07-22 00:00:00-04:00,0.23571202424184193,0.23571202424184193,0.22054243852330754,0.22287622094154358,168000,0.0,0.0
1970-07-23 00:00:00-04:00,0.21937561836293948,0.21937561836293948,0.21704183518886566,0.21704183518886566,118800,0.0,0.0
1970-07-24 00:00:00-04:00,0.21704170522205332,0.21937548699863454,0.21704170522205332,0.21820859611034393,88400,0.0,0.0
1970-07-27 00:00:00-04:00,0.2182086043099247,0.22287616803847923,0.21704171337778608,0.22054238617420197,67600,0.0,0.0
1970-07-28 00:00:00-04:00,0.2205425099499764,0.22521007629812403,0.21704183518886566,0.21704183518886566,81200,0.0,0.0
1970-07-29 00:00:00-04:00,0.21587483332318777,0.21587483332318777,0.20653970539569855,0.20653970539569855,213200,0.0,0.0
1970-07-30 00:00:00-04:00,0.20770641179058139,0.21237397160610008,0.20770641179058139,0.20887330174446106,143600,0.0,0.0
1970-07-31 00:00:00-04:00,0.2112072507806003,0.21820859611034393,0.2112072507806003,0.21820859611034393,88000,0.0,0.0
1970-08-03 00:00:00-04:00,0.21892243395737612,0.21892243395737612,0.21654284228392637,0.21773263812065125,62800,0.1125,0.0
1970-08-04 00:00:00-04:00,0.21773262084512918,0.2189224165874523,0.21416323361815987,0.2165428251028061,46400,0.0,0.0
1970-08-05 00:00:00-04:00,0.21654292759974358,0.21892252021072978,0.2153531312942505,0.2153531312942505,80800,0.0,0.0
1970-08-06 00:00:00-04:00,0.2153531312942505,0.21654292759974358,0.2141633349887574,0.2153531312942505,31200,0.0,0.0
1970-08-07 00:00:00-04:00,0.21535302936048298,0.21773262084512918,0.21416323361815987,0.2165428251028061,42000,0.0,0.0
1970-08-10 00:00:00-04:00,0.21654279016786154,0.21654279016786154,0.21297340351674293,0.21416319906711578,40000,0.0,0.0
1970-08-11 00:00:00-04:00,0.21416318150205987,0.2153529769548491,0.2117835905964814,0.21297338604927063,65600,0.0,0.0
1970-08-12 00:00:00-04:00,0.21297338604927066,0.21416318150205987,0.2105937951436922,0.21297338604927063,51200,0.0,0.0
1970-08-13 00:00:00-04:00,0.21178361520928854,0.21178361520928854,0.20940402402716168,0.2105938196182251,57600,0.0,0.0
1970-08-14 00:00:00-04:00,0.2153530717688672,0.2236816436052322,0.2153530717688672,0.22368164360523224,96800,0.0,0.0
1970-08-17 00:00:00-04:00,0.2236816436052322,0.22606123555847937,0.22249184762860863,0.22368164360523224,96000,0.0,0.0
1970-08-18 00:00:00-04:00,0.22368170543270216,0.22368170543270216,0.2141633349887574,0.2153531312942505,94800,0.0,0.0
1970-08-19 00:00:00-04:00,0.2165428251028061,0.22249180381442163,0.2165428251028061,0.2165428251028061,49200,0.0,0.0
1970-08-20 00:00:00-04:00,0.21654284228392637,0.22130202563082585,0.2153530464472015,0.21773263812065125,52000,0.0,0.0
1970-08-21 00:00:00-04:00,0.21773263812065125,0.22249182146755073,0.2153530464472015,0.21773263812065125,77200,0.0,0.0
1970-08-24 00:00:00-04:00,0.21773256893093523,0.2224917507654912,0.21773256893093523,0.2201121598482132,70800,0.0,0.0
1970-08-25 00:00:00-04:00,0.2201122620507427,0.2213020580618278,0.2189224660396576,0.2189224660396576,70800,0.0,0.0
1970-08-26 00:00:00-04:00,0.21892255865117555,0.22249194819440124,0.21892255865117555,0.22130215167999268,68400,0.0,0.0
1970-08-27 00:00:00-04:00,0.2213019553068522,0.2224917507654912,0.21892236438957421,0.2201121598482132,84800,0.0,0.0
1970-08-28 00:00:00-04:00,0.22011217984923703,0.22368156654949495,0.22011217984923703,0.2224917709827423,126800,0.0,0.0
1970-08-31 00:00:00-04:00,0.2224917507654912,0.22368154622413017,0.2201121598482132,0.2201121598482132,71600,0.0,0.0
1970-09-01 00:00:00-04:00,0.2201121598482132,0.2213019553068522,0.2201121598482132,0.2201121598482132,46800,0.0,0.0
1970-09-02 00:00:00-04:00,0.2201123551655841,0.22130215167999268,0.21892255865117555,0.22130215167999268,41200,0.0,0.0
1970-09-03 00:00:00-04:00,0.2213019553068522,0.2213019553068522,0.2201121598482132,0.2201121598482132,36800,0.0,0.0
1970-09-04 00:00:00-04:00,0.22011217984923703,0.2224917709827423,0.22011217984923703,0.2224917709827423,43600,0.0,0.0
1970-09-08 00:00:00-04:00,0.2213019553068522,0.2213019553068522,0.21892236438957421,0.2201121598482132,61600,0.0,0.0
1970-09-09 00:00:00-04:00,0.2201122620507427,0.2224918540729129,0.2189224660396576,0.2189224660396576,50000,0.0,0.0
1970-09-10 00:00:00-04:00,0.21892255865117555,0.22130215167999268,0.21773276213676698,0.22130215167999268,48400,0.0,0.0
1970-09-11 00:00:00-04:00,0.2213020580618278,0.2213020580618278,0.2177326700285725,0.2189224660396576,50000,0.0,0.0
1970-09-14 00:00:00-04:00,0.21892245969873791,0.2236816436052322,0.21654286774549075,0.22368164360523224,78000,0.0,0.0
1970-09-15 00:00:00-04:00,0.2213020580618278,0.2213020580618278,0.2189224660396576,0.2189224660396576,40800,0.0,0.0
1970-09-16 00:00:00-04:00,0.2189224660396576,0.2213020580618278,0.2189224660396576,0.2189224660396576,40000,0.0,0.0
1970-09-17 00:00:00-04:00,0.21892236438957421,0.2213019553068522,0.21892236438957421,0.2201121598482132,59200,0.0,0.0
1970-09-18 00:00:00-04:00,0.2201123551655841,0.2236817447088098,0.21892255865117555,0.22130215167999268,77200,0.0,0.0
1970-09-21 00:00:00-04:00,0.2213019553068522,0.22368154622413017,0.2201121598482132,0.2201121598482132,56800,0.0,0.0
1970-09-22 00:00:00-04:00,0.2201122620507427,0.2201122620507427,0.2177326700285725,0.2189224660396576,119600,0.0,0.0
1970-09-23 00:00:00-04:00,0.21892236438957421,0.2224917507654912,0.21773256893093523,0.2201121598482132,95200,0.0,0.0
1970-09-24 00:00:00-04:00,0.2201123551655841,0.22130215167999268,0.21892255865117555,0.22130215167999268,88800,0.0,0.0
1970-09-25 00:00:00-04:00,0.2213019553068522,0.2224917507654912,0.21892236438957421,0.2201121598482132,108000,0.0,0.0
1970-09-28 00:00:00-04:00,0.2201123551655841,0.22130215167999268,0.21892255865117555,0.22130215167999268,56000,0.0,0.0
1970-09-29 00:00:00-04:00,0.2213019553068522,0.2213019553068522,0.21892236438957421,0.2201121598482132,74000,0.0,0.0
1970-09-30 00:00:00-04:00,0.2201121598482132,0.2224917507654912,0.2201121598482132,0.2201121598482132,84000,0.0,0.0
1970-10-01 00:00:00-04:00,0.22011217984923703,0.2224917709827423,0.22011217984923703,0.2224917709827423,43200,0.0,0.0
1970-10-02 00:00:00-04:00,0.22249184762860863,0.2236816436052322,0.22130205165198508,0.22368164360523224,48000,0.0,0.0
1970-10-05 00:00:00-04:00,0.22368156654949495,0.2248713621162476,0.22130197541598967,0.2224917709827423,93600,0.0,0.0
1970-10-06 00:00:00-04:00,0.22249184762860863,0.2248714395818558,0.22249184762860863,0.22368164360523224,61600,0.0,0.0
1970-10-07 00:00:00-04:00,0.2236816436052322,0.2248714395818558,0.22249184762860863,0.22368164360523224,71600,0.0,0.0
1970-10-08 00:00:00-04:00,0.22368156654949495,0.2248713621162476,0.22130197541598967,0.2224917709827423,65600,0.0,0.0
1970-10-09 00:00:00-04:00,0.22249184762860863,0.22606123555847937,0.22130205165198508,0.22368164360523224,65600,0.0,0.0
1970-10-12 00:00:00-04:00,0.2236816436052322,0.22606123555847937,0.2236816436052322,0.22368164360523224,37200,0.0,0.0
1970-10-13 00:00:00-04:00,0.2236816436052322,0.22606123555847937,0.2236816436052322,0.22368164360523224,66800,0.0,0.0
1970-10-14 00:00:00-04:00,0.22368176431252212,0.22606135754988937,0.22368176431252212,0.22487156093120575,55600,0.0,0.0
1970-10-15 00:00:00-04:00,0.2248713845485135,0.22606118023395538,0.22368158886307163,0.22606118023395538,43600,0.0,0.0
1970-10-16 00:00:00-04:00,0.22606118023395538,0.22606118023395538,0.22368158886307163,0.22606118023395538,69200,0.0,0.0
1970-10-19 00:00:00-04:00,0.22606118023395538,0.22606118023395538,0.22368158886307163,0.22606118023395538,38400,0.0,0.0
1970-10-20 00:00:00-04:00,0.22487156093120575,0.22487156093120575,0.22368176431252212,0.22487156093120575,48400,0.0,0.0
1970-10-21 00:00:00-04:00,0.2248714395818558,0.2248714395818558,0.22130205165198508,0.22368164360523224,49200,0.0,0.0
1970-10-22 00:00:00-04:00,0.22368156654949495,0.22368156654949495,0.22130197541598967,0.2224917709827423,58400,0.0,0.0
1970-10-23 00:00:00-04:00,0.22249194819440124,0.2236817447088098,0.22130215167999268,0.22130215167999268,59200,0.0,0.0
1970-10-26 00:00:00-05:00,0.22130215167999268,0.2236817447088098,0.2201123551655841,0.22130215167999268,67200,0.0,0.0
1970-10-27 00:00:00-05:00,0.22130197541598967,0.2224917709827423,0.22011217984923703,0.2224917709827423,66400,0.0,0.0
1970-10-28 00:00:00-05:00,0.2224918540729129,0.2224918540729129,0.2177326700285725,0.2189224660396576,180000,0.0,0.0
1970-10-29 00:00:00-05:00,0.21892236438957421,0.2201121598482132,0.21654277347229622,0.2201121598482132,63600,0.0,0.0
1970-10-30 00:00:00-05:00,0.21892243395737612,0.21892243395737612,0.21654284228392637,0.21773263812065125,63200,0.0,0.0
1970-11-02 00:00:00-05:00,0.21773263812065125,0.21773263812065125,0.21654284228392637,0.21773263812065125,60800,0.0,0.0
1970-11-03 00:00:00-05:00,0.21773262084512918,0.21773262084512918,0.21535302936048298,0.2165428251028061,61600,0.0,0.0
1970-11-04 00:00:00-05:00,0.21654284228392637,0.21892243395737612,0.21654284228392637,0.21773263812065125,70000,0.0,0.0
1970-11-05 00:00:00-05:00,0.2177326700285725,0.2201122620507427,0.2177326700285725,0.2189224660396576,79600,0.0,0.0
1970-11-06 00:00:00-05:00,0.22207753638644795,0.22207753638644795,0.21843692103585044,0.22086399793624878,74000,0.1125,0.0
1970-11-09 00:00:00-05:00,0.22086399793624878,0.22086399793624878,0.21843692103585044,0.22086399793624878,64800,0.0,0.0
1970-11-10 00:00:00-05:00,0.22086418053721854,0.22086418053721854,0.21843710163021615,0.21965064108371735,96800,0.0,0.0
1970-11-11 00:00:00-05:00,0.21965064108371735,0.22086418053721854,0.21843710163021615,0.21965064108371735,71600,0.0,0.0
1970-11-12 00:00:00-05:00,0.21965064108371735,0.22086418053721854,0.21843710163021615,0.21965064108371735,67200,0.0,0.0
1970-11-13 00:00:00-05:00,0.2196505400041739,0.22086407889922458,0.2184370011091232,0.21843700110912323,57200,0.0,0.0
1970-11-16 00:00:00-05:00,0.21843705284461548,0.21843705284461548,0.2160099744796753,0.2160099744796753,103600,0.0,0.0
1970-11-17 00:00:00-05:00,0.21600988207582653,0.21843695940252122,0.21600988207582653,0.2172234207391739,67200,0.0,0.0
1970-11-18 00:00:00-05:00,0.21722342073917386,0.21843695940252122,0.2147963434124792,0.2172234207391739,83200,0.0,0.0
1970-11-19 00:00:00-05:00,0.21722351366214537,0.21843705284461548,0.2160099744796753,0.2160099744796753,57600,0.0,0.0
1970-11-20 00:00:00-05:00,0.21600997801554406,0.21722351721787858,0.21479643881320956,0.21479643881320953,46000,0.0,0.0
1970-11-23 00:00:00-05:00,0.21600988207582653,0.21843695940252122,0.21600988207582653,0.2172234207391739,101600,0.0,0.0
1970-11-24 00:00:00-05:00,0.21722351366214537,0.21722351366214537,0.2147964352972052,0.2160099744796753,120400,0.0,0.0
1970-11-25 00:00:00-05:00,0.2160099744796753,0.21843705284461548,0.2160099744796753,0.2160099744796753,100800,0.0,0.0
1970-11-27 00:00:00-05:00,0.21601002272321373,0.21965064108371735,0.21601002272321373,0.21965064108371735,46800,0.0,0.0
1970-11-30 00:00:00-05:00,0.22086412508202635,0.22329120337963104,0.22086412508202635,0.22329120337963104,104400,0.0,0.0
1970-12-01 00:00:00-05:00,0.22329108135120287,0.22693169680801598,0.22207754286559853,0.22450461983680725,108800,0.0,0.0
1970-12-02 00:00:00-05:00,0.2245048275858006,0.2293589860200882,0.2245048275858006,0.2293589860200882,113600,0.0,0.0
1970-12-03 00:00:00-05:00,0.2305724041670868,0.23542656004428864,0.2305724041670868,0.23542656004428864,163200,0.0,0.0
1970-12-04 00:00:00-05:00,0.23542653249971796,0.24149422663630862,0.2329994548450817,0.24028068780899048,121600,0.0,0.0
1970-12-07 00:00:00-05:00,0.24270792305469513,0.24513500228524207,0.24270792305469513,0.24270792305469513,142800,0.0,0.0
1970-12-08 00:00:00-05:00,0.24270778380069635,0.24270778380069635,0.23906716704368589,0.2390671670436859,126000,0.0,0.0
1970-12-09 00:00:00-05:00,0.23906716704368589,0.23906716704368589,0.23542655028667545,0.2390671670436859,61600,0.0,0.0
1970-12-10 00:00:00-05:00,0.23906733506188102,0.23906733506188102,0.23542671574621785,0.2378537952899933,60000,0.0,0.0
1970-12-11 00:00:00-05:00,0.2378537952899933,0.23906733506188102,0.23542671574621785,0.2378537952899933,64400,0.0,0.0
1970-12-14 00:00:00-05:00,0.23785363798288955,0.23906717695219,0.23542656004428864,0.23542656004428864,76800,0.0,0.0
1970-12-15 00:00:00-05:00,0.23542656004428864,0.23785363798288955,0.23421302107498818,0.23542656004428864,82800,0.0,0.0
1970-12-16 00:00:00-05:00,0.23542656004428864,0.23542656004428864,0.23299948210568772,0.23542656004428864,54400,0.0,0.0
1970-12-17 00:00:00-05:00,0.23542656004428864,0.2366400990135891,0.23299948210568772,0.23542656004428864,72800,0.0,0.0
1970-12-18 00:00:00-05:00,0.2354266753563514,0.23664021492004395,0.23421313579265887,0.23664021492004395,88400,0.0,0.0
1970-12-21 00:00:00-05:00,0.2366400990135891,0.2366400990135891,0.23299948210568772,0.23542656004428864,93600,0.0,0.0
1970-12-22 00:00:00-05:00,0.23542648847239003,0.2366400270727632,0.23299941127164375,0.2342129498720169,82000,0.0,0.0
1970-12-23 00:00:00-05:00,0.23421302107498818,0.2366400990135891,0.23421302107498818,0.23542656004428864,64400,0.0,0.0
1970-12-24 00:00:00-05:00,0.23542668536305428,0.24270792305469513,0.23542668536305428,0.24270792305469513,81600,0.0,0.0
1970-12-28 00:00:00-05:00,0.24270786734050132,0.24634848535060885,0.24270786734050132,0.24634848535060883,125200,0.0,0.0
1970-12-29 00:00:00-05:00,0.24634846051534015,0.25605677423023043,0.24634846051534015,0.25484323501586914,207200,0.0,0.0
1970-12-30 00:00:00-05:00,0.2548431394235143,0.2572702169418335,0.2548431394235143,0.2572702169418335,137200,0.0,0.0
1970-12-31 00:00:00-05:00,0.25727021081425316,0.259697288274765,0.25605667208399724,0.259697288274765,76000,0.0,0.0
1971-01-04 00:00:00-05:00,0.2596972822039216,0.26212435960769653,0.2560566660982591,0.26212435960769653,83200,0.0,0.0
1971-01-05 00:00:00-05:00,0.2621244010837397,0.2633379399776459,0.25969732329592726,0.2633379399776459,105600,0.0,0.0
1971-01-06 00:00:00-05:00,0.2633380627090281,0.2694057600064711,0.2633380627090281,0.2669786810874939,118000,0.0,0.0
1971-01-07 00:00:00-05:00,0.26819223165512085,0.27183285018437586,0.26819223165512085,0.26819223165512085,105200,0.0,0.0
1971-01-08 00:00:00-05:00,0.26819221299510815,0.27183283127105984,0.26819221299510815,0.2694057524204254,108000,0.0,0.0
1971-01-11 00:00:00-05:00,0.2694057524204254,0.27183283127105984,0.26819221299510815,0.2694057524204254,110400,0.0,0.0
1971-01-12 00:00:00-05:00,0.2694056268249239,0.2718327045440674,0.2694056268249239,0.2718327045440674,95600,0.0,0.0
1971-01-13 00:00:00-05:00,0.2718328424633351,0.2718328424633351,0.2694057635127696,0.27061930298805237,107200,0.0,0.0
1971-01-14 00:00:00-05:00,0.2706192767401354,0.27304635545529354,0.2621245012370818,0.26455157995224,143600,0.0,0.0
1971-01-15 00:00:00-05:00,0.2645516021685167,0.2681922205469825,0.26212452324953944,0.2669786810874939,98000,0.0,0.0
1971-01-18 00:00:00-05:00,0.2669786009113346,0.2742598354816437,0.265765061816283,0.2742598354816437,136400,0.0,0.0
1971-01-19 00:00:00-05:00,0.2742599315684417,0.2815411686897278,0.2730463920482274,0.2815411686897278,272800,0.0,0.0
1971-01-20 00:00:00-05:00,0.2815411276631541,0.2815411276631541,0.2791140489764028,0.28032758831977844,81200,0.0,0.0
1971-01-21 00:00:00-05:00,0.28032734284275457,0.28032734284275457,0.27304611315852717,0.27668672800064087,111200,0.0,0.0
1971-01-22 00:00:00-05:00,0.2766868589226335,0.2791139366324812,0.2766868589226335,0.2779003977775574,105600,0.0,0.0
1971-01-25 00:00:00-05:00,0.2779004984575769,0.28154111634130063,0.2742598805738532,0.2791140377521515,136800,0.0,0.0
1971-01-26 00:00:00-05:00,0.2791140336822308,0.2791140336822308,0.275473415851593,0.275473415851593,137600,0.0,0.0
1971-01-27 00:00:00-05:00,0.2754733200677097,0.2791139366324812,0.2754733200677097,0.2779003977775574,162000,0.0,0.0
1971-01-28 00:00:00-05:00,0.27668695512847225,0.27668695512847225,0.27425987657471373,0.275473415851593,77600,0.0,0.0
1971-01-29 00:00:00-05:00,0.2754731897199363,0.27911380456205,0.27304611315852717,0.27668672800064087,97200,0.0,0.0
1971-02-01 00:00:00-05:00,0.2798927497809829,0.2798927497809829,0.27249470353126526,0.27249470353126526,144400,0.1125,0.0
1971-02-02 00:00:00-05:00,0.2724946398626675,0.2749606547030536,0.27126163244247437,0.27126163244247437,102400,0.0,0.0
1971-02-03 00:00:00-05:00,0.2712617409394084,0.27249474885276936,0.2663297092859646,0.26756271719932556,143600,0.0,0.0
1971-02-04 00:00:00-05:00,0.2675626537314168,0.270028668973181,0.2650966384896526,0.26632964611053467,109600,0.0,0.0
1971-02-05 00:00:00-05:00,0.2663296242372705,0.2687956392765045,0.26386360919803653,0.2687956392765045,93600,0.0,0.0
1971-02-08 00:00:00-05:00,0.2650965666267234,0.2650965666267234,0.26016453748017965,0.26263055205345154,136400,0.0,0.0
1971-02-09 00:00:00-05:00,0.26263042806454423,0.26509644147360095,0.26139742136001587,0.26139742136001587,110400,0.0,0.0
1971-02-10 00:00:00-05:00,0.2613975447668156,0.2650965666267234,0.26016453748017965,0.26263055205345154,83600,0.0,0.0
1971-02-11 00:00:00-05:00,0.26263060167841956,0.2712616543157385,0.2613975941588026,0.2687956392765045,111600,0.0,0.0
1971-02-12 00:00:00-05:00,0.2687957251126865,0.2712617409394084,0.2663297092859646,0.26756271719932556,87600,0.0,0.0
1971-02-16 00:00:00-05:00,0.2675626537314168,0.270028668973181,0.26632964611053467,0.26632964611053467,74000,0.0,0.0
1971-02-17 00:00:00-05:00,0.2663296242372705,0.2687956392765045,0.2663296242372705,0.2687956392765045,75200,0.0,0.0
1971-02-18 00:00:00-05:00,0.2675626537314168,0.2675626537314168,0.26632964611053467,0.26632964611053467,127600,0.0,0.0
1971-02-19 00:00:00-05:00,0.2638636072476705,0.2638636072476705,0.25893157720565796,0.25893157720565796,133600,0.0,0.0
1971-02-22 00:00:00-05:00,0.25769850611686707,0.25769850611686707,0.25646549891056625,0.25769850611686707,86400,0.0,0.0
1971-02-23 00:00:00-05:00,0.2576986479298504,0.2576986479298504,0.25399962427535494,0.25523263216018677,71200,0.0,0.0
1971-02-24 00:00:00-05:00,0.2552327483313755,0.2552327483313755,0.2539997398853302,0.2539997398853302,98400,0.0,0.0
1971-02-25 00:00:00-05:00,0.2539997398853302,0.2552327483313755,0.2527667314392849,0.2539997398853302,91200,0.0,0.0
1971-02-26 00:00:00-05:00,0.2539997398853302,0.2539997398853302,0.2515337229932396,0.2539997398853302,90800,0.0,0.0
1971-03-01 00:00:00-05:00,0.2539996170416111,0.2539996170416111,0.251533601342178,0.25276660919189453,87200,0.0,0.0
1971-03-02 00:00:00-05:00,0.25276660919189453,0.2539996170416111,0.251533601342178,0.25276660919189453,85200,0.0,0.0
1971-03-03 00:00:00-05:00,0.2527667314392849,0.2539997398853302,0.2527667314392849,0.2539997398853302,107200,0.0,0.0
1971-03-04 00:00:00-05:00,0.25399945074549085,0.25646546483039856,0.252766443703037,0.25646546483039856,140800,0.0,0.0
1971-03-05 00:00:00-05:00,0.2564655367232047,0.2601645588874817,0.2564655367232047,0.2601645588874817,123200,0.0,0.0
1971-03-08 00:00:00-05:00,0.26016441465548745,0.26263042806454423,0.2589314079509591,0.26139742136001587,119600,0.0,0.0
1971-03-09 00:00:00-05:00,0.26139756627557403,0.2626305736636664,0.2601645588874817,0.2601645588874817,143200,0.0,0.0
1971-03-10 00:00:00-05:00,0.26016441465548745,0.26263042806454423,0.2589314079509591,0.26139742136001587,99200,0.0,0.0
1971-03-11 00:00:00-05:00,0.2613975447668156,0.26632957391335926,0.2613975447668156,0.26263055205345154,127600,0.0,0.0
1971-03-12 00:00:00-05:00,0.26263055205345154,0.26386355934008743,0.26016453748017965,0.26263055205345154,107200,0.0,0.0
1971-03-15 00:00:00-05:00,0.26263055205345154,0.26386355934008743,0.26016453748017965,0.26263055205345154,78800,0.0,0.0
1971-03-16 00:00:00-05:00,0.2626307342097024,0.26632975863519115,0.2626307342097024,0.263863742351532,134800,0.0,0.0
1971-03-17 00:00:00-05:00,0.263863742351532,0.26509675049336157,0.2626307342097024,0.263863742351532,86400,0.0,0.0
1971-03-18 00:00:00-05:00,0.263863742351532,0.26632975863519115,0.263863742351532,0.263863742351532,104800,0.0,0.0
1971-03-19 00:00:00-05:00,0.263863742351532,0.26632975863519115,0.263863742351532,0.263863742351532,118400,0.0,0.0
1971-03-22 00:00:00-05:00,0.26386368635088897,0.2650966942310333,0.2626306784707446,0.2650966942310333,114000,0.0,0.0
1971-03-23 00:00:00-05:00,0.2650966942310333,0.2663297021111777,0.2626306784707446,0.2650966942310333,74400,0.0,0.0
1971-03-24 00:00:00-05:00,0.26509675049336157,0.26632975863519115,0.263863742351532,0.263863742351532,106400,0.0,0.0
1971-03-25 00:00:00-05:00,0.26386355934008743,0.2650965666267234,0.26263055205345154,0.26263055205345154,65200,0.0,0.0
1971-03-26 00:00:00-05:00,0.26263055205345154,0.2650965666267234,0.26263055205345154,0.26263055205345154,114000,0.0,0.0
1971-03-29 00:00:00-05:00,0.2626307342097024,0.26509675049336157,0.2626307342097024,0.263863742351532,56800,0.0,0.0
1971-03-30 00:00:00-05:00,0.263863742351532,0.26509675049336157,0.2626307342097024,0.263863742351532,80800,0.0,0.0
1971-03-31 00:00:00-05:00,0.26386368635088897,0.2663297021111777,0.2626306784707446,0.2650966942310333,88800,0.0,0.0
1971-04-01 00:00:00-05:00,0.2650966384896526,0.26632964611053467,0.26386363086877046,0.26632964611053467,96000,0.0,0.0
1971-04-02 00:00:00-05:00,0.2663297092859646,0.2687957251126865,0.26509670137260366,0.26756271719932556,43200,0.0,0.0
1971-04-05 00:00:00-05:00,0.26756263175688755,0.2687956392765045,0.2663296242372705,0.2687956392765045,91600,0.0,0.0
1971-04-06 00:00:00-05:00,0.2687956392765045,0.2687956392765045,0.26756263175688755,0.2687956392765045,96800,0.0,0.0
1971-04-07 00:00:00-05:00,0.2687956613522989,0.270028668973181,0.26632964611053467,0.26632964611053467,204800,0.0,0.0
1971-04-08 00:00:00-05:00,0.26632964611053467,0.2687956613522989,0.26632964611053467,0.26632964611053467,76000,0.0,0.0
1971-04-12 00:00:00-05:00,0.2663297092859646,0.26756271719932556,0.2663297092859646,0.26756271719932556,116400,0.0,0.0
1971-04-13 00:00:00-05:00,0.26756271719932556,0.26756271719932556,0.26509670137260366,0.26756271719932556,86400,0.0,0.0
1971-04-14 00:00:00-05:00,0.2675626537314168,0.2675626537314168,0.2650966384896526,0.26632964611053467,61600,0.0,0.0
1971-04-15 00:00:00-05:00,0.26632964611053467,0.2675626537314168,0.26632964611053467,0.26632964611053467,102800,0.0,0.0
1971-04-16 00:00:00-05:00,0.26632964611053467,0.2675626537314168,0.26632964611053467,0.26632964611053467,81600,0.0,0.0
1971-04-19 00:00:00-05:00,0.26632964611053467,0.270028668973181,0.26632964611053467,0.26632964611053467,113600,0.0,0.0
1971-04-20 00:00:00-05:00,0.2663297092859646,0.27002873302604746,0.2663297092859646,0.26756271719932556,78800,0.0,0.0
1971-04-21 00:00:00-05:00,0.26756271719932556,0.27002873302604746,0.26756271719932556,0.26756271719932556,58000,0.0,0.0
1971-04-22 00:00:00-05:00,0.26756263175688755,0.27002864679612154,0.26756263175688755,0.2687956392765045,51200,0.0,0.0
1971-04-23 00:00:00-05:00,0.2687956392765045,0.2687956392765045,0.2663296242372705,0.2687956392765045,168800,0.0,0.0
1971-04-26 00:00:00-04:00,0.2675626537314168,0.2675626537314168,0.26632964611053467,0.26632964611053467,170000,0.0,0.0
1971-04-27 00:00:00-04:00,0.2663297092859646,0.2687957251126865,0.2663297092859646,0.26756271719932556,104400,0.0,0.0
1971-04-28 00:00:00-04:00,0.26756271719932556,0.2687957251126865,0.26509670137260366,0.26756271719932556,76400,0.0,0.0
1971-04-29 00:00:00-04:00,0.26756271719932556,0.2687957251126865,0.26756271719932556,0.26756271719932556,74000,0.0,0.0
1971-04-30 00:00:00-04:00,0.26756263175688755,0.27002864679612154,0.26756263175688755,0.2687956392765045,89200,0.0,0.0
1971-05-03 00:00:00-04:00,0.27080163777431593,0.27080163777431593,0.2670405039163393,0.26829421520233154,72000,0.1125,0.0
1971-05-04 00:00:00-04:00,0.26829411250324875,0.26954782330933874,0.2670404016971588,0.2670404016971588,130400,0.0,0.0
1971-05-05 00:00:00-04:00,0.26704020868494827,0.26954762848480696,0.2657864987850189,0.2657864987850189,61200,0.0,0.0
1971-05-06 00:00:00-04:00,0.2657864987850189,0.2657864987850189,0.2632790789851603,0.2657864987850189,86400,0.0,0.0
1971-05-07 00:00:00-04:00,0.26453297313016194,0.26453297313016194,0.26077184081077576,0.26077184081077576,95600,0.0,0.0
1971-05-10 00:00:00-04:00,0.26077184081077576,0.2620255515839045,0.259518130037647,0.26077184081077576,99200,0.0,0.0
1971-05-11 00:00:00-04:00,0.26077197715280137,0.2620256885814206,0.25951826572418213,0.25951826572418213,70800,0.0,0.0
1971-05-12 00:00:00-04:00,0.25951826572418213,0.26077197715280137,0.25701084286694365,0.25951826572418213,70000,0.0,0.0
1971-05-13 00:00:00-04:00,0.259518130037647,0.2620255515839045,0.25826441926451826,0.26077184081077576,60000,0.0,0.0
1971-05-14 00:00:00-04:00,0.2595183428340745,0.2595183428340745,0.2570109192318129,0.2582646310329437,61200,0.0,0.0
1971-05-17 00:00:00-04:00,0.2582645542955629,0.25951826572418213,0.2557571314383244,0.25951826572418213,110000,0.0,0.0
1971-05-18 00:00:00-04:00,0.258264546008671,0.258264546008671,0.2545034118434962,0.2557571232318878,64000,0.0,0.0
1971-05-19 00:00:00-04:00,0.2557569906629365,0.2570107014014803,0.2532495691858489,0.2545032799243927,102000,0.0,0.0
1971-05-20 00:00:00-04:00,0.2545034118434962,0.258264546008671,0.2532497004551046,0.2557571232318878,57600,0.0,0.0
1971-05-21 00:00:00-04:00,0.2557569906629365,0.2582644121400241,0.2545032799243927,0.2545032799243927,52400,0.0,0.0
1971-05-24 00:00:00-04:00,0.2545034118434962,0.2570108346202794,0.2532497004551046,0.2557571232318878,78800,0.0,0.0
1971-05-25 00:00:00-04:00,0.25450352382897146,0.25450352382897146,0.25074238800883886,0.25199609994888306,106800,0.0,0.0
1971-05-26 00:00:00-04:00,0.25199609994888306,0.25450352382897146,0.25074238800883886,0.25199609994888306,66000,0.0,0.0
1971-05-27 00:00:00-04:00,0.2519961176812649,0.25324982970952986,0.2507424056529999,0.2507424056529999,85200,0.0,0.0
1971-05-28 00:00:00-04:00,0.2507424056529999,0.2519961176812649,0.2507424056529999,0.2507424056529999,79200,0.0,0.0
1971-06-01 00:00:00-04:00,0.2507424056529999,0.25324982970952986,0.2507424056529999,0.2507424056529999,54000,0.0,0.0
1971-06-02 00:00:00-04:00,0.25074238800883886,0.25324981188892726,0.25074238800883886,0.25199609994888306,63600,0.0,0.0
1971-06-03 00:00:00-04:00,0.251995989066713,0.2557571232318878,0.251995989066713,0.2557571232318878,78400,0.0,0.0
1971-06-04 00:00:00-04:00,0.2557571232318878,0.2570108346202794,0.2532497004551046,0.2557571232318878,60400,0.0,0.0
1971-06-07 00:00:00-04:00,0.25575703736579064,0.25575703736579064,0.2519959044633525,0.2532496154308319,64000,0.0,0.0
1971-06-08 00:00:00-04:00,0.25324981188892726,0.25450352382897146,0.25199609994888306,0.25199609994888306,68000,0.0,0.0
1971-06-09 00:00:00-04:00,0.2519961176812649,0.25324982970952986,0.2507424056529999,0.2507424056529999,151600,0.0,0.0
1971-06-10 00:00:00-04:00,0.25074238800883886,0.25450352382897146,0.25074238800883886,0.25199609994888306,58000,0.0,0.0
1971-06-11 00:00:00-04:00,0.25199609994888306,0.25324981188892726,0.25074238800883886,0.25199609994888306,104400,0.0,0.0
1971-06-14 00:00:00-04:00,0.2519961176812649,0.2519961176812649,0.2507424056529999,0.2507424056529999,60800,0.0,0.0
1971-06-15 00:00:00-04:00,0.25074238800883886,0.25324981188892726,0.25074238800883886,0.25199609994888306,57200,0.0,0.0
1971-06-16 00:00:00-04:00,0.25199609994888306,0.25199609994888306,0.25074238800883886,0.25199609994888306,58800,0.0,0.0
1971-06-17 00:00:00-04:00,0.25199609994888306,0.25324981188892726,0.25074238800883886,0.25199609994888306,55200,0.0,0.0
1971-06-18 00:00:00-04:00,0.2519961176812649,0.25324982970952986,0.2507424056529999,0.2507424056529999,59600,0.0,0.0
1971-06-21 00:00:00-04:00,0.2507424056529999,0.2519961176812649,0.2507424056529999,0.2507424056529999,91600,0.0,0.0
1971-06-22 00:00:00-04:00,0.2507424056529999,0.2519961176812649,0.2494886936247349,0.2507424056529999,102400,0.0,0.0
1971-06-23 00:00:00-04:00,0.2507424056529999,0.2519961176812649,0.2507424056529999,0.2507424056529999,80800,0.0,0.0
1971-06-24 00:00:00-04:00,0.25074238800883886,0.25199609994888306,0.24948867606879468,0.25199609994888306,52000,0.0,0.0
1971-06-25 00:00:00-04:00,0.25199585844730504,0.2545032799243927,0.25074214770876124,0.2545032799243927,40800,0.0,0.0
1971-06-28 00:00:00-04:00,0.25450332639831125,0.25575703736579064,0.2519959044633525,0.2532496154308319,36800,0.0,0.0
1971-06-29 00:00:00-04:00,0.25324978382842056,0.2595183428340745,0.25324978382842056,0.2582646310329437,72400,0.0,0.0
1971-06-30 00:00:00-04:00,0.2582645542955629,0.26327940001003985,0.2582645542955629,0.25951826572418213,92800,0.0,0.0
1971-07-01 00:00:00-04:00,0.25951814323521116,0.2620255649089813,0.2582644323983261,0.2620255649089813,43600,0.0,0.0
1971-07-02 00:00:00-04:00,0.2620255515839045,0.26453297313016194,0.26077184081077576,0.26077184081077576,53200,0.0,0.0
1971-07-06 00:00:00-04:00,0.2607720546352053,0.2645331900385977,0.2582646310329437,0.2582646310329437,86000,0.0,0.0
1971-07-07 00:00:00-04:00,0.2582645542955629,0.26077197715280137,0.2582645542955629,0.25951826572418213,66400,0.0,0.0
1971-07-08 00:00:00-04:00,0.25951826572418213,0.26077197715280137,0.2582645542955629,0.25951826572418213,35600,0.0,0.0
1971-07-09 00:00:00-04:00,0.2595183428340745,0.2607720546352053,0.2582646310329437,0.2582646310329437,53200,0.0,0.0
1971-07-12 00:00:00-04:00,0.2582646310329437,0.2607720546352053,0.2582646310329437,0.2582646310329437,48000,0.0,0.0
1971-07-13 00:00:00-04:00,0.2582646310329437,0.2607720546352053,0.2582646310329437,0.2582646310329437,49200,0.0,0.0
1971-07-14 00:00:00-04:00,0.2582646310329437,0.2607720546352053,0.2582646310329437,0.2582646310329437,34800,0.0,0.0
1971-07-15 00:00:00-04:00,0.2582645542955629,0.25951826572418213,0.25701084286694365,0.25951826572418213,45200,0.0,0.0
1971-07-16 00:00:00-04:00,0.2595183428340745,0.2607720546352053,0.2582646310329437,0.2582646310329437,57600,0.0,0.0
1971-07-19 00:00:00-04:00,0.2582645542955629,0.26077197715280137,0.2582645542955629,0.25951826572418213,30800,0.0,0.0
1971-07-20 00:00:00-04:00,0.2595183428340745,0.2595183428340745,0.2570109192318129,0.2582646310329437,36800,0.0,0.0
1971-07-21 00:00:00-04:00,0.25826446893738536,0.2595181799516445,0.2570107579231262,0.2570107579231262,44800,0.0,0.0
1971-07-22 00:00:00-04:00,0.25826441926451826,0.26077184081077576,0.25826441926451826,0.26077184081077576,46000,0.0,0.0
1971-07-23 00:00:00-04:00,0.26077184081077576,0.2632792623570332,0.259518130037647,0.26077184081077576,61200,0.0,0.0
1971-07-26 00:00:00-04:00,0.26077184081077576,0.2620255515839045,0.259518130037647,0.26077184081077576,37200,0.0,0.0
1971-07-27 00:00:00-04:00,0.26077184081077576,0.26077184081077576,0.25826441926451826,0.26077184081077576,30400,0.0,0.0
1971-07-28 00:00:00-04:00,0.2607720546352053,0.2620257664363361,0.2582646310329437,0.2582646310329437,51200,0.0,0.0
1971-07-29 00:00:00-04:00,0.258264546008671,0.2607719687854542,0.2557571232318878,0.2557571232318878,90000,0.0,0.0
1971-07-30 00:00:00-04:00,0.2570107084913896,0.26077184081077576,0.2570107084913896,0.26077184081077576,40800,0.0,0.0
1971-08-02 00:00:00-04:00,0.2628133148681827,0.2628133148681827,0.2602617292869382,0.2615375220775604,78000,0.1125,0.0
1971-08-03 00:00:00-04:00,0.26153744668653695,0.2628132391093981,0.2577100694179535,0.2577100694179535,56000,0.0,0.0
1971-08-04 00:00:00-04:00,0.25771003872156145,0.26026162326335905,0.2551584541797638,0.2551584541797638,67200,0.0,0.0
1971-08-05 00:00:00-04:00,0.2564343512058258,0.2589859367899634,0.2564343512058258,0.2564343512058258,31600,0.0,0.0
1971-08-06 00:00:00-04:00,0.2564343512058258,0.2577101439978946,0.2564343512058258,0.2564343512058258,31200,0.0,0.0
1971-08-09 00:00:00-04:00,0.2564343512058258,0.2589859367899634,0.2564343512058258,0.2564343512058258,33600,0.0,0.0
1971-08-10 00:00:00-04:00,0.2564342769950923,0.2577100694179535,0.2564342769950923,0.2577100694179535,28800,0.0,0.0
1971-08-11 00:00:00-04:00,0.2577101439978946,0.2577101439978946,0.255158558413757,0.2564343512058258,36400,0.0,0.0
1971-08-12 00:00:00-04:00,0.2564342769950923,0.2577100694179535,0.2564342769950923,0.2577100694179535,46800,0.0,0.0
1971-08-13 00:00:00-04:00,0.25771002522830305,0.2602616096365041,0.25771002522830305,0.25898581743240356,36800,0.0,0.0
1971-08-16 00:00:00-04:00,0.26026174426078796,0.26408912285285835,0.26026174426078796,0.26026174426078796,75200,0.0,0.0
1971-08-17 00:00:00-04:00,0.2602616096365041,0.2628131940447051,0.25898581743240356,0.25898581743240356,86000,0.0,0.0
1971-08-18 00:00:00-04:00,0.2589859367899634,0.26026172958203214,0.2564343512058258,0.2564343512058258,57600,0.0,0.0
1971-08-19 00:00:00-04:00,0.25643423302420254,0.25898581743240356,0.25643423302420254,0.25898581743240356,42000,0.0,0.0
1971-08-20 00:00:00-04:00,0.25898581743240356,0.25898581743240356,0.25643423302420254,0.25898581743240356,46400,0.0,0.0
1971-08-23 00:00:00-04:00,0.2589858618408146,0.26153744668653695,0.2577100694179535,0.2577100694179535,47600,0.0,0.0
1971-08-24 00:00:00-04:00,0.25771002522830305,0.2615374018406046,0.25771002522830305,0.25898581743240356,39600,0.0,0.0
1971-08-25 00:00:00-04:00,0.2589858618408146,0.26026165426367576,0.2577100694179535,0.2577100694179535,52400,0.0,0.0
1971-08-26 00:00:00-04:00,0.25771002522830305,0.2602616096365041,0.25771002522830305,0.25898581743240356,36000,0.0,0.0
1971-08-27 00:00:00-04:00,0.2589859367899634,0.2589859367899634,0.2564343512058258,0.2564343512058258,38000,0.0,0.0
1971-08-30 00:00:00-04:00,0.2564342769950923,0.2589858618408146,0.2564342769950923,0.2577100694179535,45200,0.0,0.0
1971-08-31 00:00:00-04:00,0.25771002522830305,0.25898581743240356,0.25643423302420254,0.25898581743240356,54000,0.0,0.0
1971-09-01 00:00:00-04:00,0.2589858618408146,0.2589858618408146,0.2577100694179535,0.2577100694179535,53600,0.0,0.0
1971-09-02 00:00:00-04:00,0.25771002522830305,0.25898581743240356,0.25643423302420254,0.25898581743240356,36400,0.0,0.0
1971-09-03 00:00:00-04:00,0.2589858618408146,0.26026165426367576,0.2577100694179535,0.2577100694179535,45600,0.0,0.0
1971-09-07 00:00:00-04:00,0.2577101439978946,0.26026172958203214,0.2564343512058258,0.2564343512058258,157200,0.0,0.0
1971-09-08 00:00:00-04:00,0.2564343512058258,0.2577101439978946,0.255158558413757,0.2564343512058258,74000,0.0,0.0
1971-09-09 00:00:00-04:00,0.2564343512058258,0.2577101439978946,0.2564343512058258,0.2564343512058258,57200,0.0,0.0
1971-09-10 00:00:00-04:00,0.2564342769950923,0.2577100694179535,0.2564342769950923,0.2577100694179535,57200,0.0,0.0
1971-09-13 00:00:00-04:00,0.2577101439978946,0.2577101439978946,0.255158558413757,0.2564343512058258,58400,0.0,0.0
1971-09-14 00:00:00-04:00,0.2564342464506626,0.25771003872156145,0.2551584541797638,0.2551584541797638,45600,0.0,0.0
1971-09-15 00:00:00-04:00,0.25515848457223117,0.2577100694179535,0.25515848457223117,0.2577100694179535,53600,0.0,0.0
1971-09-16 00:00:00-04:00,0.2577100694179535,0.2589858618408146,0.25515848457223117,0.2577100694179535,55600,0.0,0.0
1971-09-17 00:00:00-04:00,0.2577100694179535,0.2577100694179535,0.25515848457223117,0.2577100694179535,44400,0.0,0.0
1971-09-20 00:00:00-04:00,0.2577101439978946,0.2589859367899634,0.255158558413757,0.2564343512058258,50800,0.0,0.0
1971-09-21 00:00:00-04:00,0.2564342464506626,0.2564342464506626,0.2551584541797638,0.2551584541797638,55600,0.0,0.0
1971-09-22 00:00:00-04:00,0.2551584541797638,0.2564342464506626,0.2551584541797638,0.2551584541797638,85600,0.0,0.0
1971-09-23 00:00:00-04:00,0.25515831894610996,0.25515831894610996,0.2526067357566489,0.2538825273513794,81600,0.0,0.0
1971-09-24 00:00:00-04:00,0.2538825273513794,0.25515831894610996,0.2526067357566489,0.2538825273513794,42000,0.0,0.0
1971-09-27 00:00:00-04:00,0.25388270571147126,0.25388270571147126,0.2513311207294464,0.2513311207294464,78800,0.0,0.0
1971-09-28 00:00:00-04:00,0.2513311207294464,0.25388270571147126,0.2513311207294464,0.2513311207294464,42000,0.0,0.0
1971-09-29 00:00:00-04:00,0.2513311200381554,0.2513311200381554,0.24750374257564542,0.24750374257564545,84800,0.0,0.0
1971-09-30 00:00:00-04:00,0.24750366868116916,0.2500552528943771,0.2462278765745652,0.24877946078777313,70800,0.0,0.0
1971-10-01 00:00:00-04:00,0.2487793609724572,0.2538825273513794,0.24750356937772666,0.2538825273513794,102400,0.0,0.0
1971-10-04 00:00:00-04:00,0.253882661908865,0.2564342464506626,0.25133107736706733,0.2551584541797638,82400,0.0,0.0
1971-10-05 00:00:00-04:00,0.2551584541797638,0.2564342464506626,0.253882661908865,0.2551584541797638,46800,0.0,0.0
1971-10-06 00:00:00-04:00,0.255158558413757,0.2564343512058258,0.2538827656216882,0.2564343512058258,46000,0.0,0.0
1971-10-07 00:00:00-04:00,0.2564342769950923,0.2589858618408146,0.2564342769950923,0.2577100694179535,73200,0.0,0.0
1971-10-08 00:00:00-04:00,0.25771003872156145,0.25898583099246025,0.2551584541797638,0.2551584541797638,52800,0.0,0.0
1971-10-11 00:00:00-04:00,0.25515848457223117,0.2577100694179535,0.25515848457223117,0.2577100694179535,42000,0.0,0.0
1971-10-12 00:00:00-04:00,0.2577100694179535,0.2589858618408146,0.2564342769950923,0.2577100694179535,56800,0.0,0.0
1971-10-13 00:00:00-04:00,0.2577100694179535,0.26026165426367576,0.2564342769950923,0.2577100694179535,60000,0.0,0.0
1971-10-14 00:00:00-04:00,0.2577100694179535,0.2589858618408146,0.2577100694179535,0.2577100694179535,39600,0.0,0.0
1971-10-15 00:00:00-04:00,0.2577100694179535,0.2577100694179535,0.2564342769950923,0.2577100694179535,41600,0.0,0.0
1971-10-18 00:00:00-04:00,0.2577101439978946,0.2589859367899634,0.2564343512058258,0.2564343512058258,34400,0.0,0.0
1971-10-19 00:00:00-04:00,0.2577100694179535,0.26026165426367576,0.2577100694179535,0.2577100694179535,38000,0.0,0.0
1971-10-20 00:00:00-04:00,0.25771003872156145,0.25898583099246025,0.2551584541797638,0.2551584541797638,81200,0.0,0.0
1971-10-21 00:00:00-04:00,0.2551584541797638,0.25771003872156145,0.2551584541797638,0.2551584541797638,46800,0.0,0.0
1971-10-22 00:00:00-04:00,0.25515848457223117,0.2577100694179535,0.25515848457223117,0.2577100694179535,37600,0.0,0.0
1971-10-25 00:00:00-04:00,0.2577100694179535,0.2589858618408146,0.25515848457223117,0.2577100694179535,40400,0.0,0.0
1971-10-26 00:00:00-04:00,0.25771002522830305,0.2602616096365041,0.25643423302420254,0.25898581743240356,82000,0.0,0.0
1971-10-27 00:00:00-04:00,0.25898593649631596,0.26408910765880494,0.25898593649631596,0.2615375220775604,90400,0.0,0.0
1971-10-28 00:00:00-04:00,0.2615374038760789,0.26536478051816786,0.2615374038760789,0.2640889883041382,74400,0.0,0.0
1971-10-29 00:00:00-04:00,0.2628133148681827,0.2628133148681827,0.2577101437056937,0.2615375220775604,37600,0.0,0.0
1971-11-01 00:00:00-05:00,0.2626957973041157,0.2626957973041157,0.25757002564940124,0.25885146856307983,49600,0.02825,0.0
1971-11-02 00:00:00-05:00,0.25885141133075923,0.25885141133075923,0.25628852607005864,0.25756996870040894,63600,0.0,0.0
1971-11-03 00:00:00-05:00,0.25756996870040894,0.2601328539611095,0.25756996870040894,0.25756996870040894,36400,0.0,0.0
1971-11-04 00:00:00-05:00,0.25757005252861626,0.26013293862342834,0.25757005252861626,0.26013293862342834,74400,0.0,0.0
1971-11-05 00:00:00-05:00,0.26013291147675843,0.26013291147675843,0.25757002564940124,0.25885146856307983,31600,0.0,0.0
1971-11-08 00:00:00-05:00,0.25885150402784346,0.25885150402784346,0.25628861784935,0.25628861784935,56400,0.0,0.0
1971-11-09 00:00:00-05:00,0.25757005252861626,0.26013293862342834,0.25757005252861626,0.26013293862342834,65200,0.0,0.0
1971-11-10 00:00:00-05:00,0.26013299516018695,0.26141443848609924,0.26013299516018695,0.26141443848609924,129600,0.0,0.0
1971-11-11 00:00:00-05:00,0.2614143362455961,0.2678215503692627,0.26013289342086277,0.2678215503692627,340800,0.0,0.0
1971-11-12 00:00:00-05:00,0.26782151815437133,0.26910296082496643,0.2665400754837763,0.26910296082496643,544400,0.0,0.0
1971-11-15 00:00:00-05:00,0.2691030921866593,0.2691030921866593,0.2639773190021515,0.2639773190021515,174800,0.0,0.0
1971-11-16 00:00:00-05:00,0.26397719014258614,0.26910296082496643,0.26397719014258614,0.26910296082496643,224800,0.0,0.0
1971-11-17 00:00:00-05:00,0.2691030921866593,0.2691030921866593,0.26269587570602454,0.2639773190021515,83600,0.0,0.0
1971-11-18 00:00:00-05:00,0.26397729210737275,0.2665401784385123,0.262695848941803,0.262695848941803,74800,0.0,0.0
1971-11-19 00:00:00-05:00,0.26269587570602454,0.26525876229827844,0.2614144324098976,0.2639773190021515,84400,0.0,0.0
1971-11-22 00:00:00-05:00,0.26397729210737275,0.2652587352729425,0.262695848941803,0.262695848941803,62000,0.0,0.0
1971-11-23 00:00:00-05:00,0.2626957973041157,0.2626957973041157,0.25885146856307983,0.25885146856307983,120000,0.0,0.0
1971-11-24 00:00:00-05:00,0.25885141133075923,0.2601328539611095,0.25756996870040894,0.25756996870040894,71200,0.0,0.0
1971-11-26 00:00:00-05:00,0.25757002564940124,0.26013291147675843,0.25757002564940124,0.25885146856307983,54800,0.0,0.0
1971-11-29 00:00:00-05:00,0.25885146856307983,0.26013291147675843,0.25885146856307983,0.25885146856307983,136400,0.0,0.0
1971-11-30 00:00:00-05:00,0.25885146856307983,0.26013291147675843,0.25757002564940124,0.25885146856307983,104000,0.0,0.0
1971-12-01 00:00:00-05:00,0.25885146856307983,0.26013291147675843,0.25757002564940124,0.25885146856307983,99200,0.0,0.0
1971-12-02 00:00:00-05:00,0.25885146856307983,0.25885146856307983,0.25757002564940124,0.25885146856307983,88400,0.0,0.0
1971-12-03 00:00:00-05:00,0.25885149557602233,0.26013293862342834,0.25757005252861626,0.26013293862342834,70000,0.0,0.0
1971-12-06 00:00:00-05:00,0.2601328539611095,0.2601328539611095,0.25756996870040894,0.25756996870040894,85600,0.0,0.0
1971-12-07 00:00:00-05:00,0.25756996870040894,0.25885141133075923,0.25756996870040894,0.25756996870040894,67200,0.0,0.0
1971-12-08 00:00:00-05:00,0.25756996870040894,0.25885141133075923,0.25756996870040894,0.25756996870040894,56400,0.0,0.0
1971-12-09 00:00:00-05:00,0.25756996870040894,0.2601328539611095,0.25756996870040894,0.25756996870040894,62000,0.0,0.0
1971-12-10 00:00:00-05:00,0.25757005252861626,0.26013293862342834,0.25757005252861626,0.26013293862342834,68800,0.0,0.0
1971-12-13 00:00:00-05:00,0.26013293862342834,0.26013293862342834,0.25757005252861626,0.26013293862342834,78000,0.0,0.0
1971-12-14 00:00:00-05:00,0.26013291147675843,0.26013291147675843,0.25757002564940124,0.25885146856307983,57200,0.0,0.0
1971-12-15 00:00:00-05:00,0.25885150402784346,0.25885150402784346,0.25628861784935,0.25628861784935,87200,0.0,0.0
1971-12-16 00:00:00-05:00,0.25628861784935,0.25885150402784346,0.25628861784935,0.25628861784935,75200,0.0,0.0
1971-12-17 00:00:00-05:00,0.2562886094812102,0.26013293862342834,0.2562886094812102,0.26013293862342834,108000,0.0,0.0
1971-12-20 00:00:00-05:00,0.26013293862342834,0.2614143816708344,0.25757005252861626,0.26013293862342834,108400,0.0,0.0
1971-12-21 00:00:00-05:00,0.26013293862342834,0.26013293862342834,0.25885149557602233,0.26013293862342834,67600,0.0,0.0
1971-12-22 00:00:00-05:00,0.26013291147675843,0.26013291147675843,0.25757002564940124,0.25885146856307983,62000,0.0,0.0
1971-12-23 00:00:00-05:00,0.25885141133075923,0.2601328539611095,0.25756996870040894,0.25756996870040894,42400,0.0,0.0
1971-12-27 00:00:00-05:00,0.25885149557602233,0.26013293862342834,0.25885149557602233,0.26013293862342834,77200,0.0,0.0
1971-12-28 00:00:00-05:00,0.26013299516018695,0.26141443848609924,0.2588515518342747,0.26141443848609924,101200,0.0,0.0
1971-12-29 00:00:00-05:00,0.2614144057762332,0.262695848941803,0.26013296261066343,0.262695848941803,132800,0.0,0.0
1971-12-30 00:00:00-05:00,0.26269581366852285,0.26525869965553284,0.26269581366852285,0.26525869965553284,128400,0.0,0.0
1971-12-31 00:00:00-05:00,0.26525869965553284,0.26525869965553284,0.2639772566620278,0.26525869965553284,80400,0.0,0.0
1972-01-03 00:00:00-05:00,0.2652587265922473,0.26910305596314943,0.2652587265922473,0.26654016971588135,121600,0.0,0.0
1972-01-04 00:00:00-05:00,0.26654019061988,0.2703845202922821,0.26654019061988,0.2703845202922821,78400,0.0,0.0
1972-01-05 00:00:00-05:00,0.27038442336510277,0.2742287516593933,0.27038442336510277,0.2742287516593933,96800,0.0,0.0
1972-01-06 00:00:00-05:00,0.2742287516593933,0.2742287516593933,0.2729473088946298,0.2742287516593933,132800,0.0,0.0
1972-01-07 00:00:00-05:00,0.2742286942934206,0.2755101367901189,0.2729472517967224,0.2729472517967224,82400,0.0,0.0
1972-01-10 00:00:00-05:00,0.2729472451739841,0.2767915725708008,0.2729472451739841,0.2767915725708008,105200,0.0,0.0
1972-01-11 00:00:00-05:00,0.2767916297033635,0.280635957893688,0.27551018697325536,0.2780730724334717,133600,0.0,0.0
1972-01-12 00:00:00-05:00,0.2780730996383439,0.28191742820477267,0.2767916567828677,0.2793545424938202,91600,0.0,0.0
1972-01-13 00:00:00-05:00,0.27935451516357984,0.280635957893688,0.2780730724334717,0.2780730724334717,73200,0.0,0.0
1972-01-14 00:00:00-05:00,0.2780730724334717,0.280635957893688,0.2780730724334717,0.2780730724334717,92000,0.0,0.0
1972-01-17 00:00:00-05:00,0.2780730996383439,0.2806359853492964,0.2780730996383439,0.2793545424938202,75200,0.0,0.0
1972-01-18 00:00:00-05:00,0.27935462890694673,0.2819175154106802,0.27935462890694673,0.2806360721588135,92000,0.0,0.0
1972-01-19 00:00:00-05:00,0.2806360721588135,0.2819175154106802,0.27935462890694673,0.2806360721588135,76000,0.0,0.0
1972-01-20 00:00:00-05:00,0.2806360721588135,0.2806360721588135,0.27807318565508,0.2806360721588135,65600,0.0,0.0
1972-01-21 00:00:00-05:00,0.2793545424938202,0.2793545424938202,0.2767916567828677,0.2793545424938202,88000,0.0,0.0
1972-01-24 00:00:00-05:00,0.2780731375827346,0.2780731375827346,0.26654015030971795,0.2755102515220642,99200,0.0,0.0
1972-01-25 00:00:00-05:00,0.2755102515220642,0.2767916945523994,0.27294736546139386,0.2755102515220642,48000,0.0,0.0
1972-01-26 00:00:00-05:00,0.2755102515220642,0.2767916945523994,0.27422880849172904,0.2755102515220642,60800,0.0,0.0
1972-01-27 00:00:00-05:00,0.27551018697325536,0.2780730724334717,0.2742287442431472,0.2780730724334717,91200,0.0,0.0
1972-01-28 00:00:00-05:00,0.2780731533061374,0.2819174826145172,0.2780731533061374,0.2819174826145172,76000,0.0,0.0
1972-01-31 00:00:00-05:00,0.2813962446132176,0.2813962446132176,0.27748796343803406,0.27748796343803406,62000,0.1125,0.0
1972-02-01 00:00:00-05:00,0.2774881797177451,0.2787909411248707,0.2735798954963684,0.2735798954963684,87600,0.0,0.0
1972-02-02 00:00:00-05:00,0.2735795187607907,0.27488227837393725,0.27227675914764404,0.27227675914764404,77200,0.0,0.0
1972-02-03 00:00:00-05:00,0.2722768560405026,0.27618513627074903,0.2722768560405026,0.27488237619400024,66000,0.0,0.0
1972-02-04 00:00:00-05:00,0.274882656903494,0.274882656903494,0.27227713408924287,0.2735798954963684,108000,0.0,0.0
1972-02-07 00:00:00-05:00,0.27357977026930225,0.27357977026930225,0.2709742486476898,0.2709742486476898,65600,0.0,0.0
1972-02-08 00:00:00-05:00,0.2709742486476898,0.27357977026930225,0.2709742486476898,0.2709742486476898,72000,0.0,0.0
1972-02-09 00:00:00-05:00,0.2709742486476898,0.27227700945849603,0.2709742486476898,0.2709742486476898,104000,0.0,0.0
1972-02-10 00:00:00-05:00,0.27097413365433853,0.2722768939122921,0.2670658528804779,0.2670658528804779,117600,0.0,0.0
1972-02-11 00:00:00-05:00,0.2670658528804779,0.269671373396385,0.26576309262252434,0.2670658528804779,87600,0.0,0.0
1972-02-14 00:00:00-05:00,0.2670658528804779,0.26836861313843147,0.26576309262252434,0.2670658528804779,103600,0.0,0.0
1972-02-15 00:00:00-05:00,0.26706590091140525,0.268368661403656,0.2657631404191545,0.268368661403656,87600,0.0,0.0
1972-02-16 00:00:00-05:00,0.26836861313843147,0.26836861313843147,0.2670658528804779,0.2670658528804779,60000,0.0,0.0
1972-02-17 00:00:00-05:00,0.26706590091140525,0.2709741823881575,0.26706590091140525,0.268368661403656,69600,0.0,0.0
1972-02-18 00:00:00-05:00,0.26836872702607745,0.2709742486476898,0.26706596621527123,0.2709742486476898,63200,0.0,0.0
1972-02-22 00:00:00-05:00,0.2709739995344974,0.27227675914764404,0.26836848030820415,0.27227675914764404,106800,0.0,0.0
1972-02-23 00:00:00-05:00,0.27227699137540257,0.27227699137540257,0.2696714699268341,0.2696714699268341,70000,0.0,0.0
1972-02-24 00:00:00-05:00,0.26967142189590676,0.27227694288040827,0.268368661403656,0.268368661403656,66000,0.0,0.0
1972-02-25 00:00:00-05:00,0.26836848030820415,0.27227675914764404,0.26836848030820415,0.27227675914764404,62000,0.0,0.0
1972-02-28 00:00:00-05:00,0.27227675914764404,0.27227675914764404,0.2696712399213508,0.27227675914764404,64000,0.0,0.0
1972-02-29 00:00:00-05:00,0.27227675914764404,0.27227675914764404,0.2696712399213508,0.27227675914764404,83600,0.0,0.0
1972-03-01 00:00:00-05:00,0.27227675914764404,0.27227675914764404,0.2696712399213508,0.27227675914764404,93200,0.0,0.0
1972-03-02 00:00:00-05:00,0.27227699137540257,0.27227699137540257,0.2696714699268341,0.2696714699268341,86800,0.0,0.0
1972-03-03 00:00:00-05:00,0.2696714699268341,0.2709742306511183,0.26836870920254985,0.2696714699268341,44800,0.0,0.0
1972-03-06 00:00:00-05:00,0.2696712399213508,0.27227675914764404,0.2696712399213508,0.27227675914764404,97600,0.0,0.0
1972-03-07 00:00:00-05:00,0.27227675914764404,0.2735795187607907,0.2709739995344974,0.27227675914764404,74000,0.0,0.0
1972-03-08 00:00:00-05:00,0.27227700945849603,0.27227700945849603,0.2696714878368836,0.2709742486476898,76400,0.0,0.0
1972-03-09 00:00:00-05:00,0.2709742486476898,0.27227700945849603,0.2709742486476898,0.2709742486476898,84000,0.0,0.0
1972-03-10 00:00:00-05:00,0.2709742306511183,0.27357975209968677,0.2696714699268341,0.2696714699268341,76000,0.0,0.0
1972-03-13 00:00:00-05:00,0.2696714699268341,0.27227699137540257,0.2696714699268341,0.2696714699268341,59600,0.0,0.0
1972-03-14 00:00:00-05:00,0.26967142189590676,0.26967142189590676,0.268368661403656,0.268368661403656,106400,0.0,0.0
1972-03-15 00:00:00-05:00,0.26836870920254985,0.2696714699268341,0.26836870920254985,0.2696714699268341,51600,0.0,0.0
1972-03-16 00:00:00-05:00,0.2696714699268341,0.2709742306511183,0.26836870920254985,0.2696714699268341,73600,0.0,0.0
1972-03-17 00:00:00-05:00,0.2696714878368836,0.2709742486476898,0.26836872702607745,0.2709742486476898,60400,0.0,0.0
1972-03-20 00:00:00-05:00,0.2709742486476898,0.27227700945849603,0.26836872702607745,0.2709742486476898,66800,0.0,0.0
1972-03-21 00:00:00-05:00,0.2709739995344974,0.27227675914764404,0.2696712399213508,0.27227675914764404,76000,0.0,0.0
1972-03-22 00:00:00-05:00,0.2709741823881575,0.2709741823881575,0.268368661403656,0.268368661403656,83200,0.0,0.0
1972-03-23 00:00:00-05:00,0.26836872702607745,0.2709742486476898,0.26836872702607745,0.2709742486476898,83200,0.0,0.0
1972-03-24 00:00:00-05:00,0.270974175602782,0.270974175602782,0.26576313376426697,0.26576313376426697,131200,0.0,0.0
1972-03-27 00:00:00-05:00,0.26576313376426697,0.26836865468352444,0.26576313376426697,0.26576313376426697,88800,0.0,0.0
1972-03-28 00:00:00-05:00,0.26576313376426697,0.26836865468352444,0.26576313376426697,0.26576313376426697,54800,0.0,0.0
1972-03-29 00:00:00-05:00,0.2670658528804779,0.26836861313843147,0.2670658528804779,0.2670658528804779,73200,0.0,0.0
1972-03-30 00:00:00-05:00,0.26836848030820415,0.27227675914764404,0.26836848030820415,0.27227675914764404,90800,0.0,0.0
1972-04-03 00:00:00-05:00,0.27227700945849603,0.27357977026930225,0.2696714878368836,0.2709742486476898,81200,0.0,0.0
1972-04-04 00:00:00-05:00,0.2709742306511183,0.2709742306511183,0.26836870920254985,0.2696714699268341,50000,0.0,0.0
1972-04-05 00:00:00-05:00,0.2696714878368836,0.27227700945849603,0.2696714878368836,0.2709742486476898,56000,0.0,0.0
1972-04-06 00:00:00-05:00,0.2709741823881575,0.2709741823881575,0.268368661403656,0.268368661403656,60400,0.0,0.0
1972-04-07 00:00:00-05:00,0.26836872702607745,0.27227700945849603,0.26836872702607745,0.2709742486476898,80400,0.0,0.0
1972-04-10 00:00:00-05:00,0.2709742486476898,0.27227700945849603,0.2709742486476898,0.2709742486476898,115600,0.0,0.0
1972-04-11 00:00:00-05:00,0.2709741823881575,0.2709741823881575,0.268368661403656,0.268368661403656,65200,0.0,0.0
1972-04-12 00:00:00-05:00,0.26836861313843147,0.269671373396385,0.2670658528804779,0.2670658528804779,70800,0.0,0.0
1972-04-13 00:00:00-05:00,0.26706590091140525,0.2709741823881575,0.26706590091140525,0.268368661403656,70000,0.0,0.0
1972-04-14 00:00:00-05:00,0.268368661403656,0.26967142189590676,0.26706590091140525,0.268368661403656,46000,0.0,0.0
1972-04-17 00:00:00-05:00,0.26836861313843147,0.269671373396385,0.2670658528804779,0.2670658528804779,71200,0.0,0.0
1972-04-18 00:00:00-05:00,0.26706590091140525,0.26967142189590676,0.26706590091140525,0.268368661403656,56000,0.0,0.0
1972-04-19 00:00:00-05:00,0.26836861313843147,0.26836861313843147,0.2670658528804779,0.2670658528804779,57600,0.0,0.0
1972-04-20 00:00:00-05:00,0.2670658528804779,0.26836861313843147,0.2670658528804779,0.2670658528804779,70000,0.0,0.0
1972-04-21 00:00:00-05:00,0.2670658528804779,0.26836861313843147,0.2670658528804779,0.2670658528804779,65200,0.0,0.0
1972-04-24 00:00:00-05:00,0.2670658528804779,0.26836861313843147,0.2670658528804779,0.2670658528804779,72000,0.0,0.0
1972-04-25 00:00:00-05:00,0.2670658528804779,0.26836861313843147,0.2670658528804779,0.2670658528804779,62400,0.0,0.0
1972-04-26 00:00:00-05:00,0.2670658528804779,0.26836861313843147,0.26576309262252434,0.2670658528804779,78800,0.0,0.0
1972-04-27 00:00:00-05:00,0.26706590091140525,0.268368661403656,0.26706590091140525,0.268368661403656,52800,0.0,0.0
1972-04-28 00:00:00-05:00,0.26836870920254985,0.2696714699268341,0.26836870920254985,0.2696714699268341,92400,0.0,0.0
1972-05-01 00:00:00-04:00,0.27046695601176746,0.27046695601176746,0.26914113759994507,0.26914113759994507,90800,0.1125,0.0
1972-05-02 00:00:00-04:00,0.2691412028388597,0.2691412028388597,0.26648956537246704,0.26648956537246704,74800,0.0,0.0
1972-05-03 00:00:00-04:00,0.26648956537246704,0.26781538410566336,0.26516374663927067,0.26648956537246704,70000,0.0,0.0
1972-05-04 00:00:00-04:00,0.26648962187885056,0.2691412599074958,0.26648962187885056,0.2678154408931732,52800,0.0,0.0
1972-05-05 00:00:00-04:00,0.26781538410566336,0.26781538410566336,0.26516374663927067,0.26648956537246704,186400,0.0,0.0
1972-05-08 00:00:00-04:00,0.26648950830101964,0.26781532675027847,0.26516368985176086,0.26516368985176086,53600,0.0,0.0
1972-05-09 00:00:00-04:00,0.26516374663927067,0.26648956537246704,0.2638379279060743,0.26648956537246704,97200,0.0,0.0
1972-05-10 00:00:00-04:00,0.26648950830101964,0.26648950830101964,0.26383787140250203,0.26516368985176086,42800,0.0,0.0
1972-05-11 00:00:00-04:00,0.26516368985176086,0.26648950830101964,0.26516368985176086,0.26516368985176086,48400,0.0,0.0
1972-05-12 00:00:00-04:00,0.26516374663927067,0.26781538410566336,0.26516374663927067,0.26648956537246704,48000,0.0,0.0
1972-05-15 00:00:00-04:00,0.26648956537246704,0.26781538410566336,0.26516374663927067,0.26648956537246704,55200,0.0,0.0
1972-05-16 00:00:00-04:00,0.26648950830101964,0.26781532675027847,0.26383787140250203,0.26516368985176086,64800,0.0,0.0
1972-05-17 00:00:00-04:00,0.26516368985176086,0.26648950830101964,0.26383787140250203,0.26516368985176086,37600,0.0,0.0
1972-05-18 00:00:00-04:00,0.2651636324935223,0.2651636324935223,0.2638378143310547,0.2638378143310547,49200,0.0,0.0
1972-05-19 00:00:00-04:00,0.26383787140250203,0.26516368985176086,0.26383787140250203,0.26516368985176086,58400,0.0,0.0
1972-05-22 00:00:00-04:00,0.2651636324935223,0.2664894506559899,0.2638378143310547,0.2638378143310547,70000,0.0,0.0
1972-05-23 00:00:00-04:00,0.2638379663530022,0.2651637852793992,0.26118632850020823,0.2625121474266052,99200,0.0,0.0
1972-05-24 00:00:00-04:00,0.2611861824989319,0.2611861824989319,0.2598603643136581,0.2611861824989319,126800,0.0,0.0
1972-05-25 00:00:00-04:00,0.2611860396639671,0.2611860396639671,0.25588276982307434,0.25588276982307434,73200,0.0,0.0
1972-05-26 00:00:00-04:00,0.2558830617330013,0.258534699678421,0.25455724276029146,0.258534699678421,97200,0.0,0.0
1972-05-30 00:00:00-04:00,0.25853473270676797,0.259860551848854,0.257208913564682,0.257208913564682,75200,0.0,0.0
1972-05-31 00:00:00-04:00,0.257208913564682,0.259860551848854,0.255883094422596,0.257208913564682,78800,0.0,0.0
1972-06-01 00:00:00-04:00,0.257208913564682,0.259860551848854,0.255883094422596,0.257208913564682,72400,0.0,0.0
1972-06-02 00:00:00-04:00,0.257208913564682,0.26118637099093994,0.255883094422596,0.257208913564682,52800,0.0,0.0
1972-06-05 00:00:00-04:00,0.257208913564682,0.25853473270676797,0.255883094422596,0.257208913564682,44000,0.0,0.0
1972-06-06 00:00:00-04:00,0.25720858728329754,0.25720858728329754,0.25588276982307434,0.25588276982307434,72400,0.0,0.0
1972-06-07 00:00:00-04:00,0.2558830617330013,0.258534699678421,0.25455724276029146,0.258534699678421,42800,0.0,0.0
1972-06-08 00:00:00-04:00,0.258534699678421,0.25986051865113086,0.2572088807057112,0.258534699678421,63600,0.0,0.0
1972-06-09 00:00:00-04:00,0.258534699678421,0.258534699678421,0.2558830617330013,0.258534699678421,49200,0.0,0.0
1972-06-12 00:00:00-04:00,0.25853454838601914,0.2598603665828705,0.25720873018916773,0.2598603665828705,48000,0.0,0.0
1972-06-13 00:00:00-04:00,0.2598603643136581,0.2611861824989319,0.25853454612838433,0.2611861824989319,68800,0.0,0.0
1972-06-14 00:00:00-04:00,0.2611861824989319,0.26251200068420566,0.2611861824989319,0.2611861824989319,268400,0.0,0.0
1972-06-15 00:00:00-04:00,0.26118632850020823,0.2625121474266052,0.26118632850020823,0.2625121474266052,174400,0.0,0.0
1972-06-16 00:00:00-04:00,0.2625121474266052,0.2638379663530022,0.2625121474266052,0.2625121474266052,118800,0.0,0.0
1972-06-19 00:00:00-04:00,0.26383787140250203,0.26648950830101964,0.26383787140250203,0.26516368985176086,700400,0.0,0.0
1972-06-20 00:00:00-04:00,0.26516368985176086,0.26648950830101964,0.26383787140250203,0.26516368985176086,156800,0.0,0.0
1972-06-21 00:00:00-04:00,0.2651636324935223,0.2664894506559899,0.2638378143310547,0.2638378143310547,194400,0.0,0.0
1972-06-22 00:00:00-04:00,0.26383787140250203,0.26516368985176086,0.26383787140250203,0.26516368985176086,112800,0.0,0.0
1972-06-23 00:00:00-04:00,0.26516374663927067,0.26648956537246704,0.26516374663927067,0.26648956537246704,76400,0.0,0.0
1972-06-26 00:00:00-04:00,0.26648956537246704,0.26648956537246704,0.26516374663927067,0.26648956537246704,100000,0.0,0.0
1972-06-27 00:00:00-04:00,0.2664894506559899,0.2664894506559899,0.2638378143310547,0.2638378143310547,90000,0.0,0.0
1972-06-28 00:00:00-04:00,0.26383787140250203,0.26516368985176086,0.26383787140250203,0.26516368985176086,95200,0.0,0.0
1972-06-29 00:00:00-04:00,0.2651636324935223,0.2651636324935223,0.26251199616858706,0.2638378143310547,88400,0.0,0.0
1972-06-30 00:00:00-04:00,0.2638378143310547,0.2651636324935223,0.26251199616858706,0.2638378143310547,70400,0.0,0.0
1972-07-03 00:00:00-04:00,0.26383787140250203,0.26516368985176086,0.26383787140250203,0.26516368985176086,53200,0.0,0.0
1972-07-05 00:00:00-04:00,0.26516368985176086,0.26516368985176086,0.26383787140250203,0.26516368985176086,82000,0.0,0.0
1972-07-06 00:00:00-04:00,0.26516374663927067,0.26648956537246704,0.26516374663927067,0.26648956537246704,108000,0.0,0.0
1972-07-07 00:00:00-04:00,0.26648956537246704,0.26781538410566336,0.26516374663927067,0.26648956537246704,77200,0.0,0.0
1972-07-10 00:00:00-04:00,0.26648956537246704,0.26648956537246704,0.26516374663927067,0.26648956537246704,57200,0.0,0.0
1972-07-11 00:00:00-04:00,0.26648962187885056,0.2678154408931732,0.26516380286452795,0.2678154408931732,58000,0.0,0.0
1972-07-12 00:00:00-04:00,0.26781538410566336,0.2691412028388597,0.26648956537246704,0.26648956537246704,66000,0.0,0.0
1972-07-13 00:00:00-04:00,0.26648956537246704,0.26781538410566336,0.26516374663927067,0.26648956537246704,40000,0.0,0.0
1972-07-14 00:00:00-04:00,0.26648962187885056,0.2678154408931732,0.26648962187885056,0.2678154408931732,49200,0.0,0.0
1972-07-17 00:00:00-04:00,0.2678154408931732,0.2678154408931732,0.26648962187885056,0.2678154408931732,78000,0.0,0.0
1972-07-18 00:00:00-04:00,0.26781538410566336,0.26781538410566336,0.26648956537246704,0.26648956537246704,90400,0.0,0.0
1972-07-19 00:00:00-04:00,0.26648956537246704,0.26781538410566336,0.26648956537246704,0.26648956537246704,55600,0.0,0.0
1972-07-20 00:00:00-04:00,0.26648950830101964,0.26781532675027847,0.26516368985176086,0.26516368985176086,71600,0.0,0.0
1972-07-21 00:00:00-04:00,0.26648956537246704,0.26781538410566336,0.26648956537246704,0.26648956537246704,47600,0.0,0.0
1972-07-24 00:00:00-04:00,0.26648962187885056,0.2691412599074958,0.26648962187885056,0.2678154408931732,255200,0.0,0.0
1972-07-25 00:00:00-04:00,0.2678153191881227,0.26914113759994507,0.2678153191881227,0.26914113759994507,75200,0.0,0.0
1972-07-26 00:00:00-04:00,0.2691412028388597,0.2691412028388597,0.26648956537246704,0.26648956537246704,96000,0.0,0.0
1972-07-27 00:00:00-04:00,0.2664895007763003,0.26914113759994507,0.2664895007763003,0.26914113759994507,76400,0.0,0.0
1972-07-28 00:00:00-04:00,0.26914113759994507,0.27046695601176746,0.2678153191881227,0.26914113759994507,62400,0.0,0.0
1972-07-31 00:00:00-04:00,0.26995097145889746,0.26995097145889746,0.26725146174430847,0.26725146174430847,130400,0.1125,0.0
1972-08-01 00:00:00-04:00,0.2672517415881157,0.2699512541294098,0.2672517415881157,0.2699512541294098,56400,0.0,0.0
1972-08-02 00:00:00-04:00,0.269951113504381,0.27130086907190293,0.26860135793685913,0.26860135793685913,96000,0.0,0.0
1972-08-03 00:00:00-04:00,0.26860135793685913,0.27130086907190293,0.26860135793685913,0.26860135793685913,138400,0.0,0.0
1972-08-04 00:00:00-04:00,0.26860135793685913,0.269951113504381,0.26860135793685913,0.26860135793685913,68400,0.0,0.0
1972-08-07 00:00:00-04:00,0.26860149785876275,0.2699512541294098,0.26860149785876275,0.2699512541294098,52400,0.0,0.0
1972-08-08 00:00:00-04:00,0.2699512541294098,0.27130101040005683,0.26860149785876275,0.2699512541294098,65600,0.0,0.0
1972-08-09 00:00:00-04:00,0.26995097145889746,0.26995097145889746,0.26725146174430847,0.26725146174430847,54800,0.0,0.0
1972-08-10 00:00:00-04:00,0.2672516023693372,0.269951113504381,0.2672516023693372,0.26860135793685913,40000,0.0,0.0
1972-08-11 00:00:00-04:00,0.26860121660160297,0.26995097145889746,0.26725146174430847,0.26725146174430847,44800,0.0,0.0
1972-08-14 00:00:00-04:00,0.26725146174430847,0.26995097145889746,0.26725146174430847,0.26725146174430847,54000,0.0,0.0
1972-08-15 00:00:00-04:00,0.2672516023693372,0.269951113504381,0.2672516023693372,0.26860135793685913,64800,0.0,0.0
1972-08-16 00:00:00-04:00,0.26860149785876275,0.2699512541294098,0.2672517415881157,0.2699512541294098,61600,0.0,0.0
1972-08-17 00:00:00-04:00,0.2699512541294098,0.2699512541294098,0.2672517415881157,0.2699512541294098,62400,0.0,0.0
1972-08-18 00:00:00-04:00,0.26995097145889746,0.26995097145889746,0.26725146174430847,0.26725146174430847,55600,0.0,0.0
1972-08-21 00:00:00-04:00,0.26725146174430847,0.26860121660160297,0.26725146174430847,0.26725146174430847,71600,0.0,0.0
1972-08-22 00:00:00-04:00,0.26725146174430847,0.26860121660160297,0.26725146174430847,0.26725146174430847,50400,0.0,0.0
1972-08-23 00:00:00-04:00,0.2672516023693372,0.269951113504381,0.2672516023693372,0.26860135793685913,57600,0.0,0.0
1972-08-24 00:00:00-04:00,0.26860135793685913,0.269951113504381,0.2672516023693372,0.26860135793685913,76400,0.0,0.0
1972-08-25 00:00:00-04:00,0.26860121660160297,0.26995097145889746,0.26725146174430847,0.26725146174430847,54000,0.0,0.0
1972-08-28 00:00:00-04:00,0.2672516023693372,0.269951113504381,0.2672516023693372,0.26860135793685913,68400,0.0,0.0
1972-08-29 00:00:00-04:00,0.26860121660160297,0.26860121660160297,0.26725146174430847,0.26725146174430847,37200,0.0,0.0
1972-08-30 00:00:00-04:00,0.26725146174430847,0.26860121660160297,0.26725146174430847,0.26725146174430847,35200,0.0,0.0
1972-08-31 00:00:00-04:00,0.2672516023693372,0.269951113504381,0.2672516023693372,0.26860135793685913,51600,0.0,0.0
1972-09-01 00:00:00-04:00,0.26860149785876275,0.2699512541294098,0.26860149785876275,0.2699512541294098,70800,0.0,0.0
1972-09-05 00:00:00-04:00,0.26995097145889746,0.26995097145889746,0.26725146174430847,0.26725146174430847,42800,0.0,0.0
1972-09-06 00:00:00-04:00,0.2672516023693372,0.26860135793685913,0.2672516023693372,0.26860135793685913,60000,0.0,0.0
1972-09-07 00:00:00-04:00,0.26860135793685913,0.26860135793685913,0.2672516023693372,0.26860135793685913,40800,0.0,0.0
1972-09-08 00:00:00-04:00,0.26860121660160297,0.26995097145889746,0.26725146174430847,0.26725146174430847,39600,0.0,0.0
1972-09-11 00:00:00-04:00,0.2672516023693372,0.26860135793685913,0.2672516023693372,0.26860135793685913,49200,0.0,0.0
1972-09-12 00:00:00-04:00,0.26860121660160297,0.26860121660160297,0.26725146174430847,0.26725146174430847,53600,0.0,0.0
1972-09-13 00:00:00-04:00,0.26725146174430847,0.26860121660160297,0.26725146174430847,0.26725146174430847,46000,0.0,0.0
1972-09-14 00:00:00-04:00,0.26725146174430847,0.26860121660160297,0.265901706887014,0.26725146174430847,69200,0.0,0.0
1972-09-15 00:00:00-04:00,0.26725146174430847,0.26860121660160297,0.26725146174430847,0.26725146174430847,48000,0.0,0.0
1972-09-18 00:00:00-04:00,0.26725146174430847,0.26860121660160297,0.26725146174430847,0.26725146174430847,35200,0.0,0.0
1972-09-19 00:00:00-04:00,0.26725149941323373,0.2686012544607753,0.26590174436569214,0.26590174436569214,70400,0.0,0.0
1972-09-20 00:00:00-04:00,0.265901706887014,0.26995097145889746,0.265901706887014,0.26725146174430847,50800,0.0,0.0
1972-09-21 00:00:00-04:00,0.26725146174430847,0.26995097145889746,0.26725146174430847,0.26725146174430847,57200,0.0,0.0
1972-09-22 00:00:00-04:00,0.2672516023693372,0.26860135793685913,0.2672516023693372,0.26860135793685913,45600,0.0,0.0
1972-09-25 00:00:00-04:00,0.26860135793685913,0.269951113504381,0.2672516023693372,0.26860135793685913,79200,0.0,0.0
1972-09-26 00:00:00-04:00,0.26860135793685913,0.26860135793685913,0.2672516023693372,0.26860135793685913,35200,0.0,0.0
1972-09-27 00:00:00-04:00,0.26860121660160297,0.26860121660160297,0.26725146174430847,0.26725146174430847,46800,0.0,0.0
1972-09-28 00:00:00-04:00,0.2672516023693372,0.26860135793685913,0.2672516023693372,0.26860135793685913,72800,0.0,0.0
1972-09-29 00:00:00-04:00,0.26860135793685913,0.26860135793685913,0.2672516023693372,0.26860135793685913,38800,0.0,0.0
1972-10-02 00:00:00-04:00,0.26860135793685913,0.26860135793685913,0.2672516023693372,0.26860135793685913,58400,0.0,0.0
1972-10-03 00:00:00-04:00,0.26860135793685913,0.269951113504381,0.2672516023693372,0.26860135793685913,65600,0.0,0.0
1972-10-04 00:00:00-04:00,0.26860149785876275,0.2699512541294098,0.2672517415881157,0.2699512541294098,41200,0.0,0.0
1972-10-05 00:00:00-04:00,0.26860121660160297,0.26860121660160297,0.26725146174430847,0.26725146174430847,38800,0.0,0.0
1972-10-06 00:00:00-04:00,0.26725146174430847,0.26860121660160297,0.26725146174430847,0.26725146174430847,62400,0.0,0.0
1972-10-09 00:00:00-04:00,0.2672517415881157,0.2699512541294098,0.2672517415881157,0.2699512541294098,50800,0.0,0.0
1972-10-10 00:00:00-04:00,0.26995097145889746,0.26995097145889746,0.26725146174430847,0.26725146174430847,47600,0.0,0.0
1972-10-11 00:00:00-04:00,0.2672516023693372,0.269951113504381,0.2672516023693372,0.26860135793685913,54000,0.0,0.0
1972-10-12 00:00:00-04:00,0.26860135793685913,0.269951113504381,0.2672516023693372,0.26860135793685913,51600,0.0,0.0
1972-10-13 00:00:00-04:00,0.26860149785876275,0.2699512541294098,0.26860149785876275,0.2699512541294098,39600,0.0,0.0
1972-10-16 00:00:00-04:00,0.269951113504381,0.269951113504381,0.2672516023693372,0.26860135793685913,57600,0.0,0.0
1972-10-17 00:00:00-04:00,0.26860149785876275,0.2699512541294098,0.26860149785876275,0.2699512541294098,77200,0.0,0.0
1972-10-18 00:00:00-04:00,0.269951113504381,0.27130086907190293,0.26860135793685913,0.26860135793685913,76000,0.0,0.0
1972-10-19 00:00:00-04:00,0.26860149785876275,0.2699512541294098,0.26860149785876275,0.2699512541294098,38800,0.0,0.0
1972-10-20 00:00:00-04:00,0.2699512541294098,0.27130101040005683,0.2699512541294098,0.2699512541294098,33600,0.0,0.0
1972-10-23 00:00:00-04:00,0.2699511264687154,0.27265063773340253,0.2699511264687154,0.27130088210105896,37200,0.0,0.0
1972-10-24 00:00:00-04:00,0.27130065880385523,0.2740001678466797,0.269950904282443,0.2740001678466797,77600,0.0,0.0
1972-10-25 00:00:00-04:00,0.2740004447722199,0.2740004447722199,0.27130093300106506,0.27265068888664246,59200,0.0,0.0
1972-10-26 00:00:00-04:00,0.27265041332526746,0.2740001678466797,0.27130065880385523,0.2740001678466797,64400,0.0,0.0
1972-10-27 00:00:00-04:00,0.27400033037836957,0.27669984102249146,0.27400033037836957,0.27669984102249146,89200,0.0,0.0
1972-10-30 00:00:00-05:00,0.2775243136286736,0.2775243136286736,0.2734026654064656,0.27477654814720154,65200,0.1125,0.0
1972-10-31 00:00:00-05:00,0.2747764539479011,0.2747764539479011,0.2734025716781616,0.2734025716781616,60400,0.0,0.0
1972-11-01 00:00:00-05:00,0.273402447050268,0.2747763286937367,0.2720285654067993,0.2720285654067993,93600,0.0,0.0
1972-11-02 00:00:00-05:00,0.2720285654067993,0.273402447050268,0.2720285654067993,0.2720285654067993,80000,0.0,0.0
1972-11-03 00:00:00-05:00,0.27202878266572955,0.27477654814720154,0.27202878266572955,0.27477654814720154,88000,0.0,0.0
1972-11-06 00:00:00-05:00,0.2747764539479011,0.2747764539479011,0.2734025716781616,0.2734025716781616,86800,0.0,0.0
1972-11-08 00:00:00-05:00,0.2734025716781616,0.2761503362176406,0.2734025716781616,0.2734025716781616,110800,0.0,0.0
1972-11-09 00:00:00-05:00,0.2734025716781616,0.2747764539479011,0.2734025716781616,0.2734025716781616,88400,0.0,0.0
1972-11-10 00:00:00-05:00,0.2734026654064656,0.27477654814720154,0.2734026654064656,0.27477654814720154,126800,0.0,0.0
1972-11-13 00:00:00-05:00,0.2747764539479011,0.2747764539479011,0.2734025716781616,0.2734025716781616,108800,0.0,0.0
1972-11-14 00:00:00-05:00,0.2734025716781616,0.2747764539479011,0.2720286894084221,0.2734025716781616,113600,0.0,0.0
1972-11-15 00:00:00-05:00,0.2734025716781616,0.2734025716781616,0.2720286894084221,0.2734025716781616,91600,0.0,0.0
1972-11-16 00:00:00-05:00,0.2734026654064656,0.27477654814720154,0.2734026654064656,0.27477654814720154,96400,0.0,0.0
1972-11-17 00:00:00-05:00,0.27477654814720154,0.27477654814720154,0.2734026654064656,0.27477654814720154,90400,0.0,0.0
1972-11-20 00:00:00-05:00,0.2747764539479011,0.2747764539479011,0.2734025716781616,0.2734025716781616,99200,0.0,0.0
1972-11-21 00:00:00-05:00,0.2734026152013552,0.27752426266670227,0.2734026152013552,0.27752426266670227,138000,0.0,0.0
1972-11-22 00:00:00-05:00,0.27752426266670227,0.27889814515515127,0.2761503801782533,0.27752426266670227,205200,0.0,0.0
1972-11-24 00:00:00-05:00,0.2775241880882077,0.2830197165652019,0.273402541730462,0.28164583444595337,613200,0.0,0.0
1972-11-27 00:00:00-05:00,0.2816458690224342,0.2830197513103485,0.2816458690224342,0.2830197513103485,188400,0.0,0.0
1972-11-28 00:00:00-05:00,0.2830197165652019,0.2830197165652019,0.28164583444595337,0.28164583444595337,138400,0.0,0.0
1972-11-29 00:00:00-05:00,0.28164591932413624,0.2830198018574247,0.2802720367908478,0.2802720367908478,75600,0.0,0.0
1972-11-30 00:00:00-05:00,0.2802720367908478,0.2830198018574247,0.2802720367908478,0.2802720367908478,88400,0.0,0.0
1972-12-01 00:00:00-05:00,0.28027198673451986,0.2830197513103485,0.28027198673451986,0.2830197513103485,476400,0.0,0.0
1972-12-04 00:00:00-05:00,0.2830197513103485,0.2843936335982628,0.28027198673451986,0.2830197513103485,103600,0.0,0.0
1972-12-05 00:00:00-05:00,0.2830197165652019,0.2830197165652019,0.2802719523267048,0.28164583444595337,94400,0.0,0.0
1972-12-06 00:00:00-05:00,0.28164564388726143,0.28164564388726143,0.27889788150787354,0.27889788150787354,82000,0.0,0.0
1972-12-07 00:00:00-05:00,0.27889788150787354,0.2802717626975675,0.2775240003181796,0.27889788150787354,70400,0.0,0.0
1972-12-08 00:00:00-05:00,0.27889788150787354,0.2802717626975675,0.2761501191284856,0.27889788150787354,90000,0.0,0.0
1972-12-11 00:00:00-05:00,0.27889814515515127,0.27889814515515127,0.2761503801782533,0.27752426266670227,78800,0.0,0.0
1972-12-12 00:00:00-05:00,0.27752425807032416,0.27752425807032416,0.2747764931389348,0.2761503756046295,91200,0.0,0.0
1972-12-13 00:00:00-05:00,0.27615043088793756,0.2775243136286736,0.27477654814720154,0.27477654814720154,83200,0.0,0.0
1972-12-14 00:00:00-05:00,0.27477654814720154,0.2775243136286736,0.27477654814720154,0.27477654814720154,84800,0.0,0.0
1972-12-15 00:00:00-05:00,0.27477654814720154,0.2775243136286736,0.27477654814720154,0.27477654814720154,70800,0.0,0.0
1972-12-18 00:00:00-05:00,0.2747764931389348,0.27752425807032416,0.2747764931389348,0.2761503756046295,90400,0.0,0.0
1972-12-19 00:00:00-05:00,0.27615043088793756,0.27615043088793756,0.27477654814720154,0.27477654814720154,97200,0.0,0.0
1972-12-20 00:00:00-05:00,0.27477654814720154,0.27615043088793756,0.27477654814720154,0.27477654814720154,82800,0.0,0.0
1972-12-21 00:00:00-05:00,0.27477654814720154,0.27615043088793756,0.27477654814720154,0.27477654814720154,98000,0.0,0.0
1972-12-22 00:00:00-05:00,0.2747764931389348,0.2761503756046295,0.2734026106732401,0.2761503756046295,107600,0.0,0.0
1972-12-26 00:00:00-05:00,0.2761503756046295,0.2761503756046295,0.2734026106732401,0.2761503756046295,76000,0.0,0.0
1972-12-27 00:00:00-05:00,0.27615043088793756,0.27615043088793756,0.2734026654064656,0.27477654814720154,93600,0.0,0.0
1972-12-29 00:00:00-05:00,0.27477654814720154,0.27615043088793756,0.2734026654064656,0.27477654814720154,161200,0.0,0.0
1973-01-02 00:00:00-05:00,0.28027184458746424,0.2843934893608093,0.28027184458746424,0.2843934893608093,164400,0.0,0.0
1973-01-03 00:00:00-05:00,0.2843934893608093,0.28576737095192434,0.28164572617857925,0.2843934893608093,134000,0.0,0.0
1973-01-04 00:00:00-05:00,0.2843934893608093,0.28576737095192434,0.2843934893608093,0.2843934893608093,76800,0.0,0.0
1973-01-05 00:00:00-05:00,0.2843934354873804,0.2857673168182373,0.2830195541565235,0.2857673168182373,114400,0.0,0.0
1973-01-08 00:00:00-05:00,0.28576737095192434,0.28576737095192434,0.2830196077696943,0.2843934893608093,92000,0.0,0.0
1973-01-09 00:00:00-05:00,0.28439368439071316,0.28439368439071316,0.2802720367908478,0.2802720367908478,115600,0.0,0.0
1973-01-10 00:00:00-05:00,0.2802720276436003,0.2816459101320493,0.27752426266670227,0.27752426266670227,114400,0.0,0.0
1973-01-11 00:00:00-05:00,0.2775241880882077,0.28164583444595337,0.2775241880882077,0.28164583444595337,98400,0.0,0.0
1973-01-12 00:00:00-05:00,0.28164564388726143,0.2830195250769554,0.27889788150787354,0.27889788150787354,78800,0.0,0.0
1973-01-15 00:00:00-05:00,0.27889788150787354,0.2830195250769554,0.2775240003181796,0.27889788150787354,94000,0.0,0.0
1973-01-16 00:00:00-05:00,0.27889814515515127,0.2816459101320493,0.27752426266670227,0.27752426266670227,96400,0.0,0.0
1973-01-17 00:00:00-05:00,0.27752427172427085,0.2802720367908478,0.27752427172427085,0.2802720367908478,77600,0.0,0.0
1973-01-18 00:00:00-05:00,0.2802717626975675,0.28164564388726143,0.27889788150787354,0.27889788150787354,84400,0.0,0.0
1973-01-19 00:00:00-05:00,0.27889814515515127,0.2802720276436003,0.27752426266670227,0.27752426266670227,79600,0.0,0.0
1973-01-22 00:00:00-05:00,0.2788980702074563,0.28164583444595337,0.2788980702074563,0.28164583444595337,80400,0.0,0.0
1973-01-23 00:00:00-05:00,0.28164564388726143,0.28164564388726143,0.2761501191284856,0.27889788150787354,178000,0.0,0.0
1973-01-24 00:00:00-05:00,0.27889814515515127,0.27889814515515127,0.27752426266670227,0.27752426266670227,112800,0.0,0.0
1973-01-26 00:00:00-05:00,0.27752426266670227,0.2802720276436003,0.27752426266670227,0.27752426266670227,76400,0.0,0.0
1973-01-29 00:00:00-05:00,0.2775240003181796,0.2802717626975675,0.2775240003181796,0.27889788150787354,84800,0.0,0.0
1973-01-30 00:00:00-05:00,0.2788981542575593,0.2802720367908478,0.27752427172427085,0.2802720367908478,96800,0.0,0.0
1973-01-31 00:00:00-05:00,0.2802720367908478,0.28164591932413624,0.2788981542575593,0.2802720367908478,128400,0.0,0.0
1973-02-01 00:00:00-05:00,0.2797123774811251,0.2797123774811251,0.27551669181890825,0.2783138155937195,314400,0.1125,0.0
1973-02-02 00:00:00-05:00,0.27831384404139087,0.27831384404139087,0.2769152820110321,0.2769152820110321,120400,0.0,0.0
1973-02-05 00:00:00-05:00,0.2769152820110321,0.27831384404139087,0.2769152820110321,0.2769152820110321,87200,0.0,0.0
1973-02-06 00:00:00-05:00,0.2769152820110321,0.27831384404139087,0.2769152820110321,0.2769152820110321,57600,0.0,0.0
1973-02-07 00:00:00-05:00,0.2769153705103143,0.2783139329876391,0.2755168080329895,0.2755168080329895,113200,0.0,0.0
1973-02-08 00:00:00-05:00,0.2755168080329895,0.2783139329876391,0.2755168080329895,0.2755168080329895,68800,0.0,0.0
1973-02-09 00:00:00-05:00,0.27551671998067334,0.27831384404139087,0.27551671998067334,0.2769152820110321,70400,0.0,0.0
1973-02-12 00:00:00-05:00,0.2769152820110321,0.27831384404139087,0.27551671998067334,0.2769152820110321,77200,0.0,0.0
1973-02-13 00:00:00-05:00,0.27691525370631387,0.2783138155937195,0.27691525370631387,0.2783138155937195,54400,0.0,0.0
1973-02-14 00:00:00-05:00,0.2769153705103143,0.2769153705103143,0.2755168080329895,0.2755168080329895,72000,0.0,0.0
1973-02-15 00:00:00-05:00,0.27551671998067334,0.2769152820110321,0.27551671998067334,0.2769152820110321,70000,0.0,0.0
1973-02-16 00:00:00-05:00,0.2769152820110321,0.2769152820110321,0.27551671998067334,0.2769152820110321,42400,0.0,0.0
1973-02-20 00:00:00-05:00,0.2769153705103143,0.2783139329876391,0.2755168080329895,0.2755168080329895,73600,0.0,0.0
1973-02-21 00:00:00-05:00,0.2755168080329895,0.2769153705103143,0.2755168080329895,0.2755168080329895,53200,0.0,0.0
1973-02-22 00:00:00-05:00,0.2755168080329895,0.2755168080329895,0.2755168080329895,0.2755168080329895,46400,0.0,0.0
1973-02-23 00:00:00-05:00,0.27551683707504854,0.276915399699795,0.2741182744503021,0.2741182744503021,68000,0.0,0.0
1973-02-26 00:00:00-05:00,0.2741182744503021,0.27551683707504854,0.2741182744503021,0.2741182744503021,76400,0.0,0.0
1973-02-27 00:00:00-05:00,0.2741182744503021,0.27551683707504854,0.2741182744503021,0.2741182744503021,74800,0.0,0.0
1973-02-28 00:00:00-05:00,0.27411824555566466,0.2755168080329895,0.27411824555566466,0.2755168080329895,88800,0.0,0.0
1973-03-01 00:00:00-05:00,0.2755167760910132,0.2755167760910132,0.2727196514606476,0.2727196514606476,75200,0.0,0.0
1973-03-02 00:00:00-05:00,0.27271971182555566,0.27551683707504854,0.27271971182555566,0.2741182744503021,57200,0.0,0.0
1973-03-05 00:00:00-05:00,0.2741182744503021,0.276915399699795,0.27271971182555566,0.2741182744503021,84000,0.0,0.0
1973-03-06 00:00:00-05:00,0.2741182137758304,0.2741182137758304,0.2727196514606476,0.2727196514606476,53600,0.0,0.0
1973-03-07 00:00:00-05:00,0.27271971182555566,0.2741182744503021,0.27271971182555566,0.2741182744503021,62400,0.0,0.0
1973-03-08 00:00:00-05:00,0.2741182137758304,0.2741182137758304,0.27132108914546477,0.2727196514606476,62400,0.0,0.0
1973-03-09 00:00:00-05:00,0.27271971182555566,0.2741182744503021,0.27132114920080924,0.2741182744503021,75600,0.0,0.0
1973-03-12 00:00:00-05:00,0.2741182744503021,0.2741182744503021,0.27132114920080924,0.2741182744503021,48800,0.0,0.0
1973-03-13 00:00:00-05:00,0.2727197102971913,0.2727197102971913,0.2713211476802826,0.2713211476802826,60800,0.0,0.0
1973-03-14 00:00:00-05:00,0.27132108914546477,0.2727196514606476,0.27132108914546477,0.2727196514606476,69200,0.0,0.0
1973-03-15 00:00:00-05:00,0.27271971182555566,0.2741182744503021,0.27132114920080924,0.2741182744503021,57600,0.0,0.0
1973-03-16 00:00:00-05:00,0.2741182137758304,0.2741182137758304,0.2727196514606476,0.2727196514606476,60000,0.0,0.0
1973-03-19 00:00:00-05:00,0.2727197102971913,0.27411827291409996,0.2713211476802826,0.2713211476802826,74800,0.0,0.0
1973-03-20 00:00:00-05:00,0.2713211476802826,0.2727197102971913,0.2713211476802826,0.2713211476802826,60800,0.0,0.0
1973-03-21 00:00:00-05:00,0.27132108914546477,0.2727196514606476,0.27132108914546477,0.2727196514606476,63600,0.0,0.0
1973-03-22 00:00:00-05:00,0.2727197102971913,0.2727197102971913,0.2699225850633739,0.2713211476802826,86000,0.0,0.0
1973-03-23 00:00:00-05:00,0.27132114612807834,0.2727197087369859,0.26852402091026306,0.26852402091026306,89200,0.0,0.0
1973-03-26 00:00:00-05:00,0.26852378449909425,0.27132090725429314,0.26852378449909425,0.2699223458766937,90000,0.0,0.0
1973-03-27 00:00:00-05:00,0.2699223458766937,0.2727194686318926,0.2699223458766937,0.2699223458766937,81200,0.0,0.0
1973-03-28 00:00:00-05:00,0.2699225835191707,0.27132114612807834,0.26852402091026306,0.26852402091026306,72400,0.0,0.0
1973-03-29 00:00:00-05:00,0.26852402091026306,0.27132114612807834,0.26852402091026306,0.26852402091026306,82800,0.0,0.0
1973-03-30 00:00:00-05:00,0.26852402091026306,0.27132114612807834,0.26852402091026306,0.26852402091026306,62000,0.0,0.0
1973-04-02 00:00:00-05:00,0.2685240224464652,0.2727197102971913,0.2685240224464652,0.2713211476802826,73200,0.0,0.0
1973-04-03 00:00:00-05:00,0.2713211476802826,0.2713211476802826,0.2699225850633739,0.2713211476802826,64400,0.0,0.0
1973-04-04 00:00:00-05:00,0.2713211476802826,0.27411827291409996,0.2699225850633739,0.2713211476802826,63600,0.0,0.0
1973-04-05 00:00:00-05:00,0.27132108914546477,0.2727196514606476,0.27132108914546477,0.2727196514606476,52000,0.0,0.0
1973-04-06 00:00:00-05:00,0.2727197102971913,0.27411827291409996,0.2713211476802826,0.2713211476802826,50800,0.0,0.0
1973-04-09 00:00:00-05:00,0.27132114920080924,0.2741182744503021,0.27132114920080924,0.2741182744503021,46800,0.0,0.0
1973-04-10 00:00:00-05:00,0.2741181579503146,0.2769152820110321,0.27271959591995587,0.2769152820110321,78800,0.0,0.0
1973-04-11 00:00:00-05:00,0.2769153705103143,0.2769153705103143,0.2727196830783398,0.2755168080329895,71600,0.0,0.0
1973-04-12 00:00:00-05:00,0.2741182744503021,0.2741182744503021,0.27132114920080924,0.2741182744503021,69200,0.0,0.0
1973-04-13 00:00:00-05:00,0.2741182744503021,0.2741182744503021,0.27271971182555566,0.2741182744503021,44000,0.0,0.0
1973-04-16 00:00:00-05:00,0.2741182744503021,0.27551683707504854,0.27271971182555566,0.2741182744503021,60800,0.0,0.0
1973-04-17 00:00:00-05:00,0.2741182744503021,0.27551683707504854,0.27271971182555566,0.2741182744503021,61600,0.0,0.0
1973-04-18 00:00:00-05:00,0.2741182744503021,0.2741182744503021,0.27132114920080924,0.2741182744503021,55600,0.0,0.0
1973-04-19 00:00:00-05:00,0.2741182744503021,0.27551683707504854,0.27132114920080924,0.2741182744503021,55600,0.0,0.0
1973-04-23 00:00:00-05:00,0.27411827291409996,0.27411827291409996,0.2713211476802826,0.2713211476802826,55200,0.0,0.0
1973-04-24 00:00:00-05:00,0.27132108914546477,0.2741182137758304,0.27132108914546477,0.2727196514606476,40400,0.0,0.0
1973-04-25 00:00:00-05:00,0.27271971182555566,0.2741182744503021,0.27132114920080924,0.2741182744503021,49600,0.0,0.0
1973-04-26 00:00:00-05:00,0.2741182744503021,0.27551683707504854,0.27271971182555566,0.2741182744503021,64000,0.0,0.0
1973-04-27 00:00:00-05:00,0.2741182744503021,0.276915399699795,0.2741182744503021,0.2741182744503021,68000,0.0,0.0
1973-04-30 00:00:00-04:00,0.2741181579503146,0.2769152820110321,0.2741181579503146,0.2769152820110321,60000,0.0,0.0
1973-05-01 00:00:00-04:00,0.2769152820110321,0.27831384404139087,0.27551671998067334,0.2769152820110321,46400,0.0,0.0
1973-05-02 00:00:00-04:00,0.2769153705103143,0.2769153705103143,0.2755168080329895,0.2755168080329895,106400,0.0,0.0
1973-05-03 00:00:00-04:00,0.27779620932173854,0.27779620932173854,0.27494701743125916,0.27494701743125916,94800,0.1125,0.0
1973-05-04 00:00:00-04:00,0.27494691281268996,0.27637150821586454,0.2735223174095154,0.2735223174095154,76400,0.0,0.0
1973-05-07 00:00:00-04:00,0.2735223475190782,0.2763715386390686,0.2735223475190782,0.2763715386390686,81200,0.0,0.0
1973-05-08 00:00:00-04:00,0.27494691281268996,0.27494691281268996,0.2706731266031663,0.2735223174095154,114400,0.0,0.0
1973-05-09 00:00:00-04:00,0.2735224673622533,0.27494706354643167,0.2706732749938965,0.2706732749938965,74000,0.0,0.0
1973-05-10 00:00:00-04:00,0.2706732749938965,0.2720978711780749,0.2706732749938965,0.2706732749938965,59200,0.0,0.0
1973-05-11 00:00:00-04:00,0.27067323005636323,0.2720978260040283,0.27067323005636323,0.2720978260040283,62400,0.0,0.0
1973-05-14 00:00:00-04:00,0.2720978260040283,0.2735224219516934,0.27067323005636323,0.2720978260040283,54400,0.0,0.0
1973-05-15 00:00:00-04:00,0.2720978260040283,0.2720978260040283,0.2678240381610331,0.2720978260040283,101200,0.0,0.0
1973-05-16 00:00:00-04:00,0.2720978260040283,0.2720978260040283,0.2692486341086982,0.2720978260040283,69600,0.0,0.0
1973-05-17 00:00:00-04:00,0.27209782647708103,0.27209782647708103,0.2692486345767975,0.2692486345767975,47600,0.0,0.0
1973-05-18 00:00:00-04:00,0.2692485898733139,0.2706731855869293,0.2678239941596985,0.2678239941596985,53200,0.0,0.0
1973-05-21 00:00:00-04:00,0.2678239941596985,0.2692485898733139,0.26639939844608307,0.2678239941596985,94400,0.0,0.0
1973-05-22 00:00:00-04:00,0.2663993239402771,0.2663993239402771,0.2635501333098998,0.2663993239402771,118000,0.0,0.0
1973-05-23 00:00:00-04:00,0.2663994426765139,0.2692486345767975,0.2663994426765139,0.2692486345767975,178000,0.0,0.0
1973-05-24 00:00:00-04:00,0.2692486345767975,0.2692486345767975,0.2663994426765139,0.2692486345767975,155600,0.0,0.0
1973-05-25 00:00:00-04:00,0.2692486345767975,0.27067323052693926,0.2678240386266557,0.2692486345767975,118400,0.0,0.0
1973-05-29 00:00:00-04:00,0.2692486345767975,0.27067323052693926,0.2678240386266557,0.2692486345767975,80800,0.0,0.0
1973-05-30 00:00:00-04:00,0.2692485898733139,0.2692485898733139,0.2678239941596985,0.2678239941596985,64400,0.0,0.0
1973-05-31 00:00:00-04:00,0.2678239941596985,0.2678239941596985,0.26355020701885223,0.2678239941596985,122000,0.0,0.0
1973-06-01 00:00:00-04:00,0.2678239192554657,0.2678239192554657,0.2649747286250885,0.2663993239402771,92800,0.0,0.0
1973-06-04 00:00:00-04:00,0.2663993239402771,0.2678239192554657,0.2649747286250885,0.2663993239402771,66400,0.0,0.0
1973-06-05 00:00:00-04:00,0.26639954825883266,0.26639954825883266,0.26355035522932646,0.2649749517440796,74800,0.0,0.0
1973-06-06 00:00:00-04:00,0.2649747286250885,0.2678239192554657,0.2649747286250885,0.2663993239402771,78800,0.0,0.0
1973-06-07 00:00:00-04:00,0.26639939844608307,0.2678239941596985,0.26497480273246765,0.2678239941596985,44800,0.0,0.0
1973-06-08 00:00:00-04:00,0.2678239192554657,0.2678239192554657,0.2649747286250885,0.2663993239402771,81600,0.0,0.0
1973-06-11 00:00:00-04:00,0.26639954825883266,0.26639954825883266,0.2649749517440796,0.2649749517440796,74000,0.0,0.0
1973-06-12 00:00:00-04:00,0.2649749517440796,0.26639954825883266,0.2649749517440796,0.2649749517440796,58400,0.0,0.0
1973-06-13 00:00:00-04:00,0.2649749517440796,0.26639954825883266,0.2649749517440796,0.2649749517440796,58400,0.0,0.0
1973-06-14 00:00:00-04:00,0.2649747286250885,0.2663993239402771,0.2635501333098998,0.2663993239402771,65200,0.0,0.0
1973-06-15 00:00:00-04:00,0.26639954825883266,0.26639954825883266,0.26355035522932646,0.2649749517440796,80400,0.0,0.0
1973-06-18 00:00:00-04:00,0.2649746978605116,0.2663992930102993,0.2635501027107239,0.2635501027107239,85200,0.0,0.0
1973-06-19 00:00:00-04:00,0.2635501027107239,0.2635501027107239,0.26212550756093617,0.2635501027107239,70000,0.0,0.0
1973-06-20 00:00:00-04:00,0.2635501470902692,0.2649747424799463,0.26212555170059204,0.26212555170059204,58000,0.0,0.0
1973-06-21 00:00:00-04:00,0.26212550756093617,0.2635501027107239,0.26212550756093617,0.2635501027107239,75600,0.0,0.0
1973-06-22 00:00:00-04:00,0.2635501470902692,0.2635501470902692,0.2592763609212378,0.26212555170059204,105600,0.0,0.0
1973-06-25 00:00:00-04:00,0.2621255811754164,0.2621255811754164,0.2578517945258172,0.2592763900756836,88800,0.0,0.0
1973-06-26 00:00:00-04:00,0.25927646433720825,0.2621256562530017,0.25927646433720825,0.260701060295105,54000,0.0,0.0
1973-06-27 00:00:00-04:00,0.260701060295105,0.2621256562530017,0.25927646433720825,0.260701060295105,71600,0.0,0.0
1973-06-28 00:00:00-04:00,0.260701060295105,0.2635502522108985,0.260701060295105,0.260701060295105,62400,0.0,0.0
1973-06-29 00:00:00-04:00,0.2607009124111485,0.2635501027107239,0.2607009124111485,0.2635501027107239,53200,0.0,0.0
1973-07-02 00:00:00-04:00,0.2635501470902692,0.2635501470902692,0.26070095631091494,0.26212555170059204,66000,0.0,0.0
1973-07-03 00:00:00-04:00,0.26212555170059204,0.2635501470902692,0.26212555170059204,0.26212555170059204,64400,0.0,0.0
1973-07-05 00:00:00-04:00,0.2621256562530017,0.2635502522108985,0.260701060295105,0.260701060295105,62000,0.0,0.0
1973-07-06 00:00:00-04:00,0.260701060295105,0.2621256562530017,0.260701060295105,0.260701060295105,87600,0.0,0.0
1973-07-09 00:00:00-04:00,0.2607009124111485,0.2635501027107239,0.2607009124111485,0.2635501027107239,49200,0.0,0.0
1973-07-10 00:00:00-04:00,0.2635501470902692,0.2649747424799463,0.26070095631091494,0.26212555170059204,70000,0.0,0.0
1973-07-11 00:00:00-04:00,0.2621256562530017,0.2635502522108985,0.260701060295105,0.260701060295105,57200,0.0,0.0
1973-07-12 00:00:00-04:00,0.260701060295105,0.2621256562530017,0.260701060295105,0.260701060295105,56800,0.0,0.0
1973-07-13 00:00:00-04:00,0.260701060295105,0.2621256562530017,0.260701060295105,0.260701060295105,42800,0.0,0.0
1973-07-16 00:00:00-04:00,0.260701060295105,0.2635502522108985,0.260701060295105,0.260701060295105,35200,0.0,0.0
1973-07-17 00:00:00-04:00,0.260701060295105,0.2621256562530017,0.260701060295105,0.260701060295105,66400,0.0,0.0
1973-07-18 00:00:00-04:00,0.26070095631091494,0.26212555170059204,0.26070095631091494,0.26212555170059204,56800,0.0,0.0
1973-07-19 00:00:00-04:00,0.2621256562530017,0.2621256562530017,0.260701060295105,0.260701060295105,71200,0.0,0.0
1973-07-20 00:00:00-04:00,0.2607009124111485,0.2635501027107239,0.2607009124111485,0.2635501027107239,63600,0.0,0.0
1973-07-23 00:00:00-04:00,0.2621255811754164,0.2621255811754164,0.2592763900756836,0.2592763900756836,51200,0.0,0.0
1973-07-24 00:00:00-04:00,0.2592763900756836,0.26070098562555,0.2592763900756836,0.2592763900756836,41600,0.0,0.0
1973-07-25 00:00:00-04:00,0.260701060295105,0.2621256562530017,0.260701060295105,0.260701060295105,44000,0.0,0.0
1973-07-26 00:00:00-04:00,0.260701060295105,0.2621256562530017,0.25927646433720825,0.260701060295105,70800,0.0,0.0
1973-07-27 00:00:00-04:00,0.26070095631091494,0.26212555170059204,0.26070095631091494,0.26212555170059204,48000,0.0,0.0
1973-07-30 00:00:00-04:00,0.2621255811754164,0.2621255811754164,0.2592763900756836,0.2592763900756836,49600,0.0,0.0
1973-07-31 00:00:00-04:00,0.2592763900756836,0.26070098562555,0.2592763900756836,0.2592763900756836,61200,0.0,0.0
1973-08-01 00:00:00-04:00,0.2592763900756836,0.2621255811754164,0.2592763900756836,0.2592763900756836,70400,0.0,0.0
1973-08-02 00:00:00-04:00,0.26014853264652404,0.26014853264652404,0.2572418451309204,0.2572418451309204,82800,0.1125,0.0
1973-08-03 00:00:00-04:00,0.2572418451309204,0.2586951888887222,0.2557885013731186,0.2572418451309204,84400,0.0,0.0
1973-08-06 00:00:00-04:00,0.25724151150085206,0.2586948533737382,0.2499748021364212,0.2499748021364212,159600,0.0,0.0
1973-08-07 00:00:00-04:00,0.2499748021364212,0.2543348277550797,0.2499748021364212,0.2499748021364212,90800,0.0,0.0
1973-08-08 00:00:00-04:00,0.24997499292296482,0.2528816788871853,0.24997499292296482,0.2514283359050751,136000,0.0,0.0
1973-08-09 00:00:00-04:00,0.25142814400930735,0.25288148588219356,0.2499748021364212,0.2499748021364212,110000,0.0,0.0
1973-08-10 00:00:00-04:00,0.24997503196491913,0.2514283751740175,0.24706834554672238,0.2470683455467224,91600,0.0,0.0
1973-08-13 00:00:00-04:00,0.24706838685169555,0.24852173030376434,0.24561504339962675,0.24852173030376434,109200,0.0,0.0
1973-08-14 00:00:00-04:00,0.2485215713286541,0.2485215713286541,0.24561488628387454,0.2456148862838745,93600,0.0,0.0
1973-08-15 00:00:00-04:00,0.24561477651776267,0.2499748021364212,0.24561477651776267,0.2499748021364212,80000,0.0,0.0
1973-08-16 00:00:00-04:00,0.2499748021364212,0.25288148588219356,0.24852146026353503,0.2499748021364212,81600,0.0,0.0
1973-08-17 00:00:00-04:00,0.2499748021364212,0.25142814400930735,0.24852146026353503,0.2499748021364212,61600,0.0,0.0
1973-08-20 00:00:00-04:00,0.2499748021364212,0.25288148588219356,0.2499748021364212,0.2499748021364212,50000,0.0,0.0
1973-08-21 00:00:00-04:00,0.24997504894760833,0.2528817355632782,0.24997504894760833,0.2528817355632782,54800,0.0,0.0
1973-08-22 00:00:00-04:00,0.25142814400930735,0.25142814400930735,0.2499748021364212,0.2499748021364212,57200,0.0,0.0
1973-08-23 00:00:00-04:00,0.2499748021364212,0.25288148588219356,0.2499748021364212,0.2499748021364212,68800,0.0,0.0
1973-08-24 00:00:00-04:00,0.24997499292296482,0.2514283359050751,0.24997499292296482,0.2514283359050751,64000,0.0,0.0
1973-08-27 00:00:00-04:00,0.25142841720790193,0.25142841720790193,0.24852173030376434,0.24852173030376434,102000,0.0,0.0
1973-08-28 00:00:00-04:00,0.24852164994085454,0.2514283359050751,0.24852164994085454,0.2514283359050751,57200,0.0,0.0
1973-08-29 00:00:00-04:00,0.2514283359050751,0.2514283359050751,0.24852164994085454,0.2514283359050751,74000,0.0,0.0
1973-08-30 00:00:00-04:00,0.2514283922554433,0.2528817355632782,0.24997504894760833,0.2528817355632782,81200,0.0,0.0
1973-08-31 00:00:00-04:00,0.2528817355632782,0.2528817355632782,0.24997504894760833,0.2528817355632782,50000,0.0,0.0
1973-09-04 00:00:00-04:00,0.2528817355632782,0.2543350788711131,0.2514283922554433,0.2528817355632782,58000,0.0,0.0
1973-09-05 00:00:00-04:00,0.2528816730635507,0.25578835896083285,0.2528816730635507,0.2543350160121918,51600,0.0,0.0
1973-09-06 00:00:00-04:00,0.25433508249429554,0.2659618291226062,0.25288173916575674,0.2645084857940674,128400,0.0,0.0
1973-09-07 00:00:00-04:00,0.2645084857940674,0.2659618291226062,0.25433508249429554,0.2645084857940674,71600,0.0,0.0
1973-09-10 00:00:00-04:00,0.26450837457646204,0.26450837457646204,0.25869500370664966,0.2601483464241028,77600,0.0,0.0
1973-09-11 00:00:00-04:00,0.26014853264652404,0.26160187640432586,0.2572418451309204,0.2572418451309204,33200,0.0,0.0
1973-09-12 00:00:00-04:00,0.25724169327301927,0.2586950361728668,0.25724169327301927,0.2586950361728668,46400,0.0,0.0
1973-09-13 00:00:00-04:00,0.25869534333998506,0.25869534333998506,0.255788654088974,0.255788654088974,65200,0.0,0.0
1973-09-14 00:00:00-04:00,0.2543350160121918,0.2543350160121918,0.2528816730635507,0.2543350160121918,70000,0.0,0.0
1973-09-17 00:00:00-04:00,0.2543350788711131,0.25578842217894804,0.2528817355632782,0.2528817355632782,73200,0.0,0.0
1973-09-18 00:00:00-04:00,0.2528816730635507,0.25578835896083285,0.2528816730635507,0.2543350160121918,97600,0.0,0.0
1973-09-19 00:00:00-04:00,0.2543353094634685,0.25869534333998506,0.25288196483796294,0.255788654088974,57600,0.0,0.0
1973-09-20 00:00:00-04:00,0.2557883503731717,0.2586950361728668,0.25433500747332416,0.2586950361728668,72400,0.0,0.0
1973-09-21 00:00:00-04:00,0.2586951888887222,0.26014853264652404,0.2557885013731186,0.2572418451309204,92800,0.0,0.0
1973-09-24 00:00:00-04:00,0.25724169327301927,0.2586950361728668,0.2557883503731717,0.2586950361728668,78000,0.0,0.0
1973-09-25 00:00:00-04:00,0.2601484001012138,0.26305508613586426,0.2601484001012138,0.26305508613586426,95600,0.0,0.0
1973-09-26 00:00:00-04:00,0.26305499184327047,0.2659616768360138,0.26160164934689883,0.2659616768360138,79200,0.0,0.0
1973-09-27 00:00:00-04:00,0.2645084857940674,0.2645084857940674,0.2616017991369897,0.2645084857940674,69200,0.0,0.0
1973-09-28 00:00:00-04:00,0.2645084020164278,0.2645084020164278,0.2616017162799835,0.2616017162799835,63200,0.0,0.0
1973-10-01 00:00:00-04:00,0.26160164934689883,0.2659616768360138,0.26160164934689883,0.2659616768360138,98800,0.0,0.0
1973-10-02 00:00:00-04:00,0.2659616744064766,0.26741501688957214,0.26450833192338113,0.26741501688957214,63600,0.0,0.0
1973-10-03 00:00:00-04:00,0.26741517245114504,0.26741517245114504,0.2645084857940674,0.2645084857940674,93200,0.0,0.0
1973-10-04 00:00:00-04:00,0.2645084857940674,0.2659618291226062,0.2630551424655285,0.2645084857940674,63200,0.0,0.0
1973-10-05 00:00:00-04:00,0.2659616768360138,0.2674150193323855,0.2659616768360138,0.2659616768360138,65600,0.0,0.0
1973-10-08 00:00:00-04:00,0.2659618291226062,0.26741517245114504,0.2645084857940674,0.2645084857940674,40400,0.0,0.0
1973-10-09 00:00:00-04:00,0.26450833433964216,0.2674150193323855,0.26450833433964216,0.2659616768360138,56800,0.0,0.0
1973-10-10 00:00:00-04:00,0.2659616768360138,0.2674150193323855,0.26450833433964216,0.2659616768360138,54000,0.0,0.0
1973-10-11 00:00:00-04:00,0.2659618291226062,0.2659618291226062,0.2645084857940674,0.2645084857940674,118400,0.0,0.0
1973-10-12 00:00:00-04:00,0.26450833433964216,0.2659616768360138,0.26450833433964216,0.2659616768360138,70800,0.0,0.0
1973-10-15 00:00:00-04:00,0.2659617721705147,0.2659617721705147,0.26160174311853907,0.26305508613586426,53200,0.0,0.0
1973-10-16 00:00:00-04:00,0.26305499184327047,0.2659616768360138,0.26305499184327047,0.2659616768360138,56400,0.0,0.0
1973-10-17 00:00:00-04:00,0.2659618291226062,0.2659618291226062,0.2630551424655285,0.2645084857940674,70000,0.0,0.0
1973-10-18 00:00:00-04:00,0.2645084291531895,0.2645084291531895,0.26305508613586426,0.26305508613586426,43600,0.0,0.0
1973-10-19 00:00:00-04:00,0.26305505914820565,0.2645084020164278,0.2616017162799835,0.2616017162799835,94800,0.0,0.0
1973-10-22 00:00:00-04:00,0.26160174311853907,0.26305508613586426,0.26160174311853907,0.26305508613586426,34800,0.0,0.0
1973-10-23 00:00:00-04:00,0.2630551424655285,0.2645084857940674,0.2616017991369897,0.2645084857940674,59200,0.0,0.0
1973-10-24 00:00:00-04:00,0.2645084291531895,0.2645084291531895,0.26305508613586426,0.26305508613586426,63200,0.0,0.0
1973-10-25 00:00:00-04:00,0.2630551424655285,0.2645084857940674,0.2616017991369897,0.2645084857940674,67600,0.0,0.0
1973-10-26 00:00:00-04:00,0.26450833433964216,0.2659616768360138,0.26450833433964216,0.2659616768360138,62000,0.0,0.0
1973-10-29 00:00:00-05:00,0.2659618291226062,0.2659618291226062,0.2630551424655285,0.2645084857940674,77600,0.0,0.0
1973-10-30 00:00:00-05:00,0.26450833433964216,0.2674150193323855,0.26450833433964216,0.2659616768360138,68000,0.0,0.0
1973-10-31 00:00:00-05:00,0.26981630151191455,0.26981630151191455,0.2638862729072571,0.2638862729072571,66400,0.1125,0.0
1973-11-01 00:00:00-05:00,0.2638862335075766,0.26536874043739445,0.2609212196479409,0.2624037265777588,77200,0.0,0.0
1973-11-02 00:00:00-05:00,0.26092135020664764,0.26092135020664764,0.25795633486339026,0.2594388425350189,87600,0.0,0.0
1973-11-05 00:00:00-05:00,0.2594386437380245,0.2594386437380245,0.25499112413108693,0.2564736306667328,102000,0.0,0.0
1973-11-06 00:00:00-05:00,0.25647365059270416,0.257956157243529,0.2549911439418793,0.2549911439418793,62800,0.0,0.0
1973-11-07 00:00:00-05:00,0.2549911439418793,0.25647365059270416,0.2549911439418793,0.2549911439418793,70800,0.0,0.0
1973-11-08 00:00:00-05:00,0.2549911439418793,0.25647365059270416,0.2520261306402295,0.2549911439418793,122800,0.0,0.0
1973-11-09 00:00:00-05:00,0.2549913738206116,0.2549913738206116,0.25202635784595334,0.25350886583328247,74000,0.0,0.0
1973-11-12 00:00:00-05:00,0.253508727931412,0.253508727931412,0.2505437135696411,0.2505437135696411,88800,0.0,0.0
1973-11-13 00:00:00-05:00,0.25054373414743514,0.2520262414500827,0.2490612268447876,0.2490612268447876,110800,0.0,0.0
1973-11-14 00:00:00-05:00,0.2490612268447876,0.25054373414743514,0.2490612268447876,0.2490612268447876,121600,0.0,0.0
1973-11-15 00:00:00-05:00,0.24906118758424314,0.250543694653197,0.24461366637738166,0.2475786805152893,144000,0.0,0.0
1973-11-16 00:00:00-05:00,0.24757862602730832,0.2505436395126653,0.24609611928462982,0.24609611928462982,157200,0.0,0.0
1973-11-19 00:00:00-05:00,0.24609622937260253,0.24757873677846157,0.2431312145608844,0.24461372196674347,100800,0.0,0.0
1973-11-20 00:00:00-05:00,0.24461371511776253,0.24609622248211263,0.23868368566036224,0.23868368566036224,169600,0.0,0.0
1973-11-21 00:00:00-05:00,0.23868373919416355,0.24164875458787988,0.23868373919416355,0.24016624689102173,196000,0.0,0.0
1973-11-23 00:00:00-05:00,0.2401662468910217,0.2446137699815962,0.2401662468910217,0.24016624689102173,81600,0.0,0.0
1973-11-26 00:00:00-05:00,0.24016612339764834,0.24016612339764834,0.23720110952854156,0.23720110952854156,187600,0.0,0.0
1973-11-27 00:00:00-05:00,0.23720117829601217,0.24016619302471232,0.23720117829601217,0.23868368566036224,148800,0.0,0.0
1973-11-28 00:00:00-05:00,0.23868361646309494,0.24016612339764834,0.23720110952854156,0.23720110952854156,137600,0.0,0.0
1973-11-29 00:00:00-05:00,0.2372012314973054,0.2401662468910217,0.2372012314973054,0.24016624689102173,169600,0.0,0.0
1973-11-30 00:00:00-05:00,0.24016612339764834,0.24016612339764834,0.23720110952854156,0.23720110952854156,110400,0.0,0.0
1973-12-03 00:00:00-05:00,0.23720107501066182,0.2401660884482951,0.23423606157302854,0.23423606157302856,168400,0.0,0.0
1973-12-04 00:00:00-05:00,0.23423607714714542,0.23423607714714542,0.22830604987759745,0.22978855669498444,175200,0.0,0.0
1973-12-05 00:00:00-05:00,0.22978865717713898,0.22978865717713898,0.21941110491752625,0.21941110491752625,174000,0.0,0.0
1973-12-06 00:00:00-05:00,0.21941090806534416,0.22534093260765076,0.21941090806534416,0.22534093260765076,226400,0.0,0.0
1973-12-07 00:00:00-05:00,0.22830605946290186,0.23127107322216034,0.22830605946290186,0.23127107322216034,179600,0.0,0.0
1973-12-10 00:00:00-05:00,0.23127104813539529,0.23423606157302854,0.22682352797894537,0.23423606157302856,140000,0.0,0.0
1973-12-11 00:00:00-05:00,0.23423612833797158,0.23571863547935115,0.22682359263107374,0.2283060997724533,118000,0.0,0.0
1973-12-12 00:00:00-05:00,0.22830594487880407,0.22830594487880407,0.22534093260765076,0.22534093260765076,122400,0.0,0.0
1973-12-13 00:00:00-05:00,0.22534117714458743,0.228306192633332,0.22237616165584284,0.22385866940021515,161200,0.0,0.0
1973-12-14 00:00:00-05:00,0.2238584264720741,0.22534093260765076,0.22237592033649745,0.22534093260765076,150000,0.0,0.0
1973-12-17 00:00:00-05:00,0.22534117714458743,0.2268236848889597,0.22237616165584284,0.22385866940021515,118800,0.0,0.0
1973-12-18 00:00:00-05:00,0.22385852555433908,0.22385852555433908,0.21792849838733672,0.2223760187625885,613600,0.0,0.0
1973-12-19 00:00:00-05:00,0.22237611984884417,0.22237611984884417,0.2179285974518673,0.21941110491752625,218400,0.0,0.0
1973-12-20 00:00:00-05:00,0.21941110491752625,0.22089361238318522,0.21941110491752625,0.21941110491752625,222000,0.0,0.0
1973-12-21 00:00:00-05:00,0.21941100517908732,0.2223760187625885,0.21941100517908732,0.2223760187625885,204800,0.0,0.0
1973-12-24 00:00:00-05:00,0.2223760187625885,0.2223760187625885,0.21941100517908732,0.2223760187625885,151600,0.0,0.0
1973-12-26 00:00:00-05:00,0.22237616165584284,0.22385866940021515,0.22089365391147056,0.22385866940021515,188800,0.0,0.0
1973-12-27 00:00:00-05:00,0.2238584264720741,0.22534093260765076,0.22237592033649745,0.22534093260765076,234400,0.0,0.0
1973-12-28 00:00:00-05:00,0.22534103234608968,0.22534103234608968,0.2223760187625885,0.2223760187625885,198000,0.0,0.0
1973-12-31 00:00:00-05:00,0.2223760187625885,0.22385852555433908,0.21941100517908732,0.2223760187625885,371200,0.0,0.0
1974-01-02 00:00:00-05:00,0.2238585145413121,0.23571856829184518,0.2238585145413121,0.23423606157302856,90800,0.0,0.0
1974-01-03 00:00:00-05:00,0.2401661830289023,0.2490612268447876,0.2401661830289023,0.2490612268447876,124400,0.0,0.0
1974-01-04 00:00:00-05:00,0.24906134187129506,0.2549913738206116,0.24906134187129506,0.25350886583328247,99200,0.0,0.0
1974-01-07 00:00:00-04:00,0.2535087087911046,0.25499121586005846,0.2475786805152893,0.2475786805152893,117200,0.0,0.0
1974-01-08 00:00:00-04:00,0.23720111057257198,0.23720111057257198,0.2238585481028648,0.23275358974933624,285200,0.0,0.0
1974-01-09 00:00:00-04:00,0.23275358974933624,0.23275358974933624,0.2253410550439434,0.23275358974933624,174800,0.0,0.0
1974-01-10 00:00:00-04:00,0.23275358010178956,0.23275358010178956,0.22978856634253111,0.23127107322216034,82400,0.0,0.0
1974-01-11 00:00:00-04:00,0.23127113085872725,0.23571865260601046,0.23127113085872725,0.23571865260601044,68800,0.0,0.0
1974-01-14 00:00:00-04:00,0.23571860259398816,0.24016612339764834,0.23571860259398816,0.23720110952854156,77600,0.0,0.0
1974-01-15 00:00:00-04:00,0.23720110952854156,0.23868361646309494,0.23571860259398816,0.23720110952854156,64800,0.0,0.0
1974-01-16 00:00:00-04:00,0.2372012314973054,0.24164875458787988,0.2372012314973054,0.24016624689102173,57600,0.0,0.0
1974-01-17 00:00:00-04:00,0.2401662468910217,0.24164875458787988,0.23868373919416355,0.24016624689102173,76400,0.0,0.0
1974-01-18 00:00:00-04:00,0.2401662468910217,0.24164875458787988,0.23868373919416355,0.24016624689102173,68400,0.0,0.0
1974-01-21 00:00:00-04:00,0.24016612339764834,0.24016612339764834,0.23571860259398816,0.23720110952854156,142400,0.0,0.0
1974-01-22 00:00:00-04:00,0.23720110952854156,0.24016612339764834,0.23720110952854156,0.23720110952854156,141600,0.0,0.0
1974-01-23 00:00:00-04:00,0.23720117829601217,0.24016619302471232,0.23720117829601217,0.23868368566036224,110400,0.0,0.0
1974-01-24 00:00:00-04:00,0.23868366710419925,0.23868366710419925,0.23571865260601046,0.23571865260601044,191600,0.0,0.0
1974-01-25 00:00:00-04:00,0.23571860259398816,0.23868361646309494,0.23571860259398816,0.23720110952854156,70400,0.0,0.0
1974-01-28 00:00:00-04:00,0.23720110952854156,0.24016612339764834,0.23720110952854156,0.23720110952854156,68000,0.0,0.0
1974-01-29 00:00:00-04:00,0.23720124016510197,0.24164876341819763,0.23720124016510197,0.24164876341819763,73200,0.0,0.0
1974-01-30 00:00:00-04:00,0.24164859905659433,0.24906113276998681,0.24164859905659433,0.24609611928462982,91600,0.0,0.0
1974-01-31 00:00:00-04:00,0.24700538501327418,0.24700538501327418,0.24397464409286593,0.24549001455307007,85600,0.1125,0.0
1974-02-01 00:00:00-04:00,0.24549019133082087,0.2470055628822457,0.24397481977939606,0.24397481977939606,66800,0.0,0.0
1974-02-04 00:00:00-04:00,0.24397464409286593,0.24549001455307004,0.2424592736326618,0.24549001455307007,78400,0.0,0.0
1974-02-05 00:00:00-04:00,0.24549001455307004,0.24549001455307004,0.24397464409286593,0.24549001455307007,90800,0.0,0.0
1974-02-06 00:00:00-04:00,0.24549019133082087,0.24549019133082087,0.24245944822797125,0.24397481977939606,74800,0.0,0.0
1974-02-07 00:00:00-04:00,0.24397464409286593,0.24549001455307004,0.24397464409286593,0.24549001455307007,97600,0.0,0.0
1974-02-08 00:00:00-04:00,0.24549019133082087,0.2470055628822457,0.24397481977939606,0.24397481977939606,64400,0.0,0.0
1974-02-11 00:00:00-04:00,0.24397464409286593,0.24700538501327418,0.24397464409286593,0.24549001455307007,80400,0.0,0.0
1974-02-12 00:00:00-04:00,0.24549005584544448,0.2515515387058258,0.24549005584544448,0.2515515387058258,46800,0.0,0.0
1974-02-13 00:00:00-04:00,0.2515515387058258,0.25306690942092114,0.24852079727563514,0.2515515387058258,77200,0.0,0.0
1974-02-14 00:00:00-04:00,0.2515514560398602,0.2545821964740753,0.2515514560398602,0.2545821964740753,39200,0.0,0.0
1974-02-15 00:00:00-04:00,0.25458236276750734,0.2560977339744568,0.2530669915605579,0.2560977339744568,82000,0.0,0.0
1974-02-19 00:00:00-04:00,0.25609756669118294,0.2591283071253981,0.2545821964740753,0.2545821964740753,88400,0.0,0.0
1974-02-20 00:00:00-04:00,0.25458232094259825,0.2591284338165732,0.25458232094259825,0.25761306285858154,40000,0.0,0.0
1974-02-21 00:00:00-04:00,0.25761310518140623,0.25761310518140623,0.2560977339744568,0.2560977339744568,74000,0.0,0.0
1974-02-22 00:00:00-04:00,0.2560976797725722,0.2606437924312569,0.2560976797725722,0.2591284215450287,167200,0.0,0.0
1974-02-25 00:00:00-04:00,0.2591284338165732,0.2591284338165732,0.2560976919005899,0.25761306285858154,66800,0.0,0.0
1974-02-26 00:00:00-04:00,0.25761305065880047,0.2591284215450287,0.2560976797725722,0.2591284215450287,96000,0.0,0.0
1974-02-27 00:00:00-04:00,0.2591284215450287,0.2591284215450287,0.2560976797725722,0.2591284215450287,67600,0.0,0.0
1974-02-28 00:00:00-04:00,0.2591284338165732,0.2591284338165732,0.25458232094259825,0.25761306285858154,66800,0.0,0.0
1974-03-01 00:00:00-04:00,0.25761310518140623,0.25761310518140623,0.25458236276750734,0.2560977339744568,53200,0.0,0.0
1974-03-04 00:00:00-04:00,0.2560977339744568,0.2560977339744568,0.25458236276750734,0.2560977339744568,59200,0.0,0.0
1974-03-05 00:00:00-04:00,0.2560977339744568,0.2560977339744568,0.2530669915605579,0.2560977339744568,93600,0.0,0.0
1974-03-06 00:00:00-04:00,0.2560977339744568,0.25761310518140623,0.2530669915605579,0.2560977339744568,74000,0.0,0.0
1974-03-07 00:00:00-04:00,0.25609756669118294,0.25609756669118294,0.2545821964740753,0.2545821964740753,52400,0.0,0.0
1974-03-08 00:00:00-04:00,0.25458226803534045,0.25609763867840796,0.25155152674920545,0.25306689739227295,83600,0.0,0.0
1974-03-11 00:00:00-04:00,0.25306682625696775,0.2545821964740753,0.2515514560398602,0.2545821964740753,90800,0.0,0.0
1974-03-12 00:00:00-04:00,0.25458228013601647,0.25458228013601647,0.2515515387058258,0.2515515387058258,67600,0.0,0.0
1974-03-13 00:00:00-04:00,0.2515514388771876,0.2515514388771876,0.24548995842231564,0.24700532853603363,92000,0.0,0.0
1974-03-14 00:00:00-04:00,0.24700532853603363,0.2500360687634696,0.24548995842231564,0.24700532853603363,138000,0.0,0.0
1974-03-15 00:00:00-04:00,0.24700532853603363,0.24852069864975163,0.24548995842231564,0.24700532853603363,90000,0.0,0.0
1974-03-18 00:00:00-04:00,0.2470055628822457,0.24852093443367052,0.24397481977939606,0.24397481977939606,100800,0.0,0.0
1974-03-19 00:00:00-04:00,0.24397481977939606,0.24549019133082087,0.24397481977939606,0.24397481977939606,83600,0.0,0.0
1974-03-20 00:00:00-04:00,0.24397481977939606,0.24549019133082087,0.24245944822797125,0.24397481977939606,124000,0.0,0.0
1974-03-21 00:00:00-04:00,0.24397481977939606,0.24549019133082087,0.24245944822797125,0.24397481977939606,72800,0.0,0.0
1974-03-22 00:00:00-04:00,0.24397481977939606,0.24549019133082087,0.24245944822797125,0.24397481977939606,110400,0.0,0.0
1974-03-25 00:00:00-04:00,0.24397481977939606,0.2470055628822457,0.24397481977939606,0.24397481977939606,68400,0.0,0.0
1974-03-26 00:00:00-04:00,0.24397464409286593,0.24700538501327418,0.24397464409286593,0.24549001455307007,98400,0.0,0.0
1974-03-27 00:00:00-04:00,0.24548990260809658,0.24548990260809658,0.24245916306972504,0.24245916306972504,106800,0.0,0.0
1974-03-28 00:00:00-04:00,0.24245944822797125,0.24397481977939606,0.24245944822797125,0.24397481977939606,93600,0.0,0.0
1974-03-29 00:00:00-04:00,0.2439745328389108,0.2439745328389108,0.24245916306972504,0.24245916306972504,102400,0.0,0.0
1974-04-01 00:00:00-04:00,0.23791314534058697,0.23791314534058697,0.2303362935781479,0.2303362935781479,498400,0.0,0.0
1974-04-02 00:00:00-04:00,0.2303362935781479,0.23336703428312353,0.2303362935781479,0.2303362935781479,271200,0.0,0.0
1974-04-03 00:00:00-04:00,0.23033637081096373,0.23336711253216064,0.23033637081096373,0.2318517416715622,138000,0.0,0.0
1974-04-04 00:00:00-04:00,0.2318517416715622,0.23336711253216064,0.23033637081096373,0.2318517416715622,150800,0.0,0.0
1974-04-05 00:00:00-04:00,0.2318516639306357,0.23336703428312353,0.2303362935781479,0.2303362935781479,148400,0.0,0.0
1974-04-08 00:00:00-04:00,0.22882089608659345,0.22882089608659345,0.2182133048772812,0.2182133048772812,710000,0.0,0.0
1974-04-09 00:00:00-04:00,0.21821336746215822,0.2212441086769104,0.21821336746215822,0.2197287380695343,455200,0.0,0.0
1974-04-10 00:00:00-04:00,0.21972863743566487,0.2227593772623637,0.21821326752231546,0.22124400734901428,305200,0.0,0.0
1974-04-11 00:00:00-04:00,0.22124400734901428,0.2227593772623637,0.21972863743566487,0.22124400734901428,223200,0.0,0.0
1974-04-15 00:00:00-04:00,0.2212441086769104,0.2227594792842865,0.2197287380695343,0.2197287380695343,195600,0.0,0.0
1974-04-16 00:00:00-04:00,0.21972867505004007,0.22124404522279897,0.2182133048772812,0.2182133048772812,275200,0.0,0.0
1974-04-17 00:00:00-04:00,0.2182133048772812,0.22124404522279897,0.2182133048772812,0.2182133048772812,264400,0.0,0.0
1974-04-18 00:00:00-04:00,0.21821326752231546,0.22124400734901428,0.21821326752231546,0.22124400734901428,159600,0.0,0.0
1974-04-19 00:00:00-04:00,0.2197287380695343,0.2197287380695343,0.21821336746215822,0.2197287380695343,191600,0.0,0.0
1974-04-22 00:00:00-04:00,0.21972867505004007,0.21972867505004007,0.2182133048772812,0.2182133048772812,333600,0.0,0.0
1974-04-23 00:00:00-04:00,0.15456778023924145,0.15456778023924145,0.14547555787222727,0.148506298661232,1544000,0.0,0.0
1974-04-24 00:00:00-04:00,0.14850631952285767,0.15153706073760986,0.14850631952285767,0.15153706073760986,1682400,0.0,0.0
1974-04-25 00:00:00-04:00,0.15153714384023959,0.16214474390905637,0.15153714384023959,0.15759862959384918,1082000,0.0,0.0
1974-04-26 00:00:00-04:00,0.1575985713438554,0.1575985713438554,0.1485063460740176,0.1500217169523239,618000,0.0,0.0
1974-04-29 00:00:00-04:00,0.14850628127654394,0.14850628127654394,0.12729109823703766,0.12729109823703766,1163600,0.0,0.0
1974-04-30 00:00:00-04:00,0.12729110960897647,0.12729110960897647,0.11516814678907394,0.11516814678907394,1162400,0.0,0.0
1974-05-01 00:00:00-04:00,0.11516822063470188,0.12274507725540595,0.11516822063470188,0.11971433460712433,847200,0.0,0.0
1974-05-02 00:00:00-04:00,0.11971433460712431,0.12122970593126514,0.11971433460712431,0.11971433460712433,401600,0.0,0.0
1974-05-03 00:00:00-04:00,0.11971426880978919,0.11971426880978919,0.11516815733599974,0.11668352782726288,335200,0.0,0.0
1974-05-06 00:00:00-04:00,0.116683523528851,0.11971426439973025,0.116683523528851,0.11819889396429062,292400,0.0,0.0
1974-05-07 00:00:00-04:00,0.11971426635612675,0.12274500727653502,0.11971426635612675,0.12274500727653503,491200,0.0,0.0
1974-05-08 00:00:00-04:00,0.12122963483516988,0.12122963483516988,0.11819889396429063,0.11819889396429062,346000,0.0,0.0
1974-05-09 00:00:00-04:00,0.11819888749404957,0.11819888749404957,0.11516814678907394,0.11516814678907394,321600,0.0,0.0
1974-05-10 00:00:00-04:00,0.11062207573749981,0.11062207573749981,0.09243762493133545,0.09243762493133545,1390800,0.0,0.0
1974-05-13 00:00:00-04:00,0.09395303577184677,0.09698377886126118,0.09395303577184677,0.09395303577184677,669600,0.0,0.0
1974-05-14 00:00:00-04:00,0.09395299583184916,0.09546836673236285,0.09092225403082176,0.09243762493133545,422000,0.0,0.0
1974-05-15 00:00:00-04:00,0.0924375859488334,0.09395295621028969,0.08486073464155197,0.08486073464155197,506000,0.0,0.0
1974-05-16 00:00:00-04:00,0.09546832332853228,0.1015298041747883,0.09546832332853228,0.09698369354009628,791200,0.0,0.0
1974-05-17 00:00:00-04:00,0.09698372027453254,0.10304520279169083,0.09698372027453254,0.10304520279169083,409600,0.0,0.0
1974-05-20 00:00:00-04:00,0.10456057925309453,0.1106220621083464,0.10456057925309453,0.1060759499669075,361200,0.0,0.0
1974-05-21 00:00:00-04:00,0.1060759061665246,0.1060759061665246,0.09849905572605856,0.10001442581415176,305200,0.0,0.0
1974-05-22 00:00:00-04:00,0.10001447943390393,0.10152985033441764,0.09243762493133545,0.09243762493133545,260000,0.0,0.0
1974-05-23 00:00:00-04:00,0.09243758290540427,0.09698369354009628,0.09243758290540427,0.09698369354009628,177200,0.0,0.0
1974-05-24 00:00:00-04:00,0.09698373354398288,0.10152984605385708,0.09698373354398288,0.0984991043806076,151200,0.0,0.0
1974-05-28 00:00:00-04:00,0.09849915040596839,0.1015298934953828,0.09243766422713956,0.09395303577184677,178800,0.0,0.0
1974-05-29 00:00:00-04:00,0.09395297765731812,0.09698371887207032,0.09092223644256592,0.09092223644256592,218400,0.0,0.0
1974-05-30 00:00:00-04:00,0.09092229268243236,0.09395303577184677,0.09092229268243236,0.09395303577184677,121600,0.0,0.0
1974-05-31 00:00:00-04:00,0.09395297765731812,0.09546834826469422,0.09092223644256592,0.09092223644256592,175600,0.0,0.0
1974-06-03 00:00:00-04:00,0.09243755078031902,0.09546829015016556,0.09243755078031902,0.09546829015016556,164400,0.0,0.0
1974-06-04 00:00:00-04:00,0.09546834826469422,0.09546834826469422,0.09092223644256592,0.09092223644256592,114400,0.0,0.0
1974-06-05 00:00:00-04:00,0.09092225403082176,0.09395299583184916,0.09092225403082176,0.09243762493133545,201200,0.0,0.0
1974-06-06 00:00:00-04:00,0.09243760704994201,0.09243760704994201,0.08940686583518982,0.09092223644256592,176400,0.0,0.0
1974-06-07 00:00:00-04:00,0.0909222533990597,0.09243762428904402,0.08789151161909103,0.08789151161909103,199200,0.0,0.0
1974-06-10 00:00:00-04:00,0.08789145567659604,0.09092219552751314,0.08789145567659604,0.0894068256020546,145600,0.0,0.0
1974-06-11 00:00:00-04:00,0.08940686429278892,0.08940686429278892,0.08486075254908779,0.0863761231303215,260400,0.0,0.0
1974-06-12 00:00:00-04:00,0.08637610490300826,0.08637610490300826,0.08486073464155197,0.08486073464155197,224400,0.0,0.0
1974-06-13 00:00:00-04:00,0.08486073464155197,0.08789147516446455,0.08486073464155197,0.08486073464155197,194000,0.0,0.0
1974-06-14 00:00:00-04:00,0.08486073464155197,0.08637610490300826,0.08486073464155197,0.08486073464155197,176000,0.0,0.0
1974-06-17 00:00:00-04:00,0.08486070849678733,0.08637607829137282,0.08031459911303086,0.08334533870220184,208800,0.0,0.0
1974-06-18 00:00:00-04:00,0.08183005767372938,0.08183005767372938,0.07879931479692459,0.07879931479692459,163600,0.0,0.0
1974-06-19 00:00:00-04:00,0.07879930228557226,0.08031467348337173,0.07879930228557226,0.08031467348337173,238800,0.0,0.0
1974-06-20 00:00:00-04:00,0.08031465303079754,0.08031465303079754,0.07576854059509203,0.07728391140699387,198000,0.0,0.0
1974-06-21 00:00:00-04:00,0.07728389011962072,0.07728389011962072,0.07273777893611363,0.074253149330616,246400,0.0,0.0
1974-06-24 00:00:00-04:00,0.07425316978319019,0.07728391140699387,0.07425316978319019,0.07728391140699387,174000,0.0,0.0
1974-06-25 00:00:00-04:00,0.0772839310877728,0.0818300446811712,0.07425318869217387,0.08031467348337173,145200,0.0,0.0
1974-06-26 00:00:00-04:00,0.08031464219093323,0.08183001279830933,0.07576853036880493,0.07576853036880493,134000,0.0,0.0
1974-06-27 00:00:00-04:00,0.07576853036880493,0.07728390097618103,0.07425315976142884,0.07576853036880493,108800,0.0,0.0
1974-06-28 00:00:00-04:00,0.07576853036880493,0.07879927158355714,0.07576853036880493,0.07576853036880493,116800,0.0,0.0
1974-07-01 00:00:00-04:00,0.07576857192011979,0.07879931479692459,0.07576857192011979,0.07879931479692459,131600,0.0,0.0
1974-07-02 00:00:00-04:00,0.07879927158355714,0.07879927158355714,0.07576853036880493,0.07576853036880493,119600,0.0,0.0
1974-07-03 00:00:00-04:00,0.07576854059509203,0.07728391140699387,0.07425316978319019,0.07728391140699387,132800,0.0,0.0
1974-07-05 00:00:00-04:00,0.0772839310877728,0.08031467348337173,0.0772839310877728,0.08031467348337173,71600,0.0,0.0
1974-07-08 00:00:00-04:00,0.08031468623532699,0.08183005767372938,0.07728394335852219,0.07879931479692459,138000,0.0,0.0
1974-07-09 00:00:00-04:00,0.0787992822188957,0.08183002384269938,0.07728391140699387,0.07728391140699387,133200,0.0,0.0
1974-07-10 00:00:00-04:00,0.07728390097618103,0.07879927158355714,0.07576853036880493,0.07576853036880493,101600,0.0,0.0
1974-07-11 00:00:00-04:00,0.07576851972511836,0.07728389011962072,0.074253149330616,0.074253149330616,118400,0.0,0.0
1974-07-12 00:00:00-04:00,0.07576854059509203,0.0787992822188957,0.07576854059509203,0.07728391140699387,126800,0.0,0.0
1974-07-15 00:00:00-04:00,0.0772839310877728,0.08031467348337173,0.0772839310877728,0.08031467348337173,156000,0.0,0.0
1974-07-16 00:00:00-04:00,0.08031468623532699,0.08031468623532699,0.07576857192011979,0.07879931479692459,133600,0.0,0.0
1974-07-17 00:00:00-04:00,0.07879931479692459,0.08183005767372938,0.07728394335852219,0.07879931479692459,130800,0.0,0.0
1974-07-18 00:00:00-04:00,0.08182999411863941,0.08789147516446455,0.08182999411863941,0.08486073464155197,159200,0.0,0.0
1974-07-19 00:00:00-04:00,0.08486076983912239,0.08789151161909103,0.08486076983912239,0.08789151161909103,162000,0.0,0.0
1974-07-22 00:00:00-04:00,0.08789149522781373,0.09243760704994201,0.08789149522781373,0.09092223644256592,194000,0.0,0.0
1974-07-23 00:00:00-04:00,0.09849909090382211,0.10759131467955954,0.09849909090382211,0.10304520279169083,729600,0.0,0.0
1974-07-24 00:00:00-04:00,0.1045605419203639,0.1091066524386406,0.1045605419203639,0.1091066524386406,515200,0.0,0.0
1974-07-25 00:00:00-04:00,0.10910669139453343,0.10910669139453343,0.1060759499669075,0.1060759499669075,274800,0.0,0.0
1974-07-26 00:00:00-04:00,0.1060759499669075,0.10910669139453343,0.10456057925309453,0.1060759499669075,155200,0.0,0.0
1974-07-29 00:00:00-04:00,0.10607590170010277,0.10759127172438994,0.10456053167581558,0.10456053167581558,132800,0.0,0.0
1974-07-30 00:00:00-04:00,0.10456051666345169,0.10456051666345169,0.10152977705001831,0.10152977705001831,122000,0.0,0.0
1974-07-31 00:00:00-04:00,0.10152977705001831,0.103045146856735,0.10001440724330161,0.10152977705001831,157600,0.0,0.0
1974-08-01 00:00:00-04:00,0.10246128908225467,0.10246128908225467,0.09625151398636046,0.09780395776033401,106400,0.05,0.0
1974-08-02 00:00:00-04:00,0.09780395776033401,0.09935640153430757,0.09625151398636046,0.09780395776033401,90400,0.0,0.0
1974-08-05 00:00:00-04:00,0.09780395776033401,0.10090884530828112,0.09780395776033401,0.09780395776033401,95600,0.0,0.0
1974-08-06 00:00:00-04:00,0.09780391026288271,0.10246123932301998,0.09780391026288271,0.09935635328292847,93200,0.0,0.0
1974-08-07 00:00:00-04:00,0.0993563725398137,0.10246125918168289,0.0993563725398137,0.10090881586074829,90000,0.0,0.0
1974-08-08 00:00:00-04:00,0.10090879630297422,0.10401368234306574,0.09935635328292847,0.09935635328292847,128400,0.0,0.0
1974-08-09 00:00:00-04:00,0.09935644178679495,0.1024613305926323,0.09935644178679495,0.1024613305926323,72800,0.0,0.0
1974-08-12 00:00:00-04:00,0.10246125918168289,0.10246125918168289,0.10090881586074829,0.10090881586074829,111600,0.0,0.0
1974-08-13 00:00:00-04:00,0.10090879630297422,0.10246123932301998,0.09935635328292847,0.09935635328292847,89600,0.0,0.0
1974-08-14 00:00:00-04:00,0.09935635328292847,0.09935635328292847,0.09780391026288271,0.09935635328292847,107200,0.0,0.0
1974-08-15 00:00:00-04:00,0.09935640153430757,0.10090884530828112,0.09780395776033401,0.09780395776033401,68400,0.0,0.0
1974-08-16 00:00:00-04:00,0.0978039840777074,0.09935642826941705,0.09625153988599777,0.09625153988599777,75200,0.0,0.0
1974-08-19 00:00:00-04:00,0.09625147879123687,0.09780392199754714,0.09314659237861633,0.09314659237861633,96400,0.0,0.0
1974-08-20 00:00:00-04:00,0.09314663341787995,0.09625152119847594,0.09314663341787995,0.09469907730817795,74400,0.0,0.0
1974-08-21 00:00:00-04:00,0.09469906536155734,0.09469906536155734,0.09004173427820206,0.09004173427820206,80400,0.0,0.0
1974-08-22 00:00:00-04:00,0.0900417601658126,0.09159420430660248,0.0900417601658126,0.09159420430660248,94400,0.0,0.0
1974-08-23 00:00:00-04:00,0.09159417797265382,0.09159417797265382,0.0884892905837503,0.09004173427820206,78000,0.0,0.0
1974-08-26 00:00:00-04:00,0.09004173427820206,0.09159417797265382,0.0884892905837503,0.09004173427820206,133200,0.0,0.0
1974-08-27 00:00:00-04:00,0.09004175297000952,0.09004175297000952,0.08848930895328522,0.08848930895328522,102400,0.0,0.0
1974-08-28 00:00:00-04:00,0.08848923697535481,0.0900416797293084,0.08693679422140121,0.08693679422140121,78800,0.0,0.0
1974-08-29 00:00:00-04:00,0.08693686493656091,0.08848930895328522,0.08693686493656091,0.08848930895328522,87200,0.0,0.0
1974-08-30 00:00:00-04:00,0.08848930895328522,0.08848930895328522,0.08693686493656091,0.08848930895328522,136000,0.0,0.0
1974-09-03 00:00:00-04:00,0.08848923697535481,0.0900416797293084,0.08693679422140121,0.08693679422140121,134800,0.0,0.0
1974-09-04 00:00:00-04:00,0.08693684989755804,0.08848929364572872,0.08538440614938736,0.08538440614938736,120400,0.0,0.0
1974-09-05 00:00:00-04:00,0.08538445672736718,0.08693690139513749,0.08072712272405624,0.08072712272405624,188000,0.0,0.0
1974-09-06 00:00:00-04:00,0.08227952210991471,0.08538440973670394,0.08227952210991471,0.08383196592330933,131200,0.0,0.0
1974-09-09 00:00:00-04:00,0.0838319923517839,0.08693688095740552,0.08227954804897308,0.08227954804897308,97200,0.0,0.0
1974-09-10 00:00:00-04:00,0.08227956739182656,0.08383201205959687,0.08072712272405624,0.08072712272405624,78000,0.0,0.0
1974-09-11 00:00:00-04:00,0.08072710374616227,0.0838319923517839,0.08072710374616227,0.08227954804897308,200800,0.0,0.0
1974-09-12 00:00:00-04:00,0.08227951362729072,0.08227951362729072,0.0776221826672554,0.0776221826672554,161200,0.0,0.0
1974-09-13 00:00:00-04:00,0.07606972754001617,0.07606972754001617,0.07451728412083217,0.07606972754001617,243600,0.0,0.0
1974-09-16 00:00:00-04:00,0.07606977083772984,0.0838319923517839,0.07606977083772984,0.08227954804897308,239200,0.0,0.0
1974-09-17 00:00:00-04:00,0.08227954804897308,0.0853844366545947,0.08227954804897308,0.08227954804897308,151600,0.0,0.0
1974-09-18 00:00:00-04:00,0.08227954804897308,0.0853844366545947,0.08072710374616227,0.08227954804897308,106000,0.0,0.0
1974-09-19 00:00:00-04:00,0.082279518653046,0.08538440614938736,0.08072707490487532,0.08538440614938736,133200,0.0,0.0
1974-09-20 00:00:00-04:00,0.08538435146744762,0.08848923697535481,0.08227946595954044,0.08693679422140121,144000,0.0,0.0
1974-09-23 00:00:00-04:00,0.08693684989755804,0.08848929364572872,0.08538440614938736,0.08538440614938736,113200,0.0,0.0
1974-09-24 00:00:00-04:00,0.08538440614938736,0.08693684989755804,0.08383196240121668,0.08538440614938736,94000,0.0,0.0
1974-09-25 00:00:00-04:00,0.08538440614938736,0.08848929364572872,0.08538440614938736,0.08538440614938736,123600,0.0,0.0
1974-09-26 00:00:00-04:00,0.0853844366545947,0.0853844366545947,0.08227954804897308,0.08227954804897308,62800,0.0,0.0
1974-09-27 00:00:00-04:00,0.08227952210991471,0.08538440973670394,0.08227952210991471,0.08383196592330933,118800,0.0,0.0
1974-09-30 00:00:00-04:00,0.0838319923517839,0.0838319923517839,0.08072710374616227,0.08227954804897308,110400,0.0,0.0
1974-10-01 00:00:00-04:00,0.08227954804897308,0.0838319923517839,0.08072710374616227,0.08227954804897308,124000,0.0,0.0
1974-10-02 00:00:00-04:00,0.08227954804897308,0.0838319923517839,0.08227954804897308,0.08227954804897308,64800,0.0,0.0
1974-10-03 00:00:00-04:00,0.082279518653046,0.08538440614938736,0.082279518653046,0.08538440614938736,98000,0.0,0.0
1974-10-04 00:00:00-04:00,0.0853844366545947,0.0853844366545947,0.08227954804897308,0.08227954804897308,145600,0.0,0.0
1974-10-07 00:00:00-04:00,0.082279518653046,0.08693684989755804,0.082279518653046,0.08538440614938736,127200,0.0,0.0
1974-10-08 00:00:00-04:00,0.08538440614938736,0.08693684989755804,0.08383196240121668,0.08538440614938736,136000,0.0,0.0
1974-10-09 00:00:00-04:00,0.08538435146744762,0.08848923697535481,0.08538435146744762,0.08693679422140121,138800,0.0,0.0
1974-10-10 00:00:00-04:00,0.08693681955337525,0.09314659237861633,0.08693681955337525,0.09314659237861633,213600,0.0,0.0
1974-10-11 00:00:00-04:00,0.09314658120274544,0.10246123932301998,0.09314658120274544,0.09935635328292847,189200,0.0,0.0
1974-10-14 00:00:00-04:00,0.0993563725398137,0.10090881586074829,0.0993563725398137,0.10090881586074829,100400,0.0,0.0
1974-10-15 00:00:00-04:00,0.10090884530828112,0.10090884530828112,0.09780395776033401,0.09780395776033401,141600,0.0,0.0
1974-10-16 00:00:00-04:00,0.09780396508877394,0.09780396508877394,0.09314663341787995,0.09469907730817795,92400,0.0,0.0
1974-10-17 00:00:00-04:00,0.09469909258818222,0.09469909258818222,0.0900417601658126,0.09159420430660248,79600,0.0,0.0
1974-10-18 00:00:00-04:00,0.09314665150257849,0.09625153988599777,0.09314665150257849,0.09625153988599777,123200,0.0,0.0
1974-10-21 00:00:00-04:00,0.09625146724283695,0.09935635328292847,0.0946990242227912,0.09935635328292847,170800,0.0,0.0
1974-10-22 00:00:00-04:00,0.09935636520385742,0.1055661380290985,0.09314659237861633,0.09314659237861633,285600,0.0,0.0
1974-10-23 00:00:00-04:00,0.09314665150257849,0.09625153988599777,0.09314665150257849,0.09625153988599777,130000,0.0,0.0
1974-10-24 00:00:00-04:00,0.09625147879123687,0.09625147879123687,0.09159414917230606,0.09314659237861633,73200,0.0,0.0
1974-10-25 00:00:00-04:00,0.09314659237861633,0.09625147879123687,0.09159414917230606,0.09314659237861633,84800,0.0,0.0
1974-10-28 00:00:00-05:00,0.09314665150257849,0.09625153988599777,0.09314665150257849,0.09625153988599777,66400,0.0,0.0
1974-10-29 00:00:00-05:00,0.09625152119847594,0.09625152119847594,0.09469907730817795,0.09469907730817795,92800,0.0,0.0
1974-10-30 00:00:00-05:00,0.09565563551310835,0.09565563551310835,0.09246711432933807,0.09246711432933807,124800,0.05,0.0
1974-10-31 00:00:00-05:00,0.09246716765980972,0.09246716765980972,0.08927864463705766,0.09087290614843369,130800,0.0,0.0
1974-11-01 00:00:00-05:00,0.09087286184408835,0.09246712257819517,0.08927860110998154,0.08927860110998154,124400,0.0,0.0
1974-11-04 00:00:00-05:00,0.08927860110998154,0.09087286184408835,0.08927860110998154,0.08927860110998154,119200,0.0,0.0
1974-11-05 00:00:00-05:00,0.08927864463705766,0.09087290614843369,0.08768438312568164,0.09087290614843369,85200,0.0,0.0
1974-11-06 00:00:00-05:00,0.09087283137169751,0.09246709157120098,0.08768431097269058,0.08768431097269058,106800,0.0,0.0
1974-11-07 00:00:00-05:00,0.08768431097269058,0.09087283137169751,0.08768431097269058,0.08768431097269058,137200,0.0,0.0
1974-11-08 00:00:00-05:00,0.08768434037587473,0.09087286184408835,0.08768434037587473,0.08927860110998154,90400,0.0,0.0
1974-11-11 00:00:00-05:00,0.08927860110998154,0.09087286184408835,0.08768434037587473,0.08927860110998154,131600,0.0,0.0
1974-11-12 00:00:00-05:00,0.08927858582997726,0.09406136721372604,0.08927858582997726,0.09406136721372604,293600,0.0,0.0
1974-11-13 00:00:00-05:00,0.09406135976314545,0.09884414076805115,0.09406135976314545,0.09724988043308258,237600,0.0,0.0
1974-11-14 00:00:00-05:00,0.09724987285832565,0.1004383932799101,0.09565561264753342,0.09565561264753342,135200,0.0,0.0
1974-11-15 00:00:00-05:00,0.09565562767497564,0.09724988813622523,0.09406136721372604,0.09406136721372604,117600,0.0,0.0
1974-11-18 00:00:00-05:00,0.09406142917118575,0.09565569068256177,0.09087290614843369,0.09087290614843369,124800,0.0,0.0
1974-11-19 00:00:00-05:00,0.09087290614843369,0.09087290614843369,0.08927864463705766,0.09087290614843369,140800,0.0,0.0
1974-11-20 00:00:00-05:00,0.09087286184408835,0.09246712257819517,0.08927860110998154,0.08927860110998154,142000,0.0,0.0
1974-11-21 00:00:00-05:00,0.08927860110998154,0.09087286184408835,0.08927860110998154,0.08927860110998154,159600,0.0,0.0
1974-11-22 00:00:00-05:00,0.08927860110998154,0.09246712257819517,0.08927860110998154,0.08927860110998154,141600,0.0,0.0
1974-11-25 00:00:00-05:00,0.08927860110998154,0.08927860110998154,0.08768434037587473,0.08927860110998154,159600,0.0,0.0
1974-11-26 00:00:00-05:00,0.08927857117219404,0.08927857117219404,0.08768431097269058,0.08768431097269058,121200,0.0,0.0
1974-11-27 00:00:00-05:00,0.08768431097269058,0.08927857117219404,0.08609005077318711,0.08768431097269058,130400,0.0,0.0
1974-11-29 00:00:00-05:00,0.08768434037587473,0.08927860110998154,0.08609007964176792,0.08927860110998154,85200,0.0,0.0
1974-12-02 00:00:00-05:00,0.08927857117219404,0.08927857117219404,0.08609005077318711,0.08768431097269058,155600,0.0,0.0
1974-12-03 00:00:00-05:00,0.08609009677400956,0.08609009677400956,0.08290157467126846,0.08290157467126846,199200,0.0,0.0
1974-12-04 00:00:00-05:00,0.08290153741836548,0.08609005808830261,0.08290153741836548,0.08449579775333405,141200,0.0,0.0
1974-12-05 00:00:00-05:00,0.08449579775333405,0.08449579775333405,0.08290153741836548,0.08449579775333405,179200,0.0,0.0
1974-12-06 00:00:00-05:00,0.08449583572263901,0.08449583572263901,0.08290157467126846,0.08290157467126846,154800,0.0,0.0
1974-12-09 00:00:00-05:00,0.08290154516696929,0.08449580565094947,0.07971302419900894,0.07971302419900894,248000,0.0,0.0
1974-12-10 00:00:00-05:00,0.0797130313574099,0.0813072919845581,0.0797130313574099,0.0813072919845581,216800,0.0,0.0
1974-12-11 00:00:00-05:00,0.08130728468298912,0.08130728468298912,0.07971302419900894,0.07971302419900894,198000,0.0,0.0
1974-12-12 00:00:00-05:00,0.08130727708339691,0.08768431842327118,0.08130727708339691,0.08449579775333405,385200,0.0,0.0
1974-12-13 00:00:00-05:00,0.0844958189076611,0.08927860110998154,0.0844958189076611,0.08927860110998154,293600,0.0,0.0
1974-12-16 00:00:00-05:00,0.08927857117219404,0.08927857117219404,0.08609005077318711,0.08768431097269058,434000,0.0,0.0
1974-12-17 00:00:00-05:00,0.08768437913170567,0.08768437913170567,0.08609011769294739,0.08609011769294739,243600,0.0,0.0
1974-12-18 00:00:00-05:00,0.08609007964176792,0.08927860110998154,0.08609007964176792,0.08927860110998154,258800,0.0,0.0
1974-12-19 00:00:00-05:00,0.08927857117219404,0.08927857117219404,0.08609005077318711,0.08768431097269058,220800,0.0,0.0
1974-12-20 00:00:00-05:00,0.08768437913170567,0.08768437913170567,0.08609011769294739,0.08609011769294739,270400,0.0,0.0
1974-12-23 00:00:00-05:00,0.08609005077318711,0.08768431097269058,0.08449579057368364,0.08768431097269058,308400,0.0,0.0
1974-12-24 00:00:00-05:00,0.08768437913170567,0.08768437913170567,0.08609011769294739,0.08609011769294739,208800,0.0,0.0
1974-12-26 00:00:00-05:00,0.08609011769294739,0.08768437913170567,0.08609011769294739,0.08609011769294739,277600,0.0,0.0
1974-12-27 00:00:00-05:00,0.08609011769294739,0.08768437913170567,0.08609011769294739,0.08609011769294739,364400,0.0,0.0
1974-12-30 00:00:00-05:00,0.08609005077318711,0.08768431097269058,0.08609005077318711,0.08768431097269058,747600,0.0,0.0
1974-12-31 00:00:00-05:00,0.08927857180436452,0.09565561264753342,0.08927857180436452,0.09565561264753342,618400,0.0,0.0
1975-01-02 00:00:00-05:00,0.09565553069114685,0.10681534260511398,0.09565553069114685,0.10362682491540909,386000,0.0,0.0
1975-01-03 00:00:00-05:00,0.10362692859391091,0.11319249123334885,0.10362692859391091,0.11319249123334885,524800,0.0,0.0
1975-01-06 00:00:00-05:00,0.11319249123334885,0.1179752725530678,0.11159823079344253,0.11319249123334885,360400,0.0,0.0
1975-01-07 00:00:00-05:00,0.11319249123334885,0.11319249123334885,0.1100039703535362,0.11319249123334885,98800,0.0,0.0
1975-01-08 00:00:00-05:00,0.11319252211546553,0.11319252211546553,0.10840973949086839,0.1100040003657341,120000,0.0,0.0
1975-01-09 00:00:00-05:00,0.1100039703535362,0.11478675167325517,0.10840970991362989,0.11319249123334885,140000,0.0,0.0
1975-01-10 00:00:00-05:00,0.11319244030403765,0.1163809597492218,0.11319244030403765,0.1163809597492218,262800,0.0,0.0
1975-01-13 00:00:00-05:00,0.1163809597492218,0.11797521947181389,0.11159818058144556,0.1163809597492218,357200,0.0,0.0
1975-01-14 00:00:00-05:00,0.11478675167325517,0.11478675167325517,0.11159823079344253,0.11319249123334885,168400,0.0,0.0
1975-01-15 00:00:00-05:00,0.11319249123334885,0.11478675167325517,0.11159823079344253,0.11319249123334885,120800,0.0,0.0
1975-01-16 00:00:00-05:00,0.11319254255957074,0.11478680372238159,0.11319254255957074,0.11478680372238159,84800,0.0,0.0
1975-01-17 00:00:00-05:00,0.11478675167325517,0.11478675167325517,0.11319249123334885,0.11319249123334885,82400,0.0,0.0
1975-01-20 00:00:00-05:00,0.11319254255957074,0.11478680372238159,0.11159828139675988,0.11478680372238159,128400,0.0,0.0
1975-01-21 00:00:00-05:00,0.11478675167325517,0.11478675167325517,0.11319249123334885,0.11319249123334885,131200,0.0,0.0
1975-01-22 00:00:00-05:00,0.11319247021889074,0.12594655137031505,0.11319247021889074,0.12435229122638702,300400,0.0,0.0
1975-01-23 00:00:00-05:00,0.12435237969024272,0.12594664096832275,0.12275811841216269,0.12594664096832275,207600,0.0,0.0
1975-01-24 00:00:00-05:00,0.12594663824250057,0.13072942197322845,0.12594663824250057,0.13072942197322845,327600,0.0,0.0
1975-01-27 00:00:00-05:00,0.13072936201379412,0.1339178830385208,0.13072936201379412,0.1339178830385208,412800,0.0,0.0
1975-01-28 00:00:00-05:00,0.1355120847965109,0.14029486425991716,0.1355120847965109,0.13870060443878174,630800,0.0,0.0
1975-01-29 00:00:00-05:00,0.13870073278104106,0.14826630055904388,0.13870073278104106,0.14826630055904388,563200,0.0,0.0
1975-01-30 00:00:00-05:00,0.14826621115207672,0.15145473182201385,0.14188916981220245,0.14188916981220245,412800,0.0,0.0
1975-01-31 00:00:00-05:00,0.1418891240810526,0.143483383902188,0.13710634461764631,0.13870060443878174,320800,0.0,0.0
1975-02-03 00:00:00-05:00,0.13870066387409513,0.14348344538699498,0.13870066387409513,0.14029492437839508,238800,0.0,0.0
1975-02-04 00:00:00-05:00,0.14029493829706213,0.14507772028446198,0.14029493829706213,0.14507772028446198,161200,0.0,0.0
1975-02-05 00:00:00-05:00,0.14573270082473755,0.14573270082473755,0.14245780867137264,0.14573270082473755,154000,0.075,0.0
1975-02-06 00:00:00-05:00,0.14573270082473755,0.14900759297810243,0.1440952547480551,0.14573270082473755,207200,0.0,0.0
1975-02-07 00:00:00-05:00,0.14573265781456773,0.14573265781456773,0.14245776662772353,0.14409521222114563,406000,0.0,0.0
1975-02-10 00:00:00-05:00,0.1440952742236784,0.1440952742236784,0.14245782792568207,0.14245782792568207,100000,0.0,0.0
1975-02-11 00:00:00-05:00,0.14245775497929994,0.14245775497929994,0.13918286406023558,0.14082030951976776,105600,0.0,0.0
1975-02-12 00:00:00-05:00,0.14082030951976776,0.14245775497929994,0.13918286406023558,0.14082030951976776,134000,0.0,0.0
1975-02-13 00:00:00-05:00,0.1408203279688245,0.1408203279688245,0.13754543662071228,0.13754543662071228,333200,0.0,0.0
1975-02-14 00:00:00-05:00,0.13754543662071228,0.1408203279688245,0.13590799094665618,0.13754543662071228,167600,0.0,0.0
1975-02-18 00:00:00-05:00,0.13754542333533964,0.13918286885123657,0.13427053230354585,0.13590797781944275,213600,0.0,0.0
1975-02-19 00:00:00-05:00,0.13590799094665618,0.13754543662071228,0.1342705452726001,0.13754543662071228,94800,0.0,0.0
1975-02-20 00:00:00-05:00,0.13754542333533964,0.13754542333533964,0.13427053230354585,0.13590797781944275,168800,0.0,0.0
1975-02-21 00:00:00-05:00,0.13590797781944275,0.13754542333533964,0.13427053230354585,0.13590797781944275,149600,0.0,0.0
1975-02-24 00:00:00-04:00,0.13590799094665618,0.13918288229476838,0.13590799094665618,0.13754543662071228,119600,0.0,0.0
1975-02-25 00:00:00-04:00,0.13754542333533964,0.13754542333533964,0.13263308678764896,0.13590797781944275,148800,0.0,0.0
1975-02-26 00:00:00-04:00,0.1359078895162653,0.1375453339682685,0.1326330006122589,0.1326330006122589,104400,0.0,0.0
1975-02-27 00:00:00-04:00,0.13263308678764896,0.13590797781944275,0.13263308678764896,0.13590797781944275,71200,0.0,0.0
1975-02-28 00:00:00-04:00,0.13590809106826782,0.14082043170928954,0.13427064418792725,0.13918298482894897,165600,0.0,0.0
1975-03-03 00:00:00-04:00,0.14082028684408768,0.1506449580192566,0.14082028684408768,0.1506449580192566,411600,0.0,0.0
1975-03-04 00:00:00-04:00,0.15064492919942835,0.1539198189646333,0.14900748431682587,0.14900748431682587,262000,0.0,0.0
1975-03-05 00:00:00-04:00,0.1490075990397443,0.15555738361291988,0.1490075990397443,0.1522824913263321,322000,0.0,0.0
1975-03-06 00:00:00-04:00,0.15228241129019826,0.16046963770364978,0.15064496600750796,0.15883219242095947,311200,0.0,0.0
1975-03-07 00:00:00-04:00,0.15883219242095947,0.16210708298634008,0.15719474713826917,0.15883219242095947,184000,0.0,0.0
1975-03-10 00:00:00-04:00,0.1588323473930359,0.1588323473930359,0.15555745363235474,0.15555745363235474,169200,0.0,0.0
1975-03-11 00:00:00-04:00,0.15555744158460738,0.15719488833812958,0.1539199948310852,0.1539199948310852,169600,0.0,0.0
1975-03-12 00:00:00-04:00,0.15392000675201414,0.1571949005126953,0.15228255987167358,0.15555745363235474,91600,0.0,0.0
1975-03-13 00:00:00-04:00,0.15555744158460738,0.15719488833812958,0.1539199948310852,0.1539199948310852,144800,0.0,0.0
1975-03-14 00:00:00-04:00,0.155557362207522,0.1571948081254959,0.155557362207522,0.1571948081254959,127200,0.0,0.0
1975-03-17 00:00:00-04:00,0.15719474713826917,0.15883219242095947,0.15555730185557887,0.15883219242095947,136000,0.0,0.0
1975-03-18 00:00:00-04:00,0.15883219242095947,0.16046963770364978,0.15719474713826917,0.15883219242095947,161200,0.0,0.0
1975-03-19 00:00:00-04:00,0.1571949005126953,0.1571949005126953,0.15555745363235474,0.15555745363235474,131200,0.0,0.0
1975-03-20 00:00:00-04:00,0.15555745363235474,0.1571949005126953,0.15555745363235474,0.15555745363235474,81600,0.0,0.0
1975-03-21 00:00:00-04:00,0.15555744158460738,0.15555744158460738,0.1539199948310852,0.1539199948310852,155600,0.0,0.0
1975-03-24 00:00:00-04:00,0.15228237408203082,0.15228237408203082,0.14409514966901843,0.14900748431682587,201200,0.0,0.0
1975-03-25 00:00:00-04:00,0.1440952742236784,0.1440952742236784,0.13918293532968937,0.14245782792568207,166000,0.0,0.0
1975-03-26 00:00:00-04:00,0.14245780656735102,0.14900759077734418,0.14245780656735102,0.1473701447248459,80000,0.0,0.0
1975-03-27 00:00:00-04:00,0.14737014690142,0.14900759297810243,0.14573270082473755,0.14573270082473755,61600,0.0,0.0
1975-03-31 00:00:00-04:00,0.14573269867234762,0.14900759077734418,0.14573269867234762,0.1473701447248459,104800,0.0,0.0
1975-04-01 00:00:00-04:00,0.14737010340798984,0.14737010340798984,0.14409521222114563,0.14409521222114563,89600,0.0,0.0
1975-04-02 00:00:00-04:00,0.1440952547480551,0.14737014690142,0.1440952547480551,0.14573270082473755,60800,0.0,0.0
1975-04-03 00:00:00-04:00,0.14573265781456773,0.14737010340798984,0.14409521222114563,0.14409521222114563,64000,0.0,0.0
1975-04-04 00:00:00-04:00,0.14409521222114563,0.14737010340798984,0.14409521222114563,0.14409521222114563,54400,0.0,0.0
1975-04-07 00:00:00-04:00,0.1473701447248459,0.14900759077734418,0.1473701447248459,0.1473701447248459,112800,0.0,0.0
1975-04-08 00:00:00-04:00,0.1473700394342234,0.15064492919942835,0.1473700394342234,0.14900748431682587,89600,0.0,0.0
1975-04-09 00:00:00-04:00,0.14900748431682587,0.15064492919942835,0.1473700394342234,0.14900748431682587,67600,0.0,0.0
1975-04-10 00:00:00-04:00,0.1490075990397443,0.1522824913263321,0.1490075990397443,0.1522824913263321,82800,0.0,0.0
1975-04-11 00:00:00-04:00,0.1522824913263321,0.15391993746962598,0.1490075990397443,0.1522824913263321,99200,0.0,0.0
1975-04-14 00:00:00-04:00,0.1522824913263321,0.15391993746962598,0.1506450451830382,0.1522824913263321,79200,0.0,0.0
1975-04-15 00:00:00-04:00,0.15228240321511807,0.15391984841097955,0.1506449580192566,0.1506449580192566,126000,0.0,0.0
1975-04-16 00:00:00-04:00,0.1506449580192566,0.15391984841097955,0.1506449580192566,0.1506449580192566,68400,0.0,0.0
1975-04-17 00:00:00-04:00,0.1506450451830382,0.15391993746962598,0.1506450451830382,0.1522824913263321,56800,0.0,0.0
1975-04-18 00:00:00-04:00,0.15228255987167358,0.15555745363235474,0.150645112991333,0.15555745363235474,137600,0.0,0.0
1975-04-21 00:00:00-04:00,0.15555732940532724,0.1604696661233902,0.15555732940532724,0.1604696661233902,226800,0.0,0.0
1975-04-22 00:00:00-04:00,0.16046972204280158,0.16046972204280158,0.1506450451830382,0.1522824913263321,218000,0.0,0.0
1975-04-23 00:00:00-04:00,0.15228255987167358,0.15555745363235474,0.15228255987167358,0.15555745363235474,260400,0.0,0.0
1975-04-24 00:00:00-04:00,0.15555730185557887,0.15883219242095947,0.15555730185557887,0.15883219242095947,133200,0.0,0.0
1975-04-25 00:00:00-04:00,0.15883222055070254,0.1604696661233902,0.15883222055070254,0.1604696661233902,101200,0.0,0.0
1975-04-28 00:00:00-04:00,0.16046969396899444,0.16210713982582092,0.15883224811216798,0.16210713982582092,131200,0.0,0.0
1975-04-29 00:00:00-04:00,0.16210708298634008,0.16210708298634008,0.15883219242095947,0.15883219242095947,88000,0.0,0.0
1975-04-30 00:00:00-04:00,0.15883224811216798,0.16210713982582092,0.15883224811216798,0.16210713982582092,122400,0.0,0.0
1975-05-01 00:00:00-04:00,0.16445647180080414,0.16445647180080414,0.1611002172742571,0.16445647180080414,102000,0.075,0.0
1975-05-02 00:00:00-04:00,0.16445647502682872,0.16445647502682872,0.1627783477306366,0.1627783477306366,82400,0.0,0.0
1975-05-05 00:00:00-04:00,0.1627784807314264,0.1627784807314264,0.15774409472942352,0.15774409472942352,140400,0.0,0.0
1975-05-06 00:00:00-04:00,0.15774395187263904,0.15942207902022032,0.15270957042989525,0.1543876975774765,108400,0.0,0.0
1975-05-07 00:00:00-04:00,0.1543876975774765,0.1543876975774765,0.15103144328231397,0.1543876975774765,96400,0.0,0.0
1975-05-08 00:00:00-04:00,0.1543876975774765,0.15606582472505778,0.15270957042989525,0.1543876975774765,75200,0.0,0.0
1975-05-09 00:00:00-04:00,0.15438776823782152,0.15942215198470702,0.15438776823782152,0.15606589615345,106000,0.0,0.0
1975-05-12 00:00:00-04:00,0.15606589615345,0.1577440240690785,0.15606589615345,0.15606589615345,127600,0.0,0.0
1975-05-13 00:00:00-04:00,0.15606596606208922,0.15942222339675782,0.15606596606208922,0.15774409472942352,113600,0.0,0.0
1975-05-14 00:00:00-04:00,0.15774410492495486,0.16277849125234703,0.15774410492495486,0.15942223370075226,156800,0.0,0.0
1975-05-15 00:00:00-04:00,0.15942222339675782,0.1611003520640921,0.15606596606208922,0.15774409472942352,157600,0.0,0.0
1975-05-16 00:00:00-04:00,0.15606589615345,0.15606589615345,0.15438776823782152,0.15606589615345,59200,0.0,0.0
1975-05-19 00:00:00-04:00,0.15606597614915746,0.16110036247654963,0.1543878473733601,0.15942223370075226,167200,0.0,0.0
1975-05-20 00:00:00-04:00,0.15942222339675782,0.1611003520640921,0.15606596606208922,0.15774409472942352,114000,0.0,0.0
1975-05-21 00:00:00-04:00,0.15774395187263904,0.15774395187263904,0.1543876975774765,0.1543876975774765,49200,0.0,0.0
1975-05-22 00:00:00-04:00,0.15438783739475492,0.15774409472942352,0.15438783739475492,0.15774409472942352,110400,0.0,0.0
1975-05-23 00:00:00-04:00,0.1577440240690785,0.15942215198470702,0.15606589615345,0.15606589615345,100400,0.0,0.0
1975-05-27 00:00:00-04:00,0.15606582472505778,0.15774395187263904,0.1543876975774765,0.1543876975774765,64000,0.0,0.0
1975-05-28 00:00:00-04:00,0.15438776479827035,0.1560658926765124,0.1510315090417862,0.1510315090417862,98400,0.0,0.0
1975-05-29 00:00:00-04:00,0.15103151240656454,0.15606589615345,0.15103151240656454,0.15606589615345,102400,0.0,0.0
1975-05-30 00:00:00-04:00,0.15606596606208922,0.15774409472942352,0.15438783739475492,0.15774409472942352,46000,0.0,0.0
1975-06-02 00:00:00-04:00,0.1577439658420602,0.16445647502682872,0.1577439658420602,0.1627783477306366,319200,0.0,0.0
1975-06-03 00:00:00-04:00,0.16277834843352157,0.17788149416446686,0.16277834843352157,0.17788149416446686,333200,0.0,0.0
1975-06-04 00:00:00-04:00,0.17788160273006984,0.1845941160406385,0.17620347440242767,0.17620347440242767,304400,0.0,0.0
1975-06-05 00:00:00-04:00,0.17620334330086523,0.17620334330086523,0.1728470891427535,0.1745252162218094,101600,0.0,0.0
1975-06-06 00:00:00-04:00,0.17452520421407755,0.17452520421407755,0.17116895028688375,0.17284707725048065,110800,0.0,0.0
1975-06-09 00:00:00-04:00,0.17284707725048065,0.17284707725048065,0.16949082332328685,0.17284707725048065,85200,0.0,0.0
1975-06-10 00:00:00-04:00,0.1711689531803131,0.1711689531803131,0.1678126991963854,0.1711689531803131,66400,0.0,0.0
1975-06-11 00:00:00-04:00,0.17116896206369767,0.1778814703799211,0.16781270790558594,0.1745252162218094,292000,0.0,0.0
1975-06-12 00:00:00-04:00,0.1745253460747855,0.17620347440242767,0.17284721774714332,0.17620347440242767,106000,0.0,0.0
1975-06-13 00:00:00-04:00,0.17620346830649808,0.18459410965442657,0.1745253400369124,0.18459410965442657,130000,0.0,0.0
1975-06-16 00:00:00-04:00,0.18459410965442657,0.18627223792401226,0.18123785311525517,0.18459410965442657,137200,0.0,0.0
1975-06-17 00:00:00-04:00,0.18459407267747102,0.18627220061090258,0.1812378168106079,0.1812378168106079,127600,0.0,0.0
1975-06-18 00:00:00-04:00,0.18123785727614655,0.18627224220048397,0.18123785727614655,0.18291598558425903,76800,0.0,0.0
1975-06-19 00:00:00-04:00,0.18291598771299633,0.18795037269592285,0.18291598771299633,0.18795037269592285,144400,0.0,0.0
1975-06-20 00:00:00-04:00,0.18795027986036994,0.19466278985538313,0.18795027986036994,0.18962840735912323,322800,0.0,0.0
1975-06-23 00:00:00-04:00,0.18962838919016353,0.19298464386609562,0.1879502618521975,0.19130651652812958,214400,0.0,0.0
1975-06-24 00:00:00-04:00,0.191306601918262,0.19466285809226658,0.191306601918262,0.19298473000526428,157200,0.0,0.0
1975-06-25 00:00:00-04:00,0.19298464386609562,0.19298464386609562,0.18962838919016353,0.19130651652812958,94800,0.0,0.0
1975-06-26 00:00:00-04:00,0.19130653485787655,0.19298466235662984,0.18962840735912323,0.18962840735912323,121200,0.0,0.0
1975-06-27 00:00:00-04:00,0.18962850102356502,0.19130662935120718,0.18795037269592285,0.18795037269592285,108400,0.0,0.0
1975-06-30 00:00:00-04:00,0.18795018153147655,0.18962830815229328,0.18459392828984303,0.1862720549106598,102800,0.0,0.0
1975-07-01 00:00:00-04:00,0.18627220061090258,0.18627220061090258,0.17955968887717635,0.1812378168106079,96800,0.0,0.0
1975-07-02 00:00:00-04:00,0.179559731057712,0.179559731057712,0.17284721774714332,0.17620347440242767,169200,0.0,0.0
1975-07-03 00:00:00-04:00,0.1762034075560971,0.17955966293811798,0.1728471521740762,0.17955966293811798,110800,0.0,0.0
1975-07-07 00:00:00-04:00,0.179559731057712,0.18123785938535417,0.17620347440242767,0.17620347440242767,96800,0.0,0.0
1975-07-08 00:00:00-04:00,0.17620347440242767,0.17788160273006984,0.1745253460747855,0.17620347440242767,50400,0.0,0.0
1975-07-09 00:00:00-04:00,0.17788149416446686,0.1812377487713436,0.17788149416446686,0.17788149416446686,91200,0.0,0.0
1975-07-10 00:00:00-04:00,0.1778815609437448,0.18291594474403947,0.1778815609437448,0.1812378168106079,115600,0.0,0.0
1975-07-11 00:00:00-04:00,0.18123785727614655,0.1845941138923715,0.18123785727614655,0.18291598558425903,74400,0.0,0.0
1975-07-14 00:00:00-04:00,0.18291594474403947,0.18459407267747102,0.1812378168106079,0.1812378168106079,56400,0.0,0.0
1975-07-15 00:00:00-04:00,0.18123785727614655,0.18291598558425903,0.18123785727614655,0.18291598558425903,64000,0.0,0.0
1975-07-16 00:00:00-04:00,0.18291587607478196,0.18291587607478196,0.17788149416446686,0.17788149416446686,56400,0.0,0.0
1975-07-17 00:00:00-04:00,0.17788149416446686,0.18459400337822032,0.17788149416446686,0.17788149416446686,116000,0.0,0.0
1975-07-18 00:00:00-04:00,0.17788153524710754,0.17955966293811798,0.1762034075560971,0.17955966293811798,142000,0.0,0.0
1975-07-21 00:00:00-04:00,0.17955962146790522,0.1812377487713436,0.17788149416446686,0.17788149416446686,65200,0.0,0.0
1975-07-22 00:00:00-04:00,0.17788145814127135,0.17788145814127135,0.16949082332328685,0.17284707725048065,206000,0.0,0.0
1975-07-23 00:00:00-04:00,0.1728470891427535,0.17620334330086523,0.17116896206369767,0.1745252162218094,118800,0.0,0.0
1975-07-24 00:00:00-04:00,0.1745252071642408,0.1745252071642408,0.1711689531803131,0.1711689531803131,63200,0.0,0.0
1975-07-25 00:00:00-04:00,0.17116896206369767,0.1745252162218094,0.17116896206369767,0.1745252162218094,37600,0.0,0.0
1975-07-28 00:00:00-04:00,0.1745252071642408,0.1745252071642408,0.16949082618834926,0.1711689531803131,138800,0.0,0.0
1975-07-29 00:00:00-04:00,0.17116895028688375,0.17284707725048065,0.16949082332328685,0.17284707725048065,63200,0.0,0.0
1975-07-30 00:00:00-04:00,0.17284708017227696,0.1745252071642408,0.1711689531803131,0.1711689531803131,106000,0.0,0.0
1975-07-31 00:00:00-04:00,0.17357511788606644,0.17357511788606644,0.17185655236244202,0.17185655236244202,59600,0.075,0.0
1975-08-01 00:00:00-04:00,0.17185638649295076,0.17357495035788026,0.17013782262802124,0.17013782262802124,45200,0.0,0.0
1975-08-04 00:00:00-04:00,0.1701378206513366,0.17185638449629959,0.1684192568063736,0.1684192568063736,53200,0.0,0.0
1975-08-05 00:00:00-04:00,0.1684192568063736,0.1701378206513366,0.1667006929614106,0.1684192568063736,80000,0.0,0.0
1975-08-06 00:00:00-04:00,0.16841928491887356,0.16841928491887356,0.1649821566552231,0.16670072078704834,63600,0.0,0.0
1975-08-07 00:00:00-04:00,0.16670069489816222,0.17701207808773928,0.16498213103323273,0.17013782262802124,157200,0.0,0.0
1975-08-08 00:00:00-04:00,0.17013782262802124,0.17185638649295076,0.16841925876309174,0.17013782262802124,95200,0.0,0.0
1975-08-11 00:00:00-04:00,0.1701378206513366,0.1701378206513366,0.1667006929614106,0.1684192568063736,86400,0.0,0.0
1975-08-12 00:00:00-04:00,0.16841928491887356,0.17013784905069881,0.1649821566552231,0.16670072078704834,100400,0.0,0.0
1975-08-13 00:00:00-04:00,0.1667006929614106,0.1701378206513366,0.1667006929614106,0.1684192568063736,28000,0.0,0.0
1975-08-14 00:00:00-04:00,0.16841928491887356,0.16841928491887356,0.16670072078704834,0.16670072078704834,72800,0.0,0.0
1975-08-15 00:00:00-04:00,0.16670084176677288,0.17529366866196738,0.16670084176677288,0.17357510328292847,63200,0.0,0.0
1975-08-18 00:00:00-04:00,0.17357494834126258,0.17357494834126258,0.1684192568063736,0.1684192568063736,70000,0.0,0.0
1975-08-19 00:00:00-04:00,0.16841928491887356,0.17013784905069881,0.16670072078704834,0.16670072078704834,92800,0.0,0.0
1975-08-20 00:00:00-04:00,0.16670088469982147,0.16670088469982147,0.16326375305652618,0.16326375305652618,116000,0.0,0.0
1975-08-21 00:00:00-04:00,0.16326376811621038,0.16326376811621038,0.16154520213603973,0.16154520213603973,62800,0.0,0.0
1975-08-22 00:00:00-04:00,0.16154511428127688,0.16498224437236786,0.16154511428127688,0.16498224437236786,86000,0.0,0.0
1975-08-25 00:00:00-04:00,0.16498231887817383,0.16670088469982147,0.16154518723487854,0.16326375305652618,67600,0.0,0.0
1975-08-26 00:00:00-04:00,0.16326376811621038,0.164982334096381,0.16154520213603973,0.16154520213603973,54400,0.0,0.0
1975-08-27 00:00:00-04:00,0.16154518723487854,0.16498231887817383,0.16154518723487854,0.16326375305652618,58000,0.0,0.0
1975-08-28 00:00:00-04:00,0.1632635652714846,0.1701378206513366,0.1632635652714846,0.1684192568063736,88800,0.0,0.0
1975-08-29 00:00:00-04:00,0.1684192568063736,0.17185638449629959,0.1684192568063736,0.1684192568063736,79200,0.0,0.0
1975-09-02 00:00:00-04:00,0.16841928491887356,0.17013784905069881,0.16670072078704834,0.16670072078704834,84400,0.0,0.0
1975-09-03 00:00:00-04:00,0.16670080941791338,0.16670080941791338,0.16326367932682237,0.16498224437236786,90400,0.0,0.0
1975-09-04 00:00:00-04:00,0.1649821566552231,0.16670072078704834,0.1649821566552231,0.16670072078704834,89200,0.0,0.0
1975-09-05 00:00:00-04:00,0.16670080941791338,0.16670080941791338,0.16498224437236786,0.16498224437236786,75200,0.0,0.0
1975-09-08 00:00:00-04:00,0.16498231887817383,0.16498231887817383,0.16154518723487854,0.16326375305652618,122000,0.0,0.0
1975-09-09 00:00:00-04:00,0.16326367932682237,0.16841937446345887,0.16326367932682237,0.16498224437236786,109200,0.0,0.0
1975-09-10 00:00:00-04:00,0.16498231887817383,0.16498231887817383,0.16326375305652618,0.16326375305652618,36800,0.0,0.0
1975-09-11 00:00:00-04:00,0.16326376811621038,0.164982334096381,0.16154520213603973,0.16154520213603973,59600,0.0,0.0
1975-09-12 00:00:00-04:00,0.16154518723487854,0.16498231887817383,0.16154518723487854,0.16326375305652618,56400,0.0,0.0
1975-09-15 00:00:00-04:00,0.16326367932682237,0.16498224437236786,0.16154511428127688,0.16498224437236786,56800,0.0,0.0
1975-09-16 00:00:00-04:00,0.16498231887817383,0.16498231887817383,0.16154518723487854,0.16326375305652618,86400,0.0,0.0
1975-09-17 00:00:00-04:00,0.16326367932682237,0.16498224437236786,0.16154511428127688,0.16498224437236786,80000,0.0,0.0
1975-09-18 00:00:00-04:00,0.16498231887817383,0.16498231887817383,0.16326375305652618,0.16326375305652618,89600,0.0,0.0
1975-09-19 00:00:00-04:00,0.16326359252339784,0.16670072078704834,0.16326359252339784,0.16670072078704834,175200,0.0,0.0
1975-09-22 00:00:00-04:00,0.1667006929614106,0.1701378206513366,0.1649821291164476,0.1684192568063736,132000,0.0,0.0
1975-09-23 00:00:00-04:00,0.16841928491887356,0.16841928491887356,0.1649821566552231,0.16670072078704834,60000,0.0,0.0
1975-09-24 00:00:00-04:00,0.16670072078704834,0.16841928491887356,0.1649821566552231,0.16670072078704834,62000,0.0,0.0
1975-09-25 00:00:00-04:00,0.16670080941791338,0.16670080941791338,0.16498224437236786,0.16498224437236786,43600,0.0,0.0
1975-09-26 00:00:00-04:00,0.1649821291164476,0.1684192568063736,0.1649821291164476,0.1684192568063736,47600,0.0,0.0
1975-09-29 00:00:00-04:00,0.1684192568063736,0.1701378206513366,0.1684192568063736,0.1684192568063736,76400,0.0,0.0
1975-09-30 00:00:00-04:00,0.16841937446345887,0.16841937446345887,0.16498224437236786,0.16498224437236786,75600,0.0,0.0
1975-10-01 00:00:00-04:00,0.16498224437236786,0.16841937446345887,0.16498224437236786,0.16498224437236786,59200,0.0,0.0
1975-10-02 00:00:00-04:00,0.1649821566552231,0.16841928491887356,0.1649821566552231,0.16670072078704834,68800,0.0,0.0
1975-10-03 00:00:00-04:00,0.16670072078704834,0.16841928491887356,0.1649821566552231,0.16670072078704834,112800,0.0,0.0
1975-10-06 00:00:00-04:00,0.16670072078704834,0.17013784905069881,0.16670072078704834,0.16670072078704834,91600,0.0,0.0
1975-10-07 00:00:00-04:00,0.1667006929614106,0.1701378206513366,0.1667006929614106,0.1684192568063736,64000,0.0,0.0
1975-10-08 00:00:00-04:00,0.16841928491887356,0.16841928491887356,0.16670072078704834,0.16670072078704834,66400,0.0,0.0
1975-10-09 00:00:00-04:00,0.1667007724347624,0.17701216042041779,0.1667007724347624,0.17701216042041779,251600,0.0,0.0
1975-10-10 00:00:00-04:00,0.17701208777725697,0.18044921569526196,0.17529352381825447,0.17873065173625946,249600,0.0,0.0
1975-10-13 00:00:00-04:00,0.17873074213663737,0.18044930696487427,0.17701217730840046,0.18044930696487427,112000,0.0,0.0
1975-10-14 00:00:00-04:00,0.18044921569526196,0.18044921569526196,0.17701208777725697,0.17873065173625946,100400,0.0,0.0
1975-10-15 00:00:00-04:00,0.17873062206818177,0.1907605677843094,0.17701205839444925,0.1907605677843094,138000,0.0,0.0
1975-10-16 00:00:00-04:00,0.1907605677843094,0.1907605677843094,0.18904200411057687,0.1907605677843094,117200,0.0,0.0
1975-10-17 00:00:00-04:00,0.18904211782963476,0.18904211782963476,0.18044929429192408,0.18388642370700836,210800,0.0,0.0
1975-10-20 00:00:00-04:00,0.18388643957398557,0.1856050044298172,0.18044930986232227,0.1856050044298172,141600,0.0,0.0
1975-10-21 00:00:00-04:00,0.1856048506385875,0.1873234140704263,0.18216772377490997,0.18216772377490997,131600,0.0,0.0
1975-10-22 00:00:00-04:00,0.18216772377490997,0.1856048506385875,0.18216772377490997,0.18216772377490997,115600,0.0,0.0
1975-10-23 00:00:00-04:00,0.1838865282885525,0.187323659658432,0.1838865282885525,0.187323659658432,138800,0.0,0.0
1975-10-24 00:00:00-04:00,0.18732355312209262,0.18904211782963476,0.18388642370700836,0.18388642370700836,137200,0.0,0.0
1975-10-27 00:00:00-05:00,0.18388635448434137,0.18904204666614532,0.18388635448434137,0.18904204666614532,116800,0.0,0.0
1975-10-28 00:00:00-05:00,0.18388628720674874,0.18388628720674874,0.1804491603430712,0.18216772377490997,270800,0.0,0.0
1975-10-29 00:00:00-05:00,0.18216793017812294,0.18216793017812294,0.17185653790388958,0.17357510328292847,272800,0.0,0.0
1975-10-30 00:00:00-05:00,0.17357511788606644,0.17357511788606644,0.16841942131519316,0.17185655236244202,202000,0.0,0.0
1975-10-31 00:00:00-05:00,0.1718564664275901,0.17701216042041779,0.1701379017633142,0.17701216042041779,119600,0.0,0.0
1975-11-03 00:00:00-05:00,0.17701223404100627,0.17701223404100627,0.17185653790388958,0.17357510328292847,132400,0.0,0.0
1975-11-04 00:00:00-05:00,0.17357495035788026,0.17529351422280978,0.16670069489816222,0.17013782262802124,238000,0.0,0.0
1975-11-05 00:00:00-05:00,0.1726035326719284,0.1726035326719284,0.1690810115969911,0.1726035326719284,278800,0.075,0.0
1975-11-06 00:00:00-05:00,0.17260359580983822,0.17260359580983822,0.17084233462810516,0.17084233462810516,167600,0.0,0.0
1975-11-07 00:00:00-05:00,0.17084233462810516,0.17260359580983822,0.16908107344637213,0.17084233462810516,222800,0.0,0.0
1975-11-10 00:00:00-05:00,0.17084239842370152,0.17084239842370152,0.16908113658428192,0.16908113658428192,214400,0.0,0.0
1975-11-11 00:00:00-05:00,0.16908107344637213,0.17612611817330429,0.16908107344637213,0.17084233462810516,182800,0.0,0.0
1975-11-12 00:00:00-05:00,0.1743649225501181,0.18140996992588043,0.1743649225501181,0.18140996992588043,232400,0.0,0.0
1975-11-13 00:00:00-05:00,0.18140996577074894,0.18669375118154746,0.18140996577074894,0.18317122757434845,254800,0.0,0.0
1975-11-14 00:00:00-05:00,0.18317117918105352,0.18493244051933289,0.18140991784277416,0.18493244051933289,112800,0.0,0.0
1975-11-17 00:00:00-05:00,0.1849325254278363,0.18669378757476807,0.18317126328090452,0.18669378757476807,151600,0.0,0.0
1975-11-18 00:00:00-05:00,0.18669370185761225,0.1884549631958916,0.18493244051933289,0.18493244051933289,143200,0.0,0.0
1975-11-19 00:00:00-05:00,0.1849325254278363,0.18845504972169985,0.1849325254278363,0.18669378757476807,169600,0.0,0.0
1975-11-20 00:00:00-05:00,0.18669378757476807,0.18845504972169985,0.18669378757476807,0.18669378757476807,131200,0.0,0.0
1975-11-21 00:00:00-05:00,0.18669378757476807,0.18845504972169985,0.18669378757476807,0.18669378757476807,107600,0.0,0.0
1975-11-24 00:00:00-05:00,0.18669378757476807,0.18845504972169985,0.18669378757476807,0.18669378757476807,103200,0.0,0.0
1975-11-25 00:00:00-05:00,0.18669376835644802,0.1884550303220749,0.18493250639082115,0.1884550303220749,114000,0.0,0.0
1975-11-26 00:00:00-05:00,0.1884550303220749,0.19021629228770176,0.1884550303220749,0.1884550303220749,236400,0.0,0.0
1975-11-28 00:00:00-05:00,0.1884550303220749,0.1919775542533286,0.1884550303220749,0.1884550303220749,118400,0.0,0.0
1975-12-01 00:00:00-05:00,0.1884550303220749,0.1919775542533286,0.1884550303220749,0.1884550303220749,150800,0.0,0.0
1975-12-02 00:00:00-05:00,0.1884550303220749,0.19021629228770176,0.18669376835644802,0.1884550303220749,113600,0.0,0.0
1975-12-03 00:00:00-05:00,0.18669370185761225,0.18669370185761225,0.18317117918105352,0.18493244051933289,147600,0.0,0.0
1975-12-04 00:00:00-05:00,0.1849324936137616,0.1849324936137616,0.17964870808193986,0.18140996992588043,122800,0.0,0.0
1975-12-05 00:00:00-05:00,0.1814100193042381,0.1814100193042381,0.179648756980896,0.179648756980896,73200,0.0,0.0
1975-12-08 00:00:00-05:00,0.179648756980896,0.1814100193042381,0.17788749465755388,0.179648756980896,101600,0.0,0.0
1975-12-09 00:00:00-05:00,0.179648756980896,0.1814100193042381,0.17788749465755388,0.179648756980896,85600,0.0,0.0
1975-12-10 00:00:00-05:00,0.17964870396714944,0.18317122757434845,0.17788744216354993,0.18317122757434845,145200,0.0,0.0
1975-12-11 00:00:00-05:00,0.18317128162758023,0.18317128162758023,0.179648756980896,0.179648756980896,121600,0.0,0.0
1975-12-12 00:00:00-05:00,0.17964870808193986,0.18140996992588043,0.17964870808193986,0.18140996992588043,111600,0.0,0.0
1975-12-15 00:00:00-05:00,0.18140996992588043,0.18317123176982103,0.17964870808193986,0.18140996992588043,105200,0.0,0.0
1975-12-16 00:00:00-05:00,0.18140996577074894,0.18317122757434845,0.17964870396714944,0.18317122757434845,128800,0.0,0.0
1975-12-17 00:00:00-05:00,0.18317123176982103,0.18317123176982103,0.18140996992588043,0.18140996992588043,147200,0.0,0.0
1975-12-18 00:00:00-05:00,0.18140996577074894,0.18493248937794796,0.18140996577074894,0.18317122757434845,196000,0.0,0.0
1975-12-19 00:00:00-05:00,0.18317124442519428,0.1884550303220749,0.18317124442519428,0.1884550303220749,207600,0.0,0.0
1975-12-22 00:00:00-05:00,0.18845504972169985,0.18845504972169985,0.1849325254278363,0.18669378757476807,242000,0.0,0.0
1975-12-23 00:00:00-05:00,0.1866937787444503,0.1902163028717041,0.18493251668082342,0.1902163028717041,228400,0.0,0.0
1975-12-24 00:00:00-05:00,0.19021630883216858,0.19550009518861772,0.1884550467133522,0.19373883306980133,175200,0.0,0.0
1975-12-26 00:00:00-05:00,0.19373890208570582,0.20078395307064056,0.19373890208570582,0.20078395307064056,201200,0.0,0.0
1975-12-29 00:00:00-05:00,0.2007838405411819,0.20606762581858143,0.2007838405411819,0.20430636405944824,343600,0.0,0.0
1975-12-30 00:00:00-05:00,0.2043064338529212,0.20606769621372223,0.19902264677051804,0.20606769621372223,224400,0.0,0.0
1975-12-31 00:00:00-05:00,0.20606758072972298,0.21135136485099792,0.20430631935596466,0.21135136485099792,250800,0.0,0.0
1976-01-02 00:00:00-05:00,0.21135142253291223,0.21839646995067596,0.21135142253291223,0.21839646995067596,338800,0.0,0.0
1976-01-05 00:00:00-05:00,0.2183964536525309,0.22544150054454803,0.2183964536525309,0.22544150054454803,346800,0.0,0.0
1976-01-06 00:00:00-05:00,0.22544154357910157,0.22544154357910157,0.2166352332830429,0.22015775740146637,234800,0.0,0.0
1976-01-07 00:00:00-05:00,0.22015773180511689,0.22191899365955783,0.21663520809623502,0.21839646995067596,240000,0.0,0.0
1976-01-08 00:00:00-05:00,0.21839646995067596,0.22015773180511689,0.21663520809623502,0.21839646995067596,170800,0.0,0.0
1976-01-09 00:00:00-05:00,0.21839647419084376,0.2201577360794796,0.21663521230220795,0.21663521230220795,141600,0.0,0.0
1976-01-12 00:00:00-05:00,0.2166352332830429,0.22015775740146637,0.2166352332830429,0.22015775740146637,222000,0.0,0.0
1976-01-13 00:00:00-05:00,0.22015775740146637,0.2219190194606781,0.21839649534225464,0.22015775740146637,195600,0.0,0.0
1976-01-14 00:00:00-05:00,0.2201577153755352,0.22544150054454803,0.2183964536525309,0.22544150054454803,366800,0.0,0.0
1976-01-15 00:00:00-05:00,0.22544147784893329,0.22896400094032288,0.2236802163032385,0.22896400094032288,288000,0.0,0.0
1976-01-16 00:00:00-05:00,0.228963902122096,0.23424768447875977,0.22720264133654142,0.23424768447875977,216400,0.0,0.0
1976-01-19 00:00:00-05:00,0.23424779574076335,0.23953158060709634,0.23248653411865233,0.23777031898498535,294000,0.0,0.0
1976-01-20 00:00:00-05:00,0.2360091656446457,0.2360091656446457,0.23248664078427783,0.2360091656446457,171200,0.0,0.0
1976-01-21 00:00:00-05:00,0.23600894526431435,0.23600894526431435,0.23072516290765058,0.23424768447875977,158000,0.0,0.0
1976-01-22 00:00:00-05:00,0.23424768447875977,0.23600894526431435,0.23072516290765058,0.23424768447875977,152000,0.0,0.0
1976-01-23 00:00:00-05:00,0.23424779574076335,0.23953158060709634,0.23424779574076335,0.23777031898498535,187200,0.0,0.0
1976-01-26 00:00:00-05:00,0.23777028545737267,0.23953154683113098,0.23424776270985603,0.23953154683113098,303200,0.0,0.0
1976-01-27 00:00:00-05:00,0.23953154683113098,0.2412928082048893,0.23600902408361435,0.23953154683113098,788400,0.0,0.0
1976-01-28 00:00:00-05:00,0.23953154683113098,0.24481533095240593,0.23953154683113098,0.23953154683113098,906800,0.0,0.0
1976-01-29 00:00:00-05:00,0.24129289326568445,0.2536217272281647,0.24129289326568445,0.2536217272281647,819600,0.0,0.0
1976-01-30 00:00:00-05:00,0.2536216755987893,0.2536216755987893,0.24833789069048118,0.25009915232658386,191200,0.0,0.0
1976-02-02 00:00:00-05:00,0.2500991906438555,0.25186045254979816,0.24657666683197021,0.24657666683197021,244400,0.0,0.0
1976-02-03 00:00:00-05:00,0.2465766260949828,0.24833788770994694,0.24305410286505447,0.24481536448001862,283600,0.0,0.0
1976-02-04 00:00:00-05:00,0.24481540492602757,0.24833792873791286,0.2430541430200849,0.24657666683197021,260400,0.0,0.0
1976-02-05 00:00:00-05:00,0.2505419736659085,0.2505419736659085,0.2433321326971054,0.2433321326971054,296800,0.1,0.0
1976-02-06 00:00:00-05:00,0.2433321326971054,0.24513459293930617,0.24152967245490461,0.2433321326971054,164000,0.0,0.0
1976-02-09 00:00:00-05:00,0.2433321326971054,0.24513459293930617,0.24152967245490461,0.2433321326971054,212800,0.0,0.0
1976-02-10 00:00:00-05:00,0.2433322086485464,0.2433322086485464,0.23792482623413427,0.24152974784374237,406000,0.0,0.0
1976-02-11 00:00:00-05:00,0.2415297356518832,0.2415297356518832,0.23612235351042316,0.23792481422424316,248400,0.0,0.0
1976-02-12 00:00:00-05:00,0.2379248005743245,0.23972726118473606,0.23612233996391296,0.23612233996391296,158800,0.0,0.0
1976-02-13 00:00:00-05:00,0.23612235351042316,0.2397272749380632,0.23612235351042316,0.23792481422424316,116800,0.0,0.0
1976-02-17 00:00:00-05:00,0.2379248005743245,0.23972726118473606,0.23612233996391296,0.23612233996391296,115200,0.0,0.0
1976-02-18 00:00:00-05:00,0.23612226411364132,0.2433321042392487,0.23612226411364132,0.239727184176445,158000,0.0,0.0
1976-02-19 00:00:00-05:00,0.24152967245490461,0.24513459293930617,0.24152967245490461,0.2433321326971054,183200,0.0,0.0
1976-02-20 00:00:00-05:00,0.2433321326971054,0.2433321326971054,0.23972721221270385,0.2433321326971054,141600,0.0,0.0
1976-02-23 00:00:00-05:00,0.2415297356518832,0.2415297356518832,0.23792481422424316,0.23792481422424316,209200,0.0,0.0
1976-02-24 00:00:00-05:00,0.23972721221270385,0.2433321326971054,0.23972721221270385,0.2433321326971054,136800,0.0,0.0
1976-02-25 00:00:00-05:00,0.2433322086485464,0.2433322086485464,0.23792482623413427,0.24152974784374237,104000,0.0,0.0
1976-02-26 00:00:00-05:00,0.24152974784374237,0.2433322086485464,0.2397272870389383,0.24152974784374237,236800,0.0,0.0
1976-02-27 00:00:00-05:00,0.24152974784374237,0.2433322086485464,0.2397272870389383,0.24152974784374237,157600,0.0,0.0
1976-03-01 00:00:00-05:00,0.24152964420784684,0.24152964420784684,0.23792472414504318,0.239727184176445,186800,0.0,0.0
1976-03-02 00:00:00-05:00,0.2397272870389383,0.2433322086485464,0.2397272870389383,0.24152974784374237,148000,0.0,0.0
1976-03-03 00:00:00-05:00,0.2415297356518832,0.2415297356518832,0.23792481422424316,0.23792481422424316,124800,0.0,0.0
1976-03-04 00:00:00-05:00,0.23792481422424316,0.2415297356518832,0.23792481422424316,0.23792481422424316,85600,0.0,0.0
1976-03-05 00:00:00-05:00,0.23792482623413427,0.24152974784374237,0.23792482623413427,0.24152974784374237,92400,0.0,0.0
1976-03-08 00:00:00-05:00,0.24152964420784684,0.2433321042392487,0.239727184176445,0.239727184176445,115200,0.0,0.0
1976-03-09 00:00:00-05:00,0.239727184176445,0.2433321042392487,0.239727184176445,0.239727184176445,124000,0.0,0.0
1976-03-10 00:00:00-05:00,0.2397272870389383,0.2433322086485464,0.2397272870389383,0.24152974784374237,90000,0.0,0.0
1976-03-11 00:00:00-05:00,0.24152974784374237,0.2433322086485464,0.2397272870389383,0.24152974784374237,92000,0.0,0.0
1976-03-12 00:00:00-05:00,0.24152964420784684,0.24152964420784684,0.23792472414504318,0.239727184176445,139600,0.0,0.0
1976-03-15 00:00:00-05:00,0.239727184176445,0.24152964420784684,0.23612226411364132,0.239727184176445,192400,0.0,0.0
1976-03-16 00:00:00-05:00,0.23972726118473606,0.24152972179514762,0.2343198793535014,0.23612233996391296,184400,0.0,0.0
1976-03-17 00:00:00-05:00,0.23612226411364132,0.239727184176445,0.23612226411364132,0.239727184176445,86000,0.0,0.0
1976-03-18 00:00:00-05:00,0.2397272749380632,0.2415297356518832,0.23792481422424316,0.23792481422424316,104000,0.0,0.0
1976-03-19 00:00:00-05:00,0.23792472414504318,0.24152964420784684,0.23792472414504318,0.239727184176445,62000,0.0,0.0
1976-03-22 00:00:00-05:00,0.239727184176445,0.24152964420784684,0.23792472414504318,0.239727184176445,121200,0.0,0.0
1976-03-23 00:00:00-05:00,0.2397272749380632,0.2397272749380632,0.23612235351042316,0.23792481422424316,100400,0.0,0.0
1976-03-24 00:00:00-05:00,0.2379248005743245,0.23972726118473606,0.23612233996391296,0.23612233996391296,198000,0.0,0.0
1976-03-25 00:00:00-05:00,0.23612233996391296,0.2379248005743245,0.2343198793535014,0.23612233996391296,112800,0.0,0.0
1976-03-26 00:00:00-05:00,0.23612235351042316,0.2397272749380632,0.2325174320827831,0.23792481422424316,124800,0.0,0.0
1976-03-29 00:00:00-05:00,0.23792481422424316,0.2415297356518832,0.23612235351042316,0.23792481422424316,133600,0.0,0.0
1976-03-30 00:00:00-05:00,0.23792472414504318,0.239727184176445,0.23612226411364132,0.239727184176445,80400,0.0,0.0
1976-03-31 00:00:00-05:00,0.239727184176445,0.239727184176445,0.23612226411364132,0.239727184176445,158000,0.0,0.0
1976-04-01 00:00:00-05:00,0.2397272749380632,0.2397272749380632,0.23612235351042316,0.23792481422424316,115600,0.0,0.0
1976-04-02 00:00:00-05:00,0.23792472414504318,0.239727184176445,0.23612226411364132,0.239727184176445,166400,0.0,0.0
1976-04-05 00:00:00-05:00,0.2397272749380632,0.2397272749380632,0.23792481422424316,0.23792481422424316,310800,0.0,0.0
1976-04-06 00:00:00-05:00,0.23792472414504318,0.24152964420784684,0.23612226411364132,0.239727184176445,301200,0.0,0.0
1976-04-07 00:00:00-05:00,0.2397272870389383,0.24152974784374237,0.2397272870389383,0.24152974784374237,119200,0.0,0.0
1976-04-08 00:00:00-05:00,0.24152964420784684,0.2433321042392487,0.239727184176445,0.239727184176445,118000,0.0,0.0
1976-04-09 00:00:00-05:00,0.2397272870389383,0.2433322086485464,0.2361223654293302,0.24152974784374237,122000,0.0,0.0
1976-04-12 00:00:00-05:00,0.24152964420784684,0.24152964420784684,0.23792472414504318,0.239727184176445,141200,0.0,0.0
1976-04-13 00:00:00-05:00,0.239727184176445,0.24152964420784684,0.239727184176445,0.239727184176445,75600,0.0,0.0
1976-04-14 00:00:00-05:00,0.239727184176445,0.24152964420784684,0.239727184176445,0.239727184176445,81200,0.0,0.0
1976-04-15 00:00:00-05:00,0.2397272870389383,0.2433322086485464,0.2397272870389383,0.24152974784374237,76000,0.0,0.0
1976-04-19 00:00:00-05:00,0.24152974499499097,0.24513466656208038,0.23972728421144626,0.24513466656208038,92800,0.0,0.0
1976-04-20 00:00:00-05:00,0.24513466656208038,0.24693712734562512,0.24333220577853568,0.24513466656208038,214400,0.0,0.0
1976-04-21 00:00:00-05:00,0.24513466656208038,0.24873958812916983,0.24333220577853568,0.24513466656208038,150800,0.0,0.0
1976-04-22 00:00:00-05:00,0.24513470781022226,0.2505420910707419,0.24333224672338238,0.24873962998390198,171600,0.0,0.0
1976-04-23 00:00:00-05:00,0.24873953637942461,0.25594937801361084,0.24693707597087805,0.25594937801361084,172800,0.0,0.0
1976-04-26 00:00:00-04:00,0.25594952288601136,0.2613569071723355,0.2541470614572366,0.2595544457435608,365600,0.0,0.0
1976-04-27 00:00:00-04:00,0.25955436229705814,0.25955436229705814,0.24873959720134736,0.2523445188999176,200800,0.0,0.0
1976-04-28 00:00:00-04:00,0.2523444753756626,0.2523444753756626,0.24873955429886743,0.250542014837265,90000,0.0,0.0
1976-04-29 00:00:00-04:00,0.2505420910707419,0.25414701324442157,0.24693716889706213,0.24873962998390198,141600,0.0,0.0
1976-04-30 00:00:00-04:00,0.24873962998390198,0.2523445521575817,0.24693716889706213,0.24873962998390198,77200,0.0,0.0
1976-05-03 00:00:00-04:00,0.24873962998390198,0.2523445521575817,0.24873962998390198,0.24873962998390198,104000,0.0,0.0
1976-05-04 00:00:00-04:00,0.24873962998390198,0.2505420910707419,0.24873962998390198,0.24873962998390198,174800,0.0,0.0
1976-05-05 00:00:00-04:00,0.24873955429886743,0.2523444753756626,0.24693709376046985,0.250542014837265,187600,0.0,0.0
1976-05-06 00:00:00-04:00,0.2509110335950498,0.2509110335950498,0.24722116545394612,0.24906609952449799,90800,0.1,0.0
1976-05-07 00:00:00-04:00,0.24906609952449799,0.24906609952449799,0.24722116545394612,0.24906609952449799,115200,0.0,0.0
1976-05-10 00:00:00-04:00,0.24906613599898209,0.25091107033971527,0.2472212016582489,0.2472212016582489,75200,0.0,0.0
1976-05-11 00:00:00-04:00,0.24722113331457723,0.24906606714528304,0.24353126565316566,0.24537619948387146,113600,0.0,0.0
1976-05-12 00:00:00-04:00,0.2453762673175157,0.24906613599898209,0.2453762673175157,0.2472212016582489,88000,0.0,0.0
1976-05-13 00:00:00-04:00,0.24722116982395,0.24722116982395,0.24353130161762238,0.24353130161762238,126000,0.0,0.0
1976-05-14 00:00:00-04:00,0.24353129731284245,0.24906609952449799,0.24353129731284245,0.24906609952449799,151600,0.0,0.0
1976-05-17 00:00:00-04:00,0.24906613599898209,0.25091107033971527,0.2472212016582489,0.2472212016582489,100400,0.0,0.0
1976-05-18 00:00:00-04:00,0.24722116545394612,0.2509110335950498,0.2453762313833943,0.24906609952449799,98800,0.0,0.0
1976-05-19 00:00:00-04:00,0.24906613599898209,0.24906613599898209,0.2472212016582489,0.2472212016582489,64400,0.0,0.0
1976-05-20 00:00:00-04:00,0.24722116545394612,0.24906609952449799,0.2453762313833943,0.24906609952449799,84800,0.0,0.0
1976-05-21 00:00:00-04:00,0.24906606358640335,0.25091099739074707,0.24722112978205962,0.25091099739074707,84400,0.0,0.0
1976-05-24 00:00:00-04:00,0.2509110335950498,0.2509110335950498,0.2453762313833943,0.24906609952449799,96000,0.0,0.0
1976-05-25 00:00:00-04:00,0.24906609952449799,0.24906609952449799,0.2453762313833943,0.24906609952449799,96400,0.0,0.0
1976-05-26 00:00:00-04:00,0.24906606358640335,0.25091099739074707,0.24722112978205962,0.25091099739074707,82800,0.0,0.0
1976-05-27 00:00:00-04:00,0.25091099739074707,0.25091099739074707,0.24906606358640335,0.25091099739074707,58400,0.0,0.0
1976-05-28 00:00:00-04:00,0.2509110335950498,0.2509110335950498,0.24906609952449799,0.24906609952449799,80000,0.0,0.0
1976-06-01 00:00:00-04:00,0.24906609952449799,0.2509110335950498,0.24906609952449799,0.24906609952449799,53200,0.0,0.0
1976-06-02 00:00:00-04:00,0.24906613599898209,0.25091107033971527,0.2472212016582489,0.2472212016582489,64800,0.0,0.0
1976-06-03 00:00:00-04:00,0.24722116545394612,0.2509110335950498,0.24722116545394612,0.24906609952449799,72000,0.0,0.0
1976-06-04 00:00:00-04:00,0.24906609952449799,0.2509110335950498,0.24722116545394612,0.24906609952449799,63600,0.0,0.0
1976-06-07 00:00:00-04:00,0.24906606358640335,0.2527559311950908,0.24722112978205962,0.25091099739074707,94400,0.0,0.0
1976-06-08 00:00:00-04:00,0.2509110335950498,0.2509110335950498,0.24906609952449799,0.24906609952449799,60400,0.0,0.0
1976-06-09 00:00:00-04:00,0.24906613599898209,0.25091107033971527,0.2472212016582489,0.2472212016582489,76000,0.0,0.0
1976-06-10 00:00:00-04:00,0.2472212016582489,0.24906613599898209,0.2416863986360493,0.2472212016582489,106000,0.0,0.0
1976-06-11 00:00:00-04:00,0.2472212549543729,0.2527560591697693,0.2472212549543729,0.2527560591697693,100800,0.0,0.0
1976-06-14 00:00:00-04:00,0.2527559311950908,0.2527559311950908,0.24906606358640335,0.25091099739074707,105600,0.0,0.0
1976-06-15 00:00:00-04:00,0.25091099739074707,0.2527559311950908,0.25091099739074707,0.25091099739074707,96400,0.0,0.0
1976-06-16 00:00:00-04:00,0.25091099739074707,0.2546008649994345,0.25091099739074707,0.25091099739074707,92800,0.0,0.0
1976-06-17 00:00:00-04:00,0.25091099739074707,0.2546008649994345,0.25091099739074707,0.25091099739074707,103600,0.0,0.0
1976-06-18 00:00:00-04:00,0.2527560591697693,0.25644592864670024,0.2527560591697693,0.2527560591697693,86800,0.0,0.0
1976-06-21 00:00:00-04:00,0.2527560591697693,0.25460099390823476,0.2509111244313038,0.2527560591697693,71600,0.0,0.0
1976-06-22 00:00:00-04:00,0.2527559311950908,0.2546008649994345,0.25091099739074707,0.25091099739074707,71600,0.0,0.0
1976-06-23 00:00:00-04:00,0.25091099739074707,0.2527559311950908,0.25091099739074707,0.25091099739074707,92400,0.0,0.0
1976-06-24 00:00:00-04:00,0.25091104403786035,0.256445846479872,0.25091104403786035,0.2546009123325348,86000,0.0,0.0
1976-06-25 00:00:00-04:00,0.2546009123325348,0.256445846479872,0.25275597818519757,0.2546009123325348,78800,0.0,0.0
1976-06-28 00:00:00-04:00,0.2546008615185031,0.2582907290767423,0.2527559277393835,0.2564457952976227,110000,0.0,0.0
1976-06-29 00:00:00-04:00,0.25644594535127385,0.2656706196444852,0.25644594535127385,0.2638256847858429,220400,0.0,0.0
1976-06-30 00:00:00-04:00,0.2638256847858429,0.2638256847858429,0.26198074992720066,0.2638256847858429,120800,0.0,0.0
1976-07-01 00:00:00-04:00,0.2638256847858429,0.2638256847858429,0.2601358150685584,0.2638256847858429,103600,0.0,0.0
1976-07-02 00:00:00-04:00,0.2638256628480222,0.2656705975532532,0.26198072814279133,0.2656705975532532,142400,0.0,0.0
1976-07-06 00:00:00-04:00,0.2656705975532532,0.27305033637417686,0.2638256628480222,0.2656705975532532,214800,0.0,0.0
1976-07-07 00:00:00-04:00,0.2656706281610437,0.2748953027499689,0.2656706281610437,0.27305036783218384,178000,0.0,0.0
1976-07-08 00:00:00-04:00,0.27305040503508293,0.2748953402042389,0.271205469865927,0.2748953402042389,165200,0.0,0.0
1976-07-09 00:00:00-04:00,0.2748953402042389,0.2748953402042389,0.27305040503508293,0.2748953402042389,111600,0.0,0.0
1976-07-12 00:00:00-04:00,0.27489523717899195,0.2785851061344147,0.2730503027012806,0.2785851061344147,194000,0.0,0.0
1976-07-13 00:00:00-04:00,0.2785849957481811,0.2804299294948578,0.2767400620015044,0.2804299294948578,282000,0.0,0.0
1976-07-14 00:00:00-04:00,0.28042999747531866,0.2841198658631518,0.28042999747531866,0.28227493166923523,212400,0.0,0.0
1976-07-15 00:00:00-04:00,0.2822748632415345,0.28411979698821116,0.2767400620015044,0.2804299294948578,296000,0.0,0.0
1976-07-16 00:00:00-04:00,0.2785852105425508,0.2785852105425508,0.2748953402042389,0.2748953402042389,84000,0.0,0.0
1976-07-19 00:00:00-04:00,0.27489523717899195,0.2785851061344147,0.27489523717899195,0.2785851061344147,116800,0.0,0.0
1976-07-20 00:00:00-04:00,0.2785849957481811,0.2804299294948578,0.2767400620015044,0.2804299294948578,156400,0.0,0.0
1976-07-21 00:00:00-04:00,0.280430040612126,0.280430040612126,0.27489523717899195,0.2785851061344147,211600,0.0,0.0
1976-07-22 00:00:00-04:00,0.2785851061344147,0.2785851061344147,0.27489523717899195,0.2785851061344147,104400,0.0,0.0
1976-07-23 00:00:00-04:00,0.2785849957481811,0.2804299294948578,0.273050194508151,0.2804299294948578,113200,0.0,0.0
1976-07-26 00:00:00-04:00,0.2804300928115845,0.2804300928115845,0.2767402231693268,0.2767402231693268,116400,0.0,0.0
1976-07-27 00:00:00-04:00,0.2767400289403981,0.2785849624666675,0.2675153613090515,0.2675153613090515,207200,0.0,0.0
1976-07-28 00:00:00-04:00,0.2675154886833609,0.26936042308807373,0.26567055427864805,0.26936042308807373,124400,0.0,0.0
1976-07-29 00:00:00-04:00,0.26936042308807373,0.27120535749278657,0.2675154886833609,0.26936042308807373,74000,0.0,0.0
1976-07-30 00:00:00-04:00,0.26936049799661377,0.27674023766775385,0.26751556307882873,0.27305036783218384,176000,0.0,0.0
1976-08-02 00:00:00-04:00,0.2730503001180636,0.2730503001180636,0.2712053656578064,0.2712053656578064,114800,0.0,0.0
1976-08-03 00:00:00-04:00,0.271205469865927,0.2785852105425508,0.271205469865927,0.2748953402042389,116400,0.0,0.0
1976-08-04 00:00:00-04:00,0.27489523717899195,0.2785851061344147,0.27489523717899195,0.2785851061344147,141200,0.0,0.0
1976-08-05 00:00:00-04:00,0.2789620177386558,0.2789620177386558,0.2751922607421875,0.2751922607421875,74000,0.1,0.0
1976-08-06 00:00:00-04:00,0.27519240612919266,0.2789621651172638,0.27519240612919266,0.2789621651172638,84000,0.0,0.0
1976-08-09 00:00:00-04:00,0.2789621651172638,0.2808470446112994,0.27519240612919266,0.2789621651172638,246400,0.0,0.0
1976-08-10 00:00:00-04:00,0.2789619261065856,0.2846165597438812,0.277077048227487,0.2846165597438812,121200,0.0,0.0
1976-08-11 00:00:00-04:00,0.28461676994959517,0.2865016492207845,0.28273189067840576,0.28273189067840576,122400,0.0,0.0
1976-08-12 00:00:00-04:00,0.28273189067840576,0.28461676994959517,0.28273189067840576,0.28273189067840576,154800,0.0,0.0
1976-08-13 00:00:00-04:00,0.28273189067840576,0.28461676994959517,0.28273189067840576,0.28273189067840576,85200,0.0,0.0
1976-08-16 00:00:00-04:00,0.28273189067840576,0.28461676994959517,0.2808470114072164,0.28273189067840576,83600,0.0,0.0
1976-08-17 00:00:00-04:00,0.2827316816700132,0.28838631530341347,0.2827316816700132,0.2865014374256134,259200,0.0,0.0
1976-08-18 00:00:00-04:00,0.28650149644589895,0.28838637471199036,0.28650149644589895,0.28838637471199036,82000,0.0,0.0
1976-08-19 00:00:00-04:00,0.28838637471199036,0.28838637471199036,0.2846166181798075,0.28838637471199036,96400,0.0,0.0
1976-08-20 00:00:00-04:00,0.28461677156038734,0.28461677156038734,0.275192375151103,0.2808470129966736,344000,0.0,0.0
1976-08-23 00:00:00-04:00,0.2789621651172638,0.2789621651172638,0.2714226471411215,0.2789621651172638,216800,0.0,0.0
1976-08-24 00:00:00-04:00,0.27896213213602705,0.28273189067840576,0.2751923735936483,0.28273189067840576,200400,0.0,0.0
1976-08-25 00:00:00-04:00,0.2827316818647827,0.2846165597438812,0.2789619261065856,0.2846165597438812,194800,0.0,0.0
1976-08-26 00:00:00-04:00,0.2846165597438812,0.2846165597438812,0.2808468039856841,0.2846165597438812,116400,0.0,0.0
1976-08-27 00:00:00-04:00,0.2846165595478133,0.2865014374256134,0.2808468037922131,0.2865014374256134,88400,0.0,0.0
1976-08-30 00:00:00-04:00,0.2865014374256134,0.28838631530341347,0.2846165595478133,0.2865014374256134,134800,0.0,0.0
1976-08-31 00:00:00-04:00,0.28650149644589895,0.28838637471199036,0.2846166181798075,0.28838637471199036,145600,0.0,0.0
1976-09-01 00:00:00-04:00,0.28838637471199036,0.2902712529780818,0.28650149644589895,0.28838637471199036,142800,0.0,0.0
1976-09-02 00:00:00-04:00,0.28838637471199036,0.2921561312441732,0.28838637471199036,0.28838637471199036,182400,0.0,0.0
1976-09-03 00:00:00-04:00,0.2883863441405758,0.2921561002731323,0.2883863441405758,0.2921561002731323,139200,0.0,0.0
1976-09-07 00:00:00-04:00,0.2921563622694981,0.29781100153923035,0.2883866027563433,0.29781100153923035,248000,0.0,0.0
1976-09-08 00:00:00-04:00,0.29781100153923035,0.29781100153923035,0.29592612178265293,0.29781100153923035,156800,0.0,0.0
1976-09-09 00:00:00-04:00,0.29781096986254807,0.29969584941864014,0.295926090306456,0.29969584941864014,157600,0.0,0.0
1976-09-10 00:00:00-04:00,0.29969575870782134,0.30158063769340515,0.2978108797222376,0.30158063769340515,456400,0.0,0.0
1976-09-13 00:00:00-04:00,0.30158063769340515,0.30158063769340515,0.29969575870782134,0.30158063769340515,166000,0.0,0.0
1976-09-14 00:00:00-04:00,0.30158063769340515,0.30158063769340515,0.2978108797222376,0.30158063769340515,185600,0.0,0.0
1976-09-15 00:00:00-04:00,0.3015807289747322,0.3015807289747322,0.29781096986254807,0.29969584941864014,138400,0.0,0.0
1976-09-16 00:00:00-04:00,0.29969584941864014,0.3015807289747322,0.29781096986254807,0.29969584941864014,146000,0.0,0.0
1976-09-17 00:00:00-04:00,0.29969588129580776,0.29969588129580776,0.29781100153923035,0.29781100153923035,148400,0.0,0.0
1976-09-20 00:00:00-04:00,0.29781096986254807,0.29969584941864014,0.295926090306456,0.29969584941864014,204800,0.0,0.0
1976-09-21 00:00:00-04:00,0.29969584941864014,0.3015807289747322,0.295926090306456,0.29969584941864014,188400,0.0,0.0
1976-09-22 00:00:00-04:00,0.29969584941864014,0.3015807289747322,0.29781096986254807,0.29969584941864014,167200,0.0,0.0
1976-09-23 00:00:00-04:00,0.29969584941864014,0.29969584941864014,0.295926090306456,0.29969584941864014,238400,0.0,0.0
1976-09-24 00:00:00-04:00,0.29969588129580776,0.29969588129580776,0.2940412420260755,0.29781100153923035,146800,0.0,0.0
1976-09-27 00:00:00-04:00,0.29781100153923035,0.29969588129580776,0.29592612178265293,0.29781100153923035,103200,0.0,0.0
1976-09-28 00:00:00-04:00,0.2978108236744146,0.2996957023052653,0.29592594504356384,0.29592594504356384,132800,0.0,0.0
1976-09-29 00:00:00-04:00,0.2959259459987665,0.2959259459987665,0.29215618872489685,0.29404106736183167,151600,0.0,0.0
1976-09-30 00:00:00-04:00,0.29404106736183167,0.2959259459987665,0.29215618872489685,0.29404106736183167,71600,0.0,0.0
1976-10-01 00:00:00-04:00,0.29404097833941056,0.29592585640568886,0.2865014660742975,0.2921561002731323,125200,0.0,0.0
1976-10-04 00:00:00-04:00,0.2940410664127131,0.29592594504356384,0.2940410664127131,0.29592594504356384,110000,0.0,0.0
1976-10-05 00:00:00-04:00,0.2959259459987665,0.2978108246357013,0.29404106736183167,0.29404106736183167,155600,0.0,0.0
1976-10-06 00:00:00-04:00,0.29404106736183167,0.29404106736183167,0.2883864314510272,0.29404106736183167,216000,0.0,0.0
1976-10-07 00:00:00-04:00,0.2921561002731323,0.2921561002731323,0.2883863441405758,0.2921561002731323,216400,0.0,0.0
1976-10-08 00:00:00-04:00,0.2921561312441732,0.2921561312441732,0.28838637471199036,0.28838637471199036,100800,0.0,0.0
1976-10-11 00:00:00-04:00,0.28838637471199036,0.2902712529780818,0.28650149644589895,0.28838637471199036,119600,0.0,0.0
1976-10-12 00:00:00-04:00,0.28838634452262485,0.29027122259140015,0.2865014664538495,0.29027122259140015,110800,0.0,0.0
1976-10-13 00:00:00-04:00,0.29027122259140015,0.29027122259140015,0.28838634452262485,0.29027122259140015,112800,0.0,0.0
1976-10-14 00:00:00-04:00,0.29027122259140015,0.29027122259140015,0.2865014664538495,0.29027122259140015,100400,0.0,0.0
1976-10-15 00:00:00-04:00,0.2902712529780818,0.2902712529780818,0.28650149644589895,0.28838637471199036,131200,0.0,0.0
1976-10-18 00:00:00-04:00,0.28838634452262485,0.2921561006601755,0.28838634452262485,0.29027122259140015,121600,0.0,0.0
1976-10-19 00:00:00-04:00,0.2883865301241011,0.2883865301241011,0.27707725443295983,0.2808470129966736,357600,0.0,0.0
1976-10-20 00:00:00-04:00,0.2808470114072164,0.28461676994959517,0.27707725286483764,0.28273189067840576,145600,0.0,0.0
1976-10-21 00:00:00-04:00,0.28273189067840576,0.28461676994959517,0.2808470114072164,0.28273189067840576,137200,0.0,0.0
1976-10-22 00:00:00-04:00,0.2827316818647827,0.2846165597438812,0.2808468039856841,0.2846165597438812,98000,0.0,0.0
1976-10-25 00:00:00-04:00,0.2846165597438812,0.2846165597438812,0.2827316818647827,0.2846165597438812,87200,0.0,0.0
1976-10-26 00:00:00-04:00,0.2846165595478133,0.28838631530341347,0.2827316816700132,0.2865014374256134,100000,0.0,0.0
1976-10-27 00:00:00-04:00,0.2865014374256134,0.2865014374256134,0.2827316816700132,0.2865014374256134,95600,0.0,0.0
1976-10-28 00:00:00-04:00,0.2865014374256134,0.28838631530341347,0.2846165595478133,0.2865014374256134,97600,0.0,0.0
1976-10-29 00:00:00-04:00,0.2865014374256134,0.2865014374256134,0.2827316816700132,0.2865014374256134,92800,0.0,0.0
1976-11-01 00:00:00-05:00,0.2865014374256134,0.28838631530341347,0.2827316816700132,0.2865014374256134,131200,0.0,0.0
1976-11-03 00:00:00-05:00,0.28650149644589895,0.28838637471199036,0.2846166181798075,0.28838637471199036,150000,0.0,0.0
1976-11-04 00:00:00-05:00,0.2906966235240301,0.2906966235240301,0.2868463371197383,0.28877148032188416,104800,0.1,0.0
1976-11-05 00:00:00-05:00,0.28877148032188416,0.2906966235240301,0.2868463371197383,0.28877148032188416,93600,0.0,0.0
1976-11-08 00:00:00-05:00,0.28877148032188416,0.28877148032188416,0.2849211939175924,0.28877148032188416,148000,0.0,0.0
1976-11-09 00:00:00-05:00,0.28877148032188416,0.28877148032188416,0.2868463371197383,0.28877148032188416,137200,0.0,0.0
1976-11-10 00:00:00-05:00,0.28877148032188416,0.2906966235240301,0.2868463371197383,0.28877148032188416,122000,0.0,0.0
1976-11-11 00:00:00-05:00,0.28877148032188416,0.28877148032188416,0.2868463371197383,0.28877148032188416,77600,0.0,0.0
1976-11-12 00:00:00-05:00,0.28877148032188416,0.28877148032188416,0.2868463371197383,0.28877148032188416,115600,0.0,0.0
1976-11-15 00:00:00-05:00,0.28877148032188416,0.28877148032188416,0.2849211939175924,0.28877148032188416,116800,0.0,0.0
1976-11-16 00:00:00-05:00,0.28877154596754023,0.28877154596754023,0.284921258687973,0.284921258687973,116000,0.0,0.0
1976-11-17 00:00:00-05:00,0.284921258687973,0.28684640232775666,0.284921258687973,0.284921258687973,114800,0.0,0.0
1976-11-18 00:00:00-05:00,0.2849211939175924,0.28877148032188416,0.2849211939175924,0.28877148032188416,116400,0.0,0.0
1976-11-19 00:00:00-05:00,0.28877154292676277,0.28877154292676277,0.286846399307251,0.286846399307251,154800,0.0,0.0
1976-11-22 00:00:00-05:00,0.2868463371197383,0.28877148032188416,0.2849211939175924,0.28877148032188416,154800,0.0,0.0
1976-11-23 00:00:00-05:00,0.28877154292676277,0.28877154292676277,0.28492125568773924,0.286846399307251,120800,0.0,0.0
1976-11-24 00:00:00-05:00,0.2868461875331323,0.29069647192955017,0.2868461875331323,0.29069647192955017,132400,0.0,0.0
1976-11-26 00:00:00-05:00,0.2906966235240301,0.2906966235240301,0.28877148032188416,0.28877148032188416,140000,0.0,0.0
1976-11-29 00:00:00-05:00,0.2887714164037454,0.2926217019557953,0.2887714164037454,0.2926217019557953,158400,0.0,0.0
1976-11-30 00:00:00-05:00,0.29262175162633264,0.3003223240375519,0.2906966085235278,0.3003223240375519,287200,0.0,0.0
1976-12-01 00:00:00-05:00,0.3003224368336834,0.30802301213711125,0.3003224368336834,0.30417272448539734,349200,0.0,0.0
1976-12-02 00:00:00-05:00,0.30417266206921273,0.3060978055000305,0.30224751863839494,0.3060978055000305,166000,0.0,0.0
1976-12-03 00:00:00-05:00,0.3060977705146955,0.30994805693626404,0.30417262730391126,0.30994805693626404,355600,0.0,0.0
1976-12-06 00:00:00-05:00,0.30994805693626404,0.3118732001470483,0.3080229137254798,0.30994805693626404,238400,0.0,0.0
1976-12-07 00:00:00-05:00,0.30994808953255415,0.30994808953255415,0.3060978027060628,0.30802294611930847,178800,0.0,0.0
1976-12-08 00:00:00-05:00,0.30802301213711125,0.30802301213711125,0.30417272448539734,0.30417272448539734,143600,0.0,0.0
1976-12-09 00:00:00-05:00,0.30417266206921273,0.3080229489308483,0.30417266206921273,0.3060978055000305,88800,0.0,0.0
1976-12-10 00:00:00-05:00,0.3060978055000305,0.3080229489308483,0.30224751863839494,0.3060978055000305,177600,0.0,0.0
1976-12-13 00:00:00-05:00,0.3060978055000305,0.3060978055000305,0.30417266206921273,0.3060978055000305,137200,0.0,0.0
1976-12-14 00:00:00-05:00,0.3060978055000305,0.3060978055000305,0.30224751863839494,0.3060978055000305,157200,0.0,0.0
1976-12-15 00:00:00-05:00,0.3060978055000305,0.3060978055000305,0.30417266206921273,0.3060978055000305,162400,0.0,0.0
1976-12-16 00:00:00-05:00,0.3060978055000305,0.3080229489308483,0.30417266206921273,0.3060978055000305,491200,0.0,0.0
1976-12-17 00:00:00-05:00,0.3060978027060628,0.30802294611930847,0.3041726592928171,0.30802294611930847,222800,0.0,0.0
1976-12-20 00:00:00-05:00,0.3080229489308483,0.3080229489308483,0.30417266206921273,0.3060978055000305,242400,0.0,0.0
1976-12-21 00:00:00-05:00,0.3060978055000305,0.3080229489308483,0.30417266206921273,0.3060978055000305,162800,0.0,0.0
1976-12-22 00:00:00-05:00,0.3060978055000305,0.3080229489308483,0.30417266206921273,0.3060978055000305,168000,0.0,0.0
1976-12-23 00:00:00-05:00,0.3060978027060628,0.30802294611930847,0.30224751587957144,0.30802294611930847,147600,0.0,0.0
1976-12-27 00:00:00-05:00,0.30802270386116637,0.3157232714576955,0.3060975619620341,0.31379812955856323,320000,0.0,0.0
1976-12-28 00:00:00-05:00,0.3137983013707471,0.3195737302303314,0.30802287251116284,0.3195737302303314,297200,0.0,0.0
1976-12-29 00:00:00-05:00,0.3195737550656001,0.3234240412712097,0.31764861196279526,0.3234240412712097,313600,0.0,0.0
1976-12-30 00:00:00-05:00,0.3234240737503874,0.3234240737503874,0.32149893045425415,0.32149893045425415,268000,0.0,0.0
1976-12-31 00:00:00-05:00,0.32149889816840493,0.3234240412712097,0.32149889816840493,0.3234240412712097,178400,0.0,0.0
1977-01-03 00:00:00-05:00,0.3234240412712097,0.32534918437401456,0.3234240412712097,0.3234240412712097,128000,0.0,0.0
1977-01-04 00:00:00-05:00,0.3234240737503874,0.32534921704652064,0.3195737871581209,0.32149893045425415,197200,0.0,0.0
1977-01-05 00:00:00-05:00,0.3214988731835262,0.32342401613672095,0.3195737302303314,0.3195737302303314,111200,0.0,0.0
1977-01-06 00:00:00-05:00,0.32149889816840493,0.3234240412712097,0.32149889816840493,0.3234240412712097,207600,0.0,0.0
1977-01-07 00:00:00-05:00,0.3234239185557646,0.3291993456728318,0.3234239185557646,0.3272742033004761,112000,0.0,0.0
1977-01-10 00:00:00-05:00,0.3272743200698094,0.3291994631290436,0.32534917701057525,0.3291994631290436,134800,0.0,0.0
1977-01-11 00:00:00-05:00,0.3291993421870609,0.331124484539032,0.32727419983508976,0.331124484539032,168400,0.0,0.0
1977-01-12 00:00:00-05:00,0.33112448804518757,0.33112448804518757,0.3272742033004761,0.3272742033004761,154000,0.0,0.0
1977-01-13 00:00:00-05:00,0.32727419983508976,0.3349747692429742,0.32727419983508976,0.331124484539032,98800,0.0,0.0
1977-01-14 00:00:00-05:00,0.3311244828163544,0.3349747675002655,0.32919934047439886,0.33304962515830994,118400,0.0,0.0
1977-01-17 00:00:00-05:00,0.33304980123180083,0.3349749445915222,0.33112465787207945,0.3349749445915222,156000,0.0,0.0
1977-01-18 00:00:00-05:00,0.3349747692429742,0.3349747692429742,0.3291993421870609,0.331124484539032,104000,0.0,0.0
1977-01-19 00:00:00-05:00,0.3311244828163544,0.3349747675002655,0.3311244828163544,0.33304962515830994,86400,0.0,0.0
1977-01-20 00:00:00-05:00,0.33304962515830994,0.33689990984222107,0.3311244828163544,0.33304962515830994,176800,0.0,0.0
1977-01-21 00:00:00-05:00,0.33304962515830994,0.3349747675002655,0.3311244828163544,0.33304962515830994,101200,0.0,0.0
1977-01-24 00:00:00-05:00,0.3330497690609523,0.3369000554084778,0.32919948271342686,0.3369000554084778,129200,0.0,0.0
1977-01-25 00:00:00-05:00,0.33689986209611633,0.35807642485644364,0.33689986209611633,0.356151282787323,1083200,0.0,0.0
1977-01-26 00:00:00-05:00,0.3561514041022114,0.3580765468270882,0.35037597592758096,0.3542262613773346,702400,0.0,0.0
1977-01-27 00:00:00-05:00,0.3542261735989096,0.35615131584672977,0.3503758891032693,0.3523010313510895,612800,0.0,0.0
1977-01-28 00:00:00-05:00,0.3523010313510895,0.3542261735989096,0.3503758891032693,0.3523010313510895,192400,0.0,0.0
1977-01-31 00:00:00-05:00,0.3523010313510895,0.3523010313510895,0.3503758891032693,0.3523010313510895,312800,0.0,0.0
1977-02-01 00:00:00-05:00,0.3523010313510895,0.3542261735989096,0.3503758891032693,0.3523010313510895,330000,0.0,0.0
1977-02-02 00:00:00-05:00,0.35230115517068306,0.35230115517068306,0.3484508693218231,0.3484508693218231,312400,0.0,0.0
1977-02-03 00:00:00-05:00,0.35041947516402755,0.35041947516402755,0.3386075827427682,0.3405762314796448,649200,0.125,0.0
1977-02-04 00:00:00-05:00,0.34057635325810004,0.34648230158049487,0.33860770381730176,0.3425450026988983,406800,0.0,0.0
1977-02-07 00:00:00-05:00,0.3425449163573129,0.34451356530189514,0.3425449163573129,0.34451356530189514,199200,0.0,0.0
1977-02-08 00:00:00-05:00,0.34451356530189514,0.34451356530189514,0.3405762674127306,0.34451356530189514,443600,0.0,0.0
1977-02-09 00:00:00-05:00,0.34451352562322174,0.34451352562322174,0.3386075794696808,0.3386075794696808,224000,0.0,0.0
1977-02-10 00:00:00-05:00,0.3386075794696808,0.3405762281875278,0.3386075794696808,0.3386075794696808,174000,0.0,0.0
1977-02-11 00:00:00-05:00,0.3386075827427682,0.3405762314796448,0.3386075827427682,0.3405762314796448,200000,0.0,0.0
1977-02-14 00:00:00-05:00,0.34057635325810004,0.3425450026988983,0.33860770381730176,0.3425450026988983,224800,0.0,0.0
1977-02-15 00:00:00-05:00,0.3425449163573129,0.34451356530189514,0.3405762674127306,0.34451356530189514,213200,0.0,0.0
1977-02-16 00:00:00-05:00,0.3445135683498599,0.3464822173118591,0.3425449193878607,0.34648221731185913,170000,0.0,0.0
1977-02-17 00:00:00-05:00,0.3464822142464774,0.3464822142464774,0.34451356530189514,0.34451356530189514,162400,0.0,0.0
1977-02-18 00:00:00-05:00,0.34451356530189514,0.3464822142464774,0.34451356530189514,0.34451356530189514,138800,0.0,0.0
1977-02-22 00:00:00-05:00,0.3445136597601034,0.3484509587287903,0.3445136597601034,0.3484509587287903,148000,0.0,0.0
1977-02-23 00:00:00-05:00,0.34845084270064747,0.3504194915294647,0.33270165207010977,0.3504194915294647,194400,0.0,0.0
1977-02-24 00:00:00-05:00,0.3504194915294647,0.3504194915294647,0.34648219387183027,0.3504194915294647,148000,0.0,0.0
1977-02-25 00:00:00-05:00,0.3504195152358575,0.3504195152358575,0.3464822173118591,0.34648221731185913,126400,0.0,0.0
1977-02-28 00:00:00-05:00,0.34648219387183027,0.3504194915294647,0.34648219387183027,0.3504194915294647,180800,0.0,0.0
1977-03-01 00:00:00-05:00,0.3504194915294647,0.3523881403582819,0.34845084270064747,0.3504194915294647,156400,0.0,0.0
1977-03-02 00:00:00-05:00,0.35041955676343706,0.3543568551540375,0.35041955676343706,0.3543568551540375,159600,0.0,0.0
1977-03-03 00:00:00-05:00,0.3543568551540375,0.3543568551540375,0.35238820595873727,0.3543568551540375,182800,0.0,0.0
1977-03-04 00:00:00-05:00,0.3543568551540375,0.3543568551540375,0.35238820595873727,0.3543568551540375,112400,0.0,0.0
1977-03-07 00:00:00-05:00,0.3543568551540375,0.3543568551540375,0.35238820595873727,0.3543568551540375,235200,0.0,0.0
1977-03-08 00:00:00-05:00,0.3543567891870991,0.3563254380159164,0.3504194915294647,0.3504194915294647,129600,0.0,0.0
1977-03-09 00:00:00-05:00,0.35041955676343706,0.3543568551540375,0.34845090756813685,0.3543568551540375,117600,0.0,0.0
1977-03-10 00:00:00-05:00,0.35435676241720193,0.3563254110972975,0.35041946505701077,0.3523881137371063,210400,0.0,0.0
1977-03-11 00:00:00-05:00,0.3523881137371063,0.35435676241720193,0.35041946505701077,0.3523881137371063,118800,0.0,0.0
1977-03-14 00:00:00-05:00,0.35238825769747717,0.35238825769747717,0.3484509587287903,0.3484509587287903,112000,0.0,0.0
1977-03-15 00:00:00-05:00,0.34845084270064747,0.3523881403582819,0.34648219387183027,0.3504194915294647,94000,0.0,0.0
1977-03-16 00:00:00-05:00,0.35041955676343706,0.3543568551540375,0.35041955676343706,0.3543568551540375,146800,0.0,0.0
1977-03-17 00:00:00-05:00,0.3543568551540375,0.3543568551540375,0.35041955676343706,0.3543568551540375,78400,0.0,0.0
1977-03-18 00:00:00-05:00,0.3543568551540375,0.3543568551540375,0.35238820595873727,0.3543568551540375,148400,0.0,0.0
1977-03-21 00:00:00-05:00,0.35435676241720193,0.35435676241720193,0.35041946505701077,0.3523881137371063,71200,0.0,0.0
1977-03-22 00:00:00-05:00,0.3523881403582819,0.3523881403582819,0.34845084270064747,0.3504194915294647,86800,0.0,0.0
1977-03-23 00:00:00-05:00,0.3504196082131337,0.3504196082131337,0.3484509587287903,0.3484509587287903,68400,0.0,0.0
1977-03-24 00:00:00-05:00,0.3484508662738583,0.3504195152358575,0.3464822173118591,0.34648221731185913,84000,0.0,0.0
1977-03-25 00:00:00-05:00,0.34648230924444684,0.3504196082131337,0.34648230924444684,0.3484509587287903,74400,0.0,0.0
1977-03-28 00:00:00-05:00,0.3484508662738583,0.3504195152358575,0.3464822173118591,0.34648221731185913,110800,0.0,0.0
1977-03-29 00:00:00-05:00,0.34648230924444684,0.3504196082131337,0.34648230924444684,0.3484509587287903,71600,0.0,0.0
1977-03-30 00:00:00-05:00,0.3484508662738583,0.3523881641978567,0.3464822173118591,0.34648221731185913,94800,0.0,0.0
1977-03-31 00:00:00-05:00,0.34648230924444684,0.3504196082131337,0.34648230924444684,0.3484509587287903,91600,0.0,0.0
1977-04-01 00:00:00-05:00,0.34845084270064747,0.3504194915294647,0.34648219387183027,0.3504194915294647,99200,0.0,0.0
1977-04-04 00:00:00-05:00,0.3504194915294647,0.3504194915294647,0.34648219387183027,0.3504194915294647,127200,0.0,0.0
1977-04-05 00:00:00-05:00,0.3504194915294647,0.3504194915294647,0.34648219387183027,0.3504194915294647,85600,0.0,0.0
1977-04-06 00:00:00-05:00,0.3504196082131337,0.3504196082131337,0.34648230924444684,0.3484509587287903,116000,0.0,0.0
1977-04-07 00:00:00-05:00,0.34845084270064747,0.3504194915294647,0.34648219387183027,0.3504194915294647,189200,0.0,0.0
1977-04-11 00:00:00-05:00,0.3504194915294647,0.3543567891870991,0.3504194915294647,0.3504194915294647,126000,0.0,0.0
1977-04-12 00:00:00-05:00,0.3504194915294647,0.3523881403582819,0.34648219387183027,0.3504194915294647,132800,0.0,0.0
1977-04-13 00:00:00-05:00,0.3504194915294647,0.3523881403582819,0.3504194915294647,0.3504194915294647,127600,0.0,0.0
1977-04-14 00:00:00-05:00,0.35041955953144893,0.3563255071640014,0.35041955953144893,0.35632550716400146,264400,0.0,0.0
1977-04-15 00:00:00-05:00,0.3563255043493377,0.3563255043493377,0.35238820595873727,0.3543568551540375,91600,0.0,0.0
1977-04-18 00:00:00-05:00,0.3543568551540375,0.3563255043493377,0.35238820595873727,0.3543568551540375,82000,0.0,0.0
1977-04-19 00:00:00-05:00,0.35435676241720193,0.3563254110972975,0.3523881137371063,0.3523881137371063,164000,0.0,0.0
1977-04-20 00:00:00-05:00,0.35238820595873727,0.3543568551540375,0.35238820595873727,0.3543568551540375,174000,0.0,0.0
1977-04-21 00:00:00-05:00,0.3543568551540375,0.3563255043493377,0.35238820595873727,0.3543568551540375,123600,0.0,0.0
1977-04-22 00:00:00-05:00,0.3543568551540375,0.3543568551540375,0.35238820595873727,0.3543568551540375,132000,0.0,0.0
1977-04-25 00:00:00-04:00,0.3543568551540375,0.3543568551540375,0.35041955676343706,0.3543568551540375,153200,0.0,0.0
1977-04-26 00:00:00-04:00,0.3543568579531506,0.3563255071640014,0.35238820874229976,0.35632550716400146,120400,0.0,0.0
1977-04-27 00:00:00-04:00,0.3563255071640014,0.3563255071640014,0.3543568579531506,0.35632550716400146,144000,0.0,0.0
1977-04-28 00:00:00-04:00,0.3563255071640014,0.3582941563748523,0.3543568579531506,0.35632550716400146,206400,0.0,0.0
1977-04-29 00:00:00-04:00,0.3563255071640014,0.3563255071640014,0.3543568579531506,0.35632550716400146,172800,0.0,0.0
1977-05-02 00:00:00-04:00,0.3563255043493377,0.3563255043493377,0.3543568551540375,0.3543568551540375,140800,0.0,0.0
1977-05-03 00:00:00-04:00,0.3543568017718556,0.3582940995693206,0.3543568017718556,0.3582940995693207,227200,0.0,0.0
1977-05-04 00:00:00-04:00,0.3582941563748523,0.3602628055857031,0.3563255071640014,0.35632550716400146,355600,0.0,0.0
1977-05-05 00:00:00-04:00,0.36035164269838443,0.36035164269838443,0.3563253673609723,0.35833850502967834,370000,0.125,0.0
1977-05-06 00:00:00-04:00,0.3583385050296784,0.36035164269838443,0.3543122296922663,0.35833850502967834,100400,0.0,0.0
1977-05-09 00:00:00-04:00,0.3583385438226455,0.36035168170928955,0.3583385438226455,0.36035168170928955,130400,0.0,0.0
1977-05-10 00:00:00-04:00,0.3603517840811088,0.3603517840811088,0.35632550716400146,0.35632550716400146,72400,0.0,0.0
1977-05-11 00:00:00-04:00,0.3563253673609723,0.3583385050296784,0.3563253673609723,0.35833850502967834,80800,0.0,0.0
1977-05-12 00:00:00-04:00,0.3583385050296784,0.3583385050296784,0.3563253673609723,0.35833850502967834,107600,0.0,0.0
1977-05-13 00:00:00-04:00,0.3583385050296784,0.3583385050296784,0.3563253673609723,0.35833850502967834,80400,0.0,0.0
1977-05-16 00:00:00-04:00,0.3583385050296784,0.36035164269838443,0.3563253673609723,0.35833850502967834,126800,0.0,0.0
1977-05-17 00:00:00-04:00,0.3583385438226455,0.36035168170928955,0.3583385438226455,0.36035168170928955,144400,0.0,0.0
1977-05-18 00:00:00-04:00,0.36035168170928955,0.36236481959593364,0.3583385438226455,0.36035168170928955,91600,0.0,0.0
1977-05-19 00:00:00-04:00,0.3603519277440177,0.36236506700515747,0.35632564922173815,0.36236506700515747,104400,0.0,0.0
1977-05-20 00:00:00-04:00,0.36035164269838443,0.36035164269838443,0.3583385050296784,0.35833850502967834,73200,0.0,0.0
1977-05-23 00:00:00-04:00,0.3583385050296784,0.3623647803670905,0.3583385050296784,0.35833850502967834,110800,0.0,0.0
1977-05-24 00:00:00-04:00,0.35833864562255513,0.35833864562255513,0.35632550716400146,0.35632550716400146,130000,0.0,0.0
1977-05-25 00:00:00-04:00,0.35632550716400146,0.3603517840811088,0.35632550716400146,0.35632550716400146,182400,0.0,0.0
1977-05-26 00:00:00-04:00,0.35632555864074017,0.35632555864074017,0.3543124198913575,0.3543124198913574,96800,0.0,0.0
1977-05-27 00:00:00-04:00,0.3543123687054478,0.35833864562255513,0.3543123687054478,0.35632550716400146,96000,0.0,0.0
1977-05-31 00:00:00-04:00,0.35632550716400146,0.35833864562255513,0.3543123687054478,0.35632550716400146,172400,0.0,0.0
1977-06-01 00:00:00-04:00,0.35632555864074017,0.35833869739012286,0.3543124198913575,0.3543124198913574,104400,0.0,0.0
1977-06-02 00:00:00-04:00,0.3543123687054478,0.35632550716400146,0.3543123687054478,0.35632550716400146,142800,0.0,0.0
1977-06-03 00:00:00-04:00,0.35632555864074017,0.35632555864074017,0.3543124198913575,0.3543124198913574,111200,0.0,0.0
1977-06-06 00:00:00-04:00,0.3543124198913575,0.35833869739012286,0.3543124198913575,0.3543124198913574,107600,0.0,0.0
1977-06-07 00:00:00-04:00,0.3543123687054478,0.35833864562255513,0.3543123687054478,0.35632550716400146,122400,0.0,0.0
1977-06-08 00:00:00-04:00,0.3563253673609723,0.3583385050296784,0.3563253673609723,0.35833850502967834,94800,0.0,0.0
1977-06-09 00:00:00-04:00,0.3583385050296784,0.3583385050296784,0.3543122296922663,0.35833850502967834,63600,0.0,0.0
1977-06-10 00:00:00-04:00,0.3583385438226455,0.36035168170928955,0.3563254059360014,0.36035168170928955,91200,0.0,0.0
1977-06-13 00:00:00-04:00,0.36035168170928955,0.36035168170928955,0.3563254059360014,0.36035168170928955,111600,0.0,0.0
1977-06-14 00:00:00-04:00,0.3603519277440177,0.36236506700515747,0.3583387884828779,0.36236506700515747,217200,0.0,0.0
1977-06-15 00:00:00-04:00,0.36236506700515747,0.3643782062662972,0.3583387884828779,0.36236506700515747,198800,0.0,0.0
1977-06-16 00:00:00-04:00,0.36236496417077035,0.36639124155044556,0.36035182548093275,0.36639124155044556,261200,0.0,0.0
1977-06-17 00:00:00-04:00,0.36639124155044556,0.3684043802402832,0.36437810286060796,0.36639124155044556,78800,0.0,0.0
1977-06-20 00:00:00-04:00,0.366391215273129,0.37444376945495605,0.366391215273129,0.37444376945495605,213200,0.0,0.0
1977-06-21 00:00:00-04:00,0.37846992318592376,0.38048306107521057,0.37846992318592376,0.38048306107521057,291200,0.0,0.0
1977-06-22 00:00:00-04:00,0.38048306107521057,0.38048306107521057,0.37041737162877647,0.38048306107521057,187600,0.0,0.0
1977-06-23 00:00:00-04:00,0.3804830996613754,0.3845093758482682,0.3764568234744825,0.3824962377548218,180000,0.0,0.0
1977-06-24 00:00:00-04:00,0.38249654295556834,0.38652282235510066,0.38249654295556834,0.3845096826553345,134000,0.0,0.0
1977-06-27 00:00:00-04:00,0.38450924508894485,0.3865223824977875,0.3824961076801022,0.3865223824977875,130400,0.0,0.0
1977-06-28 00:00:00-04:00,0.3865223824977875,0.38853551990663016,0.38450924508894485,0.3865223824977875,327200,0.0,0.0
1977-06-29 00:00:00-04:00,0.386522480860893,0.39054875670319394,0.38450934293974254,0.38853561878204346,167200,0.0,0.0
1977-06-30 00:00:00-04:00,0.38853575449723465,0.39256203174591064,0.38853575449723465,0.39256203174591064,158000,0.0,0.0
1977-07-01 00:00:00-04:00,0.39256154415533717,0.39256154415533717,0.3905484080314636,0.3905484080314636,109600,0.0,0.0
1977-07-05 00:00:00-04:00,0.39054889312157265,0.39256203174591064,0.39054889312157265,0.39256203174591064,137600,0.0,0.0
1977-07-06 00:00:00-04:00,0.39256154415533717,0.39457468027921067,0.3905484080314636,0.3905484080314636,120400,0.0,0.0
1977-07-07 00:00:00-04:00,0.3905484080314636,0.39457468027921067,0.3905484080314636,0.3905484080314636,140400,0.0,0.0
1977-07-08 00:00:00-04:00,0.39054889312157265,0.3945751703702487,0.39054889312157265,0.39256203174591064,144000,0.0,0.0
1977-07-11 00:00:00-04:00,0.39256203174591064,0.3965883089945867,0.39054889312157265,0.39256203174591064,183600,0.0,0.0
1977-07-12 00:00:00-04:00,0.3925618800249967,0.39860129356384283,0.3925618800249967,0.3986012935638428,168000,0.0,0.0
1977-07-13 00:00:00-04:00,0.3986012524366379,0.40464066535234455,0.3885355642437935,0.40262752771377563,430400,0.0,0.0
1977-07-15 00:00:00-04:00,0.3824962377548218,0.3824962377548218,0.37444368538103606,0.3824962377548218,1999200,0.0,0.0
1977-07-18 00:00:00-04:00,0.3764567489559586,0.3764567489559586,0.3643779227862487,0.3724304735660553,1866000,0.0,0.0
1977-07-19 00:00:00-04:00,0.3724305095180633,0.38048306107521057,0.3684042337394896,0.38048306107521057,1032400,0.0,0.0
1977-07-20 00:00:00-04:00,0.38048297027125955,0.3865223824977875,0.3784698328624169,0.3865223824977875,409600,0.0,0.0
1977-07-21 00:00:00-04:00,0.38652282235510066,0.38652282235510066,0.3804834032558022,0.3845096826553345,427200,0.0,0.0
1977-07-22 00:00:00-04:00,0.38450924508894485,0.3865223824977875,0.3824961076801022,0.3865223824977875,403200,0.0,0.0
1977-07-25 00:00:00-04:00,0.38450968265533453,0.38450968265533453,0.3804834032558022,0.3845096826553345,294800,0.0,0.0
1977-07-26 00:00:00-04:00,0.3845093758482682,0.38652251394171466,0.3804830996613754,0.3824962377548218,400800,0.0,0.0
1977-07-27 00:00:00-04:00,0.38249619896449744,0.38450933685378424,0.38048306107521057,0.38048306107521057,254800,0.0,0.0
1977-07-28 00:00:00-04:00,0.38048306107521057,0.38249619896449744,0.37846992318592376,0.38048306107521057,374000,0.0,0.0
1977-07-29 00:00:00-04:00,0.38048306107521057,0.38249619896449744,0.37846992318592376,0.38048306107521057,160400,0.0,0.0
1977-08-01 00:00:00-04:00,0.3804830996613754,0.3845093758482682,0.37846996156792895,0.3824962377548218,223600,0.0,0.0
1977-08-02 00:00:00-04:00,0.38249619896449744,0.38249619896449744,0.38048306107521057,0.38048306107521057,286400,0.0,0.0
1977-08-03 00:00:00-04:00,0.3804830996613754,0.3824962377548218,0.3804830996613754,0.3824962377548218,331200,0.0,0.0
1977-08-04 00:00:00-04:00,0.38043963046021806,0.38043963046021806,0.37632676959037786,0.3763267695903778,277200,0.125,0.0
1977-08-05 00:00:00-04:00,0.37632698931936487,0.37632698931936487,0.36193196786999027,0.36398839950561523,1045600,0.0,0.0
1977-08-08 00:00:00-04:00,0.3639885698755582,0.3701578676700592,0.3639885698755582,0.3701578676700592,483600,0.0,0.0
1977-08-09 00:00:00-04:00,0.37015740962132165,0.3783831298351288,0.36810097956786986,0.3783831298351288,430800,0.0,0.0
1977-08-10 00:00:00-04:00,0.37838343394699914,0.3866091607719339,0.37632700224076543,0.38249629735946655,186400,0.0,0.0
1977-08-11 00:00:00-04:00,0.38249634485193756,0.3845527768135071,0.380439912890368,0.3845527768135071,150800,0.0,0.0
1977-08-12 00:00:00-04:00,0.38249612949989936,0.38249612949989936,0.37838326789237353,0.3804396986961365,105200,0.0,0.0
1977-08-15 00:00:00-04:00,0.3804395598885806,0.3804395598885806,0.37632669978167704,0.3783831298351288,209600,0.0,0.0
1977-08-16 00:00:00-04:00,0.3783831298351288,0.3804395598885806,0.37632669978167704,0.3783831298351288,143600,0.0,0.0
1977-08-17 00:00:00-04:00,0.37838326789237353,0.3804396986961364,0.37838326789237353,0.3804396986961365,179600,0.0,0.0
1977-08-18 00:00:00-04:00,0.38043963046021806,0.38043963046021806,0.37632676959037786,0.3763267695903778,243600,0.0,0.0
1977-08-19 00:00:00-04:00,0.37632705662503585,0.3783834886284514,0.3681013286113739,0.3681013286113739,247200,0.0,0.0
1977-08-22 00:00:00-04:00,0.3681013513724883,0.37427064776420593,0.3681013513724883,0.37427064776420593,194000,0.0,0.0
1977-08-23 00:00:00-04:00,0.37427064776420593,0.37427064776420593,0.3722142156336334,0.37427064776420593,107200,0.0,0.0
1977-08-24 00:00:00-04:00,0.3742707328663932,0.3742707328663932,0.3681014350718922,0.3701578676700592,129200,0.0,0.0
1977-08-25 00:00:00-04:00,0.37015756194511157,0.37015756194511157,0.36604470014572144,0.36604470014572144,141600,0.0,0.0
1977-08-26 00:00:00-04:00,0.36604470014572144,0.36810113104541653,0.3639882692460264,0.36604470014572144,158000,0.0,0.0
1977-08-29 00:00:00-04:00,0.36604470014572144,0.36810113104541653,0.3639882692460264,0.36604470014572144,194800,0.0,0.0
1977-08-30 00:00:00-04:00,0.36604470014572144,0.36810113104541653,0.3639882692460264,0.36604470014572144,99200,0.0,0.0
1977-08-31 00:00:00-04:00,0.36604470014572144,0.36810113104541653,0.3639882692460264,0.36604470014572144,85600,0.0,0.0
1977-09-01 00:00:00-04:00,0.3660448966079584,0.3722141926182049,0.3660448966079584,0.3681013286113739,104800,0.0,0.0
1977-09-02 00:00:00-04:00,0.3681013286113739,0.3701577606147894,0.3660448966079584,0.3681013286113739,79600,0.0,0.0
1977-09-06 00:00:00-04:00,0.3681014350718922,0.3701578676700592,0.3660450024737252,0.3701578676700592,88800,0.0,0.0
1977-09-07 00:00:00-04:00,0.3701577606147894,0.3701577606147894,0.3681013286113739,0.3681013286113739,149200,0.0,0.0
1977-09-08 00:00:00-04:00,0.3681014350718922,0.3701578676700592,0.3681014350718922,0.3701578676700592,134800,0.0,0.0
1977-09-09 00:00:00-04:00,0.3701577606147894,0.3722141926182049,0.3681013286113739,0.3681013286113739,82400,0.0,0.0
1977-09-12 00:00:00-04:00,0.3681014350718922,0.3701578676700592,0.3660450024737252,0.3701578676700592,113200,0.0,0.0
1977-09-13 00:00:00-04:00,0.3701578846293918,0.3722143173217773,0.3681014519370063,0.37221431732177734,98800,0.0,0.0
1977-09-14 00:00:00-04:00,0.3722142156336334,0.37427064776420593,0.37015778350306083,0.37427064776420593,101200,0.0,0.0
1977-09-15 00:00:00-04:00,0.3742705705345318,0.3845527290657002,0.3742705705345318,0.38249629735946655,260000,0.0,0.0
1977-09-16 00:00:00-04:00,0.3845527647657598,0.38866562856004594,0.3845527647657598,0.38660919666290283,144400,0.0,0.0
1977-09-19 00:00:00-04:00,0.38660920877507665,0.38660920877507665,0.38249634485193756,0.3845527768135071,74800,0.0,0.0
1977-09-20 00:00:00-04:00,0.3845527647657598,0.38660919666290283,0.3824963328686167,0.38660919666290283,88800,0.0,0.0
1977-09-21 00:00:00-04:00,0.3866091607719339,0.3866091607719339,0.37838343394699914,0.38249629735946655,96800,0.0,0.0
1977-09-22 00:00:00-04:00,0.3824962973594665,0.3824962973594665,0.37632700224076543,0.38249629735946655,84000,0.0,0.0
1977-09-23 00:00:00-04:00,0.3824962973594665,0.3824962973594665,0.37838343394699914,0.38249629735946655,70800,0.0,0.0
1977-09-26 00:00:00-04:00,0.3824959899420324,0.3824959899420324,0.3783831298351288,0.3783831298351288,106800,0.0,0.0
1977-09-27 00:00:00-04:00,0.37838320002529796,0.38249606089513816,0.37632676959037786,0.3763267695903778,139200,0.0,0.0
1977-09-28 00:00:00-04:00,0.37632676959037786,0.38043963046021806,0.37632676959037786,0.3763267695903778,104800,0.0,0.0
1977-09-29 00:00:00-04:00,0.37632669978167704,0.3783831298351288,0.37427026972822525,0.3783831298351288,150800,0.0,0.0
1977-09-30 00:00:00-04:00,0.37838320002529796,0.38043963046021806,0.37427033915545777,0.3763267695903778,134000,0.0,0.0
1977-10-03 00:00:00-04:00,0.37632669978167704,0.3783831298351288,0.37632669978167704,0.3783831298351288,102800,0.0,0.0
1977-10-04 00:00:00-04:00,0.37838326789237353,0.3804396986961364,0.37632683708861064,0.3804396986961365,368800,0.0,0.0
1977-10-05 00:00:00-04:00,0.38043994752187577,0.3886656761169433,0.3783835153731088,0.38866567611694336,220000,0.0,0.0
1977-10-06 00:00:00-04:00,0.3886654236464921,0.39689114689826965,0.38660899283354766,0.39689114689826965,385600,0.0,0.0
1977-10-07 00:00:00-04:00,0.39689118787646294,0.3989476189017296,0.3948347568511963,0.3948347568511963,185200,0.0,0.0
1977-10-10 00:00:00-04:00,0.3948347568511963,0.39689118787646294,0.39277832582592964,0.3948347568511963,158800,0.0,0.0
1977-10-11 00:00:00-04:00,0.39483474932218854,0.3968911803082416,0.3907218873500824,0.3907218873500824,157600,0.0,0.0
1977-10-12 00:00:00-04:00,0.3907218873500824,0.39277831833613547,0.3886654563640293,0.3907218873500824,194000,0.0,0.0
1977-10-13 00:00:00-04:00,0.38866528010238777,0.38866528010238777,0.3783831298351288,0.3783831298351288,858800,0.0,0.0
1977-10-14 00:00:00-04:00,0.3783831298351288,0.3804395598885806,0.37427026972822525,0.3783831298351288,256400,0.0,0.0
1977-10-17 00:00:00-04:00,0.37838343394699914,0.3845527290657002,0.37838343394699914,0.38249629735946655,133200,0.0,0.0
1977-10-18 00:00:00-04:00,0.3866092439681764,0.39277854041447713,0.3866092439681764,0.38866567611694336,132400,0.0,0.0
1977-10-19 00:00:00-04:00,0.38866562856004594,0.39072206045718905,0.3845527647657598,0.38660919666290283,83600,0.0,0.0
1977-10-20 00:00:00-04:00,0.38660919666290283,0.38660919666290283,0.3824963328686167,0.38660919666290283,116800,0.0,0.0
1977-10-21 00:00:00-04:00,0.38660919666290283,0.38660919666290283,0.38043990097147357,0.38660919666290283,95200,0.0,0.0
1977-10-24 00:00:00-04:00,0.38660919666290283,0.38866562856004594,0.3845527647657598,0.38660919666290283,124400,0.0,0.0
1977-10-25 00:00:00-04:00,0.38660885004893597,0.38660885004893597,0.37632669978167704,0.3783831298351288,273200,0.0,0.0
1977-10-26 00:00:00-04:00,0.37838326789237353,0.3804396986961364,0.37632683708861064,0.3804396986961365,152800,0.0,0.0
1977-10-27 00:00:00-04:00,0.38043990097147357,0.38660919666290283,0.37838346907433046,0.38660919666290283,183600,0.0,0.0
1977-10-28 00:00:00-04:00,0.3866092439681764,0.39072210826571024,0.3866092439681764,0.38866567611694336,91200,0.0,0.0
1977-10-31 00:00:00-05:00,0.38866562856004594,0.39072206045718905,0.38660919666290283,0.38660919666290283,117200,0.0,0.0
1977-11-01 00:00:00-05:00,0.3866092439681764,0.39072210826571024,0.3866092439681764,0.38866567611694336,180800,0.0,0.0
1977-11-02 00:00:00-05:00,0.38249612949989936,0.38249612949989936,0.37838326789237353,0.3804396986961365,464400,0.0,0.0
1977-11-03 00:00:00-05:00,0.3825072158613931,0.3845748224336168,0.3804396092891693,0.3804396092891693,398800,0.03125,0.0
1977-11-04 00:00:00-05:00,0.38250753745675725,0.3866427540779114,0.38250753745675725,0.3866427540779114,142400,0.0,0.0
1977-11-07 00:00:00-05:00,0.3866427540779114,0.38871036238848844,0.3845751457673343,0.3866427540779114,139600,0.0,0.0
1977-11-08 00:00:00-05:00,0.3866427540779114,0.38871036238848844,0.3866427540779114,0.3866427540779114,148000,0.0,0.0
1977-11-09 00:00:00-05:00,0.3866427367733371,0.38871034499137636,0.38457512855529785,0.38457512855529785,116800,0.0,0.0
1977-11-10 00:00:00-05:00,0.3866425766609609,0.3969806134700775,0.3866425766609609,0.3969806134700775,852800,0.0,0.0
1977-11-11 00:00:00-05:00,0.3969803249713072,0.40111553668975836,0.3969803249713072,0.4011155366897583,254400,0.0,0.0
1977-11-14 00:00:00-05:00,0.40111553668975836,0.40111553668975836,0.3969803249713072,0.4011155366897583,198000,0.0,0.0
1977-11-15 00:00:00-05:00,0.40111575657839604,0.4031833635710682,0.39698054259305177,0.3990481495857239,220000,0.0,0.0
1977-11-16 00:00:00-05:00,0.399048392742108,0.41972447526760587,0.399048392742108,0.40318360924720764,224400,0.0,0.0
1977-11-17 00:00:00-05:00,0.4031836092472076,0.40731882575230716,0.40111600099465783,0.40318360924720764,117200,0.0,0.0
1977-11-18 00:00:00-05:00,0.4031835967788891,0.4052512049674988,0.4011159885902794,0.4052512049674988,110000,0.0,0.0
1977-11-21 00:00:00-05:00,0.40525074840820946,0.40525074840820946,0.40111553668975836,0.4011155366897583,69600,0.0,0.0
1977-11-22 00:00:00-05:00,0.4011159885902794,0.4052512049674988,0.4011159885902794,0.4052512049674988,120400,0.0,0.0
1977-11-23 00:00:00-05:00,0.40525100327501395,0.4093862175941468,0.40525100327501395,0.40938621759414673,127200,0.0,0.0
1977-11-25 00:00:00-05:00,0.40938628345727923,0.41352149844169617,0.40731867596507076,0.41352149844169617,296000,0.0,0.0
1977-11-28 00:00:00-05:00,0.41352149844169617,0.4217919284105301,0.4114538909494877,0.41352149844169617,253600,0.0,0.0
1977-11-29 00:00:00-05:00,0.41352149844169617,0.41352149844169617,0.4114538909494877,0.41352149844169617,310000,0.0,0.0
1977-11-30 00:00:00-05:00,0.41352149844169617,0.41352149844169617,0.40731867596507076,0.41352149844169617,342800,0.0,0.0
1977-12-01 00:00:00-05:00,0.41352142742024134,0.42179185596864616,0.41352142742024134,0.41558903455734253,517200,0.0,0.0
1977-12-02 00:00:00-05:00,0.41558911826680683,0.4259271560346379,0.41558911826680683,0.4217919409275055,464400,0.0,0.0
1977-12-05 00:00:00-05:00,0.42179194092750544,0.42179194092750544,0.41558911826680683,0.4217919409275055,448400,0.0,0.0
1977-12-06 00:00:00-05:00,0.4217919284105301,0.4217919284105301,0.41352149844169617,0.41352149844169617,282800,0.0,0.0
1977-12-07 00:00:00-05:00,0.41352149844169617,0.4155891059339047,0.40938628345727923,0.41352149844169617,263200,0.0,0.0
1977-12-08 00:00:00-05:00,0.4135216600331829,0.4155892683333488,0.4093864434328511,0.41145405173301697,122800,0.0,0.0
1977-12-09 00:00:00-05:00,0.411454051733017,0.411454051733017,0.4093864434328511,0.41145405173301697,187200,0.0,0.0
1977-12-12 00:00:00-05:00,0.4114541674628476,0.4114541674628476,0.40731894969940186,0.40731894969940186,119600,0.0,0.0
1977-12-13 00:00:00-05:00,0.40731894969940186,0.40731894969940186,0.405251340817679,0.40731894969940186,163600,0.0,0.0
1977-12-14 00:00:00-05:00,0.40731861043458034,0.4093862175941468,0.40318339611544757,0.40938621759414673,201200,0.0,0.0
1977-12-15 00:00:00-05:00,0.4093865585811247,0.4114541674628476,0.40731894969940186,0.40731894969940186,245200,0.0,0.0
1977-12-16 00:00:00-05:00,0.4093864434328511,0.4135216600331829,0.4093864434328511,0.41145405173301697,144400,0.0,0.0
1977-12-19 00:00:00-05:00,0.41145382028314015,0.41558903455734253,0.41145382028314015,0.41558903455734253,204800,0.0,0.0
1977-12-20 00:00:00-05:00,0.41558903455734253,0.41558903455734253,0.41145382028314015,0.41558903455734253,168800,0.0,0.0
1977-12-21 00:00:00-05:00,0.4155894250705325,0.42179225231039114,0.4155894250705325,0.41972464323043823,264800,0.0,0.0
1977-12-22 00:00:00-05:00,0.41972435715765055,0.4217919648283779,0.4176567494869232,0.4176567494869232,144800,0.0,0.0
1977-12-23 00:00:00-05:00,0.4176567494869232,0.41972435715765055,0.41558914181619583,0.4176567494869232,170000,0.0,0.0
1977-12-27 00:00:00-05:00,0.4176567494869232,0.41972435715765055,0.41558914181619583,0.4176567494869232,122000,0.0,0.0
1977-12-28 00:00:00-05:00,0.41765703415048533,0.41972464323043823,0.4135218159905796,0.41972464323043823,108400,0.0,0.0
1977-12-29 00:00:00-05:00,0.41972435715765055,0.41972435715765055,0.41558914181619583,0.4176567494869232,126000,0.0,0.0
1977-12-30 00:00:00-05:00,0.41765703415048533,0.41972464323043823,0.41765703415048533,0.41972464323043823,67600,0.0,0.0
1978-01-03 00:00:00-05:00,0.41972424883154497,0.41972424883154497,0.41558903455734253,0.41558903455734253,89200,0.0,0.0
1978-01-04 00:00:00-05:00,0.41558914181619583,0.41972435715765055,0.41558914181619583,0.4176567494869232,96400,0.0,0.0
1978-01-05 00:00:00-05:00,0.4176566416944437,0.41972424883154497,0.41558903455734253,0.41558903455734253,149600,0.0,0.0
1978-01-06 00:00:00-05:00,0.4155893852262933,0.4279950385166304,0.405251340817679,0.40731894969940186,132400,0.0,0.0
1978-01-09 00:00:00-05:00,0.40525074840820946,0.40525074840820946,0.40111553668975836,0.4011155366897583,222400,0.0,0.0
1978-01-10 00:00:00-05:00,0.40111623353358966,0.4052514524359978,0.39077818627756933,0.3949134051799774,227600,0.0,0.0
1978-01-11 00:00:00-05:00,0.3928453922271728,0.3928453922271728,0.3804397482621042,0.39284539222717285,221200,0.0,0.0
1978-01-12 00:00:00-05:00,0.3928453987464309,0.40111582819372416,0.39077779138460755,0.3969806134700775,216800,0.0,0.0
1978-01-13 00:00:00-05:00,0.39698054259305177,0.4031833635710682,0.39698054259305177,0.3990481495857239,108800,0.0,0.0
1978-01-16 00:00:00-05:00,0.3990479308305328,0.40525074840820946,0.3969803249713072,0.4011155366897583,142000,0.0,0.0
1978-01-17 00:00:00-05:00,0.40111600099465783,0.4052512174997574,0.40111600099465783,0.40318360924720764,130800,0.0,0.0
1978-01-18 00:00:00-05:00,0.4031835967788891,0.4052512049674988,0.4011159885902794,0.4052512049674988,136800,0.0,0.0
1978-01-19 00:00:00-05:00,0.405251340817679,0.40731894969940186,0.40111612305423333,0.40731894969940186,186000,0.0,0.0
1978-01-20 00:00:00-05:00,0.40731881315610846,0.40731881315610846,0.4031835967788891,0.4052512049674988,63600,0.0,0.0
1978-01-23 00:00:00-05:00,0.40525106847286224,0.41352149844169617,0.40525106847286224,0.41352149844169617,176000,0.0,0.0
1978-01-24 00:00:00-05:00,0.4135218902408141,0.4135218902408141,0.3928457957287734,0.3949134051799774,572800,0.0,0.0
1978-01-25 00:00:00-05:00,0.3949134051799775,0.3949134051799775,0.3866429673751612,0.3949134051799774,262000,0.0,0.0
1978-01-26 00:00:00-05:00,0.39491311397324214,0.39491311397324214,0.38871029019355774,0.38871029019355774,153200,0.0,0.0
1978-01-27 00:00:00-05:00,0.3887103669857852,0.390777975320816,0.3866427586507545,0.39077797532081604,138800,0.0,0.0
1978-01-30 00:00:00-05:00,0.390777975320816,0.390777975320816,0.3866427586507545,0.39077797532081604,306000,0.0,0.0
1978-01-31 00:00:00-05:00,0.3907779706990655,0.3907779706990655,0.3845751457673343,0.3866427540779114,242800,0.0,0.0
1978-02-01 00:00:00-05:00,0.3866426822669962,0.38871029019355774,0.38457507434043475,0.38871029019355774,193600,0.0,0.0
1978-02-02 00:00:00-05:00,0.3895569443702698,0.3895569443702698,0.3874397870639096,0.3895569443702698,180400,0.1375,0.0
1978-02-03 00:00:00-05:00,0.3895569443702698,0.3895569443702698,0.3874397870639096,0.3895569443702698,113600,0.0,0.0
1978-02-06 00:00:00-05:00,0.3895573065831111,0.3895573065831111,0.38320582875838644,0.3853229880332947,220000,0.0,0.0
1978-02-07 00:00:00-05:00,0.3874397870639096,0.3895569443702698,0.3874397870639096,0.3895569443702698,67600,0.0,0.0
1978-02-08 00:00:00-05:00,0.38955679487009515,0.38955679487009515,0.3853224818823767,0.38743963837623596,136000,0.0,0.0
1978-02-09 00:00:00-05:00,0.38744014730820286,0.38744014730820286,0.38320582875838644,0.3853229880332947,128000,0.0,0.0
1978-02-10 00:00:00-05:00,0.3853229880332947,0.38744014730820286,0.38320582875838644,0.3853229880332947,202400,0.0,0.0
1978-02-13 00:00:00-05:00,0.3853229880332947,0.38744014730820286,0.3853229880332947,0.3853229880332947,95600,0.0,0.0
1978-02-14 00:00:00-05:00,0.3853224818823767,0.38743963837623596,0.3853224818823767,0.38743963837623596,126800,0.0,0.0
1978-02-15 00:00:00-05:00,0.38743963837623596,0.38955679487009515,0.38743963837623596,0.38743963837623596,100000,0.0,0.0
1978-02-16 00:00:00-05:00,0.38743963837623596,0.38955679487009515,0.38743963837623596,0.38743963837623596,75200,0.0,0.0
1978-02-17 00:00:00-05:00,0.38743963837623596,0.38955679487009515,0.38743963837623596,0.38743963837623596,162000,0.0,0.0
1978-02-21 00:00:00-05:00,0.38744002909950126,0.3895571877284603,0.3810885532126242,0.38320571184158325,410800,0.0,0.0
1978-02-22 00:00:00-05:00,0.38320532538851754,0.38743963837623596,0.3810881688946583,0.38743963837623596,121600,0.0,0.0
1978-02-23 00:00:00-05:00,0.38744014730820286,0.38744014730820286,0.38320582875838644,0.3853229880332947,92400,0.0,0.0
1978-02-24 00:00:00-05:00,0.38532287047054226,0.3895571877284603,0.38320571184158325,0.38320571184158325,89200,0.0,0.0
1978-02-27 00:00:00-05:00,0.38320532538851754,0.38743963837623596,0.38320532538851754,0.38743963837623596,91200,0.0,0.0
1978-02-28 00:00:00-05:00,0.38744014730820286,0.38744014730820286,0.38320582875838644,0.3853229880332947,84000,0.0,0.0
1978-03-01 00:00:00-05:00,0.3853224818823767,0.38743963837623596,0.38320532538851754,0.38743963837623596,206800,0.0,0.0
1978-03-02 00:00:00-05:00,0.38744014730820286,0.38744014730820286,0.3853229880332947,0.3853229880332947,97200,0.0,0.0
1978-03-03 00:00:00-05:00,0.3853224818823767,0.38743963837623596,0.3853224818823767,0.38743963837623596,137200,0.0,0.0
1978-03-06 00:00:00-05:00,0.38743963837623596,0.38743963837623596,0.3853224818823767,0.38743963837623596,132400,0.0,0.0
1978-03-07 00:00:00-05:00,0.3874397870639096,0.3895569443702698,0.38532262975754944,0.3895569443702698,150400,0.0,0.0
1978-03-08 00:00:00-05:00,0.3895571515366838,0.39167430996894836,0.3874399931044192,0.39167430996894836,102400,0.0,0.0
1978-03-09 00:00:00-05:00,0.39167430996894836,0.39167430996894836,0.3874399931044192,0.39167430996894836,94000,0.0,0.0
1978-03-10 00:00:00-05:00,0.3916741016766299,0.3937912589829901,0.3895569443702698,0.3895569443702698,82800,0.0,0.0
1978-03-13 00:00:00-05:00,0.3895571515366838,0.39379146840121293,0.3895571515366838,0.39167430996894836,78800,0.0,0.0
1978-03-14 00:00:00-05:00,0.3916741016766299,0.3916741016766299,0.3874397870639096,0.3895569443702698,60400,0.0,0.0
1978-03-15 00:00:00-05:00,0.3895571515366838,0.39167430996894836,0.3895571515366838,0.39167430996894836,83600,0.0,0.0
1978-03-16 00:00:00-05:00,0.39167442503459954,0.3959087431430817,0.39167442503459954,0.39590874314308167,143200,0.0,0.0
1978-03-17 00:00:00-05:00,0.3959087844078357,0.3959087844078357,0.38320582875838644,0.3853229880332947,464800,0.0,0.0
1978-03-20 00:00:00-05:00,0.38532262975754944,0.3916741016766299,0.38532262975754944,0.3895569443702698,200000,0.0,0.0
1978-03-21 00:00:00-05:00,0.3895569443702698,0.3895569443702698,0.3874397870639096,0.3895569443702698,80000,0.0,0.0
1978-03-22 00:00:00-05:00,0.3895571515366838,0.39167430996894836,0.3874399931044192,0.39167430996894836,82400,0.0,0.0
1978-03-23 00:00:00-05:00,0.3916741016766299,0.3916741016766299,0.3874397870639096,0.3895569443702698,53200,0.0,0.0
1978-03-27 00:00:00-05:00,0.38955679487009515,0.38955679487009515,0.38743963837623596,0.38743963837623596,63600,0.0,0.0
1978-03-28 00:00:00-05:00,0.3874397870639096,0.3895569443702698,0.38532262975754944,0.3895569443702698,80800,0.0,0.0
1978-03-29 00:00:00-05:00,0.3895569443702698,0.3895569443702698,0.3874397870639096,0.3895569443702698,197200,0.0,0.0
1978-03-30 00:00:00-05:00,0.3895569443702698,0.3916741016766299,0.3895569443702698,0.3895569443702698,83200,0.0,0.0
1978-03-31 00:00:00-05:00,0.38955717958429803,0.39379149675369257,0.38955717958429803,0.3937914967536926,96800,0.0,0.0
1978-04-03 00:00:00-05:00,0.39379146840121293,0.39590862683347755,0.39167430996894836,0.39167430996894836,102000,0.0,0.0
1978-04-04 00:00:00-05:00,0.39167430996894836,0.39379146840121293,0.3895571515366838,0.39167430996894836,79600,0.0,0.0
1978-04-05 00:00:00-05:00,0.3916741016766299,0.3937912589829901,0.3874397870639096,0.3895569443702698,238000,0.0,0.0
1978-04-06 00:00:00-05:00,0.3895569443702698,0.3937912589829901,0.3895569443702698,0.3895569443702698,114400,0.0,0.0
1978-04-07 00:00:00-05:00,0.3895571515366838,0.39167430996894836,0.3874399931044192,0.39167430996894836,91200,0.0,0.0
1978-04-10 00:00:00-05:00,0.39167430996894836,0.39379146840121293,0.3895571515366838,0.39167430996894836,187200,0.0,0.0
1978-04-11 00:00:00-05:00,0.3916739513639544,0.3916739513639544,0.38743963837623596,0.38743963837623596,211600,0.0,0.0
1978-04-12 00:00:00-05:00,0.38743963837623596,0.3916739513639544,0.38743963837623596,0.38743963837623596,112000,0.0,0.0
1978-04-13 00:00:00-05:00,0.38743963837623596,0.3916739513639544,0.3853224818823767,0.38743963837623596,161600,0.0,0.0
1978-04-14 00:00:00-05:00,0.38743963837623596,0.38955679487009515,0.3853224818823767,0.38743963837623596,144400,0.0,0.0
1978-04-17 00:00:00-05:00,0.38743963837623596,0.38955679487009515,0.38320532538851754,0.38743963837623596,176800,0.0,0.0
1978-04-18 00:00:00-05:00,0.38744014730820286,0.3895573065831111,0.38320582875838644,0.3853229880332947,220400,0.0,0.0
1978-04-19 00:00:00-05:00,0.3853224818823767,0.38743963837623596,0.38320532538851754,0.38743963837623596,146800,0.0,0.0
1978-04-20 00:00:00-05:00,0.38743963837623596,0.38955679487009515,0.38320532538851754,0.38743963837623596,299600,0.0,0.0
1978-04-21 00:00:00-05:00,0.3874397870639096,0.3916741016766299,0.3874397870639096,0.3895569443702698,234400,0.0,0.0
1978-04-24 00:00:00-05:00,0.38955679487009515,0.3916739513639544,0.38743963837623596,0.38743963837623596,130400,0.0,0.0
1978-04-25 00:00:00-05:00,0.38743963837623596,0.3916739513639544,0.38743963837623596,0.38743963837623596,458000,0.0,0.0
1978-04-26 00:00:00-05:00,0.3874399931044192,0.39167430996894836,0.3853228346721546,0.39167430996894836,401600,0.0,0.0
1978-04-27 00:00:00-05:00,0.3916741016766299,0.3916741016766299,0.3874397870639096,0.3895569443702698,221200,0.0,0.0
1978-04-28 00:00:00-05:00,0.3895571515366838,0.39167430996894836,0.3874399931044192,0.39167430996894836,127200,0.0,0.0
1978-05-01 00:00:00-04:00,0.3895569443702698,0.3895569443702698,0.3874397870639096,0.3895569443702698,189200,0.0,0.0
1978-05-02 00:00:00-04:00,0.38955679487009515,0.38955679487009515,0.38743963837623596,0.38743963837623596,124000,0.0,0.0
1978-05-03 00:00:00-04:00,0.3874397870639096,0.3916741016766299,0.3874397870639096,0.3895569443702698,202400,0.0,0.0
1978-05-04 00:00:00-04:00,0.38825568556785583,0.38825568556785583,0.3839176332151424,0.38825568556785583,205200,0.1375,0.0
1978-05-05 00:00:00-04:00,0.38825557891572454,0.38825557891572454,0.38391752775465504,0.3860865533351898,195600,0.0,0.0
1978-05-08 00:00:00-04:00,0.386086699298837,0.386086699298837,0.38174864649772644,0.38174864649772644,415200,0.0,0.0
1978-05-09 00:00:00-04:00,0.38174884063375875,0.3839178681373596,0.3795798131301578,0.3839178681373596,158000,0.0,0.0
1978-05-10 00:00:00-04:00,0.3839176728982817,0.3839176728982817,0.3795796200971712,0.38174864649772644,185600,0.0,0.0
1978-05-11 00:00:00-04:00,0.38174857003348217,0.38391759599958153,0.3774105181012835,0.3795795440673828,171600,0.0,0.0
1978-05-12 00:00:00-04:00,0.3795795440673828,0.38174857003348217,0.3774105181012835,0.3795795440673828,225600,0.0,0.0
1978-05-15 00:00:00-04:00,0.3795798131301578,0.3839178681373596,0.3795798131301578,0.3839178681373596,306000,0.0,0.0
1978-05-16 00:00:00-04:00,0.3839178681373596,0.38608689564096055,0.3795798131301578,0.3839178681373596,227600,0.0,0.0
1978-05-17 00:00:00-04:00,0.38391759599958153,0.38391759599958153,0.3795795440673828,0.3795795440673828,137200,0.0,0.0
1978-05-18 00:00:00-04:00,0.38174864649772644,0.386086699298837,0.38174864649772644,0.38174864649772644,93200,0.0,0.0
1978-05-19 00:00:00-04:00,0.38174850217412026,0.38608655333518976,0.38174850217412026,0.3860865533351898,145200,0.0,0.0
1978-05-22 00:00:00-04:00,0.38608655333518976,0.38608655333518976,0.38391752775465504,0.3860865533351898,143200,0.0,0.0
1978-05-23 00:00:00-04:00,0.38608689564096055,0.3882559231445614,0.3839178681373596,0.3839178681373596,192800,0.0,0.0
1978-05-24 00:00:00-04:00,0.3839178681373596,0.38608689564096055,0.3839178681373596,0.3839178681373596,131600,0.0,0.0
1978-05-25 00:00:00-04:00,0.3839178681373596,0.3882559231445614,0.3839178681373596,0.3839178681373596,301600,0.0,0.0
1978-05-26 00:00:00-04:00,0.38391752775465504,0.38608655333518976,0.38391752775465504,0.3860865533351898,84400,0.0,0.0
1978-05-30 00:00:00-04:00,0.38608689564096055,0.38608689564096055,0.38174884063375875,0.3839178681373596,65600,0.0,0.0
1978-05-31 00:00:00-04:00,0.38391752775465504,0.38825557891572454,0.38391752775465504,0.3860865533351898,128800,0.0,0.0
1978-06-01 00:00:00-04:00,0.38608655333518976,0.38825557891572454,0.38174850217412026,0.3860865533351898,107200,0.0,0.0
1978-06-02 00:00:00-04:00,0.3860866593914991,0.3904247117442126,0.3839176332151424,0.38825568556785583,99200,0.0,0.0
1978-06-05 00:00:00-04:00,0.3882558799452252,0.3925939344697528,0.3882558799452252,0.390424907207489,78000,0.0,0.0
1978-06-06 00:00:00-04:00,0.39042468558358884,0.39259371161460876,0.3882556595525689,0.39259371161460876,136000,0.0,0.0
1978-06-07 00:00:00-04:00,0.3925939344697528,0.3925939344697528,0.3882558799452252,0.390424907207489,122800,0.0,0.0
1978-06-08 00:00:00-04:00,0.3904246432440621,0.39693172063146315,0.38174854006086073,0.39476269483566284,94800,0.0,0.0
1978-06-09 00:00:00-04:00,0.39476273764562875,0.3969317636766487,0.39042468558358884,0.39259371161460876,192000,0.0,0.0
1978-06-12 00:00:00-04:00,0.3925936690398625,0.39693172063146315,0.3925936690398625,0.39476269483566284,65600,0.0,0.0
1978-06-13 00:00:00-04:00,0.3947629617320167,0.3947629617320167,0.390424907207489,0.390424907207489,88800,0.0,0.0
1978-06-14 00:00:00-04:00,0.39042468558358884,0.39259371161460876,0.39042468558358884,0.39259371161460876,93200,0.0,0.0
1978-06-15 00:00:00-04:00,0.3925936690398625,0.3947626948356628,0.3904246432440621,0.39476269483566284,133600,0.0,0.0
1978-06-16 00:00:00-04:00,0.3947626948356628,0.39693172063146315,0.3904246432440621,0.39476269483566284,304800,0.0,0.0
1978-06-19 00:00:00-04:00,0.39476268213303367,0.3969317078590393,0.392593656407028,0.3969317078590393,95200,0.0,0.0
1978-06-20 00:00:00-04:00,0.39693172063146315,0.39693172063146315,0.3947626948356628,0.39476269483566284,90400,0.0,0.0
1978-06-21 00:00:00-04:00,0.3947626948356628,0.39693172063146315,0.3925936690398625,0.39476269483566284,65200,0.0,0.0
1978-06-22 00:00:00-04:00,0.39476261061170825,0.399100661277771,0.39476261061170825,0.399100661277771,126400,0.0,0.0
1978-06-23 00:00:00-04:00,0.399100733585045,0.4012697593110507,0.39476268213303367,0.3969317078590393,98000,0.0,0.0
1978-06-26 00:00:00-04:00,0.3969317078590393,0.399100733585045,0.39476268213303367,0.3969317078590393,94400,0.0,0.0
1978-06-27 00:00:00-04:00,0.3947626948356628,0.3947626948356628,0.3925936690398625,0.39476269483566284,112000,0.0,0.0
1978-06-28 00:00:00-04:00,0.3947626948356628,0.39693172063146315,0.3925936690398625,0.39476269483566284,81600,0.0,0.0
1978-06-29 00:00:00-04:00,0.39476261061170825,0.399100661277771,0.39476261061170825,0.399100661277771,138800,0.0,0.0
1978-06-30 00:00:00-04:00,0.399100661277771,0.4012696866108023,0.39476261061170825,0.399100661277771,173600,0.0,0.0
1978-07-03 00:00:00-04:00,0.399100661277771,0.4012696866108023,0.399100661277771,0.399100661277771,80800,0.0,0.0
1978-07-05 00:00:00-04:00,0.3991006786758835,0.4012697041034698,0.3991006786758835,0.40126970410346985,114800,0.0,0.0
1978-07-06 00:00:00-04:00,0.4012696866108023,0.4034387119438337,0.3969316359447396,0.399100661277771,366400,0.0,0.0
1978-07-07 00:00:00-04:00,0.3991010496693273,0.40343910455703735,0.3991010496693273,0.40343910455703735,82400,0.0,0.0
1978-07-10 00:00:00-04:00,0.40343910455703735,0.4056081320008924,0.4012700771131823,0.40343910455703735,154000,0.0,0.0
1978-07-11 00:00:00-04:00,0.40343909021367363,0.407777144947154,0.40343909021367363,0.4056081175804138,235200,0.0,0.0
1978-07-12 00:00:00-04:00,0.4056077772315512,0.40777680277824396,0.40343875168485843,0.407776802778244,104800,0.0,0.0
1978-07-13 00:00:00-04:00,0.40777680277824396,0.40777680277824396,0.40126972613816564,0.407776802778244,189600,0.0,0.0
1978-07-14 00:00:00-04:00,0.407777144947154,0.407777144947154,0.4056081175804138,0.4056081175804138,254400,0.0,0.0
1978-07-17 00:00:00-04:00,0.4056081175804138,0.407777144947154,0.4056081175804138,0.4056081175804138,112400,0.0,0.0
1978-07-18 00:00:00-04:00,0.4056081175804138,0.407777144947154,0.40343909021367363,0.4056081175804138,116400,0.0,0.0
1978-07-19 00:00:00-04:00,0.4056081175804138,0.4056081175804138,0.40343909021367363,0.4056081175804138,109200,0.0,0.0
1978-07-20 00:00:00-04:00,0.4056081175804138,0.407777144947154,0.40343909021367363,0.4056081175804138,231600,0.0,0.0
1978-07-21 00:00:00-04:00,0.4056081175804138,0.4099461723138942,0.4056081175804138,0.4056081175804138,66800,0.0,0.0
1978-07-24 00:00:00-04:00,0.4056077772315512,0.40777680277824396,0.4056077772315512,0.407776802778244,81200,0.0,0.0
1978-07-25 00:00:00-04:00,0.40777680277824396,0.40777680277824396,0.3904245984047017,0.407776802778244,186800,0.0,0.0
1978-07-26 00:00:00-04:00,0.40777715944474746,0.40777715944474746,0.40343910455703735,0.40343910455703735,338800,0.0,0.0
1978-07-27 00:00:00-04:00,0.40343910455703735,0.4056081320008924,0.4012700771131823,0.40343910455703735,152800,0.0,0.0
1978-07-28 00:00:00-04:00,0.40343910455703735,0.4056081320008924,0.4012700771131823,0.40343910455703735,514800,0.0,0.0
1978-07-31 00:00:00-04:00,0.40343910455703735,0.40777715944474746,0.4012700771131823,0.40343910455703735,144000,0.0,0.0
1978-08-01 00:00:00-04:00,0.40343909021367363,0.407777144947154,0.40127006284693345,0.4056081175804138,240800,0.0,0.0
1978-08-02 00:00:00-04:00,0.4056080187050005,0.41645315289497375,0.4056080187050005,0.41645315289497375,240400,0.0,0.0
1978-08-03 00:00:00-04:00,0.4240010390307176,0.4240010390307176,0.4151214361190796,0.4151214361190796,286800,0.1375,0.0
1978-08-04 00:00:00-04:00,0.4151209764024045,0.4195607729414676,0.4106811798633413,0.41734087467193604,208000,0.0,0.0
1978-08-07 00:00:00-04:00,0.4151214361190796,0.4151214361190796,0.4106816346632605,0.4151214361190796,137600,0.0,0.0
1978-08-08 00:00:00-04:00,0.41512127156539635,0.41512127156539635,0.41290137171745306,0.412901371717453,128400,0.0,0.0
1978-08-09 00:00:00-04:00,0.4129011536401415,0.4195608496665954,0.4129011536401415,0.41956084966659546,245600,0.0,0.0
1978-08-10 00:00:00-04:00,0.4195608496665954,0.4195608496665954,0.4151210523156262,0.41956084966659546,194400,0.0,0.0
1978-08-11 00:00:00-04:00,0.4195608496665954,0.4195608496665954,0.4173409509911108,0.41956084966659546,107200,0.0,0.0
1978-08-14 00:00:00-04:00,0.4195607729414676,0.4195607729414676,0.41734087467193604,0.41734087467193604,115600,0.0,0.0
1978-08-15 00:00:00-04:00,0.4173409509911108,0.42178074834208007,0.4173409509911108,0.41956084966659546,210400,0.0,0.0
1978-08-16 00:00:00-04:00,0.4195608496665954,0.42178074834208007,0.4173409509911108,0.41956084966659546,224000,0.0,0.0
1978-08-17 00:00:00-04:00,0.41956098487502647,0.4217808842658996,0.41734108548415333,0.42178088426589966,178800,0.0,0.0
1978-08-18 00:00:00-04:00,0.4217806712109992,0.4217806712109992,0.4151209764024045,0.41734087467193604,496800,0.0,0.0
1978-08-21 00:00:00-04:00,0.4173413368469891,0.4173413368469891,0.4129015353911701,0.4151214361190796,132400,0.0,0.0
1978-08-22 00:00:00-04:00,0.4151214361190796,0.4151214361190796,0.4106816346632605,0.4151214361190796,197200,0.0,0.0
1978-08-23 00:00:00-04:00,0.4151214361190796,0.4173413368469891,0.4129015353911701,0.4151214361190796,120000,0.0,0.0
1978-08-24 00:00:00-04:00,0.4151209764024045,0.41734087467193604,0.4151209764024045,0.41734087467193604,60800,0.0,0.0
1978-08-25 00:00:00-04:00,0.41734117141333965,0.41734117141333965,0.41290137171745306,0.412901371717453,74000,0.0,0.0
1978-08-28 00:00:00-04:00,0.41290137171745306,0.41512127156539635,0.41068147186950976,0.412901371717453,38000,0.0,0.0
1978-08-29 00:00:00-04:00,0.41290090664013007,0.41512080398765766,0.4106810092926025,0.41068100929260254,140400,0.0,0.0
1978-08-30 00:00:00-04:00,0.4106810092926025,0.41290090664013007,0.4106810092926025,0.41068100929260254,171600,0.0,0.0
1978-08-31 00:00:00-04:00,0.41068147186950976,0.41290137171745306,0.41068147186950976,0.412901371717453,131600,0.0,0.0
1978-09-01 00:00:00-04:00,0.41290137171745306,0.41512127156539635,0.41290137171745306,0.412901371717453,131600,0.0,0.0
1978-09-05 00:00:00-04:00,0.4129015353911701,0.4173413368469891,0.4129015353911701,0.4151214361190796,183200,0.0,0.0
1978-09-06 00:00:00-04:00,0.41512127156539635,0.41734117141333965,0.41290137171745306,0.412901371717453,121200,0.0,0.0
1978-09-07 00:00:00-04:00,0.4129015353911701,0.4173413368469891,0.4129015353911701,0.4151214361190796,158800,0.0,0.0
1978-09-08 00:00:00-04:00,0.4151214361190796,0.4240010390307176,0.4106816346632605,0.4151214361190796,171600,0.0,0.0
1978-09-11 00:00:00-04:00,0.4151214361190796,0.4217811383028081,0.4151214361190796,0.4151214361190796,144800,0.0,0.0
1978-09-12 00:00:00-04:00,0.41512127156539635,0.41734117141333965,0.41290137171745306,0.412901371717453,150400,0.0,0.0
1978-09-13 00:00:00-04:00,0.4129010781328729,0.4195607729414676,0.4129010781328729,0.41734087467193604,194000,0.0,0.0
1978-09-14 00:00:00-04:00,0.4173413368469891,0.4240010390307176,0.4151214361190796,0.4151214361190796,75200,0.0,0.0
1978-09-15 00:00:00-04:00,0.4151214361190796,0.4173413368469891,0.4151214361190796,0.4151214361190796,113600,0.0,0.0
1978-09-18 00:00:00-04:00,0.4151209764024045,0.4195607729414676,0.4151209764024045,0.41734087467193604,318000,0.0,0.0
1978-09-19 00:00:00-04:00,0.41734108548415333,0.4217808842658996,0.41734108548415333,0.42178088426589966,196800,0.0,0.0
1978-09-20 00:00:00-04:00,0.42178074834208007,0.42622054569304935,0.4195608496665954,0.41956084966659546,265600,0.0,0.0
1978-09-21 00:00:00-04:00,0.4195608990266919,0.4284404947732886,0.4195608990266919,0.4262205958366394,135200,0.0,0.0
1978-09-22 00:00:00-04:00,0.42622052326103566,0.4284404218196869,0.4240006247023844,0.4284404218196869,186400,0.0,0.0
1978-09-25 00:00:00-04:00,0.42844029032077985,0.43288008607539935,0.4262203924434701,0.4306601881980896,164000,0.0,0.0
1978-09-26 00:00:00-04:00,0.4306601881980896,0.43288008607539935,0.42844029032077985,0.4306601881980896,84800,0.0,0.0
1978-09-27 00:00:00-04:00,0.4306603203783381,0.439539914612943,0.4284404218196869,0.4284404218196869,148400,0.0,0.0
1978-09-28 00:00:00-04:00,0.42844029032077985,0.4306601881980896,0.4262203924434701,0.4306601881980896,324800,0.0,0.0
1978-09-29 00:00:00-04:00,0.43066065036333523,0.43510045088254484,0.43066065036333523,0.43288055062294006,97200,0.0,0.0
1978-10-02 00:00:00-04:00,0.43288055062294,0.43288055062294,0.43066065036333523,0.43288055062294006,49200,0.0,0.0
1978-10-03 00:00:00-04:00,0.4328802691734567,0.437320066806005,0.4328802691734567,0.43510016798973083,186800,0.0,0.0
1978-10-04 00:00:00-04:00,0.43510045088254484,0.4373203511421497,0.43288055062294,0.43288055062294006,110800,0.0,0.0
1978-10-05 00:00:00-04:00,0.43288055062294,0.4373203511421497,0.43066065036333523,0.43288055062294006,119600,0.0,0.0
1978-10-06 00:00:00-04:00,0.4328802691734567,0.43510016798973083,0.4328802691734567,0.43510016798973083,111600,0.0,0.0
1978-10-09 00:00:00-04:00,0.43510016798973083,0.43510016798973083,0.4328802691734567,0.43510016798973083,86400,0.0,0.0
1978-10-10 00:00:00-04:00,0.4351002008023888,0.43953999876976013,0.4328803018187032,0.43953999876976013,125200,0.0,0.0
1978-10-11 00:00:00-04:00,0.43953999876976013,0.43953999876976013,0.4373200997860745,0.43953999876976013,134800,0.0,0.0
1978-10-12 00:00:00-04:00,0.43953999876976013,0.4417598977534458,0.4373200997860745,0.43953999876976013,112800,0.0,0.0
1978-10-13 00:00:00-04:00,0.43953999876976013,0.43953999876976013,0.4306604028350175,0.43953999876976013,98000,0.0,0.0
1978-10-16 00:00:00-04:00,0.4373202621936798,0.4373202621936798,0.4351003623855901,0.4373202621936798,78400,0.0,0.0
1978-10-17 00:00:00-04:00,0.43288055062294,0.43288055062294,0.43066065036333523,0.43288055062294006,127200,0.0,0.0
1978-10-18 00:00:00-04:00,0.43288021893698936,0.43288021893698936,0.4284404218196869,0.4284404218196869,141200,0.0,0.0
1978-10-19 00:00:00-04:00,0.42844029032077985,0.43288008607539935,0.42844029032077985,0.4306601881980896,403200,0.0,0.0
1978-10-20 00:00:00-04:00,0.4284403660195939,0.4284403660195939,0.41734087467193604,0.41734087467193604,202000,0.0,0.0
1978-10-23 00:00:00-04:00,0.41734108548415333,0.4217808842658996,0.41734108548415333,0.42178088426589966,172400,0.0,0.0
1978-10-24 00:00:00-04:00,0.42178074834208007,0.42178074834208007,0.4173409509911108,0.41956084966659546,342400,0.0,0.0
1978-10-25 00:00:00-04:00,0.4195608496665954,0.42178074834208007,0.4173409509911108,0.41956084966659546,103200,0.0,0.0
1978-10-26 00:00:00-04:00,0.4195612375748986,0.4217811383028081,0.4151214361190796,0.4151214361190796,214400,0.0,0.0
1978-10-27 00:00:00-04:00,0.4151214361190796,0.4173413368469891,0.4129015353911701,0.4151214361190796,130000,0.0,0.0
1978-10-30 00:00:00-05:00,0.41290109928535373,0.41290109928535373,0.4018016073690808,0.4084613025188446,345200,0.0,0.0
1978-10-31 00:00:00-05:00,0.4084615694297539,0.4084615694297539,0.4040217697620392,0.4040217697620392,184400,0.0,0.0
1978-11-01 00:00:00-05:00,0.41175623422258356,0.41175623422258356,0.40038175261422493,0.40493154525756836,407200,0.1375,0.0
1978-11-02 00:00:00-05:00,0.40493154525756836,0.40948133790091185,0.40265664893589664,0.40493154525756836,205200,0.0,0.0
1978-11-03 00:00:00-05:00,0.40493154525756836,0.40720644157924013,0.40265664893589664,0.40493154525756836,80000,0.0,0.0
1978-11-06 00:00:00-05:00,0.40493151995056836,0.4072064161300659,0.4003817275915732,0.4072064161300659,140400,0.0,0.0
1978-11-07 00:00:00-05:00,0.4049317806454028,0.4049317806454028,0.4003819853572522,0.4026568830013275,128800,0.0,0.0
1978-11-08 00:00:00-05:00,0.40265664893589664,0.40493154525756836,0.40265664893589664,0.40493154525756836,71600,0.0,0.0
1978-11-09 00:00:00-05:00,0.40493154525756836,0.40493154525756836,0.40265664893589664,0.40493154525756836,109600,0.0,0.0
1978-11-10 00:00:00-05:00,0.40493154525756836,0.40720644157924013,0.39810685629255316,0.40493154525756836,146800,0.0,0.0
1978-11-13 00:00:00-05:00,0.40493154525756836,0.4140311305442553,0.40493154525756836,0.40493154525756836,77600,0.0,0.0
1978-11-14 00:00:00-05:00,0.40493151995056836,0.4072064161300659,0.40493151995056836,0.4072064161300659,175200,0.0,0.0
1978-11-15 00:00:00-05:00,0.4072066782894781,0.4072066782894781,0.4026568830013275,0.4026568830013275,156000,0.0,0.0
1978-11-16 00:00:00-05:00,0.40265664893589664,0.40720644157924013,0.40265664893589664,0.40493154525756836,85600,0.0,0.0
1978-11-17 00:00:00-05:00,0.40493151995056836,0.4072064161300659,0.40265662377107075,0.4072064161300659,156800,0.0,0.0
1978-11-20 00:00:00-05:00,0.4072068355149693,0.4094817340373993,0.40493193699253927,0.4094817340373993,130400,0.0,0.0
1978-11-21 00:00:00-05:00,0.4094813123095635,0.4094813123095635,0.40493151995056836,0.4072064161300659,75600,0.0,0.0
1978-11-22 00:00:00-05:00,0.4072068355149693,0.41175663255982925,0.4072068355149693,0.4094817340373993,130000,0.0,0.0
1978-11-24 00:00:00-05:00,0.4094814990765482,0.41175639629364014,0.4094814990765482,0.41175639629364014,49200,0.0,0.0
1978-11-27 00:00:00-05:00,0.41175628117807617,0.4140311777591705,0.41175628117807617,0.41403117775917053,61200,0.0,0.0
1978-11-28 00:00:00-05:00,0.4140311777591705,0.41630607434026484,0.41175628117807617,0.41403117775917053,86000,0.0,0.0
1978-11-29 00:00:00-05:00,0.4140311777591705,0.41630607434026484,0.41175628117807617,0.41403117775917053,57600,0.0,0.0
1978-11-30 00:00:00-05:00,0.4140310974224754,0.41858088970184326,0.4140310974224754,0.41858088970184326,391200,0.0,0.0
1978-12-01 00:00:00-05:00,0.41858065708263503,0.42313044683353324,0.41858065708263503,0.4208555519580841,74800,0.0,0.0
1978-12-04 00:00:00-05:00,0.4208557858415272,0.4231306819812111,0.41858088970184326,0.41858088970184326,78000,0.0,0.0
1978-12-05 00:00:00-05:00,0.4208558036925945,0.42768049240112305,0.4208558036925945,0.42768049240112305,29600,0.0,0.0
1978-12-06 00:00:00-05:00,0.42995548640426834,0.4345052799111918,0.42995548640426834,0.4322303831577301,177600,0.0,0.0
1978-12-07 00:00:00-05:00,0.43223038315773005,0.4345052799111918,0.42995548640426834,0.4322303831577301,112000,0.0,0.0
1978-12-08 00:00:00-05:00,0.4322302434593439,0.43905493151396513,0.4322302434593439,0.43678003549575806,632000,0.0,0.0
1978-12-11 00:00:00-05:00,0.436780129071962,0.43905502557754517,0.436780129071962,0.43905502557754517,109200,0.0,0.0
1978-12-12 00:00:00-05:00,0.43905502557754517,0.44132992208312827,0.436780129071962,0.43905502557754517,640400,0.0,0.0
1978-12-13 00:00:00-05:00,0.43678003549575806,0.43678003549575806,0.4254055554047227,0.43678003549575806,353600,0.0,0.0
1978-12-14 00:00:00-05:00,0.43678003549575806,0.43678003549575806,0.4322302434593439,0.43678003549575806,198000,0.0,0.0
1978-12-15 00:00:00-05:00,0.436780150648187,0.436780150648187,0.43223035741226834,0.43450525403022766,337200,0.0,0.0
1978-12-18 00:00:00-05:00,0.4345052799111918,0.4367801766646535,0.42995548640426834,0.4322303831577301,188000,0.0,0.0
1978-12-19 00:00:00-05:00,0.4322302434593439,0.43905493151396513,0.4322302434593439,0.43678003549575806,162400,0.0,0.0
1978-12-20 00:00:00-05:00,0.4367801766646535,0.4367801766646535,0.43223038315773005,0.4322303831577301,106000,0.0,0.0
1978-12-21 00:00:00-05:00,0.43223025937559745,0.4345051554775743,0.425405571069667,0.4299553632736206,152000,0.0,0.0
1978-12-22 00:00:00-05:00,0.42995538863729926,0.42995538863729926,0.4254055961649469,0.42768049240112305,282400,0.0,0.0
1978-12-26 00:00:00-05:00,0.4276807575939811,0.42995565524075763,0.42540585994720465,0.4254058599472046,63200,0.0,0.0
1978-12-27 00:00:00-05:00,0.4254057969777815,0.4276806942878231,0.42313089966773987,0.42313089966773987,108000,0.0,0.0
1978-12-28 00:00:00-05:00,0.42313089966773987,0.42313089966773987,0.42085600235769827,0.42313089966773987,102000,0.0,0.0
1978-12-29 00:00:00-05:00,0.42313044683353324,0.42313044683353324,0.4208555519580841,0.4208555519580841,78800,0.0,0.0
1979-01-02 00:00:00-05:00,0.42085600235769827,0.42313089966773987,0.42085600235769827,0.42313089966773987,222400,0.0,0.0
1979-01-03 00:00:00-05:00,0.4231309623004281,0.42540585994720465,0.4231309623004281,0.4254058599472046,114000,0.0,0.0
1979-01-04 00:00:00-05:00,0.4254055961649469,0.42768049240112305,0.42313069992877067,0.42768049240112305,156800,0.0,0.0
1979-01-05 00:00:00-05:00,0.42768049240112305,0.42768049240112305,0.4254055961649469,0.42768049240112305,233600,0.0,0.0
1979-01-08 00:00:00-05:00,0.42768049240112305,0.42768049240112305,0.4254055961649469,0.42768049240112305,65600,0.0,0.0
1979-01-09 00:00:00-05:00,0.42768046717164376,0.4299553632736206,0.42313067496769013,0.4299553632736206,292400,0.0,0.0
1979-01-10 00:00:00-05:00,0.42995548640426834,0.43223038315773005,0.4276805896508066,0.4322303831577301,109600,0.0,0.0
1979-01-11 00:00:00-05:00,0.43223038315773005,0.4345052799111918,0.4276805896508066,0.4322303831577301,100800,0.0,0.0
1979-01-12 00:00:00-05:00,0.43223035741226834,0.436780150648187,0.43223035741226834,0.43450525403022766,137200,0.0,0.0
1979-01-15 00:00:00-05:00,0.434505139477551,0.43905493151396513,0.434505139477551,0.43678003549575806,106400,0.0,0.0
1979-01-16 00:00:00-05:00,0.43678003549575806,0.43905493151396513,0.4254055554047227,0.43678003549575806,166400,0.0,0.0
1979-01-17 00:00:00-05:00,0.436780129071962,0.44132992208312827,0.436780129071962,0.43905502557754517,118800,0.0,0.0
1979-01-18 00:00:00-05:00,0.43905493151396513,0.4413298275321722,0.43678003549575806,0.43678003549575806,66800,0.0,0.0
1979-01-19 00:00:00-05:00,0.436780129071962,0.43905502557754517,0.436780129071962,0.43905502557754517,83200,0.0,0.0
1979-01-22 00:00:00-05:00,0.43905502557754517,0.44132992208312827,0.436780129071962,0.43905502557754517,510400,0.0,0.0
1979-01-23 00:00:00-05:00,0.4390551552784686,0.4481547439889032,0.4390551552784686,0.44587984681129456,462800,0.0,0.0
1979-01-24 00:00:00-05:00,0.4458799631167681,0.448154860887772,0.44133016757476023,0.44360506534576416,244800,0.0,0.0
1979-01-25 00:00:00-05:00,0.4436049496336859,0.44587984681129456,0.44133005245607726,0.44587984681129456,176800,0.0,0.0
1979-01-26 00:00:00-05:00,0.4458797613376288,0.44815465807914734,0.4436048645961103,0.44815465807914734,106000,0.0,0.0
1979-01-29 00:00:00-05:00,0.44815465807914734,0.44815465807914734,0.4390550711130733,0.44815465807914734,75200,0.0,0.0
1979-01-30 00:00:00-05:00,0.4481546953694905,0.4527044892311097,0.44587979843868086,0.4527044892311096,489200,0.0,0.0
1979-01-31 00:00:00-05:00,0.4527044892311097,0.45497938616191924,0.45042959230030005,0.4527044892311096,682400,0.0,0.0
1979-02-01 00:00:00-05:00,0.45009261369705206,0.45009261369705206,0.44776052761572016,0.450092613697052,174400,0.1525,0.0
1979-02-02 00:00:00-05:00,0.45009257846201456,0.45009257846201456,0.44542840666448075,0.4477604925632477,208000,0.0,0.0
1979-02-05 00:00:00-05:00,0.4477604925632477,0.4477604925632477,0.44542840666448075,0.4477604925632477,112800,0.0,0.0
1979-02-06 00:00:00-05:00,0.4477604925632477,0.45009257846201456,0.44542840666448075,0.4477604925632477,164400,0.0,0.0
1979-02-07 00:00:00-05:00,0.4477604925632477,0.45009257846201456,0.44542840666448075,0.4477604925632477,83200,0.0,0.0
1979-02-08 00:00:00-05:00,0.44776052761572016,0.45009261369705206,0.44776052761572016,0.450092613697052,200000,0.0,0.0
1979-02-09 00:00:00-05:00,0.4500925003253307,0.454756671313158,0.4477604148314171,0.4524245858192444,123600,0.0,0.0
1979-02-12 00:00:00-05:00,0.4524245858192444,0.4524245858192444,0.4500925003253307,0.4524245858192444,72400,0.0,0.0
1979-02-13 00:00:00-05:00,0.4524245858192444,0.454756671313158,0.4524245858192444,0.4524245858192444,100800,0.0,0.0
1979-02-14 00:00:00-05:00,0.4524245858192444,0.454756671313158,0.4524245858192444,0.4524245858192444,87600,0.0,0.0
1979-02-15 00:00:00-05:00,0.45242435443095674,0.4547564387321472,0.45242435443095674,0.4547564387321472,183600,0.0,0.0
1979-02-16 00:00:00-05:00,0.4547564387321472,0.4547564387321472,0.45242435443095674,0.4547564387321472,102800,0.0,0.0
1979-02-20 00:00:00-05:00,0.4547564387321472,0.4547564387321472,0.45242435443095674,0.4547564387321472,126000,0.0,0.0
1979-02-21 00:00:00-05:00,0.4547564387321472,0.4547564387321472,0.45242435443095674,0.4547564387321472,113200,0.0,0.0
1979-02-22 00:00:00-05:00,0.4547565939779184,0.45708867907524103,0.4547565939779184,0.4570886790752411,74400,0.0,0.0
1979-02-23 00:00:00-05:00,0.4547564387321472,0.4547564387321472,0.4500922701297662,0.4547564387321472,178400,0.0,0.0
1979-02-26 00:00:00-05:00,0.454756671313158,0.454756671313158,0.4500925003253307,0.4524245858192444,55600,0.0,0.0
1979-02-27 00:00:00-05:00,0.45009257846201456,0.45009257846201456,0.4477604925632477,0.4477604925632477,92800,0.0,0.0
1979-02-28 00:00:00-05:00,0.4477604925632477,0.45009257846201456,0.44542840666448075,0.4477604925632477,178800,0.0,0.0
1979-03-01 00:00:00-05:00,0.4477604925632477,0.45009257846201456,0.44542840666448075,0.4477604925632477,211200,0.0,0.0
1979-03-02 00:00:00-05:00,0.44776052761572016,0.45009261369705206,0.44776052761572016,0.450092613697052,67600,0.0,0.0
1979-03-05 00:00:00-05:00,0.45009261369705206,0.45009261369705206,0.44542844153438826,0.450092613697052,172000,0.0,0.0
1979-03-06 00:00:00-05:00,0.45009224171413803,0.45009224171413803,0.44542807340621954,0.4454280734062195,87600,0.0,0.0
1979-03-07 00:00:00-05:00,0.44776052761572016,0.4524246997783839,0.44776052761572016,0.450092613697052,171600,0.0,0.0
1979-03-08 00:00:00-05:00,0.45009257846201456,0.4524246643607815,0.4477604925632477,0.4477604925632477,156800,0.0,0.0
1979-03-09 00:00:00-05:00,0.44776052761572016,0.45009261369705206,0.44776052761572016,0.450092613697052,181200,0.0,0.0
1979-03-12 00:00:00-05:00,0.45009257846201456,0.45009257846201456,0.4477604925632477,0.4477604925632477,63600,0.0,0.0
1979-03-13 00:00:00-05:00,0.44776052761572016,0.45009261369705206,0.44776052761572016,0.450092613697052,105600,0.0,0.0
1979-03-14 00:00:00-05:00,0.45009257846201456,0.45009257846201456,0.4477604925632477,0.4477604925632477,119600,0.0,0.0
1979-03-15 00:00:00-05:00,0.4477604148314171,0.4524245858192444,0.4477604148314171,0.4524245858192444,283600,0.0,0.0
1979-03-16 00:00:00-05:00,0.4524245858192444,0.4570887568070716,0.4524245858192444,0.4524245858192444,112000,0.0,0.0
1979-03-19 00:00:00-05:00,0.4524245088805957,0.45708867907524103,0.4524245088805957,0.4570886790752411,119200,0.0,0.0
1979-03-20 00:00:00-05:00,0.45708852303333775,0.45708852303333775,0.45242435443095674,0.4547564387321472,136800,0.0,0.0
1979-03-21 00:00:00-05:00,0.4547564387321472,0.4547564387321472,0.4500922701297662,0.4547564387321472,70000,0.0,0.0
1979-03-22 00:00:00-05:00,0.4547567858597158,0.45708887194104764,0.45009261369705206,0.450092613697052,46400,0.0,0.0
1979-03-23 00:00:00-05:00,0.45009257846201456,0.45009257846201456,0.44542840666448075,0.4477604925632477,282800,0.0,0.0
1979-03-26 00:00:00-05:00,0.4477604925632477,0.45009257846201456,0.4477604925632477,0.4477604925632477,345200,0.0,0.0
1979-03-27 00:00:00-05:00,0.44776052761572016,0.45009261369705206,0.44776052761572016,0.450092613697052,55200,0.0,0.0
1979-03-28 00:00:00-05:00,0.45009261369705206,0.4524246997783839,0.45009261369705206,0.450092613697052,139200,0.0,0.0
1979-03-29 00:00:00-05:00,0.4500925003253307,0.454756671313158,0.4477604148314171,0.4524245858192444,161600,0.0,0.0
1979-03-30 00:00:00-05:00,0.4524246643607815,0.45475675025954837,0.4477604925632477,0.4477604925632477,283600,0.0,0.0
1979-04-02 00:00:00-05:00,0.44776063216359996,0.44776063216359996,0.44309645891189575,0.44309645891189575,401600,0.0,0.0
1979-04-03 00:00:00-05:00,0.44542807340621954,0.4477601575601788,0.44542807340621954,0.4454280734062195,144800,0.0,0.0
1979-04-04 00:00:00-05:00,0.44542854553774786,0.450092718789452,0.44309645891189575,0.44309645891189575,164800,0.0,0.0
1979-04-05 00:00:00-05:00,0.4430963207657138,0.45009257846201456,0.4430963207657138,0.4477604925632477,196000,0.0,0.0
1979-04-06 00:00:00-05:00,0.4477604925632477,0.45009257846201456,0.44542840666448075,0.4477604925632477,92000,0.0,0.0
1979-04-09 00:00:00-05:00,0.4477601575601788,0.4477601575601788,0.44309598925226024,0.4454280734062195,260000,0.0,0.0
1979-04-10 00:00:00-05:00,0.44542807340621954,0.4477601575601788,0.44309598925226024,0.4454280734062195,583600,0.0,0.0
1979-04-11 00:00:00-05:00,0.44542840666448075,0.4477604925632477,0.44542840666448075,0.4477604925632477,77600,0.0,0.0
1979-04-12 00:00:00-05:00,0.4477604925632477,0.4477604925632477,0.44542840666448075,0.4477604925632477,99200,0.0,0.0
1979-04-16 00:00:00-05:00,0.44776063216359996,0.450092718789452,0.44309645891189575,0.44309645891189575,86400,0.0,0.0
1979-04-17 00:00:00-05:00,0.44309598925226024,0.44542807340621954,0.44309598925226024,0.4454280734062195,87600,0.0,0.0
1979-04-18 00:00:00-05:00,0.44542854553774786,0.44542854553774786,0.44309645891189575,0.44309645891189575,110800,0.0,0.0
1979-04-19 00:00:00-05:00,0.44309621450131537,0.44542829984079596,0.4407641291618347,0.4407641291618347,52400,0.0,0.0
1979-04-20 00:00:00-05:00,0.4407641291618347,0.44309621450131537,0.4407641291618347,0.4407641291618347,78800,0.0,0.0
1979-04-23 00:00:00-05:00,0.4407641291618347,0.44309621450131537,0.4384320438223541,0.4407641291618347,96800,0.0,0.0
1979-04-24 00:00:00-05:00,0.4407643722860437,0.44309645891189575,0.4407643722860437,0.44309645891189575,208000,0.0,0.0
1979-04-25 00:00:00-05:00,0.44309621450131537,0.44309621450131537,0.43609995848287353,0.4407641291618347,295200,0.0,0.0
1979-04-26 00:00:00-05:00,0.4407643580181714,0.4430964445685321,0.4337680983670893,0.43610018491744995,473200,0.0,0.0
1979-04-27 00:00:00-05:00,0.4337677693629003,0.4337677693629003,0.4244394302368164,0.4244394302368164,226800,0.0,0.0
1979-04-30 00:00:00-04:00,0.4244395435185722,0.4244395435185722,0.4174432873067276,0.422107458114624,137200,0.0,0.0
1979-05-01 00:00:00-04:00,0.42210734545529544,0.4244394302368164,0.41977526067377446,0.4244394302368164,376400,0.0,0.0
1979-05-02 00:00:00-04:00,0.4244394302368164,0.4244394302368164,0.42210734545529544,0.4244394302368164,122000,0.0,0.0
1979-05-03 00:00:00-04:00,0.4289445810103684,0.4289445810103684,0.424151904127571,0.4265482425689697,431200,0.1525,0.0
1979-05-04 00:00:00-04:00,0.4265482425689697,0.4313409194517671,0.4265482425689697,0.4265482425689697,268800,0.0,0.0
1979-05-07 00:00:00-04:00,0.4265482425689697,0.4289445810103684,0.4265482425689697,0.4265482425689697,163600,0.0,0.0
1979-05-08 00:00:00-04:00,0.42654835571676997,0.42654835571676997,0.421755677562649,0.4241520166397095,220400,0.0,0.0
1979-05-09 00:00:00-04:00,0.4241520166397095,0.4241520166397095,0.421755677562649,0.4241520166397095,155600,0.0,0.0
1979-05-10 00:00:00-04:00,0.424151702948979,0.424151702948979,0.41696269103458955,0.419359028339386,152800,0.0,0.0
1979-05-11 00:00:00-04:00,0.4193592003022117,0.4193592003022117,0.4169628620147705,0.4169628620147705,81200,0.0,0.0
1979-05-14 00:00:00-04:00,0.41696282514947,0.41935916322504163,0.41217014899832666,0.4145664870738983,102000,0.0,0.0
1979-05-15 00:00:00-04:00,0.41456662984781484,0.41456662984781484,0.4025849353435427,0.41217029094696045,270000,0.0,0.0
1979-05-16 00:00:00-04:00,0.41217014899832666,0.4145664870738983,0.409773810922755,0.4145664870738983,167600,0.0,0.0
1979-05-17 00:00:00-04:00,0.4145669473165816,0.4241523102603176,0.4121706065806476,0.42175596952438354,154000,0.0,0.0
1979-05-18 00:00:00-04:00,0.421755677562649,0.4241520166397095,0.4193593384855885,0.4241520166397095,177200,0.0,0.0
1979-05-21 00:00:00-04:00,0.4241520166397095,0.42654835571676997,0.4241520166397095,0.4241520166397095,177200,0.0,0.0
1979-05-22 00:00:00-04:00,0.424151904127571,0.4313409194517671,0.4217555656861723,0.4265482425689697,146000,0.0,0.0
1979-05-23 00:00:00-04:00,0.42654827886453556,0.4289446175098419,0.42654827886453556,0.4289446175098419,94000,0.0,0.0
1979-05-24 00:00:00-04:00,0.42894459433025783,0.43373727136188084,0.4265482558144464,0.43134093284606934,71200,0.0,0.0
1979-05-25 00:00:00-04:00,0.43134085752151824,0.4361335337162018,0.42894451942417644,0.4361335337162018,167200,0.0,0.0
1979-05-29 00:00:00-04:00,0.43613354071893323,0.43852987885475153,0.43373720258311493,0.4385298788547516,149200,0.0,0.0
1979-05-30 00:00:00-04:00,0.43852987885475153,0.4409262169905699,0.43613354071893323,0.4385298788547516,181600,0.0,0.0
1979-05-31 00:00:00-04:00,0.4385298718135435,0.4385298718135435,0.4361335337162018,0.4361335337162018,76800,0.0,0.0
1979-06-01 00:00:00-04:00,0.4361335337162018,0.4385298718135435,0.43373719561886,0.4361335337162018,192000,0.0,0.0
1979-06-04 00:00:00-04:00,0.4361335337162018,0.4361335337162018,0.43373719561886,0.4361335337162018,206800,0.0,0.0
1979-06-05 00:00:00-04:00,0.43613354071893323,0.4409262169905699,0.43373720258311493,0.4385298788547516,92400,0.0,0.0
1979-06-06 00:00:00-04:00,0.43852987885475153,0.4409262169905699,0.43852987885475153,0.4385298788547516,88400,0.0,0.0
1979-06-07 00:00:00-04:00,0.4385299451001312,0.445718960593576,0.4385299451001312,0.44092628359794617,202000,0.0,0.0
1979-06-08 00:00:00-04:00,0.4409265137733297,0.45051187276840204,0.4409265137733297,0.4505118727684021,222000,0.0,0.0
1979-06-11 00:00:00-04:00,0.4505117595511139,0.45290809869766235,0.4481154204045654,0.45290809869766235,103200,0.0,0.0
1979-06-12 00:00:00-04:00,0.4529082528854671,0.45770093281018104,0.45051191292311016,0.4553045928478241,155200,0.0,0.0
1979-06-13 00:00:00-04:00,0.45530443799864384,0.46488979458808893,0.45530443799864384,0.464889794588089,290400,0.0,0.0
1979-06-14 00:00:00-04:00,0.4648896226516137,0.46728596091270447,0.4624932843905229,0.46728596091270447,188400,0.0,0.0
1979-06-15 00:00:00-04:00,0.46728612798632996,0.4744751453399658,0.46488978886845134,0.4744751453399658,390800,0.0,0.0
1979-06-18 00:00:00-04:00,0.4744753489639553,0.4768716891102379,0.46968266867139014,0.47207900881767273,202800,0.0,0.0
1979-06-19 00:00:00-04:00,0.4720786374348861,0.4720786374348861,0.4624932843905229,0.46728596091270447,175600,0.0,0.0
1979-06-20 00:00:00-04:00,0.46728596091270447,0.4696822991737953,0.4648896226516137,0.46728596091270447,92000,0.0,0.0
1979-06-21 00:00:00-04:00,0.4672863285251075,0.47207900881767273,0.4648899883788249,0.47207900881767273,307200,0.0,0.0
1979-06-22 00:00:00-04:00,0.4720786443474342,0.4720786443474342,0.4696823060512543,0.4696823060512543,385200,0.0,0.0
1979-06-25 00:00:00-04:00,0.4696822991737953,0.4696822991737953,0.4624932843905229,0.46728596091270447,215600,0.0,0.0
1979-06-26 00:00:00-04:00,0.4672860975710222,0.4672860975710222,0.4624934196472168,0.4624934196472168,107600,0.0,0.0
1979-06-27 00:00:00-04:00,0.4624934554407277,0.46488979458808893,0.46009711629336636,0.464889794588089,127600,0.0,0.0
1979-06-28 00:00:00-04:00,0.46488979458808893,0.4696824728828115,0.46488979458808893,0.464889794588089,145200,0.0,0.0
1979-06-29 00:00:00-04:00,0.46488979458808893,0.46728613373545025,0.4624934554407277,0.464889794588089,94800,0.0,0.0
1979-07-02 00:00:00-04:00,0.4624934196472168,0.4624934196472168,0.46009708068531413,0.4624934196472168,91600,0.0,0.0
1979-07-03 00:00:00-04:00,0.4624934196472168,0.4624934196472168,0.46009708068531413,0.4624934196472168,147600,0.0,0.0
1979-07-05 00:00:00-04:00,0.4624934196472168,0.4624934196472168,0.46009708068531413,0.4624934196472168,186400,0.0,0.0
1979-07-06 00:00:00-04:00,0.4624932843905229,0.4696822991737953,0.4624932843905229,0.46728596091270447,206800,0.0,0.0
1979-07-09 00:00:00-04:00,0.4672863285251075,0.47207900881767273,0.4672863285251075,0.47207900881767273,207600,0.0,0.0
1979-07-10 00:00:00-04:00,0.4720786443474342,0.4720786443474342,0.4696823060512543,0.4696823060512543,56400,0.0,0.0
1979-07-11 00:00:00-04:00,0.4696823060512543,0.4720786443474342,0.4696823060512543,0.4696823060512543,124800,0.0,0.0
1979-07-12 00:00:00-04:00,0.4696824671042086,0.47687148445784444,0.46728612798632996,0.4744751453399658,484800,0.0,0.0
1979-07-13 00:00:00-04:00,0.4744753489639553,0.4768716891102379,0.47207900881767273,0.47207900881767273,329600,0.0,0.0
1979-07-16 00:00:00-04:00,0.47207900881767273,0.4744753489639553,0.47207900881767273,0.47207900881767273,80400,0.0,0.0
1979-07-17 00:00:00-04:00,0.4720788062220872,0.4744751453399658,0.4696824671042086,0.4744751453399658,133600,0.0,0.0
1979-07-18 00:00:00-04:00,0.4744751453399658,0.4744751453399658,0.4696824671042086,0.4744751453399658,152400,0.0,0.0
1979-07-19 00:00:00-04:00,0.4720786374348861,0.4720786374348861,0.46728596091270447,0.46728596091270447,128000,0.0,0.0
1979-07-20 00:00:00-04:00,0.46728613373545025,0.4696824728828115,0.4624934554407277,0.464889794588089,89600,0.0,0.0
1979-07-23 00:00:00-04:00,0.46488975860911946,0.46488975860911946,0.4624934196472168,0.4624934196472168,52000,0.0,0.0
1979-07-24 00:00:00-04:00,0.4624934554407277,0.46488979458808893,0.46009711629336636,0.464889794588089,280800,0.0,0.0
1979-07-25 00:00:00-04:00,0.4648896226516137,0.46728596091270447,0.4648896226516137,0.46728596091270447,208800,0.0,0.0
1979-07-26 00:00:00-04:00,0.46728596091270447,0.4696822991737953,0.4648896226516137,0.46728596091270447,75200,0.0,0.0
1979-07-27 00:00:00-04:00,0.46728596091270447,0.4696822991737953,0.46728596091270447,0.46728596091270447,66800,0.0,0.0
1979-07-30 00:00:00-04:00,0.46728596091270447,0.4696822991737953,0.46728596091270447,0.46728596091270447,61200,0.0,0.0
1979-07-31 00:00:00-04:00,0.4672863285251075,0.47207900881767273,0.4600973080862597,0.47207900881767273,85200,0.0,0.0
1979-08-01 00:00:00-04:00,0.4720788062220872,0.4744751453399658,0.4696824671042086,0.4744751453399658,192800,0.0,0.0
1979-08-02 00:00:00-04:00,0.47172324694888135,0.47172324694888135,0.4520681116593446,0.4692663550376892,961200,0.1525,0.0
1979-08-03 00:00:00-04:00,0.4692661337162319,0.4692661337162319,0.44961100769670387,0.4668092429637909,90800,0.0,0.0
1979-08-06 00:00:00-04:00,0.4668094631264971,0.4692663550376892,0.4668094631264971,0.4692663550376892,542000,0.0,0.0
1979-08-07 00:00:00-04:00,0.4692663550376892,0.47172324694888135,0.4668094631264971,0.4692663550376892,548000,0.0,0.0
1979-08-08 00:00:00-04:00,0.4692668112305303,0.4717237055301666,0.4692668112305303,0.4717237055301666,85200,0.0,0.0
1979-08-09 00:00:00-04:00,0.47172324694888135,0.47172324694888135,0.4692663550376892,0.4692663550376892,73600,0.0,0.0
1979-08-10 00:00:00-04:00,0.4692661337162319,0.47172302446867287,0.4668092429637909,0.4668092429637909,60400,0.0,0.0
1979-08-13 00:00:00-04:00,0.4668094631264971,0.4692663550376892,0.46435257121530504,0.4692663550376892,108800,0.0,0.0
1979-08-14 00:00:00-04:00,0.4692663550376892,0.47172324694888135,0.4668094631264971,0.4692663550376892,168400,0.0,0.0
1979-08-15 00:00:00-04:00,0.4692663550376892,0.47172324694888135,0.4668094631264971,0.4692663550376892,91200,0.0,0.0
1979-08-16 00:00:00-04:00,0.4692663550376892,0.4692663550376892,0.4668094631264971,0.4692663550376892,99200,0.0,0.0
1979-08-17 00:00:00-04:00,0.4692663550376892,0.4692663550376892,0.4668094631264971,0.4692663550376892,84800,0.0,0.0
1979-08-20 00:00:00-04:00,0.4692661337162319,0.4692661337162319,0.45206789844914486,0.4668092429637909,77600,0.0,0.0
1979-08-21 00:00:00-04:00,0.4668094631264971,0.4692663550376892,0.4668094631264971,0.4692663550376892,220000,0.0,0.0
1979-08-22 00:00:00-04:00,0.4692665124065662,0.4692665124065662,0.4643527269363404,0.46435272693634033,178800,0.0,0.0
1979-08-23 00:00:00-04:00,0.4643527269363404,0.4643527269363404,0.46189583420122743,0.46435272693634033,231600,0.0,0.0
1979-08-24 00:00:00-04:00,0.46435285586724306,0.46680974928453006,0.45943906903266907,0.45943906903266907,131200,0.0,0.0
1979-08-27 00:00:00-04:00,0.45943906903266907,0.46189596244995607,0.45698217561538207,0.45943906903266907,89200,0.0,0.0
1979-08-28 00:00:00-04:00,0.45943906903266907,0.46189596244995607,0.45698217561538207,0.45943906903266907,70400,0.0,0.0
1979-08-29 00:00:00-04:00,0.45943906903266907,0.46189596244995607,0.45943906903266907,0.45943906903266907,74800,0.0,0.0
1979-08-30 00:00:00-04:00,0.45943896044442,0.46435274611762234,0.45943896044442,0.4618958532810211,132400,0.0,0.0
1979-08-31 00:00:00-04:00,0.4618958532810212,0.46435274611762234,0.4618958532810212,0.4618958532810211,73200,0.0,0.0
1979-09-04 00:00:00-04:00,0.4618958532810212,0.46435274611762234,0.45943896044442,0.4618958532810211,71600,0.0,0.0
1979-09-05 00:00:00-04:00,0.45943883786330353,0.45943883786330353,0.4545250535011292,0.45452505350112915,192800,0.0,0.0
1979-09-06 00:00:00-04:00,0.45698198676109314,0.4594388791630345,0.45698198676109314,0.45698198676109314,55600,0.0,0.0
1979-09-07 00:00:00-04:00,0.45698217561538207,0.45943906903266907,0.45452528219809507,0.45943906903266907,281600,0.0,0.0
1979-09-10 00:00:00-04:00,0.45943906903266907,0.45943906903266907,0.45698217561538207,0.45943906903266907,109600,0.0,0.0
1979-09-11 00:00:00-04:00,0.45943883786330353,0.45943883786330353,0.4545250535011292,0.45452505350112915,59600,0.0,0.0
1979-09-12 00:00:00-04:00,0.4545250943591518,0.45698198676109314,0.4545250943591518,0.45698198676109314,201600,0.0,0.0
1979-09-13 00:00:00-04:00,0.45698198676109314,0.4594388791630345,0.4545250943591518,0.45698198676109314,254000,0.0,0.0
1979-09-14 00:00:00-04:00,0.45698194568221634,0.45943883786330353,0.4545250535011292,0.45452505350112915,120000,0.0,0.0
1979-09-17 00:00:00-04:00,0.45452528219809507,0.46189596244995607,0.45452528219809507,0.45943906903266907,211600,0.0,0.0
1979-09-18 00:00:00-04:00,0.45943883786330353,0.4668095144065651,0.452068161320042,0.45452505350112915,462400,0.0,0.0
1979-09-19 00:00:00-04:00,0.4545250535011292,0.45698194568221634,0.452068161320042,0.45452505350112915,141600,0.0,0.0
1979-09-20 00:00:00-04:00,0.4545250535011292,0.4618957300443907,0.452068161320042,0.45452505350112915,103600,0.0,0.0
1979-09-21 00:00:00-04:00,0.4545250943591518,0.45698198676109314,0.4520682019572104,0.45698198676109314,163200,0.0,0.0
1979-09-24 00:00:00-04:00,0.45698198676109314,0.45698198676109314,0.4545250943591518,0.45698198676109314,105600,0.0,0.0
1979-09-25 00:00:00-04:00,0.45698198676109314,0.45698198676109314,0.4545250943591518,0.45698198676109314,136000,0.0,0.0
1979-09-26 00:00:00-04:00,0.45698198676109314,0.46680955636885857,0.4545250943591518,0.45698198676109314,360800,0.0,0.0
1979-09-27 00:00:00-04:00,0.45698217561538207,0.45943906903266907,0.45698217561538207,0.45943906903266907,178800,0.0,0.0
1979-09-28 00:00:00-04:00,0.45943896044442,0.4618958532810212,0.4569820676078188,0.4618958532810211,95200,0.0,0.0
1979-10-01 00:00:00-04:00,0.46189596244995607,0.46189596244995607,0.45698217561538207,0.45943906903266907,192400,0.0,0.0
1979-10-02 00:00:00-04:00,0.4594389414661145,0.4643527269363404,0.4569820487310016,0.46435272693634033,94400,0.0,0.0
1979-10-03 00:00:00-04:00,0.4643530226312578,0.4741805998298029,0.46189612833162147,0.4717237055301666,218400,0.0,0.0
1979-10-04 00:00:00-04:00,0.47172336971636897,0.4790940473681873,0.47172336971636897,0.4766371548175812,410800,0.0,0.0
1979-10-05 00:00:00-04:00,0.4766371548175812,0.4790940473681873,0.47418026226697507,0.4766371548175812,291600,0.0,0.0
1979-10-08 00:00:00-04:00,0.4766370307712655,0.4766370307712655,0.4692663550376892,0.4692663550376892,252400,0.0,0.0
1979-10-09 00:00:00-04:00,0.46926664270181706,0.46926664270181706,0.45943906903266907,0.45943906903266907,232800,0.0,0.0
1979-10-10 00:00:00-04:00,0.45943893409437603,0.4668096121814516,0.43241311444176567,0.4422406852245331,342800,0.0,0.0
1979-10-11 00:00:00-04:00,0.4422409330283739,0.4471547211731336,0.4373271448836142,0.4446978271007538,330800,0.0,0.0
1979-10-12 00:00:00-04:00,0.44469782710075373,0.44961161524551346,0.44469782710075373,0.4446978271007538,101200,0.0,0.0
1979-10-15 00:00:00-04:00,0.44469782710075373,0.44469782710075373,0.43978403895599405,0.4446978271007538,234800,0.0,0.0
1979-10-16 00:00:00-04:00,0.44469757792022496,0.44469757792022496,0.43241311444176567,0.4422406852245331,178400,0.0,0.0
1979-10-17 00:00:00-04:00,0.4422404945895658,0.4446973862261745,0.43978360295295715,0.43978360295295715,129200,0.0,0.0
1979-10-18 00:00:00-04:00,0.43978403895599405,0.4471547211731336,0.43978403895599405,0.4446978271007538,368800,0.0,0.0
1979-10-19 00:00:00-04:00,0.4446973862261745,0.4471542778627832,0.43241292804313103,0.43978360295295715,262000,0.0,0.0
1979-10-22 00:00:00-04:00,0.4397838907630256,0.44224078400751177,0.43487010427405326,0.43732699751853943,106800,0.0,0.0
1979-10-23 00:00:00-04:00,0.4373267113163484,0.4422404945895658,0.4373267113163484,0.43978360295295715,126400,0.0,0.0
1979-10-24 00:00:00-04:00,0.43978360295295715,0.45943873604582675,0.4348698196797397,0.43978360295295715,107600,0.0,0.0
1979-10-25 00:00:00-04:00,0.43732699751853943,0.43732699751853943,0.43487010427405326,0.43732699751853943,143600,0.0,0.0
1979-10-26 00:00:00-04:00,0.43732699751853943,0.4397838907630256,0.43487010427405326,0.43732699751853943,89200,0.0,0.0
1979-10-29 00:00:00-05:00,0.4373268673648942,0.43978375987818014,0.4348699748516083,0.4348699748516083,67200,0.0,0.0
1979-10-30 00:00:00-05:00,0.4373267113163484,0.43978360295295715,0.4373267113163484,0.43978360295295715,644800,0.0,0.0
1979-10-31 00:00:00-05:00,0.44453198334266397,0.44453198334266397,0.43948048353195185,0.4394804835319519,569200,0.1525,0.0
1979-11-01 00:00:00-05:00,0.4394811256365343,0.44453263282775884,0.4394811256365343,0.4445326328277588,111600,0.0,0.0
1979-11-02 00:00:00-05:00,0.44453201021466937,0.44453201021466937,0.44200626015663147,0.44200626015663147,108000,0.0,0.0
1979-11-05 00:00:00-05:00,0.44200687923214654,0.4470583864233711,0.44200687923214654,0.4445326328277588,136800,0.0,0.0
1979-11-06 00:00:00-05:00,0.44453198334266397,0.44453198334266397,0.43948048353195185,0.4394804835319519,159600,0.0,0.0
1979-11-07 00:00:00-05:00,0.43948051009859357,0.44200626015663147,0.43695476004055567,0.44200626015663147,124400,0.0,0.0
1979-11-08 00:00:00-05:00,0.44200623343730794,0.44200623343730794,0.43948048353195185,0.4394804835319519,66000,0.0,0.0
1979-11-09 00:00:00-05:00,0.44200687923214654,0.4470583864233711,0.44200687923214654,0.4445326328277588,115200,0.0,0.0
1979-11-12 00:00:00-05:00,0.44453263282775884,0.44453263282775884,0.4394811256365343,0.4445326328277588,54000,0.0,0.0
1979-11-13 00:00:00-05:00,0.4445321815835554,0.44705793261528015,0.44200643055183064,0.44705793261528015,150000,0.0,0.0
1979-11-14 00:00:00-05:00,0.44705807660402874,0.45210958029446974,0.44705807660402874,0.44958382844924927,170800,0.0,0.0
1979-11-15 00:00:00-05:00,0.4495836836470049,0.45210943467872966,0.44705793261528015,0.44705793261528015,139600,0.0,0.0
1979-11-16 00:00:00-05:00,0.4470578064132669,0.454635057369424,0.44453205609454793,0.45210930705070496,299200,0.0,0.0
1979-11-19 00:00:00-05:00,0.4521096832844434,0.45716118812561035,0.4495839308638599,0.45716118812561035,298400,0.0,0.0
1979-11-20 00:00:00-05:00,0.45716107388337457,0.4697898328304291,0.4546353220939636,0.4697898328304291,232000,0.0,0.0
1979-11-21 00:00:00-05:00,0.4697899168187922,0.4723156690597535,0.4647384123368697,0.4723156690597534,149200,0.0,0.0
1979-11-23 00:00:00-05:00,0.4723153968757771,0.47736689844664104,0.4697896460903451,0.4748411476612091,101600,0.0,0.0
1979-11-26 00:00:00-05:00,0.47484136559069157,0.4849443733692169,0.47484136559069157,0.4849443733692169,202000,0.0,0.0
1979-11-27 00:00:00-05:00,0.4849443733692169,0.48747012531384826,0.4824186214245856,0.4849443733692169,96400,0.0,0.0
1979-11-28 00:00:00-05:00,0.48494427932976447,0.487470030784607,0.4824185278749219,0.48747003078460693,139200,0.0,0.0
1979-11-29 00:00:00-05:00,0.48747012531384826,0.4899958772584796,0.4824186214245856,0.4849443733692169,225200,0.0,0.0
1979-11-30 00:00:00-05:00,0.48494427932976447,0.4899957822394495,0.4824185278749219,0.48747003078460693,113600,0.0,0.0
1979-12-03 00:00:00-05:00,0.48747012531384826,0.4899958772584796,0.4849443733692169,0.4849443733692169,110400,0.0,0.0
1979-12-04 00:00:00-05:00,0.48494438372160265,0.48494438372160265,0.47989287972450256,0.47989287972450256,68800,0.0,0.0
1979-12-05 00:00:00-05:00,0.48494427932976447,0.4899957822394495,0.48494427932976447,0.48747003078460693,172800,0.0,0.0
1979-12-06 00:00:00-05:00,0.48747013572015263,0.48747013572015263,0.47989287972450256,0.47989287972450256,95200,0.0,0.0
1979-12-07 00:00:00-05:00,0.47989287972450256,0.48494438372160265,0.47989287972450256,0.47989287972450256,133200,0.0,0.0
1979-12-10 00:00:00-05:00,0.47989287972450256,0.4824186317230526,0.4773671277259526,0.47989287972450256,84400,0.0,0.0
1979-12-11 00:00:00-05:00,0.4798927764200794,0.487470030784607,0.47736702496523686,0.48747003078460693,795600,0.0,0.0
1979-12-12 00:00:00-05:00,0.4849443733692169,0.4849443733692169,0.4824186214245856,0.4849443733692169,139200,0.0,0.0
1979-12-13 00:00:00-05:00,0.4849443733692169,0.4849443733692169,0.47989286947995424,0.4849443733692169,74000,0.0,0.0
1979-12-14 00:00:00-05:00,0.48494427932976447,0.4899957822394495,0.4824185278749219,0.48747003078460693,1119200,0.0,0.0
1979-12-17 00:00:00-05:00,0.48746978564140125,0.4925212860107422,0.48746978564140125,0.4925212860107422,261600,0.0,0.0
1979-12-18 00:00:00-05:00,0.4925212860107422,0.4975727863800831,0.4899955358260717,0.4925212860107422,287200,0.0,0.0
1979-12-19 00:00:00-05:00,0.4925216977693597,0.497573202361866,0.4899959454731066,0.4950474500656128,605600,0.0,0.0
1979-12-20 00:00:00-05:00,0.4950470361954126,0.4975727863800831,0.4925212860107422,0.4925212860107422,175200,0.0,0.0
1979-12-21 00:00:00-05:00,0.4925215589938704,0.49504731057845436,0.48999580740928644,0.4899958074092865,70000,0.0,0.0
1979-12-24 00:00:00-05:00,0.48999580740928644,0.48999580740928644,0.4874700558247025,0.4899958074092865,67600,0.0,0.0
1979-12-26 00:00:00-05:00,0.4899955358260717,0.4950470361954126,0.48746978564140125,0.4925212860107422,150400,0.0,0.0
1979-12-27 00:00:00-05:00,0.4925215589938704,0.5026245653322062,0.48999580740928644,0.4899958074092865,63600,0.0,0.0
1979-12-28 00:00:00-05:00,0.4899957822394495,0.4899957822394495,0.487470030784607,0.48747003078460693,119600,0.0,0.0
1979-12-31 00:00:00-05:00,0.4874700558247025,0.48999580740928644,0.4874700558247025,0.4899958074092865,78800,0.0,0.0
1980-01-02 00:00:00-05:00,0.4899957822394495,0.492521533694292,0.487470030784607,0.48747003078460693,125200,0.0,0.0
1980-01-03 00:00:00-05:00,0.48747012531384826,0.48747012531384826,0.4849443733692169,0.4849443733692169,214800,0.0,0.0
1980-01-04 00:00:00-05:00,0.48494427932976447,0.487470030784607,0.48494427932976447,0.48747003078460693,176000,0.0,0.0
1980-01-07 00:00:00-05:00,0.4874700558247025,0.48999580740928644,0.4849443042401186,0.4899958074092865,146800,0.0,0.0
1980-01-08 00:00:00-05:00,0.4899959454731066,0.497573202361866,0.4874701931768535,0.4950474500656128,193200,0.0,0.0
1980-01-09 00:00:00-05:00,0.49504741496846155,0.5000989192028336,0.49504741496846155,0.4975731670856476,239200,0.0,0.0
1980-01-10 00:00:00-05:00,0.497573202361866,0.500098954658119,0.4899959454731066,0.4950474500656128,88800,0.0,0.0
1980-01-11 00:00:00-05:00,0.49504745006561285,0.497573202361866,0.49504745006561285,0.4950474500656128,111200,0.0,0.0
1980-01-14 00:00:00-05:00,0.49504745006561285,0.497573202361866,0.49504745006561285,0.4950474500656128,112000,0.0,0.0
1980-01-15 00:00:00-05:00,0.49504741496846155,0.4975731670856476,0.49504741496846155,0.4975731670856476,88400,0.0,0.0
1980-01-16 00:00:00-05:00,0.497573202361866,0.497573202361866,0.4899959454731066,0.4950474500656128,137200,0.0,0.0
1980-01-17 00:00:00-05:00,0.49504745006561285,0.497573202361866,0.4925216977693597,0.4950474500656128,191200,0.0,0.0
1980-01-18 00:00:00-05:00,0.49504745006561285,0.49504745006561285,0.4925216977693597,0.4950474500656128,91200,0.0,0.0
1980-01-21 00:00:00-05:00,0.49504741496846155,0.4975731670856476,0.48494440649971743,0.4975731670856476,162000,0.0,0.0
1980-01-22 00:00:00-05:00,0.497573202361866,0.497573202361866,0.4899959454731066,0.4950474500656128,64000,0.0,0.0
1980-01-23 00:00:00-05:00,0.49504741496846155,0.4975731670856476,0.4925216628512755,0.4975731670856476,76000,0.0,0.0
1980-01-24 00:00:00-05:00,0.4925215589938704,0.4925215589938704,0.4874700558247025,0.4899958074092865,101200,0.0,0.0
1980-01-25 00:00:00-05:00,0.4899957822394495,0.4899957822394495,0.487470030784607,0.48747003078460693,76800,0.0,0.0
1980-01-28 00:00:00-05:00,0.487470030784607,0.492521533694292,0.487470030784607,0.48747003078460693,138800,0.0,0.0
1980-01-29 00:00:00-05:00,0.48747012531384826,0.48747012531384826,0.4849443733692169,0.4849443733692169,266800,0.0,0.0
1980-01-30 00:00:00-05:00,0.4849443733692169,0.48747012531384826,0.4824186214245856,0.4849443733692169,774000,0.0,0.0
1980-01-31 00:00:00-05:00,0.4780850186532374,0.4780850186532374,0.4650935779289646,0.4702901542186737,589600,0.1675,0.0
1980-02-01 00:00:00-05:00,0.4702901542186737,0.4702901542186737,0.4650935779289646,0.4702901542186737,138400,0.0,0.0
1980-02-04 00:00:00-05:00,0.47028997992531635,0.47028997992531635,0.45989683119768504,0.4624951183795929,99600,0.0,0.0
1980-02-05 00:00:00-05:00,0.46249508992426813,0.46769166396836104,0.4598968029022217,0.4598968029022217,135600,0.0,0.0
1980-02-06 00:00:00-05:00,0.4598971039734104,0.462495392696424,0.4572988152503968,0.45729881525039673,318800,0.0,0.0
1980-02-07 00:00:00-05:00,0.4546999631599449,0.4546999631599449,0.44950339215240265,0.4521016776561737,913600,0.0,0.0
1980-02-08 00:00:00-05:00,0.45210167765617376,0.45210167765617376,0.44950339215240265,0.4521016776561737,107200,0.0,0.0
1980-02-11 00:00:00-05:00,0.4521018582028012,0.4521018582028012,0.4469052851200103,0.4469052851200104,90800,0.0,0.0
1980-02-12 00:00:00-05:00,0.44690513610839844,0.44690513610839844,0.4417085647583008,0.4417085647583008,300800,0.0,0.0
1980-02-13 00:00:00-05:00,0.4443068504333496,0.4546999931335449,0.4443068504333496,0.4546999931335449,92400,0.0,0.0
1980-02-14 00:00:00-05:00,0.454700328627525,0.454700328627525,0.4417088906667386,0.4443071782588959,68000,0.0,0.0
1980-02-15 00:00:00-05:00,0.4443070916734504,0.4443070916734504,0.4391105175018311,0.43911051750183105,242800,0.0,0.0
1980-02-19 00:00:00-05:00,0.43911058433128125,0.43911058433128125,0.4287174344062805,0.4287174344062805,124400,0.0,0.0
1980-02-20 00:00:00-05:00,0.4287173488625774,0.43131563582538085,0.42092248797416687,0.42092248797416687,144400,0.0,0.0
1980-02-21 00:00:00-05:00,0.42092248797416687,0.4235207749369704,0.41572591404855985,0.42092248797416687,240400,0.0,0.0
1980-02-22 00:00:00-05:00,0.4209223682163683,0.42611894066348394,0.41832408199281046,0.42352065443992615,243200,0.0,0.0
1980-02-25 00:00:00-05:00,0.4235207749369704,0.4287173488625774,0.42092248797416687,0.42092248797416687,206800,0.0,0.0
1980-02-26 00:00:00-05:00,0.42092248797416687,0.4235207749369704,0.42092248797416687,0.42092248797416687,77600,0.0,0.0
1980-02-27 00:00:00-05:00,0.42092248797416687,0.4261190618997739,0.42092248797416687,0.42092248797416687,165600,0.0,0.0
1980-02-28 00:00:00-05:00,0.42092248797416687,0.4235207749369704,0.42092248797416687,0.42092248797416687,132000,0.0,0.0
1980-02-29 00:00:00-05:00,0.42092227935791016,0.4417085647583008,0.42092227935791016,0.4417085647583008,170400,0.0,0.0
1980-03-03 00:00:00-05:00,0.44170901982370253,0.4469055965275108,0.42871757806418187,0.4339141547679901,95600,0.0,0.0
1980-03-04 00:00:00-05:00,0.4339141547679901,0.43651244311989423,0.42871757806418187,0.4339141547679901,140000,0.0,0.0
1980-03-05 00:00:00-05:00,0.43391373771500874,0.4365120235695896,0.4313154518604278,0.43131545186042786,86800,0.0,0.0
1980-03-06 00:00:00-05:00,0.4313156694173813,0.4313156694173813,0.40793108493089675,0.4157259464263916,414800,0.0,0.0
1980-03-07 00:00:00-05:00,0.41572555992173854,0.4183238446712494,0.4131272751722277,0.4183238446712494,125600,0.0,0.0
1980-03-10 00:00:00-05:00,0.41832420101136336,0.4261190618997739,0.41572591404855985,0.42092248797416687,153600,0.0,0.0
1980-03-11 00:00:00-05:00,0.42092271300846945,0.4339141547679901,0.41832442465656533,0.4339141547679901,178000,0.0,0.0
1980-03-12 00:00:00-05:00,0.4339136470381807,0.4365119323497865,0.42611879110336304,0.42611879110336304,203600,0.0,0.0
1980-03-13 00:00:00-05:00,0.42611879110336304,0.4287170764149689,0.4235205057917572,0.42611879110336304,194000,0.0,0.0
1980-03-14 00:00:00-05:00,0.42611914692503033,0.4287174344062805,0.42352085944378015,0.4287174344062805,168400,0.0,0.0
1980-03-17 00:00:00-05:00,0.4287170764149689,0.4287170764149689,0.42611879110336304,0.42611879110336304,172400,0.0,0.0
1980-03-18 00:00:00-05:00,0.4287171660058469,0.43391373771500874,0.4287171660058469,0.43131545186042786,283200,0.0,0.0
1980-03-19 00:00:00-05:00,0.4365119934082031,0.4417085647583008,0.4365119934082031,0.4417085647583008,198400,0.0,0.0
1980-03-20 00:00:00-05:00,0.44170882832797276,0.45210197722980744,0.43651225387705545,0.44950369000434875,97600,0.0,0.0
1980-03-21 00:00:00-05:00,0.44950357166140575,0.4521018582028012,0.44430699857861494,0.4469052851200104,180800,0.0,0.0
1980-03-24 00:00:00-05:00,0.4469055965275108,0.4495038848794149,0.431315866416086,0.4339141547679901,191200,0.0,0.0
1980-03-25 00:00:00-05:00,0.43391394333021177,0.4391105175018311,0.4287173691585925,0.43911051750183105,240000,0.0,0.0
1980-03-26 00:00:00-05:00,0.43911073147179835,0.44430730817560665,0.4339141547679901,0.4339141547679901,158800,0.0,0.0
1980-03-27 00:00:00-05:00,0.4339137993341574,0.4339137993341574,0.4235206544399261,0.42352065443992615,202400,0.0,0.0
1980-03-28 00:00:00-05:00,0.4261190820727828,0.4391105175018311,0.4261190820727828,0.43911051750183105,248000,0.0,0.0
1980-03-31 00:00:00-05:00,0.4391106030745813,0.4443071782588959,0.43651231548242403,0.4443071782588959,125600,0.0,0.0
1980-04-01 00:00:00-05:00,0.44430711555343144,0.44950369000434875,0.44430711555343144,0.44950369000434875,114800,0.0,0.0
1980-04-02 00:00:00-05:00,0.44950394908135594,0.4572988152503968,0.4443073716353287,0.45729881525039673,217600,0.0,0.0
1980-04-03 00:00:00-05:00,0.4572988152503968,0.462495392696424,0.45470052652738313,0.45729881525039673,164400,0.0,0.0
1980-04-07 00:00:00-05:00,0.4572985158801752,0.46249508992426813,0.4547002288581288,0.4598968029022217,151200,0.0,0.0
1980-04-08 00:00:00-05:00,0.45989671183032027,0.4650932848453522,0.45989671183032027,0.4650932848453522,200400,0.0,0.0
1980-04-09 00:00:00-05:00,0.46769162558990973,0.4780847728252411,0.46769162558990973,0.4780847728252411,263600,0.0,0.0
1980-04-10 00:00:00-05:00,0.48068314630498166,0.4858797208596301,0.48068314630498166,0.4832814335823059,228400,0.0,0.0
1980-04-11 00:00:00-05:00,0.48328113555908203,0.4910759925842285,0.48328113555908203,0.4884777069091797,552800,0.0,0.0
1980-04-14 00:00:00-05:00,0.488478126372883,0.4962729900915992,0.48587983846664423,0.4858798384666443,185200,0.0,0.0
1980-04-15 00:00:00-05:00,0.48587965712976205,0.4936745179393304,0.48587965712976205,0.4910762310028076,80400,0.0,0.0
1980-04-16 00:00:00-05:00,0.4936745762825012,0.5066660125004617,0.4936745762825012,0.4936745762825012,923600,0.0,0.0
1980-04-17 00:00:00-05:00,0.49367427825927734,0.498870849609375,0.4910759925842285,0.49627256393432617,171200,0.0,0.0
1980-04-18 00:00:00-05:00,0.49627291785620653,0.5040677804403354,0.49627291785620653,0.5014694929122925,346800,0.0,0.0
1980-04-21 00:00:00-05:00,0.5014693787488987,0.5014693787488987,0.4910762310028076,0.4910762310028076,206000,0.0,0.0
1980-04-22 00:00:00-05:00,0.4910762890389091,0.49627286352609334,0.4910762890389091,0.4936745762825012,210000,0.0,0.0
1980-04-23 00:00:00-05:00,0.4936745141943296,0.5014693749447664,0.4910762272775173,0.4988710880279541,753600,0.0,0.0
1980-04-24 00:00:00-05:00,0.49887090829702524,0.5092640522198799,0.49887090829702524,0.5066657662391663,538800,0.0,0.0
1980-04-25 00:00:00-05:00,0.506665826458292,0.506665826458292,0.5014692538792326,0.5040675401687622,184800,0.0,0.0
1980-04-28 00:00:00-04:00,0.5066660624377581,0.5144609249368006,0.5066660624377581,0.509264349937439,304400,0.0,0.0
1980-04-29 00:00:00-04:00,0.5092640522198799,0.5144606241813072,0.5066657662391663,0.5066657662391663,1065200,0.0,0.0
1980-04-30 00:00:00-04:00,0.5066657662391663,0.5118623382005936,0.5040674802584526,0.5066657662391663,771600,0.0,0.0
1980-05-01 00:00:00-04:00,0.5076278517485926,0.5076278517485926,0.5022844006775548,0.5049561262130737,222400,0.1675,0.0
1980-05-02 00:00:00-04:00,0.5049561262130737,0.5102995772841116,0.5049561262130737,0.5049561262130737,614400,0.0,0.0
1980-05-05 00:00:00-04:00,0.5076279491186142,0.5129714012145996,0.5076279491186142,0.5129714012145996,116800,0.0,0.0
1980-05-06 00:00:00-04:00,0.5129712752109983,0.5156430006027222,0.5102995498192743,0.5156430006027222,155200,0.0,0.0
1980-05-07 00:00:00-04:00,0.5156427511802086,0.5209861993789673,0.5129710270808293,0.5209861993789673,353200,0.0,0.0
1980-05-08 00:00:00-04:00,0.5209861993789673,0.5209861993789673,0.5156427511802086,0.5209861993789673,168000,0.0,0.0
1980-05-09 00:00:00-04:00,0.5183147259944462,0.5183147259944462,0.5156430006027222,0.5156430006027222,221200,0.0,0.0
1980-05-12 00:00:00-04:00,0.5156430006027222,0.5183147259944462,0.5129712752109983,0.5156430006027222,78000,0.0,0.0
1980-05-13 00:00:00-04:00,0.5156427511802086,0.5209861993789673,0.5156427511802086,0.5209861993789673,162000,0.0,0.0
1980-05-14 00:00:00-04:00,0.5209862049092951,0.5209862049092951,0.5156427566538152,0.5183144807815552,121200,0.0,0.0
1980-05-15 00:00:00-04:00,0.5183147058194997,0.5236581563949585,0.512971255244041,0.5236581563949585,268400,0.0,0.0
1980-05-16 00:00:00-04:00,0.5236582683427685,0.5263299942016602,0.5236582683427685,0.5263299942016602,124000,0.0,0.0
1980-05-19 00:00:00-04:00,0.5236579234783466,0.5236579234783466,0.518314475279588,0.5209861993789673,173200,0.0,0.0
1980-05-20 00:00:00-04:00,0.5209864311072291,0.5263298816826879,0.5209864311072291,0.5236581563949585,132400,0.0,0.0
1980-05-21 00:00:00-04:00,0.5236582683427685,0.5263299942016602,0.5236582683427685,0.5263299942016602,660000,0.0,0.0
1980-05-22 00:00:00-04:00,0.5263298816826879,0.5263298816826879,0.5236581563949585,0.5236581563949585,141600,0.0,0.0
1980-05-23 00:00:00-04:00,0.5236582683427685,0.5263299942016602,0.5236582683427685,0.5263299942016602,68800,0.0,0.0
1980-05-27 00:00:00-04:00,0.5236581563949585,0.5236581563949585,0.5183147058194997,0.5236581563949585,394400,0.0,0.0
1980-05-28 00:00:00-04:00,0.5236582021520595,0.5290016531944275,0.5236582021520595,0.5290016531944275,171200,0.0,0.0
1980-05-29 00:00:00-04:00,0.5290017200605518,0.5290017200605518,0.5263299942016602,0.5263299942016602,195200,0.0,0.0
1980-05-30 00:00:00-04:00,0.5263299276732435,0.5316733787156115,0.5236582021520595,0.5290016531944275,126400,0.0,0.0
1980-06-02 00:00:00-04:00,0.5290016531944275,0.5316733787156115,0.5290016531944275,0.5290016531944275,208000,0.0,0.0
1980-06-03 00:00:00-04:00,0.5290017200605518,0.5316734459194435,0.5263299942016602,0.5263299942016602,135600,0.0,0.0
1980-06-04 00:00:00-04:00,0.5263299942016602,0.5316734459194435,0.5236582683427685,0.5263299942016602,355600,0.0,0.0
1980-06-05 00:00:00-04:00,0.5263299942016602,0.5316734459194435,0.5263299942016602,0.5263299942016602,181600,0.0,0.0
1980-06-06 00:00:00-04:00,0.5263299276732435,0.5316733787156115,0.5129713000673236,0.5290016531944275,88000,0.0,0.0
1980-06-09 00:00:00-04:00,0.5290016531944275,0.5316733787156115,0.5290016531944275,0.5290016531944275,91600,0.0,0.0
1980-06-10 00:00:00-04:00,0.5290017649156964,0.5316734910011292,0.5290017649156964,0.5316734910011292,78400,0.0,0.0
1980-06-11 00:00:00-04:00,0.5316733787156115,0.5316733787156115,0.5290016531944275,0.5290016531944275,115600,0.0,0.0
1980-06-12 00:00:00-04:00,0.5290013444423675,0.5343447923660278,0.5290013444423675,0.5343447923660278,148000,0.0,0.0
1980-06-13 00:00:00-04:00,0.5396882780626708,0.545031726360321,0.5396882780626708,0.545031726360321,363600,0.0,0.0
1980-06-16 00:00:00-04:00,0.5450316992673008,0.5583903193473816,0.5423599752512845,0.5583903193473816,400000,0.0,0.0
1980-06-17 00:00:00-04:00,0.5583904796051529,0.5664056539535522,0.5583904796051529,0.5664056539535522,448400,0.0,0.0
1980-06-18 00:00:00-04:00,0.5664055460975284,0.5664055460975284,0.5583903732753935,0.5610620975494385,187200,0.0,0.0
1980-06-19 00:00:00-04:00,0.5610620433633978,0.5637337673794139,0.5557185953313655,0.5583903193473816,212800,0.0,0.0
1980-06-20 00:00:00-04:00,0.5557189056838768,0.5557189056838768,0.5477037291595901,0.5530471801757812,257600,0.0,0.0
1980-06-23 00:00:00-04:00,0.553047127226024,0.5557188524783236,0.5503754019737244,0.5503754019737244,597600,0.0,0.0
1980-06-24 00:00:00-04:00,0.5503754019737244,0.553047127226024,0.5477036767214247,0.5503754019737244,134800,0.0,0.0
1980-06-25 00:00:00-04:00,0.5503754019737244,0.553047127226024,0.5503754019737244,0.5503754019737244,103600,0.0,0.0
1980-06-26 00:00:00-04:00,0.5503751472993331,0.5610620433633978,0.5503751472993331,0.5583903193473816,669200,0.0,0.0
1980-06-27 00:00:00-04:00,0.5583904445744478,0.5583904445744478,0.555718719959259,0.555718719959259,91200,0.0,0.0
1980-06-30 00:00:00-04:00,0.5557188524783236,0.5557188524783236,0.5477036767214247,0.5503754019737244,106000,0.0,0.0
1980-07-01 00:00:00-04:00,0.5503754019737244,0.5503754019737244,0.5477036767214247,0.5503754019737244,183200,0.0,0.0
1980-07-02 00:00:00-04:00,0.5503754019737244,0.5503754019737244,0.5477036767214247,0.5503754019737244,82000,0.0,0.0
1980-07-03 00:00:00-04:00,0.5503754546676857,0.5530471801757812,0.5477037291595901,0.5530471801757812,198000,0.0,0.0
1980-07-07 00:00:00-04:00,0.5530469953440703,0.555718719959259,0.5503752707288815,0.555718719959259,98800,0.0,0.0
1980-07-08 00:00:00-04:00,0.5557189056838768,0.5557189056838768,0.5503754546676857,0.5530471801757812,204000,0.0,0.0
1980-07-09 00:00:00-04:00,0.5530469533873767,0.5557186777998762,0.5477035045623779,0.5477035045623779,209200,0.0,0.0
1980-07-10 00:00:00-04:00,0.5477035045623779,0.5503752289748773,0.5477035045623779,0.5477035045623779,136000,0.0,0.0
1980-07-11 00:00:00-04:00,0.5477034505091462,0.5503751746579713,0.545031726360321,0.545031726360321,101200,0.0,0.0
1980-07-14 00:00:00-04:00,0.545031726360321,0.5477034505091462,0.5423600022114959,0.545031726360321,125600,0.0,0.0
1980-07-15 00:00:00-04:00,0.5477035045623779,0.5530469533873767,0.5477035045623779,0.5477035045623779,194800,0.0,0.0
1980-07-16 00:00:00-04:00,0.5477036767214247,0.553047127226024,0.5450319514691251,0.5503754019737244,279200,0.0,0.0
1980-07-17 00:00:00-04:00,0.5503754019737244,0.553047127226024,0.5343450504599265,0.5503754019737244,226000,0.0,0.0
1980-07-18 00:00:00-04:00,0.5503754019737244,0.553047127226024,0.5450319514691251,0.5503754019737244,129600,0.0,0.0
1980-07-21 00:00:00-04:00,0.5503751746579713,0.5503751746579713,0.545031726360321,0.545031726360321,128000,0.0,0.0
1980-07-22 00:00:00-04:00,0.5450317801498785,0.5477035045623779,0.5450317801498785,0.5477035045623779,185600,0.0,0.0
1980-07-23 00:00:00-04:00,0.5477035045623779,0.5503752289748773,0.5450317801498785,0.5477035045623779,707600,0.0,0.0
1980-07-24 00:00:00-04:00,0.5477035045623779,0.5530469533873767,0.5477035045623779,0.5477035045623779,85200,0.0,0.0
1980-07-25 00:00:00-04:00,0.5477036767214247,0.5503754019737244,0.5477036767214247,0.5503754019737244,471200,0.0,0.0
1980-07-28 00:00:00-04:00,0.5503753617479297,0.5503753617479297,0.5423601865768433,0.5423601865768433,157200,0.0,0.0
1980-07-29 00:00:00-04:00,0.5423601865768433,0.5450319116338721,0.5370167364627857,0.5423601865768433,352800,0.0,0.0
1980-07-30 00:00:00-04:00,0.5423600022114959,0.5503751746579713,0.5396882780626708,0.545031726360321,1198400,0.0,0.0
1980-07-31 00:00:00-04:00,0.5377879497332451,0.5377879497332451,0.5323003175931099,0.5350441336631775,2256000,0.1675,0.0
1980-08-01 00:00:00-04:00,0.5323006884421709,0.5323006884421709,0.5268130524788496,0.5295568704605103,140400,0.0,0.0
1980-08-04 00:00:00-04:00,0.5295567796343849,0.5295567796343849,0.5158376920790899,0.5185815095901489,766800,0.0,0.0
1980-08-05 00:00:00-04:00,0.5185814867628381,0.5185814867628381,0.513093851982279,0.5158376693725586,379600,0.0,0.0
1980-08-06 00:00:00-04:00,0.5158378261933352,0.5185816444177679,0.51035018974447,0.5130940079689026,296400,0.0,0.0
1980-08-07 00:00:00-04:00,0.513093851982279,0.5185814867628381,0.513093851982279,0.5158376693725586,259600,0.0,0.0
1980-08-08 00:00:00-04:00,0.5158376693725586,0.5460196606656338,0.5158376693725586,0.5158376693725586,259600,0.0,0.0
1980-08-11 00:00:00-04:00,0.5158376781104123,0.5240691304206848,0.5130938606736547,0.5240691304206848,224800,0.0,0.0
1980-08-12 00:00:00-04:00,0.5240691304206848,0.5268129478574424,0.5213253129839273,0.5240691304206848,132400,0.0,0.0
1980-08-13 00:00:00-04:00,0.5240693309654791,0.5295569679389397,0.5240693309654791,0.5268131494522095,138800,0.0,0.0
1980-08-14 00:00:00-04:00,0.5268131494522095,0.5295569679389397,0.5240693309654791,0.5268131494522095,95200,0.0,0.0
1980-08-15 00:00:00-04:00,0.5268131494522095,0.5323007864256699,0.5240693309654791,0.5268131494522095,299200,0.0,0.0
1980-08-18 00:00:00-04:00,0.5213253271012079,0.5213253271012079,0.5158376920790899,0.5185815095901489,103600,0.0,0.0
1980-08-19 00:00:00-04:00,0.5185815095901489,0.5213253271012079,0.5130938745680309,0.5185815095901489,762400,0.0,0.0
1980-08-20 00:00:00-04:00,0.5185815095901489,0.5213253271012079,0.5158376920790899,0.5185815095901489,65600,0.0,0.0
1980-08-21 00:00:00-04:00,0.5185814955471698,0.5268129478574424,0.5185814955471698,0.5240691304206848,44800,0.0,0.0
1980-08-22 00:00:00-04:00,0.5240691446122668,0.5240691446122668,0.5185815095901489,0.5185815095901489,61200,0.0,0.0
1980-08-25 00:00:00-04:00,0.5185815095901489,0.5213253271012079,0.5185815095901489,0.5185815095901489,266000,0.0,0.0
1980-08-26 00:00:00-04:00,0.5185814955471698,0.5240691304206848,0.5185814955471698,0.5240691304206848,100800,0.0,0.0
1980-08-27 00:00:00-04:00,0.5240693309654791,0.5323007864256699,0.5240693309654791,0.5268131494522095,143600,0.0,0.0
1980-08-28 00:00:00-04:00,0.5268130524788496,0.5323006884421709,0.5268130524788496,0.5295568704605103,64400,0.0,0.0
1980-08-29 00:00:00-04:00,0.5295567146896087,0.5323005318641663,0.5295567146896087,0.5323005318641663,70400,0.0,0.0
1980-09-02 00:00:00-04:00,0.5323005318641663,0.5350443490387238,0.5323005318641663,0.5323005318641663,150000,0.0,0.0
1980-09-03 00:00:00-04:00,0.5350445134907352,0.5377883315086365,0.5350445134907352,0.5377883315086365,131200,0.0,0.0
1980-09-04 00:00:00-04:00,0.5377883315086365,0.5460197855623401,0.5350445134907352,0.5377883315086365,258800,0.0,0.0
1980-09-05 00:00:00-04:00,0.5377881662132814,0.5405319833878389,0.5295567146896087,0.5323005318641663,160800,0.0,0.0
1980-09-08 00:00:00-04:00,0.5323007864256699,0.5350446049124002,0.5240693309654791,0.5268131494522095,137600,0.0,0.0
1980-09-09 00:00:00-04:00,0.5268131494522095,0.5295569679389397,0.5240693309654791,0.5268131494522095,57200,0.0,0.0
1980-09-10 00:00:00-04:00,0.5268128975150511,0.5323005318641663,0.5268128975150511,0.5323005318641663,66400,0.0,0.0
1980-09-11 00:00:00-04:00,0.5323007864256699,0.5323007864256699,0.5268131494522095,0.5268131494522095,51600,0.0,0.0
1980-09-12 00:00:00-04:00,0.5295567146896087,0.5350443490387238,0.5295567146896087,0.5323005318641663,67200,0.0,0.0
1980-09-15 00:00:00-04:00,0.5323005318641663,0.5377881662132814,0.5295567146896087,0.5323005318641663,129600,0.0,0.0
1980-09-16 00:00:00-04:00,0.5323006954728341,0.5405321495265377,0.5323006954728341,0.5377883315086365,209200,0.0,0.0
1980-09-17 00:00:00-04:00,0.5377884721998031,0.5405322909355164,0.5350446534640898,0.5405322909355164,288800,0.0,0.0
1980-09-18 00:00:00-04:00,0.5405322909355164,0.5432761096712296,0.5377884721998031,0.5405322909355164,496400,0.0,0.0
1980-09-19 00:00:00-04:00,0.5405321343980655,0.5460197702802793,0.5405321343980655,0.5432759523391724,130000,0.0,0.0
1980-09-22 00:00:00-04:00,0.5432758005623964,0.5460196177369541,0.5323005318641663,0.5323005318641663,169200,0.0,0.0
1980-09-23 00:00:00-04:00,0.5350441336631775,0.5432755818733802,0.5350441336631775,0.5350441336631775,228400,0.0,0.0
1980-09-24 00:00:00-04:00,0.5350443490387238,0.5350443490387238,0.5295567146896087,0.5323005318641663,148800,0.0,0.0
1980-09-25 00:00:00-04:00,0.5323005318641663,0.5350443490387238,0.5323005318641663,0.5323005318641663,128400,0.0,0.0
1980-09-26 00:00:00-04:00,0.5323005827309574,0.5323005827309574,0.5240691304206848,0.5240691304206848,98800,0.0,0.0
1980-09-29 00:00:00-04:00,0.5240691674383063,0.5268129850688733,0.5213253498077393,0.5213253498077393,109200,0.0,0.0
1980-09-30 00:00:00-04:00,0.5213255124787489,0.5268131494522095,0.5213255124787489,0.5268131494522095,131200,0.0,0.0
1980-10-01 00:00:00-04:00,0.5268131494522095,0.5268131494522095,0.5240693309654791,0.5268131494522095,90000,0.0,0.0
1980-10-02 00:00:00-04:00,0.5268131494522095,0.5295569679389397,0.5240693309654791,0.5268131494522095,148000,0.0,0.0
1980-10-03 00:00:00-04:00,0.5268131494522095,0.5295569679389397,0.5240693309654791,0.5268131494522095,126800,0.0,0.0
1980-10-06 00:00:00-04:00,0.5268130594370316,0.5377883315086365,0.5268130594370316,0.5377883315086365,378400,0.0,0.0
1980-10-07 00:00:00-04:00,0.5377883315086365,0.5432759675444389,0.5350445134907352,0.5377883315086365,199200,0.0,0.0
1980-10-08 00:00:00-04:00,0.5377883315086365,0.5405321495265377,0.5350445134907352,0.5377883315086365,68400,0.0,0.0
1980-10-09 00:00:00-04:00,0.5405321343980655,0.5487635882213862,0.5405321343980655,0.5432759523391724,203600,0.0,0.0
1980-10-10 00:00:00-04:00,0.5432761096712296,0.5487637471426562,0.5377884721998031,0.5405322909355164,166800,0.0,0.0
1980-10-13 00:00:00-04:00,0.5405321343980655,0.5487635882213862,0.5405321343980655,0.5432759523391724,87200,0.0,0.0
1980-10-14 00:00:00-04:00,0.5432759523391724,0.5487635882213862,0.5432759523391724,0.5432759523391724,102400,0.0,0.0
1980-10-15 00:00:00-04:00,0.5460195180773736,0.5515071514248848,0.5460195180773736,0.5487633347511292,517600,0.0,0.0
1980-10-16 00:00:00-04:00,0.5487635882213862,0.5542512241036001,0.5432759523391724,0.5432759523391724,201200,0.0,0.0
1980-10-17 00:00:00-04:00,0.5432761524190854,0.5487637903223086,0.5432761524190854,0.546019971370697,440000,0.0,0.0
1980-10-20 00:00:00-04:00,0.5460197702802793,0.5487635882213862,0.5323006805747447,0.5432759523391724,269200,0.0,0.0
1980-10-21 00:00:00-04:00,0.5432761096712296,0.5432761096712296,0.5405322909355164,0.5405322909355164,95200,0.0,0.0
1980-10-22 00:00:00-04:00,0.5405322909355164,0.5432761096712296,0.5405322909355164,0.5405322909355164,73200,0.0,0.0
1980-10-23 00:00:00-04:00,0.5405321495265377,0.5405321495265377,0.5377883315086365,0.5377883315086365,58800,0.0,0.0
1980-10-24 00:00:00-04:00,0.5377883315086365,0.5405321495265377,0.5377883315086365,0.5377883315086365,74400,0.0,0.0
1980-10-27 00:00:00-05:00,0.5377884233991305,0.5377884233991305,0.5268131494522095,0.5268131494522095,206400,0.0,0.0
1980-10-28 00:00:00-05:00,0.5240691674383063,0.5240691674383063,0.507606261654904,0.5213253498077393,142400,0.0,0.0
1980-10-29 00:00:00-05:00,0.5213253271012079,0.5268129621233258,0.5185815095901489,0.5185815095901489,90000,0.0,0.0
1980-10-30 00:00:00-05:00,0.5185815009378618,0.5213253184031414,0.5103500485420227,0.5103500485420227,184800,0.0,0.0
1980-10-31 00:00:00-05:00,0.513093851982279,0.5213253041531177,0.513093851982279,0.5158376693725586,630800,0.0,0.0
1980-11-03 00:00:00-05:00,0.5158376693725586,0.5185814867628381,0.513093851982279,0.5158376693725586,218800,0.0,0.0
1980-11-05 00:00:00-05:00,0.519678801632999,0.519678801632999,0.5027327537536621,0.5027327537536621,901200,0.1675,0.0
1980-11-06 00:00:00-05:00,0.4970844447264197,0.4970844447264197,0.4829627275466919,0.4829627275466919,2094000,0.0,0.0
1980-11-07 00:00:00-05:00,0.48296260192643764,0.48861128732908604,0.48013825922511344,0.48578694462776184,212800,0.0,0.0
1980-11-10 00:00:00-05:00,0.4857862640829647,0.4857862640829647,0.4773132478489595,0.48013758659362793,671200,0.0,0.0
1980-11-11 00:00:00-05:00,0.48013838411074633,0.48578707098263746,0.48013838411074633,0.4829627275466919,442000,0.0,0.0
1980-11-12 00:00:00-05:00,0.4829622174108495,0.5055569410324097,0.4829622174108495,0.5055569410324097,1206800,0.0,0.0
1980-11-13 00:00:00-05:00,0.5055568664451766,0.5196785666252094,0.50273252640917,0.5168542265892029,370400,0.0,0.0
1980-11-14 00:00:00-05:00,0.5168546674692113,0.5196790099143982,0.5112059825788374,0.5196790099143982,166400,0.0,0.0
1980-11-17 00:00:00-05:00,0.5140299623904948,0.5140299623904948,0.5055569410324097,0.5055569410324097,208400,0.0,0.0
1980-11-18 00:00:00-05:00,0.5083815455436707,0.5140302293830448,0.5083815455436707,0.5083815455436707,155200,0.0,0.0
1980-11-19 00:00:00-05:00,0.5083812139310889,0.5140298940858787,0.5083812139310889,0.5112055540084839,310400,0.0,0.0
1980-11-20 00:00:00-05:00,0.5112055540084839,0.5140298940858787,0.5083812139310889,0.5112055540084839,250000,0.0,0.0
1980-11-21 00:00:00-05:00,0.5112058874633577,0.5112058874633577,0.5055572036239836,0.5083815455436707,256800,0.0,0.0
1980-11-24 00:00:00-05:00,0.5083814363801077,0.5112057776933305,0.5027327537536621,0.5027327537536621,186000,0.0,0.0
1980-11-25 00:00:00-05:00,0.5027325789807207,0.5112055999747778,0.4999082386493683,0.4999082386493683,677600,0.0,0.0
1980-11-26 00:00:00-05:00,0.4999082386493683,0.5027325789807207,0.4999082386493683,0.4999082386493683,93600,0.0,0.0
1980-11-28 00:00:00-05:00,0.4999089920046655,0.4999089920046655,0.4970846474170685,0.4970846474170685,118400,0.0,0.0
1980-12-01 00:00:00-05:00,0.49708431543305864,0.49708431543305864,0.48578694462776184,0.48578694462776184,192800,0.0,0.0
1980-12-02 00:00:00-05:00,0.48578694462776184,0.48861128732908604,0.47731391652378924,0.48578694462776184,220400,0.0,0.0
1980-12-03 00:00:00-05:00,0.48578670121341766,0.4886110424995422,0.48296235992729314,0.48861104249954224,110000,0.0,0.0
1980-12-04 00:00:00-05:00,0.4886110424995422,0.4914353837856667,0.48296235992729314,0.48861104249954224,97600,0.0,0.0
1980-12-05 00:00:00-05:00,0.4886110424995422,0.4886110424995422,0.48578670121341766,0.48861104249954224,99600,0.0,0.0
1980-12-08 00:00:00-05:00,0.488611414418583,0.4914357578545286,0.4829627275466919,0.4829627275466919,124400,0.0,0.0
1980-12-09 00:00:00-05:00,0.48296260192643764,0.48861128732908604,0.48296260192643764,0.48578694462776184,116800,0.0,0.0
1980-12-10 00:00:00-05:00,0.48578684357391005,0.49425986991531545,0.4829625014601083,0.49143552780151367,187600,0.0,0.0
1980-12-11 00:00:00-05:00,0.4914353837856667,0.4942597250717912,0.4886110424995422,0.48861104249954224,131600,0.0,0.0
1980-12-12 00:00:00-05:00,0.4886111856877119,0.49425986991531545,0.4829625014601083,0.49143552780151367,153200,0.0,0.0
1980-12-15 00:00:00-05:00,0.4914349886349269,0.4942593276500702,0.4886106496197837,0.4942593276500702,168000,0.0,0.0
1980-12-16 00:00:00-05:00,0.49708385362150914,0.5112055540084839,0.49708385362150914,0.5112055540084839,290800,0.0,0.0
1980-12-17 00:00:00-05:00,0.5140301280833305,0.5309761762619019,0.5140301280833305,0.5309761762619019,1199600,0.0,0.0
1980-12-18 00:00:00-05:00,0.5309762978794599,0.5676927440094225,0.5281519558694627,0.5592197179794312,1242400,0.0,0.0
1980-12-19 00:00:00-05:00,0.5620442032814026,0.5676928887415171,0.5620442032814026,0.5620442032814026,564400,0.0,0.0
1980-12-22 00:00:00-05:00,0.5648680329322815,0.5705167132616044,0.5648680329322815,0.5648680329322815,293200,0.0,0.0
1980-12-23 00:00:00-05:00,0.5676925778388977,0.5761656013887321,0.5676925778388977,0.5676925778388977,522800,0.0,0.0
1980-12-24 00:00:00-05:00,0.5676925091320658,0.5733411908149719,0.5648681682906127,0.5733411908149719,130800,0.0,0.0
1980-12-26 00:00:00-05:00,0.573341165438737,0.573341165438737,0.57051682472229,0.57051682472229,173200,0.0,0.0
1980-12-29 00:00:00-05:00,0.5705169190221758,0.5761656013887321,0.5676925778388977,0.5676925778388977,369200,0.0,0.0
1980-12-30 00:00:00-05:00,0.567692373096943,0.5733410534262657,0.5648680329322815,0.5648680329322815,474000,0.0,0.0
1980-12-31 00:00:00-05:00,0.5648685460114599,0.5648685460114599,0.5620442032814026,0.5620442032814026,148400,0.0,0.0
1981-01-02 00:00:00-05:00,0.5620436927676201,0.567692373096943,0.5620436927676201,0.5648680329322815,85600,0.0,0.0
1981-01-05 00:00:00-05:00,0.5676925248891405,0.5818142294883728,0.5676925248891405,0.5818142294883728,361200,0.0,0.0
1981-01-06 00:00:00-05:00,0.5818141442973439,0.5818141442973439,0.5789898037910461,0.5789898037910461,546800,0.0,0.0
1981-01-07 00:00:00-05:00,0.5761652588844299,0.5761652588844299,0.5733409193800945,0.5761652588844299,617600,0.0,0.0
1981-01-08 00:00:00-05:00,0.5761659169316891,0.5761659169316891,0.5620442032814026,0.5620442032814026,766800,0.0,0.0
1981-01-09 00:00:00-05:00,0.5620439754524812,0.5648683170376695,0.5535709506969161,0.5563952922821045,137600,0.0,0.0
1981-01-12 00:00:00-05:00,0.5563952922821045,0.5620439754524812,0.5563952922821045,0.5563952922821045,212800,0.0,0.0
1981-01-13 00:00:00-05:00,0.5535707300808763,0.5535707300808763,0.5450977087020874,0.5450977087020874,143200,0.0,0.0
1981-01-14 00:00:00-05:00,0.5479220151901245,0.5507463554746097,0.5479220151901245,0.5479220151901245,49200,0.0,0.0
1981-01-15 00:00:00-05:00,0.5479219222680116,0.5507462620735168,0.5479219222680116,0.5507462620735168,41600,0.0,0.0
1981-01-16 00:00:00-05:00,0.5507463554746097,0.5507463554746097,0.5479220151901245,0.5479220151901245,64800,0.0,0.0
1981-01-19 00:00:00-05:00,0.5479222675265394,0.5592196338672928,0.5479222675265394,0.5563952922821045,280800,0.0,0.0
1981-01-20 00:00:00-05:00,0.5563952922821045,0.5592196338672928,0.5535709506969161,0.5563952922821045,116000,0.0,0.0
1981-01-21 00:00:00-05:00,0.5563949416845273,0.5563949416845273,0.5507462620735168,0.5507462620735168,70400,0.0,0.0
1981-01-22 00:00:00-05:00,0.5507463554746097,0.5535706957590949,0.5479220151901245,0.5479220151901245,204000,0.0,0.0
1981-01-23 00:00:00-05:00,0.5479220491616837,0.5507463896212801,0.5450977087020874,0.5450977087020874,75600,0.0,0.0
1981-01-26 00:00:00-05:00,0.5450977087020874,0.5507463896212801,0.5450977087020874,0.5450977087020874,63600,0.0,0.0
1981-01-27 00:00:00-05:00,0.5450979605013011,0.5592196693225783,0.5450979605013011,0.5535709857940674,133600,0.0,0.0
1981-01-28 00:00:00-05:00,0.5535710339594369,0.5648684019994253,0.5535710339594369,0.5592197179794312,147600,0.0,0.0
1981-01-29 00:00:00-05:00,0.5592196338672928,0.5648683170376695,0.5563952922821045,0.5563952922821045,492400,0.0,0.0
1981-01-30 00:00:00-05:00,0.5563953275583229,0.5592196693225783,0.550746644029812,0.5535709857940674,126000,0.0,0.0
1981-02-02 00:00:00-05:00,0.5507467268034816,0.5507467268034816,0.5366250158598026,0.5422737002372742,722400,0.0,0.0
1981-02-03 00:00:00-05:00,0.5422733682424912,0.5450977087020874,0.5366246873232985,0.5450977087020874,1049600,0.0,0.0
1981-02-04 00:00:00-05:00,0.54509804242601,0.54509804242601,0.5394493580485384,0.5422737002372742,123600,0.0,0.0
1981-02-05 00:00:00-05:00,0.5322542575097854,0.5322542575097854,0.5265616986059374,0.5294079780578613,360800,0.04625,0.0
1981-02-06 00:00:00-05:00,0.5294079780578613,0.5322542575097854,0.5294079780578613,0.5294079780578613,125600,0.0,0.0
1981-02-09 00:00:00-05:00,0.5294079567935015,0.532254236131101,0.5265616774559021,0.5265616774559021,104400,0.0,0.0
1981-02-10 00:00:00-05:00,0.5265619155469832,0.5265619155469832,0.5180230736732483,0.5180230736732483,304400,0.0,0.0
1981-02-11 00:00:00-05:00,0.5180229337175907,0.5180229337175907,0.5151766538619995,0.5151766538619995,189600,0.0,0.0
1981-02-12 00:00:00-05:00,0.5151766538619995,0.5180229337175907,0.5151766538619995,0.5151766538619995,48800,0.0,0.0
1981-02-13 00:00:00-05:00,0.5151767930486699,0.5180230736732483,0.5151767930486699,0.5180230736732483,132000,0.0,0.0
1981-02-17 00:00:00-05:00,0.5180229337175907,0.5180229337175907,0.5151766538619995,0.5151766538619995,66800,0.0,0.0
1981-02-18 00:00:00-05:00,0.5151766538619995,0.5180229337175907,0.5151766538619995,0.5151766538619995,154800,0.0,0.0
1981-02-19 00:00:00-05:00,0.5151766538619995,0.5208692135731818,0.5151766538619995,0.5151766538619995,188800,0.0,0.0
1981-02-20 00:00:00-05:00,0.5151769896674026,0.5208695530891418,0.5151769896674026,0.5208695530891418,71200,0.0,0.0
1981-02-23 00:00:00-05:00,0.5208691187807032,0.5294079567935015,0.5180228394431037,0.5265616774559021,1655600,0.0,0.0
1981-02-24 00:00:00-05:00,0.5265620921520476,0.5379472184688487,0.5265620921520476,0.5351009368896484,144000,0.0,0.0
1981-02-25 00:00:00-05:00,0.5351009368896484,0.5379472184688487,0.5237158105728474,0.5351009368896484,179200,0.0,0.0
1981-02-26 00:00:00-05:00,0.5351003185313016,0.5351003185313016,0.5265614836611212,0.5322540402412415,309200,0.0,0.0
1981-02-27 00:00:00-05:00,0.5322542575097854,0.5322542575097854,0.5294079780578613,0.5294079780578613,89600,0.0,0.0
1981-03-02 00:00:00-05:00,0.5294077619511813,0.5322540402412415,0.5294077619511813,0.5322540402412415,104400,0.0,0.0
1981-03-03 00:00:00-05:00,0.5322542575097854,0.5322542575097854,0.5237154191540134,0.5294079780578613,174800,0.0,0.0
1981-03-04 00:00:00-05:00,0.5294083737312479,0.5351009368896484,0.5294083737312479,0.5351009368896484,128000,0.0,0.0
1981-03-05 00:00:00-05:00,0.5351009558117579,0.5379472374916077,0.5322546741319081,0.5379472374916077,223600,0.0,0.0
1981-03-06 00:00:00-05:00,0.5379469598594464,0.540793240070343,0.5351006796485499,0.540793240070343,99600,0.0,0.0
1981-03-09 00:00:00-05:00,0.5407932615771736,0.5521783828735352,0.5407932615771736,0.5521783828735352,159600,0.0,0.0
1981-03-10 00:00:00-05:00,0.5521786590011752,0.5635637859908902,0.5521786590011752,0.5578712224960327,170000,0.0,0.0
1981-03-11 00:00:00-05:00,0.5578711607947422,0.5692562865252471,0.5578711607947422,0.5664100050926208,372800,0.0,0.0
1981-03-12 00:00:00-05:00,0.5664100195597677,0.5863339900970459,0.5664100195597677,0.5863339900970459,1771600,0.0,0.0
1981-03-13 00:00:00-05:00,0.5863341459861168,0.5948729927723224,0.5863341459861168,0.5920267105102539,2478400,0.0,0.0
1981-03-16 00:00:00-05:00,0.5920268361161395,0.5920268361161395,0.5777954217864246,0.5834879875183105,432400,0.0,0.0
1981-03-17 00:00:00-05:00,0.5834877085917204,0.5920265531076968,0.5834877085917204,0.5863339900970459,539600,0.0,0.0
1981-03-18 00:00:00-05:00,0.5863340091014254,0.5891802906990051,0.5806414459062659,0.5891802906990051,734800,0.0,0.0
1981-03-19 00:00:00-05:00,0.5891801506843207,0.6147966789749433,0.5891801506843207,0.6034115552902222,2013200,0.0,0.0
1981-03-20 00:00:00-05:00,0.603411594283915,0.6119504375992534,0.603411594283915,0.6091041564941406,1910800,0.0,0.0
1981-03-23 00:00:00-05:00,0.6091044598846074,0.6091044598846074,0.6005656123161316,0.6005656123161316,896800,0.0,0.0
1981-03-24 00:00:00-05:00,0.6005652947085244,0.6034115757261004,0.5948727326733725,0.5977190136909485,918000,0.0,0.0
1981-03-25 00:00:00-05:00,0.5977187018061794,0.6147963790006415,0.5920261427413586,0.6119500994682312,789600,0.0,0.0
1981-03-26 00:00:00-05:00,0.6119501797689332,0.6176427395807372,0.6091038998630313,0.6147964596748352,1137600,0.0,0.0
1981-03-27 00:00:00-05:00,0.6119507424074326,0.6119507424074326,0.6005656123161316,0.6005656123161316,167200,0.0,0.0
1981-03-30 00:00:00-05:00,0.6005656123161316,0.6034118948389569,0.5977193297933063,0.6005656123161316,156800,0.0,0.0
1981-03-31 00:00:00-05:00,0.6062578753890278,0.6119504375992534,0.6062578753890278,0.6091041564941406,140000,0.0,0.0
1981-04-01 00:00:00-05:00,0.6091038234736941,0.6233352212184066,0.5920261461800391,0.6204889416694641,1023600,0.0,0.0
1981-04-02 00:00:00-05:00,0.6233357971364801,0.629028361493891,0.6233357971364801,0.6261820793151855,1218400,0.0,0.0
1981-04-03 00:00:00-05:00,0.6261820793151855,0.629028361493891,0.6204895149577748,0.6261820793151855,532000,0.0,0.0
1981-04-06 00:00:00-05:00,0.6261817614237467,0.6261817614237467,0.6204891999562581,0.6233354806900024,331600,0.0,0.0
1981-04-07 00:00:00-05:00,0.6233354806900024,0.6261817614237467,0.6204891999562581,0.6233354806900024,764800,0.0,0.0
1981-04-08 00:00:00-05:00,0.6233352212184066,0.6233352212184066,0.6204889416694641,0.6204889416694641,117600,0.0,0.0
1981-04-09 00:00:00-05:00,0.6233354806900024,0.6318743228912354,0.6233354806900024,0.6318743228912354,352400,0.0,0.0
1981-04-10 00:00:00-05:00,0.631874059865234,0.631874059865234,0.6204889416694641,0.6204889416694641,238400,0.0,0.0
1981-04-13 00:00:00-05:00,0.6204889416694641,0.626181500767349,0.6204889416694641,0.6204889416694641,132000,0.0,0.0
1981-04-14 00:00:00-05:00,0.6204889416694641,0.6233352212184066,0.6204889416694641,0.6204889416694641,162400,0.0,0.0
1981-04-15 00:00:00-05:00,0.6204893154568143,0.6432595655653212,0.6204893154568143,0.6404132843017578,1026400,0.0,0.0
1981-04-16 00:00:00-05:00,0.6404132843017578,0.6432595655653212,0.6375670030381945,0.6404132843017578,367200,0.0,0.0
1981-04-20 00:00:00-05:00,0.6404128121702294,0.6546442079962346,0.6404128121702294,0.6489516496658325,1319200,0.0,0.0
1981-04-21 00:00:00-05:00,0.6489519672056215,0.6489519672056215,0.6404131255318634,0.6432594060897827,186800,0.0,0.0
1981-04-22 00:00:00-05:00,0.6432591852332865,0.6432591852332865,0.6375666260719299,0.6375666260719299,869200,0.0,0.0
1981-04-23 00:00:00-05:00,0.6375671438037548,0.6404134256957358,0.6318745800197927,0.6347208619117737,182000,0.0,0.0
1981-04-24 00:00:00-05:00,0.6347206036249796,0.6375668843587239,0.6318743228912354,0.6318743228912354,106000,0.0,0.0
1981-04-27 00:00:00-04:00,0.637566844973944,0.6461056866477021,0.637566844973944,0.6432594060897827,290400,0.0,0.0
1981-04-28 00:00:00-04:00,0.6432595655653212,0.6461058468288846,0.6404132843017578,0.6404132843017578,1104400,0.0,0.0
1981-04-29 00:00:00-04:00,0.6404131255318634,0.6432594060897827,0.637566844973944,0.6432594060897827,277200,0.0,0.0
1981-04-30 00:00:00-04:00,0.6432593667034536,0.6461056470870972,0.64041308631981,0.6461056470870972,247600,0.0,0.0
1981-05-01 00:00:00-04:00,0.6404134256957358,0.6404134256957358,0.6318745800197927,0.6347208619117737,190800,0.0,0.0
1981-05-04 00:00:00-04:00,0.6318743228912354,0.6318743228912354,0.6233354806900024,0.6233354806900024,667600,0.0,0.0
1981-05-05 00:00:00-04:00,0.6204890402780701,0.6204890402780701,0.6147964802755189,0.6176427602767944,418400,0.0,0.0
1981-05-06 00:00:00-04:00,0.6176429192225138,0.6233354806900024,0.6176429192225138,0.6233354806900024,704000,0.0,0.0
1981-05-07 00:00:00-04:00,0.626026914929444,0.626026914929444,0.6143254772672113,0.6201761960983276,931200,0.185,0.0
1981-05-08 00:00:00-04:00,0.6231016282723328,0.628952347786627,0.6231016282723328,0.62602698802948,192000,0.0,0.0
1981-05-11 00:00:00-04:00,0.6318775333770335,0.6406536102294922,0.6318775333770335,0.6406536102294922,359600,0.0,0.0
1981-05-12 00:00:00-04:00,0.6435788732714357,0.6640563828755268,0.6435788732714357,0.6611310243606567,547600,0.0,0.0
1981-05-13 00:00:00-04:00,0.6640561819076538,0.6757576124258504,0.6640561819076538,0.6640561819076538,1028000,0.0,0.0
1981-05-14 00:00:00-04:00,0.6669818162918091,0.6757578928219645,0.6669818162918091,0.6669818162918091,494000,0.0,0.0
1981-05-15 00:00:00-04:00,0.666981741390397,0.6699070999052672,0.6552803073309164,0.6611310243606567,706400,0.0,0.0
1981-05-18 00:00:00-04:00,0.6611311752516944,0.6640565344342241,0.6465043793390464,0.6494297385215759,240400,0.0,0.0
1981-05-19 00:00:00-04:00,0.6494299048727209,0.6494299048727209,0.6406538250771436,0.6435791850090027,217600,0.0,0.0
1981-05-20 00:00:00-04:00,0.6435788115230175,0.6435788115230175,0.6377280950546265,0.6377280950546265,186400,0.0,0.0
1981-05-21 00:00:00-04:00,0.6377281769080096,0.6406535355176795,0.63187745968867,0.6348028182983398,278800,0.0,0.0
1981-05-22 00:00:00-04:00,0.6377282512786726,0.6435789691803118,0.6377282512786726,0.6406536102294922,346400,0.0,0.0
1981-05-26 00:00:00-04:00,0.6406535654585825,0.646504282951355,0.6377282067121963,0.646504282951355,142800,0.0,0.0
1981-05-27 00:00:00-04:00,0.6465045449408617,0.6465045449408617,0.6406538250771436,0.6435791850090027,159200,0.0,0.0
1981-05-28 00:00:00-04:00,0.6435791850090027,0.6465045449408617,0.6406538250771436,0.6435791850090027,248400,0.0,0.0
1981-05-29 00:00:00-04:00,0.6465043120914036,0.6582057476043701,0.6465043120914036,0.6582057476043701,358400,0.0,0.0
1981-06-01 00:00:00-04:00,0.6611308242781047,0.6699068971667521,0.6611308242781047,0.6640561819076538,205600,0.0,0.0
1981-06-02 00:00:00-04:00,0.6611311064826118,0.6611311064826118,0.6523550298478868,0.6582057476043701,518400,0.0,0.0
1981-06-03 00:00:00-04:00,0.6552801728248596,0.6552801728248596,0.6494294569960662,0.6552801728248596,68400,0.0,0.0
1981-06-04 00:00:00-04:00,0.6552801728248596,0.6552801728248596,0.6494294569960662,0.6552801728248596,264000,0.0,0.0
1981-06-05 00:00:00-04:00,0.6523553729057312,0.6523553729057312,0.6465046520724959,0.6523553729057312,300400,0.0,0.0
1981-06-08 00:00:00-04:00,0.6523550298478868,0.6640564653608534,0.6523550298478868,0.6582057476043701,619600,0.0,0.0
1981-06-09 00:00:00-04:00,0.6611308242781047,0.6699068971667521,0.6611308242781047,0.6640561819076538,383200,0.0,0.0
1981-06-10 00:00:00-04:00,0.6640561189340509,0.6757575483425804,0.6582054042297861,0.672832190990448,362400,0.0,0.0
1981-06-11 00:00:00-04:00,0.6816088342766382,0.6991609930992126,0.6816088342766382,0.6991609930992126,432400,0.0,0.0
1981-06-12 00:00:00-04:00,0.6991609930992126,0.702086352902975,0.6933102734916878,0.6991609930992126,1273200,0.0,0.0
1981-06-15 00:00:00-04:00,0.7020861203553247,0.7137875556945801,0.7020861203553247,0.7137875556945801,836000,0.0,0.0
1981-06-16 00:00:00-04:00,0.7137875258922577,0.7137875258922577,0.7020860910415649,0.7020860910415649,244400,0.0,0.0
1981-06-17 00:00:00-04:00,0.7020860910415649,0.7050114497542381,0.6962353736162186,0.7020860910415649,443200,0.0,0.0
1981-06-18 00:00:00-04:00,0.6962353660705242,0.6962353660705242,0.6845339313466499,0.6874592900276184,127600,0.0,0.0
1981-06-19 00:00:00-04:00,0.6845338344573975,0.6845338344573975,0.6728324013897496,0.6845338344573975,213600,0.0,0.0
1981-06-22 00:00:00-04:00,0.6845338344573975,0.6933099092581334,0.6816084761904855,0.6845338344573975,230000,0.0,0.0
1981-06-23 00:00:00-04:00,0.6845338344573975,0.6874591927243094,0.6786831179235736,0.6845338344573975,137200,0.0,0.0
1981-06-24 00:00:00-04:00,0.6845339313466499,0.6874592900276184,0.6816085726656813,0.6874592900276184,124800,0.0,0.0
1981-06-25 00:00:00-04:00,0.6845336203989776,0.6845336203989776,0.672832190990448,0.672832190990448,148000,0.0,0.0
1981-06-26 00:00:00-04:00,0.672832571262876,0.6786832892738576,0.6699072122573853,0.6699072122573853,88800,0.0,0.0
1981-06-29 00:00:00-04:00,0.6699071751351943,0.6786832516653496,0.664056457448424,0.6669818162918091,86400,0.0,0.0
1981-06-30 00:00:00-04:00,0.6669814762861832,0.672832190990448,0.6640561189340509,0.672832190990448,211200,0.0,0.0
1981-07-01 00:00:00-04:00,0.672832571262876,0.6757579302683667,0.6669818532518944,0.6699072122573853,105200,0.0,0.0
1981-07-02 00:00:00-04:00,0.6699072122573853,0.6786832892738576,0.6699072122573853,0.6699072122573853,174400,0.0,0.0
1981-07-06 00:00:00-04:00,0.6699068336383156,0.672832190990448,0.6640561189340509,0.672832190990448,216000,0.0,0.0
1981-07-07 00:00:00-04:00,0.672832571262876,0.672832571262876,0.6699072122573853,0.6699072122573853,160000,0.0,0.0
1981-07-08 00:00:00-04:00,0.6699072264489674,0.6757579445838928,0.6699072264489674,0.6757579445838928,252400,0.0,0.0
1981-07-09 00:00:00-04:00,0.6757581000184191,0.681608819499098,0.6757581000184191,0.6786834597587585,170000,0.0,0.0
1981-07-10 00:00:00-04:00,0.6786834597587585,0.6845341792394375,0.6757581000184191,0.6786834597587585,362000,0.0,0.0
1981-07-13 00:00:00-04:00,0.6786834597587585,0.681608819499098,0.6786834597587585,0.6786834597587585,956800,0.0,0.0
1981-07-14 00:00:00-04:00,0.6786834597587585,0.681608819499098,0.6786834597587585,0.6786834597587585,149200,0.0,0.0
1981-07-15 00:00:00-04:00,0.6786831179235736,0.6903845509912214,0.6786831179235736,0.6845338344573975,146000,0.0,0.0
1981-07-16 00:00:00-04:00,0.6845338344573975,0.6874591927243094,0.6786831179235736,0.6845338344573975,83600,0.0,0.0
1981-07-17 00:00:00-04:00,0.6845339683152861,0.6903846859931946,0.6816086094763318,0.6903846859931946,165200,0.0,0.0
1981-07-20 00:00:00-04:00,0.6874593808537438,0.6874593808537438,0.6757579445838928,0.6757579445838928,148800,0.0,0.0
1981-07-21 00:00:00-04:00,0.6728325339785793,0.6728325339785793,0.6582057397616538,0.6669818162918091,210400,0.0,0.0
1981-07-22 00:00:00-04:00,0.6669818162918091,0.6728325339785793,0.664056457448424,0.6669818162918091,116800,0.0,0.0
1981-07-23 00:00:00-04:00,0.666981539537203,0.666981539537203,0.6611308242781047,0.6640561819076538,335200,0.0,0.0
1981-07-24 00:00:00-04:00,0.6640561189340509,0.672832190990448,0.6640561189340509,0.672832190990448,180000,0.0,0.0
1981-07-27 00:00:00-04:00,0.6728327402780796,0.6786834597587585,0.6699073805377401,0.6786834597587585,553200,0.0,0.0
1981-07-28 00:00:00-04:00,0.6786834597587585,0.687459538979777,0.6786834597587585,0.6786834597587585,178800,0.0,0.0
1981-07-29 00:00:00-04:00,0.6786832506373777,0.6991607625100572,0.6786832506373777,0.6903846859931946,570800,0.0,0.0
1981-07-30 00:00:00-04:00,0.6903846859931946,0.6933100448321488,0.6874593271542403,0.6903846859931946,120400,0.0,0.0
1981-07-31 00:00:00-04:00,0.6903846859931946,0.6933100448321488,0.6786832506373777,0.6903846859931946,185600,0.0,0.0
1981-08-03 00:00:00-04:00,0.6903847596224616,0.6991608370752895,0.687459400471519,0.6962354779243469,382400,0.0,0.0
1981-08-04 00:00:00-04:00,0.6933102607727051,0.6933102607727051,0.6874595412725135,0.6933102607727051,68000,0.0,0.0
1981-08-05 00:00:00-04:00,0.6933102046162628,0.7108623616951556,0.6757580475373701,0.7079370021820068,1333600,0.0,0.0
1981-08-06 00:00:00-04:00,0.7196918255140802,0.7196918255140802,0.7076969617555122,0.7136943936347961,1401600,0.185,0.0
1981-08-07 00:00:00-04:00,0.7136945937542206,0.7136945937542206,0.7016997266323008,0.7046984434127808,440800,0.0,0.0
1981-08-10 00:00:00-04:00,0.7046981989327123,0.7106956304129908,0.6987007674524339,0.7076969146728516,444800,0.0,0.0
1981-08-11 00:00:00-04:00,0.7166933938860893,0.7256895452737808,0.7166933938860893,0.7196921110153198,483200,0.0,0.0
1981-08-12 00:00:00-04:00,0.7196921110153198,0.7286882624030113,0.7196921110153198,0.7196921110153198,347200,0.0,0.0
1981-08-13 00:00:00-04:00,0.7196921110153198,0.7226908281445503,0.7166933938860893,0.7196921110153198,355600,0.0,0.0
1981-08-14 00:00:00-04:00,0.7196921629529771,0.7256895976442519,0.7196921629529771,0.7226908802986145,290800,0.0,0.0
1981-08-17 00:00:00-04:00,0.7226908281445503,0.7226908281445503,0.7196921110153198,0.7196921110153198,182800,0.0,0.0
1981-08-18 00:00:00-04:00,0.7196921184970744,0.7226908356574789,0.7166934013366699,0.7166934013366699,195200,0.0,0.0
1981-08-19 00:00:00-04:00,0.7166931095744382,0.7166931095744382,0.7106956776951542,0.7136943936347961,713200,0.0,0.0
1981-08-20 00:00:00-04:00,0.7136943936347961,0.7166931095744382,0.7106956776951542,0.7136943936347961,209200,0.0,0.0
1981-08-21 00:00:00-04:00,0.7136943936347961,0.7166931095744382,0.7136943936347961,0.7136943936347961,177600,0.0,0.0
1981-08-24 00:00:00-04:00,0.7136941317355994,0.7136941317355994,0.6807082685041221,0.692703127861023,374800,0.0,0.0
1981-08-25 00:00:00-04:00,0.6867057137322007,0.6867057137322007,0.6807082839179457,0.6837069988250732,415600,0.0,0.0
1981-08-26 00:00:00-04:00,0.6837073883105969,0.6987009713875837,0.6837073883105969,0.6957022547721863,1642000,0.0,0.0
1981-08-27 00:00:00-04:00,0.6957018427002482,0.6987005575394734,0.692703127861023,0.692703127861023,222800,0.0,0.0
1981-08-28 00:00:00-04:00,0.6927035762908611,0.7046984434127808,0.6927035762908611,0.7046984434127808,277600,0.0,0.0
1981-08-31 00:00:00-04:00,0.7046984434127808,0.7106958769737406,0.7016997266323008,0.7046984434127808,277600,0.0,0.0
1981-09-01 00:00:00-04:00,0.7046984046183784,0.7076971212337757,0.6957022547721863,0.6957022547721863,3497600,0.0,0.0
1981-09-02 00:00:00-04:00,0.6957021550840685,0.6957021550840685,0.686706006526947,0.686706006526947,336400,0.0,0.0
1981-09-03 00:00:00-04:00,0.6867060936821832,0.6867060936821832,0.6717125108506944,0.6747112274169922,366000,0.0,0.0
1981-09-04 00:00:00-04:00,0.6687136121370174,0.6687136121370174,0.6387264546420839,0.647722601890564,510400,0.0,0.0
1981-09-08 00:00:00-04:00,0.6477225051735932,0.6507212204753228,0.6357276439666748,0.6357276439666748,301200,0.0,0.0
1981-09-09 00:00:00-04:00,0.6357277388925906,0.6507213176400574,0.6357277388925906,0.647722601890564,358800,0.0,0.0
1981-09-10 00:00:00-04:00,0.6477227145076347,0.6537201470493721,0.6447239982367661,0.6507214307785034,326000,0.0,0.0
1981-09-11 00:00:00-04:00,0.6537201021398817,0.6747111145939146,0.6537201021398817,0.6717123985290527,526000,0.0,0.0
1981-09-14 00:00:00-04:00,0.6717125108506944,0.6777099439832899,0.6717125108506944,0.6747112274169922,214400,0.0,0.0
1981-09-15 00:00:00-04:00,0.6747109238552836,0.6807083542895529,0.6747109238552836,0.6777096390724182,367200,0.0,0.0
1981-09-16 00:00:00-04:00,0.6777099439832899,0.6807086605495877,0.6717125108506944,0.6747112274169922,335600,0.0,0.0
1981-09-17 00:00:00-04:00,0.6747111275389388,0.677709843661334,0.6627162630493576,0.6657149791717529,138800,0.0,0.0
1981-09-18 00:00:00-04:00,0.6657148718833923,0.6657148718833923,0.6597174406051636,0.6597174406051636,78400,0.0,0.0
1981-09-21 00:00:00-04:00,0.6597175342696054,0.6717123985290527,0.6567188182047435,0.6717123985290527,644800,0.0,0.0
1981-09-22 00:00:00-04:00,0.6777098579698254,0.6927034388983614,0.6777098579698254,0.686706006526947,336400,0.0,0.0
1981-09-23 00:00:00-04:00,0.6837072627885001,0.6837072627885001,0.6717123985290527,0.6717123985290527,108400,0.0,0.0
1981-09-24 00:00:00-04:00,0.6717125108506944,0.6747112274169922,0.6687137942843967,0.6747112274169922,334000,0.0,0.0
1981-09-25 00:00:00-04:00,0.6717124114165435,0.6717124114165435,0.6597175469269624,0.6657149791717529,390000,0.0,0.0
1981-09-28 00:00:00-04:00,0.6657147782038799,0.6777096390724182,0.6567186325524761,0.6777096390724182,726800,0.0,0.0
1981-09-29 00:00:00-04:00,0.6777098579698254,0.6897047227126542,0.6777098579698254,0.686706006526947,346000,0.0,0.0
1981-09-30 00:00:00-04:00,0.6867061049259943,0.6957022547721863,0.6837073883105969,0.6957022547721863,245200,0.0,0.0
1981-10-01 00:00:00-04:00,0.6957019455412514,0.707696806671273,0.692703230258746,0.7016993761062622,724400,0.0,0.0
1981-10-02 00:00:00-04:00,0.7016995298762282,0.7196918255140802,0.7016995298762282,0.7136943936347961,1037600,0.0,0.0
1981-10-05 00:00:00-04:00,0.7166933938860893,0.7226908281445503,0.7166933938860893,0.7196921110153198,523200,0.0,0.0
1981-10-06 00:00:00-04:00,0.7196921184970744,0.7226908356574789,0.7166934013366699,0.7166934013366699,385600,0.0,0.0
1981-10-07 00:00:00-04:00,0.7166931960317824,0.7316867775387234,0.7166931960317824,0.7286880612373352,865200,0.0,0.0
1981-10-08 00:00:00-04:00,0.7286878649781391,0.7376840114593506,0.7226904339906647,0.7376840114593506,799200,0.0,0.0
1981-10-09 00:00:00-04:00,0.7376842635576842,0.7376842635576842,0.7316868305206299,0.7316868305206299,338000,0.0,0.0
1981-10-12 00:00:00-04:00,0.7316868305206299,0.734685547039157,0.7316868305206299,0.7316868305206299,124000,0.0,0.0
1981-10-13 00:00:00-04:00,0.7316868305206299,0.734685547039157,0.7256893974835755,0.7316868305206299,595600,0.0,0.0
1981-10-14 00:00:00-04:00,0.7316867775387234,0.7346854938401116,0.7286880612373352,0.7286880612373352,415600,0.0,0.0
1981-10-15 00:00:00-04:00,0.7286881140021026,0.734685547039157,0.7256893974835755,0.7316868305206299,554800,0.0,0.0
1981-10-16 00:00:00-04:00,0.7316867775387234,0.7316867775387234,0.7286880612373352,0.7286880612373352,120000,0.0,0.0
1981-10-19 00:00:00-04:00,0.7286883149898893,0.7286883149898893,0.7226908802986145,0.7226908802986145,199600,0.0,0.0
1981-10-20 00:00:00-04:00,0.7256893907274519,0.737684256689889,0.7256893907274519,0.7346855401992798,322400,0.0,0.0
1981-10-21 00:00:00-04:00,0.7346854938401116,0.7376842101414998,0.7286880612373352,0.7286880612373352,240000,0.0,0.0
1981-10-22 00:00:00-04:00,0.7286881140021026,0.7316868305206299,0.7286881140021026,0.7316868305206299,182400,0.0,0.0
1981-10-23 00:00:00-04:00,0.7316868237086704,0.737684256689889,0.7316868237086704,0.7346855401992798,762400,0.0,0.0
1981-10-26 00:00:00-05:00,0.7346855401992798,0.737684256689889,0.7316868237086704,0.7346855401992798,264800,0.0,0.0
1981-10-27 00:00:00-05:00,0.7376837539672851,0.7526773262023926,0.7376837539672851,0.7496786117553711,658400,0.0,0.0
1981-10-28 00:00:00-05:00,0.7526782250126047,0.7736692512081754,0.7526782250126047,0.7706705331802368,1352400,0.0,0.0
1981-10-29 00:00:00-05:00,0.7706694644875824,0.7706694644875824,0.7646720367483795,0.767670750617981,266000,0.0,0.0
1981-10-30 00:00:00-05:00,0.7676709788714269,0.7766671231550765,0.7676709788714269,0.7736684083938599,208400,0.0,0.0
1981-11-02 00:00:00-05:00,0.7766673505306244,0.7886622130870818,0.7766673505306244,0.7796660661697388,304400,0.0,0.0
1981-11-03 00:00:00-05:00,0.7796660661697388,0.7826647818088531,0.7766673505306244,0.7796660661697388,693200,0.0,0.0
1981-11-04 00:00:00-05:00,0.788626451510936,0.788626451510936,0.7794206952676177,0.7855578660964966,330000,0.185,0.0
1981-11-05 00:00:00-05:00,0.7855578660964966,0.788626451510936,0.7855578660964966,0.7855578660964966,302400,0.0,0.0
1981-11-06 00:00:00-05:00,0.7855579658241123,0.7916951374321132,0.7855579658241123,0.7886265516281128,504400,0.0,0.0
1981-11-09 00:00:00-05:00,0.7916945626861172,0.8193118148728421,0.7916945626861172,0.8162432312965393,894800,0.0,0.0
1981-11-10 00:00:00-05:00,0.8162432312965393,0.8254489820254477,0.8162432312965393,0.8162432312965393,682000,0.0,0.0
1981-11-11 00:00:00-05:00,0.8131754409720879,0.8131754409720879,0.80396968126297,0.80396968126297,184800,0.0,0.0
1981-11-12 00:00:00-05:00,0.8039693616903745,0.8101065323903011,0.797832190990448,0.797832190990448,428400,0.0,0.0
1981-11-13 00:00:00-05:00,0.7978322699263289,0.8009008555798918,0.7916950986192034,0.7947636842727661,1199200,0.0,0.0
1981-11-16 00:00:00-05:00,0.7947637232361137,0.797832309040114,0.7886265516281128,0.7886265516281128,456400,0.0,0.0
1981-11-17 00:00:00-05:00,0.7916950986192034,0.7978322699263289,0.7916950986192034,0.7947636842727661,554400,0.0,0.0
1981-11-18 00:00:00-05:00,0.7947636842727661,0.7978322699263289,0.7947636842727661,0.7947636842727661,218400,0.0,0.0
1981-11-19 00:00:00-05:00,0.7947636842727661,0.8009008555798918,0.7947636842727661,0.7947636842727661,928000,0.0,0.0
1981-11-20 00:00:00-05:00,0.7947636842727661,0.7978322699263289,0.7855579273120777,0.7947636842727661,411600,0.0,0.0
1981-11-23 00:00:00-05:00,0.7947636056404848,0.8039693616903745,0.7947636056404848,0.797832190990448,489600,0.0,0.0
1981-11-24 00:00:00-05:00,0.7978322699263289,0.7978322699263289,0.7855579273120777,0.7947636842727661,1532400,0.0,0.0
1981-11-25 00:00:00-05:00,0.797832190990448,0.8009007763404112,0.797832190990448,0.797832190990448,249600,0.0,0.0
1981-11-27 00:00:00-05:00,0.800901094693264,0.80396968126297,0.800901094693264,0.80396968126297,126800,0.0,0.0
1981-11-30 00:00:00-05:00,0.80396968126297,0.807038267832676,0.797832508123558,0.80396968126297,245200,0.0,0.0
1981-12-01 00:00:00-05:00,0.80396968126297,0.810106854402382,0.800901094693264,0.80396968126297,697600,0.0,0.0
1981-12-02 00:00:00-05:00,0.8039694622558652,0.8039694622558652,0.7978322907882631,0.8009008765220642,217200,0.0,0.0
1981-12-03 00:00:00-05:00,0.8009007763404112,0.8009007763404112,0.7947636056404848,0.797832190990448,486800,0.0,0.0
1981-12-04 00:00:00-05:00,0.797832190990448,0.8039693616903745,0.797832190990448,0.797832190990448,344400,0.0,0.0
1981-12-07 00:00:00-05:00,0.797832190990448,0.8009007763404112,0.7947636056404848,0.797832190990448,962400,0.0,0.0
1981-12-08 00:00:00-05:00,0.7978322907882631,0.8009008765220642,0.7978322907882631,0.8009008765220642,309600,0.0,0.0
1981-12-09 00:00:00-05:00,0.800900601388837,0.8070377707481384,0.800900601388837,0.8070377707481384,144000,0.0,0.0
1981-12-10 00:00:00-05:00,0.807038267832676,0.807038267832676,0.800901094693264,0.80396968126297,210400,0.0,0.0
1981-12-11 00:00:00-05:00,0.8039693616903745,0.8070379470403378,0.797832190990448,0.797832190990448,515200,0.0,0.0
1981-12-14 00:00:00-05:00,0.797832190990448,0.8009007763404112,0.797832190990448,0.797832190990448,198400,0.0,0.0
1981-12-15 00:00:00-05:00,0.7978322907882631,0.8039694622558652,0.7947637050544621,0.8009008765220642,309600,0.0,0.0
1981-12-16 00:00:00-05:00,0.800901094693264,0.80396968126297,0.797832508123558,0.80396968126297,194400,0.0,0.0
1981-12-17 00:00:00-05:00,0.8039694622558652,0.8039694622558652,0.8009008765220642,0.8009008765220642,172800,0.0,0.0
1981-12-18 00:00:00-05:00,0.8009010560290758,0.8009010560290758,0.7916952967643738,0.7916952967643738,373200,0.0,0.0
1981-12-21 00:00:00-05:00,0.7916951768538532,0.7916951768538532,0.7824894189834595,0.7824894189834595,106000,0.0,0.0
1981-12-22 00:00:00-05:00,0.7824892806820571,0.788626451510936,0.7824892806820571,0.7855578660964966,241200,0.0,0.0
1981-12-23 00:00:00-05:00,0.7855578660964966,0.7916950369253755,0.7824892806820571,0.7855578660964966,290400,0.0,0.0
1981-12-24 00:00:00-05:00,0.7855579273120777,0.7947636842727661,0.7855579273120777,0.7947636842727661,211200,0.0,0.0
1981-12-28 00:00:00-05:00,0.7947638831859412,0.7947638831859412,0.7916952967643738,0.7916952967643738,150800,0.0,0.0
1981-12-29 00:00:00-05:00,0.7916952967643738,0.7947638831859412,0.7916952967643738,0.7916952967643738,90400,0.0,0.0
1981-12-30 00:00:00-05:00,0.7916952967643738,0.7947638831859412,0.7886267103428065,0.7916952967643738,64400,0.0,0.0
1981-12-31 00:00:00-05:00,0.7916950202905214,0.797832190990448,0.7886264349405582,0.797832190990448,215200,0.0,0.0
1982-01-04 00:00:00-05:00,0.8009008765220642,0.8039694622558652,0.7978322907882631,0.8009008765220642,217200,0.0,0.0
1982-01-05 00:00:00-05:00,0.7947636223398149,0.8009007931686938,0.7855578660964966,0.7855578660964966,216800,0.0,0.0
1982-01-06 00:00:00-05:00,0.7763521459948018,0.785557902666677,0.764077803765635,0.7702149748802185,251600,0.0,0.0
1982-01-07 00:00:00-05:00,0.7640779416561128,0.7702151138782501,0.7579407694339753,0.7671465277671814,242800,0.0,0.0
1982-01-08 00:00:00-05:00,0.779420793056488,0.785557964655358,0.7702150356581831,0.779420793056488,284400,0.0,0.0
1982-01-11 00:00:00-05:00,0.7763521459948018,0.7794207315520936,0.7702149748802185,0.7702149748802185,128800,0.0,0.0
1982-01-12 00:00:00-05:00,0.7702149748802185,0.7732835604375102,0.7671463893229268,0.7702149748802185,209200,0.0,0.0
1982-01-13 00:00:00-05:00,0.7702149748802185,0.7732835604375102,0.7671463893229268,0.7702149748802185,322800,0.0,0.0
1982-01-14 00:00:00-05:00,0.7702149748802185,0.7732835604375102,0.7671463893229268,0.7702149748802185,222800,0.0,0.0
1982-01-15 00:00:00-05:00,0.7732840180397034,0.7763526054128768,0.7702154306665299,0.7732840180397034,139600,0.0,0.0
1982-01-18 00:00:00-05:00,0.7824895374996718,0.7916952967643738,0.7732837782349697,0.7916952967643738,229600,0.0,0.0
1982-01-19 00:00:00-05:00,0.7886265908970553,0.7947637628106511,0.7824894189834595,0.7824894189834595,185200,0.0,0.0
1982-01-20 00:00:00-05:00,0.7855580049402574,0.7886265908970553,0.7824894189834595,0.7824894189834595,97200,0.0,0.0
1982-01-21 00:00:00-05:00,0.7855580049402574,0.7886265908970553,0.7794208330266617,0.7824894189834595,111200,0.0,0.0
1982-01-22 00:00:00-05:00,0.7886267103428065,0.7916952967643738,0.7855581239212391,0.7916952967643738,114400,0.0,0.0
1982-01-25 00:00:00-05:00,0.7886267103428065,0.7916952967643738,0.7824895374996718,0.7916952967643738,242000,0.0,0.0
1982-01-26 00:00:00-05:00,0.7947636056404848,0.8009007763404112,0.7855578495905949,0.797832190990448,534800,0.0,0.0
1982-01-27 00:00:00-05:00,0.816243197046109,0.8315861142838179,0.8009002798084003,0.8223803639411926,748400,0.0,0.0
1982-01-28 00:00:00-05:00,0.8315866398898994,0.8377238106639946,0.8254494691158042,0.834655225276947,464400,0.0,0.0
1982-01-29 00:00:00-05:00,0.8285180734972233,0.8346552444120175,0.822380902582429,0.8315866589546204,272800,0.0,0.0
1982-02-01 00:00:00-05:00,0.8285182315620792,0.8315868176049017,0.8223810594764341,0.8254496455192566,235600,0.0,0.0
1982-02-02 00:00:00-05:00,0.8223803639411926,0.8254489473887343,0.8193117804936508,0.8223803639411926,85600,0.0,0.0
1982-02-03 00:00:00-05:00,0.8162439067408723,0.8193124928564396,0.8131753206253052,0.8131753206253052,121600,0.0,0.0
1982-02-04 00:00:00-05:00,0.8009009761630365,0.8131753206253052,0.7886266317007676,0.8131753206253052,131600,0.0,0.0
1982-02-05 00:00:00-05:00,0.8193117804936508,0.8223803639411926,0.816243197046109,0.8223803639411926,210800,0.0,0.0
1982-02-08 00:00:00-05:00,0.8193117804936508,0.8223803639411926,0.816243197046109,0.8223803639411926,1580400,0.0,0.0
1982-02-09 00:00:00-05:00,0.8120572902981379,0.8152047991752625,0.8089097814210133,0.8152047991752625,1086800,0.21,0.0
1982-02-10 00:00:00-05:00,0.815204406431479,0.815204406431479,0.8120568990707397,0.8120568990707397,136400,0.0,0.0
1982-02-11 00:00:00-05:00,0.8152047991752625,0.818352308052387,0.8120572902981379,0.8152047991752625,83200,0.0,0.0
1982-02-12 00:00:00-05:00,0.8152047991752625,0.8152047991752625,0.8120572902981379,0.8152047991752625,90000,0.0,0.0
1982-02-16 00:00:00-05:00,0.8183522562414294,0.8277947822749843,0.8057622215300227,0.821499764919281,1370400,0.0,0.0
1982-02-17 00:00:00-05:00,0.8246468659136232,0.8309418801572387,0.8183518516700078,0.8277943730354309,539600,0.0,0.0
1982-02-18 00:00:00-05:00,0.8309422135353088,0.8340897219199123,0.824647196766102,0.8309422135353088,165600,0.0,0.0
1982-02-19 00:00:00-05:00,0.8435318697901333,0.8561218976974487,0.8309418418828179,0.8561218976974487,715600,0.0,0.0
1982-02-22 00:00:00-05:00,0.8624171614646912,0.8655646693532485,0.8592696535761339,0.8624171614646912,296000,0.0,0.0
1982-02-23 00:00:00-05:00,0.8624174334786155,0.8655649423599243,0.8561224157159979,0.8655649423599243,284000,0.0,0.0
1982-02-24 00:00:00-05:00,0.8624171614646912,0.8655646693532485,0.8561221456875767,0.8624171614646912,351200,0.0,0.0
1982-02-25 00:00:00-05:00,0.8624171614646912,0.8655646693532485,0.8592696535761339,0.8624171614646912,230400,0.0,0.0
1982-02-26 00:00:00-05:00,0.8655646693532485,0.8655646693532485,0.8624171614646912,0.8624171614646912,218400,0.0,0.0
1982-03-01 00:00:00-05:00,0.8687121024630992,0.8750071176983389,0.8624170872278593,0.871859610080719,209600,0.0,0.0
1982-03-02 00:00:00-05:00,0.8718595609442735,0.8813020832649696,0.8592695311833454,0.8781545758247375,273200,0.0,0.0
1982-03-03 00:00:00-05:00,0.8813026282286729,0.8844501376152039,0.875007609455611,0.8844501376152039,424400,0.0,0.0
1982-03-04 00:00:00-05:00,0.8844495660492353,0.890744580754212,0.8781545513442585,0.8813020586967468,480000,0.0,0.0
1982-03-05 00:00:00-05:00,0.8781545513442585,0.8813020586967468,0.8750070439917701,0.8813020586967468,668400,0.0,0.0
1982-03-08 00:00:00-05:00,0.8813020586967468,0.8844495660492353,0.8781545513442585,0.8813020586967468,494800,0.0,0.0
1982-03-09 00:00:00-05:00,0.8781545758247375,0.8813020832649696,0.8750070683845056,0.8781545758247375,246800,0.0,0.0
1982-03-10 00:00:00-05:00,0.8813026282286729,0.8844501376152039,0.875007609455611,0.8844501376152039,801600,0.0,0.0
1982-03-11 00:00:00-05:00,0.8813020832649696,0.8844495907052017,0.8781545758247375,0.8781545758247375,254800,0.0,0.0
1982-03-12 00:00:00-05:00,0.8781546253159589,0.8813021329335788,0.871859610080719,0.871859610080719,179200,0.0,0.0
1982-03-15 00:00:00-05:00,0.8750070683845056,0.8781545758247375,0.8687120535040415,0.8781545758247375,204800,0.0,0.0
1982-03-16 00:00:00-05:00,0.8781550192146851,0.8813025282441284,0.8718600011557984,0.8750075101852417,344400,0.0,0.0
1982-03-17 00:00:00-05:00,0.871859610080719,0.8750071176983389,0.8687121024630992,0.871859610080719,90400,0.0,0.0
1982-03-18 00:00:00-05:00,0.8718600011557984,0.8750075101852417,0.8687124921263552,0.8750075101852417,172000,0.0,0.0
1982-03-19 00:00:00-05:00,0.8781550192146851,0.8813025282441284,0.8750075101852417,0.8750075101852417,280400,0.0,0.0
1982-03-22 00:00:00-05:00,0.8781545513442585,0.8813020586967468,0.8718595366392817,0.8813020586967468,478000,0.0,0.0
1982-03-23 00:00:00-05:00,0.8781545513442585,0.8813020586967468,0.8750070439917701,0.8813020586967468,160000,0.0,0.0
1982-03-24 00:00:00-05:00,0.8813020832649696,0.8844495907052017,0.8781545758247375,0.8781545758247375,309200,0.0,0.0
1982-03-25 00:00:00-05:00,0.8844501111947053,0.8938926390722288,0.8750075833171818,0.8875976204872131,583600,0.0,0.0
1982-03-26 00:00:00-05:00,0.8907448989404759,0.8938924074172974,0.8875973904636545,0.8938924074172974,162000,0.0,0.0
1982-03-29 00:00:00-05:00,0.8875976470017348,0.8907451563882658,0.8813026282286729,0.8844501376152039,179600,0.0,0.0
1982-03-30 00:00:00-05:00,0.8844501376152039,0.8875976470017348,0.8813026282286729,0.8844501376152039,274800,0.0,0.0
1982-03-31 00:00:00-05:00,0.8844495660492353,0.8844495660492353,0.8813020586967468,0.8813020586967468,190400,0.0,0.0
1982-04-01 00:00:00-05:00,0.8875976204872131,0.890745129779721,0.8813026019021974,0.8875976204872131,234400,0.0,0.0
1982-04-02 00:00:00-05:00,0.8970393661007233,0.903334379196167,0.8907443530052797,0.903334379196167,303200,0.0,0.0
1982-04-05 00:00:00-05:00,0.9096298470265335,0.9127773551477326,0.9033348307841353,0.9064823389053345,372000,0.0,0.0
1982-04-06 00:00:00-05:00,0.9001868726484451,0.9064818857438888,0.8938918595530014,0.903334379196167,690000,0.0,0.0
1982-04-07 00:00:00-05:00,0.9096298470265335,0.9127773551477326,0.9033348307841353,0.9064823389053345,332400,0.0,0.0
1982-04-08 00:00:00-05:00,0.9064823389053345,0.9096298470265335,0.9033348307841353,0.9064823389053345,124000,0.0,0.0
1982-04-12 00:00:00-05:00,0.912777509243843,0.915925017896408,0.906482491938713,0.9096300005912781,497200,0.0,0.0
1982-04-13 00:00:00-05:00,0.9253673986955122,0.9379574313308253,0.9127773660601991,0.9348099231719971,562000,0.0,0.0
1982-04-14 00:00:00-05:00,0.931661927497993,0.9348094340098105,0.9285144209861755,0.9285144209861755,160000,0.0,0.0
1982-04-15 00:00:00-05:00,0.9285144209861755,0.931661927497993,0.9253669144743579,0.9285144209861755,476000,0.0,0.0
1982-04-16 00:00:00-05:00,0.9379575591422243,0.9442525763176756,0.9316625419667731,0.94110506772995,334400,0.0,0.0
1982-04-19 00:00:00-05:00,0.9442525763176756,0.9505475934931267,0.9379575591422243,0.94110506772995,316000,0.0,0.0
1982-04-20 00:00:00-05:00,0.9379574060440063,0.9442524221919526,0.93166238989606,0.9379574060440063,814000,0.0,0.0
1982-04-21 00:00:00-05:00,0.94110506772995,0.9442525763176756,0.9348100505544987,0.94110506772995,160400,0.0,0.0
1982-04-22 00:00:00-05:00,0.9474000930786133,0.9536951103083715,0.9379575672339759,0.9474000930786133,222400,0.0,0.0
1982-04-23 00:00:00-05:00,0.9662850411211857,0.9788750742302565,0.9505474997348472,0.9599900245666504,579600,0.0,0.0
1982-04-26 00:00:00-04:00,0.9662851095199585,0.9694326180200235,0.9599900925198285,0.9662851095199585,366800,0.0,0.0
1982-04-27 00:00:00-04:00,0.9599892726462138,0.9662842842701235,0.9536942610223043,0.956841766834259,448000,0.0,0.0
1982-04-28 00:00:00-04:00,0.9536947149038315,0.9599897295236588,0.9442521929740907,0.9442521929740906,884000,0.0,0.0
1982-04-29 00:00:00-04:00,0.9316626114099205,0.9411051378769129,0.9190725761205971,0.9253675937652588,1108800,0.0,0.0
1982-04-30 00:00:00-04:00,0.9285151025875896,0.9316626114099205,0.9253675937652588,0.9253675937652588,1408000,0.0,0.0
1982-05-03 00:00:00-04:00,0.9316625419667731,0.94110506772995,0.9190725076158708,0.94110506772995,405600,0.0,0.0
1982-05-04 00:00:00-04:00,0.94110506772995,0.9442525763176756,0.9379575591422243,0.94110506772995,1083600,0.0,0.0
1982-05-05 00:00:00-04:00,0.9505467552103495,0.956841766834259,0.941104237774485,0.956841766834259,304400,0.0,0.0
1982-05-06 00:00:00-04:00,0.965597140078513,0.9720344543457032,0.959159825811323,0.9720344543457031,2069600,0.21,0.0
1982-05-07 00:00:00-04:00,0.972034507458753,0.975253164768219,0.9655971928398208,0.975253164768219,385600,0.0,0.0
1982-05-10 00:00:00-04:00,0.9720344543457032,0.9720344543457032,0.9720344543457032,0.9720344543457031,211200,0.0,0.0
1982-05-11 00:00:00-04:00,0.975253164768219,0.978471822077685,0.972034507458753,0.975253164768219,231600,0.0,0.0
1982-05-12 00:00:00-04:00,0.9720344606824095,0.9752531178369871,0.9655971463732546,0.968815803527832,318400,0.0,0.0
1982-05-13 00:00:00-04:00,0.9688157500823339,0.9688157500823339,0.9655970931053162,0.9655970931053162,119600,0.0,0.0
1982-05-14 00:00:00-04:00,0.9655970931053162,0.9688157500823339,0.9623784361282984,0.9655970931053162,286800,0.0,0.0
1982-05-17 00:00:00-04:00,0.9527226428395694,0.9655972731482122,0.9366293549537659,0.9366293549537659,658000,0.0,0.0
1982-05-18 00:00:00-04:00,0.9398481178609177,0.9430667757987976,0.933410801985158,0.9430667757987976,632000,0.0,0.0
1982-05-19 00:00:00-04:00,0.9430667757987976,0.9430667757987976,0.9398481178609177,0.9430667757987976,804000,0.0,0.0
1982-05-20 00:00:00-04:00,0.9398481178609177,0.9462854337366774,0.933410801985158,0.9430667757987976,228800,0.0,0.0
1982-05-21 00:00:00-04:00,0.9495036602020264,0.9527223166772875,0.9462850037267653,0.9495036602020264,128400,0.0,0.0
1982-05-24 00:00:00-04:00,0.9398481178609177,0.9462854337366774,0.933410801985158,0.9430667757987976,228800,0.0,0.0
1982-05-25 00:00:00-04:00,0.9559410272820575,0.959159683939573,0.9527223706245422,0.9527223706245422,233200,0.0,0.0
1982-05-26 00:00:00-04:00,0.9527223166772875,0.9559409731525486,0.9495036602020264,0.9495036602020264,305200,0.0,0.0
1982-05-27 00:00:00-04:00,0.9527223166772875,0.9527223166772875,0.9495036602020264,0.9495036602020264,430800,0.0,0.0
1982-05-28 00:00:00-04:00,0.9462852608667661,0.949503918216653,0.9398479461669922,0.9398479461669922,738400,0.0,0.0
1982-06-01 00:00:00-04:00,0.9430666701080873,0.946285327685248,0.9366293549537659,0.9366293549537659,130800,0.0,0.0
1982-06-02 00:00:00-04:00,0.9366297804076097,0.9398484394468111,0.9301924623292068,0.9334111213684082,480400,0.0,0.0
1982-06-03 00:00:00-04:00,0.93019158686495,0.9366288988847766,0.9237542748451233,0.9237542748451233,268400,0.0,0.0
1982-06-04 00:00:00-04:00,0.9108796768577386,0.9237543012656219,0.8980050524498554,0.9076610207557678,652000,0.0,0.0
1982-06-07 00:00:00-04:00,0.9173173904418945,0.9237547054625393,0.9108800754212496,0.9173173904418945,285600,0.0,0.0
1982-06-08 00:00:00-04:00,0.9205360479522169,0.9205360479522169,0.9173173904418945,0.9173173904418945,112000,0.0,0.0
1982-06-09 00:00:00-04:00,0.91409832239151,0.9173169784562688,0.9108796663267511,0.91409832239151,111600,0.0,0.0
1982-06-10 00:00:00-04:00,0.91409832239151,0.91409832239151,0.9108796663267511,0.91409832239151,281600,0.0,0.0
1982-06-11 00:00:00-04:00,0.9237547054625393,0.9269733629728618,0.9173173904418945,0.9173173904418945,654800,0.0,0.0
1982-06-14 00:00:00-04:00,0.9108796768577386,0.9140983329597094,0.904442364653797,0.9076610207557678,110800,0.0,0.0
1982-06-15 00:00:00-04:00,0.8980054325765843,0.9044427475054486,0.8883494601832876,0.8947867751121521,271200,0.0,0.0
1982-06-16 00:00:00-04:00,0.9012239039157881,0.9012239039157881,0.8980052471160889,0.8980052471160889,500400,0.0,0.0
1982-06-17 00:00:00-04:00,0.891568137732419,0.8980054528062993,0.8851308226585388,0.8851308226585388,192400,0.0,0.0
1982-06-18 00:00:00-04:00,0.8851308226585388,0.8883494801954789,0.8786935075846585,0.8851308226585388,333600,0.0,0.0
1982-06-21 00:00:00-04:00,0.8819121786089607,0.8851308361951248,0.8786935210227966,0.8786935210227966,196000,0.0,0.0
1982-06-22 00:00:00-04:00,0.8851308226585388,0.8883494801954789,0.8786935075846585,0.8851308226585388,496800,0.0,0.0
1982-06-23 00:00:00-04:00,0.8915676524241766,0.8915676524241766,0.8883489966392517,0.8883489966392517,122800,0.0,0.0
1982-06-24 00:00:00-04:00,0.8947866023232359,0.8980052591661253,0.8883492886374573,0.8915679454803467,171200,0.0,0.0
1982-06-25 00:00:00-04:00,0.8947863082091014,0.901223619778951,0.8883489966392517,0.8883489966392517,438000,0.0,0.0
1982-06-28 00:00:00-04:00,0.8980055311396453,0.904442846775055,0.8883495576865309,0.9044428467750549,126400,0.0,0.0
1982-06-29 00:00:00-04:00,0.9108796663267511,0.91409832239151,0.9044423541972334,0.91409832239151,110400,0.0,0.0
1982-06-30 00:00:00-04:00,0.9205360479522169,0.9237547054625393,0.9140987329315721,0.9173173904418945,74800,0.0,0.0
1982-07-01 00:00:00-04:00,0.901223619778951,0.9205355544885,0.8819116850694021,0.8883489966392517,272600,0.0,2.0
1982-07-02 00:00:00-04:00,0.8947863082091014,0.901223619778951,0.8819116850694021,0.8883489966392517,77800,0.0,0.0
1982-07-06 00:00:00-04:00,0.8947863082091014,0.901223619778951,0.8819116850694021,0.8883489966392517,73600,0.0,0.0
1982-07-07 00:00:00-04:00,0.8947867751121521,0.9012240900410164,0.8883494601832876,0.8947867751121521,91400,0.0,0.0
1982-07-08 00:00:00-04:00,0.9012237085518262,0.9076610207557678,0.888349084143943,0.9076610207557678,401200,0.0,0.0
1982-07-09 00:00:00-04:00,0.9269738032900054,0.9398484394468111,0.9140991671331998,0.9334111213684082,99000,0.0,0.0
1982-07-12 00:00:00-04:00,0.9591599978557249,0.9655973132775755,0.9462853670120239,0.9462853670120239,441800,0.0,0.0
1982-07-13 00:00:00-04:00,0.9334111213684082,0.9462857575252139,0.9205364852116026,0.9334111213684082,145000,0.0,0.0
1982-07-14 00:00:00-04:00,0.926973283290863,0.9334105977581607,0.9140986543562677,0.926973283290863,295400,0.0,0.0
1982-07-15 00:00:00-04:00,0.9269738032900054,0.9334111213684082,0.9205364852116026,0.9334111213684082,196400,0.0,0.0
1982-07-16 00:00:00-04:00,0.9334106314672183,0.9398479461669922,0.9269733167674443,0.9398479461669922,643800,0.0,0.0
1982-07-19 00:00:00-04:00,0.9398479461669922,0.9398479461669922,0.9334106314672183,0.9398479461669922,65400,0.0,0.0
1982-07-20 00:00:00-04:00,0.9334105977581607,0.9398479122254584,0.9205359688235654,0.926973283290863,98800,0.0,0.0
1982-07-21 00:00:00-04:00,0.9076614049698809,0.9334106646853385,0.8819121452544233,0.8947867751121521,341000,0.0,0.0
1982-07-22 00:00:00-04:00,0.91409832239151,0.9205356345210276,0.9012236981324746,0.91409832239151,477800,0.0,0.0
1982-07-23 00:00:00-04:00,0.9205359688235654,0.926973283290863,0.9140986543562677,0.926973283290863,806200,0.0,0.0
1982-07-26 00:00:00-04:00,0.9205366373062134,0.9269739564482149,0.914099318164212,0.9205366373062134,148400,0.0,0.0
1982-07-27 00:00:00-04:00,0.9012240900410164,0.9140987198987452,0.8883494601832876,0.8947867751121521,283400,0.0,0.0
1982-07-28 00:00:00-04:00,0.8754746437072753,0.8819119572639466,0.862600016593933,0.8690373301506042,484600,0.0,0.0
1982-07-29 00:00:00-04:00,0.8883494601832876,0.8947867751121521,0.8754748303255588,0.8947867751121521,230200,0.0,0.0
1982-07-30 00:00:00-04:00,0.8947863082091014,0.8947863082091014,0.8883489966392517,0.8883489966392517,55000,0.0,0.0
1982-08-02 00:00:00-04:00,0.8947867027350834,0.9076613315514156,0.8819120739187514,0.9012240171432495,500400,0.0,0.0
1982-08-03 00:00:00-04:00,0.9076614049698809,0.9140987198987452,0.8947867751121521,0.8947867751121521,318200,0.0,0.0
1982-08-04 00:00:00-04:00,0.8947863082091014,0.901223619778951,0.8883489966392517,0.8883489966392517,295200,0.0,0.0
1982-08-05 00:00:00-04:00,0.8907245633317463,0.8973225230601297,0.884126603603363,0.884126603603363,572000,0.21,0.0
1982-08-06 00:00:00-04:00,0.8907248377799988,0.8973227995413321,0.877528914257332,0.8907248377799988,209800,0.0,0.0
1982-08-09 00:00:00-04:00,0.8775285482406616,0.8841265072499899,0.864332630222005,0.8775285482406616,141800,0.0,0.0
1982-08-10 00:00:00-04:00,0.8907245633317463,0.8973225230601297,0.884126603603363,0.884126603603363,677000,0.0,0.0
1982-08-11 00:00:00-04:00,0.9039202332496643,0.92371410697046,0.8841263595288688,0.9039202332496643,518000,0.0,0.0
1982-08-12 00:00:00-04:00,0.9171163072620613,0.9237142663071121,0.9105183482170105,0.9105183482170105,351600,0.0,0.0
1982-08-13 00:00:00-04:00,0.9237140797554179,0.9303120374679565,0.9105181643303404,0.9303120374679565,287400,0.0,0.0
1982-08-16 00:00:00-04:00,0.9633024856448174,0.9699004478752613,0.9501065611839294,0.9501065611839294,527400,0.0,0.0
1982-08-17 00:00:00-04:00,0.9962914382156574,1.016085307849081,0.9764975685822337,1.0028893947601318,1585400,0.0,0.0
1982-08-18 00:00:00-04:00,1.0028900152800098,1.0160859365336943,0.9896940940263255,0.9962920546531677,691000,0.0,0.0
1982-08-19 00:00:00-04:00,0.9962922250664474,1.0028901868218545,0.9830963015556337,0.9830963015556335,626000,0.0,0.0
1982-08-20 00:00:00-04:00,1.0094877027696179,1.0292815792945122,0.9896938262447235,1.0226836204528809,425800,0.0,0.0
1982-08-23 00:00:00-04:00,1.0226843678034268,1.0358802951299226,1.009488440476931,1.0292823314666748,704800,0.0,0.0
1982-08-24 00:00:00-04:00,1.0292815792945122,1.0358795381361439,1.0226836204528809,1.0226836204528809,273400,0.0,0.0
1982-08-25 00:00:00-04:00,1.016086220741272,1.0226841832136178,1.009488258268926,1.016086220741272,769400,0.0,0.0
1982-08-26 00:00:00-04:00,1.016086220741272,1.0292821456859638,1.0028902957965802,1.016086220741272,426800,0.0,0.0
1982-08-27 00:00:00-04:00,1.0094882249832153,1.0160861872380076,0.9962923004736308,1.0094882249832153,722400,0.0,0.0
1982-08-30 00:00:00-04:00,0.9962920546531677,1.0028900152800098,0.9896940940263255,0.9962920546531677,133600,0.0,0.0
1982-08-31 00:00:00-04:00,0.9962923004736308,1.0094882249832153,0.9830963759640463,1.0094882249832153,510400,0.0,0.0
1982-09-01 00:00:00-04:00,1.002890262728423,1.0094882249832153,0.9962923004736308,1.0094882249832153,226400,0.0,0.0
1982-09-02 00:00:00-04:00,1.009488258268926,1.016086220741272,0.9962923333242342,1.016086220741272,318600,0.0,0.0
1982-09-03 00:00:00-04:00,1.0424779483250208,1.0622718334197998,1.022684063230242,1.0622718334197998,597800,0.0,0.0
1982-09-07 00:00:00-04:00,1.0622717644433555,1.06886972571319,1.0490758419036865,1.0490758419036865,462400,0.0,0.0
1982-09-08 00:00:00-04:00,1.0490758419036865,1.055673803173521,1.042477880633852,1.0490758419036865,205600,0.0,0.0
1982-09-09 00:00:00-04:00,1.0358802951299226,1.0424782587931705,1.0292823314666748,1.0292823314666748,331800,0.0,0.0
1982-09-10 00:00:00-04:00,1.0292823314666748,1.0358802951299226,1.0226843678034268,1.0292823314666748,221200,0.0,0.0
1982-09-13 00:00:00-04:00,1.0358798503875732,1.0424778112180673,1.022683928726585,1.0358798503875732,499600,0.0,0.0
1982-09-14 00:00:00-04:00,1.0358802951299226,1.0424782587931705,1.0292823314666748,1.0292823314666748,618200,0.0,0.0
1982-09-15 00:00:00-04:00,1.0292823314666748,1.0292823314666748,1.0226843678034268,1.0292823314666748,99600,0.0,0.0
1982-09-16 00:00:00-04:00,1.0292823314666748,1.0292823314666748,1.0226843678034268,1.0292823314666748,167400,0.0,0.0
1982-09-17 00:00:00-04:00,1.0292815792945122,1.0424774969777753,1.0160856616112495,1.0226836204528809,284000,0.0,0.0
1982-09-20 00:00:00-04:00,1.0226841832136178,1.0226841832136178,1.016086220741272,1.016086220741272,177200,0.0,0.0
1982-09-21 00:00:00-04:00,1.0424773260951044,1.0556732416152954,1.0226834528148174,1.0556732416152954,340600,0.0,0.0
1982-09-22 00:00:00-04:00,1.0490757720485615,1.0688696545400438,1.0292818895570792,1.0358798503875732,344000,0.0,0.0
1982-09-23 00:00:00-04:00,1.0424778461456299,1.0490758071971844,1.0292819240425206,1.0424778461456299,226000,0.0,0.0
1982-09-24 00:00:00-04:00,1.0490752838551998,1.0556732416152954,1.0424773260951044,1.0556732416152954,232600,0.0,0.0
1982-09-27 00:00:00-04:00,1.0556732416152954,1.0556732416152954,1.0490752838551998,1.0556732416152954,152400,0.0,0.0
1982-09-28 00:00:00-04:00,1.0490752838551998,1.0556732416152954,1.0424773260951044,1.0556732416152954,436400,0.0,0.0
1982-09-29 00:00:00-04:00,1.0424778461456299,1.0490758071971844,1.0358798850940751,1.0424778461456299,313800,0.0,0.0
1982-09-30 00:00:00-04:00,1.042477880633852,1.0490758419036865,1.0358799193640176,1.0490758419036865,207800,0.0,0.0
1982-10-01 00:00:00-04:00,1.0490758419036865,1.055673803173521,1.042477880633852,1.0490758419036865,1585200,0.0,0.0
1982-10-04 00:00:00-04:00,1.042477880633852,1.0490758419036865,1.0358799193640176,1.0490758419036865,452600,0.0,0.0
1982-10-05 00:00:00-04:00,1.0490758419036865,1.055673803173521,1.042477880633852,1.0490758419036865,87400,0.0,0.0
1982-10-06 00:00:00-04:00,1.0490752838551998,1.0556732416152954,1.0424773260951044,1.0556732416152954,792600,0.0,0.0
1982-10-07 00:00:00-04:00,1.0688697951180595,1.075467756816319,1.0556738717215401,1.0622718334197998,1133400,0.0,0.0
1982-10-08 00:00:00-04:00,1.0688695427848072,1.082065463066101,1.0556736225035133,1.082065463066101,1481800,0.0,0.0
1982-10-11 00:00:00-04:00,1.0952612161636353,1.115055093564183,1.0688693796295718,1.0952612161636353,1018400,0.0,0.0
1982-10-12 00:00:00-04:00,1.0820655471708147,1.0952614684777757,1.0688696258638535,1.075467586517334,561800,0.0,0.0
1982-10-13 00:00:00-04:00,1.075467911031511,1.0820658736758761,1.062271985742781,1.068869948387146,625400,0.0,0.0
1982-10-14 00:00:00-04:00,1.0622718334197998,1.0688697951180595,1.0490759100232805,1.0622718334197998,657600,0.0,0.0
1982-10-15 00:00:00-04:00,1.0490759100232805,1.0622718334197998,1.0358799866267612,1.0622718334197998,147000,0.0,0.0
1982-10-18 00:00:00-04:00,1.0556738717215401,1.0622718334197998,1.0424779483250208,1.0622718334197998,997200,0.0,0.0
1982-10-19 00:00:00-04:00,1.0556738717215401,1.0622718334197998,1.0490759100232805,1.0622718334197998,147600,0.0,0.0
1982-10-20 00:00:00-04:00,1.0556738717215401,1.0622718334197998,1.0424779483250208,1.0622718334197998,110600,0.0,0.0
1982-10-21 00:00:00-04:00,1.0028899796803792,1.0490757024288178,0.9567042569319407,0.9896940588951111,1081800,0.0,0.0
1982-10-22 00:00:00-04:00,0.9962914382156574,1.0028893947601318,0.9896934816711828,1.0028893947601318,721000,0.0,0.0
1982-10-25 00:00:00-04:00,0.9830961473084785,0.9896941080286696,0.9764981865882874,0.9764981865882874,342800,0.0,0.0
1982-10-26 00:00:00-04:00,0.9830961333994833,0.9962920546531677,0.969900212145799,0.9962920546531677,479000,0.0,0.0
1982-10-27 00:00:00-04:00,1.0094873513046063,1.016085307849081,0.9962914382156574,1.0028893947601318,361400,0.0,0.0
1982-10-28 00:00:00-04:00,1.0028899796803792,1.0160859004656473,0.9896940588951111,0.9896940588951111,556200,0.0,0.0
1982-10-29 00:00:00-04:00,0.9896940940263255,0.9962920546531677,0.9830961333994833,0.9962920546531677,570000,0.0,0.0
1982-11-01 00:00:00-05:00,0.9962914382156574,1.0028893947601318,0.9896934816711828,1.0028893947601318,506000,0.0,0.0
1982-11-02 00:00:00-05:00,1.0226843678034268,1.0358802951299226,1.009488440476931,1.0292823314666748,1379200,0.0,0.0
1982-11-03 00:00:00-05:00,1.0114799666878405,1.0249663662436783,0.9979935671320025,1.0182231664657593,2453400,0.21,0.0
1982-11-04 00:00:00-05:00,1.0317093188825406,1.0384525170451717,1.0182229225572788,1.0249661207199097,1470600,0.0,0.0
1982-11-05 00:00:00-05:00,1.0249661207199097,1.0317093188825406,1.0182229225572788,1.0249661207199097,542400,0.0,0.0
1982-11-08 00:00:00-05:00,1.0317093188825406,1.0384525170451717,1.0182229225572788,1.0249661207199097,703400,0.0,0.0
1982-11-09 00:00:00-05:00,1.0317091895388317,1.0451955841733265,1.0182227949043372,1.038452386856079,875200,0.0,0.0
1982-11-10 00:00:00-05:00,1.0317093188825406,1.0384525170451717,1.0249661207199097,1.0249661207199097,1054200,0.0,0.0
1982-11-11 00:00:00-05:00,1.02496613184611,1.0384525283177695,1.0114797353744507,1.0114797353744507,1704800,0.0,0.0
1982-11-12 00:00:00-05:00,1.0047364283252407,1.0114796258307792,0.9979932308197021,0.9979932308197021,1805400,0.0,0.0
1982-11-15 00:00:00-05:00,0.9845070971382989,1.0047366950247023,0.9642774992518954,0.9710206985473633,498000,0.0,0.0
1982-11-16 00:00:00-05:00,0.9777637662952894,0.991250163071776,0.9575341711305592,0.9845069646835327,798200,0.0,0.0
1982-11-17 00:00:00-05:00,0.991250163071776,1.0114797582365063,0.9710205679070459,0.9845069646835327,681000,0.0,0.0
1982-11-18 00:00:00-05:00,0.9845077506427108,0.9912509544142362,0.9710213430996599,0.9777645468711853,990000,0.0,0.0
1982-11-19 00:00:00-05:00,0.9777645468711853,0.9845077506427108,0.9642781393281346,0.9777645468711853,818600,0.0,0.0
1982-11-22 00:00:00-05:00,0.9710206985473633,0.977763897842831,0.9642774992518954,0.9710206985473633,311800,0.0,0.0
1982-11-23 00:00:00-05:00,0.9507911729980523,0.9642775726150459,0.9373047733810586,0.9575343728065491,1139200,0.0,0.0
1982-11-24 00:00:00-05:00,0.9575343728065491,0.9642775726150459,0.9507911729980523,0.9575343728065491,324600,0.0,0.0
1982-11-26 00:00:00-05:00,0.9642774992518954,0.9710206985473633,0.9575342999564277,0.9710206985473633,261200,0.0,0.0
1982-11-29 00:00:00-05:00,0.9710204651305725,0.9710204651305725,0.9642772674560547,0.9642772674560547,318000,0.0,0.0
1982-11-30 00:00:00-05:00,0.9777637662952894,0.9845069646835327,0.9710205679070459,0.9845069646835327,432000,0.0,0.0
1982-12-01 00:00:00-05:00,0.9845069646835327,0.991250163071776,0.9710205679070459,0.9845069646835327,320000,0.0,0.0
1982-12-02 00:00:00-05:00,0.9845069646835327,0.991250163071776,0.9710205679070459,0.9845069646835327,100000,0.0,0.0
1982-12-03 00:00:00-05:00,0.9845074917994389,0.9912506937980652,0.9777642898008125,0.9912506937980652,596600,0.0,0.0
1982-12-06 00:00:00-05:00,0.9912500333141636,0.9979932308197021,0.9845068358086251,0.9979932308197021,179600,0.0,0.0
1982-12-07 00:00:00-05:00,1.0047366619110107,1.011479860984239,0.9979934628377826,1.0047366619110107,727400,0.0,0.0
1982-12-08 00:00:00-05:00,1.0114799666878405,1.0182231664657593,1.0047367669099214,1.0182231664657593,365600,0.0,0.0
1982-12-09 00:00:00-05:00,1.0182231664657593,1.0249663662436783,1.0114799666878405,1.0182231664657593,210800,0.0,0.0
1982-12-10 00:00:00-05:00,1.0317093188825406,1.0384525170451717,1.0182229225572788,1.0249661207199097,456600,0.0,0.0
1982-12-13 00:00:00-05:00,1.0384525170451717,1.0451957152078026,1.0249661207199097,1.0249661207199097,586800,0.0,0.0
1982-12-14 00:00:00-05:00,1.0451955841733265,1.0519387814905736,1.0317091895388317,1.038452386856079,258200,0.0,0.0
1982-12-15 00:00:00-05:00,1.0451955841733265,1.0519387814905736,1.038452386856079,1.038452386856079,861200,0.0,0.0
1982-12-16 00:00:00-05:00,1.04519604118007,1.0586824417114258,1.0317096406487143,1.0586824417114258,968600,0.0,0.0
1982-12-17 00:00:00-05:00,1.0586824417114258,1.0654256419771038,1.04519604118007,1.0586824417114258,182600,0.0,0.0
1982-12-20 00:00:00-05:00,1.0721687078475952,1.0721687078475952,1.06542550842717,1.0721687078475952,57800,0.0,0.0
1982-12-21 00:00:00-05:00,1.0654256343841553,1.0654256343841553,1.058682434166534,1.0654256343841553,216400,0.0,0.0
1982-12-22 00:00:00-05:00,1.0721688346017764,1.0721688346017764,1.0654256343841553,1.0654256343841553,157600,0.0,0.0
1982-12-23 00:00:00-05:00,1.058682309006745,1.0789119072680204,1.0384527107454695,1.0721687078475952,112000,0.0,0.0
1982-12-27 00:00:00-05:00,1.0856549739837646,1.0923981725799372,1.0721685767914197,1.0856549739837646,243000,0.0,0.0
1982-12-28 00:00:00-05:00,1.0789120348193977,1.09239843525464,1.0654256343841553,1.0654256343841553,354400,0.0,0.0
1982-12-29 00:00:00-05:00,1.0654256343841553,1.0721688346017764,1.058682434166534,1.0654256343841553,257600,0.0,0.0
1982-12-30 00:00:00-05:00,1.0721688346017764,1.0721688346017764,1.0654256343841553,1.0654256343841553,335200,0.0,0.0
1982-12-31 00:00:00-05:00,1.0923983905373549,1.1058847904205322,1.0721687907125892,1.1058847904205322,182800,0.0,0.0
1983-01-03 00:00:00-05:00,1.0923979371786117,1.0991411343216895,1.078911542892456,1.078911542892456,147600,0.0,0.0
1983-01-04 00:00:00-05:00,1.0923978053718988,1.1058841980308112,1.0789114127129864,1.099141001701355,670000,0.0,0.0
1983-01-05 00:00:00-05:00,1.1058847904205322,1.1126279903621208,1.0991415904789437,1.1058847904205322,325000,0.0,0.0
1983-01-06 00:00:00-05:00,1.1058839537880638,1.1126271486282349,1.0923975641077215,1.1126271486282349,384000,0.0,0.0
1983-01-07 00:00:00-05:00,1.1058841980308112,1.1126273943602674,1.099141001701355,1.099141001701355,280400,0.0,0.0
1983-01-10 00:00:00-05:00,1.0991411253258034,1.1058843224136918,1.0856547311500266,1.092397928237915,248400,0.0,0.0
1983-01-11 00:00:00-05:00,1.0789119072680204,1.0856551066884454,1.06542550842717,1.0721687078475952,680200,0.0,0.0
1983-01-12 00:00:00-05:00,1.0789119072680204,1.0856551066884454,1.0721687078475952,1.0721687078475952,198200,0.0,0.0
1983-01-13 00:00:00-05:00,1.0654256419771038,1.0721688422427815,1.0586824417114258,1.0586824417114258,505000,0.0,0.0
1983-01-14 00:00:00-05:00,1.06542550842717,1.0721687078475952,1.058682309006745,1.0721687078475952,405600,0.0,0.0
1983-01-17 00:00:00-05:00,1.0856547400355339,1.0923979371786117,1.0721683457493782,1.078911542892456,132200,0.0,0.0
1983-01-18 00:00:00-05:00,1.0721687078475952,1.0789119072680204,1.058682309006745,1.0721687078475952,333800,0.0,0.0
1983-01-19 00:00:00-05:00,1.0654256343841553,1.0721688346017764,1.0519392339489129,1.0654256343841553,188600,0.0,0.0
1983-01-20 00:00:00-05:00,1.0654256419771038,1.0654256419771038,1.0586824417114258,1.0586824417114258,93000,0.0,0.0
1983-01-21 00:00:00-05:00,1.058682434166534,1.0654256343841553,1.0519392339489129,1.0654256343841553,397200,0.0,0.0
1983-01-24 00:00:00-05:00,1.0586824417114258,1.0654256419771038,1.04519604118007,1.0586824417114258,886200,0.0,0.0
1983-01-25 00:00:00-05:00,1.078911542892456,1.0856547400355339,1.0654251486063002,1.078911542892456,735600,0.0,0.0
1983-01-26 00:00:00-05:00,1.0856547400355339,1.0991411343216895,1.0654251486063002,1.078911542892456,917800,0.0,0.0
1983-01-27 00:00:00-05:00,1.0789119072680204,1.0789119072680204,1.0721687078475952,1.0721687078475952,414200,0.0,0.0
1983-01-28 00:00:00-05:00,1.0789119072680204,1.0856551066884454,1.0721687078475952,1.0721687078475952,211800,0.0,0.0
1983-01-31 00:00:00-05:00,1.0856547311500266,1.092397928237915,1.0721683369742498,1.092397928237915,662600,0.0,0.0
1983-02-01 00:00:00-05:00,1.1058847904205322,1.1126279903621208,1.0991415904789437,1.1058847904205322,952000,0.0,0.0
1983-02-02 00:00:00-05:00,1.1058841980308112,1.1126273943602674,1.0923978053718988,1.099141001701355,1556800,0.0,0.0
1983-02-03 00:00:00-05:00,1.097485065460205,1.1043874872555524,1.0905826436648578,1.097485065460205,1265200,0.235,0.0
1983-02-04 00:00:00-05:00,1.097484670862367,1.097484670862367,1.090582251548767,1.090582251548767,189000,0.0,0.0
1983-02-07 00:00:00-05:00,1.097485065460205,1.1043874872555524,1.0905826436648578,1.097485065460205,86200,0.0,0.0
1983-02-08 00:00:00-05:00,1.1043874872555524,1.1112899090508994,1.097485065460205,1.097485065460205,109200,0.0,0.0
1983-02-09 00:00:00-05:00,1.076777552303515,1.0974848129247365,1.0491678714752197,1.0491678714752197,3455800,0.0,0.0
1983-02-10 00:00:00-05:00,1.0629723882363513,1.069874806341782,1.0560699701309204,1.0560699701309204,218600,0.0,0.0
1983-02-11 00:00:00-05:00,1.0629723882363513,1.069874806341782,1.0491675520254895,1.0560699701309204,260400,0.0,0.0
1983-02-14 00:00:00-05:00,1.0560699701309204,1.0560699701309204,1.0491675520254895,1.0560699701309204,141600,0.0,0.0
1983-02-15 00:00:00-05:00,1.0560702916822935,1.0560702916822935,1.0491678714752197,1.0491678714752197,495000,0.0,0.0
1983-02-16 00:00:00-05:00,1.0560699701309204,1.0629723882363513,1.0491675520254895,1.0560699701309204,283000,0.0,0.0
1983-02-17 00:00:00-05:00,1.0629729720262382,1.0767778158187866,1.0491681282336895,1.0767778158187866,515200,0.0,0.0
1983-02-18 00:00:00-05:00,1.083680510520935,1.0905829341548263,1.0698756632531525,1.083680510520935,472000,0.0,0.0
1983-02-22 00:00:00-05:00,1.083680510520935,1.0905829341548263,1.0767780868870438,1.083680510520935,351000,0.0,0.0
1983-02-23 00:00:00-05:00,1.0767778158187866,1.083680237715061,1.0698753939225123,1.0767778158187866,246600,0.0,0.0
1983-02-24 00:00:00-05:00,1.1043871641159058,1.1112895838916301,1.0905823245644568,1.1043871641159058,1210400,0.0,0.0
1983-02-25 00:00:00-05:00,1.1319968240806855,1.1458016633987427,1.1181919847626285,1.1458016633987427,1307000,0.0,0.0
1983-02-28 00:00:00-05:00,1.1527039188714254,1.1596063375473022,1.138899081519672,1.1596063375473022,780600,0.0,0.0
1983-03-01 00:00:00-05:00,1.173411794873171,1.1872166395187378,1.1596069502276043,1.1872166395187378,903200,0.0,0.0
1983-03-02 00:00:00-05:00,1.2148267909458705,1.2148267909458705,1.1872170911516462,1.2079243659973145,1508000,0.0,0.0
1983-03-03 00:00:00-05:00,1.2010219410487584,1.2079243659973145,1.1941195161002023,1.2079243659973145,457400,0.0,0.0
1983-03-04 00:00:00-05:00,1.1941184997558594,1.2010209188295926,1.1872160806821261,1.1941184997558594,366200,0.0,0.0
1983-03-07 00:00:00-05:00,1.1872163655465109,1.1941187862764324,1.1734115240866678,1.1803139448165894,302000,0.0,0.0
1983-03-08 00:00:00-05:00,1.1803139448165894,1.1872163655465109,1.1734115240866678,1.1803139448165894,480000,0.0,0.0
1983-03-09 00:00:00-05:00,1.1803142171959544,1.1872166395187378,1.173411794873171,1.1872166395187378,523200,0.0,0.0
1983-03-10 00:00:00-05:00,1.2217285280877894,1.2286309491504321,1.2079236859625035,1.2148261070251465,502600,0.0,0.0
1983-03-11 00:00:00-05:00,1.2010219410487584,1.2079243659973145,1.1941195161002023,1.2079243659973145,207800,0.0,0.0
1983-03-14 00:00:00-05:00,1.2010210752487183,1.207923495221412,1.1941186552760246,1.2010210752487183,260600,0.0,0.0
1983-03-15 00:00:00-05:00,1.2079236859625035,1.2148261070251465,1.194118843837218,1.2148261070251465,201600,0.0,0.0
1983-03-16 00:00:00-05:00,1.2079243659973145,1.2148267909458705,1.2010219410487584,1.2079243659973145,200200,0.0,0.0
1983-03-17 00:00:00-05:00,1.207923495221412,1.207923495221412,1.2010210752487183,1.2010210752487183,235200,0.0,0.0
1983-03-18 00:00:00-05:00,1.2148267909458705,1.2217292158944266,1.2010219410487584,1.2079243659973145,349800,0.0,0.0
1983-03-21 00:00:00-05:00,1.2217282425151783,1.2286306619644165,1.2079234036167017,1.2286306619644165,312400,0.0,0.0
1983-03-22 00:00:00-05:00,1.228630385156405,1.2355328030505421,1.221727967262268,1.221727967262268,682800,0.0,0.0
1983-03-23 00:00:00-05:00,1.2355336288611094,1.2424360513687134,1.2217287838459014,1.2424360513687134,314000,0.0,0.0
1983-03-24 00:00:00-05:00,1.2424360513687134,1.2493384738763174,1.2355336288611094,1.2424360513687134,685000,0.0,0.0
1983-03-25 00:00:00-05:00,1.2355330814136547,1.2424355008628931,1.2217282425151783,1.2286306619644165,363800,0.0,0.0
1983-03-28 00:00:00-05:00,1.2286305800496533,1.2355329990386963,1.2217281610606103,1.2355329990386963,121000,0.0,0.0
1983-03-29 00:00:00-05:00,1.2355329990386963,1.2355329990386963,1.2286305800496533,1.2355329990386963,80400,0.0,0.0
1983-03-30 00:00:00-05:00,1.2286305800496533,1.2355329990386963,1.2217281610606103,1.2355329990386963,132200,0.0,0.0
1983-03-31 00:00:00-05:00,1.2217285280877894,1.235533370213075,1.2079236859625035,1.2148261070251465,163800,0.0,0.0
1983-04-04 00:00:00-05:00,1.2148261070251465,1.2217285280877894,1.2010212648998606,1.2148261070251465,621400,0.0,0.0
1983-04-05 00:00:00-05:00,1.2148267909458705,1.2217292158944266,1.2079243659973145,1.2079243659973145,114600,0.0,0.0
1983-04-06 00:00:00-05:00,1.207923495221412,1.2148259151941059,1.1941186552760246,1.2010210752487183,210000,0.0,0.0
1983-04-07 00:00:00-05:00,1.2010210752487183,1.207923495221412,1.1941186552760246,1.2010210752487183,80600,0.0,0.0
1983-04-08 00:00:00-05:00,1.207923495221412,1.207923495221412,1.2010210752487183,1.2010210752487183,103600,0.0,0.0
1983-04-11 00:00:00-05:00,1.2148261070251465,1.2217285280877894,1.2079236859625035,1.2148261070251465,129200,0.0,0.0
1983-04-12 00:00:00-05:00,1.2148261070251465,1.2148261070251465,1.2079236859625035,1.2148261070251465,311400,0.0,0.0
1983-04-13 00:00:00-05:00,1.221727967262268,1.221727967262268,1.2148255493681308,1.221727967262268,601800,0.0,0.0
1983-04-14 00:00:00-05:00,1.2148255493681308,1.221727967262268,1.2079231314739938,1.221727967262268,1030600,0.0,0.0
1983-04-15 00:00:00-05:00,1.2148261070251465,1.2217285280877894,1.2079236859625035,1.2148261070251465,410000,0.0,0.0
1983-04-18 00:00:00-05:00,1.2217285280877894,1.2217285280877894,1.2148261070251465,1.2148261070251465,502200,0.0,0.0
1983-04-19 00:00:00-05:00,1.2286306619644165,1.2355330814136547,1.21482582306594,1.2286306619644165,760400,0.0,0.0
1983-04-20 00:00:00-05:00,1.2562404870986938,1.2700453276162618,1.2355332263223417,1.2562404870986938,616400,0.0,0.0
1983-04-21 00:00:00-05:00,1.2631425857543945,1.2700450042557847,1.2562401672530044,1.2631425857543945,672400,0.0,0.0
1983-04-22 00:00:00-05:00,1.2700450042557847,1.2769474227571747,1.2631425857543945,1.2631425857543945,583600,0.0,0.0
1983-04-25 00:00:00-04:00,1.2631429073574778,1.2700453276162618,1.2562404870986938,1.2562404870986938,177000,0.0,0.0
1983-04-26 00:00:00-04:00,1.2631425857543945,1.2631425857543945,1.2562401672530044,1.2631425857543945,222600,0.0,0.0
1983-04-27 00:00:00-04:00,1.2631425857543945,1.2700450042557847,1.2562401672530044,1.2631425857543945,759000,0.0,0.0
1983-04-28 00:00:00-04:00,1.270045280456543,1.270045280456543,1.2631428604540618,1.270045280456543,542200,0.0,0.0
1983-04-29 00:00:00-04:00,1.2631428604540618,1.270045280456543,1.2562404404515806,1.270045280456543,225200,0.0,0.0
1983-05-02 00:00:00-04:00,1.270045280456543,1.270045280456543,1.2631428604540618,1.270045280456543,239800,0.0,0.0
1983-05-03 00:00:00-04:00,1.2631429073574778,1.2700453276162618,1.2493380668399097,1.2562404870986938,438600,0.0,0.0
1983-05-04 00:00:00-04:00,1.270045553671347,1.2769479751586914,1.2562407106966584,1.2769479751586914,1311600,0.0,0.0
1983-05-05 00:00:00-04:00,1.2823028629594815,1.2893484830856323,1.2682116227071794,1.2893484830856323,2539800,0.235,0.0
1983-05-06 00:00:00-04:00,1.2752562642097474,1.2823018789291383,1.2682106494903564,1.2682106494903564,701000,0.0,0.0
1983-05-09 00:00:00-04:00,1.261165738105774,1.2682113567544095,1.2541201194571383,1.261165738105774,381400,0.0,0.0
1983-05-10 00:00:00-04:00,1.261165738105774,1.2682113567544095,1.2541201194571383,1.261165738105774,275800,0.0,0.0
1983-05-11 00:00:00-04:00,1.2611657300691925,1.2611657300691925,1.254120111465454,1.254120111465454,464800,0.0,0.0
1983-05-12 00:00:00-04:00,1.2682108984467733,1.2752565145492554,1.2541196662418093,1.2752565145492554,220200,0.0,0.0
1983-05-13 00:00:00-04:00,1.2893483710029852,1.2963939905166626,1.27525713197563,1.2963939905166626,692000,0.0,0.0
1983-05-16 00:00:00-04:00,1.289347877214243,1.289347877214243,1.2823022603988647,1.2823022603988647,217400,0.0,0.0
1983-05-17 00:00:00-04:00,1.2823022603988647,1.2823022603988647,1.2752566435834864,1.2823022603988647,527200,0.0,0.0
1983-05-18 00:00:00-04:00,1.2823022603988647,1.289347877214243,1.2752566435834864,1.2823022603988647,634800,0.0,0.0
1983-05-19 00:00:00-04:00,1.2752565145492554,1.2823021306517375,1.2752565145492554,1.2752565145492554,88400,0.0,0.0
1983-05-20 00:00:00-04:00,1.2682106494903564,1.2752562642097474,1.2611650347709655,1.2682106494903564,358200,0.0,0.0
1983-05-23 00:00:00-04:00,1.254120111465454,1.2611657300691925,1.2470744928617157,1.254120111465454,178600,0.0,0.0
1983-05-24 00:00:00-04:00,1.254120111465454,1.2682113486729312,1.2470744928617157,1.254120111465454,1478400,0.0,0.0
1983-05-25 00:00:00-04:00,1.2682108984467733,1.2752565145492554,1.2611652823442914,1.2752565145492554,400800,0.0,0.0
1983-05-26 00:00:00-04:00,1.2752565145492554,1.2823021306517375,1.2682108984467733,1.2752565145492554,1486000,0.0,0.0
1983-05-27 00:00:00-04:00,1.2682108984467733,1.2752565145492554,1.2611652823442914,1.2752565145492554,126800,0.0,0.0
1983-05-31 00:00:00-04:00,1.2611657300691925,1.2682113486729312,1.2470744928617157,1.254120111465454,396000,0.0,0.0
1983-06-01 00:00:00-04:00,1.240028874257977,1.254120111465454,1.240028874257977,1.254120111465454,375200,0.0,0.0
1983-06-02 00:00:00-04:00,1.261165738105774,1.261165738105774,1.2470745008085027,1.261165738105774,385600,0.0,0.0
1983-06-03 00:00:00-04:00,1.2541191443211614,1.261164757491505,1.2470735311508179,1.2470735311508179,485400,0.0,0.0
1983-06-06 00:00:00-04:00,1.254120111465454,1.2611657300691925,1.2470744928617157,1.254120111465454,98200,0.0,0.0
1983-06-07 00:00:00-04:00,1.2541191443211614,1.2541191443211614,1.2470735311508179,1.2470735311508179,122200,0.0,0.0
1983-06-08 00:00:00-04:00,1.2470735311508179,1.2541191443211614,1.2470735311508179,1.2470735311508179,499600,0.0,0.0
1983-06-09 00:00:00-04:00,1.2470744928617157,1.254120111465454,1.2470744928617157,1.254120111465454,77400,0.0,0.0
1983-06-10 00:00:00-04:00,1.2541191443211614,1.2541191443211614,1.2470735311508179,1.2470735311508179,275400,0.0,0.0
1983-06-13 00:00:00-04:00,1.2400279179804743,1.2541191443211614,1.2400279179804743,1.2470735311508179,187600,0.0,0.0
1983-06-14 00:00:00-04:00,1.2470735311508179,1.2541191443211614,1.2470735311508179,1.2470735311508179,259400,0.0,0.0
1983-06-15 00:00:00-04:00,1.2470748363570734,1.2541204569014635,1.2329835952682928,1.240029215812683,170000,0.0,0.0
1983-06-16 00:00:00-04:00,1.2470735311508179,1.2541191443211614,1.2400279179804743,1.2470735311508179,535400,0.0,0.0
1983-06-17 00:00:00-04:00,1.2470735311508179,1.2541191443211614,1.2470735311508179,1.2470735311508179,177800,0.0,0.0
1983-06-20 00:00:00-04:00,1.2541191443211614,1.261164757491505,1.2470735311508179,1.2470735311508179,469000,0.0,0.0
1983-06-21 00:00:00-04:00,1.254120111465454,1.254120111465454,1.2470744928617157,1.254120111465454,150200,0.0,0.0
1983-06-22 00:00:00-04:00,1.254120111465454,1.2611657300691925,1.2470744928617157,1.254120111465454,216600,0.0,0.0
1983-06-23 00:00:00-04:00,1.2541201194571383,1.261165738105774,1.2470745008085027,1.261165738105774,312400,0.0,0.0
1983-06-24 00:00:00-04:00,1.261164757491505,1.2682103706618486,1.2470735311508179,1.2470735311508179,193600,0.0,0.0
1983-06-27 00:00:00-04:00,1.240029215812683,1.2470748363570734,1.2329835952682928,1.240029215812683,154400,0.0,0.0
1983-06-28 00:00:00-04:00,1.2541204569014635,1.2611660774458537,1.240029215812683,1.240029215812683,253400,0.0,0.0
1983-06-29 00:00:00-04:00,1.2470748363570734,1.2470748363570734,1.2259379747239025,1.240029215812683,378200,0.0,0.0
1983-06-30 00:00:00-04:00,1.2470744928617157,1.254120111465454,1.240028874257977,1.254120111465454,88600,0.0,0.0
1983-07-01 00:00:00-04:00,1.2541201194571383,1.2682113567544095,1.2541201194571383,1.261165738105774,175600,0.0,0.0
1983-07-05 00:00:00-04:00,1.2470748363570734,1.2611660774458537,1.2329835952682928,1.240029215812683,125800,0.0,0.0
1983-07-06 00:00:00-04:00,1.2400279179804743,1.2470735311508179,1.2329823048101307,1.2470735311508179,254600,0.0,0.0
1983-07-07 00:00:00-04:00,1.2470735311508179,1.2470735311508179,1.2329823048101307,1.2470735311508179,269400,0.0,0.0
1983-07-08 00:00:00-04:00,1.2400279179804743,1.2541191443211614,1.2400279179804743,1.2470735311508179,404000,0.0,0.0
1983-07-11 00:00:00-04:00,1.2541201194571383,1.261165738105774,1.2541201194571383,1.261165738105774,109600,0.0,0.0
1983-07-12 00:00:00-04:00,1.2541191443211614,1.261164757491505,1.2470735311508179,1.2470735311508179,113000,0.0,0.0
1983-07-13 00:00:00-04:00,1.247073805332184,1.2682106494903564,1.247073805332184,1.2682106494903564,495000,0.0,0.0
1983-07-14 00:00:00-04:00,1.268211026768108,1.2823022603988647,1.2611654099527296,1.2823022603988647,226800,0.0,0.0
1983-07-15 00:00:00-04:00,1.2823027514893075,1.2963939905166626,1.2823027514893075,1.2963939905166626,364000,0.0,0.0
1983-07-18 00:00:00-04:00,1.2963934047802075,1.3104846374408619,1.2963934047802075,1.3034390211105347,285600,0.0,0.0
1983-07-19 00:00:00-04:00,1.2963934047802075,1.3034390211105347,1.2963934047802075,1.3034390211105347,278600,0.0,0.0
1983-07-20 00:00:00-04:00,1.2963941032117834,1.3034397233379345,1.2752572428333304,1.2893484830856323,609200,0.0,0.0
1983-07-21 00:00:00-04:00,1.2893484830856323,1.2963941032117834,1.2823028629594815,1.2893484830856323,508800,0.0,0.0
1983-07-22 00:00:00-04:00,1.2823022603988647,1.289347877214243,1.2752566435834864,1.2823022603988647,107200,0.0,0.0
1983-07-25 00:00:00-04:00,1.2823028629594815,1.2893484830856323,1.2752572428333304,1.2893484830856323,154600,0.0,0.0
1983-07-26 00:00:00-04:00,1.2752572428333304,1.2893484830856323,1.2752572428333304,1.2893484830856323,462200,0.0,0.0
1983-07-27 00:00:00-04:00,1.2823022603988647,1.289347877214243,1.2823022603988647,1.2823022603988647,758400,0.0,0.0
1983-07-28 00:00:00-04:00,1.2893484830856323,1.2893484830856323,1.2823028629594815,1.2893484830856323,863200,0.0,0.0
1983-07-29 00:00:00-04:00,1.2893477467542196,1.2893477467542196,1.2752565145492554,1.2752565145492554,437000,0.0,0.0
1983-08-01 00:00:00-04:00,1.2823021306517375,1.2823021306517375,1.2682108984467733,1.2752565145492554,300600,0.0,0.0
1983-08-02 00:00:00-04:00,1.268211026768108,1.2823022603988647,1.268211026768108,1.2823022603988647,214200,0.0,0.0
1983-08-03 00:00:00-04:00,1.2823022603988647,1.2823022603988647,1.2752566435834864,1.2823022603988647,1535600,0.0,0.0
1983-08-04 00:00:00-04:00,1.273381676186215,1.3021586632186717,1.2589931826699865,1.2661874294281006,1038800,0.235,0.0
1983-08-05 00:00:00-04:00,1.2661874294281006,1.273381676186215,1.2661874294281006,1.2661874294281006,344600,0.0,0.0
1983-08-08 00:00:00-04:00,1.2589934087076853,1.2661876567574435,1.2230221684588942,1.2374106645584106,148000,0.0,0.0
1983-08-09 00:00:00-04:00,1.2230214334669567,1.237409920919509,1.2086329460144043,1.2086329460144043,1257600,0.0,0.0
1983-08-10 00:00:00-04:00,1.2086334567098223,1.223021950242082,1.2014392099436924,1.2158277034759521,714000,0.0,0.0
1983-08-11 00:00:00-04:00,1.2158277034759521,1.223021950242082,1.2086334567098223,1.2158277034759521,639800,0.0,0.0
1983-08-12 00:00:00-04:00,1.2230215072631836,1.2230215072631836,1.215827263102812,1.2230215072631836,48400,0.0,0.0
1983-08-15 00:00:00-04:00,1.2230215072631836,1.2374099955839268,1.2230215072631836,1.2230215072631836,205600,0.0,0.0
1983-08-16 00:00:00-04:00,1.230216145515442,1.2374103919804444,1.2230218990504393,1.230216145515442,252600,0.0,0.0
1983-08-17 00:00:00-04:00,1.2302161956375297,1.2661874294281006,1.2302161956375297,1.2661874294281006,137000,0.0,0.0
1983-08-18 00:00:00-04:00,1.244604468345642,1.2661872047909422,1.244604468345642,1.244604468345642,101800,0.0,0.0
1983-08-19 00:00:00-04:00,1.244604468345642,1.2517987138274087,1.244604468345642,1.244604468345642,84600,0.0,0.0
1983-08-22 00:00:00-04:00,1.2517991065979004,1.2661876020760372,1.2517991065979004,1.2517991065979004,61200,0.0,0.0
1983-08-23 00:00:00-04:00,1.2517991065979004,1.2661876020760372,1.2517991065979004,1.2517991065979004,417000,0.0,0.0
1983-08-24 00:00:00-04:00,1.2517991065979004,1.258993354336969,1.2517991065979004,1.2517991065979004,318600,0.0,0.0
1983-08-25 00:00:00-04:00,1.2517989022391183,1.258993148803711,1.2446046556745256,1.258993148803711,352400,0.0,0.0
1983-08-26 00:00:00-04:00,1.2661872047909422,1.2661872047909422,1.244604468345642,1.244604468345642,208600,0.0,0.0
1983-08-29 00:00:00-04:00,1.2517991065979004,1.2517991065979004,1.2374106111197636,1.2517991065979004,117600,0.0,0.0
1983-08-30 00:00:00-04:00,1.258993354336969,1.258993354336969,1.2517991065979004,1.2517991065979004,29800,0.0,0.0
1983-08-31 00:00:00-04:00,1.2517987138274087,1.2589929593091755,1.244604468345642,1.244604468345642,403600,0.0,0.0
1983-09-01 00:00:00-04:00,1.244604468345642,1.2517987138274087,1.244604468345642,1.244604468345642,231400,0.0,0.0
1983-09-02 00:00:00-04:00,1.2517991065979004,1.2517991065979004,1.2374106111197636,1.2517991065979004,131800,0.0,0.0
1983-09-06 00:00:00-04:00,1.2446046556745256,1.2661873953683036,1.2446046556745256,1.258993148803711,384400,0.0,0.0
1983-09-07 00:00:00-04:00,1.2661874631030412,1.2733817100524902,1.258993216153592,1.2733817100524902,144600,0.0,0.0
1983-09-08 00:00:00-04:00,1.2733817100524902,1.2805759570019393,1.2733817100524902,1.2733817100524902,138600,0.0,0.0
1983-09-09 00:00:00-04:00,1.2733817100524902,1.2805759570019393,1.2661874631030412,1.2733817100524902,200800,0.0,0.0
1983-09-12 00:00:00-04:00,1.2805766463279724,1.3021593987941742,1.2805766463279724,1.294965147972107,179800,0.0,0.0
1983-09-13 00:00:00-04:00,1.302158983854147,1.3597129720907943,1.302158983854147,1.309353232383728,228600,0.0,0.0
1983-09-14 00:00:00-04:00,1.309352361036269,1.309352361036269,1.2877696298103964,1.3021581172943115,158000,0.0,0.0
1983-09-15 00:00:00-04:00,1.309353232383728,1.309353232383728,1.302158983854147,1.309353232383728,157800,0.0,0.0
1983-09-16 00:00:00-04:00,1.309353232383728,1.309353232383728,1.2949647353245661,1.309353232383728,184600,0.0,0.0
1983-09-19 00:00:00-04:00,1.309352361036269,1.3165466047782264,1.3021581172943115,1.3021581172943115,339800,0.0,0.0
1983-09-20 00:00:00-04:00,1.3165474046360361,1.3453243970870972,1.309353156523271,1.3453243970870972,340600,0.0,0.0
1983-09-21 00:00:00-04:00,1.3381295204162598,1.3453237651496806,1.3381295204162598,1.3381295204162598,297400,0.0,0.0
1983-09-22 00:00:00-04:00,1.3453243970870972,1.3597128933126277,1.338130148974332,1.3453243970870972,536000,0.0,0.0
1983-09-23 00:00:00-04:00,1.3453235993994042,1.3597120870935155,1.3237408678582374,1.35251784324646,389800,0.0,0.0
1983-09-26 00:00:00-04:00,1.3741008043289185,1.381295049377761,1.3597123142312335,1.3741008043289185,732000,0.0,0.0
1983-09-27 00:00:00-04:00,1.3741007685661315,1.3812950134277342,1.3669065237045288,1.3669065237045288,758400,0.0,0.0
1983-09-28 00:00:00-04:00,1.3741007685661315,1.3741007685661315,1.359712278842926,1.3669065237045288,772000,0.0,0.0
1983-09-29 00:00:00-04:00,1.3741007685661315,1.3741007685661315,1.3669065237045288,1.3669065237045288,248800,0.0,0.0
1983-09-30 00:00:00-04:00,1.3741005747876267,1.3741005747876267,1.35251784324646,1.35251784324646,624200,0.0,0.0
1983-10-03 00:00:00-04:00,1.359712278842926,1.3669065237045288,1.3525180339813232,1.3669065237045288,263600,0.0,0.0
1983-10-04 00:00:00-04:00,1.381294748890939,1.431654453277588,1.374100505407132,1.431654453277588,567400,0.0,0.0
1983-10-05 00:00:00-04:00,1.431654052991493,1.4676252603530884,1.424459811519174,1.4676252603530884,890600,0.0,0.0
1983-10-06 00:00:00-04:00,1.4604317787850258,1.4676260240007155,1.4460432883536463,1.453237533569336,1636800,0.0,0.0
1983-10-07 00:00:00-04:00,1.4460436286348286,1.4532378755434596,1.4244608879089355,1.4244608879089355,276200,0.0,0.0
1983-10-10 00:00:00-04:00,1.4172666410003045,1.4244608879089355,1.4100723940916735,1.4244608879089355,569200,0.0,0.0
1983-10-11 00:00:00-04:00,1.4244604703675896,1.4244604703675896,1.3812950015685719,1.3884892463684082,295400,0.0,0.0
1983-10-12 00:00:00-04:00,1.3884892582893371,1.3884892582893371,1.3669065237045288,1.3669065237045288,799600,0.0,0.0
1983-10-13 00:00:00-04:00,1.3669065237045288,1.3741007685661315,1.3453237891197205,1.3669065237045288,1051200,0.0,0.0
1983-10-14 00:00:00-04:00,1.3669063309405711,1.3669063309405711,1.35251784324646,1.35251784324646,1935000,0.0,0.0
1983-10-17 00:00:00-04:00,1.359712278842926,1.3741007685661315,1.3525180339813232,1.3669065237045288,712800,0.0,0.0
1983-10-18 00:00:00-04:00,1.3669065237045288,1.3669065237045288,1.3525180339813232,1.3669065237045288,344400,0.0,0.0
1983-10-19 00:00:00-04:00,1.366906559280076,1.3741008043289185,1.3597123142312335,1.3741008043289185,1122600,0.0,0.0
1983-10-20 00:00:00-04:00,1.3741009583075843,1.3884894500176113,1.3741009583075843,1.3812952041625977,89400,0.0,0.0
1983-10-21 00:00:00-04:00,1.3956841018599302,1.417266845703125,1.3884898539121986,1.417266845703125,486400,0.0,0.0
1983-10-24 00:00:00-04:00,1.4100725977553934,1.417266845703125,1.3956841018599302,1.417266845703125,1109400,0.0,0.0
1983-10-25 00:00:00-04:00,1.4172665064607688,1.4604319838149038,1.4172665064607688,1.4460434913635254,311800,0.0,0.0
1983-10-26 00:00:00-04:00,1.4460432883536463,1.4604317787850258,1.4388490431379564,1.453237533569336,440800,0.0,0.0
1983-10-27 00:00:00-04:00,1.4532367774084503,1.4676252603530884,1.4532367774084503,1.4676252603530884,623600,0.0,0.0
1983-10-28 00:00:00-04:00,1.4604318141937256,1.4676260595838424,1.4604318141937256,1.4604318141937256,713800,0.0,0.0
1983-10-31 00:00:00-05:00,1.4820149278871104,1.4892091751098633,1.4820149278871104,1.4892091751098633,220400,0.0,0.0
1983-11-01 00:00:00-05:00,1.4748195018254073,1.4820137432977265,1.4604310188807692,1.4676252603530884,2812200,0.0,0.0
1983-11-02 00:00:00-05:00,1.480525842353479,1.4878551782067142,1.465867170647009,1.4731965065002441,845800,0.235,0.0
1983-11-03 00:00:00-05:00,1.4731959222566964,1.480525255203247,1.458537256363595,1.480525255203247,811000,0.0,0.0
1983-11-04 00:00:00-05:00,1.480525673652182,1.480525673652182,1.4365496635437012,1.4365496635437012,581400,0.0,0.0
1983-11-07 00:00:00-05:00,1.4292206921553248,1.4512087028038683,1.4292206921553248,1.4438793659210205,364200,0.0,0.0
1983-11-08 00:00:00-05:00,1.443878627434755,1.443878627434755,1.4292199611663818,1.4292199611663818,275600,0.0,0.0
1983-11-09 00:00:00-05:00,1.429220328525621,1.4438789985617813,1.421890993507541,1.4365496635437012,446400,0.0,0.0
1983-11-10 00:00:00-05:00,1.4438787254027134,1.4512080590341994,1.407232057245284,1.41456139087677,569400,0.0,0.0
1983-11-11 00:00:00-05:00,1.414561658489461,1.4365496635437012,1.414561658489461,1.4365496635437012,566400,0.0,0.0
1983-11-14 00:00:00-05:00,1.4512080067965252,1.4585373401641846,1.443878673428866,1.4585373401641846,1113400,0.0,0.0
1983-11-15 00:00:00-05:00,1.4585379277816928,1.4585379277816928,1.4512085914611816,1.4512085914611816,722400,0.0,0.0
1983-11-16 00:00:00-05:00,1.4585373401641846,1.4585373401641846,1.4512080067965252,1.4585373401641846,226800,0.0,0.0
1983-11-17 00:00:00-05:00,1.4585379277816928,1.4585379277816928,1.4365499188201596,1.4512085914611816,985800,0.0,0.0
1983-11-18 00:00:00-05:00,1.4512087028038683,1.4512087028038683,1.4292206921553248,1.4438793659210205,498400,0.0,0.0
1983-11-21 00:00:00-05:00,1.4438793659210205,1.4512087028038683,1.4365500290381727,1.4438793659210205,917400,0.0,0.0
1983-11-22 00:00:00-05:00,1.4438792551406707,1.4512085914611816,1.4365499188201596,1.4512085914611816,663200,0.0,0.0
1983-11-23 00:00:00-05:00,1.4512085914611816,1.4585379277816928,1.4365499188201596,1.4512085914611816,294600,0.0,0.0
1983-11-25 00:00:00-05:00,1.4512085914611816,1.4512085914611816,1.4438792551406707,1.4512085914611816,221800,0.0,0.0
1983-11-28 00:00:00-05:00,1.4512087028038683,1.458538039686716,1.4365500290381727,1.4438793659210205,267000,0.0,0.0
1983-11-29 00:00:00-05:00,1.4512080067965252,1.4585373401641846,1.443878673428866,1.4585373401641846,361800,0.0,0.0
1983-11-30 00:00:00-05:00,1.4585379277816928,1.4585379277816928,1.4512085914611816,1.4512085914611816,462000,0.0,0.0
1983-12-01 00:00:00-05:00,1.4512085914611816,1.4585379277816928,1.4438792551406707,1.4512085914611816,278000,0.0,0.0
1983-12-02 00:00:00-05:00,1.4585376685979414,1.4585376685979414,1.429220328525621,1.4365496635437012,464000,0.0,0.0
1983-12-05 00:00:00-05:00,1.4365492943005684,1.4365492943005684,1.4218906280321952,1.4292199611663818,158000,0.0,0.0
1983-12-06 00:00:00-05:00,1.4292206684338677,1.4292206684338677,1.4218913316726685,1.4218913316726685,402400,0.0,0.0
1983-12-07 00:00:00-05:00,1.41456139087677,1.421890724508256,1.407232057245284,1.41456139087677,185200,0.0,0.0
1983-12-08 00:00:00-05:00,1.4145619949114692,1.4218913316726685,1.4145619949114692,1.4218913316726685,213800,0.0,0.0
1983-12-09 00:00:00-05:00,1.4145612948980086,1.4292199611663818,1.4145612948980086,1.4292199611663818,320200,0.0,0.0
1983-12-12 00:00:00-05:00,1.4292199611663818,1.4365492943005684,1.4292199611663818,1.4292199611663818,310600,0.0,0.0
1983-12-13 00:00:00-05:00,1.4292206684338677,1.4292206684338677,1.4145619949114692,1.4218913316726685,968000,0.0,0.0
1983-12-14 00:00:00-05:00,1.41456139087677,1.421890724508256,1.407232057245284,1.41456139087677,300600,0.0,0.0
1983-12-15 00:00:00-05:00,1.407232394393202,1.4145617297806665,1.3999030590057373,1.3999030590057373,399000,0.0,0.0
1983-12-16 00:00:00-05:00,1.3999030590057373,1.407232394393202,1.385244388230808,1.3999030590057373,383800,0.0,0.0
1983-12-19 00:00:00-05:00,1.385244388230808,1.4145617297806665,1.385244388230808,1.3999030590057373,907400,0.0,0.0
1983-12-20 00:00:00-05:00,1.407232394393202,1.4145617297806665,1.3999030590057373,1.3999030590057373,168200,0.0,0.0
1983-12-21 00:00:00-05:00,1.4072319617638223,1.4292199611663818,1.4072319617638223,1.4292199611663818,263600,0.0,0.0
1983-12-22 00:00:00-05:00,1.4292199611663818,1.4365492943005684,1.4145612948980086,1.4292199611663818,350000,0.0,0.0
1983-12-23 00:00:00-05:00,1.4292206684338677,1.4292206684338677,1.4218913316726685,1.4218913316726685,275600,0.0,0.0
1983-12-27 00:00:00-05:00,1.4365492943005684,1.4365492943005684,1.4292199611663818,1.4292199611663818,717000,0.0,0.0
1983-12-28 00:00:00-05:00,1.4365499188201596,1.4585379277816928,1.4365499188201596,1.4512085914611816,298000,0.0,0.0
1983-12-29 00:00:00-05:00,1.4512087028038683,1.4512087028038683,1.4438793659210205,1.4438793659210205,145600,0.0,0.0
1983-12-30 00:00:00-05:00,1.4512085914611816,1.4585379277816928,1.4438792551406707,1.4512085914611816,107000,0.0,0.0
1984-01-03 00:00:00-05:00,1.4585373401641846,1.473196006899503,1.4512080067965252,1.4585373401641846,553000,0.0,0.0
1984-01-04 00:00:00-05:00,1.458537834793774,1.4731965065002441,1.458537834793774,1.4731965065002441,143200,0.0,0.0
1984-01-05 00:00:00-05:00,1.4658669532813462,1.4878549575805664,1.4658669532813462,1.4878549575805664,570200,0.0,0.0
1984-01-06 00:00:00-05:00,1.487854588149798,1.487854588149798,1.458537256363595,1.480525255203247,395200,0.0,0.0
1984-01-09 00:00:00-05:00,1.4731957787275314,1.4731957787275314,1.4585371142625807,1.4658664464950562,808600,0.0,0.0
1984-01-10 00:00:00-05:00,1.4658666735318437,1.473196006899503,1.4585373401641846,1.4585373401641846,255200,0.0,0.0
1984-01-11 00:00:00-05:00,1.4585371142625807,1.4731957787275314,1.4585371142625807,1.4658664464950562,105400,0.0,0.0
1984-01-12 00:00:00-05:00,1.4585371142625807,1.4658664464950562,1.4585371142625807,1.4658664464950562,188200,0.0,0.0
1984-01-13 00:00:00-05:00,1.4731957787275314,1.4731957787275314,1.4585371142625807,1.4658664464950562,138400,0.0,0.0
1984-01-16 00:00:00-05:00,1.4512085914611816,1.4658672641022037,1.4438792551406707,1.4512085914611816,160800,0.0,0.0
1984-01-17 00:00:00-05:00,1.4512080067965252,1.4585373401641846,1.443878673428866,1.4585373401641846,329400,0.0,0.0
1984-01-18 00:00:00-05:00,1.4512080067965252,1.4585373401641846,1.4512080067965252,1.4585373401641846,153800,0.0,0.0
1984-01-19 00:00:00-05:00,1.4585371142625807,1.4731957787275314,1.4512077820301055,1.4658664464950562,502800,0.0,0.0
1984-01-20 00:00:00-05:00,1.4512077820301055,1.4658664464950562,1.4438784497976302,1.4658664464950562,473000,0.0,0.0
1984-01-23 00:00:00-05:00,1.4512085914611816,1.4585379277816928,1.4438792551406707,1.4512085914611816,387800,0.0,0.0
1984-01-24 00:00:00-05:00,1.4658666735318437,1.4658666735318437,1.4512080067965252,1.4585373401641846,203000,0.0,0.0
1984-01-25 00:00:00-05:00,1.4512080067965252,1.473196006899503,1.4512080067965252,1.4585373401641846,458000,0.0,0.0
1984-01-26 00:00:00-05:00,1.4438793659210205,1.4512087028038683,1.4438793659210205,1.4438793659210205,1659600,0.0,0.0
1984-01-27 00:00:00-05:00,1.4512085914611816,1.4585379277816928,1.4512085914611816,1.4512085914611816,963200,0.0,0.0
1984-01-30 00:00:00-05:00,1.4512085914611816,1.4585379277816928,1.4512085914611816,1.4512085914611816,44000,0.0,0.0
1984-01-31 00:00:00-05:00,1.4512077820301055,1.4658664464950562,1.4438784497976302,1.4658664464950562,758800,0.0,0.0
1984-02-01 00:00:00-05:00,1.4585373401641846,1.4658666735318437,1.4512080067965252,1.4585373401641846,2060200,0.0,0.0
1984-02-02 00:00:00-05:00,1.4528462886810303,1.4603351870762933,1.4453573902857673,1.4528462886810303,676400,0.265,0.0
1984-02-03 00:00:00-05:00,1.4603345618030141,1.475312352180481,1.4528456666142808,1.475312352180481,206400,0.0,0.0
1984-02-06 00:00:00-05:00,1.4603349657691254,1.4753127602898344,1.452846068508771,1.46782386302948,558600,0.0,0.0
1984-02-07 00:00:00-05:00,1.4528452885456575,1.4603341817855835,1.4528452885456575,1.4603341817855835,177200,0.0,0.0
1984-02-08 00:00:00-05:00,1.4528462886810303,1.4603351870762933,1.4528462886810303,1.4528462886810303,113400,0.0,0.0
1984-02-09 00:00:00-05:00,1.4453575611114502,1.4528464603918203,1.43786866183108,1.4453575611114502,385600,0.0,0.0
1984-02-10 00:00:00-05:00,1.4453575611114502,1.4528464603918203,1.43786866183108,1.4453575611114502,299800,0.0,0.0
1984-02-13 00:00:00-05:00,1.4453569444686332,1.4453569444686332,1.422890256212644,1.4303791522979736,288600,0.0,0.0
1984-02-14 00:00:00-05:00,1.4303795448009005,1.4303795448009005,1.4079128503799438,1.4079128503799438,201200,0.0,0.0
1984-02-15 00:00:00-05:00,1.407912917868801,1.4303796133667073,1.407912917868801,1.415401816368103,668800,0.0,0.0
1984-02-16 00:00:00-05:00,1.4079128503799438,1.4154017485202628,1.400423952239625,1.4079128503799438,148400,0.0,0.0
1984-02-17 00:00:00-05:00,1.400423918729243,1.407912816690362,1.3629794289236483,1.3779572248458862,334400,0.0,0.0
1984-02-21 00:00:00-05:00,1.3779573961685265,1.3779573961685265,1.362979598384086,1.3704684972763062,190600,0.0,0.0
1984-02-22 00:00:00-05:00,1.362978674914386,1.3854453563690186,1.362978674914386,1.3854453563690186,469200,0.0,0.0
1984-02-23 00:00:00-05:00,1.3854461228070052,1.3854461228070052,1.3629794289236483,1.3779572248458862,323400,0.0,0.0
1984-02-24 00:00:00-05:00,1.3779572248458862,1.3854461228070052,1.3704683268847673,1.3779572248458862,615600,0.0,0.0
1984-02-27 00:00:00-05:00,1.3779564625508076,1.3854453563690186,1.3704675687325967,1.3854453563690186,492200,0.0,0.0
1984-02-28 00:00:00-05:00,1.3854461228070052,1.3854461228070052,1.3704683268847673,1.3779572248458862,155200,0.0,0.0
1984-02-29 00:00:00-05:00,1.3629796504974365,1.3704685496759939,1.3554907513188792,1.3629796504974365,272000,0.0,0.0
1984-03-01 00:00:00-05:00,1.362978674914386,1.3854453563690186,1.362978674914386,1.3854453563690186,663600,0.0,0.0
1984-03-02 00:00:00-05:00,1.38544632470544,1.4079130218628255,1.38544632470544,1.4004241228103638,144800,0.0,0.0
1984-03-05 00:00:00-05:00,1.4004243204468174,1.4378688209935238,1.3929354203374762,1.4228910207748413,230200,0.0,0.0
1984-03-06 00:00:00-05:00,1.4079128503799438,1.4228906466605815,1.4079128503799438,1.4079128503799438,71200,0.0,0.0
1984-03-07 00:00:00-05:00,1.3929342501872295,1.3929342501872295,1.3854453563690186,1.3854453563690186,168600,0.0,0.0
1984-03-08 00:00:00-05:00,1.3854453563690186,1.3929342501872295,1.3854453563690186,1.3854453563690186,103400,0.0,0.0
1984-03-09 00:00:00-05:00,1.3854462950607467,1.3854462950607467,1.3704684972763062,1.3704684972763062,134200,0.0,0.0
1984-03-12 00:00:00-05:00,1.3704685266005163,1.4004241228103638,1.3704685266005163,1.4004241228103638,119000,0.0,0.0
1984-03-13 00:00:00-05:00,1.400423918729243,1.400423918729243,1.3779572248458862,1.3779572248458862,135200,0.0,0.0
1984-03-14 00:00:00-05:00,1.3854461228070052,1.3854461228070052,1.3779572248458862,1.3779572248458862,44800,0.0,0.0
1984-03-15 00:00:00-05:00,1.3779571235820811,1.3929349184036255,1.3779571235820811,1.3929349184036255,96400,0.0,0.0
1984-03-16 00:00:00-05:00,1.4303799208841825,1.4303799208841825,1.4079132205561589,1.4228910207748413,323800,0.0,0.0
1984-03-19 00:00:00-05:00,1.4303791522979736,1.4303791522979736,1.4154013601273143,1.4303791522979736,563600,0.0,0.0
1984-03-20 00:00:00-05:00,1.422890256212644,1.4303791522979736,1.422890256212644,1.4303791522979736,686200,0.0,0.0
1984-03-21 00:00:00-05:00,1.4303791522979736,1.4303791522979736,1.422890256212644,1.4303791522979736,132600,0.0,0.0
1984-03-22 00:00:00-05:00,1.4378688209935238,1.4378688209935238,1.4228910207748413,1.4228910207748413,202800,0.0,0.0
1984-03-23 00:00:00-05:00,1.4228910207748413,1.4303799208841825,1.4228910207748413,1.4228910207748413,90800,0.0,0.0
1984-03-26 00:00:00-05:00,1.4228910207748413,1.4303799208841825,1.4228910207748413,1.4228910207748413,119200,0.0,0.0
1984-03-27 00:00:00-05:00,1.4303799208841825,1.4378688209935238,1.4228910207748413,1.4228910207748413,129400,0.0,0.0
1984-03-28 00:00:00-05:00,1.4303789810480807,1.475312352180481,1.4303789810480807,1.475312352180481,175200,0.0,0.0
1984-03-29 00:00:00-05:00,1.4453573902857673,1.4528462886810303,1.4378684918905043,1.4528462886810303,188400,0.0,0.0
1984-03-30 00:00:00-05:00,1.4528462725381055,1.4528462725381055,1.4228906792898972,1.4378684759140015,348800,0.0,0.0
1984-04-02 00:00:00-05:00,1.4303791522979736,1.4378680483833035,1.422890256212644,1.4303791522979736,141200,0.0,0.0
1984-04-03 00:00:00-05:00,1.4303799208841825,1.4303799208841825,1.4228910207748413,1.4228910207748413,146600,0.0,0.0
1984-04-04 00:00:00-05:00,1.4228908632703396,1.4453575611114502,1.4228908632703396,1.4453575611114502,281800,0.0,0.0
1984-04-05 00:00:00-05:00,1.4378685118660095,1.4378685118660095,1.415401816368103,1.415401816368103,182400,0.0,0.0
1984-04-06 00:00:00-05:00,1.4154017485202628,1.4228906466605815,1.4079128503799438,1.4079128503799438,188800,0.0,0.0
1984-04-09 00:00:00-05:00,1.4079130218628255,1.4154019209152875,1.4004241228103638,1.4004241228103638,400400,0.0,0.0
1984-04-10 00:00:00-05:00,1.4004241228103638,1.4079130218628255,1.4004241228103638,1.4004241228103638,366200,0.0,0.0
1984-04-11 00:00:00-05:00,1.4004241228103638,1.4079130218628255,1.4004241228103638,1.4004241228103638,138400,0.0,0.0
1984-04-12 00:00:00-05:00,1.415401816368103,1.4228907148674053,1.407912917868801,1.415401816368103,164000,0.0,0.0
1984-04-13 00:00:00-05:00,1.4154021206655,1.4228910207748413,1.4154021206655,1.4228910207748413,150400,0.0,0.0
1984-04-16 00:00:00-05:00,1.4228906792898972,1.4378684759140015,1.4154017809778452,1.4378684759140015,602600,0.0,0.0
1984-04-17 00:00:00-05:00,1.4453563953057313,1.4603341817855835,1.4378675020658054,1.4603341817855835,534000,0.0,0.0
1984-04-18 00:00:00-05:00,1.4603341817855835,1.4678230750255097,1.4528452885456575,1.4603341817855835,2343400,0.0,0.0
1984-04-19 00:00:00-05:00,1.4603341817855835,1.4678230750255097,1.4528452885456575,1.4603341817855835,332200,0.0,0.0
1984-04-23 00:00:00-05:00,1.46782386302948,1.4753127602898344,1.4603349657691254,1.46782386302948,305400,0.0,0.0
1984-04-24 00:00:00-05:00,1.4678242351069595,1.4828020334243774,1.4678242351069595,1.4828020334243774,454000,0.0,0.0
1984-04-25 00:00:00-05:00,1.475312352180481,1.4902901425579478,1.4678234569917477,1.475312352180481,817000,0.0,0.0
1984-04-26 00:00:00-05:00,1.482801526340086,1.5052682161331177,1.482801526340086,1.5052682161331177,456200,0.0,0.0
1984-04-27 00:00:00-05:00,1.4977798317417954,1.5052687309005044,1.4828020334243774,1.4828020334243774,614000,0.0,0.0
1984-04-30 00:00:00-04:00,1.4828020334243774,1.4902909325830864,1.4603353359482505,1.4828020334243774,1016600,0.0,0.0
1984-05-01 00:00:00-04:00,1.4828013396263124,1.497779130935669,1.475312443971634,1.497779130935669,848200,0.0,0.0
1984-05-02 00:00:00-04:00,1.497779130935669,1.497779130935669,1.4902902352809906,1.497779130935669,2472000,0.0,0.0
1984-05-03 00:00:00-04:00,1.4919643316950117,1.5072665299688066,1.484313232558114,1.4996154308319092,2304000,0.265,0.0
1984-05-04 00:00:00-04:00,1.5072671060610299,1.5149182081222534,1.4996160039998063,1.5149182081222534,321400,0.0,0.0
1984-05-07 00:00:00-04:00,1.5072671060610299,1.5149182081222534,1.5072671060610299,1.5149182081222534,565800,0.0,0.0
1984-05-08 00:00:00-04:00,1.5149182081222534,1.5149182081222534,1.5072671060610299,1.5149182081222534,406200,0.0,0.0
1984-05-09 00:00:00-04:00,1.5149182081222534,1.522569310183477,1.5072671060610299,1.5149182081222534,609600,0.0,0.0
1984-05-10 00:00:00-04:00,1.5149177134037017,1.5378710120916366,1.5149177134037017,1.5302199125289917,2100000,0.0,0.0
1984-05-11 00:00:00-04:00,1.5302200128536412,1.5455222129821777,1.5225689127893731,1.5455222129821777,222000,0.0,0.0
1984-05-14 00:00:00-04:00,1.5378711129179095,1.5455222129821777,1.484313412468032,1.5455222129821777,258000,0.0,0.0
1984-05-15 00:00:00-04:00,1.5378710120916366,1.5455221116542814,1.5302199125289917,1.5302199125289917,210800,0.0,0.0
1984-05-16 00:00:00-04:00,1.5378708839416504,1.5455219828667333,1.5378708839416504,1.5378708839416504,630600,0.0,0.0
1984-05-17 00:00:00-04:00,1.5378710120916366,1.5455221116542814,1.5225688129663466,1.5302199125289917,270400,0.0,0.0
1984-05-18 00:00:00-04:00,1.5225688129663466,1.5302199125289917,1.5225688129663466,1.5302199125289917,726200,0.0,0.0
1984-05-21 00:00:00-04:00,1.5302199125289917,1.5302199125289917,1.5225688129663466,1.5302199125289917,711400,0.0,0.0
1984-05-22 00:00:00-04:00,1.522569310183477,1.5302204122447003,1.5149182081222534,1.5149182081222534,363800,0.0,0.0
1984-05-23 00:00:00-04:00,1.5225689127893731,1.5455222129821777,1.5225689127893731,1.5455222129821777,675400,0.0,0.0
1984-05-24 00:00:00-04:00,1.5302197850165675,1.5455219828667333,1.5302197850165675,1.5378708839416504,393800,0.0,0.0
1984-05-25 00:00:00-04:00,1.5302204122447003,1.5378715143059238,1.5149182081222534,1.5149182081222534,405000,0.0,0.0
1984-05-29 00:00:00-04:00,1.5149182081222534,1.522569310183477,1.5149182081222534,1.5149182081222534,250200,0.0,0.0
1984-05-30 00:00:00-04:00,1.5149173664687268,1.530219562089623,1.5072662686582785,1.5225684642791748,226200,0.0,0.0
1984-05-31 00:00:00-04:00,1.522568478802134,1.5302195766855617,1.5072662830352783,1.5072662830352783,135000,0.0,0.0
1984-06-01 00:00:00-04:00,1.5072671060610299,1.522569310183477,1.4919649019385828,1.5149182081222534,1051200,0.0,0.0
1984-06-04 00:00:00-04:00,1.5149173664687268,1.5225684642791748,1.5149173664687268,1.5225684642791748,553800,0.0,0.0
1984-06-05 00:00:00-04:00,1.522568478802134,1.522568478802134,1.4996151851518507,1.5072662830352783,180000,0.0,0.0
1984-06-06 00:00:00-04:00,1.4996154308319092,1.514917629105704,1.4919643316950117,1.4996154308319092,607000,0.0,0.0
1984-06-07 00:00:00-04:00,1.5072665299688066,1.514917629105704,1.4996154308319092,1.4996154308319092,90800,0.0,0.0
1984-06-08 00:00:00-04:00,1.5072671060610299,1.522569310183477,1.4996160039998063,1.5149182081222534,332000,0.0,0.0
1984-06-11 00:00:00-04:00,1.5072665299688066,1.514917629105704,1.4996154308319092,1.4996154308319092,473000,0.0,0.0
1984-06-12 00:00:00-04:00,1.4996151851518507,1.5072662830352783,1.4996151851518507,1.5072662830352783,489400,0.0,0.0
1984-06-13 00:00:00-04:00,1.5072662830352783,1.5072662830352783,1.4919640872684228,1.5072662830352783,309800,0.0,0.0
1984-06-14 00:00:00-04:00,1.4996154308319092,1.5072665299688066,1.4996154308319092,1.4996154308319092,465000,0.0,0.0
1984-06-15 00:00:00-04:00,1.5072671060610299,1.522569310183477,1.5072671060610299,1.5149182081222534,926600,0.0,0.0
1984-06-18 00:00:00-04:00,1.5149182081222534,1.522569310183477,1.5072671060610299,1.5149182081222534,446000,0.0,0.0
1984-06-19 00:00:00-04:00,1.5225684642791748,1.530219562089623,1.5149173664687268,1.5225684642791748,880000,0.0,0.0
1984-06-20 00:00:00-04:00,1.5149179100990295,1.5684756139914195,1.5149179100990295,1.5608245134353638,476000,0.0,0.0
1984-06-21 00:00:00-04:00,1.5531736391346629,1.5684758424758911,1.5531736391346629,1.5684758424758911,716800,0.0,0.0
1984-06-22 00:00:00-04:00,1.560824413110714,1.5684755131749823,1.5455222129821777,1.5455222129821777,319800,0.0,0.0
1984-06-25 00:00:00-04:00,1.5455219828667333,1.5455219828667333,1.5378708839416504,1.5378708839416504,110400,0.0,0.0
1984-06-26 00:00:00-04:00,1.5378711129179095,1.5455222129821777,1.5302200128536412,1.5455222129821777,233400,0.0,0.0
1984-06-27 00:00:00-04:00,1.5378708839416504,1.5455219828667333,1.5378708839416504,1.5378708839416504,267000,0.0,0.0
1984-06-28 00:00:00-04:00,1.5455219828667333,1.5455219828667333,1.5302197850165675,1.5378708839416504,517400,0.0,0.0
1984-06-29 00:00:00-04:00,1.5225689127893731,1.5531733130464458,1.5225689127893731,1.5455222129821777,265800,0.0,0.0
1984-07-02 00:00:00-04:00,1.5378708839416504,1.5455219828667333,1.5302197850165675,1.5378708839416504,255200,0.0,0.0
1984-07-03 00:00:00-04:00,1.5302197850165675,1.5455219828667333,1.5302197850165675,1.5378708839416504,103600,0.0,0.0
1984-07-05 00:00:00-04:00,1.5455222129821777,1.5531733130464458,1.5455222129821777,1.5455222129821777,100200,0.0,0.0
1984-07-06 00:00:00-04:00,1.5455223123232524,1.5608245134353638,1.5455223123232524,1.5608245134353638,158800,0.0,0.0
1984-07-09 00:00:00-04:00,1.5455225374640489,1.5684758424758911,1.5455225374640489,1.5684758424758911,530800,0.0,0.0
1984-07-10 00:00:00-04:00,1.5531736391346629,1.5684758424758911,1.5531736391346629,1.5684758424758911,212200,0.0,0.0
1984-07-11 00:00:00-04:00,1.5608247408052769,1.5761269441465051,1.5608247408052769,1.5684758424758911,537000,0.0,0.0
1984-07-12 00:00:00-04:00,1.5684755942196522,1.5837777951388683,1.5684755942196522,1.5761266946792603,384000,0.0,0.0
1984-07-13 00:00:00-04:00,1.5684755942196522,1.5761266946792603,1.5684755942196522,1.5761266946792603,133400,0.0,0.0
1984-07-16 00:00:00-04:00,1.5684757991270586,1.599080204963684,1.5684757991270586,1.599080204963684,602200,0.0,0.0
1984-07-17 00:00:00-04:00,1.5914291035045278,1.6067313064228406,1.5837780020453713,1.599080204963684,243600,0.0,0.0
1984-07-18 00:00:00-04:00,1.591429210844494,1.6067314147949219,1.591429210844494,1.6067314147949219,588200,0.0,0.0
1984-07-19 00:00:00-04:00,1.6067313064228406,1.6067313064228406,1.599080204963684,1.599080204963684,85600,0.0,0.0
1984-07-20 00:00:00-04:00,1.599080204963684,1.6143824078819968,1.599080204963684,1.599080204963684,314600,0.0,0.0
1984-07-23 00:00:00-04:00,1.6067313064228406,1.6143824078819968,1.599080204963684,1.599080204963684,112000,0.0,0.0
1984-07-24 00:00:00-04:00,1.599079947336025,1.6220332480154895,1.599079947336025,1.6143821477890015,714000,0.0,0.0
1984-07-25 00:00:00-04:00,1.6143817667649172,1.6449861604476643,1.6143817667649172,1.6373350620269775,378000,0.0,0.0
1984-07-26 00:00:00-04:00,1.6296842098236084,1.6449864089768818,1.6296842098236084,1.6296842098236084,225200,0.0,0.0
1984-07-27 00:00:00-04:00,1.6296839636062908,1.6449861604476643,1.6296839636062908,1.6373350620269775,236000,0.0,0.0
1984-07-30 00:00:00-04:00,1.637335309400245,1.6449864089768818,1.6296842098236084,1.6296842098236084,849600,0.0,0.0
1984-07-31 00:00:00-04:00,1.6296842098236084,1.637335309400245,1.6220331102469718,1.6296842098236084,122200,0.0,0.0
1984-08-01 00:00:00-04:00,1.637336003503134,1.6449871063232422,1.6296849006830258,1.6449871063232422,693600,0.0,0.0
1984-08-02 00:00:00-04:00,1.6312502059981087,1.670275330543518,1.6312502059981087,1.670275330543518,1809000,0.265,0.0
1984-08-03 00:00:00-04:00,1.6702749537065695,1.6702749537065695,1.646859884262085,1.646859884262085,865600,0.0,0.0
1984-08-06 00:00:00-04:00,1.6468602016091891,1.7093003988265991,1.6468602016091891,1.7093003988265991,609600,0.0,0.0
1984-08-07 00:00:00-04:00,1.6936908511228341,1.6936908511228341,1.6780807971954346,1.6780807971954346,699200,0.0,0.0
1984-08-08 00:00:00-04:00,1.6780794549871374,1.7014945171497486,1.670274434266267,1.6858844757080078,345800,0.0,0.0
1984-08-09 00:00:00-04:00,1.6780797467319244,1.709299835043216,1.6780797467319244,1.701494812965393,269000,0.0,0.0
1984-08-10 00:00:00-04:00,1.7093004550889273,1.724910504907091,1.670275330543518,1.670275330543518,1199000,0.0,0.0
1984-08-13 00:00:00-04:00,1.6624690586665891,1.6702740777213618,1.6468590205570437,1.6546640396118164,281800,0.0,0.0
1984-08-14 00:00:00-04:00,1.6468601573081245,1.654665181750343,1.6390551328659058,1.6390551328659058,162800,0.0,0.0
1984-08-15 00:00:00-04:00,1.6390548611139233,1.6546649074102464,1.6390548611139233,1.646859884262085,160800,0.0,0.0
1984-08-16 00:00:00-04:00,1.6468602558162724,1.6780803554525998,1.6390552309071906,1.670275330543518,466800,0.0,0.0
1984-08-17 00:00:00-04:00,1.670275330543518,1.6858853803616818,1.670275330543518,1.670275330543518,90400,0.0,0.0
1984-08-20 00:00:00-04:00,1.670275330543518,1.6858853803616818,1.662470305634436,1.670275330543518,199000,0.0,0.0
1984-08-21 00:00:00-04:00,1.6780797467319244,1.717104857121039,1.6702747246541014,1.701494812965393,389800,0.0,0.0
1984-08-22 00:00:00-04:00,1.717104857121039,1.717104857121039,1.701494812965393,1.701494812965393,216800,0.0,0.0
1984-08-23 00:00:00-04:00,1.701494812965393,1.717104857121039,1.6936897908875703,1.701494812965393,293400,0.0,0.0
1984-08-24 00:00:00-04:00,1.6858844757080078,1.6936894964288782,1.6780794549871374,1.6858844757080078,425400,0.0,0.0
1984-08-27 00:00:00-04:00,1.6858853803616818,1.6858853803616818,1.670275330543518,1.670275330543518,338200,0.0,0.0
1984-08-28 00:00:00-04:00,1.670275770231735,1.6858858241591343,1.670275770231735,1.6780807971954346,149000,0.0,0.0
1984-08-29 00:00:00-04:00,1.6858853803616818,1.6858853803616818,1.670275330543518,1.670275330543518,235000,0.0,0.0
1984-08-30 00:00:00-04:00,1.670275770231735,1.6780807971954346,1.670275770231735,1.6780807971954346,206600,0.0,0.0
1984-08-31 00:00:00-04:00,1.670275770231735,1.6780807971954346,1.6624707432680352,1.6780807971954346,317400,0.0,0.0
1984-09-04 00:00:00-04:00,1.670275330543518,1.6780803554525998,1.662470305634436,1.670275330543518,167200,0.0,0.0
1984-09-05 00:00:00-04:00,1.670274434266267,1.6936894964288782,1.6624694135453968,1.6858844757080078,446600,0.0,0.0
1984-09-06 00:00:00-04:00,1.6858847688097474,1.709299835043216,1.6858847688097474,1.701494812965393,571400,0.0,0.0
1984-09-07 00:00:00-04:00,1.7014958034462644,1.7171058566888906,1.6936907768249512,1.6936907768249512,711800,0.0,0.0
1984-09-10 00:00:00-04:00,1.6780794549871374,1.7014945171497486,1.670274434266267,1.6858844757080078,714600,0.0,0.0
1984-09-11 00:00:00-04:00,1.7014954301798455,1.7014954301798455,1.670275330543518,1.670275330543518,316800,0.0,0.0
1984-09-12 00:00:00-04:00,1.6780803554525998,1.6780803554525998,1.662470305634436,1.670275330543518,342400,0.0,0.0
1984-09-13 00:00:00-04:00,1.6624706703396988,1.7014958034462644,1.6624706703396988,1.6936907768249512,650600,0.0,0.0
1984-09-14 00:00:00-04:00,1.701494812965393,1.717104857121039,1.6936897908875703,1.701494812965393,420600,0.0,0.0
1984-09-17 00:00:00-04:00,1.6858857502036382,1.7014958034462644,1.6858857502036382,1.6936907768249512,216000,0.0,0.0
1984-09-18 00:00:00-04:00,1.7014945171497486,1.7014945171497486,1.6858844757080078,1.6858844757080078,1930800,0.0,0.0
1984-09-19 00:00:00-04:00,1.6858847688097474,1.709299835043216,1.6858847688097474,1.701494812965393,219000,0.0,0.0
1984-09-20 00:00:00-04:00,1.7092999429316136,1.7327150106430054,1.7092999429316136,1.7327150106430054,303800,0.0,0.0
1984-09-21 00:00:00-04:00,1.717104857121039,1.7327149012766847,1.701494812965393,1.701494812965393,579400,0.0,0.0
1984-09-24 00:00:00-04:00,1.709299835043216,1.724909879198862,1.701494812965393,1.701494812965393,169800,0.0,0.0
1984-09-25 00:00:00-04:00,1.7171049981095672,1.732715043546927,1.7014949526722074,1.724910020828247,382600,0.0,0.0
1984-09-26 00:00:00-04:00,1.7249102762767248,1.7483253479003906,1.7249102762767248,1.7483253479003906,480600,0.0,0.0
1984-09-27 00:00:00-04:00,1.756129503250122,1.771739543279012,1.756129503250122,1.756129503250122,459400,0.0,0.0
1984-09-28 00:00:00-04:00,1.7639350891113281,1.7717401116295197,1.7483250440749445,1.7639350891113281,487800,0.0,0.0
1984-10-01 00:00:00-04:00,1.763935887340932,1.7717409133911133,1.7561308612907511,1.7717409133911133,1196000,0.0,0.0
1984-10-02 00:00:00-04:00,1.7717408415532008,1.7873508930206299,1.7639358158194862,1.7873508930206299,256000,0.0,0.0
1984-10-03 00:00:00-04:00,1.7873508930206299,1.7951559187543444,1.7717408415532008,1.7873508930206299,309600,0.0,0.0
1984-10-04 00:00:00-04:00,1.7873502638029015,1.7951552867889404,1.7873502638029015,1.7951552867889404,313200,0.0,0.0
1984-10-05 00:00:00-04:00,1.7951550163747945,1.8107650599954448,1.787349994564469,1.8029600381851196,228200,0.0,0.0
1984-10-08 00:00:00-04:00,1.8107651472091675,1.8107651472091675,1.802960125022921,1.8107651472091675,420600,0.0,0.0
1984-10-09 00:00:00-04:00,1.8029603097749793,1.810765332761018,1.7951552867889404,1.7951552867889404,274800,0.0,0.0
1984-10-10 00:00:00-04:00,1.8029603097749793,1.810765332761018,1.7951552867889404,1.7951552867889404,340400,0.0,0.0
1984-10-11 00:00:00-04:00,1.802960944488059,1.802960944488059,1.7873508930206299,1.7873508930206299,167000,0.0,0.0
1984-10-12 00:00:00-04:00,1.787349994564469,1.8029600381851196,1.787349994564469,1.8029600381851196,362000,0.0,0.0
1984-10-15 00:00:00-04:00,1.8029606838594692,1.8185707330703735,1.7951556592540168,1.8185707330703735,398800,0.0,0.0
1984-10-16 00:00:00-04:00,1.818570169395414,1.8263751915816604,1.802960125022921,1.8107651472091675,150000,0.0,0.0
1984-10-17 00:00:00-04:00,1.8107657084649214,1.8341807822812781,1.8107657084649214,1.8185707330703735,550200,0.0,0.0
1984-10-18 00:00:00-04:00,1.8263742973824508,1.8653993892068623,1.8185692790175687,1.85759437084198,1149600,0.0,0.0
1984-10-19 00:00:00-04:00,1.8654014993522128,1.8888165809340396,1.8419864177703857,1.8419864177703857,1011600,0.0,0.0
1984-10-22 00:00:00-04:00,1.8497911584682953,1.8497911584682953,1.8185710545279024,1.8263760805130005,219800,0.0,0.0
1984-10-23 00:00:00-04:00,1.818570169395414,1.8263751915816604,1.802960125022921,1.8107651472091675,437800,0.0,0.0
1984-10-24 00:00:00-04:00,1.8029610175918378,1.810766043642019,1.7717409133911133,1.7717409133911133,569400,0.0,0.0
1984-10-25 00:00:00-04:00,1.7717408415532008,1.7873508930206299,1.7717408415532008,1.7873508930206299,157000,0.0,0.0
1984-10-26 00:00:00-04:00,1.7873511685614,1.7873511685614,1.7717411146875013,1.7795461416244507,304800,0.0,0.0
1984-10-29 00:00:00-05:00,1.7795461416244507,1.7873511685614,1.7717411146875013,1.7795461416244507,213400,0.0,0.0
1984-10-30 00:00:00-05:00,1.7795450584641819,1.818570169395414,1.7795450584641819,1.8107651472091675,992200,0.0,0.0
1984-10-31 00:00:00-05:00,1.820624750091116,1.820624750091116,1.7967737708322804,1.804724097251892,589600,0.265,0.0
1984-11-01 00:00:00-05:00,1.8047228156195747,1.8047228156195747,1.7649712117513021,1.7888221740722656,1305400,0.0,0.0
1984-11-02 00:00:00-05:00,1.7729219033249788,1.7888225481978486,1.7729219033249788,1.7808722257614136,195200,0.0,0.0
1984-11-05 00:00:00-05:00,1.7729217531406773,1.804723040192528,1.7729217531406773,1.7967727184295654,156600,0.0,0.0
1984-11-06 00:00:00-05:00,1.796773159713076,1.8206241308597098,1.796773159713076,1.812673807144165,652200,0.0,0.0
1984-11-07 00:00:00-05:00,1.820624750091116,1.820624750091116,1.804724097251892,1.804724097251892,645400,0.0,0.0
1984-11-08 00:00:00-05:00,1.804724097251892,1.804724097251892,1.7888234444126685,1.804724097251892,215800,0.0,0.0
1984-11-09 00:00:00-05:00,1.812673361955491,1.812673361955491,1.7888223966666028,1.7967727184295654,183600,0.0,0.0
1984-11-12 00:00:00-05:00,1.7967724948459203,1.7967724948459203,1.7808718532986112,1.7888221740722656,268200,0.0,0.0
1984-11-13 00:00:00-05:00,1.7888222040082307,1.7888222040082307,1.7649712412881209,1.7729215621948242,631200,0.0,0.0
1984-11-14 00:00:00-05:00,1.7649712412881209,1.7808718831015273,1.7649712412881209,1.7729215621948242,260800,0.0,0.0
1984-11-15 00:00:00-05:00,1.7729215621948242,1.7729215621948242,1.7649712412881209,1.7729215621948242,382600,0.0,0.0
1984-11-16 00:00:00-05:00,1.7729224154541086,1.7729224154541086,1.7490714412551744,1.7649720907211304,232800,0.0,0.0
1984-11-19 00:00:00-05:00,1.7570210695266721,1.7649713911082408,1.7331701047819663,1.7570210695266724,335200,0.0,0.0
1984-11-20 00:00:00-05:00,1.7649723692373795,1.7649723692373795,1.7411213912747123,1.749071717262268,276000,0.0,0.0
1984-11-21 00:00:00-05:00,1.7570218228858354,1.7570218228858354,1.7331708479145345,1.7411211729049683,505200,0.0,0.0
1984-11-23 00:00:00-05:00,1.7570208909776477,1.7888221740722656,1.7570208909776477,1.7888221740722656,465600,0.0,0.0
1984-11-26 00:00:00-05:00,1.804723040192528,1.804723040192528,1.7808720749036402,1.7967727184295654,498800,0.0,0.0
1984-11-27 00:00:00-05:00,1.7967727184295654,1.804723040192528,1.7888223966666028,1.7967727184295654,440400,0.0,0.0
1984-11-28 00:00:00-05:00,1.7888223966666028,1.812673361955491,1.7888223966666028,1.7967727184295654,306000,0.0,0.0
1984-11-29 00:00:00-05:00,1.8047228156195747,1.8047228156195747,1.7808718532986112,1.7888221740722656,141600,0.0,0.0
1984-11-30 00:00:00-05:00,1.7888234444126685,1.804724097251892,1.7888234444126685,1.804724097251892,463200,0.0,0.0
1984-12-03 00:00:00-05:00,1.7967737708322804,1.804724097251892,1.7888234444126685,1.804724097251892,450400,0.0,0.0
1984-12-04 00:00:00-05:00,1.804724097251892,1.8285750765107278,1.804724097251892,1.804724097251892,244600,0.0,0.0
1984-12-05 00:00:00-05:00,1.812674423671504,1.812674423671504,1.804724097251892,1.804724097251892,74400,0.0,0.0
1984-12-06 00:00:00-05:00,1.796773159713076,1.8285744545752542,1.796773159713076,1.812673807144165,721800,0.0,0.0
1984-12-07 00:00:00-05:00,1.812673789444969,1.828574436720802,1.812673789444969,1.8206241130828857,979400,0.0,0.0
1984-12-10 00:00:00-05:00,1.828574061393738,1.8365243833997977,1.8206237393876783,1.8285740613937378,235000,0.0,0.0
1984-12-11 00:00:00-05:00,1.828574061393738,1.8365243833997977,1.828574061393738,1.8285740613937378,132200,0.0,0.0
1984-12-12 00:00:00-05:00,1.8365237712860107,1.8524244099984437,1.8365237712860107,1.8365237712860107,163200,0.0,0.0
1984-12-13 00:00:00-05:00,1.8444751322013624,1.8603757798927536,1.8444751322013624,1.852425456047058,149400,0.0,0.0
1984-12-14 00:00:00-05:00,1.860373933776086,1.8921751976013184,1.852423617819778,1.8921751976013184,290400,0.0,0.0
1984-12-17 00:00:00-05:00,1.9080771774542138,1.9398784637451174,1.9001268558814879,1.9398784637451172,387800,0.0,0.0
1984-12-18 00:00:00-05:00,1.955779366493225,1.98758065700531,1.947829043865204,1.98758065700531,876000,0.0,0.0
1984-12-19 00:00:00-05:00,1.9875803931814726,1.9875803931814726,1.9319281421723915,1.9398784637451172,564400,0.0,0.0
1984-12-20 00:00:00-05:00,1.9557794332504272,1.9557794332504272,1.9398787874516432,1.9557794332504272,375800,0.0,0.0
1984-12-21 00:00:00-05:00,1.9398786154660312,1.9398786154660312,1.9239779710769656,1.9239779710769653,496200,0.0,0.0
1984-12-24 00:00:00-05:00,1.9398789582429108,1.9398789582429108,1.9239783110441984,1.9319286346435547,153400,0.0,0.0
1984-12-26 00:00:00-05:00,1.9319286346435547,1.9398789582429108,1.9239783110441984,1.9319286346435547,55800,0.0,0.0
1984-12-27 00:00:00-05:00,1.9319283096622135,1.9319283096622135,1.9160276651382446,1.9160276651382446,63800,0.0,0.0
1984-12-28 00:00:00-05:00,1.9160276651382446,1.9239779874002292,1.9080773428762603,1.9160276651382446,262200,0.0,0.0
1984-12-31 00:00:00-05:00,1.9160278187534672,1.9557794332504272,1.9160278187534672,1.9557794332504272,332000,0.0,0.0
1985-01-02 00:00:00-05:00,1.9478289541861824,1.9478289541861824,1.9080773428762603,1.9160276651382446,601200,0.0,0.0
1985-01-03 00:00:00-05:00,1.9160282800594968,1.9160282800594968,1.900127630432447,1.9080779552459717,172200,0.0,0.0
1985-01-04 00:00:00-05:00,1.9001277685165405,1.908078093907823,1.9001277685165405,1.9001277685165405,437200,0.0,0.0
1985-01-07 00:00:00-05:00,1.900127630432447,1.9160282800594968,1.900127630432447,1.9080779552459717,306000,0.0,0.0
1985-01-08 00:00:00-05:00,1.9160276651382446,1.9239779874002292,1.9080773428762603,1.9160276651382446,232000,0.0,0.0
1985-01-09 00:00:00-05:00,1.9160279874448423,1.9478292818422671,1.9080776638454862,1.9319286346435547,178200,0.0,0.0
1985-01-10 00:00:00-05:00,1.9319281421723915,1.9478287853178433,1.9319281421723915,1.9398784637451172,823400,0.0,0.0
1985-01-11 00:00:00-05:00,1.9319282932714983,1.9398786154660312,1.9239779710769656,1.9239779710769653,327200,0.0,0.0
1985-01-14 00:00:00-05:00,1.9319286346435547,1.9319286346435547,1.9160279874448423,1.9319286346435547,295400,0.0,0.0
1985-01-15 00:00:00-05:00,1.9319286346435547,1.9319286346435547,1.9239783110441984,1.9319286346435547,1086600,0.0,0.0
1985-01-16 00:00:00-05:00,1.9319282932714983,1.9398786154660312,1.9160276488824326,1.9239779710769653,382000,0.0,0.0
1985-01-17 00:00:00-05:00,1.9160282800594968,1.9239786048730216,1.908077955245972,1.9080779552459717,293000,0.0,0.0
1985-01-18 00:00:00-05:00,1.9160276651382446,1.9239779874002292,1.9001270206142757,1.9160276651382446,440600,0.0,0.0
1985-01-21 00:00:00-05:00,1.908077955245972,1.9160282800594968,1.900127630432447,1.9080779552459717,627600,0.0,0.0
1985-01-22 00:00:00-05:00,1.908077955245972,1.9478295793135962,1.908077955245972,1.9080779552459717,1043400,0.0,0.0
1985-01-23 00:00:00-05:00,1.9239779710769656,1.9319282932714983,1.9160276488824326,1.9239779710769653,465800,0.0,0.0
1985-01-24 00:00:00-05:00,1.9239786048730216,1.9319289296865465,1.908077955245972,1.9080779552459717,1583200,0.0,0.0
1985-01-25 00:00:00-05:00,1.9160276651382446,1.9319283096622135,1.9160276651382446,1.9160276651382446,967200,0.0,0.0
1985-01-28 00:00:00-05:00,1.9160282800594968,1.9239786048730216,1.908077955245972,1.9080779552459717,750200,0.0,0.0
1985-01-29 00:00:00-05:00,1.9239779710769656,1.9239779710769656,1.9080773266878996,1.9239779710769653,500800,0.0,0.0
1985-01-30 00:00:00-05:00,1.9239779710769656,1.9319282932714983,1.9160276488824326,1.9239779710769653,2330000,0.0,0.0
1985-01-31 00:00:00-05:00,1.930467665195465,1.930467665195465,1.9061340391635895,1.9142452478408813,1181200,0.3,0.0
1985-02-01 00:00:00-05:00,1.9061332412912875,1.9304668571375592,1.9061332412912875,1.9223556518554688,862400,0.0,0.0
1985-02-04 00:00:00-05:00,1.9223541417041745,1.938576539524463,1.9223541417041745,1.9304653406143188,337000,0.0,0.0
1985-02-05 00:00:00-05:00,1.9466899633407593,1.9466899633407593,1.9304675469795862,1.9466899633407593,451600,0.0,0.0
1985-02-06 00:00:00-05:00,1.9466899633407593,1.9548011715213458,1.9385787551601728,1.9466899633407593,146000,0.0,0.0
1985-02-07 00:00:00-05:00,1.9466891445097376,1.9791339635849,1.9466891445097376,1.9791339635849,979000,0.0,0.0
1985-02-08 00:00:00-05:00,1.971023440361023,1.971023440361023,1.9629122327875208,1.971023440361023,456600,0.0,0.0
1985-02-11 00:00:00-05:00,1.9629118116070126,1.9710230174400993,1.9548006057739256,1.9548006057739258,315400,0.0,0.0
1985-02-12 00:00:00-05:00,1.9548006057739256,1.9629118116070126,1.9548006057739256,1.9548006057739258,299200,0.0,0.0
1985-02-13 00:00:00-05:00,1.9629113518461891,1.9872449636459353,1.9548001479129404,1.987244963645935,1990200,0.0,0.0
1985-02-14 00:00:00-05:00,1.9872454729506641,1.9953566789627075,1.9872454729506641,1.9953566789627075,304000,0.0,0.0
1985-02-15 00:00:00-05:00,1.9953575423854566,2.0034687519073486,1.9872463328635646,2.0034687519073486,979000,0.0,0.0
1985-02-19 00:00:00-05:00,2.0034678849747514,2.0034678849747514,1.9872454729506641,1.9953566789627075,553800,0.0,0.0
1985-02-20 00:00:00-05:00,1.9872449636459353,2.0034673715124325,1.9791337597126866,1.987244963645935,554000,0.0,0.0
1985-02-21 00:00:00-05:00,1.9791342669386205,1.9953566789627075,1.9791342669386205,1.9953566789627075,6152000,0.0,0.0
1985-02-22 00:00:00-05:00,1.9872451683536905,1.9872451683536905,1.9710227588161093,1.9791339635849,297400,0.0,0.0
1985-02-25 00:00:00-05:00,1.97102293051964,1.97102293051964,1.9548005195688611,1.9629117250442505,544600,0.0,0.0
1985-02-26 00:00:00-05:00,1.9710227588161093,1.9791339635849,1.9629115540473188,1.9791339635849,550000,0.0,0.0
1985-02-27 00:00:00-05:00,1.971023440361023,1.9872458555080275,1.971023440361023,1.971023440361023,192000,0.0,0.0
1985-02-28 00:00:00-05:00,1.9710227588161093,1.9791339635849,1.9629115540473188,1.9791339635849,260000,0.0,0.0
1985-03-01 00:00:00-05:00,1.9791342669386205,1.9953566789627075,1.971023060926577,1.9953566789627075,1029600,0.0,0.0
1985-03-04 00:00:00-05:00,1.995356167579184,1.995356167579184,1.9791337597126866,1.987244963645935,327000,0.0,0.0
1985-03-05 00:00:00-05:00,1.9872449636459353,1.9872449636459353,1.9791337597126866,1.987244963645935,272000,0.0,0.0
1985-03-06 00:00:00-05:00,1.9791339635849,1.9791339635849,1.9710227588161093,1.9791339635849,220000,0.0,0.0
1985-03-07 00:00:00-05:00,1.9710227588161093,1.9872451683536905,1.9710227588161093,1.9791339635849,222200,0.0,0.0
1985-03-08 00:00:00-05:00,1.9872454729506641,1.9953566789627075,1.9791342669386205,1.9953566789627075,607400,0.0,0.0
1985-03-11 00:00:00-05:00,1.9872449636459353,2.0034673715124325,1.9872449636459353,1.987244963645935,207200,0.0,0.0
1985-03-12 00:00:00-05:00,1.9953566789627075,2.0034678849747514,1.9872454729506641,1.9953566789627075,470600,0.0,0.0
1985-03-13 00:00:00-05:00,1.9953575423854566,2.0034687519073486,1.9953575423854566,2.0034687519073486,273600,0.0,0.0
1985-03-14 00:00:00-05:00,1.9872449636459353,2.0034673715124325,1.9872449636459353,1.987244963645935,138200,0.0,0.0
1985-03-15 00:00:00-05:00,1.995356167579184,2.0034673715124325,1.9872449636459353,1.987244963645935,355600,0.0,0.0
1985-03-18 00:00:00-05:00,2.0034678849747514,2.0034678849747514,1.9953566789627075,1.9953566789627075,271400,0.0,0.0
1985-03-19 00:00:00-05:00,2.0034687519073486,2.0034687519073486,1.9872463328635646,2.0034687519073486,649600,0.0,0.0
1985-03-20 00:00:00-05:00,2.0034687519073486,2.0034687519073486,1.9953575423854566,2.0034687519073486,272200,0.0,0.0
1985-03-21 00:00:00-05:00,2.0034678849747514,2.0034678849747514,1.9953566789627075,1.9953566789627075,317400,0.0,0.0
1985-03-22 00:00:00-05:00,2.0034687519073486,2.0034687519073486,1.9953575423854566,2.0034687519073486,503200,0.0,0.0
1985-03-25 00:00:00-05:00,1.995356625126254,2.0115790367126465,1.995356625126254,2.0115790367126465,251000,0.0,0.0
1985-03-26 00:00:00-05:00,2.0115783568845695,2.0278007629884773,2.0115783568845695,2.0196895599365234,165400,0.0,0.0
1985-03-27 00:00:00-05:00,2.027801513671875,2.0521351318359375,2.0196903076171875,2.027801513671875,348800,0.0,0.0
1985-03-28 00:00:00-05:00,2.0440235813771643,2.068357195441178,2.0440235813771643,2.060245990753174,419000,0.0,0.0
1985-03-29 00:00:00-05:00,2.060245889101842,2.0926907062530518,2.0521346848140394,2.0926907062530518,258600,0.0,0.0
1985-04-01 00:00:00-05:00,2.0845795019652495,2.0926907062530518,2.0683570933896442,2.0926907062530518,323800,0.0,0.0
1985-04-02 00:00:00-05:00,2.100802323780954,2.108913529664278,2.0683575002476573,2.0764687061309814,537600,0.0,0.0
1985-04-03 00:00:00-05:00,2.0845798791623587,2.0845798791623587,2.060246261895872,2.068357467651367,269200,0.0,0.0
1985-04-04 00:00:00-05:00,2.060246261895872,2.076468673406863,2.060246261895872,2.068357467651367,152400,0.0,0.0
1985-04-08 00:00:00-05:00,2.1008028371788647,2.1008028371788647,2.084580421447754,2.084580421447754,192600,0.0,0.0
1985-04-09 00:00:00-05:00,2.0845799120143056,2.0926911178976297,2.0764687061309814,2.0764687061309814,155800,0.0,0.0
1985-04-10 00:00:00-05:00,2.0926916293133093,2.0926916293133093,2.0764692135821985,2.084580421447754,116200,0.0,0.0
1985-04-11 00:00:00-05:00,2.1008026911662174,2.1089138984680176,2.0926914838644177,2.1089138984680176,333000,0.0,0.0
1985-04-12 00:00:00-05:00,2.1008026911662174,2.1089138984680176,2.0926914838644177,2.1089138984680176,534400,0.0,0.0
1985-04-15 00:00:00-05:00,2.125135017163826,2.141357421875,2.1170238148082388,2.141357421875,80200,0.0,0.0
1985-04-16 00:00:00-05:00,2.1332472018475803,2.157580820119606,2.1332472018475803,2.1494696140289307,471000,0.0,0.0
1985-04-17 00:00:00-05:00,2.149469308526797,2.149469308526797,2.125135693713286,2.133246898651123,225200,0.0,0.0
1985-04-18 00:00:00-05:00,2.133246898651123,2.14135810358896,2.1170244887754492,2.133246898651123,238200,0.0,0.0
1985-04-19 00:00:00-05:00,2.133246898651123,2.14135810358896,2.1170244887754492,2.133246898651123,408400,0.0,0.0
1985-04-22 00:00:00-05:00,2.133246219519413,2.1494686242305874,2.133246219519413,2.141357421875,163600,0.0,0.0
1985-04-23 00:00:00-05:00,2.141357256953878,2.1656908621465356,2.1332460552229917,2.1575796604156494,520600,0.0,0.0
1985-04-24 00:00:00-05:00,2.165691614151001,2.165691614151001,2.157580409603619,2.165691614151001,58400,0.0,0.0
1985-04-25 00:00:00-05:00,2.1575797333646176,2.173802137374878,2.1575797333646176,2.173802137374878,103800,0.0,0.0
1985-04-26 00:00:00-05:00,2.1738020638774214,2.181913265608307,2.1575796604156494,2.1575796604156494,296800,0.0,0.0
1985-04-29 00:00:00-04:00,2.149469308526797,2.157580513464634,2.133246898651123,2.133246898651123,187600,0.0,0.0
1985-04-30 00:00:00-04:00,2.133246898651123,2.14135810358896,2.125135693713286,2.133246898651123,283000,0.0,0.0
1985-05-01 00:00:00-04:00,2.125136313071618,2.133247520373418,2.1089138984680176,2.1089138984680176,1663000,0.0,0.0
1985-05-02 00:00:00-04:00,2.115524410277374,2.1403157119603122,2.115524410277374,2.132051944732666,1337800,0.3,0.0
1985-05-03 00:00:00-04:00,2.132051944732666,2.1403157119603122,2.132051944732666,2.132051944732666,271200,0.0,0.0
1985-05-06 00:00:00-04:00,2.1237881775050202,2.132051944732666,2.115524410277374,2.132051944732666,1043000,0.0,0.0
1985-05-07 00:00:00-04:00,2.132052478642998,2.1485800172371294,2.123788709345932,2.1403162479400635,264600,0.0,0.0
1985-05-08 00:00:00-04:00,2.1403172548000633,2.148581027984619,2.1403172548000633,2.148581027984619,192200,0.0,0.0
1985-05-09 00:00:00-04:00,2.148579655935938,2.156843423843384,2.1320521201210463,2.156843423843384,404800,0.0,0.0
1985-05-10 00:00:00-04:00,2.1651056456475204,2.1733694076538086,2.156841883641232,2.1733694076538086,186600,0.0,0.0
1985-05-13 00:00:00-04:00,2.165107129198132,2.1816346645355225,2.165107129198132,2.1816346645355225,183000,0.0,0.0
1985-05-14 00:00:00-04:00,2.189898432204217,2.1981621998729124,2.1733708968668273,2.1816346645355225,1211000,0.0,0.0
1985-05-15 00:00:00-04:00,2.173370955125341,2.2064260266861826,2.173370955125341,2.1898984909057617,176200,0.0,0.0
1985-05-16 00:00:00-04:00,2.2064253122833137,2.2312166079269464,2.1981615470687697,2.2229528427124023,679400,0.0,0.0
1985-05-17 00:00:00-04:00,2.2312184061322897,2.346911212376186,2.2229546342577255,2.3138561248779297,509200,0.0,0.0
1985-05-20 00:00:00-04:00,2.305589963560519,2.3221174901810246,2.2807986736297607,2.2807986736297607,929600,0.0,0.0
1985-05-21 00:00:00-04:00,2.280800227701229,2.280800227701229,2.247745151937443,2.264272689819336,272800,0.0,0.0
1985-05-22 00:00:00-04:00,2.2642707178444215,2.2642707178444215,2.2394794326125482,2.256006956100464,230000,0.0,0.0
1985-05-23 00:00:00-04:00,2.2560089208783896,2.2725364587602823,2.247745151937443,2.264272689819336,138400,0.0,0.0
1985-05-24 00:00:00-04:00,2.2560094351409585,2.3055920600891113,2.2560094351409585,2.3055920600891113,659200,0.0,0.0
1985-05-28 00:00:00-04:00,2.30559128651516,2.313855054567186,2.289063750411109,2.2973275184631348,319600,0.0,0.0
1985-05-29 00:00:00-04:00,2.2973275184631348,2.30559128651516,2.2973275184631348,2.2973275184631348,119400,0.0,0.0
1985-05-30 00:00:00-04:00,2.2973275184631348,2.313855054567186,2.2973275184631348,2.2973275184631348,154000,0.0,0.0
1985-05-31 00:00:00-04:00,2.305592332927274,2.3469111919403076,2.2973285611246674,2.3469111919403076,715400,0.0,0.0
1985-06-03 00:00:00-04:00,2.363437531722916,2.37996506690979,2.3551737641294794,2.37996506690979,344800,0.0,0.0
1985-06-04 00:00:00-04:00,2.379964948534132,2.379964948534132,2.3634374141693115,2.3634374141693115,540400,0.0,0.0
1985-06-05 00:00:00-04:00,2.379963811681661,2.379963811681661,2.3634362852116495,2.3717000484466553,860000,0.0,0.0
1985-06-06 00:00:00-04:00,2.3634362852116495,2.379963811681661,2.3634362852116495,2.3717000484466553,277400,0.0,0.0
1985-06-07 00:00:00-04:00,2.371701299316353,2.37996506690979,2.371701299316353,2.37996506690979,169600,0.0,0.0
1985-06-10 00:00:00-04:00,2.37996506690979,2.37996506690979,2.363437531722916,2.37996506690979,207600,0.0,0.0
1985-06-11 00:00:00-04:00,2.3799659493043253,2.4212848025908587,2.3799659493043253,2.404757261276245,324800,0.0,0.0
1985-06-12 00:00:00-04:00,2.404755477612336,2.429546771195968,2.3964917130844583,2.421283006668091,294600,0.0,0.0
1985-06-13 00:00:00-04:00,2.437812343905472,2.437812343905472,2.404757261276245,2.404757261276245,201800,0.0,0.0
1985-06-14 00:00:00-04:00,2.413020070181244,2.4708664417266846,2.413020070181244,2.4708664417266846,192800,0.0,0.0
1985-06-17 00:00:00-04:00,2.462602676779537,2.4791302115230236,2.4378113746643066,2.4378113746643066,918800,0.0,0.0
1985-06-18 00:00:00-04:00,2.4460747844040998,2.4626023167311546,2.4460747844040998,2.454338550567627,254800,0.0,0.0
1985-06-19 00:00:00-04:00,2.446073293685913,2.4626008159405477,2.446073293685913,2.446073293685913,438800,0.0,0.0
1985-06-20 00:00:00-04:00,2.446073293685913,2.4543370548132306,2.446073293685913,2.446073293685913,109600,0.0,0.0
1985-06-21 00:00:00-04:00,2.446074845775074,2.495657444000244,2.446074845775074,2.495657444000244,339600,0.0,0.0
1985-06-24 00:00:00-04:00,2.4873933180173236,2.4873933180173236,2.462602022488912,2.4791295528411865,203000,0.0,0.0
1985-06-25 00:00:00-04:00,2.462602676779537,2.47086644415128,2.4378113746643066,2.4378113746643066,312200,0.0,0.0
1985-06-26 00:00:00-04:00,2.4378105357238455,2.4378105357238455,2.4130192421402135,2.421283006668091,346600,0.0,0.0
1985-06-27 00:00:00-04:00,2.4295476072925632,2.4378113746643066,2.4130200725490765,2.4378113746643066,203400,0.0,0.0
1985-06-28 00:00:00-04:00,2.4378110182405726,2.454338550567627,2.429547252077045,2.454338550567627,201200,0.0,0.0
1985-07-01 00:00:00-04:00,2.4460751396357816,2.4708664417266846,2.4378113722721473,2.4708664417266846,454800,0.0,0.0
1985-07-02 00:00:00-04:00,2.4791295528411865,2.495657083193461,2.4791295528411865,2.4791295528411865,113800,0.0,0.0
1985-07-03 00:00:00-04:00,2.4873936776293823,2.495657444000244,2.4791299112585206,2.495657444000244,105600,0.0,0.0
1985-07-05 00:00:00-04:00,2.4956578000595697,2.5121853351593018,2.4873940325097035,2.5121853351593018,88200,0.0,0.0
1985-07-08 00:00:00-04:00,2.4956579256377767,2.4956579256377767,2.4460753178436487,2.4626028537750244,466600,0.0,0.0
1985-07-09 00:00:00-04:00,2.4543390858093366,2.4791303897064005,2.4543390858093366,2.4626028537750244,398400,0.0,0.0
1985-07-10 00:00:00-04:00,2.462603499326991,2.5039223499868397,2.462603499326991,2.4873948097229004,139400,0.0,0.0
1985-07-11 00:00:00-04:00,2.470865787665049,2.5039208483695985,2.462602022488912,2.4791295528411865,171600,0.0,0.0
1985-07-12 00:00:00-04:00,2.4708664417266846,2.479130209090319,2.4626026743630502,2.4708664417266846,222800,0.0,0.0
1985-07-15 00:00:00-04:00,2.4626023167311546,2.479129849058209,2.4460747844040998,2.454338550567627,515800,0.0,0.0
1985-07-16 00:00:00-04:00,2.4543390858093366,2.4708666217407127,2.4543390858093366,2.4626028537750244,178200,0.0,0.0
1985-07-17 00:00:00-04:00,2.4708664417266846,2.4708664417266846,2.4626026743630502,2.4708664417266846,452000,0.0,0.0
1985-07-18 00:00:00-04:00,2.4626028537750244,2.4708666217407127,2.4626028537750244,2.4626028537750244,142800,0.0,0.0
1985-07-19 00:00:00-04:00,2.4626028537750244,2.4626028537750244,2.4460753178436487,2.4626028537750244,501600,0.0,0.0
1985-07-22 00:00:00-04:00,2.446075082636204,2.446075082636204,2.421283781122999,2.4295475482940674,506000,0.0,0.0
1985-07-23 00:00:00-04:00,2.4130198322642933,2.4130198322642933,2.222953201640736,2.272535800933838,731800,0.0,0.0
1985-07-24 00:00:00-04:00,2.264272446255032,2.3221188226192115,2.264272446255032,2.2973275184631348,847800,0.0,0.0
1985-07-25 00:00:00-04:00,2.297328581128802,2.330383668627058,2.297328581128802,2.3138561248779297,734800,0.0,0.0
1985-07-26 00:00:00-04:00,2.297326200250266,2.297326200250266,2.2560073836990022,2.2807986736297607,365000,0.0,0.0
1985-07-29 00:00:00-04:00,2.2477449852875555,2.2477449852875555,2.2064261436462402,2.2064261436462402,461000,0.0,0.0
1985-07-30 00:00:00-04:00,2.1651064862105924,2.2229528427124023,2.1651064862105924,2.2229528427124023,1172400,0.0,0.0
1985-07-31 00:00:00-04:00,2.222952788366991,2.256007848417058,2.2146890233544743,2.247744083404541,1903400,0.0,0.0
1985-08-01 00:00:00-04:00,2.271299362182617,2.2881238019024885,2.2628871423226817,2.271299362182617,1091600,0.3,0.0
1985-08-02 00:00:00-04:00,2.2712973961189613,2.2797096086971798,2.2544729709625244,2.2544729709625244,151400,0.0,0.0
1985-08-05 00:00:00-04:00,2.2544729709625244,2.2712973961189613,2.2376485458060875,2.2544729709625244,226200,0.0,0.0
1985-08-06 00:00:00-04:00,2.262885994679026,2.2712982102726285,2.2460615634918213,2.2460615634918213,566000,0.0,0.0
1985-08-07 00:00:00-04:00,2.246062086387114,2.254474303939126,2.220825433731079,2.220825433731079,632200,0.0,0.0
1985-08-08 00:00:00-04:00,2.220824120649651,2.2544729709625244,2.220824120649651,2.2544729709625244,289200,0.0,0.0
1985-08-09 00:00:00-04:00,2.2628865242004395,2.279710959324606,2.237649871514189,2.2628865242004395,145600,0.0,0.0
1985-08-12 00:00:00-04:00,2.279711961746216,2.296536404268328,2.2712997404851594,2.279711961746216,477000,0.0,0.0
1985-08-13 00:00:00-04:00,2.2797096086971798,2.2881218212753978,2.246060758384306,2.2544729709625244,351200,0.0,0.0
1985-08-14 00:00:00-04:00,2.2628865242004395,2.2712987417625228,2.254474306638356,2.2628865242004395,107200,0.0,0.0
1985-08-15 00:00:00-04:00,2.262885994679026,2.262885994679026,2.2460615634918213,2.2460615634918213,70800,0.0,0.0
1985-08-16 00:00:00-04:00,2.2460628532825555,2.254475073706835,2.2376506328582764,2.2376506328582764,247600,0.0,0.0
1985-08-19 00:00:00-04:00,2.237649871514189,2.2712987417625228,2.237649871514189,2.2628865242004395,180000,0.0,0.0
1985-08-20 00:00:00-04:00,2.2628875192241034,2.279711961746216,2.2628875192241034,2.279711961746216,392600,0.0,0.0
1985-08-21 00:00:00-04:00,2.2712993535128505,2.3133604526519775,2.2712993535128505,2.3133604526519775,416800,0.0,0.0
1985-08-22 00:00:00-04:00,2.3217724289212907,2.355421304702759,2.3217724289212907,2.355421304702759,265000,0.0,0.0
1985-08-23 00:00:00-04:00,2.3554212583912366,2.3554212583912366,2.33018460205133,2.338596820831299,240800,0.0,0.0
1985-08-26 00:00:00-04:00,2.338596820831299,2.347009039611268,2.3217723832713615,2.338596820831299,158200,0.0,0.0
1985-08-27 00:00:00-04:00,2.338596820831299,2.347009039611268,2.33018460205133,2.338596820831299,159000,0.0,0.0
1985-08-28 00:00:00-04:00,2.3217726724798027,2.3217726724798027,2.304948232824152,2.3133604526519775,138000,0.0,0.0
1985-08-29 00:00:00-04:00,2.304947945711424,2.338596820831299,2.304947945711424,2.338596820831299,479200,0.0,0.0
1985-08-30 00:00:00-04:00,2.3385957748659196,2.347007989883423,2.3385957748659196,2.347007989883423,377200,0.0,0.0
1985-09-03 00:00:00-04:00,2.338597112135454,2.338597112135454,2.3133604526519775,2.3133604526519775,288800,0.0,0.0
1985-09-04 00:00:00-04:00,2.3217727261431076,2.330184946165365,2.288123846054077,2.288123846054077,136200,0.0,0.0
1985-09-05 00:00:00-04:00,2.28812270616963,2.3049471378326416,2.28812270616963,2.3049471378326416,329200,0.0,0.0
1985-09-06 00:00:00-04:00,2.3133593536641475,2.3217715694956538,2.2965349220011357,2.3049471378326416,179200,0.0,0.0
1985-09-09 00:00:00-04:00,2.2965349220011357,2.3133593536641475,2.2965349220011357,2.3049471378326416,379000,0.0,0.0
1985-09-10 00:00:00-04:00,2.2965359687805176,2.3049481884463803,2.288123749114655,2.2965359687805176,471000,0.0,0.0
1985-09-11 00:00:00-04:00,2.279710959324606,2.2881231768866894,2.2628865242004395,2.2628865242004395,876000,0.0,0.0
1985-09-12 00:00:00-04:00,2.2628863232345875,2.2628863232345875,2.1955885887145996,2.1955885887145996,717800,0.0,0.0
1985-09-13 00:00:00-04:00,2.1955892588641195,2.2544747945424675,2.161940381333635,2.178764820098877,323000,0.0,0.0
1985-09-16 00:00:00-04:00,2.178765089888322,2.2376506328582764,2.178765089888322,2.2376506328582764,230000,0.0,0.0
1985-09-17 00:00:00-04:00,2.237649871514189,2.2712987417625228,2.237649871514189,2.2628865242004395,453600,0.0,0.0
1985-09-18 00:00:00-04:00,2.254474922462746,2.2881238019024885,2.254474922462746,2.271299362182617,234000,0.0,0.0
1985-09-19 00:00:00-04:00,2.279711582042553,2.279711582042553,2.2628871423226817,2.271299362182617,72800,0.0,0.0
1985-09-20 00:00:00-04:00,2.279711582042553,2.279711582042553,2.2628871423226817,2.271299362182617,199200,0.0,0.0
1985-09-23 00:00:00-04:00,2.279710959324606,2.2881231768866894,2.2628865242004395,2.2628865242004395,334000,0.0,0.0
1985-09-24 00:00:00-04:00,2.2628871423226817,2.279711582042553,2.2628871423226817,2.271299362182617,267000,0.0,0.0
1985-09-25 00:00:00-04:00,2.271299362182617,2.279711582042553,2.271299362182617,2.271299362182617,592600,0.0,0.0
1985-09-26 00:00:00-04:00,2.2712973961189613,2.2712973961189613,2.246060758384306,2.2544729709625244,303000,0.0,0.0
1985-09-30 00:00:00-04:00,2.2628871423226817,2.271299362182617,2.254474922462746,2.271299362182617,273000,0.0,0.0
1985-10-01 00:00:00-04:00,2.2712993097829295,2.2965359687805176,2.262887090117067,2.2965359687805176,129600,0.0,0.0
1985-10-02 00:00:00-04:00,2.3049471378326416,2.3133593536641475,2.2965349220011357,2.3049471378326416,304400,0.0,0.0
1985-10-03 00:00:00-04:00,2.3049481884463803,2.3217726277781057,2.288123749114655,2.2965359687805176,172800,0.0,0.0
1985-10-04 00:00:00-04:00,2.3049474263536758,2.3217718601226807,2.296535209469173,2.3217718601226807,164800,0.0,0.0
1985-10-07 00:00:00-04:00,2.304948232824152,2.3301848923076283,2.2544749138572,2.3133604526519775,256400,0.0,0.0
1985-10-08 00:00:00-04:00,2.3049474263536758,2.3301840770071833,2.3049474263536758,2.3217718601226807,242800,0.0,0.0
1985-10-09 00:00:00-04:00,2.3133604526519775,2.3217726724798027,2.304948232824152,2.3133604526519775,134200,0.0,0.0
1985-10-10 00:00:00-04:00,2.3133604526519775,2.3133604526519775,2.304948232824152,2.3133604526519775,109200,0.0,0.0
1985-10-11 00:00:00-04:00,2.313359643238178,2.3217718601226807,2.3049474263536758,2.3217718601226807,181200,0.0,0.0
1985-10-14 00:00:00-04:00,2.3217718601226807,2.3385962938916856,2.313359643238178,2.3217718601226807,357400,0.0,0.0
1985-10-15 00:00:00-04:00,2.313360408112243,2.3217726277781057,2.288123749114655,2.2965359687805176,130200,0.0,0.0
1985-10-16 00:00:00-04:00,2.3049481884463803,2.313360408112243,2.2965359687805176,2.2965359687805176,576200,0.0,0.0
1985-10-17 00:00:00-04:00,2.2965349220011357,2.3049471378326416,2.2965349220011357,2.3049471378326416,78800,0.0,0.0
1985-10-18 00:00:00-04:00,2.3049471378326416,2.3217715694956538,2.2965349220011357,2.3049471378326416,316200,0.0,0.0
1985-10-21 00:00:00-04:00,2.3133593130628127,2.330183744430542,2.304947097378948,2.330183744430542,186400,0.0,0.0
1985-10-22 00:00:00-04:00,2.3301846478666577,2.363833523648126,2.3133602099759236,2.355421304702759,410000,0.0,0.0
1985-10-23 00:00:00-04:00,2.363833523648126,2.363833523648126,2.3385968668120247,2.355421304702759,2000000,0.0,0.0
1985-10-24 00:00:00-04:00,2.3470094636665966,2.380658344866118,2.3470094636665966,2.3638339042663574,342800,0.0,0.0
1985-10-25 00:00:00-04:00,2.363834558238446,2.3974834487471783,2.363834558238446,2.389071226119995,620800,0.0,0.0
1985-10-28 00:00:00-05:00,2.4058956713743616,2.4058956713743616,2.389071226119995,2.389071226119995,7020000,0.0,0.0
1985-10-29 00:00:00-05:00,2.380657862116407,2.4058945178985596,2.3722456435223562,2.4058945178985596,672600,0.0,0.0
1985-10-30 00:00:00-05:00,2.4227192401885986,2.439543679356575,2.4227192401885986,2.4227192401885986,238600,0.0,0.0
1985-10-31 00:00:00-05:00,2.4210057258605957,2.446670097512828,2.4124509353098516,2.4210057258605957,1063600,0.3,0.0
1985-11-01 00:00:00-05:00,2.421007973082522,2.42956277157398,2.403898376099607,2.4124531745910645,466400,0.0,0.0
1985-11-04 00:00:00-05:00,2.412452860701856,2.421007658080231,2.3782336711883545,2.3782336711883545,201800,0.0,0.0
1985-11-05 00:00:00-05:00,2.3782336711883545,2.395343265945105,2.3782336711883545,2.3782336711883545,123400,0.0,0.0
1985-11-06 00:00:00-05:00,2.378234216516668,2.3867890158566563,2.3440150191567164,2.352569818496704,141000,0.0,0.0
1985-11-07 00:00:00-05:00,2.352569141973227,2.3696787357330322,2.352569141973227,2.3696787357330322,467400,0.0,0.0
1985-11-08 00:00:00-05:00,2.3611240764316035,2.3782336711883545,2.3611240764316035,2.3782336711883545,63600,0.0,0.0
1985-11-11 00:00:00-05:00,2.3782344821473242,2.429563283920288,2.3782344821473242,2.429563283920288,469200,0.0,0.0
1985-11-12 00:00:00-05:00,2.4637824851022643,2.4637824851022643,2.421008483624794,2.429563283920288,266800,0.0,0.0
1985-11-13 00:00:00-05:00,2.421008483624794,2.4552276848067702,2.421008483624794,2.429563283920288,276000,0.0,0.0
1985-11-14 00:00:00-05:00,2.4210079075997335,2.4552271006400126,2.4124531093396637,2.438117504119873,491400,0.0,0.0
1985-11-15 00:00:00-05:00,2.438117504119873,2.446672302379943,2.4295627058598033,2.438117504119873,125200,0.0,0.0
1985-11-18 00:00:00-05:00,2.421007472878965,2.4552266597747803,2.421007472878965,2.4552266597747803,212400,0.0,0.0
1985-11-19 00:00:00-05:00,2.4552269990627584,2.4637817969689,2.446672201156616,2.446672201156616,235800,0.0,0.0
1985-11-20 00:00:00-05:00,2.4552269990627584,2.4552269990627584,2.429562605344332,2.446672201156616,195200,0.0,0.0
1985-11-21 00:00:00-05:00,2.463781633048222,2.4980008223961137,2.395343254352438,2.480891227722168,248200,0.0,0.0
1985-11-22 00:00:00-05:00,2.472336231845699,2.4980006217956543,2.472336231845699,2.4980006217956543,124200,0.0,0.0
1985-11-25 00:00:00-05:00,2.4894460250591406,2.4980008223961137,2.480891227722168,2.480891227722168,169400,0.0,0.0
1985-11-26 00:00:00-05:00,2.480891227722168,2.480891227722168,2.472336430385195,2.480891227722168,320800,0.0,0.0
1985-11-27 00:00:00-05:00,2.480891227722168,2.4894460250591406,2.480891227722168,2.480891227722168,334200,0.0,0.0
1985-11-29 00:00:00-05:00,2.4980006217956543,2.5065554184456396,2.4894458251456695,2.4980006217956543,183400,0.0,0.0
1985-12-02 00:00:00-05:00,2.498001200226984,2.5065559988578983,2.4808916029651553,2.4894464015960693,427800,0.0,0.0
1985-12-03 00:00:00-05:00,2.4980008223961137,2.4980008223961137,2.480891227722168,2.480891227722168,302800,0.0,0.0
1985-12-04 00:00:00-05:00,2.498001235336981,2.5065560340881348,2.480891637834673,2.5065560340881348,163200,0.0,0.0
1985-12-05 00:00:00-05:00,2.498001200226984,2.5065559988578983,2.472336804334241,2.4894464015960693,273400,0.0,0.0
1985-12-06 00:00:00-05:00,2.4808916029651553,2.498001200226984,2.472336804334241,2.4894464015960693,223200,0.0,0.0
1985-12-09 00:00:00-05:00,2.4980008975178207,2.5322200878947774,2.4894460999235815,2.515110492706299,569800,0.0,0.0
1985-12-10 00:00:00-05:00,2.5236648522518776,2.5407744444705345,2.5151100561425492,2.532219648361206,222400,0.0,0.0
1985-12-11 00:00:00-05:00,2.5493294195985317,2.566439013018656,2.532219826178407,2.5578842163085938,190400,0.0,0.0
1985-12-12 00:00:00-05:00,2.5664388733422197,2.5664388733422197,2.5151100958753756,2.5493292808532715,167000,0.0,0.0
1985-12-13 00:00:00-05:00,2.5578842163085938,2.566439013018656,2.5493294195985317,2.5578842163085938,128800,0.0,0.0
1985-12-16 00:00:00-05:00,2.5835488590539666,2.6348776443331845,2.566439263960894,2.6177680492401123,640200,0.0,0.0
1985-12-17 00:00:00-05:00,2.617767849525848,2.6519870371013496,2.557884271268721,2.6348774433135986,637000,0.0,0.0
1985-12-18 00:00:00-05:00,2.6348778479977657,2.6348778479977657,2.6006586551666255,2.600658655166626,273600,0.0,0.0
1985-12-19 00:00:00-05:00,2.6092132516935758,2.617768049240112,2.5835488590539666,2.6177680492401123,555400,0.0,0.0
1985-12-20 00:00:00-05:00,2.62632444221225,2.6434340476989746,2.600660033982163,2.6434340476989746,430200,0.0,0.0
1985-12-23 00:00:00-05:00,2.6348786661701817,2.6519882678985596,2.617769064441804,2.6519882678985596,724200,0.0,0.0
1985-12-24 00:00:00-05:00,2.6263203620910645,2.643429940997195,2.600655993731868,2.6263203620910645,128200,0.0,0.0
1985-12-26 00:00:00-05:00,2.6348774433135986,2.643432240207474,2.6263226464197236,2.6348774433135986,45200,0.0,0.0
1985-12-27 00:00:00-05:00,2.6348786661701817,2.6605430687627485,2.6348786661701817,2.6519882678985596,82800,0.0,0.0
1985-12-30 00:00:00-05:00,2.651988850442337,2.651988850442337,2.634879244955612,2.6434340476989746,429400,0.0,0.0
1985-12-31 00:00:00-05:00,2.65198718897904,2.7118707706656635,2.6348775942114333,2.7033159732818604,482600,0.0,0.0
1986-01-02 00:00:00-05:00,2.7118707706656635,2.7204255680494667,2.70331597328186,2.7033159732818604,507800,0.0,0.0
1986-01-03 00:00:00-05:00,2.7033146849190026,2.720424271532414,2.694759891612297,2.711869478225708,236800,0.0,0.0
1986-01-06 00:00:00-05:00,2.7204267978668213,2.728981599117975,2.703317195364514,2.7204267978668213,255800,0.0,0.0
1986-01-07 00:00:00-05:00,2.7289804515488654,2.7974188327789307,2.7289804515488654,2.7974188327789307,543200,0.0,0.0
1986-01-08 00:00:00-05:00,2.7974188216030598,2.7974188216030598,2.686206452548504,2.737535238265991,536000,0.0,0.0
1986-01-09 00:00:00-05:00,2.6862080614157864,2.703317666902511,2.62632444221225,2.6434340476989746,638200,0.0,0.0
1986-01-10 00:00:00-05:00,2.6519884020569244,2.6776528059477975,2.6434336007599666,2.660543203353882,174600,0.0,0.0
1986-01-13 00:00:00-05:00,2.651987239426257,2.6605420369727937,2.592103656600503,2.6177680492401123,374200,0.0,0.0
1986-01-14 00:00:00-05:00,2.6263230497899808,2.6263230497899808,2.5835490587510557,2.600658655166626,627000,0.0,0.0
1986-01-15 00:00:00-05:00,2.5835487225016607,2.60921311378479,2.5749939254072847,2.60921311378479,148600,0.0,0.0
1986-01-16 00:00:00-05:00,2.6006583166904136,2.617767910879166,2.5835487225016607,2.60921311378479,218800,0.0,0.0
1986-01-17 00:00:00-05:00,2.5921038569588406,2.617768251582196,2.5835490587510557,2.600658655166626,297400,0.0,0.0
1986-01-20 00:00:00-05:00,2.609210783184934,2.6263203620910645,2.5921012042788028,2.6263203620910645,167200,0.0,0.0
1986-01-21 00:00:00-05:00,2.6263228467866484,2.643432441879721,2.6006584541470392,2.6177680492401123,438400,0.0,0.0
1986-01-22 00:00:00-05:00,2.626322669164576,2.6348774661325387,2.5921034812927246,2.5921034812927246,374200,0.0,0.0
1986-01-23 00:00:00-05:00,2.5921038569588406,2.6092134533744105,2.5921038569588406,2.600658655166626,279600,0.0,0.0
1986-01-24 00:00:00-05:00,2.609214263577615,2.6519882678985596,2.600659462713426,2.6519882678985596,651600,0.0,0.0
1986-01-27 00:00:00-05:00,2.669097355433873,2.7033165522984097,2.6519877570016046,2.6947617530822754,185200,0.0,0.0
1986-01-28 00:00:00-05:00,2.7375377308238633,2.7717569524591616,2.728982925415039,2.728982925415039,888200,0.0,0.0
1986-01-29 00:00:00-05:00,2.728981658538676,2.7632008642883776,2.728981658538676,2.754646062850952,736800,0.0,0.0
1986-01-30 00:00:00-05:00,2.7632008642883776,2.780310467163228,2.7460912614135267,2.754646062850952,599400,0.0,0.0
1986-01-31 00:00:00-05:00,2.7375347031159296,2.7631990909576416,2.7204251112214552,2.7631990909576416,767800,0.0,0.0
1986-02-03 00:00:00-05:00,2.763199642163898,2.7974188327789307,2.75464484451014,2.7974188327789307,334400,0.0,0.0
1986-02-04 00:00:00-05:00,2.8059742114295254,2.8059742114295254,2.7632002143040757,2.7888646125793457,540200,0.0,0.0
1986-02-05 00:00:00-05:00,2.7888642369783843,2.797419035251324,2.7803094387054443,2.7803094387054443,285200,0.0,0.0
1986-02-06 00:00:00-05:00,2.7803098131542554,2.7974194120044356,2.7803098131542554,2.7888646125793457,180200,0.0,0.0
1986-02-07 00:00:00-05:00,2.7888640351251723,2.805973630432689,2.771754439817656,2.7974188327789307,375800,0.0,0.0
1986-02-10 00:00:00-05:00,2.805973630432689,2.8145284280864473,2.7974188327789307,2.7974188327789307,839000,0.0,0.0
1986-02-11 00:00:00-05:00,2.805973630432689,2.805973630432689,2.7888640351251723,2.7974188327789307,1274600,0.0,0.0
1986-02-12 00:00:00-05:00,2.765761375427246,2.809248189506291,2.765761375427246,2.765761375427246,2860000,0.335,0.0
1986-02-13 00:00:00-05:00,2.7657619044184685,2.7918539978563786,2.7657619044184685,2.783156633377075,362200,0.0,0.0
1986-02-14 00:00:00-05:00,2.783154828832784,2.844036340713501,2.783154828832784,2.844036340713501,593600,0.0,0.0
1986-02-18 00:00:00-05:00,2.844035192034138,2.9223113899800315,2.844035192034138,2.91361403465271,396400,0.0,0.0
1986-02-19 00:00:00-05:00,2.9397061006346745,2.9397061006346745,2.896219323998067,2.91361403465271,601000,0.0,0.0
1986-02-20 00:00:00-05:00,2.931008745307353,2.931008745307353,2.9049166793253884,2.91361403465271,409200,0.0,0.0
1986-02-21 00:00:00-05:00,2.91361403465271,2.948403455961996,2.9049166793253884,2.91361403465271,637800,0.0,0.0
1986-02-24 00:00:00-05:00,2.922312886495619,2.9484049658393294,2.896220807151908,2.9310102462768555,428000,0.0,0.0
1986-02-25 00:00:00-05:00,2.922312259674072,2.9310096175897686,2.9136149017583755,2.9223122596740723,213800,0.0,0.0
1986-02-26 00:00:00-05:00,2.922314112771771,2.922314112771771,2.896222022479166,2.904919385910034,248800,0.0,0.0
1986-02-27 00:00:00-05:00,2.896222022479166,2.913616749340903,2.8788272956174294,2.904919385910034,1247400,0.0,0.0
1986-02-28 00:00:00-05:00,2.9136151630241236,2.9136151630241236,2.878825728241746,2.8962204456329346,838400,0.0,0.0
1986-03-03 00:00:00-05:00,2.8788270392316453,2.896221764544223,2.8353402259502007,2.8614323139190674,594000,0.0,0.0
1986-03-04 00:00:00-05:00,2.861431448924832,2.8875235290062133,2.852734088897705,2.852734088897705,727600,0.0,0.0
1986-03-05 00:00:00-05:00,2.8527332411872015,2.9223121007283526,2.7831543816460504,2.817943811416626,507800,0.0,0.0
1986-03-06 00:00:00-05:00,2.8179436586220565,2.835338372564168,2.8005489446799454,2.809246301651001,367200,0.0,0.0
1986-03-07 00:00:00-05:00,2.8179461024357724,2.8353408314631534,2.7918540088947004,2.826643466949463,343200,0.0,0.0
1986-03-10 00:00:00-05:00,2.8266420088163233,2.8875235290062133,2.8266420088163233,2.852734088897705,640400,0.0,0.0
1986-03-11 00:00:00-05:00,2.870129932186561,2.913616749340903,2.8614325687556925,2.904919385910034,1701200,0.0,0.0
1986-03-12 00:00:00-05:00,2.9049178043285293,2.922312521719718,2.8962204456329346,2.8962204456329346,448000,0.0,0.0
1986-03-13 00:00:00-05:00,2.8962204456329346,2.9049178043285293,2.878825728241746,2.8962204456329346,370200,0.0,0.0
1986-03-14 00:00:00-05:00,2.9049175438426786,2.922312259674072,2.8962201859269823,2.9223122596740723,268800,0.0,0.0
1986-03-17 00:00:00-05:00,2.922312259674072,2.922312259674072,2.8875228280112855,2.9223122596740723,443000,0.0,0.0
1986-03-18 00:00:00-05:00,2.8962204456329346,2.8962204456329346,2.8701283695461517,2.8962204456329346,423400,0.0,0.0
1986-03-19 00:00:00-05:00,2.8875231349140136,2.896220493754116,2.8353389818733987,2.844036340713501,383000,0.0,0.0
1986-03-20 00:00:00-05:00,2.8353408314631534,2.8353408314631534,2.8179461024357724,2.826643466949463,263600,0.0,0.0
1986-03-21 00:00:00-05:00,2.8353397846221924,2.852734507227236,2.8353397846221924,2.8353397846221924,346400,0.0,0.0
1986-03-24 00:00:00-05:00,2.8440362305079345,2.8788256645202637,2.835338872004852,2.8788256645202637,695800,0.0,0.0
1986-03-25 00:00:00-05:00,2.870128808951959,2.870128808951959,2.852734088897705,2.852734088897705,276800,0.0,0.0
1986-03-26 00:00:00-05:00,2.8440362934593684,2.8962204456329346,2.8440362934593684,2.8962204456329346,911200,0.0,0.0
1986-03-27 00:00:00-05:00,2.9223137466159796,2.957103195980456,2.9136163842748606,2.9397084712982178,251200,0.0,0.0
1986-03-31 00:00:00-05:00,2.922313331155216,2.965800136678359,2.922313331155216,2.9571027755737305,541200,0.0,0.0
1986-04-01 00:00:00-05:00,2.9571024483599624,3.0092866092133734,2.9571024483599624,2.9657998085021973,757400,0.0,0.0
1986-04-02 00:00:00-05:00,2.9658001954095408,2.991892279240123,2.948405472855819,2.9744975566864014,413600,0.0,0.0
1986-04-03 00:00:00-05:00,2.9831949179632624,3.0092870017938447,2.9658001954095408,2.9744975566864014,365200,0.0,0.0
1986-04-04 00:00:00-05:00,2.974496407168252,2.974496407168252,2.922312259674072,2.9223122596740723,283800,0.0,0.0
1986-04-07 00:00:00-05:00,2.9136176568916046,2.9223150230315795,2.8527360939117803,2.8875255584716797,375400,0.0,0.0
1986-04-08 00:00:00-05:00,2.896221659592623,2.957103195980456,2.887524297251504,2.9397084712982178,229000,0.0,0.0
1986-04-09 00:00:00-05:00,2.9571023256205664,2.9571023256205664,2.922312886495619,2.9310102462768555,388600,0.0,0.0
1986-04-10 00:00:00-05:00,2.9571027755737305,2.965800136678359,2.9310106922598447,2.9571027755737305,380600,0.0,0.0
1986-04-11 00:00:00-05:00,2.9744974977829877,2.9831948588876163,2.948405414469102,2.9571027755737305,294800,0.0,0.0
1986-04-14 00:00:00-05:00,2.9831941127777095,3.0005888306364716,2.9657993949189474,2.98319411277771,109200,0.0,0.0
1986-04-15 00:00:00-05:00,2.983196123189129,3.0353803119329625,2.983196123189129,3.0179855823516846,139800,0.0,0.0
1986-04-16 00:00:00-05:00,3.035379196964415,3.0788660049438477,3.026681835368528,3.0788660049438477,153400,0.0,0.0
1986-04-17 00:00:00-05:00,3.052773830924236,3.1049579989742226,3.044076469582571,3.0875632762908936,319000,0.0,0.0
1986-04-18 00:00:00-05:00,3.0875643348959496,3.1223537921905518,3.0701696062486485,3.1223537921905518,330800,0.0,0.0
1986-04-21 00:00:00-05:00,3.1136549128426445,3.148444353209601,3.1049575527509052,3.131049633026123,500000,0.0,0.0
1986-04-22 00:00:00-05:00,3.1136558055877686,3.1397478933440905,3.0614716300751246,3.1136558055877686,1069200,0.0,0.0
1986-04-23 00:00:00-05:00,3.1049580897315074,3.1136554513273937,3.070168643347961,3.0788660049438477,226800,0.0,0.0
1986-04-24 00:00:00-05:00,3.070168643347961,3.0962607281356207,3.0614712817520746,3.0788660049438477,353200,0.0,0.0
1986-04-25 00:00:00-05:00,3.078865467147394,3.078865467147394,3.035378666763956,3.0614707469940186,248200,0.0,0.0
1986-04-28 00:00:00-04:00,3.0614710750742855,3.0701684360830193,3.0266816310393505,3.0527737140655518,416000,0.0,0.0
1986-04-29 00:00:00-04:00,3.0440755361734437,3.078864970872569,2.9310098734012873,2.991891384124756,763800,0.0,0.0
1986-04-30 00:00:00-04:00,2.957103195980456,2.9744979206626936,2.9397084712982178,2.9397084712982178,414600,0.0,0.0
1986-05-01 00:00:00-04:00,2.931010246276856,2.9571023256205664,2.922312886495619,2.9310102462768555,409000,0.0,0.0
1986-05-02 00:00:00-04:00,2.931010307463924,2.965799747315128,2.931010307463924,2.9484050273895264,1057600,0.0,0.0
1986-05-05 00:00:00-04:00,2.9484066640265736,3.0353803119329625,2.9484066640265736,3.0179855823516846,165400,0.0,0.0
1986-05-06 00:00:00-04:00,3.026682615280152,3.026682615280152,3.0092878876061278,3.0266826152801514,438000,0.0,0.0
1986-05-07 00:00:00-04:00,3.0179834601491,3.0179834601491,2.9744966667751935,2.991891384124756,3264000,0.0,0.0
1986-05-08 00:00:00-04:00,2.977402925491333,3.003907996044668,2.9685679019735542,2.977402925491333,2220000,0.335,0.0
1986-05-09 00:00:00-04:00,2.9862380562278723,3.0127431277328536,2.977403032392879,2.995073080062866,2460000,0.0,0.0
1986-05-12 00:00:00-04:00,2.9862380562278723,3.0039081038978597,2.968568008557885,2.995073080062866,213400,0.0,0.0
1986-05-13 00:00:00-04:00,2.9950722382565047,3.012742280960083,2.9950722382565047,3.012742280960083,309000,0.0,0.0
1986-05-14 00:00:00-04:00,3.0127431277328536,3.0127431277328536,2.995073080062866,2.995073080062866,345400,0.0,0.0
1986-05-15 00:00:00-04:00,3.00390852978949,3.00390852978949,2.9774034545266415,2.986238479614258,492400,0.0,0.0
1986-05-16 00:00:00-04:00,2.9862379490091113,2.9950729725268896,2.977402925491333,2.977402925491333,136800,0.0,0.0
1986-05-19 00:00:00-04:00,2.977402632435163,2.9862376550833387,2.9685676097869873,2.9685676097869873,313800,0.0,0.0
1986-05-20 00:00:00-04:00,2.968566647697897,3.003906726837158,2.968566647697897,3.003906726837158,265000,0.0,0.0
1986-05-21 00:00:00-04:00,3.003907996044668,3.0127430195624467,2.977402925491333,2.977402925491333,229200,0.0,0.0
1986-05-22 00:00:00-04:00,2.977402015736229,3.0304121406454794,2.977402015736229,3.0215771198272705,282800,0.0,0.0
1986-05-23 00:00:00-04:00,3.021577119827271,3.056917203100104,3.0127420990090625,3.0215771198272705,243600,0.0,0.0
1986-05-27 00:00:00-04:00,3.039249232195426,3.065754312708758,3.0304142053576486,3.048084259033203,650200,0.0,0.0
1986-05-28 00:00:00-04:00,3.056919199296798,3.0922593056470498,3.0480841727092347,3.074589252471924,331800,0.0,0.0
1986-05-29 00:00:00-04:00,3.0745881143477036,3.0922581609818858,3.0569180677135215,3.083423137664795,489400,0.0,0.0
1986-05-30 00:00:00-04:00,3.065753698348999,3.074588723416287,3.056918673281711,3.065753698348999,423400,0.0,0.0
1986-06-02 00:00:00-04:00,3.0657525783361392,3.08342262201531,3.039247512817383,3.039247512817383,203400,0.0,0.0
1986-06-03 00:00:00-04:00,3.048081825761234,3.048081825761234,2.9862366872675277,3.003906726837158,255400,0.0,0.0
1986-06-04 00:00:00-04:00,3.003907996044668,3.0127430195624467,2.897887713831327,2.977402925491333,436400,0.0,0.0
1986-06-05 00:00:00-04:00,2.986238479614258,3.00390852978949,2.959733404351409,2.986238479614258,1483200,0.0,0.0
1986-06-06 00:00:00-04:00,2.986236637741772,2.986236637741772,2.9420615395503256,2.9597315788269043,147000,0.0,0.0
1986-06-09 00:00:00-04:00,2.9420625821846285,2.9508976049539517,2.871382400030043,2.8978874683380127,283600,0.0,0.0
1986-06-10 00:00:00-04:00,2.8802186936598555,2.8978887469951924,2.827208533653846,2.8713836669921875,1121200,0.0,0.0
1986-06-11 00:00:00-04:00,2.871382400030043,2.915557513876659,2.871382400030043,2.8978874683380127,289200,0.0,0.0
1986-06-12 00:00:00-04:00,2.9155569076538086,2.924391928586093,2.89788686578924,2.9155569076538086,222200,0.0,0.0
1986-06-13 00:00:00-04:00,2.924392860806631,2.959732955801273,2.924392860806631,2.9508979320526123,207000,0.0,0.0
1986-06-16 00:00:00-04:00,2.9508979320526123,2.959732955801273,2.9332278845552913,2.9508979320526123,495200,0.0,0.0
1986-06-17 00:00:00-04:00,2.9685679795499333,2.977403003298594,2.942062908303952,2.9508979320526123,387200,0.0,0.0
1986-06-18 00:00:00-04:00,2.959733404351409,2.9950735047018737,2.950898379263793,2.986238479614258,248400,0.0,0.0
1986-06-19 00:00:00-04:00,2.9774016181034826,2.9950716573800613,2.9597315788269043,2.9597315788269043,230000,0.0,0.0
1986-06-20 00:00:00-04:00,2.959733404351409,2.986238479614258,2.950898379263793,2.986238479614258,262000,0.0,0.0
1986-06-23 00:00:00-04:00,2.986238479614258,2.9950735047018737,2.968568429439025,2.986238479614258,386400,0.0,0.0
1986-06-24 00:00:00-04:00,2.9950720573726457,3.0480821822818958,2.977402015736229,3.0215771198272705,477000,0.0,0.0
1986-06-25 00:00:00-04:00,3.0569169521331787,3.0922570325046603,3.039246911947438,3.0569169521331787,402800,0.0,0.0
1986-06-26 00:00:00-04:00,3.0569192858709804,3.065754312708758,3.048084259033203,3.048084259033203,245800,0.0,0.0
1986-06-27 00:00:00-04:00,3.0745881143477036,3.109928207616068,3.0657530910306128,3.083423137664795,403200,0.0,0.0
1986-06-30 00:00:00-04:00,3.0922571930601643,3.127597275266566,3.0834221725085635,3.118762254714966,538200,0.0,0.0
1986-07-01 00:00:00-04:00,3.1187635792626276,3.1187635792626276,3.0922585063510475,3.1010935306549072,279800,0.0,0.0
1986-07-02 00:00:00-04:00,3.1010922136117647,3.118762254714966,3.074587151956963,3.118762254714966,402200,0.0,0.0
1986-07-03 00:00:00-04:00,3.118762254714966,3.145267316369767,3.109927234163365,3.118762254714966,156800,0.0,0.0
1986-07-07 00:00:00-04:00,3.1010935306549077,3.1010935306549077,3.065753433439467,3.1010935306549072,315200,0.0,0.0
1986-07-08 00:00:00-04:00,3.074588723416287,3.0834237484835754,3.0392486231471345,3.065753698348999,206800,0.0,0.0
1986-07-09 00:00:00-04:00,3.0480819320403083,3.08342201241179,3.0480819320403083,3.0569169521331787,555400,0.0,0.0
1986-07-10 00:00:00-04:00,3.0480841727092347,3.0834242790594866,3.039249146121672,3.074589252471924,496600,0.0,0.0
1986-07-11 00:00:00-04:00,3.0922598493464477,3.171775102615356,3.0922598493464477,3.1717751026153564,653000,0.0,0.0
1986-07-14 00:00:00-04:00,3.1806061294052625,3.2336162315620167,3.162936095353011,3.2159461975097656,829800,0.0,0.0
1986-07-15 00:00:00-04:00,3.233618974685669,3.277794097290664,3.1982788766016723,3.233618974685669,1051200,0.0,0.0
1986-07-16 00:00:00-04:00,3.251287157002164,3.3042972736924168,3.233617118105413,3.27779221534729,476000,0.0,0.0
1986-07-17 00:00:00-04:00,3.2689571958989148,3.2866272347956658,3.2689571958989148,3.27779221534729,378400,0.0,0.0
1986-07-18 00:00:00-04:00,3.260125316422561,3.3484755960004082,3.260125316422561,3.330805540084839,757200,0.0,0.0
1986-07-21 00:00:00-04:00,3.3926480379971586,3.410318079861727,3.383813017064875,3.4014830589294434,830800,0.0,0.0
1986-07-22 00:00:00-04:00,3.4014853196484705,3.4986706144955697,3.3926502928441886,3.4633305072784424,491400,0.0,0.0
1986-07-23 00:00:00-04:00,3.463328544441086,3.47216356623813,3.4368234790499557,3.454493522644043,354000,0.0,0.0
1986-07-24 00:00:00-04:00,3.436824688405702,3.50750488765312,3.4279896634997744,3.4986698627471924,432000,0.0,0.0
1986-07-25 00:00:00-04:00,3.4898347298501444,3.5693499515429328,3.4898347298501444,3.5605149269104004,438800,0.0,0.0
1986-07-28 00:00:00-04:00,3.542844395347053,3.551679418776846,3.4633291844789147,3.480999231338501,427400,0.0,0.0
1986-07-29 00:00:00-04:00,3.480999812935338,3.4986698627471924,3.4544947382175564,3.4986698627471924,437000,0.0,0.0
1986-07-30 00:00:00-04:00,3.489834254768294,3.5075043016278804,3.472164207908708,3.480999231338501,418200,0.0,0.0
1986-07-31 00:00:00-04:00,3.463329108596149,3.516339248013437,3.463329108596149,3.5075042247772217,300800,0.0,0.0
1986-08-01 00:00:00-04:00,3.516339912559047,3.5251749374649743,3.4898348378412654,3.4986698627471924,781600,0.0,0.0
1986-08-04 00:00:00-04:00,3.489833609832217,3.489833609832217,3.4456585008469993,3.454493522644043,608200,0.0,0.0
1986-08-05 00:00:00-04:00,3.454495480474161,3.481000560887006,3.445660453669879,3.4633305072784424,181800,0.0,0.0
1986-08-06 00:00:00-04:00,3.454495480474161,3.4633305072784424,3.445660453669879,3.4633305072784424,495200,0.0,0.0
1986-08-07 00:00:00-04:00,3.4934277534484863,3.5113427675687348,3.457597725207989,3.4934277534484863,1331400,0.335,0.0
1986-08-08 00:00:00-04:00,3.4665549932693946,3.520300031924734,3.4665549932693946,3.5113425254821777,733600,0.0,0.0
1986-08-11 00:00:00-04:00,3.5202988546286056,3.618831392544419,3.5202988546286056,3.6009163856506348,359800,0.0,0.0
1986-08-12 00:00:00-04:00,3.6009163856506348,3.627788895991311,3.58300137875685,3.6009163856506348,223800,0.0,0.0
1986-08-13 00:00:00-04:00,3.6009163856506348,3.6098738890975266,3.5740438753099584,3.6009163856506348,293200,0.0,0.0
1986-08-14 00:00:00-04:00,3.5829991176538636,3.6098716110362674,3.5561266242714598,3.591956615447998,241600,0.0,0.0
1986-08-15 00:00:00-04:00,3.600914113242133,3.600914113242133,3.574041619859729,3.591956615447998,123000,0.0,0.0
1986-08-18 00:00:00-04:00,3.591959595680237,3.600917100906372,3.565087080001831,3.5830020904541016,262000,0.0,0.0
1986-08-19 00:00:00-04:00,3.600916272622568,3.6457037884512067,3.583001266291112,3.627788782119751,442800,0.0,0.0
1986-08-20 00:00:00-04:00,3.6457019509743156,3.7442344361357836,3.6277869536722305,3.735276937484741,500400,0.0,0.0
1986-08-21 00:00:00-04:00,3.7442349249537066,3.7890224240560237,3.72631992531278,3.75319242477417,496600,0.0,0.0
1986-08-22 00:00:00-04:00,3.7352784843398976,3.744235986700425,3.708405977258316,3.72632098197937,364800,0.0,0.0
1986-08-25 00:00:00-04:00,3.7263219309788127,3.7352794356205883,3.6546618938446045,3.6546618938446045,274400,0.0,0.0
1986-08-26 00:00:00-04:00,3.6904893332120907,3.780064317027918,3.681531834830508,3.744234323501587,348200,0.0,0.0
1986-08-27 00:00:00-04:00,3.7263209819793706,3.744235986700425,3.7263209819793706,3.72632098197937,193000,0.0,0.0
1986-08-28 00:00:00-04:00,3.7084059715271,3.7442359809138352,3.672575962140365,3.7084059715270996,505000,0.0,0.0
1986-08-29 00:00:00-04:00,3.690490972537261,3.7263209819793706,3.663618465455679,3.72632098197937,206600,0.0,0.0
1986-09-02 00:00:00-04:00,3.72631937162882,3.744234368607805,3.627786888244404,3.6457018852233887,401800,0.0,0.0
1986-09-03 00:00:00-04:00,3.600914392775927,3.6457018852233887,3.5829993957969424,3.6457018852233887,206000,0.0,0.0
1986-09-04 00:00:00-04:00,3.6277881895967306,3.6367456912994385,3.5919581827858984,3.6367456912994385,259000,0.0,0.0
1986-09-05 00:00:00-04:00,3.6188328522902267,3.6188328522902267,3.457597725207989,3.4934277534484863,290000,0.0,0.0
1986-09-08 00:00:00-04:00,3.475509517876677,3.5202970116637475,3.3948920290599496,3.4665520191192627,327800,0.0,0.0
1986-09-09 00:00:00-04:00,3.4844713396840277,3.493428849554681,3.4396837903307627,3.448641300201416,249600,0.0,0.0
1986-09-10 00:00:00-04:00,3.457598810072069,3.466556319942722,3.4396837903307627,3.448641300201416,314400,0.0,0.0
1986-09-11 00:00:00-04:00,3.403849898961178,3.4307223981635033,3.2426149037472274,3.3053174018859863,548200,0.0,0.0
1986-09-12 00:00:00-04:00,3.2963610725719845,3.2963610725719845,3.15304102593842,3.2336585521698,900200,0.0,0.0
1986-09-15 00:00:00-04:00,3.269488694237881,3.314276210597304,3.2336586811503425,3.2784461975097656,504800,0.0,0.0
1986-09-16 00:00:00-04:00,3.2784452346655035,3.2784452346655035,3.206785229536203,3.2605302333831787,731800,0.0,0.0
1986-09-17 00:00:00-04:00,3.27844583694249,3.287403339229218,3.2515733300823055,3.2694883346557617,460000,0.0,0.0
1986-09-18 00:00:00-04:00,3.2694879651728255,3.2784454664472715,3.2426154613494873,3.2426154613494873,415200,0.0,0.0
1986-09-19 00:00:00-04:00,3.2515735579989955,3.2515735579989955,3.197828540511409,3.2336585521698,704600,0.0,0.0
1986-09-22 00:00:00-04:00,3.233658082557447,3.251573085784912,3.2067855777162495,3.251573085784912,680000,0.0,0.0
1986-09-23 00:00:00-04:00,3.287403339229218,3.287403339229218,3.2515733300823055,3.2694883346557617,200600,0.0,0.0
1986-09-24 00:00:00-04:00,3.2694883346557617,3.287403339229218,3.242615827795577,3.2694883346557617,330000,0.0,0.0
1986-09-25 00:00:00-04:00,3.2694889213785774,3.2874039291669535,3.2067863941192623,3.2067863941192627,365200,0.0,0.0
1986-09-26 00:00:00-04:00,3.2157413959503174,3.2426138867242758,3.197826402101012,3.2157413959503174,228400,0.0,0.0
1986-09-29 00:00:00-04:00,3.2246995845311126,3.2246995845311126,3.1530395937637548,3.1799120903015137,260600,0.0,0.0
1986-09-30 00:00:00-04:00,3.179913882436699,3.21574389801345,3.170956378542511,3.2067863941192627,529000,0.0,0.0
1986-10-01 00:00:00-04:00,3.2067866338623894,3.2336591475539738,3.2067866338623894,3.2247016429901123,492400,0.0,0.0
1986-10-02 00:00:00-04:00,3.21574389801345,3.233658905801826,3.1978288902250744,3.2067863941192627,290200,0.0,0.0
1986-10-03 00:00:00-04:00,3.2247016429901123,3.2336591475539738,3.2067866338623894,3.2247016429901123,732200,0.0,0.0
1986-10-06 00:00:00-04:00,3.2336577314596906,3.269487734024341,3.2336577314596906,3.2605302333831787,574800,0.0,0.0
1986-10-07 00:00:00-04:00,3.2426152321008535,3.2605302333831783,3.2336577314596906,3.2605302333831787,155200,0.0,0.0
1986-10-08 00:00:00-04:00,3.260531060913593,3.260531060913593,3.2336585521698,3.2336585521698,263600,0.0,0.0
1986-10-09 00:00:00-04:00,3.2426138867242758,3.2426138867242758,3.197826402101012,3.2157413959503174,203200,0.0,0.0
1986-10-10 00:00:00-04:00,3.233656389799623,3.2426138867242758,3.2157413959503174,3.2157413959503174,196400,0.0,0.0
1986-10-13 00:00:00-04:00,3.2247016429901123,3.2336591475539738,3.215744138426251,3.2247016429901123,105800,0.0,0.0
1986-10-14 00:00:00-04:00,3.2247014019076383,3.233658905801826,3.2067863941192623,3.2067863941192627,217800,0.0,0.0
1986-10-15 00:00:00-04:00,3.215742957526149,3.2426154613494873,3.1978279549772566,3.2426154613494873,400800,0.0,0.0
1986-10-16 00:00:00-04:00,3.242616055084398,3.260531060913593,3.224701049255202,3.2336585521698,328800,0.0,0.0
1986-10-17 00:00:00-04:00,3.2336585521698,3.242616055084398,3.2157435463406046,3.2336585521698,423600,0.0,0.0
1986-10-20 00:00:00-04:00,3.224702001619739,3.2336595071797944,3.18887197937952,3.197829484939575,175600,0.0,0.0
1986-10-21 00:00:00-04:00,3.2157435463406046,3.2336585521698,3.197828540511409,3.2336585521698,130200,0.0,0.0
1986-10-22 00:00:00-04:00,3.233656389799623,3.233656389799623,3.1888689051763595,3.2157413959503174,500400,0.0,0.0
1986-10-23 00:00:00-04:00,3.197828540511409,3.242616055084398,3.1888710375968112,3.2336585521698,820800,0.0,0.0
1986-10-24 00:00:00-04:00,3.2336591475539738,3.242616652117835,3.2247016429901123,3.2247016429901123,345800,0.0,0.0
1986-10-27 00:00:00-05:00,3.2247005809437144,3.2605305873986445,3.215743079329982,3.251573085784912,837400,0.0,0.0
1986-10-28 00:00:00-05:00,3.2426152321008535,3.287402735306666,3.2426152321008535,3.2605302333831787,344200,0.0,0.0
1986-10-29 00:00:00-05:00,3.251572403481336,3.305317401885986,3.251572403481336,3.3053174018859863,381600,0.0,0.0
1986-10-30 00:00:00-05:00,3.3680204028418492,3.3680204028418492,3.3321903985562975,3.3411478996276855,645800,0.0,0.0
1986-10-31 00:00:00-05:00,3.341148022661872,3.3590630254643483,3.3232330198593956,3.3501055240631104,233400,0.0,0.0
1986-11-03 00:00:00-05:00,3.359063873140831,3.4128088951110844,3.359063873140831,3.412808895111084,371600,0.0,0.0
1986-11-04 00:00:00-05:00,3.4128106739372015,3.439683198928833,3.403853165606658,3.439683198928833,271600,0.0,0.0
1986-11-05 00:00:00-05:00,3.421765580696145,3.4665530882968802,3.4128080791759983,3.4575955867767334,153400,0.0,0.0
1986-11-06 00:00:00-05:00,3.457598810072069,3.466556319942722,3.3769812212361914,3.448641300201416,187600,0.0,0.0
1986-11-07 00:00:00-05:00,3.430723059804816,3.4396805612664476,3.403850555419922,3.403850555419922,237200,0.0,0.0
1986-11-10 00:00:00-05:00,3.4038537508481506,3.457598810072069,3.4038537508481506,3.448641300201416,969000,0.0,0.0
1986-11-11 00:00:00-05:00,3.4575945203618486,3.475509517876677,3.4486370216044344,3.4665520191192627,558200,0.0,0.0
1986-11-12 00:00:00-05:00,3.4755110740661617,3.4755110740661617,3.4575960685297384,3.475511074066162,4040000,0.0,0.0
1986-11-13 00:00:00-05:00,3.469697952270508,3.4878639101357987,3.4606149733378624,3.469697952270508,2140000,0.335,0.0
1986-11-14 00:00:00-05:00,3.4515325725078583,3.5060304552316666,3.433366611599922,3.4878644943237305,1162000,0.0,0.0
1986-11-17 00:00:00-05:00,3.469697768009674,3.487863724910248,3.4515318111091,3.478780746459961,310000,0.0,0.0
1986-11-18 00:00:00-05:00,3.4697004333335055,3.47878341876108,3.415202520768058,3.4424514770507812,1291600,0.0,0.0
1986-11-19 00:00:00-05:00,3.433367013931275,3.451532976967948,3.415201050894601,3.4333670139312744,694200,0.0,0.0
1986-11-20 00:00:00-05:00,3.433368491623207,3.451534462478356,3.415202520768058,3.4424514770507812,232800,0.0,0.0
1986-11-21 00:00:00-05:00,3.442450127846156,3.5514459102581712,3.442450127846156,3.542362928390503,496200,0.0,0.0
1986-11-24 00:00:00-05:00,3.5241965112806874,3.5968603568741035,3.5241965112806874,3.5877773761749268,252800,0.0,0.0
1986-11-25 00:00:00-05:00,3.56961112518601,3.596860065072926,3.5423621852990936,3.5786941051483154,259000,0.0,0.0
1986-11-26 00:00:00-05:00,3.5696114147765727,3.615026318272458,3.5605284340773955,3.5877773761749268,201400,0.0,0.0
1986-11-28 00:00:00-05:00,3.5786943954757495,3.5877773761749268,3.5514454533782187,3.5877773761749268,117600,0.0,0.0
1986-12-01 00:00:00-05:00,3.560527563095093,3.560527563095093,3.487863735276826,3.5605275630950928,367800,0.0,0.0
1986-12-02 00:00:00-05:00,3.5605281452237048,3.5877770851106208,3.5332792053367883,3.5786941051483154,600600,0.0,0.0
1986-12-03 00:00:00-05:00,3.5696105415723762,3.5786935200496597,3.5423616061405263,3.5605275630950928,464000,0.0,0.0
1986-12-04 00:00:00-05:00,3.5514450872067327,3.5514450872067327,3.506030188393347,3.524196147918701,797200,0.0,0.0
1986-12-05 00:00:00-05:00,3.5151126602611096,3.542361595611971,3.469697768009674,3.478780746459961,250000,0.0,0.0
1986-12-08 00:00:00-05:00,3.478780854212773,3.5151127691392774,3.451531918017895,3.4969468116760254,613000,0.0,0.0
1986-12-09 00:00:00-05:00,3.506029868001089,3.506029868001089,3.4606149733378624,3.469697952270508,277600,0.0,0.0
1986-12-10 00:00:00-05:00,3.460615289579962,3.524196147918701,3.460615289579962,3.524196147918701,368400,0.0,0.0
1986-12-11 00:00:00-05:00,3.506029790407651,3.5151127691392774,3.487863832944399,3.4969468116760254,428000,0.0,0.0
1986-12-12 00:00:00-05:00,3.487863724910248,3.4969467033605355,3.469697768009674,3.478780746459961,124400,0.0,0.0
1986-12-15 00:00:00-05:00,3.469695863797683,3.515110731124878,3.460612890332244,3.515110731124878,455800,0.0,0.0
1986-12-16 00:00:00-05:00,3.506027757659439,3.5514426249866338,3.506027757659439,3.515110731124878,548200,0.0,0.0
1986-12-17 00:00:00-05:00,3.515110731124878,3.524193704590317,3.496944784194,3.515110731124878,518600,0.0,0.0
1986-12-18 00:00:00-05:00,3.524193704590317,3.533276678055756,3.496944784194,3.515110731124878,513000,0.0,0.0
1986-12-19 00:00:00-05:00,3.506030188393347,3.524196147918701,3.49694720863067,3.524196147918701,605600,0.0,0.0
1986-12-22 00:00:00-05:00,3.506029088979005,3.5151120658934585,3.460614204406738,3.4606142044067383,422200,0.0,0.0
1986-12-23 00:00:00-05:00,3.469696645987661,3.478779621500718,3.424281768422378,3.451530694961548,527000,0.0,0.0
1986-12-24 00:00:00-05:00,3.451530694961548,3.4606136704746047,3.442447719448491,3.451530694961548,120200,0.0,0.0
1986-12-26 00:00:00-05:00,3.460615958486285,3.460615958486285,3.433367013931275,3.4333670139312744,364400,0.0,0.0
1986-12-29 00:00:00-05:00,3.433365767451117,3.451531723892657,3.3970338545680363,3.4242827892303467,351800,0.0,0.0
1986-12-30 00:00:00-05:00,3.415199756622315,3.424282734698438,3.378867844317822,3.4151997566223145,462200,0.0,0.0
1986-12-31 00:00:00-05:00,3.433365767451117,3.433365767451117,3.4151998110095767,3.4242827892303467,440600,0.0,0.0
1987-01-02 00:00:00-05:00,3.4242833705292535,3.524196147918701,3.4242833705292535,3.524196147918701,274600,0.0,0.0
1987-01-05 00:00:00-05:00,3.524196225374483,3.5877770851106208,3.5060302654498723,3.5786941051483154,349600,0.0,0.0
1987-01-06 00:00:00-05:00,3.5786935200496597,3.5786935200496597,3.533278627663243,3.5605275630950928,202600,0.0,0.0
1987-01-07 00:00:00-05:00,3.5423616061405263,3.5696105415723762,3.5241956491859594,3.5605275630950928,272200,0.0,0.0
1987-01-08 00:00:00-05:00,3.56961112518601,3.5877770851106208,3.551445165261399,3.5786941051483154,181800,0.0,0.0
1987-01-09 00:00:00-05:00,3.5786934982646597,3.6059424335306343,3.5605275414206767,3.5968594551086426,224400,0.0,0.0
1987-01-12 00:00:00-05:00,3.596860065072926,3.615026024997537,3.5605281452237048,3.5786941051483154,1543000,0.0,0.0
1987-01-13 00:00:00-05:00,3.5696093934008695,3.6150242711795064,3.5605264178451423,3.6059412956237793,252400,0.0,0.0
1987-01-14 00:00:00-05:00,3.6241063478604034,3.6331893211633117,3.5968574279516785,3.615023374557495,338800,0.0,0.0
1987-01-15 00:00:00-05:00,3.6241063478604034,3.6331893211633117,3.58777445464877,3.615023374557495,506800,0.0,0.0
1987-01-16 00:00:00-05:00,3.6150242711795064,3.6331902222909616,3.578692368956597,3.6059412956237793,366800,0.0,0.0
1987-01-19 00:00:00-05:00,3.6059444930619167,3.6241104602813725,3.569612558623006,3.624110460281372,636400,0.0,0.0
1987-01-20 00:00:00-05:00,3.6241069347551553,3.6695218086242676,3.615023959981333,3.6695218086242676,586000,0.0,0.0
1987-01-21 00:00:00-05:00,3.669524006784698,3.6876899672143253,3.642275066140257,3.6786069869995117,487000,0.0,0.0
1987-01-22 00:00:00-05:00,3.6422766265915887,3.7058575153350826,3.624110658379162,3.705857515335083,684000,0.0,0.0
1987-01-23 00:00:00-05:00,3.7240218880735796,3.7694367891476475,3.669524006784698,3.6786069869995117,825200,0.0,0.0
1987-01-26 00:00:00-05:00,3.6604410785759613,3.696772999951405,3.6604410785759613,3.687690019607544,114000,0.0,0.0
1987-01-27 00:00:00-05:00,3.7058544020050936,3.7694352373336124,3.687688449054088,3.7421863079071045,301000,0.0,0.0
1987-01-28 00:00:00-05:00,3.76943783977857,3.7785208225250244,3.742188891539207,3.7785208225250244,449000,0.0,0.0
1987-01-29 00:00:00-05:00,3.560528892125839,3.596860819596511,3.524196964655167,3.542362928390503,4280000,0.0,0.0
1987-01-30 00:00:00-05:00,3.533278627663243,3.5786935200496597,3.5241956491859594,3.5605275630950928,1019400,0.0,0.0
1987-02-02 00:00:00-05:00,3.5696093934008695,3.624107246735234,3.542360466733687,3.6059412956237793,1076800,0.0,0.0
1987-02-03 00:00:00-05:00,3.6059412956237793,3.624107246735234,3.587775344512324,3.6059412956237793,1460600,0.0,0.0
1987-02-04 00:00:00-05:00,3.5968574279516785,3.6241063478604034,3.58777445464877,3.615023374557495,444800,0.0,0.0
1987-02-05 00:00:00-05:00,3.615024678707123,3.633190631866455,3.6059417021274567,3.633190631866455,1406400,0.0,0.0
1987-02-06 00:00:00-05:00,3.6331934438911,3.6331934438911,3.5786955422327336,3.624110460281372,374400,0.0,0.0
1987-02-09 00:00:00-05:00,3.6059430450352314,3.615026024997537,3.56961112518601,3.5786941051483154,1059600,0.0,0.0
1987-02-10 00:00:00-05:00,3.569610696382473,3.5786936752536755,3.478780907670451,3.5060298442840576,1549800,0.0,0.0
1987-02-11 00:00:00-05:00,3.413049459457397,3.5052940394427323,3.36692716946473,3.4130494594573975,5200000,0.37,0.0
1987-02-12 00:00:00-05:00,3.4222723219705666,3.4407212293666345,3.3761500534803974,3.394598960876465,1642200,0.0,0.0
1987-02-13 00:00:00-05:00,3.385376042754181,3.440722790047165,3.366927126989853,3.422273874282837,573600,0.0,0.0
1987-02-17 00:00:00-05:00,3.4038219451904297,3.459168643486209,3.4038219451904297,3.4038219451904297,499400,0.0,0.0
1987-02-18 00:00:00-05:00,3.4038219451904297,3.4038219451904297,3.37614859604254,3.4038219451904297,567400,0.0,0.0
1987-02-19 00:00:00-05:00,3.422271156181107,3.422271156181107,3.3669244528466415,3.38537335395813,598400,0.0,0.0
1987-02-20 00:00:00-05:00,3.3945985976963824,3.3945985976963824,3.3577007868518565,3.3669252395629883,344800,0.0,0.0
1987-02-23 00:00:00-05:00,3.366924799405611,3.376149250910832,3.311578090374286,3.3577003479003906,404800,0.0,0.0
1987-02-24 00:00:00-05:00,3.3669261528494583,3.3853750632760304,3.357701697636172,3.376150608062744,127200,0.0,0.0
1987-02-25 00:00:00-05:00,3.3577007868518565,3.3761496922741197,3.348476334140725,3.3669252395629883,191600,0.0,0.0
1987-02-26 00:00:00-05:00,3.3484762090345774,3.36692511376755,3.293129494835659,3.339251756668091,761200,0.0,0.0
1987-02-27 00:00:00-05:00,3.348476525147756,3.348476525147756,3.302354258961148,3.320803165435791,445000,0.0,0.0
1987-03-02 00:00:00-05:00,3.3300276186731126,3.3392520719104346,3.302354258961148,3.320803165435791,322400,0.0,0.0
1987-03-03 00:00:00-05:00,3.3208025234371585,3.3208025234371585,3.28390471762119,3.302353620529175,345400,0.0,0.0
1987-03-04 00:00:00-05:00,3.3023536388690653,3.3577003479003906,3.3023536388690653,3.3577003479003906,992600,0.0,0.0
1987-03-05 00:00:00-05:00,3.3761500534803974,3.4222723219705666,3.3669255997823635,3.394598960876465,702000,0.0,0.0
1987-03-06 00:00:00-05:00,3.376149250910832,3.3945981539212737,3.339251444889949,3.3577003479003906,327800,0.0,0.0
1987-03-09 00:00:00-05:00,3.320803165435791,3.348476525147756,3.320803165435791,3.320803165435791,259600,0.0,0.0
1987-03-10 00:00:00-05:00,3.3392520719104346,3.3392520719104346,3.2931298057238263,3.320803165435791,736600,0.0,0.0
1987-03-11 00:00:00-05:00,3.3208025234371585,3.3577003292531273,3.28390471762119,3.302353620529175,402600,0.0,0.0
1987-03-12 00:00:00-05:00,3.2931291690751823,3.330026974891151,3.28390471762119,3.302353620529175,1217400,0.0,0.0
1987-03-13 00:00:00-05:00,3.3023546532298744,3.320803561907136,3.2839057445526123,3.2839057445526123,374600,0.0,0.0
1987-03-16 00:00:00-05:00,3.2654573507711917,3.302355173943748,3.247008439184914,3.274681806564331,501000,0.0,0.0
1987-03-17 00:00:00-05:00,3.3023536205291744,3.3208025234371585,3.28390471762119,3.302353620529175,684400,0.0,0.0
1987-03-18 00:00:00-05:00,3.3023553308652565,3.3023553308652565,3.2654575059393878,3.293130874633789,254800,0.0,0.0
1987-03-19 00:00:00-05:00,3.283906418402322,3.3023553308652565,3.2562330497079204,3.293130874633789,561800,0.0,0.0
1987-03-20 00:00:00-05:00,3.293129494835659,3.3392517566680913,3.293129494835659,3.339251756668091,933600,0.0,0.0
1987-03-23 00:00:00-05:00,3.320802851935118,3.3392517566680913,3.3023539472021453,3.339251756668091,699800,0.0,0.0
1987-03-24 00:00:00-05:00,3.3392511489995673,3.3484755996874114,3.3023533462481907,3.311577796936035,951200,0.0,0.0
1987-03-25 00:00:00-05:00,3.3023546532298744,3.320803561907136,3.2746812902139815,3.2839057445526123,1829200,0.0,0.0
1987-03-26 00:00:00-05:00,3.3023546532298744,3.3023546532298744,3.2746812902139815,3.2839057445526123,401600,0.0,0.0
1987-03-27 00:00:00-05:00,3.2746805254890026,3.2839049776734788,3.219333812382146,3.2377827167510986,522000,0.0,0.0
1987-03-30 00:00:00-05:00,3.1639868480571804,3.2008846538654274,3.154762396605119,3.1824357509613037,928800,0.0,0.0
1987-03-31 00:00:00-05:00,3.2008840396390323,3.2008840396390323,3.154761791229248,3.154761791229248,399000,0.0,0.0
1987-04-01 00:00:00-05:00,3.1270899772644047,3.154763339895063,3.117865523054185,3.1270899772644043,1129600,0.0,0.0
1987-04-02 00:00:00-05:00,3.136313493700995,3.182435750961304,3.1270890422489335,3.1824357509613037,316600,0.0,0.0
1987-04-03 00:00:00-05:00,3.191660202413366,3.191660202413366,3.1639868480571804,3.1824357509613037,568200,0.0,0.0
1987-04-06 00:00:00-04:00,3.191660455828718,3.2377827167510986,3.182436003644242,3.2377827167510986,447200,0.0,0.0
1987-04-07 00:00:00-04:00,3.2008860517788484,3.2285594182207404,3.1732126853369564,3.1916615962982178,386200,0.0,0.0
1987-04-08 00:00:00-04:00,3.182437140817587,3.2008860517788484,3.1732126853369564,3.1916615962982178,502000,0.0,0.0
1987-04-09 00:00:00-04:00,3.210108489320989,3.210108489320989,3.145537341547291,3.154761791229248,715600,0.0,0.0
1987-04-10 00:00:00-04:00,3.1363141536712646,3.1639875138507167,3.1363141536712646,3.1363141536712646,531000,0.0,0.0
1987-04-13 00:00:00-04:00,3.136314551035563,3.1547634601593018,3.0901922782262163,3.099416732788086,410400,0.0,0.0
1987-04-14 00:00:00-04:00,3.0809651371935702,3.0809651371935702,2.9702717789710467,3.0532917976379395,1201800,0.0,0.0
1987-04-15 00:00:00-04:00,3.0625183681059167,3.1270895385177884,3.0256205564419902,3.1178650856018066,930400,0.0,0.0
1987-04-16 00:00:00-04:00,3.1363136555344635,3.2285581748148893,3.1363136555344635,3.2008848190307617,518200,0.0,0.0
1987-04-20 00:00:00-04:00,3.191662184488466,3.219335556030273,3.191662184488466,3.2193355560302734,413800,0.0,0.0
1987-04-21 00:00:00-04:00,3.2101107685505843,3.293130874633789,3.182437399856183,3.293130874633789,506600,0.0,0.0
1987-04-22 00:00:00-04:00,3.2101080417633057,3.283903628930278,3.2101080417633057,3.2101080417633057,496200,0.0,0.0
1987-04-23 00:00:00-04:00,3.210110507259479,3.237783873701371,3.1732126853369564,3.1916615962982178,270200,0.0,0.0
1987-04-24 00:00:00-04:00,3.136314551035563,3.163987914721171,3.0901922782262163,3.099416732788086,281000,0.0,0.0
1987-04-27 00:00:00-04:00,3.062519550323486,3.09019291975412,3.034846180892852,3.0625195503234863,663400,0.0,0.0
1987-04-28 00:00:00-04:00,3.0809666028008618,3.1455377591469875,3.0717421518942722,3.10863995552063,826000,0.0,0.0
1987-04-29 00:00:00-04:00,3.1270890422489335,3.2285580082216128,3.1270890422489335,3.1824357509613037,672000,0.0,0.0
1987-04-30 00:00:00-04:00,3.191662184488466,3.228560013210876,3.191662184488466,3.2193355560302734,527200,0.0,0.0
1987-05-01 00:00:00-04:00,3.2008840396390323,3.210108489320989,3.154761791229248,3.154761791229248,586400,0.0,0.0
1987-05-04 00:00:00-04:00,3.1639888129466582,3.219335556030273,3.154764355766056,3.2193355560302734,396200,0.0,0.0
1987-05-05 00:00:00-04:00,3.2285569385550485,3.2285569385550485,3.200883593367434,3.2101080417633057,892200,0.0,0.0
1987-05-06 00:00:00-04:00,3.219335556030273,3.228560013210876,3.2101110988496706,3.2193355560302734,2060000,0.0,0.0
1987-05-07 00:00:00-04:00,3.199816226959228,3.2185834775572295,3.1716653510622264,3.1998162269592285,2240000,0.37,0.0
1987-05-08 00:00:00-04:00,3.209199152643673,3.2185827758970174,3.1341301666169206,3.162281036376953,2380000,0.0,0.0
1987-05-11 00:00:00-04:00,3.181050012097556,3.2373517822231763,3.1622827553890156,3.171666383743286,313400,0.0,0.0
1987-05-12 00:00:00-04:00,3.1810473747420733,3.2091982364654545,3.1622801335931525,3.209198236465454,409000,0.0,0.0
1987-05-13 00:00:00-04:00,3.199816488806223,3.2655018712743855,3.199816488806223,3.246734619140625,693800,0.0,0.0
1987-05-14 00:00:00-04:00,3.2561163393377566,3.2561163393377566,3.1904309953165337,3.209198236465454,332600,0.0,0.0
1987-05-15 00:00:00-04:00,3.1904328153246926,3.1904328153246926,3.1528983116149902,3.1528983116149902,198000,0.0,0.0
1987-05-18 00:00:00-04:00,3.1435142873643755,3.171665161579579,3.1059797884107714,3.1247470378875732,267400,0.0,0.0
1987-05-19 00:00:00-04:00,3.105979482455888,3.105979482455888,3.002759620501161,3.0309104919433594,675200,0.0,0.0
1987-05-20 00:00:00-04:00,3.0121437974274157,3.0496782995760436,3.002760171890259,3.002760171890259,532200,0.0,0.0
1987-05-21 00:00:00-04:00,3.0121437967004745,3.0965964265145067,3.0121437967004745,3.0872128009796143,436000,0.0,0.0
1987-05-22 00:00:00-04:00,3.096594155014822,3.1435122482726223,3.0872105363632616,3.105977773666382,707000,0.0,0.0
1987-05-26 00:00:00-04:00,3.1059801819778623,3.1528983116149902,3.1059801819778623,3.1528983116149902,962800,0.0,0.0
1987-05-27 00:00:00-04:00,3.1435142873643755,3.171665161579579,3.1247470378875737,3.1247470378875732,259600,0.0,0.0
1987-05-28 00:00:00-04:00,3.143515498680476,3.190433640451826,3.143515498680476,3.171666383743286,333200,0.0,0.0
1987-05-29 00:00:00-04:00,3.2092009476855794,3.2373518331915934,3.1810500621795654,3.1810500621795654,436400,0.0,0.0
1987-06-01 00:00:00-04:00,3.1998173191835746,3.2279682046895886,3.1810500621795654,3.1810500621795654,396400,0.0,0.0
1987-06-02 00:00:00-04:00,3.171666433677561,3.2279682046895886,3.1622828051755563,3.1810500621795654,381400,0.0,0.0
1987-06-03 00:00:00-04:00,3.199814615890994,3.246732718763296,3.199814615890994,3.209198236465454,238200,0.0,0.0
1987-06-04 00:00:00-04:00,3.227965650696685,3.237349271774292,3.218582029619079,3.237349271774292,103800,0.0,0.0
1987-06-05 00:00:00-04:00,3.2373509930737443,3.2561182452075053,3.227967367006864,3.246734619140625,1020600,0.0,0.0
1987-06-08 00:00:00-04:00,3.246734619140625,3.2655018712743855,3.218583740939984,3.246734619140625,827200,0.0,0.0
1987-06-09 00:00:00-04:00,3.2561182165145874,3.284269094467163,3.2467345905303953,3.284269094467163,234400,0.0,0.0
1987-06-10 00:00:00-04:00,3.274883974037494,3.3405693259522864,3.265500352335381,3.3124184608459473,983800,0.0,0.0
1987-06-11 00:00:00-04:00,3.312419785393609,3.312419785393609,3.274885283576118,3.2936525344848633,614000,0.0,0.0
1987-06-12 00:00:00-04:00,3.3218020825480603,3.3311857042501734,3.303034839143834,3.3124184608459473,416200,0.0,0.0
1987-06-15 00:00:00-04:00,3.3311874866485596,3.3405711133715132,3.3030366064796985,3.3311874866485596,593400,0.0,0.0
1987-06-16 00:00:00-04:00,3.349954074688172,3.349954074688172,3.3218032001109603,3.3405704498291016,307000,0.0,0.0
1987-06-17 00:00:00-04:00,3.3405707153407014,3.3499543409455907,3.3030362129211426,3.3030362129211426,389200,0.0,0.0
1987-06-18 00:00:00-04:00,3.303037413695947,3.3499555587768555,3.2936537846797656,3.3499555587768555,158600,0.0,0.0
1987-06-19 00:00:00-04:00,3.349954074688172,3.349954074688172,3.31241957525189,3.3405704498291016,439800,0.0,0.0
1987-06-22 00:00:00-04:00,3.3311858051002523,3.368720293045044,3.3311858051002523,3.368720293045044,777000,0.0,0.0
1987-06-23 00:00:00-04:00,3.3781039150312417,3.38748753701744,3.359336671058846,3.368720293045044,631800,0.0,0.0
1987-06-24 00:00:00-04:00,3.3687216709445975,3.3874889225933136,3.3593380451202393,3.3593380451202393,148000,0.0,0.0
1987-06-25 00:00:00-04:00,3.3781043754136264,3.4062552452087402,3.3781043754136264,3.4062552452087402,155600,0.0,0.0
1987-06-26 00:00:00-04:00,3.3874890281094445,3.396872654226091,3.368721775876151,3.378105401992798,148600,0.0,0.0
1987-06-29 00:00:00-04:00,3.378105401992798,3.378105401992798,3.349954523642858,3.378105401992798,317000,0.0,0.0
1987-06-30 00:00:00-04:00,3.3781039150312417,3.3781039150312417,3.34056942708645,3.368720293045044,423000,0.0,0.0
1987-07-01 00:00:00-04:00,3.3405711133715132,3.3593383668174206,3.3311874866485596,3.3311874866485596,610000,0.0,0.0
1987-07-02 00:00:00-04:00,3.3218020825480603,3.3311857042501734,3.303034839143834,3.3124184608459473,276000,0.0,0.0
1987-07-06 00:00:00-04:00,3.3124184608459473,3.3311857042501734,3.3124184608459473,3.3124184608459473,119400,0.0,0.0
1987-07-07 00:00:00-04:00,3.3218020825480603,3.3218020825480603,3.3124184608459473,3.3124184608459473,249200,0.0,0.0
1987-07-08 00:00:00-04:00,3.3218020825480603,3.3218020825480603,3.303034839143834,3.3124184608459473,604000,0.0,0.0
1987-07-09 00:00:00-04:00,3.3311870897358116,3.3311870897358116,3.3030362129211426,3.3030362129211426,266800,0.0,0.0
1987-07-10 00:00:00-04:00,3.3030367921301202,3.331187673881229,3.3030367921301202,3.3218040466308594,158600,0.0,0.0
1987-07-13 00:00:00-04:00,3.3124184608459473,3.3311857042501734,3.303034839143834,3.3124184608459473,141600,0.0,0.0
1987-07-14 00:00:00-04:00,3.3124184608459473,3.3311857042501734,3.303034839143834,3.3124184608459473,353000,0.0,0.0
1987-07-15 00:00:00-04:00,3.3030362129211426,3.3124198385260324,3.293652587316253,3.3030362129211426,133400,0.0,0.0
1987-07-16 00:00:00-04:00,3.3030363464355466,3.3218035984039305,3.284269094467163,3.284269094467163,180000,0.0,0.0
1987-07-17 00:00:00-04:00,3.284268909030491,3.3030361599392366,3.274885283576118,3.2936525344848633,744000,0.0,0.0
1987-07-20 00:00:00-04:00,3.2936506908515404,3.2936506908515404,3.2654998302459717,3.2654998302459717,351400,0.0,0.0
1987-07-21 00:00:00-04:00,3.274885497341266,3.2842691234081465,3.246734619140625,3.246734619140625,161800,0.0,0.0
1987-07-22 00:00:00-04:00,3.2655018712743855,3.2655018712743855,3.227967367006864,3.246734619140625,147400,0.0,0.0
1987-07-23 00:00:00-04:00,3.246734784631168,3.246734784631168,3.171665772269754,3.1904330253601074,257200,0.0,0.0
1987-07-24 00:00:00-04:00,3.1998173191835746,3.1998173191835746,3.152899176673552,3.1810500621795654,756000,0.0,0.0
1987-07-27 00:00:00-04:00,3.1998165696424925,3.2185838222503667,3.181049317034619,3.218583822250366,188000,0.0,0.0
1987-07-28 00:00:00-04:00,3.227965650696685,3.2467328928518984,3.199814787463865,3.237349271774292,538800,0.0,0.0
1987-07-29 00:00:00-04:00,3.227967367006864,3.246734619140625,3.199816488806223,3.246734619140625,438000,0.0,0.0
1987-07-30 00:00:00-04:00,3.246734619140625,3.2655018712743855,3.227967367006864,3.246734619140625,255800,0.0,0.0
1987-07-31 00:00:00-04:00,3.2467328928518984,3.265500135007112,3.237349271774292,3.237349271774292,271200,0.0,0.0
1987-08-03 00:00:00-04:00,3.246732589842259,3.284267070649684,3.2279653494385467,3.2654998302459717,348200,0.0,0.0
1987-08-04 00:00:00-04:00,3.274883450447828,3.2936506908515404,3.2654998302459717,3.2654998302459717,557000,0.0,0.0
1987-08-05 00:00:00-04:00,3.274883450447828,3.3030343110533966,3.2654998302459717,3.2654998302459717,467600,0.0,0.0
1987-08-06 00:00:00-04:00,3.274885336106474,3.3030362129211426,3.265501710501584,3.3030362129211426,142400,0.0,0.0
1987-08-07 00:00:00-04:00,3.3030367921301202,3.3218040466308594,3.2842695376293807,3.3218040466308594,933600,0.0,0.0
1987-08-10 00:00:00-04:00,3.3311858051002523,3.368720293045044,3.3218021831140545,3.368720293045044,1138000,0.0,0.0
1987-08-11 00:00:00-04:00,3.3687214344658707,3.4437904357910156,3.3687214344658707,3.4437904357910156,758200,0.0,0.0
1987-08-12 00:00:00-04:00,3.44378992404727,3.453173547818516,3.3781045576485482,3.39687180519104,4340000,0.0,0.0
1987-08-13 00:00:00-04:00,3.4533472061157227,3.481966105613919,3.3961094071193294,3.4533472061157227,1756400,0.37,0.0
1987-08-14 00:00:00-04:00,3.443807572949657,3.481966105613919,3.4342679397835916,3.4533472061157227,510400,0.0,0.0
1987-08-17 00:00:00-04:00,3.4724250592683488,3.481964688552053,3.434266542133532,3.4438061714172363,475000,0.0,0.0
1987-08-18 00:00:00-04:00,3.4151883405797623,3.4151883405797623,3.377029811634737,3.405648708343506,895000,0.0,0.0
1987-08-19 00:00:00-04:00,3.39610907610725,3.4247279728160187,3.377029811634737,3.405648708343506,3320000,0.0,0.0
1987-08-20 00:00:00-04:00,3.434266542133532,3.4533458007009403,3.4151872835661234,3.4438061714172363,456000,0.0,0.0
1987-08-21 00:00:00-04:00,3.4247293154398597,3.443808587392171,3.415189679463704,3.4342689514160156,270600,0.0,0.0
1987-08-24 00:00:00-04:00,3.415186620356313,3.4247262477874756,3.3770281106316613,3.4247262477874756,164600,0.0,0.0
1987-08-25 00:00:00-04:00,3.4151897430419926,3.4342690153494897,3.4151897430419926,3.415189743041992,238200,0.0,0.0
1987-08-26 00:00:00-04:00,3.4151883405797623,3.4247279728160187,3.39610907610725,3.405648708343506,516800,0.0,0.0
1987-08-27 00:00:00-04:00,3.39610907610725,3.4151883405797623,3.3865694438709935,3.405648708343506,391400,0.0,0.0
1987-08-28 00:00:00-04:00,3.3961087083681445,3.4151879707747073,3.3579501835550194,3.367489814758301,258000,0.0,0.0
1987-08-31 00:00:00-04:00,3.3674902633085093,3.3961091607303944,3.3674902633085093,3.3770298957824707,169800,0.0,0.0
1987-09-01 00:00:00-04:00,3.3865689717490097,3.3865689717490097,3.291172662685657,3.319791555404663,459800,0.0,0.0
1987-09-02 00:00:00-04:00,3.3388713822848555,3.348411014805669,3.2720939546391583,3.291173219680786,1870200,0.0,0.0
1987-09-03 00:00:00-04:00,3.3007128522016,3.3102524847224135,3.281633587159972,3.291173219680786,392800,0.0,0.0
1987-09-04 00:00:00-04:00,3.291174142346906,3.3197930479325315,3.291174142346906,3.3007137775421143,294400,0.0,0.0
1987-09-08 00:00:00-04:00,3.2816338831064655,3.291173516487589,3.2625546163442185,3.272094249725342,492000,0.0,0.0
1987-09-09 00:00:00-04:00,3.2720939546391583,3.291173219680786,3.2720939546391583,3.291173219680786,349600,0.0,0.0
1987-09-10 00:00:00-04:00,3.3197922995179807,3.3197922995179807,3.3007130334287966,3.3102526664733887,826800,0.0,0.0
1987-09-11 00:00:00-04:00,3.3102523442677088,3.357950504847935,3.3007127121516633,3.3388712406158447,553800,0.0,0.0
1987-09-14 00:00:00-04:00,3.3293310803445904,3.35794997215271,3.3293310803445904,3.35794997215271,225400,0.0,0.0
1987-09-15 00:00:00-04:00,3.3388712406158443,3.3484108727318898,3.3293316084997993,3.3388712406158447,337400,0.0,0.0
1987-09-16 00:00:00-04:00,3.357950476839332,3.357950476839332,3.338871212766381,3.3484108448028564,300600,0.0,0.0
1987-09-17 00:00:00-04:00,3.357950504847935,3.357950504847935,3.3388712406158443,3.3388712406158447,143800,0.0,0.0
1987-09-18 00:00:00-04:00,3.3388723183229483,3.3388723183229483,3.3007137775421147,3.3007137775421143,575200,0.0,0.0
1987-09-21 00:00:00-04:00,3.310253412737323,3.3197930479325315,3.281634507151698,3.3007137775421143,228200,0.0,0.0
1987-09-22 00:00:00-04:00,3.3007127121516633,3.3388712406158443,3.281633447919573,3.3388712406158447,277600,0.0,0.0
1987-09-23 00:00:00-04:00,3.3388708172173334,3.3388708172173334,3.3007122935919924,3.319791555404663,578400,0.0,0.0
1987-09-24 00:00:00-04:00,3.3197915554046626,3.329331186310998,3.3007122935919924,3.319791555404663,337600,0.0,0.0
1987-09-25 00:00:00-04:00,3.3197922995179807,3.3197922995179807,3.3007130334287966,3.3102526664733887,607600,0.0,0.0
1987-09-28 00:00:00-04:00,3.3484108727318898,3.357950504847935,3.319791976383754,3.3388712406158447,458800,0.0,0.0
1987-09-29 00:00:00-04:00,3.3484108448028564,3.357950476839332,3.3293315807299058,3.3484108448028564,488400,0.0,0.0
1987-09-30 00:00:00-04:00,3.3484103415500033,3.377029233358123,3.3388707109472966,3.35794997215271,983400,0.0,0.0
1987-10-01 00:00:00-04:00,3.377029867575202,3.3865694999694824,3.367490235180922,3.3865694999694824,401000,0.0,0.0
1987-10-02 00:00:00-04:00,3.4056482582949523,3.4151878892705683,3.38656899634372,3.396108627319336,601000,0.0,0.0
1987-10-05 00:00:00-04:00,3.39610907610725,3.4151883405797623,3.3865694438709935,3.405648708343506,445000,0.0,0.0
1987-10-06 00:00:00-04:00,3.405648764758043,3.415188397152323,3.377029867575202,3.3865694999694824,990000,0.0,0.0
1987-10-07 00:00:00-04:00,3.405648708343506,3.4151883405797623,3.3865694438709935,3.405648708343506,463200,0.0,0.0
1987-10-08 00:00:00-04:00,3.4056501068882437,3.424729379195741,3.396110470734495,3.415189743041992,798400,0.0,0.0
1987-10-09 00:00:00-04:00,3.4151878892705683,3.4151878892705683,3.38656899634372,3.396108627319336,200800,0.0,0.0
1987-10-12 00:00:00-04:00,3.40564699292515,3.4247262477874756,3.3770281106316613,3.4247262477874756,271400,0.0,0.0
1987-10-13 00:00:00-04:00,3.415187834394075,3.5010445117950435,3.415187834394075,3.501044511795044,1484400,0.0,0.0
1987-10-14 00:00:00-04:00,3.4819653302758606,3.501044592359564,3.4628860681921574,3.472425699234009,666000,0.0,0.0
1987-10-15 00:00:00-04:00,3.4533464371503055,3.520123854443267,3.443806806108454,3.472425699234009,656000,0.0,0.0
1987-10-16 00:00:00-04:00,3.481964012374453,3.5010432672367786,3.319790346044684,3.4247262477874756,775800,0.0,0.0
1987-10-19 00:00:00-04:00,3.3579507446289063,3.3579507446289063,2.8618898391723633,2.8618898391723633,1767600,0.0,0.0
1987-10-20 00:00:00-04:00,2.976364492638711,3.1099193096160893,2.9477456032864158,3.109919309616089,1489400,0.0,0.0
1987-10-21 00:00:00-04:00,3.18623501654954,3.357948280914485,3.1671557649534345,3.26255202293396,972600,0.0,0.0
1987-10-22 00:00:00-04:00,3.090842010700597,3.243476184068528,3.0813023748651016,3.2339365482330322,503200,0.0,0.0
1987-10-23 00:00:00-04:00,3.1957767322192505,3.3484108448028564,3.1957767322192505,3.3484108448028564,818000,0.0,0.0
1987-10-26 00:00:00-05:00,3.3197921172432276,3.3197921172432276,3.2720939546391583,3.291173219680786,674400,0.0,0.0
1987-10-27 00:00:00-05:00,3.357951588713365,3.357951588713365,3.3007137775421147,3.3007137775421143,751400,0.0,0.0
1987-10-28 00:00:00-05:00,3.272095091575015,3.3388725424234846,3.2339365482330322,3.2339365482330322,707400,0.0,0.0
1987-10-29 00:00:00-05:00,3.272093507439591,3.3007124010906663,3.233934982571491,3.281633138656616,418400,0.0,0.0
1987-10-30 00:00:00-05:00,3.2625552367612807,3.310253412737323,3.2625552367612807,3.3007137775421143,914400,0.0,0.0
1987-11-02 00:00:00-05:00,3.3197930479325315,3.3293326831277397,3.291174142346906,3.3007137775421143,295200,0.0,0.0
1987-11-03 00:00:00-05:00,3.3007122935919924,3.3197915554046626,3.281633031779322,3.319791555404663,532000,0.0,0.0
1987-11-04 00:00:00-05:00,3.31979194869343,3.357950476839332,3.3007126846204793,3.3484108448028564,631000,0.0,0.0
1987-11-05 00:00:00-05:00,3.338871282689712,3.4819657662335564,3.338871282689712,3.405648708343506,681400,0.0,0.0
1987-11-06 00:00:00-05:00,3.415189679463704,3.4533482233683266,3.3865707715352373,3.4342689514160156,480200,0.0,0.0
1987-11-09 00:00:00-05:00,3.434267605052275,3.434267605052275,3.39610907610725,3.405648708343506,700000,0.0,0.0
1987-11-10 00:00:00-05:00,3.357951926119501,3.424729379195741,3.3484122899657525,3.415189743041992,704200,0.0,0.0
1987-11-11 00:00:00-05:00,3.4342689514160156,3.4533482233683266,3.415189679463704,3.4342689514160156,10620000,0.0,0.0
1987-11-12 00:00:00-05:00,3.4334907129909213,3.472287218222457,3.4140924603751532,3.4528889656066895,1035200,0.37,0.0
1987-11-13 00:00:00-05:00,3.4431914374616563,3.4528905682714077,3.3849966526031494,3.3849966526031494,5440000,0.0,0.0
1987-11-16 00:00:00-05:00,3.423792189189366,3.423792189189366,3.384995677130563,3.3946948051452637,11425400,0.0,0.0
1987-11-17 00:00:00-05:00,3.3752970929104587,3.3849962224877874,3.346199704178472,3.36559796333313,312400,0.0,0.0
1987-11-18 00:00:00-05:00,3.355899260173896,3.3849966526031494,3.346200129364145,3.3849966526031494,352600,0.0,0.0
1987-11-19 00:00:00-05:00,3.3655982258691957,3.3849964865370294,3.3558990955352783,3.3558990955352783,286200,0.0,0.0
1987-11-20 00:00:00-05:00,3.355897862335731,3.3849952426450005,3.3461987355659746,3.375296115875244,513000,0.0,0.0
1987-11-23 00:00:00-05:00,3.355899260173896,3.4043949142226517,3.355899260173896,3.3849966526031494,250600,0.0,0.0
1987-11-24 00:00:00-05:00,3.3752970929104587,3.4043944816424454,3.3558988337558007,3.36559796333313,281600,0.0,0.0
1987-11-25 00:00:00-05:00,3.3558981848317524,3.3655973125335783,3.297703418620797,3.3364999294281006,316600,0.0,0.0
1987-11-27 00:00:00-05:00,3.317102170894167,3.3365004292034897,3.317102170894167,3.326801300048828,351600,0.0,0.0
1987-11-30 00:00:00-05:00,3.3074044145288917,3.3074044145288917,3.2104130827245254,3.258908748626709,517600,0.0,0.0
1987-12-01 00:00:00-05:00,3.2880037028408617,3.2880037028408617,3.2783045768737797,3.2783045768737793,245200,0.0,0.0
1987-12-02 00:00:00-05:00,3.2783059834730657,3.297704243730303,3.2783059834730657,3.2880051136016846,321800,0.0,0.0
1987-12-03 00:00:00-05:00,3.2880061481680185,3.2880061481680185,3.249209615446272,3.258908748626709,349600,0.0,0.0
1987-12-04 00:00:00-05:00,3.239508073005451,3.2977028288079437,3.2201098210712864,3.2783045768737793,226200,0.0,0.0
1987-12-07 00:00:00-05:00,3.297703742980957,3.3074028716367834,3.2783054856693044,3.297703742980957,247800,0.0,0.0
1987-12-08 00:00:00-05:00,3.26860586359354,3.3171014995519017,3.26860586359354,3.3074023723602295,181200,0.0,0.0
1987-12-09 00:00:00-05:00,3.3268014450238144,3.36559796333313,3.317102315446485,3.36559796333313,395800,0.0,0.0
1987-12-10 00:00:00-05:00,3.307403064610665,3.3365004522758617,3.307403064610665,3.3171021938323975,162200,0.0,0.0
1987-12-11 00:00:00-05:00,3.2977035703574162,3.2977035703574162,3.239508801468756,3.268606185913086,314400,0.0,0.0
1987-12-14 00:00:00-05:00,3.288004290918971,3.3364999294281006,3.278305163217145,3.3364999294281006,139200,0.0,0.0
1987-12-15 00:00:00-05:00,3.317102315446485,3.36559796333313,3.317102315446485,3.36559796333313,295200,0.0,0.0
1987-12-16 00:00:00-05:00,3.4043944816424454,3.4043944816424454,3.346199704178472,3.36559796333313,375800,0.0,0.0
1987-12-17 00:00:00-05:00,3.3655973125335783,3.3655973125335783,3.3364999294281006,3.3364999294281006,228400,0.0,0.0
1987-12-18 00:00:00-05:00,3.3461990571299265,3.3461990571299265,3.3268008017262747,3.3364999294281006,568400,0.0,0.0
1987-12-21 00:00:00-05:00,3.3364999294281006,3.3364999294281006,3.3268008017262747,3.3364999294281006,367800,0.0,0.0
1987-12-22 00:00:00-05:00,3.326801128948436,3.326801128948436,3.2880046143251307,3.297703742980957,548600,0.0,0.0
1987-12-23 00:00:00-05:00,3.3268016341161584,3.3268016341161584,3.2880051136016846,3.2880051136016846,279800,0.0,0.0
1987-12-24 00:00:00-05:00,3.2977028288079437,3.2977028288079437,3.2686054509066973,3.2783045768737793,205200,0.0,0.0
1987-12-28 00:00:00-05:00,3.288003280269566,3.288003280269566,3.23950765666677,3.249206781387329,1256800,0.0,0.0
1987-12-29 00:00:00-05:00,3.2686060334111118,3.2686060334111118,3.229809522628784,3.229809522628784,304800,0.0,0.0
1987-12-30 00:00:00-05:00,3.2492079296168663,3.2686061859130864,3.239508801468756,3.268606185913086,476200,0.0,0.0
1987-12-31 00:00:00-05:00,3.258908563031408,3.258908563031408,3.229811165147199,3.2395102977752686,302800,0.0,0.0
1988-01-04 00:00:00-05:00,3.2589077232158288,3.297704243730303,3.2589077232158288,3.2880051136016846,976400,0.0,0.0
1988-01-05 00:00:00-05:00,3.3171016740244488,3.3364999294281006,3.3171016740244488,3.3364999294281006,573800,0.0,0.0
1988-01-06 00:00:00-05:00,3.3365008348674445,3.3655982258691957,3.3268017045335276,3.3558990955352783,531200,0.0,0.0
1988-01-07 00:00:00-05:00,3.3655973995513047,3.4043939113616943,3.3365000156935123,3.4043939113616943,540200,0.0,0.0
1988-01-08 00:00:00-05:00,3.4043938233408815,3.4043938233408815,3.3364999294281006,3.3364999294281006,563800,0.0,0.0
1988-01-11 00:00:00-05:00,3.355898710719326,3.355898710719326,3.2783056769454686,3.3171021938323975,257400,0.0,0.0
1988-01-12 00:00:00-05:00,3.297703742980957,3.3171020002926097,3.268606357013478,3.297703742980957,251200,0.0,0.0
1988-01-13 00:00:00-05:00,3.297702457593835,3.355897206845491,3.297702457593835,3.346198081970215,436000,0.0,0.0
1988-01-14 00:00:00-05:00,3.3461999652013614,3.3752973562031126,3.3461999652013614,3.3558990955352783,368800,0.0,0.0
1988-01-15 00:00:00-05:00,3.394694783409097,3.443190423172084,3.394694783409097,3.4043939113616943,610800,0.0,0.0
1988-01-18 00:00:00-05:00,3.4140932115457825,3.4625888537552396,3.4140932115457825,3.4334914684295654,232600,0.0,0.0
1988-01-19 00:00:00-05:00,3.4334923235397765,3.4819879778270617,3.4334923235397765,3.4722888469696045,403800,0.0,0.0
1988-01-20 00:00:00-05:00,3.4528879601311218,3.511082701032208,3.4528879601311218,3.481985330581665,361800,0.0,0.0
1988-01-21 00:00:00-05:00,3.4916871086845185,3.4916871086845185,3.4722888469696045,3.4722888469696045,330800,0.0,0.0
1988-01-22 00:00:00-05:00,3.481986891437363,3.5692790419190796,3.472287763606061,3.530482530593872,259000,0.0,0.0
1988-01-25 00:00:00-05:00,3.55958101671675,3.5692801475524902,3.5304836242095288,3.5692801475524902,1777000,0.0,0.0
1988-01-26 00:00:00-05:00,3.5595808270199054,3.5692799573387606,3.5401825663821946,3.54988169670105,143400,0.0,0.0
1988-01-27 00:00:00-05:00,3.5692787378295563,3.5886769918394994,3.549880483819613,3.559579610824585,398400,0.0,0.0
1988-01-28 00:00:00-05:00,3.578977894719779,3.6565709114074707,3.578977894719779,3.6565709114074707,1265800,0.0,0.0
1988-01-29 00:00:00-05:00,3.6565718417445185,3.6662709712982178,3.6274744530834218,3.6662709712982178,360800,0.0,0.0
1988-02-01 00:00:00-05:00,3.675969448725382,3.6856685765584305,3.617774681727091,3.6371729373931885,194200,0.0,0.0
1988-02-02 00:00:00-05:00,3.637172937393188,3.6468720652262365,3.6080755538940426,3.6371729373931885,654600,0.0,0.0
1988-02-03 00:00:00-05:00,3.637172626864358,3.637172626864358,3.5595796108245845,3.559579610824585,276800,0.0,0.0
1988-02-04 00:00:00-05:00,3.5692799573387606,3.5692799573387606,3.5304834360633395,3.54988169670105,1068600,0.0,0.0
1988-02-05 00:00:00-05:00,3.5692790419190796,3.5886772975816834,3.530482530593872,3.530482530593872,523800,0.0,0.0
1988-02-08 00:00:00-05:00,3.5207829475402836,3.5207829475402836,3.4916855678085454,3.520782947540283,6160200,0.0,0.0
1988-02-09 00:00:00-05:00,3.5207840926026646,3.5595806115294155,3.5207840926026646,3.54018235206604,44334800,0.0,0.0
1988-02-10 00:00:00-05:00,3.5984809851843464,3.6487390995025635,3.5783777394570593,3.6487390995025635,4999400,0.8,0.0
1988-02-11 00:00:00-05:00,3.6487391292223306,3.6487391292223306,3.6085326374402666,3.628635883331299,4486200,0.0,0.0
1988-02-12 00:00:00-05:00,3.6286358537752768,3.658790722366207,3.618584230911633,3.6487390995025635,522400,0.0,0.0
1988-02-16 00:00:00-05:00,3.6386897987789575,3.6386897987789575,3.598483281665378,3.618586540222168,761600,0.0,0.0
1988-02-17 00:00:00-05:00,3.628635596023517,3.628635596023517,3.5582742409759693,3.5783774852752686,316200,0.0,0.0
1988-02-18 00:00:00-05:00,3.588430404663086,3.608533656229826,3.558275527312976,3.588430404663086,421600,0.0,0.0
1988-02-19 00:00:00-05:00,3.5783777394570593,3.6487390995025635,3.5783777394570593,3.6487390995025635,260200,0.0,0.0
1988-02-22 00:00:00-05:00,3.6487400505993817,3.759307930920575,3.6386884251156366,3.7191014289855957,244800,0.0,0.0
1988-02-23 00:00:00-05:00,3.6989979051563835,3.6989979051563835,3.6587914061872926,3.6688430309295654,236400,0.0,0.0
1988-02-24 00:00:00-05:00,3.6688422108744527,3.678893833369999,3.6587905883789062,3.6587905883789062,181400,0.0,0.0
1988-02-25 00:00:00-05:00,3.648740745789512,3.6688440005872507,3.588430981396297,3.598482608795166,235400,0.0,0.0
1988-02-26 00:00:00-05:00,3.6185858635929047,3.6185858635929047,3.5984826087951665,3.598482608795166,200000,0.0,0.0
1988-02-29 00:00:00-05:00,3.6085326080479896,3.6487390995025635,3.5984809851843464,3.6487390995025635,288000,0.0,0.0
1988-03-01 00:00:00-05:00,3.628635883331299,3.628635883331299,3.5984810144947503,3.628635883331299,220200,0.0,0.0
1988-03-02 00:00:00-05:00,3.6185842603857825,3.6688423751133628,3.6185842603857825,3.628635883331299,249200,0.0,0.0
1988-03-03 00:00:00-05:00,3.628638169500563,3.628638169500563,3.588431652386983,3.618586540222168,230600,0.0,0.0
1988-03-04 00:00:00-05:00,3.588428235651723,3.6085314750671387,3.578376615944015,3.6085314750671387,374400,0.0,0.0
1988-03-07 00:00:00-05:00,3.608532758339944,3.608532758339944,3.5482230186462402,3.5482230186462402,190800,0.0,0.0
1988-03-08 00:00:00-05:00,3.5683276030150326,3.5783792300657793,3.5080178407105533,3.538172721862793,552800,0.0,0.0
1988-03-09 00:00:00-05:00,3.5482242217642725,3.5482242217642725,3.47786283493042,3.47786283493042,315200,0.0,0.0
1988-03-10 00:00:00-05:00,3.4879138469696045,3.497965471888825,3.477862222050384,3.4879138469696045,355400,0.0,0.0
1988-03-11 00:00:00-05:00,3.508017715002071,3.508017715002071,3.4477079548587692,3.47786283493042,506000,0.0,0.0
1988-03-14 00:00:00-05:00,3.457758972211942,3.4879138469696045,3.457758972211942,3.4879138469696045,418200,0.0,0.0
1988-03-15 00:00:00-05:00,3.4678110352218323,3.518069166167076,3.457759409032784,3.5080175399780273,377800,0.0,0.0
1988-03-16 00:00:00-05:00,3.53817099667667,3.5783774852752686,3.518067752377371,3.5783774852752686,162600,0.0,0.0
1988-03-17 00:00:00-05:00,3.5884291074249184,3.5884291074249184,3.5582742409759693,3.5783774852752686,222400,0.0,0.0
1988-03-18 00:00:00-05:00,3.588430981396297,3.6085342361940356,3.5582760991996896,3.598482608795166,532200,0.0,0.0
1988-03-21 00:00:00-05:00,3.608534656444066,3.608534656444066,3.5582765135966556,3.5683281421661377,539000,0.0,0.0
1988-03-22 00:00:00-05:00,3.578377888493092,3.578377888493092,3.538171395363956,3.5482230186462402,543000,0.0,0.0
1988-03-23 00:00:00-05:00,3.548224044734223,3.5582756709232717,3.497965913788979,3.5080175399780273,1654200,0.0,0.0
1988-03-24 00:00:00-05:00,3.49796462059021,3.5080162430631705,3.4778613756442893,3.49796462059021,256000,0.0,0.0
1988-03-25 00:00:00-05:00,3.5180693416926214,3.5180693416926214,3.4678112082398695,3.47786283493042,196600,0.0,0.0
1988-03-28 00:00:00-05:00,3.4678112082398695,3.4879144616209703,3.457759581549319,3.47786283493042,171200,0.0,0.0
1988-03-29 00:00:00-05:00,3.497965471888825,3.5281203466464874,3.4879138469696045,3.4879138469696045,317000,0.0,0.0
1988-03-30 00:00:00-05:00,3.508017096808046,3.508017096808046,3.477862222050384,3.4879138469696045,108000,0.0,0.0
1988-03-31 00:00:00-05:00,3.4879130561684453,3.4879130561684453,3.4577581882476807,3.4577581882476807,245400,0.0,0.0
1988-04-04 00:00:00-04:00,3.4678098108879354,3.4678098108879354,3.437654942967171,3.4577581882476807,208400,0.0,0.0
1988-04-05 00:00:00-04:00,3.4477059585460714,3.477860821157262,3.4477059585460714,3.4678092002868652,257200,0.0,0.0
1988-04-06 00:00:00-04:00,3.4678110352218323,3.518069166167076,3.4678110352218323,3.5080175399780273,345400,0.0,0.0
1988-04-07 00:00:00-04:00,3.5080165557372265,3.5281198024749756,3.497964932368352,3.5281198024749756,181400,0.0,0.0
1988-04-08 00:00:00-04:00,3.508016628060637,3.5582747459411617,3.497965004484532,3.558274745941162,449400,0.0,0.0
1988-04-11 00:00:00-04:00,3.5683276030150326,3.5683276030150326,3.5281210948120463,3.538172721862793,195000,0.0,0.0
1988-04-12 00:00:00-04:00,3.518068251636742,3.5582747459411617,3.508016628060637,3.558274745941162,319800,0.0,0.0
1988-04-13 00:00:00-04:00,3.5582765135966556,3.5683281421661377,3.5381732564576915,3.5683281421661377,173000,0.0,0.0
1988-04-14 00:00:00-04:00,3.548222732955012,3.548222732955012,3.49796462059021,3.49796462059021,201200,0.0,0.0
1988-04-15 00:00:00-04:00,3.508015683768452,3.5180673046388486,3.4577575794164686,3.4678092002868652,251600,0.0,0.0
1988-04-18 00:00:00-04:00,3.4879139150891985,3.4879139150891985,3.4376557895115445,3.447707414627075,355200,0.0,0.0
1988-04-19 00:00:00-04:00,3.457759039742606,3.4778622899736678,3.447707414627075,3.447707414627075,225800,0.0,0.0
1988-04-20 00:00:00-04:00,3.447707414627075,3.457759039742606,3.4376557895115445,3.447707414627075,223800,0.0,0.0
1988-04-21 00:00:00-04:00,3.447706969252779,3.4778618407039694,3.3773456025333344,3.4276037216186523,317200,0.0,0.0
1988-04-22 00:00:00-04:00,3.4477065656074255,3.47786143352819,3.427603320326916,3.4577581882476807,193400,0.0,0.0
1988-04-25 00:00:00-04:00,3.427602716805278,3.477860821157262,3.427602716805278,3.4678092002868652,509800,0.0,0.0
1988-04-26 00:00:00-04:00,3.4678092002868652,3.4879124420276586,3.4477059585460714,3.4678092002868652,327200,0.0,0.0
1988-04-27 00:00:00-04:00,3.4678092002868652,3.4879124420276586,3.4477059585460714,3.4678092002868652,218800,0.0,0.0
1988-04-28 00:00:00-04:00,3.4376557895115445,3.4678106648581366,3.4276041643960133,3.447707414627075,246800,0.0,0.0
1988-04-29 00:00:00-04:00,3.4477065656074255,3.4577581882476807,3.427603320326916,3.4577581882476807,199000,0.0,0.0
1988-05-02 00:00:00-04:00,3.457759039742606,3.457759039742606,3.4276041643960133,3.447707414627075,148600,0.0,0.0
1988-05-03 00:00:00-04:00,3.4477065656074255,3.4577581882476807,3.4477065656074255,3.4577581882476807,256200,0.0,0.0
1988-05-04 00:00:00-04:00,3.447706969252779,3.4778618407039694,3.427603721618652,3.4276037216186523,380600,0.0,0.0
1988-05-05 00:00:00-04:00,3.4276040625153925,3.447707312148914,3.4175524376986317,3.4376556873321533,438600,0.0,0.0
1988-05-06 00:00:00-04:00,3.4376554811702054,3.4477071053841533,3.4175522327423096,3.4175522327423096,737200,0.0,0.0
1988-05-09 00:00:00-04:00,3.4175520978015888,3.4376553454357155,3.4175520978015888,3.4276037216186523,338600,0.0,0.0
1988-05-10 00:00:00-04:00,3.4276038569562575,3.4376554811702054,3.4175522327423096,3.4175522327423096,1395800,0.0,0.0
1988-05-11 00:00:00-04:00,3.4075018763542175,3.417553504308065,3.377346992492676,3.377346992492676,42997800,0.0,0.0
1988-05-12 00:00:00-04:00,3.3711975093294937,3.391691111209916,3.350703907449071,3.3609507083892822,2634000,0.4,0.0
1988-05-13 00:00:00-04:00,3.3711965084075923,3.4019369021012786,3.360949710509697,3.3711965084075928,2718600,0.0,0.0
1988-05-16 00:00:00-04:00,3.3916916358901794,3.4019384384155273,3.3814448333648315,3.4019384384155273,916400,0.0,0.0
1988-05-17 00:00:00-04:00,3.401936574284764,3.4326769650162525,3.3814429804637713,3.3916897773742676,496200,0.0,0.0
1988-05-18 00:00:00-04:00,3.381443306305488,3.4019369021012786,3.3507029126118018,3.3711965084075928,238000,0.0,0.0
1988-05-19 00:00:00-04:00,3.3711980308394836,3.4019384384155273,3.3609512283141356,3.4019384384155273,176000,0.0,0.0
1988-05-20 00:00:00-04:00,3.4019383413349087,3.4224319458007817,3.391691539101972,3.4224319458007812,229200,0.0,0.0
1988-05-23 00:00:00-04:00,3.412185143567845,3.4326787480337178,3.412185143567845,3.4224319458007812,138200,0.0,0.0
1988-05-24 00:00:00-04:00,3.4224311842847226,3.432677984237671,3.4121843843317743,3.432677984237671,159400,0.0,0.0
1988-05-25 00:00:00-04:00,3.4326802097128692,3.4736674360975,3.4326802097128692,3.4634206295013428,325600,0.0,0.0
1988-05-26 00:00:00-04:00,3.453171781081258,3.514652584305257,3.453171781081258,3.494158983230591,195400,0.0,0.0
1988-05-27 00:00:00-04:00,3.483913507822999,3.5146539211273193,3.483913507822999,3.5146539211273193,132200,0.0,0.0
1988-05-31 00:00:00-04:00,3.5351471309987907,3.606874753946592,3.524900327720533,3.596627950668335,669000,0.0,0.0
1988-06-01 00:00:00-04:00,3.617120274618351,3.6786010724872185,3.586379875683918,3.6683542728424072,630000,0.0,0.0
1988-06-02 00:00:00-04:00,3.6376135481728444,3.6888475418090816,3.627366749445597,3.688847541809082,377600,0.0,0.0
1988-06-03 00:00:00-04:00,3.6888484479317705,3.7093420504202803,3.647861242954751,3.6990952491760254,259800,0.0,0.0
1988-06-06 00:00:00-04:00,3.6683572970645533,3.678604105156912,3.637616872787476,3.6376168727874756,244600,0.0,0.0
1988-06-07 00:00:00-04:00,3.6683530550840553,3.6683530550840553,3.555638296408288,3.617119073867798,318400,0.0,0.0
1988-06-08 00:00:00-04:00,3.6068744605996694,3.6786020777138675,3.6068744605996694,3.6581084728240967,548400,0.0,0.0
1988-06-09 00:00:00-04:00,3.6683560081503606,3.6683560081503606,3.60687518119812,3.60687518119812,336800,0.0,0.0
1988-06-10 00:00:00-04:00,3.6273679733276367,3.668355182065802,3.6171211711430953,3.6273679733276367,251400,0.0,0.0
1988-06-13 00:00:00-04:00,3.637612666354301,3.6478594625975522,3.586378685138043,3.617119073867798,315600,0.0,0.0
1988-06-14 00:00:00-04:00,3.6581085217132996,3.6683553242951294,3.6273681139678096,3.6478617191314697,675200,0.0,0.0
1988-06-15 00:00:00-04:00,3.627367969342925,3.6786019802093506,3.627367969342925,3.6786019802093506,479800,0.0,0.0
1988-06-16 00:00:00-04:00,3.6581087703378787,3.6581087703378787,3.5863811473900773,3.596627950668335,208600,0.0,0.0
1988-06-17 00:00:00-04:00,3.647861670379211,3.6581084728240967,3.617121263044555,3.6581084728240967,568800,0.0,0.0
1988-06-20 00:00:00-04:00,3.6478617191314697,3.6478617191314697,3.6376149165496394,3.6478617191314697,212200,0.0,0.0
1988-06-21 00:00:00-04:00,3.6581084728240967,3.668355275268982,3.6273680654894402,3.6581084728240967,378800,0.0,0.0
1988-06-22 00:00:00-04:00,3.6888487823826357,3.719589188902491,3.6683551780360655,3.6786019802093506,448400,0.0,0.0
1988-06-23 00:00:00-04:00,3.6786010724872185,3.6888478721320297,3.658107473197596,3.6683542728424072,96600,0.0,0.0
1988-06-24 00:00:00-04:00,3.6786010724872185,3.7093414714216517,3.658107473197596,3.6683542728424072,636200,0.0,0.0
1988-06-27 00:00:00-04:00,3.6683572970645533,3.6683572970645533,3.606876448510399,3.6376168727874756,730200,0.0,0.0
1988-06-28 00:00:00-04:00,3.6376151637813643,3.6376151637813643,3.5966279506683345,3.596627950668335,350600,0.0,0.0
1988-06-29 00:00:00-04:00,3.617122328622001,3.617122328622001,3.5658883013044087,3.5863819122314453,249600,0.0,0.0
1988-06-30 00:00:00-04:00,3.59662837670608,3.60687518119812,3.5761347677219995,3.60687518119812,175800,0.0,0.0
1988-07-01 00:00:00-04:00,3.606872277624546,3.627365870111049,3.586378685138043,3.617119073867798,236800,0.0,0.0
1988-07-05 00:00:00-04:00,3.5863807645894714,3.637614775512178,3.5863807645894714,3.6273679733276367,166400,0.0,0.0
1988-07-06 00:00:00-04:00,3.6273687901822003,3.6273687901822003,3.5658879632299594,3.60687518119812,260400,0.0,0.0
1988-07-07 00:00:00-04:00,3.5761351067679272,3.5863819122314453,3.55564149584089,3.5863819122314453,181800,0.0,0.0
1988-07-08 00:00:00-04:00,3.5556394594839253,3.5863798582690887,3.5556394594839253,3.5658862590789795,222200,0.0,0.0
1988-07-11 00:00:00-04:00,3.5863798582690887,3.5863798582690887,3.5556394594839253,3.5658862590789795,82600,0.0,0.0
1988-07-12 00:00:00-04:00,3.576133584426528,3.576133584426528,3.5248995789189848,3.5556399822235107,379800,0.0,0.0
1988-07-13 00:00:00-04:00,3.5658875503981045,3.5658875503981045,3.5249003371751377,3.545393943786621,161400,0.0,0.0
1988-07-14 00:00:00-04:00,3.5658883013044087,3.5863819122314453,3.545394690377372,3.5863819122314453,411400,0.0,0.0
1988-07-15 00:00:00-04:00,3.57613468170166,3.5863814859472236,3.5658878774560967,3.57613468170166,242000,0.0,0.0
1988-07-18 00:00:00-04:00,3.5863814859472236,3.5863814859472236,3.54539426896497,3.57613468170166,134800,0.0,0.0
1988-07-19 00:00:00-04:00,3.5658867833250194,3.5658867833250194,3.5248995789189848,3.5556399822235107,183200,0.0,0.0
1988-07-20 00:00:00-04:00,3.5556399822235107,3.576133584426528,3.545393181122002,3.5556399822235107,139400,0.0,0.0
1988-07-21 00:00:00-04:00,3.5658875503981045,3.5658875503981045,3.535147140480879,3.545393943786621,173800,0.0,0.0
1988-07-22 00:00:00-04:00,3.5556398377902263,3.5556398377902263,3.5351462364196777,3.5351462364196777,186600,0.0,0.0
1988-07-25 00:00:00-04:00,3.535147140480879,3.5556407470923626,3.535147140480879,3.545393943786621,297400,0.0,0.0
1988-07-26 00:00:00-04:00,3.545393943786621,3.5556407470923626,3.535147140480879,3.545393943786621,239200,0.0,0.0
1988-07-27 00:00:00-04:00,3.5556407470923626,3.586381157009588,3.545393943786621,3.545393943786621,407600,0.0,0.0
1988-07-28 00:00:00-04:00,3.56588625907898,3.5863798582690887,3.5556394594839253,3.5658862590789795,192800,0.0,0.0
1988-07-29 00:00:00-04:00,3.56588509265154,3.617119073867798,3.56588509265154,3.617119073867798,309400,0.0,0.0
1988-08-01 00:00:00-04:00,3.606876448510399,3.637616872787476,3.606876448510399,3.6376168727874756,139400,0.0,0.0
1988-08-02 00:00:00-04:00,3.6273681139678096,3.6581085217132996,3.6273681139678096,3.6478617191314697,192400,0.0,0.0
1988-08-03 00:00:00-04:00,3.6478615736894953,3.6786019802093506,3.63761477151621,3.6786019802093506,246400,0.0,0.0
1988-08-04 00:00:00-04:00,3.699095584555921,3.699095584555921,3.6683551780360655,3.6786019802093506,19172400,0.0,0.0
1988-08-05 00:00:00-04:00,3.668355275268982,3.668355275268982,3.647861670379211,3.6581084728240967,459600,0.0,0.0
1988-08-08 00:00:00-04:00,3.6581085217132996,3.6683553242951294,3.6171213113859797,3.6478617191314697,381600,0.0,0.0
1988-08-09 00:00:00-04:00,3.6581092036583205,3.6683560081503606,3.60687518119812,3.60687518119812,424600,0.0,0.0
1988-08-10 00:00:00-04:00,3.617122328622001,3.617122328622001,3.5761351067679272,3.5863819122314453,58343400,0.0,0.0
1988-08-11 00:00:00-04:00,3.580117530600969,3.590555191040039,3.580117530600969,3.590555191040039,2441400,0.4,0.0
1988-08-12 00:00:00-04:00,3.580117596750674,3.611430578646453,3.569679936118748,3.6009929180145264,2150000,0.0,0.0
1988-08-15 00:00:00-04:00,3.580118945766898,3.590556610331816,3.5279306229423075,3.5488059520721436,203000,0.0,0.0
1988-08-16 00:00:00-04:00,3.527929266876489,3.569679909088045,3.5174916063236,3.5592422485351562,583000,0.0,0.0
1988-08-17 00:00:00-04:00,3.580118945766898,3.580118945766898,3.5383682875072258,3.5488059520721436,206400,0.0,0.0
1988-08-18 00:00:00-04:00,3.5696798701618992,3.6009928514791087,3.5488045492837594,3.590555191040039,180400,0.0,0.0
1988-08-19 00:00:00-04:00,3.580117530600969,3.590555191040039,3.5696798701618992,3.590555191040039,148800,0.0,0.0
1988-08-22 00:00:00-04:00,3.590555191040039,3.611430511918179,3.580117530600969,3.590555191040039,604400,0.0,0.0
1988-08-23 00:00:00-04:00,3.6009939835996043,3.6009939835996043,3.5801186561584473,3.5801186561584473,300800,0.0,0.0
1988-08-24 00:00:00-04:00,3.5905562715034263,3.61143159866333,3.5905562715034263,3.61143159866333,199800,0.0,0.0
1988-08-25 00:00:00-04:00,3.6009929180145264,3.611430578646453,3.580117596750674,3.6009929180145264,335200,0.0,0.0
1988-08-26 00:00:00-04:00,3.5696798701618992,3.6009928514791087,3.5696798701618992,3.590555191040039,172800,0.0,0.0
1988-08-29 00:00:00-04:00,3.6009928514791087,3.6009928514791087,3.580117530600969,3.590555191040039,481000,0.0,0.0
1988-08-30 00:00:00-04:00,3.611430511918179,3.611430511918179,3.580117530600969,3.590555191040039,165000,0.0,0.0
1988-08-31 00:00:00-04:00,3.6009931982609262,3.6009931982609262,3.548804891039753,3.5696802139282227,439400,0.0,0.0
1988-09-01 00:00:00-04:00,3.580118945766898,3.580118945766898,3.5383682875072258,3.5488059520721436,258600,0.0,0.0
1988-09-02 00:00:00-04:00,3.5905562715034263,3.61143159866333,3.5801186079234744,3.61143159866333,352200,0.0,0.0
1988-09-06 00:00:00-04:00,3.632307652064732,3.66362064906529,3.621869986397879,3.6531829833984375,251600,0.0,0.0
1988-09-07 00:00:00-04:00,3.674058012429486,3.694933342045563,3.6323073531973327,3.642745018005371,161600,0.0,0.0
1988-09-08 00:00:00-04:00,3.621867962267207,3.6531809417680763,3.621867962267207,3.63230562210083,108000,0.0,0.0
1988-09-09 00:00:00-04:00,3.6323073531973327,3.663620347621448,3.600994358773218,3.642745018005371,122000,0.0,0.0
1988-09-12 00:00:00-04:00,3.6427434932353884,3.6427434932353884,3.5696798701618992,3.590555191040039,207400,0.0,0.0
1988-09-13 00:00:00-04:00,3.5801186561584473,3.611431647320183,3.5801186561584473,3.5801186561584473,103600,0.0,0.0
1988-09-14 00:00:00-04:00,3.61143159866333,3.6323069258232334,3.569680944343523,3.61143159866333,202600,0.0,0.0
1988-09-15 00:00:00-04:00,3.611430302433584,3.63230562210083,3.5905549827663377,3.63230562210083,207600,0.0,0.0
1988-09-16 00:00:00-04:00,3.6218696883892947,3.663620347621448,3.6218696883892947,3.642745018005371,317800,0.0,0.0
1988-09-19 00:00:00-04:00,3.6323070037059293,3.663619995117187,3.6218693399021764,3.6636199951171875,388800,0.0,0.0
1988-09-20 00:00:00-04:00,3.64274473014203,3.6844953860748895,3.64274473014203,3.674057722091675,323800,0.0,0.0
1988-09-21 00:00:00-04:00,3.67405765892094,3.67405765892094,3.663619995117187,3.6636199951171875,97200,0.0,0.0
1988-09-22 00:00:00-04:00,3.6740583147321426,3.6740583147321426,3.632307652064732,3.6531829833984375,263200,0.0,0.0
1988-09-23 00:00:00-04:00,3.6531823941252446,3.6844953860748895,3.632307066158815,3.674057722091675,225200,0.0,0.0
1988-09-26 00:00:00-04:00,3.6949329865284453,3.6949329865284453,3.663619995117187,3.6636199951171875,664000,0.0,0.0
1988-09-27 00:00:00-04:00,3.67405765892094,3.67405765892094,3.6531823313134346,3.6636199951171875,454800,0.0,0.0
1988-09-28 00:00:00-04:00,3.663619995117187,3.663619995117187,3.6427446675096817,3.6636199951171875,118200,0.0,0.0
1988-09-29 00:00:00-04:00,3.6740572640065396,3.7158079147338867,3.663619601324703,3.7158079147338867,138800,0.0,0.0
1988-09-30 00:00:00-04:00,3.736683065483884,3.7471207276779728,3.7053700789016166,3.726245403289795,322000,0.0,0.0
1988-10-03 00:00:00-04:00,3.726245403289795,3.736683065483884,3.7158077410957056,3.726245403289795,160400,0.0,0.0
1988-10-04 00:00:00-04:00,3.7471207276779728,3.7471207276779728,3.7158077410957056,3.726245403289795,167400,0.0,0.0
1988-10-05 00:00:00-04:00,3.736682719174866,3.7471203804016113,3.715807396721375,3.7471203804016113,475400,0.0,0.0
1988-10-06 00:00:00-04:00,3.7471203804016113,3.7471203804016113,3.7262450579481206,3.7471203804016113,190000,0.0,0.0
1988-10-07 00:00:00-04:00,3.757557254948028,3.830620868238684,3.7471195959065056,3.8097455501556396,731800,0.0,0.0
1988-10-10 00:00:00-04:00,3.799310207366943,3.799310207366943,3.7679972111523803,3.7993102073669434,136600,0.0,0.0
1988-10-11 00:00:00-04:00,3.788869857788086,3.788869857788086,3.7575568837567794,3.788869857788086,135600,0.0,0.0
1988-10-12 00:00:00-04:00,3.7784337350206036,3.7784337350206036,3.736683086014851,3.767996072769165,200800,0.0,0.0
1988-10-13 00:00:00-04:00,3.7471197326978047,3.7575573921203613,3.7262444138526916,3.7575573921203613,223200,0.0,0.0
1988-10-14 00:00:00-04:00,3.757558389872062,3.767996052066151,3.726245403289795,3.726245403289795,346000,0.0,0.0
1988-10-17 00:00:00-04:00,3.726244754631426,3.757557735762783,3.726244754631426,3.736682415008545,174000,0.0,0.0
1988-10-18 00:00:00-04:00,3.747121880342672,3.799310207366943,3.7366842149378177,3.7993102073669434,179400,0.0,0.0
1988-10-19 00:00:00-04:00,3.7993080298105877,3.7993080298105877,3.715806754430135,3.7575573921203613,355600,0.0,0.0
1988-10-20 00:00:00-04:00,3.7784333229064937,3.7784333229064937,3.7366826784544886,3.778433322906494,130200,0.0,0.0
1988-10-21 00:00:00-04:00,3.7784348765572346,3.799310207366943,3.757559545747526,3.7993102073669434,295200,0.0,0.0
1988-10-24 00:00:00-04:00,3.799310207366943,3.8097478727717973,3.7784348765572346,3.7993102073669434,205600,0.0,0.0
1988-10-25 00:00:00-04:00,3.809746306245498,3.820183967358499,3.7784333229064937,3.778433322906494,139200,0.0,0.0
1988-10-26 00:00:00-04:00,3.799307891114117,3.809745550155639,3.7784325730310724,3.8097455501556396,241200,0.0,0.0
1988-10-27 00:00:00-04:00,3.7888713972720414,3.7993090595234795,3.7575584105177273,3.767996072769165,169200,0.0,0.0
1988-10-28 00:00:00-04:00,3.7993075157985214,3.7993075157985214,3.7784321997776504,3.788869857788086,180000,0.0,0.0
1988-10-31 00:00:00-05:00,3.7784346497577173,3.8410606384277344,3.767996984979381,3.8410606384277344,265400,0.0,0.0
1988-11-01 00:00:00-05:00,3.8410606384277344,3.8410606384277344,3.820185308871062,3.8410606384277344,411800,0.0,0.0
1988-11-02 00:00:00-05:00,3.8201863752829066,3.861937046051026,3.809748707590877,3.8619370460510254,408200,0.0,0.0
1988-11-03 00:00:00-05:00,3.8619348574579564,3.90368550456561,3.851497195681043,3.8932478427886963,617600,0.0,0.0
1988-11-04 00:00:00-05:00,3.872370818766152,3.8828084759595916,3.851495504379272,3.8514955043792725,183600,0.0,0.0
1988-11-07 00:00:00-05:00,3.8410603369938907,3.8514980009531135,3.8201850090754457,3.830622673034668,163000,0.0,0.0
1988-11-08 00:00:00-05:00,3.8514970659888337,3.8723723888397217,3.8514970659888337,3.8723723888397217,1193800,0.0,0.0
1988-11-09 00:00:00-05:00,3.8553783289237273,3.8553783289237273,3.8022739442278084,3.812894821166992,2920800,0.4,0.0
1988-11-10 00:00:00-05:00,3.80227366288503,3.8235154151916504,3.80227366288503,3.8235154151916504,3121200,0.0,0.0
1988-11-11 00:00:00-05:00,3.812895436635178,3.812895436635178,3.738549286060119,3.7810328006744385,708000,0.0,0.0
1988-11-14 00:00:00-05:00,3.802274750728233,3.8128956299202112,3.770412113152298,3.791653871536255,324000,0.0,0.0
1988-11-15 00:00:00-05:00,3.7810329923442763,3.802274750728233,3.7810329923442763,3.791653871536255,222600,0.0,0.0
1988-11-16 00:00:00-05:00,3.7916536793280184,3.802274557981598,3.7597910433672785,3.7810328006744385,500800,0.0,0.0
1988-11-17 00:00:00-05:00,3.802274750728233,3.802274750728233,3.770412113152298,3.791653871536255,299400,0.0,0.0
1988-11-18 00:00:00-05:00,3.834135658248177,3.8659982814469154,3.802273035049439,3.8022730350494385,208200,0.0,0.0
1988-11-21 00:00:00-05:00,3.802275511036289,3.8341381549835205,3.781033748404801,3.8341381549835205,233800,0.0,0.0
1988-11-22 00:00:00-05:00,3.81289453903834,3.8235154151916504,3.80227366288503,3.8235154151916504,369600,0.0,0.0
1988-11-23 00:00:00-05:00,3.823515698106176,3.823515698106176,3.8022739442278084,3.812894821166992,107800,0.0,0.0
1988-11-25 00:00:00-05:00,3.7916536793280184,3.7916536793280184,3.7597910433672785,3.7810328006744385,113000,0.0,0.0
1988-11-28 00:00:00-05:00,3.781034759736397,3.781034759736397,3.749172107266708,3.770413875579834,131400,0.0,0.0
1988-11-29 00:00:00-05:00,3.7704104118507002,3.802273035049439,3.7704104118507002,3.8022730350494385,170200,0.0,0.0
1988-11-30 00:00:00-05:00,3.7916527867317202,3.8341362913449606,3.7916527867317202,3.8235154151916504,233800,0.0,0.0
1988-12-01 00:00:00-05:00,3.8341362913449606,3.8341362913449606,3.81289453903834,3.8235154151916504,143200,0.0,0.0
1988-12-02 00:00:00-05:00,3.812893909449018,3.8235147838485974,3.78103128625028,3.8022730350494385,164600,0.0,0.0
1988-12-05 00:00:00-05:00,3.791654629720545,3.8341381549835205,3.781033748404801,3.8341381549835205,268800,0.0,0.0
1988-12-06 00:00:00-05:00,3.8235152851451524,3.865998788313432,3.8128944093530825,3.8553779125213623,299600,0.0,0.0
1988-12-07 00:00:00-05:00,3.8553779125213623,3.865998788313432,3.8447570367292925,3.8553779125213623,207400,0.0,0.0
1988-12-08 00:00:00-05:00,3.8553786732215247,3.8553786732215247,3.8341369174461994,3.8447577953338623,134400,0.0,0.0
1988-12-09 00:00:00-05:00,3.855380434532688,3.8766222000122066,3.8447595517929285,3.876622200012207,398000,0.0,0.0
1988-12-12 00:00:00-05:00,3.8978606827536897,3.9403441779335666,3.8978606827536897,3.919102430343628,287800,0.0,0.0
1988-12-13 00:00:00-05:00,3.9084839820861816,3.929725742858389,3.9084839820861816,3.9084839820861816,278600,0.0,0.0
1988-12-14 00:00:00-05:00,3.908481556548659,3.9297233041385975,3.908481556548659,3.919102430343628,211000,0.0,0.0
1988-12-15 00:00:00-05:00,3.908485464569009,3.908485464569009,3.8978645801544194,3.897864580154419,219000,0.0,0.0
1988-12-16 00:00:00-05:00,3.908481556548659,3.919102430343628,3.8978606827536897,3.919102430343628,525800,0.0,0.0
1988-12-19 00:00:00-05:00,3.90848602088722,3.940348678666192,3.90848602088722,3.929727792739868,560400,0.0,0.0
1988-12-20 00:00:00-05:00,3.940348678666192,3.9615904505188397,3.9297277927398677,3.929727792739868,205000,0.0,0.0
1988-12-21 00:00:00-05:00,3.9403441779335666,3.9403441779335666,3.908481556548659,3.919102430343628,236400,0.0,0.0
1988-12-22 00:00:00-05:00,3.9191044822857384,3.9403462409973145,3.9191044822857384,3.9403462409973145,133400,0.0,0.0
1988-12-23 00:00:00-05:00,3.950966075661994,3.9615869522094727,3.9297243225670373,3.9615869522094727,123800,0.0,0.0
1988-12-27 00:00:00-05:00,3.9509644508361816,3.9509644508361816,3.940343578656514,3.9509644508361816,126000,0.0,0.0
1988-12-28 00:00:00-05:00,3.9297277927398677,3.950969564592516,3.919106906813544,3.929727792739868,108800,0.0,0.0
1988-12-29 00:00:00-05:00,3.929722706476847,3.9615853230158486,3.929722706476847,3.9509644508361816,132600,0.0,0.0
1988-12-30 00:00:00-05:00,3.940343578656514,3.9615853230158486,3.940343578656514,3.9509644508361816,185600,0.0,0.0
1989-01-03 00:00:00-05:00,3.972206799318474,3.972206799318474,3.908481556548659,3.919102430343628,318800,0.0,0.0
1989-01-04 00:00:00-05:00,3.9403451991145158,3.9615869522094727,3.9297243225670373,3.9615869522094727,221200,0.0,0.0
1989-01-05 00:00:00-05:00,3.9615904505188397,3.9615904505188397,3.90848602088722,3.929727792739868,417600,0.0,0.0
1989-01-06 00:00:00-05:00,3.9509650517285357,3.9509650517285357,3.919102430343628,3.919102430343628,410200,0.0,0.0
1989-01-09 00:00:00-05:00,3.9509650517285357,3.9509650517285357,3.908481556548659,3.919102430343628,458200,0.0,0.0
1989-01-10 00:00:00-05:00,3.919104862472285,3.940346623244493,3.9084839820861816,3.9084839820861816,111600,0.0,0.0
1989-01-11 00:00:00-05:00,3.9297253616415264,3.9403462409973145,3.9297253616415264,3.9403462409973145,143200,0.0,0.0
1989-01-12 00:00:00-05:00,3.9509644508361816,3.9722061951955157,3.940343578656514,3.9509644508361816,147400,0.0,0.0
1989-01-13 00:00:00-05:00,3.96158799970889,3.972208879064678,3.9297253616415264,3.9403462409973145,239000,0.0,0.0
1989-01-16 00:00:00-05:00,3.940343578656514,3.9615853230158486,3.940343578656514,3.9509644508361816,136400,0.0,0.0
1989-01-17 00:00:00-05:00,3.9615853230158486,3.9615853230158486,3.940343578656514,3.9509644508361816,368600,0.0,0.0
1989-01-18 00:00:00-05:00,3.9615866273244222,3.982828378677368,3.9509657516479493,3.982828378677368,408400,0.0,0.0
1989-01-19 00:00:00-05:00,3.96158738378535,3.972208261489868,3.9509665060808317,3.972208261489868,155200,0.0,0.0
1989-01-20 00:00:00-05:00,3.9615866273244222,3.982828378677368,3.9615866273244222,3.982828378677368,210000,0.0,0.0
1989-01-23 00:00:00-05:00,3.9828287053044296,3.9828287053044296,3.9615869522094727,3.9615869522094727,108600,0.0,0.0
1989-01-24 00:00:00-05:00,3.9722104920000234,4.004073143005371,3.950968724663125,4.004073143005371,481600,0.0,0.0
1989-01-25 00:00:00-05:00,4.014691201930351,4.014691201930351,3.982828573343602,3.9934494495391846,351800,0.0,0.0
1989-01-26 00:00:00-05:00,3.993452259336922,4.014694026673821,3.982831375668473,4.004073143005371,259400,0.0,0.0
1989-01-27 00:00:00-05:00,4.004070130030314,4.014691005706787,3.982828378677368,3.982828378677368,440400,0.0,0.0
1989-01-30 00:00:00-05:00,3.982828573343602,3.993449449539185,3.94034506856127,3.9934494495391846,541800,0.0,0.0
1989-01-31 00:00:00-05:00,3.993452259336922,4.014694026673821,3.9722104920000234,4.004073143005371,449000,0.0,0.0
1989-02-01 00:00:00-05:00,3.993449254353841,4.004070130030314,3.972207503000895,3.982828378677368,273000,0.0,0.0
1989-02-02 00:00:00-05:00,3.993449449539185,4.014691201930351,3.982828573343602,3.9934494495391846,275600,0.0,0.0
1989-02-03 00:00:00-05:00,3.993449254353841,3.993449254353841,3.982828378677368,3.982828378677368,86000,0.0,0.0
1989-02-06 00:00:00-05:00,3.993450016898905,3.993450016898905,3.9509665060808317,3.972208261489868,250400,0.0,0.0
1989-02-07 00:00:00-05:00,3.961586820952436,3.993449449539185,3.961586820952436,3.9934494495391846,759000,0.0,0.0
1989-02-08 00:00:00-05:00,3.982827067375183,3.99344793955485,3.9509644508361816,3.9509644508361816,1340200,0.0,0.0
1989-02-09 00:00:00-05:00,3.928025960922241,3.9496679772358623,3.9172049527654305,3.928025960922241,2481400,0.43,0.0
1989-02-10 00:00:00-05:00,3.928027665028807,3.9713117164340828,3.928027665028807,3.9604907035827637,2331000,0.0,0.0
1989-02-13 00:00:00-05:00,3.960490703582764,3.9713117164340828,3.949669690731445,3.9604907035827637,154400,0.0,0.0
1989-02-14 00:00:00-05:00,3.960488985392673,3.982131001706294,3.928025960922241,3.928025960922241,166200,0.0,0.0
1989-02-15 00:00:00-05:00,3.928025960922241,3.9496679772358623,3.928025960922241,3.928025960922241,390400,0.0,0.0
1989-02-16 00:00:00-05:00,3.9280267270318032,3.9388477372991084,3.906384706497193,3.9063847064971924,134000,0.0,0.0
1989-02-17 00:00:00-05:00,3.906383611220681,3.928025625687278,3.906383611220681,3.9172046184539795,265200,0.0,0.0
1989-02-21 00:00:00-05:00,3.9172043255776745,3.9280253320019223,3.884741306304931,3.8847413063049316,228600,0.0,0.0
1989-02-22 00:00:00-05:00,3.873920867812466,3.873920867812466,3.841457843780518,3.8414578437805176,368800,0.0,0.0
1989-02-23 00:00:00-05:00,3.8414593115865188,3.873922348022461,3.8414593115865188,3.873922348022461,266800,0.0,0.0
1989-02-24 00:00:00-05:00,3.8739221631810907,3.8739221631810907,3.8414591282940984,3.8522801399230957,278000,0.0,0.0
1989-02-27 00:00:00-05:00,3.8414591282940984,3.8631011515520934,3.8414591282940984,3.8522801399230957,137600,0.0,0.0
1989-02-28 00:00:00-05:00,3.8414593115865188,3.8847433601677754,3.8414593115865188,3.873922348022461,395400,0.0,0.0
1989-03-01 00:00:00-05:00,3.873920821342148,3.884741829222992,3.8630998134613037,3.8630998134613037,424400,0.0,0.0
1989-03-02 00:00:00-05:00,3.884741306304931,3.895562312729179,3.863099293456436,3.8847413063049316,306600,0.0,0.0
1989-03-03 00:00:00-05:00,3.8739211082458493,3.9172051429748533,3.8739211082458493,3.8955631256103516,330400,0.0,0.0
1989-03-06 00:00:00-05:00,3.906383611220681,3.9172046184539795,3.8847415967540844,3.9172046184539795,195800,0.0,0.0
1989-03-07 00:00:00-05:00,3.9172043255776745,3.9172043255776745,3.8739202998806834,3.8847413063049316,156600,0.0,0.0
1989-03-08 00:00:00-05:00,3.8955636962298876,3.906384706497193,3.884742685962582,3.9063847064971924,360200,0.0,0.0
1989-03-09 00:00:00-05:00,3.9063841342926025,3.9063841342926025,3.8847421169281007,3.8955631256103516,172200,0.0,0.0
1989-03-10 00:00:00-05:00,3.8847433601677754,3.8955643723130895,3.873922348022461,3.873922348022461,223200,0.0,0.0
1989-03-13 00:00:00-05:00,3.873921675695277,3.906384706497193,3.873921675695277,3.9063847064971924,178800,0.0,0.0
1989-03-14 00:00:00-05:00,3.9172046184539795,3.928025625687278,3.8955626039873827,3.9172046184539795,151200,0.0,0.0
1989-03-15 00:00:00-05:00,3.9172049527654305,3.928025960922241,3.90638394460862,3.928025960922241,92000,0.0,0.0
1989-03-16 00:00:00-05:00,3.949669690731445,3.9713117164340828,3.928027665028807,3.9604907035827637,267400,0.0,0.0
1989-03-17 00:00:00-05:00,3.9172049527654305,3.928025960922241,3.90638394460862,3.928025960922241,378400,0.0,0.0
1989-03-20 00:00:00-05:00,3.928025625687278,3.928025625687278,3.8955626039873827,3.9172046184539795,217000,0.0,0.0
1989-03-21 00:00:00-05:00,3.917205716764498,3.9388477372991084,3.906384706497193,3.9063847064971924,328000,0.0,0.0
1989-03-22 00:00:00-05:00,3.9172051429748533,3.9172051429748533,3.8955631256103516,3.8955631256103516,131600,0.0,0.0
1989-03-23 00:00:00-05:00,3.8955631256103516,3.9063841342926025,3.8955631256103516,3.8955631256103516,206000,0.0,0.0
1989-03-27 00:00:00-05:00,3.8955626039873827,3.9172046184539795,3.8955626039873827,3.9172046184539795,172400,0.0,0.0
1989-03-28 00:00:00-05:00,3.9388477372991084,3.9496687475664136,3.906384706497193,3.9063847064971924,98000,0.0,0.0
1989-03-29 00:00:00-05:00,3.9172046184539795,3.938846632920576,3.906383611220681,3.9172046184539795,99800,0.0,0.0
1989-03-30 00:00:00-05:00,3.9172049527654305,3.928025960922241,3.9172049527654305,3.928025960922241,241000,0.0,0.0
1989-03-31 00:00:00-05:00,3.928027665028807,3.960490703582764,3.9172066521774878,3.9604907035827637,183600,0.0,0.0
1989-04-03 00:00:00-04:00,3.9713117164340828,3.9713117164340828,3.949669690731445,3.9604907035827637,313800,0.0,0.0
1989-04-04 00:00:00-04:00,3.9713104261110908,3.9713104261110908,3.9496684074401855,3.9496684074401855,464600,0.0,0.0
1989-04-05 00:00:00-04:00,3.9713104261110908,3.982131435446543,3.9496684074401855,3.9496684074401855,158600,0.0,0.0
1989-04-06 00:00:00-04:00,3.9388473981047327,3.9713104261110908,3.9388473981047327,3.9496684074401855,182600,0.0,0.0
1989-04-07 00:00:00-04:00,3.971309520628141,3.9821305274963374,3.9604885137599446,3.982130527496338,211000,0.0,0.0
1989-04-10 00:00:00-04:00,3.971309520628141,4.00377254123273,3.9604885137599446,3.982130527496338,102000,0.0,0.0
1989-04-11 00:00:00-04:00,4.0037744964229445,4.0362375328804285,3.9929534842704504,4.0145955085754395,258400,0.0,0.0
1989-04-12 00:00:00-04:00,4.0037760734558105,4.025418106285302,3.992955057041065,4.0037760734558105,110600,0.0,0.0
1989-04-13 00:00:00-04:00,4.014593548100927,4.014593548100927,3.9821305274963374,3.982130527496338,95600,0.0,0.0
1989-04-14 00:00:00-04:00,4.003773402142269,4.025415420532227,3.992952392947289,4.025415420532227,162800,0.0,0.0
1989-04-17 00:00:00-04:00,4.0145955085754395,4.0254165207279335,4.0037744964229445,4.0145955085754395,191600,0.0,0.0
1989-04-18 00:00:00-04:00,4.047056726814898,4.079519748687744,4.047056726814898,4.079519748687744,200000,0.0,0.0
1989-04-19 00:00:00-04:00,4.0578789710998535,4.068699981689453,4.047057960510254,4.0578789710998535,897000,0.0,0.0
1989-04-20 00:00:00-04:00,4.0578776821095675,4.0686986892618595,4.014593653500398,4.047056674957275,168600,0.0,0.0
1989-04-21 00:00:00-04:00,4.036236949920655,4.0578789710998535,4.014594928741455,4.0578789710998535,280200,0.0,0.0
1989-04-24 00:00:00-04:00,4.036235860053529,4.068698883056641,4.0254148523858255,4.068698883056641,210400,0.0,0.0
1989-04-25 00:00:00-04:00,4.068699981689453,4.090342002868653,3.9821318969726565,4.0578789710998535,168800,0.0,0.0
1989-04-26 00:00:00-04:00,4.057877734105847,4.079519748687744,4.057877734105847,4.079519748687744,143200,0.0,0.0
1989-04-27 00:00:00-04:00,4.0795191318269755,4.0903401374816895,4.057877120517549,4.0903401374816895,210400,0.0,0.0
1989-04-28 00:00:00-04:00,4.0903401374816895,4.0903401374816895,4.0795191318269755,4.0903401374816895,129000,0.0,0.0
1989-05-01 00:00:00-04:00,4.090340755978693,4.101161763269642,4.068698741396795,4.079519748687744,240200,0.0,0.0
1989-05-02 00:00:00-04:00,4.101161763269642,4.111982770560591,4.079519748687744,4.079519748687744,379000,0.0,0.0
1989-05-03 00:00:00-04:00,4.068699406445184,4.101162433624268,4.068699406445184,4.101162433624268,133400,0.0,0.0
1989-05-04 00:00:00-04:00,4.090341424564573,4.101162433624268,4.090341424564573,4.101162433624268,137600,0.0,0.0
1989-05-05 00:00:00-04:00,4.101160863826149,4.1228028736616436,4.090339858908402,4.1119818687438965,304600,0.0,0.0
1989-05-08 00:00:00-04:00,4.079519890724344,4.079519890724344,4.057877875388937,4.068698883056641,241000,0.0,0.0
1989-05-09 00:00:00-04:00,4.057877875388937,4.090340898392048,4.057877875388937,4.068698883056641,265400,0.0,0.0
1989-05-10 00:00:00-04:00,4.057877875388937,4.090340898392048,4.047056867721233,4.068698883056641,215200,0.0,0.0
1989-05-11 00:00:00-04:00,4.078400951190137,4.10044636173711,4.078400951190137,4.089423656463623,3181000,0.43,0.0
1989-05-12 00:00:00-04:00,4.166581435240903,4.232717648498695,4.15555873303127,4.2216949462890625,3532200,0.0,0.0
1989-05-15 00:00:00-04:00,4.221692998279897,4.265783786773682,4.199647604033005,4.265783786773682,366800,0.0,0.0
1989-05-16 00:00:00-04:00,4.24374021589756,4.254762917757034,4.221694812178612,4.232717514038086,331800,0.0,0.0
1989-05-17 00:00:00-04:00,4.221692743522036,4.298851618730011,4.221692743522036,4.2878289222717285,540200,0.0,0.0
1989-05-18 00:00:00-04:00,4.2878289222717285,4.309874315188293,4.276806225813447,4.2878289222717285,294600,0.0,0.0
1989-05-19 00:00:00-04:00,4.287829828626327,4.364988720144025,4.287829828626327,4.331920623779297,327600,0.0,0.0
1989-05-22 00:00:00-04:00,4.342944488042518,4.364989891535119,4.331921786296216,4.353967189788818,415400,0.0,0.0
1989-05-23 00:00:00-04:00,4.35396848302899,4.398059303110296,4.342945778008663,4.364991188049316,279000,0.0,0.0
1989-05-24 00:00:00-04:00,4.342944488042518,4.3870352950277205,4.342944488042518,4.353967189788818,397600,0.0,0.0
1989-05-25 00:00:00-04:00,4.35396848302899,4.3760138930696435,4.342945778008663,4.364991188049316,362600,0.0,0.0
1989-05-26 00:00:00-04:00,4.364990099851671,4.376012802124023,4.364990099851671,4.376012802124023,108600,0.0,0.0
1989-05-30 00:00:00-04:00,4.398056816508752,4.409079515296995,4.309875226202812,4.331920623779297,189800,0.0,0.0
1989-05-31 00:00:00-04:00,4.364988720144025,4.364988720144025,4.29885252741457,4.331920623779297,265800,0.0,0.0
1989-06-01 00:00:00-04:00,4.320899290762259,4.387035504396376,4.320899290762259,4.376012802124023,135600,0.0,0.0
1989-06-02 00:00:00-04:00,4.409081595284598,4.409081595284598,4.387036187308175,4.398058891296387,184800,0.0,0.0
1989-06-05 00:00:00-04:00,4.420101988967971,4.475215480102235,4.4090792907411185,4.431124687194824,306200,0.0,0.0
1989-06-06 00:00:00-04:00,4.442147516550269,4.442147516550269,4.3870340237890995,4.420102119445801,613800,0.0,0.0
1989-06-07 00:00:00-04:00,4.44214668750763,4.4641920804977415,4.409078598022461,4.409078598022461,217200,0.0,0.0
1989-06-08 00:00:00-04:00,4.431124687194824,4.431124687194824,4.4090792907411185,4.431124687194824,832600,0.0,0.0
1989-06-09 00:00:00-04:00,4.4201037570205575,4.453171864928442,4.4201037570205575,4.4421491622924805,282600,0.0,0.0
1989-06-12 00:00:00-04:00,4.442147944886007,4.475216043731312,4.431125245270906,4.464193344116211,229000,0.0,0.0
1989-06-13 00:00:00-04:00,4.464191564238897,4.47521425945924,4.431123478577868,4.453168869018555,204200,0.0,0.0
1989-06-14 00:00:00-04:00,4.475215780647147,4.497261178581369,4.464193081680036,4.486238479614258,206800,0.0,0.0
1989-06-15 00:00:00-04:00,4.486238479614258,4.497261178581369,4.475215780647147,4.486238479614258,167000,0.0,0.0
1989-06-16 00:00:00-04:00,4.4531714622610306,4.497262268818071,4.442148760621771,4.475216865539551,744600,0.0,0.0
1989-06-19 00:00:00-04:00,4.486238479614258,4.486238479614258,4.475215780647147,4.486238479614258,306800,0.0,0.0
1989-06-20 00:00:00-04:00,4.486239775723102,4.497262477874756,4.475217073571448,4.497262477874756,142200,0.0,0.0
1989-06-21 00:00:00-04:00,4.497262477874756,4.497262477874756,4.486239775723102,4.497262477874756,194800,0.0,0.0
1989-06-22 00:00:00-04:00,4.497262153072634,4.563398361206055,4.486239451717063,4.563398361206055,386400,0.0,0.0
1989-06-23 00:00:00-04:00,4.5633999934563265,4.585445404052734,4.5413545828599196,4.585445404052734,256400,0.0,0.0
1989-06-26 00:00:00-04:00,4.585443763917195,4.585443763917195,4.552375659850484,4.563398361206055,162600,0.0,0.0
1989-06-27 00:00:00-04:00,4.563398361206055,4.563398361206055,4.552375659850484,4.563398361206055,139400,0.0,0.0
1989-06-28 00:00:00-04:00,4.563397804315943,4.563397804315943,4.497261604253393,4.530329704284668,154400,0.0,0.0
1989-06-29 00:00:00-04:00,4.5303303737358505,4.5303303737358505,4.4531714622610306,4.475216865539551,213600,0.0,0.0
1989-06-30 00:00:00-04:00,4.497262268818071,4.497262268818071,4.4531714622610306,4.475216865539551,370200,0.0,0.0
1989-07-03 00:00:00-04:00,4.475216807388677,4.541353016364865,4.431126001404553,4.519307613372803,127300,0.0,2.0
1989-07-05 00:00:00-04:00,4.475216865539551,4.497262268818071,4.431126058982511,4.475216865539551,241300,0.0,0.0
1989-07-06 00:00:00-04:00,4.5193078821780635,4.5193078821780635,4.475217073571448,4.497262477874756,187800,0.0,0.0
1989-07-07 00:00:00-04:00,4.519307555783774,4.585443763917195,4.4752167503614935,4.563398361206055,201500,0.0,0.0
1989-07-10 00:00:00-04:00,4.585442969912575,4.695669964381627,4.585442969912575,4.629533767700195,364100,0.0,0.0
1989-07-11 00:00:00-04:00,4.673627300797222,4.739763536185862,4.651581889001009,4.717718124389648,238300,0.0,0.0
1989-07-12 00:00:00-04:00,4.6956706047058105,4.739761408505865,4.673625202805783,4.6956706047058105,180300,0.0,0.0
1989-07-13 00:00:00-04:00,4.695671351450795,4.695671351450795,4.629535135233177,4.673625946044922,215700,0.0,0.0
1989-07-14 00:00:00-04:00,4.673627300797222,4.717718124389648,4.6295364772047956,4.717718124389648,336400,0.0,0.0
1989-07-17 00:00:00-04:00,4.673625946044922,4.695671351450795,4.65158054063905,4.673625946044922,84400,0.0,0.0
1989-07-18 00:00:00-04:00,4.651581287384033,4.673626696328982,4.607490469494137,4.651581287384033,96500,0.0,0.0
1989-07-19 00:00:00-04:00,4.65158054063905,4.673625946044922,4.629535135233177,4.673625946044922,208000,0.0,0.0
1989-07-20 00:00:00-04:00,4.695669964381627,4.739760762169247,4.629533767700195,4.629533767700195,189900,0.0,0.0
1989-07-21 00:00:00-04:00,4.629535878439086,4.651581287384033,4.607490469494137,4.651581287384033,137000,0.0,0.0
1989-07-24 00:00:00-04:00,4.629535135233177,4.673625946044922,4.607489729827305,4.673625946044922,121400,0.0,0.0
1989-07-25 00:00:00-04:00,4.673626696328982,4.695672105273929,4.629535878439086,4.651581287384033,230000,0.0,0.0
1989-07-26 00:00:00-04:00,4.651581287384033,4.673626696328982,4.607490469494137,4.651581287384033,411400,0.0,0.0
1989-07-27 00:00:00-04:00,4.673625946044922,4.695671351450795,4.629535135233177,4.673625946044922,157700,0.0,0.0
1989-07-28 00:00:00-04:00,4.673625946044922,4.695671351450795,4.629535135233177,4.673625946044922,238000,0.0,0.0
1989-07-31 00:00:00-04:00,4.673627300797222,4.761808947982075,4.6295364772047956,4.717718124389648,278200,0.0,0.0
1989-08-01 00:00:00-04:00,4.739761829376221,4.8279434448064755,4.717716425518657,4.739761829376221,423200,0.0,0.0
1989-08-02 00:00:00-04:00,4.739761829376221,4.761807233233784,4.717716425518657,4.739761829376221,142600,0.0,0.0
1989-08-03 00:00:00-04:00,4.761808122907366,4.805898938860212,4.739762714930943,4.783853530883789,153500,0.0,0.0
1989-08-04 00:00:00-04:00,4.805898251356902,4.805898251356902,4.761807441711426,4.761807441711426,297600,0.0,0.0
1989-08-07 00:00:00-04:00,4.783851266981245,4.894078254699707,4.783851266981245,4.894078254699707,316500,0.0,0.0
1989-08-08 00:00:00-04:00,4.916125774383545,4.938171181443561,4.89408036732353,4.916125774383545,453800,0.0,0.0
1989-08-09 00:00:00-04:00,4.916125774383545,4.982261995563593,4.872034960263513,4.916125774383545,702300,0.0,0.0
1989-08-10 00:00:00-04:00,4.858802795410156,4.858802795410156,4.814021202825731,4.858802795410156,2435100,0.43,0.0
1989-08-11 00:00:00-04:00,4.90358468848215,4.925975486146452,4.746849104832036,4.769239902496338,2048400,0.0,0.0
1989-08-14 00:00:00-04:00,4.769242218885377,4.814023835964113,4.702069793267273,4.724460601806641,216800,0.0,0.0
1989-08-15 00:00:00-04:00,4.746851410346008,4.791633027424744,4.724460601806641,4.724460601806641,382100,0.0,0.0
1989-08-16 00:00:00-04:00,4.724459686369266,4.76924129477087,4.724459686369266,4.746850490570068,276200,0.0,0.0
1989-08-17 00:00:00-04:00,4.746848006475539,4.746848006475539,4.6796756290254145,4.702066421508789,181400,0.0,0.0
1989-08-18 00:00:00-04:00,4.657284836542039,4.724457213992165,4.657284836542039,4.702066421508789,218700,0.0,0.0
1989-08-21 00:00:00-04:00,4.724458962968252,4.746849763740614,4.590114158334084,4.612504959106445,284500,0.0,0.0
1989-08-22 00:00:00-04:00,4.612504959106445,4.634895759878807,4.567723357561722,4.612504959106445,272500,0.0,0.0
1989-08-23 00:00:00-04:00,4.612505082308391,4.679677486419678,4.590114280937962,4.679677486419678,252000,0.0,0.0
1989-08-24 00:00:00-04:00,4.702069793267273,4.746851410346008,4.657288176188537,4.724460601806641,296200,0.0,0.0
1989-08-25 00:00:00-04:00,4.702068287790107,4.724459089160536,4.63489588367882,4.679677486419678,163600,0.0,0.0
1989-08-28 00:00:00-04:00,4.612504097131582,4.657285690307617,4.612504097131582,4.657285690307617,125300,0.0,0.0
1989-08-29 00:00:00-04:00,4.657286560651168,4.679677361423529,4.590114158334084,4.612504959106445,147400,0.0,0.0
1989-08-30 00:00:00-04:00,4.590115032944024,4.634896643021527,4.545333422866522,4.567724227905273,332900,0.0,0.0
1989-08-31 00:00:00-04:00,4.567724227905273,4.634896643021527,4.567724227905273,4.567724227905273,199100,0.0,0.0
1989-09-01 00:00:00-04:00,4.567724227905273,4.634896643021527,4.567724227905273,4.567724227905273,444200,0.0,0.0
1989-09-05 00:00:00-04:00,4.612505837982776,4.612505837982776,4.545333422866522,4.567724227905273,347500,0.0,0.0
1989-09-06 00:00:00-04:00,4.567722226133442,4.590113021359586,4.500549840455008,4.522940635681152,275600,0.0,0.0
1989-09-07 00:00:00-04:00,4.522941021919251,4.5453318190574645,4.478159427642822,4.478159427642822,699100,0.0,0.0
1989-09-08 00:00:00-04:00,4.478161370576317,4.52294298428208,4.388598143164791,4.500552177429199,241500,0.0,0.0
1989-09-11 00:00:00-04:00,4.478161370576317,4.52294298428208,4.455770563723436,4.500552177429199,235100,0.0,0.0
1989-09-12 00:00:00-04:00,4.522943529589423,4.545334339141846,4.500552720037001,4.545334339141846,470200,0.0,0.0
1989-09-13 00:00:00-04:00,4.5453318190574645,4.5453318190574645,4.4557686305046085,4.478159427642822,278200,0.0,0.0
1989-09-14 00:00:00-04:00,4.478161370576317,4.500552177429199,4.455770563723436,4.500552177429199,495700,0.0,0.0
1989-09-15 00:00:00-04:00,4.478159427642822,4.500550224781036,4.433377833366394,4.478159427642822,663600,0.0,0.0
1989-09-18 00:00:00-04:00,4.4557686305046085,4.478159427642822,4.4557686305046085,4.478159427642822,258300,0.0,0.0
1989-09-19 00:00:00-04:00,4.4557686305046085,4.500550224781036,4.4557686305046085,4.478159427642822,367600,0.0,0.0
1989-09-20 00:00:00-04:00,4.500549840455008,4.522940635681152,4.478159045228864,4.522940635681152,289100,0.0,0.0
1989-09-21 00:00:00-04:00,4.522940635681152,4.522940635681152,4.500549840455008,4.522940635681152,252100,0.0,0.0
1989-09-22 00:00:00-04:00,4.500552177429199,4.52294298428208,4.478161370576317,4.500552177429199,290800,0.0,0.0
1989-09-25 00:00:00-04:00,4.522940975936812,4.522940975936812,4.433377788294499,4.455768585205078,547000,0.0,0.0
1989-09-26 00:00:00-04:00,4.455768585205078,4.522940975936812,4.455768585205078,4.455768585205078,201700,0.0,0.0
1989-09-27 00:00:00-04:00,4.455769018693403,4.478159817782315,4.41098742051558,4.433378219604492,125100,0.0,0.0
1989-09-28 00:00:00-04:00,4.41098742051558,4.455769018693403,4.41098742051558,4.433378219604492,216000,0.0,0.0
1989-09-29 00:00:00-04:00,4.433377788294499,4.455768585205078,4.410986991383921,4.455768585205078,152400,0.0,0.0
1989-10-02 00:00:00-04:00,4.433377788294499,4.455768585205078,4.410986991383921,4.455768585205078,326900,0.0,0.0
1989-10-03 00:00:00-04:00,4.433377833366394,4.478159427642822,4.41098703622818,4.478159427642822,242300,0.0,0.0
1989-10-04 00:00:00-04:00,4.455768585205078,4.455768585205078,4.388596194473343,4.455768585205078,368900,0.0,0.0
1989-10-05 00:00:00-04:00,4.4557686305046085,4.500550224781036,4.41098703622818,4.478159427642822,139900,0.0,0.0
1989-10-06 00:00:00-04:00,4.522940975936812,4.522940975936812,4.433377788294499,4.455768585205078,195200,0.0,0.0
1989-10-09 00:00:00-04:00,4.478159382115656,4.500550179026234,4.455768585205078,4.455768585205078,122000,0.0,0.0
1989-10-10 00:00:00-04:00,4.500550224781036,4.500550224781036,4.4557686305046085,4.478159427642822,198800,0.0,0.0
1989-10-11 00:00:00-04:00,4.478159382115656,4.478159382115656,4.433377788294499,4.455768585205078,235200,0.0,0.0
1989-10-12 00:00:00-04:00,4.4557686305046085,4.478159427642822,4.4557686305046085,4.478159427642822,237100,0.0,0.0
1989-10-13 00:00:00-04:00,4.478161151592548,4.500551957350511,4.343816317044772,4.366207122802734,299200,0.0,0.0
1989-10-16 00:00:00-04:00,4.366205397562765,4.455768585205078,4.343814600652187,4.455768585205078,477600,0.0,0.0
1989-10-17 00:00:00-04:00,4.41098742051558,4.500550616871227,4.388596621426669,4.433378219604492,372200,0.0,0.0
1989-10-18 00:00:00-04:00,4.455768585205078,4.522940975936812,4.410986991383921,4.455768585205078,168900,0.0,0.0
1989-10-19 00:00:00-04:00,4.410988950017673,4.500552177429199,4.410988950017673,4.500552177429199,252200,0.0,0.0
1989-10-20 00:00:00-04:00,4.500550224781036,4.500550224781036,4.4557686305046085,4.478159427642822,132200,0.0,0.0
1989-10-23 00:00:00-04:00,4.478161370576317,4.52294298428208,4.478161370576317,4.500552177429199,817600,0.0,0.0
1989-10-24 00:00:00-04:00,4.478159382115656,4.500550179026234,4.433377788294499,4.455768585205078,431800,0.0,0.0
1989-10-25 00:00:00-04:00,4.478159427642822,4.500550224781036,4.4557686305046085,4.478159427642822,316300,0.0,0.0
1989-10-26 00:00:00-04:00,4.455769018693403,4.478159817782315,4.41098742051558,4.433378219604492,403000,0.0,0.0
1989-10-27 00:00:00-04:00,4.41098742051558,4.455769018693403,4.41098742051558,4.433378219604492,264500,0.0,0.0
1989-10-30 00:00:00-05:00,4.433377833366394,4.500550224781036,4.433377833366394,4.478159427642822,241000,0.0,0.0
1989-10-31 00:00:00-05:00,4.500551812789019,4.567724227905273,4.478161007750268,4.567724227905273,440000,0.0,0.0
1989-11-01 00:00:00-05:00,4.567723357561722,4.612504959106445,4.545332556789361,4.612504959106445,541200,0.0,0.0
1989-11-02 00:00:00-05:00,4.612505082308391,4.679677486419678,4.612505082308391,4.679677486419678,485100,0.0,0.0
1989-11-03 00:00:00-05:00,4.657286685049249,4.702068287790107,4.63489588367882,4.679677486419678,313900,0.0,0.0
1989-11-06 00:00:00-05:00,4.657286123377114,4.679676922047196,4.6125045260369495,4.634895324707031,277600,0.0,0.0
1989-11-07 00:00:00-05:00,4.6348973676491685,4.724460601806641,4.6348973676491685,4.724460601806641,399000,0.0,0.0
1989-11-08 00:00:00-05:00,4.724459686369266,4.746850490570068,4.702068882168464,4.746850490570068,810700,0.0,0.0
1989-11-09 00:00:00-05:00,4.734103400926083,4.7568635134305355,4.665823063412726,4.711343288421631,716900,0.43,0.0
1989-11-10 00:00:00-05:00,4.711343091267806,4.734103202819824,4.665822868163769,4.734103202819824,438700,0.0,0.0
1989-11-13 00:00:00-05:00,4.734103202819824,4.756863314371842,4.688582979715787,4.734103202819824,259300,0.0,0.0
1989-11-14 00:00:00-05:00,4.734103202819824,4.756863314371842,4.711343091267806,4.734103202819824,184400,0.0,0.0
1989-11-15 00:00:00-05:00,4.688582979715787,4.734103202819824,4.665822868163769,4.734103202819824,157500,0.0,0.0
1989-11-16 00:00:00-05:00,4.779625144301419,4.779625144301419,4.711344785097113,4.75686502456665,140000,0.0,0.0
1989-11-17 00:00:00-05:00,4.756863314371842,4.756863314371842,4.688582979715787,4.734103202819824,296900,0.0,0.0
1989-11-20 00:00:00-05:00,4.73410504535564,4.756865165766003,4.688584804534912,4.688584804534912,108700,0.0,0.0
1989-11-21 00:00:00-05:00,4.688584804534912,4.688584804534912,4.6430645637141845,4.688584804534912,180600,0.0,0.0
1989-11-22 00:00:00-05:00,4.688582979715787,4.734103202819824,4.665822868163769,4.734103202819824,170500,0.0,0.0
1989-11-24 00:00:00-05:00,4.7341032845633375,4.779623508453369,4.7341032845633375,4.779623508453369,131500,0.0,0.0
1989-11-27 00:00:00-05:00,4.75686603473826,4.825146408442637,4.75686603473826,4.802386283874512,514100,0.0,0.0
1989-11-28 00:00:00-05:00,4.802385125520095,4.847905363676683,4.802385125520095,4.825145244598389,298100,0.0,0.0
1989-11-29 00:00:00-05:00,4.802386602508688,4.893427106821648,4.802386602508688,4.870666980743408,388200,0.0,0.0
1989-11-30 00:00:00-05:00,4.870663533012987,4.938943862915039,4.870663533012987,4.938943862915039,548700,0.0,0.0
1989-12-01 00:00:00-05:00,4.893422509552142,5.007223033030099,4.893422509552142,4.961702823638916,369300,0.0,0.0
1989-12-04 00:00:00-05:00,4.9617046515146885,4.9617046515146885,4.916184425354004,4.916184425354004,148800,0.0,0.0
1989-12-05 00:00:00-05:00,4.938943862915039,4.938943862915039,4.916183752947688,4.938943862915039,236800,0.0,0.0
1989-12-06 00:00:00-05:00,4.916183666850245,4.938943776418997,4.893423557281494,4.893423557281494,112500,0.0,0.0
1989-12-07 00:00:00-05:00,4.893423557281494,4.916183666850245,4.847903338143992,4.893423557281494,225800,0.0,0.0
1989-12-08 00:00:00-05:00,4.893423557281494,4.938943776418997,4.870663447712744,4.893423557281494,140500,0.0,0.0
1989-12-11 00:00:00-05:00,4.893424312273661,4.916184425354004,4.870664199193318,4.916184425354004,458800,0.0,0.0
1989-12-12 00:00:00-05:00,4.893423642980338,4.938943862915039,4.893423642980338,4.938943862915039,726700,0.0,0.0
1989-12-13 00:00:00-05:00,4.93894543583037,5.052746021909411,4.916185318614563,5.0299859046936035,324200,0.0,0.0
1989-12-14 00:00:00-05:00,5.075506414379086,5.075506414379086,5.029986177478825,5.052746295928955,213900,0.0,0.0
1989-12-15 00:00:00-05:00,5.075506280263265,5.121026515960693,5.029986044565836,5.121026515960693,781400,0.0,0.0
1989-12-18 00:00:00-05:00,5.166544631519148,5.212064848536938,5.143784523010254,5.143784523010254,293000,0.0,0.0
1989-12-19 00:00:00-05:00,5.143788183620403,5.212068557739258,5.143788183620403,5.212068557739258,503100,0.0,0.0
1989-12-20 00:00:00-05:00,5.166543575269835,5.212063782981464,5.098263263702393,5.098263263702393,298500,0.0,0.0
1989-12-21 00:00:00-05:00,5.0982652143998575,5.325866340042708,5.0982652143998575,5.2575860023498535,543900,0.0,0.0
1989-12-22 00:00:00-05:00,5.257585223177646,5.3941458783251175,5.257585223177646,5.348625659942627,275900,0.0,0.0
1989-12-26 00:00:00-05:00,5.325865550751382,5.3941458783251175,5.325865550751382,5.348625659942627,179200,0.0,0.0
1989-12-27 00:00:00-05:00,5.3486272921929,5.439667756740864,5.325867176055908,5.325867176055908,294500,0.0,0.0
1989-12-28 00:00:00-05:00,5.3486272921929,5.3486272921929,5.303107059918918,5.325867176055908,296400,0.0,0.0
1989-12-29 00:00:00-05:00,5.303109169006348,5.325869294195216,5.257588918628611,5.303109169006348,923200,0.0,0.0
1990-01-02 00:00:00-05:00,5.303107059918918,5.325867176055908,5.257586827644936,5.325867176055908,365200,0.0,0.0
1990-01-03 00:00:00-05:00,5.303108843513157,5.325868967305059,5.234828472137451,5.234828472137451,261300,0.0,0.0
1990-01-04 00:00:00-05:00,5.234824957045833,5.234824957045833,5.098264305992464,5.143784523010254,271200,0.0,0.0
1990-01-05 00:00:00-05:00,5.121023367558207,5.121023367558207,5.0527430559907645,5.098263263702393,203100,0.0,0.0
1990-01-08 00:00:00-05:00,5.029987066442316,5.052747188914906,4.961706699024547,5.007226943969727,333000,0.0,0.0
1990-01-09 00:00:00-05:00,5.007223033030099,5.052743242421282,4.893422509552142,4.961702823638916,280400,0.0,0.0
1990-01-10 00:00:00-05:00,4.961705822128433,5.052746295928955,4.916185585228172,5.052746295928955,505100,0.0,0.0
1990-01-11 00:00:00-05:00,5.098266532829216,5.098266532829216,5.029986177478825,5.052746295928955,203200,0.0,0.0
1990-01-12 00:00:00-05:00,4.961707485056369,5.007227737212849,4.870666980743408,4.870666980743408,367000,0.0,0.0
1990-01-15 00:00:00-05:00,4.847906854665168,4.893427106821648,4.825146728586928,4.870666980743408,259800,0.0,0.0
1990-01-16 00:00:00-05:00,4.825143973032633,4.916184425354004,4.802383859952291,4.916184425354004,126200,0.0,0.0
1990-01-17 00:00:00-05:00,4.893427106821648,4.916187232899889,4.825146728586928,4.870666980743408,495500,0.0,0.0
1990-01-18 00:00:00-05:00,4.802386602508688,4.938947358978129,4.802386602508688,4.870666980743408,203400,0.0,0.0
1990-01-19 00:00:00-05:00,4.893426782147014,4.893426782147014,4.75686603473826,4.802386283874512,224800,0.0,0.0
1990-01-22 00:00:00-05:00,4.825144566280741,4.89342491391679,4.802384450402059,4.847904682159424,237900,0.0,0.0
1990-01-23 00:00:00-05:00,4.847905363676683,4.870665482754977,4.7568648873635055,4.825145244598389,377200,0.0,0.0
1990-01-24 00:00:00-05:00,4.597545162761381,4.847906533010763,4.597545162761381,4.802386283874512,422800,0.0,0.0
1990-01-25 00:00:00-05:00,4.8479038442884175,4.870663956233433,4.711343172618321,4.779623508453369,235100,0.0,0.0
1990-01-26 00:00:00-05:00,4.734102790300237,4.916183666850245,4.734102790300237,4.893423557281494,369300,0.0,0.0
1990-01-29 00:00:00-05:00,4.870664798038106,4.89342491391679,4.802384450402059,4.847904682159424,244000,0.0,0.0
1990-01-30 00:00:00-05:00,4.847906533010763,4.870666657578888,4.779626159306386,4.802386283874512,311100,0.0,0.0
1990-01-31 00:00:00-05:00,4.825142195465368,4.961702823638916,4.825142195465368,4.961702823638916,448000,0.0,0.0
1990-02-01 00:00:00-05:00,4.916182614247734,4.961702823638916,4.893422509552142,4.961702823638916,201900,0.0,0.0
1990-02-02 00:00:00-05:00,4.961705956829193,5.029986314033264,4.938945837761169,4.984466075897217,504600,0.0,0.0
1990-02-05 00:00:00-05:00,4.984465940578564,5.075506414379086,4.961705822128433,5.052746295928955,315600,0.0,0.0
1990-02-06 00:00:00-05:00,5.029987066442316,5.052747188914906,4.984466821497137,5.007226943969727,150600,0.0,0.0
1990-02-07 00:00:00-05:00,4.961702823638916,5.007223033030099,4.938942718943324,4.961702823638916,520200,0.0,0.0
1990-02-08 00:00:00-05:00,4.95337244938237,4.95337244938237,4.883932648690093,4.930225849151611,654400,0.455,0.0
1990-02-09 00:00:00-05:00,4.953372478485107,4.953372478485107,4.907079277751602,4.953372478485107,501500,0.0,0.0
1990-02-12 00:00:00-05:00,4.930226188439589,4.953372790263249,4.814493179321289,4.814493179321289,155300,0.0,0.0
1990-02-13 00:00:00-05:00,4.860785961151123,4.883932560966128,4.791346161706107,4.860785961151123,634300,0.0,0.0
1990-02-14 00:00:00-05:00,4.860786048459335,4.930225849151611,4.837639448228576,4.930225849151611,250500,0.0,0.0
1990-02-15 00:00:00-05:00,4.8839335441589355,4.930226753108309,4.860786939684249,4.8839335441589355,158000,0.0,0.0
1990-02-16 00:00:00-05:00,4.883934456765937,4.9302276743656135,4.83764123916626,4.83764123916626,258100,0.0,0.0
1990-02-20 00:00:00-05:00,4.8376392719250365,4.8376392719250365,4.745052874376232,4.791346073150635,198700,0.0,0.0
1990-02-21 00:00:00-05:00,4.745051421008063,4.791344605603264,4.698758236412863,4.768198013305664,332500,0.0,0.0
1990-02-22 00:00:00-05:00,4.768196889669588,4.768196889669588,4.652463955454307,4.675610542297363,241100,0.0,0.0
1990-02-23 00:00:00-05:00,4.698761463165283,4.721908071358215,4.652468246779418,4.698761463165283,169000,0.0,0.0
1990-02-26 00:00:00-05:00,4.675613076214629,4.791346073150635,4.675613076214629,4.791346073150635,296800,0.0,0.0
1990-02-27 00:00:00-05:00,4.768199473763433,4.814492672537836,4.745052874376232,4.791346073150635,357100,0.0,0.0
1990-02-28 00:00:00-05:00,4.768200521785501,4.907080148633622,4.768200521785501,4.8839335441589355,254000,0.0,0.0
1990-03-01 00:00:00-05:00,4.860787847966098,4.883934456765937,4.814494630366421,4.83764123916626,169300,0.0,0.0
1990-03-02 00:00:00-05:00,4.860787847966098,4.860787847966098,4.7913480215665825,4.83764123916626,144100,0.0,0.0
1990-03-05 00:00:00-05:00,4.791344568206043,4.81449116032298,4.721904791855231,4.745051383972168,238000,0.0,0.0
1990-03-06 00:00:00-05:00,4.768201412766744,4.83764123916626,4.745054803966905,4.83764123916626,141700,0.0,0.0
1990-03-07 00:00:00-05:00,4.814494630366421,4.860787847966098,4.7913480215665825,4.83764123916626,169900,0.0,0.0
1990-03-08 00:00:00-05:00,4.837640335209562,4.8839335441589355,4.791347126260188,4.8839335441589355,284900,0.0,0.0
1990-03-09 00:00:00-05:00,4.883934456765937,4.883934456765937,4.814494630366421,4.83764123916626,343600,0.0,0.0
1990-03-12 00:00:00-05:00,4.860787847966098,4.860787847966098,4.814494630366421,4.83764123916626,139200,0.0,0.0
1990-03-13 00:00:00-05:00,4.837639781144949,4.837639781144949,4.7450533738503085,4.814493179321289,202300,0.0,0.0
1990-03-14 00:00:00-05:00,4.814492761521112,4.883932560966128,4.768199561891102,4.860785961151123,211100,0.0,0.0
1990-03-15 00:00:00-05:00,4.860787908985929,4.907081127166748,4.860787908985929,4.907081127166748,167300,0.0,0.0
1990-03-16 00:00:00-05:00,4.976519049613128,4.976519049613128,4.907079248920852,4.930225849151611,440000,0.0,0.0
1990-03-19 00:00:00-05:00,4.930225849151611,4.930225849151611,4.860786048459335,4.930225849151611,166800,0.0,0.0
1990-03-20 00:00:00-05:00,4.930227736257157,4.953374345347567,4.883934518076339,4.907081127166748,186000,0.0,0.0
1990-03-21 00:00:00-05:00,4.860787908985929,4.907081127166748,4.8376412998955205,4.907081127166748,290200,0.0,0.0
1990-03-22 00:00:00-05:00,4.907081127166748,4.930227736257157,4.883934518076339,4.907081127166748,288200,0.0,0.0
1990-03-23 00:00:00-05:00,4.907079160781134,4.907079160781134,4.837639361336118,4.860785961151123,195400,0.0,0.0
1990-03-26 00:00:00-05:00,4.860787847966098,4.883934456765937,4.83764123916626,4.83764123916626,953500,0.0,0.0
1990-03-27 00:00:00-05:00,4.860786939684249,4.907080148633622,4.675614103886754,4.8839335441589355,149000,0.0,0.0
1990-03-28 00:00:00-05:00,4.837640335209562,4.907080148633622,4.837640335209562,4.8839335441589355,135100,0.0,0.0
1990-03-29 00:00:00-05:00,4.860787847966098,4.860787847966098,4.814494630366421,4.83764123916626,91800,0.0,0.0
1990-03-30 00:00:00-05:00,4.837639781144949,4.860786382968609,4.768199975673968,4.814493179321289,285000,0.0,0.0
1990-04-02 00:00:00-04:00,4.814494630366421,4.83764123916626,4.814494630366421,4.83764123916626,136100,0.0,0.0
1990-04-03 00:00:00-04:00,4.8376412998955205,4.907081127166748,4.814494690805112,4.907081127166748,198300,0.0,0.0
1990-04-04 00:00:00-04:00,4.883932560966128,4.907079160781134,4.837639361336118,4.860785961151123,104500,0.0,0.0
1990-04-05 00:00:00-04:00,4.90707907008664,4.90707907008664,4.791346073150635,4.791346073150635,222800,0.0,0.0
1990-04-06 00:00:00-04:00,4.83764123916626,4.860787847966098,4.7913480215665825,4.83764123916626,132500,0.0,0.0
1990-04-09 00:00:00-04:00,4.83764123916626,4.860787847966098,4.7913480215665825,4.83764123916626,134100,0.0,0.0
1990-04-10 00:00:00-04:00,4.814493179321289,4.860786382968609,4.791346577497629,4.814493179321289,60800,0.0,0.0
1990-04-11 00:00:00-04:00,4.837637790198465,4.860784382496065,4.768198013305664,4.768198013305664,114500,0.0,0.0
1990-04-12 00:00:00-04:00,4.791344605603264,4.814491197900864,4.768198013305664,4.768198013305664,84300,0.0,0.0
1990-04-16 00:00:00-04:00,4.791346577497629,4.860786382968609,4.768199975673968,4.814493179321289,285600,0.0,0.0
1990-04-17 00:00:00-04:00,4.768198013305664,4.791344605603264,4.768198013305664,4.768198013305664,163900,0.0,0.0
1990-04-18 00:00:00-04:00,4.7682012877440805,4.791347895937013,4.652468246779418,4.698761463165283,633400,0.0,0.0
1990-04-19 00:00:00-04:00,4.652465307712555,4.698758494853974,4.606172120571137,4.629318714141846,430500,0.0,0.0
1990-04-20 00:00:00-04:00,4.606172493871699,4.62931908931829,4.513586112085333,4.559879302978516,440500,0.0,0.0
1990-04-23 00:00:00-04:00,4.536731117129944,4.536731117129944,4.420998180468466,4.467291355133057,470500,0.0,0.0
1990-04-24 00:00:00-04:00,4.490443706512451,4.51359032355633,4.467297089468572,4.490443706512451,322200,0.0,0.0
1990-04-25 00:00:00-04:00,4.490443706512451,4.559883557644087,4.467297089468572,4.490443706512451,266700,0.0,0.0
1990-04-26 00:00:00-04:00,4.490441754460335,4.513588361442089,4.421001933515072,4.444148540496826,174100,0.0,0.0
1990-04-27 00:00:00-04:00,4.444148540496826,4.4672951474785805,4.397855326533318,4.444148540496826,225200,0.0,0.0
1990-04-30 00:00:00-04:00,4.420999971188997,4.444146567896793,4.374706777773405,4.397853374481201,287200,0.0,0.0
1990-05-01 00:00:00-04:00,4.444145642025933,4.444145642025933,4.374705866369277,4.420999050140381,758100,0.0,0.0
1990-05-02 00:00:00-04:00,4.421001933515072,4.4672951474785805,4.421001933515072,4.444148540496826,184900,0.0,0.0
1990-05-03 00:00:00-04:00,4.4672951474785805,4.490441754460335,4.421001933515072,4.444148540496826,144700,0.0,0.0
1990-05-04 00:00:00-04:00,4.467295685792581,4.536735515105419,4.467295685792581,4.513588905334473,256800,0.0,0.0
1990-05-07 00:00:00-04:00,4.536734157138401,4.583027362823486,4.5135875542958575,4.583027362823486,437300,0.0,0.0
1990-05-08 00:00:00-04:00,4.583029319990927,4.652469158172607,4.513589481809246,4.652469158172607,948100,0.0,0.0
1990-05-09 00:00:00-04:00,4.629321638586486,4.698761463165283,4.629321638586486,4.698761463165283,876400,0.0,0.0
1990-05-10 00:00:00-04:00,4.71384393509908,4.76098237445007,4.690274715423584,4.690274715423584,487600,0.455,0.0
1990-05-11 00:00:00-04:00,4.784551397184046,4.855259053300067,4.760982178478706,4.831689834594727,614800,0.0,0.0
1990-05-14 00:00:00-04:00,4.808122158050537,4.878829836845398,4.808122158050537,4.808122158050537,253100,0.0,0.0
1990-05-15 00:00:00-04:00,4.831689834594727,4.831689834594727,4.784551397184046,4.831689834594727,302700,0.0,0.0
1990-05-16 00:00:00-04:00,4.808122158050537,4.831691384315491,4.7845529317855835,4.808122158050537,140000,0.0,0.0
1990-05-17 00:00:00-04:00,4.8081222778470645,4.855260731551447,4.760983824142682,4.784553050994873,205700,0.0,0.0
1990-05-18 00:00:00-04:00,4.784548858604809,4.784548858604809,4.713841240004737,4.760979652404785,278200,0.0,0.0
1990-05-21 00:00:00-04:00,4.69027412891388,4.7374125623703005,4.666704912185669,4.71384334564209,470000,0.0,0.0
1990-05-22 00:00:00-04:00,4.784552687346333,4.784552687346333,4.643137336981417,4.666706562042236,356900,0.0,0.0
1990-05-23 00:00:00-04:00,4.690275661761944,4.690275661761944,4.595998764038086,4.595998764038086,457800,0.0,0.0
1990-05-24 00:00:00-04:00,4.619565321373816,4.619565321373816,4.525288478080473,4.548857688903809,791900,0.0,0.0
1990-05-25 00:00:00-04:00,4.548860315176157,4.595998764038086,4.525291090745192,4.595998764038086,173000,0.0,0.0
1990-05-29 00:00:00-04:00,4.5959961716898805,4.643134593963623,4.57242696055301,4.643134593963623,180900,0.0,0.0
1990-05-30 00:00:00-04:00,4.69027590120911,4.69027590120911,4.383875967964293,4.454583644866943,1078100,0.0,0.0
1990-05-31 00:00:00-04:00,4.454583402623467,4.478152626975972,4.383875729565952,4.407444953918457,694700,0.0,0.0
1990-06-01 00:00:00-04:00,4.454582325955655,4.478151544611505,4.407443888643955,4.431013107299805,650500,0.0,0.0
1990-06-04 00:00:00-04:00,4.431011634787129,4.548857688903809,4.431011634787129,4.548857688903809,283400,0.0,0.0
1990-06-05 00:00:00-04:00,4.595999840608577,4.619569070560416,4.5488613807049,4.572430610656738,388800,0.0,0.0
1990-06-06 00:00:00-04:00,4.572428931792578,4.572428931792578,4.478152046600978,4.525290489196777,355200,0.0,0.0
1990-06-07 00:00:00-04:00,4.5488598259331665,4.572429047829194,4.45458293834906,4.501721382141113,277100,0.0,0.0
1990-06-08 00:00:00-04:00,4.478152160245086,4.52529060403714,4.45458293834906,4.501721382141113,206100,0.0,0.0
1990-06-11 00:00:00-04:00,4.525292150753061,4.595999840608577,4.501722920801222,4.572430610656738,440300,0.0,0.0
1990-06-12 00:00:00-04:00,4.572429539607121,4.643137212900014,4.572429539607121,4.595998764038086,442300,0.0,0.0
1990-06-13 00:00:00-04:00,4.619569070560416,4.6431383005122555,4.572430610656738,4.572430610656738,242000,0.0,0.0
1990-06-14 00:00:00-04:00,4.619567988469051,4.619567988469051,4.525291090745192,4.595998764038086,200100,0.0,0.0
1990-06-15 00:00:00-04:00,4.643138053465862,4.643138053465862,4.5959995960702695,4.619568824768066,517100,0.0,0.0
1990-06-18 00:00:00-04:00,4.6431383005122555,4.6431383005122555,4.572430610656738,4.572430610656738,214400,0.0,0.0
1990-06-19 00:00:00-04:00,4.548857688903809,4.5724268997271444,4.548857688903809,4.548857688903809,134500,0.0,0.0
1990-06-20 00:00:00-04:00,4.548858489488301,4.572427704459742,4.478150844573975,4.478150844573975,190900,0.0,0.0
1990-06-21 00:00:00-04:00,4.45458293834906,4.52529060403714,4.45458293834906,4.501721382141113,1075000,0.0,0.0
1990-06-22 00:00:00-04:00,4.501720763267355,4.548859200579055,4.431013107299805,4.431013107299805,389200,0.0,0.0
1990-06-25 00:00:00-04:00,4.454583402623467,4.454583402623467,4.383875729565952,4.407444953918457,231900,0.0,0.0
1990-06-26 00:00:00-04:00,4.454582552756032,4.501720992467736,4.383874893188477,4.383874893188477,274500,0.0,0.0
1990-06-27 00:00:00-04:00,4.407443888643955,4.454582325955655,4.383874669988105,4.431013107299805,235200,0.0,0.0
1990-06-28 00:00:00-04:00,4.454581629602532,4.478150844573975,4.407443199659649,4.478150844573975,178300,0.0,0.0
1990-06-29 00:00:00-04:00,4.478151544611505,4.478151544611505,4.407443888643955,4.431013107299805,301400,0.0,0.0
1990-07-02 00:00:00-04:00,4.431014419232726,4.454583644866943,4.40744519359851,4.454583644866943,739400,0.0,0.0
1990-07-03 00:00:00-04:00,4.454582325955655,4.454582325955655,4.383874669988105,4.431013107299805,374200,0.0,0.0
1990-07-05 00:00:00-04:00,4.43101333290018,4.43101333290018,4.336736453476773,4.383874893188477,546700,0.0,0.0
1990-07-06 00:00:00-04:00,4.336737280860942,4.407444953918457,4.336737280860942,4.407444953918457,153100,0.0,0.0
1990-07-09 00:00:00-04:00,4.407444953918457,4.407444953918457,4.336737280860942,4.407444953918457,330000,0.0,0.0
1990-07-10 00:00:00-04:00,4.383877883086334,4.431016354947477,4.360308647155762,4.360308647155762,278500,0.0,0.0
1990-07-11 00:00:00-04:00,4.383874893188477,4.4074441130443285,4.360305673332625,4.383874893188477,226800,0.0,0.0
1990-07-12 00:00:00-04:00,4.360306742330076,4.454583644866943,4.360306742330076,4.454583644866943,417300,0.0,0.0
1990-07-13 00:00:00-04:00,4.478152160245086,4.501721382141113,4.431013716453033,4.501721382141113,284100,0.0,0.0
1990-07-16 00:00:00-04:00,4.501722096135376,4.501722096135376,4.40744519359851,4.454583644866943,292100,0.0,0.0
1990-07-17 00:00:00-04:00,4.431013107299805,4.454582325955655,4.383874669988105,4.431013107299805,127600,0.0,0.0
1990-07-18 00:00:00-04:00,4.36030590015909,4.38387512124103,4.313167457995208,4.336736679077148,289400,0.0,0.0
1990-07-19 00:00:00-04:00,4.31316723362092,4.4074441130443285,4.31316723362092,4.383874893188477,289500,0.0,0.0
1990-07-20 00:00:00-04:00,4.383874893188477,4.43101333290018,4.360305673332625,4.383874893188477,445600,0.0,0.0
1990-07-23 00:00:00-04:00,4.36030590015909,4.36030590015909,4.289598236913267,4.336736679077148,232600,0.0,0.0
1990-07-24 00:00:00-04:00,4.336736679077148,4.336736679077148,4.242459794749385,4.336736679077148,474700,0.0,0.0
1990-07-25 00:00:00-04:00,4.336736453476773,4.383874893188477,4.31316723362092,4.383874893188477,318900,0.0,0.0
1990-07-26 00:00:00-04:00,4.336736314283694,4.360305533383062,4.289597876084958,4.313167095184326,159400,0.0,0.0
1990-07-27 00:00:00-04:00,4.313167457995208,4.336736679077148,4.289598236913267,4.336736679077148,313400,0.0,0.0
1990-07-30 00:00:00-04:00,4.313167497515678,4.525290489196777,4.313167497515678,4.525290489196777,530500,0.0,0.0
1990-07-31 00:00:00-04:00,4.572428045272828,4.71384334564209,4.548858828544617,4.71384334564209,894300,0.0,0.0
1990-08-01 00:00:00-04:00,4.71384393509908,4.76098237445007,4.643136276072593,4.690274715423584,515500,0.0,0.0
1990-08-02 00:00:00-04:00,4.572429539607121,4.619567988469051,4.572429539607121,4.595998764038086,337800,0.0,0.0
1990-08-03 00:00:00-04:00,4.548858489488301,4.548858489488301,4.407443199659649,4.478150844573975,315800,0.0,0.0
1990-08-06 00:00:00-04:00,4.336736679077148,4.407444342322972,4.313167457995208,4.336736679077148,279600,0.0,0.0
1990-08-07 00:00:00-04:00,4.407444953918457,4.454583402623467,4.360306505213447,4.407444953918457,404200,0.0,0.0
1990-08-08 00:00:00-04:00,4.383874893188477,4.478151772611884,4.360305673332625,4.383874893188477,924900,0.0,0.0
1990-08-09 00:00:00-04:00,4.351180699353661,4.42329971647002,4.351180699353661,4.3992600440979,239900,0.455,0.0
1990-08-10 00:00:00-04:00,4.399260860780326,4.423300537615191,4.32714183027573,4.351181507110596,629700,0.0,0.0
1990-08-13 00:00:00-04:00,4.351180958747864,4.3752206325531,4.255022263526916,4.327141284942627,663000,0.0,0.0
1990-08-14 00:00:00-04:00,4.351180958747864,4.3752206325531,4.279061937332153,4.327141284942627,191400,0.0,0.0
1990-08-15 00:00:00-04:00,4.3752211839454604,4.3752211839454604,4.351181507110596,4.351181507110596,143200,0.0,0.0
1990-08-16 00:00:00-04:00,4.327141551648157,4.351181226935091,4.2309828505004194,4.2550225257873535,553000,0.0,0.0
1990-08-17 00:00:00-04:00,4.230984687805176,4.2550243735313416,4.1588656306266785,4.230984687805176,215900,0.0,0.0
1990-08-20 00:00:00-04:00,4.230981516283612,4.230981516283612,4.110783177752828,4.134822845458984,314200,0.0,0.0
1990-08-21 00:00:00-04:00,4.134823992138817,4.134823992138817,3.9425065971556164,4.038665294647217,393000,0.0,0.0
1990-08-22 00:00:00-04:00,4.086744571160414,4.086744571160414,3.966546201420401,4.014625549316406,705300,0.0,0.0
1990-08-23 00:00:00-04:00,3.8944275379180913,3.9425068902380676,3.7982688332781382,3.894427537918091,1008200,0.0,0.0
1990-08-24 00:00:00-04:00,3.9665473604494808,3.990587041421902,3.8944283175322174,3.9184679985046387,358700,0.0,0.0
1990-08-27 00:00:00-04:00,3.9905867576599126,4.086745474711958,3.9905867576599126,3.990586757659912,468800,0.0,0.0
1990-08-28 00:00:00-04:00,4.014626436922923,4.062705795448947,3.9905867576599126,3.990586757659912,199900,0.0,0.0
1990-08-29 00:00:00-04:00,4.0146245069282,4.134822845458984,3.990584839222043,4.134822845458984,248900,0.0,0.0
1990-08-30 00:00:00-04:00,4.134823992138817,4.134823992138817,4.038665294647217,4.038665294647217,213100,0.0,0.0
1990-08-31 00:00:00-04:00,4.03866432453024,4.1829023361206055,4.014624655931846,4.1829023361206055,263900,0.0,0.0
1990-09-04 00:00:00-04:00,4.134824011666434,4.230982709612165,4.134824011666434,4.206943035125732,337600,0.0,0.0
1990-09-05 00:00:00-04:00,4.182905490171976,4.303103923797607,4.182905490171976,4.303103923797607,342000,0.0,0.0
1990-09-06 00:00:00-04:00,4.255022384098598,4.279062058585031,4.158863686152867,4.206943035125732,242900,0.0,0.0
1990-09-07 00:00:00-04:00,4.182903360639299,4.255022384098598,4.182903360639299,4.206943035125732,179400,0.0,0.0
1990-09-10 00:00:00-04:00,4.2309835356784005,4.255023214858391,4.110785139778446,4.158864498138428,196400,0.0,0.0
1990-09-11 00:00:00-04:00,4.1829023361206055,4.206942004719,4.158862667522212,4.1829023361206055,126000,0.0,0.0
1990-09-12 00:00:00-04:00,4.182904177318418,4.182904177318418,4.134824818958437,4.158864498138428,507100,0.0,0.0
1990-09-13 00:00:00-04:00,4.182902180871299,4.182902180871299,4.062703842340514,4.134822845458984,299500,0.0,0.0
1990-09-14 00:00:00-04:00,4.182904042695698,4.182904042695698,4.08674532907051,4.110785007476807,237700,0.0,0.0
1990-09-17 00:00:00-04:00,4.08674532907051,4.134824685883104,4.08674532907051,4.110785007476807,275600,0.0,0.0
1990-09-18 00:00:00-04:00,4.134824685883104,4.134824685883104,4.0627056506642125,4.110785007476807,405400,0.0,0.0
1990-09-19 00:00:00-04:00,4.110785007476807,4.134824685883104,4.08674532907051,4.110785007476807,429000,0.0,0.0
1990-09-20 00:00:00-04:00,4.110782942122961,4.110782942122961,4.038663943138348,4.062703609466553,147300,0.0,0.0
1990-09-21 00:00:00-04:00,4.086744785308838,4.110784460516537,4.038665434893439,4.086744785308838,324000,0.0,0.0
1990-09-24 00:00:00-04:00,4.086745474711958,4.086745474711958,3.9425073991338895,3.990586757659912,165400,0.0,0.0
1990-09-25 00:00:00-04:00,4.014624276810144,4.086743275794757,3.9905846104819394,4.062703609466553,286600,0.0,0.0
1990-09-26 00:00:00-04:00,4.062704897212411,4.062704897212411,3.9905858753684034,4.014625549316406,136400,0.0,0.0
1990-09-27 00:00:00-04:00,4.038666116185936,4.086745474711958,3.9425073991338895,3.990586757659912,297100,0.0,0.0
1990-09-28 00:00:00-04:00,3.9665462715285167,4.038665294647217,3.9425065971556164,4.038665294647217,252500,0.0,0.0
1990-10-01 00:00:00-04:00,4.086743510046671,4.134822845458984,4.062703842340514,4.134822845458984,318900,0.0,0.0
1990-10-02 00:00:00-04:00,4.182902180871299,4.206941848577455,4.134822845458984,4.134822845458984,260500,0.0,0.0
1990-10-03 00:00:00-04:00,4.1348241357242355,4.182903486139634,4.086744785308838,4.086744785308838,191100,0.0,0.0
1990-10-04 00:00:00-04:00,4.086743661727029,4.1829023361206055,4.086743661727029,4.1829023361206055,496500,0.0,0.0
1990-10-05 00:00:00-04:00,4.110783330325423,4.230981673317395,4.03866432453024,4.1829023361206055,163100,0.0,0.0
1990-10-08 00:00:00-04:00,4.230984687805176,4.2550243735313416,4.182905316352844,4.230984687805176,120500,0.0,0.0
1990-10-09 00:00:00-04:00,4.206943721101995,4.230983399508292,4.110785007476807,4.110785007476807,175000,0.0,0.0
1990-10-10 00:00:00-04:00,4.134824685883104,4.182904042695698,4.110785007476807,4.110785007476807,452200,0.0,0.0
1990-10-11 00:00:00-04:00,4.134824685883104,4.158864364289401,4.110785007476807,4.110785007476807,166500,0.0,0.0
1990-10-12 00:00:00-04:00,4.1588656306266785,4.230984687805176,4.110786259174347,4.230984687805176,881100,0.0,0.0
1990-10-15 00:00:00-04:00,4.230982709612165,4.255022384098598,4.158863686152867,4.206943035125732,274700,0.0,0.0
1990-10-16 00:00:00-04:00,4.2309828505004194,4.279062201074288,4.206943175213485,4.2550225257873535,294400,0.0,0.0
1990-10-17 00:00:00-04:00,4.255022799771135,4.399260860780326,4.23098312293627,4.351181507110596,644800,0.0,0.0
1990-10-18 00:00:00-04:00,4.375220775604248,4.471379473969177,4.351181101013016,4.375220775604248,379900,0.0,0.0
1990-10-19 00:00:00-04:00,4.42329971647002,4.447339388842139,4.303101354609422,4.3992600440979,292600,0.0,0.0
1990-10-22 00:00:00-04:00,4.39926086334472,4.519459247589111,4.375221186495842,4.519459247589111,386600,0.0,0.0
1990-10-23 00:00:00-04:00,4.4954170360360095,4.51945669933032,4.423298046153079,4.471377372741699,255800,0.0,0.0
1990-10-24 00:00:00-04:00,4.44733898276868,4.471378652945808,4.423299312591553,4.423299312591553,197200,0.0,0.0
1990-10-25 00:00:00-04:00,4.447339653968811,4.471379327774048,4.327141284942627,4.327141284942627,133300,0.0,0.0
1990-10-26 00:00:00-04:00,4.351180958747864,4.3752206325531,4.327141284942627,4.327141284942627,157700,0.0,0.0
1990-10-29 00:00:00-05:00,4.327141140284163,4.423299832290478,4.279061794281006,4.279061794281006,169500,0.0,0.0
1990-10-30 00:00:00-05:00,4.303101354609422,4.42329971647002,4.303101354609422,4.3992600440979,107200,0.0,0.0
1990-10-31 00:00:00-05:00,4.4232995344355786,4.495418548583984,4.399259863052777,4.495418548583984,167300,0.0,0.0
1990-11-01 00:00:00-05:00,4.447338957535593,4.567537307739258,4.42329928749486,4.567537307739258,332200,0.0,0.0
1990-11-02 00:00:00-05:00,4.543500602245331,4.615619659423828,4.4713815450668335,4.615619659423828,584000,0.0,0.0
1990-11-05 00:00:00-05:00,4.615619659423828,4.639659345149994,4.567540287971497,4.615619659423828,230300,0.0,0.0
1990-11-06 00:00:00-05:00,4.591579973697662,4.639659345149994,4.543500602245331,4.615619659423828,717200,0.0,0.0
1990-11-07 00:00:00-05:00,4.606795692443847,4.606795692443847,4.410761833190918,4.410761833190918,708400,0.455,0.0
1990-11-08 00:00:00-05:00,4.361751445749188,4.484272553775851,4.2392303377225256,4.4352641105651855,821900,0.0,0.0
1990-11-09 00:00:00-05:00,4.5087799484665325,4.557788426167256,4.459771470765809,4.5332841873168945,249400,0.0,0.0
1990-11-12 00:00:00-05:00,4.557785906690232,4.6312985826045905,4.5332816813854455,4.606794357299805,296500,0.0,0.0
1990-11-13 00:00:00-05:00,4.582293689250946,4.606797933578491,4.5087809562683105,4.5087809562683105,481400,0.0,0.0
1990-11-14 00:00:00-05:00,4.5087809562683105,4.533285200595856,4.484276711940765,4.5087809562683105,285200,0.0,0.0
1990-11-15 00:00:00-05:00,4.45977029800415,4.484274530410766,4.410761833190918,4.410761833190918,261800,0.0,0.0
1990-11-16 00:00:00-05:00,4.45977029800415,4.484274530410766,4.410761833190918,4.410761833190918,256700,0.0,0.0
1990-11-19 00:00:00-05:00,4.484274387359619,4.484274387359619,4.435265924109787,4.484274387359619,390000,0.0,0.0
1990-11-20 00:00:00-05:00,4.484274530410766,4.484274530410766,4.410761833190918,4.410761833190918,167900,0.0,0.0
1990-11-21 00:00:00-05:00,4.435267231915448,4.5332841873168945,4.410762993065086,4.5332841873168945,214800,0.0,0.0
1990-11-23 00:00:00-05:00,4.508778618984535,4.533282850609451,4.484274387359619,4.484274387359619,142700,0.0,0.0
1990-11-26 00:00:00-05:00,4.435268223285675,4.5087809562683105,4.41076397895813,4.5087809562683105,195900,0.0,0.0
1990-11-27 00:00:00-05:00,4.533285200595856,4.533285200595856,4.484276711940765,4.5087809562683105,126200,0.0,0.0
1990-11-28 00:00:00-05:00,4.459768332170518,4.484272553775851,4.361751445749188,4.4352641105651855,271800,0.0,0.0
1990-11-29 00:00:00-05:00,4.38625961475158,4.43526810206724,4.31274688377809,4.36175537109375,228100,0.0,0.0
1990-11-30 00:00:00-05:00,4.3617554903030396,4.5087809562683105,4.337251245975494,4.5087809562683105,450600,0.0,0.0
1990-12-03 00:00:00-05:00,4.508779148479085,4.508779148479085,4.4352664449712735,4.459770679473877,159800,0.0,0.0
1990-12-04 00:00:00-05:00,4.435268223285675,4.5087809562683105,4.435268223285675,4.5087809562683105,391200,0.0,0.0
1990-12-05 00:00:00-05:00,4.508779148479085,4.533283382981688,4.410762210468669,4.459770679473877,179700,0.0,0.0
1990-12-06 00:00:00-05:00,4.48427491397648,4.533283382981688,4.459770679473877,4.459770679473877,505400,0.0,0.0
1990-12-07 00:00:00-05:00,4.484274387359619,4.508778618984535,4.459770155734703,4.484274387359619,328800,0.0,0.0
1990-12-10 00:00:00-05:00,4.484275709616171,4.5332841873168945,4.459771470765809,4.5332841873168945,463000,0.0,0.0
1990-12-11 00:00:00-05:00,4.533284133480441,4.557788372039795,4.508779894921087,4.557788372039795,341100,0.0,0.0
1990-12-12 00:00:00-05:00,4.557785906690232,4.606794357299805,4.5332816813854455,4.606794357299805,383100,0.0,0.0
1990-12-13 00:00:00-05:00,4.606796849158502,4.631301087717856,4.557788372039795,4.557788372039795,301100,0.0,0.0
1990-12-14 00:00:00-05:00,4.582292610599148,4.582292610599148,4.508779894921087,4.557788372039795,191400,0.0,0.0
1990-12-17 00:00:00-05:00,4.606794877485796,4.606794877485796,4.533282193270597,4.5822906494140625,272300,0.0,0.0
1990-12-18 00:00:00-05:00,4.5822923470542065,4.680309295654297,4.557788109904184,4.680309295654297,183300,0.0,0.0
1990-12-19 00:00:00-05:00,4.68030699220284,4.68030699220284,4.606794316932637,4.631298542022705,669800,0.0,0.0
1990-12-20 00:00:00-05:00,4.606794316932637,4.631298542022705,4.5577858667525035,4.631298542022705,493000,0.0,0.0
1990-12-21 00:00:00-05:00,4.631300821354252,4.7048135328043195,4.606796584204229,4.680309295654297,541800,0.0,0.0
1990-12-24 00:00:00-05:00,4.680309295654297,4.680309295654297,4.631300821354252,4.680309295654297,71000,0.0,0.0
1990-12-26 00:00:00-05:00,4.704813480377197,4.729317717254162,4.680309243500233,4.704813480377197,204600,0.0,0.0
1990-12-27 00:00:00-05:00,4.70481125851895,4.70481125851895,4.606794357299805,4.606794357299805,200800,0.0,0.0
1990-12-28 00:00:00-05:00,4.606794357299805,4.655802807909377,4.557785906690232,4.606794357299805,193400,0.0,0.0
1990-12-31 00:00:00-05:00,4.655802767112772,4.655802767112772,4.606794316932637,4.631298542022705,182600,0.0,0.0
1991-01-02 00:00:00-05:00,4.6312985826045905,4.680307033214163,4.582290131995018,4.606794357299805,261500,0.0,0.0
1991-01-03 00:00:00-05:00,4.6312985826045905,4.680307033214163,4.606794357299805,4.606794357299805,183400,0.0,0.0
1991-01-04 00:00:00-05:00,4.606794357299805,4.655802807909377,4.582290131995018,4.606794357299805,354000,0.0,0.0
1991-01-07 00:00:00-05:00,4.582293689250946,4.606797933578491,4.5087809562683105,4.5087809562683105,167100,0.0,0.0
1991-01-08 00:00:00-05:00,4.557785906690232,4.6312985826045905,4.557785906690232,4.606794357299805,277700,0.0,0.0
1991-01-09 00:00:00-05:00,4.631301142718341,4.655805381568702,4.5087799484665325,4.5332841873168945,474100,0.0,0.0
1991-01-10 00:00:00-05:00,4.557788372039795,4.582292610599148,4.533284133480441,4.557788372039795,222100,0.0,0.0
1991-01-11 00:00:00-05:00,4.557787082234367,4.582291313859283,4.435265924109787,4.484274387359619,533200,0.0,0.0
1991-01-14 00:00:00-05:00,4.459770679473877,4.48427491397648,4.410762210468669,4.459770679473877,142900,0.0,0.0
1991-01-15 00:00:00-05:00,4.459770155734703,4.484274387359619,4.410761692484871,4.484274387359619,220800,0.0,0.0
1991-01-16 00:00:00-05:00,4.459770155734703,4.533282850609451,4.459770155734703,4.484274387359619,120300,0.0,0.0
1991-01-17 00:00:00-05:00,4.6312985826045905,4.6312985826045905,4.582290131995018,4.606794357299805,270100,0.0,0.0
1991-01-18 00:00:00-05:00,4.606796584204229,4.680309295654297,4.5822923470542065,4.680309295654297,393200,0.0,0.0
1991-01-21 00:00:00-05:00,4.631300821354252,4.7048135328043195,4.631300821354252,4.680309295654297,161800,0.0,0.0
1991-01-22 00:00:00-05:00,4.655803333629262,4.680307561700994,4.5822906494140625,4.5822906494140625,431500,0.0,0.0
1991-01-23 00:00:00-05:00,4.606794357299805,4.6312985826045905,4.582290131995018,4.606794357299805,267000,0.0,0.0
1991-01-24 00:00:00-05:00,4.606794316932637,4.631298542022705,4.606794316932637,4.631298542022705,298000,0.0,0.0
1991-01-25 00:00:00-05:00,4.631298542022705,4.655802767112772,4.5577858667525035,4.631298542022705,253200,0.0,0.0
1991-01-28 00:00:00-05:00,4.606794877485796,4.631299105557528,4.5822906494140625,4.5822906494140625,97300,0.0,0.0
1991-01-29 00:00:00-05:00,4.606794357299805,4.6312985826045905,4.557785906690232,4.606794357299805,330600,0.0,0.0
1991-01-30 00:00:00-05:00,4.606794877485796,4.631299105557528,4.508777965198864,4.5822906494140625,278600,0.0,0.0
1991-01-31 00:00:00-05:00,4.5332816813854455,4.606794357299805,4.5332816813854455,4.606794357299805,383900,0.0,0.0
1991-02-01 00:00:00-05:00,4.58229009184257,4.655802767112772,4.5577858667525035,4.631298542022705,799500,0.0,0.0
1991-02-04 00:00:00-05:00,4.631298542022705,4.68030699220284,4.631298542022705,4.631298542022705,284800,0.0,0.0
1991-02-05 00:00:00-05:00,4.68030699220284,4.68030699220284,4.606794316932637,4.631298542022705,359600,0.0,0.0
1991-02-06 00:00:00-05:00,4.631299105557528,4.631299105557528,4.55778642134233,4.5822906494140625,1395900,0.0,0.0
1991-02-07 00:00:00-05:00,4.6252921940808625,4.72529851179072,4.6252921940808625,4.675295352935791,1614300,0.465,0.0
1991-02-08 00:00:00-05:00,4.750303198529788,4.775304794311523,4.700300006966317,4.775304794311523,1465400,0.0,0.0
1991-02-11 00:00:00-05:00,4.80030684037642,4.950316429138184,4.80030684037642,4.950316429138184,530400,0.0,0.0
1991-02-12 00:00:00-05:00,4.950315680870643,4.975317275218474,4.8503093034793165,4.875310897827148,302400,0.0,0.0
1991-02-13 00:00:00-05:00,4.900314006608786,4.900314006608786,4.775305996236113,4.850310802459717,450900,0.0,0.0
1991-02-14 00:00:00-05:00,4.80030639009326,4.850309581656731,4.775304794311523,4.775304794311523,296900,0.0,0.0
1991-02-15 00:00:00-05:00,4.80030639009326,4.80030639009326,4.725301602748052,4.775304794311523,460300,0.0,0.0
1991-02-19 00:00:00-05:00,4.750303530322455,4.850309920434507,4.750303530322455,4.825308322906494,352400,0.0,0.0
1991-02-20 00:00:00-05:00,4.8003058433532715,4.875310622155666,4.77530425041914,4.8003058433532715,332000,0.0,0.0
1991-02-21 00:00:00-05:00,4.775305996236113,4.8753124045342515,4.775305996236113,4.850310802459717,488200,0.0,0.0
1991-02-22 00:00:00-05:00,4.825307985874995,4.925314369001938,4.775304794311523,4.775304794311523,379400,0.0,0.0
1991-02-25 00:00:00-05:00,4.850309920434507,4.87531151796252,4.750303530322455,4.825308322906494,326700,0.0,0.0
1991-02-26 00:00:00-05:00,4.775301562415229,4.800303141276041,4.7252984046936035,4.7252984046936035,201300,0.0,0.0
1991-02-27 00:00:00-05:00,4.750303198529788,4.80030639009326,4.700300006966317,4.775304794311523,195500,0.0,0.0
1991-02-28 00:00:00-05:00,4.8003058433532715,4.825307436287403,4.750302657485008,4.8003058433532715,162000,0.0,0.0
1991-03-01 00:00:00-05:00,4.825309200385182,4.850310802459717,4.775305996236113,4.850310802459717,377700,0.0,0.0
1991-03-04 00:00:00-05:00,4.87531151796252,4.900313115490532,4.800306725378481,4.825308322906494,230400,0.0,0.0
1991-03-05 00:00:00-05:00,4.825309200385182,4.8753124045342515,4.800307598310647,4.850310802459717,222900,0.0,0.0
1991-03-06 00:00:00-05:00,4.8753111774384665,4.900312773220202,4.725301602748052,4.775304794311523,288000,0.0,0.0
1991-03-07 00:00:00-05:00,4.750303198529788,4.775304794311523,4.675298411184581,4.775304794311523,575700,0.0,0.0
1991-03-08 00:00:00-05:00,4.775301562415229,4.800303141276041,4.675295246971978,4.7252984046936035,770900,0.0,0.0
1991-03-11 00:00:00-05:00,4.750303198529788,4.775304794311523,4.725301602748052,4.775304794311523,402100,0.0,0.0
1991-03-12 00:00:00-05:00,4.80030639009326,4.825307985874995,4.775304794311523,4.775304794311523,478000,0.0,0.0
1991-03-13 00:00:00-05:00,4.8003058433532715,4.8003058433532715,4.77530425041914,4.8003058433532715,241300,0.0,0.0
1991-03-14 00:00:00-05:00,4.800306725378481,4.850309920434507,4.775305127850468,4.825308322906494,230600,0.0,0.0
1991-03-15 00:00:00-05:00,4.8503093034793165,4.875310897827148,4.800306114783654,4.875310897827148,680800,0.0,0.0
1991-03-18 00:00:00-05:00,4.900312830348911,4.925314426422119,4.875311234275702,4.925314426422119,295000,0.0,0.0
1991-03-19 00:00:00-05:00,4.90031099319458,4.925312579894553,4.875309406494607,4.90031099319458,533000,0.0,0.0
1991-03-20 00:00:00-05:00,4.900312830348911,4.950316022495328,4.875311234275702,4.925314426422119,255400,0.0,0.0
1991-03-21 00:00:00-05:00,4.925314831011223,4.975318027265144,4.925314831011223,4.950316429138184,229400,0.0,0.0
1991-03-22 00:00:00-05:00,4.95031715506938,5.0503235622424985,4.95031715506938,5.025321960449219,231900,0.0,0.0
1991-03-25 00:00:00-05:00,5.0503252253812905,5.10032844543457,5.02532361535465,5.10032844543457,241300,0.0,0.0
1991-03-26 00:00:00-05:00,5.050320384571853,5.150326728820801,5.050320384571853,5.150326728820801,632100,0.0,0.0
1991-03-27 00:00:00-05:00,5.150328705950481,5.175330301610435,5.1003255146305735,5.125327110290527,341000,0.0,0.0
1991-03-28 00:00:00-05:00,5.125325142758563,5.175328314883037,5.100323556696327,5.150326728820801,234100,0.0,0.0
1991-04-01 00:00:00-05:00,5.125330055461211,5.150331665487851,5.10032844543457,5.10032844543457,392800,0.0,0.0
1991-04-02 00:00:00-05:00,5.125330055461211,5.125330055461211,5.075326835407931,5.10032844543457,269800,0.0,0.0
1991-04-03 00:00:00-05:00,5.125327110290527,5.150328705950481,5.1003255146305735,5.125327110290527,245600,0.0,0.0
1991-04-04 00:00:00-05:00,5.100323556696327,5.150326728820801,5.07532197063409,5.150326728820801,252500,0.0,0.0
1991-04-05 00:00:00-05:00,5.125330055461211,5.150331665487851,5.10032844543457,5.10032844543457,372400,0.0,0.0
1991-04-08 00:00:00-04:00,5.10032844543457,5.125330055461211,5.075326835407931,5.10032844543457,188000,0.0,0.0
1991-04-09 00:00:00-04:00,5.075322337150573,5.1253255128860475,5.000317573547363,5.000317573547363,304200,0.0,0.0
1991-04-10 00:00:00-04:00,5.025321960449219,5.0503235622424985,5.000320358655939,5.025321960449219,282900,0.0,0.0
1991-04-11 00:00:00-04:00,5.050322323310666,5.150328705950481,5.050322323310666,5.125327110290527,141000,0.0,0.0
1991-04-12 00:00:00-04:00,5.175330301610435,5.175330301610435,5.07532391897062,5.125327110290527,166800,0.0,0.0
1991-04-15 00:00:00-04:00,5.100323556696327,5.150326728820801,5.100323556696327,5.150326728820801,187600,0.0,0.0
1991-04-16 00:00:00-04:00,5.1253260276167865,5.175329208374023,5.100324437238168,5.175329208374023,362900,0.0,0.0
1991-04-17 00:00:00-04:00,5.1753299576895575,5.1753299576895575,5.0003187997000555,5.075323581695557,371800,0.0,0.0
1991-04-18 00:00:00-04:00,5.025321960449219,5.075325164035778,5.000320358655939,5.025321960449219,416600,0.0,0.0
1991-04-19 00:00:00-04:00,5.0253211505449,5.050322748308805,4.97531795501709,4.97531795501709,279600,0.0,0.0
1991-04-22 00:00:00-04:00,5.0003196253921045,5.0003196253921045,4.950316429138184,4.950316429138184,231300,0.0,0.0
1991-04-23 00:00:00-04:00,4.950316022495328,5.0003192146417454,4.875311234275702,4.925314426422119,470800,0.0,0.0
1991-04-24 00:00:00-04:00,4.925314426422119,4.975317618568537,4.875311234275702,4.925314426422119,235700,0.0,0.0
1991-04-25 00:00:00-04:00,4.9503141665945245,4.9503141665945245,4.875309406494607,4.90031099319458,246000,0.0,0.0
1991-04-26 00:00:00-04:00,4.875309406494607,4.90031099319458,4.850307819794636,4.90031099319458,201200,0.0,0.0
1991-04-29 00:00:00-04:00,4.900314006608786,4.9753188128323895,4.850310802459717,4.850310802459717,400200,0.0,0.0
1991-04-30 00:00:00-04:00,4.875311234275702,4.950316022495328,4.875311234275702,4.925314426422119,462900,0.0,0.0
1991-05-01 00:00:00-04:00,4.95031439781189,5.075322337150573,4.9253128099441525,5.000317573547363,1463500,0.0,0.0
1991-05-02 00:00:00-04:00,4.975317618568537,4.975317618568537,4.925314426422119,4.925314426422119,287300,0.0,0.0
1991-05-03 00:00:00-04:00,4.9503141665945245,4.9503141665945245,4.90031099319458,4.90031099319458,541500,0.0,0.0
1991-05-06 00:00:00-04:00,4.925314426422119,5.125327195007789,4.900312830348911,4.925314426422119,178500,0.0,0.0
1991-05-07 00:00:00-04:00,4.900313161725375,5.0003195527809945,4.900313161725375,4.97531795501709,364600,0.0,0.0
1991-05-08 00:00:00-04:00,4.95031439781189,5.000317573547363,4.95031439781189,5.000317573547363,1107400,0.0,0.0
1991-05-09 00:00:00-04:00,5.018661791516334,5.044137232082407,4.916760029252043,4.942235469818115,2345600,0.465,0.0
1991-05-10 00:00:00-04:00,4.942234798251647,5.069611983773596,4.840333049834086,4.865808486938477,3220600,0.0,0.0
1991-05-13 00:00:00-04:00,4.891284822162829,4.891284822162829,4.840333938598633,4.840333938598633,202600,0.0,0.0
1991-05-14 00:00:00-04:00,4.865806428212968,4.865806428212968,4.789380149235801,4.814855575561523,306300,0.0,0.0
1991-05-15 00:00:00-04:00,4.81485645821754,4.86580732020926,4.68747930323824,4.78938102722168,599100,0.0,0.0
1991-05-16 00:00:00-04:00,4.814857612729697,4.865808486938477,4.789382175625307,4.865808486938477,1021300,0.0,0.0
1991-05-17 00:00:00-04:00,4.865807128449282,4.942233418424925,4.8403316984574,4.891282558441162,310300,0.0,0.0
1991-05-20 00:00:00-04:00,4.9167579884330435,4.942233418424925,4.865807128449282,4.891282558441162,249500,0.0,0.0
1991-05-21 00:00:00-04:00,4.916760029252043,4.967710910384188,4.89128458868597,4.942235469818115,528000,0.0,0.0
1991-05-22 00:00:00-04:00,4.9167579884330435,4.942233418424925,4.865807128449282,4.891282558441162,191500,0.0,0.0
1991-05-23 00:00:00-04:00,4.891284053189766,4.916759490966797,4.865808615412736,4.916759490966797,530000,0.0,0.0
1991-05-24 00:00:00-04:00,4.916759490966797,4.967710366520857,4.916759490966797,4.916759490966797,121500,0.0,0.0
1991-05-28 00:00:00-04:00,4.916757802574002,4.9931840896606445,4.891282373545121,4.9931840896606445,285600,0.0,0.0
1991-05-29 00:00:00-04:00,4.967710366520857,4.9931858042978865,4.891284053189766,4.916759490966797,328600,0.0,0.0
1991-05-30 00:00:00-04:00,4.942234107775566,4.967709541320801,4.916758674230331,4.967709541320801,165200,0.0,0.0
1991-05-31 00:00:00-04:00,4.942235469818115,4.967710910384188,4.89128458868597,4.942235469818115,250200,0.0,0.0
1991-06-03 00:00:00-04:00,4.942235469818115,4.967710910384188,4.916760029252043,4.942235469818115,383600,0.0,0.0
1991-06-04 00:00:00-04:00,4.967710366520857,4.967710366520857,4.891284053189766,4.916759490966797,400800,0.0,0.0
1991-06-05 00:00:00-04:00,4.942234928743827,4.967710366520857,4.891284053189766,4.916759490966797,158700,0.0,0.0
1991-06-06 00:00:00-04:00,4.942234798251647,4.942234798251647,4.840333049834086,4.865808486938477,226500,0.0,0.0
1991-06-07 00:00:00-04:00,4.840333938598633,4.840333938598633,4.814858496816535,4.840333938598633,204800,0.0,0.0
1991-06-10 00:00:00-04:00,4.814856268465519,4.891282558441162,4.814856268465519,4.891282558441162,204900,0.0,0.0
1991-06-11 00:00:00-04:00,4.89128458868597,4.942235469818115,4.89128458868597,4.942235469818115,163900,0.0,0.0
1991-06-12 00:00:00-04:00,4.942235469818115,4.942235469818115,4.916760029252043,4.942235469818115,149400,0.0,0.0
1991-06-13 00:00:00-04:00,4.9422351817794254,5.0186614990234375,4.9422351817794254,5.0186614990234375,434100,0.0,0.0
1991-06-14 00:00:00-04:00,4.993187123207591,5.069613456726074,4.993187123207591,5.069613456726074,243000,0.0,0.0
1991-06-17 00:00:00-04:00,5.069610376747287,5.069610376747287,4.9931840896606445,4.9931840896606445,82100,0.0,0.0
1991-06-18 00:00:00-04:00,5.018660408411271,5.018660408411271,4.942234107775566,4.967709541320801,187000,0.0,0.0
1991-06-19 00:00:00-04:00,4.967710910384188,4.967710910384188,4.916760029252043,4.942235469818115,204400,0.0,0.0
1991-06-20 00:00:00-04:00,4.916758674230331,4.967709541320801,4.916758674230331,4.967709541320801,314600,0.0,0.0
1991-06-21 00:00:00-04:00,4.9931840896606445,5.0186595186895255,4.9931840896606445,4.9931840896606445,291900,0.0,0.0
1991-06-24 00:00:00-04:00,5.0186595186895255,5.0186595186895255,4.9422332316028825,4.9931840896606445,118000,0.0,0.0
1991-06-25 00:00:00-04:00,4.9931840896606445,5.0186595186895255,4.9677086606317635,4.9931840896606445,116000,0.0,0.0
1991-06-26 00:00:00-04:00,5.018660612780638,5.044136047363281,4.9931851781979955,5.044136047363281,141400,0.0,0.0
1991-06-27 00:00:00-04:00,5.044136047363281,5.069611481945924,4.9931851781979955,5.044136047363281,265200,0.0,0.0
1991-06-28 00:00:00-04:00,5.0186614990234375,5.044136938104774,4.967710620860763,5.0186614990234375,165500,0.0,0.0
1991-07-01 00:00:00-04:00,5.044136180877685,5.095087051391602,5.0186607456207275,5.095087051391602,258100,0.0,0.0
1991-07-02 00:00:00-04:00,5.095088901232235,5.095088901232235,5.044138012219912,5.069613456726074,146700,0.0,0.0
1991-07-03 00:00:00-04:00,5.044136938104774,5.044136938104774,4.9931860599421,5.0186614990234375,214200,0.0,0.0
1991-07-05 00:00:00-04:00,5.0186595186895255,5.0441349477184065,4.9931840896606445,4.9931840896606445,135000,0.0,0.0
1991-07-08 00:00:00-04:00,4.9931851781979955,5.044136047363281,4.9931851781979955,5.044136047363281,215400,0.0,0.0
1991-07-09 00:00:00-04:00,5.0186595186895255,5.0441349477184065,4.9931840896606445,4.9931840896606445,128800,0.0,0.0
1991-07-10 00:00:00-04:00,5.0186595186895255,5.0441349477184065,4.9931840896606445,4.9931840896606445,134000,0.0,0.0
1991-07-11 00:00:00-04:00,5.0186614990234375,5.044136938104774,4.9931860599421,5.0186614990234375,140200,0.0,0.0
1991-07-12 00:00:00-04:00,4.9931851781979955,5.069611481945924,4.967709743615353,5.044136047363281,607800,0.0,0.0
1991-07-15 00:00:00-04:00,5.069613456726074,5.095088901232235,5.044138012219912,5.069613456726074,114500,0.0,0.0
1991-07-16 00:00:00-04:00,5.044136938104774,5.069612377186112,4.9931860599421,5.0186614990234375,154800,0.0,0.0
1991-07-17 00:00:00-04:00,4.9931860599421,5.044136938104774,4.9931860599421,5.0186614990234375,364300,0.0,0.0
1991-07-18 00:00:00-04:00,4.9931840896606445,5.0186595186895255,4.9677086606317635,4.9931840896606445,1235900,0.0,0.0
1991-07-19 00:00:00-04:00,4.9931860599421,5.044136938104774,4.967710620860763,5.0186614990234375,360700,0.0,0.0
1991-07-22 00:00:00-04:00,5.0186614990234375,5.044136938104774,4.9931860599421,5.0186614990234375,224200,0.0,0.0
1991-07-23 00:00:00-04:00,5.0441349477184065,5.0441349477184065,4.9931840896606445,4.9931840896606445,218300,0.0,0.0
1991-07-24 00:00:00-04:00,5.018660612780638,5.044136047363281,4.9931851781979955,5.044136047363281,107600,0.0,0.0
1991-07-25 00:00:00-04:00,5.044138012219912,5.069613456726074,5.0186625677137515,5.069613456726074,195700,0.0,0.0
1991-07-26 00:00:00-04:00,5.069613570597634,5.146039905832775,5.044138125519255,5.1205644607543945,310600,0.0,0.0
1991-07-29 00:00:00-04:00,5.095086911829506,5.222464084625244,5.095086911829506,5.222464084625244,377100,0.0,0.0
1991-07-30 00:00:00-04:00,5.196988650066096,5.222464084625244,5.196988650066096,5.222464084625244,183600,0.0,0.0
1991-07-31 00:00:00-04:00,5.196988993677599,5.222464429921117,5.120562684947046,5.171513557434082,215600,0.0,0.0
1991-08-01 00:00:00-04:00,5.146036624908447,5.171512053744627,5.120561196072267,5.146036624908447,173800,0.0,0.0
1991-08-02 00:00:00-04:00,5.171516469880647,5.196991920471191,5.146041019290101,5.196991920471191,187900,0.0,0.0
1991-08-05 00:00:00-04:00,5.196991920471191,5.222467371061737,5.171516469880647,5.196991920471191,280900,0.0,0.0
1991-08-06 00:00:00-04:00,5.222466107151934,5.273416996002197,5.196990662726803,5.273416996002197,295600,0.0,0.0
1991-08-07 00:00:00-04:00,5.273415756225586,5.349842071533203,5.2479403177897135,5.349842071533203,1155800,0.0,0.0
1991-08-08 00:00:00-04:00,5.316645937058532,5.3685156535176395,5.290711078828978,5.342580795288086,2381400,0.465,0.0
1991-08-09 00:00:00-04:00,5.342580795288086,5.342580795288086,5.290711078828978,5.342580795288086,2085700,0.0,0.0
1991-08-12 00:00:00-04:00,5.316645622253418,5.342580478947337,5.290710765559499,5.316645622253418,325400,0.0,0.0
1991-08-13 00:00:00-04:00,5.342580478947337,5.3685153356412565,5.316645622253418,5.316645622253418,295000,0.0,0.0
1991-08-14 00:00:00-04:00,5.368517917745254,5.368517917745254,5.290713310241699,5.290713310241699,198300,0.0,0.0
1991-08-15 00:00:00-04:00,5.290707399349402,5.290707399349402,5.238837718963623,5.238837718963623,251000,0.0,0.0
1991-08-16 00:00:00-04:00,5.2388389730453495,5.264773819446564,5.18696928024292,5.18696928024292,317000,0.0,0.0
1991-08-19 00:00:00-04:00,5.083229064941406,5.135098749277543,5.057294222773338,5.083229064941406,672500,0.0,0.0
1991-08-20 00:00:00-04:00,5.135099587440491,5.212904126644135,5.135099587440491,5.18696928024292,317000,0.0,0.0
1991-08-21 00:00:00-04:00,5.212908702738145,5.290713310241699,5.212908702738145,5.290713310241699,225800,0.0,0.0
1991-08-22 00:00:00-04:00,5.342580795288086,5.342580795288086,5.290711078828978,5.342580795288086,217300,0.0,0.0
1991-08-23 00:00:00-04:00,5.342580795288086,5.394450511747194,5.161036787681209,5.342580795288086,245100,0.0,0.0
1991-08-26 00:00:00-04:00,5.316646248822051,5.368515968322754,5.316646248822051,5.368515968322754,112500,0.0,0.0
1991-08-27 00:00:00-04:00,5.342580795288086,5.3685156535176395,5.342580795288086,5.342580795288086,156500,0.0,0.0
1991-08-28 00:00:00-04:00,5.368515968322754,5.368515968322754,5.342581108572403,5.368515968322754,122300,0.0,0.0
1991-08-29 00:00:00-04:00,5.3685156535176395,5.3685156535176395,5.316645937058532,5.342580795288086,217200,0.0,0.0
1991-08-30 00:00:00-04:00,5.316643538733421,5.3425783852638284,5.264773845672607,5.264773845672607,221700,0.0,0.0
1991-09-03 00:00:00-04:00,5.290708692203014,5.3425783852638284,5.264773845672607,5.264773845672607,251300,0.0,0.0
1991-09-04 00:00:00-04:00,5.290707399349402,5.290707399349402,5.212902878770734,5.238837718963623,585800,0.0,0.0
1991-09-05 00:00:00-04:00,5.264775594075521,5.264775594075521,5.2129058837890625,5.2129058837890625,252000,0.0,0.0
1991-09-06 00:00:00-04:00,5.2647752665021095,5.2647752665021095,5.057296438265573,5.109166145324707,960500,0.0,0.0
1991-09-09 00:00:00-04:00,5.08323129179514,5.161035852383841,5.08323129179514,5.109166145324707,271700,0.0,0.0
1991-09-10 00:00:00-04:00,5.08323129179514,5.109166145324707,5.057296438265573,5.109166145324707,161300,0.0,0.0
1991-09-11 00:00:00-04:00,5.083231608072917,5.109166463216146,5.0572967529296875,5.0572967529296875,322400,0.0,0.0
1991-09-12 00:00:00-04:00,5.057296438265573,5.109166145324707,5.031361584736006,5.109166145324707,323900,0.0,0.0
1991-09-13 00:00:00-04:00,5.135101795196533,5.161036652748031,5.1091669376450355,5.135101795196533,648100,0.0,0.0
1991-09-16 00:00:00-04:00,5.1091669376450355,5.161036652748031,5.1091669376450355,5.135101795196533,314100,0.0,0.0
1991-09-17 00:00:00-04:00,5.1091669376450355,5.135101795196533,5.1091669376450355,5.135101795196533,208600,0.0,0.0
1991-09-18 00:00:00-04:00,5.083232080093538,5.135101795196533,5.083232080093538,5.135101795196533,176400,0.0,0.0
1991-09-19 00:00:00-04:00,5.1091669376450355,5.161036652748031,5.083232080093538,5.135101795196533,1272100,0.0,0.0
1991-09-20 00:00:00-04:00,5.161036652748031,5.161036652748031,5.083232080093538,5.135101795196533,644200,0.0,0.0
1991-09-23 00:00:00-04:00,5.109166145324707,5.161035852383841,5.08323129179514,5.109166145324707,445900,0.0,0.0
1991-09-24 00:00:00-04:00,5.109166305867871,5.161036014556885,5.109166305867871,5.161036014556885,928300,0.0,0.0
1991-09-25 00:00:00-04:00,5.161036014556885,5.186970868901391,5.135101160212377,5.161036014556885,660700,0.0,0.0
1991-09-26 00:00:00-04:00,5.135101160212377,5.161036014556885,5.135101160212377,5.161036014556885,495200,0.0,0.0
1991-09-27 00:00:00-04:00,5.135101160212377,5.186970868901391,5.135101160212377,5.161036014556885,381300,0.0,0.0
1991-09-30 00:00:00-04:00,5.135099613020573,5.264773845672607,5.135099613020573,5.264773845672607,324200,0.0,0.0
1991-10-01 00:00:00-04:00,5.2647759088655794,5.342580478947337,5.238841052171661,5.316645622253418,340800,0.0,0.0
1991-10-02 00:00:00-04:00,5.290710765559499,5.316645622253418,5.2647759088655794,5.316645622253418,198400,0.0,0.0
1991-10-03 00:00:00-04:00,5.290713310241699,5.342583048577403,5.264778441073848,5.290713310241699,212400,0.0,0.0
1991-10-04 00:00:00-04:00,5.316648179409551,5.316648179409551,5.290713310241699,5.290713310241699,164800,0.0,0.0
1991-10-07 00:00:00-04:00,5.290707399349402,5.316642239542291,5.238837718963623,5.238837718963623,220200,0.0,0.0
1991-10-08 00:00:00-04:00,5.264773845672607,5.290708692203014,5.2388389991422,5.264773845672607,263700,0.0,0.0
1991-10-09 00:00:00-04:00,5.264775594075521,5.264775594075521,5.2129058837890625,5.2129058837890625,179400,0.0,0.0
1991-10-10 00:00:00-04:00,5.238837718963623,5.238837718963623,5.161033198384955,5.238837718963623,286400,0.0,0.0
1991-10-11 00:00:00-04:00,5.2388389991422,5.264773845672607,5.212904152611794,5.264773845672607,135400,0.0,0.0
1991-10-14 00:00:00-04:00,5.264778441073848,5.290713310241699,5.2388435719059965,5.290713310241699,206500,0.0,0.0
1991-10-15 00:00:00-04:00,5.290711078828978,5.342580795288086,5.264776220599424,5.342580795288086,392700,0.0,0.0
1991-10-16 00:00:00-04:00,5.342580795288086,5.3685156535176395,5.316645937058532,5.342580795288086,450300,0.0,0.0
1991-10-17 00:00:00-04:00,5.342580795288086,5.3685156535176395,5.316645937058532,5.342580795288086,262600,0.0,0.0
1991-10-18 00:00:00-04:00,5.342578585331256,5.394448280334473,5.342578585331256,5.394448280334473,295100,0.0,0.0
1991-10-21 00:00:00-04:00,5.368513432832865,5.394448280334473,5.368513432832865,5.394448280334473,251700,0.0,0.0
1991-10-22 00:00:00-04:00,5.342581108572403,5.368515968322754,5.316646248822051,5.368515968322754,319100,0.0,0.0
1991-10-23 00:00:00-04:00,5.368515968322754,5.368515968322754,5.342581108572403,5.368515968322754,186600,0.0,0.0
1991-10-24 00:00:00-04:00,5.3685153356412565,5.3685153356412565,5.290710765559499,5.316645622253418,294300,0.0,0.0
1991-10-25 00:00:00-04:00,5.290710765559499,5.342580478947337,5.290710765559499,5.316645622253418,195300,0.0,0.0
1991-10-28 00:00:00-05:00,5.316645937058532,5.3685156535176395,5.290711078828978,5.342580795288086,896700,0.0,0.0
1991-10-29 00:00:00-05:00,5.342580478947337,5.3685153356412565,5.316645622253418,5.316645622253418,457700,0.0,0.0
1991-10-30 00:00:00-05:00,5.342581108572403,5.368515968322754,5.316646248822051,5.368515968322754,833600,0.0,0.0
1991-10-31 00:00:00-05:00,5.3685156535176395,5.3685156535176395,5.342580795288086,5.342580795288086,168400,0.0,0.0
1991-11-01 00:00:00-05:00,5.3685153356412565,5.3685153356412565,5.316645622253418,5.316645622253418,336900,0.0,0.0
1991-11-04 00:00:00-05:00,5.316645622253418,5.316645622253418,5.290710765559499,5.316645622253418,272600,0.0,0.0
1991-11-05 00:00:00-05:00,5.316645622253418,5.3685153356412565,5.316645622253418,5.316645622253418,592500,0.0,0.0
1991-11-06 00:00:00-05:00,5.362075097490065,5.362075097490065,5.150761793155481,5.335660934448242,1056800,0.465,0.0
1991-11-07 00:00:00-05:00,5.335667058533313,5.388495445251465,5.282838671815162,5.388495445251465,1511400,0.0,0.0
1991-11-08 00:00:00-05:00,5.4149041175842285,5.4149041175842285,5.362075784729748,5.4149041175842285,314000,0.0,0.0
1991-11-11 00:00:00-05:00,5.388490930566647,5.414905101794915,5.362076759338379,5.362076759338379,277600,0.0,0.0
1991-11-12 00:00:00-05:00,5.388489951156989,5.441318284011468,5.388489951156989,5.4149041175842285,399400,0.0,0.0
1991-11-13 00:00:00-05:00,5.388489951156989,5.4149041175842285,5.388489951156989,5.4149041175842285,305000,0.0,0.0
1991-11-14 00:00:00-05:00,5.388495445251465,5.414909638610541,5.3620812518923895,5.388495445251465,294800,0.0,0.0
1991-11-15 00:00:00-05:00,5.388492897375306,5.388492897375306,5.309250354766846,5.309250354766846,295500,0.0,0.0
1991-11-18 00:00:00-05:00,5.309246771406419,5.362075097490065,5.282832608364596,5.335660934448242,393700,0.0,0.0
1991-11-19 00:00:00-05:00,5.28283166885376,5.309245827198028,5.203589193820953,5.28283166885376,304700,0.0,0.0
1991-11-20 00:00:00-05:00,5.282833348566563,5.335661682052229,5.2564191818237305,5.2564191818237305,403100,0.0,0.0
1991-11-21 00:00:00-05:00,5.256420074425307,5.362076759338379,5.256420074425307,5.362076759338379,368700,0.0,0.0
1991-11-22 00:00:00-05:00,5.3620787165058195,5.3620787165058195,5.282836173897358,5.309250354766846,260300,0.0,0.0
1991-11-25 00:00:00-05:00,5.309246771406419,5.362075097490065,5.282832608364596,5.335660934448242,235500,0.0,0.0
1991-11-26 00:00:00-05:00,5.3620778889332,5.441320419311523,5.282835358554877,5.441320419311523,356900,0.0,0.0
1991-11-27 00:00:00-05:00,5.414905947361267,5.546976824126175,5.388491772008285,5.520562648773193,454200,0.0,0.0
1991-11-29 00:00:00-05:00,5.5205609913055715,5.5733893261506005,5.467732656460542,5.494146823883057,163100,0.0,0.0
1991-12-02 00:00:00-05:00,5.441320550385244,5.573391437530518,5.441320550385244,5.573391437530518,341500,0.0,0.0
1991-12-03 00:00:00-05:00,5.520562648773193,5.546976824126175,5.46773429806723,5.520562648773193,808000,0.0,0.0
1991-12-04 00:00:00-05:00,5.520562648773193,5.546976824126175,5.441320122714249,5.520562648773193,407900,0.0,0.0
1991-12-05 00:00:00-05:00,5.5205609913055715,5.5205609913055715,5.467732656460542,5.494146823883057,158700,0.0,0.0
1991-12-06 00:00:00-05:00,5.494148690359933,5.573391219547816,5.494148690359933,5.5469770431518555,454000,0.0,0.0
1991-12-09 00:00:00-05:00,5.546977002665682,5.626219531275192,5.520562826462512,5.5998053550720215,452400,0.0,0.0
1991-12-10 00:00:00-05:00,5.652631985863974,5.679046154022217,5.626217817705731,5.679046154022217,395500,0.0,0.0
1991-12-11 00:00:00-05:00,5.679048277713635,5.731876633785389,5.679048277713635,5.705462455749512,473500,0.0,0.0
1991-12-12 00:00:00-05:00,5.679048277713635,5.705462455749512,5.6526340996777575,5.705462455749512,178200,0.0,0.0
1991-12-13 00:00:00-05:00,5.679048322071538,5.731876678555925,5.626219965587152,5.652634143829346,195800,0.0,0.0
1991-12-16 00:00:00-05:00,5.626219531275192,5.652633707478361,5.546977002665682,5.5998053550720215,350900,0.0,0.0
1991-12-17 00:00:00-05:00,5.652633707478361,5.652633707478361,5.5998053550720215,5.5998053550720215,301600,0.0,0.0
1991-12-18 00:00:00-05:00,5.626217817705731,5.679046154022217,5.599803649547488,5.679046154022217,223900,0.0,0.0
1991-12-19 00:00:00-05:00,5.679046154022217,5.70546032218046,5.652631985863974,5.679046154022217,323500,0.0,0.0
1991-12-20 00:00:00-05:00,5.890360162474892,5.916774333607067,5.75828930681402,5.811117649078369,675600,0.0,0.0
1991-12-23 00:00:00-05:00,5.837531979878744,5.996017011006673,5.784703636169434,5.943188667297363,320500,0.0,0.0
1991-12-24 00:00:00-05:00,5.969603576830455,6.048846102186611,5.916775226593018,5.916775226593018,244300,0.0,0.0
1991-12-26 00:00:00-05:00,5.969602839152018,5.969602839152018,5.916774495442708,5.943188667297363,167200,0.0,0.0
1991-12-27 00:00:00-05:00,5.943188667297363,5.969602839152018,5.916774495442708,5.943188667297363,170900,0.0,0.0
1991-12-30 00:00:00-05:00,5.969601631164551,6.022429964183706,5.9167732981453955,5.969601631164551,227500,0.0,0.0
1991-12-31 00:00:00-05:00,6.022433493335174,6.075261857311799,5.996019311346862,6.048847675323486,320000,0.0,0.0
1992-01-02 00:00:00-05:00,6.022431150932144,6.022431150932144,5.9431886357882995,5.996016979217529,299300,0.0,0.0
1992-01-03 00:00:00-05:00,5.969601137596264,6.022429466247559,5.943186973270617,6.022429466247559,397000,0.0,0.0
1992-01-06 00:00:00-05:00,5.996016979217529,6.022431150932144,5.969602807502914,5.996016979217529,177800,0.0,0.0
1992-01-07 00:00:00-05:00,5.969602807502914,5.996016979217529,5.9431886357882995,5.996016979217529,282100,0.0,0.0
1992-01-08 00:00:00-05:00,5.969602807502914,6.022431150932144,5.969602807502914,5.996016979217529,319900,0.0,0.0
1992-01-09 00:00:00-05:00,5.996017751949174,5.996017751949174,5.916775226593018,5.916775226593018,189700,0.0,0.0
1992-01-10 00:00:00-05:00,5.943190407108616,5.943190407108616,5.811119509172869,5.863947868347168,236600,0.0,0.0
1992-01-13 00:00:00-05:00,5.863945991342717,5.890360162474892,5.75828930681402,5.811117649078369,180700,0.0,0.0
1992-01-14 00:00:00-05:00,5.758288135267284,5.811116466783497,5.731873969509177,5.784702301025391,321800,0.0,0.0
1992-01-15 00:00:00-05:00,5.758290412291041,5.784704588494211,5.573391178868851,5.5998053550720215,376600,0.0,0.0
1992-01-16 00:00:00-05:00,5.599805174832139,5.599805174832139,5.520562648773193,5.520562648773193,316200,0.0,0.0
1992-01-17 00:00:00-05:00,5.546976747647138,5.626219272613525,5.494148397669546,5.626219272613525,464300,0.0,0.0
1992-01-20 00:00:00-05:00,5.863945991342717,5.863945991342717,5.705460964549671,5.811117649078369,704600,0.0,0.0
1992-01-21 00:00:00-05:00,5.811117649078369,5.863945991342717,5.811117649078369,5.811117649078369,275800,0.0,0.0
1992-01-22 00:00:00-05:00,5.837531979878744,5.943188667297363,5.811117808024089,5.943188667297363,253400,0.0,0.0
1992-01-23 00:00:00-05:00,5.9431882465586945,5.9431882465586945,5.837531566619873,5.837531566619873,172700,0.0,0.0
1992-01-24 00:00:00-05:00,5.811117808024089,5.943188667297363,5.811117808024089,5.943188667297363,452700,0.0,0.0
1992-01-27 00:00:00-05:00,5.916774495442708,5.969602839152018,5.916774495442708,5.943188667297363,227900,0.0,0.0
1992-01-28 00:00:00-05:00,5.916774495442708,6.022431182861328,5.916774495442708,5.943188667297363,272100,0.0,0.0
1992-01-29 00:00:00-05:00,5.943188667297363,6.022431182861328,5.916774495442708,5.943188667297363,313400,0.0,0.0
1992-01-30 00:00:00-05:00,5.943187464654973,6.022429964183706,5.9167732981453955,5.969601631164551,208600,0.0,0.0
1992-01-31 00:00:00-05:00,5.969601137596264,6.048843630573206,5.969601137596264,6.022429466247559,373900,0.0,0.0
1992-02-03 00:00:00-05:00,5.996015797674128,6.022429964183706,5.969601631164551,5.969601631164551,209000,0.0,0.0
1992-02-04 00:00:00-05:00,5.943189401711736,5.969603576830455,5.8639468763555795,5.916775226593018,372200,0.0,0.0
1992-02-05 00:00:00-05:00,5.916775226593018,5.943189401711736,5.890361051474299,5.916775226593018,215900,0.0,0.0
1992-02-06 00:00:00-05:00,5.996016979217529,6.022431150932144,5.9431886357882995,5.996016979217529,282800,0.0,0.0
1992-02-07 00:00:00-05:00,5.996017011006673,5.996017011006673,5.8903603235880535,5.943188667297363,361000,0.0,0.0
1992-02-10 00:00:00-05:00,5.916774495442708,5.943188667297363,5.8903603235880535,5.943188667297363,232600,0.0,0.0
1992-02-11 00:00:00-05:00,5.943187464654973,5.996015797674128,5.943187464654973,5.969601631164551,665400,0.0,0.0
1992-02-12 00:00:00-05:00,5.964228219515539,6.017960005276941,5.937362326634839,5.99109411239624,383600,0.475,0.0
1992-02-13 00:00:00-05:00,5.991094940927773,5.991094940927773,5.85676545794733,5.937363147735596,651900,0.0,0.0
1992-02-14 00:00:00-05:00,5.883631229400635,5.910497125425295,5.856765333375974,5.883631229400635,301800,0.0,0.0
1992-02-18 00:00:00-05:00,5.910498875158805,5.910498875158805,5.749303451290837,5.803035259246826,316400,0.0,0.0
1992-02-19 00:00:00-05:00,5.803034488623741,5.803034488623741,5.668704986572266,5.668704986572266,385400,0.0,0.0
1992-02-20 00:00:00-05:00,5.695570886982561,5.695570886982561,5.614973185751675,5.668704986572266,586500,0.0,0.0
1992-02-21 00:00:00-05:00,5.641840244959859,5.668706150888239,5.507510715317958,5.534376621246338,416800,0.0,0.0
1992-02-24 00:00:00-05:00,5.5343749452345445,5.5343749452345445,5.400045456272541,5.426911354064941,568900,0.0,0.0
1992-02-25 00:00:00-05:00,5.426912997532817,5.561242527174718,5.426912997532817,5.534376621246338,975800,0.0,0.0
1992-02-26 00:00:00-05:00,5.507508470461919,5.69556973530696,5.507508470461919,5.588106155395508,346800,0.0,0.0
1992-02-27 00:00:00-05:00,5.614974021911621,5.641839926322681,5.5612422130895,5.614974021911621,237500,0.0,0.0
1992-02-28 00:00:00-05:00,5.614973429896406,5.614973429896406,5.53437572516105,5.561241626739502,732900,0.0,0.0
1992-03-02 00:00:00-05:00,5.53437572516105,5.588107528317954,5.507509823582598,5.561241626739502,183800,0.0,0.0
1992-03-03 00:00:00-05:00,5.534376621246338,5.588108433103098,5.507510715317958,5.534376621246338,417100,0.0,0.0
1992-03-04 00:00:00-05:00,5.50750732421875,5.534373213605183,5.480641434832317,5.50750732421875,256300,0.0,0.0
1992-03-05 00:00:00-05:00,5.480648994445801,5.507514920889163,5.426917141559078,5.480648994445801,431500,0.0,0.0
1992-03-06 00:00:00-05:00,5.453779597780598,5.453779597780598,5.373181869734579,5.400047779083252,568800,0.0,0.0
1992-03-09 00:00:00-05:00,5.453776680506192,5.588106155395508,5.42691078552833,5.588106155395508,351700,0.0,0.0
1992-03-10 00:00:00-05:00,5.588108171735492,5.668705885750907,5.588108171735492,5.641839981079102,540800,0.0,0.0
1992-03-11 00:00:00-05:00,5.668707040982826,5.74930477142334,5.61497522068915,5.74930477142334,591300,0.0,0.0
1992-03-12 00:00:00-05:00,5.722437547312843,5.829901163224821,5.722437547312843,5.803035259246826,488200,0.0,0.0
1992-03-13 00:00:00-05:00,5.856765685542937,5.856765685542937,5.803033890262727,5.829899787902832,144500,0.0,0.0
1992-03-16 00:00:00-05:00,5.803033890262727,5.829899787902832,5.803033890262727,5.829899787902832,177300,0.0,0.0
1992-03-17 00:00:00-05:00,5.82989937449814,5.856765270233154,5.803033478763125,5.856765270233154,336400,0.0,0.0
1992-03-18 00:00:00-05:00,5.856765270233154,5.856765270233154,5.82989937449814,5.856765270233154,230300,0.0,0.0
1992-03-19 00:00:00-05:00,5.856765685542937,5.883631583183042,5.803033890262727,5.829899787902832,226800,0.0,0.0
1992-03-20 00:00:00-05:00,5.829901163224821,5.856767067202815,5.749303451290837,5.803035259246826,630700,0.0,0.0
1992-03-23 00:00:00-05:00,5.776170098556662,5.803036005991809,5.695572376251221,5.695572376251221,169800,0.0,0.0
1992-03-24 00:00:00-05:00,5.749304243096723,5.937365596842877,5.722438335418701,5.722438335418701,228000,0.0,0.0
1992-03-25 00:00:00-05:00,5.749304243096723,5.749304243096723,5.722438335418701,5.722438335418701,195500,0.0,0.0
1992-03-26 00:00:00-05:00,5.7493041911215155,5.776170098556662,5.695572376251221,5.695572376251221,287200,0.0,0.0
1992-03-27 00:00:00-05:00,5.722438335418701,5.776170150774745,5.695572427740679,5.722438335418701,141300,0.0,0.0
1992-03-30 00:00:00-05:00,5.776169355268832,5.803035259246826,5.749303451290837,5.803035259246826,190400,0.0,0.0
1992-03-31 00:00:00-05:00,5.776169355268832,5.803035259246826,5.776169355268832,5.803035259246826,128900,0.0,0.0
1992-04-01 00:00:00-05:00,5.776169300079346,5.803035203800644,5.749303396358046,5.776169300079346,144900,0.0,0.0
1992-04-02 00:00:00-05:00,5.74930477142334,5.7761706815701785,5.668707040982826,5.74930477142334,194000,0.0,0.0
1992-04-03 00:00:00-05:00,5.74930477142334,5.7761706815701785,5.722438861276502,5.74930477142334,229000,0.0,0.0
1992-04-06 00:00:00-04:00,5.722438861276502,5.74930477142334,5.722438861276502,5.74930477142334,118000,0.0,0.0
1992-04-07 00:00:00-04:00,5.722438335418701,5.776170150774745,5.695572427740679,5.722438335418701,224600,0.0,0.0
1992-04-08 00:00:00-04:00,5.722437695094517,5.722437695094517,5.641839981079102,5.641839981079102,214400,0.0,0.0
1992-04-09 00:00:00-04:00,5.695572951129664,5.803036591717016,5.668707040982826,5.74930477142334,238500,0.0,0.0
1992-04-10 00:00:00-04:00,5.803036058452768,5.803036058452768,5.722438335418701,5.722438335418701,233400,0.0,0.0
1992-04-13 00:00:00-04:00,5.7761679926226215,5.829899787902832,5.749302094982516,5.829899787902832,119800,0.0,0.0
1992-04-14 00:00:00-04:00,5.803033890262727,5.829899787902832,5.7761679926226215,5.829899787902832,226100,0.0,0.0
1992-04-15 00:00:00-04:00,5.856765333375974,5.910497125425295,5.829899437351314,5.883631229400635,347700,0.0,0.0
1992-04-16 00:00:00-04:00,5.883631229400635,5.910497125425295,5.856765333375974,5.883631229400635,161400,0.0,0.0
1992-04-20 00:00:00-04:00,5.856765333375974,5.883631229400635,5.749301749277333,5.883631229400635,328000,0.0,0.0
1992-04-21 00:00:00-04:00,5.856767011243243,5.856767011243243,5.749303396358046,5.776169300079346,228600,0.0,0.0
1992-04-22 00:00:00-04:00,5.776169300079346,5.829901107521944,5.749303396358046,5.776169300079346,298800,0.0,0.0
1992-04-23 00:00:00-04:00,5.803033541326654,5.910497125425295,5.776167645301993,5.883631229400635,214100,0.0,0.0
1992-04-24 00:00:00-04:00,5.883631165968169,5.910497061703183,5.856765270233154,5.856765270233154,276500,0.0,0.0
1992-04-27 00:00:00-04:00,5.883631165968169,5.937362957438198,5.856765270233154,5.856765270233154,242500,0.0,0.0
1992-04-28 00:00:00-04:00,5.883633297842902,5.991096919721311,5.883633297842902,5.964231014251709,387300,0.0,0.0
1992-04-29 00:00:00-04:00,5.9642290443316845,5.9642290443316845,5.910497251139507,5.937363147735596,145200,0.0,0.0
1992-04-30 00:00:00-04:00,5.964230648108891,6.044828359569822,5.937364744288581,6.017962455749512,394000,0.0,0.0
1992-05-01 00:00:00-04:00,5.99109411239624,6.044825898157642,5.964228219515539,5.99109411239624,459300,0.0,0.0
1992-05-04 00:00:00-04:00,6.0179593939530225,6.125422954559326,5.991093503801446,6.125422954559326,527100,0.0,0.0
1992-05-05 00:00:00-04:00,6.125423843114912,6.125423843114912,6.0716920550174125,6.098557949066162,734200,0.0,0.0
1992-05-06 00:00:00-04:00,6.125424258476865,6.125424258476865,6.044826570865327,6.07169246673584,547900,0.0,0.0
1992-05-07 00:00:00-04:00,6.038905084949651,6.066230447324988,5.956928997823637,5.984254360198975,477800,0.475,0.0
1992-05-08 00:00:00-04:00,5.929599196260626,6.011575222015381,5.929599196260626,6.011575222015381,427000,0.0,0.0
1992-05-11 00:00:00-04:00,6.011578628608772,6.093554700817074,5.956927913803238,6.066229343414307,317800,0.0,0.0
1992-05-12 00:00:00-04:00,6.038902282714844,6.093552982105928,6.038902282714844,6.038902282714844,165100,0.0,0.0
1992-05-13 00:00:00-04:00,6.066227632410386,6.093552982105928,6.038902282714844,6.038902282714844,117500,0.0,0.0
1992-05-14 00:00:00-04:00,6.038900563933632,6.066225905851884,6.011575222015381,6.011575222015381,241600,0.0,0.0
1992-05-15 00:00:00-04:00,6.011578628608772,6.093554700817074,6.011578628608772,6.066229343414307,339400,0.0,0.0
1992-05-18 00:00:00-04:00,6.066229343414307,6.093554700817074,6.038903986011539,6.066229343414307,170000,0.0,0.0
1992-05-19 00:00:00-04:00,6.066227136460025,6.175528526306152,6.038901788998494,6.175528526306152,288600,0.0,0.0
1992-05-20 00:00:00-04:00,6.148203931716045,6.257505334946552,6.148203931716045,6.202854633331299,216900,0.0,0.0
1992-05-21 00:00:00-04:00,6.175529116472321,6.175529116472321,6.093553066253662,6.093553066253662,198500,0.0,0.0
1992-05-22 00:00:00-04:00,6.093552203708225,6.175528242323134,6.066226857503255,6.148202896118164,305700,0.0,0.0
1992-05-26 00:00:00-04:00,6.120877549913194,6.148202896118164,6.120877549913194,6.148202896118164,129500,0.0,0.0
1992-05-27 00:00:00-04:00,6.148202896118164,6.175528242323134,6.120877549913194,6.148202896118164,191000,0.0,0.0
1992-05-28 00:00:00-04:00,6.148203931716045,6.202854633331299,6.148203931716045,6.202854633331299,104500,0.0,0.0
1992-05-29 00:00:00-04:00,6.175529282523672,6.284830685754179,6.175529282523672,6.202854633331299,126800,0.0,0.0
1992-06-01 00:00:00-04:00,6.175528242323134,6.175528242323134,6.120877549913194,6.148202896118164,119500,0.0,0.0
1992-06-02 00:00:00-04:00,6.175528242323134,6.175528242323134,6.120877549913194,6.148202896118164,162000,0.0,0.0
1992-06-03 00:00:00-04:00,6.175529282523672,6.202854633331299,6.148203931716045,6.202854633331299,157600,0.0,0.0
1992-06-04 00:00:00-04:00,6.202854633331299,6.230179984138926,6.175529282523672,6.202854633331299,130100,0.0,0.0
1992-06-05 00:00:00-04:00,6.202851588265938,6.23017692565918,6.175526250872696,6.23017692565918,209300,0.0,0.0
1992-06-08 00:00:00-04:00,6.202856132557298,6.257506847381592,6.202856132557298,6.257506847381592,309600,0.0,0.0
1992-06-09 00:00:00-04:00,6.230181489969445,6.257506847381592,6.202856132557298,6.257506847381592,203900,0.0,0.0
1992-06-10 00:00:00-04:00,6.257502263052422,6.284827600445664,6.23017692565918,6.23017692565918,241700,0.0,0.0
1992-06-11 00:00:00-04:00,6.23017692565918,6.284827600445664,6.23017692565918,6.23017692565918,272700,0.0,0.0
1992-06-12 00:00:00-04:00,6.257502846095873,6.284828186035156,6.202852166217307,6.284828186035156,356600,0.0,0.0
1992-06-15 00:00:00-04:00,6.257505334946552,6.284830685754179,6.148203931716045,6.202854633331299,200200,0.0,0.0
1992-06-16 00:00:00-04:00,6.284830685754179,6.284830685754179,6.202854633331299,6.202854633331299,211000,0.0,0.0
1992-06-17 00:00:00-04:00,6.202853873767683,6.230179221229215,6.1482031788446205,6.175528526306152,236100,0.0,0.0
1992-06-18 00:00:00-04:00,6.148202896118164,6.148202896118164,6.066226857503255,6.148202896118164,211400,0.0,0.0
1992-06-19 00:00:00-04:00,6.093552483921557,6.230179221229215,6.093552483921557,6.175528526306152,363700,0.0,0.0
1992-06-22 00:00:00-04:00,6.202853588528103,6.202853588528103,6.148202896118164,6.148202896118164,145700,0.0,0.0
1992-06-23 00:00:00-04:00,6.175528242323134,6.202853588528103,6.148202896118164,6.148202896118164,169700,0.0,0.0
1992-06-24 00:00:00-04:00,6.148203766399434,6.148203766399434,6.093553066253662,6.093553066253662,1392200,0.0,0.0
1992-06-25 00:00:00-04:00,6.093553066253662,6.148203766399434,6.093553066253662,6.093553066253662,539400,0.0,0.0
1992-06-26 00:00:00-04:00,6.093554700817074,6.120880058219841,6.038903986011539,6.066229343414307,285800,0.0,0.0
1992-06-29 00:00:00-04:00,6.038902366107889,6.093553066253662,6.038902366107889,6.093553066253662,304400,0.0,0.0
1992-06-30 00:00:00-04:00,6.093555243951934,6.120880603790283,6.038904524275234,6.120880603790283,296900,0.0,0.0
1992-07-01 00:00:00-04:00,6.066226857503255,6.148202896118164,6.066226857503255,6.148202896118164,280900,0.0,0.0
1992-07-02 00:00:00-04:00,6.175529282523672,6.230179984138926,6.148203931716045,6.202854633331299,466200,0.0,0.0
1992-07-06 00:00:00-04:00,6.23018014585817,6.339481551925857,6.202854794341248,6.3121562004089355,873700,0.0,0.0
1992-07-07 00:00:00-04:00,6.339478415631233,6.476105105623286,6.312153077632822,6.421454429626465,838400,0.0,0.0
1992-07-08 00:00:00-04:00,6.421458519111246,6.448783874511719,6.394133163710772,6.448783874511719,531600,0.0,0.0
1992-07-09 00:00:00-04:00,6.448782248839044,6.5034329458631035,6.421456900327015,6.476107597351074,528900,0.0,0.0
1992-07-10 00:00:00-04:00,6.476107597351074,6.5034329458631035,6.394131551814985,6.476107597351074,200800,0.0,0.0
1992-07-13 00:00:00-04:00,6.50343656539917,6.50343656539917,6.448785837958841,6.50343656539917,269600,0.0,0.0
1992-07-14 00:00:00-04:00,6.476107597351074,6.5034329458631035,6.448782248839044,6.476107597351074,158400,0.0,0.0
1992-07-15 00:00:00-04:00,6.476107960939407,6.558084011077881,6.448782610893249,6.558084011077881,510900,0.0,0.0
1992-07-16 00:00:00-04:00,6.558088088925944,6.612738823000326,6.530762721888752,6.585413455963135,255100,0.0,0.0
1992-07-17 00:00:00-04:00,6.558082293267031,6.585407636155643,6.476106264601192,6.530756950378418,322000,0.0,0.0
1992-07-20 00:00:00-04:00,6.5034373548515605,6.585413455963135,6.476111987814369,6.585413455963135,420100,0.0,0.0
1992-07-21 00:00:00-04:00,6.5854093611240385,6.5854093611240385,6.558084011077881,6.558084011077881,253700,0.0,0.0
1992-07-22 00:00:00-04:00,6.530758661031723,6.5854093611240385,6.530758661031723,6.558084011077881,151300,0.0,0.0
1992-07-23 00:00:00-04:00,6.530759685295672,6.612735748291016,6.530759685295672,6.612735748291016,232100,0.0,0.0
1992-07-24 00:00:00-04:00,6.612734711170196,6.612734711170196,6.530758661031723,6.558084011077881,321400,0.0,0.0
1992-07-27 00:00:00-04:00,6.558088088925944,6.585413455963135,6.530762721888752,6.585413455963135,229300,0.0,0.0
1992-07-28 00:00:00-04:00,6.585410269912408,6.694711685180664,6.5580849160953445,6.694711685180664,399000,0.0,0.0
1992-07-29 00:00:00-04:00,6.694709868566227,6.776685907773161,6.694709868566227,6.74936056137085,808600,0.0,0.0
1992-07-30 00:00:00-04:00,6.74936056137085,6.74936056137085,6.694709868566227,6.74936056137085,273400,0.0,0.0
1992-07-31 00:00:00-04:00,6.749359046936035,6.858660408020019,6.722033706665039,6.831335067749023,222200,0.0,0.0
1992-08-03 00:00:00-04:00,6.804009727478027,6.858660408020019,6.804009727478027,6.831335067749023,168100,0.0,0.0
1992-08-04 00:00:00-04:00,6.804009727478027,6.858660408020019,6.776684387207031,6.831335067749023,320800,0.0,0.0
1992-08-05 00:00:00-04:00,6.804014828146958,6.831340188902568,6.722038745880127,6.722038745880127,277600,0.0,0.0
1992-08-06 00:00:00-04:00,6.722038745880127,6.7493641066357375,6.694713385124516,6.722038745880127,144100,0.0,0.0
1992-08-07 00:00:00-04:00,6.749361318926658,6.804012017865335,6.749361318926658,6.776686668395996,221600,0.0,0.0
1992-08-10 00:00:00-04:00,6.749359046936035,6.831335067749023,6.749359046936035,6.831335067749023,231300,0.0,0.0
1992-08-11 00:00:00-04:00,6.831337367334674,6.831337367334674,6.722035969457319,6.776686668395996,362600,0.0,0.0
1992-08-12 00:00:00-04:00,6.776689467391347,6.776689467391347,6.667388024368907,6.722038745880127,510100,0.0,0.0
1992-08-13 00:00:00-04:00,6.716485733848541,6.771993880409272,6.688731660568175,6.744239807128906,998200,0.475,0.0
1992-08-14 00:00:00-04:00,6.716485733848541,6.771993880409272,6.716485733848541,6.744239807128906,359800,0.0,0.0
1992-08-17 00:00:00-04:00,6.716487658963659,6.938520308846755,6.6887335777282715,6.6887335777282715,244700,0.0,0.0
1992-08-18 00:00:00-04:00,6.716485733848541,6.744239807128906,6.6609775872878085,6.744239807128906,326300,0.0,0.0
1992-08-19 00:00:00-04:00,6.744238378563706,6.827500580768196,6.716484311162209,6.799746513366699,247900,0.0,0.0
1992-08-20 00:00:00-04:00,6.82750274314255,6.82750274314255,6.744240514567641,6.771994590759277,341600,0.0,0.0
1992-08-21 00:00:00-04:00,6.799747226684074,6.82750129699707,6.744239086058082,6.82750129699707,468000,0.0,0.0
1992-08-24 00:00:00-04:00,6.771995821434433,6.79974990266982,6.6887335777282715,6.6887335777282715,246100,0.0,0.0
1992-08-25 00:00:00-04:00,6.716487658963659,6.716487658963659,6.660979496492884,6.6887335777282715,359300,0.0,0.0
1992-08-26 00:00:00-04:00,6.688731660568175,6.744239807128906,6.688731660568175,6.744239807128906,170700,0.0,0.0
1992-08-27 00:00:00-04:00,6.771993156371078,6.82750129699707,6.744239086058082,6.82750129699707,171900,0.0,0.0
1992-08-28 00:00:00-04:00,6.883009196293016,6.883009196293016,6.799746988273343,6.855255126953125,225700,0.0,0.0
1992-08-31 00:00:00-04:00,6.883009196293016,6.883009196293016,6.827501057613234,6.855255126953125,170700,0.0,0.0
1992-09-01 00:00:00-04:00,6.8552553673100665,6.8552553673100665,6.799747226684074,6.82750129699707,120900,0.0,0.0
1992-09-02 00:00:00-04:00,6.827501057613234,6.855255126953125,6.799746988273343,6.855255126953125,104800,0.0,0.0
1992-09-03 00:00:00-04:00,6.8552553673100665,6.8552553673100665,6.799747226684074,6.82750129699707,134900,0.0,0.0
1992-09-04 00:00:00-04:00,6.8552553673100665,6.883009437623063,6.82750129699707,6.82750129699707,211000,0.0,0.0
1992-09-08 00:00:00-04:00,6.855255126953125,6.855255126953125,6.799746988273343,6.855255126953125,165800,0.0,0.0
1992-09-09 00:00:00-04:00,6.827502712126701,6.8830108642578125,6.827502712126701,6.8830108642578125,370700,0.0,0.0
1992-09-10 00:00:00-04:00,6.883009196293016,6.883009196293016,6.855255126953125,6.855255126953125,223800,0.0,0.0
1992-09-11 00:00:00-04:00,6.883009196293016,6.883009196293016,6.855255126953125,6.855255126953125,184700,0.0,0.0
1992-09-14 00:00:00-04:00,6.883009437623063,6.910763507936059,6.82750129699707,6.82750129699707,384500,0.0,0.0
1992-09-15 00:00:00-04:00,6.827502759034968,6.827502759034968,6.6887323777537695,6.71648645401001,495400,0.0,0.0
1992-09-16 00:00:00-04:00,6.6887335777282715,6.744241740199046,6.660979496492884,6.6887335777282715,533000,0.0,0.0
1992-09-17 00:00:00-04:00,6.688730478286743,6.716484546661377,6.633222341537476,6.660976409912109,241200,0.0,0.0
1992-09-18 00:00:00-04:00,6.660976176359216,6.799746513366699,6.633222108957719,6.799746513366699,474300,0.0,0.0
1992-09-21 00:00:00-04:00,6.799746988273343,6.855255126953125,6.771992918933451,6.855255126953125,171100,0.0,0.0
1992-09-22 00:00:00-04:00,6.827500580768196,6.8552546481696925,6.799746513366699,6.799746513366699,233200,0.0,0.0
1992-09-23 00:00:00-04:00,6.827502026970004,6.827502026970004,6.716485733848541,6.744239807128906,227000,0.0,0.0
1992-09-24 00:00:00-04:00,6.771993156371078,6.82750129699707,6.771993156371078,6.82750129699707,180400,0.0,0.0
1992-09-25 00:00:00-04:00,6.799748636061145,6.8830108642578125,6.799748636061145,6.8830108642578125,209100,0.0,0.0
1992-09-28 00:00:00-04:00,6.883011995096923,7.021782398223877,6.855257914471532,7.021782398223877,335700,0.0,0.0
1992-09-29 00:00:00-04:00,6.966273307800293,6.9940273847238,6.910765153953279,6.966273307800293,320100,0.0,0.0
1992-09-30 00:00:00-04:00,6.9385192308767865,6.966273307800293,6.910765153953279,6.966273307800293,281100,0.0,0.0
1992-10-01 00:00:00-04:00,6.966274034500122,6.994028114318847,6.910765874862671,6.9385199546813965,222900,0.0,0.0
1992-10-02 00:00:00-04:00,6.938517334972799,6.938517334972799,6.827501057613234,6.855255126953125,139800,0.0,0.0
1992-10-05 00:00:00-04:00,6.8552553673100665,6.883009437623063,6.716485015745086,6.82750129699707,234700,0.0,0.0
1992-10-06 00:00:00-04:00,6.799748666950914,6.855256819334187,6.771994590759277,6.771994590759277,113200,0.0,0.0
1992-10-07 00:00:00-04:00,6.771994590759277,6.799748666950914,6.744240514567641,6.771994590759277,185700,0.0,0.0
1992-10-08 00:00:00-04:00,6.771992918933451,6.883009196293016,6.74423884959356,6.855255126953125,252800,0.0,0.0
1992-10-09 00:00:00-04:00,6.8552553673100665,6.883009437623063,6.799747226684074,6.82750129699707,287100,0.0,0.0
1992-10-12 00:00:00-04:00,6.827502712126701,6.8830108642578125,6.799748636061145,6.8830108642578125,115400,0.0,0.0
1992-10-13 00:00:00-04:00,6.855256788192257,6.8830108642578125,6.855256788192257,6.8830108642578125,143100,0.0,0.0
1992-10-14 00:00:00-04:00,6.883009437623063,6.883009437623063,6.771993156371078,6.82750129699707,241400,0.0,0.0
1992-10-15 00:00:00-04:00,6.799747226684074,6.8552553673100665,6.799747226684074,6.82750129699707,83300,0.0,0.0
1992-10-16 00:00:00-04:00,6.827500580768196,6.883008715571189,6.771992445965203,6.799746513366699,222000,0.0,0.0
1992-10-19 00:00:00-04:00,6.77199455999559,6.8830108642578125,6.77199455999559,6.8830108642578125,227300,0.0,0.0
1992-10-20 00:00:00-04:00,6.883012043903152,6.938520205547532,6.855257963080962,6.910766124725342,150200,0.0,0.0
1992-10-21 00:00:00-04:00,6.910763265632907,6.938517334972799,6.827501057613234,6.855255126953125,391500,0.0,0.0
1992-10-22 00:00:00-04:00,6.827500580768196,6.8552546481696925,6.799746513366699,6.799746513366699,128800,0.0,0.0
1992-10-23 00:00:00-04:00,6.799746513366699,6.827500580768196,6.771992445965203,6.799746513366699,114900,0.0,0.0
1992-10-26 00:00:00-05:00,6.799749801436581,6.910766124725342,6.799749801436581,6.910766124725342,106300,0.0,0.0
1992-10-27 00:00:00-05:00,6.855257715225219,6.966274034500122,6.827503635406494,6.9385199546813965,418300,0.0,0.0
1992-10-28 00:00:00-05:00,6.910765874862671,6.9385199546813965,6.883011795043945,6.9385199546813965,448600,0.0,0.0
1992-10-29 00:00:00-05:00,6.966274236973096,7.021782398223877,6.938520156347705,7.021782398223877,265400,0.0,0.0
1992-10-30 00:00:00-05:00,7.021782194137573,7.021782194137573,6.910765874862671,6.9385199546813965,173000,0.0,0.0
1992-11-02 00:00:00-05:00,6.966273307800293,6.966273307800293,6.910765153953279,6.966273307800293,131300,0.0,0.0
1992-11-03 00:00:00-05:00,6.9385199546813965,6.994028114318847,6.910765874862671,6.9385199546813965,340100,0.0,0.0
1992-11-04 00:00:00-05:00,6.910765153953279,6.966273307800293,6.910765153953279,6.966273307800293,207000,0.0,0.0
1992-11-05 00:00:00-05:00,6.9385192308767865,6.966273307800293,6.910765153953279,6.966273307800293,120300,0.0,0.0
1992-11-06 00:00:00-05:00,6.9385189858693925,6.994027137756348,6.9107649099259145,6.994027137756348,447200,0.0,0.0
1992-11-09 00:00:00-05:00,6.96627306181287,6.994027137756348,6.96627306181287,6.994027137756348,663700,0.0,0.0
1992-11-10 00:00:00-05:00,6.96627306181287,6.994027137756348,6.9385189858693925,6.994027137756348,663800,0.0,0.0
1992-11-11 00:00:00-05:00,6.96627306181287,6.994027137756348,6.96627306181287,6.994027137756348,581200,0.0,0.0
1992-11-12 00:00:00-05:00,6.960211277008057,7.016569263056705,6.932032283983732,6.960211277008057,1732100,0.475,0.0
1992-11-13 00:00:00-05:00,6.960211926890958,6.988390922546387,6.932032931235529,6.988390922546387,1021000,0.0,0.0
1992-11-16 00:00:00-05:00,6.960213517568198,7.044750523854451,6.960213517568198,7.016571521759033,530700,0.0,0.0
1992-11-17 00:00:00-05:00,7.016571687698365,7.044750690460205,6.988392684936524,7.044750690460205,237700,0.0,0.0
1992-11-18 00:00:00-05:00,7.044750690460205,7.101108695983887,7.016571687698365,7.044750690460205,282600,0.0,0.0
1992-11-19 00:00:00-05:00,7.044749905863606,7.0729289054870605,7.016570906240151,7.0729289054870605,232200,0.0,0.0
1992-11-20 00:00:00-05:00,7.1011061668396,7.129285159565153,7.072927174114046,7.1011061668396,537700,0.0,0.0
1992-11-23 00:00:00-05:00,7.101108241929367,7.157466243849441,7.101108241929367,7.129287242889404,203800,0.0,0.0
1992-11-24 00:00:00-05:00,7.129286904733969,7.185644903980878,7.0729289054870605,7.0729289054870605,327000,0.0,0.0
1992-11-25 00:00:00-05:00,7.0729289054870605,7.101107905110514,7.044749905863606,7.0729289054870605,212700,0.0,0.0
1992-11-27 00:00:00-05:00,7.101107905110514,7.129286904733969,7.0729289054870605,7.0729289054870605,69200,0.0,0.0
1992-11-30 00:00:00-05:00,7.072927174114046,7.1011061668396,7.072927174114046,7.1011061668396,268400,0.0,0.0
1992-12-01 00:00:00-05:00,7.072927174114046,7.129285159565153,7.072927174114046,7.1011061668396,661800,0.0,0.0
1992-12-02 00:00:00-05:00,7.101108241929367,7.129287242889404,7.101108241929367,7.129287242889404,156900,0.0,0.0
1992-12-03 00:00:00-05:00,7.157464152290708,7.157464152290708,7.1011061668396,7.1011061668396,312200,0.0,0.0
1992-12-04 00:00:00-05:00,7.101108695983887,7.129287698745728,7.044750690460205,7.044750690460205,242300,0.0,0.0
1992-12-07 00:00:00-05:00,7.016571521759033,7.044750523854451,6.988392519663615,7.016571521759033,175600,0.0,0.0
1992-12-08 00:00:00-05:00,7.016571521759033,7.044750523854451,7.016571521759033,7.016571521759033,109000,0.0,0.0
1992-12-09 00:00:00-05:00,7.016570906240151,7.0729289054870605,6.988391906616697,7.0729289054870605,237100,0.0,0.0
1992-12-10 00:00:00-05:00,7.044749905863606,7.101107905110514,7.044749905863606,7.0729289054870605,272000,0.0,0.0
1992-12-11 00:00:00-05:00,7.044748181388492,7.1011061668396,7.044748181388492,7.1011061668396,302900,0.0,0.0
1992-12-14 00:00:00-05:00,7.101108241929367,7.157466243849441,7.07292924096933,7.129287242889404,142100,0.0,0.0
1992-12-15 00:00:00-05:00,7.101109987146714,7.213826018688725,7.072930979261211,7.185647010803223,263300,0.0,0.0
1992-12-16 00:00:00-05:00,7.213826018688725,7.242005026574228,7.15746800291772,7.185647010803223,203600,0.0,0.0
1992-12-17 00:00:00-05:00,7.15746800291772,7.185647010803223,7.15746800291772,7.185647010803223,106000,0.0,0.0
1992-12-18 00:00:00-05:00,7.2138246048328485,7.2701826095581055,7.1574666001075915,7.2701826095581055,549200,0.0,0.0
1992-12-21 00:00:00-05:00,7.2420036071954765,7.2983616119207335,7.2420036071954765,7.2701826095581055,130300,0.0,0.0
1992-12-22 00:00:00-05:00,7.270181825262239,7.326539823907683,7.242002825939517,7.298360824584961,310900,0.0,0.0
1992-12-23 00:00:00-05:00,7.2983636837879216,7.382900714874268,7.2983636837879216,7.382900714874268,307300,0.0,0.0
1992-12-24 00:00:00-05:00,7.411077163228587,7.411077163228587,7.354719161987305,7.354719161987305,130900,0.0,0.0
1992-12-28 00:00:00-05:00,7.354719471931458,7.354719471931458,7.326540470123291,7.326540470123291,152300,0.0,0.0
1992-12-29 00:00:00-05:00,7.382900714874268,7.411079725236383,7.354721704512152,7.382900714874268,433000,0.0,0.0
1992-12-30 00:00:00-05:00,7.411079725236383,7.411079725236383,7.354721704512152,7.382900714874268,664900,0.0,0.0
1992-12-31 00:00:00-05:00,7.411077163228587,7.411077163228587,7.354719161987305,7.354719161987305,238900,0.0,0.0
1993-01-04 00:00:00-05:00,7.382898162607946,7.382898162607946,7.326540161366664,7.354719161987305,130800,0.0,0.0
1993-01-05 00:00:00-05:00,7.326539823907683,7.382897822553126,7.298360824584961,7.298360824584961,181100,0.0,0.0
1993-01-06 00:00:00-05:00,7.298360824584961,7.326539823907683,7.270181825262239,7.298360824584961,337100,0.0,0.0
1993-01-07 00:00:00-05:00,7.298359522095914,7.3265385163897205,7.213822539214494,7.242001533508301,255900,0.0,0.0
1993-01-08 00:00:00-05:00,7.242003416451882,7.242003416451882,7.129287409970141,7.157466411590576,230100,0.0,0.0
1993-01-11 00:00:00-05:00,7.157464550626881,7.242001533508301,7.101106562039267,7.242001533508301,348500,0.0,0.0
1993-01-12 00:00:00-05:00,7.213820457458496,7.241999443620443,7.185641471296549,7.213820457458496,87400,0.0,0.0
1993-01-13 00:00:00-05:00,7.213824462890625,7.354719471931458,7.213824462890625,7.326540470123291,237100,0.0,0.0
1993-01-14 00:00:00-05:00,7.326540161366664,7.354719161987305,7.2701821601253815,7.354719161987305,264600,0.0,0.0
1993-01-15 00:00:00-05:00,7.411077163228587,7.411077163228587,7.354719161987305,7.354719161987305,170600,0.0,0.0
1993-01-18 00:00:00-05:00,7.354719161987305,7.382898162607946,7.326540161366664,7.354719161987305,53700,0.0,0.0
1993-01-19 00:00:00-05:00,7.326542694150037,7.411079725236383,7.326542694150037,7.382900714874268,141800,0.0,0.0
1993-01-20 00:00:00-05:00,7.354719161987305,7.382898162607946,7.354719161987305,7.354719161987305,109800,0.0,0.0
1993-01-21 00:00:00-05:00,7.326535961844705,7.439251899719238,7.2701779929074375,7.439251899719238,191500,0.0,0.0
1993-01-22 00:00:00-05:00,7.439256022638241,7.467435022723992,7.382898022466739,7.41107702255249,371200,0.0,0.0
1993-01-25 00:00:00-05:00,7.411076410761419,7.495613404040067,7.411076410761419,7.467434406280518,259700,0.0,0.0
1993-01-26 00:00:00-05:00,7.467435022723992,7.523793022895494,7.41107702255249,7.41107702255249,152100,0.0,0.0
1993-01-27 00:00:00-05:00,7.411072915250605,7.439251899719238,7.411072915250605,7.439251899719238,141300,0.0,0.0
1993-01-28 00:00:00-05:00,7.411075165397242,7.551970130518863,7.382896172372918,7.495612144470215,393300,0.0,0.0
1993-01-29 00:00:00-05:00,7.467436019372763,7.5801520347595215,7.467436019372763,7.5801520347595215,198000,0.0,0.0
1993-02-01 00:00:00-05:00,7.551972108728745,7.6646881103515625,7.551972108728745,7.6646881103515625,213200,0.0,0.0
1993-02-02 00:00:00-05:00,7.636509109945859,7.6646881103515625,7.608330109540154,7.6646881103515625,565800,0.0,0.0
1993-02-03 00:00:00-05:00,7.692863351648504,7.777400311556729,7.692863351648504,7.749221324920654,276900,0.0,0.0
1993-02-04 00:00:00-05:00,7.7492226873125345,7.9464756284441265,7.7492226873125345,7.890117645263672,341900,0.0,0.0
1993-02-05 00:00:00-05:00,7.833759485607079,7.8619384765625,7.777401503696236,7.8619384765625,244300,0.0,0.0
1993-02-08 00:00:00-05:00,7.861941793690557,7.861941793690557,7.77740478515625,7.77740478515625,184600,0.0,0.0
1993-02-09 00:00:00-05:00,7.777403694262608,7.861940690939375,7.749224695370352,7.833761692047119,851000,0.0,0.0
1993-02-10 00:00:00-05:00,7.830332179000412,7.887487888336182,7.773176469664643,7.887487888336182,819200,0.485,0.0
1993-02-11 00:00:00-05:00,7.858910033668297,7.944643597671951,7.858910033668297,7.887487888336182,621500,0.0,0.0
1993-02-12 00:00:00-05:00,7.858909177084039,7.8874870286370715,7.801753473977973,7.830331325531006,136800,0.0,0.0
1993-02-16 00:00:00-05:00,7.88748418367826,7.916062024923471,7.801750659942627,7.801750659942627,231100,0.0,0.0
1993-02-17 00:00:00-05:00,7.801754324332528,7.887487888336182,7.744598614996758,7.887487888336182,304100,0.0,0.0
1993-02-18 00:00:00-05:00,7.858912164674086,7.91606788950808,7.716022852589102,7.773178577423096,379400,0.0,0.0
1993-02-19 00:00:00-05:00,7.830327002785422,7.858904838562012,7.773171331232244,7.858904838562012,386100,0.0,0.0
1993-02-22 00:00:00-05:00,7.858911030729051,8.144689613664653,7.858911030729051,8.116111755371094,418200,0.0,0.0
1993-02-23 00:00:00-05:00,8.14468779462449,8.14468779462449,8.058954238891602,8.058954238891602,263800,0.0,0.0
1993-02-24 00:00:00-05:00,8.087532043457031,8.087532043457031,7.973220636482374,8.087532043457031,356900,0.0,0.0
1993-02-25 00:00:00-05:00,8.058956038783974,8.116111755371094,8.058956038783974,8.116111755371094,349900,0.0,0.0
1993-02-26 00:00:00-05:00,8.087532090802565,8.116109942713528,8.001798535069675,8.058954238891602,314200,0.0,0.0
1993-03-01 00:00:00-05:00,8.030374567849295,8.058952413286482,8.00179672241211,8.00179672241211,403400,0.0,0.0
1993-03-02 00:00:00-05:00,8.001798535069675,8.058954238891602,7.973220683158712,8.058954238891602,306400,0.0,0.0
1993-03-03 00:00:00-05:00,8.030378180490413,8.144689613664653,8.030378180490413,8.116111755371094,187100,0.0,0.0
1993-03-04 00:00:00-05:00,8.144689559936523,8.173267418041563,8.116111701831482,8.144689559936523,293800,0.0,0.0
1993-03-05 00:00:00-05:00,8.11610999056453,8.11610999056453,8.030376434326172,8.030376434326172,220000,0.0,0.0
1993-03-08 00:00:00-05:00,8.087533897077533,8.116111755371094,8.087533897077533,8.116111755371094,282600,0.0,0.0
1993-03-09 00:00:00-05:00,8.116111701831482,8.173267418041563,8.087533843726442,8.144689559936523,222900,0.0,0.0
1993-03-10 00:00:00-05:00,8.144689559936523,8.173267418041563,8.144689559936523,8.144689559936523,239200,0.0,0.0
1993-03-11 00:00:00-05:00,8.144688556244324,8.20184426541095,8.144688556244324,8.173266410827637,200600,0.0,0.0
1993-03-12 00:00:00-05:00,8.11610999056453,8.11610999056453,8.00179858224672,8.030376434326172,317700,0.0,0.0
1993-03-15 00:00:00-05:00,8.030376530035422,8.058954382455477,7.944642972775258,7.9732208251953125,101200,0.0,0.0
1993-03-16 00:00:00-05:00,8.001798535069675,8.058954238891602,7.973220683158712,8.058954238891602,269900,0.0,0.0
1993-03-17 00:00:00-05:00,8.00179672241211,8.030374567849295,7.973218876974923,8.00179672241211,149400,0.0,0.0
1993-03-18 00:00:00-05:00,8.001798535069675,8.087532090802565,8.001798535069675,8.058954238891602,425300,0.0,0.0
1993-03-19 00:00:00-05:00,8.087530258723667,8.087530258723667,8.00179672241211,8.00179672241211,324800,0.0,0.0
1993-03-22 00:00:00-05:00,8.00179672241211,8.00179672241211,7.944641031537737,8.00179672241211,185300,0.0,0.0
1993-03-23 00:00:00-05:00,8.030376434326172,8.030376434326172,7.9732207301672675,8.030376434326172,165300,0.0,0.0
1993-03-24 00:00:00-05:00,8.030374567849295,8.087530258723667,8.00179672241211,8.00179672241211,372800,0.0,0.0
1993-03-25 00:00:00-05:00,8.030376386980638,8.087532090802565,8.001798535069675,8.058954238891602,185700,0.0,0.0
1993-03-26 00:00:00-05:00,8.058954286405625,8.087532138485077,8.00179858224672,8.030376434326172,236600,0.0,0.0
1993-03-29 00:00:00-05:00,8.058955985621402,8.144689559936523,8.03037812751636,8.144689559936523,236300,0.0,0.0
1993-03-30 00:00:00-05:00,8.144689559936523,8.144689559936523,8.116111701831482,8.144689559936523,101100,0.0,0.0
1993-03-31 00:00:00-05:00,8.116111701831482,8.144689559936523,8.116111701831482,8.144689559936523,260000,0.0,0.0
1993-04-01 00:00:00-05:00,8.116109942713528,8.14468779462449,8.058954238891602,8.058954238891602,179200,0.0,0.0
1993-04-02 00:00:00-05:00,8.058954238891602,8.087532090802565,8.030376386980638,8.058954238891602,161400,0.0,0.0
1993-04-05 00:00:00-04:00,8.058956038783974,8.116111755371094,8.030378180490413,8.116111755371094,105900,0.0,0.0
1993-04-06 00:00:00-04:00,8.116111701831482,8.144689559936523,8.087533843726442,8.144689559936523,115400,0.0,0.0
1993-04-07 00:00:00-04:00,8.144689559936523,8.173267418041563,8.116111701831482,8.144689559936523,128400,0.0,0.0
1993-04-08 00:00:00-04:00,8.144688556244324,8.173266410827637,8.11611070166101,8.173266410827637,124500,0.0,0.0
1993-04-12 00:00:00-04:00,8.230417153269975,8.316150665283203,8.230417153269975,8.316150665283203,176900,0.0,0.0
1993-04-13 00:00:00-04:00,8.287578478251417,8.373312048716087,8.25900062142986,8.344734191894531,280600,0.0,0.0
1993-04-14 00:00:00-04:00,8.344734191894531,8.401889905537644,8.316156335072975,8.344734191894531,146800,0.0,0.0
1993-04-15 00:00:00-04:00,8.373310994128792,8.401888847351074,8.34473314090651,8.401888847351074,118900,0.0,0.0
1993-04-16 00:00:00-04:00,8.430468450090299,8.544779886701694,8.40189059093745,8.487624168395996,297900,0.0,0.0
1993-04-19 00:00:00-04:00,8.487622407017922,8.516200260240204,8.373310994128792,8.401888847351074,250300,0.0,0.0
1993-04-20 00:00:00-04:00,8.401888171831766,8.401888171831766,8.201843215359581,8.23042106628418,337200,0.0,0.0
1993-04-21 00:00:00-04:00,8.230422119994264,8.230422119994264,8.144688556244324,8.173266410827637,162200,0.0,0.0
1993-04-22 00:00:00-04:00,8.116109895200696,8.201843450431689,8.087532043457031,8.087532043457031,183500,0.0,0.0
1993-04-23 00:00:00-04:00,8.030376386980638,8.116109942713528,8.030376386980638,8.058954238891602,151400,0.0,0.0
1993-04-26 00:00:00-04:00,8.001798488226038,8.116109895200696,8.001798488226038,8.087532043457031,269000,0.0,0.0
1993-04-27 00:00:00-04:00,8.058956038783974,8.173267471958214,8.058956038783974,8.116111755371094,152400,0.0,0.0
1993-04-28 00:00:00-04:00,8.087532847077696,8.173266410827637,8.087532847077696,8.173266410827637,135100,0.0,0.0
1993-04-29 00:00:00-04:00,8.144689559936523,8.144689559936523,8.087533843726442,8.144689559936523,158600,0.0,0.0
1993-04-30 00:00:00-04:00,8.14468774694436,8.173265598688024,8.030376339969703,8.087532043457031,153100,0.0,0.0
1993-05-03 00:00:00-04:00,8.087533843726442,8.173267418041563,8.03037812751636,8.144689559936523,183700,0.0,0.0
1993-05-04 00:00:00-04:00,8.144687513510386,8.258998917208777,8.144687513510386,8.23042106628418,209000,0.0,0.0
1993-05-05 00:00:00-04:00,8.230423134251645,8.230423134251645,8.144689559936523,8.144689559936523,172400,0.0,0.0
1993-05-06 00:00:00-04:00,8.144688556244324,8.20184426541095,8.144688556244324,8.173266410827637,83300,0.0,0.0
1993-05-07 00:00:00-04:00,8.144688556244324,8.20184426541095,8.144688556244324,8.173266410827637,209200,0.0,0.0
1993-05-10 00:00:00-04:00,8.20184326171875,8.258998963891006,8.173265410632622,8.20184326171875,160400,0.0,0.0
1993-05-11 00:00:00-04:00,8.230417218587803,8.258995056152344,8.201839381023262,8.258995056152344,193400,0.0,0.0
1993-05-12 00:00:00-04:00,8.258999974577577,8.258999974577577,8.173266410827637,8.173266410827637,269800,0.0,0.0
1993-05-13 00:00:00-04:00,8.11184548803801,8.11184548803801,7.851107597351074,7.851107597351074,971600,0.485,0.0
1993-05-14 00:00:00-04:00,7.851107432429952,7.851107432429952,7.677282175623385,7.7062530517578125,642600,0.0,0.0
1993-05-17 00:00:00-04:00,7.706253369649252,7.73522424697876,7.648311614990234,7.73522424697876,338900,0.0,0.0
1993-05-18 00:00:00-04:00,7.764194804026668,7.7931656801610965,7.677282175623385,7.7062530517578125,424000,0.0,0.0
1993-05-19 00:00:00-04:00,7.677285899134244,7.880082130432129,7.532431448207182,7.880082130432129,663600,0.0,0.0
1993-05-20 00:00:00-04:00,7.822139263153076,7.880081035472729,7.7931683769932505,7.822139263153076,133700,0.0,0.0
1993-05-21 00:00:00-04:00,7.822136878967285,7.822136878967285,7.648311614990234,7.73522424697876,184200,0.0,0.0
1993-05-24 00:00:00-04:00,7.706255105004382,7.822138640417981,7.677284221150981,7.764196872711182,352700,0.0,0.0
1993-05-25 00:00:00-04:00,7.7931683769932505,7.822139263153076,7.764197490833424,7.822139263153076,382200,0.0,0.0
1993-05-26 00:00:00-04:00,7.793169459875893,7.995965691173779,7.793169459875893,7.880082130432129,404900,0.0,0.0
1993-05-27 00:00:00-04:00,7.909051921632555,7.938022807792382,7.822139263153076,7.822139263153076,150300,0.0,0.0
1993-05-28 00:00:00-04:00,7.822136878967285,7.9090495109558105,7.822136878967285,7.9090495109558105,327600,0.0,0.0
1993-06-01 00:00:00-04:00,7.966992675617177,8.111847087901126,7.966992675617177,8.082876205444336,224400,0.0,0.0
1993-06-02 00:00:00-04:00,8.053903579711914,8.082874455897928,8.0249327035259,8.053903579711914,150800,0.0,0.0
1993-06-03 00:00:00-04:00,8.053903579711914,8.082874455897928,7.966990951153871,8.053903579711914,133300,0.0,0.0
1993-06-04 00:00:00-04:00,8.053903417310853,8.053903417310853,7.96699079050534,7.995961666107178,134600,0.0,0.0
1993-06-07 00:00:00-04:00,8.024932541709015,8.024932541709015,7.909049039301665,7.995961666107178,123000,0.0,0.0
1993-06-08 00:00:00-04:00,7.966992675617177,8.111847087901126,7.966992675617177,8.082876205444336,733000,0.0,0.0
1993-06-09 00:00:00-04:00,8.111847087901126,8.111847087901126,8.053905322987546,8.082876205444336,167800,0.0,0.0
1993-06-10 00:00:00-04:00,8.053907566552558,8.082878457079726,8.02493667602539,8.02493667602539,138800,0.0,0.0
1993-06-11 00:00:00-04:00,8.053906106948853,8.111847877502441,8.053906106948853,8.111847877502441,241400,0.0,0.0
1993-06-14 00:00:00-04:00,8.111845332083941,8.111845332083941,8.0249327035259,8.053903579711914,126700,0.0,0.0
1993-06-15 00:00:00-04:00,8.053903579711914,8.082874455897928,8.0249327035259,8.053903579711914,87200,0.0,0.0
1993-06-16 00:00:00-04:00,8.082878457079726,8.082878457079726,7.995965785498223,8.02493667602539,187600,0.0,0.0
1993-06-17 00:00:00-04:00,8.024934621290727,8.024934621290727,7.9669928550720215,7.9669928550720215,159000,0.0,0.0
1993-06-18 00:00:00-04:00,7.995965785498223,8.053907566552558,7.966994894971056,8.02493667602539,462900,0.0,0.0
1993-06-21 00:00:00-04:00,8.053903579711914,8.053903579711914,7.995961827339886,8.053903579711914,255200,0.0,0.0
1993-06-22 00:00:00-04:00,8.053907566552558,8.053907566552558,7.966994894971056,8.02493667602539,479400,0.0,0.0
1993-06-23 00:00:00-04:00,8.053905322987546,8.082876205444336,8.024934440530757,8.082876205444336,178100,0.0,0.0
1993-06-24 00:00:00-04:00,8.024933176956992,8.169787566432749,8.024933176956992,8.140816688537598,257200,0.0,0.0
1993-06-25 00:00:00-04:00,8.198758125305176,8.198758125305176,8.14081637176945,8.198758125305176,209500,0.0,0.0
1993-06-28 00:00:00-04:00,8.198756560215966,8.343610916403527,8.198756560215966,8.314640045166016,154600,0.0,0.0
1993-06-29 00:00:00-04:00,8.285670755608765,8.285670755608765,8.198758125305176,8.198758125305176,219700,0.0,0.0
1993-06-30 00:00:00-04:00,8.198761155419316,8.256702930369276,8.169790267944336,8.169790267944336,251300,0.0,0.0
1993-07-01 00:00:00-04:00,8.140818880315413,8.285673308790775,8.140818880315413,8.256702423095703,172700,0.0,0.0
1993-07-02 00:00:00-04:00,8.256702423095703,8.285673308790775,8.227731537400631,8.256702423095703,509400,0.0,0.0
1993-07-06 00:00:00-04:00,8.285669173928502,8.314640045166016,8.25669830269099,8.314640045166016,443800,0.0,0.0
1993-07-07 00:00:00-04:00,8.314642743931877,8.343613624572754,8.314642743931877,8.343613624572754,286800,0.0,0.0
1993-07-08 00:00:00-04:00,8.314641478966022,8.401554107666016,8.314641478966022,8.401554107666016,218400,0.0,0.0
1993-07-09 00:00:00-04:00,8.401554107666016,8.401554107666016,8.343612355199353,8.401554107666016,305000,0.0,0.0
1993-07-12 00:00:00-04:00,8.37258386945391,8.37258386945391,8.28567123413086,8.28567123413086,196800,0.0,0.0
1993-07-13 00:00:00-04:00,8.314640045166016,8.343610916403527,8.285669173928502,8.314640045166016,254600,0.0,0.0
1993-07-14 00:00:00-04:00,8.314642743931877,8.40155538585451,8.314642743931877,8.343613624572754,281900,0.0,0.0
1993-07-15 00:00:00-04:00,8.343613624572754,8.372584505213633,8.314642743931877,8.343613624572754,121600,0.0,0.0
1993-07-16 00:00:00-04:00,8.343612991012893,8.37258386945391,8.28567123413086,8.28567123413086,289400,0.0,0.0
1993-07-19 00:00:00-04:00,8.314640045166016,8.343610916403527,8.285669173928502,8.314640045166016,152600,0.0,0.0
1993-07-20 00:00:00-04:00,8.31464163572318,8.372583389282227,8.285670758943656,8.372583389282227,129600,0.0,0.0
1993-07-21 00:00:00-04:00,8.314640045166016,8.343610916403527,8.285669173928502,8.314640045166016,241100,0.0,0.0
1993-07-22 00:00:00-04:00,8.343612512502704,8.372583389282227,8.31464163572318,8.372583389282227,195600,0.0,0.0
1993-07-23 00:00:00-04:00,8.343613624572754,8.372584505213633,8.314642743931877,8.343613624572754,278800,0.0,0.0
1993-07-26 00:00:00-04:00,8.343612512502704,8.372583389282227,8.31464163572318,8.372583389282227,109100,0.0,0.0
1993-07-27 00:00:00-04:00,8.343613624572754,8.430526266495388,8.285671863290998,8.343613624572754,400200,0.0,0.0
1993-07-28 00:00:00-04:00,8.343610916403527,8.401552658878552,8.314640045166016,8.314640045166016,283000,0.0,0.0
1993-07-29 00:00:00-04:00,8.343612355199353,8.401554107666016,8.28567060273269,8.401554107666016,228700,0.0,0.0
1993-07-30 00:00:00-04:00,8.401553950358911,8.48846657743159,8.372583074668018,8.430524826049805,227800,0.0,0.0
1993-08-02 00:00:00-04:00,8.430530022601692,8.51744270324707,8.430530022601692,8.51744270324707,194200,0.0,0.0
1993-08-03 00:00:00-04:00,8.488471809698611,8.54641359679553,8.488471809698611,8.51744270324707,289500,0.0,0.0
1993-08-04 00:00:00-04:00,8.51744270324707,8.575384490343989,8.488471809698611,8.51744270324707,402800,0.0,0.0
1993-08-05 00:00:00-04:00,8.546414198102177,8.575385093688965,8.51744330251539,8.575385093688965,212800,0.0,0.0
1993-08-06 00:00:00-04:00,8.575384490343989,8.575384490343989,8.51744270324707,8.51744270324707,316200,0.0,0.0
1993-08-09 00:00:00-04:00,8.51744330251539,8.604355989275751,8.51744330251539,8.575385093688965,396700,0.0,0.0
1993-08-10 00:00:00-04:00,8.575385093688965,8.604355989275751,8.546414198102177,8.575385093688965,126800,0.0,0.0
1993-08-11 00:00:00-04:00,8.546408338578864,8.604350090026855,8.517437462854868,8.604350090026855,311500,0.0,0.0
1993-08-12 00:00:00-04:00,8.571475574888032,8.600829943295183,8.51276683807373,8.51276683807373,2533700,0.485,0.0
1993-08-13 00:00:00-04:00,8.54211711883545,8.57147147319571,8.454054055754671,8.54211711883545,857900,0.0,0.0
1993-08-16 00:00:00-04:00,8.512768190201015,8.571476936340332,8.512768190201015,8.571476936340332,179000,0.0,0.0
1993-08-17 00:00:00-04:00,8.54211571967313,8.571470069225272,8.483407020568848,8.483407020568848,443700,0.0,0.0
1993-08-18 00:00:00-04:00,8.51276137012099,8.51276137012099,8.424698321464565,8.483407020568848,218900,0.0,0.0
1993-08-19 00:00:00-04:00,8.483412469666579,8.51276683807373,8.45405810125943,8.51276683807373,94000,0.0,0.0
1993-08-20 00:00:00-04:00,8.51276276447519,8.54211711883545,8.483408410114931,8.54211711883545,315100,0.0,0.0
1993-08-23 00:00:00-04:00,8.51276683807373,8.542121206480882,8.51276683807373,8.51276683807373,186700,0.0,0.0
1993-08-24 00:00:00-04:00,8.51277074716197,8.600833892822266,8.51277074716197,8.600833892822266,138400,0.0,0.0
1993-08-25 00:00:00-04:00,8.60083130940999,8.630185682479649,8.542122563270674,8.571476936340332,266000,0.0,0.0
1993-08-26 00:00:00-04:00,8.5714795109355,8.600833892822266,8.542125129048735,8.600833892822266,233000,0.0,0.0
1993-08-27 00:00:00-04:00,8.600833892822266,8.600833892822266,8.5714795109355,8.600833892822266,172600,0.0,0.0
1993-08-30 00:00:00-04:00,8.571476936340332,8.630185682479649,8.571476936340332,8.571476936340332,208900,0.0,0.0
1993-08-31 00:00:00-04:00,8.630183219909668,8.659537584603239,8.600828855216097,8.630183219909668,258400,0.0,0.0
1993-09-01 00:00:00-04:00,8.600828855216097,8.630183219909668,8.542120125828957,8.630183219909668,291000,0.0,0.0
1993-09-02 00:00:00-04:00,8.60083130940999,8.630185682479649,8.542122563270674,8.571476936340332,272700,0.0,0.0
1993-09-03 00:00:00-04:00,8.571474490522528,8.659537584603239,8.542120125828957,8.630183219909668,226100,0.0,0.0
1993-09-07 00:00:00-04:00,8.600833892822266,8.659542656595796,8.5714795109355,8.600833892822266,117400,0.0,0.0
1993-09-08 00:00:00-04:00,8.630189315692798,8.688898086547852,8.600834930265272,8.688898086547852,193200,0.0,0.0
1993-09-09 00:00:00-04:00,8.659538676843098,8.747601782031333,8.659538676843098,8.718247413635254,170900,0.0,0.0
1993-09-10 00:00:00-04:00,8.71825263673896,8.86502456665039,8.71825263673896,8.86502456665039,245800,0.0,0.0
1993-09-13 00:00:00-04:00,8.86502456665039,8.86502456665039,8.835670180668105,8.86502456665039,201800,0.0,0.0
1993-09-14 00:00:00-04:00,8.865017046064338,8.865017046064338,8.718245240665922,8.747599601745605,246000,0.0,0.0
1993-09-15 00:00:00-04:00,8.68889087958624,8.747599601745605,8.600827796347188,8.747599601745605,218500,0.0,0.0
1993-09-16 00:00:00-04:00,8.776957511901855,8.806311884851361,8.747603138952352,8.776957511901855,213600,0.0,0.0
1993-09-17 00:00:00-04:00,8.630184440612792,8.806310653686523,8.630184440612792,8.806310653686523,633400,0.0,0.0
1993-09-20 00:00:00-04:00,8.806308323904972,8.835662684984655,8.718245240665922,8.747599601745605,185900,0.0,0.0
1993-09-21 00:00:00-04:00,8.718247413635254,8.747601782031333,8.688893045239176,8.718247413635254,166200,0.0,0.0
1993-09-22 00:00:00-04:00,8.718247547149659,8.806310653686523,8.718247547149659,8.806310653686523,166900,0.0,0.0
1993-09-23 00:00:00-04:00,8.776961242830431,8.806315628257957,8.688898086547852,8.688898086547852,136900,0.0,0.0
1993-09-24 00:00:00-04:00,8.688894428618967,8.718248801688626,8.542122563270674,8.571476936340332,226800,0.0,0.0
1993-09-27 00:00:00-04:00,8.630183219909668,8.688891949296808,8.630183219909668,8.630183219909668,169500,0.0,0.0
1993-09-28 00:00:00-04:00,8.659543701120326,8.688898086547852,8.659543701120326,8.688898086547852,80400,0.0,0.0
1993-09-29 00:00:00-04:00,8.688888890636745,8.688888890636745,8.54211711883545,8.54211711883545,335600,0.0,0.0
1993-09-30 00:00:00-04:00,8.54211571967313,8.54211571967313,8.424698321464565,8.483407020568848,150600,0.0,0.0
1993-10-01 00:00:00-04:00,8.45405810125943,8.51276683807373,8.424703732852278,8.51276683807373,193600,0.0,0.0
1993-10-04 00:00:00-04:00,8.512766011111387,8.512766011111387,8.336639817778048,8.39534854888916,877700,0.0,0.0
1993-10-05 00:00:00-04:00,8.395349644600076,8.42470401398679,8.24857779766651,8.277932167053223,364900,0.0,0.0
1993-10-06 00:00:00-04:00,8.307281049545125,8.307281049545125,8.219217999549947,8.24857234954834,283200,0.0,0.0
1993-10-07 00:00:00-04:00,8.277932167053223,8.277932167053223,8.219223428279795,8.277932167053223,96800,0.0,0.0
1993-10-08 00:00:00-04:00,8.307282447814941,8.365991157693491,8.24857373793639,8.307282447814941,340000,0.0,0.0
1993-10-11 00:00:00-04:00,8.307282447814941,8.336636802754217,8.24857373793639,8.307282447814941,102000,0.0,0.0
1993-10-12 00:00:00-04:00,8.33664090582665,8.365995275213363,8.277932167053223,8.277932167053223,376200,0.0,0.0
1993-10-13 00:00:00-04:00,8.248578347478594,8.277932718821935,8.131160862105233,8.219223976135254,339100,0.0,0.0
1993-10-14 00:00:00-04:00,8.248578199198548,8.54212190735508,8.248578199198548,8.336641311645508,220000,0.0,0.0
1993-10-15 00:00:00-04:00,8.395350853602093,8.483413974444073,8.365996479988098,8.454059600830078,336400,0.0,0.0
1993-10-18 00:00:00-04:00,8.424702914444717,8.454057280000272,8.365994183333603,8.39534854888916,315900,0.0,0.0
1993-10-19 00:00:00-04:00,8.424704551696777,8.424704551696777,8.336641437915974,8.424704551696777,433100,0.0,0.0
1993-10-20 00:00:00-04:00,8.395350853602093,8.454059600830078,8.365996479988098,8.454059600830078,215000,0.0,0.0
1993-10-21 00:00:00-04:00,8.424705107170238,8.454059480365954,8.365996360778809,8.365996360778809,179400,0.0,0.0
1993-10-22 00:00:00-04:00,8.336635399543518,8.36598974954191,8.219217999549947,8.24857234954834,263400,0.0,0.0
1993-10-25 00:00:00-04:00,8.277931477901708,8.277931477901708,7.984387808472571,8.043096542358398,377600,0.0,0.0
1993-10-26 00:00:00-04:00,8.043096542358398,8.072450909301311,7.984387808472571,8.043096542358398,254200,0.0,0.0
1993-10-27 00:00:00-04:00,8.043095321655272,8.072449684143066,8.01374095916748,8.072449684143066,253000,0.0,0.0
1993-10-28 00:00:00-04:00,8.07244794831859,8.160511016845703,8.07244794831859,8.160511016845703,276300,0.0,0.0
1993-10-29 00:00:00-04:00,8.160511016845703,8.189865373021407,8.101802304494296,8.160511016845703,184400,0.0,0.0
1993-11-01 00:00:00-05:00,8.160515106972374,8.160515106972374,8.072451994307205,8.131160736083984,78000,0.0,0.0
1993-11-02 00:00:00-05:00,8.072450494065004,8.101804859497967,7.95503303233315,7.984387397766113,213200,0.0,0.0
1993-11-03 00:00:00-05:00,7.955031935985272,7.955031935985272,7.544070876561679,7.632133960723877,631200,0.0,0.0
1993-11-04 00:00:00-05:00,7.573423998696463,7.661487068448748,7.367943502607799,7.3972978591918945,556900,0.0,0.0
1993-11-05 00:00:00-05:00,7.397301254569324,7.602781844974028,7.397301254569324,7.544073104858398,730900,0.0,0.0
1993-11-08 00:00:00-05:00,7.573428153991699,7.690845644751261,7.514719408611919,7.573428153991699,519000,0.0,0.0
1993-11-09 00:00:00-05:00,7.690845644751261,7.690845644751261,7.573428153991699,7.573428153991699,269200,0.0,0.0
1993-11-10 00:00:00-05:00,7.569853328523181,7.629458472842262,7.480445612044561,7.510248184204102,346900,0.485,0.0
1993-11-11 00:00:00-05:00,7.540051460266113,7.569854035207877,7.5102488853243505,7.540051460266113,163700,0.0,0.0
1993-11-12 00:00:00-05:00,7.5400493088669664,7.6294570081815944,7.510246742428757,7.569851875305176,170600,0.0,0.0
1993-11-15 00:00:00-05:00,7.569852398287865,7.569852398287865,7.331431850310294,7.3910369873046875,327800,0.0,0.0
1993-11-16 00:00:00-05:00,7.420840201658361,7.629458199295343,7.420840201658361,7.599655628204346,439400,0.0,0.0
1993-11-17 00:00:00-05:00,7.629458472842262,7.659261045001802,7.420840467725482,7.510248184204102,346000,0.0,0.0
1993-11-18 00:00:00-05:00,7.510247977383165,7.510247977383165,7.361235120689055,7.420840263366699,449900,0.0,0.0
1993-11-19 00:00:00-05:00,7.420840790806984,7.420840790806984,7.242025350064647,7.30163049697876,325300,0.0,0.0
1993-11-22 00:00:00-05:00,7.331431850310294,7.45064212429908,7.212221576321509,7.3910369873046875,412200,0.0,0.0
1993-11-23 00:00:00-05:00,7.450640913974717,7.540048604942413,7.420838350318818,7.480443477630615,413500,0.0,0.0
1993-11-24 00:00:00-05:00,7.540048604942413,7.540048604942413,7.420838350318818,7.480443477630615,133700,0.0,0.0
1993-11-26 00:00:00-05:00,7.5400493088669664,7.6294570081815944,7.510246742428757,7.569851875305176,61500,0.0,0.0
1993-11-29 00:00:00-05:00,7.599655900682722,7.659261045001802,7.510248184204102,7.510248184204102,219100,0.0,0.0
1993-11-30 00:00:00-05:00,7.510247977383165,7.510247977383165,7.361235120689055,7.420840263366699,334500,0.0,0.0
1993-12-01 00:00:00-05:00,7.450640442882955,7.480443004654487,7.361232757568359,7.361232757568359,157200,0.0,0.0
1993-12-02 00:00:00-05:00,7.331430195796828,7.420837881111423,7.331430195796828,7.361232757568359,174300,0.0,0.0
1993-12-03 00:00:00-05:00,7.331430659351121,7.480443477630615,7.301628095695222,7.480443477630615,272100,0.0,0.0
1993-12-06 00:00:00-05:00,7.4506416095523385,7.599654441743385,7.4506416095523385,7.569851875305176,260000,0.0,0.0
1993-12-07 00:00:00-05:00,7.599654661542246,7.689062363442743,7.569852094242081,7.659259796142578,221400,0.0,0.0
1993-12-08 00:00:00-05:00,7.599655628204346,7.599655628204346,7.540050486022351,7.599655628204346,103700,0.0,0.0
1993-12-09 00:00:00-05:00,7.569853328523181,7.599655900682722,7.510248184204102,7.510248184204102,124300,0.0,0.0
1993-12-10 00:00:00-05:00,7.4506425857543945,7.480445156097412,7.391037445068359,7.4506425857543945,222400,0.0,0.0
1993-12-13 00:00:00-05:00,7.480444175990548,7.569851875305176,7.4506416095523385,7.569851875305176,170200,0.0,0.0
1993-12-14 00:00:00-05:00,7.569854035207877,7.59965661014964,7.5102488853243505,7.540051460266113,232900,0.0,0.0
1993-12-15 00:00:00-05:00,7.510248184204102,7.569853328523181,7.450643039885021,7.510248184204102,232800,0.0,0.0
1993-12-16 00:00:00-05:00,7.599655900682722,7.599655900682722,7.510248184204102,7.510248184204102,301900,0.0,0.0
1993-12-17 00:00:00-05:00,7.5102488853243505,7.540051460266113,7.450643735440823,7.540051460266113,472900,0.0,0.0
1993-12-20 00:00:00-05:00,7.51024718617284,7.689062595367432,7.51024718617284,7.689062595367432,190100,0.0,0.0
1993-12-21 00:00:00-05:00,7.748667731765629,7.748667731765629,7.6294574589692346,7.689062595367432,357700,0.0,0.0
1993-12-22 00:00:00-05:00,7.689061389676518,7.838074207305908,7.689061389676518,7.838074207305908,360300,0.0,0.0
1993-12-23 00:00:00-05:00,7.808269500732422,7.897677166771342,7.748664390039808,7.808269500732422,368300,0.0,0.0
1993-12-27 00:00:00-05:00,7.80827377059243,7.897681485522877,7.778471198948947,7.8678789138793945,182500,0.0,0.0
1993-12-28 00:00:00-05:00,7.867877472612195,7.957285171164606,7.867877472612195,7.927482604980469,197700,0.0,0.0
1993-12-29 00:00:00-05:00,7.897680282592773,7.957285416801021,7.838075148384526,7.897680282592773,321200,0.0,0.0
1993-12-30 00:00:00-05:00,7.838074207305908,7.838074207305908,7.7486665167282744,7.838074207305908,149700,0.0,0.0
1993-12-31 00:00:00-05:00,7.778470065343241,7.838075199943572,7.629457228842412,7.659259796142578,128800,0.0,0.0
1994-01-03 00:00:00-05:00,7.659259084612131,7.689061649143696,7.510246261954308,7.629456520080566,304300,0.0,0.0
1994-01-04 00:00:00-05:00,7.689061649143696,7.7188642136752605,7.599653955549002,7.629456520080566,130100,0.0,0.0
1994-01-05 00:00:00-05:00,7.569851168598312,7.599653732254211,7.450640913974717,7.480443477630615,296300,0.0,0.0
1994-01-06 00:00:00-05:00,7.5698506899690825,7.5698506899690825,7.361232757568359,7.361232757568359,474400,0.0,0.0
1994-01-07 00:00:00-05:00,7.391035786662919,7.480443477630615,7.331430659351121,7.480443477630615,289900,0.0,0.0
1994-01-10 00:00:00-05:00,7.480444175990548,7.569851875305176,7.4506416095523385,7.569851875305176,200900,0.0,0.0
1994-01-11 00:00:00-05:00,7.540048604942413,7.569851168598312,7.391035786662919,7.480443477630615,328100,0.0,0.0
1994-01-12 00:00:00-05:00,7.4804454060443435,7.510247977383165,7.420840263366699,7.420840263366699,436400,0.0,0.0
1994-01-13 00:00:00-05:00,7.391035319339891,7.420837881111423,7.242022510482232,7.361232757568359,149800,0.0,0.0
1994-01-14 00:00:00-05:00,7.361232757568359,7.361232757568359,7.301627634025296,7.361232757568359,190000,0.0,0.0
1994-01-17 00:00:00-05:00,7.30163049697876,7.361235643892872,7.242025350064647,7.30163049697876,273100,0.0,0.0
1994-01-18 00:00:00-05:00,7.301629560965079,7.361234700238263,7.2420244216918945,7.2420244216918945,281300,0.0,0.0
1994-01-19 00:00:00-05:00,7.1824219425519304,7.2122245232264195,7.1228167812029515,7.152619361877441,377900,0.0,0.0
1994-01-20 00:00:00-05:00,7.152617680086634,7.21222282742069,7.122815106419607,7.182420253753662,335600,0.0,0.0
1994-01-21 00:00:00-05:00,7.18242149994153,7.18242149994153,7.063211184589803,7.093013763427734,343500,0.0,0.0
1994-01-24 00:00:00-05:00,7.093013763427734,7.152618921103598,7.093013763427734,7.093013763427734,495800,0.0,0.0
1994-01-25 00:00:00-05:00,7.122814143145526,7.301629560965079,7.093011573508933,7.2420244216918945,895200,0.0,0.0
1994-01-26 00:00:00-05:00,7.271827674493557,7.420840536675803,7.271827674493557,7.331432819366455,759300,0.0,0.0
1994-01-27 00:00:00-05:00,7.391037445068359,7.480445156097412,7.3612348747253415,7.4506425857543945,716000,0.0,0.0
1994-01-28 00:00:00-05:00,7.480444692796277,7.480444692796277,7.331431850310294,7.3910369873046875,317800,0.0,0.0
1994-01-31 00:00:00-05:00,7.391037445068359,7.4506425857543945,7.3612348747253415,7.4506425857543945,443600,0.0,0.0
1994-02-01 00:00:00-05:00,7.420840015411376,7.4506425857543945,7.3612348747253415,7.4506425857543945,611000,0.0,0.0
1994-02-02 00:00:00-05:00,7.420840015411376,7.480445156097412,7.3612348747253415,7.4506425857543945,407600,0.0,0.0
1994-02-03 00:00:00-05:00,7.420840263366699,7.450642834705521,7.361235120689055,7.420840263366699,322500,0.0,0.0
1994-02-04 00:00:00-05:00,7.420839839511448,7.420839839511448,7.2420244216918945,7.2420244216918945,308600,0.0,0.0
1994-02-07 00:00:00-05:00,7.182420253753662,7.271827974754745,7.152617680086634,7.182420253753662,304200,0.0,0.0
1994-02-08 00:00:00-05:00,7.18241928241871,7.271826991328487,7.152616712782118,7.2420244216918945,243100,0.0,0.0
1994-02-09 00:00:00-05:00,7.271827220916748,7.361234932649331,7.2420246503392205,7.271827220916748,645900,0.0,0.0
1994-02-10 00:00:00-05:00,7.241527353302907,7.302125908560672,7.15062952041626,7.15062952041626,892100,0.5,0.0
1994-02-11 00:00:00-05:00,7.150629340099687,7.271826447559004,7.120330063234858,7.211227893829346,369200,0.0,0.0
1994-02-14 00:00:00-05:00,7.211227893829346,7.271826447559004,7.150629340099687,7.211227893829346,249300,0.0,0.0
1994-02-15 00:00:00-05:00,7.211227893829346,7.271826447559004,7.211227893829346,7.211227893829346,672100,0.0,0.0
1994-02-16 00:00:00-05:00,7.211227380154982,7.241526654861516,7.0597310066223145,7.0597310066223145,267500,0.0,0.0
1994-02-17 00:00:00-05:00,7.180928105448449,7.211227380154982,7.0597310066223145,7.0597310066223145,394300,0.0,0.0
1994-02-18 00:00:00-05:00,7.059731665111723,7.059731665111723,6.9688338325137185,6.999133110046387,456100,0.0,0.0
1994-02-22 00:00:00-05:00,7.059731598141827,7.241527261613291,7.029432320896584,7.180928707122803,357200,0.0,0.0
1994-02-23 00:00:00-05:00,7.180928798045142,7.211228075674025,7.059731687529612,7.15062952041626,674300,0.0,0.0
1994-02-24 00:00:00-05:00,7.090030370087459,7.180928195344991,6.999132544829927,7.0294318199157715,521900,0.0,0.0
1994-02-25 00:00:00-05:00,7.059730444198999,7.120328988784398,7.0294311719063,7.090029716491699,415200,0.0,0.0
1994-02-28 00:00:00-05:00,7.090030875387071,7.180928707122803,7.090030875387071,7.180928707122803,263400,0.0,0.0
1994-03-01 00:00:00-05:00,7.211227984368047,7.241527261613291,7.120330152632315,7.180928707122803,317400,0.0,0.0
1994-03-02 00:00:00-05:00,7.150626425962567,7.27182348402973,7.090027896928986,7.2415242195129395,417900,0.0,0.0
1994-03-03 00:00:00-05:00,7.271826178206448,7.3324247296915015,7.211227626721394,7.302125453948975,293300,0.0,0.0
1994-03-04 00:00:00-05:00,7.332427203898527,7.4536243477646185,7.302127917932005,7.423325061798096,782800,0.0,0.0
1994-03-07 00:00:00-05:00,7.453618451168662,7.483917713165283,7.423319189172042,7.483917713165283,255600,0.0,0.0
1994-03-08 00:00:00-05:00,7.4536206869431485,7.483919958028283,7.332423602602609,7.362722873687744,336200,0.0,0.0
1994-03-09 00:00:00-05:00,7.393023785536851,7.483921618965583,7.362724507727274,7.453622341156006,364000,0.0,0.0
1994-03-10 00:00:00-05:00,7.423324203882061,7.453623486346886,7.332426356487587,7.393024921417236,215100,0.0,0.0
1994-03-11 00:00:00-05:00,7.3627206651788,7.483917713165283,7.3627206651788,7.483917713165283,190700,0.0,0.0
1994-03-14 00:00:00-05:00,7.453618451168662,7.5142169751619035,7.423319189172042,7.483917713165283,247100,0.0,0.0
1994-03-15 00:00:00-05:00,7.453622341156006,7.51422089677516,7.423323063346428,7.453622341156006,347900,0.0,0.0
1994-03-16 00:00:00-05:00,7.483917163264367,7.514216423034668,7.423318643723765,7.514216423034668,244100,0.0,0.0
1994-03-17 00:00:00-05:00,7.453622341156006,7.483921618965583,7.332425229917697,7.453622341156006,182400,0.0,0.0
1994-03-18 00:00:00-05:00,7.42331957028917,7.453618833841371,7.332421779632568,7.332421779632568,836800,0.0,0.0
1994-03-21 00:00:00-05:00,7.36272554397583,7.36272554397583,7.271827697753906,7.271827697753906,149600,0.0,0.0
1994-03-22 00:00:00-05:00,7.332427203898527,7.4536243477646185,7.302127917932005,7.423325061798096,316600,0.0,0.0
1994-03-23 00:00:00-05:00,7.42331957028917,7.42331957028917,7.332421779632568,7.332421779632568,293600,0.0,0.0
1994-03-24 00:00:00-05:00,7.3021258161037785,7.3324250933490225,7.150629429877559,7.180928707122803,241600,0.0,0.0
1994-03-25 00:00:00-05:00,7.180928798045142,7.241527353302907,7.120330242787377,7.15062952041626,319200,0.0,0.0
1994-03-28 00:00:00-05:00,7.180925461871564,7.332421779632568,7.120326934767164,7.332421779632568,275200,0.0,0.0
1994-03-29 00:00:00-05:00,7.302120133663745,7.302120133663745,7.120324611663818,7.120324611663818,343100,0.0,0.0
1994-03-30 00:00:00-05:00,7.120328988784398,7.150628261077098,7.059730444198999,7.090029716491699,368400,0.0,0.0
1994-03-31 00:00:00-05:00,7.090030281328848,7.120329556035381,6.999132457209247,7.0597310066223145,413500,0.0,0.0
1994-04-04 00:00:00-04:00,6.908234894793967,7.029431998211405,6.877935618939607,6.9688334465026855,400800,0.0,0.0
1994-04-05 00:00:00-04:00,7.0294311719063,7.120328988784398,6.9991318996136,7.090029716491699,432600,0.0,0.0
1994-04-06 00:00:00-04:00,7.059726104330509,7.211222372663782,7.059726104330509,7.120324611663818,314900,0.0,0.0
1994-04-07 00:00:00-04:00,7.090025357997163,7.150623865330473,7.029426850663855,7.120324611663818,316600,0.0,0.0
1994-04-08 00:00:00-04:00,7.059731095001616,7.090030370087459,6.968833269744084,7.0294318199157715,162500,0.0,0.0
1994-04-11 00:00:00-04:00,7.0294318199157715,7.059731095001616,6.968833269744084,7.0294318199157715,153000,0.0,0.0
1994-04-12 00:00:00-04:00,7.0597310066223145,7.090030281328848,6.968833182502713,7.0597310066223145,174600,0.0,0.0
1994-04-13 00:00:00-04:00,7.0294318199157715,7.090030370087459,6.968833269744084,7.0294318199157715,215600,0.0,0.0
1994-04-14 00:00:00-04:00,6.999133132271847,7.15062952041626,6.999133132271847,7.15062952041626,276800,0.0,0.0
1994-04-15 00:00:00-04:00,7.120329556035381,7.150628830741915,7.0597310066223145,7.0597310066223145,381500,0.0,0.0
1994-04-18 00:00:00-04:00,7.120328988784398,7.150628261077098,7.0294311719063,7.090029716491699,272700,0.0,0.0
1994-04-19 00:00:00-04:00,7.120330242787377,7.211228075674025,7.059731687529612,7.15062952041626,329400,0.0,0.0
1994-04-20 00:00:00-04:00,7.15063148809939,7.423325061798096,7.15063148809939,7.423325061798096,481300,0.0,0.0
1994-04-21 00:00:00-04:00,7.453617903494066,7.605114202345572,7.393019383953464,7.514216423034668,311300,0.0,0.0
1994-04-22 00:00:00-04:00,7.4536206869431485,7.483919958028283,7.332423602602609,7.362722873687744,229300,0.0,0.0
1994-04-25 00:00:00-04:00,7.393024919502228,7.574820614244086,7.362725637045251,7.544521331787109,337300,0.0,0.0
1994-04-26 00:00:00-04:00,7.51422089677516,7.544520174584737,7.393023785536851,7.453622341156006,279300,0.0,0.0
1994-04-28 00:00:00-04:00,7.453623486346886,7.453623486346886,7.332426356487587,7.393024921417236,420800,0.0,0.0
1994-04-29 00:00:00-04:00,7.36272648986505,7.483923633731141,7.36272648986505,7.423325061798096,389800,0.0,0.0
1994-05-02 00:00:00-04:00,7.483917163264367,7.5445156828049695,7.423318643723765,7.514216423034668,410400,0.0,0.0
1994-05-03 00:00:00-04:00,7.5142191162109375,7.6051169281005855,7.5142191162109375,7.574817657470703,392700,0.0,0.0
1994-05-04 00:00:00-04:00,7.544516237158524,7.574815499155145,7.423319189172042,7.483917713165283,504300,0.0,0.0
1994-05-05 00:00:00-04:00,7.483919958028283,7.483919958028283,7.302124331517475,7.362722873687744,535200,0.0,0.0
1994-05-06 00:00:00-04:00,7.241527261613291,7.3021258161037785,7.120330152632315,7.180928707122803,358300,0.0,0.0
1994-05-09 00:00:00-04:00,7.150629497709728,7.180928775242396,6.9688338325137185,6.999133110046387,249800,0.0,0.0
1994-05-10 00:00:00-04:00,7.059731665111723,7.0900309426443915,6.908235277448381,6.999133110046387,432600,0.0,0.0
1994-05-11 00:00:00-04:00,6.938530894138353,6.968830155684809,6.726436063313163,6.756735324859619,618600,0.0,0.0
1994-05-12 00:00:00-04:00,6.84929779659618,6.880150489373641,6.756739718263799,6.78759241104126,1652200,0.5,0.0
1994-05-13 00:00:00-04:00,6.787587266913207,6.818439936308267,6.633323919937907,6.695029258728027,2075300,0.0,0.0
1994-05-16 00:00:00-04:00,6.664179837928628,6.695032522363483,6.448211046884644,6.540769100189209,557500,0.0,0.0
1994-05-17 00:00:00-04:00,6.5407689560291375,6.664179691048556,6.509916272274284,6.633327007293701,786900,0.0,0.0
1994-05-18 00:00:00-04:00,6.633328379017033,6.756739139556885,6.540770308612144,6.756739139556885,567700,0.0,0.0
1994-05-19 00:00:00-04:00,6.756734597518147,6.849292605703328,6.695029258728027,6.695029258728027,478500,0.0,0.0
1994-05-20 00:00:00-04:00,6.6950331806042875,6.756738555540733,6.633327805667842,6.72588586807251,526200,0.0,0.0
1994-05-23 00:00:00-04:00,6.756739718263799,6.78759241104126,6.725887025486339,6.78759241104126,801100,0.0,0.0
1994-05-24 00:00:00-04:00,6.7875918296918485,6.818444519826811,6.725886449421922,6.756739139556885,303900,0.0,0.0
1994-05-25 00:00:00-04:00,6.725883947836387,6.849294662475586,6.695031269176587,6.849294662475586,302600,0.0,0.0
1994-05-26 00:00:00-04:00,6.910999298095703,6.972704648971558,6.880146622657776,6.910999298095703,426200,0.0,0.0
1994-05-27 00:00:00-04:00,6.910999298095703,6.94185197353363,6.849293947219849,6.910999298095703,286300,0.0,0.0
1994-05-31 00:00:00-04:00,6.88014866755559,6.88014866755559,6.818443298339844,6.818443298339844,375500,0.0,0.0
1994-06-01 00:00:00-04:00,6.818441271781921,6.94185197353363,6.72588324546814,6.910999298095703,332800,0.0,0.0
1994-06-02 00:00:00-04:00,6.880146622657776,6.94185197353363,6.880146622657776,6.910999298095703,290900,0.0,0.0
1994-06-03 00:00:00-04:00,6.88014554977417,6.97270356165454,6.84929287914738,6.88014554977417,352800,0.0,0.0
1994-06-06 00:00:00-04:00,6.94185197353363,6.972704648971558,6.880146622657776,6.910999298095703,341100,0.0,0.0
1994-06-07 00:00:00-04:00,6.88014554977417,6.94185089102775,6.88014554977417,6.88014554977417,192100,0.0,0.0
1994-06-08 00:00:00-04:00,6.941855059260816,6.972707748413086,6.880149680956276,6.972707748413086,619600,0.0,0.0
1994-06-09 00:00:00-04:00,6.941855059260816,7.003560437565357,6.941855059260816,6.972707748413086,323500,0.0,0.0
1994-06-10 00:00:00-04:00,6.972707748413086,6.972707748413086,6.941855059260816,6.972707748413086,154000,0.0,0.0
1994-06-13 00:00:00-04:00,6.941850910102743,7.034408922237446,6.941850910102743,7.003556251525879,260900,0.0,0.0
1994-06-14 00:00:00-04:00,7.034413126717626,7.065265815869897,6.972707748413086,6.972707748413086,264500,0.0,0.0
1994-06-15 00:00:00-04:00,6.97270620557997,6.97270620557997,6.9110008409288195,6.9418535232543945,151400,0.0,0.0
1994-06-16 00:00:00-04:00,6.94185089102775,6.94185089102775,6.88014554977417,6.88014554977417,199900,0.0,0.0
1994-06-17 00:00:00-04:00,6.94185197353363,7.003557324409485,6.910999298095703,6.910999298095703,651600,0.0,0.0
1994-06-20 00:00:00-04:00,6.880147341135387,6.911000019795186,6.803015644485886,6.849294662475586,88700,0.0,0.0
1994-06-21 00:00:00-04:00,6.8492966179454005,6.8492966179454005,6.6950331806042875,6.72588586807251,527600,0.0,0.0
1994-06-22 00:00:00-04:00,6.756737371285757,6.756737371285757,6.602473960982429,6.66417932510376,646200,0.0,0.0
1994-06-23 00:00:00-04:00,6.6641776539454955,6.695030328269317,6.602472305297852,6.602472305297852,196600,0.0,0.0
1994-06-24 00:00:00-04:00,6.602473272596087,6.602473272596087,6.479062557220459,6.479062557220459,281900,0.0,0.0
1994-06-27 00:00:00-04:00,6.479061959495008,6.571619987487793,6.355651255504626,6.571619987487793,245500,0.0,0.0
1994-06-28 00:00:00-04:00,6.633324979621674,6.633324979621674,6.57161963097403,6.602472305297852,198600,0.0,0.0
1994-06-29 00:00:00-04:00,6.602472305297852,6.725883002593139,6.602472305297852,6.602472305297852,217900,0.0,0.0
1994-06-30 00:00:00-04:00,6.602474469058918,6.664179837928628,6.509916415754354,6.540769100189209,366200,0.0,0.0
1994-07-01 00:00:00-04:00,6.602473960982429,6.66417932510376,6.571621278921763,6.66417932510376,269300,0.0,0.0
1994-07-05 00:00:00-04:00,6.664178015480579,6.664178015480579,6.571619987487793,6.571619987487793,142400,0.0,0.0
1994-07-06 00:00:00-04:00,6.602474323538847,6.664179691048556,6.5407689560291375,6.633327007293701,284300,0.0,0.0
1994-07-07 00:00:00-04:00,6.664178590516786,6.849294662475586,6.664178590516786,6.849294662475586,334600,0.0,0.0
1994-07-08 00:00:00-04:00,6.78759241104126,6.8184451038187195,6.756739718263799,6.78759241104126,236200,0.0,0.0
1994-07-11 00:00:00-04:00,6.756738555540733,6.787591243008955,6.664180493136065,6.72588586807251,329400,0.0,0.0
1994-07-12 00:00:00-04:00,6.78759241104126,6.78759241104126,6.664181639931418,6.78759241104126,234000,0.0,0.0
1994-07-13 00:00:00-04:00,6.756739718263799,6.8184451038187195,6.664181639931418,6.78759241104126,349000,0.0,0.0
1994-07-14 00:00:00-04:00,6.787588596343994,6.94185197353363,6.787588596343994,6.910999298095703,270500,0.0,0.0
1994-07-15 00:00:00-04:00,6.9109982393911755,7.003556251525879,6.9109982393911755,7.003556251525879,455500,0.0,0.0
1994-07-18 00:00:00-04:00,7.003558887905545,7.003558887905545,6.9110008409288195,6.9418535232543945,85000,0.0,0.0
1994-07-19 00:00:00-04:00,6.9110008409288195,6.9418535232543945,6.8801481586032445,6.9418535232543945,137600,0.0,0.0
1994-07-20 00:00:00-04:00,6.941852698454986,6.941852698454986,6.849294662475586,6.849294662475586,164700,0.0,0.0
1994-07-21 00:00:00-04:00,6.88014554977417,6.91099822040096,6.81844020852059,6.88014554977417,154900,0.0,0.0
1994-07-22 00:00:00-04:00,6.941852698454986,6.972705377114786,6.818441983815786,6.849294662475586,221600,0.0,0.0
1994-07-25 00:00:00-04:00,6.84929287914738,6.88014554977417,6.81844020852059,6.88014554977417,313600,0.0,0.0
1994-07-26 00:00:00-04:00,6.849295476277669,6.9418535232543945,6.849295476277669,6.9418535232543945,271000,0.0,0.0
1994-07-27 00:00:00-04:00,6.910999298095703,6.972704648971558,6.880146622657776,6.910999298095703,393600,0.0,0.0
1994-07-28 00:00:00-04:00,6.910999298095703,6.94185197353363,6.880146622657776,6.910999298095703,439600,0.0,0.0
1994-07-29 00:00:00-04:00,6.941854539124862,7.126970660168191,6.941854539124862,7.096117973327637,455500,0.0,0.0
1994-08-01 00:00:00-04:00,7.096116522438506,7.219527244567871,7.065263841906165,7.219527244567871,525000,0.0,0.0
1994-08-02 00:00:00-04:00,7.157820113161777,7.373788823472693,7.157820113161777,7.250378131866455,942800,0.0,0.0
1994-08-03 00:00:00-04:00,7.250378131866455,7.312083477669574,7.219525458964895,7.250378131866455,402200,0.0,0.0
1994-08-04 00:00:00-04:00,7.250381142928682,7.250381142928682,7.157823085784912,7.157823085784912,283800,0.0,0.0
1994-08-05 00:00:00-04:00,7.188678547417447,7.188678547417447,7.096120454532244,7.1269731521606445,299500,0.0,0.0
1994-08-08 00:00:00-04:00,7.096117973327637,7.126970660168191,7.096117973327637,7.096117973327637,118700,0.0,0.0
1994-08-09 00:00:00-04:00,7.034412599646527,7.126970660168191,7.034412599646527,7.096117973327637,317200,0.0,0.0
1994-08-10 00:00:00-04:00,7.065265028641142,7.157823085784912,7.065265028641142,7.157823085784912,613600,0.0,0.0
1994-08-11 00:00:00-04:00,7.126429386737636,7.157823348793748,6.906671652344845,7.000853538513184,970900,0.5,0.0
1994-08-12 00:00:00-04:00,7.000853538513184,7.06364146262541,6.969459576457071,7.000853538513184,807400,0.0,0.0
1994-08-15 00:00:00-04:00,6.969460487365723,7.000854453525028,6.906672555047113,6.969460487365723,356600,0.0,0.0
1994-08-16 00:00:00-04:00,7.000853538513184,7.032247500569296,6.906671652344845,7.000853538513184,243200,0.0,0.0
1994-08-17 00:00:00-04:00,7.063639919142918,7.063639919142918,6.906670143161964,6.938064098358154,169600,0.0,0.0
1994-08-18 00:00:00-04:00,6.875277386771307,6.875277386771307,6.781095504760741,6.781095504760742,420900,0.0,0.0
1994-08-19 00:00:00-04:00,6.843883601101962,6.906671524047852,6.812489639629017,6.906671524047852,365700,0.0,0.0
1994-08-22 00:00:00-04:00,6.8752760887146,6.906670043457589,6.8752760887146,6.8752760887146,148400,0.0,0.0
1994-08-23 00:00:00-04:00,6.906670143161964,7.000852008750536,6.906670143161964,6.938064098358154,181100,0.0,0.0
1994-08-24 00:00:00-04:00,6.938065614400958,7.000853538513184,6.875277690288732,7.000853538513184,210100,0.0,0.0
1994-08-25 00:00:00-04:00,6.969458053554345,7.0322459639467265,6.938064098358154,6.938064098358154,112800,0.0,0.0
1994-08-26 00:00:00-04:00,7.000852631671089,7.063640547650201,6.969458673681532,7.0322465896606445,271400,0.0,0.0
1994-08-29 00:00:00-04:00,7.032247500569296,7.032247500569296,7.000853538513184,7.000853538513184,116400,0.0,0.0
1994-08-30 00:00:00-04:00,7.06364146262541,7.06364146262541,7.000853538513184,7.000853538513184,81300,0.0,0.0
1994-08-31 00:00:00-04:00,7.000851368685382,7.032245321011325,6.843881607055664,6.843881607055664,454700,0.0,0.0
1994-09-01 00:00:00-04:00,6.686913354056222,6.686913354056222,6.529943557012649,6.592731475830078,1326700,0.0,0.0
1994-09-02 00:00:00-04:00,6.6555193946475075,6.686913354056222,6.529943557012649,6.592731475830078,452500,0.0,0.0
1994-09-06 00:00:00-04:00,6.529941101074219,6.561335048675538,6.278789520263672,6.278789520263672,630800,0.0,0.0
1994-09-07 00:00:00-04:00,6.310185725313757,6.310185725313757,6.121821972319317,6.184609889984131,722300,0.0,0.0
1994-09-08 00:00:00-04:00,6.2160054763945025,6.37297531165699,6.184611509342005,6.341581344604492,705300,0.0,0.0
1994-09-09 00:00:00-04:00,6.247398469322605,6.278792431480006,5.964852809906005,5.964852809906006,1173300,0.0,0.0
1994-09-12 00:00:00-04:00,5.933460578402958,5.964854549717259,5.7764907218314505,5.807884693145752,922000,0.0,0.0
1994-09-13 00:00:00-04:00,5.8078796901400125,5.964849411495148,5.8078796901400125,5.933455467224121,576600,0.0,0.0
1994-09-14 00:00:00-04:00,5.964850314120028,5.964850314120028,5.870668467054975,5.90206241607666,457100,0.0,0.0
1994-09-15 00:00:00-04:00,5.902064969142278,6.0276408195495605,5.902064969142278,6.0276408195495605,493900,0.0,0.0
1994-09-16 00:00:00-04:00,6.02763908140121,6.02763908140121,5.839275360107422,5.839275360107422,1010400,0.0,0.0
1994-09-19 00:00:00-04:00,5.83927363441104,5.964849411495148,5.83927363441104,5.933455467224121,537600,0.0,0.0
1994-09-20 00:00:00-04:00,5.933458847748605,5.964852809906005,5.8706709234338055,5.964852809906006,749100,0.0,0.0
1994-09-21 00:00:00-04:00,6.027638212163398,6.027638212163398,5.839274518033291,5.90206241607666,557300,0.0,0.0
1994-09-22 00:00:00-04:00,5.87067174911499,5.9648536488334125,5.87067174911499,5.87067174911499,344500,0.0,0.0
1994-09-23 00:00:00-04:00,5.902063519542755,6.027639339107494,5.870669564651569,5.996245384216309,349000,0.0,0.0
1994-09-26 00:00:00-04:00,5.996247879008657,6.121823750820357,5.964853911055733,6.090429782867432,449900,0.0,0.0
1994-09-27 00:00:00-04:00,6.059033393859863,6.090427349268464,6.0276394384512635,6.059033393859863,258100,0.0,0.0
1994-09-28 00:00:00-04:00,6.090428396371695,6.153216317983774,6.059034435565655,6.121822357177734,435800,0.0,0.0
1994-09-29 00:00:00-04:00,6.184608986883452,6.216002941131592,6.1532150326353126,6.216002941131592,425500,0.0,0.0
1994-09-30 00:00:00-04:00,6.310185818216909,6.34157977751152,6.2473978996276855,6.2473978996276855,526500,0.0,0.0
1994-10-03 00:00:00-04:00,6.278793410499498,6.37297531165699,6.2160054763945025,6.341581344604492,690200,0.0,0.0
1994-10-04 00:00:00-04:00,6.3415787581241485,6.372972712372288,6.216002941131592,6.216002941131592,428100,0.0,0.0
1994-10-05 00:00:00-04:00,6.278791858922298,6.310185818216909,6.184609981038463,6.2473978996276855,344800,0.0,0.0
1994-10-06 00:00:00-04:00,6.2473978996276855,6.278791858922298,6.216003940333074,6.2473978996276855,178800,0.0,0.0
1994-10-07 00:00:00-04:00,6.278789520263672,6.341577415466309,6.247395572662354,6.278789520263672,719400,0.0,0.0
1994-10-10 00:00:00-04:00,6.278793410499498,6.341581344604492,6.278793410499498,6.341581344604492,383900,0.0,0.0
1994-10-11 00:00:00-04:00,6.31018651233,6.435762363321642,6.31018651233,6.4043684005737305,686800,0.0,0.0
1994-10-12 00:00:00-04:00,6.372972965240479,6.404366920734275,6.341579009746684,6.3729729652404785,350300,0.0,0.0
1994-10-13 00:00:00-04:00,6.435763245761985,6.467157212814483,6.310187377551995,6.341581344604492,645300,0.0,0.0
1994-10-14 00:00:00-04:00,6.37297443782582,6.404368400573731,6.278792549582089,6.4043684005737305,349900,0.0,0.0
1994-10-17 00:00:00-04:00,6.435759544372558,6.467153493369497,6.4043655953756184,6.435759544372559,139300,0.0,0.0
1994-10-18 00:00:00-04:00,6.4043692787094875,6.435763245761985,6.341581344604492,6.341581344604492,270200,0.0,0.0
1994-10-19 00:00:00-04:00,6.310185054252888,6.404366920734275,6.310185054252888,6.3729729652404785,322700,0.0,0.0
1994-10-20 00:00:00-04:00,6.341580827437824,6.37297479193009,6.216004969468758,6.310186862945557,345600,0.0,0.0
1994-10-21 00:00:00-04:00,6.31018480387601,6.31018480387601,6.216002941131592,6.216002941131592,395000,0.0,0.0
1994-10-24 00:00:00-04:00,6.184610278789814,6.184610278789814,6.090428396371695,6.121822357177734,266500,0.0,0.0
1994-10-25 00:00:00-04:00,6.059033169890895,6.216002941131592,6.059033169890895,6.216002941131592,609300,0.0,0.0
1994-10-26 00:00:00-04:00,6.2473978076489445,6.310185725313757,6.184609889984131,6.184609889984131,382900,0.0,0.0
1994-10-27 00:00:00-04:00,6.153215931151724,6.184609889984131,6.121821972319317,6.184609889984131,345600,0.0,0.0
1994-10-28 00:00:00-04:00,6.153217040484225,6.3101868629455575,6.153217040484225,6.310186862945557,409600,0.0,0.0
1994-10-31 00:00:00-05:00,6.34157977751152,6.34157977751152,6.2473978996276855,6.2473978996276855,252000,0.0,0.0
1994-11-01 00:00:00-05:00,6.216003848816538,6.2473978076489445,6.153215931151724,6.184609889984131,249300,0.0,0.0
1994-11-02 00:00:00-05:00,6.1846110049764915,6.341580827437824,6.153217040484225,6.310186862945557,288500,0.0,0.0
1994-11-03 00:00:00-05:00,6.31018651233,6.435762363321642,6.31018651233,6.4043684005737305,419800,0.0,0.0
1994-11-04 00:00:00-05:00,6.435762363321642,6.435762363321642,6.37297443782582,6.4043684005737305,355500,0.0,0.0
1994-11-07 00:00:00-05:00,6.404366920734275,6.404366920734275,6.341579009746684,6.3729729652404785,392300,0.0,0.0
1994-11-08 00:00:00-05:00,6.372975460533957,6.498551331677484,6.341581492748076,6.467157363891602,472200,0.0,0.0
1994-11-09 00:00:00-05:00,6.467155697369816,6.467155697369816,6.3070775860487815,6.339093208312988,470800,0.5,0.0
1994-11-10 00:00:00-05:00,6.403124452841402,6.435140075105609,6.3070775860487815,6.339093208312988,536300,0.0,0.0
1994-11-11 00:00:00-05:00,6.307075789996556,6.339091403143747,6.243044563702175,6.275060176849365,392800,0.0,0.0
1994-11-14 00:00:00-05:00,6.275060363227341,6.30707597732544,6.2430447491292425,6.3070759773254395,295300,0.0,0.0
1994-11-15 00:00:00-05:00,6.275061963784574,6.371108830577195,6.275061963784574,6.339093208312988,189000,0.0,0.0
1994-11-16 00:00:00-05:00,6.339091591423538,6.339091591423538,6.30707597732544,6.3070759773254395,668700,0.0,0.0
1994-11-17 00:00:00-05:00,6.339093149625339,6.339093149625339,6.243046283721925,6.243046283721924,165900,0.0,0.0
1994-11-18 00:00:00-05:00,6.275060176849365,6.339091403143747,6.243044563702175,6.275060176849365,328400,0.0,0.0
1994-11-21 00:00:00-05:00,6.30707597732544,6.339091591423538,6.275060363227341,6.3070759773254395,457400,0.0,0.0
1994-11-22 00:00:00-05:00,6.307075789996556,6.435138242585318,6.275060176849365,6.275060176849365,445500,0.0,0.0
1994-11-23 00:00:00-05:00,6.307079979436315,6.467158151503226,6.275064345022932,6.435142517089844,490500,0.0,0.0
1994-11-25 00:00:00-05:00,6.467154757490436,6.59521722793579,6.467154757490436,6.595217227935791,248600,0.0,0.0
1994-11-28 00:00:00-05:00,6.5632027358824505,6.659249605188047,6.5632027358824505,6.627233982086182,333700,0.0,0.0
1994-11-29 00:00:00-05:00,6.627232260428943,6.659247875213623,6.595216645644261,6.659247875213623,246800,0.0,0.0
1994-11-30 00:00:00-05:00,6.691265228289913,6.691265228289913,6.595218358984316,6.627233982086182,241500,0.0,0.0
1994-12-01 00:00:00-05:00,6.595217155118294,6.62723277237615,6.467154686086871,6.499170303344727,214400,0.0,0.0
1994-12-02 00:00:00-05:00,6.499171489678719,6.627233982086182,6.499171489678719,6.627233982086182,334400,0.0,0.0
1994-12-05 00:00:00-05:00,6.595216645644261,6.691263489998304,6.595216645644261,6.659247875213623,193800,0.0,0.0
1994-12-06 00:00:00-05:00,6.659249483683464,6.723280728718882,6.627233861165754,6.691265106201172,194800,0.0,0.0
1994-12-07 00:00:00-05:00,6.627233861165754,6.691265106201173,6.627233861165754,6.691265106201172,100500,0.0,0.0
1994-12-08 00:00:00-05:00,6.627232260428943,6.691263489998304,6.627232260428943,6.659247875213623,274800,0.0,0.0
1994-12-09 00:00:00-05:00,6.659249483683464,6.723280728718882,6.627233861165754,6.691265106201172,298100,0.0,0.0
1994-12-12 00:00:00-05:00,6.69126404179216,6.819326511491532,6.659248424367317,6.755295276641846,299400,0.0,0.0
1994-12-13 00:00:00-05:00,6.819328181688176,6.883359432220459,6.819328181688176,6.883359432220459,460600,0.0,0.0
1994-12-14 00:00:00-05:00,6.883355527429536,6.947386741638184,6.851339920325214,6.947386741638184,1272600,0.0,0.0
1994-12-15 00:00:00-05:00,6.915373363766061,6.915373363766061,6.755295276641846,6.755295276641846,381700,0.0,0.0
1994-12-16 00:00:00-05:00,6.78731209759551,6.78731209759551,6.595218358984316,6.627233982086182,957200,0.0,0.0
1994-12-19 00:00:00-05:00,6.659246342356612,6.659246342356612,6.563199520111084,6.563199520111084,253100,0.0,0.0
1994-12-20 00:00:00-05:00,6.563201030859581,6.723279104782985,6.5311854160749,6.659247875213623,282300,0.0,0.0
1994-12-21 00:00:00-05:00,6.627232845547129,6.755295315992484,6.59521722793579,6.595217227935791,280600,0.0,0.0
1994-12-22 00:00:00-05:00,6.659250035005457,6.659250035005457,6.531187534332275,6.531187534332275,396400,0.0,0.0
1994-12-23 00:00:00-05:00,6.627234409837162,6.659250035005457,6.531187534332275,6.531187534332275,255800,0.0,0.0
1994-12-27 00:00:00-05:00,6.59521722793579,6.59521722793579,6.531185992713112,6.595217227935791,210500,0.0,0.0
1994-12-28 00:00:00-05:00,6.6272307349414366,6.6272307349414366,6.531183912695908,6.563199520111084,281900,0.0,0.0
1994-12-29 00:00:00-05:00,6.563201537860438,6.563201537860438,6.467154686086871,6.499170303344727,256400,0.0,0.0
1994-12-30 00:00:00-05:00,6.499170375101774,6.691264080769807,6.435139139879096,6.595217227935791,430100,0.0,0.0
1995-01-03 00:00:00-05:00,6.627232845547129,6.723279698381146,6.563201610324452,6.595217227935791,376400,0.0,0.0
1995-01-04 00:00:00-05:00,6.563201030859581,6.659247875213623,6.5311854160749,6.659247875213623,761400,0.0,0.0
1995-01-05 00:00:00-05:00,6.659249483683464,6.691265106201173,6.627233861165754,6.691265106201172,228300,0.0,0.0
1995-01-06 00:00:00-05:00,6.691265228289913,6.755296474493645,6.627233982086182,6.627233982086182,186200,0.0,0.0
1995-01-09 00:00:00-05:00,6.627233861165754,6.723280728718882,6.627233861165754,6.691265106201172,336000,0.0,0.0
1995-01-10 00:00:00-05:00,6.723279659217003,6.819326511491532,6.69126404179216,6.755295276641846,235800,0.0,0.0
1995-01-11 00:00:00-05:00,6.755297357181333,6.819328611751772,6.755297357181333,6.787312984466553,667300,0.0,0.0
1995-01-12 00:00:00-05:00,6.787310493326633,6.851341724395752,6.691263646722954,6.851341724395752,250600,0.0,0.0
1995-01-13 00:00:00-05:00,6.91537113453386,6.947386741638184,6.851339920325214,6.947386741638184,895000,0.0,0.0
1995-01-16 00:00:00-05:00,6.915371798594063,7.043434239308768,6.883356188415387,6.979403018951416,250800,0.0,0.0
1995-01-17 00:00:00-05:00,6.947388542297224,7.0114197731018075,6.915372926894933,7.011419773101807,319700,0.0,0.0
1995-01-18 00:00:00-05:00,6.979403298180383,7.171496966937641,6.979403298180383,7.107465744018555,483300,0.0,0.0
1995-01-19 00:00:00-05:00,7.0754531058398165,7.107468730753118,6.979406231099909,7.043437480926514,269500,0.0,0.0
1995-01-20 00:00:00-05:00,7.011420500118101,7.139482975006103,7.011420500118101,7.1394829750061035,469900,0.0,0.0
1995-01-23 00:00:00-05:00,7.107467356284102,7.139482975006103,7.075451737562102,7.1394829750061035,174800,0.0,0.0
1995-01-24 00:00:00-05:00,7.1394813554780985,7.1394813554780985,7.075450132559013,7.107465744018555,184100,0.0,0.0
1995-01-25 00:00:00-05:00,7.075451850891113,7.171498708595517,7.01142061242151,7.075451850891113,311200,0.0,0.0
1995-01-26 00:00:00-05:00,7.107465744018556,7.107465744018556,7.043434521099469,7.107465744018555,249000,0.0,0.0
1995-01-27 00:00:00-05:00,7.139479941733608,7.2995579673330155,7.139479941733608,7.267542362213135,371000,0.0,0.0
1995-01-30 00:00:00-05:00,7.267542362213134,7.267542362213134,7.235526757093252,7.267542362213135,113300,0.0,0.0
1995-01-31 00:00:00-05:00,7.235532283782959,7.26754791335722,7.2035166542086975,7.235532283782959,454600,0.0,0.0
1995-02-01 00:00:00-05:00,7.20351439501558,7.299561253615789,7.139483155948776,7.171498775482178,198700,0.0,0.0
1995-02-02 00:00:00-05:00,7.171501024634437,7.235532283782959,7.139485395060176,7.235532283782959,184700,0.0,0.0
1995-02-03 00:00:00-05:00,7.299560911759086,7.363592147827148,7.267545293725055,7.363592147827148,238100,0.0,0.0
1995-02-06 00:00:00-05:00,7.363592147827148,7.395607765861179,7.331576529793117,7.363592147827148,334900,0.0,0.0
1995-02-07 00:00:00-05:00,7.363592147827148,7.395607765861179,7.331576529793117,7.363592147827148,111300,0.0,0.0
1995-02-08 00:00:00-05:00,7.331576642237211,7.395607879287318,7.2675454051871045,7.299561023712158,1600600,0.0,0.0
1995-02-09 00:00:00-05:00,7.269570827484131,7.334768772125244,7.236971855163574,7.236971855163574,905600,0.51,0.0
1995-02-10 00:00:00-05:00,7.269570827484131,7.269570827484131,7.171773910522461,7.236971855163574,265000,0.0,0.0
1995-02-13 00:00:00-05:00,7.204372882843018,7.236971855163574,7.204372882843018,7.236971855163574,277900,0.0,0.0
1995-02-14 00:00:00-05:00,7.269570827484131,7.269570827484131,7.204372882843018,7.269570827484131,174400,0.0,0.0
1995-02-15 00:00:00-05:00,7.269570827484131,7.269570827484131,7.204372882843018,7.236971855163574,260800,0.0,0.0
1995-02-16 00:00:00-05:00,7.236971855163574,7.236971855163574,7.171773910522461,7.236971855163574,242600,0.0,0.0
1995-02-17 00:00:00-05:00,7.204372882843018,7.269570827484131,7.171773910522461,7.236971855163574,394700,0.0,0.0
1995-02-21 00:00:00-05:00,7.269570827484131,7.3021697998046875,7.204372882843018,7.269570827484131,319200,0.0,0.0
1995-02-22 00:00:00-05:00,7.269570827484131,7.3021697998046875,7.236971855163574,7.3021697998046875,246600,0.0,0.0
1995-02-23 00:00:00-05:00,7.3021697998046875,7.334768772125244,7.269570827484131,7.3021697998046875,231500,0.0,0.0
1995-02-24 00:00:00-05:00,7.269570827484131,7.3021697998046875,7.236971855163574,7.3021697998046875,145400,0.0,0.0
1995-02-27 00:00:00-05:00,7.269570827484131,7.269570827484131,7.171773910522461,7.171773910522461,99900,0.0,0.0
1995-02-28 00:00:00-05:00,7.171770587765793,7.20436954498291,7.073973716114441,7.20436954498291,307200,0.0,0.0
1995-03-01 00:00:00-05:00,7.139175421661801,7.2043733707180735,7.008779523549257,7.041378498077393,429200,0.0,0.0
1995-03-02 00:00:00-05:00,7.0087752163967245,7.041374170891593,6.87837939841725,6.9761762619018555,266800,0.0,0.0
1995-03-03 00:00:00-05:00,6.976176261901856,7.0087752163967245,6.943577307406987,6.9761762619018555,153800,0.0,0.0
1995-03-06 00:00:00-05:00,6.943582062451344,6.976181039270364,6.845785131994283,6.910983085632324,234100,0.0,0.0
1995-03-07 00:00:00-05:00,6.9109811692010785,6.9109811692010785,6.780585298084078,6.845783233642578,243600,0.0,0.0
1995-03-08 00:00:00-05:00,6.87837939841725,6.976176261901856,6.813181489427514,6.9761762619018555,272200,0.0,0.0
1995-03-09 00:00:00-05:00,6.943578720092773,6.943578720092773,6.910979758965577,6.943578720092773,118100,0.0,0.0
1995-03-10 00:00:00-05:00,6.943578295993365,7.073974132537842,6.845781418585008,7.073974132537842,347200,0.0,0.0
1995-03-13 00:00:00-05:00,7.07397843737935,7.07397843737935,6.976181500457055,7.008780479431152,538900,0.0,0.0
1995-03-14 00:00:00-05:00,7.041375658927707,7.13917254307948,7.041375658927707,7.106573581695557,273900,0.0,0.0
1995-03-15 00:00:00-05:00,7.171773910522461,7.171773910522461,7.073976993560791,7.171773910522461,373600,0.0,0.0
1995-03-16 00:00:00-05:00,7.204372882843018,7.269570827484131,7.171773910522461,7.269570827484131,797300,0.0,0.0
1995-03-17 00:00:00-05:00,7.269567459417145,7.269567459417145,7.171770587765793,7.20436954498291,490100,0.0,0.0
1995-03-20 00:00:00-05:00,7.171771009946199,7.204369969082318,7.041375173401723,7.073974132537842,132300,0.0,0.0
1995-03-21 00:00:00-05:00,7.0413784980773935,7.106576447133666,6.976180549021121,7.041378498077393,186900,0.0,0.0
1995-03-22 00:00:00-05:00,7.0413784980773935,7.0413784980773935,6.976180549021121,7.041378498077393,128500,0.0,0.0
1995-03-23 00:00:00-05:00,7.041379458405252,7.07397843737935,6.976181500457055,7.008780479431152,211100,0.0,0.0
1995-03-24 00:00:00-05:00,7.073976048595829,7.171772952493467,7.04137708062995,7.139173984527588,201800,0.0,0.0
1995-03-27 00:00:00-05:00,7.204371920459347,7.236970888425226,7.106575016561709,7.139173984527588,152600,0.0,0.0
1995-03-28 00:00:00-05:00,7.139175421661801,7.139175421661801,7.0413784980773935,7.041378498077393,302500,0.0,0.0
1995-03-29 00:00:00-05:00,7.04137708062995,7.204371920459347,7.04137708062995,7.139173984527588,363800,0.0,0.0
1995-03-30 00:00:00-05:00,7.2043704658473295,7.236969427231254,7.106573581695556,7.106573581695557,344600,0.0,0.0
1995-03-31 00:00:00-05:00,7.073974620311631,7.106573581695556,7.008776697543782,7.106573581695557,212600,0.0,0.0
1995-04-03 00:00:00-04:00,7.073976048595829,7.171772952493467,7.073976048595829,7.139173984527588,249100,0.0,0.0
1995-04-04 00:00:00-04:00,7.041374758897324,7.20436954498291,7.041374758897324,7.20436954498291,521700,0.0,0.0
1995-04-05 00:00:00-04:00,7.171773444281683,7.334768295288085,7.171773444281683,7.334768295288086,314900,0.0,0.0
1995-04-06 00:00:00-04:00,7.334768772125244,7.334768772125244,7.236971855163574,7.236971855163574,169600,0.0,0.0
1995-04-07 00:00:00-04:00,7.269570827484131,7.3021697998046875,7.204372882843018,7.269570827484131,386000,0.0,0.0
1995-04-10 00:00:00-04:00,7.269570827484131,7.269570827484131,7.204372882843018,7.236971855163574,119200,0.0,0.0
1995-04-11 00:00:00-04:00,7.236971855163574,7.3021697998046875,7.171773910522461,7.236971855163574,181800,0.0,0.0
1995-04-12 00:00:00-04:00,7.269570827484131,7.3021697998046875,7.236971855163574,7.3021697998046875,225400,0.0,0.0
1995-04-13 00:00:00-04:00,7.302166416634261,7.302166416634261,7.20436954498291,7.20436954498291,294100,0.0,0.0
1995-04-17 00:00:00-04:00,7.302167349999103,7.302167349999103,7.073974620311631,7.106573581695557,277800,0.0,0.0
1995-04-18 00:00:00-04:00,7.139173984527588,7.139173984527588,7.073976048595829,7.139173984527588,291900,0.0,0.0
1995-04-19 00:00:00-04:00,7.106575965881348,7.171773910522461,7.041378021240234,7.171773910522461,263700,0.0,0.0
1995-04-20 00:00:00-04:00,7.2043704658473295,7.2043704658473295,7.106573581695556,7.106573581695557,184400,0.0,0.0
1995-04-21 00:00:00-04:00,7.171772952493467,7.171772952493467,7.139173984527588,7.139173984527588,171300,0.0,0.0
1995-04-24 00:00:00-04:00,7.139171630548676,7.20436954498291,7.106572673331558,7.20436954498291,256200,0.0,0.0
1995-04-25 00:00:00-04:00,7.171772952493467,7.236970888425226,7.139173984527588,7.139173984527588,271400,0.0,0.0
1995-04-26 00:00:00-04:00,7.13917205081008,7.171771009946199,7.073974132537842,7.073974132537842,137400,0.0,0.0
1995-04-27 00:00:00-04:00,7.106572673331558,7.20436954498291,7.073973716114441,7.20436954498291,297800,0.0,0.0
1995-04-28 00:00:00-04:00,7.236971855163574,7.236971855163574,7.171773910522461,7.236971855163574,228400,0.0,0.0
1995-05-01 00:00:00-04:00,7.236971855163574,7.269570827484131,7.171773910522461,7.269570827484131,230600,0.0,0.0
1995-05-02 00:00:00-04:00,7.269570827484131,7.269570827484131,7.236971855163574,7.236971855163574,112800,0.0,0.0
1995-05-03 00:00:00-04:00,7.269570827484131,7.3021697998046875,7.236971855163574,7.3021697998046875,202000,0.0,0.0
1995-05-04 00:00:00-04:00,7.3021697998046875,7.367367744445801,7.269570827484131,7.3021697998046875,304700,0.0,0.0
1995-05-05 00:00:00-04:00,7.367363471816814,7.399962425231933,7.269566611571459,7.399962425231934,187700,0.0,0.0
1995-05-08 00:00:00-04:00,7.334767830999273,7.465163703550371,7.334767830999273,7.432564735412598,204400,0.0,0.0
1995-05-09 00:00:00-04:00,7.43256663446841,7.53036356386931,7.399967658001443,7.497764587402344,324000,0.0,0.0
1995-05-10 00:00:00-04:00,7.530363087050258,7.530363087050258,7.465165138244629,7.465165138244629,1317200,0.0,0.0
1995-05-11 00:00:00-04:00,7.4346266263268985,7.5010072212048176,7.33505573401002,7.4014363288879395,629900,0.51,0.0
1995-05-12 00:00:00-04:00,7.335057258605956,7.401437867281124,7.301866954268373,7.335057258605957,526900,0.0,0.0
1995-05-15 00:00:00-04:00,7.434630204927553,7.534201145172119,7.401439891512698,7.534201145172119,377100,0.0,0.0
1995-05-16 00:00:00-04:00,7.5673913955688485,7.600581708707308,7.534201082430388,7.567391395568848,356400,0.0,0.0
1995-05-17 00:00:00-04:00,7.567391458586974,7.567391458586974,7.501010831757264,7.534201145172119,192600,0.0,0.0
1995-05-18 00:00:00-04:00,7.534201272328694,7.534201272328694,7.434630330403646,7.467820644378662,172000,0.0,0.0
1995-05-19 00:00:00-04:00,7.4346266263268985,7.4678169237658585,7.4014363288879395,7.4014363288879395,270900,0.0,0.0
1995-05-22 00:00:00-04:00,7.434629079457876,7.434629079457876,7.368248462677003,7.368248462677002,258600,0.0,0.0
1995-05-23 00:00:00-04:00,7.401440079723086,7.4346303939819345,7.368249765464238,7.434630393981934,204300,0.0,0.0
1995-05-24 00:00:00-04:00,7.501010958353678,7.534201272328694,7.401440016428629,7.467820644378662,434500,0.0,0.0
1995-05-25 00:00:00-04:00,7.467821800032037,7.600583076477051,7.434631480920783,7.600583076477051,297900,0.0,0.0
1995-05-26 00:00:00-04:00,7.5673913955688485,7.633772021845768,7.501010769291929,7.567391395568848,211100,0.0,0.0
1995-05-30 00:00:00-04:00,7.567391028771033,7.766532897949219,7.567391028771033,7.766532897949219,439100,0.0,0.0
1995-05-31 00:00:00-04:00,7.7665330655405205,7.932484626770019,7.700152441048721,7.9324846267700195,423300,0.0,0.0
1995-06-01 00:00:00-04:00,7.932484626770019,7.932484626770019,7.866104002278219,7.9324846267700195,782500,0.0,0.0
1995-06-02 00:00:00-04:00,7.9324864645799,8.098438064257303,7.899296144644419,7.965676784515381,519700,0.0,0.0
1995-06-05 00:00:00-04:00,7.9988662285533385,8.198008126359646,7.965675912252287,8.164817810058594,713800,0.0,0.0
1995-06-06 00:00:00-04:00,8.164813567181023,8.164813567181023,8.09843296907386,8.131623268127441,679500,0.0,0.0
1995-06-07 00:00:00-04:00,8.098434614442692,8.131624920239588,7.93248308545821,7.998863697052002,571300,0.0,0.0
1995-06-08 00:00:00-04:00,7.965674939015919,7.965674939015919,7.899294314524119,7.9324846267700195,407500,0.0,0.0
1995-06-09 00:00:00-04:00,7.866106804859997,7.866106804859997,7.666964860433161,7.7333455085754395,436300,0.0,0.0
1995-06-12 00:00:00-04:00,7.733340530958859,7.8992920444987496,7.733340530958859,7.8661017417907715,379200,0.0,0.0
1995-06-13 00:00:00-04:00,7.9324864645799,7.998867104450861,7.899296144644419,7.965676784515381,222900,0.0,0.0
1995-06-14 00:00:00-04:00,7.899296144644419,7.998867104450861,7.899296144644419,7.965676784515381,249500,0.0,0.0
1995-06-15 00:00:00-04:00,7.9324864645799,7.998867104450861,7.9324864645799,7.965676784515381,427400,0.0,0.0
1995-06-16 00:00:00-04:00,7.965675127708305,7.965675127708305,7.832913875579834,7.832913875579834,744600,0.0,0.0
1995-06-19 00:00:00-04:00,7.866104188611952,7.9324848146761875,7.832913875579834,7.832913875579834,145700,0.0,0.0
1995-06-20 00:00:00-04:00,7.832911065284241,7.832911065284241,7.700149860787898,7.799720764160156,498400,0.0,0.0
1995-06-21 00:00:00-04:00,7.766533249515597,7.832913875579834,7.766533249515597,7.832913875579834,210900,0.0,0.0
1995-06-22 00:00:00-04:00,7.866102473864417,7.998863697052002,7.866102473864417,7.998863697052002,274600,0.0,0.0
1995-06-23 00:00:00-04:00,7.965674939015919,7.965674939015919,7.866104002278219,7.9324846267700195,156500,0.0,0.0
1995-06-26 00:00:00-04:00,7.866101366408327,7.899291667532413,7.766530463036069,7.799720764160156,128400,0.0,0.0
1995-06-27 00:00:00-04:00,7.832913875579834,7.89929450164407,7.799723562547716,7.832913875579834,297800,0.0,0.0
1995-06-28 00:00:00-04:00,7.83291369003232,7.965674939015919,7.83291369003232,7.9324846267700195,266900,0.0,0.0
1995-06-29 00:00:00-04:00,7.9324842100383846,7.9324842100383846,7.832913278531627,7.899293899536133,365600,0.0,0.0
1995-06-30 00:00:00-04:00,7.9324848146761875,7.9324848146761875,7.832913875579834,7.832913875579834,207400,0.0,0.0
1995-07-03 00:00:00-04:00,7.866104188611952,7.866104188611952,7.799723562547716,7.832913875579834,44400,0.0,0.0
1995-07-05 00:00:00-04:00,7.799723209478916,7.866103832538311,7.733342586419521,7.766532897949219,263600,0.0,0.0
1995-07-06 00:00:00-04:00,7.7665330655405205,7.932484626770019,7.733342753294621,7.9324846267700195,240500,0.0,0.0
1995-07-07 00:00:00-04:00,7.866101366408327,7.899291667532413,7.766530463036069,7.799720764160156,171600,0.0,0.0
1995-07-10 00:00:00-04:00,7.799720764160155,7.799720764160155,7.766530463036069,7.799720764160156,142700,0.0,0.0
1995-07-11 00:00:00-04:00,7.733342586419521,7.799723209478916,7.733342586419521,7.766532897949219,461700,0.0,0.0
1995-07-12 00:00:00-04:00,7.700152274889824,7.832913521008614,7.700152274889824,7.766532897949219,345200,0.0,0.0
1995-07-13 00:00:00-04:00,7.766532897949219,7.799723209478916,7.733342586419521,7.766532897949219,219400,0.0,0.0
1995-07-14 00:00:00-04:00,7.733344145889939,7.766534464112643,7.633773191221828,7.700153827667236,400900,0.0,0.0
1995-07-17 00:00:00-04:00,7.666960716247558,7.932483165295093,7.633770410116616,7.666960716247559,276100,0.0,0.0
1995-07-18 00:00:00-04:00,7.666963509444532,7.733344145889939,7.600582872999125,7.700153827667236,237800,0.0,0.0
1995-07-19 00:00:00-04:00,7.633770942687988,7.666961251134458,7.53420001734858,7.633770942687988,327900,0.0,0.0
1995-07-20 00:00:00-04:00,7.633770410116616,7.7001510223785,7.567389797854732,7.666960716247559,187600,0.0,0.0
1995-07-21 00:00:00-04:00,7.666963714699557,7.7001540338108105,7.567392757365797,7.600583076477051,273400,0.0,0.0
1995-07-24 00:00:00-04:00,7.633770942687988,7.666961251134458,7.600580634241519,7.633770942687988,183300,0.0,0.0
1995-07-25 00:00:00-04:00,7.666961963360126,7.766532897949219,7.633771651830428,7.766532897949219,202300,0.0,0.0
1995-07-26 00:00:00-04:00,7.766534464112643,7.799724782335346,7.700153827667235,7.700153827667236,198900,0.0,0.0
1995-07-27 00:00:00-04:00,7.766532897949219,7.799723209478916,7.733342586419521,7.766532897949219,149800,0.0,0.0
1995-07-28 00:00:00-04:00,7.7997261567177185,7.7997261567177185,7.7001551845043,7.7333455085754395,116400,0.0,0.0
1995-07-31 00:00:00-04:00,7.700153827667235,7.733344145889939,7.633773191221828,7.700153827667236,180200,0.0,0.0
1995-08-01 00:00:00-04:00,7.700151559580927,7.733341868027397,7.633770942687988,7.633770942687988,138500,0.0,0.0
1995-08-02 00:00:00-04:00,7.7001551845043,7.766535832646579,7.7001551845043,7.7333455085754395,258000,0.0,0.0
1995-08-03 00:00:00-04:00,7.733341328509441,7.733341328509441,7.633770410116616,7.666960716247559,226500,0.0,0.0
1995-08-04 00:00:00-04:00,7.666960716247558,7.733341328509441,7.633770410116616,7.666960716247559,126400,0.0,0.0
1995-08-07 00:00:00-04:00,7.7001510223785,7.733341328509441,7.666960716247558,7.666960716247559,158300,0.0,0.0
1995-08-08 00:00:00-04:00,7.7001551845043,7.7333455085754395,7.666964860433161,7.7333455085754395,159800,0.0,0.0
1995-08-09 00:00:00-04:00,7.733344145889939,7.766534464112643,7.700153827667235,7.700153827667236,131300,0.0,0.0
1995-08-10 00:00:00-04:00,7.7001510223785,7.733341328509441,7.666960716247558,7.666960716247559,162100,0.0,0.0
1995-08-11 00:00:00-04:00,7.7001510223785,7.7001510223785,7.600580103985674,7.666960716247559,955800,0.0,0.0
1995-08-14 00:00:00-04:00,7.635876280920846,7.669663344110762,7.568302154541016,7.568302154541016,465900,0.51,0.0
1995-08-15 00:00:00-04:00,7.602087691821883,7.6358747482299805,7.568300635413786,7.6358747482299805,467900,0.0,0.0
1995-08-16 00:00:00-04:00,7.602090720038056,7.703451929638564,7.602090720038056,7.6696648597717285,3008100,0.0,0.0
1995-08-17 00:00:00-04:00,7.669666163265445,7.771027390092741,7.635879087656345,7.737240314483643,263600,0.0,0.0
1995-08-18 00:00:00-04:00,7.771028995513917,7.771028995513917,7.703454830335534,7.771028995513916,184100,0.0,0.0
1995-08-21 00:00:00-04:00,7.771027390092741,7.80481446570184,7.737240314483643,7.737240314483643,280000,0.0,0.0
1995-08-22 00:00:00-04:00,7.737240314483643,7.771027390092741,7.737240314483643,7.737240314483643,168200,0.0,0.0
1995-08-23 00:00:00-04:00,7.7372389995054,7.771026069372236,7.6696648597717285,7.6696648597717285,199300,0.0,0.0
1995-08-24 00:00:00-04:00,7.703450679779053,7.737237744164049,7.635876551009061,7.703450679779053,173200,0.0,0.0
1995-08-25 00:00:00-04:00,7.737241912924726,7.804816078103108,7.703454830335534,7.771028995513916,188000,0.0,0.0
1995-08-28 00:00:00-04:00,7.804816078103108,7.804816078103108,7.737241912924726,7.771028995513916,374900,0.0,0.0
1995-08-29 00:00:00-04:00,7.771028995513917,7.771028995513917,7.703454830335534,7.771028995513916,156700,0.0,0.0
1995-08-30 00:00:00-04:00,7.771026069372236,7.771026069372236,7.635877789904892,7.6696648597717285,251600,0.0,0.0
1995-08-31 00:00:00-04:00,7.6358747482299805,7.7034488610461755,7.6358747482299805,7.6358747482299805,167300,0.0,0.0
1995-09-01 00:00:00-04:00,7.602087691821883,7.6696618046380785,7.602087691821883,7.6358747482299805,123000,0.0,0.0
1995-09-05 00:00:00-04:00,7.6358747482299805,7.6358747482299805,7.534513579005689,7.6358747482299805,282600,0.0,0.0
1995-09-06 00:00:00-04:00,7.602087691821883,7.6696618046380785,7.602087691821883,7.6358747482299805,220400,0.0,0.0
1995-09-07 00:00:00-04:00,7.635875511169434,7.635875511169434,7.534514331817627,7.602088451385498,245400,0.0,0.0
1995-09-08 00:00:00-04:00,7.6358747482299805,7.6358747482299805,7.568300635413786,7.6358747482299805,235300,0.0,0.0
1995-09-11 00:00:00-04:00,7.635875511169434,7.66966257095337,7.568301391601564,7.602088451385498,147200,0.0,0.0
1995-09-12 00:00:00-04:00,7.6358747482299805,7.6696618046380785,7.602087691821883,7.6358747482299805,301600,0.0,0.0
1995-09-13 00:00:00-04:00,7.6358747482299805,7.6696618046380785,7.6358747482299805,7.6358747482299805,238200,0.0,0.0
1995-09-14 00:00:00-04:00,7.669665743564737,7.838601112365723,7.63587866980454,7.838601112365723,520600,0.0,0.0
1995-09-15 00:00:00-04:00,7.872386083974466,7.906173148712554,7.771024889760203,7.804811954498291,615600,0.0,0.0
1995-09-18 00:00:00-04:00,7.838603662318938,7.906177831821688,7.804816577567564,7.8723907470703125,240700,0.0,0.0
1995-09-19 00:00:00-04:00,7.872390747070313,7.872390747070313,7.838603662318938,7.8723907470703125,149600,0.0,0.0
1995-09-20 00:00:00-04:00,7.838600869906151,7.973749160766602,7.838600869906151,7.973749160766602,238500,0.0,0.0
1995-09-21 00:00:00-04:00,7.973747066741294,7.973747066741294,7.872385875214921,7.93996000289917,152100,0.0,0.0
1995-09-22 00:00:00-04:00,7.8723867110562225,8.007534980773926,7.838599643626797,8.007534980773926,300800,0.0,0.0
1995-09-25 00:00:00-04:00,8.007534980773926,8.007534980773926,7.939960845915074,8.007534980773926,117900,0.0,0.0
1995-09-26 00:00:00-04:00,7.973746391519841,8.108894635443907,7.973746391519841,8.07510757446289,307900,0.0,0.0
1995-09-27 00:00:00-04:00,8.041320887838657,8.142682075500488,8.007533825284712,8.142682075500488,224900,0.0,0.0
1995-09-28 00:00:00-04:00,8.142684987333954,8.244046211242676,8.108897912697714,8.244046211242676,347300,0.0,0.0
1995-09-29 00:00:00-04:00,8.24404555583687,8.27783262778702,8.176471411936568,8.210258483886719,250800,0.0,0.0
1995-10-02 00:00:00-04:00,8.210259136606435,8.277833285878916,8.176472061970195,8.244046211242676,158300,0.0,0.0
1995-10-03 00:00:00-04:00,8.21025759999345,8.31161880493164,8.21025759999345,8.31161880493164,213500,0.0,0.0
1995-10-04 00:00:00-04:00,8.27783173661891,8.34540587324437,8.27783173661891,8.31161880493164,185400,0.0,0.0
1995-10-05 00:00:00-04:00,8.311621015899036,8.311621015899036,8.210259783997827,8.277833938598633,120100,0.0,0.0
1995-10-06 00:00:00-04:00,8.277830325716263,8.311617388270207,8.142682075500488,8.142682075500488,203500,0.0,0.0
1995-10-09 00:00:00-04:00,8.142685629397022,8.277833938598633,8.142685629397022,8.277833938598633,168000,0.0,0.0
1995-10-10 00:00:00-04:00,8.244045319344833,8.345406532287598,8.244045319344833,8.345406532287598,267700,0.0,0.0
1995-10-11 00:00:00-04:00,8.34540587324437,8.379192941557102,8.31161880493164,8.31161880493164,360900,0.0,0.0
1995-10-12 00:00:00-04:00,8.345407435151397,8.379194509787638,8.244046211242676,8.244046211242676,175700,0.0,0.0
1995-10-13 00:00:00-04:00,8.24404326316232,8.277830325716263,8.142682075500488,8.142682075500488,231000,0.0,0.0
1995-10-16 00:00:00-04:00,8.176470390955608,8.176470390955608,8.108896255493164,8.108896255493164,124900,0.0,0.0
1995-10-17 00:00:00-04:00,8.142682075500488,8.176469138054431,8.108895012946544,8.142682075500488,145200,0.0,0.0
1995-10-18 00:00:00-04:00,8.142684339986417,8.210258483886719,8.142684339986417,8.210258483886719,184400,0.0,0.0
1995-10-19 00:00:00-04:00,8.244046211242676,8.277833285878916,8.210259136606435,8.244046211242676,135600,0.0,0.0
1995-10-20 00:00:00-04:00,8.27783173661891,8.34540587324437,8.24404466830618,8.31161880493164,245400,0.0,0.0
1995-10-23 00:00:00-04:00,8.24404686129823,8.311621015899036,8.176472706697425,8.277833938598633,171900,0.0,0.0
1995-10-24 00:00:00-04:00,8.277832390325756,8.345406532287598,8.210258248363912,8.345406532287598,130900,0.0,0.0
1995-10-25 00:00:00-04:00,8.34540718601596,8.41298133327115,8.311620112388365,8.379194259643555,209800,0.0,0.0
1995-10-26 00:00:00-04:00,8.345406532287598,8.412980674249441,8.311619461306677,8.345406532287598,588400,0.0,0.0
1995-10-27 00:00:00-04:00,8.311621015899036,8.345408093199438,8.277833938598633,8.277833938598633,550200,0.0,0.0
1995-10-30 00:00:00-05:00,8.27783173661891,8.34540587324437,8.24404466830618,8.31161880493164,115100,0.0,0.0
1995-10-31 00:00:00-05:00,8.345406771687323,8.379193843637474,8.210258483886719,8.210258483886719,148300,0.0,0.0
1995-11-01 00:00:00-05:00,8.210258483886719,8.311619699737172,8.176471411936568,8.210258483886719,118200,0.0,0.0
1995-11-02 00:00:00-05:00,8.244046211242676,8.277833285878916,8.210259136606435,8.244046211242676,106700,0.0,0.0
1995-11-03 00:00:00-05:00,8.24404555583687,8.27783262778702,8.210258483886719,8.210258483886719,113700,0.0,0.0
1995-11-06 00:00:00-05:00,8.210255818386955,8.24404287936797,8.041320513481873,8.07510757446289,327600,0.0,0.0
1995-11-07 00:00:00-05:00,8.108894635443907,8.108894635443907,8.041320513481873,8.07510757446289,138200,0.0,0.0
1995-11-08 00:00:00-05:00,8.075109548805173,8.176470756530762,8.075109548805173,8.176470756530762,114900,0.0,0.0
1995-11-09 00:00:00-05:00,8.176470756530762,8.176470756530762,8.108896618047035,8.176470756530762,201700,0.0,0.0
1995-11-10 00:00:00-05:00,8.10889588684595,8.10889588684595,7.973747622065184,8.041321754455566,1254800,0.0,0.0
1995-11-13 00:00:00-05:00,8.044072374120935,8.044072374120935,7.906566863452201,7.940943241119385,368400,0.51,0.0
1995-11-14 00:00:00-05:00,7.94094443321228,8.044073581695557,7.94094443321228,7.975320816040039,632600,0.0,0.0
1995-11-15 00:00:00-05:00,7.9753193977551575,8.044072151184082,7.9753193977551575,8.044072151184082,407900,0.0,0.0
1995-11-16 00:00:00-05:00,8.0440752577884,8.0440752577884,7.975322477807303,8.009698867797852,462300,0.0,0.0
1995-11-17 00:00:00-05:00,8.00969577446962,8.044072151184082,7.9753193977551575,8.044072151184082,256900,0.0,0.0
1995-11-20 00:00:00-05:00,8.009697198867798,8.009697198867798,7.94094443321228,7.975320816040039,111000,0.0,0.0
1995-11-21 00:00:00-05:00,7.9753193977551575,8.044072151184082,7.9753193977551575,8.044072151184082,414700,0.0,0.0
1995-11-22 00:00:00-05:00,8.044073581695557,8.044073581695557,7.975320816040039,7.975320816040039,175800,0.0,0.0
1995-11-24 00:00:00-05:00,7.975319618786568,7.975319618786568,7.906566863452201,7.940943241119385,71000,0.0,0.0
1995-11-27 00:00:00-05:00,7.940946087816754,8.0440752577884,7.940946087816754,8.009698867797852,230700,0.0,0.0
1995-11-28 00:00:00-05:00,7.9753193977551575,8.044072151184082,7.906566644326234,8.044072151184082,173100,0.0,0.0
1995-11-29 00:00:00-05:00,8.044072151184082,8.044072151184082,8.00969577446962,8.044072151184082,176700,0.0,0.0
1995-11-30 00:00:00-05:00,8.044073096565578,8.078449477320131,7.906567573547362,7.906567573547363,282100,0.0,0.0
1995-12-01 00:00:00-05:00,7.906567573547362,7.9753203350564705,7.803438431283701,7.906567573547363,504700,0.0,0.0
1995-12-04 00:00:00-05:00,7.940946087816754,8.0440752577884,7.940946087816754,8.009698867797852,453200,0.0,0.0
1995-12-05 00:00:00-05:00,8.009693214158972,8.215951408514997,8.009693214158972,8.147198677062988,722600,0.0,0.0
1995-12-06 00:00:00-05:00,8.1815767288208,8.250329474441143,8.147200356010629,8.1815767288208,316200,0.0,0.0
1995-12-07 00:00:00-05:00,8.147201281327467,8.18157765804193,8.044072151184082,8.044072151184082,258300,0.0,0.0
1995-12-08 00:00:00-05:00,8.112823713586685,8.147200085254426,8.044070970251205,8.078447341918945,220700,0.0,0.0
1995-12-11 00:00:00-05:00,8.078448527898543,8.078448527898543,8.00969577446962,8.044072151184082,102400,0.0,0.0
1995-12-12 00:00:00-05:00,8.00969625731646,8.112825393676758,8.00969625731646,8.112825393676758,283800,0.0,0.0
1995-12-13 00:00:00-05:00,8.11282540957133,8.284707303841909,8.078449030717215,8.250330924987793,678700,0.0,0.0
1995-12-14 00:00:00-05:00,8.28470755212101,8.422213071658287,8.25033117223669,8.353460311889648,499900,0.0,0.0
1995-12-15 00:00:00-05:00,8.353460311889648,8.387836691773968,8.319083932005329,8.353460311889648,770200,0.0,0.0
1995-12-18 00:00:00-05:00,8.387836937012711,8.4909660796809,8.31908417523392,8.456589698791504,648900,0.0,0.0
1995-12-19 00:00:00-05:00,8.456587113529803,8.594092595050613,8.4222107431496,8.55971622467041,747300,0.0,0.0
1995-12-20 00:00:00-05:00,8.55971836659216,8.594094745574457,8.490965608627565,8.525341987609863,222300,0.0,0.0
1995-12-21 00:00:00-05:00,8.525339854290207,8.55971622467041,8.525339854290207,8.55971622467041,373500,0.0,0.0
1995-12-22 00:00:00-05:00,8.55971622467041,8.594092595050613,8.525339854290207,8.55971622467041,189000,0.0,0.0
1995-12-26 00:00:00-05:00,8.55971861455545,8.628471374511719,8.525342234577316,8.628471374511719,147900,0.0,0.0
1995-12-27 00:00:00-05:00,8.594092595050613,8.628468965430814,8.55971622467041,8.55971622467041,81100,0.0,0.0
1995-12-28 00:00:00-05:00,8.594095471348215,8.731600998889787,8.559719089462822,8.697224617004395,363000,0.0,0.0
1995-12-29 00:00:00-05:00,8.66284705334761,8.869105316522553,8.66284705334761,8.731599807739258,580100,0.0,0.0
1996-01-02 00:00:00-05:00,8.800353064903845,8.937858581542969,8.765976685744064,8.937858581542969,451200,0.0,0.0
1996-01-03 00:00:00-05:00,8.903482437133789,8.937858817199942,8.869106057067635,8.903482437133789,197900,0.0,0.0
1996-01-04 00:00:00-05:00,8.800352584484012,8.903481716333433,8.800352584484012,8.869105339050293,488700,0.0,0.0
1996-01-05 00:00:00-05:00,8.834728983522373,9.006610870361328,8.834728983522373,9.006610870361328,637600,0.0,0.0
1996-01-08 00:00:00-05:00,9.04098892211914,9.04098892211914,9.006612538384847,9.04098892211914,100900,0.0,0.0
1996-01-09 00:00:00-05:00,9.040984463804707,9.144113564152288,9.006608097022179,9.066766738891602,624400,0.0,0.0
1996-01-10 00:00:00-05:00,9.075363625096912,9.109740002464703,8.972234492993538,9.006610870361328,703000,0.0,0.0
1996-01-11 00:00:00-05:00,9.040983638544192,9.040983638544192,8.972230911254883,8.972230911254883,257000,0.0,0.0
1996-01-12 00:00:00-05:00,9.006611339862529,9.04098771902231,8.903482202383188,8.937858581542969,373000,0.0,0.0
1996-01-15 00:00:00-05:00,8.937858365616709,9.109740257263184,8.937858365616709,9.109740257263184,709000,0.0,0.0
1996-01-16 00:00:00-05:00,9.178490914238823,9.281620025634766,9.109738173308195,9.281620025634766,561000,0.0,0.0
1996-01-17 00:00:00-05:00,9.281624081409554,9.316000466896256,9.247247695922852,9.247247695922852,343000,0.0,0.0
1996-01-18 00:00:00-05:00,9.247242640731926,9.247242640731926,9.075360807261072,9.144113540649414,244000,0.0,0.0
1996-01-19 00:00:00-05:00,9.109739563358364,9.281621441912295,9.109739563358364,9.212868690490723,580600,0.0,0.0
1996-01-22 00:00:00-05:00,9.212866274037754,9.247242640731926,9.144113540649414,9.144113540649414,175200,0.0,0.0
1996-01-23 00:00:00-05:00,9.14411593906915,9.24724506620151,9.14411593906915,9.212868690490723,701200,0.0,0.0
1996-01-24 00:00:00-05:00,9.212869658189662,9.350375175476074,9.178493278868059,9.350375175476074,366800,0.0,0.0
1996-01-25 00:00:00-05:00,9.315999984741211,9.350376368448742,9.281623601033678,9.315999984741211,684800,0.0,0.0
1996-01-26 00:00:00-05:00,9.247247695922852,9.281624081409554,9.144118539462745,9.247247695922852,463600,0.0,0.0
1996-01-29 00:00:00-05:00,9.24724365516945,9.281620025634766,9.212867284704137,9.281620025634766,104900,0.0,0.0
1996-01-30 00:00:00-05:00,9.281621441912295,9.315997817623082,9.178492314779936,9.212868690490723,286600,0.0,0.0
1996-01-31 00:00:00-05:00,9.212867284704137,9.281620025634766,9.212867284704137,9.281620025634766,192500,0.0,0.0
1996-02-01 00:00:00-05:00,9.247243377599824,9.28161974703328,9.144114269299454,9.17849063873291,284800,0.0,0.0
1996-02-02 00:00:00-05:00,9.144114269299454,9.212867008166366,9.109737899865998,9.17849063873291,685500,0.0,0.0
1996-02-05 00:00:00-05:00,9.178491891735662,9.419126510620117,9.144115517609311,9.419126510620117,489500,0.0,0.0
1996-02-06 00:00:00-05:00,9.350375175476074,9.384751554797678,9.281622416832867,9.350375175476074,530700,0.0,0.0
1996-02-07 00:00:00-05:00,9.31599879615447,9.419127934119281,9.31599879615447,9.350375175476074,255400,0.0,0.0
1996-02-08 00:00:00-05:00,9.384750366210936,9.419126741178742,9.28162124130752,9.384750366210938,364100,0.0,0.0
1996-02-09 00:00:00-05:00,9.384752748662775,9.556634667136452,9.350376364968039,9.453505516052246,2057300,0.0,0.0
1996-02-12 00:00:00-05:00,9.45908937033485,9.528898147975697,9.424184981514426,9.493993759155273,649800,0.52,0.0
1996-02-13 00:00:00-05:00,9.424186186356977,9.668516939336603,9.35437739979137,9.598708152770996,1025400,0.0,0.0
1996-02-14 00:00:00-05:00,9.563801383972168,9.563801383972168,9.42418384552002,9.42418384552002,211100,0.0,0.0
1996-02-15 00:00:00-05:00,9.424183653361762,9.459088037263102,9.319470501657744,9.354374885559082,287600,0.0,0.0
1996-02-16 00:00:00-05:00,9.319472132988695,9.319472132988695,9.249663352966309,9.249663352966309,396000,0.0,0.0
1996-02-20 00:00:00-05:00,9.179854393005371,9.249663171659405,9.110045614351339,9.179854393005371,371000,0.0,0.0
1996-02-21 00:00:00-05:00,9.17984994730555,9.284563064575195,9.144945574882335,9.284563064575195,443800,0.0,0.0
1996-02-22 00:00:00-05:00,9.284566307067871,9.42418384552002,9.249661922454834,9.42418384552002,481000,0.0,0.0
1996-02-23 00:00:00-05:00,9.424180554268055,9.45908492669127,9.284563064575195,9.284563064575195,258300,0.0,0.0
1996-02-26 00:00:00-05:00,9.28456756098642,9.424185118294488,9.110045614351339,9.179854393005371,353500,0.0,0.0
1996-02-27 00:00:00-05:00,9.144950182932728,9.249663352966309,9.110045792921534,9.249663352966309,293100,0.0,0.0
1996-02-28 00:00:00-05:00,9.249664219942959,9.284568613225764,9.214759826660156,9.214759826660156,407400,0.0,0.0
1996-02-29 00:00:00-05:00,9.179855961597104,9.214760356888348,9.040238380432129,9.040238380432129,429200,0.0,0.0
1996-03-01 00:00:00-05:00,9.179855433377352,9.214759826660156,9.005333466963334,9.214759826660156,297500,0.0,0.0
1996-03-04 00:00:00-05:00,9.214756311995261,9.354373831873977,9.179851932025581,9.319469451904297,218400,0.0,0.0
1996-03-05 00:00:00-05:00,9.249664219942959,9.284568613225764,9.214759826660156,9.214759826660156,206500,0.0,0.0
1996-03-06 00:00:00-05:00,9.214758690986924,9.249663079967936,9.144949913024902,9.144949913024902,138900,0.0,0.0
1996-03-07 00:00:00-05:00,9.110045524043892,9.144949913024902,9.07514113506288,9.144949913024902,143300,0.0,0.0
1996-03-08 00:00:00-05:00,9.005329884588718,9.005329884588718,8.900616746395826,8.935521125793457,600200,0.0,0.0
1996-03-11 00:00:00-05:00,8.865714166678634,8.935522939644608,8.795905393712662,8.900618553161621,757000,0.0,0.0
1996-03-12 00:00:00-05:00,8.79590675629765,8.830811148187722,8.656289188737372,8.691193580627441,745900,0.0,0.0
1996-03-13 00:00:00-05:00,8.726098845081946,8.761003240462273,8.656290054321289,8.656290054321289,322600,0.0,0.0
1996-03-14 00:00:00-05:00,8.691193580627441,8.761002364407581,8.656289188737372,8.691193580627441,364200,0.0,0.0
1996-03-15 00:00:00-05:00,8.691193580627441,8.691193580627441,8.621384796847302,8.691193580627441,582700,0.0,0.0
1996-03-18 00:00:00-05:00,8.761000914836494,8.935522845410926,8.761000914836494,8.865714073181152,641500,0.0,0.0
1996-03-19 00:00:00-05:00,8.935524680397727,8.935524680397727,8.761002713983709,8.830811500549316,207600,0.0,0.0
1996-03-20 00:00:00-05:00,8.86571589383212,8.900620287114924,8.761002713983709,8.830811500549316,194800,0.0,0.0
1996-03-21 00:00:00-05:00,8.795904922485352,8.83080930709839,8.726096153259277,8.726096153259277,348800,0.0,0.0
1996-03-22 00:00:00-05:00,8.761000537872315,8.761000537872315,8.69119176864624,8.726096153259277,203700,0.0,0.0
1996-03-25 00:00:00-05:00,8.761002713983709,8.86571589383212,8.761002713983709,8.830811500549316,280500,0.0,0.0
1996-03-26 00:00:00-05:00,8.795906066894531,8.830810456048875,8.761001677740188,8.795906066894531,260900,0.0,0.0
1996-03-27 00:00:00-05:00,8.761002713983709,8.900620287114924,8.761002713983709,8.830811500549316,565400,0.0,0.0
1996-03-28 00:00:00-05:00,8.795905393712662,8.900618553161621,8.795905393712662,8.900618553161621,310900,0.0,0.0
1996-03-29 00:00:00-05:00,8.970427326127595,8.970427326127595,8.865714166678634,8.900618553161621,246700,0.0,0.0
1996-04-01 00:00:00-05:00,8.935525110525678,9.04023829541465,8.935525110525678,9.00533390045166,413400,0.0,0.0
1996-04-02 00:00:00-05:00,9.04023829541465,9.04023829541465,8.970429505488669,9.00533390045166,664300,0.0,0.0
1996-04-03 00:00:00-05:00,9.005337644643822,9.005337644643822,8.935528825693094,8.970433235168457,1246600,0.0,0.0
1996-04-04 00:00:00-05:00,8.935522845410926,8.970427231525813,8.830809687066267,8.865714073181152,187500,0.0,0.0
1996-04-08 00:00:00-04:00,8.726099559238978,8.726099559238978,8.481768771580288,8.5515775680542,459700,0.0,0.0
1996-04-09 00:00:00-04:00,8.586478233337402,8.62138261639975,8.551573850275055,8.586478233337402,247300,0.0,0.0
1996-04-10 00:00:00-04:00,8.516668774592826,8.656286295487792,8.342146873474121,8.342146873474121,600600,0.0,0.0
1996-04-11 00:00:00-04:00,8.342146873474121,8.411955633921604,8.30724249325038,8.342146873474121,367800,0.0,0.0
1996-04-12 00:00:00-04:00,8.411958607037862,8.481767392158508,8.377054214477539,8.377054214477539,595000,0.0,0.0
1996-04-15 00:00:00-04:00,8.411958607037862,8.411958607037862,8.342149821917216,8.377054214477539,183800,0.0,0.0
1996-04-16 00:00:00-04:00,8.34214868866095,8.411957464298279,8.307244300842285,8.307244300842285,279100,0.0,0.0
1996-04-17 00:00:00-04:00,8.307244300842285,8.34214868866095,8.27233991302362,8.307244300842285,218100,0.0,0.0
1996-04-18 00:00:00-04:00,8.307241335196837,8.342145710554806,8.237432584480898,8.272336959838867,200000,0.0,0.0
1996-04-19 00:00:00-04:00,8.27233972791898,8.342148501994247,8.237435340881348,8.237435340881348,291200,0.0,0.0
1996-04-22 00:00:00-04:00,8.307244114956614,8.307244114956614,8.237435340881348,8.237435340881348,157700,0.0,0.0
1996-04-23 00:00:00-04:00,8.237435340881348,8.237435340881348,8.167626566806081,8.237435340881348,199600,0.0,0.0
1996-04-24 00:00:00-04:00,8.272336959838867,8.342145710554806,8.237432584480898,8.272336959838867,184300,0.0,0.0
1996-04-25 00:00:00-04:00,8.307241335196837,8.307241335196837,8.167623833764958,8.272336959838867,216300,0.0,0.0
1996-04-26 00:00:00-04:00,8.237434289810507,8.272338672394449,8.202529907226562,8.202529907226562,161700,0.0,0.0
1996-04-29 00:00:00-04:00,8.167629160082903,8.202533558202916,8.13272476196289,8.13272476196289,149300,0.0,0.0
1996-04-30 00:00:00-04:00,8.132721142058678,8.237434289810507,8.097816759474735,8.202529907226562,340000,0.0,0.0
1996-05-01 00:00:00-04:00,8.16762552464262,8.237434289810507,8.132721142058678,8.202529907226562,378400,0.0,0.0
1996-05-02 00:00:00-04:00,8.13272476196289,8.202533558202916,8.13272476196289,8.13272476196289,578000,0.0,0.0
1996-05-03 00:00:00-04:00,8.167623197877562,8.202527570518065,8.028005707315552,8.062910079956055,322700,0.0,0.0
1996-05-06 00:00:00-04:00,8.097817133607823,8.097817133607823,7.958199596821482,7.993103981018066,344900,0.0,0.0
1996-05-07 00:00:00-04:00,7.993102448028431,8.028006825530738,7.888389315521508,7.958198070526123,423200,0.0,0.0
1996-05-08 00:00:00-04:00,7.888393975122804,8.167629160082903,7.853489577002791,8.13272476196289,548000,0.0,0.0
1996-05-09 00:00:00-04:00,8.132721045078375,8.202529809413813,8.097816662910658,8.167625427246094,529100,0.0,0.0
1996-05-10 00:00:00-04:00,8.272336959838867,8.307241335196837,8.237432584480898,8.272336959838867,1591800,0.0,0.0
1996-05-13 00:00:00-04:00,8.278021424363702,8.313549413309469,8.206965446472168,8.206965446472168,689900,0.52,0.0
1996-05-14 00:00:00-04:00,8.242493435417934,8.278021424363702,8.171437457526402,8.206965446472168,1345100,0.0,0.0
1996-05-15 00:00:00-04:00,8.171438794387013,8.206966789145218,8.0648548101124,8.100382804870605,3517800,0.0,0.0
1996-05-16 00:00:00-04:00,8.029326815354196,8.13591079962881,7.993798820595992,8.100382804870605,1264900,0.0,0.0
1996-05-17 00:00:00-04:00,8.029323650257929,8.029323650257929,7.85168374649116,7.958267688751221,1129600,0.0,0.0
1996-05-20 00:00:00-04:00,7.958272873546203,7.993800877445963,7.851688861846925,7.851688861846924,661000,0.0,0.0
1996-05-21 00:00:00-04:00,7.922743133596471,7.922743133596471,7.851687141366907,7.8872151374816895,575700,0.0,0.0
1996-05-22 00:00:00-04:00,7.85168374649116,7.993795669504575,7.85168374649116,7.958267688751221,1101000,0.0,0.0
1996-05-23 00:00:00-04:00,7.958269880491522,8.02932586156734,7.887213899415705,7.922741889953613,454100,0.0,0.0
1996-05-24 00:00:00-04:00,7.958267688751221,7.993795669504575,7.922739707997867,7.958267688751221,212400,0.0,0.0
1996-05-28 00:00:00-04:00,7.958267688751221,7.993795669504575,7.887211727244513,7.958267688751221,354700,0.0,0.0
1996-05-29 00:00:00-04:00,7.9582693142361105,8.029325290256075,7.887213338216145,7.993797302246094,878200,0.0,0.0
1996-05-30 00:00:00-04:00,7.993797302246093,8.029325290256075,7.922741326226128,7.993797302246094,902600,0.0,0.0
1996-05-31 00:00:00-04:00,7.958269880491522,7.958269880491522,7.887213899415705,7.922741889953613,282600,0.0,0.0
1996-06-03 00:00:00-04:00,7.8872151374816895,7.922743133596471,7.8872151374816895,7.8872151374816895,196800,0.0,0.0
1996-06-04 00:00:00-04:00,7.922741889953613,7.958269880491522,7.887213899415705,7.922741889953613,438700,0.0,0.0
1996-06-05 00:00:00-04:00,7.922742459626324,8.029326438903809,7.922742459626324,8.029326438903809,306900,0.0,0.0
1996-06-06 00:00:00-04:00,8.029326438903809,8.100382425088798,8.029326438903809,8.029326438903809,264900,0.0,0.0
1996-06-07 00:00:00-04:00,7.958271129711254,7.958271129711254,7.851687141366907,7.8872151374816895,370800,0.0,0.0
1996-06-10 00:00:00-04:00,7.922739707997867,7.993795669504575,7.887211727244513,7.958267688751221,494000,0.0,0.0
1996-06-11 00:00:00-04:00,7.9582693142361105,8.029325290256075,7.9582693142361105,7.993797302246094,308900,0.0,0.0
1996-06-12 00:00:00-04:00,7.993798445811314,8.064854431996304,7.993798445811314,8.029326438903809,298300,0.0,0.0
1996-06-13 00:00:00-04:00,8.0648551180556,8.0648551180556,7.8872151374816895,7.8872151374816895,847000,0.0,0.0
1996-06-14 00:00:00-04:00,7.958269880491522,7.958269880491522,7.887213899415705,7.922741889953613,629200,0.0,0.0
1996-06-17 00:00:00-04:00,7.958267688751221,7.958267688751221,7.85168374649116,7.958267688751221,488000,0.0,0.0
1996-06-18 00:00:00-04:00,7.958269880491522,7.958269880491522,7.887213899415705,7.922741889953613,468900,0.0,0.0
1996-06-19 00:00:00-04:00,7.8872151374816895,7.958271129711254,7.833923143309516,7.8872151374816895,401300,0.0,0.0
1996-06-20 00:00:00-04:00,7.887213899415705,7.922741889953613,7.7806299278019795,7.922741889953613,574600,0.0,0.0
1996-06-21 00:00:00-04:00,7.922739707997867,8.029323650257929,7.887211727244513,7.958267688751221,663100,0.0,0.0
1996-06-24 00:00:00-04:00,7.993798820595992,8.100382804870605,7.993798820595992,8.100382804870605,517500,0.0,0.0
1996-06-25 00:00:00-04:00,8.135911174442457,8.206967167232348,8.135911174442457,8.171439170837402,338800,0.0,0.0
1996-06-26 00:00:00-04:00,8.171442814789485,8.171442814789485,8.100386790313054,8.13591480255127,285800,0.0,0.0
1996-06-27 00:00:00-04:00,8.100381479634867,8.242493435417934,8.100381479634867,8.206965446472168,318300,0.0,0.0
1996-06-28 00:00:00-04:00,8.242494012555506,8.349077986855793,8.242494012555506,8.313549995422363,453800,0.0,0.0
1996-07-01 00:00:00-04:00,8.349077224731445,8.349077224731445,8.278021248350752,8.349077224731445,232200,0.0,0.0
1996-07-02 00:00:00-04:00,8.349081217232397,8.420137227591821,8.278025206872973,8.38460922241211,466500,0.0,0.0
1996-07-03 00:00:00-04:00,8.349077224731445,8.384605212921791,8.313549236541098,8.349077224731445,544900,0.0,0.0
1996-07-05 00:00:00-04:00,8.206966789145218,8.206966789145218,8.0648548101124,8.100382804870605,220600,0.0,0.0
1996-07-08 00:00:00-04:00,8.064854621887207,8.135910609745245,8.064854621887207,8.064854621887207,390900,0.0,0.0
1996-07-09 00:00:00-04:00,8.100382615816226,8.171438603674263,8.064854621887207,8.064854621887207,317700,0.0,0.0
1996-07-10 00:00:00-04:00,8.064853278266058,8.064853278266058,7.8516853502061625,7.993797302246094,1070700,0.0,0.0
1996-07-11 00:00:00-04:00,7.958267688751221,7.993795669504575,7.7806277849844525,7.958267688751221,534000,0.0,0.0
1996-07-12 00:00:00-04:00,7.922741326226128,7.993797302246093,7.887213338216145,7.993797302246094,542600,0.0,0.0
1996-07-15 00:00:00-04:00,7.993800877445963,8.029328881345723,7.851688861846925,7.851688861846924,521100,0.0,0.0
1996-07-16 00:00:00-04:00,7.851687141366907,7.993799125826037,7.745103153022559,7.8872151374816895,518200,0.0,0.0
1996-07-17 00:00:00-04:00,7.958272873546203,7.958272873546203,7.816160857947165,7.851688861846924,276100,0.0,0.0
1996-07-18 00:00:00-04:00,7.8872151374816895,7.958271129711254,7.851687141366907,7.8872151374816895,414400,0.0,0.0
1996-07-19 00:00:00-04:00,7.887217775397345,7.887217775397345,7.709577735410918,7.745105743408203,392400,0.0,0.0
1996-07-22 00:00:00-04:00,7.745101256304623,7.780629243718864,7.67404528147614,7.709573268890381,323100,0.0,0.0
1996-07-23 00:00:00-04:00,7.709573268890381,7.780629243718864,7.67404528147614,7.709573268890381,292300,0.0,0.0
1996-07-24 00:00:00-04:00,7.63852095495076,7.780632972717286,7.63852095495076,7.780632972717285,280400,0.0,0.0
1996-07-25 00:00:00-04:00,7.816157231133105,7.816157231133105,7.638517294061899,7.709573268890381,369300,0.0,0.0
1996-07-26 00:00:00-04:00,7.709577735410918,7.745105743408204,7.638521719416348,7.745105743408203,244800,0.0,0.0
1996-07-29 00:00:00-04:00,7.709573268890381,7.745101256304623,7.638517294061899,7.709573268890381,155700,0.0,0.0
1996-07-30 00:00:00-04:00,7.709573268890381,7.745101256304623,7.638517294061899,7.709573268890381,205500,0.0,0.0
1996-07-31 00:00:00-04:00,7.674046039581299,7.709574030505286,7.638518048657311,7.674046039581299,403300,0.0,0.0
1996-08-01 00:00:00-04:00,7.67404528147614,7.816157231133105,7.638517294061899,7.709573268890381,594400,0.0,0.0
1996-08-02 00:00:00-04:00,7.780631149137342,7.8872151374816895,7.780631149137342,7.8872151374816895,337800,0.0,0.0
1996-08-05 00:00:00-04:00,7.8872151374816895,7.922743133596471,7.851687141366907,7.8872151374816895,366200,0.0,0.0
1996-08-06 00:00:00-04:00,7.88721698604218,7.88721698604218,7.780632972717286,7.780632972717285,256800,0.0,0.0
1996-08-07 00:00:00-04:00,7.816160977158917,7.816160977158917,7.745104968275654,7.780632972717285,294400,0.0,0.0
1996-08-08 00:00:00-04:00,7.780631251768631,7.851687244935468,7.780631251768631,7.816159248352051,258800,0.0,0.0
1996-08-09 00:00:00-04:00,7.851687244935468,7.851687244935468,7.81615924835205,7.816159248352051,787900,0.0,0.0
1996-08-12 00:00:00-04:00,7.858166865252574,7.894379615783692,7.821954114721456,7.894379615783691,686500,0.52,0.0
1996-08-13 00:00:00-04:00,7.894378965351439,7.894378965351439,7.858166217803956,7.858166217803955,593300,0.0,0.0
1996-08-14 00:00:00-04:00,7.85816604340518,7.8943787901489815,7.821953296661377,7.821953296661377,4885200,0.0,0.0
1996-08-15 00:00:00-04:00,7.858166217803956,7.894378965351439,7.821953470256472,7.858166217803955,267400,0.0,0.0
1996-08-16 00:00:00-04:00,7.858166865252574,7.9305923663148095,7.858166865252574,7.894379615783691,250400,0.0,0.0
1996-08-19 00:00:00-04:00,7.9305923663148095,7.9305923663148095,7.858166865252574,7.894379615783691,431200,0.0,0.0
1996-08-20 00:00:00-04:00,7.894378361636646,7.930591106414796,7.858165616858496,7.930591106414795,194600,0.0,0.0
1996-08-21 00:00:00-04:00,7.894378361636646,7.930591106414796,7.876271989247571,7.930591106414795,324900,0.0,0.0
1996-08-22 00:00:00-04:00,7.894379615783692,7.9305923663148095,7.858166865252574,7.894379615783691,108700,0.0,0.0
1996-08-23 00:00:00-04:00,7.894378965351439,7.930591712898923,7.858166217803956,7.858166217803955,251500,0.0,0.0
1996-08-26 00:00:00-04:00,7.8943787901489815,7.8943787901489815,7.821953296661377,7.821953296661377,166200,0.0,0.0
1996-08-27 00:00:00-04:00,7.858166217803956,7.858166217803956,7.785740722708988,7.858166217803955,1119700,0.0,0.0
1996-08-28 00:00:00-04:00,7.821953121451444,7.85816586738409,7.785740375518799,7.785740375518799,251700,0.0,0.0
1996-08-29 00:00:00-04:00,7.7495306242079955,7.785743384134202,7.568466824576968,7.604679584503174,1209200,0.0,0.0
1996-08-30 00:00:00-04:00,7.604678943396755,7.640891700270073,7.5684661865234375,7.5684661865234375,333900,0.0,0.0
1996-09-03 00:00:00-04:00,7.532254064650762,7.604679584503174,7.496041304724557,7.604679584503174,363700,0.0,0.0
1996-09-04 00:00:00-04:00,7.640885829925537,7.640885829925537,7.532247642770197,7.640885829925537,956200,0.0,0.0
1996-09-05 00:00:00-04:00,7.6046731008737565,7.677098558977317,7.6046731008737565,7.640885829925537,444200,0.0,0.0
1996-09-06 00:00:00-04:00,7.640889391788217,7.785740375518799,7.640889391788217,7.785740375518799,589600,0.0,0.0
1996-09-09 00:00:00-04:00,7.821953121451444,7.85816586738409,7.713314883653508,7.785740375518799,398200,0.0,0.0
1996-09-10 00:00:00-04:00,7.785742594816975,7.821955351071938,7.749529838562013,7.749529838562012,172700,0.0,0.0
1996-09-11 00:00:00-04:00,7.785740722708988,7.858166217803956,7.713315227614021,7.858166217803955,469900,0.0,0.0
1996-09-12 00:00:00-04:00,7.89438137141141,7.966806888580322,7.89438137141141,7.966806888580322,261700,0.0,0.0
1996-09-13 00:00:00-04:00,8.039225961480822,8.14786415014948,8.003013231924601,8.111651420593262,491700,0.0,0.0
1996-09-16 00:00:00-04:00,8.184076309204102,8.220289036235979,8.147863582172226,8.184076309204102,616700,0.0,0.0
1996-09-17 00:00:00-04:00,8.256501763267854,8.256501763267854,8.184076309204102,8.184076309204102,577000,0.0,0.0
1996-09-18 00:00:00-04:00,8.220289036235979,8.256501763267854,8.147863582172226,8.184076309204102,243400,0.0,0.0
1996-09-19 00:00:00-04:00,8.147867202758789,8.18407994588216,8.111654459635416,8.147867202758789,335600,0.0,0.0
1996-09-20 00:00:00-04:00,8.184076879705701,8.184076879705701,8.111651420593262,8.111651420593262,515300,0.0,0.0
1996-09-23 00:00:00-04:00,8.075438691037041,8.111651420593262,8.039225961480822,8.111651420593262,210200,0.0,0.0
1996-09-24 00:00:00-04:00,8.111651420593262,8.184076879705701,8.075438691037041,8.111651420593262,291700,0.0,0.0
1996-09-25 00:00:00-04:00,8.147867202758789,8.147867202758789,8.111654459635416,8.147867202758789,139100,0.0,0.0
1996-09-26 00:00:00-04:00,8.147867202758789,8.220292689005534,8.147867202758789,8.147867202758789,238500,0.0,0.0
1996-09-27 00:00:00-04:00,8.184076879705701,8.184076879705701,8.075438691037041,8.111651420593262,269400,0.0,0.0
1996-09-30 00:00:00-04:00,8.111657769830378,8.111657769830378,8.03923225402832,8.03923225402832,253800,0.0,0.0
1996-10-01 00:00:00-04:00,8.039229216079367,8.07544196029594,8.003016471862793,8.003016471862793,286300,0.0,0.0
1996-10-02 00:00:00-04:00,8.07544231414795,8.07544231414795,8.039229568344595,8.07544231414795,171900,0.0,0.0
1996-10-03 00:00:00-04:00,8.039232405749233,8.07544516433369,7.966806888580322,7.966806888580322,177600,0.0,0.0
1996-10-04 00:00:00-04:00,8.003012674044719,8.184076309204102,7.966799947012842,8.184076309204102,326300,0.0,0.0
1996-10-07 00:00:00-04:00,8.147866788663363,8.328930495078103,8.147866788663363,8.256505012512207,375300,0.0,0.0
1996-10-08 00:00:00-04:00,8.256508205247961,8.365146471106488,8.256508205247961,8.328933715820312,540200,0.0,0.0
1996-10-09 00:00:00-04:00,8.328930495078103,8.365143236361051,8.220292271229258,8.256505012512207,258200,0.0,0.0
1996-10-10 00:00:00-04:00,8.220295285553911,8.292720794677734,8.184082530991999,8.292720794677734,238300,0.0,0.0
1996-10-11 00:00:00-04:00,8.292718288702366,8.401356519558728,8.256505545083579,8.365143775939941,295700,0.0,0.0
1996-10-14 00:00:00-04:00,8.365143236361051,8.401355977644,8.256505012512207,8.256505012512207,222200,0.0,0.0
1996-10-15 00:00:00-04:00,8.292717753795156,8.328930495078103,8.220292271229258,8.256505012512207,282200,0.0,0.0
1996-10-16 00:00:00-04:00,8.220293045043945,8.256505789735769,8.147867555660298,8.220293045043945,167300,0.0,0.0
1996-10-17 00:00:00-04:00,8.220289036235979,8.220289036235979,8.147863582172226,8.184076309204102,199000,0.0,0.0
1996-10-18 00:00:00-04:00,8.220293045043945,8.220293045043945,8.147867555660298,8.220293045043945,286000,0.0,0.0
1996-10-21 00:00:00-04:00,8.220293045043945,8.220293045043945,8.184080300352122,8.220293045043945,136600,0.0,0.0
1996-10-22 00:00:00-04:00,8.220293045043945,8.220293045043945,8.184080300352122,8.220293045043945,121000,0.0,0.0
1996-10-23 00:00:00-04:00,8.184080300352122,8.220293045043945,8.184080300352122,8.220293045043945,232900,0.0,0.0
1996-10-24 00:00:00-04:00,8.220292689005534,8.220292689005534,8.147867202758789,8.147867202758789,193300,0.0,0.0
1996-10-25 00:00:00-04:00,8.147869939389436,8.328933715820312,8.147869939389436,8.328933715820312,224700,0.0,0.0
1996-10-28 00:00:00-05:00,8.365146303801557,8.401359058363468,8.256508040115822,8.292720794677734,273000,0.0,0.0
1996-10-29 00:00:00-05:00,8.328932153767552,8.473783147746119,8.328932153767552,8.401357650756836,249400,0.0,0.0
1996-10-30 00:00:00-05:00,8.509997032231016,8.509997032231016,8.365146018916445,8.43757152557373,416100,0.0,0.0
1996-10-31 00:00:00-05:00,8.437570743071728,8.509996243012258,8.437570743071728,8.473783493041992,376600,0.0,0.0
1996-11-01 00:00:00-05:00,8.473784278902373,8.473784278902373,8.401358772245088,8.43757152557373,337900,0.0,0.0
1996-11-04 00:00:00-05:00,8.401355337589345,8.509993553161621,8.401355337589345,8.509993553161621,213500,0.0,0.0
1996-11-05 00:00:00-05:00,8.58241957576335,8.654845057415361,8.58241957576335,8.618632316589355,416900,0.0,0.0
1996-11-06 00:00:00-05:00,8.618636777578306,8.763487815856934,8.58242401800865,8.763487815856934,423500,0.0,0.0
1996-11-07 00:00:00-05:00,8.727272718779895,8.944549218002631,8.727272718779895,8.872123718261719,1042000,0.0,0.0
1996-11-08 00:00:00-05:00,8.80433911636096,8.80433911636096,8.730662638399782,8.767500877380371,282300,0.52,0.0
1996-11-11 00:00:00-05:00,8.923472528178323,8.998459692280662,8.885978946127153,8.960966110229492,669800,0.52,0.0
1996-11-12 00:00:00-05:00,8.960966110229492,8.998459692280662,8.848485364075984,8.960966110229492,722700,0.0,0.0
1996-11-13 00:00:00-05:00,8.960968859055463,8.960968859055463,8.848488078397862,8.92347526550293,179400,0.0,0.0
1996-11-14 00:00:00-05:00,8.885981671950397,8.92347526550293,8.885981671950397,8.92347526550293,176500,0.0,0.0
1996-11-15 00:00:00-05:00,8.960968859055463,8.960968859055463,8.848488078397862,8.92347526550293,428200,0.0,0.0
1996-11-18 00:00:00-05:00,8.960966110229492,8.960966110229492,8.923472528178323,8.960966110229492,269400,0.0,0.0
1996-11-19 00:00:00-05:00,8.960968859055463,8.998462452607995,8.92347526550293,8.92347526550293,302600,0.0,0.0
1996-11-20 00:00:00-05:00,8.960966110229492,8.960966110229492,8.885978946127153,8.960966110229492,280700,0.0,0.0
1996-11-21 00:00:00-05:00,8.960974780718486,8.998468399047852,8.92348116238912,8.998468399047852,479000,0.0,0.0
1996-11-22 00:00:00-05:00,8.998463304736946,8.998463304736946,8.848488916324664,8.885982513427734,370700,0.0,0.0
1996-11-25 00:00:00-05:00,8.810997110302166,8.848490715026855,8.773503505577475,8.848490715026855,326600,0.0,0.0
1996-11-26 00:00:00-05:00,8.885984319751545,8.923477924476236,8.773503505577475,8.848490715026855,411100,0.0,0.0
1996-11-27 00:00:00-05:00,8.810996804626203,8.810996804626203,8.69851599435438,8.73600959777832,358300,0.0,0.0
1996-11-29 00:00:00-05:00,8.736012368366636,8.773505983681513,8.698518753051758,8.698518753051758,270000,0.0,0.0
1996-12-02 00:00:00-05:00,8.661020166977593,8.661020166977593,8.586032979384713,8.623526573181152,217400,0.0,0.0
1996-12-03 00:00:00-05:00,8.623526573181152,8.736007354570472,8.586032979384713,8.623526573181152,694200,0.0,0.0
1996-12-04 00:00:00-05:00,8.586030617738382,8.77349853515625,8.548537034254808,8.77349853515625,777800,0.0,0.0
1996-12-05 00:00:00-05:00,8.773503201202262,8.810996804626203,8.69851599435438,8.73600959777832,191700,0.0,0.0
1996-12-06 00:00:00-05:00,8.623526573181152,8.736007354570472,8.586032979384713,8.623526573181152,520500,0.0,0.0
1996-12-09 00:00:00-05:00,8.623531522422,8.698518753051758,8.586037907107123,8.698518753051758,151600,0.0,0.0
1996-12-10 00:00:00-05:00,8.698510748850726,8.698510748850726,8.586030006408691,8.586030006408691,251900,0.0,0.0
1996-12-11 00:00:00-05:00,8.511048417342337,8.58603562806782,8.473554811979595,8.548542022705078,625400,0.0,0.0
1996-12-12 00:00:00-05:00,8.586032640566385,8.623526232883268,8.511045455932617,8.511045455932617,231000,0.0,0.0
1996-12-13 00:00:00-05:00,8.511050676477366,8.698518753051758,8.511050676477366,8.698518753051758,571000,0.0,0.0
1996-12-16 00:00:00-05:00,8.698516444156045,8.698516444156045,8.511048417342337,8.548542022705078,415000,0.0,0.0
1996-12-17 00:00:00-05:00,8.54854137866528,8.661022186279297,8.47355417358927,8.661022186279297,470200,0.0,0.0
1996-12-18 00:00:00-05:00,8.623523587222703,8.661017168036715,8.54853642559468,8.586030006408691,204500,0.0,0.0
1996-12-19 00:00:00-05:00,8.661025137736878,8.773505983681513,8.548544291792243,8.698518753051758,577600,0.0,0.0
1996-12-20 00:00:00-05:00,8.923477822161736,8.923477822161736,8.773503404982547,8.810997009277344,714300,0.0,0.0
1996-12-23 00:00:00-05:00,8.848490715026855,8.848490715026855,8.736009900852785,8.848490715026855,197500,0.0,0.0
1996-12-24 00:00:00-05:00,8.810997009277344,8.84849061357214,8.773503404982547,8.810997009277344,101300,0.0,0.0
1996-12-26 00:00:00-05:00,8.810997110302166,8.848490715026855,8.773503505577475,8.848490715026855,338700,0.0,0.0
1996-12-27 00:00:00-05:00,8.848490715026855,8.885984319751545,8.810997110302166,8.848490715026855,361800,0.0,0.0
1996-12-30 00:00:00-05:00,8.848485702123398,8.885979285606972,8.736004951672676,8.77349853515625,231200,0.0,0.0
1996-12-31 00:00:00-05:00,8.73600959777832,8.885984011474086,8.69851599435438,8.73600959777832,507300,0.0,0.0
1997-01-02 00:00:00-05:00,8.62352858374129,8.661022186279297,8.54854137866528,8.661022186279297,280600,0.0,0.0
1997-01-03 00:00:00-05:00,8.661025137736878,8.773505983681513,8.661025137736878,8.698518753051758,277200,0.0,0.0
1997-01-06 00:00:00-05:00,8.698518753051758,8.773505983681513,8.698518753051758,8.698518753051758,379100,0.0,0.0
1997-01-07 00:00:00-05:00,8.661022592098155,8.810997009277344,8.623528987803358,8.810997009277344,354400,0.0,0.0
1997-01-08 00:00:00-05:00,8.848485364075984,8.998459692280662,8.848485364075984,8.960966110229492,479000,0.0,0.0
1997-01-09 00:00:00-05:00,8.960974780718486,9.073455635706583,8.92348116238912,8.998468399047852,354500,0.0,0.0
1997-01-10 00:00:00-05:00,8.885987544059754,8.998468399047852,8.885987544059754,8.998468399047852,386800,0.0,0.0
1997-01-13 00:00:00-05:00,9.035959243774414,9.035959243774414,8.960972030133131,9.035959243774414,208100,0.0,0.0
1997-01-14 00:00:00-05:00,9.073450088500977,9.110943683908006,9.035956493093948,9.073450088500977,308500,0.0,0.0
1997-01-15 00:00:00-05:00,9.035962017377217,9.073455635706583,8.998468399047852,8.998468399047852,175000,0.0,0.0
1997-01-16 00:00:00-05:00,9.035956602528262,9.148437390111601,8.99846300666715,9.110943794250488,443400,0.0,0.0
1997-01-17 00:00:00-05:00,9.148433239229265,9.298407554626465,9.148433239229265,9.298407554626465,798800,0.0,0.0
1997-01-20 00:00:00-05:00,9.223425760074537,9.260919360725246,9.185932159423828,9.185932159423828,291800,0.0,0.0
1997-01-21 00:00:00-05:00,9.223429001957538,9.335909843444824,9.223429001957538,9.335909843444824,576600,0.0,0.0
1997-01-22 00:00:00-05:00,9.335906346638998,9.448387145996094,9.335906346638998,9.448387145996094,294000,0.0,0.0
1997-01-23 00:00:00-05:00,9.598365140248495,9.63585875407759,9.335909843444824,9.335909843444824,559200,0.0,0.0
1997-01-24 00:00:00-05:00,9.373400162677376,9.373400162677376,9.185932159423828,9.185932159423828,379700,0.0,0.0
1997-01-27 00:00:00-05:00,9.185934163690582,9.335908599016143,9.185934163690582,9.223427772521973,483000,0.0,0.0
1997-01-28 00:00:00-05:00,9.298416229615729,9.410897071103017,9.298416229615729,9.335909843444824,799700,0.0,0.0
1997-01-29 00:00:00-05:00,9.335909843444824,9.373403457273922,9.298416229615729,9.335909843444824,320900,0.0,0.0
1997-01-30 00:00:00-05:00,9.410895248413086,9.410895248413086,9.33590803527832,9.373401641845703,203000,0.0,0.0
1997-01-31 00:00:00-05:00,9.410888291174366,9.410888291174366,9.298407554626465,9.298407554626465,357200,0.0,0.0
1997-02-03 00:00:00-05:00,9.298407554626465,9.335901133475765,9.298407554626465,9.298407554626465,153200,0.0,0.0
1997-02-04 00:00:00-05:00,9.298414428710938,9.373401641845703,9.260920822143555,9.373401641845703,332100,0.0,0.0
1997-02-05 00:00:00-05:00,9.373400375427988,9.4108939769297,9.260919570922852,9.260919570922852,313200,0.0,0.0
1997-02-06 00:00:00-05:00,9.298416229615729,9.335909843444824,9.185935388128442,9.335909843444824,259900,0.0,0.0
1997-02-07 00:00:00-05:00,9.33590803527832,9.410895248413086,9.298414428710938,9.373401641845703,279000,0.0,0.0
1997-02-10 00:00:00-05:00,9.373399946424696,9.448387145996094,9.335906346638998,9.448387145996094,281200,0.0,0.0
1997-02-11 00:00:00-05:00,9.410894597471938,9.485881805419922,9.410894597471938,9.485881805419922,493200,0.0,0.0
1997-02-12 00:00:00-05:00,9.44838820144593,9.485881805419922,9.410894597471938,9.485881805419922,555800,0.0,0.0
1997-02-13 00:00:00-05:00,9.485880006955366,9.5233736038208,9.44838641008993,9.5233736038208,2818100,0.0,0.0
1997-02-14 00:00:00-05:00,9.531001968077389,9.531001968077389,9.416629944460459,9.492877960205078,620300,0.525,0.0
1997-02-18 00:00:00-05:00,9.45475316142656,9.569125175476074,9.378505152060217,9.569125175476074,725200,0.0,0.0
1997-02-19 00:00:00-05:00,9.531001170792903,9.645373184842418,9.416629156743388,9.569125175476074,557700,0.0,0.0
1997-02-20 00:00:00-05:00,9.569123355169145,9.683495347462003,9.530999357738192,9.607247352600098,967900,0.0,0.0
1997-02-21 00:00:00-05:00,9.607247352600098,9.683495347462003,9.607247352600098,9.607247352600098,384200,0.0,0.0
1997-02-24 00:00:00-05:00,9.607247610653149,9.797867602928012,9.607247610653149,9.721619606018066,512700,0.0,0.0
1997-02-25 00:00:00-05:00,9.645373184842418,9.683497189525589,9.569125175476074,9.569125175476074,327100,0.0,0.0
1997-02-26 00:00:00-05:00,9.53099419993739,9.56911817673714,9.340374315938643,9.45474624633789,500100,0.0,0.0
1997-02-27 00:00:00-05:00,9.41662971372527,9.454753720663428,9.37850570678711,9.37850570678711,195600,0.0,0.0
1997-02-28 00:00:00-05:00,9.302257769503575,9.492877805763893,9.264133762251511,9.416629791259766,249600,0.0,0.0
1997-03-03 00:00:00-05:00,9.416622269538141,9.53099419993739,9.416622269538141,9.45474624633789,473900,0.0,0.0
1997-03-04 00:00:00-05:00,9.492877960205078,9.531001968077389,9.45475395233277,9.492877960205078,435000,0.0,0.0
1997-03-05 00:00:00-05:00,9.531001968077389,9.569125975949698,9.45475395233277,9.492877960205078,331100,0.0,0.0
1997-03-06 00:00:00-05:00,9.492877727601586,9.492877727601586,9.340381699848951,9.37850570678711,596800,0.0,0.0
1997-03-07 00:00:00-05:00,9.416627712639011,9.454751711475607,9.34037971496582,9.34037971496582,304800,0.0,0.0
1997-03-10 00:00:00-05:00,9.340378580760563,9.378502574967749,9.264130592346191,9.264130592346191,450400,0.0,0.0
1997-03-11 00:00:00-05:00,9.226006507873535,9.264130501707724,9.187882514039348,9.226006507873535,323500,0.0,0.0
1997-03-12 00:00:00-05:00,9.226006507873535,9.264130501707724,9.14975852020516,9.226006507873535,292100,0.0,0.0
1997-03-13 00:00:00-05:00,9.187885284423828,9.226009289753387,9.111637273764709,9.187885284423828,407700,0.0,0.0
1997-03-14 00:00:00-05:00,9.378505784007702,9.492877805763893,9.340381776755638,9.416629791259766,531700,0.0,0.0
1997-03-17 00:00:00-05:00,9.416629791259766,9.416629791259766,9.264133762251511,9.416629791259766,387900,0.0,0.0
1997-03-18 00:00:00-05:00,9.454752593743997,9.454752593743997,9.30225658416748,9.30225658416748,408900,0.0,0.0
1997-03-19 00:00:00-05:00,9.264132581773351,9.34038058656161,9.226008579379222,9.30225658416748,378200,0.0,0.0
1997-03-20 00:00:00-05:00,9.30225625038147,9.340380251407623,9.149760246276855,9.149760246276855,311200,0.0,0.0
1997-03-21 00:00:00-05:00,9.226009289753387,9.264133295082948,9.149761279094268,9.187885284423828,345700,0.0,0.0
1997-03-24 00:00:00-05:00,9.187882514039348,9.264130501707724,9.14975852020516,9.226006507873535,268500,0.0,0.0
1997-03-25 00:00:00-05:00,9.302257692910793,9.492877727601586,9.149761665158156,9.37850570678711,321900,0.0,0.0
1997-03-26 00:00:00-05:00,9.378504588955739,9.378504588955739,9.30225658416748,9.30225658416748,159200,0.0,0.0
1997-03-27 00:00:00-05:00,9.302251297060915,9.340375277786574,9.073507412706958,9.111631393432617,263900,0.0,0.0
1997-03-31 00:00:00-05:00,9.073512244224547,9.226008248329162,8.99726424217224,9.149760246276855,389800,0.0,0.0
1997-04-01 00:00:00-05:00,9.14975719291623,9.14975719291623,9.035385228004776,9.073509216308594,266000,0.0,0.0
1997-04-02 00:00:00-05:00,9.035387907998038,9.111635907221649,8.959139908774425,8.99726390838623,383300,0.0,0.0
1997-04-03 00:00:00-05:00,8.99726390838623,9.035387907998038,8.959139908774425,8.99726390838623,231400,0.0,0.0
1997-04-04 00:00:00-05:00,8.921019414375568,8.997267443558265,8.844771385192871,8.844771385192871,390300,0.0,0.0
1997-04-07 00:00:00-04:00,8.882890519641695,8.882890519641695,8.768518538702102,8.806642532348633,169100,0.0,0.0
1997-04-08 00:00:00-04:00,8.73039417855015,8.768518170596218,8.654146194458008,8.654146194458008,563500,0.0,0.0
1997-04-09 00:00:00-04:00,8.654148894415961,8.730396902296278,8.577900886535645,8.577900886535645,378100,0.0,0.0
1997-04-10 00:00:00-04:00,8.577900347502336,8.806644356769064,8.577900347502336,8.76852035522461,333500,0.0,0.0
1997-04-11 00:00:00-04:00,8.616024890475803,8.69227289835612,8.577900886535645,8.577900886535645,337800,0.0,0.0
1997-04-14 00:00:00-04:00,8.577900886535645,8.616024890475803,8.501652878655328,8.577900886535645,193900,0.0,0.0
1997-04-15 00:00:00-04:00,8.73039505123037,8.768519047087272,8.577899067802766,8.616023063659668,269700,0.0,0.0
1997-04-16 00:00:00-04:00,8.539774218319796,8.654146194458008,8.501650226273725,8.654146194458008,152800,0.0,0.0
1997-04-17 00:00:00-04:00,8.616024890475803,8.69227289835612,8.577900886535645,8.577900886535645,195400,0.0,0.0
1997-04-18 00:00:00-04:00,8.616024890475803,8.654148894415961,8.577900886535645,8.577900886535645,384700,0.0,0.0
1997-04-21 00:00:00-04:00,8.577901686253568,8.61602569374803,8.501653671264648,8.501653671264648,188800,0.0,0.0
1997-04-22 00:00:00-04:00,8.501651849065508,8.539775848388672,8.425403850419181,8.539775848388672,530200,0.0,0.0
1997-04-23 00:00:00-04:00,8.539775676555461,8.577899675111514,8.46352767944336,8.46352767944336,238000,0.0,0.0
1997-04-24 00:00:00-04:00,8.50165150382302,8.50165150382302,8.311031514948064,8.387279510498047,180100,0.0,0.0
1997-04-25 00:00:00-04:00,8.387279335511934,8.463527329471134,8.272907344573134,8.311031341552734,275200,0.0,0.0
1997-04-28 00:00:00-04:00,8.272907517173072,8.539775501598012,8.234783519398082,8.387279510498047,372700,0.0,0.0
1997-04-29 00:00:00-04:00,8.501653671264648,8.577901686253568,8.463529663770188,8.501653671264648,790700,0.0,0.0
1997-04-30 00:00:00-04:00,8.50165167799941,8.539775676555461,8.425403680887309,8.46352767944336,292100,0.0,0.0
1997-05-01 00:00:00-04:00,8.463527849742345,8.577899847711837,8.425403850419181,8.539775848388672,410200,0.0,0.0
1997-05-02 00:00:00-04:00,8.577900347502336,8.76852035522461,8.577900347502336,8.76852035522461,399000,0.0,0.0
1997-05-05 00:00:00-04:00,8.768515566901682,9.149755374158277,8.768515566901682,9.111631393432617,993600,0.0,0.0
1997-05-06 00:00:00-04:00,9.111636245250702,9.226008248329162,9.111636245250702,9.149760246276855,648300,0.0,0.0
1997-05-07 00:00:00-04:00,9.149754842122396,9.149754842122396,8.921010971069336,8.921010971069336,259300,0.0,0.0
1997-05-08 00:00:00-04:00,8.844767909939007,9.035387907998038,8.806643910327201,8.99726390838623,395000,0.0,0.0
1997-05-09 00:00:00-04:00,9.035387907998038,9.035387907998038,8.92101590916262,8.99726390838623,1683600,0.0,0.0
1997-05-12 00:00:00-04:00,9.043844701923849,9.043844701923849,8.927400349538564,8.966215133666992,373800,0.525,0.0
1997-05-13 00:00:00-04:00,8.966209314993298,8.966209314993298,8.694506002417745,8.81095027923584,758100,0.0,0.0
1997-05-14 00:00:00-04:00,8.810954829742169,9.043843503656058,8.810954829742169,9.00502872467041,599600,0.0,0.0
1997-05-15 00:00:00-04:00,9.005024693042936,9.082654216258822,8.96620993143499,9.043839454650879,164800,0.0,0.0
1997-05-16 00:00:00-04:00,9.00502872467041,9.082658282641708,8.966213945684762,9.00502872467041,332200,0.0,0.0
1997-05-19 00:00:00-04:00,9.005028030720164,9.160287134698098,9.005028030720164,9.121472358703613,447600,0.0,0.0
1997-05-20 00:00:00-04:00,9.043842806714647,9.160287134698098,8.96621325472568,9.121472358703613,441100,0.0,0.0
1997-05-21 00:00:00-04:00,9.082654216258822,9.121468977866765,8.96620993143499,9.043839454650879,489700,0.0,0.0
1997-05-22 00:00:00-04:00,9.043835485866497,9.043835485866497,8.88857650756836,8.88857650756836,259000,0.0,0.0
1997-05-23 00:00:00-04:00,8.966213945684762,9.043843503656058,8.927399166699114,9.00502872467041,166100,0.0,0.0
1997-05-27 00:00:00-04:00,8.888582955236021,9.0001754268356,8.849768182505732,8.927397727966309,269700,0.0,0.0
1997-05-28 00:00:00-04:00,8.888585565410136,9.024437309859636,8.849770781281705,8.966215133666992,254300,0.0,0.0
1997-05-29 00:00:00-04:00,8.927397727966309,8.966212500696598,8.888582955236021,8.927397727966309,540600,0.0,0.0
1997-05-30 00:00:00-04:00,8.84976564661116,9.043839454650879,8.84976564661116,9.043839454650879,191100,0.0,0.0
1997-06-02 00:00:00-04:00,9.043844701923849,9.043844701923849,8.927400349538564,8.966215133666992,111500,0.0,0.0
1997-06-03 00:00:00-04:00,8.927399166699114,9.00502872467041,8.849769608727817,9.00502872467041,272600,0.0,0.0
1997-06-04 00:00:00-04:00,8.966213945684762,9.043843503656058,8.927399166699114,9.00502872467041,325600,0.0,0.0
1997-06-05 00:00:00-04:00,9.04383923864772,9.121468760009504,9.00502447796683,9.082653999328613,440500,0.0,0.0
1997-06-06 00:00:00-04:00,9.082655242726773,9.237914306705008,9.082655242726773,9.19909954071045,283600,0.0,0.0
1997-06-09 00:00:00-04:00,9.19909954071045,9.218506923707729,9.16028477471589,9.19909954071045,857000,0.0,0.0
1997-06-10 00:00:00-04:00,9.160287134698098,9.237916686687065,9.08265758270913,9.121472358703613,396900,0.0,0.0
1997-06-11 00:00:00-04:00,9.121472358703613,9.160287134698098,9.043842806714647,9.121472358703613,433700,0.0,0.0
1997-06-12 00:00:00-04:00,9.199102652072908,9.354361768563589,9.160287872950237,9.315546989440918,704200,0.0,0.0
1997-06-13 00:00:00-04:00,9.354357287716965,9.509616329836748,9.315542527187018,9.431986808776855,530500,0.0,0.0
1997-06-16 00:00:00-04:00,9.393174447818678,9.509618759155273,9.393174447818678,9.509618759155273,406100,0.0,0.0
1997-06-17 00:00:00-04:00,9.54843279572784,9.54843279572784,9.393173725878606,9.470803260803223,284700,0.0,0.0
1997-06-18 00:00:00-04:00,9.393173145646807,9.431987910711465,9.237914085388184,9.237914085388184,571300,0.0,0.0
1997-06-19 00:00:00-04:00,9.27673551464869,9.393179893493652,9.23792072170037,9.393179893493652,990600,0.0,0.0
1997-06-20 00:00:00-04:00,9.315543615517496,9.315543615517496,9.199099320323528,9.237914085388184,988500,0.0,0.0
1997-06-23 00:00:00-04:00,9.199098281371286,9.23791304205218,9.082653999328613,9.082653999328613,348600,0.0,0.0
1997-06-24 00:00:00-04:00,9.1214727079077,9.160287485388157,9.024435764206553,9.063250541687012,692600,0.0,0.0
1997-06-25 00:00:00-04:00,9.043841474799699,9.140878400494975,9.005026704521589,9.024434089660645,554300,0.0,0.0
1997-06-26 00:00:00-04:00,9.043842046157174,9.082656818887463,8.907990341601165,8.927397727966309,544900,0.0,0.0
1997-06-27 00:00:00-04:00,8.985617312238963,9.082654216258822,8.94680255063102,9.043839454650879,258500,0.0,0.0
1997-06-30 00:00:00-04:00,9.082657467787433,9.160287018794163,9.043842692284068,9.14087963104248,533100,0.0,0.0
1997-07-01 00:00:00-04:00,9.199101910692582,9.199101910692582,9.102064970706373,9.121472358703613,332800,0.0,0.0
1997-07-02 00:00:00-04:00,9.140883901495682,9.237920885587993,9.12147650467722,9.218513488769531,594300,0.0,0.0
1997-07-03 00:00:00-04:00,9.27673122842433,9.296138615931495,9.121472128367019,9.160286903381348,263600,0.0,0.0
1997-07-07 00:00:00-04:00,9.160286903381348,9.237916453410003,9.140879515874184,9.160286903381348,227500,0.0,0.0
1997-07-08 00:00:00-04:00,9.140877391718611,9.19909954071045,9.121470008721332,9.19909954071045,361200,0.0,0.0
1997-07-09 00:00:00-04:00,9.237914418065271,9.296136567758959,9.160284885140353,9.179692268371582,361800,0.0,0.0
1997-07-10 00:00:00-04:00,9.237917431195577,9.373769158124924,9.237917431195577,9.315546989440918,641900,0.0,0.0
1997-07-11 00:00:00-04:00,9.33495402879103,9.470805750623747,9.33495402879103,9.37376880645752,343700,0.0,0.0
1997-07-14 00:00:00-04:00,9.393179893493652,9.451402082916134,9.373772497019493,9.393179893493652,480300,0.0,0.0
1997-07-15 00:00:00-04:00,9.412581389732205,9.587247848510742,9.412581389732205,9.587247848510742,360700,0.0,0.0
1997-07-16 00:00:00-04:00,9.587250827533962,9.6066582178731,9.567843437194824,9.567843437194824,278800,0.0,0.0
1997-07-17 00:00:00-04:00,9.567843437194824,9.587250827533962,9.509621266177412,9.567843437194824,618600,0.0,0.0
1997-07-18 00:00:00-04:00,9.567838144204856,9.567838144204856,9.470801246190607,9.490208625793457,719500,0.0,0.0
1997-07-21 00:00:00-04:00,9.490210644534377,9.50961802826553,9.470803260803223,9.470803260803223,504000,0.0,0.0
1997-07-22 00:00:00-04:00,9.490211373932507,9.548433529600805,9.470803988709742,9.509618759155273,508200,0.0,0.0
1997-07-23 00:00:00-04:00,9.509616005396307,9.548430764602006,9.490208625793457,9.490208625793457,453600,0.0,0.0
1997-07-24 00:00:00-04:00,9.509618759155273,9.529026144378038,9.451396603486975,9.509618759155273,961500,0.0,0.0
1997-07-25 00:00:00-04:00,9.490211373932507,9.56784091482357,9.490211373932507,9.509618759155273,375800,0.0,0.0
1997-07-28 00:00:00-04:00,9.50961864650128,9.587248186472719,9.49021126150842,9.52902603149414,475400,0.0,0.0
1997-07-29 00:00:00-04:00,9.509620800824232,9.66487991593973,9.509620800824232,9.645472526550293,535900,0.0,0.0
1997-07-30 00:00:00-04:00,9.645473008146304,9.723102569580078,9.62606561778786,9.723102569580078,250700,0.0,0.0
1997-07-31 00:00:00-04:00,9.74250558996389,9.858949879883777,9.74250558996389,9.820135116577148,409000,0.0,0.0
1997-08-01 00:00:00-04:00,9.839546911730737,9.878361692447623,9.664880398504748,9.723102569580078,439100,0.0,0.0
1997-08-04 00:00:00-04:00,9.723102569580078,9.74250995993852,9.664880398504748,9.723102569580078,243700,0.0,0.0
1997-08-05 00:00:00-04:00,9.703690204658281,9.781319726295546,9.703690204658281,9.76191234588623,237800,0.0,0.0
1997-08-06 00:00:00-04:00,9.761916417269903,9.897768136794534,9.761916417269903,9.878360748291016,366900,0.0,0.0
1997-08-07 00:00:00-04:00,9.917169240441654,9.955983992850426,9.800724983215332,9.800724983215332,420000,0.0,0.0
1997-08-08 00:00:00-04:00,9.742507319173258,9.78132208936917,9.66487777878144,9.684285163879395,970200,0.0,0.0
1997-08-11 00:00:00-04:00,9.711921295166016,9.86983871459961,9.652702262878417,9.86983871459961,691500,0.525,0.0
1997-08-12 00:00:00-04:00,9.869839242082799,9.90931859905113,9.830359885114467,9.850099563598633,549700,0.0,0.0
1997-08-13 00:00:00-04:00,9.869840729188727,9.909320092105483,9.830361366271973,9.830361366271973,624200,0.0,0.0
1997-08-14 00:00:00-04:00,9.830359885114467,9.850099563598633,9.810620206630302,9.850099563598633,371500,0.0,0.0
1997-08-15 00:00:00-04:00,9.830358601385548,9.86983795319834,9.790879249572754,9.790879249572754,970900,0.0,0.0
1997-08-18 00:00:00-04:00,9.790878539551755,9.88957691192627,9.771138865076853,9.88957691192627,343700,0.0,0.0
1997-08-19 00:00:00-04:00,9.909315365070892,10.008013725280762,9.889575693028918,10.008013725280762,313100,0.0,0.0
1997-08-20 00:00:00-04:00,10.008016991471958,10.008016991471958,9.830359885114467,9.850099563598633,2153400,0.0,0.0
1997-08-21 00:00:00-04:00,9.672443495422113,9.73166253723082,9.5540054118047,9.632964134216309,839400,0.0,0.0
1997-08-22 00:00:00-04:00,9.672443914604953,9.830361366271973,9.652704233146576,9.830361366271973,288500,0.0,0.0
1997-08-25 00:00:00-04:00,9.830360296059045,9.8500999753684,9.652703182274845,9.692182540893555,561000,0.0,0.0
1997-08-26 00:00:00-04:00,9.672439397587949,9.771137758787827,9.652699725347974,9.751398086547852,302100,0.0,0.0
1997-08-27 00:00:00-04:00,9.731658414307876,9.771137758787827,9.672439397587949,9.751398086547852,382900,0.0,0.0
1997-08-28 00:00:00-04:00,9.711922220202911,9.790880937440333,9.652703182274845,9.692182540893555,381300,0.0,0.0
1997-08-29 00:00:00-04:00,9.692180203418342,9.751399227064484,9.652700854320916,9.672440528869629,283800,0.0,0.0
1997-09-02 00:00:00-04:00,9.672441940307618,9.86983871459961,9.672441940307618,9.86983871459961,343000,0.0,0.0
1997-09-03 00:00:00-04:00,9.889578422066739,10.08697519695829,9.889578422066739,10.04749584197998,430100,0.0,0.0
1997-09-04 00:00:00-04:00,10.047497220132867,10.06723690032959,9.988278179542691,10.06723690032959,502700,0.0,0.0
1997-09-05 00:00:00-04:00,10.106714874447446,10.146194229425756,10.027756164490826,10.04749584197998,354800,0.0,0.0
1997-09-08 00:00:00-04:00,10.146196046242348,10.30411349443289,10.146196046242348,10.264634132385254,424300,0.0,0.0
1997-09-09 00:00:00-04:00,10.244894451361436,10.323853175456708,10.244894451361436,10.264634132385254,461500,0.0,0.0
1997-09-10 00:00:00-04:00,10.28437085169942,10.304110527038574,10.225151825681957,10.304110527038574,1296100,0.0,0.0
1997-09-11 00:00:00-04:00,10.304105394837483,10.304105394837483,10.205407067300726,10.24488639831543,1121000,0.0,0.0
1997-09-12 00:00:00-04:00,10.304112970604088,10.481770090786917,10.264633610563457,10.462030410766602,438200,0.0,0.0
1997-09-15 00:00:00-04:00,10.46202641747864,10.580464452393493,10.46202641747864,10.540985107421875,268200,0.0,0.0
1997-09-16 00:00:00-04:00,10.639689006142904,10.817346150957906,10.600209640628458,10.797606468200684,511100,0.0,0.0
1997-09-17 00:00:00-04:00,10.817341218171295,10.837080891927084,10.659423828125,10.659423828125,353300,0.0,0.0
1997-09-18 00:00:00-04:00,10.698900142136743,10.797598482931361,10.659420805818895,10.73837947845459,319900,0.0,0.0
1997-09-19 00:00:00-04:00,10.758125188182278,10.777864867426649,10.61994743347168,10.61994743347168,367800,0.0,0.0
1997-09-22 00:00:00-04:00,10.659420805818895,10.777858814772438,10.659420805818895,10.73837947845459,285200,0.0,0.0
1997-09-23 00:00:00-04:00,10.738383198832418,10.817341898823832,10.659424498841002,10.777862548828125,395900,0.0,0.0
1997-09-24 00:00:00-04:00,10.876565199229573,10.916044564744018,10.797606468200684,10.797606468200684,390000,0.0,0.0
1997-09-25 00:00:00-04:00,10.73838507796133,10.758124756413466,10.600207328796387,10.600207328796387,734300,0.0,0.0
1997-09-26 00:00:00-04:00,10.69890351409631,10.738382862856813,10.639684490955556,10.718643188476562,569400,0.0,0.0
1997-09-29 00:00:00-04:00,10.698903175636573,10.71864284939236,10.619944480613425,10.659423828125,579000,0.0,0.0
1997-09-30 00:00:00-04:00,10.679160473977818,10.758119146613515,10.659420805818895,10.73837947845459,451700,0.0,0.0
1997-10-01 00:00:00-04:00,10.718647210267338,10.81734561920166,10.659428164906744,10.81734561920166,394800,0.0,0.0
1997-10-02 00:00:00-04:00,10.777860212669099,10.97525691986084,10.758120541949925,10.97525691986084,268100,0.0,0.0
1997-10-03 00:00:00-04:00,11.054221800644033,11.09370116421776,10.758126573841066,10.81734561920166,597600,0.0,0.0
1997-10-06 00:00:00-04:00,10.896296823725981,10.896296823725981,10.718639810295667,10.73837947845459,371100,0.0,0.0
1997-10-07 00:00:00-04:00,10.738387419929015,10.817346150957906,10.639689006142904,10.797606468200684,319600,0.0,0.0
1997-10-08 00:00:00-04:00,10.797600849737389,10.797600849737389,10.501505762450257,10.540985107421875,388500,0.0,0.0
1997-10-09 00:00:00-04:00,10.540985785590278,10.659423828125,10.52124611183449,10.659423828125,625800,0.0,0.0
1997-10-10 00:00:00-04:00,10.639681137659972,10.797598482931361,10.619941469501047,10.73837947845459,385100,0.0,0.0
1997-10-13 00:00:00-04:00,10.77786625562793,10.896304346349117,10.77786625562793,10.81734561920166,167700,0.0,0.0
1997-10-14 00:00:00-04:00,10.817345404970473,10.91604381195013,10.817345404970473,10.8963041305542,258500,0.0,0.0
1997-10-15 00:00:00-04:00,10.896304771548412,10.95552381921987,10.777866676205495,10.837085723876953,272600,0.0,0.0
1997-10-16 00:00:00-04:00,10.85682124881954,10.9160402738131,10.777862548828125,10.777862548828125,361800,0.0,0.0
1997-10-17 00:00:00-04:00,10.698900142136743,10.758119146613515,10.560722465024275,10.73837947845459,300700,0.0,0.0
1997-10-20 00:00:00-04:00,10.698907945976883,10.896304771548412,10.639688898305423,10.837085723876953,213700,0.0,0.0
1997-10-21 00:00:00-04:00,10.797603023713306,11.034479141235352,10.738383994332793,11.034479141235352,497200,0.0,0.0
1997-10-22 00:00:00-04:00,11.014736261299188,11.014736261299188,10.83707922482662,10.97525691986084,220800,0.0,0.0
1997-10-23 00:00:00-04:00,10.81734561920166,10.876564664562252,10.758126573841066,10.81734561920166,337600,0.0,0.0
1997-10-24 00:00:00-04:00,10.85682139474272,10.955519771058563,10.758123018426877,10.916040420532227,239500,0.0,0.0
1997-10-27 00:00:00-05:00,10.777866611043915,10.97526343542201,10.304114232536492,10.34359359741211,245400,0.0,0.0
1997-10-28 00:00:00-05:00,10.264633207072999,10.718645829693536,10.185674490095515,10.61994743347168,464800,0.0,0.0
1997-10-29 00:00:00-05:00,10.698907945976883,10.876565088991258,10.659428580862576,10.837085723876953,323200,0.0,0.0
1997-10-30 00:00:00-05:00,10.817341218171295,10.876560239438657,10.659423828125,10.659423828125,220400,0.0,0.0
1997-10-31 00:00:00-05:00,10.679167846693609,10.85682498277539,10.619948801333017,10.81734561920166,439100,0.0,0.0
1997-11-03 00:00:00-05:00,10.817345404970473,10.935783493346062,10.817345404970473,10.8963041305542,204400,0.0,0.0
1997-11-04 00:00:00-05:00,10.837082376633646,11.034479141235352,10.817342700173477,11.034479141235352,206300,0.0,0.0
1997-11-05 00:00:00-05:00,11.034471372939764,11.192388673446953,10.916033397559374,11.11343002319336,755900,0.0,0.0
1997-11-06 00:00:00-05:00,11.054218817695523,11.073958494155693,10.91604108247433,11.034479141235352,202100,0.0,0.0
1997-11-07 00:00:00-05:00,10.817342468977834,10.97525987728408,10.738383764824711,10.93578052520752,273400,0.0,0.0
1997-11-10 00:00:00-05:00,10.935782546453083,11.11343966363373,10.935782546453083,11.073960304260254,646600,0.0,0.0
1997-11-11 00:00:00-05:00,11.113431196045457,11.291088177865012,11.09369153139884,11.251608848571777,734800,0.0,0.0
1997-11-12 00:00:00-05:00,11.251616903862894,11.547712085543496,11.251616903862894,11.271356582641602,658400,0.0,0.0
1997-11-13 00:00:00-05:00,11.330568313598633,11.370047645701765,11.271349315443937,11.330568313598633,196800,0.0,0.0
1997-11-14 00:00:00-05:00,11.350317423542341,11.527974565823873,11.330577741066616,11.370057106018066,2987400,0.0,0.0
1997-11-17 00:00:00-05:00,11.358036510684947,11.738640908750227,11.358036510684947,11.598418235778809,1620200,0.525,0.0
1997-11-18 00:00:00-05:00,11.57838311367133,11.718605746535863,11.558351308976397,11.678542137145996,663200,0.0,0.0
1997-11-19 00:00:00-05:00,11.658512597197966,11.818767065887972,11.658512597197966,11.738639831542969,286700,0.0,0.0
1997-11-20 00:00:00-05:00,11.778702874878542,11.97902095098192,11.738639259657868,11.958989143371582,520800,0.0,0.0
1997-11-21 00:00:00-05:00,11.999052758592256,11.999052758592256,11.858830105319893,11.958989143371582,514100,0.0,0.0
1997-11-24 00:00:00-05:00,11.918922106424967,12.15930372873942,11.918922106424967,12.019081115722656,265500,0.0,0.0
1997-11-25 00:00:00-05:00,12.039118636595576,12.199373127598513,11.979023202469476,12.179341316223145,1226100,0.0,0.0
1997-11-26 00:00:00-05:00,12.179341316223145,12.179341316223145,12.119245882097044,12.179341316223145,197000,0.0,0.0
1997-11-28 00:00:00-05:00,12.139274719715903,12.179338332652259,12.099211106779547,12.159306526184082,351200,0.0,0.0
1997-12-01 00:00:00-05:00,12.099212295707616,12.219403146327227,12.079180487271014,12.199371337890625,633300,0.0,0.0
1997-12-02 00:00:00-05:00,12.159307831545606,12.179339640164297,12.019085171214765,12.059148788452148,233500,0.0,0.0
1997-12-03 00:00:00-05:00,12.019081242667658,12.059144846809883,11.87885862816987,12.03911304473877,187500,0.0,0.0
1997-12-04 00:00:00-05:00,12.019082774286685,12.059146383534307,11.958987360415252,11.979019165039062,212300,0.0,0.0
1997-12-05 00:00:00-05:00,11.898890178470262,12.059144591648312,11.85882657517575,11.999049186706543,379100,0.0,0.0
1997-12-08 00:00:00-05:00,12.019082774286685,12.039114578910496,11.898891946543818,11.979019165039062,249300,0.0,0.0
1997-12-09 00:00:00-05:00,11.958985710144042,12.019081115722654,11.918922106424967,12.019081115722656,301400,0.0,0.0
1997-12-10 00:00:00-05:00,12.019081242667658,12.039113044738771,11.979017638525432,12.03911304473877,505500,0.0,0.0
1997-12-11 00:00:00-05:00,12.039115687375013,12.239433752056794,11.999052074438657,12.159306526184082,969200,0.0,0.0
1997-12-12 00:00:00-05:00,12.359625731408595,13.301120722293852,12.31956211477518,12.820357322692871,1663200,0.0,0.0
1997-12-15 00:00:00-05:00,12.820354336304284,12.820354336304284,12.680131710750956,12.800322532653809,598100,0.0,0.0
1997-12-16 00:00:00-05:00,12.820359581551322,12.920518640782191,12.800327769705147,12.880455017089844,926600,0.0,0.0
1997-12-17 00:00:00-05:00,12.900480650676274,13.02067146419189,12.860417046171067,12.960576057434082,543900,0.0,0.0
1997-12-18 00:00:00-05:00,12.960578673015268,12.960578673015268,12.820356028948643,12.920515060424805,375500,0.0,0.0
1997-12-19 00:00:00-05:00,12.84039306640625,12.880456695318594,12.760265808581563,12.84039306640625,1198800,0.0,0.0
1997-12-22 00:00:00-05:00,12.860424957275391,13.060743103027344,12.820361328125001,13.020679473876953,1019000,0.0,0.0
1997-12-23 00:00:00-05:00,13.020673293950724,13.120832319288807,12.98060968381549,13.100800514221191,504700,0.0,0.0
1997-12-24 00:00:00-05:00,13.10080051422119,13.16089592942404,13.020673293950724,13.100800514221191,265700,0.0,0.0
1997-12-26 00:00:00-05:00,13.120832194960684,13.140863999838487,13.040704975449474,13.080768585205078,140100,0.0,0.0
1997-12-29 00:00:00-05:00,13.080771685010603,13.14086711388508,13.040708065760954,13.120835304260254,1313700,0.0,0.0
1997-12-30 00:00:00-05:00,13.080770508424235,13.2410249710083,13.080770508424235,13.2410249710083,633900,0.0,0.0
1997-12-31 00:00:00-05:00,13.180928939726295,13.261056167323416,13.140865325927734,13.140865325927734,263200,0.0,0.0
1998-01-02 00:00:00-05:00,13.140865325927734,13.200960746625576,13.060738098330615,13.140865325927734,488900,0.0,0.0
1998-01-05 00:00:00-05:00,13.22099362389516,13.261057240937266,12.92051649607936,13.000643730163574,537700,0.0,0.0
1998-01-06 00:00:00-05:00,13.04071121096797,13.04071121096797,12.800329437493907,12.84039306640625,728800,0.0,0.0
1998-01-07 00:00:00-05:00,12.700170631108321,12.74023426085945,12.62004337160606,12.720202445983887,485300,0.0,0.0
1998-01-08 00:00:00-05:00,12.720198281109333,12.820357322692871,12.640071047842502,12.820357322692871,803100,0.0,0.0
1998-01-09 00:00:00-05:00,12.820360325335702,12.84039213834404,12.660105821269006,12.680137634277344,717100,0.0,0.0
1998-01-12 00:00:00-05:00,12.519880197942257,12.9004845559597,12.519880197942257,12.820357322692871,433600,0.0,0.0
1998-01-13 00:00:00-05:00,12.780290729003333,12.800322532653809,12.680131710750956,12.800322532653809,396200,0.0,0.0
1998-01-14 00:00:00-05:00,12.76025867462158,12.780290477878443,12.68013146159413,12.760258674621582,571100,0.0,0.0
1998-01-15 00:00:00-05:00,12.780296325683594,12.800328138106295,12.760264513260893,12.780296325683594,413300,0.0,0.0
1998-01-16 00:00:00-05:00,12.820359950528996,12.820359950528996,12.780296325683594,12.780296325683594,689100,0.0,0.0
1998-01-20 00:00:00-05:00,12.780290729003333,12.820354336304284,12.720195318051907,12.800322532653809,457200,0.0,0.0
1998-01-21 00:00:00-05:00,12.780289837160655,13.040703266444494,12.780289837160655,12.960576057434082,934200,0.0,0.0
1998-01-22 00:00:00-05:00,12.960576057434082,13.02067146419189,12.900480650676274,12.960576057434082,619000,0.0,0.0
1998-01-23 00:00:00-05:00,12.960577878747875,13.140864124356423,12.960577878747875,13.100800514221191,1847100,0.0,0.0
1998-01-26 00:00:00-05:00,13.14086354341318,13.241022564323343,13.100799935049118,13.160895347595215,608200,0.0,0.0
1998-01-27 00:00:00-05:00,13.160897132827015,13.261056167323416,13.100801712129174,13.140865325927734,334300,0.0,0.0
1998-01-28 00:00:00-05:00,13.160901416431773,13.220996856689453,13.12083778959332,13.220996856689453,627900,0.0,0.0
1998-01-29 00:00:00-05:00,13.140867468115088,13.421312810422423,13.120835657950279,13.341185569763184,721200,0.0,0.0
1998-01-30 00:00:00-05:00,13.34118401012334,13.34118401012334,13.220993163185291,13.2410249710083,644300,0.0,0.0
1998-02-02 00:00:00-05:00,13.341183561804037,13.481406211853027,13.341183561804037,13.481406211853027,763200,0.0,0.0
1998-02-03 00:00:00-05:00,13.481411662825078,13.661698000069395,13.481411662825078,13.601602554321289,868600,0.0,0.0
1998-02-04 00:00:00-05:00,13.461369847272497,13.701751451688077,13.461369847272497,13.661687850952148,713200,0.0,0.0
1998-02-05 00:00:00-05:00,13.661691418816062,13.701755030014937,13.481405168421128,13.621627807617188,1604400,0.0,0.0
1998-02-06 00:00:00-05:00,13.641658330485768,13.761849152780798,13.641658330485768,13.721785545349121,459300,0.0,0.0
1998-02-09 00:00:00-05:00,13.701753741633283,13.74181734906496,13.681721937917445,13.721785545349121,396600,0.0,0.0
1998-02-10 00:00:00-05:00,13.741814871167028,13.821942071581997,13.721783071063287,13.781878471374512,581300,0.0,0.0
1998-02-11 00:00:00-05:00,13.781877347303054,13.902068138122557,13.781877347303054,13.902068138122559,745600,0.0,0.0
1998-02-12 00:00:00-05:00,13.862008593548303,14.002231223829861,13.801913180570493,13.94213581085205,2088800,0.0,0.0
1998-02-13 00:00:00-05:00,13.789634535548606,13.830192284182573,13.68824016396369,13.728797912597656,3564900,0.53,0.0
1998-02-17 00:00:00-05:00,13.647683021634123,13.951866149902342,13.647683021634123,13.951866149902344,1178300,0.0,0.0
1998-02-18 00:00:00-05:00,13.911313008217917,14.093822945643517,13.870755244345562,13.891034126281738,1178000,0.0,0.0
1998-02-19 00:00:00-05:00,13.891030202672912,13.911309078881192,13.76935694542322,13.850472450256348,342800,0.0,0.0
1998-02-20 00:00:00-05:00,13.830197480473206,13.911313008217917,13.728803070792317,13.891034126281738,445600,0.0,0.0
1998-02-23 00:00:00-05:00,13.83019919542489,13.87075696432643,13.769362542072582,13.809920310974121,411000,0.0,0.0
1998-02-24 00:00:00-05:00,13.830198287963867,13.830198287963867,13.74908275548314,13.830198287963867,622500,0.0,0.0
1998-02-25 00:00:00-05:00,13.830197480473206,13.931591890154094,13.809918598537028,13.891034126281738,536200,0.0,0.0
1998-02-26 00:00:00-05:00,13.809921398497465,13.870758056640625,13.789642512449745,13.870758056640625,262300,0.0,0.0
1998-02-27 00:00:00-05:00,13.809917399462533,13.8707540399888,13.749080758936266,13.78963851928711,604300,0.0,0.0
1998-03-02 00:00:00-05:00,13.70853054400572,13.809925000692152,13.667972761331146,13.769367218017578,445900,0.0,0.0
1998-03-03 00:00:00-05:00,13.769360834664672,13.891034126281738,13.708524188856138,13.891034126281738,621200,0.0,0.0
1998-03-04 00:00:00-05:00,13.809918695141656,13.931591987609863,13.789639813063621,13.931591987609863,340100,0.0,0.0
1998-03-05 00:00:00-05:00,13.830191237389007,14.053258837992056,13.830191237389007,14.032979965209961,451300,0.0,0.0
1998-03-06 00:00:00-05:00,14.032985982375704,14.174938152717655,14.012707100898282,14.154659271240234,900400,0.0,0.0
1998-03-09 00:00:00-05:00,14.134383514523506,14.276335716247559,14.093825742602348,14.276335716247559,422200,0.0,0.0
1998-03-10 00:00:00-05:00,14.27633905677156,14.5399646359449,14.27633905677156,14.519685745239258,501400,0.0,0.0
1998-03-11 00:00:00-05:00,14.519681436628021,14.763028052884357,14.479123667251965,14.7224702835083,483800,0.0,0.0
1998-03-12 00:00:00-05:00,14.722470191302222,14.763027960424266,14.600796883936088,14.681912422180176,427000,0.0,0.0
1998-03-13 00:00:00-05:00,14.681915070980747,14.681915070980747,14.53996285344364,14.580520629882812,261700,0.0,0.0
1998-03-16 00:00:00-05:00,14.600793494552864,14.844140052795412,14.600793494552864,14.84414005279541,347100,0.0,0.0
1998-03-17 00:00:00-05:00,14.84413746351141,14.965810721409046,14.722464205613777,14.945531845092773,349700,0.0,0.0
1998-03-18 00:00:00-05:00,14.884700295745684,15.107768011349503,14.844142529272263,15.087489128112793,335800,0.0,0.0
1998-03-19 00:00:00-05:00,15.107770188649496,15.249722391764324,15.00637575785319,15.2091646194458,248800,0.0,0.0
1998-03-20 00:00:00-05:00,15.188886215119732,15.533627290763304,15.128049554712042,15.432232856750488,841600,0.0,0.0
1998-03-23 00:00:00-05:00,15.371395065730912,15.391673951041904,15.29027952448695,15.351116180419922,347500,0.0,0.0
1998-03-24 00:00:00-05:00,15.290272035460541,15.391666412353516,15.290272035460541,15.391666412353516,386500,0.0,0.0
1998-03-25 00:00:00-05:00,15.371393875872835,15.391672759614092,15.148326154719008,15.249720573425293,311500,0.0,0.0
1998-03-26 00:00:00-05:00,15.249716231765131,15.269995109732903,15.046927452087402,15.046927452087402,398800,0.0,0.0
1998-03-27 00:00:00-05:00,15.087494283179714,15.087494283179714,14.763032040530689,14.803589820861816,329400,0.0,0.0
1998-03-30 00:00:00-05:00,14.80358229308832,14.884697812502502,14.702187893820591,14.84414005279541,265300,0.0,0.0
1998-03-31 00:00:00-05:00,14.864416925664893,15.290273345090489,14.864416925664893,15.168600082397461,733200,0.0,0.0
1998-04-01 00:00:00-05:00,15.10776408599072,15.10776408599072,14.88469642834522,15.046927452087402,286000,0.0,0.0
1998-04-02 00:00:00-05:00,14.965817985534668,15.209164619445803,14.884702440897625,15.2091646194458,326700,0.0,0.0
1998-04-03 00:00:00-05:00,15.168599812852904,15.209157566363205,15.026647675566846,15.067205429077148,166100,0.0,0.0
1998-04-06 00:00:00-04:00,15.087483979306679,15.188878360888042,14.945531845092773,14.945531845092773,372500,0.0,0.0
1998-04-07 00:00:00-04:00,14.925253868103027,14.925253868103027,14.844138357950293,14.925253868103027,417100,0.0,0.0
1998-04-08 00:00:00-04:00,14.844139693687701,14.844139693687701,14.702187538146973,14.702187538146973,503800,0.0,0.0
1998-04-09 00:00:00-04:00,14.722470191302222,14.823864614107332,14.641354653058132,14.681912422180176,487700,0.0,0.0
1998-04-13 00:00:00-04:00,14.47912618878488,14.641357294541573,14.47912618878488,14.580520629882812,357600,0.0,0.0
1998-04-14 00:00:00-04:00,14.580514261969205,14.763024176235856,14.580514261969205,14.702187538146973,206700,0.0,0.0
1998-04-15 00:00:00-04:00,14.68190717363691,14.68190717363691,14.479118400520377,14.499397277832031,262100,0.0,0.0
1998-04-16 00:00:00-04:00,14.479121647435106,14.681910466026634,14.438563883716801,14.66163158416748,501400,0.0,0.0
1998-04-17 00:00:00-04:00,14.661630879391682,14.763025283813477,14.600794236738604,14.763025283813477,384700,0.0,0.0
1998-04-20 00:00:00-04:00,14.72247284741992,14.742751735639507,14.519683965224054,14.580520629882812,292000,0.0,0.0
1998-04-21 00:00:00-04:00,14.560239206004077,14.844143591636469,14.519681436628021,14.7224702835083,797500,0.0,0.0
1998-04-22 00:00:00-04:00,14.722470191302222,14.742749075863244,14.641354653058132,14.681912422180176,359200,0.0,0.0
1998-04-23 00:00:00-04:00,14.641353996706682,14.641353996706682,14.377728509231353,14.3980073928833,400900,0.0,0.0
1998-04-24 00:00:00-04:00,14.357447773092407,14.539957702411378,14.296611129986083,14.41828441619873,240100,0.0,0.0
1998-04-27 00:00:00-04:00,14.316898892080184,14.337177785695028,14.073552168702049,14.093831062316895,440000,0.0,0.0
1998-04-28 00:00:00-04:00,14.154655511116605,14.21549213938788,14.01270337848363,14.174934387207031,570900,0.0,0.0
1998-04-29 00:00:00-04:00,14.195221334653782,14.418289098484054,14.154663559411913,14.377731323242188,289500,0.0,0.0
1998-04-30 00:00:00-04:00,14.438565807447908,14.722470191302222,14.438565807447908,14.681912422180176,238100,0.0,0.0
1998-05-01 00:00:00-04:00,14.68191687088439,14.70219576159003,14.39801240100541,14.519685745239258,223600,0.0,0.0
1998-05-04 00:00:00-04:00,14.519683965224054,14.681915070980747,14.519683965224054,14.580520629882812,229500,0.0,0.0
1998-05-05 00:00:00-04:00,14.580515959391812,14.641352604563128,14.560237077668042,14.621073722839355,293000,0.0,0.0
1998-05-06 00:00:00-04:00,14.600801187009665,14.600801187009665,14.438570062709557,14.45884895324707,189700,0.0,0.0
1998-05-07 00:00:00-04:00,14.398004066587005,14.398004066587005,14.174936397949741,14.215494155883789,212900,0.0,0.0
1998-05-08 00:00:00-04:00,14.296612407503687,14.560237884521484,14.296612407503687,14.560237884521484,413100,0.0,0.0
1998-05-11 00:00:00-04:00,14.467487525125994,14.529051301828657,14.282796195018003,14.426445007324219,5272400,0.53,0.0
1998-05-12 00:00:00-04:00,14.48801455604896,14.611142158508299,14.48801455604896,14.6111421585083,422700,0.0,0.0
1998-05-13 00:00:00-04:00,14.611132801754374,14.713739071429615,14.570090293884277,14.570090293884277,228000,0.0,0.0
1998-05-14 00:00:00-04:00,14.529039935276614,14.590603663815921,14.34434874965869,14.385391235351562,363600,0.0,0.0
1998-05-15 00:00:00-04:00,14.385395219227105,14.426437716286241,14.3238314736384,14.344352722167969,308800,0.0,0.0
1998-05-18 00:00:00-04:00,14.303308734289164,14.446957459023777,14.20070250233587,14.241744995117188,259100,0.0,0.0
1998-05-19 00:00:00-04:00,14.241741724583433,14.262262966261506,14.036529307802692,14.098093032836914,293800,0.0,0.0
1998-05-20 00:00:00-04:00,14.180177611422677,14.241741334771834,14.118613888073519,14.200698852539062,375400,0.0,0.0
1998-05-21 00:00:00-04:00,14.22122136520785,14.262263851110326,13.995487692744232,14.11861515045166,511400,0.0,0.0
1998-05-22 00:00:00-04:00,14.118617719762467,14.118617719762467,13.87236275953405,13.954447746276855,332500,0.0,0.0
1998-05-26 00:00:00-04:00,13.95445379766974,13.964714425462143,13.667156219482422,13.667156219482422,286100,0.0,0.0
1998-05-27 00:00:00-04:00,13.626112937927248,13.728719210050194,13.502985411379711,13.626112937927246,737500,0.0,0.0
1998-05-28 00:00:00-04:00,13.64663397367807,13.933931531018661,13.626112719582313,13.892889022827148,578700,0.0,0.0
1998-05-29 00:00:00-04:00,13.954455855989107,14.098104666271349,13.933934597377359,14.057062149047852,261000,0.0,0.0
1998-06-01 00:00:00-04:00,14.057061988106998,14.744524143729748,14.057061988106998,14.71374225616455,789600,0.0,0.0
1998-06-02 00:00:00-04:00,14.713743205903485,14.980519582021678,14.713743205903485,14.91895580291748,1395300,0.0,0.0
1998-06-03 00:00:00-04:00,14.898426564534505,15.042075305514864,14.734256574842664,14.775299072265625,287200,0.0,0.0
1998-06-04 00:00:00-04:00,14.734259605407715,14.77530211127236,14.652174593678424,14.734259605407715,359500,0.0,0.0
1998-06-05 00:00:00-04:00,14.775298035260542,14.836861777074128,14.754776787989346,14.795819282531738,297900,0.0,0.0
1998-06-08 00:00:00-04:00,14.816343570120312,14.857386073084633,14.754779815673828,14.754779815673828,269800,0.0,0.0
1998-06-09 00:00:00-04:00,14.734260199803064,14.81634521484375,14.652175184762378,14.81634521484375,546500,0.0,0.0
1998-06-10 00:00:00-04:00,14.734253084266578,15.042071742015882,14.713731840416626,14.939465522766113,552500,0.0,0.0
1998-06-11 00:00:00-04:00,14.939479040062945,15.124170401821965,14.918957777645277,15.103649139404297,1015200,0.0,0.0
1998-06-12 00:00:00-04:00,15.103637447537846,15.26780741979369,15.062594954473884,15.165201187133789,359800,0.0,0.0
1998-06-15 00:00:00-04:00,15.165206692320236,15.473025502042567,15.124164184357259,15.43198299407959,753200,0.0,0.0
1998-06-16 00:00:00-04:00,15.431989338086998,15.431989338086998,15.083127876986627,15.103649139404297,666200,0.0,0.0
1998-06-17 00:00:00-04:00,15.021554248323167,15.042075497296286,14.816341758591976,14.959990501403809,410700,0.0,0.0
1998-06-18 00:00:00-04:00,15.042069435119629,15.144675638633405,15.021548194416873,15.042069435119629,270600,0.0,0.0
1998-06-19 00:00:00-04:00,15.083117802937824,15.083117802937824,14.734256574842664,14.775299072265625,444800,0.0,0.0
1998-06-22 00:00:00-04:00,14.754781453563234,15.062600259965805,14.754781453563234,14.81634521484375,363400,0.0,0.0
1998-06-23 00:00:00-04:00,14.898428393191978,15.103640905494897,14.898428393191978,15.02155590057373,663200,0.0,0.0
1998-06-24 00:00:00-04:00,15.001032999350048,15.021554248323167,14.918948003457572,14.959990501403809,380000,0.0,0.0
1998-06-25 00:00:00-04:00,14.98051524492512,15.062600259965805,14.67269643852255,14.81634521484375,476600,0.0,0.0
1998-06-26 00:00:00-04:00,14.836861777074128,14.857383024345323,14.775298035260542,14.795819282531738,254400,0.0,0.0
1998-06-29 00:00:00-04:00,14.775303879829302,15.083122710659078,14.775303879829302,14.98051643371582,407700,0.0,0.0
1998-06-30 00:00:00-04:00,14.98050824272746,15.124156951904299,14.93946575439122,15.124156951904297,456900,0.0,0.0
1998-07-01 00:00:00-04:00,15.103635868409862,15.12415711279629,14.959987157704878,15.083114624023438,593000,0.0,0.0
1998-07-02 00:00:00-04:00,15.042082020750449,15.062603278623234,14.939475731386532,15.001039505004883,233100,0.0,0.0
1998-07-06 00:00:00-04:00,15.001029486895579,15.165199440240537,15.001029486895579,15.124156951904297,168100,0.0,0.0
1998-07-07 00:00:00-04:00,15.103647237310067,15.12416849714337,14.836870859477145,14.89843463897705,528700,0.0,0.0
1998-07-08 00:00:00-04:00,14.836863007565096,14.980511750376929,14.795820509618856,14.959990501403809,293500,0.0,0.0
1998-07-09 00:00:00-04:00,14.980519582021678,14.980519582021678,14.857392023813281,14.91895580291748,238600,0.0,0.0
1998-07-10 00:00:00-04:00,14.898426754484452,15.021554248323167,14.857384256538214,14.959990501403809,362300,0.0,0.0
1998-07-13 00:00:00-04:00,14.939477158643655,14.959998418476957,14.857392119310447,14.89843463897705,416200,0.0,0.0
1998-07-14 00:00:00-04:00,14.898423035066207,15.021550498165928,14.898423035066207,14.939465522766113,243400,0.0,0.0
1998-07-15 00:00:00-04:00,14.898425518887713,14.918946766158909,14.754776787989346,14.795819282531738,251100,0.0,0.0
1998-07-16 00:00:00-04:00,14.775298623477712,14.775298623477712,14.631649886860568,14.65217113494873,490500,0.0,0.0
1998-07-17 00:00:00-04:00,14.652184692661413,14.67270595973797,14.529057090202073,14.6111421585083,268900,0.0,0.0
1998-07-20 00:00:00-04:00,14.529051301828657,14.529051301828657,14.385402489522441,14.426445007324219,205600,0.0,0.0
1998-07-21 00:00:00-04:00,14.426437823157046,14.611129061291347,14.282789082385925,14.549565315246582,376300,0.0,0.0
1998-07-22 00:00:00-04:00,14.508527939708522,14.59061296341267,14.385400404152296,14.467485427856445,1083900,0.0,0.0
1998-07-23 00:00:00-04:00,14.446952469047458,14.529037426257956,14.282782554626465,14.282782554626465,347400,0.0,0.0
1998-07-24 00:00:00-04:00,14.20070250233587,14.303308734289164,14.20070250233587,14.241744995117188,364200,0.0,0.0
1998-07-27 00:00:00-04:00,14.262263778272947,14.385391235351562,14.221221292580076,14.385391235351562,446600,0.0,0.0
1998-07-28 00:00:00-04:00,14.323830230536235,14.323830230536235,14.036532776055564,14.180181503295898,350800,0.0,0.0
1998-07-29 00:00:00-04:00,14.180186361506365,14.303313884182254,14.139143853947736,14.15966510772705,379700,0.0,0.0
1998-07-30 00:00:00-04:00,14.241749408251918,14.446961935748343,14.221228155502274,14.323834419250488,412800,0.0,0.0
1998-07-31 00:00:00-04:00,14.303314104742277,14.303314104742277,13.851846514635634,13.892889022827148,319100,0.0,0.0
1998-08-03 00:00:00-04:00,13.91340529556385,14.385393970782092,13.89288404881523,14.180181503295898,515800,0.0,0.0
1998-08-04 00:00:00-04:00,14.15966755558546,14.323837614200944,13.831327438354492,13.831327438354492,489000,0.0,0.0
1998-08-05 00:00:00-04:00,13.831322844520669,14.139141602188044,13.790280343498353,14.016014099121094,603000,0.0,0.0
1998-08-06 00:00:00-04:00,14.098093907500422,14.200700122256611,13.995487692744232,14.11861515045166,483200,0.0,0.0
1998-08-07 00:00:00-04:00,14.07757776658312,14.385396522412197,13.892886513085674,14.262269020080566,566100,0.0,0.0
1998-08-10 00:00:00-04:00,14.344351227070483,14.36487247346114,14.180181255945213,14.241744995117188,273600,0.0,0.0
1998-08-11 00:00:00-04:00,14.118617516773236,14.282787487898506,14.118617516773236,14.241744995117188,442400,0.0,0.0
1998-08-12 00:00:00-04:00,14.221225357055664,14.857384067111544,14.118619113498262,14.775299072265625,374300,0.0,0.0
1998-08-13 00:00:00-04:00,14.693213631125058,14.836862367742203,14.611128638772405,14.65217113494873,540800,0.0,0.0
1998-08-14 00:00:00-04:00,14.652171579996743,14.939469061957464,14.652171579996743,14.775299072265625,2032400,0.0,0.0
1998-08-17 00:00:00-04:00,14.702203158856758,15.034456337587985,14.702203158856758,14.992924690246582,1082500,0.53,0.0
1998-08-18 00:00:00-04:00,14.951395465993683,15.01369294710199,14.889097984885376,14.972161293029785,409600,0.0,0.0
1998-08-19 00:00:00-04:00,14.951397662396197,14.951397662396197,14.826802681876229,14.84756851196289,388600,0.0,0.0
1998-08-20 00:00:00-04:00,14.847566330813171,14.972161293029785,14.785268849704863,14.972161293029785,446300,0.0,0.0
1998-08-21 00:00:00-04:00,14.909868059931574,15.449779716697899,14.84757056107392,15.366716384887695,857600,0.0,0.0
1998-08-24 00:00:00-04:00,15.283642325171813,15.53283214569092,15.283642325171813,15.532832145690918,667600,0.0,0.0
1998-08-25 00:00:00-04:00,15.574365571967967,15.615897213493213,15.262878260528607,15.345941543579102,409100,0.0,0.0
1998-08-26 00:00:00-04:00,15.28364408129123,15.470536468154846,15.262878260528607,15.345941543579102,343500,0.0,0.0
1998-08-27 00:00:00-04:00,15.283641457238083,15.55359708080343,15.283641457238083,15.491299629211426,892300,0.0,0.0
1998-08-28 00:00:00-04:00,15.491304080938201,15.989683836893317,15.449772434608608,15.885854721069336,1211900,0.0,0.0
1998-08-31 00:00:00-04:00,15.782028813028273,16.218111188125107,15.698965503486018,15.719731330871582,885800,0.0,0.0
1998-09-01 00:00:00-04:00,15.657435942772691,15.657435942772691,15.449777641144406,15.636670112609863,648400,0.0,0.0
1998-09-02 00:00:00-04:00,15.595136078329034,15.615901905330803,15.20058536529541,15.20058536529541,714000,0.0,0.0
1998-09-03 00:00:00-04:00,15.159051638582477,15.283646583557127,14.868330100308293,15.283646583557129,574800,0.0,0.0
1998-09-04 00:00:00-04:00,15.345945880341983,15.449775013497206,15.096755960769446,15.325180053710938,688800,0.0,0.0
1998-09-08 00:00:00-04:00,15.242116726924962,15.553604125976562,15.055224287494003,15.553604125976562,531900,0.0,0.0
1998-09-09 00:00:00-04:00,15.55359670836704,15.59512834176722,15.15904619106534,15.429001808166504,464800,0.0,0.0
1998-09-10 00:00:00-04:00,15.242124506767759,15.7405045996321,15.242124506767759,15.615909576416016,596700,0.0,0.0
1998-09-11 00:00:00-04:00,15.532832796611483,15.782022627573165,15.449769519624256,15.698959350585938,891700,0.0,0.0
1998-09-14 00:00:00-04:00,15.698961097315738,15.865087669774105,15.678195275758442,15.782024383544922,249300,0.0,0.0
1998-09-15 00:00:00-04:00,15.698966742489588,16.010454177856445,15.615903426391759,16.010454177856445,671000,0.0,0.0
1998-09-16 00:00:00-04:00,16.0935186848198,16.155816176502974,15.968923701453454,16.11428451538086,579000,0.0,0.0
1998-09-17 00:00:00-04:00,15.823550648431851,16.28039856741545,15.823550648431851,16.155803680419922,539000,0.0,0.0
1998-09-18 00:00:00-04:00,16.280411292766704,16.44653793861126,16.218113800574994,16.259645462036133,783300,0.0,0.0
1998-09-21 00:00:00-04:00,16.176579567456336,16.32194035946172,16.072750430309632,16.135047912597656,257200,0.0,0.0
1998-09-22 00:00:00-04:00,16.36346523429774,16.425762690773492,16.238870321346234,16.404996871948242,624300,0.0,0.0
1998-09-23 00:00:00-04:00,16.36347144126892,16.716490495204926,16.36347144126892,16.612661361694336,610800,0.0,0.0
1998-09-24 00:00:00-04:00,16.591894848821145,16.633426500507806,16.301173287014517,16.488065719604492,765700,0.0,0.0
1998-09-25 00:00:00-04:00,16.363469218370156,16.861848991518485,16.363469218370156,16.55036163330078,639900,0.0,0.0
1998-09-28 00:00:00-04:00,16.69572292739131,16.758020401000977,16.57112798017197,16.758020401000977,223700,0.0,0.0
1998-09-29 00:00:00-04:00,16.77878301500698,17.235631067395786,16.737251373880728,17.19409942626953,489500,0.0,0.0
1998-09-30 00:00:00-04:00,17.23564042494847,17.360235415972195,17.194108761273895,17.277172088623047,773400,0.0,0.0
1998-10-01 00:00:00-04:00,17.31870735661265,17.567897390520745,17.277175684294633,17.360239028930664,345000,0.0,0.0
1998-10-02 00:00:00-04:00,17.443288403065704,17.983199710779644,17.443288403065704,17.920902252197266,657900,0.0,0.0
1998-10-05 00:00:00-04:00,18.107806447631155,18.647718107766945,17.92091394989184,18.585420608520508,708400,0.0,0.0
1998-10-06 00:00:00-04:00,18.523123948376064,18.543889782398907,18.149338935964888,18.2531681060791,1016000,0.0,0.0
1998-10-07 00:00:00-04:00,18.273929980916712,18.585417423773247,17.796315901870027,18.107803344726562,785100,0.0,0.0
1998-10-08 00:00:00-04:00,18.024729656351024,18.10779292665679,17.77553984543373,18.066261291503906,1149000,0.0,0.0
1998-10-09 00:00:00-04:00,18.10780152603895,18.10780152603895,17.401763393142936,17.422529220581055,1015800,0.0,0.0
1998-10-12 00:00:00-04:00,17.360227506454677,17.360227506454677,16.55036043378514,16.674955368041992,561800,0.0,0.0
1998-10-13 00:00:00-04:00,16.716488076878637,17.15257037453634,16.716488076878637,17.090272903442383,465600,0.0,0.0
1998-10-14 00:00:00-04:00,17.131811115166624,17.920912718047024,17.131811115166624,17.734020233154297,935000,0.0,0.0
1998-10-15 00:00:00-04:00,17.692485874275615,18.31546072900363,17.60942256031188,18.294694900512695,959400,0.0,0.0
1998-10-16 00:00:00-04:00,18.294689083999057,18.294689083999057,17.609416961669922,17.609416961669922,739800,0.0,0.0
1998-10-19 00:00:00-04:00,17.60942593607805,17.60942593607805,17.256406784057617,17.256406784057617,290500,0.0,0.0
1998-10-20 00:00:00-04:00,17.256399645260913,17.256399645260913,16.405000866132518,16.55036163330078,1644400,0.0,0.0
1998-10-21 00:00:00-04:00,16.550364431390907,16.591896086174824,16.11428205615978,16.36347198486328,420800,0.0,0.0
1998-10-22 00:00:00-04:00,16.280404205129848,16.61265735217331,16.238872561749414,16.467296600341797,994800,0.0,0.0
1998-10-23 00:00:00-04:00,16.467296600341797,16.467296600341797,16.218106740059195,16.467296600341797,349100,0.0,0.0
1998-10-26 00:00:00-05:00,16.321937561035156,16.50882997585617,16.301171737166154,16.321937561035156,394900,0.0,0.0
1998-10-27 00:00:00-05:00,16.488059338699742,16.737249152382862,16.238869525016625,16.591888427734375,470200,0.0,0.0
1998-10-28 00:00:00-05:00,16.591895000100724,16.94491404265606,16.57112917406806,16.86185073852539,534500,0.0,0.0
1998-10-29 00:00:00-05:00,16.695726972637754,16.695726972637754,16.301176210846563,16.446537017822266,505100,0.0,0.0
1998-10-30 00:00:00-05:00,16.44653183325865,16.758019178585517,16.44653183325865,16.654190063476562,340800,0.0,0.0
1998-11-02 00:00:00-05:00,16.612655337494196,16.88261098672848,16.612655337494196,16.77878189086914,230200,0.0,0.0
1998-11-03 00:00:00-05:00,16.778787434394726,16.903382390590725,16.73725578232939,16.86185073852539,448600,0.0,0.0
1998-11-04 00:00:00-05:00,16.86184553153418,17.02797208849511,16.69571897457325,16.841079711914062,493700,0.0,0.0
1998-11-05 00:00:00-05:00,16.841081947051126,16.903379414179554,16.571126256161282,16.674955368041992,636700,0.0,0.0
1998-11-06 00:00:00-05:00,16.674953820391863,16.799548743084703,16.529593077250215,16.73725128173828,781800,0.0,0.0
1998-11-09 00:00:00-05:00,16.944915771484375,17.00721325593836,16.778789146273745,16.944915771484375,565300,0.0,0.0
1998-11-10 00:00:00-05:00,17.111045956755085,17.297938449001197,16.944919296980764,17.256406784057617,521000,0.0,0.0
1998-11-11 00:00:00-05:00,17.277164435996497,17.277164435996497,16.986442919044634,17.04874038696289,488400,0.0,0.0
1998-11-12 00:00:00-05:00,17.04874160387903,17.194102372730615,17.04874160387903,17.152570724487305,581000,0.0,0.0
1998-11-13 00:00:00-05:00,17.194102549467054,17.318697495477686,17.194102549467054,17.297931671142578,1267200,0.0,0.0
1998-11-16 00:00:00-05:00,17.287024599922525,17.664653778076172,17.287024599922525,17.664653778076172,540300,0.53,0.0
1998-11-17 00:00:00-05:00,17.664656634557815,17.748574243273055,17.517800819306146,17.622697830200195,470900,0.0,0.0
1998-11-18 00:00:00-05:00,17.64367530448585,17.66465470437228,17.47584010539443,17.53877830505371,316200,0.0,0.0
1998-11-19 00:00:00-05:00,17.60170972893037,17.60170972893037,17.307998243584688,17.41289520263672,475000,0.0,0.0
1998-11-20 00:00:00-05:00,17.62269829154445,17.62269829154445,17.34996605608007,17.433883666992188,728300,0.0,0.0
1998-11-23 00:00:00-05:00,17.412901905735144,17.53877830505371,17.245066706643723,17.53877830505371,216400,0.0,0.0
1998-11-24 00:00:00-05:00,17.538776370195244,17.538776370195244,17.433879382335224,17.454858779907227,248700,0.0,0.0
1998-11-25 00:00:00-05:00,17.43387987742167,17.601715062763876,17.43387987742167,17.517797470092773,245800,0.0,0.0
1998-11-27 00:00:00-05:00,17.454857777740994,17.517795966843426,17.308002003168653,17.328981399536133,82300,0.0,0.0
1998-11-30 00:00:00-05:00,17.30800625143016,17.370944455980815,17.035274031710657,17.05625343322754,427200,0.0,0.0
1998-12-01 00:00:00-05:00,17.056251054899697,17.16114804785726,17.014292257716672,17.07723045349121,579100,0.0,0.0
1998-12-02 00:00:00-05:00,17.077228112971827,17.2240838829851,17.01428992582328,17.182125091552734,301500,0.0,0.0
1998-12-03 00:00:00-05:00,17.11919025310035,17.30800485148013,16.993313854180492,17.287025451660156,505300,0.0,0.0
1998-12-04 00:00:00-05:00,17.287025506416576,17.580737104826568,17.26604610653015,17.53877830505371,416800,0.0,0.0
1998-12-07 00:00:00-05:00,17.454860705508,17.601716504712996,17.454860705508,17.53877830505371,166300,0.0,0.0
1998-12-08 00:00:00-05:00,17.454858310511707,17.538775898543012,17.370940722480398,17.47583770751953,172800,0.0,0.0
1998-12-09 00:00:00-05:00,17.47583914374848,17.51779794121246,17.391921548820516,17.49681854248047,399600,0.0,0.0
1998-12-10 00:00:00-05:00,17.45485922503212,17.538776817460157,17.287024040176043,17.34996223449707,631300,0.0,0.0
1998-12-11 00:00:00-05:00,17.41289184809594,17.41289184809594,17.224077358176825,17.39191246032715,121300,0.0,0.0
1998-12-14 00:00:00-05:00,17.307991940949115,17.454847630145046,17.266033172607422,17.266033172607422,207200,0.0,0.0
1998-12-15 00:00:00-05:00,17.349962284750568,17.517797470092773,17.266044692079465,17.517797470092773,310500,0.0,0.0
1998-12-16 00:00:00-05:00,17.664653778076172,17.685633176862485,17.32898339749515,17.664653778076172,421800,0.0,0.0
1998-12-17 00:00:00-05:00,17.706615483483603,18.126203528115916,17.68563608125199,18.042285919189453,557700,0.0,0.0
1998-12-18 00:00:00-05:00,18.00032333532969,18.12619972229004,17.979343937502968,18.12619972229004,564100,0.0,0.0
1998-12-21 00:00:00-05:00,18.063261475518484,18.273055453166783,17.916405691164677,17.958364486694336,273500,0.0,0.0
1998-12-22 00:00:00-05:00,17.895423341304696,17.91640273560869,17.748567581176758,17.748567581176758,291600,0.0,0.0
1998-12-23 00:00:00-05:00,17.664653822954964,17.895427210190718,17.664653822954964,17.832489013671875,266800,0.0,0.0
1998-12-24 00:00:00-05:00,17.895421934633287,17.979339505252906,17.790524971358767,17.811504364013672,90400,0.0,0.0
1998-12-28 00:00:00-05:00,17.81150717412874,17.853465966058373,17.643672006410213,17.685630798339844,268800,0.0,0.0
1998-12-29 00:00:00-05:00,17.685628008084247,17.85346314932348,17.685628008084247,17.811504364013672,165500,0.0,0.0
1998-12-30 00:00:00-05:00,17.706616879073827,17.79053449461446,17.685637475188667,17.727596282958984,539600,0.0,0.0
1998-12-31 00:00:00-05:00,17.706608792568773,17.79052636978474,17.601711821048816,17.748567581176758,285100,0.0,0.0
1999-01-04 00:00:00-05:00,17.706615447998047,17.93738887208333,17.664656643618905,17.706615447998047,365100,0.0,0.0
1999-01-05 00:00:00-05:00,17.66465470437228,17.85346930335013,17.412901905735144,17.53877830505371,548400,0.0,0.0
1999-01-06 00:00:00-05:00,17.580734722360774,17.622693516447555,17.454858340100433,17.559755325317383,479800,0.0,0.0
1999-01-07 00:00:00-05:00,17.454860650219963,17.538778249499867,17.224087252200228,17.287025451660156,487900,0.0,0.0
1999-01-08 00:00:00-05:00,17.32898423264666,17.37094303224145,17.161149034267517,17.203107833862305,455500,0.0,0.0
1999-01-11 00:00:00-05:00,17.119186401367188,17.161145191566614,16.972330635669184,17.119186401367188,480300,0.0,0.0
1999-01-12 00:00:00-05:00,17.098213676135522,17.32898711225514,17.098213676135522,17.161151885986328,596400,0.0,0.0
1999-01-13 00:00:00-05:00,17.119188855319962,17.49681802124614,17.119188855319962,17.34996223449707,994900,0.0,0.0
1999-01-14 00:00:00-05:00,17.34995724332642,17.370936635398156,16.80449304946126,16.972328186035156,508700,0.0,0.0
1999-01-15 00:00:00-05:00,17.035268820968327,17.119186401367188,16.82547486997118,17.119186401367188,265100,0.0,0.0
1999-01-19 00:00:00-05:00,17.035271656308186,17.07723045349121,16.720580677435496,17.07723045349121,309000,0.0,0.0
1999-01-20 00:00:00-05:00,17.119183930537314,17.14016332260905,16.825472441532998,16.972328186035156,912200,0.0,0.0
1999-01-21 00:00:00-05:00,16.951345443725586,17.09820115920341,16.804489728247766,16.951345443725586,310300,0.0,0.0
1999-01-22 00:00:00-05:00,16.972329117256173,17.119184869815868,16.825473364696478,16.930370330810547,250100,0.0,0.0
1999-01-25 00:00:00-05:00,16.930366055800185,16.993304219576395,16.888407279949377,16.951345443725586,220200,0.0,0.0
1999-01-26 00:00:00-05:00,16.951347868480752,17.07722421403878,16.867430304775404,17.014286041259766,250100,0.0,0.0
1999-01-27 00:00:00-05:00,17.014288285621127,17.07722646670234,16.65763859282759,16.74155616760254,199900,0.0,0.0
1999-01-28 00:00:00-05:00,16.657637206802654,16.972328086024365,16.657637206802654,16.804492950439453,335700,0.0,0.0
1999-01-29 00:00:00-05:00,16.8254751164452,16.8254751164452,16.4478459991185,16.594701766967773,463600,0.0,0.0
1999-02-01 00:00:00-05:00,16.510788861734813,16.510788861734813,16.070221433403898,16.133159637451172,484900,0.0,0.0
1999-02-02 00:00:00-05:00,15.965318169002483,16.196091493390167,15.860421203371718,15.902379989624023,798200,0.0,0.0
1999-02-03 00:00:00-05:00,15.839440476660634,16.175110738417683,15.839440476660634,16.04923439025879,509400,0.0,0.0
1999-02-04 00:00:00-05:00,16.02825828853406,16.091196475530925,15.94434070587158,15.944340705871582,309600,0.0,0.0
1999-02-05 00:00:00-05:00,15.986297142458774,16.13315289048661,15.944338357307965,16.00727653503418,388800,0.0,0.0
1999-02-08 00:00:00-05:00,15.94433941168742,16.259030321128616,15.923360017724672,16.217071533203125,463600,0.0,0.0
1999-02-09 00:00:00-05:00,16.196096420288086,16.30099341782881,16.13315822176365,16.196096420288086,312600,0.0,0.0
1999-02-10 00:00:00-05:00,16.217075819796232,16.280014018320667,16.154137621271794,16.196096420288086,384500,0.0,0.0
1999-02-11 00:00:00-05:00,16.133159149408964,16.15413855012341,15.94434454297895,16.070220947265625,836300,0.0,0.0
1999-02-12 00:00:00-05:00,16.039665628652102,16.039665628652102,15.445603938702025,15.53046989440918,372100,0.535,0.0
1999-02-16 00:00:00-05:00,15.615333211263023,15.933580491383871,15.615333211263023,15.91236400604248,388200,0.0,0.0
1999-02-17 00:00:00-05:00,15.806284503660342,16.27304726752682,15.806284503660342,16.103315353393555,430000,0.0,0.0
1999-02-18 00:00:00-05:00,16.103316088130967,16.506429402590108,16.103316088130967,16.357913970947266,305200,0.0,0.0
1999-02-19 00:00:00-05:00,16.294257252281618,16.46398909865955,16.273040771484375,16.273040771484375,469200,0.0,0.0
1999-02-22 00:00:00-05:00,16.103320680134036,16.442784620690222,16.103320680134036,16.379135131835938,1259700,0.0,0.0
1999-02-23 00:00:00-05:00,16.294264229180303,16.379130188707283,16.12453231012634,16.20939826965332,302600,0.0,0.0
1999-02-24 00:00:00-05:00,16.188189738608422,16.273055739859316,15.954808235168457,15.954808235168457,423900,0.0,0.0
1999-02-25 00:00:00-05:00,15.954808235168457,16.103323737357524,15.80629273297939,15.954808235168457,488700,0.0,0.0
1999-02-26 00:00:00-05:00,15.954800039689172,15.954800039689172,15.763851634958849,15.86993408203125,497800,0.0,0.0
1999-03-01 00:00:00-05:00,15.785067271037274,15.912366200642413,15.678984829699658,15.848716735839844,336000,0.0,0.0
1999-03-02 00:00:00-05:00,15.912364006042482,16.16696183013916,15.891147520701091,15.91236400604248,395900,0.0,0.0
1999-03-03 00:00:00-05:00,15.912370921126131,16.145752361302648,15.912370921126131,16.06088638305664,287000,0.0,0.0
1999-03-04 00:00:00-05:00,16.0184431761698,16.251824467478237,15.976010214113723,16.230607986450195,364200,0.0,0.0
1999-03-05 00:00:00-05:00,16.37913471890479,16.548866684903803,16.35791822315491,16.464000701904297,383000,0.0,0.0
1999-03-08 00:00:00-05:00,16.37913058431525,16.40034707470944,16.06088322840239,16.12453269958496,283600,0.0,0.0
1999-03-09 00:00:00-05:00,16.039660759691923,16.10331020715102,15.742630004882814,15.742630004882812,346800,0.0,0.0
1999-03-10 00:00:00-05:00,15.785067558288574,15.976015956171098,15.763851069634962,15.785067558288574,351000,0.0,0.0
1999-03-11 00:00:00-05:00,15.742635035860367,16.188181310460187,15.678985568060392,16.103315353393555,314000,0.0,0.0
1999-03-12 00:00:00-05:00,16.16697247326374,16.485219962894917,16.12453947464625,16.29427146911621,449300,0.0,0.0
1999-03-15 00:00:00-05:00,16.357906694673343,16.506422060254035,16.166958367498168,16.273040771484375,476900,0.0,0.0
1999-03-16 00:00:00-05:00,16.336694717407227,16.442777150637145,16.315478230761244,16.336694717407227,419400,0.0,0.0
1999-03-17 00:00:00-05:00,16.336694717407227,16.35791120405321,16.124529850947393,16.336694717407227,386400,0.0,0.0
1999-03-18 00:00:00-05:00,16.2518367767334,16.357919262221216,16.18818728544071,16.2518367767334,366900,0.0,0.0
1999-03-19 00:00:00-05:00,16.082107237044802,16.166973238295697,15.86994223391756,15.954808235168457,499100,0.0,0.0
1999-03-22 00:00:00-05:00,15.933580584456033,16.039663011782636,15.827498157129428,15.89114761352539,436500,0.0,0.0
1999-03-23 00:00:00-05:00,15.8911414460892,15.933574400551388,15.72140962824045,15.763842582702637,407300,0.0,0.0
1999-03-24 00:00:00-05:00,15.785068472018418,16.230614759535065,15.785068472018418,16.20939826965332,503400,0.0,0.0
1999-03-25 00:00:00-05:00,16.188174848295407,16.315473733078857,16.145741886700925,16.273040771484375,386600,0.0,0.0
1999-03-26 00:00:00-05:00,16.209406238921147,16.251839239546594,15.86994223391756,15.954808235168457,637500,0.0,0.0
1999-03-29 00:00:00-05:00,15.912366490210257,15.954799467517484,15.70020160367412,15.785067558288574,409100,0.0,0.0
1999-03-30 00:00:00-05:00,15.657771354864453,15.657771354864453,15.360740461953744,15.403173446655273,423200,0.0,0.0
1999-03-31 00:00:00-05:00,15.381962776184082,15.55169477923163,15.31831327504125,15.381962776184082,337100,0.0,0.0
1999-04-01 00:00:00-05:00,15.297093723302366,15.65777415783238,15.21222773870707,15.424392700195312,526200,0.0,0.0
1999-04-05 00:00:00-04:00,15.53046589781218,15.636548315146962,15.509249414345224,15.572898864746094,479200,0.0,0.0
1999-04-06 00:00:00-04:00,15.57290848842642,15.594124985004658,15.318310529487569,15.360743522644043,433100,0.0,0.0
1999-04-07 00:00:00-04:00,15.339521711644991,15.445604157783615,15.06370735168457,15.06370735168457,558600,0.0,0.0
1999-04-08 00:00:00-04:00,15.042498770088985,15.4880452780888,15.02128226970804,15.381962776184082,421700,0.0,0.0
1999-04-09 00:00:00-04:00,15.381958210946449,15.44560769319864,15.297092234610192,15.33952522277832,246300,0.0,0.0
1999-04-12 00:00:00-04:00,15.233448511272384,15.594129047054599,15.191015507062712,15.509263038635254,275600,0.0,0.0
1999-04-13 00:00:00-04:00,15.445608311949748,15.445608311949748,15.14857738287379,15.212226867675781,442700,0.0,0.0
1999-04-14 00:00:00-04:00,15.169790091238063,15.169790091238063,14.978841684495206,15.0000581741333,272700,0.0,0.0
1999-04-15 00:00:00-04:00,14.93640283065387,15.233433568763465,14.93640283065387,15.042485237121582,484800,0.0,0.0
1999-04-16 00:00:00-04:00,15.063701718415125,15.148567643589294,14.893969868066785,15.042485237121582,325400,0.0,0.0
1999-04-19 00:00:00-04:00,15.000062019465355,15.488041406237214,15.000062019465355,15.191010475158691,352300,0.0,0.0
1999-04-20 00:00:00-04:00,15.190999456512326,15.594112570581789,15.169782976824461,15.551679611206055,456500,0.0,0.0
1999-04-21 00:00:00-04:00,15.785067761530641,15.785067761530641,15.403170960848447,15.53046989440918,489800,0.0,0.0
1999-04-22 00:00:00-04:00,15.445613532320746,15.53047954074009,15.339531021796565,15.509263038635254,322900,0.0,0.0
1999-04-23 00:00:00-04:00,15.4668207314482,15.551686688822402,15.254655838012697,15.254655838012695,499300,0.0,0.0
1999-04-26 00:00:00-04:00,15.254657646020254,15.381956597169241,15.212224662303925,15.275874137878418,598200,0.0,0.0
1999-04-27 00:00:00-04:00,15.275874137878418,15.42438958088557,15.275874137878418,15.275874137878418,339500,0.0,0.0
1999-04-28 00:00:00-04:00,15.297096774660307,15.445612277326912,15.25466377389842,15.381962776184082,738700,0.0,0.0
1999-04-29 00:00:00-04:00,15.445606431356804,15.488039416058333,15.318307477252215,15.403173446655273,1580100,0.0,0.0
1999-04-30 00:00:00-04:00,15.31831021945119,15.424392700195312,15.233444234855893,15.424392700195312,873700,0.0,0.0
1999-05-03 00:00:00-04:00,15.36073798299487,15.551686383335968,15.36073798299487,15.53046989440918,318300,0.0,0.0
1999-05-04 00:00:00-04:00,15.46682569249296,15.55169167708826,15.36074321174884,15.424392700195312,294800,0.0,0.0
1999-05-05 00:00:00-04:00,15.445599555969238,15.509249004688892,15.339517141436483,15.445599555969238,246200,0.0,0.0
1999-05-06 00:00:00-04:00,15.424389541312438,15.509255508527362,15.360740065901245,15.488039016723633,805400,0.0,0.0
1999-05-07 00:00:00-04:00,15.445603938702025,15.594119361189543,15.445603938702025,15.53046989440918,421900,0.0,0.0
1999-05-10 00:00:00-04:00,15.48803917437711,15.678987602554363,15.466822682357417,15.657771110534668,225900,0.0,0.0
1999-05-11 00:00:00-04:00,15.615328016857172,15.891142234546225,15.615328016857172,15.806276321411133,1182200,0.0,0.0
1999-05-12 00:00:00-04:00,15.785059843127359,15.869925756262452,15.763843364843586,15.806276321411133,358100,0.0,0.0
1999-05-13 00:00:00-04:00,15.806288448318623,16.082102877618144,15.806288448318623,16.06088638305664,149500,0.0,0.0
1999-05-14 00:00:00-04:00,15.912366200642413,15.95479917717746,15.785067271037274,15.848716735839844,380900,0.0,0.0
1999-05-17 00:00:00-04:00,15.75341917071069,16.13974280160005,15.646107051019198,16.075355529785156,694700,0.535,0.0
1999-05-18 00:00:00-04:00,15.989510566793022,16.225597299993993,15.968048136502025,16.053897857666016,580900,0.0,0.0
1999-05-19 00:00:00-04:00,16.13974576273923,16.311445185747097,16.096820906987265,16.225595474243164,554700,0.0,0.0
1999-05-20 00:00:00-04:00,16.225604061081476,16.33291625725265,16.225604061081476,16.28999137878418,846700,0.0,0.0
1999-05-21 00:00:00-04:00,16.3972979025971,16.547534925264873,16.375835470787415,16.504610061645508,882200,0.0,0.0
1999-05-24 00:00:00-04:00,16.48315241887019,16.762164113460443,16.48315241887019,16.74070167541504,420000,0.0,0.0
1999-05-25 00:00:00-04:00,16.740694166738773,17.041168164603317,16.719231738319877,16.955318450927734,567900,0.0,0.0
1999-05-26 00:00:00-04:00,16.998247175360444,17.12702177517378,16.890935008849333,17.084096908569336,554700,0.0,0.0
1999-05-27 00:00:00-04:00,16.998245993268196,17.019708425077877,16.44022276621646,16.504610061645508,426300,0.0,0.0
1999-05-28 00:00:00-04:00,16.504613905799896,16.848012894737213,16.483151468991313,16.676313400268555,220300,0.0,0.0
1999-06-01 00:00:00-04:00,16.676305634101958,16.676305634101958,16.289981951458667,16.461681365966797,281800,0.0,0.0
1999-06-02 00:00:00-04:00,16.440220707773374,16.50460799514063,16.18267155830434,16.204133987426758,337400,0.0,0.0
1999-06-03 00:00:00-04:00,16.204143516650806,16.354380608858165,16.1826810749069,16.332918167114258,250200,0.0,0.0
1999-06-04 00:00:00-04:00,16.311455725370347,16.418767934089892,16.28999328362644,16.332918167114258,213900,0.0,0.0
1999-06-07 00:00:00-04:00,16.289983816707835,16.483145680147057,16.289983816707835,16.418758392333984,150800,0.0,0.0
1999-06-08 00:00:00-04:00,16.354371082110923,16.37583351135254,16.311446223627694,16.37583351135254,292400,0.0,0.0
1999-06-09 00:00:00-04:00,16.354380608858165,16.418767934089892,16.311455725370347,16.332918167114258,170200,0.0,0.0
1999-06-10 00:00:00-04:00,16.31144899003049,16.33291142291211,16.075362228332683,16.13974952697754,364500,0.0,0.0
1999-06-11 00:00:00-04:00,16.096816005476985,16.2255905335208,15.925116634751896,16.032428741455078,293100,0.0,0.0
1999-06-14 00:00:00-04:00,16.096823718918273,16.397297761671414,16.07536128729305,16.161211013793945,255000,0.0,0.0
1999-06-15 00:00:00-04:00,16.22559467101812,16.633380780474926,16.139744963764056,16.461681365966797,333900,0.0,0.0
1999-06-16 00:00:00-04:00,16.56900405883789,16.826553344726562,16.440229415893555,16.483154296875,585700,0.0,0.0
1999-06-17 00:00:00-04:00,16.483145566018212,16.483145566018212,16.18267155830434,16.204133987426758,448100,0.0,0.0
1999-06-18 00:00:00-04:00,16.225599273762587,16.289986572467996,16.13974954215538,16.182674407958984,913800,0.0,0.0
1999-06-21 00:00:00-04:00,16.13974266721491,16.182667514734103,15.88219358209978,15.903656005859375,236100,0.0,0.0
1999-06-22 00:00:00-04:00,15.90365703623672,16.139743712888006,15.90365703623672,16.010969161987305,273000,0.0,0.0
1999-06-23 00:00:00-04:00,15.925119446108004,16.09681884714421,15.903657020978478,15.989506721496582,227400,0.0,0.0
1999-06-24 00:00:00-04:00,15.989512496806206,16.13974952697754,15.968050063924588,16.13974952697754,503900,0.0,0.0
1999-06-25 00:00:00-04:00,16.18266764947665,16.289979769168138,16.05389310584686,16.075355529785156,321100,0.0,0.0
1999-06-28 00:00:00-04:00,16.182672439412,16.225597299993993,16.032435427375017,16.053897857666016,374200,0.0,0.0
1999-06-29 00:00:00-04:00,16.053892972176534,16.053892972176534,15.88219358209978,15.903656005859375,518800,0.0,0.0
1999-06-30 00:00:00-04:00,15.903666451491045,15.903666451491045,15.53880500793457,15.53880500793457,707000,0.0,0.0
1999-07-01 00:00:00-04:00,15.538801255773325,15.731963149836806,15.517338823099605,15.710500717163086,462000,0.0,0.0
1999-07-02 00:00:00-04:00,15.710494208528667,16.010968141478667,15.710494208528667,15.925118446350098,310500,0.0,0.0
1999-07-06 00:00:00-04:00,15.882200178552846,15.882200178552846,15.646113419141926,15.710500717163086,361600,0.0,0.0
1999-07-07 00:00:00-04:00,15.753429405014101,15.774891842895592,15.646117215606647,15.689042091369629,564700,0.0,0.0
1999-07-08 00:00:00-04:00,15.689038213357886,15.689038213357886,15.495876320170169,15.517338752746582,424000,0.0,0.0
1999-07-09 00:00:00-04:00,15.431491847821928,15.452954284327939,15.30271722878586,15.410029411315918,226700,0.0,0.0
1999-07-12 00:00:00-04:00,15.410034195760662,15.410034195760662,15.259797093573582,15.281259536743164,301300,0.0,0.0
1999-07-13 00:00:00-04:00,15.28125187502069,15.431488901881847,15.195402145385742,15.195402145385742,438400,0.0,0.0
1999-07-14 00:00:00-04:00,15.19540976406483,15.281259536743164,15.066635105047332,15.281259536743164,292200,0.0,0.0
1999-07-15 00:00:00-04:00,15.281249022148023,15.410023592559384,15.216861736942343,15.238324165344238,225500,0.0,0.0
1999-07-16 00:00:00-04:00,15.195404981955503,15.195404981955503,15.00224305421878,15.066630363464355,215600,0.0,0.0
1999-07-19 00:00:00-04:00,15.023694953809155,15.088082217896908,14.916382846996232,14.980770111083984,480100,0.0,0.0
1999-07-20 00:00:00-04:00,14.93784801521798,15.023697716454866,14.78761103805343,14.830535888671875,796500,0.0,0.0
1999-07-21 00:00:00-04:00,14.830525428573521,14.937837479431506,14.744675787887132,14.851987838745117,1556200,0.0,0.0
1999-07-22 00:00:00-04:00,14.894927053574682,15.066626500878137,14.809077329922955,14.959314346313477,378500,0.0,0.0
1999-07-23 00:00:00-04:00,14.959312314029344,15.002237170023689,14.658838322068927,14.744688034057617,261400,0.0,0.0
1999-07-26 00:00:00-04:00,14.766147745066675,15.023696833643418,14.744685321018613,14.937847137451172,508000,0.0,0.0
1999-07-27 00:00:00-04:00,15.023696833643418,15.023696833643418,14.851997441258924,14.937847137451172,412300,0.0,0.0
1999-07-28 00:00:00-04:00,14.980777699193913,15.023702563661518,14.8520031057911,14.873465538024902,435500,0.0,0.0
1999-07-29 00:00:00-04:00,14.830544455034019,14.937856643565379,14.680307391090114,14.701769828796387,860100,0.0,0.0
1999-07-30 00:00:00-04:00,14.701760472922489,15.066621681739543,14.701760472922489,14.937847137451172,1178900,0.0,0.0
1999-08-02 00:00:00-04:00,14.93785198168321,15.238326015797528,14.93785198168321,15.109551429748535,451800,0.0,0.0
1999-08-03 00:00:00-04:00,15.173935053898738,15.431484163724459,15.045160498985878,15.345634460449219,424900,0.0,0.0
1999-08-04 00:00:00-04:00,15.367103565974729,15.452953306566767,15.281253825382692,15.324178695678711,580100,0.0,0.0
1999-08-05 00:00:00-04:00,15.302713449873412,15.517337761933348,15.21686372504944,15.431488037109375,979700,0.0,0.0
1999-08-06 00:00:00-04:00,15.474406260862905,15.517331104859752,15.367094150870791,15.495868682861328,447600,0.0,0.0
1999-08-09 00:00:00-04:00,15.410033227343273,15.538807878268146,15.367108343701648,15.388570785522461,395400,0.0,0.0
1999-08-10 00:00:00-04:00,15.345642093839592,15.495879149303756,15.345642093839592,15.367104530334473,650300,0.0,0.0
1999-08-11 00:00:00-04:00,15.324180629371938,15.581729883647096,15.324180629371938,15.53880500793457,350300,0.0,0.0
1999-08-12 00:00:00-04:00,15.410032272338867,15.410032272338867,15.066633224487305,15.088095664978027,378000,0.0,0.0
1999-08-13 00:00:00-04:00,15.13101767270993,15.259792291201078,14.98078061780359,15.066630363464355,332100,0.0,0.0
1999-08-16 00:00:00-04:00,15.035341072358547,15.18743267280148,14.796339985948222,15.0136137008667,611800,0.535,0.0
1999-08-17 00:00:00-04:00,15.078795244495643,15.165704727172852,15.035340503157038,15.165704727172852,364500,0.0,0.0
1999-08-18 00:00:00-04:00,15.078800640717887,15.122255397607564,14.839799477824663,14.90498161315918,479900,0.0,0.0
1999-08-19 00:00:00-04:00,14.839795104352943,15.100523568851091,14.796340360269918,15.057068824768066,290300,0.0,0.0
1999-08-20 00:00:00-04:00,15.143982958158304,15.491621017456056,15.078800822039975,15.491621017456055,522600,0.0,0.0
1999-08-23 00:00:00-04:00,15.469884254715659,15.491611620241946,15.274337964979084,15.296065330505371,336000,0.0,0.0
1999-08-24 00:00:00-04:00,15.38297521212936,15.469884676604668,15.296065747654053,15.44815731048584,552000,0.0,0.0
1999-08-25 00:00:00-04:00,15.55679084966471,15.817519187927246,15.513336126620954,15.817519187927246,449700,0.0,0.0
1999-08-26 00:00:00-04:00,15.817524316575794,15.817524316575794,15.621977999475268,15.643705368041992,426900,0.0,0.0
1999-08-27 00:00:00-04:00,15.64370803939119,15.752344900775851,15.578525922560393,15.621980667114258,407300,0.0,0.0
1999-08-30 00:00:00-04:00,15.600250604119099,15.643705341177927,15.426431655883789,15.426431655883789,271400,0.0,0.0
1999-08-31 00:00:00-04:00,15.426429523663087,15.535066351294518,15.2526105994528,15.296065330505371,228100,0.0,0.0
1999-09-01 00:00:00-04:00,15.20915966276053,15.404706001281738,15.16570492086693,15.404706001281738,647300,0.0,0.0
1999-09-02 00:00:00-04:00,15.25261746270316,15.317799588612148,15.165707961491176,15.209162712097168,542000,0.0,0.0
1999-09-03 00:00:00-04:00,15.296065747654053,15.51333940884232,15.296065747654053,15.44815731048584,845600,0.0,0.0
1999-09-07 00:00:00-04:00,15.42643103743215,15.42643103743215,15.078793154898468,15.143975257873535,312100,0.0,0.0
1999-09-08 00:00:00-04:00,15.057071105353268,15.143980606682868,14.948434228691267,15.100525856018066,408400,0.0,0.0
1999-09-09 00:00:00-04:00,15.013613885624116,15.31779709025326,14.948431770346442,15.252614974975586,328800,0.0,0.0
1999-09-10 00:00:00-04:00,15.296072213309152,15.317799588612148,15.122253210885184,15.209162712097168,574600,0.0,0.0
1999-09-13 00:00:00-04:00,15.165707961491176,15.209162712097168,15.10052583558219,15.209162712097168,195700,0.0,0.0
1999-09-14 00:00:00-04:00,15.165703179179758,15.165703179179758,14.991884231567383,14.991884231567383,231500,0.0,0.0
1999-09-15 00:00:00-04:00,15.078796196809579,15.165705684975627,15.013614080685041,15.057068824768066,257800,0.0,0.0
1999-09-16 00:00:00-04:00,15.078800640717887,15.100528019162725,14.818072099379824,14.90498161315918,261600,0.0,0.0
1999-09-17 00:00:00-04:00,14.904976466865158,15.187432289123535,14.883249095922206,15.187432289123535,608000,0.0,0.0
1999-09-20 00:00:00-04:00,15.013601511200038,15.143965634307419,15.013601511200038,15.03532886505127,186500,0.0,0.0
1999-09-21 00:00:00-04:00,14.948426008923663,14.970153372308726,14.796334465228218,14.818061828613281,264500,0.0,0.0
1999-09-22 00:00:00-04:00,14.818061828613281,14.904971282153536,14.752879738458091,14.818061828613281,271300,0.0,0.0
1999-09-23 00:00:00-04:00,14.774615732447497,14.774615732447497,14.426977715213438,14.492159843444824,278300,0.0,0.0
1999-09-24 00:00:00-04:00,14.405245394281108,14.62251908046936,14.340063288424632,14.361790657043457,250600,0.0,0.0
1999-09-27 00:00:00-04:00,14.296612906168741,14.513886658542127,14.296612906168741,14.426977157592773,320800,0.0,0.0
1999-09-28 00:00:00-04:00,14.340060761292532,14.426970220451881,13.905513465495789,14.187969207763672,366200,0.0,0.0
1999-09-29 00:00:00-04:00,14.187974543106266,14.383520899749385,14.166247170145919,14.253156661987305,212500,0.0,0.0
1999-09-30 00:00:00-04:00,14.253158155694065,14.579068784254142,14.253158155694065,14.426977157592773,513900,0.0,0.0
1999-10-01 00:00:00-04:00,14.405244669743947,14.644245712530045,14.296607832113903,14.600790977478027,364300,0.0,0.0
1999-10-04 00:00:00-04:00,14.60079213370264,14.970157410894522,14.60079213370264,14.731156349182129,861600,0.0,0.0
1999-10-05 00:00:00-04:00,14.752884667790578,14.861521521014367,14.42697410811921,14.513883590698242,771800,0.0,0.0
1999-10-06 00:00:00-04:00,14.557337568479804,14.579064937984997,14.209699656396705,14.53561019897461,577000,0.0,0.0
1999-10-07 00:00:00-04:00,14.535612123821853,14.62252161335143,14.187974165703542,14.209701538085938,291700,0.0,0.0
1999-10-08 00:00:00-04:00,14.209691793823241,14.209691793823241,13.557871069335937,13.579598426818848,809200,0.0,0.0
1999-10-11 00:00:00-04:00,13.55788864007517,13.644798182639756,12.927794456481934,12.927794456481934,1418500,0.0,0.0
1999-10-12 00:00:00-04:00,12.862603372407001,12.862603372407001,12.667057037353516,12.667057037353516,1384400,0.0,0.0
1999-10-13 00:00:00-04:00,12.86260220766887,12.884329576262905,12.601873784540446,12.645328521728516,1436000,0.0,0.0
1999-10-14 00:00:00-04:00,12.688778435623886,13.07987092165339,12.688778435623886,12.949506759643555,1251700,0.0,0.0
1999-10-15 00:00:00-04:00,12.971242355774134,12.971242355774134,12.732241240341109,12.797423362731934,424900,0.0,0.0
1999-10-18 00:00:00-04:00,12.797422019350172,13.101605225243047,12.775694647500682,13.079877853393555,896700,0.0,0.0
1999-10-19 00:00:00-04:00,13.145068312893395,13.210250469816833,12.884339685199642,12.927794456481934,507300,0.0,0.0
1999-10-20 00:00:00-04:00,12.971239260264804,13.036421367100306,12.732238201867967,12.7756929397583,487700,0.0,0.0
1999-10-21 00:00:00-04:00,12.753969005350367,12.81915112973887,12.667059506165698,12.7322416305542,424900,0.0,0.0
1999-10-22 00:00:00-04:00,12.710512541424883,12.862604144484669,12.710512541424883,12.75396728515625,368800,0.0,0.0
1999-10-25 00:00:00-04:00,12.68878649208056,12.90606023338331,12.68878649208056,12.797423362731934,334800,0.0,0.0
1999-10-26 00:00:00-04:00,12.797418789944407,12.949510354510808,12.797418789944407,12.819146156311035,256800,0.0,0.0
1999-10-27 00:00:00-04:00,12.862607130363806,13.18851778400478,12.862607130363806,13.101608276367188,325400,0.0,0.0
1999-10-28 00:00:00-04:00,13.384060668945311,13.405788040161132,13.27542381286621,13.362333297729492,322100,0.0,0.0
1999-10-29 00:00:00-04:00,13.449242009663934,13.536151489532521,13.275423049926758,13.275423049926758,364700,0.0,0.0
1999-11-01 00:00:00-05:00,13.166789613921067,13.297153867524246,13.079880111518948,13.231971740722656,173100,0.0,0.0
1999-11-02 00:00:00-05:00,13.210239587240661,13.514422735631072,13.123330116271973,13.123330116271973,207200,0.0,0.0
1999-11-03 00:00:00-05:00,13.166789428183908,13.275426304654072,13.079879927007775,13.210244178771973,293100,0.0,0.0
1999-11-04 00:00:00-05:00,13.2102420844905,13.231969456339993,12.884331506748136,13.079877853393555,296600,0.0,0.0
1999-11-05 00:00:00-05:00,13.297150413588723,13.340605153502413,13.166786193847658,13.166786193847656,325800,0.0,0.0
1999-11-08 00:00:00-05:00,13.210245001455847,13.340609261338635,12.94951648169027,12.971243858337402,615800,0.0,0.0
1999-11-09 00:00:00-05:00,13.036421367100306,13.036421367100306,12.732238201867967,12.7756929397583,572600,0.0,0.0
1999-11-10 00:00:00-05:00,12.732238201867967,12.7756929397583,12.688783463977632,12.7756929397583,583500,0.0,0.0
1999-11-11 00:00:00-05:00,12.77569598860166,12.840878110992485,12.580149621429184,12.797423362731934,309300,0.0,0.0
1999-11-12 00:00:00-05:00,12.797420308703467,12.92778452237447,12.732238201867967,12.7756929397583,1653200,0.0,0.0
1999-11-15 00:00:00-05:00,12.743946674986,12.854188428229824,12.65575327239094,12.765995025634766,436200,0.535,0.0
1999-11-16 00:00:00-05:00,12.920330938583426,12.920330938583426,12.699847475467669,12.74394416809082,450700,0.0,0.0
1999-11-17 00:00:00-05:00,12.765993217627207,12.788041565153334,12.699848175048828,12.699848175048828,553400,0.0,0.0
1999-11-18 00:00:00-05:00,12.721896522574955,12.74394487010108,12.677799827522701,12.699848175048828,381900,0.0,0.0
1999-11-19 00:00:00-05:00,12.699847824652027,12.743944518487623,12.677799477734228,12.721896171569824,544300,0.0,0.0
1999-11-22 00:00:00-05:00,12.699843285788953,12.699843285788953,12.523456573486328,12.523456573486328,979200,0.0,0.0
1999-11-23 00:00:00-05:00,12.501416923755801,12.523465278118687,12.280933380126951,12.280933380126953,396200,0.0,0.0
1999-11-24 00:00:00-05:00,12.302975308276674,12.413217022508542,12.280926965430298,12.325023651123047,544600,0.0,0.0
1999-11-26 00:00:00-05:00,12.30297565460205,12.32502399806908,12.280927311135022,12.30297565460205,122600,0.0,0.0
1999-11-29 00:00:00-05:00,12.258877814036016,12.258877814036016,11.862007668977295,11.950201034545898,452800,0.0,0.0
1999-11-30 00:00:00-05:00,12.08249807357788,12.413223385810852,12.060449719429016,12.17069149017334,1239900,0.0,0.0
1999-12-01 00:00:00-05:00,12.12659478187561,12.192739844322205,12.08249807357788,12.17069149017334,932500,0.0,0.0
1999-12-02 00:00:00-05:00,12.126594426187857,12.258884547200816,12.126594426187857,12.192739486694336,535300,0.0,0.0
1999-12-03 00:00:00-05:00,12.214786311558314,12.413221468244279,12.214786311558314,12.347076416015625,619500,0.0,0.0
1999-12-06 00:00:00-05:00,12.347076416015623,12.391173117501394,12.28093136378697,12.347076416015625,543700,0.0,0.0
1999-12-07 00:00:00-05:00,12.435269818987164,12.435269818987164,12.347076416015623,12.347076416015625,942700,0.0,0.0
1999-12-08 00:00:00-05:00,12.347079764167182,12.347079764167182,12.192741267115093,12.258886337280273,1055000,0.0,0.0
1999-12-09 00:00:00-05:00,12.280932900702975,12.280932900702975,12.148642779690016,12.192739486694336,644600,0.0,0.0
1999-12-10 00:00:00-05:00,12.23682861328125,12.23682861328125,11.994296875,12.1265869140625,418200,0.0,0.0
1999-12-13 00:00:00-05:00,12.038398040476562,12.038398040476562,11.862011256000715,11.977765083312988,512000,0.0,0.0
1999-12-14 00:00:00-05:00,11.99429928268517,12.060444315494095,11.928154249876243,11.972250938415527,523700,0.0,0.0
1999-12-15 00:00:00-05:00,11.97225595167274,12.192739486694336,11.950207598170579,12.192739486694336,1216800,0.0,0.0
1999-12-16 00:00:00-05:00,12.2588810079238,12.2588810079238,11.994300842285156,11.994300842285156,589600,0.0,0.0
1999-12-17 00:00:00-05:00,11.906105995178223,12.060444406226829,11.839960961871675,11.906105995178223,1259500,0.0,0.0
1999-12-20 00:00:00-05:00,11.906107011502677,12.126590474678652,11.906107011502677,12.082493782043457,685900,0.0,0.0
1999-12-21 00:00:00-05:00,12.082496207101004,12.391173117501394,12.060447856358119,12.347076416015625,825000,0.0,0.0
1999-12-22 00:00:00-05:00,12.280921994563904,12.280921994563904,12.192728658875833,12.214776992797852,647900,0.0,0.0
1999-12-23 00:00:00-05:00,12.302976170468584,12.435266236817709,12.280927826077065,12.391169548034668,175400,0.0,0.0
1999-12-27 00:00:00-05:00,12.413217544555664,12.479362575876564,12.39116920078203,12.413217544555664,435600,0.0,0.0
1999-12-28 00:00:00-05:00,12.391169548034668,12.501411269992271,12.391169548034668,12.391169548034668,506000,0.0,0.0
1999-12-29 00:00:00-05:00,12.413224834332363,12.413224834332363,12.258886337280273,12.258886337280273,381800,0.0,0.0
1999-12-30 00:00:00-05:00,12.258878967667993,12.347072341536109,12.258878967667993,12.30297565460205,413400,0.0,0.0
1999-12-31 00:00:00-05:00,12.325029969215393,12.325029969215393,12.17069149017334,12.17069149017334,105000,0.0,0.0
2000-01-03 00:00:00-05:00,12.126589439533374,12.148637783968889,11.906105995178223,11.906105995178223,581900,0.0,0.0
2000-01-04 00:00:00-05:00,11.83995950723261,12.10453960795289,11.83995950723261,12.060442924499512,602400,0.0,0.0
2000-01-05 00:00:00-05:00,12.126594323378342,12.655754802943942,12.126594323378342,12.611658096313477,817800,0.0,0.0
2000-01-06 00:00:00-05:00,12.435269979906332,12.655753490188358,12.369124926821723,12.633705139160156,680900,0.0,0.0
2000-01-07 00:00:00-05:00,12.63370278389863,12.765992865405423,12.567557743145235,12.721896171569824,391100,0.0,0.0
2000-01-10 00:00:00-05:00,12.743943058299,12.743943058299,12.347072859251627,12.391169548034668,481700,0.0,0.0
2000-01-11 00:00:00-05:00,12.391168587437127,12.43526527280167,12.104540132567584,12.148636817932129,544600,0.0,0.0
2000-01-12 00:00:00-05:00,12.148642779690016,12.347077961209454,12.126594426187857,12.192739486694336,749000,0.0,0.0
2000-01-13 00:00:00-05:00,12.302977245219433,12.302977245219433,11.994300396773067,12.082493782043457,452600,0.0,0.0
2000-01-14 00:00:00-05:00,12.038398346343598,12.126591740822306,11.839963208766505,11.88405990600586,646700,0.0,0.0
2000-01-18 00:00:00-05:00,11.729723678238091,11.79586873657402,11.465143444894375,11.50924015045166,740500,0.0,0.0
2000-01-19 00:00:00-05:00,11.597428153332014,11.817911578300302,11.575379810835186,11.729718208312988,453700,0.0,0.0
2000-01-20 00:00:00-05:00,11.729722236952401,11.77381893709132,11.575383786466185,11.597432136535645,526300,0.0,0.0
2000-01-21 00:00:00-05:00,11.685619815989801,12.082489922947946,11.641523137438897,11.839958190917969,695400,0.0,0.0
2000-01-24 00:00:00-05:00,12.126590925104479,12.170687619377587,11.994300842285156,11.994300842285156,643500,0.0,0.0
2000-01-25 00:00:00-05:00,12.038401365280151,12.08249807357788,11.597434282302856,11.641530990600586,492000,0.0,0.0
2000-01-26 00:00:00-05:00,11.729720676646513,11.994300842285156,11.6415272881003,11.994300842285156,341600,0.0,0.0
2000-01-27 00:00:00-05:00,11.994299911871188,12.082493293576123,11.575381348772746,11.751768112182617,469300,0.0,0.0
2000-01-28 00:00:00-05:00,11.751767517280213,11.928154271760967,11.465139041248989,11.487187385559082,631600,0.0,0.0
2000-01-31 00:00:00-05:00,11.509232180068416,11.597425530107254,11.398990492519868,11.531280517578125,555800,0.0,0.0
2000-02-01 00:00:00-05:00,11.553335436396726,11.663577186744023,11.46514203611889,11.597432136535645,626500,0.0,0.0
2000-02-02 00:00:00-05:00,11.597435246981108,11.641531958946816,11.399000043135423,11.465145111083984,394000,0.0,0.0
2000-02-03 00:00:00-05:00,11.487192629859562,11.685627819242931,11.465144275483631,11.575386047363281,1015300,0.0,0.0
2000-02-04 00:00:00-05:00,11.575384472691736,11.59743282406829,11.156465796537178,11.376949310302734,864300,0.0,0.0
2000-02-07 00:00:00-05:00,11.398993847157694,11.421042191156065,11.134413719177246,11.134413719177246,467400,0.0,0.0
2000-02-08 00:00:00-05:00,11.068273782730103,11.156467199325562,11.002128720283508,11.112370491027832,578900,0.0,0.0
2000-02-09 00:00:00-05:00,11.090314865112305,11.178508223880595,11.046218185728161,11.090314865112305,845300,0.0,0.0
2000-02-10 00:00:00-05:00,11.090318484952736,11.310801953838476,11.090318484952736,11.22260856628418,690400,0.0,0.0
2000-02-11 00:00:00-05:00,11.266705414664422,11.332850456237793,11.244657067473298,11.332850456237793,1652100,0.0,0.0
2000-02-14 00:00:00-05:00,11.393854919433593,11.438712615966796,11.147137588500977,11.214424133300781,1234200,0.545,0.0
2000-02-15 00:00:00-05:00,11.214426105890716,11.25928381031428,11.12471069704359,11.147139549255371,389600,0.0,0.0
2000-02-16 00:00:00-05:00,11.102281293810986,11.102281293810986,10.92285048502212,11.05742359161377,349700,0.0,0.0
2000-02-17 00:00:00-05:00,11.057422460653843,11.057422460653843,10.451843542930407,10.49670124053955,1465300,0.0,0.0
2000-02-18 00:00:00-05:00,10.496699600219728,10.496699600219728,10.04812269422743,10.09298038482666,1251200,0.0,0.0
2000-02-22 00:00:00-05:00,10.137838457731924,10.137838457731924,9.980836534713951,10.003265380859375,961700,0.0,0.0
2000-02-23 00:00:00-05:00,10.025693353739653,10.025693353739653,9.868691444396973,9.868691444396973,1122900,0.0,0.0
2000-02-24 00:00:00-05:00,9.86869161374101,9.891120458317694,9.442543566784012,9.5995454788208,1128600,0.0,0.0
2000-02-25 00:00:00-05:00,9.599549505192796,9.778980337065558,9.397689819335938,9.397689819335938,854600,0.0,0.0
2000-02-28 00:00:00-05:00,9.599550621694625,9.98084118377128,9.509835195323648,9.82383918762207,1126000,0.0,0.0
2000-02-29 00:00:00-05:00,9.801407418283475,9.980838217702852,9.778978568356052,9.891122817993164,609200,0.0,0.0
2000-03-01 00:00:00-05:00,9.958411783666655,10.003269494403892,9.621978953137376,9.734123229980469,723200,0.0,0.0
2000-03-02 00:00:00-05:00,9.689264839942302,9.84626681651544,9.689264839942302,9.778980255126953,551900,0.0,0.0
2000-03-03 00:00:00-05:00,9.868696900807558,10.003270040364026,9.77898147443658,9.82383918762207,415500,0.0,0.0
2000-03-06 00:00:00-05:00,9.823833135374585,9.913548506473896,9.666831235950792,9.846261978149414,1350400,0.0,0.0
2000-03-07 00:00:00-05:00,9.8686945815971,10.025696540849781,9.846265730275288,9.913552284240723,628000,0.0,0.0
2000-03-08 00:00:00-05:00,9.868691444396973,10.025693353739653,9.82383375601335,9.868691444396973,864200,0.0,0.0
2000-03-09 00:00:00-05:00,9.913549132780595,9.935977976972406,9.778976067629728,9.868691444396973,404300,0.0,0.0
2000-03-10 00:00:00-05:00,9.868690820924241,9.891119663699069,9.823833135374585,9.846261978149414,395000,0.0,0.0
2000-03-13 00:00:00-05:00,9.778980720123911,9.935982704162598,9.778980720123911,9.935982704162598,512900,0.0,0.0
2000-03-14 00:00:00-05:00,9.8686945815971,9.980838838206157,9.823836878953477,9.913552284240723,473700,0.0,0.0
2000-03-15 00:00:00-05:00,9.868692308024787,10.451842308044434,9.868692308024787,10.451842308044434,790100,0.0,0.0
2000-03-16 00:00:00-05:00,11.12470817565918,11.214423564172561,10.788275468734003,11.12470817565918,1198300,0.0,0.0
2000-03-17 00:00:00-05:00,11.124709865469068,11.124709865469068,10.96770791172253,11.012565612792969,798100,0.0,0.0
2000-03-20 00:00:00-05:00,10.945279061187309,11.10228101493385,10.92285021065209,11.012565612792969,535200,0.0,0.0
2000-03-21 00:00:00-05:00,11.034991639559387,11.147135863538649,10.78827434680501,10.945276260375977,575300,0.0,0.0
2000-03-22 00:00:00-05:00,10.855563111000873,10.855563111000873,10.474272671151668,10.541559219360352,300100,0.0,0.0
2000-03-23 00:00:00-05:00,10.563989710511015,10.810707092285156,10.519132004733898,10.810707092285156,397300,0.0,0.0
2000-03-24 00:00:00-05:00,10.788276274998982,10.810705123803555,10.406985845321262,10.49670124053955,1796000,0.0,0.0
2000-03-27 00:00:00-05:00,10.317269561111285,10.519129182959116,10.317269561111285,10.429413795471191,636100,0.0,0.0
2000-03-28 00:00:00-05:00,10.406988285514466,10.451845993641683,10.205128598941986,10.272415161132812,761300,0.0,0.0
2000-03-29 00:00:00-05:00,10.317270837981125,10.496701635163406,10.29484198833334,10.406986236572266,603600,0.0,0.0
2000-03-30 00:00:00-05:00,10.451842308044434,10.608844231126646,10.339698077271425,10.451842308044434,491900,0.0,0.0
2000-03-31 00:00:00-05:00,10.54155769266284,10.54155769266284,10.317269231116823,10.451842308044434,553200,0.0,0.0
2000-04-03 00:00:00-04:00,10.451843935867835,10.563988184106762,10.362128537276696,10.406986236572266,798300,0.0,0.0
2000-04-04 00:00:00-04:00,10.429417183680563,10.833136558532715,10.406988329522111,10.833136558532715,1021600,0.0,0.0
2000-04-05 00:00:00-04:00,10.76585109878636,11.012568519800213,10.608849103595725,10.698564529418945,565800,0.0,0.0
2000-04-06 00:00:00-04:00,10.76585109878636,10.833137668153775,10.67613567296314,10.698564529418945,373800,0.0,0.0
2000-04-07 00:00:00-04:00,10.698565220079924,10.743422935887386,10.586420930561266,10.653707504272461,375000,0.0,0.0
2000-04-10 00:00:00-04:00,10.653707080195991,10.855566793294441,10.653707080195991,10.743422508239746,859600,0.0,0.0
2000-04-11 00:00:00-04:00,10.810709868755536,11.057427313893111,10.765852151457796,10.877996444702148,2577100,0.0,0.0
2000-04-12 00:00:00-04:00,10.967711104178916,11.236857388944042,10.945282247115154,10.990139961242676,452300,0.0,0.0
2000-04-13 00:00:00-04:00,10.99013668217071,11.618144492580464,10.99013668217071,11.461142539978027,409700,0.0,0.0
2000-04-14 00:00:00-04:00,11.3938536120508,11.550855531901894,11.19199400081368,11.236851692199707,615700,0.0,0.0
2000-04-17 00:00:00-04:00,11.169567485144926,11.528429091093358,11.057423233286041,11.461142539978027,750800,0.0,0.0
2000-04-18 00:00:00-04:00,11.438711077667946,11.64057068492091,11.416282232417617,11.573284149169922,672000,0.0,0.0
2000-04-19 00:00:00-04:00,11.550861542041485,11.75272125831017,11.438717255225548,11.663005828857422,590600,0.0,0.0
2000-04-20 00:00:00-04:00,11.662999966194139,11.864859580993652,11.618142274016469,11.864859580993652,448900,0.0,0.0
2000-04-24 00:00:00-04:00,11.887289843113303,12.470439910888672,11.887289843113303,12.470439910888672,526900,0.0,0.0
2000-04-25 00:00:00-04:00,12.470439040869996,12.896587137590375,12.313437110499331,12.784442901611328,642000,0.0,0.0
2000-04-26 00:00:00-04:00,12.806869925997733,13.210589118060708,12.762012237990735,13.165731430053711,700600,0.0,0.0
2000-04-27 00:00:00-04:00,13.031160637608524,13.188162573001398,12.96387409386872,13.076018333435059,813300,0.0,0.0
2000-04-28 00:00:00-04:00,13.07601836561945,13.143304909524868,12.560154862344584,12.62744140625,856600,0.0,0.0
2000-05-01 00:00:00-04:00,12.582587459812993,12.605016314465066,12.20129693072775,12.380727767944336,836600,0.0,0.0
2000-05-02 00:00:00-04:00,12.335869730735311,12.51530056318237,12.066723482064722,12.089152336120605,310100,0.0,0.0
2000-05-03 00:00:00-04:00,12.066725730895996,12.089154589131862,11.932152581480798,12.066725730895996,312700,0.0,0.0
2000-05-04 00:00:00-04:00,11.999435450861363,12.51529903099185,11.820004640381192,12.31343936920166,622500,0.0,0.0
2000-05-05 00:00:00-04:00,12.246150686460382,12.246150686460382,12.021862212349387,12.201292991638184,174200,0.0,0.0
2000-05-08 00:00:00-04:00,12.156439221423604,12.806876006333724,12.089152657467386,12.380727767944336,420900,0.0,0.0
2000-05-09 00:00:00-04:00,12.291008949279785,12.358295494622556,12.111578161699057,12.291008949279785,538400,0.0,0.0
2000-05-10 00:00:00-04:00,12.291005069168037,12.470435800104795,12.22371854506675,12.425578117370605,683100,0.0,0.0
2000-05-11 00:00:00-04:00,12.403156408014144,12.627444950654546,12.335869845222025,12.582587242126465,385600,0.0,0.0
2000-05-12 00:00:00-04:00,12.537732296783282,12.582590015197534,12.358301423126276,12.403159141540527,1822500,0.0,0.0
2000-05-15 00:00:00-04:00,12.396776005841684,12.738598873649819,12.396776005841684,12.579081535339355,338100,0.545,0.0
2000-05-16 00:00:00-04:00,12.487927901257368,12.510716090858203,12.077740488442346,12.260046005249023,721400,0.0,0.0
2000-05-17 00:00:00-04:00,12.214471274155837,12.214471274155837,11.735919227966896,11.849860191345215,439400,0.0,0.0
2000-05-18 00:00:00-04:00,11.941017150878906,12.2144755589143,11.872652548870057,11.941017150878906,394800,0.0,0.0
2000-05-19 00:00:00-04:00,11.89543086491274,12.260041772649528,11.89543086491274,12.168889045715332,1057200,0.0,0.0
2000-05-22 00:00:00-04:00,12.168890002915246,12.419560021701889,12.146101819389187,12.328407287597656,565300,0.0,0.0
2000-05-23 00:00:00-04:00,12.328405620460224,12.328405620460224,11.963794733348646,12.123311996459961,415100,0.0,0.0
2000-05-24 00:00:00-04:00,12.214466502921441,12.419560156888407,12.032161032728585,12.146101951599121,439900,0.0,0.0
2000-05-25 00:00:00-04:00,12.054952564165575,12.054952564165575,11.667553332424903,11.758706092834473,828100,0.0,0.0
2000-05-26 00:00:00-04:00,11.758707420642558,12.032165732750526,11.735919227966896,11.849860191345215,437900,0.0,0.0
2000-05-30 00:00:00-04:00,11.895433585467504,11.895433585467504,11.530822594342064,11.713128089904785,335700,0.0,0.0
2000-05-31 00:00:00-04:00,11.713128871844646,12.009375321910754,11.713128871844646,11.895434379577637,393200,0.0,0.0
2000-06-01 00:00:00-04:00,11.91822256804426,11.963798944977507,11.713128871844646,11.895434379577637,320300,0.0,0.0
2000-06-02 00:00:00-04:00,11.872647043346435,11.895435233448827,11.667553332424903,11.758706092834473,383900,0.0,0.0
2000-06-05 00:00:00-04:00,11.69033868569302,11.71312687026552,11.394092286250507,11.439668655395508,476500,0.0,0.0
2000-06-06 00:00:00-04:00,11.485244076472135,11.75870226876909,11.394091345706483,11.5991849899292,486600,0.0,0.0
2000-06-07 00:00:00-04:00,11.64476571045816,11.758706666529179,11.599189328029752,11.667553901672363,489900,0.0,0.0
2000-06-08 00:00:00-04:00,11.667551716014104,12.009374520194205,11.439669846560705,11.713128089904785,732800,0.0,0.0
2000-06-09 00:00:00-04:00,11.713131178780557,11.963801301283643,11.713131178780557,11.827072143554688,368000,0.0,0.0
2000-06-12 00:00:00-04:00,11.895434085791711,12.05495140111842,11.872645897887896,12.020769119262695,509700,0.0,0.0
2000-06-13 00:00:00-04:00,12.032163339290978,12.373986161429926,11.941010586720592,12.077739715576172,481900,0.0,0.0
2000-06-14 00:00:00-04:00,12.05495132625453,12.05495132625453,11.621975758770908,11.644763946533203,459700,0.0,0.0
2000-06-15 00:00:00-04:00,11.69034051715203,12.14610428000396,11.69034051715203,12.077739715576172,744500,0.0,0.0
2000-06-16 00:00:00-04:00,12.032165880148122,12.21447142378673,11.713131178780557,11.827072143554688,951000,0.0,0.0
2000-06-19 00:00:00-04:00,11.827072288999227,11.986589641644688,11.758707709294029,11.80428409576416,460200,0.0,0.0
2000-06-20 00:00:00-04:00,11.849854999534742,11.849854999534742,11.5991849899292,11.5991849899292,655800,0.0,0.0
2000-06-21 00:00:00-04:00,11.621977519243956,11.804283048957586,11.621977519243956,11.667553901672363,643900,0.0,0.0
2000-06-22 00:00:00-04:00,11.690338268846569,11.713126452606502,11.394091879967416,11.50803279876709,820500,0.0,0.0
2000-06-23 00:00:00-04:00,11.50803279876709,11.621973717566764,11.462456431247219,11.50803279876709,441500,0.0,0.0
2000-06-26 00:00:00-04:00,11.599183345922587,11.667547884307199,11.462454269153362,11.553606986999512,515400,0.0,0.0
2000-06-27 00:00:00-04:00,11.485243908466737,11.530820273182874,11.052268443663428,11.143421173095703,491400,0.0,0.0
2000-06-28 00:00:00-04:00,11.097845622471402,11.576397487095425,10.938328334263394,11.405486106872559,811100,0.0,0.0
2000-06-29 00:00:00-04:00,11.394097553036078,11.804285064945377,11.2117919921875,11.2117919921875,596700,0.0,0.0
2000-06-30 00:00:00-04:00,11.211786825445634,11.576397779118663,10.795902456412335,10.801599502563477,971300,0.0,0.0
2000-07-03 00:00:00-04:00,10.869967265964783,11.302942901296714,10.869967265964783,11.05227279663086,330700,0.0,0.0
2000-07-05 00:00:00-04:00,11.21178884930939,11.439670736490474,11.189000660591281,11.257365226745605,1064500,0.0,0.0
2000-07-06 00:00:00-04:00,11.325727732533002,11.46245683996801,11.302939547960502,11.439668655395508,459700,0.0,0.0
2000-07-07 00:00:00-04:00,11.348518194417236,11.576400085871398,11.348518194417236,11.530823707580566,531900,0.0,0.0
2000-07-10 00:00:00-04:00,11.576396008834097,11.82706600115137,11.576396008834097,11.735913276672363,329200,0.0,0.0
2000-07-11 00:00:00-04:00,11.667548733313106,11.735913276672363,11.553607827714345,11.735913276672363,313400,0.0,0.0
2000-07-12 00:00:00-04:00,11.713128934695026,11.735917123283926,11.530823425983819,11.576399803161621,448200,0.0,0.0
2000-07-13 00:00:00-04:00,11.576396272893538,11.690337181091309,11.394090819777105,11.690337181091309,169700,0.0,0.0
2000-07-14 00:00:00-04:00,11.644761901326698,11.827067371406176,11.439668247487285,11.50803279876709,318500,0.0,0.0
2000-07-17 00:00:00-04:00,11.4396709509989,11.644764653307647,11.428276856426193,11.530823707580566,265500,0.0,0.0
2000-07-18 00:00:00-04:00,11.508035237394918,11.713128934695026,11.485247048806018,11.576399803161621,477400,0.0,0.0
2000-07-19 00:00:00-04:00,11.599190356648567,11.849860482234293,11.599190356648567,11.80428409576416,753700,0.0,0.0
2000-07-20 00:00:00-04:00,11.827072502585018,11.827072502585018,11.50803779153263,11.621978759765625,481000,0.0,0.0
2000-07-21 00:00:00-04:00,11.576397350046895,11.644761901326698,11.485244615007154,11.50803279876709,479200,0.0,0.0
2000-07-24 00:00:00-04:00,11.508033073717549,11.508033073717549,11.14342212484729,11.302939414978027,399000,0.0,0.0
2000-07-25 00:00:00-04:00,11.302941042735394,11.553611106183155,11.257364667563074,11.348517417907715,257600,0.0,0.0
2000-07-26 00:00:00-04:00,11.302942216766548,11.348518596672864,10.98390755742233,11.006695747375488,1068300,0.0,0.0
2000-07-27 00:00:00-04:00,11.075056760037532,11.211785855840464,11.05226857740371,11.120633125305176,346800,0.0,0.0
2000-07-28 00:00:00-04:00,11.120636268898293,11.166212647049516,11.02948351259585,11.07505989074707,188600,0.0,0.0
2000-07-31 00:00:00-04:00,11.234578327296935,11.234578327296935,11.00669641396434,11.05227279663086,407200,0.0,0.0
2000-08-01 00:00:00-04:00,11.05227152828263,11.302941604181823,11.05227152828263,11.257365226745605,426000,0.0,0.0
2000-08-02 00:00:00-04:00,11.25736698959813,11.439672527891217,11.234578797311494,11.280155181884766,782200,0.0,0.0
2000-08-03 00:00:00-04:00,11.37130911433515,11.644767449750024,11.37130911433515,11.582099914550781,659900,0.0,0.0
2000-08-04 00:00:00-04:00,11.508037583708303,11.80428409576416,11.30294384459271,11.80428409576416,988300,0.0,0.0
2000-08-07 00:00:00-04:00,11.75870614872087,12.060649669012637,11.690341578088772,12.054952621459961,799300,0.0,0.0
2000-08-08 00:00:00-04:00,12.351198763652361,12.351198763652361,12.054952298841512,12.260046005249023,721100,0.0,0.0
2000-08-09 00:00:00-04:00,12.191681659015442,12.260046229065997,12.123317088964889,12.18598461151123,754400,0.0,0.0
2000-08-10 00:00:00-04:00,12.168886779785156,12.214463134765625,12.077734069824219,12.106219291687012,712900,0.0,0.0
2000-08-11 00:00:00-04:00,12.123310342009665,12.35119211535571,12.10052216467506,12.288524627685547,2130700,0.0,0.0
2000-08-14 00:00:00-04:00,12.276252098870769,12.46155401734429,12.114112920206438,12.34574031829834,1090600,0.545,0.0
2000-08-15 00:00:00-04:00,12.253095536520988,12.415234796928637,12.137281779086951,12.22993278503418,460100,0.0,0.0
2000-08-16 00:00:00-04:00,12.04462874368663,12.114116986438667,11.951977753350578,11.957768440246582,1014300,0.0,0.0
2000-08-17 00:00:00-04:00,11.951977349817753,11.951977349817753,11.766675375401974,11.859326362609863,768100,0.0,0.0
2000-08-18 00:00:00-04:00,11.83616220005707,12.044626896339874,11.720348479899954,11.975138664245605,870600,0.0,0.0
2000-08-21 00:00:00-04:00,11.951976094124126,11.951976094124126,11.674023161702634,11.789836883544922,400700,0.0,0.0
2000-08-22 00:00:00-04:00,11.743511101945115,11.789836589526752,11.604534639200203,11.720348358154297,362600,0.0,0.0
2000-08-23 00:00:00-04:00,11.650864539787785,11.928817570558069,11.604539034659403,11.882492065429688,366000,0.0,0.0
2000-08-24 00:00:00-04:00,11.812997760772705,11.836160501480103,11.58137035369873,11.58137035369873,352000,0.0,0.0
2000-08-25 00:00:00-04:00,11.581370962718674,11.581370962718674,11.164441608060802,11.280255317687988,427700,0.0,0.0
2000-08-28 00:00:00-04:00,11.303417067373953,11.62769542586419,11.280254327481794,11.48871898651123,460900,0.0,0.0
2000-08-29 00:00:00-04:00,11.535041797380506,11.558204531913399,11.326577186584473,11.326577186584473,360700,0.0,0.0
2000-08-30 00:00:00-04:00,11.257092373711721,11.67402172088623,11.257092373711721,11.67402172088623,1300300,0.0,0.0
2000-08-31 00:00:00-04:00,11.604532241821289,11.766671414860708,11.581369502815658,11.604532241821289,581900,0.0,0.0
2000-09-01 00:00:00-04:00,11.6276967178062,11.65085946027195,11.558208490408953,11.56399917602539,398100,0.0,0.0
2000-09-05 00:00:00-04:00,11.558208698862453,11.88248709923134,11.558208698862453,11.836161613464355,323200,0.0,0.0
2000-09-06 00:00:00-04:00,11.836162867436883,12.183604047498632,11.836162867436883,12.13727855682373,575000,0.0,0.0
2000-09-07 00:00:00-04:00,12.137274845668248,12.206763060433524,11.975135677882603,12.16043758392334,318800,0.0,0.0
2000-09-08 00:00:00-04:00,12.160439096438656,12.762670365976572,12.160439096438656,12.727926254272461,945000,0.0,0.0
2000-09-11 00:00:00-04:00,12.693184038758226,13.11011344149116,12.67002129416195,12.953764915466309,875900,0.0,0.0
2000-09-12 00:00:00-04:00,12.971136655738885,13.156438607963727,12.693183727401623,12.878485679626465,575600,0.0,0.0
2000-09-13 00:00:00-04:00,12.971135189658717,13.179599862349662,12.670019551327355,12.762670516967773,368800,0.0,0.0
2000-09-14 00:00:00-04:00,12.716346249860875,12.716346249860875,12.461556069991166,12.600532531738281,385100,0.0,0.0
2000-09-15 00:00:00-04:00,12.69318516184143,13.017463614881175,12.577371428612949,12.768464088439941,804800,0.0,0.0
2000-09-18 00:00:00-04:00,12.947973356277812,12.947973356277812,12.484718495588087,12.525253295898438,785000,0.0,0.0
2000-09-19 00:00:00-04:00,12.461552844433685,12.484715582062744,12.114111779997803,12.299413681030273,678100,0.0,0.0
2000-09-20 00:00:00-04:00,12.206762313842773,12.392064208550064,11.928809471781836,12.206762313842773,631600,0.0,0.0
2000-09-21 00:00:00-04:00,12.206765233779967,12.41522991519177,11.789835870956363,11.998300552368164,1187300,0.0,0.0
2000-09-22 00:00:00-04:00,11.928810201372418,12.415227704729352,11.882484724862234,12.16043758392334,312100,0.0,0.0
2000-09-25 00:00:00-04:00,12.16043758392334,12.229925798688615,12.044623892647879,12.16043758392334,497900,0.0,0.0
2000-09-26 00:00:00-04:00,12.18360314649694,12.600532531738281,12.160440402872421,12.600532531738281,711400,0.0,0.0
2000-09-27 00:00:00-04:00,12.600538709568447,12.739515239453393,12.276260139836905,12.722143173217773,438200,0.0,0.0
2000-09-28 00:00:00-04:00,12.716348270101285,12.947975743145024,12.461558049753172,12.623697280883789,371800,0.0,0.0
2000-09-29 00:00:00-04:00,12.554209156167316,12.785836631373355,12.554209156167316,12.652650833129883,345400,0.0,0.0
2000-10-02 00:00:00-04:00,12.623698208783125,12.855325698852539,12.39207071871371,12.855325698852539,433100,0.0,0.0
2000-10-03 00:00:00-04:00,12.739503955489155,12.855317627811784,12.415225672985796,12.55420207977295,677400,0.0,0.0
2000-10-04 00:00:00-04:00,12.50788102753897,12.739508453974876,12.114114402597927,12.253090858459473,665200,0.0,0.0
2000-10-05 00:00:00-04:00,12.044626037126344,12.39206717281268,11.975137809989075,11.998300552368164,824500,0.0,0.0
2000-10-06 00:00:00-04:00,12.044626896339874,12.206766104559835,11.905650432151338,11.975138664245605,561600,0.0,0.0
2000-10-09 00:00:00-04:00,11.998300552368164,12.11411426426361,11.882486840472719,11.998300552368164,301700,0.0,0.0
2000-10-10 00:00:00-04:00,12.044627575473932,12.36890601019823,12.021464830136482,12.13727855682373,578400,0.0,0.0
2000-10-11 00:00:00-04:00,12.183604058254971,12.392068766476063,12.067790331465476,12.368906021118164,630500,0.0,0.0
2000-10-12 00:00:00-04:00,12.276258288007794,12.461560299902251,11.998305270166108,12.22993278503418,487100,0.0,0.0
2000-10-13 00:00:00-04:00,12.229925050681183,12.368901471711652,12.090948629650716,12.206762313842773,261700,0.0,0.0
2000-10-16 00:00:00-04:00,12.253090858459473,12.50788102753897,12.090951659954337,12.253090858459473,300300,0.0,0.0
2000-10-17 00:00:00-04:00,12.25309228351098,12.36890601019823,12.067790320811381,12.13727855682373,281800,0.0,0.0
2000-10-18 00:00:00-04:00,12.206769852583852,12.415234612874658,11.882491336575931,12.18360710144043,1017200,0.0,0.0
2000-10-19 00:00:00-04:00,12.090949879052506,12.600530142154335,11.905647965197295,12.276251792907715,1534800,0.0,0.0
2000-10-20 00:00:00-04:00,12.206763060433524,12.322576751708983,12.090949369158063,12.16043758392334,789600,0.0,0.0
2000-10-23 00:00:00-04:00,12.137276498894943,12.438392137226307,12.137276498894943,12.322578430175781,475900,0.0,0.0
2000-10-24 00:00:00-04:00,12.345743940850504,12.60053415351346,12.345743940850504,12.531045913696289,870500,0.0,0.0
2000-10-25 00:00:00-04:00,12.55420207977295,12.785829424418207,12.5078766108439,12.55420207977295,767200,0.0,0.0
2000-10-26 00:00:00-04:00,12.50787949696267,12.600530456199431,12.322577578489149,12.34574031829834,461500,0.0,0.0
2000-10-27 00:00:00-04:00,12.322578430175781,12.78583325837788,12.276252947355573,12.762670516967773,882600,0.0,0.0
2000-10-30 00:00:00-05:00,12.808992708256815,13.11010826921041,12.808992708256815,13.086945533752441,557500,0.0,0.0
2000-10-31 00:00:00-05:00,12.994295330284755,13.133271750929513,12.832156172865872,13.040620803833008,527600,0.0,0.0
2000-11-01 00:00:00-05:00,13.040626427510402,13.388067628953841,12.971138187221714,13.249091148376465,473400,0.0,0.0
2000-11-02 00:00:00-05:00,13.133271750929513,13.179597224477764,13.017458067058882,13.040620803833008,571800,0.0,0.0
2000-11-03 00:00:00-05:00,13.040619311794158,13.225921184785904,12.85531743880241,12.924805641174316,420800,0.0,0.0
2000-11-06 00:00:00-05:00,12.924810508496005,13.249088908350744,12.901647765649239,12.947973251342773,549700,0.0,0.0
2000-11-07 00:00:00-05:00,12.94797457924372,12.994300069688242,12.693184381798853,12.808998107910156,346800,0.0,0.0
2000-11-08 00:00:00-05:00,12.670023889045098,13.08695337716724,12.62369839036486,12.901651382446289,692000,0.0,0.0
2000-11-09 00:00:00-05:00,12.901647765649239,13.040624222729841,12.785834051415403,12.947973251342773,309400,0.0,0.0
2000-11-10 00:00:00-05:00,12.971130290501554,13.249083082440873,12.971130290501554,13.156432151794434,2605100,0.0,0.0
2000-11-13 00:00:00-05:00,13.220423207866201,13.432138170269752,13.00870824546265,13.079279899597168,743700,0.545,0.0
2000-11-14 00:00:00-05:00,13.032233880989716,13.032233880989716,12.820518890143314,12.844042778015137,561300,0.0,0.0
2000-11-15 00:00:00-05:00,12.84404269351235,13.173377121551129,12.84404269351235,13.008709907531738,553600,0.0,0.0
2000-11-16 00:00:00-05:00,13.10280089098861,13.314515806641925,13.079277011471573,13.24394416809082,437700,0.0,0.0
2000-11-17 00:00:00-05:00,13.173376096712126,13.455662727355957,13.173376096712126,13.455662727355957,640200,0.0,0.0
2000-11-20 00:00:00-05:00,13.502712318934307,13.667379542335945,13.385092873647423,13.620331764221191,534300,0.0,0.0
2000-11-21 00:00:00-05:00,13.620324810414125,13.714420318603516,13.385086039940653,13.714420318603516,472200,0.0,0.0
2000-11-22 00:00:00-05:00,13.71442961253513,14.067288007368795,13.690905719546217,14.043764114379883,620800,0.0,0.0
2000-11-24 00:00:00-05:00,14.114326758672728,14.114326758672728,13.94965961315488,14.020231246948242,261200,0.0,0.0
2000-11-27 00:00:00-05:00,13.832040522648738,13.879088279528496,13.667373373569585,13.761468887329102,498700,0.0,0.0
2000-11-28 00:00:00-05:00,13.784996126307247,13.973187199703935,13.643852821259733,13.902615547180176,622600,0.0,0.0
2000-11-29 00:00:00-05:00,13.8555653003699,14.278995139769998,13.832041420403229,14.090804100036621,500500,0.0,0.0
2000-11-30 00:00:00-05:00,14.067279002810485,14.184898392466092,13.996707369017122,14.020231246948242,582800,0.0,0.0
2000-12-01 00:00:00-05:00,14.043764114379883,14.114335793346616,13.832049077479684,14.043764114379883,613100,0.0,0.0
2000-12-04 00:00:00-05:00,14.020230691164535,14.420136600140705,14.020230691164535,14.20842170715332,357600,0.0,0.0
2000-12-05 00:00:00-05:00,14.184902157275205,14.20842604144979,13.808520010481834,13.902615547180176,469200,0.0,0.0
2000-12-06 00:00:00-05:00,13.832042694091797,13.996709869021462,13.573279990630896,13.832042694091797,624900,0.0,0.0
2000-12-07 00:00:00-05:00,13.832042694091797,14.06728151541989,13.78499492982618,13.832042694091797,283600,0.0,0.0
2000-12-08 00:00:00-05:00,13.573281842801306,13.596805728144115,13.479186301430067,13.549757957458496,685500,0.0,0.0
2000-12-11 00:00:00-05:00,13.643852692447888,13.643852692447888,13.267470549207946,13.50270938873291,587700,0.0,0.0
2000-12-12 00:00:00-05:00,13.526233673095703,13.714424750286598,13.50270978844684,13.526233673095703,341100,0.0,0.0
2000-12-13 00:00:00-05:00,13.502714891984876,13.526238785524919,13.314523743664529,13.432143211364746,486300,0.0,0.0
2000-12-14 00:00:00-05:00,13.455659083744136,13.526230722295242,13.19689640905675,13.24394416809082,469700,0.0,0.0
2000-12-15 00:00:00-05:00,13.220419883728027,13.302753459516369,13.196896004931357,13.220419883728027,827800,0.0,0.0
2000-12-18 00:00:00-05:00,13.408613852922924,13.643852692447888,13.338042201065436,13.50270938873291,635200,0.0,0.0
2000-12-19 00:00:00-05:00,13.455660579966851,13.855566576224607,13.408612815701233,13.832042694091797,468500,0.0,0.0
2000-12-20 00:00:00-05:00,13.784999705543203,14.34957307232313,13.73795192497821,14.231953620910645,737400,0.0,0.0
2000-12-21 00:00:00-05:00,14.302521098743785,14.63185546614907,14.161377798427234,14.49071216583252,721500,0.0,0.0
2000-12-22 00:00:00-05:00,14.396620585786403,14.443668365478516,14.114333907633728,14.443668365478516,509800,0.0,0.0
2000-12-26 00:00:00-05:00,14.467196730291768,14.843579084250578,14.302529450434788,14.7730073928833,288500,0.0,0.0
2000-12-27 00:00:00-05:00,14.820050336001964,14.867098114846415,14.53776366293526,14.655383110046387,288500,0.0,0.0
2000-12-28 00:00:00-05:00,14.561286052068073,14.843572696050007,14.49071439107259,14.678905487060547,313100,0.0,0.0
2000-12-29 00:00:00-05:00,14.725950999693437,14.796522649851712,14.49071216583252,14.49071216583252,409600,0.0,0.0
2001-01-02 00:00:00-05:00,14.420139244511203,14.443663125823619,14.067281024824958,14.137852668762207,341300,0.0,0.0
2001-01-03 00:00:00-05:00,14.3025172447872,14.420136630023936,13.690896441556168,13.714420318603516,560900,0.0,0.0
2001-01-04 00:00:00-05:00,13.596803267075666,13.620327148160571,12.844039072358674,12.961658477783203,1055300,0.0,0.0
2001-01-05 00:00:00-05:00,13.055759138773302,13.220426371154227,12.749948564351586,12.867568016052246,680100,0.0,0.0
2001-01-08 00:00:00-05:00,12.938132010642372,13.07927526894029,12.844036505110427,13.032227516174316,522300,0.0,0.0
2001-01-09 00:00:00-05:00,13.032235248433171,13.149854700133831,12.773472454691719,12.867568016052246,343500,0.0,0.0
2001-01-10 00:00:00-05:00,12.867562552365388,13.07927747553045,12.820514791662042,12.93813419342041,524000,0.0,0.0
2001-01-11 00:00:00-05:00,12.938135601225355,12.985183367047991,12.326514645531065,12.350038528442383,1445600,0.0,0.0
2001-01-12 00:00:00-05:00,12.37356251050841,12.60880134150667,12.279466978109108,12.467658042907715,1009800,0.0,0.0
2001-01-16 00:00:00-05:00,12.467658970807049,12.467658970807049,11.832514079841406,12.185372352600098,1780700,0.0,0.0
2001-01-17 00:00:00-05:00,12.161848710731903,12.444135334578677,12.020705398808515,12.25594425201416,1121000,0.0,0.0
2001-01-18 00:00:00-05:00,12.279465355076889,12.608799674944851,12.25594147508632,12.538228034973145,511800,0.0,0.0
2001-01-19 00:00:00-05:00,12.538230132002857,12.985183926577069,12.420610712378064,12.773468971252441,919600,0.0,0.0
2001-01-22 00:00:00-05:00,12.985184360751145,13.220423207866201,12.891088821905122,13.079279899597168,608300,0.0,0.0
2001-01-23 00:00:00-05:00,13.17337417602539,13.479184647968836,13.079278646196638,13.17337417602539,808400,0.0,0.0
2001-01-24 00:00:00-05:00,13.173367250050214,13.455653691122718,13.173367250050214,13.267462730407715,448200,0.0,0.0
2001-01-25 00:00:00-05:00,13.314520279145956,13.502711378497843,13.196900842051027,13.338044166564941,484500,0.0,0.0
2001-01-26 00:00:00-05:00,13.29099358831133,13.502708530426025,13.032230881282262,13.17337417602539,1218600,0.0,0.0
2001-01-29 00:00:00-05:00,13.173377643121574,13.425553040256332,13.147031002698068,13.25241756439209,525600,0.0,0.0
2001-01-30 00:00:00-05:00,13.267473470513657,13.34275020289328,13.056698907007565,13.1244478225708,576200,0.0,0.0
2001-01-31 00:00:00-05:00,13.109391290445343,13.169612378469138,12.909907769792028,13.150792121887207,432100,0.0,0.0
2001-02-01 00:00:00-05:00,13.150791992237911,13.150791992237911,12.936254278531699,13.079279899597168,313000,0.0,0.0
2001-02-02 00:00:00-05:00,13.150787155973484,13.323923974974104,13.03787283803983,13.060456275939941,393300,0.0,0.0
2001-02-05 00:00:00-05:00,13.064227438665187,13.35780656743119,13.060464247943205,13.282529830932617,422100,0.0,0.0
2001-02-06 00:00:00-05:00,13.188430795254643,13.35780304881554,13.124445083560992,13.192193984985352,273400,0.0,0.0
2001-02-07 00:00:00-05:00,13.286295916814458,13.402974955601493,13.214783791239292,13.30511474609375,306000,0.0,0.0
2001-02-08 00:00:00-05:00,13.308873154458057,13.583631953743586,13.308873154458057,13.56104850769043,441100,0.0,0.0
2001-02-09 00:00:00-05:00,13.655144532778069,13.850863431531883,13.640090337323175,13.835807800292969,2050700,0.0,0.0
2001-02-12 00:00:00-05:00,13.916050252636593,14.09945912612242,13.640939857592999,13.809062957763672,698800,0.55,0.0
2001-02-13 00:00:00-05:00,13.812884913786547,13.851094245910645,13.491921568129328,13.851094245910645,946800,0.0,0.0
2001-02-14 00:00:00-05:00,13.755564956144301,13.789953926838345,13.526306123245407,13.679144859313965,662500,0.0,0.0
2001-02-15 00:00:00-05:00,13.6409352423403,13.667682057009054,13.526305828389624,13.660039901733398,255000,0.0,0.0
2001-02-16 00:00:00-05:00,13.831988251868461,13.942797345019418,13.679148022860764,13.793777465820312,585700,0.0,0.0
2001-02-20 00:00:00-05:00,13.763210599349833,13.946618003665016,13.759388791864163,13.847272872924805,536900,0.0,0.0
2001-02-21 00:00:00-05:00,13.797598558582704,14.13384617042842,13.797598558582704,13.874018669128418,986100,0.0,0.0
2001-02-22 00:00:00-05:00,13.996288002132323,14.133843887376612,13.759385551948428,13.97718334197998,549600,0.0,0.0
2001-02-23 00:00:00-05:00,14.053605949582877,14.137668227092503,13.449890064320027,13.698253631591797,628400,0.0,0.0
2001-02-26 00:00:00-05:00,13.728820194420365,13.889301109935564,13.606548604239547,13.625653266906738,656100,0.0,0.0
2001-02-27 00:00:00-05:00,13.625654379985804,13.89312405195305,13.621834030177213,13.793777465820312,495800,0.0,0.0
2001-02-28 00:00:00-05:00,13.984820061521976,14.087986946105957,13.774665944447225,14.087986946105957,1036800,0.0,0.0
2001-03-01 00:00:00-05:00,14.137668759453385,14.160595233526378,13.889303725236758,13.98865032196045,470800,0.0,0.0
2001-03-02 00:00:00-05:00,13.793780559518417,13.94662082280545,13.602730959206013,13.713540077209473,788300,0.0,0.0
2001-03-05 00:00:00-05:00,13.755563082660629,13.927507912712269,13.438420234166278,13.774667739868164,625100,0.0,0.0
2001-03-06 00:00:00-05:00,13.831986429278235,13.877837908901883,13.568337141859681,13.862553596496582,835200,0.0,0.0
2001-03-07 00:00:00-05:00,13.870193575266084,14.053600922560456,13.656219065551998,13.908404350280762,1003400,0.0,0.0
2001-03-08 00:00:00-05:00,13.908404719148074,14.003929472830157,13.755564530219914,13.931329727172852,378500,0.0,0.0
2001-03-09 00:00:00-05:00,13.946615356334508,13.946615356334508,13.640936407166166,13.923688888549805,713800,0.0,0.0
2001-03-12 00:00:00-05:00,13.927514219252066,14.023039006136385,13.831989432367749,13.904587745666504,662800,0.0,0.0
2001-03-13 00:00:00-05:00,13.98483000226008,13.98483000226008,13.579805787020677,13.767033576965332,708200,0.0,0.0
2001-03-14 00:00:00-05:00,13.71736042811832,13.74028544486085,13.373470601054166,13.45753288269043,442300,0.0,0.0
2001-03-15 00:00:00-05:00,13.545418486867703,13.71736343812979,13.392578206280747,13.690616607666016,571500,0.0,0.0
2001-03-16 00:00:00-05:00,13.614189147949219,13.851090143659803,13.526306544017746,13.614189147949219,804000,0.0,0.0
2001-03-19 00:00:00-05:00,13.545412617311682,13.652399892806603,13.35436307816086,13.392572402954102,503000,0.0,0.0
2001-03-20 00:00:00-05:00,13.392570589394293,13.805238237722834,13.339076958890692,13.679144859313965,1227700,0.0,0.0
2001-03-21 00:00:00-05:00,13.755569678613076,14.01921757271982,13.725001046349483,13.866378784179688,1126200,0.0,0.0
2001-03-22 00:00:00-05:00,13.904582100922486,13.919866410441331,13.186235587048504,13.568334579467773,1391700,0.0,0.0
2001-03-23 00:00:00-05:00,13.373469297707711,13.587445331204327,13.262660202275937,13.560698509216309,743700,0.0,0.0
2001-03-26 00:00:00-05:00,13.621832915545708,14.087992806449142,13.621832915545708,14.003931999206543,795600,0.0,0.0
2001-03-27 00:00:00-05:00,14.04213612573834,14.324889984304479,13.95043173827068,14.191154479980469,566000,0.0,0.0
2001-03-28 00:00:00-05:00,14.19116120941859,14.321074969674239,13.70207479791144,13.847272872924805,1961600,0.0,0.0
2001-03-29 00:00:00-05:00,13.84727389573527,13.946619033813477,13.499563726072665,13.946619033813477,1630200,0.0,0.0
2001-03-30 00:00:00-05:00,14.099460805922362,14.21409027231345,13.9924720407103,14.17587947845459,535100,0.0,0.0
2001-04-02 00:00:00-04:00,14.17587569404969,14.519765459010568,14.137666367983973,14.366925239562988,885700,0.0,0.0
2001-04-03 00:00:00-04:00,14.27140345086762,14.596188620706188,14.099459990027235,14.569441795349121,921900,0.0,0.0
2001-04-04 00:00:00-04:00,14.569444138287608,14.75285159491272,14.435708532403346,14.565622329711914,866500,0.0,0.0
2001-04-05 00:00:00-04:00,14.500656339339427,14.527403150883524,14.214082109145336,14.32871150970459,734600,0.0,0.0
2001-04-06 00:00:00-04:00,14.366923208811407,14.519763406655166,13.797596459907323,14.202620506286621,988500,0.0,0.0
2001-04-09 00:00:00-04:00,14.32871522664343,14.737561117836274,14.271399782699941,14.573258399963379,770300,0.0,0.0
2001-04-10 00:00:00-04:00,14.577077483951799,14.978281143834726,14.577077483951799,14.737558364868164,923000,0.0,0.0
2001-04-11 00:00:00-04:00,14.749017337057106,14.749017337057106,14.393665234292072,14.60382080078125,445700,0.0,0.0
2001-04-12 00:00:00-04:00,14.5885384127442,14.729914619850815,14.244648765628797,14.481551170349121,364800,0.0,0.0
2001-04-16 00:00:00-04:00,14.443342927116687,14.74520150822773,14.412775762908744,14.615287780761719,427000,0.0,0.0
2001-04-17 00:00:00-04:00,14.615288332146946,14.745202064514162,14.519763571806116,14.74520206451416,737100,0.0,0.0
2001-04-18 00:00:00-04:00,14.745208268775162,14.86365954617107,14.275226425057639,14.42424488067627,633700,0.0,0.0
2001-04-19 00:00:00-04:00,14.462446757666111,14.493015377713355,14.076527403917835,14.156767845153809,720400,0.0,0.0
2001-04-20 00:00:00-04:00,14.137669632153292,14.428064367040522,13.946620042529599,14.14148998260498,659400,0.0,0.0
2001-04-23 00:00:00-04:00,14.271401123966191,14.366925901121501,14.061246905742998,14.317254066467285,471400,0.0,0.0
2001-04-24 00:00:00-04:00,14.36692941731859,14.493022853668373,14.23319527960771,14.42424488067627,440100,0.0,0.0
2001-04-25 00:00:00-04:00,14.481552132323163,14.542687911694573,14.328711955098662,14.51211929321289,385100,0.0,0.0
2001-04-26 00:00:00-04:00,14.519765643204298,14.710815191141197,14.512123486375737,14.600006103515625,460300,0.0,0.0
2001-04-27 00:00:00-04:00,14.519760996500652,14.634390397059907,14.248471075072302,14.32871150970459,454700,0.0,0.0
2001-04-30 00:00:00-04:00,14.424239567730863,14.515943983806695,14.259936854722842,14.294325828552246,387200,0.0,0.0
2001-05-01 00:00:00-04:00,14.328711766991333,14.420416163640528,14.237007370342136,14.252291679382324,381200,0.0,0.0
2001-05-02 00:00:00-04:00,14.175871820941428,14.194977936346502,13.904581890256098,13.927508354187012,780400,0.0,0.0
2001-05-03 00:00:00-04:00,14.061247590067232,14.061247590067232,13.66386414793935,13.854913711547852,541400,0.0,0.0
2001-05-04 00:00:00-04:00,13.950436610009872,14.042141029502336,13.812882167159625,14.01539421081543,435200,0.0,0.0
2001-05-07 00:00:00-04:00,14.160592286743222,14.160592286743222,13.9504366287885,14.110918998718262,399700,0.0,0.0
2001-05-08 00:00:00-04:00,14.11092193516453,14.11856409318886,13.908409849093886,13.98865032196045,764300,0.0,0.0
2001-05-09 00:00:00-04:00,13.988651185461643,14.229374076513452,13.958082551477359,14.14148998260498,669300,0.0,0.0
2001-05-10 00:00:00-04:00,14.233187021878058,14.263755639958434,14.084168652716057,14.252291679382324,321800,0.0,0.0
2001-05-11 00:00:00-04:00,14.25612171301974,14.290510699410982,14.133850085315942,14.229374885559082,2267500,0.0,0.0
2001-05-14 00:00:00-04:00,14.392257708404967,14.562901026184207,14.283666640676573,14.555144309997559,805000,0.55,0.0
2001-05-15 00:00:00-04:00,14.465939942581626,14.50472351185124,14.275905631207149,14.380619049072266,315300,0.0,0.0
2001-05-16 00:00:00-04:00,14.407773957686432,14.621078516474896,14.155685810382028,14.570660591125488,376500,0.0,0.0
2001-05-17 00:00:00-04:00,14.60168217219148,14.61331650481018,14.272028446721377,14.349594116210938,470100,0.0,0.0
2001-05-18 00:00:00-04:00,14.446555131039464,14.465946184320138,14.349598385193561,14.427164077758789,282900,0.0,0.0
2001-05-21 00:00:00-04:00,14.50472691402506,14.543509012949361,14.388377658367672,14.500847816467285,370100,0.0,0.0
2001-05-22 00:00:00-04:00,14.50084638892229,14.613316535949707,14.481455341369102,14.613316535949707,315100,0.0,0.0
2001-05-23 00:00:00-04:00,14.683131161187804,15.028296971037582,14.65210428956673,15.005026817321777,1008600,0.0,0.0
2001-05-24 00:00:00-04:00,15.008901626300903,15.245476276746846,14.970118047859296,15.10197925567627,1402200,0.0,0.0
2001-05-25 00:00:00-04:00,15.028285441665304,15.086460041603202,14.838249697384164,14.880910873413086,471600,0.0,0.0
2001-05-29 00:00:00-04:00,14.880916583189256,14.958482253054392,14.74129867332043,14.861525535583496,424400,0.0,0.0
2001-05-30 00:00:00-04:00,14.900305283516067,15.113611211903148,14.900305283516067,14.97787094116211,292000,0.0,0.0
2001-05-31 00:00:00-04:00,14.977875670070404,15.202816000319302,14.977875670070404,15.183424949645996,276100,0.0,0.0
2001-06-01 00:00:00-04:00,15.125252224956196,15.241600023105816,14.973999939417437,15.202817916870117,581300,0.0,0.0
2001-06-04 00:00:00-04:00,15.20669651031494,15.299775642465598,15.059323313620105,15.206696510314941,413300,0.0,0.0
2001-06-05 00:00:00-04:00,15.18342930156031,15.202820357791532,14.931341132226143,15.036054611206055,724600,0.0,0.0
2001-06-06 00:00:00-04:00,15.008897771742383,15.074827618997759,14.853766456700995,14.873157501220703,509800,0.0,0.0
2001-06-07 00:00:00-04:00,14.892554793904146,14.989511526990912,14.644344314470462,14.694762229919434,447300,0.0,0.0
2001-06-08 00:00:00-04:00,14.718034744907895,14.873164655123976,14.644346669070872,14.846016883850098,266700,0.0,0.0
2001-06-11 00:00:00-04:00,14.814990030555638,15.16015578504521,14.814990030555638,15.117494583129883,399200,0.0,0.0
2001-06-12 00:00:00-04:00,15.18342973201998,15.307534270749553,15.070959531470425,15.14852523803711,420300,0.0,0.0
2001-06-13 00:00:00-04:00,15.105855419626764,15.260985264939647,14.853767386760635,14.869280815124512,477600,0.0,0.0
2001-06-14 00:00:00-04:00,14.911945822907258,14.911945822907258,14.539632323462676,14.566780090332031,488600,0.0,0.0
2001-06-15 00:00:00-04:00,14.469824268315552,15.028294552640197,14.469824268315552,14.954607963562012,731200,0.0,0.0
2001-06-18 00:00:00-04:00,15.12524455253194,15.222201248381504,14.888669977948322,14.923574447631836,594500,0.0,0.0
2001-06-19 00:00:00-04:00,15.039931672361933,15.326924324035645,14.92358385985091,15.326924324035645,659500,0.0,0.0
2001-06-20 00:00:00-04:00,15.326919562557634,15.49368525114481,15.280380747899567,15.485928535461426,834800,0.0,0.0
2001-06-21 00:00:00-04:00,15.311408997884092,15.357947821255436,14.970120841128354,15.202817916870117,628800,0.0,0.0
2001-06-22 00:00:00-04:00,15.202817436389841,15.37346076965332,15.12525174692736,15.37346076965332,487400,0.0,0.0
2001-06-25 00:00:00-04:00,15.280381682454866,15.470416050272544,15.12525031818374,15.183424949645996,278900,0.0,0.0
2001-06-26 00:00:00-04:00,15.144642799432361,15.447148840391792,15.12525174692736,15.37346076965332,309400,0.0,0.0
2001-06-27 00:00:00-04:00,15.451017835896286,15.509192440386494,15.27649550186731,15.439383506774902,514100,0.0,0.0
2001-06-28 00:00:00-04:00,15.338555335998535,15.513077756649317,15.28038218207653,15.338555335998535,605000,0.0,0.0
2001-06-29 00:00:00-04:00,15.319165698375716,15.435513496398928,15.144643261619642,15.435513496398926,615900,0.0,0.0
2001-07-02 00:00:00-04:00,15.357941177698933,15.516950111589061,15.280376998780337,15.505315780639648,542000,0.0,0.0
2001-07-03 00:00:00-04:00,15.516959161199384,15.629429357443467,15.47817704912206,15.567377090454102,164800,0.0,0.0
2001-07-05 00:00:00-04:00,15.56737278990974,15.7651653534143,15.443268290215338,15.734138488769531,400400,0.0,0.0
2001-07-06 00:00:00-04:00,15.734138963340543,15.82333898272119,15.648816562436282,15.706991195678711,1102200,0.0,0.0
2001-07-09 00:00:00-04:00,15.70699355733769,15.893150340484135,15.613914426043166,15.730263710021973,500100,0.0,0.0
2001-07-10 00:00:00-04:00,15.730261344864159,15.81558226632604,15.668209093145345,15.706991195678711,771000,0.0,0.0
2001-07-11 00:00:00-04:00,15.68760112072141,15.741896659424128,15.439392098399003,15.513078689575195,408800,0.0,0.0
2001-07-12 00:00:00-04:00,15.474288902057024,15.474288902057024,15.241591949575737,15.319157600402832,508200,0.0,0.0
2001-07-13 00:00:00-04:00,15.319162853020876,15.346310618202496,15.160153880053286,15.241597175598145,680300,0.0,0.0
2001-07-16 00:00:00-04:00,15.202810336753606,15.451019243567252,15.187296910217308,15.26098346710205,520400,0.0,0.0
2001-07-17 00:00:00-04:00,15.264868262580466,15.416120529174803,15.067075699001458,15.416120529174805,611100,0.0,0.0
2001-07-18 00:00:00-04:00,15.396734735657741,15.454907907588142,15.303655589349123,15.33468246459961,295500,0.0,0.0
2001-07-19 00:00:00-04:00,15.326919568707375,15.47429420786634,15.167910595739784,15.241597175598145,653800,0.0,0.0
2001-07-20 00:00:00-04:00,15.28037784015032,15.319159931745043,14.977871903832037,15.098098754882812,509100,0.0,0.0
2001-07-23 00:00:00-04:00,15.09422592926383,15.09422592926383,14.644346674420472,14.737425804138184,966900,0.0,0.0
2001-07-24 00:00:00-04:00,14.745174920211152,14.826618192077321,14.310809324149771,14.776200294494629,1027600,0.0,0.0
2001-07-25 00:00:00-04:00,14.718030986209817,15.179544459446788,14.644342929191287,15.12912654876709,498600,0.0,0.0
2001-07-26 00:00:00-04:00,15.133010342033112,15.338558187093906,14.974001324648926,15.299776077270508,367800,0.0,0.0
2001-07-27 00:00:00-04:00,15.164038118163056,15.299778482771988,14.974003678930595,15.218335151672363,404500,0.0,0.0
2001-07-30 00:00:00-04:00,15.218326167578438,15.435508255631301,14.904185888076523,15.427751541137695,473800,0.0,0.0
2001-07-31 00:00:00-04:00,15.435515378878486,15.489810925948241,15.245480964134341,15.412246704101562,506000,0.0,0.0
2001-08-01 00:00:00-04:00,15.431633949452479,15.610033982760726,15.295893635850028,15.55573844909668,467900,0.0,0.0
2001-08-02 00:00:00-04:00,15.652691884810485,15.978466497615614,15.547978457897191,15.916414260864258,671200,0.0,0.0
2001-08-03 00:00:00-04:00,15.912539458829402,16.133600704387806,15.699234929888785,15.997861862182617,437700,0.0,0.0
2001-08-06 00:00:00-04:00,15.900902736823037,15.900902736823037,15.672084808993505,15.811702728271484,542600,0.0,0.0
2001-08-07 00:00:00-04:00,15.811702294463124,16.044397833914076,15.753527669879308,15.966832160949707,333800,0.0,0.0
2001-08-08 00:00:00-04:00,15.881514081145026,15.93968723664901,15.72638270758289,15.784557342529297,577900,0.0,0.0
2001-08-09 00:00:00-04:00,15.668204414223007,16.172378993809374,15.648811889305042,16.075422286987305,497700,0.0,0.0
2001-08-10 00:00:00-04:00,16.075421843204044,16.211160637230915,15.978465139058592,16.20728302001953,543500,0.0,0.0
2001-08-13 00:00:00-04:00,16.301610022454973,16.301610022454973,15.955770234844769,16.109041213989258,3246100,0.55,0.0
2001-08-14 00:00:00-04:00,15.621714562311924,15.908603731605869,15.621714562311924,15.857513427734375,702600,0.0,0.0
2001-08-15 00:00:00-04:00,15.975423933033586,15.975423933033586,15.602074256404391,15.716044425964355,471900,0.0,0.0
2001-08-16 00:00:00-04:00,15.6806684413754,15.995067496762989,15.637438290164676,15.955766677856445,334400,0.0,0.0
2001-08-17 00:00:00-04:00,15.798568745099868,15.955767531618589,15.751409259061553,15.806428909301758,283200,0.0,0.0
2001-08-20 00:00:00-04:00,15.71997453109251,15.983283384884983,15.71997453109251,15.951844215393066,225700,0.0,0.0
2001-08-21 00:00:00-04:00,15.995065255627647,16.2544446273763,15.955764442227705,16.061874389648438,385300,0.0,0.0
2001-08-22 00:00:00-04:00,16.01471807805862,16.49810693462441,16.01471807805862,16.297677993774414,760400,0.0,0.0
2001-08-23 00:00:00-04:00,16.132621460414,16.384140780267554,16.132621460414,16.270172119140625,559700,0.0,0.0
2001-08-24 00:00:00-04:00,16.40772102765995,16.40772102765995,16.2348018726996,16.340911865234375,336600,0.0,0.0
2001-08-27 00:00:00-04:00,16.289818872461453,16.482387661406698,16.285888040506492,16.447017669677734,312600,0.0,0.0
2001-08-28 00:00:00-04:00,16.348758913237972,16.48630947210476,16.321249101299077,16.352689743041992,353800,0.0,0.0
2001-08-29 00:00:00-04:00,16.32911491394043,16.36841572972277,16.270165939026167,16.32911491394043,493500,0.0,0.0
2001-08-30 00:00:00-04:00,16.289820025697804,16.38806984310349,16.10510988923967,16.16012954711914,411700,0.0,0.0
2001-08-31 00:00:00-04:00,16.136554996136155,16.21515367237655,16.04616531912078,16.07367515563965,313200,0.0,0.0
2001-09-04 00:00:00-04:00,16.07367034959867,16.427368784445274,16.069739517457784,16.258378982543945,310700,0.0,0.0
2001-09-05 00:00:00-04:00,16.07367599096888,16.39200454413712,16.07367599096888,16.250524520874023,544300,0.0,0.0
2001-09-06 00:00:00-04:00,16.19156906201135,16.50203882283522,16.19156906201135,16.447017669677734,476300,0.0,0.0
2001-09-07 00:00:00-04:00,16.329118904767913,16.568848692525098,16.27016991544655,16.31732940673828,888400,0.0,0.0
2001-09-10 00:00:00-04:00,16.34876244839202,16.458803219114436,16.230863014706873,16.399852752685547,738800,0.0,0.0
2001-09-17 00:00:00-04:00,16.21121621952826,16.250515537967047,15.719967243178917,16.14833641052246,1529000,0.0,0.0
2001-09-18 00:00:00-04:00,16.152267946876847,16.682817813238064,16.101179125769296,16.57670783996582,656500,0.0,0.0
2001-09-19 00:00:00-04:00,16.7417686884506,17.044378313230553,16.329119745268212,16.560989379882812,1178700,0.0,0.0
2001-09-20 00:00:00-04:00,16.388066995614224,16.56491693605076,16.388066995614224,16.450946807861328,1096800,0.0,0.0
2001-09-21 00:00:00-04:00,16.112964630126953,16.285883710845646,15.98720502611832,16.112964630126953,1487700,0.0,0.0
2001-09-24 00:00:00-04:00,16.112974991033106,16.140484828400975,15.71997560100791,15.916475296020508,819100,0.0,0.0
2001-09-25 00:00:00-04:00,15.916463196482018,15.916463196482018,15.712103489120308,15.877163887023926,526400,0.0,0.0
2001-09-26 00:00:00-04:00,15.755333624228093,15.802493095397951,15.484164791035722,15.80249309539795,544100,0.0,0.0
2001-09-27 00:00:00-04:00,15.802491256769173,15.849652221624384,15.562761599191866,15.826071739196777,589600,0.0,0.0
2001-09-28 00:00:00-04:00,15.826075955412177,16.01078603570596,15.810355629605732,16.002925872802734,890300,0.0,0.0
2001-10-01 00:00:00-04:00,16.002927398614194,16.09331703186035,15.849657955319712,16.09331703186035,684800,0.0,0.0
2001-10-02 00:00:00-04:00,16.093320931709485,16.584570035246568,16.085460766152096,16.541339874267578,858000,0.0,0.0
2001-10-03 00:00:00-04:00,16.54133037155782,16.557050693641543,16.368411326154167,16.482379913330078,1996300,0.0,0.0
2001-10-04 00:00:00-04:00,16.211217628157385,16.34876675381799,16.11296782435037,16.274097442626953,729700,0.0,0.0
2001-10-05 00:00:00-04:00,16.23086854128861,16.44701782650526,16.21121887884585,16.4273681640625,349300,0.0,0.0
2001-10-08 00:00:00-04:00,16.3880716129253,16.415581444835947,16.223011122288035,16.270172119140625,296600,0.0,0.0
2001-10-09 00:00:00-04:00,16.211214414456997,16.29767470440271,16.054014159859836,16.112964630126953,346100,0.0,0.0
2001-10-10 00:00:00-04:00,16.073671091243263,16.144411081311194,15.896821116073443,16.054019927978516,894400,0.0,0.0
2001-10-11 00:00:00-04:00,15.955768375042181,16.112968669043557,15.77891991825702,15.84179973602295,332200,0.0,0.0
2001-10-12 00:00:00-04:00,15.759268273107503,15.975419045513965,15.70031928904734,15.892888069152832,381500,0.0,0.0
2001-10-15 00:00:00-04:00,15.837869580796935,16.152268683059205,15.771060427454467,15.896820068359375,313200,0.0,0.0
2001-10-16 00:00:00-04:00,15.837866828737173,16.16405687133557,15.837866828737173,16.120826721191406,250500,0.0,0.0
2001-10-17 00:00:00-04:00,16.15226763398125,16.211218117714896,15.9243288618355,15.947909355163574,191100,0.0,0.0
2001-10-18 00:00:00-04:00,15.947907398289875,16.026506034726264,15.641367019330973,15.664947509765625,583800,0.0,0.0
2001-10-19 00:00:00-04:00,15.664942190539104,15.90467184811641,15.664942190539104,15.826071739196777,577100,0.0,0.0
2001-10-22 00:00:00-04:00,15.896807830634414,15.908597319401814,15.641357913412577,15.818207740783691,431300,0.0,0.0
2001-10-23 00:00:00-04:00,15.798566378058624,15.798566378058624,15.566696815948621,15.605996131896973,647500,0.0,0.0
2001-10-24 00:00:00-04:00,15.605992635565622,15.672803256717085,15.456654069081122,15.574553489685059,447400,0.0,0.0
2001-10-25 00:00:00-04:00,15.535248016989907,15.877158182964738,15.484159232883156,15.818207740783691,424200,0.0,0.0
2001-10-26 00:00:00-04:00,15.818222242784659,15.857521574153274,15.547053258325057,15.723901748657227,386900,0.0,0.0
2001-10-29 00:00:00-05:00,15.661016577023007,15.708177557586907,15.558837450813657,15.625646591186523,241800,0.0,0.0
2001-10-30 00:00:00-05:00,15.52739198833976,15.637432743070176,15.330892461030528,15.366262435913086,508700,0.0,0.0
2001-10-31 00:00:00-05:00,15.34662016011796,15.554910778628035,15.34662016011796,15.519540786743164,621100,0.0,0.0
2001-11-01 00:00:00-05:00,15.48417109386673,15.814290524775936,15.444870269250652,15.672810554504395,1048100,0.0,0.0
2001-11-02 00:00:00-05:00,15.680666036526738,15.719965350233231,15.130466649599486,15.629575729370117,735800,0.0,0.0
2001-11-05 00:00:00-05:00,15.680666178743861,16.16012410683701,15.680666178743861,16.112964630126953,561700,0.0,0.0
2001-11-06 00:00:00-05:00,16.014723905846644,16.211223585672982,15.95577340222931,16.2033634185791,457400,0.0,0.0
2001-11-07 00:00:00-05:00,16.07366538325479,16.191564825109133,16.010785580987623,16.061874389648438,291400,0.0,0.0
2001-11-08 00:00:00-05:00,16.16013122237001,16.329121045760093,16.085461893103403,16.238731384277344,456400,0.0,0.0
2001-11-09 00:00:00-05:00,16.370165845398564,16.497622007666983,16.10330498046072,16.27855682373047,3481100,0.55,0.0
2001-11-12 00:00:00-05:00,16.278552299700333,16.278552299700333,15.653220202547498,15.884235382080078,1975100,0.0,0.0
2001-11-13 00:00:00-05:00,15.852373011877201,16.031608692442315,15.732883064632832,16.011693954467773,602800,0.0,0.0
2001-11-14 00:00:00-05:00,16.051526511902036,16.071441253699703,15.685090400753262,15.77271556854248,662700,0.0,0.0
2001-11-15 00:00:00-05:00,15.653224108474923,15.752799327383029,15.235008492940326,15.298736572265625,1380100,0.0,0.0
2001-11-16 00:00:00-05:00,15.298732345496383,15.569576987648627,15.254919018178102,15.426188468933105,313200,0.0,0.0
2001-11-19 00:00:00-05:00,15.47399314482208,15.47399314482208,15.175267396702752,15.378401756286621,578700,0.0,0.0
2001-11-20 00:00:00-05:00,15.378394231621742,15.800592109967305,15.354495636482623,15.724915504455566,503500,0.0,0.0
2001-11-21 00:00:00-05:00,15.724926019844897,15.73289222355167,15.25493063693126,15.458065032958984,341600,0.0,0.0
2001-11-23 00:00:00-05:00,15.358477095605267,15.601439270936993,15.314663771061214,15.597456932067871,156500,0.0,0.0
2001-11-26 00:00:00-05:00,15.613397112151427,15.653226598291079,15.394331899588337,15.485940933227539,280800,0.0,0.0
2001-11-27 00:00:00-05:00,15.4540676134185,15.593473776887794,15.274831985756073,15.497880935668945,570400,0.0,0.0
2001-11-28 00:00:00-05:00,15.553646459814862,15.553646459814862,15.262887048352574,15.274835586547852,309100,0.0,0.0
2001-11-29 00:00:00-05:00,15.334585119152116,15.41424560546875,15.13543466305923,15.41424560546875,277300,0.0,0.0
2001-11-30 00:00:00-05:00,15.493907693011186,15.501872375008304,15.298739557335553,15.3823823928833,300300,0.0,0.0
2001-12-03 00:00:00-05:00,15.382380235838497,15.394330295953552,15.242975529474068,15.318652153015137,381100,0.0,0.0
2001-12-04 00:00:00-05:00,15.254918929470461,15.493900299072266,15.219071800000032,15.493900299072266,418400,0.0,0.0
2001-12-05 00:00:00-05:00,15.573559236209368,15.573559236209368,15.354494120288672,15.493900299072266,211500,0.0,0.0
2001-12-06 00:00:00-05:00,15.394331122405013,15.454075348598302,15.203145344273699,15.235010147094727,373100,0.0,0.0
2001-12-07 00:00:00-05:00,15.235009665046961,15.481955801506652,15.17526392134665,15.45407485961914,354900,0.0,0.0
2001-12-10 00:00:00-05:00,15.454070719086658,15.454070719086658,15.155345119415923,15.238987922668457,322800,0.0,0.0
2001-12-11 00:00:00-05:00,15.238991163251333,15.394329784406445,14.936283159748571,14.996028900146484,443400,0.0,0.0
2001-12-12 00:00:00-05:00,15.09560776582692,15.119504852237853,14.53798578547432,14.944252967834473,914000,0.0,0.0
2001-12-13 00:00:00-05:00,14.944250221217846,15.159333075771956,14.868573595829124,14.924335479736328,612200,0.0,0.0
2001-12-14 00:00:00-05:00,14.92433404681456,14.95619732624624,14.717217412618307,14.900435447692871,584700,0.0,0.0
2001-12-17 00:00:00-05:00,14.928322334313055,14.956203284697324,14.737138023364714,14.80086612701416,421700,0.0,0.0
2001-12-18 00:00:00-05:00,15.000016510068233,15.155353666397115,14.848661695446168,15.135438919067383,487000,0.0,0.0
2001-12-19 00:00:00-05:00,15.135432403514288,15.633308469419365,15.011958592186847,15.553647994995117,616100,0.0,0.0
2001-12-20 00:00:00-05:00,15.553648073805906,15.605427610353612,15.314668168719422,15.43017578125,411900,0.0,0.0
2001-12-21 00:00:00-05:00,15.533735575245,15.573565058704617,15.314670377422308,15.41424560546875,515200,0.0,0.0
2001-12-24 00:00:00-05:00,15.446117460504237,15.61340472654849,15.446117460504237,15.577557563781738,198300,0.0,0.0
2001-12-26 00:00:00-05:00,15.67313800718488,16.015676984947937,15.613393790684901,15.900169372558594,480700,0.0,0.0
2001-12-27 00:00:00-05:00,15.93203512951202,16.11127082859848,15.92406892961959,15.947967529296875,311100,0.0,0.0
2001-12-28 00:00:00-05:00,15.951949105448575,16.07940525882776,15.752798675868949,16.04355812072754,502400,0.0,0.0
2001-12-31 00:00:00-05:00,16.051525593907066,16.242709839146077,16.0116961125896,16.075424194335938,424000,0.0,0.0
2002-01-02 00:00:00-05:00,15.975852993539732,16.262630193292594,15.824498191514865,16.242713928222656,531600,0.0,0.0
2002-01-03 00:00:00-05:00,16.306442970783117,16.322375376003087,16.091361577904678,16.290512084960938,628700,0.0,0.0
2002-01-04 00:00:00-05:00,16.29050688352878,16.30245542392979,16.071440180194962,16.27855682373047,479700,0.0,0.0
2002-01-07 00:00:00-05:00,16.21881264975331,16.362201212573886,16.09932116780462,16.338302612304688,705000,0.0,0.0
2002-01-08 00:00:00-05:00,16.230754158516987,16.298464550849488,16.159059908166896,16.20287322998047,413100,0.0,0.0
2002-01-09 00:00:00-05:00,16.202887271618856,16.33034348949724,16.05949864665618,16.12721061706543,469100,0.0,0.0
2002-01-10 00:00:00-05:00,16.091357565934096,16.26660942146581,16.05152656281502,16.22677993774414,351200,0.0,0.0
2002-01-11 00:00:00-05:00,16.27058658962324,16.28253664645872,16.09533478980447,16.135164260864258,337200,0.0,0.0
2002-01-14 00:00:00-05:00,16.214822759529362,16.529480708760996,16.15109470191001,16.47770118713379,780500,0.0,0.0
2002-01-15 00:00:00-05:00,16.521515582838692,16.764479293076988,16.46973605785426,16.549396514892578,896300,0.0,0.0
2002-01-16 00:00:00-05:00,16.529486636629926,16.760501877970633,16.417962875650158,16.621095657348633,624300,0.0,0.0
2002-01-17 00:00:00-05:00,16.469747809740447,16.68084839943103,16.410003563879204,16.48966407775879,667700,0.0,0.0
2002-01-18 00:00:00-05:00,16.529481673405048,16.60515827143296,16.429906482601403,16.569311141967773,545100,0.0,0.0
2002-01-22 00:00:00-05:00,16.469747809740447,16.589239340258786,16.43788451582737,16.48966407775879,627500,0.0,0.0
2002-01-23 00:00:00-05:00,16.509570759698505,16.569314976368343,16.42991028474153,16.525503158569336,363800,0.0,0.0
2002-01-24 00:00:00-05:00,16.525499334307508,16.67287019126579,16.46575361206659,16.569311141967773,363200,0.0,0.0
2002-01-25 00:00:00-05:00,16.56931104418514,16.56931104418514,16.413973990551657,16.545413970947266,548200,0.0,0.0
2002-01-28 00:00:00-05:00,16.48965639722089,16.545418275144502,16.374148781866428,16.42991065979004,435800,0.0,0.0
2002-01-29 00:00:00-05:00,16.429912735760503,16.577283648807562,16.21084753649651,16.22677993774414,551500,0.0,0.0
2002-01-30 00:00:00-05:00,16.15109936287809,16.250674576606556,15.943982735995212,16.14313316345215,715800,0.0,0.0
2002-01-31 00:00:00-05:00,16.131188750449848,16.326356887817383,15.951953016009782,16.326356887817383,415700,0.0,0.0
2002-02-01 00:00:00-05:00,16.226781416837596,16.374152343317718,16.171018007387975,16.366186141967773,329400,0.0,0.0
2002-02-04 00:00:00-05:00,16.26660785419513,16.469740632639855,16.230760714540498,16.314403533935547,336200,0.0,0.0
2002-02-05 00:00:00-05:00,16.314408934125023,16.390087098111085,16.175004188989277,16.330341339111328,670200,0.0,0.0
2002-02-06 00:00:00-05:00,16.23076489629058,16.417966842651367,16.21483249247314,16.417966842651367,763200,0.0,0.0
2002-02-07 00:00:00-05:00,16.37016625764977,16.529487224196142,16.33033677571185,16.382116317749023,463500,0.0,0.0
2002-02-08 00:00:00-05:00,16.37016427480341,16.52948522205193,16.350249536246636,16.505586624145508,2109500,0.0,0.0
2002-02-11 00:00:00-05:00,16.59238563149291,16.697350494498057,16.410718400947133,16.6044979095459,1076300,0.555,0.0
2002-02-12 00:00:00-05:00,16.592380723831532,16.67312254687169,16.455120086669922,16.455120086669922,619200,0.0,0.0
2002-02-13 00:00:00-05:00,16.503570556640625,16.596423139177684,16.451088126503123,16.503570556640625,543100,0.0,0.0
2002-02-14 00:00:00-05:00,16.531831062265475,16.531831062265475,16.329977206902093,16.38245964050293,373200,0.0,0.0
2002-02-15 00:00:00-05:00,16.410715500573115,16.491455793202526,16.249231835269565,16.43090057373047,456100,0.0,0.0
2002-02-19 00:00:00-05:00,16.3501688302253,16.451095798313112,16.212908092024946,16.237131118774414,315700,0.0,0.0
2002-02-20 00:00:00-05:00,16.237120154635054,16.309787645791314,15.865708362056148,16.253267288208008,465600,0.0,0.0
2002-02-21 00:00:00-05:00,16.208865499103815,16.410719358170997,16.14830872537457,16.160419464111328,288200,0.0,0.0
2002-02-22 00:00:00-05:00,16.047380925575407,16.47127369862381,16.047380925575407,16.41475486755371,406100,0.0,0.0
2002-02-25 00:00:00-05:00,16.531828914651495,16.531828914651495,16.160417068220372,16.24923324584961,398600,0.0,0.0
2002-02-26 00:00:00-05:00,16.350159491035793,16.370344565119,16.18867581832523,16.285566329956055,294800,0.0,0.0
2002-02-27 00:00:00-05:00,16.350162284433893,16.49145936717918,16.25730969576946,16.38245964050293,247400,0.0,0.0
2002-02-28 00:00:00-05:00,16.382456880709864,16.531828277309266,16.350159530081648,16.471271514892578,381900,0.0,0.0
2002-03-01 00:00:00-05:00,16.47531395664709,16.70138931274414,16.451090937055465,16.70138931274414,347300,0.0,0.0
2002-03-04 00:00:00-05:00,16.733684025479295,16.93553787008092,16.6569785789162,16.92746353149414,417000,0.0,0.0
2002-03-05 00:00:00-05:00,16.927463925150143,16.947649002075195,16.72964647523026,16.947649002075195,454500,0.0,0.0
2002-03-06 00:00:00-05:00,16.947649322607663,17.157577514648438,16.794239963035047,17.157577514648438,625200,0.0,0.0
2002-03-07 00:00:00-05:00,17.097019371729704,17.20602062847313,16.996092453266076,17.14950180053711,661500,0.0,0.0
2002-03-08 00:00:00-05:00,17.076825690516355,17.222160626268952,16.99608388842916,17.056640625,431100,0.0,0.0
2002-03-11 00:00:00-05:00,17.056640625,17.137382427087196,16.842676158487443,17.056640625,375800,0.0,0.0
2002-03-12 00:00:00-05:00,17.076836129192767,17.076836129192767,16.765981002152643,16.80231475830078,538400,0.0,0.0
2002-03-13 00:00:00-05:00,16.794247126416106,16.85076752301503,16.652949984977152,16.709468841552734,459900,0.0,0.0
2002-03-14 00:00:00-05:00,16.733678114168267,16.854790070140915,16.697344373374268,16.794233322143555,467300,0.0,0.0
2002-03-15 00:00:00-05:00,16.89516132294568,16.951681676814093,16.705419810750755,16.753864288330078,669600,0.0,0.0
2002-03-18 00:00:00-05:00,16.652937395026886,16.834606110977067,16.55201050172369,16.753864288330078,541900,0.0,0.0
2002-03-19 00:00:00-05:00,16.75387495828251,16.874986999373895,16.705430449850585,16.713504791259766,424500,0.0,0.0
2002-03-20 00:00:00-05:00,16.67313172895557,16.854800545837467,16.491462912073672,16.786170959472656,272300,0.0,0.0
2002-03-21 00:00:00-05:00,16.685235259501404,17.076830570492973,16.665048648194624,17.040496826171875,478400,0.0,0.0
2002-03-22 00:00:00-05:00,17.117209935163824,17.117209935163824,16.84268853042838,16.854799270629883,497600,0.0,0.0
2002-03-25 00:00:00-05:00,16.814418676611467,16.94360495867725,16.68523239454569,16.757898330688477,448800,0.0,0.0
2002-03-26 00:00:00-05:00,16.774056041190256,16.891131653666157,16.72561154431232,16.846723556518555,457100,0.0,0.0
2002-03-27 00:00:00-05:00,16.838644343657915,17.008202343692034,16.753866113652023,16.967830657958984,539700,0.0,0.0
2002-03-28 00:00:00-05:00,16.975904729152653,17.15353706355051,16.915349511535283,16.91938591003418,589800,0.0,0.0
2002-04-01 00:00:00-05:00,16.919385857638737,16.935534531628953,16.761940136289898,16.83864402770996,403300,0.0,0.0
2002-04-02 00:00:00-05:00,16.834600903248887,17.05663969182451,16.80634150506772,17.04452896118164,492600,0.0,0.0
2002-04-03 00:00:00-05:00,17.01628043347805,17.18987487035749,16.955723661534925,17.157577514648438,686400,0.0,0.0
2002-04-04 00:00:00-05:00,17.1575775475678,17.24639373591541,17.125280191796783,17.238319396972656,694800,0.0,0.0
2002-04-05 00:00:00-05:00,17.218135243957004,17.33924725455466,17.056651536478277,17.064725875854492,449900,0.0,0.0
2002-04-08 00:00:00-04:00,17.016284588659417,17.09702491760254,16.91535763745746,17.09702491760254,299300,0.0,0.0
2002-04-09 00:00:00-04:00,17.097016756852312,17.097016756852312,16.967830444178876,17.0001277923584,262200,0.0,0.0
2002-04-10 00:00:00-04:00,16.899208968801037,17.206026223083438,16.895171028336907,17.177766799926758,383200,0.0,0.0
2002-04-11 00:00:00-04:00,17.1817989906632,17.218132742566333,16.955722141041203,16.992055892944336,350000,0.0,0.0
2002-04-12 00:00:00-04:00,16.895165374528464,16.996092292034664,16.8386465471286,16.992055892944336,406400,0.0,0.0
2002-04-15 00:00:00-04:00,16.895170709578764,16.939578813708007,16.782133019084707,16.786170959472656,470300,0.0,0.0
2002-04-16 00:00:00-04:00,16.91536026907341,17.15758437363303,16.85480347292186,17.11721420288086,576500,0.0,0.0
2002-04-17 00:00:00-04:00,17.11721071627983,17.165655219319444,17.00013508891303,17.161617279052734,331400,0.0,0.0
2002-04-18 00:00:00-04:00,17.15757832852619,17.278690338134766,17.109133832687313,17.278690338134766,424200,0.0,0.0
2002-04-19 00:00:00-04:00,17.23831487053389,17.315018760315112,17.076831214126575,17.298870086669922,389900,0.0,0.0
2002-04-22 00:00:00-04:00,17.339247923995707,17.46035993926931,17.310988505099292,17.399803161621094,341400,0.0,0.0
2002-04-23 00:00:00-04:00,17.319063561677797,17.726807722648733,17.319063561677797,17.524953842163086,551500,0.0,0.0
2002-04-24 00:00:00-04:00,17.524945553970234,17.730835737082465,17.4401673338665,17.561279296875,581100,0.0,0.0
2002-04-25 00:00:00-04:00,17.520916716917526,17.520916716917526,17.37961808241263,17.399803161621094,394800,0.0,0.0
2002-04-26 00:00:00-04:00,17.319064193114595,17.39173171594065,17.13335744587971,17.327136993408203,533400,0.0,0.0
2002-04-29 00:00:00-04:00,17.226203438171893,17.42805724854666,17.20198196654123,17.315019607543945,357200,0.0,0.0
2002-04-30 00:00:00-04:00,17.415947448575004,17.601652594493267,17.36750296268816,17.59761619567871,539300,0.0,0.0
2002-05-01 00:00:00-04:00,17.541101872091524,17.70662198635426,17.46439641473522,17.64202880859375,714300,0.0,0.0
2002-05-02 00:00:00-04:00,17.541103114482205,17.759105682373047,17.440176170831585,17.759105682373047,364400,0.0,0.0
2002-05-03 00:00:00-04:00,17.759101199638415,17.851953779556478,17.64606200406736,17.795434951782227,605500,0.0,0.0
2002-05-06 00:00:00-04:00,17.80350932339685,17.960956623282765,17.78332424598256,17.876176834106445,390300,0.0,0.0
2002-05-07 00:00:00-04:00,17.880216966459912,17.940772206129367,17.7025845673746,17.819660186767578,431800,0.0,0.0
2002-05-08 00:00:00-04:00,17.72277613058588,18.041704177856445,17.706627446160628,18.041704177856445,890900,0.0,0.0
2002-05-09 00:00:00-04:00,18.005365288789825,18.187034086865243,17.904438349861582,18.009403228759766,565200,0.0,0.0
2002-05-10 00:00:00-04:00,17.924617843174424,18.122433702413108,17.771208525789746,17.815616607666016,1946600,0.0,0.0
2002-05-13 00:00:00-04:00,17.90761805730364,18.12022010637801,17.805405623689307,18.050716400146484,582900,0.555,0.0
2002-05-14 00:00:00-04:00,18.0711532367637,18.0711532367637,17.846286261164956,18.03844451904297,543600,0.0,0.0
2002-05-15 00:00:00-04:00,18.009820408620136,18.06297128104318,17.825837819184287,17.907608032226562,406800,0.0,0.0
2002-05-16 00:00:00-04:00,17.907614702509424,17.928056873475082,17.690924882925636,17.744075775146484,479900,0.0,0.0
2002-05-17 00:00:00-04:00,17.682744274942408,17.780868860049583,17.355664923980775,17.73589515686035,564200,0.0,0.0
2002-05-20 00:00:00-04:00,17.703191159600035,18.050714329812234,17.703191159600035,17.862642288208008,387500,0.0,0.0
2002-05-21 00:00:00-04:00,17.805395809805656,18.136564473653976,17.335219810111614,18.01799774169922,602300,0.0,0.0
2002-05-22 00:00:00-04:00,18.018006397977693,18.332820858393063,17.989387043361557,18.296024322509766,514600,0.0,0.0
2002-05-23 00:00:00-04:00,18.37778515529308,18.484085338002163,18.255130618432734,18.406404495239258,637200,0.0,0.0
2002-05-24 00:00:00-04:00,18.418674079557242,18.56177237465202,18.324638859165642,18.430940628051758,485100,0.0,0.0
2002-05-28 00:00:00-04:00,18.430939905132913,18.492266406650305,18.377789022774596,18.439115524291992,324200,0.0,0.0
2002-05-29 00:00:00-04:00,18.377794575543525,18.426856103508637,18.25513997581181,18.296024322509766,582600,0.0,0.0
2002-05-30 00:00:00-04:00,18.234689460929676,18.29601751780516,17.977115365182094,18.05479621887207,499500,0.0,0.0
2002-05-31 00:00:00-04:00,18.05479676903653,18.05479676903653,17.891256318810022,17.89534568786621,478800,0.0,0.0
2002-06-03 00:00:00-04:00,17.89943220767812,17.907609385564033,17.50693702697754,17.50693702697754,576000,0.0,0.0
2002-06-04 00:00:00-04:00,17.41699166132044,17.68274451487878,17.39654949403997,17.617328643798828,727000,0.0,0.0
2002-06-05 00:00:00-04:00,17.621416637042465,17.621416637042465,17.29842664751518,17.466054916381836,561400,0.0,0.0
2002-06-06 00:00:00-04:00,17.457870807143813,17.461958615164804,16.95498620017573,16.963163375854492,855100,0.0,0.0
2002-06-07 00:00:00-04:00,16.865045502962182,16.946815732479784,16.705594413203436,16.828248977661133,1151400,0.0,0.0
2002-06-10 00:00:00-04:00,16.844603379961335,16.95499295615591,16.77101032916495,16.86504554748535,774100,0.0,0.0
2002-06-11 00:00:00-04:00,16.865044295302763,16.987698850977505,16.775096893310547,16.775096893310547,750500,0.0,0.0
2002-06-12 00:00:00-04:00,16.88548161318311,16.954986829212885,16.738295564778266,16.87321662902832,631700,0.0,0.0
2002-06-13 00:00:00-04:00,16.873215453270845,16.938631296932826,16.771003100071702,16.860950469970703,1455000,0.0,0.0
2002-06-14 00:00:00-04:00,16.877315472562312,16.885492653891166,16.611564097744978,16.844608306884766,626900,0.0,0.0
2002-06-17 00:00:00-04:00,16.905929551691216,16.926373278452566,16.76283282218604,16.910018920898438,828000,0.0,0.0
2002-06-18 00:00:00-04:00,17.110355696737457,17.13079942511722,16.946816787161847,17.06947135925293,1056500,0.0,0.0
2002-06-19 00:00:00-04:00,17.0694711747111,17.130799239912363,16.873223549559544,16.926374435424805,721800,0.0,0.0
2002-06-20 00:00:00-04:00,16.869133254014773,17.008142175820698,16.754655868870156,16.795541763305664,496900,0.0,0.0
2002-06-21 00:00:00-04:00,16.599289709503136,16.901839037287438,16.562493190713656,16.88957405090332,1001800,0.0,0.0
2002-06-24 00:00:00-04:00,16.889580325356363,16.89775750586263,16.615650237128484,16.69333267211914,687700,0.0,0.0
2002-06-25 00:00:00-04:00,16.693329291275365,16.88139972591705,16.619736241261247,16.717859268188477,645300,0.0,0.0
2002-06-26 00:00:00-04:00,16.701502430395966,16.701502430395966,16.394865287417062,16.578847885131836,998900,0.0,0.0
2002-06-27 00:00:00-04:00,16.599292187096847,16.771009820290534,16.492991983414935,16.762832641601562,593100,0.0,0.0
2002-06-28 00:00:00-04:00,16.783276317948733,17.138975044904125,16.742391980464205,17.06947135925293,711500,0.0,0.0
2002-07-01 00:00:00-04:00,17.06946298425679,17.089905142969272,16.824153960433545,16.860950469970703,462100,0.0,0.0
2002-07-02 00:00:00-04:00,16.783274564181873,16.885486956850016,16.533876076529626,16.58293914794922,664700,0.0,0.0
2002-07-03 00:00:00-04:00,16.64017405708273,16.681058381004732,16.349891302180367,16.353979110717773,465000,0.0,0.0
2002-07-05 00:00:00-04:00,16.415315607367145,16.415315607367145,16.141385505223415,16.37442970275879,362900,0.0,0.0
2002-07-08 00:00:00-04:00,16.31309781048215,16.394866473482242,16.223150409617322,16.329450607299805,587500,0.0,0.0
2002-07-09 00:00:00-04:00,16.313101372650774,16.382605063305302,15.945136070251465,15.945136070251465,663200,0.0,0.0
2002-07-10 00:00:00-04:00,16.108678943925113,16.108678943925113,15.311421710065149,15.434076309204102,1099100,0.0,0.0
2002-07-11 00:00:00-04:00,15.331852185471067,15.847001732662767,15.147869647318084,15.802029609680176,1154100,0.0,0.0
2002-07-12 00:00:00-04:00,15.806121781789402,15.806121781789402,15.278705546664664,15.372740745544434,1161000,0.0,0.0
2002-07-15 00:00:00-04:00,15.376835608109337,15.376835608109337,14.514162595829292,15.364570617675781,2286000,0.0,0.0
2002-07-16 00:00:00-04:00,15.35230059861969,15.57716754370424,15.156052997838412,15.188761711120605,1665900,0.0,0.0
2002-07-17 00:00:00-04:00,15.196933468952066,15.331854537507844,14.894385746141905,15.147871971130371,1213400,0.0,0.0
2002-07-18 00:00:00-04:00,15.147874046316637,15.147874046316637,14.857591268285326,14.861679077148438,832600,0.0,0.0
2002-07-19 00:00:00-04:00,14.595928108796924,14.681786133289126,14.125750539104537,14.256582260131836,1886400,0.0,0.0
2002-07-22 00:00:00-04:00,14.227970924565016,14.59593632177779,14.117581305401183,14.48963451385498,1679800,0.0,0.0
2002-07-23 00:00:00-04:00,14.489633797886166,14.657262123969494,13.549279735476327,13.729174613952637,1935800,0.0,0.0
2002-07-24 00:00:00-04:00,13.36938443597868,15.094728971862219,13.348942264536113,15.029313087463379,1902900,0.0,0.0
2002-07-25 00:00:00-04:00,15.086552444169893,15.945136070251465,14.93936632321017,15.945136070251465,1576000,0.0,0.0
2002-07-26 00:00:00-04:00,15.904243656309172,16.251765052443808,15.679375219194831,16.010543823242188,1419900,0.0,0.0
2002-07-29 00:00:00-04:00,16.067786713185562,16.517522145854016,15.990105861556454,16.304920196533203,1212800,0.0,0.0
2002-07-30 00:00:00-04:00,16.30492499901866,17.253456092517016,16.231331934899156,17.212570190429688,1417300,0.0,0.0
2002-07-31 00:00:00-04:00,17.171676072099118,17.560083342800148,16.762826641811042,17.519197463989258,1590200,0.0,0.0
2002-08-01 00:00:00-04:00,17.37610838144244,17.539648848887477,16.80371830502228,16.926374435424805,1074100,0.0,0.0
2002-08-02 00:00:00-04:00,16.926372023305454,17.171681129877367,16.591115516493115,16.820070266723633,1165900,0.0,0.0
2002-08-05 00:00:00-04:00,16.922283501566024,17.314778715585117,16.779186775508236,16.877309799194336,927400,0.0,0.0
2002-08-06 00:00:00-04:00,17.008136804151608,17.58052666837197,17.008136804151608,17.535552978515625,903100,0.0,0.0
2002-08-07 00:00:00-04:00,17.70318636473625,17.772691603808482,17.49876157632212,17.658212661743164,971600,0.0,0.0
2002-08-08 00:00:00-04:00,17.58871326685288,17.838111819012653,17.392465609326607,17.76042938232422,771800,0.0,0.0
2002-08-09 00:00:00-04:00,17.70318630525461,17.907611092981888,17.498761517527335,17.625505447387695,2028800,0.0,0.0
2002-08-12 00:00:00-04:00,17.519894576058515,17.871950149536133,17.453625533282988,17.871950149536133,1115800,0.555,0.0
2002-08-13 00:00:00-04:00,17.66485355357057,17.726979872599813,17.395634764509538,17.428770065307617,832800,0.0,0.0
2002-08-14 00:00:00-04:00,17.42876664586843,17.76425281074866,17.32107851938066,17.72697639465332,810600,0.0,0.0
2002-08-15 00:00:00-04:00,17.731124347183464,17.892655004771726,17.41634527805606,17.49089813232422,812300,0.0,0.0
2002-08-16 00:00:00-04:00,17.43704953836626,17.51574507526154,17.283802746483758,17.387348175048828,674500,0.0,0.0
2002-08-19 00:00:00-04:00,17.354213835271466,17.51988556702971,17.27551830120684,17.412199020385742,691600,0.0,0.0
2002-08-20 00:00:00-04:00,17.354224161933264,17.470194601170228,17.147133189022266,17.325231552124023,988100,0.0,0.0
2002-08-21 00:00:00-04:00,17.325228015733426,17.677281965830087,17.246532450904034,17.623437881469727,1135100,0.0,0.0
2002-08-22 00:00:00-04:00,17.656567920871932,17.83880731667125,17.6441413943557,17.805673599243164,789200,0.0,0.0
2002-08-23 00:00:00-04:00,17.809823788163058,17.809823788163058,17.42049332530719,17.43705940246582,499500,0.0,0.0
2002-08-26 00:00:00-04:00,17.441194863892896,17.648285752174733,17.395634615674396,17.615150451660156,584800,0.0,0.0
2002-08-27 00:00:00-04:00,17.623430261079868,17.68141544378967,17.304510176198214,17.308652877807617,855800,0.0,0.0
2002-08-28 00:00:00-04:00,17.30452087246707,17.308663576637162,17.093288779174916,17.147132873535156,520000,0.0,0.0
2002-08-29 00:00:00-04:00,17.105709778009835,17.142986207031257,16.857201304519254,16.96074676513672,834100,0.0,0.0
2002-08-30 00:00:00-04:00,16.85719293308886,17.060141050325406,16.774356289736627,16.853050231933594,1283900,0.0,0.0
2002-09-03 00:00:00-04:00,16.87791402329415,16.898622804259503,16.563136444676104,16.641830444335938,1139700,0.0,0.0
2002-09-04 00:00:00-04:00,16.641819475644137,16.71637230196431,16.26905534404328,16.62939453125,672400,0.0,0.0
2002-09-05 00:00:00-04:00,16.625257386134763,16.71223518591796,16.46372673511505,16.567272186279297,524000,0.0,0.0
2002-09-06 00:00:00-04:00,16.650109450003274,16.753654904816752,16.529996343224855,16.61283302307129,546500,0.0,0.0
2002-09-09 00:00:00-04:00,16.567274305265666,16.749513753831366,16.235929135156034,16.558990478515625,959500,0.0,0.0
2002-09-10 00:00:00-04:00,16.558989743617673,16.654251377047775,16.401600202308742,16.525856018066406,1393900,0.0,0.0
2002-09-11 00:00:00-04:00,16.69152710785769,16.69152710785769,16.42230987158895,16.54656410217285,419300,0.0,0.0
2002-09-12 00:00:00-04:00,16.546561941560917,16.587979486354588,16.206933018323028,16.231782913208008,665100,0.0,0.0
2002-09-13 00:00:00-04:00,16.153087307016254,16.55070138460965,16.13651965878872,16.422306060791016,1143600,0.0,0.0
2002-09-16 00:00:00-04:00,16.235927784195002,16.49686277518498,16.1696587556872,16.476152420043945,1212700,0.0,0.0
2002-09-17 00:00:00-04:00,16.5051452973296,16.567273203835303,16.29805438228166,16.34775733947754,1101000,0.0,0.0
2002-09-18 00:00:00-04:00,16.32704333215012,16.828204435255852,16.215215653417424,16.654247283935547,1043200,0.0,0.0
2002-09-19 00:00:00-04:00,16.5879781538605,16.77850137257176,16.360178515838086,16.596261978149414,839000,0.0,0.0
2002-09-20 00:00:00-04:00,16.521715980259124,16.52585868410781,15.838316783233942,16.434738159179688,2022900,0.0,0.0
2002-09-23 00:00:00-04:00,16.27734364062671,16.3850317882318,15.966707305576668,16.219358444213867,759100,0.0,0.0
2002-09-24 00:00:00-04:00,16.194509528182348,16.194509528182348,15.763761609616006,15.946001052856445,1157800,0.0,0.0
2002-09-25 00:00:00-04:00,16.00812176634256,16.5631252530871,15.945993885447162,16.318758010864258,689700,0.0,0.0
2002-09-26 00:00:00-04:00,16.360187075033014,16.940042438797843,16.360187075033014,16.93589973449707,1290700,0.0,0.0
2002-09-27 00:00:00-04:00,16.87790390427831,16.948314033342413,16.550699989270644,16.778499603271484,1722100,0.0,0.0
2002-09-30 00:00:00-04:00,16.778503469772225,16.848915195040036,16.37260550874844,16.65839195251465,1346400,0.0,0.0
2002-10-01 00:00:00-04:00,16.691523607409035,17.2423860734443,16.505141510631013,17.234102249145508,964300,0.0,0.0
2002-10-02 00:00:00-04:00,17.126416101560086,17.37492611944129,16.940035563121825,17.043581008911133,1040300,0.0,0.0
2002-10-03 00:00:00-04:00,17.36249572560024,17.540593979100453,17.16783140524573,17.482608795166016,1264200,0.0,0.0
2002-10-04 00:00:00-04:00,17.271386070043913,17.45362554278114,17.12228032872318,17.366647720336914,1293500,0.0,0.0
2002-10-07 00:00:00-04:00,17.519884869179748,18.12873244858368,17.412198326825138,17.747684478759766,1076500,0.0,0.0
2002-10-08 00:00:00-04:00,17.80981311982854,18.410376901492736,17.06014367320189,18.170150756835938,2367900,0.0,0.0
2002-10-09 00:00:00-04:00,18.016908282815628,18.021049405621277,16.898617107886608,16.948318481445312,2080900,0.0,0.0
2002-10-10 00:00:00-04:00,16.865483163534623,17.689704049112862,16.542420289709533,17.59858512878418,1848300,0.0,0.0
2002-10-11 00:00:00-04:00,17.706268072128296,17.768395960512862,17.24652612202044,17.395631790161133,1196900,0.0,0.0
2002-10-14 00:00:00-04:00,16.981451090348905,17.602723691215328,16.732942681993507,17.548879623413086,977400,0.0,0.0
2002-10-15 00:00:00-04:00,17.582014086344067,17.60272285606151,17.229958681236127,17.387348175048828,1558000,0.0,0.0
2002-10-16 00:00:00-04:00,17.387354238850367,17.387354238850367,16.687387466430664,16.687387466430664,1570700,0.0,0.0
2002-10-17 00:00:00-04:00,16.877905704187054,17.234102249145508,16.36431965750739,17.234102249145508,1752400,0.0,0.0
2002-10-18 00:00:00-04:00,17.022877453903888,17.528179936742646,16.87791440389871,17.43705940246582,1253800,0.0,0.0
2002-10-21 00:00:00-04:00,17.374925495418744,18.203289031982422,17.354216723000263,18.203289031982422,1132400,0.0,0.0
2002-10-22 00:00:00-04:00,18.17844227346866,18.368965557114613,17.56131216340276,17.797395706176758,1254000,0.0,0.0
2002-10-23 00:00:00-04:00,17.697992034704328,18.207435571666494,17.697992034704328,18.153593063354492,638100,0.0,0.0
2002-10-24 00:00:00-04:00,18.244706576819382,18.43108868854182,17.96720555046002,18.203289031982422,1028500,0.0,0.0
2002-10-25 00:00:00-04:00,18.207427382093826,18.3275404558011,17.946494045391873,18.161867141723633,854500,0.0,0.0
2002-10-28 00:00:00-05:00,18.36895629542609,18.7044440144144,18.26126975721991,18.348247528076172,1206000,0.0,0.0
2002-10-29 00:00:00-05:00,18.28612842137957,18.51392811182023,17.855378939105194,18.116313934326172,952000,0.0,0.0
2002-10-30 00:00:00-05:00,18.223999608516817,18.385530261341245,17.96720732915434,18.145305633544922,1153200,0.0,0.0
2002-10-31 00:00:00-05:00,17.892648766145953,18.141157140406957,17.594437453050578,17.6317138671875,1402300,0.0,0.0
2002-11-01 00:00:00-05:00,17.63171800204634,17.77668099103128,17.540597506125476,17.681419372558594,958700,0.0,0.0
2002-11-04 00:00:00-05:00,17.809813324281293,18.248846500602102,17.685559128712104,18.161867141723633,1787000,0.0,0.0
2002-11-05 00:00:00-05:00,18.16601086668714,18.16601086668714,17.664851354344954,17.946495056152344,1191300,0.0,0.0
2002-11-06 00:00:00-05:00,18.050044529673485,18.199148658151735,17.91336377026227,18.186723709106445,748400,0.0,0.0
2002-11-07 00:00:00-05:00,18.141160025155028,18.141160025155028,17.40391702829939,17.602724075317383,2104800,0.0,0.0
2002-11-08 00:00:00-05:00,17.83983050701544,17.83983050701544,16.996310610723793,17.029884338378906,1298500,0.555,0.0
2002-11-11 00:00:00-05:00,17.0340806616943,17.206142017837333,16.81585622936205,17.118013381958008,662100,0.0,0.0
2002-11-12 00:00:00-05:00,17.206149668991618,17.327852087447912,16.51370642000779,16.555673599243164,1291700,0.0,0.0
2002-11-13 00:00:00-05:00,16.55986831393134,16.975334553321908,16.55986831393134,16.916582107543945,1315200,0.0,0.0
2002-11-14 00:00:00-05:00,16.9963117444095,17.214536186073378,16.975328963667188,17.168373107910156,564300,0.0,0.0
2002-11-15 00:00:00-05:00,17.168375588527905,17.336241060488,17.076049418861473,17.319454193115234,731100,0.0,0.0
2002-11-18 00:00:00-05:00,17.499910119844554,17.53348225582554,17.09703488276937,17.164180755615234,617200,0.0,0.0
2002-11-19 00:00:00-05:00,17.164171958145502,17.164171958145502,16.91237386336932,16.987913131713867,597500,0.0,0.0
2002-11-20 00:00:00-05:00,16.996310787306104,17.10122628599318,16.799069137491696,17.076045989990234,885400,0.0,0.0
2002-11-21 00:00:00-05:00,16.82844482165977,17.067652023099008,16.794872695591437,16.88300132751465,878800,0.0,0.0
2002-11-22 00:00:00-05:00,16.88299972171636,17.20613960891664,16.597629473302693,17.071847915649414,1046200,0.0,0.0
2002-11-25 00:00:00-05:00,17.07604672139701,17.07604672139701,16.681565005755086,16.958541870117188,1414800,0.0,0.0
2002-11-26 00:00:00-05:00,16.95855011019285,16.95855011019285,16.639607529939198,16.652196884155273,911200,0.0,0.0
2002-11-27 00:00:00-05:00,16.954346206740166,16.954346206740166,16.639599692512686,16.79487419128418,696200,0.0,0.0
2002-11-29 00:00:00-05:00,16.702552839908815,16.761305283325463,16.555671731367195,16.681570053100586,395600,0.0,0.0
2002-12-02 00:00:00-05:00,16.576642043143273,16.702540270129823,16.375204559788227,16.442350387573242,747500,0.0,0.0
2002-12-03 00:00:00-05:00,16.45074896399013,16.870410919189453,16.45074896399013,16.870410919189453,863200,0.0,0.0
2002-12-04 00:00:00-05:00,16.966937632817494,17.029887583725337,16.694156646728516,16.694156646728516,920900,0.0,0.0
2002-12-05 00:00:00-05:00,16.765505363193295,16.954353675093735,16.572461133643625,16.627016067504883,598200,0.0,0.0
2002-12-06 00:00:00-05:00,16.627010489261835,16.845234954146903,16.585044923311667,16.7109432220459,790400,0.0,0.0
2002-12-09 00:00:00-05:00,16.786486632790673,17.19775536318795,16.786486632790673,17.004711151123047,973100,0.0,0.0
2002-12-10 00:00:00-05:00,16.962738998474457,17.239717483520508,16.8788078706366,17.239717483520508,578100,0.0,0.0
2002-12-11 00:00:00-05:00,17.214542924872923,17.411784663006674,17.101233943448268,17.36562156677246,582500,0.0,0.0
2002-12-12 00:00:00-05:00,17.41597971359259,17.604828006567402,17.298474820578974,17.52509117126465,556400,0.0,0.0
2002-12-13 00:00:00-05:00,17.529288014832343,17.818854318994845,17.525090496881038,17.764299392700195,1086200,0.0,0.0
2002-12-16 00:00:00-05:00,17.919580467773315,17.919580467773315,17.56706407296554,17.793682098388672,823500,0.0,0.0
2002-12-17 00:00:00-05:00,17.856617060332482,18.028678409364332,17.856617060332482,17.982515335083008,648800,0.0,0.0
2002-12-18 00:00:00-05:00,18.04546920158472,18.087434768676758,17.93635776661516,18.087434768676758,845500,0.0,0.0
2002-12-19 00:00:00-05:00,18.003508918220376,18.087440077036838,17.898593368815558,18.020294189453125,587600,0.0,0.0
2002-12-20 00:00:00-05:00,18.15038600315818,18.192351573216552,18.04547047712836,18.141992568969727,1197200,0.0,0.0
2002-12-23 00:00:00-05:00,18.171375871725825,18.192358664934495,17.835646377733624,17.886005401611328,555800,0.0,0.0
2002-12-24 00:00:00-05:00,17.990912848488495,18.058058716981197,17.890194846191328,18.003503799438477,204900,0.0,0.0
2002-12-26 00:00:00-05:00,17.969934416990345,18.167176153845414,17.948951628170146,17.990917205810547,285100,0.0,0.0
2002-12-27 00:00:00-05:00,17.940555734380403,18.1168130573816,17.75170745910487,17.83983612060547,263500,0.0,0.0
2002-12-30 00:00:00-05:00,17.839834162245772,18.12520450225041,17.802064511336813,18.045469284057617,394700,0.0,0.0
2002-12-31 00:00:00-05:00,17.94055443043861,18.032880602948257,17.848228257928966,17.96993064880371,656700,0.0,0.0
2003-01-02 00:00:00-05:00,18.024473340697035,18.150371551513672,17.99089963067521,18.150371551513672,678600,0.0,0.0
2003-01-03 00:00:00-05:00,18.158772555703376,18.397979736328125,18.154575039757944,18.397979736328125,650000,0.0,0.0
2003-01-06 00:00:00-05:00,18.452542915847264,19.312849894449368,18.41477326308503,19.300260543823242,1449200,0.0,0.0
2003-01-07 00:00:00-05:00,19.304456045534142,19.304456045534142,18.52808182318684,18.716928482055664,1338500,0.0,0.0
2003-01-08 00:00:00-05:00,18.71692510926555,18.784070967201934,18.553257180600827,18.616207122802734,607200,0.0,0.0
2003-01-09 00:00:00-05:00,18.71693112119505,18.71693112119505,18.393792676690666,18.473527908325195,900800,0.0,0.0
2003-01-10 00:00:00-05:00,18.473521994270968,18.473521994270968,18.150382052331526,18.410572052001953,923500,0.0,0.0
2003-01-13 00:00:00-05:00,18.414778110710788,18.414778110710788,17.806267589746064,17.814661026000977,1872000,0.0,0.0
2003-01-14 00:00:00-05:00,17.814657801763076,17.814657801763076,17.394995670276945,17.63420295715332,1998900,0.0,0.0
2003-01-15 00:00:00-05:00,17.41597580113972,17.520891318014055,17.189357900479056,17.273290634155273,1661700,0.0,0.0
2003-01-16 00:00:00-05:00,17.311057224754787,17.751701997571853,16.933360790406756,17.508298873901367,3224000,0.0,0.0
2003-01-17 00:00:00-05:00,17.374008580717643,17.495709352034176,17.332041417432986,17.46213722229004,950300,0.0,0.0
2003-01-21 00:00:00-05:00,17.415977385549834,17.61321908750035,17.168376679165696,17.31106185913086,1348600,0.0,0.0
2003-01-22 00:00:00-05:00,17.20614474705174,17.31106026380206,16.903987546528036,17.12640953063965,1095400,0.0,0.0
2003-01-23 00:00:00-05:00,17.1641758551609,17.411776490754583,17.1641758551609,17.34043312072754,763400,0.0,0.0
2003-01-24 00:00:00-05:00,17.14319365037271,17.159980516142408,16.912379849132073,16.971132278442383,825000,0.0,0.0
2003-01-27 00:00:00-05:00,16.799071215326023,16.83684086356034,16.404589467788227,16.4339656829834,1262900,0.0,0.0
2003-01-28 00:00:00-05:00,16.526299299352228,16.853635331098214,16.492725552052956,16.807472229003906,1815300,0.0,0.0
2003-01-29 00:00:00-05:00,16.80746726616731,16.85363035463078,16.538883770616845,16.68996238708496,835200,0.0,0.0
2003-01-30 00:00:00-05:00,16.744519969798823,16.786485543303474,16.580850391009044,16.702552795410156,887200,0.0,0.0
2003-01-31 00:00:00-05:00,16.70254970759257,16.86202173901972,16.601831709447637,16.75290870666504,885700,0.0,0.0
2003-02-03 00:00:00-05:00,16.748721025012262,16.862030029296875,16.66059233308573,16.862030029296875,933700,0.0,0.0
2003-02-04 00:00:00-05:00,16.807463057152297,16.82424992164132,16.702547555421155,16.74871063232422,722800,0.0,0.0
2003-02-05 00:00:00-05:00,16.786482499364055,16.849432449090163,16.564062118530273,16.564062118530273,685800,0.0,0.0
2003-02-06 00:00:00-05:00,16.492719472152416,16.77808981545935,16.492719472152416,16.761302947998047,762400,0.0,0.0
2003-02-07 00:00:00-05:00,16.761303469362453,16.803270639321102,16.43816346465814,16.4549503326416,1140800,0.0,0.0
2003-02-10 00:00:00-05:00,16.497524243378265,16.6252466868983,16.412375406338583,16.523069381713867,880700,0.56,0.0
2003-02-11 00:00:00-05:00,16.625245327059996,16.625245327059996,16.02494842994518,16.093067169189453,809500,0.0,0.0
2003-02-12 00:00:00-05:00,16.15692760885026,16.169699363677914,15.63752125814318,15.752471923828125,1059600,0.0,0.0
2003-02-13 00:00:00-05:00,15.756730162809697,16.344255303064287,15.560888990751117,16.23781967163086,1069500,0.0,0.0
2003-02-14 00:00:00-05:00,16.263364295619592,16.625244781464076,16.263364295619592,16.616729736328125,1101700,0.0,0.0
2003-02-18 00:00:00-05:00,16.689112329630706,16.774261185083382,16.561389858491356,16.70614242553711,671900,0.0,0.0
2003-02-19 00:00:00-05:00,16.706140587678554,16.782772762668316,16.45069404942244,16.535842895507812,669000,0.0,0.0
2003-02-20 00:00:00-05:00,16.625247979798722,16.770000526799503,16.450693581128288,16.506040573120117,640100,0.0,0.0
2003-02-21 00:00:00-05:00,16.603960152475317,16.82108814756677,16.476237706887463,16.73594093322754,874200,0.0,0.0
2003-02-24 00:00:00-05:00,16.740202775781444,16.893470407100462,16.620995339901988,16.693370819091797,956400,0.0,0.0
2003-02-25 00:00:00-05:00,16.689111534355447,16.919012945898537,16.552874021754935,16.727428436279297,732500,0.0,0.0
2003-02-26 00:00:00-05:00,16.731684788462054,16.74445817154835,16.39534772592249,16.40812110900879,463600,0.0,0.0
2003-02-27 00:00:00-05:00,16.48475248624996,16.748712419401894,16.48475248624996,16.523069381713867,598500,0.0,0.0
2003-02-28 00:00:00-05:00,16.625248750462422,16.7018825509022,16.55287328564662,16.603961944580078,665400,0.0,0.0
2003-03-03 00:00:00-05:00,16.71039025769208,16.906231384309127,16.62098473781192,16.646528244018555,457600,0.0,0.0
2003-03-04 00:00:00-05:00,16.650787199469345,16.706134171781017,16.476232862866574,16.51880645751953,590500,0.0,0.0
2003-03-05 00:00:00-05:00,16.56138437906265,16.676333428200977,16.45494875098147,16.616729736328125,802100,0.0,0.0
2003-03-06 00:00:00-05:00,16.58267114968092,16.710393578330105,16.480492232314294,16.66781997680664,574400,0.0,0.0
2003-03-07 00:00:00-05:00,16.62524761349247,16.73168325970443,16.531585349199716,16.701881408691406,500900,0.0,0.0
2003-03-10 00:00:00-05:00,16.603959625842524,16.603959625842524,16.284652709960938,16.284652709960938,746100,0.0,0.0
2003-03-11 00:00:00-05:00,16.305939357064933,16.527325678183594,16.178216916748497,16.20376205444336,832900,0.0,0.0
2003-03-12 00:00:00-05:00,16.20376854470364,16.28465907701887,16.020699044761113,16.27614402770996,1276900,0.0,0.0
2003-03-13 00:00:00-05:00,16.38257702662955,16.425152266205835,16.161190653070854,16.178220748901367,960100,0.0,0.0
2003-03-14 00:00:00-05:00,16.220794364398326,16.284656411723088,16.114358701576606,16.178220748901367,943300,0.0,0.0
2003-03-17 00:00:00-05:00,16.173957517013484,16.48900604248047,16.118610539915196,16.48900604248047,985200,0.0,0.0
2003-03-18 00:00:00-05:00,16.561388332815394,16.659308939137517,16.425150826273377,16.603961944580078,1171800,0.0,0.0
2003-03-19 00:00:00-05:00,16.599704139288608,16.65930784146358,16.459208306379818,16.55712890625,815800,0.0,0.0
2003-03-20 00:00:00-05:00,16.518806775262604,16.582668792548972,16.391084364768435,16.44217300415039,802000,0.0,0.0
2003-03-21 00:00:00-05:00,16.49752278871174,16.816829681396484,16.374057067094718,16.816829681396484,943800,0.0,0.0
2003-03-24 00:00:00-05:00,16.816821964350687,16.816821964350687,16.47197009383133,16.501771926879883,778900,0.0,0.0
2003-03-25 00:00:00-05:00,16.50603770643746,16.791284415472276,16.48900761584704,16.68484878540039,826700,0.0,0.0
2003-03-26 00:00:00-05:00,16.684854577112883,16.73168653045362,16.540102005004883,16.540102005004883,877500,0.0,0.0
2003-03-27 00:00:00-05:00,16.540101556749114,16.540101556749114,16.254854756428816,16.416637420654297,1628300,0.0,0.0
2003-03-28 00:00:00-05:00,16.31019926285501,16.43366338007341,16.242080513187275,16.374059677124023,983100,0.0,0.0
2003-03-31 00:00:00-05:00,16.374058544168378,16.480494184664654,16.233564343234363,16.37831687927246,1098900,0.0,0.0
2003-04-01 00:00:00-05:00,16.37405882949927,16.599703495657124,16.340000268468035,16.565643310546875,1389200,0.0,0.0
2003-04-02 00:00:00-05:00,16.56564504436019,16.689110792188632,16.557129997191414,16.603961944580078,1073900,0.0,0.0
2003-04-03 00:00:00-05:00,16.603961944580078,16.693367503733427,16.506041338257955,16.603961944580078,738400,0.0,0.0
2003-04-04 00:00:00-05:00,16.646533609675696,16.75296925071986,16.565643107150567,16.74871253967285,532000,0.0,0.0
2003-04-07 00:00:00-04:00,16.821087380861467,16.995641760827112,16.57415754719055,16.61247444152832,683100,0.0,0.0
2003-04-08 00:00:00-04:00,16.612474291336156,16.778513623939045,16.561385640707325,16.625246047973633,642300,0.0,0.0
2003-04-09 00:00:00-04:00,16.70188319789719,16.761486906308342,16.565645686077627,16.595447540283203,631500,0.0,0.0
2003-04-10 00:00:00-04:00,16.565637934696785,16.769994106803942,16.552866181464616,16.75296401977539,521000,0.0,0.0
2003-04-11 00:00:00-04:00,16.80831463603543,16.910493556289236,16.731680851864784,16.816829681396484,793900,0.0,0.0
2003-04-14 00:00:00-04:00,16.82108814894001,16.910495322529915,16.791286299103046,16.82960319519043,719900,0.0,0.0
2003-04-15 00:00:00-04:00,16.83811756960517,17.008415239660728,16.816830766867962,16.98287010192871,448200,0.0,0.0
2003-04-16 00:00:00-04:00,16.98713026363184,16.98713026363184,16.633763128694913,16.7316837310791,831100,0.0,0.0
2003-04-17 00:00:00-04:00,16.731686147081014,16.774261387360426,16.603963674401488,16.64228057861328,807200,0.0,0.0
2003-04-21 00:00:00-04:00,16.646528059904323,16.646528059904323,16.263360854336504,16.395339965820312,1280800,0.0,0.0
2003-04-22 00:00:00-04:00,16.395347370175298,16.6380221545987,16.331486952446348,16.57841682434082,881200,0.0,0.0
2003-04-23 00:00:00-04:00,16.59119018586651,16.625248750462422,16.412377443480626,16.603961944580078,645100,0.0,0.0
2003-04-24 00:00:00-04:00,16.565646570428292,16.808319752816853,16.565646570428292,16.70614242553711,621700,0.0,0.0
2003-04-25 00:00:00-04:00,16.67633566399715,16.78702964152644,16.51881136805979,16.565643310546875,742900,0.0,0.0
2003-04-28 00:00:00-04:00,16.582674471816013,16.774258965210784,16.578416136363284,16.7316837310791,1060800,0.0,0.0
2003-04-29 00:00:00-04:00,16.735937767133965,16.78276807652961,16.57841187743321,16.582670211791992,1082900,0.0,0.0
2003-04-30 00:00:00-04:00,16.667821613920733,16.667821613920733,16.514554034856246,16.548612594604492,766300,0.0,0.0
2003-05-01 00:00:00-04:00,16.54861019542922,16.599700463763078,16.352769039052237,16.544353485107422,856200,0.0,0.0
2003-05-02 00:00:00-04:00,16.497524922788628,16.595445520989244,16.39534598931722,16.463464736938477,941900,0.0,0.0
2003-05-05 00:00:00-04:00,16.54009325484601,16.582668473577495,16.4464310217938,16.51880645751953,556900,0.0,0.0
2003-05-06 00:00:00-04:00,16.59118812652982,16.62098997588186,16.467722394026225,16.523069381713867,572500,0.0,0.0
2003-05-07 00:00:00-04:00,16.523072094857458,16.64227951183988,16.45495333885618,16.569902420043945,606100,0.0,0.0
2003-05-08 00:00:00-04:00,16.569894477241714,16.69761850458876,16.527320884178344,16.646528244018555,758100,0.0,0.0
2003-05-09 00:00:00-04:00,16.71039924925138,16.816834913259353,16.582676777257685,16.812578201293945,2129300,0.0,0.0
2003-05-12 00:00:00-04:00,16.907586637934948,16.91190458125469,16.72188377380371,16.72188377380371,798300,0.56,0.0
2003-05-13 00:00:00-04:00,16.72188746816186,16.860084749101915,16.72188746816186,16.842809677124023,833600,0.0,0.0
2003-05-14 00:00:00-04:00,16.929184099380635,16.94645917208284,16.855765864117078,16.890316009521484,724700,0.0,0.0
2003-05-15 00:00:00-04:00,16.89894719650155,17.097605515610994,16.821211045990726,17.08465003967285,985500,0.0,0.0
2003-05-16 00:00:00-04:00,17.08896266658018,17.52946683329864,17.08896266658018,17.512191772460938,1677300,0.0,0.0
2003-05-19 00:00:00-04:00,17.222844981697868,17.490601882567336,17.222844981697868,17.40422821044922,3030800,0.0,0.0
2003-05-20 00:00:00-04:00,17.46900495460712,17.46900495460712,17.283302177847702,17.382631301879883,1478200,0.0,0.0
2003-05-21 00:00:00-04:00,17.404233618331904,17.568343481604835,17.274673893618026,17.542430877685547,1396600,0.0,0.0
2003-05-22 00:00:00-04:00,17.542425141756116,17.90519324080375,17.533787609940607,17.88360023498535,1612900,0.0,0.0
2003-05-23 00:00:00-04:00,18.008837511879275,18.812109649792216,18.008837511879275,18.578901290893555,2938400,0.0,0.0
2003-05-27 00:00:00-04:00,18.591867482739385,19.11442597359727,18.591867482739385,18.976228713989258,2765600,0.0,0.0
2003-05-28 00:00:00-04:00,19.00213894583809,19.062600033438823,18.80779855894926,18.928722381591797,2154600,0.0,0.0
2003-05-29 00:00:00-04:00,18.872576025965024,18.9632676419353,18.311149618487054,18.453664779663086,1752900,0.0,0.0
2003-05-30 00:00:00-04:00,18.397519104642104,18.565948486328125,18.3370580356761,18.565948486328125,1836800,0.0,0.0
2003-06-02 00:00:00-04:00,18.56162623154395,18.656637410526443,18.397516462603374,18.578901290893555,1326600,0.0,0.0
2003-06-03 00:00:00-04:00,18.61346082932463,18.76461521734639,18.43639548431269,18.69551658630371,1107500,0.0,0.0
2003-06-04 00:00:00-04:00,18.65664008153978,18.894166415561585,18.583221892513073,18.82938575744629,718800,0.0,0.0
2003-06-05 00:00:00-04:00,18.829391263116765,18.829391263116765,18.483898162841797,18.483898162841797,1133400,0.0,0.0
2003-06-06 00:00:00-04:00,18.591855935009047,18.647999051678724,18.32409911675717,18.4493408203125,998000,0.0,0.0
2003-06-09 00:00:00-04:00,18.39752854131447,18.4493537533886,18.319792370644684,18.406166076660156,860100,0.0,0.0
2003-06-10 00:00:00-04:00,18.40616085004811,18.483896998643942,18.246370610130434,18.250688552856445,855800,0.0,0.0
2003-06-11 00:00:00-04:00,18.237737229336645,18.30683586077086,18.125452571046544,18.272287368774414,982400,0.0,0.0
2003-06-12 00:00:00-04:00,18.35433637077622,18.699829431796775,18.203183671404997,18.643686294555664,984000,0.0,0.0
2003-06-13 00:00:00-04:00,18.656645880775486,18.69983190131592,18.246372095877017,18.285240173339844,922300,0.0,0.0
2003-06-16 00:00:00-04:00,18.483896405724177,18.665281295776367,18.440710390085552,18.665281295776367,1101500,0.0,0.0
2003-06-17 00:00:00-04:00,18.95895418777213,18.95895418777213,18.44935120486114,18.457988739013672,1162600,0.0,0.0
2003-06-18 00:00:00-04:00,18.332749634285598,18.751659393310547,18.332749634285598,18.751659393310547,965100,0.0,0.0
2003-06-19 00:00:00-04:00,18.872579447213834,18.99782121431916,18.69119453495076,18.911447525024414,1117000,0.0,0.0
2003-06-20 00:00:00-04:00,19.010776091711726,19.08851224488192,18.75597462241856,18.8250732421875,1702300,0.0,0.0
2003-06-23 00:00:00-04:00,18.656643604905714,18.88121450869161,18.58322540201375,18.764610290527344,839100,0.0,0.0
2003-06-24 00:00:00-04:00,18.872583241611785,18.885538721006355,18.704155419716642,18.751659393310547,640300,0.0,0.0
2003-06-25 00:00:00-04:00,18.872572077737384,19.0669123909031,18.751648300967354,18.773242950439453,981100,0.0,0.0
2003-06-26 00:00:00-04:00,18.881212352340064,18.92871795217869,18.74733308438037,18.842344284057617,671500,0.0,0.0
2003-06-27 00:00:00-04:00,18.87257648754179,18.885531962299886,18.63505011481189,18.639368057250977,594500,0.0,0.0
2003-06-30 00:00:00-04:00,18.570268567739788,18.76028932744729,18.561631035829343,18.691190719604492,594100,0.0,0.0
2003-07-01 00:00:00-04:00,18.69119419716546,18.764612408343567,18.432074781405102,18.747337341308594,1090500,0.0,0.0
2003-07-02 00:00:00-04:00,18.87257927448021,18.90712776141724,18.70415148798962,18.790523529052734,1113000,0.0,0.0
2003-07-03 00:00:00-04:00,18.786202777152518,18.82075290636486,18.656643087487907,18.6998291015625,543400,0.0,0.0
2003-07-07 00:00:00-04:00,18.656655643841198,18.76462239913259,18.527095866979916,18.548688888549805,741300,0.0,0.0
2003-07-08 00:00:00-04:00,18.41911485899058,18.453663337280428,18.060664718019485,18.09521484375,1550400,0.0,0.0
2003-07-09 00:00:00-04:00,18.11680284329555,18.17294595837607,17.90086955945994,17.944055557250977,1065200,0.0,0.0
2003-07-10 00:00:00-04:00,17.879291508189215,17.879291508189215,17.542434183523476,17.555391311645508,1368500,0.0,0.0
2003-07-11 00:00:00-04:00,17.61152974581789,17.689265911187004,17.494925497764225,17.684947967529297,1587300,0.0,0.0
2003-07-14 00:00:00-04:00,17.836103561772543,17.909521795234273,17.659038189524516,17.715181350708008,1055500,0.0,0.0
2003-07-15 00:00:00-04:00,17.7065440777226,17.792917792955908,17.49924814962762,17.555391311645508,978200,0.0,0.0
2003-07-16 00:00:00-04:00,17.602885524101204,17.602885524101204,17.278985507253033,17.434457778930664,927600,0.0,0.0
2003-07-17 00:00:00-04:00,17.326495023671463,17.395593643655996,17.067375610589735,17.25307846069336,1173900,0.0,0.0
2003-07-18 00:00:00-04:00,17.40422091789833,17.650384709453252,17.31784728197167,17.60719871520996,892600,0.0,0.0
2003-07-21 00:00:00-04:00,17.598574183381984,17.60289212701907,17.261718566684966,17.361047744750977,636100,0.0,0.0
2003-07-22 00:00:00-04:00,17.36104256516331,17.611524407416766,17.22284534582882,17.56833839416504,1137800,0.0,0.0
2003-07-23 00:00:00-04:00,17.56834813968879,17.620171713826622,17.391282751229618,17.469018936157227,707400,0.0,0.0
2003-07-24 00:00:00-04:00,17.47333581884333,17.624490234767034,17.352413604057663,17.4776554107666,780500,0.0,0.0
2003-07-25 00:00:00-04:00,17.503557324770775,17.533787862840715,17.361042166361166,17.464689254760742,540600,0.0,0.0
2003-07-28 00:00:00-04:00,17.43878315605825,17.451738633850887,17.227167683278225,17.231487274169922,723400,0.0,0.0
2003-07-29 00:00:00-04:00,17.31785932270914,17.434463565166553,17.18829960245909,17.231487274169922,667500,0.0,0.0
2003-07-30 00:00:00-04:00,17.361046994419972,17.378322063104306,17.196937136801257,17.231487274169922,770300,0.0,0.0
2003-07-31 00:00:00-04:00,17.235799172277243,17.274667239463664,17.097601966156788,17.149425506591797,856400,0.0,0.0
2003-08-01 00:00:00-04:00,17.14511394110794,17.14511394110794,16.95077353289856,16.95509147644043,667500,0.0,0.0
2003-08-04 00:00:00-04:00,16.955082182823933,17.04145583328856,16.734830939207477,17.015544891357422,1358600,0.0,0.0
2003-08-05 00:00:00-04:00,17.011233527483647,17.01555311818755,16.842805733736864,16.88167381286621,942900,0.0,0.0
2003-08-06 00:00:00-04:00,16.864394546533227,17.09760296325195,16.648461193447165,17.058734893798828,1429800,0.0,0.0
2003-08-07 00:00:00-04:00,17.110560833591396,17.33945134017846,17.01555126518714,17.326494216918945,1173100,0.0,0.0
2003-08-08 00:00:00-04:00,17.36104256516331,17.57265633651389,17.330812026398938,17.56833839416504,3224300,0.0,0.0
2003-08-11 00:00:00-04:00,17.598987070217383,17.651535635971356,17.301218546020934,17.489513397216797,849100,0.56,0.0
2003-08-12 00:00:00-04:00,17.485140789871483,17.53330948870116,17.371287198012936,17.524551391601562,762100,0.0,0.0
2003-08-13 00:00:00-04:00,17.559571654912222,17.577087838682598,17.30997188270766,17.37127685546875,813400,0.0,0.0
2003-08-14 00:00:00-04:00,17.40631242341633,17.40631242341633,17.20925949585659,17.296838760375977,687300,0.0,0.0
2003-08-15 00:00:00-04:00,17.34063416302834,17.40631905404827,17.104172230316152,17.213645935058594,1030600,0.0,0.0
2003-08-18 00:00:00-04:00,17.213644017691102,17.40193890250949,17.191747942832606,17.292465209960938,1173600,0.0,0.0
2003-08-19 00:00:00-04:00,17.406318713074473,17.4501075259392,17.318739416908883,17.428213119506836,669400,0.0,0.0
2003-08-20 00:00:00-04:00,17.340631765121582,17.489516049800653,17.340631765121582,17.441349029541016,1313900,0.0,0.0
2003-08-21 00:00:00-04:00,17.515795306279564,17.55520591253615,17.388805389404297,17.388805389404297,1165300,0.0,0.0
2003-08-22 00:00:00-04:00,17.49390416290874,17.515798577042702,17.30122930948177,17.314367294311523,1028400,0.0,0.0
2003-08-25 00:00:00-04:00,17.279324430282383,17.450103095708133,17.253051817408092,17.432588577270508,423200,0.0,0.0
2003-08-26 00:00:00-04:00,17.362525206067236,17.507029585801455,17.323114616969598,17.489513397216797,535900,0.0,0.0
2003-08-27 00:00:00-04:00,17.428218801735092,17.47200929931324,17.301228864413492,17.30560874938965,564300,0.0,0.0
2003-08-28 00:00:00-04:00,17.314356455745468,17.32311455000394,17.156714099964308,17.231155395507812,732300,0.0,0.0
2003-08-29 00:00:00-04:00,17.231159197175355,17.314360275769452,17.13920169282655,17.309980392456055,422900,0.0,0.0
2003-09-02 00:00:00-04:00,17.187380201875165,17.423843922754887,17.099800860389674,17.375675201416016,1725400,0.0,0.0
2003-09-03 00:00:00-04:00,17.472001130416896,17.48513743833022,17.274948159537505,17.454484939575195,861700,0.0,0.0
2003-09-04 00:00:00-04:00,17.480759128900594,17.502655204641606,17.345012813748202,17.410696029663086,768000,0.0,0.0
2003-09-05 00:00:00-04:00,17.38441367273752,17.4238242483831,17.231149580589104,17.26618194580078,676600,0.0,0.0
2003-09-08 00:00:00-04:00,17.2968482017285,17.546448156067896,17.239921398152507,17.53331184387207,567700,0.0,0.0
2003-09-09 00:00:00-04:00,17.515787968765288,17.515787968765288,17.393177987523355,17.432588577270508,457700,0.0,0.0
2003-09-10 00:00:00-04:00,17.436964178867296,17.638395309448242,17.40193347680061,17.638395309448242,843300,0.0,0.0
2003-09-11 00:00:00-04:00,17.642786588076707,17.79604914068914,17.476386052071394,17.515796661376953,727700,0.0,0.0
2003-09-12 00:00:00-04:00,17.515796146891,17.686574892053347,17.45449112764672,17.66468048095703,595100,0.0,0.0
2003-09-15 00:00:00-04:00,17.743503248745856,17.747881463173357,17.454492653868513,17.598997116088867,546500,0.0,0.0
2003-09-16 00:00:00-04:00,17.686572111365788,17.844214519173065,17.60337269410583,17.74787712097168,589700,0.0,0.0
2003-09-17 00:00:00-04:00,17.6997083009596,17.704088184722234,17.533309467576395,17.60337257385254,423900,0.0,0.0
2003-09-18 00:00:00-04:00,17.660301269098138,17.88362692236095,17.620890663176887,17.78291130065918,511500,0.0,0.0
2003-09-19 00:00:00-04:00,17.782909398429258,17.966824426097514,17.743498796723745,17.962446212768555,1113100,0.0,0.0
2003-09-22 00:00:00-04:00,17.86610888361713,17.90989936925559,17.791667563686083,17.905519485473633,768400,0.0,0.0
2003-09-23 00:00:00-04:00,17.86610888361713,17.953688184457828,17.83983626267028,17.905519485473633,744600,0.0,0.0
2003-09-24 00:00:00-04:00,17.923032162143766,17.9536846608567,17.752253477761457,17.7697696685791,974100,0.0,0.0
2003-09-25 00:00:00-04:00,17.76977082871279,17.835454042913373,17.60337034595317,17.81793785095215,807500,0.0,0.0
2003-09-26 00:00:00-04:00,17.765393251102264,17.98872055150134,17.66467763990833,17.98434066772461,651900,0.0,0.0
2003-09-29 00:00:00-04:00,17.962445299071437,18.063160904876593,17.822319093565465,18.02375030517578,518100,0.0,0.0
2003-09-30 00:00:00-04:00,18.023741730202687,18.032499822684578,17.734731360041643,17.848583221435547,733400,0.0,0.0
2003-10-01 00:00:00-04:00,17.866105512622624,18.076294792719843,17.804800514732094,18.071916580200195,851300,0.0,0.0
2003-10-02 00:00:00-04:00,18.045644149186884,18.09819272744105,17.927412353769142,18.050024032592773,657500,0.0,0.0
2003-10-03 00:00:00-04:00,18.050024947486662,18.141982458438335,17.96244564972671,17.988719940185547,1087900,0.0,0.0
2003-10-06 00:00:00-04:00,17.98872050405097,18.041267416179583,17.927413824391998,17.962446212768555,450700,0.0,0.0
2003-10-07 00:00:00-04:00,17.953688516160998,18.054404129335893,17.769773484390214,17.949310302734375,1080300,0.0,0.0
2003-10-08 00:00:00-04:00,17.94930760905409,17.953685821823672,17.778527243192453,17.896759033203125,521500,0.0,0.0
2003-10-09 00:00:00-04:00,17.931794248647588,17.97558306500192,17.708466942106188,17.83545684814453,886700,0.0,0.0
2003-10-10 00:00:00-04:00,17.835451629884016,17.887998528222404,17.664672957457423,17.787282943725586,474900,0.0,0.0
2003-10-13 00:00:00-04:00,17.831072966247426,17.909894146977262,17.765388092160652,17.77852439880371,551300,0.0,0.0
2003-10-14 00:00:00-04:00,17.844213485717773,17.9011402786704,17.734739783351408,17.844213485717773,714900,0.0,0.0
2003-10-15 00:00:00-04:00,17.796051923823338,17.796051923823338,17.585862531467566,17.712852478027344,1263400,0.0,0.0
2003-10-16 00:00:00-04:00,17.712852478027344,17.7829156088126,17.5376938158458,17.712852478027344,911000,0.0,0.0
2003-10-17 00:00:00-04:00,17.74788365363007,17.769779739779903,17.58148475786188,17.72161102294922,1153200,0.0,0.0
2003-10-20 00:00:00-04:00,17.800421320913305,17.809177745469878,17.60336835967405,17.69532585144043,1020400,0.0,0.0
2003-10-21 00:00:00-04:00,17.717230732638583,17.80481006392586,17.6252731864835,17.7347469329834,555600,0.0,0.0
2003-10-22 00:00:00-04:00,17.72598030970641,17.848590312292494,17.686569713098596,17.717222213745117,581900,0.0,0.0
2003-10-23 00:00:00-04:00,17.6909471357901,17.804799026580046,17.651536544663625,17.743494033813477,573000,0.0,0.0
2003-10-24 00:00:00-04:00,17.64715571985319,17.87924104206678,17.64277750793324,17.861724853515625,536400,0.0,0.0
2003-10-27 00:00:00-05:00,17.861727164717898,18.006231562873737,17.747873594839096,17.7697696685791,542800,0.0,0.0
2003-10-28 00:00:00-05:00,17.7697773003775,17.879251034350933,17.734744903696424,17.870492935180664,532000,0.0,0.0
2003-10-29 00:00:00-05:00,17.800425187010102,17.91865531899639,17.774150896326383,17.796045303344727,423800,0.0,0.0
2003-10-30 00:00:00-05:00,17.79604478940679,17.879245872284354,17.712845376965358,17.844213485717773,413800,0.0,0.0
2003-10-31 00:00:00-05:00,17.909906004867242,17.95369483629322,17.72161102294922,17.72161102294922,618700,0.0,0.0
2003-11-03 00:00:00-05:00,17.809179782624636,17.997474670410156,17.782907165078008,17.997474670410156,638100,0.0,0.0
2003-11-04 00:00:00-05:00,17.99747650111454,18.019372578545344,17.844213981715992,17.874866485595703,642700,0.0,0.0
2003-11-05 00:00:00-05:00,17.901143549540205,17.98434297718371,17.86611115657256,17.971206665039062,541900,0.0,0.0
2003-11-06 00:00:00-05:00,18.041263075484956,18.089431762695312,17.944925701064246,18.089431762695312,2389200,0.0,0.0
2003-11-07 00:00:00-05:00,18.089433555718845,18.124947366938468,17.934064865112305,17.934064865112305,1084800,0.56,0.0
2003-11-10 00:00:00-05:00,17.93406179038919,18.022842916433632,17.712105588495223,17.743179321289062,1327800,0.0,0.0
2003-11-11 00:00:00-05:00,17.7431827287829,17.7431827287829,17.64552143930891,17.658838272094727,731000,0.0,0.0
2003-11-12 00:00:00-05:00,17.658842964695065,17.70323524143069,17.5611833426611,17.6188907623291,971600,0.0,0.0
2003-11-13 00:00:00-05:00,17.561177343143466,17.65883693181347,17.5434204385156,17.60112953186035,889900,0.0,0.0
2003-11-14 00:00:00-05:00,17.60112771517752,17.698787293767687,17.5345401763916,17.5345401763916,732900,0.0,0.0
2003-11-17 00:00:00-05:00,17.530116546171477,17.556750229380654,17.317036920140776,17.36142921447754,1090500,0.0,0.0
2003-11-18 00:00:00-05:00,17.44575925011274,17.516785175613883,17.223803021247715,17.31702423095703,1024200,0.0,0.0
2003-11-19 00:00:00-05:00,17.392491701641443,17.490152992494586,17.317025696875344,17.44576072692871,824200,0.0,0.0
2003-11-20 00:00:00-05:00,17.401373940352585,17.6410871463816,17.343664829258458,17.441326141357422,932900,0.0,0.0
2003-11-21 00:00:00-05:00,17.534541017385532,17.587810034934286,17.42356290968056,17.490150451660156,710900,0.0,0.0
2003-11-24 00:00:00-05:00,17.601131184470795,17.645521756816763,17.53454363256005,17.592252731323242,729000,0.0,0.0
2003-11-25 00:00:00-05:00,17.614446231975922,17.823085626314796,17.538980234567376,17.74761962890625,674400,0.0,0.0
2003-11-26 00:00:00-05:00,17.752065829732707,17.836408615112305,17.70323517221055,17.836408615112305,494700,0.0,0.0
2003-11-28 00:00:00-05:00,17.792013635511932,17.894113306287384,17.792013635511932,17.889673233032227,261500,0.0,0.0
2003-12-01 00:00:00-05:00,17.77870298028648,18.076125364563616,17.77870298028648,18.05392837524414,765700,0.0,0.0
2003-12-02 00:00:00-05:00,18.067241141504635,18.071679521916536,17.96957983852284,18.045045852661133,479300,0.0,0.0
2003-12-03 00:00:00-05:00,18.0450458725129,18.16934084488684,17.996215220968285,18.049484252929688,616000,0.0,0.0
2003-12-04 00:00:00-05:00,18.027293418102474,18.156028496092038,18.005098123750717,18.14715003967285,412800,0.0,0.0
2003-12-05 00:00:00-05:00,18.124947066483923,18.338024850094328,18.124947066483923,18.222606658935547,632800,0.0,0.0
2003-12-08 00:00:00-05:00,18.22260847970593,18.377978876652975,18.16933945182871,18.29363441467285,420700,0.0,0.0
2003-12-09 00:00:00-05:00,18.293629666997703,18.33358185088495,18.10274719880212,18.107187271118164,684500,0.0,0.0
2003-12-10 00:00:00-05:00,18.16933720456227,18.23592475121685,18.13382339477539,18.13382339477539,517100,0.0,0.0
2003-12-11 00:00:00-05:00,18.178219257054632,18.275878866525925,18.151583894439558,18.26700210571289,858100,0.0,0.0
2003-12-12 00:00:00-05:00,18.311396044347674,18.400178909301758,18.222613179393587,18.400178909301758,1062500,0.0,0.0
2003-12-15 00:00:00-05:00,18.533352360036737,18.533352360036737,18.351348248907396,18.400178909301758,981700,0.0,0.0
2003-12-16 00:00:00-05:00,18.44455909729004,18.44455909729004,18.271433539591797,18.44455909729004,861000,0.0,0.0
2003-12-17 00:00:00-05:00,18.444569305387816,18.546669006347656,18.3202743117658,18.546669006347656,790800,0.0,0.0
2003-12-18 00:00:00-05:00,18.511149544657638,18.777496337890625,18.422366715782772,18.777496337890625,797900,0.0,0.0
2003-12-19 00:00:00-05:00,18.777495454848463,18.84408299672113,18.688712630148753,18.81300926208496,874900,0.0,0.0
2003-12-22 00:00:00-05:00,18.750864898763602,18.93286895751953,18.657641986021833,18.93286895751953,850000,0.0,0.0
2003-12-23 00:00:00-05:00,18.999453003423156,19.083797454833984,18.950622361741445,19.083797454833984,799900,0.0,0.0
2003-12-24 00:00:00-05:00,19.083799447275982,19.097116280618916,18.990576533699947,19.012773513793945,294800,0.0,0.0
2003-12-26 00:00:00-05:00,19.079355588322702,19.079355588322702,18.990572765737795,19.02164649963379,158500,0.0,0.0
2003-12-29 00:00:00-05:00,19.052730465606675,19.301322163669774,19.034975246267624,19.270248413085938,909300,0.0,0.0
2003-12-30 00:00:00-05:00,19.270245201696138,19.296880566354528,19.208097710885355,19.216976165771484,817600,0.0,0.0
2003-12-31 00:00:00-05:00,19.190333621841827,19.234725879664943,19.088233968935892,19.09267234802246,642900,0.0,0.0
2004-01-02 00:00:00-05:00,19.114878600104724,19.17258602319303,19.030534116004063,19.079364776611328,1145200,0.0,0.0
2004-01-05 00:00:00-05:00,19.079365495732546,19.123757776772482,18.773066376822662,18.95507049560547,1703000,0.0,0.0
2004-01-06 00:00:00-05:00,18.88847126059691,18.959497173023042,18.78193323865337,18.94618034362793,888400,0.0,0.0
2004-01-07 00:00:00-05:00,18.946190535274756,19.043851852416992,18.910676713262223,19.043851852416992,1064900,0.0,0.0
2004-01-08 00:00:00-05:00,19.043847253855347,19.15482538075802,18.915112220234207,19.012773513793945,911700,0.0,0.0
2004-01-09 00:00:00-05:00,19.012766422016142,19.079352257286075,18.897348264789006,19.034961700439453,807800,0.0,0.0
2004-01-12 00:00:00-05:00,18.990577931668714,19.052725416366428,18.875161416286087,18.995018005371094,908000,0.0,0.0
2004-01-13 00:00:00-05:00,18.995013001476583,19.154821744824517,18.995013001476583,19.09711265563965,860800,0.0,0.0
2004-01-14 00:00:00-05:00,19.10155154684743,19.172577468751488,19.070477811851376,19.114870071411133,451900,0.0,0.0
2004-01-15 00:00:00-05:00,19.154821580206892,19.168138410907606,18.96393910433637,19.02164649963379,593700,0.0,0.0
2004-01-16 00:00:00-05:00,19.021654109638504,19.101558512593172,18.97726352728243,19.017215728759766,508500,0.0,0.0
2004-01-20 00:00:00-05:00,18.999458640555545,19.163705825805664,18.955068058615133,19.163705825805664,407100,0.0,0.0
2004-01-21 00:00:00-05:00,19.163695175612528,19.483312606811523,19.03496188217179,19.483312606811523,793300,0.0,0.0
2004-01-22 00:00:00-05:00,19.261361799864304,19.576539247109505,19.15926213498452,19.248044967651367,839000,0.0,0.0
2004-01-23 00:00:00-05:00,19.221406401719797,19.23028485284381,18.977254922679396,19.19921112060547,1426800,0.0,0.0
2004-01-26 00:00:00-05:00,19.199225217886852,19.199225217886852,18.857412218893078,18.928438186645508,1014000,0.0,0.0
2004-01-27 00:00:00-05:00,18.93287415003437,18.93287415003437,18.737551511093834,18.768625259399414,1434000,0.0,0.0
2004-01-28 00:00:00-05:00,18.84408518712324,19.319071407077956,18.799692922917544,19.26580238342285,2564500,0.0,0.0
2004-01-29 00:00:00-05:00,19.265803001647615,19.50995453574253,19.088237325910338,19.438928604125977,1572700,0.0,0.0
2004-01-30 00:00:00-05:00,19.443369399206738,19.470004761893453,19.305757592138704,19.456687927246094,1023300,0.0,0.0
2004-02-02 00:00:00-05:00,19.46112534799649,19.585420314287926,19.43005160642363,19.567665100097656,1303500,0.0,0.0
2004-02-03 00:00:00-05:00,19.567669481288828,19.74967359127702,19.509960365421655,19.740795135498047,1011700,0.0,0.0
2004-02-04 00:00:00-05:00,19.731911341570576,19.731911341570576,19.42117224694115,19.46556282043457,1629800,0.0,0.0
2004-02-05 00:00:00-05:00,19.643129191285926,19.66532447881239,19.32795170559121,19.34126853942871,1304700,0.0,0.0
2004-02-06 00:00:00-05:00,19.37678461485518,19.438932104536722,19.265806470883252,19.279123306274414,1102900,0.0,0.0
2004-02-09 00:00:00-05:00,19.11494759319769,19.686147409515097,19.092459762700933,19.32183837890625,1179900,0.565,0.0
2004-02-10 00:00:00-05:00,19.326347801822827,19.429793252631374,19.294864478346856,19.411802291870117,1212900,0.0,0.0
2004-02-11 00:00:00-05:00,19.42978385142742,19.62318229675293,19.294855142428876,19.62318229675293,1274900,0.0,0.0
2004-02-12 00:00:00-05:00,19.542228923875843,19.605195553879824,19.47026681591244,19.555721282958984,773600,0.0,0.0
2004-02-13 00:00:00-05:00,19.57821802520285,19.623195435458058,19.41630277970964,19.49276351928711,752000,0.0,0.0
2004-02-17 00:00:00-05:00,19.506247012038145,19.56021987979469,19.4207925449916,19.555721282958984,592700,0.0,0.0
2004-02-18 00:00:00-05:00,19.591710853877032,19.708648681640625,19.537737965020607,19.708648681640625,1069700,0.0,0.0
2004-02-19 00:00:00-05:00,19.789606738757016,19.879559839802994,19.76262029372941,19.85257339477539,1370300,0.0,0.0
2004-02-20 00:00:00-05:00,19.852571868092102,19.852571868092102,19.537736896498657,19.596206665039062,720300,0.0,0.0
2004-02-23 00:00:00-05:00,19.59619945716758,19.68615251820955,19.47026620113598,19.587203979492188,553500,0.0,0.0
2004-02-24 00:00:00-05:00,19.587215197557743,19.632192611694336,19.384821123225375,19.632192611694336,841100,0.0,0.0
2004-02-25 00:00:00-05:00,19.63218986757175,19.69065792420747,19.564724613653393,19.56922149658203,716100,0.0,0.0
2004-02-26 00:00:00-05:00,19.58720039264045,19.663661081023655,19.483754991884513,19.62318229675293,667000,0.0,0.0
2004-02-27 00:00:00-05:00,19.312853009199287,19.888551722282763,19.312853009199287,19.86606216430664,1507100,0.0,0.0
2004-03-01 00:00:00-05:00,19.86606702531178,20.07295968561468,19.798603482012997,20.00099754333496,746000,0.0,0.0
2004-03-02 00:00:00-05:00,20.036972045898438,20.216878208179242,19.90204328204399,20.036972045898438,988400,0.0,0.0
2004-03-03 00:00:00-05:00,20.072954823753676,20.14041835071215,19.88855177159402,20.077451705932617,855400,0.0,0.0
2004-03-04 00:00:00-05:00,20.04147741385696,20.17640622329203,20.000998599455148,20.113439559936523,692800,0.0,0.0
2004-03-05 00:00:00-05:00,20.135923389779567,20.234871964281265,20.07745362160015,20.194393157958984,1009700,0.0,0.0
2004-03-08 00:00:00-05:00,20.198899410809105,20.243875120603562,20.0819615359155,20.099950790405273,625000,0.0,0.0
2004-03-09 00:00:00-05:00,20.0774480687697,20.0774480687697,19.888548168651575,19.996490478515625,1005200,0.0,0.0
2004-03-10 00:00:00-05:00,20.08195068062273,20.194391610042313,19.893049027027367,19.938026428222656,1056500,0.0,0.0
2004-03-11 00:00:00-05:00,19.888553792028528,20.063961381937183,19.596206665039062,19.596206665039062,1021500,0.0,0.0
2004-03-12 00:00:00-05:00,19.587208885254867,19.699649810791016,19.528739123576607,19.699649810791016,653900,0.0,0.0
2004-03-15 00:00:00-05:00,19.72213447480393,19.780604227060593,19.609693567386095,19.726633071899414,586500,0.0,0.0
2004-03-16 00:00:00-05:00,19.85706839997106,19.95601524907397,19.789603157467464,19.86606216430664,809500,0.0,0.0
2004-03-17 00:00:00-05:00,19.978500247400085,20.212377548217773,19.960511005577295,20.212377548217773,727200,0.0,0.0
2004-03-18 00:00:00-05:00,20.104432389891663,20.126920225772494,19.861559644670145,20.01897621154785,799700,0.0,0.0
2004-03-19 00:00:00-05:00,19.947023806544752,20.072958836994744,19.843578338623047,19.843578338623047,531200,0.0,0.0
2004-03-22 00:00:00-05:00,19.834573636121767,19.90203886091813,19.609691841083144,19.645673751831055,830800,0.0,0.0
2004-03-23 00:00:00-05:00,19.650175339376776,19.8480724644662,19.61419513572292,19.780607223510742,797600,0.0,0.0
2004-03-24 00:00:00-05:00,19.80759152900329,19.9245293229201,19.7176384559915,19.767112731933594,535300,0.0,0.0
2004-03-25 00:00:00-05:00,19.81209436581795,19.86156865663131,19.744630827564645,19.839080810546875,463100,0.0,0.0
2004-03-26 00:00:00-05:00,19.78060402878472,19.924528251579925,19.717637395775828,19.749120712280273,449800,0.0,0.0
2004-03-29 00:00:00-05:00,19.83458113870804,19.83458113870804,19.659173546742522,19.78510856628418,672900,0.0,0.0
2004-03-30 00:00:00-05:00,19.785101882651997,19.956010818481445,19.67715786175423,19.956010818481445,638300,0.0,0.0
2004-03-31 00:00:00-05:00,19.879556869432328,19.915537075047,19.78510689951732,19.834579467773438,745800,0.0,0.0
2004-04-01 00:00:00-05:00,19.879559839802994,19.902047686136314,19.825588665460486,19.85257339477539,894400,0.0,0.0
2004-04-02 00:00:00-05:00,19.857071345662497,19.857071345662497,19.668169668057303,19.731136322021484,995600,0.0,0.0
2004-04-05 00:00:00-04:00,19.731132974185833,19.87955581824322,19.654673968977374,19.875057220458984,603300,0.0,0.0
2004-04-06 00:00:00-04:00,19.80308846361836,19.875050562648834,19.717634007179598,19.740121841430664,541200,0.0,0.0
2004-04-07 00:00:00-04:00,19.7086516495952,19.780613796527987,19.47477424313541,19.479272842407227,1283400,0.0,0.0
2004-04-08 00:00:00-04:00,19.48376105039712,19.56471864411249,19.36232465982407,19.519742965698242,702900,0.0,0.0
2004-04-12 00:00:00-04:00,19.443279351766876,19.555720246733635,19.168923293534075,19.209402084350586,1429700,0.0,0.0
2004-04-13 00:00:00-04:00,19.20491020225661,19.20491020225661,18.73265866361758,18.95754051208496,1751100,0.0,0.0
2004-04-14 00:00:00-04:00,18.912563930862387,19.01600937974553,18.72816087577288,18.84510040283203,1485400,0.0,0.0
2004-04-15 00:00:00-04:00,18.944047301420444,19.025004907830517,18.88108065548204,18.97553062438965,1196200,0.0,0.0
2004-04-16 00:00:00-04:00,18.975527665623588,19.05648525941032,18.92155650833649,19.038496017456055,956400,0.0,0.0
2004-04-19 00:00:00-04:00,18.957541148579452,18.980028991038743,18.849597102777484,18.903568267822266,523500,0.0,0.0
2004-04-20 00:00:00-04:00,18.867586104978873,19.025002701569854,18.750646591186523,18.750646591186523,676400,0.0,0.0
2004-04-21 00:00:00-04:00,18.777634928459808,18.86308941586699,18.620218315943305,18.77313804626465,867300,0.0,0.0
2004-04-22 00:00:00-04:00,18.777633136044063,19.209405845485158,18.638205781329606,19.056486129760742,1907400,0.0,0.0
2004-04-23 00:00:00-04:00,19.016005803248834,19.016005803248834,18.764139267499587,18.953039169311523,1243300,0.0,0.0
2004-04-26 00:00:00-04:00,18.95753580278815,19.033994788731732,18.79562063759948,18.85858726501465,1329100,0.0,0.0
2004-04-27 00:00:00-04:00,18.93504307131416,18.953034023472217,18.773129649026522,18.863080978393555,811200,0.0,0.0
2004-04-28 00:00:00-04:00,18.849590435525972,18.890069223919987,18.705666235838763,18.710163116455078,711900,0.0,0.0
2004-04-29 00:00:00-04:00,18.764147235103497,18.86759270845567,18.44931221602007,18.54376220703125,933800,0.0,0.0
2004-04-30 00:00:00-04:00,18.575236406916893,18.656193992479196,18.39533199566554,18.534757614135742,1167200,0.0,0.0
2004-05-03 00:00:00-04:00,18.485289473823915,18.54375924183448,18.305385002909752,18.525768280029297,923000,0.0,0.0
2004-05-04 00:00:00-04:00,18.507775215208174,18.65619633019566,18.417822140454927,18.548254013061523,771700,0.0,0.0
2004-05-05 00:00:00-04:00,18.530269415704108,18.642710368814313,18.485292005032356,18.552757263183594,896600,0.0,0.0
2004-05-06 00:00:00-04:00,18.440303529996953,18.701167183962866,18.377336914408378,18.660688400268555,782400,0.0,0.0
2004-05-07 00:00:00-04:00,18.651698798742093,18.651698798742093,17.963559259208484,17.981550216674805,2596000,0.0,0.0
2004-05-10 00:00:00-04:00,17.883468288315655,17.979272163179164,17.678173027674898,17.78766441345215,1876000,0.565,0.0
2004-05-11 00:00:00-04:00,17.313209219405334,17.568686286582572,16.984736715540883,17.217405319213867,4490200,0.0,0.0
2004-05-12 00:00:00-04:00,17.26758575439453,17.445509507288012,17.10791259958779,17.26758575439453,9518600,0.0,0.0
2004-05-13 00:00:00-04:00,17.24020713099605,17.30407636670068,17.176337895291418,17.25389289855957,1765000,0.0,0.0
2004-05-14 00:00:00-04:00,17.24476837118165,17.46831243512876,17.231082603699264,17.418128967285156,2199300,0.0,0.0
2004-05-17 00:00:00-04:00,17.372512896791378,17.372512896791378,17.016667191115932,17.15353012084961,1620800,0.0,0.0
2004-05-18 00:00:00-04:00,17.23565189014874,17.272149607332064,17.158096851594593,17.231090545654297,1621700,0.0,0.0
2004-05-19 00:00:00-04:00,17.281266964787374,17.33145043522489,16.99385365065828,16.998414993286133,1316600,0.0,0.0
2004-05-20 00:00:00-04:00,17.04859980540813,17.199150228568648,17.021228266874484,17.121593475341797,1176600,0.0,0.0
2004-05-21 00:00:00-04:00,17.24476901468143,17.272142290973797,17.148965158117463,17.24020767211914,1044900,0.0,0.0
2004-05-24 00:00:00-04:00,17.272144989575104,17.42269368193934,17.226522855293155,17.377073287963867,1026300,0.0,0.0
2004-05-25 00:00:00-04:00,17.377069955027167,17.55955497654122,17.31320071958909,17.50480842590332,1098100,0.0,0.0
2004-05-26 00:00:00-04:00,17.53674462410296,17.719229662063285,17.38163286392857,17.691856384277344,1243800,0.0,0.0
2004-05-27 00:00:00-04:00,17.737483870353156,17.9199672231142,17.6553657525033,17.705549240112305,1470900,0.0,0.0
2004-05-28 00:00:00-04:00,17.746608399188084,17.915405980029014,17.691861826774673,17.910842895507812,1386600,0.0,0.0
2004-06-01 00:00:00-04:00,17.983835876290154,18.00208473304205,17.80591387372608,17.828725814819336,1108700,0.0,0.0
2004-06-02 00:00:00-04:00,17.897153639423728,17.947337117549253,17.819598620725362,17.919963836669922,693500,0.0,0.0
2004-06-03 00:00:00-04:00,17.919963028921224,17.929087455469716,17.68729624300717,17.696420669555664,1074100,0.0,0.0
2004-06-04 00:00:00-04:00,17.746601912835718,17.942772708183266,17.723789979181102,17.883464813232422,1077300,0.0,0.0
2004-06-07 00:00:00-04:00,17.88346786913731,17.979271741755227,17.88346786913731,17.919963836669922,832600,0.0,0.0
2004-06-08 00:00:00-04:00,17.951901737921382,17.951901737921382,17.710110470422016,17.846973419189453,957400,0.0,0.0
2004-06-09 00:00:00-04:00,17.837848445344118,17.901719443769707,17.646240670987627,17.687299728393555,683500,0.0,0.0
2004-06-10 00:00:00-04:00,17.792229678753866,17.819602966308594,17.687301353587788,17.819602966308594,485500,0.0,0.0
2004-06-14 00:00:00-04:00,17.723793233163715,17.746605171006465,17.614303588867188,17.614303588867188,1081200,0.0,0.0
2004-06-15 00:00:00-04:00,17.837852273534832,17.851539789145466,17.69186486927371,17.773983001708984,1020900,0.0,0.0
2004-06-16 00:00:00-04:00,17.837847518424038,17.919965628968736,17.769416919841238,17.80135154724121,591800,0.0,0.0
2004-06-17 00:00:00-04:00,17.801353016369244,17.88347113369107,17.687300269011914,17.846973419189453,517800,0.0,0.0
2004-06-18 00:00:00-04:00,17.85153801057172,18.047708891810405,17.719236394795495,18.034021377563477,1515800,0.0,0.0
2004-06-21 00:00:00-04:00,18.034012076909185,18.257556131046723,17.95645707750408,18.207372665405273,1002800,0.0,0.0
2004-06-22 00:00:00-04:00,18.13894133867251,18.280367318612463,18.13894133867251,18.2347469329834,1464800,0.0,0.0
2004-06-23 00:00:00-04:00,18.180002860760993,18.408108300621514,18.120696699417863,18.39442253112793,1459300,0.0,0.0
2004-06-24 00:00:00-04:00,18.403544718562124,18.481099723332196,18.357924332262808,18.385295867919922,644200,0.0,0.0
2004-06-25 00:00:00-04:00,18.385289812330424,18.449159028235243,18.275800225152334,18.37616539001465,1011600,0.0,0.0
2004-06-28 00:00:00-04:00,18.421797494504897,18.490228088535005,18.248436857076832,18.330554962158203,671000,0.0,0.0
2004-06-29 00:00:00-04:00,18.353363258685622,18.353363258685622,18.00664376005759,18.134382247924805,680400,0.0,0.0
2004-06-30 00:00:00-04:00,18.202815613738654,18.221062727113367,17.87434320870315,18.138944625854492,794900,0.0,0.0
2004-07-01 00:00:00-04:00,18.075082146088956,18.189134913841194,17.846976610584477,17.97015380859375,971400,0.0,0.0
2004-07-02 00:00:00-04:00,17.997521329136354,18.189129082180873,17.951899192478205,18.079639434814453,546800,0.0,0.0
2004-07-06 00:00:00-04:00,18.065946087104027,18.08875801821654,17.92452185992007,17.938207626342773,967000,0.0,0.0
2004-07-07 00:00:00-04:00,17.938205015243128,17.988388471896307,17.869772712478657,17.942768096923828,568600,0.0,0.0
2004-07-08 00:00:00-04:00,17.942769590103108,18.0933182322854,17.892586129273713,17.98838996887207,907700,0.0,0.0
2004-07-09 00:00:00-04:00,18.02032561982304,18.070509083542394,17.89258715966905,17.992952346801758,711100,0.0,0.0
2004-07-12 00:00:00-04:00,18.01120318057373,18.056825307304077,17.9290850927653,18.047700881958008,504200,0.0,0.0
2004-07-13 00:00:00-04:00,18.020330214862465,18.047703494863715,17.96558539516641,18.043140411376953,459900,0.0,0.0
2004-07-14 00:00:00-04:00,17.974716628058875,18.248442570493438,17.974716628058875,18.243881225585938,781600,0.0,0.0
2004-07-15 00:00:00-04:00,18.28493379587399,18.371613240783322,18.252997431637414,18.280370712280273,738300,0.0,0.0
2004-07-16 00:00:00-04:00,18.289490747308363,18.357923062329625,18.20281132321335,18.207372665405273,779500,0.0,0.0
2004-07-19 00:00:00-04:00,18.271247931260707,18.43548414929918,18.225627533052972,18.412673950195312,1092300,0.0,0.0
2004-07-20 00:00:00-04:00,18.430911923909303,18.499342480819205,18.31229617410983,18.37616539001465,860500,0.0,0.0
2004-07-21 00:00:00-04:00,18.376176827856415,18.39442568384656,18.1070122930752,18.202817916870117,810900,0.0,0.0
2004-07-22 00:00:00-04:00,18.248438205738115,18.294058605129788,18.138946810768747,18.170883178710938,1025100,0.0,0.0
2004-07-23 00:00:00-04:00,18.18457220797256,18.303186311822937,18.075080793389375,18.271251678466797,1105600,0.0,0.0
2004-07-26 00:00:00-04:00,18.27124345317593,18.357924624955302,18.065948230943484,18.111570358276367,669300,0.0,0.0
2004-07-27 00:00:00-04:00,18.111572741226855,18.170880644409674,17.983832508194133,18.043140411376953,1088300,0.0,0.0
2004-07-28 00:00:00-04:00,18.047703221379958,18.294055776432362,18.043140137962343,18.28493309020996,910900,0.0,0.0
2004-07-29 00:00:00-04:00,18.3579307543594,18.54497718811035,18.275812638048567,18.54497718811035,1005200,0.0,0.0
2004-07-30 00:00:00-04:00,18.544972591013067,18.690959930419922,18.517599312259396,18.690959930419922,754100,0.0,0.0
2004-08-02 00:00:00-04:00,18.690960979944954,18.827823900785642,18.61340422260781,18.782201766967773,779400,0.0,0.0
2004-08-03 00:00:00-04:00,18.78219836017766,18.9099385713912,18.695518932105657,18.8460693359375,713000,0.0,0.0
2004-08-04 00:00:00-04:00,18.82782718350019,18.969253212534145,18.732023296238527,18.960128784179688,909700,0.0,0.0
2004-08-05 00:00:00-04:00,18.99662154639623,19.014870400020644,18.713771276443712,18.72745704650879,564600,0.0,0.0
2004-08-06 00:00:00-04:00,18.727459134985768,19.138049685791557,18.727459134985768,18.987499237060547,1424700,0.0,0.0
2004-08-09 00:00:00-04:00,19.04531695800022,19.049941076534378,18.68457572758563,18.809446334838867,1499400,0.565,0.0
2004-08-10 00:00:00-04:00,18.809442507843134,18.929690736353695,18.744694275994526,18.906566619873047,968600,0.0,0.0
2004-08-11 00:00:00-04:00,18.823313088177454,19.040681838989258,18.818687207629853,19.040681838989258,620000,0.0,0.0
2004-08-12 00:00:00-04:00,19.026812974517604,19.1285612035547,18.929690627304186,18.962064743041992,694800,0.0,0.0
2004-08-13 00:00:00-04:00,18.962069319295747,18.975943439601153,18.84182282671494,18.915821075439453,379000,0.0,0.0
2004-08-16 00:00:00-04:00,18.975934458242705,18.999060333482728,18.851062141824208,18.938936233520508,475300,0.0,0.0
2004-08-17 00:00:00-04:00,18.915821075439453,18.985193441223892,18.883446951888565,18.915821075439453,379600,0.0,0.0
2004-08-18 00:00:00-04:00,18.93431323042081,19.179433784017352,18.915814997376625,19.123933792114258,774800,0.0,0.0
2004-08-19 00:00:00-04:00,19.11931053883837,19.11931053883837,18.897315853965537,18.925064086914062,665400,0.0,0.0
2004-08-20 00:00:00-04:00,18.892687486889603,18.957437471850856,18.84643926188826,18.90193748474121,644800,0.0,0.0
2004-08-23 00:00:00-04:00,18.906562138051598,18.980560351802506,18.860312151796915,18.86956214904785,416300,0.0,0.0
2004-08-24 00:00:00-04:00,18.938943916058733,18.94356803442855,18.85569567134361,18.897319793701172,462700,0.0,0.0
2004-08-25 00:00:00-04:00,18.952810275005803,19.031434369157672,18.90193617248222,19.022184371948242,532600,0.0,0.0
2004-08-26 00:00:00-04:00,19.068429359047805,19.105429341609,19.008305269514,19.045305252075195,544000,0.0,0.0
2004-08-27 00:00:00-04:00,19.0314330135907,19.123929450583542,19.022183017040128,19.086931228637695,359200,0.0,0.0
2004-08-30 00:00:00-04:00,19.100805191151093,19.22105338110662,19.054556973018308,19.15630340576172,457400,0.0,0.0
2004-08-31 00:00:00-04:00,19.160930926352556,19.517047882080078,19.160930926352556,19.517047882080078,770000,0.0,0.0
2004-09-01 00:00:00-04:00,19.470799657543555,19.614171981811523,19.461551423693646,19.614171981811523,774000,0.0,0.0
2004-09-02 00:00:00-04:00,19.61417437757793,19.734420839138362,19.58642437986846,19.72054672241211,659700,0.0,0.0
2004-09-03 00:00:00-04:00,19.70204355533744,19.766793539579375,19.63267121860609,19.729793548583984,544800,0.0,0.0
2004-09-07 00:00:00-04:00,19.81766453984248,19.840790414778112,19.75291632423843,19.822290420532227,630500,0.0,0.0
2004-09-08 00:00:00-04:00,19.757543859790744,19.762167976611245,19.42917510932053,19.493925094604492,725200,0.0,0.0
2004-09-09 00:00:00-04:00,19.470805653170732,19.563303898463392,19.336685049966523,19.36443328857422,1123300,0.0,0.0
2004-09-10 00:00:00-04:00,19.341303473642178,19.41067757825013,19.16093291876962,19.39217758178711,1377700,0.0,0.0
2004-09-13 00:00:00-04:00,19.39218271536253,19.39218271536253,19.244186232993663,19.34130859375,830000,0.0,0.0
2004-09-14 00:00:00-04:00,19.313550491787666,19.327426369117184,19.128555848540216,19.19330406188965,767000,0.0,0.0
2004-09-15 00:00:00-04:00,19.23955221324552,19.28580219708535,19.15630400659032,19.276552200317383,526100,0.0,0.0
2004-09-16 00:00:00-04:00,19.378301392194583,19.55867192775916,19.33667728673687,19.530921936035156,515800,0.0,0.0
2004-09-17 00:00:00-04:00,19.577174912087624,19.678921368767966,19.563299031978193,19.66042137145996,690000,0.0,0.0
2004-09-20 00:00:00-04:00,19.60954726083709,19.660419602471492,19.512423165837426,19.563297271728516,428500,0.0,0.0
2004-09-21 00:00:00-04:00,19.632668191870334,19.632668191870334,19.484671779218477,19.57254409790039,414200,0.0,0.0
2004-09-22 00:00:00-04:00,19.493926278056843,19.581798617034647,19.433802170200025,19.470800399780273,618300,0.0,0.0
2004-09-23 00:00:00-04:00,19.44767791872334,19.47542791643122,19.253433227539062,19.253433227539062,564400,0.0,0.0
2004-09-24 00:00:00-04:00,19.216433167990584,19.295057279111614,19.133184939395115,19.26730728149414,663600,0.0,0.0
2004-09-27 00:00:00-04:00,19.23955525735232,19.443051689932037,19.21180702691455,19.39217758178711,468900,0.0,0.0
2004-09-28 00:00:00-04:00,19.336678577133977,19.563297349771627,19.336678577133977,19.48004913330078,795100,0.0,0.0
2004-09-29 00:00:00-04:00,19.475427028831163,19.475427028831163,19.332054693593474,19.42455291748047,454700,0.0,0.0
2004-09-30 00:00:00-04:00,19.378298363511117,19.50779477613732,19.378298363511117,19.44304656982422,839100,0.0,0.0
2004-10-01 00:00:00-04:00,19.498546592029562,19.586418913868155,19.466172485865005,19.567920684814453,662600,0.0,0.0
2004-10-04 00:00:00-04:00,19.62341555951776,19.785286062781406,19.549417363132072,19.757537841796875,693800,0.0,0.0
2004-10-05 00:00:00-04:00,19.6927940485773,19.831540477325806,19.6927940485773,19.80841636657715,561500,0.0,0.0
2004-10-06 00:00:00-04:00,19.82691698532357,19.92404108497972,19.7436687651936,19.887041091918945,807100,0.0,0.0
2004-10-07 00:00:00-04:00,19.70204171987376,19.854664022126276,19.6280435090334,19.646543502807617,756900,0.0,0.0
2004-10-08 00:00:00-04:00,19.688168956419204,19.78529128400742,19.581796631309732,19.65117073059082,728200,0.0,0.0
2004-10-11 00:00:00-04:00,19.651173771537692,19.785294345708955,19.609549658379187,19.766796112060547,380300,0.0,0.0
2004-10-12 00:00:00-04:00,19.771404806589114,20.002649307250977,19.69740663694754,20.002649307250977,972600,0.0,0.0
2004-10-13 00:00:00-04:00,20.002663020835847,20.002663020835847,19.6465460339564,19.725170135498047,845900,0.0,0.0
2004-10-14 00:00:00-04:00,19.665038313132907,19.794534706905832,19.651164203587538,19.752910614013672,606600,0.0,0.0
2004-10-15 00:00:00-04:00,19.75290482311484,20.048897501681136,19.75290482311484,20.002649307250977,909700,0.0,0.0
2004-10-18 00:00:00-04:00,19.91940817852262,19.970282268910477,19.799161771997266,19.868534088134766,823100,0.0,0.0
2004-10-19 00:00:00-04:00,19.86854463473559,19.877794634648563,19.614175812028662,19.641925811767578,688700,0.0,0.0
2004-10-20 00:00:00-04:00,19.65579849201365,19.739046720885085,19.52167614947,19.72054672241211,822000,0.0,0.0
2004-10-21 00:00:00-04:00,19.655794520001532,19.87316504749072,19.609546297421815,19.859289169311523,587200,0.0,0.0
2004-10-22 00:00:00-04:00,19.882417369036318,20.109036156127033,19.840793258146235,20.048912048339844,754500,0.0,0.0
2004-10-25 00:00:00-04:00,20.095156974265606,20.233903387500046,20.007282893287247,20.15528106689453,719600,0.0,0.0
2004-10-26 00:00:00-04:00,20.118280844254926,20.349525451660156,20.030408528573222,20.349525451660156,795900,0.0,0.0
2004-10-27 00:00:00-04:00,20.25703305994973,20.326407167751103,20.15066072177598,20.196908950805664,727300,0.0,0.0
2004-10-28 00:00:00-04:00,20.196896984339585,20.229272842586198,20.044276507562305,20.118274688720703,719400,0.0,0.0
2004-10-29 00:00:00-04:00,20.122911578227423,20.1367874589296,20.002665119102396,20.095163345336914,1151000,0.0,0.0
2004-11-01 00:00:00-05:00,20.06279100783637,20.229287476954386,20.03041689042532,20.122913360595703,1157800,0.0,0.0
2004-11-02 00:00:00-05:00,20.095162901890504,20.109037018029593,19.84541822584558,19.85004234313965,1336000,0.0,0.0
2004-11-03 00:00:00-05:00,20.04891493592153,20.307909637012774,20.04891493592153,20.289409637451172,986700,0.0,0.0
2004-11-04 00:00:00-05:00,20.28940769811683,20.8952693939209,20.275533581900298,20.8952693939209,1309000,0.0,0.0
2004-11-05 00:00:00-05:00,20.895261203127124,20.895261203127124,20.53452020885003,20.83051300048828,1739600,0.0,0.0
2004-11-08 00:00:00-05:00,20.82817656455596,20.973368462638618,20.82349191751948,20.893747329711914,1814800,0.565,0.0
2004-11-09 00:00:00-05:00,20.893754731140294,20.92185547663623,20.697040579318827,20.729825973510742,764300,0.0,0.0
2004-11-10 00:00:00-05:00,20.818810897530017,20.94526957865371,20.654882183479526,20.82817840576172,805300,0.0,0.0
2004-11-11 00:00:00-05:00,20.945273630480525,21.184138883253674,20.823497786580603,21.12325096130371,616300,0.0,0.0
2004-11-12 00:00:00-05:00,21.14666335870724,21.35274314880371,21.03425506350147,21.35274314880371,558000,0.0,0.0
2004-11-15 00:00:00-05:00,21.287166053370957,21.34336929091504,21.09045204196361,21.12792205810547,472600,0.0,0.0
2004-11-16 00:00:00-05:00,21.127931014053708,21.273122921477242,21.057675597341408,21.071727752685547,425600,0.0,0.0
2004-11-17 00:00:00-05:00,21.07641473075825,21.151353022778597,20.875017735952973,20.93122100830078,788900,0.0,0.0
2004-11-18 00:00:00-05:00,20.93121099557885,21.043619273172293,20.92652813623573,20.973363876342773,450100,0.0,0.0
2004-11-19 00:00:00-05:00,20.97337002546926,21.076410827917762,20.729820174835208,20.865646362304688,699100,0.0,0.0
2004-11-22 00:00:00-05:00,20.93590503822181,21.076414108276367,20.875017119419258,21.076414108276367,649400,0.0,0.0
2004-11-23 00:00:00-05:00,20.93589922586849,21.249702668981296,20.93589922586849,21.146663665771484,744300,0.0,0.0
2004-11-24 00:00:00-05:00,21.240330088179338,21.291850470811802,21.06703571750828,21.099821090698242,633700,0.0,0.0
2004-11-26 00:00:00-05:00,21.216918261396227,21.310591548614113,21.193500386259092,21.263755798339844,209400,0.0,0.0
2004-11-29 00:00:00-05:00,21.263755575189663,21.263755575189663,20.87501206264933,20.964000701904297,695800,0.0,0.0
2004-11-30 00:00:00-05:00,20.889061864986388,20.93589940017104,20.53778839111328,20.53778839111328,1099200,0.0,0.0
2004-12-01 00:00:00-05:00,20.645510314160763,20.654876032934062,20.20056363233215,20.53310203552246,1798400,0.0,0.0
2004-12-02 00:00:00-05:00,20.397277596637718,20.4956337320239,20.252085716782627,20.369176864624023,934200,0.0,0.0
2004-12-03 00:00:00-05:00,20.56120739205938,20.59399277230164,20.36917797063935,20.416013717651367,1378300,0.0,0.0
2004-12-06 00:00:00-05:00,20.444120063385053,20.65019989013672,20.317661378786458,20.65019989013672,914200,0.0,0.0
2004-12-07 00:00:00-05:00,20.608048967698245,20.668936885370332,20.481590270996094,20.481590270996094,814200,0.0,0.0
2004-12-08 00:00:00-05:00,20.50031837847227,20.570571995175634,20.35512471194805,20.369176864624023,778100,0.0,0.0
2004-12-09 00:00:00-05:00,20.31296761833042,20.46752875905656,20.308284759521484,20.308284759521484,801500,0.0,0.0
2004-12-10 00:00:00-05:00,20.673617702892816,20.673617702892816,20.21462050839002,20.350446701049805,818000,0.0,0.0
2004-12-13 00:00:00-05:00,20.49096070344537,20.739193484232715,20.411339542313577,20.729825973510742,549300,0.0,0.0
2004-12-14 00:00:00-05:00,20.748560362598763,20.884386583922808,20.622101651711198,20.875019073486328,621500,0.0,0.0
2004-12-15 00:00:00-05:00,20.903119669352748,20.91248717892188,20.715773051309665,20.84223175048828,904500,0.0,0.0
2004-12-16 00:00:00-05:00,20.95931950160377,20.95931950160377,20.622096359117478,20.701719284057617,1002400,0.0,0.0
2004-12-17 00:00:00-05:00,20.68298177549049,20.72513466322144,20.551840252180536,20.6455135345459,1384100,0.0,0.0
2004-12-20 00:00:00-05:00,20.762607392672614,20.81881065473786,20.64551622114616,20.69703483581543,1062700,0.0,0.0
2004-12-21 00:00:00-05:00,20.67830210432957,20.90779980551455,20.622097054241,20.88906478881836,819400,0.0,0.0
2004-12-22 00:00:00-05:00,20.935897557507367,20.935897557507367,20.762603159249792,20.80475425720215,968300,0.0,0.0
2004-12-23 00:00:00-05:00,20.879699067139793,20.898432297166455,20.720454998561234,20.88906478881836,1190900,0.0,0.0
2004-12-27 00:00:00-05:00,20.884386029538682,20.93590644223672,20.551847457885742,20.551847457885742,858400,0.0,0.0
2004-12-28 00:00:00-05:00,20.654880778443786,20.715768684473222,20.509688877402795,20.584627151489258,928200,0.0,0.0
2004-12-29 00:00:00-05:00,20.645512342697938,20.673613075116833,20.523736546652206,20.631460189819336,541800,0.0,0.0
2004-12-30 00:00:00-05:00,20.631464065627732,20.78602526964401,20.617413696778794,20.69703483581543,593900,0.0,0.0
2004-12-31 00:00:00-05:00,20.687663815250353,20.687663815250353,20.490951538085938,20.490951538085938,417600,0.0,0.0
2005-01-03 00:00:00-05:00,20.495634902341322,20.565890309725454,20.17714860576249,20.280187606811523,1328900,0.0,0.0
2005-01-04 00:00:00-05:00,20.336388550282187,20.416011455382787,20.214614549543004,20.219297409057617,1159700,0.0,0.0
2005-01-05 00:00:00-05:00,20.120946241464498,20.130313749472965,19.924233933295092,19.99917221069336,2116200,0.0,0.0
2005-01-06 00:00:00-05:00,19.975747270999772,20.06941874462523,19.966379766303458,20.0225830078125,889200,0.0,0.0
2005-01-07 00:00:00-05:00,20.130316795225713,20.214622593388068,19.952337689475222,20.07879638671875,873600,0.0,0.0
2005-01-10 00:00:00-05:00,20.1256306816453,20.373863387971422,20.10221101853047,20.336393356323242,1219700,0.0,0.0
2005-01-11 00:00:00-05:00,20.42070518740097,20.425389836078832,20.18183991825926,20.298931121826172,1017300,0.0,0.0
2005-01-12 00:00:00-05:00,20.383221701709306,20.44410958233843,20.238028074568664,20.364486694335938,678900,0.0,0.0
2005-01-13 00:00:00-05:00,20.392594736858477,20.49095087224466,20.32233933348599,20.369176864624023,598500,0.0,0.0
2005-01-14 00:00:00-05:00,20.420700855849077,20.54247668226328,20.289559307405714,20.341079711914062,752200,0.0,0.0
2005-01-18 00:00:00-05:00,20.30361021769256,20.59868049621582,20.242724089533993,20.59868049621582,820700,0.0,0.0
2005-01-19 00:00:00-05:00,20.59867794329988,20.673616218927965,20.467536407618084,20.476903915405273,508600,0.0,0.0
2005-01-20 00:00:00-05:00,20.420693121498488,20.56588677133259,20.383224887564186,20.44411277770996,577700,0.0,0.0
2005-01-21 00:00:00-05:00,20.44411561044469,20.519053875365653,20.308289446941334,20.327024459838867,739800,0.0,0.0
2005-01-24 00:00:00-05:00,20.350443275354802,20.598675954404328,20.350443275354802,20.411331176757812,690500,0.0,0.0
2005-01-25 00:00:00-05:00,20.46754464533406,20.56590083668151,20.26614761352539,20.26614761352539,1464900,0.0,0.0
2005-01-26 00:00:00-05:00,20.303604980784336,20.52373691761334,20.275504247857523,20.490951538085938,725700,0.0,0.0
2005-01-27 00:00:00-05:00,20.45817201744963,20.45817201744963,20.228672508363662,20.42070198059082,1918800,0.0,0.0
2005-01-28 00:00:00-05:00,20.420696634910556,20.420696634910556,20.149046085474993,20.280187606811523,848600,0.0,0.0
2005-01-31 00:00:00-05:00,20.514368095475547,20.59399100255665,20.261450795338963,20.54715347290039,1021300,0.0,0.0
2005-02-01 00:00:00-05:00,20.472218463613924,20.593994273392134,20.416015205769018,20.523738861083984,1126600,0.0,0.0
2005-02-02 00:00:00-05:00,20.514371000843994,20.528423155065557,20.406647347381735,20.495635986328125,833200,0.0,0.0
2005-02-03 00:00:00-05:00,20.49564026763874,20.49564026763874,20.345763693542896,20.42070198059082,996800,0.0,0.0
2005-02-04 00:00:00-05:00,20.537790771072668,20.69703483581543,20.444119263187094,20.69703483581543,1012500,0.0,0.0
2005-02-07 00:00:00-05:00,20.692355043173418,20.701722552684807,20.5658963447743,20.67830467224121,735200,0.0,0.0
2005-02-08 00:00:00-05:00,20.687664799962395,20.748552701983996,20.593993303522108,20.608043670654297,917200,0.0,0.0
2005-02-09 00:00:00-05:00,20.654885230109493,20.72982352034711,20.608049468712146,20.706405639648438,732800,0.0,0.0
2005-02-10 00:00:00-05:00,20.7532403844448,20.88906478881836,20.67830210432957,20.88906478881836,881300,0.0,0.0
2005-02-11 00:00:00-05:00,20.88906478881836,20.940585191398117,20.757923245284086,20.88906478881836,1376500,0.0,0.0
2005-02-14 00:00:00-05:00,20.964966113777116,21.08831836869859,20.832126894445032,20.908035278320312,2296300,0.57,0.0
2005-02-15 00:00:00-05:00,20.988688094010403,20.9934315760213,20.83212604067236,20.879568099975586,718400,0.0,0.0
2005-02-16 00:00:00-05:00,20.87957333092619,20.941249471310922,20.74199060055887,20.927017211914062,775600,0.0,0.0
2005-02-17 00:00:00-05:00,20.927019240234674,20.960229055245495,20.84162205597851,20.86534309387207,844300,0.0,0.0
2005-02-18 00:00:00-05:00,20.86534947277674,20.86534947277674,20.52376063132236,20.6186466217041,982500,0.0,0.0
2005-02-22 00:00:00-05:00,20.590174281829736,20.59491776513979,20.077791213989258,20.077791213989258,1223000,0.0,0.0
2005-02-23 00:00:00-05:00,20.22960858689755,20.348215580779268,20.096769332885742,20.096769332885742,845500,0.0,0.0
2005-02-24 00:00:00-05:00,20.186908982932245,20.296027194647674,20.17267672351689,20.2628173828125,803400,0.0,0.0
2005-02-25 00:00:00-05:00,20.272305720051023,20.533240725876738,20.201142614716176,20.447843551635742,1158300,0.0,0.0
2005-02-28 00:00:00-05:00,20.509518778945722,20.542728588585327,20.23909500913816,20.28179359436035,1072000,0.0,0.0
2005-03-01 00:00:00-05:00,20.305514628417367,20.443099159666517,20.201141716606713,20.28179359436035,1516100,0.0,0.0
2005-03-02 00:00:00-05:00,20.234354514191278,20.300774143278467,20.11574751659297,20.18691062927246,952700,0.0,0.0
2005-03-03 00:00:00-05:00,20.234352530403605,20.286538083999268,20.092022699400406,20.115745544433594,1113500,0.0,0.0
2005-03-04 00:00:00-05:00,20.186907912128394,20.50003027124991,20.186907912128394,20.357702255249023,1420700,0.0,0.0
2005-03-07 00:00:00-05:00,20.46208203622806,20.48580307645864,20.305519913067382,20.400405883789062,969000,0.0,0.0
2005-03-08 00:00:00-05:00,20.4003968434637,20.4003968434637,20.1394618969605,20.15369415283203,1005300,0.0,0.0
2005-03-09 00:00:00-05:00,20.092011182308227,20.09675647251437,19.759913259795717,19.78837776184082,1761800,0.0,0.0
2005-03-10 00:00:00-05:00,19.973418692003154,20.044583618117354,19.759927533259056,20.020862579345703,1448400,0.0,0.0
2005-03-11 00:00:00-05:00,20.02086235787129,20.144212843998893,19.8785343170166,19.8785343170166,732100,0.0,0.0
2005-03-14 00:00:00-05:00,20.058814854690386,20.22960922079982,20.025605040146793,20.18691062927246,997800,0.0,0.0
2005-03-15 00:00:00-05:00,20.329229056678468,20.371927628026146,20.06829414724189,20.120481491088867,739300,0.0,0.0
2005-03-16 00:00:00-05:00,20.248585593911617,20.248585593911617,19.8358337730841,20.011371612548828,1109100,0.0,0.0
2005-03-17 00:00:00-05:00,20.129976288719497,20.272304299212724,19.997137053565663,20.063556671142578,749800,0.0,0.0
2005-03-18 00:00:00-05:00,20.16318769605585,20.17267647214752,19.67452749102829,19.854808807373047,2299100,0.0,0.0
2005-03-21 00:00:00-05:00,19.92597275694517,19.97341482530405,19.774155966438073,19.888017654418945,1454800,0.0,0.0
2005-03-22 00:00:00-05:00,19.925975885389544,19.982906738318313,19.684018403092885,19.726716995239258,1702800,0.0,0.0
2005-03-23 00:00:00-05:00,19.67927198086922,19.73620283053255,19.498988845503078,19.68876075744629,1162300,0.0,0.0
2005-03-24 00:00:00-05:00,19.802622027824818,19.9544388162964,19.75043466745042,19.812108993530273,732600,0.0,0.0
2005-03-28 00:00:00-05:00,19.89276481104832,19.94969566037307,19.740948006316277,19.750436782836914,581000,0.0,0.0
2005-03-29 00:00:00-05:00,19.821598774843828,19.821598774843828,19.56540906242247,19.646060943603516,891100,0.0,0.0
2005-03-30 00:00:00-05:00,19.64605408747248,19.888011456375672,19.64605408747248,19.869035720825195,868200,0.0,0.0
2005-03-31 00:00:00-05:00,19.925974434474302,20.08728001419296,19.90225339829783,20.011371612548828,2037700,0.0,0.0
2005-04-01 00:00:00-05:00,20.11574359837231,20.21062773012974,19.807364740764243,19.85006332397461,1054900,0.0,0.0
2005-04-04 00:00:00-04:00,19.854801747007006,19.883268065159392,19.68875274894727,19.74094009399414,1190400,0.0,0.0
2005-04-05 00:00:00-04:00,19.793134343056444,19.9829044342041,19.759924531860626,19.9829044342041,568500,0.0,0.0
2005-04-06 00:00:00-04:00,20.006629478357702,20.106260741708518,19.944955136520697,19.987653732299805,590200,0.0,0.0
2005-04-07 00:00:00-04:00,20.030343712415476,20.167926408703558,19.963924105283596,20.15369415283203,757400,0.0,0.0
2005-04-08 00:00:00-04:00,20.15844713794022,20.20588921548352,20.01137380187719,20.020862579345703,929400,0.0,0.0
2005-04-11 00:00:00-04:00,20.054057803356955,20.248573075425277,20.054057803356955,20.11098861694336,665600,0.0,0.0
2005-04-12 00:00:00-04:00,20.054071844794027,20.42412510690603,19.954442398809906,20.405147552490234,1045600,0.0,0.0
2005-04-13 00:00:00-04:00,20.310258674357456,20.485796487362617,20.224861509155208,20.305513381958008,1276600,0.0,0.0
2005-04-14 00:00:00-04:00,20.310259921108106,20.390911798861744,20.22960623355558,20.28179359436035,1251900,0.0,0.0
2005-04-15 00:00:00-04:00,20.281793855327805,20.296026113985366,20.025602340698242,20.025602340698242,1317800,0.0,0.0
2005-04-18 00:00:00-04:00,20.025604130743456,20.234353595308203,19.925974691637048,20.0872802734375,1073000,0.0,0.0
2005-04-19 00:00:00-04:00,20.101510495627313,20.315003421926647,20.07304597865333,20.215373992919922,828800,0.0,0.0
2005-04-20 00:00:00-04:00,20.191656609310535,20.25333094710359,20.054072053065937,20.14421272277832,677400,0.0,0.0
2005-04-21 00:00:00-04:00,20.376676844569257,20.471562778042884,20.172672721030484,20.386165618896484,1014500,0.0,0.0
2005-04-22 00:00:00-04:00,20.386166364189187,20.613891526972047,20.300769201920772,20.481050491333008,975800,0.0,0.0
2005-04-25 00:00:00-04:00,20.54273615780226,20.680320739746094,20.50003755684726,20.680320739746094,1170800,0.0,0.0
2005-04-26 00:00:00-04:00,20.618646579504723,20.70878908459277,20.481061984222773,20.547483444213867,831100,0.0,0.0
2005-04-27 00:00:00-04:00,20.533241531645963,20.708781179918216,20.352960209883875,20.609149932861328,1598500,0.0,0.0
2005-04-28 00:00:00-04:00,20.58543294451274,20.675575432917455,20.33398665538252,20.34821891784668,1047700,0.0,0.0
2005-04-29 00:00:00-04:00,20.40040960401185,20.556971755723232,20.27705908643899,20.533248901367188,1437600,0.0,0.0
2005-05-02 00:00:00-04:00,20.63762051591571,20.708785448511048,20.580689655719087,20.689807891845703,667200,0.0,0.0
2005-05-03 00:00:00-04:00,20.66133497552308,20.81789705344281,20.58542658284047,20.727754592895508,782200,0.0,0.0
2005-05-04 00:00:00-04:00,20.727751728495875,20.775195598490438,20.590169030008106,20.760961532592773,912400,0.0,0.0
2005-05-05 00:00:00-04:00,20.694547766843748,20.922272977712833,20.656594469931782,20.89855194091797,1261800,0.0,0.0
2005-05-06 00:00:00-04:00,20.9459970189767,21.07883628044381,20.817901241219477,21.007671356201172,1571100,0.0,0.0
2005-05-09 00:00:00-04:00,21.074092948016293,21.287585930811918,20.974463492644794,21.27809715270996,1562800,0.0,0.0
2005-05-10 00:00:00-04:00,21.216417577215474,21.358745594044237,21.116786336616304,21.292325973510742,1478300,0.0,0.0
2005-05-11 00:00:00-04:00,21.339765037253567,21.633909805248628,21.268601943760505,21.586467742919922,1876900,0.0,0.0
2005-05-12 00:00:00-04:00,21.58647471619534,21.624429826158227,21.448890157278758,21.562753677368164,1428100,0.0,0.0
2005-05-13 00:00:00-04:00,21.633923608755968,21.73829838423377,21.34926743356174,21.53429412841797,2814500,0.0,0.0
2005-05-16 00:00:00-04:00,21.534283740727133,21.92345820573369,21.50065158319985,21.880216598510742,2812900,0.57,0.0
2005-05-17 00:00:00-04:00,21.740885361985505,21.942678335317744,21.707253199763464,21.909046173095703,1471200,0.0,0.0
2005-05-18 00:00:00-04:00,21.981112102606527,22.149272882833785,21.880215634470172,21.995525360107422,1144300,0.0,0.0
2005-05-19 00:00:00-04:00,21.985918457021402,22.038769517732085,21.81295384853452,21.933069229125977,1129200,0.0,0.0
2005-05-20 00:00:00-04:00,21.985922393661536,21.985922393661536,21.827371015955684,21.966705322265625,1142500,0.0,0.0
2005-05-23 00:00:00-04:00,21.976307450180702,21.981111258224786,21.764903239941546,21.836973190307617,2061900,0.0,0.0
2005-05-24 00:00:00-04:00,21.8561920881139,21.94747910347128,21.726467277143957,21.836973190307617,967800,0.0,0.0
2005-05-25 00:00:00-04:00,21.76972136512358,21.836985713204804,21.60155866210449,21.67843246459961,1221000,0.0,0.0
2005-05-26 00:00:00-04:00,21.6688185147073,21.764911206094524,21.582335275740363,21.630382537841797,1119800,0.0,0.0
2005-05-27 00:00:00-04:00,21.63037604460413,21.793733021079476,21.63037604460413,21.779319763183594,643200,0.0,0.0
2005-05-31 00:00:00-04:00,21.861000863105673,21.981116252463398,21.79373653831581,21.86580467224121,947200,0.0,0.0
2005-06-01 00:00:00-04:00,21.841780159382655,22.23095464861539,21.764906389847017,22.096426010131836,1208600,0.0,0.0
2005-06-02 00:00:00-04:00,22.04837696076603,22.106031825012582,22.014744803887616,22.05318260192871,644400,0.0,0.0
2005-06-03 00:00:00-04:00,22.086816559837978,22.192516847439954,21.952286088539182,22.096426010131836,669700,0.0,0.0
2005-06-06 00:00:00-04:00,22.086819267210288,22.12045143095376,21.933071709292843,21.947484970092773,689200,0.0,0.0
2005-06-07 00:00:00-04:00,22.029155832359248,22.173295727611073,21.923455564073453,21.98591423034668,1010600,0.0,0.0
2005-06-08 00:00:00-04:00,21.9907240986216,22.05798841850238,21.88502197720024,21.933069229125977,515200,0.0,0.0
2005-06-09 00:00:00-04:00,21.88501860200835,21.913846948717772,21.740880534091183,21.836973190307617,671700,0.0,0.0
2005-06-10 00:00:00-04:00,21.860985821344965,21.98110112805565,21.81774423761655,21.899423599243164,732700,0.0,0.0
2005-06-13 00:00:00-04:00,21.87060604495969,21.971502512449078,21.764903936457458,21.885019302368164,918400,0.0,0.0
2005-06-14 00:00:00-04:00,21.91384958318198,22.120448177399187,21.812953106791774,22.038768768310547,733700,0.0,0.0
2005-06-15 00:00:00-04:00,22.091628641465768,22.091628641465768,21.77452399427979,21.80335235595703,746700,0.0,0.0
2005-06-16 00:00:00-04:00,21.885020421449912,22.024354692906744,21.76971069065573,21.957090377807617,960700,0.0,0.0
2005-06-17 00:00:00-04:00,22.125247703009933,22.17329494400084,21.98591345335856,22.0579833984375,882900,0.0,0.0
2005-06-20 00:00:00-04:00,21.976314237828944,22.09642963699483,21.933072620816606,22.062795639038086,469700,0.0,0.0
2005-06-21 00:00:00-04:00,22.053179590745827,22.13005334351644,21.981109645666887,22.0579833984375,539300,0.0,0.0
2005-06-22 00:00:00-04:00,22.178103380812058,22.31263201803638,22.11564287089424,22.259782791137695,856600,0.0,0.0
2005-06-23 00:00:00-04:00,22.230958363337923,22.543257302403944,22.163694032856487,22.293418884277344,812100,0.0,0.0
2005-06-24 00:00:00-04:00,22.331845041475958,22.365477191931223,22.086810540614078,22.106027603149414,667000,0.0,0.0
2005-06-27 00:00:00-04:00,22.1636905670166,22.31263246613031,22.07240170465374,22.1636905670166,700900,0.0,0.0
2005-06-28 00:00:00-04:00,22.211731009354374,22.365478515625,22.197317753396142,22.365478515625,814500,0.0,0.0
2005-06-29 00:00:00-04:00,22.341452784679852,22.461568122231892,22.269382849022787,22.413522720336914,652000,0.0,0.0
2005-06-30 00:00:00-04:00,22.47118580243453,22.692197664631742,22.403921482010617,22.504817962646484,1117500,0.0,0.0
2005-07-01 00:00:00-04:00,22.485607643328443,22.648964697909527,22.418343297233168,22.62013816833496,847200,0.0,0.0
2005-07-05 00:00:00-04:00,22.581690939392104,22.682587416479695,22.47118501217971,22.576887130737305,719900,0.0,0.0
2005-07-06 00:00:00-04:00,22.54325933241696,22.653767122805412,22.38470794383544,22.403926849365234,905400,0.0,0.0
2005-07-07 00:00:00-04:00,22.211735698404297,22.610519637039967,22.187712989130937,22.600910186767578,1171300,0.0,0.0
2005-07-08 00:00:00-04:00,22.653756448196344,23.004493061174816,22.60570920701206,22.99007797241211,932800,0.0,0.0
2005-07-11 00:00:00-04:00,23.0525380447314,23.114998540712524,22.99488318918757,23.086170196533203,681600,0.0,0.0
2005-07-12 00:00:00-04:00,23.086177715433955,23.21590255726856,22.96606232478881,23.2062931060791,794900,0.0,0.0
2005-07-13 00:00:00-04:00,23.23031669461729,23.38886989600585,23.191880721223853,23.287973403930664,838500,0.0,0.0
2005-07-14 00:00:00-04:00,23.32640044397097,23.41768928234836,22.927618437760852,23.105388641357422,952900,0.0,0.0
2005-07-15 00:00:00-04:00,23.02371327840212,23.17265699725202,23.00449621211108,23.095783233642578,484500,0.0,0.0
2005-07-18 00:00:00-04:00,23.129416822774633,23.20629059114387,22.956450385740048,22.96125602722168,475500,0.0,0.0
2005-07-19 00:00:00-04:00,23.009298178637586,23.018907627421438,22.869963920494143,22.898792266845703,811500,0.0,0.0
2005-07-20 00:00:00-04:00,22.874785581655168,23.13903919342888,22.754670136956552,23.134235382080078,1113600,0.0,0.0
2005-07-21 00:00:00-04:00,23.086171685112355,23.15343599305311,22.692193453332266,22.831527709960938,1652600,0.0,0.0
2005-07-22 00:00:00-04:00,22.831535901383308,23.009306183694413,22.807513187473525,22.999696731567383,686000,0.0,0.0
2005-07-25 00:00:00-04:00,22.990086929632348,23.278364990610193,22.990086929632348,23.12942123413086,924400,0.0,0.0
2005-07-26 00:00:00-04:00,23.158242281120128,23.25433493778502,23.023711828663284,23.076562881469727,795000,0.0,0.0
2005-07-27 00:00:00-04:00,23.02851949324765,23.201485923881425,22.970864627308103,23.110197067260742,935600,0.0,0.0
2005-07-28 00:00:00-04:00,23.17266003663866,23.336017034836946,23.023716298252907,23.321603775024414,1133200,0.0,0.0
2005-07-29 00:00:00-04:00,23.273555280432955,23.388866851232915,23.129417191544437,23.139026641845703,639700,0.0,0.0
2005-08-01 00:00:00-04:00,23.163045922629554,23.20628752617707,22.88437923640163,22.889183044433594,1037500,0.0,0.0
2005-08-02 00:00:00-04:00,22.966064097170385,23.2735592277021,22.966064097170385,23.249536514282227,1050400,0.0,0.0
2005-08-03 00:00:00-04:00,23.220707749977276,23.65312204824384,23.196683206060765,23.37925910949707,1016300,0.0,0.0
2005-08-04 00:00:00-04:00,23.292777328258964,23.398479463039692,23.20629409667755,23.244731903076172,697100,0.0,0.0
2005-08-05 00:00:00-04:00,23.134217709218067,23.143825324576152,22.66816955331318,22.87957191467285,1162200,0.0,0.0
2005-08-08 00:00:00-04:00,22.89398937588381,22.94203478891259,22.327044704632076,22.4327449798584,1280600,0.0,0.0
2005-08-09 00:00:00-04:00,22.427952751363346,22.62013816833496,22.317446778090257,22.62013816833496,1402400,0.0,0.0
2005-08-10 00:00:00-04:00,22.7018115331044,22.90360453364716,22.480799627895962,22.59610939025879,1010500,0.0,0.0
2005-08-11 00:00:00-04:00,22.485595679699415,22.841137962083188,22.485595679699415,22.836332321166992,819900,0.0,0.0
2005-08-12 00:00:00-04:00,22.78349592553966,22.86517537832781,22.581702864797492,22.82193374633789,851300,0.0,0.0
2005-08-15 00:00:00-04:00,22.84623849562659,22.894869320716293,22.671171235456256,22.85596466064453,894000,0.57,0.0
2005-08-16 00:00:00-04:00,22.807334918505486,22.909456865122156,22.46206256482458,22.46692657470703,1061500,0.0,0.0
2005-08-17 00:00:00-04:00,22.49609600099862,22.52527448570942,22.175140089482383,22.33561897277832,905500,0.0,0.0
2005-08-18 00:00:00-04:00,22.2724030024089,22.491237031023225,22.21404787980371,22.408567428588867,840100,0.0,0.0
2005-08-19 00:00:00-04:00,22.505826150724065,22.539866794714367,22.384251892165572,22.457197189331055,576300,0.0,0.0
2005-08-22 00:00:00-04:00,22.46691721447593,22.680887183253155,22.37451961596665,22.588491439819336,681400,0.0,0.0
2005-08-23 00:00:00-04:00,22.515553969130615,22.71979970316244,22.515553969130615,22.646854400634766,819700,0.0,0.0
2005-08-24 00:00:00-04:00,22.661436471226722,22.787874713404822,22.428014164600526,22.437740325927734,1047500,0.0,0.0
2005-08-25 00:00:00-04:00,22.43774121427467,22.637122891687284,22.43774121427467,22.578767776489258,613700,0.0,0.0
2005-08-26 00:00:00-04:00,22.525281707762808,22.65171999363926,22.44261209052348,22.46692657470703,648800,0.0,0.0
2005-08-29 00:00:00-04:00,22.369663068392327,22.69548118351725,22.321034108100104,22.651716232299805,848900,0.0,0.0
2005-08-30 00:00:00-04:00,22.64684883596275,22.71006795894777,22.306440599603878,22.52041244506836,1297900,0.0,0.0
2005-08-31 00:00:00-04:00,22.603088831584195,22.83164906065331,22.51069305104036,22.812196731567383,1057700,0.0,0.0
2005-09-01 00:00:00-04:00,22.812193733528677,23.24986180506148,22.661440985539386,23.108835220336914,1437600,0.0,0.0
2005-09-02 00:00:00-04:00,23.186638790991907,23.308213028841035,23.089379029697472,23.17205047607422,913500,0.0,0.0
2005-09-06 00:00:00-04:00,23.29363420554361,23.570823432381808,23.269317864004915,23.42007064819336,905000,0.0,0.0
2005-09-07 00:00:00-04:00,23.43952406218244,23.45411238371844,23.108841836805496,23.27904510498047,582100,0.0,0.0
2005-09-08 00:00:00-04:00,23.162332285926553,23.356850020384496,23.06020848112912,23.103975296020508,510200,0.0,0.0
2005-09-09 00:00:00-04:00,23.157479494021334,23.458985189364743,23.157479494021334,23.415218353271484,633500,0.0,0.0
2005-09-12 00:00:00-04:00,23.34226381318166,23.50760492272809,23.245004009611446,23.502742767333984,1070100,0.0,0.0
2005-09-13 00:00:00-04:00,23.483283256038842,23.580543029873734,23.34225667673204,23.371435165405273,1030200,0.0,0.0
2005-09-14 00:00:00-04:00,23.40061608836314,23.570821187541974,23.40061608836314,23.424930572509766,642700,0.0,0.0
2005-09-15 00:00:00-04:00,23.536783330012078,23.736165091781594,23.502742677154586,23.658357620239258,891900,0.0,0.0
2005-09-16 00:00:00-04:00,23.79451587090035,23.96958311355553,23.59027013611061,23.945268630981445,1884600,0.0,0.0
2005-09-19 00:00:00-04:00,23.857726282592587,23.969574345580682,23.668068935707975,23.745878219604492,540100,0.0,0.0
2005-09-20 00:00:00-04:00,23.682671265723265,23.877189010128834,23.609725952148438,23.609725952148438,807200,0.0,0.0
2005-09-21 00:00:00-04:00,23.60972695144086,23.75561572968894,23.27904473137109,23.531919479370117,1082000,0.0,0.0
2005-09-22 00:00:00-04:00,23.4103345975153,23.478415872892768,23.196364609889592,23.33252716064453,1152200,0.0,0.0
2005-09-23 00:00:00-04:00,23.308211272986995,23.493004620018002,23.201225358115014,23.449237823486328,480100,0.0,0.0
2005-09-26 00:00:00-04:00,23.42492149368778,23.57081205217703,23.34225190861435,23.449237823486328,845300,0.0,0.0
2005-09-27 00:00:00-04:00,23.52704525564536,23.677796111973496,23.337389755699945,23.449237823486328,705000,0.0,0.0
2005-09-28 00:00:00-04:00,23.60971904618639,23.72156713389565,23.483282642059876,23.62917137145996,664400,0.0,0.0
2005-09-29 00:00:00-04:00,23.536777138691544,23.950128874701694,23.42006503454079,23.789649963378906,702400,0.0,0.0
2005-09-30 00:00:00-04:00,23.73130023805556,23.78479322066692,23.51733016268652,23.609725952148438,821700,0.0,0.0
2005-10-03 00:00:00-04:00,23.702124105691304,23.87718952289294,23.658357287621786,23.755615234375,1534500,0.0,0.0
2005-10-04 00:00:00-04:00,23.755613807667817,23.813970798306666,23.405481139216274,23.43952178955078,709000,0.0,0.0
2005-10-05 00:00:00-04:00,23.31793849714686,23.468689360348964,22.836503713345913,22.841367721557617,1227400,0.0,0.0
2005-10-06 00:00:00-04:00,22.831640438853785,22.875407235231577,22.306438882320297,22.641984939575195,1645600,0.0,0.0
2005-10-07 00:00:00-04:00,22.71007877225236,22.880282043935516,22.588504476742525,22.870555877685547,991600,0.0,0.0
2005-10-10 00:00:00-04:00,22.865698604295982,22.87056076092085,22.39398964337583,22.51556396484375,929400,0.0,0.0
2005-10-11 00:00:00-04:00,22.573901920733498,22.64198504714781,22.325891310131382,22.35993194580078,760600,0.0,0.0
2005-10-12 00:00:00-04:00,22.150828784186338,22.38425113006234,21.951447081141676,22.097335815429688,1342600,0.0,0.0
2005-10-13 00:00:00-04:00,21.907680410088687,21.99035186824176,21.52350531854256,21.630491256713867,1454900,0.0,0.0
2005-10-14 00:00:00-04:00,21.737484982472047,21.8347447924648,21.470021896299418,21.659677505493164,1370100,0.0,0.0
2005-10-17 00:00:00-04:00,21.708300494569823,21.995215834608782,21.68884816692201,21.849327087402344,1035200,0.0,0.0
2005-10-18 00:00:00-04:00,21.86391958230222,21.897960234650697,21.54296353510484,21.688852310180664,1128200,0.0,0.0
2005-10-19 00:00:00-04:00,21.640224280433117,21.863920535641704,21.251186911575463,21.859058380126953,1528600,0.0,0.0
2005-10-20 00:00:00-04:00,21.883372937218617,21.883372937218617,21.397075760835982,21.51865005493164,1402100,0.0,0.0
2005-10-21 00:00:00-04:00,21.88336924628197,21.93199821368767,21.562413238206215,21.825014114379883,1819200,0.0,0.0
2005-10-24 00:00:00-04:00,21.825011918516957,22.262678146362305,21.786107264445718,22.262678146362305,1435500,0.0,0.0
2005-10-25 00:00:00-04:00,22.418293905798677,22.418293905798677,21.89309404137847,22.063297271728516,1226000,0.0,0.0
2005-10-26 00:00:00-04:00,22.0049462459002,22.0049462459002,21.713168695167454,21.78125,1204100,0.0,0.0
2005-10-27 00:00:00-04:00,21.786108272697124,21.81528676460092,21.489466764441545,21.596452713012695,793300,0.0,0.0
2005-10-28 00:00:00-04:00,21.591589473611894,21.990352900879163,21.591589473611894,21.985488891601562,721000,0.0,0.0
2005-10-31 00:00:00-05:00,21.990349967074888,22.248086772122225,21.927130840432344,22.12651252746582,1076000,0.0,0.0
2005-11-01 00:00:00-05:00,22.077886323013523,22.248089544713174,21.9611742173652,22.019529342651367,1057900,0.0,0.0
2005-11-02 00:00:00-05:00,22.000078566095056,22.272403717041016,21.83473750084531,22.272403717041016,1051100,0.0,0.0
2005-11-03 00:00:00-05:00,22.223777247624128,22.38425432169964,22.08761280180799,22.170284271240234,1471800,0.0,0.0
2005-11-04 00:00:00-05:00,22.39884130204427,22.39884130204427,22.019528366804355,22.097335815429688,1188100,0.0,0.0
2005-11-07 00:00:00-05:00,22.136238993447204,22.321032367282275,21.931993294981964,21.966033935546875,916500,0.0,0.0
2005-11-08 00:00:00-05:00,21.98548612302581,22.204320136060645,21.936857166829522,22.000076293945312,714900,0.0,0.0
2005-11-09 00:00:00-05:00,22.07788168218194,22.432878223588524,22.043841044997446,22.374521255493164,1123700,0.0,0.0
2005-11-10 00:00:00-05:00,22.345352298713028,22.500967223579256,22.07788926254147,22.46692657470703,1129000,0.0,0.0
2005-11-11 00:00:00-05:00,22.520415177472515,22.520415177472515,22.180006899811872,22.321033477783203,1018600,0.0,0.0
2005-11-14 00:00:00-05:00,22.27178984033875,22.33087874193175,22.06990103802721,22.109294891357422,1230300,0.57,0.0
2005-11-15 00:00:00-05:00,21.98619717377616,22.183160852310447,21.93203155169833,22.00096893310547,982700,0.0,0.0
2005-11-16 00:00:00-05:00,21.986199164866342,22.227480021641945,21.986199164866342,22.0452880859375,1123100,0.0,0.0
2005-11-17 00:00:00-05:00,22.094526558060146,22.311189046553174,22.06498303937674,22.22747802734375,1217000,0.0,0.0
2005-11-18 00:00:00-05:00,22.37519655527508,22.4982995330012,22.109295550972455,22.419513702392578,1309800,0.0,0.0
2005-11-21 00:00:00-05:00,22.419525548056164,22.56725070210202,22.394905315182978,22.527856826782227,783400,0.0,0.0
2005-11-22 00:00:00-05:00,22.522924330162343,22.577088068994218,22.27671834520754,22.478607177734375,827700,0.0,0.0
2005-11-23 00:00:00-05:00,22.522933531568935,22.700200335297904,22.414602252842872,22.527856826782227,615700,0.0,0.0
2005-11-25 00:00:00-05:00,22.650952865976937,22.65587615966797,22.532773154961575,22.65587615966797,232200,0.0,0.0
2005-11-28 00:00:00-05:00,22.724808652019345,22.852834912286642,22.552463369718414,22.577083587646484,720000,0.0,0.0
2005-11-29 00:00:00-05:00,22.700191497802734,22.842991422637965,22.567241916365937,22.700191497802734,716300,0.0,0.0
2005-11-30 00:00:00-05:00,22.66079596420556,22.685416183634608,22.316107256991888,22.4244384765625,1591700,0.0,0.0
2005-12-01 00:00:00-05:00,22.700190893350257,22.700190893350257,22.38504753548653,22.50322723388672,968800,0.0,0.0
2005-12-02 00:00:00-05:00,22.513065451689574,22.562305874542794,22.34072021489984,22.557382583618164,609600,0.0,0.0
2005-12-05 00:00:00-05:00,22.59678840158688,22.626333800455804,21.8680188017794,22.37027931213379,750200,0.0,0.0
2005-12-06 00:00:00-05:00,22.38012424592532,22.41459293329705,22.193007172762627,22.207778930664062,1530600,0.0,0.0
2005-12-07 00:00:00-05:00,22.281640626195014,22.389971855742665,22.010814430728395,22.104372024536133,1399700,0.0,0.0
2005-12-08 00:00:00-05:00,22.16838134263089,22.345649906218323,22.030506628019378,22.252090454101562,1403400,0.0,0.0
2005-12-09 00:00:00-05:00,22.23239761397794,22.424437950785084,22.23239761397794,22.38504409790039,1005300,0.0,0.0
2005-12-12 00:00:00-05:00,22.42443903733534,22.547542015961376,22.207776592775993,22.394893646240234,1370900,0.0,0.0
2005-12-13 00:00:00-05:00,22.414596475982336,22.626333805247246,22.409671303635033,22.59678840637207,1216100,0.0,0.0
2005-12-14 00:00:00-05:00,22.650952990877332,22.88238724209041,22.611559127520728,22.81344985961914,1262300,0.0,0.0
2005-12-15 00:00:00-05:00,22.99563614923317,23.000559441745473,22.70018788163221,22.788822174072266,1528500,0.0,0.0
2005-12-16 00:00:00-05:00,22.951316456231545,23.26645973731432,22.91684777726325,23.069494247436523,1986300,0.0,0.0
2005-12-19 00:00:00-05:00,23.025182703651517,23.11874217936912,22.803598821673692,22.911928176879883,1229000,0.0,0.0
2005-12-20 00:00:00-05:00,22.93655079731631,23.054728619927026,22.862688249382643,22.951322555541992,1166100,0.0,0.0
2005-12-21 00:00:00-05:00,23.07442878223823,23.13844287418805,22.793754066215847,22.86761474609375,1425000,0.0,0.0
2005-12-22 00:00:00-05:00,22.931619531563342,23.167976992375422,22.911922606895136,23.069494247436523,1791000,0.0,0.0
2005-12-23 00:00:00-05:00,23.118755740860806,23.20246492255144,23.07443856278821,23.11383056640625,1435300,0.0,0.0
2005-12-27 00:00:00-05:00,23.143368277082487,23.256622832604524,23.084279352115132,23.182762145996094,1929700,0.0,0.0
2005-12-28 00:00:00-05:00,23.187672747107793,23.22214142433697,22.897149697317577,23.015329360961914,1055700,0.0,0.0
2005-12-29 00:00:00-05:00,23.015348294529208,23.128602881222772,22.92178876931014,22.926713943481445,1431600,0.0,0.0
2005-12-30 00:00:00-05:00,22.90208229536592,22.91685593332604,22.788827755819867,22.81344985961914,1290100,0.0,0.0
2006-01-03 00:00:00-05:00,22.862678859646543,23.094112994945903,22.77404458988942,22.995630264282227,1419700,0.0,0.0
2006-01-04 00:00:00-05:00,23.020250477347684,23.04979586006734,22.680487028879945,22.995630264282227,1541700,0.0,0.0
2006-01-05 00:00:00-05:00,22.97101698568981,23.084271502701576,22.897154445794023,22.980863571166992,648000,0.0,0.0
2006-01-06 00:00:00-05:00,23.044875702077434,23.08919284659383,22.907000976205214,23.049800872802734,653200,0.0,0.0
2006-01-09 00:00:00-05:00,23.09412240487197,23.09412240487197,22.92177708638629,23.020259857177734,774000,0.0,0.0
2006-01-10 00:00:00-05:00,22.951318315301236,23.04487589745024,22.911924462773904,22.956241607666016,505400,0.0,0.0
2006-01-11 00:00:00-05:00,22.96608947057299,23.005483322070756,22.798669358511948,22.87253189086914,630400,0.0,0.0
2006-01-12 00:00:00-05:00,22.897167892079825,22.936561770732144,22.79868507385254,22.79868507385254,863000,0.0,0.0
2006-01-13 00:00:00-05:00,23.187691172728375,23.187691172728375,22.729747664614496,22.79868507385254,750000,0.0,0.0
2006-01-17 00:00:00-05:00,22.798673927336374,23.04980508495541,22.749433481498674,23.044879913330078,934200,0.0,0.0
2006-01-18 00:00:00-05:00,23.06950446744238,23.143367028468887,23.00549225151589,23.084278106689453,1036700,0.0,0.0
2006-01-19 00:00:00-05:00,23.08426753337403,23.212293784989942,23.025176760257065,23.187673568725586,950500,0.0,0.0
2006-01-20 00:00:00-05:00,23.187682756320562,23.212302982340127,22.91193134105406,23.010414123535156,1278300,0.0,0.0
2006-01-23 00:00:00-05:00,22.995634475365694,23.108888978928043,22.91684865208744,22.99070930480957,963500,0.0,0.0
2006-01-24 00:00:00-05:00,22.990727502693897,23.148299273973414,22.98580420664302,23.11383056640625,1185000,0.0,0.0
2006-01-25 00:00:00-05:00,23.11382219960693,23.2123049906085,22.902084856394602,23.054733276367188,1436800,0.0,0.0
2006-01-26 00:00:00-05:00,23.231991058346026,23.305853586650727,22.97101338089975,23.069494247436523,2849000,0.0,0.0
2006-01-27 00:00:00-05:00,23.167979831292463,23.39941402849763,23.14828290421067,23.28615951538086,2050700,0.0,0.0
2006-01-30 00:00:00-05:00,23.25169953819185,23.256622832604524,23.099051113756207,23.182762145996094,1057200,0.0,0.0
2006-01-31 00:00:00-05:00,23.192598240685868,23.27138406446119,23.09904066195336,23.14828109741211,752900,0.0,0.0
2006-02-01 00:00:00-05:00,23.167988251023537,23.236925642460744,23.05965886950923,23.16306495666504,1095600,0.0,0.0
2006-02-02 00:00:00-05:00,23.06951206158855,23.11382923711243,22.739596771446887,22.926713943481445,1469700,0.0,0.0
2006-02-03 00:00:00-05:00,22.74943382278176,22.83806812934138,22.577088502959114,22.700191497802734,1094200,0.0,0.0
2006-02-06 00:00:00-05:00,22.660802103201917,22.76913335212035,22.596788012622586,22.714967727661133,710800,0.0,0.0
2006-02-07 00:00:00-05:00,22.700194656172755,22.75928545436913,22.522927896792307,22.572168350219727,797400,0.0,0.0
2006-02-08 00:00:00-05:00,22.562326400079122,22.78883555670799,22.508160758623646,22.675580978393555,1164500,0.0,0.0
2006-02-09 00:00:00-05:00,22.675580978393555,22.803609199725305,22.5967951031138,22.675580978393555,739700,0.0,0.0
2006-02-10 00:00:00-05:00,22.675575340604475,22.847920691331375,22.665726873842683,22.719892501831055,906700,0.0,0.0
2006-02-13 00:00:00-05:00,22.707416140215216,22.762265274706095,22.652567005724336,22.702428817749023,1068100,0.575,0.0
2006-02-14 00:00:00-05:00,22.717388244935336,22.7423191502474,22.497991713134414,22.572786331176758,1248600,0.0,0.0
2006-02-15 00:00:00-05:00,22.59274124129004,22.602713987996427,22.403262858082527,22.498001098632812,1033900,0.0,0.0
2006-02-16 00:00:00-05:00,22.488023978752754,22.622653179947687,22.41323124615995,22.612680435180664,789300,0.0,0.0
2006-02-17 00:00:00-05:00,22.587757219701768,22.727373791899236,22.4381698014469,22.662551879882812,1599100,0.0,0.0
2006-02-21 00:00:00-05:00,22.672524633013058,22.966714046558526,22.652579136679446,22.93181037902832,1090900,0.0,0.0
2006-02-22 00:00:00-05:00,22.986644507551272,23.091357352422275,22.89190630725536,23.056453704833984,721200,0.0,0.0
2006-02-23 00:00:00-05:00,22.996617634352603,23.04149402515985,22.86198846193086,22.866975784301758,556200,0.0,0.0
2006-02-24 00:00:00-05:00,22.842054140161046,23.181119918823242,22.842054140161046,23.181119918823242,1119900,0.0,0.0
2006-02-27 00:00:00-05:00,23.240946712033747,23.275850362665903,22.90686646756072,22.911853790283203,1375100,0.0,0.0
2006-02-28 00:00:00-05:00,22.986643365816846,23.011576171803913,22.692454134966248,22.871959686279297,1085900,0.0,0.0
2006-03-01 00:00:00-05:00,22.842048116694176,22.871964446735625,22.687473437089754,22.76226806640625,633700,0.0,0.0
2006-03-02 00:00:00-05:00,22.637610462909027,22.72736325266282,22.453117560578264,22.55284309387207,1291200,0.0,0.0
2006-03-03 00:00:00-05:00,22.448140007085,22.647589241465685,22.443152682513954,22.483043670654297,785600,0.0,0.0
2006-03-06 00:00:00-05:00,22.463094240872664,22.483039731448226,22.024302958743647,22.18885040283203,1241100,0.0,0.0
2006-03-07 00:00:00-05:00,22.25866505123941,22.3035414687664,22.08913212970494,22.233734130859375,842900,0.0,0.0
2006-03-08 00:00:00-05:00,22.1589390827314,22.408252086416034,21.964475244194553,22.228748321533203,1071100,0.0,0.0
2006-03-09 00:00:00-05:00,22.193833434025116,22.26364264352075,22.089122472941366,22.13399887084961,774600,0.0,0.0
2006-03-10 00:00:00-05:00,22.213773833080513,22.288568446493638,22.069171928271686,22.26363754272461,842300,0.0,0.0
2006-03-13 00:00:00-05:00,22.333448706809744,22.413228753968372,22.218765007900863,22.288572311401367,910000,0.0,0.0
2006-03-14 00:00:00-05:00,22.3384433443677,22.582770909534727,22.263650589232025,22.577783584594727,825300,0.0,0.0
2006-03-15 00:00:00-05:00,22.612684755500897,22.63761757323534,22.33844087938449,22.448139190673828,602800,0.0,0.0
2006-03-16 00:00:00-05:00,22.6176700592041,22.832079338237563,22.51794450349674,22.6176700592041,913300,0.0,0.0
2006-03-17 00:00:00-05:00,22.722383893175323,22.757287556744615,22.418221765979744,22.483043670654297,1083200,0.0,0.0
2006-03-20 00:00:00-05:00,22.512962969468514,22.63761946010321,22.23871716838651,22.42321014404297,968600,0.0,0.0
2006-03-21 00:00:00-05:00,22.49300968090042,22.5129551689968,22.288573183178627,22.348407745361328,936600,0.0,0.0
2006-03-22 00:00:00-05:00,22.388304689076417,22.51794659204559,22.288579124119465,22.498001098632812,612900,0.0,0.0
2006-03-23 00:00:00-05:00,22.44814122673705,22.488030314937635,22.248690079412782,22.278608322143555,905800,0.0,0.0
2006-03-24 00:00:00-05:00,22.288581772293323,22.46310010512283,22.21877443916152,22.238718032836914,726300,0.0,0.0
2006-03-27 00:00:00-05:00,22.173904631392734,22.238724658838358,22.014344421805788,22.0293025970459,958600,0.0,0.0
2006-03-28 00:00:00-05:00,21.979434041699804,22.014337708020527,21.814886555810254,21.869735717773438,1184300,0.0,0.0
2006-03-29 00:00:00-05:00,21.939540628944236,22.08912802553838,21.864745979593696,22.034278869628906,1099100,0.0,0.0
2006-03-30 00:00:00-05:00,21.979431219520375,22.09910037379518,21.75006185329766,21.78496551513672,987800,0.0,0.0
2006-03-31 00:00:00-05:00,21.864736206134737,21.954488984393436,21.61542335588414,21.690217971801758,1286400,0.0,0.0
2006-04-03 00:00:00-04:00,21.869743065650166,21.879715816822074,21.595499065799903,21.62042999267578,1668500,0.0,0.0
2006-04-04 00:00:00-04:00,21.665295735416404,21.690226649995026,21.41598278541646,21.63039207458496,2690700,0.0,0.0
2006-04-05 00:00:00-04:00,21.690227276160254,21.869732909679378,21.515708966964947,21.78496551513672,2326600,0.0,0.0
2006-04-06 00:00:00-04:00,21.79493518702905,21.85477165783213,21.495760441440208,21.550609588623047,1117800,0.0,0.0
2006-04-07 00:00:00-04:00,21.341181936373378,21.38605833041351,21.056965408154664,21.13674545288086,1870500,0.0,0.0
2006-04-10 00:00:00-04:00,21.121795931620802,21.271383338928022,20.987166694412178,21.05198860168457,1022100,0.0,0.0
2006-04-11 00:00:00-04:00,21.017086200491743,21.111824453658024,20.81763504401756,20.87248420715332,954500,0.0,0.0
2006-04-12 00:00:00-04:00,20.86749361594705,21.017082910942893,20.86749361594705,20.977191925048828,1428800,0.0,0.0
2006-04-13 00:00:00-04:00,20.842557221004988,21.032035549971383,20.842557221004988,20.882448196411133,902100,0.0,0.0
2006-04-17 00:00:00-04:00,20.87247934690076,20.932313919067383,20.75280830046076,20.932313919067383,913900,0.0,0.0
2006-04-18 00:00:00-04:00,20.967219030858093,21.23647747742536,20.912369876693628,21.121793746948242,1365200,0.0,0.0
2006-04-19 00:00:00-04:00,21.091871741859123,21.266391919595822,20.99214619773909,21.14672088623047,861500,0.0,0.0
2006-04-20 00:00:00-04:00,21.191594677750164,21.535645765407132,21.17164919095971,21.381072998046875,1100100,0.0,0.0
2006-04-21 00:00:00-04:00,21.49077841278659,21.54562757348334,21.17664542315321,21.276369094848633,898700,0.0,0.0
2006-04-24 00:00:00-04:00,21.28135216242542,21.49576143747143,21.191599354168638,21.465843200683594,1884300,0.0,0.0
2006-04-25 00:00:00-04:00,21.425955416595162,21.425955416595162,21.027053177052185,21.091875076293945,923900,0.0,0.0
2006-04-26 00:00:00-04:00,21.166670382046043,21.201574043778873,20.96223383385079,21.027053833007812,849500,0.0,0.0
2006-04-27 00:00:00-04:00,20.94228915584132,21.46086058192021,20.89242732345592,21.306285858154297,1351700,0.0,0.0
2006-04-28 00:00:00-04:00,21.30129846744527,21.595487816391785,21.131765590050556,21.500747680664062,1629400,0.0,0.0
2006-05-01 00:00:00-04:00,21.690223949047304,21.690223949047304,21.266392747667187,21.401020050048828,1448000,0.0,0.0
2006-05-02 00:00:00-04:00,21.475812337395805,21.590496039317166,21.31625223888727,21.37110137939453,1474500,0.0,0.0
2006-05-03 00:00:00-04:00,21.316250981942176,21.415976513156146,21.096856334956477,21.111814498901367,1381000,0.0,0.0
2006-05-04 00:00:00-04:00,21.21154559696855,21.286338338428244,21.136750953402053,21.231491088867188,1059200,0.0,0.0
2006-05-05 00:00:00-04:00,21.30628388938035,21.550611410548864,21.30628388938035,21.500747680664062,1050200,0.0,0.0
2006-05-08 00:00:00-04:00,21.440921074023187,21.640372263461757,21.440921074023187,21.480812072753906,1205200,0.0,0.0
2006-05-09 00:00:00-04:00,21.4508853799622,21.470830871476387,21.366117992080294,21.445898056030273,881300,0.0,0.0
2006-05-10 00:00:00-04:00,21.445899360008465,21.784965127938843,21.406010276661476,21.779979705810547,1791200,0.0,0.0
2006-05-11 00:00:00-04:00,21.82797767921168,21.858293080754798,21.438913963743715,21.48944091796875,1525300,0.575,0.0
2006-05-12 00:00:00-04:00,21.3934410370197,21.438916071284527,21.110485054096323,21.12564468383789,2060900,0.0,0.0
2006-05-15 00:00:00-04:00,21.18122663584714,21.484394217350125,21.145857373793824,21.287336349487305,1850200,0.0,0.0
2006-05-16 00:00:00-04:00,21.282281913570063,21.337862731697637,21.19638568735848,21.221649169921875,912100,0.0,0.0
2006-05-17 00:00:00-04:00,21.095333888276553,21.22165325287701,20.80227203721283,20.918487548828125,1452400,0.0,0.0
2006-05-18 00:00:00-04:00,20.923526751163205,21.150901854667243,20.918474827742834,20.984159469604492,1702400,0.0,0.0
2006-05-19 00:00:00-04:00,21.145851051329235,21.418701214857524,20.989216345491606,21.297435760498047,2208200,0.0,0.0
2006-05-22 00:00:00-04:00,21.19639154393897,21.802724930391758,21.19639154393897,21.711774826049805,2858800,0.0,0.0
2006-05-23 00:00:00-04:00,21.62586736107161,21.737028980300796,21.297438283090635,21.347965240478516,1888100,0.0,0.0
2006-05-24 00:00:00-04:00,21.438914433333778,21.848189710448274,21.317647042065847,21.79766082763672,2456900,0.0,0.0
2006-05-25 00:00:00-04:00,21.843133208076278,22.070508334440067,21.757237008938603,22.065454483032227,2475800,0.0,0.0
2006-05-26 00:00:00-04:00,22.080625364662893,22.267577484975018,21.95430599979352,22.26252555847168,1797100,0.0,0.0
2006-05-30 00:00:00-04:00,22.105886491055543,22.252417401248678,22.025042183273182,22.07556915283203,2313700,0.0,0.0
2006-05-31 00:00:00-04:00,22.075566468569157,22.474736032980474,21.954300985380975,22.282730102539062,1506500,0.0,0.0
2006-06-01 00:00:00-04:00,22.3180987200834,22.348416053747926,22.131146647852265,22.277677536010742,1293600,0.0,0.0
2006-06-02 00:00:00-04:00,22.328202479883828,22.46462757782363,22.171567755474324,22.459575653076172,945300,0.0,0.0
2006-06-05 00:00:00-04:00,22.358530148840753,22.393899420866447,22.217053060737978,22.252422332763672,1848200,0.0,0.0
2006-06-06 00:00:00-04:00,22.3736814802069,22.3736814802069,21.994723450108655,22.24736213684082,1153900,0.0,0.0
2006-06-07 00:00:00-04:00,22.141245495896783,22.28777633819353,22.09071854975005,22.206932067871094,1183100,0.0,0.0
2006-06-08 00:00:00-04:00,22.227153613845655,22.51010772349132,22.156413158953928,22.454526901245117,1837600,0.0,0.0
2006-06-09 00:00:00-04:00,22.302935811287444,22.626312918309782,22.262514636649453,22.540416717529297,1180700,0.0,0.0
2006-06-12 00:00:00-04:00,22.681901942691397,22.73748276451261,22.479792141272796,22.651586532592773,1391200,0.0,0.0
2006-06-13 00:00:00-04:00,22.505048819265713,22.702106635231363,22.307991003300064,22.38378143310547,1748100,0.0,0.0
2006-06-14 00:00:00-04:00,22.333256492421484,22.38378345017823,22.014931261610304,22.186725616455078,1329200,0.0,0.0
2006-06-15 00:00:00-04:00,22.292834529648804,22.474734670887027,22.06545935310103,22.409048080444336,1038100,0.0,0.0
2006-06-16 00:00:00-04:00,22.454517398924324,22.58083669512604,22.222090356508247,22.34840965270996,1118200,0.0,0.0
2006-06-19 00:00:00-04:00,22.348419990722093,22.414106594826787,21.98461963257964,22.156414031982422,967900,0.0,0.0
2006-06-20 00:00:00-04:00,22.14124681478343,22.186721840016073,21.999769815161667,22.09577178955078,934600,0.0,0.0
2006-06-21 00:00:00-04:00,22.080620521976243,22.156410967787302,21.934089628269362,21.979564666748047,923800,0.0,0.0
2006-06-22 00:00:00-04:00,21.90882678976583,22.01998842652953,21.7521901131879,21.969459533691406,1035700,0.0,0.0
2006-06-23 00:00:00-04:00,21.918927480043216,22.151354550702127,21.868398598934935,21.97450828552246,724900,0.0,0.0
2006-06-26 00:00:00-04:00,21.92903580267143,22.13114556813442,21.87345499073812,21.964405059814453,571500,0.0,0.0
2006-06-27 00:00:00-04:00,21.939142274781073,22.186729031854068,21.82292871206687,21.848194122314453,832300,0.0,0.0
2006-06-28 00:00:00-04:00,21.90376969710631,22.110933308402043,21.90376969710631,22.080617904663086,1648100,0.0,0.0
2006-06-29 00:00:00-04:00,22.201888847116223,22.469687186859197,22.10588683247953,22.429264068603516,1440200,0.0,0.0
2006-06-30 00:00:00-04:00,22.484844239055857,22.590952030172982,22.313049846422285,22.454526901245117,891300,0.0,0.0
2006-07-03 00:00:00-04:00,22.555569928983964,22.712206527302737,22.35851216407019,22.70210075378418,515500,0.0,0.0
2006-07-05 00:00:00-04:00,22.565692290043597,22.7071693683416,22.474742189000416,22.545480728149414,1031500,0.0,0.0
2006-07-06 00:00:00-04:00,22.560631495344165,22.585894974041192,22.358519810808186,22.459575653076172,824900,0.0,0.0
2006-07-07 00:00:00-04:00,22.444411469311472,22.894109779774393,22.41409607201878,22.788000106811523,1471300,0.0,0.0
2006-07-10 00:00:00-04:00,22.762744764847454,22.959802627563477,22.68695431706138,22.959802627563477,1118000,0.0,0.0
2006-07-11 00:00:00-04:00,22.98506417072417,23.086118084104694,22.85369099936173,23.02043342590332,723000,0.0,0.0
2006-07-12 00:00:00-04:00,22.96990524125641,23.02043412696532,22.86379747248756,22.904220581054688,1238000,0.0,0.0
2006-07-13 00:00:00-04:00,22.86380260832453,23.05580856218838,22.793064079922146,22.838539123535156,1035000,0.0,0.0
2006-07-14 00:00:00-04:00,22.848636004798223,23.000218781982568,22.7576859529917,22.843582153320312,1001300,0.0,0.0
2006-07-17 00:00:00-04:00,22.853688530043996,23.081063665542214,22.853688530043996,22.909269332885742,991800,0.0,0.0
2006-07-18 00:00:00-04:00,22.9042129114558,23.182114943618146,22.889053287079456,23.1315860748291,947800,0.0,0.0
2006-07-19 00:00:00-04:00,23.182118013750245,23.490337408005164,23.16695838736623,23.39938735961914,971900,0.0,0.0
2006-07-20 00:00:00-04:00,23.36907757996257,23.611610478143483,23.303390984367695,23.520660400390625,825000,0.0,0.0
2006-07-21 00:00:00-04:00,23.737930365501178,23.74298421853776,23.5459244271949,23.64698028564453,1579900,0.0,0.0
2006-07-24 00:00:00-04:00,23.596455154602886,23.748037990321638,23.520662773003345,23.722774505615234,1479400,0.0,0.0
2006-07-25 00:00:00-04:00,23.62171040235512,23.74802970931959,23.58634115060344,23.732872009277344,1007900,0.0,0.0
2006-07-26 00:00:00-04:00,23.6975071439779,23.874353435470866,23.662137885679307,23.844036102294922,944200,0.0,0.0
2006-07-27 00:00:00-04:00,23.84404400999047,23.975417236508473,23.5560359954834,23.5560359954834,1183000,0.0,0.0
2006-07-28 00:00:00-04:00,23.646977037325808,23.88445798293832,23.545921192757937,23.74298095703125,1177100,0.0,0.0
2006-07-31 00:00:00-04:00,23.85918494627379,23.85918494627379,23.611598322633508,23.682336807250977,859500,0.0,0.0
2006-08-01 00:00:00-04:00,23.61160973626851,23.717717514486235,23.51560773609248,23.667190551757812,1559200,0.0,0.0
2006-08-02 00:00:00-04:00,23.611600219555516,23.753077200156508,23.530755955286477,23.652023315429688,1211800,0.0,0.0
2006-08-03 00:00:00-04:00,23.62171315289688,23.778349805664465,23.24780711265293,23.374126434326172,2563400,0.0,0.0
2006-08-04 00:00:00-04:00,23.495384196016392,23.65707270725302,23.369064926145338,23.571176528930664,1468800,0.0,0.0
2006-08-07 00:00:00-04:00,23.318544534209106,23.591392768829184,22.949690466474514,23.000219345092773,1452500,0.0,0.0
2006-08-08 00:00:00-04:00,23.005271801186574,23.283175821314156,22.990114100990404,23.247804641723633,1699300,0.0,0.0
2006-08-09 00:00:00-04:00,23.23771176641715,23.358977280209107,23.045705787519196,23.060863494873047,1062500,0.0,0.0
2006-08-10 00:00:00-04:00,23.045700652052954,23.172019991801125,22.909275533827312,23.126544952392578,875400,0.0,0.0
2006-08-11 00:00:00-04:00,23.0507525731777,23.21749502680412,22.995171755302227,23.14170265197754,1129000,0.0,0.0
2006-08-14 00:00:00-04:00,23.098206986362765,23.43592992151169,23.0163348188111,23.174962997436523,2125200,0.575,0.0
2006-08-15 00:00:00-04:00,23.38475654417285,23.38987269977462,23.17495902875015,23.205659866333008,926300,0.0,0.0
2006-08-16 00:00:00-04:00,23.22101748059851,23.328474340375347,23.06750740206209,23.077739715576172,1013600,0.0,0.0
2006-08-17 00:00:00-04:00,23.077743047164702,23.10332969060335,22.87306356356337,23.05215835571289,1093400,0.0,0.0
2006-08-18 00:00:00-04:00,23.098209371342435,23.29777267835615,23.052156150340295,23.200550079345703,951100,0.0,0.0
2006-08-21 00:00:00-04:00,23.128911318265935,23.379643994061762,23.103326630203217,23.23636817932129,899500,0.0,0.0
2006-08-22 00:00:00-04:00,23.267070525214308,23.42058060260177,23.18008024510327,23.415462493896484,731300,0.0,0.0
2006-08-23 00:00:00-04:00,23.359175655467194,23.43592971387448,23.03168503617558,23.10332489013672,1125400,0.0,0.0
2006-08-24 00:00:00-04:00,23.18008154734772,23.24148519135502,23.108443637341427,23.200550079345703,1030600,0.0,0.0
2006-08-25 00:00:00-04:00,23.190323915782894,23.313133198692316,23.180089646208167,23.22614288330078,719800,0.0,0.0
2006-08-28 00:00:00-04:00,23.267079398884146,23.5382807040998,23.215908052248082,23.507577896118164,957500,0.0,0.0
2006-08-29 00:00:00-04:00,23.425687099704,23.512677343944482,23.32334839163623,23.430805206298828,1290000,0.0,0.0
2006-08-30 00:00:00-04:00,23.47686873596668,23.481984892826972,23.292655857210555,23.41034698486328,884500,0.0,0.0
2006-08-31 00:00:00-04:00,23.38475899066101,23.676428690129026,23.38475899066101,23.640609741210938,634500,0.0,0.0
2006-09-01 00:00:00-04:00,23.609909790479513,23.615027899218944,23.435931181083383,23.487102508544922,749600,0.0,0.0
2006-09-05 00:00:00-04:00,23.435927149112207,23.435927149112207,23.210779202976063,23.313119888305664,1239700,0.0,0.0
2006-09-06 00:00:00-04:00,23.28753201986416,23.328469072622788,23.128905820389747,23.205659866333008,1538400,0.0,0.0
2006-09-07 00:00:00-04:00,23.221014707131875,23.25171554798039,23.077736959222317,23.113555908203125,1040900,0.0,0.0
2006-09-08 00:00:00-04:00,23.23125047862575,23.26706942993045,23.14426020260973,23.174962997436523,552700,0.0,0.0
2006-09-11 00:00:00-04:00,23.200546545897407,23.328471923421766,23.11867438236127,23.15449333190918,811000,0.0,0.0
2006-09-12 00:00:00-04:00,23.205664408599517,23.205664408599517,23.03168580429307,23.185197830200195,1024200,0.0,0.0
2006-09-13 00:00:00-04:00,23.241483279297093,23.32335740055331,22.99075061490264,23.302888870239258,910300,0.0,0.0
2006-09-14 00:00:00-04:00,23.24660491943359,23.45640250705834,23.20566785258643,23.246604919433594,589900,0.0,0.0
2006-09-15 00:00:00-04:00,23.36940364118396,23.57920310381483,23.31311812290185,23.40010643005371,1362400,0.0,0.0
2006-09-18 00:00:00-04:00,23.425690540772454,23.48709611701604,23.28241476684279,23.38987159729004,1198300,0.0,0.0
2006-09-19 00:00:00-04:00,23.435930252075195,23.533154794404833,23.369408505005413,23.435930252075195,806400,0.0,0.0
2006-09-20 00:00:00-04:00,23.522929631488697,23.80948135684897,23.456407858678393,23.702024459838867,1980600,0.0,0.0
2006-09-21 00:00:00-04:00,23.538266661134045,23.615022659301758,23.517798134691176,23.615022659301758,1889000,0.0,0.0
2006-09-22 00:00:00-04:00,23.589444713755228,23.640616048709912,23.538275330787382,23.54850959777832,1243000,0.0,0.0
2006-09-25 00:00:00-04:00,23.604791487739618,23.840173716703696,23.579206802328113,23.73783302307129,1737000,0.0,0.0
2006-09-26 00:00:00-04:00,23.727590939861088,23.860634383339033,23.630368386539306,23.76852798461914,692700,0.0,0.0
2006-09-27 00:00:00-04:00,23.794117483863218,23.957861792109405,23.71224532974012,23.922042846679688,1255600,0.0,0.0
2006-09-28 00:00:00-04:00,23.978331738438673,24.02950110580064,23.742949525395616,23.896459579467773,1363200,0.0,0.0
2006-09-29 00:00:00-04:00,23.916929020281582,23.9220451764186,23.635491633087604,23.640609741210938,959600,0.0,0.0
2006-10-02 00:00:00-04:00,23.67642825324419,23.881107678715537,23.67642825324419,23.717363357543945,1242200,0.0,0.0
2006-10-03 00:00:00-04:00,23.77877190832717,23.865760235807198,23.558740083306887,23.855525970458984,1813000,0.0,0.0
2006-10-04 00:00:00-04:00,23.85553451597632,24.019278916231123,23.819715550419783,24.009044647216797,1717500,0.0,0.0
2006-10-05 00:00:00-04:00,24.044853399149694,24.11137318610598,23.85040629023337,23.91180992126465,1448500,0.0,0.0
2006-10-06 00:00:00-04:00,23.82482826081769,23.90158233304734,23.696902855114818,23.7583065032959,1337400,0.0,0.0
2006-10-09 00:00:00-04:00,23.69177592485162,23.789000446258704,23.645722717865645,23.7531795501709,610200,0.0,0.0
2006-10-10 00:00:00-04:00,23.717363156532016,23.799235316423918,23.676428052579197,23.748065948486328,645700,0.0,0.0
2006-10-11 00:00:00-04:00,23.69177932649548,24.06532119146515,23.69177932649548,23.81458854675293,1516400,0.0,0.0
2006-10-12 00:00:00-04:00,23.804347190527356,23.993676144698494,23.702006529466882,23.942506790161133,1178300,0.0,0.0
2006-10-13 00:00:00-04:00,23.97832714241134,24.029496499965465,23.814582855855104,23.91692352294922,738200,0.0,0.0
2006-10-16 00:00:00-04:00,23.870881369782005,23.988572508222415,23.79412534593589,23.97833824157715,793000,0.0,0.0
2006-10-17 00:00:00-04:00,24.009036445623018,24.162548476410326,23.983451757820653,24.10114288330078,870100,0.0,0.0
2006-10-18 00:00:00-04:00,24.003910106102882,24.423505054421312,24.003910106102882,24.326282501220703,1085900,0.0,0.0
2006-10-19 00:00:00-04:00,24.15231617757019,24.362113757811503,24.15231617757019,24.290475845336914,845600,0.0,0.0
2006-10-20 00:00:00-04:00,24.403047553882914,24.505388259887695,24.331409645275553,24.505388259887695,1162800,0.0,0.0
2006-10-23 00:00:00-04:00,24.403042345197935,24.607723713519466,24.305819768837615,24.530967712402344,957600,0.0,0.0
2006-10-24 00:00:00-04:00,24.37233843347506,24.515614202044205,24.305816704359696,24.510498046875,1544200,0.0,0.0
2006-10-25 00:00:00-04:00,24.413278875262453,24.76123606252056,24.413278875262453,24.67424774169922,1301000,0.0,0.0
2006-10-26 00:00:00-04:00,24.91986321987547,24.91986321987547,24.62819352361543,24.740766525268555,986300,0.0,0.0
2006-10-27 00:00:00-04:00,24.756115430400808,24.766349693115295,24.64865664789169,24.679359436035156,809600,0.0,0.0
2006-10-30 00:00:00-05:00,24.745883785838505,24.873809155325272,24.67936204714924,24.77658462524414,824800,0.0,0.0
2006-10-31 00:00:00-05:00,24.827756794531638,24.848225322827222,24.689597156515887,24.740766525268555,732700,0.0,0.0
2006-11-01 00:00:00-05:00,24.802172406427726,25.011969943997848,24.771469613617594,24.899394989013672,1296200,0.0,0.0
2006-11-02 00:00:00-05:00,24.82264810982798,24.965925910302985,24.658903725274,24.96080780029297,1251600,0.0,0.0
2006-11-03 00:00:00-05:00,24.807281569965742,24.930090754602865,24.295580212618297,24.5718994140625,1833900,0.0,0.0
2006-11-06 00:00:00-05:00,24.561674971240542,24.617962455367483,24.449100002986658,24.525856018066406,1849200,0.0,0.0
2006-11-07 00:00:00-05:00,24.50026828087949,24.607725127027003,24.38257717052941,24.403043746948242,1145000,0.0,0.0
2006-11-08 00:00:00-05:00,24.40815872873165,24.64354091928296,24.397924465839935,24.60260581970215,1893900,0.0,0.0
2006-11-09 00:00:00-05:00,24.60261491721984,24.6537842986137,24.505390359790013,24.577028274536133,773800,0.0,0.0
2006-11-10 00:00:00-05:00,24.63843490480242,24.7510079389733,24.566795035074037,24.71518898010254,899800,0.0,0.0
2006-11-13 00:00:00-05:00,24.79027841362256,24.899031922171787,24.63491879848683,24.640098571777344,1215400,0.575,0.0
2006-11-14 00:00:00-05:00,24.58831468520361,24.909391538376525,24.58831468520361,24.847248077392578,1445600,0.0,0.0
2006-11-15 00:00:00-05:00,24.769566363743714,24.88349569971074,24.686705791397113,24.712600708007812,931300,0.0,0.0
2006-11-16 00:00:00-05:00,24.805809676017862,24.961169253062007,24.790272335460504,24.81098747253418,1057400,0.0,0.0
2006-11-17 00:00:00-05:00,24.75920275388469,24.91456233813566,24.722952250076272,24.852418899536133,1213100,0.0,0.0
2006-11-20 00:00:00-05:00,24.997412742125714,24.997412742125714,24.717764396599506,24.78508758544922,628600,0.0,0.0
2006-11-21 00:00:00-05:00,24.79027243503677,24.847238074466087,24.70223606537634,24.764379501342773,701300,0.0,0.0
2006-11-22 00:00:00-05:00,24.738484671595288,24.857593737862057,24.722949307670422,24.748842239379883,799200,0.0,0.0
2006-11-24 00:00:00-05:00,24.676341221848382,24.847236151405653,24.676341221848382,24.7799129486084,238800,0.0,0.0
2006-11-27 00:00:00-05:00,24.81098788421328,24.83170302163067,24.51062629367804,24.609020233154297,857700,0.0,0.0
2006-11-28 00:00:00-05:00,24.57277122326382,24.87313283204654,24.55205608458795,24.795454025268555,1827300,0.0,0.0
2006-11-29 00:00:00-05:00,24.826528234199436,24.99224541580283,24.805815068127487,24.950817108154297,2011500,0.0,0.0
2006-11-30 00:00:00-05:00,24.909383590298393,24.997421942813993,24.831704782730434,24.971529006958008,903700,0.0,0.0
2006-12-01 00:00:00-05:00,25.007779512257265,25.090638092299045,24.805811846874448,24.971529006958008,882400,0.0,0.0
2006-12-04 00:00:00-05:00,25.00259953319469,25.10099545434055,24.950813661910612,25.06474494934082,719800,0.0,0.0
2006-12-05 00:00:00-05:00,25.03885003819442,25.10099545434055,24.97670659755265,25.06474494934082,699900,0.0,0.0
2006-12-06 00:00:00-05:00,25.018137081700534,25.075100750381953,24.888670426916228,24.971529006958008,683900,0.0,0.0
2006-12-07 00:00:00-05:00,24.971534958321975,25.075106726429755,24.831710700770657,24.878318786621094,1272000,0.0,0.0
2006-12-08 00:00:00-05:00,24.914567628297643,24.97671108009222,24.728135297409196,24.76956558227539,850500,0.0,0.0
2006-12-11 00:00:00-05:00,24.748845184867385,24.893847200101053,24.748845184867385,24.852418899536133,858700,0.0,0.0
2006-12-12 00:00:00-05:00,24.90938815503117,25.261537678617465,24.878317416511916,25.19939422607422,1876700,0.0,0.0
2006-12-13 00:00:00-05:00,25.220106231171723,25.302964816089354,25.038851718505068,25.173498153686523,1345800,0.0,0.0
2006-12-14 00:00:00-05:00,25.178679754969412,25.442792892456055,25.163144385295418,25.442792892456055,1181900,0.0,0.0
2006-12-15 00:00:00-05:00,25.499750810986377,25.520463972431592,25.1683145463084,25.204565048217773,2181100,0.0,0.0
2006-12-18 00:00:00-05:00,25.323678466011668,25.349571401867653,24.86795528802969,24.971529006958008,1522700,0.0,0.0
2006-12-19 00:00:00-05:00,25.002600198098992,25.08545877965963,24.857598174243982,25.05438804626465,1363500,0.0,0.0
2006-12-20 00:00:00-05:00,25.01813489226251,25.038848053831977,24.805809676017862,24.81098747253418,887900,0.0,0.0
2006-12-21 00:00:00-05:00,24.847236827943306,24.852416599724776,24.62455405343879,24.75402069091797,885800,0.0,0.0
2006-12-22 00:00:00-05:00,24.754020113051066,24.904201883142,24.665983749862352,24.733304977416992,621900,0.0,0.0
2006-12-26 00:00:00-05:00,24.73848521987366,24.86277208503526,24.645269083250405,24.816164016723633,553900,0.0,0.0
2006-12-27 00:00:00-05:00,24.85759209873979,24.98188092845522,24.842056735839336,24.95598602294922,524900,0.0,0.0
2006-12-28 00:00:00-05:00,24.919740010990253,25.01295615617822,24.883489507362075,24.930097579956055,888800,0.0,0.0
2006-12-29 00:00:00-05:00,24.919752811243768,25.012969004313064,24.805823445107638,24.89385986328125,980900,0.0,0.0
2007-01-03 00:00:00-05:00,24.919738473947834,25.220102028917008,24.919738473947834,25.05956268310547,1444700,0.0,0.0
2007-01-04 00:00:00-05:00,25.002597730132543,25.152779511732124,24.88348865436522,25.01813507080078,1499800,0.0,0.0
2007-01-05 00:00:00-05:00,25.00777502840087,25.018132595987044,24.50544386574359,24.665983200073242,1167200,0.0,0.0
2007-01-08 00:00:00-05:00,24.6815199045468,24.73330576978696,24.510624968850973,24.62973403930664,1278800,0.0,0.0
2007-01-09 00:00:00-05:00,24.702241897583004,24.79027828802885,24.51580957016277,24.702241897583008,1927200,0.0,0.0
2007-01-10 00:00:00-05:00,24.64526977396009,24.878310122049427,24.624554637351224,24.759201049804688,1430900,0.0,0.0
2007-01-11 00:00:00-05:00,24.75403091305817,24.955998634847298,24.61938642370039,24.728137969970703,957400,0.0,0.0
2007-01-12 00:00:00-05:00,24.634916531582146,24.702239749630934,24.43812665024966,24.526165008544922,1141400,0.0,0.0
2007-01-16 00:00:00-05:00,24.614194869995117,24.83169983394782,24.541693873845546,24.614194869995117,921600,0.0,0.0
2007-01-17 00:00:00-05:00,24.68669261671634,24.691872387476074,24.495082584184328,24.650442123413086,1209900,0.0,0.0
2007-01-18 00:00:00-05:00,24.37597723417246,24.722948834045184,24.37597723417246,24.665983200073242,1041500,0.0,0.0
2007-01-19 00:00:00-05:00,24.774741580551773,24.85242237128098,24.671167851414356,24.72295570373535,1754500,0.0,0.0
2007-01-22 00:00:00-05:00,24.80581372867458,25.080282425477446,24.7799188153498,24.9870662689209,1987000,0.0,0.0
2007-01-23 00:00:00-05:00,24.971532044807045,25.137249225050514,24.91974419129058,25.02849769592285,1323400,0.0,0.0
2007-01-24 00:00:00-05:00,25.038854376516035,25.20975133727157,25.002603865235415,25.132070541381836,902600,0.0,0.0
2007-01-25 00:00:00-05:00,25.183857720086376,25.204570886329364,24.862778949511924,24.873136520385742,1033800,0.0,0.0
2007-01-26 00:00:00-05:00,24.873140886528912,24.940464121274097,24.69188830318226,24.909391403198242,985800,0.0,0.0
2007-01-29 00:00:00-05:00,24.857593623010025,24.893844122336592,24.712591625703762,24.826520919799805,1034400,0.0,0.0
2007-01-30 00:00:00-05:00,24.8783138367357,24.8783138367357,24.634915883999152,24.821348190307617,1282900,0.0,0.0
2007-01-31 00:00:00-05:00,24.81616931051883,25.054389474653316,24.691882418844298,25.002601623535156,1314100,0.0,0.0
2007-02-01 00:00:00-05:00,25.069922746267483,25.16831669190898,24.971528800625986,25.06474494934082,1297100,0.0,0.0
2007-02-02 00:00:00-05:00,25.116525070496333,25.13206043322405,25.01813114738095,25.095809936523438,741900,0.0,0.0
2007-02-05 00:00:00-05:00,25.106171121276038,25.24599533248569,25.0129549804696,25.189029693603516,1032900,0.0,0.0
2007-02-06 00:00:00-05:00,25.18386380196261,25.318508304829464,25.157970856277267,25.240829467773438,1331600,0.0,0.0
2007-02-07 00:00:00-05:00,25.246003291541133,25.39100534495152,25.152787121347366,25.33403968811035,914300,0.0,0.0
2007-02-08 00:00:00-05:00,25.313325199391105,25.45832724523594,25.297787854832936,25.339218139648438,684700,0.0,0.0
2007-02-09 00:00:00-05:00,25.334031295014785,25.504928208920617,25.23045956289458,25.3909969329834,1401200,0.0,0.0
2007-02-12 00:00:00-05:00,25.39099608903344,25.43292032615369,25.25997959940907,25.375272750854492,1065500,0.58,0.0
2007-02-13 00:00:00-05:00,25.411962460020757,25.53249740600586,25.312388635702412,25.53249740600586,1222500,0.0,0.0
2007-02-14 00:00:00-05:00,25.501051622896398,25.66351280350167,25.4905700629393,25.579662322998047,968500,0.0,0.0
2007-02-15 00:00:00-05:00,25.574424419540495,25.574424419540495,25.417204994661937,25.459131240844727,1116600,0.0,0.0
2007-02-16 00:00:00-05:00,25.42244202127752,25.590144988684223,25.301907075292416,25.53249740600586,1017700,0.0,0.0
2007-02-20 00:00:00-05:00,25.506292034055875,25.70543767985918,25.49581247299277,25.689716339111328,1165900,0.0,0.0
2007-02-21 00:00:00-05:00,25.54821395874023,25.65302754404256,25.48532660721998,25.548213958740234,1148000,0.0,0.0
2007-02-22 00:00:00-05:00,25.731647919550447,25.977959656999197,25.67924210267588,25.962238311767578,1975300,0.0,0.0
2007-02-23 00:00:00-05:00,26.04083682516802,26.14565041696828,25.810248522529832,25.852174758911133,2592500,0.0,0.0
2007-02-26 00:00:00-05:00,26.046083996609983,26.229506320869607,25.857419892141003,26.067047119140625,1753700,0.0,0.0
2007-02-27 00:00:00-05:00,25.915063001430664,25.962229019397675,25.15516693380794,25.480087280273438,1804400,0.0,0.0
2007-02-28 00:00:00-05:00,25.506295269070186,25.647793351206925,25.322872939904112,25.459131240844727,1882600,0.0,0.0
2007-03-01 00:00:00-05:00,25.233773729572697,25.60586003648917,25.155163045394744,25.51152801513672,1348500,0.0,0.0
2007-03-02 00:00:00-05:00,25.469606521383596,25.48532986063552,25.186612403839465,25.197093963623047,1284300,0.0,0.0
2007-03-05 00:00:00-05:00,25.123727105673126,25.16041157126809,24.87741740798601,24.924583435058594,1649700,0.0,0.0
2007-03-06 00:00:00-05:00,25.013670554645195,25.312388022051927,24.87217249127045,25.244258880615234,1256200,0.0,0.0
2007-03-07 00:00:00-05:00,25.22853966303411,25.338593055202587,25.08180180680947,25.149930953979492,1495400,0.0,0.0
2007-03-08 00:00:00-05:00,25.22853993468225,25.401482694940604,25.139449663630398,25.385759353637695,1395400,0.0,0.0
2007-03-09 00:00:00-05:00,25.417191929708686,25.464357932843317,25.244249251830908,25.36478614807129,865200,0.0,0.0
2007-03-12 00:00:00-04:00,25.359560417249124,25.48533717158035,25.20758075551872,25.411968231201172,1718500,0.0,0.0
2007-03-13 00:00:00-04:00,25.359564116596435,25.516783583079718,25.118494134711803,25.1761417388916,1386700,0.0,0.0
2007-03-14 00:00:00-04:00,25.25474148529586,25.501053161263666,25.055597831557005,25.406721115112305,1756000,0.0,0.0
2007-03-15 00:00:00-04:00,25.411958245792704,25.65302809778475,25.2652184235408,25.569177627563477,1569700,0.0,0.0
2007-03-16 00:00:00-04:00,25.626833164867858,25.65303607011405,25.375279676874534,25.474853515625,1654000,0.0,0.0
2007-03-19 00:00:00-04:00,25.653040423899533,25.81549966349032,25.474857839169673,25.705446243286133,1062000,0.0,0.0
2007-03-20 00:00:00-04:00,25.731631571024216,26.09847805353251,25.616338447320608,26.072275161743164,1129700,0.0,0.0
2007-03-21 00:00:00-04:00,26.051325932433524,26.355285236808843,25.89934628024587,26.30287742614746,1245900,0.0,0.0
2007-03-22 00:00:00-04:00,26.26619540479907,26.371009036731028,26.135178864672564,26.323843002319336,1288100,0.0,0.0
2007-03-23 00:00:00-04:00,26.22949327512583,26.439120397863363,26.150884603463556,26.423397064208984,756100,0.0,0.0
2007-03-26 00:00:00-04:00,26.42340667881904,26.716884357607995,26.276668839001122,26.69068145751953,1781800,0.0,0.0
2007-03-27 00:00:00-04:00,26.75880771128071,26.805973726014603,26.533459196346872,26.70639991760254,1414300,0.0,0.0
2007-03-28 00:00:00-04:00,26.653989762172436,26.91078091214622,26.612063534089526,26.68543243408203,1461700,0.0,0.0
2007-03-29 00:00:00-04:00,26.790252134715995,26.884584170333024,26.538700706121602,26.858381271362305,1219700,0.0,0.0
2007-03-30 00:00:00-04:00,26.826937182324546,26.93699255906367,26.418166351774666,26.75881004333496,1523600,0.0,0.0
2007-04-02 00:00:00-04:00,26.695917766746415,27.12565166961124,26.643511973383532,27.104690551757812,1611600,0.0,0.0
2007-04-03 00:00:00-04:00,27.20950808299956,27.28287900855111,26.99464108462472,27.251434326171875,1538900,0.0,0.0
2007-04-04 00:00:00-04:00,27.16235321973213,27.366738726250933,27.120426962418534,27.167593002319336,1295600,0.0,0.0
2007-04-05 00:00:00-04:00,27.08896770150031,27.3457608915626,27.041801686964497,27.277631759643555,940000,0.0,0.0
2007-04-09 00:00:00-04:00,27.219986893147198,27.377208290002464,27.188544213098627,27.324800491333008,868100,0.0,0.0
2007-04-10 00:00:00-04:00,27.37197587444611,27.40866034648785,27.22523798627916,27.387697219848633,1467000,0.0,0.0
2007-04-11 00:00:00-04:00,27.330053706862287,27.371977964187685,27.07326038381119,27.146629333496094,1427100,0.0,0.0
2007-04-12 00:00:00-04:00,27.146623360890256,27.27763988483196,26.978922370177155,27.120420455932617,1243700,0.0,0.0
2007-04-13 00:00:00-04:00,27.246195831130976,27.246195831130976,26.968439454890028,27.141382217407227,793700,0.0,0.0
2007-04-16 00:00:00-04:00,27.209506309152935,27.251432549591986,27.0942131462519,27.219987869262695,976500,0.0,0.0
2007-04-17 00:00:00-04:00,27.209502182449334,27.508221602389632,27.16757794752186,27.434850692749023,1424700,0.0,0.0
2007-04-18 00:00:00-04:00,27.330043827704866,27.58159527818924,27.27763602604986,27.539669036865234,1098500,0.0,0.0
2007-04-19 00:00:00-04:00,27.09945199613726,27.529185950114623,27.09945199613726,27.204265594482422,1689100,0.0,0.0
2007-04-20 00:00:00-04:00,27.22523142376583,27.330045032543307,27.099454693402198,27.251434326171875,2337400,0.0,0.0
2007-04-23 00:00:00-04:00,27.240957260131836,27.324807761158475,27.162348539943284,27.240957260131836,1566900,0.0,0.0
2007-04-24 00:00:00-04:00,27.31432015900915,27.387689081290226,27.193785215382636,27.335283279418945,1963100,0.0,0.0
2007-04-25 00:00:00-04:00,27.487256723635213,27.665439208750865,27.26190822777857,27.581588745117188,1717200,0.0,0.0
2007-04-26 00:00:00-04:00,27.51346183768763,27.723089013254985,27.293355102579525,27.366724014282227,1397300,0.0,0.0
2007-04-27 00:00:00-04:00,27.366738181704736,27.366738181704736,27.062778819691356,27.146629333496094,1325300,0.0,0.0
2007-04-30 00:00:00-04:00,26.999890531999654,27.083741043002757,26.842671073763068,26.863632202148438,2224500,0.0,0.0
2007-05-01 00:00:00-04:00,26.900305988456665,27.057525372546966,26.753566164039846,26.942230224609375,1369800,0.0,0.0
2007-05-02 00:00:00-04:00,27.005126089878438,27.178068866292843,26.91603581050391,27.078495025634766,1043600,0.0,0.0
2007-05-03 00:00:00-04:00,27.07848840592137,27.157099103101995,26.858381652460533,27.03132438659668,1582900,0.0,0.0
2007-05-04 00:00:00-04:00,27.178063852010197,27.178063852010197,26.87410460378102,26.947473526000977,1575400,0.0,0.0
2007-05-07 00:00:00-04:00,27.010375726615187,27.2304825979033,26.92128342217418,27.162355422973633,1010400,0.0,0.0
2007-05-08 00:00:00-04:00,27.146612044585666,27.23570428328696,26.9893926812246,27.178056716918945,1087000,0.0,0.0
2007-05-09 00:00:00-04:00,27.24095623991919,27.251437802049175,26.1613793303735,27.078495025634766,1207500,0.0,0.0
2007-05-10 00:00:00-04:00,27.078481826172695,27.246184739351758,26.653989762172436,26.68543243408203,1946300,0.0,0.0
2007-05-11 00:00:00-04:00,26.465327793028916,26.716879183638586,26.412922003000848,26.711639404296875,3219400,0.0,0.0
2007-05-14 00:00:00-04:00,26.743457719062107,26.89188458531135,26.706351002499797,26.8759822845459,1520700,0.58,0.0
2007-05-15 00:00:00-04:00,26.902484139048877,27.103922024916695,26.7805617934922,26.86537742614746,1894400,0.0,0.0
2007-05-16 00:00:00-04:00,26.875981329759885,27.273555012087208,26.796465784428694,27.26295280456543,2210200,0.0,0.0
2007-05-17 00:00:00-04:00,27.257640865500466,27.257640865500466,26.944884956071135,26.966087341308594,1668900,0.0,0.0
2007-05-18 00:00:00-04:00,27.045613491361436,27.077420114968255,26.865380001918247,27.008506774902344,1893900,0.0,0.0
2007-05-21 00:00:00-04:00,27.05091168375928,27.088018397611453,26.9183871279546,27.035009384155273,1721000,0.0,0.0
2007-05-22 00:00:00-04:00,26.97140013346738,27.03501135869357,26.86538007664747,26.8759822845459,1239100,0.0,0.0
2007-05-23 00:00:00-04:00,26.87597989681039,26.95549341573783,26.361783981323242,26.361783981323242,1944200,0.0,0.0
2007-05-24 00:00:00-04:00,26.361771752430208,26.420082852559077,25.561324709091647,25.63553810119629,4398600,0.0,0.0
2007-05-25 00:00:00-04:00,25.76807073872118,25.815779651892566,25.1955637806645,25.50832176208496,3350500,0.0,0.0
2007-05-29 00:00:00-04:00,25.577239161406872,25.87939498558196,25.43411239908748,25.64615249633789,2990600,0.0,0.0
2007-05-30 00:00:00-04:00,25.58253500535812,25.8581862771404,25.44471038054893,25.82638168334961,1949700,0.0,0.0
2007-05-31 00:00:00-04:00,25.900600853947058,25.98011437825713,25.79458079936928,25.879396438598633,1781500,0.0,0.0
2007-06-01 00:00:00-04:00,25.974812847315086,26.022521768125294,25.587841388371938,25.699161529541016,2469700,0.0,0.0
2007-06-04 00:00:00-04:00,25.699159543419185,25.916499716499047,25.46591707201965,25.778675079345703,2203300,0.0,0.0
2007-06-05 00:00:00-04:00,25.752161115515378,25.757461205620423,25.248567624676102,25.301576614379883,3126400,0.0,0.0
2007-06-06 00:00:00-04:00,25.40760116238457,25.40760116238457,24.95701860278521,25.259174346923828,2871800,0.0,0.0
2007-06-07 00:00:00-04:00,25.01003713119802,25.12135728520833,24.453434338981992,24.591259002685547,5170300,0.0,0.0
2007-06-08 00:00:00-04:00,25.025935478776763,25.12135331632912,24.458730567862265,24.697275161743164,3835000,0.0,0.0
2007-06-11 00:00:00-04:00,24.792690322126244,24.898710354865493,24.660165786743164,24.660165786743164,3591100,0.0,0.0
2007-06-12 00:00:00-04:00,24.591261742677652,24.771495259703844,24.38452371300505,24.442834854125977,3843000,0.0,0.0
2007-06-13 00:00:00-04:00,24.585948518872737,24.92521095275879,24.527637408892893,24.92521095275879,2289300,0.0,0.0
2007-06-14 00:00:00-04:00,24.909315947478927,25.073645099514206,24.67607143930363,24.866907119750977,1981000,0.0,0.0
2007-06-15 00:00:00-04:00,24.919912637332185,25.264477236723273,24.909312454051033,25.110748291015625,3958300,0.0,0.0
2007-06-18 00:00:00-04:00,25.110756414250933,25.18496985421028,24.840407165518375,24.877513885498047,2013500,0.0,0.0
2007-06-19 00:00:00-04:00,24.91460653835545,24.93581094413285,24.649557532628265,24.787382125854492,1890800,0.0,0.0
2007-06-20 00:00:00-04:00,24.909303282825743,25.105438955935597,24.278485435166996,24.320894241333008,2446300,0.0,0.0
2007-06-21 00:00:00-04:00,24.320901886225663,24.45342641390668,23.992239601618802,24.3474063873291,2720200,0.0,0.0
2007-06-22 00:00:00-04:00,24.299700281132843,24.299700281132843,23.81200891145251,23.960437774658203,3677100,0.0,0.0
2007-06-25 00:00:00-04:00,24.15127237091862,24.27319470240021,23.859716771545294,23.94453239440918,2171400,0.0,0.0
2007-06-26 00:00:00-04:00,24.161875315489393,24.43752458160424,23.928630828857422,23.928630828857422,2953500,0.0,0.0
2007-06-27 00:00:00-04:00,23.85441464575247,24.225483722452488,23.71659002866241,24.103561401367188,3697400,0.0,0.0
2007-06-28 00:00:00-04:00,24.018747430469784,24.273194294788606,23.827911776689685,23.99224090576172,1986000,0.0,0.0
2007-06-29 00:00:00-04:00,24.034653950787977,24.14067400175767,23.68478919810298,23.918031692504883,2936600,0.0,0.0
2007-07-02 00:00:00-04:00,24.039943999299098,24.188372817507744,23.886217112893746,24.177770614624023,2569800,0.0,0.0
2007-07-03 00:00:00-04:00,24.368620761498654,24.49584322768244,24.07706506365114,24.299707412719727,1344200,0.0,0.0
2007-07-05 00:00:00-04:00,24.289093060750613,24.389810964641622,23.88621942302295,24.183073043823242,2175800,0.0,0.0
2007-07-06 00:00:00-04:00,24.204277103578246,24.225481511091523,23.785499154927244,23.96573257446289,1509200,0.0,0.0
2007-07-09 00:00:00-04:00,24.07706216213587,24.108868785931136,23.90743087955658,24.018753051757812,1536000,0.0,0.0
2007-07-10 00:00:00-04:00,23.907425300804896,24.061154246696397,23.780202879639734,23.80670738220215,2007000,0.0,0.0
2007-07-11 00:00:00-04:00,23.801403471644,23.96573257446289,23.732490158307655,23.96573257446289,2175200,0.0,0.0
2007-07-12 00:00:00-04:00,24.124767550537275,24.2360897064209,23.96573849920022,24.2360897064209,1596700,0.0,0.0
2007-07-13 00:00:00-04:00,24.304996030704615,24.517036070449656,24.13536480777406,24.432220458984375,1432700,0.0,0.0
2007-07-16 00:00:00-04:00,24.342103930093682,24.50643507007672,24.087657083198643,24.103561401367188,1539100,0.0,0.0
2007-07-17 00:00:00-04:00,24.108863427911203,24.2837967866609,24.0452522166222,24.156572341918945,1765100,0.0,0.0
2007-07-18 00:00:00-04:00,24.193685116997838,24.33681189491057,24.050558339085104,24.24139404296875,2568900,0.0,0.0
2007-07-19 00:00:00-04:00,24.38452000601928,24.50644236338965,24.14067529127854,24.389820098876953,2939000,0.0,0.0
2007-07-20 00:00:00-04:00,24.389814858768077,24.52233939554552,24.039950162562192,24.050552368164062,3454400,0.0,0.0
2007-07-23 00:00:00-04:00,24.108858839302037,24.304994549708503,23.812003206180265,23.933927536010742,2621400,0.0,0.0
2007-07-24 00:00:00-04:00,23.907423017045478,24.145967561648067,23.50984945009574,23.53635597229004,3716700,0.0,0.0
2007-07-25 00:00:00-04:00,23.838513569021757,24.045251516312813,23.46744447334258,24.013444900512695,4806400,0.0,0.0
2007-07-26 00:00:00-04:00,23.89152723464615,24.204285273462332,23.398535715458543,23.732498168945312,5892600,0.0,0.0
2007-07-27 00:00:00-04:00,23.668882543728643,23.748396050704194,23.138784408569336,23.138784408569336,4418400,0.0,0.0
2007-07-30 00:00:00-04:00,23.234202648342787,23.49394960678371,22.847229223282415,23.329618453979492,3794100,0.0,0.0
2007-07-31 00:00:00-04:00,23.356119977440677,23.72188689090822,23.112273346298807,23.154682159423828,4125000,0.0,0.0
2007-08-01 00:00:00-04:00,23.244798189942045,23.902120647733256,23.154682493994518,23.82260513305664,3061900,0.0,0.0
2007-08-02 00:00:00-04:00,23.94453382928599,24.14597170397038,23.721893564238044,24.098262786865234,2864400,0.0,0.0
2007-08-03 00:00:00-04:00,24.098261570911216,24.156572691337907,23.25540542602539,23.25540542602539,3567500,0.0,0.0
2007-08-06 00:00:00-04:00,23.430344323627708,24.25199625120278,23.202401902007182,24.24139404296875,3338200,0.0,0.0
2007-08-07 00:00:00-04:00,23.992238006176425,25.36519210253921,23.97103562000188,25.01532745361328,5610700,0.0,0.0
2007-08-08 00:00:00-04:00,24.755584678887125,25.746867679988043,24.61775802374812,24.914613723754883,4625200,0.0,0.0
2007-08-09 00:00:00-04:00,24.85629846388553,25.52422317215908,24.633658242570135,24.882802963256836,4644000,0.0,0.0
2007-08-10 00:00:00-04:00,24.82979159879503,25.70975424036212,24.670762595555384,25.142549514770508,4610500,0.0,0.0
2007-08-13 00:00:00-04:00,24.83129156750942,25.233787104388266,24.64345908864706,24.697126388549805,2802500,0.58,0.0
2007-08-14 00:00:00-04:00,24.820560165909267,25.035225288926195,24.4073311347806,24.514663696289062,2980100,0.0,0.0
2007-08-15 00:00:00-04:00,24.45562981108763,24.901059208909277,24.112167264294108,24.16583251953125,2497200,0.0,0.0
2007-08-16 00:00:00-04:00,23.865305177409635,24.573697232420454,23.704305308108502,24.482463836669922,4472300,0.0,0.0
2007-08-17 00:00:00-04:00,24.740052963705402,25.00838326503495,24.187293198069803,24.664920806884766,4531900,0.0,0.0
2007-08-20 00:00:00-04:00,24.756159638064517,24.94399007157408,24.39659589037711,24.745426177978516,2015100,0.0,0.0
2007-08-21 00:00:00-04:00,24.58442671840741,25.308917824324347,24.579058965126162,25.1049861907959,2004100,0.0,0.0
2007-08-22 00:00:00-04:00,25.147915102831867,25.30354716233752,24.83665098382056,25.223047256469727,1774800,0.0,0.0
2007-08-23 00:00:00-04:00,25.27671835178954,25.330385650534463,24.9010574965657,25.04058837890625,1593800,0.0,0.0
2007-08-24 00:00:00-04:00,24.986929017991883,25.13182768796564,24.82056342345936,25.115726470947266,1414400,0.0,0.0
2007-08-27 00:00:00-04:00,25.09962839995169,25.09962839995169,24.385868481114944,24.509300231933594,1946600,0.0,0.0
2007-08-28 00:00:00-04:00,24.52003027053879,24.68103014209614,24.17656769932014,24.192668914794922,1911400,0.0,0.0
2007-08-29 00:00:00-04:00,24.38049676926685,24.71859359741211,24.332197222388956,24.71859359741211,1406200,0.0,0.0
2007-08-30 00:00:00-04:00,24.49320018765244,24.8205636246318,24.418067998286418,24.648832321166992,1276300,0.0,0.0
2007-08-31 00:00:00-04:00,24.815189899757794,24.884954311801838,24.412694403450637,24.654190063476562,1488900,0.0,0.0
2007-09-04 00:00:00-04:00,24.691761914298592,25.013759614885412,24.659563577278814,24.911792755126953,1637100,0.0,0.0
2007-09-05 00:00:00-04:00,24.842032344956902,24.895697613469117,24.562968444856082,24.804466247558594,1749500,0.0,0.0
2007-09-06 00:00:00-04:00,24.917161522495064,24.938628446179994,24.57906463965223,24.793729782104492,1582000,0.0,0.0
2007-09-07 00:00:00-04:00,24.584428057460578,24.70249202250408,24.3429303266018,24.439529418945312,1808600,0.0,0.0
2007-09-10 00:00:00-04:00,24.3643901120549,24.4985552513345,24.015559931048905,24.434154510498047,2888600,0.0,0.0
2007-09-11 00:00:00-04:00,24.61663818359375,24.64883857886773,24.439541127584718,24.61663818359375,1549200,0.0,0.0
2007-09-12 00:00:00-04:00,24.6488303146864,24.793728974039432,24.546865501303948,24.702495574951172,981000,0.0,0.0
2007-09-13 00:00:00-04:00,24.815186872250468,24.879585570587402,24.579054899685527,24.64345359802246,1080600,0.0,0.0
2007-09-14 00:00:00-04:00,24.552233513163962,24.895696124375565,24.546867805513187,24.825929641723633,1273300,0.0,0.0
2007-09-17 00:00:00-04:00,24.80445698166331,24.820556146763256,24.62199227080459,24.723957061767578,913300,0.0,0.0
2007-09-18 00:00:00-04:00,24.94936079214686,25.3518563808441,24.85276168708365,25.169391632080078,2016300,0.0,0.0
2007-09-19 00:00:00-04:00,25.29816953309753,25.507466750001978,25.137171831416943,25.384035110473633,1837000,0.0,0.0
2007-09-20 00:00:00-04:00,25.42698956908781,25.464555661743145,25.094258395285532,25.23379135131836,1598700,0.0,0.0
2007-09-21 00:00:00-04:00,25.416250051375883,25.45918184109613,25.14791971223078,25.212318420410156,1661200,0.0,0.0
2007-09-24 00:00:00-04:00,25.249887801443034,25.46455291967098,25.190854791570434,25.244522094726562,1254000,0.0,0.0
2007-09-25 00:00:00-04:00,25.19085784610187,25.389423821059353,25.06742610467342,25.1264591217041,1378200,0.0,0.0
2007-09-26 00:00:00-04:00,25.16939442610407,25.362590610478538,25.08352877287142,25.287458419799805,1091200,0.0,0.0
2007-09-27 00:00:00-04:00,25.33575651139576,25.346489973328477,25.083527321171765,25.1264591217041,970400,0.0,0.0
2007-09-28 00:00:00-04:00,25.147927662428742,25.158661125051555,24.79373158467053,24.847396850585938,1573900,0.0,0.0
2007-10-01 00:00:00-04:00,24.992287624199093,25.29818404704867,24.890322832315242,25.212318420410156,1344300,0.0,0.0
2007-10-02 00:00:00-04:00,25.180120281995347,25.2874528366381,25.02985593381441,25.206954956054688,903800,0.0,0.0
2007-10-03 00:00:00-04:00,25.131825345078376,25.31428804522218,25.083525792923133,25.276721954345703,754800,0.0,0.0
2007-10-04 00:00:00-04:00,25.37869077070577,25.459188665708826,25.276723904290566,25.351858139038086,866300,0.0,0.0
2007-10-05 00:00:00-04:00,25.330380546802537,25.57724392969515,25.3196470892162,25.36794662475586,1042500,0.0,0.0
2007-10-08 00:00:00-04:00,25.367953203173478,25.496750633213846,25.22305455897938,25.330387115478516,774900,0.0,0.0
2007-10-09 00:00:00-04:00,25.400144904813907,25.66847518077164,25.265979766835038,25.63090705871582,1281200,0.0,0.0
2007-10-10 00:00:00-04:00,25.614816019681943,25.614816019681943,25.260620024990608,25.314285278320312,1176000,0.0,0.0
2007-10-11 00:00:00-04:00,25.426984416841208,25.52894921235916,24.96008813610564,25.147920608520508,2673400,0.0,0.0
2007-10-12 00:00:00-04:00,25.21232098903552,25.260620536890304,25.035224011700123,25.09962272644043,1284600,0.0,0.0
2007-10-15 00:00:00-04:00,25.121092181747684,25.206957825797815,24.70249537570466,24.911792755126953,1783200,0.0,0.0
2007-10-16 00:00:00-04:00,24.89568872037392,25.013754725564457,24.750790090512268,24.874221801757812,999500,0.0,0.0
2007-10-17 00:00:00-04:00,24.976188703839554,25.02985395331554,24.734690986801528,24.949356079101562,1335600,0.0,0.0
2007-10-18 00:00:00-04:00,24.79372839886766,24.997660068100156,24.686395833629593,24.76152801513672,1512800,0.0,0.0
2007-10-19 00:00:00-04:00,24.77762373161249,24.77762373161249,24.149731690319285,24.214130401611328,2917600,0.0,0.0
2007-10-22 00:00:00-04:00,24.14974014273072,24.46100444278136,23.91897579536872,24.278539657592773,1830600,0.0,0.0
2007-10-23 00:00:00-04:00,24.450265835785537,24.46636500405702,24.21950153696837,24.375131607055664,1712200,0.0,0.0
2007-10-24 00:00:00-04:00,24.18729861676982,24.595161912595408,24.18729861676982,24.589794158935547,1753800,0.0,0.0
2007-10-25 00:00:00-04:00,24.64882936212204,24.976192759802043,24.477098079273247,24.895692825317383,2225000,0.0,0.0
2007-10-26 00:00:00-04:00,24.911786679206028,25.083519972619417,24.820555350303167,25.04595184326172,1039800,0.0,0.0
2007-10-29 00:00:00-04:00,25.07815474120213,25.265987218085176,24.938623857321655,24.9600887298584,1160700,0.0,0.0
2007-10-30 00:00:00-04:00,24.976184511507075,25.190847520577194,24.91715151867354,24.981550216674805,1317500,0.0,0.0
2007-10-31 00:00:00-04:00,25.03523035202423,25.308926494384405,24.99229649985861,25.271360397338867,1408800,0.0,0.0
2007-11-01 00:00:00-04:00,25.24988977476806,25.32502195786007,24.79909462901754,24.831295013427734,1779200,0.0,0.0
2007-11-02 00:00:00-04:00,25.21232343033127,25.464554654351705,25.09425740254325,25.169391632080078,3343100,0.0,0.0
2007-11-05 00:00:00-05:00,25.43235454774121,25.475288393659252,25.142557229389773,25.373321533203125,1504000,0.0,0.0
2007-11-06 00:00:00-05:00,25.190856979991736,25.335755640303727,25.04595831967974,25.2659912109375,1238500,0.0,0.0
2007-11-07 00:00:00-05:00,25.223052243744515,25.233785703129026,24.766891479492188,24.766891479492188,3112000,0.0,0.0
2007-11-08 00:00:00-05:00,25.003020484611195,25.36794990088439,24.809822317502096,25.29818344116211,3595700,0.0,0.0
2007-11-09 00:00:00-05:00,25.319919349638432,25.47749016579525,25.129749104414838,25.1732177734375,2565000,0.58,0.0
2007-11-12 00:00:00-05:00,24.96674124212382,25.401417490523286,24.96674124212382,25.118877410888672,2786500,0.0,0.0
2007-11-13 00:00:00-05:00,25.292749493351604,25.439453125,25.02651118134894,25.439453125,2340400,0.0,0.0
2007-11-14 00:00:00-05:00,25.531826662611067,25.553558924984415,25.271018787128146,25.31448745727539,1885500,0.0,0.0
2007-11-15 00:00:00-05:00,25.162349559824907,25.537257487404112,25.162349559824907,25.39598846435547,2903900,0.0,0.0
2007-11-16 00:00:00-05:00,25.520951422553967,25.569852624651563,25.124309260073282,25.444883346557617,1766000,0.0,0.0
2007-11-19 00:00:00-05:00,25.336228467560048,26.080612021998355,25.336228467560048,25.80893898010254,4645400,0.0,0.0
2007-11-20 00:00:00-05:00,25.798067334011467,26.10777438222574,25.781767617589807,26.026273727416992,3062300,0.0,0.0
2007-11-21 00:00:00-05:00,25.86327102722771,26.477252641147516,25.86327102722771,26.080610275268555,3270600,0.0,0.0
2007-11-23 00:00:00-05:00,26.200143969116166,26.444648003358004,26.14037557934134,26.32511329650879,1218500,0.0,0.0
2007-11-26 00:00:00-05:00,26.102346680989097,26.705461172981984,26.102346680989097,26.352285385131836,2958800,0.0,0.0
2007-11-27 00:00:00-05:00,26.54244758504607,26.596783421120907,26.221873406655266,26.482681274414062,2809900,0.0,0.0
2007-11-28 00:00:00-05:00,26.629381912587377,26.629381912587377,26.36857612671037,26.51527976989746,2620500,0.0,0.0
2007-11-29 00:00:00-05:00,26.37944544570832,26.564183151530536,26.28164300893772,26.38488006591797,2475900,0.0,0.0
2007-11-30 00:00:00-05:00,26.645687509455225,26.645687509455225,26.26534490673396,26.32511329650879,3038200,0.0,0.0
2007-12-03 00:00:00-05:00,26.21644207532409,26.515281933145232,26.21644207532409,26.38488006591797,1894600,0.0,0.0
2007-12-04 00:00:00-05:00,26.172972996740977,26.971692193692142,26.172972996740977,26.748920440673828,2391600,0.0,0.0
2007-12-05 00:00:00-05:00,26.94451893147257,27.091222549607963,26.776080983383824,27.009719848632812,1928700,0.0,0.0
2007-12-06 00:00:00-05:00,26.94452842952427,26.98256248399988,26.640253921018846,26.81955909729004,2505700,0.0,0.0
2007-12-07 00:00:00-05:00,26.81412566154407,26.993430845739372,26.672856606205848,26.890195846557617,1630000,0.0,0.0
2007-12-10 00:00:00-05:00,26.81412656365273,27.303138834545763,26.81412656365273,27.281404495239258,2591000,0.0,0.0
2007-12-11 00:00:00-05:00,27.303132301900746,27.44440132819116,26.776086099674625,26.846721649169922,2710600,0.0,0.0
2007-12-12 00:00:00-05:00,27.46613041415412,27.46613041415412,26.86301623049742,27.009719848632812,2955800,0.0,0.0
2007-12-13 00:00:00-05:00,26.928224512415365,27.2053300193293,26.868456129647605,27.14012908935547,2160500,0.0,0.0
2007-12-14 00:00:00-05:00,27.0368936176692,27.074929741134596,26.765220642089844,26.765220642089844,1828200,0.0,0.0
2007-12-17 00:00:00-05:00,26.623942831054933,26.79238076656613,26.29793619689738,26.39573860168457,2718300,0.0,0.0
2007-12-18 00:00:00-05:00,26.531582269164083,27.05862640214122,26.444644932169705,26.569616317749023,1988200,0.0,0.0
2007-12-19 00:00:00-05:00,26.629380522311422,26.65654947432403,26.319673538208008,26.319673538208008,1880300,0.0,0.0
2007-12-20 00:00:00-05:00,26.558755275216665,26.62395622029794,26.129511401971865,26.29251480102539,1903100,0.0,0.0
2007-12-21 00:00:00-05:00,26.547887237934535,26.596788463322447,26.357714884670173,26.4283504486084,2558700,0.0,0.0
2007-12-24 00:00:00-05:00,26.455513547040944,26.580482866758864,26.249043578481057,26.38488006591797,639000,0.0,0.0
2007-12-26 00:00:00-05:00,26.27077758658526,26.43378304049949,26.216443817080815,26.259912490844727,1263000,0.0,0.0
2007-12-27 00:00:00-05:00,26.287079960638355,26.38488240608339,26.151243461153637,26.254478454589844,1817100,0.0,0.0
2007-12-28 00:00:00-05:00,26.091469933926117,26.79238663074754,26.091469933926117,26.585914611816406,2037600,0.0,0.0
2007-12-31 00:00:00-05:00,26.55875364831774,26.623954589405027,26.42291714531057,26.542451858520508,1421500,0.0,0.0
2008-01-02 00:00:00-05:00,26.44464713256862,26.558751360517995,26.09690604645715,26.14580726623535,2507700,0.0,0.0
2008-01-03 00:00:00-05:00,26.28708124008764,26.43378491539558,26.086041718720878,26.113210678100586,1677100,0.0,0.0
2008-01-04 00:00:00-05:00,26.118636883477333,26.34684323610358,26.01540191008694,26.037134170532227,1644500,0.0,0.0
2008-01-07 00:00:00-05:00,26.145808476928536,26.466382694163197,26.1403759290129,26.406614303588867,2064500,0.0,0.0
2008-01-08 00:00:00-05:00,26.482684262133667,26.78695668767927,26.24361070183304,26.259912490844727,2102300,0.0,0.0
2008-01-09 00:00:00-05:00,26.325118587226825,26.325118587226825,25.705704373619273,25.993677139282227,3398800,0.0,0.0
2008-01-10 00:00:00-05:00,25.81436133599302,25.836095668210945,25.17864766386865,25.33078384399414,4145700,0.0,0.0
2008-01-11 00:00:00-05:00,25.28188509484119,25.580727010189356,25.04281363526286,25.493789672851562,2862200,0.0,0.0
2008-01-14 00:00:00-05:00,25.645928887522054,25.819799423217773,25.477490899260452,25.819799423217773,1943300,0.0,0.0
2008-01-15 00:00:00-05:00,25.580716945813755,25.9719244464177,25.477479934692383,25.477479934692383,2188800,0.0,0.0
2008-01-16 00:00:00-05:00,25.41228777587108,25.743729103687823,25.200383208303023,25.232982635498047,2075000,0.0,0.0
2008-01-17 00:00:00-05:00,25.254716610403882,25.276450943358896,24.352762519771606,24.41253089904785,2927400,0.0,0.0
2008-01-18 00:00:00-05:00,24.624440371177034,24.901547989829872,23.83658826249219,24.233230590820312,4131400,0.0,0.0
2008-01-22 00:00:00-05:00,23.429078492230246,24.010458535311876,23.22260850851746,23.624683380126953,4731300,0.0,0.0
2008-01-23 00:00:00-05:00,23.640988463162113,24.44514253432861,23.32041417360414,24.407106399536133,5649100,0.0,0.0
2008-01-24 00:00:00-05:00,24.575543945132072,24.59184366492805,23.662722327941285,23.717058181762695,2982100,0.0,0.0
2008-01-25 00:00:00-05:00,24.597269993132258,24.597269993132258,23.45624232001673,23.510578155517578,3061800,0.0,0.0
2008-01-28 00:00:00-05:00,23.58665064723062,23.842023939915794,23.429079803969532,23.63011932373047,1923800,0.0,0.0
2008-01-29 00:00:00-05:00,23.733354321366747,23.934391768427112,23.526882253393616,23.63011932373047,2342200,0.0,0.0
2008-01-30 00:00:00-05:00,23.722485278920168,23.852889225421375,23.423645406034563,23.461679458618164,3334100,0.0,0.0
2008-01-31 00:00:00-05:00,23.592081258977906,23.863754246701006,23.07046961999765,23.673583984375,2819000,0.0,0.0
2008-02-01 00:00:00-05:00,23.733345035499546,24.168021266924494,23.635542624341465,24.11368751525879,3255700,0.0,0.0
2008-02-04 00:00:00-05:00,24.151732910792976,24.50490660806262,24.108264230863995,24.325603485107422,2396700,0.0,0.0
2008-02-05 00:00:00-05:00,24.265830612787518,24.27669778076624,23.82571963680094,23.86918830871582,3858300,0.0,0.0
2008-02-06 00:00:00-05:00,24.075660354910802,24.124561574464867,23.771385869607695,23.86918830871582,1865900,0.0,0.0
2008-02-07 00:00:00-05:00,24.010460721278186,24.010460721278186,23.559484586636632,23.727920532226562,2170900,0.0,0.0
2008-02-08 00:00:00-05:00,23.65184614897449,23.820284122617096,23.516009675207897,23.564910888671875,2550200,0.0,0.0
2008-02-11 00:00:00-05:00,23.683336215788025,23.710874558621462,23.41345541352222,23.446502685546875,2085100,0.585,0.0
2008-02-12 00:00:00-05:00,23.54564601778408,23.68333985414539,23.413459010419093,23.633769989013672,1969500,0.0,0.0
2008-02-13 00:00:00-05:00,23.787974107813707,23.947699379616346,23.518095504737637,23.61723518371582,2703200,0.0,0.0
2008-02-14 00:00:00-05:00,23.672307515078366,23.88710941318863,23.325318702186543,23.413442611694336,2271900,0.0,0.0
2008-02-15 00:00:00-05:00,23.407936153486137,23.46301280990196,23.11051716634524,23.352859497070312,1927800,0.0,0.0
2008-02-19 00:00:00-05:00,23.661291539767557,23.661291539767557,23.33082740750164,23.440982818603516,1740500,0.0,0.0
2008-02-20 00:00:00-05:00,23.363885642449564,23.46853428706105,23.22619182673204,23.39142608642578,2016800,0.0,0.0
2008-02-21 00:00:00-05:00,23.424465567825596,23.501573749731605,22.91224452968952,22.967323303222656,1807400,0.0,0.0
2008-02-22 00:00:00-05:00,23.138062036696056,23.220679145719036,22.824120384073318,23.20966339111328,2797800,0.0,0.0
2008-02-25 00:00:00-05:00,23.27024954100754,23.347357724030214,23.138062583654097,23.253726959228516,2108700,0.0,0.0
2008-02-26 00:00:00-05:00,23.270250789596478,23.385913070336464,23.00037003349599,23.3693904876709,1552400,0.0,0.0
2008-02-27 00:00:00-05:00,23.275755687486676,23.36938855059156,23.022399636092853,23.077478408813477,1228500,0.0,0.0
2008-02-28 00:00:00-05:00,23.01138271375815,23.02239846774324,22.647871236411053,22.80208969116211,2370300,0.0,0.0
2008-02-29 00:00:00-05:00,22.702949334474006,22.724978740752018,22.34494469419399,22.52119255065918,3659500,0.0,0.0
2008-03-03 00:00:00-05:00,22.52670172020741,22.713965332345083,22.38900794954854,22.570762634277344,2020700,0.0,0.0
2008-03-04 00:00:00-05:00,22.603810688628858,22.81310371462411,22.444085404811208,22.664396286010742,2213100,0.0,0.0
2008-03-05 00:00:00-05:00,22.691929959781525,22.747006618248047,22.389004136135963,22.598297119140625,2087400,0.0,0.0
2008-03-06 00:00:00-05:00,22.774548071649118,22.857165171721995,22.526700973510742,22.526700973510742,5127700,0.0,0.0
2008-03-07 00:00:00-05:00,22.592791705745828,22.592791705745828,22.322911019896864,22.49915885925293,3665400,0.0,0.0
2008-03-10 00:00:00-04:00,22.69193200418086,22.713963509968305,22.36697464745615,22.48814582824707,2225100,0.0,0.0
2008-03-11 00:00:00-04:00,22.680915167595245,22.96731842602762,22.620329580094563,22.92876434326172,2647300,0.0,0.0
2008-03-12 00:00:00-04:00,23.000368990748484,23.19314155094942,22.61482807242746,22.642366409301758,2894800,0.0,0.0
2008-03-13 00:00:00-04:00,22.63685454999106,22.769041491327016,22.372482768359298,22.576271057128906,2426700,0.0,0.0
2008-03-14 00:00:00-04:00,22.785569380688294,22.791078309257756,22.168701746469225,22.400026321411133,3548300,0.0,0.0
2008-03-17 00:00:00-04:00,22.113625869805073,22.642369575473438,22.08608542803926,22.466121673583984,3391600,0.0,0.0
2008-03-18 00:00:00-04:00,22.686417657807887,22.923251035847308,22.51567878134193,22.88469696044922,2525800,0.0,0.0
2008-03-19 00:00:00-04:00,22.950799400845497,23.215173320711074,22.289870904302916,22.295377731323242,4608500,0.0,0.0
2008-03-20 00:00:00-04:00,22.179711854104116,22.57627056848873,22.11361943538672,22.477130889892578,3942000,0.0,0.0
2008-03-24 00:00:00-04:00,22.614824737564557,22.614824737564557,22.21275919557664,22.317405700683594,2533600,0.0,0.0
2008-03-25 00:00:00-04:00,22.372483552045622,22.377992479524345,22.10260493471468,22.168697357177734,3453600,0.0,0.0
2008-03-26 00:00:00-04:00,22.223769473826092,22.223769473826092,21.909827905128164,21.99244499206543,4930600,0.0,0.0
2008-03-27 00:00:00-04:00,21.997959993671248,22.22928666245219,21.92085180442446,21.95940589904785,2759300,0.0,0.0
2008-03-28 00:00:00-04:00,22.031000869209457,22.135647366963813,21.645457933790297,21.72807502746582,2485400,0.0,0.0
2008-03-31 00:00:00-04:00,21.722565752678996,21.959399176312214,21.6454575870384,21.865768432617188,2321200,0.0,0.0
2008-04-01 00:00:00-04:00,22.019995135363125,22.46612386231978,21.920855418261645,22.41104507446289,2813400,0.0,0.0
2008-04-02 00:00:00-04:00,22.548734589972685,22.82412217358709,22.394518215481586,22.68092155456543,2674400,0.0,0.0
2008-04-03 00:00:00-04:00,22.719475609576694,22.78556804124048,22.59830440065932,22.708459854125977,1914200,0.0,0.0
2008-04-04 00:00:00-04:00,22.86817657276993,23.082978470829286,22.708451330249993,22.90673065185547,2541400,0.0,0.0
2008-04-07 00:00:00-04:00,23.027911442412186,23.060956609134912,22.807600526071163,22.879201889038086,2126500,0.0,0.0
2008-04-08 00:00:00-04:00,22.80760406087053,22.9342821220354,22.730495858512867,22.857173919677734,1894200,0.0,0.0
2008-04-09 00:00:00-04:00,22.857168130261943,23.071970097006375,22.846152375423717,22.989355087280273,1497100,0.0,0.0
2008-04-10 00:00:00-04:00,23.033415938864113,23.033415938864113,22.614827761426145,22.647872924804688,2157700,0.0,0.0
2008-04-11 00:00:00-04:00,22.70845441051759,22.802087258883024,22.58177640476202,22.730485916137695,1557100,0.0,0.0
2008-04-14 00:00:00-04:00,22.802088488798283,22.802088488798283,22.416545523810846,22.4495906829834,2050000,0.0,0.0
2008-04-15 00:00:00-04:00,22.59829439957089,22.66989572779245,22.44958491835976,22.609310150146484,1685000,0.0,0.0
2008-04-16 00:00:00-04:00,22.71946946529854,23.0499336352869,22.587282536679222,23.00587272644043,1884300,0.0,0.0
2008-04-17 00:00:00-04:00,22.89572222167554,23.132555698096425,22.840645548524805,22.989355087280273,1817700,0.0,0.0
2008-04-18 00:00:00-04:00,23.03341525106628,23.132554940322315,22.763536620011774,22.868183135986328,2388400,0.0,0.0
2008-04-21 00:00:00-04:00,22.81309834631828,22.939778438874235,22.66989777796428,22.87368392944336,2046500,0.0,0.0
2008-04-22 00:00:00-04:00,22.81861393557367,22.90123104596626,22.570764705436297,22.675411224365234,1516000,0.0,0.0
2008-04-23 00:00:00-04:00,22.653383216412095,22.846153684525966,22.58728868359546,22.68092155456543,1691600,0.0,0.0
2008-04-24 00:00:00-04:00,22.758027044844365,22.879198239608137,22.58177918030085,22.664396286010742,1434000,0.0,0.0
2008-04-25 00:00:00-04:00,22.724977479938747,22.890211674617596,22.669900815739172,22.829626083374023,1649700,0.0,0.0
2008-04-28 00:00:00-04:00,22.84614507013827,22.967316233572667,22.78555948842107,22.90673065185547,1533000,0.0,0.0
2008-04-29 00:00:00-04:00,22.939782037078633,23.04442854186544,22.86818069115076,22.901227951049805,1289300,0.0,0.0
2008-04-30 00:00:00-04:00,22.983842326042105,23.138058665975922,22.857164318090746,22.912240982055664,1717900,0.0,0.0
2008-05-01 00:00:00-04:00,22.978339390695883,23.292281050739852,22.85716818820859,23.253726959228516,3011600,0.0,0.0
2008-05-02 00:00:00-04:00,23.297786687372593,23.534620152294107,23.116031993967887,23.402435302734375,1977600,0.0,0.0
2008-05-05 00:00:00-04:00,23.39693173019928,23.407947487023954,23.027913331256364,23.171113967895508,1933300,0.0,0.0
2008-05-06 00:00:00-04:00,23.16009835481902,23.275760650634766,22.95631210489974,23.275760650634766,1951600,0.0,0.0
2008-05-07 00:00:00-04:00,23.29778671255876,23.34184972981984,22.945290978631338,22.97833824157715,1893800,0.0,0.0
2008-05-08 00:00:00-04:00,23.055443902649582,23.165599332730903,22.868180301823354,23.06645965576172,1453400,0.0,0.0
2008-05-09 00:00:00-04:00,22.983845509619265,23.165602307751403,22.60931825986851,23.105016708374023,4073900,0.0,0.0
2008-05-12 00:00:00-04:00,23.21952307602904,23.27537866646609,22.973755495050145,23.180423736572266,1755100,0.585,0.0
2008-05-13 00:00:00-04:00,23.236284172591834,23.30331345199929,22.96258873931929,23.118986129760742,1371400,0.0,0.0
2008-05-14 00:00:00-04:00,23.264204237414795,23.303303568442082,23.068705451524625,23.258617401123047,1404700,0.0,0.0
2008-05-15 00:00:00-04:00,23.303303557158873,23.308888262694182,23.07987698217936,23.253032684326172,1747300,0.0,0.0
2008-05-16 00:00:00-04:00,23.308903349523312,23.348002705838965,23.169262182465957,23.264219284057617,1427000,0.0,0.0
2008-05-19 00:00:00-04:00,23.292138956968472,23.454123165566237,23.191597181339127,23.426193237304688,1142200,0.0,0.0
2008-05-20 00:00:00-04:00,23.359163274029626,23.504391212722215,23.28654930468333,23.353578567504883,1677200,0.0,0.0
2008-05-21 00:00:00-04:00,23.347987662042836,23.48204403357368,23.096633297143594,23.124563217163086,2540900,0.0,0.0
2008-05-22 00:00:00-04:00,23.20276182272799,23.39267377232641,23.01843457866758,23.258617401123047,1905100,0.0,0.0
2008-05-23 00:00:00-04:00,23.191597000321284,23.241867887743577,22.94582940112027,22.951414108276367,1581900,0.0,0.0
2008-05-27 00:00:00-04:00,23.007266987991244,23.12456713197138,22.93465514975842,23.00168228149414,1665900,0.0,0.0
2008-05-28 00:00:00-04:00,23.07429675841894,23.202766318221297,22.96258344923084,23.091053009033203,1462400,0.0,0.0
2008-05-29 00:00:00-04:00,23.09663771565324,23.191594774227074,23.007267494453593,23.091053009033203,1808300,0.0,0.0
2008-05-30 00:00:00-04:00,23.14689943665951,23.185998759786628,23.024016762868552,23.068700790405273,1486900,0.0,0.0
2008-06-02 00:00:00-04:00,23.029608336978434,23.107807006559224,22.672127487035418,22.75032615661621,2151700,0.0,0.0
2008-06-03 00:00:00-04:00,22.85086798211842,22.968165986849503,22.54924271502082,22.61627197265625,1739800,0.0,0.0
2008-06-04 00:00:00-04:00,22.63302545634061,22.828522107006254,22.431941969510987,22.79500961303711,1914000,0.0,0.0
2008-06-05 00:00:00-04:00,22.74473719284874,22.94582066598843,22.638608620495265,22.906719207763672,1538600,0.0,0.0
2008-06-06 00:00:00-04:00,22.767080708611157,22.84528150311705,22.36491584777832,22.36491584777832,2547400,0.0,0.0
2008-06-09 00:00:00-04:00,22.526897772690518,22.694466625611923,22.40401295286315,22.633024215698242,1634100,0.0,0.0
2008-06-10 00:00:00-04:00,22.51572286983466,22.61067775770247,22.370494989767923,22.482208251953125,1503800,0.0,0.0
2008-06-11 00:00:00-04:00,22.43194577142481,22.49897290147699,22.180591370286585,22.18617820739746,2161500,0.0,0.0
2008-06-12 00:00:00-04:00,22.336992379299502,22.35374863027269,22.147080388838003,22.21969223022461,2324600,0.0,0.0
2008-06-13 00:00:00-04:00,22.32023260102254,22.549243916595316,22.20851929643127,22.543659210205078,1752400,0.0,0.0
2008-06-16 00:00:00-04:00,22.426358004239006,22.52131291462364,22.275545384139512,22.510141372680664,1609900,0.0,0.0
2008-06-17 00:00:00-04:00,22.504567223832403,22.616280564912376,22.359339241202015,22.44870948791504,1274700,0.0,0.0
2008-06-18 00:00:00-04:00,22.381672095509835,22.571584049230875,22.314644973829992,22.36491584777832,1991900,0.0,0.0
2008-06-19 00:00:00-04:00,22.348155118499072,22.588337920903697,22.325814167458347,22.521310806274414,2257100,0.0,0.0
2008-06-20 00:00:00-04:00,22.39284492777177,22.55482910102193,22.152662086263994,22.169418334960938,2293700,0.0,0.0
2008-06-23 00:00:00-04:00,22.21968801318552,22.42077150971723,22.202931765392478,22.24203109741211,1509000,0.0,0.0
2008-06-24 00:00:00-04:00,22.230859544184487,22.331401292400074,22.085633758291852,22.236446380615234,1960000,0.0,0.0
2008-06-25 00:00:00-04:00,22.331402744355,22.46545912760986,22.2141047407282,22.39842987060547,1911000,0.0,0.0
2008-06-26 00:00:00-04:00,22.359331077535753,22.364917914465046,21.8622091285277,21.878965377807617,2759400,0.0,0.0
2008-06-27 00:00:00-04:00,21.878960414439984,22.04094455657876,21.454452526536922,21.460037231445312,2673700,0.0,0.0
2008-06-30 00:00:00-04:00,21.476801055473388,21.95157993099815,21.426530175532196,21.83428192138672,3290400,0.0,0.0
2008-07-01 00:00:00-04:00,21.784010227247116,21.839865811425653,21.521484293949282,21.649953842163086,3884700,0.0,0.0
2008-07-02 00:00:00-04:00,21.7002279276502,21.795184991693688,21.43770408630371,21.43770408630371,1903000,0.0,0.0
2008-07-03 00:00:00-04:00,21.57734145866676,21.672296375499744,21.292472446659993,21.32040023803711,1598900,0.0,0.0
2008-07-07 00:00:00-04:00,21.393013668553305,21.599681876512477,21.085803709532087,21.225444793701172,3166300,0.0,0.0
2008-07-08 00:00:00-04:00,21.247790213350026,21.677885055541992,21.169591538543138,21.677885055541992,2988700,0.0,0.0
2008-07-09 00:00:00-04:00,21.744916319968727,21.98509922724616,21.599688355647523,21.789600372314453,2611100,0.0,0.0
2008-07-10 00:00:00-04:00,21.839866042318487,21.996265515028984,21.76725420826952,21.878965377807617,2203200,0.0,0.0
2008-07-11 00:00:00-04:00,21.784006175932813,21.940403487149652,21.521480291458637,21.655536651611328,2073800,0.0,0.0
2008-07-14 00:00:00-04:00,21.74491921388917,21.77284701666633,21.325995779967474,21.35951042175293,1684800,0.0,0.0
2008-07-15 00:00:00-04:00,21.325989164963982,21.420944091103678,21.1695918133202,21.29806137084961,2008400,0.0,0.0
2008-07-16 00:00:00-04:00,21.309236772264978,21.381848623956476,20.946168990789495,21.063467025756836,2165100,0.0,0.0
2008-07-17 00:00:00-04:00,21.1584195608069,21.2254466905871,20.879137367509703,21.21986198425293,2779500,0.0,0.0
2008-07-18 00:00:00-04:00,21.236614105123497,21.661122018869367,21.191927940122024,21.493553161621094,2545400,0.0,0.0
2008-07-21 00:00:00-04:00,21.582922888841864,21.82869252946762,21.432110281390674,21.63878059387207,2099600,0.0,0.0
2008-07-22 00:00:00-04:00,21.5829269431745,21.957166179539854,21.5829269431745,21.878965377807617,2624700,0.0,0.0
2008-07-23 00:00:00-04:00,21.934824486178023,21.934824486178023,21.44887404941703,21.784011840820312,2252500,0.0,0.0
2008-07-24 00:00:00-04:00,21.834281105309383,21.834281105309383,21.504728044846512,21.649953842163086,1817300,0.0,0.0
2008-07-25 00:00:00-04:00,21.69463844833035,21.711394696223763,21.34832916375907,21.3818416595459,1815300,0.0,0.0
2008-07-28 00:00:00-04:00,21.39301450400115,21.638784185419095,21.34274362650693,21.41535758972168,1804500,0.0,0.0
2008-07-29 00:00:00-04:00,21.50473913793187,21.566181590675342,21.387441072197092,21.538253784179688,1868200,0.0,0.0
2008-07-30 00:00:00-04:00,21.594106287728366,22.007445008912534,21.549422229920612,21.979515075683594,1933400,0.0,0.0
2008-07-31 00:00:00-04:00,21.873379700929643,22.21968899878789,21.83986507310315,22.175004959106445,2335200,0.0,0.0
2008-08-01 00:00:00-04:00,22.253205922464307,22.253205922464307,21.672298431396484,21.672298431396484,1756700,0.0,0.0
2008-08-04 00:00:00-04:00,21.744915387336704,22.269965231718082,21.694644498882308,21.957170486450195,2800400,0.0,0.0
2008-08-05 00:00:00-04:00,22.102392359547565,22.733570705941577,21.92365192829946,22.700056076049805,4293200,0.0,0.0
2008-08-06 00:00:00-04:00,22.716816071315627,23.01285669062105,22.348163604736325,22.348163604736328,3933700,0.0,0.0
2008-08-07 00:00:00-04:00,22.448702021249346,22.895555236941327,22.18617820739746,22.18617820739746,3315700,0.0,0.0
2008-08-08 00:00:00-04:00,22.286721505054288,23.225109913525262,22.286721505054288,23.180423736572266,3356900,0.0,0.0
2008-08-11 00:00:00-04:00,23.09260961033879,23.398547560412517,22.781007103213227,23.375885009765625,3949600,0.585,0.0
2008-08-12 00:00:00-04:00,23.27957308937741,23.27957308937741,22.60537839714435,22.781007766723633,4159000,0.0,0.0
2008-08-13 00:00:00-04:00,22.781007583483024,23.00762877229004,22.486400902521837,22.911314010620117,2905900,0.0,0.0
2008-08-14 00:00:00-04:00,22.88864406370126,22.88864406370126,22.520385325959015,22.639360427856445,2039800,0.0,0.0
2008-08-15 00:00:00-04:00,22.645034050538975,23.132268038783344,22.622371501964917,23.092607498168945,2661300,0.0,0.0
2008-08-18 00:00:00-04:00,23.137932557521818,23.42120793057609,23.12093672672883,23.37021827697754,2117500,0.0,0.0
2008-08-19 00:00:00-04:00,23.34188174501684,23.364544284401344,23.05860648636668,23.234235763549805,1482300,0.0,0.0
2008-08-20 00:00:00-04:00,23.205921400754637,23.279573613550703,23.018960751312182,23.143600463867188,1200800,0.0,0.0
2008-08-21 00:00:00-04:00,22.984966390810563,23.21725213850326,22.860324519924777,23.13227081298828,1407000,0.0,0.0
2008-08-22 00:00:00-04:00,23.160597262279474,23.37588500976562,23.160597262279474,23.375885009765625,1060600,0.0,0.0
2008-08-25 00:00:00-04:00,23.31356356171276,23.336223948539228,22.97363182468128,23.08127784729004,1302700,0.0,0.0
2008-08-26 00:00:00-04:00,23.075604024670877,23.37021057490074,23.064272754136784,23.30222511291504,1997300,0.0,0.0
2008-08-27 00:00:00-04:00,23.268239534672492,23.43820433038744,23.262574978010502,23.392881393432617,1100300,0.0,0.0
2008-08-28 00:00:00-04:00,23.392877981157806,23.562842752080314,23.27390285763398,23.540180206298828,1550400,0.0,0.0
2008-08-29 00:00:00-04:00,23.46086449833217,23.54584796817413,23.13226621479672,23.171924591064453,1513000,0.0,0.0
2008-09-02 00:00:00-04:00,23.370218560798943,23.625166831887945,23.115270289709944,23.381549835205078,1604100,0.0,0.0
2008-09-03 00:00:00-04:00,23.370218829449758,23.670490040395435,23.279570794378255,23.38721466064453,2227900,0.0,0.0
2008-09-04 00:00:00-04:00,23.370226426751,23.477870328010653,23.126609348071483,23.319236755371094,2484400,0.0,0.0
2008-09-05 00:00:00-04:00,23.290900097040367,23.341889747527386,22.74701193265847,22.979297637939453,3161300,0.0,0.0
2008-09-08 00:00:00-04:00,23.1662595254039,24.2087129785195,23.075611493012087,24.19171714782715,3948100,0.0,0.0
2008-09-09 00:00:00-04:00,24.197380782164906,24.350349736225166,24.078405649413423,24.084070205688477,4316900,0.0,0.0
2008-09-10 00:00:00-04:00,24.191714532164745,24.491985701767955,24.01041848698326,24.305025100708008,2024100,0.0,0.0
2008-09-11 00:00:00-04:00,24.299366120351475,24.571310274708743,23.965101025391913,24.508989334106445,2276300,0.0,0.0
2008-09-12 00:00:00-04:00,24.361674820093004,24.701604301932306,24.3503435492025,24.690275192260742,1907900,0.0,0.0
2008-09-15 00:00:00-04:00,24.344691268043622,25.18885084339958,24.146397169315826,25.001890182495117,5454400,0.0,0.0
2008-09-16 00:00:00-04:00,24.86590002283185,25.596750654887906,24.8149103935903,25.47777557373047,4973800,0.0,0.0
2008-09-17 00:00:00-04:00,25.211509425398056,25.47778898058245,24.854581832885742,24.854581832885742,3633400,0.0,0.0
2008-09-18 00:00:00-04:00,24.860236334304187,26.18029786427519,24.79224871880336,25.97633934020996,6159700,0.0,0.0
2008-09-19 00:00:00-04:00,26.05566812907052,26.282287116558322,24.64495590886774,25.103862762451172,5073700,0.0,0.0
2008-09-22 00:00:00-04:00,24.916897973932738,24.916897973932738,24.37300985451832,24.412668228149414,2410500,0.0,0.0
2008-09-23 00:00:00-04:00,24.344688625751417,24.690284960372235,24.248373865687025,24.276700973510742,1539400,0.0,0.0
2008-09-24 00:00:00-04:00,24.305024171669462,24.514647310669265,23.9764237515764,24.47498893737793,1656900,0.0,0.0
2008-09-25 00:00:00-04:00,24.537315562508276,25.013218313906364,24.3843465894282,24.814924240112305,1675800,0.0,0.0
2008-09-26 00:00:00-04:00,24.588302998298076,24.89990547327987,24.40700693426432,24.735605239868164,1319500,0.0,0.0
2008-09-29 00:00:00-04:00,24.531660000333616,24.97923584793506,24.14640511394513,24.248384475708008,3233800,0.0,0.0
2008-09-30 00:00:00-04:00,24.43533069722513,24.66761638257683,24.084067730131913,24.33901596069336,3606100,0.0,0.0
2008-10-01 00:00:00-04:00,24.220043173340837,24.888573192894352,24.10106804135745,24.837583541870117,2006800,0.0,0.0
2008-10-02 00:00:00-04:00,24.72994095224946,25.03587671287014,24.525982337689282,24.741270065307617,2093600,0.0,0.0
2008-10-03 00:00:00-04:00,25.018872564443246,25.183172745018897,24.36733855800539,24.452322006225586,2107100,0.0,0.0
2008-10-06 00:00:00-04:00,24.095405875263772,24.469329332998466,23.149267035700188,24.112403869628906,3578600,0.0,0.0
2008-10-07 00:00:00-04:00,24.288026138515637,24.627957830539795,23.47785852350404,23.58550453186035,3096800,0.0,0.0
2008-10-08 00:00:00-04:00,23.22291530564103,24.401339696756512,22.814998089645147,23.477861404418945,4026600,0.0,0.0
2008-10-09 00:00:00-04:00,23.347547897466587,23.613827350415388,21.766871327303935,22.004823684692383,4045800,0.0,0.0
2008-10-10 00:00:00-04:00,21.50059542763695,21.817862376404623,19.325041064974496,21.307968139648438,6005300,0.0,0.0
2008-10-13 00:00:00-04:00,22.191786931416804,23.52318219615146,21.693223937774228,23.262569427490234,3844400,0.0,0.0
2008-10-14 00:00:00-04:00,23.88578355197248,24.0784109258279,21.908520150891242,22.962305068969727,4259300,0.0,0.0
2008-10-15 00:00:00-04:00,22.6110418394415,22.752679536296238,21.812205315629573,21.987836837768555,2767100,0.0,0.0
2008-10-16 00:00:00-04:00,22.03882734740933,22.45240917887356,21.12101348021711,22.429746627807617,3247600,0.0,0.0
2008-10-17 00:00:00-04:00,22.067145612795404,23.013284047849872,21.676224327828862,22.180456161499023,2446600,0.0,0.0
2008-10-20 00:00:00-04:00,22.707361268750155,23.908448580037962,22.265450094019027,23.817800521850586,2533100,0.0,0.0
2008-10-21 00:00:00-04:00,23.659161082596725,23.897113548722327,22.956639282305566,23.13227081298828,2335400,0.0,0.0
2008-10-22 00:00:00-04:00,23.086939652083462,23.086939652083462,21.87452157197772,22.497726440429688,2483500,0.0,0.0
2008-10-23 00:00:00-04:00,22.54871963937653,23.749806636039946,21.959506334892733,23.17759132385254,4561000,0.0,0.0
2008-10-24 00:00:00-04:00,22.118144350144046,23.228583429546685,21.95950865221521,22.781007766723633,2939400,0.0,0.0
2008-10-27 00:00:00-04:00,22.786671557812333,23.370218131070622,22.254112476614683,22.53738784790039,2081400,0.0,0.0
2008-10-28 00:00:00-04:00,22.945308508766157,24.361685577208515,22.50339955500251,24.316360473632812,3034000,0.0,0.0
2008-10-29 00:00:00-04:00,24.106738354139107,24.91124168894093,23.829129646553262,23.874452590942383,2839900,0.0,0.0
2008-10-30 00:00:00-04:00,24.37301796754988,24.877247881175908,24.191721867397153,24.7752685546875,2120000,0.0,0.0
2008-10-31 00:00:00-04:00,24.633622491395627,24.97355418487155,24.180382394646987,24.5429744720459,2166800,0.0,0.0
2008-11-03 00:00:00-05:00,24.59963697487812,24.85458529071306,24.18039055436732,24.70728302001953,2251700,0.0,0.0
2008-11-04 00:00:00-05:00,25.0981958703866,25.415465044124762,24.83758306404066,25.22850227355957,2284800,0.0,0.0
2008-11-05 00:00:00-05:00,25.228502051531926,25.324816794641357,24.52031367450739,24.673282623291016,2181600,0.0,0.0
2008-11-06 00:00:00-05:00,23.82344722397573,24.627950028471254,23.34754473488194,23.925426483154297,3409300,0.0,0.0
2008-11-07 00:00:00-05:00,24.129393749275067,24.227059291064048,23.7789426798829,24.20408058166504,2997100,0.585,0.0
2008-11-10 00:00:00-05:00,23.71573615909038,23.83063842328007,22.405856045431765,22.589698791503906,3985300,0.0,0.0
2008-11-11 00:00:00-05:00,22.474802885174157,22.549489706762248,21.842843540724534,22.273725509643555,3504700,0.0,0.0
2008-11-12 00:00:00-05:00,21.957743270359963,22.187545645303384,21.63601731554465,21.946252822875977,2927500,0.0,0.0
2008-11-13 00:00:00-05:00,22.026689090738415,22.957393646240234,21.630278418775248,22.957393646240234,4914500,0.0,0.0
2008-11-14 00:00:00-05:00,22.532253323435167,23.485938583878482,22.17031188490931,22.515016555786133,2533600,0.0,0.0
2008-11-17 00:00:00-05:00,22.279466571964832,22.865466232033583,21.986467837719818,22.296703338623047,2468500,0.0,0.0
2008-11-18 00:00:00-05:00,22.210528701136,22.687372456009154,21.89454903511037,22.6069393157959,2307700,0.0,0.0
2008-11-19 00:00:00-05:00,22.578205162574953,23.026323710575657,22.1185983621956,22.130088806152344,2310700,0.0,0.0
2008-11-20 00:00:00-05:00,22.14732851626407,22.693112677195895,21.33152653020615,21.561328887939453,3891900,0.0,0.0
2008-11-21 00:00:00-05:00,21.986472496761778,23.066550659384664,21.521119146796263,22.98037338256836,4385500,0.0,0.0
2008-11-24 00:00:00-05:00,23.09527264421145,23.554879612978173,22.84248716770558,23.083782196044922,4365700,0.0,0.0
2008-11-25 00:00:00-05:00,23.129739449288387,23.554877221979712,22.492036077619417,22.853975296020508,3005000,0.0,0.0
2008-11-26 00:00:00-05:00,22.486292332761916,22.894193385863822,22.41735183444669,22.796527862548828,1991200,0.0,0.0
2008-11-28 00:00:00-05:00,22.572470290795643,23.204429626464844,22.572470290795643,23.204429626464844,916400,0.0,0.0
2008-12-01 00:00:00-05:00,22.98037018385785,23.003351080020643,21.980723116565326,22.02094078063965,2451200,0.0,0.0
2008-12-02 00:00:00-05:00,22.30244474289197,22.6299147788842,22.020936490270522,22.59544563293457,2923300,0.0,0.0
2008-12-03 00:00:00-05:00,22.04966139377547,22.75056105388678,22.04966139377547,22.739072799682617,2555500,0.0,0.0
2008-12-04 00:00:00-05:00,22.51501441457147,22.664388031570244,21.7049565426278,22.01519203186035,2284400,0.0,0.0
2008-12-05 00:00:00-05:00,21.78538963489516,22.50352619498393,21.429194514733208,22.388626098632812,2606300,0.0,0.0
2008-12-08 00:00:00-05:00,22.70459889432043,22.77928568767065,22.233501628409556,22.474794387817383,2283200,0.0,0.0
2008-12-09 00:00:00-05:00,22.38287801593791,22.572467104826696,22.003702029739017,22.147329330444336,1955900,0.0,0.0
2008-12-10 00:00:00-05:00,22.308198461332328,22.681628212985213,22.28521756202407,22.64141273498535,1981900,0.0,0.0
2008-12-11 00:00:00-05:00,22.509271054026154,22.836741128849393,22.26223191806073,22.423093795776367,1516800,0.0,0.0
2008-12-12 00:00:00-05:00,21.773904712904244,22.354158178019304,21.773904712904244,22.336923599243164,2199900,0.0,0.0
2008-12-15 00:00:00-05:00,22.348401586496603,22.348401586496603,21.831342595755416,22.19902801513672,2133400,0.0,0.0
2008-12-16 00:00:00-05:00,22.371390598404542,22.62417608448823,22.216272829647455,22.6069393157959,2456600,0.0,0.0
2008-12-17 00:00:00-05:00,22.63565862696142,22.63565862696142,22.15307091213389,22.18754005432129,1572000,0.0,0.0
2008-12-18 00:00:00-05:00,22.290957809878275,22.76205520577669,22.153076821194194,22.400115966796875,1951900,0.0,0.0
2008-12-19 00:00:00-05:00,22.612675207729666,22.83098924732905,22.181793445971334,22.19902801513672,2501300,0.0,0.0
2008-12-22 00:00:00-05:00,22.34266643426963,22.572471032011283,22.124352285572968,22.40586280822754,2061900,0.0,0.0
2008-12-23 00:00:00-05:00,22.308196945133247,22.41735292205981,21.87156865426894,21.969236373901367,1417900,0.0,0.0
2008-12-24 00:00:00-05:00,22.244999267313236,22.244999267313236,21.957744637070366,22.038175582885742,388800,0.0,0.0
2008-12-26 00:00:00-05:00,22.11860496794848,22.233507250253574,21.91752761759863,22.009449005126953,744900,0.0,0.0
2008-12-29 00:00:00-05:00,22.06689278856389,22.06689278856389,21.81410959248802,22.00369644165039,1169800,0.0,0.0
2008-12-30 00:00:00-05:00,22.107107918238853,22.147323376298417,21.88304974002755,22.130088806152344,1347400,0.0,0.0
2008-12-31 00:00:00-05:00,22.147324668153896,22.42883508256946,22.026678286937894,22.365638732910156,2011000,0.0,0.0
2009-01-02 00:00:00-05:00,22.40585966091557,22.652898801734015,22.256488227470786,22.55523109436035,1519800,0.0,0.0
2009-01-05 00:00:00-05:00,22.520762674147747,22.790780527007843,22.411604515802395,22.675880432128906,2185400,0.0,0.0
2009-01-06 00:00:00-05:00,22.68737062628989,22.83099793486165,22.331173323095186,22.480546951293945,1451300,0.0,0.0
2009-01-07 00:00:00-05:00,22.170306190016394,22.48628575575086,22.170306190016394,22.434579849243164,2053100,0.0,0.0
2009-01-08 00:00:00-05:00,22.42884831530106,22.813768575301033,22.42884831530106,22.670141220092773,2633300,0.0,0.0
2009-01-09 00:00:00-05:00,22.80801889160129,23.129742686316682,22.64715480266461,22.785037994384766,2696700,0.0,0.0
2009-01-12 00:00:00-05:00,22.831000608104894,23.526156337007908,22.8195101590843,23.14698028564453,3355400,0.0,0.0
2009-01-13 00:00:00-05:00,22.99185603216458,23.032071496614474,22.578208750304604,22.739072799682617,2748000,0.0,0.0
2009-01-14 00:00:00-05:00,22.595444708493908,22.750560242077963,22.371384311095944,22.63566017150879,2981900,0.0,0.0
2009-01-15 00:00:00-05:00,22.57246947183777,22.84823365511993,22.37138991481736,22.842487335205078,1804500,0.0,0.0
2009-01-16 00:00:00-05:00,22.957397252604697,23.13549597228811,22.75057349854129,23.020593643188477,2479100,0.0,0.0
2009-01-20 00:00:00-05:00,22.957379313954664,23.451457408910006,22.68736157187609,22.693105697631836,3068400,0.0,0.0
2009-01-21 00:00:00-05:00,22.894191151642243,23.02633019858792,22.434584221761774,23.00334930419922,2512800,0.0,0.0
2009-01-22 00:00:00-05:00,22.865470721572184,23.158471704925425,22.693118362200416,23.009098052978516,3807200,0.0,0.0
2009-01-23 00:00:00-05:00,22.750568418131287,23.124000356419412,22.532256452330653,23.009098052978516,2985900,0.0,0.0
2009-01-26 00:00:00-05:00,23.14122680231888,23.721482244564545,23.02632673083668,23.583599090576172,2710400,0.0,0.0
2009-01-27 00:00:00-05:00,23.664034103208152,23.85362319873037,23.497428094160494,23.7789363861084,1897500,0.0,0.0
2009-01-28 00:00:00-05:00,23.86511069365692,24.008737981618392,23.434228829772508,23.658287048339844,1971000,0.0,0.0
2009-01-29 00:00:00-05:00,23.49168059221592,23.922562487719745,23.428484230222775,23.623817443847656,1625900,0.0,0.0
2009-01-30 00:00:00-05:00,23.595093845961863,23.8708580127318,23.273367888940875,23.411251068115234,2163900,0.0,0.0
2009-02-02 00:00:00-05:00,23.21591779978177,23.39976057728849,22.980369104127615,23.330820083618164,2111500,0.0,0.0
2009-02-03 00:00:00-05:00,23.399760706194705,23.692761641170556,23.19293703246559,23.572113037109375,1788700,0.0,0.0
2009-02-04 00:00:00-05:00,23.58935165405273,23.916821765942636,23.428487566550015,23.589351654052734,2095900,0.0,0.0
2009-02-05 00:00:00-05:00,23.54338931938911,23.773193901070734,23.43997747679027,23.681272506713867,2004500,0.0,0.0
2009-02-06 00:00:00-05:00,23.60657854391942,23.90532353305272,23.554872638269845,23.715734481811523,2267500,0.0,0.0
2009-02-09 00:00:00-05:00,23.709993768094353,23.750209234768487,23.307836909774437,23.664031982421875,2162100,0.0,0.0
2009-02-10 00:00:00-05:00,23.531898125677447,23.664034988905783,22.99186022488614,23.095272064208984,2074400,0.0,0.0
2009-02-11 00:00:00-05:00,23.25614591288046,23.26189223556442,22.85398879662205,23.12975311279297,1584300,0.0,0.0
2009-02-12 00:00:00-05:00,23.078034775159978,23.135487013251684,22.658643299195088,23.08952522277832,2492300,0.0,0.0
2009-02-13 00:00:00-05:00,23.235288454667135,23.31691994681544,22.88544809952591,22.955415725708008,2146400,0.59,0.0
2009-02-17 00:00:00-05:00,22.9262606290782,22.9262606290782,22.209086409906757,22.226577758789062,2652600,0.0,0.0
2009-02-18 00:00:00-05:00,22.319869837197682,22.448145667048912,21.870906656949025,22.005014419555664,2193800,0.0,0.0
2009-02-19 00:00:00-05:00,22.238243693150043,22.44814881718771,22.02833856911237,22.14495277404785,1763700,0.0,0.0
2009-02-20 00:00:00-05:00,21.93505301974289,22.261572428648464,21.684333196235876,21.888408660888672,2332000,0.0,0.0
2009-02-23 00:00:00-05:00,22.127461140944963,22.244075344400365,21.54439234789888,21.585206985473633,1972300,0.0,0.0
2009-02-24 00:00:00-05:00,21.63767985032053,21.93504390917366,21.43360447042904,21.841753005981445,2341700,0.0,0.0
2009-02-25 00:00:00-05:00,21.795122495838584,21.795122495838584,21.39280341335721,21.48026466369629,3240400,0.0,0.0
2009-02-26 00:00:00-05:00,21.701828066674487,21.958377616197335,21.282017690881066,21.299509048461914,2864500,0.0,0.0
2009-02-27 00:00:00-05:00,21.23536659397536,21.480256669243182,20.920511103246962,21.11292266845703,2716900,0.0,0.0
2009-03-02 00:00:00-05:00,20.996311045482038,21.1887248586829,20.506533058698817,20.54734992980957,2548100,0.0,0.0
2009-03-03 00:00:00-05:00,20.821382256747,20.821382256747,19.75436771727493,19.766029357910156,2749200,0.0,0.0
2009-03-04 00:00:00-05:00,20.010917424152925,20.28496042241553,19.65524516450926,20.069223403930664,2306800,0.0,0.0
2009-03-05 00:00:00-05:00,19.77769579690784,19.952618244316522,19.433687285056752,19.60277557373047,2659200,0.0,0.0
2009-03-06 00:00:00-05:00,19.748539686169856,20.18001157798844,19.416190647217157,19.78935432434082,3526400,0.0,0.0
2009-03-09 00:00:00-04:00,19.631926182127593,19.678572755549425,18.984721657632488,19.06635093688965,2466000,0.0,0.0
2009-03-10 00:00:00-04:00,19.707720417012116,19.795181606387096,19.404524444537415,19.760196685791016,3031400,0.0,0.0
2009-03-11 00:00:00-04:00,19.94095335647166,20.203334760681344,19.82433915190836,19.9467830657959,2538500,0.0,0.0
2009-03-12 00:00:00-04:00,19.882647877726072,20.302458182223223,19.789356946085732,20.23249053955078,1888300,0.0,0.0
2009-03-13 00:00:00-04:00,20.41906715891639,20.5764959826728,20.145024144499974,20.44239044189453,1895100,0.0,0.0
2009-03-16 00:00:00-04:00,20.640641153657324,21.26452473510983,20.640641153657324,20.94966697692871,2442000,0.0,0.0
2009-03-17 00:00:00-04:00,21.007965882398093,21.3169938254856,20.80972242284847,21.30533218383789,1895700,0.0,0.0
2009-03-18 00:00:00-04:00,21.43361273691215,22.39567735431683,21.36947702341908,22.27323341369629,3863900,0.0,0.0
2009-03-19 00:00:00-04:00,22.27322647769649,22.33153246243574,21.865077911829523,22.16827392578125,2248300,0.0,0.0
2009-03-20 00:00:00-04:00,22.185765137318633,22.61140505109374,21.96419839308271,22.034168243408203,2932500,0.0,0.0
2009-03-23 00:00:00-04:00,22.267391236781716,22.733847942324825,22.156608992541955,22.716354370117188,2171400,0.0,0.0
2009-03-24 00:00:00-04:00,22.442319716410676,22.675545908375042,22.191599947481492,22.197429656982422,2026900,0.0,0.0
2009-03-25 00:00:00-04:00,22.17410377185682,22.59974369093482,21.95836895790896,22.302379608154297,1720600,0.0,0.0
2009-03-26 00:00:00-04:00,22.51811351201686,22.68137426731465,22.045829268792506,22.611404418945312,2700200,0.0,0.0
2009-03-27 00:00:00-04:00,22.389850733949086,22.50063304443422,21.975870049016763,22.378189086914062,3044800,0.0,0.0
2009-03-30 00:00:00-04:00,22.02834035269916,22.61140920035541,22.02834035269916,22.593917846679688,3414900,0.0,0.0
2009-03-31 00:00:00-04:00,22.623067580999397,23.31692083313486,22.529776667800196,23.095354080200195,4511400,0.0,0.0
2009-04-01 00:00:00-04:00,22.996239796178443,23.176991980903853,22.675552301666354,22.967086791992188,2514200,0.0,0.0
2009-04-02 00:00:00-04:00,23.27027591231342,23.32275219371852,22.640562759683124,22.86212730407715,2995300,0.0,0.0
2009-04-03 00:00:00-04:00,22.926265001155002,23.2119696913567,22.64056253518426,22.88545036315918,2773000,0.0,0.0
2009-04-06 00:00:00-04:00,22.733856996761585,22.955421573485808,22.59391948451828,22.797992706298828,2068000,0.0,0.0
2009-04-07 00:00:00-04:00,22.512274419099995,22.786317317067315,22.220740178447013,22.56475067138672,2412700,0.0,0.0
2009-04-08 00:00:00-04:00,22.675547471993756,22.7863319782298,22.389844977896033,22.704700469970703,1738600,0.0,0.0
2009-04-09 00:00:00-04:00,22.844644828436152,23.019565093011664,22.413172766533503,22.675554275512695,2001300,0.0,0.0
2009-04-13 00:00:00-04:00,22.6638819283789,22.774666415553213,22.33153291531754,22.68137550354004,2141000,0.0,0.0
2009-04-14 00:00:00-04:00,22.623065658365014,22.623065658365014,22.162440840489438,22.354854583740234,1539600,0.0,0.0
2009-04-15 00:00:00-04:00,22.279056706463514,22.558929443359375,22.273226997545823,22.558929443359375,1103000,0.0,0.0
2009-04-16 00:00:00-04:00,22.646386101693643,22.658047741419374,22.354851781241475,22.48312759399414,1593800,0.0,0.0
2009-04-17 00:00:00-04:00,22.623073809577694,22.663888456324997,22.389847574483316,22.599750518798828,1843500,0.0,0.0
2009-04-20 00:00:00-04:00,22.442324032496217,22.73968820731465,22.4015071612158,22.407339096069336,1552700,0.0,0.0
2009-04-21 00:00:00-04:00,22.418995606051784,22.7338532890753,22.18576719842749,22.314043045043945,2838500,0.0,0.0
2009-04-22 00:00:00-04:00,22.448148212249016,22.535609419651436,21.72514194051758,21.911725997924805,4541400,0.0,0.0
2009-04-23 00:00:00-04:00,22.016678824012185,22.08664868754338,21.64351511543707,21.85342025756836,3090800,0.0,0.0
2009-04-24 00:00:00-04:00,21.940876696769543,22.005014612256822,21.690156967626905,21.83592414855957,2728500,0.0,0.0
2009-04-27 00:00:00-04:00,21.649347413448837,22.080817124655333,21.649347413448837,21.92922019958496,2382200,0.0,0.0
2009-04-28 00:00:00-04:00,21.876742721997466,22.11580085281998,21.80677508533092,21.970033645629883,2482500,0.0,0.0
2009-04-29 00:00:00-04:00,22.1041434297679,22.1041434297679,21.795117603275322,21.900070190429688,2603700,0.0,0.0
2009-04-30 00:00:00-04:00,22.00501966430797,22.02251101828185,21.544394732992206,21.64934730529785,3110600,0.0,0.0
2009-05-01 00:00:00-04:00,21.695990920017053,21.789281845092773,21.509409069865608,21.789281845092773,2274000,0.0,0.0
2009-05-04 00:00:00-04:00,22.016679197369807,22.022511131545215,21.573547841980048,21.7834529876709,2946500,0.0,0.0
2009-05-05 00:00:00-04:00,21.806775080610738,21.92338706695272,21.672667292701536,21.82426643371582,2256300,0.0,0.0
2009-05-06 00:00:00-04:00,21.66100261176433,21.917552033321602,21.55021813772668,21.596864700317383,3251600,0.0,0.0
2009-05-07 00:00:00-04:00,21.76012696568155,21.835926530820725,21.515239142628563,21.754297256469727,4585000,0.0,0.0
2009-05-08 00:00:00-04:00,21.95837034410344,22.25573444565605,21.74846522572235,21.911725997924805,3066500,0.0,0.0
2009-05-11 00:00:00-04:00,21.994661307942838,22.142753555958084,21.5444596085398,21.574077606201172,3212900,0.59,0.0
2009-05-12 00:00:00-04:00,21.633307908825152,21.787322795873433,21.497063361899645,21.59776496887207,3194900,0.0,0.0
2009-05-13 00:00:00-04:00,21.26011775342363,21.32527868874806,20.827688762288957,20.886924743652344,6034000,0.0,0.0
2009-05-14 00:00:00-04:00,20.857313633605475,21.035023896028445,20.56112910966433,20.74476432800293,3755800,0.0,0.0
2009-05-15 00:00:00-04:00,20.7980785354887,20.88100984423867,20.43081034257797,20.649986267089844,3973000,0.0,0.0
2009-05-18 00:00:00-04:00,20.845463772868104,20.95209037096632,20.495965981259133,20.644058227539062,2881300,0.0,0.0
2009-05-19 00:00:00-04:00,20.845464396043162,21.14164889745746,20.750685445978927,20.869159698486328,2647900,0.0,0.0
2009-05-20 00:00:00-04:00,20.969863788103098,21.058717783482358,20.644059025920505,20.655906677246094,2598300,0.0,0.0
2009-05-21 00:00:00-04:00,20.602590096542492,20.602590096542492,20.35379623743432,20.43672752380371,3033600,0.0,0.0
2009-05-22 00:00:00-04:00,20.442650756266616,20.679599231874448,20.37749207219719,20.49596405029297,1771000,0.0,0.0
2009-05-26 00:00:00-04:00,20.561121906671552,21.177186042978995,20.442647686657384,21.123872756958008,2644600,0.0,0.0
2009-05-27 00:00:00-04:00,21.10018559387526,21.117958202537732,20.57297748429815,20.590747833251953,2114900,0.0,0.0
2009-05-28 00:00:00-04:00,20.69737393790589,21.076492030706135,20.608519935611135,20.975788116455078,2131400,0.0,0.0
2009-05-29 00:00:00-04:00,21.05278456354575,21.07647985435183,20.732904916785593,21.005393981933594,2032700,0.0,0.0
2009-06-01 00:00:00-04:00,21.040945456923264,21.497069821360604,21.040945456923264,21.46152687072754,2240900,0.0,0.0
2009-06-02 00:00:00-04:00,21.467453492829208,21.520766793064954,21.212734642781573,21.230504989624023,2369300,0.0,0.0
2009-06-03 00:00:00-04:00,21.22456869431443,21.32527027484185,20.928384384941626,21.04093360900879,2169900,0.0,0.0
2009-06-04 00:00:00-04:00,21.106106799905096,21.117954450338786,20.946166908612668,21.052793502807617,1521100,0.0,0.0
2009-06-05 00:00:00-04:00,21.18903885227668,21.313435796724242,20.928397312523458,21.194961547851562,2277500,0.0,0.0
2009-06-08 00:00:00-04:00,21.2008827589491,21.313432032661773,20.940239005518563,21.212730407714844,1678600,0.0,0.0
2009-06-09 00:00:00-04:00,21.200883634017323,21.206806328790684,20.969860122819615,20.993553161621094,1845600,0.0,0.0
2009-06-10 00:00:00-04:00,21.171266829195446,21.414138003281625,21.082410584650777,21.277891159057617,3181700,0.0,0.0
2009-06-11 00:00:00-04:00,21.266047025320066,21.911729295997148,21.266047025320066,21.72809410095215,2828600,0.0,0.0
2009-06-12 00:00:00-04:00,21.61554246058431,22.006505849718227,21.402289292018896,21.96504020690918,1755200,0.0,0.0
2009-06-15 00:00:00-04:00,21.828792476427825,21.917648712931,21.47337204983105,21.657007217407227,1763600,0.0,0.0
2009-06-16 00:00:00-04:00,21.769557416587254,21.858413656864712,21.40228932554268,21.585922241210938,2333100,0.0,0.0
2009-06-17 00:00:00-04:00,21.502986254906357,21.91172215918325,21.502986254906357,21.787322998046875,2444500,0.0,0.0
2009-06-18 00:00:00-04:00,21.71624413238426,22.148673165164304,21.71624413238426,22.11313247680664,1480600,0.0,0.0
2009-06-19 00:00:00-04:00,22.154598344977323,22.18421633881257,21.75178730163533,21.79325294494629,2710600,0.0,0.0
2009-06-22 00:00:00-04:00,21.57406807354811,22.095353188946643,21.526679750170445,21.935413360595703,2456600,0.0,0.0
2009-06-23 00:00:00-04:00,21.911728970153828,22.08943920739208,21.408213994985807,21.479297637939453,3050300,0.0,0.0
2009-06-24 00:00:00-04:00,21.615542494442128,21.698473780190124,21.47337296193981,21.585922241210938,2278300,0.0,0.0
2009-06-25 00:00:00-04:00,21.532609743395078,22.059819990272825,21.325281521376066,22.000581741333008,2370600,0.0,0.0
2009-06-26 00:00:00-04:00,21.99466041971321,22.071666758581294,21.828795572032703,21.941347122192383,1518100,0.0,0.0
2009-06-29 00:00:00-04:00,21.965041315334766,22.243453179715335,21.8939554157537,22.231605529785156,1511700,0.0,0.0
2009-06-30 00:00:00-04:00,22.160516362762685,22.213829644297306,21.793248345361768,22.166439056396484,3169800,0.0,0.0
2009-07-01 00:00:00-04:00,22.21383979764746,22.450788326039156,22.136831186963864,22.391550064086914,1711900,0.0,0.0
2009-07-02 00:00:00-04:00,22.219754006072392,22.350075872875912,21.965037485959346,22.08350944519043,1704500,0.0,0.0
2009-07-06 00:00:00-04:00,21.91765071561406,22.48040165890254,21.91765071561406,22.231605529785156,2066100,0.0,0.0
2009-07-07 00:00:00-04:00,22.308611992459145,22.332307290054956,21.86433533122347,21.893953323364258,1265000,0.0,0.0
2009-07-08 00:00:00-04:00,21.92357635498047,22.13090686704004,21.73994340567192,21.92357635498047,1797700,0.0,0.0
2009-07-09 00:00:00-04:00,22.036124038591545,22.047971688028905,21.65108334085556,21.775480270385742,1908500,0.0,0.0
2009-07-10 00:00:00-04:00,21.704397579155906,21.86433746396694,21.621466289189037,21.698474884033203,1297600,0.0,0.0
2009-07-13 00:00:00-04:00,21.793253519313996,22.036124690696898,21.59777068737481,22.000581741333008,1687700,0.0,0.0
2009-07-14 00:00:00-04:00,21.970966050696504,22.17237159879594,21.840644149070872,22.14275360107422,1551200,0.0,0.0
2009-07-15 00:00:00-04:00,22.237528320931414,22.421161227711572,22.21975571791131,22.403390884399414,2420900,0.0,0.0
2009-07-16 00:00:00-04:00,22.391538794149195,22.397463747216637,22.08943171922721,22.326377868652344,1634300,0.0,0.0
2009-07-17 00:00:00-04:00,22.219759563839258,22.29084546880776,22.012431323618653,22.1486759185791,2426800,0.0,0.0
2009-07-20 00:00:00-04:00,22.21975536362481,22.320459246773225,22.071663145830247,22.278993606567383,1303500,0.0,0.0
2009-07-21 00:00:00-04:00,22.344161131536904,22.48040574091108,22.344161131536904,22.46263313293457,1532200,0.0,0.0
2009-07-22 00:00:00-04:00,22.433011586914304,22.510020183417986,22.308614649283285,22.415241241455078,1417200,0.0,0.0
2009-07-23 00:00:00-04:00,22.361922194673273,22.95429099453217,22.27899092424625,22.90690040588379,1983900,0.0,0.0
2009-07-24 00:00:00-04:00,22.812122472063276,23.161620169440354,22.806199778080636,23.108306884765625,1686200,0.0,0.0
2009-07-27 00:00:00-04:00,23.161628585202838,23.2504848451825,22.98391832495207,23.24456214904785,1433400,0.0,0.0
2009-07-28 00:00:00-04:00,23.161628303829247,23.28010256246002,22.995765697571283,23.143857955932617,1684500,0.0,0.0
2009-07-29 00:00:00-04:00,23.06092803436858,23.291951609699364,22.954301421183803,23.232715606689453,1476400,0.0,0.0
2009-07-30 00:00:00-04:00,23.357109558546345,23.546667455398037,23.19716965938241,23.39265251159668,1456200,0.0,0.0
2009-07-31 00:00:00-04:00,23.3452555781587,23.42818685308342,23.203086064210773,23.315637588500977,1507500,0.0,0.0
2009-08-03 00:00:00-04:00,23.386727666583305,23.50520191760172,23.26233071988274,23.434118270874023,1619800,0.0,0.0
2009-08-04 00:00:00-04:00,23.39264450607972,23.576277384725312,23.280092989792312,23.39856719970703,1853100,0.0,0.0
2009-08-05 00:00:00-04:00,23.451882635338034,23.62367014250841,23.35117875676278,23.48150062561035,1990100,0.0,0.0
2009-08-06 00:00:00-04:00,23.445970470628996,23.475588474202603,23.268257929769703,23.428197860717773,1234800,0.0,0.0
2009-08-07 00:00:00-04:00,23.493349807114424,23.71252566108495,23.422266173879542,23.61182403564453,1528600,0.0,0.0
2009-08-10 00:00:00-04:00,23.570359731194383,23.69475666133646,23.54666443220311,23.68290901184082,1035800,0.0,0.0
2009-08-11 00:00:00-04:00,23.659210267408586,23.878388361597327,23.594051594233626,23.807302474975586,1335300,0.0,0.0
2009-08-12 00:00:00-04:00,23.7243811856315,24.109421991248382,23.69476318359375,23.990947723388672,2140300,0.0,0.0
2009-08-13 00:00:00-04:00,23.996860455400217,24.13902996973881,23.854693200769397,23.973167419433594,2037500,0.0,0.0
2009-08-14 00:00:00-04:00,23.985017633823553,24.0857192616538,23.878391051586817,24.073871612548828,1648100,0.0,0.0
2009-08-17 00:00:00-04:00,23.74327575967736,23.85748309608018,23.59901180943375,23.65311050415039,2521600,0.59,0.0
2009-08-18 00:00:00-04:00,23.64710258697266,23.737267850239128,23.478796541406346,23.617048263549805,2103600,0.0,0.0
2009-08-19 00:00:00-04:00,23.52086517919975,23.689171168425716,23.454744314004653,23.66512680053711,2439700,0.0,0.0
2009-08-20 00:00:00-04:00,23.623046122579176,23.95364809704976,23.526870961042338,23.875507354736328,1808000,0.0,0.0
2009-08-21 00:00:00-04:00,23.971691287610422,24.416500712602065,23.94163696857005,24.344369888305664,2250300,0.0,0.0
2009-08-24 00:00:00-04:00,24.374425442648505,24.404479763212038,24.170052852619737,24.392459869384766,1589700,0.0,0.0
2009-08-25 00:00:00-04:00,24.39845940127005,24.482612380124426,24.23015344356129,24.302284240722656,1340200,0.0,0.0
2009-08-26 00:00:00-04:00,24.314308659603615,24.39846164620101,24.03780533421306,24.278242111206055,1509200,0.0,0.0
2009-08-27 00:00:00-04:00,24.27223493012582,24.46458529082145,24.10392664476926,24.368410110473633,1670900,0.0,0.0
2009-08-28 00:00:00-04:00,24.482614632798402,24.482614632798402,24.176056996908336,24.278242111206055,1069900,0.0,0.0
2009-08-31 00:00:00-04:00,24.26621736027633,24.344360393702587,24.11594353068557,24.15802001953125,1562400,0.0,0.0
2009-09-01 00:00:00-04:00,24.12796990700566,24.314310313573404,24.025784785756844,24.115947723388672,1637500,0.0,0.0
2009-09-02 00:00:00-04:00,24.05584199036157,24.10994067664339,23.80939292907715,23.80939292907715,1967300,0.0,0.0
2009-09-03 00:00:00-04:00,23.875516723377967,23.91158098998278,23.617045445387905,23.88753890991211,1649400,0.0,0.0
2009-09-04 00:00:00-04:00,23.94764512987213,23.977699446671938,23.773326882236887,23.96567726135254,1020900,0.0,0.0
2009-09-08 00:00:00-04:00,24.049822989284902,24.049822989284902,23.803373997294113,23.923593521118164,1432100,0.0,0.0
2009-09-09 00:00:00-04:00,23.989717648410966,24.097915005321624,23.899552419986414,23.97769546508789,1674900,0.0,0.0
2009-09-10 00:00:00-04:00,23.935624456066996,24.0858983425531,23.84545920697632,24.007755279541016,1373800,0.0,0.0
2009-09-11 00:00:00-04:00,24.00174697976319,24.073877808186115,23.797374388400158,23.82141876220703,1981600,0.0,0.0
2009-09-14 00:00:00-04:00,23.821415246683202,24.230160369087358,23.821415246683202,24.200103759765625,2448400,0.0,0.0
2009-09-15 00:00:00-04:00,24.248187093509653,24.584801323078807,24.170044054092433,24.554744720458984,2225600,0.0,0.0
2009-09-16 00:00:00-04:00,24.57879705960269,24.765137508515657,24.440545356085686,24.680984497070312,2614200,0.0,0.0
2009-09-17 00:00:00-04:00,24.662944793701172,24.921416012403135,24.63890271914527,24.662944793701172,2098400,0.0,0.0
2009-09-18 00:00:00-04:00,24.81923004491879,24.945459530779353,24.668956192323733,24.93343734741211,2156900,0.0,0.0
2009-09-21 00:00:00-04:00,24.807206835442827,24.957480681822055,24.75310815902643,24.85529327392578,1061500,0.0,0.0
2009-09-22 00:00:00-04:00,24.879348327506086,24.885360568022314,24.620877017258188,24.747106552124023,1349900,0.0,0.0
2009-09-23 00:00:00-04:00,24.79519047415093,25.107760423166592,24.62087222110418,24.62688446044922,2003900,0.0,0.0
2009-09-24 00:00:00-04:00,24.626878574016917,24.82523885803844,24.58480208064881,24.638900756835938,1649800,0.0,0.0
2009-09-25 00:00:00-04:00,24.57879526900268,24.77715788981364,24.57879526900268,24.686992645263672,1149700,0.0,0.0
2009-09-28 00:00:00-04:00,24.72907467266523,24.993558226168343,24.72907467266523,24.89137077331543,956500,0.0,0.0
2009-09-29 00:00:00-04:00,24.897379442243547,24.90940162978517,24.70502902757322,24.819238662719727,1229000,0.0,0.0
2009-09-30 00:00:00-04:00,24.81923336938912,24.855297631324554,24.44655251407592,24.608848571777344,2005600,0.0,0.0
2009-10-01 00:00:00-04:00,25.011584879507538,25.083715699653197,24.500652313232422,24.500652313232422,2838100,0.0,0.0
2009-10-02 00:00:00-04:00,24.416496024945758,24.506661257753855,24.13398272860815,24.254199981689453,2055600,0.0,0.0
2009-10-05 00:00:00-04:00,24.37441802637048,24.57278060913086,24.152013370273043,24.57278060913086,1580300,0.0,0.0
2009-10-06 00:00:00-04:00,24.53070764298395,24.747100092124768,24.46458677255315,24.62087059020996,1314300,0.0,0.0
2009-10-07 00:00:00-04:00,24.620870756754933,24.620870756754933,24.410488252140482,24.608848571777344,997800,0.0,0.0
2009-10-08 00:00:00-04:00,24.705021899651562,24.75912058148134,24.47660728125664,24.5908145904541,1625700,0.0,0.0
2009-10-09 00:00:00-04:00,24.5427270490374,24.765131711943305,24.5427270490374,24.699010848999023,1022900,0.0,0.0
2009-10-12 00:00:00-04:00,24.77715138119555,24.939447402954098,24.686986160330754,24.9394474029541,1216300,0.0,0.0
2009-10-13 00:00:00-04:00,24.903386202778886,24.91540838767515,24.56677190467543,24.62087059020996,1639900,0.0,0.0
2009-10-14 00:00:00-04:00,24.674961517859106,24.879334010845618,24.54272211157131,24.614852905273438,1688700,0.0,0.0
2009-10-15 00:00:00-04:00,24.596830302615064,24.777160812990154,24.578798168776633,24.765138626098633,1395300,0.0,0.0
2009-10-16 00:00:00-04:00,24.674968686011255,24.90338560758647,24.332344450147062,24.843276977539062,1950600,0.0,0.0
2009-10-19 00:00:00-04:00,24.837259679870588,25.233982519171647,24.68698584236266,25.173873901367188,2094800,0.0,0.0
2009-10-20 00:00:00-04:00,25.13781654355528,25.227981796217012,24.987542651117483,25.047651290893555,1510200,0.0,0.0
2009-10-21 00:00:00-04:00,25.09573113376348,25.137807625278548,24.909390747770452,24.95747947692871,2894000,0.0,0.0
2009-10-22 00:00:00-04:00,24.99355416254978,25.12579362480303,24.825245848685775,25.113771438598633,1589200,0.0,0.0
2009-10-23 00:00:00-04:00,25.19791826628047,25.20393050440624,24.825239757377602,25.131799697875977,2332000,0.0,0.0
2009-10-26 00:00:00-04:00,25.19191115920909,25.39628371156644,24.831254792930128,24.843276977539062,2531700,0.0,0.0
2009-10-27 00:00:00-04:00,24.86130921774308,25.288086454757224,24.80119829443296,24.849287033081055,2544200,0.0,0.0
2009-10-28 00:00:00-04:00,24.84928606617679,25.04764637288867,24.699012203244664,24.753110885620117,2984000,0.0,0.0
2009-10-29 00:00:00-04:00,24.765130395571944,24.891359876484824,24.452560519266058,24.837261199951172,2112400,0.0,0.0
2009-10-30 00:00:00-04:00,24.80120035908331,24.909397737051474,24.374423086540812,24.452566146850586,2905000,0.0,0.0
2009-11-02 00:00:00-05:00,24.536716156118302,24.891362564358015,24.410486661574637,24.753110885620117,2445100,0.0,0.0
2009-11-03 00:00:00-05:00,24.69901009288911,24.78917532014328,24.524691876462775,24.57278060913086,2071700,0.0,0.0
2009-11-04 00:00:00-05:00,24.656929392682724,24.897366136022004,24.54272211157131,24.614852905273438,1758700,0.0,0.0
2009-11-05 00:00:00-05:00,24.78316500598996,24.987537549700896,24.705021955836532,24.975515365600586,1679600,0.0,0.0
2009-11-06 00:00:00-05:00,24.939455082828328,25.095738915057076,24.849289834197975,24.963497161865234,1908500,0.0,0.0
2009-11-09 00:00:00-05:00,25.023607756047685,25.39027639915945,25.005573330765184,25.372241973876953,1640500,0.0,0.0
2009-11-10 00:00:00-05:00,25.300105869162564,25.594643628638316,25.282073740642605,25.522510528564453,1639700,0.0,0.0
2009-11-11 00:00:00-05:00,25.606665156050507,25.606665156050507,25.342183984528788,25.52852439880371,2172200,0.0,0.0
2009-11-12 00:00:00-05:00,25.570601090618702,25.570601090618702,25.276063310079195,25.348194122314453,2228300,0.0,0.0
2009-11-13 00:00:00-05:00,25.456389666661913,25.576609207121344,25.264039319125633,25.522510528564453,2025800,0.0,0.0
2009-11-16 00:00:00-05:00,25.71147843732727,25.735861620580316,25.40669562258921,25.51032066345215,2303100,0.59,0.0
2009-11-17 00:00:00-05:00,25.54079768524694,25.656614303588867,25.48593669228328,25.656614303588867,1514000,0.0,0.0
2009-11-18 00:00:00-05:00,25.601759378536666,25.748056169549805,25.516420552657586,25.68100357055664,1656000,0.0,0.0
2009-11-19 00:00:00-05:00,25.63223646752374,25.65052501919675,25.412792449915973,25.47984504699707,1844800,0.0,0.0
2009-11-20 00:00:00-05:00,25.418888405283656,25.63223545547389,25.400599854332743,25.540802001953125,2048600,0.0,0.0
2009-11-23 00:00:00-05:00,25.754146248542536,25.9004430136817,25.741954657671926,25.88215446472168,1683200,0.0,0.0
2009-11-24 00:00:00-05:00,25.839494632400434,26.095513484917333,25.754155789997817,25.93702507019043,2450000,0.0,0.0
2009-11-25 00:00:00-05:00,25.97358680534642,26.205222350698133,25.845578606063068,26.156455993652344,1568900,0.0,0.0
2009-11-27 00:00:00-05:00,25.784625783130412,26.095505557799022,25.68709537496755,25.869964599609375,885000,0.0,0.0
2009-11-30 00:00:00-05:00,25.930917405585305,26.193030761436685,25.863864827301292,26.156455993652344,2187800,0.0,0.0
2009-12-01 00:00:00-05:00,26.065032212115664,26.510017286023974,26.04065134769916,26.40029525756836,5469100,0.0,0.0
2009-12-02 00:00:00-05:00,26.351520925486874,26.79650353979484,26.351520925486874,26.778217315673828,2212800,0.0,0.0
2009-12-03 00:00:00-05:00,26.80869465513606,27.24148567057875,26.74164206747149,27.046424865722656,4220800,0.0,0.0
2009-12-04 00:00:00-05:00,27.12566333949429,27.30853251492372,26.638011429913245,26.85135841369629,3082600,0.0,0.0
2009-12-07 00:00:00-05:00,26.93670495175876,27.229296181630048,26.93670495175876,27.058618545532227,2352200,0.0,0.0
2009-12-08 00:00:00-05:00,27.02205332497601,27.034242594837092,26.75993984209147,26.826990127563477,2568400,0.0,0.0
2009-12-09 00:00:00-05:00,26.91842287764729,26.9428060652238,26.698978840076208,26.930614471435547,1377400,0.0,0.0
2009-12-10 00:00:00-05:00,27.05862319081791,27.296353460568874,27.009859140122,27.217111587524414,1560700,0.0,0.0
2009-12-11 00:00:00-05:00,27.21101226542284,27.58284771159538,27.21101226542284,27.540178298950195,1784600,0.0,0.0
2009-12-14 00:00:00-05:00,27.716942552769062,27.716942552769062,27.467020804093337,27.588932037353516,1623900,0.0,0.0
2009-12-15 00:00:00-05:00,27.564560880604414,27.564560880604414,27.363403089422107,27.448741912841797,1778300,0.0,0.0
2009-12-16 00:00:00-05:00,27.576749409187755,27.64989663180449,27.375591640356376,27.399974822998047,2116400,0.0,0.0
2009-12-17 00:00:00-05:00,27.393875678256787,27.735233232070104,27.24148428687179,27.68037223815918,3025300,0.0,0.0
2009-12-18 00:00:00-05:00,27.674277241172152,27.826668630550174,27.60112770004889,27.655988693237305,3426900,0.0,0.0
2009-12-21 00:00:00-05:00,27.680370928422075,28.003439918773203,27.680370928422075,27.86933708190918,1670500,0.0,0.0
2009-12-22 00:00:00-05:00,27.954681854046633,28.08269008601227,27.753524067836217,27.78400421142578,1617300,0.0,0.0
2009-12-23 00:00:00-05:00,27.75961295546209,27.89981273903822,27.65598561306628,27.70475196838379,1574100,0.0,0.0
2009-12-24 00:00:00-05:00,27.77181784909698,27.954687118530273,27.759626254426905,27.954687118530273,500000,0.0,0.0
2009-12-28 00:00:00-05:00,28.015630826286323,28.015630826286323,27.83885626687507,27.97296142578125,893300,0.0,0.0
2009-12-29 00:00:00-05:00,28.009542890983887,28.14364575664469,27.93639566195904,28.088787078857422,789300,0.0,0.0
2009-12-30 00:00:00-05:00,28.070505849779455,28.25337513269706,27.9790723709752,28.119272232055664,959700,0.0,0.0
2009-12-31 00:00:00-05:00,28.228992084383695,28.253372948327737,27.680381952736806,27.69257354736328,1269700,0.0,0.0
2010-01-04 00:00:00-05:00,27.875437352387415,28.009542541684315,27.57065452239152,27.662090301513672,2142300,0.0,0.0
2010-01-05 00:00:00-05:00,27.729150539421497,27.814489383293783,27.13177398169731,27.302453994750977,2856000,0.0,0.0
2010-01-06 00:00:00-05:00,27.278064926365897,27.729144565043818,27.278064926365897,27.59503936767578,2035400,0.0,0.0
2010-01-07 00:00:00-05:00,27.637703082936653,27.643797715511255,27.375589701374565,27.49750328063965,1993400,0.0,0.0
2010-01-08 00:00:00-05:00,27.42435584907746,27.613319686420223,27.25367590931575,27.582841873168945,1306400,0.0,0.0
2010-01-11 00:00:00-05:00,27.71695459009126,28.015640496727173,27.649901987492946,27.930301666259766,1751900,0.0,0.0
2010-01-12 00:00:00-05:00,27.893726825364034,28.04002362392907,27.753526986281436,27.87544059753418,1451600,0.0,0.0
2010-01-13 00:00:00-05:00,27.875437700014597,28.15583734903358,27.85715147408551,28.088787078857422,1247200,0.0,0.0
2010-01-14 00:00:00-05:00,28.137548336438915,28.22288714940093,28.021731708177363,28.180217742919922,1129400,0.0,0.0
2010-01-15 00:00:00-05:00,27.991248329002296,28.05220627785684,27.5950321253337,27.86933708190918,2444700,0.0,0.0
2010-01-19 00:00:00-05:00,27.905912894804462,28.289939880371094,27.83276567265643,28.289939880371094,1567200,0.0,0.0
2010-01-20 00:00:00-05:00,28.186314519767617,28.198503785562384,27.771809723498368,28.168025970458984,1869100,0.0,0.0
2010-01-21 00:00:00-05:00,28.228982514102334,28.31432132224692,27.625511573881433,27.80228614807129,2114000,0.0,0.0
2010-01-22 00:00:00-05:00,27.32073341071069,27.595038429956485,26.449054308056567,26.522201538085938,6468200,0.0,0.0
2010-01-25 00:00:00-05:00,26.674589375703157,26.820886141428375,26.253989952868984,26.589250564575195,3040100,0.0,0.0
2010-01-26 00:00:00-05:00,26.564878434000843,26.96719176526069,26.424676255028032,26.869661331176758,2522700,0.0,0.0
2010-01-27 00:00:00-05:00,26.619722884654895,26.86355000209928,26.424662120822475,26.85135841369629,2840900,0.0,0.0
2010-01-28 00:00:00-05:00,26.85136102714114,26.85136102714114,26.485622640684944,26.650205612182617,1885100,0.0,0.0
2010-01-29 00:00:00-05:00,26.747743840862192,26.82089107452448,26.51610822140488,26.662405014038086,2049700,0.0,0.0
2010-02-01 00:00:00-05:00,26.72335631800253,26.778217315673825,26.43076510552503,26.778217315673828,1277700,0.0,0.0
2010-02-02 00:00:00-05:00,26.79041237588802,26.91842061192713,26.455151713510492,26.90622901916504,1628100,0.0,0.0
2010-02-03 00:00:00-05:00,26.833083268494057,26.83917790255711,26.577064456980704,26.67459487915039,1205700,0.0,0.0
2010-02-04 00:00:00-05:00,26.595349975644645,26.65630561055579,26.211322964840853,26.223514556884766,3207400,0.0,0.0
2010-02-05 00:00:00-05:00,26.235713707683637,26.363721973062475,25.912642238711072,26.32105255126953,3735600,0.0,0.0
2010-02-08 00:00:00-05:00,26.351525054481645,26.394194467655343,26.06502843005085,26.095508575439453,1381200,0.0,0.0
2010-02-09 00:00:00-05:00,26.23570925534703,26.698978181326616,26.132081873358057,26.479534149169922,2116200,0.0,0.0
2010-02-10 00:00:00-05:00,26.455145938767533,26.455145938767533,26.00406640626801,26.199127197265625,2491000,0.0,0.0
2010-02-11 00:00:00-05:00,26.199128596764528,26.381997807429755,26.034545609573374,26.314945220947266,2019500,0.0,0.0
2010-02-12 00:00:00-05:00,26.120243508868164,26.256222819924734,26.01517030145512,26.095521926879883,2688500,0.595,0.0
2010-02-16 00:00:00-05:00,26.206793448907778,26.54673957824707,26.200611281247248,26.54673957824707,1309500,0.0,0.0
2010-02-17 00:00:00-05:00,26.6456175892053,26.6456175892053,26.39220309161533,26.49109649658203,1027500,0.0,0.0
2010-02-18 00:00:00-05:00,26.44166127635731,26.497288990650304,26.231512395451087,26.398395538330078,1941500,0.0,0.0
2010-02-19 00:00:00-05:00,26.336579573431187,26.787780952386452,26.262410097415216,26.657983779907227,1993700,0.0,0.0
2010-02-22 00:00:00-05:00,26.66416614869233,26.781603717955,26.44783750711166,26.528186798095703,1598700,0.0,0.0
2010-02-23 00:00:00-05:00,26.5220082112876,26.57763591565584,26.361307264115712,26.423114776611328,1240200,0.0,0.0
2010-02-24 00:00:00-05:00,26.540543485702173,26.540543485702173,26.280949167506858,26.503459930419922,1752400,0.0,0.0
2010-02-25 00:00:00-05:00,26.268595203660972,26.52200979248995,26.05844634771946,26.497285842895508,1817600,0.0,0.0
2010-02-26 00:00:00-05:00,26.54673215940803,26.571456107528466,26.330401150062436,26.423114776611328,1353400,0.0,0.0
2010-03-01 00:00:00-05:00,26.460201731180685,26.849593319145676,26.460201731180685,26.695072174072266,1548000,0.0,0.0
2010-03-02 00:00:00-05:00,26.82488053929254,27.16482669855831,26.800156582086142,27.065933227539062,1898500,0.0,0.0
2010-03-03 00:00:00-05:00,27.084467717877033,27.319340532432108,26.917584588414666,26.997936248779297,1795800,0.0,0.0
2010-03-04 00:00:00-05:00,26.99174912912304,27.05973880173931,26.732154769466653,26.911399841308594,1737800,0.0,0.0
2010-03-05 00:00:00-05:00,26.732155336365444,27.02265581359359,26.70743138983426,26.960845947265625,1682900,0.0,0.0
2010-03-08 00:00:00-05:00,26.979401735123012,27.072113037937495,26.886688074502196,27.065933227539062,1043100,0.0,0.0
2010-03-09 00:00:00-05:00,27.053562496359284,27.133914152380918,26.942307082731045,26.985572814941406,1390200,0.0,0.0
2010-03-10 00:00:00-05:00,27.059746237939606,27.133918096343155,26.936131189545517,27.035024642944336,1220900,0.0,0.0
2010-03-11 00:00:00-05:00,27.03502765600844,27.14628074040114,26.86196232491788,27.12773895263672,1056100,0.0,0.0
2010-03-12 00:00:00-05:00,27.164817008631356,27.195720765212545,26.991751727726815,27.010295867919922,1464000,0.0,0.0
2010-03-15 00:00:00-04:00,27.127724087652464,27.288427352905277,27.035012841826504,27.288427352905273,1270000,0.0,0.0
2010-03-16 00:00:00-04:00,27.368781839916696,27.57275086362705,27.183356955147044,27.492399215698242,1731500,0.0,0.0
2010-03-17 00:00:00-04:00,27.585116215691993,27.585116215691993,27.412050925278148,27.510944366455078,1481300,0.0,0.0
2010-03-18 00:00:00-04:00,27.55421177341779,27.572753556363935,27.33170094684181,27.399690628051758,1454800,0.0,0.0
2010-03-19 00:00:00-04:00,27.381153106689453,27.51095033430205,27.214269946413495,27.381153106689453,2092900,0.0,0.0
2010-03-22 00:00:00-04:00,27.288438906411795,27.412053953183122,27.208087239765728,27.356426239013672,1212500,0.0,0.0
2010-03-23 00:00:00-04:00,27.4553214999366,27.473865644418733,27.152461314465455,27.300800323486328,1927800,0.0,0.0
2010-03-24 00:00:00-04:00,27.288429769477,27.288429769477,26.99792931965917,27.09682273864746,1553800,0.0,0.0
2010-03-25 00:00:00-04:00,27.20189596478279,27.269885632425694,27.04737485025077,27.09682273864746,1651600,0.0,0.0
2010-03-26 00:00:00-04:00,27.208086682979804,27.418235559118813,27.109193232902967,27.30698013305664,1513200,0.0,0.0
2010-03-29 00:00:00-04:00,27.40587122891507,27.566572187308214,27.356423329221407,27.55421257019043,1477700,0.0,0.0
2010-03-30 00:00:00-04:00,27.541845003913327,27.758173626641497,27.52330086639009,27.61601448059082,1729700,0.0,0.0
2010-03-31 00:00:00-04:00,27.560397095603964,27.721098081500454,27.42441770597968,27.52949333190918,1246100,0.0,0.0
2010-04-01 00:00:00-04:00,27.65310546175248,27.900337881886458,27.60983737147831,27.751998901367188,1043800,0.0,0.0
2010-04-05 00:00:00-04:00,27.838527679443356,27.887973215575638,27.72109011024415,27.83852767944336,909900,0.0,0.0
2010-04-06 00:00:00-04:00,27.81997355227582,28.04248427949778,27.751986259228676,28.036304473876953,1045400,0.0,0.0
2010-04-07 00:00:00-04:00,28.01158944780036,28.01158944780036,27.659281470212022,27.758174896240234,1205200,0.0,0.0
2010-04-08 00:00:00-04:00,27.71491341514816,27.745817173427398,27.461498824769425,27.510944366455078,1453000,0.0,0.0
2010-04-09 00:00:00-04:00,27.57274945232293,27.733450382149773,27.31933490595412,27.721088409423828,1163800,0.0,0.0
2010-04-12 00:00:00-04:00,27.819985895342167,27.881795767996564,27.65928494205184,27.832347869873047,1119600,0.0,0.0
2010-04-13 00:00:00-04:00,27.826165791884694,27.844707573265886,27.56038925566258,27.665462493896484,1223100,0.0,0.0
2010-04-14 00:00:00-04:00,27.57276887848841,27.739652091157012,27.449151421940535,27.702566146850586,1627300,0.0,0.0
2010-04-15 00:00:00-04:00,27.714915219641938,27.776722740224645,27.52330813334631,27.684011459350586,1166100,0.0,0.0
2010-04-16 00:00:00-04:00,27.65929055411089,27.80144975335172,27.4800454237527,27.52949333190918,1864400,0.0,0.0
2010-04-19 00:00:00-04:00,27.418230417591655,27.62837925432309,27.418230417591655,27.585113525390625,1156200,0.0,0.0
2010-04-20 00:00:00-04:00,27.70872936212876,27.813802595743933,27.61601574368751,27.758174896240234,1593500,0.0,0.0
2010-04-21 00:00:00-04:00,27.807621701521036,27.993046573352448,27.727270059198865,27.912694931030273,1926300,0.0,0.0
2010-04-22 00:00:00-04:00,27.826158793395216,27.974497722747113,27.6469137591073,27.937414169311523,1190700,0.0,0.0
2010-04-23 00:00:00-04:00,27.881788206407137,28.073392865158368,27.75199104574245,28.06721305847168,1156800,0.0,0.0
2010-04-26 00:00:00-04:00,28.05484948674789,28.13520111592022,27.962138244907308,27.9930419921875,1051000,0.0,0.0
2010-04-27 00:00:00-04:00,27.94360803907463,28.091949400888534,27.55421638519929,27.56657600402832,1827000,0.0,0.0
2010-04-28 00:00:00-04:00,27.727275744184453,28.011594096474056,27.566572426590746,27.918880462646484,1671500,0.0,0.0
2010-04-29 00:00:00-04:00,28.005409565659107,28.085758853102014,27.795260741182943,27.943599700927734,1421500,0.0,0.0
2010-04-30 00:00:00-04:00,27.980679886856223,28.302084044191698,27.857062540526464,27.937414169311523,2072600,0.0,0.0
2010-05-03 00:00:00-04:00,28.091945990125982,28.326818802061947,27.93742483765863,28.2650089263916,1287100,0.0,0.0
2010-05-04 00:00:00-04:00,28.129025804008226,28.13520796965311,27.745814057212968,27.83852767944336,1583500,0.0,0.0
2010-05-05 00:00:00-04:00,27.733453985180123,28.091944167390604,27.671646471325808,27.844709396362305,1702600,0.0,0.0
2010-05-06 00:00:00-04:00,27.807619388397733,27.875606694763224,26.08316327242033,27.325511932373047,3747300,0.0,0.0
2010-05-07 00:00:00-04:00,27.73962895519035,27.80761861747591,27.084458632389826,27.40586280822754,4685400,0.0,0.0
2010-05-10 00:00:00-04:00,28.04175609852178,28.292353633114107,27.791160953804663,28.066816329956055,2319700,0.595,0.0
2010-05-11 00:00:00-04:00,27.90392610727464,28.405118723753265,27.90392610727464,28.09813690185547,1723500,0.0,0.0
2010-05-12 00:00:00-04:00,28.09813690185547,28.254759743872224,27.991634516424035,28.09813690185547,2076600,0.0,0.0
2010-05-13 00:00:00-04:00,28.110677370991702,28.229712304292683,27.878876148584425,27.9039363861084,1566400,0.0,0.0
2010-05-14 00:00:00-04:00,27.878866512115916,28.173318226554432,27.565620820968544,27.841276168823242,3219200,0.0,0.0
2010-05-17 00:00:00-04:00,27.947791353937763,27.972851592131647,27.51551060965876,27.891407012939453,2080700,0.0,0.0
2010-05-18 00:00:00-04:00,28.029230541160167,28.141996811588143,27.60947999672532,27.784896850585938,2218900,0.0,0.0
2010-05-19 00:00:00-04:00,27.6094827680296,27.69092733972935,27.264912889127693,27.45285987854004,1677400,0.0,0.0
2010-05-20 00:00:00-04:00,27.145879440801988,27.446595091726536,26.91407585144043,26.91407585144043,3670500,0.0,0.0
2010-05-21 00:00:00-04:00,26.676003171775708,27.202253618235474,26.50685021832441,27.120811462402344,3870700,0.0,0.0
2010-05-24 00:00:00-04:00,26.901541786604376,27.14587545763737,26.75118517814198,26.80756950378418,2600600,0.0,0.0
2010-05-25 00:00:00-04:00,26.369022892089248,26.64467824533504,26.174809699424593,26.63841438293457,2966300,0.0,0.0
2010-05-26 00:00:00-04:00,26.776246108886056,26.851424415080853,26.36276184000177,26.481794357299805,2313800,0.0,0.0
2010-05-27 00:00:00-04:00,26.6384181335697,26.85142533330175,26.525649475483597,26.776247024536133,1771400,0.0,0.0
2010-05-28 00:00:00-04:00,26.788772445812192,26.926601324917854,26.588295379772216,26.682270050048828,1923700,0.0,0.0
2010-06-01 00:00:00-04:00,26.531909272208196,26.657208027529865,26.13722141927616,26.156015396118164,2123200,0.0,0.0
2010-06-02 00:00:00-04:00,26.312643359329158,26.657213211059567,26.13722650169377,26.65721321105957,2419000,0.0,0.0
2010-06-03 00:00:00-04:00,26.79503661148718,27.033104005070847,26.707328200660292,26.82636070251465,1741900,0.0,0.0
2010-06-04 00:00:00-04:00,26.613364756944264,26.613364756944264,26.01193335212513,26.099641799926758,2130800,0.0,0.0
2010-06-07 00:00:00-04:00,26.20613379793365,26.544437303919715,26.12468925488386,26.231191635131836,1644600,0.0,0.0
2010-06-08 00:00:00-04:00,26.31264265809117,26.632152267394254,26.13095955188188,26.600828170776367,1519000,0.0,0.0
2010-06-09 00:00:00-04:00,26.74492751293652,26.776254007143798,26.331443122085727,26.40662384033203,1341800,0.0,0.0
2010-06-10 00:00:00-04:00,26.676010015049812,26.995519638061523,26.676010015049812,26.995519638061523,1223500,0.0,0.0
2010-06-11 00:00:00-04:00,26.82636137665142,27.026838432115067,26.638414435888627,27.02057456970215,1081800,0.0,0.0
2010-06-14 00:00:00-04:00,27.158407211303714,27.333826467026498,27.095759013465575,27.15840721130371,1407400,0.0,0.0
2010-06-15 00:00:00-04:00,27.333825659351525,27.628275048340885,27.258644956316573,27.622011184692383,1292900,0.0,0.0
2010-06-16 00:00:00-04:00,27.46538490942369,27.891399281120172,27.46538490942369,27.82874870300293,1349200,0.0,0.0
2010-06-17 00:00:00-04:00,27.816222050586727,28.085613572197783,27.684657026401478,28.048023223876953,1388000,0.0,0.0
2010-06-18 00:00:00-04:00,28.079343350303954,28.148257784213715,27.92272050591811,28.123197555541992,1374200,0.0,0.0
2010-06-21 00:00:00-04:00,28.192113204921977,28.242233664426305,27.860073525268465,27.997900009155273,1287500,0.0,0.0
2010-06-22 00:00:00-04:00,27.997903107234677,28.073083804810214,27.38394174961967,27.446592330932617,1757300,0.0,0.0
2010-06-23 00:00:00-04:00,27.553090629027217,27.5781508578185,27.221050962105064,27.346349716186523,1689300,0.0,0.0
2010-06-24 00:00:00-04:00,27.264915111199617,27.747313936927714,27.23359100872394,27.415271759033203,1472200,0.0,0.0
2010-06-25 00:00:00-04:00,27.459123480930902,27.553095771625067,27.202259672690804,27.46538734436035,1481700,0.0,0.0
2010-06-28 00:00:00-04:00,27.60947945134155,27.741042089138194,27.2962337099922,27.65333366394043,967000,0.0,0.0
2010-06-29 00:00:00-04:00,27.490440862247592,27.50297097592094,27.10201450799827,27.239843368530273,1678200,0.0,0.0
2010-06-30 00:00:00-04:00,27.145868935038397,27.415257992961088,26.939125660734796,27.001773834228516,2205600,0.0,0.0
2010-07-01 00:00:00-04:00,27.001784126681102,27.0080503803438,26.625890162687494,26.876487731933594,2239800,0.0,0.0
2010-07-02 00:00:00-04:00,26.97673193761479,27.202266929371433,26.87649336687538,27.05817413330078,1901100,0.0,0.0
2010-07-06 00:00:00-04:00,27.183465759469833,27.440327178467086,27.06443323501393,27.327558517456055,3046600,0.0,0.0
2010-07-07 00:00:00-04:00,27.34008606249602,28.0480220589459,27.25237764326554,28.035491943359375,1738100,0.0,0.0
2010-07-08 00:00:00-04:00,28.098143514093916,28.392595291137695,28.016701337789634,28.392595291137695,2240100,0.0,0.0
2010-07-09 00:00:00-04:00,28.304877055342008,28.41137942893936,28.12946025653477,28.36126136779785,1226000,0.0,0.0
2010-07-12 00:00:00-04:00,28.311143965966245,28.511621011873462,28.160787376473284,28.44270896911621,1081000,0.0,0.0
2010-07-13 00:00:00-04:00,28.630657666839813,28.636921529340494,28.32367582705532,28.51788902282715,1580100,0.0,0.0
2010-07-14 00:00:00-04:00,28.45524444503017,28.549219131469727,28.286093833239857,28.549219131469727,1117900,0.0,0.0
2010-07-15 00:00:00-04:00,28.480308109986495,28.724639456303834,28.35500930960237,28.65572738647461,1511300,0.0,0.0
2010-07-16 00:00:00-04:00,28.54295925196522,28.630667696951747,28.173329098182087,28.229713439941406,1853000,0.0,0.0
2010-07-19 00:00:00-04:00,28.342482515974915,28.724640404440727,28.26103793455555,28.61187171936035,1505500,0.0,0.0
2010-07-20 00:00:00-04:00,28.361278139151434,28.72464206439407,28.17959498159209,28.712114334106445,1705600,0.0,0.0
2010-07-21 00:00:00-04:00,28.687037129778894,28.687037129778894,28.19837229187001,28.36126136779785,1872200,0.0,0.0
2010-07-22 00:00:00-04:00,28.49283074823882,28.94390535524201,28.46777051676637,28.83113670349121,1765200,0.0,0.0
2010-07-23 00:00:00-04:00,28.687040289347838,29.006549835205078,28.568005400011394,29.006549835205078,1609800,0.0,0.0
2010-07-26 00:00:00-04:00,29.05667052836604,29.250881324338806,28.950165752296364,29.244617462158203,1314400,0.0,0.0
2010-07-27 00:00:00-04:00,29.30727214083475,29.564133564933915,29.181975750445268,29.545339584350586,2254000,0.0,0.0
2010-07-28 00:00:00-04:00,29.451375213071625,29.507759564438118,29.313548657412863,29.463905334472656,1511700,0.0,0.0
2010-07-29 00:00:00-04:00,29.545334985875037,29.601719308724753,28.9940218724417,29.175704956054688,1993700,0.0,0.0
2010-07-30 00:00:00-04:00,29.006552215923392,29.06293653921712,28.755957082298576,28.893783569335938,2041300,0.0,0.0
2010-08-02 00:00:00-04:00,29.06920969676999,29.53907837253755,29.06920969676999,29.532812118530273,2096800,0.0,0.0
2010-08-03 00:00:00-04:00,29.47016147364683,29.589194001280916,29.275948243414454,29.401247024536133,1989600,0.0,0.0
2010-08-04 00:00:00-04:00,29.46389317820099,29.476423294432323,29.20076790696896,29.407508850097656,1820000,0.0,0.0
2010-08-05 00:00:00-04:00,29.344860886211034,29.595458433028938,29.238356092357066,29.576662063598633,1383700,0.0,0.0
2010-08-06 00:00:00-04:00,29.520284333709615,29.814736158557988,29.376191548536713,29.80220603942871,2404300,0.0,0.0
2010-08-09 00:00:00-04:00,29.80846602059433,30.209420188845016,29.80846602059433,30.052797317504883,2490400,0.0,0.0
2010-08-10 00:00:00-04:00,29.971364138555675,30.40364256728138,29.85233157148298,30.29714012145996,2689600,0.0,0.0
2010-08-11 00:00:00-04:00,29.946294533291223,30.221952334881788,29.82099574982965,29.84605598449707,2562000,0.0,0.0
2010-08-12 00:00:00-04:00,29.802198612610038,30.140504575165853,29.601721536252953,30.040266036987305,3291800,0.0,0.0
2010-08-13 00:00:00-04:00,30.065313339274407,30.065313339274407,29.74580149319859,29.789655685424805,3825200,0.0,0.0
2010-08-16 00:00:00-04:00,29.596170777791308,29.84359817675648,29.32970882648781,29.723054885864258,3028600,0.595,0.0
2010-08-17 00:00:00-04:00,29.85628013172759,30.224248315894314,29.76111465263415,30.059297561645508,2842900,0.0,0.0
2010-08-18 00:00:00-04:00,30.09102584599016,30.09102584599016,29.60885751840904,29.792842864990234,2185600,0.0,0.0
2010-08-19 00:00:00-04:00,29.735739830978527,29.735739830978527,29.32336169419815,29.501001358032227,2115200,0.0,0.0
2010-08-20 00:00:00-04:00,29.342391792683053,29.67863896742408,29.259915202972685,29.627885818481445,2090400,0.0,0.0
2010-08-23 00:00:00-04:00,29.678630729281497,30.00853457639009,29.634220828724384,29.805517196655273,2439500,0.0,0.0
2010-08-24 00:00:00-04:00,29.678641052256108,30.21790812112574,29.589821220248123,30.014890670776367,2317700,0.0,0.0
2010-08-25 00:00:00-04:00,29.824566837024555,30.20522646272452,29.824566837024555,30.09737205505371,2027600,0.0,0.0
2010-08-26 00:00:00-04:00,30.19253958802368,30.217917382134715,29.837257730948142,29.91339111328125,1608700,0.0,0.0
2010-08-27 00:00:00-04:00,30.033929136905712,30.389210960052743,29.881664806940005,30.376522064208984,1823800,0.0,0.0
2010-08-30 00:00:00-04:00,30.262312074317215,30.363820779490872,29.951440303383773,29.976818084716797,1054500,0.0,0.0
2010-08-31 00:00:00-04:00,29.824556975192763,30.255969622905493,29.716705023343927,30.154460906982422,2026600,0.0,0.0
2010-09-01 00:00:00-04:00,30.40189382233692,30.642977974395606,30.186189879108625,30.60491371154785,2246100,0.0,0.0
2010-09-02 00:00:00-04:00,30.63028777636578,30.63028777636578,30.351139373340526,30.611255645751953,1581600,0.0,0.0
2010-09-03 00:00:00-04:00,30.611259204512745,30.738145737060723,30.4526516438676,30.731800079345703,2160300,0.0,0.0
2010-09-07 00:00:00-04:00,30.623948619966683,30.909442718009252,30.61125972448042,30.681047439575195,1666100,0.0,0.0
2010-09-08 00:00:00-04:00,30.738135867066283,30.750824758262617,30.281345464632377,30.313066482543945,2334000,0.0,0.0
2010-09-09 00:00:00-04:00,30.516095860805073,30.579540341651008,30.363833947093788,30.42093276977539,1680500,0.0,0.0
2010-09-10 00:00:00-04:00,30.351139309103747,30.401892464019546,30.097366274047687,30.25597381591797,1980400,0.0,0.0
2010-09-13 00:00:00-04:00,30.338455114338405,30.344800772285126,30.154469756433947,30.306734085083008,1671900,0.0,0.0
2010-09-14 00:00:00-04:00,30.300376461693187,30.63028036002285,30.148114613330844,30.516082763671875,1566400,0.0,0.0
2010-09-15 00:00:00-04:00,30.54147016067987,30.604914634270838,30.262321737357244,30.357484817504883,1677600,0.0,0.0
2010-09-16 00:00:00-04:00,30.338442566650638,30.36382034762271,30.103704143054976,30.192523956298828,1453900,0.0,0.0
2010-09-17 00:00:00-04:00,30.376508718599798,30.66200269925699,30.25596547112323,30.401884078979492,2821100,0.0,0.0
2010-09-20 00:00:00-04:00,30.420924904135482,30.92212528251025,30.420924904135482,30.89040184020996,2283800,0.0,0.0
2010-09-21 00:00:00-04:00,30.85233580812401,30.89674572060084,30.623940589581064,30.73813819885254,2424100,0.0,0.0
2010-09-22 00:00:00-04:00,30.788888325099123,31.04900453842704,30.75082407251749,30.78254508972168,1381200,0.0,0.0
2010-09-23 00:00:00-04:00,30.71277168966417,30.839658237676552,30.45265535531061,30.509754180908203,1580200,0.0,0.0
2010-09-24 00:00:00-04:00,30.67469706765273,31.017289932654005,30.67469706765273,30.953847885131836,1390000,0.0,0.0
2010-09-27 00:00:00-04:00,30.890411550335838,31.04267589270006,30.78890279547956,30.928478240966797,1099900,0.0,0.0
2010-09-28 00:00:00-04:00,30.547815431649592,30.833307088639877,30.39555111711682,30.769865036010742,5613800,0.0,0.0
2010-09-29 00:00:00-04:00,30.769868070393333,30.80793475782028,30.636638294638136,30.7254581451416,2375700,0.0,0.0
2010-09-30 00:00:00-04:00,30.73814277239444,30.839651504610533,30.522436413915358,30.59222412109375,1989500,0.0,0.0
2010-10-01 00:00:00-04:00,30.70641819947585,30.731793564478643,30.420924166804923,30.66200828552246,2043600,0.0,0.0
2010-10-04 00:00:00-04:00,30.541463057467695,30.744480485423384,30.39554443238446,30.497053146362305,1833100,0.0,0.0
2010-10-05 00:00:00-04:00,30.706425317006186,30.757178478934794,30.57319312410495,30.7127685546875,2523500,0.0,0.0
2010-10-06 00:00:00-04:00,30.69373589173431,30.731800157483967,30.471683854170934,30.573192596435547,2100300,0.0,0.0
2010-10-07 00:00:00-04:00,30.6429757885028,30.693731362224707,30.414580547072138,30.56049919128418,1740300,0.0,0.0
2010-10-08 00:00:00-04:00,30.5034081723266,30.65567007998568,30.465341485332136,30.62394905090332,1486400,0.0,0.0
2010-10-11 00:00:00-04:00,30.60491361987486,30.71276559116595,30.535125911317508,30.598567962646484,985900,0.0,0.0
2010-10-12 00:00:00-04:00,30.59856735803766,30.66201182827214,30.458991943680875,30.59222412109375,1321400,0.0,0.0
2010-10-13 00:00:00-04:00,30.63663716429095,30.662014954972594,30.541471659314446,30.579538345336914,1518900,0.0,0.0
2010-10-14 00:00:00-04:00,30.674693738057986,30.78889134732946,30.623940589581064,30.73813819885254,1913900,0.0,0.0
2010-10-15 00:00:00-04:00,30.76351436387816,30.86502307564763,30.70641556224792,30.83329963684082,1884800,0.0,0.0
2010-10-18 00:00:00-04:00,30.826965180709117,31.213968010848383,30.807933048131538,31.144180297851562,3924200,0.0,0.0
2010-10-19 00:00:00-04:00,30.89675106726889,31.271064980176074,30.877716515657244,30.985570907592773,1980200,0.0,0.0
2010-10-20 00:00:00-04:00,31.02362492342967,31.302773224777262,31.02362492342967,31.1568546295166,1471300,0.0,0.0
2010-10-21 00:00:00-04:00,31.31547245405069,31.31547245405069,30.858681973600753,31.01094627380371,1513500,0.0,0.0
2010-10-22 00:00:00-04:00,31.080731929273917,31.16955175680696,30.903089854049036,31.163206100463867,1508400,0.0,0.0
2010-10-25 00:00:00-04:00,31.245695032791275,31.33451489540512,31.023645376256656,31.213973999023438,1768000,0.0,0.0
2010-10-26 00:00:00-04:00,31.093423614756308,31.385263351498804,30.966539508526488,31.378917694091797,1905200,0.0,0.0
2010-10-27 00:00:00-04:00,31.21396761336795,31.5692469911414,31.17590092853826,31.556560516357422,2402500,0.0,0.0
2010-10-28 00:00:00-04:00,31.658073854878364,31.6961381250786,31.48677737849849,31.62635040283203,2450500,0.0,0.0
2010-10-29 00:00:00-04:00,31.651728641914083,31.658074300476507,31.391612304526294,31.54387664794922,1661500,0.0,0.0
2010-11-01 00:00:00-04:00,31.645369903238542,31.81032064267224,31.35987591175863,31.505794525146484,1618100,0.0,0.0
2010-11-02 00:00:00-04:00,31.664413989976676,32.26712321739552,31.664413989976676,32.18464660644531,1904900,0.0,0.0
2010-11-03 00:00:00-04:00,32.19733759223479,32.2734685502762,31.854744650809177,32.032386779785156,2006300,0.0,0.0
2010-11-04 00:00:00-04:00,32.26077349343841,32.34959575104479,32.102165949379895,32.279808044433594,3149400,0.0,0.0
2010-11-05 00:00:00-04:00,32.29884295487964,32.374973904934954,32.10851436966172,32.35594177246094,2519600,0.0,0.0
2010-11-08 00:00:00-05:00,32.31153880522859,32.343259839566564,31.93088155285328,32.152931213378906,2397900,0.0,0.0
2010-11-09 00:00:00-05:00,32.140237722920425,32.36863300977289,32.045072213345414,32.108516693115234,2079200,0.0,0.0
2010-11-10 00:00:00-05:00,32.08313067175087,32.08313067175087,31.670750129582412,31.77860450744629,2061800,0.0,0.0
2010-11-11 00:00:00-05:00,31.51849522551818,31.772268295288086,31.505806330013748,31.772268295288086,1997800,0.0,0.0
2010-11-12 00:00:00-05:00,31.664412493136002,31.677101388079233,31.416985092141136,31.556560516357422,2205300,0.0,0.0
2010-11-15 00:00:00-05:00,31.623984068425482,31.842302025962574,31.527666385894843,31.598299026489258,1763400,0.595,0.0
2010-11-16 00:00:00-05:00,31.50839602997019,31.53408106554866,31.078182706600018,31.24513053894043,2153600,0.0,0.0
2010-11-17 00:00:00-05:00,31.187345063029557,31.30292529082943,31.08460735492524,31.193767547607422,1314900,0.0,0.0
2010-11-18 00:00:00-05:00,31.40566738074634,31.44419494520851,31.187349414381774,31.36713981628418,1159000,0.0,0.0
2010-11-19 00:00:00-05:00,31.38638835588128,31.444178447523782,31.084595382919396,31.225860595703125,1173300,0.0,0.0
2010-11-22 00:00:00-05:00,31.27081871032715,31.290081264212727,30.994710673820304,31.27081871032715,1567200,0.0,0.0
2010-11-23 00:00:00-05:00,31.06534570677949,31.116713337600764,30.85987028457389,30.97545051574707,2094400,0.0,0.0
2010-11-24 00:00:00-05:00,31.116706330046988,31.14239136440342,30.949758505649566,31.033233642578125,1297900,0.0,0.0
2010-11-26 00:00:00-05:00,30.96260329490823,31.135973615346774,30.8213380450413,30.936918258666992,1201600,0.0,0.0
2010-11-29 00:00:00-05:00,30.821340220230844,30.94976296104048,30.506704627720232,30.834182739257812,1978500,0.0,0.0
2010-11-30 00:00:00-05:00,30.641535899429062,31.283646861616873,30.641535899429062,31.05890655517578,2269200,0.0,0.0
2010-12-01 00:00:00-05:00,31.33503400279621,31.392824123404587,31.11671604154906,31.302928924560547,1751200,0.0,0.0
2010-12-02 00:00:00-05:00,31.283657387026437,31.392815111584273,31.11028707497009,31.354290008544922,2077000,0.0,0.0
2010-12-03 00:00:00-05:00,31.33503210351296,31.501982419355926,31.206609348893828,31.47629737854004,3253000,0.0,0.0
2010-12-06 00:00:00-05:00,31.463454903239803,31.508402500001893,31.373559709715625,31.392822265625,1160600,0.0,0.0
2010-12-07 00:00:00-05:00,31.559777023202543,31.566197059589072,31.097456020631263,31.18735122680664,1807400,0.0,0.0
2010-12-08 00:00:00-05:00,31.16806601719899,31.296488696746014,30.84701054306087,31.001115798950195,1609400,0.0,0.0
2010-12-09 00:00:00-05:00,31.071755859577397,31.30291624840219,30.969018181150762,31.277231216430664,1593600,0.0,0.0
2010-12-10 00:00:00-05:00,31.335022527450832,31.45702520931182,31.302917460972516,31.38639259338379,1114000,0.0,0.0
2010-12-13 00:00:00-05:00,31.514822749831705,31.752403237218676,31.431347597710825,31.57903289794922,1417500,0.0,0.0
2010-12-14 00:00:00-05:00,31.68818627838739,31.880821595147765,31.675346210099182,31.784503936767578,1479900,0.0,0.0
2010-12-15 00:00:00-05:00,31.790929075213803,31.81661411483378,31.412083313929884,31.469873428344727,1748800,0.0,0.0
2010-12-16 00:00:00-05:00,31.546932365428223,31.823040451110668,31.315771879790777,31.816617965698242,1816400,0.0,0.0
2010-12-17 00:00:00-05:00,31.771676987625135,31.803782072997244,31.553358977849392,31.681781768798828,3107500,0.0,0.0
2010-12-20 00:00:00-05:00,31.784510342796754,31.81661541890752,31.59187743667186,31.758825302124023,1304900,0.0,0.0
2010-12-21 00:00:00-05:00,31.842299673952738,31.861562229251884,31.69461436791874,31.77808952331543,960800,0.0,0.0
2010-12-22 00:00:00-05:00,31.797343531318383,32.04134644717929,31.78450101475101,31.823028564453125,1112200,0.0,0.0
2010-12-23 00:00:00-05:00,31.816609758092582,31.906504934992686,31.739557099243903,31.84871482849121,618300,0.0,0.0
2010-12-27 00:00:00-05:00,31.758814735457,31.983555092378232,31.707447120662664,31.880817413330078,673100,0.0,0.0
2010-12-28 00:00:00-05:00,31.87439602716499,31.964291193242413,31.77165834458228,31.932186126708984,707000,0.0,0.0
2010-12-29 00:00:00-05:00,31.970714613264043,31.97713464697507,31.80376434326172,31.80376434326172,753600,0.0,0.0
2010-12-30 00:00:00-05:00,31.75882789555338,31.900093181328845,31.72672281682091,31.733142852783203,721800,0.0,0.0
2010-12-31 00:00:00-05:00,31.707454166473426,31.970719680626576,31.707454166473426,31.82945442199707,992500,0.0,0.0
2011-01-03 00:00:00-05:00,31.951460765833254,31.964303287197612,31.790932922969528,31.816617965698242,1189400,0.0,0.0
2011-01-04 00:00:00-05:00,31.81660806468551,32.04134844443404,31.61113268571868,31.912925720214844,1552700,0.0,0.0
2011-01-05 00:00:00-05:00,31.90009569088196,31.93220077214011,31.630407619499994,31.701040267944336,1424400,0.0,0.0
2011-01-06 00:00:00-05:00,31.688190700942798,31.733138294604036,31.444190178056104,31.668928146362305,1291100,0.0,0.0
2011-01-07 00:00:00-05:00,31.720285512765084,31.810180664062496,31.489125152595076,31.8101806640625,1385200,0.0,0.0
2011-01-10 00:00:00-05:00,31.64966112862752,31.73313381967864,31.335025567907795,31.611133575439453,1691100,0.0,0.0
2011-01-11 00:00:00-05:00,31.65609227874311,31.694619845460064,31.52766950581392,31.623987197875977,1337100,0.0,0.0
2011-01-12 00:00:00-05:00,31.733130948481524,31.977133864342434,31.701025881792884,31.823028564453125,1152800,0.0,0.0
2011-01-13 00:00:00-05:00,31.848715515055886,32.09271846437319,31.81019040953099,32.07987594604492,1645600,0.0,0.0
2011-01-14 00:00:00-05:00,31.752409259071637,32.079884995713044,31.720304178924142,31.99641227722168,1520800,0.0,0.0
2011-01-18 00:00:00-05:00,32.02207407932416,32.18260182528954,31.95144147918596,32.17618179321289,1260000,0.0,0.0
2011-01-19 00:00:00-05:00,32.18903277476487,32.34956056296014,32.15050522379253,32.33029556274414,1831900,0.0,0.0
2011-01-20 00:00:00-05:00,32.304621877694636,32.664202654657345,32.259674280574295,32.445884704589844,1810600,0.0,0.0
2011-01-21 00:00:00-05:00,32.54219421068364,32.54219421068364,31.98355818002067,32.0220832824707,2588100,0.0,0.0
2011-01-24 00:00:00-05:00,31.970725233962057,32.49083386842294,31.970725233962057,32.4587287902832,2484100,0.0,0.0
2011-01-25 00:00:00-05:00,32.46514004481948,32.5550352122972,32.32387481052043,32.52293014526367,1281300,0.0,0.0
2011-01-26 00:00:00-05:00,32.40093544365995,32.54220071276143,32.24040761948471,32.42662048339844,1321800,0.0,0.0
2011-01-27 00:00:00-05:00,32.4908234070593,32.606403610716306,32.33671810182307,32.503665924072266,1169500,0.0,0.0
2011-01-28 00:00:00-05:00,32.57430219167493,32.61282974702943,32.10556129076495,32.150508880615234,1377100,0.0,0.0
2011-01-31 00:00:00-05:00,32.201886893202435,32.40736234016271,32.028516525555844,32.04777908325195,1422900,0.0,0.0
2011-02-01 00:00:00-05:00,32.19544433890185,32.25965690696341,31.92575890142035,32.17618179321289,1733400,0.0,0.0
2011-02-02 00:00:00-05:00,32.10555134167544,32.20186897548413,31.92576103798899,31.989971160888672,1450100,0.0,0.0
2011-02-03 00:00:00-05:00,31.93861059418915,32.04134828315544,31.848712973066394,32.0220832824707,4360800,0.0,0.0
2011-02-04 00:00:00-05:00,32.047779680526055,32.05419971672423,31.72030394628636,31.842304229736328,4813800,0.0,0.0
2011-02-07 00:00:00-05:00,31.880825848246193,32.03493118286133,31.842298289862345,32.03493118286133,4880900,0.0,0.0
2011-02-08 00:00:00-05:00,32.07987265105976,32.07987265105976,31.816607176020504,31.87439727783203,1862900,0.0,0.0
2011-02-09 00:00:00-05:00,31.80377393789799,32.09272453125819,31.765248825090215,32.067039489746094,1633500,0.0,0.0
2011-02-10 00:00:00-05:00,31.96428622153519,32.169761554741086,31.925761127471073,32.1633415222168,1489900,0.0,0.0
2011-02-11 00:00:00-05:00,32.11841309200895,32.29820350337268,32.09272804768252,32.16978073120117,1965900,0.0,0.0
2011-02-14 00:00:00-05:00,32.22827336338795,32.22827336338795,31.94881848662038,32.065799713134766,1159200,0.6,0.0
2011-02-15 00:00:00-05:00,32.046287336601445,32.2672514875013,32.007292787919155,32.18926239013672,1105700,0.0,0.0
2011-02-16 00:00:00-05:00,32.20226636393788,32.208766696128826,31.805830391401813,31.987802505493164,1731100,0.0,0.0
2011-02-17 00:00:00-05:00,31.890321338901966,32.02030072830142,31.7148495350853,31.77984046936035,2108500,0.0,0.0
2011-02-18 00:00:00-05:00,31.792829590054374,31.942307468342037,31.656352375078825,31.857820510864258,1593300,0.0,0.0
2011-02-22 00:00:00-05:00,31.604366856728017,31.838329248426515,31.55237411228368,31.773338317871094,1587800,0.0,0.0
2011-02-23 00:00:00-05:00,31.7733419402128,32.09179133836313,31.623866501620043,31.981307983398438,2730500,0.0,0.0
2011-02-24 00:00:00-05:00,31.92931519616572,31.961809423012177,31.63036186338677,31.747343063354492,1671100,0.0,0.0
2011-02-25 00:00:00-05:00,31.84483330869208,32.15678239870768,31.792840554113987,32.111289978027344,1480200,0.0,0.0
2011-02-28 00:00:00-05:00,32.24775381609934,32.63769187566019,32.13727297733791,32.48171615600586,2154500,0.0,0.0
2011-03-01 00:00:00-05:00,32.468717926825356,32.637691829474264,32.21525955200195,32.21525955200195,1717500,0.0,0.0
2011-03-02 00:00:00-05:00,32.293249908069114,32.3517404997296,32.072285726146184,32.221763610839844,1351300,0.0,0.0
2011-03-03 00:00:00-05:00,32.35825448782571,32.57271842832427,32.3062617270071,32.436241149902344,1304300,0.0,0.0
2011-03-04 00:00:00-05:00,32.4297368835344,32.488227488317044,32.0592972129613,32.30625534057617,1122900,0.0,0.0
2011-03-07 00:00:00-05:00,32.358241403424095,32.6571922197933,32.306248663629304,32.3907356262207,1524700,0.0,0.0
2011-03-08 00:00:00-05:00,32.37773761041767,32.81316813144781,32.36473942540107,32.71568298339844,1335700,0.0,0.0
2011-03-09 00:00:00-05:00,32.64420089874641,33.00164238296671,32.64420089874641,32.962650299072266,1356000,0.0,0.0
2011-03-10 00:00:00-05:00,32.81317253171705,32.89115917312443,32.54671590102043,32.618202209472656,1270000,0.0,0.0
2011-03-11 00:00:00-05:00,32.59220227684955,32.74817553076763,32.48821928118743,32.670188903808594,795700,0.0,0.0
2011-03-14 00:00:00-04:00,32.50770995499124,32.50770995499124,32.22175738388466,32.416725158691406,2151500,0.0,0.0
2011-03-15 00:00:00-04:00,32.111289770193046,32.53372222137749,31.96831217517967,32.31925582885742,2683000,0.0,0.0
2011-03-16 00:00:00-04:00,32.319239351736336,32.36473174892912,31.753832072947645,31.909805297851562,2616900,0.0,0.0
2011-03-17 00:00:00-04:00,32.182770088068146,32.21526431133195,31.747339563052105,32.033294677734375,2158900,0.0,0.0
2011-03-18 00:00:00-04:00,32.32575508452795,32.46873019562159,32.124286887287994,32.17627716064453,2504900,0.0,0.0
2011-03-21 00:00:00-04:00,32.42973524380696,32.624703090174094,32.37124464198175,32.59220886230469,1233700,0.0,0.0
2011-03-22 00:00:00-04:00,32.61170044848239,32.65069500408948,32.35824203491211,32.35824203491211,1337900,0.0,0.0
2011-03-23 00:00:00-04:00,32.390742320629045,32.403740508264164,32.07879325483857,32.30625534057617,1300700,0.0,0.0
2011-03-24 00:00:00-04:00,32.40372643903461,32.520707597808354,32.2087586674616,32.442718505859375,958100,0.0,0.0
2011-03-25 00:00:00-04:00,32.533713590783435,32.5987020371942,32.43622844201697,32.501216888427734,1120300,0.0,0.0
2011-03-28 00:00:00-04:00,32.5142213398776,32.72218738345291,32.494725298027035,32.57271194458008,1393300,0.0,0.0
2011-03-29 00:00:00-04:00,32.54671437757882,32.9366500455143,32.4752255933222,32.89765548706055,1352600,0.0,0.0
2011-03-30 00:00:00-04:00,32.962650299072266,33.07963150905721,32.89116150639805,32.962650299072266,1559100,0.0,0.0
2011-03-31 00:00:00-04:00,32.93015359029249,33.07313117564093,32.858667276769076,32.962650299072266,1146100,0.0,0.0
2011-04-01 00:00:00-04:00,33.131608735854726,33.22259353465308,33.04712178876348,33.177101135253906,1011900,0.0,0.0
2011-04-04 00:00:00-04:00,33.164113515397744,33.18361203502894,32.9886417136207,33.157615661621094,937100,0.0,0.0
2011-04-05 00:00:00-04:00,33.164108114259875,33.242097221782046,33.0731233013009,33.10561752319336,720000,0.0,0.0
2011-04-06 00:00:00-04:00,33.17060504203024,33.372070684578425,33.07962023840848,33.2875862121582,1264200,0.0,0.0
2011-04-07 00:00:00-04:00,33.13811422423604,33.235596889913424,32.82616275244781,33.10561752319336,1114800,0.0,0.0
2011-04-08 00:00:00-04:00,33.17060134009846,33.190097373227324,32.917142992824516,33.07961654663086,842200,0.0,0.0
2011-04-11 00:00:00-04:00,33.02762321342623,33.060117427761355,32.53370470974329,32.63768768310547,2059300,0.0,0.0
2011-04-12 00:00:00-04:00,32.59220473007864,32.73517981040699,32.410232614610194,32.475223541259766,1411800,0.0,0.0
2011-04-13 00:00:00-04:00,32.598702197129526,32.75467794009106,32.50771738004794,32.55970764160156,1130100,0.0,0.0
2011-04-14 00:00:00-04:00,32.43622241763097,32.61169416533002,32.36473365236656,32.55320358276367,1142600,0.0,0.0
2011-04-15 00:00:00-04:00,32.64420476576596,33.07313509347139,32.592214488031026,32.956153869628906,1475300,0.0,0.0
2011-04-18 00:00:00-04:00,32.702674687464445,32.87164856128713,32.55319932471332,32.64418411254883,1523300,0.0,0.0
2011-04-19 00:00:00-04:00,32.67019550502141,32.71568791986872,32.42973524380696,32.59220886230469,1131700,0.0,0.0
2011-04-20 00:00:00-04:00,32.85867116919423,32.98864810310713,32.6896971884657,32.956153869628906,1214400,0.0,0.0
2011-04-21 00:00:00-04:00,32.95614536173342,33.02113629106304,32.793671757135066,32.936649322509766,786400,0.0,0.0
2011-04-25 00:00:00-04:00,32.930147566649026,33.03413304908181,32.852160933974794,32.943145751953125,796400,0.0,0.0
2011-04-26 00:00:00-04:00,33.05362812733149,33.222599573075826,32.98863720269884,33.19660568237305,1200000,0.0,0.0
2011-04-27 00:00:00-04:00,33.24209219074074,33.599533535761104,33.222593677236105,33.508548736572266,1375400,0.0,0.0
2011-04-28 00:00:00-04:00,33.52155842344696,33.79451291468865,33.47606352908932,33.768516540527344,1222400,0.0,0.0
2011-04-29 00:00:00-04:00,33.703510912149405,33.88548048026269,33.664516370775374,33.87248229980469,1183000,0.0,0.0
2011-05-02 00:00:00-04:00,33.879005803595625,34.10646791932635,33.87250546934553,33.98948669433594,1022800,0.0,0.0
2011-05-03 00:00:00-04:00,33.91799041144086,34.41840943482569,33.89849437129294,34.31442642211914,1858600,0.0,0.0
2011-05-04 00:00:00-04:00,34.223438022076564,34.52238884249582,34.11945502022855,34.437904357910156,2071300,0.0,0.0
2011-05-05 00:00:00-04:00,34.34691364141744,34.39890637673863,34.05446318226096,34.281925201416016,2045600,0.0,0.0
2011-05-06 00:00:00-04:00,34.463899374820286,34.66536753211032,34.353418516376024,34.50939178466797,1914700,0.0,0.0
2011-05-09 00:00:00-04:00,34.52239521163079,34.56138977419938,34.2949331278576,34.502899169921875,1534900,0.0,0.0
2011-05-10 00:00:00-04:00,34.60687772117747,34.98381767320317,34.5288910852637,34.80184555053711,2062000,0.0,0.0
2011-05-11 00:00:00-04:00,34.840835822491606,34.91882244881267,34.58087709588786,34.892826080322266,2468000,0.0,0.0
2011-05-12 00:00:00-04:00,34.899327297432244,35.29576324994316,34.73035337710782,35.25027084350586,2111000,0.0,0.0
2011-05-13 00:00:00-04:00,35.26976449605596,35.32825508311344,34.96431337707248,35.172279357910156,1798200,0.0,0.0
2011-05-16 00:00:00-04:00,35.16571851618706,35.43516235244247,35.01456734042858,35.060569763183594,1939400,0.6,0.0
2011-05-17 00:00:00-04:00,35.027710378807676,35.297154208377584,35.00142256447306,35.27086639404297,1751800,0.0,0.0
2011-05-18 00:00:00-04:00,35.3103001625852,35.3103001625852,34.97513928469247,35.24458312988281,1227400,0.0,0.0
2011-05-19 00:00:00-04:00,35.26429660995923,35.48773802371967,35.211723486868316,35.47459411621094,1397400,0.0,0.0
2011-05-20 00:00:00-04:00,35.41544114744526,35.62573861427775,35.32343631907399,35.428585052490234,1575800,0.0,0.0
2011-05-23 00:00:00-04:00,34.7056815930408,35.290571474349555,34.7056815930408,34.92912292480469,2065800,0.0,0.0
2011-05-24 00:00:00-04:00,34.86999039201456,34.915992816115384,34.53482700848673,34.666263580322266,2565200,0.0,0.0
2011-05-25 00:00:00-04:00,34.561112989792356,34.79112509808779,34.32452767443478,34.574256896972656,1862500,0.0,0.0
2011-05-26 00:00:00-04:00,34.52167776731789,34.791121569829244,34.37052661048896,34.653114318847656,1464800,0.0,0.0
2011-05-27 00:00:00-04:00,34.68597282999417,34.82398258791946,34.5808240901591,34.653114318847656,1113200,0.0,0.0
2011-05-31 00:00:00-04:00,34.83710741185119,34.896253706551484,34.63995393183106,34.86996841430664,1652900,0.0,0.0
2011-06-01 00:00:00-04:00,34.83054872001619,34.85683652826374,34.6268219665127,34.67939758300781,1977500,0.0,0.0
2011-06-02 00:00:00-04:00,34.685971536443795,34.685971536443795,34.33109611957468,34.62025451660156,1319600,0.0,0.0
2011-06-03 00:00:00-04:00,34.32452448354376,34.56768047641513,34.19308793090333,34.383670806884766,1344500,0.0,0.0
2011-06-06 00:00:00-04:00,34.29166818950423,34.442819357384224,34.114229208007565,34.27195358276367,1367800,0.0,0.0
2011-06-07 00:00:00-04:00,34.298235134048745,34.58739603828345,34.265376624097605,34.37052536010742,2064400,0.0,0.0
2011-06-08 00:00:00-04:00,34.416523632826326,34.574247971328106,34.25880180126786,34.54138946533203,2152200,0.0,0.0
2011-06-09 00:00:00-04:00,34.54796767066627,34.600543297238765,34.33767017826399,34.37710189819336,1570700,0.0,0.0
2011-06-10 00:00:00-04:00,34.33110462582486,34.39025096111505,34.02222904076002,34.06166076660156,2057000,0.0,0.0
2011-06-13 00:00:00-04:00,34.14708311317933,34.383668389912785,33.95650025059476,34.23251724243164,1520900,0.0,0.0
2011-06-14 00:00:00-04:00,34.47567353301976,34.47567353301976,34.10765421646814,34.311378479003906,1600400,0.0,0.0
2011-06-15 00:00:00-04:00,34.21279573884312,34.44280776320229,34.04850071945999,34.20622253417969,2214900,0.0,0.0
2011-06-16 00:00:00-04:00,34.28509595289387,34.62683001874992,34.271954552657526,34.574256896972656,2399600,0.0,0.0
2011-06-17 00:00:00-04:00,34.7056797834734,34.97512350711538,34.64653347794501,34.68596267700195,2181700,0.0,0.0
2011-06-20 00:00:00-04:00,34.58740096876444,34.87655940727546,34.40338877430837,34.837127685546875,1118800,0.0,0.0
2011-06-21 00:00:00-04:00,34.90940311959732,34.994837226978085,34.64653260703459,34.79768371582031,1514800,0.0,0.0
2011-06-22 00:00:00-04:00,34.72540300280575,34.81740783270072,34.508532326387396,34.63996887207031,1801200,0.0,0.0
2011-06-23 00:00:00-04:00,34.383662123388135,34.42966452915295,34.06821598088238,34.33108901977539,1940200,0.0,0.0
2011-06-24 00:00:00-04:00,34.40995334201676,34.6925410094284,34.370521630188385,34.436241149902344,1437100,0.0,0.0
2011-06-27 00:00:00-04:00,34.52167849792981,34.69911747020873,34.52167849792981,34.626827239990234,853000,0.0,0.0
2011-06-28 00:00:00-04:00,34.67283157306615,34.81741204148886,34.55454142529036,34.78455352783203,855900,0.0,0.0
2011-06-29 00:00:00-04:00,34.78455131125026,34.96199028202282,34.66625866406856,34.896270751953125,1335900,0.0,0.0
2011-06-30 00:00:00-04:00,34.902843301292535,35.03427985201353,34.712260428094275,34.988277435302734,1223000,0.0,0.0
2011-07-01 00:00:00-04:00,35.00798771219142,35.56658985001205,35.00798771219142,35.52716064453125,1877800,0.0,0.0
2011-07-05 00:00:00-04:00,35.422013959390966,35.47458707204247,35.22485789285314,35.28400421142578,1242100,0.0,0.0
2011-07-06 00:00:00-04:00,35.2840109202285,35.44173530205933,35.15914756036443,35.39573287963867,1022600,0.0,0.0
2011-07-07 00:00:00-04:00,35.560021426417435,35.57316533139973,35.3300068496426,35.51401901245117,1194500,0.0,0.0
2011-07-08 00:00:00-04:00,35.284001867215544,35.40229449650166,35.02113130753566,35.198570251464844,1655000,0.0,0.0
2011-07-11 00:00:00-04:00,34.922555871402764,35.060563113492954,34.73854621528251,35.01456069946289,1713900,0.0,0.0
2011-07-12 00:00:00-04:00,34.91600025606709,35.468031969848795,34.88971243470972,35.264305114746094,1659500,0.0,0.0
2011-07-13 00:00:00-04:00,35.389154489569925,35.50087643261792,35.22485943157388,35.297149658203125,1810700,0.0,0.0
2011-07-14 00:00:00-04:00,35.316868298745845,35.35629750992785,34.90941473227765,34.96199035644531,1673900,0.0,0.0
2011-07-15 00:00:00-04:00,35.05399266344483,35.05399266344483,34.73197325600362,34.99484634399414,1639100,0.0,0.0
2011-07-18 00:00:00-04:00,34.883122370843644,34.89626376728353,34.46909818857678,34.521671295166016,1360800,0.0,0.0
2011-07-19 00:00:00-04:00,34.56768166955822,34.94884743467746,34.39024520035451,34.91598892211914,1110900,0.0,0.0
2011-07-20 00:00:00-04:00,34.942265462094085,35.1919946073871,34.79768754171871,35.04741668701172,795700,0.0,0.0
2011-07-21 00:00:00-04:00,35.1591387663314,35.54030446470109,35.1591387663314,35.46144104003906,1371200,0.0,0.0
2011-07-22 00:00:00-04:00,35.4154399522049,35.45487166600903,35.18542788903943,35.21171569824219,1334300,0.0,0.0
2011-07-25 00:00:00-04:00,35.00798724699818,35.1657090807123,34.99484334303144,35.03427505493164,1424300,0.0,0.0
2011-07-26 00:00:00-04:00,35.03427805927579,35.0802804736326,34.81740738564207,34.99484634399414,1310800,0.0,0.0
2011-07-27 00:00:00-04:00,35.10656676133025,35.19200089336444,34.837122966708854,34.94884490966797,1824600,0.0,0.0
2011-07-28 00:00:00-04:00,34.89627223900498,35.05399661094969,34.75826498039327,34.81084060668945,1393200,0.0,0.0
2011-07-29 00:00:00-04:00,34.62024452104397,34.79111022746759,34.42966170880551,34.56766891479492,1686600,0.0,0.0
2011-08-01 00:00:00-04:00,34.929136723993345,34.96856594068314,34.54140021589776,34.666263580322266,2269300,0.0,0.0
2011-08-02 00:00:00-04:00,34.580825120200366,34.68597386316745,34.357383728027344,34.357383728027344,1722800,0.0,0.0
2011-08-03 00:00:00-04:00,34.46910409462489,34.771406403404335,34.28509192267525,34.59396743774414,3122700,0.0,0.0
2011-08-04 00:00:00-04:00,34.377102643952554,34.731978103239975,33.969649050008165,34.00251007080078,4291200,0.0,0.0
2011-08-05 00:00:00-04:00,34.69254557545736,35.40887213948642,34.344238342489604,35.007991790771484,6137100,0.0,0.0
2011-08-08 00:00:00-04:00,34.12738610981604,35.00800814574585,33.023322586950464,33.12847137451172,6029400,0.0,0.0
2011-08-09 00:00:00-04:00,33.6410509454823,34.12079215371389,32.320119948235664,34.10765075683594,6076900,0.0,0.0
2011-08-10 00:00:00-04:00,34.219383239746094,35.17229532147751,33.89736624751912,34.219383239746094,5667900,0.0,0.0
2011-08-11 00:00:00-04:00,34.56110721025495,35.86889692614249,34.423099968356176,35.51401901245117,4969700,0.0,0.0
2011-08-12 00:00:00-04:00,35.75718560874297,36.059487992302394,35.14600763370867,35.310302734375,3860500,0.0,0.0
2011-08-15 00:00:00-04:00,35.59606864010259,36.44011311934827,35.58942120323405,36.41352844238281,3593500,0.6,0.0
2011-08-16 00:00:00-04:00,36.14769158847276,36.307197136391274,35.828683027890406,36.21415328979492,2867300,0.0,0.0
2011-08-17 00:00:00-04:00,36.28725765904982,36.69266516708293,36.1609842283734,36.22079849243164,2575900,0.0,0.0
2011-08-18 00:00:00-04:00,35.58277747799427,36.18756495505393,35.44321172219306,36.134395599365234,3964300,0.0,0.0
2011-08-19 00:00:00-04:00,35.915078046253285,36.406881906006866,35.80874187101566,36.127750396728516,3613000,0.0,0.0
2011-08-22 00:00:00-04:00,36.55310508029427,36.62621169609567,36.12111282433421,36.26068115234375,3494700,0.0,0.0
2011-08-23 00:00:00-04:00,36.340419498520326,36.825578413124155,36.01476356488682,36.805641174316406,4109400,0.0,0.0
2011-08-24 00:00:00-04:00,36.80565410715758,37.85572379582589,36.72590005339411,37.81584930419922,3606500,0.0,0.0
2011-08-25 00:00:00-04:00,37.809188815021706,37.809188815021706,37.19775649207714,37.33732223510742,3440400,0.0,0.0
2011-08-26 00:00:00-04:00,37.05819823072601,37.164534425861696,36.36701422997152,36.94521713256836,3530900,0.0,0.0
2011-08-29 00:00:00-04:00,37.28416630651916,37.55665298944861,37.151247952118524,37.43702697753906,2303900,0.0,0.0
2011-08-30 00:00:00-04:00,37.397136939074166,37.59651693656309,37.20440184289137,37.43036651611328,2531500,0.0,0.0
2011-08-31 00:00:00-04:00,37.556645499505684,37.57658527689326,37.1911150272917,37.35726547241211,3181400,0.0,0.0
2011-09-01 00:00:00-04:00,37.510124591869356,37.510124591869356,37.104719624428306,37.184471130371094,2458800,0.0,0.0
2011-09-02 00:00:00-04:00,36.838861377910334,37.38383440553518,36.792339475692614,37.26420593261719,3234500,0.0,0.0
2011-09-06 00:00:00-04:00,36.57968351670212,37.11800934972917,36.30719688133217,37.07148742675781,3937300,0.0,0.0
2011-09-07 00:00:00-04:00,37.30408293534103,37.33066506857006,37.0249489867812,37.26420593261719,2362800,0.0,0.0
2011-09-08 00:00:00-04:00,37.270862930843386,37.61645356877904,37.13129465312433,37.25092315673828,4007100,0.0,0.0
2011-09-09 00:00:00-04:00,37.11801738904429,37.11801738904429,36.46670779112481,36.63285827636719,2677900,0.0,0.0
2011-09-12 00:00:00-04:00,36.513221815846855,37.07148742675781,36.433470310075194,37.07148742675781,2421200,0.0,0.0
2011-09-13 00:00:00-04:00,37.13795410169857,37.4636076061146,36.86546742983301,37.40379333496094,2035800,0.0,0.0
2011-09-14 00:00:00-04:00,37.549999483953414,37.902237605884274,37.20440626411835,37.583229064941406,2433200,0.0,0.0
2011-09-15 00:00:00-04:00,37.955404006345894,38.021863163143664,37.74273166228783,37.93546676635742,3040000,0.0,0.0
2011-09-16 00:00:00-04:00,38.168073980609094,38.41397588779839,37.96869398734064,38.16142654418945,2766800,0.0,0.0
2011-09-19 00:00:00-04:00,37.782616329983824,38.1547943000668,37.649697980548126,38.048458099365234,1614600,0.0,0.0
2011-09-20 00:00:00-04:00,38.20796773736997,39.07194977699512,38.17473561121666,38.613372802734375,2079500,0.0,0.0
2011-09-21 00:00:00-04:00,38.274419307072414,38.653242145530506,38.00857756224877,38.05509948730469,2766400,0.0,0.0
2011-09-22 00:00:00-04:00,37.343980026158114,37.98199977999051,37.23764382306189,37.81584930419922,3618100,0.0,0.0
2011-09-23 00:00:00-04:00,37.769325072272856,37.88895107511836,37.496835874734785,37.709510803222656,2544800,0.0,0.0
2011-09-26 00:00:00-04:00,38.041804288421105,38.094971108695255,37.496828535271014,37.742733001708984,2440900,0.0,0.0
2011-09-27 00:00:00-04:00,38.121553788151715,38.16807570417335,37.49018166824546,37.616455078125,2619300,0.0,0.0
2011-09-28 00:00:00-04:00,37.623102853818324,37.835775196191705,37.217695408902095,37.290802001953125,2579500,0.0,0.0
2011-09-29 00:00:00-04:00,37.716155179298426,38.10827037420265,37.603174081146214,38.08833312988281,2581300,0.0,0.0
2011-09-30 00:00:00-04:00,37.92218404879974,38.37411352839114,37.88230702345169,37.895599365234375,1984900,0.0,0.0
2011-10-03 00:00:00-04:00,37.71615161949367,38.28770956509502,37.53006392939263,37.53670883178711,3024300,0.0,0.0
2011-10-04 00:00:00-04:00,37.1246640367258,37.52342417870413,36.56639831680304,37.5101318359375,3792000,0.0,0.0
2011-10-05 00:00:00-04:00,37.51012055584301,37.59651949021654,36.36700730947795,36.65278625488281,4804700,0.0,0.0
2011-10-06 00:00:00-04:00,36.646137783262496,37.324031829833984,36.606263303334615,37.324031829833984,2068600,0.0,0.0
2011-10-07 00:00:00-04:00,37.470244766190845,37.729439025005014,37.17117349246131,37.290802001953125,1933100,0.0,0.0
2011-10-10 00:00:00-04:00,37.53669713068235,38.02850341796875,37.49682012298221,38.02850341796875,1740400,0.0,0.0
2011-10-11 00:00:00-04:00,37.96870572697133,37.99528787510639,37.49019156697082,37.722801208496094,1452100,0.0,0.0
2011-10-12 00:00:00-04:00,37.76266826290973,37.80254527746582,37.46359699187474,37.616455078125,1606100,0.0,0.0
2011-10-13 00:00:00-04:00,37.55000155186679,37.78261116684729,37.30409959670817,37.65633773803711,1187600,0.0,0.0
2011-10-14 00:00:00-04:00,37.829133406231726,38.28106283504902,37.749381899750645,38.247833251953125,1827500,0.0,0.0
2011-10-17 00:00:00-04:00,38.247832028334884,38.63330227862849,38.194665204133294,38.5269660949707,2067500,0.0,0.0
2011-10-18 00:00:00-04:00,38.420626355380875,38.7795093574762,38.161429554903194,38.5601921081543,1933800,0.0,0.0
2011-10-19 00:00:00-04:00,38.540253088392745,39.11180841173102,38.39403990542603,38.49372863769531,2120100,0.0,0.0
2011-10-20 00:00:00-04:00,38.6266579043429,38.93237667495173,38.48044722475238,38.872562408447266,2329500,0.0,0.0
2011-10-21 00:00:00-04:00,39.20486117210056,39.72324976316081,39.10516988831759,39.71660232543945,2310400,0.0,0.0
2011-10-24 00:00:00-04:00,39.543813134044534,39.76977788193499,39.27797135937751,39.377662658691406,1922700,0.0,0.0
2011-10-25 00:00:00-04:00,39.40423896855303,39.483990469901386,38.63330102817359,38.66653060913086,2466600,0.0,0.0
2011-10-26 00:00:00-04:00,39.14504252374129,39.224794020680875,38.92572273808946,39.09187316894531,2115700,0.0,0.0
2011-10-27 00:00:00-04:00,39.616897671925805,39.8029852893405,39.31118157610064,39.56372833251953,2370300,0.0,0.0
2011-10-28 00:00:00-04:00,39.15833017247561,39.22479186231348,38.35416273984411,38.573482513427734,3686200,0.0,0.0
2011-10-31 00:00:00-04:00,38.53361304471839,38.87920629378258,38.44721409863866,38.460506439208984,2085000,0.0,0.0
2011-11-01 00:00:00-04:00,37.98199285780423,38.32758355344204,37.68292154883439,37.915531158447266,2997200,0.0,0.0
2011-11-02 00:00:00-04:00,38.41397891843679,38.892492968236375,38.40733401674707,38.5601921081543,1721400,0.0,0.0
2011-11-03 00:00:00-04:00,38.79945478805866,39.14504803714461,38.63330433380126,39.04535675048828,1840800,0.0,0.0
2011-11-04 00:00:00-04:00,38.10826762763444,39.045356071951076,38.088330384751536,38.91908264160156,1350900,0.0,0.0
2011-11-07 00:00:00-05:00,39.06529479837452,39.271322278589096,38.792808149189966,39.25802993774414,1293200,0.0,0.0
2011-11-08 00:00:00-05:00,39.31784886434082,39.457414656873645,39.01213259443413,39.444122314453125,1681600,0.0,0.0
2011-11-09 00:00:00-05:00,39.08523422709353,39.43082748020166,38.606720101981544,38.693119049072266,2727200,0.0,0.0
2011-11-10 00:00:00-05:00,38.972242678422795,39.20485479097068,38.72634076310464,39.13174819946289,1660000,0.0,0.0
2011-11-11 00:00:00-05:00,39.42417229569382,39.69665888889577,39.39758761946576,39.636844635009766,1733600,0.0,0.0
2011-11-14 00:00:00-05:00,39.482428934014045,39.69054755824612,39.059474133480585,39.18703079223633,1393600,0.6,0.0
2011-11-15 00:00:00-05:00,39.106487371566445,39.5361548058857,39.039352795336534,39.44216537475586,1469100,0.0,0.0
2011-11-16 00:00:00-05:00,39.13333649330297,39.368310036703186,38.85136568020316,38.91850280761719,2041000,0.0,0.0
2011-11-17 00:00:00-05:00,38.89834882545474,39.160179703004864,38.49553642479403,38.804359436035156,1697200,0.0,0.0
2011-11-18 00:00:00-05:00,38.95206893093179,39.166902610220426,38.90507422365111,39.032630920410156,1304500,0.0,0.0
2011-11-21 00:00:00-05:00,38.80436346418236,38.851358163770506,38.26727935387564,38.59624481201172,1383200,0.0,0.0
2011-11-22 00:00:00-05:00,38.62981687764395,38.703666432157306,37.99202829714238,38.20014953613281,1396200,0.0,0.0
2011-11-23 00:00:00-05:00,38.00545761220542,38.1598691606782,37.64292481438959,37.898040771484375,1851200,0.0,0.0
2011-11-25 00:00:00-05:00,37.94502755110806,38.52239390973266,37.93160012869598,38.37469482421875,1060500,0.0,0.0
2011-11-28 00:00:00-05:00,38.858074186302254,39.05948041288152,38.267280368786516,38.42169189453125,1876800,0.0,0.0
2011-11-29 00:00:00-05:00,38.569397428122905,39.01249222497727,38.53583014492566,38.91850280761719,1410900,0.0,0.0
2011-11-30 00:00:00-05:00,39.4421643053463,39.92554143635945,39.415309451174494,39.891971588134766,2228700,0.0,0.0
2011-12-01 00:00:00-05:00,39.81811582942095,40.140366325598514,39.690556580649904,39.95238494873047,1432900,0.0,0.0
2011-12-02 00:00:00-05:00,40.09338449566834,40.147091648433715,39.30789657818627,39.34817886352539,1973500,0.0,0.0
2011-12-05 00:00:00-05:00,39.710700906702655,39.9188195882506,39.381735402130964,39.54286193847656,1443600,0.0,0.0
2011-12-06 00:00:00-05:00,39.63683781485439,39.77782188537329,39.50256617392368,39.616695404052734,1477800,0.0,0.0
2011-12-07 00:00:00-05:00,39.58986006752605,39.663709629693464,39.33474409668034,39.415306091308594,1769500,0.0,0.0
2011-12-08 00:00:00-05:00,39.43543424073462,39.583130750604774,39.113181256791904,39.18703079223633,1798700,0.0,0.0
2011-12-09 00:00:00-05:00,39.3884467852555,39.811401691009124,39.381734353553725,39.771121978759766,1679900,0.0,0.0
2011-12-12 00:00:00-05:00,39.730828003271945,39.771110264676004,39.24073868077287,39.489139556884766,1448900,0.0,0.0
2011-12-13 00:00:00-05:00,39.536140551107216,40.032944943553204,39.47571842987756,39.7039794921875,1567900,0.0,0.0
2011-12-14 00:00:00-05:00,39.777833909765675,39.85168346265238,39.442155986476514,39.47572326660156,1361600,0.0,0.0
2011-12-15 00:00:00-05:00,39.7979837362152,40.23436617022561,39.737561592444834,40.126949310302734,2349500,0.0,0.0
2011-12-16 00:00:00-05:00,40.20750128636698,40.38205524084158,39.91210563551214,40.13365173339844,2850600,0.0,0.0
2011-12-19 00:00:00-05:00,40.1537964357549,40.33506283217141,39.85839820706749,40.01280975341797,1607300,0.0,0.0
2011-12-20 00:00:00-05:00,40.22763427763747,40.865422735962404,39.945666099167696,40.81842803955078,2140400,0.0,0.0
2011-12-21 00:00:00-05:00,40.818440082352524,41.54350571693999,40.79830022395386,41.44951629638672,2444500,0.0,0.0
2011-12-22 00:00:00-05:00,41.38908085899007,41.46292783639289,41.14067740047752,41.36893844604492,1427200,0.0,0.0
2011-12-23 00:00:00-05:00,41.489785792737486,41.75161413150077,41.41593624877471,41.61063003540039,1110600,0.0,0.0
2011-12-27 00:00:00-05:00,41.6106343435566,41.98659453310166,41.516644936425145,41.959739685058594,852100,0.0,0.0
2011-12-28 00:00:00-05:00,41.95974632477311,41.99331360962899,41.71805777617927,41.751625061035156,879400,0.0,0.0
2011-12-29 00:00:00-05:00,41.75162869488157,42.0738792673805,41.75162869488157,42.020172119140625,935900,0.0,0.0
2011-12-30 00:00:00-05:00,42.07387438082848,42.120871651482354,41.63077957497697,41.64420700073242,1189400,0.0,0.0
2012-01-03 00:00:00-05:00,41.6911875534646,41.798604362013535,40.60359204677927,40.71772384643555,2927000,0.0,0.0
2012-01-04 00:00:00-05:00,40.670740341831554,40.85871916825304,40.160508440088336,40.21421813964844,2735900,0.0,0.0
2012-01-05 00:00:00-05:00,39.83824534430206,40.408896636301456,39.62341173594803,40.106788635253906,3182700,0.0,0.0
2012-01-06 00:00:00-05:00,40.147077423160596,40.24778182031585,39.57642600199872,39.677127838134766,2693600,0.0,0.0
2012-01-09 00:00:00-05:00,39.82483086234227,39.88525299438605,39.663706884238486,39.791263580322266,1310700,0.0,0.0
2012-01-10 00:00:00-05:00,39.522711193236546,40.14035979789818,39.482431488401765,39.83824920654297,2063600,0.0,0.0
2012-01-11 00:00:00-05:00,39.677132888740594,39.94567627465872,39.58314347197511,39.73084259033203,1872900,0.0,0.0
2012-01-12 00:00:00-05:00,39.85838976200459,39.85838976200459,39.542854304151454,39.596561431884766,1687700,0.0,0.0
2012-01-13 00:00:00-05:00,39.40187707063331,39.75769744112775,39.1669035287196,39.73084259033203,1760800,0.0,0.0
2012-01-17 00:00:00-05:00,39.979233295502446,40.22092176858661,39.75768723585454,39.83824920654297,1749800,0.0,0.0
2012-01-18 00:00:00-05:00,39.838263542556476,39.9389679629202,39.643569695730505,39.79798126220703,1407300,0.0,0.0
2012-01-19 00:00:00-05:00,39.77112565138337,39.838260218677995,39.32803084858795,39.435447692871094,2217500,0.0,0.0
2012-01-20 00:00:00-05:00,39.41530051825428,39.60328189383377,39.153472151968465,39.44886779785156,1812000,0.0,0.0
2012-01-23 00:00:00-05:00,39.44216973828326,39.59658132951071,39.30789800994889,39.35489273071289,1672600,0.0,0.0
2012-01-24 00:00:00-05:00,39.28776081020382,39.32804309974076,39.03935976061034,39.19377136230469,1294200,0.0,0.0
2012-01-25 00:00:00-05:00,39.052767120404084,39.92553174193051,38.66338207353993,39.858394622802734,3038000,0.0,0.0
2012-01-26 00:00:00-05:00,39.83826601906876,40.147089171219534,39.83826601906876,40.126949310302734,2422500,0.0,0.0
2012-01-27 00:00:00-05:00,40.21421507627825,40.21421507627825,39.46900969827517,39.5361442565918,1516000,0.0,0.0
2012-01-30 00:00:00-05:00,39.41530372846367,39.43544614667797,39.126620490580294,39.368309020996094,6204500,0.0,0.0
2012-01-31 00:00:00-05:00,39.52943799876427,39.71070440775194,39.38845130664967,39.58314514160156,1638500,0.0,0.0
2012-02-01 00:00:00-05:00,39.67040508483243,39.871811265719224,39.556273293684846,39.616695404052734,1573400,0.0,0.0
2012-02-02 00:00:00-05:00,39.65697671584325,39.717398824765546,39.38843344040674,39.522705078125,1326400,0.0,0.0
2012-02-03 00:00:00-05:00,39.69726073261119,39.83824480599752,39.28101838115834,39.489139556884766,1619400,0.0,0.0
2012-02-06 00:00:00-05:00,39.40858870635146,39.583140099613324,39.328026721847465,39.47572326660156,1079100,0.0,0.0
2012-02-07 00:00:00-05:00,39.41529867005936,39.81811368939649,39.30788184377329,39.697269439697266,1353600,0.0,0.0
2012-02-08 00:00:00-05:00,39.7912717955849,39.912116084621836,39.50258850077664,39.87183380126953,1872400,0.0,0.0
2012-02-09 00:00:00-05:00,39.811405272023926,39.9523893996168,39.71741585362868,39.925537109375,5823300,0.0,0.0
2012-02-10 00:00:00-05:00,39.83154111280964,39.90538810005326,39.609992468021346,39.697269439697266,1920300,0.0,0.0
2012-02-13 00:00:00-05:00,39.86345581756581,39.89058827828328,39.25298838889189,39.280120849609375,1965800,0.605,0.0
2012-02-14 00:00:00-05:00,39.26655493286796,39.429347110979165,39.09019911178356,39.32081985473633,2244500,0.0,0.0
2012-02-15 00:00:00-05:00,39.28690887976735,39.34795563228229,38.97489329468843,39.1037712097168,1707500,0.0,0.0
2012-02-16 00:00:00-05:00,39.13088279284339,39.544643634504745,39.13088279284339,39.2733268737793,1576100,0.0,0.0
2012-02-17 00:00:00-05:00,39.402216677980654,39.463263424477546,39.23942449149094,39.25299072265625,1678700,0.0,0.0
2012-02-21 00:00:00-05:00,39.320824989180124,39.442918491832806,39.1851652542889,39.246212005615234,1326900,0.0,0.0
2012-02-22 00:00:00-05:00,39.17159902205035,39.436134081966415,39.14446655757326,39.246212005615234,1568600,0.0,0.0
2012-02-23 00:00:00-05:00,39.23943196052815,39.40222417800459,39.13768908866308,39.31404495239258,1891500,0.0,0.0
2012-02-24 00:00:00-05:00,39.34795131950904,39.9245044939552,39.32082144497155,39.91093826293945,2395500,0.0,0.0
2012-02-27 00:00:00-05:00,39.72779641394781,39.98554961780344,39.53108995343972,39.632835388183594,1528700,0.0,0.0
2012-02-28 00:00:00-05:00,39.639607764988014,39.775267449825776,39.36150657544259,39.415771484375,1377900,0.0,0.0
2012-02-29 00:00:00-05:00,39.449699092183444,39.666753626288084,39.205512094442184,39.409000396728516,2060400,0.0,0.0
2012-03-01 00:00:00-05:00,39.375083943784674,39.68031767416164,39.320821606992105,39.53787612915039,1381800,0.0,0.0
2012-03-02 00:00:00-05:00,39.537871148566985,39.68031267563488,39.32759847468555,39.55143737792969,877400,0.0,0.0
2012-03-05 00:00:00-05:00,39.442915661039684,39.68031823944043,39.26655724208995,39.60570526123047,1160500,0.0,0.0
2012-03-06 00:00:00-05:00,39.381863646586844,39.598918142805196,39.212289659697895,39.57856750488281,1614500,0.0,0.0
2012-03-07 00:00:00-05:00,39.544659726481726,39.565010367749935,39.27334285534883,39.44291687011719,2738500,0.0,0.0
2012-03-08 00:00:00-05:00,39.48360313307708,39.632829056864324,39.39542653037869,39.5582160949707,983900,0.0,0.0
2012-03-09 00:00:00-05:00,39.659970186290096,39.659970186290096,39.38186891409463,39.60570526123047,965800,0.0,0.0
2012-03-12 00:00:00-04:00,39.65998088539724,40.20261734491076,39.59893412198355,40.16191864013672,1487000,0.0,0.0
2012-03-13 00:00:00-04:00,40.22294416027308,40.338255802485,40.019455918862285,40.290775299072266,1230200,0.0,0.0
2012-03-14 00:00:00-04:00,40.283999818567935,40.35861279403493,39.67353495905369,39.741363525390625,1589800,0.0,0.0
2012-03-15 00:00:00-04:00,39.870240492317976,39.917721008224575,39.29368989202692,39.39543533325195,2303600,0.0,0.0
2012-03-16 00:00:00-04:00,39.381860202532955,39.381860202532955,38.940966840181574,39.08340835571289,2883600,0.0,0.0
2012-03-19 00:00:00-04:00,39.0291474641271,39.27333440686306,38.90026958463114,38.947750091552734,1411700,0.0,0.0
2012-03-20 00:00:00-04:00,38.83244166277838,39.130890937946575,38.83244166277838,39.02914810180664,1338400,0.0,0.0
2012-03-21 00:00:00-04:00,38.98167402929711,39.11054934468019,38.80531561088445,38.87992858886719,933200,0.0,0.0
2012-03-22 00:00:00-04:00,38.778182837470624,38.95454125446905,38.656091932425426,38.839229583740234,1486200,0.0,0.0
2012-03-23 00:00:00-04:00,38.74426463313011,38.85957629219123,38.66965166329534,38.75104904174805,1299200,0.0,0.0
2012-03-26 00:00:00-04:00,38.83922116546336,39.13767301031251,38.82565752478244,39.056278228759766,1213400,0.0,0.0
2012-03-27 00:00:00-04:00,39.042717721741234,39.2258579476916,38.91383982894625,39.2122917175293,1427100,0.0,0.0
2012-03-28 00:00:00-04:00,39.158033552233256,39.33439198727389,38.93419718467465,39.1037712097168,1676800,0.0,0.0
2012-03-29 00:00:00-04:00,38.94096138436901,39.42255077654584,38.87991465948088,39.341156005859375,2005300,0.0,0.0
2012-03-30 00:00:00-04:00,39.52430619947262,39.63961527155019,39.35473220818648,39.62604904174805,1586000,0.0,0.0
2012-04-02 00:00:00-04:00,39.5175193303998,39.843103650392294,39.40899208623351,39.71422576904297,1750600,0.0,0.0
2012-04-03 00:00:00-04:00,39.7549268270278,39.85666966903682,39.57856842755548,39.84988784790039,1910100,0.0,0.0
2012-04-04 00:00:00-04:00,39.65996143417638,39.863449683256334,39.5717822441608,39.78205490112305,1605700,0.0,0.0
2012-04-05 00:00:00-04:00,39.64639321245179,39.6599594400408,39.225850507165994,39.463253021240234,1310700,0.0,0.0
2012-04-09 00:00:00-04:00,39.096972836294285,39.30724548374593,39.096972836294285,39.178367614746094,1448100,0.0,0.0
2012-04-10 00:00:00-04:00,39.00880035958256,39.09697956077619,38.6696523722927,38.75783157348633,1855100,0.0,0.0
2012-04-11 00:00:00-04:00,38.96131295687208,39.049492142468544,38.75782471798999,38.927398681640625,1536300,0.0,0.0
2012-04-12 00:00:00-04:00,39.06306866132993,39.33438810964812,38.873146600003615,39.25299072265625,1968600,0.0,0.0
2012-04-13 00:00:00-04:00,39.24620186198539,39.6192640958934,39.14445644024068,39.17158889770508,1651400,0.0,0.0
2012-04-16 00:00:00-04:00,39.280125691742064,39.65318801636692,39.19873088704982,39.49039840698242,1326000,0.0,0.0
2012-04-17 00:00:00-04:00,39.64640619409848,39.72101917652229,39.17159842298767,39.49039840698242,1579000,0.0,0.0
2012-04-18 00:00:00-04:00,39.40220726399117,39.53108254802967,39.2122852480411,39.34794235229492,1611200,0.0,0.0
2012-04-19 00:00:00-04:00,39.38863591490167,39.38863591490167,39.103752928015986,39.2733268737793,1672800,0.0,0.0
2012-04-20 00:00:00-04:00,39.31404647531442,39.782072501505176,39.219085422897344,39.754940032958984,1872100,0.0,0.0
2012-04-23 00:00:00-04:00,39.61926476976442,39.63283099872736,39.456472609702715,39.56500244140625,1253100,0.0,0.0
2012-04-24 00:00:00-04:00,39.57856958629929,39.87702147491523,39.5446553046367,39.83632278442383,968300,0.0,0.0
2012-04-25 00:00:00-04:00,39.99232896005248,40.06694192924,39.78205886960807,40.03302764892578,1335300,0.0,0.0
2012-04-26 00:00:00-04:00,40.02624282467528,40.25008172991318,39.856668837371544,40.21616744995117,1107100,0.0,0.0
2012-04-27 00:00:00-04:00,40.250088196569884,40.29078689155924,40.01946743328509,40.229740142822266,1160600,0.0,0.0
2012-04-30 00:00:00-04:00,40.17546964704372,40.35860986786775,39.99911383485785,40.3246955871582,4578400,0.0,0.0
2012-05-01 00:00:00-04:00,40.26364431948935,40.55531175828399,40.141550852668644,40.467132568359375,964900,0.0,0.0
2012-05-02 00:00:00-04:00,40.4196622111177,40.45357649652844,40.18225962574841,40.229740142822266,1268700,0.0,0.0
2012-05-03 00:00:00-04:00,40.29756855121784,40.51462308196464,40.127994537353516,40.127994537353516,1195500,0.0,0.0
2012-05-04 00:00:00-04:00,40.01946844655033,40.49427621680485,40.01946844655033,40.2772216796875,1241300,0.0,0.0
2012-05-07 00:00:00-04:00,40.121210068283354,40.23651914810636,39.944851656503076,40.11442565917969,1108900,0.0,0.0
2012-05-08 00:00:00-04:00,40.019458853570384,40.52818078814967,40.012677032939834,40.494266510009766,1235400,0.0,0.0
2012-05-09 00:00:00-04:00,40.23652663918046,40.54176041832434,40.189046116590795,40.33827209472656,1355500,0.0,0.0
2012-05-10 00:00:00-04:00,40.52818256942676,40.82663185266624,40.43322155146391,40.71132278442383,1288900,0.0,0.0
2012-05-11 00:00:00-04:00,40.629924907520305,40.86732743438239,40.480698983496424,40.568878173828125,1187600,0.0,0.0
2012-05-14 00:00:00-04:00,40.30506599837491,40.58600906187382,40.19542974466642,40.44211196899414,1028600,0.605,0.0
2012-05-15 00:00:00-04:00,40.394152773685626,40.49008418438099,40.12006078832609,40.25710678100586,1061500,0.0,0.0
2012-05-16 00:00:00-04:00,40.23654855823613,40.401001649153834,40.03783201060372,40.31192398071289,1110600,0.0,0.0
2012-05-17 00:00:00-04:00,40.29136041928698,40.40099667103456,40.01041736081289,40.12690734863281,1018800,0.0,0.0
2012-05-18 00:00:00-04:00,40.27766883402419,40.435270834476,40.09951084645028,40.202293395996094,1467400,0.0,0.0
2012-05-21 00:00:00-04:00,40.263958129322226,40.654540125518935,39.98301501902979,40.298221588134766,1164800,0.0,0.0
2012-05-22 00:00:00-04:00,40.33933452008924,40.54490220820079,40.28451768976248,40.448970794677734,1356600,0.0,0.0
2012-05-23 00:00:00-04:00,40.42841562411907,40.78473417719029,40.414710762777666,40.58601760864258,1939200,0.0,0.0
2012-05-24 00:00:00-04:00,40.68880170258508,40.99030080244254,40.59287028962748,40.832698822021484,1059500,0.0,0.0
2012-05-25 00:00:00-04:00,40.89436309900293,41.10678449068735,40.777873105519674,40.846397399902344,980100,0.0,0.0
2012-05-29 00:00:00-04:00,41.01085580504603,41.08623123168945,40.88066354971142,41.08623123168945,957900,0.0,0.0
2012-05-30 00:00:00-04:00,40.94918583186161,41.55904037719838,40.93548358494162,41.18216323852539,1608600,0.0,0.0
2012-05-31 00:00:00-04:00,41.216412532210924,41.54532123788358,41.14788825148702,41.36030960083008,1721800,0.0,0.0
2012-06-01 00:00:00-04:00,41.09307871752983,41.648111113040414,41.09307871752983,41.31235122680664,1918600,0.0,0.0
2012-06-04 00:00:00-04:00,41.34661002210399,41.62070195211623,41.230120036971755,41.593292236328125,1290900,0.0,0.0
2012-06-05 00:00:00-04:00,41.49736658476258,41.785160798541106,41.4356960226765,41.49051284790039,1359700,0.0,0.0
2012-06-06 00:00:00-04:00,41.661813834881805,41.98387145996094,41.51791674816173,41.98387145996094,1240700,0.0,0.0
2012-06-07 00:00:00-04:00,42.19630856948098,42.37446656033426,42.093523404107906,42.25797653198242,2939900,0.0,0.0
2012-06-08 00:00:00-04:00,42.29223340084461,42.64855194091797,42.223709096637265,42.64855194091797,1308500,0.0,0.0
2012-06-11 00:00:00-04:00,42.812995442616014,42.812995442616014,42.3059287748627,42.333335876464844,1686800,0.0,0.0
2012-06-12 00:00:00-04:00,42.37445972858211,42.64169797874466,42.22370887405558,42.60743713378906,1652500,0.0,0.0
2012-06-13 00:00:00-04:00,42.64855372730669,42.81300683642277,42.39501771202226,42.72392654418945,1167100,0.0,0.0
2012-06-14 00:00:00-04:00,42.68966151991571,42.91578779023991,42.61428609647431,42.881526947021484,1238800,0.0,0.0
2012-06-15 00:00:00-04:00,43.03912862492211,43.36118368571164,42.970604325015465,43.23784255981445,2181200,0.0,0.0
2012-06-18 00:00:00-04:00,43.29951722750083,43.58046034891419,43.18302982751884,43.498233795166016,1462800,0.0,0.0
2012-06-19 00:00:00-04:00,43.60100055984826,43.60785168063168,42.96373915569991,43.02540969848633,2003800,0.0,0.0
2012-06-20 00:00:00-04:00,42.847262783808915,42.97060390851059,42.018138367485825,42.1414794921875,2848800,0.0,0.0
2012-06-21 00:00:00-04:00,42.34705266086676,42.56632521904595,41.956473253239125,41.9907341003418,1865400,0.0,0.0
2012-06-22 00:00:00-04:00,42.1414794921875,42.32649117924,41.89479724278416,42.1414794921875,4610800,0.0,0.0
2012-06-25 00:00:00-04:00,41.97017662409143,42.11407374517249,41.750904073700774,41.96332550048828,1522100,0.0,0.0
2012-06-26 00:00:00-04:00,42.02498850207776,42.14832700227235,41.90849851031826,41.97016906738281,1107300,0.0,0.0
2012-06-27 00:00:00-04:00,42.04554572223173,42.47038589789982,42.0318408631541,42.374454498291016,1479000,0.0,0.0
2012-06-28 00:00:00-04:00,41.97701989148583,42.5457597596994,41.97701989148583,42.53205490112305,1252400,0.0,0.0
2012-06-29 00:00:00-04:00,42.72391695346135,42.922633478475554,42.401861931264826,42.614280700683594,2010200,0.0,0.0
2012-07-02 00:00:00-04:00,42.648550149284205,43.01857092071981,42.61428669165245,42.97745895385742,1248500,0.0,0.0
2012-07-03 00:00:00-04:00,42.92263381893772,43.02541895032848,42.68280533093857,42.87466812133789,744800,0.0,0.0
2012-07-05 00:00:00-04:00,42.80614436369064,42.80614436369064,42.49779159843132,42.54575729370117,796700,0.0,0.0
2012-07-06 00:00:00-04:00,42.299085415602896,42.67595994791231,42.20315400162614,42.58002853393555,887200,0.0,0.0
2012-07-09 00:00:00-04:00,42.55260822509519,42.84040500936006,42.47723542853315,42.717063903808594,958100,0.0,0.0
2012-07-10 00:00:00-04:00,42.81984479329446,43.04596838847735,42.74446939025547,42.847251892089844,1301600,0.0,0.0
2012-07-11 00:00:00-04:00,42.854123554869744,43.14877155513959,42.75133839610206,43.087100982666016,1134200,0.0,0.0
2012-07-12 00:00:00-04:00,42.95004990332921,43.2035832873633,42.86782335438691,43.08024215698242,1233100,0.0,0.0
2012-07-13 00:00:00-04:00,43.059688468683795,43.470823849247225,43.04598360747368,43.45711898803711,1085000,0.0,0.0
2012-07-16 00:00:00-04:00,43.32007059817404,43.38859228237193,43.20358059831598,43.26525115966797,854000,0.0,0.0
2012-07-17 00:00:00-04:00,43.36118750099875,43.56675780487174,43.224144116996754,43.45026779174805,994800,0.0,0.0
2012-07-18 00:00:00-04:00,43.37488259128446,43.58045023491498,43.30636091471909,43.51192855834961,1136200,0.0,0.0
2012-07-19 00:00:00-04:00,43.443413901537085,43.484525868545575,43.02542481071859,43.4160041809082,972600,0.0,0.0
2012-07-20 00:00:00-04:00,43.40914836547503,43.854547155597956,43.278956119623345,43.69694519042969,2464300,0.0,0.0
2012-07-23 00:00:00-04:00,43.45025823614658,43.82028156502025,43.39544141738812,43.553043365478516,1013900,0.0,0.0
2012-07-24 00:00:00-04:00,43.62157021270686,43.68324077482871,43.306366279166156,43.56675338745117,1532300,0.0,0.0
2012-07-25 00:00:00-04:00,43.696950362831195,43.79973290153266,43.354336672622956,43.498233795166016,1712200,0.0,0.0
2012-07-26 00:00:00-04:00,43.75175847914878,44.224566950376314,43.71064651743125,44.142337799072266,1393200,0.0,0.0
2012-07-27 00:00:00-04:00,44.306799354593345,44.779602632664115,44.26568216198809,44.47125244140625,1630900,0.0,0.0
2012-07-30 00:00:00-04:00,44.38903358345768,44.60830615937486,44.19717073301397,44.49867248535156,1320100,0.0,0.0
2012-07-31 00:00:00-04:00,44.53291102384791,44.683661833337815,44.169741470732205,44.19715118408203,1216400,0.0,0.0
2012-08-01 00:00:00-04:00,44.33419818964266,45.2112934057728,44.09436971283191,44.16289138793945,1069000,0.0,0.0
2012-08-02 00:00:00-04:00,43.923078484421936,44.087531608562,43.587318497840386,44.02586364746094,1248100,0.0,0.0
2012-08-03 00:00:00-04:00,44.48496001073813,44.56718917791999,43.854552079287174,44.30680465698242,2339500,0.0,0.0
2012-08-06 00:00:00-04:00,44.409573920608686,44.546622499679955,44.21771113777764,44.23141860961914,1159100,0.0,0.0
2012-08-07 00:00:00-04:00,44.368465996395315,44.409577959921705,44.03270609590165,44.060115814208984,1336800,0.0,0.0
2012-08-08 00:00:00-04:00,44.10807854496974,44.142336769645766,43.621565226537335,43.77916717529297,1365300,0.0,0.0
2012-08-09 00:00:00-04:00,43.82714562937214,43.950486775419556,43.5324976264739,43.573612213134766,972700,0.0,0.0
2012-08-10 00:00:00-04:00,43.60787422796121,43.82029567715388,43.45712335344155,43.76547622680664,1027400,0.0,0.0
2012-08-13 00:00:00-04:00,43.900361963601526,43.93495043880683,43.71358103077508,43.78276062011719,1023400,0.605,0.0
2012-08-14 00:00:00-04:00,43.789670255997045,43.955698604932536,43.62364454599264,43.72049331665039,949800,0.0,0.0
2012-08-15 00:00:00-04:00,43.7205009469283,43.734336864998546,43.32618651818664,43.360774993896484,1358500,0.0,0.0
2012-08-16 00:00:00-04:00,43.31926596022988,43.39536218790293,42.67591030308867,42.75200653076172,3376100,0.0,0.0
2012-08-17 00:00:00-04:00,42.93187206891034,42.95954126610606,42.64132306743719,42.66899490356445,1722700,0.0,0.0
2012-08-20 00:00:00-04:00,42.58598333369882,42.87652970510695,42.50988710149242,42.862693786621094,1099500,0.0,0.0
2012-08-21 00:00:00-04:00,42.82810594352488,42.93187401423827,42.468379974365234,42.468379974365234,1122000,0.0,0.0
2012-08-22 00:00:00-04:00,42.336945198640095,42.72434038906488,42.336945198640095,42.620574951171875,1262500,0.0,0.0
2012-08-23 00:00:00-04:00,42.599823680306685,42.61365696129885,42.11557703869222,42.191673278808594,890600,0.0,0.0
2012-08-24 00:00:00-04:00,42.170913718936696,42.52372304318957,42.143241881949876,42.489131927490234,635700,0.0,0.0
2012-08-27 00:00:00-04:00,42.447629270882594,42.579066545789644,42.33002527633899,42.36461639404297,864700,0.0,0.0
2012-08-28 00:00:00-04:00,42.29543682216828,42.46146521487588,42.21934058546612,42.336944580078125,684800,0.0,0.0
2012-08-29 00:00:00-04:00,42.253930492817055,42.34386000731467,42.03255842923758,42.04639434814453,918400,0.0,0.0
2012-08-30 00:00:00-04:00,41.970301934575815,42.12941369702531,41.82502873122481,42.032562255859375,772000,0.0,0.0
2012-08-31 00:00:00-04:00,42.13631244703093,42.17090091329549,41.790422506523726,41.93569564819336,1073200,0.0,0.0
2012-09-04 00:00:00-04:00,41.949545495340004,42.212422676336466,41.85961334203801,42.11557388305664,965400,0.0,0.0
2012-09-05 00:00:00-04:00,42.19167846506688,42.19167846506688,41.714348405274436,41.735103607177734,1139200,0.0,0.0
2012-09-06 00:00:00-04:00,41.95647107811928,42.26085342257892,41.92187995623779,42.2401008605957,997700,0.0,0.0
2012-09-07 00:00:00-04:00,42.24009259838296,42.253928516642816,41.880366640421435,41.942626953125,851300,0.0,0.0
2012-09-10 00:00:00-04:00,42.11556555718928,42.11556555718928,41.79734476355276,41.84577178955078,927700,0.0,0.0
2012-09-11 00:00:00-04:00,41.83886907564896,41.86654091890825,41.72126770019531,41.72126770019531,675100,0.0,0.0
2012-09-12 00:00:00-04:00,41.80426978533523,41.81810570338852,41.5483118986782,41.631324768066406,1187100,0.0,0.0
2012-09-13 00:00:00-04:00,41.53448159654124,42.191673278808594,41.53448159654124,42.191673278808594,1214300,0.0,0.0
2012-09-14 00:00:00-04:00,42.10173474390974,42.17783097250396,41.23700967157814,41.3753662109375,2213900,0.0,0.0
2012-09-17 00:00:00-04:00,41.42379572589856,41.72126139867658,41.091741573736726,41.23701477050781,2167600,0.0,0.0
2012-09-18 00:00:00-04:00,41.18166412660946,41.32693993773945,40.987966563677965,41.14707565307617,1475600,0.0,0.0
2012-09-19 00:00:00-04:00,41.24392444478658,41.35460914347941,41.064062799009996,41.13323974609375,1187000,0.0,0.0
2012-09-20 00:00:00-04:00,41.05022687161043,41.32693993773945,41.04331023247632,41.14707565307617,1418900,0.0,0.0
2012-09-21 00:00:00-04:00,41.22317059864723,41.250842432187476,40.86344467941788,40.88419723510742,2627000,0.0,0.0
2012-09-24 00:00:00-04:00,40.849610030613455,41.23700779540781,40.821938196214276,41.14707565307617,1659900,0.0,0.0
2012-09-25 00:00:00-04:00,41.2093359712447,41.38228097788546,41.07097943814582,41.13323974609375,1470800,0.0,0.0
2012-09-26 00:00:00-04:00,41.16091474142111,41.762762671848606,41.16091474142111,41.56906509399414,2433800,0.0,0.0
2012-09-27 00:00:00-04:00,41.61057729381268,41.61057729381268,41.1885909778957,41.21626281738281,1463100,0.0,0.0
2012-09-28 00:00:00-04:00,41.126327544352904,41.48605351365069,41.036395392295546,41.43070983886719,1518200,0.0,0.0
2012-10-01 00:00:00-04:00,41.47912974907218,41.520637500670944,41.0986512623433,41.14707565307617,1198500,0.0,0.0
2012-10-02 00:00:00-04:00,40.981060619884374,41.33386736429047,40.91880029570305,41.26469039916992,1553200,0.0,0.0
2012-10-03 00:00:00-04:00,41.299265611272645,41.58289529942108,41.25084122346178,41.34077072143555,1523800,0.0,0.0
2012-10-04 00:00:00-04:00,41.603643446271754,41.87343718946873,41.56213834050664,41.80426025390625,1903200,0.0,0.0
2012-10-05 00:00:00-04:00,42.00488277001478,42.00488277001478,41.56906062773621,41.658992767333984,1247300,0.0,0.0
2012-10-08 00:00:00-04:00,41.62440551172677,41.83885828326961,41.451460494365904,41.60365295410156,773400,0.0,0.0
2012-10-09 00:00:00-04:00,41.58981125920331,41.707415226917874,41.29926493708116,41.47220993041992,1191600,0.0,0.0
2012-10-10 00:00:00-04:00,41.375371325560245,41.61749332017044,41.292355808323755,41.555233001708984,1127100,0.0,0.0
2012-10-11 00:00:00-04:00,41.63132800095356,41.8596140692316,41.44454705112694,41.62440872192383,1048400,0.0,0.0
2012-10-12 00:00:00-04:00,41.742004938994675,41.90111402092569,41.320018720471396,41.389198303222656,975600,0.0,0.0
2012-10-15 00:00:00-04:00,41.45838612800721,41.47913868881358,41.091743479457705,41.38228988647461,988600,0.0,0.0
2012-10-16 00:00:00-04:00,41.43762652170263,41.49988683246777,41.20242119647118,41.3753662109375,1173000,0.0,0.0
2012-10-17 00:00:00-04:00,41.43763536299978,42.03948340285442,41.36845575909392,41.92879867553711,1207100,0.0,0.0
2012-10-18 00:00:00-04:00,41.98413464981636,42.08098608358899,41.735096022624816,42.01180648803711,901000,0.0,0.0
2012-10-19 00:00:00-04:00,41.90112428742972,42.00489236751596,41.700507406693326,41.831947326660156,2315200,0.0,0.0
2012-10-22 00:00:00-04:00,41.72125943962714,41.804272314036716,41.2992731497366,41.43762969970703,1065800,0.0,0.0
2012-10-23 00:00:00-04:00,41.236998891302115,41.40302458398531,41.057134645476054,41.299259185791016,1366100,0.0,0.0
2012-10-24 00:00:00-04:00,41.430708556263276,41.430708556263276,41.16091474737508,41.2093391418457,1141900,0.0,0.0
2012-10-25 00:00:00-04:00,41.292359640149485,41.513729095458984,41.20243011319579,41.513729095458984,1276700,0.0,0.0
2012-10-26 00:00:00-04:00,41.5690586952859,41.617483082295564,41.30618156656828,41.486045837402344,1113600,0.0,0.0
2012-10-31 00:00:00-04:00,41.27851041384887,41.894196816836946,40.82193572957616,41.769676208496094,1514300,0.0,0.0
2012-11-01 00:00:00-04:00,41.81119737138986,41.831952573369435,41.160924886228074,41.32003402709961,1384500,0.0,0.0
2012-11-02 00:00:00-04:00,41.49296432875311,41.54830799576747,40.88419718625158,40.95337677001953,1045300,0.0,0.0
2012-11-05 00:00:00-05:00,40.88420617009527,40.93263056990791,39.964139934723285,40.12324905395508,3104300,0.0,0.0
2012-11-06 00:00:00-05:00,40.19933895528901,40.61440592793594,39.901873323950504,39.95721435546875,2114600,0.0,0.0
2012-11-07 00:00:00-05:00,39.76352061781921,39.8050283746556,38.60132981571746,38.91954803466797,3708600,0.0,0.0
2012-11-08 00:00:00-05:00,38.99564681037574,39.735851369133925,38.99564681037574,39.030235290527344,2164500,0.0,0.0
2012-11-09 00:00:00-05:00,39.09667074194273,39.26449879821421,38.83094409765308,38.9777946472168,2030800,0.605,0.0
2012-11-12 00:00:00-05:00,38.82394389082019,38.98477763089716,38.36941178416309,38.54423141479492,1902400,0.0,0.0
2012-11-13 00:00:00-05:00,38.36242866311414,38.95681447179883,38.36242866311414,38.59318923950195,1690900,0.0,0.0
2012-11-14 00:00:00-05:00,38.656118179863114,38.74003352820282,38.36242246328223,38.62115478515625,1896400,0.0,0.0
2012-11-15 00:00:00-05:00,38.607165814172234,38.80995722184634,37.90089569430124,38.061729431152344,2821300,0.0,0.0
2012-11-16 00:00:00-05:00,38.012786651044365,38.4533329336659,38.012786651044365,38.44633865356445,2109700,0.0,0.0
2012-11-19 00:00:00-05:00,38.586201088463135,38.64913628176764,38.068733647122045,38.2855110168457,1479500,0.0,0.0
2012-11-20 00:00:00-05:00,38.320461732387955,38.320461732387955,37.87991552512184,38.061729431152344,1152100,0.0,0.0
2012-11-21 00:00:00-05:00,38.07572984368258,38.145656654188834,37.502321461413466,37.907901763916016,1640500,0.0,0.0
2012-11-23 00:00:00-05:00,37.94984185856256,37.956833469357385,37.537267465741905,37.830963134765625,764700,0.0,0.0
2012-11-26 00:00:00-05:00,37.76104550506959,38.61416627564758,37.74705961255596,38.37641143798828,2268600,0.0,0.0
2012-11-27 00:00:00-05:00,38.43934140347463,38.64213014855887,38.23654999085452,38.34843444824219,1482100,0.0,0.0
2012-11-28 00:00:00-05:00,38.320470364251456,38.76800828369682,38.11068729795349,38.719058990478516,1831800,0.0,0.0
2012-11-29 00:00:00-05:00,38.78198744739427,38.79597333839206,38.460319957053,38.768001556396484,1087900,0.0,0.0
2012-11-30 00:00:00-05:00,38.77500150102771,39.01275634765625,38.60717345206907,39.01275634765625,2118500,0.0,0.0
2012-12-03 00:00:00-05:00,39.0197640154006,39.0197640154006,38.44635550245763,38.649147033691406,1398300,0.0,0.0
2012-12-04 00:00:00-05:00,38.65611165018884,38.809953761955725,38.600170761614436,38.71205520629883,1826100,0.0,0.0
2012-12-05 00:00:00-05:00,38.71206796816823,39.383374857578474,38.66311867420309,39.21554946899414,1703200,0.0,0.0
2012-12-06 00:00:00-05:00,39.20855089035062,39.404348044747806,39.0337312403428,39.23652267456055,1689100,0.0,0.0
2012-12-07 00:00:00-05:00,39.229529429050025,39.36938568625091,38.9917745920694,39.180580139160156,1581200,0.0,0.0
2012-12-10 00:00:00-05:00,39.166591824685185,39.320433964846416,39.082679142568175,39.20854949951172,1079900,0.0,0.0
2012-12-11 00:00:00-05:00,39.31344404291505,39.74699603128361,39.21554546498049,39.41134262084961,1802500,0.0,0.0
2012-12-12 00:00:00-05:00,39.44630341171016,39.72601590236159,39.341410560831875,39.39735412597656,2241300,0.0,0.0
2012-12-13 00:00:00-05:00,39.3344137097877,39.43930654669473,38.99176608775564,39.131622314453125,1205500,0.0,0.0
2012-12-14 00:00:00-05:00,39.005767762699236,39.257508539126334,38.88689165579573,39.24352264404297,1761100,0.0,0.0
2012-12-17 00:00:00-05:00,39.45330120907754,39.86587573032707,39.33442511581168,39.84489822387695,2676700,0.0,0.0
2012-12-18 00:00:00-05:00,39.84488951758596,40.250472337242556,39.78195434445083,39.991737365722656,2088200,0.0,0.0
2012-12-19 00:00:00-05:00,39.956780488237236,39.98475227364373,39.383372225085445,39.43931579589844,1650800,0.0,0.0
2012-12-20 00:00:00-05:00,39.474279436412736,39.54420623282232,39.250510486858516,39.46728515625,1434500,0.0,0.0
2012-12-21 00:00:00-05:00,39.2854641367452,39.446297862606905,38.935824906384376,39.194557189941406,4522400,0.0,0.0
2012-12-24 00:00:00-05:00,39.16659521673672,39.23652468083724,38.85192196466143,39.13862609863281,756000,0.0,0.0
2012-12-26 00:00:00-05:00,39.194572237587586,39.292470832868304,38.75402589128767,38.78199768066406,947300,0.0,0.0
2012-12-27 00:00:00-05:00,38.70507139984607,38.8659078334095,38.41137565341469,38.75402069091797,1355500,0.0,0.0
2012-12-28 00:00:00-05:00,38.600171010819984,38.84491740154233,38.39737961991541,38.4113655090332,1645100,0.0,0.0
2012-12-31 00:00:00-05:00,38.32046526890686,38.87289598181455,38.11767384251755,38.83793258666992,1942000,0.0,0.0
2013-01-02 00:00:00-05:00,39.29946343572817,39.60714510311924,39.26450003426909,39.572181701660156,1789700,0.0,0.0
2013-01-03 00:00:00-05:00,39.5581912668641,39.75398842658952,39.474278579486956,39.565185546875,1358700,0.0,0.0
2013-01-04 00:00:00-05:00,39.64210134611058,39.81692098937405,39.56518294380495,39.7889518737793,1520700,0.0,0.0
2013-01-07 00:00:00-05:00,39.68405512010915,39.76097618238998,39.369379259658395,39.40434265136719,1310400,0.0,0.0
2013-01-08 00:00:00-05:00,39.32043639636104,39.42532925614576,39.033732269490535,39.180580139160156,2091300,0.0,0.0
2013-01-09 00:00:00-05:00,39.27847768333928,39.27847768333928,39.01275373595343,39.23652267456055,1756800,0.0,0.0
2013-01-10 00:00:00-05:00,39.383367926917586,39.44630310344553,39.06869204427786,39.2225341796875,1928500,0.0,0.0
2013-01-11 00:00:00-05:00,39.30645513485468,39.33442692309765,38.96381006525616,39.09667205810547,1531600,0.0,0.0
2013-01-14 00:00:00-05:00,39.15960592960248,39.201563610554466,38.956814472972574,38.9777946472168,1388800,0.0,0.0
2013-01-15 00:00:00-05:00,38.57220779305818,38.74702744452555,38.425359926034275,38.69807815551758,3054400,0.0,0.0
2013-01-16 00:00:00-05:00,38.78198750188349,38.99177053207316,38.59318197445201,38.67709732055664,1802900,0.0,0.0
2013-01-17 00:00:00-05:00,38.83793423079947,38.85891173526707,38.62815118351489,38.65612030029297,1484800,0.0,0.0
2013-01-18 00:00:00-05:00,38.628151769049445,39.005760192871094,38.57919981198939,39.005760192871094,2388000,0.0,0.0
2013-01-22 00:00:00-05:00,38.97779136713192,39.22253781658129,38.87989011981594,39.180580139160156,1544200,0.0,0.0
2013-01-23 00:00:00-05:00,39.20855501394099,39.215549294497144,38.92884247749646,39.17359161376953,1656200,0.0,0.0
2013-01-24 00:00:00-05:00,39.24351198936468,39.48826108556868,39.1386218060224,39.39735412597656,1691000,0.0,0.0
2013-01-25 00:00:00-05:00,39.39035624101215,39.55118996388563,39.17357896190324,39.5162239074707,1734400,0.0,0.0
2013-01-28 00:00:00-05:00,39.4323148005305,39.53021336524502,39.15959660810124,39.488258361816406,1505000,0.0,0.0
2013-01-29 00:00:00-05:00,39.41833145951595,39.90083537043659,39.37637645337397,39.83090591430664,1359300,0.0,0.0
2013-01-30 00:00:00-05:00,39.88685391665616,39.88685391665616,39.61413567624923,39.705039978027344,965300,0.0,0.0
2013-01-31 00:00:00-05:00,39.65608844544502,39.88685166199825,39.614133437007084,39.774967193603516,1417900,0.0,0.0
2013-02-01 00:00:00-05:00,39.93580610057466,39.93580610057466,39.62113015902681,39.89384841918945,1844900,0.0,0.0
2013-02-04 00:00:00-05:00,39.75399204747705,39.872870810663976,39.71902864684671,39.760986328125,1327800,0.0,0.0
2013-02-05 00:00:00-05:00,39.85887422330339,40.0197079570826,39.64909120826684,39.67706298828125,1610300,0.0,0.0
2013-02-06 00:00:00-05:00,39.635112632520986,39.79594639598045,39.467284588999306,39.74000549316406,1445900,0.0,0.0
2013-02-07 00:00:00-05:00,39.8169249162237,40.061674041451994,39.65609114866379,39.921817779541016,1817000,0.0,0.0
2013-02-08 00:00:00-05:00,39.94278402340389,39.99872757940964,39.76097280145635,39.96376419067383,1482500,0.0,0.0
2013-02-11 00:00:00-05:00,39.98144551214615,40.115752788608404,39.93196374205195,40.00265121459961,845600,0.615,0.0
2013-02-12 00:00:00-05:00,40.094550711432504,40.094550711432504,39.790589698196335,39.981449127197266,1568200,0.0,0.0
2013-02-13 00:00:00-05:00,39.995576121466634,40.14402140419291,39.91781829816608,40.02384948730469,1193600,0.0,0.0
2013-02-14 00:00:00-05:00,39.91075629136594,40.12282141060205,39.769378646357104,39.84006881713867,1558800,0.0,0.0
2013-02-15 00:00:00-05:00,39.93903044664993,40.10161378682855,39.7976528084129,39.995582580566406,1701000,0.0,0.0
2013-02-19 00:00:00-05:00,40.0450677883075,40.3631641309644,40.00972135329727,40.292476654052734,1299100,0.0,0.0
2013-02-20 00:00:00-05:00,40.29246962466353,40.70953213741256,40.22178216008394,40.42677688598633,1365300,0.0,0.0
2013-02-21 00:00:00-05:00,40.32781051368789,40.61763341251688,40.32781051368789,40.57522201538086,1707000,0.0,0.0
2013-02-22 00:00:00-05:00,40.681265011304575,41.34573918918598,40.65298894063845,41.33866882324219,2490600,0.0,0.0
2013-02-25 00:00:00-05:00,41.416416292528794,41.69917153523749,40.9428016654748,40.956939697265625,2322000,0.0,0.0
2013-02-26 00:00:00-05:00,41.14781015760614,41.50832332392884,41.05591697106116,41.15488052368164,1697400,0.0,0.0
2013-02-27 00:00:00-05:00,41.12659780664888,41.508316616405224,41.11952744171592,41.40228271484375,1205500,0.0,0.0
2013-02-28 00:00:00-05:00,41.4659042391858,41.847623064800786,41.359870333219106,41.70624542236328,1682400,0.0,0.0
2013-03-01 00:00:00-05:00,41.67090473114091,41.73452454005931,41.388149425602556,41.72038650512695,1341700,0.0,0.0
2013-03-04 00:00:00-05:00,41.699167898639764,42.03847254236703,41.56485795661712,41.988990783691406,1354000,0.0,0.0
2013-03-05 00:00:00-05:00,42.059689317951616,42.34244461047554,41.99606951196145,42.116241455078125,1473300,0.0,0.0
2013-03-06 00:00:00-05:00,42.11623475690891,42.264680048425774,41.88296127319336,41.88296127319336,1389500,0.0,0.0
2013-03-07 00:00:00-05:00,41.918303636941964,42.08795731924858,41.692100524902344,41.692100524902344,1186400,0.0,0.0
2013-03-08 00:00:00-05:00,41.72745551188222,41.776937287454395,41.23263775616047,41.67090606689453,1263700,0.0,0.0
2013-03-11 00:00:00-04:00,41.649688915409484,41.74865514231667,41.529519684710266,41.74158477783203,888800,0.0,0.0
2013-03-12 00:00:00-04:00,41.76278971562808,41.79813344546196,41.43762039011674,41.614341735839844,1164000,0.0,0.0
2013-03-13 00:00:00-04:00,41.62142468668151,41.70625020324606,41.49418506355741,41.54366683959961,1057200,0.0,0.0
2013-03-14 00:00:00-04:00,41.5577936300372,41.57899932930167,41.35986388287147,41.56486129760742,1438400,0.0,0.0
2013-03-15 00:00:00-04:00,41.51539113579792,41.826419830322266,41.42349525238327,41.826419830322266,2843000,0.0,0.0
2013-03-18 00:00:00-04:00,41.543663041008664,41.73452245824337,41.437629132582394,41.47297286987305,1199900,0.0,0.0
2013-03-19 00:00:00-04:00,41.55072746996479,41.72744883919269,41.423487868396386,41.6779670715332,1017600,0.0,0.0
2013-03-20 00:00:00-04:00,41.812291155012026,41.88297864794774,41.65677543468745,41.819358825683594,822300,0.0,0.0
2013-03-21 00:00:00-04:00,41.72744940471104,41.81934527299013,41.5507280330881,41.64262390136719,1009400,0.0,0.0
2013-03-22 00:00:00-04:00,41.64969119483211,41.95365216701174,41.60020942694743,41.76986312866211,889100,0.0,0.0
2013-03-25 00:00:00-04:00,41.87589417357249,42.045545167163695,41.60020659001742,41.77692794799805,1470700,0.0,0.0
2013-03-26 00:00:00-04:00,41.90417327144737,42.201066595660066,41.847623831369035,42.17279052734375,1171100,0.0,0.0
2013-03-27 00:00:00-04:00,42.03141004702702,42.54036845617096,41.88296474321141,42.49088668823242,1537300,0.0,0.0
2013-03-28 00:00:00-04:00,42.561574213402736,43.21191025888823,42.44847264417319,43.14122009277344,2158900,0.0,0.0
2013-04-01 00:00:00-04:00,43.07052801186728,43.120009774572814,42.858462929335886,42.91501235961914,1182000,0.0,0.0
2013-04-02 00:00:00-04:00,42.950364881357416,43.27553428411608,42.72416172081927,42.773643493652344,1686900,0.0,0.0
2013-04-03 00:00:00-04:00,42.78777637374557,43.07759930680565,42.780708705572714,42.8938102722168,1442700,0.0,0.0
2013-04-04 00:00:00-04:00,42.95743370827466,43.31794413979622,42.90795193721394,43.28260040283203,1325800,0.0,0.0
2013-04-05 00:00:00-04:00,43.056397996075916,43.35329132413631,43.02105425849962,43.33915328979492,1019500,0.0,0.0
2013-04-08 00:00:00-04:00,43.261392991931,43.459320068359375,43.056395550456365,43.459320068359375,1027500,0.0,0.0
2013-04-09 00:00:00-04:00,43.438120260873376,43.66432343507416,43.226055122129466,43.46639633178711,1650500,0.0,0.0
2013-04-10 00:00:00-04:00,43.40983507831971,43.72793406794449,43.40983507831971,43.66431427001953,1298000,0.0,0.0
2013-04-11 00:00:00-04:00,43.685521501056016,43.80569343314863,43.5512142325328,43.63603973388672,1044000,0.0,0.0
2013-04-12 00:00:00-04:00,43.57243095652863,43.911735744334486,43.53001954339962,43.76329040527344,1317500,0.0,0.0
2013-04-15 00:00:00-04:00,43.71379175815173,43.91171880052752,43.31086730957031,43.31086730957031,1402500,0.0,0.0
2013-04-16 00:00:00-04:00,43.395699701597664,43.57242107369836,43.01398089068717,43.49466323852539,1316000,0.0,0.0
2013-04-17 00:00:00-04:00,43.38863144352208,43.515871045429655,43.134152239706935,43.360355377197266,1567900,0.0,0.0
2013-04-18 00:00:00-04:00,43.530015593873294,43.650184848908744,43.21898421085542,43.43104934692383,1457500,0.0,0.0
2013-04-19 00:00:00-04:00,43.56535851753212,44.21569194883091,43.501738708248155,44.16621017456055,1429600,0.0,0.0
2013-04-22 00:00:00-04:00,44.145003524340595,44.25103473983877,43.91172999644669,44.08845138549805,957900,0.0,0.0
2013-04-23 00:00:00-04:00,44.1520561240674,44.23688430337887,43.81982185970131,44.18033218383789,1001200,0.0,0.0
2013-04-24 00:00:00-04:00,44.2581066059528,44.53379155077076,43.97535129526261,44.37120819091797,1077200,0.0,0.0
2013-04-25 00:00:00-04:00,44.40654620430743,44.56912954319479,44.222757163646904,44.52671813964844,1179600,0.0,0.0
2013-04-26 00:00:00-04:00,44.46309891510435,44.69636972730061,44.37120304530379,44.420684814453125,919400,0.0,0.0
2013-04-29 00:00:00-04:00,44.56205207778023,45.10635410824431,44.448950532265194,44.9791145324707,1051000,0.0,0.0
2013-04-30 00:00:00-04:00,44.887221729378126,44.993255615234375,44.75998214497213,44.993255615234375,1174700,0.0,0.0
2013-05-01 00:00:00-04:00,44.96498813911081,45.261878761715224,44.71757659038622,44.75999069213867,1202700,0.0,0.0
2013-05-02 00:00:00-04:00,44.75997910829315,45.021525926692874,44.54084368411559,44.9791145324707,1577600,0.0,0.0
2013-05-03 00:00:00-04:00,45.11344110202523,45.20533698979805,44.5479331321823,45.00033950805664,2068700,0.0,0.0
2013-05-06 00:00:00-04:00,44.90842903036424,45.00739255586599,44.32171554493793,44.335853576660156,2116400,0.0,0.0
2013-05-07 00:00:00-04:00,44.47722473481039,44.675154465608664,44.321711792141116,44.57619094848633,1977800,0.0,0.0
2013-05-08 00:00:00-04:00,44.47722460972775,44.64687827899864,43.961198631502775,44.024818420410156,1309800,0.0,0.0
2013-05-09 00:00:00-04:00,44.05309992259183,44.166201483890944,43.296732725800126,43.4381103515625,4392000,0.0,0.0
2013-05-10 00:00:00-04:00,43.44517613433781,43.530004324046935,43.21190535402222,43.52293395996094,4312300,0.0,0.0
2013-05-13 00:00:00-04:00,43.376558785754824,43.46224011453058,43.09095072482185,43.15521240234375,1582200,0.615,0.0
2013-05-14 00:00:00-04:00,43.090959301990694,43.42654843182123,42.99099727789501,43.17664337158203,1953700,0.0,0.0
2013-05-15 00:00:00-04:00,43.10524336760627,43.73357964184838,43.06240405320502,43.3337287902832,1738300,0.0,0.0
2013-05-16 00:00:00-04:00,43.240903671342174,43.32658501441727,42.89817557528101,42.95529556274414,1425200,0.0,0.0
2013-05-17 00:00:00-04:00,42.933876994522876,43.41226745620718,42.933876994522876,43.405128479003906,1766900,0.0,0.0
2013-05-20 00:00:00-04:00,43.40511930018026,43.59790432903098,43.21233427132954,43.48366165161133,1315400,0.0,0.0
2013-05-21 00:00:00-04:00,43.51223458813011,43.690739000538564,43.15522576331321,43.46225357055664,1240400,0.0,0.0
2013-05-22 00:00:00-04:00,43.39798698663953,43.66931442560275,42.46976469138322,42.56258773803711,2024400,0.0,0.0
2013-05-23 00:00:00-04:00,42.39836280102922,42.44120211074085,41.66292287377038,42.13417434692383,1982700,0.0,0.0
2013-05-24 00:00:00-04:00,41.96281208129534,42.105616137207775,41.67720396947048,41.88426971435547,1389600,0.0,0.0
2013-05-28 00:00:00-04:00,41.89140967064965,42.04135543093106,41.63436563251199,41.812870025634766,2261100,0.0,0.0
2013-05-29 00:00:00-04:00,41.61294629246246,41.684349689183186,40.59190087132522,41.227378845214844,2906100,0.0,0.0
2013-05-30 00:00:00-04:00,41.355902511961,41.755753391321086,41.06315537357132,41.184539794921875,2489100,0.0,0.0
2013-05-31 00:00:00-04:00,41.077432741501,41.555825962493984,40.748985290527344,40.748985290527344,2352000,0.0,0.0
2013-06-03 00:00:00-04:00,40.70613874028115,40.93462685884751,39.86360054928596,40.68471908569336,3715700,0.0,0.0
2013-06-04 00:00:00-04:00,40.66329771195627,40.734698373404086,40.149204233497954,40.3348503112793,2306200,0.0,0.0
2013-06-05 00:00:00-04:00,40.23489423591514,40.83466918201471,39.98498914327417,40.69186782836914,3124700,0.0,0.0
2013-06-06 00:00:00-04:00,40.68471596428099,41.220229077976136,40.38482992801677,40.93462371826172,2293700,0.0,0.0
2013-06-07 00:00:00-04:00,40.99175798424559,41.23452412266281,40.61332945697462,41.006038665771484,1433800,0.0,0.0
2013-06-10 00:00:00-04:00,41.055996896670756,41.19880090888943,40.79181124451019,40.984596252441406,1211300,0.0,0.0
2013-06-11 00:00:00-04:00,40.7846918128047,41.16312306035803,40.70614942701511,40.806114196777344,1255600,0.0,0.0
2013-06-12 00:00:00-04:00,40.93463712745957,41.063157810986965,40.406262817076396,40.534786224365234,1409700,0.0,0.0
2013-06-13 00:00:00-04:00,40.52764532889476,41.11314237584812,40.342001916759415,41.09886169433594,2033200,0.0,0.0
2013-06-14 00:00:00-04:00,41.30591596319533,41.4987010368786,41.09171123368978,41.28449630737305,2058600,0.0,0.0
2013-06-17 00:00:00-04:00,41.59866469958429,41.91283419073397,41.58438674431478,41.820011138916016,2537300,0.0,0.0
2013-06-18 00:00:00-04:00,41.76288787593372,42.09133529663086,41.505841121036546,42.09133529663086,1984100,0.0,0.0
2013-06-19 00:00:00-04:00,41.99136277223067,42.09132476885271,40.891775361868106,40.8989143371582,1736900,0.0,0.0
2013-06-20 00:00:00-04:00,40.69899835813456,40.820380028288795,39.7707761333152,39.82789611816406,2500300,0.0,0.0
2013-06-21 00:00:00-04:00,40.1491965078768,40.58474754067618,39.69936480078366,40.2634391784668,3246400,0.0,0.0
2013-06-24 00:00:00-04:00,39.97070070592936,40.45623284062712,39.57084991154276,40.192047119140625,2418200,0.0,0.0
2013-06-25 00:00:00-04:00,40.341984841277025,40.87749791439132,40.09207982999449,40.72041320800781,1726200,0.0,0.0
2013-06-26 00:00:00-04:00,41.03457221215242,41.562943451628755,40.98459122257384,41.49154281616211,1947900,0.0,0.0
2013-06-27 00:00:00-04:00,41.59152476680987,41.92711390691811,41.341619698917114,41.44158172607422,1796100,0.0,0.0
2013-06-28 00:00:00-04:00,41.27734873629038,41.70575810610888,41.077422003116105,41.63435745239258,5112000,0.0,0.0
2013-07-01 00:00:00-04:00,41.78430387461269,41.89854656415239,40.9489019942982,41.06314468383789,1699600,0.0,0.0
2013-07-02 00:00:00-04:00,41.00603862638752,41.39160885593188,40.92749623995128,41.09886169433594,1531700,0.0,0.0
2013-07-03 00:00:00-04:00,40.998896827960344,41.12028125864951,40.827534097737555,41.02745819091797,725500,0.0,0.0
2013-07-05 00:00:00-04:00,41.02744092106542,41.02744092106542,40.38482686758596,40.813236236572266,1236100,0.0,0.0
2013-07-08 00:00:00-04:00,40.998876107730354,41.22736417215537,40.81323278985016,41.22022247314453,1937800,0.0,0.0
2013-07-09 00:00:00-04:00,41.32018602899106,41.434428703636,41.113123053782246,41.327327728271484,1632900,0.0,0.0
2013-07-10 00:00:00-04:00,41.32018602899106,41.49155140283858,40.90605735481322,41.327327728271484,1652800,0.0,0.0
2013-07-11 00:00:00-04:00,41.627220695813854,41.99851013150037,41.627220695813854,41.991371154785156,1582700,0.0,0.0
2013-07-12 00:00:00-04:00,41.95567076980334,42.3269602291171,41.67006537908872,42.269840240478516,1764200,0.0,0.0
2013-07-15 00:00:00-04:00,42.17701411284656,42.933873654270414,42.13417208167744,42.87675094604492,1591700,0.0,0.0
2013-07-16 00:00:00-04:00,42.876758304256455,42.941020000157955,42.448348814087204,42.65541458129883,1336300,0.0,0.0
2013-07-17 00:00:00-04:00,42.89817288351328,43.01241557503185,42.51260277822787,42.67682647705078,1266900,0.0,0.0
2013-07-18 00:00:00-04:00,42.748230534400534,43.11951999227685,42.70539122402766,42.926734924316406,1625000,0.0,0.0
2013-07-19 00:00:00-04:00,43.040976616825844,43.26946201266581,42.89103358651101,43.183780670166016,2353400,0.0,0.0
2013-07-22 00:00:00-04:00,42.96956873460153,43.155212066129415,42.826764705247605,42.933868408203125,1409200,0.0,0.0
2013-07-23 00:00:00-04:00,42.955293989675155,43.25518276509692,42.81963164112763,43.12665939331055,1153000,0.0,0.0
2013-07-24 00:00:00-04:00,43.09096850250322,43.19093327170363,42.434073504612165,42.57687759399414,1031400,0.0,0.0
2013-07-25 00:00:00-04:00,42.51974488935937,42.726810634176864,42.22699780052667,42.42692184448242,1842900,0.0,0.0
2013-07-26 00:00:00-04:00,42.326956565846835,42.80534970762562,42.162732867552805,42.79106903076172,1164800,0.0,0.0
2013-07-29 00:00:00-04:00,42.669685903330496,43.17664041385494,42.541165255269284,43.033836364746094,1434600,0.0,0.0
2013-07-30 00:00:00-04:00,43.1980675932733,43.348010645266285,42.90532046729413,43.05526351928711,1077800,0.0,0.0
2013-07-31 00:00:00-04:00,43.01242707455847,43.15522843431467,42.57687584552254,42.76966094970703,1573900,0.0,0.0
2013-08-01 00:00:00-04:00,42.94100654940014,43.169491902421576,42.7125211963787,43.0766716003418,1333800,0.0,0.0
2013-08-02 00:00:00-04:00,43.17663943828822,43.31230178380798,42.61970393172361,43.1052360534668,1404700,0.0,0.0
2013-08-05 00:00:00-04:00,42.976707583178104,43.033830284254734,42.76964460117609,42.862464904785156,940400,0.0,0.0
2013-08-06 00:00:00-04:00,42.89818041969209,42.912458375349665,42.58401092000353,42.6982536315918,1194800,0.0,0.0
2013-08-07 00:00:00-04:00,42.51974495558753,43.26946284535017,42.48404462250565,43.22662353515625,1368600,0.0,0.0
2013-08-08 00:00:00-04:00,43.25518630951909,43.44796865923496,43.06240123604231,43.262325286865234,5873600,0.0,0.0
2013-08-09 00:00:00-04:00,43.1980675932733,43.38371098282254,43.01956318173085,43.05526351928711,4529100,0.0,0.0
2013-08-12 00:00:00-04:00,42.92901555352984,43.05886324498466,42.51061957692947,42.763099670410156,1800200,0.615,0.0
2013-08-13 00:00:00-04:00,42.74867288851249,42.7631007158965,42.29420870913636,42.3519172668457,1598000,0.0,0.0
2013-08-14 00:00:00-04:00,42.279782540782186,42.33749110075596,41.78924739778442,42.012874603271484,1273400,0.0,0.0
2013-08-15 00:00:00-04:00,41.83974309718592,42.02729935543848,41.28428410860751,41.39970397949219,1765200,0.0,0.0
2013-08-16 00:00:00-04:00,41.277071850387856,41.457415571856764,40.69275720217095,40.858673095703125,2017400,0.0,0.0
2013-08-19 00:00:00-04:00,40.837038065312086,40.952457952059405,40.38257105732013,40.46913528442383,1370000,0.0,0.0
2013-08-20 00:00:00-04:00,40.46912670610099,41.161648631616785,40.46912670610099,40.69996643066406,1455900,0.0,0.0
2013-08-21 00:00:00-04:00,40.613400516148225,40.64225616846332,40.137293260255056,40.20221710205078,1228800,0.0,0.0
2013-08-22 00:00:00-04:00,40.29598805658001,40.6206071967649,40.151712577406066,40.433048248291016,3118800,0.0,0.0
2013-08-23 00:00:00-04:00,40.497985882208106,40.99573631745147,40.39699383790563,40.82260513305664,2175500,0.0,0.0
2013-08-26 00:00:00-04:00,40.79374749349934,40.94523555258722,40.54126739501953,40.54126739501953,1960700,0.0,0.0
2013-08-27 00:00:00-04:00,40.31042930712904,40.8658882982859,40.252717995505414,40.62062072753906,1735100,0.0,0.0
2013-08-28 00:00:00-04:00,40.526852562903656,40.85147190205951,40.41143265918464,40.71440887451172,1445300,0.0,0.0
2013-08-29 00:00:00-04:00,40.57733558739855,40.73603893605825,40.41141970099372,40.54126739501953,1069300,0.0,0.0
2013-08-30 00:00:00-04:00,40.55569563478894,40.728824060699615,40.30321278191469,40.56290817260742,1441300,0.0,0.0
2013-09-03 00:00:00-04:00,40.764887982894464,40.8442396497184,39.94973645529286,40.03630065917969,1506200,0.0,0.0
2013-09-04 00:00:00-04:00,40.151722824464635,40.25993014941698,39.769395046132416,40.101226806640625,1614400,0.0,0.0
2013-09-05 00:00:00-04:00,40.072380900398116,40.20222862119484,39.78383255004883,39.78383255004883,1614000,0.0,0.0
2013-09-06 00:00:00-04:00,39.99301948168828,40.51962277601477,39.99301948168828,40.101226806640625,2581300,0.0,0.0
2013-09-09 00:00:00-04:00,40.10122947565675,40.3464970436233,39.99302214350246,40.27436065673828,1232700,0.0,0.0
2013-09-10 00:00:00-04:00,40.360927815213884,40.44027949767123,40.122872767841855,40.324859619140625,2190500,0.0,0.0
2013-09-11 00:00:00-04:00,40.06515259774962,40.158929330007894,39.480838084059755,39.67560958862305,2877100,0.0,0.0
2013-09-12 00:00:00-04:00,39.68282327046083,39.85595441901212,39.32213590015302,39.4087028503418,1977500,0.0,0.0
2013-09-13 00:00:00-04:00,39.48085057941713,39.77661419806597,39.40149889483355,39.58905792236328,1377500,0.0,0.0
2013-09-16 00:00:00-04:00,40.15171077782457,40.303198785845936,39.67560364416759,39.75495529174805,2208800,0.0,0.0
2013-09-17 00:00:00-04:00,39.89926000777997,40.02910775320339,39.75498442932864,39.87761688232422,1401500,0.0,0.0
2013-09-18 00:00:00-04:00,40.05073820403062,41.32035692582591,39.791042777524815,41.11116027832031,2683600,0.0,0.0
2013-09-19 00:00:00-04:00,41.16886753418788,41.356426559285424,40.69276018468745,40.81539535522461,1404400,0.0,0.0
2013-09-20 00:00:00-04:00,40.80096607564835,40.88031500455485,40.166155381607965,40.3753547668457,3063800,0.0,0.0
2013-09-23 00:00:00-04:00,40.281579703120656,40.923603006342134,40.06516775567245,40.685550689697266,1464200,0.0,0.0
2013-09-24 00:00:00-04:00,40.56290477203011,40.72160810899898,40.411416724101535,40.58454513549805,1519200,0.0,0.0
2013-09-25 00:00:00-04:00,40.54847644576972,40.67111159150431,40.22385723862105,40.238285064697266,1069600,0.0,0.0
2013-09-26 00:00:00-04:00,40.21663497350691,40.39697862809663,39.91365895467256,40.13728332519531,1348900,0.0,0.0
2013-09-27 00:00:00-04:00,40.01467233105916,40.18058825167114,39.697265568299514,39.78383255004883,1086600,0.0,0.0
2013-09-30 00:00:00-04:00,39.67561547795791,39.942523393389095,39.545767788974835,39.776607513427734,1854400,0.0,0.0
2013-10-01 00:00:00-04:00,39.805459764993316,39.98580345629835,39.63232861053689,39.79824447631836,1188600,0.0,0.0
2013-10-02 00:00:00-04:00,39.73332105767075,39.87038126436247,39.48083825356346,39.81988525390625,1553800,0.0,0.0
2013-10-03 00:00:00-04:00,39.66839819725561,39.67561073385822,39.2283591651879,39.4087028503418,2152400,0.0,0.0
2013-10-04 00:00:00-04:00,39.4014914094989,39.50969873188827,39.228362995867734,39.322139739990234,1642600,0.0,0.0
2013-10-07 00:00:00-04:00,39.18507334244969,39.85595203117483,39.18507334244969,39.52412033081055,1959400,0.0,0.0
2013-10-08 00:00:00-04:00,39.69003606254879,40.38255510954486,39.63954005402779,39.97858428955078,3271400,0.0,0.0
2013-10-09 00:00:00-04:00,40.03630562672953,40.77210833062917,39.9785943157601,40.27436065673828,2633600,0.0,0.0
2013-10-10 00:00:00-04:00,40.360924961011264,40.57733687397377,39.610694427702924,40.512413024902344,2882900,0.0,0.0
2013-10-11 00:00:00-04:00,40.51962129326773,40.613400788006295,40.324852518403276,40.58454513549805,1934900,0.0,0.0
2013-10-14 00:00:00-04:00,40.39698919764427,40.51962159397468,39.892026282308414,40.368133544921875,1960100,0.0,0.0
2013-10-15 00:00:00-04:00,40.24550198551285,40.36813438439345,39.87038674780059,39.89924240112305,1651300,0.0,0.0
2013-10-16 00:00:00-04:00,40.07959120814803,40.29600313195917,39.855963994174616,40.288787841796875,2237100,0.0,0.0
2013-10-17 00:00:00-04:00,40.15893645700793,40.97409080555083,39.935312015354214,40.93802261352539,1696400,0.0,0.0
2013-10-18 00:00:00-04:00,41.06065285877283,41.161647643693456,40.78653241232498,41.017372131347656,3309100,0.0,0.0
2013-10-21 00:00:00-04:00,40.85866377060286,41.05343527555614,40.642251904596826,40.86587905883789,1691100,0.0,0.0
2013-10-22 00:00:00-04:00,40.90194824141196,41.933514338069465,40.90194824141196,41.73874282836914,3015200,0.0,0.0
2013-10-23 00:00:00-04:00,41.97678903074815,42.7342345991529,41.83972884072033,42.09220886230469,3040900,0.0,0.0
2013-10-24 00:00:00-04:00,42.25092753163828,42.33749174883744,41.77482020930265,41.99844741821289,1339900,0.0,0.0
2013-10-25 00:00:00-04:00,41.94795020124931,42.26535415649414,41.67382697745842,42.26535415649414,1367600,0.0,0.0
2013-10-28 00:00:00-04:00,42.157131832639294,42.416827136319284,42.0056438227679,42.142704010009766,6990800,0.0,0.0
2013-10-29 00:00:00-04:00,42.14271798408872,42.29420879601866,41.94073390395108,42.171573638916016,1437600,0.0,0.0
2013-10-30 00:00:00-04:00,42.14271553060306,42.47455003814462,41.94794675142474,41.962371826171875,1250500,0.0,0.0
2013-10-31 00:00:00-04:00,42.00565995638497,42.14993548626813,41.41413276050818,41.99844741821289,1988200,0.0,0.0
2013-11-01 00:00:00-04:00,42.14992968775845,42.31584556115986,41.926302509612306,42.135501861572266,1283000,0.0,0.0
2013-11-04 00:00:00-05:00,42.31585376282048,42.38077761732862,41.92631063577166,42.30142593383789,1681300,0.0,0.0
2013-11-05 00:00:00-05:00,42.19320362276428,42.7053789533073,42.077783791207736,42.09220886230469,2113100,0.0,0.0
2013-11-06 00:00:00-05:00,42.25091928079136,42.438478258560615,42.135499429789625,42.4312629699707,2308800,0.0,0.0
2013-11-07 00:00:00-05:00,42.481767362111725,42.65489854867674,42.08501171802435,42.23649978637695,7001800,0.0,0.0
2013-11-08 00:00:00-05:00,42.00685783911787,42.01414972253525,41.0007948485366,41.7516975402832,3434300,0.615,0.0
2013-11-11 00:00:00-05:00,41.73711341565247,41.8318884256801,41.445499283739075,41.66421127319336,1605000,0.0,0.0
2013-11-12 00:00:00-05:00,41.518395125845565,41.62774831561522,41.088265904927376,41.430912017822266,1673200,0.0,0.0
2013-11-13 00:00:00-05:00,41.2340756045784,41.67149395400977,41.05181749547565,41.64962387084961,1736000,0.0,0.0
2013-11-14 00:00:00-05:00,41.75168997419317,42.174527361499656,41.65691497421278,41.95581817626953,1282300,0.0,0.0
2013-11-15 00:00:00-05:00,41.96312116998504,42.42970163030094,41.853765157893974,42.33492660522461,2188200,0.0,0.0
2013-11-18 00:00:00-05:00,42.28389065565615,42.488018893026954,42.15995644897779,42.444278717041016,1616400,0.0,0.0
2013-11-19 00:00:00-05:00,42.34221299796603,42.458858097917506,41.93395375761657,42.16724395751953,1328600,0.0,0.0
2013-11-20 00:00:00-05:00,41.87562463833574,42.079755623784735,41.43091716173198,41.5111083984375,2447100,0.0,0.0
2013-11-21 00:00:00-05:00,41.32885204745362,41.36530589783431,40.862271685379326,41.000789642333984,3242500,0.0,0.0
2013-11-22 00:00:00-05:00,40.90601215019314,41.11743223297853,40.745624117592065,40.767494201660156,2018900,0.0,0.0
2013-11-25 00:00:00-05:00,40.83310808647165,41.022658089141984,40.68001193272591,40.7237548828125,1792400,0.0,0.0
2013-11-26 00:00:00-05:00,40.68001529711547,40.68001529711547,40.17698384418908,40.2280158996582,2606300,0.0,0.0
2013-11-27 00:00:00-05:00,40.20613516166829,40.315488345400844,40.096779196898034,40.235294342041016,1296700,0.0,0.0
2013-11-29 00:00:00-05:00,40.24258882938164,40.54878110090978,40.198845884432814,40.2498779296875,827400,0.0,0.0
2013-12-02 00:00:00-05:00,40.24988162338037,40.402977773193925,39.878076290827714,40.15510940551758,1687900,0.0,0.0
2013-12-03 00:00:00-05:00,40.155113086559844,40.3592413050238,39.958273969738855,40.31549835205078,1421100,0.0,0.0
2013-12-04 00:00:00-05:00,40.104078719763336,40.534208028725615,39.921820585135904,40.49775695800781,1706900,0.0,0.0
2013-12-05 00:00:00-05:00,40.35923339095769,40.51962140603644,39.9728471157638,40.06761932373047,1782400,0.0,0.0
2013-12-06 00:00:00-05:00,40.23530741557165,40.731049796478125,40.18427535704056,40.716468811035156,1549600,0.0,0.0
2013-12-09 00:00:00-05:00,40.64355436331393,40.71645648742494,40.08949098937201,40.50503921508789,2055700,0.0,0.0
2013-12-10 00:00:00-05:00,40.39569667931397,40.49776079942047,39.958278227132205,39.98014831542969,1855400,0.0,0.0
2013-12-11 00:00:00-05:00,39.965565729122794,40.0749217283084,39.681243468486514,39.7031135559082,1770900,0.0,0.0
2013-12-12 00:00:00-05:00,39.75414264814604,40.023886684403244,39.60833836816076,39.65937042236328,2058900,0.0,0.0
2013-12-13 00:00:00-05:00,39.710405332787154,39.87808249166133,39.491693335001344,39.608341217041016,1293300,0.0,0.0
2013-12-16 00:00:00-05:00,39.96555538128907,40.08220045240078,39.57916910467614,39.79787826538086,2076200,0.0,0.0
2013-12-17 00:00:00-05:00,39.79789119731223,40.191569483125306,39.76144012219,39.92182540893555,2769300,0.0,0.0
2013-12-18 00:00:00-05:00,39.89994482509689,40.461300133648656,39.57187967321105,40.395687103271484,2207200,0.0,0.0
2013-12-19 00:00:00-05:00,40.25716307222541,40.25716307222541,39.739548043942506,39.98741912841797,1439100,0.0,0.0
2013-12-20 00:00:00-05:00,40.03846469016269,40.42485381712607,39.87807942676198,39.92911148071289,3893300,0.0,0.0
2013-12-23 00:00:00-05:00,40.082207642565635,40.20614461718811,39.812466388676754,39.92911148071289,2313900,0.0,0.0
2013-12-24 00:00:00-05:00,39.98014688487997,40.505051233547185,39.863501783069324,40.264469146728516,1298800,0.0,0.0
2013-12-26 00:00:00-05:00,40.23530470979338,40.344660702742274,39.93640148090996,40.089500427246094,1446400,0.0,0.0
2013-12-27 00:00:00-05:00,40.096781053766996,40.36652225671083,39.98742508393249,40.13323211669922,1048800,0.0,0.0
2013-12-30 00:00:00-05:00,40.1696941324328,40.34466317566807,40.11137297204677,40.264469146728516,1163100,0.0,0.0
2013-12-31 00:00:00-05:00,40.21343545156433,40.534208773226496,40.09679035450186,40.30091857910156,2072100,0.0,0.0
2014-01-02 00:00:00-05:00,40.20613907423853,40.20613907423853,39.2948485492652,39.33858871459961,3332700,0.0,0.0
2014-01-03 00:00:00-05:00,39.06155660515038,39.214652738872495,38.52936051567051,38.96678161621094,3774100,0.0,0.0
2014-01-06 00:00:00-05:00,38.930346840358425,39.03241097220701,38.71892669236405,38.90847396850586,2207800,0.0,0.0
2014-01-07 00:00:00-05:00,38.89388148852801,39.39691567691449,38.777236403590514,39.331302642822266,3040800,0.0,0.0
2014-01-08 00:00:00-05:00,39.36776674365342,39.38234773172761,38.85744328521305,38.93763732910156,2233800,0.0,0.0
2014-01-09 00:00:00-05:00,38.937624616824245,39.20736585553449,38.733496412507115,39.061561584472656,2035900,0.0,0.0
2014-01-10 00:00:00-05:00,39.29485698665583,39.921822666387634,39.23653304563599,39.608341217041016,1908600,0.0,0.0
2014-01-13 00:00:00-05:00,39.513556315452625,39.608331305373895,39.200072163514335,39.309425354003906,1595900,0.0,0.0
2014-01-14 00:00:00-05:00,39.28027186195128,39.44794900315523,39.15633489086419,39.207366943359375,1352500,0.0,0.0
2014-01-15 00:00:00-05:00,39.28027889512764,39.44066418267041,39.17092288817861,39.24382781982422,1477300,0.0,0.0
2014-01-16 00:00:00-05:00,39.23653343967518,39.32401657104492,39.03240520613291,39.32401657104492,1828900,0.0,0.0
2014-01-17 00:00:00-05:00,39.520846819594276,39.52813870117533,39.28026756714107,39.33858871459961,2127800,0.0,0.0
2014-01-21 00:00:00-05:00,39.36775070746188,39.659364788080495,39.36775070746188,39.65207290649414,2159900,0.0,0.0
2014-01-22 00:00:00-05:00,39.68124081965224,39.81975599914095,39.43336964827773,39.48440170288086,1733900,0.0,0.0
2014-01-23 00:00:00-05:00,39.34588943966631,39.47711552724023,39.141758425085435,39.32401657104492,2407500,0.0,0.0
2014-01-24 00:00:00-05:00,39.25110594964085,39.69581617472252,39.07613694364357,39.11259078979492,2614400,0.0,0.0
2014-01-27 00:00:00-05:00,39.34589665206168,39.34589665206168,38.89389436487898,38.93763732910156,2905400,0.0,0.0
2014-01-28 00:00:00-05:00,39.00322734295679,39.076129459220226,38.7116133158281,38.73348617553711,2444400,0.0,0.0
2014-01-29 00:00:00-05:00,38.69704588368521,39.010527295664666,38.64601105085695,38.820980072021484,2292600,0.0,0.0
2014-01-30 00:00:00-05:00,39.05426356573632,39.360458605138085,38.88658645553159,39.29484558105469,1504900,0.0,0.0
2014-01-31 00:00:00-05:00,38.98865232655531,39.73226570653052,38.92303929946815,39.66665267944336,3256400,0.0,0.0
2014-02-03 00:00:00-05:00,39.69581206984942,40.25716731386787,39.09071388359552,39.178199768066406,3375400,0.0,0.0
2014-02-04 00:00:00-05:00,39.22193230868003,39.33128825250258,38.82096514972598,39.0688362121582,2278100,0.0,0.0
2014-02-05 00:00:00-05:00,38.94491238106416,39.06884934445807,38.82097819870836,38.92304229736328,2475300,0.0,0.0
2014-02-06 00:00:00-05:00,38.981367444977636,39.294851632649944,38.930335394057785,39.221946716308594,1390900,0.0,0.0
2014-02-07 00:00:00-05:00,39.37503996652882,39.51355790684741,39.141749813509925,39.38233184814453,2206200,0.0,0.0
2014-02-10 00:00:00-05:00,39.293828138394474,39.63313966108572,39.09466629320047,39.61101150512695,1935600,0.63,0.0
2014-02-11 00:00:00-05:00,39.610998097339625,40.26011765301058,39.57411691194045,40.149471282958984,1954600,0.0,0.0
2014-02-12 00:00:00-05:00,40.00195654771079,40.05359078658868,39.69215111444348,39.83967590332031,2183200,0.0,0.0
2014-02-13 00:00:00-05:00,39.83966683216757,40.21586227416992,39.81753868164543,40.21586227416992,1352100,0.0,0.0
2014-02-14 00:00:00-05:00,40.20111487225017,40.68795394897461,40.09046847641768,40.68795394897461,1621800,0.0,0.0
2014-02-18 00:00:00-05:00,40.86499355861007,41.012518356020784,40.71008801916059,40.769100189208984,1755300,0.0,0.0
2014-02-19 00:00:00-05:00,40.65106364687015,40.931365723348975,40.34125549626637,40.37813949584961,1254700,0.0,0.0
2014-02-20 00:00:00-05:00,40.415021386096235,40.85022613853642,40.33388108776523,40.79121398925781,1859200,0.0,0.0
2014-02-21 00:00:00-05:00,40.82809647896093,41.80915238812927,40.78384017944336,40.78384017944336,5280500,0.0,0.0
2014-02-24 00:00:00-05:00,41.20429016932357,41.742763363615026,41.07151564866495,41.12314987182617,3135800,0.0,0.0
2014-02-25 00:00:00-05:00,41.646862014611166,41.646862014611166,41.32230370093229,41.38869094848633,2549600,0.0,0.0
2014-02-26 00:00:00-05:00,41.35918585616421,41.514088499495784,41.01249657588089,41.08626174926758,1850900,0.0,0.0
2014-02-27 00:00:00-05:00,41.086265030235054,41.30017982935827,40.86497512011105,40.99037170410156,2101900,0.0,0.0
2014-02-28 00:00:00-05:00,41.12314293830787,41.50671339844421,41.1010147932137,41.34443283081055,1551200,0.0,0.0
2014-03-03 00:00:00-05:00,41.115788125689754,41.300196929455424,40.87974226812306,40.90924835205078,1869000,0.0,0.0
2014-03-04 00:00:00-05:00,41.1895448703096,41.30756637597248,40.92399577910446,41.05677032470703,1813700,0.0,0.0
2014-03-05 00:00:00-05:00,41.012505533617016,41.10839887303741,40.717453217187426,40.77646255493164,1456800,0.0,0.0
2014-03-06 00:00:00-05:00,41.071517381724526,41.1969139821633,40.75433410386215,40.78384017944336,2054700,0.0,0.0
2014-03-07 00:00:00-05:00,40.73220007965402,40.90185576899665,40.429769883199114,40.89447784423828,2094500,0.0,0.0
2014-03-10 00:00:00-04:00,40.87973304108066,40.95349823425027,40.63631493825696,40.92399215698242,1462600,0.0,0.0
2014-03-11 00:00:00-04:00,40.946112988836006,40.960866024832804,40.6584358215332,40.6584358215332,1107400,0.0,0.0
2014-03-12 00:00:00-04:00,40.63631646145162,40.835478269693255,39.96506865464663,40.28962707519531,6746800,0.0,0.0
2014-03-13 00:00:00-04:00,39.83966541320023,40.23798899153765,39.18317070845202,39.60362243652344,6837800,0.0,0.0
2014-03-14 00:00:00-04:00,39.581498671258075,40.415027107771486,39.57412355848121,40.31913375854492,3612100,0.0,0.0
2014-03-17 00:00:00-04:00,40.34863657460841,40.67319497378189,39.95031298435847,40.606807708740234,2854000,0.0,0.0
2014-03-18 00:00:00-04:00,40.61417985926058,40.67318918987604,40.10520996170085,40.13471603393555,2269800,0.0,0.0
2014-03-19 00:00:00-04:00,40.07571093719854,40.09783908678537,38.74796568490428,38.858612060546875,5441800,0.0,0.0
2014-03-20 00:00:00-04:00,38.84385002578103,38.93974334153667,38.526666823850036,38.93236541748047,2723400,0.0,0.0
2014-03-21 00:00:00-04:00,39.24955726844406,39.35282571715856,38.6742028748323,38.69633102416992,3983200,0.0,0.0
2014-03-24 00:00:00-04:00,38.740594677222326,39.05040005967602,38.67420740757446,38.85123825073242,1999000,0.0,0.0
2014-03-25 00:00:00-04:00,38.93237029635895,39.20529724356934,38.76271460190202,39.1241569519043,2524000,0.0,0.0
2014-03-26 00:00:00-04:00,39.22743134273064,39.41184010127531,39.1167849620621,39.20530319213867,2098500,0.0,0.0
2014-03-27 00:00:00-04:00,39.102032381030284,39.57412117206356,39.102032381030284,39.55936813354492,2117300,0.0,0.0
2014-03-28 00:00:00-04:00,39.55198327089007,39.63312356158533,39.116778559405034,39.22004699707031,2178200,0.0,0.0
2014-03-31 00:00:00-04:00,39.41184276365316,39.670013917514126,39.205305840564385,39.57412338256836,2414500,0.0,0.0
2014-04-01 00:00:00-04:00,39.51511179166911,39.54461787077751,38.99876666269054,39.17580032348633,2421000,0.0,0.0
2014-04-02 00:00:00-04:00,39.44134733402622,39.57412186917846,39.02089557732893,39.52248764038086,2359700,0.0,0.0
2014-04-03 00:00:00-04:00,39.60362534374119,39.89130538067236,39.50773481195191,39.58149719238281,2754600,0.0,0.0
2014-04-04 00:00:00-04:00,39.64788155182669,40.363388407706964,39.64788155182669,40.09783935546875,2977200,0.0,0.0
2014-04-07 00:00:00-04:00,40.09782476428169,40.87971578484516,40.09782476428169,40.385501861572266,3089900,0.0,0.0
2014-04-08 00:00:00-04:00,40.43715086691486,41.005130160083716,40.13472062653708,40.975624084472656,3385500,0.0,0.0
2014-04-09 00:00:00-04:00,40.93874859977618,41.01988891208257,40.27487587531904,40.761714935302734,2790000,0.0,0.0
2014-04-10 00:00:00-04:00,40.87234627117492,41.17477644227587,40.658431492776934,40.86497116088867,2327600,0.0,0.0
2014-04-11 00:00:00-04:00,40.8723625449616,41.16003979617836,40.77646918993777,41.01251220703125,2112200,0.0,0.0
2014-04-14 00:00:00-04:00,41.115780690139935,41.28543642126049,40.83547857122772,41.20429611206055,1864400,0.0,0.0
2014-04-15 00:00:00-04:00,41.226419757473884,42.28123803405829,41.226419757473884,42.18534469604492,3945600,0.0,0.0
2014-04-16 00:00:00-04:00,42.25173222072358,42.48777519740942,41.90504568150928,42.48040008544922,2593100,0.0,0.0
2014-04-17 00:00:00-04:00,42.39926216590236,42.48777758366731,41.54360562389607,41.6763801574707,2689700,0.0,0.0
2014-04-21 00:00:00-04:00,41.713257493420436,42.155840169066515,41.65424815831344,41.934547424316406,2045600,0.0,0.0
2014-04-22 00:00:00-04:00,41.8681601636622,41.99355957327754,41.6763763072468,41.934547424316406,1720100,0.0,0.0
2014-04-23 00:00:00-04:00,42.01569939400848,42.28862643799057,41.77965636030039,41.80178451538086,1585400,0.0,0.0
2014-04-24 00:00:00-04:00,41.85341205970106,42.13371133989816,41.484594551579754,42.015689849853516,1373800,0.0,0.0
2014-04-25 00:00:00-04:00,42.01570322912366,42.60581086725781,41.676391688928426,42.591060638427734,1979200,0.0,0.0
2014-04-28 00:00:00-04:00,42.52465821037298,42.989366227129004,42.436139985782546,42.974613189697266,2233700,0.0,0.0
2014-04-29 00:00:00-04:00,43.05575980892062,43.20328739103983,42.69432018727586,42.79021072387695,2335500,0.0,0.0
2014-04-30 00:00:00-04:00,42.83447587094493,43.13690619061704,42.78284163201469,42.804969787597656,1691000,0.0,0.0
2014-05-01 00:00:00-04:00,42.85659287534787,43.0557546653381,42.52465937255175,42.84184265136719,2488300,0.0,0.0
2014-05-02 00:00:00-04:00,42.48777273608812,42.760699698326995,41.56572903249372,41.912418365478516,2715400,0.0,0.0
2014-05-05 00:00:00-04:00,41.8976812677914,42.21486464760301,41.71327245691744,42.06733703613281,2177400,0.0,0.0
2014-05-06 00:00:00-04:00,42.07471496432665,42.37714530160574,42.037833764922894,42.06733703613281,1672600,0.0,0.0
2014-05-07 00:00:00-04:00,42.16321753579317,42.70169076151928,42.141089385676324,42.63530349731445,1909400,0.0,0.0
2014-05-08 00:00:00-04:00,42.99674532788823,43.02625140355812,42.14108883044114,42.347625732421875,4340000,0.0,0.0
2014-05-09 00:00:00-04:00,42.54678516910932,42.77545302212176,41.38869849473634,41.45508575439453,4227900,0.0,0.0
2014-05-12 00:00:00-04:00,41.4700090319269,41.596827265102334,40.80607158587867,40.962730407714844,4280800,0.63,0.0
2014-05-13 00:00:00-04:00,41.12684900307287,41.28350781806581,40.61957040101998,40.93288803100586,2468200,0.0,0.0
2014-05-14 00:00:00-04:00,41.029866421384504,41.47000510228046,40.89558663089049,41.216365814208984,2006000,0.0,0.0
2014-05-15 00:00:00-04:00,41.19399150188783,41.45508954335641,40.85083041712956,41.000030517578125,2819900,0.0,0.0
2014-05-16 00:00:00-04:00,41.02987423666305,41.17161277773592,40.783693625280456,41.164154052734375,2436400,0.0,0.0
2014-05-19 00:00:00-04:00,41.111926598565546,41.149225907969495,40.388308043958325,40.507667541503906,2991400,0.0,0.0
2014-05-20 00:00:00-04:00,40.50766917288011,40.761308471098715,39.99293185256367,40.34355163574219,3156900,0.0,0.0
2014-05-21 00:00:00-04:00,40.42560964792629,40.47782925320679,40.05261084120551,40.1794319152832,1822700,0.0,0.0
2014-05-22 00:00:00-04:00,40.2391149924685,40.51513619095387,40.2018156765464,40.41069412231445,1383200,0.0,0.0
2014-05-23 00:00:00-04:00,40.433075170688575,40.65687390745008,40.328635949916894,40.380855560302734,1440000,0.0,0.0
2014-05-27 00:00:00-04:00,40.619570887693655,40.78368842861472,40.433071483108975,40.582271575927734,1571900,0.0,0.0
2014-05-28 00:00:00-04:00,40.656874595886634,40.753855093569065,40.50767448693414,40.67179489135742,1826800,0.0,0.0
2014-05-29 00:00:00-04:00,40.79861368553079,40.843374572548,40.50767503430748,40.768775939941406,1639400,0.0,0.0
2014-05-30 00:00:00-04:00,40.768770066596716,41.067167399789966,40.686709875098195,41.03732681274414,1992400,0.0,0.0
2014-06-02 00:00:00-04:00,41.02987289428711,41.193993296505965,40.88813435785149,41.02987289428711,1468900,0.0,0.0
2014-06-03 00:00:00-04:00,41.007493874259204,41.17161143072272,40.9105133778794,41.02987289428711,1437900,0.0,0.0
2014-06-04 00:00:00-04:00,40.96272472395192,41.20890527761168,40.776225339332626,41.19398498535156,1824600,0.0,0.0
2014-06-05 00:00:00-04:00,41.14176293567933,41.596819016621716,41.01494188189683,41.574440002441406,1771400,0.0,0.0
2014-06-06 00:00:00-04:00,41.52968829325165,41.63413035590249,41.149230739452584,41.20145034790039,1609000,0.0,0.0
2014-06-09 00:00:00-04:00,41.13431051934749,41.2312910119643,40.83591316278417,40.95527267456055,1732000,0.0,0.0
2014-06-10 00:00:00-04:00,40.87321662926064,41.290973540043474,40.87321662926064,41.097015380859375,1819500,0.0,0.0
2014-06-11 00:00:00-04:00,41.067177953866434,41.13431786909669,40.72401965191433,40.80607986450195,1610900,0.0,0.0
2014-06-12 00:00:00-04:00,40.76877203580477,41.111930266141954,40.37339135273745,41.02241134643555,1754700,0.0,0.0
2014-06-13 00:00:00-04:00,40.92542541617902,41.28350389315749,40.783684062585294,41.19398498535156,1376600,0.0,0.0
2014-06-16 00:00:00-04:00,41.30589225853865,41.78333033591463,41.21637333046951,41.47001266479492,2596900,0.0,0.0
2014-06-17 00:00:00-04:00,41.44763386535985,41.51477377320878,41.17907423396411,41.41779327392578,1655700,0.0,0.0
2014-06-18 00:00:00-04:00,41.432701220530575,42.14885812696337,41.2984214448551,42.13393783569336,2737100,0.0,0.0
2014-06-19 00:00:00-04:00,42.1414065023394,42.596462656826844,42.11902463878719,42.49948501586914,2678200,0.0,0.0
2014-06-20 00:00:00-04:00,42.611376937472386,42.67105810418292,42.29805934950606,42.32789993286133,2726400,0.0,0.0
2014-06-23 00:00:00-04:00,42.40996897967807,42.55171036687917,42.044431692776755,42.26823043823242,1407700,0.0,0.0
2014-06-24 00:00:00-04:00,42.238381211601165,42.43234217156417,42.17870288636591,42.28314208984375,1580300,0.0,0.0
2014-06-25 00:00:00-04:00,42.260777159666766,42.57409487453316,42.193637242801714,42.55171585083008,1607400,0.0,0.0
2014-06-26 00:00:00-04:00,42.439804787330694,42.73820497813864,42.33536557427445,42.730743408203125,1633400,0.0,0.0
2014-06-27 00:00:00-04:00,42.61884559841967,43.044064021851796,42.44726648420628,42.93216323852539,2058600,0.0,0.0
2014-06-30 00:00:00-04:00,42.894853858582024,43.148493108271644,42.715813216431634,43.07389450073242,1971400,0.0,0.0
2014-07-01 00:00:00-04:00,43.081370552768945,43.088829278221375,42.41743300303418,42.589012145996094,2326000,0.0,0.0
2014-07-02 00:00:00-04:00,42.536796006709004,42.60393592429002,41.52223851693179,41.79079818725586,4122200,0.0,0.0
2014-07-03 00:00:00-04:00,41.49985671365227,41.775875091552734,41.23875578687668,41.775875091552734,2182800,0.0,0.0
2014-07-07 00:00:00-04:00,41.775878521536676,42.46965673178695,41.768419795361844,42.08173751831055,3093300,0.0,0.0
2014-07-08 00:00:00-04:00,41.98474974361931,42.48456968358189,41.98474974361931,42.22346878051758,2628700,0.0,0.0
2014-07-09 00:00:00-04:00,42.253306182346925,42.32790765434394,41.82062902778497,42.07426834106445,1721700,0.0,0.0
2014-07-10 00:00:00-04:00,42.0966505144669,42.39505073330641,41.992211291599695,42.23093032836914,1400600,0.0,0.0
2014-07-11 00:00:00-04:00,42.2309317080493,42.28315132118891,41.84301254918682,41.90269088745117,1187700,0.0,0.0
2014-07-14 00:00:00-04:00,41.977282547604936,42.14886164289073,41.686343957957085,41.731101989746094,1823700,0.0,0.0
2014-07-15 00:00:00-04:00,41.73111205179983,42.081731896046314,41.70873303050938,42.05935287475586,1394300,0.0,0.0
2014-07-16 00:00:00-04:00,42.1488737319682,42.29807385415284,41.90269310350019,42.275691986083984,1134500,0.0,0.0
2014-07-17 00:00:00-04:00,42.163788496337666,42.31298859894536,42.00712966918945,42.00712966918945,1653300,0.0,0.0
2014-07-18 00:00:00-04:00,42.141400962585,42.499479429043056,41.887761693124546,42.46217727661133,1788100,0.0,0.0
2014-07-21 00:00:00-04:00,42.43234728525881,42.78296424693799,42.36520738268106,42.663604736328125,1669700,0.0,0.0
2014-07-22 00:00:00-04:00,42.671060048973054,42.86501815811287,42.63376074095634,42.79787826538086,1161600,0.0,0.0
2014-07-23 00:00:00-04:00,42.7755101185318,42.820271006978004,42.57409038915712,42.708370208740234,1114800,0.0,0.0
2014-07-24 00:00:00-04:00,42.70836716650005,42.842646976518026,42.53678804164492,42.75312805175781,843700,0.0,0.0
2014-07-25 00:00:00-04:00,42.70837777286082,42.84265761622637,42.44727965840338,42.5069580078125,843900,0.0,0.0
2014-07-28 00:00:00-04:00,42.53678872476577,43.11120728889973,42.47710754346363,43.0440673828125,1663700,0.0,0.0
2014-07-29 00:00:00-04:00,43.036610891794815,43.15597042273149,42.723293190244426,42.9694709777832,1722500,0.0,0.0
2014-07-30 00:00:00-04:00,42.932164639950656,42.94708493459822,42.163787963009796,42.36520767211914,1924300,0.0,0.0
2014-07-31 00:00:00-04:00,42.148861198271966,42.35773959976346,41.78332114990706,41.84300231933594,2979300,0.0,0.0
2014-08-01 00:00:00-04:00,41.71618125717696,42.28314098373215,41.69380224151853,41.84300231933594,1851600,0.0,0.0
2014-08-04 00:00:00-04:00,41.910139443919064,41.910139443919064,40.84336279975371,41.574440002441406,3455600,0.0,0.0
2014-08-05 00:00:00-04:00,41.39541133278245,41.641589080357086,41.05225024701156,41.20145034790039,1906800,0.0,0.0
2014-08-06 00:00:00-04:00,41.09701834405725,41.13431766438716,40.716560723483006,40.85083770751953,4961300,0.0,0.0
2014-08-07 00:00:00-04:00,41.07462987834831,41.462548981263105,41.05224801469116,41.28350830078125,2749200,0.0,0.0
2014-08-08 00:00:00-04:00,41.61920407297984,42.49948141123708,41.50730330197492,42.447261810302734,3468600,0.0,0.0
2014-08-11 00:00:00-04:00,42.45480755044616,42.68111480174642,42.243590518689906,42.26622009277344,2169800,0.63,0.0
2014-08-12 00:00:00-04:00,42.26622649578025,42.492533781364315,42.175705308116626,42.31903076171875,1293800,0.0,0.0
2014-08-13 00:00:00-04:00,42.402009203493684,42.666033407611124,42.2435964075932,42.522705078125,1261400,0.0,0.0
2014-08-14 00:00:00-04:00,42.575510415296066,42.76409790400637,42.53025125968029,42.681121826171875,2270800,0.0,0.0
2014-08-15 00:00:00-04:00,42.78672725822824,43.14126975452684,42.73392299542597,42.967769622802734,1797300,0.0,0.0
2014-08-18 00:00:00-04:00,43.111088104271374,43.178979694892895,42.824434401912065,42.88478088378906,1216600,0.0,0.0
2014-08-19 00:00:00-04:00,42.90741678051162,43.322308588710776,42.801808270528134,43.28459167480469,1515600,0.0,0.0
2014-08-20 00:00:00-04:00,43.36757163358718,43.397743438853176,43.073372791910586,43.38265609741211,1391600,0.0,0.0
2014-08-21 00:00:00-04:00,43.48825574955159,43.62403890825572,43.34492748335536,43.43545150756836,1529400,0.0,0.0
2014-08-22 00:00:00-04:00,43.427916350007365,43.51089528573988,42.86969912754216,43.13372039794922,1740900,0.0,0.0
2014-08-25 00:00:00-04:00,43.216710495323234,43.43547267736968,43.09601461516257,43.32231903076172,1257200,0.0,0.0
2014-08-26 00:00:00-04:00,43.26196613124496,43.39774934507787,42.726378386468795,42.764095306396484,1511800,0.0,0.0
2014-08-27 00:00:00-04:00,42.945137179444856,43.111095067238544,42.81689620861802,43.10354995727539,1235600,0.0,0.0
2014-08-28 00:00:00-04:00,42.982848375209656,43.55615579621473,42.91495678265948,43.54861068725586,1492800,0.0,0.0
2014-08-29 00:00:00-04:00,43.435476298880054,43.67686807932786,43.33740998881782,43.6693229675293,1648400,0.0,0.0
2014-09-02 00:00:00-04:00,43.66176603220411,43.80509145433127,42.93758805707818,43.11863327026367,1764400,0.0,0.0
2014-09-03 00:00:00-04:00,43.38264938283981,43.684390409726745,43.16389015984326,43.55615234375,1755900,0.0,0.0
2014-09-04 00:00:00-04:00,43.390203948570615,43.563704069681364,43.08846285591591,43.45809555053711,1672000,0.0,0.0
2014-09-05 00:00:00-04:00,43.43547241925606,43.84281921386719,43.31477366219587,43.84281921386719,2347200,0.0,0.0
2014-09-08 00:00:00-04:00,43.76738235427402,43.827728851031594,43.20916215177957,43.45055389404297,1597600,0.0,0.0
2014-09-09 00:00:00-04:00,43.32230040285897,43.42036666257781,42.8696917662752,42.945125579833984,2066800,0.0,0.0
2014-09-10 00:00:00-04:00,42.95266598174259,43.02810266970573,42.68110253792151,42.86968994140625,1537000,0.0,0.0
2014-09-11 00:00:00-04:00,42.914967649430764,43.26196793139076,42.75655485257294,43.209163665771484,931000,0.0,0.0
2014-09-12 00:00:00-04:00,43.03564718210686,43.141255673240835,42.45479760325443,42.56795120239258,1796300,0.0,0.0
2014-09-15 00:00:00-04:00,42.77917803083727,42.930048571874416,42.50761163249366,42.65093994140625,1517500,0.0,0.0
2014-09-16 00:00:00-04:00,42.77163599630587,43.28459411163214,42.77163599630587,43.178985595703125,1572300,0.0,0.0
2014-09-17 00:00:00-04:00,43.19407336771108,43.277052315899965,42.77918150438309,43.013031005859375,1753100,0.0,0.0
2014-09-18 00:00:00-04:00,43.00548096162398,43.16389660709027,42.60567648725468,42.71883010864258,1305000,0.0,0.0
2014-09-19 00:00:00-04:00,42.89986813107413,43.17897960170236,42.77163005885238,43.09600067138672,1709400,0.0,0.0
2014-09-22 00:00:00-04:00,42.93005032583263,43.14126736534442,42.72637551875355,42.89987564086914,1603700,0.0,0.0
2014-09-23 00:00:00-04:00,42.8319748154029,43.06582425709015,42.69619163992201,42.80934524536133,1349900,0.0,0.0
2014-09-24 00:00:00-04:00,42.854618210515106,42.90742247251175,42.43218123692557,42.64339828491211,1136900,0.0,0.0
2014-09-25 00:00:00-04:00,42.53778520129312,42.72637265324254,42.35674285888672,42.35674285888672,1532000,0.0,0.0
2014-09-26 00:00:00-04:00,42.364288696005474,42.635855110341474,42.09272228166948,42.50761413574219,1013900,0.0,0.0
2014-09-29 00:00:00-04:00,42.454810812748,42.6811180814381,42.28131068367099,42.64339828491211,1356500,0.0,0.0
2014-09-30 00:00:00-04:00,42.73392810316219,43.06584106296471,42.46990387997707,42.74147033691406,1977500,0.0,0.0
2014-10-01 00:00:00-04:00,42.89987061203456,43.26195815630264,42.82443678608471,42.952674865722656,2245300,0.0,0.0
2014-10-02 00:00:00-04:00,42.98285580990499,43.224247541255345,42.81689791549546,42.84707260131836,1355400,0.0,0.0
2014-10-03 00:00:00-04:00,42.86215607780046,43.13372247047677,42.54533053808888,43.02056884765625,1180400,0.0,0.0
2014-10-06 00:00:00-04:00,43.14881134033203,43.32231145788357,42.94513653861077,43.14881134033203,1363700,0.0,0.0
2014-10-07 00:00:00-04:00,43.0432034656517,43.44300796520962,42.9375920694817,43.10354995727539,2011200,0.0,0.0
2014-10-08 00:00:00-04:00,43.141263462520286,44.36331219444074,43.12617612140343,44.33313751220703,4043500,0.0,0.0
2014-10-09 00:00:00-04:00,44.29541849810979,44.68013560669326,43.85789425931296,43.90315628051758,3741600,0.0,0.0
2014-10-10 00:00:00-04:00,44.13700684870913,44.80083549824746,44.13700684870913,44.604705810546875,3468400,0.0,0.0
2014-10-13 00:00:00-04:00,44.61978545166024,45.58535213699035,44.58206566495177,45.12519836425781,5275800,0.0,0.0
2014-10-14 00:00:00-04:00,45.321336739676795,46.86775323280809,45.170466206236064,46.445316314697266,6853300,0.0,0.0
2014-10-15 00:00:00-04:00,46.35480441591679,46.84513015063656,45.27608377086999,46.36234664916992,5170100,0.0,0.0
2014-10-16 00:00:00-04:00,45.766402928951486,46.2793610449518,45.45711961291743,45.95499038696289,4188200,0.0,0.0
2014-10-17 00:00:00-04:00,46.27182308851849,46.27182308851849,45.110123549193794,45.789039611816406,3856000,0.0,0.0
2014-10-20 00:00:00-04:00,45.82675888208141,46.40760868153866,45.81921664882828,46.36234664916992,2701800,0.0,0.0
2014-10-21 00:00:00-04:00,46.03042502287613,46.18883778984066,45.80412065898164,46.06814193725586,3477400,0.0,0.0
2014-10-22 00:00:00-04:00,46.01535110559045,46.73198419833205,45.962546834531096,46.69426727294922,3696800,0.0,0.0
2014-10-23 00:00:00-04:00,46.81494910075338,47.048795694465674,46.43777420496856,46.77722930908203,2310200,0.0,0.0
2014-10-24 00:00:00-04:00,46.84512854255689,47.19967392323306,46.686715751129206,47.14686965942383,1480800,0.0,0.0
2014-10-27 00:00:00-04:00,47.14686621304485,47.52404114274921,47.048799925589144,47.290191650390625,2103200,0.0,0.0
2014-10-28 00:00:00-04:00,47.35807693890421,47.441055872794756,46.905468234648836,47.43351364135742,1770300,0.0,0.0
2014-10-29 00:00:00-04:00,47.410890471368425,47.516501875473836,46.52830246204002,46.98091125488281,2723300,0.0,0.0
2014-10-30 00:00:00-04:00,47.109143676498604,47.946472380985746,47.04879431368843,47.9313850402832,2803200,0.0,0.0
2014-10-31 00:00:00-04:00,48.233133801082055,48.27839583311759,47.52404589822513,47.79561233520508,2521100,0.0,0.0
2014-11-03 00:00:00-05:00,47.7729707098893,48.08979622138632,47.674904437352446,47.97664260864258,1899700,0.0,0.0
2014-11-04 00:00:00-05:00,48.04454226661926,48.278391762661556,47.682454673713266,47.81069564819336,1571900,0.0,0.0
2014-11-05 00:00:00-05:00,48.044540324016616,48.82906772668311,47.93138957446778,48.761173248291016,3655200,0.0,0.0
2014-11-06 00:00:00-05:00,48.685751073243715,48.685751073243715,47.59948520072029,47.71263885498047,4114000,0.0,0.0
2014-11-07 00:00:00-05:00,47.7354949495971,48.48981317585542,47.705016682164874,48.43647766113281,2726500,0.63,0.0
2014-11-10 00:00:00-05:00,48.29932255571822,48.710770396869286,48.20789067098483,48.36027908325195,2361800,0.0,0.0
2014-11-11 00:00:00-05:00,48.36790026566311,48.67267710954055,48.19265459773217,48.3526611328125,1721100,0.0,0.0
2014-11-12 00:00:00-05:00,47.97167819573163,48.07073107844146,47.28593484748643,47.430702209472656,3081400,0.0,0.0
2014-11-13 00:00:00-05:00,47.27831166802418,47.80405140819517,47.09544794614715,47.24021530151367,3369400,0.0,0.0
2014-11-14 00:00:00-05:00,47.33165523095907,47.55261826358008,47.08783495584864,47.26308059692383,1557400,0.0,0.0
2014-11-17 00:00:00-05:00,47.18688904380008,47.79643974698563,46.920211519458604,47.65167236328125,2383600,0.0,0.0
2014-11-18 00:00:00-05:00,47.88025321655914,48.20026624378324,47.57547641357399,48.025020599365234,2166800,0.0,0.0
2014-11-19 00:00:00-05:00,47.5678612912648,47.73548883409932,47.263084469123335,47.49928665161133,2272100,0.0,0.0
2014-11-20 00:00:00-05:00,47.47642387657841,47.73548327324989,47.17926520165215,47.3316535949707,1843200,0.0,0.0
2014-11-21 00:00:00-05:00,47.59071131748509,47.59833233549469,47.026878060578014,47.52213668823242,2618000,0.0,0.0
2014-11-24 00:00:00-05:00,47.43071259396211,47.59071911959453,47.0878393914875,47.15641403198242,2188100,0.0,0.0
2014-11-25 00:00:00-05:00,47.37737185357922,47.4078501141151,46.82115667835037,46.97354507446289,2565800,0.0,0.0
2014-11-26 00:00:00-05:00,47.21737393428606,47.64405803313314,47.14117826908663,47.49167251586914,1419500,0.0,0.0
2014-11-28 00:00:00-05:00,47.64405074584635,48.25360434793919,47.51452249467017,48.116455078125,1113800,0.0,0.0
2014-12-01 00:00:00-05:00,47.94882476613783,49.175547104684725,47.712622613696865,48.63457107543945,2896700,0.0,0.0
2014-12-02 00:00:00-05:00,48.62696557939468,48.95459970880392,48.36028798874424,48.90126419067383,2438400,0.0,0.0
2014-12-03 00:00:00-05:00,48.88601821402109,48.908875458213735,48.4517102283908,48.71076965332031,2341500,0.0,0.0
2014-12-04 00:00:00-05:00,48.77171411179356,49.023149548831434,48.48217649520594,48.81742858886719,1631800,0.0,0.0
2014-12-05 00:00:00-05:00,48.45170909827095,48.733625760817496,47.910733016837376,48.20026779174805,2250300,0.0,0.0
2014-12-08 00:00:00-05:00,48.20026456211701,48.84791451922275,48.131689929166214,48.695526123046875,1506900,0.0,0.0
2014-12-09 00:00:00-05:00,48.55075523120953,48.91648270505338,48.383127716892176,48.80219650268555,1767100,0.0,0.0
2014-12-10 00:00:00-05:00,48.74886484310289,49.12983731196986,48.29932064332637,48.32217788696289,1390000,0.0,0.0
2014-12-11 00:00:00-05:00,48.329796749244366,49.213643071510006,48.329796749244366,49.09173583984375,1796800,0.0,0.0
2014-12-12 00:00:00-05:00,48.9012511533246,49.5108047521313,48.79458014550352,48.84791564941406,1985800,0.0,0.0
2014-12-15 00:00:00-05:00,49.06887399676614,49.06887399676614,48.45170234487958,48.80219650268555,2663300,0.0,0.0
2014-12-16 00:00:00-05:00,48.85553709123781,49.564140685407175,48.482185654062775,48.87077331542969,2759300,0.0,0.0
2014-12-17 00:00:00-05:00,48.764094594129865,49.38126330613424,48.55075261038184,49.35840606689453,3116400,0.0,0.0
2014-12-18 00:00:00-05:00,49.37366247970376,49.95273208618164,49.183177679725176,49.95273208618164,2653400,0.0,0.0
2014-12-19 00:00:00-05:00,50.0136776091225,50.333690607498085,49.73175807447726,50.05177688598633,3543400,0.0,0.0
2014-12-22 00:00:00-05:00,50.32608519824722,50.48609172857915,49.82320254880293,50.242271423339844,1636200,0.0,0.0
2014-12-23 00:00:00-05:00,50.28035885397873,50.508942905925686,50.1279733614367,50.29560089111328,1591000,0.0,0.0
2014-12-24 00:00:00-05:00,50.32607806298206,51.14135263801719,50.31083602617741,50.981346130371094,1236700,0.0,0.0
2014-12-26 00:00:00-05:00,51.110878954520715,51.92615360256368,50.98896590170135,51.628997802734375,2086700,0.0,0.0
2014-12-29 00:00:00-05:00,51.56041450597631,52.51283832563658,51.56041450597631,52.19282531738281,2461900,0.0,0.0
2014-12-30 00:00:00-05:00,52.11663372069841,52.11663372069841,50.87466931213991,50.981346130371094,1916000,0.0,0.0
2014-12-31 00:00:00-05:00,51.11087548379435,51.36993198374258,50.24988059284354,50.29560089111328,2058000,0.0,0.0
2015-01-02 00:00:00-05:00,50.36417906958084,50.653719680883235,49.891780494314276,50.54704284667969,1689900,0.0,0.0
2015-01-05 00:00:00-05:00,50.47083569577182,50.6384631991092,49.800331495555334,50.06700897216797,2465000,0.0,0.0
2015-01-06 00:00:00-05:00,50.097489094515126,51.08039109904053,50.04415359720599,50.34893035888672,3203600,0.0,0.0
2015-01-07 00:00:00-05:00,50.493709410153976,51.30898414074445,50.08988255478695,51.09564208984375,2173500,0.0,0.0
2015-01-08 00:00:00-05:00,51.248033300517406,51.63661811525577,51.103262989261026,51.4156608581543,2025600,0.0,0.0
2015-01-09 00:00:00-05:00,51.514701054774626,51.54517931519033,50.783240244199,51.14896774291992,1355300,0.0,0.0
2015-01-12 00:00:00-05:00,51.26325144307945,51.33944417518115,50.630840721682915,50.973716735839844,1428000,0.0,0.0
2015-01-13 00:00:00-05:00,50.90514638110001,51.63660717598993,50.53179787199793,50.87466812133789,2535600,0.0,0.0
2015-01-14 00:00:00-05:00,50.55465727019447,51.461366644113326,50.44036524449424,51.42326736450195,2381600,0.0,0.0
2015-01-15 00:00:00-05:00,51.49945934075061,52.22330495060904,51.26326008746583,52.09377670288086,1800200,0.0,0.0
2015-01-16 00:00:00-05:00,52.269020535879626,52.688089361631434,52.208064013382284,52.64999008178711,1920600,0.0,0.0
2015-01-20 00:00:00-05:00,52.76428404959423,53.37383767072768,52.68047028136002,53.32811737060547,2597700,0.0,0.0
2015-01-21 00:00:00-05:00,53.229070439109734,53.80052481186302,52.86333708276846,53.678611755371094,2250000,0.0,0.0
2015-01-22 00:00:00-05:00,53.83861983544922,54.059577059872765,53.13001623677633,53.373836517333984,1990800,0.0,0.0
2015-01-23 00:00:00-05:00,53.564313581336485,53.84622728859484,53.42716432994779,53.61764907836914,1408900,0.0,0.0
2015-01-26 00:00:00-05:00,53.61003685772668,53.66337236351126,53.069060781016255,53.648136138916016,1444600,0.0,0.0
2015-01-27 00:00:00-05:00,53.625271298045874,54.21958867390027,53.5414575327254,54.00624084472656,1746500,0.0,0.0
2015-01-28 00:00:00-05:00,54.044347338863425,55.05010684383086,53.823384274716865,53.98339080810547,2404200,0.0,0.0
2015-01-29 00:00:00-05:00,53.93767861179381,54.50913303241343,53.450037971249195,54.402462005615234,2101500,0.0,0.0
2015-01-30 00:00:00-05:00,54.21197985461315,54.27293639095126,52.741436840983965,52.78715133666992,5384900,0.0,0.0
2015-02-02 00:00:00-05:00,52.787144236321105,53.09954208318214,52.002347829219744,52.924293518066406,2680800,0.0,0.0
2015-02-03 00:00:00-05:00,52.809986152723354,52.939520190704236,52.30710947437608,52.566165924072266,3078200,0.0,0.0
2015-02-04 00:00:00-05:00,52.451887665774066,52.77952172886472,51.872818104185164,51.98711013793945,2353300,0.0,0.0
2015-02-05 00:00:00-05:00,52.28425166895875,52.505214657078355,51.7737481659287,52.42901611328125,1488400,0.0,0.0
2015-02-06 00:00:00-05:00,52.154725965678665,52.25378176318897,50.70704641234671,50.87466812133789,4040800,0.0,0.0
2015-02-09 00:00:00-05:00,50.874674698272884,51.17945152216112,50.15845584724009,50.31846237182617,2852600,0.0,0.0
2015-02-10 00:00:00-05:00,50.23464077929558,51.16420733152737,50.227019761272864,51.0499153137207,2342000,0.0,0.0
2015-02-11 00:00:00-05:00,50.76800550496342,50.82134101507406,49.99083009861769,50.242271423339844,2989300,0.0,0.0
2015-02-12 00:00:00-05:00,50.295606298760184,50.409898337022035,49.800344675048535,49.99082946777344,3100100,0.0,0.0
2015-02-13 00:00:00-05:00,49.983112945695275,50.052376666615224,48.75181335828091,49.19046401977539,3402800,0.65,0.0
2015-02-17 00:00:00-05:00,49.036558815275555,49.83690509721548,48.63638567430559,49.1135139465332,3654800,0.0,0.0
2015-02-18 00:00:00-05:00,49.367476487495715,50.452557459230874,49.10582490309386,50.337127685546875,2326400,0.0,0.0
2015-02-19 00:00:00-05:00,50.367906209069666,50.48334185672387,49.53678246282144,49.86769485473633,2532900,0.0,0.0
2015-02-20 00:00:00-05:00,49.37517796758124,49.86000067224342,47.99765619275242,49.059654235839844,5134700,0.0,0.0
2015-02-23 00:00:00-05:00,49.29821984538399,49.475221976002516,48.859571964016844,49.4598274230957,2700800,0.0,0.0
2015-02-24 00:00:00-05:00,49.52909443178563,50.79117777342102,49.49061391828496,50.221702575683594,3250900,0.0,0.0
2015-02-25 00:00:00-05:00,50.298648962967455,50.30634623858615,49.021174225760404,49.09043502807617,1979300,0.0,0.0
2015-02-26 00:00:00-05:00,49.10582840059088,49.328999495459264,48.482481157446635,48.528656005859375,1832900,0.0,0.0
2015-02-27 00:00:00-05:00,48.55173620767665,48.813387779702204,48.320867864277695,48.590213775634766,1634900,0.0,0.0
2015-03-02 00:00:00-05:00,48.52866161677662,48.53635595790973,47.33583618122905,47.57440185546875,2562100,0.0,0.0
2015-03-03 00:00:00-05:00,47.582086115151505,47.95917037618434,47.18960730476206,47.84373474121094,1754700,0.0,0.0
2015-03-04 00:00:00-05:00,47.805263872201756,47.805263872201756,47.47435147027793,47.61287307739258,1261100,0.0,0.0
2015-03-05 00:00:00-05:00,47.78217593824396,48.09000237145609,47.56669919638573,47.95917510986328,1185200,0.0,0.0
2015-03-06 00:00:00-05:00,47.24348941419307,47.24348941419307,45.919839629691054,46.15840530395508,3635500,0.0,0.0
2015-03-09 00:00:00-04:00,46.17379033938305,46.658615959928724,46.17379033938305,46.497005462646484,1578000,0.0,0.0
2015-03-10 00:00:00-04:00,46.44313101210743,46.98952303362943,46.22765428768479,46.2353515625,2520400,0.0,0.0
2015-03-11 00:00:00-04:00,46.358486184923244,46.412355371427886,45.796702493116825,45.95831298828125,2007700,0.0,0.0
2015-03-12 00:00:00-04:00,46.17378915361065,47.45126386943453,46.17378915361065,47.25117874145508,2768400,0.0,0.0
2015-03-13 00:00:00-04:00,47.23579728769413,47.23579728769413,46.38158153488569,46.82023239135742,2289300,0.0,0.0
2015-03-16 00:00:00-04:00,47.151136320521395,47.85913303595269,47.151136320521395,47.497440338134766,2598400,0.0,0.0
2015-03-17 00:00:00-04:00,47.55131191152218,47.67444190889004,46.97413949842581,47.074180603027344,1686200,0.0,0.0
2015-03-18 00:00:00-04:00,47.08186709202621,48.22851437936637,46.673999619628034,47.782169342041016,4258800,0.0,0.0
2015-03-19 00:00:00-04:00,47.559012472188634,47.71292572294124,46.72018833802056,46.82023239135742,3767800,0.0,0.0
2015-03-20 00:00:00-04:00,47.10496942140633,47.5436202725173,46.812537477766384,47.305057525634766,4196400,0.0,0.0
2015-03-23 00:00:00-04:00,47.305051078530276,47.75139621021043,47.205007040050845,47.35122299194336,1538300,0.0,0.0
2015-03-24 00:00:00-04:00,47.243477623701786,47.63595644355183,46.74326337660985,46.85100173950195,1730200,0.0,0.0
2015-03-25 00:00:00-04:00,46.95875066932994,47.32814068336099,46.604752272839875,46.62014389038086,2194600,0.0,0.0
2015-03-26 00:00:00-04:00,46.63552982479403,46.8894870957824,45.13488389859254,45.25031661987305,5895200,0.0,0.0
2015-03-27 00:00:00-04:00,45.74283516806732,46.62783401491566,45.71205487141959,46.01987838745117,4757200,0.0,0.0
2015-03-30 00:00:00-04:00,46.058358406164416,46.84331325755752,45.996794873948694,46.7817497253418,2895500,0.0,0.0
2015-03-31 00:00:00-04:00,46.78174419005374,47.3666108873292,46.620136634502025,46.94335174560547,2435000,0.0,0.0
2015-04-01 00:00:00-04:00,46.920259089291726,47.26656010582745,46.41234760463599,47.058780670166016,2218100,0.0,0.0
2015-04-02 00:00:00-04:00,46.997227291402226,47.20500972051164,46.80483647952137,46.90488052368164,1985700,0.0,0.0
2015-04-06 00:00:00-04:00,46.97413934745234,47.682136096129405,46.97413934745234,47.366615295410156,1602100,0.0,0.0
2015-04-07 00:00:00-04:00,47.32812896938012,47.48204217104472,46.58165184947941,46.62782669067383,1321200,0.0,0.0
2015-04-08 00:00:00-04:00,46.67400907282405,46.789441790984945,46.23535828538127,46.635528564453125,1567200,0.0,0.0
2015-04-09 00:00:00-04:00,46.56626545403446,46.58935434504412,46.10452873294789,46.37387466430664,1714800,0.0,0.0
2015-04-10 00:00:00-04:00,46.56626818263766,47.0895713962129,46.42774950671541,46.83561706542969,1155400,0.0,0.0
2015-04-13 00:00:00-04:00,46.87408640831348,47.02799960922036,46.48930487387136,46.52778244018555,861200,0.0,0.0
2015-04-14 00:00:00-04:00,46.64323249800794,46.99723091460364,46.55858006455004,46.804840087890625,942700,0.0,0.0
2015-04-15 00:00:00-04:00,46.79713223615253,47.26656325186044,46.70478255232293,46.75865173339844,1143700,0.0,0.0
2015-04-16 00:00:00-04:00,46.70478346600402,46.96643503733949,46.289221623242014,46.874088287353516,1756600,0.0,0.0
2015-04-17 00:00:00-04:00,46.73556728676922,47.312739618883256,46.65091487502178,46.89717483520508,2314600,0.0,0.0
2015-04-20 00:00:00-04:00,47.058791412758474,47.92070138500553,47.04339979629773,47.55900573730469,1591000,0.0,0.0
2015-04-21 00:00:00-04:00,47.55901189096957,48.05153193883796,47.09727508000572,47.305057525634766,1944100,0.0,0.0
2015-04-22 00:00:00-04:00,47.27426357063525,47.57439272328111,46.95874280302674,47.43587112426758,1867800,0.0,0.0
2015-04-23 00:00:00-04:00,47.381996114832766,48.020734846833165,47.27425775898933,47.78986358642578,1570100,0.0,0.0
2015-04-24 00:00:00-04:00,47.69752879322972,48.505569600142536,47.54361555961519,48.09770202636719,1416100,0.0,0.0
2015-04-27 00:00:00-04:00,48.205443306857354,48.205443306857354,47.29735840316201,47.47435760498047,1541600,0.0,0.0
2015-04-28 00:00:00-04:00,47.32812853109897,47.928386782817064,47.05108535779827,47.920692443847656,1751900,0.0,0.0
2015-04-29 00:00:00-04:00,47.62057330921637,47.905310881226995,47.29735522733476,47.77448654174805,1988800,0.0,0.0
2015-04-30 00:00:00-04:00,47.71291932928511,47.71291932928511,46.88178964798523,47.366615295410156,3625600,0.0,0.0
2015-05-01 00:00:00-04:00,47.34352125104693,47.54360636107866,47.028000504225616,47.45125961303711,2065700,0.0,0.0
2015-05-04 00:00:00-04:00,47.43586529275448,48.1284732026766,47.29734371077006,47.78986358642578,1791900,0.0,0.0
2015-05-05 00:00:00-04:00,47.589795013157854,47.67444744661575,46.62014653821071,46.804840087890625,2245300,0.0,0.0
2015-05-06 00:00:00-04:00,46.82792245100328,47.066488114638425,46.44314082713095,47.02031326293945,2780100,0.0,0.0
2015-05-07 00:00:00-04:00,47.03570205995176,47.68213526672373,46.927963681431535,47.1280517578125,2598600,0.0,0.0
2015-05-08 00:00:00-04:00,47.68213445163784,47.928394437088926,46.76635531421978,47.004920959472656,3377400,0.0,0.0
2015-05-11 00:00:00-04:00,46.966440708280594,47.5743963350336,46.897179903515685,47.33583068847656,3338300,0.0,0.0
2015-05-12 00:00:00-04:00,47.104955701623524,47.25886890566642,46.635521750335286,47.043392181396484,2521700,0.0,0.0
2015-05-13 00:00:00-04:00,47.1896167471361,47.36661593670174,46.196879481804245,46.358489990234375,2651500,0.0,0.0
2015-05-14 00:00:00-04:00,46.68170649076609,47.104965689895494,46.54318487131998,47.02031326293945,1842900,0.0,0.0
2015-05-15 00:00:00-04:00,47.181927513667674,47.56670916802123,47.01262264634377,47.305057525634766,2119200,0.0,0.0
2015-05-18 00:00:00-04:00,47.18059580514781,47.74838039840254,47.10281823177974,47.48393249511719,2494700,0.65,0.0
2015-05-19 00:00:00-04:00,47.273935770750995,47.74061017406744,47.07171227289778,47.55393981933594,1572100,0.0,0.0
2015-05-20 00:00:00-04:00,47.569493977767465,48.005056142920665,47.46060417823529,47.74060821533203,1495800,0.0,0.0
2015-05-21 00:00:00-04:00,47.74061340141609,47.92728080174201,47.491721556298316,47.73283386230469,1237300,0.0,0.0
2015-05-22 00:00:00-04:00,47.56949592948228,47.73283063548195,47.26615919919014,47.55393981933594,1146300,0.0,0.0
2015-05-26 00:00:00-04:00,47.56171708287263,47.61616198226823,47.08726613069003,47.49949264526367,1576000,0.0,0.0
2015-05-27 00:00:00-04:00,47.49948872069399,47.82616105710126,47.28948571165165,47.70949172973633,1899500,0.0,0.0
2015-05-28 00:00:00-04:00,47.740612828912234,48.10617105309374,47.693944495877986,48.0750617980957,2051500,0.0,0.0
2015-05-29 00:00:00-04:00,48.0984001159668,48.35506856016262,47.84950824467532,48.0984001159668,2401300,0.0,0.0
2015-06-01 00:00:00-04:00,48.12172603900657,48.36284130350899,47.9350586452835,47.99728012084961,1193800,0.0,0.0
2015-06-02 00:00:00-04:00,47.84171453771696,47.84171453771696,47.0483737872925,47.515045166015625,2460600,0.0,0.0
2015-06-03 00:00:00-04:00,47.359498112459455,47.40616644804173,46.30170624212749,46.48837661743164,2535100,0.0,0.0
2015-06-04 00:00:00-04:00,46.2783726663418,46.7294910005386,46.2783726663418,46.426151275634766,1690900,0.0,0.0
2015-06-05 00:00:00-04:00,46.16169707916591,46.20836540754677,45.51613485519878,45.58613586425781,3746700,0.0,0.0
2015-06-08 00:00:00-04:00,45.80391455313713,46.1072512640282,45.446132943728415,45.52391052246094,3324100,0.0,0.0
2015-06-09 00:00:00-04:00,45.57058016612971,45.88947299538274,44.62167824965869,45.45391082763672,6655900,0.0,0.0
2015-06-10 00:00:00-04:00,45.827254229110316,45.99059191662204,44.70724090245437,44.91724395751953,4933900,0.0,0.0
2015-06-11 00:00:00-04:00,45.23613689441109,45.43836041050549,44.97946847140571,45.14280319213867,2239600,0.0,0.0
2015-06-12 00:00:00-04:00,45.00280575558028,45.18169660614972,44.73835776625477,44.75391387939453,1302100,0.0,0.0
2015-06-15 00:00:00-04:00,45.01836137374097,45.01836137374097,44.403908263089804,44.49724197387695,2527700,0.0,0.0
2015-06-16 00:00:00-04:00,44.4194648644527,44.79280267873133,44.2250179007435,44.75391387939453,1713500,0.0,0.0
2015-06-17 00:00:00-04:00,44.668349784795716,45.35280382123462,44.668349784795716,45.29835891723633,2038500,0.0,0.0
2015-06-18 00:00:00-04:00,45.33725332397764,46.16170652490324,45.33725332397764,46.045040130615234,3151900,0.0,0.0
2015-06-19 00:00:00-04:00,46.091698680444104,46.33281394019701,45.850586387715865,45.88169860839844,2581600,0.0,0.0
2015-06-22 00:00:00-04:00,45.858363099846386,46.006144665028934,45.5472497931417,45.671695709228516,1685100,0.0,0.0
2015-06-23 00:00:00-04:00,45.55502390355599,45.61724834174984,45.00279536619588,45.16613006591797,1691400,0.0,0.0
2015-06-24 00:00:00-04:00,45.13501842972863,45.368357108944565,44.83946124556434,44.987239837646484,1768200,0.0,0.0
2015-06-25 00:00:00-04:00,45.08836244608316,45.10391855906826,44.64502361059573,44.722801208496094,2648700,0.0,0.0
2015-06-26 00:00:00-04:00,44.68391188402942,45.31391813387843,44.46612927182439,45.18947219848633,1984200,0.0,0.0
2015-06-29 00:00:00-04:00,45.35280109327579,45.81169594724808,45.19724296248399,45.212799072265625,2371900,0.0,0.0
2015-06-30 00:00:00-04:00,45.33725302748134,45.422810162948075,44.8161336419226,45.01836013793945,2623000,0.0,0.0
2015-07-01 00:00:00-04:00,44.96390955937813,45.38391267695751,44.886129006474754,45.3294677734375,1852100,0.0,0.0
2015-07-02 00:00:00-04:00,45.55502852702956,46.11503665951254,45.55502852702956,45.99836730957031,1878500,0.0,0.0
2015-07-06 00:00:00-04:00,45.975041004603426,46.402823735364066,45.84281552519,46.35615539550781,2466200,0.0,0.0
2015-07-07 00:00:00-04:00,46.535036256078975,47.8339401999381,46.511700609136554,47.50727081298828,4826800,0.0,0.0
2015-07-08 00:00:00-04:00,47.515061131097816,47.91951117983125,47.25838970964139,47.62395095825195,2545500,0.0,0.0
2015-07-09 00:00:00-04:00,47.66283573099988,47.74061629169865,46.80727033248853,47.04838562011719,1868700,0.0,0.0
2015-07-10 00:00:00-04:00,46.99393202921688,47.795055388352566,46.822820750538334,47.297271728515625,2058900,0.0,0.0
2015-07-13 00:00:00-04:00,47.43727622939025,47.73283343845264,47.01727013184921,47.20393753051758,1924400,0.0,0.0
2015-07-14 00:00:00-04:00,47.1805973379349,47.507269684146905,46.86948110030673,46.993927001953125,2156000,0.0,0.0
2015-07-15 00:00:00-04:00,46.99393180538635,47.281715393066406,46.72948683350409,47.281715393066406,1191800,0.0,0.0
2015-07-16 00:00:00-04:00,47.42949407914699,48.075059300977195,47.31282770315846,48.00505828857422,1600000,0.0,0.0
2015-07-17 00:00:00-04:00,47.83393717149964,47.94282696025561,47.52282094617614,47.67837905883789,2103600,0.0,0.0
2015-07-20 00:00:00-04:00,47.600606421988815,47.771717693338424,47.34393506442762,47.75616455078125,1746500,0.0,0.0
2015-07-21 00:00:00-04:00,47.6706074872191,47.826165616193045,47.28949021958415,47.81838607788086,2779300,0.0,0.0
2015-07-22 00:00:00-04:00,47.81839453344025,48.4639598443766,47.69394860166066,48.37840270996094,2745800,0.0,0.0
2015-07-23 00:00:00-04:00,48.269508531148816,48.355062690812744,47.0406024696651,47.56172180175781,2788000,0.0,0.0
2015-07-24 00:00:00-04:00,47.49173263371473,47.577286814721745,47.06394689355202,47.367286682128906,2507300,0.0,0.0
2015-07-27 00:00:00-04:00,47.445052850768135,48.277285507673724,47.36727526241287,47.92728042602539,2332200,0.0,0.0
2015-07-28 00:00:00-04:00,47.865057436448,48.19172685764877,47.717275869407416,48.14506149291992,1705000,0.0,0.0
2015-07-29 00:00:00-04:00,48.12173201534898,48.61173917702037,47.67839319141656,48.4872932434082,3255100,0.0,0.0
2015-07-30 00:00:00-04:00,48.33172332138727,49.27284565071266,48.230610097741554,49.11729049682617,1904100,0.0,0.0
2015-07-31 00:00:00-04:00,49.467298819183,49.902863986464894,49.358409010874894,49.45952224731445,2135500,0.0,0.0
2015-08-03 00:00:00-04:00,49.552857342307234,49.9884165878229,49.38952262523886,49.615081787109375,1570000,0.0,0.0
2015-08-04 00:00:00-04:00,49.506194514142194,49.5606394226233,49.078408851755,49.18730163574219,1987200,0.0,0.0
2015-08-05 00:00:00-04:00,49.311742471285406,49.490633290249214,49.039514989973334,49.31951904296875,1328800,0.0,0.0
2015-08-06 00:00:00-04:00,49.296182874438784,49.5684073694732,48.72061869876315,49.560630798339844,2837400,0.0,0.0
2015-08-07 00:00:00-04:00,49.233969000970006,50.82843345761978,49.14063529222163,50.67287826538086,3463300,0.0,0.0
2015-08-10 00:00:00-04:00,50.75843540132733,51.32621719364458,50.478431308057104,50.67287826538086,2583800,0.0,0.0
2015-08-11 00:00:00-04:00,50.71954716198917,51.582892187245704,50.587324645989675,51.21733093261719,2350300,0.0,0.0
2015-08-12 00:00:00-04:00,51.038438080558855,52.08067089459464,50.945101407371304,51.80066680908203,3134900,0.0,0.0
2015-08-13 00:00:00-04:00,51.56732832776723,52.20511402226651,51.147322245919014,52.04955291748047,1944100,0.0,0.0
2015-08-14 00:00:00-04:00,51.85509743043322,52.39955230626985,51.629538316249985,52.360660552978516,2067400,0.0,0.0
2015-08-17 00:00:00-04:00,52.541296923712224,52.65910371788942,52.11719605981578,52.39207458496094,1666200,0.65,0.0
2015-08-18 00:00:00-04:00,52.30569636811659,52.360672086843664,52.022962388404835,52.235015869140625,1684100,0.0,0.0
2015-08-19 00:00:00-04:00,52.07008108665494,52.64339835628156,51.78734714835304,52.51774215698242,1471500,0.0,0.0
2015-08-20 00:00:00-04:00,52.24286383739706,52.86330749861327,52.10935223726167,52.478477478027344,1760700,0.0,0.0
2015-08-21 00:00:00-04:00,52.3214035080633,52.61984224730603,51.858031632185245,51.881591796875,2162000,0.0,0.0
2015-08-24 00:00:00-04:00,50.59358635611557,51.42608349273097,49.478361239255925,49.76894760131836,4069300,0.0,0.0
2015-08-25 00:00:00-04:00,50.09880690156101,50.8056418601594,48.81079919562797,48.850067138671875,2833500,0.0,0.0
2015-08-26 00:00:00-04:00,49.3683986508214,50.028110104799346,48.85790653911837,49.85532760620117,2412700,0.0,0.0
2015-08-27 00:00:00-04:00,50.13022401638397,50.36583168198871,49.619731753050715,50.18519973754883,2381400,0.0,0.0
2015-08-28 00:00:00-04:00,49.87103764806394,50.20874727653796,49.227033937009146,49.9495735168457,2392400,0.0,0.0
2015-08-31 00:00:00-04:00,49.79251354975938,49.87890182746014,48.85006792183624,49.40768051147461,2222300,0.0,0.0
2015-09-01 00:00:00-04:00,48.818642105675345,48.95215668123961,48.056831575562455,48.363128662109375,2342000,0.0,0.0
2015-09-02 00:00:00-04:00,48.77151666374562,48.77151666374562,47.87619459297184,48.4181022644043,1430200,0.0,0.0
2015-09-03 00:00:00-04:00,48.58303566401585,48.865769616799724,48.39454536350937,48.5987434387207,1270000,0.0,0.0
2015-09-04 00:00:00-04:00,48.20606164185592,48.41025673629229,47.507082093273056,47.79766845703125,1816400,0.0,0.0
2015-09-08 00:00:00-04:00,48.23747918754594,48.98358214092595,48.221774406000954,48.96002197265625,1818100,0.0,0.0
2015-09-09 00:00:00-04:00,49.09351284691018,49.28200310129291,48.06467932108861,48.14321517944336,1987200,0.0,0.0
2015-09-10 00:00:00-04:00,48.19820706442787,48.755822631417175,48.12752356979272,48.355281829833984,1641400,0.0,0.0
2015-09-11 00:00:00-04:00,48.19034813468606,49.01498679622099,48.15108019765137,48.9992790222168,1426800,0.0,0.0
2015-09-14 00:00:00-04:00,49.0149941855204,49.38411944038781,48.89718736070467,49.19562911987305,1293900,0.0,0.0
2015-09-15 00:00:00-04:00,49.44694486942271,49.44694486942271,48.66157406909788,49.211334228515625,1238800,0.0,0.0
2015-09-16 00:00:00-04:00,49.22704091035215,50.114510733868684,49.12494186971176,49.91031265258789,1725600,0.0,0.0
2015-09-17 00:00:00-04:00,49.957433623990845,51.29256149520447,49.78465110119544,50.664268493652344,1969100,0.0,0.0
2015-09-18 00:00:00-04:00,50.3579762169105,51.83447111585256,50.3501208314327,51.08837127685547,4469400,0.0,0.0
2015-09-21 00:00:00-04:00,51.206173951950774,51.56744979415745,50.829199322027556,51.072662353515625,2175200,0.0,0.0
2015-09-22 00:00:00-04:00,50.79778148629741,51.20617164899785,50.70353483710341,51.04124450683594,1958700,0.0,0.0
2015-09-23 00:00:00-04:00,51.01768617610947,51.66954537467997,50.80563869768121,51.46534729003906,1818300,0.0,0.0
2015-09-24 00:00:00-04:00,51.347527899491894,51.97582677904967,51.347527899491894,51.795188903808594,2465700,0.0,0.0
2015-09-25 00:00:00-04:00,51.889451024257475,52.47847915272653,51.64598798189954,52.038673400878906,2349400,0.0,0.0
2015-09-28 00:00:00-04:00,52.03081346072328,52.384227910110205,51.6067125263169,51.6931037902832,2101400,0.0,0.0
2015-09-29 00:00:00-04:00,51.7951967952639,51.91300360211766,51.253295070781554,51.75593185424805,2212800,0.0,0.0
2015-09-30 00:00:00-04:00,51.94441694817109,52.596276058813864,51.67739378973111,52.50202941894531,2051300,0.0,0.0
2015-10-01 00:00:00-04:00,52.56486095003636,52.61198127441172,51.33182919635725,51.54387664794922,2596800,0.0,0.0
2015-10-02 00:00:00-04:00,52.05437465022164,52.50989114339583,51.59100876337116,52.33710861206055,2008800,0.0,0.0
2015-10-05 00:00:00-04:00,52.48633170905506,52.776915068614535,51.9601347140494,52.682674407958984,1795200,0.0,0.0
2015-10-06 00:00:00-04:00,52.50988724589174,52.60413389014385,51.40251164556614,51.55958938598633,3434500,0.0,0.0
2015-10-07 00:00:00-04:00,51.58314883615221,51.677395479101754,50.94700047397614,51.37110137939453,2872000,0.0,0.0
2015-10-08 00:00:00-04:00,51.206177470684665,52.0700902067569,51.06481047677322,52.04652404785156,1646200,0.0,0.0
2015-10-09 00:00:00-04:00,51.99939855156741,52.203596631812935,51.34753936702824,51.386810302734375,1655500,0.0,0.0
2015-10-12 00:00:00-04:00,51.40251687827779,52.03867130590879,51.3239809960244,51.65383529663086,1321700,0.0,0.0
2015-10-13 00:00:00-04:00,51.66168140425197,51.810903748066444,51.33968254727133,51.47319412231445,1605500,0.0,0.0
2015-10-14 00:00:00-04:00,51.60672219577752,51.74023381350367,51.3082834046418,51.426090240478516,1676400,0.0,0.0
2015-10-15 00:00:00-04:00,51.59100598737587,52.31354563235106,51.3711031382011,52.20359420776367,1564900,0.0,0.0
2015-10-16 00:00:00-04:00,52.4863274586534,52.973253477684985,52.37637603552348,52.63554382324219,1826200,0.0,0.0
2015-10-19 00:00:00-04:00,52.313554302148624,52.56487274169922,51.75594170164275,52.56487274169922,2251000,0.0,0.0
2015-10-20 00:00:00-04:00,52.38422665387213,52.90257422523936,52.33710632625814,52.74550247192383,1390500,0.0,0.0
2015-10-21 00:00:00-04:00,52.94185570478874,53.19317415529467,52.5177546960779,52.596290588378906,981600,0.0,0.0
2015-10-22 00:00:00-04:00,52.76905228458315,53.35808023182799,52.6276853375683,53.232418060302734,1215900,0.0,0.0
2015-10-23 00:00:00-04:00,53.08321073088381,53.31882437312691,52.478477837252136,52.65126037597656,1677000,0.0,0.0
2015-10-26 00:00:00-04:00,52.75335642526653,52.80833214286941,52.148623531634854,52.65126037597656,1582500,0.0,0.0
2015-10-27 00:00:00-04:00,52.56486658743222,52.973256756923746,52.40779482806707,52.816184997558594,1548100,0.0,0.0
2015-10-28 00:00:00-04:00,52.80833983145528,52.96541761312156,51.4103805301012,52.15648651123047,1973400,0.0,0.0
2015-10-29 00:00:00-04:00,51.8737463460232,52.05437828364296,50.91559296312327,51.31612777709961,1891800,0.0,0.0
2015-10-30 00:00:00-04:00,51.50461858981767,51.9051533843295,51.31612528332583,51.63813018798828,3539800,0.0,0.0
2015-11-02 00:00:00-05:00,51.66168879582875,51.82661594010912,51.04910054795782,51.51246643066406,2015300,0.0,0.0
2015-11-03 00:00:00-05:00,51.38681919532783,51.58316192402893,50.9391580135655,51.5517463684082,1638600,0.0,0.0
2015-11-04 00:00:00-05:00,51.63026618786304,52.07792723025858,51.46533906612813,51.77163314819336,1937900,0.0,0.0
2015-11-05 00:00:00-05:00,51.6145639286463,51.98368912039814,51.21402318952165,51.323974609375,2256900,0.0,0.0
2015-11-06 00:00:00-05:00,50.216603106934606,50.41294878424946,48.323859778430474,48.653717041015625,8174000,0.0,0.0
2015-11-09 00:00:00-05:00,48.347425586897565,48.90503811349833,48.056836245470365,48.63801193237305,2295900,0.0,0.0
2015-11-10 00:00:00-05:00,48.740111220853294,49.52548199336878,48.740111220853294,49.21918487548828,1857900,0.0,0.0
2015-11-11 00:00:00-05:00,49.22704003693698,49.541189542894315,49.101380833744386,49.41552734375,1884200,0.0,0.0
2015-11-12 00:00:00-05:00,49.39982227236861,49.808212433363124,48.81864658857353,49.117088317871094,1588500,0.0,0.0
2015-11-13 00:00:00-05:00,49.085683424490284,49.47051650075732,48.496655223396395,48.622314453125,2009900,0.0,0.0
2015-11-16 00:00:00-05:00,48.622310055589665,49.80493045354511,48.59849990233752,49.78112030029297,1682900,0.65,0.0
2015-11-17 00:00:00-05:00,49.76523544762285,50.265269755525765,49.344570319121615,49.574745178222656,2087600,0.0,0.0
2015-11-18 00:00:00-05:00,49.54299995295944,49.88429289951539,49.07471752108164,49.844608306884766,1734500,0.0,0.0
2015-11-19 00:00:00-05:00,50.03509813968436,50.439885825255324,49.83667215057813,50.154151916503906,2708300,0.0,0.0
2015-11-20 00:00:00-05:00,50.33671363146481,50.65419648926431,49.98748491007811,50.24940872192383,1393300,0.0,0.0
2015-11-23 00:00:00-05:00,50.29702551979429,50.53513613265026,49.82874000248991,49.86048889160156,1391600,0.0,0.0
2015-11-24 00:00:00-05:00,49.58268485227915,49.7969852740123,49.162019715807325,49.4874382019043,1580000,0.0,0.0
2015-11-25 00:00:00-05:00,49.49538325300229,49.558878000281574,49.098531242349914,49.23345947265625,913000,0.0,0.0
2015-11-27 00:00:00-05:00,49.26520943368294,49.54300463609669,49.233460545481186,49.37632751464844,549900,0.0,0.0
2015-11-30 00:00:00-05:00,49.42394464419857,49.68586536964014,49.249328808744025,49.32870101928711,1685200,0.0,0.0
2015-12-01 00:00:00-05:00,49.511248024607816,49.73348413828177,49.217575414121555,49.67792510986328,1130300,0.0,0.0
2015-12-02 00:00:00-05:00,49.44775895645243,49.662059401350156,48.741362875719474,48.78898620605469,1299300,0.0,0.0
2015-12-03 00:00:00-05:00,48.638169126519706,48.638169126519706,47.86033974615578,48.019081115722656,2938800,0.0,0.0
2015-12-04 00:00:00-05:00,48.19370414431305,49.344572433655486,48.19370414431305,49.32870101928711,2217500,0.0,0.0
2015-12-07 00:00:00-05:00,49.32870401955923,49.85254853004391,49.09059040118766,49.8287353515625,1756400,0.0,0.0
2015-12-08 00:00:00-05:00,49.733487287444646,50.49544232063718,49.43981768610297,50.37638854980469,2281000,0.0,0.0
2015-12-09 00:00:00-05:00,50.2255801196194,50.74942455474253,49.69379997797106,50.01921844482422,2852700,0.0,0.0
2015-12-10 00:00:00-05:00,49.90016471944734,49.99541137004323,48.3841903498081,48.534996032714844,2782200,0.0,0.0
2015-12-11 00:00:00-05:00,48.35244160710691,48.765168011004015,47.87622046370113,48.26513671875,2043300,0.0,0.0
2015-12-14 00:00:00-05:00,48.5905570427738,49.24932975030465,48.47150023855314,49.24139404296875,2375200,0.0,0.0
2015-12-15 00:00:00-05:00,49.423948590940235,50.17796799874031,49.3842639963698,49.74142837524414,1975800,0.0,0.0
2015-12-16 00:00:00-05:00,49.97160331846572,51.03516983168155,49.908108572630134,50.97167205810547,2168900,0.0,0.0
2015-12-17 00:00:00-05:00,50.93198443575018,51.36852405973447,50.5510068775152,50.97167205810547,1847100,0.0,0.0
2015-12-18 00:00:00-05:00,50.82086741629401,50.916114078638294,49.963668649379336,50.23352813720703,3135800,0.0,0.0
2015-12-21 00:00:00-05:00,50.424013314490274,50.65418819732894,50.03510005647777,50.32876968383789,1538300,0.0,0.0
2015-12-22 00:00:00-05:00,50.368458212917496,50.70181548785669,49.868426842119696,50.5589485168457,1336200,0.0,0.0
2015-12-23 00:00:00-05:00,50.72561580500103,51.471696376265484,50.58274886169122,51.424076080322266,1276900,0.0,0.0
2015-12-24 00:00:00-05:00,51.29708732443081,51.527262211018545,51.25740575773145,51.392333984375,536800,0.0,0.0
2015-12-28 00:00:00-05:00,51.13834045029105,51.69393073562119,50.93197574910559,51.66218185424805,1082500,0.0,0.0
2015-12-29 00:00:00-05:00,51.66218997217142,52.11460706121919,51.52726174674361,51.70187759399414,1228600,0.0,0.0
2015-12-30 00:00:00-05:00,51.70188045655056,52.003485810467026,51.598701111772066,51.789188385009766,773000,0.0,0.0
2015-12-31 00:00:00-05:00,51.74156480868082,51.789185110108654,50.63831372433594,51.0113525390625,1183300,0.0,0.0
2016-01-04 00:00:00-05:00,50.677992902660364,51.130403884322774,50.3763876000455,51.114532470703125,1687600,0.0,0.0
2016-01-05 00:00:00-05:00,51.146283438535846,51.725683919216806,50.46369757093986,51.519325256347656,1516600,0.0,0.0
2016-01-06 00:00:00-05:00,51.154217789830504,51.96379921994176,50.9557917998692,51.76537322998047,1681100,0.0,0.0
2016-01-07 00:00:00-05:00,51.22566041851939,52.352718722911376,51.193911529672675,52.1622314453125,3372900,0.0,0.0
2016-01-08 00:00:00-05:00,52.241597668592306,53.01943026239616,52.16222847873012,52.72575759887695,5463900,0.0,0.0
2016-01-11 00:00:00-05:00,52.85274839684383,53.535334346382015,52.519394157901324,52.63051223754883,4280400,0.0,0.0
2016-01-12 00:00:00-05:00,52.662253160255815,52.93211563821271,51.67806200845832,51.987606048583984,3140100,0.0,0.0
2016-01-13 00:00:00-05:00,52.130478892901095,53.17022919376463,52.05904238414599,52.9241828918457,3214900,0.0,0.0
2016-01-14 00:00:00-05:00,52.82893110805007,53.96392795867523,52.447956616577216,53.67026138305664,3882800,0.0,0.0
2016-01-15 00:00:00-05:00,52.789259384646684,53.86869740415049,52.78132064841286,53.717891693115234,3838600,0.0,0.0
2016-01-19 00:00:00-05:00,53.97186590336638,54.97193452593382,53.69407074584216,54.821128845214844,3372100,0.0,0.0
2016-01-20 00:00:00-05:00,54.49570957301082,54.805253591920646,53.757564745884345,54.1702880859375,3398500,0.0,0.0
2016-01-21 00:00:00-05:00,54.17029857035363,54.749705160865766,52.54320293102972,53.725826263427734,4585700,0.0,0.0
2016-01-22 00:00:00-05:00,54.14648890058261,54.22585809102804,52.91624525449479,53.948062896728516,3143700,0.0,0.0
2016-01-25 00:00:00-05:00,54.106801742501986,54.154428101563305,53.55915008488642,53.821067810058594,2131300,0.0,0.0
2016-01-26 00:00:00-05:00,53.908373000836136,54.876692827694,53.70994700534824,53.963932037353516,2111600,0.0,0.0
2016-01-27 00:00:00-05:00,53.868692056761695,54.47984146550654,53.55914798466638,54.233795166015625,1604000,0.0,0.0
2016-01-28 00:00:00-05:00,54.162354808686906,55.265602793487446,53.694072393841985,54.88462829589844,1423400,0.0,0.0
2016-01-29 00:00:00-05:00,55.32116914781794,55.71802116768889,54.93225586387916,55.07512283325195,3791200,0.0,0.0
2016-02-01 00:00:00-05:00,55.09099112938892,56.20217175556892,54.82906738658352,55.89262771606445,2574500,0.0,0.0
2016-02-02 00:00:00-05:00,55.686268102529006,56.52759229230746,55.46402592563418,56.44822311401367,1720700,0.0,0.0
2016-02-03 00:00:00-05:00,56.559342540101134,57.392728015524646,56.52759365692115,56.88475799560547,1955500,0.0,0.0
2016-02-04 00:00:00-05:00,56.694285736556694,57.02764001483311,56.13869527276266,56.77365493774414,1751200,0.0,0.0
2016-02-05 00:00:00-05:00,56.519660512979094,57.337174655418345,55.67039748421938,57.178436279296875,2529300,0.0,0.0
2016-02-08 00:00:00-05:00,57.257811043421825,58.05945384850944,57.12288280503047,58.0038948059082,2855600,0.0,0.0
2016-02-09 00:00:00-05:00,58.035639646404775,58.65472780805047,57.71815682991233,58.42455291748047,2597300,0.0,0.0
2016-02-10 00:00:00-05:00,58.329289058209234,58.495966125241836,57.099051833307904,58.24991989135742,2016200,0.0,0.0
2016-02-11 00:00:00-05:00,58.24994225386373,58.48011716493503,57.21019184133611,57.265750885009766,2489200,0.0,0.0
2016-02-12 00:00:00-05:00,57.53010369479798,57.68232289167857,55.879750301313614,56.6568603515625,3244200,0.67,0.0
2016-02-16 00:00:00-05:00,56.80907675796736,56.945269657834444,56.023953601122074,56.85714340209961,2660100,0.0,0.0
2016-02-17 00:00:00-05:00,56.408520131579216,56.65687267546761,55.551290667726605,56.05601501464844,3257400,0.0,0.0
2016-02-18 00:00:00-05:00,56.10408056155952,57.66631411612419,55.95987448132647,57.12954330444336,2799200,0.0,0.0
2016-02-19 00:00:00-05:00,56.88119648752895,57.369894580133455,55.823687163518045,56.77705001831055,3049500,0.0,0.0
2016-02-22 00:00:00-05:00,56.88118721177932,57.42596502393102,56.33640939962762,57.34585189819336,1801900,0.0,0.0
2016-02-23 00:00:00-05:00,57.345862183319376,57.93069360711106,56.93727722286493,57.7224006652832,1789600,0.0,0.0
2016-02-24 00:00:00-05:00,57.49805964107342,58.00278389940485,57.03340111023379,57.337833404541016,1829800,0.0,0.0
2016-02-25 00:00:00-05:00,57.417970794709476,58.07490842177766,57.225698007144615,58.04286193847656,1413400,0.0,0.0
2016-02-26 00:00:00-05:00,57.56216224234912,57.94671383170838,56.21624084795194,56.36044692993164,2195200,0.0,0.0
2016-02-29 00:00:00-05:00,56.23227219601573,56.66489048084026,56.08806610107422,56.08806610107422,2643600,0.0,0.0
2016-03-01 00:00:00-05:00,56.36846573204622,56.74500421233904,55.59936858840675,55.90380096435547,2445000,0.0,0.0
2016-03-02 00:00:00-05:00,55.90379455015303,56.52067849115946,54.830265153737784,56.32039260864258,2519000,0.0,0.0
2016-03-03 00:00:00-05:00,56.48864449901382,56.58477783203125,55.519261346892385,56.58477783203125,2054900,0.0,0.0
2016-03-04 00:00:00-05:00,56.280334685051024,57.2577307991769,56.04800232085387,57.19363784790039,1667300,0.0,0.0
2016-03-07 00:00:00-05:00,57.12954438938086,57.49006265293006,56.86517166413302,57.433982849121094,1335100,0.0,0.0
2016-03-08 00:00:00-05:00,57.39393549047407,58.44343180553786,57.1616030786963,58.387351989746094,1819500,0.0,0.0
2016-03-09 00:00:00-05:00,58.17102291434182,59.03625925553057,58.17102291434182,58.26716232299805,2103400,0.0,0.0
2016-03-10 00:00:00-05:00,58.49149403504063,58.84399305119202,58.01881614812979,58.53154754638672,1297800,0.0,0.0
2016-03-11 00:00:00-05:00,58.67576143683544,59.0843464252375,58.47547551674989,58.69979476928711,1286800,0.0,0.0
2016-03-14 00:00:00-04:00,58.595621848209625,59.044260150822524,58.331243086067694,58.86000061035156,1320900,0.0,0.0
2016-03-15 00:00:00-04:00,59.004223847040244,59.37274914761503,58.868030910092216,59.20450973510742,1706200,0.0,0.0
2016-03-16 00:00:00-04:00,59.292642542113114,59.70923454576801,58.13098059609685,59.63713455200195,2001200,0.0,0.0
2016-03-17 00:00:00-04:00,59.66916299813913,60.5664396924528,59.42080438832954,60.470306396484375,2440300,0.0,0.0
2016-03-18 00:00:00-04:00,60.6625873153299,60.99105297476657,59.973603410474595,60.286048889160156,4544300,0.0,0.0
2016-03-21 00:00:00-04:00,59.9736014305128,60.38218631693567,59.380756966455884,59.885475158691406,1512300,0.0,0.0
2016-03-22 00:00:00-04:00,60.16589088567138,60.40623644151915,59.65315940462144,59.733272552490234,1594700,0.0,0.0
2016-03-23 00:00:00-04:00,59.86946763948108,60.77475776335651,59.45286951872637,60.366172790527344,1643700,0.0,0.0
2016-03-24 00:00:00-04:00,60.33411506482276,60.82281308909143,60.13382918970412,60.534400939941406,1229100,0.0,0.0
2016-03-28 00:00:00-04:00,60.53440092457088,61.07917874924485,60.25400192192395,60.52639389038086,1370600,0.0,0.0
2016-03-29 00:00:00-04:00,60.53441394046005,61.44771723816511,60.41424727937345,61.39965057373047,1474200,0.0,0.0
2016-03-30 00:00:00-04:00,61.343576749295586,61.66403547203797,60.934991724993004,61.27147674560547,1330100,0.0,0.0
2016-03-31 00:00:00-04:00,61.327541411614035,61.70407374714748,60.94298981688509,61.38362121582031,2722400,0.0,0.0
2016-04-01 00:00:00-04:00,61.37560990806608,61.87232112609219,60.991058301813545,61.6800422668457,1804100,0.0,0.0
2016-04-04 00:00:00-04:00,61.68805072301587,61.81623661943238,60.959007189686865,61.58390426635742,1381500,0.0,0.0
2016-04-05 00:00:00-04:00,61.5198033222643,61.63997605647564,60.57445385190185,60.67059326171875,2972600,0.0,0.0
2016-04-06 00:00:00-04:00,60.54242541115668,60.60651837012113,60.04571414754361,60.41424560546875,1614400,0.0,0.0
2016-04-07 00:00:00-04:00,60.33411164844749,61.111221777862895,60.310078322752496,60.86286926269531,1534900,0.0,0.0
2016-04-08 00:00:00-04:00,61.01507708017036,61.431668909641495,60.84683160724722,60.91893768310547,1011200,0.0,0.0
2016-04-11 00:00:00-04:00,60.94299276095675,61.311518079578136,60.47032097584688,60.55043411254883,1025900,0.0,0.0
2016-04-12 00:00:00-04:00,60.49434559556224,60.975030458804696,60.29405972652458,60.926963806152344,1312500,0.0,0.0
2016-04-13 00:00:00-04:00,60.89491966578017,60.89491966578017,59.85343066200171,60.286048889160156,1587000,0.0,0.0
2016-04-14 00:00:00-04:00,60.18190170076612,60.44627440949898,59.97360268009917,60.310081481933594,1313200,0.0,0.0
2016-04-15 00:00:00-04:00,60.33411684044735,60.86287450019695,60.1979239082961,60.7667350769043,1157900,0.0,0.0
2016-04-18 00:00:00-04:00,60.76673348062538,60.76673348062538,59.869456669091164,60.702640533447266,1564100,0.0,0.0
2016-04-19 00:00:00-04:00,60.65458244876042,60.91094816145364,60.1979308320181,60.894927978515625,1433600,0.0,0.0
2016-04-20 00:00:00-04:00,60.83082662705253,60.96701955607223,58.69978196819889,58.85200119018555,2182700,0.0,0.0
2016-04-21 00:00:00-04:00,58.69978763370886,58.98819981255181,56.66488831177541,56.961307525634766,3751300,0.0,0.0
2016-04-22 00:00:00-04:00,57.22567915346701,57.65829736713804,57.03340642924867,57.34585189819336,1677200,0.0,0.0
2016-04-25 00:00:00-04:00,57.2497138511458,57.99477755160645,57.12954110354121,57.88261795043945,1713300,0.0,0.0
2016-04-26 00:00:00-04:00,57.89064238357672,58.195074772921075,57.64228369350847,57.71438980102539,1606100,0.0,0.0
2016-04-27 00:00:00-04:00,57.93869663784619,59.08433206681781,57.850570365445314,58.90006637573242,1727700,0.0,0.0
2016-04-28 00:00:00-04:00,58.555581106224835,59.492923736572266,58.25916189458303,59.492923736572266,1695200,0.0,0.0
2016-04-29 00:00:00-04:00,59.14842675271517,59.78933789274793,58.57160244811775,59.76530456542969,1998600,0.0,0.0
2016-05-02 00:00:00-04:00,59.813382574462125,60.68662614217042,59.58105020295724,60.406227111816406,1687500,0.0,0.0
2016-05-03 00:00:00-04:00,60.46230983028744,60.80680183052772,60.02969154308518,60.26202392578125,1574600,0.0,0.0
2016-05-04 00:00:00-04:00,60.17389541681826,61.407657276486994,60.12582875742874,61.0711784362793,1609100,0.0,0.0
2016-05-05 00:00:00-04:00,60.84685332957009,61.495783795009096,60.17389564658509,60.55043411254883,2006100,0.0,0.0
2016-05-06 00:00:00-04:00,60.422240037954296,60.430253184213676,58.37131467681289,59.412803649902344,3679700,0.0,0.0
2016-05-09 00:00:00-04:00,59.524960380610395,59.94155228243059,59.0923421870436,59.56501388549805,1908200,0.0,0.0
2016-05-10 00:00:00-04:00,58.69177903584474,59.885481231234024,58.61166590213061,59.13240432739258,4320800,0.0,0.0
2016-05-11 00:00:00-04:00,59.04427478657377,59.92553754549217,58.77990207113823,59.629112243652344,9233600,0.0,0.0
2016-05-12 00:00:00-04:00,59.68518948348611,60.26201376920434,59.116378344025016,60.053714752197266,3060800,0.0,0.0
2016-05-13 00:00:00-04:00,60.021680981150936,60.181913379002985,59.581055639600066,59.781341552734375,1900300,0.0,0.0
2016-05-16 00:00:00-04:00,59.635828272226846,59.837928824571904,59.05378386227337,59.82984924316406,1887800,0.67,0.0
2016-05-17 00:00:00-04:00,59.65199387408127,59.740918601733036,58.07560602103357,58.431304931640625,2798000,0.0,0.0
2016-05-18 00:00:00-04:00,58.196856479470824,58.689982177851846,57.259113395210555,57.50971603393555,3047200,0.0,0.0
2016-05-19 00:00:00-04:00,57.46930951618879,58.09178266490745,56.83875678614497,58.06753158569336,2109600,0.0,0.0
2016-05-20 00:00:00-04:00,58.26154159559516,58.39088889759192,57.69566256840639,58.33430099487305,2172000,0.0,0.0
2016-05-23 00:00:00-04:00,58.479802056897185,58.528310374475076,57.90583733444127,57.962425231933594,1600600,0.0,0.0
2016-05-24 00:00:00-04:00,58.00283897239437,58.447462504734915,57.83307530575998,58.318115234375,1526700,0.0,0.0
2016-05-25 00:00:00-04:00,58.180695566186756,58.245369209348944,57.71990665198777,58.03518295288086,1740000,0.0,0.0
2016-05-26 00:00:00-04:00,58.099848317009645,58.875913421515044,58.091762570862045,58.795074462890625,1144400,0.0,0.0
2016-05-27 00:00:00-04:00,58.956752330287785,59.094179176594814,58.45554091905266,58.80315399169922,1131200,0.0,0.0
2016-05-31 00:00:00-04:00,58.576802002135615,59.33670177563116,58.455540481400796,59.22352600097656,2849500,0.0,0.0
2016-06-01 00:00:00-04:00,59.2477930979369,59.56306943655837,59.09419471895045,59.538818359375,1736900,0.0,0.0
2016-06-02 00:00:00-04:00,59.46604993069605,59.61156253932002,58.96484463136074,59.530723571777344,1691300,0.0,0.0
2016-06-03 00:00:00-04:00,59.99960522323402,61.22029412878467,59.99960522323402,60.9130973815918,2244900,0.0,0.0
2016-06-06 00:00:00-04:00,60.7595089531004,61.074785300259414,60.298713803662935,60.662498474121094,1879200,0.0,0.0
2016-06-07 00:00:00-04:00,60.686764139915894,60.961624145952264,60.201723963662815,60.34723663330078,1690000,0.0,0.0
2016-06-08 00:00:00-04:00,60.34722013208003,61.010109630811534,60.26638115274571,60.953521728515625,1215800,0.0,0.0
2016-06-09 00:00:00-04:00,60.96159948749727,61.980181595334685,60.96159948749727,61.875091552734375,1585900,0.0,0.0
2016-06-10 00:00:00-04:00,61.90743473390514,62.48139948883022,61.826595756859945,62.360137939453125,2902500,0.0,0.0
2016-06-13 00:00:00-04:00,62.36014628894621,62.683508408041035,62.077206747595525,62.42481994628906,2285500,0.0,0.0
2016-06-14 00:00:00-04:00,62.400572385198586,63.25747680664063,62.069124498342084,63.257476806640625,2396600,0.0,0.0
2016-06-15 00:00:00-04:00,63.257477776464164,63.37873935077369,62.230809604899214,62.49757766723633,2117700,0.0,0.0
2016-06-16 00:00:00-04:00,62.56222002360426,63.322119752584605,62.5056321395919,63.014923095703125,2442300,0.0,0.0
2016-06-17 00:00:00-04:00,62.94217781038724,63.12002723041611,62.22270055126505,62.92600631713867,3858000,0.0,0.0
2016-06-20 00:00:00-04:00,63.014956081986774,63.03112758166515,61.73768515029556,62.37632369995117,2107500,0.0,0.0
2016-06-21 00:00:00-04:00,62.546060615217264,62.67540171907058,62.11760240418365,62.384376525878906,1364600,0.0,0.0
2016-06-22 00:00:00-04:00,62.45716269548302,62.5784242725908,62.17422312731155,62.37632369995117,1281500,0.0,0.0
2016-06-23 00:00:00-04:00,62.335870462262456,62.335870462262456,61.681066902573846,62.13376998901367,1574000,0.0,0.0
2016-06-24 00:00:00-04:00,62.10144030862878,63.75866684673071,61.867002992609336,63.386802673339844,4230800,0.0,0.0
2016-06-27 00:00:00-04:00,63.43530729986747,64.73683504144829,63.249372122091096,64.45389556884766,3556000,0.0,0.0
2016-06-28 00:00:00-04:00,64.30839736375323,64.33264844289141,63.305974196833326,64.02545166015625,2514000,0.0,0.0
2016-06-29 00:00:00-04:00,64.0416144826747,64.39731337550192,63.50806614343388,63.920352935791016,1882800,0.0,0.0
2016-06-30 00:00:00-04:00,64.00928926379144,65.02787780761719,63.7910233739243,65.02787780761719,2222100,0.0,0.0
2016-07-01 00:00:00-04:00,65.32697433657613,65.46440738645543,64.21946736261725,65.08445739746094,1573800,0.0,0.0
2016-07-05 00:00:00-04:00,65.25422950993759,66.19197289701248,65.08446578040558,66.02220916748047,2148300,0.0,0.0
2016-07-06 00:00:00-04:00,65.65841201461006,65.99793937742132,65.1006126559788,65.92518615722656,1783700,0.0,0.0
2016-07-07 00:00:00-04:00,65.69881588510874,65.76348951358221,64.44579671342291,64.6640625,2367100,0.0,0.0
2016-07-08 00:00:00-04:00,64.47007135448904,65.01169931385306,63.904192317484664,64.97936248779297,2334600,0.0,0.0
2016-07-11 00:00:00-04:00,64.61558879268101,65.06021247454532,63.936527730162744,64.83385467529297,2440500,0.0,0.0
2016-07-12 00:00:00-04:00,64.39731327478464,64.5589912252977,63.6454990864238,63.67782974243164,2406200,0.0,0.0
2016-07-13 00:00:00-04:00,63.98503459843659,64.3164762893114,63.70209506534364,64.20330047607422,2069600,0.0,0.0
2016-07-14 00:00:00-04:00,63.68592115594532,64.07395690636342,63.556580017551966,63.96078109741211,1660800,0.0,0.0
2016-07-15 00:00:00-04:00,63.97695300796194,64.28414363991253,63.54041505669341,63.98503875732422,1753300,0.0,0.0
2016-07-18 00:00:00-04:00,64.21945484586448,64.41346959286577,63.75866596697541,63.91225814819336,1578100,0.0,0.0
2016-07-19 00:00:00-04:00,63.9365300699697,64.13055104785778,63.59700261009499,63.952701568603516,999300,0.0,0.0
2016-07-20 00:00:00-04:00,63.9527012341695,64.08204238446557,63.4353242977461,63.79102325439453,1576200,0.0,0.0
2016-07-21 00:00:00-04:00,63.79100617093336,64.58323669433594,63.33021109997615,64.58323669433594,1921600,0.0,0.0
2016-07-22 00:00:00-04:00,64.502404937315,65.69883660328637,64.502404937315,65.62608337402344,1866400,0.0,0.0
2016-07-25 00:00:00-04:00,65.60991182870897,65.69883037795415,65.17337399163996,65.63416290283203,1290000,0.0,0.0
2016-07-26 00:00:00-04:00,65.6422436116145,65.6422436116145,64.70450044622363,65.03594207763672,1255000,0.0,0.0
2016-07-27 00:00:00-04:00,64.8742694900389,64.93085739117593,63.30596741907165,64.21138000488281,2809500,0.0,0.0
2016-07-28 00:00:00-04:00,64.21137110319978,64.72066214282958,63.96076845685116,64.57514953613281,922500,0.0,0.0
2016-07-29 00:00:00-04:00,64.49431620620416,65.35930617504889,64.30838718383083,64.7368392944336,2338500,0.0,0.0
2016-08-01 00:00:00-04:00,64.43774280526702,65.16530606602522,64.4134917245117,65.0440444946289,1364100,0.0,0.0
2016-08-02 00:00:00-04:00,64.82576819974173,65.00361765357337,64.38114456516267,64.76918029785156,1121500,0.0,0.0
2016-08-03 00:00:00-04:00,64.70450638968562,64.82576794114334,63.49998895847467,63.782928466796875,1589600,0.0,0.0
2016-08-04 00:00:00-04:00,63.888011188935494,64.18712215918345,63.48381017554972,63.69399642944336,1360500,0.0,0.0
2016-08-05 00:00:00-04:00,63.41913131602974,63.572729662118384,62.78049919492089,62.85325241088867,1965600,0.0,0.0
2016-08-08 00:00:00-04:00,62.917920117575974,63.354457875089054,62.59455813042367,62.77240753173828,1363900,0.0,0.0
2016-08-09 00:00:00-04:00,62.86942438503017,63.314047977245615,62.570319575374455,63.12811279296875,1429100,0.0,0.0
2016-08-10 00:00:00-04:00,63.31403275920373,63.45145959372297,63.03917909016523,63.249359130859375,1376500,0.0,0.0
2016-08-11 00:00:00-04:00,63.1281091050237,63.39488324476802,62.93409435230864,63.37063217163086,1427700,0.0,0.0
2016-08-12 00:00:00-04:00,63.64549428147483,63.879925441734734,63.394885459195415,63.69399642944336,1819500,0.0,0.0
2016-08-15 00:00:00-04:00,63.596143533092246,63.81628129291153,62.03885036585841,62.16115188598633,3167700,0.67,0.0
2016-08-16 00:00:00-04:00,62.01441067309149,62.05517993270431,61.21538543701172,61.21538543701172,2199300,0.0,0.0
2016-08-17 00:00:00-04:00,61.15014999581972,62.332383740866256,60.40819185668994,62.27531051635742,2404900,0.0,0.0
2016-08-18 00:00:00-04:00,62.10410111060468,63.19665387249798,62.10410111060468,63.09065628051758,2718600,0.0,0.0
2016-08-19 00:00:00-04:00,62.81343935945588,62.84605352160463,61.908416576502816,62.3731575012207,1860600,0.0,0.0
2016-08-22 00:00:00-04:00,62.59329219021628,62.89496850962098,62.34869531710429,62.576988220214844,931100,0.0,0.0
2016-08-23 00:00:00-04:00,62.52807553848795,62.93574324971446,62.34054565429688,62.340545654296875,814900,0.0,0.0
2016-08-24 00:00:00-04:00,62.15300221570403,62.37313997269932,61.663796141468026,62.22637939453125,1290700,0.0,0.0
2016-08-25 00:00:00-04:00,62.291611544394584,62.691124057194415,62.07146755330099,62.332374572753906,1221900,0.0,0.0
2016-08-26 00:00:00-04:00,62.373160442898765,62.72375492688863,60.89740530403049,60.96262741088867,1126800,0.0,0.0
2016-08-29 00:00:00-04:00,61.239838381878805,61.68827531072296,61.04415964043547,61.35398483276367,1857400,0.0,0.0
2016-08-30 00:00:00-04:00,61.20722518526996,61.61489286499616,60.79140241020501,60.82401657104492,1218400,0.0,0.0
2016-08-31 00:00:00-04:00,60.88924393401384,61.37844389787971,60.58756761638095,61.35398483276367,2252000,0.0,0.0
2016-09-01 00:00:00-04:00,61.27246646479179,61.35399877387638,60.913716840199875,61.05232238769531,1023600,0.0,0.0
2016-09-02 00:00:00-04:00,61.06047029202882,61.88396082396639,60.8729466252756,61.598594665527344,1625900,0.0,0.0
2016-09-06 00:00:00-04:00,61.623031620830616,62.33236921434183,61.60672143447778,62.193763732910156,1160700,0.0,0.0
2016-09-07 00:00:00-04:00,62.12855374954391,62.20193716874465,61.69642699146668,61.9736442565918,1171300,0.0,0.0
2016-09-08 00:00:00-04:00,61.810568906237506,62.18562240872084,61.52520278701268,61.859493255615234,1484800,0.0,0.0
2016-09-09 00:00:00-04:00,61.052327197360626,61.34584850960172,59.46242527315212,59.478729248046875,3302900,0.0,0.0
2016-09-12 00:00:00-04:00,59.519476067064886,60.856625442711206,59.519476067064886,60.70170974731445,2496700,0.0,0.0
2016-09-13 00:00:00-04:00,60.72618527385098,60.73433414934084,59.601018404686364,59.70701599121094,1658500,0.0,0.0
2016-09-14 00:00:00-04:00,60.29404673049886,60.856630113368034,60.016835696949755,60.4408073425293,2025400,0.0,0.0
2016-09-15 00:00:00-04:00,60.465271750106254,60.92185754956284,60.163595435171025,60.79140090942383,1404100,0.0,0.0
2016-09-16 00:00:00-04:00,60.66910388735366,61.45182504474145,60.49787799683354,61.40290069580078,2897800,0.0,0.0
2016-09-19 00:00:00-04:00,61.394743239087774,62.33237374559182,61.394743239087774,62.29161071777344,1755200,0.0,0.0
2016-09-20 00:00:00-04:00,62.479138906505206,62.64220969126299,62.25900112272519,62.40576171875,2458400,0.0,0.0
2016-09-21 00:00:00-04:00,62.340522726193385,63.669516736618,62.25899045803781,63.645057678222656,2023500,0.0,0.0
2016-09-22 00:00:00-04:00,63.88967961313844,64.41149374839563,63.79999222546782,64.28919219970703,1928000,0.0,0.0
2016-09-23 00:00:00-04:00,64.08533779996371,64.42777705002412,63.79997175824671,64.15056610107422,1239100,0.0,0.0
2016-09-26 00:00:00-04:00,64.17504801046871,64.4033409251334,63.848912609298274,64.13428497314453,1526100,0.0,0.0
2016-09-27 00:00:00-04:00,64.53379635835041,64.8517766578609,63.3678665199736,63.47385787963867,1679900,0.0,0.0
2016-09-28 00:00:00-04:00,63.530931314027235,63.628773799008655,62.60144947850721,62.919429779052734,1719300,0.0,0.0
2016-09-29 00:00:00-04:00,62.70743727316192,62.74820030348973,61.94917523930425,62.397605895996094,1639700,0.0,0.0
2016-09-30 00:00:00-04:00,62.60959650559254,62.87050354473813,60.978925955804,61.39474868774414,2978900,0.0,0.0
2016-10-03 00:00:00-04:00,61.27245284487314,61.32137097534686,60.26143875182089,60.530494689941406,1937300,0.0,0.0
2016-10-04 00:00:00-04:00,60.43265496331621,60.43265496331621,59.02212215056928,59.331947326660156,2553600,0.0,0.0
2016-10-05 00:00:00-04:00,59.37272348501559,59.85377460492068,58.81829516507428,59.11181640625,2341900,0.0,0.0
2016-10-06 00:00:00-04:00,58.90797343698677,59.38086938795111,58.52476486363686,58.973201751708984,2003400,0.0,0.0
2016-10-07 00:00:00-04:00,59.35641120090462,59.976061538365606,58.728599548339844,58.728599548339844,2096600,0.0,0.0
2016-10-10 00:00:00-04:00,58.69598690577974,59.128113622446094,58.45139004641949,58.86720657348633,1340100,0.0,0.0
2016-10-11 00:00:00-04:00,58.630770951015776,58.9732103223025,58.17417890211811,58.426937103271484,2069900,0.0,0.0
2016-10-12 00:00:00-04:00,58.508470852435565,58.948752720967846,58.43508743075576,58.76122283935547,1675900,0.0,0.0
2016-10-13 00:00:00-04:00,58.89166707830013,60.00867237513788,58.78566951605009,59.47055435180664,1583400,0.0,0.0
2016-10-14 00:00:00-04:00,59.23411723153188,59.829308581777944,58.83460463282415,59.103660583496094,1288200,0.0,0.0
2016-10-17 00:00:00-04:00,59.2993400467724,59.617320321175775,59.25041569804626,59.51947784423828,1164500,0.0,0.0
2016-10-18 00:00:00-04:00,59.861928632487206,60.073917596141335,59.022134094819975,59.71516799926758,1670300,0.0,0.0
2016-10-19 00:00:00-04:00,59.7314704344251,60.163597181527614,59.43794920610732,59.878231048583984,1486900,0.0,0.0
2016-10-20 00:00:00-04:00,59.95160666638288,60.53864910755674,59.79669096093006,60.02499008178711,989400,0.0,0.0
2016-10-21 00:00:00-04:00,59.69885412427265,59.96791627729685,59.46240613105578,59.658084869384766,1054100,0.0,0.0
2016-10-24 00:00:00-04:00,60.01683440675036,60.10652179109176,59.29118645745354,59.658084869384766,1268400,0.0,0.0
2016-10-25 00:00:00-04:00,59.61733454110214,60.11468969826268,59.47872277725032,60.049461364746094,1273500,0.0,0.0
2016-10-26 00:00:00-04:00,59.98421704477036,60.3348114683394,59.74776906417593,60.236968994140625,965600,0.0,0.0
2016-10-27 00:00:00-04:00,59.98421172103155,60.26957780314116,59.52762598965616,59.902679443359375,1256300,0.0,0.0
2016-10-28 00:00:00-04:00,60.01685394149487,60.538668227226246,59.93532162569628,60.32667922973633,1108900,0.0,0.0
2016-10-31 00:00:00-04:00,60.51419704294325,61.98995219123926,60.38374038736214,61.598594665527344,2506900,0.0,0.0
2016-11-01 00:00:00-04:00,61.54153674908338,61.54153674908338,60.245149848818635,60.375606536865234,1635300,0.0,0.0
2016-11-02 00:00:00-04:00,60.35927662755448,60.44896401616574,59.48686802784834,60.18805694580078,1870100,0.0,0.0
2016-11-03 00:00:00-04:00,60.02499077773623,60.56310887470805,59.723314458492204,60.228824615478516,1517000,0.0,0.0
2016-11-04 00:00:00-04:00,61.37028453424691,61.48443719770728,60.016831187669474,60.130977630615234,1841700,0.0,0.0
2016-11-07 00:00:00-05:00,60.28590071818377,60.7832558036509,59.421640974962074,60.77510070800781,1728700,0.0,0.0
2016-11-08 00:00:00-05:00,60.921857288808575,61.65566033516228,60.83216990422562,61.419212341308594,1361400,0.0,0.0
2016-11-09 00:00:00-05:00,59.47871103975747,59.85377077320567,58.82644649485784,58.916133880615234,2983300,0.0,0.0
2016-11-10 00:00:00-05:00,58.74492706308017,58.74492706308017,56.24999612668748,57.636070251464844,3992800,0.0,0.0
2016-11-11 00:00:00-05:00,57.63606275946814,58.394324947956044,57.29361715589752,57.472991943359375,2107000,0.0,0.0
2016-11-14 00:00:00-05:00,57.08611200694977,57.47299798991736,56.60045089996239,57.25074768066406,2446400,0.67,0.0
2016-11-15 00:00:00-05:00,57.555307646477516,58.46901514489871,57.54708057366886,58.090362548828125,2560900,0.0,0.0
2016-11-16 00:00:00-05:00,58.30438473064309,58.444320328404814,57.12726647845422,57.48945236206055,1722600,0.0,0.0
2016-11-17 00:00:00-05:00,57.30013584410498,57.9586659854566,57.275442062840845,57.65409469604492,1152700,0.0,0.0
2016-11-18 00:00:00-05:00,57.612928412994044,57.892805892994275,57.012025528636755,57.234275817871094,1777200,0.0,0.0
2016-11-21 00:00:00-05:00,57.4235971624062,57.744628801726144,57.16841349715156,57.703468322753906,1612800,0.0,0.0
2016-11-22 00:00:00-05:00,57.810489740971775,58.09036093368265,57.32482240980962,57.88457107543945,1396300,0.0,0.0
2016-11-23 00:00:00-05:00,57.440070855174504,57.92573824237068,57.14373292269757,57.25074768066406,1388900,0.0,0.0
2016-11-25 00:00:00-05:00,57.538852412457516,58.36201194259222,57.41537722689555,58.16445541381836,930200,0.0,0.0
2016-11-28 00:00:00-05:00,58.26321812702048,59.86838263698044,58.26321812702048,59.802528381347656,2065800,0.0,0.0
2016-11-29 00:00:00-05:00,59.621432318461224,60.271728962368186,59.57204476684037,59.802528381347656,1988300,0.0,0.0
2016-11-30 00:00:00-05:00,58.995839470331646,59.08638751715372,57.41537474796042,57.43183517456055,3847100,0.0,0.0
2016-12-01 00:00:00-05:00,57.053182214234866,57.44830153253271,56.88855282839906,57.18489074707031,1959300,0.0,0.0
2016-12-02 00:00:00-05:00,57.69524463646979,58.07390352186965,57.028487470829226,57.36598587036133,1551100,0.0,0.0
2016-12-05 00:00:00-05:00,57.05318759807366,57.42361317147229,56.67453495075285,57.39068603515625,2048400,0.0,0.0
2016-12-06 00:00:00-05:00,57.59645720190386,57.61291762460591,56.84737922471569,56.92146682739258,1446200,0.0,0.0
2016-12-07 00:00:00-05:00,57.11080437228767,57.96689101375487,57.11080437228767,57.95866394042969,1416900,0.0,0.0
2016-12-08 00:00:00-05:00,57.53061642080792,58.2056069533604,57.06964911473555,58.09859848022461,1269400,0.0,0.0
2016-12-09 00:00:00-05:00,58.16444758306314,58.87235890587985,57.950424375583864,58.80651092529297,1775800,0.0,0.0
2016-12-12 00:00:00-05:00,58.74889934451244,60.08241379618181,58.666578365345075,59.94247817993164,1787900,0.0,0.0
2016-12-13 00:00:00-05:00,59.983640499821945,60.526922553691946,59.90131951814268,60.32113265991211,2068300,0.0,0.0
2016-12-14 00:00:00-05:00,60.452812351443775,60.83969817191723,58.48546240836941,58.617164611816406,2129400,0.0,0.0
2016-12-15 00:00:00-05:00,58.56780821236965,59.1440174342202,58.23854310836526,59.061702728271484,1658000,0.0,0.0
2016-12-16 00:00:00-05:00,59.09462468053153,60.38698491915801,59.09462468053153,59.82723617553711,3048400,0.0,0.0
2016-12-19 00:00:00-05:00,60.11533994939868,60.46929880132345,59.72022688877174,60.123573303222656,1151900,0.0,0.0
2016-12-20 00:00:00-05:00,60.10709573775702,60.806786241598516,59.893078818664726,60.45282745361328,1626500,0.0,0.0
2016-12-21 00:00:00-05:00,60.452837217568316,60.79856270905621,60.172959714786145,60.18942642211914,729400,0.0,0.0
2016-12-22 00:00:00-05:00,60.181165700917745,60.617439043714484,59.925988375177596,60.502197265625,1187300,0.0,0.0
2016-12-23 00:00:00-05:00,60.62568911649624,60.765624702746436,60.329351239608975,60.609222412109375,482600,0.0,0.0
2016-12-27 00:00:00-05:00,60.51043990139605,60.85616528871903,60.304650083198055,60.7079963684082,724100,0.0,0.0
2016-12-28 00:00:00-05:00,60.683316933708205,60.683316933708205,60.04125355405263,60.14826202392578,873400,0.0,0.0
2016-12-29 00:00:00-05:00,60.22234468550712,61.02903738014879,60.21411133305344,60.97141647338867,1111400,0.0,0.0
2016-12-30 00:00:00-05:00,60.979644166209695,61.16074022213588,60.42812892694886,60.6503791809082,1139000,0.0,0.0
2017-01-03 00:00:00-05:00,60.683310021435005,60.69977044561424,59.87661107208465,60.609222412109375,1699600,0.0,0.0
2017-01-04 00:00:00-05:00,60.683306100970164,61.0784190578217,60.33758069367327,60.551597595214844,1259600,0.0,0.0
2017-01-05 00:00:00-05:00,60.53514252044034,60.90556173524147,60.06594191759528,60.683311462402344,1802900,0.0,0.0
2017-01-06 00:00:00-05:00,60.32935929481136,60.93026220080451,60.23057789592373,60.86441421508789,914600,0.0,0.0
2017-01-09 00:00:00-05:00,60.996108397732236,60.996108397732236,59.8519173695315,59.8930778503418,1479300,0.0,0.0
2017-01-10 00:00:00-05:00,59.78607816916038,59.942480499379535,59.382731732510635,59.7943115234375,1124200,0.0,0.0
2017-01-11 00:00:00-05:00,59.78607231528241,60.23057919958519,59.60498250038151,60.11533737182617,1288800,0.0,0.0
2017-01-12 00:00:00-05:00,60.09887396620832,60.69977685542314,59.679060882918435,60.60100173950195,1493100,0.0,0.0
2017-01-13 00:00:00-05:00,60.45283144635916,60.62569417560054,60.12356641342923,60.58453369140625,1179900,0.0,0.0
2017-01-17 00:00:00-05:00,60.82324573803552,61.440615269505805,60.642149670637686,61.40768814086914,1601900,0.0,0.0
2017-01-18 00:00:00-05:00,61.144282243638436,61.5970224480569,61.01257999884915,61.267757415771484,1455500,0.0,0.0
2017-01-19 00:00:00-05:00,60.8726214489717,61.03725706012747,60.304645861051924,60.49396896362305,1395500,0.0,0.0
2017-01-20 00:00:00-05:00,60.428138266498586,60.74916994972802,59.91777714639139,60.156494140625,2034800,0.0,0.0
2017-01-23 00:00:00-05:00,60.312901466786826,60.52692472244513,59.84370074336513,60.05772399902344,1527100,0.0,0.0
2017-01-24 00:00:00-05:00,59.942471794172675,60.18118879186744,59.71198814955933,59.91777801513672,1544100,0.0,0.0
2017-01-25 00:00:00-05:00,59.69551754223673,59.90130739436555,59.374485875332404,59.87661361694336,1990900,0.0,0.0
2017-01-26 00:00:00-05:00,59.68728705843636,60.518673491768695,59.68728705843636,60.107093811035156,1451300,0.0,0.0
2017-01-27 00:00:00-05:00,60.32936203340585,60.5104581328163,60.02479074983294,60.18942642211914,1488300,0.0,0.0
2017-01-30 00:00:00-05:00,60.3704973210962,60.55159336375082,59.934223916631964,60.304649353027344,1595100,0.0,0.0
2017-01-31 00:00:00-05:00,60.45282492161599,61.36653230628019,60.370503962112394,61.20189666748047,2991000,0.0,0.0
2017-02-01 00:00:00-05:00,60.76562047644013,60.930249827612876,60.13179056619716,60.362274169921875,1766300,0.0,0.0
2017-02-02 00:00:00-05:00,60.477518897079555,61.325372029023455,60.230568578168274,61.30067825317383,1488000,0.0,0.0
2017-02-03 00:00:00-05:00,61.32538435904138,61.49001375127745,60.864417036613375,61.078433990478516,2302100,0.0,0.0
2017-02-06 00:00:00-05:00,61.366541210978994,61.522937240273514,60.95496147456789,61.16075134277344,1758300,0.0,0.0
2017-02-07 00:00:00-05:00,61.16897107703332,61.40768804913681,61.05372926708096,61.3336067199707,831900,0.0,0.0
2017-02-08 00:00:00-05:00,61.42415326185125,61.992128945621,61.42415326185125,61.94274139404297,1121600,0.0,0.0
2017-02-09 00:00:00-05:00,61.84396131063779,62.09914498630565,61.127816676873145,61.234825134277344,1801900,0.0,0.0
2017-02-10 00:00:00-05:00,61.15250970936033,61.70402497422444,61.061961677193686,61.53116226196289,1321700,0.0,0.0
2017-02-13 00:00:00-05:00,61.72225085897665,61.880110304497855,61.18221105894173,61.772098541259766,1695200,0.69,0.0
2017-02-14 00:00:00-05:00,61.59763669051171,61.73057231944214,60.974515192019574,61.2237663269043,1254300,0.0,0.0
2017-02-15 00:00:00-05:00,60.82495527820095,61.28191350036187,60.600634366506505,61.232059478759766,1616700,0.0,0.0
2017-02-16 00:00:00-05:00,61.215468684913915,61.888438011428285,61.090843092187306,61.72227478027344,2953000,0.0,0.0
2017-02-17 00:00:00-05:00,61.54778482406685,61.54778482406685,60.343079538802066,61.06590270996094,2768800,0.0,0.0
2017-02-21 00:00:00-05:00,61.06590670474539,62.046284780220695,60.83327569339865,61.91334915161133,1854700,0.0,0.0
2017-02-22 00:00:00-05:00,61.913339285400276,62.38691129409561,61.647474409268135,62.32044982910156,2410800,0.0,0.0
2017-02-23 00:00:00-05:00,62.5530869510911,63.134664443937986,62.37030364227658,63.06820297241211,1438000,0.0,0.0
2017-02-24 00:00:00-05:00,63.350689060497984,63.77441347692456,63.20113963933096,63.64978790283203,1609700,0.0,0.0
2017-02-27 00:00:00-05:00,63.64977801851218,63.73285960876526,63.30083153621782,63.53346252441406,1239000,0.0,0.0
2017-02-28 00:00:00-05:00,63.38392042443012,64.17320513079036,63.3589965783564,64.00704193115234,1727500,0.0,0.0
2017-03-01 00:00:00-05:00,63.06820149948055,63.899030091983455,62.80233026470927,63.29252243041992,1780800,0.0,0.0
2017-03-02 00:00:00-05:00,63.11806359183345,64.38923061428139,62.968514157503066,64.13167572021484,2164800,0.0,0.0
2017-03-03 00:00:00-05:00,64.23135287031428,64.23135287031428,63.30082895546645,63.699623107910156,1525700,0.0,0.0
2017-03-06 00:00:00-05:00,63.69962935000134,63.990418101886426,63.508542315356586,63.674705505371094,1328500,0.0,0.0
2017-03-07 00:00:00-05:00,63.55007994350052,63.857488817618695,63.46699834849326,63.674705505371094,1088200,0.0,0.0
2017-03-08 00:00:00-05:00,63.192822295383905,63.21774613958632,62.66109249000163,62.735870361328125,1201600,0.0,0.0
2017-03-09 00:00:00-05:00,62.8438866416321,63.14298550110338,62.40354841483283,62.420162200927734,1776900,0.0,0.0
2017-03-10 00:00:00-05:00,62.744186475367066,63.15960086403499,62.62787095363769,63.126373291015625,1145100,0.0,0.0
2017-03-13 00:00:00-04:00,63.12636935184454,63.375614166259766,62.9685098656108,63.375614166259766,1414100,0.0,0.0
2017-03-14 00:00:00-04:00,63.34236726303435,63.616542207497105,63.16789402711773,63.49191665649414,1203100,0.0,0.0
2017-03-15 00:00:00-04:00,63.699611495256796,64.89600641191865,63.550062130674064,64.5055160522461,1547200,0.0,0.0
2017-03-16 00:00:00-04:00,64.25628258487293,64.48891992356435,63.300834740519,63.40884017944336,1892200,0.0,0.0
2017-03-17 00:00:00-04:00,63.583313586593455,64.04857558768767,63.47530814740212,63.70793914794922,2989100,0.0,0.0
2017-03-20 00:00:00-04:00,63.88243915059518,64.01537482870302,63.09315416267641,63.2177734375,1060900,0.0,0.0
2017-03-21 00:00:00-04:00,63.22606834698231,64.44738765728334,63.184530711571554,64.25629425048828,1603000,0.0,0.0
2017-03-22 00:00:00-04:00,64.51385377595022,65.10374142845029,64.39753825792037,64.89603424072266,2040300,0.0,0.0
2017-03-23 00:00:00-04:00,64.8046332336781,65.36959695644356,64.52215454165508,64.71324157714844,1270900,0.0,0.0
2017-03-24 00:00:00-04:00,64.71323689462332,65.3529784440405,64.60523146232124,65.14527130126953,1130200,0.0,0.0
2017-03-27 00:00:00-04:00,65.23665886777466,65.61884560175855,64.92094628178707,65.26158905029297,1783800,0.0,0.0
2017-03-28 00:00:00-04:00,65.07881664608927,65.32806146455302,64.89603330931705,65.24497985839844,1241400,0.0,0.0
2017-03-29 00:00:00-04:00,65.02896466151466,65.20344428027622,64.59693649265863,64.95419311523438,1260800,0.0,0.0
2017-03-30 00:00:00-04:00,64.79632257336007,64.80463263443667,64.33937063365656,64.58861541748047,827100,0.0,0.0
2017-03-31 00:00:00-04:00,64.48890660426635,64.8710869308177,64.21473169433233,64.52214050292969,1300400,0.0,0.0
2017-04-03 00:00:00-04:00,64.59692330434432,64.66339111328125,64.09011735395868,64.66339111328125,2192100,0.0,0.0
2017-04-04 00:00:00-04:00,64.55538322895825,65.03726536470884,64.38922003532265,64.77140045166016,1130200,0.0,0.0
2017-04-05 00:00:00-04:00,64.68832612457048,65.3114476788102,64.46399881536084,65.24497985839844,1291300,0.0,0.0
2017-04-06 00:00:00-04:00,65.11205318645068,65.22005864494243,64.78803047225499,65.07881927490234,1010500,0.0,0.0
2017-04-07 00:00:00-04:00,65.37791359584473,65.43607135233178,64.63847654677211,64.65509033203125,1988500,0.0,0.0
2017-04-10 00:00:00-04:00,64.69664985213758,64.92928093399523,64.42247478906752,64.8129653930664,932900,0.0,0.0
2017-04-11 00:00:00-04:00,64.69663377014415,64.87941076136873,64.23136538336155,64.7215576171875,1733100,0.0,0.0
2017-04-12 00:00:00-04:00,64.49722329239677,65.29481800452338,64.33937016540625,65.28651428222656,2095600,0.0,0.0
2017-04-13 00:00:00-04:00,65.20344222468127,65.48592095335088,64.76309766849353,65.24497985839844,1578800,0.0,0.0
2017-04-17 00:00:00-04:00,65.31143336189844,65.52745056152344,65.19511787103548,65.52745056152344,1307300,0.0,0.0
2017-04-18 00:00:00-04:00,65.54408000949796,65.8764127794177,65.35299294543036,65.71024322509766,1549000,0.0,0.0
2017-04-19 00:00:00-04:00,65.54407415715289,65.69362357332767,65.27820923269991,65.45268249511719,1700200,0.0,0.0
2017-04-20 00:00:00-04:00,65.45266858584466,65.45266858584466,64.6384602009238,65.0372543334961,1836400,0.0,0.0
2017-04-21 00:00:00-04:00,65.00404005071844,65.85979265462552,64.98742626464661,65.71024322509766,2137300,0.0,0.0
2017-04-24 00:00:00-04:00,65.75176389220738,66.05086264524556,65.2781919230166,65.96778106689453,1744600,0.0,0.0
2017-04-25 00:00:00-04:00,65.63544841477231,66.0342488650626,65.5274429967878,65.96778106689453,1146000,0.0,0.0
2017-04-26 00:00:00-04:00,65.90132705673389,66.22534971719824,65.7102336816993,65.75177764892578,1099000,0.0,0.0
2017-04-27 00:00:00-04:00,65.77668973654144,66.54936048231937,65.65206419585759,66.1173324584961,1495300,0.0,0.0
2017-04-28 00:00:00-04:00,65.95949469797026,66.11735419063793,65.61885820276996,65.86810302734375,2890300,0.0,0.0
2017-05-01 00:00:00-04:00,65.88467972113872,66.00929888191668,65.44433544443054,65.51080322265625,1284300,0.0,0.0
2017-05-02 00:00:00-04:00,65.66038520391915,65.90963632684753,65.44436798662916,65.85147857666016,1386700,0.0,0.0
2017-05-03 00:00:00-04:00,65.84317761076933,65.92625921698209,65.39452933075616,65.43607330322266,1495800,0.0,0.0
2017-05-04 00:00:00-04:00,65.18682006338433,65.71023987065159,65.15358615421688,65.5357666015625,1598400,0.0,0.0
2017-05-05 00:00:00-04:00,65.99272092287069,66.64076626549375,65.64377440587667,66.30843353271484,1650300,0.0,0.0
2017-05-08 00:00:00-04:00,65.8680810161639,66.28349525702136,65.70191785530822,65.95947265625,1168700,0.0,0.0
2017-05-09 00:00:00-04:00,65.86809055480579,65.94286842512254,65.37790472219284,65.47760009765625,1472400,0.0,0.0
2017-05-10 00:00:00-04:00,65.5939232927825,65.93456610217733,65.4609939969913,65.668701171875,1489200,0.0,0.0
2017-05-11 00:00:00-04:00,65.63546635370722,66.02595685127255,65.40283533525634,66.01764678955078,1337800,0.0,0.0
2017-05-12 00:00:00-04:00,66.18382734383998,66.53277392958344,66.0592017521542,66.38322448730469,1282900,0.0,0.0
2017-05-15 00:00:00-04:00,66.50892068721427,66.78548401180413,66.26588077111438,66.71843719482422,1506700,0.69,0.0
2017-05-16 00:00:00-04:00,66.74357216218014,66.81900142299654,66.31615673471609,66.32453918457031,1288600,0.0,0.0
2017-05-17 00:00:00-04:00,66.32454321781695,66.93633421566255,66.17369108094655,66.50891876220703,1748100,0.0,0.0
2017-05-18 00:00:00-04:00,66.5927313292818,67.12071066880392,66.23236265165774,66.97824096679688,1613500,0.0,0.0
2017-05-19 00:00:00-04:00,67.04529802149311,67.36376088527757,66.65140587258678,67.35538482666016,1337900,0.0,0.0
2017-05-22 00:00:00-04:00,67.12910613950999,68.02583678184958,67.12910613950999,67.84146118164062,1366300,0.0,0.0
2017-05-23 00:00:00-04:00,67.8833442927886,68.40294750153802,67.8162974799301,68.14314270019531,1788800,0.0,0.0
2017-05-24 00:00:00-04:00,68.11800546902784,68.39456879174159,68.03420014533964,68.2604751586914,1626900,0.0,0.0
2017-05-25 00:00:00-04:00,68.36944179421972,68.85552172237362,68.14316034072775,68.75495147705078,1341800,0.0,0.0
2017-05-26 00:00:00-04:00,68.80521392822266,69.05663627339874,68.59569743855454,68.80521392822266,1123200,0.0,0.0
2017-05-30 00:00:00-04:00,68.75494320618019,69.0482650606646,68.61247350456445,68.88903045654297,1173700,0.0,0.0
2017-05-31 00:00:00-04:00,68.98120181414335,69.76898580199091,68.90577895263557,69.38347625732422,1924600,0.0,0.0
2017-06-01 00:00:00-04:00,69.36673409838775,69.9366193499163,69.13207659374731,69.91986083984375,1467000,0.0,0.0
2017-06-02 00:00:00-04:00,70.30535110009315,70.38915641519279,69.77737186042337,70.00364685058594,918800,0.0,0.0
2017-06-05 00:00:00-04:00,69.88631874717075,69.97012406300968,69.5762320452374,69.60137939453125,855600,0.0,0.0
2017-06-06 00:00:00-04:00,69.76899933176077,69.83604615094868,69.31644289314723,69.47567749023438,1173700,0.0,0.0
2017-06-07 00:00:00-04:00,69.67680032932165,70.35563168091777,69.44214289390253,70.19640350341797,1599800,0.0,0.0
2017-06-08 00:00:00-04:00,70.19640317472835,70.19640317472835,69.1236798213007,69.5929946899414,1617300,0.0,0.0
2017-06-09 00:00:00-04:00,69.30804315904105,69.85278723971197,69.25776125415712,69.76898193359375,1412600,0.0,0.0
2017-06-12 00:00:00-04:00,69.76898434627815,70.17963483621264,69.24938120008078,69.8108901977539,1546100,0.0,0.0
2017-06-13 00:00:00-04:00,69.42539229934847,69.62653276595292,69.14883534715692,69.45891571044922,1687300,0.0,0.0
2017-06-14 00:00:00-04:00,70.02878360691797,70.38077613952865,69.7606027783174,70.05392456054688,1312100,0.0,0.0
2017-06-15 00:00:00-04:00,70.18802493397622,70.61544036865234,69.61813981905337,70.61544036865234,1907800,0.0,0.0
2017-06-16 00:00:00-04:00,70.81657959625622,71.26913602012004,70.6908684128602,71.10990142822266,2975700,0.0,0.0
2017-06-19 00:00:00-04:00,71.00095157267026,71.03447497948443,70.64896539202547,71.02609252929688,1687200,0.0,0.0
2017-06-20 00:00:00-04:00,71.06801539571971,71.34457237873974,71.00096856604436,71.20210266113281,1283000,0.0,0.0
2017-06-21 00:00:00-04:00,71.26913650244542,71.34455937663162,70.69086889127205,70.94229125976562,1135000,0.0,0.0
2017-06-22 00:00:00-04:00,70.7914364311417,71.11828166141873,70.53163801577693,70.56515502929688,1154600,0.0,0.0
2017-06-23 00:00:00-04:00,70.51488063772817,70.85849080535827,70.17127686403494,70.26345825195312,1347100,0.0,0.0
2017-06-26 00:00:00-04:00,70.322129758253,70.88363251260981,70.17127760398462,70.43107604980469,1387900,0.0,0.0
2017-06-27 00:00:00-04:00,70.02879142058718,70.21316695968518,69.15720203190135,69.28291320800781,1566000,0.0,0.0
2017-06-28 00:00:00-04:00,69.56786492015739,69.60976438648781,68.56218181917882,68.57056427001953,1627100,0.0,0.0
2017-06-29 00:00:00-04:00,68.05094790280408,68.27722927434755,67.60677400287807,67.7408676147461,2111700,0.0,0.0
2017-06-30 00:00:00-04:00,67.84982690488718,68.17667215414477,67.71573966121214,67.73249816894531,1943400,0.0,0.0
2017-07-03 00:00:00-04:00,68.00067711735221,68.11800584995908,67.52297973632812,67.52297973632812,929600,0.0,0.0
2017-07-05 00:00:00-04:00,67.54811711363767,67.64868733365677,67.18774848432263,67.43917083740234,1551500,0.0,0.0
2017-07-06 00:00:00-04:00,67.34700564149757,67.54813975501763,67.07882469215811,67.37214660644531,1200200,0.0,0.0
2017-07-07 00:00:00-04:00,67.48105084083919,67.79951991542832,67.27991685273787,67.48943328857422,1345700,0.0,0.0
2017-07-10 00:00:00-04:00,67.55651893042203,67.8163174141952,67.35538482666016,67.35538482666016,1314300,0.0,0.0
2017-07-11 00:00:00-04:00,67.47271373014794,67.59004249042,67.0788215804041,67.38890838623047,1060000,0.0,0.0
2017-07-12 00:00:00-04:00,67.86660148987569,68.06773558105468,67.7325078331314,67.97554779052734,1233400,0.0,0.0
2017-07-13 00:00:00-04:00,67.7995433916575,67.90010722356222,67.30508110702571,67.32184600830078,1512200,0.0,0.0
2017-07-14 00:00:00-04:00,67.79954366634256,68.06772454240237,67.54812129768928,67.65707397460938,837100,0.0,0.0
2017-07-17 00:00:00-04:00,67.72412538110049,67.98393024255823,67.45594446154935,67.97554779052734,885500,0.0,0.0
2017-07-18 00:00:00-04:00,68.03418521967771,68.22694317641512,67.9168565134671,68.059326171875,1104300,0.0,0.0
2017-07-19 00:00:00-04:00,68.2772291702039,68.51188659667969,67.95876003947075,68.51188659667969,988100,0.0,0.0
2017-07-20 00:00:00-04:00,68.72142277601446,69.07340901666377,68.4532418697192,69.06503295898438,969500,0.0,0.0
2017-07-21 00:00:00-04:00,69.07340846072547,69.5427298384177,68.92255630252747,69.50082397460938,1628600,0.0,0.0
2017-07-24 00:00:00-04:00,69.48405185801802,69.54271621949886,68.57055663617545,68.83873748779297,1601600,0.0,0.0
2017-07-25 00:00:00-04:00,68.83034963125802,68.87225548356798,68.08447149647506,68.31075286865234,1326200,0.0,0.0
2017-07-26 00:00:00-04:00,68.21857254993111,68.8135986328125,68.08447892306069,68.8135986328125,1294300,0.0,0.0
2017-07-27 00:00:00-04:00,68.67113281799695,68.97283710151451,68.34428757650898,68.9644546508789,1653700,0.0,0.0
2017-07-28 00:00:00-04:00,68.94769106826931,69.13206662216037,68.52865804358473,69.03987884521484,2203700,0.0,0.0
2017-07-31 00:00:00-04:00,69.06504193885705,69.5259745347036,68.84714292605544,69.44216918945312,2909000,0.0,0.0
2017-08-01 00:00:00-04:00,69.50919265063598,69.63489742927422,69.03149531000315,69.3415756225586,1694300,0.0,0.0
2017-08-02 00:00:00-04:00,69.09016712328447,69.4170123708685,68.84712720181031,69.30805969238281,1804300,0.0,0.0
2017-08-03 00:00:00-04:00,69.14883623143683,69.6600570678711,69.08178940837794,69.6600570678711,2194400,0.0,0.0
2017-08-04 00:00:00-04:00,69.01472746031175,70.07907476281798,69.01472746031175,69.39186096191406,1396100,0.0,0.0
2017-08-07 00:00:00-04:00,69.40025556707074,69.97852325439453,69.25778585666663,69.97852325439453,1267200,0.0,0.0
2017-08-08 00:00:00-04:00,69.8863274805765,70.4981185111316,69.81090460507691,70.44783020019531,1386400,0.0,0.0
2017-08-09 00:00:00-04:00,69.93660245357971,70.53163491736638,69.67680404962772,69.77737426757812,2978300,0.0,0.0
2017-08-10 00:00:00-04:00,69.82766718728797,70.2718411972011,69.4086341373417,70.0958480834961,1430500,0.0,0.0
2017-08-11 00:00:00-04:00,70.12936241280181,70.2550735902931,69.14882673745471,69.45053100585938,1546900,0.0,0.0
2017-08-14 00:00:00-04:00,69.58573691202206,69.95758407609891,69.33221003002272,69.76321411132812,1566400,0.69,0.0
2017-08-15 00:00:00-04:00,69.45897943135941,70.29562913587402,69.45897943135941,70.1857681274414,1047700,0.0,0.0
2017-08-16 00:00:00-04:00,70.20266771037942,70.59141410490149,70.08435387063882,70.5153579711914,872600,0.0,0.0
2017-08-17 00:00:00-04:00,70.53226286001495,70.69283441870556,70.06746029438506,70.16041564941406,1044700,0.0,0.0
2017-08-18 00:00:00-04:00,70.10972236137192,71.04778691623602,69.92379872741728,70.5914306640625,2024000,0.0,0.0
2017-08-21 00:00:00-04:00,70.72663203259346,70.92945483226204,70.40548894819595,70.77733612060547,937300,0.0,0.0
2017-08-22 00:00:00-04:00,70.78579272938143,70.92945861816406,70.40549270613099,70.92945861816406,1084900,0.0,0.0
2017-08-23 00:00:00-04:00,70.96326298976234,71.23369555103824,70.68437759755321,71.20834350585938,825900,0.0,0.0
2017-08-24 00:00:00-04:00,71.19144504139287,71.44497841405517,71.01397425957786,71.18299865722656,845800,0.0,0.0
2017-08-25 00:00:00-04:00,71.36047459800682,71.72386901969605,71.24216073491004,71.39427947998047,778600,0.0,0.0
2017-08-28 00:00:00-04:00,71.54639176738505,71.63090074088053,71.19989659414578,71.48722839355469,825300,0.0,0.0
2017-08-29 00:00:00-04:00,71.6562418824692,71.76610288653093,71.30130037923556,71.34355163574219,1070900,0.0,0.0
2017-08-30 00:00:00-04:00,71.25905145773797,71.29285633568195,70.98016605041606,71.05622863769531,708900,0.0,0.0
2017-08-31 00:00:00-04:00,71.05623936943672,71.30976632087534,70.87876856914305,71.21680450439453,1328900,0.0,0.0
2017-09-01 00:00:00-04:00,71.3604712723771,71.40272253715862,70.78580120085056,70.98017120361328,853800,0.0,0.0
2017-09-05 00:00:00-04:00,71.09847080710274,71.33510492244902,70.90410084330804,71.30130004882812,1130100,0.0,0.0
2017-09-06 00:00:00-04:00,71.42806896594925,71.4365217972892,70.83649972457613,71.03087615966797,1414900,0.0,0.0
2017-09-07 00:00:00-04:00,71.22522160688568,71.7069296653543,71.02239885795652,71.61396789550781,1658200,0.0,0.0
2017-09-08 00:00:00-04:00,71.61399957621698,72.40839816174363,71.46188083532085,72.28163146972656,1505500,0.0,0.0
2017-09-11 00:00:00-04:00,72.2140102775228,72.814038761589,72.0196403018006,72.72107696533203,1109800,0.0,0.0
2017-09-12 00:00:00-04:00,72.67881861347598,72.68727144422995,70.91255739551806,71.16608428955078,1614000,0.0,0.0
2017-09-13 00:00:00-04:00,71.12383179017954,71.22523996697515,70.7604374455472,70.7857894897461,1424400,0.0,0.0
2017-09-14 00:00:00-04:00,70.73508682100446,71.41962432861328,70.51536478176237,71.41962432861328,1531300,0.0,0.0
2017-09-15 00:00:00-04:00,71.60554653249315,71.74075959648083,71.15763673600468,71.36046600341797,2472200,0.0,0.0
2017-09-18 00:00:00-04:00,71.44497949183936,71.45343232375468,70.08436369644386,70.62522888183594,1271300,0.0,0.0
2017-09-19 00:00:00-04:00,70.70972750983367,70.74353238492607,70.31252828702381,70.49000549316406,1305200,0.0,0.0
2017-09-20 00:00:00-04:00,70.65056820414735,70.76043565639209,69.54348598465012,69.80546569824219,1431700,0.0,0.0
2017-09-21 00:00:00-04:00,69.83928261173297,70.2533811056789,69.55195080505011,69.66181182861328,1086100,0.0,0.0
2017-09-22 00:00:00-04:00,69.93223395021808,69.93223395021808,68.94346554330556,68.95191192626953,1140700,0.0,0.0
2017-09-25 00:00:00-04:00,69.0617702849172,69.5941824844493,68.88429955173983,69.501220703125,1354800,0.0,0.0
2017-09-26 00:00:00-04:00,68.62233517791665,69.41673376198749,68.62233517791665,69.16320037841797,1505300,0.0,0.0
2017-09-27 00:00:00-04:00,68.71529571546415,69.00263397469352,67.75187919194636,68.1321792602539,1496900,0.0,0.0
2017-09-28 00:00:00-04:00,67.9885081916695,68.43641802915694,67.62511378048421,68.20823669433594,1619500,0.0,0.0
2017-09-29 00:00:00-04:00,68.182861328125,68.36033205694841,67.8448190813863,68.182861328125,1848500,0.0,0.0
2017-10-02 00:00:00-04:00,68.36034867454892,69.0195276697373,68.14907302493106,68.54627227783203,1973700,0.0,0.0
2017-10-03 00:00:00-04:00,68.48709585775318,68.50399506795864,67.82791705021197,68.36878204345703,1181100,0.0,0.0
2017-10-04 00:00:00-04:00,68.42795676806958,69.12094062408211,68.13217215531198,69.11248779296875,1136700,0.0,0.0
2017-10-05 00:00:00-04:00,69.12093245466222,69.23924628578172,68.73218608846669,69.1040267944336,1444600,0.0,0.0
2017-10-06 00:00:00-04:00,68.7321894793653,69.08713099023483,68.52936023233653,68.92655944824219,1095700,0.0,0.0
2017-10-09 00:00:00-04:00,69.01108109397377,69.22235674300364,68.80825182861788,68.8674087524414,1224300,0.0,0.0
2017-10-10 00:00:00-04:00,68.91810828930716,69.64489692174243,68.79134163060425,69.63644409179688,1557100,0.0,0.0
2017-10-11 00:00:00-04:00,69.46743559835488,70.25338132469022,69.46743559835488,70.00830078125,1352500,0.0,0.0
2017-10-12 00:00:00-04:00,69.97450927607359,70.62523554729263,69.97450927607359,70.5914306640625,1227900,0.0,0.0
2017-10-13 00:00:00-04:00,70.78579059085874,71.06466952900539,70.0843539348817,70.21112060546875,1558500,0.0,0.0
2017-10-16 00:00:00-04:00,70.16042005528232,70.46465752894805,69.53504589169016,70.01675415039062,1582800,0.0,0.0
2017-10-17 00:00:00-04:00,70.16041172697341,70.6928304664991,69.85618073704268,70.61676788330078,1144400,0.0,0.0
2017-10-18 00:00:00-04:00,70.47309912929327,70.89565039230504,70.11815761579233,70.80268859863281,1530700,0.0,0.0
2017-10-19 00:00:00-04:00,70.91257744908503,71.71542251199187,70.78581074240961,71.69851684570312,1320800,0.0,0.0
2017-10-20 00:00:00-04:00,71.48721940367442,71.90132428268284,71.41116327137934,71.71540069580078,1358200,0.0,0.0
2017-10-23 00:00:00-04:00,71.72385055822868,71.9858302665643,71.43651235922351,71.91822052001953,1611100,0.0,0.0
2017-10-24 00:00:00-04:00,72.24781662113026,72.5013499701861,71.95203201231237,72.47599792480469,1950200,0.0,0.0
2017-10-25 00:00:00-04:00,72.11260986328125,72.20557166954853,71.19144463234771,72.11260986328125,1637300,0.0,0.0
2017-10-26 00:00:00-04:00,72.45910947995903,72.7802526580867,72.00275321179532,72.25628662109375,1354900,0.0,0.0
2017-10-27 00:00:00-04:00,72.08725419971765,72.95770884417435,72.07034853708717,72.61121368408203,1125200,0.0,0.0
2017-10-30 00:00:00-04:00,72.50979798426984,72.68726873777096,72.29852235663225,72.59430694580078,1490500,0.0,0.0
2017-10-31 00:00:00-04:00,72.51824771116003,72.83939080645531,72.42528591490306,72.72107696533203,1398500,0.0,0.0
2017-11-01 00:00:00-04:00,72.55204739846022,73.12671734894312,72.06188640736178,72.50979614257812,1305300,0.0,0.0
2017-11-02 00:00:00-04:00,72.71263199182472,73.37181102006262,72.45065223640233,73.35491180419922,1690100,0.0,0.0
2017-11-03 00:00:00-04:00,73.35490119987564,74.01408013282139,73.05066377734367,73.55772399902344,1629400,0.0,0.0
2017-11-06 00:00:00-05:00,73.60845129655475,73.72676517066516,72.90701443745547,72.94927215576172,1372600,0.0,0.0
2017-11-07 00:00:00-05:00,73.13517876855414,74.11549441826419,72.78023722888089,74.10704803466797,1487400,0.0,0.0
2017-11-08 00:00:00-05:00,74.02253584362258,74.43664077224236,73.72675121433798,74.25071716308594,1799400,0.0,0.0
2017-11-09 00:00:00-05:00,74.01408580253873,74.43663709424408,73.828162202569,74.08169555664062,1134700,0.0,0.0
2017-11-10 00:00:00-05:00,73.6676036120328,73.88733212771989,73.37181894531298,73.68450927734375,1578200,0.0,0.0
2017-11-13 00:00:00-05:00,73.89576923944165,74.92679538491011,73.86196436363375,74.6310043334961,1370100,0.0,0.0
2017-11-14 00:00:00-05:00,74.52880383768155,75.81495987203127,74.39251947714828,75.77236938476562,1583900,0.69,0.0
2017-11-15 00:00:00-05:00,75.908664327155,76.30047217071314,74.95469316562418,74.97172546386719,1311900,0.0,0.0
2017-11-16 00:00:00-05:00,75.01429302635427,75.06539640385867,74.24770987181368,74.4095458984375,2826300,0.0,0.0
2017-11-17 00:00:00-05:00,74.171060265307,74.40955137574281,73.43854814131393,73.70259094238281,3068900,0.0,0.0
2017-11-20 00:00:00-05:00,73.81330747387459,74.09438250782807,73.13189888001301,73.25114440917969,2553500,0.0,0.0
2017-11-21 00:00:00-05:00,73.40446616749183,73.97514216830956,73.13190401050468,73.65999603271484,3014600,0.0,0.0
2017-11-22 00:00:00-05:00,73.74518180031146,73.83887566537224,73.48965189589197,73.81332397460938,1024500,0.0,0.0
2017-11-24 00:00:00-05:00,73.9751554870096,74.31585986918354,73.84739053139492,74.01774597167969,603900,0.0,0.0
2017-11-27 00:00:00-05:00,74.10292968750001,74.70767695456743,73.94961302131415,74.52880859375,1140800,0.0,0.0
2017-11-28 00:00:00-05:00,74.8013758389358,75.07393809723767,74.66509795898328,74.93766021728516,1365300,0.0,0.0
2017-11-29 00:00:00-05:00,74.6480419872475,75.67866799239685,74.5032447423643,75.29537963867188,1474300,0.0,0.0
2017-11-30 00:00:00-05:00,75.41462865103762,75.98530475884671,75.19316982621781,75.84050750732422,2608700,0.0,0.0
2017-12-01 00:00:00-05:00,76.09603311223391,76.29194025105836,75.21021078425046,75.65312194824219,1803800,0.0,0.0
2017-12-04 00:00:00-05:00,75.53388198069882,76.02790306442357,75.21021635604966,75.36353302001953,1374500,0.0,0.0
2017-12-05 00:00:00-05:00,75.52536938351993,75.52536938351993,74.35846525116547,74.97172546386719,2147100,0.0,0.0
2017-12-06 00:00:00-05:00,75.1505757235893,75.50831235510007,74.94614922124478,75.35499572753906,1088600,0.0,0.0
2017-12-07 00:00:00-05:00,75.40610325112527,75.40610325112527,74.8950499639465,75.37203216552734,1107500,0.0,0.0
2017-12-08 00:00:00-05:00,75.21020329396589,75.76384056921911,75.02281557072534,75.73828887939453,1628700,0.0,0.0
2017-12-11 00:00:00-05:00,75.61905555324111,76.40267116039269,75.35501271783913,76.36860656738281,1923900,0.0,0.0
2017-12-12 00:00:00-05:00,76.25785935714123,76.36007261187255,74.9887423116035,75.03132629394531,1729400,0.0,0.0
2017-12-13 00:00:00-05:00,75.34650035553955,75.64461431018272,74.69916255517379,74.93766021728516,2109300,0.0,0.0
2017-12-14 00:00:00-05:00,74.9205908549824,75.11649794433497,74.04328164706932,74.60543823242188,1596100,0.0,0.0
2017-12-15 00:00:00-05:00,74.81840658255139,75.48278316560568,74.77582258899959,75.15911102294922,3595300,0.0,0.0
2017-12-18 00:00:00-05:00,75.13354447018234,75.18464785169796,74.1710606273976,74.37548065185547,2190500,0.0,0.0
2017-12-19 00:00:00-05:00,74.38400335550101,74.49472951983975,72.8423174611476,72.87638854980469,1415000,0.0,0.0
2017-12-20 00:00:00-05:00,72.82528786114952,73.13192117201551,72.288682816332,72.32275390625,1244300,0.0,0.0
2017-12-21 00:00:00-05:00,72.14389657098145,72.55274325084028,71.84578258483312,72.2205581665039,1461300,0.0,0.0
2017-12-22 00:00:00-05:00,72.39940947135993,72.51865503767637,72.11832785144432,72.18647003173828,968700,0.0,0.0
2017-12-26 00:00:00-05:00,72.20349631189276,72.5016167012416,71.70096239548498,71.7179946899414,701400,0.0,0.0
2017-12-27 00:00:00-05:00,71.93945443674801,72.19498434566064,71.77761839454364,72.10980987548828,743300,0.0,0.0
2017-12-28 00:00:00-05:00,72.24609484738855,72.50162478148172,72.16943976619831,72.47606658935547,815400,0.0,0.0
2017-12-29 00:00:00-05:00,72.71453934966542,72.78267501016937,72.24607013023481,72.35679626464844,1346800,0.0,0.0
2018-01-02 00:00:00-05:00,72.18646584873862,72.34830189295985,70.89179699015561,71.18991088867188,1998200,0.0,0.0
2018-01-03 00:00:00-05:00,71.03660158474713,71.53062266672842,70.23594717590824,70.51702880859375,1884300,0.0,0.0
2018-01-04 00:00:00-05:00,70.41481157383477,70.5425765359068,69.43528886247701,69.6908187866211,2289700,0.0,0.0
2018-01-05 00:00:00-05:00,69.93783338908509,70.01448847175755,69.0179334066378,69.6226806640625,1748700,0.0,0.0
2018-01-08 00:00:00-05:00,69.73342080982917,70.6192497954414,69.49492314192061,70.60221099853516,1848100,0.0,0.0
2018-01-09 00:00:00-05:00,70.41480253724248,70.5170157934619,69.58008368916676,69.85264587402344,1712900,0.0,0.0
2018-01-10 00:00:00-05:00,69.42678059708662,69.65675234544693,68.74537175282526,68.92424011230469,1461200,0.0,0.0
2018-01-11 00:00:00-05:00,69.02644501499744,69.2308650441195,68.20875840011361,68.4728012084961,1513600,0.0,0.0
2018-01-12 00:00:00-05:00,68.25986637795154,68.30245686531707,67.44217970802222,67.70622253417969,1899700,0.0,0.0
2018-01-16 00:00:00-05:00,67.8510238698902,68.02137281647882,66.92260456531366,67.30589294433594,2754200,0.0,0.0
2018-01-17 00:00:00-05:00,67.4847723821766,67.74881521689015,67.16110026386066,67.51883697509766,1951600,0.0,0.0
2018-01-18 00:00:00-05:00,67.19517860034247,67.33997588025613,66.24120743578789,66.67560577392578,2487700,0.0,0.0
2018-01-19 00:00:00-05:00,66.81186457492315,67.22922395658082,66.51374423248754,66.66706085205078,2584100,0.0,0.0
2018-01-22 00:00:00-05:00,66.93112503242452,67.62104672505512,66.75225668612754,66.88853454589844,3095700,0.0,0.0
2018-01-23 00:00:00-05:00,67.01631048723168,68.25987621647148,67.01631048723168,67.85103607177734,2066000,0.0,0.0
2018-01-24 00:00:00-05:00,67.74027740818708,67.84249065435813,67.35698910723595,67.6465835571289,1773800,0.0,0.0
2018-01-25 00:00:00-05:00,67.64660766796598,68.57502711434539,67.64660766796598,68.46429443359375,2728000,0.0,0.0
2018-01-26 00:00:00-05:00,68.57502475280835,68.66019923617867,67.5443985577154,68.48133087158203,2505200,0.0,0.0
2018-01-29 00:00:00-05:00,67.53587390006994,68.1661728259976,67.38255724258526,67.39958953857422,3332500,0.0,0.0
2018-01-30 00:00:00-05:00,67.43366039463734,68.06396581677092,67.33145362226672,67.79139709472656,2082400,0.0,0.0
2018-01-31 00:00:00-05:00,67.87658938943815,68.4898561195213,67.32294545264656,68.447265625,3505400,0.0,0.0
2018-02-01 00:00:00-05:00,68.47279445044401,68.69425325086637,66.92259584427738,67.07591247558594,2924600,0.0,0.0
2018-02-02 00:00:00-05:00,66.84594036421747,67.32292254827287,66.34339999310636,66.40302276611328,2621600,0.0,0.0
2018-02-05 00:00:00-05:00,66.33487836930746,67.05035811975327,65.54274355545387,65.69606018066406,2953000,0.0,0.0
2018-02-06 00:00:00-05:00,64.81878122868461,65.3553929171318,63.51559255399464,64.63139343261719,3234400,0.0,0.0
2018-02-07 00:00:00-05:00,64.55472497051241,65.25316611229681,64.09477497493785,64.1032943725586,2643100,0.0,0.0
2018-02-08 00:00:00-05:00,64.05216461107214,65.3383203200873,63.62628583972621,63.6518440246582,3054800,0.0,0.0
2018-02-09 00:00:00-05:00,63.83923387674868,66.0112185043132,63.822201582880176,65.49164581298828,2788800,0.0,0.0
2018-02-12 00:00:00-05:00,65.60236100505595,66.26673732600503,65.04872381852292,65.92603302001953,2442900,0.0,0.0
2018-02-13 00:00:00-05:00,65.68104031986306,66.36879595523631,65.13942546013426,66.22264862060547,2193000,0.715,0.0
2018-02-14 00:00:00-05:00,65.60366405896366,65.91315639100561,65.12223445755899,65.24259185791016,2825400,0.0,0.0
2018-02-15 00:00:00-05:00,65.24259319434324,66.3945939114274,65.04486598642453,66.29142761230469,2234000,0.0,0.0
2018-02-16 00:00:00-05:00,66.05929736655573,67.03936069633212,65.12222818846067,66.85881805419922,3347100,0.0,0.0
2018-02-20 00:00:00-05:00,66.68690329653919,66.99639570318685,65.24260758517941,65.64666748046875,2512100,0.0,0.0
2018-02-21 00:00:00-05:00,65.68962732254494,66.2570254555841,64.87290904393276,64.88150787353516,2210000,0.0,0.0
2018-02-22 00:00:00-05:00,65.087846308341,65.77560851027842,64.89011910259985,65.15662384033203,1901600,0.0,0.0
2018-02-23 00:00:00-05:00,65.22539808191405,66.80724188399019,65.13083061994361,66.73846435546875,1422300,0.0,0.0
2018-02-26 00:00:00-05:00,66.79004373042773,67.09093718721145,66.04210294443494,66.16246032714844,1774800,0.0,0.0
2018-02-27 00:00:00-05:00,66.24842700221147,66.52353052018358,65.03625438079798,65.04485321044922,2417700,0.0,0.0
2018-02-28 00:00:00-05:00,65.28558354146604,65.54348946165437,64.38289642333984,64.38289642333984,1799400,0.0,0.0
2018-03-01 00:00:00-05:00,64.40009488721022,65.32856539401025,63.76391251306721,64.12498474121094,2626700,0.0,0.0
2018-03-02 00:00:00-05:00,64.07339774122876,64.82993744060055,63.3856421296926,63.91865158081055,1723000,0.0,0.0
2018-03-05 00:00:00-05:00,63.83268405601855,65.62945275520788,63.60056809085972,65.4145278930664,2363400,0.0,0.0
2018-03-06 00:00:00-05:00,65.32855197589679,65.33715080593984,64.23673668390907,64.59780883789062,2266600,0.0,0.0
2018-03-07 00:00:00-05:00,64.47744386203048,64.69236867490392,63.75529963908843,64.03040313720703,1849400,0.0,0.0
2018-03-08 00:00:00-05:00,64.13357175330893,64.78694511166782,63.99602326464613,64.74395751953125,1739100,0.0,0.0
2018-03-09 00:00:00-05:00,64.75255437719781,64.79554196802485,64.21953842227576,64.68377685546875,1844700,0.0,0.0
2018-03-12 00:00:00-04:00,64.73536595976341,65.25978310646187,64.64079850321217,65.07064819335938,1764800,0.0,0.0
2018-03-13 00:00:00-04:00,65.19960566556269,65.68964066767379,64.63220741725416,64.89871215820312,2134100,0.0,0.0
2018-03-14 00:00:00-04:00,65.12222069908833,65.71541530334136,64.86430829054744,65.31135559082031,1679600,0.0,0.0
2018-03-15 00:00:00-04:00,65.4489162274087,66.12807957438496,65.2597878595172,65.83578491210938,1855500,0.0,0.0
2018-03-16 00:00:00-04:00,65.95613288616839,66.69547482615819,65.81857784664226,66.58370971679688,3479000,0.0,0.0
2018-03-19 00:00:00-04:00,66.58371213984309,67.04795057665997,65.88735776411052,66.23983764648438,2177100,0.0,0.0
2018-03-20 00:00:00-04:00,66.26562463145898,66.5837091795725,65.90455249409406,66.10227966308594,1429500,0.0,0.0
2018-03-21 00:00:00-04:00,66.13667829334472,66.73846527876739,65.62085994027012,65.91315460205078,1440900,0.0,0.0
2018-03-22 00:00:00-04:00,65.93893787060884,67.24568456256108,65.84437041688919,65.99052429199219,2187100,0.0,0.0
2018-03-23 00:00:00-04:00,66.20545224535185,66.36879067029118,64.82993452515139,64.97608184814453,1592700,0.0,0.0
2018-03-26 00:00:00-04:00,65.12222990175633,65.80139321850311,65.01047134038758,65.69822692871094,1526500,0.0,0.0
2018-03-27 00:00:00-04:00,65.72399777291471,67.33163755391968,65.49188188702914,66.72985076904297,2044500,0.0,0.0
2018-03-28 00:00:00-04:00,66.74706121789943,67.0307635954443,66.22264405661439,66.67828369140625,1976200,0.0,0.0
2018-03-29 00:00:00-04:00,66.83302293738231,67.40042763381426,66.75565314731537,67.00496673583984,1745300,0.0,0.0
2018-04-02 00:00:00-04:00,67.2026946174521,67.46060703837874,65.91314563078953,66.25702667236328,1699500,0.0,0.0
2018-04-03 00:00:00-04:00,66.25704084716625,67.06516048390309,66.07650473748845,66.76426696777344,2116100,0.0,0.0
2018-04-04 00:00:00-04:00,66.71266121249268,67.61534805838691,66.3515890977289,67.28865814208984,2431200,0.0,0.0
2018-04-05 00:00:00-04:00,67.28866222723987,68.01941188922572,66.33440202571165,67.8216781616211,2032300,0.0,0.0
2018-04-06 00:00:00-04:00,68.04522052870452,68.25154658368604,67.3058783927848,67.53799438476562,1646100,0.0,0.0
2018-04-09 00:00:00-04:00,67.6497524992341,68.01942352880862,67.29727257287837,67.45201873779297,2282600,0.0,0.0
2018-04-10 00:00:00-04:00,67.41763800910903,67.56378536034303,66.5923272175094,66.71268463134766,1892100,0.0,0.0
2018-04-11 00:00:00-04:00,66.59230446625835,67.03075292915163,66.34299089163217,66.63529205322266,1435100,0.0,0.0
2018-04-12 00:00:00-04:00,66.76425228229515,66.81583214257566,65.39732695399427,65.60365295410156,1838000,0.0,0.0
2018-04-13 00:00:00-04:00,65.75840743626702,66.35160214068867,65.69822873864352,65.93035125732422,1412100,0.0,0.0
2018-04-16 00:00:00-04:00,66.23984656967154,66.97918863616367,66.1538713757646,66.87602233886719,1318000,0.0,0.0
2018-04-17 00:00:00-04:00,66.94479920550899,67.66694360245289,66.68688674432254,67.45201873779297,1336900,0.0,0.0
2018-04-18 00:00:00-04:00,67.5379781018635,68.07959288421787,67.03075863919845,67.06514739990234,1573900,0.0,0.0
2018-04-19 00:00:00-04:00,66.95337407803112,67.41761245213037,66.70406051273793,67.15110778808594,1574400,0.0,0.0
2018-04-20 00:00:00-04:00,67.14253441190915,67.34886047006228,66.42898220202015,66.71268463134766,1640200,0.0,0.0
2018-04-23 00:00:00-04:00,66.90179603299501,67.17689953335102,66.54072391858737,66.79862976074219,1451700,0.0,0.0
2018-04-24 00:00:00-04:00,66.97918456325962,67.675538990454,66.66969224917634,67.32305908203125,1441400,0.0,0.0
2018-04-25 00:00:00-04:00,67.04794939803672,67.66693396957822,66.85881449462289,67.39183044433594,1284900,0.0,0.0
2018-04-26 00:00:00-04:00,67.44341643039905,68.3547022696967,67.14252294718162,68.30311584472656,1238100,0.0,0.0
2018-04-27 00:00:00-04:00,68.13119174500085,69.44653105354207,68.09680297470723,69.14563751220703,1551500,0.0,0.0
2018-04-30 00:00:00-04:00,69.37772359967299,69.4808898660721,68.76733794785993,68.8876953125,1587500,0.0,0.0
2018-05-01 00:00:00-04:00,68.98226185789024,68.98226185789024,68.56101108709953,68.73294830322266,977500,0.0,0.0
2018-05-02 00:00:00-04:00,68.77595438190063,68.95649047507479,67.92485378294073,68.13117980957031,1782000,0.0,0.0
2018-05-03 00:00:00-04:00,68.12258580687774,68.21715327557412,67.06515910634417,67.916259765625,1322200,0.0,0.0
2018-05-04 00:00:00-04:00,67.90765612131302,68.64699815563735,67.59816380187557,68.13117980957031,1921300,0.0,0.0
2018-05-07 00:00:00-04:00,68.07098089269378,68.25151693224325,67.28005922638638,67.36602783203125,1471900,0.0,0.0
2018-05-08 00:00:00-04:00,67.16830504119929,67.16830504119929,65.41451765357114,65.53488159179688,2204900,0.0,0.0
2018-05-09 00:00:00-04:00,65.55205997191598,65.65522623081092,64.3742697790552,64.84710693359375,2281900,0.0,0.0
2018-05-10 00:00:00-04:00,65.33716573322747,65.8529841509029,64.89871712665918,65.82719421386719,1928400,0.0,0.0
2018-05-11 00:00:00-04:00,65.81858245036469,66.24843214047206,65.67243512988476,66.05070495605469,1702700,0.0,0.0
2018-05-14 00:00:00-04:00,66.2312335162759,66.35159089111691,65.47470050884885,65.87875366210938,1886200,0.0,0.0
2018-05-15 00:00:00-04:00,65.44053336485105,65.7269011611014,64.63348240284775,64.99795532226562,1720700,0.715,0.0
2018-05-16 00:00:00-04:00,64.99796565918773,65.11945665164828,64.30372574161665,64.70291137695312,1746500,0.0,0.0
2018-05-17 00:00:00-04:00,64.83307156485496,64.87646403537835,64.09544591128747,64.16487121582031,1361700,0.0,0.0
2018-05-18 00:00:00-04:00,64.36445934690892,64.60744128694061,63.6528665422041,64.19090270996094,1728500,0.0,0.0
2018-05-21 00:00:00-04:00,64.3123879454575,64.3123879454575,63.678893697637434,64.07807922363281,1410500,0.0,0.0
2018-05-22 00:00:00-04:00,64.04336948964216,64.7549621897155,63.91319872069062,64.33841705322266,1410700,0.0,0.0
2018-05-23 00:00:00-04:00,64.39049069923925,65.24093409054926,64.30371238276136,65.1715087890625,1941100,0.0,0.0
2018-05-24 00:00:00-04:00,65.30168688754576,65.92650142937973,65.12813023515272,65.84839630126953,1474900,0.0,0.0
2018-05-25 00:00:00-04:00,65.94384647551942,66.29096635911016,65.82235550937683,65.87442779541016,1474100,0.0,0.0
2018-05-29 00:00:00-04:00,65.8223566879321,66.33436001506715,65.52730908509183,65.94384765625,2012800,0.0,0.0
2018-05-30 00:00:00-04:00,65.83971369091005,66.35171037680914,65.62276459605228,66.23889923095703,2287600,0.0,0.0
2018-05-31 00:00:00-04:00,66.23888635609588,66.81162841240075,65.86573372063981,66.58600616455078,2786200,0.0,0.0
2018-06-01 00:00:00-04:00,66.53394458954828,66.53394458954828,65.27564252989811,65.55333709716797,1590300,0.0,0.0
2018-06-04 00:00:00-04:00,65.78765691021292,66.00460605619912,64.95457298411739,65.04135131835938,1405400,0.0,0.0
2018-06-05 00:00:00-04:00,64.91117643798997,65.03266741007445,64.01734054228065,64.22561645507812,1970800,0.0,0.0
2018-06-06 00:00:00-04:00,64.19090998433296,64.32108078717609,62.66358624721528,62.81978988647461,2162400,0.0,0.0
2018-06-07 00:00:00-04:00,62.79375929510568,63.73965436277735,62.490031824787366,63.16691207885742,2286100,0.0,0.0
2018-06-08 00:00:00-04:00,63.36648517116685,63.47930293147416,62.8544885138849,63.13218307495117,1509600,0.0,0.0
2018-06-11 00:00:00-04:00,63.1842653750481,63.28840334565676,61.830504860947094,61.951995849609375,2385900,0.0,0.0
2018-06-12 00:00:00-04:00,61.87388813097161,62.984666502474674,61.71768450868141,62.89788818359375,2015900,0.0,0.0
2018-06-13 00:00:00-04:00,63.028052640755526,63.30574723490557,62.55076857433962,62.854496002197266,2382300,0.0,0.0
2018-06-14 00:00:00-04:00,62.915242296030094,63.69626042109862,62.785071505058426,63.56608963012695,2323700,0.0,0.0
2018-06-15 00:00:00-04:00,63.58342813915186,64.02600607917546,63.02803907043047,63.98262023925781,3218700,0.0,0.0
2018-06-18 00:00:00-04:00,63.99998668211266,64.43388489690665,63.70493907401819,64.13015747070312,1769700,0.0,0.0
2018-06-19 00:00:00-04:00,64.17355118091534,65.05002753597975,64.17355118091534,64.96324920654297,2047100,0.0,0.0
2018-06-20 00:00:00-04:00,64.9458725032709,65.1367887503247,64.52065416622591,65.11075592041016,2559800,0.0,0.0
2018-06-21 00:00:00-04:00,64.98927112553456,65.75292956535571,64.850427145913,65.47523498535156,1968700,0.0,0.0
2018-06-22 00:00:00-04:00,65.48391350573885,65.9351713272812,65.26696441250989,65.74425506591797,2427500,0.0,0.0
2018-06-25 00:00:00-04:00,65.95253732066931,67.31497762943687,65.92650448368047,67.18480682373047,1800700,0.0,0.0
2018-06-26 00:00:00-04:00,66.99388885379273,67.58399075361578,66.84636503402747,67.23687744140625,1763000,0.0,0.0
2018-06-27 00:00:00-04:00,67.0980177438702,67.76621806232738,66.93313430834027,67.6013412475586,1423900,0.0,0.0
2018-06-28 00:00:00-04:00,67.88770909081005,68.47781085379742,67.52322960428805,67.63604736328125,1363800,0.0,0.0
2018-06-29 00:00:00-04:00,67.56662316473698,68.16540475445927,67.04594668795094,67.67076110839844,1961800,0.0,0.0
2018-07-02 00:00:00-04:00,67.67943453218726,68.06126703946819,67.29760864566698,67.98316192626953,1543900,0.0,0.0
2018-07-03 00:00:00-04:00,67.99185264888456,68.52988884809946,67.65341255251506,68.08731079101562,1008800,0.0,0.0
2018-07-05 00:00:00-04:00,68.20880111779488,68.5472412109375,67.87036102465225,68.5472412109375,1734000,0.0,0.0
2018-07-06 00:00:00-04:00,68.55591655227373,69.05056024231412,68.47781805315424,68.98981475830078,1322700,0.0,0.0
2018-07-09 00:00:00-04:00,68.9898036507933,68.9898036507933,66.40376784609452,66.69882202148438,2460900,0.0,0.0
2018-07-10 00:00:00-04:00,66.2996530529755,67.8269767267198,65.89178764401295,67.56663513183594,2177200,0.0,0.0
2018-07-11 00:00:00-04:00,67.70547112298193,68.68608527645472,67.60133979394837,68.58194732666016,2018100,0.0,0.0
2018-07-12 00:00:00-04:00,68.59063018004485,68.89435760443692,68.37368107394177,68.74683380126953,2095100,0.0,0.0
2018-07-13 00:00:00-04:00,68.86831507771426,69.12865661669905,68.36499163341585,68.95509338378906,1412700,0.0,0.0
2018-07-16 00:00:00-04:00,68.79889459733701,68.97245784238851,68.42574189642731,68.7294692993164,1353400,0.0,0.0
2018-07-17 00:00:00-04:00,68.92038763188862,68.95510028194322,68.46045660499706,68.52120208740234,1375100,0.0,0.0
2018-07-18 00:00:00-04:00,68.62532614278078,68.65135896986051,67.93108652377586,68.1567153930664,1559000,0.0,0.0
2018-07-19 00:00:00-04:00,68.25218671766741,68.79021623682006,68.04391743995546,68.36499786376953,1953200,0.0,0.0
2018-07-20 00:00:00-04:00,68.07861191528592,68.39969890536912,67.2194954973593,67.73149871826172,1438600,0.0,0.0
2018-07-23 00:00:00-04:00,67.80093497817165,67.87904010230068,66.90710568446016,67.21951293945312,992200,0.0,0.0
2018-07-24 00:00:00-04:00,67.02858340027123,67.51455382344318,65.9611976741512,67.34967041015625,1802100,0.0,0.0
2018-07-25 00:00:00-04:00,67.13271961276905,67.58397075758727,66.95916300801439,67.15875244140625,1296800,0.0,0.0
2018-07-26 00:00:00-04:00,67.57529553344679,68.33027402430322,67.55793590103637,67.94844818115234,1836700,0.0,0.0
2018-07-27 00:00:00-04:00,67.94845618806151,68.5385579651146,67.82696522991182,68.1654052734375,1483900,0.0,0.0
2018-07-30 00:00:00-04:00,67.93110429698923,68.16541304352982,67.42778077256116,67.82697296142578,1031800,0.0,0.0
2018-07-31 00:00:00-04:00,68.22615582603409,68.64269439330518,67.70547268580349,68.49517059326172,2439500,0.0,0.0
2018-08-01 00:00:00-04:00,68.05259684668724,68.10466913643761,67.03727657683638,67.49720764160156,1856100,0.0,0.0
2018-08-02 00:00:00-04:00,67.47116432421461,68.06994590760021,66.89841557127873,67.85299682617188,1763800,0.0,0.0
2018-08-03 00:00:00-04:00,67.90506937145787,69.05924019065192,67.40174586253337,68.65137481689453,1775200,0.0,0.0
2018-08-06 00:00:00-04:00,68.59062872758659,69.04187994559047,68.28690130962617,68.49517059326172,1650700,0.0,0.0
2018-08-07 00:00:00-04:00,68.36500270825057,68.46046084662478,67.56663156981308,68.13937377929688,1567500,0.0,0.0
2018-08-08 00:00:00-04:00,67.98316873373574,68.21747747603348,67.6881211273001,68.13069915771484,1069700,0.0,0.0
2018-08-09 00:00:00-04:00,68.25218490140387,68.55591230264316,67.96581051419504,68.51251983642578,710800,0.0,0.0
2018-08-10 00:00:00-04:00,68.71210920331558,69.08526186576596,68.18275294679854,68.26953125,1108000,0.0,0.0
2018-08-13 00:00:00-04:00,68.17409438445871,68.66006495126308,68.02657056094766,68.59931945800781,1684500,0.0,0.0
2018-08-14 00:00:00-04:00,68.5511441263026,69.16415019987113,68.41103284284188,68.76131439208984,1532000,0.715,0.0
2018-08-15 00:00:00-04:00,68.98022379834437,70.32882875365615,68.89265343629874,69.87345886230469,2081700,0.0,0.0
2018-08-16 00:00:00-04:00,69.79464682579948,70.76669329433598,69.53193571720558,70.67912292480469,2286900,0.0,0.0
2018-08-17 00:00:00-04:00,70.60032214050028,71.16953296805885,70.29381577957868,71.08196258544922,1986100,0.0,0.0
2018-08-20 00:00:00-04:00,71.23959026504323,71.39721962249656,70.29381412032323,70.3200912475586,1611900,0.0,0.0
2018-08-21 00:00:00-04:00,70.20625753259831,70.29382793034509,69.37432873221437,69.72461700439453,1497500,0.0,0.0
2018-08-22 00:00:00-04:00,69.89974141400101,69.94352994320604,68.85763588588334,69.12035369873047,1224800,0.0,0.0
2018-08-23 00:00:00-04:00,69.17289489907404,69.707082888052,68.96272465656861,69.19916534423828,1382500,0.0,0.0
2018-08-24 00:00:00-04:00,69.20793733600951,69.69833688734579,68.94522615401912,69.57573699951172,908500,0.0,0.0
2018-08-27 00:00:00-04:00,69.7070907719783,69.76839071135844,68.75256219003155,69.11160278320312,1011800,0.0,0.0
2018-08-28 00:00:00-04:00,69.00651857439189,69.14662985327234,68.55990092815078,68.70001220703125,1220900,0.0,0.0
2018-08-29 00:00:00-04:00,68.87515534242179,69.43561378521771,68.68249649998725,69.36555480957031,1391500,0.0,0.0
2018-08-30 00:00:00-04:00,69.45311913104887,69.85594818410046,69.2517079451186,69.52317810058594,1510300,0.0,0.0
2018-08-31 00:00:00-04:00,69.52318277888895,69.8647119268753,68.93645390221408,69.12035369873047,1623300,0.0,0.0
2018-09-04 00:00:00-04:00,69.3480394243946,69.99606820894512,69.2341919252066,69.67205047607422,1495100,0.0,0.0
2018-09-05 00:00:00-04:00,69.73336387282896,70.69665821572178,69.66331156886703,70.66162872314453,2623000,0.0,0.0
2018-09-06 00:00:00-04:00,70.60906092362397,71.41472565980021,70.22374997799949,71.23957824707031,1780000,0.0,0.0
2018-09-07 00:00:00-04:00,70.7579435210427,71.00314323717092,69.98730820613558,70.12742614746094,1765200,0.0,0.0
2018-09-10 00:00:00-04:00,70.39889927348152,70.7579465023625,70.04861108660023,70.53025817871094,1129400,0.0,0.0
2018-09-11 00:00:00-04:00,70.53903510349355,70.87180529073808,70.15371733212072,70.23252868652344,1500200,0.0,0.0
2018-09-12 00:00:00-04:00,70.23252544800467,70.71417264001128,70.0135961209458,70.1887435913086,1194100,0.0,0.0
2018-09-13 00:00:00-04:00,70.25877956371255,70.72290851604467,69.75962112878302,70.71414947509766,1337900,0.0,0.0
2018-09-14 00:00:00-04:00,70.3813916800432,70.3813916800432,69.37431559369861,70.31133270263672,1551800,0.0,0.0
2018-09-17 00:00:00-04:00,70.34635731083812,70.52149806101151,69.89098067048108,70.3638687133789,1208100,0.0,0.0
2018-09-18 00:00:00-04:00,70.34635541988843,70.57403705275537,69.73334944837674,70.12742614746094,1455500,0.0,0.0
2018-09-19 00:00:00-04:00,70.03110100422067,70.16245991192685,68.15706685244125,68.58616638183594,1480500,0.0,0.0
2018-09-20 00:00:00-04:00,68.50736147593132,68.71753173927253,67.78927361842265,68.6912612915039,1607600,0.0,0.0
2018-09-21 00:00:00-04:00,68.30593940875669,68.47232780940043,67.40395179068302,68.20960998535156,4717500,0.0,0.0
2018-09-24 00:00:00-04:00,68.10451239106666,68.10451239106666,67.00986607290429,67.08868408203125,2004800,0.0,0.0
2018-09-25 00:00:00-04:00,66.92229591469321,67.00111392406868,65.88894951984217,66.29177856445312,1628300,0.0,0.0
2018-09-26 00:00:00-04:00,66.31806338696003,66.42314517007127,65.11832847397038,65.16211700439453,2120200,0.0,0.0
2018-09-27 00:00:00-04:00,65.31100238326735,66.0641198481813,65.07455495434216,65.85394287109375,1726100,0.0,0.0
2018-09-28 00:00:00-04:00,66.05535448783783,66.76468334440317,65.83642516853321,66.72090148925781,3163300,0.0,0.0
2018-10-01 00:00:00-04:00,66.58953576107625,66.58953576107625,66.07285914606204,66.35308837890625,1735900,0.0,0.0
2018-10-02 00:00:00-04:00,66.5545061234105,67.66666400969568,66.43190625188905,67.50028228759766,1788800,0.0,0.0
2018-10-03 00:00:00-04:00,67.31638774327932,67.74548732715249,65.98529377527538,66.65084075927734,2454000,0.0,0.0
2018-10-04 00:00:00-04:00,66.57202318149005,67.22005876450453,66.0028123073071,67.07994079589844,1329100,0.0,0.0
2018-10-05 00:00:00-04:00,67.04490732510017,68.2008537727332,66.93982553607394,68.0082015991211,2420500,0.0,0.0
2018-10-08 00:00:00-04:00,68.09577413965349,68.84889149708188,67.72796782284053,68.32345581054688,2168400,0.0,0.0
2018-10-09 00:00:00-04:00,68.49859569420288,69.03278368358671,68.08700756980632,68.50735473632812,1897900,0.0,0.0
2018-10-10 00:00:00-04:00,68.37601489591906,69.33930268137192,68.06951514798315,68.10453796386719,1774700,0.0,0.0
2018-10-11 00:00:00-04:00,68.26216230883408,68.56866871528243,66.35309828713788,66.59830474853516,2508800,0.0,0.0
2018-10-12 00:00:00-04:00,66.52823976305105,66.55451021124892,65.49489315304976,65.88021087646484,2351800,0.0,0.0
2018-10-15 00:00:00-04:00,65.95901019783328,66.46692770771516,65.61748107113127,65.92398071289062,1855500,0.0,0.0
2018-10-16 00:00:00-04:00,65.89771633469442,67.0624217617704,65.36352833223678,66.64207458496094,1963100,0.0,0.0
2018-10-17 00:00:00-04:00,66.62457031063913,66.94858141876702,66.15168219157397,66.65084075927734,1654800,0.0,0.0
2018-10-18 00:00:00-04:00,66.72088830174063,67.23755818620624,66.33557063794167,66.86975860595703,1725200,0.0,0.0
2018-10-19 00:00:00-04:00,66.80847186333426,68.23588861959914,66.7646833270077,67.76300048828125,2101800,0.0,0.0
2018-10-22 00:00:00-04:00,67.7016824883519,67.9906707161643,67.16749455737413,67.2725830078125,1949100,0.0,0.0
2018-10-23 00:00:00-04:00,67.43023014289838,67.95565917140972,66.48445388286243,66.8084716796875,2152100,0.0,0.0
2018-10-24 00:00:00-04:00,67.15875750791648,68.8488920542615,66.85225112789313,68.49860382080078,1966300,0.0,0.0
2018-10-25 00:00:00-04:00,68.11327879600252,68.11327879600252,66.96609146852819,67.26383209228516,1728500,0.0,0.0
2018-10-26 00:00:00-04:00,67.65791552674001,68.08701510166296,66.22173979413922,66.84349822998047,2550200,0.0,0.0
2018-10-29 00:00:00-04:00,66.8435042602598,67.9118804535958,66.8435042602598,67.72797393798828,1791700,0.0,0.0
2018-10-30 00:00:00-04:00,67.9731743908208,68.42854441466882,66.99236867943515,67.63164520263672,2067900,0.0,0.0
2018-10-31 00:00:00-04:00,67.11496284441091,67.16750373621471,65.99404594465159,66.55450439453125,2861400,0.0,0.0
2018-11-01 00:00:00-04:00,66.6158093570074,66.74716827762389,65.9327509872323,66.2304916381836,2496000,0.0,0.0
2018-11-02 00:00:00-04:00,66.64207177514115,66.64207177514115,64.74176722026056,65.27595520019531,3468000,0.0,0.0
2018-11-05 00:00:00-05:00,65.51239594202805,66.64207183430989,65.51239594202805,66.58953094482422,2103100,0.0,0.0
2018-11-06 00:00:00-05:00,67.24632748009373,67.71045654705198,66.82598026630207,67.63164520263672,1580900,0.0,0.0
2018-11-07 00:00:00-05:00,67.86809853480729,68.60369794421165,67.29888088827664,68.53364562988281,1500400,0.0,0.0
2018-11-08 00:00:00-05:00,68.50735867076921,68.79634026558341,67.80678224672864,68.4548110961914,1398500,0.0,0.0
2018-11-09 00:00:00-05:00,68.48107948084362,69.40934421692509,68.35847961250693,69.18165588378906,1361800,0.0,0.0
2018-11-12 00:00:00-05:00,69.12035856521123,70.17997557089929,68.87515881925923,69.50567626953125,1520600,0.0,0.0
2018-11-13 00:00:00-05:00,69.58962084098667,70.1109874625915,69.00639030638536,69.90774536132812,1560200,0.715,0.0
2018-11-14 00:00:00-05:00,69.09475901585007,70.84443702294881,68.9180194371011,70.18167877197266,2987600,0.0,0.0
2018-11-15 00:00:00-05:00,68.4408468294223,68.55572926482888,67.46880254218712,67.63670349121094,9613500,0.0,0.0
2018-11-16 00:00:00-05:00,68.3436218895133,68.52036145348299,67.42460312457096,68.04317474365234,4087300,0.0,0.0
2018-11-19 00:00:00-05:00,68.01667538428559,68.6440857582733,67.91063163048483,68.48502349853516,3635700,0.0,0.0
2018-11-20 00:00:00-05:00,68.92686564627544,69.46590962209402,68.0785358011986,69.0240707397461,3540900,0.0,0.0
2018-11-21 00:00:00-05:00,68.78547714066896,68.88268223862339,68.0343523544156,68.14039611816406,1959000,0.0,0.0
2018-11-23 00:00:00-05:00,68.22876749253957,68.44084829347213,67.7692579668645,68.34364318847656,813400,0.0,0.0
2018-11-26 00:00:00-05:00,68.24643202928523,69.15661898546928,68.15805886536667,69.06825256347656,2148700,0.0,0.0
2018-11-27 00:00:00-05:00,69.0240769965974,69.9431027642195,68.51154222855158,69.854736328125,1513400,0.0,0.0
2018-11-28 00:00:00-05:00,69.71333789088726,70.19052468993401,69.29800826531363,69.66915130615234,2285600,0.0,0.0
2018-11-29 00:00:00-05:00,69.65146294983325,70.11097230099803,69.13892836212766,70.0226058959961,2286900,0.0,0.0
2018-11-30 00:00:00-05:00,70.13748644832974,71.03883454275818,69.8547099145949,71.00348663330078,2937200,0.0,0.0
2018-12-03 00:00:00-05:00,70.5705023014032,71.78997511137008,70.31423495704784,71.78114318847656,2359200,0.0,0.0
2018-12-04 00:00:00-05:00,71.77232212408529,73.34526775137013,71.70162627204547,72.45275115966797,3962500,0.0,0.0
2018-12-06 00:00:00-05:00,72.72667456746362,72.89456873939935,70.78257965820713,72.13460540771484,2443000,0.0,0.0
2018-12-07 00:00:00-05:00,72.24064693676476,73.19502040426667,71.4541743779693,72.86805725097656,2069500,0.0,0.0
2018-12-10 00:00:00-05:00,73.05364427903324,73.41595542392558,71.84300997188716,73.26573181152344,2570700,0.0,0.0
2018-12-11 00:00:00-05:00,73.29223940565107,73.95499776031922,72.92992826897438,73.56617736816406,1796600,0.0,0.0
2018-12-12 00:00:00-05:00,73.56616723443842,73.89313040479584,72.69132821452484,72.87689971923828,2938300,0.0,0.0
2018-12-13 00:00:00-05:00,72.98294438357787,74.5117099045973,72.93876453987325,74.16707611083984,2562800,0.0,0.0
2018-12-14 00:00:00-05:00,74.31730250573752,74.36148909302787,73.39827677389671,74.0787124633789,3049000,0.0,0.0
2018-12-17 00:00:00-05:00,74.17590856840721,74.41449858183793,70.96815419076913,71.25093078613281,3769500,0.0,0.0
2018-12-18 00:00:00-05:00,71.51603261827215,72.30250518889278,70.64119363087092,70.8797836303711,3047100,0.0,0.0
2018-12-19 00:00:00-05:00,71.08305440295912,71.52489336520142,70.30541351457904,70.78260040283203,2197600,0.0,0.0
2018-12-20 00:00:00-05:00,70.80909006152103,72.10809732964962,69.94308971071908,71.33930206298828,2858200,0.0,0.0
2018-12-21 00:00:00-05:00,71.34813439790396,72.88573842396337,70.49980462935,70.65886688232422,3542600,0.0,0.0
2018-12-24 00:00:00-05:00,70.64119461395866,71.153722535189,66.31117271219529,66.55860137939453,1279400,0.0,0.0
2018-12-26 00:00:00-05:00,66.72650859045703,67.28322314419677,65.25960029372446,67.2390365600586,2457300,0.0,0.0
2018-12-27 00:00:00-05:00,67.18602228493413,67.8929672241211,66.13444354192332,67.8929672241211,2211500,0.0,0.0
2018-12-28 00:00:00-05:00,68.19341227946576,68.47618889779194,67.30973450445569,67.58367919921875,1829800,0.0,0.0
2018-12-31 00:00:00-05:00,67.58369448585628,67.92832835670823,66.87674940917499,67.5660171508789,1670200,0.0,0.0
2019-01-02 00:00:00-05:00,67.44228374809171,67.4864703311421,66.09025790663233,66.39954376220703,1764100,0.0,0.0
2019-01-03 00:00:00-05:00,66.39953531434311,67.08880277390875,66.13442933362164,66.56743621826172,1857000,0.0,0.0
2019-01-04 00:00:00-05:00,66.29349067818286,67.66319365686672,66.169776353364,67.64552307128906,2185100,0.0,0.0
2019-01-07 00:00:00-05:00,67.24787375810673,67.53948902643367,66.57627679703062,66.6646499633789,2380900,0.0,0.0
2019-01-08 00:00:00-05:00,66.69999347141967,67.1860121445703,66.14327222470955,67.07113647460938,2979000,0.0,0.0
2019-01-09 00:00:00-05:00,66.90325138490086,67.24788521822708,66.30235015772972,66.54094696044922,1662900,0.0,0.0
2019-01-10 00:00:00-05:00,66.60278323215506,67.76039873235655,66.49673949291387,67.64552307128906,1857800,0.0,0.0
2019-01-11 00:00:00-05:00,67.53948747449016,67.61018330917392,66.7706854416375,67.09764862060547,1378400,0.0,0.0
2019-01-14 00:00:00-05:00,66.76185342194714,66.76185342194714,64.77357858234889,65.78980255126953,3737600,0.0,0.0
2019-01-15 00:00:00-05:00,65.52471447097405,67.02696413170021,65.52471447097405,66.97394561767578,2157200,0.0,0.0
2019-01-16 00:00:00-05:00,66.8590655697187,67.54833317486192,66.496754435672,67.49530792236328,2226800,0.0,0.0
2019-01-17 00:00:00-05:00,67.46880095451715,68.1315593268443,67.31857734151878,68.0697021484375,2250400,0.0,0.0
2019-01-18 00:00:00-05:00,67.75156099876338,68.09619472862238,67.35390876951841,67.61017608642578,3019400,0.0,0.0
2019-01-22 00:00:00-05:00,67.72506435673093,68.36131343550676,67.20369770391132,67.81343078613281,2766800,0.0,0.0
2019-01-23 00:00:00-05:00,67.79576220790618,68.36131546316474,67.61019067808007,68.02552032470703,2417900,0.0,0.0
2019-01-24 00:00:00-05:00,68.11388434112928,68.66176024539735,67.46879660057894,68.62641906738281,2522600,0.0,0.0
2019-01-25 00:00:00-05:00,68.4320106983206,68.91802944109723,67.02695949649558,67.11532592773438,2803600,0.0,0.0
2019-01-28 00:00:00-05:00,67.2566962594239,67.67202577051168,66.49673305656633,66.79718017578125,2168500,0.0,0.0
2019-01-29 00:00:00-05:00,66.93859490960841,67.40694307581224,66.79720322218935,67.06230926513672,1566200,0.0,0.0
2019-01-30 00:00:00-05:00,66.81488071110013,67.50414833407102,66.70000502124722,67.3274154663086,1716300,0.0,0.0
2019-01-31 00:00:00-05:00,67.18600878929705,68.82081104811718,66.82370446863649,68.61756896972656,3342300,0.0,0.0
2019-02-01 00:00:00-05:00,68.45852039611027,68.55572549367938,67.07114651671903,67.76041412353516,2006600,0.0,0.0
2019-02-04 00:00:00-05:00,67.46879469833534,68.55572129461216,67.1860180887072,68.54688262939453,2393100,0.0,0.0
2019-02-05 00:00:00-05:00,68.48503216755051,68.92687108476052,68.05203191642423,68.56455993652344,1976600,0.0,0.0
2019-02-06 00:00:00-05:00,68.44084341747691,68.77664529878399,68.11388694390102,68.27294921875,1490700,0.0,0.0
2019-02-07 00:00:00-05:00,68.52037468354652,69.04174132859244,67.86645502541096,69.0240707397461,1860700,0.0,0.0
2019-02-08 00:00:00-05:00,68.97104617716609,69.76635070204135,68.77663600728965,69.7486801147461,1755200,0.0,0.0
2019-02-11 00:00:00-05:00,69.69567591992848,70.13751485420536,69.45707911993979,69.78404235839844,1647400,0.0,0.0
2019-02-12 00:00:00-05:00,69.95352679314222,70.35494745131322,69.34694147462461,70.08733367919922,1834100,0.74,0.0
2019-02-13 00:00:00-05:00,69.4272232055664,69.66807013813639,68.87415796000143,69.4272232055664,2668500,0.0,0.0
2019-02-14 00:00:00-05:00,69.56993554588335,69.94459610646499,69.19528179100116,69.61454010009766,2062400,0.0,0.0
2019-02-15 00:00:00-05:00,69.92675137137135,70.25680737683653,69.80186678675196,70.03379821777344,1693600,0.0,0.0
2019-02-19 00:00:00-05:00,69.9445986404035,70.5690215878286,69.86431180104901,70.35493469238281,2258900,0.0,0.0
2019-02-20 00:00:00-05:00,70.30139361122596,70.68496957422018,69.73941307248023,70.47980499267578,1852600,0.0,0.0
2019-02-21 00:00:00-05:00,70.16760448209824,71.44321032770094,70.10515538461622,71.36293029785156,1552800,0.0,0.0
2019-02-22 00:00:00-05:00,71.97843794375694,73.31649289045295,71.73758424216001,73.2362060546875,3514700,0.0,0.0
2019-02-25 00:00:00-05:00,73.14700063011206,73.34324976949496,72.37984861563301,72.80802917480469,2269500,0.0,0.0
2019-02-26 00:00:00-05:00,73.01320694364712,73.03996695735135,72.31741936453554,72.57611083984375,1398700,0.0,0.0
2019-02-27 00:00:00-05:00,72.48691103676457,73.06673630801124,72.23714182593844,72.8437271118164,1337600,0.0,0.0
2019-02-28 00:00:00-05:00,72.87940379685948,73.79820741713291,72.74560372149503,73.54843139648438,2315600,0.0,0.0
2019-03-01 00:00:00-05:00,73.54841461684313,73.89630834482212,73.0131940203908,73.73574829101562,1629000,0.0,0.0
2019-03-04 00:00:00-05:00,74.12824307109834,74.25312765564976,73.53950243045581,74.21744537353516,1661700,0.0,0.0
2019-03-05 00:00:00-05:00,74.19068754024254,74.33341667288887,73.86063833097222,73.97660064697266,1428300,0.0,0.0
2019-03-06 00:00:00-05:00,74.14609290960098,74.69023584073076,73.80711460815625,74.33341979980469,2346600,0.0,0.0
2019-03-07 00:00:00-05:00,74.5385800839704,75.2432898521481,74.25312862901104,74.34233093261719,1908200,0.0,0.0
2019-03-08 00:00:00-05:00,74.5475062683258,74.7972754538108,74.04796789735582,74.77051544189453,1773900,0.0,0.0
2019-03-11 00:00:00-04:00,74.71697943034175,75.27895997743204,74.62777714114148,75.17191314697266,1838100,0.0,0.0
2019-03-12 00:00:00-04:00,75.33250051951636,76.0639703794171,75.07381585204804,75.76068115234375,2578900,0.0,0.0
2019-03-13 00:00:00-04:00,75.84987386891281,76.2423721655352,75.56442241837819,75.98368072509766,1549600,0.0,0.0
2019-03-14 00:00:00-04:00,75.9926094851461,76.3315809848157,75.6268711673947,75.80528259277344,1903500,0.0,0.0
2019-03-15 00:00:00-04:00,76.01044542917533,76.20669458960577,75.53766707306553,75.68038940429688,4209000,0.0,0.0
2019-03-18 00:00:00-04:00,75.76958989685804,75.97475450072871,75.15408247384794,75.55549621582031,2556100,0.0,0.0
2019-03-19 00:00:00-04:00,75.55551654082626,75.55551654082626,74.43155503866981,74.76160430908203,2030400,0.0,0.0
2019-03-20 00:00:00-04:00,74.8864851862573,75.47523272958243,74.34234220434793,74.78836059570312,1788400,0.0,0.0
2019-03-21 00:00:00-04:00,74.85080263635034,75.38602329429948,74.60994891656829,75.27897644042969,1349100,0.0,0.0
2019-03-22 00:00:00-04:00,75.5465944542283,76.34942208380626,75.30574072079467,75.74284362792969,1858400,0.0,0.0
2019-03-25 00:00:00-04:00,75.93016754351837,76.19777447429055,75.47522691379562,75.91232299804688,1335800,0.0,0.0
2019-03-26 00:00:00-04:00,75.91231985275299,76.51890506535051,75.74283751199616,76.42970275878906,1081400,0.0,0.0
2019-03-27 00:00:00-04:00,76.54567694487066,76.59920378166647,75.67148467704854,75.96585845947266,1519100,0.0,0.0
2019-03-28 00:00:00-04:00,76.05503418544107,76.23343876384162,74.75266170716155,75.17191314697266,1935100,0.0,0.0
2019-03-29 00:00:00-04:00,75.17192488454747,75.7160677810412,74.85079795442444,75.65362548828125,1623600,0.0,0.0
2019-04-01 00:00:00-04:00,75.52874131168157,75.52874131168157,74.52966462211306,75.2165298461914,1771300,0.0,0.0
2019-04-02 00:00:00-04:00,75.19868802893568,75.6357840569136,74.74374745778363,75.60902404785156,1272100,0.0,0.0
2019-04-03 00:00:00-04:00,75.38601253922214,75.60009941071874,74.6277828148267,75.32357025146484,1217700,0.0,0.0
2019-04-04 00:00:00-04:00,75.43954786667294,75.60903702742705,74.52967337387258,74.92216491699219,1281300,0.0,0.0
2019-04-05 00:00:00-04:00,74.93107798553032,75.68038549864987,74.59210651136188,75.65362548828125,921100,0.0,0.0
2019-04-08 00:00:00-04:00,75.33249217438464,75.51982585941325,74.62778921173219,74.7437515258789,1792500,0.0,0.0
2019-04-09 00:00:00-04:00,74.7259138064768,75.12733441801485,74.66347150766423,75.07381439208984,951100,0.0,0.0
2019-04-10 00:00:00-04:00,75.17193376639146,75.80528584654618,74.7348376654272,74.81512451171875,1006300,0.0,0.0
2019-04-11 00:00:00-04:00,74.93108345529646,75.44846637918913,74.7259120179942,75.350341796875,1086400,0.0,0.0
2019-04-12 00:00:00-04:00,75.14517874456354,75.5198393759781,74.58319800599281,75.42171478271484,1640800,0.0,0.0
2019-04-15 00:00:00-04:00,75.51982428029368,75.84987347738665,75.16300826754238,75.4752197265625,1017400,0.0,0.0
2019-04-16 00:00:00-04:00,75.51091409563197,75.72500101527244,74.32450355574439,74.59211730957031,1850900,0.0,0.0
2019-04-17 00:00:00-04:00,74.71700382094701,75.08273536776699,74.39587003043644,74.84188842773438,1494500,0.0,0.0
2019-04-18 00:00:00-04:00,74.85972012413933,75.13625613600999,74.51182634679567,74.58319091796875,1417100,0.0,0.0
2019-04-22 00:00:00-04:00,74.58319655202467,74.92216808215277,74.55643653723833,74.80620574951172,1298000,0.0,0.0
2019-04-23 00:00:00-04:00,74.87756150748844,75.22545527013955,74.46722544912303,75.10057067871094,1407300,0.0,0.0
2019-04-24 00:00:00-04:00,75.33249216031646,75.6001058768506,74.90431838070126,75.2165298461914,1764500,0.0,0.0
2019-04-25 00:00:00-04:00,75.09163121243891,75.7963408488277,74.90430436818846,75.3949203491211,1522600,0.0,0.0
2019-04-26 00:00:00-04:00,76.15317989214971,76.62595828132494,75.70716151659566,75.7963638305664,3038700,0.0,0.0
2019-04-29 00:00:00-04:00,75.58225442169976,75.7338989908888,75.02918935055952,75.35924530029297,1334200,0.0,0.0
2019-04-30 00:00:00-04:00,75.44847510280509,76.92033720199882,75.3146682200237,76.85789489746094,2361400,0.0,0.0
2019-05-01 00:00:00-04:00,76.51890588914164,76.84896191324206,75.96584749908664,76.02828979492188,1266000,0.0,0.0
2019-05-02 00:00:00-04:00,76.12641855275767,76.40295459338373,75.51091777806272,75.96585845947266,1486900,0.0,0.0
2019-05-03 00:00:00-04:00,76.34942212358415,77.16117883237183,76.34942212358415,76.7419204711914,1721000,0.0,0.0
2019-05-06 00:00:00-04:00,77.0273712359177,77.0273712359177,75.9658521418425,76.1977767944336,1364400,0.0,0.0
2019-05-07 00:00:00-04:00,76.2423760833719,76.4832229923214,75.77851319885467,76.01044464111328,1295900,0.0,0.0
2019-05-08 00:00:00-04:00,75.41277230672834,75.60009916940228,74.62778257661388,74.8686294555664,8777700,0.0,0.0
2019-05-09 00:00:00-04:00,74.93107604980469,75.37709435962496,74.58318231260083,74.93107604980469,7437200,0.0,0.0
2019-05-10 00:00:00-04:00,74.93107088252862,76.0907211303711,74.824024045502,76.0907211303711,2658000,0.0,0.0
2019-05-13 00:00:00-04:00,75.8588025246965,76.88464610084372,75.82312023966442,76.75083923339844,2726800,0.0,0.0
2019-05-14 00:00:00-04:00,76.97580091399769,77.01178589496132,76.23798523887562,76.39094543457031,2130400,0.74,0.0
2019-05-15 00:00:00-04:00,76.57087005270839,77.24570146950323,76.3279337631479,76.93978118896484,1727100,0.0,0.0
2019-05-16 00:00:00-04:00,76.75083326513403,77.82156116824639,76.4808979382792,77.71359252929688,1491300,0.0,0.0
2019-05-17 00:00:00-04:00,77.40767208555775,78.57738278378584,77.40767208555775,78.22647094726562,1804300,0.0,0.0
2019-05-20 00:00:00-04:00,78.43342736581836,78.86532261902731,78.1095076420972,78.28946685791016,1316600,0.0,0.0
2019-05-21 00:00:00-04:00,78.50539786908527,78.90130121264936,77.93854188013388,78.00152587890625,3080800,0.0,0.0
2019-05-22 00:00:00-04:00,78.19046530936876,78.91028134183824,77.83055386076407,78.74832153320312,1113500,0.0,0.0
2019-05-23 00:00:00-04:00,78.87432317182503,79.5491547929471,78.59538810040318,79.52215576171875,1376900,0.0,0.0
2019-05-24 00:00:00-04:00,79.54014163123966,80.00802178874353,79.25221379629703,79.30619812011719,1099400,0.0,0.0
2019-05-28 00:00:00-04:00,79.61211806630263,79.61211806630263,78.05550384521484,78.05550384521484,3027900,0.0,0.0
2019-05-29 00:00:00-04:00,78.2354733457857,78.40643287956374,76.79583398559215,77.02977752685547,1987400,0.0,0.0
2019-05-30 00:00:00-04:00,77.02076869383605,77.4076723694621,76.51689669385462,76.70584869384766,1469300,0.0,0.0
2019-05-31 00:00:00-04:00,76.80482843694041,77.72259632139226,76.6968529179937,77.65061950683594,1795700,0.0,0.0
2019-06-03 00:00:00-04:00,77.65960628795176,78.73934079935343,77.41666997011244,78.61337280273438,1503800,0.0,0.0
2019-06-04 00:00:00-04:00,78.60437930743846,78.8563153204845,76.97578803400408,78.75733947753906,1719500,0.0,0.0
2019-06-05 00:00:00-04:00,79.22523101059986,80.57489418376345,78.82932761642112,80.3679428100586,1632500,0.0,0.0
2019-06-06 00:00:00-04:00,80.655859964689,80.78182796160456,80.13398862618683,80.52989196777344,1445100,0.0,0.0
2019-06-07 00:00:00-04:00,80.84481472935114,81.43866976207319,79.23421601105669,79.45915985107422,2132700,0.0,0.0
2019-06-10 00:00:00-04:00,79.14423600634242,79.26120432616706,78.03751621143137,78.4874038696289,1584700,0.0,0.0
2019-06-11 00:00:00-04:00,78.40641500612843,78.86530230733774,77.48864726845017,78.02851104736328,1710400,0.0,0.0
2019-06-12 00:00:00-04:00,78.35244324509766,79.02727479307848,78.35244324509766,78.92829895019531,1063400,0.0,0.0
2019-06-13 00:00:00-04:00,79.0722454379543,79.43215690607423,78.32543720767526,78.98226928710938,2697100,0.0,0.0
2019-06-14 00:00:00-04:00,79.14424342714969,80.03501915177523,79.1172512634855,79.6661148071289,1560500,0.0,0.0
2019-06-17 00:00:00-04:00,79.5761304481157,79.85505859692029,78.84730778050316,79.29719543457031,1797600,0.0,0.0
2019-06-18 00:00:00-04:00,80.04400930105362,80.04400930105362,78.38842605577761,79.24320983886719,1868400,0.0,0.0
2019-06-19 00:00:00-04:00,79.18023080292599,80.34994150386567,78.91029545201955,79.97203063964844,1508800,0.0,0.0
2019-06-20 00:00:00-04:00,80.03501463956111,80.42191831466506,79.36018312703618,79.97203063964844,2382900,0.0,0.0
2019-06-21 00:00:00-04:00,80.0260303249894,80.45791869460366,79.33319938765133,80.26896667480469,3588900,0.0,0.0
2019-06-24 00:00:00-04:00,80.31394414382576,81.38467206871967,80.12499215707977,80.66485595703125,1409100,0.0,0.0
2019-06-25 00:00:00-04:00,80.75483202122162,80.8808000122426,79.87304921933409,80.02601623535156,1091200,0.0,0.0
2019-06-26 00:00:00-04:00,79.79207421514275,79.87305069740873,78.48740277053611,78.55937957763672,1525200,0.0,0.0
2019-06-27 00:00:00-04:00,78.71234833705124,79.090252325464,78.17247765104337,78.51439666748047,1787800,0.0,0.0
2019-06-28 00:00:00-04:00,78.42441571814521,79.29719196243754,78.28044838007193,78.89229583740234,2607900,0.0,0.0
2019-07-01 00:00:00-04:00,78.80232177993432,78.86530577583187,77.85755497673024,78.6043701171875,1327800,0.0,0.0
2019-07-02 00:00:00-04:00,78.88328933440054,79.94502433419474,78.7843135142277,79.55812072753906,1286800,0.0,0.0
2019-07-03 00:00:00-04:00,79.82806185477405,80.77282175525167,79.82806185477405,80.28694915771484,698400,0.0,0.0
2019-07-05 00:00:00-04:00,79.54014564848823,79.95404150307616,78.5953787454727,79.90904998779297,1227300,0.0,0.0
2019-07-08 00:00:00-04:00,80.1969845111566,80.40393588804348,79.42317706413232,79.95404815673828,1267300,0.0,0.0
2019-07-09 00:00:00-04:00,79.91804775791749,80.0980000852759,79.2612087200509,79.82807159423828,1336900,0.0,0.0
2019-07-10 00:00:00-04:00,80.11600921635983,80.45792142597344,79.73810516393289,80.17899322509766,1046400,0.0,0.0
2019-07-11 00:00:00-04:00,80.17898351683773,80.61987152461874,79.43216831455675,80.29595184326172,1006600,0.0,0.0
2019-07-12 00:00:00-04:00,80.32294213766562,80.32294213766562,79.396174629405,80.04401397705078,1272700,0.0,0.0
2019-07-15 00:00:00-04:00,79.49515067471916,80.02602170005092,79.20722283776095,79.67510986328125,1401900,0.0,0.0
2019-07-16 00:00:00-04:00,79.52214440835156,79.74708824994372,78.50540071566188,79.01827239990234,1335100,0.0,0.0
2019-07-17 00:00:00-04:00,79.28819645705427,79.54013242537773,78.77532484589858,78.81130981445312,1375200,0.0,0.0
2019-07-18 00:00:00-04:00,78.78431682130449,79.64810021701145,78.32543639732091,79.4951400756836,1331000,0.0,0.0
2019-07-19 00:00:00-04:00,79.42315871035137,79.65710219869618,78.37042330991038,78.49639129638672,1427800,0.0,0.0
2019-07-22 00:00:00-04:00,78.71235481343352,78.80233098025768,77.59662837764115,78.11849975585938,1484000,0.0,0.0
2019-07-23 00:00:00-04:00,77.90255309303518,78.11849725946064,77.41667357002197,77.83956909179688,1444800,0.0,0.0
2019-07-24 00:00:00-04:00,78.11849487691376,78.37043087418316,77.38967904699282,77.85755920410156,1828500,0.0,0.0
2019-07-25 00:00:00-04:00,77.91155000062054,78.32545273308205,77.14674226973075,77.46166229248047,1113000,0.0,0.0
2019-07-26 00:00:00-04:00,77.39867949771939,77.95654273583979,77.10175882290953,77.68660736083984,1098900,0.0,0.0
2019-07-29 00:00:00-04:00,77.85755789518824,78.13648604965569,77.36268558451184,77.97453308105469,1147400,0.0,0.0
2019-07-30 00:00:00-04:00,77.72259635771503,78.11849972929652,76.44491694091852,76.8408203125,1846100,0.0,0.0
2019-07-31 00:00:00-04:00,76.8048196325797,77.28169943996394,75.95902865963964,76.44490814208984,2917200,0.0,0.0
2019-08-01 00:00:00-04:00,76.28296012597401,77.83057496938875,76.11200059695395,77.31770324707031,1362500,0.0,0.0
2019-08-02 00:00:00-04:00,78.34344119099822,78.63136903480742,77.3446899811229,77.49765014648438,2339400,0.0,0.0
2019-08-05 00:00:00-04:00,77.63261214499532,77.93853931807662,76.29194886391693,76.91279602050781,2530600,0.0,0.0
2019-08-06 00:00:00-04:00,76.86780502743045,78.19947550705494,75.98602220292032,77.9475326538086,1709800,0.0,0.0
2019-08-07 00:00:00-04:00,77.89354653953778,78.78432215403954,76.77782710265491,78.33443450927734,1405500,0.0,0.0
2019-08-08 00:00:00-04:00,78.15449160850154,78.91929932374602,77.77658758893249,78.75733947753906,1508500,0.0,0.0
2019-08-09 00:00:00-04:00,78.75733298439127,79.07225297473524,78.23546164911215,78.51439666748047,984500,0.0,0.0
2019-08-12 00:00:00-04:00,78.55937590468736,78.892295222833,78.11848794856834,78.69434356689453,1695700,0.0,0.0
2019-08-13 00:00:00-04:00,78.71249640455083,78.95751266981145,78.03190643732337,78.72157287597656,1318300,0.74,0.0
2019-08-14 00:00:00-04:00,78.7669436457361,79.34771316284873,77.78689248936402,78.01375579833984,1598000,0.0,0.0
2019-08-15 00:00:00-04:00,77.83226317512877,79.21159600935786,77.7505957048052,78.92121124267578,1194600,0.0,0.0
2019-08-16 00:00:00-04:00,78.90305764602999,79.36586074398231,78.72156976460343,79.12992095947266,1213100,0.0,0.0
2019-08-19 00:00:00-04:00,79.13900120128324,80.3005403137226,78.88491538585204,79.9829330444336,1085900,0.0,0.0
2019-08-20 00:00:00-04:00,80.24609937786221,80.29147481432841,79.42938998470756,79.63810729980469,1013000,0.0,0.0
2019-08-21 00:00:00-04:00,79.58365313667755,80.16442270572927,79.51106213303562,80.10997772216797,1547000,0.0,0.0
2019-08-22 00:00:00-04:00,80.01923970478698,80.47296639693857,79.63811094497642,80.07368469238281,1476600,0.0,0.0
2019-08-23 00:00:00-04:00,80.29146925588324,80.5727775572044,78.50378518665856,78.86676788330078,1755700,0.0,0.0
2019-08-26 00:00:00-04:00,79.193436796392,79.69253881991277,78.7850856304702,79.64716339111328,959700,0.0,0.0
2019-08-27 00:00:00-04:00,80.07368456251177,80.58186316475486,79.83775166776591,79.89219665527344,1445300,0.0,0.0
2019-08-28 00:00:00-04:00,79.97384709317808,80.33682975361877,79.26603471314382,79.64716339111328,1666800,0.0,0.0
2019-08-29 00:00:00-04:00,80.01923451595846,80.0646099515592,79.4203119979618,79.99201202392578,2714100,0.0,0.0
2019-08-30 00:00:00-04:00,80.3459084519625,80.86315650735484,79.77421541915577,80.67259216308594,1719200,0.0,0.0
2019-09-03 00:00:00-04:00,80.67258978808492,82.29693182520623,80.46387250861012,82.25155639648438,2005300,0.0,0.0
2019-09-04 00:00:00-04:00,82.3967625314048,82.68714731090226,81.84321546371913,82.44213104248047,1273400,0.0,0.0
2019-09-05 00:00:00-04:00,81.90673611179571,82.58732608110604,81.42578697454749,82.46935272216797,2572400,0.0,0.0
2019-09-06 00:00:00-04:00,82.67806163037523,83.10456574223262,82.34230145388105,82.70528411865234,2236000,0.0,0.0
2019-09-09 00:00:00-04:00,82.29694274129704,82.3786102158469,81.68894376304212,82.02470397949219,2276600,0.0,0.0
2019-09-10 00:00:00-04:00,81.98839678158278,82.02469574106557,80.38220763355125,81.06279754638672,2188800,0.0,0.0
2019-09-11 00:00:00-04:00,80.76333750590148,81.74338865633362,80.43665378909076,81.60726928710938,1481400,0.0,0.0
2019-09-12 00:00:00-04:00,82.09730941359453,82.4602921547562,81.31689894325892,81.84322357177734,1695700,0.0,0.0
2019-09-13 00:00:00-04:00,81.09002374192463,81.87043409818193,80.89945938841791,81.49837493896484,1801400,0.0,0.0
2019-09-16 00:00:00-04:00,81.57097032709498,81.86135508389133,81.19891810275533,81.60726928710938,1248800,0.0,0.0
2019-09-17 00:00:00-04:00,81.70708433386241,82.98658970463119,81.70708433386241,82.51471710205078,1241100,0.0,0.0
2019-09-18 00:00:00-04:00,82.8232608040966,83.1590210221915,82.29694314445186,83.01383209228516,1133000,0.0,0.0
2019-09-19 00:00:00-04:00,83.27698774789653,83.46755903674287,82.95031092364982,83.3768081665039,1004500,0.0,0.0
2019-09-20 00:00:00-04:00,83.64905299596558,83.96666029487353,82.94124046602214,83.84869384765625,3570900,0.0,0.0
2019-09-23 00:00:00-04:00,84.63817060665563,84.68354604332181,83.93035810390886,84.16629791259766,1336400,0.0,0.0
2019-09-24 00:00:00-04:00,84.3387134080423,85.42765461796026,84.129996099093,85.26431274414062,2008100,0.0,0.0
2019-09-25 00:00:00-04:00,84.98301122430222,85.38228600741574,84.71077243840305,85.29154205322266,1220900,0.0,0.0
2019-09-26 00:00:00-04:00,85.62728725667338,86.171757809501,85.2915270694923,85.89044952392578,1254200,0.0,0.0
2019-09-27 00:00:00-04:00,85.89045796545187,86.05379983968568,85.22801399680387,85.86323547363281,1160800,0.0,0.0
2019-09-30 00:00:00-04:00,85.94490631219492,86.18084612272503,85.30969173382881,85.72711944580078,1396000,0.0,0.0
2019-10-01 00:00:00-04:00,85.4548788783796,85.73619412003099,84.95578369822044,85.391357421875,1223900,0.0,0.0
2019-10-02 00:00:00-04:00,85.18264472046471,85.52747448594411,84.01202911951394,84.09369659423828,1688400,0.0,0.0
2019-10-03 00:00:00-04:00,84.20259789335833,84.4839062187883,83.85776810982097,84.41130828857422,1439800,0.0,0.0
2019-10-04 00:00:00-04:00,84.67446257448482,85.5093248462464,84.23888888108827,85.42765045166016,1151900,0.0,0.0
2019-10-07 00:00:00-04:00,85.16448462532226,85.40042440468898,84.85595384895856,85.1735610961914,851400,0.0,0.0
2019-10-08 00:00:00-04:00,85.15542311566101,85.2189514995878,84.26612266716522,84.3931655883789,1445700,0.0,0.0
2019-10-09 00:00:00-04:00,84.5202153916669,85.06468608739058,84.36594996382061,84.71985626220703,847500,0.0,0.0
2019-10-10 00:00:00-04:00,84.6563168156297,84.8378047012165,83.97572685970061,84.43852996826172,1179200,0.0,0.0
2019-10-11 00:00:00-04:00,84.25703394368476,84.3750072986012,83.4221786047204,83.68534088134766,1311700,0.0,0.0
2019-10-14 00:00:00-04:00,83.79423553329217,83.79423553329217,82.77789225445626,82.80511474609375,1017500,0.0,0.0
2019-10-15 00:00:00-04:00,82.75067383846088,83.09550362171818,82.24249525069476,82.34231567382812,1521400,0.0,0.0
2019-10-16 00:00:00-04:00,82.20618113615653,82.51471882079672,81.9067268452614,82.43304443359375,1295000,0.0,0.0
2019-10-17 00:00:00-04:00,82.44213621952576,83.05012830800946,82.40583725439424,82.85049438476562,1096100,0.0,0.0
2019-10-18 00:00:00-04:00,82.73251865294885,83.14994635505269,82.33324389455187,83.02290344238281,1135200,0.0,0.0
2019-10-21 00:00:00-04:00,83.16809974408889,84.15722055850352,83.03198035883673,84.10277557373047,2118000,0.0,0.0
2019-10-22 00:00:00-04:00,84.10276152889938,84.70167703134501,83.84867574463043,84.64723205566406,1183200,0.0,0.0
2019-10-23 00:00:00-04:00,84.71985051290137,85.3641416001719,84.43854217258722,85.02838134765625,1465000,0.0,0.0
2019-10-24 00:00:00-04:00,85.20078380031707,85.68173290781364,84.855954062926,85.56376647949219,1028900,0.0,0.0
2019-10-25 00:00:00-04:00,86.08101147971115,86.14453292705427,84.30240403078496,84.68353271484375,1299500,0.0,0.0
2019-10-28 00:00:00-04:00,84.32056097884234,84.5927997446416,82.65085019034379,82.65991973876953,1778700,0.0,0.0
2019-10-29 00:00:00-04:00,82.51472332539919,83.05919388430829,82.26971399705167,82.9593734741211,1307400,0.0,0.0
2019-10-30 00:00:00-04:00,83.013827934766,83.52199954896683,82.54194835873466,83.17716979980469,1207800,0.0,0.0
2019-10-31 00:00:00-04:00,83.24069072175213,83.74886233271845,82.91400699375409,83.68534088134766,2296800,0.0,0.0
2019-11-01 00:00:00-04:00,83.70350005895332,83.85777239937964,82.53288433681978,82.6871566772461,1607000,0.0,0.0
2019-11-04 00:00:00-05:00,82.414914986048,82.63270185684587,81.28059827080106,81.59820556640625,2359800,0.0,0.0
2019-11-05 00:00:00-05:00,80.85409087589754,81.02650922524874,79.42031294301368,80.14627838134766,2829800,0.0,0.0
2019-11-06 00:00:00-05:00,80.43666408707725,80.92668972502936,79.92849242845415,80.41851806640625,1824100,0.0,0.0
2019-11-07 00:00:00-05:00,79.78327808578167,79.99199535340075,78.57636375284763,79.14806365966797,2322500,0.0,0.0
2019-11-08 00:00:00-05:00,79.12992717595961,79.78329467773438,78.8849178244538,79.78329467773438,1400200,0.0,0.0
2019-11-11 00:00:00-05:00,79.77423513646104,79.85590262276786,79.25698002990336,79.40217590332031,1211400,0.0,0.0
2019-11-12 00:00:00-05:00,79.55774628224945,79.73163522707102,78.79813423972057,79.09099578857422,1425300,0.74,0.0
2019-11-13 00:00:00-05:00,79.56690835008132,80.34482126460743,79.40217327551584,80.07941436767578,1990600,0.0,0.0
2019-11-14 00:00:00-05:00,79.16421253303862,80.03364328814132,79.11845007966689,79.8414535522461,1698000,0.0,0.0
2019-11-15 00:00:00-05:00,79.89637597390124,80.29905626826748,79.76824947355236,80.28990936279297,1127100,0.0,0.0
2019-11-18 00:00:00-05:00,80.52783825382521,81.14102293239937,79.88720588202436,80.05194091796875,1137100,0.0,0.0
2019-11-19 00:00:00-05:00,79.80483967734973,79.85060212767732,78.98117143040976,79.51197814941406,1860700,0.0,0.0
2019-11-20 00:00:00-05:00,79.79569886075211,80.07940652379224,79.20997576019627,79.905517578125,1377800,0.0,0.0
2019-11-21 00:00:00-05:00,79.16421546809218,79.64926676938794,78.99948040516433,79.45707702636719,1441600,0.0,0.0
2019-11-22 00:00:00-05:00,79.31978960067967,79.57604256862115,78.42290421288448,78.88050079345703,1874700,0.0,0.0
2019-11-25 00:00:00-05:00,78.7981420909412,79.07270287513487,78.40460869086137,78.74323272705078,1110700,0.0,0.0
2019-11-26 00:00:00-05:00,78.78898311378963,79.16421569579299,78.57849257755826,79.10930633544922,2063300,0.0,0.0
2019-11-27 00:00:00-05:00,79.12760400646864,79.51198347845173,78.9811767238718,79.37471008300781,1007700,0.0,0.0
2019-11-29 00:00:00-05:00,79.70416926261501,80.33565477982745,79.28318124526331,79.52113342285156,747300,0.0,0.0
2019-12-02 00:00:00-05:00,79.16421533173819,79.29234182686467,78.22156741086322,78.29478454589844,1329300,0.0,0.0
2019-12-03 00:00:00-05:00,78.61510581148774,79.15506650657211,78.34054502873147,78.97203063964844,1535600,0.0,0.0
2019-12-04 00:00:00-05:00,78.65170463732755,79.54859004945908,78.65170463732755,79.42046356201172,1356800,0.0,0.0
2019-12-05 00:00:00-05:00,79.25573322557477,79.40216749558282,78.93541698789505,79.33810424804688,1072900,0.0,0.0
2019-12-06 00:00:00-05:00,79.20082053496078,79.7956975127047,79.13675729011882,79.42961883544922,1007800,0.0,0.0
2019-12-09 00:00:00-05:00,79.43876759252814,79.45706838314258,78.99947181171643,79.2191162109375,1458600,0.0,0.0
2019-12-10 00:00:00-05:00,79.30149372972386,79.79569890528808,79.10015010460101,79.43877410888672,1517500,0.0,0.0
2019-12-11 00:00:00-05:00,79.62180543588504,80.2166823902133,79.45707038672289,80.1617660522461,1817600,0.0,0.0
2019-12-12 00:00:00-05:00,80.0061764864661,80.40886367153779,79.64009786207083,80.09769439697266,1838100,0.0,0.0
2019-12-13 00:00:00-05:00,79.81399405216742,80.62851539992053,79.54858719985678,80.38141632080078,2174800,0.0,0.0
2019-12-16 00:00:00-05:00,80.58276250646043,80.86647015865731,80.07024957628461,80.74749755859375,2829900,0.0,0.0
2019-12-17 00:00:00-05:00,80.82986683669577,81.82743110109298,80.71089422891477,81.02205657958984,1681000,0.0,0.0
2019-12-18 00:00:00-05:00,81.39729248087205,81.66269936970647,80.95799663464285,81.45220184326172,1810200,0.0,0.0
2019-12-19 00:00:00-05:00,81.51625764375089,82.13858929598463,81.39728504198928,82.09282684326172,2234300,0.0,0.0
2019-12-20 00:00:00-05:00,82.49551935776735,83.41071261177619,82.16604922773453,82.94396209716797,3551200,0.0,0.0
2019-12-23 00:00:00-05:00,83.13614872104372,83.37410091321514,81.8365760249162,82.16604614257812,1345700,0.0,0.0
2019-12-24 00:00:00-05:00,82.1385934168202,82.20265666442431,81.67184290863587,82.06537628173828,350700,0.0,0.0
2019-12-26 00:00:00-05:00,82.12942212820732,82.2026392477764,81.59861546725362,82.04705810546875,717500,0.0,0.0
2019-12-27 00:00:00-05:00,82.05623174340336,82.35824021517915,81.91895135675772,82.31248474121094,836600,0.0,0.0
2019-12-30 00:00:00-05:00,82.09283292747168,82.5412826538086,81.95555952386903,82.5412826538086,1264100,0.0,0.0
2019-12-31 00:00:00-05:00,82.54127053959202,82.81582428887276,82.20264656820605,82.79752349853516,1153600,0.0,0.0
2020-01-02 00:00:00-05:00,82.87076041259797,82.96227835087764,80.96715657394795,81.32408142089844,1335100,0.0,0.0
2020-01-03 00:00:00-05:00,81.049507921999,81.66269267535675,80.95798999806156,81.11357116699219,1379600,0.0,0.0
2020-01-06 00:00:00-05:00,81.15018286421333,81.5071076690002,80.62852299703482,80.8481674194336,1395300,0.0,0.0
2020-01-07 00:00:00-05:00,80.53701609648247,81.06782992379657,79.78655781669646,80.23500061035156,1897700,0.0,0.0
2020-01-08 00:00:00-05:00,79.69502453149401,79.969578298626,79.33809974656347,79.59435272216797,2255000,0.0,0.0
2020-01-09 00:00:00-05:00,79.45706879491662,79.85060212767732,79.35639699009158,79.51197814941406,1523200,0.0,0.0
2020-01-10 00:00:00-05:00,79.71333426925007,80.30821130502065,79.68587958769261,80.07025909423828,1453400,0.0,0.0
2020-01-13 00:00:00-05:00,80.05195654774992,80.71089682018257,79.88722147964177,80.34481811523438,1351800,0.0,0.0
2020-01-14 00:00:00-05:00,80.38142529751502,80.59191583612949,79.74078582931305,80.33566284179688,2134500,0.0,0.0
2020-01-15 00:00:00-05:00,80.59190552852505,81.63522514765167,80.49123372471725,81.41558074951172,1944200,0.0,0.0
2020-01-16 00:00:00-05:00,81.52540879385623,81.74505319833852,81.41558310043023,81.60777282714844,1707100,0.0,0.0
2020-01-17 00:00:00-05:00,81.60777210506896,82.7517635509145,81.38812770253013,82.58702850341797,2538400,0.0,0.0
2020-01-21 00:00:00-05:00,82.70601087297639,83.16360746675377,82.25756118376823,83.12699890136719,2140900,0.0,0.0
2020-01-22 00:00:00-05:00,83.46562532982237,83.83170404262445,83.29174335257866,83.42902374267578,1581700,0.0,0.0
2020-01-23 00:00:00-05:00,83.46562034817333,84.92078122455831,83.46562034817333,84.90247344970703,1741900,0.0,0.0
2020-01-24 00:00:00-05:00,84.71027095517863,85.77189830088032,84.67366239335762,85.67122650146484,1455900,0.0,0.0
2020-01-27 00:00:00-05:00,85.76275108812725,86.17459220388253,85.2319373739732,85.48819732666016,1999400,0.0,0.0
2020-01-28 00:00:00-05:00,85.54310009006232,86.6504829020891,85.54310009006232,86.19288635253906,1496500,0.0,0.0
2020-01-29 00:00:00-05:00,86.09222317374129,86.59558222159698,85.61632578679857,86.43084716796875,1640800,0.0,0.0
2020-01-30 00:00:00-05:00,86.48576176494298,86.87929514009943,85.94580110122871,86.70540618896484,1429700,0.0,0.0
2020-01-31 00:00:00-05:00,86.61389086116601,87.03487892916793,85.61633354440787,86.02816772460938,3781500,0.0,0.0
2020-02-03 00:00:00-05:00,86.1745990525588,86.32102634050453,85.42413389074459,85.89088439941406,1434400,0.0,0.0
2020-02-04 00:00:00-05:00,85.78106058265773,86.0830690280937,84.6553698891858,84.69197845458984,1631900,0.0,0.0
2020-02-05 00:00:00-05:00,84.56384889843949,85.56140608561572,84.36250528720804,85.47904205322266,1270800,0.0,0.0
2020-02-06 00:00:00-05:00,85.63463163650188,85.99155644338367,85.32346928480814,85.5431137084961,1212700,0.0,0.0
2020-02-07 00:00:00-05:00,85.82681426265417,85.99154931235171,84.91162109375,84.91162109375,1098300,0.0,0.0
2020-02-10 00:00:00-05:00,84.93908926853857,85.19534227937142,84.46319181733054,85.18619537353516,1029900,0.0,0.0
2020-02-11 00:00:00-05:00,85.37837414175037,85.68038957237259,85.12212116390242,85.27770233154297,1141700,0.0,0.0
2020-02-12 00:00:00-05:00,84.92077853415894,85.25024864734127,84.60960921287783,84.9939956665039,1552200,0.0,0.0
2020-02-13 00:00:00-05:00,84.92993337067182,85.79021024704656,84.40827351603016,85.69869232177734,1244300,0.0,0.0
2020-02-14 00:00:00-05:00,85.95494124131358,86.46745416685448,85.79936007747517,86.30271911621094,1249200,0.0,0.0
2020-02-18 00:00:00-05:00,86.47341034173553,87.26691423316149,86.39036563522613,87.05469512939453,2172700,0.765,0.0
2020-02-19 00:00:00-05:00,86.98088433500635,87.26691940830499,86.49186593932036,86.62104034423828,1029900,0.0,0.0
2020-02-20 00:00:00-05:00,86.61182119855962,87.33150920144524,86.39037332115072,87.26692199707031,1319000,0.0,0.0
2020-02-21 00:00:00-05:00,84.15749568341444,84.59115565600023,82.36749734192499,83.20713806152344,3976900,0.0,0.0
2020-02-24 00:00:00-05:00,82.54281026573484,83.16100311509338,81.74930626467135,82.01688385009766,2393400,0.0,0.0
2020-02-25 00:00:00-05:00,82.30289495360798,82.48743482251656,81.21413436521401,81.42635345458984,2328700,0.0,0.0
2020-02-26 00:00:00-05:00,81.59244798686191,82.25677753506908,80.891210459368,80.90966796875,2455200,0.0,0.0
2020-02-27 00:00:00-05:00,80.59595240854422,81.09419956193491,76.73915662664783,76.75761413574219,2752600,0.0,0.0
2020-02-28 00:00:00-05:00,74.97684714380641,74.99529761403979,71.7843807931496,72.72550964355469,5357400,0.0,0.0
2020-03-02 00:00:00-05:00,73.43597697344133,78.26158852970107,73.14994889677114,77.99401092529297,3615400,0.0,0.0
2020-03-03 00:00:00-05:00,77.86482914317926,79.74709391256317,77.10823314132197,77.35735321044922,3129700,0.0,0.0
2020-03-04 00:00:00-05:00,78.25235052133823,81.50940405004035,78.25235052133823,81.20492553710938,2415100,0.0,0.0
2020-03-05 00:00:00-05:00,79.95008295913482,81.26951332286362,79.41492780976736,80.80817413330078,2282900,0.0,0.0
2020-03-06 00:00:00-05:00,78.69524794901766,81.65704500795879,78.57530228152316,81.10343933105469,4705400,0.0,0.0
2020-03-09 00:00:00-04:00,78.93513442499236,82.97646300063803,77.06209149059634,81.8046646118164,5398100,0.0,0.0
2020-03-10 00:00:00-04:00,82.49667077072093,84.45274427541612,80.64208540343141,82.48744201660156,4040400,0.0,0.0
2020-03-11 00:00:00-04:00,80.79894928662362,81.19570129041728,78.14163796042195,79.81168365478516,4162800,0.0,0.0
2020-03-12 00:00:00-04:00,74.39555869611733,79.35957311604476,72.36566898174937,77.31122589111328,6073000,0.0,0.0
2020-03-13 00:00:00-04:00,79.66406269245606,82.26602296345919,77.52344873630459,81.26029968261719,5699300,0.0,0.0
2020-03-16 00:00:00-04:00,76.25937241876773,79.94085732410092,72.72551239932768,73.3990707397461,5037300,0.0,0.0
2020-03-17 00:00:00-04:00,75.12446903020384,87.31304910178875,75.12446903020384,86.62104034423828,5432000,0.0,0.0
2020-03-18 00:00:00-04:00,82.03533999579092,86.62104573470158,79.74709446438901,85.0709457397461,4117600,0.0,0.0
2020-03-19 00:00:00-04:00,85.40310009995315,85.40310009995315,73.40828235380347,73.89730072021484,5082100,0.0,0.0
2020-03-20 00:00:00-04:00,74.95838783248446,75.19828617661686,65.5747506211468,66.97721862792969,4902400,0.0,0.0
2020-03-23 00:00:00-04:00,66.89417483747404,67.0694859620944,57.23373218635292,60.29702377319336,5017900,0.0,0.0
2020-03-24 00:00:00-04:00,62.28078827408299,65.7039240885583,59.586569196737905,65.05805206298828,3372200,0.0,0.0
2020-03-25 00:00:00-04:00,63.98774595986658,68.70263317117568,62.55759865622751,65.4455795288086,3122100,0.0,0.0
2020-03-26 00:00:00-04:00,65.1595522712933,70.79711795613893,64.77202198657525,70.04974365234375,2771000,0.0,0.0
2020-03-27 00:00:00-04:00,68.51809190173176,73.55591452887045,68.28742232884368,71.87664031982422,2291500,0.0,0.0
2020-03-30 00:00:00-04:00,73.55591641688679,74.81998120349414,72.00581656571214,74.48782348632812,2557200,0.0,0.0
2020-03-31 00:00:00-04:00,73.58361290662717,73.81428253956331,71.35995426617312,71.96892547607422,3389300,0.0,0.0
2020-04-01 00:00:00-04:00,69.85597948968991,72.37489457111737,69.43154827850543,71.60906982421875,6352500,0.0,0.0
2020-04-02 00:00:00-04:00,70.12356293979815,73.47288321442116,70.12356293979815,72.82701110839844,3021800,0.0,0.0
2020-04-03 00:00:00-04:00,72.17189709154191,72.82699783380687,71.03699969556274,71.87664031982422,3904500,0.0,0.0
2020-04-06 00:00:00-04:00,74.46937436105864,76.58230878554164,73.41752152643954,74.78308868408203,2608100,0.0,0.0
2020-04-07 00:00:00-04:00,76.52694832201486,76.78529714625822,73.4913355582003,73.7404556274414,2173300,0.0,0.0
2020-04-08 00:00:00-04:00,74.33097439903581,78.18777063895624,73.3713879570078,77.34813690185547,1974700,0.0,0.0
2020-04-09 00:00:00-04:00,77.40348500814241,82.45976538445768,77.37580578439152,81.14033508300781,2111900,0.0,0.0
2020-04-13 00:00:00-04:00,79.51641421959499,80.41141327489565,77.56956249132648,78.28002166748047,1095900,0.0,0.0
2020-04-14 00:00:00-04:00,80.28224547517546,82.57048384878162,79.42415432520384,82.39517974853516,1814000,0.0,0.0
2020-04-15 00:00:00-04:00,81.18645955493773,81.26950426032678,79.44259817601012,80.24533081054688,1425700,0.0,0.0
2020-04-16 00:00:00-04:00,80.90044676121904,82.40441010020285,80.60518993885788,81.57400512695312,1594500,0.0,0.0
2020-04-17 00:00:00-04:00,82.60739157658841,83.04105152754862,80.87275881222473,82.63507080078125,1211900,0.0,0.0
2020-04-20 00:00:00-04:00,82.08147393943122,82.51513393657231,78.73215370535941,78.861328125,1551000,0.0,0.0
2020-04-21 00:00:00-04:00,77.93862867322862,78.42764699286799,76.31471307032301,77.0344009399414,2118100,0.0,0.0
2020-04-22 00:00:00-04:00,78.17853408434688,78.4737908535861,77.08054467398388,77.6156997680664,1497200,0.0,0.0
2020-04-23 00:00:00-04:00,77.61569767860281,78.23389042263705,75.25363654880064,75.45662689208984,1868100,0.0,0.0
2020-04-24 00:00:00-04:00,75.83492730472447,76.44389128666398,74.65390027595275,76.25012969970703,1748600,0.0,0.0
2020-04-27 00:00:00-04:00,76.45312790990995,76.99750475223277,76.13941361339471,76.27781677246094,1518300,0.0,0.0
2020-04-28 00:00:00-04:00,77.3942561507432,78.45533764313667,76.31472418903269,76.67456817626953,1687100,0.0,0.0
2020-04-29 00:00:00-04:00,79.30420679281573,79.30420679281573,74.82921789702607,74.99530029296875,2020400,0.0,0.0
2020-04-30 00:00:00-04:00,74.45091559278335,74.57086123968728,72.1718990252702,72.7070541381836,3129500,0.0,0.0
2020-05-01 00:00:00-04:00,72.29184600381892,72.37489071434129,70.71406689866424,71.27690124511719,1786000,0.0,0.0
2020-05-04 00:00:00-04:00,70.8801521795888,71.38762809943653,69.91133707423492,71.10159301757812,1756000,0.0,0.0
2020-05-05 00:00:00-04:00,71.20308584990607,72.49483693455583,70.77865465799547,71.54447937011719,1627100,0.0,0.0
2020-05-06 00:00:00-04:00,71.54448968195216,71.9689209350368,68.46273991984634,68.62882232666016,2274400,0.0,0.0
2020-05-07 00:00:00-04:00,69.23778786916321,69.80985101045326,68.19516381305527,68.34278869628906,2339800,0.0,0.0
2020-05-08 00:00:00-04:00,69.10861209186585,69.14552007181487,67.244797821566,68.44428253173828,2324500,0.0,0.0
2020-05-11 00:00:00-04:00,68.07521406273267,68.40737886373391,66.62660919594086,67.02336120605469,2294500,0.0,0.0
2020-05-12 00:00:00-04:00,67.02801677585192,67.27979545692587,65.98362258592107,66.7575912475586,2524800,0.765,0.0
2020-05-13 00:00:00-04:00,66.43122451589643,66.72030403389029,65.13505151898994,66.6363754272461,2130200,0.0,0.0
2020-05-14 00:00:00-04:00,66.08620106836231,67.30777237781828,64.57555025570825,66.8042221069336,2131700,0.0,0.0
2020-05-15 00:00:00-04:00,66.36594808817846,66.43122272963433,64.49163033448764,65.61062622070312,3950400,0.0,0.0
2020-05-18 00:00:00-04:00,67.14924805111797,68.79976798041974,66.59906999841601,68.17499542236328,2247900,0.0,0.0
2020-05-19 00:00:00-04:00,67.71806542468534,68.15633388463684,66.0768655444712,66.09551239013672,1809100,0.0,0.0
2020-05-20 00:00:00-04:00,66.51513614129608,67.48493567455864,65.63858505818555,65.96495819091797,1714200,0.0,0.0
2020-05-21 00:00:00-04:00,65.68522076514597,66.35662107028365,64.97651965256712,65.2003173828125,1317900,0.0,0.0
2020-05-22 00:00:00-04:00,65.14436495894783,65.56398656173319,64.76203704647139,65.44276428222656,1397000,0.0,0.0
2020-05-26 00:00:00-04:00,66.2167400846473,67.45695804994834,66.03956304057526,66.38459014892578,2232100,0.0,0.0
2020-05-27 00:00:00-04:00,67.21451989379139,67.65279549862699,65.79711763498683,66.44054412841797,1615800,0.0,0.0
2020-05-28 00:00:00-04:00,67.39167687690629,68.33350254137945,67.20517998554939,68.2122802734375,1567400,0.0,0.0
2020-05-29 00:00:00-04:00,67.94187517833122,70.13324632382253,67.55954718765953,69.99337005615234,3220700,0.0,0.0
2020-06-01 00:00:00-04:00,69.90943708853581,70.59948421752746,68.93963747012522,70.002685546875,1612100,0.0,0.0
2020-06-02 00:00:00-04:00,70.33839431129651,70.42231579976944,68.99559358051205,69.76956939697266,1418100,0.0,0.0
2020-06-03 00:00:00-04:00,70.12391159128839,71.14033905056961,69.93741466461012,70.56218719482422,1512400,0.0,0.0
2020-06-04 00:00:00-04:00,70.15190116011208,70.50624821013695,68.86504801881665,69.77890014648438,1676100,0.0,0.0
2020-06-05 00:00:00-04:00,70.21715862213249,71.06572878395214,69.90010534808938,70.24513244628906,1916800,0.0,0.0
2020-06-08 00:00:00-04:00,70.31041509001155,72.52043282314861,70.03066258775036,72.46448516845703,1914900,0.0,0.0
2020-06-09 00:00:00-04:00,72.03553651754632,72.11945799954717,70.74869065938834,71.52265930175781,1867900,0.0,0.0
2020-06-10 00:00:00-04:00,71.33616903248962,72.42719108670643,71.33616903248962,71.75579071044922,1784200,0.0,0.0
2020-06-11 00:00:00-04:00,70.6554394583401,70.86059035736119,68.82774244386448,69.62969207763672,2175700,0.0,0.0
2020-06-12 00:00:00-04:00,70.93518981214963,71.24291615128637,69.2566889754055,70.29176330566406,2456700,0.0,0.0
2020-06-15 00:00:00-04:00,69.34994802413213,71.61592070987754,68.86504459619526,70.49691772460938,2742500,0.0,0.0
2020-06-16 00:00:00-04:00,71.8210692146421,72.89344447804102,70.81397571049263,71.21495056152344,1880300,0.0,0.0
2020-06-17 00:00:00-04:00,71.44806515606437,71.50401281101016,69.76023738304892,70.20783996582031,1933900,0.0,0.0
2020-06-18 00:00:00-04:00,69.91876043071495,70.8419322147213,69.48048487348339,69.8161849975586,1406600,0.0,0.0
2020-06-19 00:00:00-04:00,70.79531251166695,70.79531251166695,66.61772155761719,66.61772155761719,4629900,0.0,0.0
2020-06-22 00:00:00-04:00,66.61771401794982,67.77401049399235,66.07686302703925,66.59906005859375,2184300,0.0,0.0
2020-06-23 00:00:00-04:00,67.25181522524758,67.43831213729096,65.92766153789547,66.1514663696289,1395200,0.0,0.0
2020-06-24 00:00:00-04:00,65.57332958728249,67.14925517850232,65.19100869565331,66.70165252685547,2436900,0.0,0.0
2020-06-25 00:00:00-04:00,66.44987952955987,66.56177485431724,65.09775173538623,65.85308074951172,2435600,0.0,0.0
2020-06-26 00:00:00-04:00,65.87171482445746,67.12126691901175,65.7038647554696,66.46851348876953,3422600,0.0,0.0
2020-06-29 00:00:00-04:00,66.91612702343703,67.79267120361328,65.9183534258559,67.79267120361328,1594000,0.0,0.0
2020-06-30 00:00:00-04:00,67.70873782958535,68.05376494367378,66.21674118585364,67.07463836669922,2206200,0.0,0.0
2020-07-01 00:00:00-04:00,67.07465023051803,68.46407168377178,66.97207477614334,68.1656723022461,1692100,0.0,0.0
2020-07-02 00:00:00-04:00,68.16566258977825,69.34061309967589,68.0817411105577,68.8277359008789,1430400,0.0,0.0
2020-07-06 00:00:00-04:00,69.44319843392924,70.04932417857898,67.60617435118574,68.1656723022461,1520800,0.0,0.0
2020-07-07 00:00:00-04:00,67.33573751907458,67.848614705024,67.25181604195627,67.60616302490234,1775800,0.0,0.0
2020-07-08 00:00:00-04:00,67.76469129183941,67.96051520114754,66.99071552095356,67.5408935546875,1455100,0.0,0.0
2020-07-09 00:00:00-04:00,67.13058245725922,67.23315788805071,65.28423893181406,66.8694839477539,1698600,0.0,0.0
2020-07-10 00:00:00-04:00,66.86948871790683,67.79266054648413,66.63636401573268,67.58751678466797,1746100,0.0,0.0
2020-07-13 00:00:00-04:00,67.59685042719144,67.86727599055662,66.8508554968349,67.28913116455078,1868300,0.0,0.0
2020-07-14 00:00:00-04:00,67.31709298659148,68.314866452669,66.77624195635093,67.2984390258789,2122900,0.0,0.0
2020-07-15 00:00:00-04:00,67.4289857974886,67.97916378772149,66.56176163089194,66.68299102783203,2357500,0.0,0.0
2020-07-16 00:00:00-04:00,66.84151129558556,67.41033610743735,66.6363604304061,66.99070739746094,1158000,0.0,0.0
2020-07-17 00:00:00-04:00,67.16789189731615,69.11681821855218,67.16789189731615,69.0701904296875,1742300,0.0,0.0
2020-07-20 00:00:00-04:00,68.65057292141486,68.865043688543,67.96051859955374,68.31487274169922,1455000,0.0,0.0
2020-07-21 00:00:00-04:00,68.0910560449248,69.9187598676835,67.96983376780751,69.26600646972656,2174700,0.0,0.0
2020-07-22 00:00:00-04:00,69.03288449278499,71.03775832018829,68.58528905630497,70.64611053466797,1714700,0.0,0.0
2020-07-23 00:00:00-04:00,70.65542482816782,71.58792354743012,70.44095410680185,71.10302734375,1574700,0.0,0.0
2020-07-24 00:00:00-04:00,71.44806349983627,72.40853616428342,70.17986451151727,70.47826385498047,1619200,0.0,0.0
2020-07-27 00:00:00-04:00,70.29176014628297,70.30108712673507,69.08883578641743,69.71361541748047,1731900,0.0,0.0
2020-07-28 00:00:00-04:00,69.40588913201195,71.49468454718436,69.40588913201195,71.20561218261719,1520600,0.0,0.0
2020-07-29 00:00:00-04:00,71.13101149028387,71.70916334131803,70.4036635220032,71.52265930175781,1515700,0.0,0.0
2020-07-30 00:00:00-04:00,70.9724842493482,71.93295687520906,70.7486865293421,71.7464599609375,2133000,0.0,0.0
2020-07-31 00:00:00-04:00,71.39211170016779,71.9049889279456,70.73003835165579,71.64389038085938,4369300,0.0,0.0
2020-08-03 00:00:00-04:00,71.38277882761128,71.47602727538023,70.16120068431631,70.78598022460938,1645800,0.0,0.0
2020-08-04 00:00:00-04:00,70.63678086801198,71.51333197651375,70.55285939476441,70.77665710449219,2008500,0.0,0.0
2020-08-05 00:00:00-04:00,70.48758992553527,70.82329010578098,68.53867059826631,68.68787384033203,2035900,0.0,0.0
2020-08-06 00:00:00-04:00,68.90233928322651,69.11681714852122,68.21229212800277,68.93031311035156,1579600,0.0,0.0
2020-08-07 00:00:00-04:00,68.30553731414842,70.68341210736392,68.27756348836492,70.03998565673828,1633800,0.0,0.0
2020-08-10 00:00:00-04:00,70.81396751842996,71.18696138046032,70.12391322198965,70.29176330566406,1505800,0.0,0.0
2020-08-11 00:00:00-04:00,69.93741886739006,70.31974683877817,68.18432346229893,68.31487274169922,1970600,0.0,0.0
2020-08-12 00:00:00-04:00,68.54799370860204,69.83483958394122,68.48271907248487,69.24736785888672,1370100,0.0,0.0
2020-08-13 00:00:00-04:00,68.86503740512384,69.03288747966661,68.06308783946416,68.79043579101562,1566400,0.0,0.0
2020-08-14 00:00:00-04:00,68.39879267518674,69.08883986696563,67.87659556945158,68.56664276123047,1641600,0.0,0.0
2020-08-17 00:00:00-04:00,68.82774772574939,69.95607064255152,68.44542684183588,69.38725280761719,2529200,0.0,0.0
2020-08-18 00:00:00-04:00,69.39194954508714,69.67460082521067,68.88316861490064,69.10929107666016,1548700,0.765,0.0
2020-08-19 00:00:00-04:00,69.10929900069688,69.61807998921995,68.68531843774646,69.19409942626953,1742300,0.0,0.0
2020-08-20 00:00:00-04:00,68.8737449838214,69.45790246601995,68.13884158937053,68.21421813964844,2444100,0.0,0.0
2020-08-21 00:00:00-04:00,68.46860799089427,68.49687240140256,67.0647538253206,68.0257797241211,3823700,0.0,0.0
2020-08-24 00:00:00-04:00,68.13883808787084,70.0326324835404,67.69600986312344,70.02320861816406,2326500,0.0,0.0
2020-08-25 00:00:00-04:00,70.06089672637391,70.17396154571436,68.48744906247727,68.78894805908203,2057000,0.0,0.0
2020-08-26 00:00:00-04:00,68.26132155331484,68.26132155331484,66.24504560281277,66.68787384033203,2667500,0.0,0.0
2020-08-27 00:00:00-04:00,66.89515266679385,67.63947987596438,66.4711721801424,66.96110534667969,1808700,0.0,0.0
2020-08-28 00:00:00-04:00,67.14012517602774,67.14012517602774,66.04718679904337,66.81977844238281,1479900,0.0,0.0
2020-08-31 00:00:00-04:00,66.52770859317978,67.31914084220222,66.50886086060089,67.21549987792969,2461900,0.0,0.0
2020-09-01 00:00:00-04:00,66.7820909771754,66.89515580011972,65.35939636038505,65.62320709228516,1867700,0.0,0.0
2020-09-02 00:00:00-04:00,65.53840644450955,68.22364027052,65.29344344479121,68.05404663085938,2391800,0.0,0.0
2020-09-03 00:00:00-04:00,68.41207619290033,69.31657323132474,67.63006065744989,68.21421813964844,3609400,0.0,0.0
2020-09-04 00:00:00-04:00,68.64762132480269,69.26004320560541,67.74312430214313,68.81721496582031,3121300,0.0,0.0
2020-09-08 00:00:00-04:00,68.77011294484883,69.19410070393243,67.91272793620743,68.59110260009766,3104400,0.0,0.0
2020-09-09 00:00:00-04:00,69.09986543830334,70.2399159602921,68.64762052638514,68.69473266601562,1970100,0.0,0.0
2020-09-10 00:00:00-04:00,68.43092268366632,69.95726561208306,67.53584943331148,68.56282806396484,8656400,0.0,0.0
2020-09-11 00:00:00-04:00,68.47803995891651,68.81722730175329,67.94099453080905,68.5345687866211,2176200,0.0,0.0
2020-09-14 00:00:00-04:00,69.1940823013752,70.17395575657993,68.60992489876205,69.92898559570312,2308900,0.0,0.0
2020-09-15 00:00:00-04:00,70.41893002982994,71.21978612810942,69.68402661756632,70.16454315185547,2637300,0.0,0.0
2020-09-16 00:00:00-04:00,70.00436761884886,71.92641922149744,69.72170916582834,71.30458068847656,3961200,0.0,0.0
2020-09-17 00:00:00-04:00,70.91827729943608,72.12428040140374,70.29643880133499,71.54012298583984,3690400,0.0,0.0
2020-09-18 00:00:00-04:00,71.02192821500414,71.53070916029505,69.38252773904702,69.60865020751953,4431900,0.0,0.0
2020-09-21 00:00:00-04:00,69.09045254136217,69.45790424801486,67.58295743864555,68.62877655029297,3213100,0.0,0.0
2020-09-22 00:00:00-04:00,68.44034976012178,69.90074006687993,68.28960382769826,69.4390640258789,2868200,0.0,0.0
2020-09-23 00:00:00-04:00,69.47674793386808,69.68402986767248,68.97739083241422,69.0810317993164,2228600,0.0,0.0
2020-09-24 00:00:00-04:00,69.12814023432594,69.8724675074548,68.35554855143202,69.65576171875,1878100,0.0,0.0
2020-09-25 00:00:00-04:00,69.24119254288581,71.49301473265908,69.22235200059406,71.38937377929688,1561400,0.0,0.0
2020-09-28 00:00:00-04:00,71.587245577569,72.6990245706732,71.144417315899,71.90758514404297,1657600,0.0,0.0
2020-09-29 00:00:00-04:00,72.29388025289664,73.20779394334619,71.84162815216727,72.52942657470703,1608500,0.0,0.0
2020-09-30 00:00:00-04:00,72.97225421035574,73.54698786253127,72.69902677809229,73.3020248413086,1773100,0.0,0.0
2020-10-01 00:00:00-04:00,73.53756782145862,74.50801756043346,73.24548548135193,74.47032928466797,1562300,0.0,0.0
2020-10-02 00:00:00-04:00,73.98981142709671,75.5726830393422,73.73542455562131,75.15811920166016,1718900,0.0,0.0
2020-10-05 00:00:00-04:00,74.99794554601775,75.68574395130936,74.53627677957174,75.30886840820312,1357800,0.0,0.0
2020-10-06 00:00:00-04:00,75.43136249881682,76.52430103747325,74.86605268392404,76.09089660644531,1530700,0.0,0.0
2020-10-07 00:00:00-04:00,76.40180045917174,76.53371301084128,75.2240688660413,76.1568374633789,1335900,0.0,0.0
2020-10-08 00:00:00-04:00,76.55254695852184,77.58894923353056,76.2133597138568,77.5135726928711,1211900,0.0,0.0
2020-10-09 00:00:00-04:00,77.62665167631403,78.12600876982214,76.8069478206681,77.77740478515625,1170200,0.0,0.0
2020-10-12 00:00:00-04:00,77.68318392344179,78.32387028766479,77.63607896607938,78.09774780273438,946400,0.0,0.0
2020-10-13 00:00:00-04:00,77.35340992211118,77.85276696955489,76.16625445855422,77.5606918334961,1213400,0.0,0.0
2020-10-14 00:00:00-04:00,77.63605886258574,77.9187100984815,76.81635518305316,77.48530578613281,1074900,0.0,0.0
2020-10-15 00:00:00-04:00,76.45834291234416,77.50416923031541,76.21337270758686,77.01422882080078,1286500,0.0,0.0
2020-10-16 00:00:00-04:00,76.97653198242188,77.92814109681527,76.60908031030718,76.97653198242188,2205200,0.0,0.0
2020-10-19 00:00:00-04:00,76.96711642868863,77.57953109894811,75.86475420795476,76.11914825439453,2936200,0.0,0.0
2020-10-20 00:00:00-04:00,75.37482998329389,76.59024997937098,75.20523632829932,75.94013977050781,1627600,0.0,0.0
2020-10-21 00:00:00-04:00,75.72344114623374,76.31701534445676,75.28061287003233,75.68575286865234,1487000,0.0,0.0
2020-10-22 00:00:00-04:00,75.91187119333479,76.89174479193844,75.37482584670913,76.73157501220703,1509500,0.0,0.0
2020-10-23 00:00:00-04:00,77.230927727022,77.34398535890067,76.53371263999209,76.88231658935547,1473600,0.0,0.0
2020-10-26 00:00:00-04:00,76.53371108649704,78.09773486493118,76.26047650116453,77.95640563964844,1342100,0.0,0.0
2020-10-27 00:00:00-04:00,78.15425748223626,79.06817825318238,77.46646632913207,78.24848175048828,1553300,0.0,0.0
2020-10-28 00:00:00-04:00,77.30630329299629,78.14484759753876,75.3371323658899,75.52557373046875,1778800,0.0,0.0
2020-10-29 00:00:00-04:00,75.35598444295638,76.08146397059646,74.30073430535823,75.15811920166016,1599300,0.0,0.0
2020-10-30 00:00:00-04:00,74.78126096649122,75.2052415392029,73.15127699230862,73.95213317871094,2353700,0.0,0.0
2020-11-02 00:00:00-05:00,74.80009740690437,75.45020762513066,73.61294180484455,75.16754913330078,2603500,0.0,0.0
2020-11-03 00:00:00-05:00,75.93070896168804,77.31572248612788,75.73285091366854,76.6185073852539,1722200,0.0,0.0
2020-11-04 00:00:00-05:00,76.6185065873619,77.5230035924475,74.94141794116342,74.96025848388672,1437700,0.0,0.0
2020-11-05 00:00:00-05:00,75.7140040874754,76.84462346470401,74.84719541904661,75.12042999267578,1659700,0.0,0.0
2020-11-06 00:00:00-05:00,74.71530289977878,75.34656537403586,72.8120844222554,73.3020248413086,2928800,0.0,0.0
2020-11-09 00:00:00-05:00,75.63863457784159,76.9388548896736,74.29130931408876,74.69644927978516,2248800,0.0,0.0
2020-11-10 00:00:00-05:00,75.12985447881327,77.52300602473683,74.76240278360291,77.3345718383789,3040300,0.0,0.0
2020-11-11 00:00:00-05:00,77.58895837021899,77.94699338636151,76.70330907223729,76.9953842163086,2693000,0.0,0.0
2020-11-12 00:00:00-05:00,76.74098832713702,76.98595851312943,74.91315376849484,75.85533905029297,2077800,0.0,0.0
2020-11-13 00:00:00-05:00,76.23222367997438,77.02365596055931,75.84592421804311,76.91059112548828,1712200,0.0,0.0
2020-11-16 00:00:00-05:00,77.72086444335159,77.96583463741466,77.18381910256558,77.92814636230469,2330100,0.0,0.0
2020-11-17 00:00:00-05:00,77.81879040812898,78.17064879542181,75.3082007150627,75.3652572631836,3695700,0.765,0.0
2020-11-18 00:00:00-05:00,75.6029871008341,75.75514753860192,73.74857711184517,73.8817138671875,2034800,0.0,0.0
2020-11-19 00:00:00-05:00,73.83417890587634,73.83417890587634,72.73104449986302,73.32064819335938,1722900,0.0,0.0
2020-11-20 00:00:00-05:00,73.63446803273385,73.85319688158826,72.94024862632733,73.59642791748047,4305000,0.0,0.0
2020-11-23 00:00:00-05:00,73.7771128553601,74.22407511732915,73.23505393785523,73.7676010131836,1814500,0.0,0.0
2020-11-24 00:00:00-05:00,74.2431009857653,75.03241711234712,73.82466694171504,74.53790283203125,1869400,0.0,0.0
2020-11-25 00:00:00-05:00,74.57594325024567,74.86124050968441,73.63447390275493,74.80418395996094,1631500,0.0,0.0
2020-11-27 00:00:00-05:00,74.66152540103691,74.73759837208107,73.71054433659262,73.95779418945312,722100,0.0,0.0
2020-11-30 00:00:00-05:00,73.70104805367892,73.95780980290432,72.19849591335037,72.51232147216797,2605200,0.0,0.0
2020-12-01 00:00:00-05:00,72.90222356785281,73.7010443074264,72.6074144569437,73.13996887207031,2241600,0.0,0.0
2020-12-02 00:00:00-05:00,72.12240424857588,73.30162605457367,71.65642553393731,73.25407409667969,3485600,0.0,0.0
2020-12-03 00:00:00-05:00,73.02584087388149,73.02584087388149,71.70397770116294,72.18898010253906,1946900,0.0,0.0
2020-12-04 00:00:00-05:00,72.11289955684597,72.78809527658366,71.33309533422117,71.6183853149414,3239600,0.0,0.0
2020-12-07 00:00:00-05:00,71.48524271943887,71.95122865087345,70.9431838192519,71.17141723632812,3177100,0.0,0.0
2020-12-08 00:00:00-05:00,70.8956467796976,71.59937079069613,70.48672459991259,70.9051513671875,2623600,0.0,0.0
2020-12-09 00:00:00-05:00,70.86710360732816,71.23799288632915,69.94465809699135,70.600830078125,2905600,0.0,0.0
2020-12-10 00:00:00-05:00,70.59133121880322,70.84809292696345,69.47867780234863,69.75446319580078,3525800,0.0,0.0
2020-12-11 00:00:00-05:00,69.38358329274745,70.47721305780848,69.31701490298252,69.57378387451172,4566000,0.0,0.0
2020-12-14 00:00:00-05:00,70.03977230479472,70.62937605141023,68.76545362439121,68.86055755615234,4119300,0.0,0.0
2020-12-15 00:00:00-05:00,69.22191045375394,69.96367450067551,68.82250016008994,69.42161560058594,3451100,0.0,0.0
2020-12-16 00:00:00-05:00,69.47867783448474,69.88760000352913,68.0427015769143,68.23289489746094,3596100,0.0,0.0
2020-12-17 00:00:00-05:00,68.56573504804871,69.28848270701619,68.09024450367194,68.10926818847656,2229500,0.0,0.0
2020-12-18 00:00:00-05:00,68.33751116534631,68.93662672301285,67.21535303362977,67.66231536865234,6443800,0.0,0.0
2020-12-21 00:00:00-05:00,67.21534519667097,67.47210690418785,65.8839701905658,66.52112579345703,4621900,0.0,0.0
2020-12-22 00:00:00-05:00,66.44504920821342,66.44504920821342,65.89347845266242,66.23583221435547,2362600,0.0,0.0
2020-12-23 00:00:00-05:00,66.5781821089627,67.75739652218508,66.46406177655695,66.63523864746094,2829400,0.0,0.0
2020-12-24 00:00:00-05:00,66.78740878350047,67.00613038309288,66.23583797993729,66.98711395263672,843500,0.0,0.0
2020-12-28 00:00:00-05:00,67.24387186707105,68.08073261262871,67.1392633669501,67.76691436767578,2107200,0.0,0.0
2020-12-29 00:00:00-05:00,68.04270358483103,68.28995345775591,67.12975530411802,67.29142761230469,1472100,0.0,0.0
2020-12-30 00:00:00-05:00,67.30093573239026,67.75740989670668,67.12975882769794,67.53868103027344,1509600,0.0,0.0
2020-12-31 00:00:00-05:00,67.40553856889098,68.77495369113586,67.2914254789773,68.72740173339844,2081400,0.0,0.0
2021-01-04 00:00:00-05:00,68.72740008728735,68.81299215808266,66.77789320871763,67.19632720947266,2488700,0.0,0.0
2021-01-05 00:00:00-05:00,67.23436963175432,67.46261034940042,66.197803580236,66.44506072998047,2192600,0.0,0.0
2021-01-06 00:00:00-05:00,66.56868732291005,68.15682426488652,66.48310249323508,67.86202239990234,2417200,0.0,0.0
2021-01-07 00:00:00-05:00,67.80495643172192,67.98563790997314,66.39750118851755,66.48309326171875,3066400,0.0,0.0
2021-01-08 00:00:00-05:00,66.94907565193495,66.94907565193495,66.11220758096155,66.50211334228516,2504100,0.0,0.0
2021-01-11 00:00:00-05:00,66.28339240357678,66.66378636717407,64.90447244787441,65.36094665527344,2773100,0.0,0.0
2021-01-12 00:00:00-05:00,65.07563193265926,65.28484891935172,63.639648551150636,64.59062957763672,2766500,0.0,0.0
2021-01-13 00:00:00-05:00,64.78083977386127,66.3214246225051,64.66671942175743,66.19779968261719,1930600,0.0,0.0
2021-01-14 00:00:00-05:00,66.44505093423298,66.52112390682224,64.99955562388881,65.10416412353516,4223300,0.0,0.0
2021-01-15 00:00:00-05:00,64.91396710138335,66.2548465800869,64.7047501140401,66.18827819824219,2139600,0.0,0.0
2021-01-19 00:00:00-05:00,66.39750307948758,66.4830951551264,65.56064228603083,66.07417297363281,2555000,0.0,0.0
2021-01-20 00:00:00-05:00,65.5986785947071,66.73985299730961,65.4940700946707,66.5116195678711,2784100,0.0,0.0
2021-01-21 00:00:00-05:00,65.65574457330969,66.47358900635392,65.56064790199521,65.7603530883789,2241600,0.0,0.0
2021-01-22 00:00:00-05:00,65.05662147284835,65.70328166499087,64.53357895813295,65.4560317993164,2364900,0.0,0.0
2021-01-25 00:00:00-05:00,65.33240139613137,67.21534724514402,65.26583300656787,67.17730712890625,3095400,0.0,0.0
2021-01-26 00:00:00-05:00,67.13926698246036,67.17730709868101,66.302406191837,66.83495330810547,2261000,0.0,0.0
2021-01-27 00:00:00-05:00,66.4926033492373,69.50721199319328,66.30241001258426,68.03319549560547,5693800,0.0,0.0
2021-01-28 00:00:00-05:00,67.81445692414219,68.47063617589227,66.60671417286436,66.76837921142578,3986200,0.0,0.0
2021-01-29 00:00:00-05:00,66.635251916358,67.91907507607756,66.11220935794117,67.3104476928711,6527600,0.0,0.0
2021-02-01 00:00:00-05:00,67.31044202985393,68.07122982256016,66.11220379573517,67.28191375732422,2429300,0.0,0.0
2021-02-02 00:00:00-05:00,67.42456824189026,68.50868622480749,66.75887705149903,66.8159408569336,2185700,0.0,0.0
2021-02-03 00:00:00-05:00,66.58769444988675,67.38652235893973,66.56867801997579,67.05368041992188,1767200,0.0,0.0
2021-02-04 00:00:00-05:00,67.13925732493796,67.5196511770171,66.5971984437332,67.12974548339844,2390900,0.0,0.0
2021-02-05 00:00:00-05:00,67.53868116921716,68.32799730111171,67.15829449615008,67.99515533447266,1642300,0.0,0.0
2021-02-08 00:00:00-05:00,68.26143270080242,68.43260961535852,67.54819676605386,67.78594207763672,1817600,0.0,0.0
2021-02-09 00:00:00-05:00,68.01417361090175,68.1282939691639,67.01564768389876,67.85250854492188,1447600,0.0,0.0
2021-02-10 00:00:00-05:00,68.28044675125332,68.77495373716712,67.88102917005784,68.76544189453125,1412600,0.0,0.0
2021-02-11 00:00:00-05:00,68.76544774721675,68.87005625888436,68.1473157760673,68.29946899414062,1792000,0.0,0.0
2021-02-12 00:00:00-05:00,68.34701317435399,68.55622291845904,67.23435979106179,67.57671356201172,1595700,0.0,0.0
2021-02-16 00:00:00-05:00,67.55268389325617,67.77381722953362,66.72582155888786,67.35077667236328,2264400,0.775,0.0
2021-02-17 00:00:00-05:00,67.45653533935547,67.80265674719917,67.00464462813787,67.45653533935547,1473800,0.0,0.0
2021-02-18 00:00:00-05:00,67.30270381527494,67.73536111992239,67.12002270044431,67.32192993164062,3041900,0.0,0.0
2021-02-19 00:00:00-05:00,66.83159446341797,66.956582572392,65.3220910871047,65.55284118652344,4358700,0.0,0.0
2021-02-22 00:00:00-05:00,65.1393976897875,65.45668360139531,64.06255186951796,65.35092163085938,3936900,0.0,0.0
2021-02-23 00:00:00-05:00,65.92780670262685,66.05279479994864,64.71635595664458,65.06248474121094,3356800,0.0,0.0
2021-02-24 00:00:00-05:00,65.12978278342737,65.2836210486528,64.02409409220935,64.081787109375,3339500,0.0,0.0
2021-02-25 00:00:00-05:00,64.12985825403223,64.75481339086477,64.04332972844944,64.5625228881836,2200300,0.0,0.0
2021-02-26 00:00:00-05:00,64.60098355020105,65.01441473984072,63.03378731869108,63.120323181152344,4072600,0.0,0.0
2021-03-01 00:00:00-05:00,63.58182551761183,64.99518352467861,63.51452310467593,64.4567642211914,4424300,0.0,0.0
2021-03-02 00:00:00-05:00,64.54329295961122,65.04326003053177,63.754890118925324,64.49522399902344,2253900,0.0,0.0
2021-03-03 00:00:00-05:00,64.25485484967966,65.01441481926709,63.84142365953493,64.83173370361328,1999300,0.0,0.0
2021-03-04 00:00:00-05:00,64.8990301576434,66.37007366755073,64.21638938734576,64.37983703613281,2850100,0.0,0.0
2021-03-05 00:00:00-05:00,64.76443137258912,66.0239510610252,64.24523820278634,65.668212890625,3702700,0.0,0.0
2021-03-08 00:00:00-05:00,66.16817011190963,67.35077795440753,65.6970532541917,66.82196807861328,2990200,0.0,0.0
2021-03-09 00:00:00-05:00,66.43737688299787,67.27385592265459,66.20662682686954,67.00464630126953,3908500,0.0,0.0
2021-03-10 00:00:00-05:00,67.12964495872481,68.28340275647832,66.76429003436594,67.65845489501953,3268500,0.0,0.0
2021-03-11 00:00:00-05:00,67.23540064922908,67.84112233601043,66.88927187523618,67.129638671875,3595300,0.0,0.0
2021-03-12 00:00:00-05:00,67.66806291095524,68.61992077693951,67.47577239370897,68.20648956298828,2896500,0.0,0.0
2021-03-15 00:00:00-04:00,68.51415487189966,69.43716250561681,68.48531202950421,69.05257415771484,3187400,0.0,0.0
2021-03-16 00:00:00-04:00,68.55260809501395,69.52368459770331,68.47568896547065,69.30255126953125,2775400,0.0,0.0
2021-03-17 00:00:00-04:00,69.53330383163204,70.11979937859056,68.96604173545929,69.02372741699219,4615300,0.0,0.0
2021-03-18 00:00:00-04:00,69.14872120437951,70.01404317575005,68.7833662988732,69.43716430664062,3839500,0.0,0.0
2021-03-19 00:00:00-04:00,69.7832858548687,70.0621122020149,68.91796397327909,69.51407623291016,5562600,0.0,0.0
2021-03-22 00:00:00-04:00,69.04296236113387,69.46601030757101,68.65838132118716,69.27371978759766,3343500,0.0,0.0
2021-03-23 00:00:00-04:00,69.16795137455811,70.57169257909803,69.11987508132499,70.41785430908203,3325200,0.0,0.0
2021-03-24 00:00:00-04:00,69.95635130708568,71.09088282808244,69.76405347743496,70.60053253173828,2049100,0.0,0.0
2021-03-25 00:00:00-04:00,71.08126965440563,71.86005573102061,70.52361692367298,71.40816497802734,2039500,0.0,0.0
2021-03-26 00:00:00-04:00,71.0524239842496,71.62930280824024,70.61975936469746,71.57161712646484,1649200,0.0,0.0
2021-03-29 00:00:00-04:00,71.57161001705259,73.11957256450145,71.39854565350517,72.54268646240234,1724500,0.0,0.0
2021-03-30 00:00:00-04:00,72.3504027023936,72.37924554309404,71.09088308905923,71.51392364501953,1594900,0.0,0.0
2021-03-31 00:00:00-04:00,71.26394952629306,72.05235231498864,71.24471607499598,71.9177474975586,3505800,0.0,0.0
2021-04-01 00:00:00-04:00,71.6389226378656,71.86005598452805,70.97550792705317,71.42739868164062,2038200,0.0,0.0
2021-04-05 00:00:00-04:00,71.53316107831581,72.62923309842913,71.49470151010327,72.3792495727539,1818000,0.0,0.0
2021-04-06 00:00:00-04:00,72.10042889447175,72.7734603881836,71.8696788023998,72.7734603881836,1255100,0.0,0.0
2021-04-07 00:00:00-04:00,72.8407533026197,73.13880577164338,72.05235053341822,72.40808868408203,1487800,0.0,0.0
2021-04-08 00:00:00-04:00,72.73499452882281,72.79268021300044,72.13888222914133,72.22541809082031,1855500,0.0,0.0
2021-04-09 00:00:00-04:00,72.11004323492831,72.68692211372516,72.11004323492831,72.27349090576172,1680400,0.0,0.0
2021-04-12 00:00:00-04:00,72.44654456054248,73.07149964299255,72.225411235243,72.4177017211914,1454700,0.0,0.0
2021-04-13 00:00:00-04:00,72.11965557865642,73.12919172134946,71.93697446623044,72.94651794433594,1855100,0.0,0.0
2021-04-14 00:00:00-04:00,72.65806479264864,73.24456028093054,72.4176980297597,73.22533416748047,1408600,0.0,0.0
2021-04-15 00:00:00-04:00,73.03305213865401,74.26372905693364,73.03305213865401,74.21566009521484,3009200,0.0,0.0
2021-04-16 00:00:00-04:00,74.48485885438653,75.4559426981241,74.39832299929508,75.19634246826172,2229700,0.0,0.0
2021-04-19 00:00:00-04:00,75.45594329705504,75.54247181742134,74.64830709657608,75.33094787597656,1716700,0.0,0.0
2021-04-20 00:00:00-04:00,75.47517379588008,76.72508406679212,75.33095225148062,76.29241943359375,2589900,0.0,0.0
2021-04-21 00:00:00-04:00,76.42701607183577,76.6769995663435,75.2540250615437,75.34056091308594,1860800,0.0,0.0
2021-04-22 00:00:00-04:00,75.16750687915358,75.40787368199874,74.72523284216801,75.10020446777344,1490700,0.0,0.0
2021-04-23 00:00:00-04:00,75.09058470685827,75.26364909132866,74.40794389461739,74.46562957763672,1349500,0.0,0.0
2021-04-26 00:00:00-04:00,74.46562724020357,74.63869161924157,73.69645792757747,73.9079818725586,1547000,0.0,0.0
2021-04-27 00:00:00-04:00,73.93682167092808,73.97528123528875,73.18687850442494,73.25418090820312,1592900,0.0,0.0
2021-04-28 00:00:00-04:00,73.57147475764525,73.72531304703935,72.89845058007957,73.27342224121094,1374400,0.0,0.0
2021-04-29 00:00:00-04:00,73.14842867600078,74.0233600415691,73.14842867600078,73.754150390625,3188100,0.0,0.0
2021-04-30 00:00:00-04:00,74.08105625378454,74.44641117645509,73.31187950189448,74.42718505859375,1962000,0.0,0.0
2021-05-03 00:00:00-04:00,74.51369969407845,75.638614432187,74.36947816307207,74.75406646728516,1517500,0.0,0.0
2021-05-04 00:00:00-04:00,74.91751967080353,75.60016047710725,74.58100763043021,75.10981750488281,1526100,0.0,0.0
2021-05-05 00:00:00-04:00,74.9944370610171,75.31172297831263,73.15803129916615,73.92720794677734,1928500,0.0,0.0
2021-05-06 00:00:00-04:00,74.22526848943123,74.9848284943523,73.6195467649355,74.8598403930664,1793600,0.0,0.0
2021-05-07 00:00:00-04:00,75.10982094215157,77.04236474905461,75.08097076416016,75.08097076416016,2656200,0.0,0.0
2021-05-10 00:00:00-04:00,75.37903069277588,77.33080795441799,75.37903069277588,76.77315521240234,2391100,0.0,0.0
2021-05-11 00:00:00-04:00,76.99428972659491,77.2442658995336,75.53285557744964,76.28279876708984,1954700,0.0,0.0
2021-05-12 00:00:00-04:00,76.4270217908312,76.47509808255349,74.76368772717618,74.8982925415039,2054400,0.0,0.0
2021-05-13 00:00:00-04:00,74.63869068299243,76.74430604564044,74.63869068299243,76.22511291503906,2065600,0.0,0.0
2021-05-14 00:00:00-04:00,76.54240907660906,77.01352597960825,75.8309253588574,75.92707061767578,1535500,0.0,0.0
2021-05-17 00:00:00-04:00,76.03282398611717,76.83084348115408,75.68669522526771,75.6963119506836,2743800,0.0,0.0
2021-05-18 00:00:00-04:00,75.62347657057312,75.83710340347096,75.00202073396373,75.48753356933594,2344100,0.775,0.0
2021-05-19 00:00:00-04:00,75.43899793812548,75.798272748339,74.88551351990826,75.72059631347656,2783400,0.0,0.0
2021-05-20 00:00:00-04:00,75.86623643153494,77.04117665746112,75.86623643153494,76.14783477783203,1810800,0.0,0.0
2021-05-21 00:00:00-04:00,76.20610720437338,76.78872119628898,76.07986911042678,76.67219543457031,3270200,0.0,0.0
2021-05-24 00:00:00-04:00,76.87611244702371,77.05089739108375,76.05074198109432,76.10900115966797,1344300,0.0,0.0
2021-05-25 00:00:00-04:00,76.01189476387981,76.1575501085059,75.0505813426893,75.55551147460938,1090700,0.0,0.0
2021-05-26 00:00:00-04:00,75.40986030727314,75.96334466646658,75.31275180945745,75.74000549316406,1466100,0.0,0.0
2021-05-27 00:00:00-04:00,75.74000231253918,75.80797381315281,74.29317613757016,74.64274597167969,2866800,0.0,0.0
2021-05-28 00:00:00-04:00,74.95347495033307,75.24477821065346,74.74956044560739,75.00202178955078,1629000,0.0,0.0
2021-06-01 00:00:00-04:00,75.21565523543265,75.2447848231908,74.18637029017152,74.21549987792969,1745700,0.0,0.0
2021-06-02 00:00:00-04:00,74.29317746923456,75.20593657835863,74.06983830130771,74.5650634765625,2678900,0.0,0.0
2021-06-03 00:00:00-04:00,74.3902780533763,75.1962311470332,74.24462271948175,75.02144622802734,3276900,0.0,0.0
2021-06-04 00:00:00-04:00,75.30304478938798,75.52637654813314,74.98260453553131,75.00202178955078,1418900,0.0,0.0
2021-06-07 00:00:00-04:00,75.16710819821938,75.3030512129662,74.90492709239433,75.06999969482422,960000,0.0,0.0
2021-06-08 00:00:00-04:00,75.02145553947905,75.14768622674144,74.00187548400781,74.07955932617188,1497500,0.0,0.0
2021-06-09 00:00:00-04:00,74.32231298662276,74.71072477452316,74.09897380086996,74.65245819091797,1229300,0.0,0.0
2021-06-10 00:00:00-04:00,74.65245550823994,75.01173769559607,74.37085715734,74.80782318115234,1217400,0.0,0.0
2021-06-11 00:00:00-04:00,74.7689780316321,75.08941828691167,74.45825010757443,74.99231719970703,1297900,0.0,0.0
2021-06-14 00:00:00-04:00,74.95347378443077,75.57492962011985,74.72042228979392,75.49724578857422,1451500,0.0,0.0
2021-06-15 00:00:00-04:00,75.49724578857422,76.21580270952636,75.0602872007215,75.49724578857422,1991400,0.0,0.0
2021-06-16 00:00:00-04:00,74.93405288978282,75.36130657642651,73.93389758544716,74.01158142089844,2930100,0.0,0.0
2021-06-17 00:00:00-04:00,74.06983947753906,74.44853890923646,73.78824113452389,74.06983947753906,2658000,0.0,0.0
2021-06-18 00:00:00-04:00,73.84650833386999,73.84650833386999,72.22488976508724,72.33170318603516,3831300,0.0,0.0
2021-06-21 00:00:00-04:00,72.45794444941671,73.15707676947501,72.25402993002406,73.01142883300781,2609300,0.0,0.0
2021-06-22 00:00:00-04:00,72.89490043905363,73.1959160413169,72.24431498523506,72.30257415771484,2235100,0.0,0.0
2021-06-23 00:00:00-04:00,72.17633783376925,72.33169808433856,70.9237138650978,71.34125518798828,2169000,0.0,0.0
2021-06-24 00:00:00-04:00,71.3315511571743,71.48691883415951,70.94313937304987,71.30242156982422,1611000,0.0,0.0
2021-06-25 00:00:00-04:00,71.24415483701017,71.80734408548773,71.1470463450271,71.72966766357422,2076200,0.0,0.0
2021-06-28 00:00:00-04:00,71.72967607785908,72.17634704169443,71.45778264008486,71.68112182617188,2285300,0.0,0.0
2021-06-29 00:00:00-04:00,71.37039438197036,71.5451793176067,69.7779127054343,69.96240997314453,2552400,0.0,0.0
2021-06-30 00:00:00-04:00,70.01094722054822,70.15660254833688,69.47688756310676,69.64196014404297,2270400,0.0,0.0
2021-07-01 00:00:00-04:00,69.78762405236068,70.6227067987972,69.1079015752196,70.4382095336914,2297400,0.0,0.0
2021-07-02 00:00:00-04:00,70.4576280217564,70.55473652614575,70.10805814930329,70.3702392578125,1117000,0.0,0.0
2021-07-06 00:00:00-04:00,70.28283496978145,70.86545629548561,69.49630655175388,70.82661437988281,1940800,0.0,0.0
2021-07-07 00:00:00-04:00,70.62270794778347,71.22473918756356,70.30226766370383,71.21502685546875,1805200,0.0,0.0
2021-07-08 00:00:00-04:00,71.22473133352698,72.0015548319972,70.92371574683028,71.23444366455078,2445200,0.0,0.0
2021-07-09 00:00:00-04:00,71.46748886813751,71.6908280351494,70.66153577233287,71.17618560791016,1932000,0.0,0.0
2021-07-12 00:00:00-04:00,71.10821299459299,71.51604199753778,70.73921849906758,71.23444366455078,1154300,0.0,0.0
2021-07-13 00:00:00-04:00,71.15675713176203,71.40922587043124,70.39935832409203,70.52558898925781,1992400,0.0,0.0
2021-07-14 00:00:00-04:00,70.36052205651475,71.2927058490998,69.98182262228765,71.06937408447266,2206600,0.0,0.0
2021-07-15 00:00:00-04:00,71.05966418026168,72.22489210870975,70.89459158192693,72.20547485351562,2135500,0.0,0.0
2021-07-16 00:00:00-04:00,72.34141555661336,73.07939717219674,72.09865912857103,72.75895690917969,2100100,0.0,0.0
2021-07-19 00:00:00-04:00,72.66186072138026,73.45810156273977,70.81691026213106,71.632568359375,2450200,0.0,0.0
2021-07-20 00:00:00-04:00,70.52560310350403,72.46765475627853,70.51589817924433,71.43836975097656,3083100,0.0,0.0
2021-07-21 00:00:00-04:00,71.47720250012054,71.78793042835413,70.60327788685791,70.67124938964844,1601300,0.0,0.0
2021-07-22 00:00:00-04:00,70.73922405123307,71.14705308618747,70.34110734806478,70.92372131347656,1754300,0.0,0.0
2021-07-23 00:00:00-04:00,71.10821398975695,72.05981500994585,70.98197590969451,72.03068542480469,1403100,0.0,0.0
2021-07-26 00:00:00-04:00,72.08894073976292,72.351121808688,71.49661451244344,71.81705474853516,1477600,0.0,0.0
2021-07-27 00:00:00-04:00,71.72966922619216,73.50664057979084,71.30241555884005,73.34156799316406,1625500,0.0,0.0
2021-07-28 00:00:00-04:00,73.32215947676065,73.40954824185744,71.86562079177007,72.4288101196289,1513200,0.0,0.0
2021-07-29 00:00:00-04:00,72.40937882838489,72.6327179764627,71.89473644477559,72.36082458496094,1381500,0.0,0.0
2021-07-30 00:00:00-04:00,72.51620537306135,73.1376612781059,71.33155273896432,71.632568359375,4354200,0.0,0.0
2021-08-02 00:00:00-04:00,71.82677296423446,72.60358908734185,71.79764337826445,72.34141540527344,1495600,0.0,0.0
2021-08-03 00:00:00-04:00,72.34141689020572,73.2736007020722,72.0501062078494,72.6812744140625,1439900,0.0,0.0
2021-08-04 00:00:00-04:00,72.36083392139477,72.76867035710025,71.78793229842742,72.70069885253906,1862900,0.0,0.0
2021-08-05 00:00:00-04:00,72.54533844939141,73.13766479492188,72.04040828039025,73.13766479492188,1740000,0.0,0.0
2021-08-06 00:00:00-04:00,73.11824395543162,74.09897465598306,72.205477354583,73.33186340332031,2218200,0.0,0.0
2021-08-09 00:00:00-04:00,73.59403502339522,73.89505060472162,73.17649369687581,73.86592102050781,1386300,0.0,0.0
2021-08-10 00:00:00-04:00,73.99216124919266,74.5359407220207,73.54549028074236,74.18637084960938,1938500,0.0,0.0
2021-08-11 00:00:00-04:00,74.32230898455757,75.08942018706077,74.25433748096049,74.88550567626953,1522200,0.0,0.0
2021-08-12 00:00:00-04:00,75.04086359394383,75.59434793689846,74.7981071732034,75.01173400878906,2388600,0.0,0.0
2021-08-13 00:00:00-04:00,75.08941689666645,75.74971464910617,74.83694814793829,75.48753356933594,1448600,0.0,0.0
2021-08-16 00:00:00-04:00,75.66231732393582,76.47798272716506,75.37101407219082,75.98275756835938,2077600,0.0,0.0
2021-08-17 00:00:00-04:00,75.95823548902135,76.07592686724436,74.8892335293312,75.75228118896484,1737700,0.775,0.0
2021-08-18 00:00:00-04:00,75.7522909971755,75.88959388165746,74.79117080580184,75.12461853027344,1710200,0.0,0.0
2021-08-19 00:00:00-04:00,75.28153443241517,76.07593069870535,75.08538212549786,75.21288299560547,1558600,0.0,0.0
2021-08-20 00:00:00-04:00,75.04615449689481,75.76209734988831,74.60482488395141,75.4678726196289,1834000,0.0,0.0
2021-08-23 00:00:00-04:00,75.46786889117828,75.46786889117828,74.16349160699947,74.33021545410156,1655700,0.0,0.0
2021-08-24 00:00:00-04:00,74.26156457227202,74.29098554757485,73.2906349750518,73.57504272460938,1575400,0.0,0.0
2021-08-25 00:00:00-04:00,73.5063923647575,74.07522283709528,73.03564178812627,73.82022857666016,1674300,0.0,0.0
2021-08-26 00:00:00-04:00,73.55543066420157,73.90849732998537,73.22198297009761,73.77119445800781,1592600,0.0,0.0
2021-08-27 00:00:00-04:00,73.88888074361678,74.2321454170874,73.64369596682094,74.18310546875,1547700,0.0,0.0
2021-08-30 00:00:00-04:00,74.26156233061494,74.56558904282731,74.04579854164672,74.241943359375,1938000,0.0,0.0
2021-08-31 00:00:00-04:00,74.20272694071755,74.6440565608388,73.79081081516577,73.99676513671875,3234400,0.0,0.0
2021-09-01 00:00:00-04:00,74.05560950625674,75.17365145101611,74.00656955962269,74.96769714355469,2834200,0.0,0.0
2021-09-02 00:00:00-04:00,75.18346805692346,75.6444091796875,75.14423759239004,75.6444091796875,1483300,0.0,0.0
2021-09-03 00:00:00-04:00,75.64440635024144,75.70325578606334,74.81077958681443,74.83039855957031,1948000,0.0,0.0
2021-09-07 00:00:00-04:00,74.85982038369484,74.98731377826834,73.37890218658275,73.437744140625,1828800,0.0,0.0
2021-09-08 00:00:00-04:00,73.51620583688226,75.56595455266985,73.32986300387087,75.4384536743164,2427400,0.0,0.0
2021-09-09 00:00:00-04:00,75.32076774241739,75.45807062122957,74.83039818024656,74.90885162353516,1925700,0.0,0.0
2021-09-10 00:00:00-04:00,74.6146305224329,74.80096585837197,73.22198283357419,73.25140380859375,2146200,0.0,0.0
2021-09-13 00:00:00-04:00,73.89868866439157,74.27137430599187,72.7708372185327,72.97679901123047,2416200,0.0,0.0
2021-09-14 00:00:00-04:00,73.25140930754559,73.42794265336062,72.52565695116941,72.76103973388672,2048400,0.0,0.0
2021-09-15 00:00:00-04:00,72.55507836793309,73.43773752888276,72.42757750239291,72.56488037109375,2766000,0.0,0.0
2021-09-16 00:00:00-04:00,72.65315772999732,73.05525688897733,72.172590161106,72.24124908447266,1979900,0.0,0.0
2021-09-17 00:00:00-04:00,71.70183574729053,72.51585099094252,71.5253024111063,71.66260528564453,7274000,0.0,0.0
2021-09-20 00:00:00-04:00,71.68221594100896,72.9375682517345,71.40761019512836,71.89797973632812,2743200,0.0,0.0
2021-09-21 00:00:00-04:00,71.83913492800379,72.58449869606156,71.55471970752852,71.64299011230469,1570500,0.0,0.0
2021-09-22 00:00:00-04:00,71.83914184570312,72.28047146474619,71.27031134997746,71.83914184570312,1865800,0.0,0.0
2021-09-23 00:00:00-04:00,71.79010619783817,72.46681863787211,71.58415186444658,71.70184326171875,1606400,0.0,0.0
2021-09-24 00:00:00-04:00,71.56453501714763,72.28047038691456,71.50569306413821,71.59395599365234,1734600,0.0,0.0
2021-09-27 00:00:00-04:00,71.87836701984678,72.74141470394406,71.07416128530639,71.13300323486328,1871300,0.0,0.0
2021-09-28 00:00:00-04:00,71.3291549355772,71.49587877954507,70.47590926197567,70.77013397216797,2258800,0.0,0.0
2021-09-29 00:00:00-04:00,70.69167064618811,72.60410875002316,70.69167064618811,72.0352783203125,1499300,0.0,0.0
2021-09-30 00:00:00-04:00,71.96663355350229,72.25104879470025,71.19184875488281,71.19184875488281,2752100,0.0,0.0
2021-10-01 00:00:00-04:00,71.87836819038003,71.87836819038003,70.16207479753174,70.22091674804688,2237400,0.0,0.0
2021-10-04 00:00:00-04:00,70.17188283428835,72.064709522038,70.14245437719315,71.8097152709961,2150500,0.0,0.0
2021-10-05 00:00:00-04:00,71.88818060703558,72.07451595207853,71.30954063441357,71.63318634033203,2160500,0.0,0.0
2021-10-06 00:00:00-04:00,71.51549913771704,73.22199069655792,71.29973532114319,73.1729507446289,2696000,0.0,0.0
2021-10-07 00:00:00-04:00,73.26120865297803,73.84965810597032,72.79045806951895,72.94737243652344,1624600,0.0,0.0
2021-10-08 00:00:00-04:00,72.79046313744804,72.8885355589597,71.99606679602364,72.0549087524414,1788500,0.0,0.0
2021-10-11 00:00:00-04:00,74.2223339569217,75.07557965115876,72.48642907565124,72.49623107910156,7765700,0.0,0.0
2021-10-12 00:00:00-04:00,72.51585373761567,74.62443688322453,72.3295109083505,74.23214721679688,4354400,0.0,0.0
2021-10-13 00:00:00-04:00,74.12426412616209,74.90885092889238,73.94773078611979,74.58521270751953,3608800,0.0,0.0
2021-10-14 00:00:00-04:00,74.54598725592733,74.93828442488514,74.13407111317625,74.21253204345703,3854100,0.0,0.0
2021-10-15 00:00:00-04:00,74.14386931420817,74.2909816654803,72.83948460601096,73.03563690185547,16582100,0.0,0.0
2021-10-18 00:00:00-04:00,71.58414877391668,71.90779449060754,70.66225905698113,71.48607635498047,6172200,0.0,0.0
2021-10-19 00:00:00-04:00,71.93721272330262,72.33931935277857,71.48607362745234,72.30989837646484,1986600,0.0,0.0
2021-10-20 00:00:00-04:00,72.57469253823815,74.15368306908465,72.41777069252761,74.05561065673828,2198600,0.0,0.0
2021-10-21 00:00:00-04:00,74.17328906026339,74.3694413528612,73.60446611784194,73.98695373535156,1519600,0.0,0.0
2021-10-22 00:00:00-04:00,74.27137622840894,74.85981819899601,74.16349432751599,74.62443542480469,1248900,0.0,0.0
2021-10-25 00:00:00-04:00,74.43809889152534,74.8107770543682,74.04580175659073,74.4184799194336,1637500,0.0,0.0
2021-10-26 00:00:00-04:00,74.4184786287054,75.31095478226351,74.29098524210225,74.81077575683594,1625200,0.0,0.0
2021-10-27 00:00:00-04:00,75.1540319619844,75.1540319619844,74.26156330246243,74.52635955810547,1581700,0.0,0.0
2021-10-28 00:00:00-04:00,74.65386330627408,75.03635095832098,74.37925007184053,74.82058715820312,1320000,0.0,0.0
2021-10-29 00:00:00-04:00,74.82058051532884,75.11479773100321,73.72215012245445,73.94772338867188,2475800,0.0,0.0
2021-11-01 00:00:00-04:00,73.94773432032747,75.19326976394348,73.68293055638534,74.64405822753906,1659800,0.0,0.0
2021-11-02 00:00:00-04:00,74.72251237527509,75.22268391520485,73.9477276096181,74.96769714355469,1976500,0.0,0.0
2021-11-03 00:00:00-04:00,74.69309343180356,75.73267448320149,74.47732963265783,75.49729919433594,2173500,0.0,0.0
2021-11-04 00:00:00-04:00,75.38941570437868,75.81113380769108,74.06541196163245,74.81077575683594,2128100,0.0,0.0
2021-11-05 00:00:00-04:00,75.80132745754182,77.27243613705369,75.80132745754182,76.70360565185547,3651700,0.0,0.0
2021-11-08 00:00:00-05:00,76.4976476116976,76.54668755827296,75.27172377176655,75.56594848632812,2418800,0.0,0.0
2021-11-09 00:00:00-05:00,75.81114204596899,76.51726797440311,75.73268111532758,76.3309326171875,1688300,0.0,0.0
2021-11-10 00:00:00-05:00,76.49765026193505,77.12532269112964,75.80132639462373,76.45841979980469,2345300,0.0,0.0
2021-11-11 00:00:00-05:00,76.18381154662609,76.37995636839392,75.50709919137005,76.08573913574219,1566800,0.0,0.0
2021-11-12 00:00:00-05:00,76.11516344883455,76.11516344883455,75.53652347908584,75.66402435302734,3386200,0.0,0.0
2021-11-15 00:00:00-05:00,76.20342471388064,77.29204570828854,75.95823994004904,77.25281524658203,1880400,0.0,0.0
2021-11-16 00:00:00-05:00,77.33700967558832,77.72329791666671,76.76252701462231,76.78233337402344,1560000,0.775,0.0
2021-11-17 00:00:00-05:00,76.64366663833029,76.9111016109841,76.1187112079738,76.76252746582031,1603500,0.0,0.0
2021-11-18 00:00:00-05:00,76.56443793276674,77.02995919706022,75.6928069292658,76.92101287841797,1739900,0.0,0.0
2021-11-19 00:00:00-05:00,77.00024188197452,77.68367841847326,76.92100888678225,77.28748321533203,1841000,0.0,0.0
2021-11-22 00:00:00-05:00,77.16863385331693,78.61473999476283,76.86157858801047,77.82234954833984,1899300,0.0,0.0
2021-11-23 00:00:00-05:00,77.93129845577903,78.83263516325246,77.80253822808136,78.41663360595703,1552300,0.0,0.0
2021-11-24 00:00:00-05:00,78.59492386753931,78.80292465359811,78.08977478322788,78.4661636352539,1295500,0.0,0.0
2021-11-26 00:00:00-05:00,78.08977485747673,79.12978634555469,77.87187466958542,77.92139434814453,1337400,0.0,0.0
2021-11-29 00:00:00-05:00,78.27796460913576,79.73397758277798,77.8718700193033,79.58540344238281,3064700,0.0,0.0
2021-11-30 00:00:00-05:00,78.89207487107363,79.15950230323524,76.90119934082031,76.90119934082031,5229000,0.0,0.0
2021-12-01 00:00:00-05:00,77.25776800376516,78.81282790362044,76.76252590117693,77.1983413696289,1775200,0.0,0.0
2021-12-02 00:00:00-05:00,77.59453235353969,78.6246368781753,77.42615184502684,77.94120788574219,1830200,0.0,0.0
2021-12-03 00:00:00-05:00,78.29778231749025,79.79340808134297,77.96101374582877,79.7636947631836,2618700,0.0,0.0
2021-12-06 00:00:00-05:00,80.22922162261422,81.25932611569527,80.06084111925925,80.57588958740234,2842800,0.0,0.0
2021-12-07 00:00:00-05:00,80.28864766537856,80.93246391340554,79.96179361915733,80.78388977050781,2061700,0.0,0.0
2021-12-08 00:00:00-05:00,80.96218169701667,81.43761746915854,80.26884573430483,80.75418090820312,1439400,0.0,0.0
2021-12-09 00:00:00-05:00,80.91266269593937,81.16028376423955,79.6844567562779,80.90275573730469,4671600,0.0,0.0
2021-12-10 00:00:00-05:00,81.14046938205715,82.00219341525062,80.78389444120435,81.82390594482422,1526200,0.0,0.0
2021-12-13 00:00:00-05:00,81.73475565853758,83.18086929004832,81.61590238681532,82.67572021484375,3965300,0.0,0.0
2021-12-14 00:00:00-05:00,82.79457211436387,83.14124763592812,82.12105010098044,82.37857055664062,1532200,0.0,0.0
2021-12-15 00:00:00-05:00,82.43800316431383,83.84448891252185,82.31914234005036,83.7157211303711,2603500,0.0,0.0
2021-12-16 00:00:00-05:00,83.44829402995616,84.40906491511522,82.82429170305662,83.88410949707031,1932100,0.0,0.0
2021-12-17 00:00:00-05:00,83.95344991685397,84.31992426510088,82.85401175852252,83.02239227294922,4627100,0.0,0.0
2021-12-20 00:00:00-05:00,82.43800560382199,83.44829619117642,81.87342989625438,83.24029541015625,1592400,0.0,0.0
2021-12-21 00:00:00-05:00,83.6562996303719,83.82468014081543,82.25972075434734,82.57667541503906,1368200,0.0,0.0
2021-12-22 00:00:00-05:00,82.55685902048579,83.14124864544554,82.34885823909858,83.0521011352539,4738800,0.0,0.0
2021-12-23 00:00:00-05:00,83.2898169011748,83.53743796351407,82.84410201168217,82.97286224365234,1313500,0.0,0.0
2021-12-27 00:00:00-05:00,82.7549629581475,83.13134425655777,82.51724129481926,82.9332504272461,974200,0.0,0.0
2021-12-28 00:00:00-05:00,82.93324780269582,83.60677738055391,82.81438697479322,83.59687042236328,786600,0.0,0.0
2021-12-29 00:00:00-05:00,83.76525147357962,84.36944746163121,83.46810318028393,84.29020690917969,1343300,0.0,0.0
2021-12-30 00:00:00-05:00,84.40906607622706,84.57744657927564,83.85439733357535,84.36944580078125,1396500,0.0,0.0
2021-12-31 00:00:00-05:00,84.23078328906617,84.78545206249633,83.86430138845249,84.50811767578125,1048000,0.0,0.0
2022-01-03 00:00:00-05:00,84.53783114992494,84.61707170535901,83.22048525381595,84.3199234008789,1450500,0.0,0.0
2022-01-04 00:00:00-05:00,84.05249174862772,85.10240260658733,83.88411124438795,84.16144561767578,2844600,0.0,0.0
2022-01-05 00:00:00-05:00,84.1911620312114,85.4292673551998,84.15154175402834,84.73593139648438,3592300,0.0,0.0
2022-01-06 00:00:00-05:00,85.23116964352363,85.3203095955285,84.10201824402634,84.5576400756836,3841800,0.0,0.0
2022-01-07 00:00:00-05:00,84.21096584413378,85.25097730754314,83.69591736992403,84.85478210449219,3727400,0.0,0.0
2022-01-10 00:00:00-05:00,84.93402224961133,85.35993076841179,83.68601001085732,83.97325134277344,3870600,0.0,0.0
2022-01-11 00:00:00-05:00,83.94353958720815,84.28030060253826,81.31875483211932,82.27952575683594,2965500,0.0,0.0
2022-01-12 00:00:00-05:00,81.87342867045716,82.46771768687363,81.5465670665499,82.39838409423828,2147400,0.0,0.0
2022-01-13 00:00:00-05:00,82.34886018527776,83.45820526902206,82.0517118866763,83.14125061035156,1584700,0.0,0.0
2022-01-14 00:00:00-05:00,83.20067838766552,83.42849309395498,82.14086052476111,82.7252426147461,2202900,0.0,0.0
2022-01-18 00:00:00-05:00,82.02199749472823,82.15076528227469,80.57589141117002,81.20980072021484,3263300,0.0,0.0
2022-01-19 00:00:00-05:00,81.31875127072317,82.19038220266538,80.8235091709541,81.36827850341797,1976400,0.0,0.0
2022-01-20 00:00:00-05:00,81.10084963840268,82.01210091368901,80.65513473780031,81.25933074951172,2727100,0.0,0.0
2022-01-21 00:00:00-05:00,81.8536144287411,82.92333918811178,81.49703950895088,81.87342834472656,4222100,0.0,0.0
2022-01-24 00:00:00-05:00,81.71494979850824,82.54695293283143,79.34769306949505,81.20980072021484,3852200,0.0,0.0
2022-01-25 00:00:00-05:00,80.56598061968437,81.92294668434383,80.52636790194943,81.03150939941406,3044400,0.0,0.0
2022-01-26 00:00:00-05:00,81.03151461169784,81.66542393135809,80.01131703651947,80.60560607910156,4293100,0.0,0.0
2022-01-27 00:00:00-05:00,81.36828476119712,82.63610342502274,81.12066369226882,81.97248077392578,2890800,0.0,0.0
2022-01-28 00:00:00-05:00,81.97247586534847,83.9336303820197,81.41779956554274,83.82467651367188,2515600,0.0,0.0
2022-01-31 00:00:00-05:00,84.1911583918842,85.72641194998356,83.61667573275587,85.62735748291016,5553800,0.0,0.0
2022-02-01 00:00:00-05:00,85.94431294917759,86.37022146855082,84.31991942338081,85.23117065429688,2343300,0.0,0.0
2022-02-02 00:00:00-05:00,84.89440189894583,86.40984155198458,84.71611443642392,86.3207015991211,1798400,0.0,0.0
2022-02-03 00:00:00-05:00,86.15232441419278,86.83575341619688,85.82546279417612,86.16222381591797,1382700,0.0,0.0
2022-02-04 00:00:00-05:00,85.38964329698916,86.15232037460021,84.45858571640237,85.27078247070312,2578800,0.0,0.0
2022-02-07 00:00:00-05:00,85.38964406908285,86.08298756016165,84.5774473074382,85.77593231201172,1759000,0.0,0.0
2022-02-08 00:00:00-05:00,86.02355715808581,86.28108518364947,85.36984147078765,85.59764862060547,1602400,0.0,0.0
2022-02-09 00:00:00-05:00,86.04337191169957,86.35041961956729,85.37974170257287,85.55802917480469,1461700,0.0,0.0
2022-02-10 00:00:00-05:00,84.83497970271223,85.11231409074792,83.03229862368501,83.23039245605469,1592100,0.0,0.0
2022-02-11 00:00:00-05:00,83.41858589939368,84.13173577835767,82.95305708635911,83.45820617675781,1671200,0.0,0.0
2022-02-14 00:00:00-05:00,83.56715545547206,83.90391645935799,81.32865902664835,82.22999572753906,1902600,0.0,0.0
2022-02-15 00:00:00-05:00,82.62000274658203,82.88999938964844,80.91999816894531,81.36000061035156,1268700,0.79,0.0
2022-02-16 00:00:00-05:00,81.25,81.56999969482422,80.11000061035156,81.08000183105469,2466800,0.0,0.0
2022-02-17 00:00:00-05:00,81.2699966430664,81.88999938964844,80.41000366210938,81.44999694824219,1939000,0.0,0.0
2022-02-18 00:00:00-05:00,81.19000244140625,84.80000305175781,81.12000274658203,84.61000061035156,3880200,0.0,0.0
2022-02-22 00:00:00-05:00,84.72000122070312,85.29000091552734,83.29000091552734,84.75,2382100,0.0,0.0
2022-02-23 00:00:00-05:00,85.01000213623047,85.43000030517578,84.27999877929688,84.4000015258789,2387200,0.0,0.0
2022-02-24 00:00:00-05:00,83.94999694824219,84.4000015258789,81.54000091552734,83.30999755859375,2479300,0.0,0.0
2022-02-25 00:00:00-05:00,84.27999877929688,86.33000183105469,84.0,85.94000244140625,1883800,0.0,0.0
2022-02-28 00:00:00-05:00,85.08999633789062,86.12999725341797,84.9000015258789,85.7699966430664,2439400,0.0,0.0
2022-03-01 00:00:00-05:00,86.23999786376953,87.13999938964844,84.30999755859375,85.37999725341797,2122200,0.0,0.0
2022-03-02 00:00:00-05:00,85.51000213623047,87.58000183105469,85.51000213623047,86.91000366210938,1728700,0.0,0.0
2022-03-03 00:00:00-05:00,87.0,88.41000366210938,86.97000122070312,88.29000091552734,1700500,0.0,0.0
2022-03-04 00:00:00-05:00,88.0,89.9000015258789,87.83999633789062,89.87999725341797,1754300,0.0,0.0
2022-03-07 00:00:00-05:00,89.91999816894531,90.27999877929688,88.68000030517578,90.13999938964844,1809100,0.0,0.0
2022-03-08 00:00:00-05:00,90.44999694824219,90.9800033569336,88.73999786376953,88.75,1546000,0.0,0.0
2022-03-09 00:00:00-05:00,89.52999877929688,89.83000183105469,88.16000366210938,88.37999725341797,1524200,0.0,0.0
2022-03-10 00:00:00-05:00,88.05000305175781,89.69999694824219,88.0199966430664,89.47000122070312,1353200,0.0,0.0
2022-03-11 00:00:00-05:00,89.30999755859375,90.62000274658203,89.16000366210938,89.33999633789062,1405900,0.0,0.0
2022-03-14 00:00:00-04:00,90.04000091552734,90.37999725341797,88.80000305175781,89.5199966430664,1443400,0.0,0.0
2022-03-15 00:00:00-04:00,90.43000030517578,90.80999755859375,89.75,90.4000015258789,1545200,0.0,0.0
2022-03-16 00:00:00-04:00,90.13999938964844,90.33999633789062,88.43000030517578,89.63999938964844,1651600,0.0,0.0
2022-03-17 00:00:00-04:00,89.7699966430664,90.54000091552734,89.08000183105469,90.01000213623047,1913800,0.0,0.0
2022-03-18 00:00:00-04:00,89.94999694824219,90.0,88.0999984741211,88.69999694824219,3430900,0.0,0.0
2022-03-21 00:00:00-04:00,89.19999694824219,90.4000015258789,89.1500015258789,89.56999969482422,1247600,0.0,0.0
2022-03-22 00:00:00-04:00,89.83000183105469,89.87000274658203,88.44999694824219,89.29000091552734,1441400,0.0,0.0
2022-03-23 00:00:00-04:00,89.51000213623047,90.5199966430664,88.6500015258789,89.94000244140625,1265100,0.0,0.0
2022-03-24 00:00:00-04:00,90.45999908447266,91.43000030517578,89.83999633789062,91.41000366210938,1462800,0.0,0.0
2022-03-25 00:00:00-04:00,91.68000030517578,92.94999694824219,91.5,92.68000030517578,1565300,0.0,0.0
2022-03-28 00:00:00-04:00,92.83000183105469,93.12999725341797,91.75,93.05000305175781,1185100,0.0,0.0
2022-03-29 00:00:00-04:00,93.08999633789062,93.69000244140625,92.51000213623047,93.5199966430664,1284100,0.0,0.0
2022-03-30 00:00:00-04:00,93.6500015258789,94.75,93.20999908447266,94.7300033569336,1352300,0.0,0.0
2022-03-31 00:00:00-04:00,94.68000030517578,95.73999786376953,94.44000244140625,94.68000030517578,2073600,0.0,0.0
2022-04-01 00:00:00-04:00,94.36000061035156,96.11000061035156,93.5999984741211,96.11000061035156,1906700,0.0,0.0
2022-04-04 00:00:00-04:00,95.72000122070312,95.72000122070312,93.98999786376953,95.44999694824219,1893300,0.0,0.0
2022-04-05 00:00:00-04:00,95.5,97.0,95.5,96.1500015258789,1545500,0.0,0.0
2022-04-06 00:00:00-04:00,96.58999633789062,98.54000091552734,96.08999633789062,98.4000015258789,1835000,0.0,0.0
2022-04-07 00:00:00-04:00,98.4000015258789,98.6500015258789,97.12000274658203,97.55999755859375,1956000,0.0,0.0
2022-04-08 00:00:00-04:00,98.0,98.19000244140625,96.5199966430664,97.91000366210938,1546100,0.0,0.0
2022-04-11 00:00:00-04:00,97.12999725341797,97.8499984741211,96.20999908447266,96.5999984741211,1861200,0.0,0.0
2022-04-12 00:00:00-04:00,96.08999633789062,97.9800033569336,95.69999694824219,97.80000305175781,2667200,0.0,0.0
2022-04-13 00:00:00-04:00,98.0,98.08999633789062,97.05999755859375,97.9000015258789,1792900,0.0,0.0
2022-04-14 00:00:00-04:00,98.26000213623047,98.58999633789062,97.7300033569336,98.02999877929688,1272500,0.0,0.0
2022-04-18 00:00:00-04:00,98.4000015258789,98.61000061035156,96.54000091552734,96.94000244140625,1003300,0.0,0.0
2022-04-19 00:00:00-04:00,97.41000366210938,98.23999786376953,97.08000183105469,98.01000213623047,1132800,0.0,0.0
2022-04-20 00:00:00-04:00,98.6500015258789,99.22000122070312,98.37999725341797,98.41000366210938,1344100,0.0,0.0
2022-04-21 00:00:00-04:00,98.12000274658203,99.12999725341797,97.66999816894531,98.19000244140625,1913500,0.0,0.0
2022-04-22 00:00:00-04:00,98.0,98.13999938964844,96.33000183105469,96.48999786376953,2026900,0.0,0.0
2022-04-25 00:00:00-04:00,97.01000213623047,97.01000213623047,94.12999725341797,96.05000305175781,1666300,0.0,0.0
2022-04-26 00:00:00-04:00,95.93000030517578,97.31999969482422,95.12999725341797,95.16000366210938,1436100,0.0,0.0
2022-04-27 00:00:00-04:00,95.26000213623047,96.29000091552734,94.19999694824219,94.7300033569336,1431700,0.0,0.0
2022-04-28 00:00:00-04:00,95.05000305175781,95.94999694824219,94.44999694824219,95.44000244140625,1096800,0.0,0.0
2022-04-29 00:00:00-04:00,95.04000091552734,95.11000061035156,92.62000274658203,92.73999786376953,3999900,0.0,0.0
2022-05-02 00:00:00-04:00,93.61000061035156,93.9000015258789,90.94999694824219,92.01000213623047,1721900,0.0,0.0
2022-05-03 00:00:00-04:00,92.12000274658203,94.23999786376953,92.08000183105469,92.27999877929688,1518600,0.0,0.0
2022-05-04 00:00:00-04:00,92.88999938964844,93.63999938964844,92.3499984741211,93.5,1859800,0.0,0.0
2022-05-05 00:00:00-04:00,93.16999816894531,93.91999816894531,92.18000030517578,92.66000366210938,1606100,0.0,0.0
2022-05-06 00:00:00-04:00,91.5999984741211,94.47000122070312,91.0,93.9800033569336,1747200,0.0,0.0
2022-05-09 00:00:00-04:00,93.38999938964844,95.47000122070312,92.20999908447266,94.37999725341797,2088900,0.0,0.0
2022-05-10 00:00:00-04:00,94.47000122070312,96.0199966430664,91.98999786376953,92.6500015258789,2107400,0.0,0.0
2022-05-11 00:00:00-04:00,93.02999877929688,95.5999984741211,92.72000122070312,94.27999877929688,1662400,0.0,0.0
2022-05-12 00:00:00-04:00,94.33999633789062,94.93000030517578,92.94999694824219,94.3499984741211,2167500,0.0,0.0
2022-05-13 00:00:00-04:00,95.01000213623047,95.47000122070312,93.75,95.4000015258789,1735600,0.0,0.0
2022-05-16 00:00:00-04:00,95.69999694824219,96.12999725341797,94.86000061035156,95.04000091552734,1639500,0.0,0.0
2022-05-17 00:00:00-04:00,94.88999938964844,95.66999816894531,93.05999755859375,95.5,1589500,0.0,0.0
2022-05-18 00:00:00-04:00,95.8499984741211,96.4000015258789,95.0199966430664,95.22000122070312,2151000,0.0,0.0
2022-05-19 00:00:00-04:00,94.97000122070312,94.98999786376953,93.33000183105469,94.81999969482422,1991600,0.0,0.0
2022-05-20 00:00:00-04:00,95.05000305175781,96.02999877929688,94.37999725341797,95.80999755859375,2400400,0.0,0.0
2022-05-23 00:00:00-04:00,97.44999694824219,98.83999633789062,96.5,97.68000030517578,2778300,0.0,0.0
2022-05-24 00:00:00-04:00,97.79000091552734,100.4800033569336,97.1500015258789,100.38999938964844,1853100,0.0,0.0
2022-05-25 00:00:00-04:00,100.38999938964844,100.76000213623047,99.70999908447266,100.31999969482422,1877800,0.0,0.0
2022-05-26 00:00:00-04:00,100.9000015258789,101.12000274658203,99.76000213623047,99.87000274658203,1480100,0.0,0.0
2022-05-27 00:00:00-04:00,99.3499984741211,100.66999816894531,99.25,100.58000183105469,1321800,0.0,0.0
2022-05-31 00:00:00-04:00,99.77999877929688,100.36000061035156,98.83000183105469,99.26000213623047,3889500,0.0,0.0
2022-06-01 00:00:00-04:00,99.33000183105469,99.4000015258789,97.4800033569336,98.62999725341797,1970800,0.0,0.0
2022-06-02 00:00:00-04:00,98.94999694824219,98.98999786376953,96.77999877929688,98.58000183105469,1487700,0.0,0.0
2022-06-03 00:00:00-04:00,98.43000030517578,98.69000244140625,97.80000305175781,97.91000366210938,1093800,0.0,0.0
2022-06-06 00:00:00-04:00,98.4000015258789,99.23999786376953,97.66999816894531,98.0999984741211,983900,0.0,0.0
2022-06-07 00:00:00-04:00,97.80999755859375,98.62999725341797,96.80000305175781,98.4800033569336,1810900,0.0,0.0
2022-06-08 00:00:00-04:00,98.0999984741211,98.26000213623047,96.83999633789062,97.04000091552734,1054800,0.0,0.0
2022-06-09 00:00:00-04:00,97.0199966430664,97.30999755859375,94.4000015258789,94.51000213623047,1270700,0.0,0.0
2022-06-10 00:00:00-04:00,93.56999969482422,95.87999725341797,93.0199966430664,95.1500015258789,1946400,0.0,0.0
2022-06-13 00:00:00-04:00,94.23999786376953,94.80000305175781,90.63999938964844,91.1500015258789,2157400,0.0,0.0
2022-06-14 00:00:00-04:00,91.23999786376953,91.68000030517578,87.58000183105469,88.77999877929688,1922300,0.0,0.0
2022-06-15 00:00:00-04:00,89.30000305175781,89.83999633789062,87.18000030517578,88.25,1924800,0.0,0.0
2022-06-16 00:00:00-04:00,87.43000030517578,89.45999908447266,86.26000213623047,87.66999816894531,2640700,0.0,0.0
2022-06-17 00:00:00-04:00,87.91999816894531,88.27999877929688,86.08999633789062,86.87999725341797,4185900,0.0,0.0
2022-06-21 00:00:00-04:00,86.87999725341797,88.5,86.6500015258789,88.20999908447266,2130800,0.0,0.0
2022-06-22 00:00:00-04:00,87.80999755859375,89.58000183105469,87.7300033569336,88.9000015258789,1732700,0.0,0.0
2022-06-23 00:00:00-04:00,89.08000183105469,91.63999938964844,89.0199966430664,91.30999755859375,1800900,0.0,0.0
2022-06-24 00:00:00-04:00,91.63999938964844,93.18000030517578,91.37000274658203,92.93000030517578,1667000,0.0,0.0
2022-06-27 00:00:00-04:00,92.58999633789062,94.0199966430664,92.25,93.55999755859375,1350600,0.0,0.0
2022-06-28 00:00:00-04:00,93.9800033569336,94.7699966430664,93.81999969482422,94.12000274658203,1575100,0.0,0.0
2022-06-29 00:00:00-04:00,94.2300033569336,95.11000061035156,94.2300033569336,94.72000122070312,1257200,0.0,0.0
2022-06-30 00:00:00-04:00,94.29000091552734,96.12999725341797,94.12000274658203,95.0999984741211,2282100,0.0,0.0
2022-07-01 00:00:00-04:00,95.55999755859375,97.51000213623047,94.80999755859375,97.23999786376953,2030200,0.0,0.0
2022-07-05 00:00:00-04:00,97.19999694824219,97.30000305175781,90.86000061035156,92.69000244140625,2973300,0.0,0.0
2022-07-06 00:00:00-04:00,93.0199966430664,94.25,92.19000244140625,93.0999984741211,1835500,0.0,0.0
2022-07-07 00:00:00-04:00,93.12000274658203,93.7300033569336,92.02999877929688,92.30000305175781,1581000,0.0,0.0
2022-07-08 00:00:00-04:00,92.69000244140625,92.83000183105469,91.72000122070312,91.97000122070312,1375300,0.0,0.0
2022-07-11 00:00:00-04:00,91.48999786376953,93.01000213623047,91.44999694824219,92.93000030517578,1602300,0.0,0.0
2022-07-12 00:00:00-04:00,92.54000091552734,93.91999816894531,92.2699966430664,92.81999969482422,1507600,0.0,0.0
2022-07-13 00:00:00-04:00,92.18000030517578,93.3499984741211,91.7699966430664,92.52999877929688,1230100,0.0,0.0
2022-07-14 00:00:00-04:00,90.83999633789062,93.05999755859375,90.70999908447266,92.83999633789062,1184700,0.0,0.0
2022-07-15 00:00:00-04:00,93.5999984741211,93.61000061035156,92.20999908447266,93.4000015258789,2464000,0.0,0.0
2022-07-18 00:00:00-04:00,93.0,93.31999969482422,91.55000305175781,91.62999725341797,1403900,0.0,0.0
2022-07-19 00:00:00-04:00,92.0199966430664,92.79000091552734,91.68000030517578,92.22000122070312,1047400,0.0,0.0
2022-07-20 00:00:00-04:00,92.12999725341797,92.13999938964844,90.58999633789062,90.63999938964844,1427900,0.0,0.0
2022-07-21 00:00:00-04:00,90.41000366210938,90.94000244140625,89.79000091552734,90.81999969482422,1302100,0.0,0.0
2022-07-22 00:00:00-04:00,91.29000091552734,92.4800033569336,90.86000061035156,92.44000244140625,1098100,0.0,0.0
2022-07-25 00:00:00-04:00,92.12000274658203,94.1500015258789,91.94999694824219,94.08999633789062,1159100,0.0,0.0
2022-07-26 00:00:00-04:00,93.97000122070312,95.37000274658203,93.91000366210938,95.36000061035156,1484300,0.0,0.0
2022-07-27 00:00:00-04:00,95.0,95.87999725341797,94.56999969482422,95.69000244140625,1457800,0.0,0.0
2022-07-28 00:00:00-04:00,96.52999877929688,98.62999725341797,96.29000091552734,98.4800033569336,1455700,0.0,0.0
2022-07-29 00:00:00-04:00,98.38999938964844,99.76000213623047,98.37000274658203,99.2699966430664,3687100,0.0,0.0
2022-08-01 00:00:00-04:00,99.02999877929688,99.48999786376953,97.56999969482422,98.33000183105469,3332900,0.0,0.0
2022-08-02 00:00:00-04:00,99.04000091552734,99.18000030517578,97.86000061035156,98.05000305175781,1662200,0.0,0.0
2022-08-03 00:00:00-04:00,97.55000305175781,98.29000091552734,95.83000183105469,98.0999984741211,1833700,0.0,0.0
2022-08-04 00:00:00-04:00,98.2699966430664,98.75,97.38999938964844,97.43000030517578,1820400,0.0,0.0
2022-08-05 00:00:00-04:00,97.3499984741211,97.68000030517578,95.41999816894531,97.19000244140625,1669100,0.0,0.0
2022-08-08 00:00:00-04:00,97.75,99.0999984741211,97.69999694824219,98.5,1200400,0.0,0.0
2022-08-09 00:00:00-04:00,99.08999633789062,99.5199966430664,98.68000030517578,98.91000366210938,964100,0.0,0.0
2022-08-10 00:00:00-04:00,99.2300033569336,99.41000366210938,98.05000305175781,98.98999786376953,989800,0.0,0.0
2022-08-11 00:00:00-04:00,98.88999938964844,99.72000122070312,98.37000274658203,98.4800033569336,1199800,0.0,0.0
2022-08-12 00:00:00-04:00,98.95999908447266,99.58000183105469,98.68000030517578,99.11000061035156,1955100,0.0,0.0
2022-08-15 00:00:00-04:00,99.20999908447266,100.4000015258789,98.88999938964844,100.29000091552734,1055600,0.0,0.0
2022-08-16 00:00:00-04:00,99.41999816894531,100.38999938964844,99.16999816894531,100.0199966430664,1155400,0.0,0.0
2022-08-17 00:00:00-04:00,99.63999938964844,100.86000061035156,99.58999633789062,100.58000183105469,1002000,0.0,0.0
2022-08-18 00:00:00-04:00,100.79000091552734,101.30999755859375,100.5,100.93000030517578,950800,0.0,0.0
2022-08-19 00:00:00-04:00,101.2300033569336,101.56999969482422,100.30999755859375,100.55000305175781,1179200,0.0,0.0
2022-08-22 00:00:00-04:00,100.25,100.5999984741211,99.19999694824219,99.41000366210938,1597900,0.0,0.0
2022-08-23 00:00:00-04:00,99.56999969482422,99.75,98.33999633789062,98.76000213623047,930300,0.0,0.0
2022-08-24 00:00:00-04:00,98.55999755859375,98.95999908447266,97.94000244140625,98.87999725341797,1007900,0.0,0.0
2022-08-25 00:00:00-04:00,98.88999938964844,99.55000305175781,98.2300033569336,99.45999908447266,1109700,0.0,0.0
2022-08-26 00:00:00-04:00,99.45999908447266,99.69999694824219,98.33000183105469,98.52999877929688,1098600,0.0,0.0
2022-08-29 00:00:00-04:00,98.19000244140625,99.80999755859375,97.44000244140625,99.20999908447266,1017900,0.0,0.0
2022-08-30 00:00:00-04:00,99.05000305175781,99.45999908447266,97.91000366210938,98.30000305175781,1185400,0.0,0.0
2022-08-31 00:00:00-04:00,98.36000061035156,99.36000061035156,97.7300033569336,97.73999786376953,1962800,0.0,0.0
2022-09-01 00:00:00-04:00,97.77999877929688,99.62000274658203,97.58000183105469,99.44000244140625,1234700,0.0,0.0
2022-09-02 00:00:00-04:00,99.83999633789062,100.5999984741211,98.19999694824219,98.4800033569336,1178300,0.0,0.0
2022-09-06 00:00:00-04:00,98.58000183105469,99.29000091552734,97.5,97.75,1264300,0.0,0.0
2022-09-07 00:00:00-04:00,98.31999969482422,101.44999694824219,98.2300033569336,101.2300033569336,1685700,0.0,0.0
2022-09-08 00:00:00-04:00,101.0,101.5,100.27999877929688,100.66000366210938,1252600,0.0,0.0
2022-09-09 00:00:00-04:00,101.22000122070312,101.47000122070312,99.9800033569336,100.8499984741211,1146400,0.0,0.0
2022-09-12 00:00:00-04:00,100.97000122070312,102.20999908447266,100.58999633789062,101.91999816894531,1387800,0.0,0.0
2022-09-13 00:00:00-04:00,101.12000274658203,101.38999938964844,98.33000183105469,98.81999969482422,1562600,0.0,0.0
2022-09-14 00:00:00-04:00,98.77999877929688,100.76000213623047,98.75,99.97000122070312,1476700,0.0,0.0
2022-09-15 00:00:00-04:00,99.58999633789062,99.58999633789062,97.30999755859375,97.63999938964844,1302100,0.0,0.0
2022-09-16 00:00:00-04:00,97.87999725341797,98.37000274658203,97.23999786376953,97.41000366210938,2872200,0.0,0.0
2022-09-19 00:00:00-04:00,97.1500015258789,98.5199966430664,96.6500015258789,98.47000122070312,951800,0.0,0.0
2022-09-20 00:00:00-04:00,97.83000183105469,97.83999633789062,96.4800033569336,97.37000274658203,865800,0.0,0.0
2022-09-21 00:00:00-04:00,97.98999786376953,99.06999969482422,96.19999694824219,96.23999786376953,955700,0.0,0.0
2022-09-22 00:00:00-04:00,96.0199966430664,96.93000030517578,95.2300033569336,96.41999816894531,871700,0.0,0.0
2022-09-23 00:00:00-04:00,95.45999908447266,96.06999969482422,94.2699966430664,95.47000122070312,1206300,0.0,0.0
2022-09-26 00:00:00-04:00,95.11000061035156,95.27999877929688,92.27999877929688,93.16999816894531,1652500,0.0,0.0
2022-09-27 00:00:00-04:00,93.55999755859375,93.81999969482422,90.61000061035156,90.7699966430664,2319300,0.0,0.0
2022-09-28 00:00:00-04:00,91.87999725341797,91.87999725341797,90.27999877929688,90.81999969482422,2224400,0.0,0.0
2022-09-29 00:00:00-04:00,90.41000366210938,90.55999755859375,87.19999694824219,87.66000366210938,2057800,0.0,0.0
2022-09-30 00:00:00-04:00,88.1500015258789,88.54000091552734,85.44999694824219,85.76000213623047,3118300,0.0,0.0
2022-10-03 00:00:00-04:00,87.26000213623047,89.41999816894531,86.91999816894531,87.66000366210938,2289700,0.0,0.0
2022-10-04 00:00:00-04:00,87.7699966430664,89.19999694824219,87.19000244140625,89.11000061035156,1768000,0.0,0.0
2022-10-05 00:00:00-04:00,88.0199966430664,88.05000305175781,85.52999877929688,86.30000305175781,1808900,0.0,0.0
2022-10-06 00:00:00-04:00,85.91999816894531,86.16999816894531,83.7699966430664,84.0,1887200,0.0,0.0
2022-10-07 00:00:00-04:00,84.13999938964844,84.29000091552734,81.18000030517578,81.58000183105469,1855600,0.0,0.0
2022-10-10 00:00:00-04:00,81.58000183105469,82.62000274658203,81.29000091552734,81.48999786376953,1458400,0.0,0.0
2022-10-11 00:00:00-04:00,81.4800033569336,82.43000030517578,81.05000305175781,81.5999984741211,1955900,0.0,0.0
2022-10-12 00:00:00-04:00,81.22000122070312,81.4000015258789,79.41000366210938,79.47000122070312,1999200,0.0,0.0
2022-10-13 00:00:00-04:00,78.76000213623047,82.38999938964844,78.0999984741211,82.1500015258789,1949000,0.0,0.0
2022-10-14 00:00:00-04:00,83.25,83.26000213623047,81.2699966430664,81.91000366210938,3156300,0.0,0.0
2022-10-17 00:00:00-04:00,83.02999877929688,84.48999786376953,82.81999969482422,83.0199966430664,1668000,0.0,0.0
2022-10-18 00:00:00-04:00,84.06999969482422,85.08000183105469,83.81999969482422,85.0,1647600,0.0,0.0
2022-10-19 00:00:00-04:00,83.97000122070312,84.79000091552734,83.30000305175781,84.54000091552734,1455900,0.0,0.0
2022-10-20 00:00:00-04:00,84.3499984741211,84.45999908447266,83.0199966430664,83.41999816894531,2384500,0.0,0.0
2022-10-21 00:00:00-04:00,83.7699966430664,85.41000366210938,82.70999908447266,84.87000274658203,2417700,0.0,0.0
2022-10-24 00:00:00-04:00,85.47000122070312,86.12000274658203,84.33999633789062,84.69000244140625,1595900,0.0,0.0
2022-10-25 00:00:00-04:00,84.72000122070312,86.11000061035156,84.5199966430664,85.8499984741211,1535400,0.0,0.0
2022-10-26 00:00:00-04:00,86.37999725341797,86.87999725341797,85.48999786376953,85.73999786376953,1941100,0.0,0.0
2022-10-27 00:00:00-04:00,86.3499984741211,87.5999984741211,86.05000305175781,86.41999816894531,1586700,0.0,0.0
2022-10-28 00:00:00-04:00,86.76000213623047,88.48999786376953,86.76000213623047,88.44999694824219,1605200,0.0,0.0
2022-10-31 00:00:00-04:00,88.44999694824219,88.91000366210938,87.62999725341797,87.95999908447266,2381400,0.0,0.0
2022-11-01 00:00:00-04:00,88.0199966430664,88.33000183105469,86.95999908447266,88.0199966430664,1261700,0.0,0.0
2022-11-02 00:00:00-04:00,87.86000061035156,90.0,87.80999755859375,88.20999908447266,1689200,0.0,0.0
2022-11-03 00:00:00-04:00,87.81999969482422,89.33999633789062,86.94999694824219,88.7300033569336,1583300,0.0,0.0
2022-11-04 00:00:00-04:00,88.52999877929688,90.12999725341797,87.70999908447266,90.04000091552734,1969700,0.0,0.0
2022-11-07 00:00:00-05:00,89.94999694824219,90.02999877929688,86.98999786376953,87.6500015258789,1600100,0.0,0.0
2022-11-08 00:00:00-05:00,88.1500015258789,89.12999725341797,87.76000213623047,88.29000091552734,1277100,0.0,0.0
2022-11-09 00:00:00-05:00,88.2699966430664,89.0999984741211,87.43000030517578,87.66999816894531,1624000,0.0,0.0
2022-11-10 00:00:00-05:00,89.79000091552734,91.16999816894531,88.47000122070312,90.94999694824219,1711900,0.0,0.0
2022-11-11 00:00:00-05:00,90.81999969482422,91.01000213623047,88.1500015258789,89.12000274658203,2556800,0.0,0.0
2022-11-14 00:00:00-05:00,89.41999816894531,91.02999877929688,89.33000183105469,89.33000183105469,1845500,0.0,0.0
2022-11-15 00:00:00-05:00,88.98999786376953,89.93000030517578,88.83000183105469,89.69999694824219,2197200,0.0,0.0
2022-11-16 00:00:00-05:00,90.0,92.52999877929688,90.0,91.33999633789062,3049300,0.0,0.0
2022-11-17 00:00:00-05:00,90.58999633789062,91.23999786376953,90.13999938964844,90.80999755859375,1752100,0.0,0.0
2022-11-18 00:00:00-05:00,91.66000366210938,93.56999969482422,91.66000366210938,93.52999877929688,1959800,0.0,0.0
2022-11-21 00:00:00-05:00,93.7300033569336,94.80000305175781,93.52999877929688,94.1500015258789,1172000,0.0,0.0
2022-11-22 00:00:00-05:00,94.5199966430664,95.80999755859375,94.33999633789062,95.22000122070312,2231600,0.0,0.0
2022-11-23 00:00:00-05:00,95.05999755859375,96.83999633789062,94.75,96.66999816894531,1957900,0.0,0.0
2022-11-25 00:00:00-05:00,97.02999877929688,97.63999938964844,96.66999816894531,97.5,830000,0.0,0.0
2022-11-28 00:00:00-05:00,97.01000213623047,97.5,95.91999816894531,96.54000091552734,1596900,0.0,0.0
2022-11-29 00:00:00-05:00,96.11000061035156,96.38999938964844,95.41999816894531,96.30000305175781,1342000,0.0,0.0
2022-11-30 00:00:00-05:00,96.19000244140625,98.52999877929688,95.77999877929688,98.04000091552734,4302700,0.0,0.0
2022-12-01 00:00:00-05:00,98.5999984741211,99.58999633789062,97.61000061035156,97.8499984741211,1850400,0.0,0.0
2022-12-02 00:00:00-05:00,97.26000213623047,97.70999908447266,96.69999694824219,97.3499984741211,1719700,0.0,0.0
2022-12-05 00:00:00-05:00,96.52999877929688,97.6500015258789,96.4000015258789,97.37000274658203,1521600,0.0,0.0
2022-12-06 00:00:00-05:00,97.44000244140625,97.98999786376953,96.55999755859375,97.55999755859375,1600900,0.0,0.0
2022-12-07 00:00:00-05:00,97.33999633789062,98.38999938964844,96.41000366210938,96.58999633789062,1368300,0.0,0.0
2022-12-08 00:00:00-05:00,96.51000213623047,97.63999938964844,96.30999755859375,97.58999633789062,1005900,0.0,0.0
2022-12-09 00:00:00-05:00,97.01000213623047,97.61000061035156,96.44000244140625,96.52999877929688,1485400,0.0,0.0
2022-12-12 00:00:00-05:00,97.18000030517578,98.36000061035156,96.55000305175781,98.3499984741211,1225500,0.0,0.0
2022-12-13 00:00:00-05:00,99.48999786376953,99.77999877929688,97.43000030517578,98.51000213623047,1396300,0.0,0.0
2022-12-14 00:00:00-05:00,98.52999877929688,99.97000122070312,97.75,98.44000244140625,1983800,0.0,0.0
2022-12-15 00:00:00-05:00,97.91000366210938,98.44999694824219,96.55999755859375,96.9800033569336,1865500,0.0,0.0
2022-12-16 00:00:00-05:00,96.0199966430664,96.66000366210938,94.23999786376953,95.16999816894531,3946600,0.0,0.0
2022-12-19 00:00:00-05:00,95.11000061035156,96.33000183105469,94.37000274658203,94.8499984741211,1348000,0.0,0.0
2022-12-20 00:00:00-05:00,94.83000183105469,95.5199966430664,94.06999969482422,94.58999633789062,1846800,0.0,0.0
2022-12-21 00:00:00-05:00,95.0,95.73999786376953,94.6500015258789,95.72000122070312,1521000,0.0,0.0
2022-12-22 00:00:00-05:00,95.62999725341797,95.62999725341797,93.7699966430664,95.16000366210938,1049900,0.0,0.0
2022-12-23 00:00:00-05:00,95.08000183105469,96.01000213623047,95.08000183105469,95.8499984741211,1278500,0.0,0.0
2022-12-27 00:00:00-05:00,96.04000091552734,96.83999633789062,95.77999877929688,96.55000305175781,1352000,0.0,0.0
2022-12-28 00:00:00-05:00,96.80999755859375,97.0199966430664,95.81999969482422,95.97000122070312,1318200,0.0,0.0
2022-12-29 00:00:00-05:00,96.4800033569336,97.26000213623047,96.12000274658203,96.48999786376953,1193800,0.0,0.0
2022-12-30 00:00:00-05:00,96.62000274658203,96.75,94.55000305175781,95.30999755859375,1224400,0.0,0.0
2023-01-03 00:00:00-05:00,95.45999908447266,96.37000274658203,93.93000030517578,95.76000213623047,2098400,0.0,0.0
2023-01-04 00:00:00-05:00,96.23999786376953,97.44000244140625,95.94000244140625,96.58999633789062,1878500,0.0,0.0
2023-01-05 00:00:00-05:00,95.88999938964844,96.37999725341797,94.43000030517578,95.29000091552734,1891600,0.0,0.0
2023-01-06 00:00:00-05:00,96.2699966430664,98.06999969482422,96.0199966430664,97.83000183105469,1414500,0.0,0.0
2023-01-09 00:00:00-05:00,96.80999755859375,98.6500015258789,96.29000091552734,97.72000122070312,1471300,0.0,0.0
2023-01-10 00:00:00-05:00,97.98999786376953,98.30000305175781,97.06999969482422,98.08999633789062,1259900,0.0,0.0
2023-01-11 00:00:00-05:00,98.13999938964844,99.05999755859375,98.06999969482422,98.61000061035156,1612100,0.0,0.0
2023-01-12 00:00:00-05:00,98.79000091552734,98.94000244140625,97.4000015258789,97.52999877929688,1236900,0.0,0.0
2023-01-13 00:00:00-05:00,96.94000244140625,96.9800033569336,96.0999984741211,96.48999786376953,1236300,0.0,0.0
2023-01-17 00:00:00-05:00,96.56999969482422,96.87000274658203,95.29000091552734,95.48999786376953,2496000,0.0,0.0
2023-01-18 00:00:00-05:00,95.66000366210938,95.94999694824219,93.05999755859375,93.33999633789062,1808400,0.0,0.0
2023-01-19 00:00:00-05:00,93.4000015258789,93.48999786376953,92.16999816894531,92.4800033569336,1416900,0.0,0.0
2023-01-20 00:00:00-05:00,92.55999755859375,93.83999633789062,91.4000015258789,93.79000091552734,2507500,0.0,0.0
2023-01-23 00:00:00-05:00,93.62999725341797,94.61000061035156,92.94999694824219,93.55000305175781,1440500,0.0,0.0
2023-01-24 00:00:00-05:00,93.5,94.38999938964844,92.7300033569336,94.05000305175781,1176200,0.0,0.0
2023-01-25 00:00:00-05:00,93.47000122070312,94.47000122070312,92.9000015258789,94.44999694824219,1190000,0.0,0.0
2023-01-26 00:00:00-05:00,94.22000122070312,94.91000366210938,93.83999633789062,94.87999725341797,1276100,0.0,0.0
2023-01-27 00:00:00-05:00,94.79000091552734,95.37000274658203,94.2300033569336,94.91000366210938,952300,0.0,0.0
2023-01-30 00:00:00-05:00,94.91000366210938,96.0,94.7300033569336,95.05000305175781,1161700,0.0,0.0
2023-01-31 00:00:00-05:00,95.30999755859375,95.4800033569336,93.94000244140625,95.30999755859375,3663500,0.0,0.0
2023-02-01 00:00:00-05:00,94.9000015258789,96.0,94.51000213623047,95.44999694824219,1557600,0.0,0.0
2023-02-02 00:00:00-05:00,95.30999755859375,96.16000366210938,94.5,95.16000366210938,1625600,0.0,0.0
2023-02-03 00:00:00-05:00,94.9000015258789,94.97000122070312,91.88999938964844,92.93000030517578,1741800,0.0,0.0
2023-02-06 00:00:00-05:00,92.66000366210938,93.66000366210938,92.36000061035156,93.55000305175781,1370400,0.0,0.0
2023-02-07 00:00:00-05:00,93.01000213623047,93.4800033569336,92.4000015258789,93.25,1388600,0.0,0.0
2023-02-08 00:00:00-05:00,92.91000366210938,92.93000030517578,91.08999633789062,91.7699966430664,1407700,0.0,0.0
2023-02-09 00:00:00-05:00,91.97000122070312,92.33999633789062,90.08000183105469,90.19000244140625,1489700,0.0,0.0
2023-02-10 00:00:00-05:00,90.47000122070312,92.48999786376953,90.33999633789062,92.36000061035156,1373800,0.0,0.0
2023-02-13 00:00:00-05:00,92.38999938964844,92.91000366210938,92.19000244140625,92.80000305175781,1300400,0.0,0.0
2023-02-14 00:00:00-05:00,91.95999908447266,92.41000366210938,91.02999877929688,91.0999984741211,1047600,0.0,0.0
2023-02-15 00:00:00-05:00,90.75,91.2699966430664,90.4000015258789,91.19999694824219,1141800,0.0,0.0
2023-02-16 00:00:00-05:00,90.43000030517578,92.19999694824219,89.54000091552734,91.66000366210938,3701400,0.0,0.0
2023-02-17 00:00:00-05:00,91.56999969482422,93.31999969482422,90.6500015258789,93.25,3654600,0.0,0.0
2023-02-21 00:00:00-05:00,92.9000015258789,93.38999938964844,92.19999694824219,92.7300033569336,2197900,0.0,0.0
2023-02-22 00:00:00-05:00,92.9800033569336,93.55000305175781,92.0999984741211,92.41000366210938,1740100,0.0,0.0
2023-02-23 00:00:00-05:00,92.83000183105469,93.0199966430664,91.2300033569336,91.58000183105469,1848800,0.0,0.0
2023-02-24 00:00:00-05:00,90.94000244140625,91.58999633789062,90.20999908447266,91.26000213623047,1886000,0.0,0.0
2023-02-27 00:00:00-05:00,91.91999816894531,92.6500015258789,90.80999755859375,90.8499984741211,1928700,0.0,0.0
2023-02-28 00:00:00-05:00,90.47000122070312,90.98999786376953,89.31999969482422,89.3499984741211,2705000,0.0,0.0
2023-03-01 00:00:00-05:00,89.0199966430664,89.30000305175781,87.02999877929688,88.1500015258789,1969300,0.0,0.0
2023-03-02 00:00:00-05:00,88.19999694824219,89.77999877929688,87.37999725341797,89.61000061035156,1415000,0.0,0.0
2023-03-03 00:00:00-05:00,89.86000061035156,90.72000122070312,88.83000183105469,90.69000244140625,1497700,0.0,0.0
2023-03-06 00:00:00-05:00,90.75,91.80999755859375,90.7300033569336,91.62999725341797,1592400,0.0,0.0
2023-03-07 00:00:00-05:00,92.5,92.73999786376953,90.2300033569336,90.66000366210938,2278600,0.0,0.0
2023-03-08 00:00:00-05:00,90.61000061035156,92.36000061035156,90.58999633789062,91.69000244140625,1839800,0.0,0.0
2023-03-09 00:00:00-05:00,92.0199966430664,93.06999969482422,91.12999725341797,91.29000091552734,1902300,0.0,0.0
2023-03-10 00:00:00-05:00,91.6500015258789,92.04000091552734,90.31999969482422,90.62000274658203,1969100,0.0,0.0
2023-03-13 00:00:00-04:00,90.66999816894531,95.66999816894531,90.55999755859375,92.79000091552734,2773800,0.0,0.0
2023-03-14 00:00:00-04:00,93.19999694824219,94.93000030517578,93.16000366210938,94.01000213623047,1936000,0.0,0.0
2023-03-15 00:00:00-04:00,93.9800033569336,96.1500015258789,93.48999786376953,95.63999938964844,2828000,0.0,0.0
2023-03-16 00:00:00-04:00,95.55999755859375,97.2300033569336,95.2300033569336,96.30000305175781,2182200,0.0,0.0
2023-03-17 00:00:00-04:00,95.93000030517578,96.4800033569336,95.02999877929688,95.62999725341797,3638400,0.0,0.0
2023-03-20 00:00:00-04:00,95.93000030517578,97.33000183105469,95.80999755859375,96.91000366210938,1735300,0.0,0.0
2023-03-21 00:00:00-04:00,96.56999969482422,96.9800033569336,92.16000366210938,93.19000244140625,2627700,0.0,0.0
2023-03-22 00:00:00-04:00,93.62999725341797,94.02999877929688,92.0199966430664,92.0999984741211,2537000,0.0,0.0
2023-03-23 00:00:00-04:00,91.73999786376953,92.97000122070312,91.05999755859375,91.7300033569336,2373100,0.0,0.0
2023-03-24 00:00:00-04:00,92.0999984741211,95.11000061035156,91.83000183105469,95.06999969482422,1643500,0.0,0.0
2023-03-27 00:00:00-04:00,95.41999816894531,95.80999755859375,94.45999908447266,94.56999969482422,1896500,0.0,0.0
2023-03-28 00:00:00-04:00,94.30000305175781,95.7300033569336,94.06999969482422,94.38999938964844,1762300,0.0,0.0
2023-03-29 00:00:00-04:00,94.79000091552734,95.62999725341797,94.77999877929688,95.11000061035156,1635800,0.0,0.0
2023-03-30 00:00:00-04:00,95.22000122070312,95.69999694824219,94.62000274658203,94.72000122070312,2108200,0.0,0.0
2023-03-31 00:00:00-04:00,94.68000030517578,95.70999908447266,94.54000091552734,95.66999816894531,2099900,0.0,0.0
2023-04-03 00:00:00-04:00,95.23999786376953,95.79000091552734,94.41000366210938,95.08999633789062,2235300,0.0,0.0
2023-04-04 00:00:00-04:00,95.25,96.37000274658203,95.0999984741211,96.0199966430664,1560900,0.0,0.0
2023-04-05 00:00:00-04:00,96.80999755859375,98.76000213623047,96.69999694824219,98.51000213623047,2040500,0.0,0.0
2023-04-06 00:00:00-04:00,98.91999816894531,99.3499984741211,97.56999969482422,98.97000122070312,1578600,0.0,0.0
2023-04-10 00:00:00-04:00,98.75,99.25,97.91000366210938,99.20999908447266,1355600,0.0,0.0
2023-04-11 00:00:00-04:00,99.16000366210938,99.54000091552734,98.27999877929688,99.11000061035156,1338700,0.0,0.0
2023-04-12 00:00:00-04:00,99.0999984741211,99.7300033569336,98.29000091552734,98.69000244140625,1185300,0.0,0.0
2023-04-13 00:00:00-04:00,98.1500015258789,98.87999725341797,96.55999755859375,98.08000183105469,1335200,0.0,0.0
2023-04-14 00:00:00-04:00,97.22000122070312,97.6500015258789,96.48999786376953,96.68000030517578,1827000,0.0,0.0
2023-04-17 00:00:00-04:00,97.0999984741211,97.94999694824219,96.8499984741211,97.87000274658203,1520100,0.0,0.0
2023-04-18 00:00:00-04:00,97.80000305175781,97.95999908447266,96.97000122070312,97.5199966430664,997200,0.0,0.0
2023-04-19 00:00:00-04:00,97.77999877929688,98.80999755859375,97.68000030517578,98.13999938964844,1158300,0.0,0.0
2023-04-20 00:00:00-04:00,98.52999877929688,98.70999908447266,97.73999786376953,98.66000366210938,1215900,0.0,0.0
2023-04-21 00:00:00-04:00,99.55999755859375,99.75,98.5199966430664,99.04000091552734,1875100,0.0,0.0
2023-04-24 00:00:00-04:00,99.19999694824219,99.88999938964844,98.62999725341797,99.83999633789062,1110700,0.0,0.0
2023-04-25 00:00:00-04:00,100.0,100.91999816894531,99.66000366210938,100.4000015258789,1404100,0.0,0.0
2023-04-26 00:00:00-04:00,99.29000091552734,100.43000030517578,98.86000061035156,99.13999938964844,1378600,0.0,0.0
2023-04-27 00:00:00-04:00,99.04000091552734,99.58000183105469,98.20999908447266,99.18000030517578,1713500,0.0,0.0
2023-04-28 00:00:00-04:00,99.08000183105469,99.66000366210938,97.88999938964844,98.47000122070312,2316000,0.0,0.0
2023-05-01 00:00:00-04:00,98.43000030517578,100.12999725341797,98.29000091552734,99.11000061035156,1834800,0.0,0.0
2023-05-02 00:00:00-04:00,99.0199966430664,99.58999633789062,98.08000183105469,98.56999969482422,1425200,0.0,0.0
2023-05-03 00:00:00-04:00,99.38999938964844,99.41999816894531,97.9800033569336,98.04000091552734,1203000,0.0,0.0
2023-05-04 00:00:00-04:00,98.2300033569336,99.22000122070312,97.72000122070312,98.5199966430664,1648000,0.0,0.0
2023-05-05 00:00:00-04:00,98.80000305175781,100.44000244140625,97.80000305175781,99.48999786376953,2218600,0.0,0.0
2023-05-08 00:00:00-04:00,99.33999633789062,100.31999969482422,98.25,99.01000213623047,1524900,0.0,0.0
2023-05-09 00:00:00-04:00,99.1500015258789,99.26000213623047,98.37999725341797,98.7699966430664,1469800,0.0,0.0
2023-05-10 00:00:00-04:00,99.33999633789062,99.98999786376953,98.5999984741211,99.41000366210938,1504400,0.0,0.0
2023-05-11 00:00:00-04:00,99.44000244140625,99.76000213623047,98.55000305175781,98.95999908447266,1628900,0.0,0.0
2023-05-12 00:00:00-04:00,99.44999694824219,100.08000183105469,98.8499984741211,99.5199966430664,1624600,0.0,0.0
2023-05-15 00:00:00-04:00,99.83999633789062,100.0,97.6500015258789,98.4800033569336,1838100,0.0,0.0
2023-05-16 00:00:00-04:00,97.47000122070312,97.81999969482422,96.4000015258789,96.5,2261200,0.0,0.0
2023-05-17 00:00:00-04:00,96.66999816894531,96.73999786376953,95.66999816894531,95.9000015258789,1742500,0.0,0.0
2023-05-18 00:00:00-04:00,95.30999755859375,95.77999877929688,94.80999755859375,95.36000061035156,1806400,0.0,0.0
2023-05-19 00:00:00-04:00,95.8499984741211,96.16999816894531,94.87999725341797,95.19000244140625,2209800,0.0,0.0
2023-05-22 00:00:00-04:00,95.3499984741211,95.97000122070312,94.43000030517578,94.6500015258789,1907000,0.0,0.0
2023-05-23 00:00:00-04:00,94.30000305175781,94.77999877929688,93.69999694824219,93.87999725341797,4775100,0.0,0.0
2023-05-24 00:00:00-04:00,94.19000244140625,94.51000213623047,93.2699966430664,93.5,1578200,0.0,0.0
2023-05-25 00:00:00-04:00,93.27999877929688,93.83000183105469,92.3499984741211,93.22000122070312,3679300,0.0,0.0
2023-05-26 00:00:00-04:00,93.12999725341797,93.13999938964844,92.22000122070312,92.69000244140625,2210700,0.0,0.0
2023-05-30 00:00:00-04:00,92.58000183105469,93.5199966430664,92.23999786376953,92.55999755859375,1939100,0.0,0.0
2023-05-31 00:00:00-04:00,92.77999877929688,93.66000366210938,92.31999969482422,93.30000305175781,3277300,0.0,0.0
2023-06-01 00:00:00-04:00,93.70999908447266,93.73999786376953,91.58000183105469,91.81999969482422,2937100,0.0,0.0
2023-06-02 00:00:00-04:00,91.62000274658203,92.69999694824219,90.5199966430664,91.76000213623047,2244800,0.0,0.0
2023-06-05 00:00:00-04:00,91.81999969482422,93.83000183105469,91.81999969482422,92.94999694824219,1963200,0.0,0.0
2023-06-06 00:00:00-04:00,93.48999786376953,93.56999969482422,92.19999694824219,92.41000366210938,1543100,0.0,0.0
2023-06-07 00:00:00-04:00,92.41999816894531,93.87999725341797,91.1500015258789,93.54000091552734,1847100,0.0,0.0
2023-06-08 00:00:00-04:00,92.37999725341797,94.25,92.31999969482422,94.0,1416400,0.0,0.0
2023-06-09 00:00:00-04:00,94.0,94.19000244140625,93.37000274658203,93.48999786376953,1264900,0.0,0.0
2023-06-12 00:00:00-04:00,93.69999694824219,93.69999694824219,92.05000305175781,92.62999725341797,2020900,0.0,0.0
2023-06-13 00:00:00-04:00,92.19000244140625,92.5199966430664,91.51000213623047,92.02999877929688,1728900,0.0,0.0
2023-06-14 00:00:00-04:00,92.30999755859375,93.55000305175781,91.8499984741211,92.38999938964844,1678000,0.0,0.0
2023-06-15 00:00:00-04:00,93.01000213623047,93.69000244140625,92.45999908447266,93.0199966430664,1997600,0.0,0.0
2023-06-16 00:00:00-04:00,93.37999725341797,94.1500015258789,92.70999908447266,92.97000122070312,4678700,0.0,0.0
2023-06-20 00:00:00-04:00,93.0999984741211,93.23999786376953,91.94999694824219,92.0199966430664,1939500,0.0,0.0
2023-06-21 00:00:00-04:00,91.91999816894531,92.94999694824219,91.0199966430664,92.91999816894531,1907100,0.0,0.0
2023-06-22 00:00:00-04:00,93.30999755859375,93.55999755859375,91.94999694824219,92.12000274658203,1914000,0.0,0.0
2023-06-23 00:00:00-04:00,92.58999633789062,92.62999725341797,90.41000366210938,90.73999786376953,1994100,0.0,0.0
2023-06-26 00:00:00-04:00,91.02999877929688,91.83999633789062,90.33999633789062,91.68000030517578,1242500,0.0,0.0
2023-06-27 00:00:00-04:00,91.91999816894531,92.33999633789062,91.62000274658203,91.9800033569336,1262900,0.0,0.0
2023-06-28 00:00:00-04:00,91.9800033569336,91.9800033569336,89.87000274658203,90.11000061035156,1490500,0.0,0.0
2023-06-29 00:00:00-04:00,89.4000015258789,90.33999633789062,89.31999969482422,89.56999969482422,1545000,0.0,0.0
2023-06-30 00:00:00-04:00,89.81999969482422,90.44999694824219,89.47000122070312,90.4000015258789,1552100,0.0,0.0
2023-07-03 00:00:00-04:00,90.19999694824219,91.05999755859375,89.83999633789062,91.05000305175781,707000,0.0,0.0
2023-07-05 00:00:00-04:00,90.75,93.44999694824219,90.68000030517578,92.8499984741211,2334700,0.0,0.0
2023-07-06 00:00:00-04:00,92.30999755859375,92.66999816894531,91.5999984741211,92.16999816894531,1776100,0.0,0.0
2023-07-07 00:00:00-04:00,91.4800033569336,92.66000366210938,91.0999984741211,92.02999877929688,1664300,0.0,0.0
2023-07-10 00:00:00-04:00,91.80999755859375,91.94999694824219,90.95999908447266,91.38999938964844,1560600,0.0,0.0
2023-07-11 00:00:00-04:00,91.36000061035156,92.54000091552734,91.0,92.54000091552734,1082700,0.0,0.0
2023-07-12 00:00:00-04:00,92.80999755859375,93.43000030517578,92.2699966430664,93.08999633789062,1294200,0.0,0.0
2023-07-13 00:00:00-04:00,92.70999908447266,93.80000305175781,92.27999877929688,93.7699966430664,1712700,0.0,0.0
2023-07-14 00:00:00-04:00,93.5199966430664,93.62000274658203,92.72000122070312,93.08000183105469,1121900,0.0,0.0
2023-07-17 00:00:00-04:00,92.91000366210938,93.05999755859375,91.91999816894531,92.41999816894531,1512800,0.0,0.0
2023-07-18 00:00:00-04:00,92.55000305175781,93.3499984741211,91.22000122070312,92.13999938964844,2012900,0.0,0.0
2023-07-19 00:00:00-04:00,92.4800033569336,93.7699966430664,92.41000366210938,93.48999786376953,2029900,0.0,0.0
2023-07-20 00:00:00-04:00,93.80000305175781,96.05000305175781,93.22000122070312,95.88999938964844,2095800,0.0,0.0
2023-07-21 00:00:00-04:00,97.0999984741211,97.83999633789062,96.55999755859375,97.12999725341797,2121700,0.0,0.0
2023-07-24 00:00:00-04:00,97.30999755859375,97.80000305175781,96.91999816894531,97.12999725341797,1124300,0.0,0.0
2023-07-25 00:00:00-04:00,97.0999984741211,98.12000274658203,96.62999725341797,97.70999908447266,1980000,0.0,0.0
2023-07-26 00:00:00-04:00,97.58000183105469,98.8499984741211,97.25,97.5,1070000,0.0,0.0
2023-07-27 00:00:00-04:00,96.94999694824219,97.47000122070312,95.54000091552734,95.75,1482000,0.0,0.0
2023-07-28 00:00:00-04:00,96.31999969482422,96.58999633789062,94.94000244140625,95.63999938964844,1406300,0.0,0.0
2023-07-31 00:00:00-04:00,95.93000030517578,96.0199966430664,94.37000274658203,94.86000061035156,4358900,0.0,0.0
2023-08-01 00:00:00-04:00,94.88999938964844,95.33999633789062,93.27999877929688,93.33999633789062,1728300,0.0,0.0
2023-08-02 00:00:00-04:00,93.41999816894531,94.19999694824219,93.19999694824219,93.33000183105469,1404900,0.0,0.0
2023-08-03 00:00:00-04:00,92.9800033569336,93.0,90.30000305175781,90.33000183105469,2229800,0.0,0.0
2023-08-04 00:00:00-04:00,90.58999633789062,92.18000030517578,88.69999694824219,89.30999755859375,2819000,0.0,0.0
2023-08-07 00:00:00-04:00,89.93000030517578,91.37000274658203,89.86000061035156,90.62000274658203,2072400,0.0,0.0
2023-08-08 00:00:00-04:00,90.95999908447266,91.23999786376953,90.19000244140625,91.19000244140625,1462400,0.0,0.0
2023-08-09 00:00:00-04:00,90.62000274658203,91.83999633789062,90.5999984741211,90.95999908447266,1331700,0.0,0.0
2023-08-10 00:00:00-04:00,91.30000305175781,91.93000030517578,90.1500015258789,90.41000366210938,1463300,0.0,0.0
2023-08-11 00:00:00-04:00,90.7300033569336,90.9800033569336,90.20999908447266,90.83000183105469,1156100,0.0,0.0
2023-08-14 00:00:00-04:00,90.55999755859375,90.76000213623047,89.16999816894531,89.55999755859375,2008900,0.0,0.0
2023-08-15 00:00:00-04:00,88.33999633789062,88.79000091552734,87.36000061035156,87.68000030517578,2454900,0.0,0.0
2023-08-16 00:00:00-04:00,88.0199966430664,89.16999816894531,87.8499984741211,88.83000183105469,1353400,0.0,0.0
2023-08-17 00:00:00-04:00,88.77999877929688,89.56999969482422,88.22000122070312,88.25,1317100,0.0,0.0
2023-08-18 00:00:00-04:00,88.33999633789062,89.55000305175781,88.16999816894531,89.31999969482422,1440600,0.0,0.0
2023-08-21 00:00:00-04:00,89.05000305175781,89.51000213623047,88.0,88.70999908447266,1268800,0.0,0.0
2023-08-22 00:00:00-04:00,88.62000274658203,89.54000091552734,88.29000091552734,89.37999725341797,1559000,0.0,0.0
2023-08-23 00:00:00-04:00,89.7300033569336,90.08000183105469,88.98999786376953,90.04000091552734,2679900,0.0,0.0
2023-08-24 00:00:00-04:00,89.88999938964844,91.20999908447266,89.44999694824219,89.45999908447266,1939700,0.0,0.0
2023-08-25 00:00:00-04:00,89.70999908447266,90.48999786376953,89.37000274658203,89.87999725341797,1890800,0.0,0.0
2023-08-28 00:00:00-04:00,89.81999969482422,90.61000061035156,89.12000274658203,89.70999908447266,1669900,0.0,0.0
2023-08-29 00:00:00-04:00,89.91000366210938,90.18000030517578,89.06999969482422,90.08000183105469,1484300,0.0,0.0
2023-08-30 00:00:00-04:00,90.0199966430664,90.72000122070312,89.47000122070312,89.83000183105469,1020000,0.0,0.0
2023-08-31 00:00:00-04:00,90.0199966430664,90.23999786376953,88.93000030517578,88.95999908447266,1842400,0.0,0.0
2023-09-01 00:00:00-04:00,89.44999694824219,89.44999694824219,87.27999877929688,88.3499984741211,1572700,0.0,0.0
2023-09-05 00:00:00-04:00,88.12000274658203,88.3499984741211,86.33000183105469,86.51000213623047,1942600,0.0,0.0
2023-09-06 00:00:00-04:00,86.83000183105469,86.94000244140625,86.20999908447266,86.80000305175781,1365900,0.0,0.0
2023-09-07 00:00:00-04:00,87.55000305175781,89.22000122070312,87.55000305175781,88.51000213623047,1626300,0.0,0.0
2023-09-08 00:00:00-04:00,88.73999786376953,89.5199966430664,88.23999786376953,89.25,1392500,0.0,0.0
2023-09-11 00:00:00-04:00,88.63999938964844,90.08000183105469,88.63999938964844,89.7300033569336,1627600,0.0,0.0
2023-09-12 00:00:00-04:00,89.87999725341797,90.33000183105469,88.79000091552734,90.19999694824219,1815500,0.0,0.0
2023-09-13 00:00:00-04:00,90.5,91.62999725341797,90.26000213623047,91.45999908447266,1725200,0.0,0.0
2023-09-14 00:00:00-04:00,91.80000305175781,92.41999816894531,91.5,92.37999725341797,2019100,0.0,0.0
2023-09-15 00:00:00-04:00,92.1500015258789,93.08000183105469,91.4000015258789,91.48999786376953,3724800,0.0,0.0
2023-09-18 00:00:00-04:00,91.37000274658203,91.69000244140625,90.70999908447266,91.56999969482422,1519100,0.0,0.0
2023-09-19 00:00:00-04:00,91.66000366210938,92.05000305175781,91.12999725341797,91.16999816894531,1132200,0.0,0.0
2023-09-20 00:00:00-04:00,91.66000366210938,92.33000183105469,90.94000244140625,91.5,1186600,0.0,0.0
2023-09-21 00:00:00-04:00,91.36000061035156,92.12000274658203,90.6500015258789,90.86000061035156,1814100,0.0,0.0
2023-09-22 00:00:00-04:00,90.4000015258789,91.51000213623047,90.05000305175781,90.83000183105469,1492100,0.0,0.0
2023-09-25 00:00:00-04:00,90.05000305175781,90.58000183105469,89.5199966430664,90.2300033569336,1549400,0.0,0.0
2023-09-26 00:00:00-04:00,90.04000091552734,90.16999816894531,87.62999725341797,87.83000183105469,2009300,0.0,0.0
2023-09-27 00:00:00-04:00,87.5,88.12000274658203,86.52999877929688,86.62999725341797,1787800,0.0,0.0
2023-09-28 00:00:00-04:00,87.05000305175781,87.23999786376953,84.86000061035156,85.48999786376953,1975700,0.0,0.0
2023-09-29 00:00:00-04:00,86.2300033569336,86.75,85.1500015258789,85.52999877929688,2011200,0.0,0.0
2023-10-02 00:00:00-04:00,85.0199966430664,85.19000244140625,81.05999755859375,81.62000274658203,2440200,0.0,0.0
2023-10-03 00:00:00-04:00,81.19999694824219,83.52999877929688,80.45999908447266,83.18000030517578,2635600,0.0,0.0
2023-10-04 00:00:00-04:00,83.56999969482422,84.29000091552734,82.0,84.19999694824219,1933200,0.0,0.0
2023-10-05 00:00:00-04:00,83.93000030517578,85.06999969482422,83.20999908447266,84.76000213623047,2524700,0.0,0.0
2023-10-06 00:00:00-04:00,83.30999755859375,86.55999755859375,82.66000366210938,86.3499984741211,2419700,0.0,0.0
2023-10-09 00:00:00-04:00,86.33999633789062,87.55999755859375,86.33999633789062,87.55000305175781,1451700,0.0,0.0
2023-10-10 00:00:00-04:00,87.31999969482422,88.30000305175781,87.19000244140625,88.12000274658203,1830300,0.0,0.0
2023-10-11 00:00:00-04:00,88.41999816894531,88.69000244140625,87.22000122070312,88.44999694824219,1738100,0.0,0.0
2023-10-12 00:00:00-04:00,88.08000183105469,88.4800033569336,86.37000274658203,87.37000274658203,1906000,0.0,0.0
2023-10-13 00:00:00-04:00,88.18000030517578,88.80999755859375,87.44000244140625,88.0199966430664,1958500,0.0,0.0
2023-10-16 00:00:00-04:00,85.1500015258789,88.91999816894531,85.1500015258789,88.66000366210938,3995500,0.0,0.0
2023-10-17 00:00:00-04:00,88.4000015258789,89.48999786376953,88.0999984741211,88.9000015258789,2943800,0.0,0.0
2023-10-18 00:00:00-04:00,88.83999633789062,89.16999816894531,87.83999633789062,88.27999877929688,2639700,0.0,0.0
2023-10-19 00:00:00-04:00,88.12000274658203,88.8499984741211,87.41999816894531,87.66999816894531,1950900,0.0,0.0
2023-10-20 00:00:00-04:00,87.68000030517578,88.69999694824219,86.4800033569336,87.05999755859375,10175500,0.0,0.0
2023-10-23 00:00:00-04:00,86.3499984741211,87.9000015258789,85.87000274658203,86.58999633789062,2130800,0.0,0.0
2023-10-24 00:00:00-04:00,87.2699966430664,88.26000213623047,87.11000061035156,87.97000122070312,1689600,0.0,0.0
2023-10-25 00:00:00-04:00,87.58999633789062,88.62000274658203,87.36000061035156,88.30999755859375,1472000,0.0,0.0
2023-10-26 00:00:00-04:00,88.66999816894531,90.0999984741211,88.4800033569336,89.30000305175781,1884600,0.0,0.0
2023-10-27 00:00:00-04:00,88.7300033569336,89.29000091552734,87.18000030517578,87.47000122070312,1248100,0.0,0.0
2023-10-30 00:00:00-04:00,87.7699966430664,88.41000366210938,86.79000091552734,87.4800033569336,1370400,0.0,0.0
2023-10-31 00:00:00-04:00,87.98999786376953,88.27999877929688,86.95999908447266,87.79000091552734,2480300,0.0,0.0
2023-11-01 00:00:00-04:00,88.12999725341797,89.83000183105469,87.12999725341797,89.16000366210938,2221600,0.0,0.0
2023-11-02 00:00:00-04:00,89.01000213623047,90.69999694824219,88.83000183105469,90.16000366210938,1853000,0.0,0.0
2023-11-03 00:00:00-04:00,91.80000305175781,93.2699966430664,89.98999786376953,90.06999969482422,2543100,0.0,0.0
2023-11-06 00:00:00-05:00,90.83999633789062,91.05000305175781,89.87000274658203,90.54000091552734,2907700,0.0,0.0
2023-11-07 00:00:00-05:00,90.55999755859375,90.58999633789062,89.37999725341797,89.4800033569336,2220500,0.0,0.0
2023-11-08 00:00:00-05:00,89.08000183105469,89.29000091552734,87.95999908447266,88.68000030517578,2820400,0.0,0.0
2023-11-09 00:00:00-05:00,88.94000244140625,89.88999938964844,88.69000244140625,89.25,3761600,0.0,0.0
2023-11-10 00:00:00-05:00,89.70999908447266,89.87999725341797,88.91000366210938,89.3499984741211,2497200,0.0,0.0
2023-11-13 00:00:00-05:00,89.25,89.52999877929688,87.98999786376953,88.37000274658203,2326400,0.0,0.0
2023-11-14 00:00:00-05:00,89.2699966430664,90.54000091552734,88.70999908447266,90.5,1883800,0.0,0.0
2023-11-15 00:00:00-05:00,90.12999725341797,91.5,90.12999725341797,90.55000305175781,2902300,0.0,0.0
2023-11-16 00:00:00-05:00,91.38999938964844,92.05999755859375,90.8499984741211,91.12999725341797,2012400,0.0,0.0
2023-11-17 00:00:00-05:00,91.62000274658203,91.81999969482422,90.81999969482422,91.36000061035156,1694000,0.0,0.0
2023-11-20 00:00:00-05:00,91.0,91.26000213623047,89.91000366210938,90.94000244140625,1559700,0.0,0.0
2023-11-21 00:00:00-05:00,91.02999877929688,91.1500015258789,90.16000366210938,90.48999786376953,1052200,0.0,0.0
2023-11-22 00:00:00-05:00,90.80000305175781,90.88999938964844,89.9800033569336,90.5199966430664,1682100,0.0,0.0
2023-11-24 00:00:00-05:00,90.66999816894531,91.0,90.05999755859375,90.95999908447266,504800,0.0,0.0
2023-11-27 00:00:00-05:00,91.01000213623047,91.19000244140625,90.19000244140625,90.66999816894531,1703300,0.0,0.0
2023-11-28 00:00:00-05:00,90.66999816894531,91.55999755859375,90.30000305175781,90.80000305175781,1402100,0.0,0.0
2023-11-29 00:00:00-05:00,90.83000183105469,91.3499984741211,89.62999725341797,89.94000244140625,2174500,0.0,0.0
2023-11-30 00:00:00-05:00,90.0999984741211,90.43000030517578,89.3499984741211,90.11000061035156,3843400,0.0,0.0
2023-12-01 00:00:00-05:00,90.31999969482422,91.68000030517578,89.77999877929688,91.68000030517578,1519100,0.0,0.0
2023-12-04 00:00:00-05:00,91.05999755859375,92.7699966430664,90.69999694824219,91.98999786376953,1872200,0.0,0.0
2023-12-05 00:00:00-05:00,92.0199966430664,92.26000213623047,90.91000366210938,91.19000244140625,1301100,0.0,0.0
2023-12-06 00:00:00-05:00,91.5999984741211,91.98999786376953,90.73999786376953,91.6500015258789,1260100,0.0,0.0
2023-12-07 00:00:00-05:00,92.02999877929688,93.16000366210938,91.30999755859375,92.44000244140625,3032800,0.0,0.0
2023-12-08 00:00:00-05:00,92.38999938964844,92.52999877929688,90.86000061035156,91.55000305175781,1910700,0.0,0.0
2023-12-11 00:00:00-05:00,91.25,91.9000015258789,90.77999877929688,91.87000274658203,1660800,0.0,0.0
2023-12-12 00:00:00-05:00,92.08999633789062,92.08999633789062,91.23999786376953,91.7300033569336,1351200,0.0,0.0
2023-12-13 00:00:00-05:00,91.91999816894531,94.33000183105469,91.38999938964844,94.01000213623047,1881500,0.0,0.0
2023-12-14 00:00:00-05:00,94.38999938964844,94.5999984741211,91.7699966430664,91.91000366210938,3229100,0.0,0.0
2023-12-15 00:00:00-05:00,91.5,91.5,89.22000122070312,89.8499984741211,4549500,0.0,0.0
2023-12-18 00:00:00-05:00,90.11000061035156,90.7699966430664,89.70999908447266,90.0,2183700,0.0,0.0
2023-12-19 00:00:00-05:00,90.12000274658203,90.55000305175781,89.73999786376953,90.30999755859375,1726000,0.0,0.0
2023-12-20 00:00:00-05:00,90.23999786376953,90.5,89.33000183105469,89.3499984741211,2498900,0.0,0.0
2023-12-21 00:00:00-05:00,89.44999694824219,90.20999908447266,88.5999984741211,89.20999908447266,1940600,0.0,0.0
2023-12-22 00:00:00-05:00,89.77999877929688,90.55000305175781,89.55000305175781,89.68000030517578,865600,0.0,0.0
2023-12-26 00:00:00-05:00,89.41000366210938,90.51000213623047,89.33000183105469,90.2699966430664,932300,0.0,0.0
2023-12-27 00:00:00-05:00,90.13999938964844,90.2699966430664,89.55000305175781,89.80000305175781,1333000,0.0,0.0
2023-12-28 00:00:00-05:00,89.6500015258789,90.7699966430664,89.62999725341797,90.6500015258789,1402500,0.0,0.0
2023-12-29 00:00:00-05:00,90.33999633789062,91.0,90.04000091552734,90.97000122070312,1305500,0.0,0.0
2024-01-02 00:00:00-05:00,90.69999694824219,92.55000305175781,90.55999755859375,92.41000366210938,1806900,0.0,0.0
2024-01-03 00:00:00-05:00,92.61000061035156,93.08000183105469,92.12000274658203,93.0,2014300,0.0,0.0
2024-01-04 00:00:00-05:00,93.48999786376953,94.0,92.9000015258789,93.25,1727100,0.0,0.0
2024-01-05 00:00:00-05:00,93.05000305175781,94.01000213623047,92.91999816894531,93.5199966430664,1972000,0.0,0.0
2024-01-08 00:00:00-05:00,93.41000366210938,93.87999725341797,93.06999969482422,93.80999755859375,1203500,0.0,0.0
2024-01-09 00:00:00-05:00,93.62999725341797,93.93000030517578,93.1500015258789,93.69999694824219,1291800,0.0,0.0
2024-01-10 00:00:00-05:00,93.52999877929688,94.77999877929688,93.37999725341797,94.31999969482422,1572400,0.0,0.0
2024-01-11 00:00:00-05:00,93.8499984741211,93.8499984741211,91.06999969482422,91.25,2045300,0.0,0.0
2024-01-12 00:00:00-05:00,91.77999877929688,92.0199966430664,91.2699966430664,91.62000274658203,2202500,0.0,0.0
2024-01-16 00:00:00-05:00,91.41000366210938,92.51000213623047,91.04000091552734,91.55999755859375,2038200,0.0,0.0
2024-01-17 00:00:00-05:00,91.05999755859375,92.37999725341797,89.93000030517578,90.55000305175781,1885300,0.0,0.0
2024-01-18 00:00:00-05:00,90.08999633789062,90.26000213623047,88.91999816894531,89.4000015258789,1682300,0.0,0.0
2024-01-19 00:00:00-05:00,89.37000274658203,90.12000274658203,88.83000183105469,89.86000061035156,1689900,0.0,0.0
2024-01-22 00:00:00-05:00,89.86000061035156,90.38999938964844,88.69000244140625,89.19999694824219,1678500,0.0,0.0
2024-01-23 00:00:00-05:00,89.05999755859375,89.52999877929688,88.52999877929688,89.12000274658203,1586100,0.0,0.0
2024-01-24 00:00:00-05:00,89.83000183105469,89.86000061035156,88.08000183105469,88.31999969482422,1932400,0.0,0.0
2024-01-25 00:00:00-05:00,89.13999938964844,89.72000122070312,88.37999725341797,89.66999816894531,1548400,0.0,0.0
2024-01-26 00:00:00-05:00,90.0,90.23999786376953,89.44000244140625,90.0199966430664,2218900,0.0,0.0
2024-01-29 00:00:00-05:00,90.0,91.12000274658203,89.58000183105469,90.58999633789062,2173300,0.0,0.0
2024-01-30 00:00:00-05:00,90.41999816894531,91.22000122070312,90.04000091552734,90.68000030517578,1550000,0.0,0.0
2024-01-31 00:00:00-05:00,91.4800033569336,91.7699966430664,90.33999633789062,90.9000015258789,3138200,0.0,0.0
2024-02-01 00:00:00-05:00,90.38999938964844,92.81999969482422,90.0,92.77999877929688,1625100,0.0,0.0
2024-02-02 00:00:00-05:00,92.02999877929688,92.31999969482422,90.18000030517578,91.0999984741211,1978400,0.0,0.0
2024-02-05 00:00:00-05:00,90.31999969482422,90.91000366210938,89.62000274658203,89.66999816894531,1852000,0.0,0.0
2024-02-06 00:00:00-05:00,89.33999633789062,90.37000274658203,89.20999908447266,89.7699966430664,1621500,0.0,0.0
2024-02-07 00:00:00-05:00,90.13999938964844,90.19000244140625,89.16000366210938,89.47000122070312,1413400,0.0,0.0
2024-02-08 00:00:00-05:00,89.06999969482422,89.4800033569336,88.11000061035156,88.66999816894531,1626500,0.0,0.0
2024-02-09 00:00:00-05:00,88.36000061035156,89.13999938964844,88.29000091552734,89.05999755859375,1457600,0.0,0.0
2024-02-12 00:00:00-05:00,89.08000183105469,89.55999755859375,88.44000244140625,89.44999694824219,1627300,0.0,0.0
2024-02-13 00:00:00-05:00,88.45999908447266,88.86000061035156,85.93000030517578,86.66999816894531,3513600,0.0,0.0
2024-02-14 00:00:00-05:00,87.04000091552734,87.41000366210938,86.44999694824219,86.83999633789062,2413000,0.0,0.0
2024-02-15 00:00:00-05:00,87.0199966430664,88.36000061035156,86.87999725341797,88.22000122070312,2168500,0.0,0.0
2024-02-16 00:00:00-05:00,87.55000305175781,88.37999725341797,86.7300033569336,87.31999969482422,2949300,0.0,0.0
2024-02-20 00:00:00-05:00,87.43000030517578,88.66999816894531,87.02999877929688,87.58000183105469,1974500,0.0,0.0
2024-02-21 00:00:00-05:00,88.11000061035156,88.79000091552734,87.72000122070312,88.61000061035156,1747200,0.0,0.0
2024-02-22 00:00:00-05:00,87.91000366210938,88.20999908447266,86.7300033569336,87.91000366210938,1628800,0.0,0.0
2024-02-23 00:00:00-05:00,88.08999633789062,88.8499984741211,87.69999694824219,87.93000030517578,1190700,0.0,0.0
2024-02-26 00:00:00-05:00,87.70999908447266,87.76000213623047,86.08999633789062,86.20999908447266,1562900,0.0,0.0
2024-02-27 00:00:00-05:00,86.52999877929688,87.18000030517578,86.16000366210938,86.87999725341797,1159000,0.0,0.0
2024-02-28 00:00:00-05:00,86.8499984741211,87.27999877929688,86.44999694824219,86.6500015258789,1185500,0.0,0.0
2024-02-29 00:00:00-05:00,87.02999877929688,87.73999786376953,86.6500015258789,87.20999908447266,2803400,0.0,0.0
2024-03-01 00:00:00-05:00,86.98999786376953,87.11000061035156,85.8499984741211,87.01000213623047,1572000,0.0,0.0
2024-03-04 00:00:00-05:00,86.55999755859375,89.4000015258789,86.55999755859375,89.12999725341797,1960800,0.0,0.0
2024-03-05 00:00:00-05:00,89.55000305175781,90.79000091552734,88.66000366210938,88.98999786376953,2037200,0.0,0.0
2024-03-06 00:00:00-05:00,89.55999755859375,90.27999877929688,89.44000244140625,89.8499984741211,1436700,0.0,0.0
2024-03-07 00:00:00-05:00,90.76000213623047,90.91999816894531,89.7300033569336,89.94000244140625,1007900,0.0,0.0
2024-03-08 00:00:00-05:00,90.16999816894531,90.33999633789062,89.16999816894531,90.12000274658203,1072800,0.0,0.0
2024-03-11 00:00:00-04:00,90.16999816894531,91.0,89.75,90.80000305175781,1197200,0.0,0.0
2024-03-12 00:00:00-04:00,90.37000274658203,91.05999755859375,89.91000366210938,89.93000030517578,1316800,0.0,0.0
2024-03-13 00:00:00-04:00,90.4000015258789,91.0999984741211,89.44000244140625,89.56999969482422,1673600,0.0,0.0
2024-03-14 00:00:00-04:00,89.19999694824219,89.54000091552734,88.04000091552734,88.66999816894531,1450300,0.0,0.0
2024-03-15 00:00:00-04:00,88.05000305175781,89.22000122070312,88.05000305175781,88.94000244140625,3462300,0.0,0.0
2024-03-18 00:00:00-04:00,88.80000305175781,89.36000061035156,88.44000244140625,88.98999786376953,1355000,0.0,0.0
2024-03-19 00:00:00-04:00,89.38999938964844,89.80000305175781,88.77999877929688,89.70999908447266,1507600,0.0,0.0
2024-03-20 00:00:00-04:00,89.44000244140625,90.20999908447266,88.62000274658203,89.04000091552734,1545700,0.0,0.0
2024-03-21 00:00:00-04:00,89.23999786376953,89.7300033569336,88.61000061035156,88.6500015258789,2162900,0.0,0.0
2024-03-22 00:00:00-04:00,89.1500015258789,89.3499984741211,88.37999725341797,88.5999984741211,1507500,0.0,0.0
2024-03-25 00:00:00-04:00,88.75,89.04000091552734,88.0,88.5,1163700,0.0,0.0
2024-03-26 00:00:00-04:00,88.44000244140625,88.52999877929688,87.16000366210938,87.44999694824219,1412000,0.0,0.0
2024-03-27 00:00:00-04:00,87.91999816894531,90.08999633789062,87.91999816894531,90.05000305175781,1935200,0.0,0.0
2024-03-28 00:00:00-04:00,90.20999908447266,90.9000015258789,89.79000091552734,90.80999755859375,1785800,0.0,0.0
2024-04-01 00:00:00-04:00,90.79000091552734,90.91999816894531,89.68000030517578,90.33000183105469,1109600,0.0,0.0
2024-04-02 00:00:00-04:00,90.41000366210938,91.7300033569336,90.41000366210938,90.5999984741211,1829400,0.0,0.0
2024-04-03 00:00:00-04:00,90.54000091552734,90.86000061035156,89.79000091552734,89.88999938964844,1404600,0.0,0.0
2024-04-04 00:00:00-04:00,90.48999786376953,90.7300033569336,89.36000061035156,90.19000244140625,1667000,0.0,0.0
2024-04-05 00:00:00-04:00,89.66999816894531,90.01000213623047,88.88999938964844,89.6500015258789,1737900,0.0,0.0
2024-04-08 00:00:00-04:00,89.69000244140625,90.7699966430664,89.48999786376953,90.5999984741211,1437900,0.0,0.0
2024-04-09 00:00:00-04:00,90.77999877929688,91.16000366210938,90.3499984741211,91.12999725341797,1184100,0.0,0.0
2024-04-10 00:00:00-04:00,89.51000213623047,89.75,88.30000305175781,88.88999938964844,1623500,0.0,0.0
2024-04-11 00:00:00-04:00,89.38999938964844,89.38999938964844,88.13999938964844,88.55000305175781,1325800,0.0,0.0
2024-04-12 00:00:00-04:00,88.73999786376953,89.33000183105469,88.0199966430664,88.62999725341797,1392700,0.0,0.0
2024-04-15 00:00:00-04:00,89.77999877929688,90.2300033569336,88.80999755859375,89.31999969482422,3518000,0.0,0.0
2024-04-16 00:00:00-04:00,89.04000091552734,89.2699966430664,87.4000015258789,87.41999816894531,2098200,0.0,0.0
2024-04-17 00:00:00-04:00,88.0199966430664,90.52999877929688,87.8499984741211,90.33000183105469,2923100,0.0,0.0
2024-04-18 00:00:00-04:00,90.66000366210938,91.18000030517578,89.66999816894531,90.9000015258789,2528800,0.0,0.0
2024-04-19 00:00:00-04:00,91.41000366210938,92.52999877929688,91.12999725341797,91.7699966430664,7398300,0.0,0.0
2024-04-22 00:00:00-04:00,91.45999908447266,92.86000061035156,91.25,92.7300033569336,1818300,0.0,0.0
2024-04-23 00:00:00-04:00,92.37000274658203,93.37999725341797,92.25,92.83999633789062,1843800,0.0,0.0
2024-04-24 00:00:00-04:00,92.05000305175781,93.75,91.31999969482422,93.43000030517578,2001700,0.0,0.0
2024-04-25 00:00:00-04:00,93.43000030517578,94.36000061035156,92.69000244140625,94.11000061035156,2191500,0.0,0.0
2024-04-26 00:00:00-04:00,94.11000061035156,94.37999725341797,92.93000030517578,92.93000030517578,1418600,0.0,0.0
2024-04-29 00:00:00-04:00,93.30999755859375,94.18000030517578,93.30999755859375,93.97000122070312,1146300,0.0,0.0
2024-04-30 00:00:00-04:00,93.30999755859375,94.86000061035156,92.77999877929688,94.4000015258789,3732000,0.0,0.0
2024-05-01 00:00:00-04:00,94.05000305175781,95.44000244140625,93.77999877929688,94.80000305175781,2372900,0.0,0.0
2024-05-02 00:00:00-04:00,95.0999984741211,95.62000274658203,94.45999908447266,95.25,1991600,0.0,0.0
2024-05-03 00:00:00-04:00,96.0,96.76000213623047,94.97000122070312,95.55999755859375,2465200,0.0,0.0
2024-05-06 00:00:00-04:00,95.63999938964844,96.26000213623047,95.06999969482422,96.12999725341797,2071500,0.0,0.0
2024-05-07 00:00:00-04:00,96.73999786376953,97.55999755859375,95.91000366210938,97.5,2029800,0.0,0.0
2024-05-08 00:00:00-04:00,97.33999633789062,98.12000274658203,96.63999938964844,97.56999969482422,2179700,0.0,0.0
2024-05-09 00:00:00-04:00,97.55000305175781,98.25,96.95999908447266,98.12000274658203,1613200,0.0,0.0
2024-05-10 00:00:00-04:00,98.44000244140625,98.55000305175781,97.5999984741211,97.69999694824219,1688500,0.0,0.0
2024-05-13 00:00:00-04:00,97.69999694824219,98.47000122070312,97.55000305175781,97.63999938964844,1558000,0.0,0.0
2024-05-14 00:00:00-04:00,97.30000305175781,97.43000030517578,96.0199966430664,96.63999938964844,1723400,0.0,0.0
2024-05-15 00:00:00-04:00,97.48999786376953,97.68000030517578,96.66999816894531,96.91000366210938,1749100,0.0,0.0
2024-05-16 00:00:00-04:00,96.95999908447266,97.30999755859375,96.55000305175781,96.91000366210938,2388200,0.0,0.0
2024-05-17 00:00:00-04:00,97.04000091552734,97.16999816894531,96.38999938964844,97.0999984741211,1570700,0.0,0.0
2024-05-20 00:00:00-04:00,97.22000122070312,97.23999786376953,96.44000244140625,96.51000213623047,1224500,0.0,0.0
2024-05-21 00:00:00-04:00,96.62999725341797,97.19999694824219,95.87000274658203,96.33999633789062,1516000,0.0,0.0
2024-05-22 00:00:00-04:00,96.13999938964844,98.11000061035156,95.79000091552734,96.12999725341797,3657500,0.0,0.0
2024-05-23 00:00:00-04:00,95.36000061035156,95.76000213623047,93.73999786376953,93.87000274658203,2056700,0.0,0.0
2024-05-24 00:00:00-04:00,94.0999984741211,94.5999984741211,93.72000122070312,94.43000030517578,1639100,0.0,0.0
2024-05-28 00:00:00-04:00,94.2300033569336,95.31999969482422,93.12999725341797,93.20999908447266,2168800,0.0,0.0
2024-05-29 00:00:00-04:00,92.70999908447266,92.91999816894531,91.87000274658203,91.91000366210938,2013500,0.0,0.0
2024-05-30 00:00:00-04:00,92.36000061035156,92.77999877929688,92.16999816894531,92.44999694824219,1929600,0.0,0.0
2024-05-31 00:00:00-04:00,92.83000183105469,94.87999725341797,92.7699966430664,94.55000305175781,7907600,0.0,0.0
2024-06-03 00:00:00-04:00,94.55000305175781,95.20999908447266,93.44000244140625,93.68000030517578,2211800,0.0,0.0
2024-06-04 00:00:00-04:00,93.41000366210938,94.16000366210938,92.80000305175781,93.72000122070312,3445900,0.0,0.0
2024-06-05 00:00:00-04:00,93.55999755859375,93.6500015258789,92.23999786376953,92.5999984741211,2129700,0.0,0.0
2024-06-06 00:00:00-04:00,92.37999725341797,92.91000366210938,91.72000122070312,91.88999938964844,1416800,0.0,0.0
2024-06-07 00:00:00-04:00,91.02999877929688,92.08000183105469,90.98999786376953,91.61000061035156,1312300,0.0,0.0
2024-06-10 00:00:00-04:00,91.37000274658203,92.36000061035156,91.08000183105469,92.31999969482422,1803600,0.0,0.0
2024-06-11 00:00:00-04:00,91.68000030517578,92.16999816894531,91.11000061035156,91.75,1315600,0.0,0.0
2024-06-12 00:00:00-04:00,92.55000305175781,92.69999694824219,90.68000030517578,91.13999938964844,1333400,0.0,0.0
2024-06-13 00:00:00-04:00,91.26000213623047,91.48999786376953,90.16999816894531,90.61000061035156,1598000,0.0,0.0
2024-06-14 00:00:00-04:00,90.2699966430664,91.30000305175781,90.05000305175781,90.87000274658203,1258500,0.0,0.0
2024-06-17 00:00:00-04:00,90.38999938964844,91.01000213623047,90.0999984741211,90.6500015258789,1401200,0.0,0.0
2024-06-18 00:00:00-04:00,90.44999694824219,90.94000244140625,89.75,90.38999938964844,1336400,0.0,0.0
2024-06-20 00:00:00-04:00,90.55000305175781,91.22000122070312,90.26000213623047,90.52999877929688,1383800,0.0,0.0
2024-06-21 00:00:00-04:00,90.6500015258789,91.44999694824219,90.30999755859375,90.33999633789062,3202300,0.0,0.0
2024-06-24 00:00:00-04:00,90.47000122070312,91.81999969482422,90.41999816894531,91.2699966430664,1441200,0.0,0.0
2024-06-25 00:00:00-04:00,91.05999755859375,91.13999938964844,89.27999877929688,89.38999938964844,1531300,0.0,0.0
2024-06-26 00:00:00-04:00,88.91999816894531,89.83000183105469,88.5199966430664,89.66999816894531,1838700,0.0,0.0
2024-06-27 00:00:00-04:00,89.6500015258789,89.9000015258789,89.26000213623047,89.68000030517578,1258100,0.0,0.0
2024-06-28 00:00:00-04:00,89.97000122070312,89.9800033569336,88.7699966430664,89.41999816894531,2647300,0.0,0.0
2024-07-01 00:00:00-04:00,89.76000213623047,90.08000183105469,88.55999755859375,88.80999755859375,1145100,0.0,0.0
2024-07-02 00:00:00-04:00,88.9800033569336,89.2699966430664,88.7300033569336,88.97000122070312,1128200,0.0,0.0
2024-07-03 00:00:00-04:00,88.94999694824219,89.55999755859375,88.55000305175781,88.70999908447266,922400,0.0,0.0
2024-07-05 00:00:00-04:00,88.80000305175781,89.5999984741211,88.4800033569336,89.2699966430664,1551100,0.0,0.0
2024-07-08 00:00:00-04:00,89.27999877929688,89.37999725341797,88.31999969482422,88.41999816894531,1169400,0.0,0.0
2024-07-09 00:00:00-04:00,88.30000305175781,89.2300033569336,88.20999908447266,88.8499984741211,1589200,0.0,0.0
2024-07-10 00:00:00-04:00,89.18000030517578,90.0,88.6500015258789,89.87000274658203,1188400,0.0,0.0
2024-07-11 00:00:00-04:00,90.16999816894531,91.69999694824219,89.80000305175781,91.45999908447266,1345700,0.0,0.0
2024-07-12 00:00:00-04:00,91.88999938964844,92.55999755859375,91.58000183105469,92.19000244140625,1222900,0.0,0.0
2024-07-15 00:00:00-04:00,91.66000366210938,91.86000061035156,90.18000030517578,90.26000213623047,1490200,0.0,0.0
2024-07-16 00:00:00-04:00,90.79000091552734,91.58000183105469,90.30000305175781,91.55000305175781,1526600,0.0,0.0
2024-07-17 00:00:00-04:00,91.97000122070312,94.2300033569336,91.5999984741211,93.76000213623047,2039300,0.0,0.0
2024-07-18 00:00:00-04:00,93.38999938964844,95.08000183105469,93.38999938964844,94.11000061035156,2135700,0.0,0.0
2024-07-19 00:00:00-04:00,94.56999969482422,94.62999725341797,93.58999633789062,94.04000091552734,1809600,0.0,0.0
2024-07-22 00:00:00-04:00,93.0999984741211,94.7300033569336,93.0199966430664,94.63999938964844,1547900,0.0,0.0
2024-07-23 00:00:00-04:00,94.44000244140625,94.44000244140625,93.22000122070312,93.25,1245700,0.0,0.0
2024-07-24 00:00:00-04:00,94.0,95.91999816894531,93.70999908447266,95.87999725341797,2179800,0.0,0.0
2024-07-25 00:00:00-04:00,96.44999694824219,97.81999969482422,95.5,95.91999816894531,1920800,0.0,0.0
2024-07-26 00:00:00-04:00,96.18000030517578,97.0199966430664,95.95999908447266,96.44000244140625,1438800,0.0,0.0
2024-07-29 00:00:00-04:00,96.62999725341797,97.08999633789062,96.0,96.87000274658203,1320200,0.0,0.0
2024-07-30 00:00:00-04:00,96.79000091552734,98.37999725341797,96.66999816894531,98.16000366210938,1127000,0.0,0.0
2024-07-31 00:00:00-04:00,98.23999786376953,98.23999786376953,97.05000305175781,97.5199966430664,1623400,0.0,0.0
2024-08-01 00:00:00-04:00,98.13999938964844,100.26000213623047,97.37999725341797,100.20999908447266,2409300,0.0,0.0
2024-08-02 00:00:00-04:00,103.1500015258789,105.98999786376953,100.05999755859375,101.83000183105469,4425800,0.0,0.0
2024-08-05 00:00:00-04:00,102.8499984741211,103.37999725341797,100.56999969482422,100.69999694824219,2846300,0.0,0.0
2024-08-06 00:00:00-04:00,100.69999694824219,102.16999816894531,100.69999694824219,100.88999938964844,1956400,0.0,0.0
2024-08-07 00:00:00-04:00,101.0,102.22000122070312,100.19000244140625,101.19000244140625,2139800,0.0,0.0
2024-08-08 00:00:00-04:00,100.62999725341797,101.47000122070312,100.11000061035156,100.5,1784600,0.0,0.0
2024-08-09 00:00:00-04:00,100.58999633789062,101.12999725341797,99.20999908447266,101.0199966430664,1512900,0.0,0.0
2024-08-12 00:00:00-04:00,100.73999786376953,101.9800033569336,100.5,101.94000244140625,1238400,0.0,0.0
2024-08-13 00:00:00-04:00,102.0199966430664,102.62999725341797,101.33000183105469,101.5999984741211,1505700,0.0,0.0
2024-08-14 00:00:00-04:00,100.30999755859375,101.48999786376953,99.87999725341797,100.86000061035156,1639200,0.0,0.0
2024-08-15 00:00:00-04:00,99.9000015258789,100.47000122070312,98.63999938964844,99.2300033569336,2757400,0.0,0.0
2024-08-16 00:00:00-04:00,99.5,100.51000213623047,98.9800033569336,100.0999984741211,1684800,0.0,0.0
