Date,Open,High,Low,Close,Volume,Dividends,Stock Splits
2021-03-29 00:00:00-04:00,9.649999618530273,9.649999618530273,9.649999618530273,9.649999618530273,100,0.0,0.0
2021-03-30 00:00:00-04:00,9.800000190734863,9.800000190734863,9.579999923706055,9.65999984741211,3400,0.0,0.0
2021-03-31 00:00:00-04:00,9.649999618530273,9.699999809265137,9.649999618530273,9.699999809265137,9100,0.0,0.0
2021-04-01 00:00:00-04:00,9.75,9.821000099182129,9.739999771118164,9.75,35800,0.0,0.0
2021-04-05 00:00:00-04:00,9.710000038146973,9.84000015258789,9.710000038146973,9.758000373840332,4500,0.0,0.0
2021-04-06 00:00:00-04:00,9.720000267028809,9.890000343322754,9.699999809265137,9.729999542236328,25300,0.0,0.0
2021-04-07 00:00:00-04:00,9.779999732971191,9.800000190734863,9.779999732971191,9.779999732971191,1700,0.0,0.0
2021-04-08 00:00:00-04:00,9.848999977111816,9.848999977111816,9.779999732971191,9.800000190734863,5400,0.0,0.0
2021-04-09 00:00:00-04:00,9.920000076293945,10.149999618530273,9.829999923706055,9.989999771118164,31800,0.0,0.0
2021-04-12 00:00:00-04:00,10.069999694824219,10.069999694824219,9.869999885559082,9.869999885559082,57400,0.0,0.0
2021-04-13 00:00:00-04:00,9.859999656677246,9.859999656677246,9.819999694824219,9.819999694824219,34000,0.0,0.0
2021-04-14 00:00:00-04:00,9.84000015258789,9.850000381469727,9.800000190734863,9.845000267028809,80700,0.0,0.0
2021-04-15 00:00:00-04:00,9.84000015258789,9.854999542236328,9.8100004196167,9.833000183105469,10200,0.0,0.0
2021-04-16 00:00:00-04:00,10.050000190734863,10.050000190734863,9.819999694824219,9.869000434875488,19000,0.0,0.0
2021-04-19 00:00:00-04:00,9.75,9.850000381469727,9.75,9.850000381469727,21600,0.0,0.0
2021-04-20 00:00:00-04:00,9.800000190734863,9.835000038146973,9.75,9.819999694824219,24100,0.0,0.0
2021-04-21 00:00:00-04:00,9.800000190734863,9.819999694824219,9.789999961853027,9.819999694824219,9400,0.0,0.0
2021-04-22 00:00:00-04:00,9.75,9.8100004196167,9.75,9.779999732971191,11100,0.0,0.0
2021-04-23 00:00:00-04:00,9.739999771118164,9.899999618530273,9.739999771118164,9.899999618530273,36500,0.0,0.0
2021-04-26 00:00:00-04:00,9.899999618530273,9.90999984741211,9.850000381469727,9.869999885559082,34700,0.0,0.0
2021-04-27 00:00:00-04:00,9.869999885559082,9.869999885559082,9.760000228881836,9.829999923706055,12500,0.0,0.0
2021-04-28 00:00:00-04:00,9.829999923706055,9.829999923706055,9.8149995803833,9.8149995803833,1200,0.0,0.0
2021-04-29 00:00:00-04:00,9.8100004196167,9.8100004196167,9.713000297546387,9.8100004196167,10800,0.0,0.0
2021-04-30 00:00:00-04:00,9.800000190734863,9.800000190734863,9.75,9.760000228881836,9300,0.0,0.0
2021-05-03 00:00:00-04:00,9.760000228881836,9.789999961853027,9.739999771118164,9.770000457763672,17600,0.0,0.0
2021-05-04 00:00:00-04:00,9.770000457763672,9.770000457763672,9.739999771118164,9.760000228881836,38500,0.0,0.0
2021-05-05 00:00:00-04:00,9.760000228881836,9.789999961853027,9.729999542236328,9.789999961853027,21100,0.0,0.0
2021-05-06 00:00:00-04:00,9.75,9.800000190734863,9.75,9.800000190734863,8100,0.0,0.0
2021-05-07 00:00:00-04:00,9.784000396728516,9.784000396728516,9.732000350952148,9.779999732971191,28700,0.0,0.0
2021-05-10 00:00:00-04:00,9.779999732971191,9.789999961853027,9.739999771118164,9.770000457763672,44100,0.0,0.0
2021-05-11 00:00:00-04:00,9.739999771118164,9.770000457763672,9.699999809265137,9.699999809265137,234700,0.0,0.0
2021-05-12 00:00:00-04:00,9.699999809265137,9.789999961853027,9.6899995803833,9.779999732971191,73800,0.0,0.0
2021-05-13 00:00:00-04:00,9.779999732971191,9.779999732971191,9.729999542236328,9.729999542236328,253600,0.0,0.0
2021-05-14 00:00:00-04:00,9.720000267028809,9.729999542236328,9.699999809265137,9.729999542236328,47100,0.0,0.0
2021-05-17 00:00:00-04:00,9.720999717712402,9.720999717712402,9.699999809265137,9.710000038146973,4300,0.0,0.0
2021-05-18 00:00:00-04:00,9.710000038146973,9.710000038146973,9.710000038146973,9.710000038146973,0,0.0,0.0
2021-05-19 00:00:00-04:00,9.880000114440918,9.949999809265137,9.710000038146973,9.710000038146973,258000,0.0,0.0
2021-05-20 00:00:00-04:00,9.6899995803833,9.699999809265137,9.640000343322754,9.640000343322754,6800,0.0,0.0
2021-05-21 00:00:00-04:00,9.630000114440918,9.850000381469727,9.630000114440918,9.630000114440918,50000,0.0,0.0
2021-05-24 00:00:00-04:00,9.649999618530273,9.6899995803833,9.630000114440918,9.6899995803833,357700,0.0,0.0
2021-05-25 00:00:00-04:00,9.699999809265137,9.699999809265137,9.670000076293945,9.680000305175781,27400,0.0,0.0
2021-05-26 00:00:00-04:00,9.699999809265137,9.729999542236328,9.649999618530273,9.65999984741211,25900,0.0,0.0
2021-05-27 00:00:00-04:00,9.65999984741211,9.694999694824219,9.65999984741211,9.680000305175781,79300,0.0,0.0
2021-05-28 00:00:00-04:00,9.699999809265137,9.699999809265137,9.670000076293945,9.680000305175781,11000,0.0,0.0
2021-06-01 00:00:00-04:00,9.760000228881836,9.760000228881836,9.699999809265137,9.699999809265137,60400,0.0,0.0
2021-06-02 00:00:00-04:00,9.699999809265137,9.729999542236328,9.6899995803833,9.729999542236328,20100,0.0,0.0
2021-06-03 00:00:00-04:00,9.65999984741211,9.760000228881836,9.65999984741211,9.760000228881836,24900,0.0,0.0
2021-06-04 00:00:00-04:00,9.75,9.760000228881836,9.739999771118164,9.75,11000,0.0,0.0
2021-06-07 00:00:00-04:00,9.720000267028809,9.75,9.720000267028809,9.739999771118164,9200,0.0,0.0
2021-06-08 00:00:00-04:00,9.729999542236328,9.729999542236328,9.720000267028809,9.722000122070312,2800,0.0,0.0
2021-06-09 00:00:00-04:00,9.722000122070312,9.722000122070312,9.722000122070312,9.722000122070312,0,0.0,0.0
2021-06-10 00:00:00-04:00,9.770000457763672,9.90999984741211,9.75,9.779999732971191,53800,0.0,0.0
2021-06-11 00:00:00-04:00,9.800000190734863,9.800000190734863,9.760000228881836,9.770000457763672,1500,0.0,0.0
2021-06-14 00:00:00-04:00,9.75,9.770000457763672,9.75,9.770000457763672,3900,0.0,0.0
2021-06-15 00:00:00-04:00,9.800000190734863,9.800000190734863,9.75,9.789999961853027,22000,0.0,0.0
2021-06-16 00:00:00-04:00,9.770000457763672,9.800000190734863,9.770000457763672,9.789999961853027,9100,0.0,0.0
2021-06-17 00:00:00-04:00,9.760000228881836,9.770000457763672,9.760000228881836,9.760000228881836,2100,0.0,0.0
2021-06-18 00:00:00-04:00,9.75,9.779999732971191,9.75,9.779999732971191,36900,0.0,0.0
2021-06-21 00:00:00-04:00,9.850000381469727,9.850000381469727,9.770000457763672,9.779999732971191,20600,0.0,0.0
2021-06-22 00:00:00-04:00,9.770000457763672,9.800000190734863,9.760000228881836,9.800000190734863,35200,0.0,0.0
2021-06-23 00:00:00-04:00,9.770000457763672,9.779999732971191,9.770000457763672,9.779999732971191,2100,0.0,0.0
2021-06-24 00:00:00-04:00,9.710000038146973,9.779999732971191,9.710000038146973,9.779999732971191,3700,0.0,0.0
2021-06-25 00:00:00-04:00,9.729999542236328,9.739999771118164,9.729999542236328,9.729999542236328,4400,0.0,0.0
2021-06-28 00:00:00-04:00,9.710000038146973,9.75,9.710000038146973,9.75,20400,0.0,0.0
2021-06-29 00:00:00-04:00,9.84000015258789,9.84000015258789,9.710000038146973,9.75,43700,0.0,0.0
2021-06-30 00:00:00-04:00,9.760000228881836,9.760000228881836,9.75,9.75,10200,0.0,0.0
2021-07-01 00:00:00-04:00,9.739999771118164,9.779999732971191,9.739999771118164,9.779999732971191,28500,0.0,0.0
2021-07-02 00:00:00-04:00,9.760000228881836,9.779999732971191,9.739999771118164,9.770000457763672,42500,0.0,0.0
2021-07-06 00:00:00-04:00,9.760000228881836,9.760000228881836,9.680000305175781,9.720000267028809,37800,0.0,0.0
2021-07-07 00:00:00-04:00,9.699999809265137,9.75,9.699999809265137,9.75,28000,0.0,0.0
2021-07-08 00:00:00-04:00,9.729999542236328,9.739999771118164,9.699999809265137,9.739999771118164,24900,0.0,0.0
2021-07-09 00:00:00-04:00,9.722000122070312,9.722000122070312,9.710000038146973,9.710000038146973,9800,0.0,0.0
2021-07-12 00:00:00-04:00,9.710000038146973,9.710000038146973,9.710000038146973,9.710000038146973,45100,0.0,0.0
2021-07-13 00:00:00-04:00,9.710000038146973,9.720000267028809,9.710000038146973,9.720000267028809,2800,0.0,0.0
2021-07-14 00:00:00-04:00,9.710000038146973,9.720000267028809,9.699999809265137,9.720000267028809,3900,0.0,0.0
2021-07-15 00:00:00-04:00,9.729999542236328,9.729999542236328,9.692000389099121,9.710000038146973,15000,0.0,0.0
2021-07-16 00:00:00-04:00,9.710000038146973,9.710000038146973,9.710000038146973,9.710000038146973,0,0.0,0.0
2021-07-19 00:00:00-04:00,9.710000038146973,9.710000038146973,9.699999809265137,9.710000038146973,62800,0.0,0.0
2021-07-20 00:00:00-04:00,9.710000038146973,9.710000038146973,9.699999809265137,9.699999809265137,1700,0.0,0.0
2021-07-21 00:00:00-04:00,9.699999809265137,9.699999809265137,9.699999809265137,9.699999809265137,0,0.0,0.0
2021-07-22 00:00:00-04:00,9.699999809265137,9.720000267028809,9.699999809265137,9.720000267028809,14800,0.0,0.0
2021-07-23 00:00:00-04:00,9.710000038146973,9.720000267028809,9.710000038146973,9.720000267028809,5500,0.0,0.0
2021-07-26 00:00:00-04:00,9.720000267028809,9.720000267028809,9.710000038146973,9.710000038146973,32700,0.0,0.0
2021-07-27 00:00:00-04:00,9.699999809265137,9.710000038146973,9.680000305175781,9.699999809265137,3000,0.0,0.0
2021-07-28 00:00:00-04:00,9.6899995803833,9.729999542236328,9.680000305175781,9.729999542236328,12000,0.0,0.0
2021-07-29 00:00:00-04:00,9.670000076293945,9.670000076293945,9.670000076293945,9.670000076293945,400,0.0,0.0
2021-07-30 00:00:00-04:00,9.649999618530273,9.720000267028809,9.649999618530273,9.720000267028809,11100,0.0,0.0
2021-08-02 00:00:00-04:00,9.75,9.75,9.670000076293945,9.710000038146973,117300,0.0,0.0
2021-08-03 00:00:00-04:00,9.649999618530273,9.6899995803833,9.649999618530273,9.6899995803833,2600,0.0,0.0
2021-08-04 00:00:00-04:00,9.6899995803833,9.710000038146973,9.670000076293945,9.699999809265137,22300,0.0,0.0
2021-08-05 00:00:00-04:00,9.649999618530273,9.680000305175781,9.614999771118164,9.670000076293945,25700,0.0,0.0
2021-08-06 00:00:00-04:00,9.670000076293945,9.670999526977539,9.65999984741211,9.65999984741211,33200,0.0,0.0
2021-08-09 00:00:00-04:00,9.6899995803833,9.699999809265137,9.65999984741211,9.65999984741211,78900,0.0,0.0
2021-08-10 00:00:00-04:00,9.65999984741211,9.670000076293945,9.649999618530273,9.649999618530273,11900,0.0,0.0
2021-08-11 00:00:00-04:00,9.649999618530273,9.670000076293945,9.649999618530273,9.65999984741211,28300,0.0,0.0
2021-08-12 00:00:00-04:00,9.65999984741211,9.65999984741211,9.65999984741211,9.65999984741211,600,0.0,0.0
2021-08-13 00:00:00-04:00,9.649999618530273,9.680000305175781,9.649999618530273,9.649999618530273,4700,0.0,0.0
2021-08-16 00:00:00-04:00,9.649999618530273,9.649999618530273,9.640000343322754,9.640000343322754,8700,0.0,0.0
2021-08-17 00:00:00-04:00,9.640000343322754,9.680000305175781,9.640000343322754,9.680000305175781,2000,0.0,0.0
2021-08-18 00:00:00-04:00,9.651000022888184,9.651000022888184,9.649999618530273,9.649999618530273,1800,0.0,0.0
2021-08-19 00:00:00-04:00,9.649999618530273,9.649999618530273,9.640000343322754,9.649999618530273,36300,0.0,0.0
2021-08-20 00:00:00-04:00,9.630000114440918,9.630000114440918,9.619999885559082,9.619999885559082,900,0.0,0.0
2021-08-23 00:00:00-04:00,9.619999885559082,9.6899995803833,9.619999885559082,9.670000076293945,17600,0.0,0.0
2021-08-24 00:00:00-04:00,9.649999618530273,9.649999618530273,9.630000114440918,9.640000343322754,26800,0.0,0.0
2021-08-25 00:00:00-04:00,9.680000305175781,9.6899995803833,9.640000343322754,9.670000076293945,6200,0.0,0.0
2021-08-26 00:00:00-04:00,9.640000343322754,9.640000343322754,9.640000343322754,9.640000343322754,200,0.0,0.0
2021-08-27 00:00:00-04:00,9.65999984741211,9.65999984741211,9.649999618530273,9.649999618530273,42600,0.0,0.0
2021-08-30 00:00:00-04:00,9.630000114440918,9.6899995803833,9.609999656677246,9.652000427246094,29700,0.0,0.0
2021-08-31 00:00:00-04:00,9.649999618530273,9.6899995803833,9.645999908447266,9.6899995803833,21900,0.0,0.0
2021-09-01 00:00:00-04:00,9.65999984741211,9.699999809265137,9.65999984741211,9.680000305175781,58100,0.0,0.0
2021-09-02 00:00:00-04:00,9.670000076293945,9.699999809265137,9.670000076293945,9.680000305175781,19300,0.0,0.0
2021-09-03 00:00:00-04:00,9.680000305175781,9.699999809265137,9.680000305175781,9.680000305175781,8000,0.0,0.0
2021-09-07 00:00:00-04:00,9.670000076293945,9.729999542236328,9.630000114440918,9.729999542236328,580300,0.0,0.0
2021-09-08 00:00:00-04:00,9.704999923706055,9.720000267028809,9.65999984741211,9.6899995803833,124100,0.0,0.0
2021-09-09 00:00:00-04:00,9.859999656677246,9.880000114440918,9.829999923706055,9.829999923706055,9570100,0.0,0.0
2021-09-10 00:00:00-04:00,9.850000381469727,9.880000114440918,9.84000015258789,9.850000381469727,448700,0.0,0.0
2021-09-13 00:00:00-04:00,9.850000381469727,9.960000038146973,9.850000381469727,9.859999656677246,313000,0.0,0.0
2021-09-14 00:00:00-04:00,9.880000114440918,9.899999618530273,9.850000381469727,9.890000343322754,566300,0.0,0.0
2021-09-15 00:00:00-04:00,9.899999618530273,9.90999984741211,9.869999885559082,9.899999618530273,665300,0.0,0.0
2021-09-16 00:00:00-04:00,9.880000114440918,9.904999732971191,9.880000114440918,9.899999618530273,200700,0.0,0.0
2021-09-17 00:00:00-04:00,9.890000343322754,9.930000305175781,9.866000175476074,9.890000343322754,58500,0.0,0.0
2021-09-20 00:00:00-04:00,9.890000343322754,9.90999984741211,9.850000381469727,9.850000381469727,50500,0.0,0.0
2021-09-21 00:00:00-04:00,9.859999656677246,9.90999984741211,9.859999656677246,9.890000343322754,75500,0.0,0.0
2021-09-22 00:00:00-04:00,9.90999984741211,9.90999984741211,9.859999656677246,9.869999885559082,122000,0.0,0.0
2021-09-23 00:00:00-04:00,9.899999618530273,9.899999618530273,9.859999656677246,9.890000343322754,19200,0.0,0.0
2021-09-24 00:00:00-04:00,9.890000343322754,9.890000343322754,9.859999656677246,9.880000114440918,110400,0.0,0.0
2021-09-27 00:00:00-04:00,9.899999618530273,9.899999618530273,9.859999656677246,9.869999885559082,449000,0.0,0.0
2021-09-28 00:00:00-04:00,9.899999618530273,9.899999618530273,9.859999656677246,9.890000343322754,22100,0.0,0.0
2021-09-29 00:00:00-04:00,9.880000114440918,9.880000114440918,9.850000381469727,9.880000114440918,155400,0.0,0.0
2021-09-30 00:00:00-04:00,9.90999984741211,9.90999984741211,9.859999656677246,9.899999618530273,377600,0.0,0.0
2021-10-01 00:00:00-04:00,9.899999618530273,9.920000076293945,9.850000381469727,9.859999656677246,71800,0.0,0.0
2021-10-04 00:00:00-04:00,9.899999618530273,9.899999618530273,9.850000381469727,9.850000381469727,152000,0.0,0.0
2021-10-05 00:00:00-04:00,9.869999885559082,9.869999885559082,9.84000015258789,9.84000015258789,414000,0.0,0.0
2021-10-06 00:00:00-04:00,9.869999885559082,9.869999885559082,9.850000381469727,9.850000381469727,115200,0.0,0.0
2021-10-07 00:00:00-04:00,9.84000015258789,9.869999885559082,9.84000015258789,9.850000381469727,36200,0.0,0.0
2021-10-08 00:00:00-04:00,9.850000381469727,9.869999885559082,9.850000381469727,9.850000381469727,18300,0.0,0.0
2021-10-11 00:00:00-04:00,9.899999618530273,9.920000076293945,9.854999542236328,9.869999885559082,25900,0.0,0.0
2021-10-12 00:00:00-04:00,9.869999885559082,9.888999938964844,9.850000381469727,9.850000381469727,47900,0.0,0.0
2021-10-13 00:00:00-04:00,9.850000381469727,9.890000343322754,9.850000381469727,9.850000381469727,17400,0.0,0.0
2021-10-14 00:00:00-04:00,9.850000381469727,9.875,9.850000381469727,9.850000381469727,20500,0.0,0.0
2021-10-15 00:00:00-04:00,9.850000381469727,9.880000114440918,9.850000381469727,9.850000381469727,11400,0.0,0.0
2021-10-18 00:00:00-04:00,9.859999656677246,9.899999618530273,9.850000381469727,9.869999885559082,28100,0.0,0.0
2021-10-19 00:00:00-04:00,9.869999885559082,9.920000076293945,9.869999885559082,9.899999618530273,168100,0.0,0.0
2021-10-20 00:00:00-04:00,9.899999618530273,9.920000076293945,9.890000343322754,9.899999618530273,84000,0.0,0.0
2021-10-21 00:00:00-04:00,9.880000114440918,9.899999618530273,9.880000114440918,9.880000114440918,117600,0.0,0.0
2021-10-22 00:00:00-04:00,9.90999984741211,9.920000076293945,9.883000373840332,9.90999984741211,68800,0.0,0.0
2021-10-25 00:00:00-04:00,9.920000076293945,9.920000076293945,9.899999618530273,9.899999618530273,160400,0.0,0.0
2021-10-26 00:00:00-04:00,9.920000076293945,9.949999809265137,9.920000076293945,9.930000305175781,341100,0.0,0.0
2021-10-27 00:00:00-04:00,9.989999771118164,9.989999771118164,9.930000305175781,9.960000038146973,562800,0.0,0.0
2021-10-28 00:00:00-04:00,9.979999542236328,9.989999771118164,9.930000305175781,9.984999656677246,229600,0.0,0.0
2021-10-29 00:00:00-04:00,10.0,10.0,9.949999809265137,9.989999771118164,318200,0.0,0.0
2021-11-01 00:00:00-04:00,10.0,10.0,9.979999542236328,9.989999771118164,550200,0.0,0.0
2021-11-02 00:00:00-04:00,10.0,10.0,9.970000267028809,9.979999542236328,349000,0.0,0.0
2021-11-03 00:00:00-04:00,10.0,10.0,9.960000038146973,9.989999771118164,47100,0.0,0.0
2021-11-04 00:00:00-04:00,9.989999771118164,9.989999771118164,9.949999809265137,9.979999542236328,519600,0.0,0.0
2021-11-05 00:00:00-04:00,9.979999542236328,9.979999542236328,9.961999893188477,9.979999542236328,36400,0.0,0.0
2021-11-08 00:00:00-05:00,9.989999771118164,9.989999771118164,9.960000038146973,9.970000267028809,134900,0.0,0.0
2021-11-09 00:00:00-05:00,9.979999542236328,9.989999771118164,9.970000267028809,9.970000267028809,78000,0.0,0.0
2021-11-10 00:00:00-05:00,9.970000267028809,9.989999771118164,9.970000267028809,9.970000267028809,36900,0.0,0.0
2021-11-11 00:00:00-05:00,9.970000267028809,9.979999542236328,9.970000267028809,9.979999542236328,79700,0.0,0.0
2021-11-12 00:00:00-05:00,9.989999771118164,9.989999771118164,9.970000267028809,9.979999542236328,126100,0.0,0.0
2021-11-15 00:00:00-05:00,9.979999542236328,10.0,9.970000267028809,9.979999542236328,487700,0.0,0.0
2021-11-16 00:00:00-05:00,10.0,10.0,9.970000267028809,9.979999542236328,22700,0.0,0.0
2021-11-17 00:00:00-05:00,10.0,10.0,9.960000038146973,9.970000267028809,248300,0.0,0.0
2021-11-18 00:00:00-05:00,9.970000267028809,9.989999771118164,9.90999984741211,9.970000267028809,223800,0.0,0.0
2021-11-19 00:00:00-05:00,10.0,10.0,9.970000267028809,9.979999542236328,51000,0.0,0.0
2021-11-22 00:00:00-05:00,9.979999542236328,9.989999771118164,9.970000267028809,9.970000267028809,63500,0.0,0.0
2021-11-23 00:00:00-05:00,9.979999542236328,9.979999542236328,9.970000267028809,9.979999542236328,31000,0.0,0.0
2021-11-24 00:00:00-05:00,9.989999771118164,9.989999771118164,9.960000038146973,9.970000267028809,8400,0.0,0.0
2021-11-26 00:00:00-05:00,9.979999542236328,9.979999542236328,9.960000038146973,9.968999862670898,54800,0.0,0.0
2021-11-29 00:00:00-05:00,10.0,10.0,9.960000038146973,9.970000267028809,574100,0.0,0.0
2021-11-30 00:00:00-05:00,9.960000038146973,9.984999656677246,9.960000038146973,9.979999542236328,159800,0.0,0.0
2021-12-01 00:00:00-05:00,9.989999771118164,9.989999771118164,9.930000305175781,9.949999809265137,79100,0.0,0.0
2021-12-02 00:00:00-05:00,9.979999542236328,9.979999542236328,9.920000076293945,9.949999809265137,166100,0.0,0.0
2021-12-03 00:00:00-05:00,9.970000267028809,9.979999542236328,9.9399995803833,9.960000038146973,35900,0.0,0.0
2021-12-06 00:00:00-05:00,9.970000267028809,9.970000267028809,9.920000076293945,9.9399995803833,100000,0.0,0.0
2021-12-07 00:00:00-05:00,9.960000038146973,9.960000038146973,9.899999618530273,9.899999618530273,70500,0.0,0.0
2021-12-08 00:00:00-05:00,9.90999984741211,9.930000305175781,9.890000343322754,9.90999984741211,280800,0.0,0.0
2021-12-09 00:00:00-05:00,9.890000343322754,9.989999771118164,9.890000343322754,9.958000183105469,170800,0.0,0.0
2021-12-10 00:00:00-05:00,9.970000267028809,10.0,9.930000305175781,9.9399995803833,109700,0.0,0.0
2021-12-13 00:00:00-05:00,10.0,10.0,9.920000076293945,9.930000305175781,79600,0.0,0.0
2021-12-14 00:00:00-05:00,9.920000076293945,9.960000038146973,9.899999618530273,9.9399995803833,115500,0.0,0.0
2021-12-15 00:00:00-05:00,9.970000267028809,10.0,9.890000343322754,9.9399995803833,96700,0.0,0.0
2021-12-16 00:00:00-05:00,9.979999542236328,9.989999771118164,9.890000343322754,9.899999618530273,38400,0.0,0.0
2021-12-17 00:00:00-05:00,9.899999618530273,9.989999771118164,9.890000343322754,9.890000343322754,105500,0.0,0.0
2021-12-20 00:00:00-05:00,9.920000076293945,9.979999542236328,9.890000343322754,9.899999618530273,53500,0.0,0.0
2021-12-21 00:00:00-05:00,9.904000282287598,9.937999725341797,9.904000282287598,9.914999961853027,11700,0.0,0.0
2021-12-22 00:00:00-05:00,9.9399995803833,9.9399995803833,9.90999984741211,9.920000076293945,50000,0.0,0.0
2021-12-23 00:00:00-05:00,9.9399995803833,9.9399995803833,9.920000076293945,9.9399995803833,47800,0.0,0.0
2021-12-27 00:00:00-05:00,9.960000038146973,9.979999542236328,9.930000305175781,9.960000038146973,53300,0.0,0.0
2021-12-28 00:00:00-05:00,9.979999542236328,9.979999542236328,9.899999618530273,9.899999618530273,156900,0.0,0.0
2021-12-29 00:00:00-05:00,9.949999809265137,9.949999809265137,9.899999618530273,9.899999618530273,86700,0.0,0.0
2021-12-30 00:00:00-05:00,9.9399995803833,9.9399995803833,9.90999984741211,9.92300033569336,63200,0.0,0.0
2021-12-31 00:00:00-05:00,9.920000076293945,9.949999809265137,9.899999618530273,9.899999618530273,122600,0.0,0.0
2022-01-03 00:00:00-05:00,9.949999809265137,9.989999771118164,9.90999984741211,9.90999984741211,346000,0.0,0.0
2022-01-04 00:00:00-05:00,9.899999618530273,9.960000038146973,9.899999618530273,9.960000038146973,115800,0.0,0.0
2022-01-05 00:00:00-05:00,9.970000267028809,9.979999542236328,9.930000305175781,9.970000267028809,147300,0.0,0.0
2022-01-06 00:00:00-05:00,9.979999542236328,9.979999542236328,9.9399995803833,9.944999694824219,1051100,0.0,0.0
2022-01-07 00:00:00-05:00,9.979999542236328,9.979999542236328,9.9399995803833,9.9399995803833,25100,0.0,0.0
2022-01-10 00:00:00-05:00,9.9399995803833,9.949999809265137,9.930000305175781,9.9399995803833,134200,0.0,0.0
2022-01-11 00:00:00-05:00,9.949999809265137,9.949999809265137,9.920000076293945,9.9399995803833,429700,0.0,0.0
2022-01-12 00:00:00-05:00,9.9399995803833,9.9399995803833,9.930000305175781,9.930000305175781,67400,0.0,0.0
2022-01-13 00:00:00-05:00,9.9399995803833,9.9399995803833,9.930000305175781,9.939000129699707,47200,0.0,0.0
2022-01-14 00:00:00-05:00,9.9399995803833,9.949999809265137,9.930000305175781,9.930000305175781,150600,0.0,0.0
2022-01-18 00:00:00-05:00,9.949999809265137,9.949999809265137,9.920000076293945,9.920000076293945,55500,0.0,0.0
2022-01-19 00:00:00-05:00,9.9399995803833,9.9399995803833,9.920000076293945,9.920000076293945,117300,0.0,0.0
2022-01-20 00:00:00-05:00,9.920000076293945,9.930000305175781,9.920000076293945,9.930000305175781,14000,0.0,0.0
2022-01-21 00:00:00-05:00,9.920000076293945,9.930000305175781,9.920000076293945,9.920000076293945,45100,0.0,0.0
2022-01-24 00:00:00-05:00,9.930000305175781,9.970000267028809,9.930000305175781,9.960000038146973,825100,0.0,0.0
2022-01-25 00:00:00-05:00,9.960000038146973,9.979999542236328,9.960000038146973,9.979999542236328,642900,0.0,0.0
2022-01-26 00:00:00-05:00,9.979999542236328,9.979999542236328,9.960000038146973,9.970000267028809,1493100,0.0,0.0
2022-01-27 00:00:00-05:00,9.970000267028809,9.979999542236328,9.960000038146973,9.970000267028809,294800,0.0,0.0
2022-01-28 00:00:00-05:00,9.970000267028809,9.979000091552734,9.949999809265137,9.960000038146973,571000,0.0,0.0
2022-01-31 00:00:00-05:00,9.949999809265137,9.979999542236328,9.949999809265137,9.970000267028809,549900,0.0,0.0
2022-02-01 00:00:00-05:00,9.970000267028809,9.989999771118164,9.970000267028809,9.979999542236328,925600,0.0,0.0
2022-02-02 00:00:00-05:00,9.979999542236328,9.984999656677246,9.970000267028809,9.970000267028809,255200,0.0,0.0
2022-02-03 00:00:00-05:00,9.960000038146973,9.989999771118164,9.960000038146973,9.989999771118164,877300,0.0,0.0
2022-02-04 00:00:00-05:00,9.970000267028809,9.989999771118164,9.970000267028809,9.979999542236328,550500,0.0,0.0
2022-02-07 00:00:00-05:00,9.670000076293945,9.920000076293945,9.359999656677246,9.579999923706055,417200,0.0,0.0
2022-02-08 00:00:00-05:00,9.640000343322754,9.899999618530273,9.619999885559082,9.739999771118164,391500,0.0,0.0
2022-02-09 00:00:00-05:00,9.649999618530273,9.699999809265137,8.880000114440918,9.199999809265137,370900,0.0,0.0
2022-02-10 00:00:00-05:00,9.109999656677246,10.420000076293945,9.109999656677246,10.180000305175781,655500,0.0,0.0
2022-02-11 00:00:00-05:00,10.1899995803833,12.380000114440918,10.180000305175781,11.550000190734863,1813400,0.0,0.0
2022-02-14 00:00:00-05:00,11.5,12.5,8.96500015258789,9.390000343322754,319400,0.0,0.0
2022-02-15 00:00:00-05:00,9.84000015258789,10.5,9.470000267028809,9.930000305175781,364200,0.0,0.0
2022-02-16 00:00:00-05:00,10.039999961853027,10.229999542236328,9.550000190734863,9.770000457763672,259800,0.0,0.0
2022-02-17 00:00:00-05:00,10.140000343322754,14.100000381469727,9.800000190734863,11.100000381469727,5776800,0.0,0.0
2022-02-18 00:00:00-05:00,18.34000015258789,18.56999969482422,11.720000267028809,12.359999656677246,23047900,0.0,0.0
2022-02-22 00:00:00-05:00,11.0,12.770000457763672,10.949999809265137,11.220000267028809,1255300,0.0,0.0
2022-02-23 00:00:00-05:00,11.130000114440918,12.489999771118164,11.119999885559082,12.199999809265137,822800,0.0,0.0
2022-02-24 00:00:00-05:00,11.09000015258789,13.819999694824219,11.0600004196167,13.789999961853027,1525400,0.0,0.0
2022-02-25 00:00:00-05:00,13.930000305175781,14.489999771118164,12.399999618530273,13.399999618530273,1094400,0.0,0.0
2022-02-28 00:00:00-05:00,13.149999618530273,13.739999771118164,11.75,11.869999885559082,688100,0.0,0.0
2022-03-01 00:00:00-05:00,11.779999732971191,12.5600004196167,11.760000228881836,12.010000228881836,327700,0.0,0.0
2022-03-02 00:00:00-05:00,11.9399995803833,13.34000015258789,11.9399995803833,13.0,698000,0.0,0.0
2022-03-03 00:00:00-05:00,12.989999771118164,13.390000343322754,12.579999923706055,12.979999542236328,643900,0.0,0.0
2022-03-04 00:00:00-05:00,12.899999618530273,13.25,12.739999771118164,13.0,356300,0.0,0.0
2022-03-07 00:00:00-05:00,12.989999771118164,14.260000228881836,12.130000114440918,12.210000038146973,654900,0.0,0.0
2022-03-08 00:00:00-05:00,12.050000190734863,12.510000228881836,11.65999984741211,11.6899995803833,264000,0.0,0.0
2022-03-09 00:00:00-05:00,12.0,12.489999771118164,12.0,12.15999984741211,224200,0.0,0.0
2022-03-10 00:00:00-05:00,12.100000381469727,12.6899995803833,11.069999694824219,11.199999809265137,296800,0.0,0.0
2022-03-11 00:00:00-05:00,11.199999809265137,11.5,11.093000411987305,11.350000381469727,91900,0.0,0.0
2022-03-14 00:00:00-04:00,11.520000457763672,11.979999542236328,11.399999618530273,11.899999618530273,222700,0.0,0.0
2022-03-15 00:00:00-04:00,12.149999618530273,13.35200023651123,11.960000038146973,12.420000076293945,313400,0.0,0.0
2022-03-16 00:00:00-04:00,12.630000114440918,12.75,12.050000190734863,12.34000015258789,274700,0.0,0.0
2022-03-17 00:00:00-04:00,13.0,13.0,12.010000228881836,12.729999542236328,180300,0.0,0.0
2022-03-18 00:00:00-04:00,12.680000305175781,12.765000343322754,12.3100004196167,12.40999984741211,254800,0.0,0.0
2022-03-21 00:00:00-04:00,12.489999771118164,13.34000015258789,12.390000343322754,13.050000190734863,492200,0.0,0.0
2022-03-22 00:00:00-04:00,13.3100004196167,13.710000038146973,13.050000190734863,13.569999694824219,411900,0.0,0.0
2022-03-23 00:00:00-04:00,13.510000228881836,14.079999923706055,13.3149995803833,14.020000457763672,621100,0.0,0.0
2022-03-24 00:00:00-04:00,15.279999732971191,15.90999984741211,14.210000038146973,15.3100004196167,1838500,0.0,0.0
2022-03-25 00:00:00-04:00,15.470000267028809,16.104999542236328,15.399999618530273,15.729999542236328,691400,0.0,0.0
2022-03-28 00:00:00-04:00,15.75,16.0,14.960000038146973,15.0,565100,0.0,0.0
2022-03-29 00:00:00-04:00,15.079999923706055,15.805000305175781,13.630000114440918,13.850000381469727,628100,0.0,0.0
2022-03-30 00:00:00-04:00,13.850000381469727,15.359999656677246,13.850000381469727,15.170000076293945,2451600,0.0,0.0
2022-03-31 00:00:00-04:00,15.029999732971191,17.459999084472656,14.920000076293945,15.899999618530273,1207100,0.0,0.0
2022-04-01 00:00:00-04:00,15.75,16.899999618530273,15.300000190734863,16.049999237060547,601400,0.0,0.0
2022-04-04 00:00:00-04:00,16.190000534057617,18.989999771118164,16.190000534057617,18.200000762939453,1390400,0.0,0.0
2022-04-05 00:00:00-04:00,18.270000457763672,22.100000381469727,18.270000457763672,21.639999389648438,2748000,0.0,0.0
2022-04-06 00:00:00-04:00,19.90999984741211,20.850000381469727,17.360000610351562,19.260000228881836,1314000,0.0,0.0
2022-04-07 00:00:00-04:00,19.25,20.829999923706055,18.549999237060547,19.8700008392334,755800,0.0,0.0
2022-04-08 00:00:00-04:00,20.0,20.1200008392334,17.610000610351562,18.31999969482422,629900,0.0,0.0
2022-04-11 00:00:00-04:00,18.18000030517578,18.18000030517578,14.630000114440918,14.779999732971191,1067400,0.0,0.0
2022-04-12 00:00:00-04:00,15.0,15.227999687194824,12.845000267028809,13.699999809265137,733400,0.0,0.0
2022-04-13 00:00:00-04:00,14.380000114440918,15.289999961853027,13.380000114440918,15.0,706600,0.0,0.0
2022-04-14 00:00:00-04:00,14.699999809265137,14.935999870300293,12.529999732971191,12.869999885559082,412300,0.0,0.0
2022-04-18 00:00:00-04:00,13.260000228881836,14.079999923706055,13.0,14.039999961853027,308100,0.0,0.0
2022-04-19 00:00:00-04:00,13.75,13.98799991607666,12.010000228881836,13.0,678700,0.0,0.0
2022-04-20 00:00:00-04:00,12.770000457763672,14.369999885559082,12.75,14.079999923706055,505100,0.0,0.0
2022-04-21 00:00:00-04:00,13.539999961853027,14.170000076293945,12.755000114440918,13.149999618530273,527300,0.0,0.0
2022-04-22 00:00:00-04:00,12.90999984741211,13.899999618530273,12.90999984741211,13.390000343322754,250400,0.0,0.0
2022-04-25 00:00:00-04:00,13.84000015258789,14.289999961853027,13.029999732971191,14.100000381469727,466500,0.0,0.0
2022-04-26 00:00:00-04:00,13.8100004196167,15.229999542236328,13.3100004196167,14.470000267028809,632800,0.0,0.0
2022-04-27 00:00:00-04:00,14.5,15.289999961853027,14.45300006866455,14.890000343322754,371900,0.0,0.0
2022-04-28 00:00:00-04:00,14.899999618530273,15.710000038146973,14.529999732971191,14.75,362900,0.0,0.0
2022-04-29 00:00:00-04:00,14.5,15.369999885559082,13.8100004196167,13.890000343322754,395500,0.0,0.0
2022-05-02 00:00:00-04:00,13.989999771118164,14.510000228881836,13.9399995803833,14.489999771118164,298000,0.0,0.0
2022-05-03 00:00:00-04:00,14.210000038146973,14.510000228881836,13.020000457763672,14.010000228881836,402300,0.0,0.0
2022-05-04 00:00:00-04:00,13.890000343322754,14.010000228881836,13.055000305175781,13.550000190734863,362100,0.0,0.0
2022-05-05 00:00:00-04:00,13.430000305175781,14.369999885559082,13.390000343322754,14.210000038146973,333400,0.0,0.0
2022-05-06 00:00:00-04:00,13.819999694824219,14.270000457763672,13.5,14.020000457763672,237200,0.0,0.0
2022-05-09 00:00:00-04:00,11.75,11.75,9.890000343322754,10.8100004196167,1307700,0.0,0.0
2022-05-10 00:00:00-04:00,10.800000190734863,11.239999771118164,10.40999984741211,10.539999961853027,782400,0.0,0.0
2022-05-11 00:00:00-04:00,10.470000267028809,10.5,9.569999694824219,10.229999542236328,505600,0.0,0.0
2022-05-12 00:00:00-04:00,9.680000305175781,10.630000114440918,9.649999618530273,10.470000267028809,508000,0.0,0.0
2022-05-13 00:00:00-04:00,11.350000381469727,11.350000381469727,10.449999809265137,10.5600004196167,705100,0.0,0.0
2022-05-16 00:00:00-04:00,10.569999694824219,11.09000015258789,10.199999809265137,10.359999656677246,466200,0.0,0.0
2022-05-17 00:00:00-04:00,10.319999694824219,11.489999771118164,10.149999618530273,10.710000038146973,648700,0.0,0.0
2022-05-18 00:00:00-04:00,10.579999923706055,11.399999618530273,10.399999618530273,11.0,516600,0.0,0.0
2022-05-19 00:00:00-04:00,10.84000015258789,11.220000267028809,10.5600004196167,11.020000457763672,517100,0.0,0.0
2022-05-20 00:00:00-04:00,11.0,11.859999656677246,11.0,11.739999771118164,463000,0.0,0.0
2022-05-23 00:00:00-04:00,11.779999732971191,12.770000457763672,11.59000015258789,12.569999694824219,507200,0.0,0.0
2022-05-24 00:00:00-04:00,12.479999542236328,13.6899995803833,12.399999618530273,12.890000343322754,670600,0.0,0.0
2022-05-25 00:00:00-04:00,12.760000228881836,13.460000038146973,12.399999618530273,13.390000343322754,420700,0.0,0.0
2022-05-26 00:00:00-04:00,13.15999984741211,14.460000038146973,13.15999984741211,13.979999542236328,552600,0.0,0.0
2022-05-27 00:00:00-04:00,13.989999771118164,14.885000228881836,13.859999656677246,14.319999694824219,609600,0.0,0.0
2022-05-31 00:00:00-04:00,14.729999542236328,15.350000381469727,14.359999656677246,15.239999771118164,1340400,0.0,0.0
2022-06-01 00:00:00-04:00,15.350000381469727,16.219999313354492,15.149999618530273,15.930000305175781,928200,0.0,0.0
2022-06-02 00:00:00-04:00,15.930000305175781,16.399999618530273,15.369999885559082,15.8100004196167,720500,0.0,0.0
2022-06-03 00:00:00-04:00,15.40999984741211,16.079999923706055,15.210000038146973,15.9399995803833,632700,0.0,0.0
2022-06-06 00:00:00-04:00,16.1200008392334,16.1200008392334,12.8100004196167,13.210000038146973,2002300,0.0,0.0
2022-06-07 00:00:00-04:00,13.149999618530273,13.880000114440918,12.9350004196167,13.5600004196167,697400,0.0,0.0
2022-06-08 00:00:00-04:00,13.1899995803833,13.680000305175781,13.10200023651123,13.510000228881836,509500,0.0,0.0
2022-06-09 00:00:00-04:00,13.319999694824219,13.319999694824219,10.614999771118164,10.670000076293945,772500,0.0,0.0
2022-06-10 00:00:00-04:00,10.609999656677246,10.75,10.050000190734863,10.100000381469727,553000,0.0,0.0
2022-06-13 00:00:00-04:00,9.949999809265137,10.0,8.899999618530273,9.0,782300,0.0,0.0
2022-06-14 00:00:00-04:00,9.010000228881836,9.539999961853027,8.34000015258789,8.65999984741211,543100,0.0,0.0
2022-06-15 00:00:00-04:00,8.6899995803833,9.470000267028809,8.350000381469727,9.369999885559082,419900,0.0,0.0
2022-06-16 00:00:00-04:00,9.039999961853027,9.479999542236328,8.640000343322754,9.390000343322754,447000,0.0,0.0
2022-06-17 00:00:00-04:00,9.5,10.300000190734863,9.399999618530273,10.130000114440918,3670300,0.0,0.0
2022-06-21 00:00:00-04:00,10.170000076293945,11.0,10.170000076293945,10.630000114440918,296500,0.0,0.0
2022-06-22 00:00:00-04:00,10.369999885559082,11.010000228881836,10.100000381469727,10.65999984741211,380900,0.0,0.0
2022-06-23 00:00:00-04:00,10.550000190734863,10.989999771118164,10.170000076293945,10.720000267028809,405800,0.0,0.0
2022-06-24 00:00:00-04:00,10.680000305175781,11.0600004196167,9.369999885559082,9.420000076293945,3210400,0.0,0.0
2022-06-27 00:00:00-04:00,9.569999694824219,10.130000114440918,9.460000038146973,9.489999771118164,646200,0.0,0.0
2022-06-28 00:00:00-04:00,9.489999771118164,10.239999771118164,9.489999771118164,9.949999809265137,541500,0.0,0.0
2022-06-29 00:00:00-04:00,10.430000305175781,10.430000305175781,9.140000343322754,9.890000343322754,534300,0.0,0.0
2022-06-30 00:00:00-04:00,9.529999732971191,10.220000267028809,9.524999618530273,10.020000457763672,346700,0.0,0.0
2022-07-01 00:00:00-04:00,9.970000267028809,10.232999801635742,8.119999885559082,8.289999961853027,925200,0.0,0.0
2022-07-05 00:00:00-04:00,8.279999732971191,8.279999732971191,7.2270002365112305,7.440000057220459,532100,0.0,0.0
2022-07-06 00:00:00-04:00,7.429999828338623,7.480000019073486,7.150000095367432,7.420000076293945,394700,0.0,0.0
2022-07-07 00:00:00-04:00,7.5,8.100000381469727,7.414000034332275,8.010000228881836,427900,0.0,0.0
2022-07-08 00:00:00-04:00,8.020000457763672,8.460000038146973,8.020000457763672,8.239999771118164,180000,0.0,0.0
2022-07-11 00:00:00-04:00,8.029999732971191,8.029999732971191,7.650000095367432,7.809999942779541,246900,0.0,0.0
2022-07-12 00:00:00-04:00,7.78000020980835,7.989999771118164,7.659999847412109,7.820000171661377,231800,0.0,0.0
2022-07-13 00:00:00-04:00,7.75,7.75,7.409999847412109,7.409999847412109,218500,0.0,0.0
2022-07-14 00:00:00-04:00,7.300000190734863,7.300000190734863,6.505000114440918,6.599999904632568,361800,0.0,0.0
2022-07-15 00:00:00-04:00,6.710000038146973,7.78000020980835,6.539999961853027,7.159999847412109,662200,0.0,0.0
2022-07-18 00:00:00-04:00,7.159999847412109,7.389999866485596,6.650000095367432,6.809999942779541,364100,0.0,0.0
2022-07-19 00:00:00-04:00,6.900000095367432,7.090000152587891,6.559999942779541,6.630000114440918,396200,0.0,0.0
2022-07-20 00:00:00-04:00,6.619999885559082,6.659999847412109,6.389999866485596,6.570000171661377,404100,0.0,0.0
2022-07-21 00:00:00-04:00,6.579999923706055,6.699999809265137,6.059999942779541,6.489999771118164,1073000,0.0,0.0
2022-07-22 00:00:00-04:00,6.5,6.5,5.739999771118164,5.909999847412109,638000,0.0,0.0
2022-07-25 00:00:00-04:00,5.929999828338623,5.940000057220459,5.139999866485596,5.150000095367432,546800,0.0,0.0
2022-07-26 00:00:00-04:00,5.099999904632568,5.145999908447266,4.71999979019165,4.869999885559082,674500,0.0,0.0
2022-07-27 00:00:00-04:00,4.800000190734863,4.940000057220459,4.559999942779541,4.650000095367432,766900,0.0,0.0
2022-07-28 00:00:00-04:00,4.710000038146973,5.0,4.369999885559082,4.539999961853027,612600,0.0,0.0
2022-07-29 00:00:00-04:00,4.519999980926514,4.71999979019165,4.364999771118164,4.449999809265137,527700,0.0,0.0
2022-08-01 00:00:00-04:00,4.559999942779541,4.559999942779541,4.005000114440918,4.059999942779541,587200,0.0,0.0
2022-08-02 00:00:00-04:00,4.010000228881836,4.5,4.010000228881836,4.170000076293945,543500,0.0,0.0
2022-08-03 00:00:00-04:00,4.320000171661377,4.429999828338623,4.050000190734863,4.119999885559082,577600,0.0,0.0
2022-08-04 00:00:00-04:00,4.289999961853027,4.409999847412109,3.9700000286102295,4.300000190734863,699700,0.0,0.0
2022-08-05 00:00:00-04:00,4.300000190734863,4.510000228881836,4.11899995803833,4.46999979019165,514900,0.0,0.0
2022-08-08 00:00:00-04:00,4.78000020980835,5.21999979019165,4.570000171661377,4.940000057220459,778200,0.0,0.0
2022-08-09 00:00:00-04:00,5.150000095367432,5.159999847412109,4.360000133514404,4.489999771118164,602600,0.0,0.0
2022-08-10 00:00:00-04:00,4.570000171661377,5.315999984741211,4.429999828338623,5.300000190734863,584600,0.0,0.0
2022-08-11 00:00:00-04:00,5.389999866485596,5.420000076293945,4.760000228881836,5.019999980926514,2061000,0.0,0.0
2022-08-12 00:00:00-04:00,5.0,5.260000228881836,4.860000133514404,5.039999961853027,933700,0.0,0.0
2022-08-15 00:00:00-04:00,4.980000019073486,5.559999942779541,4.84499979019165,5.440000057220459,1047900,0.0,0.0
2022-08-16 00:00:00-04:00,5.420000076293945,5.960000038146973,5.309999942779541,5.71999979019165,1432900,0.0,0.0
2022-08-17 00:00:00-04:00,5.610000133514404,5.715000152587891,5.019999980926514,5.320000171661377,951100,0.0,0.0
2022-08-18 00:00:00-04:00,5.309999942779541,5.599999904632568,5.079999923706055,5.590000152587891,984300,0.0,0.0
2022-08-19 00:00:00-04:00,5.550000190734863,5.550000190734863,4.920000076293945,5.25,1778400,0.0,0.0
2022-08-22 00:00:00-04:00,5.199999809265137,5.480000019073486,5.139999866485596,5.289999961853027,1223200,0.0,0.0
2022-08-23 00:00:00-04:00,5.25,5.434999942779541,5.090000152587891,5.150000095367432,1262200,0.0,0.0
2022-08-24 00:00:00-04:00,5.21999979019165,5.309999942779541,5.010000228881836,5.300000190734863,1111000,0.0,0.0
2022-08-25 00:00:00-04:00,5.300000190734863,5.889999866485596,5.260000228881836,5.610000133514404,1253400,0.0,0.0
2022-08-26 00:00:00-04:00,5.5,5.71999979019165,5.260000228881836,5.460000038146973,914000,0.0,0.0
2022-08-29 00:00:00-04:00,5.309999942779541,5.510000228881836,5.0,5.460000038146973,741700,0.0,0.0
2022-08-30 00:00:00-04:00,5.489999771118164,5.578000068664551,5.03000020980835,5.170000076293945,776000,0.0,0.0
2022-08-31 00:00:00-04:00,5.190000057220459,5.599999904632568,5.139999866485596,5.510000228881836,824700,0.0,0.0
2022-09-01 00:00:00-04:00,5.449999809265137,5.579999923706055,5.239999771118164,5.309999942779541,797400,0.0,0.0
2022-09-02 00:00:00-04:00,5.239999771118164,5.539999961853027,5.239999771118164,5.340000152587891,556500,0.0,0.0
2022-09-06 00:00:00-04:00,5.449999809265137,5.5,4.820000171661377,4.829999923706055,726000,0.0,0.0
2022-09-07 00:00:00-04:00,4.840000152587891,4.880000114440918,4.349999904632568,4.5,763700,0.0,0.0
2022-09-08 00:00:00-04:00,4.460000038146973,4.570000171661377,4.130000114440918,4.130000114440918,759800,0.0,0.0
2022-09-09 00:00:00-04:00,4.28000020980835,4.460000038146973,4.139999866485596,4.429999828338623,570500,0.0,0.0
2022-09-12 00:00:00-04:00,4.46999979019165,4.46999979019165,4.199999809265137,4.380000114440918,566900,0.0,0.0
2022-09-13 00:00:00-04:00,4.440000057220459,4.460000038146973,4.179999828338623,4.210000038146973,480000,0.0,0.0
2022-09-14 00:00:00-04:00,4.25,4.828999996185303,4.130000114440918,4.489999771118164,1132000,0.0,0.0
2022-09-15 00:00:00-04:00,4.480000019073486,4.71999979019165,4.039999961853027,4.349999904632568,1123200,0.0,0.0
2022-09-16 00:00:00-04:00,4.210000038146973,4.739999771118164,4.114999771118164,4.46999979019165,4466500,0.0,0.0
2022-09-19 00:00:00-04:00,4.309999942779541,4.625,4.289999961853027,4.5,677200,0.0,0.0
2022-09-20 00:00:00-04:00,4.360000133514404,4.570000171661377,4.340000152587891,4.460000038146973,952200,0.0,0.0
2022-09-21 00:00:00-04:00,4.380000114440918,4.679999828338623,4.349999904632568,4.480000019073486,884900,0.0,0.0
2022-09-22 00:00:00-04:00,4.510000228881836,4.579999923706055,4.340000152587891,4.53000020980835,1170500,0.0,0.0
2022-09-23 00:00:00-04:00,4.5,4.610000133514404,4.315000057220459,4.440000057220459,982800,0.0,0.0
2022-09-26 00:00:00-04:00,4.389999866485596,5.050000190734863,4.360000133514404,4.909999847412109,1068600,0.0,0.0
2022-09-27 00:00:00-04:00,5.03000020980835,5.639999866485596,4.880000114440918,5.420000076293945,1583600,0.0,0.0
2022-09-28 00:00:00-04:00,5.420000076293945,5.690000057220459,5.170000076293945,5.510000228881836,1421600,0.0,0.0
2022-09-29 00:00:00-04:00,5.170000076293945,5.329999923706055,4.900000095367432,5.269999980926514,2923900,0.0,0.0
2022-09-30 00:00:00-04:00,5.050000190734863,5.34499979019165,4.920000076293945,5.28000020980835,740100,0.0,0.0
2022-10-03 00:00:00-04:00,5.429999828338623,6.539999961853027,5.110000133514404,6.5,1677700,0.0,0.0
2022-10-04 00:00:00-04:00,6.480000019073486,6.534999847412109,6.059999942779541,6.300000190734863,1713500,0.0,0.0
2022-10-05 00:00:00-04:00,6.300000190734863,6.599999904632568,6.079999923706055,6.440000057220459,709100,0.0,0.0
2022-10-06 00:00:00-04:00,6.320000171661377,6.71999979019165,6.309999942779541,6.449999809265137,733100,0.0,0.0
2022-10-07 00:00:00-04:00,6.389999866485596,6.400000095367432,5.190000057220459,5.440000057220459,1029000,0.0,0.0
2022-10-10 00:00:00-04:00,5.349999904632568,5.619999885559082,5.039999961853027,5.610000133514404,734000,0.0,0.0
2022-10-11 00:00:00-04:00,5.46999979019165,5.539999961853027,5.15500020980835,5.190000057220459,416300,0.0,0.0
2022-10-12 00:00:00-04:00,5.139999866485596,5.179999828338623,4.605000019073486,4.630000114440918,592100,0.0,0.0
2022-10-13 00:00:00-04:00,4.510000228881836,5.179999828338623,4.449999809265137,5.139999866485596,576100,0.0,0.0
2022-10-14 00:00:00-04:00,5.119999885559082,5.320000171661377,4.670000076293945,4.670000076293945,729200,0.0,0.0
2022-10-17 00:00:00-04:00,4.769999980926514,5.0,4.53000020980835,4.559999942779541,565300,0.0,0.0
2022-10-18 00:00:00-04:00,4.739999771118164,4.909999847412109,4.449999809265137,4.590000152587891,423200,0.0,0.0
2022-10-19 00:00:00-04:00,4.550000190734863,4.820000171661377,4.460000038146973,4.579999923706055,299700,0.0,0.0
2022-10-20 00:00:00-04:00,4.599999904632568,4.769999980926514,4.119999885559082,4.150000095367432,756200,0.0,0.0
2022-10-21 00:00:00-04:00,4.159999847412109,4.230000019073486,3.630000114440918,3.7699999809265137,1366600,0.0,0.0
2022-10-24 00:00:00-04:00,3.7799999713897705,3.8499999046325684,3.509999990463257,3.619999885559082,567600,0.0,0.0
2022-10-25 00:00:00-04:00,3.5199999809265137,4.110000133514404,3.450000047683716,4.070000171661377,923700,0.0,0.0
2022-10-26 00:00:00-04:00,4.070000171661377,4.159999847412109,3.5299999713897705,3.5299999713897705,1292000,0.0,0.0
2022-10-27 00:00:00-04:00,3.559999942779541,3.559999942779541,3.299999952316284,3.3499999046325684,840100,0.0,0.0
2022-10-28 00:00:00-04:00,3.309999942779541,3.3450000286102295,3.009999990463257,3.130000114440918,907200,0.0,0.0
2022-10-31 00:00:00-04:00,3.2799999713897705,3.309999942779541,3.140000104904175,3.2200000286102295,728600,0.0,0.0
2022-11-01 00:00:00-04:00,3.25,3.2899999618530273,2.9200000762939453,2.950000047683716,984500,0.0,0.0
2022-11-02 00:00:00-04:00,2.9700000286102295,3.119999885559082,2.799999952316284,2.930000066757202,762900,0.0,0.0
2022-11-03 00:00:00-04:00,2.8499999046325684,3.0999999046325684,2.8299999237060547,3.0299999713897705,450800,0.0,0.0
2022-11-04 00:00:00-04:00,3.049999952316284,3.130000114440918,2.9549999237060547,3.0899999141693115,668900,0.0,0.0
2022-11-07 00:00:00-05:00,3.109999895095825,3.200000047683716,2.924999952316284,3.0799999237060547,631800,0.0,0.0
2022-11-08 00:00:00-05:00,3.0799999237060547,3.25,3.009999990463257,3.0799999237060547,437700,0.0,0.0
2022-11-09 00:00:00-05:00,3.0799999237060547,3.109999895095825,2.805000066757202,2.819999933242798,712300,0.0,0.0
2022-11-10 00:00:00-05:00,2.950000047683716,3.299999952316284,2.859999895095825,3.0999999046325684,1358900,0.0,0.0
2022-11-11 00:00:00-05:00,3.180000066757202,3.299999952316284,3.0799999237060547,3.180000066757202,1024100,0.0,0.0
2022-11-14 00:00:00-05:00,3.180000066757202,3.2899999618530273,3.059999942779541,3.240000009536743,726300,0.0,0.0
2022-11-15 00:00:00-05:00,3.25,4.28000020980835,3.25,3.940000057220459,1542400,0.0,0.0
2022-11-16 00:00:00-05:00,3.9600000381469727,3.984999895095825,3.4649999141693115,3.559999942779541,1003900,0.0,0.0
2022-11-17 00:00:00-05:00,3.5899999141693115,4.300000190734863,3.4719998836517334,4.019999980926514,964800,0.0,0.0
2022-11-18 00:00:00-05:00,4.099999904632568,4.099999904632568,3.700000047683716,3.7799999713897705,543200,0.0,0.0
2022-11-21 00:00:00-05:00,3.799999952316284,4.010000228881836,3.5899999141693115,3.7300000190734863,1012700,0.0,0.0
2022-11-22 00:00:00-05:00,3.799999952316284,4.190000057220459,3.7139999866485596,4.170000076293945,738600,0.0,0.0
2022-11-23 00:00:00-05:00,4.230000019073486,4.940000057220459,4.21999979019165,4.889999866485596,967600,0.0,0.0
2022-11-25 00:00:00-05:00,4.860000133514404,5.079999923706055,4.269999980926514,4.949999809265137,683300,0.0,0.0
2022-11-28 00:00:00-05:00,4.769999980926514,4.875,3.759999990463257,3.890000104904175,1142600,0.0,0.0
2022-11-29 00:00:00-05:00,3.9000000953674316,4.070000171661377,3.380000114440918,3.4800000190734863,1082300,0.0,0.0
2022-11-30 00:00:00-05:00,3.5799999237060547,4.070000171661377,3.4100000858306885,3.740000009536743,1238200,0.0,0.0
2022-12-01 00:00:00-05:00,3.6700000762939453,3.819999933242798,3.559999942779541,3.609999895095825,560800,0.0,0.0
2022-12-02 00:00:00-05:00,3.5,3.609999895095825,3.390000104904175,3.569999933242798,732000,0.0,0.0
2022-12-05 00:00:00-05:00,3.569999933242798,3.5799999237060547,3.2100000381469727,3.259999990463257,676000,0.0,0.0
2022-12-06 00:00:00-05:00,3.2699999809265137,3.319999933242798,2.681999921798706,2.7699999809265137,1902600,0.0,0.0
2022-12-07 00:00:00-05:00,2.759999990463257,2.809999942779541,2.619999885559082,2.7300000190734863,650800,0.0,0.0
2022-12-08 00:00:00-05:00,2.799999952316284,3.1600000858306885,2.5999999046325684,2.7200000286102295,1093300,0.0,0.0
2022-12-09 00:00:00-05:00,2.7200000286102295,3.0199999809265137,2.6500000953674316,2.9100000858306885,999700,0.0,0.0
2022-12-12 00:00:00-05:00,3.0,3.0799999237060547,2.7300000190734863,2.940000057220459,923200,0.0,0.0
2022-12-13 00:00:00-05:00,3.140000104904175,3.234999895095825,2.799999952316284,3.059999942779541,1048300,0.0,0.0
2022-12-14 00:00:00-05:00,3.069999933242798,3.200000047683716,2.9700000286102295,3.0799999237060547,796800,0.0,0.0
2022-12-15 00:00:00-05:00,3.0899999141693115,3.180000066757202,2.9700000286102295,3.0799999237060547,936800,0.0,0.0
2022-12-16 00:00:00-05:00,3.069999933242798,3.119999885559082,2.809999942779541,2.930000066757202,3962200,0.0,0.0
2022-12-19 00:00:00-05:00,2.940000057220459,2.940000057220459,2.619999885559082,2.690000057220459,1144400,0.0,0.0
2022-12-20 00:00:00-05:00,2.6600000858306885,2.6700000762939453,2.2100000381469727,2.259999990463257,1488700,0.0,0.0
2022-12-21 00:00:00-05:00,2.2699999809265137,2.4100000858306885,2.2100000381469727,2.359999895095825,1125700,0.0,0.0
2022-12-22 00:00:00-05:00,2.3399999141693115,2.6500000953674316,2.2799999713897705,2.4600000381469727,1766700,0.0,0.0
2022-12-23 00:00:00-05:00,2.450000047683716,2.5399999618530273,2.3299999237060547,2.509999990463257,1051000,0.0,0.0
2022-12-27 00:00:00-05:00,2.4200000762939453,2.7699999809265137,2.359999895095825,2.630000114440918,1107200,0.0,0.0
2022-12-28 00:00:00-05:00,2.619999885559082,3.069999933242798,2.509999990463257,2.549999952316284,1214600,0.0,0.0
2022-12-29 00:00:00-05:00,2.559999942779541,2.9049999713897705,2.549999952316284,2.75,3329000,0.0,0.0
2022-12-30 00:00:00-05:00,2.7200000286102295,3.134999990463257,2.690000057220459,3.119999885559082,1254500,0.0,0.0
2023-01-03 00:00:00-05:00,3.109999895095825,3.180000066757202,2.805000066757202,3.0899999141693115,807400,0.0,0.0
2023-01-04 00:00:00-05:00,3.109999895095825,3.359999895095825,3.0899999141693115,3.2300000190734863,777700,0.0,0.0
2023-01-05 00:00:00-05:00,3.2300000190734863,3.240000009536743,3.0,3.0199999809265137,919800,0.0,0.0
2023-01-06 00:00:00-05:00,3.0399999618530273,3.059999942779541,2.799999952316284,3.059999942779541,833200,0.0,0.0
2023-01-09 00:00:00-05:00,3.130000114440918,3.5399999618530273,3.119999885559082,3.4600000381469727,845800,0.0,0.0
2023-01-10 00:00:00-05:00,3.440000057220459,3.6600000858306885,3.2699999809265137,3.640000104904175,662600,0.0,0.0
2023-01-11 00:00:00-05:00,3.6500000953674316,4.099999904632568,3.630000114440918,4.039999961853027,739100,0.0,0.0
2023-01-12 00:00:00-05:00,4.099999904632568,4.119999885559082,3.7200000286102295,3.9700000286102295,1068600,0.0,0.0
2023-01-13 00:00:00-05:00,3.950000047683716,4.210000038146973,3.880000114440918,4.0,714000,0.0,0.0
2023-01-17 00:00:00-05:00,4.010000228881836,4.130000114440918,3.549999952316284,3.559999942779541,544900,0.0,0.0
2023-01-18 00:00:00-05:00,4.059999942779541,5.510000228881836,4.0,4.800000190734863,23305400,0.0,0.0
2023-01-19 00:00:00-05:00,4.710000038146973,4.747000217437744,3.9200000762939453,4.349999904632568,3187400,0.0,0.0
2023-01-20 00:00:00-05:00,4.420000076293945,4.494999885559082,4.119999885559082,4.260000228881836,1519800,0.0,0.0
2023-01-23 00:00:00-05:00,4.309999942779541,4.78000020980835,4.199999809265137,4.670000076293945,1832000,0.0,0.0
2023-01-24 00:00:00-05:00,4.639999866485596,5.099999904632568,4.519999980926514,4.659999847412109,924400,0.0,0.0
2023-01-25 00:00:00-05:00,4.659999847412109,4.724999904632568,4.21999979019165,4.710000038146973,664900,0.0,0.0
2023-01-26 00:00:00-05:00,4.75,4.809999942779541,4.510000228881836,4.670000076293945,670000,0.0,0.0
2023-01-27 00:00:00-05:00,4.650000095367432,5.230000019073486,4.590000152587891,5.050000190734863,1218600,0.0,0.0
2023-01-30 00:00:00-05:00,4.989999771118164,5.03000020980835,4.380000114440918,4.380000114440918,1304200,0.0,0.0
2023-01-31 00:00:00-05:00,4.429999828338623,4.460000038146973,4.215000152587891,4.239999771118164,788900,0.0,0.0
2023-02-01 00:00:00-05:00,4.239999771118164,4.730000019073486,4.110000133514404,4.590000152587891,957200,0.0,0.0
2023-02-02 00:00:00-05:00,4.659999847412109,5.050000190734863,4.579999923706055,4.929999828338623,1026900,0.0,0.0
2023-02-03 00:00:00-05:00,4.880000114440918,4.929999828338623,4.440000057220459,4.489999771118164,634900,0.0,0.0
2023-02-06 00:00:00-05:00,4.409999847412109,4.510000228881836,4.276000022888184,4.429999828338623,591300,0.0,0.0
2023-02-07 00:00:00-05:00,4.46999979019165,4.7789998054504395,4.159999847412109,4.380000114440918,1013000,0.0,0.0
2023-02-08 00:00:00-05:00,4.309999942779541,4.474999904632568,4.210000038146973,4.230000019073486,616400,0.0,0.0
2023-02-09 00:00:00-05:00,4.260000228881836,4.440000057220459,3.9600000381469727,4.079999923706055,811900,0.0,0.0
2023-02-10 00:00:00-05:00,4.159999847412109,4.159999847412109,3.930000066757202,4.03000020980835,395500,0.0,0.0
2023-02-13 00:00:00-05:00,4.019999980926514,4.03000020980835,3.424999952316284,3.619999885559082,1526900,0.0,0.0
2023-02-14 00:00:00-05:00,3.549999952316284,3.809999942779541,3.5399999618530273,3.759999990463257,807500,0.0,0.0
2023-02-15 00:00:00-05:00,3.7100000381469727,3.9700000286102295,3.619999885559082,3.819999933242798,816500,0.0,0.0
2023-02-16 00:00:00-05:00,3.7699999809265137,3.7699999809265137,3.569999933242798,3.5999999046325684,984500,0.0,0.0
2023-02-17 00:00:00-05:00,3.5999999046325684,3.6600000858306885,3.319999933242798,3.5899999141693115,1241200,0.0,0.0
2023-02-21 00:00:00-05:00,3.5299999713897705,3.5399999618530273,3.3299999237060547,3.4200000762939453,1016600,0.0,0.0
2023-02-22 00:00:00-05:00,3.430000066757202,3.5350000858306885,3.240000009536743,3.4000000953674316,906200,0.0,0.0
2023-02-23 00:00:00-05:00,3.309999942779541,3.5299999713897705,3.2699999809265137,3.430000066757202,1099600,0.0,0.0
2023-02-24 00:00:00-05:00,3.3499999046325684,3.3499999046325684,3.140000104904175,3.299999952316284,1136800,0.0,0.0
2023-02-27 00:00:00-05:00,3.359999895095825,3.5399999618530273,3.3499999046325684,3.4600000381469727,693900,0.0,0.0
2023-02-28 00:00:00-05:00,3.5,3.5,3.190000057220459,3.3399999141693115,1543900,0.0,0.0
2023-03-01 00:00:00-05:00,3.3399999141693115,3.369999885559082,3.0399999618530273,3.240000009536743,1257300,0.0,0.0
2023-03-02 00:00:00-05:00,3.1500000953674316,3.2200000286102295,3.0199999809265137,3.0999999046325684,1261500,0.0,0.0
2023-03-03 00:00:00-05:00,3.140000104904175,3.2899999618530273,2.9200000762939453,3.259999990463257,1395000,0.0,0.0
2023-03-06 00:00:00-05:00,3.109999895095825,3.3480000495910645,3.059999942779541,3.1600000858306885,1626100,0.0,0.0
2023-03-07 00:00:00-05:00,3.180000066757202,3.200000047683716,3.0,3.0999999046325684,2238400,0.0,0.0
2023-03-08 00:00:00-05:00,3.25,3.3299999237060547,2.7200000286102295,2.950000047683716,3099400,0.0,0.0
2023-03-09 00:00:00-05:00,2.940000057220459,3.0850000381469727,2.8499999046325684,2.869999885559082,1605900,0.0,0.0
2023-03-10 00:00:00-05:00,2.859999895095825,2.869999885559082,2.549999952316284,2.700000047683716,2267400,0.0,0.0
2023-03-13 00:00:00-04:00,2.680000066757202,2.759999990463257,2.5,2.509999990463257,1572700,0.0,0.0
2023-03-14 00:00:00-04:00,2.559999942779541,2.619999885559082,1.9500000476837158,2.2699999809265137,4009200,0.0,0.0
2023-03-15 00:00:00-04:00,2.109999895095825,2.2850000858306885,2.009999990463257,2.200000047683716,1919000,0.0,0.0
2023-03-16 00:00:00-04:00,2.2699999809265137,2.3570001125335693,2.2200000286102295,2.3299999237060547,1046200,0.0,0.0
2023-03-17 00:00:00-04:00,2.299999952316284,2.309999942779541,2.1500000953674316,2.2100000381469727,1991000,0.0,0.0
2023-03-20 00:00:00-04:00,2.2100000381469727,2.2699999809265137,2.0899999141693115,2.0999999046325684,1059700,0.0,0.0
2023-03-21 00:00:00-04:00,2.1700000762939453,2.319999933242798,2.115000009536743,2.2699999809265137,919200,0.0,0.0
2023-03-22 00:00:00-04:00,2.2699999809265137,2.2699999809265137,2.0999999046325684,2.109999895095825,578800,0.0,0.0
2023-03-23 00:00:00-04:00,2.140000104904175,2.174999952316284,2.0,2.0199999809265137,1842500,0.0,0.0
2023-03-24 00:00:00-04:00,2.0,2.0799999237060547,1.940000057220459,2.0,2078700,0.0,0.0
2023-03-27 00:00:00-04:00,2.049999952316284,2.0799999237060547,1.8049999475479126,1.9199999570846558,3061600,0.0,0.0
2023-03-28 00:00:00-04:00,1.909999966621399,2.2899999618530273,1.909999966621399,2.0799999237060547,2577000,0.0,0.0
2023-03-29 00:00:00-04:00,2.109999895095825,2.119999885559082,1.909999966621399,2.0999999046325684,1334200,0.0,0.0
2023-03-30 00:00:00-04:00,2.0999999046325684,2.190000057220459,2.0399999618530273,2.0399999618530273,1713800,0.0,0.0
2023-03-31 00:00:00-04:00,2.0799999237060547,2.2200000286102295,2.0399999618530273,2.140000104904175,1439400,0.0,0.0
2023-04-03 00:00:00-04:00,2.130000114440918,2.1449999809265137,1.8200000524520874,1.840000033378601,1444400,0.0,0.0
2023-04-04 00:00:00-04:00,1.850000023841858,1.965000033378601,1.7599999904632568,1.9500000476837158,1450000,0.0,0.0
2023-04-05 00:00:00-04:00,1.9500000476837158,1.9500000476837158,1.75,1.8200000524520874,1358500,0.0,0.0
2023-04-06 00:00:00-04:00,1.8300000429153442,1.8300000429153442,1.75,1.7699999809265137,1510300,0.0,0.0
2023-04-10 00:00:00-04:00,1.7599999904632568,1.8049999475479126,1.7050000429153442,1.7899999618530273,781400,0.0,0.0
2023-04-11 00:00:00-04:00,1.7999999523162842,1.9800000190734863,1.7799999713897705,1.9600000381469727,816200,0.0,0.0
2023-04-12 00:00:00-04:00,1.9800000190734863,2.0299999713897705,1.875,1.8899999856948853,912100,0.0,0.0
2023-04-13 00:00:00-04:00,1.9500000476837158,1.9700000286102295,1.840000033378601,1.899999976158142,823300,0.0,0.0
2023-04-14 00:00:00-04:00,1.899999976158142,1.9600000381469727,1.7899999618530273,1.809999942779541,768100,0.0,0.0
2023-04-17 00:00:00-04:00,1.7999999523162842,1.8200000524520874,1.7400000095367432,1.7999999523162842,697300,0.0,0.0
2023-04-18 00:00:00-04:00,1.8200000524520874,1.8200000524520874,1.600000023841858,1.6100000143051147,1194400,0.0,0.0
2023-04-19 00:00:00-04:00,1.6299999952316284,1.6299999952316284,1.5099999904632568,1.6100000143051147,751100,0.0,0.0
2023-04-20 00:00:00-04:00,1.600000023841858,1.6399999856948853,1.4700000286102295,1.5,931100,0.0,0.0
2023-04-21 00:00:00-04:00,1.5,1.5499999523162842,1.350000023841858,1.5499999523162842,1017500,0.0,0.0
2023-04-24 00:00:00-04:00,1.6100000143051147,1.7599999904632568,1.5499999523162842,1.7300000190734863,886100,0.0,0.0
2023-04-25 00:00:00-04:00,1.6699999570846558,1.7000000476837158,1.590000033378601,1.6699999570846558,698000,0.0,0.0
2023-04-26 00:00:00-04:00,1.7000000476837158,1.7799999713897705,1.5499999523162842,1.6200000047683716,1311200,0.0,0.0
2023-04-27 00:00:00-04:00,1.6200000047683716,1.656999945640564,1.5,1.6200000047683716,1207400,0.0,0.0
2023-04-28 00:00:00-04:00,1.600000023841858,1.7100000381469727,1.590000033378601,1.690000057220459,564300,0.0,0.0
2023-05-01 00:00:00-04:00,1.7200000286102295,1.7599999904632568,1.6399999856948853,1.7100000381469727,884900,0.0,0.0
2023-05-02 00:00:00-04:00,1.7000000476837158,1.8200000524520874,1.659999966621399,1.7200000286102295,1117700,0.0,0.0
2023-05-03 00:00:00-04:00,1.7300000190734863,1.7999999523162842,1.6699999570846558,1.7599999904632568,909100,0.0,0.0
2023-05-04 00:00:00-04:00,1.7799999713897705,1.840000033378601,1.5800000429153442,1.690000057220459,884200,0.0,0.0
2023-05-05 00:00:00-04:00,1.7000000476837158,1.809999942779541,1.6749999523162842,1.7999999523162842,720300,0.0,0.0
2023-05-08 00:00:00-04:00,1.8300000429153442,1.8300000429153442,1.6710000038146973,1.7200000286102295,1003400,0.0,0.0
2023-05-09 00:00:00-04:00,1.7100000381469727,1.7599999904632568,1.6399999856948853,1.7599999904632568,771600,0.0,0.0
2023-05-10 00:00:00-04:00,1.75,2.1500000953674316,1.7400000095367432,1.8799999952316284,2129000,0.0,0.0
2023-05-11 00:00:00-04:00,1.899999976158142,2.180000066757202,1.8300000429153442,2.0,1497700,0.0,0.0
2023-05-12 00:00:00-04:00,2.009999990463257,2.0799999237060547,1.8700000047683716,1.9500000476837158,1274800,0.0,0.0
2023-05-15 00:00:00-04:00,1.9500000476837158,1.975000023841858,1.850000023841858,1.9700000286102295,589800,0.0,0.0
2023-05-16 00:00:00-04:00,1.9199999570846558,1.9199999570846558,1.7300000190734863,1.8300000429153442,781300,0.0,0.0
2023-05-17 00:00:00-04:00,1.840000033378601,2.140000104904175,1.8250000476837158,2.130000114440918,1207800,0.0,0.0
2023-05-18 00:00:00-04:00,2.130000114440918,2.130000114440918,1.840000033378601,1.8600000143051147,961300,0.0,0.0
2023-05-19 00:00:00-04:00,1.899999976158142,1.9500000476837158,1.809999942779541,1.8600000143051147,755500,0.0,0.0
2023-05-22 00:00:00-04:00,1.850000023841858,2.069999933242798,1.809999942779541,2.049999952316284,1332300,0.0,0.0
2023-05-23 00:00:00-04:00,2.0399999618530273,2.2699999809265137,2.0299999713897705,2.1500000953674316,1527800,0.0,0.0
2023-05-24 00:00:00-04:00,2.1500000953674316,2.180000066757202,1.965000033378601,2.0899999141693115,901800,0.0,0.0
2023-05-25 00:00:00-04:00,2.119999885559082,2.1600000858306885,2.0199999809265137,2.0399999618530273,801600,0.0,0.0
2023-05-26 00:00:00-04:00,2.059999942779541,2.1700000762939453,1.9800000190734863,2.0999999046325684,745600,0.0,0.0
2023-05-30 00:00:00-04:00,2.0999999046325684,2.319999933242798,2.0799999237060547,2.2699999809265137,1189800,0.0,0.0
2023-05-31 00:00:00-04:00,2.2799999713897705,2.2799999713897705,2.0510001182556152,2.0999999046325684,2354100,0.0,0.0
2023-06-01 00:00:00-04:00,2.0899999141693115,2.255000114440918,2.015000104904175,2.2300000190734863,957200,0.0,0.0
2023-06-02 00:00:00-04:00,2.309999942779541,2.390000104904175,2.2300000190734863,2.390000104904175,958800,0.0,0.0
2023-06-05 00:00:00-04:00,2.4000000953674316,2.5799999237060547,2.359999895095825,2.509999990463257,1215800,0.0,0.0
2023-06-06 00:00:00-04:00,2.5,2.809999942779541,2.4649999141693115,2.759999990463257,1449800,0.0,0.0
2023-06-07 00:00:00-04:00,2.8299999237060547,3.1600000858306885,2.8299999237060547,3.049999952316284,2045600,0.0,0.0
2023-06-08 00:00:00-04:00,3.0799999237060547,3.119999885559082,2.7300000190734863,2.740000009536743,1556100,0.0,0.0
2023-06-09 00:00:00-04:00,2.7300000190734863,2.7690000534057617,2.4700000286102295,2.6500000953674316,1433800,0.0,0.0
2023-06-12 00:00:00-04:00,2.690000057220459,2.9200000762939453,2.5299999713897705,2.8299999237060547,1234100,0.0,0.0
2023-06-13 00:00:00-04:00,2.8499999046325684,3.2300000190734863,2.8499999046325684,2.9600000381469727,1635600,0.0,0.0
2023-06-14 00:00:00-04:00,3.0399999618530273,3.140000104904175,2.805000066757202,2.819999933242798,1051800,0.0,0.0
2023-06-15 00:00:00-04:00,2.7899999618530273,3.007999897003174,2.744999885559082,2.869999885559082,1134000,0.0,0.0
2023-06-16 00:00:00-04:00,2.9100000858306885,2.9100000858306885,2.694999933242798,2.7100000381469727,2442100,0.0,0.0
2023-06-20 00:00:00-04:00,2.75,2.799999952316284,2.5199999809265137,2.5799999237060547,1116900,0.0,0.0
2023-06-21 00:00:00-04:00,2.5399999618530273,2.7799999713897705,2.5199999809265137,2.5399999618530273,1275000,0.0,0.0
2023-06-22 00:00:00-04:00,2.5299999713897705,2.5299999713897705,2.3399999141693115,2.4200000762939453,775600,0.0,0.0
2023-06-23 00:00:00-04:00,2.3499999046325684,2.430000066757202,2.299999952316284,2.4000000953674316,5969400,0.0,0.0
2023-06-26 00:00:00-04:00,2.4000000953674316,2.4000000953674316,2.0999999046325684,2.200000047683716,1397000,0.0,0.0
2023-06-27 00:00:00-04:00,2.190000057220459,2.2799999713897705,2.1110000610351562,2.200000047683716,857800,0.0,0.0
2023-06-28 00:00:00-04:00,2.200000047683716,2.674999952316284,2.130000114440918,2.619999885559082,1200800,0.0,0.0
2023-06-29 00:00:00-04:00,2.609999895095825,2.9149999618530273,2.5999999046325684,2.7899999618530273,2194000,0.0,0.0
2023-06-30 00:00:00-04:00,2.859999895095825,2.880000114440918,2.7049999237060547,2.7300000190734863,834300,0.0,0.0
2023-07-03 00:00:00-04:00,2.859999895095825,2.859999895095825,2.490000009536743,2.569999933242798,599900,0.0,0.0
2023-07-05 00:00:00-04:00,2.5299999713897705,2.7100000381469727,2.4600000381469727,2.6700000762939453,921300,0.0,0.0
2023-07-06 00:00:00-04:00,2.5899999141693115,2.609999895095825,2.450000047683716,2.5299999713897705,359000,0.0,0.0
2023-07-07 00:00:00-04:00,2.5199999809265137,2.940000057220459,2.5199999809265137,2.6700000762939453,1033900,0.0,0.0
2023-07-10 00:00:00-04:00,2.6600000858306885,2.869999885559082,2.5899999141693115,2.809999942779541,1166000,0.0,0.0
2023-07-11 00:00:00-04:00,2.8299999237060547,3.059999942779541,2.609999895095825,2.9600000381469727,1996900,0.0,0.0
2023-07-12 00:00:00-04:00,3.0,3.444999933242798,3.0,3.4000000953674316,2276000,0.0,0.0
2023-07-13 00:00:00-04:00,3.369999885559082,3.549999952316284,3.240000009536743,3.299999952316284,1008200,0.0,0.0
2023-07-14 00:00:00-04:00,3.299999952316284,3.3499999046325684,2.9600000381469727,3.0199999809265137,868500,0.0,0.0
2023-07-17 00:00:00-04:00,3.0399999618530273,3.234999895095825,2.950000047683716,3.109999895095825,597300,0.0,0.0
2023-07-18 00:00:00-04:00,3.119999885559082,3.3350000381469727,3.0899999141693115,3.119999885559082,593900,0.0,0.0
2023-07-19 00:00:00-04:00,3.1500000953674316,3.190000057220459,2.9800000190734863,3.0299999713897705,608700,0.0,0.0
2023-07-20 00:00:00-04:00,3.049999952316284,3.0899999141693115,2.9200000762939453,3.0899999141693115,655500,0.0,0.0
2023-07-21 00:00:00-04:00,3.119999885559082,3.1600000858306885,3.0,3.0299999713897705,625900,0.0,0.0
2023-07-24 00:00:00-04:00,3.0299999713897705,3.200000047683716,2.984999895095825,3.190000057220459,622900,0.0,0.0
2023-07-25 00:00:00-04:00,3.0899999141693115,3.130000114440918,2.930000066757202,2.990000009536743,1198800,0.0,0.0
2023-07-26 00:00:00-04:00,2.990000009536743,3.190000057220459,2.9019999504089355,3.1600000858306885,604600,0.0,0.0
2023-07-27 00:00:00-04:00,3.200000047683716,3.2200000286102295,2.8399999141693115,2.930000066757202,1319700,0.0,0.0
2023-07-28 00:00:00-04:00,2.9700000286102295,3.009999990463257,2.9000000953674316,2.9800000190734863,544300,0.0,0.0
2023-07-31 00:00:00-04:00,2.9800000190734863,3.380000114440918,2.9700000286102295,3.3499999046325684,1492200,0.0,0.0
2023-08-01 00:00:00-04:00,3.3499999046325684,3.4700000286102295,3.259999990463257,3.3299999237060547,890500,0.0,0.0
2023-08-02 00:00:00-04:00,3.2300000190734863,3.319999933242798,3.015000104904175,3.0999999046325684,782000,0.0,0.0
2023-08-03 00:00:00-04:00,3.059999942779541,3.4100000858306885,3.055000066757202,3.380000114440918,745100,0.0,0.0
2023-08-04 00:00:00-04:00,3.4200000762939453,3.4600000381469727,3.0299999713897705,3.0899999141693115,1283900,0.0,0.0
2023-08-07 00:00:00-04:00,3.109999895095825,3.190000057220459,3.0299999713897705,3.0899999141693115,954900,0.0,0.0
2023-08-08 00:00:00-04:00,3.319999933242798,3.5199999809265137,2.859999895095825,3.009999990463257,2965100,0.0,0.0
2023-08-09 00:00:00-04:00,2.9700000286102295,3.240000009536743,2.9049999713897705,3.200000047683716,1009500,0.0,0.0
2023-08-10 00:00:00-04:00,3.200000047683716,3.3299999237060547,3.134999990463257,3.1500000953674316,997300,0.0,0.0
2023-08-11 00:00:00-04:00,3.1700000762939453,3.200000047683716,3.059999942779541,3.1600000858306885,572700,0.0,0.0
2023-08-14 00:00:00-04:00,3.119999885559082,3.2799999713897705,3.0399999618530273,3.25,507500,0.0,0.0
2023-08-15 00:00:00-04:00,3.2100000381469727,3.2219998836517334,3.0399999618530273,3.1600000858306885,697300,0.0,0.0
2023-08-16 00:00:00-04:00,3.140000104904175,3.375,3.0299999713897705,3.049999952316284,1130000,0.0,0.0
2023-08-17 00:00:00-04:00,3.059999942779541,3.130000114440918,2.880000114440918,2.880000114440918,881900,0.0,0.0
2023-08-18 00:00:00-04:00,2.8499999046325684,3.184999942779541,2.7200000286102295,3.140000104904175,998700,0.0,0.0
2023-08-21 00:00:00-04:00,3.119999885559082,3.255000114440918,3.0,3.0,511500,0.0,0.0
2023-08-22 00:00:00-04:00,3.049999952316284,3.059999942779541,2.869999885559082,2.940000057220459,664800,0.0,0.0
2023-08-23 00:00:00-04:00,2.940000057220459,3.134999990463257,2.890000104904175,3.0999999046325684,428300,0.0,0.0
2023-08-24 00:00:00-04:00,3.069999933242798,3.0899999141693115,2.9200000762939453,2.930000066757202,547400,0.0,0.0
2023-08-25 00:00:00-04:00,2.9600000381469727,3.0999999046325684,2.9100000858306885,3.0299999713897705,532900,0.0,0.0
2023-08-28 00:00:00-04:00,3.059999942779541,3.1689999103546143,3.0450000762939453,3.119999885559082,521900,0.0,0.0
2023-08-29 00:00:00-04:00,3.130000114440918,3.3499999046325684,3.058000087738037,3.259999990463257,935300,0.0,0.0
2023-08-30 00:00:00-04:00,3.240000009536743,3.305000066757202,3.130000114440918,3.2300000190734863,452200,0.0,0.0
2023-08-31 00:00:00-04:00,3.2300000190734863,3.3299999237060547,3.1700000762939453,3.190000057220459,446700,0.0,0.0
2023-09-01 00:00:00-04:00,3.240000009536743,3.309999942779541,3.2100000381469727,3.240000009536743,542800,0.0,0.0
2023-09-05 00:00:00-04:00,3.190000057220459,3.259999990463257,3.049999952316284,3.069999933242798,898500,0.0,0.0
2023-09-06 00:00:00-04:00,3.0299999713897705,3.115000009536743,2.924999952316284,2.9600000381469727,960400,0.0,0.0
2023-09-07 00:00:00-04:00,2.9100000858306885,2.9100000858306885,2.7300000190734863,2.869999885559082,962100,0.0,0.0
2023-09-08 00:00:00-04:00,2.890000104904175,2.890000104904175,2.75,2.859999895095825,751600,0.0,0.0
2023-09-11 00:00:00-04:00,2.880000114440918,3.059999942779541,2.8399999141693115,3.0399999618530273,629600,0.0,0.0
2023-09-12 00:00:00-04:00,2.9800000190734863,3.1500000953674316,2.9549999237060547,3.109999895095825,561900,0.0,0.0
2023-09-13 00:00:00-04:00,3.0899999141693115,3.25,2.9200000762939453,2.930000066757202,790900,0.0,0.0
2023-09-14 00:00:00-04:00,2.950000047683716,3.1600000858306885,2.930000066757202,3.130000114440918,842000,0.0,0.0
2023-09-15 00:00:00-04:00,3.119999885559082,3.234999895095825,2.940000057220459,2.950000047683716,1562100,0.0,0.0
2023-09-18 00:00:00-04:00,3.0399999618530273,3.0950000286102295,2.9049999713897705,2.9100000858306885,980600,0.0,0.0
2023-09-19 00:00:00-04:00,2.930000066757202,3.0450000762939453,2.9100000858306885,2.930000066757202,497700,0.0,0.0
2023-09-20 00:00:00-04:00,2.950000047683716,3.0299999713897705,2.880000114440918,2.880000114440918,666300,0.0,0.0
2023-09-21 00:00:00-04:00,2.819999933242798,2.819999933242798,2.7100000381469727,2.7300000190734863,765600,0.0,0.0
2023-09-22 00:00:00-04:00,2.75,2.799999952316284,2.5,2.5299999713897705,904900,0.0,0.0
2023-09-25 00:00:00-04:00,2.4800000190734863,2.559999942779541,2.390000104904175,2.549999952316284,1183300,0.0,0.0
2023-09-26 00:00:00-04:00,2.5199999809265137,2.6549999713897705,2.450000047683716,2.490000009536743,696800,0.0,0.0
2023-09-27 00:00:00-04:00,2.5299999713897705,2.630000114440918,2.5250000953674316,2.549999952316284,754000,0.0,0.0
2023-09-28 00:00:00-04:00,2.549999952316284,2.5510001182556152,2.4100000858306885,2.5199999809265137,1874800,0.0,0.0
2023-09-29 00:00:00-04:00,2.569999933242798,2.6700000762939453,2.4749999046325684,2.549999952316284,754400,0.0,0.0
2023-10-02 00:00:00-04:00,2.5199999809265137,2.5290000438690186,2.390000104904175,2.430000066757202,913100,0.0,0.0
2023-10-03 00:00:00-04:00,2.390000104904175,2.390000104904175,2.1700000762939453,2.180000066757202,1152300,0.0,0.0
2023-10-04 00:00:00-04:00,2.1600000858306885,2.2799999713897705,2.0899999141693115,2.2799999713897705,787300,0.0,0.0
2023-10-05 00:00:00-04:00,2.259999990463257,2.319999933242798,2.130000114440918,2.1600000858306885,1215500,0.0,0.0
2023-10-06 00:00:00-04:00,2.140000104904175,2.305000066757202,2.134999990463257,2.299999952316284,1058400,0.0,0.0
2023-10-09 00:00:00-04:00,2.240000009536743,2.2750000953674316,2.1700000762939453,2.240000009536743,419300,0.0,0.0
2023-10-10 00:00:00-04:00,2.25,2.5899999141693115,2.25,2.5799999237060547,1085300,0.0,0.0
2023-10-11 00:00:00-04:00,2.509999990463257,2.759999990463257,2.509999990463257,2.5999999046325684,1071300,0.0,0.0
2023-10-12 00:00:00-04:00,2.5999999046325684,2.609999895095825,2.450000047683716,2.4700000286102295,553500,0.0,0.0
2023-10-13 00:00:00-04:00,2.4800000190734863,2.549999952316284,2.430000066757202,2.4700000286102295,519400,0.0,0.0
2023-10-16 00:00:00-04:00,2.509999990463257,2.5450000762939453,2.3949999809265137,2.5,678700,0.0,0.0
2023-10-17 00:00:00-04:00,2.4700000286102295,2.5230000019073486,2.390000104904175,2.430000066757202,458200,0.0,0.0
2023-10-18 00:00:00-04:00,2.4000000953674316,2.4000000953674316,2.180000066757202,2.259999990463257,646900,0.0,0.0
2023-10-19 00:00:00-04:00,2.180000066757202,2.259999990463257,2.174999952316284,2.180000066757202,295300,0.0,0.0
2023-10-20 00:00:00-04:00,2.1600000858306885,2.174999952316284,2.0350000858306885,2.069999933242798,903900,0.0,0.0
2023-10-23 00:00:00-04:00,2.049999952316284,2.1050000190734863,1.9500000476837158,1.9700000286102295,798200,0.0,0.0
2023-10-24 00:00:00-04:00,2.0199999809265137,2.1700000762939453,2.009999990463257,2.049999952316284,827200,0.0,0.0
2023-10-25 00:00:00-04:00,2.009999990463257,2.184999942779541,2.0,2.109999895095825,737100,0.0,0.0
2023-10-26 00:00:00-04:00,2.130000114440918,2.2100000381469727,2.0899999141693115,2.0899999141693115,512900,0.0,0.0
2023-10-27 00:00:00-04:00,2.119999885559082,2.140000104904175,1.909999966621399,1.909999966621399,610500,0.0,0.0
2023-10-30 00:00:00-04:00,1.9700000286102295,1.9900000095367432,1.8300000429153442,1.8700000047683716,909200,0.0,0.0
2023-10-31 00:00:00-04:00,1.899999976158142,2.0450000762939453,1.8700000047683716,2.009999990463257,653900,0.0,0.0
2023-11-01 00:00:00-04:00,2.0,2.059999942779541,1.9700000286102295,2.059999942779541,338200,0.0,0.0
2023-11-02 00:00:00-04:00,2.109999895095825,2.244999885559082,2.0899999141693115,2.2300000190734863,508000,0.0,0.0
2023-11-03 00:00:00-04:00,2.3499999046325684,2.3910000324249268,2.240000009536743,2.2799999713897705,648000,0.0,0.0
2023-11-06 00:00:00-05:00,2.2899999618530273,2.359999895095825,2.2200000286102295,2.3499999046325684,803200,0.0,0.0
2023-11-07 00:00:00-05:00,2.319999933242798,2.319999933242798,2.1700000762939453,2.2899999618530273,664600,0.0,0.0
2023-11-08 00:00:00-05:00,2.390000104904175,3.2200000286102295,2.390000104904175,2.930000066757202,4050800,0.0,0.0
2023-11-09 00:00:00-05:00,2.9700000286102295,3.009999990463257,2.549999952316284,2.559999942779541,1280500,0.0,0.0
2023-11-10 00:00:00-05:00,2.5999999046325684,2.609999895095825,2.299999952316284,2.309999942779541,1096800,0.0,0.0
2023-11-13 00:00:00-05:00,2.2300000190734863,2.4600000381469727,2.1700000762939453,2.440000057220459,1183000,0.0,0.0
2023-11-14 00:00:00-05:00,2.5,2.6600000858306885,2.4700000286102295,2.619999885559082,1223700,0.0,0.0
2023-11-15 00:00:00-05:00,2.6700000762939453,2.8399999141693115,2.6700000762939453,2.7200000286102295,1236200,0.0,0.0
2023-11-16 00:00:00-05:00,2.6700000762939453,2.690000057220459,2.369999885559082,2.390000104904175,592000,0.0,0.0
2023-11-17 00:00:00-05:00,2.4200000762939453,2.4700000286102295,2.3499999046325684,2.4000000953674316,566800,0.0,0.0
2023-11-20 00:00:00-05:00,2.390000104904175,2.444999933242798,2.3399999141693115,2.369999885559082,394800,0.0,0.0
2023-11-21 00:00:00-05:00,2.3499999046325684,2.3499999046325684,2.2200000286102295,2.2699999809265137,596100,0.0,0.0
2023-11-22 00:00:00-05:00,2.2799999713897705,2.319999933242798,2.190000057220459,2.2100000381469727,502500,0.0,0.0
2023-11-24 00:00:00-05:00,2.25,2.2899999618530273,2.180000066757202,2.2300000190734863,224000,0.0,0.0
2023-11-27 00:00:00-05:00,2.2100000381469727,2.240000009536743,2.140000104904175,2.180000066757202,773600,0.0,0.0
2023-11-28 00:00:00-05:00,2.190000057220459,2.25,2.0799999237060547,2.190000057220459,868700,0.0,0.0
2023-11-29 00:00:00-05:00,2.259999990463257,2.359999895095825,2.200000047683716,2.2899999618530273,727700,0.0,0.0
2023-11-30 00:00:00-05:00,2.309999942779541,2.3299999237060547,2.259999990463257,2.299999952316284,454800,0.0,0.0
2023-12-01 00:00:00-05:00,2.299999952316284,2.430000066757202,2.240000009536743,2.4100000858306885,686700,0.0,0.0
2023-12-04 00:00:00-05:00,2.4200000762939453,2.619999885559082,2.4200000762939453,2.609999895095825,667400,0.0,0.0
2023-12-05 00:00:00-05:00,2.549999952316284,2.549999952316284,2.4000000953674316,2.4000000953674316,440200,0.0,0.0
2023-12-06 00:00:00-05:00,2.440000057220459,2.5999999046325684,2.4000000953674316,2.4100000858306885,856500,0.0,0.0
2023-12-07 00:00:00-05:00,2.4000000953674316,2.4000000953674316,2.319999933242798,2.380000114440918,390000,0.0,0.0
2023-12-08 00:00:00-05:00,2.380000114440918,2.440000057220459,2.319999933242798,2.390000104904175,544200,0.0,0.0
2023-12-11 00:00:00-05:00,2.4000000953674316,2.4000000953674316,2.109999895095825,2.1500000953674316,890100,0.0,0.0
2023-12-12 00:00:00-05:00,2.1600000858306885,2.1700000762939453,1.840000033378601,1.909999966621399,1689200,0.0,0.0
2023-12-13 00:00:00-05:00,1.909999966621399,2.2100000381469727,1.8700000047683716,2.2100000381469727,1065700,0.0,0.0
2023-12-14 00:00:00-05:00,2.25,2.5,2.25,2.369999885559082,1531700,0.0,0.0
2023-12-15 00:00:00-05:00,2.440000057220459,2.440000057220459,2.2799999713897705,2.2799999713897705,1932200,0.0,0.0
2023-12-18 00:00:00-05:00,2.309999942779541,2.3299999237060547,2.130000114440918,2.130000114440918,660600,0.0,0.0
2023-12-19 00:00:00-05:00,2.1600000858306885,2.259999990463257,2.1500000953674316,2.1700000762939453,849300,0.0,0.0
2023-12-20 00:00:00-05:00,2.1600000858306885,2.200000047683716,2.069999933242798,2.069999933242798,1220500,0.0,0.0
2023-12-21 00:00:00-05:00,2.200000047683716,2.3499999046325684,2.180000066757202,2.3399999141693115,1294700,0.0,0.0
2023-12-22 00:00:00-05:00,2.3299999237060547,2.5199999809265137,2.3299999237060547,2.450000047683716,1083000,0.0,0.0
2023-12-26 00:00:00-05:00,2.4600000381469727,2.555000066757202,2.444999933242798,2.490000009536743,615800,0.0,0.0
2023-12-27 00:00:00-05:00,2.5199999809265137,2.5399999618530273,2.444999933242798,2.4800000190734863,556900,0.0,0.0
2023-12-28 00:00:00-05:00,2.5,2.680000066757202,2.490000009536743,2.549999952316284,1667900,0.0,0.0
2023-12-29 00:00:00-05:00,2.5299999713897705,2.5299999713897705,2.299999952316284,2.3299999237060547,1149500,0.0,0.0
2024-01-02 00:00:00-05:00,2.299999952316284,2.380000114440918,2.2100000381469727,2.2300000190734863,691900,0.0,0.0
2024-01-03 00:00:00-05:00,2.2100000381469727,2.2100000381469727,1.9950000047683716,2.0199999809265137,1817900,0.0,0.0
2024-01-04 00:00:00-05:00,2.0399999618530273,2.0799999237060547,1.940000057220459,2.0799999237060547,1187400,0.0,0.0
2024-01-05 00:00:00-05:00,2.0399999618530273,2.0999999046325684,1.9600000381469727,1.9800000190734863,989600,0.0,0.0
2024-01-08 00:00:00-05:00,1.9900000095367432,2.119999885559082,1.9600000381469727,2.109999895095825,630300,0.0,0.0
2024-01-09 00:00:00-05:00,2.059999942779541,2.0799999237060547,2.0,2.0,570900,0.0,0.0
2024-01-10 00:00:00-05:00,2.0199999809265137,2.0199999809265137,1.8799999952316284,1.9500000476837158,892200,0.0,0.0
2024-01-11 00:00:00-05:00,1.9600000381469727,1.975000023841858,1.8200000524520874,1.8700000047683716,1175100,0.0,0.0
2024-01-12 00:00:00-05:00,1.899999976158142,1.940000057220459,1.8300000429153442,1.8300000429153442,502000,0.0,0.0
2024-01-16 00:00:00-05:00,1.850000023841858,1.850000023841858,1.7300000190734863,1.75,921100,0.0,0.0
2024-01-17 00:00:00-05:00,1.75,1.7699999809265137,1.6399999856948853,1.7100000381469727,1186800,0.0,0.0
2024-01-18 00:00:00-05:00,1.7899999618530273,1.7899999618530273,1.6699999570846558,1.7400000095367432,887100,0.0,0.0
2024-01-19 00:00:00-05:00,1.75,1.75,1.6449999809265137,1.7400000095367432,1041900,0.0,0.0
2024-01-22 00:00:00-05:00,1.75,1.8600000143051147,1.690000057220459,1.7799999713897705,1295000,0.0,0.0
2024-01-23 00:00:00-05:00,1.8300000429153442,1.8799999952316284,1.7200000286102295,1.7200000286102295,988800,0.0,0.0
2024-01-24 00:00:00-05:00,1.75,1.7699999809265137,1.6100000143051147,1.6200000047683716,942100,0.0,0.0
2024-01-25 00:00:00-05:00,1.7100000381469727,1.7400000095367432,1.6200000047683716,1.659999966621399,817500,0.0,0.0
2024-01-26 00:00:00-05:00,1.6699999570846558,1.7599999904632568,1.6299999952316284,1.6299999952316284,808700,0.0,0.0
2024-01-29 00:00:00-05:00,1.7100000381469727,1.7300000190734863,1.590000033378601,1.649999976158142,1068300,0.0,0.0
2024-01-30 00:00:00-05:00,1.590000033378601,1.600000023841858,1.5199999809265137,1.559999942779541,1195400,0.0,0.0
2024-01-31 00:00:00-05:00,1.559999942779541,1.6299999952316284,1.5,1.5199999809265137,901400,0.0,0.0
2024-02-01 00:00:00-05:00,1.559999942779541,1.590000033378601,1.475000023841858,1.4900000095367432,986800,0.0,0.0
2024-02-02 00:00:00-05:00,1.4600000381469727,1.4800000190734863,1.399999976158142,1.4600000381469727,863800,0.0,0.0
2024-02-05 00:00:00-05:00,1.4299999475479126,1.4299999475479126,1.350000023841858,1.3600000143051147,975000,0.0,0.0
2024-02-06 00:00:00-05:00,1.409999966621399,1.5800000429153442,1.3450000286102295,1.5399999618530273,1127600,0.0,0.0
2024-02-07 00:00:00-05:00,1.5800000429153442,1.600000023841858,1.534999966621399,1.5700000524520874,615900,0.0,0.0
2024-02-08 00:00:00-05:00,1.600000023841858,1.659999966621399,1.565000057220459,1.659999966621399,823700,0.0,0.0
2024-02-09 00:00:00-05:00,1.649999976158142,1.7400000095367432,1.6399999856948853,1.7100000381469727,800100,0.0,0.0
2024-02-12 00:00:00-05:00,1.7799999713897705,1.850000023841858,1.7300000190734863,1.8200000524520874,841300,0.0,0.0
2024-02-13 00:00:00-05:00,1.7200000286102295,1.7300000190734863,1.6299999952316284,1.649999976158142,697300,0.0,0.0
2024-02-14 00:00:00-05:00,1.690000057220459,1.809999942779541,1.649999976158142,1.7999999523162842,484100,0.0,0.0
2024-02-15 00:00:00-05:00,1.8200000524520874,1.8899999856948853,1.75,1.8899999856948853,662400,0.0,0.0
2024-02-16 00:00:00-05:00,1.899999976158142,1.9199999570846558,1.809999942779541,1.909999966621399,811600,0.0,0.0
2024-02-20 00:00:00-05:00,1.8899999856948853,1.9049999713897705,1.809999942779541,1.8200000524520874,749900,0.0,0.0
2024-02-21 00:00:00-05:00,1.809999942779541,1.809999942779541,1.7200000286102295,1.75,556600,0.0,0.0
2024-02-22 00:00:00-05:00,1.7699999809265137,1.7699999809265137,1.6299999952316284,1.659999966621399,606800,0.0,0.0
2024-02-23 00:00:00-05:00,1.6699999570846558,1.6699999570846558,1.5800000429153442,1.6100000143051147,396700,0.0,0.0
2024-02-26 00:00:00-05:00,1.600000023841858,1.6950000524520874,1.590000033378601,1.6799999475479126,499500,0.0,0.0
2024-02-27 00:00:00-05:00,1.6799999475479126,1.7400000095367432,1.649999976158142,1.7000000476837158,457900,0.0,0.0
2024-02-28 00:00:00-05:00,1.7400000095367432,1.7699999809265137,1.6399999856948853,1.6699999570846558,447400,0.0,0.0
2024-02-29 00:00:00-05:00,1.7000000476837158,1.8200000524520874,1.6649999618530273,1.6799999475479126,558100,0.0,0.0
2024-03-01 00:00:00-05:00,1.6799999475479126,1.8300000429153442,1.649999976158142,1.7699999809265137,605300,0.0,0.0
2024-03-04 00:00:00-05:00,1.7699999809265137,1.7899999618530273,1.659999966621399,1.659999966621399,623600,0.0,0.0
2024-03-05 00:00:00-05:00,1.6399999856948853,1.6699999570846558,1.6009999513626099,1.6200000047683716,474800,0.0,0.0
2024-03-06 00:00:00-05:00,1.6799999475479126,1.7649999856948853,1.6200000047683716,1.7300000190734863,546200,0.0,0.0
2024-03-07 00:00:00-05:00,1.7699999809265137,1.784999966621399,1.7100000381469727,1.7699999809265137,299200,0.0,0.0
2024-03-08 00:00:00-05:00,1.7999999523162842,2.0199999809265137,1.7949999570846558,1.9900000095367432,1296300,0.0,0.0
2024-03-11 00:00:00-04:00,1.9900000095367432,2.140000104904175,1.9199999570846558,1.9600000381469727,1258300,0.0,0.0
2024-03-12 00:00:00-04:00,1.9700000286102295,1.9700000286102295,1.7599999904632568,1.809999942779541,1062700,0.0,0.0
2024-03-13 00:00:00-04:00,1.75,2.0,1.6299999952316284,1.899999976158142,1711300,0.0,0.0
2024-03-14 00:00:00-04:00,1.8799999952316284,1.8949999809265137,1.659999966621399,1.6799999475479126,1031400,0.0,0.0
2024-03-15 00:00:00-04:00,1.6799999475479126,1.715000033378601,1.6109999418258667,1.6399999856948853,948800,0.0,0.0
2024-03-18 00:00:00-04:00,1.649999976158142,1.7000000476837158,1.5800000429153442,1.6399999856948853,740100,0.0,0.0
2024-03-19 00:00:00-04:00,1.6399999856948853,1.7200000286102295,1.590000033378601,1.7100000381469727,611500,0.0,0.0
2024-03-20 00:00:00-04:00,1.7000000476837158,1.8799999952316284,1.6399999856948853,1.840000033378601,769500,0.0,0.0
2024-03-21 00:00:00-04:00,1.7599999904632568,1.8350000381469727,1.7100000381469727,1.7999999523162842,655300,0.0,0.0
2024-03-22 00:00:00-04:00,1.7999999523162842,1.7999999523162842,1.659999966621399,1.659999966621399,530300,0.0,0.0
2024-03-25 00:00:00-04:00,1.6799999475479126,1.75,1.6699999570846558,1.7100000381469727,349200,0.0,0.0
2024-03-26 00:00:00-04:00,1.7300000190734863,1.7649999856948853,1.6100000143051147,1.6200000047683716,547400,0.0,0.0
2024-03-27 00:00:00-04:00,1.6299999952316284,1.7699999809265137,1.6299999952316284,1.7300000190734863,1150400,0.0,0.0
2024-03-28 00:00:00-04:00,1.7400000095367432,1.7899999618530273,1.715000033378601,1.7899999618530273,471800,0.0,0.0
2024-04-01 00:00:00-04:00,1.7999999523162842,1.9700000286102295,1.7300000190734863,1.9299999475479126,1720900,0.0,0.0
2024-04-02 00:00:00-04:00,1.9199999570846558,1.9299999475479126,1.8300000429153442,1.8600000143051147,1028900,0.0,0.0
2024-04-03 00:00:00-04:00,1.8700000047683716,1.8700000047683716,1.7300000190734863,1.75,731100,0.0,0.0
2024-04-04 00:00:00-04:00,1.7999999523162842,1.840000033378601,1.7300000190734863,1.7599999904632568,789200,0.0,0.0
2024-04-05 00:00:00-04:00,1.7100000381469727,1.7549999952316284,1.6799999475479126,1.7300000190734863,549500,0.0,0.0
2024-04-08 00:00:00-04:00,1.6399999856948853,1.6799999475479126,1.5049999952316284,1.5800000429153442,1387500,0.0,0.0
2024-04-09 00:00:00-04:00,1.5499999523162842,1.5700000524520874,1.5,1.5099999904632568,840700,0.0,0.0
2024-04-10 00:00:00-04:00,1.4600000381469727,1.4600000381469727,1.2699999809265137,1.2899999618530273,2091100,0.0,0.0
2024-04-11 00:00:00-04:00,1.2899999618530273,1.2999999523162842,1.2200000286102295,1.2599999904632568,1113400,0.0,0.0
2024-04-12 00:00:00-04:00,1.2200000286102295,1.2200000286102295,1.149999976158142,1.149999976158142,976600,0.0,0.0
2024-04-15 00:00:00-04:00,1.149999976158142,1.1699999570846558,1.100000023841858,1.159999966621399,1372000,0.0,0.0
2024-04-16 00:00:00-04:00,1.149999976158142,1.1799999475479126,1.1200000047683716,1.1799999475479126,1866300,0.0,0.0
2024-04-17 00:00:00-04:00,1.2000000476837158,1.2000000476837158,1.1299999952316284,1.1299999952316284,1112000,0.0,0.0
2024-04-18 00:00:00-04:00,1.1299999952316284,1.1349999904632568,1.0499999523162842,1.0700000524520874,1011500,0.0,0.0
2024-04-19 00:00:00-04:00,1.0700000524520874,1.1100000143051147,1.0499999523162842,1.0800000429153442,669200,0.0,0.0
2024-04-22 00:00:00-04:00,1.1100000143051147,1.2200000286102295,1.0499999523162842,1.2000000476837158,1196700,0.0,0.0
2024-04-23 00:00:00-04:00,1.2000000476837158,1.25,1.159999966621399,1.2100000381469727,943000,0.0,0.0
2024-04-24 00:00:00-04:00,1.2000000476837158,1.2599999904632568,1.1699999570846558,1.25,846400,0.0,0.0
2024-04-25 00:00:00-04:00,1.190000057220459,1.2599999904632568,1.190000057220459,1.2300000190734863,781500,0.0,0.0
2024-04-26 00:00:00-04:00,1.2300000190734863,1.2999999523162842,1.2300000190734863,1.2599999904632568,564700,0.0,0.0
2024-04-29 00:00:00-04:00,1.2999999523162842,1.3200000524520874,1.2599999904632568,1.2999999523162842,611600,0.0,0.0
2024-04-30 00:00:00-04:00,1.2599999904632568,1.2799999713897705,1.2300000190734863,1.2699999809265137,463600,0.0,0.0
2024-05-01 00:00:00-04:00,1.2599999904632568,1.2899999618530273,1.2300000190734863,1.25,828100,0.0,0.0
2024-05-02 00:00:00-04:00,1.2799999713897705,1.2799999713897705,1.2400000095367432,1.2599999904632568,696700,0.0,0.0
2024-05-03 00:00:00-04:00,1.2799999713897705,1.2929999828338623,1.2000000476837158,1.2699999809265137,813900,0.0,0.0
2024-05-06 00:00:00-04:00,1.309999942779541,1.4850000143051147,1.2799999713897705,1.4600000381469727,996000,0.0,0.0
2024-05-07 00:00:00-04:00,1.4800000190734863,1.4800000190734863,1.3300000429153442,1.3899999856948853,847600,0.0,0.0
2024-05-08 00:00:00-04:00,1.3600000143051147,1.440000057220459,1.3300000429153442,1.4299999475479126,763500,0.0,0.0
2024-05-09 00:00:00-04:00,1.399999976158142,1.4800000190734863,1.149999976158142,1.2000000476837158,1335000,0.0,0.0
2024-05-10 00:00:00-04:00,1.2100000381469727,1.2799999713897705,1.1100000143051147,1.1200000047683716,522900,0.0,0.0
2024-05-13 00:00:00-04:00,1.1100000143051147,1.1699999570846558,1.059999942779541,1.1100000143051147,709300,0.0,0.0
2024-05-14 00:00:00-04:00,1.149999976158142,1.25,1.1349999904632568,1.2400000095367432,566300,0.0,0.0
2024-05-15 00:00:00-04:00,1.2300000190734863,1.2599999904632568,1.1699999570846558,1.2000000476837158,464900,0.0,0.0
2024-05-16 00:00:00-04:00,1.2000000476837158,1.2300000190734863,1.1399999856948853,1.1699999570846558,504200,0.0,0.0
2024-05-17 00:00:00-04:00,1.190000057220459,1.2000000476837158,1.125,1.159999966621399,464500,0.0,0.0
2024-05-20 00:00:00-04:00,1.149999976158142,1.2200000286102295,1.1299999952316284,1.1699999570846558,851800,0.0,0.0
2024-05-21 00:00:00-04:00,1.1799999475479126,1.2300000190734863,1.159999966621399,1.2300000190734863,254200,0.0,0.0
2024-05-22 00:00:00-04:00,1.2300000190734863,1.3849999904632568,1.190000057220459,1.2699999809265137,1107800,0.0,0.0
2024-05-23 00:00:00-04:00,1.25,1.2699999809265137,1.149999976158142,1.1699999570846558,410400,0.0,0.0
2024-05-24 00:00:00-04:00,1.1699999570846558,1.2100000381469727,1.149999976158142,1.1699999570846558,279200,0.0,0.0
2024-05-28 00:00:00-04:00,1.2400000095367432,1.2799999713897705,1.1799999475479126,1.2799999713897705,1048400,0.0,0.0
2024-05-29 00:00:00-04:00,1.2300000190734863,1.309999942779541,1.2100000381469727,1.2899999618530273,615800,0.0,0.0
2024-05-30 00:00:00-04:00,1.2999999523162842,1.3899999856948853,1.2899999618530273,1.350000023841858,612000,0.0,0.0
2024-05-31 00:00:00-04:00,1.3799999952316284,1.409999966621399,1.2799999713897705,1.309999942779541,783400,0.0,0.0
2024-06-03 00:00:00-04:00,1.3600000143051147,1.3700000047683716,1.1799999475479126,1.190000057220459,788800,0.0,0.0
2024-06-04 00:00:00-04:00,1.190000057220459,1.2100000381469727,1.1200000047683716,1.2000000476837158,396700,0.0,0.0
2024-06-05 00:00:00-04:00,1.2100000381469727,1.2899999618530273,1.149999976158142,1.2899999618530273,474600,0.0,0.0
2024-06-06 00:00:00-04:00,1.2899999618530273,1.2899999618530273,1.1799999475479126,1.190000057220459,471000,0.0,0.0
2024-06-07 00:00:00-04:00,1.190000057220459,1.2000000476837158,1.1399999856948853,1.149999976158142,521600,0.0,0.0
2024-06-10 00:00:00-04:00,1.159999966621399,1.2400000095367432,1.149999976158142,1.159999966621399,545100,0.0,0.0
2024-06-11 00:00:00-04:00,1.159999966621399,1.190000057220459,1.100000023841858,1.159999966621399,535200,0.0,0.0
2024-06-12 00:00:00-04:00,1.2200000286102295,1.2300000190734863,1.149999976158142,1.159999966621399,285600,0.0,0.0
2024-06-13 00:00:00-04:00,1.1799999475479126,1.1799999475479126,1.090000033378601,1.1100000143051147,523000,0.0,0.0
2024-06-14 00:00:00-04:00,1.1200000047683716,1.1200000047683716,1.0499999523162842,1.0800000429153442,632400,0.0,0.0
2024-06-17 00:00:00-04:00,1.0800000429153442,1.090000033378601,1.0449999570846558,1.059999942779541,401300,0.0,0.0
2024-06-18 00:00:00-04:00,1.0499999523162842,1.1100000143051147,1.0199999809265137,1.0499999523162842,389900,0.0,0.0
2024-06-20 00:00:00-04:00,1.0399999618530273,1.059999942779541,0.9599999785423279,0.9649999737739563,953600,0.0,0.0
2024-06-21 00:00:00-04:00,0.9559999704360962,1.0299999713897705,0.9330000281333923,0.9670000076293945,1520400,0.0,0.0
2024-06-24 00:00:00-04:00,0.9599999785423279,0.9900000095367432,0.9399999976158142,0.9470000267028809,566300,0.0,0.0
2024-06-25 00:00:00-04:00,0.9300000071525574,0.9700000286102295,0.9100000262260437,0.9409999847412109,511800,0.0,0.0
2024-06-26 00:00:00-04:00,0.9399999976158142,0.996999979019165,0.9399999976158142,0.996999979019165,503300,0.0,0.0
2024-06-27 00:00:00-04:00,1.0,1.0199999809265137,0.9710000157356262,1.0199999809265137,1553600,0.0,0.0
2024-06-28 00:00:00-04:00,1.0099999904632568,1.0199999809265137,0.9319999814033508,0.949999988079071,1081300,0.0,0.0
2024-07-01 00:00:00-04:00,0.9399999976158142,0.9800000190734863,0.9399999976158142,0.9509999752044678,394600,0.0,0.0
2024-07-02 00:00:00-04:00,0.9300000071525574,0.972000002861023,0.9300000071525574,0.9639999866485596,240000,0.0,0.0
2024-07-03 00:00:00-04:00,0.949999988079071,1.0,0.949999988079071,1.0,196900,0.0,0.0
2024-07-05 00:00:00-04:00,0.9950000047683716,1.0,0.9330000281333923,0.9679999947547913,342200,0.0,0.0
2024-07-08 00:00:00-04:00,0.9750000238418579,1.0199999809265137,0.949999988079071,0.9900000095367432,580600,0.0,0.0
2024-07-09 00:00:00-04:00,0.9739999771118164,1.0199999809265137,0.9589999914169312,0.9819999933242798,264200,0.0,0.0
2024-07-10 00:00:00-04:00,0.9800000190734863,1.059999942779541,0.9610000252723694,1.0399999618530273,292200,0.0,0.0
2024-07-11 00:00:00-04:00,1.059999942779541,1.2100000381469727,1.059999942779541,1.1799999475479126,688600,0.0,0.0
2024-07-12 00:00:00-04:00,1.190000057220459,1.3700000047683716,1.1799999475479126,1.3300000429153442,1353400,0.0,0.0
2024-07-15 00:00:00-04:00,1.350000023841858,1.3600000143051147,1.2300000190734863,1.309999942779541,772900,0.0,0.0
2024-07-16 00:00:00-04:00,1.3200000524520874,1.440000057220459,1.2799999713897705,1.4299999475479126,564100,0.0,0.0
2024-07-17 00:00:00-04:00,1.399999976158142,1.4299999475479126,1.2599999904632568,1.2899999618530273,594200,0.0,0.0
2024-07-18 00:00:00-04:00,1.2599999904632568,1.2999999523162842,1.100000023841858,1.1399999856948853,539500,0.0,0.0
2024-07-19 00:00:00-04:00,1.149999976158142,1.2599999904632568,1.100000023841858,1.1399999856948853,444400,0.0,0.0
2024-07-22 00:00:00-04:00,1.1399999856948853,1.1510000228881836,1.090000033378601,1.1200000047683716,400800,0.0,0.0
2024-07-23 00:00:00-04:00,1.090000033378601,1.1490000486373901,1.059999942779541,1.1299999952316284,444800,0.0,0.0
2024-07-24 00:00:00-04:00,1.1399999856948853,1.1699999570846558,1.0800000429153442,1.0800000429153442,410600,0.0,0.0
2024-07-25 00:00:00-04:00,1.100000023841858,1.190000057220459,1.0800000429153442,1.149999976158142,625300,0.0,0.0
2024-07-26 00:00:00-04:00,1.2000000476837158,1.2000000476837158,1.149999976158142,1.2000000476837158,528800,0.0,0.0
2024-07-29 00:00:00-04:00,1.2400000095367432,1.2400000095367432,1.100000023841858,1.1200000047683716,449700,0.0,0.0
2024-07-30 00:00:00-04:00,1.1399999856948853,1.1399999856948853,1.0700000524520874,1.0800000429153442,400400,0.0,0.0
2024-07-31 00:00:00-04:00,1.090000033378601,1.090000033378601,1.0099999904632568,1.0199999809265137,826000,0.0,0.0
2024-08-01 00:00:00-04:00,1.0199999809265137,1.100000023841858,1.0199999809265137,1.059999942779541,439100,0.0,0.0
2024-08-02 00:00:00-04:00,1.0299999713897705,1.090000033378601,1.0099999904632568,1.0299999713897705,471900,0.0,0.0
2024-08-05 00:00:00-04:00,0.9900000095367432,1.0499999523162842,0.9760000109672546,1.0499999523162842,919500,0.0,0.0
2024-08-06 00:00:00-04:00,1.0399999618530273,1.0499999523162842,0.9700000286102295,1.0099999904632568,521600,0.0,0.0
2024-08-07 00:00:00-04:00,1.0,1.0,0.8700000047683716,0.8700000047683716,1394200,0.0,0.0
2024-08-08 00:00:00-04:00,0.9100000262260437,0.9190000295639038,0.8799999952316284,0.9190000295639038,377600,0.0,0.0
2024-08-09 00:00:00-04:00,0.9210000038146973,0.9259999990463257,0.8130000233650208,0.8199999928474426,694600,0.0,0.0
2024-08-12 00:00:00-04:00,0.8100000023841858,0.8479999899864197,0.8029999732971191,0.8320000171661377,677300,0.0,0.0
2024-08-13 00:00:00-04:00,0.843999981880188,0.843999981880188,0.7889999747276306,0.8349999785423279,451300,0.0,0.0
2024-08-14 00:00:00-04:00,0.8199999928474426,0.8379999995231628,0.7839999794960022,0.7850000262260437,437200,0.0,0.0
2024-08-15 00:00:00-04:00,0.800000011920929,0.9750000238418579,0.800000011920929,0.972000002861023,405000,0.0,0.0
2024-08-16 00:00:00-04:00,0.9599999785423279,0.9940000176429749,0.8999999761581421,0.9760000109672546,290300,0.0,0.0
