Date,Open,High,Low,Close,Volume,Dividends,Stock Splits
2020-02-13 00:00:00-05:00,4.697999954223633,4.699999809265137,3.6689999103546143,3.859999895095825,266500,0.0,0.0
2020-02-14 00:00:00-05:00,3.819999933242798,4.21999979019165,3.819999933242798,3.950000047683716,43100,0.0,0.0
2020-02-18 00:00:00-05:00,3.9800000190734863,4.133999824523926,3.950000047683716,4.059999942779541,34300,0.0,0.0
2020-02-19 00:00:00-05:00,4.099999904632568,4.119999885559082,3.5799999237060547,3.6600000858306885,63300,0.0,0.0
2020-02-20 00:00:00-05:00,3.6700000762939453,3.875,3.109999895095825,3.690000057220459,66200,0.0,0.0
2020-02-21 00:00:00-05:00,3.7799999713897705,3.859999895095825,3.380000114440918,3.700000047683716,44000,0.0,0.0
2020-02-24 00:00:00-05:00,3.690000057220459,3.8340001106262207,3.3499999046325684,3.6500000953674316,25700,0.0,0.0
2020-02-25 00:00:00-05:00,3.6700000762939453,4.46999979019165,3.6500000953674316,3.859999895095825,47500,0.0,0.0
2020-02-26 00:00:00-05:00,3.890000104904175,3.9630000591278076,3.4100000858306885,3.700000047683716,35000,0.0,0.0
2020-02-27 00:00:00-05:00,4.0,4.400000095367432,3.740000009536743,4.329999923706055,156200,0.0,0.0
2020-02-28 00:00:00-05:00,4.440000057220459,4.440000057220459,3.799999952316284,4.079999923706055,56600,0.0,0.0
2020-03-02 00:00:00-05:00,3.799999952316284,3.819999933242798,2.8399999141693115,3.0789999961853027,136000,0.0,0.0
2020-03-03 00:00:00-05:00,3.049999952316284,3.686000108718872,3.049999952316284,3.390000104904175,68000,0.0,0.0
2020-03-04 00:00:00-05:00,3.549999952316284,3.8399999141693115,3.4000000953674316,3.5,37200,0.0,0.0
2020-03-05 00:00:00-05:00,3.5999999046325684,3.5999999046325684,3.2850000858306885,3.369999885559082,8800,0.0,0.0
2020-03-06 00:00:00-05:00,3.309999942779541,3.430000066757202,3.0999999046325684,3.240000009536743,22400,0.0,0.0
2020-03-09 00:00:00-04:00,3.069999933242798,3.0799999237060547,2.75,2.809999942779541,17600,0.0,0.0
2020-03-10 00:00:00-04:00,2.9609999656677246,3.061000108718872,2.9000000953674316,3.049999952316284,13300,0.0,0.0
2020-03-11 00:00:00-04:00,3.190000057220459,3.200000047683716,2.819999933242798,2.890000104904175,7300,0.0,0.0
2020-03-12 00:00:00-04:00,2.4800000190734863,2.75,2.069999933242798,2.450000047683716,12000,0.0,0.0
2020-03-13 00:00:00-04:00,2.5230000019073486,2.7200000286102295,1.9149999618530273,2.190000057220459,35700,0.0,0.0
2020-03-16 00:00:00-04:00,1.8799999952316284,2.736999988555908,1.8799999952316284,2.380000114440918,42200,0.0,0.0
2020-03-17 00:00:00-04:00,2.319999933242798,3.9700000286102295,2.319999933242798,3.3499999046325684,1261500,0.0,0.0
2020-03-18 00:00:00-04:00,3.5799999237060547,5.090000152587891,3.200000047683716,3.5999999046325684,3178800,0.0,0.0
2020-03-19 00:00:00-04:00,4.150000095367432,4.75,2.559999942779541,2.759999990463257,1420000,0.0,0.0
2020-03-20 00:00:00-04:00,2.490000009536743,2.687999963760376,2.0,2.299999952316284,313000,0.0,0.0
2020-03-23 00:00:00-04:00,2.200000047683716,2.299999952316284,1.7300000190734863,2.049999952316284,253700,0.0,0.0
2020-03-24 00:00:00-04:00,2.0899999141693115,2.4000000953674316,1.909999966621399,1.940000057220459,150000,0.0,0.0
2020-03-25 00:00:00-04:00,1.899999976158142,2.049999952316284,1.7000000476837158,1.9500000476837158,168700,0.0,0.0
2020-03-26 00:00:00-04:00,1.8799999952316284,2.3399999141693115,1.649999976158142,2.25,221100,0.0,0.0
2020-03-27 00:00:00-04:00,2.200000047683716,2.200000047683716,1.7999999523162842,1.9500000476837158,108700,0.0,0.0
2020-03-30 00:00:00-04:00,2.0899999141693115,2.200000047683716,1.850000023841858,1.899999976158142,138800,0.0,0.0
2020-03-31 00:00:00-04:00,1.8799999952316284,1.9700000286102295,1.6200000047683716,1.659999966621399,85900,0.0,0.0
2020-04-01 00:00:00-04:00,1.6200000047683716,1.899999976158142,1.600000023841858,1.7000000476837158,144100,0.0,0.0
2020-04-02 00:00:00-04:00,1.7400000095367432,1.7410000562667847,1.5800000429153442,1.649999976158142,60700,0.0,0.0
2020-04-03 00:00:00-04:00,1.5199999809265137,1.7400000095367432,1.4199999570846558,1.5700000524520874,44800,0.0,0.0
2020-04-06 00:00:00-04:00,1.6399999856948853,1.75,1.4819999933242798,1.7400000095367432,33800,0.0,0.0
2020-04-07 00:00:00-04:00,1.8240000009536743,1.8899999856948853,1.6200000047683716,1.7300000190734863,38300,0.0,0.0
2020-04-08 00:00:00-04:00,1.659999966621399,1.7599999904632568,1.659999966621399,1.7000000476837158,20800,0.0,0.0
2020-04-09 00:00:00-04:00,1.6100000143051147,1.6790000200271606,1.4199999570846558,1.649999976158142,81800,0.0,0.0
2020-04-13 00:00:00-04:00,1.6799999475479126,1.690000057220459,1.5299999713897705,1.6799999475479126,12500,0.0,0.0
2020-04-14 00:00:00-04:00,1.6699999570846558,1.75,1.5529999732971191,1.7400000095367432,21700,0.0,0.0
2020-04-15 00:00:00-04:00,1.9600000381469727,3.0,1.8700000047683716,2.0199999809265137,4098100,0.0,0.0
2020-04-16 00:00:00-04:00,1.9199999570846558,2.1600000858306885,1.7400000095367432,1.9299999475479126,335800,0.0,0.0
2020-04-17 00:00:00-04:00,1.9600000381469727,2.0799999237060547,1.75,1.8200000524520874,90300,0.0,0.0
2020-04-20 00:00:00-04:00,1.7599999904632568,2.0399999618530273,1.659999966621399,1.8700000047683716,133800,0.0,0.0
2020-04-21 00:00:00-04:00,1.850000023841858,1.8799999952316284,1.75,1.8300000429153442,41800,0.0,0.0
2020-04-22 00:00:00-04:00,1.7999999523162842,1.9700000286102295,1.7699999809265137,1.809999942779541,27300,0.0,0.0
2020-04-23 00:00:00-04:00,1.7999999523162842,1.8300000429153442,1.7100000381469727,1.8200000524520874,41400,0.0,0.0
2020-04-24 00:00:00-04:00,1.75,1.850000023841858,1.6799999475479126,1.7899999618530273,11800,0.0,0.0
2020-04-27 00:00:00-04:00,1.7710000276565552,1.7899999618530273,1.659999966621399,1.7300000190734863,50600,0.0,0.0
2020-04-28 00:00:00-04:00,1.7400000095367432,1.75,1.6699999570846558,1.75,47200,0.0,0.0
2020-04-29 00:00:00-04:00,1.7100000381469727,1.840000033378601,1.649999976158142,1.7999999523162842,85900,0.0,0.0
2020-04-30 00:00:00-04:00,1.8300000429153442,1.9900000095367432,1.7300000190734863,1.9199999570846558,111600,0.0,0.0
2020-05-01 00:00:00-04:00,1.9199999570846558,2.1500000953674316,1.7000000476837158,1.7599999904632568,207800,0.0,0.0
2020-05-04 00:00:00-04:00,1.7999999523162842,1.8700000047683716,1.6399999856948853,1.8700000047683716,62700,0.0,0.0
2020-05-05 00:00:00-04:00,1.8600000143051147,1.8949999809265137,1.75,1.7599999904632568,30100,0.0,0.0
2020-05-06 00:00:00-04:00,1.8799999952316284,1.8799999952316284,1.649999976158142,1.7400000095367432,35100,0.0,0.0
2020-05-07 00:00:00-04:00,1.8300000429153442,1.909999966621399,1.6799999475479126,1.7999999523162842,179600,0.0,0.0
2020-05-08 00:00:00-04:00,1.840000033378601,1.9800000190734863,1.7599999904632568,1.8600000143051147,192300,0.0,0.0
2020-05-11 00:00:00-04:00,1.8600000143051147,1.899999976158142,1.7359999418258667,1.7790000438690186,114100,0.0,0.0
2020-05-12 00:00:00-04:00,1.7999999523162842,2.0399999618530273,1.7289999723434448,1.8830000162124634,315500,0.0,0.0
2020-05-13 00:00:00-04:00,1.8799999952316284,1.899999976158142,1.75,1.8329999446868896,100100,0.0,0.0
2020-05-14 00:00:00-04:00,1.7699999809265137,1.8200000524520874,1.7000000476837158,1.7599999904632568,60600,0.0,0.0
2020-05-15 00:00:00-04:00,1.7599999904632568,1.7999999523162842,1.7599999904632568,1.7999999523162842,31000,0.0,0.0
2020-05-18 00:00:00-04:00,1.840000033378601,2.4700000286102295,1.7999999523162842,2.0910000801086426,1164200,0.0,0.0
2020-05-19 00:00:00-04:00,2.1700000762939453,2.200000047683716,1.940000057220459,2.0199999809265137,142900,0.0,0.0
2020-05-20 00:00:00-04:00,1.9900000095367432,2.069999933242798,1.8600000143051147,1.909999966621399,82300,0.0,0.0
2020-05-21 00:00:00-04:00,1.8700000047683716,2.0,1.850000023841858,1.9299999475479126,80200,0.0,0.0
2020-05-22 00:00:00-04:00,1.8799999952316284,1.9600000381469727,1.8200000524520874,1.9199999570846558,35900,0.0,0.0
2020-05-26 00:00:00-04:00,2.0,2.0,1.9199999570846558,1.9199999570846558,29000,0.0,0.0
2020-05-27 00:00:00-04:00,1.909999966621399,2.200000047683716,1.899999976158142,2.0399999618530273,141500,0.0,0.0
2020-05-28 00:00:00-04:00,2.069999933242798,2.119999885559082,1.9500000476837158,1.9600000381469727,69400,0.0,0.0
2020-05-29 00:00:00-04:00,1.9600000381469727,2.049999952316284,1.909999966621399,1.9320000410079956,30800,0.0,0.0
2020-06-01 00:00:00-04:00,1.940000057220459,2.0999999046325684,1.937999963760376,2.0299999713897705,40800,0.0,0.0
2020-06-02 00:00:00-04:00,2.0199999809265137,2.3499999046325684,2.0199999809265137,2.2100000381469727,423800,0.0,0.0
2020-06-03 00:00:00-04:00,2.2799999713897705,2.4800000190734863,2.1029999256134033,2.2200000286102295,183500,0.0,0.0
2020-06-04 00:00:00-04:00,2.2899999618530273,2.2899999618530273,2.0999999046325684,2.180000066757202,57200,0.0,0.0
2020-06-05 00:00:00-04:00,2.2799999713897705,2.4000000953674316,2.109999895095825,2.2720000743865967,126500,0.0,0.0
2020-06-08 00:00:00-04:00,2.25,2.700000047683716,2.25,2.5,481000,0.0,0.0
2020-06-09 00:00:00-04:00,2.450000047683716,2.4600000381469727,2.299999952316284,2.312000036239624,89600,0.0,0.0
2020-06-10 00:00:00-04:00,2.3299999237060547,2.3299999237060547,2.0899999141693115,2.259999990463257,109000,0.0,0.0
2020-06-11 00:00:00-04:00,2.059999942779541,2.9000000953674316,2.009999990463257,2.4600000381469727,867200,0.0,0.0
2020-06-12 00:00:00-04:00,2.4000000953674316,2.4149999618530273,2.0799999237060547,2.1679999828338623,153900,0.0,0.0
2020-06-15 00:00:00-04:00,2.0999999046325684,2.4700000286102295,2.0799999237060547,2.309999942779541,118000,0.0,0.0
2020-06-16 00:00:00-04:00,2.4000000953674316,2.75,2.2699999809265137,2.630000114440918,519600,0.0,0.0
2020-06-17 00:00:00-04:00,2.640000104904175,2.690000057220459,2.4000000953674316,2.450000047683716,170800,0.0,0.0
2020-06-18 00:00:00-04:00,2.450000047683716,2.678999900817871,2.38100004196167,2.5,98700,0.0,0.0
2020-06-19 00:00:00-04:00,2.4100000858306885,2.559999942779541,2.2300000190734863,2.2300000190734863,109300,0.0,0.0
2020-06-22 00:00:00-04:00,2.359999895095825,2.440000057220459,2.259999990463257,2.299999952316284,54600,0.0,0.0
2020-06-23 00:00:00-04:00,2.325000047683716,2.75,2.2899999618530273,2.7100000381469727,715600,0.0,0.0
2020-06-24 00:00:00-04:00,2.5999999046325684,3.119999885559082,2.309999942779541,2.450000047683716,674400,0.0,0.0
2020-06-25 00:00:00-04:00,2.5199999809265137,2.950000047683716,2.440000057220459,2.680000066757202,604300,0.0,0.0
2020-06-26 00:00:00-04:00,2.700000047683716,2.7699999809265137,2.5,2.5899999141693115,117400,0.0,0.0
2020-06-29 00:00:00-04:00,2.630000114440918,2.950000047683716,2.559999942779541,2.609999895095825,758600,0.0,0.0
2020-06-30 00:00:00-04:00,2.609999895095825,2.9000000953674316,2.509999990463257,2.7100000381469727,491800,0.0,0.0
2020-07-01 00:00:00-04:00,2.809999942779541,2.819999933242798,2.6500000953674316,2.700000047683716,130600,0.0,0.0
2020-07-02 00:00:00-04:00,2.6600000858306885,2.740000009536743,2.4600000381469727,2.6600000858306885,303100,0.0,0.0
2020-07-06 00:00:00-04:00,2.619999885559082,2.890000104904175,2.569999933242798,2.6600000858306885,321100,0.0,0.0
2020-07-07 00:00:00-04:00,2.640000104904175,2.640000104904175,2.4600000381469727,2.4800000190734863,152700,0.0,0.0
2020-07-08 00:00:00-04:00,2.4700000286102295,2.5399999618530273,2.3499999046325684,2.4100000858306885,139300,0.0,0.0
2020-07-09 00:00:00-04:00,2.430000066757202,2.619999885559082,2.384999990463257,2.609999895095825,187400,0.0,0.0
2020-07-10 00:00:00-04:00,2.5899999141693115,2.5899999141693115,2.4700000286102295,2.559999942779541,42100,0.0,0.0
2020-07-13 00:00:00-04:00,2.549999952316284,2.569999933242798,2.299999952316284,2.3499999046325684,92700,0.0,0.0
2020-07-14 00:00:00-04:00,2.390000104904175,2.4000000953674316,2.2100000381469727,2.25,96600,0.0,0.0
2020-07-15 00:00:00-04:00,2.2699999809265137,2.4000000953674316,2.25,2.390000104904175,100400,0.0,0.0
2020-07-16 00:00:00-04:00,2.309999942779541,2.369999885559082,2.25,2.3299999237060547,42300,0.0,0.0
2020-07-17 00:00:00-04:00,2.359999895095825,2.5399999618530273,2.309999942779541,2.390000104904175,159300,0.0,0.0
2020-07-20 00:00:00-04:00,2.4000000953674316,2.4000000953674316,2.319999933242798,2.359999895095825,46300,0.0,0.0
2020-07-21 00:00:00-04:00,2.3499999046325684,2.490000009536743,2.3499999046325684,2.4100000858306885,82000,0.0,0.0
2020-07-22 00:00:00-04:00,2.5,2.559999942779541,2.4000000953674316,2.4000000953674316,112800,0.0,0.0
2020-07-23 00:00:00-04:00,2.4100000858306885,2.4649999141693115,2.259999990463257,2.3299999237060547,76800,0.0,0.0
2020-07-24 00:00:00-04:00,2.2899999618530273,2.2960000038146973,2.009999990463257,2.240000009536743,104300,0.0,0.0
2020-07-27 00:00:00-04:00,2.240000009536743,2.316999912261963,2.2300000190734863,2.25,42500,0.0,0.0
2020-07-28 00:00:00-04:00,2.240000009536743,2.3499999046325684,2.240000009536743,2.25,73500,0.0,0.0
2020-07-29 00:00:00-04:00,2.2300000190734863,2.255000114440918,2.049999952316284,2.0899999141693115,127200,0.0,0.0
2020-07-30 00:00:00-04:00,2.299999952316284,2.369999885559082,2.119999885559082,2.319999933242798,351000,0.0,0.0
2020-07-31 00:00:00-04:00,2.2899999618530273,2.2899999618530273,2.0899999141693115,2.119999885559082,83500,0.0,0.0
2020-08-03 00:00:00-04:00,2.200000047683716,2.200000047683716,2.0999999046325684,2.1600000858306885,47800,0.0,0.0
2020-08-04 00:00:00-04:00,2.130000114440918,2.2100000381469727,2.130000114440918,2.140000104904175,27500,0.0,0.0
2020-08-05 00:00:00-04:00,2.1500000953674316,2.1649999618530273,2.0999999046325684,2.1500000953674316,33600,0.0,0.0
2020-08-06 00:00:00-04:00,2.1600000858306885,2.180000066757202,2.069999933242798,2.125,40900,0.0,0.0
2020-08-07 00:00:00-04:00,2.119999885559082,2.180000066757202,2.0899999141693115,2.119999885559082,55000,0.0,0.0
2020-08-10 00:00:00-04:00,2.119999885559082,2.4200000762939453,2.119999885559082,2.4000000953674316,282900,0.0,0.0
2020-08-11 00:00:00-04:00,2.450000047683716,2.75,2.3499999046325684,2.640000104904175,707600,0.0,0.0
2020-08-12 00:00:00-04:00,2.740000009536743,2.8239998817443848,2.561000108718872,2.630000114440918,547500,0.0,0.0
2020-08-13 00:00:00-04:00,2.5799999237060547,2.5999999046325684,2.447999954223633,2.5299999713897705,168100,0.0,0.0
2020-08-14 00:00:00-04:00,2.569999933242798,3.450000047683716,2.5,3.200000047683716,1774500,0.0,0.0
2020-08-17 00:00:00-04:00,3.200000047683716,3.8399999141693115,2.799999952316284,2.859999895095825,2256100,0.0,0.0
2020-08-18 00:00:00-04:00,2.950000047683716,3.2699999809265137,2.694999933242798,3.259999990463257,643100,0.0,0.0
2020-08-19 00:00:00-04:00,3.1700000762939453,3.5799999237060547,3.0999999046325684,3.319999933242798,1418700,0.0,0.0
2020-08-20 00:00:00-04:00,3.319999933242798,3.3399999141693115,2.9000000953674316,3.1500000953674316,503000,0.0,0.0
2020-08-21 00:00:00-04:00,3.0999999046325684,3.4000000953674316,2.950000047683716,3.059999942779541,747200,0.0,0.0
2020-08-24 00:00:00-04:00,3.0299999713897705,3.0450000762939453,2.8299999237060547,3.0,364600,0.0,0.0
2020-08-25 00:00:00-04:00,2.9800000190734863,2.9800000190734863,2.7899999618530273,2.8499999046325684,188700,0.0,0.0
2020-08-26 00:00:00-04:00,2.859999895095825,2.9600000381469727,2.700000047683716,2.7300000190734863,544300,0.0,0.0
2020-08-27 00:00:00-04:00,2.4800000190734863,2.630000114440918,2.4200000762939453,2.559999942779541,276600,0.0,0.0
2020-08-28 00:00:00-04:00,2.509999990463257,2.680000066757202,2.5,2.6500000953674316,95300,0.0,0.0
2020-08-31 00:00:00-04:00,2.799999952316284,2.799999952316284,2.559999942779541,2.6500000953674316,149800,0.0,0.0
2020-09-01 00:00:00-04:00,2.5799999237060547,2.5799999237060547,2.4200000762939453,2.450000047683716,129500,0.0,0.0
2020-09-02 00:00:00-04:00,2.4600000381469727,2.5269999504089355,2.2899999618530273,2.299999952316284,143400,0.0,0.0
2020-09-03 00:00:00-04:00,2.2899999618530273,2.6500000953674316,2.2799999713897705,2.430000066757202,492000,0.0,0.0
2020-09-04 00:00:00-04:00,2.430000066757202,2.5999999046325684,2.4100000858306885,2.509999990463257,214800,0.0,0.0
2020-09-08 00:00:00-04:00,2.5799999237060547,2.739000082015991,2.509999990463257,2.630000114440918,411900,0.0,0.0
2020-09-09 00:00:00-04:00,2.6700000762939453,2.6700000762939453,2.4100000858306885,2.450000047683716,789500,0.0,0.0
2020-09-10 00:00:00-04:00,2.200000047683716,2.25,1.850000023841858,1.8799999952316284,912300,0.0,0.0
2020-09-11 00:00:00-04:00,1.7100000381469727,1.7400000095367432,1.5800000429153442,1.6200000047683716,1364600,0.0,0.0
2020-09-14 00:00:00-04:00,1.6200000047683716,1.6299999952316284,1.5,1.5099999904632568,571500,0.0,0.0
2020-09-15 00:00:00-04:00,1.5700000524520874,1.5800000429153442,1.5,1.5,514200,0.0,0.0
2020-09-16 00:00:00-04:00,1.5,1.600000023841858,1.5,1.5499999523162842,1018700,0.0,0.0
2020-09-17 00:00:00-04:00,1.5800000429153442,1.690000057220459,1.524999976158142,1.600000023841858,890600,0.0,0.0
2020-09-18 00:00:00-04:00,1.5800000429153442,1.6200000047683716,1.5,1.5800000429153442,414900,0.0,0.0
2020-09-21 00:00:00-04:00,1.5399999618530273,1.6200000047683716,1.5099999904632568,1.5700000524520874,1795900,0.0,0.0
2020-09-22 00:00:00-04:00,1.600000023841858,1.6200000047683716,1.5410000085830688,1.5700000524520874,690000,0.0,0.0
2020-09-23 00:00:00-04:00,1.5700000524520874,1.5700000524520874,1.5,1.5199999809265137,680500,0.0,0.0
2020-09-24 00:00:00-04:00,1.600000023841858,1.6390000581741333,1.399999976158142,1.440000057220459,2223100,0.0,0.0
2020-09-25 00:00:00-04:00,1.4299999475479126,1.4299999475479126,1.309999942779541,1.3799999952316284,601800,0.0,0.0
2020-09-28 00:00:00-04:00,1.3600000143051147,1.4800000190734863,1.350000023841858,1.4500000476837158,313400,0.0,0.0
2020-09-29 00:00:00-04:00,1.409999966621399,1.4500000476837158,1.371999979019165,1.399999976158142,409600,0.0,0.0
2020-09-30 00:00:00-04:00,1.4299999475479126,1.4700000286102295,1.399999976158142,1.4199999570846558,299000,0.0,0.0
2020-10-01 00:00:00-04:00,1.4800000190734863,1.6299999952316284,1.4459999799728394,1.5499999523162842,842200,0.0,0.0
2020-10-02 00:00:00-04:00,1.4800000190734863,1.659999966621399,1.4700000286102295,1.6200000047683716,524200,0.0,0.0
2020-10-05 00:00:00-04:00,1.6399999856948853,1.6699999570846558,1.5800000429153442,1.600000023841858,272600,0.0,0.0
2020-10-06 00:00:00-04:00,1.6399999856948853,1.8700000047683716,1.6299999952316284,1.690000057220459,1333900,0.0,0.0
2020-10-07 00:00:00-04:00,1.940000057220459,2.0299999713897705,1.7100000381469727,1.7599999904632568,4748900,0.0,0.0
2020-10-08 00:00:00-04:00,1.6699999570846558,1.7400000095367432,1.649999976158142,1.7200000286102295,716700,0.0,0.0
2020-10-09 00:00:00-04:00,1.6799999475479126,1.690999984741211,1.5720000267028809,1.6200000047683716,699300,0.0,0.0
2020-10-12 00:00:00-04:00,1.600000023841858,1.649999976158142,1.5800000429153442,1.590000033378601,254400,0.0,0.0
2020-10-13 00:00:00-04:00,1.590000033378601,1.6089999675750732,1.5499999523162842,1.5700000524520874,279700,0.0,0.0
2020-10-14 00:00:00-04:00,1.559999942779541,1.6200000047683716,1.5,1.5399999618530273,547900,0.0,0.0
2020-10-15 00:00:00-04:00,1.5299999713897705,1.6200000047683716,1.5199999809265137,1.590000033378601,240200,0.0,0.0
2020-10-16 00:00:00-04:00,1.590000033378601,1.690000057220459,1.5800000429153442,1.5800000429153442,704500,0.0,0.0
2020-10-19 00:00:00-04:00,1.6299999952316284,1.6799999475479126,1.5499999523162842,1.6200000047683716,478900,0.0,0.0
2020-10-20 00:00:00-04:00,1.659999966621399,1.7200000286102295,1.600000023841858,1.659999966621399,877500,0.0,0.0
2020-10-21 00:00:00-04:00,1.659999966621399,1.659999966621399,1.5199999809265137,1.5299999713897705,1634200,0.0,0.0
2020-10-22 00:00:00-04:00,1.5499999523162842,1.5700000524520874,1.4919999837875366,1.5299999713897705,317000,0.0,0.0
2020-10-23 00:00:00-04:00,1.5299999713897705,1.659999966621399,1.5,1.5299999713897705,4307600,0.0,0.0
2020-10-26 00:00:00-04:00,2.2100000381469727,2.690000057220459,1.899999976158142,2.0399999618530273,84019900,0.0,0.0
2020-10-27 00:00:00-04:00,1.899999976158142,1.9199999570846558,1.7000000476837158,1.7599999904632568,3368900,0.0,0.0
2020-10-28 00:00:00-04:00,1.6799999475479126,1.690000057220459,1.559999942779541,1.6200000047683716,1106800,0.0,0.0
2020-10-29 00:00:00-04:00,1.5499999523162842,1.659999966621399,1.5499999523162842,1.6200000047683716,1166900,0.0,0.0
2020-10-30 00:00:00-04:00,1.6100000143051147,1.8600000143051147,1.5499999523162842,1.809999942779541,1704200,0.0,0.0
2020-11-02 00:00:00-05:00,1.7400000095367432,1.840000033378601,1.6920000314712524,1.8200000524520874,1480300,0.0,0.0
2020-11-03 00:00:00-05:00,1.850000023841858,2.0,1.7599999904632568,1.9500000476837158,1071000,0.0,0.0
2020-11-04 00:00:00-05:00,1.9900000095367432,1.9900000095367432,1.8799999952316284,1.899999976158142,373600,0.0,0.0
2020-11-05 00:00:00-05:00,1.940000057220459,1.9500000476837158,1.850000023841858,1.8600000143051147,382800,0.0,0.0
2020-11-06 00:00:00-05:00,1.7999999523162842,1.850000023841858,1.784000039100647,1.8200000524520874,249400,0.0,0.0
2020-11-09 00:00:00-05:00,1.8200000524520874,1.940000057220459,1.809999942779541,1.840000033378601,507700,0.0,0.0
2020-11-10 00:00:00-05:00,1.8600000143051147,1.899999976158142,1.7799999713897705,1.8200000524520874,240000,0.0,0.0
2020-11-11 00:00:00-05:00,1.8200000524520874,2.0309998989105225,1.7799999713897705,1.9800000190734863,1688100,0.0,0.0
2020-11-12 00:00:00-05:00,1.940000057220459,2.0,1.8799999952316284,1.8799999952316284,332600,0.0,0.0
2020-11-13 00:00:00-05:00,1.8799999952316284,1.940000057220459,1.8799999952316284,1.909999966621399,183200,0.0,0.0
2020-11-16 00:00:00-05:00,1.9500000476837158,2.119999885559082,1.899999976158142,2.0399999618530273,1319700,0.0,0.0
2020-11-17 00:00:00-05:00,2.049999952316284,2.0799999237060547,1.9299999475479126,1.9299999475479126,473200,0.0,0.0
2020-11-18 00:00:00-05:00,1.9500000476837158,2.0169999599456787,1.8700000047683716,1.9800000190734863,605600,0.0,0.0
2020-11-19 00:00:00-05:00,1.9700000286102295,2.0799999237060547,1.9199999570846558,2.049999952316284,839000,0.0,0.0
2020-11-20 00:00:00-05:00,2.0,2.0999999046325684,1.9500000476837158,2.069999933242798,624300,0.0,0.0
2020-11-23 00:00:00-05:00,2.069999933242798,2.299999952316284,2.059999942779541,2.299999952316284,1226600,0.0,0.0
2020-11-24 00:00:00-05:00,2.319999933242798,2.3499999046325684,2.0899999141693115,2.0999999046325684,607400,0.0,0.0
2020-11-25 00:00:00-05:00,2.0999999046325684,2.2049999237060547,2.059999942779541,2.1500000953674316,281000,0.0,0.0
2020-11-27 00:00:00-05:00,2.1700000762939453,2.200000047683716,2.119999885559082,2.1500000953674316,124400,0.0,0.0
2020-11-30 00:00:00-05:00,2.1589999198913574,2.200000047683716,2.0999999046325684,2.134999990463257,331800,0.0,0.0
2020-12-01 00:00:00-05:00,2.1600000858306885,2.1600000858306885,1.9600000381469727,2.009999990463257,479900,0.0,0.0
2020-12-02 00:00:00-05:00,1.9600000381469727,2.1500000953674316,1.9500000476837158,2.0799999237060547,472600,0.0,0.0
2020-12-03 00:00:00-05:00,2.059999942779541,2.1600000858306885,1.9500000476837158,2.0199999809265137,795100,0.0,0.0
2020-12-04 00:00:00-05:00,2.0299999713897705,2.0369999408721924,1.9700000286102295,1.9800000190734863,226800,0.0,0.0
2020-12-07 00:00:00-05:00,1.9900000095367432,2.0899999141693115,1.9600000381469727,2.0299999713897705,608800,0.0,0.0
2020-12-08 00:00:00-05:00,2.0199999809265137,2.130000114440918,1.9600000381469727,2.0799999237060547,920700,0.0,0.0
2020-12-09 00:00:00-05:00,2.140000104904175,2.3499999046325684,1.9700000286102295,2.0899999141693115,2034600,0.0,0.0
2020-12-10 00:00:00-05:00,2.049999952316284,2.0799999237060547,2.005000114440918,2.0199999809265137,209800,0.0,0.0
2020-12-11 00:00:00-05:00,2.0299999713897705,2.115000009536743,1.9900000095367432,2.059999942779541,445700,0.0,0.0
2020-12-14 00:00:00-05:00,2.119999885559082,2.119999885559082,2.0,2.0199999809265137,225100,0.0,0.0
2020-12-15 00:00:00-05:00,2.0299999713897705,2.0329999923706055,1.9700000286102295,1.9900000095367432,189400,0.0,0.0
2020-12-16 00:00:00-05:00,2.0,2.061000108718872,1.9600000381469727,2.009999990463257,294000,0.0,0.0
2020-12-17 00:00:00-05:00,2.0399999618530273,2.059999942779541,1.9819999933242798,2.009999990463257,263100,0.0,0.0
2020-12-18 00:00:00-05:00,2.009999990463257,2.0299999713897705,1.9700000286102295,1.9700000286102295,253600,0.0,0.0
2020-12-21 00:00:00-05:00,1.9700000286102295,2.0399999618530273,1.9199999570846558,2.009999990463257,385400,0.0,0.0
2020-12-22 00:00:00-05:00,2.0299999713897705,2.0299999713897705,1.9500000476837158,1.9600000381469727,195100,0.0,0.0
2020-12-23 00:00:00-05:00,1.9600000381469727,2.0299999713897705,1.9600000381469727,2.0,152400,0.0,0.0
2020-12-24 00:00:00-05:00,2.0,2.0,1.9600000381469727,1.9700000286102295,79000,0.0,0.0
2020-12-28 00:00:00-05:00,1.9700000286102295,2.0199999809265137,1.9550000429153442,1.9700000286102295,253000,0.0,0.0
2020-12-29 00:00:00-05:00,1.9800000190734863,1.9800000190734863,1.8700000047683716,1.909999966621399,179700,0.0,0.0
2020-12-30 00:00:00-05:00,1.9199999570846558,1.940000057220459,1.8799999952316284,1.909999966621399,240100,0.0,0.0
2020-12-31 00:00:00-05:00,1.940000057220459,1.940000057220459,1.6699999570846558,1.75,517800,0.0,0.0
2021-01-04 00:00:00-05:00,1.7799999713897705,1.8350000381469727,1.7799999713897705,1.8049999475479126,208900,0.0,0.0
2021-01-05 00:00:00-05:00,1.8200000524520874,1.9500000476837158,1.8200000524520874,1.899999976158142,395300,0.0,0.0
2021-01-06 00:00:00-05:00,1.8700000047683716,1.9320000410079956,1.809999942779541,1.8200000524520874,255000,0.0,0.0
2021-01-07 00:00:00-05:00,1.8650000095367432,1.8899999856948853,1.840000033378601,1.8600000143051147,187000,0.0,0.0
2021-01-08 00:00:00-05:00,1.8700000047683716,1.899999976158142,1.8300000429153442,1.8700000047683716,190600,0.0,0.0
2021-01-11 00:00:00-05:00,1.8799999952316284,1.940000057220459,1.8700000047683716,1.8799999952316284,192100,0.0,0.0
2021-01-12 00:00:00-05:00,1.9299999475479126,1.9850000143051147,1.899999976158142,1.9500000476837158,359300,0.0,0.0
2021-01-13 00:00:00-05:00,1.9500000476837158,1.9500000476837158,1.850000023841858,1.940000057220459,227300,0.0,0.0
2021-01-14 00:00:00-05:00,1.899999976158142,1.9299999475479126,1.8600000143051147,1.8899999856948853,286600,0.0,0.0
2021-01-15 00:00:00-05:00,1.899999976158142,1.9079999923706055,1.8300000429153442,1.8899999856948853,250700,0.0,0.0
2021-01-19 00:00:00-05:00,1.8899999856948853,1.9199999570846558,1.850000023841858,1.8899999856948853,220000,0.0,0.0
2021-01-20 00:00:00-05:00,1.899999976158142,2.0999999046325684,1.8600000143051147,2.0899999141693115,1879000,0.0,0.0
2021-01-21 00:00:00-05:00,2.0899999141693115,2.1500000953674316,1.9550000429153442,2.0999999046325684,1640100,0.0,0.0
2021-01-22 00:00:00-05:00,2.0899999141693115,2.180000066757202,2.0,2.1500000953674316,768700,0.0,0.0
2021-01-25 00:00:00-05:00,2.1500000953674316,2.200000047683716,2.0,2.190000057220459,567800,0.0,0.0
2021-01-26 00:00:00-05:00,2.240000009536743,2.430000066757202,2.0999999046325684,2.2699999809265137,1127400,0.0,0.0
2021-01-27 00:00:00-05:00,2.259999990463257,2.5,2.2049999237060547,2.253999948501587,951300,0.0,0.0
2021-01-28 00:00:00-05:00,2.240000009536743,2.309999942779541,2.140000104904175,2.180000066757202,315700,0.0,0.0
2021-01-29 00:00:00-05:00,2.1700000762939453,2.200000047683716,2.0199999809265137,2.130000114440918,349500,0.0,0.0
2021-02-01 00:00:00-05:00,2.119999885559082,2.1600000858306885,2.0199999809265137,2.130000114440918,297000,0.0,0.0
2021-02-02 00:00:00-05:00,2.0999999046325684,2.2100000381469727,2.069999933242798,2.0899999141693115,706600,0.0,0.0
2021-02-03 00:00:00-05:00,2.140000104904175,2.180000066757202,2.0999999046325684,2.140000104904175,223900,0.0,0.0
2021-02-04 00:00:00-05:00,2.1600000858306885,2.240000009536743,2.1600000858306885,2.2300000190734863,245400,0.0,0.0
2021-02-05 00:00:00-05:00,2.240000009536743,2.380000114440918,2.2200000286102295,2.319999933242798,375700,0.0,0.0
2021-02-08 00:00:00-05:00,2.3499999046325684,2.5,2.3499999046325684,2.4200000762939453,405500,0.0,0.0
2021-02-09 00:00:00-05:00,2.450000047683716,2.549999952316284,2.369999885559082,2.4800000190734863,525300,0.0,0.0
2021-02-10 00:00:00-05:00,2.5299999713897705,2.569999933242798,2.319999933242798,2.440000057220459,272300,0.0,0.0
2021-02-11 00:00:00-05:00,2.4700000286102295,3.130000114440918,2.390000104904175,2.869999885559082,9612400,0.0,0.0
2021-02-12 00:00:00-05:00,2.9800000190734863,3.700000047683716,2.700000047683716,3.0199999809265137,8721600,0.0,0.0
2021-02-16 00:00:00-05:00,2.890000104904175,2.890000104904175,2.680000066757202,2.765000104904175,1336100,0.0,0.0
2021-02-17 00:00:00-05:00,2.799999952316284,2.799999952316284,2.630000114440918,2.75,416000,0.0,0.0
2021-02-18 00:00:00-05:00,2.6700000762939453,2.75,2.609999895095825,2.630000114440918,282300,0.0,0.0
2021-02-19 00:00:00-05:00,2.6700000762939453,2.890000104904175,2.630000114440918,2.7899999618530273,497300,0.0,0.0
2021-02-22 00:00:00-05:00,2.740000009536743,2.940000057220459,2.6700000762939453,2.6700000762939453,429900,0.0,0.0
2021-02-23 00:00:00-05:00,2.5899999141693115,2.5899999141693115,2.1600000858306885,2.430000066757202,495500,0.0,0.0
2021-02-24 00:00:00-05:00,2.4600000381469727,2.690000057220459,2.4200000762939453,2.6700000762939453,219800,0.0,0.0
2021-02-25 00:00:00-05:00,2.5299999713897705,2.5799999237060547,2.359999895095825,2.5399999618530273,263300,0.0,0.0
2021-02-26 00:00:00-05:00,2.5,2.549999952316284,2.259999990463257,2.2799999713897705,269800,0.0,0.0
2021-03-01 00:00:00-05:00,2.3499999046325684,2.5899999141693115,2.2799999713897705,2.4200000762939453,264700,0.0,0.0
2021-03-02 00:00:00-05:00,2.440000057220459,2.490000009536743,2.3399999141693115,2.3499999046325684,88200,0.0,0.0
2021-03-03 00:00:00-05:00,2.3299999237060547,2.440000057220459,2.1500000953674316,2.25,222400,0.0,0.0
2021-03-04 00:00:00-05:00,2.190000057220459,2.25,1.9600000381469727,2.0299999713897705,369500,0.0,0.0
2021-03-05 00:00:00-05:00,2.140000104904175,2.190000057220459,1.9989999532699585,2.119999885559082,210800,0.0,0.0
2021-03-08 00:00:00-05:00,2.200000047683716,2.2899999618530273,2.130000114440918,2.2699999809265137,217200,0.0,0.0
2021-03-09 00:00:00-05:00,2.299999952316284,2.299999952316284,2.2100000381469727,2.2799999713897705,157100,0.0,0.0
2021-03-10 00:00:00-05:00,2.259999990463257,2.4700000286102295,2.2190001010894775,2.369999885559082,352400,0.0,0.0
2021-03-11 00:00:00-05:00,2.369999885559082,2.4700000286102295,2.2699999809265137,2.369999885559082,205800,0.0,0.0
2021-03-12 00:00:00-05:00,2.3499999046325684,2.430000066757202,2.316999912261963,2.3499999046325684,248600,0.0,0.0
2021-03-15 00:00:00-04:00,2.319999933242798,2.630000114440918,2.309999942779541,2.549999952316284,1107600,0.0,0.0
2021-03-16 00:00:00-04:00,2.6500000953674316,2.6530001163482666,2.4000000953674316,2.490000009536743,355100,0.0,0.0
2021-03-17 00:00:00-04:00,2.450000047683716,2.5399999618530273,2.390000104904175,2.4000000953674316,299600,0.0,0.0
2021-03-18 00:00:00-04:00,2.390000104904175,2.4600000381469727,2.3299999237060547,2.380000114440918,133100,0.0,0.0
2021-03-19 00:00:00-04:00,2.380000114440918,2.4100000858306885,2.2200000286102295,2.4100000858306885,224400,0.0,0.0
2021-03-22 00:00:00-04:00,2.4100000858306885,2.4100000858306885,2.2200000286102295,2.240000009536743,187300,0.0,0.0
2021-03-23 00:00:00-04:00,2.2799999713897705,2.2899999618530273,2.119999885559082,2.1500000953674316,178500,0.0,0.0
2021-03-24 00:00:00-04:00,2.1600000858306885,2.369999885559082,2.059999942779541,2.2300000190734863,553500,0.0,0.0
2021-03-25 00:00:00-04:00,2.25,2.3299999237060547,2.200000047683716,2.3299999237060547,192200,0.0,0.0
2021-03-26 00:00:00-04:00,2.3299999237060547,2.359999895095825,2.25,2.3499999046325684,239200,0.0,0.0
2021-03-29 00:00:00-04:00,2.359999895095825,2.549999952316284,2.259000062942505,2.430000066757202,680200,0.0,0.0
2021-03-30 00:00:00-04:00,2.319999933242798,2.380000114440918,2.059999942779541,2.2200000286102295,1378600,0.0,0.0
2021-03-31 00:00:00-04:00,2.200000047683716,2.299999952316284,2.180000066757202,2.2799999713897705,302500,0.0,0.0
2021-04-01 00:00:00-04:00,2.299999952316284,2.3499999046325684,2.200000047683716,2.3499999046325684,298600,0.0,0.0
2021-04-05 00:00:00-04:00,2.3299999237060547,2.3529999256134033,2.259999990463257,2.2899999618530273,185300,0.0,0.0
2021-04-06 00:00:00-04:00,2.2899999618530273,2.4700000286102295,2.2899999618530273,2.369999885559082,385000,0.0,0.0
2021-04-07 00:00:00-04:00,2.2300000190734863,2.3499999046325684,2.180000066757202,2.180000066757202,243700,0.0,0.0
2021-04-08 00:00:00-04:00,2.2200000286102295,2.2200000286102295,2.059999942779541,2.119999885559082,390400,0.0,0.0
2021-04-09 00:00:00-04:00,2.109999895095825,2.1500000953674316,2.0,2.059999942779541,428600,0.0,0.0
2021-04-12 00:00:00-04:00,2.059999942779541,2.059999942779541,1.850000023841858,1.9700000286102295,543100,0.0,0.0
2021-04-13 00:00:00-04:00,1.9500000476837158,2.0,1.9500000476837158,1.9800000190734863,106700,0.0,0.0
2021-04-14 00:00:00-04:00,1.9800000190734863,1.9900000095367432,1.8600000143051147,1.899999976158142,196000,0.0,0.0
2021-04-15 00:00:00-04:00,1.8899999856948853,1.902999997138977,1.6399999856948853,1.659999966621399,744800,0.0,0.0
2021-04-16 00:00:00-04:00,1.7050000429153442,1.7999999523162842,1.600000023841858,1.7000000476837158,423800,0.0,0.0
2021-04-19 00:00:00-04:00,1.6399999856948853,1.7000000476837158,1.5499999523162842,1.5499999523162842,396200,0.0,0.0
2021-04-20 00:00:00-04:00,1.6100000143051147,1.6100000143051147,1.3799999952316284,1.4900000095367432,686500,0.0,0.0
2021-04-21 00:00:00-04:00,1.4900000095367432,1.590000033378601,1.399999976158142,1.5399999618530273,334800,0.0,0.0
2021-04-22 00:00:00-04:00,1.5700000524520874,1.6679999828338623,1.4600000381469727,1.5399999618530273,1025000,0.0,0.0
2021-04-23 00:00:00-04:00,1.5700000524520874,1.6299999952316284,1.5429999828338623,1.6200000047683716,588400,0.0,0.0
2021-04-26 00:00:00-04:00,1.649999976158142,1.715999960899353,1.590000033378601,1.7000000476837158,264100,0.0,0.0
2021-04-27 00:00:00-04:00,1.7300000190734863,1.7300000190734863,1.6200000047683716,1.649999976158142,155300,0.0,0.0
2021-04-28 00:00:00-04:00,1.6699999570846558,1.7100000381469727,1.5700000524520874,1.6150000095367432,484800,0.0,0.0
2021-04-29 00:00:00-04:00,1.6399999856948853,1.6399999856948853,1.465000033378601,1.4900000095367432,701300,0.0,0.0
2021-04-30 00:00:00-04:00,1.4800000190734863,1.5700000524520874,1.4199999570846558,1.4700000286102295,495300,0.0,0.0
2021-05-03 00:00:00-04:00,1.4600000381469727,1.5399999618530273,1.4299999475479126,1.4900000095367432,410900,0.0,0.0
2021-05-04 00:00:00-04:00,1.4900000095367432,1.4950000047683716,1.409999966621399,1.4600000381469727,215800,0.0,0.0
2021-05-05 00:00:00-04:00,1.4700000286102295,1.5199999809265137,1.3899999856948853,1.4600000381469727,489200,0.0,0.0
2021-05-06 00:00:00-04:00,1.4299999475479126,1.4600000381469727,1.399999976158142,1.4299999475479126,166900,0.0,0.0
2021-05-07 00:00:00-04:00,1.4199999570846558,1.6399999856948853,1.409999966621399,1.5399999618530273,1604600,0.0,0.0
2021-05-10 00:00:00-04:00,1.5299999713897705,1.5399999618530273,1.409999966621399,1.4299999475479126,607900,0.0,0.0
2021-05-11 00:00:00-04:00,1.3799999952316284,1.4299999475479126,1.309999942779541,1.3600000143051147,601500,0.0,0.0
2021-05-12 00:00:00-04:00,1.3799999952316284,1.3819999694824219,1.2400000095367432,1.2899999618530273,582800,0.0,0.0
2021-05-13 00:00:00-04:00,1.2899999618530273,1.3200000524520874,1.1299999952316284,1.2300000190734863,748100,0.0,0.0
2021-05-14 00:00:00-04:00,1.25,1.3200000524520874,1.2000000476837158,1.2400000095367432,878800,0.0,0.0
2021-05-17 00:00:00-04:00,1.2300000190734863,1.2350000143051147,1.1699999570846558,1.2000000476837158,387700,0.0,0.0
2021-05-18 00:00:00-04:00,1.25,1.3200000524520874,1.1799999475479126,1.2899999618530273,1485700,0.0,0.0
2021-05-19 00:00:00-04:00,1.3200000524520874,1.3200000524520874,1.2100000381469727,1.2799999713897705,409700,0.0,0.0
2021-05-20 00:00:00-04:00,1.3300000429153442,1.3899999856948853,1.2599999904632568,1.3899999856948853,434900,0.0,0.0
2021-05-21 00:00:00-04:00,1.399999976158142,1.590000033378601,1.350000023841858,1.4600000381469727,1862900,0.0,0.0
2021-05-24 00:00:00-04:00,1.4600000381469727,1.4769999980926514,1.3300000429153442,1.3600000143051147,639900,0.0,0.0
2021-05-25 00:00:00-04:00,1.3799999952316284,1.3799999952316284,1.2699999809265137,1.2899999618530273,393400,0.0,0.0
2021-05-26 00:00:00-04:00,1.2899999618530273,1.3200000524520874,1.2400000095367432,1.2599999904632568,689700,0.0,0.0
2021-05-27 00:00:00-04:00,1.2899999618530273,1.3799999952316284,1.2300000190734863,1.309999942779541,2110500,0.0,0.0
2021-05-28 00:00:00-04:00,1.2999999523162842,1.409999966621399,1.2300000190734863,1.2899999618530273,3773700,0.0,0.0
2021-06-01 00:00:00-04:00,1.2799999713897705,1.350000023841858,1.2699999809265137,1.3200000524520874,598300,0.0,0.0
2021-06-02 00:00:00-04:00,1.3200000524520874,1.350000023841858,1.2790000438690186,1.340000033378601,833000,0.0,0.0
2021-06-03 00:00:00-04:00,1.3200000524520874,1.3600000143051147,1.2999999523162842,1.3600000143051147,442100,0.0,0.0
2021-06-04 00:00:00-04:00,1.350000023841858,1.4450000524520874,1.309999942779541,1.409999966621399,809700,0.0,0.0
2021-06-07 00:00:00-04:00,1.4500000476837158,1.4500000476837158,1.3799999952316284,1.440000057220459,391000,0.0,0.0
2021-06-08 00:00:00-04:00,1.4500000476837158,1.5,1.3899999856948853,1.4600000381469727,1181900,0.0,0.0
2021-06-09 00:00:00-04:00,1.4500000476837158,1.4700000286102295,1.3700000047683716,1.3899999856948853,592600,0.0,0.0
2021-06-10 00:00:00-04:00,1.3700000047683716,1.4199999570846558,1.340000033378601,1.3600000143051147,689300,0.0,0.0
2021-06-11 00:00:00-04:00,1.3799999952316284,1.4299999475479126,1.3600000143051147,1.4199999570846558,267700,0.0,0.0
2021-06-14 00:00:00-04:00,1.409999966621399,1.4199999570846558,1.350000023841858,1.3700000047683716,752400,0.0,0.0
2021-06-15 00:00:00-04:00,1.350000023841858,1.3700000047683716,1.2799999713897705,1.2899999618530273,546000,0.0,0.0
2021-06-16 00:00:00-04:00,1.2899999618530273,1.3300000429153442,1.2649999856948853,1.309999942779541,302100,0.0,0.0
2021-06-17 00:00:00-04:00,1.2999999523162842,1.3600000143051147,1.2899999618530273,1.309999942779541,328400,0.0,0.0
2021-06-18 00:00:00-04:00,1.309999942779541,1.3200000524520874,1.25,1.25,363900,0.0,0.0
2021-06-21 00:00:00-04:00,1.2999999523162842,1.309999942779541,1.2699999809265137,1.2799999713897705,212500,0.0,0.0
2021-06-22 00:00:00-04:00,1.2899999618530273,1.2999999523162842,1.2799999713897705,1.2799999713897705,65700,0.0,0.0
2021-06-23 00:00:00-04:00,1.309999942779541,1.340000033378601,1.25,1.2799999713897705,404900,0.0,0.0
2021-06-24 00:00:00-04:00,1.309999942779541,1.3300000429153442,1.2799999713897705,1.2999999523162842,175200,0.0,0.0
2021-06-25 00:00:00-04:00,1.2999999523162842,1.440000057220459,1.2999999523162842,1.4199999570846558,1358200,0.0,0.0
2021-06-28 00:00:00-04:00,1.4299999475479126,1.5800000429153442,1.3799999952316284,1.5199999809265137,2563700,0.0,0.0
2021-06-29 00:00:00-04:00,1.4900000095367432,1.5800000429153442,1.4500000476837158,1.5299999713897705,1201700,0.0,0.0
2021-06-30 00:00:00-04:00,1.5499999523162842,1.5499999523162842,1.350000023841858,1.399999976158142,862200,0.0,0.0
2021-07-01 00:00:00-04:00,1.3700000047683716,1.4500000476837158,1.340000033378601,1.340000033378601,429900,0.0,0.0
2021-07-02 00:00:00-04:00,1.3899999856948853,1.3899999856948853,1.2910000085830688,1.309999942779541,406800,0.0,0.0
2021-07-06 00:00:00-04:00,1.3300000429153442,1.4299999475479126,1.2799999713897705,1.4199999570846558,1460600,0.0,0.0
2021-07-07 00:00:00-04:00,1.3899999856948853,1.409999966621399,1.309999942779541,1.3300000429153442,493200,0.0,0.0
2021-07-08 00:00:00-04:00,1.2999999523162842,1.3179999589920044,1.2699999809265137,1.2999999523162842,304400,0.0,0.0
2021-07-09 00:00:00-04:00,1.309999942779541,1.350000023841858,1.2899999618530273,1.3300000429153442,170600,0.0,0.0
2021-07-12 00:00:00-04:00,1.340000033378601,1.350000023841858,1.309999942779541,1.3300000429153442,154200,0.0,0.0
2021-07-13 00:00:00-04:00,1.3300000429153442,1.340000033378601,1.2699999809265137,1.2899999618530273,336300,0.0,0.0
2021-07-14 00:00:00-04:00,1.2799999713897705,1.3289999961853027,1.2599999904632568,1.2599999904632568,264200,0.0,0.0
2021-07-15 00:00:00-04:00,1.25,1.2599999904632568,1.2100000381469727,1.215000033378601,365100,0.0,0.0
2021-07-16 00:00:00-04:00,1.2200000286102295,1.2300000190734863,1.159999966621399,1.1699999570846558,407500,0.0,0.0
2021-07-19 00:00:00-04:00,1.149999976158142,1.2000000476837158,1.1200000047683716,1.1699999570846558,778400,0.0,0.0
2021-07-20 00:00:00-04:00,1.2000000476837158,1.2400000095367432,1.149999976158142,1.2100000381469727,397600,0.0,0.0
2021-07-21 00:00:00-04:00,1.2599999904632568,1.2599999904632568,1.2100000381469727,1.2100000381469727,157700,0.0,0.0
2021-07-22 00:00:00-04:00,1.2200000286102295,1.2400000095367432,1.2000000476837158,1.2400000095367432,106900,0.0,0.0
2021-07-23 00:00:00-04:00,1.2300000190734863,1.2599999904632568,1.1749999523162842,1.190000057220459,310300,0.0,0.0
2021-07-26 00:00:00-04:00,1.1799999475479126,1.309999942779541,1.1699999570846558,1.2000000476837158,595900,0.0,0.0
2021-07-27 00:00:00-04:00,1.2200000286102295,1.3300000429153442,1.190000057220459,1.2699999809265137,904600,0.0,0.0
2021-07-28 00:00:00-04:00,1.2400000095367432,1.2699999809265137,1.2000000476837158,1.2200000286102295,196600,0.0,0.0
2021-07-29 00:00:00-04:00,1.2400000095367432,1.2999999523162842,1.2200000286102295,1.2300000190734863,425300,0.0,0.0
2021-07-30 00:00:00-04:00,1.2200000286102295,1.2999999523162842,1.2200000286102295,1.2599999904632568,1327200,0.0,0.0
2021-08-02 00:00:00-04:00,1.2400000095367432,1.2599999904632568,1.2200000286102295,1.2200000286102295,306600,0.0,0.0
2021-08-03 00:00:00-04:00,1.2300000190734863,1.2699999809265137,1.2300000190734863,1.2400000095367432,201000,0.0,0.0
2021-08-04 00:00:00-04:00,1.25,1.2599999904632568,1.2200000286102295,1.2400000095367432,133000,0.0,0.0
2021-08-05 00:00:00-04:00,1.2400000095367432,1.2400000095367432,1.2100000381469727,1.2200000286102295,134800,0.0,0.0
2021-08-06 00:00:00-04:00,1.2200000286102295,1.25,1.2200000286102295,1.2300000190734863,84900,0.0,0.0
2021-08-09 00:00:00-04:00,1.25,1.2599999904632568,1.2200000286102295,1.25,154400,0.0,0.0
2021-08-10 00:00:00-04:00,1.2300000190734863,1.25,1.2200000286102295,1.2200000286102295,82600,0.0,0.0
2021-08-11 00:00:00-04:00,1.2200000286102295,1.2400000095367432,1.2100000381469727,1.2200000286102295,71000,0.0,0.0
2021-08-12 00:00:00-04:00,1.2300000190734863,1.2300000190734863,1.2000000476837158,1.2100000381469727,89400,0.0,0.0
2021-08-13 00:00:00-04:00,1.2200000286102295,1.2200000286102295,1.190000057220459,1.190000057220459,167800,0.0,0.0
2021-08-16 00:00:00-04:00,1.2000000476837158,1.222000002861023,1.1399999856948853,1.1399999856948853,248600,0.0,0.0
2021-08-17 00:00:00-04:00,1.1799999475479126,1.1799999475479126,1.0499999523162842,1.0700000524520874,396700,0.0,0.0
2021-08-18 00:00:00-04:00,1.0700000524520874,1.1200000047683716,1.0700000524520874,1.0800000429153442,167100,0.0,0.0
2021-08-19 00:00:00-04:00,1.0800000429153442,1.1399999856948853,0.9800000190734863,1.0299999713897705,641100,0.0,0.0
2021-08-20 00:00:00-04:00,1.0399999618530273,1.0499999523162842,0.9850000143051147,1.0399999618530273,202200,0.0,0.0
2021-08-23 00:00:00-04:00,1.0299999713897705,1.0399999618530273,1.0110000371932983,1.0399999618530273,101400,0.0,0.0
2021-08-24 00:00:00-04:00,1.0199999809265137,1.1399999856948853,1.0199999809265137,1.1299999952316284,219400,0.0,0.0
2021-08-25 00:00:00-04:00,1.149999976158142,1.149999976158142,1.0700000524520874,1.1200000047683716,78300,0.0,0.0
2021-08-26 00:00:00-04:00,1.1200000047683716,1.1399999856948853,1.100000023841858,1.1399999856948853,82000,0.0,0.0
2021-08-27 00:00:00-04:00,1.1299999952316284,1.149999976158142,1.100000023841858,1.1399999856948853,97700,0.0,0.0
2021-08-30 00:00:00-04:00,1.1200000047683716,1.1799999475479126,1.1200000047683716,1.1699999570846558,89500,0.0,0.0
2021-08-31 00:00:00-04:00,1.1399999856948853,1.190000057220459,1.1399999856948853,1.1699999570846558,89800,0.0,0.0
2021-09-01 00:00:00-04:00,1.1799999475479126,1.2300000190734863,1.149999976158142,1.2200000286102295,223000,0.0,0.0
2021-09-02 00:00:00-04:00,1.2100000381469727,1.2100000381469727,1.1519999504089355,1.2000000476837158,242800,0.0,0.0
2021-09-03 00:00:00-04:00,1.2000000476837158,1.2000000476837158,1.1699999570846558,1.1799999475479126,88300,0.0,0.0
2021-09-07 00:00:00-04:00,1.1799999475479126,1.2100000381469727,1.1399999856948853,1.1699999570846558,74100,0.0,0.0
2021-09-08 00:00:00-04:00,1.159999966621399,1.1699999570846558,1.0809999704360962,1.149999976158142,89200,0.0,0.0
2021-09-09 00:00:00-04:00,1.1299999952316284,1.1299999952316284,1.100000023841858,1.1200000047683716,99100,0.0,0.0
2021-09-10 00:00:00-04:00,1.1299999952316284,1.1299999952316284,1.059999942779541,1.0700000524520874,191500,0.0,0.0
2021-09-13 00:00:00-04:00,1.1100000143051147,1.1200000047683716,1.0700000524520874,1.1100000143051147,104100,0.0,0.0
2021-09-14 00:00:00-04:00,1.100000023841858,1.1100000143051147,1.0700000524520874,1.0700000524520874,104400,0.0,0.0
2021-09-15 00:00:00-04:00,1.0499999523162842,1.1469999551773071,1.0299999713897705,1.090000033378601,946900,0.0,0.0
2021-09-16 00:00:00-04:00,1.0800000429153442,1.0800000429153442,1.0099999904632568,1.0399999618530273,205600,0.0,0.0
2021-09-17 00:00:00-04:00,1.0399999618530273,1.0700000524520874,1.0299999713897705,1.0700000524520874,92200,0.0,0.0
2021-09-20 00:00:00-04:00,1.0399999618530273,1.059999942779541,1.0199999809265137,1.0199999809265137,123200,0.0,0.0
2021-09-21 00:00:00-04:00,1.0299999713897705,1.0399999618530273,0.9900000095367432,0.9900000095367432,172000,0.0,0.0
2021-09-22 00:00:00-04:00,1.0,1.0360000133514404,0.9900000095367432,1.0149999856948853,274500,0.0,0.0
2021-09-23 00:00:00-04:00,1.0199999809265137,1.0399999618530273,1.0099999904632568,1.0399999618530273,118100,0.0,0.0
2021-09-24 00:00:00-04:00,1.0399999618530273,1.059999942779541,1.0199999809265137,1.0499999523162842,94500,0.0,0.0
2021-09-27 00:00:00-04:00,1.059999942779541,1.059999942779541,1.0,1.0299999713897705,140800,0.0,0.0
2021-09-28 00:00:00-04:00,1.0299999713897705,1.090000033378601,1.0199999809265137,1.0700000524520874,192100,0.0,0.0
2021-09-29 00:00:00-04:00,1.0800000429153442,1.0800000429153442,1.0299999713897705,1.0399999618530273,179800,0.0,0.0
2021-09-30 00:00:00-04:00,1.1200000047683716,1.1799999475479126,1.1200000047683716,1.1399999856948853,511100,0.0,0.0
2021-10-01 00:00:00-04:00,1.159999966621399,1.159999966621399,1.090000033378601,1.1200000047683716,145700,0.0,0.0
2021-10-04 00:00:00-04:00,1.190000057220459,1.2000000476837158,1.0499999523162842,1.090000033378601,369700,0.0,0.0
2021-10-05 00:00:00-04:00,1.1200000047683716,1.1200000047683716,1.059999942779541,1.0700000524520874,100500,0.0,0.0
2021-10-06 00:00:00-04:00,1.0800000429153442,1.100000023841858,1.0299999713897705,1.090000033378601,212300,0.0,0.0
2021-10-07 00:00:00-04:00,1.100000023841858,1.100000023841858,1.0499999523162842,1.0700000524520874,214500,0.0,0.0
2021-10-08 00:00:00-04:00,1.0800000429153442,1.0800000429153442,1.0199999809265137,1.0399999618530273,228400,0.0,0.0
2021-10-11 00:00:00-04:00,1.0299999713897705,1.0399999618530273,1.0099999904632568,1.0199999809265137,50300,0.0,0.0
2021-10-12 00:00:00-04:00,1.0099999904632568,1.0299999713897705,1.003000020980835,1.0099999904632568,100000,0.0,0.0
2021-10-13 00:00:00-04:00,1.0299999713897705,1.059999942779541,1.0199999809265137,1.059999942779541,281000,0.0,0.0
2021-10-14 00:00:00-04:00,1.0299999713897705,1.0499999523162842,1.0199999809265137,1.0299999713897705,88100,0.0,0.0
2021-10-15 00:00:00-04:00,1.0199999809265137,1.090000033378601,1.0099999904632568,1.0299999713897705,224900,0.0,0.0
2021-10-18 00:00:00-04:00,1.0499999523162842,1.0499999523162842,1.0099999904632568,1.0299999713897705,174900,0.0,0.0
2021-10-19 00:00:00-04:00,1.0399999618530273,1.0399999618530273,1.0099999904632568,1.0199999809265137,77800,0.0,0.0
2021-10-20 00:00:00-04:00,1.0199999809265137,1.0399999618530273,1.0,1.0299999713897705,264100,0.0,0.0
2021-10-21 00:00:00-04:00,1.0399999618530273,1.059999942779541,1.0199999809265137,1.059999942779541,95300,0.0,0.0
2021-10-22 00:00:00-04:00,1.0399999618530273,1.0440000295639038,1.0099999904632568,1.0099999904632568,160800,0.0,0.0
2021-10-25 00:00:00-04:00,1.0199999809265137,1.1699999570846558,1.0,1.090000033378601,1090900,0.0,0.0
2021-10-26 00:00:00-04:00,1.090000033378601,1.1699999570846558,1.0299999713897705,1.1699999570846558,1046400,0.0,0.0
2021-10-27 00:00:00-04:00,1.149999976158142,1.1699999570846558,1.0700000524520874,1.100000023841858,551500,0.0,0.0
2021-10-28 00:00:00-04:00,1.0800000429153442,1.1399999856948853,1.059999942779541,1.0800000429153442,211300,0.0,0.0
2021-10-29 00:00:00-04:00,1.0499999523162842,1.1100000143051147,1.0499999523162842,1.1100000143051147,2234600,0.0,0.0
2021-11-01 00:00:00-04:00,1.2200000286102295,2.200000047683716,1.149999976158142,1.6699999570846558,82519200,0.0,0.0
2021-11-02 00:00:00-04:00,1.3700000047683716,1.559999942779541,1.2599999904632568,1.440000057220459,15663800,0.0,0.0
2021-11-03 00:00:00-04:00,1.3700000047683716,1.4800000190734863,1.2799999713897705,1.309999942779541,5388500,0.0,0.0
2021-11-04 00:00:00-04:00,1.3899999856948853,1.4900000095367432,1.340000033378601,1.3899999856948853,4803200,0.0,0.0
2021-11-05 00:00:00-04:00,1.3700000047683716,1.440000057220459,1.2699999809265137,1.2999999523162842,1744000,0.0,0.0
2021-11-08 00:00:00-05:00,1.2630000114440918,1.3300000429153442,1.2599999904632568,1.309999942779541,1652000,0.0,0.0
2021-11-09 00:00:00-05:00,1.2799999713897705,1.3200000524520874,1.25,1.2699999809265137,584900,0.0,0.0
2021-11-10 00:00:00-05:00,1.25,1.2899999618530273,1.2200000286102295,1.2300000190734863,666000,0.0,0.0
2021-11-11 00:00:00-05:00,1.2699999809265137,1.4600000381469727,1.2699999809265137,1.2999999523162842,4823400,0.0,0.0
2021-11-12 00:00:00-05:00,1.2899999618530273,1.409999966621399,1.2599999904632568,1.3899999856948853,2660100,0.0,0.0
2021-11-15 00:00:00-05:00,1.399999976158142,1.590000033378601,1.340000033378601,1.4500000476837158,8334800,0.0,0.0
2021-11-16 00:00:00-05:00,1.340000033378601,1.4299999475479126,1.222000002861023,1.2599999904632568,7622600,0.0,0.0
2021-11-17 00:00:00-05:00,1.2200000286102295,1.2799999713897705,1.149999976158142,1.2599999904632568,3086800,0.0,0.0
2021-11-18 00:00:00-05:00,1.159999966621399,1.190000057220459,1.1200000047683716,1.149999976158142,2460300,0.0,0.0
2021-11-19 00:00:00-05:00,1.1100000143051147,1.159999966621399,1.1100000143051147,1.1200000047683716,899600,0.0,0.0
2021-11-22 00:00:00-05:00,1.100000023841858,1.1200000047683716,1.0199999809265137,1.100000023841858,1340700,0.0,0.0
2021-11-23 00:00:00-05:00,1.0299999713897705,1.100000023841858,1.0199999809265137,1.059999942779541,1016200,0.0,0.0
2021-11-24 00:00:00-05:00,1.059999942779541,1.100000023841858,1.0399999618530273,1.0700000524520874,896500,0.0,0.0
2021-11-26 00:00:00-05:00,1.0499999523162842,1.1299999952316284,1.0399999618530273,1.1200000047683716,485000,0.0,0.0
2021-11-29 00:00:00-05:00,1.1200000047683716,1.1200000047683716,1.0199999809265137,1.0499999523162842,915300,0.0,0.0
2021-11-30 00:00:00-05:00,1.0499999523162842,1.090000033378601,1.0299999713897705,1.059999942779541,600600,0.0,0.0
2021-12-01 00:00:00-05:00,1.100000023841858,1.25,1.059999942779541,1.1100000143051147,1488800,0.0,0.0
2021-12-02 00:00:00-05:00,1.100000023841858,1.1200000047683716,1.0399999618530273,1.059999942779541,683100,0.0,0.0
2021-12-03 00:00:00-05:00,1.0700000524520874,1.0700000524520874,1.0199999809265137,1.0299999713897705,677100,0.0,0.0
2021-12-06 00:00:00-05:00,1.0099999904632568,1.1399999856948853,0.9599999785423279,1.1200000047683716,926900,0.0,0.0
2021-12-07 00:00:00-05:00,1.0800000429153442,1.1399999856948853,1.059999942779541,1.1100000143051147,695100,0.0,0.0
2021-12-08 00:00:00-05:00,1.100000023841858,1.190000057220459,1.090000033378601,1.149999976158142,559800,0.0,0.0
2021-12-09 00:00:00-05:00,1.1720000505447388,1.190000057220459,1.1200000047683716,1.149999976158142,589800,0.0,0.0
2021-12-10 00:00:00-05:00,1.1699999570846558,1.1699999570846558,1.0399999618530273,1.1100000143051147,715900,0.0,0.0
2021-12-13 00:00:00-05:00,1.1399999856948853,1.149999976158142,1.059999942779541,1.059999942779541,422700,0.0,0.0
2021-12-14 00:00:00-05:00,1.0499999523162842,1.090000033378601,1.0399999618530273,1.059999942779541,298300,0.0,0.0
2021-12-15 00:00:00-05:00,1.0700000524520874,1.090000033378601,0.9900000095367432,1.0499999523162842,1040100,0.0,0.0
2021-12-16 00:00:00-05:00,1.0299999713897705,1.0399999618530273,0.8930000066757202,0.8930000066757202,2095300,0.0,0.0
2021-12-17 00:00:00-05:00,0.8899999856948853,0.925000011920929,0.8700000047683716,0.875,847200,0.0,0.0
2021-12-20 00:00:00-05:00,0.9399999976158142,0.9399999976158142,0.7699999809265137,0.7900000214576721,1699700,0.0,0.0
2021-12-21 00:00:00-05:00,0.8479999899864197,0.8479999899864197,0.7599999904632568,0.7879999876022339,1622300,0.0,0.0
2021-12-22 00:00:00-05:00,0.8009999990463257,0.8479999899864197,0.75,0.7559999823570251,1780700,0.0,0.0
2021-12-23 00:00:00-05:00,0.75,0.7749999761581421,0.7200000286102295,0.75,1295700,0.0,0.0
2021-12-27 00:00:00-05:00,0.75,0.7599999904632568,0.7300000190734863,0.7400000095367432,726500,0.0,0.0
2021-12-28 00:00:00-05:00,0.7409999966621399,0.7549999952316284,0.6729999780654907,0.6899999976158142,3389000,0.0,0.0
2021-12-29 00:00:00-05:00,0.6800000071525574,0.699999988079071,0.6700000166893005,0.6880000233650208,620500,0.0,0.0
2021-12-30 00:00:00-05:00,0.6899999976158142,0.7379999756813049,0.6899999976158142,0.7250000238418579,1380500,0.0,0.0
2021-12-31 00:00:00-05:00,0.7149999737739563,0.75,0.7099999785423279,0.7200000286102295,986300,0.0,0.0
2022-01-03 00:00:00-05:00,0.7200000286102295,0.7599999904632568,0.7049999833106995,0.7590000033378601,1441200,0.0,0.0
2022-01-04 00:00:00-05:00,0.7440000176429749,0.7580000162124634,0.7020000219345093,0.7129999995231628,963000,0.0,0.0
2022-01-05 00:00:00-05:00,0.7049999833106995,0.7329999804496765,0.6299999952316284,0.6299999952316284,3114800,0.0,0.0
2022-01-06 00:00:00-05:00,0.6169999837875366,0.6759999990463257,0.6000000238418579,0.6489999890327454,1085400,0.0,0.0
2022-01-07 00:00:00-05:00,0.652999997138977,0.6819999814033508,0.6200000047683716,0.6610000133514404,671200,0.0,0.0
2022-01-10 00:00:00-05:00,0.6499999761581421,0.6499999761581421,0.6050000190734863,0.6209999918937683,504200,0.0,0.0
2022-01-11 00:00:00-05:00,0.6200000047683716,0.6660000085830688,0.6200000047683716,0.6480000019073486,875100,0.0,0.0
2022-01-12 00:00:00-05:00,0.6539999842643738,0.6650000214576721,0.6200000047683716,0.6520000100135803,369100,0.0,0.0
2022-01-13 00:00:00-05:00,0.6499999761581421,0.652999997138977,0.5799999833106995,0.5799999833106995,917800,0.0,0.0
2022-01-14 00:00:00-05:00,0.6000000238418579,0.6069999933242798,0.5239999890327454,0.550000011920929,908800,0.0,0.0
2022-01-18 00:00:00-05:00,0.5370000004768372,0.550000011920929,0.5099999904632568,0.5220000147819519,1055100,0.0,0.0
2022-01-19 00:00:00-05:00,0.5189999938011169,0.6600000262260437,0.5099999904632568,0.6290000081062317,4453600,0.0,0.0
2022-01-20 00:00:00-05:00,0.6100000143051147,0.675000011920929,0.6100000143051147,0.6499999761581421,1294600,0.0,0.0
2022-01-21 00:00:00-05:00,0.6179999709129333,0.6299999952316284,0.5839999914169312,0.5950000286102295,850200,0.0,0.0
2022-01-24 00:00:00-05:00,0.578000009059906,0.6079999804496765,0.5400000214576721,0.6000000238418579,571800,0.0,0.0
2022-01-25 00:00:00-05:00,0.6000000238418579,0.6399999856948853,0.5619999766349792,0.6119999885559082,466100,0.0,0.0
2022-01-26 00:00:00-05:00,0.6100000143051147,0.6389999985694885,0.6000000238418579,0.6259999871253967,211400,0.0,0.0
2022-01-27 00:00:00-05:00,0.6259999871253967,0.6290000081062317,0.6000000238418579,0.6050000190734863,303500,0.0,0.0
2022-01-28 00:00:00-05:00,0.6000000238418579,0.6499999761581421,0.5799999833106995,0.6200000047683716,352100,0.0,0.0
2022-01-31 00:00:00-05:00,0.6119999885559082,0.6660000085830688,0.6100000143051147,0.640999972820282,260100,0.0,0.0
2022-02-01 00:00:00-05:00,0.6480000019073486,0.6499999761581421,0.6150000095367432,0.6179999709129333,205900,0.0,0.0
2022-02-02 00:00:00-05:00,0.6200000047683716,0.6700000166893005,0.6200000047683716,0.6420000195503235,507400,0.0,0.0
2022-02-03 00:00:00-05:00,0.6489999890327454,0.6499999761581421,0.6050000190734863,0.6060000061988831,134600,0.0,0.0
2022-02-04 00:00:00-05:00,0.6299999952316284,0.6600000262260437,0.6000000238418579,0.6269999742507935,200100,0.0,0.0
2022-02-07 00:00:00-05:00,0.6600000262260437,0.6639999747276306,0.6140000224113464,0.6179999709129333,279300,0.0,0.0
2022-02-08 00:00:00-05:00,0.6200000047683716,0.6299999952316284,0.6100000143051147,0.6299999952316284,110800,0.0,0.0
2022-02-09 00:00:00-05:00,0.6299999952316284,0.6449999809265137,0.6100000143051147,0.640999972820282,258700,0.0,0.0
2022-02-10 00:00:00-05:00,0.6240000128746033,0.6399999856948853,0.6200000047683716,0.6320000290870667,136500,0.0,0.0
2022-02-11 00:00:00-05:00,0.6399999856948853,0.6510000228881836,0.6000000238418579,0.6000000238418579,251400,0.0,0.0
2022-02-14 00:00:00-05:00,0.6000000238418579,0.6000000238418579,0.5799999833106995,0.5799999833106995,89500,0.0,0.0
2022-02-15 00:00:00-05:00,0.5799999833106995,0.6000000238418579,0.5799999833106995,0.5820000171661377,139800,0.0,0.0
2022-02-16 00:00:00-05:00,0.5830000042915344,0.5950000286102295,0.5569999814033508,0.5609999895095825,206200,0.0,0.0
2022-02-17 00:00:00-05:00,0.5600000023841858,0.578000009059906,0.5230000019073486,0.531000018119812,219700,0.0,0.0
2022-02-18 00:00:00-05:00,0.5400000214576721,0.5460000038146973,0.4699999988079071,0.4869999885559082,1503200,0.0,0.0
2022-02-22 00:00:00-05:00,0.47999998927116394,0.47999998927116394,0.44999998807907104,0.44999998807907104,584100,0.0,0.0
2022-02-23 00:00:00-05:00,0.45399999618530273,0.47699999809265137,0.4009999930858612,0.42800000309944153,472700,0.0,0.0
2022-02-24 00:00:00-05:00,0.3799999952316284,0.44999998807907104,0.3799999952316284,0.4390000104904175,570200,0.0,0.0
2022-02-25 00:00:00-05:00,0.46000000834465027,0.47999998927116394,0.44699999690055847,0.4620000123977661,337300,0.0,0.0
2022-02-28 00:00:00-05:00,0.4620000123977661,0.4699999988079071,0.44200000166893005,0.453000009059906,185300,0.0,0.0
2022-03-01 00:00:00-05:00,0.47999998927116394,0.5709999799728394,0.4410000145435333,0.515999972820282,1603900,0.0,0.0
2022-03-02 00:00:00-05:00,0.5400000214576721,0.6499999761581421,0.46000000834465027,0.46700000762939453,12147900,0.0,0.0
2022-03-03 00:00:00-05:00,0.4740000069141388,0.531000018119812,0.44999998807907104,0.4729999899864197,1650000,0.0,0.0
2022-03-04 00:00:00-05:00,0.4300000071525574,0.46000000834465027,0.4099999964237213,0.41999998688697815,1138700,0.0,0.0
2022-03-07 00:00:00-05:00,0.41999998688697815,0.44699999690055847,0.38999998569488525,0.38999998569488525,796400,0.0,0.0
2022-03-08 00:00:00-05:00,0.39500001072883606,0.4390000104904175,0.36800000071525574,0.4000000059604645,1006800,0.0,0.0
2022-03-09 00:00:00-05:00,0.41100001335144043,0.43700000643730164,0.4099999964237213,0.4300000071525574,321200,0.0,0.0
2022-03-10 00:00:00-05:00,0.4230000078678131,0.4650000035762787,0.4099999964237213,0.41999998688697815,1421500,0.0,0.0
2022-03-11 00:00:00-05:00,0.41999998688697815,0.44600000977516174,0.4000000059604645,0.40799999237060547,632700,0.0,0.0
2022-03-14 00:00:00-04:00,0.4020000100135803,0.4020000100135803,0.3499999940395355,0.3529999852180481,1427100,0.0,0.0
2022-03-15 00:00:00-04:00,0.36000001430511475,0.38999998569488525,0.36000001430511475,0.37400001287460327,292000,0.0,0.0
2022-03-16 00:00:00-04:00,0.38199999928474426,0.39800000190734863,0.3700000047683716,0.38600000739097595,602000,0.0,0.0
2022-03-17 00:00:00-04:00,0.39100000262260437,0.45899999141693115,0.39100000262260437,0.45500001311302185,1560500,0.0,0.0
2022-03-18 00:00:00-04:00,0.46000000834465027,0.4779999852180481,0.4320000112056732,0.4490000009536743,1072200,0.0,0.0
2022-03-21 00:00:00-04:00,0.47999998927116394,0.49000000953674316,0.41999998688697815,0.44999998807907104,366200,0.0,0.0
2022-03-22 00:00:00-04:00,0.47999998927116394,0.5,0.4449999928474426,0.4830000102519989,1061900,0.0,0.0
2022-03-23 00:00:00-04:00,0.4749999940395355,0.49000000953674316,0.4399999976158142,0.4880000054836273,678400,0.0,0.0
2022-03-24 00:00:00-04:00,0.503000020980835,0.503000020980835,0.4699999988079071,0.49300000071525574,428100,0.0,0.0
2022-03-25 00:00:00-04:00,0.5199999809265137,0.5199999809265137,0.4959999918937683,0.5120000243186951,544100,0.0,0.0
2022-03-28 00:00:00-04:00,0.5099999904632568,0.5239999890327454,0.4699999988079071,0.5090000033378601,371500,0.0,0.0
2022-03-29 00:00:00-04:00,0.5139999985694885,0.5220000147819519,0.48399999737739563,0.5099999904632568,678500,0.0,0.0
2022-03-30 00:00:00-04:00,0.5189999938011169,0.5379999876022339,0.49900001287460327,0.5299999713897705,382400,0.0,0.0
2022-03-31 00:00:00-04:00,0.5230000019073486,0.5299999713897705,0.5120000243186951,0.527999997138977,207600,0.0,0.0
2022-04-01 00:00:00-04:00,0.5400000214576721,0.5600000023841858,0.5230000019073486,0.5400000214576721,381500,0.0,0.0
2022-04-04 00:00:00-04:00,0.5400000214576721,0.5600000023841858,0.5299999713897705,0.5600000023841858,294900,0.0,0.0
2022-04-05 00:00:00-04:00,0.5699999928474426,0.5950000286102295,0.5680000185966492,0.5879999995231628,422800,0.0,0.0
2022-04-06 00:00:00-04:00,0.5849999785423279,0.5849999785423279,0.531000018119812,0.5400000214576721,388300,0.0,0.0
2022-04-07 00:00:00-04:00,0.5450000166893005,0.5490000247955322,0.48100000619888306,0.5099999904632568,1155200,0.0,0.0
2022-04-08 00:00:00-04:00,0.5389999747276306,0.5389999747276306,0.47999998927116394,0.4830000102519989,495500,0.0,0.0
2022-04-11 00:00:00-04:00,0.5040000081062317,0.5170000195503235,0.4699999988079071,0.4830000102519989,133000,0.0,0.0
2022-04-12 00:00:00-04:00,0.4740000069141388,0.5099999904632568,0.4699999988079071,0.4779999852180481,220900,0.0,0.0
2022-04-13 00:00:00-04:00,0.4729999899864197,0.5,0.4729999899864197,0.49000000953674316,279400,0.0,0.0
2022-04-14 00:00:00-04:00,0.49399998784065247,0.5139999985694885,0.49000000953674316,0.5049999952316284,281900,0.0,0.0
2022-04-18 00:00:00-04:00,0.5049999952316284,0.5099999904632568,0.47999998927116394,0.49000000953674316,249700,0.0,0.0
2022-04-19 00:00:00-04:00,0.49000000953674316,0.5059999823570251,0.47099998593330383,0.5019999742507935,195300,0.0,0.0
2022-04-20 00:00:00-04:00,0.5109999775886536,0.5109999775886536,0.49000000953674316,0.49799999594688416,134100,0.0,0.0
2022-04-21 00:00:00-04:00,0.49799999594688416,0.5019999742507935,0.4410000145435333,0.4490000009536743,664800,0.0,0.0
2022-04-22 00:00:00-04:00,0.46000000834465027,0.47200000286102295,0.4480000138282776,0.4519999921321869,159500,0.0,0.0
2022-04-25 00:00:00-04:00,0.4429999887943268,0.4749999940395355,0.4269999861717224,0.4410000145435333,164600,0.0,0.0
2022-04-26 00:00:00-04:00,0.44600000977516174,0.44999998807907104,0.414000004529953,0.4300000071525574,244500,0.0,0.0
2022-04-27 00:00:00-04:00,0.41999998688697815,0.44999998807907104,0.4169999957084656,0.42800000309944153,64700,0.0,0.0
2022-04-28 00:00:00-04:00,0.4230000078678131,0.4230000078678131,0.40299999713897705,0.41600000858306885,181400,0.0,0.0
2022-04-29 00:00:00-04:00,0.42100000381469727,0.4399999976158142,0.4050000011920929,0.4169999957084656,128300,0.0,0.0
2022-05-02 00:00:00-04:00,0.4050000011920929,0.44999998807907104,0.4000000059604645,0.42500001192092896,341600,0.0,0.0
2022-05-03 00:00:00-04:00,0.4390000104904175,0.4519999921321869,0.4300000071525574,0.4480000138282776,113900,0.0,0.0
2022-05-04 00:00:00-04:00,0.44999998807907104,0.4650000035762787,0.4169999957084656,0.46299999952316284,141900,0.0,0.0
2022-05-05 00:00:00-04:00,0.4699999988079071,0.4790000021457672,0.4399999976158142,0.46000000834465027,78400,0.0,0.0
2022-05-06 00:00:00-04:00,0.44999998807907104,0.4699999988079071,0.4189999997615814,0.44699999690055847,82800,0.0,0.0
2022-05-09 00:00:00-04:00,0.44699999690055847,0.44699999690055847,0.3799999952316284,0.39899998903274536,224100,0.0,0.0
2022-05-10 00:00:00-04:00,0.3869999945163727,0.4000000059604645,0.3709999918937683,0.3709999918937683,194400,0.0,0.0
2022-05-11 00:00:00-04:00,0.375,0.37700000405311584,0.33799999952316284,0.36800000071525574,166000,0.0,0.0
2022-05-12 00:00:00-04:00,0.3799999952316284,0.41999998688697815,0.3619999885559082,0.37400001287460327,777400,0.0,0.0
2022-05-13 00:00:00-04:00,0.39500001072883606,0.4429999887943268,0.3619999885559082,0.4099999964237213,1231900,0.0,0.0
2022-05-16 00:00:00-04:00,0.42899999022483826,0.42899999022483826,0.3799999952316284,0.4090000092983246,67200,0.0,0.0
2022-05-17 00:00:00-04:00,0.44999998807907104,0.44999998807907104,0.4000000059604645,0.4169999957084656,58700,0.0,0.0
2022-05-18 00:00:00-04:00,0.41999998688697815,0.41999998688697815,0.3700000047683716,0.38499999046325684,182300,0.0,0.0
2022-05-19 00:00:00-04:00,0.3799999952316284,0.4129999876022339,0.3799999952316284,0.3840000033378601,215300,0.0,0.0
2022-05-20 00:00:00-04:00,0.38499999046325684,0.4129999876022339,0.36000001430511475,0.36899998784065247,213400,0.0,0.0
2022-05-23 00:00:00-04:00,0.36000001430511475,0.36899998784065247,0.36000001430511475,0.36899998784065247,243400,0.0,0.0
2022-05-24 00:00:00-04:00,0.36000001430511475,0.36000001430511475,0.3199999928474426,0.33500000834465027,313900,0.0,0.0
2022-05-25 00:00:00-04:00,0.37599998712539673,0.46000000834465027,0.33799999952316284,0.3709999918937683,2163600,0.0,0.0
2022-05-26 00:00:00-04:00,0.36500000953674316,0.38999998569488525,0.34299999475479126,0.35499998927116394,297800,0.0,0.0
2022-05-27 00:00:00-04:00,0.36000001430511475,0.41999998688697815,0.3499999940395355,0.3779999911785126,234800,0.0,0.0
2022-05-31 00:00:00-04:00,0.4020000100135803,0.4020000100135803,0.3720000088214874,0.3840000033378601,116400,0.0,0.0
2022-06-01 00:00:00-04:00,0.3700000047683716,0.38499999046325684,0.36800000071525574,0.3709999918937683,63100,0.0,0.0
2022-06-02 00:00:00-04:00,0.36899998784065247,0.4050000011920929,0.36899998784065247,0.39800000190734863,243500,0.0,0.0
2022-06-03 00:00:00-04:00,0.3970000147819519,0.4050000011920929,0.3799999952316284,0.38999998569488525,165900,0.0,0.0
2022-06-06 00:00:00-04:00,0.4000000059604645,0.4000000059604645,0.3700000047683716,0.38600000739097595,125400,0.0,0.0
2022-06-07 00:00:00-04:00,0.38999998569488525,0.4099999964237213,0.3709999918937683,0.38199999928474426,144400,0.0,0.0
2022-06-08 00:00:00-04:00,0.3709999918937683,0.4000000059604645,0.3709999918937683,0.38999998569488525,114600,0.0,0.0
2022-06-09 00:00:00-04:00,0.38499999046325684,0.4090000092983246,0.3499999940395355,0.38100001215934753,220800,0.0,0.0
2022-06-10 00:00:00-04:00,0.3889999985694885,0.4000000059604645,0.3529999852180481,0.3779999911785126,58700,0.0,0.0
2022-06-13 00:00:00-04:00,0.3659999966621399,0.3790000081062317,0.3400000035762787,0.3479999899864197,204800,0.0,0.0
2022-06-14 00:00:00-04:00,0.35100001096725464,0.3659999966621399,0.33000001311302185,0.335999995470047,287100,0.0,0.0
2022-06-15 00:00:00-04:00,0.3490000069141388,0.382999986410141,0.33000001311302185,0.34200000762939453,189700,0.0,0.0
2022-06-16 00:00:00-04:00,0.3529999852180481,0.35600000619888306,0.32499998807907104,0.33799999952316284,130600,0.0,0.0
2022-06-17 00:00:00-04:00,0.3370000123977661,0.3700000047683716,0.33500000834465027,0.34599998593330383,77500,0.0,0.0
2022-06-21 00:00:00-04:00,0.3409999907016754,0.36899998784065247,0.3400000035762787,0.3409999907016754,246200,0.0,0.0
2022-06-22 00:00:00-04:00,0.33000001311302185,0.375,0.33000001311302185,0.35899999737739563,197100,0.0,0.0
2022-06-23 00:00:00-04:00,0.3889999985694885,0.4050000011920929,0.35199999809265137,0.382999986410141,643600,0.0,0.0
2022-06-24 00:00:00-04:00,0.3799999952316284,0.4050000011920929,0.3799999952316284,0.39500001072883606,290000,0.0,0.0
2022-06-27 00:00:00-04:00,0.41499999165534973,0.41999998688697815,0.3619999885559082,0.38199999928474426,112200,0.0,0.0
2022-06-28 00:00:00-04:00,0.4000000059604645,0.40700000524520874,0.3799999952316284,0.38999998569488525,123100,0.0,0.0
2022-06-29 00:00:00-04:00,0.41999998688697815,0.41999998688697815,0.36000001430511475,0.3700000047683716,465800,0.0,0.0
2022-06-30 00:00:00-04:00,0.38999998569488525,0.4090000092983246,0.36399999260902405,0.38499999046325684,667700,0.0,0.0
2022-07-01 00:00:00-04:00,0.38100001215934753,0.4000000059604645,0.3700000047683716,0.375,134200,0.0,0.0
2022-07-05 00:00:00-04:00,0.37700000405311584,0.3799999952316284,0.36000001430511475,0.36800000071525574,77900,0.0,0.0
2022-07-06 00:00:00-04:00,0.367000013589859,0.38499999046325684,0.3610000014305115,0.3700000047683716,128700,0.0,0.0
2022-07-07 00:00:00-04:00,0.3799999952316284,0.3799999952316284,0.36399999260902405,0.375,52300,0.0,0.0
2022-07-08 00:00:00-04:00,0.3709999918937683,0.3919999897480011,0.3700000047683716,0.3889999985694885,73100,0.0,0.0
2022-07-11 00:00:00-04:00,0.3889999985694885,0.3889999985694885,0.3610000014305115,0.3700000047683716,82900,0.0,0.0
2022-07-12 00:00:00-04:00,0.3709999918937683,0.38199999928474426,0.36500000953674316,0.3700000047683716,51000,0.0,0.0
2022-07-13 00:00:00-04:00,0.35899999737739563,0.3700000047683716,0.34200000762939453,0.35600000619888306,186300,0.0,0.0
2022-07-14 00:00:00-04:00,0.35499998927116394,0.375,0.3499999940395355,0.36800000071525574,32600,0.0,0.0
2022-07-15 00:00:00-04:00,0.3499999940395355,0.375,0.3499999940395355,0.36000001430511475,67700,0.0,0.0
2022-07-18 00:00:00-04:00,0.35899999737739563,0.37400001287460327,0.35100001096725464,0.3659999966621399,330200,0.0,0.0
2022-07-19 00:00:00-04:00,0.3659999966621399,0.37400001287460327,0.35199999809265137,0.36500000953674316,405000,0.0,0.0
2022-07-20 00:00:00-04:00,0.35499998927116394,0.41999998688697815,0.35499998927116394,0.367000013589859,424000,0.0,0.0
2022-07-21 00:00:00-04:00,0.375,0.4000000059604645,0.3659999966621399,0.3799999952316284,99000,0.0,0.0
2022-07-22 00:00:00-04:00,0.38499999046325684,0.4399999976158142,0.36800000071525574,0.4000000059604645,252800,0.0,0.0
2022-07-25 00:00:00-04:00,0.4000000059604645,0.4099999964237213,0.375,0.39800000190734863,122600,0.0,0.0
2022-07-26 00:00:00-04:00,0.4000000059604645,0.4000000059604645,0.36000001430511475,0.3840000033378601,68500,0.0,0.0
2022-07-27 00:00:00-04:00,0.38999998569488525,0.4099999964237213,0.3779999911785126,0.3889999985694885,56000,0.0,0.0
2022-07-28 00:00:00-04:00,0.4000000059604645,0.4000000059604645,0.375,0.3779999911785126,97700,0.0,0.0
2022-07-29 00:00:00-04:00,0.4000000059604645,0.4000000059604645,0.36000001430511475,0.36899998784065247,91200,0.0,0.0
2022-08-01 00:00:00-04:00,0.3790000081062317,0.38499999046325684,0.3499999940395355,0.35499998927116394,155600,0.0,0.0
2022-08-02 00:00:00-04:00,0.3499999940395355,0.3700000047683716,0.32899999618530273,0.3499999940395355,318800,0.0,0.0
2022-08-03 00:00:00-04:00,0.3449999988079071,0.3700000047683716,0.34200000762939453,0.3580000102519989,321900,0.0,0.0
2022-08-04 00:00:00-04:00,0.3580000102519989,0.3799999952316284,0.3479999899864197,0.3700000047683716,297800,0.0,0.0
2022-08-05 00:00:00-04:00,0.3799999952316284,0.38199999928474426,0.3499999940395355,0.37700000405311584,157300,0.0,0.0
2022-08-08 00:00:00-04:00,0.3700000047683716,0.4099999964237213,0.3700000047683716,0.3930000066757202,264400,0.0,0.0
2022-08-09 00:00:00-04:00,0.39800000190734863,0.4099999964237213,0.38100001215934753,0.3959999978542328,110300,0.0,0.0
2022-08-10 00:00:00-04:00,0.41999998688697815,0.4440000057220459,0.3869999945163727,0.4410000145435333,303900,0.0,0.0
2022-08-11 00:00:00-04:00,0.48100000619888306,0.48100000619888306,0.38999998569488525,0.40299999713897705,710400,0.0,0.0
2022-08-12 00:00:00-04:00,0.42899999022483826,0.44999998807907104,0.4009999930858612,0.4399999976158142,144300,0.0,0.0
2022-08-15 00:00:00-04:00,0.4269999861717224,0.4440000057220459,0.4099999964237213,0.42500001192092896,119500,0.0,0.0
2022-08-16 00:00:00-04:00,0.4399999976158142,0.49000000953674316,0.4350000023841858,0.44999998807907104,274600,0.0,0.0
2022-08-17 00:00:00-04:00,0.46000000834465027,0.46799999475479126,0.4180000126361847,0.44200000166893005,78800,0.0,0.0
2022-08-18 00:00:00-04:00,0.4339999854564667,0.5199999809265137,0.4099999964237213,0.46000000834465027,817600,0.0,0.0
2022-08-19 00:00:00-04:00,0.4950000047683716,0.4950000047683716,0.41999998688697815,0.4399999976158142,241100,0.0,0.0
2022-08-22 00:00:00-04:00,0.42100000381469727,0.45100000500679016,0.4020000100135803,0.4300000071525574,103200,0.0,0.0
2022-08-23 00:00:00-04:00,0.4269999861717224,0.44600000977516174,0.4020000100135803,0.4050000011920929,112100,0.0,0.0
2022-08-24 00:00:00-04:00,0.414000004529953,0.44999998807907104,0.4099999964237213,0.4300000071525574,137100,0.0,0.0
2022-08-25 00:00:00-04:00,0.43299999833106995,0.44999998807907104,0.4230000078678131,0.4440000057220459,69500,0.0,0.0
2022-08-26 00:00:00-04:00,0.4399999976158142,0.44999998807907104,0.43299999833106995,0.4359999895095825,68500,0.0,0.0
2022-08-29 00:00:00-04:00,0.41999998688697815,0.4359999895095825,0.4020000100135803,0.4339999854564667,44000,0.0,0.0
2022-08-30 00:00:00-04:00,0.4339999854564667,0.4339999854564667,0.4099999964237213,0.4230000078678131,67900,0.0,0.0
2022-08-31 00:00:00-04:00,0.41999998688697815,0.4399999976158142,0.41200000047683716,0.42500001192092896,23000,0.0,0.0
2022-09-01 00:00:00-04:00,0.44999998807907104,0.44999998807907104,0.4059999883174896,0.41100001335144043,68200,0.0,0.0
2022-09-02 00:00:00-04:00,0.421999990940094,0.4259999990463257,0.40799999237060547,0.41999998688697815,51300,0.0,0.0
2022-09-06 00:00:00-04:00,0.4410000145435333,0.4410000145435333,0.40299999713897705,0.4099999964237213,38600,0.0,0.0
2022-09-07 00:00:00-04:00,0.4020000100135803,0.4399999976158142,0.4020000100135803,0.42800000309944153,81300,0.0,0.0
2022-09-08 00:00:00-04:00,0.43700000643730164,0.44999998807907104,0.4090000092983246,0.4390000104904175,88300,0.0,0.0
2022-09-09 00:00:00-04:00,0.44699999690055847,0.44699999690055847,0.4180000126361847,0.4300000071525574,86000,0.0,0.0
2022-09-12 00:00:00-04:00,0.43700000643730164,0.4440000057220459,0.41999998688697815,0.4300000071525574,83500,0.0,0.0
2022-09-13 00:00:00-04:00,0.42100000381469727,0.4440000057220459,0.4000000059604645,0.4099999964237213,180100,0.0,0.0
2022-09-14 00:00:00-04:00,0.4090000092983246,0.42500001192092896,0.4059999883174896,0.4059999883174896,113000,0.0,0.0
2022-09-15 00:00:00-04:00,0.4090000092983246,0.4230000078678131,0.4050000011920929,0.4090000092983246,43300,0.0,0.0
2022-09-16 00:00:00-04:00,0.40799999237060547,0.4490000009536743,0.4000000059604645,0.41999998688697815,372500,0.0,0.0
2022-09-19 00:00:00-04:00,0.41999998688697815,0.4300000071525574,0.4059999883174896,0.4169999957084656,91000,0.0,0.0
2022-09-20 00:00:00-04:00,0.4390000104904175,0.4390000104904175,0.39399999380111694,0.4050000011920929,108300,0.0,0.0
2022-09-21 00:00:00-04:00,0.38999998569488525,0.4180000126361847,0.3840000033378601,0.39500001072883606,151000,0.0,0.0
2022-09-22 00:00:00-04:00,0.39399999380111694,0.4180000126361847,0.39100000262260437,0.40299999713897705,99600,0.0,0.0
2022-09-23 00:00:00-04:00,0.40299999713897705,0.41999998688697815,0.38999998569488525,0.4009999930858612,66500,0.0,0.0
2022-09-26 00:00:00-04:00,0.4099999964237213,0.4180000126361847,0.38999998569488525,0.39500001072883606,56700,0.0,0.0
2022-09-27 00:00:00-04:00,0.4000000059604645,0.4099999964237213,0.3799999952316284,0.38499999046325684,52300,0.0,0.0
2022-09-28 00:00:00-04:00,0.3799999952316284,0.4000000059604645,0.3700000047683716,0.37599998712539673,97000,0.0,0.0
2022-09-29 00:00:00-04:00,0.3930000066757202,0.3930000066757202,0.3630000054836273,0.3700000047683716,206900,0.0,0.0
2022-09-30 00:00:00-04:00,0.3700000047683716,0.3869999945163727,0.3499999940395355,0.37599998712539673,156000,0.0,0.0
2022-10-03 00:00:00-04:00,0.3700000047683716,0.38600000739097595,0.3630000054836273,0.37299999594688416,113300,0.0,0.0
2022-10-04 00:00:00-04:00,0.3700000047683716,0.4099999964237213,0.3700000047683716,0.4000000059604645,116400,0.0,0.0
2022-10-05 00:00:00-04:00,0.382999986410141,0.4399999976158142,0.38199999928474426,0.39800000190734863,158300,0.0,0.0
2022-10-06 00:00:00-04:00,0.4099999964237213,0.4189999997615814,0.4000000059604645,0.4000000059604645,81500,0.0,0.0
2022-10-07 00:00:00-04:00,0.41499999165534973,0.41999998688697815,0.3799999952316284,0.3799999952316284,61600,0.0,0.0
2022-10-10 00:00:00-04:00,0.36000001430511475,0.4099999964237213,0.36000001430511475,0.38100001215934753,88800,0.0,0.0
2022-10-11 00:00:00-04:00,0.39500001072883606,0.4050000011920929,0.3700000047683716,0.37299999594688416,102500,0.0,0.0
2022-10-12 00:00:00-04:00,0.37299999594688416,0.4000000059604645,0.3720000088214874,0.3799999952316284,77000,0.0,0.0
2022-10-13 00:00:00-04:00,0.38499999046325684,0.4000000059604645,0.37299999594688416,0.3930000066757202,50100,0.0,0.0
2022-10-14 00:00:00-04:00,0.3959999978542328,0.4099999964237213,0.375,0.38100001215934753,101000,0.0,0.0
2022-10-17 00:00:00-04:00,0.3799999952316284,0.40299999713897705,0.3799999952316284,0.38999998569488525,42100,0.0,0.0
2022-10-18 00:00:00-04:00,0.39800000190734863,0.39800000190734863,0.3799999952316284,0.382999986410141,78300,0.0,0.0
2022-10-19 00:00:00-04:00,0.3700000047683716,0.38600000739097595,0.3700000047683716,0.3700000047683716,101200,0.0,0.0
2022-10-20 00:00:00-04:00,0.3709999918937683,0.39500001072883606,0.3709999918937683,0.38199999928474426,36600,0.0,0.0
2022-10-21 00:00:00-04:00,0.3799999952316284,0.38999998569488525,0.3700000047683716,0.37599998712539673,40000,0.0,0.0
2022-10-24 00:00:00-04:00,0.38999998569488525,0.38999998569488525,0.3700000047683716,0.37299999594688416,48100,0.0,0.0
2022-10-25 00:00:00-04:00,0.367000013589859,0.38999998569488525,0.367000013589859,0.3889999985694885,84000,0.0,0.0
2022-10-26 00:00:00-04:00,0.38999998569488525,0.4000000059604645,0.3790000081062317,0.38999998569488525,117600,0.0,0.0
2022-10-27 00:00:00-04:00,0.4000000059604645,0.4000000059604645,0.3799999952316284,0.3869999945163727,74100,0.0,0.0
2022-10-28 00:00:00-04:00,0.3889999985694885,0.4000000059604645,0.38199999928474426,0.39100000262260437,54100,0.0,0.0
2022-10-31 00:00:00-04:00,0.38999998569488525,0.39399999380111694,0.3799999952316284,0.38100001215934753,73800,0.0,0.0
2022-11-01 00:00:00-04:00,0.3799999952316284,0.4000000059604645,0.3799999952316284,0.38600000739097595,48100,0.0,0.0
2022-11-02 00:00:00-04:00,0.3700000047683716,0.3880000114440918,0.3700000047683716,0.3840000033378601,63800,0.0,0.0
2022-11-03 00:00:00-04:00,0.38100001215934753,0.39800000190734863,0.3799999952316284,0.38100001215934753,33400,0.0,0.0
2022-11-04 00:00:00-04:00,0.3799999952316284,0.3970000147819519,0.3400000035762787,0.3709999918937683,130200,0.0,0.0
2022-11-07 00:00:00-05:00,0.36500000953674316,0.3919999897480011,0.3580000102519989,0.37400001287460327,94500,0.0,0.0
2022-11-08 00:00:00-05:00,0.36899998784065247,0.3799999952316284,0.3529999852180481,0.3630000054836273,87200,0.0,0.0
2022-11-09 00:00:00-05:00,0.39899998903274536,0.39899998903274536,0.3400000035762787,0.3630000054836273,109400,0.0,0.0
2022-11-10 00:00:00-05:00,0.36500000953674316,0.3700000047683716,0.3050000071525574,0.32499998807907104,440100,0.0,0.0
2022-11-11 00:00:00-05:00,0.3199999928474426,0.35100001096725464,0.3199999928474426,0.34299999475479126,102700,0.0,0.0
2022-11-14 00:00:00-05:00,0.34299999475479126,0.35199999809265137,0.3199999928474426,0.33500000834465027,211100,0.0,0.0
2022-11-15 00:00:00-05:00,0.32100000977516174,0.34299999475479126,0.30000001192092896,0.3199999928474426,370900,0.0,0.0
2022-11-16 00:00:00-05:00,0.33000001311302185,0.3479999899864197,0.30799999833106995,0.3100000023841858,281400,0.0,0.0
2022-11-17 00:00:00-05:00,0.3199999928474426,0.3230000138282776,0.3100000023841858,0.3190000057220459,162400,0.0,0.0
2022-11-18 00:00:00-05:00,0.33000001311302185,0.4099999964237213,0.32199999690055847,0.3400000035762787,1994600,0.0,0.0
2022-11-21 00:00:00-05:00,0.3400000035762787,0.4000000059604645,0.3199999928474426,0.3479999899864197,790800,0.0,0.0
2022-11-22 00:00:00-05:00,0.3499999940395355,0.3799999952316284,0.3400000035762787,0.3499999940395355,331600,0.0,0.0
2022-11-23 00:00:00-05:00,0.3700000047683716,0.3709999918937683,0.33000001311302185,0.3499999940395355,366100,0.0,0.0
2022-11-25 00:00:00-05:00,0.3700000047683716,0.4000000059604645,0.36000001430511475,0.3889999985694885,439300,0.0,0.0
2022-11-28 00:00:00-05:00,0.4000000059604645,0.45500001311302185,0.37299999594688416,0.45399999618530273,833600,0.0,0.0
2022-11-29 00:00:00-05:00,0.45899999141693115,0.5299999713897705,0.4399999976158142,0.5189999938011169,1019300,0.0,0.0
2022-11-30 00:00:00-05:00,0.5389999747276306,0.6499999761581421,0.460999995470047,0.6230000257492065,1252300,0.0,0.0
2022-12-01 00:00:00-05:00,0.6200000047683716,0.6389999985694885,0.5979999899864197,0.6100000143051147,362100,0.0,0.0
2022-12-02 00:00:00-05:00,0.6100000143051147,0.7099999785423279,0.6000000238418579,0.6690000295639038,510300,0.0,0.0
2022-12-05 00:00:00-05:00,0.6499999761581421,0.7129999995231628,0.6499999761581421,0.6949999928474426,753000,0.0,0.0
2022-12-06 00:00:00-05:00,0.7200000286102295,0.8399999737739563,0.699999988079071,0.7799999713897705,1817100,0.0,0.0
2022-12-07 00:00:00-05:00,0.7739999890327454,0.8799999952316284,0.7400000095367432,0.7879999876022339,853600,0.0,0.0
2022-12-08 00:00:00-05:00,0.7879999876022339,0.8799999952316284,0.7799999713897705,0.8759999871253967,704600,0.0,0.0
2022-12-09 00:00:00-05:00,0.9300000071525574,0.9750000238418579,0.7820000052452087,0.8899999856948853,1507900,0.0,0.0
2022-12-12 00:00:00-05:00,0.9900000095367432,1.0,0.6800000071525574,0.9110000133514404,4109400,0.0,0.0
2022-12-13 00:00:00-05:00,0.949999988079071,0.949999988079071,0.8009999990463257,0.8349999785423279,615300,0.0,0.0
2022-12-14 00:00:00-05:00,0.8119999766349792,0.8119999766349792,0.6899999976158142,0.7850000262260437,810400,0.0,0.0
2022-12-15 00:00:00-05:00,0.7599999904632568,0.8999999761581421,0.7390000224113464,0.8399999737739563,319400,0.0,0.0
2022-12-16 00:00:00-05:00,0.8199999928474426,0.8500000238418579,0.7400000095367432,0.8500000238418579,341000,0.0,0.0
2022-12-19 00:00:00-05:00,0.8299999833106995,0.8550000190734863,0.7900000214576721,0.8140000104904175,127700,0.0,0.0
2022-12-20 00:00:00-05:00,0.8230000138282776,0.8299999833106995,0.6499999761581421,0.7200000286102295,478100,0.0,0.0
2022-12-21 00:00:00-05:00,0.7799999713897705,0.7799999713897705,0.7200000286102295,0.7459999918937683,263000,0.0,0.0
2022-12-22 00:00:00-05:00,0.75,0.7519999742507935,0.7279999852180481,0.7450000047683716,53900,0.0,0.0
2022-12-23 00:00:00-05:00,0.800000011920929,0.800000011920929,0.75,0.7829999923706055,240000,0.0,0.0
2022-12-27 00:00:00-05:00,0.7900000214576721,0.8489999771118164,0.7900000214576721,0.8399999737739563,233700,0.0,0.0
2022-12-28 00:00:00-05:00,0.8500000238418579,0.8830000162124634,0.800000011920929,0.8700000047683716,313100,0.0,0.0
2022-12-29 00:00:00-05:00,0.9200000166893005,1.0,0.8330000042915344,0.9190000295639038,1547200,0.0,0.0
2022-12-30 00:00:00-05:00,0.9190000295639038,0.9480000138282776,0.8799999952316284,0.9100000262260437,469300,0.0,0.0
2023-01-03 00:00:00-05:00,0.8999999761581421,0.9200000166893005,0.8550000190734863,0.875,323000,0.0,0.0
2023-01-04 00:00:00-05:00,0.8999999761581421,0.9779999852180481,0.8799999952316284,0.9710000157356262,554300,0.0,0.0
2023-01-05 00:00:00-05:00,0.9610000252723694,1.0099999904632568,0.9350000023841858,0.9789999723434448,595900,0.0,0.0
2023-01-06 00:00:00-05:00,0.996999979019165,1.0800000429153442,0.9599999785423279,1.0099999904632568,1040400,0.0,0.0
2023-01-09 00:00:00-05:00,1.0399999618530273,1.1299999952316284,0.9850000143051147,1.0399999618530273,1610800,0.0,0.0
2023-01-10 00:00:00-05:00,1.0499999523162842,1.1100000143051147,1.0099999904632568,1.0499999523162842,829500,0.0,0.0
2023-01-11 00:00:00-05:00,1.100000023841858,1.1200000047683716,1.0499999523162842,1.1200000047683716,296100,0.0,0.0
2023-01-12 00:00:00-05:00,1.149999976158142,1.149999976158142,1.0700000524520874,1.1050000190734863,237300,0.0,0.0
2023-01-13 00:00:00-05:00,1.1200000047683716,1.1299999952316284,0.9950000047683716,1.0099999904632568,628400,0.0,0.0
2023-01-17 00:00:00-05:00,1.0,1.0440000295639038,1.0,1.0299999713897705,179300,0.0,0.0
2023-01-18 00:00:00-05:00,1.0299999713897705,1.034000039100647,1.0,1.0099999904632568,270200,0.0,0.0
2023-01-19 00:00:00-05:00,1.0099999904632568,1.0299999713897705,0.8500000238418579,0.9330000281333923,909400,0.0,0.0
2023-01-20 00:00:00-05:00,0.8700000047683716,0.949999988079071,0.8199999928474426,0.8690000176429749,421300,0.0,0.0
2023-01-23 00:00:00-05:00,0.8899999856948853,0.8899999856948853,0.824999988079071,0.824999988079071,331300,0.0,0.0
2023-01-24 00:00:00-05:00,0.8560000061988831,0.8700000047683716,0.824999988079071,0.8370000123977661,192800,0.0,0.0
2023-01-25 00:00:00-05:00,0.8399999737739563,0.8399999737739563,0.8009999990463257,0.8199999928474426,219100,0.0,0.0
2023-01-26 00:00:00-05:00,0.8199999928474426,0.8600000143051147,0.8199999928474426,0.8500000238418579,118900,0.0,0.0
2023-01-27 00:00:00-05:00,0.8870000243186951,0.9860000014305115,0.871999979019165,0.9860000014305115,308000,0.0,0.0
2023-01-30 00:00:00-05:00,0.9900000095367432,1.090000033378601,0.9800000190734863,1.0199999809265137,733800,0.0,0.0
2023-01-31 00:00:00-05:00,1.0199999809265137,1.0700000524520874,1.0199999809265137,1.0499999523162842,347400,0.0,0.0
2023-02-01 00:00:00-05:00,1.0700000524520874,1.0800000429153442,0.9509999752044678,0.9700000286102295,259600,0.0,0.0
2023-02-02 00:00:00-05:00,0.9800000190734863,1.0199999809265137,0.9700000286102295,0.9860000014305115,165200,0.0,0.0
2023-02-03 00:00:00-05:00,1.0099999904632568,1.0399999618530273,0.9599999785423279,1.0199999809265137,197800,0.0,0.0
2023-02-06 00:00:00-05:00,1.090000033378601,1.090000033378601,1.0,1.0299999713897705,400900,0.0,0.0
2023-02-07 00:00:00-05:00,1.0399999618530273,1.0399999618530273,0.9670000076293945,1.0099999904632568,272000,0.0,0.0
2023-02-08 00:00:00-05:00,1.0099999904632568,1.0099999904632568,0.9509999752044678,0.9700000286102295,181700,0.0,0.0
2023-02-09 00:00:00-05:00,0.9700000286102295,1.0,0.949999988079071,0.9800000190734863,148800,0.0,0.0
2023-02-10 00:00:00-05:00,0.9789999723434448,1.0299999713897705,0.9509999752044678,0.9900000095367432,177700,0.0,0.0
2023-02-13 00:00:00-05:00,0.9750000238418579,1.0499999523162842,0.9509999752044678,1.0299999713897705,255000,0.0,0.0
2023-02-14 00:00:00-05:00,1.0499999523162842,1.0499999523162842,0.9750000238418579,1.0199999809265137,116100,0.0,0.0
2023-02-15 00:00:00-05:00,1.0,1.0399999618530273,0.9850000143051147,1.024999976158142,170800,0.0,0.0
2023-02-16 00:00:00-05:00,1.0199999809265137,1.2000000476837158,1.0099999904632568,1.1399999856948853,1556000,0.0,0.0
2023-02-17 00:00:00-05:00,1.1699999570846558,1.399999976158142,1.149999976158142,1.3899999856948853,1828900,0.0,0.0
2023-02-21 00:00:00-05:00,1.3200000524520874,1.440000057220459,1.190000057220459,1.25,805900,0.0,0.0
2023-02-22 00:00:00-05:00,1.2999999523162842,1.350000023841858,1.2300000190734863,1.3200000524520874,215600,0.0,0.0
2023-02-23 00:00:00-05:00,1.340000033378601,1.350000023841858,1.2599999904632568,1.350000023841858,164600,0.0,0.0
2023-02-24 00:00:00-05:00,1.350000023841858,1.5199999809265137,1.309999942779541,1.5049999952316284,716200,0.0,0.0
2023-02-27 00:00:00-05:00,1.5,1.5,1.2999999523162842,1.3200000524520874,837900,0.0,0.0
2023-02-28 00:00:00-05:00,1.340000033378601,1.4299999475479126,1.3300000429153442,1.3650000095367432,338600,0.0,0.0
2023-03-01 00:00:00-05:00,1.3899999856948853,1.4299999475479126,1.350000023841858,1.409999966621399,172200,0.0,0.0
2023-03-02 00:00:00-05:00,1.399999976158142,1.4500000476837158,1.3600000143051147,1.440000057220459,151800,0.0,0.0
2023-03-03 00:00:00-05:00,1.524999976158142,1.524999976158142,1.409999966621399,1.440000057220459,274700,0.0,0.0
2023-03-06 00:00:00-05:00,1.409999966621399,1.4500000476837158,1.399999976158142,1.4199999570846558,177400,0.0,0.0
2023-03-07 00:00:00-05:00,1.3700000047683716,1.4299999475479126,1.350000023841858,1.350000023841858,176500,0.0,0.0
2023-03-08 00:00:00-05:00,1.350000023841858,1.3600000143051147,1.2100000381469727,1.3200000524520874,355300,0.0,0.0
2023-03-09 00:00:00-05:00,1.2999999523162842,1.3700000047683716,1.2999999523162842,1.2999999523162842,115400,0.0,0.0
2023-03-10 00:00:00-05:00,1.309999942779541,1.309999942779541,1.1799999475479126,1.2400000095367432,487500,0.0,0.0
2023-03-13 00:00:00-04:00,1.25,1.25,1.0700000524520874,1.190000057220459,386000,0.0,0.0
2023-03-14 00:00:00-04:00,1.159999966621399,1.2799999713897705,1.159999966621399,1.1699999570846558,266800,0.0,0.0
2023-03-15 00:00:00-04:00,1.1699999570846558,1.2300000190734863,1.149999976158142,1.1799999475479126,289000,0.0,0.0
2023-03-16 00:00:00-04:00,1.2000000476837158,1.309999942779541,1.2000000476837158,1.25,352500,0.0,0.0
2023-03-17 00:00:00-04:00,1.2799999713897705,1.2999999523162842,1.1799999475479126,1.2300000190734863,164400,0.0,0.0
2023-03-20 00:00:00-04:00,1.2300000190734863,1.2899999618530273,1.2029999494552612,1.2899999618530273,117200,0.0,0.0
2023-03-21 00:00:00-04:00,1.2999999523162842,1.2999999523162842,1.2200000286102295,1.2599999904632568,214000,0.0,0.0
2023-03-22 00:00:00-04:00,1.2400000095367432,1.2400000095367432,0.9279999732971191,1.1100000143051147,1270300,0.0,0.0
2023-03-23 00:00:00-04:00,1.0199999809265137,1.0800000429153442,0.9909999966621399,1.0099999904632568,250600,0.0,0.0
2023-03-24 00:00:00-04:00,1.0099999904632568,1.059999942779541,1.0080000162124634,1.0299999713897705,113600,0.0,0.0
2023-03-27 00:00:00-04:00,1.090000033378601,1.090000033378601,1.0299999713897705,1.059999942779541,102000,0.0,0.0
2023-03-28 00:00:00-04:00,1.0800000429153442,1.1200000047683716,1.059999942779541,1.1200000047683716,165400,0.0,0.0
2023-03-29 00:00:00-04:00,1.1200000047683716,1.1200000047683716,1.0399999618530273,1.059999942779541,113300,0.0,0.0
2023-03-30 00:00:00-04:00,1.0800000429153442,1.1100000143051147,1.0499999523162842,1.059999942779541,80600,0.0,0.0
2023-03-31 00:00:00-04:00,1.0399999618530273,1.100000023841858,1.0399999618530273,1.0700000524520874,107000,0.0,0.0
2023-04-03 00:00:00-04:00,1.0700000524520874,1.149999976158142,1.0700000524520874,1.1200000047683716,102500,0.0,0.0
2023-04-04 00:00:00-04:00,1.1200000047683716,1.1699999570846558,1.0700000524520874,1.1100000143051147,98000,0.0,0.0
2023-04-05 00:00:00-04:00,1.1100000143051147,1.1399999856948853,1.0499999523162842,1.100000023841858,93200,0.0,0.0
2023-04-06 00:00:00-04:00,1.100000023841858,1.149999976158142,1.059999942779541,1.1200000047683716,105500,0.0,0.0
2023-04-10 00:00:00-04:00,1.1100000143051147,1.2699999809265137,1.0800000429153442,1.2300000190734863,435000,0.0,0.0
2023-04-11 00:00:00-04:00,1.25,1.3899999856948853,1.25,1.3200000524520874,500600,0.0,0.0
2023-04-12 00:00:00-04:00,1.2999999523162842,1.309999942779541,1.2569999694824219,1.2699999809265137,124700,0.0,0.0
2023-04-13 00:00:00-04:00,1.3300000429153442,1.399999976158142,1.2699999809265137,1.3700000047683716,294700,0.0,0.0
2023-04-14 00:00:00-04:00,1.3700000047683716,1.440000057220459,1.350000023841858,1.3600000143051147,186400,0.0,0.0
2023-04-17 00:00:00-04:00,1.3600000143051147,1.409999966621399,1.3320000171661377,1.3600000143051147,144900,0.0,0.0
2023-04-18 00:00:00-04:00,1.350000023841858,1.4500000476837158,1.3300000429153442,1.340000033378601,270300,0.0,0.0
2023-04-19 00:00:00-04:00,1.2000000476837158,1.2999999523162842,1.1299999952316284,1.2599999904632568,793100,0.0,0.0
2023-04-20 00:00:00-04:00,1.2599999904632568,1.2999999523162842,1.2000000476837158,1.2699999809265137,130900,0.0,0.0
2023-04-21 00:00:00-04:00,1.25,1.3700000047683716,1.2400000095367432,1.340000033378601,179100,0.0,0.0
2023-04-24 00:00:00-04:00,1.3600000143051147,1.3700000047683716,1.2599999904632568,1.2999999523162842,114700,0.0,0.0
2023-04-25 00:00:00-04:00,1.2400000095367432,1.2899999618530273,1.2400000095367432,1.2400000095367432,137700,0.0,0.0
2023-04-26 00:00:00-04:00,1.2400000095367432,1.3009999990463257,1.2200000286102295,1.2400000095367432,96100,0.0,0.0
2023-04-27 00:00:00-04:00,1.2400000095367432,1.2599999904632568,1.2000000476837158,1.2100000381469727,97700,0.0,0.0
2023-04-28 00:00:00-04:00,1.2200000286102295,1.3200000524520874,1.2200000286102295,1.2699999809265137,155600,0.0,0.0
2023-05-01 00:00:00-04:00,1.2999999523162842,1.2999999523162842,1.2599999904632568,1.2599999904632568,96400,0.0,0.0
2023-05-02 00:00:00-04:00,1.2699999809265137,1.3380000591278076,1.25,1.309999942779541,112200,0.0,0.0
2023-05-03 00:00:00-04:00,1.2999999523162842,1.3899999856948853,1.2999999523162842,1.340000033378601,105700,0.0,0.0
2023-05-04 00:00:00-04:00,1.340000033378601,1.3899999856948853,1.340000033378601,1.350000023841858,82400,0.0,0.0
2023-05-05 00:00:00-04:00,1.3899999856948853,1.3899999856948853,1.3200000524520874,1.3600000143051147,195900,0.0,0.0
2023-05-08 00:00:00-04:00,1.3200000524520874,1.440000057220459,1.3200000524520874,1.440000057220459,166700,0.0,0.0
2023-05-09 00:00:00-04:00,1.4299999475479126,1.4900000095367432,1.399999976158142,1.4800000190734863,226600,0.0,0.0
2023-05-10 00:00:00-04:00,1.4800000190734863,1.4900000095367432,1.4500000476837158,1.4600000381469727,1814200,0.0,0.0
2023-05-11 00:00:00-04:00,1.5700000524520874,1.5989999771118164,1.2599999904632568,1.3300000429153442,3208100,0.0,0.0
2023-05-12 00:00:00-04:00,1.2400000095367432,1.350000023841858,1.2400000095367432,1.2400000095367432,633900,0.0,0.0
2023-05-15 00:00:00-04:00,1.2200000286102295,1.25,1.1100000143051147,1.2200000286102295,554500,0.0,0.0
2023-05-16 00:00:00-04:00,1.159999966621399,1.2000000476837158,1.100000023841858,1.100000023841858,497700,0.0,0.0
2023-05-17 00:00:00-04:00,1.100000023841858,1.1799999475479126,1.0299999713897705,1.149999976158142,425200,0.0,0.0
2023-05-18 00:00:00-04:00,1.149999976158142,1.1699999570846558,1.1100000143051147,1.1399999856948853,251300,0.0,0.0
2023-05-19 00:00:00-04:00,1.1399999856948853,1.159999966621399,1.100000023841858,1.1100000143051147,252300,0.0,0.0
2023-05-22 00:00:00-04:00,1.1200000047683716,1.1799999475479126,1.100000023841858,1.1299999952316284,453000,0.0,0.0
2023-05-23 00:00:00-04:00,1.1399999856948853,1.149999976158142,1.1100000143051147,1.149999976158142,155000,0.0,0.0
2023-05-24 00:00:00-04:00,1.1200000047683716,1.2200000286102295,1.090000033378601,1.149999976158142,403200,0.0,0.0
2023-05-25 00:00:00-04:00,1.1699999570846558,1.1699999570846558,1.1200000047683716,1.1200000047683716,101300,0.0,0.0
2023-05-26 00:00:00-04:00,1.159999966621399,1.159999966621399,1.100000023841858,1.1399999856948853,180600,0.0,0.0
2023-05-30 00:00:00-04:00,1.1100000143051147,1.1299999952316284,1.0499999523162842,1.0700000524520874,274100,0.0,0.0
2023-05-31 00:00:00-04:00,1.1299999952316284,1.1299999952316284,1.0700000524520874,1.090000033378601,198600,0.0,0.0
2023-06-01 00:00:00-04:00,1.1299999952316284,1.2400000095367432,1.090000033378601,1.190000057220459,432000,0.0,0.0
2023-06-02 00:00:00-04:00,1.2200000286102295,1.2400000095367432,1.187000036239624,1.2200000286102295,134800,0.0,0.0
2023-06-05 00:00:00-04:00,1.2599999904632568,1.2949999570846558,1.2000000476837158,1.2899999618530273,215600,0.0,0.0
2023-06-06 00:00:00-04:00,1.2999999523162842,1.3200000524520874,1.2690000534057617,1.309999942779541,144600,0.0,0.0
2023-06-07 00:00:00-04:00,1.3300000429153442,1.3300000429153442,1.2000000476837158,1.2200000286102295,182000,0.0,0.0
2023-06-08 00:00:00-04:00,1.190000057220459,1.2599999904632568,1.190000057220459,1.2200000286102295,119700,0.0,0.0
2023-06-09 00:00:00-04:00,1.2000000476837158,1.2899999618530273,1.190000057220459,1.2699999809265137,158700,0.0,0.0
2023-06-12 00:00:00-04:00,1.25,1.309999942779541,1.25,1.2949999570846558,94100,0.0,0.0
2023-06-13 00:00:00-04:00,1.2999999523162842,1.350000023841858,1.2899999618530273,1.309999942779541,185600,0.0,0.0
2023-06-14 00:00:00-04:00,1.2999999523162842,1.350000023841858,1.2999999523162842,1.2999999523162842,181600,0.0,0.0
2023-06-15 00:00:00-04:00,1.2899999618530273,1.3300000429153442,1.2899999618530273,1.309999942779541,99800,0.0,0.0
2023-06-16 00:00:00-04:00,1.309999942779541,1.340000033378601,1.25,1.2799999713897705,101800,0.0,0.0
2023-06-20 00:00:00-04:00,1.2799999713897705,1.2999999523162842,1.2000000476837158,1.2400000095367432,134800,0.0,0.0
2023-06-21 00:00:00-04:00,1.2400000095367432,1.2400000095367432,1.190000057220459,1.2200000286102295,91000,0.0,0.0
2023-06-22 00:00:00-04:00,1.2100000381469727,1.25,1.1799999475479126,1.1799999475479126,173800,0.0,0.0
2023-06-23 00:00:00-04:00,1.2200000286102295,1.2599999904632568,1.190000057220459,1.2400000095367432,137800,0.0,0.0
2023-06-26 00:00:00-04:00,1.25,1.253999948501587,1.1699999570846558,1.190000057220459,118200,0.0,0.0
2023-06-27 00:00:00-04:00,1.2300000190734863,1.2400000095367432,1.1799999475479126,1.2000000476837158,82700,0.0,0.0
2023-06-28 00:00:00-04:00,1.2200000286102295,1.2200000286102295,1.149999976158142,1.190000057220459,63100,0.0,0.0
2023-06-29 00:00:00-04:00,1.2200000286102295,1.2200000286102295,1.100000023841858,1.1399999856948853,180100,0.0,0.0
2023-06-30 00:00:00-04:00,1.149999976158142,1.190000057220459,1.1299999952316284,1.190000057220459,116400,0.0,0.0
2023-07-03 00:00:00-04:00,1.190000057220459,1.2000000476837158,1.1399999856948853,1.1699999570846558,171100,0.0,0.0
2023-07-05 00:00:00-04:00,1.1699999570846558,1.1799999475479126,1.1100000143051147,1.149999976158142,232500,0.0,0.0
2023-07-06 00:00:00-04:00,1.149999976158142,1.1799999475479126,1.1299999952316284,1.1399999856948853,109200,0.0,0.0
2023-07-07 00:00:00-04:00,1.1399999856948853,1.1799999475479126,1.1100000143051147,1.1200000047683716,114200,0.0,0.0
2023-07-10 00:00:00-04:00,1.1200000047683716,1.2300000190734863,1.090000033378601,1.1399999856948853,247200,0.0,0.0
2023-07-11 00:00:00-04:00,1.1399999856948853,1.159999966621399,1.0299999713897705,1.059999942779541,337600,0.0,0.0
2023-07-12 00:00:00-04:00,1.0499999523162842,1.159999966621399,1.0499999523162842,1.1399999856948853,493400,0.0,0.0
2023-07-13 00:00:00-04:00,1.149999976158142,1.1699999570846558,1.1299999952316284,1.1699999570846558,209000,0.0,0.0
2023-07-14 00:00:00-04:00,1.159999966621399,1.1799999475479126,1.149999976158142,1.149999976158142,118600,0.0,0.0
2023-07-17 00:00:00-04:00,1.159999966621399,1.2100000381469727,1.149999976158142,1.2100000381469727,157100,0.0,0.0
2023-07-18 00:00:00-04:00,1.2200000286102295,1.4199999570846558,1.2100000381469727,1.2899999618530273,1362500,0.0,0.0
2023-07-19 00:00:00-04:00,1.3200000524520874,1.340000033378601,1.2799999713897705,1.2799999713897705,912800,0.0,0.0
2023-07-20 00:00:00-04:00,1.2899999618530273,1.2999999523162842,1.2300000190734863,1.2899999618530273,276200,0.0,0.0
2023-07-21 00:00:00-04:00,1.2899999618530273,1.2899999618530273,1.2300000190734863,1.284999966621399,233100,0.0,0.0
2023-07-24 00:00:00-04:00,1.2699999809265137,1.4700000286102295,1.2699999809265137,1.3600000143051147,1422200,0.0,0.0
2023-07-25 00:00:00-04:00,1.3899999856948853,1.4700000286102295,1.2300000190734863,1.2599999904632568,1603200,0.0,0.0
2023-07-26 00:00:00-04:00,1.2899999618530273,1.3700000047683716,1.2699999809265137,1.3200000524520874,931400,0.0,0.0
2023-07-27 00:00:00-04:00,1.350000023841858,1.399999976158142,1.2200000286102295,1.25,501300,0.0,0.0
2023-07-28 00:00:00-04:00,1.3600000143051147,1.3600000143051147,1.0299999713897705,1.0399999618530273,1319200,0.0,0.0
2023-07-31 00:00:00-04:00,1.1200000047683716,1.1200000047683716,1.0800000429153442,1.100000023841858,552900,0.0,0.0
2023-08-01 00:00:00-04:00,1.1100000143051147,1.1100000143051147,1.059999942779541,1.0700000524520874,484500,0.0,0.0
2023-08-02 00:00:00-04:00,1.059999942779541,1.0759999752044678,0.9599999785423279,0.9800000190734863,520000,0.0,0.0
2023-08-03 00:00:00-04:00,0.9800000190734863,1.1100000143051147,0.9800000190734863,1.100000023841858,621400,0.0,0.0
2023-08-04 00:00:00-04:00,1.1200000047683716,1.2200000286102295,1.1200000047683716,1.1799999475479126,345500,0.0,0.0
2023-08-07 00:00:00-04:00,1.2000000476837158,1.25,1.100000023841858,1.1799999475479126,571100,0.0,0.0
2023-08-08 00:00:00-04:00,1.190000057220459,1.25,1.1799999475479126,1.190000057220459,589600,0.0,0.0
2023-08-09 00:00:00-04:00,1.2000000476837158,1.2200000286102295,1.1269999742507935,1.1799999475479126,486700,0.0,0.0
2023-08-10 00:00:00-04:00,1.2100000381469727,1.2100000381469727,1.100000023841858,1.1100000143051147,777200,0.0,0.0
2023-08-11 00:00:00-04:00,1.100000023841858,1.1100000143051147,0.8999999761581421,1.100000023841858,1012200,0.0,0.0
2023-08-14 00:00:00-04:00,1.149999976158142,1.2000000476837158,1.0499999523162842,1.059999942779541,310600,0.0,0.0
2023-08-15 00:00:00-04:00,1.0499999523162842,1.100000023841858,1.0180000066757202,1.0800000429153442,480200,0.0,0.0
2023-08-16 00:00:00-04:00,1.090000033378601,1.100000023841858,1.0499999523162842,1.059999942779541,224300,0.0,0.0
2023-08-17 00:00:00-04:00,1.0499999523162842,1.0800000429153442,1.0,1.0099999904632568,153400,0.0,0.0
2023-08-18 00:00:00-04:00,1.0,1.100000023841858,1.0,1.100000023841858,312300,0.0,0.0
2023-08-21 00:00:00-04:00,1.100000023841858,1.100000023841858,1.0099999904632568,1.0099999904632568,182700,0.0,0.0
2023-08-22 00:00:00-04:00,1.0299999713897705,1.0399999618530273,0.9800000190734863,0.9950000047683716,259500,0.0,0.0
2023-08-23 00:00:00-04:00,1.0099999904632568,1.0499999523162842,0.9800000190734863,1.0399999618530273,157900,0.0,0.0
2023-08-24 00:00:00-04:00,1.0399999618530273,1.0499999523162842,1.0,1.0099999904632568,150700,0.0,0.0
2023-08-25 00:00:00-04:00,1.0,1.0199999809265137,0.9649999737739563,0.9900000095367432,127300,0.0,0.0
2023-08-28 00:00:00-04:00,0.9900000095367432,1.0299999713897705,0.9700000286102295,1.0199999809265137,110600,0.0,0.0
2023-08-29 00:00:00-04:00,1.0,1.0399999618530273,0.9800000190734863,1.0399999618530273,186500,0.0,0.0
2023-08-30 00:00:00-04:00,1.0099999904632568,1.0499999523162842,1.0099999904632568,1.0399999618530273,69900,0.0,0.0
2023-08-31 00:00:00-04:00,1.0299999713897705,1.0499999523162842,1.0199999809265137,1.0399999618530273,124400,0.0,0.0
2023-09-01 00:00:00-04:00,1.0299999713897705,1.059999942779541,1.0299999713897705,1.0299999713897705,175700,0.0,0.0
2023-09-05 00:00:00-04:00,1.0299999713897705,1.059000015258789,1.0,1.0,202900,0.0,0.0
2023-09-06 00:00:00-04:00,1.0,1.0299999713897705,0.9700000286102295,0.9700000286102295,300000,0.0,0.0
2023-09-07 00:00:00-04:00,0.949999988079071,1.0099999904632568,0.949999988079071,1.0,105500,0.0,0.0
2023-09-08 00:00:00-04:00,0.9829999804496765,1.0299999713897705,0.9800000190734863,1.0099999904632568,102000,0.0,0.0
2023-09-11 00:00:00-04:00,1.0,1.0299999713897705,0.9900000095367432,1.0099999904632568,114800,0.0,0.0
2023-09-12 00:00:00-04:00,1.0,1.0299999713897705,1.0,1.0099999904632568,80700,0.0,0.0
2023-09-13 00:00:00-04:00,1.0,1.0199999809265137,0.9900000095367432,1.0199999809265137,102700,0.0,0.0
2023-09-14 00:00:00-04:00,1.0099999904632568,1.0499999523162842,0.9919999837875366,1.0499999523162842,212300,0.0,0.0
2023-09-15 00:00:00-04:00,1.0199999809265137,1.100000023841858,1.0099999904632568,1.100000023841858,332600,0.0,0.0
2023-09-18 00:00:00-04:00,1.100000023841858,1.1200000047683716,1.059999942779541,1.1100000143051147,275000,0.0,0.0
2023-09-19 00:00:00-04:00,1.090000033378601,1.100000023841858,1.059999942779541,1.100000023841858,130000,0.0,0.0
2023-09-20 00:00:00-04:00,1.0800000429153442,1.1200000047683716,1.059999942779541,1.100000023841858,184700,0.0,0.0
2023-09-21 00:00:00-04:00,1.0499999523162842,1.100000023841858,1.0499999523162842,1.100000023841858,135400,0.0,0.0
2023-09-22 00:00:00-04:00,1.0700000524520874,1.0829999446868896,1.0099999904632568,1.0399999618530273,400000,0.0,0.0
2023-09-25 00:00:00-04:00,1.0399999618530273,1.0490000247955322,1.0,1.0,300500,0.0,0.0
2023-09-26 00:00:00-04:00,1.0,1.0700000524520874,0.7429999709129333,0.8339999914169312,1368600,0.0,0.0
2023-09-27 00:00:00-04:00,0.7829999923706055,0.8399999737739563,0.7599999904632568,0.7599999904632568,448500,0.0,0.0
2023-09-28 00:00:00-04:00,0.7799999713897705,0.800000011920929,0.7009999752044678,0.7049999833106995,298900,0.0,0.0
2023-09-29 00:00:00-04:00,0.7770000100135803,0.7770000100135803,0.6899999976158142,0.6990000009536743,105800,0.0,0.0
2023-10-02 00:00:00-04:00,0.7099999785423279,0.7509999871253967,0.6100000143051147,0.6140000224113464,400100,0.0,0.0
2023-10-03 00:00:00-04:00,0.6299999952316284,0.6330000162124634,0.5709999799728394,0.5899999737739563,367800,0.0,0.0
2023-10-04 00:00:00-04:00,0.5799999833106995,0.6290000081062317,0.5699999928474426,0.6159999966621399,130800,0.0,0.0
2023-10-05 00:00:00-04:00,0.5899999737739563,0.699999988079071,0.550000011920929,0.6890000104904175,305300,0.0,0.0
2023-10-06 00:00:00-04:00,0.6890000104904175,0.7490000128746033,0.6800000071525574,0.7490000128746033,215200,0.0,0.0
2023-10-09 00:00:00-04:00,0.75,0.7649999856948853,0.7120000123977661,0.75,64000,0.0,0.0
2023-10-10 00:00:00-04:00,0.7580000162124634,0.8100000023841858,0.7400000095367432,0.796999990940094,130600,0.0,0.0
2023-10-11 00:00:00-04:00,0.800000011920929,0.800000011920929,0.7599999904632568,0.7599999904632568,49500,0.0,0.0
2023-10-12 00:00:00-04:00,0.7910000085830688,0.8090000152587891,0.7080000042915344,0.718999981880188,187500,0.0,0.0
2023-10-13 00:00:00-04:00,0.7260000109672546,0.7699999809265137,0.7110000252723694,0.7110000252723694,37600,0.0,0.0
2023-10-16 00:00:00-04:00,0.7110000252723694,0.7699999809265137,0.7009999752044678,0.7400000095367432,122600,0.0,0.0
2023-10-17 00:00:00-04:00,0.7609999775886536,0.7609999775886536,0.7099999785423279,0.7400000095367432,165000,0.0,0.0
2023-10-18 00:00:00-04:00,0.7200000286102295,0.8090000152587891,0.7200000286102295,0.7699999809265137,144000,0.0,0.0
2023-10-19 00:00:00-04:00,0.7699999809265137,0.800000011920929,0.7400000095367432,0.75,128900,0.0,0.0
2023-10-20 00:00:00-04:00,0.7850000262260437,0.8100000023841858,0.75,0.7599999904632568,19200,0.0,0.0
2023-10-23 00:00:00-04:00,0.7599999904632568,0.7599999904632568,0.7200000286102295,0.7200000286102295,73900,0.0,0.0
2023-10-24 00:00:00-04:00,0.7390000224113464,0.7459999918937683,0.699999988079071,0.7160000205039978,44700,0.0,0.0
2023-10-25 00:00:00-04:00,0.7250000238418579,0.7459999918937683,0.6759999990463257,0.6790000200271606,64600,0.0,0.0
2023-10-26 00:00:00-04:00,0.6800000071525574,0.7099999785423279,0.6399999856948853,0.6539999842643738,80500,0.0,0.0
2023-10-27 00:00:00-04:00,0.7250000238418579,0.7250000238418579,0.6399999856948853,0.6600000262260437,114500,0.0,0.0
2023-10-30 00:00:00-04:00,0.6600000262260437,0.7049999833106995,0.6600000262260437,0.6890000104904175,102400,0.0,0.0
2023-10-31 00:00:00-04:00,0.6899999976158142,0.699999988079071,0.675000011920929,0.6800000071525574,54200,0.0,0.0
2023-11-01 00:00:00-04:00,0.6899999976158142,0.6990000009536743,0.6179999709129333,0.6499999761581421,141200,0.0,0.0
2023-11-02 00:00:00-04:00,0.6499999761581421,0.699999988079071,0.6499999761581421,0.6930000185966492,62800,0.0,0.0
2023-11-03 00:00:00-04:00,0.6909999847412109,0.7699999809265137,0.6800000071525574,0.7300000190734863,74700,0.0,0.0
2023-11-06 00:00:00-05:00,0.7559999823570251,0.7699999809265137,0.7099999785423279,0.7400000095367432,39500,0.0,0.0
2023-11-07 00:00:00-05:00,0.7369999885559082,0.7699999809265137,0.7200000286102295,0.7319999933242798,113300,0.0,0.0
2023-11-08 00:00:00-05:00,0.7210000157356262,0.7670000195503235,0.7149999737739563,0.7289999723434448,78700,0.0,0.0
2023-11-09 00:00:00-05:00,0.7099999785423279,0.7200000286102295,0.6669999957084656,0.6840000152587891,74800,0.0,0.0
2023-11-10 00:00:00-05:00,0.7599999904632568,0.7599999904632568,0.6700000166893005,0.675000011920929,40900,0.0,0.0
2023-11-13 00:00:00-05:00,0.7699999809265137,0.7699999809265137,0.6600000262260437,0.6790000200271606,118900,0.0,0.0
2023-11-14 00:00:00-05:00,0.6759999990463257,0.75,0.6759999990463257,0.7170000076293945,156300,0.0,0.0
2023-11-15 00:00:00-05:00,0.6949999928474426,0.7250000238418579,0.41999998688697815,0.5740000009536743,1589300,0.0,0.0
2023-11-16 00:00:00-05:00,0.5740000009536743,0.5740000009536743,0.47999998927116394,0.49799999594688416,263400,0.0,0.0
2023-11-17 00:00:00-05:00,0.5019999742507935,0.5019999742507935,0.4300000071525574,0.460999995470047,374900,0.0,0.0
2023-11-20 00:00:00-05:00,0.47200000286102295,0.5099999904632568,0.44999998807907104,0.5049999952316284,210900,0.0,0.0
2023-11-21 00:00:00-05:00,0.5080000162124634,0.5730000138282776,0.5040000081062317,0.5450000166893005,479300,0.0,0.0
2023-11-22 00:00:00-05:00,0.5299999713897705,0.5899999737739563,0.5299999713897705,0.5699999928474426,112000,0.0,0.0
2023-11-24 00:00:00-05:00,0.5699999928474426,0.609000027179718,0.5699999928474426,0.5799999833106995,59900,0.0,0.0
2023-11-27 00:00:00-05:00,0.5799999833106995,0.5950000286102295,0.5400000214576721,0.5509999990463257,127800,0.0,0.0
2023-11-28 00:00:00-05:00,0.5550000071525574,0.5699999928474426,0.5099999904632568,0.5649999976158142,185700,0.0,0.0
2023-11-29 00:00:00-05:00,0.550000011920929,0.578000009059906,0.5149999856948853,0.5230000019073486,109200,0.0,0.0
2023-11-30 00:00:00-05:00,0.5199999809265137,0.5559999942779541,0.5,0.5,105500,0.0,0.0
2023-12-01 00:00:00-05:00,0.45399999618530273,0.49799999594688416,0.4309999942779541,0.4390000104904175,467100,0.0,0.0
2023-12-04 00:00:00-05:00,0.48100000619888306,0.5,0.41999998688697815,0.41999998688697815,313400,0.0,0.0
2023-12-05 00:00:00-05:00,0.41499999165534973,0.44999998807907104,0.41499999165534973,0.42500001192092896,226800,0.0,0.0
2023-12-06 00:00:00-05:00,0.4300000071525574,0.49000000953674316,0.4269999861717224,0.4350000023841858,94200,0.0,0.0
2023-12-07 00:00:00-05:00,0.4300000071525574,0.4399999976158142,0.4009999930858612,0.41100001335144043,304600,0.0,0.0
2023-12-08 00:00:00-05:00,0.41499999165534973,0.4480000138282776,0.4000000059604645,0.40700000524520874,180800,0.0,0.0
2023-12-11 00:00:00-05:00,0.4000000059604645,0.4129999876022339,0.375,0.38999998569488525,271100,0.0,0.0
2023-12-12 00:00:00-05:00,0.39100000262260437,0.40700000524520874,0.38499999046325684,0.39500001072883606,141700,0.0,0.0
2023-12-13 00:00:00-05:00,0.4000000059604645,0.42500001192092896,0.38999998569488525,0.40700000524520874,239900,0.0,0.0
2023-12-14 00:00:00-05:00,0.4099999964237213,0.44999998807907104,0.39100000262260437,0.4259999990463257,528600,0.0,0.0
2023-12-15 00:00:00-05:00,0.4699999988079071,0.4699999988079071,0.4259999990463257,0.4300000071525574,327700,0.0,0.0
2023-12-18 00:00:00-05:00,0.4300000071525574,0.46000000834465027,0.42500001192092896,0.4359999895095825,221000,0.0,0.0
2023-12-19 00:00:00-05:00,0.4399999976158142,0.44999998807907104,0.43700000643730164,0.43700000643730164,211600,0.0,0.0
2023-12-20 00:00:00-05:00,0.4300000071525574,0.4300000071525574,0.4099999964237213,0.4230000078678131,164200,0.0,0.0
2023-12-21 00:00:00-05:00,0.4230000078678131,0.44999998807907104,0.39100000262260437,0.4099999964237213,455300,0.0,0.0
2023-12-22 00:00:00-05:00,0.4000000059604645,0.42399999499320984,0.4000000059604645,0.41999998688697815,97900,0.0,0.0
2023-12-26 00:00:00-05:00,0.4320000112056732,0.4399999976158142,0.4099999964237213,0.4309999942779541,134200,0.0,0.0
2023-12-27 00:00:00-05:00,0.42899999022483826,0.44999998807907104,0.4099999964237213,0.4180000126361847,214600,0.0,0.0
2023-12-28 00:00:00-05:00,0.42500001192092896,0.42500001192092896,0.4099999964237213,0.41100001335144043,209700,0.0,0.0
2023-12-29 00:00:00-05:00,0.4099999964237213,0.4269999861717224,0.4000000059604645,0.4009999930858612,241200,0.0,0.0
2024-01-02 00:00:00-05:00,0.4000000059604645,0.41999998688697815,0.4000000059604645,0.414000004529953,268500,0.0,0.0
2024-01-03 00:00:00-05:00,0.4000000059604645,0.42500001192092896,0.38999998569488525,0.4009999930858612,791200,0.0,0.0
2024-01-04 00:00:00-05:00,0.4000000059604645,0.4099999964237213,0.38499999046325684,0.3970000147819519,157600,0.0,0.0
2024-01-05 00:00:00-05:00,0.38199999928474426,0.40299999713897705,0.3799999952316284,0.40299999713897705,94700,0.0,0.0
2024-01-08 00:00:00-05:00,0.3889999985694885,0.4300000071525574,0.3700000047683716,0.38999998569488525,429000,0.0,0.0
2024-01-09 00:00:00-05:00,0.3779999911785126,0.38999998569488525,0.3700000047683716,0.38999998569488525,185200,0.0,0.0
2024-01-10 00:00:00-05:00,0.38100001215934753,0.38999998569488525,0.3709999918937683,0.3889999985694885,48300,0.0,0.0
2024-01-11 00:00:00-05:00,0.3720000088214874,0.38999998569488525,0.36500000953674316,0.3720000088214874,186200,0.0,0.0
2024-01-12 00:00:00-05:00,0.3529999852180481,0.41999998688697815,0.3529999852180481,0.3779999911785126,309800,0.0,0.0
2024-01-16 00:00:00-05:00,0.3799999952316284,0.3889999985694885,0.3630000054836273,0.3630000054836273,270300,0.0,0.0
2024-01-17 00:00:00-05:00,0.3799999952316284,0.3799999952316284,0.34299999475479126,0.3449999988079071,238900,0.0,0.0
2024-01-18 00:00:00-05:00,0.3449999988079071,0.3449999988079071,0.3230000138282776,0.3370000123977661,294900,0.0,0.0
2024-01-19 00:00:00-05:00,0.3479999899864197,0.3499999940395355,0.33000001311302185,0.335999995470047,100700,0.0,0.0
2024-01-22 00:00:00-05:00,0.3400000035762787,0.37400001287460327,0.3400000035762787,0.34599998593330383,335500,0.0,0.0
2024-01-23 00:00:00-05:00,0.34299999475479126,0.3700000047683716,0.335999995470047,0.3400000035762787,223700,0.0,0.0
2024-01-24 00:00:00-05:00,0.3400000035762787,0.35100001096725464,0.3310000002384186,0.3490000069141388,222000,0.0,0.0
2024-01-25 00:00:00-05:00,0.33500000834465027,0.35899999737739563,0.30000001192092896,0.3100000023841858,953400,0.0,0.0
2024-01-26 00:00:00-05:00,0.32899999618530273,0.33500000834465027,0.3100000023841858,0.31700000166893005,208900,0.0,0.0
2024-01-29 00:00:00-05:00,0.3140000104904175,0.33899998664855957,0.3100000023841858,0.32899999618530273,390400,0.0,0.0
2024-01-30 00:00:00-05:00,0.3199999928474426,0.32899999618530273,0.3160000145435333,0.32899999618530273,78800,0.0,0.0
2024-01-31 00:00:00-05:00,0.3199999928474426,0.3319999873638153,0.3199999928474426,0.32600000500679016,114500,0.0,0.0
2024-02-01 00:00:00-05:00,0.3310000002384186,0.35499998927116394,0.33000001311302185,0.3400000035762787,118100,0.0,0.0
2024-02-02 00:00:00-05:00,0.3529999852180481,0.3709999918937683,0.3499999940395355,0.3700000047683716,120000,0.0,0.0
2024-02-05 00:00:00-05:00,0.3790000081062317,0.3799999952316284,0.3499999940395355,0.3659999966621399,130400,0.0,0.0
2024-02-06 00:00:00-05:00,0.3580000102519989,0.3659999966621399,0.3400000035762787,0.34700000286102295,45900,0.0,0.0
2024-02-07 00:00:00-05:00,0.3499999940395355,0.3499999940395355,0.3409999907016754,0.3440000116825104,55700,0.0,0.0
2024-02-08 00:00:00-05:00,0.3400000035762787,0.36000001430511475,0.3400000035762787,0.35199999809265137,36400,0.0,0.0
2024-02-09 00:00:00-05:00,0.3700000047683716,0.3700000047683716,0.33000001311302185,0.35600000619888306,138500,0.0,0.0
2024-02-12 00:00:00-05:00,0.3400000035762787,0.35499998927116394,0.3400000035762787,0.3449999988079071,51800,0.0,0.0
2024-02-13 00:00:00-05:00,0.3400000035762787,0.36000001430511475,0.3400000035762787,0.35499998927116394,29600,0.0,0.0
2024-02-14 00:00:00-05:00,0.35899999737739563,0.36500000953674316,0.3400000035762787,0.36500000953674316,116800,0.0,0.0
2024-02-15 00:00:00-05:00,0.36500000953674316,0.3889999985694885,0.36000001430511475,0.3799999952316284,96100,0.0,0.0
2024-02-16 00:00:00-05:00,0.37599998712539673,0.38499999046325684,0.3499999940395355,0.3790000081062317,76500,0.0,0.0
2024-02-20 00:00:00-05:00,0.35600000619888306,0.3799999952316284,0.3499999940395355,0.35899999737739563,213300,0.0,0.0
2024-02-21 00:00:00-05:00,0.3799999952316284,0.3799999952316284,0.3499999940395355,0.37299999594688416,129900,0.0,0.0
2024-02-22 00:00:00-05:00,0.3700000047683716,0.3700000047683716,0.3499999940395355,0.36500000953674316,64600,0.0,0.0
2024-02-23 00:00:00-05:00,0.36000001430511475,0.36500000953674316,0.335999995470047,0.3490000069141388,171200,0.0,0.0
2024-02-26 00:00:00-05:00,0.3400000035762787,0.3400000035762787,0.32600000500679016,0.33500000834465027,113800,0.0,0.0
2024-02-27 00:00:00-05:00,0.3499999940395355,0.3540000021457672,0.328000009059906,0.3490000069141388,131000,0.0,0.0
2024-02-28 00:00:00-05:00,0.3440000116825104,0.3540000021457672,0.3370000123977661,0.3529999852180481,38400,0.0,0.0
2024-02-29 00:00:00-05:00,0.3529999852180481,0.35899999737739563,0.33399999141693115,0.3499999940395355,119200,0.0,0.0
2024-03-01 00:00:00-05:00,0.3449999988079071,0.3499999940395355,0.33799999952316284,0.34299999475479126,56700,0.0,0.0
2024-03-04 00:00:00-05:00,0.33500000834465027,0.35899999737739563,0.3310000002384186,0.3529999852180481,137200,0.0,0.0
2024-03-05 00:00:00-05:00,0.3490000069141388,0.3499999940395355,0.3310000002384186,0.3490000069141388,58300,0.0,0.0
2024-03-06 00:00:00-05:00,0.33899998664855957,0.3499999940395355,0.33500000834465027,0.3499999940395355,35400,0.0,0.0
2024-03-07 00:00:00-05:00,0.33899998664855957,0.367000013589859,0.33899998664855957,0.367000013589859,89500,0.0,0.0
2024-03-08 00:00:00-05:00,0.3659999966621399,0.367000013589859,0.3499999940395355,0.3659999966621399,68600,0.0,0.0
2024-03-11 00:00:00-04:00,0.36000001430511475,0.367000013589859,0.35499998927116394,0.3659999966621399,45000,0.0,0.0
2024-03-12 00:00:00-04:00,0.3700000047683716,0.3840000033378601,0.36399999260902405,0.37299999594688416,123400,0.0,0.0
2024-03-13 00:00:00-04:00,0.37700000405311584,0.4099999964237213,0.3700000047683716,0.38499999046325684,189500,0.0,0.0
2024-03-14 00:00:00-04:00,0.3959999978542328,0.4000000059604645,0.3799999952316284,0.3930000066757202,148600,0.0,0.0
2024-03-15 00:00:00-04:00,0.38999998569488525,0.38999998569488525,0.36500000953674316,0.38199999928474426,268300,0.0,0.0
2024-03-18 00:00:00-04:00,0.38999998569488525,0.4259999990463257,0.3700000047683716,0.42399999499320984,420000,0.0,0.0
2024-03-19 00:00:00-04:00,0.4269999861717224,0.4269999861717224,0.36800000071525574,0.3799999952316284,513700,0.0,0.0
2024-03-20 00:00:00-04:00,0.42100000381469727,0.42500001192092896,0.375,0.40299999713897705,821800,0.0,0.0
2024-03-21 00:00:00-04:00,0.3799999952316284,0.3869999945163727,0.3310000002384186,0.3409999907016754,744500,0.0,0.0
2024-03-22 00:00:00-04:00,0.328000009059906,0.33000001311302185,0.28999999165534973,0.30000001192092896,588600,0.0,0.0
2024-03-25 00:00:00-04:00,0.30399999022483826,0.3199999928474426,0.30000001192092896,0.3149999976158142,223400,0.0,0.0
2024-03-26 00:00:00-04:00,0.3100000023841858,0.3149999976158142,0.2800000011920929,0.289000004529953,330200,0.0,0.0
2024-03-27 00:00:00-04:00,0.29100000858306885,0.3089999854564667,0.2800000011920929,0.2980000078678131,191400,0.0,0.0
2024-03-28 00:00:00-04:00,0.30000001192092896,0.32899999618530273,0.28999999165534973,0.29899999499320984,323800,0.0,0.0
2024-04-01 00:00:00-04:00,0.3140000104904175,0.3140000104904175,0.30000001192092896,0.30399999022483826,42500,0.0,0.0
2024-04-02 00:00:00-04:00,0.31700000166893005,0.31700000166893005,0.2879999876022339,0.30799999833106995,286900,0.0,0.0
2024-04-03 00:00:00-04:00,0.3160000145435333,0.33000001311302185,0.29499998688697815,0.3179999887943268,227000,0.0,0.0
2024-04-04 00:00:00-04:00,0.32899999618530273,0.32899999618530273,0.3149999976158142,0.32600000500679016,121500,0.0,0.0
2024-04-05 00:00:00-04:00,0.33000001311302185,0.33000001311302185,0.3100000023841858,0.3240000009536743,57800,0.0,0.0
2024-04-08 00:00:00-04:00,0.3199999928474426,0.3230000138282776,0.29499998688697815,0.3160000145435333,396900,0.0,0.0
2024-04-09 00:00:00-04:00,0.3190000057220459,0.3199999928474426,0.29899999499320984,0.3109999895095825,24100,0.0,0.0
2024-04-10 00:00:00-04:00,0.3070000112056732,0.3109999895095825,0.25,0.2800000011920929,312000,0.0,0.0
2024-04-11 00:00:00-04:00,0.28999999165534973,0.30399999022483826,0.2809999883174896,0.29600000381469727,57900,0.0,0.0
2024-04-12 00:00:00-04:00,0.30000001192092896,0.3050000071525574,0.2720000147819519,0.27399998903274536,93700,0.0,0.0
2024-04-15 00:00:00-04:00,0.2840000092983246,0.2840000092983246,0.23000000417232513,0.23600000143051147,284800,0.0,0.0
2024-04-16 00:00:00-04:00,0.23999999463558197,0.2750000059604645,0.23999999463558197,0.24899999797344208,90500,0.0,0.0
2024-04-17 00:00:00-04:00,0.25,0.25999999046325684,0.2240000069141388,0.2240000069141388,152900,0.0,0.0
2024-04-18 00:00:00-04:00,0.23399999737739563,0.26600000262260437,0.23000000417232513,0.257999986410141,157400,0.0,0.0
2024-04-19 00:00:00-04:00,0.26899999380111694,0.2849999964237213,0.25999999046325684,0.2720000147819519,116100,0.0,0.0
2024-04-22 00:00:00-04:00,0.28200000524520874,0.2849999964237213,0.2720000147819519,0.2759999930858612,62800,0.0,0.0
2024-04-23 00:00:00-04:00,0.28200000524520874,0.28200000524520874,0.27000001072883606,0.27900001406669617,34200,0.0,0.0
2024-04-24 00:00:00-04:00,0.30000001192092896,0.30000001192092896,0.27000001072883606,0.2770000100135803,46600,0.0,0.0
2024-04-25 00:00:00-04:00,0.2770000100135803,0.2930000126361847,0.25,0.2709999978542328,73500,0.0,0.0
2024-04-26 00:00:00-04:00,0.27000001072883606,0.2840000092983246,0.27000001072883606,0.27000001072883606,12200,0.0,0.0
2024-04-29 00:00:00-04:00,0.27399998903274536,0.2840000092983246,0.2549999952316284,0.26899999380111694,31700,0.0,0.0
2024-04-30 00:00:00-04:00,0.27799999713897705,0.27799999713897705,0.26100000739097595,0.2709999978542328,28300,0.0,0.0
2024-05-01 00:00:00-04:00,0.26499998569488525,0.26499998569488525,0.23999999463558197,0.2549999952316284,104800,0.0,0.0
2024-05-02 00:00:00-04:00,0.2529999911785126,0.27000001072883606,0.25,0.25600001215934753,37200,0.0,0.0
2024-05-03 00:00:00-04:00,0.25999999046325684,0.2720000147819519,0.25200000405311584,0.2549999952316284,44700,0.0,0.0
2024-05-06 00:00:00-04:00,0.2590000033378601,0.27000001072883606,0.2529999911785126,0.25999999046325684,72100,0.0,0.0
2024-05-07 00:00:00-04:00,0.25999999046325684,0.27799999713897705,0.2549999952316284,0.2549999952316284,48600,0.0,0.0
2024-05-08 00:00:00-04:00,0.2549999952316284,0.2800000011920929,0.25200000405311584,0.26499998569488525,115500,0.0,0.0
2024-05-09 00:00:00-04:00,0.26499998569488525,0.328000009059906,0.26499998569488525,0.29899999499320984,684600,0.0,0.0
2024-05-10 00:00:00-04:00,0.30000001192092896,0.32899999618530273,0.28200000524520874,0.3109999895095825,174900,0.0,0.0
2024-05-13 00:00:00-04:00,0.328000009059906,0.3499999940395355,0.3009999990463257,0.3160000145435333,373400,0.0,0.0
2024-05-14 00:00:00-04:00,0.3190000057220459,0.33799999952316284,0.3190000057220459,0.3319999873638153,244100,0.0,0.0
2024-05-15 00:00:00-04:00,0.3319999873638153,0.34700000286102295,0.33000001311302185,0.34200000762939453,201800,0.0,0.0
2024-05-16 00:00:00-04:00,0.2680000066757202,0.3100000023841858,0.2680000066757202,0.2849999964237213,261000,0.0,0.0
2024-05-17 00:00:00-04:00,0.28999999165534973,0.3160000145435333,0.2750000059604645,0.29100000858306885,143100,0.0,0.0
2024-05-20 00:00:00-04:00,0.2750000059604645,0.30000001192092896,0.27000001072883606,0.28299999237060547,129600,0.0,0.0
2024-05-21 00:00:00-04:00,0.28299999237060547,0.2930000126361847,0.2720000147819519,0.2800000011920929,109300,0.0,0.0
2024-05-22 00:00:00-04:00,0.28999999165534973,0.30000001192092896,0.2809999883174896,0.29499998688697815,76700,0.0,0.0
2024-05-23 00:00:00-04:00,0.29600000381469727,0.3100000023841858,0.28999999165534973,0.30000001192092896,72100,0.0,0.0
2024-05-24 00:00:00-04:00,0.30000001192092896,0.3199999928474426,0.28999999165534973,0.3109999895095825,91100,0.0,0.0
2024-05-28 00:00:00-04:00,0.3199999928474426,0.3199999928474426,0.28999999165534973,0.31700000166893005,93900,0.0,0.0
2024-05-29 00:00:00-04:00,0.3009999990463257,0.3149999976158142,0.2800000011920929,0.2919999957084656,109900,0.0,0.0
2024-05-30 00:00:00-04:00,0.2840000092983246,0.3089999854564667,0.2709999978542328,0.2800000011920929,134100,0.0,0.0
2024-05-31 00:00:00-04:00,0.28700000047683716,0.30000001192092896,0.2720000147819519,0.2919999957084656,166000,0.0,0.0
2024-06-03 00:00:00-04:00,0.30399999022483826,0.30399999022483826,0.2460000067949295,0.2759999930858612,322000,0.0,0.0
2024-06-04 00:00:00-04:00,0.2750000059604645,0.28999999165534973,0.2639999985694885,0.28700000047683716,96900,0.0,0.0
2024-06-05 00:00:00-04:00,0.2750000059604645,0.28999999165534973,0.2750000059604645,0.289000004529953,64700,0.0,0.0
2024-06-06 00:00:00-04:00,0.29100000858306885,0.2919999957084656,0.2800000011920929,0.2879999876022339,41000,0.0,0.0
2024-06-07 00:00:00-04:00,0.27000001072883606,0.30000001192092896,0.2460000067949295,0.2930000126361847,422400,0.0,0.0
2024-06-10 00:00:00-04:00,0.29499998688697815,0.31700000166893005,0.2720000147819519,0.2750000059604645,185700,0.0,0.0
2024-06-11 00:00:00-04:00,0.2770000100135803,0.29499998688697815,0.2770000100135803,0.28299999237060547,25800,0.0,0.0
2024-06-12 00:00:00-04:00,0.2800000011920929,0.29100000858306885,0.26100000739097595,0.2750000059604645,162500,0.0,0.0
2024-06-13 00:00:00-04:00,0.26600000262260437,0.2800000011920929,0.26499998569488525,0.2750000059604645,61800,0.0,0.0
2024-06-14 00:00:00-04:00,0.27000001072883606,0.4779999852180481,0.2630000114440918,0.2720000147819519,5699000,0.0,0.0
2024-06-17 00:00:00-04:00,0.27000001072883606,0.3269999921321869,0.27000001072883606,0.3140000104904175,658100,0.0,0.0
2024-06-18 00:00:00-04:00,0.3050000071525574,0.3499999940395355,0.30000001192092896,0.32199999690055847,513900,0.0,0.0
2024-06-20 00:00:00-04:00,0.3199999928474426,0.39399999380111694,0.3199999928474426,0.33899998664855957,351600,0.0,0.0
2024-06-21 00:00:00-04:00,0.3400000035762787,0.41499999165534973,0.3310000002384186,0.4099999964237213,455100,0.0,0.0
2024-06-24 00:00:00-04:00,0.38999998569488525,0.46000000834465027,0.38999998569488525,0.4300000071525574,397300,0.0,0.0
2024-06-25 00:00:00-04:00,0.4300000071525574,0.49000000953674316,0.4300000071525574,0.44999998807907104,336500,0.0,0.0
2024-06-26 00:00:00-04:00,0.4569999873638153,0.48500001430511475,0.44999998807907104,0.460999995470047,119200,0.0,0.0
2024-06-27 00:00:00-04:00,0.4620000123977661,0.4620000123977661,0.4050000011920929,0.4099999964237213,174400,0.0,0.0
2024-06-28 00:00:00-04:00,0.4020000100135803,0.4099999964237213,0.38199999928474426,0.38199999928474426,132200,0.0,0.0
2024-07-01 00:00:00-04:00,0.38199999928474426,0.4180000126361847,0.3630000054836273,0.38999998569488525,81600,0.0,0.0
2024-07-02 00:00:00-04:00,0.40400001406669617,0.49000000953674316,0.3709999918937683,0.4300000071525574,822300,0.0,0.0
2024-07-03 00:00:00-04:00,0.4309999942779541,0.46000000834465027,0.4309999942779541,0.45100000500679016,60000,0.0,0.0
2024-07-05 00:00:00-04:00,0.43799999356269836,0.44200000166893005,0.41200000047683716,0.42899999022483826,82100,0.0,0.0
2024-07-08 00:00:00-04:00,0.42100000381469727,0.44999998807907104,0.4020000100135803,0.4350000023841858,202500,0.0,0.0
2024-07-09 00:00:00-04:00,0.42800000309944153,0.4350000023841858,0.4099999964237213,0.4230000078678131,70300,0.0,0.0
2024-07-10 00:00:00-04:00,0.4230000078678131,0.4399999976158142,0.4009999930858612,0.41999998688697815,55800,0.0,0.0
2024-07-11 00:00:00-04:00,0.414000004529953,0.4490000009536743,0.414000004529953,0.42500001192092896,66700,0.0,0.0
2024-07-12 00:00:00-04:00,0.4410000145435333,0.4480000138282776,0.41999998688697815,0.4429999887943268,74500,0.0,0.0
2024-07-15 00:00:00-04:00,0.44600000977516174,0.699999988079071,0.4300000071525574,0.6050000190734863,1560600,0.0,0.0
2024-07-16 00:00:00-04:00,0.5799999833106995,0.6499999761581421,0.5249999761581421,0.5870000123977661,660400,0.0,0.0
2024-07-17 00:00:00-04:00,0.5870000123977661,0.5870000123977661,0.5460000038146973,0.5730000138282776,148900,0.0,0.0
2024-07-18 00:00:00-04:00,0.578000009059906,0.5899999737739563,0.492000013589859,0.5210000276565552,181600,0.0,0.0
2024-07-19 00:00:00-04:00,0.5049999952316284,0.5400000214576721,0.5,0.5149999856948853,21900,0.0,0.0
2024-07-22 00:00:00-04:00,0.5099999904632568,0.5370000004768372,0.5,0.5289999842643738,115400,0.0,0.0
2024-07-23 00:00:00-04:00,0.5379999876022339,0.6100000143051147,0.515999972820282,0.5770000219345093,126700,0.0,0.0
2024-07-24 00:00:00-04:00,0.5759999752044678,0.5770000219345093,0.5450000166893005,0.5559999942779541,157500,0.0,0.0
2024-07-25 00:00:00-04:00,0.5559999942779541,0.5899999737739563,0.550000011920929,0.5600000023841858,74100,0.0,0.0
2024-07-26 00:00:00-04:00,0.5600000023841858,0.5789999961853027,0.5360000133514404,0.5490000247955322,71800,0.0,0.0
2024-07-29 00:00:00-04:00,0.550000011920929,0.5590000152587891,0.4399999976158142,0.49000000953674316,469700,0.0,0.0
2024-07-30 00:00:00-04:00,0.5,0.5370000004768372,0.49000000953674316,0.4959999918937683,38000,0.0,0.0
2024-07-31 00:00:00-04:00,0.5049999952316284,0.5189999938011169,0.4490000009536743,0.4729999899864197,114300,0.0,0.0
2024-08-01 00:00:00-04:00,0.460999995470047,0.5070000290870667,0.460999995470047,0.4790000021457672,66500,0.0,0.0
2024-08-02 00:00:00-04:00,0.47200000286102295,0.47200000286102295,0.4350000023841858,0.4410000145435333,83700,0.0,0.0
2024-08-05 00:00:00-04:00,0.4480000138282776,0.44999998807907104,0.3700000047683716,0.42399999499320984,206400,0.0,0.0
2024-08-06 00:00:00-04:00,0.4399999976158142,0.4410000145435333,0.41999998688697815,0.4300000071525574,29600,0.0,0.0
2024-08-07 00:00:00-04:00,0.4309999942779541,0.44699999690055847,0.4050000011920929,0.4099999964237213,107500,0.0,0.0
2024-08-08 00:00:00-04:00,0.41200000047683716,0.4259999990463257,0.39500001072883606,0.4099999964237213,37200,0.0,0.0
2024-08-09 00:00:00-04:00,0.41999998688697815,0.4699999988079071,0.4000000059604645,0.44200000166893005,63400,0.0,0.0
2024-08-12 00:00:00-04:00,0.4699999988079071,0.5,0.42399999499320984,0.44999998807907104,304900,0.0,0.0
2024-08-13 00:00:00-04:00,0.45100000500679016,0.49000000953674316,0.4449999928474426,0.45500001311302185,1137900,0.0,0.0
2024-08-14 00:00:00-04:00,0.5210000276565552,0.5400000214576721,0.47200000286102295,0.5,844300,0.0,0.0
2024-08-15 00:00:00-04:00,0.49000000953674316,0.550000011920929,0.41600000858306885,0.4790000021457672,628800,0.0,0.0
2024-08-16 00:00:00-04:00,0.49000000953674316,0.49000000953674316,0.4399999976158142,0.4699999988079071,97900,0.0,0.0
