Date,Open,High,Low,Close,Volume,Dividends,Stock Splits,Capital Gains
2017-05-19 00:00:00-04:00,45.84543228149414,45.84543228149414,45.84543228149414,45.84543228149414,100,0.0,0.0,0.0
2017-05-22 00:00:00-04:00,45.85456322739454,45.86371612548828,45.85456322739454,45.86371612548828,1000,0.0,0.0,0.0
2017-05-23 00:00:00-04:00,45.872872696671806,45.872872696671806,45.79048264494444,45.83625411987305,1300,0.0,0.0,0.0
2017-05-24 00:00:00-04:00,45.80878574581199,45.82709503173828,45.80878574581199,45.82709503173828,1800,0.0,0.0,0.0
2017-05-25 00:00:00-04:00,45.86371612548828,45.86371612548828,45.86371612548828,45.86371612548828,400,0.0,0.0,0.0
2017-05-26 00:00:00-04:00,45.86371612548828,45.86371612548828,45.86371612548828,45.86371612548828,0,0.0,0.0,0.0
2017-05-30 00:00:00-04:00,45.87287647059238,45.89118576049805,45.87287647059238,45.89118576049805,400,0.0,0.0,0.0
2017-05-31 00:00:00-04:00,45.909498681203836,45.91865158081055,45.909498681203836,45.91865158081055,2900,0.0,0.0,0.0
2017-06-01 00:00:00-04:00,45.88204206293785,45.909507751464844,45.86373276796684,45.909507751464844,600,0.0,0.0,0.0
2017-06-02 00:00:00-04:00,45.95526630222574,45.973575592041016,45.95526630222574,45.973575592041016,800,0.0,0.0,0.0
2017-06-05 00:00:00-04:00,45.94611628231327,45.95527267456055,45.94611628231327,45.95527267456055,100,0.0,0.0,0.0
2017-06-06 00:00:00-04:00,45.95527267456055,45.95527267456055,45.95527267456055,45.95527267456055,0,0.0,0.0,0.0
2017-06-07 00:00:00-04:00,45.95527267456055,45.95527267456055,45.95527267456055,45.95527267456055,200,0.0,0.0,0.0
2017-06-08 00:00:00-04:00,45.92779666879171,45.94610595703125,45.92779666879171,45.94610595703125,800,0.0,0.0,0.0
2017-06-09 00:00:00-04:00,45.89118413847631,45.927799224853516,45.89118413847631,45.927799224853516,1700,0.0,0.0,0.0
2017-06-12 00:00:00-04:00,45.899429907835156,45.91865414100732,45.89576665250407,45.90034484863281,700,0.0,0.0,0.0
2017-06-13 00:00:00-04:00,45.918647949286566,45.918647949286566,45.89118576049805,45.89118576049805,1300,0.0,0.0,0.0
2017-06-14 00:00:00-04:00,46.010185421598614,46.04680399704449,45.91864247512348,45.982723236083984,2600,0.0,0.0,0.0
2017-06-15 00:00:00-04:00,45.93693870418308,45.93693870418308,45.88658905029297,45.88658905029297,1400,0.0,0.0,0.0
2017-06-16 00:00:00-04:00,45.99187962601523,45.99187962601523,45.982723236083984,45.982723236083984,1000,0.0,0.0,0.0
2017-06-19 00:00:00-04:00,45.94610595703125,45.94610595703125,45.94610595703125,45.94610595703125,100,0.0,0.0,0.0
2017-06-20 00:00:00-04:00,45.94610595703125,45.94610595703125,45.94610595703125,45.94610595703125,100,0.0,0.0,0.0
2017-06-21 00:00:00-04:00,45.932379502948905,45.932379502948905,45.93054962158203,45.93054962158203,700,0.0,0.0,0.0
2017-06-22 00:00:00-04:00,45.882025222596376,45.973571663850635,45.882025222596376,45.95159912109375,1800,0.0,0.0,0.0
2017-06-23 00:00:00-04:00,45.909491753011096,45.941532135009766,45.872873175829845,45.941532135009766,1600,0.0,0.0,0.0
2017-06-26 00:00:00-04:00,46.014892578125,46.014892578125,46.014892578125,46.014892578125,0,0.08,0.0,0.0
2017-06-27 00:00:00-04:00,46.014892578125,46.014892578125,46.014892578125,46.014892578125,0,0.0,0.0,0.0
2017-06-28 00:00:00-04:00,45.98094940185547,45.98094940185547,45.98094940185547,45.98094940185547,300,0.0,0.0,0.0
2017-06-29 00:00:00-04:00,45.98094940185547,45.98094940185547,45.98094940185547,45.98094940185547,0,0.0,0.0,0.0
2017-06-30 00:00:00-04:00,45.98094940185547,45.98094940185547,45.98094940185547,45.98094940185547,0,0.0,0.0,0.0
2017-07-03 00:00:00-04:00,45.91861980103293,45.91861980103293,45.88194274902344,45.88194274902344,400,0.0,0.0,0.0
2017-07-05 00:00:00-04:00,45.88194147328444,45.9002799987793,45.88194147328444,45.9002799987793,3700,0.0,0.0,0.0
2017-07-06 00:00:00-04:00,45.76274196312388,45.76274196312388,45.744403437966966,45.76182556152344,8900,0.0,0.0,0.0
2017-07-07 00:00:00-04:00,45.85443115234375,45.85443115234375,45.85443115234375,45.85443115234375,100,0.0,0.0,0.0
2017-07-10 00:00:00-04:00,45.85443115234375,45.85443115234375,45.85443115234375,45.85443115234375,0,0.0,0.0,0.0
2017-07-11 00:00:00-04:00,45.85443115234375,45.85443115234375,45.85443115234375,45.85443115234375,0,0.0,0.0,0.0
2017-07-12 00:00:00-04:00,45.85443115234375,45.85443115234375,45.85443115234375,45.85443115234375,0,0.0,0.0,0.0
2017-07-13 00:00:00-04:00,45.99197467441866,45.99197467441866,45.97363614671248,45.98280715942383,800,0.0,0.0,0.0
2017-07-14 00:00:00-04:00,45.98280715942383,45.98280715942383,45.98280715942383,45.98280715942383,0,0.0,0.0,0.0
2017-07-17 00:00:00-04:00,45.98280715942383,45.98280715942383,45.98280715942383,45.98280715942383,0,0.0,0.0,0.0
2017-07-18 00:00:00-04:00,45.98280715942383,45.98280715942383,45.98280715942383,45.98280715942383,0,0.0,0.0,0.0
2017-07-19 00:00:00-04:00,46.07447052001953,46.07447052001953,46.07447052001953,46.07447052001953,100,0.0,0.0,0.0
2017-07-20 00:00:00-04:00,46.07447052001953,46.07447052001953,46.07447052001953,46.07447052001953,0,0.0,0.0,0.0
2017-07-21 00:00:00-04:00,46.04698435062285,46.06532287597656,46.04698435062285,46.06532287597656,200,0.0,0.0,0.0
2017-07-24 00:00:00-04:00,46.111236572265625,46.111236572265625,46.111236572265625,46.111236572265625,1100,0.08,0.0,0.0
2017-07-25 00:00:00-04:00,46.07448959350586,46.07448959350586,46.07448959350586,46.07448959350586,200,0.0,0.0,0.0
2017-07-26 00:00:00-04:00,46.056148529052734,46.056148529052734,46.056148529052734,46.056148529052734,5200,0.0,0.0,0.0
2017-07-27 00:00:00-04:00,46.04328536987305,46.04328536987305,46.04328536987305,46.04328536987305,500,0.0,0.0,0.0
2017-07-28 00:00:00-04:00,46.056136850112665,46.060726165771484,46.056136850112665,46.060726165771484,200,0.0,0.0,0.0
2017-07-31 00:00:00-04:00,46.1194953918457,46.1194953918457,46.1194953918457,46.1194953918457,600,0.0,0.0,0.0
2017-08-01 00:00:00-04:00,46.15713882446289,46.15713882446289,46.15713882446289,46.15713882446289,10000,0.0,0.0,0.0
2017-08-02 00:00:00-04:00,46.065303496042986,46.15713882446289,46.05612136451828,46.15713882446289,2100,0.0,0.0,0.0
2017-08-03 00:00:00-04:00,46.15713882446289,46.15713882446289,46.15713882446289,46.15713882446289,0,0.0,0.0,0.0
2017-08-04 00:00:00-04:00,46.15713882446289,46.15713882446289,46.15713882446289,46.15713882446289,0,0.0,0.0,0.0
2017-08-07 00:00:00-04:00,46.15713882446289,46.15713882446289,46.15713882446289,46.15713882446289,0,0.0,0.0,0.0
2017-08-08 00:00:00-04:00,46.127776394004,46.138797760009766,46.127776394004,46.138797760009766,11500,0.0,0.0,0.0
2017-08-09 00:00:00-04:00,46.17551040649414,46.17551040649414,46.17551040649414,46.17551040649414,100,0.0,0.0,0.0
2017-08-10 00:00:00-04:00,46.102054595947266,46.102054595947266,46.102054595947266,46.102054595947266,200,0.0,0.0,0.0
2017-08-11 00:00:00-04:00,46.04694366455078,46.04694366455078,46.04694366455078,46.04694366455078,100,0.0,0.0,0.0
2017-08-14 00:00:00-04:00,46.04694366455078,46.04694366455078,46.04694366455078,46.04694366455078,0,0.0,0.0,0.0
2017-08-15 00:00:00-04:00,46.138797760009766,46.138797760009766,46.138797760009766,46.138797760009766,100,0.0,0.0,0.0
2017-08-16 00:00:00-04:00,46.138797760009766,46.138797760009766,46.138797760009766,46.138797760009766,0,0.0,0.0,0.0
2017-08-17 00:00:00-04:00,46.17552263637375,46.17552263637375,46.150726318359375,46.150726318359375,400,0.0,0.0,0.0
2017-08-18 00:00:00-04:00,46.150726318359375,46.150726318359375,46.150726318359375,46.150726318359375,0,0.0,0.0,0.0
2017-08-21 00:00:00-04:00,46.150726318359375,46.150726318359375,46.150726318359375,46.150726318359375,100,0.08,0.0,0.0
2017-08-22 00:00:00-04:00,46.19396209716797,46.19396209716797,46.19396209716797,46.19396209716797,200,0.0,0.0,0.0
2017-08-23 00:00:00-04:00,46.23994064331055,46.23994064331055,46.23994064331055,46.23994064331055,1100,0.0,0.0,0.0
2017-08-24 00:00:00-04:00,46.21235287038093,46.21235287038093,46.10197052394003,46.15624237060547,700,0.0,0.0,0.0
2017-08-25 00:00:00-04:00,46.17647474218991,46.17647474218991,46.16635513305664,46.16635513305664,300,0.0,0.0,0.0
2017-08-28 00:00:00-04:00,46.16635513305664,46.16635513305664,46.16635513305664,46.16635513305664,100,0.0,0.0,0.0
2017-08-29 00:00:00-04:00,46.16635513305664,46.16635513305664,46.16635513305664,46.16635513305664,0,0.0,0.0,0.0
2017-08-30 00:00:00-04:00,46.16635513305664,46.16635513305664,46.16635513305664,46.16635513305664,0,0.0,0.0,0.0
2017-08-31 00:00:00-04:00,46.16635513305664,46.16635513305664,46.16635513305664,46.16635513305664,0,0.0,0.0,0.0
2017-09-01 00:00:00-04:00,46.16635513305664,46.16635513305664,46.16635513305664,46.16635513305664,0,0.0,0.0,0.0
2017-09-05 00:00:00-04:00,46.31351852416992,46.31351852416992,46.31351852416992,46.31351852416992,100,0.0,0.0,0.0
2017-09-06 00:00:00-04:00,46.31351852416992,46.31351852416992,46.31351852416992,46.31351852416992,100,0.0,0.0,0.0
2017-09-07 00:00:00-04:00,46.31351852416992,46.31351852416992,46.31351852416992,46.31351852416992,0,0.0,0.0,0.0
2017-09-08 00:00:00-04:00,46.25834274291992,46.25834274291992,46.25834274291992,46.25834274291992,100,0.0,0.0,0.0
2017-09-11 00:00:00-04:00,46.25834274291992,46.25834274291992,46.25834274291992,46.25834274291992,0,0.0,0.0,0.0
2017-09-12 00:00:00-04:00,46.276737674436845,46.28593444824219,46.276737674436845,46.28593444824219,4200,0.0,0.0,0.0
2017-09-13 00:00:00-04:00,46.28593444824219,46.28593444824219,46.28593444824219,46.28593444824219,0,0.0,0.0,0.0
2017-09-14 00:00:00-04:00,46.28593444824219,46.28593444824219,46.28593444824219,46.28593444824219,100,0.0,0.0,0.0
2017-09-15 00:00:00-04:00,46.28593444824219,46.28593444824219,46.28593444824219,46.28593444824219,0,0.0,0.0,0.0
2017-09-18 00:00:00-04:00,46.20314025878906,46.20314025878906,46.20130160616964,46.20314025878906,2700,0.0,0.0,0.0
2017-09-19 00:00:00-04:00,46.212355922897615,46.212355922897615,46.14704513549805,46.14704513549805,1000,0.0,0.0,0.0
2017-09-20 00:00:00-04:00,46.16635513305664,46.16635513305664,46.16635513305664,46.16635513305664,100,0.0,0.0,0.0
2017-09-21 00:00:00-04:00,46.17555791037035,46.17555791037035,46.1424446105957,46.1424446105957,3400,0.0,0.0,0.0
2017-09-22 00:00:00-04:00,46.138766341059444,46.19395751631539,46.138766341059444,46.184757232666016,400,0.0,0.0,0.0
2017-09-25 00:00:00-04:00,46.19396209716797,46.19396209716797,46.19396209716797,46.19396209716797,0,0.0,0.0,0.0
2017-09-26 00:00:00-04:00,46.2630500793457,46.2630500793457,46.2630500793457,46.2630500793457,0,0.075,0.0,0.0
2017-09-27 00:00:00-04:00,46.17092461330167,46.17092461330167,46.07880525758571,46.13407897949219,1700,0.0,0.0,0.0
2017-09-28 00:00:00-04:00,46.09724044799805,46.09724044799805,46.09724044799805,46.09724044799805,100,0.0,0.0,0.0
2017-09-29 00:00:00-04:00,46.09724044799805,46.09724044799805,46.09724044799805,46.09724044799805,0,0.0,0.0,0.0
2017-10-02 00:00:00-04:00,46.07880917926599,46.16171801211784,46.060384603729084,46.152503967285156,2800,0.0,0.0,0.0
2017-10-03 00:00:00-04:00,46.09721774825436,46.09721774825436,46.088924407958984,46.088924407958984,400,0.0,0.0,0.0
2017-10-04 00:00:00-04:00,46.09724044799805,46.09724044799805,46.09724044799805,46.09724044799805,6000,0.0,0.0,0.0
2017-10-05 00:00:00-04:00,46.08802032470703,46.08802032470703,46.08802032470703,46.08802032470703,5000,0.0,0.0,0.0
2017-10-06 00:00:00-04:00,46.0327262878418,46.0327262878418,46.0327262878418,46.0327262878418,200,0.0,0.0,0.0
2017-10-09 00:00:00-04:00,46.06959533691406,46.06959533691406,46.06959533691406,46.06959533691406,6000,0.0,0.0,0.0
2017-10-10 00:00:00-04:00,46.216976165771484,46.216976165771484,46.216976165771484,46.216976165771484,500,0.0,0.0,0.0
2017-10-11 00:00:00-04:00,46.216976165771484,46.216976165771484,46.216976165771484,46.216976165771484,0,0.0,0.0,0.0
2017-10-12 00:00:00-04:00,46.207763671875,46.207763671875,46.207763671875,46.207763671875,100,0.0,0.0,0.0
2017-10-13 00:00:00-04:00,46.18565599918183,46.24461251415273,46.18565599918183,46.24000549316406,1000,0.0,0.0,0.0
2017-10-16 00:00:00-04:00,46.152502082257975,46.1985652762831,46.1165771484375,46.1165771484375,4100,0.0,0.0,0.0
2017-10-17 00:00:00-04:00,46.1165771484375,46.1165771484375,46.1165771484375,46.1165771484375,0,0.0,0.0,0.0
2017-10-18 00:00:00-04:00,46.16169935461026,46.180123922700375,46.16169935461026,46.1709098815918,500,0.0,0.0,0.0
2017-10-19 00:00:00-04:00,46.207763671875,46.207763671875,46.207763671875,46.207763671875,100,0.0,0.0,0.0
2017-10-20 00:00:00-04:00,46.060365987178145,46.180123922700375,46.060365987178145,46.1709098815918,7600,0.0,0.0,0.0
2017-10-23 00:00:00-04:00,46.1709098815918,46.1709098815918,46.1709098815918,46.1709098815918,100,0.0,0.0,0.0
2017-10-24 00:00:00-04:00,46.242881774902344,46.242881774902344,46.242881774902344,46.242881774902344,0,0.078,0.0,0.0
2017-10-25 00:00:00-04:00,46.242881774902344,46.242881774902344,46.242881774902344,46.242881774902344,0,0.0,0.0,0.0
2017-10-26 00:00:00-04:00,46.242881774902344,46.242881774902344,46.242881774902344,46.242881774902344,0,0.0,0.0,0.0
2017-10-27 00:00:00-04:00,46.171852111816406,46.171852111816406,46.171852111816406,46.171852111816406,100,0.0,0.0,0.0
2017-10-30 00:00:00-04:00,46.067587484829744,46.1690788269043,46.067587484829744,46.1690788269043,4700,0.0,0.0,0.0
2017-10-31 00:00:00-04:00,46.13309860229492,46.13309860229492,46.13309860229492,46.13309860229492,100,0.0,0.0,0.0
2017-11-01 00:00:00-04:00,46.12294978394391,46.18753454691381,46.12294978394391,46.15800857543945,1400,0.0,0.0,0.0
2017-11-02 00:00:00-04:00,46.18752670288086,46.20597999196771,46.06942635664602,46.18752670288086,5400,0.0,0.0,0.0
2017-11-03 00:00:00-04:00,46.15339163109202,46.192142486572266,46.133094066736476,46.192142486572266,2000,0.0,0.0,0.0
2017-11-06 00:00:00-05:00,46.150629958589725,46.205989837646484,46.150629958589725,46.205989837646484,1100,0.0,0.0,0.0
2017-11-07 00:00:00-05:00,46.20598924868481,46.20598924868481,46.14601516723633,46.14601516723633,900,0.0,0.0,0.0
2017-11-08 00:00:00-05:00,46.122944530350324,46.17830088110171,46.11279398892312,46.11371612548828,1700,0.0,0.0,0.0
2017-11-09 00:00:00-05:00,46.14138641435497,46.14138641435497,46.072190987742644,46.086952209472656,900,0.0,0.0,0.0
2017-11-10 00:00:00-05:00,46.10450526184908,46.10450526184908,46.05837026271841,46.062984466552734,700,0.0,0.0,0.0
2017-11-13 00:00:00-05:00,46.086047177105215,46.095272064208984,46.03806790926908,46.095272064208984,1000,0.0,0.0,0.0
2017-11-14 00:00:00-05:00,46.08604431152344,46.08604431152344,45.97532807513291,46.08604431152344,45900,0.0,0.0,0.0
2017-11-15 00:00:00-05:00,46.081432973750374,46.095272064208984,46.081432973750374,46.095272064208984,600,0.0,0.0,0.0
2017-11-16 00:00:00-05:00,46.08604503824786,46.08604503824786,46.0251488195291,46.02699661254883,3600,0.0,0.0,0.0
2017-11-17 00:00:00-05:00,46.05744443552487,46.05744443552487,46.0334583206421,46.0463752746582,2700,0.0,0.0,0.0
2017-11-20 00:00:00-05:00,46.03529658774874,46.06758896857568,46.00484848022461,46.00484848022461,4900,0.0,0.0,0.0
2017-11-21 00:00:00-05:00,46.08432359060321,46.08432359060321,46.002079010009766,46.002079010009766,4100,0.078,0.0,0.0
2017-11-22 00:00:00-05:00,46.01039478972897,46.139766693115234,45.99191258565665,46.139766693115234,10500,0.0,0.0,0.0
2017-11-24 00:00:00-05:00,46.03811633327746,46.14900603259141,46.03811633327746,46.139766693115234,1300,0.0,0.0,0.0
2017-11-27 00:00:00-05:00,46.001148229541386,46.13976298638792,46.001148229541386,46.019630432128906,1900,0.0,0.0,0.0
2017-11-28 00:00:00-05:00,46.028873443603516,46.028873443603516,46.028873443603516,46.028873443603516,200,0.0,0.0,0.0
2017-11-29 00:00:00-05:00,45.973444055732365,46.002089189236564,45.973444055732365,45.99654769897461,400,0.0,0.0,0.0
2017-11-30 00:00:00-05:00,46.02889096411223,46.07509472575643,45.99377370818033,46.00486373901367,5800,0.0,0.0,0.0
2017-12-01 00:00:00-05:00,45.94571304569994,46.12128871278607,45.94571304569994,45.964195251464844,10100,0.0,0.0,0.0
2017-12-04 00:00:00-05:00,45.927230839935035,46.04736341484676,45.927230839935035,45.964195251464844,1600,0.0,0.0,0.0
2017-12-05 00:00:00-05:00,45.94939695033672,46.04192352294922,45.94939695033672,46.04192352294922,600,0.064,0.0,0.0
2017-12-06 00:00:00-05:00,46.10667419433594,46.10667419433594,46.06966217121887,46.10667419433594,2500,0.0,0.0,0.0
2017-12-07 00:00:00-05:00,46.05117416381836,46.05117416381836,46.05117416381836,46.05117416381836,400,0.0,0.0,0.0
2017-12-08 00:00:00-05:00,46.05117416381836,46.05117416381836,46.05117416381836,46.05117416381836,100,0.0,0.0,0.0
2017-12-11 00:00:00-05:00,46.08817658658729,46.08817658658729,45.958634482056596,46.01415252685547,7100,0.0,0.0,0.0
2017-12-12 00:00:00-05:00,46.0049061512698,46.06967544555664,46.0049061512698,46.06967544555664,2200,0.0,0.0,0.0
2017-12-13 00:00:00-05:00,46.0206261025872,46.07891845703125,46.01414917431564,46.07891845703125,2100,0.0,0.0,0.0
2017-12-14 00:00:00-05:00,46.088172311689135,46.10667832490557,46.053009827679574,46.0974235534668,2900,0.0,0.0,0.0
2017-12-15 00:00:00-05:00,46.01599871677575,46.07891845703125,46.01599871677575,46.07891845703125,3500,0.0,0.0,0.0
2017-12-18 00:00:00-05:00,46.088172311689135,46.0974235534668,46.04375858590191,46.0974235534668,2200,0.0,0.0,0.0
2017-12-19 00:00:00-05:00,45.99564651192251,46.06041579935714,45.99564651192251,46.01415252685547,800,0.0,0.0,0.0
2017-12-20 00:00:00-05:00,45.9864012122795,46.04654312133789,45.97437212453544,46.04654312133789,900,0.0,0.0,0.0
2017-12-21 00:00:00-05:00,46.032657623291016,46.032657623291016,45.93087630802134,46.032657623291016,13100,0.0,0.0,0.0
2017-12-22 00:00:00-05:00,45.977139579599914,46.032657623291016,45.977139579599914,46.032657623291016,800,0.0,0.0,0.0
2017-12-26 00:00:00-05:00,45.97983422750297,46.04286575317383,45.94090143100165,46.04286575317383,2900,0.091,0.0,0.0
2017-12-27 00:00:00-05:00,45.96963681341752,46.08921813964844,45.96963681341752,46.08921813964844,3400,0.0,0.0,0.0
2017-12-28 00:00:00-05:00,46.08921813964844,46.08921813964844,46.08921813964844,46.08921813964844,0,0.0,0.0,0.0
2017-12-29 00:00:00-05:00,46.03822989776634,46.11702195092079,46.02710523215177,46.10775375366211,700,0.0,0.0,0.0
2018-01-02 00:00:00-05:00,46.02431921495734,46.0706672668457,46.01504748290185,46.0706672668457,4800,0.0,0.0,0.0
2018-01-03 00:00:00-05:00,46.00763652873477,46.070671582550055,45.95943554037192,46.05213165283203,3300,0.0,0.0,0.0
2018-01-04 00:00:00-05:00,46.01504748290185,50.61284353836984,45.92235137912511,46.0706672668457,214000,0.0,0.0,0.0
2018-01-05 00:00:00-05:00,46.089197242922054,46.089197242922054,46.01503754701,46.03450393676758,17200,0.0,0.0,0.0
2018-01-08 00:00:00-05:00,46.05213163827131,46.05213163827131,45.98724365234375,45.98724365234375,1600,0.0,0.0,0.0
2018-01-09 00:00:00-05:00,46.02431308213838,46.070661127850784,45.973329171015955,46.01504135131836,296200,0.0,0.0,0.0
2018-01-10 00:00:00-05:00,45.98724898704699,46.05213698050182,45.98724898704699,46.028961181640625,20000,0.0,0.0,0.0
2018-01-11 00:00:00-05:00,46.01412101692224,46.0706672668457,45.93161957505091,46.0706672668457,18600,0.0,0.0,0.0
2018-01-12 00:00:00-05:00,46.03359271633007,46.03359271633007,45.968704728981976,45.96963119506836,3600,0.0,0.0,0.0
2018-01-16 00:00:00-05:00,46.04284995451384,46.04284995451384,45.94273859906036,45.96405792236328,14500,0.0,0.0,0.0
2018-01-17 00:00:00-05:00,46.00579120691043,46.01505940523759,45.85747528076172,45.85747528076172,19100,0.0,0.0,0.0
2018-01-18 00:00:00-05:00,45.95943602674073,45.97797242052489,45.84819644725537,45.96870422363281,11000,0.0,0.0,0.0
2018-01-19 00:00:00-05:00,45.950163277253466,45.950163277253466,45.88063942564557,45.940895080566406,24500,0.0,0.0,0.0
2018-01-22 00:00:00-05:00,45.86210151154782,45.93162536621094,45.86210151154782,45.93162536621094,700,0.0,0.0,0.0
2018-01-23 00:00:00-05:00,45.90841601291805,45.97063133660145,45.845276173208624,45.851776123046875,8700,0.085,0.0,0.0
2018-01-24 00:00:00-05:00,45.89912033081055,45.89912033081055,45.89912033081055,45.89912033081055,500,0.0,0.0,0.0
2018-01-25 00:00:00-05:00,45.89912033081055,45.89912033081055,45.89912033081055,45.89912033081055,0,0.0,0.0,0.0
2018-01-26 00:00:00-05:00,45.9269762396154,45.9269762396154,45.88890460840551,45.89912033081055,2600,0.0,0.0,0.0
2018-01-29 00:00:00-05:00,45.75983370237409,45.89912033081055,45.75983370237409,45.89912033081055,3700,0.0,0.0,0.0
2018-01-30 00:00:00-05:00,45.84804952524345,45.84804952524345,45.79697799682617,45.79697799682617,800,0.0,0.0,0.0
2018-01-31 00:00:00-05:00,45.8341178894043,45.8341178894043,45.8341178894043,45.8341178894043,300,0.0,0.0,0.0
2018-02-01 00:00:00-05:00,45.81648635864258,45.81648635864258,45.81648635864258,45.81648635864258,1400,0.0,0.0,0.0
2018-02-02 00:00:00-05:00,45.81554116626569,45.84339707026981,45.81554116626569,45.824825286865234,1100,0.0,0.0,0.0
2018-02-05 00:00:00-05:00,45.83412587251395,45.857337951660156,45.83412587251395,45.857337951660156,300,0.0,0.0,0.0
2018-02-06 00:00:00-05:00,45.88147229578504,45.91304397583008,45.807188698542305,45.91304397583008,1600,0.0,0.0,0.0
2018-02-07 00:00:00-05:00,45.89912365956082,45.89912365956082,45.8229803916189,45.838768005371094,4700,0.0,0.0,0.0
2018-02-08 00:00:00-05:00,45.78862758906231,45.87127081119459,45.778411865234375,45.778411865234375,5300,0.0,0.0,0.0
2018-02-09 00:00:00-05:00,45.73197497682224,45.88982983993519,45.73197497682224,45.87126159667969,1700,0.0,0.0,0.0
2018-02-12 00:00:00-05:00,45.83411294967027,45.83411294967027,45.75982581605196,45.824825286865234,2700,0.0,0.0,0.0
2018-02-13 00:00:00-05:00,45.824824785478896,45.824824785478896,45.73011329601897,45.764469146728516,2100,0.0,0.0,0.0
2018-02-14 00:00:00-05:00,45.73199462890625,45.73199462890625,45.73199462890625,45.73199462890625,100,0.0,0.0,0.0
2018-02-15 00:00:00-05:00,45.73198292502028,45.73198292502028,45.65769577026367,45.65769577026367,1200,0.0,0.0,0.0
2018-02-16 00:00:00-05:00,45.680912017822266,45.74126767523443,45.67348401068609,45.680912017822266,4700,0.0,0.0,0.0
2018-02-20 00:00:00-05:00,45.68647868643104,45.70880126953125,45.63997064372011,45.70880126953125,2000,0.085,0.0,0.0
2018-02-21 00:00:00-05:00,45.622303216773346,45.72741204774931,45.622303216773346,45.65299987792969,2100,0.0,0.0,0.0
2018-02-22 00:00:00-05:00,45.72742084642768,45.73672103881836,45.58882633494827,45.73672103881836,3800,0.0,0.0,0.0
2018-02-23 00:00:00-05:00,45.67624983796744,45.755313873291016,45.67624983796744,45.755313873291016,2400,0.0,0.0,0.0
2018-02-26 00:00:00-05:00,45.65299987792969,45.65299987792969,45.65299987792969,45.65299987792969,300,0.0,0.0,0.0
2018-02-27 00:00:00-05:00,45.76462900700164,45.76462900700164,45.63905334472656,45.63905334472656,4100,0.0,0.0,0.0
2018-02-28 00:00:00-05:00,45.626951579205986,45.66230010986328,45.626951579205986,45.66230010986328,900,0.0,0.0,0.0
2018-03-01 00:00:00-05:00,45.7274146473115,45.755318769038084,45.6669545341249,45.7469482421875,12300,0.0,0.0,0.0
2018-03-02 00:00:00-05:00,45.68555384644161,45.72741002480032,45.6362532579272,45.65764617919922,2400,0.0,0.0,0.0
2018-03-05 00:00:00-05:00,45.6902053174928,45.727413177490234,45.64369726666441,45.727413177490234,6500,0.0,0.0,0.0
2018-03-06 00:00:00-05:00,45.727413177490234,45.727413177490234,45.727413177490234,45.727413177490234,800,0.0,0.0,0.0
2018-03-07 00:00:00-05:00,45.74601710748896,45.74601710748896,45.727413177490234,45.727413177490234,3200,0.0,0.0,0.0
2018-03-08 00:00:00-05:00,45.727413177490234,45.727413177490234,45.727413177490234,45.727413177490234,500,0.0,0.0,0.0
2018-03-09 00:00:00-05:00,45.578577330606166,45.70880126953125,45.578577330606166,45.70880126953125,1300,0.0,0.0,0.0
2018-03-12 00:00:00-04:00,45.654859206382575,45.65671853483546,45.65299987792969,45.65299987792969,1400,0.0,0.0,0.0
2018-03-13 00:00:00-04:00,45.67905807495117,45.67905807495117,45.67905807495117,45.67905807495117,300,0.0,0.0,0.0
2018-03-14 00:00:00-04:00,45.6901969909668,45.6901969909668,45.6901969909668,45.6901969909668,2000,0.0,0.0,0.0
2018-03-15 00:00:00-04:00,45.727413177490234,45.727413177490234,45.64183793816559,45.727413177490234,1700,0.0,0.0,0.0
2018-03-16 00:00:00-04:00,45.578582841324746,45.69950660566252,45.578582841324746,45.694854736328125,1400,0.0,0.0,0.0
2018-03-19 00:00:00-04:00,45.69020941476068,45.69020941476068,45.6297492980957,45.6297492980957,400,0.0,0.0,0.0
2018-03-20 00:00:00-04:00,45.59248220269469,45.67634343975806,45.59061964650339,45.65770721435547,1900,0.085,0.0,0.0
2018-03-21 00:00:00-04:00,45.55985322001953,45.66700703421125,45.543079556874474,45.60551071166992,2700,0.0,0.0,0.0
2018-03-22 00:00:00-04:00,45.63906478881836,45.63906478881836,45.63906478881836,45.63906478881836,400,0.0,0.0,0.0
2018-03-23 00:00:00-04:00,45.61298402658143,45.713618939568235,45.61298402658143,45.643733978271484,8100,0.0,0.0,0.0
2018-03-26 00:00:00-04:00,45.62975234173144,45.713613574546095,45.61577606201172,45.61577606201172,4600,0.0,0.0,0.0
2018-03-27 00:00:00-04:00,45.72291577762083,45.76950454711914,45.66235073272254,45.76950454711914,2100,0.0,0.0,0.0
2018-03-28 00:00:00-04:00,45.769517419007855,45.769517419007855,45.70429241246775,45.75088119506836,1000,0.0,0.0,0.0
2018-03-29 00:00:00-04:00,45.72384563482314,45.78813934326172,45.699618195818424,45.78813934326172,4800,0.0,0.0,0.0
2018-04-02 00:00:00-04:00,45.783487871453644,45.8095778707492,45.74155903879828,45.778831481933594,4000,0.0,0.0,0.0
2018-04-03 00:00:00-04:00,45.77603332030741,45.77603332030741,45.764854431152344,45.764854431152344,400,0.0,0.0,0.0
2018-04-04 00:00:00-04:00,45.64838795048851,45.77883796544151,45.64838795048851,45.71826934814453,3300,0.0,0.0,0.0
2018-04-05 00:00:00-04:00,45.76858675639154,45.76858675639154,45.64838790893555,45.64838790893555,6000,0.0,0.0,0.0
2018-04-06 00:00:00-04:00,45.74621497831476,45.755531311035156,45.715465037695104,45.755531311035156,1500,0.0,0.0,0.0
2018-04-09 00:00:00-04:00,45.703365325927734,45.703365325927734,45.703365325927734,45.703365325927734,600,0.0,0.0,0.0
2018-04-10 00:00:00-04:00,45.67633527373168,45.74156027373152,45.66701538544832,45.736900329589844,3000,0.0,0.0,0.0
2018-04-11 00:00:00-04:00,45.74248460659792,45.75925827026367,45.74248460659792,45.75925827026367,900,0.0,0.0,0.0
2018-04-12 00:00:00-04:00,45.71826934814453,45.71826934814453,45.71826934814453,45.71826934814453,300,0.0,0.0,0.0
2018-04-13 00:00:00-04:00,45.62043630205753,45.68566131591797,45.62043630205753,45.68566131591797,500,0.0,0.0,0.0
2018-04-16 00:00:00-04:00,45.680999755859375,45.680999755859375,45.680999755859375,45.680999755859375,500,0.0,0.0,0.0
2018-04-17 00:00:00-04:00,45.62974728798311,45.71174240112305,45.62974728798311,45.71174240112305,1200,0.0,0.0,0.0
2018-04-18 00:00:00-04:00,45.620426177978516,45.620426177978516,45.620426177978516,45.620426177978516,500,0.0,0.0,0.0
2018-04-19 00:00:00-04:00,45.620426177978516,45.620426177978516,45.620426177978516,45.620426177978516,100,0.0,0.0,0.0
2018-04-20 00:00:00-04:00,45.61576945738114,45.620425846949274,45.58874462540668,45.58967590332031,1600,0.0,0.0,0.0
2018-04-23 00:00:00-04:00,45.54682540893555,45.54682540893555,45.54682540893555,45.54682540893555,200,0.0,0.0,0.0
2018-04-24 00:00:00-04:00,45.59721355386814,45.62521835895007,45.54121106507872,45.578548431396484,3900,0.085,0.0,0.0
2018-04-25 00:00:00-04:00,45.606556311732035,45.606556311732035,45.50388031976202,45.551483154296875,1600,0.0,0.0,0.0
2018-04-26 00:00:00-04:00,45.57668685913086,45.57668685913086,45.57668685913086,45.57668685913086,1200,0.0,0.0,0.0
2018-04-27 00:00:00-04:00,45.59255800089755,45.65229566231684,45.58322187714233,45.601890563964844,3200,0.0,0.0,0.0
2018-04-30 00:00:00-04:00,45.59909405854794,45.66256332397461,45.59909405854794,45.66256332397461,600,0.0,0.0,0.0
2018-05-01 00:00:00-04:00,45.64390657877836,45.64390657877836,45.52256186665085,45.5645637512207,1300,0.0,0.0,0.0
2018-05-02 00:00:00-04:00,45.513225627674984,45.60750198364258,45.513225627674984,45.60750198364258,3000,0.0,0.0,0.0
2018-05-03 00:00:00-04:00,45.62989025367021,45.62989025367021,45.55988713133925,45.61122512817383,1200,0.0,0.0,0.0
2018-05-04 00:00:00-04:00,45.601890563964844,45.601890563964844,45.601890563964844,45.601890563964844,300,0.0,0.0,0.0
2018-05-07 00:00:00-04:00,45.601890563964844,45.601890563964844,45.601890563964844,45.601890563964844,100,0.0,0.0,0.0
2018-05-08 00:00:00-04:00,45.587894439697266,45.587894439697266,45.587894439697266,45.587894439697266,300,0.0,0.0,0.0
2018-05-09 00:00:00-04:00,45.52256186665085,45.56829891372611,45.52256186665085,45.5645637512207,1800,0.0,0.0,0.0
2018-05-10 00:00:00-04:00,45.58602666543781,45.625229841731795,45.58602666543781,45.59909439086914,2300,0.0,0.0,0.0
2018-05-11 00:00:00-04:00,45.578548431396484,45.578548431396484,45.578548431396484,45.578548431396484,400,0.0,0.0,0.0
2018-05-14 00:00:00-04:00,45.52254774882899,45.569217681884766,45.52254774882899,45.569217681884766,1000,0.0,0.0,0.0
2018-05-15 00:00:00-04:00,45.54214463247995,45.54214463247995,45.44320381490657,45.53187561035156,1900,0.0,0.0,0.0
2018-05-16 00:00:00-04:00,45.513220040229896,45.54122485379097,45.51228713989258,45.51228713989258,2800,0.0,0.0,0.0
2018-05-17 00:00:00-04:00,45.51787968731712,45.569217681884766,45.44787300738964,45.569217681884766,5200,0.0,0.0,0.0
2018-05-18 00:00:00-04:00,45.53188205417304,45.564551364631455,45.48614501953125,45.48614501953125,1200,0.0,0.0,0.0
2018-05-21 00:00:00-04:00,45.48521267411241,45.614957017328024,45.48521267411241,45.49454879760742,1600,0.0,0.0,0.0
2018-05-22 00:00:00-04:00,45.503906954399596,45.56001663208008,45.503906954399596,45.56001663208008,1300,0.09,0.0,0.0
2018-05-23 00:00:00-04:00,45.59647701666659,45.605830411635964,45.54130554199219,45.54130554199219,1500,0.0,0.0,0.0
2018-05-24 00:00:00-04:00,45.68157196044922,45.68157196044922,45.68157196044922,45.68157196044922,300,0.0,0.0,0.0
2018-05-25 00:00:00-04:00,45.68157196044922,45.68157196044922,45.68157196044922,45.68157196044922,0,0.0,0.0,0.0
2018-05-29 00:00:00-04:00,45.77041375194154,45.92471266337731,45.761063924252234,45.87795639038086,1700,0.0,0.0,0.0
2018-05-30 00:00:00-04:00,45.803150297673376,45.86860980303863,45.756394017737556,45.80782699584961,1500,0.0,0.0,0.0
2018-05-31 00:00:00-04:00,45.802211978296945,45.8125,45.747975126017764,45.8125,1400,0.0,0.0,0.0
2018-06-01 00:00:00-04:00,45.74237069366351,45.80315350510894,45.74237069366351,45.75733184814453,1300,0.0,0.0,0.0
2018-06-04 00:00:00-04:00,45.70402526855469,45.70402526855469,45.70402526855469,45.70402526855469,600,0.0,0.0,0.0
2018-06-05 00:00:00-04:00,45.70495187936904,45.70495187936904,45.67222213324616,45.68157196044922,3600,0.0,0.0,0.0
2018-06-06 00:00:00-04:00,45.68157196044922,45.68157196044922,45.68157196044922,45.68157196044922,0,0.0,0.0,0.0
2018-06-07 00:00:00-04:00,45.68157196044922,45.728331798288856,45.68157196044922,45.68157196044922,147900,0.0,0.0,0.0
2018-06-08 00:00:00-04:00,45.72179777855803,45.72179777855803,45.662884220165424,45.70964050292969,2100,0.0,0.0,0.0
2018-06-11 00:00:00-04:00,45.6628800588699,45.728339562229635,45.6628800588699,45.67690658569336,2000,0.0,0.0,0.0
2018-06-12 00:00:00-04:00,45.64418099360457,45.737693559133106,45.64418099360457,45.70964050292969,9100,0.0,0.0,0.0
2018-06-13 00:00:00-04:00,45.64509582519531,45.64509582519531,45.64509582519531,45.64509582519531,300,0.0,0.0,0.0
2018-06-14 00:00:00-04:00,45.616111755371094,45.72833108370287,45.616111755371094,45.616111755371094,15800,0.0,0.0,0.0
2018-06-15 00:00:00-04:00,45.756377929196496,45.77508114804963,45.67314985384605,45.74702453613281,12300,0.0,0.0,0.0
2018-06-18 00:00:00-04:00,45.73769760131836,45.73769760131836,45.73769760131836,45.73769760131836,700,0.0,0.0,0.0
2018-06-19 00:00:00-04:00,45.76761526424548,45.76761526424548,45.67222988766041,45.67690658569336,4900,0.0,0.0,0.0
2018-06-20 00:00:00-04:00,45.70587911407237,45.76572727340808,45.70026779174805,45.70026779174805,800,0.0,0.0,0.0
2018-06-21 00:00:00-04:00,45.76573906749361,45.77976916055714,45.72459411621094,45.72459411621094,2800,0.0,0.0,0.0
2018-06-22 00:00:00-04:00,45.75637817098732,45.76572799682617,45.66286564350175,45.76572799682617,1900,0.0,0.0,0.0
2018-06-25 00:00:00-04:00,45.80323028564453,45.80323028564453,45.690781158874934,45.80323028564453,2400,0.1,0.0,0.0
2018-06-26 00:00:00-04:00,45.74699020385742,45.74699020385742,45.74699020385742,45.74699020385742,300,0.0,0.0,0.0
2018-06-27 00:00:00-04:00,45.84069833339417,45.859439849853516,45.78447735859491,45.859439849853516,2900,0.0,0.0,0.0
2018-06-28 00:00:00-04:00,45.78260803222656,45.78260803222656,45.78260803222656,45.78260803222656,300,0.0,0.0,0.0
2018-06-29 00:00:00-04:00,45.76949698718018,45.85008231092718,45.76949698718018,45.83134078979492,21300,0.0,0.0,0.0
2018-07-02 00:00:00-04:00,45.71139933432178,45.81259925891884,45.71139933432178,45.80323028564453,3900,0.0,0.0,0.0
2018-07-03 00:00:00-04:00,45.70952277599359,45.85008239746094,45.70952277599359,45.85008239746094,2500,0.0,0.0,0.0
2018-07-05 00:00:00-04:00,45.85008239746094,45.85008239746094,45.71889532386723,45.85008239746094,6600,0.0,0.0,0.0
2018-07-06 00:00:00-04:00,45.868812561035156,45.868812561035156,45.868812561035156,45.868812561035156,3900,0.0,0.0,0.0
2018-07-09 00:00:00-04:00,45.84070984958729,45.85945137075492,45.74044646464915,45.85008239746094,3600,0.0,0.0,0.0
2018-07-10 00:00:00-04:00,45.78261569451479,45.83134078979492,45.72826421085736,45.83134078979492,7700,0.0,0.0,0.0
2018-07-11 00:00:00-04:00,45.74700581832884,45.858514830883486,45.74700581832884,45.85008239746094,4700,0.0,0.0,0.0
2018-07-12 00:00:00-04:00,45.85008239746094,45.85008239746094,45.85008239746094,45.85008239746094,0,0.0,0.0,0.0
2018-07-13 00:00:00-04:00,45.8884963858103,45.8884963858103,45.86038589477539,45.86038589477539,1700,0.0,0.0,0.0
2018-07-16 00:00:00-04:00,45.87819280533573,45.88756535319168,45.83134078979492,45.83134078979492,4600,0.0,0.0,0.0
2018-07-17 00:00:00-04:00,45.8781852722168,45.8781852722168,45.8781852722168,45.8781852722168,200,0.0,0.0,0.0
2018-07-18 00:00:00-04:00,45.83134078979492,45.83134078979492,45.83134078979492,45.83134078979492,400,0.0,0.0,0.0
2018-07-19 00:00:00-04:00,45.873514186277305,45.915679931640625,45.853832548945114,45.915679931640625,4000,0.0,0.0,0.0
2018-07-20 00:00:00-04:00,45.86693187398405,45.896915435791016,45.86693187398405,45.896915435791016,500,0.0,0.0,0.0
2018-07-23 00:00:00-04:00,45.83976179375802,45.859439849853516,45.83976179375802,45.859439849853516,1800,0.0,0.0,0.0
2018-07-24 00:00:00-04:00,45.7608466299341,45.81719207763672,45.751457513116215,45.81719207763672,2700,0.105,0.0,0.0
2018-07-25 00:00:00-04:00,45.770227069536816,45.892303466796875,45.770227069536816,45.892303466796875,1500,0.0,0.0,0.0
2018-07-26 00:00:00-04:00,45.864142211890595,45.864142211890595,45.839725494384766,45.839725494384766,600,0.0,0.0,0.0
2018-07-27 00:00:00-04:00,45.818119049072266,45.818119049072266,45.818119049072266,45.818119049072266,400,0.0,0.0,0.0
2018-07-30 00:00:00-04:00,45.795586778301946,45.795586778301946,45.786197662353516,45.786197662353516,1600,0.0,0.0,0.0
2018-07-31 00:00:00-04:00,45.82657501213349,45.87258920109021,45.770233154296875,45.770233154296875,2500,0.0,0.0,0.0
2018-08-01 00:00:00-04:00,45.776802576124275,45.8735237121582,45.77304478087614,45.8735237121582,2100,0.0,0.0,0.0
2018-08-02 00:00:00-04:00,45.86789397606261,45.90169980540561,45.82563400268555,45.82563400268555,1000,0.0,0.0,0.0
2018-08-03 00:00:00-04:00,45.817184456358525,45.92048263549805,45.817184456358525,45.92048263549805,2100,0.0,0.0,0.0
2018-08-06 00:00:00-04:00,45.845352035148316,45.93831895667636,45.845352035148316,45.846290588378906,1700,0.0,0.0,0.0
2018-08-07 00:00:00-04:00,45.958036571022795,45.958036571022795,45.896059821134415,45.93925476074219,2000,0.0,0.0,0.0
2018-08-08 00:00:00-04:00,45.93926147040321,45.93926147040321,45.84535598754883,45.84535598754883,700,0.0,0.0,0.0
2018-08-09 00:00:00-04:00,45.864140456507,45.95804594479934,45.864140456507,45.92424011230469,1700,0.0,0.0,0.0
2018-08-10 00:00:00-04:00,45.98622131347656,45.98622131347656,45.98622131347656,45.98622131347656,500,0.0,0.0,0.0
2018-08-13 00:00:00-04:00,46.03316764790466,46.04255676269531,45.96555599107189,46.04255676269531,1100,0.0,0.0,0.0
2018-08-14 00:00:00-04:00,45.929871217069945,45.95804214477539,45.929871217069945,45.95804214477539,1700,0.0,0.0,0.0
2018-08-15 00:00:00-04:00,45.99371914077159,46.07917404174805,45.99371914077159,46.07917404174805,2900,0.0,0.0,0.0
2018-08-16 00:00:00-04:00,45.98809930423315,46.051956758175685,45.959928373132286,46.012516021728516,1900,0.0,0.0,0.0
2018-08-17 00:00:00-04:00,45.95804390083522,46.05195296721574,45.95804390083522,45.97682571411133,4500,0.0,0.0,0.0
2018-08-20 00:00:00-04:00,46.080114217280176,46.09889602661133,46.018137470524834,46.09889602661133,4800,0.0,0.0,0.0
2018-08-21 00:00:00-04:00,46.09890593377029,46.09890593377029,46.01043711096781,46.080081939697266,7400,0.11,0.0,0.0
2018-08-22 00:00:00-04:00,46.10832977294922,46.10832977294922,46.048091542665745,46.10832977294922,6800,0.0,0.0,0.0
2018-08-23 00:00:00-04:00,46.115847424294884,46.115847424294884,46.10831854492047,46.11302185058594,2100,0.0,0.0,0.0
2018-08-24 00:00:00-04:00,46.07067643125538,46.09891063008639,45.976556451301796,46.089500427246094,5300,0.0,0.0,0.0
2018-08-27 00:00:00-04:00,46.070674103038215,46.07538099937556,45.99914435801235,46.01420211791992,1900,0.0,0.0,0.0
2018-08-28 00:00:00-04:00,46.070677176226745,46.070677176226745,46.025500303180536,46.05185317993164,3600,0.0,0.0,0.0
2018-08-29 00:00:00-04:00,46.051848484725674,46.051848484725674,46.02361428831672,46.04243469238281,1700,0.0,0.0,0.0
2018-08-30 00:00:00-04:00,45.94831085205078,45.94831085205078,45.94831085205078,45.94831085205078,100,0.0,0.0,0.0
2018-08-31 00:00:00-04:00,46.033029183636536,46.074439821299656,46.033029183636536,46.05185317993164,3400,0.0,0.0,0.0
2018-09-04 00:00:00-04:00,46.08008268113463,46.08008268113463,46.04243469238281,46.04243469238281,1900,0.0,0.0,0.0
2018-09-05 00:00:00-04:00,46.07067173781563,46.08949573188866,46.03020176619802,46.080081939697266,6000,0.0,0.0,0.0
2018-09-06 00:00:00-04:00,45.96714743067946,46.11773581216801,45.96714743067946,46.05656051635742,7800,0.0,0.0,0.0
2018-09-07 00:00:00-04:00,46.05184717167815,46.05184717167815,46.02361297607422,46.02361297607422,2400,0.0,0.0,0.0
2018-09-10 00:00:00-04:00,46.03302764892578,46.04243785160451,45.9906763514064,46.03302764892578,4800,0.0,0.0,0.0
2018-09-11 00:00:00-04:00,45.95585196593771,46.01326461620371,45.922910869934306,46.00479507446289,4700,0.0,0.0,0.0
2018-09-12 00:00:00-04:00,45.98502533619348,46.03302418783523,45.901259818379614,45.96149444580078,3300,0.0,0.0,0.0
2018-09-13 00:00:00-04:00,45.91066393693873,45.98031234741211,45.90125373621443,45.98031234741211,3800,0.0,0.0,0.0
2018-09-14 00:00:00-04:00,45.995365142822266,46.00383827190033,45.995365142822266,45.995365142822266,1300,0.0,0.0,0.0
2018-09-17 00:00:00-04:00,45.995365142822266,45.995365142822266,45.91254389639316,45.995365142822266,6500,0.0,0.0,0.0
2018-09-18 00:00:00-04:00,45.99537439286841,46.004788184779684,45.8541998269862,45.967140197753906,7300,0.0,0.0,0.0
2018-09-19 00:00:00-04:00,45.91160701380463,45.957728129739436,45.84478417324891,45.878665924072266,305400,0.0,0.0,0.0
2018-09-20 00:00:00-04:00,45.9483168603905,45.9859648479539,45.8824346773094,45.9765510559082,3900,0.0,0.0,0.0
2018-09-21 00:00:00-04:00,45.967134108346016,45.985958099365234,45.93607434364884,45.985958099365234,3700,0.0,0.0,0.0
2018-09-24 00:00:00-04:00,45.95772999615228,45.967140197753906,45.857962471502994,45.967140197753906,1500,0.0,0.0,0.0
2018-09-25 00:00:00-04:00,45.910540290949264,45.910540290949264,45.87186813354492,45.87186813354492,3100,0.11,0.0,0.0
2018-09-26 00:00:00-04:00,45.97658487702497,46.0048828125,45.851122540011716,46.0048828125,1000,0.0,0.0,0.0
2018-09-27 00:00:00-04:00,45.91243953142759,46.0048828125,45.91243953142759,46.0048828125,1100,0.0,0.0,0.0
2018-09-28 00:00:00-04:00,45.989786738256875,46.042611465334176,45.91054604922627,46.03317642211914,11500,0.0,0.0,0.0
2018-10-01 00:00:00-04:00,45.90110570558618,46.0426025390625,45.90110570558618,46.0426025390625,6100,0.0,0.0,0.0
2018-10-02 00:00:00-04:00,46.05204391479492,46.06147895821579,45.92941353922678,46.05204391479492,5500,0.0,0.0,0.0
2018-10-03 00:00:00-04:00,46.0237508570655,46.0237508570655,45.891689022500735,45.981300354003906,19400,0.0,0.0,0.0
2018-10-04 00:00:00-04:00,45.94827009897858,45.95770514036069,45.89167424434175,45.92563247680664,3300,0.0,0.0,0.0
2018-10-05 00:00:00-04:00,45.91997657671103,45.91997657671103,45.81621270203762,45.91054153442383,2900,0.0,0.0,0.0
2018-10-08 00:00:00-04:00,45.9388427734375,45.9388427734375,45.886960836427676,45.9388427734375,1000,0.0,0.0,0.0
2018-10-09 00:00:00-04:00,45.86432852644856,45.92941665649414,45.82565636072543,45.92941665649414,2400,0.0,0.0,0.0
2018-10-10 00:00:00-04:00,45.88885202013249,45.94827983914711,45.8209355408057,45.90111541748047,17400,0.0,0.0,0.0
2018-10-11 00:00:00-04:00,45.96621444508401,45.98130619997726,45.85396187143239,45.94357681274414,10000,0.0,0.0,0.0
2018-10-12 00:00:00-04:00,45.910528812989575,46.00957873748775,45.910528812989575,45.995426177978516,4700,0.0,0.0,0.0
2018-10-15 00:00:00-04:00,45.986010509745476,45.993556385023965,45.87092601610857,45.89168167114258,1500,0.0,0.0,0.0
2018-10-16 00:00:00-04:00,45.884127626360716,46.004872414031226,45.884127626360716,45.93412399291992,7200,0.0,0.0,0.0
2018-10-17 00:00:00-04:00,45.98600567591879,45.98600567591879,45.863375319893706,45.948272705078125,4700,0.0,0.0,0.0
2018-10-18 00:00:00-04:00,45.898281447735265,45.95770925947873,45.898281447735265,45.9388427734375,4400,0.0,0.0,0.0
2018-10-19 00:00:00-04:00,45.96713345294851,45.96713345294851,45.81620518683866,45.8897819519043,11700,0.0,0.0,0.0
2018-10-22 00:00:00-04:00,45.896394088899264,45.95771107055319,45.82564926147461,45.82564926147461,4300,0.0,0.0,0.0
2018-10-23 00:00:00-04:00,45.99115084889934,46.01006600517844,45.88711929321289,45.88711929321289,57200,0.125,0.0,0.0
2018-10-24 00:00:00-04:00,45.95709730225279,46.0005989074707,45.95709730225279,46.0005989074707,10900,0.0,0.0,0.0
2018-10-25 00:00:00-04:00,45.944809327404435,45.98831093930223,45.896574416882494,45.98736572265625,6300,0.0,0.0,0.0
2018-10-26 00:00:00-04:00,46.05735307394125,46.05735307394125,46.010066986083984,46.010066986083984,1900,0.0,0.0,0.0
2018-10-29 00:00:00-04:00,45.924950044316695,45.976016998291016,45.924950044316695,45.976016998291016,1300,0.0,0.0,0.0
2018-10-30 00:00:00-04:00,45.99872376662335,46.057359678437706,45.93725220436378,46.03844451904297,17300,0.0,0.0,0.0
2018-10-31 00:00:00-04:00,45.93819649482351,46.010072655995,45.92400741979026,45.95332717895508,3400,0.0,0.0,0.0
2018-11-01 00:00:00-04:00,46.01006800034873,46.02897954975073,45.90698165685144,45.923057556152344,4900,0.0,0.0,0.0
2018-11-02 00:00:00-04:00,45.8748213183131,45.9258918762207,45.86820119442497,45.9258918762207,900,0.0,0.0,0.0
2018-11-05 00:00:00-05:00,45.97222858441165,45.97222858441165,45.86630661178406,45.891841888427734,17800,0.0,0.0,0.0
2018-11-06 00:00:00-05:00,45.96277963501708,45.96277963501708,45.920223236083984,45.920223236083984,1200,0.0,0.0,0.0
2018-11-07 00:00:00-05:00,45.87766002341384,45.971290588378906,45.87766002341384,45.971290588378906,1100,0.0,0.0,0.0
2018-11-08 00:00:00-05:00,45.924949645996094,45.943864802291756,45.924949645996094,45.924949645996094,13000,0.0,0.0,0.0
2018-11-09 00:00:00-05:00,45.87765884399414,45.87765884399414,45.87765884399414,45.87765884399414,300,0.0,0.0,0.0
2018-11-12 00:00:00-05:00,45.98169973739237,45.98169973739237,45.917388916015625,45.917388916015625,700,0.0,0.0,0.0
2018-11-13 00:00:00-05:00,45.97223663330078,45.97223663330078,45.85969451767992,45.97223663330078,3500,0.0,0.0,0.0
2018-11-14 00:00:00-05:00,45.919264240673655,46.028967071333156,45.919264240673655,45.980735778808594,1600,0.0,0.0,0.0
2018-11-15 00:00:00-05:00,46.020469132131566,46.02897969015816,46.01573944091797,46.01573944091797,4400,0.0,0.0,0.0
2018-11-16 00:00:00-05:00,46.05735307394125,46.05735307394125,46.010066986083984,46.010066986083984,700,0.0,0.0,0.0
2018-11-19 00:00:00-05:00,45.985460377583166,46.10462257488388,45.98262112086879,46.02139663696289,7800,0.0,0.0,0.0
2018-11-20 00:00:00-05:00,46.076414435115986,46.08589553833008,45.99296553391573,46.08589553833008,5500,0.13,0.0,0.0
2018-11-21 00:00:00-05:00,45.9057241383275,46.04796600341797,45.9057241383275,46.04796600341797,14100,0.0,0.0,0.0
2018-11-23 00:00:00-05:00,45.962615966796875,45.962615966796875,45.962615966796875,45.962615966796875,1800,0.0,0.0,0.0
2018-11-26 00:00:00-05:00,46.057440329958425,46.10485307222585,45.97209594693292,46.066925048828125,43200,0.0,0.0,0.0
2018-11-27 00:00:00-05:00,45.97021017290878,46.0479689677009,45.97021017290878,46.02900314331055,12500,0.0,0.0,0.0
2018-11-28 00:00:00-05:00,45.95503839018809,46.10960461187821,45.95503839018809,46.08115768432617,2600,0.0,0.0,0.0
2018-11-29 00:00:00-05:00,46.047954694042,46.104848532216344,46.047954694042,46.095367431640625,2900,0.0,0.0,0.0
2018-11-30 00:00:00-05:00,46.01572754783445,46.085897119164315,45.9759004017193,46.076416015625,8100,0.0,0.0,0.0
2018-12-03 00:00:00-05:00,46.076416015625,46.104862943604076,46.00434732969837,46.076416015625,10700,0.0,0.0,0.0
2018-12-04 00:00:00-05:00,46.104861401728925,46.104861401728925,46.023311614990234,46.023311614990234,4000,0.0,0.0,0.0
2018-12-06 00:00:00-05:00,46.13331190648358,46.199690481065254,46.08589553833008,46.08589553833008,17700,0.0,0.0,0.0
2018-12-07 00:00:00-05:00,46.090629870974986,46.1901977155057,46.090629870974986,46.16175079345703,15500,0.0,0.0,0.0
2018-12-10 00:00:00-05:00,46.15228402172701,46.17124984958814,46.047977394533504,46.11056137084961,1900,0.0,0.0,0.0
2018-12-11 00:00:00-05:00,46.19019077188233,46.19019077188233,46.095365301068,46.15700149536133,5000,0.0,0.0,0.0
2018-12-12 00:00:00-05:00,46.09916601972998,46.14847787945585,46.05744338254702,46.11907958984375,3700,0.0,0.0,0.0
2018-12-13 00:00:00-05:00,46.069775318003465,46.17123867427236,46.03848152873889,46.142791748046875,18200,0.0,0.0,0.0
2018-12-14 00:00:00-05:00,46.23761825979279,46.23761825979279,46.10960347161326,46.18546676635742,23900,0.0,0.0,0.0
2018-12-17 00:00:00-05:00,46.11434583187502,46.210119081524375,46.11434583187502,46.18546676635742,9200,0.0,0.0,0.0
2018-12-18 00:00:00-05:00,46.18166705018743,46.332442257069324,46.18166705018743,46.26606369018555,6200,0.0,0.0,0.0
2018-12-19 00:00:00-05:00,46.21959954537571,46.37037475503698,46.21865179688284,46.285030364990234,9700,0.0,0.0,0.0
2018-12-20 00:00:00-05:00,46.264172324030525,46.31348419189453,46.22055418269366,46.31348419189453,24800,0.0,0.0,0.0
2018-12-21 00:00:00-05:00,46.23287437162874,46.34192332398615,46.23287437162874,46.28976821899414,5700,0.0,0.0,0.0
2018-12-24 00:00:00-05:00,46.33161594512943,46.40009141930351,46.25458602496316,46.39057922363281,6800,0.141,0.0,0.0
2018-12-26 00:00:00-05:00,46.39057734692782,46.39057734692782,46.28596496582031,46.28596496582031,5900,0.0,0.0,0.0
2018-12-27 00:00:00-05:00,46.238422881464324,46.40960614786404,46.238422881464324,46.38107681274414,30100,0.0,0.0,0.0
2018-12-28 00:00:00-05:00,46.353492898786726,46.4666633605957,46.353492898786726,46.4666633605957,5600,0.0,0.0,0.0
2018-12-31 00:00:00-05:00,46.419110925062235,46.47616958618164,46.32115562821044,46.47616958618164,26800,0.0,0.0,0.0
2019-01-02 00:00:00-05:00,46.228909253042794,46.53323422048334,46.228909253042794,46.4666633605957,16400,0.0,0.0,0.0
2019-01-03 00:00:00-05:00,46.52372701879786,46.66638094977906,46.409606050716995,46.590301513671875,86500,0.0,0.0,0.0
2019-01-04 00:00:00-05:00,46.54273986816406,46.55130156949796,46.40008958928692,46.54273986816406,3900,0.0,0.0,0.0
2019-01-07 00:00:00-05:00,46.53322196248783,46.56175128697012,46.399129784014455,46.4381217956543,38500,0.0,0.0,0.0
2019-01-08 00:00:00-05:00,46.34303020887305,46.50470488848572,46.34303020887305,46.4666633605957,8300,0.0,0.0,0.0
2019-01-09 00:00:00-05:00,46.36680416143163,46.54273986816406,46.36204806378386,46.54273986816406,11700,0.0,0.0,0.0
2019-01-10 00:00:00-05:00,46.55225274606311,46.55225274606311,46.42861960028509,46.523719787597656,5500,0.0,0.0,0.0
2019-01-11 00:00:00-05:00,46.44859807681399,46.88511431686745,46.44764758269067,46.590301513671875,71000,0.0,0.0,0.0
2019-01-14 00:00:00-05:00,46.609313900448065,46.609313900448065,46.46666361184885,46.53799057006836,2700,0.0,0.0,0.0
2019-01-15 00:00:00-05:00,46.637838450637915,46.637838450637915,46.52371388692989,46.598846435546875,7800,0.0,0.0,0.0
2019-01-16 00:00:00-05:00,46.609303235261834,46.609303235261834,46.47616154523226,46.56650924682617,6100,0.0,0.0,0.0
2019-01-17 00:00:00-05:00,46.628338545171886,46.628338545171886,46.49519681359588,46.609317779541016,2300,0.0,0.0,0.0
2019-01-18 00:00:00-05:00,46.62832430752827,46.64734506735128,46.51800897952939,46.61976623535156,5600,0.0,0.0,0.0
2019-01-22 00:00:00-05:00,46.53306120786825,46.66647509120404,46.53306120786825,46.604530334472656,4000,0.1,0.0,0.0
2019-01-23 00:00:00-05:00,46.533064313693686,46.70459386424859,46.533064313693686,46.69887924194336,8500,0.0,0.0,0.0
2019-01-24 00:00:00-05:00,46.61881960352371,46.75699929354676,46.61881960352371,46.69029235839844,3300,0.0,0.0,0.0
2019-01-25 00:00:00-05:00,46.67123794555664,46.691250028344044,46.599768817927135,46.67123794555664,2300,0.0,0.0,0.0
2019-01-28 00:00:00-05:00,46.600725087220454,46.74271455241098,46.59977265014117,46.68553924560547,5000,0.0,0.0,0.0
2019-01-29 00:00:00-05:00,46.68934090315756,46.73413088491467,46.68934090315756,46.72841262817383,2400,0.0,0.0,0.0
2019-01-30 00:00:00-05:00,46.67599482093775,46.89517525259504,46.67599482093775,46.828468322753906,4100,0.0,0.0,0.0
2019-01-31 00:00:00-05:00,46.80941386650886,46.98571284933784,46.80941386650886,46.95616912841797,7000,0.0,0.0,0.0
2019-02-01 00:00:00-05:00,46.96189334718467,46.96189334718467,46.818951450079894,46.8570671081543,23100,0.0,0.0,0.0
2019-02-04 00:00:00-05:00,46.828471984201194,46.87611927563389,46.79988433639264,46.84276580810547,5300,0.0,0.0,0.0
2019-02-05 00:00:00-05:00,46.91423320231986,46.91423320231986,46.85705427798087,46.890411376953125,1900,0.0,0.0,0.0
2019-02-06 00:00:00-05:00,46.93330159005015,46.93330159005015,46.86659465018423,46.89994812011719,4800,0.0,0.0,0.0
2019-02-07 00:00:00-05:00,46.919007456617116,46.96093649418413,46.88660642385877,46.92853546142578,5300,0.0,0.0,0.0
2019-02-08 00:00:00-05:00,46.91424779119729,46.97714499105475,46.91424779119729,46.95903778076172,600,0.0,0.0,0.0
2019-02-11 00:00:00-05:00,46.96188893113944,46.96188893113944,46.89518199171213,46.92853546142578,2500,0.0,0.0,0.0
2019-02-12 00:00:00-05:00,46.90472498858793,46.97143194416667,46.90472498858793,46.945701599121094,7000,0.0,0.0,0.0
2019-02-13 00:00:00-05:00,46.87613251538023,46.933311462402344,46.87613251538023,46.933311462402344,1000,0.0,0.0,0.0
2019-02-14 00:00:00-05:00,47.00953591291907,47.00953591291907,46.93329733983033,46.957122802734375,8300,0.0,0.0,0.0
2019-02-15 00:00:00-05:00,46.92186716353258,46.94759750366211,46.90471602695006,46.94759750366211,1600,0.0,0.0,0.0
2019-02-19 00:00:00-05:00,47.0096549348343,47.0096549348343,46.92371392007542,46.9666862487793,4100,0.1,0.0,0.0
2019-02-20 00:00:00-05:00,47.00011776834355,47.02876356527349,46.97146832876395,46.99534225463867,8800,0.0,0.0,0.0
2019-02-21 00:00:00-05:00,46.904625481072095,46.999163167253926,46.904625481072095,46.952369689941406,55600,0.0,0.0,0.0
2019-02-22 00:00:00-05:00,46.99056754318503,47.03831175309994,46.935184696801706,47.00489044189453,37400,0.0,0.0,0.0
2019-02-25 00:00:00-05:00,47.00966107985599,47.047857900886044,47.00966107985599,47.03353500366211,44600,0.0,0.0,0.0
2019-02-26 00:00:00-05:00,47.048812333308284,47.07650375366211,47.03830693258473,47.07650375366211,17700,0.0,0.0,0.0
2019-02-27 00:00:00-05:00,47.057404539975245,47.07650295018797,47.000112951986345,47.06695556640625,58000,0.0,0.0,0.0
2019-02-28 00:00:00-05:00,47.057405284818884,47.06695631140107,46.99056266934097,47.03353500366211,47900,0.0,0.0,0.0
2019-03-01 00:00:00-05:00,46.99056341418439,47.04785864663765,46.96191761928246,47.00011444091797,64200,0.0,0.0,0.0
2019-03-04 00:00:00-05:00,46.99534027420121,47.05740737915039,46.99534027420121,47.05740737915039,51100,0.0,0.0,0.0
2019-03-05 00:00:00-05:00,47.00966107985599,47.05549653656219,47.00966107985599,47.03353500366211,21000,0.0,0.0,0.0
2019-03-06 00:00:00-05:00,47.000112951986345,47.10515238683171,47.000112951986345,47.06695556640625,51800,0.0,0.0,0.0
2019-03-07 00:00:00-05:00,47.143339282912066,47.15289030807043,47.09941622365975,47.12424087524414,2900,0.0,0.0,0.0
2019-03-08 00:00:00-05:00,47.14334284455131,47.171992279542046,47.14334284455131,47.16244125366211,13800,0.0,0.0,0.0
2019-03-11 00:00:00-04:00,47.152901011066554,47.162448395743226,47.14334998374025,47.15767288208008,10800,0.0,0.0,0.0
2019-03-12 00:00:00-04:00,47.17199836052771,47.21019154102375,47.11470312580934,47.18632125854492,10100,0.0,0.0,0.0
2019-03-13 00:00:00-04:00,47.20542047307441,47.22929075595927,47.16913239767399,47.19586944580078,3800,0.0,0.0,0.0
2019-03-14 00:00:00-04:00,47.1529050487037,47.20064926147461,47.1529050487037,47.20064926147461,2000,0.0,0.0,0.0
2019-03-15 00:00:00-04:00,47.26748731949595,47.26748731949595,47.19109367232597,47.234066009521484,52600,0.0,0.0,0.0
2019-03-18 00:00:00-04:00,47.22928335532649,47.257932790008525,47.18153915438848,47.238834381103516,67300,0.0,0.0,0.0
2019-03-19 00:00:00-04:00,47.257938385009766,47.3343283870248,47.19109212460359,47.257938385009766,89000,0.0,0.0,0.0
2019-03-20 00:00:00-04:00,47.23883264651646,47.38206524407105,47.23883264651646,47.3438720703125,42800,0.0,0.0,0.0
2019-03-21 00:00:00-04:00,47.372527101508034,47.3820744861477,47.35342868957908,47.36297607421875,17200,0.0,0.0,0.0
2019-03-22 00:00:00-04:00,47.4202878125076,47.4584846496582,47.4202878125076,47.4584846496582,6300,0.0,0.0,0.0
2019-03-25 00:00:00-04:00,47.448913060458665,47.55395249578606,47.448913060458665,47.525306701660156,8800,0.0,0.0,0.0
2019-03-26 00:00:00-04:00,47.44892679169227,47.48712362334679,47.425056503895966,47.46802520751953,6800,0.0,0.0,0.0
2019-03-27 00:00:00-04:00,47.51575771138311,47.525308738267235,47.46419600827676,47.50621032714844,1900,0.0,0.0,0.0
2019-03-28 00:00:00-04:00,47.46037180114979,47.48233333332456,47.46037180114979,47.47278594970703,4700,0.0,0.0,0.0
2019-03-29 00:00:00-04:00,47.42982198840487,47.44892040166011,47.36297936333646,47.43937301635742,8100,0.0,0.0,0.0
2019-04-01 00:00:00-04:00,47.30567986842347,47.37252248233234,47.296128842065485,47.353424072265625,64900,0.0,0.0,0.0
2019-04-02 00:00:00-04:00,47.40116291095131,47.41071393622825,47.34387132988503,47.37729263305664,1900,0.0,0.0,0.0
2019-04-03 00:00:00-04:00,47.38207417070452,47.39162519793022,47.32478257794869,47.35820388793945,18700,0.0,0.0,0.0
2019-04-04 00:00:00-04:00,47.346730956079774,47.39161202921042,47.324769427802465,47.38206100463867,18200,0.0,0.0,0.0
2019-04-05 00:00:00-04:00,47.391621759987075,47.391621759987075,47.3324177804912,47.379207611083984,13600,0.0,0.0,0.0
2019-04-08 00:00:00-04:00,47.39162519793022,47.39162519793022,47.32478257794869,47.35820388793945,14800,0.0,0.0,0.0
2019-04-09 00:00:00-04:00,47.40594531186294,47.42026820921068,47.40116979853057,47.41072082519531,26300,0.0,0.0,0.0
2019-04-10 00:00:00-04:00,47.4403226008642,47.44891561103402,47.414539927705235,47.42981719970703,13100,0.0,0.0,0.0
2019-04-11 00:00:00-04:00,47.3629753272767,47.42027056215998,47.3629753272767,47.39639663696289,1400,0.0,0.0,0.0
2019-04-12 00:00:00-04:00,47.372525007466386,47.372525007466386,47.29613136312746,47.33910369873047,15200,0.0,0.0,0.0
2019-04-15 00:00:00-04:00,47.32763678414732,47.38206524407105,47.30567525390505,47.3438720703125,24900,0.0,0.0,0.0
2019-04-16 00:00:00-04:00,47.339101175377905,47.353424072265625,47.30567986842347,47.353424072265625,3300,0.0,0.0,0.0
2019-04-17 00:00:00-04:00,47.353433741114756,47.353433741114756,47.31523691318212,47.33433532714844,2900,0.0,0.0,0.0
2019-04-18 00:00:00-04:00,47.36296560690159,47.38206401460975,47.34864271178267,47.37251663208008,2700,0.0,0.0,0.0
2019-04-22 00:00:00-04:00,47.3820737926918,47.3820737926918,47.32478220039304,47.337196350097656,4800,0.0,0.0,0.0
2019-04-23 00:00:00-04:00,47.40609904235746,47.41088104248047,47.39652774134789,47.41088104248047,4600,0.105,0.0,0.0
2019-04-24 00:00:00-04:00,47.45871494080121,47.47306823730469,47.442445194484826,47.47306823730469,4600,0.0,0.0,0.0
2019-04-25 00:00:00-04:00,47.4635134267092,47.47308472795668,47.42523917286485,47.43480682373047,16200,0.0,0.0,0.0
2019-04-26 00:00:00-04:00,47.51518778882279,47.522842639520206,47.49222323673056,47.50657653808594,20900,0.0,0.0,0.0
2019-04-29 00:00:00-04:00,47.44437246819091,47.492218017578125,47.44437246819091,47.492218017578125,12100,0.0,0.0,0.0
2019-04-30 00:00:00-04:00,47.52952521435848,47.54387851091956,47.482636075414646,47.525699615478516,7300,0.0,0.0,0.0
2019-05-01 00:00:00-04:00,47.54005233397366,47.578330224591525,47.482635498046875,47.482635498046875,8400,0.0,0.0,0.0
2019-05-02 00:00:00-04:00,47.453938532190534,47.453938532190534,47.40609298440213,47.42523193359375,1900,0.0,0.0,0.0
2019-05-03 00:00:00-04:00,47.43000649171049,47.492208979419516,47.43000649171049,47.47785568237305,9300,0.0,0.0,0.0
2019-05-06 00:00:00-04:00,47.54005313467332,47.54005313467332,47.511346541416714,47.51612854003906,15200,0.0,0.0,0.0
2019-05-07 00:00:00-04:00,47.520917170222276,47.568762712111706,47.520917170222276,47.54484176635742,31200,0.0,0.0,0.0
2019-05-08 00:00:00-04:00,47.559209148896656,47.57834810139674,47.520931243896484,47.520931243896484,13200,0.0,0.0,0.0
2019-05-09 00:00:00-04:00,47.578354500728594,47.578354500728594,47.5592155456543,47.5592155456543,2200,0.0,0.0,0.0
2019-05-10 00:00:00-04:00,47.530492056715595,47.59748020601924,47.530492056715595,47.55441665649414,11000,0.0,0.0,0.0
2019-05-13 00:00:00-04:00,47.59078272660956,47.66446567692658,47.59078272660956,47.640541076660156,24800,0.0,0.0,0.0
2019-05-14 00:00:00-04:00,47.654896397237394,47.654896397237394,47.62618979600572,47.63575744628906,9800,0.0,0.0,0.0
2019-05-15 00:00:00-04:00,47.67403552379418,47.7027421251316,47.67403552379418,47.68838882446289,6600,0.0,0.0,0.0
2019-05-16 00:00:00-04:00,47.62619501327724,47.66447291936711,47.62619501327724,47.650115966796875,2500,0.0,0.0,0.0
2019-05-17 00:00:00-04:00,47.67977476266939,47.67977476266939,47.635754812883576,47.6596794128418,4500,0.0,0.0,0.0
2019-05-20 00:00:00-04:00,47.64053826335838,47.64053826335838,47.597478365879404,47.61183166503906,10200,0.0,0.0,0.0
2019-05-21 00:00:00-04:00,47.616610844065114,47.62618214319214,47.568765299573165,47.58981704711914,37400,0.0,0.0,0.0
2019-05-22 00:00:00-04:00,47.59748537751516,47.630977630615234,47.59748537751516,47.630977630615234,24800,0.0,0.0,0.0
2019-05-23 00:00:00-04:00,47.66638246717295,47.702743920209876,47.66638246717295,47.69317626953125,1300,0.0,0.0,0.0
2019-05-24 00:00:00-04:00,47.68168033960573,47.7314423318587,47.68168033960573,47.70273208618164,32600,0.0,0.0,0.0
2019-05-28 00:00:00-04:00,47.69795064315668,47.75550026246295,47.69795064315668,47.745906829833984,3700,0.115,0.0,0.0
2019-05-29 00:00:00-04:00,47.765088034602854,47.81304421927048,47.765088034602854,47.784271240234375,15000,0.0,0.0,0.0
2019-05-30 00:00:00-04:00,47.77468237320123,47.8034553527832,47.7363159612103,47.8034553527832,36600,0.0,0.0,0.0
2019-05-31 00:00:00-04:00,47.90895971781517,47.94732612865409,47.832226896137335,47.9377326965332,81400,0.0,0.0,0.0
2019-06-03 00:00:00-04:00,47.98568071686238,48.06241352548566,47.93868315216822,48.04802703857422,101100,0.0,0.0,0.0
2019-06-04 00:00:00-04:00,47.963621501003075,48.01445716946646,47.963621501003075,48.00486373901367,13400,0.0,0.0,0.0
2019-06-05 00:00:00-04:00,48.07201294843882,48.091196154446,48.014466989239715,48.05282974243164,6600,0.0,0.0,0.0
2019-06-06 00:00:00-04:00,48.0346049745731,48.07200911330396,48.00486972704637,48.009666442871094,2600,0.0,0.0,0.0
2019-06-07 00:00:00-04:00,48.11995893909235,48.13914214103527,48.03364001858168,48.03843307495117,14100,0.0,0.0,0.0
2019-06-10 00:00:00-04:00,48.01637694310399,48.05282246782453,47.99527651733717,48.01925277709961,7900,0.0,0.0,0.0
2019-06-11 00:00:00-04:00,47.9664973348459,48.015415780747404,47.9664973348459,48.00486373901367,6700,0.0,0.0,0.0
2019-06-12 00:00:00-04:00,48.05379418551044,48.09982949142226,48.043242141141526,48.0576286315918,19800,0.0,0.0,0.0
2019-06-13 00:00:00-04:00,48.11037280959222,48.119962581878816,48.071047791455484,48.115169525146484,11600,0.0,0.0,0.0
2019-06-14 00:00:00-04:00,48.08735575041784,48.104618072509766,48.07200699222038,48.104618072509766,3000,0.0,0.0,0.0
2019-06-17 00:00:00-04:00,48.08158965833065,48.12954582725848,48.08158965833065,48.100772857666016,4500,0.0,0.0,0.0
2019-06-18 00:00:00-04:00,48.158330274846186,48.17271676307128,48.12955729839601,48.143943786621094,11600,0.0,0.0,0.0
2019-06-19 00:00:00-04:00,48.091197142991014,48.27343577439403,48.08160736920152,48.271514892578125,13900,0.0,0.0,0.0
2019-06-20 00:00:00-04:00,48.33098220825195,48.350165414841385,48.30220922777908,48.33098220825195,43200,0.0,0.0,0.0
2019-06-21 00:00:00-04:00,48.26384189457829,48.28302510080204,48.21780293140577,48.268638610839844,18000,0.0,0.0,0.0
2019-06-24 00:00:00-04:00,48.32630788776561,48.35034511947672,48.32246427793448,48.340728759765625,13000,0.12,0.0,0.0
2019-06-25 00:00:00-04:00,48.36285730034248,48.38881634400806,48.34074186755025,48.37919998168945,10100,0.0,0.0,0.0
2019-06-26 00:00:00-04:00,48.32151393455171,48.32151393455171,48.254214067026375,48.268638610839844,39000,0.0,0.0,0.0
2019-06-27 00:00:00-04:00,48.30708150191557,48.34073142762825,48.26381888352792,48.32919692993164,42900,0.0,0.0,0.0
2019-06-28 00:00:00-04:00,48.35996510039782,48.35996510039782,48.31189429729703,48.33112335205078,1500,0.0,0.0,0.0
2019-07-01 00:00:00-04:00,48.33112467095377,48.37919547536635,48.28209296391235,48.31670379638672,71200,0.0,0.0,0.0
2019-07-02 00:00:00-04:00,48.31767383839755,48.398433685302734,48.31767383839755,48.398433685302734,16800,0.0,0.0,0.0
2019-07-03 00:00:00-04:00,48.40707105252935,48.41764831542969,48.34073210268842,48.41764831542969,19400,0.0,0.0,0.0
2019-07-05 00:00:00-04:00,48.25997551608636,48.29074273675944,48.21575199160476,48.225364685058594,11300,0.0,0.0,0.0
2019-07-08 00:00:00-04:00,48.23497737851242,48.273435487461995,48.22151740713678,48.225364685058594,8600,0.0,0.0,0.0
2019-07-09 00:00:00-04:00,48.25420677677975,48.263823137869224,48.20709687662938,48.23497772216797,28200,0.0,0.0,0.0
2019-07-10 00:00:00-04:00,48.292667388916016,48.31189644452441,48.244596583678714,48.292667388916016,11500,0.0,0.0,0.0
2019-07-11 00:00:00-04:00,48.3022812470928,48.3022812470928,48.225365028645655,48.23497772216797,28300,0.0,0.0,0.0
2019-07-12 00:00:00-04:00,48.22633023502533,48.29266919570767,48.22633023502533,48.244598388671875,2800,0.0,0.0,0.0
2019-07-15 00:00:00-04:00,48.30228375050389,48.321509138544926,48.273438333307624,48.292667388916016,20300,0.0,0.0,0.0
2019-07-16 00:00:00-04:00,48.25421108305204,48.27344013937986,48.241712013060585,48.244598388671875,8000,0.0,0.0,0.0
2019-07-17 00:00:00-04:00,48.30228375050389,48.3311255001328,48.2830546948955,48.292667388916016,21200,0.0,0.0,0.0
2019-07-18 00:00:00-04:00,48.33112106870773,48.412841796875,48.31285291741965,48.412841796875,3400,0.0,0.0,0.0
2019-07-19 00:00:00-04:00,48.388820992696616,48.388820992696616,48.353245583294715,48.355167388916016,5100,0.0,0.0,0.0
2019-07-22 00:00:00-04:00,48.39842404489693,48.39842404489693,48.3503532409668,48.3503532409668,6100,0.0,0.0,0.0
2019-07-23 00:00:00-04:00,48.35516419198164,48.38889460342243,48.311798095703125,48.311798095703125,15600,0.12,0.0,0.0
2019-07-24 00:00:00-04:00,48.38889546400322,48.38889546400322,48.33107400127019,48.3407096862793,19200,0.0,0.0,0.0
2019-07-25 00:00:00-04:00,48.321448428825406,48.35035916844183,48.292537689208984,48.292537689208984,7300,0.0,0.0,0.0
2019-07-26 00:00:00-04:00,48.30215873452626,48.311798095703125,48.28288368851165,48.311798095703125,3000,0.0,0.0,0.0
2019-07-29 00:00:00-04:00,48.34070734862681,48.350343033169956,48.32528878282216,48.32625198364258,3000,0.0,0.0,0.0
2019-07-30 00:00:00-04:00,48.350355098321415,48.350355098321415,48.34071941137382,48.34553909301758,2300,0.0,0.0,0.0
2019-07-31 00:00:00-04:00,48.3889080259612,48.3889080259612,48.283863959101375,48.316627502441406,4900,0.0,0.0,0.0
2019-08-01 00:00:00-04:00,48.389862368931276,48.519004821777344,48.389862368931276,48.519004821777344,15900,0.0,0.0,0.0
2019-08-02 00:00:00-04:00,48.49587329384215,48.54309587431379,48.49587329384215,48.519004821777344,2500,0.0,0.0,0.0
2019-08-05 00:00:00-04:00,48.64911230458307,48.658751667760065,48.60092651771779,48.63754653930664,47500,0.0,0.0,0.0
2019-08-06 00:00:00-04:00,48.66838073730469,48.681872902846074,48.62019495699108,48.66838073730469,14900,0.0,0.0,0.0
2019-08-07 00:00:00-04:00,48.73970272144796,48.73970272144796,48.697296142578125,48.697296142578125,2500,0.0,0.0,0.0
2019-08-08 00:00:00-04:00,48.639471482465815,48.66452573613305,48.600921386507686,48.653926849365234,1900,0.0,0.0,0.0
2019-08-09 00:00:00-04:00,48.65874677508729,48.65874677508729,48.600921630859375,48.600921630859375,4800,0.0,0.0,0.0
2019-08-12 00:00:00-04:00,48.67706109091772,48.70693870592609,48.639477867313616,48.67802429199219,63800,0.0,0.0,0.0
2019-08-13 00:00:00-04:00,48.63946753037376,48.63946753037376,48.58164239113502,48.591278076171875,6700,0.0,0.0,0.0
2019-08-14 00:00:00-04:00,48.65873618133236,48.67800754887314,48.62982177734375,48.62982177734375,4200,0.0,0.0,0.0
2019-08-15 00:00:00-04:00,48.696334172649024,48.74548683617944,48.687661686989465,48.73584747314453,2400,0.0,0.0,0.0
2019-08-16 00:00:00-04:00,48.735849568763584,48.75512461932239,48.73102988703888,48.74066925048828,3900,0.0,0.0,0.0
2019-08-19 00:00:00-04:00,48.72523432467819,48.738730165263384,48.67801174981663,48.70210647583008,4600,0.0,0.0,0.0
2019-08-20 00:00:00-04:00,48.75511932373047,48.80330510672375,48.745483637667654,48.75511932373047,36200,0.0,0.0,0.0
2019-08-21 00:00:00-04:00,48.72621449595332,48.759944915771484,48.72621449595332,48.759944915771484,5100,0.0,0.0,0.0
2019-08-22 00:00:00-04:00,48.71367223842365,48.74547624738646,48.70210647583008,48.70210647583008,3500,0.0,0.0,0.0
2019-08-23 00:00:00-04:00,48.74066161764112,48.812942126832446,48.74066161764112,48.80330276489258,13600,0.0,0.0,0.0
2019-08-26 00:00:00-04:00,48.81198226523542,48.84185987993596,48.77536224308307,48.784034729003906,6900,0.0,0.0,0.0
2019-08-27 00:00:00-04:00,48.77919902529056,48.85165477777581,48.77919902529056,48.84199523925781,4000,0.125,0.0,0.0
2019-08-28 00:00:00-04:00,48.86614668285119,48.87580622078983,48.84488906559438,48.856483459472656,22400,0.0,0.0,0.0
2019-08-29 00:00:00-04:00,48.81398718790514,48.83717229572768,48.798526763916016,48.798526763916016,4400,0.0,0.0,0.0
2019-08-30 00:00:00-04:00,48.798518102326554,48.84199523925781,48.798518102326554,48.84199523925781,10000,0.0,0.0,0.0
2019-09-03 00:00:00-04:00,48.87580417706487,48.929906432314745,48.87580417706487,48.88546371459961,5700,0.0,0.0,0.0
2019-09-04 00:00:00-04:00,48.87581927308691,48.95310665355534,48.87581927308691,48.94344711303711,14300,0.0,0.0,0.0
2019-09-05 00:00:00-04:00,48.80818718626899,48.837169490742745,48.769541656676935,48.813018798828125,6800,0.0,0.0,0.0
2019-09-06 00:00:00-04:00,48.874848734978286,48.874848734978286,48.81784602683027,48.855525970458984,9300,0.0,0.0,0.0
2019-09-09 00:00:00-04:00,48.76373991390035,48.77920033556059,48.712538093131435,48.74055480957031,16300,0.0,0.0,0.0
2019-09-10 00:00:00-04:00,48.72123263410487,48.72123263410487,48.648773193359375,48.648773193359375,4800,0.0,0.0,0.0
2019-09-11 00:00:00-04:00,48.651680382791405,48.672934319658204,48.630422760483846,48.6342887878418,4400,0.0,0.0,0.0
2019-09-12 00:00:00-04:00,48.69225576101569,48.69225576101569,48.54733686336669,48.57149124145508,30600,0.0,0.0,0.0
2019-09-13 00:00:00-04:00,48.547336578645876,48.556996118560185,48.46521759033203,48.46521759033203,10300,0.0,0.0,0.0
2019-09-16 00:00:00-04:00,48.52800395025852,48.553123908547086,48.51351280061201,48.519309997558594,4100,0.0,0.0,0.0
2019-09-17 00:00:00-04:00,48.5859780607938,48.61496036356243,48.573418080143306,48.58887481689453,4900,0.0,0.0,0.0
2019-09-18 00:00:00-04:00,48.65649661896792,48.70190492366942,48.56664928025207,48.59370040893555,14700,0.0,0.0,0.0
2019-09-19 00:00:00-04:00,48.626560861220796,48.6584436095316,48.585984158076414,48.6004753112793,7500,0.0,0.0,0.0
2019-09-20 00:00:00-04:00,48.64394096502681,48.707706451416016,48.618824690044576,48.707706451416016,9700,0.0,0.0,0.0
2019-09-23 00:00:00-04:00,48.75987757256545,48.75987757256545,48.72026646124145,48.74055480957031,1900,0.0,0.0,0.0
2019-09-24 00:00:00-04:00,48.65168022484696,48.692256927490234,48.65168022484696,48.692256927490234,3500,0.0,0.0,0.0
2019-09-25 00:00:00-04:00,48.67293005792319,48.67293005792319,48.57631623684154,48.58597946166992,48600,0.0,0.0,0.0
2019-09-26 00:00:00-04:00,48.65168170804932,48.65168170804932,48.605307805694565,48.614967346191406,3400,0.0,0.0,0.0
2019-09-27 00:00:00-04:00,48.61689265396328,48.682589314829514,48.60530194385309,48.643943786621094,8600,0.0,0.0,0.0
2019-09-30 00:00:00-04:00,48.61497099688039,48.68549928393479,48.61497099688039,48.67293930053711,2500,0.0,0.0,0.0
2019-10-01 00:00:00-04:00,48.634277809622915,48.78016226376286,48.634277809622915,48.76470184326172,13600,0.0,0.0,0.0
2019-10-02 00:00:00-04:00,48.78885827534913,48.856486100895594,48.78885827534913,48.817840576171875,8100,0.0,0.0,0.0
2019-10-03 00:00:00-04:00,48.943445504422314,48.943445504422314,48.914463198379316,48.93861389160156,3500,0.0,0.0,0.0
2019-10-04 00:00:00-04:00,48.914463198379316,48.953105044623065,48.914463198379316,48.93861389160156,1700,0.0,0.0,0.0
2019-10-07 00:00:00-04:00,48.91830936589288,48.91830936589288,48.885461043366135,48.891258239746094,1600,0.0,0.0,0.0
2019-10-08 00:00:00-04:00,48.914450874830536,48.924110412597656,48.87580535288243,48.924110412597656,9000,0.0,0.0,0.0
2019-10-09 00:00:00-04:00,48.906733714533516,48.933784849008006,48.8468342474199,48.883544921875,13500,0.0,0.0,0.0
2019-10-10 00:00:00-04:00,48.885476016079814,48.885476016079814,48.78499984741211,48.78499984741211,1800,0.0,0.0,0.0
2019-10-11 00:00:00-04:00,48.68645386776152,48.72123336791992,48.68258784088157,48.72123336791992,3500,0.0,0.0,0.0
2019-10-14 00:00:00-04:00,48.720264563594,48.730889687291345,48.71156692504883,48.71156692504883,3300,0.0,0.0,0.0
2019-10-15 00:00:00-04:00,48.71157278875166,48.74442111997408,48.66326772005063,48.68259048461914,10900,0.0,0.0,0.0
2019-10-16 00:00:00-04:00,48.707701493723974,48.750209356696665,48.68258153585837,48.701904296875,5800,0.0,0.0,0.0
2019-10-17 00:00:00-04:00,48.72992799691846,48.75987957069238,48.727996826171875,48.727996826171875,2800,0.0,0.0,0.0
2019-10-18 00:00:00-04:00,48.74538276715517,48.78982180181613,48.74538276715517,48.76470184326172,1800,0.0,0.0,0.0
2019-10-21 00:00:00-04:00,48.750223044330674,48.77147698178451,48.72124073738826,48.72993469238281,4100,0.0,0.0,0.0
2019-10-22 00:00:00-04:00,48.75994483945522,48.75994483945522,48.73089088343331,48.75316619873047,3500,0.118,0.0,0.0
2019-10-23 00:00:00-04:00,48.748326215638016,48.79674455317025,48.74348327366008,48.77253723144531,7800,0.0,0.0,0.0
2019-10-24 00:00:00-04:00,48.79964883428339,48.79964883428339,48.75316619873047,48.75316619873047,2700,0.0,0.0,0.0
2019-10-25 00:00:00-04:00,48.766728293788695,48.7676961434046,48.69990972946606,48.70378112792969,4800,0.0,0.0,0.0
2019-10-28 00:00:00-04:00,48.80642831707873,48.80642831707873,48.64180154372135,48.69021987915039,6800,0.0,0.0,0.0
2019-10-29 00:00:00-04:00,48.70668945439262,48.73283617093379,48.68054273785145,48.704750061035156,7300,0.0,0.0,0.0
2019-10-30 00:00:00-04:00,48.74833297729492,48.77738324502722,48.74349003464525,48.74833297729492,3100,0.0,0.0,0.0
2019-10-31 00:00:00-04:00,48.8548540944726,48.89359024634931,48.83548601853424,48.86453628540039,10700,0.0,0.0,0.0
2019-11-01 00:00:00-04:00,48.85484811388169,48.864530303624235,48.84516223005683,48.86259460449219,1900,0.0,0.0,0.0
2019-11-04 00:00:00-05:00,48.79966608062096,48.80644472374136,48.787076644242575,48.79191589355469,5000,0.0,0.0,0.0
2019-11-05 00:00:00-05:00,48.738651719597,48.74833391099892,48.715408549699674,48.73574447631836,4300,0.0,0.0,0.0
2019-11-06 00:00:00-05:00,48.76187919679349,48.793836700497195,48.76187919679349,48.7822151184082,13200,0.0,0.0,0.0
2019-11-07 00:00:00-05:00,48.72895478780709,48.72895478780709,48.62921087678827,48.67569351196289,25400,0.0,0.0,0.0
2019-11-08 00:00:00-05:00,48.719278141587196,48.719278141587196,48.6805419921875,48.6805419921875,2000,0.0,0.0,0.0
2019-11-11 00:00:00-05:00,48.719272598600014,48.719272598600014,48.66116838111122,48.67569351196289,6400,0.0,0.0,0.0
2019-11-12 00:00:00-05:00,48.682473495646505,48.70958805907287,48.59338331497162,48.646644592285156,215300,0.0,0.0,0.0
2019-11-13 00:00:00-05:00,48.699913024902344,48.721216800141406,48.69022713992284,48.699913024902344,3300,0.0,0.0,0.0
2019-11-14 00:00:00-05:00,48.76769465710233,48.775441147876,48.74832658312696,48.76285171508789,1800,0.0,0.0,0.0
2019-11-15 00:00:00-05:00,48.73865410989881,48.758018493652344,48.73865410989881,48.758018493652344,1000,0.0,0.0,0.0
2019-11-18 00:00:00-05:00,48.77739075745146,48.81128397305348,48.767708564743785,48.79191589355469,9900,0.0,0.0,0.0
2019-11-19 00:00:00-05:00,48.7676924588646,48.820953736375486,48.7676924588646,48.8112678527832,5000,0.0,0.0,0.0
2019-11-20 00:00:00-05:00,48.85387985244206,48.882930115507094,48.835479628595806,48.87905502319336,4100,0.0,0.0,0.0
2019-11-21 00:00:00-05:00,48.83548391926217,48.83741961854796,48.82579803466797,48.82579803466797,9500,0.0,0.0,0.0
2019-11-22 00:00:00-05:00,48.79676018838009,48.80644607543945,48.79676018838009,48.80644607543945,1000,0.0,0.0,0.0
2019-11-25 00:00:00-05:00,48.82292997983875,48.83942747247364,48.78896128708177,48.808372497558594,7200,0.112,0.0,0.0
2019-11-26 00:00:00-05:00,48.8763104721854,48.88601422638585,48.827784296563365,48.85689926147461,14300,0.0,0.0,0.0
2019-11-27 00:00:00-05:00,48.80836951921372,48.84719193779838,48.79866206341275,48.81807327270508,2800,0.0,0.0,0.0
2019-11-29 00:00:00-05:00,48.8171032675869,48.81807327270508,48.80836951921372,48.81807327270508,2300,0.0,0.0,0.0
2019-12-02 00:00:00-05:00,48.75013683856811,48.837485430926,48.75013683856811,48.827781677246094,1700,0.0,0.0,0.0
2019-12-03 00:00:00-05:00,48.87630843439623,48.992771991495395,48.87630843439623,48.93939208984375,14700,0.0,0.0,0.0
2019-12-04 00:00:00-05:00,48.88601350458566,48.92483592543403,48.85786854527903,48.88213348388672,7800,0.0,0.0,0.0
2019-12-05 00:00:00-05:00,48.8763104721854,48.8763104721854,48.85689926147461,48.85689926147461,2700,0.0,0.0,0.0
2019-12-06 00:00:00-05:00,48.866599797069824,48.866599797069824,48.84233856201172,48.84233856201172,4300,0.0,0.0,0.0
2019-12-09 00:00:00-05:00,48.8277863271831,48.856901293305164,48.8277863271831,48.83749008178711,5700,0.0,0.0,0.0
2019-12-10 00:00:00-05:00,48.86272240596976,48.86272240596976,48.798665041165265,48.808372497558594,4000,0.0,0.0,0.0
2019-12-11 00:00:00-05:00,48.79867408261144,48.89573015297817,48.79867408261144,48.86661148071289,6700,0.0,0.0,0.0
2019-12-12 00:00:00-05:00,48.886013637156054,48.886013637156054,48.79381501527843,48.808372497558594,5800,0.0,0.0,0.0
2019-12-13 00:00:00-05:00,48.83749161386314,48.91513646237114,48.8025529129586,48.89572525024414,3900,0.0,0.0,0.0
2019-12-16 00:00:00-05:00,48.886022694786234,48.886022694786234,48.84720396895007,48.86661148071289,13600,0.0,0.0,0.0
2019-12-17 00:00:00-05:00,48.8957260850138,48.924841052546284,48.866607415171096,48.90542984008789,30800,0.0,0.0,0.0
2019-12-18 00:00:00-05:00,48.88407743384556,48.88601744435138,48.8471987226844,48.8714599609375,7300,0.0,0.0,0.0
2019-12-19 00:00:00-05:00,48.9054284064599,48.915135863559634,48.9054284064599,48.910282135009766,6900,0.0,0.0,0.0
2019-12-20 00:00:00-05:00,48.88601862762949,48.91513729747219,48.85884367064978,48.90542984008789,8200,0.0,0.0,0.0
2019-12-23 00:00:00-05:00,48.8528807902059,48.88985565380688,48.848991043462895,48.88207244873047,13100,0.126,0.0,0.0
2019-12-24 00:00:00-05:00,48.872344970703125,48.88207676160008,48.872344970703125,48.872344970703125,1800,0.0,0.0,0.0
2019-12-26 00:00:00-05:00,48.89180098489239,48.91807162201523,48.8820729063534,48.906394958496094,29700,0.0,0.0,0.0
2019-12-27 00:00:00-05:00,48.95018708130395,48.9696469525526,48.95018708130395,48.95991516113281,5800,0.0,0.0,0.0
2019-12-30 00:00:00-05:00,48.94629308006162,49.008562440412746,48.9453206432486,49.003700256347656,6200,0.0,0.0,0.0
2019-12-31 00:00:00-05:00,48.998831687541305,49.02801963670303,48.9501838684082,48.9501838684082,8400,0.0,0.0,0.0
2020-01-02 00:00:00-05:00,48.97937388838299,49.057209659968656,48.97937388838299,49.013427734375,36500,0.0,0.0,0.0
2020-01-03 00:00:00-05:00,49.04748254894317,49.10586216247842,49.04748254894317,49.09613037109375,5400,0.0,0.0,0.0
2020-01-06 00:00:00-05:00,49.115583210465246,49.115583210465246,49.03774744848613,49.086395263671875,16000,0.0,0.0,0.0
2020-01-07 00:00:00-05:00,49.105861105702715,49.105861105702715,49.057209573008215,49.08153533935547,7400,0.0,0.0,0.0
2020-01-08 00:00:00-05:00,49.1058556693218,49.1058556693218,49.02801619490068,49.04261016845703,13400,0.0,0.0,0.0
2020-01-09 00:00:00-05:00,49.03775070049562,49.07666672827075,49.01829083081274,49.06207275390625,6000,0.0,0.0,0.0
2020-01-10 00:00:00-05:00,49.06985270532268,49.115583210465246,49.03774744848613,49.086395263671875,50800,0.0,0.0,0.0
2020-01-13 00:00:00-05:00,49.08639797965199,49.105857849121094,49.06693811018289,49.105857849121094,42100,0.0,0.0,0.0
2020-01-14 00:00:00-05:00,49.10391197885728,49.1350485140474,49.09612877295745,49.12532043457031,21900,0.0,0.0,0.0
2020-01-15 00:00:00-05:00,49.14963591508998,49.15450180997309,49.125313863855034,49.13990783691406,36400,0.0,0.0,0.0
2020-01-16 00:00:00-05:00,49.127267919014706,49.15451099690735,49.1262954821744,49.144779205322266,10800,0.0,0.0,0.0
2020-01-17 00:00:00-05:00,49.12532364718165,49.13505172729492,49.09613198365977,49.13505172729492,28800,0.0,0.0,0.0
2020-01-21 00:00:00-05:00,49.244257456097166,49.244257456097166,49.15649526431249,49.224754333496094,17000,0.112,0.0,0.0
2020-01-22 00:00:00-05:00,49.23060792949812,49.25400944580246,49.215981516827846,49.22963333129883,6300,0.0,0.0,0.0
2020-01-23 00:00:00-05:00,49.224759020761255,49.273514971986415,49.21500931845248,49.2364616394043,8100,0.0,0.0,0.0
2020-01-24 00:00:00-05:00,49.27156373407137,49.29789276500703,49.25498812488102,49.28813934326172,6000,0.0,0.0,0.0
2020-01-27 00:00:00-05:00,49.36128234863281,49.37103577180507,49.31252639229463,49.36128234863281,11000,0.0,0.0,0.0
2020-01-28 00:00:00-05:00,49.361277870171264,49.361277870171264,49.31252191825662,49.35152816772461,29300,0.0,0.0,0.0
2020-01-29 00:00:00-05:00,49.37102488810163,49.429530534873635,49.33201864369349,49.39540100097656,23100,0.0,0.0,0.0
2020-01-30 00:00:00-05:00,49.40028609994013,49.46854517932506,49.40028609994013,49.4051628112793,18100,0.0,0.0,0.0
2020-01-31 00:00:00-05:00,49.4587896268357,49.4831657409668,49.43928650362658,49.4831657409668,16100,0.0,0.0,0.0
2020-02-03 00:00:00-05:00,49.43734437420031,49.458796696844765,49.41979044485069,49.44904327392578,11200,0.0,0.0,0.0
2020-02-04 00:00:00-05:00,49.37493252937249,49.4002869649711,49.37493252937249,49.39053726196289,13800,0.0,0.0,0.0
2020-02-05 00:00:00-05:00,49.35152816772461,49.37980639664466,49.35152816772461,49.35152816772461,19500,0.0,0.0,0.0
2020-02-06 00:00:00-05:00,49.38077249872027,49.38467461093197,49.34176625596348,49.366146087646484,75000,0.0,0.0,0.0
2020-02-07 00:00:00-05:00,49.429541878712406,49.43929530197291,49.400289048613025,49.41979217529297,5100,0.0,0.0,0.0
2020-02-10 00:00:00-05:00,49.4568465023608,49.47830254602709,49.44904599550084,49.459774017333984,18300,0.0,0.0,0.0
2020-02-11 00:00:00-05:00,49.419789781979404,49.468545736397566,49.419789781979404,49.439292907714844,8200,0.0,0.0,0.0
2020-02-12 00:00:00-05:00,49.39539436137191,49.42854929267821,49.390521371356066,49.4090461730957,9400,0.0,0.0,0.0
2020-02-13 00:00:00-05:00,49.4197869463802,49.45879319561299,49.41003352415167,49.426612854003906,9800,0.0,0.0,0.0
2020-02-14 00:00:00-05:00,49.439286702152025,49.4977923521739,49.439286702152025,49.45878982543945,18300,0.0,0.0,0.0
2020-02-18 00:00:00-05:00,49.46854217325591,49.53680124849292,49.46854217325591,49.52217483520508,20800,0.0,0.0,0.0
2020-02-19 00:00:00-05:00,49.502669424789964,49.527049259037554,49.491945124799756,49.517295837402344,8500,0.0,0.0,0.0
2020-02-20 00:00:00-05:00,49.51729878793211,49.5543558406093,49.51729878793211,49.531925201416016,15100,0.0,0.0,0.0
2020-02-21 00:00:00-05:00,49.56117991531531,49.59628405034657,49.56117991531531,49.58555603027344,6300,0.0,0.0,0.0
2020-02-24 00:00:00-05:00,49.68307561458959,49.69282531738281,49.644069363735056,49.69282531738281,7300,0.0,0.0,0.0
2020-02-25 00:00:00-05:00,49.70258946045844,49.75047699492716,49.69574838410577,49.72995376586914,8200,0.113,0.0,0.0
2020-02-26 00:00:00-05:00,49.68501654229648,49.78372193570266,49.68501654229648,49.744632720947266,17800,0.0,0.0,0.0
2020-02-27 00:00:00-05:00,49.832581366043215,49.832581366043215,49.71530255772102,49.7690544128418,20700,0.0,0.0,0.0
2020-02-28 00:00:00-05:00,49.92054097279393,49.953765869140625,49.86190156585528,49.953765869140625,54400,0.0,0.0,0.0
2020-03-02 00:00:00-05:00,50.0221773754509,50.067134627569764,49.9107666015625,49.9107666015625,86300,0.0,0.0,0.0
2020-03-03 00:00:00-05:00,50.10621382801958,50.25280671514803,50.07689599621524,50.139442443847656,19600,0.0,0.0,0.0
2020-03-04 00:00:00-05:00,50.23327049597611,50.23327049597611,50.18342570171436,50.18440246582031,16500,0.0,0.0,0.0
2020-03-05 00:00:00-05:00,50.27235978552936,50.28213488281991,50.22349548339844,50.22349548339844,10700,0.0,0.0,0.0
2020-03-06 00:00:00-05:00,50.29190476683547,50.31829230939052,50.22642802059439,50.250858306884766,42300,0.0,0.0,0.0
2020-03-09 00:00:00-04:00,49.86092399408498,50.30168698294974,49.86092399408498,50.15509033203125,11800,0.0,0.0,0.0
2020-03-10 00:00:00-04:00,49.97916920916972,49.97916920916972,49.81498336791992,49.81498336791992,7500,0.0,0.0,0.0
2020-03-11 00:00:00-04:00,49.77393265030665,49.84723095976867,49.539378805649534,49.58042526245117,15700,0.0,0.0,0.0
2020-03-12 00:00:00-04:00,49.26574137047848,49.54427199566656,49.04291612470656,49.2559700012207,13200,0.0,0.0,0.0
2020-03-13 00:00:00-04:00,49.33219427315677,49.392787195927,49.138686880282314,49.29798889160156,13800,0.0,0.0,0.0
2020-03-16 00:00:00-04:00,48.91880717106156,49.055628729437814,48.91880717106156,49.02142333984375,23100,0.0,0.0,0.0
2020-03-17 00:00:00-04:00,48.87677001562716,48.92856460333881,48.63146804468847,48.65980911254883,28300,0.0,0.0,0.0
2020-03-18 00:00:00-04:00,48.08320886538218,48.45458428090893,47.95615869436641,48.1281623840332,44100,0.0,0.0,0.0
2020-03-19 00:00:00-04:00,47.72160101898533,48.04019756823363,47.72160101898533,47.89165115356445,12000,0.0,0.0,0.0
2020-03-20 00:00:00-04:00,47.42841173526827,47.71182989251544,47.27204373956416,47.3385009765625,80500,0.0,0.0,0.0
2020-03-23 00:00:00-04:00,47.154777714824014,47.93661784323062,47.154777714824014,47.921958923339844,25600,0.0,0.0,0.0
2020-03-24 00:00:00-04:00,47.880820680196514,47.92978784186004,47.72706371785394,47.849483489990234,10700,0.103,0.0,0.0
2020-03-25 00:00:00-04:00,48.11194839476784,48.380294562769784,48.09627979994966,48.35874557495117,21900,0.0,0.0,0.0
2020-03-26 00:00:00-04:00,48.57615857275747,48.62316808868322,48.44884471408167,48.62023162841797,39500,0.0,0.0,0.0
2020-03-27 00:00:00-04:00,48.7818313062831,48.7818313062831,48.54678370400639,48.72796630859375,50100,0.0,0.0,0.0
2020-03-30 00:00:00-04:00,48.644719497057935,48.811212332030635,48.615339946867756,48.674102783203125,15600,0.0,0.0,0.0
2020-03-31 00:00:00-04:00,48.85038588971426,49.14419258945781,48.85038588971426,49.07563781738281,23900,0.0,0.0,0.0
2020-04-01 00:00:00-04:00,48.95810824836338,49.05604255435082,48.830790661816266,48.98748779296875,12900,0.0,0.0,0.0
2020-04-02 00:00:00-04:00,49.016879412151766,49.07662107205955,48.98749986030918,49.00218963623047,9600,0.0,0.0,0.0
2020-04-03 00:00:00-04:00,49.01687434640281,49.01687434640281,48.958115248790214,48.97280502319336,5100,0.0,0.0,0.0
2020-04-06 00:00:00-04:00,48.97769623663905,48.99532620645638,48.65451001095809,48.942440032958984,22700,0.0,0.0,0.0
2020-04-07 00:00:00-04:00,49.09620675236851,49.27151270816533,49.09620675236851,49.22254180908203,20800,0.0,0.0,0.0
2020-04-08 00:00:00-04:00,49.23330982394708,49.52515885980376,49.183363847163356,49.51144790649414,8800,0.0,0.0,0.0
2020-04-09 00:00:00-04:00,49.95510248958057,50.035410579270824,49.8591258044232,49.91788864135742,15300,0.0,0.0,0.0
2020-04-13 00:00:00-04:00,49.97664345331102,49.97664345331102,49.90808868408203,49.90808868408203,5300,0.0,0.0,0.0
2020-04-14 00:00:00-04:00,50.00700457300478,50.10885790470502,50.00700457300478,50.05989074707031,6300,0.0,0.0,0.0
2020-04-15 00:00:00-04:00,49.90808579115674,50.27045096288231,49.90808579115674,50.192100524902344,37800,0.0,0.0,0.0
2020-04-16 00:00:00-04:00,50.11962672309066,50.18034719171421,50.0549909741424,50.10395812988281,14200,0.0,0.0,0.0
2020-04-17 00:00:00-04:00,50.054994550762075,50.18231215354808,50.01581932898872,50.099063873291016,5900,0.0,0.0,0.0
2020-04-20 00:00:00-04:00,49.95705584268063,50.03344864492556,49.88850107345164,49.90808868408203,8000,0.0,0.0,0.0
2020-04-21 00:00:00-04:00,49.87178602488668,49.960106929629376,49.77365335007105,49.84038162231445,12800,0.103,0.0,0.0
2020-04-22 00:00:00-04:00,49.89533051840695,49.93948909039358,49.80308267753764,49.881591796875,4500,0.0,0.0,0.0
2020-04-23 00:00:00-04:00,49.969908139719436,49.97972365123967,49.695133713485625,49.793270111083984,75800,0.0,0.0,0.0
2020-04-24 00:00:00-04:00,49.8030829727436,49.92084290892681,49.7932712045287,49.87177658081055,15300,0.0,0.0,0.0
2020-04-27 00:00:00-04:00,49.83743728200118,49.91103865701995,49.76383590698242,49.76383590698242,12900,0.0,0.0,0.0
2020-04-28 00:00:00-04:00,49.907109822385706,49.919867742970204,49.80308859607073,49.885520935058594,9500,0.0,0.0,0.0
2020-04-29 00:00:00-04:00,49.92084624276304,50.02879441794038,49.88159542376129,49.963043212890625,8500,0.0,0.0,0.0
2020-04-30 00:00:00-04:00,49.9650161904714,50.03861757055946,49.93066937889987,50.00819396972656,16400,0.0,0.0,0.0
2020-05-01 00:00:00-04:00,49.89141645461087,50.00525320965173,49.852161884800665,49.95029830932617,11800,0.0,0.0,0.0
2020-05-04 00:00:00-04:00,49.805049050668245,49.90122011059908,49.79327567645717,49.85215377807617,4100,0.0,0.0,0.0
2020-05-05 00:00:00-04:00,50.010149221540495,50.0582347516316,49.9993566498587,50.005245208740234,116500,0.0,0.0,0.0
2020-05-06 00:00:00-04:00,49.976791213250145,49.976791213250145,49.92085551020761,49.95029830932617,3900,0.0,0.0,0.0
2020-05-07 00:00:00-04:00,49.93065964623036,50.11711319505708,49.93065964623036,50.058231353759766,8600,0.0,0.0,0.0
2020-05-08 00:00:00-04:00,49.920845528690315,50.1367418759568,49.920845528690315,50.01898193359375,16500,0.0,0.0,0.0
2020-05-11 00:00:00-04:00,50.117118900714466,50.117118900714466,49.9502926133276,50.02683639526367,15400,0.0,0.0,0.0
2020-05-12 00:00:00-04:00,50.06412131068036,50.11809539749699,49.961080893172564,50.01898193359375,11700,0.0,0.0,0.0
2020-05-13 00:00:00-04:00,50.028789955728264,50.146549889272414,50.028789955728264,50.07295227050781,7800,0.0,0.0,0.0
2020-05-14 00:00:00-04:00,50.13183248984633,50.16617929456552,50.09356247517121,50.12202072143555,3200,0.0,0.0,0.0
2020-05-15 00:00:00-04:00,50.10829445945126,50.21525811016227,50.08768637149535,50.14656448364258,6800,0.0,0.0,0.0
2020-05-18 00:00:00-04:00,50.20544179641975,50.20544179641975,50.087681839259034,50.15735626220703,9200,0.0,0.0,0.0
2020-05-19 00:00:00-04:00,50.150484904746605,50.27413341637375,50.09749161590029,50.21623611450195,36000,0.0,0.0,0.0
2020-05-20 00:00:00-04:00,50.2594088027878,50.3231946573549,50.156368386862034,50.26431655883789,6000,0.0,0.0,0.0
2020-05-21 00:00:00-04:00,50.29473809961361,50.34282362866046,50.21524817172099,50.269222259521484,13800,0.0,0.0,0.0
2020-05-22 00:00:00-04:00,50.34282266754523,50.36244994850898,50.24469000624752,50.29866409301758,3700,0.0,0.0,0.0
2020-05-26 00:00:00-04:00,50.342910971887456,50.48056676689072,50.25146551460736,50.33799362182617,25300,0.1,0.0,0.0
2020-05-27 00:00:00-04:00,50.42157861204564,50.43141331388336,50.314405867724844,50.39699935913086,8100,0.0,0.0,0.0
2020-05-28 00:00:00-04:00,50.44124719257383,50.47074754895948,50.33013981090114,50.41666793823242,8600,0.0,0.0,0.0
2020-05-29 00:00:00-04:00,50.490401604685864,50.53956760740706,50.382246150881656,50.50515365600586,6000,0.0,0.0,0.0
2020-06-01 00:00:00-04:00,50.46287017429427,50.569063938530974,50.421573432833185,50.510066986083984,4200,0.0,0.0,0.0
2020-06-02 00:00:00-04:00,50.43140949388071,50.500237398172246,50.37241253984247,50.48057174682617,13500,0.0,0.0,0.0
2020-06-03 00:00:00-04:00,50.44320635915721,50.51990352538119,50.405844246835365,50.470741271972656,29000,0.0,0.0,0.0
2020-06-04 00:00:00-04:00,50.426490103117324,50.48056970442116,50.41174180291434,50.44123840332031,14500,0.0,0.0,0.0
2020-06-05 00:00:00-04:00,50.45106976301764,50.46090071222216,50.42550404391119,50.43140411376953,6300,0.0,0.0,0.0
2020-06-08 00:00:00-04:00,50.4609016026761,50.51006385124438,50.4609016026761,50.49531555175781,10100,0.0,0.0,0.0
2020-06-09 00:00:00-04:00,50.4648346698922,50.56905923376309,50.4648346698922,50.529727935791016,19100,0.0,0.0,0.0
2020-06-10 00:00:00-04:00,50.557265634216954,50.65755933176789,50.51596889125589,50.554317474365234,15400,0.0,0.0,0.0
2020-06-11 00:00:00-04:00,50.598558065607,50.6083927659537,50.48056791732085,50.498268127441406,13100,0.0,0.0,0.0
2020-06-12 00:00:00-04:00,50.513996704160675,50.54251058227667,50.41173758036742,50.45106887817383,8600,0.0,0.0,0.0
2020-06-15 00:00:00-04:00,50.51990644633878,50.61134816794884,50.37241592674607,50.5739860534668,6800,0.0,0.0,0.0
2020-06-16 00:00:00-04:00,50.63690891481221,50.69688858692979,50.56906373256828,50.59856033325195,17600,0.0,0.0,0.0
2020-06-17 00:00:00-04:00,50.62806068477498,50.64772258467119,50.352745325316405,50.59856033325195,29200,0.0,0.0,0.0
2020-06-18 00:00:00-04:00,50.54349624216997,50.657555512107685,50.54349624216997,50.63788986206055,13800,0.0,0.0,0.0
2020-06-19 00:00:00-04:00,50.58873435525812,50.62806566059481,50.51990644633878,50.5739860534668,5600,0.0,0.0,0.0
2020-06-22 00:00:00-04:00,50.62806566059481,50.64084477153149,50.55136848993635,50.5739860534668,11600,0.0,0.0,0.0
2020-06-23 00:00:00-04:00,50.65571251136699,50.66556214882649,50.54246797633495,50.62617111206055,19200,0.078,0.0,0.0
2020-06-24 00:00:00-04:00,50.64586663044352,50.66556214882649,50.547392795064695,50.62617111206055,12800,0.0,0.0,0.0
2020-06-25 00:00:00-04:00,50.6379890271109,50.68525751978534,50.61730929634933,50.636016845703125,11500,0.0,0.0,0.0
2020-06-26 00:00:00-04:00,50.62124610156469,50.70495299350922,50.557238484464534,50.64094161987305,8900,0.0,0.0,0.0
2020-06-29 00:00:00-04:00,50.65571199415692,50.74433994770735,50.60647507697023,50.67048645019531,16000,0.0,0.0,0.0
2020-06-30 00:00:00-04:00,50.67835928531237,50.7640308372292,50.62715019140154,50.73448944091797,8800,0.0,0.0,0.0
2020-07-01 00:00:00-04:00,50.724638576898904,50.83296203613281,50.71479269721198,50.83296203613281,8100,0.0,0.0,0.0
2020-07-02 00:00:00-04:00,50.813274486419445,50.85266552441372,50.74434204819752,50.808353424072266,17900,0.0,0.0,0.0
2020-07-06 00:00:00-04:00,50.74434204819752,50.89205656240801,50.74434204819752,50.808353424072266,45100,0.0,0.0,0.0
2020-07-07 00:00:00-04:00,50.840843115409676,50.8625108140295,50.840843115409676,50.84773635864258,6200,0.0,0.0,0.0
2020-07-08 00:00:00-04:00,50.8428194955238,50.84971273932597,50.76403741976404,50.818199157714844,15000,0.0,0.0,0.0
2020-07-09 00:00:00-04:00,50.7935786749939,50.87235698816659,50.7935786749939,50.82804489135742,16800,0.0,0.0,0.0
2020-07-10 00:00:00-04:00,50.862515162180365,50.862515162180365,50.773887204961305,50.808353424072266,26900,0.0,0.0,0.0
2020-07-13 00:00:00-04:00,50.832970094904056,50.84380394515921,50.79358281337658,50.79850387573242,53700,0.0,0.0,0.0
2020-07-14 00:00:00-04:00,50.83690264192891,50.87235306795161,50.803420640536494,50.83296203613281,6900,0.0,0.0,0.0
2020-07-15 00:00:00-04:00,50.81326211793527,50.901890053581354,50.81326211793527,50.88121032714844,18700,0.0,0.0,0.0
2020-07-16 00:00:00-04:00,50.85265685080447,50.91174339771788,50.85265685080447,50.89204788208008,4300,0.0,0.0,0.0
2020-07-17 00:00:00-04:00,50.89796831286381,50.91175480124471,50.85266824109672,50.8969841003418,22100,0.0,0.0,0.0
2020-07-20 00:00:00-04:00,50.813270862619156,50.8428160172759,50.780776827300556,50.7935791015625,40600,0.0,0.0,0.0
2020-07-21 00:00:00-04:00,50.78372920853734,50.862511278510404,50.78372920853734,50.81425857543945,15400,0.0,0.0,0.0
2020-07-22 00:00:00-04:00,50.813266520223415,50.862507188264686,50.813266520223415,50.83296203613281,11200,0.0,0.0,0.0
2020-07-23 00:00:00-04:00,50.81819525437594,50.84281559029381,50.813270435885194,50.82804489135742,15900,0.0,0.0,0.0
2020-07-24 00:00:00-04:00,50.85266145023347,50.931443519910225,50.813270415395095,50.82902908325195,32700,0.0,0.0,0.0
2020-07-27 00:00:00-04:00,50.80343613025057,50.83297753485392,50.80343613025057,50.81328201293945,12600,0.0,0.0,0.0
2020-07-28 00:00:00-04:00,50.84285964411313,50.84285964411313,50.76397054870492,50.830039978027344,15000,0.07,0.0,0.0
2020-07-29 00:00:00-04:00,50.83989487358797,50.89215908289516,50.813269994253275,50.85271453857422,10900,0.0,0.0,0.0
2020-07-30 00:00:00-04:00,50.86751027618382,50.91188633329374,50.832997236937956,50.90202331542969,13900,0.0,0.0,0.0
2020-07-31 00:00:00-04:00,50.85271832865906,50.941466679176266,50.8428590726634,50.916812896728516,27800,0.0,0.0,0.0
2020-08-03 00:00:00-04:00,50.91089960011456,50.95132593517192,50.872440602289444,50.916812896728516,9600,0.0,0.0,0.0
2020-08-04 00:00:00-04:00,50.9710497102555,50.98091272818076,50.916814396584094,50.9463996887207,18400,0.0,0.0,0.0
2020-08-05 00:00:00-04:00,51.01049544446184,51.04007697564691,50.823139477557575,50.931610107421875,122600,0.0,0.0,0.0
2020-08-06 00:00:00-04:00,50.952316747148025,50.98091272818076,50.90202363133538,50.9463996887207,20100,0.0,0.0,0.0
2020-08-07 00:00:00-04:00,50.95625333893609,50.971044102557556,50.902018031231506,50.93653106689453,9800,0.0,0.0,0.0
2020-08-10 00:00:00-04:00,50.98090711939772,50.98090711939772,50.93357441882574,50.93653106689453,16000,0.0,0.0,0.0
2020-08-11 00:00:00-04:00,50.9118931230865,50.921752380626266,50.883297138417575,50.89710235595703,14700,0.0,0.0,0.0
2020-08-12 00:00:00-04:00,50.842859529043,50.891177783297486,50.82806500245811,50.86356735229492,10100,0.0,0.0,0.0
2020-08-13 00:00:00-04:00,50.85764812515488,50.892161162436274,50.82313508787349,50.842857360839844,12500,0.0,0.0,0.0
2020-08-14 00:00:00-04:00,50.87243681073469,50.89215908289516,50.83003561832713,50.85271453857422,15900,0.0,0.0,0.0
2020-08-17 00:00:00-04:00,50.8724397317329,50.89216200502578,50.80341365602729,50.84778594970703,39900,0.0,0.0,0.0
2020-08-18 00:00:00-04:00,50.86061092960822,50.911889597855385,50.833000496441095,50.877376556396484,78400,0.0,0.0,0.0
2020-08-19 00:00:00-04:00,50.89116943002771,50.91187724988065,50.84285118370416,50.872432708740234,41600,0.0,0.0,0.0
2020-08-20 00:00:00-04:00,50.87243915504135,50.931605974249294,50.832994608902716,50.887229919433594,36200,0.0,0.0,0.0
2020-08-21 00:00:00-04:00,50.88920101824883,50.92174295689515,50.84285762625685,50.887229919433594,11400,0.0,0.0,0.0
2020-08-24 00:00:00-04:00,50.88230782718791,50.921752380626266,50.88230782718791,50.89710235595703,12400,0.0,0.0,0.0
2020-08-25 00:00:00-04:00,50.84476851176992,50.89709486211686,50.837857200110335,50.869449615478516,7300,0.065,0.0,0.0
2020-08-26 00:00:00-04:00,50.869453292623064,50.90697399656296,50.840821251732564,50.897098541259766,15000,0.0,0.0,0.0
2020-08-27 00:00:00-04:00,50.87734298345905,50.90202785125226,50.827977014254664,50.86253356933594,11900,0.0,0.0,0.0
2020-08-28 00:00:00-04:00,50.90202787935687,50.94645612175074,50.87734301155004,50.91189956665039,20400,0.0,0.0,0.0
2020-08-31 00:00:00-04:00,50.86747365393872,50.976081051051665,50.86747365393872,50.96620559692383,14400,0.0,0.0,0.0
2020-09-01 00:00:00-04:00,50.96619876594577,50.98594590517253,50.907947906651266,50.97607421875,69500,0.0,0.0,0.0
2020-09-02 00:00:00-04:00,50.99187881604996,50.995829751098256,50.926716635620494,50.961273193359375,6900,0.0,0.0,0.0
2020-09-03 00:00:00-04:00,51.01458253418661,51.05506360829073,50.94645621595109,51.035316467285156,39000,0.0,0.0,0.0
2020-09-04 00:00:00-04:00,50.916837293488165,50.97607871639535,50.901041087265725,50.91189956665039,26600,0.0,0.0,0.0
2020-09-08 00:00:00-04:00,50.877342091624655,50.95633065407269,50.877342091624655,50.90498733520508,20700,0.0,0.0,0.0
2020-09-09 00:00:00-04:00,50.92967545596814,50.96620559692383,50.91486604115859,50.96620559692383,8600,0.0,0.0,0.0
2020-09-10 00:00:00-04:00,50.95632930640491,50.96620099325886,50.92275954489053,50.931644439697266,5600,0.0,0.0,0.0
2020-09-11 00:00:00-04:00,50.96620715419185,51.03532026966961,50.926716635620494,50.961273193359375,33400,0.0,0.0,0.0
2020-09-14 00:00:00-04:00,50.95138935312112,50.99582135797676,50.93756673230056,50.97607421875,8100,0.0,0.0,0.0
2020-09-15 00:00:00-04:00,50.9859487607803,50.995824214137635,50.93658279313937,50.944480895996094,29400,0.0,0.0,0.0
2020-09-16 00:00:00-04:00,50.96126480592535,51.06493446207958,50.93262900589845,50.97607421875,29100,0.0,0.0,0.0
2020-09-17 00:00:00-04:00,50.98594590517253,51.005693044399294,50.956327079523234,50.97607421875,17400,0.0,0.0,0.0
2020-09-18 00:00:00-04:00,50.980027459587355,51.272279882022616,50.96028031800828,50.981014251708984,37800,0.0,0.0,0.0
2020-09-21 00:00:00-04:00,50.98594590517253,50.99582135797676,50.96619876594577,50.97607421875,22700,0.0,0.0,0.0
2020-09-22 00:00:00-04:00,50.97410583496094,50.993879020058664,50.96421735673736,50.97410583496094,17300,0.068,0.0,0.0
2020-09-23 00:00:00-04:00,50.96421432495117,50.9741028025865,50.92466795710828,50.96421432495117,25300,0.0,0.0,0.0
2020-09-24 00:00:00-04:00,50.95433122697088,50.95433122697088,50.93455804242532,50.94444274902344,13400,0.0,0.0,0.0
2020-09-25 00:00:00-04:00,50.943451275204445,50.95432784595507,50.93455466272153,50.93949890136719,13000,0.0,0.0,0.0
2020-09-28 00:00:00-04:00,50.95433264986321,50.97410583496094,50.934559464765485,50.97410583496094,9400,0.0,0.0,0.0
2020-09-29 00:00:00-04:00,50.95926198040572,50.98397939921321,50.95926198040572,50.97013854980469,4800,0.0,0.0,0.0
2020-09-30 00:00:00-04:00,50.96421090108316,50.98398408367621,50.934553012868065,50.959266662597656,10600,0.0,0.0,0.0
2020-10-01 00:00:00-04:00,50.959268704430755,50.98398612649969,50.927634628093536,50.93455505371094,19800,0.0,0.0,0.0
2020-10-02 00:00:00-04:00,50.93455223174021,51.0037564840801,50.92664371309407,50.969154357910156,16600,0.0,0.0,0.0
2020-10-05 00:00:00-04:00,50.953343133446005,50.964215933568994,50.904900151281645,50.94444274902344,5200,0.0,0.0,0.0
2020-10-06 00:00:00-04:00,50.929610424075875,50.98398573513083,50.89500829625446,50.93949890136719,12400,0.0,0.0,0.0
2020-10-07 00:00:00-04:00,50.93455726009408,50.99387681281965,50.90983983695445,50.95433044433594,28000,0.0,0.0,0.0
2020-10-08 00:00:00-04:00,50.89501435433122,50.97410709667984,50.89501435433122,50.95828628540039,7500,0.0,0.0,0.0
2020-10-09 00:00:00-04:00,50.974099073995546,50.98398377955863,50.95630207836327,50.96322250366211,15300,0.0,0.0,0.0
2020-10-12 00:00:00-04:00,50.96421515078223,51.211374296781514,50.92466878229852,50.95433044433594,39100,0.0,0.0,0.0
2020-10-13 00:00:00-04:00,50.98102201151199,51.01364418142196,50.951360350663215,50.979042053222656,16100,0.0,0.0,0.0
2020-10-14 00:00:00-04:00,51.01364418142196,51.09273691521987,50.96520120194294,50.979042053222656,21500,0.0,0.0,0.0
2020-10-15 00:00:00-04:00,50.963222026088324,51.013641189550555,50.89500586716059,50.969154357910156,23000,0.0,0.0,0.0
2020-10-16 00:00:00-04:00,50.981025434966796,51.00376290035344,50.96421653079889,50.98398971557617,9000,0.0,0.0,0.0
2020-10-19 00:00:00-04:00,50.91478325082216,51.00376069279407,50.91478325082216,50.96421432495117,29800,0.0,0.0,0.0
2020-10-20 00:00:00-04:00,50.95234788768736,50.98398573513083,50.93949890136719,50.93949890136719,116200,0.0,0.0,0.0
2020-10-21 00:00:00-04:00,50.924666576343725,50.96421294311436,50.90489716430751,50.93455505371094,4300,0.0,0.0,0.0
2020-10-22 00:00:00-04:00,50.94839889447228,50.964215933568994,50.93455804242532,50.94444274902344,11100,0.0,0.0,0.0
2020-10-23 00:00:00-04:00,50.948397286353696,50.970146657262525,50.93850880871837,50.96421432495117,12000,0.0,0.0,0.0
2020-10-26 00:00:00-04:00,50.93950370387728,50.983990541835084,50.924670986541905,50.97410583496094,5500,0.0,0.0,0.0
2020-10-27 00:00:00-04:00,50.95925404299216,51.00379270659455,50.93450782382887,50.993896484375,20300,0.06,0.0,0.0
2020-10-28 00:00:00-04:00,51.003797381664555,51.01369738053449,50.98400115966797,50.98400115966797,14200,0.0,0.0,0.0
2020-10-29 00:00:00-04:00,50.99390381690679,50.99390381690679,50.92164741406527,50.95431137084961,50500,0.0,0.0,0.0
2020-10-30 00:00:00-04:00,50.93352298789261,50.95331920978818,50.93352298789261,50.94441223144531,5900,0.0,0.0,0.0
2020-11-02 00:00:00-05:00,50.937486079534445,50.95827154711692,50.93451456945499,50.9394645690918,19100,0.0,0.0,0.0
2020-11-03 00:00:00-05:00,50.91670031454135,50.944414271156106,50.899871826171875,50.899871826171875,3600,0.0,0.0,0.0
2020-11-04 00:00:00-05:00,50.924608372803284,51.02160720252516,50.924608372803284,51.00873947143555,10100,0.0,0.0,0.0
2020-11-05 00:00:00-05:00,51.01370185817858,51.053294305646915,50.95926318684551,50.968170166015625,40400,0.0,0.0,0.0
2020-11-06 00:00:00-05:00,50.99390353526529,51.02953522622256,50.95827184430802,50.97905731201172,49500,0.0,0.0,0.0
2020-11-09 00:00:00-05:00,50.96420931325706,50.96420931325706,50.91471686981143,50.934513092041016,24300,0.0,0.0,0.0
2020-11-10 00:00:00-05:00,50.899872701456864,50.98400381752075,50.89393345697394,50.95431137084961,91800,0.0,0.0,0.0
2020-11-11 00:00:00-05:00,50.911747079102355,50.92461481181899,50.89491859180246,50.91471481323242,6000,0.0,0.0,0.0
2020-11-12 00:00:00-05:00,50.904819468959786,50.9939005790605,50.904819468959786,50.969154357910156,10800,0.0,0.0,0.0
2020-11-13 00:00:00-05:00,50.993896484375,50.993896484375,50.95430404401091,50.993896484375,16900,0.0,0.0,0.0
2020-11-16 00:00:00-05:00,50.965191468537796,50.9938946652678,50.965191468537796,50.980037689208984,8700,0.0,0.0,0.0
2020-11-17 00:00:00-05:00,51.01369620195969,51.03052091360929,51.00379620331848,51.01864242553711,13400,0.0,0.0,0.0
2020-11-18 00:00:00-05:00,51.03349074426953,51.10277562950547,50.99686603654263,51.007755279541016,41200,0.0,0.0,0.0
2020-11-19 00:00:00-05:00,50.99587908788883,51.04338926501014,50.99587908788883,51.03349304199219,18100,0.0,0.0,0.0
2020-11-20 00:00:00-05:00,51.013694445383756,51.0433868887986,50.98399822622585,51.03843688964844,25500,0.0,0.0,0.0
2020-11-23 00:00:00-05:00,51.03348781838735,51.03348781838735,50.97402996687408,51.00871276855469,15300,0.06,0.0,0.0
2020-11-24 00:00:00-05:00,51.053306153086595,51.053306153086595,50.998804068581485,51.01862335205078,11700,0.0,0.0,0.0
2020-11-25 00:00:00-05:00,51.028525832509544,51.073120160744345,51.00375456583813,51.03348159790039,14400,0.0,0.0,0.0
2020-11-27 00:00:00-05:00,51.04338789319772,51.078070689661956,51.04338789319772,51.048343658447266,4700,0.0,0.0,0.0
2020-11-30 00:00:00-05:00,51.049336875167306,51.112760089469056,51.03447335873898,51.08203887939453,16100,0.0,0.0,0.0
2020-12-01 00:00:00-05:00,51.0929379854106,51.15239204783998,51.03348014283992,51.048343658447266,35000,0.0,0.0,0.0
2020-12-02 00:00:00-05:00,51.07312774658203,51.07312774658203,51.0334891778506,51.07312774658203,21300,0.0,0.0,0.0
2020-12-03 00:00:00-05:00,51.0433906809327,51.10284852675068,51.0334829300338,51.09789276123047,28900,0.0,0.0,0.0
2020-12-04 00:00:00-05:00,51.06320717405461,51.07311870455371,51.03546093688322,51.048343658447266,11600,0.0,0.0,0.0
2020-12-07 00:00:00-05:00,51.03249398739,51.172215581881574,51.02357663331268,51.083030700683594,46600,0.0,0.0,0.0
2020-12-08 00:00:00-05:00,51.049193098582045,51.09994624934937,51.049193098582045,51.09397506713867,11100,0.216,0.0,0.0
2020-12-09 00:00:00-05:00,51.09894843618912,51.09894843618912,51.02929096973029,51.059146881103516,5600,0.0,0.0,0.0
2020-12-10 00:00:00-05:00,51.049200170127314,51.12881088256836,51.04223442259111,51.12881088256836,10700,0.0,0.0,0.0
2020-12-11 00:00:00-05:00,51.07905359604953,51.14871106801694,51.07905359604953,51.14771270751953,10100,0.0,0.0,0.0
2020-12-14 00:00:00-05:00,51.128808770763335,51.158660888671875,51.08900341618692,51.158660888671875,27300,0.0,0.0,0.0
2020-12-15 00:00:00-05:00,51.148710926465974,51.168609807503714,51.089002895210214,51.12283706665039,43600,0.0,0.0,0.0
2020-12-16 00:00:00-05:00,51.089003256382725,51.15866072864979,51.089003256382725,51.13378143310547,21100,0.0,0.0,0.0
2020-12-17 00:00:00-05:00,51.146721626306885,51.16861343383789,51.089006515902625,51.16861343383789,13900,0.0,0.0,0.0
2020-12-18 00:00:00-05:00,51.1437348297176,51.188513006580415,51.13875821138367,51.158660888671875,44900,0.0,0.0,0.0
2020-12-21 00:00:00-05:00,51.1736067950467,51.1736067950467,51.09989219659202,51.16364669799805,25700,0.055,0.0,0.0
2020-12-22 00:00:00-05:00,51.18356713804653,51.195518493652344,51.1646387748438,51.195518493652344,17200,0.0,0.0,0.0
2020-12-23 00:00:00-05:00,51.193527175280074,51.20349107173866,51.135750256227304,51.18854522705078,15400,0.0,0.0,0.0
2020-12-24 00:00:00-05:00,51.178584881378924,51.19751324446757,51.158660888671875,51.158660888671875,3800,0.0,0.0,0.0
2020-12-28 00:00:00-05:00,51.143715328695,51.20348730270758,51.123791337357474,51.19352340698242,21000,0.0,0.0,0.0
2020-12-29 00:00:00-05:00,51.16762183823236,51.21444302786991,51.16762183823236,51.19352340698242,10200,0.0,0.0,0.0
2020-12-30 00:00:00-05:00,51.21345163445518,51.24333572387695,51.21345163445518,51.24333572387695,20700,0.0,0.0,0.0
2020-12-31 00:00:00-05:00,51.243335816567416,51.27322370615635,51.243335816567416,51.253299713134766,28200,0.0,0.0,0.0
2021-01-04 00:00:00-05:00,51.24333572387695,51.24632641288699,51.21345163445518,51.24333572387695,8100,0.0,0.0,0.0
2021-01-05 00:00:00-05:00,51.26325959229921,51.26325959229921,51.21345151001292,51.2283935546875,9200,0.0,0.0,0.0
2021-01-06 00:00:00-05:00,51.18257135199378,51.18356698161513,51.123795003316445,51.17559814453125,12400,0.0,0.0,0.0
2021-01-07 00:00:00-05:00,51.123794851462804,51.163642836876896,51.123794851462804,51.158660888671875,13700,0.0,0.0,0.0
2021-01-08 00:00:00-05:00,51.173602886731935,51.173602886731935,51.15367889404297,51.15367889404297,7800,0.0,0.0,0.0
2021-01-11 00:00:00-05:00,51.07398647424115,51.13475408162909,51.07398647424115,51.12379455566406,11200,0.0,0.0,0.0
2021-01-12 00:00:00-05:00,51.10088744115731,51.12379832427587,51.09391423324181,51.11881637573242,11200,0.0,0.0,0.0
2021-01-13 00:00:00-05:00,51.11383086485867,51.14869689941406,51.11383086485867,51.14869689941406,15000,0.0,0.0,0.0
2021-01-14 00:00:00-05:00,51.12678529106589,51.163642587331985,51.12379460211224,51.12877655029297,32500,0.0,0.0,0.0
2021-01-15 00:00:00-05:00,51.13873688323343,51.163642824139295,51.13375873514269,51.15666961669922,9800,0.0,0.0,0.0
2021-01-19 00:00:00-05:00,51.13873338083242,51.19352340698242,51.13873338083242,51.19352340698242,16800,0.0,0.0,0.0
2021-01-20 00:00:00-05:00,51.17360310426855,51.19153583779877,51.16364300793825,51.178585052490234,30900,0.0,0.0,0.0
2021-01-21 00:00:00-05:00,51.17957699305743,51.21344739831995,51.15766174261999,51.19352340698242,13200,0.0,0.0,0.0
2021-01-22 00:00:00-05:00,51.17360332159355,51.2134513073101,51.17360332159355,51.2034912109375,11200,0.0,0.0,0.0
2021-01-25 00:00:00-05:00,51.173606872558594,51.19353086679941,51.15368287831778,51.173606872558594,17300,0.0,0.0,0.0
2021-01-26 00:00:00-05:00,51.173599415644894,51.21046050967008,51.173599415644894,51.19352340698242,44300,0.0,0.0,0.0
2021-01-27 00:00:00-05:00,51.20348730270758,51.20348730270758,51.18356331137005,51.19352340698242,17000,0.0,0.0,0.0
2021-01-28 00:00:00-05:00,51.173606872558594,51.19353086679941,51.173606872558594,51.173606872558594,139100,0.0,0.0,0.0
2021-01-29 00:00:00-05:00,51.1736028739888,51.193526866672805,51.15168762207031,51.15168762207031,6400,0.0,0.0,0.0
2021-02-01 00:00:00-05:00,51.20348730270758,51.20348730270758,51.123791337357474,51.19352340698242,48900,0.0,0.0,0.0
2021-02-02 00:00:00-05:00,51.20348730270758,51.20348730270758,51.16363932003252,51.19352340698242,11800,0.0,0.0,0.0
2021-02-03 00:00:00-05:00,51.1666262086824,51.19551466608234,51.16363932003252,51.19352340698242,5900,0.0,0.0,0.0
2021-02-04 00:00:00-05:00,51.17360327523004,51.20050047555869,51.16364317886647,51.198509216308594,51300,0.0,0.0,0.0
2021-02-05 00:00:00-05:00,51.163643303332854,51.223411481885854,51.163643303332854,51.21345138549805,13500,0.0,0.0,0.0
2021-02-08 00:00:00-05:00,51.2134511362502,51.2134511362502,51.17360315066675,51.18356704711914,10800,0.0,0.0,0.0
2021-02-09 00:00:00-05:00,51.24333547477455,51.24333547477455,51.17360339972066,51.21345138549805,27100,0.0,0.0,0.0
2021-02-10 00:00:00-05:00,51.19950514130394,51.233375549316406,51.19352756340608,51.233375549316406,16100,0.0,0.0,0.0
2021-02-11 00:00:00-05:00,51.22341534333685,51.243339337727505,51.20349514905957,51.21843719482422,19600,0.0,0.0,0.0
2021-02-12 00:00:00-05:00,51.213451339115075,51.22341143549386,51.20846939086914,51.20846939086914,5600,0.0,0.0,0.0
2021-02-16 00:00:00-05:00,51.173606547734515,51.173606547734515,51.13376235961914,51.13376235961914,19500,0.0,0.0,0.0
2021-02-17 00:00:00-05:00,51.08394669512073,51.15367876930554,51.08394669512073,51.138736724853516,17400,0.0,0.0,0.0
2021-02-18 00:00:00-05:00,51.083942931268,51.15367500031497,51.083942931268,51.143714904785156,7300,0.0,0.0,0.0
2021-02-19 00:00:00-05:00,51.15367088352583,51.15367088352583,51.093902714931495,51.10884475708008,14900,0.0,0.0,0.0
2021-02-22 00:00:00-05:00,51.04803396077665,51.063987872585905,51.0390625,51.0390625,15900,0.04,0.0,0.0
2021-02-23 00:00:00-05:00,51.00417283998435,51.0839309953948,51.00417283998435,51.07894515991211,11700,0.0,0.0,0.0
2021-02-24 00:00:00-05:00,51.024108746091635,51.09389522556813,50.98422967122567,51.049034118652344,18300,0.0,0.0,0.0
2021-02-25 00:00:00-05:00,50.97426292914282,51.18362237219324,50.8546257019043,50.8546257019043,53300,0.0,0.0,0.0
2021-02-26 00:00:00-05:00,50.82471550478463,50.94235610961914,50.82471550478463,50.94235610961914,47200,0.0,0.0,0.0
2021-03-01 00:00:00-05:00,51.004173369052374,51.004173369052374,50.95432642294287,50.989219665527344,25100,0.0,0.0,0.0
2021-03-02 00:00:00-05:00,51.014137331338794,51.034076868871644,50.97426205935101,51.00416946411133,19000,0.0,0.0,0.0
2021-03-03 00:00:00-05:00,51.00417362846892,51.00417362846892,50.925415681400004,50.94435501098633,44100,0.0,0.0,0.0
2021-03-04 00:00:00-05:00,50.959309677517744,50.99420291833497,50.894505228087176,50.90846252441406,8300,0.0,0.0,0.0
2021-03-05 00:00:00-05:00,50.82472184966086,50.89949417114258,50.82472184966086,50.89949417114258,10900,0.0,0.0,0.0
2021-03-08 00:00:00-05:00,50.864601550225395,50.864601550225395,50.78982922782927,50.79481506347656,39200,0.0,0.0,0.0
2021-03-09 00:00:00-05:00,50.83967199926898,50.870579614049554,50.83468996710919,50.8546257019043,17500,0.0,0.0,0.0
2021-03-10 00:00:00-05:00,50.80478245311753,50.90448014973265,50.80478245311753,50.874568939208984,29600,0.0,0.0,0.0
2021-03-11 00:00:00-05:00,50.890518832156246,50.9264084788711,50.86958288798275,50.90945816040039,28100,0.0,0.0,0.0
2021-03-12 00:00:00-05:00,50.81973642811136,50.854629671343346,50.818740021601634,50.829708099365234,8100,0.0,0.0,0.0
2021-03-15 00:00:00-04:00,50.83967596754082,50.86460134259722,50.809768559935776,50.829708099365234,17300,0.0,0.0,0.0
2021-03-16 00:00:00-04:00,50.832697318894425,50.87357280426308,50.82871169285551,50.829708099365234,5800,0.0,0.0,0.0
2021-03-17 00:00:00-04:00,50.799792575475,50.939365526103366,50.76489553474024,50.9144401550293,51200,0.0,0.0,0.0
2021-03-18 00:00:00-04:00,50.84466201071454,50.84466201071454,50.78484339218198,50.79481506347656,23600,0.0,0.0,0.0
2021-03-19 00:00:00-04:00,50.75493205748241,50.829704374093296,50.75493205748241,50.81475067138672,12400,0.0,0.0,0.0
2021-03-22 00:00:00-04:00,50.78484318487938,50.854629671343346,50.78484318487938,50.829708099365234,13600,0.0,0.0,0.0
2021-03-23 00:00:00-04:00,50.874565187944036,50.88453685840941,50.8247182448511,50.86459732055664,16000,0.0,0.0,0.0
2021-03-24 00:00:00-04:00,50.83469354706277,50.89750138440104,50.83469354706277,50.894508361816406,8700,0.0,0.0,0.0
2021-03-25 00:00:00-04:00,50.90448505200767,50.93840133716351,50.86956787109375,50.86956787109375,11300,0.035,0.0,0.0
2021-03-26 00:00:00-04:00,50.87954293649634,50.92942408019858,50.85958971787798,50.87455368041992,13900,0.0,0.0,0.0
2021-03-29 00:00:00-04:00,50.83963159165735,50.89949124173412,50.83963159165735,50.85958480834961,16800,0.0,0.0,0.0
2021-03-30 00:00:00-04:00,50.7897535359867,50.86956640760079,50.7897535359867,50.849613189697266,24900,0.0,0.0,0.0
2021-03-31 00:00:00-04:00,50.86856205534087,50.89949087298022,50.82965651790674,50.85459518432617,23400,0.0,0.0,0.0
2021-04-01 00:00:00-04:00,50.875550411518454,50.89949579596645,50.83963614053375,50.86956787109375,7100,0.0,0.0,0.0
2021-04-05 00:00:00-04:00,50.83963467790191,50.96932869143123,50.80471749799254,50.849613189697266,48900,0.0,0.0,0.0
2021-04-06 00:00:00-04:00,50.87455132942285,50.91744903491065,50.86756789351351,50.89450454711914,15200,0.0,0.0,0.0
2021-04-07 00:00:00-04:00,50.90946490532284,50.96932455417452,50.90946490532284,50.949371337890625,27700,0.0,0.0,0.0
2021-04-08 00:00:00-04:00,50.92942267069195,50.959354400634766,50.92942267069195,50.959354400634766,20000,0.0,0.0,0.0
2021-04-09 00:00:00-04:00,50.89849854405732,50.93441281492783,50.89849854405732,50.91944885253906,5400,0.0,0.0,0.0
2021-04-12 00:00:00-04:00,50.88951221383632,50.90946543032598,50.88951221383632,50.90447998046875,11700,0.0,0.0,0.0
2021-04-13 00:00:00-04:00,50.93939955995076,50.989280700683594,50.92942104839194,50.989280700683594,23100,0.0,0.0,0.0
2021-04-14 00:00:00-04:00,50.96234585041601,50.97730981259655,50.95935458025479,50.972320556640625,11300,0.0,0.0,0.0
2021-04-15 00:00:00-04:00,50.99925524739234,51.09902133423375,50.99925524739234,51.039161682128906,37800,0.0,0.0,0.0
2021-04-16 00:00:00-04:00,51.00923538208008,51.244678026555874,50.999256870234866,51.00923538208008,26100,0.0,0.0,0.0
2021-04-19 00:00:00-04:00,50.96533604448612,51.01920935174838,50.96433895445343,50.9992561340332,50100,0.0,0.0,0.0
2021-04-20 00:00:00-04:00,51.019207190185824,51.05412436828624,51.019207190185824,51.03217697143555,24300,0.0,0.0,0.0
2021-04-21 00:00:00-04:00,51.04115277545398,51.05611673615348,51.039158595543874,51.04913330078125,16800,0.0,0.0,0.0
2021-04-22 00:00:00-04:00,51.049135133681894,51.09902007872045,51.04614386370933,51.07407760620117,12400,0.0,0.0,0.0
2021-04-23 00:00:00-04:00,51.069088350559916,51.09902007872045,51.049135133681894,51.07407760620117,14600,0.0,0.0,0.0
2021-04-26 00:00:00-04:00,51.059106405556456,51.07408060489605,51.01917266845703,51.01917266845703,18100,0.035,0.0,0.0
2021-04-27 00:00:00-04:00,51.014180722832045,51.03414759166497,50.95428392462411,50.97425079345703,7400,0.0,0.0,0.0
2021-04-28 00:00:00-04:00,50.93431631331972,51.02216977324577,50.92533255537765,50.99421691894531,8300,0.0,0.0,0.0
2021-04-29 00:00:00-04:00,51.004196936652775,51.16293029980655,50.964263200753194,51.00918960571289,20100,0.0,0.0,0.0
2021-04-30 00:00:00-04:00,51.005193966693795,51.06409679753226,50.97424779721081,51.02915573120117,20900,0.0,0.0,0.0
2021-05-03 00:00:00-04:00,50.964264758425784,51.06409910122608,50.964264758425784,51.044132232666016,14000,0.0,0.0,0.0
2021-05-04 00:00:00-04:00,50.99021976802199,51.06409679753226,50.98422932689514,51.02915573120117,10100,0.0,0.0,0.0
2021-05-05 00:00:00-04:00,51.054112223182536,51.06409756130683,50.984230089475126,51.03414535522461,44500,0.0,0.0,0.0
2021-05-06 00:00:00-04:00,51.0840599056235,51.10402677330182,51.024163110879144,51.079071044921875,17800,0.0,0.0,0.0
2021-05-07 00:00:00-04:00,51.14396048107157,51.149950922200894,51.05411148071289,51.05411148071289,48900,0.0,0.0,0.0
2021-05-10 00:00:00-04:00,51.02416234190294,51.14395973787681,51.02416234190294,51.07407760620117,16800,0.0,0.0,0.0
2021-05-11 00:00:00-04:00,51.00419726922714,51.08406093325639,50.98423040114715,51.041133880615234,57800,0.0,0.0,0.0
2021-05-12 00:00:00-04:00,51.03414759166497,51.03414759166497,50.94429858606223,50.97425079345703,28400,0.0,0.0,0.0
2021-05-13 00:00:00-04:00,51.02416382539098,51.07407909114046,50.974248559641495,51.03414535522461,7900,0.0,0.0,0.0
2021-05-14 00:00:00-04:00,51.09404613205477,51.10402766192219,50.984230262059775,51.05012130737305,21400,0.0,0.0,0.0
2021-05-17 00:00:00-04:00,51.075075350397675,51.104025975177386,50.98422857926902,51.04911804199219,430700,0.0,0.0,0.0
2021-05-18 00:00:00-04:00,51.08405987806891,51.094045216047995,51.00419621568931,51.05411148071289,12300,0.0,0.0,0.0
2021-05-19 00:00:00-04:00,51.06409586013275,51.11301335209828,51.0081901550293,51.0081901550293,25500,0.0,0.0,0.0
2021-05-20 00:00:00-04:00,51.08406050250717,51.11401270851994,51.01517994940446,51.06808853149414,31200,0.0,0.0,0.0
2021-05-21 00:00:00-04:00,51.08506376200651,51.104029050098845,51.03314914207184,51.069087982177734,9500,0.0,0.0,0.0
2021-05-24 00:00:00-04:00,51.104048667952064,51.124027252197266,51.03412552835652,51.124027252197266,444200,0.03,0.0,0.0
2021-05-25 00:00:00-04:00,51.144007111643795,51.173973083496094,51.10404994215712,51.173973083496094,20000,0.0,0.0,0.0
2021-05-26 00:00:00-04:00,51.104049307449756,51.153993863425086,51.104049307449756,51.14900207519531,6800,0.0,0.0,0.0
2021-05-27 00:00:00-04:00,51.1340169287762,51.153995513916016,51.094063569022055,51.153995513916016,9400,0.0,0.0,0.0
2021-05-28 00:00:00-04:00,51.14400812660885,51.16398671174867,51.10804819756738,51.153995513916016,7600,0.0,0.0,0.0
2021-06-01 00:00:00-04:00,51.104047654079665,51.15399220843914,51.084069070230825,51.144004821777344,16600,0.0,0.0,0.0
2021-06-02 00:00:00-04:00,51.162987848386386,51.16398620605469,51.114037838436076,51.16398620605469,2300,0.0,0.0,0.0
2021-06-03 00:00:00-04:00,51.089066187399254,51.11703544351394,51.05510297489923,51.114036560058594,9500,0.0,0.0,0.0
2021-06-04 00:00:00-04:00,51.15399372894396,51.17397231338664,51.114036560058594,51.114036560058594,13400,0.0,0.0,0.0
2021-06-07 00:00:00-04:00,51.08207515094867,51.16398620605469,51.08207515094867,51.16398620605469,7800,0.0,0.0,0.0
2021-06-08 00:00:00-04:00,51.11503848385139,51.19395065307617,51.1140363156875,51.19395065307617,9100,0.0,0.0,0.0
2021-06-09 00:00:00-04:00,51.19894851536748,51.23391008688939,51.173974331198046,51.21692657470703,24600,0.0,0.0,0.0
2021-06-10 00:00:00-04:00,51.13401287445756,51.23390579223633,51.13401287445756,51.23390579223633,6000,0.0,0.0,0.0
2021-06-11 00:00:00-04:00,51.21892534595897,51.25388691628318,51.17896817686692,51.183963775634766,25000,0.0,0.0,0.0
2021-06-14 00:00:00-04:00,51.16398620605469,51.173973593263135,51.135018591572184,51.16398620605469,3500,0.0,0.0,0.0
2021-06-15 00:00:00-04:00,51.21393076314784,51.21393076314784,51.094063064019174,51.16398620605469,30800,0.0,0.0,0.0
2021-06-16 00:00:00-04:00,51.166979153028784,51.18396266426056,51.03312683105469,51.03312683105469,38900,0.0,0.0,0.0
2021-06-17 00:00:00-04:00,51.03412729709582,51.0441146843019,50.994170127220585,51.0141487121582,14000,0.0,0.0,0.0
2021-06-18 00:00:00-04:00,50.97419205174811,51.0141492220227,50.934238691999006,51.0041618347168,22800,0.0,0.0,0.0
2021-06-21 00:00:00-04:00,50.94422557013926,51.0141487121582,50.94422557013926,51.0141487121582,8900,0.0,0.0,0.0
2021-06-22 00:00:00-04:00,51.513604214656134,51.513604214656134,51.014151000389134,51.04411697387695,5000,0.0,0.0,0.0
2021-06-23 00:00:00-04:00,51.0740839608833,51.0740839608833,51.01414820666434,51.024139404296875,3000,0.0,0.0,0.0
2021-06-24 00:00:00-04:00,51.04312895141858,51.05212672406777,51.01214763762734,51.02214050292969,5800,0.028,0.0,0.0
2021-06-25 00:00:00-04:00,51.022138861074524,51.0241366715476,51.01214599609375,51.01214599609375,14100,0.0,0.0,0.0
2021-06-28 00:00:00-04:00,51.03213610607373,51.072111379056714,51.022139428366394,51.04113006591797,46600,0.0,0.0,0.0
2021-06-29 00:00:00-04:00,51.072110866338335,51.08210754394531,51.02213891614969,51.08210754394531,17100,0.0,0.0,0.0
2021-06-30 00:00:00-04:00,51.08210754394531,51.09210040893688,51.062118001346775,51.08210754394531,27800,0.0,0.0,0.0
2021-07-01 00:00:00-04:00,51.07210975298494,51.07210975298494,51.042127346048446,51.0521240234375,7000,0.0,0.0,0.0
2021-07-02 00:00:00-04:00,51.05212460794577,51.10209655761719,50.96317247871835,51.10209655761719,20600,0.0,0.0,0.0
2021-07-06 00:00:00-04:00,51.09209882162754,51.16006250182802,51.09209882162754,51.14207077026367,8600,0.0,0.0,0.0
2021-07-07 00:00:00-04:00,51.16206142795435,51.186050403896616,51.152068563055316,51.17205810546875,20800,0.0,0.0,0.0
2021-07-08 00:00:00-04:00,51.21203777463539,51.23302622251667,51.19204823199387,51.22203063964844,8000,0.0,0.0,0.0
2021-07-09 00:00:00-04:00,51.17205974708508,51.18205261230469,51.16206306924998,51.18205261230469,16100,0.0,0.0,0.0
2021-07-12 00:00:00-04:00,51.16705865088939,51.16705865088939,51.13207790558256,51.14207077026367,10500,0.0,0.0,0.0
2021-07-13 00:00:00-04:00,51.122088271950375,51.242021718780265,51.09010424024182,51.09210205078125,76100,0.0,0.0,0.0
2021-07-14 00:00:00-04:00,51.142073526195276,51.18205261230469,51.142073526195276,51.18205261230469,12400,0.0,0.0,0.0
2021-07-15 00:00:00-04:00,51.202042155359386,51.202042155359386,51.16206306924998,51.18205261230469,26500,0.0,0.0,0.0
2021-07-16 00:00:00-04:00,51.15206803472668,51.192047119140625,51.15206803472668,51.192047119140625,6100,0.0,0.0,0.0
2021-07-19 00:00:00-04:00,51.29499324506616,51.29499324506616,51.242020765832116,51.272003173828125,13200,0.0,0.0,0.0
2021-07-20 00:00:00-04:00,51.35196081548876,51.35196081548876,51.27200264483708,51.2919921875,30700,0.0,0.0,0.0
2021-07-21 00:00:00-04:00,51.262011367715324,51.263010272987096,51.232025146484375,51.232025146484375,20400,0.0,0.0,0.0
2021-07-22 00:00:00-04:00,51.252014186835474,51.301989950858136,51.24202132160024,51.28699493408203,10600,0.0,0.0,0.0
2021-07-23 00:00:00-04:00,51.25201418150254,51.28200040243612,51.25201418150254,51.279998779296875,35600,0.0,0.0,0.0
2021-07-26 00:00:00-04:00,51.290000915527344,51.290000915527344,51.2599983215332,51.27000045776367,42700,0.028,0.0,0.0
2021-07-27 00:00:00-04:00,51.33000183105469,51.33000183105469,51.29999923706055,51.310001373291016,13900,0.0,0.0,0.0
2021-07-28 00:00:00-04:00,51.310001373291016,51.31999969482422,51.25,51.31999969482422,9400,0.0,0.0,0.0
2021-07-29 00:00:00-04:00,51.28099822998047,51.305999755859375,51.279998779296875,51.29499816894531,10600,0.0,0.0,0.0
2021-07-30 00:00:00-04:00,51.310001373291016,51.3380012512207,51.310001373291016,51.31999969482422,4300,0.0,0.0,0.0
2021-08-02 00:00:00-04:00,51.56999969482422,51.56999969482422,51.349998474121094,51.369998931884766,31300,0.0,0.0,0.0
2021-08-03 00:00:00-04:00,51.39500045776367,51.459999084472656,51.369998931884766,51.380001068115234,41700,0.0,0.0,0.0
2021-08-04 00:00:00-04:00,51.41999816894531,51.43000030517578,51.220001220703125,51.36000061035156,19800,0.0,0.0,0.0
2021-08-05 00:00:00-04:00,51.310001373291016,51.314998626708984,51.209999084472656,51.29999923706055,53300,0.0,0.0,0.0
2021-08-06 00:00:00-04:00,51.25,51.27899932861328,51.2400016784668,51.2400016784668,41700,0.0,0.0,0.0
2021-08-09 00:00:00-04:00,51.2400016784668,51.24800109863281,51.209999084472656,51.21500015258789,25000,0.0,0.0,0.0
2021-08-10 00:00:00-04:00,51.220001220703125,51.220001220703125,51.16999816894531,51.17499923706055,30000,0.0,0.0,0.0
2021-08-11 00:00:00-04:00,51.18000030517578,51.220001220703125,51.18000030517578,51.220001220703125,7900,0.0,0.0,0.0
2021-08-12 00:00:00-04:00,51.21500015258789,51.220001220703125,51.20000076293945,51.20500183105469,4000,0.0,0.0,0.0
2021-08-13 00:00:00-04:00,51.244998931884766,51.249000549316406,51.22999954223633,51.2400016784668,9300,0.0,0.0,0.0
2021-08-16 00:00:00-04:00,51.279998779296875,51.30799865722656,51.279998779296875,51.28099822998047,4800,0.0,0.0,0.0
2021-08-17 00:00:00-04:00,51.29999923706055,51.29999923706055,51.25,51.2599983215332,9600,0.0,0.0,0.0
2021-08-18 00:00:00-04:00,51.257999420166016,51.2599983215332,51.21799850463867,51.22999954223633,13900,0.0,0.0,0.0
2021-08-19 00:00:00-04:00,51.2599983215332,51.26900100708008,51.22999954223633,51.22999954223633,14000,0.0,0.0,0.0
2021-08-20 00:00:00-04:00,51.25,51.257999420166016,51.237998962402344,51.2400016784668,1700,0.0,0.0,0.0
2021-08-23 00:00:00-04:00,51.220001220703125,51.24800109863281,51.220001220703125,51.22999954223633,10000,0.0,0.0,0.0
2021-08-24 00:00:00-04:00,51.5099983215332,51.5099983215332,51.209999084472656,51.224998474121094,15400,0.0,0.0,0.0
2021-08-25 00:00:00-04:00,51.20800018310547,51.20800018310547,51.15999984741211,51.15999984741211,10800,0.0,0.0,0.0
2021-08-26 00:00:00-04:00,51.15999984741211,51.16999816894531,51.150001525878906,51.15999984741211,8700,0.0,0.0,0.0
2021-08-27 00:00:00-04:00,51.150001525878906,51.229000091552734,51.150001525878906,51.220001220703125,51300,0.0,0.0,0.0
2021-08-30 00:00:00-04:00,51.220001220703125,51.257999420166016,51.220001220703125,51.25,12800,0.0,0.0,0.0
2021-08-31 00:00:00-04:00,51.2400016784668,51.277000427246094,51.150001525878906,51.20500183105469,181700,0.0,0.0,0.0
2021-09-01 00:00:00-04:00,51.29999923706055,51.349998474121094,51.185001373291016,51.209999084472656,70500,0.0,0.0,0.0
2021-09-02 00:00:00-04:00,51.220001220703125,51.2400016784668,51.209999084472656,51.22999954223633,31500,0.0,0.0,0.0
2021-09-03 00:00:00-04:00,51.229000091552734,51.22999954223633,51.20500183105469,51.220001220703125,9600,0.0,0.0,0.0
2021-09-07 00:00:00-04:00,51.150001525878906,51.1879997253418,51.150001525878906,51.17499923706055,15200,0.0,0.0,0.0
2021-09-08 00:00:00-04:00,51.20000076293945,51.220001220703125,51.18000030517578,51.20500183105469,17000,0.0,0.0,0.0
2021-09-09 00:00:00-04:00,51.21799850463867,51.25,51.20500183105469,51.22999954223633,29300,0.0,0.0,0.0
2021-09-10 00:00:00-04:00,51.22999954223633,51.22999954223633,51.20000076293945,51.20800018310547,44500,0.0,0.0,0.0
2021-09-13 00:00:00-04:00,51.20000076293945,51.24100112915039,51.099998474121094,51.220001220703125,167400,0.0,0.0,0.0
2021-09-14 00:00:00-04:00,51.2599983215332,51.2599983215332,51.2400016784668,51.244998931884766,34400,0.0,0.0,0.0
2021-09-15 00:00:00-04:00,51.2400016784668,51.2400016784668,51.209999084472656,51.224998474121094,9100,0.0,0.0,0.0
2021-09-16 00:00:00-04:00,51.189998626708984,51.20800018310547,51.150001525878906,51.194000244140625,16300,0.0,0.0,0.0
2021-09-17 00:00:00-04:00,51.154998779296875,51.15999984741211,51.150001525878906,51.154998779296875,24900,0.0,0.0,0.0
2021-09-20 00:00:00-04:00,51.150001525878906,51.20800018310547,51.150001525878906,51.18000030517578,12900,0.0,0.0,0.0
2021-09-21 00:00:00-04:00,51.20000076293945,51.220001220703125,51.189998626708984,51.20000076293945,14500,0.0,0.0,0.0
2021-09-22 00:00:00-04:00,51.20000076293945,51.209999084472656,51.154998779296875,51.17499923706055,13200,0.0,0.0,0.0
2021-09-23 00:00:00-04:00,51.13999938964844,51.13999938964844,51.099998474121094,51.10499954223633,10100,0.0,0.0,0.0
2021-09-24 00:00:00-04:00,51.040000915527344,51.040000915527344,50.99100112915039,51.016998291015625,73200,0.0,0.0,0.0
2021-09-27 00:00:00-04:00,51.0,51.02000045776367,50.97999954223633,51.0,86200,0.0,0.0,0.0
2021-09-28 00:00:00-04:00,50.95000076293945,50.9900016784668,50.93000030517578,50.959999084472656,100600,0.0,0.0,0.0
2021-09-29 00:00:00-04:00,51.0,51.0099983215332,50.974998474121094,50.974998474121094,10600,0.0,0.0,0.0
2021-09-30 00:00:00-04:00,50.974998474121094,51.029998779296875,50.97200012207031,51.0099983215332,16200,0.0,0.0,0.0
2021-10-01 00:00:00-04:00,51.060001373291016,51.099998474121094,51.047000885009766,51.084999084472656,16000,0.0,0.0,0.0
2021-10-04 00:00:00-04:00,51.06999969482422,51.07899856567383,50.970001220703125,51.06999969482422,163600,0.0,0.0,0.0
2021-10-05 00:00:00-04:00,51.0369987487793,51.04999923706055,51.00899887084961,51.00899887084961,9400,0.0,0.0,0.0
2021-10-06 00:00:00-04:00,51.02000045776367,51.02000045776367,50.9900016784668,51.005001068115234,21400,0.0,0.0,0.0
2021-10-07 00:00:00-04:00,50.98899841308594,50.99599838256836,50.95000076293945,50.96500015258789,26300,0.0,0.0,0.0
2021-10-08 00:00:00-04:00,50.970001220703125,50.970001220703125,50.888999938964844,50.93000030517578,34700,0.0,0.0,0.0
2021-10-11 00:00:00-04:00,50.979000091552734,50.979000091552734,50.702999114990234,50.814998626708984,5800,0.0,0.0,0.0
2021-10-12 00:00:00-04:00,50.75,50.93000030517578,50.75,50.93000030517578,17000,0.0,0.0,0.0
2021-10-13 00:00:00-04:00,50.92599868774414,50.959999084472656,50.849998474121094,50.89500045776367,26500,0.0,0.0,0.0
2021-10-14 00:00:00-04:00,50.95000076293945,50.959999084472656,50.93199920654297,50.959999084472656,4300,0.0,0.0,0.0
2021-10-15 00:00:00-04:00,50.849998474121094,50.974998474121094,50.849998474121094,50.974998474121094,21800,0.0,0.0,0.0
2021-10-18 00:00:00-04:00,50.89500045776367,51.01100158691406,50.702999114990234,50.82500076293945,10900,0.0,0.0,0.0
2021-10-19 00:00:00-04:00,51.099998474121094,51.099998474121094,50.75,50.75,5600,0.0,0.0,0.0
2021-10-20 00:00:00-04:00,50.79999923706055,50.94200134277344,50.70000076293945,50.790000915527344,28600,0.0,0.0,0.0
2021-10-21 00:00:00-04:00,50.72999954223633,50.85900115966797,50.61000061035156,50.72999954223633,22900,0.0,0.0,0.0
2021-10-22 00:00:00-04:00,50.72999954223633,50.72999954223633,50.619998931884766,50.67499923706055,4700,0.0,0.0,0.0
2021-10-25 00:00:00-04:00,50.59000015258789,50.84400177001953,50.59000015258789,50.7400016784668,14900,0.0,0.0,0.0
2021-10-26 00:00:00-04:00,50.720001220703125,50.7599983215332,50.70399856567383,50.73500061035156,7300,0.0,0.0,0.0
2021-10-27 00:00:00-04:00,50.790000915527344,50.790000915527344,50.709999084472656,50.76499938964844,33600,0.0,0.0,0.0
2021-10-28 00:00:00-04:00,50.722999572753906,50.77799987792969,50.72200012207031,50.744998931884766,8500,0.0,0.0,0.0
2021-10-29 00:00:00-04:00,50.676998138427734,50.775001525878906,50.676998138427734,50.76300048828125,2500,0.0,0.0,0.0
2021-11-01 00:00:00-04:00,50.68000030517578,50.779998779296875,50.68000030517578,50.75,55400,0.0,0.0,0.0
2021-11-02 00:00:00-04:00,50.779998779296875,50.79999923706055,50.779998779296875,50.79499816894531,15300,0.0,0.0,0.0
2021-11-03 00:00:00-04:00,50.79999923706055,50.79999923706055,50.733001708984375,50.78900146484375,12800,0.0,0.0,0.0
2021-11-04 00:00:00-04:00,50.79999923706055,50.900001525878906,50.79999923706055,50.87900161743164,12100,0.0,0.0,0.0
2021-11-05 00:00:00-04:00,50.88999938964844,50.970001220703125,50.86000061035156,50.95000076293945,3900,0.0,0.0,0.0
2021-11-08 00:00:00-05:00,50.87699890136719,50.900001525878906,50.84000015258789,50.86199951171875,6700,0.0,0.0,0.0
2021-11-09 00:00:00-05:00,50.92599868774414,50.93000030517578,50.888999938964844,50.904998779296875,13700,0.0,0.0,0.0
2021-11-10 00:00:00-05:00,50.78799819946289,50.78799819946289,50.70500183105469,50.709999084472656,36200,0.0,0.0,0.0
2021-11-11 00:00:00-05:00,50.66999816894531,50.70000076293945,50.619998931884766,50.650001525878906,18700,0.0,0.0,0.0
2021-11-12 00:00:00-05:00,50.720001220703125,50.720001220703125,50.61000061035156,50.685001373291016,11600,0.0,0.0,0.0
2021-11-15 00:00:00-05:00,50.65999984741211,50.685001373291016,50.61000061035156,50.63999938964844,95600,0.0,0.0,0.0
2021-11-16 00:00:00-05:00,50.63999938964844,50.667999267578125,50.60100173950195,50.630001068115234,19700,0.0,0.0,0.0
2021-11-17 00:00:00-05:00,50.61000061035156,50.689998626708984,50.61000061035156,50.65999984741211,44000,0.0,0.0,0.0
2021-11-18 00:00:00-05:00,50.654998779296875,50.68000030517578,50.652000427246094,50.66999816894531,39200,0.0,0.0,0.0
2021-11-19 00:00:00-05:00,50.75,50.75,50.665000915527344,50.67499923706055,12300,0.0,0.0,0.0
2021-11-22 00:00:00-05:00,50.56999969482422,50.61899948120117,50.53099822998047,50.54999923706055,6900,0.0,0.0,0.0
2021-11-23 00:00:00-05:00,50.47999954223633,50.52000045776367,50.459999084472656,50.48500061035156,17900,0.0,0.0,0.0
2021-11-24 00:00:00-05:00,50.4900016784668,50.4900016784668,50.439998626708984,50.470001220703125,8700,0.0,0.0,0.0
2021-11-26 00:00:00-05:00,50.62099838256836,50.64500045776367,50.611000061035156,50.62799835205078,1900,0.0,0.0,0.0
2021-11-29 00:00:00-05:00,50.61000061035156,50.70000076293945,50.58399963378906,50.70000076293945,20100,0.0,0.0,0.0
2021-11-30 00:00:00-05:00,50.76499938964844,50.790000915527344,50.61000061035156,50.68000030517578,123600,0.0,0.0,0.0
2021-12-01 00:00:00-05:00,50.59400177001953,50.63999938964844,50.540000915527344,50.63999938964844,55200,0.0,0.0,0.0
2021-12-02 00:00:00-05:00,50.599998474121094,50.63999938964844,50.54999923706055,50.58000183105469,23600,0.0,0.0,0.0
2021-12-03 00:00:00-05:00,50.599998474121094,50.720001220703125,50.573001861572266,50.67499923706055,11700,0.0,0.0,0.0
2021-12-06 00:00:00-05:00,50.61000061035156,50.65399932861328,50.540000915527344,50.55500030517578,58000,0.0,0.0,0.0
2021-12-07 00:00:00-05:00,50.5099983215332,50.525001525878906,50.47999954223633,50.48500061035156,113500,0.0,0.0,0.0
2021-12-08 00:00:00-05:00,50.470001220703125,50.470001220703125,50.439998626708984,50.46500015258789,8100,0.0,0.0,0.0
2021-12-09 00:00:00-05:00,50.47999954223633,50.53900146484375,50.47999954223633,50.49599838256836,4600,0.0,0.0,0.0
2021-12-10 00:00:00-05:00,50.540000915527344,50.54999923706055,50.500999450683594,50.52000045776367,3900,0.0,0.0,0.0
2021-12-13 00:00:00-05:00,50.5,50.59000015258789,50.5,50.54999923706055,8600,0.0,0.0,0.0
2021-12-14 00:00:00-05:00,50.50699996948242,50.54899978637695,50.505001068115234,50.529998779296875,5100,0.0,0.0,0.0
2021-12-15 00:00:00-05:00,50.529998779296875,50.56999969482422,50.47999954223633,50.51599884033203,19100,0.0,0.0,0.0
2021-12-16 00:00:00-05:00,50.61000061035156,50.630001068115234,50.599998474121094,50.61399841308594,7500,0.0,0.0,0.0
2021-12-17 00:00:00-05:00,50.67900085449219,50.68000030517578,50.599998474121094,50.625,7800,0.0,0.0,0.0
2021-12-20 00:00:00-05:00,50.650001525878906,50.650001525878906,50.599998474121094,50.625,13900,0.0,0.0,0.0
2021-12-21 00:00:00-05:00,50.56800079345703,50.61000061035156,50.547000885009766,50.60300064086914,28600,0.0,0.0,0.0
2021-12-22 00:00:00-05:00,50.584999084472656,50.584999084472656,50.54999923706055,50.5620002746582,17200,0.0,0.0,0.0
2021-12-23 00:00:00-05:00,50.560001373291016,50.59000015258789,50.529998779296875,50.54499816894531,24700,0.0,0.0,0.0
2021-12-27 00:00:00-05:00,50.499000549316406,50.5099983215332,50.4900016784668,50.494998931884766,12600,0.0,0.0,0.0
2021-12-28 00:00:00-05:00,50.52000045776367,50.56399917602539,50.400001525878906,50.52000045776367,28300,0.0,0.0,0.0
2021-12-29 00:00:00-05:00,50.505001068115234,50.52000045776367,50.46200180053711,50.470001220703125,122200,0.0,0.0,0.0
2021-12-30 00:00:00-05:00,50.494998931884766,50.52000045776367,50.45500183105469,50.5099983215332,11200,0.0,0.0,0.0
2021-12-31 00:00:00-05:00,50.52000045776367,50.56999969482422,50.40999984741211,50.52000045776367,16900,0.0,0.0,0.0
2022-01-03 00:00:00-05:00,50.41999816894531,50.439998626708984,50.39500045776367,50.41999816894531,10800,0.0,0.0,0.0
2022-01-04 00:00:00-05:00,50.415000915527344,50.444000244140625,50.39099884033203,50.444000244140625,10200,0.0,0.0,0.0
2022-01-05 00:00:00-05:00,50.435001373291016,50.439998626708984,50.29999923706055,50.334999084472656,85100,0.0,0.0,0.0
2022-01-06 00:00:00-05:00,50.250999450683594,50.290000915527344,50.2400016784668,50.2599983215332,20800,0.0,0.0,0.0
2022-01-07 00:00:00-05:00,50.224998474121094,50.2400016784668,50.189998626708984,50.19499969482422,11800,0.0,0.0,0.0
2022-01-10 00:00:00-05:00,50.119998931884766,50.189998626708984,50.09000015258789,50.14500045776367,86800,0.0,0.0,0.0
2022-01-11 00:00:00-05:00,50.099998474121094,50.189998626708984,50.099998474121094,50.189998626708984,11200,0.0,0.0,0.0
2022-01-12 00:00:00-05:00,50.20500183105469,50.220001220703125,50.18000030517578,50.19499969482422,1600,0.0,0.0,0.0
2022-01-13 00:00:00-05:00,50.14400100708008,50.15999984741211,50.06999969482422,50.154998779296875,48300,0.0,0.0,0.0
2022-01-14 00:00:00-05:00,50.1510009765625,50.17499923706055,50.099998474121094,50.108001708984375,4100,0.0,0.0,0.0
2022-01-18 00:00:00-05:00,49.9900016784668,50.018001556396484,49.93000030517578,49.94499969482422,21300,0.0,0.0,0.0
2022-01-19 00:00:00-05:00,49.9900016784668,50.0099983215332,49.90999984741211,49.98099899291992,67800,0.0,0.0,0.0
2022-01-20 00:00:00-05:00,49.97999954223633,50.02000045776367,49.95500183105469,49.95500183105469,16800,0.0,0.0,0.0
2022-01-21 00:00:00-05:00,50.064998626708984,50.08000183105469,50.0,50.05500030517578,43100,0.0,0.0,0.0
2022-01-24 00:00:00-05:00,50.02000045776367,50.13999938964844,50.02000045776367,50.099998474121094,25600,0.0,0.0,0.0
2022-01-25 00:00:00-05:00,50.0880012512207,50.0880012512207,50.0099983215332,50.0260009765625,9100,0.0,0.0,0.0
2022-01-26 00:00:00-05:00,50.060001373291016,50.08000183105469,49.85100173950195,49.875,94900,0.0,0.0,0.0
2022-01-27 00:00:00-05:00,49.869998931884766,49.87699890136719,49.83399963378906,49.86600112915039,12800,0.0,0.0,0.0
2022-01-28 00:00:00-05:00,49.84400177001953,49.90800094604492,49.84400177001953,49.88999938964844,12700,0.0,0.0,0.0
2022-01-31 00:00:00-05:00,49.849998474121094,49.880001068115234,49.849998474121094,49.880001068115234,3500,0.0,0.0,0.0
2022-02-01 00:00:00-05:00,49.90800094604492,49.91999816894531,49.869998931884766,49.8849983215332,4600,0.0,0.0,0.0
2022-02-02 00:00:00-05:00,49.939998626708984,49.959999084472656,49.90999984741211,49.91999816894531,8600,0.0,0.0,0.0
2022-02-03 00:00:00-05:00,49.86000061035156,49.86000061035156,49.83000183105469,49.845001220703125,5100,0.0,0.0,0.0
2022-02-04 00:00:00-05:00,49.689998626708984,49.689998626708984,49.63999938964844,49.63999938964844,13100,0.0,0.0,0.0
2022-02-07 00:00:00-05:00,49.66999816894531,49.70000076293945,49.63999938964844,49.68000030517578,25900,0.0,0.0,0.0
2022-02-08 00:00:00-05:00,49.650001525878906,49.67499923706055,49.59000015258789,49.630001068115234,11500,0.0,0.0,0.0
2022-02-09 00:00:00-05:00,49.67100143432617,49.68000030517578,49.58000183105469,49.6150016784668,27300,0.0,0.0,0.0
2022-02-10 00:00:00-05:00,49.5099983215332,49.5099983215332,49.308998107910156,49.308998107910156,8600,0.0,0.0,0.0
2022-02-11 00:00:00-05:00,49.36000061035156,49.470001220703125,49.31999969482422,49.470001220703125,15200,0.0,0.0,0.0
2022-02-14 00:00:00-05:00,49.31999969482422,49.362998962402344,49.310001373291016,49.33599853515625,5000,0.0,0.0,0.0
2022-02-15 00:00:00-05:00,49.28099822998047,49.37099838256836,49.28099822998047,49.37099838256836,22500,0.0,0.0,0.0
2022-02-16 00:00:00-05:00,49.374000549316406,49.380001068115234,49.33000183105469,49.375,3100,0.0,0.0,0.0
2022-02-17 00:00:00-05:00,49.44499969482422,49.5,49.400001525878906,49.459999084472656,21200,0.0,0.0,0.0
2022-02-18 00:00:00-05:00,49.529998779296875,49.529998779296875,49.45000076293945,49.474998474121094,9200,0.0,0.0,0.0
2022-02-22 00:00:00-05:00,49.41999816894531,49.41999816894531,49.31999969482422,49.380001068115234,9500,0.0,0.0,0.0
2022-02-23 00:00:00-05:00,49.29899978637695,49.31800079345703,49.29100036621094,49.29999923706055,5700,0.0,0.0,0.0
2022-02-24 00:00:00-05:00,49.349998474121094,49.439998626708984,49.310001373291016,49.340999603271484,25100,0.0,0.0,0.0
2022-02-25 00:00:00-05:00,49.29999923706055,49.31999969482422,49.22999954223633,49.29999923706055,104400,0.0,0.0,0.0
2022-02-28 00:00:00-05:00,49.47999954223633,49.52000045776367,49.470001220703125,49.5099983215332,13100,0.0,0.0,0.0
2022-03-01 00:00:00-05:00,49.68000030517578,49.77399826049805,49.68000030517578,49.70000076293945,36400,0.0,0.0,0.0
2022-03-02 00:00:00-05:00,49.57500076293945,49.57500076293945,49.43299865722656,49.43299865722656,26800,0.0,0.0,0.0
2022-03-03 00:00:00-05:00,49.4109992980957,49.45000076293945,49.40999984741211,49.43000030517578,9900,0.0,0.0,0.0
2022-03-04 00:00:00-05:00,49.52000045776367,49.599998474121094,49.52000045776367,49.54499816894531,18800,0.0,0.0,0.0
2022-03-07 00:00:00-05:00,49.43000030517578,49.5,49.41999816894531,49.439998626708984,17700,0.0,0.0,0.0
2022-03-08 00:00:00-05:00,49.310001373291016,49.34000015258789,49.220001220703125,49.290000915527344,10800,0.0,0.0,0.0
2022-03-09 00:00:00-05:00,49.15999984741211,49.25,49.15999984741211,49.20500183105469,5300,0.0,0.0,0.0
2022-03-10 00:00:00-05:00,49.11000061035156,49.150001525878906,49.08000183105469,49.10599899291992,4200,0.0,0.0,0.0
2022-03-11 00:00:00-05:00,49.060001373291016,49.11899948120117,49.040000915527344,49.060001373291016,9100,0.0,0.0,0.0
2022-03-14 00:00:00-04:00,48.91999816894531,48.95000076293945,48.82099914550781,48.84000015258789,5900,0.0,0.0,0.0
2022-03-15 00:00:00-04:00,48.93000030517578,48.93000030517578,48.81999969482422,48.875,2800,0.0,0.0,0.0
2022-03-16 00:00:00-04:00,48.84600067138672,48.880001068115234,48.70399856567383,48.81700134277344,5200,0.0,0.0,0.0
2022-03-17 00:00:00-04:00,48.869998931884766,48.869998931884766,48.810001373291016,48.810001373291016,9400,0.0,0.0,0.0
2022-03-18 00:00:00-04:00,48.790000915527344,48.8650016784668,48.790000915527344,48.86000061035156,40100,0.0,0.0,0.0
2022-03-21 00:00:00-04:00,48.7400016784668,48.75,48.58000183105469,48.58000183105469,26700,0.0,0.0,0.0
2022-03-22 00:00:00-04:00,48.518001556396484,48.560001373291016,48.518001556396484,48.55500030517578,4000,0.0,0.0,0.0
2022-03-23 00:00:00-04:00,48.61000061035156,48.66999816894531,48.555999755859375,48.6349983215332,17700,0.0,0.0,0.0
2022-03-24 00:00:00-04:00,48.54999923706055,48.61000061035156,48.54999923706055,48.60499954223633,9800,0.0,0.0,0.0
2022-03-25 00:00:00-04:00,48.47999954223633,48.47999954223633,48.279998779296875,48.33000183105469,12600,0.0,0.0,0.0
2022-03-28 00:00:00-04:00,48.27000045776367,48.31999969482422,48.2599983215332,48.290000915527344,19100,0.0,0.0,0.0
2022-03-29 00:00:00-04:00,48.290000915527344,48.400001525878906,48.290000915527344,48.393001556396484,19500,0.0,0.0,0.0
2022-03-30 00:00:00-04:00,48.388999938964844,48.4739990234375,48.38399887084961,48.45500183105469,8100,0.0,0.0,0.0
2022-03-31 00:00:00-04:00,48.470001220703125,48.50400161743164,48.470001220703125,48.47999954223633,18300,0.0,0.0,0.0
2022-04-01 00:00:00-04:00,48.2599983215332,48.375999450683594,48.25,48.31399917602539,5100,0.0,0.0,0.0
2022-04-04 00:00:00-04:00,48.327999114990234,48.327999114990234,48.27000045776367,48.310001373291016,15800,0.0,0.0,0.0
2022-04-05 00:00:00-04:00,48.323001861572266,48.323001861572266,48.13999938964844,48.18000030517578,24800,0.0,0.0,0.0
2022-04-06 00:00:00-04:00,48.06999969482422,48.15999984741211,48.06999969482422,48.10499954223633,14900,0.0,0.0,0.0
2022-04-07 00:00:00-04:00,48.189998626708984,48.25400161743164,48.15999984741211,48.198001861572266,23400,0.0,0.0,0.0
2022-04-08 00:00:00-04:00,48.11000061035156,48.14500045776367,48.02000045776367,48.029998779296875,26200,0.0,0.0,0.0
2022-04-11 00:00:00-04:00,48.02000045776367,48.06999969482422,48.02000045776367,48.0369987487793,17600,0.0,0.0,0.0
2022-04-12 00:00:00-04:00,48.20500183105469,48.22999954223633,48.18000030517578,48.20000076293945,28500,0.0,0.0,0.0
2022-04-13 00:00:00-04:00,48.32500076293945,48.345001220703125,48.25,48.25,7500,0.0,0.0,0.0
2022-04-14 00:00:00-04:00,48.189998626708984,48.189998626708984,48.0989990234375,48.125,2800,0.0,0.0,0.0
2022-04-18 00:00:00-04:00,48.106998443603516,48.132999420166016,47.9900016784668,48.064998626708984,24100,0.0,0.0,0.0
2022-04-19 00:00:00-04:00,47.95000076293945,47.97999954223633,47.8849983215332,47.8849983215332,10800,0.0,0.0,0.0
2022-04-20 00:00:00-04:00,47.93000030517578,47.959999084472656,47.93000030517578,47.93000030517578,8700,0.0,0.0,0.0
2022-04-21 00:00:00-04:00,47.869998931884766,47.887001037597656,47.77000045776367,47.79499816894531,8800,0.0,0.0,0.0
2022-04-22 00:00:00-04:00,47.68000030517578,47.81999969482422,47.68000030517578,47.790000915527344,14300,0.0,0.0,0.0
2022-04-25 00:00:00-04:00,47.81999969482422,47.965999603271484,47.81999969482422,47.880001068115234,17800,0.0,0.0,0.0
2022-04-26 00:00:00-04:00,48.000999450683594,48.0099983215332,47.97999954223633,48.0,11400,0.0,0.0,0.0
2022-04-27 00:00:00-04:00,48.02000045776367,48.0629997253418,47.959999084472656,47.959999084472656,10000,0.0,0.0,0.0
2022-04-28 00:00:00-04:00,47.90999984741211,47.90999984741211,47.86000061035156,47.8849983215332,6800,0.0,0.0,0.0
2022-04-29 00:00:00-04:00,47.79999923706055,47.834999084472656,47.77000045776367,47.78499984741211,4600,0.0,0.0,0.0
2022-05-02 00:00:00-04:00,47.70000076293945,47.724998474121094,47.30400085449219,47.654998779296875,195300,0.0,0.0,0.0
2022-05-03 00:00:00-04:00,47.72999954223633,47.72999954223633,47.58000183105469,47.67900085449219,37000,0.0,0.0,0.0
2022-05-04 00:00:00-04:00,47.630001068115234,47.88999938964844,47.630001068115234,47.88999938964844,6700,0.0,0.0,0.0
2022-05-05 00:00:00-04:00,47.7599983215332,47.7599983215332,47.672000885009766,47.724998474121094,16800,0.0,0.0,0.0
2022-05-06 00:00:00-04:00,47.75,47.755001068115234,47.689998626708984,47.69499969482422,12200,0.0,0.0,0.0
2022-05-09 00:00:00-04:00,47.76300048828125,47.85599899291992,47.75,47.85599899291992,20000,0.0,0.0,0.0
2022-05-10 00:00:00-04:00,47.92300033569336,47.935001373291016,47.84000015258789,47.875,15200,0.0,0.0,0.0
2022-05-11 00:00:00-04:00,47.779998779296875,47.900001525878906,47.779998779296875,47.880001068115234,13800,0.0,0.0,0.0
2022-05-12 00:00:00-04:00,47.84000015258789,48.0,47.834999084472656,47.98500061035156,17100,0.0,0.0,0.0
2022-05-13 00:00:00-04:00,47.88100051879883,47.939998626708984,47.869998931884766,47.88999938964844,33100,0.0,0.0,0.0
2022-05-16 00:00:00-04:00,47.95000076293945,48.01300048828125,47.93000030517578,47.95500183105469,28300,0.0,0.0,0.0
2022-05-17 00:00:00-04:00,47.83000183105469,47.85499954223633,47.779998779296875,47.790000915527344,14100,0.0,0.0,0.0
2022-05-18 00:00:00-04:00,47.77799987792969,47.858001708984375,47.77799987792969,47.82400131225586,10700,0.0,0.0,0.0
2022-05-19 00:00:00-04:00,47.939998626708984,47.97999954223633,47.900001525878906,47.91999816894531,23200,0.0,0.0,0.0
2022-05-20 00:00:00-04:00,47.95100021362305,47.97999954223633,47.95000076293945,47.959999084472656,19900,0.0,0.0,0.0
2022-05-23 00:00:00-04:00,47.96099853515625,47.96799850463867,47.84000015258789,47.90999984741211,14500,0.0,0.0,0.0
2022-05-24 00:00:00-04:00,47.95000076293945,48.06399917602539,47.95000076293945,48.040000915527344,15800,0.0,0.0,0.0
2022-05-25 00:00:00-04:00,48.13600158691406,48.14400100708008,48.08000183105469,48.14400100708008,62200,0.0,0.0,0.0
2022-05-26 00:00:00-04:00,48.220001220703125,48.220001220703125,48.13999938964844,48.14899826049805,7200,0.0,0.0,0.0
2022-05-27 00:00:00-04:00,48.19599914550781,48.19599914550781,48.15999984741211,48.17499923706055,2200,0.0,0.0,0.0
2022-05-31 00:00:00-04:00,48.025001525878906,48.06800079345703,48.025001525878906,48.060001373291016,6400,0.0,0.0,0.0
2022-06-01 00:00:00-04:00,47.904998779296875,47.904998779296875,47.869998931884766,47.88999938964844,3500,0.0,0.0,0.0
2022-06-02 00:00:00-04:00,47.87799835205078,47.93000030517578,47.87799835205078,47.915000915527344,13500,0.0,0.0,0.0
2022-06-03 00:00:00-04:00,47.900001525878906,47.900001525878906,47.86000061035156,47.874000549316406,19300,0.0,0.0,0.0
2022-06-06 00:00:00-04:00,47.82500076293945,47.82500076293945,47.7599983215332,47.779998779296875,16500,0.0,0.0,0.0
2022-06-07 00:00:00-04:00,47.79999923706055,47.82699966430664,47.790000915527344,47.81999969482422,5900,0.0,0.0,0.0
2022-06-08 00:00:00-04:00,47.77000045776367,47.79499816894531,47.755001068115234,47.755001068115234,4800,0.0,0.0,0.0
2022-06-09 00:00:00-04:00,47.709999084472656,47.709999084472656,47.6870002746582,47.68899917602539,7900,0.0,0.0,0.0
2022-06-10 00:00:00-04:00,47.5099983215332,47.5099983215332,47.40999984741211,47.40999984741211,5100,0.0,0.0,0.0
2022-06-13 00:00:00-04:00,47.11000061035156,47.16999816894531,46.93000030517578,46.987998962402344,9700,0.0,0.0,0.0
2022-06-14 00:00:00-04:00,47.040000915527344,47.040000915527344,46.76499938964844,46.80099868774414,9700,0.0,0.0,0.0
2022-06-15 00:00:00-04:00,46.959999084472656,47.12099838256836,46.88999938964844,47.11000061035156,23500,0.0,0.0,0.0
2022-06-16 00:00:00-04:00,47.0,47.20000076293945,46.9900016784668,47.20000076293945,15800,0.0,0.0,0.0
2022-06-17 00:00:00-04:00,47.209999084472656,47.2400016784668,47.130001068115234,47.189998626708984,9000,0.0,0.0,0.0
2022-06-21 00:00:00-04:00,47.14099884033203,47.1619987487793,47.130001068115234,47.150001525878906,10400,0.0,0.0,0.0
2022-06-22 00:00:00-04:00,47.33000183105469,47.35599899291992,47.28499984741211,47.31999969482422,21300,0.0,0.0,0.0
2022-06-23 00:00:00-04:00,47.470001220703125,47.56999969482422,47.43000030517578,47.439998626708984,15200,0.0,0.0,0.0
2022-06-24 00:00:00-04:00,47.380001068115234,47.459999084472656,47.380001068115234,47.400001525878906,9500,0.0,0.0,0.0
2022-06-27 00:00:00-04:00,47.310001373291016,47.36000061035156,47.29499816894531,47.308998107910156,2800,0.0,0.0,0.0
2022-06-28 00:00:00-04:00,47.277000427246094,47.29800033569336,47.2599983215332,47.290000915527344,7900,0.0,0.0,0.0
2022-06-29 00:00:00-04:00,47.28099822998047,47.4379997253418,47.279998779296875,47.41999816894531,28000,0.0,0.0,0.0
2022-06-30 00:00:00-04:00,47.540000915527344,47.630001068115234,47.540000915527344,47.58000183105469,41900,0.0,0.0,0.0
2022-07-01 00:00:00-04:00,47.79999923706055,47.91999816894531,47.790000915527344,47.83000183105469,18600,0.0,0.0,0.0
2022-07-05 00:00:00-04:00,47.900001525878906,47.95000076293945,47.88999938964844,47.900001525878906,3400,0.0,0.0,0.0
2022-07-06 00:00:00-04:00,47.95000076293945,47.95000076293945,47.709999084472656,47.722999572753906,6700,0.0,0.0,0.0
2022-07-07 00:00:00-04:00,47.66999816894531,47.66999816894531,47.65999984741211,47.665000915527344,500,0.0,0.0,0.0
2022-07-08 00:00:00-04:00,47.59000015258789,47.61000061035156,47.54999923706055,47.564998626708984,2300,0.0,0.0,0.0
2022-07-11 00:00:00-04:00,47.650001525878906,47.66999816894531,47.59000015258789,47.597999572753906,5700,0.0,0.0,0.0
2022-07-12 00:00:00-04:00,47.68199920654297,47.70000076293945,47.62799835205078,47.63999938964844,3900,0.0,0.0,0.0
2022-07-13 00:00:00-04:00,47.45500183105469,47.599998474121094,47.45000076293945,47.58700180053711,4300,0.0,0.0,0.0
2022-07-14 00:00:00-04:00,47.439998626708984,47.58000183105469,47.41299819946289,47.5629997253418,3500,0.0,0.0,0.0
2022-07-15 00:00:00-04:00,47.560001373291016,47.61000061035156,47.560001373291016,47.61000061035156,6500,0.0,0.0,0.0
2022-07-18 00:00:00-04:00,47.560001373291016,47.56800079345703,47.5099983215332,47.55500030517578,4100,0.0,0.0,0.0
2022-07-19 00:00:00-04:00,47.54999923706055,47.54999923706055,47.4900016784668,47.50299835205078,6700,0.0,0.0,0.0
2022-07-20 00:00:00-04:00,47.525001525878906,47.525001525878906,47.459999084472656,47.474998474121094,2300,0.0,0.0,0.0
2022-07-21 00:00:00-04:00,47.529998779296875,47.691001892089844,47.529998779296875,47.689998626708984,9800,0.0,0.0,0.0
2022-07-22 00:00:00-04:00,47.89500045776367,47.904998779296875,47.880001068115234,47.904998779296875,900,0.0,0.0,0.0
2022-07-25 00:00:00-04:00,47.810001373291016,47.834999084472656,47.790000915527344,47.80699920654297,6800,0.0,0.0,0.0
2022-07-26 00:00:00-04:00,47.880001068115234,47.88600158691406,47.779998779296875,47.779998779296875,7200,0.0,0.0,0.0
2022-07-27 00:00:00-04:00,47.814998626708984,47.91999816894531,47.79899978637695,47.88999938964844,7900,0.0,0.0,0.0
2022-07-28 00:00:00-04:00,48.073001861572266,48.073001861572266,48.05500030517578,48.064998626708984,3900,0.0,0.0,0.0
2022-07-29 00:00:00-04:00,48.064998626708984,48.130001068115234,48.064998626708984,48.099998474121094,2500,0.0,0.0,0.0
2022-08-01 00:00:00-04:00,48.11000061035156,48.18000030517578,48.09000015258789,48.11000061035156,10100,0.0,0.0,0.0
2022-08-02 00:00:00-04:00,48.0099983215332,48.02000045776367,47.849998474121094,47.8650016784668,3200,0.0,0.0,0.0
2022-08-03 00:00:00-04:00,47.76499938964844,47.8849983215332,47.76499938964844,47.8849983215332,6000,0.0,0.0,0.0
2022-08-04 00:00:00-04:00,47.88999938964844,48.005001068115234,47.8849983215332,48.005001068115234,11000,0.0,0.0,0.0
2022-08-05 00:00:00-04:00,47.72999954223633,47.75,47.70800018310547,47.73500061035156,5400,0.0,0.0,0.0
2022-08-08 00:00:00-04:00,47.744998931884766,47.79999923706055,47.72999954223633,47.72999954223633,9300,0.0,0.0,0.0
2022-08-09 00:00:00-04:00,47.66999816894531,47.709999084472656,47.66400146484375,47.685001373291016,23300,0.0,0.0,0.0
2022-08-10 00:00:00-04:00,47.83000183105469,47.900001525878906,47.77000045776367,47.784000396728516,28300,0.0,0.0,0.0
2022-08-11 00:00:00-04:00,47.81999969482422,47.89099884033203,47.72999954223633,47.72999954223633,6400,0.0,0.0,0.0
2022-08-12 00:00:00-04:00,47.7599983215332,47.77899932861328,47.7400016784668,47.775001525878906,3500,0.0,0.0,0.0
2022-08-15 00:00:00-04:00,47.88999938964844,47.88999938964844,47.84000015258789,47.849998474121094,3700,0.0,0.0,0.0
2022-08-16 00:00:00-04:00,47.79499816894531,47.810001373291016,47.77199935913086,47.79999923706055,5000,0.0,0.0,0.0
2022-08-17 00:00:00-04:00,47.70000076293945,47.709999084472656,47.630001068115234,47.70000076293945,9100,0.0,0.0,0.0
2022-08-18 00:00:00-04:00,47.75,47.7599983215332,47.70100021362305,47.724998474121094,6700,0.0,0.0,0.0
2022-08-19 00:00:00-04:00,47.654998779296875,47.654998779296875,47.599998474121094,47.64500045776367,2600,0.0,0.0,0.0
2022-08-22 00:00:00-04:00,47.57500076293945,47.584999084472656,47.505001068115234,47.505001068115234,4400,0.0,0.0,0.0
2022-08-23 00:00:00-04:00,47.5099983215332,47.650001525878906,47.459999084472656,47.53499984741211,12100,0.0,0.0,0.0
2022-08-24 00:00:00-04:00,47.5,47.518001556396484,47.43000030517578,47.46500015258789,25900,0.0,0.0,0.0
2022-08-25 00:00:00-04:00,47.470001220703125,47.52000045776367,47.45000076293945,47.50899887084961,7300,0.0,0.0,0.0
2022-08-26 00:00:00-04:00,47.4900016784668,47.51900100708008,47.44499969482422,47.45500183105469,2000,0.0,0.0,0.0
2022-08-29 00:00:00-04:00,47.3849983215332,47.38999938964844,47.36000061035156,47.369998931884766,3500,0.0,0.0,0.0
2022-08-30 00:00:00-04:00,47.380001068115234,47.38999938964844,47.30500030517578,47.33000183105469,4100,0.0,0.0,0.0
2022-08-31 00:00:00-04:00,47.36199951171875,47.36199951171875,47.27000045776367,47.27000045776367,2400,0.0,0.0,0.0
2022-09-01 00:00:00-04:00,47.18000030517578,47.22200012207031,47.15999984741211,47.22200012207031,1600,0.0,0.0,0.0
2022-09-02 00:00:00-04:00,47.34000015258789,47.349998474121094,47.31999969482422,47.33000183105469,16400,0.0,0.0,0.0
2022-09-06 00:00:00-04:00,47.15999984741211,47.209999084472656,47.15999984741211,47.16400146484375,900,0.0,0.0,0.0
2022-09-07 00:00:00-04:00,47.220001220703125,47.290000915527344,47.220001220703125,47.290000915527344,3000,0.0,0.0,0.0
2022-09-08 00:00:00-04:00,47.2599983215332,47.26599884033203,47.22999954223633,47.233001708984375,5800,0.0,0.0,0.0
2022-09-09 00:00:00-04:00,47.244998931884766,47.26499938964844,47.185001373291016,47.185001373291016,2300,0.0,0.0,0.0
2022-09-12 00:00:00-04:00,47.2400016784668,47.25,47.16999816894531,47.18000030517578,11100,0.0,0.0,0.0
2022-09-13 00:00:00-04:00,46.96799850463867,47.0,46.959999084472656,46.97999954223633,8500,0.0,0.0,0.0
2022-09-14 00:00:00-04:00,46.939998626708984,46.97200012207031,46.93000030517578,46.93299865722656,7600,0.0,0.0,0.0
2022-09-15 00:00:00-04:00,46.86000061035156,46.902000427246094,46.86000061035156,46.869998931884766,3300,0.0,0.0,0.0
2022-09-16 00:00:00-04:00,46.790000915527344,46.8849983215332,46.790000915527344,46.869998931884766,47200,0.0,0.0,0.0
2022-09-19 00:00:00-04:00,46.79999923706055,46.83000183105469,46.779998779296875,46.8129997253418,17500,0.0,0.0,0.0
2022-09-20 00:00:00-04:00,46.744998931884766,46.76100158691406,46.72999954223633,46.744998931884766,2900,0.0,0.0,0.0
2022-09-21 00:00:00-04:00,46.75600051879883,46.77000045776367,46.63999938964844,46.70899963378906,5400,0.0,0.0,0.0
2022-09-22 00:00:00-04:00,46.54999923706055,46.560001373291016,46.5,46.53200149536133,3900,0.0,0.0,0.0
2022-09-23 00:00:00-04:00,46.47999954223633,46.47999954223633,46.380001068115234,46.40999984741211,16800,0.0,0.0,0.0
2022-09-26 00:00:00-04:00,46.266998291015625,46.27000045776367,46.06999969482422,46.08000183105469,14200,0.0,0.0,0.0
2022-09-27 00:00:00-04:00,46.08000183105469,46.119998931884766,46.040000915527344,46.04999923706055,172200,0.0,0.0,0.0
2022-09-28 00:00:00-04:00,46.279998779296875,46.42499923706055,46.2400016784668,46.400001525878906,52300,0.0,0.0,0.0
2022-09-29 00:00:00-04:00,46.27000045776367,46.33000183105469,46.22999954223633,46.32699966430664,4800,0.0,0.0,0.0
2022-09-30 00:00:00-04:00,46.349998474121094,46.361000061035156,46.22999954223633,46.24300003051758,3900,0.0,0.0,0.0
2022-10-03 00:00:00-04:00,46.400001525878906,46.564998626708984,46.38999938964844,46.45000076293945,117900,0.0,0.0,0.0
2022-10-04 00:00:00-04:00,46.56999969482422,46.58599853515625,46.5099983215332,46.52799987792969,5600,0.0,0.0,0.0
2022-10-05 00:00:00-04:00,46.40999984741211,46.44900131225586,46.375,46.43000030517578,11400,0.0,0.0,0.0
2022-10-06 00:00:00-04:00,46.400001525878906,46.400001525878906,46.290000915527344,46.34000015258789,11500,0.0,0.0,0.0
2022-10-07 00:00:00-04:00,46.400001525878906,46.400001525878906,46.20000076293945,46.220001220703125,4500,0.0,0.0,0.0
2022-10-10 00:00:00-04:00,46.198001861572266,46.198001861572266,46.13999938964844,46.17499923706055,2900,0.0,0.0,0.0
2022-10-11 00:00:00-04:00,46.20500183105469,46.23699951171875,46.178001403808594,46.178001403808594,5100,0.0,0.0,0.0
2022-10-12 00:00:00-04:00,46.1609992980957,46.189998626708984,46.14799880981445,46.1879997253418,4800,0.0,0.0,0.0
2022-10-13 00:00:00-04:00,45.869998931884766,46.099998474121094,45.869998931884766,46.05500030517578,11100,0.0,0.0,0.0
2022-10-14 00:00:00-04:00,46.13999938964844,46.13999938964844,45.95000076293945,45.98400115966797,2000,0.0,0.0,0.0
2022-10-17 00:00:00-04:00,46.125,46.125,46.040000915527344,46.040000915527344,3100,0.0,0.0,0.0
2022-10-18 00:00:00-04:00,46.111000061035156,46.111000061035156,46.04499816894531,46.084999084472656,2700,0.0,0.0,0.0
2022-10-19 00:00:00-04:00,45.900001525878906,45.95000076293945,45.900001525878906,45.9109992980957,2800,0.0,0.0,0.0
2022-10-20 00:00:00-04:00,45.86000061035156,45.904998779296875,45.790000915527344,45.801998138427734,2500,0.0,0.0,0.0
2022-10-21 00:00:00-04:00,45.840999603271484,45.95500183105469,45.84000015258789,45.95500183105469,1700,0.0,0.0,0.0
2022-10-24 00:00:00-04:00,45.93000030517578,45.97999954223633,45.90800094604492,45.95399856567383,61500,0.0,0.0,0.0
2022-10-25 00:00:00-04:00,46.02000045776367,46.07600021362305,46.005001068115234,46.0099983215332,2800,0.0,0.0,0.0
2022-10-26 00:00:00-04:00,46.06999969482422,46.106998443603516,46.060001373291016,46.07899856567383,4000,0.0,0.0,0.0
2022-10-27 00:00:00-04:00,46.15999984741211,46.22999954223633,46.119998931884766,46.20500183105469,10400,0.0,0.0,0.0
2022-10-28 00:00:00-04:00,46.20000076293945,46.20000076293945,46.125,46.125,7200,0.0,0.0,0.0
2022-10-31 00:00:00-04:00,46.060001373291016,46.08000183105469,46.025001525878906,46.025001525878906,4200,0.0,0.0,0.0
2022-11-01 00:00:00-04:00,46.16999816894531,46.16999816894531,46.02000045776367,46.040000915527344,5900,0.0,0.0,0.0
2022-11-02 00:00:00-04:00,46.051998138427734,46.150001525878906,45.970001220703125,45.9900016784668,18200,0.0,0.0,0.0
2022-11-03 00:00:00-04:00,45.810001373291016,45.91999816894531,45.810001373291016,45.90999984741211,7700,0.0,0.0,0.0
2022-11-04 00:00:00-04:00,45.94499969482422,45.98699951171875,45.91699981689453,45.97999954223633,10000,0.0,0.0,0.0
2022-11-07 00:00:00-05:00,45.939998626708984,45.946998596191406,45.915000915527344,45.93000030517578,14900,0.0,0.0,0.0
2022-11-08 00:00:00-05:00,45.93000030517578,46.01499938964844,45.93000030517578,46.01499938964844,7900,0.0,0.0,0.0
2022-11-09 00:00:00-05:00,46.029998779296875,46.08000183105469,46.0,46.08000183105469,66500,0.0,0.0,0.0
2022-11-10 00:00:00-05:00,46.5,46.52000045776367,46.479000091552734,46.5099983215332,23800,0.0,0.0,0.0
2022-11-11 00:00:00-05:00,46.38999938964844,46.5099983215332,46.38999938964844,46.5099983215332,5600,0.0,0.0,0.0
2022-11-14 00:00:00-05:00,46.41999816894531,46.487998962402344,46.41999816894531,46.474998474121094,3400,0.0,0.0,0.0
2022-11-15 00:00:00-05:00,46.56999969482422,46.599998474121094,46.529998779296875,46.599998474121094,4300,0.0,0.0,0.0
2022-11-16 00:00:00-05:00,46.689998626708984,46.689998626708984,46.619998931884766,46.64699935913086,11400,0.0,0.0,0.0
2022-11-17 00:00:00-05:00,46.53499984741211,46.56999969482422,46.520999908447266,46.55500030517578,23700,0.0,0.0,0.0
2022-11-18 00:00:00-05:00,46.560001373291016,46.57099914550781,46.45000076293945,46.52399826049805,10600,0.0,0.0,0.0
2022-11-21 00:00:00-05:00,46.560001373291016,46.560001373291016,46.47100067138672,46.48899841308594,4800,0.0,0.0,0.0
2022-11-22 00:00:00-05:00,46.54399871826172,46.54999923706055,46.529998779296875,46.529998779296875,3000,0.0,0.0,0.0
2022-11-23 00:00:00-05:00,46.4900016784668,46.56999969482422,46.45000076293945,46.5,28400,0.0,0.0,0.0
2022-11-25 00:00:00-05:00,46.61000061035156,46.61000061035156,46.584999084472656,46.584999084472656,300,0.0,0.0,0.0
2022-11-28 00:00:00-05:00,46.59000015258789,46.60499954223633,46.5,46.529998779296875,69000,0.0,0.0,0.0
2022-11-29 00:00:00-05:00,46.5,46.58000183105469,46.5,46.53099822998047,5900,0.0,0.0,0.0
2022-11-30 00:00:00-05:00,46.529998779296875,46.72999954223633,46.47999954223633,46.72999954223633,9100,0.0,0.0,0.0
2022-12-01 00:00:00-05:00,46.81999969482422,46.900001525878906,46.79499816894531,46.900001525878906,15200,0.0,0.0,0.0
2022-12-02 00:00:00-05:00,46.790000915527344,46.95199966430664,46.779998779296875,46.95199966430664,7300,0.0,0.0,0.0
2022-12-05 00:00:00-05:00,46.849998474121094,46.869998931884766,46.67499923706055,46.755001068115234,66900,0.0,0.0,0.0
2022-12-06 00:00:00-05:00,46.78799819946289,46.81100082397461,46.68000030517578,46.79499816894531,31100,0.0,0.0,0.0
2022-12-07 00:00:00-05:00,46.90999984741211,46.959999084472656,46.880001068115234,46.95500183105469,25700,0.0,0.0,0.0
2022-12-08 00:00:00-05:00,46.89099884033203,46.93000030517578,46.84000015258789,46.89500045776367,10800,0.0,0.0,0.0
2022-12-09 00:00:00-05:00,46.869998931884766,46.89500045776367,46.86000061035156,46.86399841308594,5600,0.0,0.0,0.0
2022-12-12 00:00:00-05:00,46.85499954223633,46.85499954223633,46.779998779296875,46.78499984741211,16500,0.0,0.0,0.0
2022-12-13 00:00:00-05:00,47.06999969482422,47.09000015258789,46.90999984741211,46.9630012512207,15100,0.0,0.0,0.0
2022-12-14 00:00:00-05:00,47.040000915527344,47.060001373291016,46.93000030517578,47.0260009765625,9200,0.0,0.0,0.0
2022-12-15 00:00:00-05:00,47.05799865722656,47.05799865722656,46.97999954223633,47.040000915527344,9100,0.0,0.0,0.0
2022-12-16 00:00:00-05:00,46.95000076293945,47.0880012512207,46.95000076293945,47.060001373291016,11200,0.0,0.0,0.0
2022-12-19 00:00:00-05:00,46.97600173950195,46.97600173950195,46.939998626708984,46.95500183105469,4900,0.0,0.0,0.0
2022-12-20 00:00:00-05:00,46.875,46.8849983215332,46.869998931884766,46.875,6800,0.0,0.0,0.0
2022-12-21 00:00:00-05:00,46.95000076293945,46.970001220703125,46.915000915527344,46.939998626708984,4700,0.0,0.0,0.0
2022-12-22 00:00:00-05:00,46.86000061035156,46.970001220703125,46.86000061035156,46.94300079345703,5200,0.0,0.0,0.0
2022-12-23 00:00:00-05:00,46.810001373291016,46.84000015258789,46.770999908447266,46.814998626708984,12300,0.0,0.0,0.0
2022-12-27 00:00:00-05:00,46.79999923706055,46.79999923706055,46.691001892089844,46.70500183105469,4400,0.0,0.0,0.0
2022-12-28 00:00:00-05:00,46.68000030517578,46.73500061035156,46.66999816894531,46.68000030517578,14800,0.0,0.0,0.0
2022-12-29 00:00:00-05:00,46.63999938964844,46.72999954223633,46.63999938964844,46.724998474121094,33100,0.0,0.0,0.0
2022-12-30 00:00:00-05:00,46.689998626708984,46.70399856567383,46.650001525878906,46.665000915527344,15400,0.0,0.0,0.0
2023-01-03 00:00:00-05:00,46.7400016784668,46.7400016784668,46.724998474121094,46.724998474121094,900,0.0,0.0,0.0
2023-01-04 00:00:00-05:00,46.81999969482422,46.81999969482422,46.79999923706055,46.80500030517578,5500,0.0,0.0,0.0
2023-01-05 00:00:00-05:00,46.75,46.790000915527344,46.70000076293945,46.77000045776367,16700,0.0,0.0,0.0
2023-01-06 00:00:00-05:00,46.79999923706055,47.0099983215332,46.790000915527344,47.0099983215332,3900,0.0,0.0,0.0
2023-01-09 00:00:00-05:00,47.040000915527344,47.08700180053711,46.96500015258789,47.07500076293945,72900,0.0,0.0,0.0
2023-01-10 00:00:00-05:00,47.03200149536133,47.04199981689453,47.0,47.04199981689453,6500,0.0,0.0,0.0
2023-01-11 00:00:00-05:00,47.060001373291016,47.095001220703125,47.060001373291016,47.095001220703125,4700,0.0,0.0,0.0
2023-01-12 00:00:00-05:00,47.18000030517578,47.244998931884766,47.15999984741211,47.244998931884766,6400,0.0,0.0,0.0
2023-01-13 00:00:00-05:00,47.22999954223633,47.2599983215332,47.16999816894531,47.17499923706055,3500,0.0,0.0,0.0
2023-01-17 00:00:00-05:00,47.220001220703125,47.220001220703125,47.18000030517578,47.19499969482422,9300,0.0,0.0,0.0
2023-01-18 00:00:00-05:00,47.35499954223633,47.439998626708984,47.321998596191406,47.439998626708984,26200,0.0,0.0,0.0
2023-01-19 00:00:00-05:00,47.358001708984375,47.36000061035156,47.34000015258789,47.35499954223633,2700,0.0,0.0,0.0
2023-01-20 00:00:00-05:00,47.349998474121094,47.349998474121094,47.290000915527344,47.31999969482422,2900,0.0,0.0,0.0
2023-01-23 00:00:00-05:00,47.250999450683594,47.250999450683594,47.154998779296875,47.209999084472656,20500,0.0,0.0,0.0
2023-01-24 00:00:00-05:00,47.22999954223633,47.290000915527344,47.22999954223633,47.2599983215332,20500,0.0,0.0,0.0
2023-01-25 00:00:00-05:00,47.25,47.27000045776367,47.185001373291016,47.23500061035156,13300,0.0,0.0,0.0
2023-01-26 00:00:00-05:00,47.2599983215332,47.2599983215332,47.20500183105469,47.224998474121094,2300,0.0,0.0,0.0
2023-01-27 00:00:00-05:00,47.18000030517578,47.19499969482422,47.18000030517578,47.19200134277344,4000,0.0,0.0,0.0
2023-01-30 00:00:00-05:00,47.1510009765625,47.1510009765625,47.11899948120117,47.11899948120117,8100,0.0,0.0,0.0
2023-01-31 00:00:00-05:00,47.15999984741211,47.220001220703125,47.15999984741211,47.220001220703125,19700,0.0,0.0,0.0
2023-02-01 00:00:00-05:00,47.224998474121094,47.388999938964844,47.20000076293945,47.388999938964844,2200,0.0,0.0,0.0
2023-02-02 00:00:00-05:00,47.430999755859375,47.430999755859375,47.40999984741211,47.4119987487793,2600,0.0,0.0,0.0
2023-02-03 00:00:00-05:00,47.220001220703125,47.2400016784668,47.189998626708984,47.189998626708984,6000,0.0,0.0,0.0
2023-02-06 00:00:00-05:00,47.0369987487793,47.0369987487793,46.983001708984375,46.983001708984375,3300,0.0,0.0,0.0
2023-02-07 00:00:00-05:00,47.00600051879883,47.06999969482422,46.97999954223633,46.99100112915039,5700,0.0,0.0,0.0
2023-02-08 00:00:00-05:00,47.0,47.0099983215332,47.0,47.0099983215332,1300,0.0,0.0,0.0
2023-02-09 00:00:00-05:00,47.029998779296875,47.029998779296875,46.939998626708984,46.95000076293945,2300,0.0,0.0,0.0
2023-02-10 00:00:00-05:00,46.91999816894531,46.939998626708984,46.88399887084961,46.88399887084961,4600,0.0,0.0,0.0
2023-02-13 00:00:00-05:00,46.880001068115234,46.880001068115234,46.86000061035156,46.87300109863281,4100,0.0,0.0,0.0
2023-02-14 00:00:00-05:00,46.79999923706055,46.83000183105469,46.7400016784668,46.779998779296875,3500,0.0,0.0,0.0
2023-02-15 00:00:00-05:00,46.77000045776367,46.77000045776367,46.70000076293945,46.74100112915039,11400,0.0,0.0,0.0
2023-02-16 00:00:00-05:00,46.71900177001953,46.790000915527344,46.709999084472656,46.72999954223633,3100,0.0,0.0,0.0
2023-02-17 00:00:00-05:00,46.709999084472656,46.78499984741211,46.70000076293945,46.779998779296875,3200,0.0,0.0,0.0
2023-02-21 00:00:00-05:00,46.65999984741211,46.65999984741211,46.59000015258789,46.604000091552734,2500,0.0,0.0,0.0
2023-02-22 00:00:00-05:00,46.56100082397461,46.619998931884766,46.52000045776367,46.52000045776367,11900,0.0,0.0,0.0
2023-02-23 00:00:00-05:00,46.560001373291016,46.58399963378906,46.54999923706055,46.58000183105469,1900,0.0,0.0,0.0
2023-02-24 00:00:00-05:00,46.41999816894531,46.45899963378906,46.41999816894531,46.44900131225586,10200,0.0,0.0,0.0
2023-02-27 00:00:00-05:00,46.540000915527344,46.540000915527344,46.459999084472656,46.4900016784668,18300,0.0,0.0,0.0
2023-02-28 00:00:00-05:00,46.44599914550781,46.4900016784668,46.44599914550781,46.48500061035156,9900,0.0,0.0,0.0
2023-03-01 00:00:00-05:00,46.39099884033203,46.39099884033203,46.35100173950195,46.36000061035156,8400,0.0,0.0,0.0
2023-03-02 00:00:00-05:00,46.31999969482422,46.35499954223633,46.310001373291016,46.35499954223633,3600,0.0,0.0,0.0
2023-03-03 00:00:00-05:00,46.380001068115234,46.43000030517578,46.380001068115234,46.42499923706055,900,0.0,0.0,0.0
2023-03-06 00:00:00-05:00,46.470001220703125,46.470001220703125,46.40700149536133,46.41999816894531,18200,0.0,0.0,0.0
2023-03-07 00:00:00-05:00,46.448001861572266,46.448001861572266,46.310001373291016,46.31999969482422,573400,0.0,0.0,0.0
2023-03-08 00:00:00-05:00,46.36000061035156,46.36000061035156,46.2400016784668,46.2599983215332,498100,0.0,0.0,0.0
2023-03-09 00:00:00-05:00,46.34000015258789,46.40999984741211,46.34000015258789,46.40999984741211,13900,0.0,0.0,0.0
2023-03-10 00:00:00-05:00,46.66999816894531,46.779998779296875,46.630001068115234,46.779998779296875,87600,0.0,0.0,0.0
2023-03-13 00:00:00-04:00,47.095001220703125,47.15800094604492,46.930999755859375,46.95199966430664,2200,0.0,0.0,0.0
2023-03-14 00:00:00-04:00,46.79999923706055,46.849998474121094,46.709999084472656,46.8120002746582,10900,0.0,0.0,0.0
2023-03-15 00:00:00-04:00,47.0890007019043,47.099998474121094,46.88999938964844,47.066001892089844,43000,0.0,0.0,0.0
2023-03-16 00:00:00-04:00,47.040000915527344,47.060001373291016,46.83300018310547,46.88100051879883,10900,0.0,0.0,0.0
2023-03-17 00:00:00-04:00,47.02000045776367,47.20000076293945,47.02000045776367,47.14099884033203,5100,0.0,0.0,0.0
2023-03-20 00:00:00-04:00,47.06999969482422,47.11000061035156,47.029998779296875,47.029998779296875,2800,0.0,0.0,0.0
2023-03-21 00:00:00-04:00,46.935001373291016,47.09000015258789,46.930999755859375,46.96699905395508,58500,0.0,0.0,0.0
2023-03-22 00:00:00-04:00,46.86000061035156,47.22999954223633,46.86000061035156,47.22800064086914,9000,0.0,0.0,0.0
2023-03-23 00:00:00-04:00,47.220001220703125,47.380001068115234,47.220001220703125,47.358001708984375,5700,0.0,0.0,0.0
2023-03-24 00:00:00-04:00,47.83000183105469,47.83000183105469,47.400001525878906,47.40299987792969,59800,0.0,0.0,0.0
2023-03-27 00:00:00-04:00,47.119998931884766,47.15999984741211,47.040000915527344,47.040000915527344,10700,0.0,0.0,0.0
2023-03-28 00:00:00-04:00,46.96099853515625,46.987998962402344,46.959999084472656,46.97600173950195,11300,0.0,0.0,0.0
2023-03-29 00:00:00-04:00,46.939998626708984,46.9900016784668,46.939998626708984,46.9900016784668,2600,0.0,0.0,0.0
2023-03-30 00:00:00-04:00,46.97999954223633,47.02000045776367,46.97999954223633,47.00199890136719,7600,0.0,0.0,0.0
2023-03-31 00:00:00-04:00,47.029998779296875,47.16999816894531,47.029998779296875,47.16999816894531,15400,0.0,0.0,0.0
2023-04-03 00:00:00-04:00,47.09000015258789,47.279998779296875,47.09000015258789,47.279998779296875,8100,0.0,0.0,0.0
2023-04-04 00:00:00-04:00,47.369998931884766,47.38100051879883,47.31999969482422,47.37900161743164,23800,0.0,0.0,0.0
2023-04-05 00:00:00-04:00,47.41999816894531,47.560001373291016,47.41999816894531,47.44200134277344,7100,0.0,0.0,0.0
2023-04-06 00:00:00-04:00,47.4900016784668,47.4900016784668,47.38999938964844,47.38999938964844,4400,0.0,0.0,0.0
2023-04-10 00:00:00-04:00,47.209999084472656,47.2400016784668,47.209999084472656,47.2400016784668,5100,0.0,0.0,0.0
2023-04-11 00:00:00-04:00,47.20000076293945,47.220001220703125,47.18000030517578,47.220001220703125,7300,0.0,0.0,0.0
2023-04-12 00:00:00-04:00,47.36000061035156,47.36000061035156,47.25,47.29999923706055,8500,0.0,0.0,0.0
2023-04-13 00:00:00-04:00,47.400001525878906,47.41999816894531,47.33000183105469,47.34199905395508,12300,0.0,0.0,0.0
2023-04-14 00:00:00-04:00,47.23099899291992,47.2599983215332,47.220001220703125,47.24100112915039,9900,0.0,0.0,0.0
2023-04-17 00:00:00-04:00,47.1150016784668,47.12799835205078,47.108001708984375,47.124000549316406,2800,0.0,0.0,0.0
2023-04-18 00:00:00-04:00,47.150001525878906,47.150001525878906,47.11000061035156,47.125,5300,0.0,0.0,0.0
2023-04-19 00:00:00-04:00,47.08000183105469,47.0890007019043,47.064998626708984,47.073001861572266,3800,0.0,0.0,0.0
2023-04-20 00:00:00-04:00,47.20000076293945,47.20000076293945,47.09000015258789,47.154998779296875,20100,0.0,0.0,0.0
2023-04-21 00:00:00-04:00,47.22999954223633,47.25,47.16999816894531,47.17499923706055,6800,0.0,0.0,0.0
2023-04-24 00:00:00-04:00,47.09000015258789,47.150001525878906,47.09000015258789,47.1349983215332,6500,0.0,0.0,0.0
2023-04-25 00:00:00-04:00,47.22999954223633,47.31999969482422,47.22999954223633,47.31999969482422,6400,0.0,0.0,0.0
2023-04-26 00:00:00-04:00,47.34000015258789,47.34000015258789,47.224998474121094,47.27199935913086,4200,0.0,0.0,0.0
2023-04-27 00:00:00-04:00,47.19499969482422,47.19499969482422,47.13999938964844,47.1510009765625,7400,0.0,0.0,0.0
2023-04-28 00:00:00-04:00,47.22800064086914,47.23500061035156,47.20000076293945,47.23500061035156,9400,0.0,0.0,0.0
2023-05-01 00:00:00-04:00,47.15999984741211,47.15999984741211,47.11000061035156,47.1150016784668,3400,0.0,0.0,0.0
2023-05-02 00:00:00-04:00,47.209999084472656,47.290000915527344,47.209999084472656,47.275001525878906,11100,0.0,0.0,0.0
2023-05-03 00:00:00-04:00,47.35499954223633,47.4109992980957,47.31999969482422,47.4109992980957,4400,0.0,0.0,0.0
2023-05-04 00:00:00-04:00,47.40999984741211,47.56399917602539,47.375,47.474998474121094,8300,0.0,0.0,0.0
2023-05-05 00:00:00-04:00,47.38999938964844,47.38999938964844,47.31999969482422,47.34000015258789,5700,0.0,0.0,0.0
2023-05-08 00:00:00-04:00,47.27000045776367,47.29999923706055,47.22999954223633,47.23500061035156,8100,0.0,0.0,0.0
2023-05-09 00:00:00-04:00,47.220001220703125,47.23500061035156,47.21200180053711,47.22600173950195,8600,0.0,0.0,0.0
2023-05-10 00:00:00-04:00,47.34000015258789,47.38999938964844,47.33000183105469,47.38100051879883,10600,0.0,0.0,0.0
2023-05-11 00:00:00-04:00,47.4900016784668,47.4900016784668,47.41999816894531,47.422000885009766,3900,0.0,0.0,0.0
2023-05-12 00:00:00-04:00,47.400001525878906,47.400001525878906,47.31999969482422,47.31999969482422,4600,0.0,0.0,0.0
2023-05-15 00:00:00-04:00,47.25,47.30500030517578,47.25,47.29999923706055,5900,0.0,0.0,0.0
2023-05-16 00:00:00-04:00,47.22999954223633,47.22999954223633,47.21099853515625,47.229000091552734,2800,0.0,0.0,0.0
2023-05-17 00:00:00-04:00,47.17100143432617,47.18000030517578,47.1510009765625,47.1609992980957,4100,0.0,0.0,0.0
2023-05-18 00:00:00-04:00,47.09000015258789,47.11000061035156,47.040000915527344,47.06399917602539,12000,0.0,0.0,0.0
2023-05-19 00:00:00-04:00,47.029998779296875,47.099998474121094,46.97999954223633,47.020999908447266,9600,0.0,0.0,0.0
2023-05-22 00:00:00-04:00,47.0099983215332,47.020999908447266,47.005001068115234,47.0099983215332,3000,0.0,0.0,0.0
2023-05-23 00:00:00-04:00,46.970001220703125,47.027000427246094,46.970001220703125,47.027000427246094,2200,0.0,0.0,0.0
2023-05-24 00:00:00-04:00,46.89799880981445,46.89799880981445,46.83000183105469,46.849998474121094,3800,0.0,0.0,0.0
2023-05-25 00:00:00-04:00,46.779998779296875,46.78499984741211,46.720001220703125,46.720001220703125,3300,0.0,0.0,0.0
2023-05-26 00:00:00-04:00,46.630001068115234,46.68000030517578,46.619998931884766,46.68000030517578,8800,0.0,0.0,0.0
2023-05-30 00:00:00-04:00,46.75,46.83000183105469,46.75,46.83000183105469,6000,0.0,0.0,0.0
2023-05-31 00:00:00-04:00,46.869998931884766,46.95000076293945,46.849998474121094,46.92300033569336,10400,0.0,0.0,0.0
2023-06-01 00:00:00-04:00,46.994998931884766,47.0,46.97999954223633,46.9900016784668,6600,0.0,0.0,0.0
2023-06-02 00:00:00-04:00,46.97999954223633,46.97999954223633,46.86000061035156,46.8650016784668,6400,0.0,0.0,0.0
2023-06-05 00:00:00-04:00,46.909000396728516,46.909000396728516,46.849998474121094,46.869998931884766,5000,0.0,0.0,0.0
2023-06-06 00:00:00-04:00,46.84400177001953,46.858001708984375,46.84000015258789,46.858001708984375,2600,0.0,0.0,0.0
2023-06-07 00:00:00-04:00,46.80799865722656,46.900001525878906,46.76100158691406,46.80500030517578,7700,0.0,0.0,0.0
2023-06-08 00:00:00-04:00,46.86600112915039,46.87699890136719,46.86000061035156,46.87200164794922,3400,0.0,0.0,0.0
2023-06-09 00:00:00-04:00,46.79999923706055,46.810001373291016,46.7869987487793,46.7869987487793,3200,0.0,0.0,0.0
2023-06-12 00:00:00-04:00,47.02000045776367,47.02000045776367,46.779998779296875,46.83599853515625,5600,0.0,0.0,0.0
2023-06-13 00:00:00-04:00,46.86000061035156,46.86000061035156,46.72999954223633,46.74399948120117,26000,0.0,0.0,0.0
2023-06-14 00:00:00-04:00,46.779998779296875,46.83000183105469,46.72999954223633,46.7400016784668,11500,0.0,0.0,0.0
2023-06-15 00:00:00-04:00,46.83000183105469,46.8650016784668,46.790000915527344,46.8650016784668,16900,0.0,0.0,0.0
2023-06-16 00:00:00-04:00,46.790000915527344,46.80500030517578,46.77000045776367,46.80500030517578,8200,0.0,0.0,0.0
2023-06-20 00:00:00-04:00,46.84000015258789,46.85499954223633,46.83000183105469,46.849998474121094,11700,0.0,0.0,0.0
2023-06-21 00:00:00-04:00,46.77000045776367,46.854000091552734,46.7599983215332,46.84000015258789,9600,0.0,0.0,0.0
2023-06-22 00:00:00-04:00,46.75,46.75699996948242,46.75,46.75699996948242,10800,0.0,0.0,0.0
2023-06-23 00:00:00-04:00,46.83000183105469,46.83000183105469,46.779998779296875,46.80500030517578,3900,0.0,0.0,0.0
2023-06-26 00:00:00-04:00,46.7140007019043,46.72999954223633,46.70100021362305,46.72200012207031,4700,0.0,0.0,0.0
2023-06-27 00:00:00-04:00,46.683998107910156,46.68600082397461,46.643001556396484,46.6510009765625,7000,0.0,0.0,0.0
2023-06-28 00:00:00-04:00,46.68000030517578,46.720001220703125,46.68000030517578,46.720001220703125,2700,0.0,0.0,0.0
2023-06-29 00:00:00-04:00,46.650001525878906,46.650001525878906,46.56999969482422,46.58000183105469,9600,0.0,0.0,0.0
2023-06-30 00:00:00-04:00,46.59000015258789,46.630001068115234,46.59000015258789,46.630001068115234,3500,0.0,0.0,0.0
2023-07-03 00:00:00-04:00,46.62699890136719,46.678001403808594,46.59000015258789,46.599998474121094,23200,0.0,0.0,0.0
2023-07-05 00:00:00-04:00,46.58000183105469,46.59000015258789,46.4900016784668,46.52000045776367,14200,0.0,0.0,0.0
2023-07-06 00:00:00-04:00,46.400001525878906,46.430999755859375,46.400001525878906,46.430999755859375,1300,0.0,0.0,0.0
2023-07-07 00:00:00-04:00,46.45500183105469,46.5,46.441001892089844,46.46099853515625,6400,0.0,0.0,0.0
2023-07-10 00:00:00-04:00,46.5,46.58000183105469,46.5,46.55400085449219,12200,0.0,0.0,0.0
2023-07-11 00:00:00-04:00,46.58000183105469,46.650001525878906,46.560001373291016,46.58000183105469,9200,0.0,0.0,0.0
2023-07-12 00:00:00-04:00,46.74800109863281,46.75,46.72999954223633,46.75,4700,0.0,0.0,0.0
2023-07-13 00:00:00-04:00,46.869998931884766,46.9109992980957,46.86199951171875,46.9109992980957,7000,0.0,0.0,0.0
2023-07-14 00:00:00-04:00,46.849998474121094,46.8650016784668,46.779998779296875,46.78499984741211,4700,0.0,0.0,0.0
2023-07-17 00:00:00-04:00,46.81100082397461,46.83000183105469,46.81100082397461,46.81999969482422,10300,0.0,0.0,0.0
2023-07-18 00:00:00-04:00,46.869998931884766,46.880001068115234,46.82600021362305,46.82600021362305,18700,0.0,0.0,0.0
2023-07-19 00:00:00-04:00,46.900001525878906,46.900001525878906,46.84000015258789,46.85499954223633,7800,0.0,0.0,0.0
2023-07-20 00:00:00-04:00,46.779998779296875,46.79999923706055,46.74100112915039,46.784000396728516,6700,0.0,0.0,0.0
2023-07-21 00:00:00-04:00,46.790000915527344,46.79499816894531,46.77799987792969,46.79499816894531,3800,0.0,0.0,0.0
2023-07-24 00:00:00-04:00,46.810001373291016,46.810001373291016,46.76499938964844,46.77399826049805,4800,0.0,0.0,0.0
2023-07-25 00:00:00-04:00,46.56999969482422,46.60900115966797,46.56999969482422,46.60900115966797,28200,0.0,0.0,0.0
2023-07-26 00:00:00-04:00,46.61000061035156,46.689998626708984,46.61000061035156,46.68000030517578,15600,0.0,0.0,0.0
2023-07-27 00:00:00-04:00,46.63999938964844,46.63999938964844,46.54999923706055,46.56999969482422,13700,0.0,0.0,0.0
2023-07-28 00:00:00-04:00,46.619998931884766,46.65999984741211,46.61000061035156,46.638999938964844,4000,0.0,0.0,0.0
2023-07-31 00:00:00-04:00,46.665000915527344,46.709999084472656,46.665000915527344,46.667999267578125,5200,0.0,0.0,0.0
2023-08-01 00:00:00-04:00,46.606998443603516,46.619998931884766,46.59000015258789,46.606998443603516,5400,0.0,0.0,0.0
2023-08-02 00:00:00-04:00,46.59000015258789,46.60599899291992,46.54999923706055,46.58000183105469,12000,0.0,0.0,0.0
2023-08-03 00:00:00-04:00,46.68000030517578,46.68000030517578,46.540000915527344,46.55500030517578,6400,0.0,0.0,0.0
2023-08-04 00:00:00-04:00,46.66299819946289,46.709999084472656,46.65999984741211,46.70199966430664,7500,0.0,0.0,0.0
2023-08-07 00:00:00-04:00,46.707000732421875,46.724998474121094,46.69200134277344,46.724998474121094,4800,0.0,0.0,0.0
2023-08-08 00:00:00-04:00,46.7599983215332,46.77000045776367,46.72999954223633,46.755001068115234,12800,0.0,0.0,0.0
2023-08-09 00:00:00-04:00,46.74100112915039,46.7599983215332,46.720001220703125,46.7400016784668,7600,0.0,0.0,0.0
2023-08-10 00:00:00-04:00,46.7400016784668,46.7599983215332,46.67100143432617,46.67100143432617,6200,0.0,0.0,0.0
2023-08-11 00:00:00-04:00,46.59700012207031,46.61000061035156,46.59000015258789,46.59000015258789,7700,0.0,0.0,0.0
2023-08-14 00:00:00-04:00,46.56999969482422,46.57899856567383,46.52000045776367,46.540000915527344,17600,0.0,0.0,0.0
2023-08-15 00:00:00-04:00,46.529998779296875,46.58000183105469,46.529998779296875,46.529998779296875,17200,0.0,0.0,0.0
2023-08-16 00:00:00-04:00,46.52000045776367,46.560001373291016,46.48699951171875,46.48699951171875,7200,0.0,0.0,0.0
2023-08-17 00:00:00-04:00,46.52000045776367,46.52000045776367,46.470001220703125,46.50600051879883,9100,0.0,0.0,0.0
2023-08-18 00:00:00-04:00,46.54999923706055,46.56999969482422,46.540000915527344,46.540000915527344,7300,0.0,0.0,0.0
2023-08-21 00:00:00-04:00,46.465999603271484,46.47999954223633,46.465999603271484,46.470001220703125,11300,0.0,0.0,0.0
2023-08-22 00:00:00-04:00,46.448001861572266,46.47999954223633,46.441001892089844,46.46500015258789,12000,0.0,0.0,0.0
2023-08-23 00:00:00-04:00,46.540000915527344,46.59000015258789,46.540000915527344,46.57500076293945,8900,0.0,0.0,0.0
2023-08-24 00:00:00-04:00,46.54999923706055,46.57099914550781,46.540000915527344,46.54499816894531,8000,0.0,0.0,0.0
2023-08-25 00:00:00-04:00,46.4010009765625,46.404998779296875,46.369998931884766,46.3849983215332,10700,0.0,0.0,0.0
2023-08-28 00:00:00-04:00,46.41999816894531,46.43000030517578,46.38999938964844,46.43000030517578,3800,0.0,0.0,0.0
2023-08-29 00:00:00-04:00,46.43000030517578,46.56999969482422,46.43000030517578,46.55500030517578,13700,0.0,0.0,0.0
2023-08-30 00:00:00-04:00,46.619998931884766,46.619998931884766,46.58000183105469,46.58000183105469,8600,0.0,0.0,0.0
2023-08-31 00:00:00-04:00,46.61000061035156,46.64400100708008,46.61000061035156,46.6150016784668,7400,0.0,0.0,0.0
2023-09-01 00:00:00-04:00,46.66999816894531,46.66999816894531,46.58000183105469,46.59000015258789,4800,0.0,0.0,0.0
2023-09-05 00:00:00-04:00,46.619998931884766,46.619998931884766,46.500999450683594,46.505001068115234,2600,0.0,0.0,0.0
2023-09-06 00:00:00-04:00,46.4900016784668,46.4900016784668,46.43000030517578,46.45500183105469,12500,0.0,0.0,0.0
2023-09-07 00:00:00-04:00,46.5,46.53499984741211,46.49800109863281,46.53499984741211,10200,0.0,0.0,0.0
2023-09-08 00:00:00-04:00,46.560001373291016,46.560001373291016,46.525001525878906,46.525001525878906,8000,0.0,0.0,0.0
2023-09-11 00:00:00-04:00,46.58000183105469,46.58000183105469,46.500999450683594,46.52000045776367,11200,0.0,0.0,0.0
2023-09-12 00:00:00-04:00,46.599998474121094,46.599998474121094,46.49100112915039,46.5,8100,0.0,0.0,0.0
2023-09-13 00:00:00-04:00,46.5099983215332,46.54999923706055,46.5099983215332,46.54499816894531,12500,0.0,0.0,0.0
2023-09-14 00:00:00-04:00,46.56999969482422,46.56999969482422,46.53300094604492,46.53300094604492,4600,0.0,0.0,0.0
2023-09-15 00:00:00-04:00,46.51499938964844,46.53499984741211,46.5,46.52399826049805,15700,0.0,0.0,0.0
2023-09-18 00:00:00-04:00,46.49800109863281,46.5,46.4900016784668,46.494998931884766,7400,0.0,0.0,0.0
2023-09-19 00:00:00-04:00,46.470001220703125,46.479000091552734,46.459999084472656,46.46500015258789,3900,0.0,0.0,0.0
2023-09-20 00:00:00-04:00,46.494998931884766,46.51499938964844,46.40999984741211,46.40999984741211,7600,0.0,0.0,0.0
2023-09-21 00:00:00-04:00,46.39099884033203,46.409000396728516,46.38999938964844,46.39500045776367,4100,0.0,0.0,0.0
2023-09-22 00:00:00-04:00,46.41999816894531,46.459999084472656,46.41999816894531,46.45100021362305,3000,0.0,0.0,0.0
2023-09-25 00:00:00-04:00,46.29999923706055,46.29999923706055,46.26300048828125,46.26300048828125,9600,0.0,0.0,0.0
2023-09-26 00:00:00-04:00,46.27000045776367,46.28099822998047,46.23099899291992,46.23500061035156,4800,0.0,0.0,0.0
2023-09-27 00:00:00-04:00,46.25,46.25,46.1510009765625,46.185001373291016,5400,0.0,0.0,0.0
2023-09-28 00:00:00-04:00,46.191001892089844,46.277000427246094,46.191001892089844,46.277000427246094,9400,0.0,0.0,0.0
2023-09-29 00:00:00-04:00,46.35100173950195,46.35100173950195,46.284000396728516,46.284000396728516,6300,0.0,0.0,0.0
2023-10-02 00:00:00-04:00,46.22999954223633,46.22999954223633,46.1879997253418,46.19499969482422,11000,0.0,0.0,0.0
2023-10-03 00:00:00-04:00,46.18000030517578,46.18000030517578,46.08000183105469,46.08000183105469,11700,0.0,0.0,0.0
2023-10-04 00:00:00-04:00,46.1349983215332,46.22100067138672,46.1349983215332,46.22100067138672,5200,0.0,0.0,0.0
2023-10-05 00:00:00-04:00,46.27000045776367,46.279998779296875,46.257999420166016,46.27000045776367,10100,0.0,0.0,0.0
2023-10-06 00:00:00-04:00,46.15599822998047,46.2400016784668,46.15599822998047,46.224998474121094,4100,0.0,0.0,0.0
2023-10-09 00:00:00-04:00,46.29999923706055,46.40399932861328,46.29999923706055,46.40399932861328,2600,0.0,0.0,0.0
2023-10-10 00:00:00-04:00,46.332000732421875,46.400001525878906,46.332000732421875,46.369998931884766,7600,0.0,0.0,0.0
2023-10-11 00:00:00-04:00,46.40999984741211,46.41999816894531,46.34000015258789,46.380001068115234,7700,0.0,0.0,0.0
2023-10-12 00:00:00-04:00,46.290000915527344,46.33399963378906,46.290000915527344,46.29999923706055,5800,0.0,0.0,0.0
2023-10-13 00:00:00-04:00,46.34000015258789,46.34000015258789,46.30500030517578,46.33100128173828,3300,0.0,0.0,0.0
2023-10-16 00:00:00-04:00,46.30400085449219,46.30400085449219,46.2599983215332,46.27399826049805,5800,0.0,0.0,0.0
2023-10-17 00:00:00-04:00,46.1510009765625,46.16299819946289,46.097999572753906,46.13999938964844,12100,0.0,0.0,0.0
2023-10-18 00:00:00-04:00,46.09000015258789,46.13999938964844,46.04600143432617,46.064998626708984,4200,0.0,0.0,0.0
2023-10-19 00:00:00-04:00,46.04999923706055,46.11000061035156,46.04999923706055,46.095001220703125,10600,0.0,0.0,0.0
2023-10-20 00:00:00-04:00,46.20000076293945,46.220001220703125,46.16999816894531,46.20000076293945,21200,0.0,0.0,0.0
2023-10-23 00:00:00-04:00,46.18000030517578,46.25,46.18000030517578,46.23500061035156,6200,0.0,0.0,0.0
2023-10-24 00:00:00-04:00,46.21099853515625,46.2599983215332,46.209999084472656,46.2400016784668,4300,0.0,0.0,0.0
2023-10-25 00:00:00-04:00,46.040000915527344,46.040000915527344,45.986000061035156,46.0099983215332,6700,0.0,0.0,0.0
2023-10-26 00:00:00-04:00,46.04999923706055,46.13999938964844,46.04999923706055,46.119998931884766,2100,0.0,0.0,0.0
2023-10-27 00:00:00-04:00,46.14400100708008,46.18000030517578,46.11000061035156,46.18000030517578,8300,0.0,0.0,0.0
2023-10-30 00:00:00-04:00,46.13999938964844,46.13999938964844,46.095001220703125,46.130001068115234,2100,0.0,0.0,0.0
2023-10-31 00:00:00-04:00,46.1349983215332,46.150001525878906,46.10599899291992,46.125,6700,0.0,0.0,0.0
2023-11-01 00:00:00-04:00,46.2239990234375,46.29499816894531,46.18000030517578,46.29499816894531,1900,0.0,0.0,0.0
2023-11-02 00:00:00-04:00,46.33000183105469,46.36000061035156,46.290000915527344,46.33000183105469,10100,0.0,0.0,0.0
2023-11-03 00:00:00-04:00,46.61000061035156,46.61000061035156,46.44599914550781,46.44599914550781,8700,0.0,0.0,0.0
2023-11-06 00:00:00-05:00,46.44300079345703,46.44300079345703,46.369998931884766,46.39500045776367,11100,0.0,0.0,0.0
2023-11-07 00:00:00-05:00,46.38999938964844,46.470001220703125,46.38999938964844,46.435001373291016,8400,0.0,0.0,0.0
2023-11-08 00:00:00-05:00,46.47700119018555,46.4900016784668,46.44599914550781,46.46200180053711,12100,0.0,0.0,0.0
2023-11-09 00:00:00-05:00,46.444000244140625,46.45500183105469,46.34000015258789,46.35499954223633,5600,0.0,0.0,0.0
2023-11-10 00:00:00-05:00,46.41999816894531,46.41999816894531,46.33000183105469,46.349998474121094,4200,0.0,0.0,0.0
2023-11-13 00:00:00-05:00,46.31999969482422,46.404998779296875,46.31999969482422,46.400001525878906,24300,0.0,0.0,0.0
2023-11-14 00:00:00-05:00,46.595001220703125,46.630001068115234,46.595001220703125,46.619998931884766,7800,0.0,0.0,0.0
2023-11-15 00:00:00-05:00,46.54199981689453,46.56999969482422,46.51100158691406,46.56999969482422,14100,0.0,0.0,0.0
2023-11-16 00:00:00-05:00,46.59000015258789,46.65599822998047,46.59000015258789,46.630001068115234,4000,0.0,0.0,0.0
2023-11-17 00:00:00-05:00,46.61000061035156,46.637001037597656,46.61000061035156,46.630001068115234,10100,0.0,0.0,0.0
2023-11-20 00:00:00-05:00,46.58000183105469,46.64500045776367,46.58000183105469,46.63999938964844,9100,0.0,0.0,0.0
2023-11-21 00:00:00-05:00,46.641998291015625,46.709999084472656,46.641998291015625,46.70000076293945,6400,0.0,0.0,0.0
2023-11-22 00:00:00-05:00,46.650001525878906,46.689998626708984,46.63999938964844,46.689998626708984,6100,0.0,0.0,0.0
2023-11-24 00:00:00-05:00,46.50299835205078,46.52000045776367,46.50299835205078,46.505001068115234,800,0.0,0.0,0.0
2023-11-27 00:00:00-05:00,46.5099983215332,46.61000061035156,46.5099983215332,46.58300018310547,10100,0.0,0.0,0.0
2023-11-28 00:00:00-05:00,46.58000183105469,46.72999954223633,46.58000183105469,46.689998626708984,14100,0.0,0.0,0.0
2023-11-29 00:00:00-05:00,46.849998474121094,46.849998474121094,46.7869987487793,46.810001373291016,7100,0.0,0.0,0.0
2023-11-30 00:00:00-05:00,46.7599983215332,46.79999923706055,46.7599983215332,46.7599983215332,7800,0.0,0.0,0.0
2023-12-01 00:00:00-05:00,46.86000061035156,46.939998626708984,46.86000061035156,46.91899871826172,8000,0.0,0.0,0.0
2023-12-04 00:00:00-05:00,46.880001068115234,46.880001068115234,46.801998138427734,46.83000183105469,7200,0.0,0.0,0.0
2023-12-05 00:00:00-05:00,46.900001525878906,46.93000030517578,46.895999908447266,46.904998779296875,9500,0.0,0.0,0.0
2023-12-06 00:00:00-05:00,46.939998626708984,46.952999114990234,46.91999816894531,46.91999816894531,4800,0.0,0.0,0.0
2023-12-07 00:00:00-05:00,46.96699905395508,47.0,46.95000076293945,46.9900016784668,4400,0.0,0.0,0.0
2023-12-08 00:00:00-05:00,46.8390007019043,46.86000061035156,46.80699920654297,46.84000015258789,9500,0.0,0.0,0.0
2023-12-11 00:00:00-05:00,46.79499816894531,46.85499954223633,46.77000045776367,46.81999969482422,3200,0.0,0.0,0.0
2023-12-12 00:00:00-05:00,46.874000549316406,46.900001525878906,46.8650016784668,46.869998931884766,11200,0.0,0.0,0.0
2023-12-13 00:00:00-05:00,46.92399978637695,47.172000885009766,46.92399978637695,47.172000885009766,4500,0.0,0.0,0.0
2023-12-14 00:00:00-05:00,47.28099822998047,47.310001373291016,47.28099822998047,47.28799819946289,2200,0.0,0.0,0.0
2023-12-15 00:00:00-05:00,47.31999969482422,47.31999969482422,47.2400016784668,47.27000045776367,7000,0.0,0.0,0.0
2023-12-18 00:00:00-05:00,47.310001373291016,47.310001373291016,47.24100112915039,47.25,5700,0.0,0.0,0.0
2023-12-19 00:00:00-05:00,47.2400016784668,47.290000915527344,47.2400016784668,47.263999938964844,8400,0.0,0.0,0.0
2023-12-20 00:00:00-05:00,47.349998474121094,47.369998931884766,47.29199981689453,47.35100173950195,7200,0.0,0.0,0.0
2023-12-21 00:00:00-05:00,47.422000885009766,47.422000885009766,47.36000061035156,47.40999984741211,12100,0.0,0.0,0.0
2023-12-22 00:00:00-05:00,47.22999954223633,47.25199890136719,47.20600128173828,47.25,9300,0.0,0.0,0.0
2023-12-26 00:00:00-05:00,47.16999816894531,47.2599983215332,47.16999816894531,47.25,10700,0.0,0.0,0.0
2023-12-27 00:00:00-05:00,47.27000045776367,47.36000061035156,47.27000045776367,47.33000183105469,7200,0.0,0.0,0.0
2023-12-28 00:00:00-05:00,47.321998596191406,47.32500076293945,47.2859992980957,47.29999923706055,1800,0.0,0.0,0.0
2023-12-29 00:00:00-05:00,47.470001220703125,47.470001220703125,47.279998779296875,47.334999084472656,13700,0.0,0.0,0.0
2024-01-02 00:00:00-05:00,47.25,47.290000915527344,47.22999954223633,47.24599838256836,15300,0.0,0.0,0.0
2024-01-03 00:00:00-05:00,47.189998626708984,47.2599983215332,47.17300033569336,47.23500061035156,18000,0.0,0.0,0.0
2024-01-04 00:00:00-05:00,47.16999816894531,47.20000076293945,47.154998779296875,47.17499923706055,4800,0.0,0.0,0.0
2024-01-05 00:00:00-05:00,47.15999984741211,47.27000045776367,47.150001525878906,47.18000030517578,5200,0.0,0.0,0.0
2024-01-08 00:00:00-05:00,47.150001525878906,47.27000045776367,47.150001525878906,47.224998474121094,5200,0.0,0.0,0.0
2024-01-09 00:00:00-05:00,47.20000076293945,47.2599983215332,47.20000076293945,47.23500061035156,7000,0.0,0.0,0.0
2024-01-10 00:00:00-05:00,47.24599838256836,47.27299880981445,47.209999084472656,47.2599983215332,12800,0.0,0.0,0.0
2024-01-11 00:00:00-05:00,47.34000015258789,47.40999984741211,47.27000045776367,47.37699890136719,8900,0.0,0.0,0.0
2024-01-12 00:00:00-05:00,47.4900016784668,47.5099983215332,47.430999755859375,47.45000076293945,7300,0.0,0.0,0.0
2024-01-16 00:00:00-05:00,47.44900131225586,47.44900131225586,47.349998474121094,47.369998931884766,4300,0.0,0.0,0.0
2024-01-17 00:00:00-05:00,47.28300094604492,47.28300094604492,47.24599838256836,47.270999908447266,10500,0.0,0.0,0.0
2024-01-18 00:00:00-05:00,47.270999908447266,47.31999969482422,47.26100158691406,47.28499984741211,17300,0.0,0.0,0.0
2024-01-19 00:00:00-05:00,47.290000915527344,47.29999923706055,47.25400161743164,47.2859992980957,11300,0.0,0.0,0.0
2024-01-22 00:00:00-05:00,47.332000732421875,47.3650016784668,47.32600021362305,47.349998474121094,3200,0.0,0.0,0.0
2024-01-23 00:00:00-05:00,47.3380012512207,47.349998474121094,47.314998626708984,47.34000015258789,33500,0.0,0.0,0.0
2024-01-24 00:00:00-05:00,47.369998931884766,47.375999450683594,47.290000915527344,47.314998626708984,11700,0.0,0.0,0.0
2024-01-25 00:00:00-05:00,47.189998626708984,47.27000045776367,47.189998626708984,47.255001068115234,6000,0.0,0.0,0.0
2024-01-26 00:00:00-05:00,47.25,47.25600051879883,47.220001220703125,47.22999954223633,4200,0.0,0.0,0.0
2024-01-29 00:00:00-05:00,47.284000396728516,47.30500030517578,47.2599983215332,47.30500030517578,9200,0.0,0.0,0.0
2024-01-30 00:00:00-05:00,47.2400016784668,47.310001373291016,47.2400016784668,47.2859992980957,15500,0.0,0.0,0.0
2024-01-31 00:00:00-05:00,47.439998626708984,47.439998626708984,47.29999923706055,47.36000061035156,1312300,0.0,0.0,0.0
2024-02-01 00:00:00-05:00,47.459999084472656,47.48699951171875,47.459999084472656,47.4739990234375,7700,0.0,0.0,0.0
2024-02-02 00:00:00-05:00,47.290000915527344,47.33100128173828,47.26100158691406,47.32699966430664,6300,0.0,0.0,0.0
2024-02-05 00:00:00-05:00,47.18299865722656,47.220001220703125,47.18299865722656,47.20000076293945,2500,0.0,0.0,0.0
2024-02-06 00:00:00-05:00,47.220001220703125,47.310001373291016,47.220001220703125,47.30500030517578,3400,0.0,0.0,0.0
2024-02-07 00:00:00-05:00,47.33000183105469,47.33000183105469,47.27799987792969,47.27799987792969,2000,0.0,0.0,0.0
2024-02-08 00:00:00-05:00,47.2400016784668,47.244998931884766,47.222999572753906,47.224998474121094,8700,0.0,0.0,0.0
2024-02-09 00:00:00-05:00,47.15999984741211,47.209999084472656,47.15999984741211,47.20100021362305,5200,0.0,0.0,0.0
2024-02-12 00:00:00-05:00,47.27000045776367,47.27000045776367,47.220001220703125,47.2400016784668,5900,0.0,0.0,0.0
2024-02-13 00:00:00-05:00,47.119998931884766,47.119998931884766,47.04100036621094,47.064998626708984,7100,0.0,0.0,0.0
2024-02-14 00:00:00-05:00,47.119998931884766,47.14899826049805,47.11000061035156,47.13999938964844,1900,0.0,0.0,0.0
2024-02-15 00:00:00-05:00,47.2239990234375,47.2239990234375,47.16999816894531,47.19300079345703,3000,0.0,0.0,0.0
2024-02-16 00:00:00-05:00,47.11199951171875,47.13999938964844,47.11199951171875,47.12900161743164,2200,0.0,0.0,0.0
2024-02-20 00:00:00-05:00,47.16999816894531,47.220001220703125,47.15999984741211,47.16600036621094,6900,0.0,0.0,0.0
2024-02-21 00:00:00-05:00,47.18600082397461,47.220001220703125,47.119998931884766,47.13999938964844,5200,0.0,0.0,0.0
2024-02-22 00:00:00-05:00,47.1150016784668,47.13999938964844,47.08599853515625,47.11000061035156,2100,0.0,0.0,0.0
2024-02-23 00:00:00-05:00,46.96699905395508,47.040000915527344,46.96699905395508,47.0099983215332,2100,0.0,0.0,0.0
2024-02-26 00:00:00-05:00,46.97999954223633,46.9900016784668,46.9640007019043,46.965999603271484,700,0.0,0.0,0.0
2024-02-27 00:00:00-05:00,46.95000076293945,47.0,46.939998626708984,46.959999084472656,2300,0.0,0.0,0.0
2024-02-28 00:00:00-05:00,47.029998779296875,47.029998779296875,47.005001068115234,47.005001068115234,500,0.0,0.0,0.0
2024-02-29 00:00:00-05:00,47.05500030517578,47.05500030517578,47.0,47.020999908447266,2200,0.0,0.0,0.0
2024-03-01 00:00:00-05:00,47.064998626708984,47.1619987487793,47.064998626708984,47.150001525878906,3800,0.0,0.0,0.0
2024-03-04 00:00:00-05:00,47.130001068115234,47.13999938964844,47.06999969482422,47.10499954223633,4900,0.0,0.0,0.0
2024-03-05 00:00:00-05:00,47.150001525878906,47.20000076293945,47.11000061035156,47.13999938964844,33400,0.0,0.0,0.0
2024-03-06 00:00:00-05:00,47.18000030517578,47.20100021362305,47.145999908447266,47.165000915527344,3900,0.0,0.0,0.0
2024-03-07 00:00:00-05:00,47.220001220703125,47.244998931884766,47.194000244140625,47.244998931884766,3900,0.0,0.0,0.0
2024-03-08 00:00:00-05:00,47.36000061035156,47.36000061035156,47.310001373291016,47.310001373291016,600,0.0,0.0,0.0
2024-03-11 00:00:00-04:00,47.275001525878906,47.290000915527344,47.25,47.26499938964844,2400,0.0,0.0,0.0
2024-03-12 00:00:00-04:00,47.209999084472656,47.24399948120117,47.189998626708984,47.189998626708984,4200,0.0,0.0,0.0
2024-03-13 00:00:00-04:00,47.17300033569336,47.17300033569336,47.1609992980957,47.1609992980957,3300,0.0,0.0,0.0
2024-03-14 00:00:00-04:00,47.16999816894531,47.16999816894531,47.06100082397461,47.09000015258789,7600,0.0,0.0,0.0
2024-03-15 00:00:00-04:00,47.02000045776367,47.03200149536133,46.97999954223633,47.0099983215332,52600,0.0,0.0,0.0
2024-03-18 00:00:00-04:00,47.0369987487793,47.04999923706055,47.000999450683594,47.025001525878906,1000,0.0,0.0,0.0
2024-03-19 00:00:00-04:00,47.08000183105469,47.099998474121094,47.04999923706055,47.07500076293945,1100,0.0,0.0,0.0
2024-03-20 00:00:00-04:00,47.084999084472656,47.18000030517578,47.06999969482422,47.15800094604492,1800,0.0,0.0,0.0
2024-03-21 00:00:00-04:00,47.209999084472656,47.209999084472656,47.150001525878906,47.18000030517578,3900,0.0,0.0,0.0
2024-03-22 00:00:00-04:00,47.08000183105469,47.08000183105469,47.04999923706055,47.04999923706055,900,0.0,0.0,0.0
2024-03-25 00:00:00-04:00,47.0,47.09000015258789,47.0,47.05799865722656,1300,0.0,0.0,0.0
2024-03-26 00:00:00-04:00,47.018001556396484,47.06999969482422,47.018001556396484,47.060001373291016,1300,0.0,0.0,0.0
2024-03-27 00:00:00-04:00,47.06999969482422,47.13999938964844,47.06999969482422,47.112998962402344,800,0.0,0.0,0.0
2024-03-28 00:00:00-04:00,47.13999938964844,47.13999938964844,47.06999969482422,47.090999603271484,3400,0.0,0.0,0.0
2024-04-01 00:00:00-04:00,47.029998779296875,47.029998779296875,46.97999954223633,46.994998931884766,1800,0.0,0.0,0.0
2024-04-02 00:00:00-04:00,47.0099983215332,47.0099983215332,46.959999084472656,46.994998931884766,8200,0.0,0.0,0.0
2024-04-03 00:00:00-04:00,47.0099983215332,47.013999938964844,46.948001861572266,47.013999938964844,1200,0.0,0.0,0.0
2024-04-04 00:00:00-04:00,47.02000045776367,47.06100082397461,47.01499938964844,47.06100082397461,2600,0.0,0.0,0.0
2024-04-05 00:00:00-04:00,47.04999923706055,47.04999923706055,46.99700164794922,46.99700164794922,2400,0.0,0.0,0.0
2024-04-08 00:00:00-04:00,46.90999984741211,46.97999954223633,46.90999984741211,46.970001220703125,5800,0.0,0.0,0.0
2024-04-09 00:00:00-04:00,47.040000915527344,47.040000915527344,46.96099853515625,46.994998931884766,2300,0.0,0.0,0.0
2024-04-10 00:00:00-04:00,46.84400177001953,46.84400177001953,46.7400016784668,46.75,7300,0.0,0.0,0.0
2024-04-11 00:00:00-04:00,46.779998779296875,46.779998779296875,46.72100067138672,46.76900100708008,500,0.0,0.0,0.0
2024-04-12 00:00:00-04:00,46.79999923706055,46.81100082397461,46.77000045776367,46.80400085449219,2900,0.0,0.0,0.0
2024-04-15 00:00:00-04:00,46.79999923706055,46.79999923706055,46.70000076293945,46.76300048828125,4600,0.0,0.0,0.0
2024-04-16 00:00:00-04:00,46.71500015258789,46.75,46.68000030517578,46.69200134277344,2400,0.0,0.0,0.0
2024-04-17 00:00:00-04:00,46.72999954223633,46.77000045776367,46.72999954223633,46.75600051879883,5500,0.0,0.0,0.0
2024-04-18 00:00:00-04:00,46.744998931884766,46.763999938964844,46.70000076293945,46.73500061035156,3700,0.0,0.0,0.0
2024-04-19 00:00:00-04:00,46.75,46.75,46.70500183105469,46.720001220703125,2200,0.0,0.0,0.0
2024-04-22 00:00:00-04:00,46.790000915527344,46.790000915527344,46.73500061035156,46.7599983215332,6900,0.0,0.0,0.0
2024-04-23 00:00:00-04:00,46.79999923706055,46.83000183105469,46.77000045776367,46.81700134277344,6000,0.0,0.0,0.0
2024-04-24 00:00:00-04:00,46.599998474121094,46.65999984741211,46.599998474121094,46.65999984741211,1600,0.0,0.0,0.0
2024-04-25 00:00:00-04:00,46.560001373291016,46.64899826049805,46.560001373291016,46.61000061035156,3600,0.0,0.0,0.0
2024-04-26 00:00:00-04:00,46.672000885009766,46.672000885009766,46.59000015258789,46.630001068115234,2300,0.0,0.0,0.0
2024-04-29 00:00:00-04:00,46.630001068115234,46.68000030517578,46.619998931884766,46.65999984741211,3800,0.0,0.0,0.0
2024-04-30 00:00:00-04:00,46.599998474121094,46.64400100708008,46.59199905395508,46.599998474121094,2300,0.0,0.0,0.0
2024-05-01 00:00:00-04:00,46.617000579833984,46.68199920654297,46.60499954223633,46.68199920654297,1600,0.0,0.0,0.0
2024-05-02 00:00:00-04:00,46.768001556396484,46.849998474121094,46.768001556396484,46.80500030517578,12200,0.0,0.0,0.0
2024-05-03 00:00:00-04:00,46.91999816894531,46.93000030517578,46.880001068115234,46.90399932861328,3800,0.0,0.0,0.0
2024-05-06 00:00:00-04:00,46.90999984741211,46.95000076293945,46.9010009765625,46.922000885009766,600,0.0,0.0,0.0
2024-05-07 00:00:00-04:00,46.93000030517578,46.93000030517578,46.900001525878906,46.92499923706055,1900,0.0,0.0,0.0
2024-05-08 00:00:00-04:00,46.90999984741211,46.926998138427734,46.900001525878906,46.90299987792969,1900,0.0,0.0,0.0
2024-05-09 00:00:00-04:00,46.91999816894531,46.95000076293945,46.91400146484375,46.941001892089844,1900,0.0,0.0,0.0
2024-05-10 00:00:00-04:00,46.90999984741211,46.935001373291016,46.88999938964844,46.904998779296875,3400,0.0,0.0,0.0
2024-05-13 00:00:00-04:00,46.91999816894531,46.939998626708984,46.915000915527344,46.915000915527344,800,0.0,0.0,0.0
2024-05-14 00:00:00-04:00,46.959999084472656,46.959999084472656,46.93000030517578,46.939998626708984,3600,0.0,0.0,0.0
2024-05-15 00:00:00-04:00,47.016998291015625,47.07500076293945,47.016998291015625,47.07500076293945,900,0.0,0.0,0.0
2024-05-16 00:00:00-04:00,46.97999954223633,47.04999923706055,46.97999954223633,47.02000045776367,5700,0.0,0.0,0.0
2024-05-17 00:00:00-04:00,47.060001373291016,47.060001373291016,46.9900016784668,47.0,5600,0.0,0.0,0.0
2024-05-20 00:00:00-04:00,46.970001220703125,47.029998779296875,46.96099853515625,46.99100112915039,9600,0.0,0.0,0.0
2024-05-21 00:00:00-04:00,47.0099983215332,47.04999923706055,46.97999954223633,47.01499938964844,5200,0.0,0.0,0.0
2024-05-22 00:00:00-04:00,46.970001220703125,47.0,46.970001220703125,46.97999954223633,2100,0.0,0.0,0.0
2024-05-23 00:00:00-04:00,46.9900016784668,46.9900016784668,46.88999938964844,46.92900085449219,2300,0.0,0.0,0.0
2024-05-24 00:00:00-04:00,46.744998931884766,46.790000915527344,46.744998931884766,46.77000045776367,1900,0.0,0.0,0.0
2024-05-28 00:00:00-04:00,46.784000396728516,46.784000396728516,46.720001220703125,46.724998474121094,3500,0.0,0.0,0.0
2024-05-29 00:00:00-04:00,46.689998626708984,46.7239990234375,46.66999816894531,46.69499969482422,3700,0.0,0.0,0.0
2024-05-30 00:00:00-04:00,46.755001068115234,46.7760009765625,46.755001068115234,46.76499938964844,500,0.0,0.0,0.0
2024-05-31 00:00:00-04:00,46.84000015258789,46.84000015258789,46.84000015258789,46.84000015258789,200,0.0,0.0,0.0
2024-06-03 00:00:00-04:00,46.849998474121094,46.939998626708984,46.849998474121094,46.939998626708984,3300,0.0,0.0,0.0
2024-06-04 00:00:00-04:00,47.03300094604492,47.03300094604492,46.959999084472656,47.005001068115234,7600,0.0,0.0,0.0
2024-06-05 00:00:00-04:00,47.01599884033203,47.053001403808594,46.97999954223633,47.053001403808594,700,0.0,0.0,0.0
2024-06-06 00:00:00-04:00,47.06399917602539,47.090999603271484,47.029998779296875,47.0629997253418,7600,0.0,0.0,0.0
2024-06-07 00:00:00-04:00,46.95600128173828,46.970001220703125,46.93000030517578,46.933998107910156,3300,0.0,0.0,0.0
2024-06-10 00:00:00-04:00,46.915000915527344,46.91999816894531,46.88999938964844,46.91999816894531,1100,0.0,0.0,0.0
2024-06-11 00:00:00-04:00,46.94300079345703,46.959999084472656,46.94300079345703,46.959999084472656,2400,0.0,0.0,0.0
2024-06-12 00:00:00-04:00,47.13999938964844,47.15999984741211,47.040000915527344,47.040000915527344,3100,0.0,0.0,0.0
2024-06-13 00:00:00-04:00,47.13999938964844,47.20000076293945,47.13999938964844,47.17499923706055,3500,0.0,0.0,0.0
2024-06-14 00:00:00-04:00,47.17499923706055,47.17499923706055,47.17499923706055,47.17499923706055,100,0.0,0.0,0.0
2024-06-17 00:00:00-04:00,47.10200119018555,47.10200119018555,47.08000183105469,47.08599853515625,1500,0.0,0.0,0.0
2024-06-18 00:00:00-04:00,47.13999938964844,47.209999084472656,47.11000061035156,47.167999267578125,24100,0.0,0.0,0.0
2024-06-20 00:00:00-04:00,47.119998931884766,47.16899871826172,47.11000061035156,47.15999984741211,3200,0.0,0.0,0.0
2024-06-21 00:00:00-04:00,47.150001525878906,47.18000030517578,47.150001525878906,47.15700149536133,800,0.0,0.0,0.0
2024-06-24 00:00:00-04:00,47.18000030517578,47.209999084472656,47.167999267578125,47.18000030517578,1300,0.0,0.0,0.0
2024-06-25 00:00:00-04:00,47.005001068115234,47.029998779296875,46.970001220703125,47.0,4400,0.0,0.0,0.0
2024-06-26 00:00:00-04:00,46.91999816894531,46.970001220703125,46.91999816894531,46.94499969482422,3100,0.0,0.0,0.0
2024-06-27 00:00:00-04:00,46.9900016784668,47.0,46.959999084472656,46.9900016784668,1800,0.0,0.0,0.0
2024-06-28 00:00:00-04:00,47.0099983215332,47.0099983215332,46.941001892089844,46.941001892089844,700,0.0,0.0,0.0
2024-07-01 00:00:00-04:00,46.935001373291016,46.935001373291016,46.880001068115234,46.90999984741211,3300,0.0,0.0,0.0
2024-07-02 00:00:00-04:00,46.97600173950195,46.97600173950195,46.96500015258789,46.96500015258789,900,0.0,0.0,0.0
2024-07-03 00:00:00-04:00,47.04999923706055,47.05500030517578,47.04999923706055,47.05500030517578,1100,0.0,0.0,0.0
2024-07-05 00:00:00-04:00,47.14500045776367,47.16999816894531,47.14500045776367,47.15999984741211,2900,0.0,0.0,0.0
2024-07-08 00:00:00-04:00,47.18000030517578,47.20000076293945,47.16999816894531,47.185001373291016,4500,0.0,0.0,0.0
2024-07-09 00:00:00-04:00,47.165000915527344,47.165000915527344,47.165000915527344,47.165000915527344,200,0.0,0.0,0.0
2024-07-10 00:00:00-04:00,47.19200134277344,47.198001861572266,47.19200134277344,47.19499969482422,800,0.0,0.0,0.0
2024-07-11 00:00:00-04:00,47.30699920654297,47.33000183105469,47.30699920654297,47.31999969482422,2900,0.0,0.0,0.0
2024-07-12 00:00:00-04:00,47.36000061035156,47.369998931884766,47.36000061035156,47.369998931884766,500,0.0,0.0,0.0
2024-07-15 00:00:00-04:00,47.3849983215332,47.39500045776367,47.3849983215332,47.39500045776367,400,0.0,0.0,0.0
2024-07-16 00:00:00-04:00,47.40999984741211,47.41999816894531,47.369998931884766,47.41999816894531,1300,0.0,0.0,0.0
2024-07-17 00:00:00-04:00,47.380001068115234,47.415000915527344,47.380001068115234,47.415000915527344,5000,0.0,0.0,0.0
2024-07-18 00:00:00-04:00,47.417999267578125,47.41999816894531,47.417999267578125,47.41999816894531,800,0.0,0.0,0.0
2024-07-19 00:00:00-04:00,47.349998474121094,47.36000061035156,47.349998474121094,47.349998474121094,400,0.0,0.0,0.0
2024-07-22 00:00:00-04:00,47.34000015258789,47.36600112915039,47.31999969482422,47.349998474121094,3500,0.0,0.0,0.0
2024-07-23 00:00:00-04:00,47.3849983215332,47.3849983215332,47.37200164794922,47.375,1000,0.0,0.0,0.0
2024-07-24 00:00:00-04:00,47.43000030517578,47.43000030517578,47.38999938964844,47.38999938964844,500,0.0,0.0,0.0
2024-07-25 00:00:00-04:00,47.41999816894531,47.433998107910156,47.380001068115234,47.380001068115234,2000,0.0,0.0,0.0
2024-07-26 00:00:00-04:00,47.275001525878906,47.290000915527344,47.2599983215332,47.27899932861328,1500,0.0,0.0,0.0
2024-07-29 00:00:00-04:00,47.301998138427734,47.31999969482422,47.301998138427734,47.308998107910156,1000,0.0,0.0,0.0
2024-07-30 00:00:00-04:00,47.32500076293945,47.33000183105469,47.290000915527344,47.32699966430664,6000,0.0,0.0,0.0
2024-07-31 00:00:00-04:00,47.36000061035156,47.42900085449219,47.349998474121094,47.42900085449219,500,0.0,0.0,0.0
2024-08-01 00:00:00-04:00,47.47999954223633,47.54999923706055,47.47999954223633,47.54999923706055,900,0.0,0.0,0.0
2024-08-02 00:00:00-04:00,47.68000030517578,47.81999969482422,47.54999923706055,47.803001403808594,3800,0.0,0.0,0.0
2024-08-05 00:00:00-04:00,47.79999923706055,47.79999923706055,47.7599983215332,47.7599983215332,1800,0.0,0.0,0.0
2024-08-06 00:00:00-04:00,47.709999084472656,47.729000091552734,47.689998626708984,47.709999084472656,4800,0.0,0.0,0.0
2024-08-07 00:00:00-04:00,47.65999984741211,47.66999816894531,47.650001525878906,47.654998779296875,1500,0.0,0.0,0.0
2024-08-08 00:00:00-04:00,47.630001068115234,47.650001525878906,47.630001068115234,47.645999908447266,2100,0.0,0.0,0.0
2024-08-09 00:00:00-04:00,47.65999984741211,47.676998138427734,47.63999938964844,47.654998779296875,1300,0.0,0.0,0.0
2024-08-12 00:00:00-04:00,47.66999816894531,47.689998626708984,47.66999816894531,47.683998107910156,1100,0.0,0.0,0.0
2024-08-13 00:00:00-04:00,47.779998779296875,47.779998779296875,47.779998779296875,47.779998779296875,700,0.0,0.0,0.0
2024-08-14 00:00:00-04:00,47.77000045776367,47.86000061035156,47.77000045776367,47.814998626708984,800,0.0,0.0,0.0
2024-08-15 00:00:00-04:00,47.689998626708984,47.7239990234375,47.689998626708984,47.70000076293945,8400,0.0,0.0,0.0
2024-08-16 00:00:00-04:00,47.75,47.75,47.709999084472656,47.75,1700,0.0,0.0,0.0
