Date,Open,High,Low,Close,Volume,Dividends,Stock Splits
2011-02-28 00:00:00+08:00,0.05925639111123098,0.05925639111123098,0.055628448724746704,0.055628448724746704,1605000,0.0,0.0
2011-03-01 00:00:00+08:00,0.0556284541877601,0.05683776723400363,0.0544191375374794,0.0544191375374794,378000,0.0,0.0
2011-03-02 00:00:00+08:00,0.05441914532691917,0.05562846215029889,0.05079120206485538,0.05200051888823509,137000,0.0,0.0
2011-03-03 00:00:00+08:00,0.04837256700557537,0.0532098226249218,0.04837256700557537,0.0532098226249218,10000,0.0,0.0
2011-03-04 00:00:00+08:00,0.05200051888823509,0.05200051888823509,0.05200051888823509,0.05200051888823509,10000,0.0,0.0
2011-03-07 00:00:00+08:00,0.05200051888823509,0.05200051888823509,0.05200051888823509,0.05200051888823509,10000,0.0,0.0
2011-03-08 00:00:00+08:00,0.05200051888823509,0.05200051888823509,0.05200051888823509,0.05200051888823509,4000,0.0,0.0
2011-03-09 00:00:00+08:00,0.052000509621094454,0.0532098226249218,0.052000509621094454,0.0532098226249218,70000,0.0,0.0
2011-03-10 00:00:00+08:00,0.0532098226249218,0.05441913562874914,0.0532098226249218,0.0532098226249218,90000,0.0,0.0
2011-03-11 00:00:00+08:00,0.05320982449123587,0.0544191375374794,0.05320982449123587,0.0544191375374794,31000,0.0,0.0
2011-03-14 00:00:00+08:00,0.0544191375374794,0.0544191375374794,0.0544191375374794,0.0544191375374794,5000,0.0,0.0
2011-03-15 00:00:00+08:00,0.0544191375374794,0.0544191375374794,0.0544191375374794,0.0544191375374794,15000,0.0,0.0
2011-03-16 00:00:00+08:00,0.0544191321932274,0.055628448724746704,0.0544191321932274,0.055628448724746704,86000,0.0,0.0
2011-03-17 00:00:00+08:00,0.0544191375374794,0.0544191375374794,0.0544191375374794,0.0544191375374794,20000,0.0,0.0
2011-03-18 00:00:00+08:00,0.0544191375374794,0.0544191375374794,0.0544191375374794,0.0544191375374794,0,0.0,0.0
2011-03-21 00:00:00+08:00,0.05562846160567285,0.0568377748131752,0.05562846160567285,0.0568377748131752,210000,0.0,0.0
2011-03-22 00:00:00+08:00,0.055628448724746704,0.055628448724746704,0.055628448724746704,0.055628448724746704,4000,0.0,0.0
2011-03-23 00:00:00+08:00,0.0568377748131752,0.0568377748131752,0.0568377748131752,0.0568377748131752,212000,0.0,0.0
2011-03-24 00:00:00+08:00,0.05683777283502835,0.058047086000442505,0.05683777283502835,0.058047086000442505,57000,0.0,0.0
2011-03-25 00:00:00+08:00,0.05683777283502835,0.058047086000442505,0.05683777283502835,0.058047086000442505,30000,0.0,0.0
2011-03-28 00:00:00+08:00,0.058047086000442505,0.058047086000442505,0.058047086000442505,0.058047086000442505,0,0.0,0.0
2011-03-29 00:00:00+08:00,0.058047086000442505,0.058047086000442505,0.058047086000442505,0.058047086000442505,21000,0.0,0.0
2011-03-30 00:00:00+08:00,0.058047086000442505,0.058047086000442505,0.058047086000442505,0.058047086000442505,14000,0.0,0.0
2011-03-31 00:00:00+08:00,0.05683777283502835,0.058047086000442505,0.05683777283502835,0.058047086000442505,37000,0.0,0.0
2011-04-01 00:00:00+08:00,0.0580470841814443,0.06046571404051851,0.0568377710539259,0.05925640091300011,52000,0.0,0.0
2011-04-04 00:00:00+08:00,0.05925640276989419,0.05925640276989419,0.058047086000442505,0.058047086000442505,159000,0.0,0.0
2011-04-05 00:00:00+08:00,0.05925640091300011,0.05925640091300011,0.05925640091300011,0.05925640091300011,5000,0.0,0.0
2011-04-06 00:00:00+08:00,0.05925640091300011,0.05925640091300011,0.05925640091300011,0.05925640091300011,0,0.0,0.0
2011-04-07 00:00:00+08:00,0.05925640091300011,0.05925640091300011,0.05925640091300011,0.05925640091300011,0,0.0,0.0
2011-04-08 00:00:00+08:00,0.05925640091300011,0.05925640091300011,0.05925640091300011,0.05925640091300011,0,0.0,0.0
2011-04-11 00:00:00+08:00,0.05925640091300011,0.05925640091300011,0.05925640091300011,0.05925640091300011,0,0.0,0.0
2011-04-12 00:00:00+08:00,0.05925640091300011,0.05925640091300011,0.05925640091300011,0.05925640091300011,0,0.0,0.0
2011-04-13 00:00:00+08:00,0.05925640091300011,0.05925640091300011,0.05925640091300011,0.05925640091300011,0,0.0,0.0
2011-04-14 00:00:00+08:00,0.05925640091300011,0.05925640091300011,0.05925640091300011,0.05925640091300011,1000,0.0,0.0
2011-04-15 00:00:00+08:00,0.05925640091300011,0.05925640091300011,0.05925640091300011,0.05925640091300011,0,0.0,0.0
2011-04-18 00:00:00+08:00,0.05925640091300011,0.05925640091300011,0.05925640091300011,0.05925640091300011,0,0.0,0.0
2011-04-19 00:00:00+08:00,0.058047086000442505,0.058047086000442505,0.058047086000442505,0.058047086000442505,20000,0.0,0.0
2011-04-20 00:00:00+08:00,0.058047086000442505,0.058047086000442505,0.058047086000442505,0.058047086000442505,10000,0.0,0.0
2011-04-21 00:00:00+08:00,0.0568377748131752,0.0568377748131752,0.0568377748131752,0.0568377748131752,70000,0.0,0.0
2011-04-25 00:00:00+08:00,0.0568377748131752,0.0568377748131752,0.0568377748131752,0.0568377748131752,0,0.0,0.0
2011-04-26 00:00:00+08:00,0.0568377748131752,0.0568377748131752,0.0568377748131752,0.0568377748131752,0,0.0,0.0
2011-04-27 00:00:00+08:00,0.0568377748131752,0.0568377748131752,0.0568377748131752,0.0568377748131752,0,0.0,0.0
2011-04-28 00:00:00+08:00,0.0568377748131752,0.0568377748131752,0.0568377748131752,0.0568377748131752,0,0.0,0.0
2011-04-29 00:00:00+08:00,0.0568377748131752,0.0568377748131752,0.0568377748131752,0.0568377748131752,0,0.0,0.0
2011-05-03 00:00:00+08:00,0.0568377748131752,0.0568377748131752,0.0568377748131752,0.0568377748131752,3000,0.0,0.0
2011-05-04 00:00:00+08:00,0.0568377748131752,0.0568377748131752,0.0568377748131752,0.0568377748131752,0,0.0,0.0
2011-05-05 00:00:00+08:00,0.0568377748131752,0.0568377748131752,0.0568377748131752,0.0568377748131752,0,0.0,0.0
2011-05-06 00:00:00+08:00,0.05925640091300011,0.05925640091300011,0.05925640091300011,0.05925640091300011,30000,0.0,0.0
2011-05-09 00:00:00+08:00,0.05925640091300011,0.05925640091300011,0.05925640091300011,0.05925640091300011,10000,0.0,0.0
2011-05-10 00:00:00+08:00,0.05925640091300011,0.05925640091300011,0.05925640091300011,0.05925640091300011,0,0.0,0.0
2011-05-11 00:00:00+08:00,0.05925640091300011,0.05925640091300011,0.05925640091300011,0.05925640091300011,0,0.0,0.0
2011-05-12 00:00:00+08:00,0.058047086000442505,0.058047086000442505,0.058047086000442505,0.058047086000442505,19000,0.0,0.0
2011-05-13 00:00:00+08:00,0.058047086000442505,0.058047086000442505,0.058047086000442505,0.058047086000442505,0,0.0,0.0
2011-05-16 00:00:00+08:00,0.058047086000442505,0.058047086000442505,0.058047086000442505,0.058047086000442505,0,0.0,0.0
2011-05-18 00:00:00+08:00,0.058047086000442505,0.058047086000442505,0.058047086000442505,0.058047086000442505,0,0.0,0.0
2011-05-19 00:00:00+08:00,0.058047086000442505,0.058047086000442505,0.058047086000442505,0.058047086000442505,0,0.0,0.0
2011-05-20 00:00:00+08:00,0.058047086000442505,0.058047086000442505,0.058047086000442505,0.058047086000442505,0,0.0,0.0
2011-05-23 00:00:00+08:00,0.0568377748131752,0.0568377748131752,0.0568377748131752,0.0568377748131752,79000,0.0,0.0
2011-05-24 00:00:00+08:00,0.0568377748131752,0.0568377748131752,0.0568377748131752,0.0568377748131752,39000,0.0,0.0
2011-05-25 00:00:00+08:00,0.0568377748131752,0.0568377748131752,0.0568377748131752,0.0568377748131752,0,0.0,0.0
2011-05-26 00:00:00+08:00,0.0568377748131752,0.0568377748131752,0.0568377748131752,0.0568377748131752,0,0.0,0.0
2011-05-27 00:00:00+08:00,0.0568377748131752,0.0568377748131752,0.0568377748131752,0.0568377748131752,20000,0.0,0.0
2011-05-30 00:00:00+08:00,0.0568377748131752,0.0568377748131752,0.0568377748131752,0.0568377748131752,0,0.0,0.0
2011-05-31 00:00:00+08:00,0.0568377748131752,0.0568377748131752,0.0568377748131752,0.0568377748131752,0,0.0,0.0
2011-06-01 00:00:00+08:00,0.0568377748131752,0.0568377748131752,0.0568377748131752,0.0568377748131752,20000,0.0,0.0
2011-06-02 00:00:00+08:00,0.0568377748131752,0.0568377748131752,0.0568377748131752,0.0568377748131752,0,0.0,0.0
2011-06-03 00:00:00+08:00,0.0568377748131752,0.0568377748131752,0.0568377748131752,0.0568377748131752,0,0.0,0.0
2011-06-06 00:00:00+08:00,0.0568377748131752,0.0568377748131752,0.0568377748131752,0.0568377748131752,20000,0.0,0.0
2011-06-07 00:00:00+08:00,0.0568377748131752,0.0568377748131752,0.0568377748131752,0.0568377748131752,0,0.0,0.0
2011-06-08 00:00:00+08:00,0.0568377748131752,0.0568377748131752,0.0568377748131752,0.0568377748131752,10000,0.0,0.0
2011-06-09 00:00:00+08:00,0.0568377748131752,0.0568377748131752,0.0568377748131752,0.0568377748131752,0,0.0,0.0
2011-06-10 00:00:00+08:00,0.0568377748131752,0.0568377748131752,0.0568377748131752,0.0568377748131752,0,0.0,0.0
2011-06-13 00:00:00+08:00,0.0568377748131752,0.0568377748131752,0.0568377748131752,0.0568377748131752,0,0.0,0.0
2011-06-14 00:00:00+08:00,0.0568377748131752,0.0568377748131752,0.0568377748131752,0.0568377748131752,0,0.0,0.0
2011-06-15 00:00:00+08:00,0.0568377748131752,0.0568377748131752,0.0568377748131752,0.0568377748131752,0,0.0,0.0
2011-06-16 00:00:00+08:00,0.0568377748131752,0.0568377748131752,0.0568377748131752,0.0568377748131752,0,0.0,0.0
2011-06-17 00:00:00+08:00,0.0568377748131752,0.0568377748131752,0.0568377748131752,0.0568377748131752,0,0.0,0.0
2011-06-20 00:00:00+08:00,0.0568377748131752,0.0568377748131752,0.0568377748131752,0.0568377748131752,0,0.0,0.0
2011-06-21 00:00:00+08:00,0.055628448724746704,0.055628448724746704,0.055628448724746704,0.055628448724746704,5000,0.0,0.0
2011-06-22 00:00:00+08:00,0.055628448724746704,0.055628448724746704,0.055628448724746704,0.055628448724746704,0,0.0,0.0
2011-06-23 00:00:00+08:00,0.055628448724746704,0.055628448724746704,0.055628448724746704,0.055628448724746704,0,0.0,0.0
2011-06-24 00:00:00+08:00,0.055628448724746704,0.055628448724746704,0.055628448724746704,0.055628448724746704,0,0.0,0.0
2011-06-27 00:00:00+08:00,0.055628448724746704,0.055628448724746704,0.055628448724746704,0.055628448724746704,0,0.0,0.0
2011-06-28 00:00:00+08:00,0.055628448724746704,0.055628448724746704,0.055628448724746704,0.055628448724746704,0,0.0,0.0
2011-06-29 00:00:00+08:00,0.055628448724746704,0.055628448724746704,0.055628448724746704,0.055628448724746704,0,0.0,0.0
2011-06-30 00:00:00+08:00,0.058047086000442505,0.058047086000442505,0.058047086000442505,0.058047086000442505,80000,0.0,0.0
2011-07-01 00:00:00+08:00,0.058047086000442505,0.058047086000442505,0.058047086000442505,0.058047086000442505,0,0.0,0.0
2011-07-04 00:00:00+08:00,0.058047086000442505,0.058047086000442505,0.058047086000442505,0.058047086000442505,0,0.0,0.0
2011-07-05 00:00:00+08:00,0.055628448724746704,0.055628448724746704,0.055628448724746704,0.055628448724746704,20000,0.0,0.0
2011-07-06 00:00:00+08:00,0.055628448724746704,0.055628448724746704,0.055628448724746704,0.055628448724746704,0,0.0,0.0
2011-07-07 00:00:00+08:00,0.055628448724746704,0.055628448724746704,0.055628448724746704,0.055628448724746704,0,0.0,0.0
2011-07-08 00:00:00+08:00,0.055628448724746704,0.055628448724746704,0.055628448724746704,0.055628448724746704,0,0.0,0.0
2011-07-11 00:00:00+08:00,0.055628448724746704,0.055628448724746704,0.055628448724746704,0.055628448724746704,0,0.0,0.0
2011-07-12 00:00:00+08:00,0.055628448724746704,0.055628448724746704,0.055628448724746704,0.055628448724746704,0,0.0,0.0
2011-07-13 00:00:00+08:00,0.055628448724746704,0.055628448724746704,0.055628448724746704,0.055628448724746704,0,0.0,0.0
2011-07-14 00:00:00+08:00,0.058047086000442505,0.058047086000442505,0.058047086000442505,0.058047086000442505,3000,0.0,0.0
2011-07-15 00:00:00+08:00,0.058047086000442505,0.058047086000442505,0.058047086000442505,0.058047086000442505,0,0.0,0.0
2011-07-18 00:00:00+08:00,0.058047086000442505,0.058047086000442505,0.058047086000442505,0.058047086000442505,0,0.0,0.0
2011-07-19 00:00:00+08:00,0.058047086000442505,0.058047086000442505,0.058047086000442505,0.058047086000442505,0,0.0,0.0
2011-07-20 00:00:00+08:00,0.058047086000442505,0.058047086000442505,0.058047086000442505,0.058047086000442505,0,0.0,0.0
2011-07-21 00:00:00+08:00,0.058047086000442505,0.058047086000442505,0.058047086000442505,0.058047086000442505,0,0.0,0.0
2011-07-22 00:00:00+08:00,0.058047086000442505,0.058047086000442505,0.058047086000442505,0.058047086000442505,0,0.0,0.0
2011-07-25 00:00:00+08:00,0.058047086000442505,0.058047086000442505,0.058047086000442505,0.058047086000442505,0,0.0,0.0
2011-07-26 00:00:00+08:00,0.058047086000442505,0.058047086000442505,0.058047086000442505,0.058047086000442505,0,0.0,0.0
2011-07-27 00:00:00+08:00,0.058047086000442505,0.058047086000442505,0.058047086000442505,0.058047086000442505,0,0.0,0.0
2011-07-28 00:00:00+08:00,0.058047086000442505,0.058047086000442505,0.058047086000442505,0.058047086000442505,0,0.0,0.0
2011-07-29 00:00:00+08:00,0.058047086000442505,0.058047086000442505,0.058047086000442505,0.058047086000442505,0,0.0,0.0
2011-08-01 00:00:00+08:00,0.058047086000442505,0.058047086000442505,0.058047086000442505,0.058047086000442505,0,0.0,0.0
2011-08-02 00:00:00+08:00,0.058047086000442505,0.058047086000442505,0.058047086000442505,0.058047086000442505,0,0.0,0.0
2011-08-03 00:00:00+08:00,0.058047086000442505,0.058047086000442505,0.058047086000442505,0.058047086000442505,0,0.0,0.0
2011-08-04 00:00:00+08:00,0.058047086000442505,0.058047086000442505,0.058047086000442505,0.058047086000442505,0,0.0,0.0
2011-08-05 00:00:00+08:00,0.058047086000442505,0.058047086000442505,0.058047086000442505,0.058047086000442505,0,0.0,0.0
2011-08-08 00:00:00+08:00,0.0568377748131752,0.0568377748131752,0.0568377748131752,0.0568377748131752,10000,0.0,0.0
2011-08-10 00:00:00+08:00,0.0568377748131752,0.0568377748131752,0.0568377748131752,0.0568377748131752,0,0.0,0.0
2011-08-11 00:00:00+08:00,0.0568377748131752,0.0568377748131752,0.0568377748131752,0.0568377748131752,0,0.0,0.0
2011-08-12 00:00:00+08:00,0.0568377748131752,0.0568377748131752,0.0568377748131752,0.0568377748131752,0,0.0,0.0
2011-08-15 00:00:00+08:00,0.055628448724746704,0.055628448724746704,0.055628448724746704,0.055628448724746704,10000,0.0,0.0
2011-08-16 00:00:00+08:00,0.055628448724746704,0.055628448724746704,0.055628448724746704,0.055628448724746704,0,0.0,0.0
2011-08-17 00:00:00+08:00,0.055628448724746704,0.055628448724746704,0.055628448724746704,0.055628448724746704,0,0.0,0.0
2011-08-18 00:00:00+08:00,0.055628448724746704,0.055628448724746704,0.055628448724746704,0.055628448724746704,0,0.0,0.0
2011-08-19 00:00:00+08:00,0.058047086000442505,0.058047086000442505,0.058047086000442505,0.058047086000442505,10000,0.0,0.0
2011-08-22 00:00:00+08:00,0.058047086000442505,0.058047086000442505,0.058047086000442505,0.058047086000442505,0,0.0,0.0
2011-08-23 00:00:00+08:00,0.058047086000442505,0.058047086000442505,0.058047086000442505,0.058047086000442505,0,0.0,0.0
2011-08-24 00:00:00+08:00,0.058047086000442505,0.058047086000442505,0.058047086000442505,0.058047086000442505,0,0.0,0.0
2011-08-25 00:00:00+08:00,0.058047086000442505,0.058047086000442505,0.058047086000442505,0.058047086000442505,0,0.0,0.0
2011-08-26 00:00:00+08:00,0.058047086000442505,0.058047086000442505,0.058047086000442505,0.058047086000442505,0,0.0,0.0
2011-08-29 00:00:00+08:00,0.05925640091300011,0.05925640091300011,0.05925640091300011,0.05925640091300011,10000,0.0,0.0
2011-08-31 00:00:00+08:00,0.05925640091300011,0.05925640091300011,0.05925640091300011,0.05925640091300011,0,0.0,0.0
2011-09-01 00:00:00+08:00,0.05925640091300011,0.05925640091300011,0.05925640091300011,0.05925640091300011,0,0.0,0.0
2011-09-02 00:00:00+08:00,0.05925640091300011,0.05925640091300011,0.05925640091300011,0.05925640091300011,0,0.0,0.0
2011-09-05 00:00:00+08:00,0.05925640091300011,0.05925640091300011,0.05925640091300011,0.05925640091300011,0,0.0,0.0
2011-09-06 00:00:00+08:00,0.05925640091300011,0.05925640091300011,0.05925640091300011,0.05925640091300011,0,0.0,0.0
2011-09-07 00:00:00+08:00,0.058047086000442505,0.058047086000442505,0.058047086000442505,0.058047086000442505,10000,0.0,0.0
2011-09-08 00:00:00+08:00,0.058047086000442505,0.058047086000442505,0.058047086000442505,0.058047086000442505,0,0.0,0.0
2011-09-09 00:00:00+08:00,0.058047086000442505,0.058047086000442505,0.058047086000442505,0.058047086000442505,0,0.0,0.0
2011-09-12 00:00:00+08:00,0.058047086000442505,0.058047086000442505,0.058047086000442505,0.058047086000442505,0,0.0,0.0
2011-09-13 00:00:00+08:00,0.058047086000442505,0.058047086000442505,0.058047086000442505,0.058047086000442505,0,0.0,0.0
2011-09-14 00:00:00+08:00,0.058047086000442505,0.058047086000442505,0.058047086000442505,0.058047086000442505,20000,0.0,0.0
2011-09-15 00:00:00+08:00,0.058047086000442505,0.058047086000442505,0.058047086000442505,0.058047086000442505,0,0.0,0.0
2011-09-16 00:00:00+08:00,0.058047086000442505,0.058047086000442505,0.058047086000442505,0.058047086000442505,0,0.0,0.0
2011-09-19 00:00:00+08:00,0.058047086000442505,0.058047086000442505,0.058047086000442505,0.058047086000442505,0,0.0,0.0
2011-09-20 00:00:00+08:00,0.058047086000442505,0.058047086000442505,0.058047086000442505,0.058047086000442505,0,0.0,0.0
2011-09-21 00:00:00+08:00,0.058047086000442505,0.058047086000442505,0.058047086000442505,0.058047086000442505,0,0.0,0.0
2011-09-22 00:00:00+08:00,0.058047086000442505,0.058047086000442505,0.058047086000442505,0.058047086000442505,0,0.0,0.0
2011-09-23 00:00:00+08:00,0.058047086000442505,0.058047086000442505,0.058047086000442505,0.058047086000442505,0,0.0,0.0
2011-09-26 00:00:00+08:00,0.058047086000442505,0.058047086000442505,0.058047086000442505,0.058047086000442505,1000,0.0,0.0
2011-09-27 00:00:00+08:00,0.058047086000442505,0.058047086000442505,0.058047086000442505,0.058047086000442505,0,0.0,0.0
2011-09-28 00:00:00+08:00,0.058047086000442505,0.058047086000442505,0.058047086000442505,0.058047086000442505,0,0.0,0.0
2011-09-29 00:00:00+08:00,0.058047086000442505,0.058047086000442505,0.058047086000442505,0.058047086000442505,0,0.0,0.0
2011-09-30 00:00:00+08:00,0.058047086000442505,0.058047086000442505,0.058047086000442505,0.058047086000442505,0,0.0,0.0
2011-10-03 00:00:00+08:00,0.0568377748131752,0.0568377748131752,0.0568377748131752,0.0568377748131752,12000,0.0,0.0
2011-10-04 00:00:00+08:00,0.055628448724746704,0.055628448724746704,0.055628448724746704,0.055628448724746704,8000,0.0,0.0
2011-10-05 00:00:00+08:00,0.055628448724746704,0.055628448724746704,0.055628448724746704,0.055628448724746704,0,0.0,0.0
2011-10-06 00:00:00+08:00,0.055628448724746704,0.055628448724746704,0.055628448724746704,0.055628448724746704,0,0.0,0.0
2011-10-07 00:00:00+08:00,0.055628448724746704,0.055628448724746704,0.055628448724746704,0.055628448724746704,0,0.0,0.0
2011-10-10 00:00:00+08:00,0.055628448724746704,0.055628448724746704,0.055628448724746704,0.055628448724746704,0,0.0,0.0
2011-10-11 00:00:00+08:00,0.05562845616926465,0.05683776925858433,0.04837257042527199,0.04837257042527199,22000,0.0,0.0
2011-10-12 00:00:00+08:00,0.04837257042527199,0.04837257042527199,0.04837257042527199,0.04837257042527199,0,0.0,0.0
2011-10-13 00:00:00+08:00,0.04837257042527199,0.04837257042527199,0.04837257042527199,0.04837257042527199,0,0.0,0.0
2011-10-14 00:00:00+08:00,0.04837257042527199,0.04837257042527199,0.04837257042527199,0.04837257042527199,0,0.0,0.0
2011-10-17 00:00:00+08:00,0.04837257042527199,0.04837257042527199,0.04837257042527199,0.04837257042527199,0,0.0,0.0
2011-10-18 00:00:00+08:00,0.04837257042527199,0.04837257042527199,0.04837257042527199,0.04837257042527199,0,0.0,0.0
2011-10-19 00:00:00+08:00,0.04837257042527199,0.04837257042527199,0.04837257042527199,0.04837257042527199,0,0.0,0.0
2011-10-20 00:00:00+08:00,0.04837257042527199,0.04837257042527199,0.04837257042527199,0.04837257042527199,0,0.0,0.0
2011-10-21 00:00:00+08:00,0.04837257042527199,0.04837257042527199,0.04837257042527199,0.04837257042527199,0,0.0,0.0
2011-10-24 00:00:00+08:00,0.04837257042527199,0.04837257042527199,0.04837257042527199,0.04837257042527199,0,0.0,0.0
2011-10-25 00:00:00+08:00,0.04837257042527199,0.04837257042527199,0.04837257042527199,0.04837257042527199,0,0.0,0.0
2011-10-27 00:00:00+08:00,0.04837257042527199,0.04837257042527199,0.04837257042527199,0.04837257042527199,0,0.0,0.0
2011-10-28 00:00:00+08:00,0.04837257042527199,0.04837257042527199,0.04837257042527199,0.04837257042527199,0,0.0,0.0
2011-10-31 00:00:00+08:00,0.04837257042527199,0.04837257042527199,0.04837257042527199,0.04837257042527199,0,0.0,0.0
2011-11-01 00:00:00+08:00,0.04837257042527199,0.04837257042527199,0.04837257042527199,0.04837257042527199,0,0.0,0.0
2011-11-02 00:00:00+08:00,0.04837257042527199,0.04837257042527199,0.04837257042527199,0.04837257042527199,0,0.0,0.0
2011-11-03 00:00:00+08:00,0.04837257042527199,0.04837257042527199,0.04837257042527199,0.04837257042527199,0,0.0,0.0
2011-11-04 00:00:00+08:00,0.04837257042527199,0.04837257042527199,0.04837257042527199,0.04837257042527199,0,0.0,0.0
2011-11-08 00:00:00+08:00,0.04837257042527199,0.04837257042527199,0.04837257042527199,0.04837257042527199,0,0.0,0.0
2011-11-09 00:00:00+08:00,0.04837257042527199,0.04837257042527199,0.04837257042527199,0.04837257042527199,0,0.0,0.0
2011-11-10 00:00:00+08:00,0.04837257042527199,0.04837257042527199,0.04837257042527199,0.04837257042527199,0,0.0,0.0
2011-11-11 00:00:00+08:00,0.0532098226249218,0.05441913562874914,0.0532098226249218,0.0532098226249218,72000,0.0,0.0
2011-11-14 00:00:00+08:00,0.0544191375374794,0.0544191375374794,0.0544191375374794,0.0544191375374794,19000,0.0,0.0
2011-11-15 00:00:00+08:00,0.0544191375374794,0.0544191375374794,0.0544191375374794,0.0544191375374794,0,0.0,0.0
2011-11-16 00:00:00+08:00,0.0544191375374794,0.0544191375374794,0.0544191375374794,0.0544191375374794,0,0.0,0.0
2011-11-17 00:00:00+08:00,0.0544191375374794,0.0544191375374794,0.0544191375374794,0.0544191375374794,0,0.0,0.0
2011-11-18 00:00:00+08:00,0.0544191375374794,0.0544191375374794,0.0544191375374794,0.0544191375374794,0,0.0,0.0
2011-11-21 00:00:00+08:00,0.0544191375374794,0.0544191375374794,0.0544191375374794,0.0544191375374794,0,0.0,0.0
2011-11-22 00:00:00+08:00,0.0544191375374794,0.0544191375374794,0.0544191375374794,0.0544191375374794,0,0.0,0.0
2011-11-23 00:00:00+08:00,0.0544191375374794,0.0544191375374794,0.0544191375374794,0.0544191375374794,0,0.0,0.0
2011-11-24 00:00:00+08:00,0.0544191375374794,0.0544191375374794,0.0544191375374794,0.0544191375374794,0,0.0,0.0
2011-11-25 00:00:00+08:00,0.0544191375374794,0.0544191375374794,0.0544191375374794,0.0544191375374794,0,0.0,0.0
2011-11-28 00:00:00+08:00,0.0544191375374794,0.0544191375374794,0.0544191375374794,0.0544191375374794,0,0.0,0.0
2011-11-29 00:00:00+08:00,0.0544191375374794,0.0544191375374794,0.0544191375374794,0.0544191375374794,0,0.0,0.0
2011-11-30 00:00:00+08:00,0.0544191375374794,0.0544191375374794,0.0544191375374794,0.0544191375374794,0,0.0,0.0
2011-12-01 00:00:00+08:00,0.0544191375374794,0.0544191375374794,0.0544191375374794,0.0544191375374794,50000,0.0,0.0
2011-12-02 00:00:00+08:00,0.0544191375374794,0.0544191375374794,0.0544191375374794,0.0544191375374794,0,0.0,0.0
2011-12-05 00:00:00+08:00,0.0544191375374794,0.0544191375374794,0.0544191375374794,0.0544191375374794,0,0.0,0.0
2011-12-06 00:00:00+08:00,0.0544191375374794,0.0544191375374794,0.0544191375374794,0.0544191375374794,0,0.0,0.0
2011-12-07 00:00:00+08:00,0.0544191375374794,0.0544191375374794,0.0544191375374794,0.0544191375374794,0,0.0,0.0
2011-12-08 00:00:00+08:00,0.0544191375374794,0.0544191375374794,0.0544191375374794,0.0544191375374794,0,0.0,0.0
2011-12-09 00:00:00+08:00,0.05079120025038719,0.05079120025038719,0.05079120025038719,0.05079120025038719,6000,0.0,0.0
2011-12-12 00:00:00+08:00,0.05079120025038719,0.05079120025038719,0.05079120025038719,0.05079120025038719,0,0.0,0.0
2011-12-13 00:00:00+08:00,0.05079120025038719,0.05079120025038719,0.05079120025038719,0.05079120025038719,0,0.0,0.0
2011-12-14 00:00:00+08:00,0.05079120025038719,0.05079120025038719,0.05079120025038719,0.05079120025038719,0,0.0,0.0
2011-12-15 00:00:00+08:00,0.05079120025038719,0.05079120025038719,0.05079120025038719,0.05079120025038719,0,0.0,0.0
2011-12-16 00:00:00+08:00,0.05079120025038719,0.05079120025038719,0.05079120025038719,0.05079120025038719,0,0.0,0.0
2011-12-19 00:00:00+08:00,0.05079120025038719,0.05079120025038719,0.05079120025038719,0.05079120025038719,0,0.0,0.0
2011-12-20 00:00:00+08:00,0.05079120025038719,0.05079120025038719,0.05079120025038719,0.05079120025038719,0,0.0,0.0
2011-12-21 00:00:00+08:00,0.05079120025038719,0.05079120025038719,0.05079120025038719,0.05079120025038719,0,0.0,0.0
2011-12-22 00:00:00+08:00,0.05079120025038719,0.05079120025038719,0.05079120025038719,0.05079120025038719,0,0.0,0.0
2011-12-23 00:00:00+08:00,0.05079120025038719,0.05079120025038719,0.05079120025038719,0.05079120025038719,0,0.0,0.0
2011-12-27 00:00:00+08:00,0.04837257042527199,0.04837257042527199,0.04837257042527199,0.04837257042527199,5000,0.0,0.0
2011-12-28 00:00:00+08:00,0.04837257042527199,0.04837257042527199,0.04837257042527199,0.04837257042527199,0,0.0,0.0
2011-12-29 00:00:00+08:00,0.04837257042527199,0.04837257042527199,0.04837257042527199,0.04837257042527199,0,0.0,0.0
2011-12-30 00:00:00+08:00,0.04837257042527199,0.04837257042527199,0.04837257042527199,0.04837257042527199,60000,0.0,0.0
2012-01-03 00:00:00+08:00,0.04837257042527199,0.04837257042527199,0.04837257042527199,0.04837257042527199,55000,0.0,0.0
2012-01-04 00:00:00+08:00,0.04837257042527199,0.04837257042527199,0.04837257042527199,0.04837257042527199,0,0.0,0.0
2012-01-05 00:00:00+08:00,0.04837257042527199,0.04837257042527199,0.04837257042527199,0.04837257042527199,0,0.0,0.0
2012-01-06 00:00:00+08:00,0.04837257042527199,0.04837257042527199,0.04837257042527199,0.04837257042527199,0,0.0,0.0
2012-01-09 00:00:00+08:00,0.04837257042527199,0.04837257042527199,0.04837257042527199,0.04837257042527199,0,0.0,0.0
2012-01-10 00:00:00+08:00,0.04837257042527199,0.04837257042527199,0.04837257042527199,0.04837257042527199,0,0.0,0.0
2012-01-11 00:00:00+08:00,0.04837257042527199,0.04837257042527199,0.04837257042527199,0.04837257042527199,0,0.0,0.0
2012-01-12 00:00:00+08:00,0.05925640091300011,0.05925640091300011,0.05925640091300011,0.05925640091300011,1000,0.0,0.0
2012-01-13 00:00:00+08:00,0.05925640091300011,0.05925640091300011,0.05925640091300011,0.05925640091300011,35000,0.0,0.0
2012-01-16 00:00:00+08:00,0.05925640091300011,0.05925640091300011,0.05925640091300011,0.05925640091300011,0,0.0,0.0
2012-01-17 00:00:00+08:00,0.05925640091300011,0.05925640091300011,0.05925640091300011,0.05925640091300011,0,0.0,0.0
2012-01-18 00:00:00+08:00,0.05925640091300011,0.05925640091300011,0.05925640091300011,0.05925640091300011,0,0.0,0.0
2012-01-19 00:00:00+08:00,0.05925640091300011,0.05925640091300011,0.05925640091300011,0.05925640091300011,0,0.0,0.0
2012-01-20 00:00:00+08:00,0.05925640091300011,0.05925640091300011,0.05925640091300011,0.05925640091300011,0,0.0,0.0
2012-01-25 00:00:00+08:00,0.05925640091300011,0.05925640091300011,0.05925640091300011,0.05925640091300011,0,0.0,0.0
2012-01-26 00:00:00+08:00,0.05925640091300011,0.05925640091300011,0.05925640091300011,0.05925640091300011,0,0.0,0.0
2012-01-27 00:00:00+08:00,0.05925640091300011,0.05925640091300011,0.05925640091300011,0.05925640091300011,0,0.0,0.0
2012-01-30 00:00:00+08:00,0.05925640091300011,0.05925640091300011,0.05925640091300011,0.05925640091300011,0,0.0,0.0
2012-01-31 00:00:00+08:00,0.05925640091300011,0.05925640091300011,0.05925640091300011,0.05925640091300011,0,0.0,0.0
2012-02-01 00:00:00+08:00,0.05925640091300011,0.05925640091300011,0.05925640091300011,0.05925640091300011,0,0.0,0.0
2012-02-02 00:00:00+08:00,0.060040608048439026,0.060040608048439026,0.060040608048439026,0.060040608048439026,0,0.0032,0.0
2012-02-03 00:00:00+08:00,0.05881528556346893,0.05881528556346893,0.05881528556346893,0.05881528556346893,34000,0.0,0.0
2012-02-06 00:00:00+08:00,0.05881528556346893,0.05881528556346893,0.05881528556346893,0.05881528556346893,0,0.0,0.0
2012-02-07 00:00:00+08:00,0.05881528556346893,0.05881528556346893,0.05881528556346893,0.05881528556346893,0,0.0,0.0
2012-02-08 00:00:00+08:00,0.05881528556346893,0.05881528556346893,0.05881528556346893,0.05881528556346893,0,0.0,0.0
2012-02-09 00:00:00+08:00,0.04901273548603058,0.04901273548603058,0.04901273548603058,0.04901273548603058,30000,0.0,0.0
2012-02-10 00:00:00+08:00,0.04901273548603058,0.04901273548603058,0.04901273548603058,0.04901273548603058,0,0.0,0.0
2012-02-13 00:00:00+08:00,0.04901273548603058,0.04901273548603058,0.04901273548603058,0.04901273548603058,0,0.0,0.0
2012-02-14 00:00:00+08:00,0.04901273548603058,0.04901273548603058,0.04901273548603058,0.04901273548603058,0,0.0,0.0
2012-02-15 00:00:00+08:00,0.04901273548603058,0.04901273548603058,0.04901273548603058,0.04901273548603058,0,0.0,0.0
2012-02-16 00:00:00+08:00,0.04901273548603058,0.04901273548603058,0.04901273548603058,0.04901273548603058,0,0.0,0.0
2012-02-17 00:00:00+08:00,0.04901273548603058,0.04901273548603058,0.04901273548603058,0.04901273548603058,0,0.0,0.0
2012-02-20 00:00:00+08:00,0.04901273548603058,0.04901273548603058,0.04901273548603058,0.04901273548603058,0,0.0,0.0
2012-02-21 00:00:00+08:00,0.04901273548603058,0.04901273548603058,0.04901273548603058,0.04901273548603058,0,0.0,0.0
2012-02-22 00:00:00+08:00,0.04901273548603058,0.04901273548603058,0.04901273548603058,0.04901273548603058,0,0.0,0.0
2012-02-23 00:00:00+08:00,0.04901273548603058,0.04901273548603058,0.04901273548603058,0.04901273548603058,0,0.0,0.0
2012-02-24 00:00:00+08:00,0.057589965953788756,0.057589965953788756,0.053914010524749756,0.053914010524749756,11000,0.0,0.0
2012-02-27 00:00:00+08:00,0.053914010524749756,0.053914010524749756,0.053914010524749756,0.053914010524749756,20000,0.0,0.0
2012-02-28 00:00:00+08:00,0.053914010524749756,0.053914010524749756,0.053914010524749756,0.053914010524749756,0,0.0,0.0
2012-02-29 00:00:00+08:00,0.053914010524749756,0.053914010524749756,0.053914010524749756,0.053914010524749756,0,0.0,0.0
2012-03-01 00:00:00+08:00,0.053914010524749756,0.053914010524749756,0.053914010524749756,0.053914010524749756,0,0.0,0.0
2012-03-02 00:00:00+08:00,0.056364648044109344,0.056364648044109344,0.056364648044109344,0.056364648044109344,6000,0.0,0.0
2012-03-05 00:00:00+08:00,0.056364648044109344,0.056364648044109344,0.056364648044109344,0.056364648044109344,25000,0.0,0.0
2012-03-06 00:00:00+08:00,0.056364648044109344,0.056364648044109344,0.056364648044109344,0.056364648044109344,0,0.0,0.0
2012-03-07 00:00:00+08:00,0.056364648044109344,0.056364648044109344,0.056364648044109344,0.056364648044109344,0,0.0,0.0
2012-03-08 00:00:00+08:00,0.056364648044109344,0.056364648044109344,0.056364648044109344,0.056364648044109344,0,0.0,0.0
2012-03-09 00:00:00+08:00,0.056364648044109344,0.056364648044109344,0.056364648044109344,0.056364648044109344,0,0.0,0.0
2012-03-12 00:00:00+08:00,0.056364648044109344,0.056364648044109344,0.056364648044109344,0.056364648044109344,0,0.0,0.0
2012-03-13 00:00:00+08:00,0.056364648044109344,0.056364648044109344,0.056364648044109344,0.056364648044109344,0,0.0,0.0
2012-03-14 00:00:00+08:00,0.056364648044109344,0.056364648044109344,0.056364648044109344,0.056364648044109344,0,0.0,0.0
2012-03-15 00:00:00+08:00,0.056364648044109344,0.056364648044109344,0.056364648044109344,0.056364648044109344,0,0.0,0.0
2012-03-16 00:00:00+08:00,0.056364648044109344,0.056364648044109344,0.056364648044109344,0.056364648044109344,0,0.0,0.0
2012-03-19 00:00:00+08:00,0.056364648044109344,0.056364648044109344,0.056364648044109344,0.056364648044109344,0,0.0,0.0
2012-03-20 00:00:00+08:00,0.056364648044109344,0.056364648044109344,0.056364648044109344,0.056364648044109344,0,0.0,0.0
2012-03-21 00:00:00+08:00,0.058815282534027076,0.058815282534027076,0.056364648044109344,0.056364648044109344,150000,0.0,0.0
2012-03-22 00:00:00+08:00,0.056364648044109344,0.056364648044109344,0.056364648044109344,0.056364648044109344,0,0.0,0.0
2012-03-23 00:00:00+08:00,0.056364648044109344,0.056364648044109344,0.056364648044109344,0.056364648044109344,0,0.0,0.0
2012-03-26 00:00:00+08:00,0.05391400470696927,0.05513932183384895,0.05391400470696927,0.05513932183384895,60000,0.0,0.0
2012-03-27 00:00:00+08:00,0.05513932183384895,0.05513932183384895,0.05513932183384895,0.05513932183384895,0,0.0,0.0
2012-03-28 00:00:00+08:00,0.05513932183384895,0.05513932183384895,0.05513932183384895,0.05513932183384895,0,0.0,0.0
2012-03-29 00:00:00+08:00,0.05513932183384895,0.05513932183384895,0.05513932183384895,0.05513932183384895,0,0.0,0.0
2012-03-30 00:00:00+08:00,0.05513932183384895,0.05513932183384895,0.05513932183384895,0.05513932183384895,0,0.0,0.0
2012-04-02 00:00:00+08:00,0.056364648044109344,0.056364648044109344,0.056364648044109344,0.056364648044109344,20000,0.0,0.0
2012-04-03 00:00:00+08:00,0.056364648044109344,0.056364648044109344,0.056364648044109344,0.056364648044109344,0,0.0,0.0
2012-04-04 00:00:00+08:00,0.056364648044109344,0.056364648044109344,0.056364648044109344,0.056364648044109344,0,0.0,0.0
2012-04-05 00:00:00+08:00,0.056364648044109344,0.056364648044109344,0.056364648044109344,0.056364648044109344,0,0.0,0.0
2012-04-09 00:00:00+08:00,0.056364648044109344,0.056364648044109344,0.056364648044109344,0.056364648044109344,20000,0.0,0.0
2012-04-10 00:00:00+08:00,0.056364648044109344,0.056364648044109344,0.056364648044109344,0.056364648044109344,0,0.0,0.0
2012-04-11 00:00:00+08:00,0.056364648044109344,0.056364648044109344,0.056364648044109344,0.056364648044109344,0,0.0,0.0
2012-04-12 00:00:00+08:00,0.056364648044109344,0.056364648044109344,0.056364648044109344,0.056364648044109344,0,0.0,0.0
2012-04-13 00:00:00+08:00,0.056364648044109344,0.056364648044109344,0.056364648044109344,0.056364648044109344,0,0.0,0.0
2012-04-16 00:00:00+08:00,0.056364648044109344,0.056364648044109344,0.056364648044109344,0.056364648044109344,0,0.0,0.0
2012-04-17 00:00:00+08:00,0.056364648044109344,0.056364648044109344,0.056364648044109344,0.056364648044109344,0,0.0,0.0
2012-04-18 00:00:00+08:00,0.056364648044109344,0.056364648044109344,0.056364648044109344,0.056364648044109344,0,0.0,0.0
2012-04-19 00:00:00+08:00,0.056364648044109344,0.056364648044109344,0.056364648044109344,0.056364648044109344,0,0.0,0.0
2012-04-20 00:00:00+08:00,0.056364648044109344,0.056364648044109344,0.056364648044109344,0.056364648044109344,0,0.0,0.0
2012-04-23 00:00:00+08:00,0.056364648044109344,0.056364648044109344,0.056364648044109344,0.056364648044109344,0,0.0,0.0
2012-04-24 00:00:00+08:00,0.056364648044109344,0.056364648044109344,0.056364648044109344,0.056364648044109344,0,0.0,0.0
2012-04-25 00:00:00+08:00,0.056364648044109344,0.056364648044109344,0.056364648044109344,0.056364648044109344,0,0.0,0.0
2012-04-26 00:00:00+08:00,0.056364648044109344,0.056364648044109344,0.056364648044109344,0.056364648044109344,0,0.0,0.0
2012-04-27 00:00:00+08:00,0.056364648044109344,0.056364648044109344,0.056364648044109344,0.056364648044109344,0,0.0,0.0
2012-04-30 00:00:00+08:00,0.056364648044109344,0.056364648044109344,0.056364648044109344,0.056364648044109344,0,0.0,0.0
2012-05-02 00:00:00+08:00,0.056364648044109344,0.056364648044109344,0.056364648044109344,0.056364648044109344,0,0.0,0.0
2012-05-03 00:00:00+08:00,0.056364648044109344,0.056364648044109344,0.056364648044109344,0.056364648044109344,0,0.0,0.0
2012-05-04 00:00:00+08:00,0.056364648044109344,0.056364648044109344,0.056364648044109344,0.056364648044109344,0,0.0,0.0
2012-05-07 00:00:00+08:00,0.056364648044109344,0.056364648044109344,0.056364648044109344,0.056364648044109344,0,0.0,0.0
2012-05-08 00:00:00+08:00,0.056364648044109344,0.056364648044109344,0.056364648044109344,0.056364648044109344,0,0.0,0.0
2012-05-09 00:00:00+08:00,0.056364648044109344,0.056364648044109344,0.056364648044109344,0.056364648044109344,0,0.0,0.0
2012-05-10 00:00:00+08:00,0.056364648044109344,0.056364648044109344,0.056364648044109344,0.056364648044109344,0,0.0,0.0
2012-05-11 00:00:00+08:00,0.056364648044109344,0.056364648044109344,0.056364648044109344,0.056364648044109344,0,0.0,0.0
2012-05-14 00:00:00+08:00,0.056364648044109344,0.056364648044109344,0.056364648044109344,0.056364648044109344,0,0.0,0.0
2012-05-15 00:00:00+08:00,0.056364648044109344,0.056364648044109344,0.056364648044109344,0.056364648044109344,0,0.0,0.0
2012-05-16 00:00:00+08:00,0.053914013610426754,0.053914013610426754,0.05023805797100067,0.05023805797100067,110000,0.0,0.0
2012-05-17 00:00:00+08:00,0.05023805797100067,0.05023805797100067,0.05023805797100067,0.05023805797100067,0,0.0,0.0
2012-05-18 00:00:00+08:00,0.05023805797100067,0.05023805797100067,0.05023805797100067,0.05023805797100067,0,0.0,0.0
2012-05-21 00:00:00+08:00,0.05023805797100067,0.05023805797100067,0.05023805797100067,0.05023805797100067,0,0.0,0.0
2012-05-22 00:00:00+08:00,0.05023805797100067,0.05023805797100067,0.05023805797100067,0.05023805797100067,5000,0.0,0.0
2012-05-23 00:00:00+08:00,0.05023805797100067,0.05023805797100067,0.05023805797100067,0.05023805797100067,0,0.0,0.0
2012-05-24 00:00:00+08:00,0.05023805797100067,0.05023805797100067,0.05023805797100067,0.05023805797100067,0,0.0,0.0
2012-05-25 00:00:00+08:00,0.05023805797100067,0.05023805797100067,0.05023805797100067,0.05023805797100067,0,0.0,0.0
2012-05-28 00:00:00+08:00,0.05023805797100067,0.05023805797100067,0.05023805797100067,0.05023805797100067,0,0.0,0.0
2012-05-29 00:00:00+08:00,0.056364648044109344,0.056364648044109344,0.056364648044109344,0.056364648044109344,90000,0.0,0.0
2012-05-30 00:00:00+08:00,0.056364648044109344,0.056364648044109344,0.056364648044109344,0.056364648044109344,0,0.0,0.0
2012-05-31 00:00:00+08:00,0.056364648044109344,0.056364648044109344,0.056364648044109344,0.056364648044109344,0,0.0,0.0
2012-06-01 00:00:00+08:00,0.056364648044109344,0.056364648044109344,0.056364648044109344,0.056364648044109344,0,0.0,0.0
2012-06-04 00:00:00+08:00,0.056364648044109344,0.056364648044109344,0.056364648044109344,0.056364648044109344,0,0.0,0.0
2012-06-05 00:00:00+08:00,0.056364648044109344,0.056364648044109344,0.056364648044109344,0.056364648044109344,0,0.0,0.0
2012-06-06 00:00:00+08:00,0.056364648044109344,0.056364648044109344,0.056364648044109344,0.056364648044109344,0,0.0,0.0
2012-06-07 00:00:00+08:00,0.056364648044109344,0.056364648044109344,0.056364648044109344,0.056364648044109344,0,0.0,0.0
2012-06-08 00:00:00+08:00,0.056364648044109344,0.056364648044109344,0.056364648044109344,0.056364648044109344,0,0.0,0.0
2012-06-11 00:00:00+08:00,0.056364648044109344,0.056364648044109344,0.056364648044109344,0.056364648044109344,0,0.0,0.0
2012-06-12 00:00:00+08:00,0.056364648044109344,0.056364648044109344,0.056364648044109344,0.056364648044109344,0,0.0,0.0
2012-06-13 00:00:00+08:00,0.056364648044109344,0.056364648044109344,0.056364648044109344,0.056364648044109344,0,0.0,0.0
2012-06-14 00:00:00+08:00,0.056364648044109344,0.056364648044109344,0.056364648044109344,0.056364648044109344,372000,0.0,0.0
2012-06-15 00:00:00+08:00,0.056364648044109344,0.056364648044109344,0.055139327147417046,0.056364648044109344,993000,0.0,0.0
2012-06-18 00:00:00+08:00,0.056364648044109344,0.056364648044109344,0.056364648044109344,0.056364648044109344,355000,0.0,0.0
2012-06-19 00:00:00+08:00,0.056364648044109344,0.056364648044109344,0.056364648044109344,0.056364648044109344,1000,0.0,0.0
2012-06-20 00:00:00+08:00,0.056364648044109344,0.056364648044109344,0.056364648044109344,0.056364648044109344,0,0.0,0.0
2012-06-21 00:00:00+08:00,0.056364648044109344,0.056364648044109344,0.056364648044109344,0.056364648044109344,0,0.0,0.0
2012-06-22 00:00:00+08:00,0.056364648044109344,0.056364648044109344,0.056364648044109344,0.056364648044109344,0,0.0,0.0
2012-06-25 00:00:00+08:00,0.056364648044109344,0.056364648044109344,0.056364648044109344,0.056364648044109344,0,0.0,0.0
2012-06-26 00:00:00+08:00,0.056364648044109344,0.056364648044109344,0.056364648044109344,0.056364648044109344,0,0.0,0.0
2012-06-27 00:00:00+08:00,0.056364648044109344,0.056364648044109344,0.056364648044109344,0.056364648044109344,0,0.0,0.0
2012-06-28 00:00:00+08:00,0.056364648044109344,0.056364648044109344,0.056364648044109344,0.056364648044109344,0,0.0,0.0
2012-06-29 00:00:00+08:00,0.056364648044109344,0.056364648044109344,0.056364648044109344,0.056364648044109344,0,0.0,0.0
2012-07-02 00:00:00+08:00,0.056364648044109344,0.056364648044109344,0.056364648044109344,0.056364648044109344,0,0.0,0.0
2012-07-03 00:00:00+08:00,0.058815282534027076,0.058815282534027076,0.056364648044109344,0.056364648044109344,102000,0.0,0.0
2012-07-04 00:00:00+08:00,0.056364648044109344,0.056364648044109344,0.056364648044109344,0.056364648044109344,20000,0.0,0.0
2012-07-05 00:00:00+08:00,0.056364648044109344,0.056364648044109344,0.056364648044109344,0.056364648044109344,0,0.0,0.0
2012-07-06 00:00:00+08:00,0.056364648044109344,0.056364648044109344,0.056364648044109344,0.056364648044109344,0,0.0,0.0
2012-07-09 00:00:00+08:00,0.056364648044109344,0.056364648044109344,0.056364648044109344,0.056364648044109344,0,0.0,0.0
2012-07-10 00:00:00+08:00,0.056364648694686915,0.056364648694686915,0.053914010524749756,0.053914010524749756,140000,0.0,0.0
2012-07-11 00:00:00+08:00,0.053914010524749756,0.053914010524749756,0.053914010524749756,0.053914010524749756,0,0.0,0.0
2012-07-12 00:00:00+08:00,0.053914010524749756,0.053914010524749756,0.053914010524749756,0.053914010524749756,1000,0.0,0.0
2012-07-13 00:00:00+08:00,0.053914010524749756,0.053914010524749756,0.053914010524749756,0.053914010524749756,0,0.0,0.0
2012-07-16 00:00:00+08:00,0.053914010524749756,0.053914010524749756,0.053914010524749756,0.053914010524749756,0,0.0,0.0
2012-07-17 00:00:00+08:00,0.056364653172631084,0.05758997052907944,0.056364653172631084,0.05758997052907944,310000,0.0,0.0
2012-07-18 00:00:00+08:00,0.05758997052907944,0.05758997052907944,0.05758997052907944,0.05758997052907944,0,0.0,0.0
2012-07-19 00:00:00+08:00,0.05758997052907944,0.05758997052907944,0.05758997052907944,0.05758997052907944,0,0.0,0.0
2012-07-20 00:00:00+08:00,0.05758997052907944,0.05758997052907944,0.05758997052907944,0.05758997052907944,0,0.0,0.0
2012-07-23 00:00:00+08:00,0.0588152878855278,0.06004060889370993,0.05758997052907944,0.05758997052907944,721000,0.0,0.0
2012-07-24 00:00:00+08:00,0.05758997052907944,0.05758997052907944,0.05758997052907944,0.05758997052907944,0,0.0,0.0
2012-07-25 00:00:00+08:00,0.05758997052907944,0.05758997052907944,0.05758997052907944,0.05758997052907944,0,0.0,0.0
2012-07-26 00:00:00+08:00,0.05758997052907944,0.05758997052907944,0.05758997052907944,0.05758997052907944,0,0.0,0.0
2012-07-27 00:00:00+08:00,0.05758997052907944,0.05758997052907944,0.05758997052907944,0.05758997052907944,0,0.0,0.0
2012-07-30 00:00:00+08:00,0.05758997052907944,0.05758997052907944,0.05758997052907944,0.05758997052907944,0,0.0,0.0
2012-07-31 00:00:00+08:00,0.05881528556346893,0.05881528556346893,0.05881528556346893,0.05881528556346893,100000,0.0,0.0
2012-08-01 00:00:00+08:00,0.05881528556346893,0.05881528556346893,0.05881528556346893,0.05881528556346893,10000,0.0,0.0
2012-08-02 00:00:00+08:00,0.060040608048439026,0.060040608048439026,0.05881528705750736,0.060040608048439026,55000,0.0,0.0
2012-08-03 00:00:00+08:00,0.05881528556346893,0.05881528556346893,0.05881528556346893,0.05881528556346893,30000,0.0,0.0
2012-08-06 00:00:00+08:00,0.05881528556346893,0.05881528556346893,0.05881528556346893,0.05881528556346893,15000,0.0,0.0
2012-08-07 00:00:00+08:00,0.05881528556346893,0.05881528556346893,0.05881528556346893,0.05881528556346893,0,0.0,0.0
2012-08-08 00:00:00+08:00,0.05881528556346893,0.05881528556346893,0.05881528556346893,0.05881528556346893,0,0.0,0.0
2012-08-10 00:00:00+08:00,0.05881528556346893,0.05881528556346893,0.05881528556346893,0.05881528556346893,0,0.0,0.0
2012-08-13 00:00:00+08:00,0.05881528556346893,0.05881528556346893,0.05881528556346893,0.05881528556346893,0,0.0,0.0
2012-08-14 00:00:00+08:00,0.05881528556346893,0.05881528556346893,0.05881528556346893,0.05881528556346893,0,0.0,0.0
2012-08-15 00:00:00+08:00,0.05881528556346893,0.05881528556346893,0.05881528556346893,0.05881528556346893,0,0.0,0.0
2012-08-16 00:00:00+08:00,0.05881528556346893,0.05881528556346893,0.05881528556346893,0.05881528556346893,0,0.0,0.0
2012-08-17 00:00:00+08:00,0.05881528556346893,0.05881528556346893,0.05881528556346893,0.05881528556346893,0,0.0,0.0
2012-08-21 00:00:00+08:00,0.05881528556346893,0.05881528556346893,0.05881528556346893,0.05881528556346893,0,0.0,0.0
2012-08-22 00:00:00+08:00,0.06004060889370993,0.06004060889370993,0.05758997052907944,0.05758997052907944,40000,0.0,0.0
2012-08-23 00:00:00+08:00,0.05758997052907944,0.05758997052907944,0.05758997052907944,0.05758997052907944,16000,0.0,0.0
2012-08-24 00:00:00+08:00,0.05758997052907944,0.05758997052907944,0.05758997052907944,0.05758997052907944,3000,0.0,0.0
2012-08-27 00:00:00+08:00,0.05758997052907944,0.05758997052907944,0.05758997052907944,0.05758997052907944,0,0.0,0.0
2012-08-28 00:00:00+08:00,0.05758997052907944,0.05758997052907944,0.05758997052907944,0.05758997052907944,0,0.0,0.0
2012-08-29 00:00:00+08:00,0.05758997052907944,0.05758997052907944,0.05758997052907944,0.05758997052907944,0,0.0,0.0
2012-08-30 00:00:00+08:00,0.05758997052907944,0.05758997052907944,0.05758997052907944,0.05758997052907944,0,0.0,0.0
2012-08-31 00:00:00+08:00,0.05758997052907944,0.05758997052907944,0.05758997052907944,0.05758997052907944,0,0.0,0.0
2012-09-03 00:00:00+08:00,0.05758997052907944,0.05758997052907944,0.05758997052907944,0.05758997052907944,0,0.0,0.0
2012-09-04 00:00:00+08:00,0.05758997052907944,0.05758997052907944,0.05758997052907944,0.05758997052907944,0,0.0,0.0
2012-09-05 00:00:00+08:00,0.05758997052907944,0.05758997052907944,0.05758997052907944,0.05758997052907944,0,0.0,0.0
2012-09-06 00:00:00+08:00,0.056364648044109344,0.056364648044109344,0.056364648044109344,0.056364648044109344,5000,0.0,0.0
2012-09-07 00:00:00+08:00,0.056364648044109344,0.056364648044109344,0.056364648044109344,0.056364648044109344,0,0.0,0.0
2012-09-10 00:00:00+08:00,0.056364648044109344,0.056364648044109344,0.056364648044109344,0.056364648044109344,0,0.0,0.0
2012-09-11 00:00:00+08:00,0.056364648044109344,0.056364648044109344,0.056364648044109344,0.056364648044109344,10000,0.0,0.0
2012-09-12 00:00:00+08:00,0.056364648044109344,0.056364648044109344,0.056364648044109344,0.056364648044109344,0,0.0,0.0
2012-09-13 00:00:00+08:00,0.056364648044109344,0.056364648044109344,0.056364648044109344,0.056364648044109344,0,0.0,0.0
2012-09-14 00:00:00+08:00,0.056364648044109344,0.056364648044109344,0.056364648044109344,0.056364648044109344,0,0.0,0.0
2012-09-17 00:00:00+08:00,0.056364648044109344,0.056364648044109344,0.056364648044109344,0.056364648044109344,0,0.0,0.0
2012-09-18 00:00:00+08:00,0.056364648044109344,0.056364648044109344,0.056364648044109344,0.056364648044109344,0,0.0,0.0
2012-09-19 00:00:00+08:00,0.0551393277838516,0.0551393277838516,0.053914010524749756,0.053914010524749756,20000,0.0,0.0
2012-09-20 00:00:00+08:00,0.053914010524749756,0.053914010524749756,0.053914010524749756,0.053914010524749756,0,0.0,0.0
2012-09-21 00:00:00+08:00,0.053914010524749756,0.053914010524749756,0.053914010524749756,0.053914010524749756,0,0.0,0.0
2012-09-24 00:00:00+08:00,0.053914010524749756,0.053914010524749756,0.053914010524749756,0.053914010524749756,0,0.0,0.0
2012-09-25 00:00:00+08:00,0.053914010524749756,0.053914010524749756,0.053914010524749756,0.053914010524749756,0,0.0,0.0
2012-09-26 00:00:00+08:00,0.053914010524749756,0.053914010524749756,0.053914010524749756,0.053914010524749756,0,0.0,0.0
2012-09-27 00:00:00+08:00,0.053914010524749756,0.053914010524749756,0.053914010524749756,0.053914010524749756,0,0.0,0.0
2012-09-28 00:00:00+08:00,0.053914010524749756,0.053914010524749756,0.053914010524749756,0.053914010524749756,0,0.0,0.0
2012-10-01 00:00:00+08:00,0.053914010524749756,0.053914010524749756,0.053914010524749756,0.053914010524749756,0,0.0,0.0
2012-10-02 00:00:00+08:00,0.053914010524749756,0.053914010524749756,0.053914010524749756,0.053914010524749756,0,0.0,0.0
2012-10-03 00:00:00+08:00,0.053914010524749756,0.053914010524749756,0.053914010524749756,0.053914010524749756,0,0.0,0.0
2012-10-04 00:00:00+08:00,0.053914010524749756,0.053914010524749756,0.053914010524749756,0.053914010524749756,0,0.0,0.0
2012-10-05 00:00:00+08:00,0.053914010524749756,0.053914010524749756,0.053914010524749756,0.053914010524749756,0,0.0,0.0
2012-10-08 00:00:00+08:00,0.05881528556346893,0.05881528556346893,0.05881528556346893,0.05881528556346893,7000,0.0,0.0
2012-10-09 00:00:00+08:00,0.05881528556346893,0.05881528556346893,0.05881528556346893,0.05881528556346893,0,0.0,0.0
2012-10-10 00:00:00+08:00,0.05881528556346893,0.05881528556346893,0.05881528556346893,0.05881528556346893,0,0.0,0.0
2012-10-11 00:00:00+08:00,0.05881528556346893,0.05881528556346893,0.05881528556346893,0.05881528556346893,0,0.0,0.0
2012-10-12 00:00:00+08:00,0.05881528556346893,0.05881528556346893,0.05881528556346893,0.05881528556346893,0,0.0,0.0
2012-10-15 00:00:00+08:00,0.05881528556346893,0.05881528556346893,0.05881528556346893,0.05881528556346893,0,0.0,0.0
2012-10-16 00:00:00+08:00,0.05881528556346893,0.05881528556346893,0.05881528556346893,0.05881528556346893,0,0.0,0.0
2012-10-17 00:00:00+08:00,0.05881528556346893,0.05881528556346893,0.05881528556346893,0.05881528556346893,0,0.0,0.0
2012-10-18 00:00:00+08:00,0.05881528556346893,0.05881528556346893,0.05881528556346893,0.05881528556346893,0,0.0,0.0
2012-10-19 00:00:00+08:00,0.05881528556346893,0.05881528556346893,0.05881528556346893,0.05881528556346893,0,0.0,0.0
2012-10-22 00:00:00+08:00,0.05881528556346893,0.05881528556346893,0.05881528556346893,0.05881528556346893,0,0.0,0.0
2012-10-23 00:00:00+08:00,0.05881528556346893,0.05881528556346893,0.05881528556346893,0.05881528556346893,0,0.0,0.0
2012-10-24 00:00:00+08:00,0.05881528556346893,0.05881528556346893,0.05881528556346893,0.05881528556346893,0,0.0,0.0
2012-10-25 00:00:00+08:00,0.05881528556346893,0.05881528556346893,0.05881528556346893,0.05881528556346893,0,0.0,0.0
2012-10-29 00:00:00+08:00,0.05881528556346893,0.05881528556346893,0.05881528556346893,0.05881528556346893,20000,0.0,0.0
2012-10-30 00:00:00+08:00,0.057589965289068214,0.057589965289068214,0.056364648044109344,0.056364648044109344,34000,0.0,0.0
2012-10-31 00:00:00+08:00,0.056364648044109344,0.056364648044109344,0.056364648044109344,0.056364648044109344,0,0.0,0.0
2012-11-01 00:00:00+08:00,0.056364648044109344,0.056364648044109344,0.056364648044109344,0.056364648044109344,0,0.0,0.0
2012-11-02 00:00:00+08:00,0.056364648044109344,0.056364648044109344,0.056364648044109344,0.056364648044109344,0,0.0,0.0
2012-11-05 00:00:00+08:00,0.056364648044109344,0.056364648044109344,0.056364648044109344,0.056364648044109344,80000,0.0,0.0
2012-11-06 00:00:00+08:00,0.056364648044109344,0.056364648044109344,0.056364648044109344,0.056364648044109344,0,0.0,0.0
2012-11-07 00:00:00+08:00,0.056364648044109344,0.056364648044109344,0.056364648044109344,0.056364648044109344,0,0.0,0.0
2012-11-08 00:00:00+08:00,0.056364648044109344,0.056364648044109344,0.056364648044109344,0.056364648044109344,0,0.0,0.0
2012-11-09 00:00:00+08:00,0.056364648044109344,0.056364648044109344,0.056364648044109344,0.056364648044109344,0,0.0,0.0
2012-11-12 00:00:00+08:00,0.05636464261246173,0.05636464261246173,0.05513932183384895,0.05513932183384895,38000,0.0,0.0
2012-11-14 00:00:00+08:00,0.05881528705750736,0.060040608048439026,0.05881528705750736,0.060040608048439026,40000,0.0,0.0
2012-11-15 00:00:00+08:00,0.060040608048439026,0.060040608048439026,0.060040608048439026,0.060040608048439026,0,0.0,0.0
2012-11-16 00:00:00+08:00,0.060040608048439026,0.060040608048439026,0.060040608048439026,0.060040608048439026,0,0.0,0.0
2012-11-19 00:00:00+08:00,0.060040608048439026,0.060040608048439026,0.060040608048439026,0.060040608048439026,0,0.0,0.0
2012-11-20 00:00:00+08:00,0.060040608048439026,0.060040608048439026,0.060040608048439026,0.060040608048439026,0,0.0,0.0
2012-11-21 00:00:00+08:00,0.060040608048439026,0.060040608048439026,0.060040608048439026,0.060040608048439026,0,0.0,0.0
2012-11-22 00:00:00+08:00,0.060040608048439026,0.060040608048439026,0.060040608048439026,0.060040608048439026,0,0.0,0.0
2012-11-23 00:00:00+08:00,0.060040608048439026,0.060040608048439026,0.060040608048439026,0.060040608048439026,0,0.0,0.0
2012-11-26 00:00:00+08:00,0.060040608048439026,0.060040608048439026,0.060040608048439026,0.060040608048439026,0,0.0,0.0
2012-11-27 00:00:00+08:00,0.060040608048439026,0.060040608048439026,0.060040608048439026,0.060040608048439026,0,0.0,0.0
2012-11-28 00:00:00+08:00,0.057589965289068214,0.057589965289068214,0.056364648044109344,0.056364648044109344,66000,0.0,0.0
2012-11-29 00:00:00+08:00,0.056364648044109344,0.056364648044109344,0.056364648044109344,0.056364648044109344,0,0.0,0.0
2012-11-30 00:00:00+08:00,0.056364648044109344,0.056364648044109344,0.056364648044109344,0.056364648044109344,0,0.0,0.0
2012-12-03 00:00:00+08:00,0.056364648044109344,0.056364648044109344,0.056364648044109344,0.056364648044109344,0,0.0,0.0
2012-12-04 00:00:00+08:00,0.056364648044109344,0.056364648044109344,0.056364648044109344,0.056364648044109344,12000,0.0,0.0
2012-12-05 00:00:00+08:00,0.056364648044109344,0.056364648044109344,0.056364648044109344,0.056364648044109344,0,0.0,0.0
2012-12-06 00:00:00+08:00,0.056364648044109344,0.056364648044109344,0.056364648044109344,0.056364648044109344,0,0.0,0.0
2012-12-07 00:00:00+08:00,0.0551393277838516,0.0551393277838516,0.053914010524749756,0.053914010524749756,92000,0.0,0.0
2012-12-10 00:00:00+08:00,0.053914010524749756,0.053914010524749756,0.053914010524749756,0.053914010524749756,12000,0.0,0.0
2012-12-11 00:00:00+08:00,0.053914010524749756,0.053914010524749756,0.053914010524749756,0.053914010524749756,0,0.0,0.0
2012-12-12 00:00:00+08:00,0.053914010524749756,0.053914010524749756,0.053914010524749756,0.053914010524749756,0,0.0,0.0
2012-12-13 00:00:00+08:00,0.053914010524749756,0.053914010524749756,0.053914010524749756,0.053914010524749756,0,0.0,0.0
2012-12-14 00:00:00+08:00,0.053914010524749756,0.053914010524749756,0.053914010524749756,0.053914010524749756,0,0.0,0.0
2012-12-17 00:00:00+08:00,0.053914010524749756,0.053914010524749756,0.053914010524749756,0.053914010524749756,0,0.0,0.0
2012-12-18 00:00:00+08:00,0.053914010524749756,0.053914010524749756,0.053914010524749756,0.053914010524749756,0,0.0,0.0
2012-12-19 00:00:00+08:00,0.053914010524749756,0.053914010524749756,0.053914010524749756,0.053914010524749756,0,0.0,0.0
2012-12-20 00:00:00+08:00,0.053914010524749756,0.053914010524749756,0.053914010524749756,0.053914010524749756,0,0.0,0.0
2012-12-21 00:00:00+08:00,0.053914010524749756,0.053914010524749756,0.053914010524749756,0.053914010524749756,0,0.0,0.0
2012-12-24 00:00:00+08:00,0.053914010524749756,0.053914010524749756,0.053914010524749756,0.053914010524749756,0,0.0,0.0
2012-12-26 00:00:00+08:00,0.05146337530023147,0.05146337530023147,0.05023805797100067,0.05023805797100067,10000,0.0,0.0
2012-12-27 00:00:00+08:00,0.05023805797100067,0.05023805797100067,0.05023805797100067,0.05023805797100067,0,0.0,0.0
2012-12-28 00:00:00+08:00,0.05023805797100067,0.05023805797100067,0.05023805797100067,0.05023805797100067,0,0.0,0.0
2012-12-31 00:00:00+08:00,0.05023805797100067,0.05023805797100067,0.05023805797100067,0.05023805797100067,0,0.0,0.0
2013-01-02 00:00:00+08:00,0.05023805797100067,0.05023805797100067,0.05023805797100067,0.05023805797100067,0,0.0,0.0
2013-01-03 00:00:00+08:00,0.05023805797100067,0.05023805797100067,0.05023805797100067,0.05023805797100067,0,0.0,0.0
2013-01-04 00:00:00+08:00,0.05023805797100067,0.05023805797100067,0.05023805797100067,0.05023805797100067,0,0.0,0.0
2013-01-07 00:00:00+08:00,0.05023805797100067,0.05023805797100067,0.05023805797100067,0.05023805797100067,0,0.0,0.0
2013-01-08 00:00:00+08:00,0.056364648044109344,0.056364648044109344,0.056364648044109344,0.056364648044109344,10000,0.0,0.0
2013-01-09 00:00:00+08:00,0.056364648044109344,0.056364648044109344,0.056364648044109344,0.056364648044109344,20000,0.0,0.0
2013-01-10 00:00:00+08:00,0.056364648044109344,0.056364648044109344,0.056364648044109344,0.056364648044109344,0,0.0,0.0
2013-01-11 00:00:00+08:00,0.056364648044109344,0.056364648044109344,0.056364648044109344,0.056364648044109344,0,0.0,0.0
2013-01-14 00:00:00+08:00,0.056364648044109344,0.056364648044109344,0.056364648044109344,0.056364648044109344,0,0.0,0.0
2013-01-15 00:00:00+08:00,0.05881528556346893,0.05881528556346893,0.05881528556346893,0.05881528556346893,50000,0.0,0.0
2013-01-16 00:00:00+08:00,0.05881528705750736,0.060040608048439026,0.05881528705750736,0.060040608048439026,140000,0.0,0.0
2013-01-17 00:00:00+08:00,0.06126591935753822,0.06126591935753822,0.06126591935753822,0.06126591935753822,20000,0.0,0.0
2013-01-18 00:00:00+08:00,0.060040608048439026,0.060040608048439026,0.060040608048439026,0.060040608048439026,72000,0.0,0.0
2013-01-21 00:00:00+08:00,0.060040608048439026,0.060040608048439026,0.060040608048439026,0.060040608048439026,0,0.0,0.0
2013-01-22 00:00:00+08:00,0.060040608048439026,0.060040608048439026,0.060040608048439026,0.060040608048439026,0,0.0,0.0
2013-01-23 00:00:00+08:00,0.060040608048439026,0.060040608048439026,0.060040608048439026,0.060040608048439026,0,0.0,0.0
2013-01-24 00:00:00+08:00,0.056364648044109344,0.056364648044109344,0.056364648044109344,0.056364648044109344,10000,0.0,0.0
2013-01-25 00:00:00+08:00,0.05758997052907944,0.05758997052907944,0.05391401480800059,0.05758997052907944,1028000,0.0,0.0
2013-01-28 00:00:00+08:00,0.057589965289068214,0.058815282534027076,0.056364648044109344,0.056364648044109344,200000,0.0,0.0
2013-01-29 00:00:00+08:00,0.056364653172631084,0.0588152878855278,0.056364653172631084,0.05758997052907944,517000,0.0,0.0
2013-01-30 00:00:00+08:00,0.05881528556346893,0.05881528556346893,0.05881528556346893,0.05881528556346893,141000,0.0,0.0
2013-01-31 00:00:00+08:00,0.05881528705750736,0.06249124272683493,0.05758996971830941,0.060040608048439026,370000,0.0,0.0
2013-02-01 00:00:00+08:00,0.05876527354121208,0.05876527354121208,0.05876527354121208,0.05876527354121208,35000,0.0049,0.0
2013-02-04 00:00:00+08:00,0.057514943182468414,0.057514943182468414,0.057514943182468414,0.057514943182468414,120000,0.0,0.0
2013-02-05 00:00:00+08:00,0.06001559644937515,0.06001559644937515,0.06001559644937515,0.06001559644937515,636000,0.0,0.0
2013-02-06 00:00:00+08:00,0.061265919357538216,0.061265919357538216,0.061265919357538216,0.06126591935753822,824000,0.0,0.0
2013-02-07 00:00:00+08:00,0.06126592393720668,0.06126592393720668,0.06001559644937515,0.06001559644937515,280000,0.0,0.0
2013-02-08 00:00:00+08:00,0.06001559644937515,0.06001559644937515,0.06001559644937515,0.06001559644937515,0,0.0,0.0
2013-02-13 00:00:00+08:00,0.06001559732094251,0.06001559732094251,0.05876527354121208,0.05876527354121208,320000,0.0,0.0
2013-02-14 00:00:00+08:00,0.05876527354121208,0.05876527354121208,0.05876527354121208,0.05876527354121208,0,0.0,0.0
2013-02-15 00:00:00+08:00,0.05751494462694897,0.061265919357538216,0.05751494462694897,0.06126591935753822,110000,0.0,0.0
2013-02-18 00:00:00+08:00,0.061265919357538216,0.06501689036186901,0.061265919357538216,0.06126591935753822,140000,0.0,0.0
2013-02-19 00:00:00+08:00,0.06251624799751311,0.06501689553260803,0.06251624799751311,0.06501689553260803,221000,0.0,0.0
2013-02-20 00:00:00+08:00,0.061265921476448104,0.06376656889915466,0.061265921476448104,0.06376656889915466,65000,0.0,0.0
2013-02-21 00:00:00+08:00,0.06376656889915466,0.06376656889915466,0.06376656889915466,0.06376656889915466,0,0.0,0.0
2013-02-22 00:00:00+08:00,0.06376656889915466,0.06376656889915466,0.06376656889915466,0.06376656889915466,0,0.0,0.0
2013-02-25 00:00:00+08:00,0.06251624302564848,0.06251624302564848,0.061265919357538216,0.06126591935753822,140000,0.0,0.0
2013-02-26 00:00:00+08:00,0.061265919357538216,0.061265919357538216,0.061265919357538216,0.06126591935753822,0,0.0,0.0
2013-02-27 00:00:00+08:00,0.061265919357538216,0.061265919357538216,0.061265919357538216,0.06126591935753822,0,0.0,0.0
2013-02-28 00:00:00+08:00,0.061265919357538216,0.061265919357538216,0.061265919357538216,0.06126591935753822,44000,0.0,0.0
2013-03-01 00:00:00+08:00,0.06126591861278996,0.0625162422657013,0.06126591861278996,0.0625162422657013,31000,0.0,0.0
2013-03-04 00:00:00+08:00,0.06001559644937515,0.06001559644937515,0.06001559644937515,0.06001559644937515,46000,0.0,0.0
2013-03-05 00:00:00+08:00,0.06001559644937515,0.06001559644937515,0.06001559644937515,0.06001559644937515,0,0.0,0.0
2013-03-06 00:00:00+08:00,0.0625162422657013,0.0625162422657013,0.0625162422657013,0.0625162422657013,10000,0.0,0.0
2013-03-07 00:00:00+08:00,0.0625162422657013,0.0625162422657013,0.0625162422657013,0.0625162422657013,0,0.0,0.0
2013-03-08 00:00:00+08:00,0.0625162422657013,0.0625162422657013,0.0625162422657013,0.0625162422657013,0,0.0,0.0
2013-03-11 00:00:00+08:00,0.0625162422657013,0.0625162422657013,0.0625162422657013,0.0625162422657013,0,0.0,0.0
2013-03-12 00:00:00+08:00,0.057514943927797546,0.0625162422657013,0.057514943927797546,0.0625162422657013,26000,0.0,0.0
2013-03-13 00:00:00+08:00,0.0625162422657013,0.0625162422657013,0.0625162422657013,0.0625162422657013,0,0.0,0.0
2013-03-14 00:00:00+08:00,0.0625162422657013,0.0625162422657013,0.0625162422657013,0.0625162422657013,11000,0.0,0.0
2013-03-15 00:00:00+08:00,0.0625162422657013,0.0625162422657013,0.0625162422657013,0.0625162422657013,0,0.0,0.0
2013-03-18 00:00:00+08:00,0.0625162422657013,0.0625162422657013,0.0625162422657013,0.0625162422657013,0,0.0,0.0
2013-03-19 00:00:00+08:00,0.0625162422657013,0.0625162422657013,0.0625162422657013,0.0625162422657013,0,0.0,0.0
2013-03-20 00:00:00+08:00,0.0625162422657013,0.0625162422657013,0.0625162422657013,0.0625162422657013,0,0.0,0.0
2013-03-21 00:00:00+08:00,0.06251624769877948,0.06251624769877948,0.06001559644937515,0.06001559644937515,71000,0.0,0.0
2013-03-22 00:00:00+08:00,0.061265919357538216,0.06251624302564848,0.061265919357538216,0.06126591935753822,244000,0.0,0.0
2013-03-25 00:00:00+08:00,0.061265919357538216,0.061265919357538216,0.061265919357538216,0.06126591935753822,0,0.0,0.0
2013-03-26 00:00:00+08:00,0.061265919357538216,0.061265919357538216,0.061265919357538216,0.06126591935753822,0,0.0,0.0
2013-03-27 00:00:00+08:00,0.0625162422657013,0.0625162422657013,0.0625162422657013,0.0625162422657013,100000,0.0,0.0
2013-03-28 00:00:00+08:00,0.06251624518780138,0.06376656889915466,0.06251624518780138,0.06376656889915466,29000,0.0,0.0
2013-04-01 00:00:00+08:00,0.0625162422657013,0.0625162422657013,0.0625162422657013,0.0625162422657013,20000,0.0,0.0
2013-04-02 00:00:00+08:00,0.0625162422657013,0.0625162422657013,0.0625162422657013,0.0625162422657013,0,0.0,0.0
2013-04-03 00:00:00+08:00,0.061265919357538216,0.061265919357538216,0.061265919357538216,0.06126591935753822,30000,0.0,0.0
2013-04-04 00:00:00+08:00,0.061265919357538216,0.06251624302564848,0.061265919357538216,0.06126591935753822,48000,0.0,0.0
2013-04-05 00:00:00+08:00,0.06126592393720668,0.06126592393720668,0.06001559644937515,0.06001559644937515,97000,0.0,0.0
2013-04-08 00:00:00+08:00,0.05876527354121208,0.05876527354121208,0.05876527354121208,0.05876527354121208,8000,0.0,0.0
2013-04-09 00:00:00+08:00,0.05876527354121208,0.05876527354121208,0.05876527354121208,0.05876527354121208,50000,0.0,0.0
2013-04-10 00:00:00+08:00,0.06001559644937515,0.06001559644937515,0.06001559644937515,0.06001559644937515,10000,0.0,0.0
2013-04-11 00:00:00+08:00,0.06001559644937515,0.06001559644937515,0.06001559644937515,0.06001559644937515,0,0.0,0.0
2013-04-12 00:00:00+08:00,0.06001559644937515,0.06001559644937515,0.06001559644937515,0.06001559644937515,0,0.0,0.0
2013-04-15 00:00:00+08:00,0.06001559644937515,0.06001559644937515,0.06001559644937515,0.06001559644937515,0,0.0,0.0
2013-04-16 00:00:00+08:00,0.06001559644937515,0.06001559644937515,0.06001559644937515,0.06001559644937515,0,0.0,0.0
2013-04-17 00:00:00+08:00,0.05751495249590173,0.07001820206642151,0.05751495249590173,0.07001820206642151,30000,0.0,0.0
2013-04-18 00:00:00+08:00,0.07001820206642151,0.07001820206642151,0.07001820206642151,0.07001820206642151,0,0.0,0.0
2013-04-19 00:00:00+08:00,0.07001820206642151,0.07001820206642151,0.07001820206642151,0.07001820206642151,0,0.0,0.0
2013-04-22 00:00:00+08:00,0.07001820206642151,0.07001820206642151,0.07001820206642151,0.07001820206642151,0,0.0,0.0
2013-04-23 00:00:00+08:00,0.07001820206642151,0.07001820206642151,0.07001820206642151,0.07001820206642151,0,0.0,0.0
2013-04-24 00:00:00+08:00,0.07001820206642151,0.07001820206642151,0.07001820206642151,0.07001820206642151,0,0.0,0.0
2013-04-25 00:00:00+08:00,0.05876527354121208,0.05876527354121208,0.05876527354121208,0.05876527354121208,4000,0.0,0.0
2013-04-26 00:00:00+08:00,0.05876527354121208,0.05876527354121208,0.05876527354121208,0.05876527354121208,0,0.0,0.0
2013-04-29 00:00:00+08:00,0.05876527354121208,0.05876527354121208,0.05876527354121208,0.05876527354121208,0,0.0,0.0
2013-04-30 00:00:00+08:00,0.05876527354121208,0.05876527354121208,0.05876527354121208,0.05876527354121208,0,0.0,0.0
2013-05-02 00:00:00+08:00,0.05876527354121208,0.05876527354121208,0.05876527354121208,0.05876527354121208,0,0.0,0.0
2013-05-03 00:00:00+08:00,0.05876527354121208,0.05876527354121208,0.05876527354121208,0.05876527354121208,0,0.0,0.0
2013-05-06 00:00:00+08:00,0.05876527354121208,0.05876527354121208,0.05876527354121208,0.05876527354121208,0,0.0,0.0
2013-05-07 00:00:00+08:00,0.05876527354121208,0.05876527354121208,0.05876527354121208,0.05876527354121208,0,0.0,0.0
2013-05-08 00:00:00+08:00,0.05876527354121208,0.05876527354121208,0.05876527354121208,0.05876527354121208,0,0.0,0.0
2013-05-09 00:00:00+08:00,0.05626461654901504,0.05626461654901504,0.0550142928960951,0.056264616549015045,100000,0.0,0.0
2013-05-10 00:00:00+08:00,0.06501689261050794,0.06501689261050794,0.06376656889915466,0.06376656889915466,25000,0.0,0.0
2013-05-13 00:00:00+08:00,0.06376656889915466,0.06376656889915466,0.06376656889915466,0.06376656889915466,0,0.0,0.0
2013-05-14 00:00:00+08:00,0.06501689553260803,0.06501689553260803,0.06251624799751311,0.06501689553260803,191000,0.0,0.0
2013-05-15 00:00:00+08:00,0.05876526681917696,0.05876526681917696,0.057514943182468414,0.057514943182468414,20000,0.0,0.0
2013-05-16 00:00:00+08:00,0.057514943182468414,0.057514943182468414,0.057514943182468414,0.057514943182468414,0,0.0,0.0
2013-05-17 00:00:00+08:00,0.057514943182468414,0.057514943182468414,0.057514943182468414,0.057514943182468414,0,0.0,0.0
2013-05-20 00:00:00+08:00,0.057514943182468414,0.057514943182468414,0.057514943182468414,0.057514943182468414,0,0.0,0.0
2013-05-21 00:00:00+08:00,0.057514943182468414,0.057514943182468414,0.057514943182468414,0.057514943182468414,0,0.0,0.0
2013-05-22 00:00:00+08:00,0.057514943182468414,0.057514943182468414,0.057514943182468414,0.057514943182468414,0,0.0,0.0
2013-05-23 00:00:00+08:00,0.057514943182468414,0.057514943182468414,0.057514943182468414,0.057514943182468414,0,0.0,0.0
2013-05-27 00:00:00+08:00,0.06501689553260803,0.06501689553260803,0.06501689553260803,0.06501689553260803,5000,0.0,0.0
2013-05-28 00:00:00+08:00,0.06126592393720668,0.06126592393720668,0.06001559644937515,0.06001559644937515,10000,0.0,0.0
2013-05-29 00:00:00+08:00,0.06501689261050794,0.06626721632186122,0.06251624518780138,0.06376656889915466,396000,0.0,0.0
2013-05-30 00:00:00+08:00,0.06376656889915466,0.06376656889915466,0.06376656889915466,0.06376656889915466,0,0.0,0.0
2013-05-31 00:00:00+08:00,0.06376656889915466,0.06376656889915466,0.06376656889915466,0.06376656889915466,50000,0.0,0.0
2013-06-03 00:00:00+08:00,0.06376656889915466,0.06376656889915466,0.06376656889915466,0.06376656889915466,0,0.0,0.0
2013-06-04 00:00:00+08:00,0.06376656889915466,0.06376656889915466,0.06376656889915466,0.06376656889915466,0,0.0,0.0
2013-06-05 00:00:00+08:00,0.06376656889915466,0.06376656889915466,0.06376656889915466,0.06376656889915466,0,0.0,0.0
2013-06-06 00:00:00+08:00,0.06376656889915466,0.06376656889915466,0.06376656889915466,0.06376656889915466,0,0.0,0.0
2013-06-07 00:00:00+08:00,0.06376656889915466,0.06376656889915466,0.06376656889915466,0.06376656889915466,100000,0.0,0.0
2013-06-10 00:00:00+08:00,0.06376656889915466,0.06376656889915466,0.06376656889915466,0.06376656889915466,0,0.0,0.0
2013-06-11 00:00:00+08:00,0.06376656889915466,0.06376656889915466,0.06376656889915466,0.06376656889915466,0,0.0,0.0
2013-06-12 00:00:00+08:00,0.06501689553260803,0.06501689553260803,0.06501689553260803,0.06501689553260803,30000,0.0,0.0
2013-06-13 00:00:00+08:00,0.0625162422657013,0.06376656591861263,0.0625162422657013,0.0625162422657013,150000,0.0,0.0
2013-06-14 00:00:00+08:00,0.0625162422657013,0.0625162422657013,0.0625162422657013,0.0625162422657013,0,0.0,0.0
2013-06-17 00:00:00+08:00,0.0625162422657013,0.0625162422657013,0.0625162422657013,0.0625162422657013,0,0.0,0.0
2013-06-18 00:00:00+08:00,0.0625162422657013,0.0625162422657013,0.0625162422657013,0.0625162422657013,0,0.0,0.0
2013-06-19 00:00:00+08:00,0.0625162422657013,0.0625162422657013,0.0625162422657013,0.0625162422657013,0,0.0,0.0
2013-06-20 00:00:00+08:00,0.0625162422657013,0.0625162422657013,0.0625162422657013,0.0625162422657013,0,0.0,0.0
2013-06-21 00:00:00+08:00,0.0625162422657013,0.0625162422657013,0.0625162422657013,0.0625162422657013,0,0.0,0.0
2013-06-24 00:00:00+08:00,0.0625162422657013,0.0625162422657013,0.0625162422657013,0.0625162422657013,0,0.0,0.0
2013-06-25 00:00:00+08:00,0.0625162422657013,0.0625162422657013,0.0625162422657013,0.0625162422657013,0,0.0,0.0
2013-06-26 00:00:00+08:00,0.0625162422657013,0.0625162422657013,0.0625162422657013,0.0625162422657013,0,0.0,0.0
2013-06-27 00:00:00+08:00,0.0625162422657013,0.0625162422657013,0.0625162422657013,0.0625162422657013,0,0.0,0.0
2013-06-28 00:00:00+08:00,0.06376656889915466,0.06376656889915466,0.06376656889915466,0.06376656889915466,573000,0.0,0.0
2013-07-01 00:00:00+08:00,0.06501689261050794,0.06876787119708495,0.06376656889915466,0.06376656889915466,232000,0.0,0.0
2013-07-02 00:00:00+08:00,0.06376656889915466,0.06376656889915466,0.06376656889915466,0.06376656889915466,0,0.0,0.0
2013-07-03 00:00:00+08:00,0.06376656889915466,0.06376656889915466,0.06376656889915466,0.06376656889915466,0,0.0,0.0
2013-07-04 00:00:00+08:00,0.06376656889915466,0.06376656889915466,0.06376656889915466,0.06376656889915466,0,0.0,0.0
2013-07-05 00:00:00+08:00,0.06376656889915466,0.06376656889915466,0.06376656889915466,0.06376656889915466,149000,0.0,0.0
2013-07-08 00:00:00+08:00,0.06376657282697346,0.07126852300970667,0.06376657282697346,0.06876787543296814,181000,0.0,0.0
2013-07-09 00:00:00+08:00,0.06376656889915466,0.06376656889915466,0.06376656889915466,0.06376656889915466,15000,0.0,0.0
2013-07-10 00:00:00+08:00,0.06376656889915466,0.06376656889915466,0.06376656889915466,0.06376656889915466,0,0.0,0.0
2013-07-11 00:00:00+08:00,0.06376656889915466,0.06376656889915466,0.06376656889915466,0.06376656889915466,0,0.0,0.0
2013-07-12 00:00:00+08:00,0.06376656889915466,0.06376656889915466,0.06376656889915466,0.06376656889915466,0,0.0,0.0
2013-07-15 00:00:00+08:00,0.06251624302564848,0.06251624302564848,0.061265919357538216,0.06126591935753822,11000,0.0,0.0
2013-07-16 00:00:00+08:00,0.061265919357538216,0.061265919357538216,0.061265919357538216,0.06126591935753822,0,0.0,0.0
2013-07-17 00:00:00+08:00,0.061265919357538216,0.061265919357538216,0.061265919357538216,0.06126591935753822,0,0.0,0.0
2013-07-18 00:00:00+08:00,0.061265919357538216,0.061265919357538216,0.061265919357538216,0.06126591935753822,0,0.0,0.0
2013-07-19 00:00:00+08:00,0.061265919357538216,0.061265919357538216,0.061265919357538216,0.06126591935753822,0,0.0,0.0
2013-07-22 00:00:00+08:00,0.061265919357538216,0.061265919357538216,0.061265919357538216,0.06126591935753822,0,0.0,0.0
2013-07-23 00:00:00+08:00,0.07001820206642151,0.07001820206642151,0.07001820206642151,0.07001820206642151,1000,0.0,0.0
2013-07-24 00:00:00+08:00,0.06376656889915466,0.06376656889915466,0.06376656889915466,0.06376656889915466,50000,0.0,0.0
2013-07-25 00:00:00+08:00,0.06376656889915466,0.06376656889915466,0.06376656889915466,0.06376656889915466,0,0.0,0.0
2013-07-26 00:00:00+08:00,0.06376656889915466,0.06376656889915466,0.06376656889915466,0.06376656889915466,0,0.0,0.0
2013-07-29 00:00:00+08:00,0.06376656889915466,0.06376656889915466,0.06376656889915466,0.06376656889915466,0,0.0,0.0
2013-07-30 00:00:00+08:00,0.06376656889915466,0.06376656889915466,0.06376656889915466,0.06376656889915466,0,0.0,0.0
2013-07-31 00:00:00+08:00,0.06376656889915466,0.06376656889915466,0.06376656889915466,0.06376656889915466,0,0.0,0.0
2013-08-01 00:00:00+08:00,0.06376656889915466,0.06376656889915466,0.06376656889915466,0.06376656889915466,0,0.0,0.0
2013-08-02 00:00:00+08:00,0.06376656889915466,0.06376656889915466,0.06376656889915466,0.06376656889915466,0,0.0,0.0
2013-08-05 00:00:00+08:00,0.06376656889915466,0.06376656889915466,0.06376656889915466,0.06376656889915466,0,0.0,0.0
2013-08-06 00:00:00+08:00,0.06376656889915466,0.06376656889915466,0.06376656889915466,0.06376656889915466,0,0.0,0.0
2013-08-07 00:00:00+08:00,0.06376656889915466,0.06376656889915466,0.06376656889915466,0.06376656889915466,0,0.0,0.0
2013-08-12 00:00:00+08:00,0.06376656889915466,0.06376656889915466,0.06376656889915466,0.06376656889915466,0,0.0,0.0
2013-08-13 00:00:00+08:00,0.06376656889915466,0.06376656889915466,0.06376656889915466,0.06376656889915466,0,0.0,0.0
2013-08-14 00:00:00+08:00,0.06376656889915466,0.06376656889915466,0.06376656889915466,0.06376656889915466,0,0.0,0.0
2013-08-15 00:00:00+08:00,0.06376656889915466,0.06376656889915466,0.06376656889915466,0.06376656889915466,0,0.0,0.0
2013-08-16 00:00:00+08:00,0.06376656889915466,0.06376656889915466,0.06376656889915466,0.06376656889915466,0,0.0,0.0
2013-08-19 00:00:00+08:00,0.061265919357538216,0.061265919357538216,0.060015591963169496,0.06126591935753822,210000,0.0,0.0
2013-08-20 00:00:00+08:00,0.05876527354121208,0.05876527354121208,0.05876527354121208,0.05876527354121208,55000,0.0,0.0
2013-08-21 00:00:00+08:00,0.05876527354121208,0.05876527354121208,0.05876527354121208,0.05876527354121208,0,0.0,0.0
2013-08-22 00:00:00+08:00,0.05876527354121208,0.05876527354121208,0.05876527354121208,0.05876527354121208,0,0.0,0.0
2013-08-23 00:00:00+08:00,0.05876527354121208,0.05876527354121208,0.05876527354121208,0.05876527354121208,0,0.0,0.0
2013-08-26 00:00:00+08:00,0.05876527354121208,0.05876527354121208,0.05876527354121208,0.05876527354121208,0,0.0,0.0
2013-08-27 00:00:00+08:00,0.05876527354121208,0.05876527354121208,0.05876527354121208,0.05876527354121208,0,0.0,0.0
2013-08-28 00:00:00+08:00,0.05876527354121208,0.05876527354121208,0.05876527354121208,0.05876527354121208,0,0.0,0.0
2013-08-29 00:00:00+08:00,0.05876527354121208,0.05876527354121208,0.05876527354121208,0.05876527354121208,0,0.0,0.0
2013-08-30 00:00:00+08:00,0.05876527354121208,0.05876527354121208,0.05876527354121208,0.05876527354121208,0,0.0,0.0
2013-09-02 00:00:00+08:00,0.05876527354121208,0.05876527354121208,0.05876527354121208,0.05876527354121208,0,0.0,0.0
2013-09-03 00:00:00+08:00,0.05876527354121208,0.05876527354121208,0.05876527354121208,0.05876527354121208,0,0.0,0.0
2013-09-04 00:00:00+08:00,0.05876527354121208,0.05876527354121208,0.05876527354121208,0.05876527354121208,0,0.0,0.0
2013-09-05 00:00:00+08:00,0.05876527354121208,0.05876527354121208,0.05876527354121208,0.05876527354121208,0,0.0,0.0
2013-09-06 00:00:00+08:00,0.05876527354121208,0.05876527354121208,0.05876527354121208,0.05876527354121208,0,0.0,0.0
2013-09-09 00:00:00+08:00,0.057514943182468414,0.057514943182468414,0.057514943182468414,0.057514943182468414,40000,0.0,0.0
2013-09-10 00:00:00+08:00,0.06251624145556095,0.06251624145556095,0.057514943182468414,0.057514943182468414,24000,0.0,0.0
2013-09-11 00:00:00+08:00,0.057514943182468414,0.057514943182468414,0.057514943182468414,0.057514943182468414,0,0.0,0.0
2013-09-12 00:00:00+08:00,0.05876527354121208,0.05876527354121208,0.05876527354121208,0.05876527354121208,20000,0.0,0.0
2013-09-13 00:00:00+08:00,0.05876527354121208,0.05876527354121208,0.05876527354121208,0.05876527354121208,0,0.0,0.0
2013-09-16 00:00:00+08:00,0.05876527354121208,0.05876527354121208,0.05876527354121208,0.05876527354121208,0,0.0,0.0
2013-09-17 00:00:00+08:00,0.05876527354121208,0.05876527354121208,0.05876527354121208,0.05876527354121208,0,0.0,0.0
2013-09-18 00:00:00+08:00,0.05876527354121208,0.05876527354121208,0.05876527354121208,0.05876527354121208,20000,0.0,0.0
2013-09-19 00:00:00+08:00,0.05876527354121208,0.05876527354121208,0.05876527354121208,0.05876527354121208,0,0.0,0.0
2013-09-20 00:00:00+08:00,0.05876527354121208,0.05876527354121208,0.05876527354121208,0.05876527354121208,0,0.0,0.0
2013-09-23 00:00:00+08:00,0.05876527354121208,0.05876527354121208,0.05876527354121208,0.05876527354121208,0,0.0,0.0
2013-09-24 00:00:00+08:00,0.05876527354121208,0.05876527354121208,0.05876527354121208,0.05876527354121208,0,0.0,0.0
2013-09-25 00:00:00+08:00,0.05876527354121208,0.05876527354121208,0.05876527354121208,0.05876527354121208,0,0.0,0.0
2013-09-26 00:00:00+08:00,0.05876527354121208,0.05876527354121208,0.05876527354121208,0.05876527354121208,0,0.0,0.0
2013-09-27 00:00:00+08:00,0.05876527354121208,0.05876527354121208,0.05876527354121208,0.05876527354121208,0,0.0,0.0
2013-09-30 00:00:00+08:00,0.05876527354121208,0.05876527354121208,0.05876527354121208,0.05876527354121208,0,0.0,0.0
2013-10-01 00:00:00+08:00,0.05876527354121208,0.05876527354121208,0.05876527354121208,0.05876527354121208,0,0.0,0.0
2013-10-02 00:00:00+08:00,0.05876527354121208,0.05876527354121208,0.05876527354121208,0.05876527354121208,0,0.0,0.0
2013-10-03 00:00:00+08:00,0.05876527354121208,0.05876527354121208,0.05876527354121208,0.05876527354121208,0,0.0,0.0
2013-10-04 00:00:00+08:00,0.05876527354121208,0.05876527354121208,0.05876527354121208,0.05876527354121208,0,0.0,0.0
2013-10-07 00:00:00+08:00,0.05876527354121208,0.05876527354121208,0.05876527354121208,0.05876527354121208,0,0.0,0.0
2013-10-08 00:00:00+08:00,0.05876527354121208,0.05876527354121208,0.05876527354121208,0.05876527354121208,0,0.0,0.0
2013-10-09 00:00:00+08:00,0.05876527354121208,0.05876527354121208,0.05876527354121208,0.05876527354121208,0,0.0,0.0
2013-10-10 00:00:00+08:00,0.05876527354121208,0.05876527354121208,0.05876527354121208,0.05876527354121208,0,0.0,0.0
2013-10-11 00:00:00+08:00,0.05876527354121208,0.05876527354121208,0.05876527354121208,0.05876527354121208,0,0.0,0.0
2013-10-14 00:00:00+08:00,0.05876527354121208,0.05876527354121208,0.05876527354121208,0.05876527354121208,0,0.0,0.0
2013-10-16 00:00:00+08:00,0.05876527354121208,0.05876527354121208,0.05876527354121208,0.05876527354121208,0,0.0,0.0
2013-10-17 00:00:00+08:00,0.05876527354121208,0.05876527354121208,0.05876527354121208,0.05876527354121208,0,0.0,0.0
2013-10-18 00:00:00+08:00,0.05876527354121208,0.05876527354121208,0.05876527354121208,0.05876527354121208,0,0.0,0.0
2013-10-21 00:00:00+08:00,0.05876527354121208,0.05876527354121208,0.05876527354121208,0.05876527354121208,0,0.0,0.0
2013-10-22 00:00:00+08:00,0.05876527354121208,0.05876527354121208,0.05876527354121208,0.05876527354121208,0,0.0,0.0
2013-10-23 00:00:00+08:00,0.05876527354121208,0.05876527354121208,0.05876527354121208,0.05876527354121208,0,0.0,0.0
2013-10-24 00:00:00+08:00,0.05876527354121208,0.05876527354121208,0.05876527354121208,0.05876527354121208,0,0.0,0.0
2013-10-25 00:00:00+08:00,0.06376656889915466,0.06376656889915466,0.06376656889915466,0.06376656889915466,20000,0.0,0.0
2013-10-28 00:00:00+08:00,0.06751754879951477,0.06751754879951477,0.06751754879951477,0.06751754879951477,30000,0.0,0.0
2013-10-29 00:00:00+08:00,0.06751754879951477,0.06751754879951477,0.06751754879951477,0.06751754879951477,0,0.0,0.0
2013-10-30 00:00:00+08:00,0.06751754879951477,0.06751754879951477,0.06751754879951477,0.06751754879951477,0,0.0,0.0
2013-10-31 00:00:00+08:00,0.06751754879951477,0.06751754879951477,0.06751754879951477,0.06751754879951477,0,0.0,0.0
2013-11-01 00:00:00+08:00,0.06751754879951477,0.06751754879951477,0.06751754879951477,0.06751754879951477,0,0.0,0.0
2013-11-05 00:00:00+08:00,0.06751754879951477,0.06751754879951477,0.06751754879951477,0.06751754879951477,0,0.0,0.0
2013-11-06 00:00:00+08:00,0.06751754879951477,0.06751754879951477,0.06751754879951477,0.06751754879951477,0,0.0,0.0
2013-11-07 00:00:00+08:00,0.06751754879951477,0.06751754879951477,0.06751754879951477,0.06751754879951477,0,0.0,0.0
2013-11-08 00:00:00+08:00,0.06751754879951477,0.06751754879951477,0.06751754879951477,0.06751754879951477,0,0.0,0.0
2013-11-11 00:00:00+08:00,0.06751754879951477,0.06751754879951477,0.06751754879951477,0.06751754879951477,0,0.0,0.0
2013-11-12 00:00:00+08:00,0.06751754879951477,0.06751754879951477,0.06751754879951477,0.06751754879951477,0,0.0,0.0
2013-11-13 00:00:00+08:00,0.06751754879951477,0.06751754879951477,0.06751754879951477,0.06751754879951477,0,0.0,0.0
2013-11-14 00:00:00+08:00,0.06751754879951477,0.06751754879951477,0.06751754879951477,0.06751754879951477,0,0.0,0.0
2013-11-15 00:00:00+08:00,0.06751754879951477,0.06751754879951477,0.06751754879951477,0.06751754879951477,0,0.0,0.0
2013-11-18 00:00:00+08:00,0.06751754879951477,0.06751754879951477,0.06751754879951477,0.06751754879951477,0,0.0,0.0
2013-11-19 00:00:00+08:00,0.06751754879951477,0.06751754879951477,0.06751754879951477,0.06751754879951477,0,0.0,0.0
2013-11-20 00:00:00+08:00,0.061265922668584584,0.06751754879951477,0.061265922668584584,0.06751754879951477,47000,0.0,0.0
2013-11-21 00:00:00+08:00,0.06751754879951477,0.06751754879951477,0.06751754879951477,0.06751754879951477,0,0.0,0.0
2013-11-22 00:00:00+08:00,0.06751755344020034,0.06751755344020034,0.0662672221660614,0.0662672221660614,75000,0.0,0.0
2013-11-25 00:00:00+08:00,0.0662672221660614,0.0662672221660614,0.0662672221660614,0.0662672221660614,48000,0.0,0.0
2013-11-26 00:00:00+08:00,0.0662672221660614,0.0662672221660614,0.0662672221660614,0.0662672221660614,0,0.0,0.0
2013-11-27 00:00:00+08:00,0.06751754879951477,0.06751754879951477,0.06751754879951477,0.06751754879951477,5000,0.0,0.0
2013-11-28 00:00:00+08:00,0.06751754879951477,0.06751754879951477,0.06751754879951477,0.06751754879951477,0,0.0,0.0
2013-11-29 00:00:00+08:00,0.06751754879951477,0.06751754879951477,0.06751754879951477,0.06751754879951477,50000,0.0,0.0
2013-12-02 00:00:00+08:00,0.06751754879951477,0.06751754879951477,0.06751754879951477,0.06751754879951477,0,0.0,0.0
2013-12-03 00:00:00+08:00,0.06751755344020034,0.06751755344020034,0.0662672221660614,0.0662672221660614,30000,0.0,0.0
2013-12-04 00:00:00+08:00,0.0662672221660614,0.0662672221660614,0.0662672221660614,0.0662672221660614,0,0.0,0.0
2013-12-05 00:00:00+08:00,0.0662672221660614,0.0662672221660614,0.0662672221660614,0.0662672221660614,0,0.0,0.0
2013-12-06 00:00:00+08:00,0.0662672221660614,0.0662672221660614,0.0662672221660614,0.0662672221660614,0,0.0,0.0
2013-12-09 00:00:00+08:00,0.0662672221660614,0.0662672221660614,0.0662672221660614,0.0662672221660614,0,0.0,0.0
2013-12-10 00:00:00+08:00,0.0662672221660614,0.0662672221660614,0.0662672221660614,0.0662672221660614,0,0.0,0.0
2013-12-11 00:00:00+08:00,0.0662672221660614,0.0662672221660614,0.0662672221660614,0.0662672221660614,0,0.0,0.0
2013-12-12 00:00:00+08:00,0.06376656889915466,0.06376656889915466,0.06376656889915466,0.06376656889915466,20000,0.0,0.0
2013-12-13 00:00:00+08:00,0.06376656889915466,0.06376656889915466,0.06376656889915466,0.06376656889915466,0,0.0,0.0
2013-12-16 00:00:00+08:00,0.06376656889915466,0.06376656889915466,0.06376656889915466,0.06376656889915466,0,0.0,0.0
2013-12-17 00:00:00+08:00,0.06376656889915466,0.06376656889915466,0.06376656889915466,0.06376656889915466,0,0.0,0.0
2013-12-18 00:00:00+08:00,0.06376656889915466,0.06376656889915466,0.06376656889915466,0.06376656889915466,0,0.0,0.0
2013-12-19 00:00:00+08:00,0.06376656889915466,0.06376656889915466,0.06376656889915466,0.06376656889915466,0,0.0,0.0
2013-12-20 00:00:00+08:00,0.06376656889915466,0.06376656889915466,0.06376656889915466,0.06376656889915466,0,0.0,0.0
2013-12-23 00:00:00+08:00,0.06376656889915466,0.06376656889915466,0.06376656889915466,0.06376656889915466,0,0.0,0.0
2013-12-24 00:00:00+08:00,0.06376656889915466,0.06376656889915466,0.06376656889915466,0.06376656889915466,0,0.0,0.0
2013-12-26 00:00:00+08:00,0.06501689553260803,0.06501689553260803,0.06501689553260803,0.06501689553260803,1000,0.0,0.0
2013-12-27 00:00:00+08:00,0.06501689553260803,0.06501689553260803,0.06501689553260803,0.06501689553260803,10000,0.0,0.0
2013-12-30 00:00:00+08:00,0.06501689553260803,0.06501689553260803,0.06501689553260803,0.06501689553260803,0,0.0,0.0
2013-12-31 00:00:00+08:00,0.06501689553260803,0.06501689553260803,0.06501689553260803,0.06501689553260803,0,0.0,0.0
2014-01-02 00:00:00+08:00,0.06501689553260803,0.06501689553260803,0.06501689553260803,0.06501689553260803,0,0.0,0.0
2014-01-03 00:00:00+08:00,0.06501689553260803,0.06501689553260803,0.06501689553260803,0.06501689553260803,0,0.0,0.0
2014-01-06 00:00:00+08:00,0.06501689553260803,0.06501689553260803,0.06501689553260803,0.06501689553260803,0,0.0,0.0
2014-01-07 00:00:00+08:00,0.06501689553260803,0.06501689553260803,0.06501689553260803,0.06501689553260803,0,0.0,0.0
2014-01-08 00:00:00+08:00,0.06501689553260803,0.06501689553260803,0.06501689553260803,0.06501689553260803,0,0.0,0.0
2014-01-09 00:00:00+08:00,0.06876787543296814,0.06876787543296814,0.06876787543296814,0.06876787543296814,1000,0.0,0.0
2014-01-10 00:00:00+08:00,0.06876787543296814,0.06876787543296814,0.06876787543296814,0.06876787543296814,0,0.0,0.0
2014-01-13 00:00:00+08:00,0.06876787543296814,0.06876787543296814,0.06876787543296814,0.06876787543296814,40000,0.0,0.0
2014-01-14 00:00:00+08:00,0.06876787543296814,0.06876787543296814,0.06876787543296814,0.06876787543296814,1000,0.0,0.0
2014-01-15 00:00:00+08:00,0.07126852300970667,0.07126852300970667,0.06876787543296814,0.06876787543296814,55000,0.0,0.0
2014-01-16 00:00:00+08:00,0.06876787543296814,0.06876787543296814,0.06876787543296814,0.06876787543296814,0,0.0,0.0
2014-01-17 00:00:00+08:00,0.07001820206642151,0.07001820206642151,0.07001820206642151,0.07001820206642151,5000,0.0,0.0
2014-01-20 00:00:00+08:00,0.07001820206642151,0.07001820206642151,0.07001820206642151,0.07001820206642151,0,0.0,0.0
2014-01-21 00:00:00+08:00,0.07126851675355474,0.07251884043216705,0.07126851675355474,0.07251884043216705,35000,0.0,0.0
2014-01-22 00:00:00+08:00,0.07251884043216705,0.07251884043216705,0.06501689090797619,0.07251884043216705,10000,0.0,0.0
2014-01-23 00:00:00+08:00,0.07251884043216705,0.07251884043216705,0.07251884043216705,0.07251884043216705,0,0.0,0.0
2014-01-24 00:00:00+08:00,0.07251884043216705,0.07251884043216705,0.07251884043216705,0.07251884043216705,0,0.0,0.0
2014-01-27 00:00:00+08:00,0.07251884043216705,0.07251884043216705,0.07251884043216705,0.07251884043216705,0,0.0,0.0
2014-01-28 00:00:00+08:00,0.07251884043216705,0.07251884043216705,0.07251884043216705,0.07251884043216705,0,0.0,0.0
2014-01-29 00:00:00+08:00,0.07251884043216705,0.07251884043216705,0.07251884043216705,0.07251884043216705,0,0.0,0.0
2014-01-30 00:00:00+08:00,0.07386886328458786,0.07386886328458786,0.07386886328458786,0.07386886328458786,0,0.0053,0.0
2014-02-03 00:00:00+08:00,0.07386886328458786,0.07386886328458786,0.07386886328458786,0.07386886328458786,0,0.0,0.0
2014-02-04 00:00:00+08:00,0.07641606777906418,0.07641606777906418,0.07641606777906418,0.07641606777906418,30000,0.0,0.0
2014-02-05 00:00:00+08:00,0.07641606777906418,0.07641606777906418,0.07641606777906418,0.07641606777906418,0,0.0,0.0
2014-02-06 00:00:00+08:00,0.07641606777906418,0.07641606777906418,0.07641606777906418,0.07641606777906418,0,0.0,0.0
2014-02-07 00:00:00+08:00,0.07514246553182602,0.07514246553182602,0.07514246553182602,0.07514246553182602,4000,0.0,0.0
2014-02-10 00:00:00+08:00,0.07514246553182602,0.07514246553182602,0.07514246553182602,0.07514246553182602,0,0.0,0.0
2014-02-11 00:00:00+08:00,0.07514246553182602,0.07514246553182602,0.07514246553182602,0.07514246553182602,0,0.0,0.0
2014-02-12 00:00:00+08:00,0.07641606777906418,0.07641606777906418,0.07641606777906418,0.07641606777906418,46000,0.0,0.0
2014-02-13 00:00:00+08:00,0.07641606777906418,0.07641606777906418,0.07641606777906418,0.07641606777906418,0,0.0,0.0
2014-02-14 00:00:00+08:00,0.07641606777906418,0.07641606777906418,0.07641606777906418,0.07641606777906418,0,0.0,0.0
2014-02-17 00:00:00+08:00,0.07641606777906418,0.07641606777906418,0.07641606777906418,0.07641606777906418,0,0.0,0.0
2014-02-18 00:00:00+08:00,0.07641606777906418,0.07641606777906418,0.07641606777906418,0.07641606777906418,0,0.0,0.0
2014-02-19 00:00:00+08:00,0.07641606777906418,0.07641606777906418,0.07641606777906418,0.07641606777906418,0,0.0,0.0
2014-02-20 00:00:00+08:00,0.07641606777906418,0.07641606777906418,0.07641606777906418,0.07641606777906418,10000,0.0,0.0
2014-02-21 00:00:00+08:00,0.07641606777906418,0.07641606777906418,0.07641606777906418,0.07641606777906418,8000,0.0,0.0
2014-02-24 00:00:00+08:00,0.07641606777906418,0.07641606777906418,0.07641606777906418,0.07641606777906418,0,0.0,0.0
2014-02-25 00:00:00+08:00,0.07132166624069214,0.07132166624069214,0.07132166624069214,0.07132166624069214,60000,0.0,0.0
2014-02-26 00:00:00+08:00,0.0789632648229599,0.0789632648229599,0.0789632648229599,0.0789632648229599,15000,0.0,0.0
2014-02-27 00:00:00+08:00,0.0789632648229599,0.0789632648229599,0.0789632648229599,0.0789632648229599,0,0.0,0.0
2014-02-28 00:00:00+08:00,0.07896326750794831,0.07896326750794831,0.07641606777906418,0.07641606777906418,49000,0.0,0.0
2014-03-03 00:00:00+08:00,0.0789632648229599,0.0789632648229599,0.0789632648229599,0.0789632648229599,50000,0.0,0.0
2014-03-04 00:00:00+08:00,0.07641607307580146,0.07641607307580146,0.07514246553182602,0.07514246553182602,55000,0.0,0.0
2014-03-05 00:00:00+08:00,0.07514246553182602,0.07514246553182602,0.07514246553182602,0.07514246553182602,0,0.0,0.0
2014-03-06 00:00:00+08:00,0.07514246553182602,0.07514246553182602,0.07514246553182602,0.07514246553182602,0,0.0,0.0
2014-03-07 00:00:00+08:00,0.07641606777906418,0.07641606777906418,0.07641606777906418,0.07641606777906418,36000,0.0,0.0
2014-03-10 00:00:00+08:00,0.07641606777906418,0.07641606777906418,0.07641606777906418,0.07641606777906418,0,0.0,0.0
2014-03-11 00:00:00+08:00,0.07641606777906418,0.07641606777906418,0.07641606777906418,0.07641606777906418,0,0.0,0.0
2014-03-12 00:00:00+08:00,0.08023686641620525,0.08915207295231095,0.08023686641620525,0.08787847310304642,505000,0.0,0.0
2014-03-13 00:00:00+08:00,0.08660488119457473,0.08660488119457473,0.08405768126249313,0.08405768126249313,495000,0.0,0.0
2014-03-14 00:00:00+08:00,0.08405768126249313,0.08405768126249313,0.08405768126249313,0.08405768126249313,0,0.0,0.0
2014-03-17 00:00:00+08:00,0.08405767152383299,0.08405767152383299,0.08278406411409378,0.08278406411409378,45000,0.0,0.0
2014-03-18 00:00:00+08:00,0.08023686707019806,0.08023686707019806,0.08023686707019806,0.08023686707019806,130000,0.0,0.0
2014-03-19 00:00:00+08:00,0.08278406411409378,0.08278406411409378,0.08278406411409378,0.08278406411409378,22000,0.0,0.0
2014-03-20 00:00:00+08:00,0.08278406411409378,0.08278406411409378,0.08278406411409378,0.08278406411409378,0,0.0,0.0
2014-03-21 00:00:00+08:00,0.08278406146195,0.0853312686085701,0.08278406146195,0.0853312686085701,56000,0.0,0.0
2014-03-24 00:00:00+08:00,0.0866048683862534,0.08787846816393673,0.0853312686085701,0.0853312686085701,62000,0.0,0.0
2014-03-25 00:00:00+08:00,0.0853312686085701,0.0853312686085701,0.0853312686085701,0.0853312686085701,0,0.0,0.0
2014-03-26 00:00:00+08:00,0.08660487558324202,0.08915207535028458,0.08533127569972074,0.08915207535028458,379000,0.0,0.0
2014-03-27 00:00:00+08:00,0.08787846816393673,0.08787846816393673,0.0853312686085701,0.0853312686085701,230000,0.0,0.0
2014-03-28 00:00:00+08:00,0.0853312686085701,0.0853312686085701,0.0853312686085701,0.0853312686085701,12000,0.0,0.0
2014-03-31 00:00:00+08:00,0.08787847822995637,0.08787847822995637,0.08660487830638885,0.08660487830638885,32000,0.0,0.0
2014-04-01 00:00:00+08:00,0.0866048683862534,0.0866048683862534,0.0853312686085701,0.0853312686085701,155000,0.0,0.0
2014-04-02 00:00:00+08:00,0.08533128122853394,0.08533128122853394,0.08405768126249313,0.08405768126249313,64000,0.0,0.0
2014-04-03 00:00:00+08:00,0.08405768126249313,0.08405768126249313,0.08405768126249313,0.08405768126249313,155000,0.0,0.0
2014-04-04 00:00:00+08:00,0.08405768126249313,0.08405768126249313,0.08405768126249313,0.08405768126249313,0,0.0,0.0
2014-04-07 00:00:00+08:00,0.08278406411409378,0.08278406411409378,0.08278406411409378,0.08278406411409378,5000,0.0,0.0
2014-04-08 00:00:00+08:00,0.08278406411409378,0.08278406411409378,0.08278406411409378,0.08278406411409378,20000,0.0,0.0
2014-04-09 00:00:00+08:00,0.08278406411409378,0.08278406411409378,0.08278406411409378,0.08278406411409378,0,0.0,0.0
2014-04-10 00:00:00+08:00,0.08278406411409378,0.08278406411409378,0.08278406411409378,0.08278406411409378,0,0.0,0.0
2014-04-11 00:00:00+08:00,0.08278406411409378,0.08278406411409378,0.08278406411409378,0.08278406411409378,0,0.0,0.0
2014-04-14 00:00:00+08:00,0.08278406411409378,0.08278406411409378,0.08278406411409378,0.08278406411409378,0,0.0,0.0
2014-04-15 00:00:00+08:00,0.08278406411409378,0.08278406411409378,0.08278406411409378,0.08278406411409378,0,0.0,0.0
2014-04-16 00:00:00+08:00,0.08023686464409575,0.08023686464409575,0.07514245776829863,0.0789632648229599,375000,0.0,0.0
2014-04-17 00:00:00+08:00,0.08023686707019806,0.08023686707019806,0.08023686707019806,0.08023686707019806,350000,0.0,0.0
2014-04-21 00:00:00+08:00,0.08023686707019806,0.08023686707019806,0.08023686707019806,0.08023686707019806,0,0.0,0.0
2014-04-22 00:00:00+08:00,0.08023686707019806,0.08023686707019806,0.08023686707019806,0.08023686707019806,0,0.0,0.0
2014-04-23 00:00:00+08:00,0.07641606777906418,0.07641606777906418,0.07641606777906418,0.07641606777906418,50000,0.0,0.0
2014-04-24 00:00:00+08:00,0.07641606777906418,0.07641606777906418,0.07641606777906418,0.07641606777906418,0,0.0,0.0
2014-04-25 00:00:00+08:00,0.07641606777906418,0.07641606777906418,0.07641606777906418,0.07641606777906418,0,0.0,0.0
2014-04-28 00:00:00+08:00,0.07641606777906418,0.07641606777906418,0.07641606777906418,0.07641606777906418,0,0.0,0.0
2014-04-29 00:00:00+08:00,0.07641606777906418,0.07641606777906418,0.07641606777906418,0.07641606777906418,0,0.0,0.0
2014-04-30 00:00:00+08:00,0.07641606777906418,0.07641606777906418,0.07641606777906418,0.07641606777906418,0,0.0,0.0
2014-05-02 00:00:00+08:00,0.08023686707019806,0.08023686707019806,0.08023686707019806,0.08023686707019806,9000,0.0,0.0
2014-05-05 00:00:00+08:00,0.08023686707019806,0.08023686707019806,0.08023686707019806,0.08023686707019806,0,0.0,0.0
2014-05-06 00:00:00+08:00,0.07641606777906418,0.07641606777906418,0.07641606777906418,0.07641606777906418,5000,0.0,0.0
2014-05-07 00:00:00+08:00,0.0789632648229599,0.0789632648229599,0.0789632648229599,0.0789632648229599,14000,0.0,0.0
2014-05-08 00:00:00+08:00,0.0789632648229599,0.0789632648229599,0.0789632648229599,0.0789632648229599,0,0.0,0.0
2014-05-09 00:00:00+08:00,0.0789632648229599,0.0789632648229599,0.0789632648229599,0.0789632648229599,0,0.0,0.0
2014-05-12 00:00:00+08:00,0.0789632648229599,0.0789632648229599,0.0789632648229599,0.0789632648229599,0,0.0,0.0
2014-05-14 00:00:00+08:00,0.08023686707019806,0.08023686707019806,0.08023686707019806,0.08023686707019806,5000,0.0,0.0
2014-05-15 00:00:00+08:00,0.07641606749126195,0.08023686707019806,0.07641606749126195,0.08023686707019806,60000,0.0,0.0
2014-05-16 00:00:00+08:00,0.07641606279435803,0.07768966257572174,0.07641606279435803,0.07768966257572174,36000,0.0,0.0
2014-05-19 00:00:00+08:00,0.07768966257572174,0.07768966257572174,0.07768966257572174,0.07768966257572174,15000,0.0,0.0
2014-05-20 00:00:00+08:00,0.07768966257572174,0.07768966257572174,0.07768966257572174,0.07768966257572174,0,0.0,0.0
2014-05-21 00:00:00+08:00,0.07641606777906418,0.07641606777906418,0.07641606777906418,0.07641606777906418,65000,0.0,0.0
2014-05-22 00:00:00+08:00,0.07641606777906418,0.07641606777906418,0.07641606777906418,0.07641606777906418,2000,0.0,0.0
2014-05-23 00:00:00+08:00,0.07641606777906418,0.07641606777906418,0.07641606777906418,0.07641606777906418,0,0.0,0.0
2014-05-26 00:00:00+08:00,0.07641606777906418,0.07641606777906418,0.07641606777906418,0.07641606777906418,0,0.0,0.0
2014-05-27 00:00:00+08:00,0.07641606777906418,0.07641606777906418,0.07641606777906418,0.07641606777906418,0,0.0,0.0
2014-05-28 00:00:00+08:00,0.07641606777906418,0.07641606777906418,0.07641606777906418,0.07641606777906418,3000,0.0,0.0
2014-05-29 00:00:00+08:00,0.07641606777906418,0.07896326750794831,0.07641606777906418,0.07641606777906418,15000,0.0,0.0
2014-05-30 00:00:00+08:00,0.07641606777906418,0.07641606777906418,0.07641606777906418,0.07641606777906418,0,0.0,0.0
2014-06-02 00:00:00+08:00,0.07641606777906418,0.07641606777906418,0.07641606777906418,0.07641606777906418,0,0.0,0.0
2014-06-03 00:00:00+08:00,0.07641606777906418,0.07641606777906418,0.07641606777906418,0.07641606777906418,0,0.0,0.0
2014-06-04 00:00:00+08:00,0.07641606777906418,0.07641606777906418,0.07641606777906418,0.07641606777906418,0,0.0,0.0
2014-06-05 00:00:00+08:00,0.07641606777906418,0.07641606777906418,0.07641606777906418,0.07641606777906418,20000,0.0,0.0
2014-06-06 00:00:00+08:00,0.07641607307580146,0.07641607307580146,0.07514246553182602,0.07514246553182602,28000,0.0,0.0
2014-06-09 00:00:00+08:00,0.07514246553182602,0.07514246553182602,0.07514246553182602,0.07514246553182602,0,0.0,0.0
2014-06-10 00:00:00+08:00,0.07514246319774819,0.07514246319774819,0.07386886328458786,0.07386886328458786,69000,0.0,0.0
2014-06-11 00:00:00+08:00,0.07386886328458786,0.07386886328458786,0.07386886328458786,0.07386886328458786,0,0.0,0.0
2014-06-12 00:00:00+08:00,0.07386886328458786,0.07386886328458786,0.07386886328458786,0.07386886328458786,0,0.0,0.0
2014-06-13 00:00:00+08:00,0.07386886328458786,0.07386886328458786,0.07386886328458786,0.07386886328458786,0,0.0,0.0
2014-06-16 00:00:00+08:00,0.07386886328458786,0.07386886328458786,0.07386886328458786,0.07386886328458786,0,0.0,0.0
2014-06-17 00:00:00+08:00,0.07386886328458786,0.07386886328458786,0.07386886328458786,0.07386886328458786,0,0.0,0.0
2014-06-18 00:00:00+08:00,0.07386886328458786,0.07386886328458786,0.07386886328458786,0.07386886328458786,0,0.0,0.0
2014-06-19 00:00:00+08:00,0.07386886328458786,0.07386886328458786,0.07386886328458786,0.07386886328458786,0,0.0,0.0
2014-06-20 00:00:00+08:00,0.07386886328458786,0.07386886328458786,0.07386886328458786,0.07386886328458786,0,0.0,0.0
2014-06-23 00:00:00+08:00,0.07386886328458786,0.07386886328458786,0.07386886328458786,0.07386886328458786,0,0.0,0.0
2014-06-24 00:00:00+08:00,0.07386886328458786,0.07386886328458786,0.07386886328458786,0.07386886328458786,0,0.0,0.0
2014-06-25 00:00:00+08:00,0.07386886328458786,0.07386886328458786,0.07386886328458786,0.07386886328458786,30000,0.0,0.0
2014-06-26 00:00:00+08:00,0.07514246553182602,0.07514246553182602,0.07514246553182602,0.07514246553182602,15000,0.0,0.0
2014-06-27 00:00:00+08:00,0.07514246553182602,0.07514246553182602,0.07514246553182602,0.07514246553182602,0,0.0,0.0
2014-06-30 00:00:00+08:00,0.07514246553182602,0.07514246553182602,0.07514246553182602,0.07514246553182602,0,0.0,0.0
2014-07-01 00:00:00+08:00,0.07514246553182602,0.07514246553182602,0.07514246553182602,0.07514246553182602,0,0.0,0.0
2014-07-02 00:00:00+08:00,0.07768966257572174,0.07768966257572174,0.07768966257572174,0.07768966257572174,26000,0.0,0.0
2014-07-03 00:00:00+08:00,0.07768966257572174,0.07768966257572174,0.07768966257572174,0.07768966257572174,0,0.0,0.0
2014-07-04 00:00:00+08:00,0.07768966257572174,0.07768966257572174,0.07768966257572174,0.07768966257572174,0,0.0,0.0
2014-07-07 00:00:00+08:00,0.07768966257572174,0.07768966257572174,0.07768966257572174,0.07768966257572174,0,0.0,0.0
2014-07-08 00:00:00+08:00,0.07768966257572174,0.07768966257572174,0.07768966257572174,0.07768966257572174,1000,0.0,0.0
2014-07-09 00:00:00+08:00,0.07768966257572174,0.07768966257572174,0.07768966257572174,0.07768966257572174,0,0.0,0.0
2014-07-10 00:00:00+08:00,0.07768966257572174,0.07768966257572174,0.07768966257572174,0.07768966257572174,0,0.0,0.0
2014-07-11 00:00:00+08:00,0.07768966257572174,0.07768966257572174,0.07768966257572174,0.07768966257572174,0,0.0,0.0
2014-07-14 00:00:00+08:00,0.07768966257572174,0.07768966257572174,0.07768966257572174,0.07768966257572174,0,0.0,0.0
2014-07-15 00:00:00+08:00,0.07768966257572174,0.07768966257572174,0.07768966257572174,0.07768966257572174,0,0.0,0.0
2014-07-16 00:00:00+08:00,0.07768966257572174,0.07768966257572174,0.07768966257572174,0.07768966257572174,5000,0.0,0.0
2014-07-17 00:00:00+08:00,0.07768966257572174,0.07768966257572174,0.07768966257572174,0.07768966257572174,0,0.0,0.0
2014-07-18 00:00:00+08:00,0.07768966257572174,0.07768966257572174,0.07768966257572174,0.07768966257572174,0,0.0,0.0
2014-07-21 00:00:00+08:00,0.07768966257572174,0.07768966257572174,0.07768966257572174,0.07768966257572174,0,0.0,0.0
2014-07-22 00:00:00+08:00,0.07768966257572174,0.07768966257572174,0.07768966257572174,0.07768966257572174,0,0.0,0.0
2014-07-23 00:00:00+08:00,0.07768966257572174,0.07768966257572174,0.07768966257572174,0.07768966257572174,0,0.0,0.0
2014-07-24 00:00:00+08:00,0.07768966257572174,0.07768966257572174,0.07768966257572174,0.07768966257572174,0,0.0,0.0
2014-07-25 00:00:00+08:00,0.07768966257572174,0.07768966257572174,0.07768966257572174,0.07768966257572174,0,0.0,0.0
2014-07-29 00:00:00+08:00,0.07768966257572174,0.07768966257572174,0.07768966257572174,0.07768966257572174,0,0.0,0.0
2014-07-30 00:00:00+08:00,0.07768966257572174,0.07768966257572174,0.07768966257572174,0.07768966257572174,0,0.0,0.0
2014-07-31 00:00:00+08:00,0.07768966257572174,0.07768966257572174,0.07768966257572174,0.07768966257572174,0,0.0,0.0
2014-08-01 00:00:00+08:00,0.07768966257572174,0.07768966257572174,0.07768966257572174,0.07768966257572174,0,0.0,0.0
2014-08-04 00:00:00+08:00,0.07768966257572174,0.07768966257572174,0.07768966257572174,0.07768966257572174,0,0.0,0.0
2014-08-05 00:00:00+08:00,0.07768966257572174,0.07768966257572174,0.07768966257572174,0.07768966257572174,0,0.0,0.0
2014-08-06 00:00:00+08:00,0.07768966257572174,0.07768966257572174,0.07768966257572174,0.07768966257572174,0,0.0,0.0
2014-08-07 00:00:00+08:00,0.08278406411409378,0.08278406411409378,0.08278406411409378,0.08278406411409378,4000,0.0,0.0
2014-08-08 00:00:00+08:00,0.0789632648229599,0.0789632648229599,0.0789632648229599,0.0789632648229599,1000,0.0,0.0
2014-08-11 00:00:00+08:00,0.0789632648229599,0.0789632648229599,0.0789632648229599,0.0789632648229599,0,0.0,0.0
2014-08-12 00:00:00+08:00,0.08151046186685562,0.08151046186685562,0.08151046186685562,0.08151046186685562,5000,0.0,0.0
2014-08-13 00:00:00+08:00,0.08151046186685562,0.08151046186685562,0.08151046186685562,0.08151046186685562,0,0.0,0.0
2014-08-14 00:00:00+08:00,0.08151046186685562,0.08151046186685562,0.08151046186685562,0.08151046186685562,0,0.0,0.0
2014-08-15 00:00:00+08:00,0.08151046186685562,0.08151046186685562,0.08151046186685562,0.08151046186685562,0,0.0,0.0
2014-08-18 00:00:00+08:00,0.08151046186685562,0.08151046186685562,0.08151046186685562,0.08151046186685562,0,0.0,0.0
2014-08-19 00:00:00+08:00,0.08151046692984344,0.08151046692984344,0.08023686707019806,0.08023686707019806,26000,0.0,0.0
2014-08-20 00:00:00+08:00,0.08023686707019806,0.08023686707019806,0.08023686707019806,0.08023686707019806,0,0.0,0.0
2014-08-21 00:00:00+08:00,0.08023686707019806,0.08023686707019806,0.08023686707019806,0.08023686707019806,0,0.0,0.0
2014-08-22 00:00:00+08:00,0.08023686707019806,0.08023686707019806,0.08023686707019806,0.08023686707019806,0,0.0,0.0
2014-08-25 00:00:00+08:00,0.08023686707019806,0.08023686707019806,0.08023686707019806,0.08023686707019806,0,0.0,0.0
2014-08-26 00:00:00+08:00,0.08023686707019806,0.08023686707019806,0.08023686707019806,0.08023686707019806,0,0.0,0.0
2014-08-27 00:00:00+08:00,0.08023686707019806,0.08023686707019806,0.08023686707019806,0.08023686707019806,0,0.0,0.0
2014-08-28 00:00:00+08:00,0.08023686707019806,0.08023686707019806,0.08023686707019806,0.08023686707019806,0,0.0,0.0
2014-08-29 00:00:00+08:00,0.08023686707019806,0.08023686707019806,0.08023686707019806,0.08023686707019806,0,0.0,0.0
2014-09-01 00:00:00+08:00,0.08023686707019806,0.08023686707019806,0.08023686707019806,0.08023686707019806,10000,0.0,0.0
2014-09-02 00:00:00+08:00,0.08023686707019806,0.08023686707019806,0.08023686707019806,0.08023686707019806,0,0.0,0.0
2014-09-03 00:00:00+08:00,0.08023686707019806,0.08023686707019806,0.08023686707019806,0.08023686707019806,0,0.0,0.0
2014-09-04 00:00:00+08:00,0.08023686707019806,0.08023686707019806,0.08023686707019806,0.08023686707019806,0,0.0,0.0
2014-09-05 00:00:00+08:00,0.08023686707019806,0.08023686707019806,0.08023686707019806,0.08023686707019806,0,0.0,0.0
2014-09-08 00:00:00+08:00,0.08023686707019806,0.08023686707019806,0.08023686707019806,0.08023686707019806,20000,0.0,0.0
2014-09-09 00:00:00+08:00,0.08023686707019806,0.08023686707019806,0.08023686707019806,0.08023686707019806,0,0.0,0.0
2014-09-10 00:00:00+08:00,0.07514246319774819,0.07514246319774819,0.07386886328458786,0.07386886328458786,202000,0.0,0.0
2014-09-11 00:00:00+08:00,0.07386886328458786,0.07386886328458786,0.07386886328458786,0.07386886328458786,0,0.0,0.0
2014-09-12 00:00:00+08:00,0.07386886328458786,0.07386886328458786,0.07386886328458786,0.07386886328458786,0,0.0,0.0
2014-09-15 00:00:00+08:00,0.07386886328458786,0.07386886328458786,0.07386886328458786,0.07386886328458786,0,0.0,0.0
2014-09-16 00:00:00+08:00,0.07386886328458786,0.07386886328458786,0.07386886328458786,0.07386886328458786,0,0.0,0.0
2014-09-17 00:00:00+08:00,0.07386886328458786,0.07386886328458786,0.07386886328458786,0.07386886328458786,0,0.0,0.0
2014-09-18 00:00:00+08:00,0.07386886328458786,0.07386886328458786,0.07386886328458786,0.07386886328458786,0,0.0,0.0
2014-09-19 00:00:00+08:00,0.07386886328458786,0.07386886328458786,0.07386886328458786,0.07386886328458786,0,0.0,0.0
2014-09-22 00:00:00+08:00,0.07386886328458786,0.07386886328458786,0.07386886328458786,0.07386886328458786,0,0.0,0.0
2014-09-23 00:00:00+08:00,0.07386886328458786,0.07386886328458786,0.07386886328458786,0.07386886328458786,0,0.0,0.0
2014-09-24 00:00:00+08:00,0.07386886328458786,0.07386886328458786,0.07386886328458786,0.07386886328458786,0,0.0,0.0
2014-09-25 00:00:00+08:00,0.07386886328458786,0.07386886328458786,0.07386886328458786,0.07386886328458786,0,0.0,0.0
2014-09-26 00:00:00+08:00,0.07386886328458786,0.07386886328458786,0.07386886328458786,0.07386886328458786,0,0.0,0.0
2014-09-29 00:00:00+08:00,0.07386886328458786,0.07386886328458786,0.07386886328458786,0.07386886328458786,0,0.0,0.0
2014-09-30 00:00:00+08:00,0.07386886328458786,0.07386886328458786,0.07386886328458786,0.07386886328458786,150000,0.0,0.0
2014-10-01 00:00:00+08:00,0.07386886328458786,0.07386886328458786,0.07386886328458786,0.07386886328458786,0,0.0,0.0
2014-10-02 00:00:00+08:00,0.07386886328458786,0.07386886328458786,0.07386886328458786,0.07386886328458786,0,0.0,0.0
2014-10-03 00:00:00+08:00,0.07386886328458786,0.07386886328458786,0.07386886328458786,0.07386886328458786,0,0.0,0.0
2014-10-07 00:00:00+08:00,0.07386886328458786,0.07386886328458786,0.07386886328458786,0.07386886328458786,0,0.0,0.0
2014-10-08 00:00:00+08:00,0.07386886328458786,0.07386886328458786,0.07386886328458786,0.07386886328458786,0,0.0,0.0
2014-10-09 00:00:00+08:00,0.07386886328458786,0.07386886328458786,0.07386886328458786,0.07386886328458786,0,0.0,0.0
2014-10-10 00:00:00+08:00,0.07386886328458786,0.07386886328458786,0.07386886328458786,0.07386886328458786,0,0.0,0.0
2014-10-13 00:00:00+08:00,0.07386886328458786,0.07386886328458786,0.07386886328458786,0.07386886328458786,0,0.0,0.0
2014-10-14 00:00:00+08:00,0.07386886328458786,0.07386886328458786,0.07386886328458786,0.07386886328458786,0,0.0,0.0
2014-10-15 00:00:00+08:00,0.07386886328458786,0.07386886328458786,0.07386886328458786,0.07386886328458786,0,0.0,0.0
2014-10-16 00:00:00+08:00,0.07386886616638504,0.07386886616638504,0.07132166624069214,0.07132166624069214,156000,0.0,0.0
2014-10-17 00:00:00+08:00,0.07132166624069214,0.07132166624069214,0.07132166624069214,0.07132166624069214,0,0.0,0.0
2014-10-20 00:00:00+08:00,0.07132166624069214,0.07132166624069214,0.07132166624069214,0.07132166624069214,0,0.0,0.0
2014-10-21 00:00:00+08:00,0.07132166624069214,0.07132166624069214,0.07132166624069214,0.07132166624069214,0,0.0,0.0
2014-10-22 00:00:00+08:00,0.07132166624069214,0.07132166624069214,0.07132166624069214,0.07132166624069214,0,0.0,0.0
2014-10-24 00:00:00+08:00,0.07132166624069214,0.07132166624069214,0.07132166624069214,0.07132166624069214,0,0.0,0.0
2014-10-27 00:00:00+08:00,0.07132166624069214,0.07132166624069214,0.07132166624069214,0.07132166624069214,0,0.0,0.0
2014-10-28 00:00:00+08:00,0.07132166624069214,0.07132166624069214,0.07132166624069214,0.07132166624069214,0,0.0,0.0
2014-10-29 00:00:00+08:00,0.07132166624069214,0.07132166624069214,0.07132166624069214,0.07132166624069214,0,0.0,0.0
2014-10-30 00:00:00+08:00,0.07132166624069214,0.07132166624069214,0.07132166624069214,0.07132166624069214,0,0.0,0.0
2014-10-31 00:00:00+08:00,0.07132166624069214,0.07132166624069214,0.07132166624069214,0.07132166624069214,0,0.0,0.0
2014-11-03 00:00:00+08:00,0.07132166624069214,0.07132166624069214,0.07132166624069214,0.07132166624069214,0,0.0,0.0
2014-11-04 00:00:00+08:00,0.07132166624069214,0.07132166624069214,0.07132166624069214,0.07132166624069214,0,0.0,0.0
2014-11-05 00:00:00+08:00,0.07132166624069214,0.07132166624069214,0.07132166624069214,0.07132166624069214,0,0.0,0.0
2014-11-06 00:00:00+08:00,0.07132166624069214,0.07132166624069214,0.07132166624069214,0.07132166624069214,0,0.0,0.0
2014-11-07 00:00:00+08:00,0.07132166624069214,0.07132166624069214,0.07132166624069214,0.07132166624069214,20000,0.0,0.0
2014-11-10 00:00:00+08:00,0.07259526059448397,0.07641606777906418,0.0713216607300419,0.07641606777906418,72000,0.0,0.0
2014-11-11 00:00:00+08:00,0.07641606777906418,0.07641606777906418,0.07641606777906418,0.07641606777906418,0,0.0,0.0
2014-11-12 00:00:00+08:00,0.07641606777906418,0.07641606777906418,0.07641606777906418,0.07641606777906418,0,0.0,0.0
2014-11-13 00:00:00+08:00,0.07896326235708546,0.07896326235708546,0.07768966257572174,0.07768966257572174,193000,0.0,0.0
2014-11-14 00:00:00+08:00,0.07641607307580146,0.07641607307580146,0.07514246553182602,0.07514246553182602,41000,0.0,0.0
2014-11-17 00:00:00+08:00,0.07514246553182602,0.07514246553182602,0.07514246553182602,0.07514246553182602,110000,0.0,0.0
2014-11-18 00:00:00+08:00,0.07514246553182602,0.07514246553182602,0.07386886557910508,0.07514246553182602,123000,0.0,0.0
2014-11-19 00:00:00+08:00,0.07514246553182602,0.07514246553182602,0.07514246553182602,0.07514246553182602,100000,0.0,0.0
2014-11-20 00:00:00+08:00,0.07514246078177299,0.07514246078177299,0.0725952610373497,0.0725952610373497,40000,0.0,0.0
2014-11-21 00:00:00+08:00,0.0725952610373497,0.0725952610373497,0.0725952610373497,0.0725952610373497,0,0.0,0.0
2014-11-24 00:00:00+08:00,0.0725952610373497,0.0725952610373497,0.0725952610373497,0.0725952610373497,0,0.0,0.0
2014-11-25 00:00:00+08:00,0.0725952610373497,0.0725952610373497,0.0725952610373497,0.0725952610373497,0,0.0,0.0
2014-11-26 00:00:00+08:00,0.07386886328458786,0.07386886328458786,0.07386886328458786,0.07386886328458786,30000,0.0,0.0
2014-11-27 00:00:00+08:00,0.07386886328458786,0.07386886328458786,0.07386886328458786,0.07386886328458786,30000,0.0,0.0
2014-11-28 00:00:00+08:00,0.07514246319774819,0.07514246319774819,0.07386886328458786,0.07386886328458786,80000,0.0,0.0
2014-12-01 00:00:00+08:00,0.07386886328458786,0.07386886328458786,0.07386886328458786,0.07386886328458786,0,0.0,0.0
2014-12-02 00:00:00+08:00,0.07386886328458786,0.07386886328458786,0.07386886328458786,0.07386886328458786,0,0.0,0.0
2014-12-03 00:00:00+08:00,0.0725952610373497,0.0725952610373497,0.0725952610373497,0.0725952610373497,40000,0.0,0.0
2014-12-04 00:00:00+08:00,0.07132166624069214,0.07132166624069214,0.07132166624069214,0.07132166624069214,133000,0.0,0.0
2014-12-05 00:00:00+08:00,0.07132166624069214,0.07132166624069214,0.07132166624069214,0.07132166624069214,0,0.0,0.0
2014-12-08 00:00:00+08:00,0.07132166624069214,0.07132166624069214,0.07132166624069214,0.07132166624069214,50000,0.0,0.0
2014-12-09 00:00:00+08:00,0.07132166624069214,0.07132166624069214,0.07132166624069214,0.07132166624069214,0,0.0,0.0
2014-12-10 00:00:00+08:00,0.07132166624069214,0.07132166624069214,0.07132166624069214,0.07132166624069214,0,0.0,0.0
2014-12-11 00:00:00+08:00,0.07132166624069214,0.07132166624069214,0.07132166624069214,0.07132166624069214,0,0.0,0.0
2014-12-12 00:00:00+08:00,0.07132166624069214,0.07132166624069214,0.07132166624069214,0.07132166624069214,0,0.0,0.0
2014-12-15 00:00:00+08:00,0.07004806399345398,0.07004806399345398,0.07004806399345398,0.07004806399345398,170000,0.0,0.0
2014-12-16 00:00:00+08:00,0.07004806399345398,0.07004806399345398,0.07004806399345398,0.07004806399345398,30000,0.0,0.0
2014-12-17 00:00:00+08:00,0.06877446919679642,0.06877446919679642,0.06877446919679642,0.06877446919679642,14000,0.0,0.0
2014-12-18 00:00:00+08:00,0.06877446919679642,0.06877446919679642,0.06877446919679642,0.06877446919679642,0,0.0,0.0
2014-12-19 00:00:00+08:00,0.06750086158932851,0.07004806921300942,0.06750086158932851,0.06877446919679642,61000,0.0,0.0
2014-12-22 00:00:00+08:00,0.06877446919679642,0.06877446919679642,0.06877446919679642,0.06877446919679642,0,0.0,0.0
2014-12-23 00:00:00+08:00,0.06877446919679642,0.06877446919679642,0.06877446919679642,0.06877446919679642,0,0.0,0.0
2014-12-24 00:00:00+08:00,0.06877446919679642,0.06877446919679642,0.06877446919679642,0.06877446919679642,0,0.0,0.0
2014-12-26 00:00:00+08:00,0.06877446919679642,0.06877446919679642,0.06877446919679642,0.06877446919679642,0,0.0,0.0
2014-12-29 00:00:00+08:00,0.06877446919679642,0.06877446919679642,0.06877446919679642,0.06877446919679642,0,0.0,0.0
2014-12-30 00:00:00+08:00,0.06877446919679642,0.06877446919679642,0.06877446919679642,0.06877446919679642,0,0.0,0.0
2014-12-31 00:00:00+08:00,0.06877446919679642,0.06877446919679642,0.06877446919679642,0.06877446919679642,0,0.0,0.0
2015-01-02 00:00:00+08:00,0.06877446919679642,0.06877446919679642,0.06877446919679642,0.06877446919679642,0,0.0,0.0
2015-01-05 00:00:00+08:00,0.06877446919679642,0.06877446919679642,0.06877446919679642,0.06877446919679642,0,0.0,0.0
2015-01-06 00:00:00+08:00,0.06877446919679642,0.06877446919679642,0.06877446919679642,0.06877446919679642,0,0.0,0.0
2015-01-07 00:00:00+08:00,0.06877446919679642,0.06877446919679642,0.06877446919679642,0.06877446919679642,0,0.0,0.0
2015-01-08 00:00:00+08:00,0.06877446919679642,0.06877446919679642,0.06877446919679642,0.06877446919679642,0,0.0,0.0
2015-01-09 00:00:00+08:00,0.06877446919679642,0.06877446919679642,0.06877446919679642,0.06877446919679642,0,0.0,0.0
2015-01-12 00:00:00+08:00,0.06877446919679642,0.06877446919679642,0.06877446919679642,0.06877446919679642,0,0.0,0.0
2015-01-13 00:00:00+08:00,0.06877446919679642,0.06877446919679642,0.06877446919679642,0.06877446919679642,0,0.0,0.0
2015-01-14 00:00:00+08:00,0.06877446919679642,0.06877446919679642,0.06877446919679642,0.06877446919679642,0,0.0,0.0
2015-01-15 00:00:00+08:00,0.07132166624069214,0.07132166624069214,0.07132166624069214,0.07132166624069214,216000,0.0,0.0
2015-01-16 00:00:00+08:00,0.07132166624069214,0.07132166624069214,0.07132166624069214,0.07132166624069214,0,0.0,0.0
2015-01-19 00:00:00+08:00,0.07132166624069214,0.07132166624069214,0.07132166624069214,0.07132166624069214,25000,0.0,0.0
2015-01-20 00:00:00+08:00,0.07132166624069214,0.07132166624069214,0.07132166624069214,0.07132166624069214,29100,0.0,0.0
2015-01-21 00:00:00+08:00,0.07132166624069214,0.07132166624069214,0.07132166624069214,0.07132166624069214,0,0.0,0.0
2015-01-22 00:00:00+08:00,0.07132166624069214,0.07132166624069214,0.07132166624069214,0.07132166624069214,0,0.0,0.0
2015-01-23 00:00:00+08:00,0.0725952610373497,0.0725952610373497,0.0725952610373497,0.0725952610373497,500,0.0,0.0
2015-01-26 00:00:00+08:00,0.0725952610373497,0.0725952610373497,0.0725952610373497,0.0725952610373497,0,0.0,0.0
2015-01-27 00:00:00+08:00,0.06877446919679642,0.06877446919679642,0.06877446919679642,0.06877446919679642,4000,0.0,0.0
2015-01-28 00:00:00+08:00,0.06877446919679642,0.06877446919679642,0.06877446919679642,0.06877446919679642,0,0.0,0.0
2015-01-29 00:00:00+08:00,0.06877446919679642,0.06877446919679642,0.06877446919679642,0.06877446919679642,0,0.0,0.0
2015-01-30 00:00:00+08:00,0.06877446919679642,0.06877446919679642,0.06877446919679642,0.06877446919679642,0,0.0,0.0
2015-02-02 00:00:00+08:00,0.06877446919679642,0.06877446919679642,0.06877446919679642,0.06877446919679642,0,0.0,0.0
2015-02-03 00:00:00+08:00,0.06991379708051682,0.06991379708051682,0.06991379708051682,0.06991379708051682,0,0.0044,0.0
2015-02-04 00:00:00+08:00,0.07379788905382156,0.07379788905382156,0.07379788905382156,0.07379788905382156,30000,0.0,0.0
2015-02-05 00:00:00+08:00,0.07379788905382156,0.07379788905382156,0.07379788905382156,0.07379788905382156,0,0.0,0.0
2015-02-06 00:00:00+08:00,0.07250319421291351,0.07250319421291351,0.07250319421291351,0.07250319421291351,30000,0.0,0.0
2015-02-09 00:00:00+08:00,0.07379788905382156,0.07379788905382156,0.07379788905382156,0.07379788905382156,4000,0.0,0.0
2015-02-10 00:00:00+08:00,0.07379788905382156,0.07379788905382156,0.07379788905382156,0.07379788905382156,0,0.0,0.0
2015-02-11 00:00:00+08:00,0.07379788905382156,0.07379788905382156,0.07379788905382156,0.07379788905382156,0,0.0,0.0
2015-02-12 00:00:00+08:00,0.07379788905382156,0.07379788905382156,0.07379788905382156,0.07379788905382156,0,0.0,0.0
2015-02-13 00:00:00+08:00,0.07379788905382156,0.07379788905382156,0.07379788905382156,0.07379788905382156,0,0.0,0.0
2015-02-16 00:00:00+08:00,0.07379788905382156,0.07379788905382156,0.07379788905382156,0.07379788905382156,0,0.0,0.0
2015-02-17 00:00:00+08:00,0.07379788905382156,0.07379788905382156,0.07379788905382156,0.07379788905382156,0,0.0,0.0
2015-02-18 00:00:00+08:00,0.07379788905382156,0.07379788905382156,0.07379788905382156,0.07379788905382156,0,0.0,0.0
2015-02-23 00:00:00+08:00,0.07379788905382156,0.07379788905382156,0.07379788905382156,0.07379788905382156,0,0.0,0.0
2015-02-24 00:00:00+08:00,0.07379788905382156,0.07379788905382156,0.07379788905382156,0.07379788905382156,0,0.0,0.0
2015-02-25 00:00:00+08:00,0.07250319421291351,0.07250319421291351,0.07250319421291351,0.07250319421291351,40000,0.0,0.0
2015-02-26 00:00:00+08:00,0.06732438504695892,0.06732438504695892,0.06732438504695892,0.06732438504695892,36000,0.0,0.0
2015-02-27 00:00:00+08:00,0.06732438504695892,0.06732438504695892,0.06732438504695892,0.06732438504695892,63500,0.0,0.0
2015-03-02 00:00:00+08:00,0.06732438504695892,0.06732438504695892,0.06732438504695892,0.06732438504695892,50400,0.0,0.0
2015-03-03 00:00:00+08:00,0.0673243964001712,0.0673243964001712,0.06602969765663147,0.06602969765663147,50100,0.0,0.0
2015-03-04 00:00:00+08:00,0.06602969765663147,0.06602969765663147,0.06602969765663147,0.06602969765663147,0,0.0,0.0
2015-03-05 00:00:00+08:00,0.06602969765663147,0.06602969765663147,0.06602969765663147,0.06602969765663147,0,0.0,0.0
2015-03-06 00:00:00+08:00,0.06602969765663147,0.06602969765663147,0.06602969765663147,0.06602969765663147,0,0.0,0.0
2015-03-09 00:00:00+08:00,0.06732438504695892,0.06732438504695892,0.06732438504695892,0.06732438504695892,5000,0.0,0.0
2015-03-10 00:00:00+08:00,0.06732438504695892,0.06732438504695892,0.06732438504695892,0.06732438504695892,0,0.0,0.0
2015-03-11 00:00:00+08:00,0.06732438504695892,0.06732438504695892,0.06732438504695892,0.06732438504695892,0,0.0,0.0
2015-03-12 00:00:00+08:00,0.06732438504695892,0.06732438504695892,0.06732438504695892,0.06732438504695892,0,0.0,0.0
2015-03-13 00:00:00+08:00,0.06732438504695892,0.06732438504695892,0.06732438504695892,0.06732438504695892,0,0.0,0.0
2015-03-16 00:00:00+08:00,0.06732438504695892,0.06732438504695892,0.06732438504695892,0.06732438504695892,0,0.0,0.0
2015-03-17 00:00:00+08:00,0.06732438504695892,0.06732438504695892,0.06732438504695892,0.06732438504695892,0,0.0,0.0
2015-03-18 00:00:00+08:00,0.06732438504695892,0.06732438504695892,0.06732438504695892,0.06732438504695892,0,0.0,0.0
2015-03-19 00:00:00+08:00,0.06732438504695892,0.06732438504695892,0.06732438504695892,0.06732438504695892,0,0.0,0.0
2015-03-20 00:00:00+08:00,0.06732438504695892,0.06732438504695892,0.06732438504695892,0.06732438504695892,0,0.0,0.0
2015-03-23 00:00:00+08:00,0.06732438504695892,0.06732438504695892,0.06732438504695892,0.06732438504695892,0,0.0,0.0
2015-03-24 00:00:00+08:00,0.06732438504695892,0.06732438504695892,0.06732438504695892,0.06732438504695892,0,0.0,0.0
2015-03-25 00:00:00+08:00,0.06732438504695892,0.06732438504695892,0.06732438504695892,0.06732438504695892,0,0.0,0.0
2015-03-26 00:00:00+08:00,0.06732438504695892,0.06732438504695892,0.06732438504695892,0.06732438504695892,0,0.0,0.0
2015-03-27 00:00:00+08:00,0.06732438504695892,0.06732438504695892,0.06732438504695892,0.06732438504695892,0,0.0,0.0
2015-03-30 00:00:00+08:00,0.06732438504695892,0.06732438504695892,0.06732438504695892,0.06732438504695892,0,0.0,0.0
2015-03-31 00:00:00+08:00,0.06732438504695892,0.06732438504695892,0.06732438504695892,0.06732438504695892,0,0.0,0.0
2015-04-01 00:00:00+08:00,0.06732438504695892,0.06732438504695892,0.06732438504695892,0.06732438504695892,0,0.0,0.0
2015-04-02 00:00:00+08:00,0.06732438504695892,0.06732438504695892,0.06732438504695892,0.06732438504695892,0,0.0,0.0
2015-04-06 00:00:00+08:00,0.06732438504695892,0.06732438504695892,0.06732438504695892,0.06732438504695892,18000,0.0,0.0
2015-04-07 00:00:00+08:00,0.06732438504695892,0.06732438504695892,0.06732438504695892,0.06732438504695892,0,0.0,0.0
2015-04-08 00:00:00+08:00,0.06732438504695892,0.06732438504695892,0.06732438504695892,0.06732438504695892,0,0.0,0.0
2015-04-09 00:00:00+08:00,0.06861909478902817,0.06861909478902817,0.06861909478902817,0.06861909478902817,100,0.0,0.0
2015-04-10 00:00:00+08:00,0.06861909478902817,0.06861909478902817,0.06861909478902817,0.06861909478902817,0,0.0,0.0
2015-04-13 00:00:00+08:00,0.06861909478902817,0.06861909478902817,0.06861909478902817,0.06861909478902817,100,0.0,0.0
2015-04-14 00:00:00+08:00,0.07120849192142487,0.07120849192142487,0.07120849192142487,0.07120849192142487,500,0.0,0.0
2015-04-15 00:00:00+08:00,0.07120849192142487,0.07120849192142487,0.07120849192142487,0.07120849192142487,0,0.0,0.0
2015-04-16 00:00:00+08:00,0.07120849192142487,0.07120849192142487,0.07120849192142487,0.07120849192142487,0,0.0,0.0
2015-04-17 00:00:00+08:00,0.07120849192142487,0.07120849192142487,0.07120849192142487,0.07120849192142487,0,0.0,0.0
2015-04-20 00:00:00+08:00,0.06991380124288896,0.07250319871658414,0.06861909478902817,0.06861909478902817,43600,0.0,0.0
2015-04-21 00:00:00+08:00,0.06861909478902817,0.06861909478902817,0.06861909478902817,0.06861909478902817,0,0.0,0.0
2015-04-22 00:00:00+08:00,0.06991379708051682,0.06991379708051682,0.06991379708051682,0.06991379708051682,20800,0.0,0.0
2015-04-23 00:00:00+08:00,0.06991379708051682,0.06991379708051682,0.06991379708051682,0.06991379708051682,0,0.0,0.0
2015-04-24 00:00:00+08:00,0.06991379708051682,0.06991379708051682,0.06991379708051682,0.06991379708051682,0,0.0,0.0
2015-04-27 00:00:00+08:00,0.06991379708051682,0.06991379708051682,0.06991379708051682,0.06991379708051682,0,0.0,0.0
2015-04-28 00:00:00+08:00,0.06991379708051682,0.06991379708051682,0.06991379708051682,0.06991379708051682,0,0.0,0.0
2015-04-29 00:00:00+08:00,0.06991379708051682,0.06991379708051682,0.06991379708051682,0.06991379708051682,0,0.0,0.0
2015-04-30 00:00:00+08:00,0.06991379708051682,0.06991379708051682,0.06991379708051682,0.06991379708051682,0,0.0,0.0
2015-05-04 00:00:00+08:00,0.06991379708051682,0.06991379708051682,0.06991379708051682,0.06991379708051682,0,0.0,0.0
2015-05-05 00:00:00+08:00,0.06991379708051682,0.06991379708051682,0.06991379708051682,0.06991379708051682,0,0.0,0.0
2015-05-06 00:00:00+08:00,0.06991379708051682,0.06991379708051682,0.06991379708051682,0.06991379708051682,0,0.0,0.0
2015-05-07 00:00:00+08:00,0.06991379708051682,0.06991379708051682,0.06991379708051682,0.06991379708051682,0,0.0,0.0
2015-05-08 00:00:00+08:00,0.06991379708051682,0.06991379708051682,0.06991379708051682,0.06991379708051682,0,0.0,0.0
2015-05-11 00:00:00+08:00,0.0867449002559341,0.0867449002559341,0.06861909478902817,0.06861909478902817,200,0.0,0.0
2015-05-12 00:00:00+08:00,0.07768199259010208,0.07768199259010208,0.06991379333109188,0.07120849192142487,60700,0.0,0.0
2015-05-13 00:00:00+08:00,0.07120849192142487,0.07120849192142487,0.07120849192142487,0.07120849192142487,0,0.0,0.0
2015-05-14 00:00:00+08:00,0.07120849192142487,0.07120849192142487,0.07120849192142487,0.07120849192142487,0,0.0,0.0
2015-05-15 00:00:00+08:00,0.06991379708051682,0.07768199675612979,0.06991379708051682,0.06991379708051682,30700,0.0,0.0
2015-05-18 00:00:00+08:00,0.06991379708051682,0.06991379708051682,0.06991379708051682,0.06991379708051682,0,0.0,0.0
2015-05-19 00:00:00+08:00,0.06991379708051682,0.06991379708051682,0.06991379708051682,0.06991379708051682,0,0.0,0.0
2015-05-20 00:00:00+08:00,0.07509259171958364,0.07509259171958364,0.06991379708051682,0.06991379708051682,200,0.0,0.0
2015-05-21 00:00:00+08:00,0.06991379708051682,0.06991379708051682,0.06991379708051682,0.06991379708051682,0,0.0,0.0
2015-05-22 00:00:00+08:00,0.06991379708051682,0.06991379708051682,0.06991379708051682,0.06991379708051682,0,0.0,0.0
2015-05-25 00:00:00+08:00,0.06991379708051682,0.06991379708051682,0.06991379708051682,0.06991379708051682,0,0.0,0.0
2015-05-26 00:00:00+08:00,0.06991379708051682,0.06991379708051682,0.06991379708051682,0.06991379708051682,0,0.0,0.0
2015-05-27 00:00:00+08:00,0.06861908357216784,0.06861908357216784,0.06732438504695892,0.06732438504695892,80000,0.0,0.0
2015-05-28 00:00:00+08:00,0.07120848833959759,0.07379788539001542,0.06732438504695892,0.06732438504695892,80100,0.0,0.0
2015-05-29 00:00:00+08:00,0.07120849192142487,0.07120849192142487,0.07120849192142487,0.07120849192142487,100,0.0,0.0
2015-06-02 00:00:00+08:00,0.07120849192142487,0.07120849192142487,0.07120849192142487,0.07120849192142487,0,0.0,0.0
2015-06-03 00:00:00+08:00,0.06732438504695892,0.06732438504695892,0.06732438504695892,0.06732438504695892,100,0.0,0.0
2015-06-04 00:00:00+08:00,0.06732438504695892,0.06732438504695892,0.06732438504695892,0.06732438504695892,10100,0.0,0.0
2015-06-05 00:00:00+08:00,0.06732438504695892,0.06732438504695892,0.06732438504695892,0.06732438504695892,0,0.0,0.0
2015-06-08 00:00:00+08:00,0.06732438504695892,0.06732438504695892,0.06732438504695892,0.06732438504695892,0,0.0,0.0
2015-06-09 00:00:00+08:00,0.06732438504695892,0.06732438504695892,0.06732438504695892,0.06732438504695892,0,0.0,0.0
2015-06-10 00:00:00+08:00,0.06732438504695892,0.06732438504695892,0.06732438504695892,0.06732438504695892,0,0.0,0.0
2015-06-11 00:00:00+08:00,0.06732438504695892,0.06732438504695892,0.06732438504695892,0.06732438504695892,0,0.0,0.0
2015-06-12 00:00:00+08:00,0.06732438504695892,0.06732438504695892,0.06732438504695892,0.06732438504695892,0,0.0,0.0
2015-06-15 00:00:00+08:00,0.06732438504695892,0.06732438504695892,0.06732438504695892,0.06732438504695892,0,0.0,0.0
2015-06-16 00:00:00+08:00,0.06732438504695892,0.06732438504695892,0.06732438504695892,0.06732438504695892,0,0.0,0.0
2015-06-17 00:00:00+08:00,0.06473499536514282,0.06473499536514282,0.06473499536514282,0.06473499536514282,30000,0.0,0.0
2015-06-18 00:00:00+08:00,0.06473499536514282,0.06473499536514282,0.06473499536514282,0.06473499536514282,0,0.0,0.0
2015-06-19 00:00:00+08:00,0.06473499536514282,0.06473499536514282,0.06473499536514282,0.06473499536514282,0,0.0,0.0
2015-06-22 00:00:00+08:00,0.06473499536514282,0.06473499536514282,0.06473499536514282,0.06473499536514282,0,0.0,0.0
2015-06-23 00:00:00+08:00,0.06473499536514282,0.06473499536514282,0.06473499536514282,0.06473499536514282,0,0.0,0.0
2015-06-24 00:00:00+08:00,0.06473499536514282,0.06473499536514282,0.06473499536514282,0.06473499536514282,0,0.0,0.0
2015-06-25 00:00:00+08:00,0.06473499536514282,0.06473499536514282,0.06473499536514282,0.06473499536514282,0,0.0,0.0
2015-06-26 00:00:00+08:00,0.06473499536514282,0.06473499536514282,0.06473499536514282,0.06473499536514282,0,0.0,0.0
2015-06-29 00:00:00+08:00,0.06473499536514282,0.06473499536514282,0.06473499536514282,0.06473499536514282,0,0.0,0.0
2015-06-30 00:00:00+08:00,0.06473499536514282,0.06473499536514282,0.06473499536514282,0.06473499536514282,0,0.0,0.0
2015-07-01 00:00:00+08:00,0.06473499536514282,0.06473499536514282,0.06473499536514282,0.06473499536514282,0,0.0,0.0
2015-07-02 00:00:00+08:00,0.06473499536514282,0.06473499536514282,0.06473499536514282,0.06473499536514282,0,0.0,0.0
2015-07-03 00:00:00+08:00,0.06602969440532847,0.06602969440532847,0.062145594507455826,0.062145594507455826,50100,0.0,0.0
2015-07-06 00:00:00+08:00,0.06344029307365417,0.06344029307365417,0.06344029307365417,0.06344029307365417,10000,0.0,0.0
2015-07-07 00:00:00+08:00,0.06344029307365417,0.06344029307365417,0.06344029307365417,0.06344029307365417,0,0.0,0.0
2015-07-08 00:00:00+08:00,0.06344029331950389,0.06344029331950389,0.059556193649768836,0.05955619364976883,10400,0.0,0.0
2015-07-09 00:00:00+08:00,0.05955619386754236,0.05955619386754236,0.05696679279208183,0.05696679279208183,143000,0.0,0.0
2015-07-10 00:00:00+08:00,0.05696679279208183,0.05696679279208183,0.05696679279208183,0.05696679279208183,0,0.0,0.0
2015-07-13 00:00:00+08:00,0.05696679279208183,0.05696679279208183,0.05696679279208183,0.05696679279208183,0,0.0,0.0
2015-07-14 00:00:00+08:00,0.059556190016249316,0.059556190016249316,0.05826148763298988,0.05826148763298988,60000,0.0,0.0
2015-07-15 00:00:00+08:00,0.05826148763298988,0.05826148763298988,0.05826148763298988,0.05826148763298988,0,0.0,0.0
2015-07-16 00:00:00+08:00,0.05826148763298988,0.05826148763298988,0.05826148763298988,0.05826148763298988,0,0.0,0.0
2015-07-20 00:00:00+08:00,0.05826148763298988,0.05826148763298988,0.05826148763298988,0.05826148763298988,0,0.0,0.0
2015-07-21 00:00:00+08:00,0.05826148763298988,0.05826148763298988,0.05826148763298988,0.05826148763298988,0,0.0,0.0
2015-07-22 00:00:00+08:00,0.05826148763298988,0.05826148763298988,0.05826148763298988,0.05826148763298988,0,0.0,0.0
2015-07-23 00:00:00+08:00,0.05826148763298988,0.05826148763298988,0.05826148763298988,0.05826148763298988,0,0.0,0.0
2015-07-24 00:00:00+08:00,0.05826148763298988,0.05826148763298988,0.05826148763298988,0.05826148763298988,0,0.0,0.0
2015-07-27 00:00:00+08:00,0.05826148763298988,0.05826148763298988,0.05826148763298988,0.05826148763298988,0,0.0,0.0
2015-07-28 00:00:00+08:00,0.05826148763298988,0.05826148763298988,0.05826148763298988,0.05826148763298988,0,0.0,0.0
2015-07-29 00:00:00+08:00,0.05826148763298988,0.05826148763298988,0.05826148763298988,0.05826148763298988,0,0.0,0.0
2015-07-30 00:00:00+08:00,0.05826148763298988,0.05826148763298988,0.05826148763298988,0.05826148763298988,0,0.0,0.0
2015-07-31 00:00:00+08:00,0.059556190016249316,0.059556190016249316,0.05826148763298988,0.05826148763298988,3100,0.0,0.0
2015-08-03 00:00:00+08:00,0.05826148763298988,0.05826148763298988,0.05826148763298988,0.05826148763298988,0,0.0,0.0
2015-08-04 00:00:00+08:00,0.05826148763298988,0.05826148763298988,0.05826148763298988,0.05826148763298988,0,0.0,0.0
2015-08-05 00:00:00+08:00,0.05826148763298988,0.05826148763298988,0.05826148763298988,0.05826148763298988,0,0.0,0.0
2015-08-06 00:00:00+08:00,0.05826148763298988,0.05826148763298988,0.05826148763298988,0.05826148763298988,0,0.0,0.0
2015-08-07 00:00:00+08:00,0.05826148763298988,0.05826148763298988,0.05826148763298988,0.05826148763298988,0,0.0,0.0
2015-08-11 00:00:00+08:00,0.059556190016249316,0.059556190016249316,0.0569667891082364,0.05826148763298988,138300,0.0,0.0
2015-08-12 00:00:00+08:00,0.05826148763298988,0.05826148763298988,0.05826148763298988,0.05826148763298988,0,0.0,0.0
2015-08-13 00:00:00+08:00,0.05826148763298988,0.05826148763298988,0.05826148763298988,0.05826148763298988,0,0.0,0.0
2015-08-14 00:00:00+08:00,0.05826148763298988,0.05826148763298988,0.05826148763298988,0.05826148763298988,0,0.0,0.0
2015-08-17 00:00:00+08:00,0.05826148763298988,0.05826148763298988,0.05826148763298988,0.05826148763298988,0,0.0,0.0
2015-08-18 00:00:00+08:00,0.05826148763298988,0.05826148763298988,0.05826148763298988,0.05826148763298988,0,0.0,0.0
2015-08-19 00:00:00+08:00,0.05826148763298988,0.05826148763298988,0.05826148763298988,0.05826148763298988,0,0.0,0.0
2015-08-20 00:00:00+08:00,0.05826148763298988,0.05826148763298988,0.05826148763298988,0.05826148763298988,0,0.0,0.0
2015-08-21 00:00:00+08:00,0.05178799852728844,0.05178799852728844,0.05178799852728844,0.05178799852728844,20000,0.0,0.0
2015-08-24 00:00:00+08:00,0.053082693108144154,0.05826149140055899,0.053082693108144154,0.05696679279208183,42900,0.0,0.0
2015-08-25 00:00:00+08:00,0.05308269723645603,0.05308269723645603,0.05178799852728844,0.05178799852728844,50700,0.0,0.0
2015-08-26 00:00:00+08:00,0.05437739193439484,0.05437739193439484,0.05437739193439484,0.054377391934394836,9400,0.0,0.0
2015-08-27 00:00:00+08:00,0.05437739193439484,0.05437739193439484,0.05437739193439484,0.054377391934394836,0,0.0,0.0
2015-08-28 00:00:00+08:00,0.05437739193439484,0.05437739193439484,0.05437739193439484,0.054377391934394836,0,0.0,0.0
2015-08-31 00:00:00+08:00,0.05437739193439484,0.05437739193439484,0.05437739193439484,0.054377391934394836,0,0.0,0.0
2015-09-01 00:00:00+08:00,0.05437739193439484,0.05437739193439484,0.05437739193439484,0.054377391934394836,0,0.0,0.0
2015-09-02 00:00:00+08:00,0.05437739193439484,0.05437739193439484,0.05437739193439484,0.054377391934394836,0,0.0,0.0
2015-09-03 00:00:00+08:00,0.05437739193439484,0.05437739193439484,0.05437739193439484,0.054377391934394836,0,0.0,0.0
2015-09-04 00:00:00+08:00,0.05437739193439484,0.05437739193439484,0.05437739193439484,0.054377391934394836,0,0.0,0.0
2015-09-07 00:00:00+08:00,0.05437739193439484,0.05437739193439484,0.05437739193439484,0.054377391934394836,0,0.0,0.0
2015-09-08 00:00:00+08:00,0.0556720944065633,0.0556720944065633,0.05437739193439484,0.054377391934394836,140400,0.0,0.0
2015-09-09 00:00:00+08:00,0.05437739193439484,0.05437739193439484,0.05437739193439484,0.054377391934394836,0,0.0,0.0
2015-09-10 00:00:00+08:00,0.05437739193439484,0.05437739193439484,0.05437739193439484,0.054377391934394836,0,0.0,0.0
2015-09-14 00:00:00+08:00,0.05437739193439484,0.05437739193439484,0.05437739193439484,0.054377391934394836,0,0.0,0.0
2015-09-15 00:00:00+08:00,0.05437739193439484,0.05437739193439484,0.05437739193439484,0.054377391934394836,0,0.0,0.0
2015-09-16 00:00:00+08:00,0.05437739193439484,0.05437739193439484,0.05437739193439484,0.054377391934394836,0,0.0,0.0
2015-09-17 00:00:00+08:00,0.05437739193439484,0.05437739193439484,0.05437739193439484,0.054377391934394836,0,0.0,0.0
2015-09-18 00:00:00+08:00,0.05437739193439484,0.05437739193439484,0.05437739193439484,0.054377391934394836,0,0.0,0.0
2015-09-21 00:00:00+08:00,0.05437739193439484,0.05437739193439484,0.05437739193439484,0.054377391934394836,0,0.0,0.0
2015-09-22 00:00:00+08:00,0.05437739193439484,0.05437739193439484,0.05437739193439484,0.054377391934394836,0,0.0,0.0
2015-09-23 00:00:00+08:00,0.05437739193439484,0.05437739193439484,0.05437739193439484,0.054377391934394836,0,0.0,0.0
2015-09-25 00:00:00+08:00,0.05437739193439484,0.05437739193439484,0.05437739193439484,0.054377391934394836,0,0.0,0.0
2015-09-28 00:00:00+08:00,0.05437739193439484,0.05437739193439484,0.05437739193439484,0.054377391934394836,0,0.0,0.0
2015-09-29 00:00:00+08:00,0.05437739193439484,0.05437739193439484,0.05437739193439484,0.054377391934394836,0,0.0,0.0
2015-09-30 00:00:00+08:00,0.05437739193439484,0.05437739193439484,0.05437739193439484,0.054377391934394836,0,0.0,0.0
2015-10-01 00:00:00+08:00,0.05437739193439484,0.05437739193439484,0.05437739193439484,0.054377391934394836,0,0.0,0.0
2015-10-02 00:00:00+08:00,0.05437739193439484,0.05437739193439484,0.05437739193439484,0.054377391934394836,0,0.0,0.0
2015-10-05 00:00:00+08:00,0.05437739193439484,0.05437739193439484,0.05437739193439484,0.054377391934394836,0,0.0,0.0
2015-10-06 00:00:00+08:00,0.05437739193439484,0.05437739193439484,0.05437739193439484,0.054377391934394836,0,0.0,0.0
2015-10-07 00:00:00+08:00,0.05826148763298988,0.05826148763298988,0.05826148763298988,0.05826148763298988,2000,0.0,0.0
2015-10-08 00:00:00+08:00,0.05826148763298988,0.05826148763298988,0.05826148763298988,0.05826148763298988,0,0.0,0.0
2015-10-09 00:00:00+08:00,0.05826148763298988,0.05826148763298988,0.05826148763298988,0.05826148763298988,0,0.0,0.0
2015-10-12 00:00:00+08:00,0.05826148763298988,0.05826148763298988,0.05826148763298988,0.05826148763298988,0,0.0,0.0
2015-10-13 00:00:00+08:00,0.05826148763298988,0.05826148763298988,0.05826148763298988,0.05826148763298988,0,0.0,0.0
2015-10-14 00:00:00+08:00,0.05826148763298988,0.05826148763298988,0.05826148763298988,0.05826148763298988,0,0.0,0.0
2015-10-15 00:00:00+08:00,0.05826148763298988,0.05826148763298988,0.05826148763298988,0.05826148763298988,0,0.0,0.0
2015-10-16 00:00:00+08:00,0.062145594507455826,0.062145594507455826,0.062145594507455826,0.062145594507455826,25000,0.0,0.0
2015-10-19 00:00:00+08:00,0.062145594507455826,0.062145594507455826,0.062145594507455826,0.062145594507455826,0,0.0,0.0
2015-10-20 00:00:00+08:00,0.062145594507455826,0.062145594507455826,0.062145594507455826,0.062145594507455826,0,0.0,0.0
2015-10-21 00:00:00+08:00,0.062145594507455826,0.062145594507455826,0.062145594507455826,0.062145594507455826,0,0.0,0.0
2015-10-22 00:00:00+08:00,0.062145594507455826,0.062145594507455826,0.062145594507455826,0.062145594507455826,0,0.0,0.0
2015-10-23 00:00:00+08:00,0.062145594507455826,0.062145594507455826,0.062145594507455826,0.062145594507455826,0,0.0,0.0
2015-10-26 00:00:00+08:00,0.062145594507455826,0.062145594507455826,0.062145594507455826,0.062145594507455826,0,0.0,0.0
2015-10-27 00:00:00+08:00,0.062145594507455826,0.062145594507455826,0.062145594507455826,0.062145594507455826,0,0.0,0.0
2015-10-28 00:00:00+08:00,0.062145594507455826,0.062145594507455826,0.062145594507455826,0.062145594507455826,0,0.0,0.0
2015-10-29 00:00:00+08:00,0.062145594507455826,0.062145594507455826,0.062145594507455826,0.062145594507455826,0,0.0,0.0
2015-10-30 00:00:00+08:00,0.062145594507455826,0.062145594507455826,0.062145594507455826,0.062145594507455826,0,0.0,0.0
2015-11-02 00:00:00+08:00,0.05826148763298988,0.05826148763298988,0.05826148763298988,0.05826148763298988,16000,0.0,0.0
2015-11-03 00:00:00+08:00,0.05826148763298988,0.05826148763298988,0.05826148763298988,0.05826148763298988,0,0.0,0.0
2015-11-04 00:00:00+08:00,0.05826148763298988,0.05826148763298988,0.05826148763298988,0.05826148763298988,0,0.0,0.0
2015-11-05 00:00:00+08:00,0.05826148763298988,0.05826148763298988,0.05826148763298988,0.05826148763298988,0,0.0,0.0
2015-11-06 00:00:00+08:00,0.05826148763298988,0.05826148763298988,0.05826148763298988,0.05826148763298988,0,0.0,0.0
2015-11-09 00:00:00+08:00,0.05826148763298988,0.05826148763298988,0.05826148763298988,0.05826148763298988,0,0.0,0.0
2015-11-11 00:00:00+08:00,0.05826148763298988,0.05826148763298988,0.05826148763298988,0.05826148763298988,0,0.0,0.0
2015-11-12 00:00:00+08:00,0.05826148763298988,0.05826148763298988,0.05826148763298988,0.05826148763298988,0,0.0,0.0
2015-11-13 00:00:00+08:00,0.05826148763298988,0.05826148763298988,0.05826148763298988,0.05826148763298988,0,0.0,0.0
2015-11-16 00:00:00+08:00,0.05826148763298988,0.05826148763298988,0.05826148763298988,0.05826148763298988,0,0.0,0.0
2015-11-17 00:00:00+08:00,0.05826148763298988,0.05826148763298988,0.05826148763298988,0.05826148763298988,0,0.0,0.0
2015-11-18 00:00:00+08:00,0.05826148763298988,0.05826148763298988,0.05826148763298988,0.05826148763298988,0,0.0,0.0
2015-11-19 00:00:00+08:00,0.05826148763298988,0.05826148763298988,0.05826148763298988,0.05826148763298988,0,0.0,0.0
2015-11-20 00:00:00+08:00,0.05826148763298988,0.05826148763298988,0.05826148763298988,0.05826148763298988,0,0.0,0.0
2015-11-23 00:00:00+08:00,0.05826148763298988,0.05826148763298988,0.05826148763298988,0.05826148763298988,0,0.0,0.0
2015-11-24 00:00:00+08:00,0.05826148763298988,0.05826148763298988,0.05826148763298988,0.05826148763298988,0,0.0,0.0
2015-11-25 00:00:00+08:00,0.05826148763298988,0.05826148763298988,0.05826148763298988,0.05826148763298988,0,0.0,0.0
2015-11-26 00:00:00+08:00,0.05696679279208183,0.05696679279208183,0.05696679279208183,0.05696679279208183,10000,0.0,0.0
2015-11-27 00:00:00+08:00,0.05696679279208183,0.05696679279208183,0.05696679279208183,0.05696679279208183,0,0.0,0.0
2015-11-30 00:00:00+08:00,0.0569667891082364,0.05826148763298988,0.0569667891082364,0.05826148763298988,22000,0.0,0.0
2015-12-01 00:00:00+08:00,0.05826148763298988,0.05826148763298988,0.05826148763298988,0.05826148763298988,0,0.0,0.0
2015-12-02 00:00:00+08:00,0.05826148763298988,0.05826148763298988,0.05826148763298988,0.05826148763298988,10100,0.0,0.0
2015-12-03 00:00:00+08:00,0.059556193649768836,0.059556193649768836,0.059556193649768836,0.05955619364976883,1000,0.0,0.0
2015-12-04 00:00:00+08:00,0.059556193649768836,0.059556193649768836,0.059556193649768836,0.05955619364976883,100,0.0,0.0
2015-12-07 00:00:00+08:00,0.062145594507455826,0.062145594507455826,0.062145594507455826,0.062145594507455826,1900,0.0,0.0
2015-12-08 00:00:00+08:00,0.05696679603613439,0.06085089594125748,0.05696679603613439,0.06085089594125748,27700,0.0,0.0
2015-12-09 00:00:00+08:00,0.06085089594125748,0.06085089594125748,0.06085089594125748,0.06085089594125748,5000,0.0,0.0
2015-12-10 00:00:00+08:00,0.06085089594125748,0.06085089594125748,0.06085089594125748,0.06085089594125748,0,0.0,0.0
2015-12-11 00:00:00+08:00,0.059556197259051924,0.06085089594125748,0.059556197259051924,0.06085089594125748,2000,0.0,0.0
2015-12-14 00:00:00+08:00,0.06085089594125748,0.06085089594125748,0.06085089594125748,0.06085089594125748,0,0.0,0.0
2015-12-15 00:00:00+08:00,0.06085089594125748,0.06085089594125748,0.06085089594125748,0.06085089594125748,0,0.0,0.0
2015-12-16 00:00:00+08:00,0.06085089594125748,0.06085089594125748,0.06085089594125748,0.06085089594125748,0,0.0,0.0
2015-12-17 00:00:00+08:00,0.06085089594125748,0.06085089594125748,0.06085089594125748,0.06085089594125748,0,0.0,0.0
2015-12-18 00:00:00+08:00,0.059556193649768836,0.060850892253511785,0.059556193649768836,0.05955619364976883,13300,0.0,0.0
2015-12-21 00:00:00+08:00,0.06085089594125748,0.06085089594125748,0.06085089594125748,0.06085089594125748,10000,0.0,0.0
2015-12-22 00:00:00+08:00,0.06085089594125748,0.06085089594125748,0.06085089594125748,0.06085089594125748,0,0.0,0.0
2015-12-23 00:00:00+08:00,0.06085089594125748,0.06085089594125748,0.06085089594125748,0.06085089594125748,40000,0.0,0.0
2015-12-24 00:00:00+08:00,0.06085089594125748,0.06085089594125748,0.06085089594125748,0.06085089594125748,0,0.0,0.0
2015-12-28 00:00:00+08:00,0.06085089594125748,0.06085089594125748,0.06085089594125748,0.06085089594125748,0,0.0,0.0
2015-12-29 00:00:00+08:00,0.06085089594125748,0.06085089594125748,0.06085089594125748,0.06085089594125748,0,0.0,0.0
2015-12-30 00:00:00+08:00,0.062145594507455826,0.062145594507455826,0.062145594507455826,0.062145594507455826,400,0.0,0.0
2015-12-31 00:00:00+08:00,0.062145594507455826,0.062145594507455826,0.062145594507455826,0.062145594507455826,0,0.0,0.0
2016-01-04 00:00:00+08:00,0.062145594507455826,0.062145594507455826,0.062145594507455826,0.062145594507455826,0,0.0,0.0
2016-01-05 00:00:00+08:00,0.062145594507455826,0.062145594507455826,0.062145594507455826,0.062145594507455826,0,0.0,0.0
2016-01-06 00:00:00+08:00,0.062145594507455826,0.062145594507455826,0.062145594507455826,0.062145594507455826,0,0.0,0.0
2016-01-07 00:00:00+08:00,0.062145594507455826,0.062145594507455826,0.062145594507455826,0.062145594507455826,0,0.0,0.0
2016-01-08 00:00:00+08:00,0.062145594507455826,0.062145594507455826,0.062145594507455826,0.062145594507455826,0,0.0,0.0
2016-01-11 00:00:00+08:00,0.062145594507455826,0.062145594507455826,0.062145594507455826,0.062145594507455826,0,0.0,0.0
2016-01-12 00:00:00+08:00,0.062145594507455826,0.062145594507455826,0.062145594507455826,0.062145594507455826,0,0.0,0.0
2016-01-13 00:00:00+08:00,0.062145594507455826,0.062145594507455826,0.062145594507455826,0.062145594507455826,0,0.0,0.0
2016-01-14 00:00:00+08:00,0.062145594507455826,0.062145594507455826,0.062145594507455826,0.062145594507455826,0,0.0,0.0
2016-01-15 00:00:00+08:00,0.062145594507455826,0.062145594507455826,0.062145594507455826,0.062145594507455826,0,0.0,0.0
2016-01-18 00:00:00+08:00,0.062145594507455826,0.062145594507455826,0.062145594507455826,0.062145594507455826,0,0.0,0.0
2016-01-19 00:00:00+08:00,0.062145594507455826,0.062145594507455826,0.062145594507455826,0.062145594507455826,0,0.0,0.0
2016-01-20 00:00:00+08:00,0.062145594507455826,0.062145594507455826,0.062145594507455826,0.062145594507455826,0,0.0,0.0
2016-01-21 00:00:00+08:00,0.062145594507455826,0.062145594507455826,0.062145594507455826,0.062145594507455826,0,0.0,0.0
2016-01-22 00:00:00+08:00,0.062145594507455826,0.062145594507455826,0.062145594507455826,0.062145594507455826,0,0.0,0.0
2016-01-25 00:00:00+08:00,0.062145594507455826,0.062145594507455826,0.062145594507455826,0.062145594507455826,0,0.0,0.0
2016-01-26 00:00:00+08:00,0.062145594507455826,0.062145594507455826,0.062145594507455826,0.062145594507455826,0,0.0,0.0
2016-01-27 00:00:00+08:00,0.062145594507455826,0.062145594507455826,0.062145594507455826,0.062145594507455826,0,0.0,0.0
2016-01-28 00:00:00+08:00,0.06085089594125748,0.06085089594125748,0.06085089594125748,0.06085089594125748,200,0.0,0.0
2016-01-29 00:00:00+08:00,0.06085089594125748,0.06085089594125748,0.06085089594125748,0.06085089594125748,0,0.0,0.0
2016-02-01 00:00:00+08:00,0.06085089594125748,0.06085089594125748,0.06085089594125748,0.06085089594125748,0,0.0,0.0
2016-02-02 00:00:00+08:00,0.06085089594125748,0.06085089594125748,0.06085089594125748,0.06085089594125748,0,0.0,0.0
2016-02-03 00:00:00+08:00,0.06861909514371091,0.0725031990913433,0.06602969765663147,0.06602969765663147,32200,0.0,0.0
2016-02-04 00:00:00+08:00,0.06602969765663147,0.06602969765663147,0.06602969765663147,0.06602969765663147,25000,0.0,0.0
2016-02-05 00:00:00+08:00,0.06473499536514282,0.06473499536514282,0.06473499536514282,0.06473499536514282,14900,0.0,0.0
2016-02-10 00:00:00+08:00,0.07395265996456146,0.07395265996456146,0.07395265996456146,0.07395265996456146,1000,0.0049,0.0
2016-02-11 00:00:00+08:00,0.07395265996456146,0.07395265996456146,0.07395265996456146,0.07395265996456146,0,0.0,0.0
2016-02-12 00:00:00+08:00,0.059426240622997284,0.059426240622997284,0.059426240622997284,0.059426240622997284,10000,0.0,0.0
2016-02-15 00:00:00+08:00,0.059426240622997284,0.059426240622997284,0.059426240622997284,0.059426240622997284,0,0.0,0.0
2016-02-16 00:00:00+08:00,0.059426240622997284,0.059426240622997284,0.059426240622997284,0.059426240622997284,0,0.0,0.0
2016-02-17 00:00:00+08:00,0.059426240622997284,0.059426240622997284,0.059426240622997284,0.059426240622997284,0,0.0,0.0
2016-02-18 00:00:00+08:00,0.059426240622997284,0.059426240622997284,0.059426240622997284,0.059426240622997284,0,0.0,0.0
2016-02-19 00:00:00+08:00,0.059426240622997284,0.059426240622997284,0.059426240622997284,0.059426240622997284,0,0.0,0.0
2016-02-22 00:00:00+08:00,0.059426240622997284,0.059426240622997284,0.059426240622997284,0.059426240622997284,0,0.0,0.0
2016-02-23 00:00:00+08:00,0.059426240622997284,0.059426240622997284,0.059426240622997284,0.059426240622997284,0,0.0,0.0
2016-02-24 00:00:00+08:00,0.059426240622997284,0.059426240622997284,0.059426240622997284,0.059426240622997284,0,0.0,0.0
2016-02-25 00:00:00+08:00,0.059426240622997284,0.059426240622997284,0.059426240622997284,0.059426240622997284,0,0.0,0.0
2016-02-26 00:00:00+08:00,0.059426240622997284,0.059426240622997284,0.059426240622997284,0.059426240622997284,0,0.0,0.0
2016-02-29 00:00:00+08:00,0.059426240622997284,0.059426240622997284,0.059426240622997284,0.059426240622997284,0,0.0,0.0
2016-03-01 00:00:00+08:00,0.059426240622997284,0.059426240622997284,0.059426240622997284,0.059426240622997284,0,0.0,0.0
2016-03-02 00:00:00+08:00,0.059426240622997284,0.059426240622997284,0.059426240622997284,0.059426240622997284,0,0.0,0.0
2016-03-03 00:00:00+08:00,0.059426240622997284,0.059426240622997284,0.059426240622997284,0.059426240622997284,0,0.0,0.0
2016-03-04 00:00:00+08:00,0.059426240622997284,0.059426240622997284,0.059426240622997284,0.059426240622997284,0,0.0,0.0
2016-03-07 00:00:00+08:00,0.059426240622997284,0.059426240622997284,0.059426240622997284,0.059426240622997284,0,0.0,0.0
2016-03-08 00:00:00+08:00,0.059426240622997284,0.059426240622997284,0.059426240622997284,0.059426240622997284,0,0.0,0.0
2016-03-09 00:00:00+08:00,0.06602916866540909,0.06602916866540909,0.06602916866540909,0.06602916866540909,20000,0.0,0.0
2016-03-10 00:00:00+08:00,0.06602916866540909,0.06602916866540909,0.06602916866540909,0.06602916866540909,0,0.0,0.0
2016-03-11 00:00:00+08:00,0.06602916866540909,0.06602916866540909,0.06602916866540909,0.06602916866540909,0,0.0,0.0
2016-03-14 00:00:00+08:00,0.06602916866540909,0.06602916866540909,0.06602916866540909,0.06602916866540909,0,0.0,0.0
2016-03-15 00:00:00+08:00,0.06602916866540909,0.06602916866540909,0.06602916866540909,0.06602916866540909,0,0.0,0.0
2016-03-16 00:00:00+08:00,0.06602916866540909,0.06602916866540909,0.06602916866540909,0.06602916866540909,0,0.0,0.0
2016-03-17 00:00:00+08:00,0.06602916866540909,0.06602916866540909,0.06602916866540909,0.06602916866540909,0,0.0,0.0
2016-03-18 00:00:00+08:00,0.06602916866540909,0.06602916866540909,0.06602916866540909,0.06602916866540909,0,0.0,0.0
2016-03-21 00:00:00+08:00,0.06602916866540909,0.06602916866540909,0.06602916866540909,0.06602916866540909,0,0.0,0.0
2016-03-22 00:00:00+08:00,0.07131149293029167,0.07131149293029167,0.060746825999107704,0.06470857560634613,4500,0.0,0.0
2016-03-23 00:00:00+08:00,0.06470857560634613,0.06470857560634613,0.06470857560634613,0.06470857560634613,0,0.0,0.0
2016-03-24 00:00:00+08:00,0.06338799744844437,0.06602916548466307,0.06338799744844437,0.06338799744844437,10100,0.0,0.0
2016-03-28 00:00:00+08:00,0.06338799744844437,0.06338799744844437,0.06338799744844437,0.06338799744844437,0,0.0,0.0
2016-03-29 00:00:00+08:00,0.06338799744844437,0.06338799744844437,0.06338799744844437,0.06338799744844437,200,0.0,0.0
2016-03-30 00:00:00+08:00,0.06338799744844437,0.06338799744844437,0.06338799744844437,0.06338799744844437,0,0.0,0.0
2016-03-31 00:00:00+08:00,0.06338799744844437,0.06338799744844437,0.06338799744844437,0.06338799744844437,0,0.0,0.0
2016-04-01 00:00:00+08:00,0.06338799744844437,0.06338799744844437,0.06338799744844437,0.06338799744844437,0,0.0,0.0
2016-04-04 00:00:00+08:00,0.06338799744844437,0.06338799744844437,0.06338799744844437,0.06338799744844437,0,0.0,0.0
2016-04-05 00:00:00+08:00,0.06338799744844437,0.06338799744844437,0.06338799744844437,0.06338799744844437,0,0.0,0.0
2016-04-06 00:00:00+08:00,0.06338799744844437,0.06338799744844437,0.06338799744844437,0.06338799744844437,0,0.0,0.0
2016-04-07 00:00:00+08:00,0.06338799744844437,0.06338799744844437,0.06338799744844437,0.06338799744844437,0,0.0,0.0
2016-04-08 00:00:00+08:00,0.06734974652858643,0.06999091058969498,0.0633879965012787,0.06999091058969498,101600,0.0,0.0
2016-04-11 00:00:00+08:00,0.06999091058969498,0.06999091058969498,0.06999091058969498,0.06999091058969498,0,0.0,0.0
2016-04-12 00:00:00+08:00,0.06999091058969498,0.06999091058969498,0.06999091058969498,0.06999091058969498,0,0.0,0.0
2016-04-13 00:00:00+08:00,0.06999091058969498,0.06999091058969498,0.06999091058969498,0.06999091058969498,0,0.0,0.0
2016-04-14 00:00:00+08:00,0.06602916866540909,0.06602916866540909,0.06602916866540909,0.06602916866540909,100,0.0,0.0
2016-04-15 00:00:00+08:00,0.06602916866540909,0.06602916866540909,0.06602916866540909,0.06602916866540909,0,0.0,0.0
2016-04-18 00:00:00+08:00,0.06602916866540909,0.06602916866540909,0.06602916866540909,0.06602916866540909,0,0.0,0.0
2016-04-19 00:00:00+08:00,0.06602916866540909,0.06602916866540909,0.06602916866540909,0.06602916866540909,0,0.0,0.0
2016-04-20 00:00:00+08:00,0.06602916866540909,0.06602916866540909,0.06602916866540909,0.06602916866540909,0,0.0,0.0
2016-04-21 00:00:00+08:00,0.06602916866540909,0.06602916866540909,0.06602916866540909,0.06602916866540909,0,0.0,0.0
2016-04-22 00:00:00+08:00,0.06602916866540909,0.06602916866540909,0.06602916866540909,0.06602916866540909,0,0.0,0.0
2016-04-25 00:00:00+08:00,0.06602916866540909,0.06602916866540909,0.06602916866540909,0.06602916866540909,0,0.0,0.0
2016-04-26 00:00:00+08:00,0.06602916866540909,0.06602916866540909,0.06602916866540909,0.06602916866540909,0,0.0,0.0
2016-04-27 00:00:00+08:00,0.06602916866540909,0.06602916866540909,0.06602916866540909,0.06602916866540909,0,0.0,0.0
2016-04-28 00:00:00+08:00,0.06602916866540909,0.06602916866540909,0.06602916866540909,0.06602916866540909,0,0.0,0.0
2016-04-29 00:00:00+08:00,0.06602916866540909,0.06602916866540909,0.06602916866540909,0.06602916866540909,0,0.0,0.0
2016-05-03 00:00:00+08:00,0.06602916866540909,0.06602916866540909,0.06602916866540909,0.06602916866540909,0,0.0,0.0
2016-05-04 00:00:00+08:00,0.06602916866540909,0.06602916866540909,0.06602916866540909,0.06602916866540909,0,0.0,0.0
2016-05-05 00:00:00+08:00,0.06602916866540909,0.06602916866540909,0.06602916866540909,0.06602916866540909,0,0.0,0.0
2016-05-06 00:00:00+08:00,0.06602916866540909,0.06602916866540909,0.06602916866540909,0.06602916866540909,0,0.0,0.0
2016-05-09 00:00:00+08:00,0.06602916866540909,0.06602916866540909,0.06602916866540909,0.06602916866540909,0,0.0,0.0
2016-05-10 00:00:00+08:00,0.06602916866540909,0.06602916866540909,0.06602916866540909,0.06602916866540909,0,0.0,0.0
2016-05-11 00:00:00+08:00,0.06734974465450602,0.08319674432277681,0.06734974465450602,0.0831967443227768,416600,0.0,0.0
2016-05-12 00:00:00+08:00,0.0831967494269469,0.0831967494269469,0.07659383118152618,0.07659383118152618,70100,0.0,0.0
2016-05-13 00:00:00+08:00,0.07923499494791031,0.07923499494791031,0.07923499494791031,0.07923499494791031,100,0.0,0.0
2016-05-16 00:00:00+08:00,0.07527323812453389,0.08319673728876319,0.07395265624237715,0.07791440188884735,89800,0.0,0.0
2016-05-17 00:00:00+08:00,0.07791440188884735,0.07791440188884735,0.07791440188884735,0.07791440188884735,0,0.0,0.0
2016-05-18 00:00:00+08:00,0.07791440188884735,0.07791440188884735,0.07791440188884735,0.07791440188884735,0,0.0,0.0
2016-05-19 00:00:00+08:00,0.0779144058104342,0.07923499563034775,0.07395265996456146,0.07395265996456146,93100,0.0,0.0
2016-05-20 00:00:00+08:00,0.07395265996456146,0.07395265996456146,0.07395265996456146,0.07395265996456146,0,0.0,0.0
2016-05-23 00:00:00+08:00,0.07131149619817734,0.07131149619817734,0.07131149619817734,0.07131149619817734,14000,0.0,0.0
2016-05-24 00:00:00+08:00,0.06999091058969498,0.06999091058969498,0.06999091058969498,0.06999091058969498,100,0.0,0.0
2016-05-25 00:00:00+08:00,0.06999091058969498,0.06999091058969498,0.06999091058969498,0.06999091058969498,0,0.0,0.0
2016-05-26 00:00:00+08:00,0.06999090990027718,0.07659382785929891,0.06999090990027718,0.0726320818066597,107300,0.0,0.0
2016-05-27 00:00:00+08:00,0.07131149606731298,0.07395265996456146,0.07131149606731298,0.07395265996456146,90100,0.0,0.0
2016-05-30 00:00:00+08:00,0.06470858246747786,0.06999091058969498,0.06470858246747786,0.06999091058969498,185200,0.0,0.0
2016-05-31 00:00:00+08:00,0.06999089934909979,0.06999089934909979,0.06867031753063202,0.06867031753063202,34000,0.0,0.0
2016-06-01 00:00:00+08:00,0.06867031753063202,0.06867031753063202,0.06867031753063202,0.06867031753063202,0,0.0,0.0
2016-06-02 00:00:00+08:00,0.06867032788273077,0.0726320818066597,0.06867032788273077,0.0726320818066597,1000,0.0,0.0
2016-06-03 00:00:00+08:00,0.0726320818066597,0.0726320818066597,0.0726320818066597,0.0726320818066597,0,0.0,0.0
2016-06-06 00:00:00+08:00,0.06999091058969498,0.07131150049153905,0.06999091058969498,0.06999091058969498,5000,0.0,0.0
2016-06-07 00:00:00+08:00,0.06999089934909979,0.06999089934909979,0.06470857207522872,0.06867031753063202,73900,0.0,0.0
2016-06-08 00:00:00+08:00,0.07131150080360021,0.07131150080360021,0.06734974682331085,0.06734974682331085,97000,0.0,0.0
2016-06-09 00:00:00+08:00,0.07131150080360021,0.07131150080360021,0.06734974682331085,0.06734974682331085,25700,0.0,0.0
2016-06-10 00:00:00+08:00,0.06338799744844437,0.06338799744844437,0.06338799744844437,0.06338799744844437,28600,0.0,0.0
2016-06-13 00:00:00+08:00,0.06338799744844437,0.06338799744844437,0.06338799744844437,0.06338799744844437,0,0.0,0.0
2016-06-14 00:00:00+08:00,0.06470858655150735,0.06602916866540909,0.06470858655150735,0.06602916866540909,300,0.0,0.0
2016-06-15 00:00:00+08:00,0.06602916866540909,0.06602916866540909,0.06602916866540909,0.06602916866540909,0,0.0,0.0
2016-06-16 00:00:00+08:00,0.06602916866540909,0.06602916866540909,0.06602916866540909,0.06602916866540909,0,0.0,0.0
2016-06-17 00:00:00+08:00,0.06602916866540909,0.06602916866540909,0.06602916866540909,0.06602916866540909,0,0.0,0.0
2016-06-20 00:00:00+08:00,0.0726320818066597,0.0726320818066597,0.0726320818066597,0.0726320818066597,17000,0.0,0.0
2016-06-21 00:00:00+08:00,0.0726320818066597,0.0726320818066597,0.0726320818066597,0.0726320818066597,0,0.0,0.0
2016-06-22 00:00:00+08:00,0.0726320818066597,0.0726320818066597,0.0726320818066597,0.0726320818066597,0,0.0,0.0
2016-06-23 00:00:00+08:00,0.0726320818066597,0.0726320818066597,0.0726320818066597,0.0726320818066597,0,0.0,0.0
2016-06-24 00:00:00+08:00,0.0726320818066597,0.0726320818066597,0.0726320818066597,0.0726320818066597,0,0.0,0.0
2016-06-27 00:00:00+08:00,0.0726320818066597,0.0726320818066597,0.0726320818066597,0.0726320818066597,0,0.0,0.0
2016-06-28 00:00:00+08:00,0.0726320818066597,0.0726320818066597,0.0726320818066597,0.0726320818066597,0,0.0,0.0
2016-06-29 00:00:00+08:00,0.0726320818066597,0.0726320818066597,0.0726320818066597,0.0726320818066597,19000,0.0,0.0
2016-06-30 00:00:00+08:00,0.0726320818066597,0.0726320818066597,0.0726320818066597,0.0726320818066597,0,0.0,0.0
2016-07-01 00:00:00+08:00,0.07395265996456146,0.07395265996456146,0.07395265996456146,0.07395265996456146,39000,0.0,0.0
2016-07-04 00:00:00+08:00,0.07395265996456146,0.07395265996456146,0.07395265996456146,0.07395265996456146,0,0.0,0.0
2016-07-05 00:00:00+08:00,0.07395265996456146,0.07395265996456146,0.07395265996456146,0.07395265996456146,0,0.0,0.0
2016-07-07 00:00:00+08:00,0.07395265996456146,0.07395265996456146,0.07395265996456146,0.07395265996456146,0,0.0,0.0
2016-07-08 00:00:00+08:00,0.07395265996456146,0.07395265996456146,0.07395265996456146,0.07395265996456146,0,0.0,0.0
2016-07-11 00:00:00+08:00,0.07395265996456146,0.07395265996456146,0.07395265996456146,0.07395265996456146,0,0.0,0.0
2016-07-12 00:00:00+08:00,0.07395265996456146,0.07395265996456146,0.07395265996456146,0.07395265996456146,0,0.0,0.0
2016-07-13 00:00:00+08:00,0.07395266922010979,0.07395266922010979,0.06602916866540909,0.06602916866540909,61000,0.0,0.0
2016-07-14 00:00:00+08:00,0.06602916866540909,0.06602916866540909,0.06602916866540909,0.06602916866540909,0,0.0,0.0
2016-07-15 00:00:00+08:00,0.06602916866540909,0.06602916866540909,0.06602916866540909,0.06602916866540909,0,0.0,0.0
2016-07-18 00:00:00+08:00,0.06734974682331085,0.06734974682331085,0.06734974682331085,0.06734974682331085,100000,0.0,0.0
2016-07-19 00:00:00+08:00,0.06734974682331085,0.06734974682331085,0.06734974682331085,0.06734974682331085,0,0.0,0.0
2016-07-20 00:00:00+08:00,0.06602915983282885,0.07923499494791031,0.06602915983282885,0.07923499494791031,132100,0.0,0.0
2016-07-21 00:00:00+08:00,0.06999091058969498,0.06999091058969498,0.06999091058969498,0.06999091058969498,100,0.0,0.0
2016-07-22 00:00:00+08:00,0.06999091058969498,0.06999091058969498,0.06999091058969498,0.06999091058969498,0,0.0,0.0
2016-07-25 00:00:00+08:00,0.06999091058969498,0.06999091058969498,0.06999091058969498,0.06999091058969498,0,0.0,0.0
2016-07-26 00:00:00+08:00,0.06999091058969498,0.06999091058969498,0.06999091058969498,0.06999091058969498,0,0.0,0.0
2016-07-27 00:00:00+08:00,0.06734974682331085,0.06734974682331085,0.06734974682331085,0.06734974682331085,100,0.0,0.0
2016-07-28 00:00:00+08:00,0.06734974682331085,0.06734974682331085,0.06734974682331085,0.06734974682331085,0,0.0,0.0
2016-07-29 00:00:00+08:00,0.06734974682331085,0.06734974682331085,0.06734974682331085,0.06734974682331085,0,0.0,0.0
2016-08-01 00:00:00+08:00,0.06734974682331085,0.06734974682331085,0.06734974682331085,0.06734974682331085,0,0.0,0.0
2016-08-02 00:00:00+08:00,0.06734974682331085,0.06734974682331085,0.06734974682331085,0.06734974682331085,0,0.0,0.0
2016-08-03 00:00:00+08:00,0.06734974682331085,0.06734974682331085,0.06734974682331085,0.06734974682331085,0,0.0,0.0
2016-08-04 00:00:00+08:00,0.06734974682331085,0.06734974682331085,0.06734974682331085,0.06734974682331085,0,0.0,0.0
2016-08-05 00:00:00+08:00,0.06734974682331085,0.06734974682331085,0.06734974682331085,0.06734974682331085,0,0.0,0.0
2016-08-08 00:00:00+08:00,0.06734974682331085,0.06734974682331085,0.06734974682331085,0.06734974682331085,0,0.0,0.0
2016-08-10 00:00:00+08:00,0.06734974682331085,0.06734974682331085,0.06734974682331085,0.06734974682331085,0,0.0,0.0
2016-08-11 00:00:00+08:00,0.06734974682331085,0.06734974682331085,0.06734974682331085,0.06734974682331085,0,0.0,0.0
2016-08-12 00:00:00+08:00,0.06734974682331085,0.06734974682331085,0.06734974682331085,0.06734974682331085,0,0.0,0.0
2016-08-15 00:00:00+08:00,0.06734974682331085,0.06734974682331085,0.06734974682331085,0.06734974682331085,0,0.0,0.0
2016-08-16 00:00:00+08:00,0.06734974682331085,0.06734974682331085,0.06734974682331085,0.06734974682331085,0,0.0,0.0
2016-08-17 00:00:00+08:00,0.06734974682331085,0.06734974682331085,0.06734974682331085,0.06734974682331085,0,0.0,0.0
2016-08-18 00:00:00+08:00,0.06734974682331085,0.06734974682331085,0.06734974682331085,0.06734974682331085,0,0.0,0.0
2016-08-19 00:00:00+08:00,0.06734974682331085,0.06734974682331085,0.06734974682331085,0.06734974682331085,0,0.0,0.0
2016-08-22 00:00:00+08:00,0.06734974682331085,0.06734974682331085,0.06734974682331085,0.06734974682331085,0,0.0,0.0
2016-08-23 00:00:00+08:00,0.06734974682331085,0.06734974682331085,0.06734974682331085,0.06734974682331085,0,0.0,0.0
2016-08-24 00:00:00+08:00,0.06470857560634613,0.06470857560634613,0.06470857560634613,0.06470857560634613,4000,0.0,0.0
2016-08-25 00:00:00+08:00,0.06602916866540909,0.077914415561815,0.06602916866540909,0.06602916866540909,244300,0.0,0.0
2016-08-26 00:00:00+08:00,0.06602916866540909,0.06602916866540909,0.06602916866540909,0.06602916866540909,0,0.0,0.0
2016-08-29 00:00:00+08:00,0.06602916866540909,0.06602916866540909,0.06602916866540909,0.06602916866540909,0,0.0,0.0
2016-08-30 00:00:00+08:00,0.06602916866540909,0.06602916866540909,0.06602916866540909,0.06602916866540909,0,0.0,0.0
2016-08-31 00:00:00+08:00,0.07527323812246323,0.07527323812246323,0.07527323812246323,0.07527323812246323,71000,0.0,0.0
2016-09-01 00:00:00+08:00,0.07527323812246323,0.07527323812246323,0.07527323812246323,0.07527323812246323,0,0.0,0.0
2016-09-02 00:00:00+08:00,0.07527323812246323,0.07527323812246323,0.07527323812246323,0.07527323812246323,0,0.0,0.0
2016-09-05 00:00:00+08:00,0.07527323812246323,0.07527323812246323,0.07527323812246323,0.07527323812246323,0,0.0,0.0
2016-09-06 00:00:00+08:00,0.07527323812246323,0.07527323812246323,0.07527323812246323,0.07527323812246323,0,0.0,0.0
2016-09-07 00:00:00+08:00,0.07527323812246323,0.07527323812246323,0.07527323812246323,0.07527323812246323,0,0.0,0.0
2016-09-08 00:00:00+08:00,0.07527323812246323,0.07527323812246323,0.07527323812246323,0.07527323812246323,0,0.0,0.0
2016-09-09 00:00:00+08:00,0.07527323812246323,0.07527323812246323,0.07527323812246323,0.07527323812246323,0,0.0,0.0
2016-09-13 00:00:00+08:00,0.07527323812246323,0.07527323812246323,0.07527323812246323,0.07527323812246323,0,0.0,0.0
2016-09-14 00:00:00+08:00,0.06338799744844437,0.06338799744844437,0.06338799744844437,0.06338799744844437,16000,0.0,0.0
2016-09-15 00:00:00+08:00,0.06470857560634613,0.06470857560634613,0.06470857560634613,0.06470857560634613,100,0.0,0.0
2016-09-16 00:00:00+08:00,0.06470857560634613,0.06470857560634613,0.06470857560634613,0.06470857560634613,0,0.0,0.0
2016-09-19 00:00:00+08:00,0.06470857560634613,0.06470857560634613,0.06470857560634613,0.06470857560634613,0,0.0,0.0
2016-09-20 00:00:00+08:00,0.06470857560634613,0.06470857560634613,0.06470857560634613,0.06470857560634613,0,0.0,0.0
2016-09-21 00:00:00+08:00,0.06470857560634613,0.06470857560634613,0.06470857560634613,0.06470857560634613,0,0.0,0.0
2016-09-22 00:00:00+08:00,0.06470857560634613,0.06470857560634613,0.06470857560634613,0.06470857560634613,0,0.0,0.0
2016-09-23 00:00:00+08:00,0.06470857560634613,0.06470857560634613,0.06470857560634613,0.06470857560634613,0,0.0,0.0
2016-09-26 00:00:00+08:00,0.06470857560634613,0.06470857560634613,0.06470857560634613,0.06470857560634613,0,0.0,0.0
2016-09-27 00:00:00+08:00,0.06470857560634613,0.06470857560634613,0.06470857560634613,0.06470857560634613,0,0.0,0.0
2016-09-28 00:00:00+08:00,0.06470857560634613,0.06470857560634613,0.06470857560634613,0.06470857560634613,0,0.0,0.0
2016-09-29 00:00:00+08:00,0.06470857560634613,0.06470857560634613,0.06470857560634613,0.06470857560634613,0,0.0,0.0
2016-09-30 00:00:00+08:00,0.06470857560634613,0.06470857560634613,0.06470857560634613,0.06470857560634613,0,0.0,0.0
2016-10-03 00:00:00+08:00,0.06470857560634613,0.06470857560634613,0.06470857560634613,0.06470857560634613,0,0.0,0.0
2016-10-04 00:00:00+08:00,0.06470857560634613,0.06470857560634613,0.06470857560634613,0.06470857560634613,0,0.0,0.0
2016-10-05 00:00:00+08:00,0.06470857560634613,0.06470857560634613,0.06470857560634613,0.06470857560634613,0,0.0,0.0
2016-10-06 00:00:00+08:00,0.06470857560634613,0.06470857560634613,0.06470857560634613,0.06470857560634613,0,0.0,0.0
2016-10-07 00:00:00+08:00,0.07395266487626657,0.07395266487626657,0.06602916478697766,0.06734974682331085,15900,0.0,0.0
2016-10-10 00:00:00+08:00,0.06734974682331085,0.06734974682331085,0.06734974682331085,0.06734974682331085,0,0.0,0.0
2016-10-11 00:00:00+08:00,0.06734974682331085,0.06734974682331085,0.06734974682331085,0.06734974682331085,0,0.0,0.0
2016-10-12 00:00:00+08:00,0.06734974682331085,0.06734974682331085,0.06734974682331085,0.06734974682331085,0,0.0,0.0
2016-10-13 00:00:00+08:00,0.06734974682331085,0.06734974682331085,0.06734974682331085,0.06734974682331085,0,0.0,0.0
2016-10-14 00:00:00+08:00,0.06734974682331085,0.06734974682331085,0.06734974682331085,0.06734974682331085,0,0.0,0.0
2016-10-17 00:00:00+08:00,0.06734974682331085,0.06734974682331085,0.06734974682331085,0.06734974682331085,0,0.0,0.0
2016-10-18 00:00:00+08:00,0.06734974682331085,0.06734974682331085,0.06734974682331085,0.06734974682331085,0,0.0,0.0
2016-10-19 00:00:00+08:00,0.06734974682331085,0.06734974682331085,0.06734974682331085,0.06734974682331085,0,0.0,0.0
2016-10-20 00:00:00+08:00,0.06734974682331085,0.06734974682331085,0.06734974682331085,0.06734974682331085,0,0.0,0.0
2016-10-21 00:00:00+08:00,0.06734974682331085,0.06734974682331085,0.06734974682331085,0.06734974682331085,0,0.0,0.0
2016-10-24 00:00:00+08:00,0.06734974682331085,0.06734974682331085,0.06734974682331085,0.06734974682331085,0,0.0,0.0
2016-10-25 00:00:00+08:00,0.07659382785929891,0.07659382785929891,0.06999090990027718,0.0726320818066597,119100,0.0,0.0
2016-10-26 00:00:00+08:00,0.07131148903885608,0.07131148903885608,0.06867031753063202,0.06867031753063202,44000,0.0,0.0
2016-10-27 00:00:00+08:00,0.06867031753063202,0.06867031753063202,0.06867031753063202,0.06867031753063202,10000,0.0,0.0
2016-10-28 00:00:00+08:00,0.07395265996456146,0.07395265996456146,0.07263207801593723,0.07395265996456146,121000,0.0,0.0
2016-10-31 00:00:00+08:00,0.07395265996456146,0.07395265996456146,0.07395265996456146,0.07395265996456146,35000,0.0,0.0
2016-11-01 00:00:00+08:00,0.07395265996456146,0.07395265996456146,0.07395265996456146,0.07395265996456146,0,0.0,0.0
2016-11-02 00:00:00+08:00,0.07395265996456146,0.07395265996456146,0.07395265996456146,0.07395265996456146,0,0.0,0.0
2016-11-03 00:00:00+08:00,0.07395265996456146,0.07395265996456146,0.07395265996456146,0.07395265996456146,0,0.0,0.0
2016-11-04 00:00:00+08:00,0.07395265996456146,0.07395265996456146,0.07395265996456146,0.07395265996456146,0,0.0,0.0
2016-11-07 00:00:00+08:00,0.06602916866540909,0.06602916866540909,0.06602916866540909,0.06602916866540909,30000,0.0,0.0
2016-11-08 00:00:00+08:00,0.06602916866540909,0.06602916866540909,0.06602916866540909,0.06602916866540909,0,0.0,0.0
2016-11-09 00:00:00+08:00,0.06602916866540909,0.06602916866540909,0.06602916866540909,0.06602916866540909,0,0.0,0.0
2016-11-10 00:00:00+08:00,0.06602916866540909,0.06602916866540909,0.06602916866540909,0.06602916866540909,0,0.0,0.0
2016-11-11 00:00:00+08:00,0.06602916866540909,0.06602916866540909,0.06602916866540909,0.06602916866540909,0,0.0,0.0
2016-11-14 00:00:00+08:00,0.072632078149225,0.072632078149225,0.06470857857164973,0.07131149619817734,6600,0.0,0.0
2016-11-15 00:00:00+08:00,0.07131149619817734,0.07131149619817734,0.07131149619817734,0.07131149619817734,0,0.0,0.0
2016-11-16 00:00:00+08:00,0.07131149606731298,0.07395265996456146,0.07131149606731298,0.07395265996456146,10400,0.0,0.0
2016-11-17 00:00:00+08:00,0.07395265996456146,0.07395265996456146,0.07395265996456146,0.07395265996456146,0,0.0,0.0
2016-11-18 00:00:00+08:00,0.07395265996456146,0.07395265996456146,0.07395265996456146,0.07395265996456146,0,0.0,0.0
2016-11-21 00:00:00+08:00,0.07395265996456146,0.07395265996456146,0.07395265996456146,0.07395265996456146,0,0.0,0.0
2016-11-22 00:00:00+08:00,0.07395265996456146,0.07395265996456146,0.07395265996456146,0.07395265996456146,0,0.0,0.0
2016-11-23 00:00:00+08:00,0.07395265996456146,0.07395265996456146,0.07395265996456146,0.07395265996456146,0,0.0,0.0
2016-11-24 00:00:00+08:00,0.06470857560634613,0.06470857560634613,0.06470857560634613,0.06470857560634613,10000,0.0,0.0
2016-11-25 00:00:00+08:00,0.07659382300615937,0.0871584942197111,0.07395265913841605,0.08451732248067856,1945100,0.0,0.0
2016-11-28 00:00:00+08:00,0.08583790441455023,0.08979965808745444,0.08319674054680691,0.08451732248067856,538400,0.0,0.0
2016-11-29 00:00:00+08:00,0.07791440148393555,0.08055557310581207,0.07527323773334789,0.08055557310581207,120000,0.0,0.0
2016-11-30 00:00:00+08:00,0.08055558033516153,0.08319674432277681,0.07923499834135389,0.0831967443227768,281200,0.0,0.0
2016-12-01 00:00:00+08:00,0.0818761549811059,0.0818761549811059,0.08055557310581207,0.08055557310581207,69000,0.0,0.0
2016-12-02 00:00:00+08:00,0.08055557310581207,0.08055557310581207,0.08055557310581207,0.08055557310581207,0,0.0,0.0
2016-12-05 00:00:00+08:00,0.08055557310581207,0.08055557310581207,0.08055557310581207,0.08055557310581207,17800,0.0,0.0
2016-12-06 00:00:00+08:00,0.08055557310581207,0.08055557310581207,0.08055557310581207,0.08055557310581207,0,0.0,0.0
2016-12-07 00:00:00+08:00,0.07923499494791031,0.07923499494791031,0.07923499494791031,0.07923499494791031,10000,0.0,0.0
2016-12-08 00:00:00+08:00,0.07659383118152618,0.07659383118152618,0.07659383118152618,0.07659383118152618,5000,0.0,0.0
2016-12-09 00:00:00+08:00,0.0818761549811059,0.0818761549811059,0.08055557310581207,0.08055557310581207,59000,0.0,0.0
2016-12-12 00:00:00+08:00,0.07923499494791031,0.07923499494791031,0.07923499494791031,0.07923499494791031,24000,0.0,0.0
2016-12-13 00:00:00+08:00,0.07923499494791031,0.07923499494791031,0.07923499494791031,0.07923499494791031,0,0.0,0.0
2016-12-14 00:00:00+08:00,0.07923499494791031,0.07923499494791031,0.07923499494791031,0.07923499494791031,0,0.0,0.0
2016-12-15 00:00:00+08:00,0.08055557677878794,0.08187615871429443,0.08055557677878794,0.08187615871429443,54000,0.0,0.0
2016-12-16 00:00:00+08:00,0.08187615871429443,0.08187615871429443,0.08187615871429443,0.08187615871429443,0,0.0,0.0
2016-12-19 00:00:00+08:00,0.08187615871429443,0.08187615871429443,0.08187615871429443,0.08187615871429443,0,0.0,0.0
2016-12-20 00:00:00+08:00,0.08319674064980091,0.08319674064980091,0.08187615871429443,0.08187615871429443,29300,0.0,0.0
2016-12-21 00:00:00+08:00,0.08187615871429443,0.08187615871429443,0.08187615871429443,0.08187615871429443,0,0.0,0.0
2016-12-22 00:00:00+08:00,0.0871584943276096,0.0871584943276096,0.08187615871429443,0.08187615871429443,60800,0.0,0.0
2016-12-23 00:00:00+08:00,0.08187615871429443,0.08187615871429443,0.08187615871429443,0.08187615871429443,0,0.0,0.0
2016-12-27 00:00:00+08:00,0.08583790441455023,0.08583790441455023,0.08451732248067857,0.08451732248067856,50000,0.0,0.0
2016-12-28 00:00:00+08:00,0.08583790808916092,0.08583790808916092,0.08187616211794867,0.08583790808916092,86600,0.0,0.0
2016-12-29 00:00:00+08:00,0.08451732248067857,0.08451732248067857,0.08451732248067857,0.08451732248067856,50000,0.0,0.0
2016-12-30 00:00:00+08:00,0.08451732631658444,0.08451732631658444,0.08319674432277681,0.0831967443227768,56000,0.0,0.0
2017-01-03 00:00:00+08:00,0.08319674432277681,0.08319674432277681,0.08319674432277681,0.0831967443227768,0,0.0,0.0
2017-01-04 00:00:00+08:00,0.08583791123808501,0.08715850114822388,0.08583791123808501,0.08715850114822388,155000,0.0,0.0
2017-01-05 00:00:00+08:00,0.08715850114822388,0.08715850114822388,0.08715850114822388,0.08715850114822388,0,0.0,0.0
2017-01-06 00:00:00+08:00,0.08583791470116192,0.08847908675670625,0.08583791470116192,0.08847908675670624,31000,0.0,0.0
2017-01-09 00:00:00+08:00,0.0897996574640274,0.0897996574640274,0.0897996574640274,0.0897996574640274,40000,0.0,0.0
2017-01-10 00:00:00+08:00,0.08979966193166272,0.08979966193166272,0.08583790808916092,0.08583790808916092,35400,0.0,0.0
2017-01-11 00:00:00+08:00,0.08583790808916092,0.08583790808916092,0.08583790808916092,0.08583790808916092,0,0.0,0.0
2017-01-12 00:00:00+08:00,0.08583790808916092,0.08583790808916092,0.08583790808916092,0.08583790808916092,0,0.0,0.0
2017-01-13 00:00:00+08:00,0.08583790808916092,0.08583790808916092,0.08583790808916092,0.08583790808916092,0,0.0,0.0
2017-01-16 00:00:00+08:00,0.08715850114822388,0.08715850114822388,0.08715850114822388,0.08715850114822388,5000,0.0,0.0
2017-01-17 00:00:00+08:00,0.08451732248067857,0.08451732248067857,0.08451732248067857,0.08451732248067856,15000,0.0,0.0
2017-01-18 00:00:00+08:00,0.08715850114822388,0.08715850114822388,0.08715850114822388,0.08715850114822388,58000,0.0,0.0
2017-01-19 00:00:00+08:00,0.09112023938873104,0.09112023938873104,0.0897996574640274,0.0897996574640274,30000,0.0,0.0
2017-01-20 00:00:00+08:00,0.08979966884883332,0.08979966884883332,0.08847908675670625,0.08847908675670624,40000,0.0,0.0
2017-01-23 00:00:00+08:00,0.08847908675670625,0.08847908675670625,0.08847908675670625,0.08847908675670624,0,0.0,0.0
2017-01-24 00:00:00+08:00,0.08847908675670625,0.08847908675670625,0.08847908675670625,0.08847908675670624,15000,0.0,0.0
2017-01-25 00:00:00+08:00,0.08715849361462015,0.0897996574640274,0.08715849361462015,0.0897996574640274,122000,0.0,0.0
2017-01-26 00:00:00+08:00,0.09244082868099213,0.09376141071094649,0.09244082868099213,0.09244082868099213,107000,0.0,0.0
2017-01-27 00:00:00+08:00,0.09244082868099213,0.09244082868099213,0.09244082868099213,0.09244082868099213,20000,0.0,0.0
2017-01-31 00:00:00+08:00,0.09244082868099213,0.09244082868099213,0.09244082868099213,0.09244082868099213,0,0.0,0.0
2017-02-01 00:00:00+08:00,0.0937613993883133,0.0937613993883133,0.0937613993883133,0.0937613993883133,20000,0.0,0.0
2017-02-02 00:00:00+08:00,0.09507369250059128,0.09507369250059128,0.09507369250059128,0.09507369250059128,145000,0.0049,0.0
2017-02-03 00:00:00+08:00,0.09507369250059128,0.09507369250059128,0.09507369250059128,0.09507369250059128,0,0.0,0.0
2017-02-06 00:00:00+08:00,0.09507369250059128,0.09507369250059128,0.09507369250059128,0.09507369250059128,9900,0.0,0.0
2017-02-07 00:00:00+08:00,0.0977518301920354,0.0977518301920354,0.09507369250059128,0.09507369250059128,10000,0.0,0.0
2017-02-08 00:00:00+08:00,0.09775182604789734,0.09775182604789734,0.09775182604789734,0.09775182604789734,35000,0.0,0.0
2017-02-09 00:00:00+08:00,0.09909089084612238,0.09909089084612238,0.09775182604789734,0.09775182604789734,60000,0.0,0.0
2017-02-10 00:00:00+08:00,0.0977518243216818,0.09909088909626007,0.0977518243216818,0.09909088909626007,64800,0.0,0.0
2017-02-13 00:00:00+08:00,0.09775182604789734,0.09775182604789734,0.09775182604789734,0.09775182604789734,10000,0.0,0.0
2017-02-14 00:00:00+08:00,0.10176902044257245,0.10176902044257245,0.0964127612496723,0.09775182604789734,514000,0.0,0.0
2017-02-15 00:00:00+08:00,0.09909088498705096,0.09909088498705096,0.09641275554895401,0.09641275554895401,235000,0.0,0.0
2017-02-16 00:00:00+08:00,0.09641275954710352,0.09909088909626007,0.09641275954710352,0.09909088909626007,141000,0.0,0.0
2017-02-17 00:00:00+08:00,0.09909088909626007,0.09909088909626007,0.09909088909626007,0.09909088909626007,1000,0.0,0.0
2017-02-20 00:00:00+08:00,0.0964127612496723,0.09775182604789734,0.0964127612496723,0.09775182604789734,100000,0.0,0.0
2017-02-21 00:00:00+08:00,0.09641275554895401,0.09641275554895401,0.09641275554895401,0.09641275554895401,10000,0.0,0.0
2017-02-22 00:00:00+08:00,0.09641275554895401,0.09641275554895401,0.09641275554895401,0.09641275554895401,30000,0.0,0.0
2017-02-23 00:00:00+08:00,0.09641275554895401,0.09641275554895401,0.09641275554895401,0.09641275554895401,65000,0.0,0.0
2017-02-24 00:00:00+08:00,0.09775182026800248,0.09775182026800248,0.09641275554895401,0.09641275554895401,288000,0.0,0.0
2017-02-27 00:00:00+08:00,0.09775182604789734,0.09909089084612238,0.09775182604789734,0.09775182604789734,112400,0.0,0.0
2017-02-28 00:00:00+08:00,0.09775182604789734,0.09775182604789734,0.09775182604789734,0.09775182604789734,77500,0.0,0.0
2017-03-01 00:00:00+08:00,0.09641275554895401,0.09641275554895401,0.09641275554895401,0.09641275554895401,125000,0.0,0.0
2017-03-02 00:00:00+08:00,0.09641275554895401,0.09641275554895401,0.09507368284845023,0.09641275554895401,240500,0.0,0.0
2017-03-03 00:00:00+08:00,0.09641275554895401,0.09641275554895401,0.09641275554895401,0.09641275554895401,52800,0.0,0.0
2017-03-06 00:00:00+08:00,0.09775183353913112,0.10444715804335404,0.09775183353913112,0.10310809314250946,1039600,0.0,0.0
2017-03-07 00:00:00+08:00,0.1044471636414528,0.10578623659552462,0.1044471636414528,0.10444716364145279,574200,0.0,0.0
2017-03-08 00:00:00+08:00,0.1044471636414528,0.1044471636414528,0.1044471636414528,0.10444716364145279,69000,0.0,0.0
2017-03-09 00:00:00+08:00,0.1044471636414528,0.10578623659552462,0.10176903369622277,0.10444716364145279,137600,0.0,0.0
2017-03-10 00:00:00+08:00,0.10310809501936606,0.10310809501936606,0.10176903009414674,0.10176903009414673,97900,0.0,0.0
2017-03-13 00:00:00+08:00,0.10444715994458538,0.10444715994458538,0.10176903009414674,0.10176903009414673,204100,0.0,0.0
2017-03-14 00:00:00+08:00,0.10176903009414674,0.10176903009414674,0.10176903009414674,0.10176903009414673,148000,0.0,0.0
2017-03-15 00:00:00+08:00,0.10042995564434742,0.10042995564434742,0.09775182604789734,0.09775182604789734,40000,0.0,0.0
2017-03-16 00:00:00+08:00,0.10042996461793832,0.10980342702450446,0.09909089970006553,0.10712529718875885,710600,0.0,0.0
2017-03-17 00:00:00+08:00,0.11114249569920062,0.11515969857006446,0.10846436577292923,0.10980343073606491,253900,0.0,0.0
2017-03-20 00:00:00+08:00,0.11114248957165751,0.11382062733173372,0.10980342468234756,0.1138206273317337,299200,0.0,0.0
2017-03-21 00:00:00+08:00,0.11382062733173372,0.11382062733173372,0.11248155446096746,0.1138206273317337,237200,0.0,0.0
2017-03-22 00:00:00+08:00,0.11382062401590355,0.11382062401590355,0.10712529178294639,0.11114248633384705,128000,0.0,0.0
2017-03-23 00:00:00+08:00,0.10980342148354683,0.11114248633384705,0.10980342148354683,0.11114248633384705,110100,0.0,0.0
2017-03-24 00:00:00+08:00,0.11515969360793851,0.12855035064376105,0.11114249091017227,0.12319409102201462,782800,0.0,0.0
2017-03-27 00:00:00+08:00,0.12319409467894897,0.13524568716707835,0.12319409467894897,0.12587222456932068,1331500,0.0,0.0
2017-03-28 00:00:00+08:00,0.12721128576037738,0.13122848845884005,0.12721128576037738,0.12855035066604614,250200,0.0,0.0
2017-03-29 00:00:00+08:00,0.12855034092871476,0.1312284785186472,0.12587221132023813,0.12988941371440887,161000,0.0,0.0
2017-03-30 00:00:00+08:00,0.12721128951450655,0.12721128951450655,0.12587222456932068,0.12587222456932068,32500,0.0,0.0
2017-03-31 00:00:00+08:00,0.12453314661979677,0.12587221142515118,0.12319408181444236,0.12453314661979675,190900,0.0,0.0
2017-04-03 00:00:00+08:00,0.12453314661979677,0.12587221142515118,0.12319408181444236,0.12453314661979675,239400,0.0,0.0
2017-04-04 00:00:00+08:00,0.1231940910220146,0.12587222083288782,0.12051595322968497,0.12319409102201462,400400,0.0,0.0
2017-04-05 00:00:00+08:00,0.12319408536704085,0.12319408536704085,0.12185502052307128,0.12185502052307129,191500,0.0,0.0
2017-04-06 00:00:00+08:00,0.12319408774522285,0.12319408774522285,0.12051595002412796,0.12051595002412796,36600,0.0,0.0
2017-04-07 00:00:00+08:00,0.1205159543489434,0.1205159543489434,0.10712529718875885,0.10712529718875885,10200,0.0,0.0
2017-04-10 00:00:00+08:00,0.11248155090603504,0.11783781827544854,0.11248155090603504,0.11649875342845917,65400,0.0,0.0
2017-04-11 00:00:00+08:00,0.1164987571103536,0.11917688688897349,0.11382062733173372,0.1138206273317337,118500,0.0,0.0
2017-04-12 00:00:00+08:00,0.11649875956688457,0.11649875956688457,0.11248155683279036,0.11248155683279037,28400,0.0,0.0
2017-04-13 00:00:00+08:00,0.11248155994014396,0.11515969783067702,0.11248155994014396,0.11515969783067703,44600,0.0,0.0
2017-04-17 00:00:00+08:00,0.11248156066233632,0.11248156066233632,0.10712530080979353,0.10980343073606491,300000,0.0,0.0
2017-04-18 00:00:00+08:00,0.10846436023712158,0.10980342513191403,0.10846436023712158,0.10846436023712158,22700,0.0,0.0
2017-04-19 00:00:00+08:00,0.10712529534232912,0.10846436023712158,0.10712529534232912,0.10846436023712158,94400,0.0,0.0
2017-04-20 00:00:00+08:00,0.10980341789773307,0.12051594433175546,0.10980341789773307,0.11917687952518463,192900,0.0,0.0
2017-04-21 00:00:00+08:00,0.11382062567503123,0.12185502287540351,0.11382062567503123,0.12051595002412796,188400,0.0,0.0
2017-04-24 00:00:00+08:00,0.11783782199966354,0.11783782199966354,0.11382062733173372,0.1138206273317337,65000,0.0,0.0
2017-04-25 00:00:00+08:00,0.11515969222104365,0.11515969222104365,0.11382062733173372,0.1138206273317337,60000,0.0,0.0
2017-04-26 00:00:00+08:00,0.11382063287613885,0.11515969783067702,0.11382063287613885,0.11515969783067703,73000,0.0,0.0
2017-04-27 00:00:00+08:00,0.11515969783067702,0.1164987627852152,0.11515969783067702,0.11515969783067703,147000,0.0,0.0
2017-04-28 00:00:00+08:00,0.1164987627852152,0.1164987627852152,0.11515969783067702,0.11515969783067703,81000,0.0,0.0
2017-05-02 00:00:00+08:00,0.1164987571103536,0.1164987571103536,0.11382062733173372,0.1138206273317337,35300,0.0,0.0
2017-05-03 00:00:00+08:00,0.11649875342845918,0.12051594796942726,0.11649875342845918,0.11649875342845917,251000,0.0,0.0
2017-05-04 00:00:00+08:00,0.11783781471861382,0.11917687952518465,0.11783781471861382,0.11917687952518463,153000,0.0,0.0
2017-05-05 00:00:00+08:00,0.11649875342845918,0.11649875342845918,0.11649875342845918,0.11649875342845917,55000,0.0,0.0
2017-05-08 00:00:00+08:00,0.11917688515430862,0.12051595002412796,0.11917688515430862,0.12051595002412796,40000,0.0,0.0
2017-05-09 00:00:00+08:00,0.12051594433175546,0.12185501711978211,0.11917687952518465,0.11917687952518463,69500,0.0,0.0
2017-05-11 00:00:00+08:00,0.12319408181444236,0.12721127623050557,0.12319408181444236,0.12453314661979675,140000,0.0,0.0
2017-05-12 00:00:00+08:00,0.12319407841142681,0.12721127271652222,0.12319407841142681,0.12721127271652222,154100,0.0,0.0
2017-05-15 00:00:00+08:00,0.12855034092871476,0.1339066081271238,0.12855034092871476,0.12988941371440887,488600,0.0,0.0
2017-05-16 00:00:00+08:00,0.13122849233152079,0.13122849233152079,0.12319409467894897,0.12587222456932068,93600,0.0,0.0
2017-05-17 00:00:00+08:00,0.12319408181444236,0.1339066082387334,0.12319408181444236,0.12453314661979675,33800,0.0,0.0
2017-05-18 00:00:00+08:00,0.12453314661979677,0.12453314661979677,0.12453314661979677,0.12453314661979675,0,0.0,0.0
2017-05-19 00:00:00+08:00,0.12721127623050557,0.12855034103585997,0.12453314661979677,0.12453314661979675,1500,0.0,0.0
2017-05-22 00:00:00+08:00,0.12587222456932068,0.13122849233152079,0.12453315962413483,0.12587222456932068,119900,0.0,0.0
2017-05-23 00:00:00+08:00,0.12587222083288782,0.12587222083288782,0.1231940910220146,0.12319409102201462,77900,0.0,0.0
2017-05-24 00:00:00+08:00,0.12453314661979677,0.12721127623050557,0.11783781461156893,0.12453314661979675,107700,0.0,0.0
2017-05-25 00:00:00+08:00,0.12453314661979677,0.12453314661979677,0.12453314661979677,0.12453314661979675,28900,0.0,0.0
2017-05-26 00:00:00+08:00,0.12587222456932068,0.12587222456932068,0.12453315962413483,0.12587222456932068,45000,0.0,0.0
2017-05-29 00:00:00+08:00,0.12587222456932068,0.12587222456932068,0.12587222456932068,0.12587222456932068,0,0.0,0.0
2017-05-30 00:00:00+08:00,0.12453314661979677,0.12453314661979677,0.12453314661979677,0.12453314661979675,11600,0.0,0.0
2017-05-31 00:00:00+08:00,0.12988941027360212,0.13524566934866655,0.12988941027360212,0.13256753981113434,400200,0.0,0.0
2017-06-01 00:00:00+08:00,0.13256753981113434,0.13792379888619877,0.1285503375233804,0.13256753981113434,538900,0.0,0.0
2017-06-02 00:00:00+08:00,0.13256753981113434,0.13256753981113434,0.13122847504236823,0.13256753981113434,9600,0.0,0.0
2017-06-05 00:00:00+08:00,0.13122848795951114,0.13390661776065826,0.13122848795951114,0.13390661776065826,139900,0.0,0.0
2017-06-06 00:00:00+08:00,0.1339066081271238,0.1339066081271238,0.12988941371440887,0.12988941371440887,29300,0.0,0.0
2017-06-07 00:00:00+08:00,0.12988942305893758,0.13390661776065826,0.12855035017690764,0.13390661776065826,82400,0.0,0.0
2017-06-08 00:00:00+08:00,0.12988941027360212,0.13256753981113434,0.12988941027360212,0.13256753981113434,122000,0.0,0.0
2017-06-09 00:00:00+08:00,0.12988941027360212,0.13256753981113434,0.12988941027360212,0.13256753981113434,15000,0.0,0.0
2017-06-12 00:00:00+08:00,0.13122848845884005,0.13256755336450882,0.12855035066604614,0.12855035066604614,122000,0.0,0.0
2017-06-13 00:00:00+08:00,0.12855035066604614,0.13122848845884005,0.12855035066604614,0.12855035066604614,54200,0.0,0.0
2017-06-14 00:00:00+08:00,0.13122848845884005,0.13122848845884005,0.1245331559490399,0.12855035066604614,107700,0.0,0.0
2017-06-15 00:00:00+08:00,0.12855035066604614,0.12855035066604614,0.12855035066604614,0.12855035066604614,1300,0.0,0.0
2017-06-16 00:00:00+08:00,0.12855035066604614,0.12855035066604614,0.12721128576037738,0.12855035066604614,23000,0.0,0.0
2017-06-19 00:00:00+08:00,0.1312284916639328,0.13256755660230654,0.12988942672555906,0.1312284916639328,111100,0.0,0.0
2017-06-20 00:00:00+08:00,0.13256755660230654,0.13256755660230654,0.12988942672555906,0.1312284916639328,115000,0.0,0.0
2017-06-21 00:00:00+08:00,0.12988942672555906,0.1312284916639328,0.12988942672555906,0.1312284916639328,40100,0.0,0.0
2017-06-22 00:00:00+08:00,0.13122848845884005,0.13122848845884005,0.12721128576037738,0.12855035066604614,213800,0.0,0.0
2017-06-23 00:00:00+08:00,0.12855035066604614,0.12855035066604614,0.12855035066604614,0.12855035066604614,0,0.0,0.0
2017-06-27 00:00:00+08:00,0.12855035066604614,0.12988942355317132,0.12855035066604614,0.12855035066604614,55000,0.0,0.0
2017-06-28 00:00:00+08:00,0.12721127271652222,0.12721127271652222,0.12721127271652222,0.12721127271652222,10000,0.0,0.0
2017-06-29 00:00:00+08:00,0.12855035066604614,0.12855035066604614,0.12855035066604614,0.12855035066604614,11000,0.0,0.0
2017-06-30 00:00:00+08:00,0.12855035066604614,0.12855035066604614,0.12855035066604614,0.12855035066604614,20000,0.0,0.0
2017-07-03 00:00:00+08:00,0.12855035066604614,0.12855035066604614,0.12721128576037738,0.12855035066604614,76000,0.0,0.0
2017-07-04 00:00:00+08:00,0.12721128951450655,0.12721128951450655,0.12587222456932068,0.12587222456932068,51900,0.0,0.0
2017-07-05 00:00:00+08:00,0.12855035066604614,0.12855035066604614,0.12855035066604614,0.12855035066604614,32400,0.0,0.0
2017-07-06 00:00:00+08:00,0.12855035066604614,0.12855035066604614,0.12855035066604614,0.12855035066604614,200,0.0,0.0
2017-07-07 00:00:00+08:00,0.12855035066604614,0.12855035066604614,0.12855035066604614,0.12855035066604614,0,0.0,0.0
2017-07-10 00:00:00+08:00,0.12855035066604614,0.12855035066604614,0.12855035066604614,0.12855035066604614,0,0.0,0.0
2017-07-11 00:00:00+08:00,0.1285503544596924,0.1285503544596924,0.12587222456932068,0.12587222456932068,68100,0.0,0.0
2017-07-12 00:00:00+08:00,0.12721128951450655,0.12721128951450655,0.12587222456932068,0.12587222456932068,132100,0.0,0.0
2017-07-13 00:00:00+08:00,0.12587222456932068,0.12587222456932068,0.12587222456932068,0.12587222456932068,0,0.0,0.0
2017-07-14 00:00:00+08:00,0.12587222456932068,0.12587222456932068,0.12587222456932068,0.12587222456932068,200000,0.0,0.0
2017-07-17 00:00:00+08:00,0.12587222085470864,0.12855035066604614,0.1245331559490399,0.12855035066604614,84500,0.0,0.0
2017-07-18 00:00:00+08:00,0.1285503544596924,0.1285503544596924,0.12587222456932068,0.12587222456932068,50600,0.0,0.0
2017-07-19 00:00:00+08:00,0.12721127271652222,0.12721127271652222,0.12721127271652222,0.12721127271652222,4000,0.0,0.0
2017-07-20 00:00:00+08:00,0.12721127271652222,0.12721127271652222,0.12721127271652222,0.12721127271652222,0,0.0,0.0
2017-07-21 00:00:00+08:00,0.12988941277051982,0.1606879349700154,0.12988941277051982,0.1526535302400589,1622000,0.0,0.0
2017-07-24 00:00:00+08:00,0.1499754045516991,0.1526535342103686,0.13256754580743546,0.1392628699541092,380500,0.0,0.0
2017-07-25 00:00:00+08:00,0.1365847402954397,0.1392628699541092,0.1339066106367702,0.1392628699541092,284000,0.0,0.0
2017-07-26 00:00:00+08:00,0.15934886836862755,0.16470512748592217,0.15399259328842163,0.15399259328842163,1784500,0.0,0.0
2017-07-27 00:00:00+08:00,0.15533166162157644,0.15533166162157644,0.14997540238173607,0.15131446719169617,461100,0.0,0.0
2017-07-28 00:00:00+08:00,0.1499753989504507,0.15399259328842163,0.14461913983315608,0.15399259328842163,648600,0.0,0.0
2017-07-31 00:00:00+08:00,0.1553316598290739,0.1553316598290739,0.15131446544555138,0.1526535302400589,118500,0.0,0.0
2017-08-01 00:00:00+08:00,0.15399259328842163,0.1553316580677453,0.15131446372977433,0.15399259328842163,195300,0.0,0.0
2017-08-02 00:00:00+08:00,0.15265353965502376,0.16068794488050528,0.15131447477792892,0.1566707342863083,498000,0.0,0.0
2017-08-03 00:00:00+08:00,0.1580097909944103,0.16336606618878655,0.1580097909944103,0.1620270013809204,706500,0.0,0.0
2017-08-04 00:00:00+08:00,0.1606879383325577,0.16202700315508636,0.1606879383325577,0.16068793833255768,71000,0.0,0.0
2017-08-07 00:00:00+08:00,0.1633660626983895,0.16470512747764585,0.1593488683606204,0.16470512747764587,308700,0.0,0.0
2017-08-08 00:00:00+08:00,0.16202700315508636,0.16336606797761502,0.1606879383325577,0.16068793833255768,118600,0.0,0.0
2017-08-10 00:00:00+08:00,0.16336607036189826,0.1754176539405458,0.1620270055198263,0.170061394572258,708200,0.0,0.0
2017-08-11 00:00:00+08:00,0.16738326666758754,0.17273952609281842,0.16738326666758754,0.16872233152389526,168600,0.0,0.0
2017-08-14 00:00:00+08:00,0.16872233334630382,0.17140046308784634,0.16336607386321875,0.16738326847553253,188300,0.0,0.0
2017-08-15 00:00:00+08:00,0.17006139821707508,0.17006139821707508,0.16738326847553253,0.16738326847553253,101100,0.0,0.0
2017-08-16 00:00:00+08:00,0.16738326488811409,0.17140045941432994,0.1647051352039702,0.170061394572258,672200,0.0,0.0
2017-08-17 00:00:00+08:00,0.17006139821707508,0.17006139821707508,0.16470513873399,0.16738326847553253,121500,0.0,0.0
2017-08-18 00:00:00+08:00,0.16470512747764585,0.16470512747764585,0.16202699791913314,0.16470512747764587,40100,0.0,0.0
2017-08-21 00:00:00+08:00,0.1660441905260086,0.17140044958719883,0.1660441905260086,0.1660441905260086,354500,0.0,0.0
2017-08-22 00:00:00+08:00,0.16470512747764585,0.16738325703615858,0.16470512747764585,0.16470512747764587,101200,0.0,0.0
2017-08-23 00:00:00+08:00,0.16336606442928314,0.16470512922272715,0.16336606442928314,0.16336606442928314,168100,0.0,0.0
2017-08-24 00:00:00+08:00,0.16202700138092038,0.16202700138092038,0.16202700138092038,0.1620270013809204,10000,0.0,0.0
2017-08-25 00:00:00+08:00,0.16604420360476127,0.16872233334630382,0.16604420360476127,0.16738326847553253,169600,0.0,0.0
2017-08-28 00:00:00+08:00,0.16872232005660373,0.17006138482190128,0.16470512576071106,0.1660441905260086,156500,0.0,0.0
2017-08-29 00:00:00+08:00,0.16604420360476127,0.16738326847553253,0.16336607386321875,0.16738326847553253,114600,0.0,0.0
2017-08-30 00:00:00+08:00,0.1660441905260086,0.1660441905260086,0.1660441905260086,0.1660441905260086,93000,0.0,0.0
2017-08-31 00:00:00+08:00,0.16604420004604215,0.17273952425640188,0.16604420004604215,0.170061394572258,399700,0.0,0.0
2017-09-04 00:00:00+08:00,0.170061394572258,0.170061394572258,0.170061394572258,0.170061394572258,0,0.0,0.0
2017-09-05 00:00:00+08:00,0.1660441905260086,0.1660441905260086,0.1660441905260086,0.1660441905260086,0,0.0,0.0
2017-09-06 00:00:00+08:00,0.16604420360476127,0.16738326847553253,0.1606879441216762,0.16738326847553253,160100,0.0,0.0
2017-09-07 00:00:00+08:00,0.16738325880961513,0.16738325880961513,0.16336606442928314,0.16336606442928314,55100,0.0,0.0
2017-09-08 00:00:00+08:00,0.16336606099541348,0.16738325529130615,0.16336606099541348,0.1660441905260086,182700,0.0,0.0
2017-09-11 00:00:00+08:00,0.16872231329617277,0.17140044271945953,0.16604418387288597,0.17140044271945953,462500,0.0,0.0
2017-09-12 00:00:00+08:00,0.17273953557014468,0.17273953557014468,0.16738327585104348,0.17273953557014465,52600,0.0,0.0
2017-09-13 00:00:00+08:00,0.17006139638020298,0.1714004612365107,0.16872233152389526,0.16872233152389526,86500,0.0,0.0
2017-09-14 00:00:00+08:00,0.17140047064036937,0.17273953557014468,0.16738327585104348,0.17273953557014465,109800,0.0,0.0
2017-09-15 00:00:00+08:00,0.17273953557014468,0.17273953557014468,0.16872234078081877,0.17273953557014465,15400,0.0,0.0
2017-09-18 00:00:00+08:00,0.17006137800781615,0.1754176368543897,0.17006137800781615,0.17140044271945953,63800,0.0,0.0
2017-09-19 00:00:00+08:00,0.17006139821707508,0.1727395279586176,0.16470513873399,0.16738326847553253,369700,0.0,0.0
2017-09-20 00:00:00+08:00,0.16604420360476127,0.17006139821707508,0.16470513873399,0.16738326847553253,164000,0.0,0.0
2017-09-21 00:00:00+08:00,0.17006137800781615,0.17140044271945953,0.16738324858452935,0.17140044271945953,163500,0.0,0.0
2017-09-22 00:00:00+08:00,0.17006139821707508,0.17006139821707508,0.16738326847553253,0.16738326847553253,13000,0.0,0.0
2017-09-25 00:00:00+08:00,0.16738326847553253,0.16738326847553253,0.16604420360476127,0.16738326847553253,255000,0.0,0.0
2017-09-26 00:00:00+08:00,0.1660441905260086,0.16872232005660373,0.1660441905260086,0.1660441905260086,72800,0.0,0.0
2017-09-27 00:00:00+08:00,0.16470512747764585,0.16604419225690223,0.16470512747764585,0.16470512747764587,119500,0.0,0.0
2017-09-28 00:00:00+08:00,0.16470512747764585,0.16470512747764585,0.16470512747764585,0.16470512747764587,0,0.0,0.0
2017-09-29 00:00:00+08:00,0.16470512747764585,0.16470512747764585,0.16470512747764585,0.16470512747764587,0,0.0,0.0
2017-10-02 00:00:00+08:00,0.16470512747764585,0.16470512747764585,0.16470512747764585,0.16470512747764587,28000,0.0,0.0
2017-10-03 00:00:00+08:00,0.16470512747764585,0.16470512747764585,0.1633660626983895,0.16470512747764587,200500,0.0,0.0
2017-10-04 00:00:00+08:00,0.16336606442928314,0.16336606442928314,0.16068793484239513,0.16336606442928314,232500,0.0,0.0
2017-10-05 00:00:00+08:00,0.16336606618878655,0.16336606618878655,0.16202700138092038,0.1620270013809204,56300,0.0,0.0
2017-10-06 00:00:00+08:00,0.16202700138092038,0.16202700138092038,0.16202700138092038,0.1620270013809204,0,0.0,0.0
2017-10-09 00:00:00+08:00,0.16202700138092038,0.16202700138092038,0.16202700138092038,0.1620270013809204,60000,0.0,0.0
2017-10-10 00:00:00+08:00,0.16068793657305425,0.16202700138092038,0.16068793657305425,0.1620270013809204,105500,0.0,0.0
2017-10-11 00:00:00+08:00,0.16202700138092038,0.16202700138092038,0.16202700138092038,0.1620270013809204,49000,0.0,0.0
2017-10-12 00:00:00+08:00,0.16068794302077757,0.16202700788237467,0.15800979733467102,0.15800979733467102,119800,0.0,0.0
2017-10-13 00:00:00+08:00,0.15800979272458854,0.1606879383325577,0.15800979272458854,0.16068793833255768,88100,0.0,0.0
2017-10-16 00:00:00+08:00,0.1606879383325577,0.1606879383325577,0.1606879383325577,0.16068793833255768,35000,0.0,0.0
2017-10-17 00:00:00+08:00,0.16068793484239513,0.17006138839650314,0.16068793484239513,0.16336606442928314,254800,0.0,0.0
2017-10-19 00:00:00+08:00,0.16470512922272715,0.16470512922272715,0.16336606442928314,0.16336606442928314,7300,0.0,0.0
2017-10-20 00:00:00+08:00,0.16336606442928314,0.16336606442928314,0.16336606442928314,0.16336606442928314,0,0.0,0.0
2017-10-23 00:00:00+08:00,0.16068794012163257,0.16202700495907016,0.15934887528419495,0.15934887528419495,63800,0.0,0.0
2017-10-24 00:00:00+08:00,0.1606879383325577,0.1606879383325577,0.1606879383325577,0.16068793833255768,31600,0.0,0.0
2017-10-25 00:00:00+08:00,0.16068794302077757,0.16068794302077757,0.15800979733467102,0.15800979733467102,123000,0.0,0.0
2017-10-26 00:00:00+08:00,0.13122847931586004,0.144619143402503,0.13122847931586004,0.14060193300247192,618900,0.0,0.0
2017-10-27 00:00:00+08:00,0.14060193300247192,0.14060193300247192,0.14060193300247192,0.14060193300247192,34000,0.0,0.0
2017-10-30 00:00:00+08:00,0.14060193478344393,0.1419409996127787,0.1392628699541092,0.1392628699541092,76600,0.0,0.0
2017-10-31 00:00:00+08:00,0.1392628681900988,0.14060193300247192,0.1392628681900988,0.14060193300247192,60600,0.0,0.0
2017-11-01 00:00:00+08:00,0.13792380690574646,0.13792380690574646,0.13256754751924357,0.13792380690574646,115100,0.0,0.0
2017-11-02 00:00:00+08:00,0.13658474569125584,0.13658474569125584,0.135245680809021,0.135245680809021,22500,0.0,0.0
2017-11-03 00:00:00+08:00,0.13524568266123183,0.13524568266123183,0.1325675528600847,0.13390661776065826,223900,0.0,0.0
2017-11-06 00:00:00+08:00,0.13390660453980352,0.13390660453980352,0.12721127271652222,0.12721127271652222,155600,0.0,0.0
2017-11-07 00:00:00+08:00,0.1258722079481571,0.13122847500307325,0.1258722079481571,0.12721127271652222,117700,0.0,0.0
2017-11-08 00:00:00+08:00,0.12721127271652222,0.12721127271652222,0.12721127271652222,0.12721127271652222,0,0.0,0.0
2017-11-09 00:00:00+08:00,0.12721127271652222,0.12721127271652222,0.12721127271652222,0.12721127271652222,0,0.0,0.0
2017-11-10 00:00:00+08:00,0.12721127271652222,0.12721127271652222,0.12721127271652222,0.12721127271652222,4000,0.0,0.0
2017-11-13 00:00:00+08:00,0.12721127271652222,0.12855033748488737,0.12721127271652222,0.12721127271652222,73700,0.0,0.0
2017-11-14 00:00:00+08:00,0.12721127271652222,0.12721127271652222,0.12721127271652222,0.12721127271652222,6800,0.0,0.0
2017-11-15 00:00:00+08:00,0.12855035066604614,0.12855035066604614,0.12855035066604614,0.12855035066604614,24900,0.0,0.0
2017-11-16 00:00:00+08:00,0.12855035066604614,0.12855035066604614,0.12855035066604614,0.12855035066604614,0,0.0,0.0
2017-11-17 00:00:00+08:00,0.12855035066604614,0.12855035066604614,0.12855035066604614,0.12855035066604614,2000,0.0,0.0
2017-11-20 00:00:00+08:00,0.12855035066604614,0.12855035066604614,0.12855035066604614,0.12855035066604614,0,0.0,0.0
2017-11-21 00:00:00+08:00,0.12855035066604614,0.12855035066604614,0.12855035066604614,0.12855035066604614,0,0.0,0.0
2017-11-22 00:00:00+08:00,0.12988941027360212,0.13256753981113434,0.12988941027360212,0.13256753981113434,61400,0.0,0.0
2017-11-23 00:00:00+08:00,0.13256753981113434,0.13256753981113434,0.13256753981113434,0.13256753981113434,0,0.0,0.0
2017-11-24 00:00:00+08:00,0.1285503375233804,0.13256753981113434,0.1285503375233804,0.13256753981113434,13200,0.0,0.0
2017-11-27 00:00:00+08:00,0.1325675528600847,0.13390661776065826,0.1325675528600847,0.13390661776065826,49900,0.0,0.0
2017-11-28 00:00:00+08:00,0.13390661776065826,0.13390661776065826,0.13390661776065826,0.13390661776065826,0,0.0,0.0
2017-11-29 00:00:00+08:00,0.13390661776065826,0.13390661776065826,0.13390661776065826,0.13390661776065826,39000,0.0,0.0
2017-11-30 00:00:00+08:00,0.13256754332288548,0.13256754332288548,0.12988941371440887,0.12988941371440887,35000,0.0,0.0
2017-12-01 00:00:00+08:00,0.12855035066604614,0.12855035066604614,0.12855035066604614,0.12855035066604614,31000,0.0,0.0
2017-12-04 00:00:00+08:00,0.12855035066604614,0.12855035066604614,0.12855035066604614,0.12855035066604614,0,0.0,0.0
2017-12-05 00:00:00+08:00,0.12855034092871476,0.13256754332288548,0.12721127612447644,0.12988941371440887,59500,0.0,0.0
2017-12-06 00:00:00+08:00,0.12988941371440887,0.12988941371440887,0.12988941371440887,0.12988941371440887,0,0.0,0.0
2017-12-07 00:00:00+08:00,0.12988941371440887,0.12988941371440887,0.12988941371440887,0.12988941371440887,0,0.0,0.0
2017-12-08 00:00:00+08:00,0.12855035066604614,0.12855035066604614,0.12855035066604614,0.12855035066604614,61200,0.0,0.0
2017-12-11 00:00:00+08:00,0.12855035066604614,0.12855035066604614,0.12855035066604614,0.12855035066604614,0,0.0,0.0
2017-12-12 00:00:00+08:00,0.12721128576037738,0.12855035066604614,0.12721128576037738,0.12855035066604614,29000,0.0,0.0
2017-12-13 00:00:00+08:00,0.12855034092871476,0.12988941371440887,0.12855034092871476,0.12988941371440887,41000,0.0,0.0
2017-12-14 00:00:00+08:00,0.12988941371440887,0.12988941371440887,0.12988941371440887,0.12988941371440887,0,0.0,0.0
2017-12-15 00:00:00+08:00,0.12988941371440887,0.12988941371440887,0.12988941371440887,0.12988941371440887,0,0.0,0.0
2017-12-18 00:00:00+08:00,0.12988941371440887,0.12988941371440887,0.12988941371440887,0.12988941371440887,0,0.0,0.0
2017-12-19 00:00:00+08:00,0.12988942672555906,0.1312284916639328,0.12988942672555906,0.1312284916639328,21100,0.0,0.0
2017-12-20 00:00:00+08:00,0.1312284916639328,0.1312284916639328,0.1312284916639328,0.1312284916639328,0,0.0,0.0
2017-12-21 00:00:00+08:00,0.1312284916639328,0.1312284916639328,0.1312284916639328,0.1312284916639328,0,0.0,0.0
2017-12-22 00:00:00+08:00,0.12855035066604614,0.12855035066604614,0.12855035066604614,0.12855035066604614,20000,0.0,0.0
2017-12-26 00:00:00+08:00,0.12855035380572868,0.13256755660230654,0.12855035380572868,0.1312284916639328,34600,0.0,0.0
2017-12-27 00:00:00+08:00,0.1312284916639328,0.1312284916639328,0.1312284916639328,0.1312284916639328,0,0.0,0.0
2017-12-28 00:00:00+08:00,0.12855035380572868,0.1312284916639328,0.12855035380572868,0.1312284916639328,37000,0.0,0.0
2017-12-29 00:00:00+08:00,0.1312284916639328,0.1312284916639328,0.1312284916639328,0.1312284916639328,0,0.0,0.0
2018-01-02 00:00:00+08:00,0.1312284916639328,0.1312284916639328,0.1312284916639328,0.1312284916639328,0,0.0,0.0
2018-01-03 00:00:00+08:00,0.1312284916639328,0.1312284916639328,0.1312284916639328,0.1312284916639328,0,0.0,0.0
2018-01-04 00:00:00+08:00,0.1312284916639328,0.1312284916639328,0.1312284916639328,0.1312284916639328,0,0.0,0.0
2018-01-05 00:00:00+08:00,0.1312284916639328,0.1312284916639328,0.1312284916639328,0.1312284916639328,0,0.0,0.0
2018-01-08 00:00:00+08:00,0.14328008802758596,0.14328008802758596,0.13390661776065826,0.13390661776065826,9600,0.0,0.0
2018-01-09 00:00:00+08:00,0.13390661776065826,0.13390661776065826,0.13390661776065826,0.13390661776065826,0,0.0,0.0
2018-01-10 00:00:00+08:00,0.14194100144562363,0.14194100144562363,0.13792380690574646,0.13792380690574646,36000,0.0,0.0
2018-01-11 00:00:00+08:00,0.13792380690574646,0.13792380690574646,0.13792380690574646,0.13792380690574646,0,0.0,0.0
2018-01-12 00:00:00+08:00,0.13792380690574646,0.13792380690574646,0.13792380690574646,0.13792380690574646,0,0.0,0.0
2018-01-15 00:00:00+08:00,0.13792380690574646,0.13792380690574646,0.13792380690574646,0.13792380690574646,0,0.0,0.0
2018-01-16 00:00:00+08:00,0.135245680809021,0.13658474569125584,0.13122848616231642,0.135245680809021,112800,0.0,0.0
2018-01-17 00:00:00+08:00,0.135245680809021,0.135245680809021,0.135245680809021,0.135245680809021,0,0.0,0.0
2018-01-18 00:00:00+08:00,0.135245680809021,0.135245680809021,0.135245680809021,0.135245680809021,0,0.0,0.0
2018-01-19 00:00:00+08:00,0.135245680809021,0.135245680809021,0.135245680809021,0.135245680809021,0,0.0,0.0
2018-01-22 00:00:00+08:00,0.135245680809021,0.135245680809021,0.135245680809021,0.135245680809021,0,0.0,0.0
2018-01-23 00:00:00+08:00,0.1312284916639328,0.13256755660230654,0.1312284916639328,0.1312284916639328,15900,0.0,0.0
2018-01-24 00:00:00+08:00,0.1312284916639328,0.1312284916639328,0.1312284916639328,0.1312284916639328,0,0.0,0.0
2018-01-25 00:00:00+08:00,0.1312284785186472,0.13256754332288548,0.12587221132023813,0.12988941371440887,117400,0.0,0.0
2018-01-26 00:00:00+08:00,0.12988942355317132,0.12988942355317132,0.12587222085470864,0.12855035066604614,188200,0.0,0.0
2018-01-29 00:00:00+08:00,0.12721128576037738,0.12855035066604614,0.12721128576037738,0.12855035066604614,62000,0.0,0.0
2018-01-30 00:00:00+08:00,0.12721127271652222,0.12721127271652222,0.12721127271652222,0.12721127271652222,17000,0.0,0.0
2018-01-31 00:00:00+08:00,0.12721127271652222,0.12721127271652222,0.12721127271652222,0.12721127271652222,0,0.0,0.0
2018-02-01 00:00:00+08:00,0.12991790481095222,0.1393910846138624,0.12991790481095222,0.1353311538696289,166200,0.005,0.0
2018-02-02 00:00:00+08:00,0.1353311538696289,0.1353311538696289,0.1353311538696289,0.1353311538696289,500,0.0,0.0
2018-02-05 00:00:00+08:00,0.1353311538696289,0.1353311538696289,0.1353311538696289,0.1353311538696289,0,0.0,0.0
2018-02-06 00:00:00+08:00,0.13127122647014108,0.1326245367527008,0.12585797727353668,0.1326245367527008,60000,0.0,0.0
2018-02-07 00:00:00+08:00,0.13668446077160884,0.138037770986557,0.13668446077160884,0.138037770986557,88000,0.0,0.0
2018-02-08 00:00:00+08:00,0.13803776773729962,0.1407443881034851,0.13803776773729962,0.1407443881034851,256100,0.0,0.0
2018-02-09 00:00:00+08:00,0.13939107476309498,0.14345100522041318,0.1380377646106556,0.1434510052204132,460400,0.0,0.0
2018-02-12 00:00:00+08:00,0.15292419656261766,0.15833743731900873,0.15021757618442214,0.1515708863735199,509900,0.0,0.0
2018-02-13 00:00:00+08:00,0.1461576472036914,0.15427750842642027,0.1461576472036914,0.15021757781505585,44600,0.0,0.0
2018-02-14 00:00:00+08:00,0.151570888018844,0.15427750842642027,0.15021757781505585,0.15021757781505585,82700,0.0,0.0
2018-02-15 00:00:00+08:00,0.15021757618442214,0.1515708863735199,0.15021757618442214,0.1515708863735199,12400,0.0,0.0
2018-02-19 00:00:00+08:00,0.15021757781505585,0.15021757781505585,0.1488642676112677,0.15021757781505585,51700,0.0,0.0
2018-02-20 00:00:00+08:00,0.15021757618442214,0.1515708863735199,0.15021757618442214,0.1515708863735199,10000,0.0,0.0
2018-02-21 00:00:00+08:00,0.1515708863735199,0.1515708863735199,0.1515708863735199,0.1515708863735199,0,0.0,0.0
2018-02-22 00:00:00+08:00,0.15021757781505585,0.15021757781505585,0.1488642676112677,0.15021757781505585,21000,0.0,0.0
2018-02-23 00:00:00+08:00,0.1488642692565918,0.1488642692565918,0.1488642692565918,0.1488642692565918,20300,0.0,0.0
2018-02-26 00:00:00+08:00,0.1488642692565918,0.1488642692565918,0.1488642692565918,0.1488642692565918,95000,0.0,0.0
2018-02-27 00:00:00+08:00,0.1488642692565918,0.1488642692565918,0.1488642692565918,0.1488642692565918,0,0.0,0.0
2018-02-28 00:00:00+08:00,0.1488642692565918,0.1488642692565918,0.1488642692565918,0.1488642692565918,0,0.0,0.0
2018-03-01 00:00:00+08:00,0.1488642692565918,0.1488642692565918,0.1488642692565918,0.1488642692565918,0,0.0,0.0
2018-03-02 00:00:00+08:00,0.14615764165802156,0.14615764165802156,0.1420976950679738,0.1434510052204132,29400,0.0,0.0
2018-03-05 00:00:00+08:00,0.14345101224887896,0.1488642692565918,0.14345101224887896,0.1488642692565918,93000,0.0,0.0
2018-03-06 00:00:00+08:00,0.1488642692565918,0.15021757947533743,0.14615764881910057,0.1488642692565918,113200,0.0,0.0
2018-03-07 00:00:00+08:00,0.1488642692565918,0.1488642692565918,0.1488642692565918,0.1488642692565918,0,0.0,0.0
2018-03-08 00:00:00+08:00,0.1488642676112677,0.15021757781505585,0.1488642676112677,0.15021757781505585,128400,0.0,0.0
2018-03-09 00:00:00+08:00,0.15292419656261766,0.15563081694081318,0.1515708863735199,0.1515708863735199,160700,0.0,0.0
2018-03-12 00:00:00+08:00,0.15292419493198395,0.15292419493198395,0.15292419493198395,0.15292419493198395,35000,0.0,0.0
2018-03-13 00:00:00+08:00,0.15292419493198395,0.15427750510665134,0.15157088475731656,0.15292419493198395,110800,0.0,0.0
2018-03-14 00:00:00+08:00,0.15292419493198395,0.15292419493198395,0.15292419493198395,0.15292419493198395,25000,0.0,0.0
2018-03-15 00:00:00+08:00,0.15292419175579297,0.15563081204891205,0.15292419175579297,0.15563081204891205,28300,0.0,0.0
2018-03-16 00:00:00+08:00,0.15292419332995782,0.154277503490448,0.15292419332995782,0.154277503490448,48000,0.0,0.0
2018-03-19 00:00:00+08:00,0.154277503490448,0.154277503490448,0.154277503490448,0.154277503490448,0,0.0,0.0
2018-03-20 00:00:00+08:00,0.15292419493198395,0.15563081528131872,0.15292419493198395,0.15292419493198395,49200,0.0,0.0
2018-03-21 00:00:00+08:00,0.15292419493198395,0.15292419493198395,0.15292419493198395,0.15292419493198395,0,0.0,0.0
2018-03-22 00:00:00+08:00,0.1623973862931393,0.16375069650118793,0.15969074974431177,0.16104407608509064,643300,0.0,0.0
2018-03-23 00:00:00+08:00,0.15698413382022847,0.15833744406700134,0.15698413382022847,0.15833744406700134,55300,0.0,0.0
2018-03-26 00:00:00+08:00,0.15969074087311425,0.15969074087311425,0.15427750034163798,0.1569841206073761,57300,0.0,0.0
2018-03-27 00:00:00+08:00,0.154277503490448,0.15833743397191855,0.15021757300897745,0.154277503490448,253100,0.0,0.0
2018-03-28 00:00:00+08:00,0.1515708863735199,0.15292419656261766,0.15021757618442214,0.1515708863735199,360100,0.0,0.0
2018-03-29 00:00:00+08:00,0.1515708863735199,0.1515708863735199,0.1515708863735199,0.1515708863735199,0,0.0,0.0
2018-04-02 00:00:00+08:00,0.1434510091062033,0.1515708863735199,0.14209769891710552,0.1515708863735199,438600,0.0,0.0
2018-04-03 00:00:00+08:00,0.1488642692565918,0.15157088969408306,0.1488642692565918,0.1488642692565918,35900,0.0,0.0
2018-04-04 00:00:00+08:00,0.15292419822263212,0.15292419822263212,0.1488642676112677,0.15021757781505585,121900,0.0,0.0
2018-04-05 00:00:00+08:00,0.154277503490448,0.154277503490448,0.154277503490448,0.154277503490448,26000,0.0,0.0
2018-04-06 00:00:00+08:00,0.15292419656261766,0.15292419656261766,0.1515708863735199,0.1515708863735199,36000,0.0,0.0
2018-04-09 00:00:00+08:00,0.15021757300897745,0.1556308136509382,0.14751095268799708,0.154277503490448,42600,0.0,0.0
2018-04-10 00:00:00+08:00,0.154277503490448,0.154277503490448,0.154277503490448,0.154277503490448,0,0.0,0.0
2018-04-11 00:00:00+08:00,0.154277503490448,0.154277503490448,0.154277503490448,0.154277503490448,0,0.0,0.0
2018-04-12 00:00:00+08:00,0.154277503490448,0.154277503490448,0.154277503490448,0.154277503490448,0,0.0,0.0
2018-04-13 00:00:00+08:00,0.154277503490448,0.154277503490448,0.154277503490448,0.154277503490448,0,0.0,0.0
2018-04-16 00:00:00+08:00,0.154277503490448,0.154277503490448,0.154277503490448,0.154277503490448,0,0.0,0.0
2018-04-17 00:00:00+08:00,0.154277503490448,0.154277503490448,0.154277503490448,0.154277503490448,0,0.0,0.0
2018-04-18 00:00:00+08:00,0.154277503490448,0.154277503490448,0.154277503490448,0.154277503490448,0,0.0,0.0
2018-04-19 00:00:00+08:00,0.151570888018844,0.151570888018844,0.15021757781505585,0.15021757781505585,9300,0.0,0.0
2018-04-20 00:00:00+08:00,0.151570888018844,0.151570888018844,0.15021757781505585,0.15021757781505585,10000,0.0,0.0
2018-04-23 00:00:00+08:00,0.15833744406700134,0.16104408069327777,0.15833744406700134,0.15833744406700134,299200,0.0,0.0
2018-04-24 00:00:00+08:00,0.15833744406700134,0.15833744406700134,0.15698413382022847,0.15833744406700134,196400,0.0,0.0
2018-04-25 00:00:00+08:00,0.15833744406700134,0.15833744406700134,0.15833744406700134,0.15833744406700134,15000,0.0,0.0
2018-04-26 00:00:00+08:00,0.15698412060737613,0.15698412060737613,0.15563081047450705,0.1569841206073761,177700,0.0,0.0
2018-04-27 00:00:00+08:00,0.24571430200018324,0.24571430200018324,0.1569841339987946,0.16039682924747467,939700,0.35,0.0
2018-04-30 00:00:00+08:00,0.16039682924747467,0.16039682924747467,0.15357142857948042,0.16039682924747467,309400,0.0,0.0
2018-05-02 00:00:00+08:00,0.1569841339987946,0.16039682924747467,0.1569841339987946,0.16039682924747467,31000,0.0,0.0
2018-05-03 00:00:00+08:00,0.16039683079003783,0.16039683079003783,0.1569841355085373,0.1569841355085373,69900,0.0,0.0
2018-05-04 00:00:00+08:00,0.1569841339987946,0.16039682924747467,0.15357142857948042,0.16039682924747467,115200,0.0,0.0
2018-05-07 00:00:00+08:00,0.15357142837360643,0.1569841337883456,0.15015873312950134,0.15015873312950134,67000,0.0,0.0
2018-05-08 00:00:00+08:00,0.15015873477490205,0.1569841355085373,0.15015873477490205,0.1569841355085373,78000,0.0,0.0
2018-05-09 00:00:00+08:00,0.1569841355085373,0.1569841355085373,0.1569841355085373,0.1569841355085373,0,0.0,0.0
2018-05-10 00:00:00+08:00,0.15357142686843872,0.15357142686843872,0.15015873165778176,0.15357142686843872,116500,0.0,0.0
2018-05-11 00:00:00+08:00,0.16039683079003783,0.16039683079003783,0.1569841355085373,0.1569841355085373,138000,0.0,0.0
2018-05-14 00:00:00+08:00,0.1569841325519578,0.16380952298641205,0.1569841325519578,0.16380952298641205,37000,0.0,0.0
2018-05-15 00:00:00+08:00,0.16380952298641205,0.16380952298641205,0.1569841325519578,0.16380952298641205,48600,0.0,0.0
2018-05-16 00:00:00+08:00,0.16380952298641205,0.16380952298641205,0.16380952298641205,0.16380952298641205,119700,0.0,0.0
2018-05-17 00:00:00+08:00,0.16380952449615474,0.16380952449615474,0.16039682924747467,0.16039682924747467,106400,0.0,0.0
2018-05-18 00:00:00+08:00,0.16380952449615474,0.16380952449615474,0.16039682924747467,0.16039682924747467,8900,0.0,0.0
2018-05-21 00:00:00+08:00,0.16039682924747467,0.16039682924747467,0.16039682924747467,0.16039682924747467,0,0.0,0.0
2018-05-22 00:00:00+08:00,0.16380952298641205,0.16380952298641205,0.16380952298641205,0.16380952298641205,21000,0.0,0.0
2018-05-23 00:00:00+08:00,0.16039683079003783,0.16039683079003783,0.1569841355085373,0.1569841355085373,77400,0.0,0.0
2018-05-24 00:00:00+08:00,0.1569841325519578,0.16380952298641205,0.1569841325519578,0.16380952298641205,27600,0.0,0.0
2018-05-25 00:00:00+08:00,0.16380952298641205,0.16380952298641205,0.16380952298641205,0.16380952298641205,37400,0.0,0.0
2018-05-28 00:00:00+08:00,0.16380952298641205,0.16380952298641205,0.16380952298641205,0.16380952298641205,0,0.0,0.0
2018-05-30 00:00:00+08:00,0.16380952298641205,0.16380952298641205,0.16380952298641205,0.16380952298641205,0,0.0,0.0
2018-05-31 00:00:00+08:00,0.16380952449615474,0.16380952449615474,0.16039682924747467,0.16039682924747467,11000,0.0,0.0
2018-06-01 00:00:00+08:00,0.16039682924747467,0.16039682924747467,0.16039682924747467,0.16039682924747467,0,0.0,0.0
2018-06-04 00:00:00+08:00,0.16039682924747467,0.16039682924747467,0.16039682924747467,0.16039682924747467,0,0.0,0.0
2018-06-05 00:00:00+08:00,0.16380952617227715,0.16722223162651062,0.16380952617227715,0.16722223162651062,146100,0.0,0.0
2018-06-06 00:00:00+08:00,0.16722223162651062,0.16722223162651062,0.16722223162651062,0.16722223162651062,0,0.0,0.0
2018-06-07 00:00:00+08:00,0.16722223162651062,0.16722223162651062,0.16722223162651062,0.16722223162651062,0,0.0,0.0
2018-06-08 00:00:00+08:00,0.16380952617227715,0.16722223162651062,0.16380952617227715,0.16722223162651062,152300,0.0,0.0
2018-06-11 00:00:00+08:00,0.1979365065731201,0.20134920180590815,0.19452381134033203,0.19452381134033203,1799400,0.0,0.0
2018-06-12 00:00:00+08:00,0.19452381134033203,0.19452381134033203,0.19452381134033203,0.19452381134033203,192700,0.0,0.0
2018-06-13 00:00:00+08:00,0.19452380987223739,0.19793650507926944,0.19452380987223739,0.1979365050792694,225800,0.0,0.0
2018-06-14 00:00:00+08:00,0.19452381134033203,0.19452381134033203,0.19452381134033203,0.19452381134033203,196000,0.0,0.0
2018-06-18 00:00:00+08:00,0.19452380987223739,0.19793650507926944,0.19452380987223739,0.1979365050792694,135100,0.0,0.0
2018-06-19 00:00:00+08:00,0.19793650507926944,0.19793650507926944,0.19793650507926944,0.1979365050792694,33000,0.0,0.0
2018-06-20 00:00:00+08:00,0.19793650507926944,0.19793650507926944,0.19452380987223739,0.1979365050792694,140000,0.0,0.0
2018-06-21 00:00:00+08:00,0.1979365036360577,0.20476191434162366,0.1979365036360577,0.2013491988182068,219600,0.0,0.0
2018-06-22 00:00:00+08:00,0.1979365036360577,0.2013491988182068,0.1979365036360577,0.2013491988182068,18500,0.0,0.0
2018-06-25 00:00:00+08:00,0.2013491988182068,0.2013491988182068,0.2013491988182068,0.2013491988182068,50000,0.0,0.0
2018-06-26 00:00:00+08:00,0.1979365036360577,0.2013491988182068,0.1979365036360577,0.2013491988182068,161600,0.0,0.0
2018-06-27 00:00:00+08:00,0.2013491988182068,0.2013491988182068,0.2013491988182068,0.2013491988182068,0,0.0,0.0
2018-06-28 00:00:00+08:00,0.19793650507926944,0.20134920028630146,0.19793650507926944,0.1979365050792694,43000,0.0,0.0
2018-06-29 00:00:00+08:00,0.2013491988182068,0.2013491988182068,0.1979365036360577,0.2013491988182068,24000,0.0,0.0
2018-07-02 00:00:00+08:00,0.1979365113866386,0.20476192235946655,0.1979365113866386,0.20476192235946655,29000,0.0,0.0
2018-07-03 00:00:00+08:00,0.2013491988182068,0.2013491988182068,0.2013491988182068,0.2013491988182068,156600,0.0,0.0
2018-07-04 00:00:00+08:00,0.19793650507926944,0.19793650507926944,0.19793650507926944,0.1979365050792694,175000,0.0,0.0
2018-07-05 00:00:00+08:00,0.19793650507926944,0.19793650507926944,0.19793650507926944,0.1979365050792694,41000,0.0,0.0
2018-07-06 00:00:00+08:00,0.2013491988182068,0.2013491988182068,0.1945238084539086,0.2013491988182068,132000,0.0,0.0
2018-07-09 00:00:00+08:00,0.2013491988182068,0.2013491988182068,0.2013491988182068,0.2013491988182068,0,0.0,0.0
2018-07-10 00:00:00+08:00,0.19793650507926944,0.19793650507926944,0.19793650507926944,0.1979365050792694,20000,0.0,0.0
2018-07-11 00:00:00+08:00,0.19793650507926944,0.19793650507926944,0.19793650507926944,0.1979365050792694,30000,0.0,0.0
2018-07-12 00:00:00+08:00,0.19793650507926944,0.19793650507926944,0.19793650507926944,0.1979365050792694,80000,0.0,0.0
2018-07-13 00:00:00+08:00,0.19452380987223739,0.19793650507926944,0.19452380987223739,0.1979365050792694,77000,0.0,0.0
2018-07-16 00:00:00+08:00,0.2013491988182068,0.2013491988182068,0.2013491988182068,0.2013491988182068,300,0.0,0.0
2018-07-17 00:00:00+08:00,0.2013491988182068,0.2013491988182068,0.2013491988182068,0.2013491988182068,0,0.0,0.0
2018-07-18 00:00:00+08:00,0.2013491988182068,0.2013491988182068,0.2013491988182068,0.2013491988182068,0,0.0,0.0
2018-07-19 00:00:00+08:00,0.2013491988182068,0.2013491988182068,0.2013491988182068,0.2013491988182068,0,0.0,0.0
2018-07-20 00:00:00+08:00,0.2013491988182068,0.2013491988182068,0.2013491988182068,0.2013491988182068,0,0.0,0.0
2018-07-23 00:00:00+08:00,0.2013491988182068,0.2013491988182068,0.2013491988182068,0.2013491988182068,0,0.0,0.0
2018-07-24 00:00:00+08:00,0.2013491988182068,0.2013491988182068,0.2013491988182068,0.2013491988182068,0,0.0,0.0
2018-07-25 00:00:00+08:00,0.2013491988182068,0.2013491988182068,0.2013491988182068,0.2013491988182068,0,0.0,0.0
2018-07-26 00:00:00+08:00,0.2013491988182068,0.2013491988182068,0.2013491988182068,0.2013491988182068,0,0.0,0.0
2018-07-27 00:00:00+08:00,0.2013491988182068,0.2013491988182068,0.2013491988182068,0.2013491988182068,0,0.0,0.0
2018-07-30 00:00:00+08:00,0.2013491988182068,0.2013491988182068,0.2013491988182068,0.2013491988182068,0,0.0,0.0
2018-07-31 00:00:00+08:00,0.20817461104163348,0.20817461104163348,0.19793650507926944,0.1979365050792694,5900,0.0,0.0
2018-08-01 00:00:00+08:00,0.19793650507926944,0.19793650507926944,0.19793650507926944,0.1979365050792694,0,0.0,0.0
2018-08-02 00:00:00+08:00,0.19793650507926944,0.19793650507926944,0.19793650507926944,0.1979365050792694,0,0.0,0.0
2018-08-03 00:00:00+08:00,0.2047619173799643,0.2047619173799643,0.19452381134033203,0.19452381134033203,7800,0.0,0.0
2018-08-06 00:00:00+08:00,0.19452381134033203,0.19452381134033203,0.19452381134033203,0.19452381134033203,10000,0.0,0.0
2018-08-07 00:00:00+08:00,0.19452381134033203,0.19452381134033203,0.19452381134033203,0.19452381134033203,0,0.0,0.0
2018-08-08 00:00:00+08:00,0.19452381134033203,0.19452381134033203,0.19452381134033203,0.19452381134033203,0,0.0,0.0
2018-08-10 00:00:00+08:00,0.19452381134033203,0.19452381134033203,0.19452381134033203,0.19452381134033203,0,0.0,0.0
2018-08-13 00:00:00+08:00,0.1945238128608586,0.1945238128608586,0.19111111760139465,0.19111111760139465,194900,0.0,0.0
2018-08-14 00:00:00+08:00,0.19111111760139465,0.19111111760139465,0.19111111760139465,0.19111111760139465,0,0.0,0.0
2018-08-15 00:00:00+08:00,0.1945238128608586,0.1945238128608586,0.19111111760139465,0.19111111760139465,54000,0.0,0.0
2018-08-16 00:00:00+08:00,0.19452381134033203,0.19452381134033203,0.19452381134033203,0.19452381134033203,55000,0.0,0.0
2018-08-17 00:00:00+08:00,0.19452381134033203,0.19452381134033203,0.19452381134033203,0.19452381134033203,0,0.0,0.0
2018-08-20 00:00:00+08:00,0.19452381134033203,0.19452381134033203,0.19452381134033203,0.19452381134033203,0,0.0,0.0
2018-08-21 00:00:00+08:00,0.19452381134033203,0.19452381134033203,0.19452381134033203,0.19452381134033203,0,0.0,0.0
2018-08-23 00:00:00+08:00,0.1945238084539086,0.2013491988182068,0.1945238084539086,0.2013491988182068,732800,0.0,0.0
2018-08-24 00:00:00+08:00,0.2013491988182068,0.2013491988182068,0.2013491988182068,0.2013491988182068,0,0.0,0.0
2018-08-27 00:00:00+08:00,0.2047619208084741,0.20817461609840396,0.2047619208084741,0.20817461609840393,584300,0.0,0.0
2018-08-28 00:00:00+08:00,0.20817461767524623,0.20817461767524623,0.20476192235946655,0.20476192235946655,14200,0.0,0.0
2018-08-29 00:00:00+08:00,0.20476192235946655,0.20476192235946655,0.20476192235946655,0.20476192235946655,0,0.0,0.0
2018-08-30 00:00:00+08:00,0.20817461609840396,0.20817461609840396,0.2047619208084741,0.20817461609840393,3700,0.0,0.0
2018-08-31 00:00:00+08:00,0.2047619208084741,0.20817461609840396,0.2047619208084741,0.20817461609840393,20100,0.0,0.0
2018-09-03 00:00:00+08:00,0.2047619208084741,0.20817461609840396,0.2047619208084741,0.20817461609840393,150100,0.0,0.0
2018-09-04 00:00:00+08:00,0.2047619208084741,0.20817461609840396,0.2047619208084741,0.20817461609840393,190100,0.0,0.0
2018-09-05 00:00:00+08:00,0.20817461609840396,0.20817461609840396,0.20817461609840396,0.20817461609840393,0,0.0,0.0
2018-09-06 00:00:00+08:00,0.20817461609840396,0.20817461609840396,0.20817461609840396,0.20817461609840393,0,0.0,0.0
2018-09-07 00:00:00+08:00,0.2047619208084741,0.20817461609840396,0.2047619208084741,0.20817461609840393,149800,0.0,0.0
2018-09-10 00:00:00+08:00,0.20476192235946655,0.20476192235946655,0.20476192235946655,0.20476192235946655,95000,0.0,0.0
2018-09-11 00:00:00+08:00,0.20476192235946655,0.20476192235946655,0.20476192235946655,0.20476192235946655,158800,0.0,0.0
2018-09-12 00:00:00+08:00,0.20476192235946655,0.20476192235946655,0.20476192235946655,0.20476192235946655,0,0.0,0.0
2018-09-13 00:00:00+08:00,0.20476192235946655,0.20476192235946655,0.20476192235946655,0.20476192235946655,0,0.0,0.0
2018-09-14 00:00:00+08:00,0.20476192235946655,0.20476192235946655,0.20476192235946655,0.20476192235946655,0,0.0,0.0
2018-09-17 00:00:00+08:00,0.20476192235946655,0.20476192235946655,0.20476192235946655,0.20476192235946655,0,0.0,0.0
2018-09-18 00:00:00+08:00,0.20476192235946655,0.20476192235946655,0.20476192235946655,0.20476192235946655,0,0.0,0.0
2018-09-19 00:00:00+08:00,0.20476192235946655,0.20476192235946655,0.20476192235946655,0.20476192235946655,0,0.0,0.0
2018-09-20 00:00:00+08:00,0.2013491988182068,0.2013491988182068,0.2013491988182068,0.2013491988182068,37700,0.0,0.0
2018-09-21 00:00:00+08:00,0.2013491988182068,0.2013491988182068,0.2013491988182068,0.2013491988182068,0,0.0,0.0
2018-09-24 00:00:00+08:00,0.2013491988182068,0.2013491988182068,0.2013491988182068,0.2013491988182068,14300,0.0,0.0
2018-09-25 00:00:00+08:00,0.2013491988182068,0.2013491988182068,0.2013491988182068,0.2013491988182068,7700,0.0,0.0
2018-09-26 00:00:00+08:00,0.2013491988182068,0.2013491988182068,0.2013491988182068,0.2013491988182068,16500,0.0,0.0
2018-09-27 00:00:00+08:00,0.20817461609840396,0.21158731138833378,0.20817461609840396,0.20817461609840393,451500,0.0,0.0
2018-09-28 00:00:00+08:00,0.21158730983734134,0.21158730983734134,0.20817461457242747,0.2115873098373413,227100,0.0,0.0
2018-10-01 00:00:00+08:00,0.2150000035762787,0.2150000035762787,0.21158730833558667,0.2150000035762787,639500,0.0,0.0
2018-10-02 00:00:00+08:00,0.22499999403953552,0.22499999403953552,0.2150000035762787,0.2199999988079071,452100,0.1,0.0
2018-10-03 00:00:00+08:00,0.2199999988079071,0.2199999988079071,0.2199999988079071,0.2199999988079071,127000,0.0,0.0
2018-10-04 00:00:00+08:00,0.2199999988079071,0.2199999988079071,0.2199999988079071,0.2199999988079071,0,0.0,0.0
2018-10-05 00:00:00+08:00,0.2150000035762787,0.2150000035762787,0.2150000035762787,0.2150000035762787,10500,0.0,0.0
2018-10-08 00:00:00+08:00,0.2150000035762787,0.2150000035762787,0.2150000035762787,0.2150000035762787,10000,0.0,0.0
2018-10-09 00:00:00+08:00,0.20999999344348907,0.2150000035762787,0.20999999344348907,0.2150000035762787,24200,0.0,0.0
2018-10-10 00:00:00+08:00,0.2150000035762787,0.2150000035762787,0.2150000035762787,0.2150000035762787,0,0.0,0.0
2018-10-11 00:00:00+08:00,0.2150000035762787,0.2150000035762787,0.2150000035762787,0.2150000035762787,0,0.0,0.0
2018-10-12 00:00:00+08:00,0.2150000035762787,0.2150000035762787,0.2150000035762787,0.2150000035762787,0,0.0,0.0
2018-10-15 00:00:00+08:00,0.20999999344348907,0.20999999344348907,0.20999999344348907,0.20999999344348907,43500,0.0,0.0
2018-10-16 00:00:00+08:00,0.2199999988079071,0.2199999988079071,0.2199999988079071,0.2199999988079071,10000,0.0,0.0
2018-10-17 00:00:00+08:00,0.2199999988079071,0.2199999988079071,0.2199999988079071,0.2199999988079071,0,0.0,0.0
2018-10-18 00:00:00+08:00,0.2199999988079071,0.2199999988079071,0.2199999988079071,0.2199999988079071,0,0.0,0.0
2018-10-19 00:00:00+08:00,0.2199999988079071,0.2199999988079071,0.2199999988079071,0.2199999988079071,0,0.0,0.0
2018-10-22 00:00:00+08:00,0.2199999988079071,0.2199999988079071,0.2199999988079071,0.2199999988079071,0,0.0,0.0
2018-10-23 00:00:00+08:00,0.2199999988079071,0.2199999988079071,0.2199999988079071,0.2199999988079071,0,0.0,0.0
2018-10-24 00:00:00+08:00,0.20999999344348907,0.2150000035762787,0.20999999344348907,0.20999999344348907,109100,0.0,0.0
2018-10-25 00:00:00+08:00,0.20999999344348907,0.20999999344348907,0.20999999344348907,0.20999999344348907,43300,0.0,0.0
2018-10-26 00:00:00+08:00,0.20999999344348907,0.20999999344348907,0.20999999344348907,0.20999999344348907,106900,0.0,0.0
2018-10-29 00:00:00+08:00,0.20999999344348907,0.20999999344348907,0.20999999344348907,0.20999999344348907,0,0.0,0.0
2018-10-30 00:00:00+08:00,0.20999999344348907,0.20999999344348907,0.20999999344348907,0.20999999344348907,0,0.0,0.0
2018-10-31 00:00:00+08:00,0.2150000035762787,0.2150000035762787,0.2150000035762787,0.2150000035762787,10000,0.0,0.0
2018-11-01 00:00:00+08:00,0.20999999344348907,0.20999999344348907,0.20999999344348907,0.20999999344348907,20000,0.0,0.0
2018-11-02 00:00:00+08:00,0.20999999344348907,0.2150000035762787,0.20999999344348907,0.20999999344348907,36900,0.0,0.0
2018-11-05 00:00:00+08:00,0.2150000035762787,0.2150000035762787,0.20999999344348907,0.20999999344348907,11500,0.0,0.0
2018-11-07 00:00:00+08:00,0.20999999344348907,0.20999999344348907,0.20999999344348907,0.20999999344348907,0,0.0,0.0
2018-11-08 00:00:00+08:00,0.20999999344348907,0.20999999344348907,0.20999999344348907,0.20999999344348907,203200,0.0,0.0
2018-11-09 00:00:00+08:00,0.20999999344348907,0.20999999344348907,0.20999999344348907,0.20999999344348907,0,0.0,0.0
2018-11-12 00:00:00+08:00,0.20999999344348907,0.20999999344348907,0.20999999344348907,0.20999999344348907,0,0.0,0.0
2018-11-13 00:00:00+08:00,0.20999999344348907,0.20999999344348907,0.20999999344348907,0.20999999344348907,0,0.0,0.0
2018-11-14 00:00:00+08:00,0.20999999344348907,0.20999999344348907,0.20999999344348907,0.20999999344348907,0,0.0,0.0
2018-11-15 00:00:00+08:00,0.20999999344348907,0.20999999344348907,0.20999999344348907,0.20999999344348907,0,0.0,0.0
2018-11-16 00:00:00+08:00,0.20999999344348907,0.20999999344348907,0.20999999344348907,0.20999999344348907,0,0.0,0.0
2018-11-19 00:00:00+08:00,0.20999999344348907,0.20999999344348907,0.20999999344348907,0.20999999344348907,0,0.0,0.0
2018-11-20 00:00:00+08:00,0.20999999344348907,0.20999999344348907,0.20999999344348907,0.20999999344348907,0,0.0,0.0
2018-11-21 00:00:00+08:00,0.20999999344348907,0.20999999344348907,0.20999999344348907,0.20999999344348907,0,0.0,0.0
2018-11-22 00:00:00+08:00,0.20999999344348907,0.20999999344348907,0.20999999344348907,0.20999999344348907,0,0.0,0.0
2018-11-23 00:00:00+08:00,0.20999999344348907,0.20999999344348907,0.20999999344348907,0.20999999344348907,0,0.0,0.0
2018-11-26 00:00:00+08:00,0.20999999344348907,0.20999999344348907,0.20999999344348907,0.20999999344348907,0,0.0,0.0
2018-11-27 00:00:00+08:00,0.20999999344348907,0.20999999344348907,0.20999999344348907,0.20999999344348907,0,0.0,0.0
2018-11-28 00:00:00+08:00,0.20999999344348907,0.20999999344348907,0.20999999344348907,0.20999999344348907,0,0.0,0.0
2018-11-29 00:00:00+08:00,0.20999999344348907,0.20999999344348907,0.20999999344348907,0.20999999344348907,0,0.0,0.0
2018-11-30 00:00:00+08:00,0.20999999344348907,0.20999999344348907,0.20999999344348907,0.20999999344348907,0,0.0,0.0
2018-12-03 00:00:00+08:00,0.20999999344348907,0.20999999344348907,0.20999999344348907,0.20999999344348907,0,0.0,0.0
2018-12-04 00:00:00+08:00,0.20999999344348907,0.20999999344348907,0.20999999344348907,0.20999999344348907,0,0.0,0.0
2018-12-05 00:00:00+08:00,0.20999999344348907,0.20999999344348907,0.20999999344348907,0.20999999344348907,0,0.0,0.0
2018-12-06 00:00:00+08:00,0.20999999344348907,0.20999999344348907,0.20999999344348907,0.20999999344348907,0,0.0,0.0
2018-12-07 00:00:00+08:00,0.20999999344348907,0.20999999344348907,0.20999999344348907,0.20999999344348907,0,0.0,0.0
2018-12-10 00:00:00+08:00,0.20999999344348907,0.20999999344348907,0.20999999344348907,0.20999999344348907,0,0.0,0.0
2018-12-11 00:00:00+08:00,0.20999999344348907,0.20999999344348907,0.20999999344348907,0.20999999344348907,0,0.0,0.0
2018-12-12 00:00:00+08:00,0.20999999344348907,0.20999999344348907,0.20999999344348907,0.20999999344348907,0,0.0,0.0
2018-12-13 00:00:00+08:00,0.20999999344348907,0.20999999344348907,0.20999999344348907,0.20999999344348907,0,0.0,0.0
2018-12-14 00:00:00+08:00,0.20999999344348907,0.20999999344348907,0.20999999344348907,0.20999999344348907,0,0.0,0.0
2018-12-17 00:00:00+08:00,0.20999999344348907,0.20999999344348907,0.20999999344348907,0.20999999344348907,0,0.0,0.0
2018-12-18 00:00:00+08:00,0.20999999344348907,0.20999999344348907,0.20999999344348907,0.20999999344348907,0,0.0,0.0
2018-12-19 00:00:00+08:00,0.20999999344348907,0.20999999344348907,0.20999999344348907,0.20999999344348907,0,0.0,0.0
2018-12-20 00:00:00+08:00,0.20999999344348907,0.20999999344348907,0.20999999344348907,0.20999999344348907,0,0.0,0.0
2018-12-21 00:00:00+08:00,0.20999999344348907,0.20999999344348907,0.20999999344348907,0.20999999344348907,0,0.0,0.0
2018-12-24 00:00:00+08:00,0.20999999344348907,0.20999999344348907,0.20999999344348907,0.20999999344348907,0,0.0,0.0
2018-12-26 00:00:00+08:00,0.20999999344348907,0.20999999344348907,0.20999999344348907,0.20999999344348907,0,0.0,0.0
2018-12-27 00:00:00+08:00,0.20999999344348907,0.20999999344348907,0.20999999344348907,0.20999999344348907,0,0.0,0.0
2018-12-28 00:00:00+08:00,0.20999999344348907,0.20999999344348907,0.20999999344348907,0.20999999344348907,0,0.0,0.0
2018-12-31 00:00:00+08:00,0.20999999344348907,0.20999999344348907,0.20999999344348907,0.20999999344348907,0,0.0,0.0
2019-01-01 00:00:00+08:00,0.20999999344348907,0.20999999344348907,0.20999999344348907,0.20999999344348907,0,0.0,0.0
2019-01-02 00:00:00+08:00,0.20999999344348907,0.20999999344348907,0.20999999344348907,0.20999999344348907,0,0.0,0.0
2019-01-03 00:00:00+08:00,0.20999999344348907,0.20999999344348907,0.20999999344348907,0.20999999344348907,0,0.0,0.0
2019-01-04 00:00:00+08:00,0.20999999344348907,0.20999999344348907,0.20999999344348907,0.20999999344348907,0,0.0,0.0
2019-01-07 00:00:00+08:00,0.20999999344348907,0.20999999344348907,0.20999999344348907,0.20999999344348907,0,0.0,0.0
2019-01-08 00:00:00+08:00,0.20999999344348907,0.20999999344348907,0.20999999344348907,0.20999999344348907,0,0.0,0.0
2019-01-09 00:00:00+08:00,0.20999999344348907,0.20999999344348907,0.20999999344348907,0.20999999344348907,0,0.0,0.0
2019-01-10 00:00:00+08:00,0.20999999344348907,0.20999999344348907,0.20999999344348907,0.20999999344348907,0,0.0,0.0
2019-01-11 00:00:00+08:00,0.20999999344348907,0.20999999344348907,0.20999999344348907,0.20999999344348907,0,0.0,0.0
2019-01-14 00:00:00+08:00,0.20999999344348907,0.20999999344348907,0.20999999344348907,0.20999999344348907,0,0.0,0.0
2019-01-15 00:00:00+08:00,0.20999999344348907,0.20999999344348907,0.20999999344348907,0.20999999344348907,0,0.0,0.0
2019-01-16 00:00:00+08:00,0.20999999344348907,0.20999999344348907,0.20999999344348907,0.20999999344348907,0,0.0,0.0
2019-01-17 00:00:00+08:00,0.20999999344348907,0.20999999344348907,0.20999999344348907,0.20999999344348907,0,0.0,0.0
2019-01-18 00:00:00+08:00,0.20999999344348907,0.20999999344348907,0.20999999344348907,0.20999999344348907,0,0.0,0.0
2019-01-21 00:00:00+08:00,0.20999999344348907,0.20999999344348907,0.20999999344348907,0.20999999344348907,0,0.0,0.0
2019-01-22 00:00:00+08:00,0.20999999344348907,0.20999999344348907,0.20999999344348907,0.20999999344348907,0,0.0,0.0
2019-01-23 00:00:00+08:00,0.20999999344348907,0.20999999344348907,0.20999999344348907,0.20999999344348907,0,0.0,0.0
2019-01-24 00:00:00+08:00,0.20999999344348907,0.20999999344348907,0.20999999344348907,0.20999999344348907,0,0.0,0.0
2019-01-25 00:00:00+08:00,0.20999999344348907,0.20999999344348907,0.20999999344348907,0.20999999344348907,0,0.0,0.0
2019-01-28 00:00:00+08:00,0.20999999344348907,0.20999999344348907,0.20999999344348907,0.20999999344348907,0,0.0,0.0
2019-01-29 00:00:00+08:00,0.20999999344348907,0.20999999344348907,0.20999999344348907,0.20999999344348907,0,0.0,0.0
2019-01-30 00:00:00+08:00,0.20999999344348907,0.20999999344348907,0.20999999344348907,0.20999999344348907,0,0.0,0.0
2019-01-31 00:00:00+08:00,0.20999999344348907,0.20999999344348907,0.20999999344348907,0.20999999344348907,0,0.0,0.0
2019-02-01 00:00:00+08:00,0.20999999344348907,0.20999999344348907,0.20999999344348907,0.20999999344348907,0,0.0,0.0
2019-02-04 00:00:00+08:00,0.20999999344348907,0.20999999344348907,0.20999999344348907,0.20999999344348907,0,0.0,0.0
2019-02-05 00:00:00+08:00,0.20999999344348907,0.20999999344348907,0.20999999344348907,0.20999999344348907,0,0.0,0.0
2019-02-07 00:00:00+08:00,0.20999999344348907,0.20999999344348907,0.20999999344348907,0.20999999344348907,0,0.0,0.0
2019-02-08 00:00:00+08:00,0.2199999988079071,0.2199999988079071,0.2199999988079071,0.2199999988079071,25000,0.0,0.0
2019-02-11 00:00:00+08:00,0.2199999988079071,0.2199999988079071,0.2199999988079071,0.2199999988079071,0,0.0,0.0
2019-02-12 00:00:00+08:00,0.2199999988079071,0.2199999988079071,0.2199999988079071,0.2199999988079071,0,0.0,0.0
2019-02-13 00:00:00+08:00,0.2199999988079071,0.2199999988079071,0.2199999988079071,0.2199999988079071,0,0.0,0.0
2019-02-14 00:00:00+08:00,0.2199999988079071,0.2199999988079071,0.2199999988079071,0.2199999988079071,0,0.0,0.0
2019-02-15 00:00:00+08:00,0.2199999988079071,0.2199999988079071,0.2199999988079071,0.2199999988079071,0,0.0,0.0
2019-02-18 00:00:00+08:00,0.2199999988079071,0.2199999988079071,0.2199999988079071,0.2199999988079071,0,0.0,0.0
2019-02-19 00:00:00+08:00,0.2199999988079071,0.2199999988079071,0.2199999988079071,0.2199999988079071,0,0.0,0.0
2019-02-20 00:00:00+08:00,0.2199999988079071,0.2199999988079071,0.2199999988079071,0.2199999988079071,0,0.0,0.0
2019-02-21 00:00:00+08:00,0.2199999988079071,0.2199999988079071,0.2199999988079071,0.2199999988079071,0,0.0,0.0
2019-02-22 00:00:00+08:00,0.2199999988079071,0.2199999988079071,0.2199999988079071,0.2199999988079071,0,0.0,0.0
2019-02-25 00:00:00+08:00,0.2199999988079071,0.2199999988079071,0.2199999988079071,0.2199999988079071,0,0.0,0.0
2019-02-26 00:00:00+08:00,0.2199999988079071,0.2199999988079071,0.2199999988079071,0.2199999988079071,0,0.0,0.0
2019-02-27 00:00:00+08:00,0.2199999988079071,0.2199999988079071,0.2199999988079071,0.2199999988079071,0,0.0,0.0
2019-02-28 00:00:00+08:00,0.2199999988079071,0.2199999988079071,0.2199999988079071,0.2199999988079071,0,0.0,0.0
2019-03-01 00:00:00+08:00,0.2199999988079071,0.2199999988079071,0.2199999988079071,0.2199999988079071,0,0.0,0.0
2019-03-04 00:00:00+08:00,0.2199999988079071,0.2199999988079071,0.2199999988079071,0.2199999988079071,0,0.0,0.0
2019-03-05 00:00:00+08:00,0.2199999988079071,0.2199999988079071,0.2199999988079071,0.2199999988079071,0,0.0,0.0
2019-03-06 00:00:00+08:00,0.2199999988079071,0.2199999988079071,0.2199999988079071,0.2199999988079071,0,0.0,0.0
2019-03-07 00:00:00+08:00,0.2199999988079071,0.2199999988079071,0.2199999988079071,0.2199999988079071,0,0.0,0.0
2019-03-08 00:00:00+08:00,0.2199999988079071,0.2199999988079071,0.2199999988079071,0.2199999988079071,0,0.0,0.0
2019-03-11 00:00:00+08:00,0.2199999988079071,0.2199999988079071,0.2199999988079071,0.2199999988079071,0,0.0,0.0
2019-03-12 00:00:00+08:00,0.2199999988079071,0.2199999988079071,0.2199999988079071,0.2199999988079071,0,0.0,0.0
2019-03-13 00:00:00+08:00,0.2199999988079071,0.2199999988079071,0.2199999988079071,0.2199999988079071,0,0.0,0.0
2019-03-14 00:00:00+08:00,0.2199999988079071,0.2199999988079071,0.2199999988079071,0.2199999988079071,0,0.0,0.0
2019-03-15 00:00:00+08:00,0.2199999988079071,0.2199999988079071,0.2199999988079071,0.2199999988079071,0,0.0,0.0
2019-03-18 00:00:00+08:00,0.2199999988079071,0.2199999988079071,0.2199999988079071,0.2199999988079071,0,0.0,0.0
2019-03-19 00:00:00+08:00,0.2199999988079071,0.2199999988079071,0.2199999988079071,0.2199999988079071,0,0.0,0.0
2019-03-20 00:00:00+08:00,0.2199999988079071,0.2199999988079071,0.2199999988079071,0.2199999988079071,0,0.0,0.0
2019-03-21 00:00:00+08:00,0.2199999988079071,0.2199999988079071,0.2199999988079071,0.2199999988079071,0,0.0,0.0
2019-03-22 00:00:00+08:00,0.2199999988079071,0.2199999988079071,0.2199999988079071,0.2199999988079071,0,0.0,0.0
2019-03-25 00:00:00+08:00,0.2199999988079071,0.2199999988079071,0.2199999988079071,0.2199999988079071,0,0.0,0.0
2019-03-26 00:00:00+08:00,0.2199999988079071,0.2199999988079071,0.2199999988079071,0.2199999988079071,0,0.0,0.0
2019-03-27 00:00:00+08:00,0.2199999988079071,0.2199999988079071,0.2199999988079071,0.2199999988079071,0,0.0,0.0
2019-03-28 00:00:00+08:00,0.2199999988079071,0.2199999988079071,0.2199999988079071,0.2199999988079071,0,0.0,0.0
2019-03-29 00:00:00+08:00,0.2199999988079071,0.2199999988079071,0.2199999988079071,0.2199999988079071,0,0.0,0.0
2019-04-01 00:00:00+08:00,0.2199999988079071,0.2199999988079071,0.2199999988079071,0.2199999988079071,0,0.0,0.0
2019-04-02 00:00:00+08:00,0.2199999988079071,0.2199999988079071,0.2199999988079071,0.2199999988079071,0,0.0,0.0
2019-04-03 00:00:00+08:00,0.2199999988079071,0.2199999988079071,0.2199999988079071,0.2199999988079071,0,0.0,0.0
2019-04-04 00:00:00+08:00,0.2199999988079071,0.2199999988079071,0.2199999988079071,0.2199999988079071,0,0.0,0.0
2019-04-05 00:00:00+08:00,0.2199999988079071,0.2199999988079071,0.2199999988079071,0.2199999988079071,0,0.0,0.0
2019-04-08 00:00:00+08:00,0.2199999988079071,0.2199999988079071,0.2199999988079071,0.2199999988079071,0,0.0,0.0
2019-04-09 00:00:00+08:00,0.2199999988079071,0.2199999988079071,0.2199999988079071,0.2199999988079071,0,0.0,0.0
2019-04-10 00:00:00+08:00,0.2199999988079071,0.2199999988079071,0.2199999988079071,0.2199999988079071,0,0.0,0.0
2019-04-11 00:00:00+08:00,0.2199999988079071,0.2199999988079071,0.2199999988079071,0.2199999988079071,0,0.0,0.0
2019-04-12 00:00:00+08:00,0.2199999988079071,0.2199999988079071,0.2199999988079071,0.2199999988079071,0,0.0,0.0
2019-04-15 00:00:00+08:00,0.2199999988079071,0.2199999988079071,0.2199999988079071,0.2199999988079071,0,0.0,0.0
2019-04-16 00:00:00+08:00,0.2199999988079071,0.2199999988079071,0.2199999988079071,0.2199999988079071,0,0.0,0.0
2019-04-17 00:00:00+08:00,0.2199999988079071,0.2199999988079071,0.2199999988079071,0.2199999988079071,0,0.0,0.0
2019-04-18 00:00:00+08:00,0.2199999988079071,0.2199999988079071,0.2199999988079071,0.2199999988079071,0,0.0,0.0
2019-04-22 00:00:00+08:00,0.2199999988079071,0.2199999988079071,0.2199999988079071,0.2199999988079071,0,0.0,0.0
2019-04-23 00:00:00+08:00,0.2199999988079071,0.2199999988079071,0.2199999988079071,0.2199999988079071,0,0.0,0.0
2019-04-24 00:00:00+08:00,0.2199999988079071,0.2199999988079071,0.2199999988079071,0.2199999988079071,0,0.0,0.0
2019-04-25 00:00:00+08:00,0.2199999988079071,0.2199999988079071,0.2199999988079071,0.2199999988079071,0,0.0,0.0
2019-04-26 00:00:00+08:00,0.2199999988079071,0.2199999988079071,0.2199999988079071,0.2199999988079071,0,0.0,0.0
2019-04-29 00:00:00+08:00,0.2199999988079071,0.2199999988079071,0.2199999988079071,0.2199999988079071,0,0.0,0.0
2019-04-30 00:00:00+08:00,0.2199999988079071,0.2199999988079071,0.2199999988079071,0.2199999988079071,0,0.0,0.0
2019-05-02 00:00:00+08:00,0.1899999976158142,0.1899999976158142,0.1899999976158142,0.1899999976158142,4000,0.0,0.0
2019-05-03 00:00:00+08:00,0.1899999976158142,0.1899999976158142,0.1899999976158142,0.1899999976158142,6900,0.0,0.0
2019-05-06 00:00:00+08:00,0.1899999976158142,0.1899999976158142,0.1899999976158142,0.1899999976158142,0,0.0,0.0
2019-05-07 00:00:00+08:00,0.1899999976158142,0.1899999976158142,0.1899999976158142,0.1899999976158142,0,0.0,0.0
2019-05-08 00:00:00+08:00,0.1899999976158142,0.1899999976158142,0.1899999976158142,0.1899999976158142,0,0.0,0.0
2019-05-09 00:00:00+08:00,0.1899999976158142,0.1899999976158142,0.1899999976158142,0.1899999976158142,0,0.0,0.0
2019-05-10 00:00:00+08:00,0.1899999976158142,0.1899999976158142,0.1899999976158142,0.1899999976158142,0,0.0,0.0
2019-05-13 00:00:00+08:00,0.1899999976158142,0.1899999976158142,0.1899999976158142,0.1899999976158142,0,0.0,0.0
2019-05-14 00:00:00+08:00,0.1899999976158142,0.1899999976158142,0.1899999976158142,0.1899999976158142,0,0.0,0.0
2019-05-15 00:00:00+08:00,0.1899999976158142,0.1899999976158142,0.1899999976158142,0.1899999976158142,0,0.0,0.0
2019-05-16 00:00:00+08:00,0.1899999976158142,0.1899999976158142,0.1899999976158142,0.1899999976158142,0,0.0,0.0
2019-05-17 00:00:00+08:00,0.1899999976158142,0.1899999976158142,0.1899999976158142,0.1899999976158142,0,0.0,0.0
2019-05-21 00:00:00+08:00,0.1899999976158142,0.1899999976158142,0.1899999976158142,0.1899999976158142,0,0.0,0.0
2019-05-22 00:00:00+08:00,0.1899999976158142,0.1899999976158142,0.1899999976158142,0.1899999976158142,0,0.0,0.0
2019-05-23 00:00:00+08:00,0.1899999976158142,0.1899999976158142,0.1899999976158142,0.1899999976158142,0,0.0,0.0
2019-05-24 00:00:00+08:00,0.1899999976158142,0.1899999976158142,0.1899999976158142,0.1899999976158142,0,0.0,0.0
2019-05-27 00:00:00+08:00,0.1899999976158142,0.1899999976158142,0.1899999976158142,0.1899999976158142,0,0.0,0.0
2019-05-28 00:00:00+08:00,0.1899999976158142,0.1899999976158142,0.1899999976158142,0.1899999976158142,0,0.0,0.0
2019-05-29 00:00:00+08:00,0.1899999976158142,0.1899999976158142,0.1899999976158142,0.1899999976158142,0,0.0,0.0
2019-05-30 00:00:00+08:00,0.1899999976158142,0.1899999976158142,0.1899999976158142,0.1899999976158142,0,0.0,0.0
2019-05-31 00:00:00+08:00,0.1899999976158142,0.1899999976158142,0.1899999976158142,0.1899999976158142,0,0.0,0.0
2019-06-03 00:00:00+08:00,0.1899999976158142,0.1899999976158142,0.1899999976158142,0.1899999976158142,0,0.0,0.0
2019-06-04 00:00:00+08:00,0.1899999976158142,0.1899999976158142,0.1899999976158142,0.1899999976158142,0,0.0,0.0
2019-06-06 00:00:00+08:00,0.1899999976158142,0.1899999976158142,0.1899999976158142,0.1899999976158142,0,0.0,0.0
2019-06-07 00:00:00+08:00,0.1899999976158142,0.1899999976158142,0.1599999964237213,0.1599999964237213,5000,0.0,0.0
2019-06-10 00:00:00+08:00,0.1599999964237213,0.1599999964237213,0.1599999964237213,0.1599999964237213,9100,0.0,0.0
2019-06-11 00:00:00+08:00,0.1599999964237213,0.1599999964237213,0.1599999964237213,0.1599999964237213,0,0.0,0.0
2019-06-12 00:00:00+08:00,0.1599999964237213,0.1599999964237213,0.1599999964237213,0.1599999964237213,0,0.0,0.0
2019-06-13 00:00:00+08:00,0.1599999964237213,0.1599999964237213,0.1599999964237213,0.1599999964237213,0,0.0,0.0
2019-06-14 00:00:00+08:00,0.1599999964237213,0.1599999964237213,0.1599999964237213,0.1599999964237213,0,0.0,0.0
2019-06-17 00:00:00+08:00,0.1599999964237213,0.1599999964237213,0.1599999964237213,0.1599999964237213,0,0.0,0.0
2019-06-18 00:00:00+08:00,0.1599999964237213,0.1599999964237213,0.1599999964237213,0.1599999964237213,0,0.0,0.0
2019-06-19 00:00:00+08:00,0.1599999964237213,0.1599999964237213,0.1599999964237213,0.1599999964237213,0,0.0,0.0
2019-06-20 00:00:00+08:00,0.1550000011920929,0.1550000011920929,0.1550000011920929,0.1550000011920929,2600,0.0,0.0
2019-06-21 00:00:00+08:00,0.16500000655651093,0.17000000178813934,0.16500000655651093,0.17000000178813934,1900,0.0,0.0
2019-06-24 00:00:00+08:00,0.17000000178813934,0.17000000178813934,0.17000000178813934,0.17000000178813934,0,0.0,0.0
2019-06-25 00:00:00+08:00,0.17000000178813934,0.17000000178813934,0.17000000178813934,0.17000000178813934,0,0.0,0.0
2019-06-26 00:00:00+08:00,0.17000000178813934,0.17000000178813934,0.17000000178813934,0.17000000178813934,0,0.0,0.0
2019-06-27 00:00:00+08:00,0.17000000178813934,0.17000000178813934,0.17000000178813934,0.17000000178813934,0,0.0,0.0
2019-06-28 00:00:00+08:00,0.17000000178813934,0.17000000178813934,0.17000000178813934,0.17000000178813934,0,0.0,0.0
2019-07-01 00:00:00+08:00,0.17000000178813934,0.17000000178813934,0.17000000178813934,0.17000000178813934,0,0.0,0.0
2019-07-02 00:00:00+08:00,0.17000000178813934,0.17000000178813934,0.17000000178813934,0.17000000178813934,0,0.0,0.0
2019-07-03 00:00:00+08:00,0.17000000178813934,0.17000000178813934,0.17000000178813934,0.17000000178813934,0,0.0,0.0
2019-07-04 00:00:00+08:00,0.17000000178813934,0.17000000178813934,0.17000000178813934,0.17000000178813934,0,0.0,0.0
2019-07-05 00:00:00+08:00,0.17000000178813934,0.17000000178813934,0.17000000178813934,0.17000000178813934,0,0.0,0.0
2019-07-08 00:00:00+08:00,0.17000000178813934,0.17000000178813934,0.17000000178813934,0.17000000178813934,0,0.0,0.0
2019-07-09 00:00:00+08:00,0.17000000178813934,0.17000000178813934,0.17000000178813934,0.17000000178813934,0,0.0,0.0
2019-07-10 00:00:00+08:00,0.17000000178813934,0.17000000178813934,0.17000000178813934,0.17000000178813934,0,0.0,0.0
2019-07-11 00:00:00+08:00,0.17000000178813934,0.17000000178813934,0.17000000178813934,0.17000000178813934,0,0.0,0.0
2019-07-12 00:00:00+08:00,0.17000000178813934,0.17000000178813934,0.17000000178813934,0.17000000178813934,0,0.0,0.0
2019-07-15 00:00:00+08:00,0.15600000321865082,0.15700000524520874,0.15600000321865082,0.15700000524520874,2600,0.0,0.0
2019-07-16 00:00:00+08:00,0.15700000524520874,0.1599999964237213,0.15700000524520874,0.1599999964237213,13400,0.0,0.0
2019-07-17 00:00:00+08:00,0.1599999964237213,0.1599999964237213,0.1599999964237213,0.1599999964237213,0,0.0,0.0
2019-07-18 00:00:00+08:00,0.1599999964237213,0.1599999964237213,0.1599999964237213,0.1599999964237213,0,0.0,0.0
2019-07-19 00:00:00+08:00,0.1599999964237213,0.1599999964237213,0.1599999964237213,0.1599999964237213,0,0.0,0.0
2019-07-22 00:00:00+08:00,0.1889999955892563,0.1889999955892563,0.1889999955892563,0.1889999955892563,600,0.0,0.0
2019-07-23 00:00:00+08:00,0.1889999955892563,0.1889999955892563,0.1889999955892563,0.1889999955892563,0,0.0,0.0
2019-07-24 00:00:00+08:00,0.1889999955892563,0.1889999955892563,0.1889999955892563,0.1889999955892563,0,0.0,0.0
2019-07-25 00:00:00+08:00,0.1889999955892563,0.1889999955892563,0.1889999955892563,0.1889999955892563,0,0.0,0.0
2019-07-26 00:00:00+08:00,0.1889999955892563,0.1889999955892563,0.1889999955892563,0.1889999955892563,0,0.0,0.0
2019-07-29 00:00:00+08:00,0.1889999955892563,0.1889999955892563,0.1889999955892563,0.1889999955892563,0,0.0,0.0
2019-07-30 00:00:00+08:00,0.1889999955892563,0.1889999955892563,0.1889999955892563,0.1889999955892563,0,0.0,0.0
2019-07-31 00:00:00+08:00,0.1889999955892563,0.1889999955892563,0.1889999955892563,0.1889999955892563,0,0.0,0.0
2019-08-01 00:00:00+08:00,0.17900000512599945,0.17900000512599945,0.17900000512599945,0.17900000512599945,11800,0.0,0.0
2019-08-02 00:00:00+08:00,0.17900000512599945,0.17900000512599945,0.17900000512599945,0.17900000512599945,0,0.0,0.0
2019-08-05 00:00:00+08:00,0.17000000178813934,0.17000000178813934,0.17000000178813934,0.17000000178813934,800,0.0,0.0
2019-08-06 00:00:00+08:00,0.17000000178813934,0.17000000178813934,0.17000000178813934,0.17000000178813934,0,0.0,0.0
2019-08-07 00:00:00+08:00,0.17000000178813934,0.17000000178813934,0.17000000178813934,0.17000000178813934,0,0.0,0.0
2019-08-08 00:00:00+08:00,0.17000000178813934,0.17000000178813934,0.17000000178813934,0.17000000178813934,0,0.0,0.0
2019-08-13 00:00:00+08:00,0.1899999976158142,0.1899999976158142,0.1899999976158142,0.1899999976158142,800,0.0,0.0
2019-08-14 00:00:00+08:00,0.1899999976158142,0.1899999976158142,0.1899999976158142,0.1899999976158142,0,0.0,0.0
2019-08-15 00:00:00+08:00,0.1899999976158142,0.1899999976158142,0.1899999976158142,0.1899999976158142,200,0.0,0.0
2019-08-16 00:00:00+08:00,0.15600000321865082,0.15600000321865082,0.1509999930858612,0.1509999930858612,4000,0.0,0.0
2019-08-19 00:00:00+08:00,0.14800000190734863,0.14800000190734863,0.12800000607967377,0.12800000607967377,106800,0.0,0.0
2019-08-20 00:00:00+08:00,0.12800000607967377,0.12800000607967377,0.12800000607967377,0.12800000607967377,0,0.0,0.0
2019-08-21 00:00:00+08:00,0.1420000046491623,0.1420000046491623,0.14100000262260437,0.14100000262260437,15000,0.0,0.0
2019-08-22 00:00:00+08:00,0.14100000262260437,0.14100000262260437,0.14000000059604645,0.14000000059604645,10000,0.0,0.0
2019-08-23 00:00:00+08:00,0.1589999943971634,0.1589999943971634,0.1589999943971634,0.1589999943971634,8000,0.0,0.0
2019-08-26 00:00:00+08:00,0.1589999943971634,0.1589999943971634,0.1589999943971634,0.1589999943971634,0,0.0,0.0
2019-08-27 00:00:00+08:00,0.1589999943971634,0.1589999943971634,0.1589999943971634,0.1589999943971634,0,0.0,0.0
2019-08-28 00:00:00+08:00,0.13899999856948853,0.13899999856948853,0.13899999856948853,0.13899999856948853,2300,0.0,0.0
2019-08-29 00:00:00+08:00,0.13899999856948853,0.13899999856948853,0.13899999856948853,0.13899999856948853,0,0.0,0.0
2019-08-30 00:00:00+08:00,0.13899999856948853,0.13899999856948853,0.13899999856948853,0.13899999856948853,0,0.0,0.0
2019-09-02 00:00:00+08:00,0.13899999856948853,0.13899999856948853,0.13899999856948853,0.13899999856948853,0,0.0,0.0
2019-09-03 00:00:00+08:00,0.13899999856948853,0.13899999856948853,0.13899999856948853,0.13899999856948853,0,0.0,0.0
2019-09-04 00:00:00+08:00,0.13899999856948853,0.13899999856948853,0.13899999856948853,0.13899999856948853,0,0.0,0.0
2019-09-05 00:00:00+08:00,0.13899999856948853,0.13899999856948853,0.13899999856948853,0.13899999856948853,0,0.0,0.0
2019-09-06 00:00:00+08:00,0.13899999856948853,0.13899999856948853,0.13899999856948853,0.13899999856948853,0,0.0,0.0
2019-09-09 00:00:00+08:00,0.13899999856948853,0.13899999856948853,0.13899999856948853,0.13899999856948853,0,0.0,0.0
2019-09-10 00:00:00+08:00,0.14000000059604645,0.14000000059604645,0.14000000059604645,0.14000000059604645,1000,0.0,0.0
2019-09-11 00:00:00+08:00,0.14000000059604645,0.14000000059604645,0.14000000059604645,0.14000000059604645,0,0.0,0.0
2019-09-12 00:00:00+08:00,0.14000000059604645,0.14000000059604645,0.14000000059604645,0.14000000059604645,0,0.0,0.0
2019-09-13 00:00:00+08:00,0.14000000059604645,0.14000000059604645,0.14000000059604645,0.14000000059604645,0,0.0,0.0
2019-09-16 00:00:00+08:00,0.14000000059604645,0.14000000059604645,0.14000000059604645,0.14000000059604645,0,0.0,0.0
2019-09-17 00:00:00+08:00,0.14000000059604645,0.14000000059604645,0.14000000059604645,0.14000000059604645,0,0.0,0.0
2019-09-18 00:00:00+08:00,0.14000000059604645,0.14000000059604645,0.14000000059604645,0.14000000059604645,2500,0.0,0.0
2019-09-19 00:00:00+08:00,0.14000000059604645,0.14000000059604645,0.14000000059604645,0.14000000059604645,0,0.0,0.0
2019-09-20 00:00:00+08:00,0.14000000059604645,0.14000000059604645,0.14000000059604645,0.14000000059604645,0,0.0,0.0
2019-09-23 00:00:00+08:00,0.14000000059604645,0.14000000059604645,0.14000000059604645,0.14000000059604645,0,0.0,0.0
2019-09-24 00:00:00+08:00,0.14000000059604645,0.14000000059604645,0.14000000059604645,0.14000000059604645,0,0.0,0.0
2019-09-25 00:00:00+08:00,0.14000000059604645,0.14000000059604645,0.14000000059604645,0.14000000059604645,0,0.0,0.0
2019-09-26 00:00:00+08:00,0.14000000059604645,0.14000000059604645,0.14000000059604645,0.14000000059604645,0,0.0,0.0
2019-09-27 00:00:00+08:00,0.14000000059604645,0.14000000059604645,0.14000000059604645,0.14000000059604645,0,0.0,0.0
2019-09-30 00:00:00+08:00,0.14000000059604645,0.14000000059604645,0.14000000059604645,0.14000000059604645,0,0.0,0.0
2019-10-01 00:00:00+08:00,0.14000000059604645,0.14000000059604645,0.14000000059604645,0.14000000059604645,0,0.0,0.0
2019-10-02 00:00:00+08:00,0.14000000059604645,0.14000000059604645,0.14000000059604645,0.14000000059604645,0,0.0,0.0
2019-10-03 00:00:00+08:00,0.14000000059604645,0.14000000059604645,0.14000000059604645,0.14000000059604645,0,0.0,0.0
2019-10-04 00:00:00+08:00,0.14000000059604645,0.14000000059604645,0.14000000059604645,0.14000000059604645,0,0.0,0.0
2019-10-07 00:00:00+08:00,0.14000000059604645,0.14000000059604645,0.14000000059604645,0.14000000059604645,0,0.0,0.0
2019-10-08 00:00:00+08:00,0.14000000059604645,0.14000000059604645,0.14000000059604645,0.14000000059604645,0,0.0,0.0
2019-10-09 00:00:00+08:00,0.14000000059604645,0.14000000059604645,0.14000000059604645,0.14000000059604645,0,0.0,0.0
2019-10-10 00:00:00+08:00,0.14000000059604645,0.14000000059604645,0.14000000059604645,0.14000000059604645,0,0.0,0.0
2019-10-11 00:00:00+08:00,0.14000000059604645,0.14000000059604645,0.14000000059604645,0.14000000059604645,0,0.0,0.0
2019-10-14 00:00:00+08:00,0.14000000059604645,0.14000000059604645,0.14000000059604645,0.14000000059604645,0,0.0,0.0
2019-10-15 00:00:00+08:00,0.14000000059604645,0.14000000059604645,0.14000000059604645,0.14000000059604645,0,0.0,0.0
2019-10-16 00:00:00+08:00,0.14000000059604645,0.14000000059604645,0.14000000059604645,0.14000000059604645,0,0.0,0.0
2019-10-17 00:00:00+08:00,0.1599999964237213,0.1599999964237213,0.1599999964237213,0.1599999964237213,12500,0.0,0.0
2019-10-18 00:00:00+08:00,0.1599999964237213,0.1599999964237213,0.1599999964237213,0.1599999964237213,0,0.0,0.0
2019-10-21 00:00:00+08:00,0.1599999964237213,0.1599999964237213,0.1599999964237213,0.1599999964237213,0,0.0,0.0
2019-10-22 00:00:00+08:00,0.1599999964237213,0.1599999964237213,0.1599999964237213,0.1599999964237213,0,0.0,0.0
2019-10-23 00:00:00+08:00,0.1599999964237213,0.1599999964237213,0.1599999964237213,0.1599999964237213,0,0.0,0.0
2019-10-24 00:00:00+08:00,0.1599999964237213,0.1599999964237213,0.1599999964237213,0.1599999964237213,0,0.0,0.0
2019-10-25 00:00:00+08:00,0.16500000655651093,0.16500000655651093,0.16500000655651093,0.16500000655651093,19800,0.0,0.0
2019-10-29 00:00:00+08:00,0.16500000655651093,0.16500000655651093,0.16500000655651093,0.16500000655651093,0,0.0,0.0
2019-10-30 00:00:00+08:00,0.16500000655651093,0.16500000655651093,0.16500000655651093,0.16500000655651093,0,0.0,0.0
2019-10-31 00:00:00+08:00,0.1550000011920929,0.1550000011920929,0.1550000011920929,0.1550000011920929,10000,0.0,0.0
2019-11-01 00:00:00+08:00,0.1550000011920929,0.1550000011920929,0.1550000011920929,0.1550000011920929,0,0.0,0.0
2019-11-04 00:00:00+08:00,0.1550000011920929,0.1550000011920929,0.1550000011920929,0.1550000011920929,0,0.0,0.0
2019-11-05 00:00:00+08:00,0.1550000011920929,0.1550000011920929,0.1550000011920929,0.1550000011920929,0,0.0,0.0
2019-11-06 00:00:00+08:00,0.1550000011920929,0.1550000011920929,0.1550000011920929,0.1550000011920929,0,0.0,0.0
2019-11-07 00:00:00+08:00,0.1550000011920929,0.1550000011920929,0.1550000011920929,0.1550000011920929,0,0.0,0.0
2019-11-08 00:00:00+08:00,0.1550000011920929,0.1550000011920929,0.1550000011920929,0.1550000011920929,0,0.0,0.0
2019-11-11 00:00:00+08:00,0.1550000011920929,0.1550000011920929,0.1550000011920929,0.1550000011920929,0,0.0,0.0
2019-11-12 00:00:00+08:00,0.1550000011920929,0.1550000011920929,0.1550000011920929,0.1550000011920929,100000,0.0,0.0
2019-11-13 00:00:00+08:00,0.1550000011920929,0.1550000011920929,0.1550000011920929,0.1550000011920929,0,0.0,0.0
2019-11-14 00:00:00+08:00,0.1550000011920929,0.1550000011920929,0.1550000011920929,0.1550000011920929,0,0.0,0.0
2019-11-15 00:00:00+08:00,0.1550000011920929,0.1550000011920929,0.1550000011920929,0.1550000011920929,0,0.0,0.0
2019-11-18 00:00:00+08:00,0.1550000011920929,0.1550000011920929,0.1550000011920929,0.1550000011920929,0,0.0,0.0
2019-11-19 00:00:00+08:00,0.15000000596046448,0.15000000596046448,0.15000000596046448,0.15000000596046448,1300,0.0,0.0
2019-11-20 00:00:00+08:00,0.15000000596046448,0.15000000596046448,0.15000000596046448,0.15000000596046448,0,0.0,0.0
2019-11-21 00:00:00+08:00,0.15000000596046448,0.15000000596046448,0.15000000596046448,0.15000000596046448,0,0.0,0.0
2019-11-22 00:00:00+08:00,0.15000000596046448,0.15000000596046448,0.15000000596046448,0.15000000596046448,0,0.0,0.0
2019-11-25 00:00:00+08:00,0.14000000059604645,0.14000000059604645,0.14000000059604645,0.14000000059604645,5800,0.0,0.0
2019-11-26 00:00:00+08:00,0.14000000059604645,0.14000000059604645,0.13600000739097595,0.14000000059604645,11200,0.0,0.0
2019-11-27 00:00:00+08:00,0.14000000059604645,0.14000000059604645,0.14000000059604645,0.14000000059604645,0,0.0,0.0
2019-11-28 00:00:00+08:00,0.14000000059604645,0.14000000059604645,0.14000000059604645,0.14000000059604645,0,0.0,0.0
2019-11-29 00:00:00+08:00,0.14000000059604645,0.14000000059604645,0.14000000059604645,0.14000000059604645,0,0.0,0.0
2019-12-02 00:00:00+08:00,0.14000000059604645,0.14000000059604645,0.14000000059604645,0.14000000059604645,0,0.0,0.0
2019-12-03 00:00:00+08:00,0.14000000059604645,0.14000000059604645,0.14000000059604645,0.14000000059604645,0,0.0,0.0
2019-12-04 00:00:00+08:00,0.14000000059604645,0.14000000059604645,0.14000000059604645,0.14000000059604645,0,0.0,0.0
2019-12-05 00:00:00+08:00,0.14000000059604645,0.14000000059604645,0.14000000059604645,0.14000000059604645,0,0.0,0.0
2019-12-06 00:00:00+08:00,0.14000000059604645,0.14000000059604645,0.14000000059604645,0.14000000059604645,0,0.0,0.0
2019-12-09 00:00:00+08:00,0.14000000059604645,0.14000000059604645,0.14000000059604645,0.14000000059604645,0,0.0,0.0
2019-12-10 00:00:00+08:00,0.14000000059604645,0.14000000059604645,0.14000000059604645,0.14000000059604645,0,0.0,0.0
2019-12-11 00:00:00+08:00,0.14000000059604645,0.14000000059604645,0.14000000059604645,0.14000000059604645,4200,0.0,0.0
2019-12-12 00:00:00+08:00,0.14000000059604645,0.14000000059604645,0.14000000059604645,0.14000000059604645,0,0.0,0.0
2019-12-13 00:00:00+08:00,0.14000000059604645,0.14000000059604645,0.14000000059604645,0.14000000059604645,0,0.0,0.0
2019-12-16 00:00:00+08:00,0.14000000059604645,0.14000000059604645,0.14000000059604645,0.14000000059604645,0,0.0,0.0
2019-12-17 00:00:00+08:00,0.15000000596046448,0.15000000596046448,0.15000000596046448,0.15000000596046448,4600,0.0,0.0
2019-12-18 00:00:00+08:00,0.15000000596046448,0.15000000596046448,0.15000000596046448,0.15000000596046448,0,0.0,0.0
2019-12-19 00:00:00+08:00,0.15000000596046448,0.15000000596046448,0.15000000596046448,0.15000000596046448,0,0.0,0.0
2019-12-20 00:00:00+08:00,0.14000000059604645,0.14000000059604645,0.14000000059604645,0.14000000059604645,25000,0.0,0.0
2019-12-23 00:00:00+08:00,0.14000000059604645,0.14000000059604645,0.14000000059604645,0.14000000059604645,0,0.0,0.0
2019-12-24 00:00:00+08:00,0.14000000059604645,0.14000000059604645,0.14000000059604645,0.14000000059604645,0,0.0,0.0
2019-12-25 00:00:00+08:00,0.14000000059604645,0.14000000059604645,0.14000000059604645,0.14000000059604645,0,0.0,0.0
2019-12-26 00:00:00+08:00,0.14000000059604645,0.14000000059604645,0.14000000059604645,0.14000000059604645,0,0.0,0.0
2019-12-27 00:00:00+08:00,0.17000000178813934,0.1899999976158142,0.17000000178813934,0.1899999976158142,1000,0.0,0.0
2019-12-30 00:00:00+08:00,0.1899999976158142,0.1899999976158142,0.1899999976158142,0.1899999976158142,0,0.0,0.0
2019-12-31 00:00:00+08:00,0.1899999976158142,0.1899999976158142,0.1899999976158142,0.1899999976158142,0,0.0,0.0
2020-01-02 00:00:00+08:00,0.1899999976158142,0.1899999976158142,0.1899999976158142,0.1899999976158142,0,0.0,0.0
2020-01-03 00:00:00+08:00,0.1899999976158142,0.1899999976158142,0.1899999976158142,0.1899999976158142,0,0.0,0.0
2020-01-06 00:00:00+08:00,0.1899999976158142,0.1899999976158142,0.1899999976158142,0.1899999976158142,0,0.0,0.0
2020-01-07 00:00:00+08:00,0.1899999976158142,0.1899999976158142,0.1899999976158142,0.1899999976158142,0,0.0,0.0
2020-01-08 00:00:00+08:00,0.1899999976158142,0.1899999976158142,0.1899999976158142,0.1899999976158142,0,0.0,0.0
2020-01-09 00:00:00+08:00,0.1899999976158142,0.1899999976158142,0.1899999976158142,0.1899999976158142,0,0.0,0.0
2020-01-10 00:00:00+08:00,0.1899999976158142,0.1899999976158142,0.1899999976158142,0.1899999976158142,0,0.0,0.0
2020-01-13 00:00:00+08:00,0.1899999976158142,0.1899999976158142,0.1899999976158142,0.1899999976158142,0,0.0,0.0
2020-01-14 00:00:00+08:00,0.1899999976158142,0.1899999976158142,0.1899999976158142,0.1899999976158142,0,0.0,0.0
2020-01-15 00:00:00+08:00,0.1899999976158142,0.1899999976158142,0.1899999976158142,0.1899999976158142,0,0.0,0.0
2020-01-16 00:00:00+08:00,0.1899999976158142,0.1899999976158142,0.1899999976158142,0.1899999976158142,0,0.0,0.0
2020-01-17 00:00:00+08:00,0.1899999976158142,0.1899999976158142,0.1899999976158142,0.1899999976158142,0,0.0,0.0
2020-01-20 00:00:00+08:00,0.1899999976158142,0.1899999976158142,0.1899999976158142,0.1899999976158142,0,0.0,0.0
2020-01-21 00:00:00+08:00,0.1899999976158142,0.1899999976158142,0.1899999976158142,0.1899999976158142,0,0.0,0.0
2020-01-22 00:00:00+08:00,0.1899999976158142,0.1899999976158142,0.1899999976158142,0.1899999976158142,0,0.0,0.0
2020-01-23 00:00:00+08:00,0.1899999976158142,0.1899999976158142,0.1899999976158142,0.1899999976158142,0,0.0,0.0
2020-01-24 00:00:00+08:00,0.1899999976158142,0.1899999976158142,0.1899999976158142,0.1899999976158142,0,0.0,0.0
2020-01-28 00:00:00+08:00,0.1899999976158142,0.1899999976158142,0.1899999976158142,0.1899999976158142,0,0.0,0.0
2020-01-29 00:00:00+08:00,0.1899999976158142,0.1899999976158142,0.1899999976158142,0.1899999976158142,0,0.0,0.0
2020-01-30 00:00:00+08:00,0.1899999976158142,0.1899999976158142,0.1899999976158142,0.1899999976158142,0,0.0,0.0
2020-01-31 00:00:00+08:00,0.1899999976158142,0.1899999976158142,0.1899999976158142,0.1899999976158142,0,0.0,0.0
2020-02-03 00:00:00+08:00,0.1899999976158142,0.1899999976158142,0.1899999976158142,0.1899999976158142,0,0.0,0.0
2020-02-04 00:00:00+08:00,0.1899999976158142,0.1899999976158142,0.1899999976158142,0.1899999976158142,0,0.0,0.0
2020-02-05 00:00:00+08:00,0.1899999976158142,0.1899999976158142,0.1899999976158142,0.1899999976158142,0,0.0,0.0
2020-02-06 00:00:00+08:00,0.1899999976158142,0.1899999976158142,0.1899999976158142,0.1899999976158142,0,0.0,0.0
2020-02-07 00:00:00+08:00,0.1899999976158142,0.1899999976158142,0.1899999976158142,0.1899999976158142,0,0.0,0.0
2020-02-10 00:00:00+08:00,0.1899999976158142,0.1899999976158142,0.1899999976158142,0.1899999976158142,0,0.0,0.0
2020-02-11 00:00:00+08:00,0.1899999976158142,0.1899999976158142,0.1899999976158142,0.1899999976158142,0,0.0,0.0
2020-02-12 00:00:00+08:00,0.1899999976158142,0.1899999976158142,0.1899999976158142,0.1899999976158142,0,0.0,0.0
2020-02-13 00:00:00+08:00,0.1899999976158142,0.1899999976158142,0.1899999976158142,0.1899999976158142,0,0.0,0.0
2020-02-14 00:00:00+08:00,0.1899999976158142,0.1899999976158142,0.1899999976158142,0.1899999976158142,0,0.0,0.0
2020-02-17 00:00:00+08:00,0.1899999976158142,0.1899999976158142,0.1899999976158142,0.1899999976158142,0,0.0,0.0
2020-02-18 00:00:00+08:00,0.1899999976158142,0.1899999976158142,0.1899999976158142,0.1899999976158142,0,0.0,0.0
2020-02-19 00:00:00+08:00,0.1899999976158142,0.1899999976158142,0.1899999976158142,0.1899999976158142,0,0.0,0.0
2020-02-20 00:00:00+08:00,0.1899999976158142,0.1899999976158142,0.1899999976158142,0.1899999976158142,0,0.0,0.0
2020-02-21 00:00:00+08:00,0.1899999976158142,0.1899999976158142,0.1899999976158142,0.1899999976158142,0,0.0,0.0
2020-02-24 00:00:00+08:00,0.1899999976158142,0.1899999976158142,0.1899999976158142,0.1899999976158142,0,0.0,0.0
2020-02-25 00:00:00+08:00,0.1899999976158142,0.1899999976158142,0.1899999976158142,0.1899999976158142,0,0.0,0.0
2020-02-26 00:00:00+08:00,0.1899999976158142,0.1899999976158142,0.1899999976158142,0.1899999976158142,0,0.0,0.0
2020-02-27 00:00:00+08:00,0.1899999976158142,0.1899999976158142,0.1899999976158142,0.1899999976158142,0,0.0,0.0
2020-02-28 00:00:00+08:00,0.13600000739097595,0.13600000739097595,0.13600000739097595,0.13600000739097595,100,0.0,0.0
2020-03-02 00:00:00+08:00,0.13600000739097595,0.13600000739097595,0.13600000739097595,0.13600000739097595,0,0.0,0.0
2020-03-03 00:00:00+08:00,0.13600000739097595,0.13600000739097595,0.13600000739097595,0.13600000739097595,0,0.0,0.0
2020-03-04 00:00:00+08:00,0.1599999964237213,0.1599999964237213,0.1599999964237213,0.1599999964237213,4900,0.0,0.0
2020-03-05 00:00:00+08:00,0.17000000178813934,0.17000000178813934,0.17000000178813934,0.17000000178813934,21000,0.0,0.0
2020-03-06 00:00:00+08:00,0.17000000178813934,0.17000000178813934,0.17000000178813934,0.17000000178813934,0,0.0,0.0
2020-03-09 00:00:00+08:00,0.17000000178813934,0.17000000178813934,0.17000000178813934,0.17000000178813934,0,0.0,0.0
2020-03-10 00:00:00+08:00,0.17000000178813934,0.17000000178813934,0.17000000178813934,0.17000000178813934,0,0.0,0.0
2020-03-11 00:00:00+08:00,0.1899999976158142,0.1899999976158142,0.1899999976158142,0.1899999976158142,9700,0.0,0.0
2020-03-12 00:00:00+08:00,0.1899999976158142,0.1899999976158142,0.1899999976158142,0.1899999976158142,0,0.0,0.0
2020-03-13 00:00:00+08:00,0.1899999976158142,0.1899999976158142,0.1899999976158142,0.1899999976158142,0,0.0,0.0
2020-03-16 00:00:00+08:00,0.1899999976158142,0.1899999976158142,0.1899999976158142,0.1899999976158142,0,0.0,0.0
2020-03-17 00:00:00+08:00,0.1899999976158142,0.1899999976158142,0.1899999976158142,0.1899999976158142,8000,0.0,0.0
2020-03-18 00:00:00+08:00,0.1899999976158142,0.1899999976158142,0.1899999976158142,0.1899999976158142,0,0.0,0.0
2020-03-19 00:00:00+08:00,0.1899999976158142,0.1899999976158142,0.1899999976158142,0.1899999976158142,0,0.0,0.0
2020-03-20 00:00:00+08:00,0.1899999976158142,0.1899999976158142,0.1899999976158142,0.1899999976158142,0,0.0,0.0
2020-03-23 00:00:00+08:00,0.1899999976158142,0.1899999976158142,0.1899999976158142,0.1899999976158142,0,0.0,0.0
2020-03-24 00:00:00+08:00,0.1899999976158142,0.1899999976158142,0.1899999976158142,0.1899999976158142,0,0.0,0.0
2020-03-25 00:00:00+08:00,0.1899999976158142,0.1899999976158142,0.1899999976158142,0.1899999976158142,0,0.0,0.0
2020-03-26 00:00:00+08:00,0.1899999976158142,0.1899999976158142,0.1899999976158142,0.1899999976158142,0,0.0,0.0
2020-03-27 00:00:00+08:00,0.1899999976158142,0.1899999976158142,0.1899999976158142,0.1899999976158142,0,0.0,0.0
2020-03-30 00:00:00+08:00,0.1899999976158142,0.1899999976158142,0.1899999976158142,0.1899999976158142,0,0.0,0.0
2020-03-31 00:00:00+08:00,0.1899999976158142,0.1899999976158142,0.1899999976158142,0.1899999976158142,0,0.0,0.0
2020-04-01 00:00:00+08:00,0.1899999976158142,0.1899999976158142,0.1899999976158142,0.1899999976158142,0,0.0,0.0
2020-04-02 00:00:00+08:00,0.1899999976158142,0.1899999976158142,0.1899999976158142,0.1899999976158142,0,0.0,0.0
2020-04-03 00:00:00+08:00,0.1899999976158142,0.1899999976158142,0.1899999976158142,0.1899999976158142,0,0.0,0.0
2020-04-06 00:00:00+08:00,0.1899999976158142,0.1899999976158142,0.1899999976158142,0.1899999976158142,0,0.0,0.0
2020-04-07 00:00:00+08:00,0.1899999976158142,0.1899999976158142,0.1899999976158142,0.1899999976158142,0,0.0,0.0
2020-04-08 00:00:00+08:00,0.1899999976158142,0.1899999976158142,0.1899999976158142,0.1899999976158142,0,0.0,0.0
2020-04-09 00:00:00+08:00,0.1899999976158142,0.1899999976158142,0.1899999976158142,0.1899999976158142,0,0.0,0.0
2020-04-13 00:00:00+08:00,0.1899999976158142,0.1899999976158142,0.1899999976158142,0.1899999976158142,0,0.0,0.0
2020-04-14 00:00:00+08:00,0.1899999976158142,0.1899999976158142,0.1899999976158142,0.1899999976158142,0,0.0,0.0
2020-04-15 00:00:00+08:00,0.1899999976158142,0.1899999976158142,0.1899999976158142,0.1899999976158142,0,0.0,0.0
2020-04-16 00:00:00+08:00,0.1899999976158142,0.1899999976158142,0.1899999976158142,0.1899999976158142,0,0.0,0.0
2020-04-17 00:00:00+08:00,0.1899999976158142,0.1899999976158142,0.1899999976158142,0.1899999976158142,0,0.0,0.0
2020-04-20 00:00:00+08:00,0.1899999976158142,0.1899999976158142,0.1899999976158142,0.1899999976158142,0,0.0,0.0
2020-04-21 00:00:00+08:00,0.1899999976158142,0.1899999976158142,0.1899999976158142,0.1899999976158142,0,0.0,0.0
2020-04-22 00:00:00+08:00,0.1899999976158142,0.1899999976158142,0.1899999976158142,0.1899999976158142,0,0.0,0.0
2020-04-23 00:00:00+08:00,0.1899999976158142,0.1899999976158142,0.1899999976158142,0.1899999976158142,0,0.0,0.0
2020-04-24 00:00:00+08:00,0.1899999976158142,0.1899999976158142,0.1899999976158142,0.1899999976158142,0,0.0,0.0
2020-04-27 00:00:00+08:00,0.1899999976158142,0.1899999976158142,0.1899999976158142,0.1899999976158142,0,0.0,0.0
2020-04-28 00:00:00+08:00,0.1899999976158142,0.1899999976158142,0.1899999976158142,0.1899999976158142,0,0.0,0.0
2020-04-29 00:00:00+08:00,0.1899999976158142,0.1899999976158142,0.1899999976158142,0.1899999976158142,0,0.0,0.0
2020-04-30 00:00:00+08:00,0.1899999976158142,0.1899999976158142,0.1899999976158142,0.1899999976158142,0,0.0,0.0
2020-05-04 00:00:00+08:00,0.1899999976158142,0.1899999976158142,0.1899999976158142,0.1899999976158142,0,0.0,0.0
2020-05-05 00:00:00+08:00,0.1899999976158142,0.1899999976158142,0.1899999976158142,0.1899999976158142,0,0.0,0.0
2020-05-06 00:00:00+08:00,0.1899999976158142,0.1899999976158142,0.1899999976158142,0.1899999976158142,0,0.0,0.0
2020-05-08 00:00:00+08:00,0.1899999976158142,0.1899999976158142,0.1899999976158142,0.1899999976158142,0,0.0,0.0
2020-05-11 00:00:00+08:00,0.1899999976158142,0.1899999976158142,0.1899999976158142,0.1899999976158142,0,0.0,0.0
2020-05-12 00:00:00+08:00,0.1899999976158142,0.1899999976158142,0.1899999976158142,0.1899999976158142,0,0.0,0.0
2020-05-13 00:00:00+08:00,0.1899999976158142,0.1899999976158142,0.1899999976158142,0.1899999976158142,0,0.0,0.0
2020-05-14 00:00:00+08:00,0.1899999976158142,0.1899999976158142,0.1899999976158142,0.1899999976158142,0,0.0,0.0
2020-05-15 00:00:00+08:00,0.1899999976158142,0.1899999976158142,0.1899999976158142,0.1899999976158142,0,0.0,0.0
2020-05-18 00:00:00+08:00,0.1899999976158142,0.1899999976158142,0.1899999976158142,0.1899999976158142,0,0.0,0.0
2020-05-19 00:00:00+08:00,0.1899999976158142,0.1899999976158142,0.1899999976158142,0.1899999976158142,0,0.0,0.0
2020-05-20 00:00:00+08:00,0.1899999976158142,0.1899999976158142,0.1899999976158142,0.1899999976158142,0,0.0,0.0
2020-05-21 00:00:00+08:00,0.1899999976158142,0.1899999976158142,0.1899999976158142,0.1899999976158142,0,0.0,0.0
2020-05-22 00:00:00+08:00,0.1899999976158142,0.1899999976158142,0.1899999976158142,0.1899999976158142,0,0.0,0.0
2020-05-26 00:00:00+08:00,0.1899999976158142,0.1899999976158142,0.1899999976158142,0.1899999976158142,0,0.0,0.0
2020-05-27 00:00:00+08:00,0.1899999976158142,0.1899999976158142,0.1899999976158142,0.1899999976158142,0,0.0,0.0
2020-05-28 00:00:00+08:00,0.1899999976158142,0.1899999976158142,0.1899999976158142,0.1899999976158142,0,0.0,0.0
2020-05-29 00:00:00+08:00,0.1899999976158142,0.1899999976158142,0.1899999976158142,0.1899999976158142,0,0.0,0.0
2020-06-01 00:00:00+08:00,0.1899999976158142,0.1899999976158142,0.1899999976158142,0.1899999976158142,0,0.0,0.0
2020-06-02 00:00:00+08:00,0.1899999976158142,0.1899999976158142,0.1899999976158142,0.1899999976158142,0,0.0,0.0
2020-06-03 00:00:00+08:00,0.1899999976158142,0.1899999976158142,0.1899999976158142,0.1899999976158142,0,0.0,0.0
2020-06-04 00:00:00+08:00,0.1899999976158142,0.1899999976158142,0.1899999976158142,0.1899999976158142,0,0.0,0.0
2020-06-05 00:00:00+08:00,0.1899999976158142,0.1899999976158142,0.1899999976158142,0.1899999976158142,0,0.0,0.0
2020-06-08 00:00:00+08:00,0.1899999976158142,0.1899999976158142,0.1899999976158142,0.1899999976158142,0,0.0,0.0
2020-06-09 00:00:00+08:00,0.1899999976158142,0.1899999976158142,0.1899999976158142,0.1899999976158142,0,0.0,0.0
2020-06-10 00:00:00+08:00,0.1899999976158142,0.1899999976158142,0.1899999976158142,0.1899999976158142,0,0.0,0.0
2020-06-11 00:00:00+08:00,0.1899999976158142,0.1899999976158142,0.1899999976158142,0.1899999976158142,0,0.0,0.0
2020-06-12 00:00:00+08:00,0.1899999976158142,0.1899999976158142,0.1899999976158142,0.1899999976158142,0,0.0,0.0
2020-06-15 00:00:00+08:00,0.1899999976158142,0.1899999976158142,0.1899999976158142,0.1899999976158142,0,0.0,0.0
2020-06-16 00:00:00+08:00,0.1899999976158142,0.1899999976158142,0.1899999976158142,0.1899999976158142,0,0.0,0.0
2020-06-17 00:00:00+08:00,0.1899999976158142,0.1899999976158142,0.1899999976158142,0.1899999976158142,0,0.0,0.0
2020-06-18 00:00:00+08:00,0.1899999976158142,0.1899999976158142,0.1899999976158142,0.1899999976158142,0,0.0,0.0
2020-06-19 00:00:00+08:00,0.1899999976158142,0.1899999976158142,0.1899999976158142,0.1899999976158142,0,0.0,0.0
2020-06-22 00:00:00+08:00,0.1899999976158142,0.1899999976158142,0.1899999976158142,0.1899999976158142,0,0.0,0.0
2020-06-23 00:00:00+08:00,0.10999999940395355,0.10999999940395355,0.10999999940395355,0.10999999940395355,3000,0.0,0.0
2020-06-24 00:00:00+08:00,0.10999999940395355,0.10999999940395355,0.10999999940395355,0.10999999940395355,0,0.0,0.0
2020-06-25 00:00:00+08:00,0.10999999940395355,0.10999999940395355,0.10999999940395355,0.10999999940395355,0,0.0,0.0
2020-06-26 00:00:00+08:00,0.08299999684095383,0.09000000357627869,0.08299999684095383,0.09000000357627869,26000,0.0,0.0
2020-06-29 00:00:00+08:00,0.0949999988079071,0.0949999988079071,0.0949999988079071,0.0949999988079071,400,0.0,0.0
2020-06-30 00:00:00+08:00,0.0949999988079071,0.0949999988079071,0.0949999988079071,0.0949999988079071,0,0.0,0.0
2020-07-01 00:00:00+08:00,0.0949999988079071,0.0949999988079071,0.0949999988079071,0.0949999988079071,0,0.0,0.0
2020-07-02 00:00:00+08:00,0.0949999988079071,0.0949999988079071,0.0949999988079071,0.0949999988079071,0,0.0,0.0
2020-07-03 00:00:00+08:00,0.0949999988079071,0.0949999988079071,0.0949999988079071,0.0949999988079071,0,0.0,0.0
2020-07-06 00:00:00+08:00,0.0949999988079071,0.0949999988079071,0.0949999988079071,0.0949999988079071,0,0.0,0.0
2020-07-07 00:00:00+08:00,0.10999999940395355,0.10999999940395355,0.10999999940395355,0.10999999940395355,1000,0.0,0.0
2020-07-08 00:00:00+08:00,0.10999999940395355,0.10999999940395355,0.10999999940395355,0.10999999940395355,0,0.0,0.0
2020-07-09 00:00:00+08:00,0.10999999940395355,0.10999999940395355,0.10999999940395355,0.10999999940395355,0,0.0,0.0
2020-07-13 00:00:00+08:00,0.10999999940395355,0.10999999940395355,0.10999999940395355,0.10999999940395355,0,0.0,0.0
2020-07-14 00:00:00+08:00,0.10999999940395355,0.10999999940395355,0.10999999940395355,0.10999999940395355,0,0.0,0.0
2020-07-15 00:00:00+08:00,0.10999999940395355,0.10999999940395355,0.10999999940395355,0.10999999940395355,0,0.0,0.0
2020-07-16 00:00:00+08:00,0.10999999940395355,0.10999999940395355,0.10999999940395355,0.10999999940395355,0,0.0,0.0
2020-07-17 00:00:00+08:00,0.10999999940395355,0.10999999940395355,0.10999999940395355,0.10999999940395355,0,0.0,0.0
2020-07-20 00:00:00+08:00,0.10999999940395355,0.10999999940395355,0.10999999940395355,0.10999999940395355,0,0.0,0.0
2020-07-21 00:00:00+08:00,0.14000000059604645,0.14000000059604645,0.14000000059604645,0.14000000059604645,2000,0.0,0.0
2020-07-22 00:00:00+08:00,0.14000000059604645,0.14000000059604645,0.14000000059604645,0.14000000059604645,0,0.0,0.0
2020-07-23 00:00:00+08:00,0.14000000059604645,0.14000000059604645,0.14000000059604645,0.14000000059604645,0,0.0,0.0
2020-07-24 00:00:00+08:00,0.14000000059604645,0.14000000059604645,0.14000000059604645,0.14000000059604645,0,0.0,0.0
2020-07-27 00:00:00+08:00,0.14000000059604645,0.14000000059604645,0.14000000059604645,0.14000000059604645,0,0.0,0.0
2020-07-28 00:00:00+08:00,0.14000000059604645,0.14000000059604645,0.14000000059604645,0.14000000059604645,0,0.0,0.0
2020-07-29 00:00:00+08:00,0.14000000059604645,0.14000000059604645,0.14000000059604645,0.14000000059604645,0,0.0,0.0
2020-07-30 00:00:00+08:00,0.14000000059604645,0.14000000059604645,0.14000000059604645,0.14000000059604645,0,0.0,0.0
2020-08-03 00:00:00+08:00,0.14000000059604645,0.14000000059604645,0.14000000059604645,0.14000000059604645,0,0.0,0.0
2020-08-04 00:00:00+08:00,0.14000000059604645,0.14000000059604645,0.14000000059604645,0.14000000059604645,0,0.0,0.0
2020-08-05 00:00:00+08:00,0.14000000059604645,0.14000000059604645,0.14000000059604645,0.14000000059604645,0,0.0,0.0
2020-08-06 00:00:00+08:00,0.14000000059604645,0.14000000059604645,0.14000000059604645,0.14000000059604645,0,0.0,0.0
2020-08-07 00:00:00+08:00,0.14000000059604645,0.14000000059604645,0.14000000059604645,0.14000000059604645,0,0.0,0.0
2020-08-11 00:00:00+08:00,0.14000000059604645,0.14000000059604645,0.14000000059604645,0.14000000059604645,0,0.0,0.0
2020-08-12 00:00:00+08:00,0.14000000059604645,0.14000000059604645,0.14000000059604645,0.14000000059604645,0,0.0,0.0
2020-08-13 00:00:00+08:00,0.14000000059604645,0.14000000059604645,0.14000000059604645,0.14000000059604645,0,0.0,0.0
2020-08-14 00:00:00+08:00,0.14000000059604645,0.14000000059604645,0.14000000059604645,0.14000000059604645,0,0.0,0.0
2020-08-17 00:00:00+08:00,0.14000000059604645,0.14000000059604645,0.14000000059604645,0.14000000059604645,0,0.0,0.0
2020-08-18 00:00:00+08:00,0.14000000059604645,0.14000000059604645,0.14000000059604645,0.14000000059604645,0,0.0,0.0
2020-08-19 00:00:00+08:00,0.14000000059604645,0.14000000059604645,0.14000000059604645,0.14000000059604645,0,0.0,0.0
2020-08-20 00:00:00+08:00,0.14000000059604645,0.14000000059604645,0.14000000059604645,0.14000000059604645,0,0.0,0.0
2020-08-21 00:00:00+08:00,0.14000000059604645,0.14000000059604645,0.14000000059604645,0.14000000059604645,0,0.0,0.0
2020-08-24 00:00:00+08:00,0.14000000059604645,0.14000000059604645,0.14000000059604645,0.14000000059604645,0,0.0,0.0
2020-08-25 00:00:00+08:00,0.14000000059604645,0.14000000059604645,0.14000000059604645,0.14000000059604645,0,0.0,0.0
2020-08-26 00:00:00+08:00,0.14000000059604645,0.14000000059604645,0.14000000059604645,0.14000000059604645,0,0.0,0.0
2020-08-27 00:00:00+08:00,0.17000000178813934,0.17000000178813934,0.17000000178813934,0.17000000178813934,10000,0.0,0.0
2020-08-28 00:00:00+08:00,0.17000000178813934,0.17000000178813934,0.17000000178813934,0.17000000178813934,0,0.0,0.0
2020-08-31 00:00:00+08:00,0.17000000178813934,0.17000000178813934,0.17000000178813934,0.17000000178813934,0,0.0,0.0
2020-09-01 00:00:00+08:00,0.17000000178813934,0.17000000178813934,0.17000000178813934,0.17000000178813934,0,0.0,0.0
2020-09-02 00:00:00+08:00,0.17000000178813934,0.17000000178813934,0.17000000178813934,0.17000000178813934,0,0.0,0.0
2020-09-03 00:00:00+08:00,0.17000000178813934,0.17000000178813934,0.17000000178813934,0.17000000178813934,0,0.0,0.0
2020-09-04 00:00:00+08:00,0.17000000178813934,0.17000000178813934,0.17000000178813934,0.17000000178813934,0,0.0,0.0
2020-09-07 00:00:00+08:00,0.17000000178813934,0.17000000178813934,0.17000000178813934,0.17000000178813934,0,0.0,0.0
2020-09-08 00:00:00+08:00,0.17000000178813934,0.17000000178813934,0.17000000178813934,0.17000000178813934,0,0.0,0.0
2020-09-09 00:00:00+08:00,0.17000000178813934,0.17000000178813934,0.17000000178813934,0.17000000178813934,0,0.0,0.0
2020-09-10 00:00:00+08:00,0.17000000178813934,0.17000000178813934,0.17000000178813934,0.17000000178813934,0,0.0,0.0
2020-09-11 00:00:00+08:00,0.17000000178813934,0.17000000178813934,0.17000000178813934,0.17000000178813934,0,0.0,0.0
2020-09-14 00:00:00+08:00,0.17000000178813934,0.17000000178813934,0.17000000178813934,0.17000000178813934,0,0.0,0.0
2020-09-15 00:00:00+08:00,0.17000000178813934,0.17000000178813934,0.17000000178813934,0.17000000178813934,0,0.0,0.0
2020-09-16 00:00:00+08:00,0.17000000178813934,0.17000000178813934,0.17000000178813934,0.17000000178813934,0,0.0,0.0
2020-09-17 00:00:00+08:00,0.17000000178813934,0.17000000178813934,0.17000000178813934,0.17000000178813934,0,0.0,0.0
2020-09-18 00:00:00+08:00,0.17000000178813934,0.17000000178813934,0.17000000178813934,0.17000000178813934,0,0.0,0.0
2020-09-21 00:00:00+08:00,0.17000000178813934,0.17000000178813934,0.17000000178813934,0.17000000178813934,0,0.0,0.0
2020-09-22 00:00:00+08:00,0.17000000178813934,0.17000000178813934,0.17000000178813934,0.17000000178813934,0,0.0,0.0
2020-09-23 00:00:00+08:00,0.17000000178813934,0.17000000178813934,0.17000000178813934,0.17000000178813934,0,0.0,0.0
2020-09-24 00:00:00+08:00,0.17000000178813934,0.17000000178813934,0.17000000178813934,0.17000000178813934,0,0.0,0.0
2020-09-25 00:00:00+08:00,0.17000000178813934,0.17000000178813934,0.17000000178813934,0.17000000178813934,0,0.0,0.0
2020-09-28 00:00:00+08:00,0.17000000178813934,0.17000000178813934,0.17000000178813934,0.17000000178813934,0,0.0,0.0
2020-09-29 00:00:00+08:00,0.17000000178813934,0.17000000178813934,0.17000000178813934,0.17000000178813934,0,0.0,0.0
2020-09-30 00:00:00+08:00,0.17000000178813934,0.17000000178813934,0.17000000178813934,0.17000000178813934,0,0.0,0.0
2020-10-01 00:00:00+08:00,0.17000000178813934,0.17000000178813934,0.17000000178813934,0.17000000178813934,0,0.0,0.0
2020-10-02 00:00:00+08:00,0.17000000178813934,0.17000000178813934,0.17000000178813934,0.17000000178813934,0,0.0,0.0
2020-10-05 00:00:00+08:00,0.17000000178813934,0.17000000178813934,0.17000000178813934,0.17000000178813934,0,0.0,0.0
2020-10-06 00:00:00+08:00,0.17000000178813934,0.17000000178813934,0.17000000178813934,0.17000000178813934,0,0.0,0.0
2020-10-07 00:00:00+08:00,0.17000000178813934,0.17000000178813934,0.17000000178813934,0.17000000178813934,0,0.0,0.0
2020-10-08 00:00:00+08:00,0.17000000178813934,0.17000000178813934,0.17000000178813934,0.17000000178813934,0,0.0,0.0
2020-10-09 00:00:00+08:00,0.17000000178813934,0.17000000178813934,0.17000000178813934,0.17000000178813934,0,0.0,0.0
2020-10-12 00:00:00+08:00,0.17000000178813934,0.17000000178813934,0.17000000178813934,0.17000000178813934,0,0.0,0.0
2020-10-13 00:00:00+08:00,0.17000000178813934,0.17000000178813934,0.17000000178813934,0.17000000178813934,0,0.0,0.0
2020-10-14 00:00:00+08:00,0.17000000178813934,0.17000000178813934,0.17000000178813934,0.17000000178813934,0,0.0,0.0
2020-10-15 00:00:00+08:00,0.17000000178813934,0.17000000178813934,0.17000000178813934,0.17000000178813934,0,0.0,0.0
2020-10-16 00:00:00+08:00,0.17000000178813934,0.17000000178813934,0.17000000178813934,0.17000000178813934,0,0.0,0.0
2020-10-19 00:00:00+08:00,0.17000000178813934,0.17000000178813934,0.17000000178813934,0.17000000178813934,0,0.0,0.0
2020-10-20 00:00:00+08:00,0.17000000178813934,0.17000000178813934,0.17000000178813934,0.17000000178813934,0,0.0,0.0
2020-10-21 00:00:00+08:00,0.17000000178813934,0.17000000178813934,0.17000000178813934,0.17000000178813934,0,0.0,0.0
2020-10-22 00:00:00+08:00,0.17000000178813934,0.17000000178813934,0.17000000178813934,0.17000000178813934,0,0.0,0.0
2020-10-23 00:00:00+08:00,0.17000000178813934,0.17000000178813934,0.17000000178813934,0.17000000178813934,0,0.0,0.0
2020-10-26 00:00:00+08:00,0.17000000178813934,0.17000000178813934,0.17000000178813934,0.17000000178813934,0,0.0,0.0
2020-10-27 00:00:00+08:00,0.17000000178813934,0.17000000178813934,0.17000000178813934,0.17000000178813934,0,0.0,0.0
2020-10-28 00:00:00+08:00,0.17000000178813934,0.17000000178813934,0.17000000178813934,0.17000000178813934,0,0.0,0.0
2020-10-29 00:00:00+08:00,0.17000000178813934,0.17000000178813934,0.17000000178813934,0.17000000178813934,0,0.0,0.0
2020-10-30 00:00:00+08:00,0.17000000178813934,0.17000000178813934,0.17000000178813934,0.17000000178813934,0,0.0,0.0
2020-11-02 00:00:00+08:00,0.17000000178813934,0.17000000178813934,0.17000000178813934,0.17000000178813934,0,0.0,0.0
2020-11-03 00:00:00+08:00,0.17000000178813934,0.17000000178813934,0.17000000178813934,0.17000000178813934,0,0.0,0.0
2020-11-04 00:00:00+08:00,0.17000000178813934,0.17000000178813934,0.17000000178813934,0.17000000178813934,0,0.0,0.0
2020-11-05 00:00:00+08:00,0.17000000178813934,0.17000000178813934,0.17000000178813934,0.17000000178813934,0,0.0,0.0
2020-11-06 00:00:00+08:00,0.17000000178813934,0.17000000178813934,0.17000000178813934,0.17000000178813934,0,0.0,0.0
2020-11-09 00:00:00+08:00,0.17000000178813934,0.17000000178813934,0.17000000178813934,0.17000000178813934,0,0.0,0.0
2020-11-10 00:00:00+08:00,0.17000000178813934,0.17000000178813934,0.17000000178813934,0.17000000178813934,0,0.0,0.0
2020-11-11 00:00:00+08:00,0.17000000178813934,0.17000000178813934,0.17000000178813934,0.17000000178813934,0,0.0,0.0
2020-11-12 00:00:00+08:00,0.17000000178813934,0.17000000178813934,0.17000000178813934,0.17000000178813934,0,0.0,0.0
2020-11-13 00:00:00+08:00,0.17000000178813934,0.17000000178813934,0.17000000178813934,0.17000000178813934,0,0.0,0.0
2020-11-16 00:00:00+08:00,0.17000000178813934,0.17000000178813934,0.17000000178813934,0.17000000178813934,0,0.0,0.0
2020-11-17 00:00:00+08:00,0.17000000178813934,0.17000000178813934,0.17000000178813934,0.17000000178813934,0,0.0,0.0
2020-11-18 00:00:00+08:00,0.17000000178813934,0.17000000178813934,0.17000000178813934,0.17000000178813934,0,0.0,0.0
2020-11-19 00:00:00+08:00,0.17000000178813934,0.17000000178813934,0.17000000178813934,0.17000000178813934,0,0.0,0.0
2020-11-20 00:00:00+08:00,0.17000000178813934,0.17000000178813934,0.17000000178813934,0.17000000178813934,0,0.0,0.0
2020-11-23 00:00:00+08:00,0.17000000178813934,0.17000000178813934,0.17000000178813934,0.17000000178813934,0,0.0,0.0
2020-11-24 00:00:00+08:00,0.17000000178813934,0.17000000178813934,0.17000000178813934,0.17000000178813934,0,0.0,0.0
2020-11-25 00:00:00+08:00,0.17000000178813934,0.17000000178813934,0.17000000178813934,0.17000000178813934,0,0.0,0.0
2020-11-26 00:00:00+08:00,0.17000000178813934,0.17000000178813934,0.17000000178813934,0.17000000178813934,0,0.0,0.0
2020-11-27 00:00:00+08:00,0.17000000178813934,0.17000000178813934,0.17000000178813934,0.17000000178813934,0,0.0,0.0
2020-11-30 00:00:00+08:00,0.17000000178813934,0.17000000178813934,0.17000000178813934,0.17000000178813934,0,0.0,0.0
2020-12-01 00:00:00+08:00,0.17000000178813934,0.17000000178813934,0.17000000178813934,0.17000000178813934,0,0.0,0.0
2020-12-02 00:00:00+08:00,0.17000000178813934,0.17000000178813934,0.17000000178813934,0.17000000178813934,0,0.0,0.0
2020-12-03 00:00:00+08:00,0.17000000178813934,0.17000000178813934,0.17000000178813934,0.17000000178813934,0,0.0,0.0
2020-12-04 00:00:00+08:00,0.17000000178813934,0.17000000178813934,0.17000000178813934,0.17000000178813934,0,0.0,0.0
2020-12-07 00:00:00+08:00,0.17000000178813934,0.17000000178813934,0.17000000178813934,0.17000000178813934,0,0.0,0.0
2020-12-08 00:00:00+08:00,0.17000000178813934,0.17000000178813934,0.17000000178813934,0.17000000178813934,0,0.0,0.0
2020-12-09 00:00:00+08:00,0.17000000178813934,0.17000000178813934,0.17000000178813934,0.17000000178813934,0,0.0,0.0
2020-12-10 00:00:00+08:00,0.17000000178813934,0.17000000178813934,0.17000000178813934,0.17000000178813934,0,0.0,0.0
2020-12-11 00:00:00+08:00,0.17000000178813934,0.17000000178813934,0.17000000178813934,0.17000000178813934,0,0.0,0.0
2020-12-14 00:00:00+08:00,0.17000000178813934,0.17000000178813934,0.17000000178813934,0.17000000178813934,0,0.0,0.0
2020-12-15 00:00:00+08:00,0.17000000178813934,0.17000000178813934,0.17000000178813934,0.17000000178813934,0,0.0,0.0
2020-12-16 00:00:00+08:00,0.17000000178813934,0.17000000178813934,0.17000000178813934,0.17000000178813934,0,0.0,0.0
2020-12-17 00:00:00+08:00,0.17000000178813934,0.17000000178813934,0.17000000178813934,0.17000000178813934,0,0.0,0.0
2020-12-18 00:00:00+08:00,0.17000000178813934,0.17000000178813934,0.17000000178813934,0.17000000178813934,0,0.0,0.0
2020-12-21 00:00:00+08:00,0.17000000178813934,0.17000000178813934,0.17000000178813934,0.17000000178813934,0,0.0,0.0
2020-12-22 00:00:00+08:00,0.17000000178813934,0.17000000178813934,0.17000000178813934,0.17000000178813934,0,0.0,0.0
2020-12-23 00:00:00+08:00,0.17000000178813934,0.17000000178813934,0.17000000178813934,0.17000000178813934,0,0.0,0.0
2020-12-24 00:00:00+08:00,0.17000000178813934,0.17000000178813934,0.17000000178813934,0.17000000178813934,0,0.0,0.0
2020-12-28 00:00:00+08:00,0.17000000178813934,0.17000000178813934,0.17000000178813934,0.17000000178813934,0,0.0,0.0
2020-12-29 00:00:00+08:00,0.17000000178813934,0.17000000178813934,0.17000000178813934,0.17000000178813934,0,0.0,0.0
2020-12-30 00:00:00+08:00,0.17000000178813934,0.17000000178813934,0.17000000178813934,0.17000000178813934,0,0.0,0.0
2020-12-31 00:00:00+08:00,0.17000000178813934,0.17000000178813934,0.17000000178813934,0.17000000178813934,0,0.0,0.0
2021-01-04 00:00:00+08:00,0.17000000178813934,0.17000000178813934,0.17000000178813934,0.17000000178813934,0,0.0,0.0
2021-01-05 00:00:00+08:00,0.17000000178813934,0.17000000178813934,0.17000000178813934,0.17000000178813934,0,0.0,0.0
2021-01-06 00:00:00+08:00,0.17000000178813934,0.17000000178813934,0.17000000178813934,0.17000000178813934,0,0.0,0.0
2021-01-07 00:00:00+08:00,0.17000000178813934,0.17000000178813934,0.17000000178813934,0.17000000178813934,0,0.0,0.0
2021-01-08 00:00:00+08:00,0.17000000178813934,0.17000000178813934,0.17000000178813934,0.17000000178813934,0,0.0,0.0
2021-01-11 00:00:00+08:00,0.17000000178813934,0.17000000178813934,0.17000000178813934,0.17000000178813934,0,0.0,0.0
2021-01-12 00:00:00+08:00,0.17000000178813934,0.17000000178813934,0.17000000178813934,0.17000000178813934,0,0.0,0.0
2021-01-13 00:00:00+08:00,0.17000000178813934,0.17000000178813934,0.17000000178813934,0.17000000178813934,0,0.0,0.0
2021-01-14 00:00:00+08:00,0.17000000178813934,0.17000000178813934,0.17000000178813934,0.17000000178813934,0,0.0,0.0
2021-01-15 00:00:00+08:00,0.17000000178813934,0.17000000178813934,0.17000000178813934,0.17000000178813934,1200,0.0,0.0
2021-01-18 00:00:00+08:00,0.17000000178813934,0.17000000178813934,0.17000000178813934,0.17000000178813934,0,0.0,0.0
2021-01-19 00:00:00+08:00,0.17000000178813934,0.17000000178813934,0.17000000178813934,0.17000000178813934,0,0.0,0.0
2021-01-20 00:00:00+08:00,0.17000000178813934,0.17000000178813934,0.17000000178813934,0.17000000178813934,0,0.0,0.0
2021-01-21 00:00:00+08:00,0.17000000178813934,0.17000000178813934,0.17000000178813934,0.17000000178813934,0,0.0,0.0
2021-01-22 00:00:00+08:00,0.17000000178813934,0.17000000178813934,0.17000000178813934,0.17000000178813934,0,0.0,0.0
2021-01-25 00:00:00+08:00,0.17000000178813934,0.17000000178813934,0.17000000178813934,0.17000000178813934,0,0.0,0.0
2021-01-26 00:00:00+08:00,0.17000000178813934,0.17000000178813934,0.17000000178813934,0.17000000178813934,0,0.0,0.0
2021-01-27 00:00:00+08:00,0.17000000178813934,0.17000000178813934,0.17000000178813934,0.17000000178813934,0,0.0,0.0
2021-01-28 00:00:00+08:00,0.17000000178813934,0.17000000178813934,0.17000000178813934,0.17000000178813934,0,0.0,0.0
2021-01-29 00:00:00+08:00,0.17000000178813934,0.17000000178813934,0.17000000178813934,0.17000000178813934,0,0.0,0.0
2021-02-01 00:00:00+08:00,0.17000000178813934,0.17000000178813934,0.17000000178813934,0.17000000178813934,0,0.0,0.0
2021-02-02 00:00:00+08:00,0.17000000178813934,0.17000000178813934,0.17000000178813934,0.17000000178813934,0,0.0,0.0
2021-02-03 00:00:00+08:00,0.17000000178813934,0.17000000178813934,0.17000000178813934,0.17000000178813934,5000,0.0,0.0
2021-02-04 00:00:00+08:00,0.17000000178813934,0.17000000178813934,0.17000000178813934,0.17000000178813934,0,0.0,0.0
2021-02-05 00:00:00+08:00,0.17000000178813934,0.17000000178813934,0.17000000178813934,0.17000000178813934,0,0.0,0.0
2021-02-08 00:00:00+08:00,0.17000000178813934,0.17000000178813934,0.17000000178813934,0.17000000178813934,0,0.0,0.0
2021-02-09 00:00:00+08:00,0.17000000178813934,0.17000000178813934,0.17000000178813934,0.17000000178813934,0,0.0,0.0
2021-02-10 00:00:00+08:00,0.17000000178813934,0.17000000178813934,0.17000000178813934,0.17000000178813934,0,0.0,0.0
2021-02-11 00:00:00+08:00,0.17000000178813934,0.17000000178813934,0.17000000178813934,0.17000000178813934,0,0.0,0.0
2021-02-15 00:00:00+08:00,0.17000000178813934,0.17000000178813934,0.17000000178813934,0.17000000178813934,0,0.0,0.0
2021-02-16 00:00:00+08:00,0.17000000178813934,0.17000000178813934,0.17000000178813934,0.17000000178813934,0,0.0,0.0
2021-02-17 00:00:00+08:00,0.17000000178813934,0.17000000178813934,0.17000000178813934,0.17000000178813934,0,0.0,0.0
2021-02-18 00:00:00+08:00,0.17000000178813934,0.17000000178813934,0.17000000178813934,0.17000000178813934,0,0.0,0.0
2021-02-19 00:00:00+08:00,0.17000000178813934,0.17000000178813934,0.17000000178813934,0.17000000178813934,0,0.0,0.0
2021-02-22 00:00:00+08:00,0.17000000178813934,0.17000000178813934,0.17000000178813934,0.17000000178813934,0,0.0,0.0
2021-02-23 00:00:00+08:00,0.17000000178813934,0.17000000178813934,0.17000000178813934,0.17000000178813934,0,0.0,0.0
2021-02-24 00:00:00+08:00,0.17000000178813934,0.17000000178813934,0.17000000178813934,0.17000000178813934,0,0.0,0.0
2021-02-25 00:00:00+08:00,0.17000000178813934,0.17000000178813934,0.17000000178813934,0.17000000178813934,0,0.0,0.0
2021-02-26 00:00:00+08:00,0.17000000178813934,0.17000000178813934,0.17000000178813934,0.17000000178813934,0,0.0,0.0
2021-03-01 00:00:00+08:00,0.17000000178813934,0.17000000178813934,0.17000000178813934,0.17000000178813934,0,0.0,0.0
2021-03-02 00:00:00+08:00,0.17000000178813934,0.17000000178813934,0.17000000178813934,0.17000000178813934,0,0.0,0.0
2021-03-03 00:00:00+08:00,0.17000000178813934,0.17000000178813934,0.17000000178813934,0.17000000178813934,0,0.0,0.0
2021-03-04 00:00:00+08:00,0.17000000178813934,0.17000000178813934,0.17000000178813934,0.17000000178813934,0,0.0,0.0
2021-03-05 00:00:00+08:00,0.17000000178813934,0.17000000178813934,0.17000000178813934,0.17000000178813934,0,0.0,0.0
2021-03-08 00:00:00+08:00,0.17000000178813934,0.17000000178813934,0.17000000178813934,0.17000000178813934,0,0.0,0.0
2021-03-09 00:00:00+08:00,0.17000000178813934,0.17000000178813934,0.17000000178813934,0.17000000178813934,0,0.0,0.0
2021-03-10 00:00:00+08:00,0.17000000178813934,0.17000000178813934,0.17000000178813934,0.17000000178813934,0,0.0,0.0
2021-03-11 00:00:00+08:00,0.17000000178813934,0.17000000178813934,0.17000000178813934,0.17000000178813934,0,0.0,0.0
2021-03-12 00:00:00+08:00,0.17000000178813934,0.17000000178813934,0.17000000178813934,0.17000000178813934,0,0.0,0.0
2021-03-15 00:00:00+08:00,0.17000000178813934,0.17000000178813934,0.17000000178813934,0.17000000178813934,0,0.0,0.0
2021-03-16 00:00:00+08:00,0.17000000178813934,0.17000000178813934,0.17000000178813934,0.17000000178813934,0,0.0,0.0
2021-03-17 00:00:00+08:00,0.17000000178813934,0.17000000178813934,0.17000000178813934,0.17000000178813934,0,0.0,0.0
2021-03-18 00:00:00+08:00,0.17000000178813934,0.17000000178813934,0.17000000178813934,0.17000000178813934,0,0.0,0.0
2021-03-19 00:00:00+08:00,0.17000000178813934,0.17000000178813934,0.17000000178813934,0.17000000178813934,0,0.0,0.0
2021-03-22 00:00:00+08:00,0.17000000178813934,0.17000000178813934,0.17000000178813934,0.17000000178813934,0,0.0,0.0
2021-03-23 00:00:00+08:00,0.17000000178813934,0.17000000178813934,0.17000000178813934,0.17000000178813934,0,0.0,0.0
2021-03-24 00:00:00+08:00,0.17000000178813934,0.17000000178813934,0.17000000178813934,0.17000000178813934,0,0.0,0.0
2021-03-25 00:00:00+08:00,0.17000000178813934,0.17000000178813934,0.17000000178813934,0.17000000178813934,0,0.0,0.0
2021-03-26 00:00:00+08:00,0.17000000178813934,0.17000000178813934,0.17000000178813934,0.17000000178813934,0,0.0,0.0
2021-03-29 00:00:00+08:00,0.17000000178813934,0.17000000178813934,0.17000000178813934,0.17000000178813934,0,0.0,0.0
2021-03-30 00:00:00+08:00,0.17000000178813934,0.17000000178813934,0.17000000178813934,0.17000000178813934,0,0.0,0.0
2021-03-31 00:00:00+08:00,0.17000000178813934,0.17000000178813934,0.17000000178813934,0.17000000178813934,0,0.0,0.0
2021-04-01 00:00:00+08:00,0.17000000178813934,0.17000000178813934,0.17000000178813934,0.17000000178813934,0,0.0,0.0
2021-04-05 00:00:00+08:00,0.17000000178813934,0.17000000178813934,0.17000000178813934,0.17000000178813934,0,0.0,0.0
2021-04-06 00:00:00+08:00,0.17000000178813934,0.17000000178813934,0.17000000178813934,0.17000000178813934,0,0.0,0.0
2021-04-07 00:00:00+08:00,0.17000000178813934,0.17000000178813934,0.17000000178813934,0.17000000178813934,0,0.0,0.0
2021-04-08 00:00:00+08:00,0.17000000178813934,0.17000000178813934,0.17000000178813934,0.17000000178813934,0,0.0,0.0
2021-04-09 00:00:00+08:00,0.17000000178813934,0.17000000178813934,0.17000000178813934,0.17000000178813934,0,0.0,0.0
2021-04-12 00:00:00+08:00,0.17000000178813934,0.17000000178813934,0.17000000178813934,0.17000000178813934,0,0.0,0.0
2021-04-13 00:00:00+08:00,0.17000000178813934,0.17000000178813934,0.17000000178813934,0.17000000178813934,0,0.0,0.0
2021-04-14 00:00:00+08:00,0.17000000178813934,0.17000000178813934,0.17000000178813934,0.17000000178813934,0,0.0,0.0
2021-04-15 00:00:00+08:00,0.17000000178813934,0.17000000178813934,0.17000000178813934,0.17000000178813934,0,0.0,0.0
2021-04-16 00:00:00+08:00,0.14000000059604645,0.15000000596046448,0.14000000059604645,0.15000000596046448,53800,0.0,0.0
2021-04-19 00:00:00+08:00,0.15000000596046448,0.15000000596046448,0.15000000596046448,0.15000000596046448,0,0.0,0.0
2021-04-20 00:00:00+08:00,0.15000000596046448,0.15000000596046448,0.15000000596046448,0.15000000596046448,0,0.0,0.0
2021-04-21 00:00:00+08:00,0.14399999380111694,0.14399999380111694,0.14399999380111694,0.14399999380111694,38000,0.0,0.0
2021-04-22 00:00:00+08:00,0.14399999380111694,0.14399999380111694,0.14399999380111694,0.14399999380111694,0,0.0,0.0
2021-04-23 00:00:00+08:00,0.14399999380111694,0.14399999380111694,0.14399999380111694,0.14399999380111694,10200,0.0,0.0
2021-04-26 00:00:00+08:00,0.14399999380111694,0.14399999380111694,0.14399999380111694,0.14399999380111694,1600,0.0,0.0
2021-04-27 00:00:00+08:00,0.14399999380111694,0.14399999380111694,0.14399999380111694,0.14399999380111694,0,0.0,0.0
2021-04-28 00:00:00+08:00,0.14499999582767487,0.14499999582767487,0.14499999582767487,0.14499999582767487,5000,0.0,0.0
2021-04-29 00:00:00+08:00,0.14499999582767487,0.14499999582767487,0.14499999582767487,0.14499999582767487,0,0.0,0.0
2021-04-30 00:00:00+08:00,0.14499999582767487,0.14499999582767487,0.14499999582767487,0.14499999582767487,1600,0.0,0.0
2021-05-03 00:00:00+08:00,0.14499999582767487,0.14499999582767487,0.14499999582767487,0.14499999582767487,23200,0.0,0.0
2021-05-04 00:00:00+08:00,0.14499999582767487,0.14499999582767487,0.14499999582767487,0.14499999582767487,0,0.0,0.0
2021-05-05 00:00:00+08:00,0.14499999582767487,0.14499999582767487,0.14499999582767487,0.14499999582767487,0,0.0,0.0
2021-05-06 00:00:00+08:00,0.14000000059604645,0.14000000059604645,0.14000000059604645,0.14000000059604645,2000,0.0,0.0
2021-05-07 00:00:00+08:00,0.14000000059604645,0.14000000059604645,0.14000000059604645,0.14000000059604645,0,0.0,0.0
2021-05-10 00:00:00+08:00,0.14000000059604645,0.14000000059604645,0.14000000059604645,0.14000000059604645,0,0.0,0.0
2021-05-11 00:00:00+08:00,0.14000000059604645,0.14000000059604645,0.14000000059604645,0.14000000059604645,0,0.0,0.0
2021-05-12 00:00:00+08:00,0.14000000059604645,0.14000000059604645,0.14000000059604645,0.14000000059604645,0,0.0,0.0
2021-05-14 00:00:00+08:00,0.14000000059604645,0.14000000059604645,0.14000000059604645,0.14000000059604645,0,0.0,0.0
2021-05-17 00:00:00+08:00,0.14000000059604645,0.14000000059604645,0.14000000059604645,0.14000000059604645,0,0.0,0.0
2021-05-18 00:00:00+08:00,0.14000000059604645,0.14000000059604645,0.14000000059604645,0.14000000059604645,0,0.0,0.0
2021-05-19 00:00:00+08:00,0.14000000059604645,0.14000000059604645,0.14000000059604645,0.14000000059604645,0,0.0,0.0
2021-05-20 00:00:00+08:00,0.14000000059604645,0.14000000059604645,0.14000000059604645,0.14000000059604645,0,0.0,0.0
2021-05-21 00:00:00+08:00,0.14000000059604645,0.14000000059604645,0.14000000059604645,0.14000000059604645,0,0.0,0.0
2021-05-24 00:00:00+08:00,0.14000000059604645,0.14000000059604645,0.14000000059604645,0.14000000059604645,0,0.0,0.0
2021-05-25 00:00:00+08:00,0.14000000059604645,0.14000000059604645,0.14000000059604645,0.14000000059604645,0,0.0,0.0
2021-05-27 00:00:00+08:00,0.14000000059604645,0.14000000059604645,0.14000000059604645,0.14000000059604645,0,0.0,0.0
2021-05-28 00:00:00+08:00,0.14000000059604645,0.14000000059604645,0.14000000059604645,0.14000000059604645,0,0.0,0.0
2021-05-31 00:00:00+08:00,0.14000000059604645,0.14000000059604645,0.14000000059604645,0.14000000059604645,0,0.0,0.0
2021-06-01 00:00:00+08:00,0.16200000047683716,0.16200000047683716,0.16099999845027924,0.16099999845027924,2000,0.0,0.0
2021-06-02 00:00:00+08:00,0.16099999845027924,0.16099999845027924,0.16099999845027924,0.16099999845027924,0,0.0,0.0
2021-06-03 00:00:00+08:00,0.16099999845027924,0.16099999845027924,0.16099999845027924,0.16099999845027924,0,0.0,0.0
2021-06-04 00:00:00+08:00,0.16099999845027924,0.16099999845027924,0.16099999845027924,0.16099999845027924,0,0.0,0.0
2021-06-07 00:00:00+08:00,0.16099999845027924,0.16099999845027924,0.16099999845027924,0.16099999845027924,0,0.0,0.0
2021-06-08 00:00:00+08:00,0.16099999845027924,0.16099999845027924,0.16099999845027924,0.16099999845027924,0,0.0,0.0
2021-06-09 00:00:00+08:00,0.16099999845027924,0.16099999845027924,0.16099999845027924,0.16099999845027924,0,0.0,0.0
2021-06-10 00:00:00+08:00,0.16099999845027924,0.16099999845027924,0.16099999845027924,0.16099999845027924,0,0.0,0.0
2021-06-11 00:00:00+08:00,0.20000000298023224,0.20000000298023224,0.20000000298023224,0.20000000298023224,4500,0.0,0.0
2021-06-14 00:00:00+08:00,0.20000000298023224,0.20000000298023224,0.20000000298023224,0.20000000298023224,1900,0.0,0.0
2021-06-15 00:00:00+08:00,0.20000000298023224,0.20000000298023224,0.20000000298023224,0.20000000298023224,0,0.0,0.0
2021-06-16 00:00:00+08:00,0.20000000298023224,0.20000000298023224,0.20000000298023224,0.20000000298023224,0,0.0,0.0
2021-06-17 00:00:00+08:00,0.20000000298023224,0.20000000298023224,0.20000000298023224,0.20000000298023224,0,0.0,0.0
2021-06-18 00:00:00+08:00,0.20000000298023224,0.20000000298023224,0.20000000298023224,0.20000000298023224,0,0.0,0.0
2021-06-21 00:00:00+08:00,0.20000000298023224,0.20000000298023224,0.20000000298023224,0.20000000298023224,0,0.0,0.0
2021-06-22 00:00:00+08:00,0.20000000298023224,0.20000000298023224,0.20000000298023224,0.20000000298023224,0,0.0,0.0
2021-06-23 00:00:00+08:00,0.23000000417232513,0.23000000417232513,0.23000000417232513,0.23000000417232513,100,0.0,0.0
2021-06-24 00:00:00+08:00,0.23000000417232513,0.23000000417232513,0.23000000417232513,0.23000000417232513,0,0.0,0.0
2021-06-25 00:00:00+08:00,0.23000000417232513,0.23000000417232513,0.23000000417232513,0.23000000417232513,0,0.0,0.0
2021-06-28 00:00:00+08:00,0.23000000417232513,0.23000000417232513,0.23000000417232513,0.23000000417232513,0,0.0,0.0
2021-06-29 00:00:00+08:00,0.23000000417232513,0.23000000417232513,0.23000000417232513,0.23000000417232513,0,0.0,0.0
2021-06-30 00:00:00+08:00,0.23000000417232513,0.23000000417232513,0.23000000417232513,0.23000000417232513,0,0.0,0.0
2021-07-01 00:00:00+08:00,0.23000000417232513,0.23000000417232513,0.23000000417232513,0.23000000417232513,0,0.0,0.0
2021-07-02 00:00:00+08:00,0.23000000417232513,0.23000000417232513,0.23000000417232513,0.23000000417232513,0,0.0,0.0
2021-07-05 00:00:00+08:00,0.2199999988079071,0.23999999463558197,0.2199999988079071,0.23999999463558197,101700,0.0,0.0
2021-07-06 00:00:00+08:00,0.23999999463558197,0.23999999463558197,0.23999999463558197,0.23999999463558197,0,0.0,0.0
2021-07-07 00:00:00+08:00,0.23999999463558197,0.23999999463558197,0.23999999463558197,0.23999999463558197,0,0.0,0.0
2021-07-08 00:00:00+08:00,0.23999999463558197,0.23999999463558197,0.23999999463558197,0.23999999463558197,0,0.0,0.0
2021-07-09 00:00:00+08:00,0.23999999463558197,0.23999999463558197,0.23999999463558197,0.23999999463558197,0,0.0,0.0
2021-07-12 00:00:00+08:00,0.23999999463558197,0.23999999463558197,0.23999999463558197,0.23999999463558197,0,0.0,0.0
2021-07-13 00:00:00+08:00,0.23999999463558197,0.23999999463558197,0.23999999463558197,0.23999999463558197,0,0.0,0.0
2021-07-14 00:00:00+08:00,0.23999999463558197,0.23999999463558197,0.23999999463558197,0.23999999463558197,0,0.0,0.0
2021-07-15 00:00:00+08:00,0.23999999463558197,0.23999999463558197,0.23999999463558197,0.23999999463558197,0,0.0,0.0
2021-07-16 00:00:00+08:00,0.23999999463558197,0.23999999463558197,0.23999999463558197,0.23999999463558197,0,0.0,0.0
2021-07-19 00:00:00+08:00,0.23999999463558197,0.23999999463558197,0.23999999463558197,0.23999999463558197,0,0.0,0.0
2021-07-21 00:00:00+08:00,0.23999999463558197,0.23999999463558197,0.23999999463558197,0.23999999463558197,0,0.0,0.0
2021-07-22 00:00:00+08:00,0.23999999463558197,0.23999999463558197,0.23999999463558197,0.23999999463558197,0,0.0,0.0
2021-07-23 00:00:00+08:00,0.23999999463558197,0.23999999463558197,0.23999999463558197,0.23999999463558197,0,0.0,0.0
2021-07-26 00:00:00+08:00,0.23999999463558197,0.23999999463558197,0.23999999463558197,0.23999999463558197,0,0.0,0.0
2021-07-27 00:00:00+08:00,0.23999999463558197,0.23999999463558197,0.23999999463558197,0.23999999463558197,0,0.0,0.0
2021-07-28 00:00:00+08:00,0.23999999463558197,0.23999999463558197,0.23999999463558197,0.23999999463558197,0,0.0,0.0
2021-07-29 00:00:00+08:00,0.23999999463558197,0.23999999463558197,0.23999999463558197,0.23999999463558197,0,0.0,0.0
2021-07-30 00:00:00+08:00,0.23999999463558197,0.23999999463558197,0.23999999463558197,0.23999999463558197,0,0.0,0.0
2021-08-02 00:00:00+08:00,0.23999999463558197,0.23999999463558197,0.23999999463558197,0.23999999463558197,0,0.0,0.0
2021-08-03 00:00:00+08:00,0.23999999463558197,0.23999999463558197,0.23999999463558197,0.23999999463558197,0,0.0,0.0
2021-08-04 00:00:00+08:00,0.23999999463558197,0.23999999463558197,0.23999999463558197,0.23999999463558197,0,0.0,0.0
2021-08-05 00:00:00+08:00,0.23999999463558197,0.23999999463558197,0.23999999463558197,0.23999999463558197,0,0.0,0.0
2021-08-06 00:00:00+08:00,0.23999999463558197,0.23999999463558197,0.23999999463558197,0.23999999463558197,0,0.0,0.0
2021-08-10 00:00:00+08:00,0.23999999463558197,0.23999999463558197,0.23999999463558197,0.23999999463558197,0,0.0,0.0
2021-08-11 00:00:00+08:00,0.23999999463558197,0.23999999463558197,0.23999999463558197,0.23999999463558197,0,0.0,0.0
2021-08-12 00:00:00+08:00,0.23999999463558197,0.23999999463558197,0.23999999463558197,0.23999999463558197,0,0.0,0.0
2021-08-13 00:00:00+08:00,0.23999999463558197,0.23999999463558197,0.23999999463558197,0.23999999463558197,0,0.0,0.0
2021-08-16 00:00:00+08:00,0.23999999463558197,0.23999999463558197,0.23999999463558197,0.23999999463558197,0,0.0,0.0
2021-08-17 00:00:00+08:00,0.23999999463558197,0.23999999463558197,0.23999999463558197,0.23999999463558197,0,0.0,0.0
2021-08-18 00:00:00+08:00,0.23999999463558197,0.23999999463558197,0.23999999463558197,0.23999999463558197,0,0.0,0.0
2021-08-19 00:00:00+08:00,0.10000000149011612,0.12999999523162842,0.10000000149011612,0.12999999523162842,20000,0.0,0.0
2021-08-20 00:00:00+08:00,0.1599999964237213,0.1599999964237213,0.1599999964237213,0.1599999964237213,1900,0.0,0.0
2021-08-23 00:00:00+08:00,0.1599999964237213,0.1599999964237213,0.1599999964237213,0.1599999964237213,0,0.0,0.0
2021-08-24 00:00:00+08:00,0.1599999964237213,0.1599999964237213,0.1599999964237213,0.1599999964237213,0,0.0,0.0
2021-08-25 00:00:00+08:00,0.1599999964237213,0.1599999964237213,0.1599999964237213,0.1599999964237213,0,0.0,0.0
2021-08-26 00:00:00+08:00,0.1599999964237213,0.1599999964237213,0.1599999964237213,0.1599999964237213,0,0.0,0.0
2021-08-27 00:00:00+08:00,0.1599999964237213,0.1599999964237213,0.1599999964237213,0.1599999964237213,0,0.0,0.0
2021-08-30 00:00:00+08:00,0.1599999964237213,0.1599999964237213,0.1599999964237213,0.1599999964237213,0,0.0,0.0
2021-08-31 00:00:00+08:00,0.1599999964237213,0.1599999964237213,0.1599999964237213,0.1599999964237213,0,0.0,0.0
2021-09-01 00:00:00+08:00,0.1599999964237213,0.1599999964237213,0.1599999964237213,0.1599999964237213,0,0.0,0.0
2021-09-02 00:00:00+08:00,0.1599999964237213,0.1599999964237213,0.1599999964237213,0.1599999964237213,0,0.0,0.0
2021-09-03 00:00:00+08:00,0.1599999964237213,0.1599999964237213,0.1599999964237213,0.1599999964237213,0,0.0,0.0
2021-09-06 00:00:00+08:00,0.1599999964237213,0.1599999964237213,0.1599999964237213,0.1599999964237213,0,0.0,0.0
2021-09-07 00:00:00+08:00,0.1599999964237213,0.1599999964237213,0.1599999964237213,0.1599999964237213,0,0.0,0.0
2021-09-08 00:00:00+08:00,0.1599999964237213,0.1599999964237213,0.1599999964237213,0.1599999964237213,0,0.0,0.0
2021-09-09 00:00:00+08:00,0.10000000149011612,0.12999999523162842,0.08500000089406967,0.08500000089406967,80100,0.0,0.0
2021-09-10 00:00:00+08:00,0.08500000089406967,0.08500000089406967,0.08500000089406967,0.08500000089406967,0,0.0,0.0
2021-09-13 00:00:00+08:00,0.08500000089406967,0.08500000089406967,0.08500000089406967,0.08500000089406967,0,0.0,0.0
2021-09-14 00:00:00+08:00,0.08500000089406967,0.08500000089406967,0.08500000089406967,0.08500000089406967,900,0.0,0.0
2021-09-15 00:00:00+08:00,0.08500000089406967,0.08500000089406967,0.08500000089406967,0.08500000089406967,0,0.0,0.0
2021-09-16 00:00:00+08:00,0.08500000089406967,0.08500000089406967,0.08500000089406967,0.08500000089406967,0,0.0,0.0
2021-09-17 00:00:00+08:00,0.08500000089406967,0.08500000089406967,0.08500000089406967,0.08500000089406967,0,0.0,0.0
2021-09-20 00:00:00+08:00,0.08500000089406967,0.08500000089406967,0.08500000089406967,0.08500000089406967,0,0.0,0.0
2021-09-21 00:00:00+08:00,0.08500000089406967,0.08500000089406967,0.08500000089406967,0.08500000089406967,2000,0.0,0.0
2021-09-22 00:00:00+08:00,0.0860000029206276,0.0860000029206276,0.0860000029206276,0.0860000029206276,2000,0.0,0.0
2021-09-23 00:00:00+08:00,0.0860000029206276,0.0860000029206276,0.0860000029206276,0.0860000029206276,0,0.0,0.0
2021-09-24 00:00:00+08:00,0.12399999797344208,0.12399999797344208,0.09099999815225601,0.09099999815225601,400,0.0,0.0
2021-09-27 00:00:00+08:00,0.09099999815225601,0.09099999815225601,0.09099999815225601,0.09099999815225601,0,0.0,0.0
2021-09-28 00:00:00+08:00,0.09099999815225601,0.09099999815225601,0.09099999815225601,0.09099999815225601,0,0.0,0.0
2021-09-29 00:00:00+08:00,0.09099999815225601,0.09099999815225601,0.09099999815225601,0.09099999815225601,0,0.0,0.0
2021-09-30 00:00:00+08:00,0.09099999815225601,0.09099999815225601,0.09099999815225601,0.09099999815225601,0,0.0,0.0
2021-10-01 00:00:00+08:00,0.09099999815225601,0.09099999815225601,0.09099999815225601,0.09099999815225601,0,0.0,0.0
2021-10-04 00:00:00+08:00,0.09099999815225601,0.09099999815225601,0.09099999815225601,0.09099999815225601,0,0.0,0.0
2021-10-05 00:00:00+08:00,0.09099999815225601,0.09099999815225601,0.09099999815225601,0.09099999815225601,0,0.0,0.0
2021-10-06 00:00:00+08:00,0.09099999815225601,0.09099999815225601,0.09099999815225601,0.09099999815225601,0,0.0,0.0
2021-10-07 00:00:00+08:00,0.09099999815225601,0.09099999815225601,0.09099999815225601,0.09099999815225601,0,0.0,0.0
2021-10-08 00:00:00+08:00,0.09099999815225601,0.09099999815225601,0.09099999815225601,0.09099999815225601,0,0.0,0.0
2021-10-11 00:00:00+08:00,0.09099999815225601,0.09099999815225601,0.09099999815225601,0.09099999815225601,0,0.0,0.0
2021-10-12 00:00:00+08:00,0.09200000017881393,0.09200000017881393,0.09200000017881393,0.09200000017881393,6100,0.0,0.0
2021-10-13 00:00:00+08:00,0.09200000017881393,0.09200000017881393,0.09200000017881393,0.09200000017881393,0,0.0,0.0
2021-10-14 00:00:00+08:00,0.09200000017881393,0.09200000017881393,0.09200000017881393,0.09200000017881393,0,0.0,0.0
2021-10-15 00:00:00+08:00,0.09799999743700027,0.09799999743700027,0.09600000083446503,0.09700000286102295,10000,0.0,0.0
2021-10-18 00:00:00+08:00,0.09700000286102295,0.09700000286102295,0.09700000286102295,0.09700000286102295,0,0.0,0.0
2021-10-19 00:00:00+08:00,0.09700000286102295,0.09700000286102295,0.09700000286102295,0.09700000286102295,0,0.0,0.0
2021-10-20 00:00:00+08:00,0.12700000405311584,0.12700000405311584,0.09200000017881393,0.09200000017881393,200,0.0,0.0
2021-10-21 00:00:00+08:00,0.10100000351667404,0.10100000351667404,0.10000000149011612,0.10000000149011612,7800,0.0,0.0
2021-10-22 00:00:00+08:00,0.10000000149011612,0.10000000149011612,0.10000000149011612,0.10000000149011612,0,0.0,0.0
2021-10-25 00:00:00+08:00,0.10000000149011612,0.10000000149011612,0.10000000149011612,0.10000000149011612,0,0.0,0.0
2021-10-26 00:00:00+08:00,0.10000000149011612,0.10000000149011612,0.10000000149011612,0.10000000149011612,0,0.0,0.0
2021-10-27 00:00:00+08:00,0.10000000149011612,0.10000000149011612,0.10000000149011612,0.10000000149011612,0,0.0,0.0
2021-10-28 00:00:00+08:00,0.10000000149011612,0.10000000149011612,0.10000000149011612,0.10000000149011612,0,0.0,0.0
2021-10-29 00:00:00+08:00,0.10000000149011612,0.10000000149011612,0.10000000149011612,0.10000000149011612,0,0.0,0.0
2021-11-01 00:00:00+08:00,0.10000000149011612,0.10000000149011612,0.10000000149011612,0.10000000149011612,0,0.0,0.0
2021-11-02 00:00:00+08:00,0.10000000149011612,0.10000000149011612,0.10000000149011612,0.10000000149011612,0,0.0,0.0
2021-11-03 00:00:00+08:00,0.10000000149011612,0.10000000149011612,0.10000000149011612,0.10000000149011612,0,0.0,0.0
2021-11-05 00:00:00+08:00,0.10000000149011612,0.10000000149011612,0.10000000149011612,0.10000000149011612,0,0.0,0.0
2021-11-08 00:00:00+08:00,0.1289999932050705,0.1289999932050705,0.10000000149011612,0.10000000149011612,3400,0.0,0.0
2021-11-09 00:00:00+08:00,0.10000000149011612,0.10000000149011612,0.10000000149011612,0.10000000149011612,0,0.0,0.0
2021-11-10 00:00:00+08:00,0.10000000149011612,0.10000000149011612,0.10000000149011612,0.10000000149011612,0,0.0,0.0
2021-11-11 00:00:00+08:00,0.10000000149011612,0.10000000149011612,0.10000000149011612,0.10000000149011612,0,0.0,0.0
2021-11-12 00:00:00+08:00,0.10000000149011612,0.10000000149011612,0.10000000149011612,0.10000000149011612,0,0.0,0.0
2021-11-15 00:00:00+08:00,0.10000000149011612,0.10000000149011612,0.10000000149011612,0.10000000149011612,0,0.0,0.0
2021-11-16 00:00:00+08:00,0.10000000149011612,0.10000000149011612,0.10000000149011612,0.10000000149011612,0,0.0,0.0
2021-11-17 00:00:00+08:00,0.10000000149011612,0.10000000149011612,0.10000000149011612,0.10000000149011612,0,0.0,0.0
2021-11-18 00:00:00+08:00,0.10000000149011612,0.10000000149011612,0.10000000149011612,0.10000000149011612,0,0.0,0.0
2021-11-19 00:00:00+08:00,0.10000000149011612,0.10000000149011612,0.10000000149011612,0.10000000149011612,0,0.0,0.0
2021-11-22 00:00:00+08:00,0.10000000149011612,0.10000000149011612,0.10000000149011612,0.10000000149011612,0,0.0,0.0
2021-11-23 00:00:00+08:00,0.10000000149011612,0.10000000149011612,0.10000000149011612,0.10000000149011612,0,0.0,0.0
2021-11-24 00:00:00+08:00,0.10000000149011612,0.10000000149011612,0.10000000149011612,0.10000000149011612,0,0.0,0.0
2021-11-25 00:00:00+08:00,0.10000000149011612,0.10000000149011612,0.10000000149011612,0.10000000149011612,0,0.0,0.0
2021-11-26 00:00:00+08:00,0.10000000149011612,0.10000000149011612,0.10000000149011612,0.10000000149011612,0,0.0,0.0
2021-11-29 00:00:00+08:00,0.10000000149011612,0.10000000149011612,0.10000000149011612,0.10000000149011612,0,0.0,0.0
2021-11-30 00:00:00+08:00,0.10000000149011612,0.10000000149011612,0.10000000149011612,0.10000000149011612,0,0.0,0.0
2021-12-01 00:00:00+08:00,0.10000000149011612,0.10000000149011612,0.10000000149011612,0.10000000149011612,0,0.0,0.0
2021-12-02 00:00:00+08:00,0.10000000149011612,0.10000000149011612,0.10000000149011612,0.10000000149011612,0,0.0,0.0
2021-12-03 00:00:00+08:00,0.10000000149011612,0.10000000149011612,0.10000000149011612,0.10000000149011612,0,0.0,0.0
2021-12-06 00:00:00+08:00,0.10000000149011612,0.10000000149011612,0.10000000149011612,0.10000000149011612,0,0.0,0.0
2021-12-07 00:00:00+08:00,0.10000000149011612,0.10000000149011612,0.10000000149011612,0.10000000149011612,1400,0.0,0.0
2021-12-08 00:00:00+08:00,0.10000000149011612,0.10000000149011612,0.10000000149011612,0.10000000149011612,0,0.0,0.0
2021-12-09 00:00:00+08:00,0.10000000149011612,0.10000000149011612,0.10000000149011612,0.10000000149011612,0,0.0,0.0
2021-12-10 00:00:00+08:00,0.10000000149011612,0.10000000149011612,0.10000000149011612,0.10000000149011612,0,0.0,0.0
2021-12-13 00:00:00+08:00,0.10000000149011612,0.10499999672174454,0.0989999994635582,0.10499999672174454,6500,0.0,0.0
2021-12-14 00:00:00+08:00,0.10499999672174454,0.10499999672174454,0.10499999672174454,0.10499999672174454,0,0.0,0.0
2021-12-15 00:00:00+08:00,0.10499999672174454,0.10499999672174454,0.10499999672174454,0.10499999672174454,0,0.0,0.0
2021-12-16 00:00:00+08:00,0.10499999672174454,0.10499999672174454,0.10499999672174454,0.10499999672174454,0,0.0,0.0
2021-12-17 00:00:00+08:00,0.10499999672174454,0.10499999672174454,0.10499999672174454,0.10499999672174454,0,0.0,0.0
2021-12-20 00:00:00+08:00,0.10499999672174454,0.10499999672174454,0.10499999672174454,0.10499999672174454,0,0.0,0.0
2021-12-21 00:00:00+08:00,0.10499999672174454,0.10499999672174454,0.10499999672174454,0.10499999672174454,0,0.0,0.0
2021-12-22 00:00:00+08:00,0.0820000022649765,0.08299999684095383,0.0820000022649765,0.08299999684095383,4000,0.0,0.0
2021-12-23 00:00:00+08:00,0.08299999684095383,0.08299999684095383,0.08299999684095383,0.08299999684095383,0,0.0,0.0
2021-12-24 00:00:00+08:00,0.0820000022649765,0.0820000022649765,0.08100000023841858,0.08100000023841858,8000,0.0,0.0
2021-12-27 00:00:00+08:00,0.08100000023841858,0.08100000023841858,0.08100000023841858,0.08100000023841858,0,0.0,0.0
2021-12-28 00:00:00+08:00,0.08100000023841858,0.08100000023841858,0.08100000023841858,0.08100000023841858,0,0.0,0.0
2021-12-29 00:00:00+08:00,0.08100000023841858,0.08100000023841858,0.08100000023841858,0.08100000023841858,0,0.0,0.0
2021-12-30 00:00:00+08:00,0.08100000023841858,0.08100000023841858,0.08100000023841858,0.08100000023841858,0,0.0,0.0
2021-12-31 00:00:00+08:00,0.08100000023841858,0.08100000023841858,0.08100000023841858,0.08100000023841858,0,0.0,0.0
2022-01-03 00:00:00+08:00,0.08100000023841858,0.08100000023841858,0.08100000023841858,0.08100000023841858,0,0.0,0.0
2022-01-04 00:00:00+08:00,0.08100000023841858,0.08100000023841858,0.08100000023841858,0.08100000023841858,0,0.0,0.0
2022-01-05 00:00:00+08:00,0.08100000023841858,0.08100000023841858,0.08100000023841858,0.08100000023841858,0,0.0,0.0
2022-01-06 00:00:00+08:00,0.08100000023841858,0.08100000023841858,0.08100000023841858,0.08100000023841858,0,0.0,0.0
2022-01-07 00:00:00+08:00,0.08100000023841858,0.08100000023841858,0.08100000023841858,0.08100000023841858,0,0.0,0.0
2022-01-10 00:00:00+08:00,0.08299999684095383,0.08299999684095383,0.08299999684095383,0.08299999684095383,4000,0.0,0.0
2022-01-11 00:00:00+08:00,0.08299999684095383,0.08299999684095383,0.08299999684095383,0.08299999684095383,0,0.0,0.0
2022-01-12 00:00:00+08:00,0.08299999684095383,0.08299999684095383,0.08299999684095383,0.08299999684095383,0,0.0,0.0
2022-01-13 00:00:00+08:00,0.08299999684095383,0.08299999684095383,0.08299999684095383,0.08299999684095383,0,0.0,0.0
2022-01-14 00:00:00+08:00,0.08299999684095383,0.0989999994635582,0.08299999684095383,0.0989999994635582,1200,0.0,0.0
2022-01-17 00:00:00+08:00,0.10000000149011612,0.10000000149011612,0.10000000149011612,0.10000000149011612,20000,0.0,0.0
2022-01-18 00:00:00+08:00,0.10000000149011612,0.10000000149011612,0.10000000149011612,0.10000000149011612,0,0.0,0.0
2022-01-19 00:00:00+08:00,0.10000000149011612,0.10000000149011612,0.10000000149011612,0.10000000149011612,0,0.0,0.0
2022-01-20 00:00:00+08:00,0.10000000149011612,0.10000000149011612,0.10000000149011612,0.10000000149011612,0,0.0,0.0
2022-01-21 00:00:00+08:00,0.10000000149011612,0.10000000149011612,0.10000000149011612,0.10000000149011612,0,0.0,0.0
2022-01-24 00:00:00+08:00,0.0820000022649765,0.0820000022649765,0.0820000022649765,0.0820000022649765,1000,0.0,0.0
2022-01-25 00:00:00+08:00,0.0820000022649765,0.0820000022649765,0.0820000022649765,0.0820000022649765,0,0.0,0.0
2022-01-26 00:00:00+08:00,0.0820000022649765,0.0820000022649765,0.0820000022649765,0.0820000022649765,0,0.0,0.0
2022-01-27 00:00:00+08:00,0.0820000022649765,0.0820000022649765,0.0820000022649765,0.0820000022649765,0,0.0,0.0
2022-01-28 00:00:00+08:00,0.0820000022649765,0.0820000022649765,0.0820000022649765,0.0820000022649765,0,0.0,0.0
2022-01-31 00:00:00+08:00,0.0820000022649765,0.0820000022649765,0.0820000022649765,0.0820000022649765,0,0.0,0.0
2022-02-03 00:00:00+08:00,0.0820000022649765,0.0820000022649765,0.0820000022649765,0.0820000022649765,0,0.0,0.0
2022-02-04 00:00:00+08:00,0.09000000357627869,0.1120000034570694,0.09000000357627869,0.1120000034570694,11500,0.0,0.0
2022-02-07 00:00:00+08:00,0.1120000034570694,0.1120000034570694,0.1120000034570694,0.1120000034570694,0,0.0,0.0
2022-02-08 00:00:00+08:00,0.1120000034570694,0.1120000034570694,0.1120000034570694,0.1120000034570694,0,0.0,0.0
2022-02-09 00:00:00+08:00,0.1120000034570694,0.1120000034570694,0.1120000034570694,0.1120000034570694,0,0.0,0.0
2022-02-10 00:00:00+08:00,0.1120000034570694,0.1120000034570694,0.1120000034570694,0.1120000034570694,0,0.0,0.0
2022-02-11 00:00:00+08:00,0.1120000034570694,0.1120000034570694,0.1120000034570694,0.1120000034570694,0,0.0,0.0
2022-02-14 00:00:00+08:00,0.1120000034570694,0.1120000034570694,0.1120000034570694,0.1120000034570694,0,0.0,0.0
2022-02-15 00:00:00+08:00,0.1120000034570694,0.1120000034570694,0.1120000034570694,0.1120000034570694,0,0.0,0.0
2022-02-16 00:00:00+08:00,0.1120000034570694,0.1120000034570694,0.1120000034570694,0.1120000034570694,0,0.0,0.0
2022-02-17 00:00:00+08:00,0.1120000034570694,0.1120000034570694,0.1120000034570694,0.1120000034570694,0,0.0,0.0
2022-02-18 00:00:00+08:00,0.1120000034570694,0.1120000034570694,0.1120000034570694,0.1120000034570694,0,0.0,0.0
2022-02-21 00:00:00+08:00,0.1120000034570694,0.1120000034570694,0.1120000034570694,0.1120000034570694,0,0.0,0.0
2022-02-22 00:00:00+08:00,0.1120000034570694,0.1120000034570694,0.1120000034570694,0.1120000034570694,0,0.0,0.0
2022-02-23 00:00:00+08:00,0.10999999940395355,0.11900000274181366,0.08500000089406967,0.08500000089406967,9100,0.0,0.0
2022-02-24 00:00:00+08:00,0.08500000089406967,0.08500000089406967,0.08500000089406967,0.08500000089406967,0,0.0,0.0
2022-02-25 00:00:00+08:00,0.08500000089406967,0.08500000089406967,0.08500000089406967,0.08500000089406967,0,0.0,0.0
2022-02-28 00:00:00+08:00,0.08500000089406967,0.08500000089406967,0.08500000089406967,0.08500000089406967,0,0.0,0.0
2022-03-01 00:00:00+08:00,0.08500000089406967,0.08500000089406967,0.08500000089406967,0.08500000089406967,0,0.0,0.0
2022-03-02 00:00:00+08:00,0.08500000089406967,0.08500000089406967,0.08500000089406967,0.08500000089406967,0,0.0,0.0
2022-03-03 00:00:00+08:00,0.08500000089406967,0.08500000089406967,0.08500000089406967,0.08500000089406967,0,0.0,0.0
2022-03-04 00:00:00+08:00,0.08500000089406967,0.08500000089406967,0.08500000089406967,0.08500000089406967,0,0.0,0.0
2022-03-07 00:00:00+08:00,0.08500000089406967,0.08500000089406967,0.08500000089406967,0.08500000089406967,2000,0.0,0.0
2022-03-08 00:00:00+08:00,0.08500000089406967,0.08500000089406967,0.08500000089406967,0.08500000089406967,0,0.0,0.0
2022-03-09 00:00:00+08:00,0.08500000089406967,0.08500000089406967,0.08500000089406967,0.08500000089406967,0,0.0,0.0
2022-03-10 00:00:00+08:00,0.08500000089406967,0.08500000089406967,0.08500000089406967,0.08500000089406967,0,0.0,0.0
2022-03-11 00:00:00+08:00,0.08500000089406967,0.08500000089406967,0.08500000089406967,0.08500000089406967,0,0.0,0.0
2022-03-14 00:00:00+08:00,0.08500000089406967,0.08500000089406967,0.08500000089406967,0.08500000089406967,0,0.0,0.0
2022-03-15 00:00:00+08:00,0.08500000089406967,0.08500000089406967,0.08500000089406967,0.08500000089406967,0,0.0,0.0
2022-03-16 00:00:00+08:00,0.08500000089406967,0.08500000089406967,0.08500000089406967,0.08500000089406967,0,0.0,0.0
2022-03-17 00:00:00+08:00,0.08500000089406967,0.08500000089406967,0.08500000089406967,0.08500000089406967,0,0.0,0.0
2022-03-18 00:00:00+08:00,0.08500000089406967,0.08500000089406967,0.08500000089406967,0.08500000089406967,0,0.0,0.0
2022-03-21 00:00:00+08:00,0.08500000089406967,0.08500000089406967,0.08500000089406967,0.08500000089406967,0,0.0,0.0
2022-03-22 00:00:00+08:00,0.08500000089406967,0.08500000089406967,0.08500000089406967,0.08500000089406967,0,0.0,0.0
2022-03-23 00:00:00+08:00,0.08500000089406967,0.08500000089406967,0.08500000089406967,0.08500000089406967,0,0.0,0.0
2022-03-24 00:00:00+08:00,0.08500000089406967,0.08500000089406967,0.08500000089406967,0.08500000089406967,0,0.0,0.0
2022-03-25 00:00:00+08:00,0.08500000089406967,0.08500000089406967,0.08500000089406967,0.08500000089406967,0,0.0,0.0
2022-03-28 00:00:00+08:00,0.08500000089406967,0.08500000089406967,0.08500000089406967,0.08500000089406967,0,0.0,0.0
2022-03-29 00:00:00+08:00,0.08500000089406967,0.08500000089406967,0.08500000089406967,0.08500000089406967,0,0.0,0.0
2022-03-30 00:00:00+08:00,0.08500000089406967,0.08500000089406967,0.08500000089406967,0.08500000089406967,0,0.0,0.0
2022-03-31 00:00:00+08:00,0.08500000089406967,0.08500000089406967,0.08500000089406967,0.08500000089406967,0,0.0,0.0
2022-04-01 00:00:00+08:00,0.08500000089406967,0.08500000089406967,0.08500000089406967,0.08500000089406967,0,0.0,0.0
2022-04-04 00:00:00+08:00,0.08500000089406967,0.08500000089406967,0.08500000089406967,0.08500000089406967,0,0.0,0.0
2022-04-05 00:00:00+08:00,0.08500000089406967,0.08500000089406967,0.08500000089406967,0.08500000089406967,0,0.0,0.0
2022-04-06 00:00:00+08:00,0.08500000089406967,0.08500000089406967,0.08500000089406967,0.08500000089406967,0,0.0,0.0
2022-04-07 00:00:00+08:00,0.08500000089406967,0.08500000089406967,0.08500000089406967,0.08500000089406967,0,0.0,0.0
2022-04-08 00:00:00+08:00,0.08500000089406967,0.08500000089406967,0.08500000089406967,0.08500000089406967,0,0.0,0.0
2022-04-11 00:00:00+08:00,0.08500000089406967,0.08500000089406967,0.08500000089406967,0.08500000089406967,0,0.0,0.0
2022-04-12 00:00:00+08:00,0.08500000089406967,0.08500000089406967,0.08500000089406967,0.08500000089406967,0,0.0,0.0
2022-04-13 00:00:00+08:00,0.08500000089406967,0.08500000089406967,0.08500000089406967,0.08500000089406967,0,0.0,0.0
2022-04-14 00:00:00+08:00,0.08500000089406967,0.08500000089406967,0.08500000089406967,0.08500000089406967,0,0.0,0.0
2022-04-18 00:00:00+08:00,0.08500000089406967,0.08500000089406967,0.08500000089406967,0.08500000089406967,0,0.0,0.0
2022-04-19 00:00:00+08:00,0.10000000149011612,0.10000000149011612,0.10000000149011612,0.10000000149011612,20000,0.0,0.0
2022-04-20 00:00:00+08:00,0.10000000149011612,0.10000000149011612,0.10000000149011612,0.10000000149011612,0,0.0,0.0
2022-04-21 00:00:00+08:00,0.10000000149011612,0.10000000149011612,0.10000000149011612,0.10000000149011612,0,0.0,0.0
2022-04-22 00:00:00+08:00,0.10000000149011612,0.10000000149011612,0.10000000149011612,0.10000000149011612,20000,0.0,0.0
2022-04-25 00:00:00+08:00,0.10000000149011612,0.10000000149011612,0.10000000149011612,0.10000000149011612,0,0.0,0.0
2022-04-26 00:00:00+08:00,0.10000000149011612,0.10000000149011612,0.10000000149011612,0.10000000149011612,0,0.0,0.0
2022-04-27 00:00:00+08:00,0.10000000149011612,0.10000000149011612,0.10000000149011612,0.10000000149011612,0,0.0,0.0
2022-04-28 00:00:00+08:00,0.10000000149011612,0.10000000149011612,0.10000000149011612,0.10000000149011612,0,0.0,0.0
2022-04-29 00:00:00+08:00,0.10000000149011612,0.10000000149011612,0.10000000149011612,0.10000000149011612,0,0.0,0.0
2022-05-04 00:00:00+08:00,0.10000000149011612,0.10000000149011612,0.10000000149011612,0.10000000149011612,0,0.0,0.0
2022-05-05 00:00:00+08:00,0.10000000149011612,0.10000000149011612,0.10000000149011612,0.10000000149011612,0,0.0,0.0
2022-05-06 00:00:00+08:00,0.10000000149011612,0.10000000149011612,0.10000000149011612,0.10000000149011612,0,0.0,0.0
2022-05-09 00:00:00+08:00,0.10000000149011612,0.10000000149011612,0.10000000149011612,0.10000000149011612,0,0.0,0.0
2022-05-10 00:00:00+08:00,0.10000000149011612,0.10000000149011612,0.10000000149011612,0.10000000149011612,0,0.0,0.0
2022-05-11 00:00:00+08:00,0.10000000149011612,0.10000000149011612,0.10000000149011612,0.10000000149011612,0,0.0,0.0
2022-05-12 00:00:00+08:00,0.10000000149011612,0.10000000149011612,0.10000000149011612,0.10000000149011612,0,0.0,0.0
2022-05-13 00:00:00+08:00,0.10000000149011612,0.10000000149011612,0.10000000149011612,0.10000000149011612,0,0.0,0.0
2022-05-17 00:00:00+08:00,0.10000000149011612,0.10000000149011612,0.10000000149011612,0.10000000149011612,0,0.0,0.0
2022-05-18 00:00:00+08:00,0.10000000149011612,0.10000000149011612,0.10000000149011612,0.10000000149011612,0,0.0,0.0
2022-05-19 00:00:00+08:00,0.10000000149011612,0.10000000149011612,0.10000000149011612,0.10000000149011612,0,0.0,0.0
2022-05-20 00:00:00+08:00,0.10000000149011612,0.10000000149011612,0.10000000149011612,0.10000000149011612,0,0.0,0.0
2022-05-23 00:00:00+08:00,0.10000000149011612,0.10000000149011612,0.10000000149011612,0.10000000149011612,0,0.0,0.0
2022-05-24 00:00:00+08:00,0.10000000149011612,0.10000000149011612,0.10000000149011612,0.10000000149011612,0,0.0,0.0
2022-05-25 00:00:00+08:00,0.10000000149011612,0.10000000149011612,0.10000000149011612,0.10000000149011612,0,0.0,0.0
2022-05-26 00:00:00+08:00,0.10000000149011612,0.10000000149011612,0.10000000149011612,0.10000000149011612,0,0.0,0.0
2022-05-27 00:00:00+08:00,0.10000000149011612,0.10000000149011612,0.10000000149011612,0.10000000149011612,0,0.0,0.0
2022-05-30 00:00:00+08:00,0.10000000149011612,0.10000000149011612,0.10000000149011612,0.10000000149011612,0,0.0,0.0
2022-05-31 00:00:00+08:00,0.11900000274181366,0.12099999934434891,0.11900000274181366,0.12099999934434891,10000,0.0,0.0
2022-06-01 00:00:00+08:00,0.12099999934434891,0.12099999934434891,0.12099999934434891,0.12099999934434891,0,0.0,0.0
2022-06-02 00:00:00+08:00,0.12099999934434891,0.12099999934434891,0.12099999934434891,0.12099999934434891,0,0.0,0.0
2022-06-03 00:00:00+08:00,0.12099999934434891,0.12099999934434891,0.12099999934434891,0.12099999934434891,0,0.0,0.0
2022-06-06 00:00:00+08:00,0.12099999934434891,0.12099999934434891,0.12099999934434891,0.12099999934434891,0,0.0,0.0
2022-06-07 00:00:00+08:00,0.12099999934434891,0.12099999934434891,0.12099999934434891,0.12099999934434891,0,0.0,0.0
2022-06-08 00:00:00+08:00,0.12099999934434891,0.12099999934434891,0.12099999934434891,0.12099999934434891,0,0.0,0.0
2022-06-09 00:00:00+08:00,0.12099999934434891,0.12099999934434891,0.12099999934434891,0.12099999934434891,0,0.0,0.0
2022-06-10 00:00:00+08:00,0.12099999934434891,0.12099999934434891,0.12099999934434891,0.12099999934434891,0,0.0,0.0
2022-06-13 00:00:00+08:00,0.12099999934434891,0.12099999934434891,0.12099999934434891,0.12099999934434891,0,0.0,0.0
2022-06-14 00:00:00+08:00,0.12099999934434891,0.12099999934434891,0.12099999934434891,0.12099999934434891,0,0.0,0.0
2022-06-15 00:00:00+08:00,0.12099999934434891,0.12099999934434891,0.12099999934434891,0.12099999934434891,0,0.0,0.0
2022-06-16 00:00:00+08:00,0.12099999934434891,0.12099999934434891,0.12099999934434891,0.12099999934434891,0,0.0,0.0
2022-06-17 00:00:00+08:00,0.12099999934434891,0.12099999934434891,0.12099999934434891,0.12099999934434891,0,0.0,0.0
2022-06-20 00:00:00+08:00,0.12099999934434891,0.12099999934434891,0.12099999934434891,0.12099999934434891,0,0.0,0.0
2022-06-21 00:00:00+08:00,0.12099999934434891,0.12099999934434891,0.12099999934434891,0.12099999934434891,0,0.0,0.0
2022-06-22 00:00:00+08:00,0.12099999934434891,0.12099999934434891,0.12099999934434891,0.12099999934434891,0,0.0,0.0
2022-06-23 00:00:00+08:00,0.12099999934434891,0.12099999934434891,0.12099999934434891,0.12099999934434891,0,0.0,0.0
2022-06-24 00:00:00+08:00,0.12099999934434891,0.12099999934434891,0.12099999934434891,0.12099999934434891,0,0.0,0.0
2022-06-27 00:00:00+08:00,0.12099999934434891,0.12099999934434891,0.12099999934434891,0.12099999934434891,0,0.0,0.0
2022-06-28 00:00:00+08:00,0.12099999934434891,0.12099999934434891,0.12099999934434891,0.12099999934434891,0,0.0,0.0
2022-06-29 00:00:00+08:00,0.12099999934434891,0.12099999934434891,0.12099999934434891,0.12099999934434891,0,0.0,0.0
2022-06-30 00:00:00+08:00,0.12099999934434891,0.12099999934434891,0.12099999934434891,0.12099999934434891,0,0.0,0.0
2022-07-01 00:00:00+08:00,0.12099999934434891,0.12099999934434891,0.12099999934434891,0.12099999934434891,0,0.0,0.0
2022-07-04 00:00:00+08:00,0.12099999934434891,0.12099999934434891,0.12099999934434891,0.12099999934434891,0,0.0,0.0
2022-07-05 00:00:00+08:00,0.12099999934434891,0.12099999934434891,0.12099999934434891,0.12099999934434891,0,0.0,0.0
2022-07-06 00:00:00+08:00,0.12099999934434891,0.12099999934434891,0.12099999934434891,0.12099999934434891,0,0.0,0.0
2022-07-07 00:00:00+08:00,0.12099999934434891,0.12099999934434891,0.12099999934434891,0.12099999934434891,0,0.0,0.0
2022-07-08 00:00:00+08:00,0.12099999934434891,0.12099999934434891,0.12099999934434891,0.12099999934434891,0,0.0,0.0
2022-07-12 00:00:00+08:00,0.12099999934434891,0.12099999934434891,0.12099999934434891,0.12099999934434891,0,0.0,0.0
2022-07-13 00:00:00+08:00,0.12099999934434891,0.12099999934434891,0.12099999934434891,0.12099999934434891,0,0.0,0.0
2022-07-14 00:00:00+08:00,0.12099999934434891,0.12099999934434891,0.12099999934434891,0.12099999934434891,0,0.0,0.0
2022-07-15 00:00:00+08:00,0.12099999934434891,0.12099999934434891,0.12099999934434891,0.12099999934434891,0,0.0,0.0
2022-07-18 00:00:00+08:00,0.12099999934434891,0.12099999934434891,0.12099999934434891,0.12099999934434891,0,0.0,0.0
2022-07-19 00:00:00+08:00,0.12099999934434891,0.12099999934434891,0.12099999934434891,0.12099999934434891,0,0.0,0.0
2022-07-20 00:00:00+08:00,0.12099999934434891,0.12099999934434891,0.12099999934434891,0.12099999934434891,0,0.0,0.0
2022-07-21 00:00:00+08:00,0.12099999934434891,0.12099999934434891,0.12099999934434891,0.12099999934434891,0,0.0,0.0
2022-07-22 00:00:00+08:00,0.12099999934434891,0.12099999934434891,0.12099999934434891,0.12099999934434891,0,0.0,0.0
2022-07-25 00:00:00+08:00,0.12099999934434891,0.12099999934434891,0.12099999934434891,0.12099999934434891,0,0.0,0.0
2022-07-26 00:00:00+08:00,0.12099999934434891,0.12099999934434891,0.12099999934434891,0.12099999934434891,0,0.0,0.0
2022-07-27 00:00:00+08:00,0.12099999934434891,0.12099999934434891,0.12099999934434891,0.12099999934434891,0,0.0,0.0
2022-07-28 00:00:00+08:00,0.12099999934434891,0.12099999934434891,0.12099999934434891,0.12099999934434891,0,0.0,0.0
2022-07-29 00:00:00+08:00,0.12099999934434891,0.12099999934434891,0.12099999934434891,0.12099999934434891,0,0.0,0.0
2022-08-01 00:00:00+08:00,0.12099999934434891,0.12099999934434891,0.12099999934434891,0.12099999934434891,0,0.0,0.0
2022-08-02 00:00:00+08:00,0.12099999934434891,0.12099999934434891,0.12099999934434891,0.12099999934434891,0,0.0,0.0
2022-08-03 00:00:00+08:00,0.12099999934434891,0.12099999934434891,0.12099999934434891,0.12099999934434891,0,0.0,0.0
2022-08-04 00:00:00+08:00,0.1379999965429306,0.1379999965429306,0.1379999965429306,0.1379999965429306,14100,0.0,0.0
2022-08-05 00:00:00+08:00,0.1379999965429306,0.1379999965429306,0.1379999965429306,0.1379999965429306,0,0.0,0.0
2022-08-08 00:00:00+08:00,0.1379999965429306,0.1379999965429306,0.1379999965429306,0.1379999965429306,7300,0.0,0.0
2022-08-10 00:00:00+08:00,0.1379999965429306,0.1379999965429306,0.1379999965429306,0.1379999965429306,0,0.0,0.0
2022-08-11 00:00:00+08:00,0.1379999965429306,0.1379999965429306,0.1379999965429306,0.1379999965429306,0,0.0,0.0
2022-08-12 00:00:00+08:00,0.1379999965429306,0.1379999965429306,0.1379999965429306,0.1379999965429306,0,0.0,0.0
2022-08-15 00:00:00+08:00,0.1379999965429306,0.1379999965429306,0.1379999965429306,0.1379999965429306,0,0.0,0.0
2022-08-16 00:00:00+08:00,0.1379999965429306,0.1379999965429306,0.1379999965429306,0.1379999965429306,0,0.0,0.0
2022-08-17 00:00:00+08:00,0.1379999965429306,0.1379999965429306,0.1379999965429306,0.1379999965429306,0,0.0,0.0
2022-08-18 00:00:00+08:00,0.1379999965429306,0.1379999965429306,0.1379999965429306,0.1379999965429306,0,0.0,0.0
2022-08-19 00:00:00+08:00,0.1379999965429306,0.1379999965429306,0.1379999965429306,0.1379999965429306,0,0.0,0.0
2022-08-22 00:00:00+08:00,0.1379999965429306,0.1379999965429306,0.1379999965429306,0.1379999965429306,0,0.0,0.0
2022-08-23 00:00:00+08:00,0.1379999965429306,0.1379999965429306,0.1379999965429306,0.1379999965429306,0,0.0,0.0
2022-08-24 00:00:00+08:00,0.1379999965429306,0.1379999965429306,0.1379999965429306,0.1379999965429306,0,0.0,0.0
2022-08-25 00:00:00+08:00,0.1379999965429306,0.1379999965429306,0.1379999965429306,0.1379999965429306,0,0.0,0.0
2022-08-26 00:00:00+08:00,0.1379999965429306,0.1379999965429306,0.1379999965429306,0.1379999965429306,0,0.0,0.0
2022-08-29 00:00:00+08:00,0.1379999965429306,0.1379999965429306,0.1379999965429306,0.1379999965429306,0,0.0,0.0
2022-08-30 00:00:00+08:00,0.1379999965429306,0.1379999965429306,0.1379999965429306,0.1379999965429306,0,0.0,0.0
2022-08-31 00:00:00+08:00,0.1379999965429306,0.1379999965429306,0.1379999965429306,0.1379999965429306,0,0.0,0.0
2022-09-01 00:00:00+08:00,0.1379999965429306,0.1379999965429306,0.1379999965429306,0.1379999965429306,0,0.0,0.0
2022-09-02 00:00:00+08:00,0.1379999965429306,0.1379999965429306,0.1379999965429306,0.1379999965429306,0,0.0,0.0
2022-09-05 00:00:00+08:00,0.1379999965429306,0.1379999965429306,0.1379999965429306,0.1379999965429306,0,0.0,0.0
2022-09-06 00:00:00+08:00,0.1379999965429306,0.1379999965429306,0.1379999965429306,0.1379999965429306,0,0.0,0.0
2022-09-07 00:00:00+08:00,0.1379999965429306,0.1379999965429306,0.1379999965429306,0.1379999965429306,0,0.0,0.0
2022-09-08 00:00:00+08:00,0.1379999965429306,0.1379999965429306,0.1379999965429306,0.1379999965429306,0,0.0,0.0
2022-09-09 00:00:00+08:00,0.1379999965429306,0.1379999965429306,0.1379999965429306,0.1379999965429306,0,0.0,0.0
2022-09-12 00:00:00+08:00,0.1379999965429306,0.1379999965429306,0.1379999965429306,0.1379999965429306,0,0.0,0.0
2022-09-13 00:00:00+08:00,0.1379999965429306,0.1379999965429306,0.1379999965429306,0.1379999965429306,0,0.0,0.0
2022-09-14 00:00:00+08:00,0.1379999965429306,0.1379999965429306,0.1379999965429306,0.1379999965429306,0,0.0,0.0
2022-09-15 00:00:00+08:00,0.1379999965429306,0.1379999965429306,0.1379999965429306,0.1379999965429306,0,0.0,0.0
2022-09-16 00:00:00+08:00,0.1379999965429306,0.1379999965429306,0.1379999965429306,0.1379999965429306,0,0.0,0.0
2022-09-19 00:00:00+08:00,0.1379999965429306,0.1379999965429306,0.1379999965429306,0.1379999965429306,0,0.0,0.0
2022-09-20 00:00:00+08:00,0.1379999965429306,0.1379999965429306,0.1379999965429306,0.1379999965429306,0,0.0,0.0
2022-09-21 00:00:00+08:00,0.1379999965429306,0.1379999965429306,0.1379999965429306,0.1379999965429306,0,0.0,0.0
2022-09-22 00:00:00+08:00,0.1379999965429306,0.1379999965429306,0.1379999965429306,0.1379999965429306,0,0.0,0.0
2022-09-23 00:00:00+08:00,0.1379999965429306,0.1379999965429306,0.1379999965429306,0.1379999965429306,0,0.0,0.0
2022-09-26 00:00:00+08:00,0.1379999965429306,0.1379999965429306,0.1379999965429306,0.1379999965429306,0,0.0,0.0
2022-09-27 00:00:00+08:00,0.1379999965429306,0.1379999965429306,0.1379999965429306,0.1379999965429306,0,0.0,0.0
2022-09-28 00:00:00+08:00,0.1379999965429306,0.1379999965429306,0.1379999965429306,0.1379999965429306,0,0.0,0.0
2022-09-29 00:00:00+08:00,0.1379999965429306,0.1379999965429306,0.1379999965429306,0.1379999965429306,0,0.0,0.0
2022-09-30 00:00:00+08:00,0.1379999965429306,0.1379999965429306,0.1379999965429306,0.1379999965429306,0,0.0,0.0
2022-10-03 00:00:00+08:00,0.1379999965429306,0.1379999965429306,0.1379999965429306,0.1379999965429306,0,0.0,0.0
2022-10-04 00:00:00+08:00,0.1379999965429306,0.1379999965429306,0.1379999965429306,0.1379999965429306,0,0.0,0.0
2022-10-05 00:00:00+08:00,0.1379999965429306,0.1379999965429306,0.1379999965429306,0.1379999965429306,0,0.0,0.0
2022-10-06 00:00:00+08:00,0.1379999965429306,0.1379999965429306,0.1379999965429306,0.1379999965429306,0,0.0,0.0
2022-10-07 00:00:00+08:00,0.1379999965429306,0.1379999965429306,0.1379999965429306,0.1379999965429306,0,0.0,0.0
2022-10-10 00:00:00+08:00,0.1379999965429306,0.1379999965429306,0.1379999965429306,0.1379999965429306,0,0.0,0.0
2022-10-11 00:00:00+08:00,0.1379999965429306,0.1379999965429306,0.1379999965429306,0.1379999965429306,0,0.0,0.0
2022-10-12 00:00:00+08:00,0.1379999965429306,0.1379999965429306,0.1379999965429306,0.1379999965429306,0,0.0,0.0
2022-10-13 00:00:00+08:00,0.1379999965429306,0.1379999965429306,0.1379999965429306,0.1379999965429306,0,0.0,0.0
2022-10-14 00:00:00+08:00,0.1379999965429306,0.1379999965429306,0.1379999965429306,0.1379999965429306,0,0.0,0.0
2022-10-17 00:00:00+08:00,0.1379999965429306,0.1379999965429306,0.1379999965429306,0.1379999965429306,0,0.0,0.0
2022-10-18 00:00:00+08:00,0.1379999965429306,0.1379999965429306,0.1379999965429306,0.1379999965429306,0,0.0,0.0
2022-10-19 00:00:00+08:00,0.1379999965429306,0.1379999965429306,0.1379999965429306,0.1379999965429306,0,0.0,0.0
2022-10-20 00:00:00+08:00,0.1379999965429306,0.1379999965429306,0.1379999965429306,0.1379999965429306,0,0.0,0.0
2022-10-21 00:00:00+08:00,0.1379999965429306,0.1379999965429306,0.1379999965429306,0.1379999965429306,0,0.0,0.0
2022-10-25 00:00:00+08:00,0.1379999965429306,0.1379999965429306,0.1379999965429306,0.1379999965429306,0,0.0,0.0
2022-10-26 00:00:00+08:00,0.1379999965429306,0.1379999965429306,0.1379999965429306,0.1379999965429306,0,0.0,0.0
2022-10-27 00:00:00+08:00,0.1379999965429306,0.1379999965429306,0.1379999965429306,0.1379999965429306,0,0.0,0.0
2022-10-28 00:00:00+08:00,0.1379999965429306,0.1379999965429306,0.1379999965429306,0.1379999965429306,0,0.0,0.0
2022-10-31 00:00:00+08:00,0.1379999965429306,0.1379999965429306,0.1379999965429306,0.1379999965429306,0,0.0,0.0
2022-11-01 00:00:00+08:00,0.1379999965429306,0.1379999965429306,0.1379999965429306,0.1379999965429306,0,0.0,0.0
2022-11-02 00:00:00+08:00,0.1379999965429306,0.1379999965429306,0.1379999965429306,0.1379999965429306,0,0.0,0.0
2022-11-03 00:00:00+08:00,0.1379999965429306,0.1379999965429306,0.1379999965429306,0.1379999965429306,0,0.0,0.0
2022-11-04 00:00:00+08:00,0.1379999965429306,0.1379999965429306,0.1379999965429306,0.1379999965429306,0,0.0,0.0
2022-11-07 00:00:00+08:00,0.1379999965429306,0.1379999965429306,0.1379999965429306,0.1379999965429306,0,0.0,0.0
2022-11-08 00:00:00+08:00,0.1379999965429306,0.1379999965429306,0.1379999965429306,0.1379999965429306,0,0.0,0.0
2022-11-09 00:00:00+08:00,0.1379999965429306,0.1379999965429306,0.1379999965429306,0.1379999965429306,0,0.0,0.0
2022-11-10 00:00:00+08:00,0.1379999965429306,0.1379999965429306,0.1379999965429306,0.1379999965429306,0,0.0,0.0
2022-11-11 00:00:00+08:00,0.1379999965429306,0.1379999965429306,0.1379999965429306,0.1379999965429306,0,0.0,0.0
2022-11-14 00:00:00+08:00,0.1379999965429306,0.1379999965429306,0.1379999965429306,0.1379999965429306,0,0.0,0.0
2022-11-15 00:00:00+08:00,0.1379999965429306,0.1379999965429306,0.1379999965429306,0.1379999965429306,0,0.0,0.0
2022-11-16 00:00:00+08:00,0.1379999965429306,0.1379999965429306,0.1379999965429306,0.1379999965429306,0,0.0,0.0
2022-11-17 00:00:00+08:00,0.1379999965429306,0.1379999965429306,0.1379999965429306,0.1379999965429306,0,0.0,0.0
2022-11-18 00:00:00+08:00,0.1379999965429306,0.1379999965429306,0.1379999965429306,0.1379999965429306,0,0.0,0.0
2022-11-21 00:00:00+08:00,0.1379999965429306,0.1379999965429306,0.1379999965429306,0.1379999965429306,0,0.0,0.0
2022-11-22 00:00:00+08:00,0.1379999965429306,0.1379999965429306,0.1379999965429306,0.1379999965429306,0,0.0,0.0
2022-11-23 00:00:00+08:00,0.1379999965429306,0.1379999965429306,0.1379999965429306,0.1379999965429306,0,0.0,0.0
2022-11-24 00:00:00+08:00,0.1379999965429306,0.1379999965429306,0.1379999965429306,0.1379999965429306,0,0.0,0.0
2022-11-25 00:00:00+08:00,0.1379999965429306,0.1379999965429306,0.1379999965429306,0.1379999965429306,0,0.0,0.0
2022-11-28 00:00:00+08:00,0.1379999965429306,0.1379999965429306,0.1379999965429306,0.1379999965429306,0,0.0,0.0
2022-11-29 00:00:00+08:00,0.1379999965429306,0.1379999965429306,0.1379999965429306,0.1379999965429306,0,0.0,0.0
2022-11-30 00:00:00+08:00,0.1379999965429306,0.1379999965429306,0.1379999965429306,0.1379999965429306,0,0.0,0.0
2022-12-01 00:00:00+08:00,0.1379999965429306,0.1379999965429306,0.1379999965429306,0.1379999965429306,0,0.0,0.0
2022-12-02 00:00:00+08:00,0.1379999965429306,0.1379999965429306,0.1379999965429306,0.1379999965429306,0,0.0,0.0
2022-12-05 00:00:00+08:00,0.1379999965429306,0.1379999965429306,0.1379999965429306,0.1379999965429306,0,0.0,0.0
2022-12-06 00:00:00+08:00,0.1379999965429306,0.1379999965429306,0.1379999965429306,0.1379999965429306,0,0.0,0.0
2022-12-07 00:00:00+08:00,0.1379999965429306,0.1379999965429306,0.1379999965429306,0.1379999965429306,0,0.0,0.0
2022-12-08 00:00:00+08:00,0.1379999965429306,0.1379999965429306,0.1379999965429306,0.1379999965429306,0,0.0,0.0
2022-12-09 00:00:00+08:00,0.18299999833106995,0.18299999833106995,0.18299999833106995,0.18299999833106995,5300,0.0,0.0
2022-12-12 00:00:00+08:00,0.18299999833106995,0.18299999833106995,0.18299999833106995,0.18299999833106995,0,0.0,0.0
2022-12-13 00:00:00+08:00,0.18299999833106995,0.18299999833106995,0.18299999833106995,0.18299999833106995,0,0.0,0.0
2022-12-14 00:00:00+08:00,0.18299999833106995,0.18299999833106995,0.18299999833106995,0.18299999833106995,0,0.0,0.0
2022-12-15 00:00:00+08:00,0.18299999833106995,0.18299999833106995,0.18299999833106995,0.18299999833106995,0,0.0,0.0
2022-12-16 00:00:00+08:00,0.18299999833106995,0.18299999833106995,0.18299999833106995,0.18299999833106995,0,0.0,0.0
2022-12-19 00:00:00+08:00,0.18299999833106995,0.18299999833106995,0.18299999833106995,0.18299999833106995,0,0.0,0.0
2022-12-20 00:00:00+08:00,0.18299999833106995,0.18299999833106995,0.18299999833106995,0.18299999833106995,0,0.0,0.0
2022-12-21 00:00:00+08:00,0.18299999833106995,0.18299999833106995,0.18299999833106995,0.18299999833106995,0,0.0,0.0
2022-12-22 00:00:00+08:00,0.18299999833106995,0.18299999833106995,0.18299999833106995,0.18299999833106995,0,0.0,0.0
2022-12-23 00:00:00+08:00,0.18299999833106995,0.18299999833106995,0.18299999833106995,0.18299999833106995,0,0.0,0.0
2022-12-27 00:00:00+08:00,0.18299999833106995,0.18299999833106995,0.18299999833106995,0.18299999833106995,0,0.0,0.0
2022-12-28 00:00:00+08:00,0.18299999833106995,0.18299999833106995,0.18299999833106995,0.18299999833106995,0,0.0,0.0
2022-12-29 00:00:00+08:00,0.18299999833106995,0.18299999833106995,0.18299999833106995,0.18299999833106995,0,0.0,0.0
2022-12-30 00:00:00+08:00,0.18299999833106995,0.18299999833106995,0.18299999833106995,0.18299999833106995,0,0.0,0.0
2023-01-03 00:00:00+08:00,0.18299999833106995,0.18299999833106995,0.18299999833106995,0.18299999833106995,0,0.0,0.0
2023-01-04 00:00:00+08:00,0.18299999833106995,0.18299999833106995,0.18299999833106995,0.18299999833106995,0,0.0,0.0
2023-01-05 00:00:00+08:00,0.18299999833106995,0.18299999833106995,0.18299999833106995,0.18299999833106995,0,0.0,0.0
2023-01-06 00:00:00+08:00,0.18299999833106995,0.18299999833106995,0.18299999833106995,0.18299999833106995,0,0.0,0.0
2023-01-09 00:00:00+08:00,0.18299999833106995,0.18299999833106995,0.18299999833106995,0.18299999833106995,0,0.0,0.0
2023-01-10 00:00:00+08:00,0.18299999833106995,0.18299999833106995,0.18299999833106995,0.18299999833106995,0,0.0,0.0
2023-01-11 00:00:00+08:00,0.18299999833106995,0.18299999833106995,0.18299999833106995,0.18299999833106995,0,0.0,0.0
2023-01-12 00:00:00+08:00,0.18299999833106995,0.18299999833106995,0.18299999833106995,0.18299999833106995,0,0.0,0.0
2023-01-13 00:00:00+08:00,0.18299999833106995,0.18299999833106995,0.18299999833106995,0.18299999833106995,0,0.0,0.0
2023-01-16 00:00:00+08:00,0.18299999833106995,0.18299999833106995,0.18299999833106995,0.18299999833106995,0,0.0,0.0
2023-01-17 00:00:00+08:00,0.18299999833106995,0.18299999833106995,0.18299999833106995,0.18299999833106995,0,0.0,0.0
2023-01-18 00:00:00+08:00,0.18299999833106995,0.18299999833106995,0.18299999833106995,0.18299999833106995,0,0.0,0.0
2023-01-19 00:00:00+08:00,0.18299999833106995,0.18299999833106995,0.18299999833106995,0.18299999833106995,0,0.0,0.0
2023-01-20 00:00:00+08:00,0.18299999833106995,0.18299999833106995,0.18299999833106995,0.18299999833106995,0,0.0,0.0
2023-01-25 00:00:00+08:00,0.18299999833106995,0.18299999833106995,0.18299999833106995,0.18299999833106995,0,0.0,0.0
2023-01-26 00:00:00+08:00,0.18299999833106995,0.18299999833106995,0.18299999833106995,0.18299999833106995,0,0.0,0.0
2023-01-27 00:00:00+08:00,0.18299999833106995,0.18299999833106995,0.18299999833106995,0.18299999833106995,0,0.0,0.0
2023-01-30 00:00:00+08:00,0.18299999833106995,0.18299999833106995,0.18299999833106995,0.18299999833106995,0,0.0,0.0
2023-01-31 00:00:00+08:00,0.18299999833106995,0.18299999833106995,0.18299999833106995,0.18299999833106995,0,0.0,0.0
2023-02-01 00:00:00+08:00,0.18299999833106995,0.18299999833106995,0.18299999833106995,0.18299999833106995,0,0.0,0.0
2023-02-02 00:00:00+08:00,0.18299999833106995,0.18299999833106995,0.18299999833106995,0.18299999833106995,0,0.0,0.0
2023-02-03 00:00:00+08:00,0.18299999833106995,0.18299999833106995,0.18299999833106995,0.18299999833106995,0,0.0,0.0
2023-02-06 00:00:00+08:00,0.18299999833106995,0.18299999833106995,0.18299999833106995,0.18299999833106995,0,0.0,0.0
2023-02-07 00:00:00+08:00,0.18299999833106995,0.18299999833106995,0.18299999833106995,0.18299999833106995,0,0.0,0.0
2023-02-08 00:00:00+08:00,0.1899999976158142,0.1899999976158142,0.1899999976158142,0.1899999976158142,1000,0.0,0.0
2023-02-09 00:00:00+08:00,0.1899999976158142,0.1899999976158142,0.1899999976158142,0.1899999976158142,0,0.0,0.0
2023-02-10 00:00:00+08:00,0.1899999976158142,0.1899999976158142,0.1899999976158142,0.1899999976158142,0,0.0,0.0
2023-02-13 00:00:00+08:00,0.1899999976158142,0.1899999976158142,0.1899999976158142,0.1899999976158142,0,0.0,0.0
2023-02-14 00:00:00+08:00,0.1899999976158142,0.1899999976158142,0.1899999976158142,0.1899999976158142,0,0.0,0.0
2023-02-15 00:00:00+08:00,0.1899999976158142,0.1899999976158142,0.1899999976158142,0.1899999976158142,0,0.0,0.0
2023-02-16 00:00:00+08:00,0.1899999976158142,0.1899999976158142,0.1899999976158142,0.1899999976158142,0,0.0,0.0
2023-02-17 00:00:00+08:00,0.1899999976158142,0.1899999976158142,0.1899999976158142,0.1899999976158142,0,0.0,0.0
2023-02-20 00:00:00+08:00,0.1899999976158142,0.1899999976158142,0.1899999976158142,0.1899999976158142,0,0.0,0.0
2023-02-21 00:00:00+08:00,0.1899999976158142,0.1899999976158142,0.1899999976158142,0.1899999976158142,0,0.0,0.0
2023-02-22 00:00:00+08:00,0.1899999976158142,0.1899999976158142,0.1899999976158142,0.1899999976158142,0,0.0,0.0
2023-02-23 00:00:00+08:00,0.1899999976158142,0.1899999976158142,0.1899999976158142,0.1899999976158142,0,0.0,0.0
2023-02-24 00:00:00+08:00,0.1899999976158142,0.1899999976158142,0.1899999976158142,0.1899999976158142,0,0.0,0.0
2023-02-27 00:00:00+08:00,0.1899999976158142,0.1899999976158142,0.1899999976158142,0.1899999976158142,0,0.0,0.0
2023-02-28 00:00:00+08:00,0.1899999976158142,0.1899999976158142,0.1899999976158142,0.1899999976158142,0,0.0,0.0
2023-03-01 00:00:00+08:00,0.1899999976158142,0.1899999976158142,0.1899999976158142,0.1899999976158142,0,0.0,0.0
2023-03-02 00:00:00+08:00,0.1899999976158142,0.1899999976158142,0.1899999976158142,0.1899999976158142,0,0.0,0.0
2023-03-03 00:00:00+08:00,0.1899999976158142,0.1899999976158142,0.1899999976158142,0.1899999976158142,0,0.0,0.0
2023-03-06 00:00:00+08:00,0.1899999976158142,0.1899999976158142,0.1899999976158142,0.1899999976158142,0,0.0,0.0
2023-03-07 00:00:00+08:00,0.1899999976158142,0.1899999976158142,0.1899999976158142,0.1899999976158142,0,0.0,0.0
2023-03-08 00:00:00+08:00,0.1899999976158142,0.1899999976158142,0.1899999976158142,0.1899999976158142,0,0.0,0.0
2023-03-09 00:00:00+08:00,0.1899999976158142,0.1899999976158142,0.1899999976158142,0.1899999976158142,0,0.0,0.0
2023-03-10 00:00:00+08:00,0.1899999976158142,0.1899999976158142,0.1899999976158142,0.1899999976158142,0,0.0,0.0
2023-03-13 00:00:00+08:00,0.1899999976158142,0.1899999976158142,0.1899999976158142,0.1899999976158142,0,0.0,0.0
2023-03-14 00:00:00+08:00,0.1899999976158142,0.1899999976158142,0.1899999976158142,0.1899999976158142,0,0.0,0.0
2023-03-15 00:00:00+08:00,0.1899999976158142,0.1899999976158142,0.1899999976158142,0.1899999976158142,0,0.0,0.0
2023-03-16 00:00:00+08:00,0.1899999976158142,0.1899999976158142,0.1899999976158142,0.1899999976158142,0,0.0,0.0
2023-03-17 00:00:00+08:00,0.1899999976158142,0.1899999976158142,0.1899999976158142,0.1899999976158142,0,0.0,0.0
2023-03-20 00:00:00+08:00,0.1899999976158142,0.1899999976158142,0.1899999976158142,0.1899999976158142,0,0.0,0.0
2023-03-21 00:00:00+08:00,0.1899999976158142,0.1899999976158142,0.1899999976158142,0.1899999976158142,0,0.0,0.0
2023-03-22 00:00:00+08:00,0.1899999976158142,0.1899999976158142,0.1899999976158142,0.1899999976158142,0,0.0,0.0
2023-03-23 00:00:00+08:00,0.1899999976158142,0.1899999976158142,0.1899999976158142,0.1899999976158142,0,0.0,0.0
2023-03-24 00:00:00+08:00,0.1899999976158142,0.1899999976158142,0.1899999976158142,0.1899999976158142,0,0.0,0.0
2023-03-27 00:00:00+08:00,0.1899999976158142,0.1899999976158142,0.1899999976158142,0.1899999976158142,0,0.0,0.0
2023-03-28 00:00:00+08:00,0.1899999976158142,0.1899999976158142,0.1899999976158142,0.1899999976158142,0,0.0,0.0
2023-03-29 00:00:00+08:00,0.1899999976158142,0.1899999976158142,0.1899999976158142,0.1899999976158142,0,0.0,0.0
2023-03-30 00:00:00+08:00,0.1899999976158142,0.1899999976158142,0.1899999976158142,0.1899999976158142,0,0.0,0.0
2023-03-31 00:00:00+08:00,0.1899999976158142,0.1899999976158142,0.1899999976158142,0.1899999976158142,0,0.0,0.0
2023-04-03 00:00:00+08:00,0.1899999976158142,0.1899999976158142,0.1899999976158142,0.1899999976158142,0,0.0,0.0
2023-04-04 00:00:00+08:00,0.1899999976158142,0.1899999976158142,0.1899999976158142,0.1899999976158142,0,0.0,0.0
2023-04-05 00:00:00+08:00,0.1899999976158142,0.1899999976158142,0.1899999976158142,0.1899999976158142,0,0.0,0.0
2023-04-06 00:00:00+08:00,0.1899999976158142,0.1899999976158142,0.1899999976158142,0.1899999976158142,0,0.0,0.0
2023-04-10 00:00:00+08:00,0.1899999976158142,0.1899999976158142,0.1899999976158142,0.1899999976158142,0,0.0,0.0
2023-04-11 00:00:00+08:00,0.1899999976158142,0.1899999976158142,0.1899999976158142,0.1899999976158142,0,0.0,0.0
2023-04-12 00:00:00+08:00,0.1899999976158142,0.1899999976158142,0.1899999976158142,0.1899999976158142,0,0.0,0.0
2023-04-13 00:00:00+08:00,0.1899999976158142,0.1899999976158142,0.1899999976158142,0.1899999976158142,0,0.0,0.0
2023-04-14 00:00:00+08:00,0.1899999976158142,0.1899999976158142,0.1899999976158142,0.1899999976158142,0,0.0,0.0
2023-04-17 00:00:00+08:00,0.1899999976158142,0.1899999976158142,0.1899999976158142,0.1899999976158142,0,0.0,0.0
2023-04-18 00:00:00+08:00,0.1899999976158142,0.1899999976158142,0.1899999976158142,0.1899999976158142,0,0.0,0.0
2023-04-19 00:00:00+08:00,0.1899999976158142,0.1899999976158142,0.1899999976158142,0.1899999976158142,0,0.0,0.0
2023-04-20 00:00:00+08:00,0.1899999976158142,0.1899999976158142,0.1899999976158142,0.1899999976158142,0,0.0,0.0
2023-04-21 00:00:00+08:00,0.1899999976158142,0.1899999976158142,0.1899999976158142,0.1899999976158142,0,0.0,0.0
2023-04-24 00:00:00+08:00,0.1899999976158142,0.1899999976158142,0.1899999976158142,0.1899999976158142,0,0.0,0.0
2023-04-25 00:00:00+08:00,0.1899999976158142,0.1899999976158142,0.1899999976158142,0.1899999976158142,0,0.0,0.0
2023-04-26 00:00:00+08:00,0.1899999976158142,0.1899999976158142,0.1899999976158142,0.1899999976158142,0,0.0,0.0
2023-04-27 00:00:00+08:00,0.1899999976158142,0.1899999976158142,0.1899999976158142,0.1899999976158142,0,0.0,0.0
2023-04-28 00:00:00+08:00,0.1899999976158142,0.1899999976158142,0.1899999976158142,0.1899999976158142,0,0.0,0.0
2023-05-02 00:00:00+08:00,0.1899999976158142,0.1899999976158142,0.1899999976158142,0.1899999976158142,0,0.0,0.0
2023-05-03 00:00:00+08:00,0.1899999976158142,0.1899999976158142,0.1899999976158142,0.1899999976158142,0,0.0,0.0
2023-05-04 00:00:00+08:00,0.1899999976158142,0.1899999976158142,0.1899999976158142,0.1899999976158142,0,0.0,0.0
2023-05-05 00:00:00+08:00,0.1899999976158142,0.1899999976158142,0.1899999976158142,0.1899999976158142,0,0.0,0.0
2023-05-08 00:00:00+08:00,0.1899999976158142,0.1899999976158142,0.1899999976158142,0.1899999976158142,0,0.0,0.0
2023-05-09 00:00:00+08:00,0.1899999976158142,0.1899999976158142,0.1899999976158142,0.1899999976158142,0,0.0,0.0
2023-05-10 00:00:00+08:00,0.1899999976158142,0.1899999976158142,0.1899999976158142,0.1899999976158142,0,0.0,0.0
2023-05-11 00:00:00+08:00,0.1899999976158142,0.1899999976158142,0.1899999976158142,0.1899999976158142,0,0.0,0.0
2023-05-12 00:00:00+08:00,0.1899999976158142,0.1899999976158142,0.1899999976158142,0.1899999976158142,0,0.0,0.0
2023-05-15 00:00:00+08:00,0.1899999976158142,0.1899999976158142,0.1899999976158142,0.1899999976158142,0,0.0,0.0
2023-05-16 00:00:00+08:00,0.1899999976158142,0.1899999976158142,0.1899999976158142,0.1899999976158142,0,0.0,0.0
2023-05-17 00:00:00+08:00,0.1899999976158142,0.1899999976158142,0.1899999976158142,0.1899999976158142,0,0.0,0.0
2023-05-18 00:00:00+08:00,0.1899999976158142,0.1899999976158142,0.1899999976158142,0.1899999976158142,0,0.0,0.0
2023-05-19 00:00:00+08:00,0.2199999988079071,0.2199999988079071,0.2199999988079071,0.2199999988079071,100,0.0,0.0
2023-05-22 00:00:00+08:00,0.2199999988079071,0.2199999988079071,0.2199999988079071,0.2199999988079071,0,0.0,0.0
2023-05-23 00:00:00+08:00,0.2199999988079071,0.2199999988079071,0.2199999988079071,0.2199999988079071,0,0.0,0.0
2023-05-24 00:00:00+08:00,0.2199999988079071,0.2199999988079071,0.2199999988079071,0.2199999988079071,0,0.0,0.0
2023-05-25 00:00:00+08:00,0.2199999988079071,0.2199999988079071,0.2199999988079071,0.2199999988079071,0,0.0,0.0
2023-05-26 00:00:00+08:00,0.2199999988079071,0.2199999988079071,0.2199999988079071,0.2199999988079071,0,0.0,0.0
2023-05-29 00:00:00+08:00,0.2199999988079071,0.2199999988079071,0.2199999988079071,0.2199999988079071,0,0.0,0.0
2023-05-30 00:00:00+08:00,0.2199999988079071,0.2199999988079071,0.2199999988079071,0.2199999988079071,0,0.0,0.0
2023-05-31 00:00:00+08:00,0.2199999988079071,0.2199999988079071,0.2199999988079071,0.2199999988079071,0,0.0,0.0
2023-06-01 00:00:00+08:00,0.2199999988079071,0.2199999988079071,0.2199999988079071,0.2199999988079071,0,0.0,0.0
2023-06-05 00:00:00+08:00,0.2199999988079071,0.2199999988079071,0.2199999988079071,0.2199999988079071,0,0.0,0.0
2023-06-06 00:00:00+08:00,0.2199999988079071,0.2199999988079071,0.2199999988079071,0.2199999988079071,0,0.0,0.0
2023-06-07 00:00:00+08:00,0.2199999988079071,0.2199999988079071,0.2199999988079071,0.2199999988079071,0,0.0,0.0
2023-06-08 00:00:00+08:00,0.2199999988079071,0.2199999988079071,0.2199999988079071,0.2199999988079071,0,0.0,0.0
2023-06-09 00:00:00+08:00,0.2199999988079071,0.2199999988079071,0.2199999988079071,0.2199999988079071,0,0.0,0.0
2023-06-12 00:00:00+08:00,0.2199999988079071,0.2199999988079071,0.2199999988079071,0.2199999988079071,0,0.0,0.0
2023-06-13 00:00:00+08:00,0.2199999988079071,0.2199999988079071,0.2199999988079071,0.2199999988079071,0,0.0,0.0
2023-06-14 00:00:00+08:00,0.25,0.25,0.25,0.25,100,0.0,0.0
2023-06-15 00:00:00+08:00,0.25,0.25,0.25,0.25,0,0.0,0.0
2023-06-16 00:00:00+08:00,0.25,0.25,0.25,0.25,0,0.0,0.0
2023-06-19 00:00:00+08:00,0.25,0.25,0.25,0.25,0,0.0,0.0
2023-06-20 00:00:00+08:00,0.25,0.25,0.25,0.25,0,0.0,0.0
2023-06-21 00:00:00+08:00,0.25,0.25,0.25,0.25,0,0.0,0.0
2023-06-22 00:00:00+08:00,0.25,0.25,0.25,0.25,0,0.0,0.0
2023-06-23 00:00:00+08:00,0.25,0.25,0.25,0.25,0,0.0,0.0
2023-06-26 00:00:00+08:00,0.25,0.25,0.25,0.25,0,0.0,0.0
2023-06-27 00:00:00+08:00,0.25,0.25,0.25,0.25,0,0.0,0.0
2023-06-28 00:00:00+08:00,0.18000000715255737,0.18000000715255737,0.18000000715255737,0.18000000715255737,20300,0.0,0.0
2023-06-30 00:00:00+08:00,0.18000000715255737,0.18000000715255737,0.18000000715255737,0.18000000715255737,0,0.0,0.0
2023-07-03 00:00:00+08:00,0.18000000715255737,0.18000000715255737,0.18000000715255737,0.18000000715255737,0,0.0,0.0
2023-07-04 00:00:00+08:00,0.18000000715255737,0.18000000715255737,0.18000000715255737,0.18000000715255737,0,0.0,0.0
2023-07-05 00:00:00+08:00,0.18000000715255737,0.18000000715255737,0.18000000715255737,0.18000000715255737,0,0.0,0.0
2023-07-06 00:00:00+08:00,0.18000000715255737,0.18000000715255737,0.18000000715255737,0.18000000715255737,0,0.0,0.0
2023-07-07 00:00:00+08:00,0.18000000715255737,0.18000000715255737,0.18000000715255737,0.18000000715255737,0,0.0,0.0
2023-07-10 00:00:00+08:00,0.24500000476837158,0.24500000476837158,0.24500000476837158,0.24500000476837158,200,0.0,0.0
2023-07-11 00:00:00+08:00,0.24500000476837158,0.24500000476837158,0.24500000476837158,0.24500000476837158,0,0.0,0.0
2023-07-12 00:00:00+08:00,0.24500000476837158,0.24500000476837158,0.24500000476837158,0.24500000476837158,0,0.0,0.0
2023-07-13 00:00:00+08:00,0.24500000476837158,0.24500000476837158,0.24500000476837158,0.24500000476837158,0,0.0,0.0
2023-07-14 00:00:00+08:00,0.24500000476837158,0.24500000476837158,0.24500000476837158,0.24500000476837158,0,0.0,0.0
2023-07-17 00:00:00+08:00,0.24500000476837158,0.24500000476837158,0.24500000476837158,0.24500000476837158,0,0.0,0.0
2023-07-18 00:00:00+08:00,0.24500000476837158,0.24500000476837158,0.24500000476837158,0.24500000476837158,0,0.0,0.0
2023-07-19 00:00:00+08:00,0.24500000476837158,0.24500000476837158,0.24500000476837158,0.24500000476837158,0,0.0,0.0
2023-07-20 00:00:00+08:00,0.15000000596046448,0.15000000596046448,0.15000000596046448,0.15000000596046448,30300,0.0,0.0
2023-07-21 00:00:00+08:00,0.15000000596046448,0.15000000596046448,0.15000000596046448,0.15000000596046448,0,0.0,0.0
2023-07-24 00:00:00+08:00,0.15000000596046448,0.15000000596046448,0.15000000596046448,0.15000000596046448,0,0.0,0.0
2023-07-25 00:00:00+08:00,0.15000000596046448,0.15000000596046448,0.15000000596046448,0.15000000596046448,19800,0.0,0.0
2023-07-26 00:00:00+08:00,0.15000000596046448,0.15000000596046448,0.15000000596046448,0.15000000596046448,0,0.0,0.0
2023-07-27 00:00:00+08:00,0.15000000596046448,0.15000000596046448,0.15000000596046448,0.15000000596046448,0,0.0,0.0
2023-07-28 00:00:00+08:00,0.15000000596046448,0.15000000596046448,0.15000000596046448,0.15000000596046448,0,0.0,0.0
2023-07-31 00:00:00+08:00,0.15000000596046448,0.15000000596046448,0.15000000596046448,0.15000000596046448,0,0.0,0.0
2023-08-01 00:00:00+08:00,0.15000000596046448,0.15000000596046448,0.15000000596046448,0.15000000596046448,0,0.0,0.0
2023-08-02 00:00:00+08:00,0.15000000596046448,0.15000000596046448,0.15000000596046448,0.15000000596046448,0,0.0,0.0
2023-08-03 00:00:00+08:00,0.15000000596046448,0.15000000596046448,0.15000000596046448,0.15000000596046448,0,0.0,0.0
2023-08-04 00:00:00+08:00,0.15000000596046448,0.15000000596046448,0.15000000596046448,0.15000000596046448,0,0.0,0.0
2023-08-07 00:00:00+08:00,0.15000000596046448,0.15000000596046448,0.15000000596046448,0.15000000596046448,0,0.0,0.0
2023-08-08 00:00:00+08:00,0.15000000596046448,0.15000000596046448,0.15000000596046448,0.15000000596046448,0,0.0,0.0
2023-08-10 00:00:00+08:00,0.15000000596046448,0.15000000596046448,0.15000000596046448,0.15000000596046448,0,0.0,0.0
2023-08-11 00:00:00+08:00,0.15000000596046448,0.15000000596046448,0.15000000596046448,0.15000000596046448,0,0.0,0.0
2023-08-14 00:00:00+08:00,0.15000000596046448,0.15000000596046448,0.15000000596046448,0.15000000596046448,0,0.0,0.0
2023-08-15 00:00:00+08:00,0.15000000596046448,0.15000000596046448,0.15000000596046448,0.15000000596046448,0,0.0,0.0
2023-08-16 00:00:00+08:00,0.15000000596046448,0.15000000596046448,0.15000000596046448,0.15000000596046448,0,0.0,0.0
2023-08-17 00:00:00+08:00,0.15000000596046448,0.15000000596046448,0.15000000596046448,0.15000000596046448,0,0.0,0.0
2023-08-18 00:00:00+08:00,0.15000000596046448,0.15000000596046448,0.15000000596046448,0.15000000596046448,0,0.0,0.0
2023-08-21 00:00:00+08:00,0.15000000596046448,0.15000000596046448,0.15000000596046448,0.15000000596046448,0,0.0,0.0
2023-08-22 00:00:00+08:00,0.15000000596046448,0.15000000596046448,0.15000000596046448,0.15000000596046448,0,0.0,0.0
2023-08-23 00:00:00+08:00,0.15000000596046448,0.15000000596046448,0.15000000596046448,0.15000000596046448,0,0.0,0.0
2023-08-24 00:00:00+08:00,0.15000000596046448,0.15000000596046448,0.15000000596046448,0.15000000596046448,0,0.0,0.0
2023-08-25 00:00:00+08:00,0.15000000596046448,0.15000000596046448,0.15000000596046448,0.15000000596046448,0,0.0,0.0
2023-08-28 00:00:00+08:00,0.15000000596046448,0.15000000596046448,0.15000000596046448,0.15000000596046448,0,0.0,0.0
2023-08-29 00:00:00+08:00,0.15000000596046448,0.15000000596046448,0.15000000596046448,0.15000000596046448,0,0.0,0.0
2023-08-30 00:00:00+08:00,0.15000000596046448,0.15000000596046448,0.15000000596046448,0.15000000596046448,0,0.0,0.0
2023-08-31 00:00:00+08:00,0.15000000596046448,0.15000000596046448,0.15000000596046448,0.15000000596046448,0,0.0,0.0
2023-09-04 00:00:00+08:00,0.15000000596046448,0.15000000596046448,0.15000000596046448,0.15000000596046448,0,0.0,0.0
2023-09-05 00:00:00+08:00,0.15000000596046448,0.15000000596046448,0.15000000596046448,0.15000000596046448,0,0.0,0.0
2023-09-06 00:00:00+08:00,0.15000000596046448,0.15000000596046448,0.15000000596046448,0.15000000596046448,0,0.0,0.0
2023-09-07 00:00:00+08:00,0.15000000596046448,0.15000000596046448,0.15000000596046448,0.15000000596046448,0,0.0,0.0
2023-09-08 00:00:00+08:00,0.15000000596046448,0.15000000596046448,0.15000000596046448,0.15000000596046448,0,0.0,0.0
2023-09-11 00:00:00+08:00,0.15000000596046448,0.15000000596046448,0.15000000596046448,0.15000000596046448,0,0.0,0.0
2023-09-12 00:00:00+08:00,0.15000000596046448,0.15000000596046448,0.15000000596046448,0.15000000596046448,0,0.0,0.0
2023-09-13 00:00:00+08:00,0.15000000596046448,0.15000000596046448,0.15000000596046448,0.15000000596046448,0,0.0,0.0
2023-09-14 00:00:00+08:00,0.15000000596046448,0.15000000596046448,0.15000000596046448,0.15000000596046448,0,0.0,0.0
2023-09-15 00:00:00+08:00,0.15000000596046448,0.15000000596046448,0.15000000596046448,0.15000000596046448,0,0.0,0.0
2023-09-18 00:00:00+08:00,0.15000000596046448,0.15000000596046448,0.15000000596046448,0.15000000596046448,0,0.0,0.0
2023-09-19 00:00:00+08:00,0.15000000596046448,0.15000000596046448,0.15000000596046448,0.15000000596046448,0,0.0,0.0
2023-09-20 00:00:00+08:00,0.15000000596046448,0.15000000596046448,0.15000000596046448,0.15000000596046448,0,0.0,0.0
2023-09-21 00:00:00+08:00,0.15000000596046448,0.15000000596046448,0.15000000596046448,0.15000000596046448,0,0.0,0.0
2023-09-22 00:00:00+08:00,0.15000000596046448,0.15000000596046448,0.15000000596046448,0.15000000596046448,0,0.0,0.0
2023-09-25 00:00:00+08:00,0.15000000596046448,0.15000000596046448,0.15000000596046448,0.15000000596046448,0,0.0,0.0
2023-09-26 00:00:00+08:00,0.15000000596046448,0.15000000596046448,0.15000000596046448,0.15000000596046448,0,0.0,0.0
2023-09-27 00:00:00+08:00,0.15000000596046448,0.15000000596046448,0.15000000596046448,0.15000000596046448,0,0.0,0.0
2023-09-28 00:00:00+08:00,0.15000000596046448,0.15000000596046448,0.15000000596046448,0.15000000596046448,0,0.0,0.0
2023-09-29 00:00:00+08:00,0.15000000596046448,0.15000000596046448,0.15000000596046448,0.15000000596046448,0,0.0,0.0
2023-10-02 00:00:00+08:00,0.15000000596046448,0.15000000596046448,0.15000000596046448,0.15000000596046448,0,0.0,0.0
2023-10-03 00:00:00+08:00,0.15000000596046448,0.15000000596046448,0.15000000596046448,0.15000000596046448,0,0.0,0.0
2023-10-04 00:00:00+08:00,0.15000000596046448,0.15000000596046448,0.15000000596046448,0.15000000596046448,0,0.0,0.0
2023-10-05 00:00:00+08:00,0.15000000596046448,0.15000000596046448,0.15000000596046448,0.15000000596046448,0,0.0,0.0
2023-10-06 00:00:00+08:00,0.15000000596046448,0.15000000596046448,0.15000000596046448,0.15000000596046448,0,0.0,0.0
2023-10-09 00:00:00+08:00,0.15000000596046448,0.15000000596046448,0.15000000596046448,0.15000000596046448,0,0.0,0.0
2023-10-10 00:00:00+08:00,0.15000000596046448,0.15000000596046448,0.15000000596046448,0.15000000596046448,0,0.0,0.0
2023-10-11 00:00:00+08:00,0.15000000596046448,0.15000000596046448,0.15000000596046448,0.15000000596046448,0,0.0,0.0
2023-10-12 00:00:00+08:00,0.15000000596046448,0.15000000596046448,0.15000000596046448,0.15000000596046448,0,0.0,0.0
2023-10-13 00:00:00+08:00,0.15000000596046448,0.15000000596046448,0.15000000596046448,0.15000000596046448,0,0.0,0.0
2023-10-16 00:00:00+08:00,0.15000000596046448,0.15000000596046448,0.15000000596046448,0.15000000596046448,0,0.0,0.0
2023-10-17 00:00:00+08:00,0.15000000596046448,0.15000000596046448,0.15000000596046448,0.15000000596046448,0,0.0,0.0
2023-10-18 00:00:00+08:00,0.15000000596046448,0.15000000596046448,0.15000000596046448,0.15000000596046448,0,0.0,0.0
2023-10-19 00:00:00+08:00,0.15000000596046448,0.15000000596046448,0.15000000596046448,0.15000000596046448,2400,0.0,0.0
2023-10-20 00:00:00+08:00,0.15000000596046448,0.15000000596046448,0.15000000596046448,0.15000000596046448,0,0.0,0.0
2023-10-23 00:00:00+08:00,0.15000000596046448,0.15000000596046448,0.15000000596046448,0.15000000596046448,0,0.0,0.0
2023-10-24 00:00:00+08:00,0.15000000596046448,0.15000000596046448,0.15000000596046448,0.15000000596046448,0,0.0,0.0
2023-10-25 00:00:00+08:00,0.15000000596046448,0.15000000596046448,0.15000000596046448,0.15000000596046448,0,0.0,0.0
2023-10-26 00:00:00+08:00,0.15000000596046448,0.15000000596046448,0.15000000596046448,0.15000000596046448,0,0.0,0.0
2023-10-27 00:00:00+08:00,0.15000000596046448,0.15000000596046448,0.15000000596046448,0.15000000596046448,0,0.0,0.0
2023-10-30 00:00:00+08:00,0.15000000596046448,0.15000000596046448,0.15000000596046448,0.15000000596046448,0,0.0,0.0
2023-10-31 00:00:00+08:00,0.15000000596046448,0.15000000596046448,0.15000000596046448,0.15000000596046448,0,0.0,0.0
2023-11-01 00:00:00+08:00,0.15000000596046448,0.15000000596046448,0.15000000596046448,0.15000000596046448,0,0.0,0.0
2023-11-02 00:00:00+08:00,0.15000000596046448,0.15000000596046448,0.15000000596046448,0.15000000596046448,0,0.0,0.0
2023-11-03 00:00:00+08:00,0.15000000596046448,0.15000000596046448,0.15000000596046448,0.15000000596046448,0,0.0,0.0
2023-11-06 00:00:00+08:00,0.15000000596046448,0.15000000596046448,0.15000000596046448,0.15000000596046448,0,0.0,0.0
2023-11-07 00:00:00+08:00,0.15000000596046448,0.15000000596046448,0.15000000596046448,0.15000000596046448,0,0.0,0.0
2023-11-08 00:00:00+08:00,0.15000000596046448,0.15000000596046448,0.15000000596046448,0.15000000596046448,0,0.0,0.0
2023-11-09 00:00:00+08:00,0.15000000596046448,0.15000000596046448,0.15000000596046448,0.15000000596046448,0,0.0,0.0
2023-11-10 00:00:00+08:00,0.15000000596046448,0.15000000596046448,0.15000000596046448,0.15000000596046448,0,0.0,0.0
2023-11-14 00:00:00+08:00,0.15000000596046448,0.15000000596046448,0.15000000596046448,0.15000000596046448,0,0.0,0.0
2023-11-15 00:00:00+08:00,0.15000000596046448,0.15000000596046448,0.15000000596046448,0.15000000596046448,0,0.0,0.0
2023-11-16 00:00:00+08:00,0.15000000596046448,0.15000000596046448,0.15000000596046448,0.15000000596046448,0,0.0,0.0
2023-11-17 00:00:00+08:00,0.15000000596046448,0.15000000596046448,0.15000000596046448,0.15000000596046448,0,0.0,0.0
2023-11-20 00:00:00+08:00,0.15000000596046448,0.15000000596046448,0.15000000596046448,0.15000000596046448,0,0.0,0.0
2023-11-21 00:00:00+08:00,0.15000000596046448,0.15000000596046448,0.15000000596046448,0.15000000596046448,0,0.0,0.0
2023-11-22 00:00:00+08:00,0.15000000596046448,0.15000000596046448,0.15000000596046448,0.15000000596046448,0,0.0,0.0
2023-11-23 00:00:00+08:00,0.15000000596046448,0.15000000596046448,0.15000000596046448,0.15000000596046448,0,0.0,0.0
2023-11-24 00:00:00+08:00,0.15000000596046448,0.15000000596046448,0.15000000596046448,0.15000000596046448,0,0.0,0.0
2023-11-27 00:00:00+08:00,0.15000000596046448,0.15000000596046448,0.15000000596046448,0.15000000596046448,0,0.0,0.0
2023-11-28 00:00:00+08:00,0.15000000596046448,0.15000000596046448,0.15000000596046448,0.15000000596046448,0,0.0,0.0
2023-11-29 00:00:00+08:00,0.15000000596046448,0.15000000596046448,0.15000000596046448,0.15000000596046448,0,0.0,0.0
2023-11-30 00:00:00+08:00,0.15000000596046448,0.15000000596046448,0.15000000596046448,0.15000000596046448,0,0.0,0.0
2023-12-01 00:00:00+08:00,0.15000000596046448,0.15000000596046448,0.15000000596046448,0.15000000596046448,0,0.0,0.0
2023-12-04 00:00:00+08:00,0.15000000596046448,0.15000000596046448,0.15000000596046448,0.15000000596046448,0,0.0,0.0
2023-12-05 00:00:00+08:00,0.15000000596046448,0.15000000596046448,0.15000000596046448,0.15000000596046448,0,0.0,0.0
2023-12-06 00:00:00+08:00,0.15000000596046448,0.15000000596046448,0.15000000596046448,0.15000000596046448,0,0.0,0.0
2023-12-07 00:00:00+08:00,0.15000000596046448,0.15000000596046448,0.15000000596046448,0.15000000596046448,0,0.0,0.0
2023-12-08 00:00:00+08:00,0.15000000596046448,0.15000000596046448,0.15000000596046448,0.15000000596046448,0,0.0,0.0
2023-12-11 00:00:00+08:00,0.15000000596046448,0.15000000596046448,0.15000000596046448,0.15000000596046448,0,0.0,0.0
2023-12-12 00:00:00+08:00,0.15000000596046448,0.15000000596046448,0.15000000596046448,0.15000000596046448,0,0.0,0.0
2023-12-13 00:00:00+08:00,0.15000000596046448,0.15000000596046448,0.15000000596046448,0.15000000596046448,0,0.0,0.0
2023-12-14 00:00:00+08:00,0.15000000596046448,0.15000000596046448,0.15000000596046448,0.15000000596046448,0,0.0,0.0
2023-12-15 00:00:00+08:00,0.15000000596046448,0.15000000596046448,0.15000000596046448,0.15000000596046448,0,0.0,0.0
2023-12-18 00:00:00+08:00,0.15000000596046448,0.15000000596046448,0.15000000596046448,0.15000000596046448,0,0.0,0.0
2023-12-19 00:00:00+08:00,0.15000000596046448,0.15000000596046448,0.15000000596046448,0.15000000596046448,0,0.0,0.0
2023-12-20 00:00:00+08:00,0.15000000596046448,0.15000000596046448,0.15000000596046448,0.15000000596046448,0,0.0,0.0
2023-12-21 00:00:00+08:00,0.15000000596046448,0.15000000596046448,0.15000000596046448,0.15000000596046448,0,0.0,0.0
2023-12-22 00:00:00+08:00,0.15000000596046448,0.15000000596046448,0.15000000596046448,0.15000000596046448,0,0.0,0.0
2023-12-26 00:00:00+08:00,0.15000000596046448,0.15000000596046448,0.15000000596046448,0.15000000596046448,0,0.0,0.0
2023-12-27 00:00:00+08:00,0.15000000596046448,0.15000000596046448,0.15000000596046448,0.15000000596046448,0,0.0,0.0
2023-12-28 00:00:00+08:00,0.15000000596046448,0.15000000596046448,0.15000000596046448,0.15000000596046448,0,0.0,0.0
2023-12-29 00:00:00+08:00,0.15000000596046448,0.15000000596046448,0.15000000596046448,0.15000000596046448,0,0.0,0.0
2024-01-02 00:00:00+08:00,0.15000000596046448,0.15000000596046448,0.15000000596046448,0.15000000596046448,0,0.0,0.0
2024-01-03 00:00:00+08:00,0.15000000596046448,0.15000000596046448,0.15000000596046448,0.15000000596046448,0,0.0,0.0
2024-01-04 00:00:00+08:00,0.15000000596046448,0.15000000596046448,0.15000000596046448,0.15000000596046448,0,0.0,0.0
2024-01-05 00:00:00+08:00,0.15000000596046448,0.15000000596046448,0.15000000596046448,0.15000000596046448,0,0.0,0.0
2024-01-08 00:00:00+08:00,0.15000000596046448,0.15000000596046448,0.15000000596046448,0.15000000596046448,0,0.0,0.0
2024-01-09 00:00:00+08:00,0.15000000596046448,0.15000000596046448,0.15000000596046448,0.15000000596046448,0,0.0,0.0
2024-01-10 00:00:00+08:00,0.15000000596046448,0.15000000596046448,0.15000000596046448,0.15000000596046448,0,0.0,0.0
2024-01-11 00:00:00+08:00,0.15000000596046448,0.15000000596046448,0.15000000596046448,0.15000000596046448,0,0.0,0.0
2024-01-12 00:00:00+08:00,0.15000000596046448,0.15000000596046448,0.15000000596046448,0.15000000596046448,0,0.0,0.0
2024-01-15 00:00:00+08:00,0.15000000596046448,0.15000000596046448,0.15000000596046448,0.15000000596046448,0,0.0,0.0
2024-01-16 00:00:00+08:00,0.15000000596046448,0.15000000596046448,0.15000000596046448,0.15000000596046448,0,0.0,0.0
2024-01-17 00:00:00+08:00,0.15000000596046448,0.15000000596046448,0.15000000596046448,0.15000000596046448,0,0.0,0.0
2024-01-18 00:00:00+08:00,0.15000000596046448,0.15000000596046448,0.15000000596046448,0.15000000596046448,0,0.0,0.0
2024-01-19 00:00:00+08:00,0.15000000596046448,0.15000000596046448,0.15000000596046448,0.15000000596046448,0,0.0,0.0
2024-01-22 00:00:00+08:00,0.15000000596046448,0.15000000596046448,0.15000000596046448,0.15000000596046448,0,0.0,0.0
2024-01-23 00:00:00+08:00,0.15000000596046448,0.15000000596046448,0.15000000596046448,0.15000000596046448,0,0.0,0.0
2024-01-24 00:00:00+08:00,0.15000000596046448,0.15000000596046448,0.15000000596046448,0.15000000596046448,0,0.0,0.0
2024-01-25 00:00:00+08:00,0.15000000596046448,0.15000000596046448,0.15000000596046448,0.15000000596046448,0,0.0,0.0
2024-01-26 00:00:00+08:00,0.15000000596046448,0.15000000596046448,0.15000000596046448,0.15000000596046448,0,0.0,0.0
2024-01-29 00:00:00+08:00,0.15000000596046448,0.15000000596046448,0.15000000596046448,0.15000000596046448,0,0.0,0.0
2024-01-30 00:00:00+08:00,0.15000000596046448,0.15000000596046448,0.15000000596046448,0.15000000596046448,0,0.0,0.0
2024-01-31 00:00:00+08:00,0.15000000596046448,0.15000000596046448,0.15000000596046448,0.15000000596046448,0,0.0,0.0
2024-02-01 00:00:00+08:00,0.15000000596046448,0.15000000596046448,0.15000000596046448,0.15000000596046448,0,0.0,0.0
2024-02-02 00:00:00+08:00,0.15000000596046448,0.15000000596046448,0.15000000596046448,0.15000000596046448,0,0.0,0.0
2024-02-05 00:00:00+08:00,0.15000000596046448,0.15000000596046448,0.15000000596046448,0.15000000596046448,0,0.0,0.0
2024-02-06 00:00:00+08:00,0.15000000596046448,0.15000000596046448,0.15000000596046448,0.15000000596046448,0,0.0,0.0
2024-02-07 00:00:00+08:00,0.15000000596046448,0.15000000596046448,0.15000000596046448,0.15000000596046448,0,0.0,0.0
2024-02-08 00:00:00+08:00,0.15000000596046448,0.15000000596046448,0.15000000596046448,0.15000000596046448,0,0.0,0.0
2024-02-09 00:00:00+08:00,0.15000000596046448,0.15000000596046448,0.15000000596046448,0.15000000596046448,0,0.0,0.0
2024-02-13 00:00:00+08:00,0.15000000596046448,0.15000000596046448,0.15000000596046448,0.15000000596046448,0,0.0,0.0
2024-02-14 00:00:00+08:00,0.15000000596046448,0.15000000596046448,0.15000000596046448,0.15000000596046448,0,0.0,0.0
2024-02-15 00:00:00+08:00,0.15000000596046448,0.15000000596046448,0.15000000596046448,0.15000000596046448,0,0.0,0.0
2024-02-16 00:00:00+08:00,0.15000000596046448,0.15000000596046448,0.15000000596046448,0.15000000596046448,0,0.0,0.0
2024-02-19 00:00:00+08:00,0.15000000596046448,0.15000000596046448,0.15000000596046448,0.15000000596046448,0,0.0,0.0
2024-02-20 00:00:00+08:00,0.15000000596046448,0.15000000596046448,0.15000000596046448,0.15000000596046448,0,0.0,0.0
2024-02-21 00:00:00+08:00,0.15000000596046448,0.15000000596046448,0.15000000596046448,0.15000000596046448,0,0.0,0.0
2024-02-22 00:00:00+08:00,0.15000000596046448,0.15000000596046448,0.15000000596046448,0.15000000596046448,0,0.0,0.0
2024-02-23 00:00:00+08:00,0.15000000596046448,0.15000000596046448,0.15000000596046448,0.15000000596046448,0,0.0,0.0
2024-02-26 00:00:00+08:00,0.15000000596046448,0.15000000596046448,0.15000000596046448,0.15000000596046448,0,0.0,0.0
2024-02-27 00:00:00+08:00,0.15000000596046448,0.15000000596046448,0.15000000596046448,0.15000000596046448,0,0.0,0.0
2024-02-28 00:00:00+08:00,0.14499999582767487,0.14499999582767487,0.14499999582767487,0.14499999582767487,10000,0.0,0.0
2024-02-29 00:00:00+08:00,0.14499999582767487,0.14499999582767487,0.14499999582767487,0.14499999582767487,0,0.0,0.0
2024-03-01 00:00:00+08:00,0.14499999582767487,0.14499999582767487,0.14499999582767487,0.14499999582767487,0,0.0,0.0
2024-03-04 00:00:00+08:00,0.14499999582767487,0.14499999582767487,0.14499999582767487,0.14499999582767487,0,0.0,0.0
2024-03-05 00:00:00+08:00,0.14499999582767487,0.14499999582767487,0.14499999582767487,0.14499999582767487,10000,0.0,0.0
2024-03-06 00:00:00+08:00,0.14499999582767487,0.14499999582767487,0.14499999582767487,0.14499999582767487,0,0.0,0.0
2024-03-07 00:00:00+08:00,0.14499999582767487,0.14499999582767487,0.14499999582767487,0.14499999582767487,0,0.0,0.0
2024-03-08 00:00:00+08:00,0.14499999582767487,0.14499999582767487,0.14499999582767487,0.14499999582767487,0,0.0,0.0
2024-03-11 00:00:00+08:00,0.14499999582767487,0.14499999582767487,0.14499999582767487,0.14499999582767487,0,0.0,0.0
2024-03-12 00:00:00+08:00,0.14499999582767487,0.14499999582767487,0.14499999582767487,0.14499999582767487,0,0.0,0.0
2024-03-13 00:00:00+08:00,0.14499999582767487,0.14499999582767487,0.14499999582767487,0.14499999582767487,10000,0.0,0.0
2024-03-14 00:00:00+08:00,0.14499999582767487,0.14499999582767487,0.14499999582767487,0.14499999582767487,0,0.0,0.0
2024-03-15 00:00:00+08:00,0.14499999582767487,0.14499999582767487,0.14499999582767487,0.14499999582767487,0,0.0,0.0
2024-03-18 00:00:00+08:00,0.14499999582767487,0.14499999582767487,0.14499999582767487,0.14499999582767487,0,0.0,0.0
2024-03-19 00:00:00+08:00,0.14499999582767487,0.14499999582767487,0.14499999582767487,0.14499999582767487,0,0.0,0.0
2024-03-20 00:00:00+08:00,0.14499999582767487,0.14499999582767487,0.14499999582767487,0.14499999582767487,0,0.0,0.0
2024-03-21 00:00:00+08:00,0.14499999582767487,0.14499999582767487,0.14499999582767487,0.14499999582767487,0,0.0,0.0
2024-03-22 00:00:00+08:00,0.14499999582767487,0.14499999582767487,0.14499999582767487,0.14499999582767487,0,0.0,0.0
2024-03-25 00:00:00+08:00,0.14499999582767487,0.14499999582767487,0.14499999582767487,0.14499999582767487,0,0.0,0.0
2024-03-26 00:00:00+08:00,0.14499999582767487,0.14499999582767487,0.14499999582767487,0.14499999582767487,0,0.0,0.0
2024-03-27 00:00:00+08:00,0.14300000667572021,0.14300000667572021,0.14300000667572021,0.14300000667572021,2600,0.0,0.0
2024-03-28 00:00:00+08:00,0.14300000667572021,0.14300000667572021,0.14300000667572021,0.14300000667572021,0,0.0,0.0
2024-04-01 00:00:00+08:00,0.14300000667572021,0.14300000667572021,0.14300000667572021,0.14300000667572021,0,0.0,0.0
2024-04-02 00:00:00+08:00,0.14300000667572021,0.14300000667572021,0.14300000667572021,0.14300000667572021,0,0.0,0.0
2024-04-03 00:00:00+08:00,0.14300000667572021,0.14300000667572021,0.14300000667572021,0.14300000667572021,0,0.0,0.0
2024-04-04 00:00:00+08:00,0.14300000667572021,0.14300000667572021,0.14300000667572021,0.14300000667572021,0,0.0,0.0
2024-04-05 00:00:00+08:00,0.14300000667572021,0.14300000667572021,0.14300000667572021,0.14300000667572021,0,0.0,0.0
2024-04-08 00:00:00+08:00,0.14300000667572021,0.14300000667572021,0.14300000667572021,0.14300000667572021,0,0.0,0.0
2024-04-09 00:00:00+08:00,0.14300000667572021,0.14300000667572021,0.14300000667572021,0.14300000667572021,0,0.0,0.0
2024-04-11 00:00:00+08:00,0.14300000667572021,0.14300000667572021,0.14300000667572021,0.14300000667572021,0,0.0,0.0
2024-04-12 00:00:00+08:00,0.14300000667572021,0.14300000667572021,0.14300000667572021,0.14300000667572021,7700,0.0,0.0
2024-04-15 00:00:00+08:00,0.11299999803304672,0.11299999803304672,0.11299999803304672,0.11299999803304672,13000,0.0,0.0
2024-04-16 00:00:00+08:00,0.11299999803304672,0.11299999803304672,0.11299999803304672,0.11299999803304672,0,0.0,0.0
2024-04-17 00:00:00+08:00,0.11299999803304672,0.11299999803304672,0.11299999803304672,0.11299999803304672,0,0.0,0.0
2024-04-18 00:00:00+08:00,0.11299999803304672,0.11299999803304672,0.11299999803304672,0.11299999803304672,0,0.0,0.0
2024-04-19 00:00:00+08:00,0.11299999803304672,0.11299999803304672,0.11299999803304672,0.11299999803304672,0,0.0,0.0
2024-04-22 00:00:00+08:00,0.11299999803304672,0.11299999803304672,0.11299999803304672,0.11299999803304672,0,0.0,0.0
2024-04-23 00:00:00+08:00,0.11299999803304672,0.11299999803304672,0.11299999803304672,0.11299999803304672,0,0.0,0.0
2024-04-24 00:00:00+08:00,0.11299999803304672,0.11299999803304672,0.11299999803304672,0.11299999803304672,0,0.0,0.0
2024-04-25 00:00:00+08:00,0.11299999803304672,0.11299999803304672,0.11299999803304672,0.11299999803304672,0,0.0,0.0
2024-04-26 00:00:00+08:00,0.11299999803304672,0.11299999803304672,0.11299999803304672,0.11299999803304672,0,0.0,0.0
2024-04-29 00:00:00+08:00,0.11299999803304672,0.11299999803304672,0.11299999803304672,0.11299999803304672,0,0.0,0.0
2024-04-30 00:00:00+08:00,0.11299999803304672,0.11299999803304672,0.11299999803304672,0.11299999803304672,0,0.0,0.0
2024-05-02 00:00:00+08:00,0.11299999803304672,0.11299999803304672,0.11299999803304672,0.11299999803304672,0,0.0,0.0
2024-05-03 00:00:00+08:00,0.11299999803304672,0.11299999803304672,0.11299999803304672,0.11299999803304672,0,0.0,0.0
2024-05-06 00:00:00+08:00,0.11299999803304672,0.11299999803304672,0.11299999803304672,0.11299999803304672,0,0.0,0.0
2024-05-07 00:00:00+08:00,0.11299999803304672,0.11299999803304672,0.11299999803304672,0.11299999803304672,0,0.0,0.0
2024-05-08 00:00:00+08:00,0.11299999803304672,0.11299999803304672,0.11299999803304672,0.11299999803304672,0,0.0,0.0
2024-05-09 00:00:00+08:00,0.11299999803304672,0.11299999803304672,0.11299999803304672,0.11299999803304672,0,0.0,0.0
2024-05-10 00:00:00+08:00,0.11299999803304672,0.11299999803304672,0.11299999803304672,0.11299999803304672,0,0.0,0.0
2024-05-13 00:00:00+08:00,0.11299999803304672,0.11299999803304672,0.11299999803304672,0.11299999803304672,0,0.0,0.0
2024-05-14 00:00:00+08:00,0.11299999803304672,0.11299999803304672,0.11299999803304672,0.11299999803304672,0,0.0,0.0
2024-05-15 00:00:00+08:00,0.11299999803304672,0.11299999803304672,0.11299999803304672,0.11299999803304672,0,0.0,0.0
2024-05-16 00:00:00+08:00,0.11299999803304672,0.11299999803304672,0.11299999803304672,0.11299999803304672,0,0.0,0.0
2024-05-17 00:00:00+08:00,0.11299999803304672,0.11299999803304672,0.11299999803304672,0.11299999803304672,0,0.0,0.0
2024-05-20 00:00:00+08:00,0.11299999803304672,0.11299999803304672,0.11299999803304672,0.11299999803304672,0,0.0,0.0
2024-05-21 00:00:00+08:00,0.11299999803304672,0.11299999803304672,0.11299999803304672,0.11299999803304672,0,0.0,0.0
2024-05-23 00:00:00+08:00,0.11299999803304672,0.11299999803304672,0.11299999803304672,0.11299999803304672,0,0.0,0.0
2024-05-24 00:00:00+08:00,0.11299999803304672,0.11299999803304672,0.11299999803304672,0.11299999803304672,0,0.0,0.0
2024-05-27 00:00:00+08:00,0.11299999803304672,0.11299999803304672,0.11299999803304672,0.11299999803304672,0,0.0,0.0
2024-05-28 00:00:00+08:00,0.11299999803304672,0.11299999803304672,0.11299999803304672,0.11299999803304672,0,0.0,0.0
2024-05-29 00:00:00+08:00,0.11299999803304672,0.11299999803304672,0.11299999803304672,0.11299999803304672,0,0.0,0.0
2024-05-30 00:00:00+08:00,0.13500000536441803,0.13500000536441803,0.13500000536441803,0.13500000536441803,13000,0.0,0.0
2024-05-31 00:00:00+08:00,0.13500000536441803,0.13500000536441803,0.13500000536441803,0.13500000536441803,0,0.0,0.0
2024-06-03 00:00:00+08:00,0.13500000536441803,0.15000000596046448,0.13500000536441803,0.15000000596046448,279500,0.0,0.0
2024-06-04 00:00:00+08:00,0.15000000596046448,0.15000000596046448,0.15000000596046448,0.15000000596046448,0,0.0,0.0
2024-06-05 00:00:00+08:00,0.15000000596046448,0.15000000596046448,0.15000000596046448,0.15000000596046448,0,0.0,0.0
2024-06-06 00:00:00+08:00,0.15000000596046448,0.15000000596046448,0.15000000596046448,0.15000000596046448,0,0.0,0.0
2024-06-07 00:00:00+08:00,0.15000000596046448,0.15000000596046448,0.15000000596046448,0.15000000596046448,0,0.0,0.0
2024-06-10 00:00:00+08:00,0.15000000596046448,0.15000000596046448,0.15000000596046448,0.15000000596046448,0,0.0,0.0
2024-06-11 00:00:00+08:00,0.15000000596046448,0.15000000596046448,0.15000000596046448,0.15000000596046448,0,0.0,0.0
2024-06-12 00:00:00+08:00,0.15000000596046448,0.15000000596046448,0.15000000596046448,0.15000000596046448,0,0.0,0.0
2024-06-13 00:00:00+08:00,0.15000000596046448,0.15000000596046448,0.15000000596046448,0.15000000596046448,0,0.0,0.0
2024-06-14 00:00:00+08:00,0.15000000596046448,0.15000000596046448,0.15000000596046448,0.15000000596046448,0,0.0,0.0
2024-06-18 00:00:00+08:00,0.15000000596046448,0.15000000596046448,0.15000000596046448,0.15000000596046448,0,0.0,0.0
2024-06-19 00:00:00+08:00,0.15000000596046448,0.15000000596046448,0.15000000596046448,0.15000000596046448,0,0.0,0.0
2024-06-20 00:00:00+08:00,0.15000000596046448,0.15000000596046448,0.15000000596046448,0.15000000596046448,10000,0.0,0.0
2024-06-21 00:00:00+08:00,0.15000000596046448,0.15000000596046448,0.15000000596046448,0.15000000596046448,0,0.0,0.0
2024-06-24 00:00:00+08:00,0.15000000596046448,0.15000000596046448,0.15000000596046448,0.15000000596046448,0,0.0,0.0
2024-06-25 00:00:00+08:00,0.15000000596046448,0.15000000596046448,0.15000000596046448,0.15000000596046448,0,0.0,0.0
2024-06-26 00:00:00+08:00,0.15000000596046448,0.15000000596046448,0.15000000596046448,0.15000000596046448,0,0.0,0.0
2024-06-27 00:00:00+08:00,0.15000000596046448,0.15000000596046448,0.15000000596046448,0.15000000596046448,0,0.0,0.0
2024-06-28 00:00:00+08:00,0.15000000596046448,0.15000000596046448,0.15000000596046448,0.15000000596046448,0,0.0,0.0
2024-07-01 00:00:00+08:00,0.15000000596046448,0.15000000596046448,0.15000000596046448,0.15000000596046448,117700,0.0,0.0
2024-07-02 00:00:00+08:00,0.15000000596046448,0.15000000596046448,0.15000000596046448,0.15000000596046448,0,0.0,0.0
2024-07-03 00:00:00+08:00,0.15000000596046448,0.15000000596046448,0.15000000596046448,0.15000000596046448,0,0.0,0.0
2024-07-04 00:00:00+08:00,0.15000000596046448,0.15000000596046448,0.15000000596046448,0.15000000596046448,0,0.0,0.0
2024-07-05 00:00:00+08:00,0.12999999523162842,0.12999999523162842,0.12999999523162842,0.12999999523162842,20000,0.0,0.0
2024-07-08 00:00:00+08:00,0.11999999731779099,0.11999999731779099,0.11999999731779099,0.11999999731779099,1500,0.0,0.0
2024-07-09 00:00:00+08:00,0.11999999731779099,0.11999999731779099,0.11999999731779099,0.11999999731779099,0,0.0,0.0
2024-07-10 00:00:00+08:00,0.11999999731779099,0.11999999731779099,0.11999999731779099,0.11999999731779099,0,0.0,0.0
2024-07-11 00:00:00+08:00,0.11999999731779099,0.11999999731779099,0.11999999731779099,0.11999999731779099,0,0.0,0.0
2024-07-12 00:00:00+08:00,0.11999999731779099,0.11999999731779099,0.11999999731779099,0.11999999731779099,0,0.0,0.0
2024-07-15 00:00:00+08:00,0.11999999731779099,0.11999999731779099,0.11999999731779099,0.11999999731779099,0,0.0,0.0
2024-07-16 00:00:00+08:00,0.11999999731779099,0.11999999731779099,0.11999999731779099,0.11999999731779099,0,0.0,0.0
2024-07-17 00:00:00+08:00,0.11999999731779099,0.11999999731779099,0.11999999731779099,0.11999999731779099,0,0.0,0.0
2024-07-18 00:00:00+08:00,0.11999999731779099,0.11999999731779099,0.11999999731779099,0.11999999731779099,0,0.0,0.0
2024-07-19 00:00:00+08:00,0.11999999731779099,0.11999999731779099,0.11999999731779099,0.11999999731779099,0,0.0,0.0
2024-07-22 00:00:00+08:00,0.11999999731779099,0.11999999731779099,0.11999999731779099,0.11999999731779099,0,0.0,0.0
2024-07-23 00:00:00+08:00,0.11999999731779099,0.11999999731779099,0.11999999731779099,0.11999999731779099,0,0.0,0.0
2024-07-24 00:00:00+08:00,0.15000000596046448,0.15000000596046448,0.15000000596046448,0.15000000596046448,30000,0.0,0.0
2024-07-25 00:00:00+08:00,0.15000000596046448,0.15000000596046448,0.15000000596046448,0.15000000596046448,0,0.0,0.0
2024-07-26 00:00:00+08:00,0.15000000596046448,0.1509999930858612,0.15000000596046448,0.15000000596046448,19300,0.0,0.0
2024-07-29 00:00:00+08:00,0.15000000596046448,0.15000000596046448,0.15000000596046448,0.15000000596046448,0,0.0,0.0
2024-07-30 00:00:00+08:00,0.15000000596046448,0.15000000596046448,0.15000000596046448,0.15000000596046448,0,0.0,0.0
2024-07-31 00:00:00+08:00,0.15000000596046448,0.15000000596046448,0.15000000596046448,0.15000000596046448,0,0.0,0.0
2024-08-01 00:00:00+08:00,0.15000000596046448,0.15000000596046448,0.15000000596046448,0.15000000596046448,0,0.0,0.0
2024-08-02 00:00:00+08:00,0.15000000596046448,0.15000000596046448,0.15000000596046448,0.15000000596046448,0,0.0,0.0
2024-08-05 00:00:00+08:00,0.15000000596046448,0.15000000596046448,0.15000000596046448,0.15000000596046448,0,0.0,0.0
2024-08-06 00:00:00+08:00,0.15000000596046448,0.15000000596046448,0.15000000596046448,0.15000000596046448,0,0.0,0.0
2024-08-07 00:00:00+08:00,0.15000000596046448,0.15000000596046448,0.15000000596046448,0.15000000596046448,0,0.0,0.0
2024-08-08 00:00:00+08:00,0.15000000596046448,0.15000000596046448,0.15000000596046448,0.15000000596046448,0,0.0,0.0
2024-08-12 00:00:00+08:00,0.15000000596046448,0.15000000596046448,0.15000000596046448,0.15000000596046448,0,0.0,0.0
2024-08-13 00:00:00+08:00,0.15000000596046448,0.15000000596046448,0.15000000596046448,0.15000000596046448,0,0.0,0.0
2024-08-14 00:00:00+08:00,0.15000000596046448,0.15000000596046448,0.15000000596046448,0.15000000596046448,0,0.0,0.0
2024-08-15 00:00:00+08:00,0.15000000596046448,0.15000000596046448,0.15000000596046448,0.15000000596046448,0,0.0,0.0
2024-08-16 00:00:00+08:00,0.15000000596046448,0.15000000596046448,0.15000000596046448,0.15000000596046448,0,0.0,0.0
2024-08-19 00:00:00+08:00,0.15000000596046448,0.15000000596046448,0.15000000596046448,0.15000000596046448,0,0.0,0.0
2024-08-20 00:00:00+08:00,0.15000000596046448,0.15000000596046448,0.15000000596046448,0.15000000596046448,0,0.0,0.0
2024-08-21 00:00:00+08:00,0.15000000596046448,0.15000000596046448,0.15000000596046448,0.15000000596046448,0,0.0,0.0
2024-08-22 00:00:00+08:00,0.15000000596046448,0.15000000596046448,0.15000000596046448,0.15000000596046448,0,0.0,0.0
2024-08-23 00:00:00+08:00,0.15000000596046448,0.15000000596046448,0.15000000596046448,0.15000000596046448,0,0.0,0.0
2024-08-26 00:00:00+08:00,0.15000000596046448,0.15000000596046448,0.15000000596046448,0.15000000596046448,0,0.0,0.0
2024-08-27 00:00:00+08:00,0.15000000596046448,0.15000000596046448,0.15000000596046448,0.15000000596046448,0,0.0,0.0
2024-08-28 00:00:00+08:00,0.15000000596046448,0.15000000596046448,0.15000000596046448,0.15000000596046448,0,0.0,0.0
2024-08-29 00:00:00+08:00,0.15000000596046448,0.15000000596046448,0.15000000596046448,0.15000000596046448,0,0.0,0.0
2024-08-30 00:00:00+08:00,0.15000000596046448,0.15000000596046448,0.15000000596046448,0.15000000596046448,0,0.0,0.0
2024-09-02 00:00:00+08:00,0.15000000596046448,0.15000000596046448,0.15000000596046448,0.15000000596046448,0,0.0,0.0
2024-09-03 00:00:00+08:00,0.15000000596046448,0.15000000596046448,0.15000000596046448,0.15000000596046448,0,0.0,0.0
2024-09-04 00:00:00+08:00,0.15000000596046448,0.15000000596046448,0.15000000596046448,0.15000000596046448,10500,0.0,0.0
2024-09-05 00:00:00+08:00,0.15000000596046448,0.15000000596046448,0.15000000596046448,0.15000000596046448,0,0.0,0.0
2024-09-06 00:00:00+08:00,0.15000000596046448,0.15000000596046448,0.15000000596046448,0.15000000596046448,0,0.0,0.0
2024-09-09 00:00:00+08:00,0.15000000596046448,0.15000000596046448,0.15000000596046448,0.15000000596046448,0,0.0,0.0
2024-09-10 00:00:00+08:00,0.15000000596046448,0.15000000596046448,0.15000000596046448,0.15000000596046448,0,0.0,0.0
2024-09-11 00:00:00+08:00,0.15000000596046448,0.15000000596046448,0.15000000596046448,0.15000000596046448,0,0.0,0.0
2024-09-12 00:00:00+08:00,0.15000000596046448,0.15000000596046448,0.15000000596046448,0.15000000596046448,0,0.0,0.0
2024-09-13 00:00:00+08:00,0.15000000596046448,0.15000000596046448,0.15000000596046448,0.15000000596046448,0,0.0,0.0
2024-09-16 00:00:00+08:00,0.15000000596046448,0.15000000596046448,0.15000000596046448,0.15000000596046448,0,0.0,0.0
2024-09-17 00:00:00+08:00,0.10100000351667404,0.14499999582767487,0.0989999994635582,0.14399999380111694,54100,0.0,0.0
2024-09-18 00:00:00+08:00,0.14399999380111694,0.14399999380111694,0.14399999380111694,0.14399999380111694,0,0.0,0.0
2024-09-19 00:00:00+08:00,0.14399999380111694,0.14399999380111694,0.14399999380111694,0.14399999380111694,0,0.0,0.0
2024-09-20 00:00:00+08:00,0.13600000739097595,0.13699999451637268,0.13600000739097595,0.13699999451637268,31200,0.0,0.0
2024-09-23 00:00:00+08:00,0.1379999965429306,0.1379999965429306,0.1379999965429306,0.1379999965429306,1500,0.0,0.0
2024-09-24 00:00:00+08:00,0.1379999965429306,0.1379999965429306,0.1379999965429306,0.1379999965429306,0,0.0,0.0
2024-09-25 00:00:00+08:00,0.1379999965429306,0.1379999965429306,0.1379999965429306,0.1379999965429306,0,0.0,0.0
2024-09-26 00:00:00+08:00,0.1379999965429306,0.1379999965429306,0.1379999965429306,0.1379999965429306,0,0.0,0.0
2024-09-27 00:00:00+08:00,0.1379999965429306,0.1379999965429306,0.1379999965429306,0.1379999965429306,0,0.0,0.0
2024-09-30 00:00:00+08:00,0.1379999965429306,0.1379999965429306,0.1379999965429306,0.1379999965429306,0,0.0,0.0
2024-10-01 00:00:00+08:00,0.1379999965429306,0.1379999965429306,0.1379999965429306,0.1379999965429306,0,0.0,0.0
2024-10-02 00:00:00+08:00,0.1379999965429306,0.1379999965429306,0.1379999965429306,0.1379999965429306,0,0.0,0.0
2024-10-03 00:00:00+08:00,0.1379999965429306,0.1379999965429306,0.1379999965429306,0.1379999965429306,0,0.0,0.0
2024-10-04 00:00:00+08:00,0.1379999965429306,0.1379999965429306,0.1379999965429306,0.1379999965429306,500,0.0,0.0
2024-10-07 00:00:00+08:00,0.1379999965429306,0.1379999965429306,0.1379999965429306,0.1379999965429306,0,0.0,0.0
2024-10-08 00:00:00+08:00,0.1379999965429306,0.1379999965429306,0.1379999965429306,0.1379999965429306,0,0.0,0.0
2024-10-09 00:00:00+08:00,0.10999999940395355,0.11999999731779099,0.10999999940395355,0.11999999731779099,24000,0.0,0.0
2024-10-10 00:00:00+08:00,0.11999999731779099,0.11999999731779099,0.11999999731779099,0.11999999731779099,0,0.0,0.0
2024-10-11 00:00:00+08:00,0.11999999731779099,0.11999999731779099,0.11999999731779099,0.11999999731779099,0,0.0,0.0
2024-10-14 00:00:00+08:00,0.11999999731779099,0.11999999731779099,0.11999999731779099,0.11999999731779099,0,0.0,0.0
2024-10-15 00:00:00+08:00,0.11999999731779099,0.11999999731779099,0.11999999731779099,0.11999999731779099,0,0.0,0.0
2024-10-16 00:00:00+08:00,0.11999999731779099,0.11999999731779099,0.11999999731779099,0.11999999731779099,0,0.0,0.0
2024-10-17 00:00:00+08:00,0.11999999731779099,0.11999999731779099,0.11999999731779099,0.11999999731779099,0,0.0,0.0
2024-10-18 00:00:00+08:00,0.11999999731779099,0.11999999731779099,0.11999999731779099,0.11999999731779099,0,0.0,0.0
2024-10-21 00:00:00+08:00,0.11999999731779099,0.11999999731779099,0.11999999731779099,0.11999999731779099,0,0.0,0.0
2024-10-22 00:00:00+08:00,0.11999999731779099,0.11999999731779099,0.11999999731779099,0.11999999731779099,0,0.0,0.0
2024-10-23 00:00:00+08:00,0.10000000149011612,0.10000000149011612,0.10000000149011612,0.10000000149011612,10000,0.0,0.0
2024-10-24 00:00:00+08:00,0.10000000149011612,0.10000000149011612,0.10000000149011612,0.10000000149011612,20000,0.0,0.0
2024-10-25 00:00:00+08:00,0.10000000149011612,0.10000000149011612,0.10000000149011612,0.10000000149011612,0,0.0,0.0
2024-10-28 00:00:00+08:00,0.10000000149011612,0.10000000149011612,0.10000000149011612,0.10000000149011612,0,0.0,0.0
2024-10-29 00:00:00+08:00,0.10000000149011612,0.10000000149011612,0.10000000149011612,0.10000000149011612,0,0.0,0.0
2024-10-30 00:00:00+08:00,0.10000000149011612,0.10000000149011612,0.10000000149011612,0.10000000149011612,0,0.0,0.0
2024-11-01 00:00:00+08:00,0.10000000149011612,0.10000000149011612,0.10000000149011612,0.10000000149011612,0,0.0,0.0
2024-11-04 00:00:00+08:00,0.10000000149011612,0.10000000149011612,0.10000000149011612,0.10000000149011612,0,0.0,0.0
2024-11-05 00:00:00+08:00,0.10000000149011612,0.10000000149011612,0.10000000149011612,0.10000000149011612,10000,0.0,0.0
2024-11-06 00:00:00+08:00,0.10000000149011612,0.10000000149011612,0.10000000149011612,0.10000000149011612,0,0.0,0.0
2024-11-07 00:00:00+08:00,0.10000000149011612,0.10000000149011612,0.10000000149011612,0.10000000149011612,8000,0.0,0.0
2024-11-08 00:00:00+08:00,0.10000000149011612,0.10000000149011612,0.10000000149011612,0.10000000149011612,0,0.0,0.0
2024-11-11 00:00:00+08:00,0.10000000149011612,0.10000000149011612,0.10000000149011612,0.10000000149011612,0,0.0,0.0
2024-11-12 00:00:00+08:00,0.10000000149011612,0.10000000149011612,0.10000000149011612,0.10000000149011612,7300,0.0,0.0
2024-11-13 00:00:00+08:00,0.10000000149011612,0.10000000149011612,0.10000000149011612,0.10000000149011612,0,0.0,0.0
2024-11-14 00:00:00+08:00,0.10000000149011612,0.10000000149011612,0.10000000149011612,0.10000000149011612,0,0.0,0.0
2024-11-15 00:00:00+08:00,0.10000000149011612,0.10000000149011612,0.10000000149011612,0.10000000149011612,0,0.0,0.0
2024-11-18 00:00:00+08:00,0.12999999523162842,0.12999999523162842,0.12999999523162842,0.12999999523162842,56000,0.0,0.0
2024-11-19 00:00:00+08:00,0.12999999523162842,0.12999999523162842,0.12999999523162842,0.12999999523162842,200,0.0,0.0
2024-11-20 00:00:00+08:00,0.12999999523162842,0.12999999523162842,0.12999999523162842,0.12999999523162842,0,0.0,0.0
2024-11-21 00:00:00+08:00,0.12999999523162842,0.12999999523162842,0.12999999523162842,0.12999999523162842,0,0.0,0.0
2024-11-22 00:00:00+08:00,0.12999999523162842,0.12999999523162842,0.12999999523162842,0.12999999523162842,0,0.0,0.0
2024-11-25 00:00:00+08:00,0.12999999523162842,0.12999999523162842,0.12999999523162842,0.12999999523162842,0,0.0,0.0
2024-11-26 00:00:00+08:00,0.12999999523162842,0.12999999523162842,0.12999999523162842,0.12999999523162842,0,0.0,0.0
2024-11-27 00:00:00+08:00,0.12999999523162842,0.12999999523162842,0.12999999523162842,0.12999999523162842,0,0.0,0.0
2024-11-28 00:00:00+08:00,0.12999999523162842,0.12999999523162842,0.12999999523162842,0.12999999523162842,0,0.0,0.0
2024-11-29 00:00:00+08:00,0.12999999523162842,0.12999999523162842,0.12999999523162842,0.12999999523162842,0,0.0,0.0
2024-12-02 00:00:00+08:00,0.12999999523162842,0.12999999523162842,0.12999999523162842,0.12999999523162842,0,0.0,0.0
2024-12-03 00:00:00+08:00,0.12999999523162842,0.12999999523162842,0.12999999523162842,0.12999999523162842,0,0.0,0.0
2024-12-04 00:00:00+08:00,0.12999999523162842,0.12999999523162842,0.12999999523162842,0.12999999523162842,0,0.0,0.0
2024-12-05 00:00:00+08:00,0.12999999523162842,0.12999999523162842,0.12999999523162842,0.12999999523162842,0,0.0,0.0
2024-12-06 00:00:00+08:00,0.12999999523162842,0.12999999523162842,0.12999999523162842,0.12999999523162842,0,0.0,0.0
2024-12-09 00:00:00+08:00,0.12999999523162842,0.12999999523162842,0.12999999523162842,0.12999999523162842,0,0.0,0.0
2024-12-10 00:00:00+08:00,0.12999999523162842,0.12999999523162842,0.12999999523162842,0.12999999523162842,0,0.0,0.0
2024-12-11 00:00:00+08:00,0.12999999523162842,0.12999999523162842,0.12999999523162842,0.12999999523162842,0,0.0,0.0
2024-12-12 00:00:00+08:00,0.12999999523162842,0.12999999523162842,0.12999999523162842,0.12999999523162842,0,0.0,0.0
2024-12-13 00:00:00+08:00,0.12999999523162842,0.12999999523162842,0.12999999523162842,0.12999999523162842,0,0.0,0.0
2024-12-16 00:00:00+08:00,0.12999999523162842,0.12999999523162842,0.12999999523162842,0.12999999523162842,0,0.0,0.0
2024-12-17 00:00:00+08:00,0.12999999523162842,0.12999999523162842,0.12999999523162842,0.12999999523162842,0,0.0,0.0
2024-12-18 00:00:00+08:00,0.12999999523162842,0.12999999523162842,0.12999999523162842,0.12999999523162842,0,0.0,0.0
2024-12-19 00:00:00+08:00,0.12999999523162842,0.12999999523162842,0.12999999523162842,0.12999999523162842,0,0.0,0.0
2024-12-20 00:00:00+08:00,0.12999999523162842,0.12999999523162842,0.12999999523162842,0.12999999523162842,0,0.0,0.0
2024-12-23 00:00:00+08:00,0.12999999523162842,0.12999999523162842,0.12999999523162842,0.12999999523162842,0,0.0,0.0
2024-12-24 00:00:00+08:00,0.12999999523162842,0.12999999523162842,0.12999999523162842,0.12999999523162842,0,0.0,0.0
2024-12-26 00:00:00+08:00,0.12999999523162842,0.12999999523162842,0.12999999523162842,0.12999999523162842,0,0.0,0.0
2024-12-27 00:00:00+08:00,0.12999999523162842,0.12999999523162842,0.12999999523162842,0.12999999523162842,0,0.0,0.0
2024-12-30 00:00:00+08:00,0.12999999523162842,0.12999999523162842,0.12999999523162842,0.12999999523162842,0,0.0,0.0
2024-12-31 00:00:00+08:00,0.12999999523162842,0.12999999523162842,0.12999999523162842,0.12999999523162842,0,0.0,0.0
2025-01-02 00:00:00+08:00,0.12999999523162842,0.12999999523162842,0.12999999523162842,0.12999999523162842,0,0.0,0.0
2025-01-03 00:00:00+08:00,0.12999999523162842,0.12999999523162842,0.12999999523162842,0.12999999523162842,0,0.0,0.0
