Date,Open,High,Low,Close,Volume,Dividends,Stock Splits
2021-11-11 00:00:00-05:00,19.0,22.25,18.229999542236328,19.899999618530273,7541800,0.0,0.0
2021-11-12 00:00:00-05:00,20.899999618530273,23.010000228881836,20.110000610351562,22.040000915527344,2415700,0.0,0.0
2021-11-15 00:00:00-05:00,26.5,28.59000015258789,24.549999237060547,25.5,4275400,0.0,0.0
2021-11-16 00:00:00-05:00,26.139999389648438,31.5,26.139999389648438,31.5,2613200,0.0,0.0
2021-11-17 00:00:00-05:00,33.0,36.5,28.34000015258789,31.15999984741211,3380000,0.0,0.0
2021-11-18 00:00:00-05:00,27.899999618530273,31.0,27.0,30.940000534057617,884700,0.0,0.0
2021-11-19 00:00:00-05:00,30.739999771118164,30.889999389648438,25.790000915527344,27.049999237060547,794000,0.0,0.0
2021-11-22 00:00:00-05:00,29.079999923706055,30.389999389648438,27.510000228881836,27.860000610351562,439200,0.0,0.0
2021-11-23 00:00:00-05:00,27.850000381469727,28.0,23.5,24.56999969482422,524800,0.0,0.0
2021-11-24 00:00:00-05:00,25.0,26.43000030517578,24.5,26.0,232300,0.0,0.0
2021-11-26 00:00:00-05:00,24.650999069213867,26.489999771118164,24.100000381469727,25.670000076293945,198600,0.0,0.0
2021-11-29 00:00:00-05:00,25.760000228881836,26.5,22.049999237060547,22.40999984741211,556000,0.0,0.0
2021-11-30 00:00:00-05:00,22.40999984741211,23.31999969482422,20.530000686645508,21.469999313354492,598400,0.0,0.0
2021-12-01 00:00:00-05:00,21.760000228881836,24.200000762939453,19.5,19.739999771118164,736800,0.0,0.0
2021-12-02 00:00:00-05:00,19.799999237060547,23.440000534057617,19.799999237060547,21.860000610351562,795300,0.0,0.0
2021-12-03 00:00:00-05:00,22.020000457763672,23.270000457763672,20.5,22.489999771118164,553800,0.0,0.0
2021-12-06 00:00:00-05:00,23.364999771118164,23.364999771118164,21.049999237060547,22.399999618530273,431200,0.0,0.0
2021-12-07 00:00:00-05:00,22.700000762939453,25.139999389648438,22.059999465942383,24.0,287500,0.0,0.0
2021-12-08 00:00:00-05:00,24.860000610351562,24.940000534057617,23.200000762939453,24.09000015258789,163200,0.0,0.0
2021-12-09 00:00:00-05:00,23.850000381469727,24.68899917602539,23.200000762939453,23.6200008392334,285700,0.0,0.0
2021-12-10 00:00:00-05:00,23.700000762939453,24.0,21.440000534057617,21.559999465942383,266100,0.0,0.0
2021-12-13 00:00:00-05:00,22.222000122070312,22.600000381469727,20.65999984741211,21.3799991607666,217500,0.0,0.0
2021-12-14 00:00:00-05:00,20.75,21.860000610351562,20.260000228881836,20.56999969482422,281100,0.0,0.0
2021-12-15 00:00:00-05:00,20.639999389648438,20.84000015258789,16.829999923706055,18.649999618530273,998700,0.0,0.0
2021-12-16 00:00:00-05:00,19.059999465942383,21.18000030517578,18.969999313354492,19.479999542236328,523600,0.0,0.0
2021-12-17 00:00:00-05:00,19.200000762939453,19.329999923706055,17.0,17.15999984741211,692200,0.0,0.0
2021-12-20 00:00:00-05:00,16.8700008392334,19.530000686645508,16.5,19.489999771118164,216200,0.0,0.0
2021-12-21 00:00:00-05:00,19.5,19.5,17.90999984741211,18.56999969482422,345000,0.0,0.0
2021-12-22 00:00:00-05:00,18.56999969482422,18.649999618530273,17.69099998474121,17.8700008392334,119900,0.0,0.0
2021-12-23 00:00:00-05:00,18.059999465942383,18.899999618530273,17.649999618530273,18.670000076293945,122200,0.0,0.0
2021-12-27 00:00:00-05:00,18.670000076293945,18.68199920654297,18.1299991607666,18.559999465942383,55200,0.0,0.0
2021-12-28 00:00:00-05:00,18.540000915527344,18.59000015258789,17.0,17.520000457763672,217500,0.0,0.0
2021-12-29 00:00:00-05:00,17.459999084472656,17.59000015258789,16.78499984741211,17.479999542236328,188600,0.0,0.0
2021-12-30 00:00:00-05:00,17.479999542236328,17.950000762939453,17.15999984741211,17.489999771118164,138000,0.0,0.0
2021-12-31 00:00:00-05:00,17.3799991607666,17.5,16.799999237060547,16.889999389648438,111500,0.0,0.0
2022-01-03 00:00:00-05:00,17.049999237060547,18.15999984741211,16.889999389648438,17.8799991607666,70500,0.0,0.0
2022-01-04 00:00:00-05:00,17.799999237060547,17.799999237060547,17.100000381469727,17.260000228881836,178800,0.0,0.0
2022-01-05 00:00:00-05:00,17.270000457763672,17.790000915527344,16.020000457763672,16.149999618530273,141700,0.0,0.0
2022-01-06 00:00:00-05:00,16.040000915527344,16.7189998626709,15.109999656677246,15.609999656677246,204600,0.0,0.0
2022-01-07 00:00:00-05:00,15.729999542236328,16.399999618530273,15.305000305175781,16.040000915527344,62800,0.0,0.0
2022-01-10 00:00:00-05:00,16.0,16.174999237060547,13.510000228881836,13.699999809265137,496600,0.0,0.0
2022-01-11 00:00:00-05:00,14.100000381469727,14.729999542236328,13.899999618530273,14.329999923706055,252800,0.0,0.0
2022-01-12 00:00:00-05:00,14.420000076293945,14.800000190734863,14.010000228881836,14.399999618530273,107000,0.0,0.0
2022-01-13 00:00:00-05:00,14.770000457763672,14.779999732971191,13.380000114440918,13.539999961853027,147300,0.0,0.0
2022-01-14 00:00:00-05:00,13.75,14.100000381469727,13.0,13.100000381469727,252200,0.0,0.0
2022-01-18 00:00:00-05:00,13.010000228881836,13.41100025177002,12.140000343322754,12.75,171000,0.0,0.0
2022-01-19 00:00:00-05:00,13.0,13.619999885559082,12.680000305175781,13.40999984741211,179400,0.0,0.0
2022-01-20 00:00:00-05:00,13.40999984741211,13.887999534606934,12.960000038146973,13.109999656677246,85300,0.0,0.0
2022-01-21 00:00:00-05:00,12.979999542236328,12.979999542236328,12.0,12.289999961853027,237700,0.0,0.0
2022-01-24 00:00:00-05:00,12.25,13.079999923706055,11.109999656677246,13.079999923706055,183300,0.0,0.0
2022-01-25 00:00:00-05:00,13.0,13.0,12.199999809265137,12.680000305175781,95600,0.0,0.0
2022-01-26 00:00:00-05:00,13.149999618530273,13.444999694824219,12.3100004196167,12.550000190734863,83100,0.0,0.0
2022-01-27 00:00:00-05:00,12.5600004196167,12.600000381469727,11.800000190734863,12.109999656677246,79400,0.0,0.0
2022-01-28 00:00:00-05:00,12.109999656677246,12.529999732971191,11.529999732971191,12.430000305175781,71800,0.0,0.0
2022-01-31 00:00:00-05:00,12.5,13.380000114440918,12.260000228881836,13.229999542236328,81000,0.0,0.0
2022-02-01 00:00:00-05:00,13.5,14.0,13.16100025177002,13.649999618530273,41300,0.0,0.0
2022-02-02 00:00:00-05:00,14.239999771118164,14.239999771118164,12.329999923706055,12.8100004196167,130700,0.0,0.0
2022-02-03 00:00:00-05:00,12.430000305175781,12.847999572753906,11.880000114440918,11.970000267028809,60200,0.0,0.0
2022-02-04 00:00:00-05:00,12.130000114440918,13.295000076293945,11.984999656677246,12.960000038146973,70000,0.0,0.0
2022-02-07 00:00:00-05:00,12.960000038146973,13.960000038146973,12.666000366210938,13.800000190734863,104600,0.0,0.0
2022-02-08 00:00:00-05:00,13.8100004196167,14.555000305175781,13.5600004196167,13.9399995803833,88000,0.0,0.0
2022-02-09 00:00:00-05:00,14.119999885559082,14.930000305175781,14.119999885559082,14.885000228881836,68300,0.0,0.0
2022-02-10 00:00:00-05:00,14.65999984741211,15.890000343322754,14.484999656677246,15.100000381469727,102000,0.0,0.0
2022-02-11 00:00:00-05:00,15.100000381469727,15.430000305175781,13.199999809265137,13.289999961853027,122600,0.0,0.0
2022-02-14 00:00:00-05:00,13.260000228881836,13.789999961853027,12.937000274658203,13.239999771118164,48100,0.0,0.0
2022-02-15 00:00:00-05:00,13.270000457763672,15.09000015258789,13.270000457763672,14.949999809265137,92200,0.0,0.0
2022-02-16 00:00:00-05:00,14.979999542236328,15.380000114440918,13.859999656677246,15.380000114440918,114600,0.0,0.0
2022-02-17 00:00:00-05:00,15.380000114440918,15.380000114440918,13.324999809265137,13.869999885559082,168700,0.0,0.0
2022-02-18 00:00:00-05:00,13.600000381469727,13.680000305175781,8.75,9.890000343322754,1308400,0.0,0.0
2022-02-22 00:00:00-05:00,9.930000305175781,10.829999923706055,9.899999618530273,10.390000343322754,174600,0.0,0.0
2022-02-23 00:00:00-05:00,10.539999961853027,11.222000122070312,10.260000228881836,11.100000381469727,129000,0.0,0.0
2022-02-24 00:00:00-05:00,10.399999618530273,12.449999809265137,10.010000228881836,12.260000228881836,139600,0.0,0.0
2022-02-25 00:00:00-05:00,12.260000228881836,12.260000228881836,9.760000228881836,10.65999984741211,335800,0.0,0.0
2022-02-28 00:00:00-05:00,10.680000305175781,11.60099983215332,10.520000457763672,11.380000114440918,60800,0.0,0.0
2022-03-01 00:00:00-05:00,11.25,11.920000076293945,10.960000038146973,10.970000267028809,78300,0.0,0.0
2022-03-02 00:00:00-05:00,10.960000038146973,11.767000198364258,10.949999809265137,11.6899995803833,49000,0.0,0.0
2022-03-03 00:00:00-05:00,11.699999809265137,11.699999809265137,10.869999885559082,10.930000305175781,47100,0.0,0.0
2022-03-04 00:00:00-05:00,10.789999961853027,11.069999694824219,10.010000228881836,11.0600004196167,118700,0.0,0.0
2022-03-07 00:00:00-05:00,11.210000038146973,11.210000038146973,10.0,10.0,136200,0.0,0.0
2022-03-08 00:00:00-05:00,10.0,10.579999923706055,9.333999633789062,10.470000267028809,122100,0.0,0.0
2022-03-09 00:00:00-05:00,10.770000457763672,11.180000305175781,10.449999809265137,10.949999809265137,77300,0.0,0.0
2022-03-10 00:00:00-05:00,10.6899995803833,10.90999984741211,10.449999809265137,10.739999771118164,29900,0.0,0.0
2022-03-11 00:00:00-05:00,10.890000343322754,10.895000457763672,9.899999618530273,9.899999618530273,71900,0.0,0.0
2022-03-14 00:00:00-04:00,9.899999618530273,9.90999984741211,9.119999885559082,9.34000015258789,109800,0.0,0.0
2022-03-15 00:00:00-04:00,9.520000457763672,9.998000144958496,9.220000267028809,9.75,56700,0.0,0.0
2022-03-16 00:00:00-04:00,9.920000076293945,10.65999984741211,9.760000228881836,10.619999885559082,119700,0.0,0.0
2022-03-17 00:00:00-04:00,10.5,11.239999771118164,10.199999809265137,11.199999809265137,118700,0.0,0.0
2022-03-18 00:00:00-04:00,11.020000457763672,11.600000381469727,11.0,11.390000343322754,180900,0.0,0.0
2022-03-21 00:00:00-04:00,11.300000190734863,11.529999732971191,11.010000228881836,11.529999732971191,110700,0.0,0.0
2022-03-22 00:00:00-04:00,11.520000457763672,11.9399995803833,11.279999732971191,11.539999961853027,109300,0.0,0.0
2022-03-23 00:00:00-04:00,11.430000305175781,11.744999885559082,10.680000305175781,10.680000305175781,55300,0.0,0.0
2022-03-24 00:00:00-04:00,10.920000076293945,11.319999694824219,10.281000137329102,11.220000267028809,50500,0.0,0.0
2022-03-25 00:00:00-04:00,11.199999809265137,11.199999809265137,10.59000015258789,10.859999656677246,43400,0.0,0.0
2022-03-28 00:00:00-04:00,10.970000267028809,11.4399995803833,10.680000305175781,11.170000076293945,41700,0.0,0.0
2022-03-29 00:00:00-04:00,11.279999732971191,11.635000228881836,11.0,11.229999542236328,36900,0.0,0.0
2022-03-30 00:00:00-04:00,11.229999542236328,11.524999618530273,11.0,11.100000381469727,39200,0.0,0.0
2022-03-31 00:00:00-04:00,11.180000305175781,11.180000305175781,10.670000076293945,10.670000076293945,28600,0.0,0.0
2022-04-01 00:00:00-04:00,10.829999923706055,11.130000114440918,10.670000076293945,10.850000381469727,24000,0.0,0.0
2022-04-04 00:00:00-04:00,10.960000038146973,11.435999870300293,10.9399995803833,11.130000114440918,36700,0.0,0.0
2022-04-05 00:00:00-04:00,11.25,11.399999618530273,10.670000076293945,10.789999961853027,29800,0.0,0.0
2022-04-06 00:00:00-04:00,10.75,10.819999694824219,10.0,10.59000015258789,52900,0.0,0.0
2022-04-07 00:00:00-04:00,10.59000015258789,10.619999885559082,10.09000015258789,10.329999923706055,43200,0.0,0.0
2022-04-08 00:00:00-04:00,10.4399995803833,10.470000267028809,10.295000076293945,10.350000381469727,25200,0.0,0.0
2022-04-11 00:00:00-04:00,10.350000381469727,10.649999618530273,9.899999618530273,10.1899995803833,52700,0.0,0.0
2022-04-12 00:00:00-04:00,10.359999656677246,10.600000381469727,9.90999984741211,10.329999923706055,16600,0.0,0.0
2022-04-13 00:00:00-04:00,10.239999771118164,10.739999771118164,10.130000114440918,10.6899995803833,42500,0.0,0.0
2022-04-14 00:00:00-04:00,10.579999923706055,10.579999923706055,10.039999961853027,10.100000381469727,41000,0.0,0.0
2022-04-18 00:00:00-04:00,10.079999923706055,10.164999961853027,9.609999656677246,9.75,66700,0.0,0.0
2022-04-19 00:00:00-04:00,9.670000076293945,10.550000190734863,9.600000381469727,10.4399995803833,39300,0.0,0.0
2022-04-20 00:00:00-04:00,10.569999694824219,10.949999809265137,10.140000343322754,10.359999656677246,270900,0.0,0.0
2022-04-21 00:00:00-04:00,10.479999542236328,10.949999809265137,9.949999809265137,10.100000381469727,249600,0.0,0.0
2022-04-22 00:00:00-04:00,10.100000381469727,10.210000038146973,9.75,10.039999961853027,221400,0.0,0.0
2022-04-25 00:00:00-04:00,9.899999618530273,10.789999961853027,9.600000381469727,10.1899995803833,232900,0.0,0.0
2022-04-26 00:00:00-04:00,10.029999732971191,10.289999961853027,9.369999885559082,9.859999656677246,334800,0.0,0.0
2022-04-27 00:00:00-04:00,9.869999885559082,10.199999809265137,9.25,9.460000038146973,89300,0.0,0.0
2022-04-28 00:00:00-04:00,9.619999885559082,10.121000289916992,9.140000343322754,9.670000076293945,214900,0.0,0.0
2022-04-29 00:00:00-04:00,9.6899995803833,9.989999771118164,9.380000114440918,9.479999542236328,40300,0.0,0.0
2022-05-02 00:00:00-04:00,9.380000114440918,9.760000228881836,9.25,9.710000038146973,35600,0.0,0.0
2022-05-03 00:00:00-04:00,9.65999984741211,10.109999656677246,9.303999900817871,9.779999732971191,39200,0.0,0.0
2022-05-04 00:00:00-04:00,9.920000076293945,10.350000381469727,9.350000381469727,10.34000015258789,65900,0.0,0.0
2022-05-05 00:00:00-04:00,10.199999809265137,10.199999809265137,9.619999885559082,9.649999618530273,43500,0.0,0.0
2022-05-06 00:00:00-04:00,9.3100004196167,9.3100004196167,7.699999809265137,7.789999961853027,443300,0.0,0.0
2022-05-09 00:00:00-04:00,7.840000152587891,7.840000152587891,6.300000190734863,6.5,208600,0.0,0.0
2022-05-10 00:00:00-04:00,6.309999942779541,7.179999828338623,5.75,7.0,333600,0.0,0.0
2022-05-11 00:00:00-04:00,6.889999866485596,7.190000057220459,5.855000019073486,5.989999771118164,174000,0.0,0.0
2022-05-12 00:00:00-04:00,6.0,6.449999809265137,5.78000020980835,5.960000038146973,192300,0.0,0.0
2022-05-13 00:00:00-04:00,6.25,6.46999979019165,5.989999771118164,6.159999847412109,278800,0.0,0.0
2022-05-16 00:00:00-04:00,6.010000228881836,6.429999828338623,5.730000019073486,6.269999980926514,235800,0.0,0.0
2022-05-17 00:00:00-04:00,6.480000019073486,6.619999885559082,6.150000095367432,6.420000076293945,171500,0.0,0.0
2022-05-18 00:00:00-04:00,6.349999904632568,6.389999866485596,5.949999809265137,6.039999961853027,257900,0.0,0.0
2022-05-19 00:00:00-04:00,5.96999979019165,6.400000095367432,5.760000228881836,6.230000019073486,135300,0.0,0.0
2022-05-20 00:00:00-04:00,6.230000019073486,6.2729997634887695,5.599999904632568,5.849999904632568,166000,0.0,0.0
2022-05-23 00:00:00-04:00,6.0,6.099999904632568,5.675000190734863,5.75,101300,0.0,0.0
2022-05-24 00:00:00-04:00,5.604000091552734,5.795000076293945,5.28000020980835,5.480000019073486,138400,0.0,0.0
2022-05-25 00:00:00-04:00,5.489999771118164,5.940000057220459,5.360000133514404,5.78000020980835,75600,0.0,0.0
2022-05-26 00:00:00-04:00,5.710000038146973,6.159999847412109,5.699999809265137,6.039999961853027,65600,0.0,0.0
2022-05-27 00:00:00-04:00,6.039999961853027,6.269999980926514,5.980000019073486,6.139999866485596,193800,0.0,0.0
2022-05-31 00:00:00-04:00,6.110000133514404,6.809999942779541,6.03000020980835,6.360000133514404,159200,0.0,0.0
2022-06-01 00:00:00-04:00,6.400000095367432,6.769999980926514,6.03000020980835,6.079999923706055,72700,0.0,0.0
2022-06-02 00:00:00-04:00,6.010000228881836,6.380000114440918,6.010000228881836,6.309999942779541,160900,0.0,0.0
2022-06-03 00:00:00-04:00,6.300000190734863,6.75,6.150000095367432,6.190000057220459,119200,0.0,0.0
2022-06-06 00:00:00-04:00,6.309999942779541,6.440000057220459,5.679999828338623,5.820000171661377,157700,0.0,0.0
2022-06-07 00:00:00-04:00,5.829999923706055,6.25,5.670000076293945,6.190000057220459,75100,0.0,0.0
2022-06-08 00:00:00-04:00,6.130000114440918,6.320000171661377,5.872000217437744,6.139999866485596,86000,0.0,0.0
2022-06-09 00:00:00-04:00,6.070000171661377,6.070000171661377,5.820000171661377,5.860000133514404,76400,0.0,0.0
2022-06-10 00:00:00-04:00,5.71999979019165,5.76800012588501,5.25,5.539999961853027,145100,0.0,0.0
2022-06-13 00:00:00-04:00,5.320000171661377,5.320000171661377,5.090000152587891,5.150000095367432,99800,0.0,0.0
2022-06-14 00:00:00-04:00,5.199999809265137,5.489999771118164,5.019999980926514,5.199999809265137,93500,0.0,0.0
2022-06-15 00:00:00-04:00,5.190000057220459,5.449999809265137,5.03000020980835,5.289999961853027,95100,0.0,0.0
2022-06-16 00:00:00-04:00,5.139999866485596,5.21999979019165,4.869999885559082,5.03000020980835,99400,0.0,0.0
2022-06-17 00:00:00-04:00,5.099999904632568,5.25,4.929999828338623,4.940000057220459,143400,0.0,0.0
2022-06-21 00:00:00-04:00,5.150000095367432,5.599999904632568,5.114999771118164,5.130000114440918,87200,0.0,0.0
2022-06-22 00:00:00-04:00,5.099999904632568,5.360000133514404,5.010000228881836,5.130000114440918,77400,0.0,0.0
2022-06-23 00:00:00-04:00,5.190000057220459,5.28000020980835,4.96999979019165,5.199999809265137,100100,0.0,0.0
2022-06-24 00:00:00-04:00,5.320000171661377,5.599999904632568,5.289999961853027,5.539999961853027,66900,0.0,0.0
2022-06-27 00:00:00-04:00,5.489999771118164,5.510000228881836,5.199999809265137,5.199999809265137,78700,0.0,0.0
2022-06-28 00:00:00-04:00,5.239999771118164,5.329999923706055,4.989999771118164,5.179999828338623,261500,0.0,0.0
2022-06-29 00:00:00-04:00,5.070000171661377,5.070000171661377,4.920000076293945,4.949999809265137,59700,0.0,0.0
2022-06-30 00:00:00-04:00,4.900000095367432,5.579999923706055,4.849999904632568,5.230000019073486,124700,0.0,0.0
2022-07-01 00:00:00-04:00,5.150000095367432,5.173999786376953,4.849999904632568,5.070000171661377,170300,0.0,0.0
2022-07-05 00:00:00-04:00,5.0,5.46999979019165,5.0,5.440000057220459,68600,0.0,0.0
2022-07-06 00:00:00-04:00,5.380000114440918,5.5,5.150000095367432,5.170000076293945,36400,0.0,0.0
2022-07-07 00:00:00-04:00,5.159999847412109,5.5,5.159999847412109,5.440000057220459,63000,0.0,0.0
2022-07-08 00:00:00-04:00,5.309999942779541,5.650000095367432,5.210000038146973,5.570000171661377,49900,0.0,0.0
2022-07-11 00:00:00-04:00,5.440000057220459,5.440000057220459,5.050000190734863,5.090000152587891,49800,0.0,0.0
2022-07-12 00:00:00-04:00,5.039999961853027,5.150000095367432,4.849999904632568,4.980000019073486,146000,0.0,0.0
2022-07-13 00:00:00-04:00,4.949999809265137,5.269999980926514,4.909999847412109,5.070000171661377,60900,0.0,0.0
2022-07-14 00:00:00-04:00,4.989999771118164,5.119999885559082,4.929999828338623,5.039999961853027,45200,0.0,0.0
2022-07-15 00:00:00-04:00,5.050000190734863,5.105000019073486,4.909999847412109,5.010000228881836,69100,0.0,0.0
2022-07-18 00:00:00-04:00,5.039999961853027,5.309999942779541,5.039999961853027,5.25,87800,0.0,0.0
2022-07-19 00:00:00-04:00,5.269999980926514,5.548999786376953,5.25,5.420000076293945,63900,0.0,0.0
2022-07-20 00:00:00-04:00,5.429999828338623,5.690000057220459,5.429999828338623,5.579999923706055,54200,0.0,0.0
2022-07-21 00:00:00-04:00,5.519999980926514,5.520999908447266,5.170000076293945,5.21999979019165,48900,0.0,0.0
2022-07-22 00:00:00-04:00,5.190000057220459,5.309999942779541,4.880000114440918,5.0,128000,0.0,0.0
2022-07-25 00:00:00-04:00,5.010000228881836,5.179999828338623,4.900000095367432,5.090000152587891,155500,0.0,0.0
2022-07-26 00:00:00-04:00,5.019999980926514,5.079999923706055,4.809999942779541,4.960000038146973,273500,0.0,0.0
2022-07-27 00:00:00-04:00,5.079999923706055,5.420000076293945,5.039999961853027,5.320000171661377,376300,0.0,0.0
2022-07-28 00:00:00-04:00,5.329999923706055,5.679999828338623,5.159999847412109,5.590000152587891,361500,0.0,0.0
2022-07-29 00:00:00-04:00,5.519999980926514,5.650000095367432,5.320000171661377,5.619999885559082,229700,0.0,0.0
2022-08-01 00:00:00-04:00,5.519999980926514,5.599999904632568,5.329999923706055,5.440000057220459,72400,0.0,0.0
2022-08-02 00:00:00-04:00,5.429999828338623,5.824999809265137,5.409999847412109,5.690000057220459,120100,0.0,0.0
2022-08-03 00:00:00-04:00,5.769999980926514,6.14900016784668,5.744999885559082,6.010000228881836,126600,0.0,0.0
2022-08-04 00:00:00-04:00,6.099999904632568,6.380000114440918,6.050000190734863,6.239999771118164,98300,0.0,0.0
2022-08-05 00:00:00-04:00,6.130000114440918,6.599999904632568,6.119999885559082,6.599999904632568,77500,0.0,0.0
2022-08-08 00:00:00-04:00,6.989999771118164,7.159999847412109,6.630000114440918,6.960000038146973,167800,0.0,0.0
2022-08-09 00:00:00-04:00,6.920000076293945,6.940000057220459,6.630000114440918,6.699999809265137,75100,0.0,0.0
2022-08-10 00:00:00-04:00,7.0,7.239999771118164,6.817999839782715,7.070000171661377,210600,0.0,0.0
2022-08-11 00:00:00-04:00,7.239999771118164,7.769999980926514,7.119999885559082,7.769999980926514,327800,0.0,0.0
2022-08-12 00:00:00-04:00,7.789999961853027,8.199999809265137,7.46999979019165,7.599999904632568,157500,0.0,0.0
2022-08-15 00:00:00-04:00,7.559999942779541,7.590000152587891,7.138000011444092,7.489999771118164,135700,0.0,0.0
2022-08-16 00:00:00-04:00,7.550000190734863,7.78000020980835,7.35099983215332,7.739999771118164,127900,0.0,0.0
2022-08-17 00:00:00-04:00,7.539999961853027,7.690000057220459,7.320000171661377,7.519999980926514,97500,0.0,0.0
2022-08-18 00:00:00-04:00,7.46999979019165,7.760000228881836,7.289999961853027,7.599999904632568,83100,0.0,0.0
2022-08-19 00:00:00-04:00,7.349999904632568,7.71999979019165,7.349999904632568,7.5,84000,0.0,0.0
2022-08-22 00:00:00-04:00,7.179999828338623,7.71999979019165,7.179999828338623,7.659999847412109,154500,0.0,0.0
2022-08-23 00:00:00-04:00,7.590000152587891,7.800000190734863,7.429999828338623,7.480000019073486,172800,0.0,0.0
2022-08-24 00:00:00-04:00,7.489999771118164,7.949999809265137,7.480000019073486,7.679999828338623,113700,0.0,0.0
2022-08-25 00:00:00-04:00,7.789999961853027,7.949999809265137,7.679999828338623,7.949999809265137,95000,0.0,0.0
2022-08-26 00:00:00-04:00,7.900000095367432,7.9710001945495605,7.414000034332275,7.550000190734863,113300,0.0,0.0
2022-08-29 00:00:00-04:00,7.369999885559082,7.570000171661377,7.296000003814697,7.429999828338623,111100,0.0,0.0
2022-08-30 00:00:00-04:00,7.429999828338623,7.489999771118164,6.849999904632568,6.909999847412109,87900,0.0,0.0
2022-08-31 00:00:00-04:00,6.860000133514404,6.978000164031982,6.489999771118164,6.510000228881836,85300,0.0,0.0
2022-09-01 00:00:00-04:00,6.329999923706055,6.409999847412109,6.170000076293945,6.320000171661377,91000,0.0,0.0
2022-09-02 00:00:00-04:00,6.429999828338623,6.433000087738037,6.190000057220459,6.25,49500,0.0,0.0
2022-09-06 00:00:00-04:00,6.21999979019165,6.28000020980835,5.949999809265137,5.949999809265137,69000,0.0,0.0
2022-09-07 00:00:00-04:00,6.010000228881836,6.269999980926514,5.849999904632568,6.130000114440918,64300,0.0,0.0
2022-09-08 00:00:00-04:00,6.119999885559082,6.309999942779541,5.960000038146973,6.179999828338623,55200,0.0,0.0
2022-09-09 00:00:00-04:00,6.320000171661377,6.545000076293945,6.210000038146973,6.380000114440918,60200,0.0,0.0
2022-09-12 00:00:00-04:00,6.46999979019165,6.480000019073486,6.244999885559082,6.369999885559082,55600,0.0,0.0
2022-09-13 00:00:00-04:00,6.360000133514404,6.360000133514404,5.639999866485596,5.679999828338623,97800,0.0,0.0
2022-09-14 00:00:00-04:00,5.579999923706055,5.800000190734863,5.5,5.599999904632568,71500,0.0,0.0
2022-09-15 00:00:00-04:00,5.599999904632568,5.639999866485596,5.400000095367432,5.420000076293945,91100,0.0,0.0
2022-09-16 00:00:00-04:00,5.400000095367432,5.410999774932861,5.199999809265137,5.239999771118164,123200,0.0,0.0
2022-09-19 00:00:00-04:00,5.199999809265137,5.298999786376953,5.099999904632568,5.170000076293945,73500,0.0,0.0
2022-09-20 00:00:00-04:00,5.119999885559082,5.179999828338623,5.010000228881836,5.03000020980835,57600,0.0,0.0
2022-09-21 00:00:00-04:00,5.119999885559082,5.28000020980835,5.0,5.110000133514404,66800,0.0,0.0
2022-09-22 00:00:00-04:00,5.130000114440918,5.139999866485596,4.949999809265137,5.019999980926514,78700,0.0,0.0
2022-09-23 00:00:00-04:00,4.989999771118164,5.079999923706055,4.949999809265137,5.039999961853027,72800,0.0,0.0
2022-09-26 00:00:00-04:00,5.010000228881836,5.230000019073486,4.980000019073486,5.019999980926514,59500,0.0,0.0
2022-09-27 00:00:00-04:00,5.099999904632568,5.159999847412109,5.0,5.019999980926514,40000,0.0,0.0
2022-09-28 00:00:00-04:00,5.039999961853027,5.28000020980835,5.0,5.179999828338623,48300,0.0,0.0
2022-09-29 00:00:00-04:00,5.150000095367432,5.230000019073486,4.949999809265137,5.019999980926514,63100,0.0,0.0
2022-09-30 00:00:00-04:00,4.869999885559082,5.269999980926514,4.869999885559082,4.96999979019165,131000,0.0,0.0
2022-10-03 00:00:00-04:00,5.079999923706055,5.079999923706055,4.900000095367432,4.949999809265137,178900,0.0,0.0
2022-10-04 00:00:00-04:00,4.980000019073486,5.349999904632568,4.980000019073486,5.309999942779541,67400,0.0,0.0
2022-10-05 00:00:00-04:00,5.429999828338623,5.949999809265137,5.28000020980835,5.929999828338623,112800,0.0,0.0
2022-10-06 00:00:00-04:00,5.929999828338623,5.949999809265137,5.510000228881836,5.639999866485596,59800,0.0,0.0
2022-10-07 00:00:00-04:00,5.480000019073486,5.71999979019165,5.170000076293945,5.170000076293945,66700,0.0,0.0
2022-10-10 00:00:00-04:00,5.230000019073486,5.230000019073486,4.849999904632568,4.949999809265137,74100,0.0,0.0
2022-10-11 00:00:00-04:00,4.880000114440918,5.039999961853027,4.761000156402588,4.800000190734863,77800,0.0,0.0
2022-10-12 00:00:00-04:00,4.789999961853027,4.900000095367432,4.340000152587891,4.369999885559082,141800,0.0,0.0
2022-10-13 00:00:00-04:00,4.139999866485596,4.690000057220459,4.059999942779541,4.550000190734863,191100,0.0,0.0
2022-10-14 00:00:00-04:00,4.800000190734863,4.800000190734863,4.5,4.579999923706055,127800,0.0,0.0
2022-10-17 00:00:00-04:00,4.730000019073486,4.860000133514404,4.599999904632568,4.670000076293945,54400,0.0,0.0
2022-10-18 00:00:00-04:00,4.75,4.920000076293945,4.610000133514404,4.679999828338623,93800,0.0,0.0
2022-10-19 00:00:00-04:00,4.590000152587891,4.760000228881836,4.559999942779541,4.579999923706055,48600,0.0,0.0
2022-10-20 00:00:00-04:00,4.579999923706055,4.800000190734863,4.579999923706055,4.590000152587891,51300,0.0,0.0
2022-10-21 00:00:00-04:00,4.619999885559082,4.619999885559082,4.480000019073486,4.53000020980835,52800,0.0,0.0
2022-10-24 00:00:00-04:00,4.760000228881836,4.760000228881836,4.420000076293945,4.449999809265137,103800,0.0,0.0
2022-10-25 00:00:00-04:00,4.579999923706055,5.53000020980835,4.559999942779541,5.519999980926514,197200,0.0,0.0
2022-10-26 00:00:00-04:00,5.349999904632568,5.650000095367432,5.159999847412109,5.21999979019165,78300,0.0,0.0
2022-10-27 00:00:00-04:00,5.289999961853027,5.328000068664551,5.0,5.03000020980835,63100,0.0,0.0
2022-10-28 00:00:00-04:00,5.079999923706055,5.190000057220459,4.840000152587891,4.949999809265137,98600,0.0,0.0
2022-10-31 00:00:00-04:00,4.960000038146973,4.989999771118164,4.570000171661377,4.690000057220459,91600,0.0,0.0
2022-11-01 00:00:00-04:00,4.840000152587891,4.895999908447266,4.724999904632568,4.78000020980835,50800,0.0,0.0
2022-11-02 00:00:00-04:00,4.800000190734863,4.829999923706055,4.300000190734863,4.420000076293945,136000,0.0,0.0
2022-11-03 00:00:00-04:00,4.400000095367432,4.519999980926514,4.295000076293945,4.309999942779541,73500,0.0,0.0
2022-11-04 00:00:00-04:00,4.360000133514404,4.449999809265137,4.15500020980835,4.210000038146973,85000,0.0,0.0
2022-11-07 00:00:00-05:00,4.349999904632568,4.506999969482422,3.9600000381469727,4.199999809265137,130400,0.0,0.0
2022-11-08 00:00:00-05:00,4.110000133514404,4.5,4.070000171661377,4.380000114440918,84300,0.0,0.0
2022-11-09 00:00:00-05:00,4.5,4.5,4.010000228881836,4.039999961853027,117700,0.0,0.0
2022-11-10 00:00:00-05:00,4.239999771118164,4.590000152587891,4.045000076293945,4.139999866485596,118400,0.0,0.0
2022-11-11 00:00:00-05:00,4.199999809265137,4.75,4.019999980926514,4.650000095367432,123700,0.0,0.0
2022-11-14 00:00:00-05:00,4.639999866485596,4.769999980926514,4.409999847412109,4.519999980926514,58000,0.0,0.0
2022-11-15 00:00:00-05:00,4.570000171661377,4.900000095367432,4.550000190734863,4.639999866485596,64900,0.0,0.0
2022-11-16 00:00:00-05:00,4.5,4.599999904632568,4.124000072479248,4.239999771118164,89800,0.0,0.0
2022-11-17 00:00:00-05:00,4.099999904632568,4.269999980926514,4.059999942779541,4.150000095367432,110700,0.0,0.0
2022-11-18 00:00:00-05:00,4.199999809265137,4.340000152587891,4.010000228881836,4.059999942779541,78600,0.0,0.0
2022-11-21 00:00:00-05:00,4.0,4.150000095367432,3.890000104904175,3.950000047683716,141800,0.0,0.0
2022-11-22 00:00:00-05:00,4.039999961853027,4.099999904632568,3.819999933242798,3.8350000381469727,106000,0.0,0.0
2022-11-23 00:00:00-05:00,3.9000000953674316,4.28000020980835,3.9000000953674316,4.239999771118164,163100,0.0,0.0
2022-11-25 00:00:00-05:00,4.150000095367432,4.236999988555908,4.050000190734863,4.050000190734863,43700,0.0,0.0
2022-11-28 00:00:00-05:00,4.099999904632568,4.329999923706055,4.050000190734863,4.25,120800,0.0,0.0
2022-11-29 00:00:00-05:00,4.260000228881836,4.340000152587891,4.170000076293945,4.289999961853027,53200,0.0,0.0
2022-11-30 00:00:00-05:00,4.289999961853027,4.5,4.229000091552734,4.46999979019165,73100,0.0,0.0
2022-12-01 00:00:00-05:00,4.510000228881836,4.670000076293945,4.320000171661377,4.480000019073486,78300,0.0,0.0
2022-12-02 00:00:00-05:00,4.449999809265137,4.920000076293945,4.324999809265137,4.849999904632568,120000,0.0,0.0
2022-12-05 00:00:00-05:00,4.760000228881836,4.789999961853027,4.632999897003174,4.75,59900,0.0,0.0
2022-12-06 00:00:00-05:00,4.760000228881836,4.767000198364258,4.5,4.630000114440918,60700,0.0,0.0
2022-12-07 00:00:00-05:00,4.519999980926514,4.550000190734863,4.480000019073486,4.489999771118164,57200,0.0,0.0
2022-12-08 00:00:00-05:00,4.579999923706055,4.789999961853027,4.51200008392334,4.75,48100,0.0,0.0
2022-12-09 00:00:00-05:00,4.800000190734863,5.0,4.7230000495910645,4.869999885559082,78700,0.0,0.0
2022-12-12 00:00:00-05:00,4.809999942779541,4.980999946594238,4.7129998207092285,4.909999847412109,48600,0.0,0.0
2022-12-13 00:00:00-05:00,5.019999980926514,5.539999961853027,4.679999828338623,5.420000076293945,408100,0.0,0.0
2022-12-14 00:00:00-05:00,5.309999942779541,5.400000095367432,5.300000190734863,5.329999923706055,168500,0.0,0.0
2022-12-15 00:00:00-05:00,5.300000190734863,5.510000228881836,5.300000190734863,5.300000190734863,104400,0.0,0.0
2022-12-16 00:00:00-05:00,5.309999942779541,5.449999809265137,5.300000190734863,5.329999923706055,135100,0.0,0.0
2022-12-19 00:00:00-05:00,5.400000095367432,5.409999847412109,5.300000190734863,5.300000190734863,98900,0.0,0.0
2022-12-20 00:00:00-05:00,5.300000190734863,5.599999904632568,5.300000190734863,5.320000171661377,96900,0.0,0.0
2022-12-21 00:00:00-05:00,5.300000190734863,5.389999866485596,5.300000190734863,5.309999942779541,113700,0.0,0.0
2022-12-22 00:00:00-05:00,5.309999942779541,5.409999847412109,5.300000190734863,5.389999866485596,90500,0.0,0.0
2022-12-23 00:00:00-05:00,5.380000114440918,5.739999771118164,5.380000114440918,5.670000076293945,78700,0.0,0.0
2022-12-27 00:00:00-05:00,5.630000114440918,5.630000114440918,5.380000114440918,5.380000114440918,89000,0.0,0.0
2022-12-28 00:00:00-05:00,5.380000114440918,5.510000228881836,5.380000114440918,5.380000114440918,90500,0.0,0.0
2022-12-29 00:00:00-05:00,5.389999866485596,5.775000095367432,5.389999866485596,5.739999771118164,114300,0.0,0.0
2022-12-30 00:00:00-05:00,5.579999923706055,6.204999923706055,5.579999923706055,6.150000095367432,233600,0.0,0.0
2023-01-03 00:00:00-05:00,6.159999847412109,6.239999771118164,6.120999813079834,6.139999866485596,78000,0.0,0.0
2023-01-04 00:00:00-05:00,6.239999771118164,6.639999866485596,6.239999771118164,6.46999979019165,64100,0.0,0.0
2023-01-05 00:00:00-05:00,6.440000057220459,7.372000217437744,6.324999809265137,7.239999771118164,224400,0.0,0.0
2023-01-06 00:00:00-05:00,7.349999904632568,7.679999828338623,7.25,7.400000095367432,167600,0.0,0.0
2023-01-09 00:00:00-05:00,7.5,7.620999813079834,7.25,7.329999923706055,132400,0.0,0.0
2023-01-10 00:00:00-05:00,7.300000190734863,7.539999961853027,6.841000080108643,6.929999828338623,111200,0.0,0.0
2023-01-11 00:00:00-05:00,6.960000038146973,7.099999904632568,6.861999988555908,6.949999809265137,86100,0.0,0.0
2023-01-12 00:00:00-05:00,6.980000019073486,7.130000114440918,6.619999885559082,7.099999904632568,77300,0.0,0.0
2023-01-13 00:00:00-05:00,7.090000152587891,7.989999771118164,7.090000152587891,7.820000171661377,96200,0.0,0.0
2023-01-17 00:00:00-05:00,7.699999809265137,7.820000171661377,7.420000076293945,7.550000190734863,83100,0.0,0.0
2023-01-18 00:00:00-05:00,7.659999847412109,7.763000011444092,7.079999923706055,7.150000095367432,48200,0.0,0.0
2023-01-19 00:00:00-05:00,7.099999904632568,7.360000133514404,7.039999961853027,7.059999942779541,83000,0.0,0.0
2023-01-20 00:00:00-05:00,7.110000133514404,7.639999866485596,7.099999904632568,7.550000190734863,99300,0.0,0.0
2023-01-23 00:00:00-05:00,7.539999961853027,7.949999809265137,7.329999923706055,7.710000038146973,88800,0.0,0.0
2023-01-24 00:00:00-05:00,7.670000076293945,8.1899995803833,7.590000152587891,7.610000133514404,71500,0.0,0.0
2023-01-25 00:00:00-05:00,7.550000190734863,7.630000114440918,6.670000076293945,7.099999904632568,318300,0.0,0.0
2023-01-26 00:00:00-05:00,7.289999961853027,7.385000228881836,7.190000057220459,7.25,39100,0.0,0.0
2023-01-27 00:00:00-05:00,7.199999809265137,7.389999866485596,7.150000095367432,7.300000190734863,44000,0.0,0.0
2023-01-30 00:00:00-05:00,7.150000095367432,7.150000095367432,6.829999923706055,6.869999885559082,61100,0.0,0.0
2023-01-31 00:00:00-05:00,6.900000095367432,7.25,6.869999885559082,7.139999866485596,53400,0.0,0.0
2023-02-01 00:00:00-05:00,7.119999885559082,7.25,6.860000133514404,7.150000095367432,160600,0.0,0.0
2023-02-02 00:00:00-05:00,7.409999847412109,7.900000095367432,7.239999771118164,7.710000038146973,167400,0.0,0.0
2023-02-03 00:00:00-05:00,7.440000057220459,7.664999961853027,7.059999942779541,7.269999980926514,120900,0.0,0.0
2023-02-06 00:00:00-05:00,7.150000095367432,7.300000190734863,6.869999885559082,6.949999809265137,93000,0.0,0.0
2023-02-07 00:00:00-05:00,6.960000038146973,6.960000038146973,6.380000114440918,6.550000190734863,106300,0.0,0.0
2023-02-08 00:00:00-05:00,6.5,6.730000019073486,6.269999980926514,6.360000133514404,145700,0.0,0.0
2023-02-09 00:00:00-05:00,6.570000171661377,6.570000171661377,5.699999809265137,5.78000020980835,117900,0.0,0.0
2023-02-10 00:00:00-05:00,5.75,5.75,5.349999904632568,5.380000114440918,87400,0.0,0.0
2023-02-13 00:00:00-05:00,5.550000190734863,5.785999774932861,5.389999866485596,5.449999809265137,76200,0.0,0.0
2023-02-14 00:00:00-05:00,5.449999809265137,5.900000095367432,5.340000152587891,5.639999866485596,123000,0.0,0.0
2023-02-15 00:00:00-05:00,5.929999828338623,6.25,5.639999866485596,6.159999847412109,156600,0.0,0.0
2023-02-16 00:00:00-05:00,6.25600004196167,6.769999980926514,5.880000114440918,6.420000076293945,197900,0.0,0.0
2023-02-17 00:00:00-05:00,6.300000190734863,6.40500020980835,5.699999809265137,5.75,196700,0.0,0.0
2023-02-21 00:00:00-05:00,5.710000038146973,5.815000057220459,5.554999828338623,5.610000133514404,232000,0.0,0.0
2023-02-22 00:00:00-05:00,5.559999942779541,5.900000095367432,5.559999942779541,5.75,118700,0.0,0.0
2023-02-23 00:00:00-05:00,5.760000228881836,5.775000095367432,5.639999866485596,5.75,136700,0.0,0.0
2023-02-24 00:00:00-05:00,5.619999885559082,5.730000019073486,5.480000019073486,5.590000152587891,268100,0.0,0.0
2023-02-27 00:00:00-05:00,5.590000152587891,5.679999828338623,5.5229997634887695,5.599999904632568,138500,0.0,0.0
2023-02-28 00:00:00-05:00,5.489999771118164,5.679999828338623,5.429999828338623,5.599999904632568,127500,0.0,0.0
2023-03-01 00:00:00-05:00,5.599999904632568,5.599999904632568,5.389999866485596,5.550000190734863,66600,0.0,0.0
2023-03-02 00:00:00-05:00,5.5,5.664999961853027,5.389999866485596,5.599999904632568,73800,0.0,0.0
2023-03-03 00:00:00-05:00,5.599999904632568,5.880000114440918,5.590000152587891,5.75,97100,0.0,0.0
2023-03-06 00:00:00-05:00,5.809999942779541,5.948999881744385,5.460000038146973,5.489999771118164,65600,0.0,0.0
2023-03-07 00:00:00-05:00,5.539999961853027,5.610000133514404,5.394999980926514,5.409999847412109,54600,0.0,0.0
2023-03-08 00:00:00-05:00,5.440000057220459,5.440000057220459,5.150000095367432,5.199999809265137,62400,0.0,0.0
2023-03-09 00:00:00-05:00,5.130000114440918,5.170000076293945,4.900000095367432,4.900000095367432,91200,0.0,0.0
2023-03-10 00:00:00-05:00,4.900000095367432,4.949999809265137,4.630000114440918,4.659999847412109,124500,0.0,0.0
2023-03-13 00:00:00-04:00,4.590000152587891,5.039999961853027,4.400000095367432,4.980000019073486,128600,0.0,0.0
2023-03-14 00:00:00-04:00,5.019999980926514,5.11899995803833,4.8379998207092285,4.949999809265137,100900,0.0,0.0
2023-03-15 00:00:00-04:00,4.849999904632568,4.949999809265137,4.730000019073486,4.840000152587891,82300,0.0,0.0
2023-03-16 00:00:00-04:00,4.78000020980835,4.989999771118164,4.619999885559082,4.860000133514404,62300,0.0,0.0
2023-03-17 00:00:00-04:00,4.829999923706055,4.920000076293945,4.610000133514404,4.679999828338623,98500,0.0,0.0
2023-03-20 00:00:00-04:00,4.670000076293945,4.769999980926514,4.539999961853027,4.679999828338623,76500,0.0,0.0
2023-03-21 00:00:00-04:00,4.769999980926514,4.90500020980835,4.611000061035156,4.869999885559082,127200,0.0,0.0
2023-03-22 00:00:00-04:00,4.900000095367432,5.065000057220459,4.800000190734863,4.829999923706055,75500,0.0,0.0
2023-03-23 00:00:00-04:00,4.829999923706055,5.099999904632568,4.730000019073486,4.880000114440918,70300,0.0,0.0
2023-03-24 00:00:00-04:00,4.829999923706055,4.954999923706055,4.800000190734863,4.940000057220459,56300,0.0,0.0
2023-03-27 00:00:00-04:00,4.96999979019165,5.050000190734863,4.809999942779541,4.96999979019165,72100,0.0,0.0
2023-03-28 00:00:00-04:00,4.949999809265137,5.03000020980835,4.760000228881836,4.78000020980835,48500,0.0,0.0
2023-03-29 00:00:00-04:00,4.920000076293945,4.949999809265137,4.860000133514404,4.909999847412109,53700,0.0,0.0
2023-03-30 00:00:00-04:00,4.889999866485596,4.940000057220459,4.849999904632568,4.909999847412109,63100,0.0,0.0
2023-03-31 00:00:00-04:00,4.889999866485596,5.090000152587891,4.849999904632568,5.050000190734863,103000,0.0,0.0
2023-04-03 00:00:00-04:00,5.050000190734863,5.050000190734863,4.809999942779541,4.860000133514404,94900,0.0,0.0
2023-04-04 00:00:00-04:00,4.860000133514404,4.889999866485596,4.769000053405762,4.849999904632568,94600,0.0,0.0
2023-04-05 00:00:00-04:00,4.800000190734863,4.860000133514404,4.559999942779541,4.579999923706055,119000,0.0,0.0
2023-04-06 00:00:00-04:00,4.579999923706055,4.639999866485596,4.489999771118164,4.610000133514404,82000,0.0,0.0
2023-04-10 00:00:00-04:00,4.5,4.739999771118164,4.5,4.710000038146973,47800,0.0,0.0
2023-04-11 00:00:00-04:00,4.730000019073486,4.849999904632568,4.639999866485596,4.800000190734863,43800,0.0,0.0
2023-04-12 00:00:00-04:00,4.809999942779541,4.869999885559082,4.650000095367432,4.659999847412109,64400,0.0,0.0
2023-04-13 00:00:00-04:00,4.699999809265137,4.769999980926514,4.639999866485596,4.670000076293945,36800,0.0,0.0
2023-04-14 00:00:00-04:00,4.659999847412109,4.699999809265137,4.599999904632568,4.659999847412109,41900,0.0,0.0
2023-04-17 00:00:00-04:00,4.670000076293945,4.829999923706055,4.619999885559082,4.75,73500,0.0,0.0
2023-04-18 00:00:00-04:00,4.760000228881836,4.760000228881836,4.510000228881836,4.539999961853027,75700,0.0,0.0
2023-04-19 00:00:00-04:00,4.510000228881836,4.619999885559082,4.449999809265137,4.489999771118164,86900,0.0,0.0
2023-04-20 00:00:00-04:00,4.46999979019165,4.570000171661377,4.320000171661377,4.329999923706055,80200,0.0,0.0
2023-04-21 00:00:00-04:00,4.409999847412109,4.5,4.320000171661377,4.400000095367432,60700,0.0,0.0
2023-04-24 00:00:00-04:00,4.429999828338623,4.468999862670898,4.159999847412109,4.260000228881836,103700,0.0,0.0
2023-04-25 00:00:00-04:00,4.25,4.386000156402588,4.199999809265137,4.230000019073486,80200,0.0,0.0
2023-04-26 00:00:00-04:00,4.320000171661377,4.386000156402588,4.245999813079834,4.269999980926514,57700,0.0,0.0
2023-04-27 00:00:00-04:00,4.349999904632568,4.349999904632568,4.230000019073486,4.300000190734863,42400,0.0,0.0
2023-04-28 00:00:00-04:00,4.289999961853027,4.324999809265137,4.150000095367432,4.159999847412109,59000,0.0,0.0
2023-05-01 00:00:00-04:00,4.179999828338623,4.204999923706055,4.059999942779541,4.119999885559082,77800,0.0,0.0
2023-05-02 00:00:00-04:00,4.150000095367432,4.159999847412109,4.010000228881836,4.079999923706055,68500,0.0,0.0
2023-05-03 00:00:00-04:00,4.070000171661377,4.179999828338623,3.990000009536743,4.019999980926514,121600,0.0,0.0
2023-05-04 00:00:00-04:00,4.03000020980835,4.110000133514404,3.9800000190734863,3.9800000190734863,45300,0.0,0.0
2023-05-05 00:00:00-04:00,4.019999980926514,4.21999979019165,4.019999980926514,4.159999847412109,69700,0.0,0.0
2023-05-08 00:00:00-04:00,4.239999771118164,4.303999900817871,4.010000228881836,4.179999828338623,72200,0.0,0.0
2023-05-09 00:00:00-04:00,4.21999979019165,4.28000020980835,4.019999980926514,4.050000190734863,108300,0.0,0.0
2023-05-10 00:00:00-04:00,4.539999961853027,4.548999786376953,4.050000190734863,4.119999885559082,168700,0.0,0.0
2023-05-11 00:00:00-04:00,4.300000190734863,4.300000190734863,4.144999980926514,4.230000019073486,93200,0.0,0.0
2023-05-12 00:00:00-04:00,4.320000171661377,4.389999866485596,4.210000038146973,4.28000020980835,101400,0.0,0.0
2023-05-15 00:00:00-04:00,4.420000076293945,4.420000076293945,4.255000114440918,4.300000190734863,98800,0.0,0.0
2023-05-16 00:00:00-04:00,4.210000038146973,4.363999843597412,4.110000133514404,4.329999923706055,464200,0.0,0.0
2023-05-17 00:00:00-04:00,4.360000133514404,4.5,4.250999927520752,4.429999828338623,184300,0.0,0.0
2023-05-18 00:00:00-04:00,4.389999866485596,4.449999809265137,4.159999847412109,4.199999809265137,94600,0.0,0.0
2023-05-19 00:00:00-04:00,4.170000076293945,4.329999923706055,4.050000190734863,4.300000190734863,99300,0.0,0.0
2023-05-22 00:00:00-04:00,4.190000057220459,4.269999980926514,4.138000011444092,4.190000057220459,195700,0.0,0.0
2023-05-23 00:00:00-04:00,4.119999885559082,4.28000020980835,4.119999885559082,4.210000038146973,137000,0.0,0.0
2023-05-24 00:00:00-04:00,4.159999847412109,4.28000020980835,4.159999847412109,4.25,237400,0.0,0.0
2023-05-25 00:00:00-04:00,4.210000038146973,4.25,4.059999942779541,4.059999942779541,112600,0.0,0.0
2023-05-26 00:00:00-04:00,4.099999904632568,4.349999904632568,4.099999904632568,4.239999771118164,255900,0.0,0.0
2023-05-30 00:00:00-04:00,4.260000228881836,4.380000114440918,4.170000076293945,4.210000038146973,99600,0.0,0.0
2023-05-31 00:00:00-04:00,4.130000114440918,4.260000228881836,3.9700000286102295,4.190000057220459,293800,0.0,0.0
2023-06-01 00:00:00-04:00,4.210000038146973,4.380000114440918,4.090000152587891,4.300000190734863,100400,0.0,0.0
2023-06-02 00:00:00-04:00,4.309999942779541,4.329999923706055,4.21999979019165,4.28000020980835,60000,0.0,0.0
2023-06-05 00:00:00-04:00,4.289999961853027,4.400000095367432,4.150000095367432,4.260000228881836,68700,0.0,0.0
2023-06-06 00:00:00-04:00,4.25,4.380000114440918,4.199999809265137,4.289999961853027,100000,0.0,0.0
2023-06-07 00:00:00-04:00,4.320000171661377,4.349999904632568,4.110000133514404,4.110000133514404,61400,0.0,0.0
2023-06-08 00:00:00-04:00,4.099999904632568,4.170000076293945,4.050000190734863,4.090000152587891,72100,0.0,0.0
2023-06-09 00:00:00-04:00,4.079999923706055,4.179999828338623,4.03000020980835,4.150000095367432,79600,0.0,0.0
2023-06-12 00:00:00-04:00,4.190000057220459,4.309999942779541,4.099999904632568,4.210000038146973,93100,0.0,0.0
2023-06-13 00:00:00-04:00,4.239999771118164,4.389999866485596,4.210000038146973,4.300000190734863,132000,0.0,0.0
2023-06-14 00:00:00-04:00,4.409999847412109,4.460000038146973,4.199999809265137,4.289999961853027,254700,0.0,0.0
2023-06-15 00:00:00-04:00,4.28000020980835,4.639999866485596,4.197000026702881,4.550000190734863,240200,0.0,0.0
2023-06-16 00:00:00-04:00,4.599999904632568,4.949999809265137,4.5,4.639999866485596,363100,0.0,0.0
2023-06-20 00:00:00-04:00,4.690000057220459,4.690000057220459,4.400000095367432,4.400000095367432,142500,0.0,0.0
2023-06-21 00:00:00-04:00,4.449999809265137,4.480000019073486,4.099999904632568,4.25,185800,0.0,0.0
2023-06-22 00:00:00-04:00,4.409999847412109,4.409999847412109,4.099999904632568,4.179999828338623,123700,0.0,0.0
2023-06-23 00:00:00-04:00,4.130000114440918,4.389999866485596,4.050000190734863,4.289999961853027,171300,0.0,0.0
2023-06-26 00:00:00-04:00,4.25,4.25,3.869999885559082,3.950000047683716,322400,0.0,0.0
2023-06-27 00:00:00-04:00,3.930000066757202,4.0,3.5,3.7899999618530273,598600,0.0,0.0
2023-06-28 00:00:00-04:00,3.8299999237060547,3.9100000858306885,3.700000047683716,3.880000114440918,70000,0.0,0.0
2023-06-29 00:00:00-04:00,3.859999895095825,4.260000228881836,3.819999933242798,4.21999979019165,138000,0.0,0.0
2023-06-30 00:00:00-04:00,4.320000171661377,4.400000095367432,4.150000095367432,4.329999923706055,109000,0.0,0.0
2023-07-03 00:00:00-04:00,4.449999809265137,4.710000038146973,4.360000133514404,4.650000095367432,164900,0.0,0.0
2023-07-05 00:00:00-04:00,4.639999866485596,4.960000038146973,4.389999866485596,4.960000038146973,210400,0.0,0.0
2023-07-06 00:00:00-04:00,4.960000038146973,4.989999771118164,4.599999904632568,4.989999771118164,156900,0.0,0.0
2023-07-07 00:00:00-04:00,4.96999979019165,5.315000057220459,4.809999942779541,5.099999904632568,168300,0.0,0.0
2023-07-10 00:00:00-04:00,5.139999866485596,5.480000019073486,4.840000152587891,5.269999980926514,184900,0.0,0.0
2023-07-11 00:00:00-04:00,5.300000190734863,5.429999828338623,5.170000076293945,5.389999866485596,123600,0.0,0.0
2023-07-12 00:00:00-04:00,5.460000038146973,5.460000038146973,5.110000133514404,5.230000019073486,134300,0.0,0.0
2023-07-13 00:00:00-04:00,5.239999771118164,5.710000038146973,5.139999866485596,5.650000095367432,195200,0.0,0.0
2023-07-14 00:00:00-04:00,5.659999847412109,5.800000190734863,5.269999980926514,5.369999885559082,165600,0.0,0.0
2023-07-17 00:00:00-04:00,5.360000133514404,5.409999847412109,5.099999904632568,5.349999904632568,86100,0.0,0.0
2023-07-18 00:00:00-04:00,5.380000114440918,5.429999828338623,5.139999866485596,5.239999771118164,96900,0.0,0.0
2023-07-19 00:00:00-04:00,5.21999979019165,5.400000095367432,5.099999904632568,5.269999980926514,85000,0.0,0.0
2023-07-20 00:00:00-04:00,5.260000228881836,5.309999942779541,4.909999847412109,5.03000020980835,114000,0.0,0.0
2023-07-21 00:00:00-04:00,5.070000171661377,5.269999980926514,5.010000228881836,5.090000152587891,55900,0.0,0.0
2023-07-24 00:00:00-04:00,5.090000152587891,5.239999771118164,4.960000038146973,5.150000095367432,105800,0.0,0.0
2023-07-25 00:00:00-04:00,5.150000095367432,5.210000038146973,4.929999828338623,4.949999809265137,86600,0.0,0.0
2023-07-26 00:00:00-04:00,4.940000057220459,5.170000076293945,4.920000076293945,5.159999847412109,96200,0.0,0.0
2023-07-27 00:00:00-04:00,5.21999979019165,5.349999904632568,4.75,4.809999942779541,161100,0.0,0.0
2023-07-28 00:00:00-04:00,4.889999866485596,5.230000019073486,4.840000152587891,5.179999828338623,51200,0.0,0.0
2023-07-31 00:00:00-04:00,5.199999809265137,5.360000133514404,5.179999828338623,5.230000019073486,87800,0.0,0.0
2023-08-01 00:00:00-04:00,5.159999847412109,5.389999866485596,5.019999980926514,5.260000228881836,78000,0.0,0.0
2023-08-02 00:00:00-04:00,5.179999828338623,5.21999979019165,5.0,5.130000114440918,102800,0.0,0.0
2023-08-03 00:00:00-04:00,5.079999923706055,5.210000038146973,5.079999923706055,5.179999828338623,56800,0.0,0.0
2023-08-04 00:00:00-04:00,5.239999771118164,5.27400016784668,5.065000057220459,5.119999885559082,45600,0.0,0.0
2023-08-07 00:00:00-04:00,5.110000133514404,5.184999942779541,4.800000190734863,5.119999885559082,163100,0.0,0.0
2023-08-08 00:00:00-04:00,5.03000020980835,5.159999847412109,4.820000171661377,4.880000114440918,108100,0.0,0.0
2023-08-09 00:00:00-04:00,5.199999809265137,5.449999809265137,4.360000133514404,4.360000133514404,415900,0.0,0.0
2023-08-10 00:00:00-04:00,4.360000133514404,4.64300012588501,4.260000228881836,4.289999961853027,172400,0.0,0.0
2023-08-11 00:00:00-04:00,4.260000228881836,4.440000057220459,4.190000057220459,4.360000133514404,84600,0.0,0.0
2023-08-14 00:00:00-04:00,4.340000152587891,4.340000152587891,4.195000171661377,4.260000228881836,75900,0.0,0.0
2023-08-15 00:00:00-04:00,4.269999980926514,4.400000095367432,4.199999809265137,4.369999885559082,55300,0.0,0.0
2023-08-16 00:00:00-04:00,4.320000171661377,4.360000133514404,4.239999771118164,4.360000133514404,71900,0.0,0.0
2023-08-17 00:00:00-04:00,4.360000133514404,4.380000114440918,4.21999979019165,4.349999904632568,96100,0.0,0.0
2023-08-18 00:00:00-04:00,4.28000020980835,4.510000228881836,4.28000020980835,4.510000228881836,98600,0.0,0.0
2023-08-21 00:00:00-04:00,4.429999828338623,4.510000228881836,4.248000144958496,4.300000190734863,204500,0.0,0.0
2023-08-22 00:00:00-04:00,4.329999923706055,4.494999885559082,4.329999923706055,4.389999866485596,184200,0.0,0.0
2023-08-23 00:00:00-04:00,4.349999904632568,4.420000076293945,4.260000228881836,4.409999847412109,505500,0.0,0.0
2023-08-24 00:00:00-04:00,4.650000095367432,5.389999866485596,4.639999866485596,5.28000020980835,639600,0.0,0.0
2023-08-25 00:00:00-04:00,5.010000228881836,5.190000057220459,4.75,4.800000190734863,345400,0.0,0.0
2023-08-28 00:00:00-04:00,4.730000019073486,5.150000095367432,4.730000019073486,5.110000133514404,254000,0.0,0.0
2023-08-29 00:00:00-04:00,5.03000020980835,5.960000038146973,5.010000228881836,5.949999809265137,923000,0.0,0.0
2023-08-30 00:00:00-04:00,5.989999771118164,6.129000186920166,5.829999923706055,5.860000133514404,443500,0.0,0.0
2023-08-31 00:00:00-04:00,5.860000133514404,6.039999961853027,5.71999979019165,5.860000133514404,268500,0.0,0.0
2023-09-01 00:00:00-04:00,5.929999828338623,6.380000114440918,5.929999828338623,6.309999942779541,455100,0.0,0.0
2023-09-05 00:00:00-04:00,6.28000020980835,6.949999809265137,6.260000228881836,6.880000114440918,356000,0.0,0.0
2023-09-06 00:00:00-04:00,6.880000114440918,7.050000190734863,6.75,6.980000019073486,228300,0.0,0.0
2023-09-07 00:00:00-04:00,6.869999885559082,6.989999771118164,6.409999847412109,6.880000114440918,227400,0.0,0.0
2023-09-08 00:00:00-04:00,6.860000133514404,7.010000228881836,6.679999828338623,6.960000038146973,212700,0.0,0.0
2023-09-11 00:00:00-04:00,6.980000019073486,7.0,6.599999904632568,6.699999809265137,230000,0.0,0.0
2023-09-12 00:00:00-04:00,6.699999809265137,6.866000175476074,6.170000076293945,6.329999923706055,293000,0.0,0.0
2023-09-13 00:00:00-04:00,6.369999885559082,6.510000228881836,6.230000019073486,6.440000057220459,273000,0.0,0.0
2023-09-14 00:00:00-04:00,6.5,6.630000114440918,6.309999942779541,6.590000152587891,362100,0.0,0.0
2023-09-15 00:00:00-04:00,6.610000133514404,6.829999923706055,6.539999961853027,6.800000190734863,355600,0.0,0.0
2023-09-18 00:00:00-04:00,6.730000019073486,6.840000152587891,6.51800012588501,6.840000152587891,351400,0.0,0.0
2023-09-19 00:00:00-04:00,6.800000190734863,6.949999809265137,6.5,6.949999809265137,345100,0.0,0.0
2023-09-20 00:00:00-04:00,6.909999847412109,7.050000190734863,6.610000133514404,6.650000095367432,284500,0.0,0.0
2023-09-21 00:00:00-04:00,6.53000020980835,6.53000020980835,5.949999809265137,5.96999979019165,175800,0.0,0.0
2023-09-22 00:00:00-04:00,6.0,6.150000095367432,5.940000057220459,5.96999979019165,129400,0.0,0.0
2023-09-25 00:00:00-04:00,5.949999809265137,6.010000228881836,5.760000228881836,5.889999866485596,158100,0.0,0.0
2023-09-26 00:00:00-04:00,5.829999923706055,5.920000076293945,5.440000057220459,5.440000057220459,177600,0.0,0.0
2023-09-27 00:00:00-04:00,5.460000038146973,5.710000038146973,5.440000057220459,5.539999961853027,122900,0.0,0.0
2023-09-28 00:00:00-04:00,5.519999980926514,5.589000225067139,5.340000152587891,5.489999771118164,103700,0.0,0.0
2023-09-29 00:00:00-04:00,5.610000133514404,5.619999885559082,5.389999866485596,5.5,155900,0.0,0.0
2023-10-02 00:00:00-04:00,5.429999828338623,5.46999979019165,5.28000020980835,5.329999923706055,140500,0.0,0.0
2023-10-03 00:00:00-04:00,5.5,5.539999961853027,5.315000057220459,5.389999866485596,138700,0.0,0.0
2023-10-04 00:00:00-04:00,5.360000133514404,5.429999828338623,5.260000228881836,5.349999904632568,114200,0.0,0.0
2023-10-05 00:00:00-04:00,5.360000133514404,5.360000133514404,5.150000095367432,5.21999979019165,78700,0.0,0.0
2023-10-06 00:00:00-04:00,5.21999979019165,5.639999866485596,5.170000076293945,5.400000095367432,159000,0.0,0.0
2023-10-09 00:00:00-04:00,5.320000171661377,5.400000095367432,5.195000171661377,5.260000228881836,146200,0.0,0.0
2023-10-10 00:00:00-04:00,5.269999980926514,5.489999771118164,5.21999979019165,5.349999904632568,89300,0.0,0.0
2023-10-11 00:00:00-04:00,5.300000190734863,5.400000095367432,5.170000076293945,5.28000020980835,90900,0.0,0.0
2023-10-12 00:00:00-04:00,5.289999961853027,5.340000152587891,5.170000076293945,5.320000171661377,96800,0.0,0.0
2023-10-13 00:00:00-04:00,5.369999885559082,5.438000202178955,5.110000133514404,5.179999828338623,131900,0.0,0.0
2023-10-16 00:00:00-04:00,5.199999809265137,5.400000095367432,5.1479997634887695,5.380000114440918,110900,0.0,0.0
2023-10-17 00:00:00-04:00,5.329999923706055,5.59499979019165,5.329999923706055,5.429999828338623,85700,0.0,0.0
2023-10-18 00:00:00-04:00,5.369999885559082,5.369999885559082,4.980000019073486,5.010000228881836,158000,0.0,0.0
2023-10-19 00:00:00-04:00,4.980000019073486,5.03000020980835,4.849999904632568,4.900000095367432,141000,0.0,0.0
2023-10-20 00:00:00-04:00,4.900000095367432,5.050000190734863,4.800000190734863,4.96999979019165,74200,0.0,0.0
2023-10-23 00:00:00-04:00,4.960000038146973,5.239999771118164,4.809999942779541,5.119999885559082,147000,0.0,0.0
2023-10-24 00:00:00-04:00,5.179999828338623,5.28000020980835,5.079999923706055,5.130000114440918,90400,0.0,0.0
2023-10-25 00:00:00-04:00,5.130000114440918,5.195000171661377,4.909999847412109,4.960000038146973,66600,0.0,0.0
2023-10-26 00:00:00-04:00,4.989999771118164,5.070000171661377,4.833000183105469,5.010000228881836,88400,0.0,0.0
2023-10-27 00:00:00-04:00,5.050000190734863,5.079999923706055,4.900000095367432,4.940000057220459,90100,0.0,0.0
2023-10-30 00:00:00-04:00,5.0,5.170000076293945,4.986000061035156,5.159999847412109,84400,0.0,0.0
2023-10-31 00:00:00-04:00,5.170000076293945,5.230000019073486,5.039999961853027,5.210000038146973,64900,0.0,0.0
2023-11-01 00:00:00-04:00,5.210000038146973,5.230000019073486,5.064000129699707,5.139999866485596,61800,0.0,0.0
2023-11-02 00:00:00-04:00,5.170000076293945,5.340000152587891,5.170000076293945,5.340000152587891,112000,0.0,0.0
2023-11-03 00:00:00-04:00,5.380000114440918,5.739999771118164,5.380000114440918,5.710000038146973,131600,0.0,0.0
2023-11-06 00:00:00-05:00,5.650000095367432,5.6529998779296875,5.400000095367432,5.409999847412109,108900,0.0,0.0
2023-11-07 00:00:00-05:00,5.429999828338623,5.619999885559082,5.360000133514404,5.46999979019165,186600,0.0,0.0
2023-11-08 00:00:00-05:00,5.539999961853027,5.949999809265137,5.400000095367432,5.880000114440918,212500,0.0,0.0
2023-11-09 00:00:00-05:00,5.989999771118164,5.989999771118164,5.260000228881836,5.570000171661377,236700,0.0,0.0
2023-11-10 00:00:00-05:00,5.539999961853027,5.760000228881836,5.46999979019165,5.75,92500,0.0,0.0
2023-11-13 00:00:00-05:00,5.650000095367432,5.980000019073486,5.599999904632568,5.880000114440918,178000,0.0,0.0
2023-11-14 00:00:00-05:00,6.0,6.21999979019165,5.889999866485596,6.139999866485596,243400,0.0,0.0
2023-11-15 00:00:00-05:00,5.96999979019165,6.420000076293945,5.96999979019165,6.400000095367432,191500,0.0,0.0
2023-11-16 00:00:00-05:00,6.400000095367432,6.489999771118164,6.21999979019165,6.369999885559082,128300,0.0,0.0
2023-11-17 00:00:00-05:00,6.360000133514404,6.630000114440918,6.360000133514404,6.489999771118164,172000,0.0,0.0
2023-11-20 00:00:00-05:00,6.28000020980835,6.78000020980835,6.28000020980835,6.630000114440918,268500,0.0,0.0
2023-11-21 00:00:00-05:00,6.590000152587891,6.71999979019165,6.389999866485596,6.420000076293945,193800,0.0,0.0
2023-11-22 00:00:00-05:00,6.349999904632568,6.630000114440918,6.199999809265137,6.489999771118164,204600,0.0,0.0
2023-11-24 00:00:00-05:00,6.449999809265137,6.670000076293945,6.300000190734863,6.599999904632568,408400,0.0,0.0
2023-11-27 00:00:00-05:00,6.260000228881836,6.820000171661377,6.260000228881836,6.710000038146973,418500,0.0,0.0
2023-11-28 00:00:00-05:00,6.630000114440918,7.0,6.614999771118164,6.989999771118164,311300,0.0,0.0
2023-11-29 00:00:00-05:00,7.0,7.510000228881836,6.960000038146973,7.230000019073486,528300,0.0,0.0
2023-11-30 00:00:00-05:00,7.300000190734863,7.329999923706055,6.949999809265137,7.239999771118164,315300,0.0,0.0
2023-12-01 00:00:00-05:00,7.28000020980835,7.699999809265137,7.150000095367432,7.690000057220459,318900,0.0,0.0
2023-12-04 00:00:00-05:00,7.699999809265137,7.896999835968018,7.260000228881836,7.300000190734863,410300,0.0,0.0
2023-12-05 00:00:00-05:00,7.119999885559082,7.320000171661377,6.769999980926514,7.179999828338623,379700,0.0,0.0
2023-12-06 00:00:00-05:00,7.25,7.619999885559082,7.239999771118164,7.420000076293945,231800,0.0,0.0
2023-12-07 00:00:00-05:00,7.449999809265137,7.840000152587891,7.321000099182129,7.559999942779541,226500,0.0,0.0
2023-12-08 00:00:00-05:00,7.550000190734863,7.840000152587891,7.480000019073486,7.840000152587891,159000,0.0,0.0
2023-12-11 00:00:00-05:00,7.710000038146973,7.800000190734863,7.579999923706055,7.630000114440918,160500,0.0,0.0
2023-12-12 00:00:00-05:00,7.559999942779541,7.650000095367432,7.389999866485596,7.5,155500,0.0,0.0
2023-12-13 00:00:00-05:00,7.510000228881836,7.849999904632568,7.440000057220459,7.769999980926514,358800,0.0,0.0
2023-12-14 00:00:00-05:00,7.699999809265137,7.900000095367432,7.25,7.289999961853027,667500,0.0,0.0
2023-12-15 00:00:00-05:00,7.289999961853027,7.869999885559082,7.289999961853027,7.769999980926514,984200,0.0,0.0
2023-12-18 00:00:00-05:00,7.71999979019165,8.420000076293945,7.679999828338623,8.210000038146973,392100,0.0,0.0
2023-12-19 00:00:00-05:00,8.279999732971191,8.48799991607666,8.0,8.260000228881836,216100,0.0,0.0
2023-12-20 00:00:00-05:00,8.260000228881836,8.3100004196167,7.860000133514404,7.880000114440918,181300,0.0,0.0
2023-12-21 00:00:00-05:00,8.039999961853027,8.069999694824219,7.829999923706055,7.920000076293945,139300,0.0,0.0
2023-12-22 00:00:00-05:00,7.849999904632568,8.09000015258789,7.651000022888184,7.75,185200,0.0,0.0
2023-12-26 00:00:00-05:00,7.75,7.880000114440918,7.670000076293945,7.739999771118164,129100,0.0,0.0
2023-12-27 00:00:00-05:00,7.739999771118164,7.96999979019165,7.650000095367432,7.800000190734863,141400,0.0,0.0
2023-12-28 00:00:00-05:00,7.800000190734863,7.880000114440918,7.170000076293945,7.659999847412109,254700,0.0,0.0
2023-12-29 00:00:00-05:00,7.630000114440918,7.75,7.420000076293945,7.590000152587891,198800,0.0,0.0
2024-01-02 00:00:00-05:00,7.159999847412109,7.489999771118164,7.130000114440918,7.380000114440918,199100,0.0,0.0
2024-01-03 00:00:00-05:00,7.210000038146973,7.413000106811523,7.119999885559082,7.269999980926514,103100,0.0,0.0
2024-01-04 00:00:00-05:00,7.269999980926514,7.440000057220459,7.110000133514404,7.179999828338623,214600,0.0,0.0
2024-01-05 00:00:00-05:00,7.139999866485596,7.199999809265137,6.949999809265137,6.989999771118164,181200,0.0,0.0
2024-01-08 00:00:00-05:00,6.989999771118164,7.239999771118164,6.949999809265137,7.139999866485596,190900,0.0,0.0
2024-01-09 00:00:00-05:00,7.050000190734863,7.480000019073486,6.96999979019165,7.25,196700,0.0,0.0
2024-01-10 00:00:00-05:00,7.230000019073486,7.570000171661377,7.2210001945495605,7.460000038146973,121400,0.0,0.0
2024-01-11 00:00:00-05:00,7.599999904632568,7.670000076293945,7.28000020980835,7.320000171661377,109000,0.0,0.0
2024-01-12 00:00:00-05:00,7.340000152587891,7.539999961853027,7.210000038146973,7.239999771118164,76100,0.0,0.0
2024-01-16 00:00:00-05:00,7.170000076293945,7.320000171661377,7.020999908447266,7.159999847412109,92000,0.0,0.0
2024-01-17 00:00:00-05:00,7.059999942779541,7.309999942779541,6.985000133514404,7.300000190734863,109700,0.0,0.0
2024-01-18 00:00:00-05:00,7.349999904632568,7.440000057220459,6.989999771118164,7.039999961853027,80400,0.0,0.0
2024-01-19 00:00:00-05:00,7.059999942779541,7.25,6.906000137329102,7.239999771118164,118200,0.0,0.0
2024-01-22 00:00:00-05:00,7.28000020980835,7.559999942779541,7.25,7.360000133514404,115300,0.0,0.0
2024-01-23 00:00:00-05:00,7.369999885559082,7.78000020980835,7.340000152587891,7.690000057220459,158300,0.0,0.0
2024-01-24 00:00:00-05:00,7.760000228881836,8.420000076293945,7.710000038146973,8.050000190734863,404100,0.0,0.0
2024-01-25 00:00:00-05:00,8.100000381469727,8.4399995803833,8.039999961853027,8.289999961853027,222100,0.0,0.0
2024-01-26 00:00:00-05:00,8.380000114440918,8.420000076293945,8.100000381469727,8.149999618530273,119800,0.0,0.0
2024-01-29 00:00:00-05:00,8.149999618530273,8.630000114440918,8.149999618530273,8.609999656677246,168300,0.0,0.0
2024-01-30 00:00:00-05:00,8.710000038146973,8.760000228881836,8.1899995803833,8.270000457763672,159700,0.0,0.0
2024-01-31 00:00:00-05:00,8.279999732971191,8.550000190734863,8.199999809265137,8.199999809265137,143600,0.0,0.0
2024-02-01 00:00:00-05:00,8.229999542236328,8.25,8.100000381469727,8.170000076293945,210200,0.0,0.0
2024-02-02 00:00:00-05:00,8.119999885559082,8.399999618530273,8.095000267028809,8.399999618530273,227400,0.0,0.0
2024-02-05 00:00:00-05:00,8.300000190734863,8.5,8.220000267028809,8.399999618530273,230100,0.0,0.0
2024-02-06 00:00:00-05:00,8.609999656677246,9.420000076293945,8.579999923706055,9.119999885559082,1114900,0.0,0.0
2024-02-07 00:00:00-05:00,9.199999809265137,9.199999809265137,8.520000457763672,8.800000190734863,424700,0.0,0.0
2024-02-08 00:00:00-05:00,8.829999923706055,8.88599967956543,8.5600004196167,8.75,218900,0.0,0.0
2024-02-09 00:00:00-05:00,8.989999771118164,9.140000343322754,8.8100004196167,9.109999656677246,314500,0.0,0.0
2024-02-12 00:00:00-05:00,9.0,9.074999809265137,8.670000076293945,8.819999694824219,312400,0.0,0.0
2024-02-13 00:00:00-05:00,8.619999885559082,8.619999885559082,8.029999732971191,8.050000190734863,522800,0.0,0.0
2024-02-14 00:00:00-05:00,8.319999694824219,8.369999885559082,8.027999877929688,8.289999961853027,275500,0.0,0.0
2024-02-15 00:00:00-05:00,8.380000114440918,8.380000114440918,8.010000228881836,8.149999618530273,355500,0.0,0.0
2024-02-16 00:00:00-05:00,9.199999809265137,11.829999923706055,9.0,11.829999923706055,3695800,0.0,0.0
2024-02-20 00:00:00-05:00,11.670000076293945,11.800000190734863,10.960000038146973,11.739999771118164,1476800,0.0,0.0
2024-02-21 00:00:00-05:00,11.359999656677246,11.699999809265137,11.039999961853027,11.479999542236328,884400,0.0,0.0
2024-02-22 00:00:00-05:00,11.649999618530273,11.699999809265137,10.319999694824219,10.319999694824219,897400,0.0,0.0
2024-02-23 00:00:00-05:00,10.25,10.343000411987305,9.720000267028809,9.949999809265137,679700,0.0,0.0
2024-02-26 00:00:00-05:00,9.930000305175781,10.079999923706055,9.670000076293945,9.920000076293945,819900,0.0,0.0
2024-02-27 00:00:00-05:00,9.979999542236328,10.75,9.539999961853027,10.75,888700,0.0,0.0
2024-02-28 00:00:00-05:00,10.510000228881836,10.930000305175781,10.369999885559082,10.930000305175781,651700,0.0,0.0
2024-02-29 00:00:00-05:00,10.869999885559082,11.10099983215332,10.460000038146973,10.619999885559082,456300,0.0,0.0
2024-03-01 00:00:00-05:00,10.550000190734863,11.470000267028809,10.5,11.239999771118164,534800,0.0,0.0
2024-03-04 00:00:00-05:00,11.430000305175781,11.430000305175781,11.029999732971191,11.380000114440918,357600,0.0,0.0
2024-03-05 00:00:00-05:00,11.180000305175781,11.319999694824219,10.979999542236328,11.029999732971191,359300,0.0,0.0
2024-03-06 00:00:00-05:00,11.170000076293945,11.960000038146973,11.170000076293945,11.600000381469727,559700,0.0,0.0
2024-03-07 00:00:00-05:00,11.699999809265137,11.90999984741211,11.352999687194824,11.779999732971191,233900,0.0,0.0
2024-03-08 00:00:00-05:00,11.800000190734863,12.649999618530273,11.5,11.569999694824219,1099500,0.0,0.0
2024-03-11 00:00:00-04:00,11.479999542236328,11.699000358581543,10.600000381469727,10.609999656677246,376600,0.0,0.0
2024-03-12 00:00:00-04:00,10.649999618530273,11.0600004196167,10.529999732971191,10.770000457763672,258100,0.0,0.0
2024-03-13 00:00:00-04:00,10.562000274658203,11.050000190734863,10.562000274658203,10.920000076293945,253700,0.0,0.0
2024-03-14 00:00:00-04:00,10.899999618530273,11.0,10.470000267028809,10.539999961853027,296900,0.0,0.0
2024-03-15 00:00:00-04:00,10.460000038146973,10.479999542236328,10.039999961853027,10.039999961853027,506300,0.0,0.0
2024-03-18 00:00:00-04:00,10.279999732971191,10.479999542236328,10.039999961853027,10.369999885559082,331900,0.0,0.0
2024-03-19 00:00:00-04:00,10.300000190734863,10.40999984741211,10.074999809265137,10.1899995803833,227500,0.0,0.0
2024-03-20 00:00:00-04:00,10.350000381469727,10.765000343322754,10.225000381469727,10.75,228300,0.0,0.0
2024-03-21 00:00:00-04:00,10.75,10.84000015258789,10.170000076293945,10.199999809265137,239200,0.0,0.0
2024-03-22 00:00:00-04:00,10.510000228881836,10.510000228881836,10.1899995803833,10.380000114440918,175200,0.0,0.0
2024-03-25 00:00:00-04:00,10.380000114440918,10.39799976348877,9.880000114440918,9.890000343322754,267200,0.0,0.0
2024-03-26 00:00:00-04:00,9.890000343322754,10.15999984741211,9.859999656677246,9.899999618530273,259800,0.0,0.0
2024-03-27 00:00:00-04:00,10.050000190734863,10.1899995803833,9.779999732971191,10.15999984741211,204700,0.0,0.0
2024-03-28 00:00:00-04:00,9.859999656677246,10.420000076293945,9.800000190734863,10.229999542236328,587200,0.0,0.0
2024-04-01 00:00:00-04:00,10.239999771118164,10.489999771118164,10.119999885559082,10.220000267028809,194800,0.0,0.0
2024-04-02 00:00:00-04:00,9.970000267028809,9.977999687194824,9.739999771118164,9.890000343322754,173500,0.0,0.0
2024-04-03 00:00:00-04:00,9.720000267028809,10.079999923706055,9.720000267028809,9.970000267028809,164500,0.0,0.0
2024-04-04 00:00:00-04:00,9.970000267028809,10.520000457763672,9.869999885559082,9.869999885559082,305200,0.0,0.0
2024-04-05 00:00:00-04:00,9.899999618530273,10.234999656677246,9.760000228881836,10.119999885559082,172500,0.0,0.0
2024-04-08 00:00:00-04:00,10.0600004196167,10.28499984741211,9.960000038146973,10.09000015258789,144700,0.0,0.0
2024-04-09 00:00:00-04:00,10.020000457763672,10.40999984741211,9.970000267028809,10.1899995803833,208600,0.0,0.0
2024-04-10 00:00:00-04:00,9.989999771118164,10.0,9.779999732971191,9.949999809265137,200600,0.0,0.0
2024-04-11 00:00:00-04:00,10.0,10.104999542236328,9.774999618530273,9.789999961853027,179200,0.0,0.0
2024-04-12 00:00:00-04:00,9.739999771118164,9.925000190734863,9.350000381469727,9.489999771118164,326000,0.0,0.0
2024-04-15 00:00:00-04:00,9.5600004196167,9.670000076293945,9.039999961853027,9.079999923706055,219300,0.0,0.0
2024-04-16 00:00:00-04:00,9.029999732971191,9.34000015258789,9.029999732971191,9.109999656677246,160100,0.0,0.0
2024-04-17 00:00:00-04:00,9.40999984741211,9.4399995803833,9.109999656677246,9.119999885559082,145800,0.0,0.0
2024-04-18 00:00:00-04:00,9.149999618530273,9.348999977111816,9.100000381469727,9.130000114440918,154200,0.0,0.0
2024-04-19 00:00:00-04:00,9.119999885559082,9.1899995803833,8.819999694824219,9.180000305175781,459800,0.0,0.0
2024-04-22 00:00:00-04:00,9.149999618530273,9.460000038146973,9.050000190734863,9.270000457763672,238300,0.0,0.0
2024-04-23 00:00:00-04:00,9.369999885559082,9.569999694824219,9.25,9.319999694824219,202500,0.0,0.0
2024-04-24 00:00:00-04:00,9.359999656677246,9.430000305175781,9.210000038146973,9.319999694824219,101900,0.0,0.0
2024-04-25 00:00:00-04:00,9.180000305175781,9.199999809265137,8.920000076293945,8.960000038146973,154000,0.0,0.0
2024-04-26 00:00:00-04:00,9.119999885559082,9.414999961853027,9.020000457763672,9.3100004196167,206600,0.0,0.0
2024-04-29 00:00:00-04:00,9.329999923706055,9.5600004196167,9.199999809265137,9.239999771118164,141200,0.0,0.0
2024-04-30 00:00:00-04:00,9.180000305175781,9.520000457763672,9.140000343322754,9.3100004196167,157500,0.0,0.0
2024-05-01 00:00:00-04:00,9.329999923706055,9.460000038146973,9.119999885559082,9.319999694824219,179500,0.0,0.0
2024-05-02 00:00:00-04:00,9.489999771118164,9.619999885559082,9.3100004196167,9.380000114440918,178200,0.0,0.0
2024-05-03 00:00:00-04:00,9.569999694824219,9.569999694824219,9.229999542236328,9.390000343322754,193400,0.0,0.0
2024-05-06 00:00:00-04:00,9.40999984741211,9.680000305175781,9.359999656677246,9.619999885559082,145300,0.0,0.0
2024-05-07 00:00:00-04:00,9.630000114440918,9.96500015258789,9.619999885559082,9.779999732971191,209000,0.0,0.0
2024-05-08 00:00:00-04:00,9.850000381469727,10.0,9.609999656677246,9.90999984741211,273700,0.0,0.0
2024-05-09 00:00:00-04:00,9.0,9.4399995803833,7.300000190734863,7.5,2221500,0.0,0.0
2024-05-10 00:00:00-04:00,7.590000152587891,7.730000019073486,7.060999870300293,7.25,760500,0.0,0.0
2024-05-13 00:00:00-04:00,7.21999979019165,7.309999942779541,7.079999923706055,7.309999942779541,431000,0.0,0.0
2024-05-14 00:00:00-04:00,7.230000019073486,7.440000057220459,7.099999904632568,7.329999923706055,261000,0.0,0.0
2024-05-15 00:00:00-04:00,7.349999904632568,7.659999847412109,7.289999961853027,7.329999923706055,398200,0.0,0.0
2024-05-16 00:00:00-04:00,7.300000190734863,7.36299991607666,7.059999942779541,7.28000020980835,265800,0.0,0.0
2024-05-17 00:00:00-04:00,7.260000228881836,7.329999923706055,7.099999904632568,7.119999885559082,195700,0.0,0.0
2024-05-20 00:00:00-04:00,7.070000171661377,7.360000133514404,7.054999828338623,7.099999904632568,312100,0.0,0.0
2024-05-21 00:00:00-04:00,7.0,7.025000095367432,6.610000133514404,6.610000133514404,481200,0.0,0.0
2024-05-22 00:00:00-04:00,6.579999923706055,6.889999866485596,6.5320000648498535,6.699999809265137,380300,0.0,0.0
2024-05-23 00:00:00-04:00,6.730000019073486,6.909999847412109,6.460000038146973,6.78000020980835,633900,0.0,0.0
2024-05-24 00:00:00-04:00,6.679999828338623,6.909999847412109,6.599999904632568,6.670000076293945,414700,0.0,0.0
2024-05-28 00:00:00-04:00,6.670000076293945,6.929999828338623,6.620999813079834,6.760000228881836,300600,0.0,0.0
2024-05-29 00:00:00-04:00,6.639999866485596,6.880000114440918,6.624000072479248,6.78000020980835,196200,0.0,0.0
2024-05-30 00:00:00-04:00,6.75,6.75,6.409999847412109,6.480000019073486,335900,0.0,0.0
2024-05-31 00:00:00-04:00,6.46999979019165,6.550000190734863,6.070000171661377,6.110000133514404,444200,0.0,0.0
2024-06-03 00:00:00-04:00,6.159999847412109,6.46999979019165,6.03000020980835,6.170000076293945,430500,0.0,0.0
2024-06-04 00:00:00-04:00,6.139999866485596,6.175000190734863,5.920000076293945,6.050000190734863,348300,0.0,0.0
2024-06-05 00:00:00-04:00,6.110000133514404,6.190000057220459,5.929999828338623,5.989999771118164,218000,0.0,0.0
2024-06-06 00:00:00-04:00,6.019999980926514,6.110000133514404,5.945000171661377,6.070000171661377,275200,0.0,0.0
2024-06-07 00:00:00-04:00,6.019999980926514,6.050000190734863,5.889999866485596,6.019999980926514,194000,0.0,0.0
2024-06-10 00:00:00-04:00,5.980000019073486,6.179999828338623,5.956999778747559,6.059999942779541,254000,0.0,0.0
2024-06-11 00:00:00-04:00,6.070000171661377,6.159999847412109,6.0,6.150000095367432,165700,0.0,0.0
2024-06-12 00:00:00-04:00,6.230000019073486,6.329999923706055,6.164999961853027,6.260000228881836,186800,0.0,0.0
2024-06-13 00:00:00-04:00,6.260000228881836,6.304999828338623,6.059999942779541,6.099999904632568,206000,0.0,0.0
2024-06-14 00:00:00-04:00,6.099999904632568,6.099999904632568,5.949999809265137,6.019999980926514,340400,0.0,0.0
2024-06-17 00:00:00-04:00,6.03000020980835,6.050000190734863,5.889999866485596,5.900000095367432,171200,0.0,0.0
2024-06-18 00:00:00-04:00,5.880000114440918,6.0,5.829999923706055,5.829999923706055,224900,0.0,0.0
2024-06-20 00:00:00-04:00,5.820000171661377,5.829999923706055,5.650000095367432,5.71999979019165,205500,0.0,0.0
2024-06-21 00:00:00-04:00,5.71999979019165,5.71999979019165,5.610000133514404,5.670000076293945,351900,0.0,0.0
2024-06-24 00:00:00-04:00,5.679999828338623,5.699999809265137,5.420000076293945,5.5,465000,0.0,0.0
2024-06-25 00:00:00-04:00,5.539999961853027,5.630000114440918,5.440000057220459,5.440000057220459,336300,0.0,0.0
2024-06-26 00:00:00-04:00,5.400000095367432,5.789999961853027,5.369999885559082,5.78000020980835,320000,0.0,0.0
2024-06-27 00:00:00-04:00,5.800000190734863,6.150000095367432,5.800000190734863,6.050000190734863,418600,0.0,0.0
2024-06-28 00:00:00-04:00,6.119999885559082,6.309999942779541,6.010000228881836,6.159999847412109,5719800,0.0,0.0
2024-07-01 00:00:00-04:00,6.130000114440918,6.230000019073486,6.079999923706055,6.21999979019165,481500,0.0,0.0
2024-07-02 00:00:00-04:00,6.21999979019165,6.269999980926514,5.96999979019165,6.019999980926514,319900,0.0,0.0
2024-07-03 00:00:00-04:00,6.03000020980835,6.099999904632568,5.980000019073486,6.03000020980835,149600,0.0,0.0
2024-07-05 00:00:00-04:00,6.019999980926514,6.5,5.900000095367432,6.320000171661377,533800,0.0,0.0
2024-07-08 00:00:00-04:00,6.300000190734863,6.360000133514404,6.090000152587891,6.230000019073486,386500,0.0,0.0
2024-07-09 00:00:00-04:00,6.260000228881836,6.340000152587891,6.110000133514404,6.340000152587891,310900,0.0,0.0
2024-07-10 00:00:00-04:00,6.369999885559082,6.369999885559082,6.090000152587891,6.269999980926514,232700,0.0,0.0
2024-07-11 00:00:00-04:00,6.360000133514404,6.489999771118164,6.289999961853027,6.46999979019165,220000,0.0,0.0
2024-07-12 00:00:00-04:00,6.5,6.559999942779541,6.360000133514404,6.449999809265137,240300,0.0,0.0
2024-07-15 00:00:00-04:00,6.5,6.769999980926514,6.440000057220459,6.739999771118164,217400,0.0,0.0
2024-07-16 00:00:00-04:00,6.789999961853027,6.809999942779541,6.670000076293945,6.730000019073486,196800,0.0,0.0
2024-07-17 00:00:00-04:00,6.769999980926514,6.769999980926514,6.300000190734863,6.489999771118164,324400,0.0,0.0
2024-07-18 00:00:00-04:00,6.46999979019165,6.489999771118164,6.179999828338623,6.199999809265137,163000,0.0,0.0
2024-07-19 00:00:00-04:00,6.230000019073486,6.300000190734863,6.170000076293945,6.190000057220459,184000,0.0,0.0
2024-07-22 00:00:00-04:00,6.239999771118164,6.670000076293945,6.199999809265137,6.489999771118164,305300,0.0,0.0
2024-07-23 00:00:00-04:00,6.559999942779541,6.989999771118164,6.559999942779541,6.960000038146973,286900,0.0,0.0
2024-07-24 00:00:00-04:00,6.889999866485596,6.949999809265137,6.485000133514404,6.519999980926514,211300,0.0,0.0
2024-07-25 00:00:00-04:00,6.579999923706055,6.849999904632568,6.409999847412109,6.71999979019165,230800,0.0,0.0
2024-07-26 00:00:00-04:00,6.829999923706055,6.829999923706055,6.610000133514404,6.739999771118164,156800,0.0,0.0
2024-07-29 00:00:00-04:00,6.730000019073486,6.75,6.300000190734863,6.340000152587891,293500,0.0,0.0
2024-07-30 00:00:00-04:00,6.320000171661377,6.40500020980835,6.21999979019165,6.380000114440918,243300,0.0,0.0
2024-07-31 00:00:00-04:00,6.429999828338623,6.71999979019165,6.369999885559082,6.619999885559082,220600,0.0,0.0
2024-08-01 00:00:00-04:00,6.599999904632568,6.635000228881836,6.099999904632568,6.199999809265137,234600,0.0,0.0
2024-08-02 00:00:00-04:00,6.050000190734863,6.119999885559082,5.929999828338623,6.019999980926514,257300,0.0,0.0
2024-08-05 00:00:00-04:00,5.559999942779541,5.71999979019165,5.03000020980835,5.190000057220459,663500,0.0,0.0
2024-08-06 00:00:00-04:00,5.260000228881836,5.260000228881836,4.909999847412109,5.059999942779541,434500,0.0,0.0
2024-08-07 00:00:00-04:00,5.25,5.380000114440918,5.099999904632568,5.110000133514404,326600,0.0,0.0
2024-08-08 00:00:00-04:00,5.199999809265137,5.360000133514404,4.914999961853027,5.190000057220459,508300,0.0,0.0
2024-08-09 00:00:00-04:00,6.0,6.900000095367432,6.0,6.460000038146973,736100,0.0,0.0
2024-08-12 00:00:00-04:00,6.420000076293945,6.550000190734863,5.909999847412109,6.150000095367432,521300,0.0,0.0
2024-08-13 00:00:00-04:00,6.099999904632568,6.369999885559082,6.039999961853027,6.340000152587891,274500,0.0,0.0
2024-08-14 00:00:00-04:00,6.329999923706055,6.420000076293945,6.239999771118164,6.309999942779541,202300,0.0,0.0
2024-08-15 00:00:00-04:00,6.389999866485596,6.590000152587891,6.340000152587891,6.539999961853027,318300,0.0,0.0
2024-08-16 00:00:00-04:00,6.510000228881836,6.869999885559082,6.409999847412109,6.75,355000,0.0,0.0
2024-08-19 00:00:00-04:00,6.699999809265137,6.769999980926514,6.559999942779541,6.710000038146973,174900,0.0,0.0
2024-08-20 00:00:00-04:00,6.550000190734863,6.739999771118164,6.460000038146973,6.659999847412109,286100,0.0,0.0
2024-08-21 00:00:00-04:00,6.570000171661377,6.599999904632568,6.230000019073486,6.420000076293945,358500,0.0,0.0
2024-08-22 00:00:00-04:00,6.349999904632568,6.480000019073486,6.144999980926514,6.175000190734863,329600,0.0,0.0
2024-08-23 00:00:00-04:00,6.199999809265137,6.639999866485596,6.178999900817871,6.590000152587891,835500,0.0,0.0
2024-08-26 00:00:00-04:00,6.349999904632568,6.579999923706055,6.349999904632568,6.510000228881836,374500,0.0,0.0
2024-08-27 00:00:00-04:00,6.349999904632568,6.619999885559082,6.349999904632568,6.349999904632568,248700,0.0,0.0
2024-08-28 00:00:00-04:00,6.28000020980835,6.335000038146973,6.019999980926514,6.070000171661377,216400,0.0,0.0
2024-08-29 00:00:00-04:00,6.039999961853027,6.269999980926514,6.03000020980835,6.090000152587891,307200,0.0,0.0
2024-08-30 00:00:00-04:00,6.139999866485596,6.150000095367432,5.949999809265137,6.110000133514404,312700,0.0,0.0
2024-09-03 00:00:00-04:00,6.050000190734863,6.28000020980835,5.715000152587891,5.809999942779541,240800,0.0,0.0
2024-09-04 00:00:00-04:00,5.760000228881836,6.0,5.659999847412109,5.900000095367432,226000,0.0,0.0
2024-09-05 00:00:00-04:00,5.869999885559082,5.929999828338623,5.78000020980835,5.860000133514404,210400,0.0,0.0
2024-09-06 00:00:00-04:00,5.880000114440918,5.909999847412109,5.539999961853027,5.75,262500,0.0,0.0
2024-09-09 00:00:00-04:00,5.739999771118164,5.860000133514404,5.730000019073486,5.809999942779541,145700,0.0,0.0
2024-09-10 00:00:00-04:00,5.789999961853027,5.864999771118164,5.650000095367432,5.829999923706055,144700,0.0,0.0
2024-09-11 00:00:00-04:00,5.860000133514404,5.900000095367432,5.730000019073486,5.900000095367432,128700,0.0,0.0
2024-09-12 00:00:00-04:00,5.920000076293945,5.980000019073486,5.875,5.920000076293945,132500,0.0,0.0
2024-09-13 00:00:00-04:00,5.989999771118164,6.210000038146973,5.920000076293945,6.179999828338623,152600,0.0,0.0
2024-09-16 00:00:00-04:00,6.190000057220459,6.329999923706055,6.119999885559082,6.179999828338623,145500,0.0,0.0
2024-09-17 00:00:00-04:00,6.269999980926514,6.355000019073486,6.199999809265137,6.230000019073486,213500,0.0,0.0
2024-09-18 00:00:00-04:00,6.230000019073486,6.300000190734863,6.03000020980835,6.039999961853027,175700,0.0,0.0
2024-09-19 00:00:00-04:00,6.230000019073486,6.289999961853027,6.179999828338623,6.21999979019165,140500,0.0,0.0
2024-09-20 00:00:00-04:00,6.179999828338623,6.300000190734863,6.14900016784668,6.269999980926514,367500,0.0,0.0
2024-09-23 00:00:00-04:00,6.335000038146973,6.340000152587891,6.039999961853027,6.039999961853027,182100,0.0,0.0
2024-09-24 00:00:00-04:00,6.070000171661377,6.159999847412109,5.929999828338623,6.099999904632568,419500,0.0,0.0
2024-09-25 00:00:00-04:00,6.050000190734863,6.289999961853027,6.045000076293945,6.119999885559082,244700,0.0,0.0
2024-09-26 00:00:00-04:00,6.21999979019165,6.309999942779541,6.110000133514404,6.25,164200,0.0,0.0
2024-09-27 00:00:00-04:00,6.269999980926514,6.510000228881836,6.179999828338623,6.380000114440918,298400,0.0,0.0
2024-09-30 00:00:00-04:00,6.380000114440918,6.525000095367432,6.25,6.389999866485596,224200,0.0,0.0
2024-10-01 00:00:00-04:00,6.400000095367432,6.400000095367432,6.144999980926514,6.329999923706055,229200,0.0,0.0
2024-10-02 00:00:00-04:00,6.289999961853027,6.380000114440918,6.210999965667725,6.28000020980835,124700,0.0,0.0
2024-10-03 00:00:00-04:00,6.199999809265137,6.239999771118164,6.054999828338623,6.070000171661377,107300,0.0,0.0
2024-10-04 00:00:00-04:00,6.190000057220459,6.449999809265137,6.110000133514404,6.349999904632568,198300,0.0,0.0
2024-10-07 00:00:00-04:00,6.340000152587891,6.355000019073486,6.25,6.349999904632568,120400,0.0,0.0
2024-10-08 00:00:00-04:00,6.329999923706055,6.409999847412109,6.300000190734863,6.400000095367432,120500,0.0,0.0
2024-10-09 00:00:00-04:00,6.369999885559082,6.789999961853027,6.369999885559082,6.769999980926514,300200,0.0,0.0
2024-10-10 00:00:00-04:00,6.690000057220459,6.815000057220459,6.610000133514404,6.78000020980835,203400,0.0,0.0
2024-10-11 00:00:00-04:00,6.730000019073486,7.159999847412109,6.730000019073486,7.059999942779541,261200,0.0,0.0
2024-10-14 00:00:00-04:00,7.059999942779541,7.151000022888184,6.880000114440918,7.039999961853027,201700,0.0,0.0
2024-10-15 00:00:00-04:00,7.039999961853027,7.239999771118164,6.900000095367432,7.130000114440918,223800,0.0,0.0
2024-10-16 00:00:00-04:00,7.179999828338623,7.389999866485596,7.0,7.119999885559082,224400,0.0,0.0
2024-10-17 00:00:00-04:00,7.190000057220459,7.190000057220459,7.0,7.130000114440918,105300,0.0,0.0
2024-10-18 00:00:00-04:00,7.130000114440918,7.409999847412109,7.130000114440918,7.340000152587891,167700,0.0,0.0
2024-10-21 00:00:00-04:00,7.349999904632568,7.559999942779541,7.295000076293945,7.460000038146973,237000,0.0,0.0
2024-10-22 00:00:00-04:00,7.5,7.5,7.25,7.389999866485596,155900,0.0,0.0
2024-10-23 00:00:00-04:00,7.340000152587891,7.340000152587891,7.150000095367432,7.239999771118164,234700,0.0,0.0
2024-10-24 00:00:00-04:00,7.320000171661377,7.340000152587891,7.190000057220459,7.21999979019165,80300,0.0,0.0
2024-10-25 00:00:00-04:00,7.230000019073486,7.309999942779541,7.150000095367432,7.199999809265137,99900,0.0,0.0
2024-10-28 00:00:00-04:00,7.269999980926514,7.353000164031982,7.21999979019165,7.260000228881836,105900,0.0,0.0
2024-10-29 00:00:00-04:00,7.289999961853027,7.349999904632568,7.170000076293945,7.340000152587891,93300,0.0,0.0
2024-10-30 00:00:00-04:00,7.369999885559082,7.769999980926514,7.289999961853027,7.619999885559082,200700,0.0,0.0
2024-10-31 00:00:00-04:00,7.610000133514404,7.610000133514404,7.179999828338623,7.21999979019165,201900,0.0,0.0
2024-11-01 00:00:00-04:00,7.300000190734863,7.380000114440918,7.170000076293945,7.170000076293945,135500,0.0,0.0
2024-11-04 00:00:00-05:00,7.179999828338623,7.409999847412109,7.130000114440918,7.320000171661377,237900,0.0,0.0
2024-11-05 00:00:00-05:00,7.320000171661377,7.559999942779541,7.294000148773193,7.539999961853027,176000,0.0,0.0
2024-11-06 00:00:00-05:00,7.78000020980835,8.050000190734863,7.696000099182129,7.989999771118164,383100,0.0,0.0
2024-11-07 00:00:00-05:00,7.909999847412109,8.079999923706055,7.75,7.949999809265137,271500,0.0,0.0
2024-11-08 00:00:00-05:00,8.079999923706055,8.079999923706055,6.800000190734863,6.860000133514404,476800,0.0,0.0
2024-11-11 00:00:00-05:00,6.860000133514404,7.050000190734863,6.199999809265137,7.019999980926514,877300,0.0,0.0
2024-11-12 00:00:00-05:00,6.949999809265137,7.21999979019165,6.820000171661377,6.949999809265137,308700,0.0,0.0
2024-11-13 00:00:00-05:00,6.980000019073486,7.070000171661377,6.699999809265137,6.75,210500,0.0,0.0
2024-11-14 00:00:00-05:00,6.78000020980835,6.864999771118164,6.53000020980835,6.559999942779541,188400,0.0,0.0
2024-11-15 00:00:00-05:00,6.590000152587891,6.590000152587891,6.210000038146973,6.28000020980835,174300,0.0,0.0
2024-11-18 00:00:00-05:00,6.480000019073486,6.739999771118164,6.320000171661377,6.369999885559082,233400,0.0,0.0
2024-11-19 00:00:00-05:00,6.019999980926514,6.360000133514404,6.010000228881836,6.309999942779541,417700,0.0,0.0
2024-11-20 00:00:00-05:00,6.300000190734863,6.360000133514404,6.159999847412109,6.230000019073486,223100,0.0,0.0
2024-11-21 00:00:00-05:00,5.800000190734863,6.050000190734863,5.5,5.630000114440918,3538600,0.0,0.0
2024-11-22 00:00:00-05:00,5.630000114440918,6.400000095367432,5.630000114440918,6.25,1544300,0.0,0.0
2024-11-25 00:00:00-05:00,6.199999809265137,6.739999771118164,6.139999866485596,6.599999904632568,1424000,0.0,0.0
2024-11-26 00:00:00-05:00,6.5,6.690000057220459,6.159999847412109,6.309999942779541,733800,0.0,0.0
2024-11-27 00:00:00-05:00,6.320000171661377,6.53000020980835,6.260000228881836,6.449999809265137,383900,0.0,0.0
2024-11-29 00:00:00-05:00,6.380000114440918,6.53000020980835,6.329999923706055,6.489999771118164,197900,0.0,0.0
2024-12-02 00:00:00-05:00,6.539999961853027,6.795000076293945,6.406000137329102,6.71999979019165,468000,0.0,0.0
2024-12-03 00:00:00-05:00,6.769999980926514,6.929999828338623,6.610000133514404,6.889999866485596,376900,0.0,0.0
2024-12-04 00:00:00-05:00,6.869999885559082,7.0,6.78000020980835,6.869999885559082,585400,0.0,0.0
2024-12-05 00:00:00-05:00,6.880000114440918,6.945000171661377,6.699999809265137,6.71999979019165,331900,0.0,0.0
2024-12-06 00:00:00-05:00,6.820000171661377,7.0,6.789999961853027,6.880000114440918,497100,0.0,0.0
2024-12-09 00:00:00-05:00,6.980000019073486,7.158999919891357,6.824999809265137,6.940000057220459,429400,0.0,0.0
2024-12-10 00:00:00-05:00,6.980000019073486,7.070000171661377,6.880000114440918,7.03000020980835,309100,0.0,0.0
2024-12-11 00:00:00-05:00,7.079999923706055,7.28000020980835,6.980000019073486,7.239999771118164,453300,0.0,0.0
2024-12-12 00:00:00-05:00,7.119999885559082,7.28000020980835,6.980000019073486,7.050000190734863,276900,0.0,0.0
2024-12-13 00:00:00-05:00,7.110000133514404,7.130000114440918,6.699999809265137,6.760000228881836,317600,0.0,0.0
2024-12-16 00:00:00-05:00,6.75,6.909999847412109,6.703000068664551,6.800000190734863,267400,0.0,0.0
2024-12-17 00:00:00-05:00,6.809999942779541,6.860000133514404,6.590000152587891,6.829999923706055,305800,0.0,0.0
2024-12-18 00:00:00-05:00,6.840000152587891,6.980000019073486,6.28000020980835,6.420000076293945,393700,0.0,0.0
2024-12-19 00:00:00-05:00,6.53000020980835,6.675000190734863,6.389999866485596,6.389999866485596,220700,0.0,0.0
2024-12-20 00:00:00-05:00,6.25,6.590000152587891,6.21999979019165,6.420000076293945,363700,0.0,0.0
2024-12-23 00:00:00-05:00,6.429999828338623,6.5,6.300000190734863,6.349999904632568,219100,0.0,0.0
2024-12-24 00:00:00-05:00,6.389999866485596,6.400000095367432,6.295000076293945,6.369999885559082,143800,0.0,0.0
2024-12-26 00:00:00-05:00,6.340000152587891,6.5,6.260000228881836,6.429999828338623,259900,0.0,0.0
2024-12-27 00:00:00-05:00,6.340000152587891,6.460000038146973,6.130000114440918,6.230000019073486,285900,0.0,0.0
2024-12-30 00:00:00-05:00,6.139999866485596,6.179999828338623,6.03000020980835,6.119999885559082,230800,0.0,0.0
2024-12-31 00:00:00-05:00,6.079999923706055,6.173999786376953,5.980000019073486,6.019999980926514,231900,0.0,0.0
2025-01-02 00:00:00-05:00,6.079999923706055,6.289999961853027,6.050000190734863,6.099999904632568,217800,0.0,0.0
2025-01-03 00:00:00-05:00,6.139999866485596,6.570000171661377,6.139999866485596,6.519999980926514,276200,0.0,0.0
2025-01-06 00:00:00-05:00,6.590000152587891,6.710000038146973,6.46999979019165,6.559999942779541,237000,0.0,0.0
2025-01-07 00:00:00-05:00,6.570000171661377,6.716000080108643,6.340000152587891,6.429999828338623,242100,0.0,0.0
2025-01-08 00:00:00-05:00,6.369999885559082,6.449999809265137,6.239999771118164,6.389999866485596,149900,0.0,0.0
2025-01-10 00:00:00-05:00,6.25,6.25,5.949999809265137,6.190000057220459,308000,0.0,0.0
2025-01-13 00:00:00-05:00,6.170000076293945,6.170000076293945,5.860000133514404,6.039999961853027,231300,0.0,0.0
2025-01-14 00:00:00-05:00,6.130000114440918,6.179999828338623,5.96999979019165,6.070000171661377,168000,0.0,0.0
2025-01-15 00:00:00-05:00,6.300000190734863,6.320000171661377,6.1479997634887695,6.170000076293945,150300,0.0,0.0
2025-01-16 00:00:00-05:00,6.170000076293945,6.179999828338623,6.039999961853027,6.059999942779541,165600,0.0,0.0
2025-01-17 00:00:00-05:00,6.190000057220459,6.204999923706055,6.050000190734863,6.110000133514404,197800,0.0,0.0
2025-01-21 00:00:00-05:00,6.179999828338623,6.349999904632568,6.099999904632568,6.340000152587891,207900,0.0,0.0
2025-01-22 00:00:00-05:00,6.389999866485596,6.630000114440918,6.340000152587891,6.349999904632568,382100,0.0,0.0
2025-01-23 00:00:00-05:00,6.349999904632568,6.349999904632568,6.21999979019165,6.329999923706055,230200,0.0,0.0
2025-01-24 00:00:00-05:00,6.309999942779541,6.574999809265137,6.244999885559082,6.409999847412109,199400,0.0,0.0
2025-01-27 00:00:00-05:00,6.309999942779541,6.400000095367432,6.010000228881836,6.110000133514404,279700,0.0,0.0
2025-01-28 00:00:00-05:00,6.239999771118164,6.309999942779541,6.090000152587891,6.28000020980835,196200,0.0,0.0
2025-01-29 00:00:00-05:00,6.269999980926514,6.320000171661377,6.139999866485596,6.21999979019165,154400,0.0,0.0
2025-01-30 00:00:00-05:00,6.300000190734863,6.361999988555908,6.110000133514404,6.159999847412109,117800,0.0,0.0
2025-01-31 00:00:00-05:00,6.21999979019165,6.340000152587891,6.039999961853027,6.050000190734863,271000,0.0,0.0
2025-02-03 00:00:00-05:00,5.789999961853027,6.070000171661377,5.75,5.920000076293945,266300,0.0,0.0
2025-02-04 00:00:00-05:00,5.940000057220459,6.179999828338623,5.900000095367432,6.139999866485596,215700,0.0,0.0
2025-02-05 00:00:00-05:00,6.210000038146973,6.335000038146973,6.079999923706055,6.309999942779541,212300,0.0,0.0
2025-02-06 00:00:00-05:00,6.309999942779541,6.420000076293945,6.260000228881836,6.300000190734863,205200,0.0,0.0
2025-02-07 00:00:00-05:00,6.409999847412109,7.059999942779541,6.400000095367432,6.960000038146973,764000,0.0,0.0
2025-02-10 00:00:00-05:00,7.03000020980835,7.550000190734863,7.03000020980835,7.480000019073486,703500,0.0,0.0
2025-02-11 00:00:00-05:00,7.349999904632568,7.514999866485596,7.159999847412109,7.329999923706055,319400,0.0,0.0
2025-02-12 00:00:00-05:00,7.190000057220459,7.610000133514404,7.170000076293945,7.550000190734863,377200,0.0,0.0
2025-02-13 00:00:00-05:00,7.599999904632568,7.650000095367432,7.099999904632568,7.480000019073486,349400,0.0,0.0
2025-02-14 00:00:00-05:00,7.5,7.539999961853027,7.210000038146973,7.25,270000,0.0,0.0
2025-02-18 00:00:00-05:00,7.269999980926514,7.829999923706055,7.142000198364258,7.489999771118164,813500,0.0,0.0
2025-02-19 00:00:00-05:00,7.539999961853027,7.659999847412109,7.329999923706055,7.389999866485596,447300,0.0,0.0
2025-02-20 00:00:00-05:00,7.329999923706055,7.5,7.010000228881836,7.449999809265137,471400,0.0,0.0
2025-02-21 00:00:00-05:00,7.539999961853027,7.579999923706055,7.110000133514404,7.210000038146973,750600,0.0,0.0
2025-02-24 00:00:00-05:00,7.199999809265137,7.429999828338623,6.823999881744385,7.079999923706055,1739300,0.0,0.0
2025-02-25 00:00:00-05:00,7.019999980926514,7.050000190734863,6.300000190734863,6.329999923706055,817400,0.0,0.0
2025-02-26 00:00:00-05:00,6.730000019073486,7.144999980926514,6.480000019073486,6.679999828338623,794000,0.0,0.0
2025-02-27 00:00:00-05:00,6.610000133514404,6.804999828338623,6.460000038146973,6.460000038146973,766500,0.0,0.0
2025-02-28 00:00:00-05:00,6.489999771118164,6.545000076293945,6.210000038146973,6.539999961853027,715500,0.0,0.0
2025-03-03 00:00:00-05:00,6.559999942779541,6.75,6.0,6.010000228881836,686300,0.0,0.0
2025-03-04 00:00:00-05:00,5.909999847412109,6.309999942779541,5.769999980926514,6.190000057220459,773100,0.0,0.0
2025-03-05 00:00:00-05:00,6.190000057220459,6.235000133514404,6.079999923706055,6.110000133514404,361000,0.0,0.0
2025-03-06 00:00:00-05:00,6.0,6.079999923706055,5.474999904632568,5.505000114440918,811000,0.0,0.0
2025-03-07 00:00:00-05:00,5.510000228881836,5.610000133514404,5.190000057220459,5.409999847412109,534400,0.0,0.0
2025-03-10 00:00:00-04:00,5.289999961853027,5.335999965667725,4.909999847412109,4.980000019073486,761800,0.0,0.0
2025-03-11 00:00:00-04:00,5.090000152587891,5.235000133514404,5.010000228881836,5.099999904632568,688400,0.0,0.0
2025-03-12 00:00:00-04:00,5.21999979019165,5.329999923706055,5.054999828338623,5.21999979019165,371700,0.0,0.0
2025-03-13 00:00:00-04:00,5.199999809265137,5.199999809265137,4.909999847412109,4.980000019073486,309100,0.0,0.0
2025-03-14 00:00:00-04:00,5.070000171661377,5.210000038146973,5.070000171661377,5.179999828338623,268500,0.0,0.0
2025-03-17 00:00:00-04:00,5.190000057220459,5.519999980926514,5.190000057220459,5.5,492000,0.0,0.0
2025-03-18 00:00:00-04:00,5.409999847412109,5.460000038146973,5.175000190734863,5.400000095367432,374500,0.0,0.0
2025-03-19 00:00:00-04:00,5.409999847412109,5.590000152587891,5.40500020980835,5.519999980926514,274800,0.0,0.0
2025-03-20 00:00:00-04:00,5.449999809265137,5.599999904632568,5.385000228881836,5.420000076293945,244500,0.0,0.0
2025-03-21 00:00:00-04:00,5.309999942779541,5.449999809265137,5.270999908447266,5.400000095367432,1368000,0.0,0.0
2025-03-24 00:00:00-04:00,5.53000020980835,5.599999904632568,5.420000076293945,5.53000020980835,292400,0.0,0.0
2025-03-25 00:00:00-04:00,5.539999961853027,5.541999816894531,5.409999847412109,5.519999980926514,258600,0.0,0.0
2025-03-26 00:00:00-04:00,5.5,5.519999980926514,5.150000095367432,5.230000019073486,404900,0.0,0.0
2025-03-27 00:00:00-04:00,5.190000057220459,5.309999942779541,5.130000114440918,5.199999809265137,245400,0.0,0.0
2025-03-28 00:00:00-04:00,5.170000076293945,5.170000076293945,4.894999980926514,4.96999979019165,369500,0.0,0.0
2025-03-31 00:00:00-04:00,4.869999885559082,4.88100004196167,4.710000038146973,4.829999923706055,522600,0.0,0.0
2025-04-01 00:00:00-04:00,4.78000020980835,4.934999942779541,4.710000038146973,4.929999828338623,345700,0.0,0.0
2025-04-02 00:00:00-04:00,4.849999904632568,5.050000190734863,4.75,5.019999980926514,384100,0.0,0.0
2025-04-03 00:00:00-04:00,4.739999771118164,4.815000057220459,4.539999961853027,4.730000019073486,704900,0.0,0.0
2025-04-04 00:00:00-04:00,4.5,4.610000133514404,4.329999923706055,4.510000228881836,560000,0.0,0.0
2025-04-07 00:00:00-04:00,4.239999771118164,4.78000020980835,4.070000171661377,4.420000076293945,464800,0.0,0.0
2025-04-08 00:00:00-04:00,4.650000095367432,4.761000156402588,4.190000057220459,4.260000228881836,444100,0.0,0.0
2025-04-09 00:00:00-04:00,4.239999771118164,4.974999904632568,4.204999923706055,4.739999771118164,613700,0.0,0.0
2025-04-10 00:00:00-04:00,4.539999961853027,4.625,4.309999942779541,4.510000228881836,434400,0.0,0.0
2025-04-11 00:00:00-04:00,4.519999980926514,4.59499979019165,4.380000114440918,4.559999942779541,326800,0.0,0.0
2025-04-14 00:00:00-04:00,4.690000057220459,4.710000038146973,4.389999866485596,4.53000020980835,441700,0.0,0.0
2025-04-15 00:00:00-04:00,4.539999961853027,4.65500020980835,4.480000019073486,4.650000095367432,308900,0.0,0.0
2025-04-16 00:00:00-04:00,4.579999923706055,4.78000020980835,4.539999961853027,4.690000057220459,340500,0.0,0.0
2025-04-17 00:00:00-04:00,4.699999809265137,4.764999866485596,4.521999835968018,4.690000057220459,358800,0.0,0.0
2025-04-21 00:00:00-04:00,4.630000114440918,4.639999866485596,4.349999904632568,4.400000095367432,254100,0.0,0.0
2025-04-22 00:00:00-04:00,4.480000019073486,4.702000141143799,4.420000076293945,4.46999979019165,340800,0.0,0.0
2025-04-23 00:00:00-04:00,4.690000057220459,4.795000076293945,4.559999942779541,4.570000171661377,310100,0.0,0.0
2025-04-24 00:00:00-04:00,4.599999904632568,4.690000057220459,3.940000057220459,4.46999979019165,2812700,0.0,0.0
2025-04-25 00:00:00-04:00,4.449999809265137,4.525000095367432,4.400000095367432,4.510000228881836,426700,0.0,0.0
2025-04-28 00:00:00-04:00,4.53000020980835,4.611000061035156,4.380000114440918,4.460000038146973,270900,0.0,0.0
2025-04-29 00:00:00-04:00,4.449999809265137,4.459000110626221,4.320000171661377,4.409999847412109,392400,0.0,0.0
2025-04-30 00:00:00-04:00,4.349999904632568,4.420000076293945,4.2179999351501465,4.400000095367432,319500,0.0,0.0
2025-05-01 00:00:00-04:00,4.46999979019165,4.53000020980835,4.400000095367432,4.460000038146973,224000,0.0,0.0
2025-05-02 00:00:00-04:00,4.510000228881836,4.610000133514404,4.510000228881836,4.539999961853027,183400,0.0,0.0
2025-05-05 00:00:00-04:00,4.5,4.670000076293945,4.46999979019165,4.599999904632568,248500,0.0,0.0
2025-05-06 00:00:00-04:00,4.510000228881836,4.53000020980835,4.429999828338623,4.5,214900,0.0,0.0
2025-05-07 00:00:00-04:00,4.550000190734863,4.59499979019165,4.46999979019165,4.519999980926514,287300,0.0,0.0
2025-05-08 00:00:00-04:00,4.949999809265137,5.630000114440918,4.949999809265137,5.25,744900,0.0,0.0
2025-05-09 00:00:00-04:00,5.239999771118164,5.329999923706055,5.130000114440918,5.21999979019165,411300,0.0,0.0
2025-05-12 00:00:00-04:00,5.449999809265137,5.480000019073486,5.119999885559082,5.300000190734863,410200,0.0,0.0
2025-05-13 00:00:00-04:00,5.300000190734863,5.449999809265137,5.260000228881836,5.329999923706055,508600,0.0,0.0
2025-05-14 00:00:00-04:00,5.329999923706055,5.480000019073486,5.28000020980835,5.409999847412109,471300,0.0,0.0
2025-05-15 00:00:00-04:00,5.400000095367432,5.400000095367432,5.235000133514404,5.320000171661377,275900,0.0,0.0
2025-05-16 00:00:00-04:00,5.329999923706055,5.429999828338623,5.260000228881836,5.409999847412109,319600,0.0,0.0
2025-05-19 00:00:00-04:00,5.300000190734863,5.443999767303467,5.269000053405762,5.289999961853027,253400,0.0,0.0
2025-05-20 00:00:00-04:00,5.28000020980835,5.340000152587891,5.195000171661377,5.329999923706055,460900,0.0,0.0
2025-05-21 00:00:00-04:00,5.25,5.929999828338623,5.210000038146973,5.559999942779541,1593700,0.0,0.0
2025-05-22 00:00:00-04:00,5.539999961853027,6.139999866485596,5.5,5.980000019073486,1636100,0.0,0.0
2025-05-23 00:00:00-04:00,5.78000020980835,5.888999938964844,5.59499979019165,5.630000114440918,714800,0.0,0.0
2025-05-27 00:00:00-04:00,5.730000019073486,5.974999904632568,5.630000114440918,5.949999809265137,604900,0.0,0.0
2025-05-28 00:00:00-04:00,5.940000057220459,6.050000190734863,5.699999809265137,5.849999904632568,512800,0.0,0.0
2025-05-29 00:00:00-04:00,5.900000095367432,5.920000076293945,5.635000228881836,5.650000095367432,237900,0.0,0.0
2025-05-30 00:00:00-04:00,5.630000114440918,5.860000133514404,5.519999980926514,5.699999809265137,275100,0.0,0.0
2025-06-02 00:00:00-04:00,5.690000057220459,5.820000171661377,5.599999904632568,5.690000057220459,393600,0.0,0.0
2025-06-03 00:00:00-04:00,5.710000038146973,5.960000038146973,5.670000076293945,5.920000076293945,399900,0.0,0.0
2025-06-04 00:00:00-04:00,5.920000076293945,5.989999771118164,5.78000020980835,5.820000171661377,281900,0.0,0.0
2025-06-05 00:00:00-04:00,5.869999885559082,5.96999979019165,5.78000020980835,5.800000190734863,271400,0.0,0.0
2025-06-06 00:00:00-04:00,5.920000076293945,5.929999828338623,5.670000076293945,5.679999828338623,286500,0.0,0.0
2025-06-09 00:00:00-04:00,5.710000038146973,5.710000038146973,5.550000190734863,5.630000114440918,353100,0.0,0.0
2025-06-10 00:00:00-04:00,5.650000095367432,5.679999828338623,5.525000095367432,5.590000152587891,252100,0.0,0.0
2025-06-11 00:00:00-04:00,5.619999885559082,5.669000148773193,5.414999961853027,5.429999828338623,262000,0.0,0.0
2025-06-12 00:00:00-04:00,5.380000114440918,5.460000038146973,5.230000019073486,5.269999980926514,373900,0.0,0.0
2025-06-13 00:00:00-04:00,5.170000076293945,5.224999904632568,5.014999866485596,5.039999961853027,398900,0.0,0.0
2025-06-16 00:00:00-04:00,5.090000152587891,5.2820000648498535,5.019999980926514,5.110000133514404,309500,0.0,0.0
2025-06-17 00:00:00-04:00,5.059999942779541,5.21999979019165,5.010000228881836,5.139999866485596,303500,0.0,0.0
2025-06-18 00:00:00-04:00,5.119999885559082,5.139999866485596,4.989999771118164,5.079999923706055,366700,0.0,0.0
2025-06-20 00:00:00-04:00,5.150000095367432,5.179999828338623,4.994999885559082,5.0,465600,0.0,0.0
2025-06-23 00:00:00-04:00,4.949999809265137,5.170000076293945,4.900000095367432,5.110000133514404,412900,0.0,0.0
2025-06-24 00:00:00-04:00,5.190000057220459,5.474999904632568,5.111000061035156,5.440000057220459,409600,0.0,0.0
2025-06-25 00:00:00-04:00,5.460000038146973,5.482999801635742,5.349999904632568,5.349999904632568,248800,0.0,0.0
2025-06-26 00:00:00-04:00,5.349999904632568,5.505000114440918,5.291999816894531,5.46999979019165,262700,0.0,0.0
2025-06-27 00:00:00-04:00,5.489999771118164,5.494999885559082,5.329999923706055,5.46999979019165,1567400,0.0,0.0
2025-06-30 00:00:00-04:00,5.550000190734863,5.5980000495910645,5.454999923706055,5.5,368500,0.0,0.0
2025-07-01 00:00:00-04:00,5.46999979019165,5.519999980926514,5.230000019073486,5.360000133514404,323400,0.0,0.0
2025-07-02 00:00:00-04:00,5.340000152587891,5.489999771118164,5.275000095367432,5.420000076293945,290400,0.0,0.0
2025-07-03 00:00:00-04:00,5.449999809265137,5.730000019073486,5.420000076293945,5.610000133514404,257900,0.0,0.0
2025-07-07 00:00:00-04:00,5.559999942779541,5.610000133514404,5.449999809265137,5.480000019073486,275600,0.0,0.0
2025-07-08 00:00:00-04:00,5.519999980926514,5.567999839782715,5.360000133514404,5.409999847412109,315400,0.0,0.0
2025-07-09 00:00:00-04:00,5.460000038146973,5.534999847412109,5.369999885559082,5.53000020980835,257600,0.0,0.0
2025-07-10 00:00:00-04:00,5.510000228881836,5.510000228881836,5.320000171661377,5.349999904632568,237300,0.0,0.0
2025-07-11 00:00:00-04:00,5.309999942779541,5.329999923706055,5.110000133514404,5.159999847412109,265200,0.0,0.0
2025-07-14 00:00:00-04:00,5.139999866485596,5.228000164031982,5.119999885559082,5.159999847412109,170200,0.0,0.0
2025-07-15 00:00:00-04:00,5.210000038146973,5.235000133514404,5.079999923706055,5.090000152587891,225700,0.0,0.0
2025-07-16 00:00:00-04:00,5.052000045776367,5.260000228881836,5.039999961853027,5.239999771118164,291700,0.0,0.0
2025-07-17 00:00:00-04:00,5.260000228881836,5.369999885559082,5.230000019073486,5.28000020980835,233600,0.0,0.0
2025-07-18 00:00:00-04:00,5.329999923706055,5.340000152587891,5.179999828338623,5.275000095367432,412700,0.0,0.0
2025-07-21 00:00:00-04:00,5.340000152587891,5.449999809265137,5.288000106811523,5.420000076293945,272900,0.0,0.0
2025-07-22 00:00:00-04:00,5.429999828338623,5.545000076293945,5.315000057220459,5.389999866485596,321800,0.0,0.0
2025-07-23 00:00:00-04:00,5.420000076293945,5.5,5.309999942779541,5.489999771118164,266300,0.0,0.0
2025-07-24 00:00:00-04:00,5.489999771118164,5.5,5.400000095367432,5.420000076293945,216400,0.0,0.0
2025-07-25 00:00:00-04:00,5.449999809265137,5.5289998054504395,5.400000095367432,5.449999809265137,198100,0.0,0.0
2025-07-28 00:00:00-04:00,5.480000019073486,5.538000106811523,5.429999828338623,5.449999809265137,269300,0.0,0.0
2025-07-29 00:00:00-04:00,5.489999771118164,5.489999771118164,5.150000095367432,5.159999847412109,272400,0.0,0.0
2025-07-30 00:00:00-04:00,5.199999809265137,5.248000144958496,5.090000152587891,5.130000114440918,270700,0.0,0.0
2025-07-31 00:00:00-04:00,5.150000095367432,5.1620001792907715,4.940000057220459,4.989999771118164,446400,0.0,0.0
2025-08-01 00:00:00-04:00,4.916999816894531,5.005000114440918,4.650000095367432,4.889999866485596,551500,0.0,0.0
2025-08-04 00:00:00-04:00,4.949999809265137,5.188000202178955,4.920000076293945,5.170000076293945,357600,0.0,0.0
2025-08-05 00:00:00-04:00,5.170000076293945,5.360000133514404,5.130000114440918,5.349999904632568,524800,0.0,0.0
2025-08-06 00:00:00-04:00,5.360000133514404,5.389999866485596,5.25,5.349999904632568,444000,0.0,0.0
2025-08-07 00:00:00-04:00,5.664999961853027,6.71999979019165,5.630000114440918,6.679999828338623,1925700,0.0,0.0
2025-08-08 00:00:00-04:00,6.400000095367432,7.195000171661377,6.300000190734863,7.139999866485596,1964000,0.0,0.0
2025-08-11 00:00:00-04:00,7.070000171661377,7.409999847412109,6.909999847412109,7.369999885559082,1065000,0.0,0.0
2025-08-12 00:00:00-04:00,7.440000057220459,7.875,7.360000133514404,7.869999885559082,1060000,0.0,0.0
2025-08-13 00:00:00-04:00,7.920000076293945,8.15999984741211,7.75,7.900000095367432,806400,0.0,0.0
2025-08-14 00:00:00-04:00,7.559999942779541,7.75,7.489999771118164,7.619999885559082,672500,0.0,0.0
2025-08-15 00:00:00-04:00,7.650000095367432,7.800000190734863,7.553999900817871,7.679999828338623,415200,0.0,0.0
2025-08-18 00:00:00-04:00,7.659999847412109,7.699999809265137,7.5,7.550000190734863,455900,0.0,0.0
2025-08-19 00:00:00-04:00,7.550000190734863,7.889999866485596,7.341000080108643,7.760000228881836,700800,0.0,0.0
2025-08-20 00:00:00-04:00,7.690000057220459,8.050000190734863,7.570000171661377,7.650000095367432,570100,0.0,0.0
2025-08-21 00:00:00-04:00,7.559999942779541,7.920000076293945,7.510000228881836,7.730000019073486,542300,0.0,0.0
2025-08-22 00:00:00-04:00,7.769999980926514,8.25,7.650000095367432,8.220000267028809,977000,0.0,0.0
2025-08-25 00:00:00-04:00,8.1899995803833,8.36400032043457,8.050000190734863,8.069999694824219,623200,0.0,0.0
2025-08-26 00:00:00-04:00,7.985000133514404,8.229999542236328,7.985000133514404,8.119999885559082,344800,0.0,0.0
2025-08-27 00:00:00-04:00,8.149999618530273,8.479999542236328,8.140000343322754,8.199999809265137,596000,0.0,0.0
2025-08-28 00:00:00-04:00,8.210000038146973,8.649999618530273,8.210000038146973,8.399999618530273,527300,0.0,0.0
2025-08-29 00:00:00-04:00,8.449999809265137,8.470000267028809,8.170000076293945,8.350000381469727,528100,0.0,0.0
2025-09-02 00:00:00-04:00,8.0600004196167,8.513999938964844,7.909999847412109,8.1899995803833,702200,0.0,0.0
2025-09-03 00:00:00-04:00,8.279999732971191,8.40999984741211,8.069999694824219,8.399999618530273,809000,0.0,0.0
2025-09-04 00:00:00-04:00,8.319999694824219,8.770000457763672,8.229999542236328,8.6899995803833,625700,0.0,0.0
2025-09-05 00:00:00-04:00,8.729999542236328,8.850000381469727,8.574999809265137,8.699999809265137,529200,0.0,0.0
2025-09-08 00:00:00-04:00,8.779999732971191,9.239999771118164,8.710000038146973,9.140000343322754,1089800,0.0,0.0
2025-09-09 00:00:00-04:00,9.140000343322754,9.399999618530273,9.0600004196167,9.220000267028809,732700,0.0,0.0
2025-09-10 00:00:00-04:00,9.1899995803833,9.890000343322754,9.1850004196167,9.819999694824219,2006900,0.0,0.0
2025-09-11 00:00:00-04:00,9.880000114440918,9.918000221252441,9.430000305175781,9.460000038146973,1615900,0.0,0.0
2025-09-12 00:00:00-04:00,9.399999618530273,9.595000267028809,9.270000457763672,9.449999809265137,915100,0.0,0.0
2025-09-15 00:00:00-04:00,9.460000038146973,9.890000343322754,9.460000038146973,9.779999732971191,786700,0.0,0.0
2025-09-16 00:00:00-04:00,9.770000457763672,9.920000076293945,9.510000228881836,9.550000190734863,480200,0.0,0.0
2025-09-17 00:00:00-04:00,9.539999961853027,9.720000267028809,9.4399995803833,9.529999732971191,541700,0.0,0.0
2025-09-18 00:00:00-04:00,9.630000114440918,9.779000282287598,9.574999809265137,9.720000267028809,534600,0.0,0.0
2025-09-19 00:00:00-04:00,9.699999809265137,10.119999885559082,9.65999984741211,9.989999771118164,1889000,0.0,0.0
2025-09-22 00:00:00-04:00,10.0,10.829999923706055,9.914999961853027,10.75,1252900,0.0,0.0
2025-09-23 00:00:00-04:00,10.729999542236328,10.8149995803833,10.524999618530273,10.529999732971191,822600,0.0,0.0
2025-09-24 00:00:00-04:00,10.524999618530273,10.649999618530273,10.144000053405762,10.460000038146973,748900,0.0,0.0
2025-09-25 00:00:00-04:00,10.260000228881836,10.300000190734863,9.729999542236328,9.789999961853027,1209500,0.0,0.0
2025-09-26 00:00:00-04:00,9.779999732971191,9.864999771118164,9.449999809265137,9.539999961853027,554000,0.0,0.0
2025-09-29 00:00:00-04:00,9.729999542236328,9.84000015258789,9.539999961853027,9.649999618530273,495800,0.0,0.0
2025-09-30 00:00:00-04:00,9.619999885559082,9.710000038146973,9.079999923706055,9.279999732971191,652000,0.0,0.0
2025-10-01 00:00:00-04:00,9.170000076293945,9.319999694824219,9.09000015258789,9.119999885559082,495200,0.0,0.0
2025-10-02 00:00:00-04:00,9.180000305175781,9.649999618530273,9.100000381469727,9.640000343322754,683700,0.0,0.0
2025-10-03 00:00:00-04:00,9.649999618530273,9.864999771118164,9.510000228881836,9.6899995803833,461300,0.0,0.0
2025-10-06 00:00:00-04:00,9.829999923706055,9.829999923706055,9.520000457763672,9.539999961853027,429200,0.0,0.0
2025-10-07 00:00:00-04:00,9.550000190734863,9.595000267028809,9.218999862670898,9.369999885559082,449000,0.0,0.0
2025-10-08 00:00:00-04:00,9.430000305175781,10.350000381469727,9.239999771118164,10.220000267028809,777700,0.0,0.0
2025-10-09 00:00:00-04:00,10.170000076293945,10.170000076293945,9.8149995803833,9.989999771118164,383100,0.0,0.0
2025-10-10 00:00:00-04:00,10.0,10.180000305175781,9.40999984741211,9.4399995803833,552900,0.0,0.0
2025-10-13 00:00:00-04:00,9.699999809265137,9.704999923706055,9.149999618530273,9.4399995803833,510100,0.0,0.0
2025-10-14 00:00:00-04:00,9.1899995803833,9.482999801635742,9.0600004196167,9.119999885559082,454600,0.0,0.0
2025-10-15 00:00:00-04:00,9.289999961853027,9.489999771118164,9.229999542236328,9.470000267028809,440800,0.0,0.0
2025-10-16 00:00:00-04:00,9.5,9.97700023651123,9.359999656677246,9.479999542236328,343400,0.0,0.0
2025-10-17 00:00:00-04:00,9.399999618530273,9.529999732971191,9.100000381469727,9.130000114440918,369000,0.0,0.0
2025-10-20 00:00:00-04:00,9.239999771118164,9.33899974822998,9.140000343322754,9.210000038146973,271400,0.0,0.0
2025-10-21 00:00:00-04:00,9.199999809265137,9.270000457763672,9.0,9.149999618530273,258900,0.0,0.0
2025-10-22 00:00:00-04:00,9.180000305175781,9.65999984741211,9.039999961853027,9.649999618530273,477600,0.0,0.0
2025-10-23 00:00:00-04:00,9.699999809265137,10.609999656677246,9.520000457763672,10.5,798700,0.0,0.0
2025-10-24 00:00:00-04:00,10.6899995803833,10.720000267028809,10.390000343322754,10.4399995803833,416300,0.0,0.0
2025-10-27 00:00:00-04:00,10.569999694824219,10.649999618530273,10.289999961853027,10.399999618530273,372800,0.0,0.0
2025-10-28 00:00:00-04:00,10.399999618530273,10.857999801635742,10.3100004196167,10.720000267028809,510400,0.0,0.0
2025-10-29 00:00:00-04:00,10.770000457763672,10.770000457763672,10.350000381469727,10.529999732971191,555100,0.0,0.0
2025-10-30 00:00:00-04:00,10.40999984741211,10.6899995803833,10.329999923706055,10.34000015258789,359200,0.0,0.0
2025-10-31 00:00:00-04:00,10.5,10.630000114440918,10.199999809265137,10.3100004196167,301000,0.0,0.0
2025-11-03 00:00:00-05:00,10.390000343322754,10.550000190734863,10.083000183105469,10.40999984741211,462200,0.0,0.0
2025-11-04 00:00:00-05:00,9.998000144958496,10.335000038146973,9.539999961853027,9.65999984741211,651500,0.0,0.0
2025-11-05 00:00:00-05:00,9.739999771118164,9.850000381469727,9.25,9.34000015258789,617300,0.0,0.0
2025-11-06 00:00:00-05:00,8.399999618530273,8.550000190734863,6.119999885559082,6.179999828338623,2654200,0.0,0.0
2025-11-07 00:00:00-05:00,6.184999942779541,6.21999979019165,5.789999961853027,5.800000190734863,1618200,0.0,0.0
2025-11-10 00:00:00-05:00,6.090000152587891,6.156000137329102,5.574999809265137,5.610000133514404,1218500,0.0,0.0
2025-11-11 00:00:00-05:00,5.539999961853027,5.809999942779541,5.449999809265137,5.630000114440918,1039300,0.0,0.0
2025-11-12 00:00:00-05:00,5.639999866485596,5.679999828338623,5.28000020980835,5.440000057220459,1186500,0.0,0.0
2025-11-13 00:00:00-05:00,5.380000114440918,5.380000114440918,5.080999851226807,5.099999904632568,1061800,0.0,0.0
2025-11-14 00:00:00-05:00,4.96999979019165,5.079999923706055,4.889999866485596,4.929999828338623,607900,0.0,0.0
2025-11-17 00:00:00-05:00,4.920000076293945,4.954999923706055,4.545000076293945,4.550000190734863,1237000,0.0,0.0
2025-11-18 00:00:00-05:00,4.5,4.659999847412109,4.489999771118164,4.550000190734863,958000,0.0,0.0
2025-11-19 00:00:00-05:00,4.550000190734863,4.699999809265137,4.400000095367432,4.429999828338623,681100,0.0,0.0
2025-11-20 00:00:00-05:00,4.579999923706055,4.659999847412109,4.320000171661377,4.329999923706055,821200,0.0,0.0
2025-11-21 00:00:00-05:00,4.260000228881836,4.380000114440918,4.130000114440918,4.320000171661377,1115400,0.0,0.0
2025-11-24 00:00:00-05:00,4.380000114440918,4.599999904632568,4.329999923706055,4.559999942779541,1075000,0.0,0.0
2025-11-25 00:00:00-05:00,4.519999980926514,4.769999980926514,4.420000076293945,4.599999904632568,682400,0.0,0.0
2025-11-26 00:00:00-05:00,4.619999885559082,4.679999828338623,4.5,4.639999866485596,626700,0.0,0.0
2025-11-28 00:00:00-05:00,4.690000057220459,4.78000020980835,4.590000152587891,4.739999771118164,680000,0.0,0.0
2025-12-01 00:00:00-05:00,4.639999866485596,4.730000019073486,4.449999809265137,4.559999942779541,644000,0.0,0.0
2025-12-02 00:00:00-05:00,4.590000152587891,4.699999809265137,4.551000118255615,4.599999904632568,532200,0.0,0.0
2025-12-03 00:00:00-05:00,4.579999923706055,4.755000114440918,4.5,4.730000019073486,644500,0.0,0.0
2025-12-04 00:00:00-05:00,4.75,4.928999900817871,4.675000190734863,4.860000133514404,542800,0.0,0.0
2025-12-05 00:00:00-05:00,4.860000133514404,5.0,4.789999961853027,4.989999771118164,725600,0.0,0.0
2025-12-08 00:00:00-05:00,5.019999980926514,5.110000133514404,4.860000133514404,5.0,638200,0.0,0.0
2025-12-09 00:00:00-05:00,4.960000038146973,5.050000190734863,4.849999904632568,5.0,964600,0.0,0.0
2025-12-10 00:00:00-05:00,4.980000019073486,5.090000152587891,4.909999847412109,5.03000020980835,824800,0.0,0.0
2025-12-11 00:00:00-05:00,4.980000019073486,5.010000228881836,4.84499979019165,4.900000095367432,636400,0.0,0.0
2025-12-12 00:00:00-05:00,4.889999866485596,4.914999961853027,4.760000228881836,4.800000190734863,511000,0.0,0.0
2025-12-15 00:00:00-05:00,4.800000190734863,4.84499979019165,4.570000171661377,4.579999923706055,1271800,0.0,0.0
2025-12-16 00:00:00-05:00,4.550000190734863,4.699999809265137,4.514999866485596,4.539999961853027,1240300,0.0,0.0
2025-12-17 00:00:00-05:00,4.570000171661377,4.690000057220459,4.440000057220459,4.449999809265137,991500,0.0,0.0
2025-12-18 00:00:00-05:00,4.570000171661377,4.681000232696533,4.539999961853027,4.599999904632568,2044200,0.0,0.0
2025-12-19 00:00:00-05:00,4.619999885559082,4.934999942779541,4.619999885559082,4.820000171661377,1101300,0.0,0.0
2025-12-22 00:00:00-05:00,4.840000152587891,4.974999904632568,4.820000171661377,4.849999904632568,687900,0.0,0.0
2025-12-23 00:00:00-05:00,4.78000020980835,4.889999866485596,4.760000228881836,4.78000020980835,370500,0.0,0.0
2025-12-24 00:00:00-05:00,4.78000020980835,4.864999771118164,4.78000020980835,4.800000190734863,203800,0.0,0.0
2025-12-26 00:00:00-05:00,4.800000190734863,4.849999904632568,4.760000228881836,4.840000152587891,523600,0.0,0.0
2025-12-29 00:00:00-05:00,4.820000171661377,4.889999866485596,4.710000038146973,4.78000020980835,589300,0.0,0.0
2025-12-30 00:00:00-05:00,4.760000228881836,4.920000076293945,4.730000019073486,4.75,527300,0.0,0.0
2025-12-31 00:00:00-05:00,4.739999771118164,4.809999942779541,4.630000114440918,4.659999847412109,668200,0.0,0.0
2026-01-02 00:00:00-05:00,4.739999771118164,4.800000190734863,4.670000076293945,4.739999771118164,470600,0.0,0.0
2026-01-05 00:00:00-05:00,4.800000190734863,5.085000038146973,4.800000190734863,5.0,601500,0.0,0.0
2026-01-06 00:00:00-05:00,4.989999771118164,5.179999828338623,4.860000133514404,5.170000076293945,613700,0.0,0.0
2026-01-07 00:00:00-05:00,5.159999847412109,5.199999809265137,5.045000076293945,5.150000095367432,828900,0.0,0.0
2026-01-08 00:00:00-05:00,5.130000114440918,5.170000076293945,5.0,5.119999885559082,459500,0.0,0.0
2026-01-09 00:00:00-05:00,5.110000133514404,5.139999866485596,4.909999847412109,5.0,482400,0.0,0.0
2026-01-12 00:00:00-05:00,5.0,5.239999771118164,4.974999904632568,5.150000095367432,535900,0.0,0.0
2026-01-13 00:00:00-05:00,5.139999866485596,5.21999979019165,4.880000114440918,4.940000057220459,568200,0.0,0.0
2026-01-14 00:00:00-05:00,4.909999847412109,4.960000038146973,4.828000068664551,4.889999866485596,501600,0.0,0.0
2026-01-15 00:00:00-05:00,4.949999809265137,5.03000020980835,4.835000038146973,4.889999866485596,445300,0.0,0.0
2026-01-16 00:00:00-05:00,4.940000057220459,4.994999885559082,4.809999942779541,4.860000133514404,466800,0.0,0.0
2026-01-20 00:00:00-05:00,4.699999809265137,4.800000190734863,4.599999904632568,4.699999809265137,713500,0.0,0.0
2026-01-21 00:00:00-05:00,4.71999979019165,4.769999980926514,4.539999961853027,4.679999828338623,870800,0.0,0.0
2026-01-22 00:00:00-05:00,4.789999961853027,4.900000095367432,4.730000019073486,4.860000133514404,459600,0.0,0.0
2026-01-23 00:00:00-05:00,4.849999904632568,4.925000190734863,4.789999961853027,4.849999904632568,419100,0.0,0.0
2026-01-26 00:00:00-05:00,4.860000133514404,4.945000171661377,4.789999961853027,4.809999942779541,292700,0.0,0.0
2026-01-27 00:00:00-05:00,4.840000152587891,5.039999961853027,4.760000228881836,4.949999809265137,596200,0.0,0.0
2026-01-28 00:00:00-05:00,4.989999771118164,5.043000221252441,4.784999847412109,4.800000190734863,417300,0.0,0.0
2026-01-29 00:00:00-05:00,4.860000133514404,4.860000133514404,4.550000190734863,4.639999866485596,1007600,0.0,0.0
2026-01-30 00:00:00-05:00,4.599999904632568,4.65500020980835,4.485000133514404,4.550000190734863,708000,0.0,0.0
2026-02-02 00:00:00-05:00,4.53000020980835,4.75,4.46999979019165,4.489999771118164,654600,0.0,0.0
2026-02-03 00:00:00-05:00,4.53000020980835,4.550000190734863,4.170000076293945,4.260000228881836,766100,0.0,0.0
2026-02-04 00:00:00-05:00,4.21999979019165,4.289999961853027,4.010000228881836,4.199999809265137,1210900,0.0,0.0
2026-02-05 00:00:00-05:00,4.110000133514404,4.204999923706055,3.950000047683716,4.0,1058100,0.0,0.0
2026-02-06 00:00:00-05:00,4.099999904632568,4.175000190734863,3.9649999141693115,4.099999904632568,713200,0.0,0.0
2026-02-09 00:00:00-05:00,4.099999904632568,4.199999809265137,4.0269999504089355,4.130000114440918,362600,0.0,0.0
2026-02-10 00:00:00-05:00,4.150000095367432,4.235000133514404,4.03000020980835,4.059999942779541,576400,0.0,0.0
2026-02-11 00:00:00-05:00,4.119999885559082,4.119999885559082,3.8299999237060547,4.0,916700,0.0,0.0
2026-02-12 00:00:00-05:00,4.019999980926514,4.03000020980835,3.8510000705718994,3.9800000190734863,825800,0.0,0.0
2026-02-13 00:00:00-05:00,3.950000047683716,4.329999923706055,3.9200000762939453,4.289999961853027,833700,0.0,0.0
2026-02-17 00:00:00-05:00,4.25,4.25,3.944999933242798,4.03000020980835,1213500,0.0,0.0
2026-02-18 00:00:00-05:00,4.135000228881836,4.440000057220459,4.0,4.309999942779541,1537100,0.0,0.0
2026-02-19 00:00:00-05:00,4.269999980926514,4.349999904632568,4.179999828338623,4.349999904632568,740000,0.0,0.0
2026-02-20 00:00:00-05:00,4.320000171661377,4.489999771118164,4.289999961853027,4.400000095367432,955900,0.0,0.0
2026-02-23 00:00:00-05:00,4.380000114440918,4.539999961853027,4.269999980926514,4.369999885559082,1817500,0.0,0.0
2026-02-24 00:00:00-05:00,3.8499999046325684,4.289999961853027,3.674999952316284,3.759999990463257,4066000,0.0,0.0
2026-02-25 00:00:00-05:00,3.799999952316284,4.039999961853027,3.75,3.930000066757202,2444400,0.0,0.0
2026-02-26 00:00:00-05:00,3.9100000858306885,4.014999866485596,3.75,3.8399999141693115,880100,0.0,0.0
2026-02-27 00:00:00-05:00,3.7799999713897705,3.859999895095825,3.700000047683716,3.759999990463257,851600,0.0,0.0
2026-03-02 00:00:00-05:00,3.75,4.010000228881836,3.740000009536743,3.880000114440918,988400,0.0,0.0
2026-03-03 00:00:00-05:00,3.75,3.944999933242798,3.700000047683716,3.890000104904175,1449100,0.0,0.0
2026-03-04 00:00:00-05:00,3.890000104904175,3.9749999046325684,3.8299999237060547,3.8299999237060547,756000,0.0,0.0
2026-03-05 00:00:00-05:00,3.8299999237060547,3.9149999618530273,3.75,3.75,724900,0.0,0.0
2026-03-06 00:00:00-05:00,3.75,3.8550000190734863,3.75,3.7899999618530273,767800,0.0,0.0
2026-03-09 00:00:00-04:00,3.75,3.875,3.6700000762939453,3.8399999141693115,2107300,0.0,0.0
2026-03-10 00:00:00-04:00,3.8299999237060547,3.8550000190734863,3.7100000381469727,3.809999942779541,932000,0.0,0.0
2026-03-11 00:00:00-04:00,3.7899999618530273,3.9549999237060547,3.75,3.7699999809265137,822400,0.0,0.0
2026-03-12 00:00:00-04:00,3.75,3.825000047683716,3.75,3.759999990463257,801300,0.0,0.0
2026-03-13 00:00:00-04:00,3.740000009536743,3.8299999237060547,3.5399999618530273,3.640000104904175,1124500,0.0,0.0
2026-03-16 00:00:00-04:00,3.690000057220459,3.744999885559082,3.569999933242798,3.640000104904175,510800,0.0,0.0
2026-03-17 00:00:00-04:00,3.630000114440918,3.7200000286102295,3.6050000190734863,3.690000057220459,581400,0.0,0.0
2026-03-18 00:00:00-04:00,3.6700000762939453,3.7100000381469727,3.565000057220459,3.609999895095825,413500,0.0,0.0
2026-03-19 00:00:00-04:00,3.559999942779541,3.7100000381469727,3.549999952316284,3.6500000953674316,390500,0.0,0.0
2026-03-20 00:00:00-04:00,3.640000104904175,3.700000047683716,3.569999933242798,3.6600000858306885,557000,0.0,0.0
2026-03-23 00:00:00-04:00,3.609999895095825,3.690000057220459,3.569999933242798,3.6500000953674316,559500,0.0,0.0
2026-03-24 00:00:00-04:00,3.609999895095825,3.619999885559082,3.5199999809265137,3.559999942779541,504700,0.0,0.0
2026-03-25 00:00:00-04:00,3.619999885559082,3.6500000953674316,3.5199999809265137,3.630000114440918,538800,0.0,0.0
2026-03-26 00:00:00-04:00,3.569999933242798,3.674999952316284,3.494999885559082,3.509999990463257,337600,0.0,0.0
2026-03-27 00:00:00-04:00,3.4800000190734863,3.4800000190734863,3.359999895095825,3.4000000953674316,633900,0.0,0.0
2026-03-30 00:00:00-04:00,3.430000066757202,3.4600000381469727,3.260999917984009,3.309999942779541,543500,0.0,0.0
2026-03-31 00:00:00-04:00,3.3499999046325684,3.484999895095825,3.3299999237060547,3.450000047683716,503300,0.0,0.0
2026-04-01 00:00:00-04:00,3.509999990463257,3.634999990463257,3.4800000190734863,3.569999933242798,502200,0.0,0.0
2026-04-02 00:00:00-04:00,3.4700000286102295,3.6500000953674316,3.4700000286102295,3.640000104904175,485000,0.0,0.0
2026-04-06 00:00:00-04:00,3.6500000953674316,3.799999952316284,3.625,3.700000047683716,416000,0.0,0.0
2026-04-07 00:00:00-04:00,3.6700000762939453,3.7200000286102295,3.565000057220459,3.619999885559082,574000,0.0,0.0
2026-04-08 00:00:00-04:00,3.700000047683716,3.805000066757202,3.565000057220459,3.5999999046325684,473900,0.0,0.0
2026-04-09 00:00:00-04:00,3.5899999141693115,3.6050000190734863,3.3499999046325684,3.4800000190734863,555000,0.0,0.0
2026-04-10 00:00:00-04:00,3.569999933242798,3.569999933242798,3.3949999809265137,3.430000066757202,404200,0.0,0.0
2026-04-13 00:00:00-04:00,3.4100000858306885,3.5399999618530273,3.4100000858306885,3.509999990463257,325800,0.0,0.0
2026-04-14 00:00:00-04:00,3.559999942779541,3.5999999046325684,3.5,3.5799999237060547,357900,0.0,0.0
2026-04-15 00:00:00-04:00,3.5999999046325684,3.825000047683716,3.555000066757202,3.819999933242798,1077900,0.0,0.0
2026-04-16 00:00:00-04:00,3.8550000190734863,4.03000020980835,3.759999990463257,4.0,663400,0.0,0.0
2026-04-17 00:00:00-04:00,4.03000020980835,4.159999847412109,4.03000020980835,4.099999904632568,510800,0.0,0.0
2026-04-20 00:00:00-04:00,4.039999961853027,4.150000095367432,4.014999866485596,4.130000114440918,348200,0.0,0.0
2026-04-21 00:00:00-04:00,4.150000095367432,4.269999980926514,4.099999904632568,4.159999847412109,597300,0.0,0.0
2026-04-22 00:00:00-04:00,4.210000038146973,4.239999771118164,4.144999980926514,4.179999828338623,329800,0.0,0.0
2026-04-23 00:00:00-04:00,4.150000095367432,4.195000171661377,3.9649999141693115,4.03000020980835,419400,0.0,0.0
2026-04-24 00:00:00-04:00,4.039999961853027,4.210000038146973,3.9700000286102295,4.210000038146973,322800,0.0,0.0
2026-04-27 00:00:00-04:00,4.199999809265137,4.264999866485596,4.139999866485596,4.199999809265137,339000,0.0,0.0
2026-04-28 00:00:00-04:00,4.179999828338623,4.389999866485596,4.150000095367432,4.289999961853027,422600,0.0,0.0
2026-04-29 00:00:00-04:00,4.289999961853027,4.315000057220459,4.135000228881836,4.179999828338623,487000,0.0,0.0
2026-04-30 00:00:00-04:00,4.199999809265137,4.340000152587891,4.190000057220459,4.28000020980835,365900,0.0,0.0
2026-05-01 00:00:00-04:00,4.289999961853027,4.460000038146973,4.289999961853027,4.449999809265137,358500,0.0,0.0
2026-05-04 00:00:00-04:00,4.429999828338623,4.75,4.429999828338623,4.639999866485596,5355000,0.0,0.0
2026-05-05 00:00:00-04:00,7.429999828338623,8.420000076293945,7.119999885559082,7.590000152587891,37172900,0.0,0.0
2026-05-06 00:00:00-04:00,7.760000228881836,8.15999984741211,6.940000057220459,7.400000095367432,5314800,0.0,0.0
2026-05-07 00:00:00-04:00,7.380000114440918,7.659999847412109,7.260000228881836,7.5,2313800,0.0,0.0
2026-05-08 00:00:00-04:00,7.610000133514404,7.849999904632568,7.199999809265137,7.480000019073486,2515900,0.0,0.0
2026-05-11 00:00:00-04:00,7.130000114440918,7.449999809265137,6.994999885559082,7.150000095367432,1981600,0.0,0.0
2026-05-12 00:00:00-04:00,7.164999961853027,7.239999771118164,6.695000171661377,7.03000020980835,1460300,0.0,0.0
2026-05-13 00:00:00-04:00,7.0,7.489999771118164,6.724999904632568,7.369999885559082,1514400,0.0,0.0
2026-05-14 00:00:00-04:00,7.260000228881836,7.570000171661377,7.050000190734863,7.269999980926514,1384000,0.0,0.0
2026-05-15 00:00:00-04:00,7.125,7.125,6.869999885559082,7.03000020980835,1114800,0.0,0.0
2026-05-18 00:00:00-04:00,6.989999771118164,7.75,6.909999847412109,7.409999847412109,1514400,0.0,0.0
2026-05-19 00:00:00-04:00,7.349999904632568,7.590000152587891,7.142000198364258,7.510000228881836,1191700,0.0,0.0
2026-05-20 00:00:00-04:00,7.440000057220459,7.760000228881836,7.202000141143799,7.429999828338623,1922400,0.0,0.0
2026-05-21 00:00:00-04:00,7.380000114440918,7.550000190734863,7.28000020980835,7.369999885559082,918000,0.0,0.0
2026-05-22 00:00:00-04:00,7.389999866485596,7.730000019073486,7.289999961853027,7.670000076293945,1254900,0.0,0.0
2026-05-26 00:00:00-04:00,7.670000076293945,7.945000171661377,7.46999979019165,7.769999980926514,1760000,0.0,0.0
2026-05-27 00:00:00-04:00,7.71999979019165,7.78000020980835,7.369999885559082,7.639999866485596,1190500,0.0,0.0
2026-05-28 00:00:00-04:00,7.639999866485596,7.769999980926514,7.610000133514404,7.650000095367432,1041100,0.0,0.0
2026-05-29 00:00:00-04:00,7.739999771118164,8.4399995803833,7.639999866485596,8.279999732971191,2917400,0.0,0.0
