Date,Open,High,Low,Close,Volume,Dividends,Stock Splits,Capital Gains
2024-01-16 00:00:00-05:00,23.76548957824707,23.76548957824707,23.76548957824707,23.76548957824707,0,0.0,0.0,0.0
2024-01-17 00:00:00-05:00,23.76548957824707,23.76548957824707,23.76548957824707,23.76548957824707,0,0.0,0.0,0.0
2024-01-18 00:00:00-05:00,23.87005734741683,23.94182777404785,23.83203169531098,23.94182777404785,1174,0.0,0.0,0.0
2024-01-19 00:00:00-05:00,23.94610736456836,24.193268669197913,23.94610736456836,24.17397117614746,68956,0.0,0.0,0.0
2024-01-22 00:00:00-05:00,24.335861028510998,24.335861028510998,24.19802075754907,24.291942596435547,22489,0.0,0.0,0.0
2024-01-23 00:00:00-05:00,24.27882715463327,24.30734458420611,24.27882715463327,24.28605079650879,1576,0.0,0.0,0.0
2024-01-24 00:00:00-05:00,24.454688345739534,24.459440645709392,24.2956485748291,24.2956485748291,19348,0.0,0.0,0.0
2024-01-25 00:00:00-05:00,24.40240422232329,24.430923461914062,24.40240422232329,24.430923461914062,14291,0.0,0.0,0.0
2024-01-26 00:00:00-05:00,24.47845053652333,24.487956948485966,24.449931300635413,24.45905876159668,25453,0.0,0.0,0.0
2024-01-29 00:00:00-05:00,24.430922479386247,24.63055170900448,24.430922479386247,24.628080368041992,5471,0.0,0.0,0.0
2024-01-30 00:00:00-05:00,24.52598331183007,24.621045628094798,24.52598331183007,24.597280502319336,12838,0.0,0.0,0.0
2024-01-31 00:00:00-05:00,24.64005631831967,24.64005631831967,24.297832734693806,24.313993453979492,22990,0.0,0.0,0.0
2024-02-01 00:00:00-05:00,24.386908364481602,24.531593322753906,24.278823912089027,24.531593322753906,26896,0.0,0.0,0.0
2024-02-02 00:00:00-05:00,24.40240334901641,24.592527979824908,24.40240334901641,24.56191635131836,2290,0.0,0.0,0.0
2024-02-05 00:00:00-05:00,24.278823336239448,24.40839195251465,24.278823336239448,24.40839195251465,124,0.0,0.0,0.0
2024-02-06 00:00:00-05:00,24.459438271199268,24.554500579833984,24.459438271199268,24.554500579833984,6786,0.0,0.0,0.0
2024-02-07 00:00:00-05:00,24.602032766049383,24.649564830693322,24.564008927497103,24.602603912353516,31694,0.0,0.0,0.0
2024-02-08 00:00:00-05:00,24.59243379658943,24.64006014904899,24.59243379658943,24.627607345581055,16329,0.0,0.0,0.0
2024-02-09 00:00:00-05:00,24.706601879143662,24.75413394452644,24.706601879143662,24.738542556762695,22644,0.0,0.0,0.0
2024-02-12 00:00:00-05:00,24.858699687284968,24.868206099912275,24.85594367980957,24.85594367980957,11060,0.0,0.0,0.0
2024-02-13 00:00:00-05:00,24.46894716467577,24.506972817250777,24.334814811989283,24.41913414001465,36902,0.0,0.0,0.0
2024-02-14 00:00:00-05:00,24.64956338668293,24.687587223007718,24.64956338668293,24.676084518432617,87968,0.0,0.0,0.0
2024-02-15 00:00:00-05:00,24.811170220881777,24.96326920139656,24.811170220881777,24.952051162719727,87870,0.0,0.0,0.0
2024-02-16 00:00:00-05:00,24.929998537202554,24.929998537202554,24.887220584109567,24.89159393310547,9936,0.0,0.0,0.0
2024-02-20 00:00:00-05:00,24.86649524194708,24.86649524194708,24.773144551649953,24.830183029174805,23302,0.0,0.0,0.0
2024-02-21 00:00:00-05:00,24.773145798502107,24.858701705932617,24.773145798502107,24.858701705932617,15124,0.0,0.0,0.0
2024-02-22 00:00:00-05:00,25.072591662122477,25.1628998703469,25.072591662122477,25.16071319580078,14007,0.0,0.0,0.0
2024-02-23 00:00:00-05:00,25.13438318442614,25.155771255493164,25.124876770675346,25.155771255493164,13383,0.0,0.0,0.0
2024-02-26 00:00:00-05:00,25.238946289513894,25.238946289513894,25.14388579271913,25.152536392211914,18523,0.0,0.0,0.0
2024-02-27 00:00:00-05:00,25.180961996227094,25.196170806884766,25.16289926711744,25.196170806884766,6020,0.0,0.0,0.0
2024-02-28 00:00:00-05:00,25.12487342685134,25.14388625182255,25.077341364423315,25.086563110351562,9258,0.0,0.0,0.0
2024-02-29 00:00:00-05:00,25.162898145738612,25.203014373779297,25.162898145738612,25.203014373779297,14078,0.0,0.0,0.0
2024-03-01 00:00:00-05:00,25.381540453467217,25.39608383178711,25.362527628998645,25.39608383178711,30376,0.0,0.0,0.0
2024-03-04 00:00:00-05:00,25.39104721297735,25.39114331061063,25.358821868896484,25.358821868896484,45402,0.0,0.0,0.0
2024-03-05 00:00:00-05:00,25.16289490017405,25.224685668945312,25.16289490017405,25.224685668945312,11163,0.0,0.0,0.0
2024-03-06 00:00:00-05:00,25.467097736182545,25.467097736182545,25.400648944551897,25.419281005859375,8210,0.0,0.0,0.0
2024-03-07 00:00:00-05:00,25.61919779141408,25.638208804553976,25.609691378262678,25.61225700378418,8084,0.0,0.0,0.0
2024-03-08 00:00:00-05:00,25.638204602269383,25.638300699888006,25.562345504760742,25.562345504760742,43803,0.0,0.0,0.0
2024-03-11 00:00:00-04:00,25.419564789104342,25.51605224609375,25.419564789104342,25.51605224609375,54275,0.0,0.0,0.0
2024-03-12 00:00:00-04:00,25.571663242241833,25.68031883239746,25.571663242241833,25.68031883239746,22722,0.0,0.0,0.0
2024-03-13 00:00:00-04:00,25.706655295845987,25.714259701517417,25.666729446326464,25.685171127319336,1904,0.0,0.0,0.0
2024-03-14 00:00:00-04:00,25.524134484592814,25.567862532865494,25.433824469733352,25.513391494750977,5014,0.0,0.0,0.0
2024-03-15 00:00:00-04:00,25.49561472841893,25.49561472841893,25.481356016115075,25.48316192626953,5007,0.0,0.0,0.0
2024-03-18 00:00:00-04:00,25.590679456506745,25.590679456506745,25.549707412719727,25.549707412719727,10785,0.0,0.0,0.0
2024-03-19 00:00:00-04:00,25.657220761502337,25.657220761502337,25.61919692334801,25.6507568359375,19015,0.0,0.0,0.0
2024-03-20 00:00:00-04:00,25.67147841711318,25.913887401371603,25.67147841711318,25.893259048461914,70471,0.0,0.0,0.0
2024-03-21 00:00:00-04:00,25.99944293164896,26.037466767698685,25.98993651934584,26.00153350830078,79877,0.0,0.0,0.0
2024-03-22 00:00:00-04:00,25.970923813069447,25.970923813069447,25.85209637848318,25.878713607788086,8259,0.0,0.0,0.0
2024-03-25 00:00:00-04:00,25.828330751739813,25.86635458722308,25.81055450439453,25.81055450439453,36522,0.0,0.0,0.0
2024-03-26 00:00:00-04:00,25.884087388684762,25.893617830501352,25.81356430053711,25.81356430053711,11542,0.068459,0.0,0.0
2024-03-27 00:00:00-04:00,25.95070699318637,26.07097816467285,25.938031849548867,26.07097816467285,12870,0.0,0.0,0.0
2024-03-28 00:00:00-04:00,26.093658160739263,26.155699648906044,26.093658160739263,26.149410247802734,4192,0.0,0.0,0.0
2024-04-01 00:00:00-04:00,26.112813793115215,26.112813793115215,26.017511188118334,26.055156707763672,38121,0.0,0.0,0.0
2024-04-02 00:00:00-04:00,25.893619951064554,25.893619951064554,25.855498180676214,25.88666343688965,27405,0.0,0.0,0.0
2024-04-03 00:00:00-04:00,25.969861169988544,25.969861169988544,25.94651222229004,25.94651222229004,6469,0.0,0.0,0.0
2024-04-04 00:00:00-04:00,26.122347258921813,26.122347258921813,25.674427326661764,25.730655670166016,19102,0.0,0.0,0.0
2024-04-05 00:00:00-04:00,25.73160778953293,25.865030359355433,25.71254690305938,25.862361907958984,19756,0.0,0.0,0.0
2024-04-08 00:00:00-04:00,25.903151643529725,25.903151643529725,25.888856887817383,25.888856887817383,38170,0.0,0.0,0.0
2024-04-09 00:00:00-04:00,25.93173921391939,25.96033054095011,25.88408881994753,25.944225311279297,13966,0.0,0.0,0.0
2024-04-10 00:00:00-04:00,25.71254382755629,25.71254382755629,25.58388558586802,25.623245239257812,23225,0.0,0.0,0.0
2024-04-11 00:00:00-04:00,25.560061104522102,25.722074989208508,25.48381938336062,25.708541870117188,31507,0.0,0.0,0.0
2024-04-12 00:00:00-04:00,25.56006134804345,25.56006134804345,25.264624902946206,25.293787002563477,8893,0.0,0.0,0.0
2024-04-15 00:00:00-04:00,25.42663831033589,25.42663831033589,25.1026105439781,25.14511489868164,19852,0.0,0.0,0.0
2024-04-16 00:00:00-04:00,24.969190302195653,25.016840700240504,24.969190302195653,24.985010147094727,52249,0.0,0.0,0.0
2024-04-17 00:00:00-04:00,25.007309673373033,25.007309673373033,24.89952278137207,24.89952278137207,2955,0.0,0.0,0.0
2024-04-18 00:00:00-04:00,24.94059698625982,25.026369150105925,24.875696182250977,24.875696182250977,82942,0.0,0.0,0.0
2024-04-19 00:00:00-04:00,24.97080605796057,24.978715070315687,24.91295811284697,24.93230438232422,32358,0.0,0.0,0.0
2024-04-22 00:00:00-04:00,25.016933044134895,25.15026107844417,25.0168385213424,25.13977813720703,19118,0.0,0.0,0.0
2024-04-23 00:00:00-04:00,25.31704337505133,25.378988529149876,25.312277244584568,25.350399017333984,17635,0.0,0.0,0.0
2024-04-24 00:00:00-04:00,25.34086665173349,25.351634979248047,25.269389242123847,25.351634979248047,6941,0.0,0.0,0.0
2024-04-25 00:00:00-04:00,25.045431883561946,25.32180746255237,25.04533554301561,25.255477905273438,13223,0.0,0.0,0.0
2024-04-26 00:00:00-04:00,25.378987200582817,25.407578528648152,25.378987200582817,25.395952224731445,4164,0.0,0.0,0.0
2024-04-29 00:00:00-04:00,25.54100221569937,25.54100221569937,25.502882261012747,25.538524627685547,8125,0.0,0.0,0.0
2024-04-30 00:00:00-04:00,25.407577824942013,25.407577824942013,25.188383102416992,25.188383102416992,24034,0.0,0.0,0.0
2024-05-01 00:00:00-04:00,25.093081675968733,25.312276408801807,25.07611846923828,25.07611846923828,64131,0.0,0.0,0.0
2024-05-02 00:00:00-04:00,25.293219814589325,25.378990173339844,25.16932586287336,25.378990173339844,32060,0.0,0.0,0.0
2024-05-03 00:00:00-04:00,25.550534800553436,25.56006524446051,25.470957502562996,25.552345275878906,16016,0.0,0.0,0.0
2024-05-06 00:00:00-04:00,25.712546682312052,25.712546682312052,25.674426727438398,25.69930076599121,42600,0.0,0.0,0.0
2024-05-07 00:00:00-04:00,25.78202224062866,25.788787891727292,25.731607051692446,25.732179641723633,43347,0.0,0.0,0.0
2024-05-08 00:00:00-04:00,25.72208100678998,25.731611451383028,25.72208100678998,25.72875213623047,24999,0.0,0.0,0.0
2024-05-09 00:00:00-04:00,25.893622668916407,25.9460391998291,25.865031338124144,25.9460391998291,17156,0.0,0.0,0.0
2024-05-10 00:00:00-04:00,25.97939431214787,25.98892475555035,25.969863868745392,25.98406410217285,7793,0.0,0.0,0.0
2024-05-13 00:00:00-04:00,26.09375393124474,26.09375393124474,25.99845314025879,25.99845314025879,55404,0.0,0.0,0.0
2024-05-14 00:00:00-04:00,26.11281478501461,26.121963500976562,26.103284342378306,26.121963500976562,8879,0.0,0.0,0.0
2024-05-15 00:00:00-04:00,26.265299703920174,26.300180435180664,26.265299703920174,26.300180435180664,16754,0.0,0.0,0.0
2024-05-16 00:00:00-04:00,26.28912462023088,26.303421193705955,26.236709909976103,26.274829864501953,43449,0.0,0.0,0.0
2024-05-17 00:00:00-04:00,26.246239431275267,26.322481155395508,26.246239431275267,26.322481155395508,5231,0.0,0.0,0.0
2024-05-20 00:00:00-04:00,26.293890750637953,26.293890750637953,26.274829864501953,26.274829864501953,8591,0.0,0.0,0.0
2024-05-21 00:00:00-04:00,26.217649081245195,26.241283416748047,26.217649081245195,26.241283416748047,25861,0.0,0.0,0.0
2024-05-22 00:00:00-04:00,26.14140618152151,26.189056577082,26.007983619755286,26.083271026611328,30880,0.0,0.0,0.0
2024-05-23 00:00:00-04:00,26.1223472443265,26.1223472443265,25.788788997289075,25.807849884033203,25040,0.0,0.0,0.0
2024-05-24 00:00:00-04:00,25.93173931799518,25.93173931799518,25.903149808595728,25.922210693359375,11255,0.0,0.0,0.0
2024-05-28 00:00:00-04:00,25.82691155931451,25.845399856567383,25.817381115651465,25.845399856567383,3646,0.0,0.0,0.0
2024-05-29 00:00:00-04:00,25.626775023694545,25.626775023694545,25.550533294677734,25.550533294677734,18938,0.0,0.0,0.0
2024-05-30 00:00:00-04:00,25.66489484606588,25.7411365692869,25.66489484606588,25.7230281829834,29502,0.0,0.0,0.0
2024-05-31 00:00:00-04:00,25.83643841657387,26.01751136779785,25.80784708955355,26.01751136779785,13265,0.0,0.0,0.0
2024-06-03 00:00:00-04:00,25.94127082824707,26.01751255269413,25.922211760444878,25.94127082824707,52271,0.0,0.0,0.0
2024-06-04 00:00:00-04:00,25.817380012791254,25.817380012791254,25.769729614257812,25.769729614257812,51730,0.0,0.0,0.0
2024-06-05 00:00:00-04:00,25.858358237002744,25.912681579589844,25.858358237002744,25.912681579589844,15279,0.0,0.0,0.0
2024-06-06 00:00:00-04:00,25.96033171379536,25.9698621565695,25.94127082824707,25.94127082824707,11543,0.0,0.0,0.0
2024-06-07 00:00:00-04:00,25.931740850480278,25.931740850480278,25.788787841796875,25.788787841796875,34687,0.0,0.0,0.0
2024-06-10 00:00:00-04:00,25.78001978978376,25.845969434307726,25.78001978978376,25.84177589416504,6801,0.0,0.0,0.0
2024-06-11 00:00:00-04:00,25.72207566567516,25.759243119447824,25.72207566567516,25.74113655090332,3024,0.0,0.0,0.0
2024-06-12 00:00:00-04:00,26.10328471991533,26.10328471991533,25.8840899893483,25.94127082824707,12377,0.0,0.0,0.0
2024-06-13 00:00:00-04:00,25.72207525870588,25.73160570116917,25.693483931316006,25.703014373779297,21114,0.0,0.0,0.0
2024-06-14 00:00:00-04:00,25.531470905912187,25.531850814819336,25.531470905912187,25.531850814819336,2243,0.0,0.0,0.0
2024-06-17 00:00:00-04:00,25.56006079667201,25.73160512165574,25.540999912174705,25.693483352661133,20323,0.0,0.0,0.0
2024-06-18 00:00:00-04:00,25.80784855492149,25.855404428783615,25.80784855492149,25.817378997802734,9644,0.0,0.0,0.0
2024-06-20 00:00:00-04:00,25.84597064232654,25.893621039569013,25.84597064232654,25.855499267578125,25360,0.0,0.0,0.0
2024-06-21 00:00:00-04:00,25.9889233341729,25.9889233341729,25.80784855492149,25.817378997802734,14284,0.0,0.0,0.0
2024-06-24 00:00:00-04:00,26.103283359722898,26.131874686555488,26.03657208152618,26.04610252380371,62950,0.0,0.0,0.0
2024-06-25 00:00:00-04:00,25.922213336624566,25.922213336624566,25.89362200656366,25.904390335083008,12743,0.0,0.0,0.0
2024-06-26 00:00:00-04:00,25.807849884033203,25.845971657521464,25.807849884033203,25.807849884033203,24463,0.0,0.0,0.0
2024-06-27 00:00:00-04:00,25.76980116076165,25.856019973754883,25.741062774571727,25.856019973754883,56642,0.140282,0.0,0.0
2024-06-28 00:00:00-04:00,25.95181542122287,25.95181542122287,25.788957887936633,25.828235626220703,9269,0.0,0.0,0.0
2024-07-01 00:00:00-04:00,25.769798539552685,25.80811882019043,25.760218469393248,25.80811882019043,58166,0.0,0.0,0.0
2024-07-02 00:00:00-04:00,25.836856299682722,25.846436369507046,25.769797638123933,25.8272762298584,27908,0.0,0.0,0.0
2024-07-03 00:00:00-04:00,25.990136275734862,26.009296417236328,25.96139789069433,26.009296417236328,18966,0.0,0.0,0.0
2024-07-05 00:00:00-04:00,25.95277174436478,26.008335416267183,25.95277174436478,26.00086212158203,9888,0.0,0.0,0.0
2024-07-08 00:00:00-04:00,25.980556226995606,25.980556226995606,25.942235946655273,25.942235946655273,30913,0.0,0.0,0.0
2024-07-09 00:00:00-04:00,25.913497924804688,25.913497924804688,25.894339610228133,25.913497924804688,7209,0.0,0.0,0.0
2024-07-10 00:00:00-04:00,26.018875478276577,26.171195491042337,26.018875478276577,26.1691837310791,19042,0.0,0.0,0.0
2024-07-11 00:00:00-04:00,26.44996998938477,26.473535537719727,26.44996998938477,26.473535537719727,12707,0.0,0.0,0.0
2024-07-12 00:00:00-04:00,26.737365002360747,26.766105214239925,26.68946647644043,26.68946647644043,12264,0.0,0.0,0.0
2024-07-15 00:00:00-04:00,26.83316536741393,26.83316536741393,26.69550323486328,26.69550323486328,1822,0.0,0.0,0.0
2024-07-16 00:00:00-04:00,26.909800268263357,27.197195053100586,26.909800268263357,27.197195053100586,19002,0.0,0.0,0.0
2024-07-17 00:00:00-04:00,27.043918971392383,27.062600382517132,27.015180587768555,27.015180587768555,10757,0.0,0.0,0.0
2024-07-18 00:00:00-04:00,27.06307830891258,27.07265837890678,26.802888870239258,26.802888870239258,7437,0.0,0.0,0.0
2024-07-19 00:00:00-04:00,26.59366690039417,26.59366690039417,26.564926689268248,26.574506759643555,8839,0.0,0.0,0.0
2024-07-22 00:00:00-04:00,26.59366695559036,26.794842952254598,26.59366695559036,26.746944427490234,25422,0.0,0.0,0.0
2024-07-23 00:00:00-04:00,26.60324684055784,26.679788733759707,26.593666770229422,26.599510192871094,10070,0.0,0.0,0.0
2024-07-24 00:00:00-04:00,26.469129736345444,26.469129736345444,26.3543643951416,26.3543643951416,23166,0.0,0.0,0.0
2024-07-25 00:00:00-04:00,26.531395830290613,26.584085300717945,26.47870635986328,26.47870635986328,7399,0.0,0.0,0.0
2024-07-26 00:00:00-04:00,26.727789270300796,26.804428020540616,26.727789270300796,26.775114059448242,2819,0.0,0.0,0.0
2024-07-29 00:00:00-04:00,26.67988590828246,26.794843099232143,26.67988590828246,26.769649505615234,24071,0.0,0.0,0.0
2024-07-30 00:00:00-04:00,26.84274418128272,26.900222778320312,26.84274418128272,26.900222778320312,18795,0.0,0.0,0.0
2024-07-31 00:00:00-04:00,27.063080271100695,27.225937818386935,27.05953548049679,27.139719009399414,8048,0.0,0.0,0.0
2024-08-01 00:00:00-04:00,26.593667487528418,26.68946636618495,26.593667487528418,26.688507080078125,17271,0.0,0.0,0.0
2024-08-02 00:00:00-04:00,26.172154705809653,26.296693801879883,26.172154705809653,26.296693801879883,9515,0.0,0.0,0.0
2024-08-05 00:00:00-04:00,25.424924831883352,25.731479764305053,25.424924831883352,25.597360610961914,28569,0.0,0.0,0.0
2024-08-06 00:00:00-04:00,25.84643864147699,25.932465593040327,25.798540115356445,25.798540115356445,19152,0.0,0.0,0.0
2024-08-07 00:00:00-04:00,25.865598081866022,25.865598081866022,25.68358039855957,25.68358039855957,75724,0.0,0.0,0.0
2024-08-08 00:00:00-04:00,26.04761929495333,26.124258041381836,26.038039223248283,26.124258041381836,8855,0.0,0.0,0.0
2024-08-09 00:00:00-04:00,26.172154272150088,26.220054626464844,26.162574201287136,26.220054626464844,12929,0.0,0.0,0.0
2024-08-12 00:00:00-04:00,26.08593530942938,26.114675521850586,26.08593530942938,26.114675521850586,5215,0.0,0.0,0.0
2024-08-13 00:00:00-04:00,26.340852207994477,26.440387725830078,26.340852207994477,26.440387725830078,12258,0.0,0.0,0.0
2024-08-14 00:00:00-04:00,26.488288805222567,26.488288805222567,26.382911682128906,26.382911682128906,393613,0.0,0.0,0.0
2024-08-15 00:00:00-04:00,26.67030535684598,26.77568430265906,26.641565146021076,26.70623016357422,20322,0.0,0.0,0.0
2024-08-16 00:00:00-04:00,26.852322166974137,26.948119212194502,26.833162027045457,26.861902236938477,19974,0.0,0.0,0.0
2024-08-19 00:00:00-04:00,26.871482077726387,27.063079833984375,26.871482077726387,27.063079833984375,10590,0.0,0.0,0.0
2024-08-20 00:00:00-04:00,26.92896588951481,26.948124205782083,26.909805746035687,26.925037384033203,8226,0.0,0.0,0.0
2024-08-21 00:00:00-04:00,27.110977172851562,27.130137313081086,27.110977172851562,27.110977172851562,13655,0.0,0.0,0.0
2024-08-22 00:00:00-04:00,27.07265771061146,27.07265771061146,26.962392807006836,26.962392807006836,8425,0.0,0.0,0.0
2024-08-23 00:00:00-04:00,27.331314284506828,27.455851537718225,27.331314284506828,27.452306747436523,14246,0.0,0.0,0.0
2024-08-26 00:00:00-04:00,27.54207012638859,27.54207012638859,27.455851325902977,27.50374984741211,353600,0.0,0.0,0.0
2024-08-27 00:00:00-04:00,27.49896167450466,27.49896167450466,27.455852272775136,27.48602867126465,32656,0.0,0.0,0.0
2024-08-28 00:00:00-04:00,27.379216971684098,27.398377114235057,27.332275901482486,27.340898513793945,23625,0.0,0.0,0.0
2024-08-29 00:00:00-04:00,27.52865986227967,27.532491524939363,27.41753433630225,27.427112579345703,17259,0.0,0.0,0.0
2024-08-30 00:00:00-04:00,27.505956710236962,27.616987228393555,27.505956710236962,27.616987228393555,1858,0.0,0.0,0.0
2024-09-03 00:00:00-04:00,27.178040258959946,27.18761850277782,27.101401517934953,27.184362411499023,14890,0.0,0.0,0.0
2024-09-04 00:00:00-04:00,27.26904891369695,27.26904891369695,27.110980478348257,27.17037582397461,6701,0.0,0.0,0.0
2024-09-05 00:00:00-04:00,27.09181963577659,27.09181963577659,26.976860618318426,26.987398147583008,18561,0.0,0.0,0.0
2024-09-06 00:00:00-04:00,26.83316032655116,26.83316032655116,26.65114266318672,26.660722732543945,25352,0.0,0.0,0.0
2024-09-09 00:00:00-04:00,26.919381582119353,26.919381582119353,26.824540165868896,26.855005264282227,16471,0.0,0.0,0.0
2024-09-10 00:00:00-04:00,26.785260522283195,26.813905715942383,26.785260522283195,26.813905715942383,8974,0.0,0.0,0.0
2024-09-11 00:00:00-04:00,26.536188897106847,26.812278747558594,26.536188897106847,26.812278747558594,15590,0.0,0.0,0.0
2024-09-12 00:00:00-04:00,26.823676910336648,26.991804122924805,26.823676910336648,26.991804122924805,19603,0.0,0.0,0.0
2024-09-13 00:00:00-04:00,27.187616748411877,27.227853775024414,27.187616748411877,27.227853775024414,2166,0.0,0.0,0.0
2024-09-16 00:00:00-04:00,27.254676617047867,27.3887939453125,27.254676617047867,27.3887939453125,1836,0.0,0.0,0.0
2024-09-17 00:00:00-04:00,27.407954910216624,27.407954910216624,27.331316173586785,27.3696346282959,1840,0.0,0.0,0.0
2024-09-18 00:00:00-04:00,27.35047149658203,27.379211704879857,27.31311050484285,27.35047149658203,10126,0.0,0.0,0.0
2024-09-19 00:00:00-04:00,27.69534970395723,27.762408370078273,27.69534970395723,27.73386001586914,142526,0.0,0.0,0.0
2024-09-20 00:00:00-04:00,27.57081413269043,27.59955251866919,27.57081413269043,27.57081413269043,4098,0.0,0.0,0.0
2024-09-23 00:00:00-04:00,27.72409031724987,27.72409031724987,27.657031650156803,27.68577003479004,15365,0.0,0.0,0.0
2024-09-24 00:00:00-04:00,27.839048102363137,27.896528527275535,27.839048102363137,27.867788314819336,20449,0.0,0.0,0.0
2024-09-25 00:00:00-04:00,27.80072778516149,27.80072778516149,27.618710106214213,27.6282901763916,58620,0.0,0.0,0.0
2024-09-26 00:00:00-04:00,27.9156874542766,28.011486337354444,27.9156874542766,27.982746124267578,58637,0.0,0.0,0.0
2024-09-27 00:00:00-04:00,28.096393845091878,28.163840313031145,28.019311904907227,28.019311904907227,15084,0.167949,0.0,0.0
2024-09-30 00:00:00-04:00,28.038483336826264,28.086660694427113,27.951863333171833,28.05900764465332,41419,0.0,0.0,0.0
2024-10-01 00:00:00-04:00,28.00003793807585,28.00003793807585,27.95619773864746,27.95619773864746,25386,0.0,0.0,0.0
2024-10-02 00:00:00-04:00,27.92295735409223,27.931243896484375,27.898869593805276,27.931243896484375,22977,0.0,0.0,0.0
2024-10-03 00:00:00-04:00,27.74952446546047,27.768795410138804,27.73989083089974,27.755403518676758,63438,0.0,0.0,0.0
2024-10-04 00:00:00-04:00,27.90368552394637,27.922956466674805,27.82660359081087,27.922956466674805,24904,0.0,0.0,0.0
2024-10-07 00:00:00-04:00,27.826603550882307,27.8362390222327,27.739887984285268,27.797698974609375,46057,0.0,0.0,0.0
2024-10-08 00:00:00-04:00,27.595358692347492,27.749522563651688,27.595358692347492,27.71579933166504,61112,0.0,0.0,0.0
2024-10-09 00:00:00-04:00,27.682076384443462,27.807335679778106,27.682076384443462,27.803577423095703,17477,0.0,0.0,0.0
2024-10-10 00:00:00-04:00,27.691709428523094,27.759155887277263,27.682073957589903,27.73025131225586,18427,0.0,0.0,0.0
2024-10-11 00:00:00-04:00,27.94222929809256,28.01931123643823,27.94222929809256,28.008712768554688,10758,0.0,0.0,0.0
2024-10-14 00:00:00-04:00,28.07711941409882,28.11566129829438,28.05785030977923,28.089452743530273,15744,0.0,0.0,0.0
2024-10-15 00:00:00-04:00,28.10602654399839,28.10602654399839,27.836238861083984,27.836238861083984,8292,0.0,0.0,0.0
2024-10-16 00:00:00-04:00,28.05785379388876,28.086758372846493,28.019311904907227,28.019311904907227,9243,0.0,0.0,0.0
2024-10-17 00:00:00-04:00,27.951862335205078,27.97113327755739,27.922955921676618,27.951862335205078,22795,0.0,0.0,0.0
2024-10-18 00:00:00-04:00,28.02894446955006,28.067388952287374,28.00967352705838,28.0385799407959,11008,0.0,0.0,0.0
2024-10-21 00:00:00-04:00,27.691712426496647,27.710983370449352,27.662806010567596,27.672441482543945,15930,0.0,0.0,0.0
2024-10-22 00:00:00-04:00,27.5953582563808,27.68207566234169,27.5953582563808,27.643535614013672,9855,0.0,0.0,0.0
2024-10-23 00:00:00-04:00,27.51827550895836,27.51827550895836,27.36411164464428,27.4692325592041,5639,0.0,0.0,0.0
2024-10-24 00:00:00-04:00,27.383383089693314,27.47010049468378,27.383383089693314,27.43155860900879,6816,0.0,0.0,0.0
2024-10-25 00:00:00-04:00,27.421924558376066,27.421924558376066,27.267760683245083,27.296667098999023,98162,0.0,0.0,0.0
2024-10-28 00:00:00-04:00,27.412289737580696,27.470100728807633,27.412289737580696,27.456707000732422,46023,0.0,0.0,0.0
2024-10-29 00:00:00-04:00,27.373747671152817,27.373747671152817,27.267759323120117,27.267759323120117,4879,0.0,0.0,0.0
2024-10-30 00:00:00-04:00,27.354476139620452,27.354476139620452,27.161772228354952,27.17140769958496,14404,0.0,0.0,0.0
2024-10-31 00:00:00-04:00,27.060601496110838,27.103960199033434,27.060601496110838,27.065420150756836,10876,0.0,0.0,0.0
2024-11-01 00:00:00-04:00,27.219583470884686,27.219583470884686,27.075055076648024,27.09432601928711,42189,0.0,0.0,0.0
2024-11-04 00:00:00-05:00,27.14250273814952,27.17140915338618,27.094327217200078,27.161773681640625,18978,0.0,0.0,0.0
2024-11-05 00:00:00-05:00,27.338769574375174,27.47973451058667,27.338769574375174,27.441192626953125,104061,0.0,0.0,0.0
2024-11-06 00:00:00-05:00,27.633898542598878,27.768791460604618,27.604992129692715,27.74884605407715,19458,0.0,0.0,0.0
2024-11-07 00:00:00-05:00,27.92295601258936,27.932591483796887,27.913320541381836,27.913320541381836,3741,0.0,0.0,0.0
2024-11-08 00:00:00-05:00,27.797698520509392,27.797698520509392,27.768792106930427,27.788063049316406,12917,0.0,0.0,0.0
2024-11-11 00:00:00-05:00,27.922860700488943,27.92295626495725,27.836238861083984,27.836238861083984,35563,0.0,0.0,0.0
2024-11-12 00:00:00-05:00,27.556820917482078,27.576091862429976,27.53754997253418,27.53754997253418,13527,0.0,0.0,0.0
2024-11-13 00:00:00-05:00,27.547184158692144,27.547184158692144,27.441195804206295,27.482242584228516,26703,0.0,0.0,0.0
2024-11-14 00:00:00-05:00,27.470101950711786,27.470101950711786,27.402655484983875,27.421924591064453,38808,0.0,0.0,0.0
2024-11-15 00:00:00-05:00,27.229218982686408,27.229218982686408,27.172370988261356,27.21958351135254,27471,0.0,0.0,0.0
2024-11-18 00:00:00-05:00,27.344842329829255,27.345807163455635,27.248491287231445,27.248491287231445,65954,0.0,0.0,0.0
2024-11-19 00:00:00-05:00,27.1521384068553,27.258126759046892,27.1521384068553,27.248491287231445,193703,0.0,0.0,0.0
2024-11-20 00:00:00-05:00,27.12323208454972,27.209949493408203,27.113596612701183,27.209949493408203,8569,0.0,0.0,0.0
2024-11-21 00:00:00-05:00,27.238856137739653,27.46046647878232,27.22922066581019,27.421924591064453,16192,0.0,0.0,0.0
2024-11-22 00:00:00-05:00,27.609813381852568,27.633901142651684,27.556819205427512,27.624265670776367,15330,0.0,0.0,0.0
2024-11-25 00:00:00-05:00,27.923436558617425,27.92468992332075,27.865144073243943,27.898481369018555,43583,0.0,0.0,0.0
2024-11-26 00:00:00-05:00,27.672440744855308,27.771780014038086,27.66280527313582,27.771780014038086,26176,0.0,0.0,0.0
2024-11-27 00:00:00-05:00,27.84587403869612,27.84587403869612,27.788063049316406,27.788063049316406,5615,0.0,0.0,0.0
2024-11-29 00:00:00-05:00,27.89405279665265,27.971134732292583,27.89405279665265,27.942228317260742,3139,0.0,0.0,0.0
2024-12-02 00:00:00-05:00,27.828050826441352,28.000039309546114,27.82660449491169,27.942228317260742,17715,0.0,0.0,0.0
2024-12-03 00:00:00-05:00,27.921320006376895,27.98664751216603,27.9036865234375,27.9036865234375,53431,0.0,0.0,0.0
2024-12-04 00:00:00-05:00,27.81697090278861,27.855510951777305,27.807335431096863,27.850982666015625,35099,0.0,0.0,0.0
2024-12-05 00:00:00-05:00,27.971134451560463,27.971134451560463,27.82477378845215,27.82477378845215,15209,0.0,0.0,0.0
2024-12-06 00:00:00-05:00,27.710980370389475,27.759155887277263,27.566547546412668,27.73025131225586,34662,0.0,0.0,0.0
2024-12-09 00:00:00-05:00,27.93259244669714,27.951863389776502,27.7687931060791,27.7687931060791,25073,0.0,0.0,0.0
2024-12-10 00:00:00-05:00,27.643536614526997,27.643536614526997,27.576090149178142,27.624265670776367,62796,0.0,0.0,0.0
2024-12-11 00:00:00-05:00,27.673212382551295,27.691711458943644,27.634188998077313,27.643342971801758,14198,0.0,0.0,0.0
2024-12-12 00:00:00-05:00,27.604992322947073,27.604992322947073,27.44803503907989,27.489370346069336,63880,0.0,0.0,0.0
2024-12-13 00:00:00-05:00,27.35447582049493,27.383382233847726,27.35447582049493,27.374902725219727,5824,0.0,0.0,0.0
2024-12-16 00:00:00-05:00,27.25812544289702,27.25812544289702,27.211875915527344,27.211875915527344,10816,0.0,0.0,0.0
2024-12-17 00:00:00-05:00,27.065420291758407,27.10598373413086,27.065420291758407,27.10598373413086,12171,0.0,0.0,0.0
2024-12-18 00:00:00-05:00,27.076978367421884,27.104921782794786,26.42949056422587,26.45174789428711,259054,0.0,0.0,0.0
2024-12-19 00:00:00-05:00,26.602931502522377,26.602931502522377,26.304237365722656,26.304237365722656,59633,0.0,0.0,0.0
2024-12-20 00:00:00-05:00,26.574024749299287,26.593295694226022,26.54511833190918,26.54511833190918,42802,0.0,0.0,0.0
2024-12-23 00:00:00-05:00,26.468033991303933,26.574022341017283,26.448764885901927,26.55311393737793,21255,0.0,0.0,0.0
2024-12-24 00:00:00-05:00,26.55311393737793,26.55311393737793,26.55311393737793,26.55311393737793,0,0.0,0.0,0.0
2024-12-26 00:00:00-05:00,26.793896128196714,26.81451416015625,26.785993682575356,26.81451416015625,33847,0.0,0.0,0.0
2024-12-27 00:00:00-05:00,26.63183467804484,26.728187561035156,26.612565571669485,26.728187561035156,31729,0.0,0.0,0.0
2024-12-30 00:00:00-05:00,26.44709449986873,26.524822846511203,26.311070356541894,26.427663803100586,22617,0.230697,0.0,0.0
2024-12-31 00:00:00-05:00,26.578263269528662,26.59283860959975,26.41794935426744,26.505393981933594,151656,0.0,0.0,0.0
2025-01-02 00:00:00-05:00,26.437380362495936,26.46652918978994,26.437380362495936,26.44797134399414,82785,0.0,0.0,0.0
2025-01-03 00:00:00-05:00,26.52482708833006,26.63170427700137,26.52482708833006,26.60624885559082,74065,0.0,0.0,0.0
2025-01-06 00:00:00-05:00,26.777442611406713,26.845454688594444,26.611394923992602,26.64141845703125,55639,0.0,0.0,0.0
2025-01-07 00:00:00-05:00,26.651137087111263,26.651137087111263,26.5053966440931,26.540470123291016,17743,0.0,0.0,0.0
2025-01-08 00:00:00-05:00,26.534540713803306,26.534540713803306,26.477215985219853,26.51511001586914,18910,0.0,0.0,0.0
2025-01-10 00:00:00-05:00,26.21391383414832,26.21391383414832,26.107038497924805,26.107038497924805,70663,0.0,0.0,0.0
2025-01-13 00:00:00-05:00,26.233344789665207,26.27220989369969,26.213912237647964,26.243061065673828,46120,0.0,0.0,0.0
2025-01-14 00:00:00-05:00,26.427666500131735,26.4583683013916,26.427666500131735,26.4583683013916,5226,0.0,0.0,0.0
2025-01-15 00:00:00-05:00,26.74829442156635,26.74829442156635,26.70709800720215,26.70709800720215,24553,0.0,0.0,0.0
2025-01-16 00:00:00-05:00,26.77754115120613,26.796875483898184,26.777442932128906,26.777442932128906,7345,0.0,0.0,0.0
2025-01-17 00:00:00-05:00,26.835742861450292,26.971767028981407,26.835742861450292,26.913471221923828,16092,0.0,0.0,0.0
2025-01-21 00:00:00-05:00,27.010628037088267,27.23409867641291,26.92318340717648,27.224382400512695,93771,0.0,0.0,0.0
2025-01-22 00:00:00-05:00,27.166086581460654,27.166086581460654,27.078643798828125,27.078643798828125,2399,0.0,0.0,0.0
2025-01-23 00:00:00-05:00,27.15636981725814,27.282581329345703,27.15636981725814,27.282581329345703,62971,0.0,0.0,0.0
2025-01-24 00:00:00-05:00,27.33135477009479,27.33135477009479,27.294044494628906,27.294044494628906,18604,0.0,0.0,0.0
2025-01-27 00:00:00-05:00,27.185517889583984,27.428419232814413,27.185517889583984,27.39781379699707,7397,0.0,0.0,0.0
2025-01-28 00:00:00-05:00,27.3312588288094,27.3312588288094,27.28394317626953,27.28394317626953,45288,0.0,0.0,0.0
2025-01-29 00:00:00-05:00,27.282680220819632,27.302112774057484,27.27529525756836,27.27529525756836,10682,0.0,0.0,0.0
2025-01-30 00:00:00-05:00,27.47816649606722,27.565611128604818,27.399272483088993,27.461259841918945,3493,0.0,0.0,0.0
2025-01-31 00:00:00-05:00,27.447850763933722,27.447850763933722,27.175800602487886,27.213207244873047,30336,0.0,0.0,0.0
2025-02-03 00:00:00-05:00,26.991199041525945,27.068927400441897,26.923185105933012,26.93290138244629,42001,0.0,0.0,0.0
2025-02-04 00:00:00-05:00,27.200091277761487,27.21748161315918,27.16608338721555,27.21748161315918,6871,0.0,0.0,0.0
2025-02-05 00:00:00-05:00,27.26324620996992,27.350690841674805,27.26324620996992,27.350690841674805,6627,0.0,0.0,0.0
2025-02-06 00:00:00-05:00,27.31182808760432,27.348554611206055,27.292395535051703,27.348554611206055,11308,0.0,0.0,0.0
2025-02-07 00:00:00-05:00,27.175801588482567,27.175801588482567,27.127222061157227,27.127222061157227,17531,0.0,0.0,0.0
2025-02-10 00:00:00-05:00,27.302111072719793,27.36040687561035,27.302111072719793,27.36040687561035,32486,0.0,0.0,0.0
2025-02-11 00:00:00-05:00,27.408987033614718,27.46728469103782,27.37012378185619,27.465049743652344,25573,0.0,0.0,0.0
2025-02-12 00:00:00-05:00,27.253527381791685,27.37012083087686,27.24381295979209,27.315031051635742,21445,0.0,0.0,0.0
2025-02-13 00:00:00-05:00,27.5644446850527,27.57668685913086,27.5644446850527,27.57668685913086,7499,0.0,0.0,0.0
2025-02-14 00:00:00-05:00,27.593591667487832,27.6033079434052,27.563764572143555,27.563764572143555,21127,0.0,0.0,0.0
2025-02-18 00:00:00-05:00,27.681036257139567,27.724467621256863,27.681036257139567,27.696969985961914,18062,0.0,0.0,0.0
2025-02-19 00:00:00-05:00,27.62176800211905,27.671318597600447,27.62176800211905,27.660242080688477,20629,0.0,0.0,0.0
2025-02-20 00:00:00-05:00,27.729618887991933,27.773048400878906,27.729618887991933,27.773048400878906,17707,0.0,0.0,0.0
2025-02-21 00:00:00-05:00,27.700469741617717,27.700566107508234,27.486717224121094,27.486717224121094,18427,0.0,0.0,0.0
2025-02-24 00:00:00-05:00,27.515863649771568,27.59845106948391,27.5061473737354,27.514892578125,3353,0.0,0.0,0.0
2025-02-25 00:00:00-05:00,27.57416128145621,27.68103847175175,27.554730581285437,27.627017974853516,16304,0.0,0.0,0.0
2025-02-26 00:00:00-05:00,27.63245736327584,27.63245736327584,27.477000651647046,27.496431350708008,15504,0.0,0.0,0.0
2025-02-27 00:00:00-05:00,27.438134792229,27.438134792229,27.302305221557617,27.302305221557617,5241,0.0,0.0,0.0
2025-02-28 00:00:00-05:00,27.302112250063846,27.389556884765625,27.136939257092735,27.389556884765625,30010,0.0,0.0,0.0
2025-03-03 00:00:00-05:00,27.21466617964181,27.24983787536621,27.166084800042505,27.24983787536621,14024,0.0,0.0,0.0
2025-03-04 00:00:00-05:00,26.971764711819382,27.331257653178856,26.95233216007289,27.03550148010254,25310,0.0,0.0,0.0
2025-03-05 00:00:00-05:00,27.272963978317055,27.438136974664854,27.098074705338178,27.399953842163086,9451,0.0,0.0,0.0
2025-03-06 00:00:00-05:00,27.311829182050225,27.379841265519577,27.186492363486668,27.309303283691406,18625,0.0,0.0,0.0
2025-03-07 00:00:00-05:00,27.457567533489314,27.65188749242524,27.447851257563997,27.593591690063477,12167,0.0,0.0,0.0
2025-03-10 00:00:00-04:00,27.457569448812183,27.457569448812183,27.127223457068425,27.23691749572754,12615,0.0,0.0,0.0
2025-03-11 00:00:00-04:00,26.942617658959563,27.03977857090207,26.82602604718076,26.93290138244629,19163,0.0,0.0,0.0
2025-03-12 00:00:00-04:00,26.903753122247956,26.923183821157018,26.728863859735224,26.83574104309082,26511,0.0,0.0,0.0
2025-03-13 00:00:00-04:00,26.728862052559613,26.728862052559613,26.624608993530273,26.624608993530273,16651,0.0,0.0,0.0
2025-03-14 00:00:00-04:00,26.894038844313116,27.0930233001709,26.894038844313116,27.0930233001709,45651,0.0,0.0,0.0
2025-03-17 00:00:00-04:00,27.272962272436473,27.45678947063129,27.272962272436473,27.420452117919922,9645,0.0,0.0,0.0
2025-03-18 00:00:00-04:00,27.34097286499466,27.36040541598488,27.34097286499466,27.341167449951172,62746,0.0,0.0,0.0
2025-03-19 00:00:00-04:00,27.27296124637022,27.554727680876006,27.27296124637022,27.468059539794922,6304,0.0,0.0,0.0
2025-03-20 00:00:00-04:00,27.379839574584082,27.379839574584082,27.331258194256083,27.342529296875,19090,0.0,0.0,0.0
2025-03-21 00:00:00-04:00,27.117505301239063,27.185517379557183,27.117505301239063,27.14665412902832,7012,0.0,0.0,0.0
2025-03-24 00:00:00-04:00,27.389555891727206,27.419870376586914,27.37012333956686,27.419870376586914,3907,0.0,0.0,0.0
2025-03-25 00:00:00-04:00,27.370122755240914,27.400922775268555,27.360406479368173,27.400922775268555,1451,0.0,0.0,0.0
2025-03-26 00:00:00-04:00,27.447851021182807,27.447851021182807,27.321543141621728,27.379838943481445,7680,0.0,0.0,0.0
2025-03-27 00:00:00-04:00,27.38965245900422,27.408986792227527,27.380130767822266,27.380130767822266,6079,0.0,0.0,0.0
2025-03-28 00:00:00-04:00,27.15207357780367,27.15207357780367,27.054579226698348,27.06179428100586,10455,0.096382,0.0,0.0
2025-03-31 00:00:00-04:00,26.95708314108745,27.235428017241233,26.918086518884532,27.113073348999023,25150,0.0,0.0,0.0
2025-04-01 00:00:00-04:00,27.064329663512698,27.171573638916016,26.9970585778179,27.171573638916016,16387,0.0,0.0,0.0
2025-04-02 00:00:00-04:00,27.02532934829439,27.33107098219027,27.02532934829439,27.32005500793457,26782,0.0,0.0,0.0
2025-04-03 00:00:00-04:00,26.557359790948027,26.557359790948027,26.334976196289062,26.334976196289062,144403,0.0,0.0,0.0
2025-04-04 00:00:00-04:00,25.514176660481535,25.514176660481535,24.85121724646333,24.908056259155273,385491,0.0,0.0,0.0
2025-04-07 00:00:00-04:00,23.925024790466388,24.685476682683042,23.925024790466388,24.437355041503906,92758,0.0,0.0,0.0
2025-04-08 00:00:00-04:00,24.95846064047372,25.06570275994607,23.861653304452854,24.012767791748047,173717,0.0,0.0,0.0
2025-04-09 00:00:00-04:00,25.387434668780486,25.67952537536621,24.753722276588576,25.67952537536621,152439,0.0,0.0,0.0
2025-04-10 00:00:00-04:00,25.104699500795487,25.13394836382667,25.051176071166992,25.051176071166992,22762,0.0,0.0,0.0
2025-04-11 00:00:00-04:00,25.33868597587257,25.59217055499184,25.33868597587257,25.572574615478516,159315,0.0,0.0,0.0
2025-04-14 00:00:00-04:00,25.845653950874976,25.9480221821164,25.826154708862305,25.826154708862305,83112,0.0,0.0,0.0
2025-04-15 00:00:00-04:00,25.874902284332073,25.89439966639564,25.82917594909668,25.82917594909668,50172,0.0,0.0,0.0
2025-04-16 00:00:00-04:00,25.88241145922416,25.904151460447682,25.533675136458164,25.633216857910156,254148,0.0,0.0,0.0
2025-04-17 00:00:00-04:00,25.8437038906225,25.98702127728097,25.8437038906225,25.88465118408203,10307,0.0,0.0,0.0
2025-04-21 00:00:00-04:00,25.504424644374232,25.639162063598633,25.504424644374232,25.639162063598633,79878,0.0,0.0,0.0
2025-04-22 00:00:00-04:00,26.099141188917308,26.138137817382812,26.069892322905485,26.138137817382812,128976,0.0,0.0,0.0
2025-04-23 00:00:00-04:00,26.284374545071476,26.284374545071476,26.13403922665487,26.236896514892578,28169,0.0,0.0,0.0
2025-04-24 00:00:00-04:00,26.30387533883194,26.532986786723555,26.30387533883194,26.508319854736328,10280,0.0,0.0,0.0
2025-04-25 00:00:00-04:00,26.362373341943083,26.504323959350586,26.362373341943083,26.504323959350586,150553,0.0,0.0,0.0
2025-04-28 00:00:00-04:00,26.567110618780944,26.61585686692194,26.489115506025243,26.498865127563477,130603,0.0,0.0,0.0
2025-04-29 00:00:00-04:00,26.63535579691109,26.780525298280264,26.596359170766714,26.73177719116211,9753,0.0,0.0,0.0
2025-04-30 00:00:00-04:00,26.38186976531791,26.787445068359375,26.38186976531791,26.787445068359375,8275,0.0,0.0,0.0
2025-05-01 00:00:00-04:00,26.771848151882814,26.810846639579047,26.655929368384818,26.71150016784668,14731,0.0,0.0,0.0
2025-05-02 00:00:00-04:00,27.015581784899283,27.156656557105777,27.015581784899283,27.074079513549805,2827,0.0,0.0,0.0
2025-05-05 00:00:00-04:00,27.17157484937512,27.17157484937512,26.98633575439453,26.98633575439453,144179,0.0,0.0,0.0
2025-05-06 00:00:00-04:00,26.927838952260675,27.005834064363995,26.898590087890625,26.898590087890625,18515,0.0,0.0,0.0
2025-05-07 00:00:00-04:00,26.957084452231847,26.957084452231847,26.92754364013672,26.92754364013672,21492,0.0,0.0,0.0
2025-05-08 00:00:00-04:00,27.005832923031065,27.171572761689816,26.94733519676322,27.006807327270508,23820,0.0,0.0,0.0
2025-05-09 00:00:00-04:00,27.0740785670539,27.12282481300837,27.044829703751162,27.06647300720215,28587,0.0,0.0,0.0
2025-05-12 00:00:00-04:00,27.556671525533623,27.6492919921875,27.493301780459927,27.6492919921875,41106,0.0,0.0,0.0
2025-05-13 00:00:00-04:00,27.707791204632198,27.746787832501052,27.67717742919922,27.67717742919922,6028,0.0,0.0,0.0
2025-05-14 00:00:00-04:00,27.598206099181652,27.598206099181652,27.48355367773499,27.493303298950195,39004,0.0,0.0,0.0
2025-05-15 00:00:00-04:00,27.62004487806646,27.785005569458008,27.62004487806646,27.785005569458008,19998,0.0,0.0,0.0
2025-05-16 00:00:00-04:00,27.935924773179345,27.95152453914553,27.935924773179345,27.9437255859375,27610,0.0,0.0,0.0
2025-05-19 00:00:00-04:00,27.87352998430862,28.000661849975586,27.87352998430862,28.000661849975586,7416,0.0,0.0,0.0
2025-05-20 00:00:00-04:00,27.961275079942023,27.987987518310547,27.951525458336302,27.987987518310547,9415,0.0,0.0,0.0
2025-05-21 00:00:00-04:00,27.883278481838556,27.883278481838556,27.620044291152105,27.639543533325195,147338,0.0,0.0,0.0
2025-05-22 00:00:00-04:00,27.454305510050858,27.668791603572295,27.454305510050858,27.5030517578125,3642,0.0,0.0,0.0
2025-05-23 00:00:00-04:00,27.512800556717064,27.522550177887933,27.493595123291016,27.493595123291016,15199,0.0,0.0,0.0
2025-05-27 00:00:00-04:00,27.756534681167672,27.883277893066406,27.756534681167672,27.883277893066406,13686,0.0,0.0,0.0
2025-05-28 00:00:00-04:00,27.746785227754003,27.766284469633042,27.659042358398438,27.659042358398438,13354,0.0,0.0,0.0
2025-05-29 00:00:00-04:00,27.707791396763078,27.776036890669474,27.707791396763078,27.746788024902344,17093,0.0,0.0,0.0
2025-05-30 00:00:00-04:00,27.610295602390096,27.805284311605057,27.610295602390096,27.7272891998291,4726,0.0,0.0,0.0
2025-06-02 00:00:00-04:00,27.67853957367231,27.883277893066406,27.67853957367231,27.883277893066406,173696,0.0,0.0,0.0
2025-06-03 00:00:00-04:00,27.756534471958002,27.980772031423296,27.756534471958002,27.96400260925293,15068,0.0,0.0,0.0
2025-06-04 00:00:00-04:00,28.029518082415443,28.03926770315533,27.98788833618164,27.98788833618164,33227,0.0,0.0,0.0
2025-06-05 00:00:00-04:00,27.951524872945804,28.013433016317887,27.86933647571045,27.90277862548828,5177,0.0,0.0,0.0
2025-06-06 00:00:00-04:00,28.088015133295965,28.15626062180675,28.088015133295965,28.146804809570312,46476,0.0,0.0,0.0
2025-06-09 00:00:00-04:00,28.175758884007067,28.33077469368935,28.175758884007067,28.283002853393555,21250,0.0,0.0,0.0
2025-06-10 00:00:00-04:00,28.370749543646816,28.409746170043945,28.331849613857987,28.409746170043945,26331,0.0,0.0,0.0
2025-06-11 00:00:00-04:00,28.36100001934117,28.36100001934117,28.312253771290187,28.31937026977539,4394,0.0,0.0,0.0
2025-06-12 00:00:00-04:00,28.43899469975917,28.466975350681437,28.43899469975917,28.449134826660156,1377,0.0,0.0,0.0
2025-06-13 00:00:00-04:00,28.27325297881198,28.27325297881198,28.136762007763373,28.150020599365234,1604,0.0,0.0,0.0
2025-06-16 00:00:00-04:00,28.468243304482296,28.468243304482296,28.30250346176767,28.33448028564453,7895,0.0,0.0,0.0
2025-06-17 00:00:00-04:00,28.302502005727625,28.302502005727625,28.09942054748535,28.09942054748535,4042,0.0,0.0,0.0
2025-06-18 00:00:00-04:00,28.205007912673576,28.205007912673576,28.058767318725586,28.058767318725586,11017,0.0,0.0,0.0
2025-06-20 00:00:00-04:00,28.166010266876416,28.166010266876416,28.0197696685791,28.0197696685791,5795,0.0,0.0,0.0
2025-06-23 00:00:00-04:00,28.19525985983421,28.20998191833496,28.175760617010052,28.20998191833496,50139,0.0,0.0,0.0
2025-06-24 00:00:00-04:00,28.384007330064648,28.468243090352072,28.384007330064648,28.445331573486328,96988,0.0,0.0,0.0
2025-06-25 00:00:00-04:00,28.292754473392723,28.312253716395375,28.234256744384766,28.234256744384766,6509,0.0,0.0,0.0
2025-06-26 00:00:00-04:00,28.487740467979098,28.515527725219727,28.487740467979098,28.515527725219727,2879,0.0,0.0,0.0
2025-06-27 00:00:00-04:00,28.513535608442652,28.61286163330078,28.513535608442652,28.61286163330078,16664,0.166468,0.0,0.0
2025-06-30 00:00:00-04:00,28.63120034324534,28.709641911164045,28.58315317634265,28.690031051635742,12124,0.0,0.0,0.0
2025-07-01 00:00:00-04:00,28.72924853093738,29.082236492554703,28.72924853093738,29.052820205688477,28097,0.0,0.0,0.0
2025-07-02 00:00:00-04:00,28.984184131324113,29.141067254536598,28.984184131324113,29.131261825561523,5820,0.0,0.0,0.0
2025-07-03 00:00:00-04:00,29.24892430232004,29.24892430232004,29.218528034387777,29.225980758666992,3616,0.0,0.0,0.0
2025-07-07 00:00:00-04:00,28.915549118191073,28.9266300201416,28.90574368883637,28.9266300201416,7443,0.0,0.0,0.0
2025-07-08 00:00:00-04:00,29.04301764670329,29.13136189025477,29.04301764670329,29.092042922973633,14227,0.0,0.0,0.0
2025-07-09 00:00:00-04:00,29.075669705883488,29.19009755955322,29.052823409235135,29.1802921295166,13129,0.0,0.0,0.0
2025-07-10 00:00:00-04:00,29.327367532536723,29.386198237933748,29.199900692477435,29.317562103271484,15569,0.0,0.0,0.0
2025-07-11 00:00:00-04:00,29.133712935687818,29.170482825893775,29.10184669494629,29.10184669494629,7904,0.0,0.0,0.0
2025-07-14 00:00:00-04:00,29.05281946046577,29.12145746139302,29.03321047325228,29.106258392333984,64750,0.0,0.0,0.0
2025-07-15 00:00:00-04:00,29.013600629463628,29.013600629463628,28.758665084838867,28.758665084838867,3367,0.0,0.0,0.0
2025-07-16 00:00:00-04:00,28.73905618775383,28.876330333576743,28.73905618775383,28.869367599487305,5820,0.0,0.0,0.0
2025-07-17 00:00:00-04:00,28.88613303354891,29.033212604710783,28.88613303354891,29.028505325317383,6827,0.0,0.0,0.0
2025-07-18 00:00:00-04:00,29.043016292376883,29.043016292376883,28.90574215887132,28.9091739654541,8768,0.0,0.0,0.0
2025-07-21 00:00:00-04:00,28.90574310674542,29.023406386437973,28.90574310674542,28.975948333740234,9857,0.0,0.0,0.0
2025-07-22 00:00:00-04:00,29.141066909984612,29.317560889060452,29.111652493601525,29.305402755737305,6695,0.0,0.0,0.0
2025-07-23 00:00:00-04:00,29.48424973254754,29.660743713378906,29.48424973254754,29.660743713378906,3144,0.0,0.0,0.0
2025-07-24 00:00:00-04:00,29.523471934236124,29.523471934236124,29.422380447387695,29.422380447387695,9000,0.0,0.0,0.0
2025-07-25 00:00:00-04:00,29.27834169702661,29.45483568004008,29.27834169702661,29.431303024291992,12919,0.0,0.0,0.0
2025-07-28 00:00:00-04:00,29.25873152447919,29.278342383094525,29.204802598384227,29.230297088623047,2195,0.0,0.0,0.0
2025-07-29 00:00:00-04:00,29.209705772937568,29.248925619335775,29.111653351650475,29.17391586303711,9643,0.0,0.0,0.0
2025-07-30 00:00:00-04:00,29.101846297762155,29.12145715496359,28.80768905032351,28.92133140563965,1918,0.0,0.0,0.0
2025-07-31 00:00:00-04:00,28.827302633811644,28.827302633811644,28.628454208374023,28.628454208374023,814,0.0,0.0,0.0
2025-08-01 00:00:00-04:00,28.40567777424315,28.474706649780273,28.40567777424315,28.474706649780273,6237,0.0,0.0,0.0
2025-08-04 00:00:00-04:00,28.680222673725392,28.807689507167566,28.680222673725392,28.793472290039062,17777,0.0,0.0,0.0
2025-08-05 00:00:00-04:00,28.788080526017907,28.925352788245707,28.788080526017907,28.876327514648438,50305,0.0,0.0,0.0
2025-08-06 00:00:00-04:00,28.93515965334306,29.003795787864053,28.93515965334306,28.976537704467773,4832,0.0,0.0,0.0
2025-08-07 00:00:00-04:00,29.03321178592731,29.0541934967041,29.01360092763286,29.0541934967041,8714,0.0,0.0,0.0
2025-08-08 00:00:00-04:00,29.150874682247526,29.239121678879513,29.150874682247526,29.209707260131836,7786,0.0,0.0,0.0
2025-08-11 00:00:00-04:00,29.13126299076721,29.160679278869036,29.106359481811523,29.106359481811523,3205,0.0,0.0,0.0
2025-08-12 00:00:00-04:00,29.3567841807148,29.523472739881306,29.3567841807148,29.484251022338867,8918,0.0,0.0,0.0
2025-08-13 00:00:00-04:00,29.729379632336098,29.92734718322754,29.729379632336098,29.92734718322754,6655,0.0,0.0,0.0
2025-08-14 00:00:00-04:00,29.61171910138387,29.726831436157227,29.61171910138387,29.726831436157227,11402,0.0,0.0,0.0
2025-08-15 00:00:00-04:00,29.660742056942485,29.729378185611772,29.660742056942485,29.670547485351562,9148,0.0,0.0,0.0
2025-08-18 00:00:00-04:00,29.67054803616773,29.692608847852014,29.660742607576623,29.690353393554688,10986,0.0,0.0,0.0
2025-08-19 00:00:00-04:00,29.856850127419726,29.856850127419726,29.739284094037057,29.775074005126953,2597,0.0,0.0,0.0
2025-08-20 00:00:00-04:00,29.75879738945487,29.78840817778733,29.75879738945487,29.778898239135742,4151,0.0,0.0,0.0
2025-08-21 00:00:00-04:00,29.7195761661004,29.72026252746582,29.6999671772273,29.72026252746582,5351,0.0,0.0,0.0
2025-08-22 00:00:00-04:00,30.219641382741464,30.32749923574674,30.219641382741464,30.308673858642578,90549,0.0,0.0,0.0
2025-08-25 00:00:00-04:00,30.160810270899834,30.160810270899834,30.077465057373047,30.077465057373047,6616,0.0,0.0,0.0
2025-08-26 00:00:00-04:00,30.052951412825312,30.067660491304704,30.03334055498235,30.05657958984375,23376,0.0,0.0,0.0
2025-08-27 00:00:00-04:00,30.023537049623478,30.19022560119629,30.023537049623478,30.19022560119629,15322,0.0,0.0,0.0
2025-08-28 00:00:00-04:00,30.052953536287955,30.151005962236564,30.052953536287955,30.14463233947754,2708,0.0,0.0,0.0
2025-08-29 00:00:00-04:00,30.08236723332169,30.115312576293945,30.003925673359998,30.115312576293945,13997,0.0,0.0,0.0
2025-09-02 00:00:00-04:00,29.91568114321616,30.141200412865793,29.91568114321616,29.964706420898438,16866,0.0,0.0,0.0
2025-09-03 00:00:00-04:00,29.96470450837559,29.96470450837559,29.866652089074844,29.932445526123047,20974,0.0,0.0,0.0
2025-09-04 00:00:00-04:00,29.964704610348967,30.153749465942383,29.964704610348967,30.153749465942383,3864,0.0,0.0,0.0
2025-09-05 00:00:00-04:00,30.18042195513001,30.27847250992266,30.18042195513001,30.272884368896484,6668,0.0,0.0,0.0
2025-09-08 00:00:00-04:00,30.160809642585864,30.35691261291504,30.160809642585864,30.35691261291504,69344,0.0,0.0,0.0
2025-09-09 00:00:00-04:00,30.278470052477097,30.278470052477097,30.21346209855982,30.239347457885742,16799,0.0,0.0,0.0
2025-09-10 00:00:00-04:00,30.249057574805168,30.249057574805168,30.131394292791846,30.19797134399414,23551,0.0,0.0,0.0
2025-09-11 00:00:00-04:00,30.57262790169641,30.618417739868164,30.57262790169641,30.618417739868164,1633121,0.0,0.0,0.0
2025-09-12 00:00:00-04:00,30.44515819610896,30.50399076766176,30.386327494750436,30.413389205932617,40651,0.0,0.0,0.0
2025-09-15 00:00:00-04:00,30.46869437547605,30.46869437547605,30.420649078952447,30.435651779174805,16219,0.0,0.0,0.0
2025-09-16 00:00:00-04:00,30.425552514579387,30.49418865198674,30.425552514579387,30.48585319519043,16485,0.0,0.0,0.0
2025-09-17 00:00:00-04:00,30.54321067138902,30.74912093183675,30.45496368408203,30.45496368408203,9238,0.0,0.0,0.0
2025-09-18 00:00:00-04:00,30.454965396319707,30.57419776916504,30.454965396319707,30.57419776916504,14531,0.0,0.0,0.0
2025-09-19 00:00:00-04:00,30.454965364424282,30.494187081033335,30.386329230552825,30.458986282348633,11545,0.0,0.0,0.0
2025-09-22 00:00:00-04:00,30.395840597470734,30.543211912742493,30.395840597470734,30.5178165435791,17257,0.0,0.0,0.0
2025-09-23 00:00:00-04:00,30.675582568508677,30.675582568508677,30.533406652373294,30.55968475341797,10062,0.0,0.0,0.0
2025-09-24 00:00:00-04:00,30.582432889028762,30.582432889028762,30.47457504272461,30.47457504272461,21141,0.0,0.0,0.0
2025-09-25 00:00:00-04:00,30.298082534096267,30.298082534096267,30.19022655275743,30.28925895690918,15208,0.0,0.0,0.0
2025-09-26 00:00:00-04:00,30.425550849966093,30.52360140078673,30.425550849966093,30.51860237121582,13493,0.0,0.0,0.0
2025-09-29 00:00:00-04:00,30.490738328945685,30.569627615298796,30.48087693304293,30.541030883789062,6279,0.176646,0.0,0.0
2025-09-30 00:00:00-04:00,30.628795277311145,30.673170620130513,30.510462283705504,30.673072814941406,72493,0.0,0.0,0.0
2025-10-01 00:00:00-04:00,30.74713067995218,30.875325072038546,30.73726928350414,30.840023040771484,23363,0.0,0.0,0.0
2025-10-02 00:00:00-04:00,30.855603669245554,30.855603669245554,30.841993700990155,30.8422908782959,11460,0.0,0.0,0.0
2025-10-03 00:00:00-04:00,31.102132739113117,31.102132739113117,30.993066787719727,30.993066787719727,67756,0.0,0.0,0.0
2025-10-06 00:00:00-04:00,30.973937070175293,30.973937070175293,30.942776712650254,30.954904556274414,11375,0.0,0.0,0.0
2025-10-07 00:00:00-04:00,31.01338312161033,31.01338312161033,30.68796455831229,30.707685470581055,55713,0.0,0.0,0.0
2025-10-08 00:00:00-04:00,30.76172432246367,30.796435760824796,30.61893438661639,30.777700424194336,26994,0.0,0.0,0.0
2025-10-09 00:00:00-04:00,30.48087916410121,30.53018426635495,30.46115637085208,30.495670318603516,7089,0.0,0.0,0.0
2025-10-10 00:00:00-04:00,30.392126593558636,30.554836806485806,29.817319869995117,29.817319869995117,6104,0.0,0.0,0.0
2025-10-13 00:00:00-04:00,30.224487658024348,30.25407184707932,30.165321160783442,30.179126739501953,4743,0.0,0.0,0.0
2025-10-14 00:00:00-04:00,30.170250630773836,30.461155237331575,30.170250630773836,30.411455154418945,4074,0.0,0.0,0.0
2025-10-15 00:00:00-04:00,30.500601466712663,30.500601466712663,30.489754494860854,30.49793815612793,10444,0.0,0.0,0.0
2025-10-16 00:00:00-04:00,30.362545205537618,30.396564483642578,30.362545205537618,30.396564483642578,2616,0.0,0.0,0.0
2025-10-17 00:00:00-04:00,30.34282162132547,30.530182503768128,30.34282162132547,30.50651741027832,5030,0.0,0.0,0.0
2025-10-20 00:00:00-04:00,30.8161584840865,30.8161584840865,30.78657429482892,30.802352905273438,7355,0.0,0.0,0.0
2025-10-21 00:00:00-04:00,30.776713064348748,30.79387223276709,30.747130755800715,30.75738525390625,57323,0.0,0.0,0.0
2025-10-22 00:00:00-04:00,30.727406303045544,30.727406303045544,30.61893282857805,30.672183990478516,16034,0.0,0.0,0.0
2025-10-23 00:00:00-04:00,30.924632637742224,30.924632637742224,30.540045692488903,30.86201286315918,7079,0.0,0.0,0.0
2025-10-27 00:00:00-04:00,31.072548127306057,31.076492309570312,31.035668048222806,31.076492309570312,17273,0.0,0.0,0.0
2025-10-28 00:00:00-04:00,30.993660245925035,30.993660245925035,30.934493747538173,30.95737075805664,8465,0.0,0.0,0.0
2025-10-29 00:00:00-04:00,30.885184468405736,30.993657941440496,30.697821709764494,30.72661781311035,5057,0.0,0.0,0.0
2025-10-30 00:00:00-04:00,30.826020348732907,30.826020348732907,30.628796179091427,30.646448135375977,2297,0.0,0.0,0.0
2025-10-31 00:00:00-04:00,30.609074723687126,30.68796401397007,30.569629138111132,30.644376754760742,11920,0.0,0.0,0.0
2025-11-03 00:00:00-05:00,30.49074019337548,30.538862228393555,30.49074019337548,30.538862228393555,4573,0.0,0.0,0.0
2025-11-04 00:00:00-05:00,30.30337686217655,30.3428224474715,30.30337686217655,30.30742073059082,7579,0.0,0.0,0.0
2025-11-05 00:00:00-05:00,30.48087867849802,30.52594430111109,30.313238700289315,30.453365325927734,5931,0.0,0.0,0.0
2025-11-06 00:00:00-05:00,30.421710923246867,30.421710923246867,30.283653259277344,30.283653259277344,20542,0.0,0.0,0.0
2025-11-07 00:00:00-05:00,30.30337715863223,30.499418258666992,30.30337715863223,30.499418258666992,6552,0.0,0.0,0.0
2025-11-10 00:00:00-05:00,30.500601686087563,30.707685370754444,30.500601686087563,30.69792366027832,3516,0.0,0.0,0.0
2025-11-11 00:00:00-05:00,30.944351979312138,30.993658959979637,30.944351979312138,30.981529235839844,13109,0.0,0.0,0.0
2025-11-12 00:00:00-05:00,31.092271142061197,31.111992053523657,31.065940856933594,31.065940856933594,5884,0.0,0.0,0.0
2025-11-13 00:00:00-05:00,31.013381716795095,31.03310262817056,30.806296159966305,30.811227798461914,19659,0.0,0.0,0.0
2025-11-14 00:00:00-05:00,30.678100765798057,30.973935116284814,30.678100765798057,30.9049072265625,461476,0.0,0.0,0.0
2025-11-17 00:00:00-05:00,30.717546262055247,30.747130451179235,30.328029569166727,30.42624855041504,15933,0.0,0.0,0.0
2025-11-18 00:00:00-05:00,30.332961570886503,30.490740153031712,30.332961570886503,30.414216995239258,14726,0.0,0.0,0.0
2025-11-19 00:00:00-05:00,30.214625910319015,30.303376595582847,30.214625910319015,30.285724639892578,9119,0.0,0.0,0.0
2025-11-20 00:00:00-05:00,30.283652350105466,30.283652350105466,29.948274612426758,29.948274612426758,8287,0.0,0.0,0.0
2025-11-21 00:00:00-05:00,30.493500612798414,30.51046228963573,30.448040008544922,30.448040008544922,6019,0.0,0.0,0.0
2025-11-24 00:00:00-05:00,30.48087788009921,30.55976716890345,30.48087788009921,30.51982879638672,3238,0.0,0.0,0.0
2025-11-25 00:00:00-05:00,30.727407122089605,30.98379778074849,30.727407122089605,30.954313278198242,13791,0.0,0.0,0.0
2025-11-26 00:00:00-05:00,31.210604549629302,31.25005013481712,31.177471160888672,31.177471160888672,23386,0.0,0.0,0.0
2025-11-28 00:00:00-05:00,31.24018704519286,31.300636291503906,31.24018704519286,31.300636291503906,20698,0.0,0.0,0.0
2025-12-01 00:00:00-05:00,31.3092182189618,31.38761472475825,31.209423065185547,31.209423065185547,1874,0.0,0.0,0.0
2025-12-02 00:00:00-05:00,31.1119915554426,31.222438062209193,31.092663745910517,31.188514709472656,6611,0.0,0.0,0.0
2025-12-03 00:00:00-05:00,31.358520329913453,31.447370697801713,31.358520329913453,31.432479858398438,11541,0.0,0.0,0.0
2025-12-04 00:00:00-05:00,31.422619553382635,31.457823778567256,31.358521418528404,31.39204978942871,15807,0.0,0.0,0.0
2025-12-05 00:00:00-05:00,31.516299913281994,31.564423827542328,31.414533615112305,31.414533615112305,3631,0.0,0.0,0.0
2025-12-08 00:00:00-05:00,31.31907899800346,31.332391789373204,31.23032830945122,31.24541664123535,14332,0.0,0.0,0.0
2025-12-09 00:00:00-05:00,31.294621568742276,31.294621568742276,31.1317138671875,31.1317138671875,17798,0.0,0.0,0.0
2025-12-10 00:00:00-05:00,31.05282638687356,31.64449700653885,31.05282638687356,31.5596923828125,35198,0.0,0.0,0.0
2025-12-11 00:00:00-05:00,31.80227412813986,31.841719712046128,31.75296902912599,31.765789031982422,26260,0.0,0.0,0.0
2025-12-12 00:00:00-05:00,31.63463738070203,31.823969420353016,31.63463738070203,31.656824111938477,18845,0.0,0.0,0.0
2025-12-15 00:00:00-05:00,31.733248521744652,31.74212246215415,31.67408014162554,31.73818016052246,105547,0.0,0.0,0.0
2025-12-16 00:00:00-05:00,31.47192798248029,31.496580533675786,31.368384258068673,31.44214630126953,16516,0.0,0.0,0.0
2025-12-17 00:00:00-05:00,31.362468353886932,31.565605973918224,31.362468353886932,31.392248153686523,6487,0.0,0.0,0.0
2025-12-18 00:00:00-05:00,31.38810577495828,31.56560526486917,31.38810577495828,31.39057159423828,35013,0.0,0.0,0.0
2025-12-19 00:00:00-05:00,31.500819434453764,31.500819434453764,31.43682098388672,31.43682098388672,15817,0.0,0.0,0.0
2025-12-22 00:00:00-05:00,31.585329479950584,31.62477506673117,31.5458857740391,31.576553344726562,14635,0.0,0.0,0.0
2025-12-23 00:00:00-05:00,31.4867176733603,31.624773458332793,31.4867176733603,31.588088989257812,50259,0.0,0.0,0.0
2025-12-24 00:00:00-05:00,31.56560484611965,31.68886947631836,31.56560484611965,31.68886947631836,17288,0.0,0.0,0.0
2025-12-26 00:00:00-05:00,31.61491396027979,31.72338367586172,31.61491396027979,31.708396911621094,6073,0.0,0.0,0.0
2025-12-29 00:00:00-05:00,31.667375378158127,31.693801587877086,31.59519138694145,31.654356002807617,38106,0.0,0.0,0.0
2025-12-30 00:00:00-05:00,31.59042825960403,31.74997572338338,31.59042825960403,31.680871963500977,14171,0.355889,0.0,0.0
2025-12-31 00:00:00-05:00,31.650258621905948,31.650258621905948,31.498090744018555,31.498090744018555,20583,0.0,0.0,0.0
2026-01-02 00:00:00-05:00,31.650257079818115,31.849692354198726,31.650257079818115,31.75316619873047,84082,0.0,0.0,0.0
2026-01-05 00:00:00-05:00,31.959379057880668,32.12890036724601,31.88957728458651,32.07973861694336,65589,0.0,0.0,0.0
2026-01-06 00:00:00-05:00,32.21864623101185,32.308391912030714,32.168784560736974,32.26142501831055,27285,0.0,0.0,0.0
2026-01-07 00:00:00-05:00,32.18912942353961,32.248561737680696,31.9693546295166,31.9693546295166,45823,0.0,0.0,0.0
2026-01-08 00:00:00-05:00,32.13887191533011,32.3881650612485,32.13887191533011,32.37221145629883,13943,0.0,0.0,0.0
2026-01-09 00:00:00-05:00,32.61502400181718,32.627489420378836,32.4280541351275,32.617515563964844,15311,0.0,0.0,0.0
2026-01-12 00:00:00-05:00,32.65740153577373,32.69728935135159,32.577625904618,32.692203521728516,7048,0.0,0.0,0.0
2026-01-13 00:00:00-05:00,32.73218929078641,32.73218929078641,32.667370641372244,32.717430114746094,6977,0.0,0.0,0.0
2026-01-14 00:00:00-05:00,32.966528122749224,32.966528122749224,32.8169507084743,32.94977569580078,8674,0.0,0.0,0.0
2026-01-15 00:00:00-05:00,33.066244466704084,33.16586130706189,33.0562744140625,33.0562744140625,8313,0.0,0.0,0.0
2026-01-16 00:00:00-05:00,32.986471830745714,32.998138427734375,32.976497974435226,32.998138427734375,14426,0.0,0.0,0.0
2026-01-20 00:00:00-05:00,32.73468432583986,32.90669721536423,32.557688311917495,32.597572326660156,19258,0.0,0.0,0.0
2026-01-21 00:00:00-05:00,32.911681911386005,33.126074167222285,32.911681911386005,33.1161003112793,39335,0.0,0.0,0.0
2026-01-22 00:00:00-05:00,33.2706651092137,33.335381056397104,33.18590254816699,33.2158203125,24427,0.0,0.0,0.0
2026-01-23 00:00:00-05:00,33.3155353772887,33.584772427381246,33.1659579703779,33.23576354980469,21477,0.0,0.0,0.0
2026-01-26 00:00:00-05:00,33.345450530228774,33.345450530228774,33.27116394042969,33.27116394042969,26754,0.0,0.0,0.0
2026-01-27 00:00:00-05:00,33.37536733211944,33.47508306814333,33.37536733211944,33.45513916015625,5121,0.0,0.0,0.0
2026-01-28 00:00:00-05:00,33.47508486188706,33.485058718370794,33.30556734078065,33.34545135498047,31667,0.0,0.0,0.0
2026-01-29 00:00:00-05:00,33.53491400747378,33.53491400747378,33.4451683255875,33.48984146118164,36140,0.0,0.0,0.0
2026-01-30 00:00:00-05:00,33.26567997931888,33.37536957867547,33.26567997931888,33.36041259765625,31927,0.0,0.0,0.0
2026-02-02 00:00:00-05:00,33.44287558810996,33.5104825076567,33.44287558810996,33.51038360595703,8207,0.0,0.0,0.0
2026-02-03 00:00:00-05:00,33.834064699920354,33.834064699920354,33.5049959347399,33.71440505981445,12929,0.0,0.0,0.0
2026-02-04 00:00:00-05:00,34.01355721375251,34.1731046739332,34.01355721375251,34.133216857910156,5107,0.0,0.0,0.0
2026-02-05 00:00:00-05:00,34.05344704589259,34.05344704589259,33.87395566707367,33.90386962890625,16129,0.0,0.0,0.0
2026-02-06 00:00:00-05:00,34.372540194765136,34.52211380004883,34.372540194765136,34.52211380004883,8931,0.0,0.0,0.0
2026-02-09 00:00:00-05:00,34.51214509860029,34.65174865722656,34.51214509860029,34.65174865722656,12675,0.0,0.0,0.0
2026-02-10 00:00:00-05:00,34.67169055358799,34.791350196334434,34.65453871682213,34.711578369140625,43025,0.0,0.0,0.0
2026-02-11 00:00:00-05:00,34.801325529111914,34.915998248803014,34.801325529111914,34.91390609741211,3622,0.0,0.0,0.0
2026-02-12 00:00:00-05:00,34.66171581467407,34.66171581467407,34.5336799621582,34.5336799621582,6166,0.0,0.0,0.0
2026-02-13 00:00:00-05:00,34.61185929450644,34.657928466796875,34.601889242440286,34.657928466796875,26473,0.0,0.0,0.0
2026-02-17 00:00:00-05:00,34.68166187631132,34.68166187631132,34.48223039906358,34.63130569458008,12146,0.0,0.0,0.0
2026-02-18 00:00:00-05:00,34.69163535632638,34.83123891045058,34.69163535632638,34.741493225097656,15484,0.0,0.0,0.0
2026-02-19 00:00:00-05:00,34.81129612478682,34.88109790409995,34.542059060045446,34.65174865722656,31030,0.0,0.0,0.0
2026-02-20 00:00:00-05:00,34.72154891895174,34.8810963795386,34.72154891895174,34.838218688964844,10920,0.0,0.0,0.0
2026-02-23 00:00:00-05:00,34.901042246919936,34.901042246919936,34.643772285122935,34.65593719482422,100,0.0,0.0,0.0
2026-02-24 00:00:00-05:00,34.84121027325387,34.849586486816406,34.831240220689196,34.849586486816406,1,0.0,0.0,0.0
2026-02-25 00:00:00-05:00,34.886083485108436,34.93095442554337,34.77140696414438,34.86115264892578,7446,0.0,0.0,0.0
2026-02-26 00:00:00-05:00,34.96087162347526,34.96087162347526,34.94301986694336,34.94301986694336,1,0.0,0.0,0.0
2026-02-27 00:00:00-05:00,34.89107092938172,35.01073057622357,34.89107092938172,34.995872497558594,90,0.0,0.0,0.0
2026-03-02 00:00:00-05:00,34.72154820284415,34.83123779296875,34.611858612719544,34.83123779296875,11338,0.0,0.0,0.0
2026-03-03 00:00:00-05:00,33.84403510441482,34.232935595657715,33.84403510441482,34.15715026855469,4691,0.0,0.0,0.0
2026-03-04 00:00:00-05:00,34.29276679263587,34.37254243043853,34.29276679263587,34.34262466430664,19018,0.0,0.0,0.0
2026-03-05 00:00:00-05:00,33.683391734200434,33.774932861328125,33.57978460020597,33.774932861328125,8786,0.0,0.0,0.0
2026-03-06 00:00:00-05:00,33.415251344182096,33.46511301610554,33.415251344182096,33.45513916015625,188,0.0,0.0,0.0
2026-03-09 00:00:00-04:00,32.90669413158226,33.61468572874727,32.85683626489245,33.59474182128906,9228,0.0,0.0,0.0
2026-03-10 00:00:00-04:00,33.425226775651566,33.903869178168065,33.425226775651566,33.46511459350586,17010,0.0,0.0,0.0
2026-03-11 00:00:00-04:00,33.35542319921878,33.42522497474713,33.33547929136618,33.40528106689453,14108,0.0,0.0,0.0
2026-03-12 00:00:00-04:00,33.076212490135966,33.076212490135966,32.94658279418945,32.94658279418945,8377,0.0,0.0,0.0
2026-03-13 00:00:00-04:00,33.15090319244487,33.15090319244487,32.77706236833156,32.80698013305664,19610,0.0,0.0,0.0
2026-03-16 00:00:00-04:00,33.175932707489125,33.175932707489125,33.01638524437167,33.09615707397461,9899,0.0,0.0,0.0
2026-03-17 00:00:00-04:00,33.28562190088148,33.28562190088148,33.1928825378418,33.1928825378418,11990,0.0,0.0,0.0
2026-03-18 00:00:00-04:00,32.98148546991224,32.98148546991224,32.507826188719065,32.66737365722656,23188,0.0,0.0,0.0
2026-03-19 00:00:00-04:00,32.44300955758942,32.66737186527617,32.43802262962195,32.6075439453125,17106,0.0,0.0,0.0
2026-03-20 00:00:00-04:00,32.36821991153644,32.36821991153644,32.069068908691406,32.069068908691406,14927,0.0,0.0,0.0
2026-03-23 00:00:00-04:00,32.54771333844987,32.79700649061803,32.517799377441406,32.517799377441406,14387,0.0,0.0,0.0
2026-03-24 00:00:00-04:00,32.398138157744825,32.65171830601076,32.398138157744825,32.5078239440918,10993,0.0,0.0,0.0
2026-03-25 00:00:00-04:00,32.5078239440918,32.5078239440918,32.5078239440918,32.5078239440918,0,0.0,0.0,0.0
2026-03-26 00:00:00-04:00,32.477910100968145,32.509322801745,32.477910100968145,32.49037551879883,10934,0.0,0.0,0.0
2026-03-27 00:00:00-04:00,32.49785318892976,32.49785318892976,32.18872833251953,32.18872833251953,3527,0.0,0.0,0.0
2026-03-30 00:00:00-04:00,32.33000183105469,32.33000183105469,32.09000015258789,32.189998626708984,21611,0.091268,0.0,0.0
2026-03-31 00:00:00-04:00,32.56999969482422,32.86000061035156,32.43899917602539,32.81999969482422,14748,0.0,0.0,0.0
2026-04-01 00:00:00-04:00,33.060001373291016,33.099998474121094,33.00210189819336,33.056400299072266,7739,0.0,0.0,0.0
2026-04-02 00:00:00-04:00,32.77000045776367,32.97010040283203,32.77000045776367,32.97010040283203,6879,0.0,0.0,0.0
2026-04-06 00:00:00-04:00,33.099998474121094,33.150001525878906,33.08000183105469,33.13840103149414,25884,0.0,0.0,0.0
2026-04-07 00:00:00-04:00,32.93000030517578,33.042701721191406,32.90999984741211,33.042701721191406,13833,0.0,0.0,0.0
2026-04-08 00:00:00-04:00,33.782798767089844,33.930301666259766,33.779998779296875,33.930301666259766,35931,0.0,0.0,0.0
2026-04-09 00:00:00-04:00,34.02000045776367,34.04999923706055,33.97760009765625,33.97760009765625,33531,0.0,0.0,0.0
2026-04-10 00:00:00-04:00,33.97999954223633,33.97999954223633,33.79999923706055,33.84040069580078,6336,0.0,0.0,0.0
2026-04-13 00:00:00-04:00,33.790000915527344,34.06060028076172,33.7599983215332,34.06060028076172,24938,0.0,0.0,0.0
2026-04-14 00:00:00-04:00,34.170101165771484,34.2598991394043,34.170101165771484,34.18840026855469,26936,0.0,0.0,0.0
2026-04-15 00:00:00-04:00,34.06999969482422,34.130001068115234,34.06999969482422,34.08679962158203,6749,0.0,0.0,0.0
2026-04-16 00:00:00-04:00,34.2599983215332,34.27000045776367,34.150001525878906,34.15800094604492,21720,0.0,0.0,0.0
2026-04-17 00:00:00-04:00,34.400001525878906,34.609901428222656,34.399898529052734,34.57939910888672,24699,0.0,0.0,0.0
2026-04-20 00:00:00-04:00,34.400001525878906,34.555301666259766,34.400001525878906,34.54899978637695,7910,0.0,0.0,0.0
2026-04-21 00:00:00-04:00,34.29999923706055,34.349998474121094,34.17300033569336,34.17300033569336,24058,0.0,0.0,0.0
2026-04-22 00:00:00-04:00,34.201499938964844,34.2130012512207,34.13999938964844,34.176998138427734,15449,0.0,0.0,0.0
2026-04-23 00:00:00-04:00,34.2400016784668,34.2599983215332,34.13600158691406,34.1525993347168,2525,0.0,0.0,0.0
2026-04-24 00:00:00-04:00,34.09000015258789,34.119998931884766,34.06999969482422,34.11909866333008,11810,0.0,0.0,0.0
2026-04-27 00:00:00-04:00,34.06999969482422,34.06999969482422,33.97999954223633,34.049198150634766,18052,0.0,0.0,0.0
2026-04-28 00:00:00-04:00,34.04999923706055,34.04999923706055,33.97999954223633,34.00640106201172,6431,0.0,0.0,0.0
2026-04-29 00:00:00-04:00,34.130001068115234,34.13999938964844,33.820098876953125,33.887001037597656,30828,0.0,0.0,0.0
2026-04-30 00:00:00-04:00,34.34000015258789,34.5,34.34000015258789,34.48809814453125,19695,0.0,0.0,0.0
2026-05-01 00:00:00-04:00,34.494998931884766,34.494998931884766,34.33000183105469,34.36029815673828,25275,0.0,0.0,0.0
2026-05-04 00:00:00-04:00,34.27000045776367,34.27000045776367,33.94070053100586,33.96860122680664,4235,0.0,0.0,0.0
2026-05-05 00:00:00-04:00,34.2400016784668,34.409000396728516,34.2400016784668,34.32600021362305,4199,0.0,0.0,0.0
2026-05-06 00:00:00-04:00,34.709999084472656,34.79999923706055,34.68000030517578,34.763301849365234,49952,0.0,0.0,0.0
2026-05-07 00:00:00-04:00,34.63999938964844,34.63999938964844,34.38999938964844,34.40999984741211,15636,0.0,0.0,0.0
2026-05-08 00:00:00-04:00,34.51890182495117,34.54999923706055,34.4900016784668,34.4984016418457,7697,0.0,0.0,0.0
2026-05-11 00:00:00-04:00,34.56999969482422,34.56999969482422,34.439998626708984,34.459999084472656,8188,0.0,0.0,0.0
2026-05-12 00:00:00-04:00,34.2599983215332,34.38999938964844,34.2599983215332,34.37110137939453,7258,0.0,0.0,0.0
2026-05-13 00:00:00-04:00,34.29999923706055,34.40999984741211,34.275001525878906,34.40999984741211,6434,0.0,0.0,0.0
2026-05-14 00:00:00-04:00,34.59000015258789,34.59000015258789,34.43000030517578,34.45600128173828,5847,0.0,0.0,0.0
2026-05-15 00:00:00-04:00,34.09000015258789,34.095001220703125,34.05440139770508,34.05440139770508,4783,0.0,0.0,0.0
2026-05-18 00:00:00-04:00,34.189998626708984,34.29560089111328,34.189998626708984,34.29560089111328,5042,0.0,0.0,0.0
2026-05-19 00:00:00-04:00,34.119998931884766,34.209999084472656,34.119998931884766,34.150001525878906,7134,0.0,0.0,0.0
2026-05-20 00:00:00-04:00,34.13999938964844,34.459999084472656,34.13999938964844,34.45000076293945,2141,0.0,0.0,0.0
2026-05-21 00:00:00-04:00,34.41999816894531,34.665000915527344,34.290000915527344,34.63999938964844,23423,0.0,0.0,0.0
2026-05-22 00:00:00-04:00,34.845001220703125,34.970001220703125,34.823001861572266,34.880001068115234,67132,0.0,0.0,0.0
2026-05-26 00:00:00-04:00,35.189998626708984,35.189998626708984,35.06999969482422,35.13909912109375,22749,0.0,0.0,0.0
2026-05-27 00:00:00-04:00,35.106300354003906,35.130001068115234,35.04999923706055,35.08660125732422,7841,0.0,0.0,0.0
2026-05-28 00:00:00-04:00,35.11000061035156,35.16999816894531,35.060001373291016,35.11600112915039,15040,0.0,0.0,0.0
2026-05-29 00:00:00-04:00,35.099998474121094,35.194400787353516,35.099998474121094,35.104000091552734,23317,0.0,0.0,0.0
