Date,Open,High,Low,Close,Volume,Dividends,Stock Splits
1994-04-04 00:00:00-04:00,22.88303565979004,22.88303565979004,22.88303565979004,22.88303565979004,167,0.0,0.0
1994-04-05 00:00:00-04:00,31.46417840321859,34.32455825805664,31.46417840321859,34.32455825805664,167,0.0,0.0
1994-04-06 00:00:00-04:00,34.32455825805664,34.32455825805664,34.32455825805664,34.32455825805664,0,0.0,0.0
1994-04-07 00:00:00-04:00,34.32455825805664,34.32455825805664,34.32455825805664,34.32455825805664,0,0.0,0.0
1994-04-08 00:00:00-04:00,34.32455825805664,34.32455825805664,34.32455825805664,34.32455825805664,0,0.0,0.0
1994-04-11 00:00:00-04:00,34.32455825805664,34.32455825805664,34.32455825805664,34.32455825805664,0,0.0,0.0
1994-04-12 00:00:00-04:00,34.32455825805664,34.32455825805664,34.32455825805664,34.32455825805664,0,0.0,0.0
1994-04-13 00:00:00-04:00,34.32455825805664,34.32455825805664,34.32455825805664,34.32455825805664,0,0.0,0.0
1994-04-14 00:00:00-04:00,34.32455825805664,34.32455825805664,34.32455825805664,34.32455825805664,0,0.0,0.0
1994-04-15 00:00:00-04:00,34.32455825805664,34.32455825805664,34.32455825805664,34.32455825805664,0,0.0,0.0
1994-04-18 00:00:00-04:00,34.32455825805664,34.32455825805664,34.32455825805664,34.32455825805664,0,0.0,0.0
1994-04-19 00:00:00-04:00,34.32455825805664,34.32455825805664,34.32455825805664,34.32455825805664,0,0.0,0.0
1994-04-20 00:00:00-04:00,34.32455825805664,34.32455825805664,34.32455825805664,34.32455825805664,0,0.0,0.0
1994-04-21 00:00:00-04:00,34.32455825805664,34.32455825805664,34.32455825805664,34.32455825805664,0,0.0,0.0
1994-04-22 00:00:00-04:00,34.32455825805664,34.32455825805664,34.32455825805664,34.32455825805664,0,0.0,0.0
1994-04-25 00:00:00-04:00,34.32455825805664,34.32455825805664,34.32455825805664,34.32455825805664,0,0.0,0.0
1994-04-26 00:00:00-04:00,22.88303565979004,22.88303565979004,22.88303565979004,22.88303565979004,125,0.0,0.0
1994-04-28 00:00:00-04:00,20.022658983866375,20.022658983866375,17.16227912902832,17.16227912902832,292,0.0,0.0
1994-04-29 00:00:00-04:00,17.16227912902832,17.16227912902832,17.16227912902832,17.16227912902832,0,0.0,0.0
1994-05-02 00:00:00-04:00,17.16227912902832,17.16227912902832,17.16227912902832,17.16227912902832,0,0.0,0.0
1994-05-03 00:00:00-04:00,17.16227912902832,17.16227912902832,17.16227912902832,17.16227912902832,0,0.0,0.0
1994-05-04 00:00:00-04:00,17.16227912902832,17.16227912902832,17.16227912902832,17.16227912902832,0,0.0,0.0
1994-05-05 00:00:00-04:00,25.74341583251953,25.74341583251953,25.74341583251953,25.74341583251953,417,0.0,0.0
1994-05-06 00:00:00-04:00,25.74341583251953,25.74341583251953,25.74341583251953,25.74341583251953,0,0.0,0.0
1994-05-09 00:00:00-04:00,17.16227874755859,17.16227874755859,14.301898956298828,14.301898956298828,142,0.0,0.0
1994-05-10 00:00:00-04:00,14.301898956298828,14.301898956298828,14.301898956298828,14.301898956298828,0,0.0,0.0
1994-05-11 00:00:00-04:00,14.301898956298828,14.301898956298828,14.301898956298828,14.301898956298828,167,0.0,0.0
1994-05-12 00:00:00-04:00,14.301898956298828,14.301898956298828,14.301898956298828,14.301898956298828,0,0.0,0.0
1994-05-13 00:00:00-04:00,14.301898956298828,14.301898956298828,14.301898956298828,14.301898956298828,0,0.0,0.0
1994-05-16 00:00:00-04:00,14.301898956298828,14.301898956298828,14.301898956298828,14.301898956298828,0,0.0,0.0
1994-05-17 00:00:00-04:00,14.301898956298828,14.301898956298828,14.301898956298828,14.301898956298828,0,0.0,0.0
1994-05-18 00:00:00-04:00,11.441519419352215,11.441519419352215,8.58113956451416,8.58113956451416,150,0.0,0.0
1994-05-19 00:00:00-04:00,8.58113956451416,8.58113956451416,8.58113956451416,8.58113956451416,0,0.0,0.0
1994-05-20 00:00:00-04:00,8.58113956451416,8.58113956451416,8.58113956451416,8.58113956451416,0,0.0,0.0
1994-05-23 00:00:00-04:00,8.58113956451416,8.58113956451416,8.58113956451416,8.58113956451416,0,0.0,0.0
1994-05-24 00:00:00-04:00,8.58113956451416,8.58113956451416,8.58113956451416,8.58113956451416,0,0.0,0.0
1994-05-25 00:00:00-04:00,17.16227912902832,17.16227912902832,17.16227912902832,17.16227912902832,250,0.0,0.0
1994-05-26 00:00:00-04:00,17.162279401506698,20.022659301757812,17.162279401506698,20.022659301757812,417,0.0,0.0
1994-05-27 00:00:00-04:00,20.022659301757812,20.022659301757812,20.022659301757812,20.022659301757812,0,0.0,0.0
1994-05-31 00:00:00-04:00,20.022659301757812,20.022659301757812,20.022659301757812,20.022659301757812,0,0.0,0.0
1994-06-01 00:00:00-04:00,17.16227674484253,17.16227674484253,11.44151782989502,11.44151782989502,225,0.0,0.0
1994-06-02 00:00:00-04:00,11.44151782989502,11.44151782989502,11.44151782989502,11.44151782989502,0,0.0,0.0
1994-06-03 00:00:00-04:00,11.44151782989502,11.44151782989502,11.44151782989502,11.44151782989502,0,0.0,0.0
1994-06-06 00:00:00-04:00,11.44151782989502,11.44151782989502,11.44151782989502,11.44151782989502,0,0.0,0.0
1994-06-07 00:00:00-04:00,11.44151782989502,11.44151782989502,11.44151782989502,11.44151782989502,0,0.0,0.0
1994-06-08 00:00:00-04:00,11.44151782989502,11.44151782989502,11.44151782989502,11.44151782989502,0,0.0,0.0
1994-06-09 00:00:00-04:00,11.44151782989502,11.44151782989502,11.44151782989502,11.44151782989502,0,0.0,0.0
1994-06-10 00:00:00-04:00,11.44151782989502,11.44151782989502,11.44151782989502,11.44151782989502,0,0.0,0.0
1994-06-13 00:00:00-04:00,11.44151782989502,11.44151782989502,11.44151782989502,11.44151782989502,0,0.0,0.0
1994-06-14 00:00:00-04:00,11.44151782989502,11.44151782989502,11.44151782989502,11.44151782989502,0,0.0,0.0
1994-06-15 00:00:00-04:00,11.44151782989502,11.44151782989502,11.44151782989502,11.44151782989502,0,0.0,0.0
1994-06-16 00:00:00-04:00,11.44151782989502,11.44151782989502,11.44151782989502,11.44151782989502,0,0.0,0.0
1994-06-17 00:00:00-04:00,11.44151782989502,11.44151782989502,11.44151782989502,11.44151782989502,0,0.0,0.0
1994-06-20 00:00:00-04:00,11.44151782989502,11.44151782989502,11.44151782989502,11.44151782989502,0,0.0,0.0
1994-06-21 00:00:00-04:00,11.44151782989502,11.44151782989502,11.44151782989502,11.44151782989502,0,0.0,0.0
1994-06-22 00:00:00-04:00,11.44151782989502,11.44151782989502,11.44151782989502,11.44151782989502,0,0.0,0.0
1994-06-23 00:00:00-04:00,11.44151782989502,11.44151782989502,11.44151782989502,11.44151782989502,0,0.0,0.0
1994-06-24 00:00:00-04:00,11.44151782989502,11.44151782989502,11.44151782989502,11.44151782989502,0,0.0,0.0
1994-06-27 00:00:00-04:00,11.44151782989502,11.44151782989502,11.44151782989502,11.44151782989502,0,0.0,0.0
1994-06-28 00:00:00-04:00,11.44151782989502,11.44151782989502,11.44151782989502,11.44151782989502,0,0.0,0.0
1994-06-29 00:00:00-04:00,11.44151782989502,11.44151782989502,11.44151782989502,11.44151782989502,0,0.0,0.0
1994-06-30 00:00:00-04:00,11.44151782989502,11.44151782989502,11.44151782989502,11.44151782989502,0,0.0,0.0
1994-07-01 00:00:00-04:00,11.44151782989502,11.44151782989502,11.44151782989502,11.44151782989502,0,0.0,0.0
1994-07-05 00:00:00-04:00,11.44151782989502,11.44151782989502,11.44151782989502,11.44151782989502,0,0.0,0.0
1994-07-06 00:00:00-04:00,11.44151782989502,11.44151782989502,11.44151782989502,11.44151782989502,0,0.0,0.0
1994-07-07 00:00:00-04:00,11.44151782989502,11.44151782989502,11.44151782989502,11.44151782989502,0,0.0,0.0
1994-07-08 00:00:00-04:00,11.44151782989502,11.44151782989502,11.44151782989502,11.44151782989502,0,0.0,0.0
1994-07-11 00:00:00-04:00,11.44151782989502,11.44151782989502,11.44151782989502,11.44151782989502,0,0.0,0.0
1994-07-12 00:00:00-04:00,11.44151782989502,11.44151782989502,11.44151782989502,11.44151782989502,0,0.0,0.0
1994-07-13 00:00:00-04:00,11.44151782989502,11.44151782989502,11.44151782989502,11.44151782989502,0,0.0,0.0
1994-07-14 00:00:00-04:00,11.44151782989502,11.44151782989502,11.44151782989502,11.44151782989502,0,0.0,0.0
1994-07-15 00:00:00-04:00,11.44151782989502,11.44151782989502,11.44151782989502,11.44151782989502,0,0.0,0.0
1994-07-18 00:00:00-04:00,11.44151782989502,11.44151782989502,11.44151782989502,11.44151782989502,0,0.0,0.0
1994-07-19 00:00:00-04:00,11.44151782989502,11.44151782989502,11.44151782989502,11.44151782989502,0,0.0,0.16666666666666666
1994-07-20 00:00:00-04:00,11.44151782989502,11.44151782989502,11.44151782989502,11.44151782989502,0,0.0,0.0
1994-07-21 00:00:00-04:00,11.44151782989502,11.44151782989502,11.44151782989502,11.44151782989502,0,0.0,0.0
1994-07-22 00:00:00-04:00,11.44151782989502,11.44151782989502,11.44151782989502,11.44151782989502,0,0.0,0.0
1994-07-25 00:00:00-04:00,11.44151782989502,11.44151782989502,11.44151782989502,11.44151782989502,0,0.0,0.0
1994-07-26 00:00:00-04:00,11.44151782989502,11.44151782989502,11.44151782989502,11.44151782989502,0,0.0,0.0
1994-07-27 00:00:00-04:00,11.44151782989502,11.44151782989502,11.44151782989502,11.44151782989502,0,0.0,0.0
1994-07-28 00:00:00-04:00,11.44151782989502,11.44151782989502,11.44151782989502,11.44151782989502,0,0.0,0.0
1994-07-29 00:00:00-04:00,11.44151782989502,11.44151782989502,11.44151782989502,11.44151782989502,0,0.0,0.0
1994-08-01 00:00:00-04:00,11.44151782989502,11.44151782989502,11.44151782989502,11.44151782989502,0,0.0,0.0
1994-08-02 00:00:00-04:00,11.44151782989502,11.44151782989502,11.44151782989502,11.44151782989502,0,0.0,0.0
1994-08-03 00:00:00-04:00,11.44151782989502,11.44151782989502,11.44151782989502,11.44151782989502,0,0.0,0.0
1994-08-04 00:00:00-04:00,11.44151782989502,11.44151782989502,11.44151782989502,11.44151782989502,0,0.0,0.0
1994-08-05 00:00:00-04:00,11.44151782989502,11.44151782989502,11.44151782989502,11.44151782989502,0,0.0,0.0
1994-08-08 00:00:00-04:00,11.44151782989502,11.44151782989502,11.44151782989502,11.44151782989502,0,0.0,0.0
1994-08-09 00:00:00-04:00,11.44151782989502,11.44151782989502,11.44151782989502,11.44151782989502,150,0.0,0.0
1994-08-10 00:00:00-04:00,11.44151782989502,11.44151782989502,11.44151782989502,11.44151782989502,0,0.0,0.0
1994-08-11 00:00:00-04:00,11.44151782989502,11.44151782989502,11.44151782989502,11.44151782989502,0,0.0,0.0
1994-08-12 00:00:00-04:00,9.534602165222168,9.534602165222168,9.534602165222168,9.534602165222168,100,0.0,0.0
1994-08-15 00:00:00-04:00,9.534602165222168,9.534602165222168,9.534602165222168,9.534602165222168,0,0.0,0.0
1994-08-16 00:00:00-04:00,9.534602165222168,9.534602165222168,9.534602165222168,9.534602165222168,0,0.0,0.0
1994-08-17 00:00:00-04:00,9.534602165222168,9.534602165222168,9.534602165222168,9.534602165222168,0,0.0,0.0
1994-08-18 00:00:00-04:00,9.534602165222168,9.534602165222168,9.534602165222168,9.534602165222168,0,0.0,0.0
1994-08-19 00:00:00-04:00,9.534602165222168,9.534602165222168,9.534602165222168,9.534602165222168,0,0.0,0.0
1994-08-22 00:00:00-04:00,9.534602165222168,9.534602165222168,9.534602165222168,9.534602165222168,0,0.0,0.0
1994-08-23 00:00:00-04:00,9.534602165222168,9.534602165222168,9.534602165222168,9.534602165222168,0,0.0,0.0
1994-08-24 00:00:00-04:00,9.534602165222168,9.534602165222168,9.534602165222168,9.534602165222168,0,0.0,0.0
1994-08-25 00:00:00-04:00,9.534602165222168,9.534602165222168,9.534602165222168,9.534602165222168,0,0.0,0.0
1994-08-26 00:00:00-04:00,9.534602165222168,9.534602165222168,9.534602165222168,9.534602165222168,0,0.0,0.0
1994-08-29 00:00:00-04:00,9.534602165222168,9.534602165222168,9.534602165222168,9.534602165222168,0,0.0,0.0
1994-08-30 00:00:00-04:00,9.534602165222168,9.534602165222168,9.534602165222168,9.534602165222168,0,0.0,0.0
1994-08-31 00:00:00-04:00,9.534602165222168,9.534602165222168,9.534602165222168,9.534602165222168,0,0.0,0.0
1994-09-01 00:00:00-04:00,9.534602165222168,9.534602165222168,9.534602165222168,9.534602165222168,0,0.0,0.0
1994-09-02 00:00:00-04:00,9.534602165222168,9.534602165222168,9.534602165222168,9.534602165222168,0,0.0,0.0
1994-09-06 00:00:00-04:00,9.534602165222168,9.534602165222168,9.534602165222168,9.534602165222168,0,0.0,0.0
1994-09-07 00:00:00-04:00,9.534602165222168,9.534602165222168,9.534602165222168,9.534602165222168,0,0.0,0.0
1994-09-08 00:00:00-04:00,9.534602165222168,9.534602165222168,9.534602165222168,9.534602165222168,0,0.0,0.0
1994-09-09 00:00:00-04:00,7.62768030166626,7.62768030166626,7.62768030166626,7.62768030166626,150,0.0,0.0
1994-09-12 00:00:00-04:00,7.62768030166626,7.62768030166626,7.62768030166626,7.62768030166626,0,0.0,0.0
1994-09-13 00:00:00-04:00,7.62768030166626,7.62768030166626,7.62768030166626,7.62768030166626,0,0.0,0.0
1994-09-14 00:00:00-04:00,7.62768030166626,7.62768030166626,7.62768030166626,7.62768030166626,0,0.0,0.0
1994-09-15 00:00:00-04:00,7.62768030166626,7.62768030166626,7.62768030166626,7.62768030166626,0,0.0,0.0
1994-09-16 00:00:00-04:00,7.62768030166626,7.62768030166626,7.62768030166626,7.62768030166626,0,0.0,0.0
1994-09-19 00:00:00-04:00,7.62768030166626,7.62768030166626,7.62768030166626,7.62768030166626,0,0.0,0.0
1994-09-20 00:00:00-04:00,7.62768030166626,7.62768030166626,7.62768030166626,7.62768030166626,0,0.0,0.0
1994-09-21 00:00:00-04:00,7.62768030166626,7.62768030166626,7.62768030166626,7.62768030166626,0,0.0,0.0
1994-09-22 00:00:00-04:00,5.72075891494751,5.72075891494751,5.72075891494751,5.72075891494751,150,0.0,0.0
1994-09-23 00:00:00-04:00,5.72075891494751,5.72075891494751,5.72075891494751,5.72075891494751,0,0.0,0.0
1994-09-26 00:00:00-04:00,5.72075891494751,5.72075891494751,5.72075891494751,5.72075891494751,0,0.0,0.0
1994-09-27 00:00:00-04:00,5.72075891494751,5.72075891494751,5.72075891494751,5.72075891494751,0,0.0,0.0
1994-09-28 00:00:00-04:00,5.72075891494751,5.72075891494751,5.72075891494751,5.72075891494751,0,0.0,0.0
1994-09-29 00:00:00-04:00,5.72075891494751,5.72075891494751,5.72075891494751,5.72075891494751,0,0.0,0.0
1994-09-30 00:00:00-04:00,5.72075891494751,5.72075891494751,5.72075891494751,5.72075891494751,0,0.0,0.0
1994-10-03 00:00:00-04:00,5.72075891494751,5.72075891494751,5.72075891494751,5.72075891494751,0,0.0,0.0
1994-10-04 00:00:00-04:00,5.72075891494751,5.72075891494751,5.72075891494751,5.72075891494751,0,0.0,0.0
1994-10-05 00:00:00-04:00,5.72075891494751,5.72075891494751,5.72075891494751,5.72075891494751,0,0.0,0.0
1994-10-06 00:00:00-04:00,5.72075891494751,5.72075891494751,5.72075891494751,5.72075891494751,50,0.0,0.0
1994-10-07 00:00:00-04:00,5.72075891494751,5.72075891494751,5.72075891494751,5.72075891494751,0,0.0,0.0
1994-10-10 00:00:00-04:00,5.72075891494751,5.72075891494751,5.72075891494751,5.72075891494751,0,0.0,0.0
1994-10-11 00:00:00-04:00,5.72075891494751,5.72075891494751,5.72075891494751,5.72075891494751,0,0.0,0.0
1994-10-12 00:00:00-04:00,5.72075891494751,5.72075891494751,5.72075891494751,5.72075891494751,0,0.0,0.0
1994-10-13 00:00:00-04:00,5.72075891494751,5.72075891494751,5.72075891494751,5.72075891494751,0,0.0,0.0
1994-10-14 00:00:00-04:00,5.72075891494751,5.72075891494751,5.72075891494751,5.72075891494751,0,0.0,0.0
1994-10-17 00:00:00-04:00,5.72075891494751,5.72075891494751,5.72075891494751,5.72075891494751,0,0.0,0.0
1994-10-18 00:00:00-04:00,5.72075891494751,5.72075891494751,5.72075891494751,5.72075891494751,0,0.0,0.0
1994-10-19 00:00:00-04:00,5.72075891494751,5.72075891494751,5.72075891494751,5.72075891494751,0,0.0,0.0
1994-10-20 00:00:00-04:00,5.72075891494751,5.72075891494751,5.72075891494751,5.72075891494751,0,0.0,0.0
1994-10-21 00:00:00-04:00,5.72075891494751,5.72075891494751,5.72075891494751,5.72075891494751,650,0.0,0.0
1994-10-24 00:00:00-04:00,5.72075891494751,5.72075891494751,5.72075891494751,5.72075891494751,0,0.0,0.0
1994-10-25 00:00:00-04:00,5.72075891494751,5.72075891494751,5.72075891494751,5.72075891494751,0,0.0,0.0
1994-10-26 00:00:00-04:00,6.674219608306885,6.674219608306885,6.674219608306885,6.674219608306885,50,0.0,0.0
1994-10-27 00:00:00-04:00,6.674219608306885,6.674219608306885,6.674219608306885,6.674219608306885,0,0.0,0.0
1994-10-28 00:00:00-04:00,6.674219608306885,6.674219608306885,6.674219608306885,6.674219608306885,0,0.0,0.0
1994-10-31 00:00:00-05:00,6.674219608306885,6.674219608306885,6.674219608306885,6.674219608306885,0,0.0,0.0
1994-11-01 00:00:00-05:00,6.674219608306885,6.674219608306885,6.674219608306885,6.674219608306885,0,0.0,0.0
1994-11-02 00:00:00-05:00,6.674219608306885,6.674219608306885,6.674219608306885,6.674219608306885,0,0.0,0.0
1994-11-03 00:00:00-05:00,6.674219608306885,6.674219608306885,6.674219608306885,6.674219608306885,0,0.0,0.0
1994-11-04 00:00:00-05:00,6.674219608306885,6.674219608306885,6.674219608306885,6.674219608306885,0,0.0,0.0
1994-11-07 00:00:00-05:00,6.674219608306885,6.674219608306885,6.674219608306885,6.674219608306885,0,0.0,0.0
1994-11-08 00:00:00-05:00,6.674219608306885,6.674219608306885,6.674219608306885,6.674219608306885,0,0.0,0.0
1994-11-09 00:00:00-05:00,6.674219608306885,6.674219608306885,6.674219608306885,6.674219608306885,0,0.0,0.0
1994-11-10 00:00:00-05:00,6.674219608306885,6.674219608306885,6.674219608306885,6.674219608306885,0,0.0,0.0
1994-11-11 00:00:00-05:00,6.674219608306885,6.674219608306885,6.674219608306885,6.674219608306885,0,0.0,0.0
1994-11-14 00:00:00-05:00,6.674219608306885,6.674219608306885,6.674219608306885,6.674219608306885,0,0.0,0.0
1994-11-15 00:00:00-05:00,6.674219608306885,6.674219608306885,6.674219608306885,6.674219608306885,0,0.0,0.0
1994-11-16 00:00:00-05:00,6.674219608306885,6.674219608306885,6.674219608306885,6.674219608306885,0,0.0,0.0
1994-11-17 00:00:00-05:00,6.674219608306885,6.674219608306885,6.674219608306885,6.674219608306885,0,0.0,0.0
1994-11-18 00:00:00-05:00,6.674219608306885,6.674219608306885,6.674219608306885,6.674219608306885,0,0.0,0.0
1994-11-21 00:00:00-05:00,6.674219608306885,6.674219608306885,6.674219608306885,6.674219608306885,0,0.0,0.0
1994-11-22 00:00:00-05:00,6.674219608306885,6.674219608306885,6.674219608306885,6.674219608306885,0,0.0,0.0
1994-11-23 00:00:00-05:00,6.674219608306885,6.674219608306885,6.674219608306885,6.674219608306885,0,0.0,0.0
1994-11-25 00:00:00-05:00,6.674219608306885,6.674219608306885,6.674219608306885,6.674219608306885,0,0.0,0.0
1994-11-28 00:00:00-05:00,6.674219608306885,6.674219608306885,6.674219608306885,6.674219608306885,0,0.0,0.0
1994-11-29 00:00:00-05:00,6.674219608306885,6.674219608306885,6.674219608306885,6.674219608306885,0,0.0,0.0
1994-11-30 00:00:00-05:00,6.674219608306885,6.674219608306885,6.674219608306885,6.674219608306885,0,0.0,0.0
1994-12-01 00:00:00-05:00,6.674219608306885,6.674219608306885,6.674219608306885,6.674219608306885,0,0.0,0.0
1994-12-02 00:00:00-05:00,6.674219608306885,6.674219608306885,6.674219608306885,6.674219608306885,0,0.0,0.0
1994-12-05 00:00:00-05:00,6.674219608306885,6.674219608306885,6.674219608306885,6.674219608306885,0,0.0,0.0
1994-12-06 00:00:00-05:00,6.674219608306885,6.674219608306885,6.674219608306885,6.674219608306885,0,0.0,0.0
1994-12-07 00:00:00-05:00,6.674219608306885,6.674219608306885,6.674219608306885,6.674219608306885,0,0.0,0.0
1994-12-08 00:00:00-05:00,6.674219608306885,6.674219608306885,6.674219608306885,6.674219608306885,0,0.0,0.0
1994-12-09 00:00:00-05:00,6.674219608306885,6.674219608306885,6.674219608306885,6.674219608306885,0,0.0,0.0
1994-12-12 00:00:00-05:00,6.674219608306885,6.674219608306885,6.674219608306885,6.674219608306885,0,0.0,0.0
1994-12-13 00:00:00-05:00,6.674219608306885,6.674219608306885,6.674219608306885,6.674219608306885,0,0.0,0.0
1994-12-14 00:00:00-05:00,6.674219608306885,6.674219608306885,6.674219608306885,6.674219608306885,0,0.0,0.0
1994-12-15 00:00:00-05:00,6.674219608306885,6.674219608306885,6.674219608306885,6.674219608306885,0,0.0,0.0
1994-12-16 00:00:00-05:00,6.674219608306885,6.674219608306885,6.674219608306885,6.674219608306885,0,0.0,0.0
1994-12-19 00:00:00-05:00,6.674219608306885,6.674219608306885,6.674219608306885,6.674219608306885,0,0.0,0.0
1994-12-20 00:00:00-05:00,6.674219608306885,6.674219608306885,6.674219608306885,6.674219608306885,0,0.0,0.0
1994-12-21 00:00:00-05:00,9.534602165222168,9.534602165222168,9.534602165222168,9.534602165222168,250,0.0,0.0
1994-12-22 00:00:00-05:00,9.534602165222168,9.534602165222168,9.534602165222168,9.534602165222168,0,0.0,0.0
1994-12-23 00:00:00-05:00,9.534602165222168,9.534602165222168,9.534602165222168,9.534602165222168,0,0.0,0.0
1994-12-27 00:00:00-05:00,9.534602165222168,9.534602165222168,9.534602165222168,9.534602165222168,0,0.0,0.0
1994-12-28 00:00:00-05:00,9.534602165222168,9.534602165222168,9.534602165222168,9.534602165222168,0,0.0,0.0
1994-12-29 00:00:00-05:00,9.534602165222168,9.534602165222168,9.534602165222168,9.534602165222168,0,0.0,0.0
1994-12-30 00:00:00-05:00,9.534602165222168,9.534602165222168,9.534602165222168,9.534602165222168,0,0.0,0.0
1995-01-03 00:00:00-05:00,9.534602165222168,9.534602165222168,9.534602165222168,9.534602165222168,0,0.0,0.0
1995-01-04 00:00:00-05:00,9.534602165222168,9.534602165222168,9.534602165222168,9.534602165222168,0,0.0,0.0
1995-01-05 00:00:00-05:00,9.534602165222168,9.534602165222168,9.534602165222168,9.534602165222168,0,0.0,0.0
1995-01-06 00:00:00-05:00,9.534602165222168,9.534602165222168,9.534602165222168,9.534602165222168,0,0.0,0.0
1995-01-09 00:00:00-05:00,8.104410171508789,8.104410171508789,8.104410171508789,8.104410171508789,250,0.0,0.0
1995-01-10 00:00:00-05:00,8.104410171508789,8.104410171508789,8.104410171508789,8.104410171508789,0,0.0,0.0
1995-01-11 00:00:00-05:00,8.104410171508789,8.104410171508789,8.104410171508789,8.104410171508789,0,0.0,0.0
1995-01-12 00:00:00-05:00,8.104410171508789,8.104410171508789,8.104410171508789,8.104410171508789,0,0.0,0.0
1995-01-13 00:00:00-05:00,8.104410171508789,8.104410171508789,8.104410171508789,8.104410171508789,0,0.0,0.0
1995-01-16 00:00:00-05:00,8.104410171508789,8.104410171508789,8.104410171508789,8.104410171508789,0,0.0,0.0
1995-01-17 00:00:00-05:00,8.104410171508789,8.104410171508789,8.104410171508789,8.104410171508789,0,0.0,0.0
1995-01-18 00:00:00-05:00,8.104410171508789,8.104410171508789,8.104410171508789,8.104410171508789,0,0.0,0.0
1995-01-19 00:00:00-05:00,8.104410171508789,8.104410171508789,8.104410171508789,8.104410171508789,0,0.0,0.0
1995-01-20 00:00:00-05:00,8.104410171508789,8.104410171508789,8.104410171508789,8.104410171508789,0,0.0,0.0
1995-01-23 00:00:00-05:00,8.104410171508789,8.104410171508789,8.104410171508789,8.104410171508789,0,0.0,0.0
1995-01-24 00:00:00-05:00,8.104410171508789,8.104410171508789,8.104410171508789,8.104410171508789,0,0.0,0.0
1995-01-25 00:00:00-05:00,8.104410171508789,8.104410171508789,8.104410171508789,8.104410171508789,0,0.0,0.0
1995-01-26 00:00:00-05:00,8.104410171508789,8.104410171508789,8.104410171508789,8.104410171508789,0,0.0,0.0
1995-01-27 00:00:00-05:00,8.104410171508789,8.104410171508789,8.104410171508789,8.104410171508789,0,0.0,0.0
1995-01-30 00:00:00-05:00,8.104410171508789,8.104410171508789,8.104410171508789,8.104410171508789,0,0.0,0.0
1995-01-31 00:00:00-05:00,8.104410171508789,8.104410171508789,8.104410171508789,8.104410171508789,0,0.0,0.0
1995-02-01 00:00:00-05:00,8.104410171508789,8.104410171508789,8.104410171508789,8.104410171508789,0,0.0,0.0
1995-02-02 00:00:00-05:00,8.104410171508789,8.104410171508789,8.104410171508789,8.104410171508789,0,0.0,0.0
1995-02-03 00:00:00-05:00,8.104410171508789,8.104410171508789,8.104410171508789,8.104410171508789,0,0.0,0.0
1995-02-06 00:00:00-05:00,8.104410171508789,8.104410171508789,8.104410171508789,8.104410171508789,0,0.0,0.0
1995-02-07 00:00:00-05:00,8.58113956451416,8.58113956451416,8.58113956451416,8.58113956451416,50,0.0,0.0
1995-02-08 00:00:00-05:00,8.58113956451416,8.58113956451416,8.58113956451416,8.58113956451416,0,0.0,0.0
1995-02-09 00:00:00-05:00,8.58113956451416,8.58113956451416,8.58113956451416,8.58113956451416,0,0.0,0.0
1995-02-10 00:00:00-05:00,8.58113956451416,8.58113956451416,8.58113956451416,8.58113956451416,0,0.0,0.0
1995-02-13 00:00:00-05:00,8.58113956451416,8.58113956451416,8.58113956451416,8.58113956451416,0,0.0,0.0
1995-02-14 00:00:00-05:00,8.58113956451416,8.58113956451416,8.58113956451416,8.58113956451416,0,0.0,0.0
1995-02-15 00:00:00-05:00,8.58113956451416,8.58113956451416,8.58113956451416,8.58113956451416,0,0.0,0.0
1995-02-16 00:00:00-05:00,8.58113956451416,8.58113956451416,8.58113956451416,8.58113956451416,0,0.0,0.0
1995-02-17 00:00:00-05:00,8.58113956451416,8.58113956451416,8.58113956451416,8.58113956451416,0,0.0,0.0
1995-02-21 00:00:00-05:00,8.58113956451416,8.58113956451416,8.58113956451416,8.58113956451416,0,0.0,0.0
1995-02-22 00:00:00-05:00,8.58113956451416,8.58113956451416,8.58113956451416,8.58113956451416,0,0.0,0.0
1995-02-23 00:00:00-05:00,8.58113956451416,8.58113956451416,8.58113956451416,8.58113956451416,0,0.0,0.0
1995-02-24 00:00:00-05:00,8.58113956451416,8.58113956451416,8.58113956451416,8.58113956451416,0,0.0,0.0
1995-02-27 00:00:00-05:00,8.58113956451416,8.58113956451416,8.58113956451416,8.58113956451416,0,0.0,0.0
1995-02-28 00:00:00-05:00,8.58113956451416,8.58113956451416,8.58113956451416,8.58113956451416,0,0.0,0.0
1995-03-01 00:00:00-05:00,8.58113956451416,8.58113956451416,8.58113956451416,8.58113956451416,0,0.0,0.0
1995-03-02 00:00:00-05:00,8.58113956451416,8.58113956451416,8.58113956451416,8.58113956451416,0,0.0,0.0
1995-03-03 00:00:00-05:00,8.58113956451416,8.58113956451416,8.58113956451416,8.58113956451416,0,0.0,0.0
1995-03-06 00:00:00-05:00,8.58113956451416,8.58113956451416,8.58113956451416,8.58113956451416,0,0.0,0.0
1995-03-07 00:00:00-05:00,8.58113956451416,8.58113956451416,8.58113956451416,8.58113956451416,0,0.0,0.0
1995-03-08 00:00:00-05:00,8.58113956451416,8.58113956451416,8.58113956451416,8.58113956451416,0,0.0,0.0
1995-03-09 00:00:00-05:00,8.58113956451416,8.58113956451416,8.58113956451416,8.58113956451416,0,0.0,0.0
1995-03-10 00:00:00-05:00,8.58113956451416,8.58113956451416,8.58113956451416,8.58113956451416,0,0.0,0.0
1995-03-13 00:00:00-05:00,8.58113956451416,8.58113956451416,8.58113956451416,8.58113956451416,0,0.0,0.0
1995-03-14 00:00:00-05:00,8.58113956451416,8.58113956451416,8.58113956451416,8.58113956451416,0,0.0,0.0
1995-03-15 00:00:00-05:00,8.58113956451416,8.58113956451416,8.58113956451416,8.58113956451416,0,0.0,0.0
1995-03-16 00:00:00-05:00,8.58113956451416,8.58113956451416,8.58113956451416,8.58113956451416,0,0.0,0.0
1995-03-17 00:00:00-05:00,8.58113956451416,8.58113956451416,8.58113956451416,8.58113956451416,0,0.0,0.0
1995-03-20 00:00:00-05:00,8.58113956451416,8.58113956451416,8.58113956451416,8.58113956451416,0,0.0,0.0
1995-03-21 00:00:00-05:00,8.58113956451416,8.58113956451416,8.58113956451416,8.58113956451416,0,0.0,0.0
1995-03-22 00:00:00-05:00,8.58113956451416,8.58113956451416,8.58113956451416,8.58113956451416,0,0.0,0.0
1995-03-23 00:00:00-05:00,8.58113956451416,8.58113956451416,8.58113956451416,8.58113956451416,0,0.0,0.0
1995-03-24 00:00:00-05:00,8.58113956451416,8.58113956451416,8.58113956451416,8.58113956451416,0,0.0,0.0
1995-03-27 00:00:00-05:00,8.58113956451416,8.58113956451416,8.58113956451416,8.58113956451416,0,0.0,0.0
1995-03-28 00:00:00-05:00,8.58113956451416,8.58113956451416,8.58113956451416,8.58113956451416,0,0.0,0.0
1995-03-29 00:00:00-05:00,8.58113956451416,8.58113956451416,8.58113956451416,8.58113956451416,0,0.0,0.0
1995-03-30 00:00:00-05:00,10.0113281770186,10.488058090209961,10.0113281770186,10.488058090209961,20250,0.0,0.0
1995-03-31 00:00:00-05:00,10.488058090209961,10.488058090209961,10.488058090209961,10.488058090209961,0,0.0,0.0
1995-04-03 00:00:00-04:00,10.488058090209961,10.488058090209961,10.488058090209961,10.488058090209961,0,0.0,0.0
1995-04-04 00:00:00-04:00,10.488058090209961,10.488058090209961,10.488058090209961,10.488058090209961,0,0.0,0.0
1995-04-05 00:00:00-04:00,10.488058090209961,10.488058090209961,10.488058090209961,10.488058090209961,0,0.0,0.0
1995-04-06 00:00:00-04:00,10.488058090209961,10.488058090209961,10.488058090209961,10.488058090209961,0,0.0,0.0
1995-04-07 00:00:00-04:00,10.488058090209961,10.488058090209961,10.488058090209961,10.488058090209961,0,0.0,0.0
1995-04-10 00:00:00-04:00,10.488058090209961,10.488058090209961,10.488058090209961,10.488058090209961,0,0.0,0.0
1995-04-11 00:00:00-04:00,10.488058090209961,10.488058090209961,10.488058090209961,10.488058090209961,0,0.0,0.0
1995-04-12 00:00:00-04:00,10.488058090209961,10.488058090209961,10.488058090209961,10.488058090209961,0,0.0,0.0
1995-04-13 00:00:00-04:00,10.488058090209961,10.488058090209961,10.488058090209961,10.488058090209961,0,0.0,0.0
1995-04-17 00:00:00-04:00,10.488058090209961,10.488058090209961,10.488058090209961,10.488058090209961,0,0.0,0.0
1995-04-18 00:00:00-04:00,10.488058090209961,10.488058090209961,10.488058090209961,10.488058090209961,0,0.0,0.0
1995-04-19 00:00:00-04:00,10.488058090209961,10.488058090209961,10.488058090209961,10.488058090209961,0,0.0,0.0
1995-04-20 00:00:00-04:00,10.488058090209961,10.488058090209961,10.488058090209961,10.488058090209961,0,0.0,0.0
1995-04-21 00:00:00-04:00,10.488058090209961,10.488058090209961,10.488058090209961,10.488058090209961,0,0.0,0.0
1995-04-24 00:00:00-04:00,10.488058090209961,10.488058090209961,10.488058090209961,10.488058090209961,0,0.0,0.0
1995-04-25 00:00:00-04:00,9.534602165222168,9.534602165222168,9.534602165222168,9.534602165222168,100,0.0,0.0
1995-04-26 00:00:00-04:00,9.534602165222168,9.534602165222168,9.534602165222168,9.534602165222168,0,0.0,0.0
1995-04-27 00:00:00-04:00,9.534602165222168,9.534602165222168,9.534602165222168,9.534602165222168,0,0.0,0.0
1995-04-28 00:00:00-04:00,9.534602165222168,9.534602165222168,9.534602165222168,9.534602165222168,0,0.0,0.0
1995-05-01 00:00:00-04:00,9.534602165222168,9.534602165222168,9.534602165222168,9.534602165222168,0,0.0,0.0
1995-05-02 00:00:00-04:00,9.534602165222168,9.534602165222168,9.534602165222168,9.534602165222168,0,0.0,0.0
1995-05-03 00:00:00-04:00,9.534602165222168,9.534602165222168,9.534602165222168,9.534602165222168,0,0.0,0.0
1995-05-04 00:00:00-04:00,9.534602165222168,9.534602165222168,9.534602165222168,9.534602165222168,0,0.0,0.0
1995-05-05 00:00:00-04:00,9.534602165222168,9.534602165222168,9.534602165222168,9.534602165222168,0,0.0,0.0
1995-05-08 00:00:00-04:00,9.534602165222168,9.534602165222168,9.534602165222168,9.534602165222168,0,0.0,0.0
1995-05-09 00:00:00-04:00,9.534602165222168,9.534602165222168,9.534602165222168,9.534602165222168,0,0.0,0.0
1995-05-10 00:00:00-04:00,9.534602165222168,9.534602165222168,9.534602165222168,9.534602165222168,0,0.0,0.0
1995-05-11 00:00:00-04:00,9.534602165222168,9.534602165222168,9.534602165222168,9.534602165222168,0,0.0,0.0
1995-05-12 00:00:00-04:00,9.534602165222168,9.534602165222168,9.534602165222168,9.534602165222168,0,0.0,0.0
1995-05-15 00:00:00-04:00,9.534602165222168,9.534602165222168,9.534602165222168,9.534602165222168,0,0.0,0.0
1995-05-16 00:00:00-04:00,9.534602165222168,9.534602165222168,9.534602165222168,9.534602165222168,0,0.0,0.0
1995-05-17 00:00:00-04:00,9.534602165222168,9.534602165222168,9.534602165222168,9.534602165222168,0,0.0,0.0
1995-05-18 00:00:00-04:00,9.534602165222168,9.534602165222168,9.534602165222168,9.534602165222168,0,0.0,0.0
1995-05-19 00:00:00-04:00,9.534602165222168,9.534602165222168,9.534602165222168,9.534602165222168,0,0.0,0.0
1995-05-22 00:00:00-04:00,9.534602165222168,9.534602165222168,9.534602165222168,9.534602165222168,0,0.0,0.0
1995-05-23 00:00:00-04:00,9.534602165222168,9.534602165222168,9.534602165222168,9.534602165222168,0,0.0,0.0
1995-05-24 00:00:00-04:00,9.534602165222168,9.534602165222168,9.534602165222168,9.534602165222168,0,0.0,0.0
1995-05-25 00:00:00-04:00,9.534602165222168,9.534602165222168,9.534602165222168,9.534602165222168,0,0.0,0.0
1995-05-26 00:00:00-04:00,9.534602165222168,9.534602165222168,9.534602165222168,9.534602165222168,0,0.0,0.0
1995-05-30 00:00:00-04:00,9.534602165222168,9.534602165222168,9.534602165222168,9.534602165222168,0,0.0,0.0
1995-05-31 00:00:00-04:00,9.534602165222168,9.534602165222168,9.534602165222168,9.534602165222168,50,0.0,0.0
1995-06-01 00:00:00-04:00,9.534602165222168,9.534602165222168,9.534602165222168,9.534602165222168,0,0.0,0.0
1995-06-02 00:00:00-04:00,9.534602165222168,9.534602165222168,9.534602165222168,9.534602165222168,0,0.0,0.0
1995-06-05 00:00:00-04:00,9.534602165222168,9.534602165222168,9.534602165222168,9.534602165222168,0,0.0,0.0
1995-06-06 00:00:00-04:00,9.534602165222168,9.534602165222168,9.534602165222168,9.534602165222168,0,0.0,0.0
1995-06-07 00:00:00-04:00,9.534602165222168,9.534602165222168,9.534602165222168,9.534602165222168,0,0.0,0.0
1995-06-08 00:00:00-04:00,9.534602165222168,9.534602165222168,9.534602165222168,9.534602165222168,0,0.0,0.0
1995-06-09 00:00:00-04:00,9.534602165222168,9.534602165222168,9.534602165222168,9.534602165222168,150,0.0,0.0
1995-06-12 00:00:00-04:00,9.534602165222168,9.534602165222168,9.534602165222168,9.534602165222168,150,0.0,0.0
1995-06-13 00:00:00-04:00,9.534602165222168,9.534602165222168,9.534602165222168,9.534602165222168,100,0.0,0.0
1995-06-14 00:00:00-04:00,9.534602165222168,9.534602165222168,9.534602165222168,9.534602165222168,0,0.0,0.0
1995-06-15 00:00:00-04:00,9.534602165222168,9.534602165222168,9.534602165222168,9.534602165222168,0,0.0,0.0
1995-06-16 00:00:00-04:00,9.534602165222168,9.534602165222168,9.534602165222168,9.534602165222168,0,0.0,0.0
1995-06-19 00:00:00-04:00,9.534602165222168,9.534602165222168,9.534602165222168,9.534602165222168,0,0.0,0.0
1995-06-20 00:00:00-04:00,9.534602165222168,9.534602165222168,9.534602165222168,9.534602165222168,0,0.0,0.0
1995-06-21 00:00:00-04:00,9.534602165222168,9.534602165222168,9.534602165222168,9.534602165222168,0,0.0,0.0
1995-06-22 00:00:00-04:00,9.534602165222168,9.534602165222168,9.534602165222168,9.534602165222168,0,0.0,0.0
1995-06-23 00:00:00-04:00,10.011329650878906,10.011329650878906,10.011329650878906,10.011329650878906,500,0.0,0.0
1995-06-26 00:00:00-04:00,10.011329650878906,10.011329650878906,10.011329650878906,10.011329650878906,0,0.0,0.0
1995-06-27 00:00:00-04:00,10.011329650878906,10.011329650878906,10.011329650878906,10.011329650878906,0,0.0,0.0
1995-06-28 00:00:00-04:00,10.011329650878906,10.011329650878906,10.011329650878906,10.011329650878906,0,0.0,0.0
1995-06-29 00:00:00-04:00,10.011329650878906,10.011329650878906,10.011329650878906,10.011329650878906,0,0.0,0.0
1995-06-30 00:00:00-04:00,10.011329650878906,10.011329650878906,10.011329650878906,10.011329650878906,0,0.0,0.0
1995-07-03 00:00:00-04:00,10.011329650878906,10.011329650878906,10.011329650878906,10.011329650878906,0,0.0,0.0
1995-07-05 00:00:00-04:00,10.011329650878906,10.011329650878906,10.011329650878906,10.011329650878906,250,0.0,0.0
1995-07-06 00:00:00-04:00,10.011329650878906,10.011329650878906,10.011329650878906,10.011329650878906,0,0.0,0.0
1995-07-07 00:00:00-04:00,10.011329650878906,10.011329650878906,10.011329650878906,10.011329650878906,0,0.0,0.0
1995-07-10 00:00:00-04:00,10.011329650878906,10.011329650878906,10.011329650878906,10.011329650878906,0,0.0,0.0
1995-07-11 00:00:00-04:00,10.011329650878906,10.011329650878906,10.011329650878906,10.011329650878906,0,0.0,0.0
1995-07-12 00:00:00-04:00,12.394977649052938,12.394977649052938,11.44151782989502,11.44151782989502,550,0.0,0.0
1995-07-13 00:00:00-04:00,11.44151782989502,11.44151782989502,11.44151782989502,11.44151782989502,0,0.0,0.0
1995-07-14 00:00:00-04:00,11.44151782989502,11.44151782989502,11.44151782989502,11.44151782989502,0,0.0,0.0
1995-07-17 00:00:00-04:00,11.44151782989502,11.44151782989502,11.44151782989502,11.44151782989502,0,0.0,0.0
1995-07-18 00:00:00-04:00,11.44151782989502,11.44151782989502,11.44151782989502,11.44151782989502,0,0.0,0.0
1995-07-19 00:00:00-04:00,11.44151782989502,11.44151782989502,11.44151782989502,11.44151782989502,0,0.0,0.0
1995-07-20 00:00:00-04:00,11.44151782989502,11.44151782989502,11.44151782989502,11.44151782989502,0,0.0,0.0
1995-07-21 00:00:00-04:00,11.44151782989502,11.44151782989502,11.44151782989502,11.44151782989502,0,0.0,0.0
1995-07-24 00:00:00-04:00,11.44151782989502,11.44151782989502,11.44151782989502,11.44151782989502,0,0.0,0.0
1995-07-25 00:00:00-04:00,11.44151782989502,11.44151782989502,11.44151782989502,11.44151782989502,0,0.0,0.0
1995-07-26 00:00:00-04:00,11.44151782989502,11.44151782989502,11.44151782989502,11.44151782989502,0,0.0,0.0
1995-07-27 00:00:00-04:00,11.44151782989502,11.44151782989502,11.44151782989502,11.44151782989502,0,0.0,0.0
1995-07-28 00:00:00-04:00,11.44151782989502,11.44151782989502,11.44151782989502,11.44151782989502,0,0.0,0.0
1995-07-31 00:00:00-04:00,11.44151782989502,11.44151782989502,11.44151782989502,11.44151782989502,0,0.0,0.0
1995-08-01 00:00:00-04:00,11.44151782989502,11.44151782989502,11.44151782989502,11.44151782989502,0,0.0,0.0
1995-08-02 00:00:00-04:00,11.44151782989502,11.44151782989502,11.44151782989502,11.44151782989502,0,0.0,0.0
1995-08-03 00:00:00-04:00,11.44151782989502,11.44151782989502,11.44151782989502,11.44151782989502,0,0.0,0.0
1995-08-04 00:00:00-04:00,11.44151782989502,11.44151782989502,11.44151782989502,11.44151782989502,0,0.0,0.0
1995-08-07 00:00:00-04:00,11.44151782989502,11.44151782989502,11.44151782989502,11.44151782989502,0,0.0,0.0
1995-08-08 00:00:00-04:00,11.44151782989502,11.44151782989502,11.44151782989502,11.44151782989502,0,0.0,0.0
1995-08-09 00:00:00-04:00,11.44151782989502,11.44151782989502,11.44151782989502,11.44151782989502,0,0.0,0.0
1995-08-10 00:00:00-04:00,13.34843921661377,13.34843921661377,13.34843921661377,13.34843921661377,1000,0.0,0.0
1995-08-11 00:00:00-04:00,13.34843921661377,13.34843921661377,13.34843921661377,13.34843921661377,0,0.0,0.0
1995-08-14 00:00:00-04:00,13.34843921661377,13.34843921661377,13.34843921661377,13.34843921661377,0,0.0,0.0
1995-08-15 00:00:00-04:00,13.34843921661377,13.34843921661377,13.34843921661377,13.34843921661377,0,0.0,0.0
1995-08-16 00:00:00-04:00,13.34843921661377,13.34843921661377,13.34843921661377,13.34843921661377,0,0.0,0.0
1995-08-17 00:00:00-04:00,13.34843921661377,13.34843921661377,13.34843921661377,13.34843921661377,0,0.0,0.0
1995-08-18 00:00:00-04:00,13.34843921661377,13.34843921661377,13.34843921661377,13.34843921661377,0,0.0,0.0
1995-08-21 00:00:00-04:00,13.34843921661377,13.34843921661377,13.34843921661377,13.34843921661377,0,0.0,0.0
1995-08-22 00:00:00-04:00,13.34843921661377,13.34843921661377,13.34843921661377,13.34843921661377,0,0.0,0.0
1995-08-23 00:00:00-04:00,13.34843921661377,13.34843921661377,13.34843921661377,13.34843921661377,0,0.0,0.0
1995-08-24 00:00:00-04:00,13.34843921661377,13.34843921661377,13.34843921661377,13.34843921661377,0,0.0,0.0
1995-08-25 00:00:00-04:00,13.34843921661377,13.34843921661377,13.34843921661377,13.34843921661377,0,0.0,0.0
1995-08-28 00:00:00-04:00,13.34843921661377,13.34843921661377,13.34843921661377,13.34843921661377,0,0.0,0.0
1995-08-29 00:00:00-04:00,13.34843921661377,13.34843921661377,13.34843921661377,13.34843921661377,0,0.0,0.0
1995-08-30 00:00:00-04:00,13.34843921661377,13.34843921661377,13.34843921661377,13.34843921661377,0,0.0,0.0
1995-08-31 00:00:00-04:00,13.34843921661377,13.34843921661377,13.34843921661377,13.34843921661377,0,0.0,0.0
1995-09-01 00:00:00-04:00,13.34843921661377,13.34843921661377,13.34843921661377,13.34843921661377,0,0.0,0.0
1995-09-05 00:00:00-04:00,13.34843921661377,13.34843921661377,13.34843921661377,13.34843921661377,0,0.0,0.0
1995-09-06 00:00:00-04:00,13.34843921661377,13.34843921661377,13.34843921661377,13.34843921661377,0,0.0,0.0
1995-09-07 00:00:00-04:00,13.34843921661377,13.34843921661377,13.34843921661377,13.34843921661377,0,0.0,0.0
1995-09-08 00:00:00-04:00,13.34843921661377,13.34843921661377,13.34843921661377,13.34843921661377,0,0.0,0.0
1995-09-11 00:00:00-04:00,13.34843921661377,13.34843921661377,13.34843921661377,13.34843921661377,0,0.0,0.0
1995-09-12 00:00:00-04:00,13.34843921661377,13.34843921661377,13.34843921661377,13.34843921661377,0,0.0,0.0
1995-09-13 00:00:00-04:00,13.34843921661377,13.34843921661377,13.34843921661377,13.34843921661377,0,0.0,0.0
1995-09-14 00:00:00-04:00,13.34843921661377,13.34843921661377,13.34843921661377,13.34843921661377,0,0.0,0.0
1995-09-15 00:00:00-04:00,13.34843921661377,13.34843921661377,13.34843921661377,13.34843921661377,0,0.0,0.0
1995-09-18 00:00:00-04:00,13.34843921661377,13.34843921661377,13.34843921661377,13.34843921661377,0,0.0,0.0
1995-09-19 00:00:00-04:00,13.34843921661377,13.34843921661377,13.34843921661377,13.34843921661377,0,0.0,0.0
1995-09-20 00:00:00-04:00,13.34843921661377,13.34843921661377,13.34843921661377,13.34843921661377,0,0.0,0.0
1995-09-21 00:00:00-04:00,13.34843921661377,13.34843921661377,13.34843921661377,13.34843921661377,0,0.0,0.0
1995-09-22 00:00:00-04:00,13.34843921661377,13.34843921661377,13.34843921661377,13.34843921661377,0,0.0,0.0
1995-09-25 00:00:00-04:00,13.34843921661377,13.34843921661377,13.34843921661377,13.34843921661377,0,0.0,0.0
1995-09-26 00:00:00-04:00,13.34843921661377,13.34843921661377,13.34843921661377,13.34843921661377,0,0.0,0.0
1995-09-27 00:00:00-04:00,13.34843921661377,13.34843921661377,13.34843921661377,13.34843921661377,0,0.0,0.0
1995-09-28 00:00:00-04:00,13.34843921661377,13.34843921661377,13.34843921661377,13.34843921661377,0,0.0,0.0
1995-09-29 00:00:00-04:00,13.34843921661377,13.34843921661377,13.34843921661377,13.34843921661377,0,0.0,0.0
1995-10-02 00:00:00-04:00,13.34843921661377,13.34843921661377,13.34843921661377,13.34843921661377,0,0.0,0.0
1995-10-03 00:00:00-04:00,13.34843921661377,13.34843921661377,13.34843921661377,13.34843921661377,0,0.0,0.0
1995-10-04 00:00:00-04:00,13.34843921661377,13.34843921661377,13.34843921661377,13.34843921661377,0,0.0,0.0
1995-10-05 00:00:00-04:00,13.34843921661377,13.34843921661377,13.34843921661377,13.34843921661377,0,0.0,0.0
1995-10-06 00:00:00-04:00,13.34843921661377,13.34843921661377,13.34843921661377,13.34843921661377,0,0.0,0.0
1995-10-09 00:00:00-04:00,13.34843921661377,13.34843921661377,13.34843921661377,13.34843921661377,0,0.0,0.0
1995-10-10 00:00:00-04:00,13.34843921661377,13.34843921661377,13.34843921661377,13.34843921661377,0,0.0,0.0
1995-10-11 00:00:00-04:00,13.34843921661377,13.34843921661377,13.34843921661377,13.34843921661377,0,0.0,0.0
1995-10-12 00:00:00-04:00,14.7786283493042,14.7786283493042,14.7786283493042,14.7786283493042,100,0.0,0.0
1995-10-13 00:00:00-04:00,14.7786283493042,14.7786283493042,14.7786283493042,14.7786283493042,0,0.0,0.0
1995-10-16 00:00:00-04:00,14.7786283493042,14.7786283493042,14.7786283493042,14.7786283493042,0,0.0,0.0
1995-10-17 00:00:00-04:00,14.7786283493042,14.7786283493042,14.7786283493042,14.7786283493042,0,0.0,0.0
1995-10-18 00:00:00-04:00,14.7786283493042,14.7786283493042,14.7786283493042,14.7786283493042,0,0.0,0.0
1995-10-19 00:00:00-04:00,14.7786283493042,14.7786283493042,14.7786283493042,14.7786283493042,0,0.0,0.0
1995-10-20 00:00:00-04:00,13.348438409658579,13.348438409658579,12.394978523254395,12.394978523254395,3300,0.0,0.0
1995-10-23 00:00:00-04:00,12.394978523254395,12.394978523254395,12.394978523254395,12.394978523254395,0,0.0,0.0
1995-10-24 00:00:00-04:00,12.394978523254395,12.394978523254395,12.394978523254395,12.394978523254395,0,0.0,0.0
1995-10-25 00:00:00-04:00,12.394978523254395,12.394978523254395,12.394978523254395,12.394978523254395,0,0.0,0.0
1995-10-26 00:00:00-04:00,12.394978523254395,12.394978523254395,12.394978523254395,12.394978523254395,0,0.0,0.0
1995-10-27 00:00:00-04:00,12.394978523254395,12.394978523254395,12.394978523254395,12.394978523254395,0,0.0,0.0
1995-10-30 00:00:00-05:00,12.394978523254395,12.394978523254395,12.394978523254395,12.394978523254395,0,0.0,0.0
1995-10-31 00:00:00-05:00,12.16614818572998,12.16614818572998,12.16614818572998,12.16614818572998,250,0.0,0.0
1995-11-01 00:00:00-05:00,12.16614818572998,12.16614818572998,12.16614818572998,12.16614818572998,0,0.0,0.0
1995-11-02 00:00:00-05:00,12.16614818572998,12.16614818572998,12.16614818572998,12.16614818572998,0,0.0,0.0
1995-11-03 00:00:00-05:00,12.16614818572998,12.16614818572998,12.16614818572998,12.16614818572998,0,0.0,0.0
1995-11-06 00:00:00-05:00,12.16614818572998,12.16614818572998,12.16614818572998,12.16614818572998,0,0.0,0.0
1995-11-07 00:00:00-05:00,12.16614818572998,12.16614818572998,12.16614818572998,12.16614818572998,0,0.0,0.0
1995-11-08 00:00:00-05:00,12.16614818572998,12.16614818572998,12.16614818572998,12.16614818572998,0,0.0,0.0
1995-11-09 00:00:00-05:00,12.16614818572998,12.16614818572998,12.16614818572998,12.16614818572998,0,0.0,0.0
1995-11-10 00:00:00-05:00,12.166150299387368,15.25536060333252,12.166150299387368,15.25536060333252,2700,0.0,0.0
1995-11-13 00:00:00-05:00,15.25536060333252,15.25536060333252,15.25536060333252,15.25536060333252,0,0.0,0.0
1995-11-14 00:00:00-05:00,14.778628921508789,14.778628921508789,14.301898956298828,14.301898956298828,15000,0.0,0.0
1995-11-15 00:00:00-05:00,13.34843921661377,13.34843921661377,13.34843921661377,13.34843921661377,550,0.0,0.0
1995-11-16 00:00:00-05:00,13.34843921661377,13.34843921661377,13.34843921661377,13.34843921661377,0,0.0,0.0
1995-11-17 00:00:00-05:00,13.34843921661377,13.34843921661377,13.34843921661377,13.34843921661377,0,0.0,0.0
1995-11-20 00:00:00-05:00,13.34843921661377,13.34843921661377,13.34843921661377,13.34843921661377,0,0.0,0.0
1995-11-21 00:00:00-05:00,13.34843921661377,13.34843921661377,13.34843921661377,13.34843921661377,0,0.0,0.0
1995-11-22 00:00:00-05:00,13.34843921661377,13.34843921661377,13.34843921661377,13.34843921661377,0,0.0,0.0
1995-11-24 00:00:00-05:00,14.301900565624237,15.25536060333252,14.301900565624237,15.25536060333252,4000,0.0,0.0
1995-11-27 00:00:00-05:00,15.25536060333252,15.25536060333252,15.25536060333252,15.25536060333252,0,0.0,0.0
1995-11-28 00:00:00-05:00,15.25536060333252,15.25536060333252,15.25536060333252,15.25536060333252,0,0.0,0.0
1995-11-29 00:00:00-05:00,13.34843921661377,13.34843921661377,13.34843921661377,13.34843921661377,50,0.0,0.0
1995-11-30 00:00:00-05:00,13.34843921661377,13.34843921661377,13.34843921661377,13.34843921661377,0,0.0,0.0
1995-12-01 00:00:00-05:00,13.34843921661377,13.34843921661377,13.34843921661377,13.34843921661377,0,0.0,0.0
1995-12-04 00:00:00-05:00,13.34843921661377,13.34843921661377,13.34843921661377,13.34843921661377,0,0.0,0.0
1995-12-05 00:00:00-05:00,13.34843921661377,13.34843921661377,13.34843921661377,13.34843921661377,0,0.0,0.0
1995-12-06 00:00:00-05:00,13.34843921661377,13.34843921661377,13.34843921661377,13.34843921661377,0,0.0,0.0
1995-12-07 00:00:00-05:00,11.44151782989502,11.44151782989502,11.44151782989502,11.44151782989502,800,0.0,0.0
1995-12-08 00:00:00-05:00,11.44151782989502,11.44151782989502,11.44151782989502,11.44151782989502,0,0.0,0.0
1995-12-11 00:00:00-05:00,14.301898956298828,14.301898956298828,14.301898956298828,14.301898956298828,150,0.0,0.0
1995-12-12 00:00:00-05:00,14.301898956298828,14.301898956298828,14.301898956298828,14.301898956298828,0,0.0,0.0
1995-12-13 00:00:00-05:00,14.301898956298828,14.301898956298828,14.301898956298828,14.301898956298828,0,0.0,0.0
1995-12-14 00:00:00-05:00,14.301898956298828,14.301898956298828,14.301898956298828,14.301898956298828,0,0.0,0.0
1995-12-15 00:00:00-05:00,14.301898956298828,14.301898956298828,14.301898956298828,14.301898956298828,0,0.0,0.0
1995-12-18 00:00:00-05:00,14.301898956298828,14.301898956298828,14.301898956298828,14.301898956298828,0,0.0,0.0
1995-12-19 00:00:00-05:00,14.301898956298828,14.301898956298828,14.301898956298828,14.301898956298828,0,0.0,0.0
1995-12-20 00:00:00-05:00,14.301898956298828,14.301898956298828,14.301898956298828,14.301898956298828,0,0.0,0.0
1995-12-21 00:00:00-05:00,14.301898956298828,14.301898956298828,14.301898956298828,14.301898956298828,0,0.0,0.0
1995-12-22 00:00:00-05:00,14.301898956298828,14.301898956298828,14.301898956298828,14.301898956298828,0,0.0,0.0
1995-12-26 00:00:00-05:00,14.301898956298828,14.301898956298828,14.301898956298828,14.301898956298828,0,0.0,0.0
1995-12-27 00:00:00-05:00,14.301898956298828,14.301898956298828,14.301898956298828,14.301898956298828,0,0.0,0.0
1995-12-28 00:00:00-05:00,14.301898956298828,14.301898956298828,14.301898956298828,14.301898956298828,0,0.0,0.0
1995-12-29 00:00:00-05:00,14.301898956298828,14.301898956298828,14.301898956298828,14.301898956298828,0,0.0,0.0
1996-01-02 00:00:00-05:00,14.301898956298828,14.301898956298828,14.301898956298828,14.301898956298828,0,0.0,0.0
1996-01-03 00:00:00-05:00,14.301898956298828,14.301898956298828,14.301898956298828,14.301898956298828,0,0.0,0.0
1996-01-04 00:00:00-05:00,14.301898956298828,14.301898956298828,14.301898956298828,14.301898956298828,750,0.0,0.0
1996-01-05 00:00:00-05:00,14.301898956298828,14.301898956298828,14.301898956298828,14.301898956298828,0,0.0,0.0
1996-01-08 00:00:00-05:00,14.301898956298828,14.301898956298828,14.301898956298828,14.301898956298828,0,0.0,0.0
1996-01-09 00:00:00-05:00,14.301898956298828,14.301898956298828,14.301898956298828,14.301898956298828,0,0.0,0.0
1996-01-10 00:00:00-05:00,11.44151782989502,11.44151782989502,11.44151782989502,11.44151782989502,250,0.0,0.0
1996-01-11 00:00:00-05:00,11.44151782989502,11.44151782989502,11.44151782989502,11.44151782989502,0,0.0,0.0
1996-01-12 00:00:00-05:00,11.44151782989502,11.44151782989502,11.44151782989502,11.44151782989502,0,0.0,0.0
1996-01-15 00:00:00-05:00,11.44151782989502,11.44151782989502,11.44151782989502,11.44151782989502,0,0.0,0.0
1996-01-16 00:00:00-05:00,11.44151782989502,11.44151782989502,11.44151782989502,11.44151782989502,0,0.0,0.0
1996-01-17 00:00:00-05:00,11.44151782989502,11.44151782989502,11.44151782989502,11.44151782989502,0,0.0,0.0
1996-01-18 00:00:00-05:00,11.44151782989502,11.44151782989502,11.44151782989502,11.44151782989502,0,0.0,0.0
1996-01-19 00:00:00-05:00,11.44151782989502,11.44151782989502,11.44151782989502,11.44151782989502,0,0.0,0.0
1996-01-22 00:00:00-05:00,14.301898956298828,14.301898956298828,14.301898956298828,14.301898956298828,50,0.0,0.0
1996-01-23 00:00:00-05:00,14.301898956298828,14.301898956298828,14.301898956298828,14.301898956298828,0,0.0,0.0
1996-01-24 00:00:00-05:00,14.301898956298828,14.301898956298828,14.301898956298828,14.301898956298828,0,0.0,0.0
1996-01-25 00:00:00-05:00,14.301898956298828,14.301898956298828,14.301898956298828,14.301898956298828,0,0.0,0.0
1996-01-26 00:00:00-05:00,14.301898956298828,14.301898956298828,14.301898956298828,14.301898956298828,0,0.0,0.0
1996-01-29 00:00:00-05:00,11.689417839050293,11.689417839050293,11.689417839050293,11.689417839050293,1250,0.0,0.0
1996-01-30 00:00:00-05:00,9.534598191579184,11.44151782989502,9.534598191579184,11.44151782989502,2300,0.0,0.0
1996-01-31 00:00:00-05:00,11.441522598266602,11.441522598266602,9.534602165222168,9.534602165222168,1750,0.0,0.0
1996-02-01 00:00:00-05:00,9.534602165222168,9.534602165222168,9.534602165222168,9.534602165222168,0,0.0,0.0
1996-02-02 00:00:00-05:00,11.441517916592685,11.441517916592685,10.488058090209961,10.488058090209961,1500,0.0,0.0
1996-02-05 00:00:00-05:00,10.488058090209961,10.488058090209961,10.488058090209961,10.488058090209961,0,0.0,0.0
1996-02-06 00:00:00-05:00,10.488058090209961,10.488058090209961,10.488058090209961,10.488058090209961,0,0.0,0.0
1996-02-07 00:00:00-05:00,11.441517916592685,11.441517916592685,10.0113281770186,10.488058090209961,8600,0.0,0.0
1996-02-08 00:00:00-05:00,10.488058090209961,10.488058090209961,10.488058090209961,10.488058090209961,0,0.0,0.0
1996-02-09 00:00:00-05:00,10.488058090209961,10.488058090209961,10.488058090209961,10.488058090209961,0,0.0,0.0
1996-02-12 00:00:00-05:00,10.488058090209961,10.488058090209961,10.488058090209961,10.488058090209961,0,0.0,0.0
1996-02-13 00:00:00-05:00,10.488058090209961,10.488058090209961,10.488058090209961,10.488058090209961,0,0.0,0.0
1996-02-14 00:00:00-05:00,10.488058090209961,10.488058090209961,10.488058090209961,10.488058090209961,0,0.0,0.0
1996-02-15 00:00:00-05:00,10.488058090209961,10.488058090209961,10.488058090209961,10.488058090209961,0,0.0,0.0
1996-02-16 00:00:00-05:00,11.212687691526753,11.44151782989502,11.212687691526753,11.44151782989502,900,0.0,0.0
1996-02-20 00:00:00-05:00,11.44151782989502,11.44151782989502,11.44151782989502,11.44151782989502,0,0.0,0.0
1996-02-21 00:00:00-05:00,11.44151782989502,11.44151782989502,11.44151782989502,11.44151782989502,0,0.0,0.0
1996-02-22 00:00:00-05:00,11.44151782989502,11.44151782989502,11.44151782989502,11.44151782989502,0,0.0,0.0
1996-02-23 00:00:00-05:00,11.44151782989502,11.44151782989502,11.44151782989502,11.44151782989502,0,0.0,0.0
1996-02-26 00:00:00-05:00,14.7786283493042,14.7786283493042,14.7786283493042,14.7786283493042,50,0.0,0.0
1996-02-27 00:00:00-05:00,14.7786283493042,14.7786283493042,14.7786283493042,14.7786283493042,0,0.0,0.0
1996-02-28 00:00:00-05:00,14.7786283493042,14.7786283493042,14.7786283493042,14.7786283493042,0,0.0,0.0
1996-02-29 00:00:00-05:00,14.7786283493042,14.7786283493042,14.7786283493042,14.7786283493042,0,0.0,0.0
1996-03-01 00:00:00-05:00,14.7786283493042,14.7786283493042,14.7786283493042,14.7786283493042,0,0.0,0.0
1996-03-04 00:00:00-05:00,14.7786283493042,14.7786283493042,14.7786283493042,14.7786283493042,0,0.0,0.0
1996-03-05 00:00:00-05:00,10.011329650878906,10.011329650878906,10.011329650878906,10.011329650878906,1250,0.0,0.0
1996-03-06 00:00:00-05:00,10.011329650878906,10.011329650878906,10.011329650878906,10.011329650878906,0,0.0,0.0
1996-03-07 00:00:00-05:00,10.011329650878906,10.011329650878906,10.011329650878906,10.011329650878906,0,0.0,0.0
1996-03-08 00:00:00-05:00,10.011329650878906,10.011329650878906,10.011329650878906,10.011329650878906,0,0.0,0.0
1996-03-11 00:00:00-05:00,10.011329650878906,10.011329650878906,10.011329650878906,10.011329650878906,0,0.0,0.0
1996-03-12 00:00:00-05:00,10.011329650878906,10.011329650878906,10.011329650878906,10.011329650878906,0,0.0,0.0
1996-03-13 00:00:00-05:00,10.011329650878906,10.011329650878906,10.011329650878906,10.011329650878906,0,0.0,0.0
1996-03-14 00:00:00-05:00,10.011329650878906,10.011329650878906,10.011329650878906,10.011329650878906,0,0.0,0.0
1996-03-15 00:00:00-05:00,10.011329650878906,10.011329650878906,10.011329650878906,10.011329650878906,0,0.0,0.0
1996-03-18 00:00:00-05:00,10.011329650878906,10.011329650878906,10.011329650878906,10.011329650878906,0,0.0,0.0
1996-03-19 00:00:00-05:00,10.011329650878906,10.011329650878906,10.011329650878906,10.011329650878906,0,0.0,0.0
1996-03-20 00:00:00-05:00,10.011329650878906,10.011329650878906,10.011329650878906,10.011329650878906,0,0.0,0.0
1996-03-21 00:00:00-05:00,10.011329650878906,10.011329650878906,10.011329650878906,10.011329650878906,0,0.0,0.0
1996-03-22 00:00:00-05:00,10.011329650878906,10.011329650878906,10.011329650878906,10.011329650878906,0,0.0,0.0
1996-03-25 00:00:00-05:00,10.011329650878906,10.011329650878906,10.011329650878906,10.011329650878906,0,0.0,0.0
1996-03-26 00:00:00-05:00,10.011329650878906,10.011329650878906,10.011329650878906,10.011329650878906,0,0.0,0.0
1996-03-27 00:00:00-05:00,10.011329650878906,10.011329650878906,10.011329650878906,10.011329650878906,0,0.0,0.0
1996-03-28 00:00:00-05:00,10.011329650878906,10.011329650878906,10.011329650878906,10.011329650878906,0,0.0,0.0
1996-03-29 00:00:00-05:00,10.011329650878906,10.011329650878906,10.011329650878906,10.011329650878906,0,0.0,0.0
1996-04-01 00:00:00-05:00,7.62768030166626,7.62768030166626,7.62768030166626,7.62768030166626,500,0.0,0.0
1996-04-02 00:00:00-05:00,7.62768030166626,7.62768030166626,7.62768030166626,7.62768030166626,0,0.0,0.0
1996-04-03 00:00:00-05:00,7.62768030166626,7.62768030166626,7.62768030166626,7.62768030166626,0,0.0,0.0
1996-04-04 00:00:00-05:00,7.62768030166626,7.62768030166626,7.62768030166626,7.62768030166626,0,0.0,0.0
1996-04-08 00:00:00-04:00,7.62768030166626,7.62768030166626,7.62768030166626,7.62768030166626,0,0.0,0.0
1996-04-09 00:00:00-04:00,4.767299971830546,4.767299971830546,4.5384697914123535,4.5384697914123535,1150,0.0,0.0
1996-04-10 00:00:00-04:00,4.5384697914123535,4.5384697914123535,4.5384697914123535,4.5384697914123535,0,0.0,0.0
1996-04-11 00:00:00-04:00,4.5384697914123535,4.5384697914123535,4.5384697914123535,4.5384697914123535,0,0.0,0.0
1996-04-12 00:00:00-04:00,4.5384697914123535,4.5384697914123535,4.5384697914123535,4.5384697914123535,0,0.0,0.0
1996-04-15 00:00:00-04:00,4.5384697914123535,4.5384697914123535,4.5384697914123535,4.5384697914123535,0,0.0,0.0
1996-04-16 00:00:00-04:00,4.5384697914123535,4.5384697914123535,4.5384697914123535,4.5384697914123535,0,0.0,0.0
1996-04-17 00:00:00-04:00,4.5384697914123535,4.5384697914123535,4.5384697914123535,4.5384697914123535,0,0.0,0.0
1996-04-18 00:00:00-04:00,4.5384697914123535,4.5384697914123535,4.5384697914123535,4.5384697914123535,0,0.0,0.0
1996-04-19 00:00:00-04:00,4.5384697914123535,4.5384697914123535,4.5384697914123535,4.5384697914123535,0,0.0,0.0
1996-04-22 00:00:00-04:00,4.5384697914123535,4.5384697914123535,4.5384697914123535,4.5384697914123535,0,0.0,0.0
1996-04-23 00:00:00-04:00,4.5384697914123535,4.5384697914123535,4.5384697914123535,4.5384697914123535,0,0.0,0.0
1996-04-24 00:00:00-04:00,4.5384697914123535,4.5384697914123535,4.5384697914123535,4.5384697914123535,0,0.0,0.0
1996-04-25 00:00:00-04:00,4.5384697914123535,4.5384697914123535,4.5384697914123535,4.5384697914123535,0,0.0,0.0
1996-04-26 00:00:00-04:00,4.5384697914123535,4.5384697914123535,4.5384697914123535,4.5384697914123535,0,0.0,0.0
1996-04-29 00:00:00-04:00,4.5384697914123535,4.5384697914123535,4.5384697914123535,4.5384697914123535,0,0.0,0.0
1996-04-30 00:00:00-04:00,4.5384697914123535,4.5384697914123535,4.5384697914123535,4.5384697914123535,0,0.0,0.0
1996-05-01 00:00:00-04:00,4.5384697914123535,4.5384697914123535,4.5384697914123535,4.5384697914123535,0,0.0,0.0
1996-05-02 00:00:00-04:00,2.8603806495666504,2.8603806495666504,2.383650541305542,2.383650541305542,1500,0.0,0.0
1996-05-03 00:00:00-04:00,2.383650541305542,2.383650541305542,2.383650541305542,2.383650541305542,0,0.0,0.0
1996-05-06 00:00:00-04:00,2.383650541305542,2.383650541305542,2.383650541305542,2.383650541305542,0,0.0,0.0
1996-05-07 00:00:00-04:00,2.383650541305542,2.383650541305542,2.383650541305542,2.383650541305542,0,0.0,0.0
1996-05-08 00:00:00-04:00,2.383650541305542,2.383650541305542,2.383650541305542,2.383650541305542,0,0.0,0.0
1996-05-09 00:00:00-04:00,1.906920075416565,1.906920075416565,0.47673001885414124,1.906920075416565,8500,0.0,0.0
1996-05-10 00:00:00-04:00,1.906920075416565,1.906920075416565,1.906920075416565,1.906920075416565,0,0.0,0.0
1996-05-13 00:00:00-04:00,1.906920075416565,1.906920075416565,1.906920075416565,1.906920075416565,0,0.0,0.0
1996-05-14 00:00:00-04:00,1.906920075416565,1.906920075416565,1.906920075416565,1.906920075416565,0,0.0,0.0
1996-05-15 00:00:00-04:00,1.906920075416565,1.906920075416565,1.906920075416565,1.906920075416565,0,0.0,0.0
1996-05-16 00:00:00-04:00,1.906920075416565,1.906920075416565,1.906920075416565,1.906920075416565,0,0.0,0.0
1996-05-17 00:00:00-04:00,1.906920075416565,1.906920075416565,1.906920075416565,1.906920075416565,0,0.0,0.0
1996-05-20 00:00:00-04:00,1.906920075416565,1.906920075416565,1.906920075416565,1.906920075416565,0,0.0,0.0
1996-05-21 00:00:00-04:00,1.906920075416565,1.906920075416565,1.906920075416565,1.906920075416565,0,0.0,0.0
1996-05-22 00:00:00-04:00,1.906920075416565,1.906920075416565,1.906920075416565,1.906920075416565,0,0.0,0.0
1996-05-23 00:00:00-04:00,1.906920075416565,1.906920075416565,1.906920075416565,1.906920075416565,0,0.0,0.0
1996-05-24 00:00:00-04:00,1.906920075416565,1.906920075416565,1.906920075416565,1.906920075416565,0,0.0,0.0
1996-05-28 00:00:00-04:00,1.906920075416565,1.906920075416565,1.906920075416565,1.906920075416565,0,0.0,0.0
1996-05-29 00:00:00-04:00,1.906920075416565,1.906920075416565,1.906920075416565,1.906920075416565,0,0.0,0.0
1996-05-30 00:00:00-04:00,1.906920075416565,1.906920075416565,1.906920075416565,1.906920075416565,0,0.0,0.0
1996-05-31 00:00:00-04:00,1.906920075416565,1.906920075416565,1.906920075416565,1.906920075416565,0,0.0,0.0
1996-06-03 00:00:00-04:00,1.906920075416565,1.906920075416565,1.906920075416565,1.906920075416565,0,0.0,0.0
1996-06-04 00:00:00-04:00,1.906920075416565,1.906920075416565,1.906920075416565,1.906920075416565,0,0.0,0.0
1996-06-05 00:00:00-04:00,1.906920075416565,1.906920075416565,1.906920075416565,1.906920075416565,0,0.0,0.0
1996-06-06 00:00:00-04:00,1.906920075416565,1.906920075416565,1.906920075416565,1.906920075416565,0,0.0,0.0
1996-06-07 00:00:00-04:00,1.906920075416565,1.906920075416565,1.906920075416565,1.906920075416565,0,0.0,0.0
1996-06-10 00:00:00-04:00,1.906920075416565,1.906920075416565,1.906920075416565,1.906920075416565,0,0.0,0.0
1996-06-11 00:00:00-04:00,1.906920075416565,1.906920075416565,1.906920075416565,1.906920075416565,0,0.0,0.0
1996-06-12 00:00:00-04:00,1.906920075416565,1.906920075416565,1.906920075416565,1.906920075416565,0,0.0,0.0
1996-06-13 00:00:00-04:00,1.906920075416565,1.906920075416565,1.906920075416565,1.906920075416565,0,0.0,0.0
1996-06-14 00:00:00-04:00,1.906920075416565,1.906920075416565,1.906920075416565,1.906920075416565,0,0.0,0.0
1996-06-17 00:00:00-04:00,1.906920075416565,1.906920075416565,1.906920075416565,1.906920075416565,0,0.0,0.0
1996-06-18 00:00:00-04:00,1.906920075416565,1.906920075416565,1.906920075416565,1.906920075416565,0,0.0,0.0
1996-06-19 00:00:00-04:00,1.906920075416565,1.906920075416565,1.906920075416565,1.906920075416565,0,0.0,0.0
1996-06-20 00:00:00-04:00,1.906920075416565,1.906920075416565,1.906920075416565,1.906920075416565,0,0.0,0.0
1996-06-21 00:00:00-04:00,1.906920075416565,1.906920075416565,1.906920075416565,1.906920075416565,0,0.0,0.0
1996-06-24 00:00:00-04:00,1.906920075416565,1.906920075416565,1.906920075416565,1.906920075416565,0,0.0,0.0
1996-06-25 00:00:00-04:00,2.154819373079055,2.154819373079055,1.9069198072318208,2.0213348865509033,6750,0.0,0.0
1996-06-26 00:00:00-04:00,2.0213348865509033,2.0213348865509033,2.0213348865509033,2.0213348865509033,0,0.0,0.0
1996-06-27 00:00:00-04:00,2.0213348865509033,2.0213348865509033,2.0213348865509033,2.0213348865509033,0,0.0,0.0
1996-06-28 00:00:00-04:00,2.0213348865509033,2.0213348865509033,2.0213348865509033,2.0213348865509033,0,0.0,0.0
1996-07-01 00:00:00-04:00,2.0213348865509033,2.0213348865509033,2.0213348865509033,2.0213348865509033,0,0.0,0.0
1996-07-02 00:00:00-04:00,2.0213348865509033,2.0213348865509033,2.0213348865509033,2.0213348865509033,0,0.0,0.0
1996-07-03 00:00:00-04:00,2.0213348865509033,2.0213348865509033,2.0213348865509033,2.0213348865509033,0,0.0,0.0
1996-07-05 00:00:00-04:00,2.0213348865509033,2.0213348865509033,2.0213348865509033,2.0213348865509033,0,0.0,0.0
1996-07-08 00:00:00-04:00,2.0213348865509033,2.0213348865509033,2.0213348865509033,2.0213348865509033,0,0.0,0.0
1996-07-09 00:00:00-04:00,2.0213348865509033,2.0213348865509033,2.0213348865509033,2.0213348865509033,0,0.0,0.0
1996-07-10 00:00:00-04:00,2.0213348865509033,2.0213348865509033,2.0213348865509033,2.0213348865509033,0,0.0,0.0
1996-07-11 00:00:00-04:00,2.0213348865509033,2.0213348865509033,2.0213348865509033,2.0213348865509033,0,0.0,0.0
1996-07-12 00:00:00-04:00,2.0213348865509033,2.0213348865509033,2.0213348865509033,2.0213348865509033,0,0.0,0.0
1996-07-15 00:00:00-04:00,2.0213348865509033,2.0213348865509033,2.0213348865509033,2.0213348865509033,0,0.0,0.0
1996-07-16 00:00:00-04:00,2.0213348865509033,2.0213348865509033,2.0213348865509033,2.0213348865509033,0,0.0,0.0
1996-07-17 00:00:00-04:00,2.0213348865509033,2.0213348865509033,2.0213348865509033,2.0213348865509033,0,0.0,0.0
1996-07-18 00:00:00-04:00,2.0213348865509033,2.0213348865509033,2.0213348865509033,2.0213348865509033,0,0.0,0.0
1996-07-19 00:00:00-04:00,2.0213348865509033,2.0213348865509033,2.0213348865509033,2.0213348865509033,0,0.0,0.0
1996-07-22 00:00:00-04:00,2.0213348865509033,2.0213348865509033,2.0213348865509033,2.0213348865509033,0,0.0,0.0
1996-07-23 00:00:00-04:00,2.0213348865509033,2.0213348865509033,2.0213348865509033,2.0213348865509033,0,0.0,0.0
1996-07-24 00:00:00-04:00,2.0213348865509033,2.0213348865509033,2.0213348865509033,2.0213348865509033,0,0.0,0.0
1996-07-25 00:00:00-04:00,2.0213348865509033,2.0213348865509033,2.0213348865509033,2.0213348865509033,0,0.0,0.0
1996-07-26 00:00:00-04:00,2.0213348865509033,2.0213348865509033,2.0213348865509033,2.0213348865509033,0,0.0,0.0
1996-07-29 00:00:00-04:00,2.0213348865509033,2.0213348865509033,2.0213348865509033,2.0213348865509033,0,0.0,0.0
1996-07-30 00:00:00-04:00,2.0213348865509033,2.0213348865509033,2.0213348865509033,2.0213348865509033,0,0.0,0.0
1996-07-31 00:00:00-04:00,2.0213348865509033,2.0213348865509033,2.0213348865509033,2.0213348865509033,0,0.0,0.0
1996-08-01 00:00:00-04:00,2.0213348865509033,2.0213348865509033,2.0213348865509033,2.0213348865509033,0,0.0,0.0
1996-08-02 00:00:00-04:00,2.0213348865509033,2.0213348865509033,2.0213348865509033,2.0213348865509033,0,0.0,0.0
1996-08-05 00:00:00-04:00,2.0213348865509033,2.0213348865509033,2.0213348865509033,2.0213348865509033,0,0.0,0.0
1996-08-06 00:00:00-04:00,2.0213348865509033,2.0213348865509033,2.0213348865509033,2.0213348865509033,0,0.0,0.0
1996-08-07 00:00:00-04:00,7.398849010467529,7.398849010467529,7.398849010467529,7.398849010467529,250,0.0,0.0
1996-08-08 00:00:00-04:00,7.398849010467529,7.398849010467529,7.398849010467529,7.398849010467529,0,0.0,0.0
1996-08-09 00:00:00-04:00,7.398849010467529,7.398849010467529,7.398849010467529,7.398849010467529,0,0.0,0.0
1996-08-12 00:00:00-04:00,5.72075891494751,5.72075891494751,5.72075891494751,5.72075891494751,1000,0.0,0.0
1996-08-13 00:00:00-04:00,5.72075891494751,5.72075891494751,5.72075891494751,5.72075891494751,3000,0.0,0.0
1996-08-14 00:00:00-04:00,6.674219608306885,6.674219608306885,6.674219608306885,6.674219608306885,250,0.0,0.0
1996-08-15 00:00:00-04:00,6.674219608306885,6.674219608306885,6.674219608306885,6.674219608306885,0,0.0,0.0
1996-08-16 00:00:00-04:00,6.445389270782471,6.445389270782471,6.445389270782471,6.445389270782471,2500,0.0,0.0
1996-08-19 00:00:00-04:00,5.968659400939941,5.968659400939941,5.968659400939941,5.968659400939941,1000,0.0,0.0
1996-08-20 00:00:00-04:00,6.197489566711954,6.197489566711954,5.968659400939941,5.968659400939941,1000,0.0,0.0
1996-08-21 00:00:00-04:00,5.968659400939941,5.968659400939941,5.968659400939941,5.968659400939941,150,0.0,0.0
1996-08-22 00:00:00-04:00,5.968659400939941,5.968659400939941,5.968659400939941,5.968659400939941,500,0.0,0.0
1996-08-23 00:00:00-04:00,6.197489261627197,6.922118993524027,6.197489261627197,6.197489261627197,6000,0.0,0.0
1996-08-26 00:00:00-04:00,6.197489261627197,6.197489261627197,6.197489261627197,6.197489261627197,0,0.0,0.0
1996-08-27 00:00:00-04:00,6.674219204829289,6.922118993524027,6.197489261627197,6.197489261627197,2900,0.0,0.0
1996-08-28 00:00:00-04:00,6.674219608306885,6.674219608306885,6.674219608306885,6.674219608306885,6500,0.0,0.0
1996-08-29 00:00:00-04:00,6.445389270782471,6.445389270782471,6.445389270782471,6.445389270782471,3500,0.0,0.0
1996-08-30 00:00:00-04:00,6.674219608306885,6.674219608306885,6.674219608306885,6.674219608306885,2500,0.0,0.0
1996-09-03 00:00:00-04:00,6.445389270782471,6.445389270782471,6.445389270782471,6.445389270782471,2000,0.0,0.0
1996-09-04 00:00:00-04:00,6.445389270782471,6.445389270782471,6.445389270782471,6.445389270782471,0,0.0,0.0
1996-09-05 00:00:00-04:00,6.197489636284964,6.674219608306885,6.197489636284964,6.674219608306885,4800,0.0,0.0
1996-09-06 00:00:00-04:00,6.674219608306885,6.674219608306885,6.674219608306885,6.674219608306885,5000,0.0,0.0
1996-09-09 00:00:00-04:00,6.674219608306885,6.674219608306885,6.674219608306885,6.674219608306885,0,0.0,0.0
1996-09-10 00:00:00-04:00,6.445389270782471,6.445389270782471,6.445389270782471,6.445389270782471,2500,0.0,0.0
1996-09-11 00:00:00-04:00,6.445389270782471,6.445389270782471,6.445389270782471,6.445389270782471,0,0.0,0.0
1996-09-12 00:00:00-04:00,6.197489261627197,6.197489261627197,6.197489261627197,6.197489261627197,1000,0.0,0.0
1996-09-13 00:00:00-04:00,6.197489261627197,6.197489261627197,6.197489261627197,6.197489261627197,1000,0.0,0.0
1996-09-16 00:00:00-04:00,6.197489261627197,6.197489261627197,6.197489261627197,6.197489261627197,0,0.0,0.0
1996-09-17 00:00:00-04:00,6.197489261627197,6.197489261627197,6.197489261627197,6.197489261627197,0,0.0,0.0
1996-09-18 00:00:00-04:00,6.197489261627197,6.197489261627197,6.197489261627197,6.197489261627197,0,0.0,0.0
1996-09-19 00:00:00-04:00,6.197489261627197,6.197489261627197,6.197489261627197,6.197489261627197,0,0.0,0.0
1996-09-20 00:00:00-04:00,6.445387883433498,6.445387883433498,6.02586555480957,6.02586555480957,3500,0.0,0.0
1996-09-23 00:00:00-04:00,6.140283584594727,6.197491140565596,6.140283584594727,6.140283584594727,6000,0.0,0.0
1996-09-24 00:00:00-04:00,6.140283584594727,6.140283584594727,6.140283584594727,6.140283584594727,0,0.0,0.0
1996-09-25 00:00:00-04:00,6.140283584594727,6.140283584594727,6.140283584594727,6.140283584594727,0,0.0,0.0
1996-09-26 00:00:00-04:00,6.140283584594727,6.140283584594727,6.140283584594727,6.140283584594727,0,0.0,0.0
1996-09-27 00:00:00-04:00,5.968659400939941,5.968659400939941,5.968659400939941,5.968659400939941,900,0.0,0.0
1996-09-30 00:00:00-04:00,5.968658686158203,5.968658686158203,5.72075891494751,5.72075891494751,2500,0.0,0.0
1996-10-01 00:00:00-04:00,5.720759786474271,5.720759786474271,5.606344699859619,5.606344699859619,3000,0.0,0.0
1996-10-02 00:00:00-04:00,5.491928577423096,5.491928577423096,5.491928577423096,5.491928577423096,500,0.0,0.0
1996-10-03 00:00:00-04:00,5.72075891494751,5.72075891494751,5.72075891494751,5.72075891494751,7500,0.0,0.0
1996-10-04 00:00:00-04:00,5.72075891494751,5.72075891494751,5.72075891494751,5.72075891494751,2400,0.0,0.0
1996-10-07 00:00:00-04:00,5.606344517155797,6.197489566711954,5.606344517155797,5.968659400939941,8250,0.0,0.0
1996-10-08 00:00:00-04:00,5.968659400939941,5.968659400939941,5.968659400939941,5.968659400939941,0,0.0,0.0
1996-10-09 00:00:00-04:00,5.968659400939941,5.968659400939941,5.968659400939941,5.968659400939941,500,0.0,0.0
1996-10-10 00:00:00-04:00,5.9686591071198425,6.197489261627197,5.9686591071198425,6.197489261627197,3500,0.0,0.0
1996-10-11 00:00:00-04:00,6.197489261627197,6.197489261627197,6.197489261627197,6.197489261627197,0,0.0,0.0
1996-10-14 00:00:00-04:00,5.835174083709717,5.835174083709717,5.835174083709717,5.835174083709717,5000,0.0,0.0
1996-10-15 00:00:00-04:00,5.968658788014212,5.968658788014212,5.720759012573074,5.835174083709717,16000,0.0,0.0
1996-10-16 00:00:00-04:00,5.606343642458147,5.606343642458147,5.491928577423096,5.491928577423096,2500,0.0,0.0
1996-10-17 00:00:00-04:00,5.491928776579243,5.72075891494751,5.3584440745526845,5.72075891494751,4750,0.0,0.0
1996-10-18 00:00:00-04:00,5.491928818194125,5.491928818194125,5.2440290451049805,5.2440290451049805,2750,0.0,0.0
1996-10-21 00:00:00-04:00,5.491928577423096,5.491928577423096,5.491928577423096,5.491928577423096,7750,0.0,0.0
1996-10-22 00:00:00-04:00,5.491928577423096,5.491928577423096,5.491928577423096,5.491928577423096,4500,0.0,0.0
1996-10-23 00:00:00-04:00,5.491928577423096,5.491928577423096,5.491928577423096,5.491928577423096,500,0.0,0.0
1996-10-24 00:00:00-04:00,5.491928577423096,5.491928577423096,5.491928577423096,5.491928577423096,500,0.0,0.0
1996-10-25 00:00:00-04:00,5.129614260843313,5.129614260843313,5.015199184417725,5.015199184417725,1500,0.0,0.0
1996-10-28 00:00:00-05:00,5.015200957136585,5.015200957136585,4.767301082611084,4.767301082611084,1250,0.0,0.0
1996-10-29 00:00:00-05:00,4.767298922910998,5.491928577423096,4.061738900549797,5.491928577423096,16400,0.0,0.0
1996-10-30 00:00:00-05:00,5.358443737030029,5.358443737030029,5.358443737030029,5.358443737030029,500,0.0,0.0
1996-10-31 00:00:00-05:00,5.3584440745526845,5.72075891494751,5.244029005368551,5.72075891494751,1100,0.0,0.0
1996-11-01 00:00:00-05:00,5.015200957136585,5.015200957136585,4.767301082611084,4.767301082611084,13750,0.0,0.0
1996-11-04 00:00:00-05:00,4.767301082611084,4.767301082611084,4.767301082611084,4.767301082611084,5500,0.0,0.0
1996-11-05 00:00:00-05:00,4.767301082611084,4.767301082611084,4.767301082611084,4.767301082611084,0,0.0,0.0
1996-11-06 00:00:00-05:00,4.8817138671875,4.8817138671875,4.538468680573175,4.8817138671875,1950,0.0,0.0
1996-11-07 00:00:00-05:00,4.8817138671875,4.8817138671875,4.8817138671875,4.8817138671875,0,0.0,0.0
1996-11-08 00:00:00-05:00,4.8817138671875,4.8817138671875,4.8817138671875,4.8817138671875,0,0.0,0.0
1996-11-11 00:00:00-05:00,4.8817138671875,4.8817138671875,4.8817138671875,4.8817138671875,0,0.0,0.0
1996-11-12 00:00:00-05:00,4.767301082611084,4.767301082611084,4.767301082611084,4.767301082611084,1000,0.0,0.0
1996-11-13 00:00:00-05:00,4.538470848875477,4.767301082611084,4.538470848875477,4.767301082611084,3500,0.0,0.0
1996-11-14 00:00:00-05:00,4.767301082611084,4.767301082611084,4.767301082611084,4.767301082611084,0,0.0,0.0
1996-11-15 00:00:00-05:00,4.767301082611084,4.767301082611084,4.767301082611084,4.767301082611084,0,0.0,0.0
1996-11-18 00:00:00-05:00,4.65288596574328,4.767301082611084,4.65288596574328,4.767301082611084,10750,0.0,0.0
1996-11-19 00:00:00-05:00,4.595676898956299,4.595676898956299,4.595676898956299,4.595676898956299,2500,0.0,0.0
1996-11-20 00:00:00-05:00,4.538470848875477,4.767301082611084,4.538470848875477,4.767301082611084,12000,0.0,0.0
1996-11-21 00:00:00-05:00,4.767301082611084,4.767301082611084,4.767301082611084,4.767301082611084,500,0.0,0.0
1996-11-22 00:00:00-05:00,4.767301082611084,4.767301082611084,4.767301082611084,4.767301082611084,500,0.0,0.0
1996-11-25 00:00:00-05:00,5.015198905002762,5.2440290451049805,5.015198905002762,5.2440290451049805,3700,0.0,0.0
1996-11-26 00:00:00-05:00,4.767299131913619,5.2440290451049805,4.767299131913619,5.2440290451049805,1800,0.0,0.0
1996-11-27 00:00:00-05:00,5.244029005368551,5.72075891494751,5.244029005368551,5.72075891494751,2750,0.0,0.0
1996-11-29 00:00:00-05:00,5.7207587432611815,5.7207587432611815,5.244028847989417,5.530066967010498,82650,0.0,0.0
1996-12-02 00:00:00-05:00,5.339374936814238,5.339374936814238,5.2440290451049805,5.2440290451049805,80000,0.0,0.0
1996-12-03 00:00:00-05:00,5.244029094858652,5.835174083709717,5.244029094858652,5.835174083709717,160900,0.0,0.0
1996-12-04 00:00:00-05:00,5.244029005368551,5.835173984131643,5.244029005368551,5.72075891494751,98600,0.0,0.0
1996-12-05 00:00:00-05:00,5.491928776579243,5.835173984131643,5.491928776579243,5.72075891494751,149600,0.0,0.0
1996-12-06 00:00:00-05:00,5.72075891494751,5.968658686158203,5.72075891494751,5.72075891494751,294750,0.0,0.0
1996-12-09 00:00:00-05:00,6.197489473608475,6.445389270782471,5.854243775461834,6.445389270782471,95050,0.0,0.0
1996-12-10 00:00:00-05:00,6.445390073137673,7.989995225110249,6.197490245103836,7.62768030166626,135950,0.0,0.0
1996-12-11 00:00:00-05:00,7.398850110845956,7.62768030166626,7.2653653782222705,7.62768030166626,58250,0.0,0.0
1996-12-12 00:00:00-05:00,7.627680161420037,8.581140181597542,7.627680161420037,8.104410171508789,52650,0.0,0.0
1996-12-13 00:00:00-05:00,7.989992990040148,8.21882311684896,7.742093231352221,7.875577926635742,119350,0.0,0.0
1996-12-16 00:00:00-05:00,7.875579552978909,7.875579552978909,7.265364846186524,7.5132646560668945,67100,0.0,0.0
1996-12-17 00:00:00-05:00,7.513264100387454,8.104409127641794,3.8138395894784916,7.989994049072266,61450,0.0,0.0
1996-12-18 00:00:00-05:00,7.875578235351515,7.989993303240892,7.684886455535889,7.684886455535889,18500,0.0,0.0
1996-12-19 00:00:00-05:00,7.627678964563365,7.742094039916992,7.513263889209737,7.742094039916992,8350,0.0,0.0
1996-12-20 00:00:00-05:00,7.627678964563365,8.104408899848575,7.513263889209737,7.742094039916992,63450,0.0,0.0
1996-12-23 00:00:00-05:00,7.742094257526512,7.989994049072266,7.627679178956983,7.989994049072266,34400,0.0,0.0
1996-12-24 00:00:00-05:00,7.875577926635742,8.21882311684896,7.875577926635742,7.875577926635742,2700,0.0,0.0
1996-12-26 00:00:00-05:00,8.352309994984621,8.352309994984621,7.875579984895868,8.104410171508789,31800,0.0,0.0
1996-12-27 00:00:00-05:00,7.9899940718137294,8.047201156616211,7.9899940718137294,8.047201156616211,5700,0.0,0.0
1996-12-30 00:00:00-05:00,8.047200067097304,8.047200067097304,7.875577926635742,7.875577926635742,3500,0.0,0.0
1996-12-31 00:00:00-05:00,7.875580091545942,7.875580091545942,7.570472717285156,7.570472717285156,12900,0.0,0.0
1997-01-02 00:00:00-05:00,7.627679167255544,7.627679167255544,7.398849010467529,7.398849010467529,4800,0.0,0.0
1997-01-03 00:00:00-05:00,7.150949478149414,7.627679443359375,7.150949478149414,7.150949478149414,40450,0.0,0.0
1997-01-06 00:00:00-05:00,7.39884956903525,7.627679743098539,7.15094975915488,7.5132646560668945,34600,0.0,0.0
1997-01-07 00:00:00-05:00,7.513265206256108,7.62768030166626,7.436988475982673,7.62768030166626,27600,0.0,0.0
1997-01-08 00:00:00-05:00,7.742094830130183,7.742094830130183,7.5132646560668945,7.5132646560668945,2600,0.0,0.0
1997-01-09 00:00:00-05:00,7.39884956903525,7.627679743098539,7.39884956903525,7.5132646560668945,7000,0.0,0.0
1997-01-10 00:00:00-05:00,7.398850110845956,7.62768030166626,7.398850110845956,7.62768030166626,10550,0.0,0.0
1997-01-13 00:00:00-05:00,7.398849010467529,7.398849010467529,7.398849010467529,7.398849010467529,1000,0.0,0.0
1997-01-14 00:00:00-05:00,7.627679167255544,7.627679167255544,7.398849010467529,7.398849010467529,18150,0.0,0.0
1997-01-15 00:00:00-05:00,7.627679743098539,7.627679743098539,7.39884956903525,7.5132646560668945,11100,0.0,0.0
1997-01-16 00:00:00-05:00,7.513263653896566,7.513263653896566,7.456056118011475,7.456056118011475,10300,0.0,0.0
1997-01-17 00:00:00-05:00,7.513265068113577,8.104410171508789,7.513265068113577,8.104410171508789,11250,0.0,0.0
1997-01-20 00:00:00-05:00,7.9899943435223095,8.352309226989746,7.875579260736316,8.352309226989746,15650,0.0,0.0
1997-01-21 00:00:00-05:00,8.94345552217347,9.057870620901593,8.46672548949444,8.695555686950684,27100,0.0,0.0
1997-01-22 00:00:00-05:00,8.829040757518115,10.735960960388184,8.695556015972663,10.735960960388184,30500,0.0,0.0
1997-01-23 00:00:00-05:00,12.394977742975408,13.939582552600603,9.782498036916381,10.488058090209961,190950,0.0,0.0
1997-01-24 00:00:00-05:00,10.488058090209961,10.735957863299104,10.259227950107743,10.488058090209961,16750,0.0,0.0
1997-01-27 00:00:00-05:00,10.60247316026107,10.735957863299104,10.373643020158852,10.488058090209961,12050,0.0,0.0
1997-01-28 00:00:00-05:00,10.60247316026107,10.60247316026107,10.488058090209961,10.488058090209961,20150,0.0,0.0
1997-01-29 00:00:00-05:00,10.488058090209961,10.60247316026107,10.488058090209961,10.488058090209961,17300,0.0,0.0
1997-01-30 00:00:00-05:00,10.25922679901123,10.602471970652074,10.25922679901123,10.25922679901123,12900,0.0,0.0
1997-01-31 00:00:00-05:00,10.48805691343846,10.48805691343846,10.125742110950325,10.25922679901123,9450,0.0,0.0
1997-02-03 00:00:00-05:00,10.25922679901123,10.48805691343846,10.25922679901123,10.25922679901123,152500,0.0,0.0
1997-02-04 00:00:00-05:00,10.48805799041014,10.602473059372523,10.10667442720219,10.373642921447754,60550,0.0,0.0
1997-02-05 00:00:00-05:00,10.621541441708374,10.621541441708374,9.305766939611319,10.125741958618164,26400,0.0,0.0
1997-02-06 00:00:00-05:00,10.373641856224845,10.373641856224845,10.01132705373671,10.25922679901123,24650,0.0,0.0
1997-02-07 00:00:00-05:00,10.373641700163269,10.488056755655617,10.125741958618164,10.125741958618164,16050,0.0,0.0
1997-02-10 00:00:00-05:00,10.125742110950325,10.25922679901123,10.125742110950325,10.25922679901123,8100,0.0,0.0
1997-02-11 00:00:00-05:00,10.125743150717517,10.373642921447754,10.011328081755133,10.373642921447754,20150,0.0,0.0
1997-02-12 00:00:00-05:00,10.373642921447754,10.602473059372523,10.259227852485369,10.373642921447754,13450,0.0,0.0
1997-02-13 00:00:00-05:00,10.373644382660839,10.373644382660839,8.104409588707819,8.58113956451416,69300,0.0,0.0
1997-02-14 00:00:00-05:00,9.305769807141516,9.649015079388013,8.829039807709556,9.172285079956055,44200,0.0,0.0
1997-02-18 00:00:00-05:00,9.420184305845405,9.896914275315575,9.420184305845405,9.649014472961426,53800,0.0,0.0
1997-02-19 00:00:00-05:00,9.896913433506297,9.896913433506297,9.534598578411826,9.782498359680176,11200,0.0,0.0
1997-02-20 00:00:00-05:00,9.782497920519488,9.782497920519488,9.305768013000488,9.305768013000488,7050,0.0,0.0
1997-02-21 00:00:00-05:00,9.649017282089972,9.649017282089972,9.534602165222168,9.534602165222168,400,0.0,0.0
1997-02-24 00:00:00-05:00,9.305768013000488,9.534598150379974,9.305768013000488,9.305768013000488,33300,0.0,0.0
1997-02-25 00:00:00-05:00,9.305768013000488,9.534598150379974,9.057868242860977,9.305768013000488,11750,0.0,0.0
1997-02-26 00:00:00-05:00,9.30576755012702,9.30576755012702,8.581137908511945,8.8290376663208,21300,0.0,0.0
1997-02-27 00:00:00-05:00,8.695552971510626,8.8290376663208,8.466722845513264,8.8290376663208,33550,0.0,0.0
1997-02-28 00:00:00-05:00,8.829038802085531,9.305768747218137,8.581139012386924,9.057868957519531,40600,0.0,0.0
1997-03-03 00:00:00-05:00,9.172285719629715,9.30577045612438,8.695555686950684,8.695555686950684,25550,0.0,0.0
1997-03-04 00:00:00-05:00,8.943454455241813,8.943454455241813,8.46672447943547,8.58113956451416,25050,0.0,0.0
1997-03-05 00:00:00-05:00,8.581137546576196,8.581137546576196,8.46672248840332,8.46672248840332,13050,0.0,0.0
1997-03-06 00:00:00-05:00,8.352307782514583,8.8290376663208,8.352307782514583,8.8290376663208,3600,0.0,0.0
1997-03-07 00:00:00-05:00,8.829038254299238,8.829038254299238,8.428585052490234,8.428585052490234,14050,0.0,0.0
1997-03-10 00:00:00-05:00,8.58113956451416,8.58113956451416,8.46672447943547,8.58113956451416,27050,0.0,0.0
1997-03-11 00:00:00-05:00,8.581139392561733,8.581139392561733,8.352309226989746,8.352309226989746,19600,0.0,0.0
1997-03-12 00:00:00-05:00,8.352307430230445,8.46672248840332,8.352307430230445,8.46672248840332,15600,0.0,0.0
1997-03-13 00:00:00-05:00,8.466722937822565,9.954119682312012,8.466722937822565,9.954119682312012,24400,0.0,0.0
1997-03-14 00:00:00-05:00,10.011329650878906,12.032664671274862,9.782499477088484,10.011329650878906,181800,0.0,0.0
1997-03-17 00:00:00-05:00,10.259227950107743,10.488058090209961,10.259227950107743,10.488058090209961,4150,0.0,0.0
1997-03-18 00:00:00-05:00,10.011329358873587,10.259229161227736,9.649014472961426,9.649014472961426,13250,0.0,0.0
1997-03-19 00:00:00-05:00,9.78250203974767,10.011332273483276,8.829041823225452,9.534602165222168,17450,0.0,0.0
1997-03-20 00:00:00-05:00,9.78250203974767,9.78250203974767,9.534602165222168,9.534602165222168,15950,0.0,0.0
1997-03-21 00:00:00-05:00,9.78250203974767,10.011332273483276,9.30577193148656,9.534602165222168,19500,0.0,0.0
1997-03-24 00:00:00-05:00,9.534598150379974,9.534598150379974,9.057868242860977,9.305768013000488,47450,0.0,0.0
1997-03-25 00:00:00-05:00,8.829039093102473,9.420184135437012,8.829039093102473,9.420184135437012,2650,0.0,0.0
1997-03-26 00:00:00-05:00,9.534599216925287,9.534599216925287,9.420184135437012,9.420184135437012,1650,0.0,0.0
1997-03-27 00:00:00-05:00,8.94345474243164,8.94345474243164,8.94345474243164,8.94345474243164,50,0.0,0.0
1997-03-31 00:00:00-05:00,8.94345474243164,8.94345474243164,8.94345474243164,8.94345474243164,0,0.0,0.0
1997-04-01 00:00:00-05:00,8.943453879802531,9.057868957519531,8.581139012386924,9.057868957519531,7600,0.0,0.0
1997-04-02 00:00:00-05:00,8.943452352101998,8.943452352101998,8.46672248840332,8.46672248840332,2700,0.0,0.0
1997-04-03 00:00:00-05:00,8.581139076326606,8.581139076326606,7.989994049072266,7.989994049072266,16850,0.0,0.0
1997-04-04 00:00:00-05:00,8.104407390039741,8.218822444078441,7.875577281962341,8.161615371704102,31550,0.0,0.0
1997-04-07 00:00:00-04:00,7.875577281962341,8.161615371704102,7.875577281962341,8.161615371704102,700,0.0,0.0
1997-04-08 00:00:00-04:00,8.161614665844827,8.409513473510742,7.989991644984626,8.409513473510742,20100,0.0,0.0
1997-04-09 00:00:00-04:00,8.161616039791804,8.161616039791804,7.875577926635742,7.875577926635742,11100,0.0,0.0
1997-04-10 00:00:00-04:00,7.684887494612922,7.799302577972412,7.684887494612922,7.799302577972412,4500,0.0,0.0
1997-04-11 00:00:00-04:00,7.627678964563365,7.742094039916992,7.150949029278155,7.742094039916992,14900,0.0,0.0
1997-04-14 00:00:00-04:00,7.742094039916992,7.742094039916992,7.742094039916992,7.742094039916992,0,0.0,0.0
1997-04-15 00:00:00-04:00,7.150949580328805,7.398849384009867,6.445389439966026,6.674219608306885,27850,0.0,0.0
1997-04-16 00:00:00-04:00,6.674219608306885,6.922119411987946,6.674219608306885,6.674219608306885,15450,0.0,0.0
1997-04-17 00:00:00-04:00,6.922119411987946,6.922119411987946,6.674219608306885,6.674219608306885,8600,0.0,0.0
1997-04-18 00:00:00-04:00,6.922118819549845,6.922118819549845,6.5598039627075195,6.5598039627075195,10250,0.0,0.0
1997-04-21 00:00:00-04:00,6.922118819549845,6.922118819549845,6.5598039627075195,6.5598039627075195,33050,0.0,0.0
1997-04-22 00:00:00-04:00,6.788634179960599,6.788634179960599,5.968659017332475,6.08307409286499,18650,0.0,0.0
1997-04-23 00:00:00-04:00,5.720759600041803,6.083074483825947,5.720759600041803,5.968659400939941,6500,0.0,0.0
1997-04-24 00:00:00-04:00,5.968658788014212,5.968658788014212,5.720759012573074,5.835174083709717,45950,0.0,0.0
1997-04-25 00:00:00-04:00,5.720759012573074,6.197488930287497,5.720759012573074,5.835174083709717,90400,0.0,0.0
1997-04-28 00:00:00-04:00,5.89238151872371,5.89238151872371,5.72075891494751,5.72075891494751,31750,0.0,0.0
1997-04-29 00:00:00-04:00,5.892381934305622,6.311904338880875,5.892381934305622,6.197489261627197,24050,0.0,0.0
1997-04-30 00:00:00-04:00,6.559804351949645,6.559804351949645,6.025866851857714,6.445389270782471,27500,0.0,0.0
1997-05-01 00:00:00-04:00,6.559804351949645,6.559804351949645,6.31190455477565,6.445389270782471,120950,0.0,0.0
1997-05-02 00:00:00-04:00,6.445389174165317,6.445389174165317,6.350042819976807,6.350042819976807,5900,0.0,0.0
1997-05-05 00:00:00-04:00,6.559804127575612,6.674219204829289,6.197489261627197,6.197489261627197,56150,0.0,0.0
1997-05-06 00:00:00-04:00,6.254697014192062,6.445389270782471,6.254697014192062,6.445389270782471,1650,0.0,0.0
1997-05-07 00:00:00-04:00,6.083073083079421,6.445387883433498,5.968658026539719,6.02586555480957,82750,0.0,0.0
1997-05-08 00:00:00-04:00,6.311903196158825,6.311903196158825,5.968658026539719,6.02586555480957,5750,0.0,0.0
1997-05-09 00:00:00-04:00,6.3119049072265625,6.3119049072265625,6.3119049072265625,6.3119049072265625,1000,0.0,0.0
1997-05-12 00:00:00-04:00,6.31190464959796,6.31190464959796,5.968659400939941,5.968659400939941,2350,0.0,0.0
1997-05-13 00:00:00-04:00,6.197489261627197,6.197489261627197,6.197489261627197,6.197489261627197,500,0.0,0.0
1997-05-14 00:00:00-04:00,6.197489261627197,6.197489261627197,6.197489261627197,6.197489261627197,0,0.0,0.0
1997-05-15 00:00:00-04:00,5.9686586957510865,6.254696369171143,5.9686586957510865,6.254696369171143,21000,0.0,0.0
1997-05-16 00:00:00-04:00,6.197488834487131,6.254696369171143,6.197488834487131,6.254696369171143,2450,0.0,0.0
1997-05-19 00:00:00-04:00,6.311904720455394,6.674219608306885,6.311904720455394,6.674219608306885,11500,0.0,0.0
1997-05-20 00:00:00-04:00,6.674220595812762,6.731428146362305,6.674220595812762,6.731428146362305,2250,0.0,0.0
1997-05-21 00:00:00-04:00,6.559805494713676,6.731428146362305,6.559805494713676,6.731428146362305,10500,0.0,0.0
1997-05-22 00:00:00-04:00,6.731428146362305,6.731428146362305,6.731428146362305,6.731428146362305,4750,0.0,0.0
1997-05-23 00:00:00-04:00,6.731426810545605,7.627679167255544,6.578873372686928,7.398849010467529,131800,0.0,0.0
1997-05-27 00:00:00-04:00,7.036533735591339,7.036533735591339,6.922118663787842,6.922118663787842,6100,0.0,0.0
1997-05-28 00:00:00-04:00,7.5132646560668945,7.5132646560668945,7.39884956903525,7.5132646560668945,4450,0.0,0.0
1997-05-29 00:00:00-04:00,7.62768030166626,7.62768030166626,7.398850110845956,7.62768030166626,3450,0.0,0.0
1997-05-30 00:00:00-04:00,7.875580129700097,7.875580129700097,7.398850110845956,7.62768030166626,9300,0.0,0.0
1997-06-02 00:00:00-04:00,7.742094039916992,7.742094039916992,7.742094039916992,7.742094039916992,1000,0.0,0.0
1997-06-03 00:00:00-04:00,7.742094039916992,7.742094039916992,7.742094039916992,7.742094039916992,750,0.0,0.0
1997-06-04 00:00:00-04:00,7.875577926635742,7.875577926635742,7.875577926635742,7.875577926635742,450,0.0,0.0
1997-06-05 00:00:00-04:00,7.875578970502737,8.352308919187548,7.513264100387454,7.989994049072266,33600,0.0,0.0
1997-06-06 00:00:00-04:00,7.398849010467529,7.398849010467529,7.398849010467529,7.398849010467529,2500,0.0,0.0
1997-06-09 00:00:00-04:00,7.9899935765773185,7.9899935765773185,6.922118663787842,6.922118663787842,11100,0.0,0.0
1997-06-10 00:00:00-04:00,6.788633958705346,6.922118663787842,6.788633958705346,6.922118663787842,1850,0.0,0.0
1997-06-11 00:00:00-04:00,7.513264088861537,7.513264088861537,6.922119062514057,7.398849010467529,1950,0.0,0.0
1997-06-12 00:00:00-04:00,6.788633958705346,7.150948807394838,6.674218886901849,6.922118663787842,5700,0.0,0.0
1997-06-13 00:00:00-04:00,6.922118663787842,6.922118663787842,6.922118663787842,6.922118663787842,1650,0.0,0.0
1997-06-16 00:00:00-04:00,6.922119313078292,7.150949478149414,6.922119313078292,7.150949478149414,3250,0.0,0.0
1997-06-17 00:00:00-04:00,6.674219608306885,7.036534496158375,6.559804524136456,6.674219608306885,52150,0.0,0.0
1997-06-18 00:00:00-04:00,6.788633958705346,6.922118663787842,6.674218886901849,6.922118663787842,20200,0.0,0.0
1997-06-19 00:00:00-04:00,6.674219271348601,7.398849010467529,6.674219271348601,7.398849010467529,19200,0.0,0.0
1997-06-20 00:00:00-04:00,7.398849010467529,7.627679167255544,7.150949219302072,7.398849010467529,14000,0.0,0.0
1997-06-23 00:00:00-04:00,7.627679167255544,7.875578958421001,7.398849010467529,7.398849010467529,3300,0.0,0.0
1997-06-24 00:00:00-04:00,7.742095254726498,8.104410171508789,7.398849974807116,8.104410171508789,50850,0.0,0.0
1997-06-25 00:00:00-04:00,8.104410320520401,8.104410320520401,7.62768030166626,7.62768030166626,27950,0.0,0.0
1997-06-26 00:00:00-04:00,7.742094245649551,7.875578958421001,7.398849010467529,7.398849010467529,36550,0.0,0.0
1997-06-27 00:00:00-04:00,7.62768030166626,7.62768030166626,7.62768030166626,7.62768030166626,5750,0.0,0.0
1997-06-30 00:00:00-04:00,7.398848582126384,7.456056118011475,7.150948805312575,7.456056118011475,11200,0.0,0.0
1997-07-01 00:00:00-04:00,7.150949478149414,7.150949478149414,7.150949478149414,7.150949478149414,1500,0.0,0.0
1997-07-02 00:00:00-04:00,7.150949405322856,7.150949405322856,7.055603504180908,7.055603504180908,5650,0.0,0.0
1997-07-03 00:00:00-04:00,6.922119313078292,7.150949478149414,6.617011971671673,7.150949478149414,45650,0.0,0.0
1997-07-07 00:00:00-04:00,7.150949478149414,7.150949478149414,6.71235787378464,7.150949478149414,33050,0.0,0.0
1997-07-08 00:00:00-04:00,6.674219608306885,7.036534496158375,6.674219608306885,6.674219608306885,16450,0.0,0.0
1997-07-09 00:00:00-04:00,6.674219608306885,6.674219608306885,6.559804524136456,6.674219608306885,15650,0.0,0.0
1997-07-10 00:00:00-04:00,6.922119411987946,6.922119411987946,6.674219608306885,6.674219608306885,10000,0.0,0.0
1997-07-11 00:00:00-04:00,6.674218569296428,6.9221183343856385,6.55980350293759,6.5788726806640625,47100,0.0,0.0
1997-07-14 00:00:00-04:00,6.5598039627075195,6.922118819549845,6.5598039627075195,6.5598039627075195,32350,0.0,0.0
1997-07-15 00:00:00-04:00,6.788634111463668,6.788634111463668,6.5598039627075195,6.5598039627075195,5500,0.0,0.0
1997-07-16 00:00:00-04:00,6.5598039627075195,6.788634111463668,6.5598039627075195,6.5598039627075195,10000,0.0,0.0
1997-07-17 00:00:00-04:00,6.559804718243054,6.67421980579906,6.3119049072265625,6.3119049072265625,4100,0.0,0.0
1997-07-18 00:00:00-04:00,6.311904038212357,6.922118663787842,6.311904038212357,6.922118663787842,6450,0.0,0.0
1997-07-21 00:00:00-04:00,6.922118663787842,7.150948807394838,6.674218886901849,6.922118663787842,39100,0.0,0.0
1997-07-22 00:00:00-04:00,6.922119230290815,6.922119230290815,6.445389270782471,6.445389270782471,28350,0.0,0.0
1997-07-23 00:00:00-04:00,6.445389439966026,6.788634692477315,6.197489636284964,6.674219608306885,9850,0.0,0.0
1997-07-24 00:00:00-04:00,6.197489819670556,6.617012262021057,6.197489819670556,6.3119049072265625,3450,0.0,0.0
1997-07-25 00:00:00-04:00,6.674219204829289,6.674219204829289,5.9686591071198425,6.197489261627197,15150,0.0,0.0
1997-07-28 00:00:00-04:00,6.445389270782471,6.445389270782471,6.445389270782471,6.445389270782471,550,0.0,0.0
1997-07-29 00:00:00-04:00,6.445389270782471,6.445389270782471,6.445389270782471,6.445389270782471,850,0.0,0.0
1997-07-30 00:00:00-04:00,6.445389270782471,6.445389270782471,6.197489473608475,6.445389270782471,10400,0.0,0.0
1997-07-31 00:00:00-04:00,6.445389270782471,6.445389270782471,6.445389270782471,6.445389270782471,300,0.0,0.0
1997-08-01 00:00:00-04:00,6.445389270782471,6.445389270782471,6.445389270782471,6.445389270782471,1500,0.0,0.0
1997-08-04 00:00:00-04:00,6.445389270782471,6.445389270782471,6.197489473608475,6.445389270782471,12300,0.0,0.0
1997-08-05 00:00:00-04:00,6.674219608306885,6.674219608306885,6.674219608306885,6.674219608306885,2500,0.0,0.0
1997-08-06 00:00:00-04:00,6.3119049072265625,6.3119049072265625,6.3119049072265625,6.3119049072265625,50,0.0,0.0
1997-08-07 00:00:00-04:00,6.3119049072265625,6.3119049072265625,6.3119049072265625,6.3119049072265625,100,0.0,0.0
1997-08-08 00:00:00-04:00,6.67421943311682,6.67421943311682,6.31190455477565,6.445389270782471,4350,0.0,0.0
1997-08-11 00:00:00-04:00,6.5598039627075195,6.5598039627075195,6.5598039627075195,6.5598039627075195,1000,0.0,0.0
1997-08-12 00:00:00-04:00,6.674219608306885,6.674219608306885,6.197489636284964,6.674219608306885,17650,0.0,0.0
1997-08-13 00:00:00-04:00,6.197489473608475,6.445389270782471,6.197489473608475,6.445389270782471,650,0.0,0.0
1997-08-14 00:00:00-04:00,6.197489261627197,6.445389050321935,6.08307418437352,6.197489261627197,8200,0.0,0.0
1997-08-15 00:00:00-04:00,6.445389270782471,6.445389270782471,6.083074392441301,6.445389270782471,4400,0.0,0.0
1997-08-18 00:00:00-04:00,6.445389270782471,6.445389270782471,6.445389270782471,6.445389270782471,0,0.0,0.0
1997-08-19 00:00:00-04:00,6.445389050321935,6.445389050321935,5.9686591071198425,6.197489261627197,22400,0.0,0.0
1997-08-20 00:00:00-04:00,6.445389367610091,6.445389367610091,5.968659400939941,5.968659400939941,4700,0.0,0.0
1997-08-21 00:00:00-04:00,5.7207612729240065,5.96866114631377,5.606346156580388,5.663553714752197,70400,0.0,0.0
1997-08-22 00:00:00-04:00,5.720759318425105,6.445389050321935,5.720759318425105,6.197489261627197,62100,0.0,0.0
1997-08-25 00:00:00-04:00,6.674219608306885,6.674219608306885,6.445389439966026,6.674219608306885,32400,0.0,0.0
1997-08-26 00:00:00-04:00,6.445388888329445,6.674219037085593,6.445388888329445,6.5598039627075195,84100,0.0,0.0
1997-08-27 00:00:00-04:00,6.445389439966026,6.674219608306885,6.445389439966026,6.674219608306885,18600,0.0,0.0
1997-08-28 00:00:00-04:00,6.674218886901849,6.922118663787842,6.55980381509835,6.922118663787842,68550,0.0,0.0
1997-08-29 00:00:00-04:00,6.674219691472959,7.036534583839181,6.674219691472959,6.788634777069092,8200,0.0,0.0
1997-09-02 00:00:00-04:00,6.998395474756695,7.036533832550049,6.788634052248163,7.036533832550049,13250,0.0,0.0
1997-09-03 00:00:00-04:00,6.674218978868102,7.036533832550049,6.578873084384718,7.036533832550049,204400,0.0,0.0
1997-09-04 00:00:00-04:00,6.788634636079095,7.51326440576204,6.788634636079095,7.208157062530518,142150,0.0,0.0
1997-09-05 00:00:00-04:00,7.39884936609912,7.39884936609912,7.150949563018162,7.265364646911621,25250,0.0,0.0
1997-09-08 00:00:00-04:00,7.398849322542142,7.398849322542142,7.150949520920568,7.208157062530518,13150,0.0,0.0
1997-09-09 00:00:00-04:00,7.398849010467529,7.398849010467529,7.036534140908065,7.398849010467529,11850,0.0,0.0
1997-09-10 00:00:00-04:00,7.398848686231995,7.398848686231995,7.036533832550049,7.036533832550049,1250,0.0,0.0
1997-09-11 00:00:00-04:00,7.265364646911621,7.265364646911621,7.036534479124702,7.265364646911621,3600,0.0,0.0
1997-09-12 00:00:00-04:00,7.036534583839181,7.150949669435313,6.674219691472959,6.788634777069092,17550,0.0,0.0
1997-09-15 00:00:00-04:00,6.922119230290815,6.922119230290815,6.445389270782471,6.445389270782471,8650,0.0,0.0
1997-09-16 00:00:00-04:00,6.674219608306885,6.674219608306885,6.445389439966026,6.674219608306885,1500,0.0,0.0
1997-09-17 00:00:00-04:00,6.559804450496098,6.674219533382104,5.968659400939941,5.968659400939941,11100,0.0,0.0
1997-09-18 00:00:00-04:00,6.197489473608475,6.445389270782471,6.197489473608475,6.445389270782471,16300,0.0,0.0
1997-09-19 00:00:00-04:00,6.445389270782471,6.445389270782471,6.445389270782471,6.445389270782471,150,0.0,0.0
1997-09-22 00:00:00-04:00,6.445388888329445,6.5598039627075195,6.445388888329445,6.5598039627075195,11750,0.0,0.0
1997-09-23 00:00:00-04:00,6.445389270782471,6.445389270782471,6.445389270782471,6.445389270782471,7700,0.0,0.0
1997-09-24 00:00:00-04:00,6.559804450496098,6.559804450496098,5.606344517155797,5.968659400939941,29050,0.0,0.0
1997-09-25 00:00:00-04:00,5.968659017332475,6.08307409286499,5.968659017332475,6.08307409286499,6550,0.0,0.0
1997-09-26 00:00:00-04:00,5.968659400939941,5.968659400939941,5.968659400939941,5.968659400939941,20000,0.0,0.0
1997-09-29 00:00:00-04:00,5.968658686158203,6.083073755342336,5.6063438457633765,5.72075891494751,9400,0.0,0.0
1997-09-30 00:00:00-04:00,5.83517468292781,5.968659400939941,5.83517468292781,5.968659400939941,6250,0.0,0.0
1997-10-01 00:00:00-04:00,5.968659063921161,5.968659063921161,4.767299397517183,5.015199184417725,18450,0.0,0.0
1997-10-02 00:00:00-04:00,5.015198867000285,5.72075891494751,5.015198867000285,5.72075891494751,19600,0.0,0.0
1997-10-03 00:00:00-04:00,5.606343941436432,5.835174083709717,5.491928870299789,5.835174083709717,91050,0.0,0.0
1997-10-06 00:00:00-04:00,5.835173772528249,5.968658469714195,5.491928577423096,5.491928577423096,9000,0.0,0.0
1997-10-07 00:00:00-04:00,5.491928776579243,5.72075891494751,5.491928776579243,5.72075891494751,11750,0.0,0.0
1997-10-08 00:00:00-04:00,5.720759600041803,5.968659400939941,5.720759600041803,5.968659400939941,2400,0.0,0.0
1997-10-09 00:00:00-04:00,5.9686591071198425,6.197489261627197,5.720759318425105,6.197489261627197,62900,0.0,0.0
1997-10-10 00:00:00-04:00,6.197489566711954,6.445389367610091,5.968659400939941,5.968659400939941,63250,0.0,0.0
1997-10-13 00:00:00-04:00,6.445389270782471,6.559804351949645,6.31190455477565,6.445389270782471,17150,0.0,0.0
1997-10-14 00:00:00-04:00,6.674219037085593,6.922118819549845,6.311904180243268,6.5598039627075195,20600,0.0,0.0
1997-10-15 00:00:00-04:00,6.445389270782471,6.559804351949645,6.31190455477565,6.445389270782471,3950,0.0,0.0
1997-10-16 00:00:00-04:00,6.674218886901849,6.922118663787842,6.674218886901849,6.922118663787842,4450,0.0,0.0
1997-10-17 00:00:00-04:00,6.674218886901849,6.922118663787842,6.674218886901849,6.922118663787842,7400,0.0,0.0
1997-10-20 00:00:00-04:00,6.674219204829289,6.674219204829289,6.197489261627197,6.197489261627197,12300,0.0,0.0
1997-10-21 00:00:00-04:00,6.445389270782471,6.559804351949645,6.445389270782471,6.445389270782471,11100,0.0,0.0
1997-10-22 00:00:00-04:00,6.445389050321935,6.445389050321935,6.197489261627197,6.197489261627197,10750,0.0,0.0
1997-10-23 00:00:00-04:00,5.720759318425105,6.197489261627197,5.49192916391775,6.197489261627197,7900,0.0,0.0
1997-10-24 00:00:00-04:00,6.197489261627197,6.311904338880875,5.720759318425105,6.197489261627197,15600,0.0,0.0
1997-10-27 00:00:00-05:00,5.720759012573074,6.197488930287497,5.491928870299789,5.835174083709717,6950,0.0,0.0
1997-10-28 00:00:00-05:00,5.129614260843313,5.244029337268902,5.015199184417725,5.015199184417725,16600,0.0,0.0
1997-10-29 00:00:00-05:00,5.244028815202098,5.968658469714195,5.244028815202098,5.491928577423096,54200,0.0,0.0
1997-10-30 00:00:00-05:00,5.606343259207364,5.606343259207364,5.129613399505615,5.129613399505615,20450,0.0,0.0
1997-10-31 00:00:00-05:00,5.244029337268902,5.244029337268902,5.015199184417725,5.015199184417725,38700,0.0,0.0
1997-11-03 00:00:00-05:00,5.015198342292002,5.24402845671923,5.015198342292002,5.129613399505615,48800,0.0,0.0
1997-11-04 00:00:00-05:00,5.015199184417725,5.244029337268902,5.015199184417725,5.015199184417725,36900,0.0,0.0
1997-11-05 00:00:00-05:00,5.015198952585366,6.197488930287497,5.015198952585366,5.835174083709717,35450,0.0,0.0
1997-11-06 00:00:00-05:00,5.720758554603031,5.720758554603031,5.244028675052778,5.358443737030029,6750,0.0,0.0
1997-11-07 00:00:00-05:00,5.3584440745526845,5.72075891494751,5.3584440745526845,5.72075891494751,2000,0.0,0.0
1997-11-10 00:00:00-05:00,5.358443737030029,5.358443737030029,5.358443737030029,5.358443737030029,2250,0.0,0.0
1997-11-11 00:00:00-05:00,5.358444165995294,5.835174083709717,5.358444165995294,5.835174083709717,10750,0.0,0.0
1997-11-12 00:00:00-05:00,5.3584440745526845,5.72075891494751,5.3584440745526845,5.72075891494751,10150,0.0,0.0
1997-11-13 00:00:00-05:00,5.720759786474271,5.720759786474271,5.606344699859619,5.606344699859619,4250,0.0,0.0
1997-11-14 00:00:00-05:00,5.606344699859619,5.606344699859619,5.606344699859619,5.606344699859619,0,0.0,0.0
1997-11-17 00:00:00-05:00,5.72075891494751,5.72075891494751,5.72075891494751,5.72075891494751,2000,0.0,0.0
1997-11-18 00:00:00-05:00,5.720759600041803,5.968659400939941,5.720759600041803,5.968659400939941,1950,0.0,0.0
1997-11-19 00:00:00-05:00,5.72075927702062,5.72075927702062,5.015199184417725,5.015199184417725,6650,0.0,0.0
1997-11-20 00:00:00-05:00,5.2440290451049805,5.2440290451049805,5.129613975053871,5.2440290451049805,10750,0.0,0.0
1997-11-21 00:00:00-05:00,5.24402845671923,5.24402845671923,5.129613399505615,5.129613399505615,2300,0.0,0.0
1997-11-24 00:00:00-05:00,5.244028051299294,5.7207578741446845,5.205889701843262,5.205889701843262,9500,0.0,0.0
1997-11-25 00:00:00-05:00,5.129613623276222,5.129613623276222,4.8817138671875,4.8817138671875,27050,0.0,0.0
1997-11-26 00:00:00-05:00,4.8817138671875,4.8817138671875,4.8817138671875,4.8817138671875,0,0.0,0.0
1997-11-28 00:00:00-05:00,5.129615283680103,5.129615283680103,5.015200184440332,5.091476917266846,3000,0.0,0.0
1997-12-01 00:00:00-05:00,5.244028982708986,5.358444051398729,4.652884006500244,4.652884006500244,31300,0.0,0.0
1997-12-02 00:00:00-05:00,4.881714597245004,4.881714597245004,4.29056956613657,4.595676898956299,22500,0.0,0.0
1997-12-03 00:00:00-05:00,4.652885768722063,4.652885768722063,4.4049859046936035,4.4049859046936035,7250,0.0,0.0
1997-12-04 00:00:00-05:00,4.65288488162145,4.881715062039642,4.5384697914123535,4.5384697914123535,3750,0.0,0.0
1997-12-05 00:00:00-05:00,4.767298804982724,5.015198561071447,4.767298804982724,4.8817138671875,12150,0.0,0.0
1997-12-08 00:00:00-05:00,4.881716199478888,4.881716199478888,4.729162710321816,4.767301082611084,8800,0.0,0.0
1997-12-09 00:00:00-05:00,4.767299662534295,4.767299662534295,4.176154613494873,4.176154613494873,15000,0.0,0.0
1997-12-10 00:00:00-05:00,4.29056978225708,4.29056978225708,4.29056978225708,4.29056978225708,50,0.0,0.0
1997-12-11 00:00:00-05:00,4.29056978225708,4.29056978225708,4.29056978225708,4.29056978225708,14000,0.0,0.0
1997-12-12 00:00:00-05:00,4.538470848875477,4.767301082611084,4.538470848875477,4.767301082611084,15250,0.0,0.0
1997-12-15 00:00:00-05:00,4.767299075189987,4.767299075189987,4.538468937810501,4.652884006500244,36600,0.0,0.0
1997-12-16 00:00:00-05:00,4.65288596574328,4.767301082611084,4.65288596574328,4.767301082611084,2100,0.0,0.0
1997-12-17 00:00:00-05:00,4.538469256104176,4.538469256104176,3.813839527625654,3.9282546043395996,14250,0.0,0.0
1997-12-18 00:00:00-05:00,3.8138400970329984,4.176155015365974,3.585009682118115,4.061739921569824,13600,0.0,0.0
1997-12-19 00:00:00-05:00,4.061740333982498,4.176155439395894,3.871048036981623,3.9854631423950195,15150,0.0,0.0
1997-12-22 00:00:00-05:00,4.061740333982498,4.061740333982498,3.9854631423950195,3.9854631423950195,4250,0.0,0.0
1997-12-23 00:00:00-05:00,3.928255190829148,4.061739921569824,3.8710476439310733,4.061739921569824,32200,0.0,0.0
1997-12-24 00:00:00-05:00,3.81384015083313,3.81384015083313,3.81384015083313,3.81384015083313,2500,0.0,0.0
1997-12-26 00:00:00-05:00,3.813839527625654,3.9282546043395996,3.813839527625654,3.9282546043395996,11250,0.0,0.0
1997-12-29 00:00:00-05:00,3.871047698538206,3.928255246243282,3.699425055422978,3.81384015083313,35250,0.0,0.0
1997-12-30 00:00:00-05:00,3.81383922205032,4.061738989713222,3.5850088596343994,3.5850088596343994,34900,0.0,0.0
1997-12-31 00:00:00-05:00,3.6994244509117085,3.9282546043395996,3.5850091468752128,3.9282546043395996,16250,0.0,0.0
1998-01-02 00:00:00-05:00,4.17615469717839,4.29056978225708,4.17615469717839,4.29056978225708,500,0.0,0.0
1998-01-05 00:00:00-05:00,3.81384015083313,3.81384015083313,3.81384015083313,3.81384015083313,100,0.0,0.0
1998-01-06 00:00:00-05:00,3.928255190829148,4.061739921569824,3.928255190829148,4.061739921569824,1350,0.0,0.0
1998-01-07 00:00:00-05:00,4.176154098981246,4.767299075189987,4.176154098981246,4.652884006500244,10850,0.0,0.0
1998-01-08 00:00:00-05:00,4.5384697914123535,4.5384697914123535,4.5384697914123535,4.5384697914123535,2150,0.0,0.0
1998-01-09 00:00:00-05:00,4.5384697914123535,4.5384697914123535,4.5384697914123535,4.5384697914123535,3000,0.0,0.0
1998-01-12 00:00:00-05:00,4.40498486733577,4.40498486733577,4.29056978225708,4.29056978225708,1500,0.0,0.0
1998-01-13 00:00:00-05:00,4.290569974647491,4.710092426725998,4.290569974647491,4.5384697914123535,6500,0.0,0.0
1998-01-14 00:00:00-05:00,4.4049859046936035,4.4049859046936035,4.4049859046936035,4.4049859046936035,4300,0.0,0.0
1998-01-15 00:00:00-05:00,4.4049859046936035,4.4049859046936035,4.4049859046936035,4.4049859046936035,7650,0.0,0.0
1998-01-16 00:00:00-05:00,4.4049859046936035,4.4049859046936035,4.4049859046936035,4.4049859046936035,0,0.0,0.0
1998-01-20 00:00:00-05:00,4.4049859046936035,4.4049859046936035,4.4049859046936035,4.4049859046936035,0,0.0,0.0
1998-01-21 00:00:00-05:00,4.404985064856588,4.5384697914123535,4.404985064856588,4.5384697914123535,1700,0.0,0.0
1998-01-22 00:00:00-05:00,4.538470656699039,4.652885768722063,4.4049859046936035,4.4049859046936035,33800,0.0,0.0
1998-01-23 00:00:00-05:00,4.5384697914123535,4.65288488162145,4.5384697914123535,4.5384697914123535,9750,0.0,0.0
1998-01-26 00:00:00-05:00,4.5384697914123535,4.5384697914123535,4.5384697914123535,4.5384697914123535,5300,0.0,0.0
1998-01-27 00:00:00-05:00,4.65288596574328,4.767301082611084,4.65288596574328,4.767301082611084,9950,0.0,0.0
1998-01-28 00:00:00-05:00,4.652884006500244,4.652884006500244,4.538468937810501,4.652884006500244,6750,0.0,0.0
1998-01-29 00:00:00-05:00,4.767301082611084,4.881716199478888,4.65288596574328,4.767301082611084,10500,0.0,0.0
1998-01-30 00:00:00-05:00,4.8817138671875,4.8817138671875,4.767298804982724,4.8817138671875,2750,0.0,0.0
1998-02-02 00:00:00-05:00,4.881713987946049,6.083073534749246,4.767298922910998,5.491928577423096,41750,0.0,0.0
1998-02-03 00:00:00-05:00,5.72075891494751,5.72075891494751,4.881714164973725,5.72075891494751,44800,0.0,0.0
1998-02-04 00:00:00-05:00,5.491928818194125,5.491928818194125,5.129613975053871,5.2440290451049805,17400,0.0,0.0
1998-02-05 00:00:00-05:00,5.244028815202098,5.720758707493197,5.244028815202098,5.491928577423096,16750,0.0,0.0
1998-02-06 00:00:00-05:00,5.491928818194125,5.491928818194125,5.129613975053871,5.2440290451049805,10500,0.0,0.0
1998-02-09 00:00:00-05:00,5.129613399505615,5.835173373634592,5.015198342292002,5.129613399505615,31750,0.0,0.0
1998-02-10 00:00:00-05:00,5.66355078781417,5.66355078781417,5.015198342292002,5.129613399505615,26750,0.0,0.0
1998-02-11 00:00:00-05:00,5.129614260843313,5.129614260843313,4.881714473942772,5.015199184417725,14700,0.0,0.0
1998-02-12 00:00:00-05:00,5.015199184417725,5.015199184417725,5.015199184417725,5.015199184417725,15800,0.0,0.0
1998-02-13 00:00:00-05:00,5.015198342292002,5.129613399505615,5.015198342292002,5.129613399505615,9800,0.0,0.0
1998-02-17 00:00:00-05:00,4.767301082611084,4.881716199478888,4.65288596574328,4.767301082611084,15150,0.0,0.0
1998-02-18 00:00:00-05:00,4.767298804982724,4.8817138671875,4.767298804982724,4.8817138671875,2650,0.0,0.0
1998-02-19 00:00:00-05:00,5.015200957136585,5.015200957136585,4.767301082611084,4.767301082611084,14000,0.0,0.0
1998-02-20 00:00:00-05:00,4.767301082611084,4.767301082611084,4.538470848875477,4.767301082611084,7150,0.0,0.0
1998-02-23 00:00:00-05:00,4.767301082611084,4.824508641044986,4.538470848875477,4.767301082611084,17250,0.0,0.0
1998-02-24 00:00:00-05:00,4.65288596574328,4.881716199478888,4.538470848875477,4.767301082611084,7000,0.0,0.0
1998-02-25 00:00:00-05:00,4.824508641044986,4.881716199478888,4.404986091217779,4.767301082611084,7600,0.0,0.0
1998-02-26 00:00:00-05:00,4.767298804982724,4.8817138671875,4.767298804982724,4.8817138671875,57200,0.0,0.0
1998-02-27 00:00:00-05:00,4.767299971830546,4.881715062039642,4.5384697914123535,4.5384697914123535,24400,0.0,0.0
1998-03-02 00:00:00-05:00,4.5384697914123535,4.595677336516902,4.462192609961136,4.5384697914123535,12000,0.0,0.0
1998-03-03 00:00:00-05:00,4.462193460705116,4.538470656699039,4.4049859046936035,4.4049859046936035,10750,0.0,0.0
1998-03-04 00:00:00-05:00,4.538469359298558,4.881714597245004,4.538469359298558,4.595676898956299,22550,0.0,0.0
1998-03-05 00:00:00-05:00,4.595676898956299,4.595676898956299,4.595676898956299,4.595676898956299,0,0.0,0.0
1998-03-06 00:00:00-05:00,4.595676898956299,4.595676898956299,4.595676898956299,4.595676898956299,0,0.0,0.0
1998-03-09 00:00:00-05:00,4.29056978225708,4.538469587906042,4.29056978225708,4.29056978225708,11250,0.0,0.0
1998-03-10 00:00:00-05:00,4.538470848875477,4.767301082611084,4.290570974349976,4.767301082611084,13900,0.0,0.0
1998-03-11 00:00:00-05:00,5.015200957136585,5.015200957136585,4.767301082611084,4.767301082611084,3750,0.0,0.0
1998-03-12 00:00:00-05:00,5.015198561071447,5.015198561071447,4.8817138671875,4.8817138671875,6000,0.0,0.0
1998-03-13 00:00:00-05:00,4.8817136542310955,5.24402845671923,4.824506125624288,5.129613399505615,16250,0.0,0.0
1998-03-16 00:00:00-05:00,5.129613975053871,5.301236580130535,4.881714201964728,5.2440290451049805,15250,0.0,0.0
1998-03-17 00:00:00-05:00,5.244028675052778,5.358443737030029,4.8817138574797765,5.358443737030029,8650,0.0,0.0
1998-03-18 00:00:00-05:00,5.129613623276222,5.491928441569719,4.767298804982724,4.8817138671875,9200,0.0,0.0
1998-03-19 00:00:00-05:00,4.881716199478888,5.129616074004389,4.65288596574328,4.767301082611084,5650,0.0,0.0
1998-03-20 00:00:00-05:00,4.767300880745088,4.767300880745088,4.4049859046936035,4.4049859046936035,8850,0.0,0.0
1998-03-23 00:00:00-05:00,4.404986091217779,5.015200957136585,4.404986091217779,4.767301082611084,13950,0.0,0.0
1998-03-24 00:00:00-05:00,4.65288596574328,5.015200957136585,4.65288596574328,4.767301082611084,3600,0.0,0.0
1998-03-25 00:00:00-05:00,5.0151988572803,5.491928765935306,5.0151988572803,5.186821460723877,22650,0.0,0.0
1998-03-26 00:00:00-05:00,5.491928870299789,5.835174083709717,5.244029094858652,5.835174083709717,66850,0.0,0.0
1998-03-27 00:00:00-05:00,5.835173616580281,5.835173616580281,5.358443737030029,5.358443737030029,5500,0.0,0.0
1998-03-30 00:00:00-05:00,5.358443880237148,5.491928577423096,5.358443880237148,5.491928577423096,3500,0.0,0.0
1998-03-31 00:00:00-05:00,5.491928818194125,5.491928818194125,5.129613975053871,5.2440290451049805,21350,0.0,0.0
1998-04-01 00:00:00-05:00,5.358443880237148,5.491928577423096,5.358443880237148,5.491928577423096,5250,0.0,0.0
1998-04-02 00:00:00-05:00,5.720758707493197,5.720758707493197,5.129613750167047,5.491928577423096,32000,0.0,0.0
1998-04-03 00:00:00-05:00,5.6063438457633765,5.72075891494751,5.491928776579243,5.72075891494751,100500,0.0,0.0
1998-04-06 00:00:00-04:00,5.835174307899444,6.311904243930022,5.835174307899444,6.08307409286499,30500,0.0,0.0
1998-04-07 00:00:00-04:00,6.311904038212357,7.265363879198335,6.140281430507111,6.922118663787842,27750,0.0,0.0
1998-04-08 00:00:00-04:00,7.398849602944056,7.513264690500063,6.197489819670556,6.3119049072265625,53950,0.0,0.0
1998-04-09 00:00:00-04:00,6.445389439966026,6.788634692477315,6.445389439966026,6.674219608306885,23250,0.0,0.0
1998-04-13 00:00:00-04:00,6.922118663787842,7.150948807394838,6.788633958705346,6.922118663787842,16850,0.0,0.0
1998-04-14 00:00:00-04:00,6.922118663787842,7.150948807394838,6.922118663787842,6.922118663787842,15400,0.0,0.0
1998-04-15 00:00:00-04:00,7.036534496158375,7.036534496158375,6.674219608306885,6.674219608306885,11550,0.0,0.0
1998-04-16 00:00:00-04:00,6.67421943311682,6.67421943311682,6.445389270782471,6.445389270782471,21100,0.0,0.0
1998-04-17 00:00:00-04:00,6.445388888329445,6.5598039627075195,6.445388888329445,6.5598039627075195,19300,0.0,0.0
1998-04-20 00:00:00-04:00,6.67421980579906,6.67421980579906,6.3119049072265625,6.3119049072265625,6850,0.0,0.0
1998-04-21 00:00:00-04:00,6.445388362005295,6.445388362005295,5.491928577423096,5.491928577423096,12000,0.0,0.0
1998-04-22 00:00:00-04:00,5.720759600041803,5.968659400939941,5.720759600041803,5.968659400939941,1450,0.0,0.0
1998-04-23 00:00:00-04:00,5.83517468292781,6.197489566711954,5.83517468292781,5.968659400939941,9950,0.0,0.0
1998-04-24 00:00:00-04:00,5.968659400939941,5.968659400939941,5.968659400939941,5.968659400939941,1000,0.0,0.0
1998-04-27 00:00:00-04:00,5.968659400939941,5.968659400939941,5.968659400939941,5.968659400939941,15750,0.0,0.0
1998-04-28 00:00:00-04:00,5.968659400939941,5.968659400939941,5.720759600041803,5.968659400939941,37650,0.0,0.0
1998-04-29 00:00:00-04:00,5.72075891494751,5.968658686158203,5.72075891494751,5.72075891494751,11150,0.0,0.0
1998-04-30 00:00:00-04:00,5.835173984131643,5.835173984131643,5.6063438457633765,5.72075891494751,14550,0.0,0.0
1998-05-01 00:00:00-04:00,5.606344699859619,5.606344699859619,5.606344699859619,5.606344699859619,1250,0.0,0.0
1998-05-04 00:00:00-04:00,5.491928818194125,5.491928818194125,5.129613975053871,5.2440290451049805,28000,0.0,0.0
1998-05-05 00:00:00-04:00,5.015199402803804,5.35844464702713,5.015199402803804,5.301237106323242,5700,0.0,0.0
1998-05-06 00:00:00-04:00,5.301237106323242,5.301237106323242,5.301237106323242,5.301237106323242,0,0.0,0.0
1998-05-07 00:00:00-04:00,5.358443737030029,5.358443737030029,5.358443737030029,5.358443737030029,50,0.0,0.0
1998-05-08 00:00:00-04:00,5.015198982267703,5.339375019073486,5.015198982267703,5.339375019073486,4500,0.0,0.0
1998-05-11 00:00:00-04:00,5.015199184417725,5.015199184417725,5.015199184417725,5.015199184417725,2750,0.0,0.0
1998-05-12 00:00:00-04:00,5.2440290451049805,5.2440290451049805,5.2440290451049805,5.2440290451049805,650,0.0,0.0
1998-05-13 00:00:00-04:00,5.015199184417725,5.015199184417725,4.881714473942772,5.015199184417725,7500,0.0,0.0
1998-05-14 00:00:00-04:00,4.881716199478888,5.129616074004389,4.767301082611084,4.767301082611084,31200,0.0,0.0
1998-05-15 00:00:00-04:00,4.767301082611084,4.767301082611084,4.767301082611084,4.767301082611084,400,0.0,0.0
1998-05-18 00:00:00-04:00,4.767301082611084,4.767301082611084,4.767301082611084,4.767301082611084,0,0.0,0.0
1998-05-19 00:00:00-04:00,4.767299075189987,4.767299075189987,4.652884006500244,4.652884006500244,4500,0.0,0.0
1998-05-20 00:00:00-04:00,4.652884006500244,4.652884006500244,4.652884006500244,4.652884006500244,1050,0.0,0.0
1998-05-21 00:00:00-04:00,4.767299075189987,4.767299075189987,4.404984236360732,4.652884006500244,6250,0.0,0.0
1998-05-22 00:00:00-04:00,4.652884006500244,4.652884006500244,4.652884006500244,4.652884006500244,0,0.0,0.0
1998-05-26 00:00:00-04:00,4.652884006500244,4.652884006500244,4.652884006500244,4.652884006500244,0,0.0,0.0
1998-05-27 00:00:00-04:00,4.06173953070888,4.53846949696231,3.337109763774007,4.176154613494873,44700,0.0,0.0
1998-05-28 00:00:00-04:00,4.290570160981977,4.290570160981977,3.9282552382731013,4.138016700744629,19550,0.0,0.0
1998-05-29 00:00:00-04:00,4.06173953070888,4.176154613494873,4.06173953070888,4.176154613494873,6250,0.0,0.0
1998-06-01 00:00:00-04:00,4.061739978866967,4.061739978866967,3.81384015083313,3.81384015083313,3750,0.0,0.0
1998-06-02 00:00:00-04:00,3.8138398715492694,3.8710474150650915,3.7566323280334473,3.7566323280334473,15550,0.0,0.0
1998-06-03 00:00:00-04:00,3.7566323280334473,3.7566323280334473,3.7566323280334473,3.7566323280334473,0,0.0,0.0
1998-06-04 00:00:00-04:00,3.7566323280334473,3.7566323280334473,3.7566323280334473,3.7566323280334473,0,0.0,0.0
1998-06-05 00:00:00-04:00,3.7566323280334473,3.7566323280334473,3.7566323280334473,3.7566323280334473,0,0.0,0.0
1998-06-08 00:00:00-04:00,3.5850097326902386,3.81384015083313,3.5850097326902386,3.81384015083313,8200,0.0,0.0
1998-06-09 00:00:00-04:00,3.81384015083313,3.81384015083313,3.81384015083313,3.81384015083313,900,0.0,0.0
1998-06-10 00:00:00-04:00,3.81384015083313,3.81384015083313,3.81384015083313,3.81384015083313,100,0.0,0.0
1998-06-11 00:00:00-04:00,3.5850088596343994,3.5850088596343994,3.5850088596343994,3.5850088596343994,8400,0.0,0.0
1998-06-12 00:00:00-04:00,3.5850088596343994,3.5850088596343994,3.5850088596343994,3.5850088596343994,900,0.0,0.0
1998-06-15 00:00:00-04:00,3.5850088596343994,3.5850088596343994,3.5850088596343994,3.5850088596343994,0,0.0,0.0
1998-06-16 00:00:00-04:00,3.5850088596343994,3.5850088596343994,3.5850088596343994,3.5850088596343994,150,0.0,0.0
1998-06-17 00:00:00-04:00,3.5850093805119383,3.5850093805119383,3.222694719983013,3.3371098041534424,1000,0.0,0.0
1998-06-18 00:00:00-04:00,3.5850092207360293,3.5850092207360293,3.4515247344970703,3.4515247344970703,12700,0.0,0.0
1998-06-19 00:00:00-04:00,3.5850088596343994,3.5850088596343994,3.4515243868407244,3.5850088596343994,5000,0.0,0.0
1998-06-22 00:00:00-04:00,3.699425055422978,3.81384015083313,3.699425055422978,3.81384015083313,8750,0.0,0.0
1998-06-23 00:00:00-04:00,3.9854631423950195,3.9854631423950195,3.9854631423950195,3.9854631423950195,50,0.0,0.0
1998-06-24 00:00:00-04:00,3.9854631423950195,3.9854631423950195,3.9854631423950195,3.9854631423950195,2100,0.0,0.0
1998-06-25 00:00:00-04:00,3.985462354206426,4.290569696280866,3.985462354206426,4.176154613494873,8050,0.0,0.0
1998-06-26 00:00:00-04:00,4.290570544809291,4.290570544809291,3.9854631423950195,3.9854631423950195,650,0.0,0.0
1998-06-29 00:00:00-04:00,4.29056978225708,4.29056978225708,3.813839806450738,4.29056978225708,6750,0.0,0.0
1998-06-30 00:00:00-04:00,4.176153922115778,4.462191581726074,4.176153922115778,4.462191581726074,7850,0.0,0.0
1998-07-01 00:00:00-04:00,4.17615415308939,4.195223331451416,4.17615415308939,4.195223331451416,62500,0.0,0.0
1998-07-02 00:00:00-04:00,4.1761544531872365,4.2905695315812435,3.6994245052337646,3.6994245052337646,34700,0.0,0.0
1998-07-06 00:00:00-04:00,4.061739827304406,4.061739827304406,2.631549596786499,2.631549596786499,34100,0.0,0.0
1998-07-07 00:00:00-04:00,2.974794864654541,3.222694664031647,2.8603797824705484,2.974794864654541,3300,0.0,0.0
1998-07-08 00:00:00-04:00,3.165486867485089,3.2226946353912354,2.97479483821724,3.2226946353912354,8250,0.0,0.0
1998-07-09 00:00:00-04:00,3.108278751373291,3.108278751373291,3.108278751373291,3.108278751373291,1750,0.0,0.0
1998-07-10 00:00:00-04:00,3.222694251747336,3.5850088596343994,3.222694251747336,3.5850088596343994,8750,0.0,0.0
1998-07-13 00:00:00-04:00,3.5850092207360293,3.5850092207360293,3.3371096554258672,3.4515247344970703,4100,0.0,0.0
1998-07-14 00:00:00-04:00,3.5850092207360293,3.813839606200991,3.4515247344970703,3.4515247344970703,3500,0.0,0.0
1998-07-15 00:00:00-04:00,3.33710931929403,3.8710467558236674,3.33710931929403,3.5850088596343994,12150,0.0,0.0
1998-07-16 00:00:00-04:00,3.8138394822816823,3.871047019958496,3.4515246223500995,3.871047019958496,6800,0.0,0.0
1998-07-17 00:00:00-04:00,4.061739794229299,4.767299971830546,4.061739794229299,4.5384697914123535,19100,0.0,0.0
1998-07-20 00:00:00-04:00,4.290570974349976,5.015200957136585,4.290570974349976,4.767301082611084,36000,0.0,0.0
1998-07-21 00:00:00-04:00,4.881716199478888,4.881716199478888,4.65288596574328,4.767301082611084,5250,0.0,0.0
1998-07-22 00:00:00-04:00,4.652884321091595,5.015199184417725,4.652884321091595,5.015199184417725,3100,0.0,0.0
1998-07-23 00:00:00-04:00,4.767299397517183,5.015199184417725,4.652884321091595,5.015199184417725,7800,0.0,0.0
1998-07-24 00:00:00-04:00,5.015199631038778,5.720759786474271,4.881714908676544,5.606344699859619,18250,0.0,0.0
1998-07-27 00:00:00-04:00,5.720759709676107,5.720759709676107,3.928254891529428,4.29056978225708,28650,0.0,0.0
1998-07-28 00:00:00-04:00,4.767301082611084,4.767301082611084,4.290570974349976,4.767301082611084,9500,0.0,0.0
1998-07-29 00:00:00-04:00,4.767301082611084,4.767301082611084,4.767301082611084,4.767301082611084,500,0.0,0.0
1998-07-30 00:00:00-04:00,4.767299397517183,5.244029337268902,4.767299397517183,5.015199184417725,10850,0.0,0.0
1998-07-31 00:00:00-04:00,4.881716199478888,4.881716199478888,4.65288596574328,4.767301082611084,7750,0.0,0.0
1998-08-03 00:00:00-04:00,4.29056978225708,4.29056978225708,4.29056978225708,4.29056978225708,400,0.0,0.0
1998-08-04 00:00:00-04:00,4.29056978225708,4.29056978225708,4.29056978225708,4.29056978225708,2000,0.0,0.0
1998-08-05 00:00:00-04:00,4.290570792670579,4.652885768722063,4.290570792670579,4.4049859046936035,15250,0.0,0.0
1998-08-06 00:00:00-04:00,4.4049859046936035,4.4049859046936035,4.4049859046936035,4.4049859046936035,0,0.0,0.0
1998-08-07 00:00:00-04:00,4.65288596574328,4.767301082611084,4.65288596574328,4.767301082611084,750,0.0,0.0
1998-08-10 00:00:00-04:00,4.404985064856588,4.767299971830546,4.176154884438395,4.5384697914123535,23950,0.0,0.0
1998-08-11 00:00:00-04:00,3.928254891529428,4.538469587906042,3.928254891529428,4.29056978225708,4200,0.0,0.0
1998-08-12 00:00:00-04:00,4.0617393151509695,4.767299409532067,3.9282546043395996,3.9282546043395996,18300,0.0,0.0
1998-08-13 00:00:00-04:00,3.928255246243282,4.290570169687271,3.81384015083313,3.81384015083313,6350,0.0,0.0
1998-08-14 00:00:00-04:00,3.9282546043395996,3.9282546043395996,3.9282546043395996,3.9282546043395996,1000,0.0,0.0
1998-08-17 00:00:00-04:00,3.81384015083313,3.81384015083313,3.81384015083313,3.81384015083313,500,0.0,0.0
1998-08-18 00:00:00-04:00,4.061739978866967,4.061739978866967,3.81384015083313,3.81384015083313,2700,0.0,0.0
1998-08-19 00:00:00-04:00,3.4515248283996325,3.5850093182701848,2.7459647002865557,2.974794864654541,33950,0.0,0.0
1998-08-20 00:00:00-04:00,2.631549596786499,3.1082795978516082,2.4980650964663336,2.631549596786499,29200,0.0,0.0
1998-08-21 00:00:00-04:00,2.4980650964663336,2.631549596786499,2.4980650964663336,2.631549596786499,9750,0.0,0.0
1998-08-24 00:00:00-04:00,2.8603797824705484,2.974794864654541,2.8603797824705484,2.974794864654541,2750,0.0,0.0
1998-08-25 00:00:00-04:00,2.9747942874049826,3.108278751373291,2.4980644161678365,3.108278751373291,35000,0.0,0.0
1998-08-26 00:00:00-04:00,3.1082793545250937,3.1082793545250937,2.974794864654541,2.974794864654541,2750,0.0,0.0
1998-08-27 00:00:00-04:00,2.8603797824705484,3.1082793545250937,2.6315493907800023,2.974794864654541,12900,0.0,0.0
1998-08-28 00:00:00-04:00,2.8603800063906544,2.8603800063906544,2.631549596786499,2.631549596786499,2150,0.0,0.0
1998-08-31 00:00:00-04:00,2.631549694981956,2.631549694981956,1.4301900565624237,1.906920075416565,32400,0.0,0.0
1998-09-01 00:00:00-04:00,1.906919698406826,2.1548192501068115,1.906919698406826,2.1548192501068115,29200,0.0,0.0
1998-09-02 00:00:00-04:00,2.4980647814799792,2.6315492649687995,1.9641273021697998,1.9641273021697998,9950,0.0,0.0
1998-09-03 00:00:00-04:00,2.021335170826717,2.154819676127815,1.906920075416565,1.906920075416565,38300,0.0,0.0
1998-09-04 00:00:00-04:00,2.021335170826717,2.383650094270706,1.906920075416565,1.906920075416565,24050,0.0,0.0
1998-09-08 00:00:00-04:00,2.021335170826717,2.154819676127815,1.906920075416565,1.906920075416565,27700,0.0,0.0
1998-09-09 00:00:00-04:00,1.906920075416565,2.021335170826717,1.7925048663451193,1.906920075416565,23250,0.0,0.0
1998-09-10 00:00:00-04:00,1.9069196209291774,1.9069196209291774,1.5446048974990845,1.5446048974990845,10900,0.0,0.0
1998-09-11 00:00:00-04:00,1.5446050359156989,1.906919791813886,1.5446050359156989,1.8497122526168823,13250,0.0,0.0
1998-09-14 00:00:00-04:00,1.906920075416565,1.964127623121641,1.7352973186400433,1.906920075416565,13800,0.0,0.0
1998-09-15 00:00:00-04:00,1.849712077251813,1.90691961102516,1.7925044298171997,1.7925044298171997,12150,0.0,0.0
1998-09-16 00:00:00-04:00,1.7925048663451193,1.906920075416565,1.7925048663451193,1.906920075416565,7050,0.0,0.0
1998-09-17 00:00:00-04:00,1.7925044298171997,1.7925044298171997,1.5446048894768303,1.7925044298171997,6150,0.0,0.0
1998-09-18 00:00:00-04:00,1.7925045997586018,1.8497122526168823,1.7925045997586018,1.8497122526168823,3750,0.0,0.0
1998-09-21 00:00:00-04:00,1.8497122526168823,1.8497122526168823,1.8497122526168823,1.8497122526168823,0,0.0,0.0
1998-09-22 00:00:00-04:00,1.906920075416565,1.906920075416565,1.7925048663451193,1.906920075416565,15450,0.0,0.0
1998-09-23 00:00:00-04:00,1.906920075416565,1.906920075416565,1.7925048663451193,1.906920075416565,13300,0.0,0.0
1998-09-24 00:00:00-04:00,1.906920075416565,1.906920075416565,1.906920075416565,1.906920075416565,3450,0.0,0.0
1998-09-25 00:00:00-04:00,1.849712077251813,1.849712077251813,1.7925044298171997,1.7925044298171997,3100,0.0,0.0
1998-09-28 00:00:00-04:00,1.8497123379141356,1.8497123379141356,1.67808948508639,1.81157386302948,33750,0.0,0.0
1998-09-29 00:00:00-04:00,1.849712077251813,1.849712077251813,1.4301897082688702,1.7925044298171997,28700,0.0,0.0
1998-09-30 00:00:00-04:00,1.4301899220736998,1.6780894994735718,1.3729823797481675,1.6780894994735718,28450,0.0,0.0
1998-10-01 00:00:00-04:00,1.6780893129372623,1.6780893129372623,0.9534598420625932,1.0678750276565552,28950,0.0,0.0
1998-10-02 00:00:00-04:00,1.2013596384195324,1.315774847490978,0.8962524331725596,0.9534600377082825,14500,0.0,0.0
1998-10-05 00:00:00-04:00,0.9534600377082825,0.9534600377082825,0.9534600377082825,0.9534600377082825,0,0.0,0.0
1998-10-06 00:00:00-04:00,1.3157747237613524,1.3157747237613524,0.7246295514244385,0.8390447497367859,57550,0.0,0.0
1998-10-07 00:00:00-04:00,0.9534600377082825,0.9534600377082825,0.9534600377082825,0.9534600377082825,5350,0.0,0.0
1998-10-08 00:00:00-04:00,1.0678749867205404,1.0678749867205404,0.8962522149085999,0.8962522149085999,10950,0.0,0.0
1998-10-09 00:00:00-04:00,0.8962524331725596,1.0106675854133584,0.8962524331725596,0.9534600377082825,34000,0.0,0.0
1998-10-12 00:00:00-04:00,0.8390447497367859,0.9534599480491331,0.8390447497367859,0.8390447497367859,53250,0.0,0.0
1998-10-13 00:00:00-04:00,0.8962524331725596,0.9534600377082825,0.6483528324613097,0.9534600377082825,6300,0.0,0.0
1998-10-14 00:00:00-04:00,0.9534600377082825,0.9915984028449998,0.9534600377082825,0.9534600377082825,37100,0.0,0.0
1998-10-15 00:00:00-04:00,0.9534598273914549,1.2013593734203316,0.9534598273914549,1.048805832862854,5450,0.0,0.0
1998-10-16 00:00:00-04:00,1.3157745458914767,1.9069196383158367,1.3157745458914767,1.4301897287368774,30750,0.0,0.0
1998-10-19 00:00:00-04:00,1.678089287116059,1.678089287116059,0.9534598273914549,1.048805832862854,24300,0.0,0.0
1998-10-20 00:00:00-04:00,1.0678753449315512,1.201359748840332,1.0678753449315512,1.201359748840332,4850,0.0,0.0
1998-10-21 00:00:00-04:00,1.3157749684280449,1.4301901880157577,1.201359748840332,1.201359748840332,52650,0.0,0.0
1998-10-22 00:00:00-04:00,1.4301897287368774,1.4301897287368774,1.4301897287368774,1.4301897287368774,1000,0.0,0.0
1998-10-23 00:00:00-04:00,1.3157747983932495,1.4301900031953272,1.2013595935911718,1.3157747983932495,7150,0.0,0.0
1998-10-26 00:00:00-05:00,1.4301897287368774,1.4683280851315885,1.4301897287368774,1.4301897287368774,7500,0.0,0.0
1998-10-27 00:00:00-05:00,1.544605120386047,1.6780894994735718,1.4301899220736998,1.6780894994735718,386550,0.0,0.0
1998-10-28 00:00:00-05:00,1.6780894994735718,1.9641274384237983,1.6780894994735718,1.6780894994735718,68200,0.0,0.0
1998-10-29 00:00:00-05:00,1.8497122526168823,1.9641273310108898,1.6780894077033175,1.8497122526168823,17450,0.0,0.0
1998-10-30 00:00:00-05:00,1.9641273310108898,1.9641273310108898,1.7925045997586018,1.8497122526168823,55000,0.0,0.0
1998-11-02 00:00:00-05:00,1.8497120957311233,2.498064606284737,1.8497120957311233,2.326442003250122,82650,0.0,0.0
1998-11-03 00:00:00-05:00,2.4980656581733456,2.4980656581733456,2.078543335668769,2.383650541305542,87200,0.0,0.0
1998-11-04 00:00:00-05:00,2.3836495375949935,2.3836495375949935,2.078542460433144,2.326442003250122,24650,0.0,0.0
1998-11-05 00:00:00-05:00,2.1548192501068115,2.2692345502189433,2.021334771196415,2.1548192501068115,38850,0.0,0.0
1998-11-06 00:00:00-05:00,2.2692346797206935,2.2692346797206935,2.0213348865509033,2.0213348865509033,4300,0.0,0.0
1998-11-09 00:00:00-05:00,2.078542709350586,2.2692347406591598,2.021334940832221,2.078542709350586,16550,0.0,0.0
1998-11-10 00:00:00-05:00,1.9641271447985071,2.0022655006474053,1.7925044298171997,1.7925044298171997,22150,0.0,0.0
1998-11-11 00:00:00-05:00,1.964127623121641,1.964127623121641,1.7925048663451193,1.906920075416565,24650,0.0,0.0
1998-11-12 00:00:00-05:00,1.906920075416565,1.964127623121641,1.849712527711489,1.906920075416565,18400,0.0,0.0
1998-11-13 00:00:00-05:00,1.8497122526168823,1.8497122526168823,1.8497122526168823,1.8497122526168823,550,0.0,0.0
1998-11-16 00:00:00-05:00,1.7925044298171997,1.7925044298171997,1.5446048894768303,1.7925044298171997,27300,0.0,0.0
1998-11-17 00:00:00-05:00,1.7925045997586018,1.906919791813886,1.6780894077033175,1.8497122526168823,34500,0.0,0.0
1998-11-18 00:00:00-05:00,1.6780892486092396,1.7925044298171997,1.6780892486092396,1.7925044298171997,26250,0.0,0.0
1998-11-19 00:00:00-05:00,1.6780894994735718,1.792504697785919,1.544605120386047,1.6780894994735718,38850,0.0,0.0
1998-11-20 00:00:00-05:00,1.5446050870805474,1.7352971180430963,1.4873974323272705,1.4873974323272705,7550,0.0,0.0
1998-11-23 00:00:00-05:00,1.6780892486092396,1.90691961102516,1.4873972420422172,1.7925044298171997,182650,0.0,0.0
1998-11-24 00:00:00-05:00,1.6780894994735718,1.792504697785919,1.6780894994735718,1.6780894994735718,17750,0.0,0.0
1998-11-25 00:00:00-05:00,1.6780894994735718,1.6780894994735718,1.4301899220736998,1.6780894994735718,8100,0.0,0.0
1998-11-27 00:00:00-05:00,1.4301899220736998,1.6780894994735718,1.4301899220736998,1.6780894994735718,14100,0.0,0.0
1998-11-30 00:00:00-05:00,1.4301897287368774,1.601812446174345,1.4301897287368774,1.4301897287368774,5300,0.0,0.0
1998-12-01 00:00:00-05:00,1.4301897082688702,1.7925044298171997,1.2013593458529495,1.7925044298171997,37450,0.0,0.0
1998-12-02 00:00:00-05:00,1.6780896572736737,1.906920075416565,1.6780896572736737,1.906920075416565,43000,0.0,0.0
1998-12-03 00:00:00-05:00,1.906919791813886,1.9641273310108898,1.8497122526168823,1.8497122526168823,42500,0.0,0.0
1998-12-04 00:00:00-05:00,1.849712527711489,2.021335170826717,1.849712527711489,1.906920075416565,72650,0.0,0.0
1998-12-07 00:00:00-05:00,1.906919763812827,1.9641273021697998,1.906919763812827,1.9641273021697998,61950,0.0,0.0
1998-12-08 00:00:00-05:00,1.964127623121641,1.964127623121641,1.906920075416565,1.906920075416565,17300,0.0,0.0
1998-12-09 00:00:00-05:00,1.906919763812827,1.9641273021697998,1.906919763812827,1.9641273021697998,5400,0.0,0.0
1998-12-10 00:00:00-05:00,1.964127346891362,2.2120269127385965,1.9069198072318208,2.0213348865509033,13950,0.0,0.0
1998-12-11 00:00:00-05:00,2.383649461455499,2.8603793537465987,2.383649461455499,2.745964288711548,31050,0.0,0.0
1998-12-14 00:00:00-05:00,2.440857531019821,2.7459648928892313,2.2692348957061768,2.2692348957061768,32050,0.0,0.0
1998-12-15 00:00:00-05:00,2.4980650964663336,2.7459649152498664,2.3836500053255456,2.631549596786499,32500,0.0,0.0
1998-12-16 00:00:00-05:00,2.2692354244377384,2.4980656581733456,2.2692354244377384,2.383650541305542,2850,0.0,0.0
1998-12-17 00:00:00-05:00,2.555272367952143,2.555272367952143,2.326442003250122,2.326442003250122,550,0.0,0.0
1998-12-18 00:00:00-05:00,2.631549596786499,2.631549596786499,2.3836500053255456,2.631549596786499,14450,0.0,0.0
1998-12-21 00:00:00-05:00,2.555272521498453,2.555272521498453,2.2692346052635437,2.4980647563934326,6650,0.0,0.0
1998-12-22 00:00:00-05:00,2.383649823050767,2.383649823050767,1.9069198584406135,2.078542709350586,26300,0.0,0.0
1998-12-23 00:00:00-05:00,2.0213348865509033,2.154819373079055,1.9069198072318208,2.0213348865509033,14400,0.0,0.0
1998-12-24 00:00:00-05:00,1.906920075416565,2.021335170826717,1.906920075416565,1.906920075416565,7700,0.0,0.0
1998-12-28 00:00:00-05:00,1.906920075416565,2.021335170826717,1.906920075416565,1.906920075416565,27800,0.0,0.0
1998-12-29 00:00:00-05:00,1.964127623121641,2.0785429458543803,1.906920075416565,1.906920075416565,11500,0.0,0.0
1998-12-30 00:00:00-05:00,1.906920075416565,1.906920075416565,1.906920075416565,1.906920075416565,15450,0.0,0.0
1998-12-31 00:00:00-05:00,1.964127623121641,2.021335170826717,1.906920075416565,1.906920075416565,7300,0.0,0.0
1999-01-04 00:00:00-05:00,1.6780896572736737,1.906920075416565,1.6780896572736737,1.906920075416565,950,0.0,0.0
1999-01-05 00:00:00-05:00,2.021335170826717,2.021335170826717,1.906920075416565,1.906920075416565,6350,0.0,0.0
1999-01-06 00:00:00-05:00,2.0213348865509033,2.0785426535330003,2.0213348865509033,2.0213348865509033,3900,0.0,0.0
1999-01-07 00:00:00-05:00,2.078543335668769,2.383650541305542,2.078543335668769,2.383650541305542,15250,0.0,0.0
1999-01-08 00:00:00-05:00,2.3836496808284884,2.4980647563934326,2.3836496808284884,2.4980647563934326,11250,0.0,0.0
1999-01-11 00:00:00-05:00,2.631549436468098,3.6994246920049334,2.631549436468098,3.3371098041534424,32050,0.0,0.0
1999-01-12 00:00:00-05:00,3.222694297868581,3.5850089109408714,2.860379457473755,2.860379457473755,9650,0.0,0.0
1999-01-13 00:00:00-05:00,2.860379506286537,2.9175870418548584,2.860379506286537,2.9175870418548584,21250,0.0,0.0
1999-01-14 00:00:00-05:00,2.860379457473755,2.860379457473755,2.860379457473755,2.860379457473755,6200,0.0,0.0
1999-01-15 00:00:00-05:00,3.1082794084900183,3.508732657731652,3.1082794084900183,3.3371098041534424,25600,0.0,0.0
1999-01-19 00:00:00-05:00,3.3371098041534424,3.3371098041534424,3.1082794084900183,3.3371098041534424,22750,0.0,0.0
1999-01-20 00:00:00-05:00,3.2226950365688367,3.81384015083313,2.8603801131248474,3.81384015083313,23900,0.0,0.0
1999-01-21 00:00:00-05:00,3.3371090986600214,3.5850086226104367,3.108278751373291,3.108278751373291,7100,0.0,0.0
1999-01-22 00:00:00-05:00,3.108279326901502,3.2226946353912354,3.108279326901502,3.2226946353912354,1000,0.0,0.0
1999-01-25 00:00:00-05:00,3.1082793545250937,3.3943172873076364,2.8603797824705484,2.974794864654541,16150,0.0,0.0
1999-01-26 00:00:00-05:00,2.97479483821724,3.2226946353912354,2.8603797570500653,3.2226946353912354,10250,0.0,0.0
1999-01-27 00:00:00-05:00,3.3371098041534424,3.5850093805119383,3.3371098041534424,3.3371098041534424,6850,0.0,0.0
1999-01-28 00:00:00-05:00,3.5850093182701848,3.5850093182701848,2.974794864654541,2.974794864654541,2650,0.0,0.0
1999-01-29 00:00:00-05:00,2.97479483821724,3.2226946353912354,2.97479483821724,3.2226946353912354,6450,0.0,0.0
1999-02-01 00:00:00-05:00,2.974794864654541,2.974794864654541,2.974794864654541,2.974794864654541,1850,0.0,0.0
1999-02-02 00:00:00-05:00,3.5850089109408714,3.5850089109408714,2.860379457473755,2.860379457473755,17400,0.0,0.0
1999-02-03 00:00:00-05:00,2.8603797824705484,2.974794864654541,2.8603797824705484,2.974794864654541,900,0.0,0.0
1999-02-04 00:00:00-05:00,2.97479483821724,3.2417638155857644,2.97479483821724,3.2226946353912354,11400,0.0,0.0
1999-02-05 00:00:00-05:00,3.222694038677915,3.222694038677915,3.108278751373291,3.108278751373291,1500,0.0,0.0
1999-02-08 00:00:00-05:00,2.860379457473755,2.860379457473755,2.860379457473755,2.860379457473755,400,0.0,0.0
1999-02-09 00:00:00-05:00,2.8603793537465987,2.8603793537465987,2.688756528871495,2.745964288711548,16000,0.0,0.0
1999-02-10 00:00:00-05:00,2.860379457473755,2.9175869920658215,2.860379457473755,2.860379457473755,13250,0.0,0.0
1999-02-11 00:00:00-05:00,2.860379457473755,2.860379457473755,2.860379457473755,2.860379457473755,0,0.0,0.0
1999-02-12 00:00:00-05:00,2.860379457473755,2.860379457473755,2.860379457473755,2.860379457473755,0,0.0,0.0
1999-02-16 00:00:00-05:00,2.860379457473755,2.860379457473755,2.860379457473755,2.860379457473755,0,0.0,0.0
1999-02-17 00:00:00-05:00,2.860379457473755,2.860379457473755,2.860379457473755,2.860379457473755,16700,0.0,0.0
1999-02-18 00:00:00-05:00,2.745964288711548,2.745964288711548,2.745964288711548,2.745964288711548,500,0.0,0.0
1999-02-19 00:00:00-05:00,2.860379457473755,2.860379457473755,2.860379457473755,2.860379457473755,4350,0.0,0.0
1999-02-22 00:00:00-05:00,2.860379282989635,2.860379282989635,2.2692343402865873,2.44085693359375,13350,0.0,0.0
1999-02-23 00:00:00-05:00,2.631549596786499,2.631549596786499,2.3836500053255456,2.631549596786499,1250,0.0,0.0
1999-02-24 00:00:00-05:00,2.631549596786499,2.631549596786499,2.631549596786499,2.631549596786499,0,0.0,0.0
1999-02-25 00:00:00-05:00,2.631549596786499,2.631549596786499,2.631549596786499,2.631549596786499,0,0.0,0.0
1999-02-26 00:00:00-05:00,2.631549596786499,2.631549596786499,2.631549596786499,2.631549596786499,400,0.0,0.0
1999-03-01 00:00:00-05:00,2.6887571423568932,2.6887571423568932,2.44085755089594,2.631549596786499,2800,0.0,0.0
1999-03-02 00:00:00-05:00,2.631549596786499,2.631549596786499,2.631549596786499,2.631549596786499,200,0.0,0.0
1999-03-03 00:00:00-05:00,2.631549596786499,2.631549596786499,2.631549596786499,2.631549596786499,0,0.0,0.0
1999-03-04 00:00:00-05:00,2.44085693359375,2.44085693359375,2.383649402491362,2.44085693359375,2650,0.0,0.0
1999-03-05 00:00:00-05:00,2.4980647814799792,2.4980647814799792,1.906919763812827,1.9641273021697998,61500,0.0,0.0
1999-03-08 00:00:00-05:00,2.0213350789413145,2.2692348957061768,1.9641275338367663,2.2692348957061768,35700,0.0,0.0
1999-03-09 00:00:00-05:00,2.078542709350586,2.078542709350586,2.078542709350586,2.078542709350586,50,0.0,0.0
1999-03-10 00:00:00-05:00,2.078542709350586,2.078542709350586,2.078542709350586,2.078542709350586,2000,0.0,0.0
1999-03-11 00:00:00-05:00,2.383650541305542,2.383650541305542,2.383650541305542,2.383650541305542,2700,0.0,0.0
1999-03-12 00:00:00-05:00,2.4980647563934326,2.4980647563934326,2.4980647563934326,2.4980647563934326,400,0.0,0.0
1999-03-15 00:00:00-05:00,2.555272173481407,3.108278751373291,2.555272173481407,3.108278751373291,21750,0.0,0.0
1999-03-16 00:00:00-05:00,2.860379457473755,2.860379457473755,2.860379457473755,2.860379457473755,6500,0.0,0.0
1999-03-17 00:00:00-05:00,2.3836495545449363,2.6315490991247086,1.7925044604713416,2.3455111980438232,69300,0.0,0.0
1999-03-18 00:00:00-05:00,2.3836496230085324,2.3836496230085324,2.1548192501068115,2.1548192501068115,5050,0.0,0.0
1999-03-19 00:00:00-05:00,2.1548200802473048,2.383650541305542,2.1548200802473048,2.383650541305542,5250,0.0,0.0
1999-03-22 00:00:00-05:00,2.4980656581733456,2.4980656581733456,2.2692354244377384,2.383650541305542,18750,0.0,0.0
1999-03-23 00:00:00-05:00,2.383650541305542,2.383650541305542,2.383650541305542,2.383650541305542,0,0.0,0.0
1999-03-24 00:00:00-05:00,2.3836500053255456,2.8603800063906544,2.3836500053255456,2.631549596786499,12300,0.0,0.0
1999-03-25 00:00:00-05:00,2.4980647563934326,2.4980647563934326,2.4980647563934326,2.4980647563934326,1500,0.0,0.0
1999-03-26 00:00:00-05:00,2.4980646957981216,2.4980646957981216,1.7925045119559655,2.1548192501068115,5550,0.0,0.0
1999-03-29 00:00:00-05:00,2.3836496230085324,2.3836496230085324,2.1548192501068115,2.1548192501068115,2850,0.0,0.0
1999-03-30 00:00:00-05:00,2.1548192501068115,2.1548192501068115,2.1548192501068115,2.1548192501068115,0,0.0,0.0
1999-03-31 00:00:00-05:00,2.021335170826717,2.021335170826717,1.906920075416565,1.906920075416565,2250,0.0,0.0
1999-04-01 00:00:00-05:00,1.9069198960982663,1.9069198960982663,1.6780894994735718,1.6780894994735718,500,0.0,0.0
1999-04-05 00:00:00-04:00,1.6780894994735718,1.6780894994735718,1.6780894994735718,1.6780894994735718,0,0.0,0.0
1999-04-06 00:00:00-04:00,1.7925044298171997,1.7925044298171997,1.7925044298171997,1.7925044298171997,10500,0.0,0.0
1999-04-07 00:00:00-04:00,1.6780892486092396,1.7925044298171997,1.6780892486092396,1.7925044298171997,350,0.0,0.0
1999-04-08 00:00:00-04:00,1.6780892486092396,1.90691961102516,1.6780892486092396,1.7925044298171997,3550,0.0,0.0
1999-04-09 00:00:00-04:00,1.7925044298171997,1.7925044298171997,1.7925044298171997,1.7925044298171997,1000,0.0,0.0
1999-04-12 00:00:00-04:00,1.7925045734376064,1.9641273021697998,1.6780893830623858,1.9641273021697998,36500,0.0,0.0
1999-04-13 00:00:00-04:00,1.9069194849485838,3.108278751373291,1.9069194849485838,3.108278751373291,25100,0.0,0.0
1999-04-14 00:00:00-04:00,3.3371092460376985,3.3371092460376985,2.745964288711548,2.745964288711548,35400,0.0,0.0
1999-04-15 00:00:00-04:00,2.860379457473755,2.974794526657888,2.7459643882896216,2.860379457473755,37150,0.0,0.0
1999-04-16 00:00:00-04:00,2.7459643882896216,2.860379457473755,2.7459643882896216,2.860379457473755,14600,0.0,0.0
1999-04-19 00:00:00-04:00,2.9747949798517874,3.108279474891451,2.7459648066224833,2.8031723499298096,49350,0.0,0.0
1999-04-20 00:00:00-04:00,2.745964288711548,2.745964288711548,2.745964288711548,2.745964288711548,400,0.0,0.0
1999-04-21 00:00:00-04:00,2.8603793537465987,2.8603793537465987,2.63154899635397,2.745964288711548,27000,0.0,0.0
1999-04-22 00:00:00-04:00,2.745964288711548,2.745964288711548,2.745964288711548,2.745964288711548,0,0.0,0.0
1999-04-23 00:00:00-04:00,2.631549367393158,3.2226946353912354,2.631549367393158,3.2226946353912354,12100,0.0,0.0
1999-04-26 00:00:00-04:00,3.222694297868581,3.222694297868581,2.860379457473755,2.860379457473755,42100,0.0,0.0
1999-04-27 00:00:00-04:00,3.2226944775949393,3.2226944775949393,2.4980647563934326,2.4980647563934326,54750,0.0,0.0
1999-04-28 00:00:00-04:00,2.1548192501068115,2.4980646957981216,2.1548192501068115,2.1548192501068115,44000,0.0,0.0
1999-04-29 00:00:00-04:00,2.383649547894796,2.860379457473755,2.154819182203994,2.860379457473755,10100,0.0,0.0
1999-04-30 00:00:00-04:00,2.8603793537465987,2.8603793537465987,2.745964288711548,2.745964288711548,2850,0.0,0.0
1999-05-03 00:00:00-04:00,2.6887571423568932,2.6887571423568932,2.631549596786499,2.631549596786499,11800,0.0,0.0
1999-05-04 00:00:00-04:00,2.631549596786499,2.8603800063906544,2.631549596786499,2.631549596786499,10450,0.0,0.0
1999-05-05 00:00:00-04:00,2.631550188508413,2.631550188508413,2.383650541305542,2.383650541305542,2350,0.0,0.0
1999-05-06 00:00:00-04:00,2.3836496808284884,2.4980647563934326,2.3836496808284884,2.4980647563934326,850,0.0,0.0
1999-05-07 00:00:00-04:00,2.4980647563934326,2.4980647563934326,2.4980647563934326,2.4980647563934326,8850,0.0,0.0
1999-05-10 00:00:00-04:00,2.2692354244377384,2.383650541305542,2.2692354244377384,2.383650541305542,4500,0.0,0.0
1999-05-11 00:00:00-04:00,2.7459645414292413,2.7459645414292413,2.3836496808284884,2.4980647563934326,7200,0.0,0.0
1999-05-12 00:00:00-04:00,2.4980644161678365,3.108278751373291,2.4980644161678365,3.108278751373291,17000,0.0,0.0
1999-05-13 00:00:00-04:00,3.1082788886450694,3.1082788886450694,2.745964288711548,2.745964288711548,68750,0.0,0.0
1999-05-14 00:00:00-04:00,2.8603792274228756,3.108278751373291,2.8603792274228756,3.108278751373291,4750,0.0,0.0
1999-05-17 00:00:00-04:00,3.1082790013619124,3.1082790013619124,2.860379457473755,2.860379457473755,2600,0.0,0.0
1999-05-18 00:00:00-04:00,2.8603797824705484,3.1082793545250937,2.8603797824705484,2.974794864654541,22350,0.0,0.0
1999-05-19 00:00:00-04:00,2.974794864654541,2.974794864654541,2.974794864654541,2.974794864654541,0,0.0,0.0
1999-05-20 00:00:00-04:00,3.1082793545250937,3.222694664031647,2.8603797824705484,2.974794864654541,48400,0.0,0.0
1999-05-21 00:00:00-04:00,2.974794864654541,2.974794864654541,2.8603797824705484,2.974794864654541,131800,0.0,0.0
1999-05-24 00:00:00-04:00,3.108278751373291,3.108278751373291,2.8603792274228756,3.108278751373291,2500,0.0,0.0
1999-05-25 00:00:00-04:00,3.1082790013619124,3.1082790013619124,2.860379457473755,2.860379457473755,36650,0.0,0.0
1999-05-26 00:00:00-04:00,2.860379457473755,2.974794526657888,2.860379457473755,2.860379457473755,61950,0.0,0.0
1999-05-27 00:00:00-04:00,2.9747950975314428,2.9747950975314428,2.631549596786499,2.631549596786499,119300,0.0,0.0
1999-05-28 00:00:00-04:00,2.7459644351498946,2.9747945774231797,2.7459644351498946,2.9175870418548584,25850,0.0,0.0
1999-06-01 00:00:00-04:00,2.860379547610239,2.860379547610239,2.1548192501068115,2.1548192501068115,27650,0.0,0.0
1999-06-02 00:00:00-04:00,2.3264424126416534,2.631549543494183,2.3264424126416534,2.5552728176116943,104650,0.0,0.0
1999-06-03 00:00:00-04:00,2.4980644646961374,2.631548931257563,2.383649402491362,2.44085693359375,39500,0.0,0.0
1999-06-04 00:00:00-04:00,2.6315491366907127,3.2226943528643175,2.6315491366907127,2.9175870418548584,120350,0.0,0.0
1999-06-07 00:00:00-04:00,2.9747945774231797,3.2226943528643175,2.860379506286537,2.9175870418548584,305300,0.0,0.0
1999-06-08 00:00:00-04:00,2.9175868862641243,3.1082788886450694,2.63154899635397,2.745964288711548,54300,0.0,0.0
1999-06-09 00:00:00-04:00,2.8031722527184297,2.860379794041852,2.6315494014256013,2.6887569427490234,57100,0.0,0.0
1999-06-10 00:00:00-04:00,2.8031722527184297,2.860379794041852,2.6887569427490234,2.6887569427490234,81300,0.0,0.0
1999-06-11 00:00:00-04:00,2.68875662637502,2.860379457473755,2.68875662637502,2.860379457473755,145250,0.0,0.0
1999-06-14 00:00:00-04:00,2.97479441878165,2.97479441878165,2.688756528871495,2.745964288711548,40700,0.0,0.0
1999-06-15 00:00:00-04:00,2.82224114924099,2.9747945774231797,2.7459644351498946,2.9175870418548584,39400,0.0,0.0
1999-06-16 00:00:00-04:00,2.860379457473755,2.974794526657888,2.7459643882896216,2.860379457473755,85900,0.0,0.0
1999-06-17 00:00:00-04:00,2.822240998734915,2.97479441878165,2.688756528871495,2.745964288711548,17550,0.0,0.0
1999-06-18 00:00:00-04:00,2.7459643882896216,2.974794526657888,2.6315490917829534,2.860379457473755,25850,0.0,0.0
1999-06-21 00:00:00-04:00,2.8603793537465987,3.032002178621702,2.745964288711548,2.745964288711548,6050,0.0,0.0
1999-06-22 00:00:00-04:00,2.745964288711548,2.745964288711548,2.63154899635397,2.745964288711548,7700,0.0,0.0
1999-06-23 00:00:00-04:00,2.745964288711548,2.8603793537465987,2.745964288711548,2.745964288711548,16050,0.0,0.0
1999-06-24 00:00:00-04:00,2.688756528871495,2.745964288711548,2.688756528871495,2.745964288711548,1050,0.0,0.0
1999-06-25 00:00:00-04:00,2.63154899635397,2.745964288711548,2.63154899635397,2.745964288711548,19200,0.0,0.0
1999-06-28 00:00:00-04:00,2.97479441878165,2.97479441878165,2.745964288711548,2.745964288711548,6750,0.0,0.0
1999-06-29 00:00:00-04:00,2.7459649152498664,2.8603800063906544,2.631549596786499,2.631549596786499,12750,0.0,0.0
1999-06-30 00:00:00-04:00,2.8603800063906544,3.1082795978516082,2.4980650964663336,2.631549596786499,28550,0.0,0.0
1999-07-01 00:00:00-04:00,2.8031718212290735,2.8603793537465987,2.688756528871495,2.745964288711548,6200,0.0,0.0
1999-07-02 00:00:00-04:00,2.745964288711548,2.745964288711548,2.63154899635397,2.745964288711548,2700,0.0,0.0
1999-07-06 00:00:00-04:00,2.745964288711548,2.745964288711548,2.745964288711548,2.745964288711548,0,0.0,0.0
1999-07-07 00:00:00-04:00,2.7459643882896216,2.860379457473755,2.498064617078929,2.860379457473755,19550,0.0,0.0
1999-07-08 00:00:00-04:00,2.650618269980309,2.860379457473755,2.498064617078929,2.860379457473755,11350,0.0,0.0
1999-07-09 00:00:00-04:00,2.8603793537465987,2.8603793537465987,2.63154899635397,2.745964288711548,13000,0.0,0.0
1999-07-12 00:00:00-04:00,2.8031723499298096,2.8603798932371354,2.7459648066224833,2.8031723499298096,38150,0.0,0.0
1999-07-13 00:00:00-04:00,2.7459643882896216,2.860379457473755,2.7459643882896216,2.860379457473755,18100,0.0,0.0
1999-07-14 00:00:00-04:00,2.8031723499298096,2.8031723499298096,2.8031723499298096,2.8031723499298096,14250,0.0,0.0
1999-07-15 00:00:00-04:00,3.108279447221647,3.394317388534546,3.108279447221647,3.394317388534546,69700,0.0,0.0
1999-07-16 00:00:00-04:00,3.4515247344970703,4.0617393988337085,3.2226945763546637,3.4515247344970703,134550,0.0,0.0
1999-07-19 00:00:00-04:00,3.699424784517625,4.06173968142964,3.699424784517625,3.7566323280334473,43700,0.0,0.0
1999-07-20 00:00:00-04:00,3.871047698538206,3.871047698538206,3.699425055422978,3.81384015083313,22550,0.0,0.0
1999-07-21 00:00:00-04:00,3.699424154503626,3.699424154503626,3.5087321479366036,3.5850088596343994,15900,0.0,0.0
1999-07-22 00:00:00-04:00,3.5850088596343994,3.5850088596343994,3.5850088596343994,3.5850088596343994,6500,0.0,0.0
1999-07-23 00:00:00-04:00,3.2799021190971804,3.5087325047858804,3.1654868125915527,3.1654868125915527,8150,0.0,0.0
1999-07-26 00:00:00-04:00,3.222694038677915,3.222694038677915,3.108278751373291,3.108278751373291,16000,0.0,0.0
1999-07-27 00:00:00-04:00,3.2226946353912354,3.451524797725584,2.97479483821724,3.2226946353912354,36350,0.0,0.0
1999-07-28 00:00:00-04:00,3.4515247344970703,3.5850092207360293,3.3371096554258672,3.4515247344970703,53050,0.0,0.0
1999-07-29 00:00:00-04:00,3.5850086226104367,3.5850086226104367,3.108278751373291,3.108278751373291,7900,0.0,0.0
1999-07-30 00:00:00-04:00,3.4515247344970703,3.4515247344970703,3.4515247344970703,3.4515247344970703,750,0.0,0.0
1999-08-02 00:00:00-04:00,2.974794864654541,2.974794864654541,2.974794864654541,2.974794864654541,19000,0.0,0.0
1999-08-03 00:00:00-04:00,3.1082794084900183,3.5850093805119383,3.1082794084900183,3.3371098041534424,20300,0.0,0.0
1999-08-04 00:00:00-04:00,3.3371098041534424,3.5850093805119383,3.3371098041534424,3.3371098041534424,12600,0.0,0.0
1999-08-05 00:00:00-04:00,3.451524797725584,3.50873256563173,3.2226946353912354,3.2226946353912354,20500,0.0,0.0
1999-08-06 00:00:00-04:00,3.33710971655841,3.33710971655841,3.2226946353912354,3.2226946353912354,16050,0.0,0.0
1999-08-09 00:00:00-04:00,3.2799021759748226,3.2799021759748226,2.9175872976336525,3.2226946353912354,13600,0.0,0.0
1999-08-10 00:00:00-04:00,3.032002044718553,3.222694038677915,3.032002044718553,3.108278751373291,9500,0.0,0.0
1999-08-11 00:00:00-04:00,3.032002178621702,3.032002178621702,2.63154899635397,2.745964288711548,54350,0.0,0.0
1999-08-12 00:00:00-04:00,2.9747950975314428,3.3371100074557636,2.3836500053255456,2.631549596786499,88150,0.0,0.0
1999-08-13 00:00:00-04:00,2.63154899635397,2.8603793537465987,2.63154899635397,2.745964288711548,16650,0.0,0.0
1999-08-16 00:00:00-04:00,2.8603800063906544,2.8603800063906544,2.269234914184757,2.631549596786499,14400,0.0,0.0
1999-08-17 00:00:00-04:00,2.631549596786499,2.8603800063906544,2.631549596786499,2.631549596786499,18000,0.0,0.0
1999-08-18 00:00:00-04:00,2.688757035992588,2.8031723499298096,2.688757035992588,2.8031723499298096,13950,0.0,0.0
1999-08-19 00:00:00-04:00,2.8031723499298096,2.8031723499298096,2.8031723499298096,2.8031723499298096,6250,0.0,0.0
1999-08-20 00:00:00-04:00,2.631549238541749,2.631549238541749,2.4980647563934326,2.4980647563934326,2500,0.0,0.0
1999-08-23 00:00:00-04:00,2.860379457473755,2.860379457473755,2.860379457473755,2.860379457473755,250,0.0,0.0
1999-08-24 00:00:00-04:00,2.860379457473755,2.860379457473755,2.860379457473755,2.860379457473755,250,0.0,0.0
1999-08-25 00:00:00-04:00,2.68875662637502,3.1082790013619124,2.6315490917829534,2.860379457473755,8950,0.0,0.0
1999-08-26 00:00:00-04:00,2.8603797824705484,3.1082793545250937,2.7459647002865557,2.974794864654541,20200,0.0,0.0
1999-08-27 00:00:00-04:00,2.974794526657888,3.03200228857249,2.860379457473755,2.860379457473755,1300,0.0,0.0
1999-08-30 00:00:00-04:00,2.8603799607926916,2.8985183238983154,2.8603799607926916,2.8985183238983154,339500,0.0,0.0
1999-08-31 00:00:00-04:00,3.0320026330690983,3.0320026330690983,2.917587323562545,2.974794864654541,7050,0.0,0.0
1999-09-01 00:00:00-04:00,2.8603793537465987,2.8603793537465987,2.745964288711548,2.745964288711548,3050,0.0,0.0
1999-09-02 00:00:00-04:00,2.688756776324221,2.7459645414292413,2.4980647563934326,2.4980647563934326,12950,0.0,0.0
1999-09-03 00:00:00-04:00,2.38364995705352,2.5552728176116943,2.38364995705352,2.5552728176116943,20900,0.0,0.0
1999-09-07 00:00:00-04:00,2.5552734439298774,2.5552734439298774,2.383650541305542,2.383650541305542,7400,0.0,0.0
1999-09-08 00:00:00-04:00,2.5552722231210465,2.688756462359951,2.44085693359375,2.44085693359375,8250,0.0,0.0
1999-09-09 00:00:00-04:00,2.269234396420448,2.745964288711548,2.269234396420448,2.745964288711548,2800,0.0,0.0
1999-09-10 00:00:00-04:00,2.8603800063906544,2.8603800063906544,2.631549596786499,2.631549596786499,14600,0.0,0.0
1999-09-13 00:00:00-04:00,2.745964288711548,2.8603793537465987,2.688756528871495,2.745964288711548,35500,0.0,0.0
1999-09-14 00:00:00-04:00,2.8603793537465987,2.8603793537465987,2.688756528871495,2.745964288711548,17500,0.0,0.0
1999-09-15 00:00:00-04:00,2.7459648596404906,2.8031724040523573,2.5552728176116943,2.5552728176116943,1700,0.0,0.0
1999-09-16 00:00:00-04:00,2.4980647563934326,2.7459645414292413,2.3836496808284884,2.4980647563934326,5900,0.0,0.0
1999-09-17 00:00:00-04:00,2.631549543494183,2.8031724040523573,2.498065045877253,2.5552728176116943,13550,0.0,0.0
1999-09-20 00:00:00-04:00,2.5552728176116943,2.5552728176116943,2.5552728176116943,2.5552728176116943,0,0.0,0.0
1999-09-21 00:00:00-04:00,2.6887571423568932,2.8603800063906544,2.631549596786499,2.631549596786499,22050,0.0,0.0
1999-09-22 00:00:00-04:00,2.7078263242136913,2.7078263242136913,2.631549596786499,2.631549596786499,2900,0.0,0.0
1999-09-23 00:00:00-04:00,2.631549596786499,2.8031724608202606,2.631549596786499,2.631549596786499,19400,0.0,0.0
1999-09-24 00:00:00-04:00,2.63154899635397,2.745964288711548,2.63154899635397,2.745964288711548,20000,0.0,0.0
1999-09-27 00:00:00-04:00,2.6887571423568932,2.6887571423568932,2.631549596786499,2.631549596786499,12900,0.0,0.0
1999-09-28 00:00:00-04:00,2.6887571423568932,2.8031724608202606,2.3836500053255456,2.631549596786499,42650,0.0,0.0
1999-09-29 00:00:00-04:00,2.5552728176116943,2.631549543494183,2.4408575014653864,2.5552728176116943,32700,0.0,0.0
1999-09-30 00:00:00-04:00,2.6887571423568932,2.6887571423568932,2.5552728693593068,2.631549596786499,30350,0.0,0.0
1999-10-01 00:00:00-04:00,2.631549543494183,2.631549543494183,2.38364995705352,2.5552728176116943,14100,0.0,0.0
1999-10-04 00:00:00-04:00,2.555272386122482,2.555272386122482,2.2692344850415966,2.3455111980438232,14700,0.0,0.0
1999-10-05 00:00:00-04:00,2.3836496808284884,2.4980647563934326,2.2692346052635437,2.4980647563934326,17050,0.0,0.0
1999-10-06 00:00:00-04:00,2.4408572186109603,2.4980647563934326,2.021334820227735,2.4980647563934326,27350,0.0,0.0
1999-10-07 00:00:00-04:00,2.326442440810725,2.383649985915273,2.1548195781745036,2.2692348957061768,54500,0.0,0.0
1999-10-08 00:00:00-04:00,2.269234599446281,2.269234599446281,2.1548192968520965,2.212026834487915,23800,0.0,0.0
1999-10-11 00:00:00-04:00,2.078542534913752,2.1548192501068115,2.078542534913752,2.1548192501068115,550,0.0,0.0
1999-10-12 00:00:00-04:00,2.2692346797206935,2.2692346797206935,2.0213348865509033,2.0213348865509033,9600,0.0,0.0
1999-10-13 00:00:00-04:00,2.154819172892973,2.326442003250122,2.021334698765738,2.326442003250122,81250,0.0,0.0
1999-10-14 00:00:00-04:00,2.3264422193802345,2.3264422193802345,2.0213348865509033,2.0213348865509033,17850,0.0,0.0
1999-10-15 00:00:00-04:00,2.021334771196415,2.1548192501068115,1.906919698406826,2.1548192501068115,16450,0.0,0.0
1999-10-18 00:00:00-04:00,1.964127346891362,2.154819373079055,1.964127346891362,2.0213348865509033,2500,0.0,0.0
1999-10-19 00:00:00-04:00,2.1548192501068115,2.1548192501068115,2.1548192501068115,2.1548192501068115,11500,0.0,0.0
1999-10-20 00:00:00-04:00,2.1548195781745036,2.2692348957061768,2.1548195781745036,2.2692348957061768,1000,0.0,0.0
1999-10-21 00:00:00-04:00,2.32644298287164,2.4980656581733456,2.32644298287164,2.383650541305542,14100,0.0,0.0
1999-10-22 00:00:00-04:00,2.688757746942315,2.688757746942315,2.383650541305542,2.383650541305542,12750,0.0,0.0
1999-10-25 00:00:00-04:00,2.44085693359375,2.44085693359375,2.44085693359375,2.44085693359375,10000,0.0,0.0
1999-10-26 00:00:00-04:00,2.4980647563934326,2.631549238541749,2.1548193023760516,2.4980647563934326,19000,0.0,0.0
1999-10-27 00:00:00-04:00,2.4217884594074235,2.4217884594074235,1.906920075416565,1.906920075416565,22600,0.0,0.0
1999-10-28 00:00:00-04:00,2.2692345502189433,2.3836496230085324,2.021334771196415,2.1548192501068115,32200,0.0,0.0
1999-10-29 00:00:00-04:00,2.212027123279052,2.383649985915273,2.1548195781745036,2.2692348957061768,24150,0.0,0.0
1999-11-01 00:00:00-05:00,2.2120269245460653,2.2120269245460653,1.430189863058005,1.7352970838546753,96900,0.0,0.0
1999-11-02 00:00:00-05:00,1.7925044298171997,1.90691961102516,1.7352968960438526,1.7925044298171997,22700,0.0,0.0
1999-11-03 00:00:00-05:00,1.849712077251813,1.849712077251813,1.7925044298171997,1.7925044298171997,3750,0.0,0.0
1999-11-04 00:00:00-05:00,1.792504697785919,1.792504697785919,1.6780894994735718,1.6780894994735718,6550,0.0,0.0
1999-11-05 00:00:00-05:00,1.7925044554704357,1.7925044554704357,1.4301897287368774,1.4301897287368774,28450,0.0,0.0
1999-11-08 00:00:00-05:00,1.6780894349170827,1.6780894349170827,1.6018126010894775,1.6018126010894775,5450,0.0,0.0
1999-11-09 00:00:00-05:00,1.678089272625035,1.678089272625035,1.25856701129941,1.4301897287368774,60850,0.0,0.0
1999-11-10 00:00:00-05:00,1.3157745458914767,1.5446049115822784,1.25856701129941,1.4301897287368774,44300,0.0,0.0
1999-11-11 00:00:00-05:00,1.4301900031953272,1.4301900031953272,1.0678752069322959,1.3157747983932495,45600,0.0,0.0
1999-11-12 00:00:00-05:00,1.201359748840332,1.2585674154648405,1.201359748840332,1.201359748840332,53700,0.0,0.0
1999-11-15 00:00:00-05:00,1.2776364346796534,1.4301900031953272,1.2013595935911718,1.3157747983932495,8800,0.0,0.0
1999-11-16 00:00:00-05:00,1.3157746624435052,1.3157746624435052,1.0106674432754517,1.0106674432754517,151250,0.0,0.0
1999-11-17 00:00:00-05:00,1.3157749684280449,1.4301901880157577,1.0678753449315512,1.201359748840332,46300,0.0,0.0
1999-11-18 00:00:00-05:00,1.258567041533582,1.3157745774999277,1.0678750276565552,1.0678750276565552,7600,0.0,0.0
1999-11-19 00:00:00-05:00,1.0678753449315512,1.3157749684280449,1.0678753449315512,1.201359748840332,399600,0.0,0.0
1999-11-22 00:00:00-05:00,1.3157747983932495,1.4301900031953272,1.2585672528228553,1.3157747983932495,51750,0.0,0.0
1999-11-23 00:00:00-05:00,1.3157745774999277,1.3157745774999277,0.9534598420625932,1.0678750276565552,86450,0.0,0.0
1999-11-24 00:00:00-05:00,1.0678750965962707,1.0678750965962707,0.9534599036159104,1.0106674432754517,122300,0.0,0.0
1999-11-26 00:00:00-05:00,0.9534599036159104,1.0106674432754517,0.9534599036159104,1.0106674432754517,87250,0.0,0.0
1999-11-29 00:00:00-05:00,0.9534599036159104,1.0106674432754517,0.9534599036159104,1.0106674432754517,54000,0.0,0.0
1999-11-30 00:00:00-05:00,1.0106675854133584,1.0678752467797281,0.9534600377082825,0.9534600377082825,207050,0.0,0.0
1999-12-01 00:00:00-05:00,0.991598263388938,1.0106674432754517,0.9534599036159104,1.0106674432754517,154000,0.0,0.0
1999-12-02 00:00:00-05:00,0.991598263388938,1.0106674432754517,0.9534599036159104,1.0106674432754517,22800,0.0,0.0
1999-12-03 00:00:00-05:00,1.0106675854133584,1.0106675854133584,0.9534600377082825,0.9534600377082825,36300,0.0,0.0
1999-12-06 00:00:00-05:00,0.9915983095994879,0.9915983095994879,0.8390447497367859,0.8390447497367859,54400,0.0,0.0
1999-12-07 00:00:00-05:00,0.9534599480491331,0.9534599480491331,0.8390447497367859,0.8390447497367859,72850,0.0,0.0
1999-12-08 00:00:00-05:00,0.8390448286368368,0.9534600377082825,0.8390448286368368,0.9534600377082825,69050,0.0,0.0
1999-12-09 00:00:00-05:00,0.9153216157409183,1.0678752467797281,0.8962524331725596,0.9534600377082825,759350,0.0,0.0
1999-12-10 00:00:00-05:00,1.0106676783070427,1.3157749684280449,1.0106676783070427,1.201359748840332,86000,0.0,0.0
1999-12-13 00:00:00-05:00,1.125082794484804,1.2013596384195324,0.781837224101114,0.9534600377082825,67900,0.0,0.0
1999-12-14 00:00:00-05:00,1.0106673392859271,1.0106673392859271,0.8390446243046198,0.8962522149085999,213200,0.0,0.0
1999-12-15 00:00:00-05:00,0.8581138022290689,0.95345980551258,0.8390446243046198,0.8962522149085999,88750,0.0,0.0
1999-12-16 00:00:00-05:00,0.8390446243046198,0.95345980551258,0.8390446243046198,0.8962522149085999,8900,0.0,0.0
1999-12-17 00:00:00-05:00,1.0678751463614804,1.201359525449005,0.8390447497367859,0.8390447497367859,766950,0.0,0.0
1999-12-20 00:00:00-05:00,0.8962524331725596,0.9534600377082825,0.8962524331725596,0.9534600377082825,90000,0.0,0.0
1999-12-21 00:00:00-05:00,1.0106673392859271,1.0106673392859271,0.8962522149085999,0.8962522149085999,85950,0.0,0.0
1999-12-22 00:00:00-05:00,0.95345980551258,0.95345980551258,0.8390446243046198,0.8962522149085999,47200,0.0,0.0
1999-12-23 00:00:00-05:00,0.8390448286368368,0.9534600377082825,0.8390448286368368,0.9534600377082825,84900,0.0,0.0
1999-12-27 00:00:00-05:00,0.9915984028449998,1.0106675854133584,0.8962524331725596,0.9534600377082825,44350,0.0,0.0
1999-12-28 00:00:00-05:00,0.8962522149085999,1.0106673392859271,0.8962522149085999,0.8962522149085999,77400,0.0,0.0
1999-12-29 00:00:00-05:00,0.8962522149085999,0.95345980551258,0.8962522149085999,0.8962522149085999,60900,0.0,0.0
1999-12-30 00:00:00-05:00,0.8962524331725596,1.0106675854133584,0.8962524331725596,0.9534600377082825,158300,0.0,0.0
1999-12-31 00:00:00-05:00,1.4301896768732993,1.544604855569614,1.2013593194806704,1.372982144355774,304850,0.0,0.0
2000-01-03 00:00:00-05:00,1.6018127535677993,1.6018127535677993,1.2585672528228553,1.3157747983932495,98750,0.0,0.0
2000-01-04 00:00:00-05:00,1.430189824638076,1.430189824638076,1.1250826120376587,1.1250826120376587,37550,0.0,0.0
2000-01-05 00:00:00-05:00,1.12508275250269,1.3157747983932495,1.0678752069322959,1.3157747983932495,97000,0.0,0.0
2000-01-06 00:00:00-05:00,1.372982144355774,1.487397209390825,1.2013593194806704,1.372982144355774,67350,0.0,0.0
2000-01-07 00:00:00-05:00,1.3729821941448108,1.4301897287368774,1.3157745458914767,1.4301897287368774,32050,0.0,0.0
2000-01-10 00:00:00-05:00,1.430189715696883,1.5446048974990845,1.3157745338946818,1.5446048974990845,30000,0.0,0.0
2000-01-11 00:00:00-05:00,1.639951137923217,1.792504697785919,1.4301899220736998,1.6780894994735718,54750,0.0,0.0
2000-01-12 00:00:00-05:00,1.678089272625035,1.678089272625035,1.4301897287368774,1.4301897287368774,24050,0.0,0.0
2000-01-13 00:00:00-05:00,1.487397263328944,1.487397263328944,1.4301897287368774,1.4301897287368774,5650,0.0,0.0
2000-01-14 00:00:00-05:00,1.4301897287368774,1.487397263328944,1.3157745458914767,1.4301897287368774,13150,0.0,0.0
2000-01-18 00:00:00-05:00,1.3157747983932495,1.4301900031953272,1.3157747983932495,1.3157747983932495,21050,0.0,0.0
2000-01-19 00:00:00-05:00,1.315774634120579,1.372982286209965,1.0678750736095477,1.1250826120376587,38350,0.0,0.0
2000-01-20 00:00:00-05:00,1.2013598979166276,1.3157751317020834,1.2013598979166276,1.2585675716400146,23400,0.0,0.0
2000-01-21 00:00:00-05:00,0.3623147617738865,1.792504628827851,0.3623147617738865,1.6018126010894775,112800,0.0,0.0
2000-01-24 00:00:00-05:00,1.8497123537727342,2.2692347854717685,1.6780894994735718,1.6780894994735718,260050,0.0,0.0
2000-01-25 00:00:00-05:00,1.7352968960438526,1.9641271447985071,1.5446048894768303,1.7925044298171997,299150,0.0,0.0
2000-01-26 00:00:00-05:00,2.440857641975782,3.1082797138360974,1.906920075416565,1.906920075416565,2099050,0.0,0.0
2000-01-27 00:00:00-05:00,2.3836496808284884,2.917587154776658,2.021334820227735,2.4980647563934326,1497250,0.0,0.0
2000-01-28 00:00:00-05:00,2.7459648596404906,3.337109939874928,2.2692348682297867,2.5552728176116943,753850,0.0,0.0
2000-01-31 00:00:00-05:00,2.68875708790605,2.7459648596404906,2.38364995705352,2.5552728176116943,1045450,0.0,0.0
2000-02-01 00:00:00-05:00,2.745965532698847,2.745965532698847,2.2692354244377384,2.383650541305542,590650,0.0,0.0
2000-02-02 00:00:00-05:00,2.3455113992667482,2.383649759039776,1.9069198072318208,2.0213348865509033,996950,0.0,0.0
2000-02-03 00:00:00-05:00,2.2692349988605542,2.2692349988605542,1.849712527711489,1.906920075416565,637650,0.0,0.0
2000-02-04 00:00:00-05:00,2.021335170826717,2.021335170826717,1.849712527711489,1.906920075416565,318850,0.0,0.0
2000-02-07 00:00:00-05:00,1.964127346891362,2.0213348865509033,1.9069198072318208,2.0213348865509033,877900,0.0,0.0
2000-02-08 00:00:00-05:00,2.8031722527184297,2.8222414331595704,2.5552726796610385,2.6887569427490234,1231850,0.0,0.0
2000-02-09 00:00:00-05:00,2.7459648928892313,2.7459648928892313,2.1548195781745036,2.2692348957061768,346450,0.0,0.0
2000-02-10 00:00:00-05:00,2.2692345502189433,2.3836496230085324,2.1548192501068115,2.1548192501068115,224600,0.0,0.0
2000-02-11 00:00:00-05:00,2.269234599446281,2.269234599446281,2.1548192968520965,2.212026834487915,231500,0.0,0.0
2000-02-14 00:00:00-05:00,2.212026834487915,2.269234599446281,2.1548192968520965,2.212026834487915,279150,0.0,0.0
2000-02-15 00:00:00-05:00,2.212027123279052,2.326442440810725,2.212027123279052,2.2692348957061768,164600,0.0,0.0
2000-02-16 00:00:00-05:00,2.383649402491362,2.44085693359375,2.2692343402865873,2.44085693359375,181750,0.0,0.0
2000-02-17 00:00:00-05:00,2.44085693359375,2.631548931257563,2.383649402491362,2.44085693359375,198550,0.0,0.0
2000-02-18 00:00:00-05:00,2.745964288711548,2.8603793537465987,2.63154899635397,2.745964288711548,376400,0.0,0.0
2000-02-22 00:00:00-05:00,2.860379616994186,2.860379616994186,2.4980647563934326,2.4980647563934326,271850,0.0,0.0
2000-02-23 00:00:00-05:00,2.5552734439298774,2.631550188508413,2.32644298287164,2.383650541305542,187200,0.0,0.0
2000-02-24 00:00:00-05:00,2.440857531019821,2.498065076124369,2.1548195781745036,2.2692348957061768,198150,0.0,0.0
2000-02-25 00:00:00-05:00,2.173888476064036,2.3264421370820996,2.078542580004338,2.212026834487915,174850,0.0,0.0
2000-02-28 00:00:00-05:00,2.345511622512241,2.383649985915273,2.1548195781745036,2.2692348957061768,134100,0.0,0.0
2000-02-29 00:00:00-05:00,2.2692348957061768,2.2692348957061768,2.0785428513684394,2.2692348957061768,190350,0.0,0.0
2000-03-01 00:00:00-05:00,2.2692345502189433,2.2692345502189433,2.078542534913752,2.1548192501068115,153350,0.0,0.0
2000-03-02 00:00:00-05:00,2.173888476064036,2.212026834487915,1.9069197397743347,2.212026834487915,126200,0.0,0.0
2000-03-03 00:00:00-05:00,2.1548192968520965,2.269234599446281,2.078542580004338,2.212026834487915,147500,0.0,0.0
2000-03-06 00:00:00-05:00,2.2692354244377384,2.688757746942315,2.1548200802473048,2.383650541305542,334850,0.0,0.0
2000-03-07 00:00:00-05:00,2.440857036358547,2.440857036358547,2.15481914148134,2.2883036136627197,492000,0.0,0.0
2000-03-08 00:00:00-05:00,2.383649985915273,2.383649985915273,2.212027123279052,2.2692348957061768,251500,0.0,0.0
2000-03-09 00:00:00-05:00,2.326442086613738,2.326442086613738,2.1548192501068115,2.1548192501068115,316150,0.0,0.0
2000-03-10 00:00:00-05:00,2.269234599446281,2.269234599446281,2.1548192968520965,2.212026834487915,209100,0.0,0.0
2000-03-13 00:00:00-05:00,2.2692348957061768,2.383649985915273,2.212027123279052,2.2692348957061768,260650,0.0,0.0
2000-03-14 00:00:00-05:00,2.3264418713889747,2.4980644646961374,2.2692343402865873,2.44085693359375,309550,0.0,0.0
2000-03-15 00:00:00-05:00,2.4980656581733456,2.745965532698847,2.32644298287164,2.383650541305542,772900,0.0,0.0
2000-03-16 00:00:00-05:00,2.440857531019821,2.498065076124369,2.212027123279052,2.2692348957061768,247800,0.0,0.0
2000-03-17 00:00:00-05:00,2.2692345502189433,2.326442086613738,2.1548192501068115,2.1548192501068115,167250,0.0,0.0
2000-03-20 00:00:00-05:00,2.2120269721407944,2.2692347406591598,1.9641273996364172,2.078542709350586,216600,0.0,0.0
2000-03-21 00:00:00-05:00,2.0213348865509033,2.154819373079055,1.9069198072318208,2.0213348865509033,214650,0.0,0.0
2000-03-22 00:00:00-05:00,1.9641273310108898,2.0213348702078933,1.6780894077033175,1.8497122526168823,399550,0.0,0.0
2000-03-23 00:00:00-05:00,1.8497122526168823,1.906919791813886,1.6780894077033175,1.8497122526168823,215500,0.0,0.0
2000-03-24 00:00:00-05:00,1.9641273021697998,2.0785426062062955,1.906919763812827,1.9641273021697998,181850,0.0,0.0
2000-03-27 00:00:00-05:00,2.0213348405267726,2.0785426062062955,1.906919763812827,1.9641273021697998,105600,0.0,0.0
2000-03-28 00:00:00-05:00,1.964127623121641,1.964127623121641,1.7925048663451193,1.906920075416565,139900,0.0,0.0
2000-03-29 00:00:00-05:00,1.9069198227386193,1.9069198227386193,1.5446050609647328,1.6018126010894775,226950,0.0,0.0
2000-03-30 00:00:00-05:00,1.6018126281725438,1.6018126281725438,1.3729823501432779,1.4873974323272705,241050,0.0,0.0
2000-03-31 00:00:00-05:00,1.487397209390825,1.487397209390825,1.315774498176985,1.372982144355774,153150,0.0,0.0
2000-04-03 00:00:00-04:00,1.4301897287368774,1.487397263328944,1.3729821941448108,1.4301897287368774,116300,0.0,0.0
2000-04-04 00:00:00-04:00,1.4873975487657214,1.4873975487657214,1.12508275250269,1.3157747983932495,255250,0.0,0.0
2000-04-05 00:00:00-04:00,1.2585669656594594,1.372982144355774,1.2585669656594594,1.372982144355774,71500,0.0,0.0
2000-04-06 00:00:00-04:00,1.3348437240888322,1.487397263328944,1.3157745458914767,1.4301897287368774,79200,0.0,0.0
2000-04-07 00:00:00-04:00,1.4301897287368774,1.4301897287368774,1.3729821941448108,1.4301897287368774,42600,0.0,0.0
2000-04-10 00:00:00-04:00,1.468328031884983,1.487397209390825,1.372982144355774,1.372982144355774,80500,0.0,0.0
2000-04-11 00:00:00-04:00,1.372982144355774,1.4301896768732993,1.315774498176985,1.372982144355774,59250,0.0,0.0
2000-04-12 00:00:00-04:00,1.3729824576249332,1.4301900031953272,1.2013595935911718,1.3157747983932495,120200,0.0,0.0
2000-04-13 00:00:00-04:00,1.315774540205986,1.3729821882121247,1.1250825317338795,1.163221001625061,82700,0.0,0.0
2000-04-14 00:00:00-04:00,1.2204285705614144,1.2204285705614144,1.010667378028939,1.0678750276565552,103200,0.0,0.0
2000-04-17 00:00:00-04:00,1.0678750736095477,1.201359443603082,1.0106674215201616,1.1250826120376587,102250,0.0,0.0
2000-04-18 00:00:00-04:00,1.0678753449315512,1.201359748840332,1.0106676783070427,1.201359748840332,113000,0.0,0.0
2000-04-19 00:00:00-04:00,1.1632210345950686,1.2013593919059657,1.0678750276565552,1.0678750276565552,42000,0.0,0.0
2000-04-20 00:00:00-04:00,1.2585674154648405,1.2585674154648405,1.1250828978947556,1.201359748840332,35450,0.0,0.0
2000-04-24 00:00:00-04:00,1.2585675716400146,1.2585675716400146,1.1250830375058842,1.2585675716400146,25300,0.0,0.0
2000-04-25 00:00:00-04:00,1.201359748840332,1.2585674154648405,1.0678753449315512,1.201359748840332,55200,0.0,0.0
2000-04-26 00:00:00-04:00,1.2013593919059657,1.2013593919059657,1.0678750276565552,1.0678750276565552,96200,0.0,0.0
2000-04-27 00:00:00-04:00,1.125082563622901,1.125082563622901,1.010667378028939,1.0678750276565552,51400,0.0,0.0
2000-04-28 00:00:00-04:00,1.0678750276565552,1.125082563622901,1.010667378028939,1.0678750276565552,91000,0.0,0.0
2000-05-01 00:00:00-04:00,1.0678750736095477,1.1250826120376587,1.0106674215201616,1.1250826120376587,33900,0.0,0.0
2000-05-02 00:00:00-04:00,1.0678750736095477,1.1250826120376587,1.0106674215201616,1.1250826120376587,22500,0.0,0.0
2000-05-03 00:00:00-04:00,1.0678753449315512,1.201359748840332,1.0678753449315512,1.201359748840332,59100,0.0,0.0
2000-05-04 00:00:00-04:00,1.201359569262071,1.3157747717470916,1.125082729718295,1.2776364088058472,41750,0.0,0.0
2000-05-05 00:00:00-04:00,1.3157746056218518,1.6780893488029045,1.2585670684328147,1.6399509906768799,128650,0.0,0.0
2000-05-08 00:00:00-04:00,1.792504697785919,1.792504697785919,1.544605120386047,1.6780894994735718,83950,0.0,0.0
2000-05-09 00:00:00-04:00,1.6971586102167926,1.8497122774457668,1.6780894302284903,1.7352970838546753,63350,0.0,0.0
2000-05-10 00:00:00-04:00,1.7352970725290948,1.7352970725290948,1.4301898537237356,1.5827434062957764,27650,0.0,0.0
2000-05-11 00:00:00-04:00,1.5446050870805474,1.6780894632898193,1.4301898912352742,1.4873974323272705,87050,0.0,0.0
2000-05-12 00:00:00-04:00,1.5827432535460626,1.5827432535460626,1.430189715696883,1.5446048974990845,45650,0.0,0.0
2000-05-15 00:00:00-04:00,1.487397263328944,1.487397263328944,1.3157745458914767,1.4301897287368774,112250,0.0,0.0
2000-05-16 00:00:00-04:00,1.4301896768732993,1.487397209390825,1.2585669656594594,1.372982144355774,52900,0.0,0.0
2000-05-17 00:00:00-04:00,1.3729824576249332,1.4301900031953272,1.2013595935911718,1.3157747983932495,20750,0.0,0.0
2000-05-18 00:00:00-04:00,1.201359748840332,1.3729826350525534,1.201359748840332,1.201359748840332,22050,0.0,0.0
2000-05-19 00:00:00-04:00,1.2776364346796534,1.3157747983932495,1.2585672528228553,1.3157747983932495,26950,0.0,0.0
2000-05-22 00:00:00-04:00,1.3348443183894398,1.3348443183894398,1.0678754774438155,1.2585675716400146,82350,0.0,0.0
2000-05-23 00:00:00-04:00,1.2013598979166276,1.2585675716400146,1.2013598979166276,1.2585675716400146,21950,0.0,0.0
2000-05-24 00:00:00-04:00,1.2013595935911718,1.3157747983932495,1.2013595935911718,1.3157747983932495,31450,0.0,0.0
2000-05-25 00:00:00-04:00,1.2776361894967656,1.4301897287368774,1.25856701129941,1.4301897287368774,70850,0.0,0.0
2000-05-26 00:00:00-04:00,1.4301897287368774,1.5446049115822784,1.3920513723421664,1.4301897287368774,43400,0.0,0.0
2000-05-30 00:00:00-04:00,1.4301898912352742,1.5446050870805474,1.4301898912352742,1.4873974323272705,24900,0.0,0.0
2000-05-31 00:00:00-04:00,1.544605120386047,1.7352971554603869,1.4301899220736998,1.6780894994735718,164750,0.0,0.0
2000-06-01 00:00:00-04:00,1.7352968960438526,1.90691961102516,1.6780892486092396,1.7925044298171997,439750,0.0,0.0
2000-06-02 00:00:00-04:00,1.792504697785919,1.8497123537727342,1.6780894994735718,1.6780894994735718,28850,0.0,0.0
2000-06-05 00:00:00-04:00,1.6971584353482638,1.7925044391269762,1.5446048974990845,1.5446048974990845,60150,0.0,0.0
2000-06-06 00:00:00-04:00,1.4683282519632717,1.4873974323272705,1.3157746953900011,1.4873974323272705,79750,0.0,0.0
2000-06-07 00:00:00-04:00,1.3920516394817313,1.4873975487657214,1.3157747983932495,1.3157747983932495,37700,0.0,0.0
2000-06-08 00:00:00-04:00,1.372982144355774,1.4301896768732993,1.315774498176985,1.372982144355774,12750,0.0,0.0
2000-06-09 00:00:00-04:00,1.3729824576249332,1.4301900031953272,1.3157747983932495,1.3157747983932495,28350,0.0,0.0
2000-06-12 00:00:00-04:00,1.372982144355774,1.487397209390825,1.372982144355774,1.372982144355774,50900,0.0,0.0
2000-06-13 00:00:00-04:00,1.3920513723421664,1.487397263328944,1.3729821941448108,1.4301897287368774,29950,0.0,0.0
2000-06-14 00:00:00-04:00,1.4301896768732993,1.487397209390825,1.372982144355774,1.372982144355774,25300,0.0,0.0
2000-06-15 00:00:00-04:00,1.4301897287368774,1.487397263328944,1.3157745458914767,1.4301897287368774,137000,0.0,0.0
2000-06-16 00:00:00-04:00,1.4301896768732993,1.4301896768732993,1.315774498176985,1.372982144355774,65500,0.0,0.0
2000-06-19 00:00:00-04:00,1.3729821941448108,1.4301897287368774,1.3157745458914767,1.4301897287368774,171550,0.0,0.0
2000-06-20 00:00:00-04:00,1.3729822257009103,1.3729822257009103,1.3157745761327373,1.3348437547683716,49400,0.0,0.0
2000-06-21 00:00:00-04:00,1.3729824576249332,1.3729824576249332,1.2013595935911718,1.3157747983932495,62300,0.0,0.0
2000-06-22 00:00:00-04:00,1.22042877544797,1.3729824576249332,1.2013595935911718,1.3157747983932495,30500,0.0,0.0
2000-06-23 00:00:00-04:00,1.315774498176985,1.3920513218616157,1.315774498176985,1.372982144355774,47900,0.0,0.0
2000-06-26 00:00:00-04:00,1.3920513218616157,1.4301896768732993,1.372982144355774,1.372982144355774,28750,0.0,0.0
2000-06-27 00:00:00-04:00,1.3920513723421664,1.4301897287368774,1.3729821941448108,1.4301897287368774,38650,0.0,0.0
2000-06-28 00:00:00-04:00,1.3920513723421664,1.4301897287368774,1.3157745458914767,1.4301897287368774,17100,0.0,0.0
2000-06-29 00:00:00-04:00,1.3729821941448108,1.4301897287368774,1.3729821941448108,1.4301897287368774,23950,0.0,0.0
2000-06-30 00:00:00-04:00,1.4301896768732993,1.4301896768732993,1.372982144355774,1.372982144355774,39800,0.0,0.0
2000-07-03 00:00:00-04:00,1.3920516394817313,1.4301900031953272,1.3157747983932495,1.3157747983932495,14850,0.0,0.0
2000-07-05 00:00:00-04:00,1.3348439802500476,1.3729824576249332,1.3157747983932495,1.3157747983932495,25450,0.0,0.0
2000-07-06 00:00:00-04:00,1.3157747983932495,1.3348439802500476,1.3157747983932495,1.3157747983932495,11300,0.0,0.0
2000-07-07 00:00:00-04:00,1.3348439802500476,1.3729824576249332,1.3157747983932495,1.3157747983932495,36150,0.0,0.0
2000-07-10 00:00:00-04:00,1.315774498176985,1.372982144355774,1.315774498176985,1.372982144355774,17350,0.0,0.0
2000-07-11 00:00:00-04:00,1.3157747983932495,1.4301900031953272,1.3157747983932495,1.3157747983932495,35600,0.0,0.0
2000-07-12 00:00:00-04:00,1.3729824576249332,1.3729824576249332,1.3157747983932495,1.3157747983932495,10900,0.0,0.0
2000-07-13 00:00:00-04:00,1.3729824576249332,1.3729824576249332,1.3157747983932495,1.3157747983932495,42050,0.0,0.0
2000-07-14 00:00:00-04:00,1.3348439802500476,1.3729824576249332,1.3157747983932495,1.3157747983932495,40600,0.0,0.0
2000-07-17 00:00:00-04:00,1.3157751317020834,1.3729828054254705,1.2585675716400146,1.2585675716400146,34800,0.0,0.0
2000-07-18 00:00:00-04:00,1.315774498176985,1.4301896768732993,1.315774498176985,1.372982144355774,40450,0.0,0.0
2000-07-19 00:00:00-04:00,1.372982144355774,1.4301896768732993,1.315774498176985,1.372982144355774,32650,0.0,0.0
2000-07-20 00:00:00-04:00,1.4301898912352742,1.5446050870805474,1.4301898912352742,1.4873974323272705,51750,0.0,0.0
2000-07-21 00:00:00-04:00,1.5446050870805474,1.5446050870805474,1.4301898912352742,1.4873974323272705,19350,0.0,0.0
2000-07-24 00:00:00-04:00,1.487397209390825,1.544604855569614,1.372982144355774,1.372982144355774,27700,0.0,0.0
2000-07-25 00:00:00-04:00,1.4683280851315885,1.4683280851315885,1.3729821941448108,1.4301897287368774,18650,0.0,0.0
2000-07-26 00:00:00-04:00,1.3920513723421664,1.4301897287368774,1.3920513723421664,1.4301897287368774,28100,0.0,0.0
2000-07-27 00:00:00-04:00,1.3920515030814007,1.7352970838546753,1.3729823230930984,1.7352970838546753,125000,0.0,0.0
2000-07-28 00:00:00-04:00,1.4873974643992318,1.6780894994735718,1.3157747237613524,1.6780894994735718,268500,0.0,0.0
2000-07-31 00:00:00-04:00,1.6399510241577373,1.9641273021697998,1.487397361216593,1.9641273021697998,507050,0.0,0.0
2000-08-01 00:00:00-04:00,1.9069195691643992,1.9069195691643992,1.372982144355774,1.372982144355774,129550,0.0,0.0
2000-08-02 00:00:00-04:00,1.4301898670539646,1.6780894349170827,1.3920515069708013,1.6018126010894775,70500,0.0,0.0
2000-08-03 00:00:00-04:00,1.544605120386047,1.9069198960982663,1.4873974643992318,1.6780894994735718,240700,0.0,0.0
2000-08-04 00:00:00-04:00,1.7925044391269762,1.7925044391269762,1.430189715696883,1.5446048974990845,140450,0.0,0.0
2000-08-07 00:00:00-04:00,1.5827432535460626,1.6018124315695517,1.3729821816264158,1.5446048974990845,179550,0.0,0.0
2000-08-08 00:00:00-04:00,1.4301897287368774,1.5446049115822784,1.3729821941448108,1.4301897287368774,28250,0.0,0.0
2000-08-09 00:00:00-04:00,1.4301898912352742,1.5446050870805474,1.3729823501432779,1.4873974323272705,49450,0.0,0.0
2000-08-10 00:00:00-04:00,1.5446048974990845,1.5446048974990845,1.3729821816264158,1.5446048974990845,30000,0.0,0.0
2000-08-11 00:00:00-04:00,1.4683280851315885,1.5446049115822784,1.3729821941448108,1.4301897287368774,43800,0.0,0.0
2000-08-14 00:00:00-04:00,1.4683280851315885,1.5446049115822784,1.3729821941448108,1.4301897287368774,48750,0.0,0.0
2000-08-15 00:00:00-04:00,1.487397263328944,1.5446049115822784,1.3729821941448108,1.4301897287368774,56850,0.0,0.0
2000-08-16 00:00:00-04:00,1.4683280851315885,1.487397263328944,1.3729821941448108,1.4301897287368774,54500,0.0,0.0
2000-08-17 00:00:00-04:00,1.4301897287368774,1.5446049115822784,1.3157745458914767,1.4301897287368774,103550,0.0,0.0
2000-08-18 00:00:00-04:00,1.3920513723421664,1.4301897287368774,1.3729821941448108,1.4301897287368774,67250,0.0,0.0
2000-08-21 00:00:00-04:00,1.468328031884983,1.468328031884983,1.315774498176985,1.372982144355774,42500,0.0,0.0
2000-08-22 00:00:00-04:00,1.3729824576249332,1.4873975487657214,1.3157747983932495,1.3157747983932495,29800,0.0,0.0
2000-08-23 00:00:00-04:00,1.372982144355774,1.4301896768732993,1.372982144355774,1.372982144355774,18400,0.0,0.0
2000-08-24 00:00:00-04:00,1.372982144355774,1.372982144355774,1.315774498176985,1.372982144355774,72550,0.0,0.0
2000-08-25 00:00:00-04:00,1.3729821941448108,1.487397263328944,1.3157745458914767,1.4301897287368774,61500,0.0,0.0
2000-08-28 00:00:00-04:00,1.4301897287368774,1.487397263328944,1.3729821941448108,1.4301897287368774,30550,0.0,0.0
2000-08-29 00:00:00-04:00,1.4301899220736998,1.792504697785919,1.3729823797481675,1.6780894994735718,269100,0.0,0.0
2000-08-30 00:00:00-04:00,1.5446050566490965,1.8497122774457668,1.430189863058005,1.7352970838546753,203650,0.0,0.0
2000-08-31 00:00:00-04:00,1.6780892486092396,1.849712077251813,1.6018124232501774,1.7925044298171997,82800,0.0,0.0
2000-09-01 00:00:00-04:00,1.7925046238195819,1.8497122774457668,1.6780894302284903,1.7352970838546753,116300,0.0,0.0
2000-09-05 00:00:00-04:00,1.7352969050565088,1.7925044391269762,1.5446048974990845,1.5446048974990845,21000,0.0,0.0
2000-09-06 00:00:00-04:00,1.5446048974990845,1.6018124315695517,1.4873972497673504,1.5446048974990845,26350,0.0,0.0
2000-09-07 00:00:00-04:00,1.5827432679769895,1.601812446174345,1.4301897287368774,1.4301897287368774,50950,0.0,0.0
2000-09-08 00:00:00-04:00,1.582743421047896,1.6780894349170827,1.4301898670539646,1.6018126010894775,42300,0.0,0.0
2000-09-11 00:00:00-04:00,1.4683280851315885,1.487397263328944,1.3729821941448108,1.4301897287368774,121300,0.0,0.0
2000-09-12 00:00:00-04:00,1.4301898912352742,1.4873974323272705,1.3729823501432779,1.4873974323272705,132400,0.0,0.0
2000-09-13 00:00:00-04:00,1.487397209390825,1.6018123880871393,1.372982144355774,1.372982144355774,46800,0.0,0.0
2000-09-14 00:00:00-04:00,1.4301899220736998,1.6780894994735718,1.4301899220736998,1.6780894994735718,137950,0.0,0.0
2000-09-15 00:00:00-04:00,1.6399510241577373,2.0785426062062955,1.487397361216593,1.9641273021697998,777850,0.0,0.0
2000-09-18 00:00:00-04:00,1.9450582157083631,2.021334937164358,1.4301898912352742,1.4873974323272705,317700,0.0,0.0
2000-09-19 00:00:00-04:00,1.4683280851315885,1.5446049115822784,1.4301897287368774,1.4301897287368774,110400,0.0,0.0
2000-09-20 00:00:00-04:00,1.5446050870805474,1.6018126281725438,1.4873974323272705,1.4873974323272705,94000,0.0,0.0
2000-09-21 00:00:00-04:00,1.5255357194755952,1.6780892573247748,1.4873972497673504,1.5446048974990845,77650,0.0,0.0
2000-09-22 00:00:00-04:00,1.5446049115822784,1.601812446174345,1.4301897287368774,1.4301897287368774,48650,0.0,0.0
2000-09-25 00:00:00-04:00,1.487397263328944,1.5446049115822784,1.4301897287368774,1.4301897287368774,52550,0.0,0.0
2000-09-26 00:00:00-04:00,1.487397263328944,1.5446049115822784,1.4301897287368774,1.4301897287368774,104200,0.0,0.0
2000-09-27 00:00:00-04:00,1.4683280851315885,1.487397263328944,1.3729821941448108,1.4301897287368774,123300,0.0,0.0
2000-09-28 00:00:00-04:00,1.3729824576249332,1.4301900031953272,1.3157747983932495,1.3157747983932495,33700,0.0,0.0
2000-09-29 00:00:00-04:00,1.3157745761327373,1.4301897616078132,1.3157745761327373,1.3348437547683716,75350,0.0,0.0
2000-10-02 00:00:00-04:00,1.392051992112827,1.4301903654875394,1.2585675716400146,1.2585675716400146,63200,0.0,0.0
2000-10-03 00:00:00-04:00,1.2776361431653012,1.4301896768732993,1.2585669656594594,1.372982144355774,104700,0.0,0.0
2000-10-04 00:00:00-04:00,1.3729828054254705,1.4301903654875394,1.2585675716400146,1.2585675716400146,68500,0.0,0.0
2000-10-05 00:00:00-04:00,1.258567041533582,1.258567041533582,1.0678750276565552,1.0678750276565552,50200,0.0,0.0
2000-10-06 00:00:00-04:00,0.9534599036159104,1.0678750965962707,0.6483527412784957,1.0106674432754517,144600,0.0,0.0
2000-10-09 00:00:00-04:00,0.95345980551258,1.0106673392859271,0.8962522149085999,0.8962522149085999,19300,0.0,0.0
2000-10-10 00:00:00-04:00,0.9534600377082825,1.0106675854133584,0.8962524331725596,0.9534600377082825,32850,0.0,0.0
2000-10-11 00:00:00-04:00,0.9534599480491331,1.0106674903746653,0.7818371505806122,0.8390447497367859,47150,0.0,0.0
2000-10-12 00:00:00-04:00,0.7818371505806122,0.9534599480491331,0.7818371505806122,0.8390447497367859,66450,0.0,0.0
2000-10-13 00:00:00-04:00,0.8390446243046198,1.0106673392859271,0.8390446243046198,0.8962522149085999,48950,0.0,0.0
2000-10-16 00:00:00-04:00,1.0106675854133584,1.0106675854133584,0.8962524331725596,0.9534600377082825,2100,0.0,0.0
2000-10-17 00:00:00-04:00,0.9534600377082825,0.9534600377082825,0.8962524331725596,0.9534600377082825,34550,0.0,0.0
2000-10-18 00:00:00-04:00,0.595912515161406,1.015434980392456,0.35754750909684363,1.015434980392456,189600,0.0,0.25
2000-10-19 00:00:00-04:00,0.924856148724895,0.9534599190166885,0.7770698317253755,0.8056736588478088,136000,0.0,0.0
2000-10-20 00:00:00-04:00,0.7818369820092438,0.8056735096694787,0.7436985718512457,0.7770696878433228,171400,0.0,0.0
2000-10-23 00:00:00-04:00,0.7770699284590243,0.9534600377082825,0.7770699284590243,0.9534600377082825,33800,0.0,0.0
2000-10-24 00:00:00-04:00,0.92962324915066,1.2824033498764038,0.9248559551000928,1.2824033498764038,96000,0.0,0.0
2000-10-25 00:00:00-04:00,1.2824036974368331,1.2967055834646697,1.1918249722659149,1.2681018114089966,60200,0.0,0.0
2000-10-26 00:00:00-04:00,1.2728688173019909,1.2824034058190554,1.1632209356944874,1.220428466796875,139600,0.0,0.0
2000-10-27 00:00:00-04:00,1.2681021288926217,1.311007797718048,1.16322149143582,1.191825270652771,45000,0.0,0.0
2000-10-30 00:00:00-05:00,1.1918248493792958,1.2824035652108283,1.1346173111665017,1.2537997961044312,177800,0.0,0.0
2000-10-31 00:00:00-05:00,1.2204284135577739,1.2824033498764038,1.0154346557221263,1.2824033498764038,160400,0.0,0.0
2000-11-01 00:00:00-05:00,1.2537998658039347,1.2537998658039347,1.0440386533737183,1.0440386533737183,62800,0.0,0.0
2000-11-02 00:00:00-05:00,0.9534600242582496,1.015434980392456,0.8342775212259684,1.015434980392456,209000,0.0,0.0
2000-11-03 00:00:00-05:00,0.9677619109827683,1.015434980392456,0.9534600242582496,1.015434980392456,91600,0.0,0.0
2000-11-06 00:00:00-05:00,0.9820638115608205,0.9820638115608205,0.8962524331725596,0.9534600377082825,39600,0.0,0.0
2000-11-07 00:00:00-05:00,0.9391580166663474,0.9534599015502477,0.8628811836242676,0.8628811836242676,51600,0.0,0.0
2000-11-08 00:00:00-05:00,0.8724158252138827,0.9248561263084412,0.862881178517077,0.9248561263084412,14800,0.0,0.0
2000-11-09 00:00:00-05:00,0.8628811836242676,0.8962523051840073,0.8485792987403672,0.8628811836242676,150000,0.0,0.0
2000-11-10 00:00:00-05:00,0.8485793471336365,0.862881232833153,0.8485793471336365,0.8485793471336365,25800,0.0,0.0
2000-11-13 00:00:00-05:00,0.8581138886629675,0.8628811836242676,0.7770698174902263,0.8628811836242676,128000,0.0,0.0
2000-11-14 00:00:00-05:00,0.8485794199210162,0.9820638115608205,0.8485794199210162,0.9534600377082825,47800,0.0,0.0
2000-11-15 00:00:00-05:00,0.8962522998793009,0.9248561263084412,0.8342774089185752,0.9248561263084412,101000,0.0,0.0
2000-11-16 00:00:00-05:00,0.8628813068472851,0.9534600377082825,0.8628813068472851,0.9534600377082825,72600,0.0,0.0
2000-11-17 00:00:00-05:00,0.8962522149085999,0.95345980551258,0.8962522149085999,0.8962522149085999,74800,0.0,0.0
2000-11-20 00:00:00-05:00,0.9391581507820135,0.9963656984870894,0.9391581507820135,0.9534600377082825,67200,0.0,0.0
2000-11-21 00:00:00-05:00,0.9534600377082825,0.9534600377082825,0.8628813068472851,0.9534600377082825,32400,0.0,0.0
2000-11-22 00:00:00-05:00,0.8962524331725596,0.9534600377082825,0.7770699284590243,0.9534600377082825,116800,0.0,0.0
2000-11-24 00:00:00-05:00,0.862881199431396,0.9534599190166885,0.8056736588478088,0.8056736588478088,26000,0.0,0.0
2000-11-27 00:00:00-05:00,0.8962524331725596,0.9534600377082825,0.8628813068472851,0.9534600377082825,80400,0.0,0.0
2000-11-28 00:00:00-05:00,0.8342775329947472,0.9534600377082825,0.8342775329947472,0.9534600377082825,53400,0.0,0.0
2000-11-29 00:00:00-05:00,0.9010197288146493,0.9534600377082825,0.8962524331725596,0.9534600377082825,51600,0.0,0.0
2000-11-30 00:00:00-05:00,0.9248562638557445,0.9534600377082825,0.8342775329947472,0.9534600377082825,124600,0.0,0.0
2000-12-01 00:00:00-05:00,0.8628813068472851,0.9534600377082825,0.8342775329947472,0.9534600377082825,43800,0.0,0.0
2000-12-04 00:00:00-05:00,0.9391581507820135,0.9534600377082825,0.8962524331725596,0.9534600377082825,45000,0.0,0.0
2000-12-05 00:00:00-05:00,0.9534598819064135,1.0154348287877424,0.9391579973171703,0.9820636510848999,124200,0.0,0.0
2000-12-06 00:00:00-05:00,0.982063797707287,1.015434980392456,0.982063797707287,1.015434980392456,188000,0.0,0.0
2000-12-07 00:00:00-05:00,0.9820636510848999,1.0154348287877424,0.9534598819064135,0.9820636510848999,82200,0.0,0.0
2000-12-08 00:00:00-05:00,1.0154347575728755,1.2204285359699327,1.0154347575728755,1.163221001625061,66200,0.0,0.0
2000-12-11 00:00:00-05:00,1.1632210154656275,1.3110072612762451,0.9534598263827238,1.3110072612762451,143000,0.0,0.0
2000-12-12 00:00:00-05:00,1.2538002392841463,1.3729827663494234,1.191825270652771,1.191825270652771,66800,0.0,0.0
2000-12-13 00:00:00-05:00,1.3110073914048386,1.4301898815325513,1.2967055062288668,1.3253092765808105,55200,0.0,0.0
2000-12-14 00:00:00-05:00,1.3253092765808105,1.3253092765808105,1.3253092765808105,1.3253092765808105,0,0.0,0.0
2000-12-15 00:00:00-05:00,1.1918249236754268,1.2061268091201782,1.1012462021973868,1.2061268091201782,48200,0.0,0.0
2000-12-18 00:00:00-05:00,1.1632211527859244,1.2061268091201782,1.1632211527859244,1.2061268091201782,55800,0.0,0.0
2000-12-19 00:00:00-05:00,1.191825270652771,1.2061271602612464,1.1155484124129202,1.191825270652771,196400,0.0,0.0
2000-12-20 00:00:00-05:00,1.16322149143582,1.191825270652771,1.1012465228044448,1.191825270652771,71000,0.0,0.0
2000-12-21 00:00:00-05:00,1.163221168246183,1.1918249395158556,1.07264244556427,1.07264244556427,36400,0.0,0.0
2000-12-22 00:00:00-05:00,1.0726423671447152,1.0726423671447152,0.9677617664956567,0.9820636510848999,22800,0.0,0.0
2000-12-26 00:00:00-05:00,0.9534598705704206,0.9963655238280309,0.9534598705704206,0.967761754989624,136800,0.0,0.0
2000-12-27 00:00:00-05:00,0.9677619456154839,0.9963657200881474,0.9677619456154839,0.9868311285972595,56400,0.0,0.0
2000-12-28 00:00:00-05:00,0.9820636510848999,1.0440385979662288,0.9820636510848999,0.9820636510848999,19000,0.0,0.0
2000-12-29 00:00:00-05:00,0.9963655583292101,1.1489192247390747,0.9963655583292101,1.1489192247390747,119400,0.0,0.0
2001-01-02 00:00:00-05:00,1.1346174478530884,1.1346174478530884,1.1346174478530884,1.1346174478530884,14000,0.0,0.0
2001-01-03 00:00:00-05:00,1.1346173398246395,1.1489192247390747,1.1346173398246395,1.1489192247390747,7600,0.0,0.0
2001-01-04 00:00:00-05:00,1.1346174478530884,1.1632212204053625,1.1346174478530884,1.1346174478530884,14800,0.0,0.0
2001-01-05 00:00:00-05:00,1.1346172344526253,1.163221001625061,1.1346172344526253,1.163221001625061,50400,0.0,0.0
2001-01-08 00:00:00-05:00,1.1346174478530884,1.1632212204053625,1.1346174478530884,1.1346174478530884,9600,0.0,0.0
2001-01-09 00:00:00-05:00,1.1346174478530884,1.1346174478530884,1.1346174478530884,1.1346174478530884,5200,0.0,0.0
2001-01-10 00:00:00-05:00,1.1346174478530884,1.1346174478530884,1.1346174478530884,1.1346174478530884,12200,0.0,0.0
2001-01-11 00:00:00-05:00,1.1346172344526253,1.163221001625061,1.1346172344526253,1.163221001625061,609000,0.0,0.0
2001-01-12 00:00:00-05:00,1.1489193341292254,1.1489193341292254,1.1346174478530884,1.1346174478530884,14200,0.0,0.0
2001-01-16 00:00:00-05:00,1.1346174478530884,1.1489193341292254,1.1346174478530884,1.1346174478530884,36200,0.0,0.0
2001-01-17 00:00:00-05:00,1.1346176641747598,1.1346176641747598,1.0726426981676447,1.1012464761734009,49000,0.0,0.0
2001-01-18 00:00:00-05:00,1.1346173742405774,1.1346173742405774,1.029736768025469,1.0440386533737183,50200,0.0,0.0
2001-01-19 00:00:00-05:00,1.029736876487732,1.029736876487732,1.029736876487732,1.029736876487732,6200,0.0,0.0
2001-01-22 00:00:00-05:00,1.029736546507196,1.058340311050415,1.029736546507196,1.058340311050415,13600,0.0,0.0
2001-01-23 00:00:00-05:00,1.029736876487732,1.0440387633423998,1.029736876487732,1.029736876487732,3800,0.0,0.0
2001-01-24 00:00:00-05:00,1.0297368671169747,1.058340640566012,1.0106675711563244,1.015434980392456,46200,0.0,0.0
2001-01-25 00:00:00-05:00,0.9963656085171932,1.07264244556427,0.9963656085171932,1.07264244556427,28200,0.0,0.0
2001-01-26 00:00:00-05:00,1.07264244556427,1.1489192826113468,1.0583405599294338,1.07264244556427,56200,0.0,0.0
2001-01-29 00:00:00-05:00,1.07264244556427,1.07264244556427,1.07264244556427,1.07264244556427,2200,0.0,0.0
2001-01-30 00:00:00-05:00,1.0440389201618887,1.1012464761734009,1.0440389201618887,1.1012464761734009,10000,0.0,0.0
2001-01-31 00:00:00-05:00,1.07264244556427,1.07264244556427,1.0583405599294338,1.07264244556427,23600,0.0,0.0
2001-02-01 00:00:00-05:00,1.0726424936618728,1.1346174478530884,1.0583406073857358,1.1346174478530884,42000,0.0,0.0
2001-02-02 00:00:00-05:00,1.1346172344526253,1.163221001625061,1.1346172344526253,1.163221001625061,12200,0.0,0.0
2001-02-05 00:00:00-05:00,1.1346177122188692,1.191825270652771,1.1346177122188692,1.191825270652771,28800,0.0,0.0
2001-02-06 00:00:00-05:00,1.1918247716375157,1.3396110160418635,1.1918247716375157,1.2967053651809692,130000,0.0,0.0
2001-02-07 00:00:00-05:00,1.2681016100070792,1.3110072612762451,1.2681016100070792,1.3110072612762451,46400,0.0,0.0
2001-02-08 00:00:00-05:00,1.2824036183561531,1.6113473176956177,1.2824036183561531,1.6113473176956177,278000,0.0,0.0
2001-02-09 00:00:00-05:00,1.5922780477602407,1.6113473419025228,1.4587936707319524,1.4921648502349854,491400,0.0,0.0
2001-02-12 00:00:00-05:00,1.4921645066349298,1.5207682707698553,1.4921645066349298,1.5064663887023926,295000,0.0,0.0
2001-02-13 00:00:00-05:00,1.535070407657812,1.5779760609825055,1.4921647543331187,1.5207685232162476,18400,0.0,0.0
2001-02-14 00:00:00-05:00,1.492164697003553,1.5016992862649399,1.4301897531432686,1.4587935209274292,284400,0.0,0.0
2001-02-15 00:00:00-05:00,1.4301897287368774,1.4301897287368774,1.4015859614408441,1.4301897287368774,281200,0.0,0.0
2001-02-16 00:00:00-05:00,1.4301898516854252,1.4587936214404273,1.4301898516854252,1.4349571466445923,90000,0.0,0.0
2001-02-20 00:00:00-05:00,1.4301897287368774,1.4349570232862163,1.4158878450888608,1.4301897287368774,182400,0.0,0.0
2001-02-21 00:00:00-05:00,1.4254226684570312,1.4587937357869682,1.4254226684570312,1.4254226684570312,68400,0.0,0.0
2001-02-22 00:00:00-05:00,1.4254224341875386,1.4301897287368774,1.4254224341875386,1.4301897287368774,34800,0.0,0.0
2001-02-23 00:00:00-05:00,1.4254225604283717,1.4397244453430176,1.4254225604283717,1.4397244453430176,3800,0.0,0.0
2001-02-26 00:00:00-05:00,1.4254224341875386,1.4301897287368774,1.4254224341875386,1.4301897287368774,67000,0.0,0.0
2001-02-27 00:00:00-05:00,1.4301903182310016,1.4301903182310016,1.4111211321737318,1.4158884286880493,144400,0.0,0.0
2001-02-28 00:00:00-05:00,1.4158878450888608,1.4301897287368774,1.4158878450888608,1.4301897287368774,73000,0.0,0.0
2001-03-01 00:00:00-05:00,1.4301897287368774,1.4587934960329108,1.4015859614408441,1.4301897287368774,133600,0.0,0.0
2001-03-02 00:00:00-05:00,1.401585985359108,1.492164697003553,1.401585985359108,1.4587935209274292,41400,0.0,0.0
2001-03-05 00:00:00-05:00,1.4921646715395507,1.4921646715395507,1.4301897287368774,1.4301897287368774,31200,0.0,0.0
2001-03-06 00:00:00-05:00,1.4301897287368774,1.4587934960329108,1.4301897287368774,1.4301897287368774,28800,0.0,0.0
2001-03-07 00:00:00-05:00,1.4540263216541394,1.5732088088989258,1.4540263216541394,1.5732088088989258,14800,0.0,0.0
2001-03-08 00:00:00-05:00,1.5732088088989258,1.5732088088989258,1.4778627963708413,1.5732088088989258,23000,0.0,0.0
2001-03-09 00:00:00-05:00,1.5541396291255642,1.5732088088989258,1.5493723341822239,1.5732088088989258,23200,0.0,0.0
2001-03-12 00:00:00-05:00,1.5541396102923692,1.5541396102923692,1.5493723154067993,1.5493723154067993,11400,0.0,0.0
2001-03-13 00:00:00-05:00,1.5064667189980558,1.5064667189980558,1.473095539862694,1.47786283493042,41400,0.0,0.0
2001-03-14 00:00:00-05:00,1.454026621441593,1.454026621441593,1.268101966656576,1.330076813697815,90600,0.0,0.0
2001-03-15 00:00:00-05:00,1.287170940248962,1.3586803674697876,1.287170940248962,1.3586803674697876,8000,0.0,0.0
2001-03-16 00:00:00-05:00,1.2871707883489307,1.3348437342035595,1.1918247829784048,1.3110072612762451,21200,0.0,0.0
2001-03-19 00:00:00-05:00,1.3157747983932495,1.3157747983932495,1.3157747983932495,1.3157747983932495,600,0.0,0.0
2001-03-20 00:00:00-05:00,1.353913099522407,1.353913099522407,1.2394979000091553,1.2394979000091553,10600,0.0,0.0
2001-03-21 00:00:00-05:00,1.191825016336538,1.191825016336538,1.1679885387420654,1.1679885387420654,4800,0.0,0.0
2001-03-22 00:00:00-05:00,1.1679882791275829,1.1679882791275829,1.1441518068313599,1.1441518068313599,1400,0.0,0.0
2001-03-23 00:00:00-05:00,1.0726425147028842,1.1679885387420654,1.0726425147028842,1.1679885387420654,21000,0.0,0.0
2001-03-26 00:00:00-05:00,1.1679887879719786,1.191825270652771,1.1679887879719786,1.191825270652771,22000,0.0,0.0
2001-03-27 00:00:00-05:00,1.1965925671889295,1.1965925671889295,1.172756084508137,1.191825270652771,27000,0.0,0.0
2001-03-28 00:00:00-05:00,1.191825016336538,1.191825016336538,1.1441520611475928,1.1679885387420654,38200,0.0,0.0
2001-03-29 00:00:00-05:00,1.191825270652771,1.191825270652771,1.191825270652771,1.191825270652771,4000,0.0,0.0
2001-03-30 00:00:00-05:00,1.191825270652771,1.191825270652771,1.191825270652771,1.191825270652771,14800,0.0,0.0
2001-04-02 00:00:00-04:00,1.191825270652771,1.191825270652771,1.191825270652771,1.191825270652771,3400,0.0,0.0
2001-04-03 00:00:00-04:00,1.1203150500910777,1.1203150500910777,1.0964785814285278,1.0964785814285278,3400,0.0,0.0
2001-04-04 00:00:00-04:00,1.0964790524295123,1.0964790524295123,1.0869444608688354,1.0869444608688354,1600,0.0,0.0
2001-04-05 00:00:00-04:00,1.0249695394080829,1.1346174478530884,1.0249695394080829,1.1346174478530884,6800,0.0,0.0
2001-04-06 00:00:00-04:00,1.1346172179128706,1.1441518068313599,1.1346172179128706,1.1441518068313599,11400,0.0,0.0
2001-04-09 00:00:00-04:00,1.0249691754408783,1.1393843386823659,1.0249691754408783,1.0964785814285278,3600,0.0,0.0
2001-04-10 00:00:00-04:00,1.0964785814285278,1.0964785814285278,1.0964785814285278,1.0964785814285278,1400,0.0,0.0
2001-04-11 00:00:00-04:00,1.0249691754408783,1.1203150500910777,1.0249691754408783,1.0964785814285278,3600,0.0,0.0
2001-04-12 00:00:00-04:00,1.0964785814285278,1.0964785814285278,1.077409406498488,1.0964785814285278,4600,0.0,0.0
2001-04-16 00:00:00-04:00,1.072642112765978,1.0964785814285278,1.072642112765978,1.0964785814285278,4800,0.0,0.0
2001-04-17 00:00:00-04:00,1.07740957074067,1.1632209846683383,1.07740957074067,1.1441518068313599,55600,0.0,0.0
2001-04-18 00:00:00-04:00,1.1679882961538004,1.1679882961538004,1.0917114700327044,1.163221001625061,13400,0.0,0.0
2001-04-19 00:00:00-04:00,1.1679887879719786,1.191825270652771,1.0964792262682863,1.191825270652771,30000,0.0,0.0
2001-04-20 00:00:00-04:00,1.1918249846948519,1.2871710062026978,1.1679885077332124,1.2871710062026978,10600,0.0,0.0
2001-04-23 00:00:00-04:00,1.2871710062026978,1.2871710062026978,1.1918249846948519,1.2871710062026978,3000,0.0,0.0
2001-04-24 00:00:00-04:00,1.2824034375417617,1.372982144355774,1.2824034375417617,1.372982144355774,1800,0.0,0.0
2001-04-25 00:00:00-04:00,1.3348437547683716,1.3348437547683716,1.3205418707916459,1.3348437547683716,2600,0.0,0.0
2001-04-26 00:00:00-04:00,1.3110072612762451,1.3110072612762451,1.2156612559057192,1.3110072612762451,31200,0.0,0.0
2001-04-27 00:00:00-04:00,1.2871710062026978,1.2871710062026978,1.2204287570488195,1.2871710062026978,6600,0.0,0.0
2001-04-30 00:00:00-04:00,1.2251960524411474,1.2871710062026978,1.2251960524411474,1.2871710062026978,12200,0.0,0.0
2001-05-01 00:00:00-04:00,1.2633343154216163,1.358680207130874,1.2633343154216163,1.3110072612762451,5400,0.0,0.0
2001-05-02 00:00:00-04:00,1.2871707883489307,1.3348437342035595,1.2871707883489307,1.3110072612762451,3000,0.0,0.0
2001-05-03 00:00:00-04:00,1.2204287570488195,1.2871710062026978,1.2204287570488195,1.2871710062026978,1200,0.0,0.0
2001-05-04 00:00:00-04:00,1.2633342287849263,1.2633342287849263,1.220428466796875,1.220428466796875,2000,0.0,0.0
2001-05-07 00:00:00-04:00,1.2394979000091553,1.2633344898895993,1.2204287190338274,1.2394979000091553,15000,0.0,0.0
2001-05-08 00:00:00-04:00,1.2204287190338274,1.2394979000091553,1.1918249475708356,1.2394979000091553,5000,0.0,0.0
2001-05-09 00:00:00-04:00,1.1918248794823805,1.1918248794823805,1.1060134563344912,1.1489192247390747,63800,0.0,0.0
2001-05-10 00:00:00-04:00,1.1441516324148757,1.1441516324148757,1.0488056441034281,1.0964785814285278,53600,0.0,0.0
2001-05-11 00:00:00-04:00,1.048805832862854,1.048805832862854,1.048805832862854,1.048805832862854,5200,0.0,0.0
2001-05-14 00:00:00-04:00,1.0964785814285278,1.0964785814285278,1.077409406498488,1.0964785814285278,23000,0.0,0.0
2001-05-15 00:00:00-04:00,1.1012460430368929,1.1441518068313599,1.0964787485776484,1.1441518068313599,28800,0.0,0.0
2001-05-16 00:00:00-04:00,1.1441516324148757,1.1441516324148757,1.0964785814285278,1.0964785814285278,4600,0.0,0.0
2001-05-17 00:00:00-04:00,1.1203153016529122,1.1203153016529122,1.1060134172439575,1.1060134172439575,3400,0.0,0.0
2001-05-18 00:00:00-04:00,1.1203156615105716,1.1203156615105716,1.1012464761734009,1.1012464761734009,1200,0.0,0.0
2001-05-21 00:00:00-04:00,1.1155478954315186,1.1203151897583568,1.1155478954315186,1.1155478954315186,5800,0.0,0.0
2001-05-22 00:00:00-04:00,1.0964787181241653,1.1203151897583568,1.0774095408168123,1.1155478954315186,8000,0.0,0.0
2001-05-23 00:00:00-04:00,1.0964791798391083,1.144152256843345,1.0964791798391083,1.1012464761734009,21800,0.0,0.0
2001-05-24 00:00:00-04:00,1.0964788038516706,1.1155479826499355,1.0249693833581774,1.0774096250534058,12000,0.0,0.0
2001-05-25 00:00:00-04:00,1.0964789286881194,1.1155481096574507,1.0821770429611206,1.0821770429611206,62600,0.0,0.0
2001-05-29 00:00:00-04:00,1.077409740775882,1.0964789216223305,1.07264244556427,1.07264244556427,6000,0.0,0.0
2001-05-30 00:00:00-04:00,1.0964789216223305,1.0964789216223305,1.07264244556427,1.07264244556427,42200,0.0,0.0
2001-05-31 00:00:00-04:00,1.0726421933220245,1.0726421933220245,1.0488057228693421,1.058340311050415,5800,0.0,0.0
2001-06-01 00:00:00-04:00,1.0488060620834085,1.0631079489806599,1.0345041751861572,1.0345041751861572,20800,0.0,0.0
2001-06-04 00:00:00-04:00,1.0488059484898014,1.0488059484898014,1.0440386533737183,1.0440386533737183,1400,0.0,0.0
2001-06-05 00:00:00-04:00,1.039271243681841,1.048805832862854,1.0345039490913346,1.048805832862854,7400,0.0,0.0
2001-06-06 00:00:00-04:00,1.029736876487732,1.029736876487732,1.029736876487732,1.029736876487732,2000,0.0,0.0
2001-06-07 00:00:00-04:00,1.0297365141019503,1.0726421595665616,1.024969220161438,1.024969220161438,5200,0.0,0.0
2001-06-08 00:00:00-04:00,1.0249694934481492,1.07264244556427,1.0249694934481492,1.07264244556427,9400,0.0,0.0
2001-06-11 00:00:00-04:00,1.048805832862854,1.048805832862854,1.048805832862854,1.048805832862854,21000,0.0,0.0
2001-06-12 00:00:00-04:00,1.0488059695062095,1.07264244556427,1.0249694934481492,1.07264244556427,16000,0.0,0.0
2001-06-13 00:00:00-04:00,1.0964787485776484,1.1441518068313599,1.0964787485776484,1.1441518068313599,31000,0.0,0.0
2001-06-14 00:00:00-04:00,1.1203150500910777,1.1203150500910777,1.072642112765978,1.0964785814285278,51400,0.0,0.0
2001-06-15 00:00:00-04:00,1.0774096250534058,1.0774096250534058,1.0774096250534058,1.0774096250534058,200,0.0,0.0
2001-06-18 00:00:00-04:00,1.0058999307381353,1.024969220161438,1.0058999307381353,1.024969220161438,4800,0.0,0.0
2001-06-19 00:00:00-04:00,1.0011327266693115,1.0011327266693115,1.0011327266693115,1.0011327266693115,3400,0.0,0.0
2001-06-20 00:00:00-04:00,0.9915981379323666,1.048805784015299,0.9772962548269495,1.0011327266693115,19600,0.0,0.0
2001-06-21 00:00:00-04:00,0.9534600377082825,1.0106675854133584,0.905787024456739,0.9534600377082825,206200,0.0,0.0
2001-06-22 00:00:00-04:00,0.9057869514905809,0.9296234846115112,0.8628812373374201,0.9296234846115112,10400,0.0,0.0
2001-06-25 00:00:00-04:00,0.8819504452273801,0.8914850354194641,0.8819504452273801,0.8914850354194641,1200,0.0,0.0
2001-06-26 00:00:00-04:00,0.9534600377082825,0.9534600377082825,0.9534600377082825,0.9534600377082825,20200,0.0,0.0
2001-06-27 00:00:00-04:00,0.9534599221332034,0.9582272171974182,0.9534599221332034,0.9582272171974182,13400,0.0,0.0
2001-06-28 00:00:00-04:00,0.9296235594978342,0.9534600377082825,0.9296235594978342,0.9534600377082825,4400,0.0,0.0
2001-06-29 00:00:00-04:00,0.9534600377082825,0.9534600377082825,0.9534600377082825,0.9534600377082825,49000,0.0,0.0
2001-07-02 00:00:00-04:00,0.9534599363154885,0.9772964119911194,0.9534599363154885,0.9772964119911194,144200,0.0,0.0
2001-07-03 00:00:00-04:00,0.9725291168559932,0.9772964119911194,0.9725291168559932,0.9772964119911194,2200,0.0,0.0
2001-07-05 00:00:00-04:00,0.9629944562911987,0.9629944562911987,0.9534598667169313,0.9629944562911987,10000,0.0,0.0
2001-07-06 00:00:00-04:00,0.9629945265857409,0.9772964119911194,0.9534599363154885,0.9772964119911194,12800,0.0,0.0
2001-07-09 00:00:00-04:00,0.9534600377082825,0.9534600377082825,0.9534600377082825,0.9534600377082825,55400,0.0,0.0
2001-07-10 00:00:00-04:00,0.9534600377082825,0.9534600377082825,0.9534600377082825,0.9534600377082825,10000,0.0,0.0
2001-07-11 00:00:00-04:00,1.0440387685692798,1.0440387685692798,0.9534600377082825,0.9534600377082825,3800,0.0,0.0
2001-07-12 00:00:00-04:00,1.001132994129179,1.001132994129179,0.9534600377082825,0.9534600377082825,30600,0.0,0.0
2001-07-13 00:00:00-04:00,0.9534600377082825,0.9534600377082825,0.9534600377082825,0.9534600377082825,4400,0.0,0.0
2001-07-16 00:00:00-04:00,0.9534599609017993,0.9534599609017993,0.9105542467486385,0.9296234846115112,29800,0.0,0.0
2001-07-17 00:00:00-04:00,0.90578693151474,0.90578693151474,0.90578693151474,0.90578693151474,24600,0.0,0.0
2001-07-18 00:00:00-04:00,0.8819504557501314,0.90578693151474,0.8819504557501314,0.90578693151474,22600,0.0,0.0
2001-07-19 00:00:00-04:00,0.8962522149085999,0.8962522149085999,0.8962522149085999,0.8962522149085999,2000,0.0,0.0
2001-07-20 00:00:00-04:00,0.9296234212415249,0.9296234212415249,0.9057868897454682,0.9248561263084412,7200,0.0,0.0
2001-07-23 00:00:00-04:00,0.9105543200988286,0.9534600377082825,0.8819505462462907,0.9534600377082825,206000,0.0,0.0
2001-07-24 00:00:00-04:00,0.8867178418883803,0.9534600377082825,0.8867178418883803,0.9534600377082825,6800,0.0,0.0
2001-07-25 00:00:00-04:00,0.9248561263084412,0.9248561263084412,0.9248561263084412,0.9248561263084412,200,0.0,0.0
2001-07-26 00:00:00-04:00,0.9105542467486385,0.9296234846115112,0.9105542467486385,0.9296234846115112,10400,0.0,0.0
2001-07-27 00:00:00-04:00,0.9153215218205834,0.9153215218205834,0.90578693151474,0.90578693151474,5000,0.0,0.0
2001-07-30 00:00:00-04:00,0.8628812149123742,0.9010196328163147,0.8628812149123742,0.9010196328163147,2400,0.0,0.0
2001-07-31 00:00:00-04:00,0.90578693151474,0.90578693151474,0.90578693151474,0.90578693151474,400,0.0,0.0
2001-08-01 00:00:00-04:00,0.9010196328163147,0.9010196328163147,0.9010196328163147,0.9010196328163147,3200,0.0,0.0
2001-08-02 00:00:00-04:00,0.905786967631475,0.905786967631475,0.8724159002304077,0.8724159002304077,1400,0.0,0.0
2001-08-03 00:00:00-04:00,0.8724159002304077,0.8724159002304077,0.8724159002304077,0.8724159002304077,0,0.0,0.0
2001-08-06 00:00:00-04:00,0.8771831571455024,0.9010196328163147,0.8771831571455024,0.9010196328163147,1400,0.0,0.0
2001-08-07 00:00:00-04:00,0.8628812149123742,0.9010196328163147,0.8628812149123742,0.9010196328163147,2000,0.0,0.0
2001-08-08 00:00:00-04:00,0.8819504416443644,0.8867177367210388,0.8819504416443644,0.8867177367210388,2800,0.0,0.0
2001-08-09 00:00:00-04:00,0.8867177219156398,0.8867177219156398,0.8676485419273376,0.8676485419273376,4200,0.0,0.0
2001-08-10 00:00:00-04:00,0.8676485316375574,0.8676485316375574,0.8581138849258423,0.8581138849258423,5000,0.0,0.0
2001-08-13 00:00:00-04:00,0.8342774102231505,0.8581138849258423,0.8199755254015354,0.8581138849258423,24000,0.0,0.0
2001-08-14 00:00:00-04:00,0.8581138849258423,0.8581138849258423,0.8581138849258423,0.8581138849258423,0,0.0,0.0
2001-08-15 00:00:00-04:00,0.8199755454497076,0.9010196182510031,0.6912584652467987,0.8819504380226135,40000,0.0,0.0
2001-08-16 00:00:00-04:00,0.8962523231939057,0.8962523231939057,0.8342774306209998,0.8819504380226135,29000,0.0,0.0
2001-08-17 00:00:00-04:00,0.8342774102231505,0.8581138849258423,0.7389313977511065,0.8581138849258423,17400,0.0,0.0
2001-08-20 00:00:00-04:00,0.8104409058069337,0.8199754953384399,0.8104409058069337,0.8199754953384399,20600,0.0,0.0
2001-08-21 00:00:00-04:00,0.8104408690164842,0.8199754581151619,0.7150948643684387,0.7150948643684387,8400,0.0,0.0
2001-08-22 00:00:00-04:00,0.7150949276999602,0.7627679342460854,0.6721892161253837,0.7198622226715088,68600,0.0,0.0
2001-08-23 00:00:00-04:00,0.7198622532066484,0.8342774510383606,0.6960257773378089,0.8342774510383606,33000,0.0,0.0
2001-08-24 00:00:00-04:00,0.7913716040308282,0.8342773101813005,0.762767837817601,0.8104408383369446,12600,0.0,0.0
2001-08-27 00:00:00-04:00,0.8104408383369446,0.8104408383369446,0.8104408383369446,0.8104408383369446,0,0.0,0.0
2001-08-28 00:00:00-04:00,0.762767837817601,0.8104408383369446,0.762767837817601,0.8104408383369446,3000,0.0,0.0
2001-08-29 00:00:00-04:00,0.7150948372982575,0.8104408383369446,0.7150948372982575,0.8104408383369446,15200,0.0,0.0
2001-08-30 00:00:00-04:00,0.7770697209242147,0.8104408383369446,0.7770697209242147,0.8104408383369446,11600,0.0,0.0
2001-08-31 00:00:00-04:00,0.8104408383369446,0.8104408383369446,0.8104408383369446,0.8104408383369446,0,0.0,0.0
2001-09-04 00:00:00-04:00,0.8104408383369446,0.8104408383369446,0.8104408383369446,0.8104408383369446,0,0.0,0.0
2001-09-05 00:00:00-04:00,0.762767837817601,0.8104408383369446,0.7389313091426135,0.8104408383369446,14600,0.0,0.0
2001-09-06 00:00:00-04:00,0.810440987080425,0.810440987080425,0.6197489500045776,0.6197489500045776,1071000,0.0,0.0
2001-09-07 00:00:00-04:00,0.6435854424879746,0.7866044044494629,0.6197489109406342,0.7866044044494629,63000,0.0,0.0
2001-09-10 00:00:00-04:00,0.73893141746521,0.7770698348376579,0.73893141746521,0.73893141746521,8200,0.0,0.0
2001-09-17 00:00:00-04:00,0.7389314025577033,0.7580006392745366,0.7150949276999602,0.7198622226715088,6600,0.0,0.0
2001-09-18 00:00:00-04:00,0.7150949685425013,0.7150949685425013,0.5959124737854178,0.6197489500045776,22400,0.0,0.0
2001-09-19 00:00:00-04:00,0.5720759975662578,0.6197489500045776,0.5720759975662578,0.6197489500045776,2600,0.0,0.0
2001-09-20 00:00:00-04:00,0.5244028920076494,0.5244028920076494,0.4767298914922937,0.5005663633346558,9400,0.0,0.0
2001-09-21 00:00:00-04:00,0.4814974047972669,0.5959126353263855,0.4814974047972669,0.5959126353263855,7000,0.0,0.0
2001-09-24 00:00:00-04:00,0.6197491180071779,0.6197491180071779,0.5959126353263855,0.5959126353263855,3000,0.0,0.0
2001-09-25 00:00:00-04:00,0.5959122848699878,0.5959122848699878,0.5482392907142639,0.5482392907142639,4600,0.0,0.0
2001-09-26 00:00:00-04:00,0.47672994869894314,0.47672994869894314,0.42905694246292114,0.42905694246292114,32400,0.0,0.0
2001-09-27 00:00:00-04:00,0.47673001885414124,0.47673001885414124,0.47673001885414124,0.47673001885414124,20400,0.0,0.0
2001-09-28 00:00:00-04:00,0.4528933308181283,0.5482392907142639,0.4528933308181283,0.5482392907142639,9000,0.0,0.0
2001-10-01 00:00:00-04:00,0.5959123921196593,0.5959123921196593,0.524402916431427,0.524402916431427,6000,0.0,0.0
2001-10-02 00:00:00-04:00,0.524402916431427,0.524402916431427,0.524402916431427,0.524402916431427,13600,0.0,0.0
2001-10-03 00:00:00-04:00,0.5244030321056847,0.5244030321056847,0.47673001885414124,0.47673001885414124,16000,0.0,0.0
2001-10-04 00:00:00-04:00,0.5244029482112176,0.5244029482112176,0.4528934397740595,0.4576607346534729,24200,0.0,0.0
2001-10-05 00:00:00-04:00,0.5244029782971572,0.5244029782971572,0.45289346575737,0.45289346575737,7000,0.0,0.0
2001-10-08 00:00:00-04:00,0.45289346069658165,0.5196356773376465,0.45289346069658165,0.5196356773376465,20800,0.0,0.0
2001-10-09 00:00:00-04:00,0.47673001885414124,0.47673001885414124,0.47673001885414124,0.47673001885414124,400,0.0,0.0
2001-10-10 00:00:00-04:00,0.47673001885414124,0.5005664970645896,0.47673001885414124,0.47673001885414124,9600,0.0,0.0
2001-10-11 00:00:00-04:00,0.47673001885414124,0.4957992014224999,0.42905700560259774,0.47673001885414124,52400,0.0,0.0
2001-10-12 00:00:00-04:00,0.4528935122283695,0.47673001885414124,0.4528935122283695,0.47673001885414124,3000,0.0,0.0
2001-10-15 00:00:00-04:00,0.47673001885414124,0.47673001885414124,0.47673001885414124,0.47673001885414124,0,0.0,0.0
2001-10-16 00:00:00-04:00,0.47673001885414124,0.47673001885414124,0.47673001885414124,0.47673001885414124,8000,0.0,0.0
2001-10-17 00:00:00-04:00,0.47673001885414124,0.4957992014224999,0.47673001885414124,0.47673001885414124,15800,0.0,0.0
2001-10-18 00:00:00-04:00,0.47672996993729905,0.47672996993729905,0.45289346575737,0.45289346575737,3800,0.0,0.0
2001-10-19 00:00:00-04:00,0.4576607346534729,0.4576607346534729,0.4576607346534729,0.4576607346534729,400,0.0,0.0
2001-10-22 00:00:00-04:00,0.4528934448727341,0.4624280631542206,0.4528934448727341,0.4624280631542206,6000,0.0,0.0
2001-10-23 00:00:00-04:00,0.4767299425864455,0.4767299425864455,0.4576607346534729,0.4576607346534729,5400,0.0,0.0
2001-10-24 00:00:00-04:00,0.47673001885414124,0.47673001885414124,0.47673001885414124,0.47673001885414124,4600,0.0,0.0
2001-10-25 00:00:00-04:00,0.4957992136478424,0.4957992136478424,0.4957992136478424,0.4957992136478424,10200,0.0,0.0
2001-10-26 00:00:00-04:00,0.4910318177198668,0.49579911250700054,0.48149722814559937,0.48149722814559937,12400,0.0,0.0
2001-10-29 00:00:00-05:00,0.5005664072941343,0.5196356432733058,0.48149722814559937,0.48149722814559937,11000,0.0,0.0
2001-10-30 00:00:00-05:00,0.5196356432733058,0.5196356432733058,0.48149722814559937,0.48149722814559937,3200,0.0,0.0
2001-10-31 00:00:00-05:00,0.47672993335846564,0.48149722814559937,0.47672993335846564,0.48149722814559937,10400,0.0,0.0
2001-11-01 00:00:00-05:00,0.5005663633346558,0.5005663633346558,0.5005663633346558,0.5005663633346558,9800,0.0,0.0
2001-11-02 00:00:00-05:00,0.5005664158910715,0.5625413060188293,0.5005664158910715,0.5625413060188293,24200,0.0,0.0
2001-11-05 00:00:00-05:00,0.5482392907142639,0.5482392907142639,0.529170115784224,0.5482392907142639,42400,0.0,0.0
2001-11-06 00:00:00-05:00,0.5291702191644154,0.5387048084921398,0.5291702191644154,0.5339375138282776,542800,0.0,0.0
2001-11-07 00:00:00-05:00,0.5005663633346558,0.5053336577031281,0.5005663633346558,0.5005663633346558,13600,0.0,0.0
2001-11-08 00:00:00-05:00,0.514868327250414,0.5339375056124401,0.514868327250414,0.524402916431427,37800,0.0,0.0
2001-11-09 00:00:00-05:00,0.5053337216377258,0.5101010734399931,0.5005664266660974,0.5053337216377258,20800,0.0,0.0
2001-11-12 00:00:00-05:00,0.5005663633346558,0.5005663633346558,0.5005663633346558,0.5005663633346558,6000,0.0,0.0
2001-11-13 00:00:00-05:00,0.48149722814559937,0.48149722814559937,0.47672993335846564,0.48149722814559937,10800,0.0,0.0
2001-11-14 00:00:00-05:00,0.47672993335846564,0.48149722814559937,0.47672993335846564,0.48149722814559937,3200,0.0,0.0
2001-11-15 00:00:00-05:00,0.47672998220618923,0.47672998220618923,0.4528934774128155,0.46719539165496826,18600,0.0,0.0
2001-11-16 00:00:00-05:00,0.47673001885414124,0.4814973144962309,0.47673001885414124,0.47673001885414124,12800,0.0,0.0
2001-11-19 00:00:00-05:00,0.47673001885414124,0.47673001885414124,0.4671954275699619,0.47673001885414124,70600,0.0,0.0
2001-11-20 00:00:00-05:00,0.47196264609012567,0.49103182554244995,0.47196264609012567,0.49103182554244995,11200,0.0,0.0
2001-11-21 00:00:00-05:00,0.49579911250700054,0.49579911250700054,0.48149722814559937,0.48149722814559937,4800,0.0,0.0
2001-11-23 00:00:00-05:00,0.48149722814559937,0.48149722814559937,0.48149722814559937,0.48149722814559937,2800,0.0,0.0
2001-11-26 00:00:00-05:00,0.4719626307487488,0.4719626307487488,0.4719626307487488,0.4719626307487488,4800,0.0,0.0
2001-11-27 00:00:00-05:00,0.4671953643585173,0.4671953643585173,0.42905694755127366,0.4338242709636688,19400,0.0,0.0
2001-11-28 00:00:00-05:00,0.4719626537584048,0.4719626537584048,0.38138396464221835,0.42905694246292114,21400,0.0,0.0
2001-11-29 00:00:00-05:00,0.4052204191684723,0.4052204191684723,0.4052204191684723,0.4052204191684723,3000,0.0,0.0
2001-11-30 00:00:00-05:00,0.4099877528499513,0.4099877528499513,0.3575474529333792,0.3813839554786682,52400,0.0,0.0
2001-12-03 00:00:00-05:00,0.3813839554786682,0.3813839554786682,0.3813839554786682,0.3813839554786682,5000,0.0,0.0
2001-12-04 00:00:00-05:00,0.39568583995665046,0.39568583995665046,0.3813839554786682,0.3813839554786682,52800,0.0,0.0
2001-12-05 00:00:00-05:00,0.3909185354647925,0.4767299254568666,0.3909185354647925,0.4719626307487488,67800,0.0,0.0
2001-12-06 00:00:00-05:00,0.47672993335846564,0.4862645229327331,0.47672993335846564,0.48149722814559937,18400,0.0,0.0
2001-12-07 00:00:00-05:00,0.4814973144962309,0.4957992014224999,0.47673001885414124,0.47673001885414124,5600,0.0,0.0
2001-12-10 00:00:00-05:00,0.4767299425864455,0.4767299425864455,0.4576607346534729,0.4576607346534729,9200,0.0,0.0
2001-12-11 00:00:00-05:00,0.4528934019354122,0.45766069641652446,0.42905690111453443,0.4481261074542999,57000,0.0,0.0
2001-12-12 00:00:00-05:00,0.4481261506403938,0.4481261506403938,0.40522046776022935,0.42905694246292114,8400,0.0,0.0
2001-12-13 00:00:00-05:00,0.42905696163050144,0.42905696163050144,0.41475507616996765,0.41475507616996765,15400,0.0,0.0
2001-12-14 00:00:00-05:00,0.44812617060444826,0.45289346575737,0.44812617060444826,0.45289346575737,52000,0.0,0.0
2001-12-17 00:00:00-05:00,0.43382428514568316,0.45289346575737,0.43382428514568316,0.45289346575737,36000,0.0,0.0
2001-12-18 00:00:00-05:00,0.4385915393766063,0.4719626307487488,0.43382424466848846,0.4719626307487488,60800,0.0,0.0
2001-12-19 00:00:00-05:00,0.43382428514568316,0.45289346575737,0.43382428514568316,0.45289346575737,62600,0.0,0.0
2001-12-20 00:00:00-05:00,0.45289346575737,0.45289346575737,0.43859158029860484,0.45289346575737,53600,0.0,0.0
2001-12-21 00:00:00-05:00,0.45766068564137113,0.45766068564137113,0.4052204191684723,0.4052204191684723,59600,0.0,0.0
2001-12-24 00:00:00-05:00,0.4099877135373435,0.4099877135373435,0.4052204191684723,0.4052204191684723,19000,0.0,0.0
2001-12-26 00:00:00-05:00,0.4052204858128324,0.4719626747843773,0.4052204858128324,0.45289346575737,51200,0.0,0.0
2001-12-27 00:00:00-05:00,0.4099877627007677,0.4338242658187787,0.4099877627007677,0.42905694246292114,12000,0.0,0.0
2001-12-28 00:00:00-05:00,0.42905694246292114,0.42905694246292114,0.4099877627007677,0.42905694246292114,18000,0.0,0.0
2001-12-31 00:00:00-05:00,0.4099878230342391,0.47673001885414124,0.4099878230342391,0.47673001885414124,82800,0.0,0.0
2002-01-02 00:00:00-05:00,0.45289346575737,0.45289346575737,0.45289346575737,0.45289346575737,400,0.0,0.0
2002-01-03 00:00:00-05:00,0.45289346575737,0.45289346575737,0.45289346575737,0.45289346575737,8000,0.0,0.0
2002-01-04 00:00:00-05:00,0.45289346575737,0.45289346575737,0.45289346575737,0.45289346575737,32000,0.0,0.0
2002-01-07 00:00:00-05:00,0.45289346575737,0.45289346575737,0.45289346575737,0.45289346575737,10000,0.0,0.0
2002-01-08 00:00:00-05:00,0.4528934585138682,0.4719626672358858,0.4433588683605194,0.4433588683605194,26200,0.0,0.0
2002-01-09 00:00:00-05:00,0.45289346575737,0.46719537963145563,0.45289346575737,0.45289346575737,40800,0.0,0.0
2002-01-10 00:00:00-05:00,0.4624280963793577,0.47672998220618923,0.4624280963793577,0.46719539165496826,50000,0.0,0.0
2002-01-11 00:00:00-05:00,0.4671953580873042,0.4671953580873042,0.4624280631542206,0.4624280631542206,20200,0.0,0.0
2002-01-14 00:00:00-05:00,0.4624280631542206,0.4624280631542206,0.4624280631542206,0.4624280631542206,0,0.0,0.0
2002-01-15 00:00:00-05:00,0.47673001885414124,0.47673001885414124,0.47673001885414124,0.47673001885414124,5400,0.0,0.0
2002-01-16 00:00:00-05:00,0.495799131694469,0.5053337216377258,0.4767299518079552,0.5053337216377258,39000,0.0,0.0
2002-01-17 00:00:00-05:00,0.524402916431427,0.524402916431427,0.524402916431427,0.524402916431427,14600,0.0,0.0
2002-01-18 00:00:00-05:00,0.5196356748332699,0.5911451578140259,0.5196356748332699,0.5911451578140259,21400,0.0,0.0
2002-01-22 00:00:00-05:00,0.5339374909110903,0.5720759034156799,0.5339374909110903,0.5720759034156799,34000,0.0,0.0
2002-01-23 00:00:00-05:00,0.5387048242130241,0.5530067086219788,0.5387048242130241,0.5530067086219788,21800,0.0,0.0
2002-01-24 00:00:00-05:00,0.5387048125267029,0.5387048125267029,0.5387048125267029,0.5387048125267029,1000,0.0,0.0
2002-01-25 00:00:00-05:00,0.5959126353263855,0.5959126353263855,0.5959126353263855,0.5959126353263855,5000,0.0,0.0
2002-01-28 00:00:00-05:00,0.5959126353263855,0.5959126353263855,0.5959126353263855,0.5959126353263855,20000,0.0,0.0
2002-01-29 00:00:00-05:00,0.6197489500045776,0.6197489500045776,0.6197489500045776,0.6197489500045776,16800,0.0,0.0
2002-01-30 00:00:00-05:00,0.59591248926338,0.6388182044029236,0.59591248926338,0.6388182044029236,4400,0.0,0.0
2002-01-31 00:00:00-05:00,0.6388181558769885,0.6531200408935547,0.6245162140297831,0.6531200408935547,24000,0.0,0.0
2002-02-01 00:00:00-05:00,0.653119954712032,0.686491072177887,0.653119954712032,0.686491072177887,13800,0.0,0.0
2002-02-04 00:00:00-05:00,0.7150949042485465,0.7150949042485465,0.6197488942831522,0.6245161890983582,45000,0.0,0.0
2002-02-05 00:00:00-05:00,0.6149816707340022,0.6388182044029236,0.5768433077927577,0.6388182044029236,24200,0.0,0.0
2002-02-06 00:00:00-05:00,0.6912584075093637,0.6912584075093637,0.6435854040896429,0.6674218773841858,38400,0.0,0.0
2002-02-07 00:00:00-05:00,0.6245161686233736,0.6912584075093637,0.6245161686233736,0.6674218773841858,14400,0.0,0.0
2002-02-08 00:00:00-05:00,0.6912584923233415,0.6912584923233415,0.6197489500045776,0.6197489500045776,1000,0.0,0.0
2002-02-11 00:00:00-05:00,0.5720761526455931,0.610214524934861,0.5720761526455931,0.5959126353263855,24400,0.0,0.0
2002-02-12 00:00:00-05:00,0.6197488525626174,0.6197488525626174,0.5768432021141052,0.5768432021141052,4000,0.0,0.0
2002-02-13 00:00:00-05:00,0.5959126353263855,0.6197491180071779,0.5959126353263855,0.5959126353263855,28800,0.0,0.0
2002-02-14 00:00:00-05:00,0.6626546846706605,0.6626546846706605,0.5768433107781143,0.6435855031013489,4800,0.0,0.0
2002-02-15 00:00:00-05:00,0.6435854830543796,0.6435854830543796,0.5720759975662578,0.6197489500045776,3800,0.0,0.0
2002-02-19 00:00:00-05:00,0.6435854830543796,0.6435854830543796,0.6197489500045776,0.6197489500045776,31000,0.0,0.0
2002-02-20 00:00:00-05:00,0.6388183609824694,0.6388183609824694,0.5720761526455931,0.5959126353263855,10600,0.0,0.0
2002-02-21 00:00:00-05:00,0.5959126353263855,0.5959126353263855,0.5959126353263855,0.5959126353263855,0,0.0,0.0
2002-02-22 00:00:00-05:00,0.6388183609824694,0.6435856575186278,0.5959126353263855,0.5959126353263855,25400,0.0,0.0
2002-02-25 00:00:00-05:00,0.5530066839744662,0.5911450975291528,0.524402916431427,0.524402916431427,26400,0.0,0.0
2002-02-26 00:00:00-05:00,0.5577739785649727,0.5577739785649727,0.524402916431427,0.524402916431427,18200,0.0,0.0
2002-02-27 00:00:00-05:00,0.5482392907142639,0.5482392907142639,0.5482392907142639,0.5482392907142639,200,0.0,0.0
2002-02-28 00:00:00-05:00,0.5244029470667554,0.5720759525874854,0.5053337107600808,0.5625413060188293,130600,0.0,0.0
2002-03-01 00:00:00-05:00,0.5244030294803113,0.5577740988078699,0.514868438243866,0.514868438243866,14400,0.0,0.0
2002-03-04 00:00:00-05:00,0.5101009607315063,0.5482393120777396,0.5101009607315063,0.5101009607315063,4400,0.0,0.0
2002-03-05 00:00:00-05:00,0.5005664158910715,0.5625413060188293,0.5005664158910715,0.5625413060188293,21400,0.0,0.0
2002-03-06 00:00:00-05:00,0.5244029470667554,0.5625413060188293,0.5244029470667554,0.5625413060188293,34200,0.0,0.0
2002-03-07 00:00:00-05:00,0.567308613125547,0.5959123800912217,0.567308613125547,0.5768432021141052,14200,0.0,0.0
2002-03-08 00:00:00-05:00,0.6197491180071779,0.6197491180071779,0.5959126353263855,0.5959126353263855,10000,0.0,0.0
2002-03-11 00:00:00-05:00,0.5959126353263855,0.5959126353263855,0.5291704269895092,0.5959126353263855,85000,0.0,0.0
2002-03-12 00:00:00-05:00,0.5959123549250627,0.6149815320968628,0.5530066494578815,0.6149815320968628,32800,0.0,0.0
2002-03-13 00:00:00-05:00,0.5720758793301791,0.6149815276569698,0.5720758793301791,0.6102142333984375,33000,0.0,0.0
2002-03-14 00:00:00-05:00,0.600679874420166,0.6054471705004331,0.600679874420166,0.600679874420166,8800,0.0,0.0
2002-03-15 00:00:00-05:00,0.600679653487935,0.600679653487935,0.5577739477157593,0.5577739477157593,20400,0.0,0.0
2002-03-18 00:00:00-05:00,0.5577739200684265,0.5577739200684265,0.5291701555252075,0.5291701555252075,108200,0.0,0.0
2002-03-19 00:00:00-05:00,0.5434720798295796,0.5720759034156799,0.5434720798295796,0.5720759034156799,65400,0.0,0.0
2002-03-20 00:00:00-05:00,0.5720761526455931,0.5959126353263855,0.5720761526455931,0.5959126353263855,58000,0.0,0.0
2002-03-21 00:00:00-05:00,0.6149815320968628,0.6149815320968628,0.6149815320968628,0.6149815320968628,2000,0.0,0.0
2002-03-22 00:00:00-05:00,0.6054469777615125,0.6054469777615125,0.5863777995109558,0.5863777995109558,4200,0.0,0.0
2002-03-25 00:00:00-05:00,0.5863778290735098,0.5863778290735098,0.5530067086219788,0.5530067086219788,5400,0.0,0.0
2002-03-26 00:00:00-05:00,0.5577739477157593,0.5577739477157593,0.5577739477157593,0.5577739477157593,600,0.0,0.0
2002-03-27 00:00:00-05:00,0.57684323946754,0.57684323946754,0.5530067086219788,0.5530067086219788,10200,0.0,0.0
2002-03-28 00:00:00-05:00,0.5863777995109558,0.591145094073595,0.5863777995109558,0.5863777995109558,32000,0.0,0.0
2002-04-01 00:00:00-05:00,0.5863777663391626,0.6149815320968628,0.5863777663391626,0.6149815320968628,22200,0.0,0.0
2002-04-02 00:00:00-05:00,0.5959123643653672,0.5959123643653672,0.4767298914922937,0.5005663633346558,66400,0.0,0.0
2002-04-03 00:00:00-05:00,0.4338242137607263,0.5005663633346558,0.4338242137607263,0.5005663633346558,76600,0.0,0.0
2002-04-04 00:00:00-05:00,0.45289339123461586,0.5005663633346558,0.45289339123461586,0.5005663633346558,68400,0.0,0.0
2002-04-05 00:00:00-05:00,0.5005664072941343,0.5005664072941343,0.47672993335846564,0.48149722814559937,21800,0.0,0.0
2002-04-08 00:00:00-04:00,0.47673001885414124,0.47673001885414124,0.47673001885414124,0.47673001885414124,4400,0.0,0.0
2002-04-09 00:00:00-04:00,0.4719626307487488,0.4719626307487488,0.4719626307487488,0.4719626307487488,1400,0.0,0.0
2002-04-10 00:00:00-04:00,0.4528934019354122,0.46242801931295324,0.4481261074542999,0.4481261074542999,27400,0.0,0.0
2002-04-11 00:00:00-04:00,0.4290568910128282,0.43859150816588643,0.4052204191684723,0.4052204191684723,42400,0.0,0.0
2002-04-12 00:00:00-04:00,0.4052204858629451,0.4385915803528445,0.4052204858629451,0.41475507616996765,22600,0.0,0.0
2002-04-15 00:00:00-04:00,0.4290568910128282,0.4290568910128282,0.4052204191684723,0.4052204191684723,96200,0.0,0.0
2002-04-16 00:00:00-04:00,0.4052204191684723,0.4099877135373435,0.3909185076465429,0.4052204191684723,54800,0.0,0.0
2002-04-17 00:00:00-04:00,0.3956858020154141,0.4052204191684723,0.3956858020154141,0.4052204191684723,18200,0.0,0.0
2002-04-18 00:00:00-04:00,0.4052204191684723,0.4052204191684723,0.3956858020154141,0.4052204191684723,59800,0.0,0.0
2002-04-19 00:00:00-04:00,0.4052204191684723,0.4052204191684723,0.4052204191684723,0.4052204191684723,5000,0.0,0.0
2002-04-22 00:00:00-04:00,0.42905694246292114,0.4385915607593171,0.42905694246292114,0.42905694246292114,17200,0.0,0.0
2002-04-23 00:00:00-04:00,0.42905698032660367,0.44335889482566204,0.42905698032660367,0.4385915994644165,25000,0.0,0.0
2002-04-24 00:00:00-04:00,0.4719626134418013,0.5196356156054381,0.4719626134418013,0.48626449704170227,30000,0.0,0.0
2002-04-25 00:00:00-04:00,0.48626449704170227,0.48626449704170227,0.48626449704170227,0.48626449704170227,2400,0.0,0.0
2002-04-26 00:00:00-04:00,0.47673001885414124,0.48626461013832056,0.4671954275699619,0.47673001885414124,9400,0.0,0.0
2002-04-29 00:00:00-04:00,0.42905694246292114,0.4338242658187787,0.42905694246292114,0.42905694246292114,5600,0.0,0.0
2002-04-30 00:00:00-04:00,0.4290569547151762,0.4719626672358858,0.4290569547151762,0.4433588683605194,26400,0.0,0.0
2002-05-01 00:00:00-04:00,0.4576607609102917,0.4576607609102917,0.45289346575737,0.45289346575737,7000,0.0,0.0
2002-05-02 00:00:00-04:00,0.4576607809093987,0.4767299907697026,0.4385915994644165,0.4385915994644165,49400,0.0,0.0
2002-05-03 00:00:00-04:00,0.45289346575737,0.45289346575737,0.45289346575737,0.45289346575737,269000,0.0,0.0
2002-05-06 00:00:00-04:00,0.4719626747843773,0.4719626747843773,0.45289346575737,0.45289346575737,413600,0.0,0.0
2002-05-07 00:00:00-04:00,0.4671953437841982,0.4862645229327331,0.4671953437841982,0.48149722814559937,55400,0.0,0.0
2002-05-08 00:00:00-04:00,0.48626461013832056,0.48626461013832056,0.47673001885414124,0.47673001885414124,12000,0.0,0.0
2002-05-09 00:00:00-04:00,0.4719626307487488,0.4719626307487488,0.4719626307487488,0.4719626307487488,5400,0.0,0.0
2002-05-10 00:00:00-04:00,0.4957990689661833,0.5005663633346558,0.4814971858607661,0.5005663633346558,32000,0.0,0.0
2002-05-13 00:00:00-04:00,0.5959123921196593,0.5959123921196593,0.5101010326599075,0.524402916431427,23400,0.0,0.0
2002-05-14 00:00:00-04:00,0.5244029245005533,0.5339375138282776,0.5244029245005533,0.5339375138282776,6200,0.0,0.0
2002-05-15 00:00:00-04:00,0.524402916431427,0.524402916431427,0.524402916431427,0.524402916431427,7000,0.0,0.0
2002-05-16 00:00:00-04:00,0.5291702191644154,0.5673086333059478,0.5291702191644154,0.5339375138282776,20600,0.0,0.0
2002-05-17 00:00:00-04:00,0.5673086089564353,0.5720759034156799,0.5291701964518457,0.5720759034156799,8600,0.0,0.0
2002-05-20 00:00:00-04:00,0.5720761526455931,0.5959126353263855,0.5482396131341432,0.5959126353263855,23800,0.0,0.0
2002-05-21 00:00:00-04:00,0.5959126353263855,0.6054472283987025,0.5959126353263855,0.5959126353263855,28600,0.0,0.0
2002-05-22 00:00:00-04:00,0.595912578339899,0.6197490587412341,0.595912578339899,0.600679874420166,24200,0.0,0.0
2002-05-23 00:00:00-04:00,0.6197488942831522,0.6245161890983582,0.6006797150223281,0.6245161890983582,26400,0.0,0.0
2002-05-24 00:00:00-04:00,0.6197488263898129,0.6245161206827629,0.6102142378039127,0.6149815320968628,35200,0.0,0.0
2002-05-28 00:00:00-04:00,0.5959126353263855,0.5959126353263855,0.5768434491817516,0.5959126353263855,9400,0.0,0.0
2002-05-29 00:00:00-04:00,0.5959123843987484,0.5959123843987484,0.5816105008125305,0.5816105008125305,12000,0.0,0.0
2002-05-30 00:00:00-04:00,0.5816104923341692,0.5816104923341692,0.5482393742888242,0.5720759034156799,17200,0.0,0.0
2002-05-31 00:00:00-04:00,0.5720759775073283,0.5959124528907003,0.5720759775073283,0.5911451578140259,21800,0.0,0.0
2002-06-03 00:00:00-04:00,0.5816104923341692,0.5816104923341692,0.5720759034156799,0.5720759034156799,11400,0.0,0.0
2002-06-04 00:00:00-04:00,0.5959124186794796,0.5959124186794796,0.5530067086219788,0.5530067086219788,10400,0.0,0.0
2002-06-05 00:00:00-04:00,0.5482393742888242,0.5720759034156799,0.5482393742888242,0.5720759034156799,31200,0.0,0.0
2002-06-06 00:00:00-04:00,0.5482393893839597,0.5911450975291528,0.524402916431427,0.524402916431427,16800,0.0,0.0
2002-06-07 00:00:00-04:00,0.5720759975662578,0.6197489500045776,0.5577740550041198,0.6197489500045776,60800,0.0,0.0
2002-06-10 00:00:00-04:00,0.6149815625137056,0.619748857042445,0.5768432062837913,0.5816105008125305,144200,0.0,0.0
2002-06-11 00:00:00-04:00,0.5530066454654196,0.6197488219155021,0.5530066454654196,0.6102142333984375,23600,0.0,0.0
2002-06-12 00:00:00-04:00,0.6149816781803342,0.6197489736057132,0.5673087239265442,0.5673087239265442,29800,0.0,0.0
2002-06-13 00:00:00-04:00,0.6340507811704752,0.7103275485013806,0.6197488411210418,0.6912583708763123,204800,0.0,0.0
2002-06-14 00:00:00-04:00,0.6912583708763123,0.6912583708763123,0.6197488411210418,0.6912583708763123,173200,0.0,0.0
2002-06-17 00:00:00-04:00,0.6912585138552717,0.6912585138552717,0.6435855031013489,0.6435855031013489,20600,0.0,0.0
2002-06-18 00:00:00-04:00,0.6674219592735394,0.6674219592735394,0.5959124737854178,0.6197489500045776,29200,0.0,0.0
2002-06-19 00:00:00-04:00,0.6435855031013489,0.6435855031013489,0.6435855031013489,0.6435855031013489,8000,0.0,0.0
2002-06-20 00:00:00-04:00,0.6435855031013489,0.6435855031013489,0.6435855031013489,0.6435855031013489,0,0.0,0.0
2002-06-21 00:00:00-04:00,0.6483528236477616,0.6817238926887512,0.6435855280704774,0.6817238926887512,7400,0.0,0.0
2002-06-24 00:00:00-04:00,0.6912583708763123,0.6912583708763123,0.6674218420143447,0.6912583708763123,37000,0.0,0.0
2002-06-25 00:00:00-04:00,0.6912584075093637,0.7150948808039066,0.6674218773841858,0.6674218773841858,31800,0.0,0.0
2002-06-26 00:00:00-04:00,0.6721892545173714,0.6864911970795095,0.6197489500045776,0.6197489500045776,26200,0.0,0.0
2002-06-27 00:00:00-04:00,0.6435854830543796,0.6674219592735394,0.6197489500045776,0.6197489500045776,5200,0.0,0.0
2002-06-28 00:00:00-04:00,0.6197489500045776,0.6197489500045776,0.5959124737854178,0.6197489500045776,11600,0.0,0.0
2002-07-01 00:00:00-04:00,0.6006796448813729,0.6102142333984375,0.6006796448813729,0.6102142333984375,4400,0.0,0.0
2002-07-02 00:00:00-04:00,0.5959126353263855,0.5959126353263855,0.5959126353263855,0.5959126353263855,13200,0.0,0.0
2002-07-03 00:00:00-04:00,0.5720761526455931,0.6197491180071779,0.5720761526455931,0.5959126353263855,44000,0.0,0.0
2002-07-05 00:00:00-04:00,0.5959126353263855,0.5959126353263855,0.5720761526455931,0.5959126353263855,36400,0.0,0.0
2002-07-08 00:00:00-04:00,0.5959126353263855,0.5959126353263855,0.5720761526455931,0.5959126353263855,23400,0.0,0.0
2002-07-09 00:00:00-04:00,0.5720761526455931,0.5959126353263855,0.5720761526455931,0.5959126353263855,16600,0.0,0.0
2002-07-10 00:00:00-04:00,0.5720759446645551,0.57684323946754,0.5530067086219788,0.5530067086219788,64000,0.0,0.0
2002-07-11 00:00:00-04:00,0.5577739913249677,0.5577739913249677,0.5387048125267029,0.5387048125267029,49400,0.0,0.0
2002-07-12 00:00:00-04:00,0.5387049163349792,0.5387049163349792,0.514868438243866,0.514868438243866,1200,0.0,0.0
2002-07-15 00:00:00-04:00,0.5053336751749036,0.5053336751749036,0.48149720250840194,0.48626449704170227,22600,0.0,0.0
2002-07-16 00:00:00-04:00,0.4862644802292385,0.5005663633346558,0.4862644802292385,0.5005663633346558,18800,0.0,0.0
2002-07-17 00:00:00-04:00,0.5005663633346558,0.5244028920076494,0.5005663633346558,0.5005663633346558,24400,0.0,0.0
2002-07-18 00:00:00-04:00,0.5005663633346558,0.5005663633346558,0.5005663633346558,0.5005663633346558,15400,0.0,0.0
2002-07-19 00:00:00-04:00,0.4814971858607661,0.5005663633346558,0.4814971858607661,0.5005663633346558,11400,0.0,0.0
2002-07-22 00:00:00-04:00,0.4862646221285606,0.4957992136478424,0.45766081915539086,0.4957992136478424,262400,0.0,0.0
2002-07-23 00:00:00-04:00,0.429056890976938,0.5005663633346558,0.429056890976938,0.5005663633346558,15800,0.0,0.0
2002-07-24 00:00:00-04:00,0.47673001885414124,0.5005664970645896,0.47673001885414124,0.47673001885414124,12400,0.0,0.0
2002-07-25 00:00:00-04:00,0.4814971858607661,0.5005663633346558,0.4814971858607661,0.5005663633346558,21000,0.0,0.0
2002-07-26 00:00:00-04:00,0.5005663633346558,0.5005663633346558,0.5005663633346558,0.5005663633346558,6000,0.0,0.0
2002-07-29 00:00:00-04:00,0.47673001885414124,0.47673001885414124,0.47673001885414124,0.47673001885414124,4400,0.0,0.0
2002-07-30 00:00:00-04:00,0.4433588340847241,0.4719626307487488,0.4433588340847241,0.4719626307487488,5400,0.0,0.0
2002-07-31 00:00:00-04:00,0.4576607535905426,0.4576607535905426,0.4433588683605194,0.4433588683605194,13400,0.0,0.0
2002-08-01 00:00:00-04:00,0.47672996993729905,0.47672996993729905,0.45289346575737,0.45289346575737,40000,0.0,0.0
2002-08-02 00:00:00-04:00,0.45289346575737,0.45289346575737,0.45289346575737,0.45289346575737,0,0.0,0.0
2002-08-05 00:00:00-04:00,0.45289346575737,0.45289346575737,0.45289346575737,0.45289346575737,10000,0.0,0.0
2002-08-06 00:00:00-04:00,0.44335892094419016,0.47673001885414124,0.44335892094419016,0.47673001885414124,10400,0.0,0.0
2002-08-07 00:00:00-04:00,0.43859158029860484,0.47672996993729905,0.43859158029860484,0.45289346575737,62200,0.0,0.0
2002-08-08 00:00:00-04:00,0.45289346575737,0.45289346575737,0.45289346575737,0.45289346575737,0,0.0,0.0
2002-08-09 00:00:00-04:00,0.47673001885414124,0.47673001885414124,0.47673001885414124,0.47673001885414124,4000,0.0,0.0
2002-08-12 00:00:00-04:00,0.47673001885414124,0.47673001885414124,0.47673001885414124,0.47673001885414124,400,0.0,0.0
2002-08-13 00:00:00-04:00,0.5482393893839597,0.5482393893839597,0.514868327250414,0.524402916431427,3400,0.0,0.0
2002-08-14 00:00:00-04:00,0.5291701555252075,0.5291701555252075,0.5291701555252075,0.5291701555252075,1400,0.0,0.0
2002-08-15 00:00:00-04:00,0.47673001885414124,0.47673001885414124,0.47673001885414124,0.47673001885414124,4000,0.0,0.0
2002-08-16 00:00:00-04:00,0.5244029019926011,0.5768431978749246,0.5244029019926011,0.5720759034156799,16800,0.0,0.0
2002-08-19 00:00:00-04:00,0.5577739632073133,0.5768431978749246,0.5577739632073133,0.5720759034156799,6400,0.0,0.0
2002-08-20 00:00:00-04:00,0.5720759034156799,0.5720759034156799,0.5720759034156799,0.5720759034156799,0,0.0,0.0
2002-08-21 00:00:00-04:00,0.5577739477157593,0.5577739477157593,0.5577739477157593,0.5577739477157593,600,0.0,0.0
2002-08-22 00:00:00-04:00,0.5673086089564353,0.5720759034156799,0.5673086089564353,0.5720759034156799,37800,0.0,0.0
2002-08-23 00:00:00-04:00,0.5482392907142639,0.5482392907142639,0.5482392907142639,0.5482392907142639,1400,0.0,0.0
2002-08-26 00:00:00-04:00,0.5482393742888242,0.5720759034156799,0.5482393742888242,0.5720759034156799,29600,0.0,0.0
2002-08-27 00:00:00-04:00,0.5959123757119029,0.5959123757119029,0.5530066687480688,0.5720759034156799,59800,0.0,0.0
2002-08-28 00:00:00-04:00,0.5530069096703016,0.5959126353263855,0.5530069096703016,0.5959126353263855,2200,0.0,0.0
2002-08-29 00:00:00-04:00,0.5720759034156799,0.5720759034156799,0.5720759034156799,0.5720759034156799,11000,0.0,0.0
2002-08-30 00:00:00-04:00,0.5959123506228405,0.6102142333984375,0.5959123506228405,0.6102142333984375,19400,0.0,0.0
2002-09-03 00:00:00-04:00,0.5959123886362341,0.5959123886362341,0.5530066807418478,0.5863777995109558,5000,0.0,0.0
2002-09-04 00:00:00-04:00,0.591145338790227,0.6197491180071779,0.591145338790227,0.5959126353263855,13800,0.0,0.0
2002-09-05 00:00:00-04:00,0.6149815320968628,0.6149815320968628,0.6149815320968628,0.6149815320968628,7600,0.0,0.0
2002-09-06 00:00:00-04:00,0.6149815320968628,0.6197488263898129,0.6006796492180126,0.6149815320968628,11600,0.0,0.0
2002-09-09 00:00:00-04:00,0.5720758793301791,0.6102142333984375,0.5530066454654196,0.6102142333984375,4600,0.0,0.0
2002-09-10 00:00:00-04:00,0.5720759034156799,0.5720759034156799,0.5720759034156799,0.5720759034156799,4400,0.0,0.0
2002-09-11 00:00:00-04:00,0.5720759034156799,0.5720759034156799,0.5720759034156799,0.5720759034156799,400,0.0,0.0
2002-09-12 00:00:00-04:00,0.5720758162074379,0.5720758162074379,0.5482392907142639,0.5482392907142639,4200,0.0,0.0
2002-09-13 00:00:00-04:00,0.538704703249244,0.5482392907142639,0.538704703249244,0.5482392907142639,4200,0.0,0.0
2002-09-16 00:00:00-04:00,0.5339374760815678,0.5577739477157593,0.5339374760815678,0.5577739477157593,6200,0.0,0.0
2002-09-17 00:00:00-04:00,0.524402916431427,0.524402916431427,0.524402916431427,0.524402916431427,2000,0.0,0.0
2002-09-18 00:00:00-04:00,0.5434722304344177,0.5434722304344177,0.5434722304344177,0.5434722304344177,1000,0.0,0.0
2002-09-19 00:00:00-04:00,0.529170136404623,0.529170136404623,0.5101009607315063,0.5101009607315063,19400,0.0,0.0
2002-09-20 00:00:00-04:00,0.5053338051671242,0.5053338051671242,0.4957992136478424,0.4957992136478424,17400,0.0,0.0
2002-09-23 00:00:00-04:00,0.5244029101387385,0.5244029101387385,0.48626449704170227,0.48626449704170227,9000,0.0,0.0
2002-09-24 00:00:00-04:00,0.4862645229327331,0.4862645229327331,0.47672993335846564,0.48149722814559937,13000,0.0,0.0
2002-09-25 00:00:00-04:00,0.42905700560259774,0.47673001885414124,0.42905700560259774,0.47673001885414124,12000,0.0,0.0
2002-09-26 00:00:00-04:00,0.4528934123278776,0.524402916431427,0.4528934123278776,0.524402916431427,5000,0.0,0.0
2002-09-27 00:00:00-04:00,0.5005664970645896,0.5005664970645896,0.47673001885414124,0.47673001885414124,4800,0.0,0.0
2002-09-30 00:00:00-04:00,0.4576607609102917,0.4624280844785339,0.44812617060444826,0.45289346575737,98600,0.0,0.0
2002-10-01 00:00:00-04:00,0.4433588683605194,0.4528934585138682,0.4290569547151762,0.4433588683605194,53400,0.0,0.0
2002-10-02 00:00:00-04:00,0.42905696157744094,0.4719626747843773,0.42905696157744094,0.45289346575737,216200,0.0,0.0
2002-10-03 00:00:00-04:00,0.45289345095197103,0.45289345095197103,0.4338242709636688,0.4338242709636688,123600,0.0,0.0
2002-10-04 00:00:00-04:00,0.4338242658187787,0.4385915607593171,0.42905694246292114,0.42905694246292114,40800,0.0,0.0
2002-10-07 00:00:00-04:00,0.42905693215392765,0.42905693215392765,0.3813839554786682,0.3813839554786682,12800,0.0,0.0
2002-10-08 00:00:00-04:00,0.41952230227508586,0.41952230227508586,0.4052204191684723,0.4052204191684723,13800,0.0,0.0
2002-10-09 00:00:00-04:00,0.42905693215392765,0.42905693215392765,0.3813839554786682,0.3813839554786682,11200,0.0,0.0
2002-10-10 00:00:00-04:00,0.3909185230731964,0.3909185230731964,0.3909185230731964,0.3909185230731964,800,0.0,0.0
2002-10-11 00:00:00-04:00,0.38138398168006826,0.41475507616996765,0.38138398168006826,0.41475507616996765,13000,0.0,0.0
2002-10-14 00:00:00-04:00,0.4052204892870099,0.42905696525598164,0.4052204892870099,0.41952237486839294,24400,0.0,0.0
2002-10-15 00:00:00-04:00,0.41952230227508586,0.41952230227508586,0.4052204191684723,0.4052204191684723,5200,0.0,0.0
2002-10-16 00:00:00-04:00,0.41952237486839294,0.41952237486839294,0.41952237486839294,0.41952237486839294,7800,0.0,0.0
2002-10-17 00:00:00-04:00,0.40998772971651704,0.40998772971651704,0.3909185230731964,0.3909185230731964,40400,0.0,0.0
2002-10-18 00:00:00-04:00,0.4052204191684723,0.4052204191684723,0.4052204191684723,0.4052204191684723,8200,0.0,0.0
2002-10-21 00:00:00-04:00,0.4052204191684723,0.4052204191684723,0.4052204191684723,0.4052204191684723,94000,0.0,0.0
2002-10-22 00:00:00-04:00,0.3909185230731964,0.4195223188305189,0.3813839339591945,0.3909185230731964,897600,0.0,0.0
2002-10-23 00:00:00-04:00,0.4052204191684723,0.4290568910128282,0.4004530963842853,0.4052204191684723,5800,0.0,0.0
2002-10-24 00:00:00-04:00,0.40045314653990544,0.40045314653990544,0.3956858515739441,0.3956858515739441,37400,0.0,0.0
2002-10-25 00:00:00-04:00,0.39568586076313533,0.4433588683605194,0.39568586076313533,0.4433588683605194,8800,0.0,0.0
2002-10-28 00:00:00-05:00,0.4338242709636688,0.4338242709636688,0.42905694755127366,0.4338242709636688,2000,0.0,0.0
2002-10-29 00:00:00-05:00,0.45289345095197103,0.47672995435266835,0.4338242709636688,0.4338242709636688,29600,0.0,0.0
2002-10-30 00:00:00-05:00,0.4671954275699619,0.47673001885414124,0.43382432966001083,0.47673001885414124,10600,0.0,0.0
2002-10-31 00:00:00-05:00,0.47673001885414124,0.47673001885414124,0.47673001885414124,0.47673001885414124,0,0.0,0.0
2002-11-01 00:00:00-05:00,0.4290569369616734,0.46719535282761865,0.41952234720284654,0.4576607346534729,33400,0.0,0.0
2002-11-04 00:00:00-05:00,0.45289345095197103,0.45289345095197103,0.42905694755127366,0.4338242709636688,16000,0.0,0.0
2002-11-05 00:00:00-05:00,0.46719535282761865,0.46719535282761865,0.4528934397740595,0.4576607346534729,21200,0.0,0.0
2002-11-06 00:00:00-05:00,0.4481261506403938,0.4481261506403938,0.42905694246292114,0.42905694246292114,8000,0.0,0.0
2002-11-07 00:00:00-05:00,0.4338242658187787,0.4338242658187787,0.42905694246292114,0.42905694246292114,10800,0.0,0.0
2002-11-08 00:00:00-05:00,0.4052204892870099,0.41952237486839294,0.3956858704841004,0.41952237486839294,20800,0.0,0.0
2002-11-11 00:00:00-05:00,0.40998774766921997,0.4195223372007261,0.40522045290346687,0.40998774766921997,73000,0.0,0.0
2002-11-12 00:00:00-05:00,0.42905698032660367,0.4528934855481531,0.42905698032660367,0.4385915994644165,21400,0.0,0.0
2002-11-13 00:00:00-05:00,0.4290569369616734,0.4576607346534729,0.4290569369616734,0.4576607346534729,37000,0.0,0.0
2002-11-14 00:00:00-05:00,0.47196272321205157,0.47673001885414124,0.45766080787045915,0.47673001885414124,9600,0.0,0.0
2002-11-15 00:00:00-05:00,0.47196272321205157,0.47673001885414124,0.4528935122283695,0.47673001885414124,13000,0.0,0.0
2002-11-18 00:00:00-05:00,0.49579921580038494,0.5434722304344177,0.49579921580038494,0.5434722304344177,6600,0.0,0.0
2002-11-19 00:00:00-05:00,0.47673001885414124,0.5244030321056847,0.47673001885414124,0.47673001885414124,14200,0.0,0.0
2002-11-20 00:00:00-05:00,0.47673001885414124,0.47673001885414124,0.47673001885414124,0.47673001885414124,2200,0.0,0.0
2002-11-21 00:00:00-05:00,0.45289346575737,0.45289346575737,0.45289346575737,0.45289346575737,200,0.0,0.0
2002-11-22 00:00:00-05:00,0.46719539165496826,0.46719539165496826,0.46719539165496826,0.46719539165496826,4000,0.0,0.0
2002-11-25 00:00:00-05:00,0.45289346575737,0.45289346575737,0.45289346575737,0.45289346575737,11800,0.0,0.0
2002-11-26 00:00:00-05:00,0.4528935122283695,0.4814973144962309,0.4528935122283695,0.47673001885414124,9200,0.0,0.0
2002-11-27 00:00:00-05:00,0.4767299479534715,0.4767299479534715,0.4624280631542206,0.4624280631542206,2200,0.0,0.0
2002-11-29 00:00:00-05:00,0.4624280631542206,0.4624280631542206,0.4624280631542206,0.4624280631542206,0,0.0,0.0
2002-12-02 00:00:00-05:00,0.4624280631542206,0.4624280631542206,0.4624280631542206,0.4624280631542206,3600,0.0,0.0
2002-12-03 00:00:00-05:00,0.4624280631542206,0.4624280631542206,0.45766073980581773,0.4624280631542206,8400,0.0,0.0
2002-12-04 00:00:00-05:00,0.4624280631542206,0.4624280631542206,0.4624280631542206,0.4624280631542206,0,0.0,0.0
2002-12-05 00:00:00-05:00,0.42905696525598164,0.42905696525598164,0.41952237486839294,0.41952237486839294,44600,0.0,0.0
2002-12-06 00:00:00-05:00,0.40522046256460625,0.4576607346534729,0.40522046256460625,0.4576607346534729,24000,0.0,0.0
2002-12-09 00:00:00-05:00,0.4099878230342391,0.4957992014224999,0.4099878230342391,0.47673001885414124,223600,0.0,0.0
2002-12-10 00:00:00-05:00,0.42905696157744094,0.45289346575737,0.42905696157744094,0.45289346575737,4400,0.0,0.0
2002-12-11 00:00:00-05:00,0.45289346575737,0.45289346575737,0.45289346575737,0.45289346575737,10000,0.0,0.0
2002-12-12 00:00:00-05:00,0.4767300306092787,0.4957992136478424,0.46719543908999683,0.4957992136478424,11600,0.0,0.0
2002-12-13 00:00:00-05:00,0.4957990028260301,0.5482392907142639,0.4957990028260301,0.5482392907142639,46800,0.0,0.0
2002-12-16 00:00:00-05:00,0.5530066839744662,0.5530066839744662,0.524402916431427,0.524402916431427,65000,0.0,0.0
2002-12-17 00:00:00-05:00,0.524402916431427,0.5291702110219335,0.5101010326599075,0.524402916431427,74000,0.0,0.0
2002-12-18 00:00:00-05:00,0.5101010553951147,0.5530067086219788,0.5101010553951147,0.5530067086219788,60000,0.0,0.0
2002-12-19 00:00:00-05:00,0.5720761526455931,0.6197491180071779,0.5720761526455931,0.5959126353263855,79000,0.0,0.0
2002-12-20 00:00:00-05:00,0.600679931862544,0.600679931862544,0.5959126353263855,0.5959126353263855,12600,0.0,0.0
2002-12-23 00:00:00-05:00,0.5768432021141052,0.5768432021141052,0.5625412618006347,0.5768432021141052,25200,0.0,0.0
2002-12-24 00:00:00-05:00,0.5959123843987484,0.5959123843987484,0.5816105008125305,0.5816105008125305,21800,0.0,0.0
2002-12-26 00:00:00-05:00,0.600679931862544,0.600679931862544,0.5959126353263855,0.5959126353263855,8000,0.0,0.0
2002-12-27 00:00:00-05:00,0.5959126353263855,0.5959126353263855,0.5244031304533507,0.5959126353263855,44800,0.0,0.0
2002-12-30 00:00:00-05:00,0.5959126353263855,0.600679931862544,0.5959126353263855,0.5959126353263855,9400,0.0,0.0
2002-12-31 00:00:00-05:00,0.6197488219155021,0.6435853500387939,0.5959123506228405,0.6102142333984375,43000,0.0,0.0
2003-01-02 00:00:00-05:00,0.6197489500045776,0.6197489500045776,0.6197489500045776,0.6197489500045776,10200,0.0,0.0
2003-01-03 00:00:00-05:00,0.6435853699830093,0.7150948429076477,0.6435853699830093,0.6912583708763123,85200,0.0,0.0
2003-01-06 00:00:00-05:00,0.6531199587955435,0.6912583708763123,0.6531199587955435,0.6912583708763123,18600,0.0,0.0
2003-01-07 00:00:00-05:00,0.6864910764700451,0.6960256652825794,0.6864910764700451,0.6912583708763123,36800,0.0,0.0
2003-01-08 00:00:00-05:00,0.7150948429076477,0.7389313149389831,0.6912583708763123,0.6912583708763123,40200,0.0,0.0
2003-01-09 00:00:00-05:00,0.7246294317201819,0.7246294317201819,0.6912583708763123,0.6912583708763123,20400,0.0,0.0
2003-01-10 00:00:00-05:00,0.6483528206584996,0.6912585374868848,0.6483528206584996,0.6769565939903259,2800,0.0,0.0
2003-01-13 00:00:00-05:00,0.6531200408935547,0.6912584577683705,0.6531200408935547,0.6531200408935547,51000,0.0,0.0
2003-01-14 00:00:00-05:00,0.6674218378414134,0.686491072177887,0.6102142484932561,0.686491072177887,44000,0.0,0.0
2003-01-15 00:00:00-05:00,0.6578874117691084,0.6769565939903259,0.6578874117691084,0.6769565939903259,600,0.0,0.0
2003-01-16 00:00:00-05:00,0.6292835658659444,0.6674219259101208,0.6292835658659444,0.6531200408935547,16000,0.0,0.0
2003-01-17 00:00:00-05:00,0.6531199934074601,0.6912584075093637,0.6531199934074601,0.6674218773841858,11600,0.0,0.0
2003-01-21 00:00:00-05:00,0.6721893015341828,0.6817238926887512,0.6292836413386247,0.6817238926887512,11200,0.0,0.0
2003-01-22 00:00:00-05:00,0.6340508147718258,0.6674218773841858,0.6340508147718258,0.6674218773841858,29400,0.0,0.0
2003-01-23 00:00:00-05:00,0.6483526825904846,0.6483526825904846,0.6483526825904846,0.6483526825904846,8800,0.0,0.0
2003-01-24 00:00:00-05:00,0.6435853880503852,0.6483526825904846,0.6435853880503852,0.6483526825904846,4000,0.0,0.0
2003-01-27 00:00:00-05:00,0.6483528206584996,0.6769565939903259,0.6483528206584996,0.6769565939903259,10400,0.0,0.0
2003-01-28 00:00:00-05:00,0.6578875658510417,0.6578875658510417,0.6292837858200073,0.6292837858200073,18000,0.0,0.0
2003-01-29 00:00:00-05:00,0.6197489500045776,0.6197489500045776,0.5720759975662578,0.6197489500045776,5600,0.0,0.0
2003-01-30 00:00:00-05:00,0.6197489500045776,0.6197489500045776,0.6197489500045776,0.6197489500045776,0,0.0,0.0
2003-01-31 00:00:00-05:00,0.619748873964465,0.6674218773841858,0.619748873964465,0.6674218773841858,10000,0.0,0.0
2003-02-03 00:00:00-05:00,0.6674218773841858,0.6674218773841858,0.6435854040896429,0.6674218773841858,10400,0.0,0.0
2003-02-04 00:00:00-05:00,0.6578873687858755,0.6578873687858755,0.6197489500045776,0.6197489500045776,4200,0.0,0.0
2003-02-05 00:00:00-05:00,0.6626546640297075,0.6626546640297075,0.6197489500045776,0.6197489500045776,9400,0.0,0.0
2003-02-06 00:00:00-05:00,0.6197491180071779,0.6197491180071779,0.5959126353263855,0.5959126353263855,23200,0.0,0.0
2003-02-07 00:00:00-05:00,0.5959124737854178,0.6197489500045776,0.5959124737854178,0.6197489500045776,17200,0.0,0.0
2003-02-10 00:00:00-05:00,0.6197489393959842,0.6197489393959842,0.6054470539093018,0.6054470539093018,7000,0.0,0.0
2003-02-11 00:00:00-05:00,0.5863777995109558,0.5863777995109558,0.5863777995109558,0.5863777995109558,4400,0.0,0.0
2003-02-12 00:00:00-05:00,0.5863777867934138,0.5863777867934138,0.5005663728657453,0.5720759034156799,23600,0.0,0.0
2003-02-13 00:00:00-05:00,0.5720759034156799,0.619748848008126,0.5720759034156799,0.5720759034156799,20800,0.0,0.0
2003-02-14 00:00:00-05:00,0.5720759034156799,0.5720759034156799,0.5720759034156799,0.5720759034156799,7400,0.0,0.0
2003-02-18 00:00:00-05:00,0.619748848008126,0.619748848008126,0.5720759034156799,0.5720759034156799,17000,0.0,0.0
2003-02-19 00:00:00-05:00,0.6149815535488814,0.619748848008126,0.5482393742888242,0.5720759034156799,27000,0.0,0.0
2003-02-20 00:00:00-05:00,0.6674218773841858,0.6674218773841858,0.6674218773841858,0.6674218773841858,2200,0.0,0.0
2003-02-21 00:00:00-05:00,0.6435855031013489,0.6435855031013489,0.6435855031013489,0.6435855031013489,2000,0.0,0.0
2003-02-24 00:00:00-05:00,0.6197489628460184,0.6340509057044983,0.610214372160794,0.6340509057044983,12200,0.0,0.0
2003-02-25 00:00:00-05:00,0.6435856575186278,0.6435856575186278,0.5959126353263855,0.5959126353263855,14200,0.0,0.0
2003-02-26 00:00:00-05:00,0.600679874420166,0.600679874420166,0.600679874420166,0.600679874420166,200,0.0,0.0
2003-02-27 00:00:00-05:00,0.6292836103618861,0.6340509057044983,0.6292836103618861,0.6340509057044983,3800,0.0,0.0
2003-02-28 00:00:00-05:00,0.619748978652384,0.6578873991966248,0.619748978652384,0.6578873991966248,24800,0.0,0.0
2003-03-03 00:00:00-05:00,0.6292836264114277,0.6626546946608243,0.5959125013313864,0.6578873991966248,9200,0.0,0.0
2003-03-04 00:00:00-05:00,0.6578873991966248,0.6578873991966248,0.6578873991966248,0.6578873991966248,0,0.0,0.0
2003-03-05 00:00:00-05:00,0.6292836169243652,0.6435855031013489,0.6292836169243652,0.6435855031013489,7400,0.0,0.0
2003-03-06 00:00:00-05:00,0.5959126522864747,0.6435856758355245,0.5959126522864747,0.6292837858200073,18800,0.0,0.0
2003-03-07 00:00:00-05:00,0.6292836169243652,0.6435855031013489,0.6197489693090655,0.6435855031013489,5200,0.0,0.0
2003-03-10 00:00:00-05:00,0.6483527984936768,0.6483527984936768,0.6435855031013489,0.6435855031013489,400,0.0,0.0
2003-03-11 00:00:00-05:00,0.6292835973228836,0.6292835973228836,0.6197489500045776,0.6197489500045776,21000,0.0,0.0
2003-03-12 00:00:00-05:00,0.6197489500045776,0.6197489500045776,0.6197489500045776,0.6197489500045776,0,0.0,0.0
2003-03-13 00:00:00-05:00,0.6197488219155021,0.6197488219155021,0.6102142333984375,0.6102142333984375,15200,0.0,0.0
2003-03-14 00:00:00-05:00,0.6054470922597854,0.6578873991966248,0.6054470922597854,0.6578873991966248,20400,0.0,0.0
2003-03-17 00:00:00-05:00,0.6435855031013489,0.6435855031013489,0.6435855031013489,0.6435855031013489,5800,0.0,0.0
2003-03-18 00:00:00-05:00,0.6435855031013489,0.6435855031013489,0.6435855031013489,0.6435855031013489,0,0.0,0.0
2003-03-19 00:00:00-05:00,0.6531200162981982,0.7866043850873069,0.6483527214722041,0.7627679109573364,180200,0.0,0.0
2003-03-20 00:00:00-05:00,0.7627680510338255,0.7627680510338255,0.6912585586811085,0.7055604457855225,29600,0.0,0.0
2003-03-21 00:00:00-05:00,0.7007930874824524,0.7007930874824524,0.7007930874824524,0.7007930874824524,49000,0.0,0.0
2003-03-24 00:00:00-05:00,0.715094948510463,0.7484660711130998,0.6435854650255448,0.6721892356872559,75600,0.0,0.0
2003-03-25 00:00:00-05:00,0.6483526838470606,0.7150948643684387,0.6483526838470606,0.7150948643684387,10800,0.0,0.0
2003-03-26 00:00:00-05:00,0.7150948808039066,0.7150948808039066,0.6674218773841858,0.6674218773841858,28400,0.0,0.0
2003-03-27 00:00:00-05:00,0.619748873964465,0.6912584075093637,0.619748873964465,0.6674218773841858,38400,0.0,0.0
2003-03-28 00:00:00-05:00,0.6674219405769707,0.715094948510463,0.64835276013583,0.6721892356872559,29800,0.0,0.0
2003-03-31 00:00:00-05:00,0.6674220233431045,0.7055604457855225,0.6674220233431045,0.7055604457855225,11800,0.0,0.0
2003-04-01 00:00:00-05:00,0.6912584075093637,0.6912584075093637,0.6674218773841858,0.6674218773841858,600,0.0,0.0
2003-04-02 00:00:00-05:00,0.7150948429076477,0.7150948429076477,0.6197488411210418,0.6912583708763123,3800,0.0,0.0
2003-04-03 00:00:00-05:00,0.6674219333490626,0.6674219333490626,0.643585458055776,0.6626546382904053,26800,0.0,0.0
2003-04-04 00:00:00-05:00,0.6626546382904053,0.6626546382904053,0.6626546382904053,0.6626546382904053,2600,0.0,0.0
2003-04-07 00:00:00-04:00,0.6626546382904053,0.6626546382904053,0.6626546382904053,0.6626546382904053,430000,0.0,0.0
2003-04-08 00:00:00-04:00,0.6912583708763123,0.6960256652825794,0.6674218420143447,0.6912583708763123,65400,0.0,0.0
2003-04-09 00:00:00-04:00,0.6912583708763123,0.6912583708763123,0.6864910764700451,0.6912583708763123,28400,0.0,0.0
2003-04-10 00:00:00-04:00,0.6817237613609115,0.6817237613609115,0.5959124006699221,0.6674218773841858,47200,0.0,0.0
2003-04-11 00:00:00-04:00,0.6435853699830093,0.7198621373139148,0.6435853699830093,0.6912583708763123,181800,0.0,0.0
2003-04-14 00:00:00-04:00,0.6912583916217443,0.7150948643684387,0.6912583916217443,0.7150948643684387,23400,0.0,0.0
2003-04-15 00:00:00-04:00,0.6960257773378089,0.8342774510383606,0.6960257773378089,0.8342774510383606,193200,0.0,0.0
2003-04-16 00:00:00-04:00,0.8104409355204587,0.8819504164591725,0.8104409355204587,0.8581138849258423,178000,0.0,0.0
2003-04-17 00:00:00-04:00,0.8342774089185752,0.9248561263084412,0.8342774089185752,0.9248561263084412,379400,0.0,0.0
2003-04-21 00:00:00-04:00,0.9296234454242271,0.9296234454242271,0.8581139059064867,0.8819504380226135,22600,0.0,0.0
2003-04-22 00:00:00-04:00,0.8581139059064867,0.8819504380226135,0.8581139059064867,0.8819504380226135,39400,0.0,0.0
2003-04-23 00:00:00-04:00,0.853346662027726,0.8724159002304077,0.853346662027726,0.8724159002304077,55600,0.0,0.0
2003-04-24 00:00:00-04:00,0.8438120449305802,0.8581139305119633,0.8390447497367859,0.8390447497367859,18800,0.0,0.0
2003-04-25 00:00:00-04:00,0.8390447088177669,0.8676485354162065,0.8390447088177669,0.8628811836242676,59800,0.0,0.0
2003-04-28 00:00:00-04:00,0.8771830369841509,0.9057868038708244,0.8771830369841509,0.8962522149085999,82000,0.0,0.0
2003-04-29 00:00:00-04:00,0.9057868038708244,0.9057868038708244,0.8914849204274876,0.8962522149085999,45800,0.0,0.0
2003-04-30 00:00:00-04:00,0.9057869170277364,0.9057869170277364,0.8628812045070268,0.8867177367210388,75800,0.0,0.0
2003-05-01 00:00:00-04:00,0.881950466974609,0.881950466974609,0.8438120484352112,0.8438120484352112,27800,0.0,0.0
2003-05-02 00:00:00-04:00,0.8485792950447656,0.8819504164591725,0.8485792950447656,0.8581138849258423,8200,0.0,0.0
2003-05-05 00:00:00-04:00,0.8581139129165296,0.9153215108996743,0.8581139129165296,0.8914850354194641,175400,0.0,0.0
2003-05-06 00:00:00-04:00,0.9057868951066076,0.9057868951066076,0.8581138886629675,0.8628811836242676,33600,0.0,0.0
2003-05-07 00:00:00-04:00,0.8628810967101811,0.8962522149085999,0.786604328181752,0.8962522149085999,27400,0.0,0.0
2003-05-08 00:00:00-04:00,0.9057868038708244,0.9057868038708244,0.8962522149085999,0.8962522149085999,10800,0.0,0.0
2003-05-09 00:00:00-04:00,0.9153215184038384,1.0392713624090413,0.905786928133586,0.9772964119911194,171600,0.0,0.0
2003-05-12 00:00:00-04:00,1.0583405387219673,1.0726424240702166,0.9534599325068591,1.0440386533737183,146000,0.0,0.0
2003-05-13 00:00:00-04:00,1.0249693599103213,1.058340422043867,1.0059000678870267,1.048805832862854,53800,0.0,0.0
2003-05-14 00:00:00-04:00,1.0535730169598785,1.058340311050415,1.0249692524166596,1.058340311050415,7800,0.0,0.0
2003-05-15 00:00:00-04:00,1.0583405667494563,1.0964789286881194,1.0535732715071233,1.0821770429611206,161200,0.0,0.0
2003-05-16 00:00:00-04:00,1.101246266214147,1.1679885158307415,1.0726424936618728,1.1346174478530884,272000,0.0,0.0
2003-05-19 00:00:00-04:00,1.158453857637674,1.2061268091201782,1.1441519721929225,1.2061268091201782,108000,0.0,0.0
2003-05-20 00:00:00-04:00,1.2394977288330336,1.4063532666467713,1.2394977288330336,1.3110072612762451,395200,0.0,0.0
2003-05-21 00:00:00-04:00,1.3443784418312859,1.396818800553307,1.2204286580264336,1.3062400817871094,248200,0.0,0.0
2003-05-22 00:00:00-04:00,1.358680151827274,1.3825167374456147,1.3110072079131205,1.3777494430541992,67600,0.0,0.0
2003-05-23 00:00:00-04:00,1.3634476518156524,1.3634476518156524,1.3396111762642267,1.3443784713745117,43200,0.0,0.0
2003-05-27 00:00:00-04:00,1.3825170277105434,1.401586209279855,1.2871710062026978,1.2871710062026978,65600,0.0,0.0
2003-05-28 00:00:00-04:00,1.2633343858065635,1.3110073343172255,1.220428618485693,1.2537997961044312,112600,0.0,0.0
2003-05-29 00:00:00-04:00,1.2394979223995413,1.2871709893603152,1.2347306270695926,1.2633345127105713,44600,0.0,0.0
2003-05-30 00:00:00-04:00,1.244265234010459,1.2871710062026978,1.19659228008718,1.2871710062026978,80200,0.0,0.0
2003-06-02 00:00:00-04:00,1.3110074056025156,1.3586803567053674,1.2871709300510896,1.3443784713745117,73000,0.0,0.0
2003-06-03 00:00:00-04:00,1.3586801968355267,1.5016992606382285,1.3586801968355267,1.4301897287368774,815600,0.0,0.0
2003-06-04 00:00:00-04:00,1.4683281628401568,1.5255358141211008,1.4683281628401568,1.5160012245178223,209200,0.0,0.0
2003-06-05 00:00:00-04:00,1.5160012087321157,1.5255357982361128,1.4873973265588512,1.496932029724121,79400,0.0,0.0
2003-06-06 00:00:00-04:00,1.5160012803366527,1.5970452949485416,1.492164805450803,1.5875107049942017,159600,0.0,0.0
2003-06-09 00:00:00-04:00,1.6351839001652404,1.9069199630788105,1.6304166048039948,1.754366397857666,251800,0.0,0.0
2003-06-10 00:00:00-04:00,1.821108202158235,1.9307562028747534,1.7686679627089377,1.9212216138839722,615200,0.0,0.0
2003-06-11 00:00:00-04:00,1.930756099895417,2.622014333164259,1.930756099895417,2.4313223361968994,2184000,0.0,0.0
2003-06-12 00:00:00-04:00,2.498064697598031,2.622014587198604,2.0976117152233917,2.150052070617676,1574400,0.0,0.0
2003-06-13 00:00:00-04:00,2.097612128422739,2.097612128422739,1.7591337968504916,1.906920075416565,911200,0.0,0.0
2003-06-16 00:00:00-04:00,2.0404041766536327,2.0404041766536327,1.8211082795610936,1.8830832242965698,315000,0.0,0.0
2003-06-17 00:00:00-04:00,1.8830834524467044,1.897385338273536,1.840177681304925,1.868781566619873,148800,0.0,0.0
2003-06-18 00:00:00-04:00,1.849712527711489,1.906920075416565,1.716228022410391,1.906920075416565,611200,0.0,0.0
2003-06-19 00:00:00-04:00,1.9784299009399033,2.1881911659075737,1.9545933057280196,2.1691219806671143,917400,0.0,0.0
2003-06-20 00:00:00-04:00,2.21679495501099,2.383650440372544,2.0022662789838885,2.2024929523468018,1131000,0.0,0.0
2003-06-23 00:00:00-04:00,2.2024926280799937,2.26446758496271,2.0547063498137694,2.0690083503723145,336600,0.0,0.0
2003-06-24 00:00:00-04:00,2.0594735053554785,2.1214482272795734,2.0356369164690546,2.05470609664917,287200,0.0,0.0
2003-06-25 00:00:00-04:00,2.073775307737906,2.1214482588987367,2.0499389458187722,2.0880773067474365,140000,0.0,0.0
2003-06-26 00:00:00-04:00,2.1214480750771263,2.2024921986894173,2.0594733575993827,2.150052070617676,204800,0.0,0.0
2003-06-27 00:00:00-04:00,2.216794432964005,2.2406307953607816,2.135750300705316,2.14528489112854,108000,0.0,0.0
2003-06-30 00:00:00-04:00,2.0737751280471146,2.2024921986894173,2.069007947005385,2.150052070617676,188000,0.0,0.0
2003-07-01 00:00:00-04:00,2.169121078275402,2.264466964812167,2.169121078275402,2.231095790863037,261000,0.0,0.0
2003-07-02 00:00:00-04:00,2.2406306033058243,2.2406306033058243,2.1548192968520965,2.212026834487915,256000,0.0,0.0
2003-07-03 00:00:00-04:00,2.2406310948152326,2.2406310948152326,2.1738889529327516,2.216794729232788,41800,0.0,0.0
2003-07-07 00:00:00-04:00,2.169121650170994,2.1929580144284535,1.9784295994983927,2.0451717376708984,363600,0.0,0.0
2003-07-08 00:00:00-04:00,2.0117998614762707,2.07854220396595,2.0070326811970114,2.049938440322876,223800,0.0,0.0
2003-07-09 00:00:00-04:00,2.0499394254529366,2.1214487552642822,2.0070336457080367,2.1214487552642822,207400,0.0,0.0
2003-07-10 00:00:00-04:00,2.135750300705316,2.3121403371962463,2.135750300705316,2.14528489112854,489200,0.0,0.0
2003-07-11 00:00:00-04:00,2.1834230439024123,2.216794220851887,2.169121273297313,2.1786558628082275,118200,0.0,0.0
2003-07-14 00:00:00-04:00,2.1834232218514362,2.1834232218514362,2.059473548107643,2.1119136810302734,156200,0.0,0.0
2003-07-15 00:00:00-04:00,2.097611925252797,2.159586876258503,2.078542744531436,2.126215696334839,191000,0.0,0.0
2003-07-16 00:00:00-04:00,2.1262154332687473,2.1357500224497605,2.078542487363682,2.097611665725708,109200,0.0,0.0
2003-07-17 00:00:00-04:00,2.1309833477273026,2.1405179401903234,2.097612387768039,2.1214487552642822,66000,0.0,0.0
2003-07-18 00:00:00-04:00,2.12144780253011,2.140516978892256,2.0976114457386843,2.11668062210083,127800,0.0,0.0
2003-07-21 00:00:00-04:00,2.102378626167964,2.11668062210083,2.054705685262599,2.11668062210083,153200,0.0,0.0
2003-07-22 00:00:00-04:00,2.116680844087734,2.121448025016972,2.0737750791119067,2.097611665725708,69000,0.0,0.0
2003-07-23 00:00:00-04:00,2.092844488202238,2.1214482588987367,2.0880773067474365,2.0880773067474365,149600,0.0,0.0
2003-07-24 00:00:00-04:00,2.0976114457386843,2.12144780253011,2.092844037986891,2.11668062210083,132000,0.0,0.0
2003-07-25 00:00:00-04:00,2.1119133034254425,2.2167940051634236,2.097611534211869,2.2072594165802,201200,0.0,0.0
2003-07-28 00:00:00-04:00,2.1834228561145985,2.2406303882598877,2.173888267423717,2.2406303882598877,81800,0.0,0.0
2003-07-29 00:00:00-04:00,2.2406303882598877,2.2406303882598877,2.173888267423717,2.2406303882598877,67600,0.0,0.0
2003-07-30 00:00:00-04:00,2.2215621376839723,2.2501659156897285,2.197725769673819,2.2024929523468018,94800,0.0,0.0
2003-07-31 00:00:00-04:00,2.21679495501099,2.245398733016746,2.197725769673819,2.2024929523468018,78600,0.0,0.0
2003-08-01 00:00:00-04:00,2.202493156379867,2.2167951603689544,2.1262164079651105,2.130983591079712,51600,0.0,0.0
2003-08-04 00:00:00-04:00,2.1309826141979853,2.1738883791738126,2.097611665725708,2.097611665725708,75800,0.0,0.0
2003-08-05 00:00:00-04:00,2.097611665725708,2.1262154332687473,2.064240489930894,2.097611665725708,114400,0.0,0.0
2003-08-06 00:00:00-04:00,2.1214480152290607,2.1214480152290607,2.054705891269903,2.092844247817993,32600,0.0,0.0
2003-08-07 00:00:00-04:00,2.0976118333535005,2.2978384494781494,2.0928444247207447,2.2978384494781494,274000,0.0,0.0
2003-08-08 00:00:00-04:00,2.331209522665214,2.5028323779461243,2.321674932223084,2.4551594257354736,501600,0.0,0.0
2003-08-11 00:00:00-04:00,2.4789954327510704,2.7221277951498952,2.459926254600872,2.598177909851074,332400,0.0,0.0
2003-08-12 00:00:00-04:00,2.6458515569516017,2.698291692605921,2.521901649428501,2.5743420124053955,217600,0.0,0.0
2003-08-13 00:00:00-04:00,2.5505049658397767,2.5981779112407706,2.5219011985991804,2.5934107303619385,410400,0.0,0.0
2003-08-14 00:00:00-04:00,2.574341602104942,2.6887566732852535,2.517134066514786,2.6458511352539062,123800,0.0,0.0
2003-08-15 00:00:00-04:00,2.622014811205031,2.6887569427490234,2.622014811205031,2.6887569427490234,51000,0.0,0.0
2003-08-18 00:00:00-04:00,2.741197224586419,2.9318892508917243,2.66968768630661,2.8746817111968994,745000,0.0,0.0
2003-08-19 00:00:00-04:00,2.860379877015136,2.9557257819866134,2.760266563133801,2.788870334625244,230600,0.0,0.0
2003-08-20 00:00:00-04:00,2.78886984187532,2.78886984187532,2.574341479932037,2.765033483505249,284400,0.0,0.0
2003-08-21 00:00:00-04:00,2.8127071917391473,2.86038014875386,2.7411976425557825,2.82224178314209,193600,0.0,0.0
2003-08-22 00:00:00-04:00,2.817473685900884,2.817473685900884,2.5743415508245944,2.598177909851074,220400,0.0,0.0
2003-08-25 00:00:00-04:00,2.693524096492556,2.693524096492556,2.626781971267836,2.669687509536743,86200,0.0,0.0
2003-08-26 00:00:00-04:00,2.6696872800169102,2.6792218685150146,2.6315489260244935,2.6792218685150146,103000,0.0,0.0
2003-08-27 00:00:00-04:00,2.6935239369092194,2.7793352356855077,2.6839893481562984,2.745964288711548,129800,0.0,0.0
2003-08-28 00:00:00-04:00,2.7650342109130186,2.7936379848755215,2.7173610269862585,2.7841033935546875,93600,0.0,0.0
2003-08-29 00:00:00-04:00,2.827008965182266,2.855612739391094,2.7888705995704957,2.82224178314209,91200,0.0,0.0
2003-09-02 00:00:00-04:00,2.7650337600769377,2.8603796577392244,2.707825994157014,2.812706708908081,73800,0.0,0.0
2003-09-03 00:00:00-04:00,2.812706924529398,2.860379877015136,2.7459647910493636,2.788870334625244,134000,0.0,0.0
2003-09-04 00:00:00-04:00,2.7411968978126495,2.769800664250252,2.6935239537499784,2.765033483505249,108000,0.0,0.0
2003-09-05 00:00:00-04:00,2.750731988236809,2.850845302685914,2.722128216583146,2.8031723499298096,144400,0.0,0.0
2003-09-08 00:00:00-04:00,2.812706708908081,2.8174738901299197,2.717360583923243,2.812706708908081,117600,0.0,0.0
2003-09-09 00:00:00-04:00,2.831776350158859,2.8508455328005278,2.7841033935546875,2.7841033935546875,648400,0.0,0.0
2003-09-10 00:00:00-04:00,2.7841026684713372,2.860379379172734,2.7745680796336623,2.7793352603912354,523400,0.0,0.0
2003-09-11 00:00:00-04:00,2.8365427859379913,2.8460773747505255,2.765033483505249,2.765033483505249,211600,0.0,0.0
2003-09-12 00:00:00-04:00,2.803171838755386,2.81270642756792,2.7459643058801806,2.765033483505249,104400,0.0,0.0
2003-09-15 00:00:00-04:00,2.7411975711481498,2.807939709230129,2.7173609796004365,2.726895570755005,72000,0.0,0.0
2003-09-16 00:00:00-04:00,2.7411975711481498,2.7411975711481498,2.7221283888390126,2.726895570755005,140000,0.0,0.0
2003-09-17 00:00:00-04:00,2.7268953393876836,2.741197338567355,2.7173607490420912,2.7364299297332764,76200,0.0,0.0
2003-09-18 00:00:00-04:00,2.741196870803833,2.7507314595224237,2.7364294627832746,2.741196870803833,244200,0.0,0.0
2003-09-19 00:00:00-04:00,2.7364301619095732,2.7411975711481498,2.7221283888390126,2.726895570755005,111800,0.0,0.0
2003-09-22 00:00:00-04:00,2.722127693366652,2.741196870803833,2.6935239272108804,2.741196870803833,99000,0.0,0.0
2003-09-23 00:00:00-04:00,2.731663516914118,2.8365440402291013,2.731663516914118,2.8317768573760986,176000,0.0,0.0
2003-09-24 00:00:00-04:00,2.8603796577392244,2.8603796577392244,2.7888701208312336,2.812706708908081,316200,0.0,0.0
2003-09-25 00:00:00-04:00,2.812706409981994,2.812706409981994,2.726894883883179,2.745964288711548,146400,0.0,0.0
2003-09-26 00:00:00-04:00,2.7411976189496388,2.7984051668746446,2.7173610269862585,2.7841033935546875,153800,0.0,0.0
2003-09-29 00:00:00-04:00,2.812706924529398,2.812706924529398,2.765033972043659,2.788870334625244,54200,0.0,0.0
2003-09-30 00:00:00-04:00,2.812706511980366,2.9080524029671437,2.798404514671082,2.860379457473755,181200,0.0,0.0
2003-10-01 00:00:00-04:00,2.8985185178837205,2.8985185178837205,2.836543560028076,2.836543560028076,132800,0.0,0.0
2003-10-02 00:00:00-04:00,2.8603797126119153,2.9080526623576026,2.827008534128656,2.8746817111968994,147400,0.0,0.0
2003-10-03 00:00:00-04:00,2.8746819272395894,2.90805288090824,2.836543337254232,2.8508453369140625,119200,0.0,0.0
2003-10-06 00:00:00-04:00,2.8603796577392244,2.874681656049843,2.7888701208312336,2.812706708908081,150000,0.0,0.0
2003-10-07 00:00:00-04:00,2.765034183959551,2.8127071400990085,2.750732183456421,2.750732183456421,91600,0.0,0.0
2003-10-08 00:00:00-04:00,2.7650339513088,2.817474084988582,2.7411973615833958,2.7602665424346924,66600,0.0,0.0
2003-10-09 00:00:00-04:00,2.798405190973438,2.8365435565852084,2.798405190973438,2.82224178314209,62400,0.0,0.0
2003-10-10 00:00:00-04:00,2.8365431205857248,3.160719633102417,2.8270085306483255,3.160719633102417,588800,0.0,0.0
2003-10-13 00:00:00-04:00,3.1940907216178402,3.441990297976336,3.189323540105355,3.3371098041534424,400600,0.0,0.0
2003-10-14 00:00:00-04:00,3.337110048921998,3.422921368343863,3.3132734576435223,3.346644639968872,508600,0.0,0.0
2003-10-15 00:00:00-04:00,3.3752478766688214,3.4086190536903658,3.2465308043322154,3.2799019813537598,235400,0.0,0.0
2003-10-16 00:00:00-04:00,3.3275749683380127,3.341876966465572,3.2989711994054427,3.3275749683380127,72600,0.0,0.0
2003-10-17 00:00:00-04:00,3.3371098041534424,3.3371098041534424,3.2894368524157636,3.3371098041534424,274200,0.0,0.0
2003-10-20 00:00:00-04:00,3.327575480118623,3.360946662667045,2.50759996263852,2.7078263759613037,629200,0.0,0.0
2003-10-21 00:00:00-04:00,2.7793355293557567,2.860379655980135,2.726895172012473,2.817473888397217,488400,0.0,0.0
2003-10-22 00:00:00-04:00,2.822241442732314,2.822241442732314,2.645851409392185,2.6935243606567383,197000,0.0,0.0
2003-10-23 00:00:00-04:00,2.626782669573186,2.683990220688176,2.579109482988094,2.66015362739563,132800,0.0,0.0
2003-10-24 00:00:00-04:00,2.6553861942722654,2.6935245580792686,2.622015012279848,2.6410841941833496,171400,0.0,0.0
2003-10-27 00:00:00-05:00,2.6458515569516017,2.6553861477362575,2.431322923312983,2.5743420124053955,279200,0.0,0.0
2003-10-28 00:00:00-05:00,2.478995997873337,2.512367180904885,2.264467581117551,2.4074866771698,613600,0.0,0.0
2003-10-29 00:00:00-05:00,2.3836494689329464,2.7650334748912293,2.359812883314606,2.7554988861083984,234800,0.0,0.0
2003-10-30 00:00:00-05:00,2.750731512685688,3.0987443486240607,2.750731512685688,3.0558385848999023,348400,0.0,0.0
2003-10-31 00:00:00-05:00,3.0987446308135986,3.1225812189027238,3.04153709218676,3.0987446308135986,198400,0.0,0.0
2003-11-03 00:00:00-05:00,3.17025362209772,3.17025362209772,2.9986308084341897,3.0463037490844727,106000,0.0,0.0
2003-11-04 00:00:00-05:00,3.0320029952189684,3.1607200917115263,3.027235585897257,3.1321163177490234,88800,0.0,0.0
2003-11-05 00:00:00-05:00,3.122581541694389,3.208392858505249,3.1178141326547206,3.208392858505249,77400,0.0,0.0
2003-11-06 00:00:00-05:00,3.256065432345313,3.3275749683380127,3.1988578944801724,3.3275749683380127,124200,0.0,0.0
2003-11-07 00:00:00-05:00,3.289437258777615,3.29897185030301,3.20839311715046,3.232229709625244,143400,0.0,0.0
2003-11-10 00:00:00-05:00,3.3132732146233206,3.380015574378636,3.3037386242757845,3.3371098041534424,94600,0.0,0.0
2003-11-11 00:00:00-05:00,3.327575410440657,3.3371100013516153,3.2179275013033433,3.2846696376800537,93000,0.0,0.0
2003-11-12 00:00:00-05:00,3.337109534455343,3.337109534455343,3.25606540938982,3.298971176147461,60800,0.0,0.0
2003-11-13 00:00:00-05:00,3.251297984879085,3.303738109965621,3.2036248132403724,3.2894363403320312,117000,0.0,0.0
2003-11-14 00:00:00-05:00,3.298970980579082,3.303738161423688,2.9557253215112116,3.089209794998169,327200,0.0,0.0
2003-11-17 00:00:00-05:00,3.0510721778606373,3.1416509090698574,2.7888705755538106,3.1321163177490234,291200,0.0,0.0
2003-11-18 00:00:00-05:00,3.127348668231051,3.2131599835278153,3.022468171757228,3.13688325881958,76000,0.0,0.0
2003-11-19 00:00:00-05:00,3.122581635378807,3.1464179993245693,2.936656769059921,3.003399133682251,86200,0.0,0.0
2003-11-20 00:00:00-05:00,2.9795627306408963,2.9795627306408963,2.931889772415161,2.931889772415161,92000,0.0,0.0
2003-11-21 00:00:00-05:00,2.9032853835405072,2.9032853835405072,2.717360544792584,2.769800901412964,400000,0.0,0.0
2003-11-24 00:00:00-05:00,2.717360414261748,2.755498998267988,2.6029453442106387,2.6220145225524902,274200,0.0,0.0
2003-11-25 00:00:00-05:00,2.622014887263875,2.88421646691929,2.622014887263875,2.788870334625244,649800,0.0,0.0
2003-11-26 00:00:00-05:00,2.7936376237426375,2.9414238837725684,2.7936376237426375,2.9366564750671387,277800,0.0,0.0
2003-11-28 00:00:00-05:00,2.9366568835417817,2.9366568835417817,2.836543560028076,2.836543560028076,29600,0.0,0.0
2003-12-01 00:00:00-05:00,2.8603802214152605,2.974795321157025,2.8603802214152605,2.931889772415161,153600,0.0,0.0
2003-12-02 00:00:00-05:00,2.884216631985695,3.0463046797136557,2.8603800407173505,3.003399133682251,231800,0.0,0.0
2003-12-03 00:00:00-05:00,3.0033986489522393,3.0606061859762232,2.989096651034971,2.993864059448242,96200,0.0,0.0
2003-12-04 00:00:00-05:00,3.0033986879216568,3.0463042275850762,2.970027510563399,3.041537046432495,24000,0.0,0.0
2003-12-05 00:00:00-05:00,2.993864319064969,3.0272352715614916,2.993864319064969,3.022468090057373,105200,0.0,0.0
2003-12-08 00:00:00-05:00,3.0033986802258097,3.074907988589124,2.993864090622531,3.0320024490356445,206200,0.0,0.0
2003-12-09 00:00:00-05:00,3.0320024490356445,3.06060621784548,3.0033986802258097,3.0320024490356445,52600,0.0,0.0
2003-12-10 00:00:00-05:00,3.0272350153821046,3.0653733734778563,3.0033986552335326,3.0081658363342285,108800,0.0,0.0
2003-12-11 00:00:00-05:00,3.0081656065169837,3.0177001953125,2.9557252544803805,3.0177001953125,133200,0.0,0.0
2003-12-12 00:00:00-05:00,2.993864105917417,3.0510716438293457,2.993864105917417,3.0510716438293457,90400,0.0,0.0
2003-12-15 00:00:00-05:00,3.1130467557029395,3.1321159360205404,2.917587316463688,2.9652602672576904,88600,0.0,0.0
2003-12-16 00:00:00-05:00,3.003399133682251,3.003399133682251,2.970027951371086,3.003399133682251,114600,0.0,0.0
2003-12-17 00:00:00-05:00,3.0177010593199647,3.308506441828405,3.0033992856931686,3.232229709625244,354400,0.0,0.0
2003-12-18 00:00:00-05:00,3.2560660516335673,3.303739008921687,3.170254728514952,3.213160276412964,232000,0.0,0.0
2003-12-19 00:00:00-05:00,3.194090708045884,3.332342381158993,3.1082793952826813,3.318040609359741,191400,0.0,0.0
2003-12-22 00:00:00-05:00,3.4324556519947405,4.772067051707453,3.4324556519947405,4.7625322341918945,1837200,0.0,0.0
2003-12-23 00:00:00-05:00,4.648116603161628,5.291702160842035,4.33824234480888,5.172519683837891,1137200,0.0,0.0
2003-12-24 00:00:00-05:00,5.291703463475542,6.1021444156771105,5.172520957132807,5.673087120056152,866600,0.0,0.0
2003-12-26 00:00:00-05:00,5.839941801217583,5.8733127517381085,5.4823943440001806,5.625413417816162,306200,0.0,0.0
2003-12-29 00:00:00-05:00,5.6254145016976285,5.763666193606981,4.957992180175258,5.091476917266846,563800,0.0,0.0
2003-12-30 00:00:00-05:00,4.957991224889948,5.720759315478449,4.557538454708343,5.625413417816162,850800,0.0,0.0
2003-12-31 00:00:00-05:00,5.625413849058796,5.630181257968654,5.320306498504932,5.577740669250488,207800,0.0,0.0
2004-01-02 00:00:00-05:00,5.572972526930016,5.5777399352124775,5.129614013497935,5.296469211578369,307400,0.0,0.0
2004-01-05 00:00:00-05:00,5.291701960007439,5.530066904969124,5.253563605185174,5.46809196472168,212800,0.0,0.0
2004-01-06 00:00:00-05:00,5.348910266467126,5.863778585737211,5.315538860183521,5.8494768142700195,516000,0.0,0.0
2004-01-07 00:00:00-05:00,5.863777383047588,6.092607498168945,5.7779658625545665,6.092607498168945,358200,0.0,0.0
2004-01-08 00:00:00-05:00,6.054470889759102,6.06877266241284,5.7684331634585675,5.87808084487915,212800,0.0,0.0
2004-01-09 00:00:00-05:00,5.839940968735337,5.9591234374850375,5.6254126159148825,5.792267799377441,128600,0.0,0.0
2004-01-12 00:00:00-05:00,5.911451859767912,5.963892451110078,5.839942541122436,5.95912504196167,189800,0.0,0.0
2004-01-13 00:00:00-05:00,5.982961915740141,6.435855349398399,5.982961915740141,6.364346027374268,457600,0.0,0.0
2004-01-14 00:00:00-05:00,6.507363800179079,7.270131921323531,6.3166719972155265,7.103276252746582,846800,0.0,0.0
2004-01-15 00:00:00-05:00,7.150949405322856,7.375012613990272,7.007930326287375,7.055603504180908,655200,0.0,0.0
2004-01-16 00:00:00-05:00,6.864911970296777,6.864911970296777,6.5407358722704005,6.769566059112549,410000,0.0,0.0
2004-01-20 00:00:00-05:00,7.150949594697771,7.293968677520752,7.031767101452807,7.293968677520752,625000,0.0,0.0
2004-01-21 00:00:00-05:00,7.532333712257604,7.546635484237971,7.3225722682016094,7.365478038787842,685400,0.0,0.0
2004-01-22 00:00:00-05:00,7.436987289723206,7.436987289723206,7.236760677370612,7.313037395477295,155000,0.0,0.0
2004-01-23 00:00:00-05:00,7.284433449867138,7.432219933217399,7.270131678783276,7.384546756744385,236600,0.0,0.0
2004-01-26 00:00:00-05:00,7.460824266592793,9.77296493247556,7.460824266592793,9.09600830078125,1355400,0.0,0.0
2004-01-27 00:00:00-05:00,8.938686197343348,9.29623364523708,8.247427434366056,8.762295722961426,966400,0.0,0.0
2004-01-28 00:00:00-05:00,8.809969772397018,9.010196399464691,8.371378156405465,8.624045372009277,267800,0.0,0.0
2004-01-29 00:00:00-05:00,8.676487465441626,8.757531612104085,7.675354156461372,7.970926284790039,622400,0.0,0.0
2004-01-30 00:00:00-05:00,7.866044614192166,7.866044614192166,7.0556037448710915,7.370245456695557,791600,0.0,0.0
2004-02-02 00:00:00-05:00,7.379779643220536,7.503729543289955,7.0317669868469235,7.150949478149414,458600,0.0,0.0
2004-02-03 00:00:00-05:00,7.1509473590288515,7.947086201372329,7.12711077690309,7.846972465515137,263400,0.0,0.0
2004-02-04 00:00:00-05:00,7.937553341951041,8.104409003288552,7.656282603799576,7.837440490722656,188600,0.0,0.0
2004-02-05 00:00:00-05:00,7.837440188967316,8.67648496258848,7.818370555587438,8.604974746704102,562800,0.0,0.0
2004-02-06 00:00:00-05:00,8.533463279998253,8.571601627813724,8.104406639751737,8.347538948059082,216000,0.0,0.0
2004-02-09 00:00:00-05:00,8.485790943077234,8.485790943077234,8.156848002165638,8.199753761291504,94200,0.0,0.0
2004-02-10 00:00:00-05:00,8.104408341456505,8.185452461242676,7.627678439017887,8.185452461242676,234400,0.0,0.0
2004-02-11 00:00:00-05:00,8.190219955593655,8.533465161618077,8.190219955593655,8.27126407623291,262400,0.0,0.0
2004-02-12 00:00:00-05:00,8.295102162420857,8.47626007914219,8.247428978584173,8.318939208984375,303800,0.0,0.0
2004-02-13 00:00:00-05:00,8.247430658171446,8.328474814411328,7.818373734844647,7.880349159240723,241600,0.0,0.0
2004-02-17 00:00:00-05:00,7.880347319004036,8.314171551306796,7.880347319004036,8.01383113861084,172600,0.0,0.0
2004-02-18 00:00:00-05:00,7.966158112509113,8.318939123710148,7.96139161253562,8.247428894042969,158600,0.0,0.0
2004-02-19 00:00:00-05:00,8.328471899884033,8.519164607332886,8.047201156616211,8.047201156616211,205800,0.0,0.0
2004-02-20 00:00:00-05:00,8.104409180735239,8.175918491648387,8.018597643923371,8.085339546203613,73200,0.0,0.0
2004-02-23 00:00:00-05:00,8.104408688015408,8.104408688015408,7.360709808365452,7.508496284484863,358800,0.0,0.0
2004-02-24 00:00:00-05:00,7.3893145484521,7.42268550092641,7.150949563018162,7.265364646911621,286200,0.0,0.0
2004-02-25 00:00:00-05:00,7.289200816735847,7.503729200346705,7.227225869533581,7.31780481338501,165200,0.0,0.0
2004-02-26 00:00:00-05:00,7.341640782842313,8.042434365963974,7.198622166726562,7.699188232421875,317200,0.0,0.0
2004-02-27 00:00:00-05:00,7.723025532410031,8.104409127641794,7.723025532410031,7.989994049072266,258400,0.0,0.0
2004-03-01 00:00:00-05:00,8.03290074959357,8.271265751603524,7.832674111533593,7.9756927490234375,168200,0.0,0.0
2004-03-02 00:00:00-05:00,7.975689736207251,8.047199027939543,7.780230581136994,7.846972465515137,103800,0.0,0.0
2004-03-03 00:00:00-05:00,7.866044425964355,7.961390782722447,7.7134909825836075,7.746861934661865,125000,0.0,0.0
2004-03-04 00:00:00-05:00,7.818370837873029,7.827905654907227,7.627679043640067,7.827905654907227,139600,0.0,0.0
2004-03-05 00:00:00-05:00,7.827904854675067,8.128244286227565,7.823137446645331,8.009061813354492,136000,0.0,0.0
2004-03-08 00:00:00-05:00,7.989995077293998,8.17591949023457,7.985227668078813,8.128246307373047,206800,0.0,0.0
2004-03-09 00:00:00-05:00,8.128246343085443,8.171152116920291,8.009063840053162,8.123479843139648,175400,0.0,0.0
2004-03-10 00:00:00-05:00,8.104410042718865,8.171151952097764,7.818371859353076,7.913718223571777,100600,0.0,0.0
2004-03-11 00:00:00-05:00,7.770699027439363,7.894648942793497,7.723026752471924,7.723026752471924,243600,0.0,0.0
2004-03-12 00:00:00-05:00,7.761164208952568,7.889880609294567,7.761164208952568,7.818371295928955,89000,0.0,0.0
2004-03-15 00:00:00-05:00,7.866045091493167,8.175919413239379,7.866045091493167,8.01383113861084,140000,0.0,0.0
2004-03-16 00:00:00-05:00,8.03289880341509,8.056734934125034,7.918483739285172,7.942319869995117,66200,0.0,0.0
2004-03-17 00:00:00-05:00,7.9899935428153075,8.50962922670014,7.9899935428153075,8.476258277893066,396200,0.0,0.0
2004-03-18 00:00:00-05:00,8.509632133542269,8.690789164358664,8.347543833147904,8.576374053955078,257400,0.0,0.0
2004-03-19 00:00:00-05:00,8.628810714804075,8.628810714804075,8.438118951182615,8.46672248840332,102000,0.0,0.0
2004-03-22 00:00:00-05:00,8.43811774671026,8.43811774671026,8.128242652106215,8.256959915161133,82200,0.0,0.0
2004-03-23 00:00:00-05:00,8.342771423864411,8.43811774671026,8.161614501605207,8.256959915161133,98000,0.0,0.0
2004-03-24 00:00:00-05:00,8.223591657189175,8.223591657189175,7.970924455739754,8.05673599243164,211400,0.0,0.0
2004-03-25 00:00:00-05:00,8.10440732085472,8.180684022896035,8.056734154756397,8.109174728393555,89000,0.0,0.0
2004-03-26 00:00:00-05:00,8.06626920359049,8.342772483825684,8.06626920359049,8.342772483825684,97600,0.0,0.0
2004-03-29 00:00:00-05:00,8.366613300022433,8.39045035176126,8.10441209592918,8.171154022216797,110400,0.0,0.0
2004-03-30 00:00:00-05:00,8.223591853253417,8.314170800731098,8.223591853253417,8.295101165771484,98400,0.0,0.0
2004-03-31 00:00:00-05:00,8.29986856384571,8.314170790047042,8.209289616484426,8.266497611999512,93000,0.0,0.0
2004-04-01 00:00:00-05:00,8.276033368174474,8.309404323805767,8.128246408535398,8.23312759399414,76800,0.0,0.0
2004-04-02 00:00:00-05:00,8.223592723525535,8.271265906679401,8.08057408335427,8.204523086547852,123400,0.0,0.0
2004-04-05 00:00:00-04:00,8.175919574823954,8.23789498597224,8.128246391469197,8.223592758178711,141200,0.0,0.0
2004-04-06 00:00:00-04:00,8.237893913463296,8.271264864679887,8.047201204870959,8.094874382019043,100000,0.0,0.0
2004-04-07 00:00:00-04:00,8.085339564731381,8.142547559167127,7.999528937013098,8.094874382019043,121600,0.0,0.0
2004-04-08 00:00:00-04:00,8.094872612632713,8.199753761291504,8.056734261108614,8.199753761291504,50200,0.0,0.0
2004-04-12 00:00:00-04:00,8.304634682866471,8.929150581359863,8.242660197532512,8.929150581359863,466400,0.0,0.0
2004-04-13 00:00:00-04:00,8.824270923871094,9.153214823106689,8.056735462084758,8.509629249572754,525600,0.0,0.0
2004-04-14 00:00:00-04:00,8.461956987948362,8.647881385724768,8.24742813721385,8.490560531616211,268800,0.0,0.0
2004-04-15 00:00:00-04:00,8.43811995649979,8.552535028304073,8.41428291490088,8.538232803344727,75400,0.0,0.0
2004-04-16 00:00:00-04:00,8.557305444653625,8.809971809387207,8.557305444653625,8.809971809387207,246800,0.0,0.0
2004-04-19 00:00:00-04:00,8.795665688397014,8.900545923189737,8.638344881562936,8.771828651428223,273200,0.0,0.0
2004-04-20 00:00:00-04:00,8.914849883308655,8.924383790664807,8.519164085388184,8.519164085388184,220400,0.0,0.0
2004-04-21 00:00:00-04:00,8.485792259148527,8.767062986245117,8.22359116541653,8.557302474975586,472600,0.0,0.0
2004-04-22 00:00:00-04:00,8.533464378348318,8.533464378348318,8.34754002247865,8.46672248840332,149800,0.0,0.0
2004-04-23 00:00:00-04:00,8.485794070662338,8.490561480021213,8.352310245775248,8.438121795654297,118800,0.0,0.0
2004-04-26 00:00:00-04:00,8.438119965970015,8.571603761913073,8.347541026372822,8.543000221252441,173600,0.0,0.0
2004-04-27 00:00:00-04:00,8.471490761077574,8.509629117695717,8.29510029341232,8.357075691223145,172400,0.0,0.0
2004-04-28 00:00:00-04:00,8.342774442760525,8.347541851556933,7.703956212685927,7.818371295928955,416200,0.0,0.0
2004-04-29 00:00:00-04:00,7.723025979717872,7.723025979717872,6.5884081269298775,6.740962028503418,1075200,0.0,0.0
2004-04-30 00:00:00-04:00,6.745728905922414,7.594308581411729,6.726659725273504,7.265364646911621,471400,0.0,0.0
2004-05-03 00:00:00-04:00,7.274899624722423,7.498962388618785,7.274899624722423,7.479893207550049,182000,0.0,0.0
2004-05-04 00:00:00-04:00,7.479892121934737,7.580005421676659,7.303502108988509,7.327338695526123,197000,0.0,0.0
2004-05-05 00:00:00-04:00,7.32733908555798,7.32733908555798,7.060370575132259,7.2272257804870605,194200,0.0,0.0
2004-05-06 00:00:00-04:00,7.146181123462624,7.170017709496965,6.993627700274942,7.165250301361084,111600,0.0,0.0
2004-05-07 00:00:00-04:00,7.150948294277849,7.193854056786724,6.912583351135254,6.912583351135254,130600,0.0,0.0
2004-05-10 00:00:00-04:00,6.86491014615738,6.86491014615738,5.5539029654599945,5.897148609161377,907600,0.0,0.0
2004-05-11 00:00:00-04:00,5.9352884935594705,6.054470995256026,5.625414171006489,6.006798267364502,287800,0.0,0.0
2004-05-12 00:00:00-04:00,6.0067979062069945,6.197489715598113,5.820873051066802,6.1736531257629395,264600,0.0,0.0
2004-05-13 00:00:00-04:00,6.1021433639158,6.264231617347727,5.99726264911071,6.197489261627197,149600,0.0,0.0
2004-05-14 00:00:00-04:00,6.197489621282407,6.197489621282407,5.7493636487104585,6.054470539093018,152800,0.0,0.0
2004-05-17 00:00:00-04:00,5.949589925961818,5.949589925961818,5.420419812386267,5.577740669250488,625400,0.0,0.0
2004-05-18 00:00:00-04:00,5.577739414001154,5.601575998540973,5.005663658270657,5.27739953994751,736800,0.0,0.0
2004-05-19 00:00:00-04:00,5.396582805462756,5.8113378010224634,5.396582805462756,5.634947776794434,358400,0.0,0.0
2004-05-20 00:00:00-04:00,5.696923196434933,5.7493637854505035,5.606344699859619,5.606344699859619,117600,0.0,0.0
2004-05-21 00:00:00-04:00,5.553902691915744,5.768431492816156,5.553902691915744,5.615877628326416,172600,0.0,0.0
2004-05-24 00:00:00-04:00,5.720759507129939,5.882847765908506,5.720759507129939,5.8494768142700195,121400,0.0,0.0
2004-05-25 00:00:00-04:00,5.839941629277243,6.53596734368711,5.839941629277243,6.521665573120117,616400,0.0,0.0
2004-05-26 00:00:00-04:00,6.526432589483822,6.740961423272027,6.440621510613634,6.597942352294922,390400,0.0,0.0
2004-05-27 00:00:00-04:00,6.626546859741211,6.6742200418985504,6.559804950295128,6.626546859741211,333200,0.0,0.0
2004-05-28 00:00:00-04:00,6.674219990479689,7.260597671413587,6.273766718307683,7.1938557624816895,492800,0.0,0.0
2004-06-01 00:00:00-04:00,7.1271129123155585,7.2224588147409765,7.0317670098901415,7.17478609085083,347000,0.0,0.0
2004-06-02 00:00:00-04:00,7.15094808381659,7.389313019943809,7.15094808381659,7.189086437225342,165800,0.0,0.0
2004-06-03 00:00:00-04:00,7.184319925862444,7.217691330243032,7.12711238861084,7.12711238861084,235600,0.0,0.0
2004-06-04 00:00:00-04:00,7.174785994269622,7.231993534954791,6.88874783619866,7.055603504180908,189000,0.0,0.0
2004-06-07 00:00:00-04:00,7.0079299056753905,7.150948976126948,6.864910835223833,7.12711238861084,236800,0.0,0.0
2004-06-08 00:00:00-04:00,7.098508406039005,7.241527012954924,7.031766056071863,7.165250301361084,277400,0.0,0.0
2004-06-09 00:00:00-04:00,7.150948614798971,7.293967678023965,7.150948614798971,7.26059627532959,127600,0.0,0.0
2004-06-10 00:00:00-04:00,7.2319929471700135,7.498961448669434,7.2319929471700135,7.498961448669434,416200,0.0,0.0
2004-06-14 00:00:00-04:00,7.627679998627173,7.928019498485379,7.627679998627173,7.8422088623046875,527800,0.0,0.0
2004-06-15 00:00:00-04:00,7.913716500970206,8.133011817932129,7.866043329238012,8.133011817932129,503800,0.0,0.0
2004-06-16 00:00:00-04:00,8.204520604206333,8.604973766674064,8.204520604206333,8.571602821350098,809600,0.0,0.0
2004-06-17 00:00:00-04:00,8.571604246793346,8.614510014856478,7.842208008300529,7.961390495300293,745200,0.0,0.0
2004-06-18 00:00:00-04:00,7.966158162430503,8.371378859492426,7.918485888074093,8.276033401489258,306600,0.0,0.0
2004-06-21 00:00:00-04:00,9.200889486195937,9.24379526290249,8.843341953168265,8.991128921508789,1506800,0.0,0.0
2004-06-22 00:00:00-04:00,9.010196747370882,9.100775701260714,8.79566879463009,9.067404747009277,613000,0.0,0.0
2004-06-23 00:00:00-04:00,9.057867406162808,9.415414803774498,8.919615309293729,9.391578674316406,381600,0.0,0.0
2004-06-24 00:00:00-04:00,9.405881938197155,9.482158659423945,9.24856108700562,9.458322525024414,439600,0.0,0.0
2004-06-25 00:00:00-04:00,9.482159026269525,9.935052871704102,9.382046166770039,9.935052871704102,2576600,0.0,0.0
2004-06-28 00:00:00-04:00,9.844472885131836,10.459454932071361,9.820636752317666,9.844472885131836,836200,0.0,0.0
2004-06-29 00:00:00-04:00,9.772963183716417,10.049466495957274,9.343906445313724,9.386812210083008,470600,0.0,0.0
2004-06-30 00:00:00-04:00,9.320070285180101,9.463089817693824,9.067403990199251,9.329605102539062,502600,0.0,0.0
2004-07-01 00:00:00-04:00,9.41065108911551,9.439254637548329,9.177053473451592,9.215191841125488,347200,0.0,0.0
2004-07-02 00:00:00-04:00,9.21995926959456,9.33437437285015,9.21995926959456,9.277166366577148,147800,0.0,0.0
2004-07-06 00:00:00-04:00,9.315303687126384,9.367743363464784,9.057869076902481,9.21042251586914,251200,0.0,0.0
2004-07-07 00:00:00-04:00,9.215189903845644,9.253328263501835,9.129378367296658,9.177051544189453,330200,0.0,0.0
2004-07-08 00:00:00-04:00,9.17705042252819,9.22472359359415,8.972056423447636,9.010194778442383,282000,0.0,0.0
2004-07-09 00:00:00-04:00,9.105544864081214,9.105544864081214,8.662185736685444,8.809971809387207,336200,0.0,0.0
2004-07-12 00:00:00-04:00,8.747995919637404,8.771832056569169,8.180686949616087,8.204523086547852,580000,0.0,0.0
2004-07-13 00:00:00-04:00,8.204522375837444,8.700321982824871,7.966157390006626,8.495327949523926,337000,0.0,0.0
2004-07-14 00:00:00-04:00,8.557305296023955,8.581141436297484,8.35707862613873,8.533468246459961,110400,0.0,0.0
2004-07-15 00:00:00-04:00,8.509628626967737,8.943452749465417,8.43811932609374,8.83857250213623,136200,0.0,0.0
2004-07-16 00:00:00-04:00,8.819503718130385,8.819503718130385,8.705088643874866,8.719390869140625,81800,0.0,0.0
2004-07-19 00:00:00-04:00,8.724157501438476,9.157981672263055,8.724157501438476,8.87671184539795,328400,0.0,0.0
2004-07-20 00:00:00-04:00,8.91485011266636,8.91485011266636,8.666950329225264,8.7861328125,122200,0.0,0.0
2004-07-21 00:00:00-04:00,8.7956693300062,8.7956693300062,8.442888311128534,8.471492767333984,190600,0.0,0.0
2004-07-22 00:00:00-04:00,8.390448454088654,8.390448454088654,8.00906389614033,8.228360176086426,608600,0.0,0.0
2004-07-23 00:00:00-04:00,8.228357427448021,8.471489763234317,8.199753890676115,8.342772483825684,190200,0.0,0.0
2004-07-26 00:00:00-04:00,8.247425590363951,8.295098754615472,7.770695766428694,7.846972465515137,623400,0.0,0.0
2004-07-27 00:00:00-04:00,7.866046250655753,8.419053065837405,7.866046250655753,8.385682106018066,278800,0.0,0.0
2004-07-28 00:00:00-04:00,8.385678463522245,8.581137636954105,8.24742636513431,8.571602821350098,203200,0.0,0.0
2004-07-29 00:00:00-04:00,8.576373178780926,8.70985791527559,8.366611709800846,8.695555686950684,160200,0.0,0.0
2004-07-30 00:00:00-04:00,8.724159272346366,8.819505643014022,8.724159272346366,8.767065048217773,244800,0.0,0.0
2004-08-02 00:00:00-04:00,8.771830459912625,8.771830459912625,8.628811845773738,8.63357925415039,124000,0.0,0.0
2004-08-03 00:00:00-04:00,8.633580152825743,8.676485923391535,8.514397658874158,8.58113956451416,174000,0.0,0.0
2004-08-04 00:00:00-04:00,8.533466349056926,8.643114024799914,8.471491852551406,8.5620698928833,440400,0.0,0.0
2004-08-05 00:00:00-04:00,8.56683687045359,8.56683687045359,7.985226659049397,7.999528884887695,528000,0.0,0.0
2004-08-06 00:00:00-04:00,7.999529143567633,8.004296552334562,7.732559708361077,7.746861934661865,274200,0.0,0.0
2004-08-09 00:00:00-04:00,7.723025828630871,7.804069959387389,7.522798751486716,7.785000324249268,296800,0.0,0.0
2004-08-10 00:00:00-04:00,7.818371005851564,8.247427779416608,7.818371005851564,8.028132438659668,393200,0.0,0.0
2004-08-11 00:00:00-04:00,8.00906372944055,8.104410094265688,7.904183455565158,8.01383113861084,226600,0.0,0.0
2004-08-12 00:00:00-04:00,8.013828737815395,8.161615649949155,7.904181087618129,7.985225200653076,738600,0.0,0.0
2004-08-13 00:00:00-04:00,8.009062883384672,8.247427860976956,8.009062883384672,8.13778018951416,331800,0.0,0.0
2004-08-16 00:00:00-04:00,8.142545907842266,8.414281780400467,8.142545907842266,8.342772483825684,270800,0.0,0.0
2004-08-17 00:00:00-04:00,8.414283475151525,8.414283475151525,8.061503419609858,8.06627082824707,377000,0.0,0.0
2004-08-18 00:00:00-04:00,8.128244558421798,8.27126407623291,8.128244558421798,8.27126407623291,190800,0.0,0.0
2004-08-19 00:00:00-04:00,8.223590777718382,8.309402305233167,8.099640894562594,8.166382789611816,133600,0.0,0.0
2004-08-20 00:00:00-04:00,8.180685208531523,8.43335238896896,8.180685208531523,8.371376991271973,124800,0.0,0.0
2004-08-23 00:00:00-04:00,8.409516126168624,8.461956712259726,8.118711471557617,8.118711471557617,426800,0.0,0.0
2004-08-24 00:00:00-04:00,8.12347876204849,8.12347876204849,7.723025532410031,7.989994049072266,366400,0.0,0.0
2004-08-25 00:00:00-04:00,8.104409350751355,8.33800692292289,8.09487453328552,8.242661476135254,691000,0.0,0.0
2004-08-26 00:00:00-04:00,8.209289510250587,8.228359144938922,8.104409247335434,8.142547607421875,271200,0.0,0.0
2004-08-27 00:00:00-04:00,8.142548611835306,8.1997566136669,8.104410247044358,8.194989204406738,281200,0.0,0.0
2004-08-30 00:00:00-04:00,8.17591959199025,8.471492601978056,8.137781227084437,8.23312759399414,267800,0.0,0.0
2004-08-31 00:00:00-04:00,8.242661476135254,8.242661476135254,8.133012893858623,8.242661476135254,156200,0.0,0.0
2004-09-01 00:00:00-04:00,8.24265963023995,8.509628094465647,8.24265963023995,8.333237648010254,622800,0.0,0.0
2004-09-02 00:00:00-04:00,8.338009013291655,8.576374053955078,8.338009013291655,8.576374053955078,130400,0.0,0.0
2004-09-03 00:00:00-04:00,10.249694586260023,10.249694586260023,9.696687881325962,9.935052871704102,1814800,0.0,0.0
2004-09-07 00:00:00-04:00,9.939820102375508,10.030399051696126,9.558435579035695,9.701455116271973,775600,0.0,0.0
2004-09-08 00:00:00-04:00,9.58227255012011,9.70145504226267,9.534599371405033,9.639479637145996,331200,0.0,0.0
2004-09-09 00:00:00-04:00,9.639478715591181,9.720522838871743,9.548900684911269,9.677617073059082,172200,0.0,0.0
2004-09-10 00:00:00-04:00,9.668082030110298,9.668082030110298,9.429717096610153,9.486924171447754,337800,0.0,0.0
2004-09-13 00:00:00-04:00,9.486927838440828,9.491695248068389,9.229494083585339,9.248562812805176,254600,0.0,0.0
2004-09-14 00:00:00-04:00,9.253328263501835,9.253328263501835,9.129378367296658,9.177051544189453,232400,0.0,0.0
2004-09-15 00:00:00-04:00,9.177051546247078,9.200887680053711,9.129378369343595,9.200887680053711,134400,0.0,0.0
2004-09-16 00:00:00-04:00,9.200886717275733,9.200886717275733,9.081704242133352,9.153214454650879,106000,0.0,0.0
2004-09-17 00:00:00-04:00,9.14844796965855,9.19612114638401,9.038799390402927,9.115077018737793,301400,0.0,0.0
2004-09-20 00:00:00-04:00,9.153216446949301,9.415417585617456,9.143681628632923,9.296235084533691,303000,0.0,0.0
2004-09-21 00:00:00-04:00,9.296232337903934,9.415414803774498,9.038797775164293,9.391578674316406,150600,0.0,0.0
2004-09-22 00:00:00-04:00,9.525065311573057,9.525065311573057,9.296235126684351,9.367744445800781,188000,0.0,0.0
2004-09-23 00:00:00-04:00,9.343908309192079,9.377279264160391,9.13414685173227,9.367744445800781,204800,0.0,0.0
2004-09-24 00:00:00-04:00,9.367743550296664,9.534599218478078,9.272398103686026,9.44402027130127,582400,0.0,0.0
2004-09-27 00:00:00-04:00,9.391581560499251,9.572738564207322,9.391581560499251,9.429719924926758,222600,0.0,0.0
2004-09-28 00:00:00-04:00,9.434485306260251,9.434485306260251,9.224723892350653,9.305768013000488,157400,0.0,0.0
2004-09-29 00:00:00-04:00,9.248562890709422,9.463091779304733,9.248562890709422,9.39634895324707,156400,0.0,0.0
2004-09-30 00:00:00-04:00,9.41541672671372,9.463089904656394,9.372510957494338,9.420184135437012,84600,0.0,0.0
2004-10-01 00:00:00-04:00,9.420182398639357,9.625176389494976,9.40588017510638,9.606106758117676,168000,0.0,0.0
2004-10-04 00:00:00-04:00,9.677617433806807,10.068536749037609,9.658548709007125,10.063769340515137,412000,0.0,0.0
2004-10-05 00:00:00-04:00,10.116210228402748,10.454688999753056,10.116210228402748,10.416550636291504,435600,0.0,0.0
2004-10-06 00:00:00-04:00,10.41655187871125,10.917118072509766,10.244928768018996,10.917118072509766,573400,0.0,0.0
2004-10-07 00:00:00-04:00,10.96478716662719,11.403378689663882,10.621541982668507,10.645378112792969,526200,0.0,0.0
2004-10-08 00:00:00-04:00,10.654916459881635,10.721658373782239,10.154349377755965,10.182953834533691,365400,0.0,0.0
2004-10-11 00:00:00-04:00,10.202020595885331,10.225857638603715,9.882611497780637,10.15434741973877,106800,0.0,0.0
2004-10-12 00:00:00-04:00,10.125743744597262,10.125743744597262,9.968422901885774,9.997026443481445,155800,0.0,0.0
2004-10-13 00:00:00-04:00,10.03516643264961,10.03516643264961,9.491694507572308,9.596574783325195,489400,0.0,0.0
2004-10-14 00:00:00-04:00,9.582273805443721,10.297368851979963,9.577506396018634,10.087607383728027,248600,0.0,0.0
2004-10-15 00:00:00-04:00,10.13050921284944,10.17341497167059,9.892144290194159,9.973188400268555,247600,0.0,0.0
2004-10-18 00:00:00-04:00,10.00179383974536,10.130511140703952,9.944586756623893,9.968422889709473,87600,0.0,0.0
2004-10-19 00:00:00-04:00,10.011330532764914,10.059003717159962,9.877845798316851,9.896915435791016,61800,0.0,0.0
2004-10-20 00:00:00-04:00,9.89214552195108,10.28783130645752,9.89214552195108,10.28783130645752,156800,0.0,0.0
2004-10-21 00:00:00-04:00,10.28783130645752,10.297366122780598,10.054233762282887,10.28783130645752,102600,0.0,0.0
2004-10-22 00:00:00-04:00,10.287830670449797,10.669214206893965,10.249692316805378,10.607239723205566,327400,0.0,0.0
2004-10-25 00:00:00-04:00,10.654913019585187,10.82176865975213,10.459453841166509,10.731189727783203,244600,0.0,0.0
2004-10-26 00:00:00-04:00,10.797934785293329,11.165017119404098,10.683519689458223,11.160249710083008,307000,0.0,0.0
2004-10-27 00:00:00-04:00,11.179316956018145,11.703719139099121,11.112574149090078,11.703719139099121,594200,0.0,0.0
2004-10-28 00:00:00-04:00,11.656046652921608,11.656046652921608,10.917114747500136,11.44151782989502,370000,0.0,0.0
2004-10-29 00:00:00-04:00,11.44151726664964,11.870573982290983,11.350938333687436,11.841970443725586,277000,0.0,0.0
2004-11-01 00:00:00-05:00,11.841969823655853,12.194749811790459,11.799064063409343,12.18521499633789,368400,0.0,0.0
2004-11-02 00:00:00-05:00,12.156612540695457,12.490323836901188,11.989756892592592,12.313933372497559,540800,0.0,0.0
2004-11-03 00:00:00-05:00,12.347305485458358,12.87170861071594,12.347305485458358,12.557066917419434,445600,0.0,0.0
2004-11-04 00:00:00-05:00,12.633343823869328,12.84787266761339,12.490325200900106,12.790664672851562,252200,0.0,0.0
2004-11-05 00:00:00-05:00,12.847872617327113,12.957520288460374,12.514161285984763,12.719155311584473,466600,0.0,0.0
2004-11-08 00:00:00-05:00,12.7191541239058,12.862172732960577,12.476021761080569,12.49509048461914,590800,0.0,0.0
2004-11-09 00:00:00-05:00,13.644010004444182,18.11573602255584,13.644010004444182,18.1014347076416,5383600,0.0,0.0
2004-11-10 00:00:00-05:00,17.972719552126662,19.0691980778892,17.47215346629816,18.45421600341797,2732200,0.0,0.0
2004-11-11 00:00:00-05:00,18.449450552112644,20.880772717724927,18.449450552112644,19.831966400146484,1524800,0.0,0.0
2004-11-12 00:00:00-05:00,19.87964143982721,21.214485081221657,19.87964143982721,21.142974853515625,1183400,0.0,0.0
2004-11-15 00:00:00-05:00,21.104836487041776,21.104836487041776,19.784294220820026,19.951148986816406,1025800,0.0,0.0
2004-11-16 00:00:00-05:00,19.545926735454675,21.333663936868213,19.545926735454675,21.30982780456543,1070600,0.0,0.0
2004-11-17 00:00:00-05:00,21.30982598066936,23.407436359646418,21.30982598066936,23.359764099121094,966800,0.0,0.0
2004-11-18 00:00:00-05:00,23.288258528395442,24.456247329711914,22.206083086561485,24.456247329711914,1658000,0.0,0.0
2004-11-19 00:00:00-05:00,24.551590894597272,25.02355431585322,23.359766093888666,23.46941375732422,1795400,0.0,0.0
2004-11-22 00:00:00-05:00,23.598136504560458,23.836501519758038,22.215618688982193,23.026060104370117,1104800,0.0,0.0
2004-11-23 00:00:00-05:00,23.14523746433788,24.313226142754925,22.596999142463183,23.63627052307129,1038000,0.0,0.0
2004-11-24 00:00:00-05:00,23.71731433590239,24.61833362472562,23.64580411801023,24.34183120727539,573000,0.0,0.0
2004-11-26 00:00:00-05:00,24.360899566553833,25.185643975292,24.360899566553833,25.028322219848633,242600,0.0,0.0
2004-11-29 00:00:00-05:00,25.14750492596957,25.552724657060125,24.78995746256716,25.300058364868164,794400,0.0,0.0
2004-11-30 00:00:00-05:00,25.195178606609936,27.5311562259401,24.551593863825374,27.10686683654785,1920000,0.0,0.0
2004-12-01 00:00:00-05:00,27.597896421474452,31.406967690726244,27.597896421474452,29.700275421142578,2707000,0.0,0.0
2004-12-02 00:00:00-05:00,29.70027714395245,30.510718466946834,28.5751941095109,29.485748291015625,2020600,0.0,0.0
2004-12-03 00:00:00-05:00,29.27121859166988,29.485745606494618,28.17473829172827,28.51321792602539,4427200,0.0,0.0
2004-12-06 00:00:00-05:00,28.675308642789552,28.675308642789552,26.3393310444471,26.768388748168945,3021600,0.0,0.0
2004-12-07 00:00:00-05:00,26.715945529456704,27.268952171700587,25.605163927296807,25.981781005859375,1795200,0.0,0.0
2004-12-08 00:00:00-05:00,25.648066860837172,27.650332695614974,25.219011065329166,26.935237884521484,1535400,0.0,0.0
2004-12-09 00:00:00-05:00,24.91390623238251,25.57656238638225,23.35976740519206,25.028322219848633,7145000,0.0,0.0
2004-12-10 00:00:00-05:00,24.62310445769271,25.981784187786953,24.55159423249593,25.147506713867188,2408600,0.0,0.0
2004-12-13 00:00:00-05:00,25.14751066506442,25.509824710489774,24.580202548352077,25.433547973632812,1866400,0.0,0.0
2004-12-14 00:00:00-05:00,29.080528538040713,29.67167450849763,28.270087215067733,29.461912155151367,3980000,0.0,0.0
2004-12-15 00:00:00-05:00,29.461908866834065,30.51548337839712,29.08052529229058,30.033985137939453,1603200,0.0,0.0
2004-12-16 00:00:00-05:00,30.033985240139717,30.772918077896314,29.757481011042092,30.129331588745117,1097800,0.0,0.0
2004-12-17 00:00:00-05:00,30.749080669707578,30.992213953873065,29.919569786349406,30.844425201416016,798200,0.0,0.0
2004-12-20 00:00:00-05:00,31.22581060257126,31.464175569003103,30.272350736843894,30.844425201416016,600200,0.0,0.0
2004-12-21 00:00:00-05:00,30.510715703275736,30.96360768463194,29.800387303133483,30.844425201416016,406400,0.0,0.0
2004-12-22 00:00:00-05:00,30.963608591353083,30.963608591353083,29.604928970336914,29.604928970336914,564400,0.0,0.0
2004-12-23 00:00:00-05:00,29.4619098423829,29.747948896697146,28.651468583029793,29.009016036987305,923400,0.0,0.0
2004-12-27 00:00:00-05:00,28.9994848484158,29.070993252521887,28.365433117574895,28.8421630859375,606200,0.0,0.0
2004-12-28 00:00:00-05:00,29.175871335294705,29.790853365762743,29.08052498801139,29.724109649658203,400000,0.0,0.0
2004-12-29 00:00:00-05:00,29.890966292937676,30.029218405943592,29.562021484849097,29.78608512878418,196800,0.0,0.0
2004-12-30 00:00:00-05:00,29.60492372613299,30.291415891846054,29.08052160495116,30.057817459106445,527200,0.0,0.0
2004-12-31 00:00:00-05:00,30.081655824897258,30.56315404009859,30.033983562547533,30.367694854736328,745400,0.0,0.0
2005-01-03 00:00:00-05:00,30.153169093969982,30.200841361152786,29.438074174745395,29.53818702697754,922600,0.0,0.0
2005-01-04 00:00:00-05:00,29.538185272674916,29.910035845221806,29.109129437770477,29.724109649658203,850000,0.0,0.0
2005-01-05 00:00:00-05:00,29.724107866235116,30.10549323248555,29.557253132435708,29.805152893066406,631400,0.0,0.0
2005-01-06 00:00:00-05:00,29.867132523126013,30.772920168544125,29.74795003391734,30.339094161987305,359000,0.0,0.0
2005-01-07 00:00:00-05:00,30.367700268902627,30.37246676855531,29.70027756553224,30.038755416870117,388400,0.0,0.0
2005-01-10 00:00:00-05:00,30.072122696174198,30.367694722330302,29.73364308807809,30.238977432250977,615400,0.0,0.0
2005-01-11 00:00:00-05:00,30.210376600094,30.210376600094,29.747949782507188,30.024452209472656,387200,0.0,0.0
2005-01-12 00:00:00-05:00,30.105492418388394,31.035114222389907,30.086422786875502,30.98267364501953,810000,0.0,0.0
2005-01-13 00:00:00-05:00,31.22582319549524,33.1327436959835,31.211521873687534,32.67985153198242,2645600,0.0,0.0
2005-01-14 00:00:00-05:00,32.63217234465987,34.01469029661556,32.088700347371926,33.79539489746094,2179200,0.0,0.0
2005-01-18 00:00:00-05:00,33.7953756271518,34.92045825931197,33.418758644278206,33.60945129394531,1761400,0.0,0.0
2005-01-19 00:00:00-05:00,33.25190747124808,34.03851246144082,33.070751435262665,33.371089935302734,509800,0.0,0.0
2005-01-20 00:00:00-05:00,32.655998730589765,33.34249096268624,32.655998730589765,33.1851692199707,993400,0.0,0.0
2005-01-21 00:00:00-05:00,33.01355401924507,33.91934178836061,33.01355401924507,33.704811096191406,638200,0.0,0.0
2005-01-24 00:00:00-05:00,33.60945549635726,34.39606050136363,33.585617548233344,34.00037384033203,831800,0.0,0.0
2005-01-25 00:00:00-05:00,34.03851295360965,34.372222402923775,33.82875064994922,33.909793853759766,496000,0.0,0.0
2005-01-26 00:00:00-05:00,33.943172641541764,34.276885805123285,33.84305978361562,34.18153762817383,230000,0.0,0.0
2005-01-27 00:00:00-05:00,34.18153840662648,35.52591681636186,34.1577040897171,35.139766693115234,1049000,0.0,0.0
2005-01-28 00:00:00-05:00,35.13976300786691,35.2065049076715,34.51524795805509,35.18267059326172,570800,0.0,0.0
2005-01-31 00:00:00-05:00,35.18267100542169,35.81195438035173,34.99197830210575,35.70707321166992,611200,0.0,0.0
2005-02-01 00:00:00-05:00,35.74520869175134,36.15519305026641,35.64986053161727,35.8500862121582,819400,0.0,0.0
2005-02-02 00:00:00-05:00,35.89777426270387,36.88460532189505,35.89777426270387,36.86076736450195,787400,0.0,0.0
2005-02-03 00:00:00-05:00,36.9465644324596,37.91432547371259,36.708199500637285,37.61398696899414,2033200,0.0,0.0
2005-02-04 00:00:00-05:00,37.06575045008568,37.80468326440499,37.06575045008568,37.42329788208008,1410800,0.0,0.0
2005-02-07 00:00:00-05:00,37.20877427124389,37.49004319756123,36.42216912168453,36.851226806640625,614800,0.0,0.0
2005-02-08 00:00:00-05:00,36.77972016482252,37.18493993670047,35.397202439743715,36.75111389160156,292400,0.0,0.0
2005-02-09 00:00:00-05:00,36.798793821523525,37.90480739498648,36.798793821523525,36.9942512512207,579600,0.0,0.0
2005-02-10 00:00:00-05:00,36.94657789215578,37.04192244475479,34.87280295725418,35.3256950378418,2382000,0.0,0.0
2005-02-11 00:00:00-05:00,35.08732279264405,36.23147537399174,34.49141036872972,35.79764938354492,809200,0.0,0.0
2005-02-14 00:00:00-05:00,35.7833482485532,36.27914782422037,35.5116123273584,36.00264358520508,583200,0.0,0.0
2005-02-15 00:00:00-05:00,35.96927230090772,36.20763726946817,35.278015346946724,35.56405258178711,380800,0.0,0.0
2005-02-16 00:00:00-05:00,35.55928061441023,36.06461676916291,35.5259096677232,35.74997329711914,378000,0.0,0.0
2005-02-17 00:00:00-05:00,35.7070652578408,35.988334113778926,35.282775996983645,35.478233337402344,453600,0.0,0.0
2005-02-18 00:00:00-05:00,35.564056486005356,35.754749209220094,35.564056486005356,35.73091125488281,521000,0.0,0.0
2005-02-22 00:00:00-05:00,35.65939997647388,35.678465972842844,34.58675764126503,34.7107048034668,1080000,0.0,0.0
2005-02-23 00:00:00-05:00,34.710705077632255,35.0491828918457,33.80015280165312,35.0491828918457,929000,0.0,0.0
2005-02-24 00:00:00-05:00,35.1588361453181,35.1588361453181,34.65350352868034,34.853729248046875,613000,0.0,0.0
2005-02-25 00:00:00-05:00,34.77744775060394,35.87392807006836,34.74884511802757,35.87392807006836,586400,0.0,0.0
2005-02-28 00:00:00-05:00,35.945445707244666,36.708213043044445,35.3018608813249,35.46871566772461,885000,0.0,0.0
2005-03-01 00:00:00-05:00,35.46870804922724,35.850089816627495,35.41149914739485,35.56405258178711,575200,0.0,0.0
2005-03-02 00:00:00-05:00,35.564060292618244,35.993118056485486,35.444877782497436,35.63557052612305,313200,0.0,0.0
2005-03-03 00:00:00-05:00,35.63079862351276,35.93114084659173,35.6117289873521,35.83102798461914,467400,0.0,0.0
2005-03-04 00:00:00-05:00,35.75474615476732,36.77494795407714,35.47824191158517,36.50798034667969,403600,0.0,0.0
2005-03-07 00:00:00-05:00,36.68436871156076,37.49958013818293,36.42216941768403,37.30411911010742,675600,0.0,0.0
2005-03-08 00:00:00-05:00,37.30412243726808,37.423304937067655,36.336361120841296,36.70344161987305,583600,0.0,0.0
2005-03-09 00:00:00-05:00,36.82738815911925,37.03715049828596,36.107524925565095,36.1122932434082,329200,0.0,0.0
2005-03-10 00:00:00-05:00,36.040784684695424,36.040784684695424,33.13273262093743,33.43783950805664,3654000,0.0,0.0
2005-03-11 00:00:00-05:00,33.3949357819476,34.4675782121537,32.894367859653684,33.695274353027344,1535800,0.0,0.0
2005-03-14 00:00:00-05:00,33.800156193446156,34.705943879770146,33.70480801547669,34.562923431396484,922600,0.0,0.0
2005-03-15 00:00:00-05:00,34.658267784658975,35.3256904781893,34.11003122223581,34.276885986328125,583400,0.0,0.0
2005-03-16 00:00:00-05:00,34.39606428337022,34.4628061808635,33.51887934363469,33.85259246826172,476000,0.0,0.0
2005-03-17 00:00:00-05:00,33.96701452842764,34.315029049561176,33.96701452842764,34.1624755859375,432800,0.0,0.0
2005-03-18 00:00:00-05:00,34.27687776337506,34.37222228079455,33.53317670629429,33.7286376953125,570000,0.0,0.0
2005-03-21 00:00:00-05:00,33.609466546668266,34.08619656860682,33.609466546668266,33.704811096191406,466000,0.0,0.0
2005-03-22 00:00:00-05:00,33.65713792788492,33.752486112038135,32.27462017353452,32.46054458618164,649600,0.0,0.0
2005-03-23 00:00:00-05:00,32.060083050309856,32.10298699182654,30.51071100698633,31.797880172729492,2584000,0.0,0.0
2005-03-24 00:00:00-05:00,31.693008707602903,32.72274350929466,31.68347207178341,32.11252975463867,850200,0.0,0.0
2005-03-28 00:00:00-05:00,31.702547081302182,32.41764212824885,30.796759294404108,31.607202529907227,586200,0.0,0.0
2005-03-29 00:00:00-05:00,31.84556058935345,32.393797095862354,30.134098259514676,30.3486270904541,967000,0.0,0.0
2005-03-30 00:00:00-05:00,30.272352238837854,30.4153708620769,28.889834637505988,30.305723190307617,1495400,0.0,0.0
2005-03-31 00:00:00-05:00,30.548858801912456,31.607199967540616,30.305725487255966,30.75385284423828,852200,0.0,0.0
2005-04-01 00:00:00-05:00,31.130464694484612,31.4594058603477,30.93977200233813,31.440336227416992,985800,0.0,0.0
2005-04-04 00:00:00-04:00,31.535684799935296,31.774049758911133,31.27825020778212,31.774049758911133,545600,0.0,0.0
2005-04-05 00:00:00-04:00,31.774055829901364,32.512985161615475,30.868268085294435,32.42717361450195,725200,0.0,0.0
2005-04-06 00:00:00-04:00,32.4653099007944,33.56179027555485,32.4653099007944,33.32342529296875,748800,0.0,0.0
2005-04-07 00:00:00-04:00,33.46643389615569,33.75247471486684,32.47007025903483,32.82761764526367,1145600,0.0,0.0
2005-04-08 00:00:00-04:00,32.82762892411428,33.15180547782809,32.36996854895854,32.54159164428711,468800,0.0,0.0
2005-04-11 00:00:00-04:00,32.541587705686474,32.83715794963092,31.678704014954715,32.54635238647461,446800,0.0,0.0
2005-04-12 00:00:00-04:00,32.65600164082989,32.65600164082989,31.82649254456276,32.083927154541016,615400,0.0,0.0
2005-04-13 00:00:00-04:00,32.03625013946303,32.155432623072876,30.749080771340964,30.806289672851562,1190400,0.0,0.0
2005-04-14 00:00:00-04:00,30.892098833484507,31.106625832638514,29.824223062196403,30.367694854736328,1534800,0.0,0.0
2005-04-15 00:00:00-04:00,30.32002711846261,30.32002711846261,28.661006945124452,28.670541763305664,1597800,0.0,0.0
2005-04-18 00:00:00-04:00,28.508450970919327,29.032855013039153,27.459644705260125,27.888702392578125,2078800,0.0,0.0
2005-04-19 00:00:00-04:00,27.888701884977277,30.510716592111894,27.888701884977277,29.5572566986084,1187200,0.0,0.0
2005-04-20 00:00:00-04:00,29.67643881806954,30.27235124413519,28.832626604530923,29.123432159423828,879200,0.0,0.0
2005-04-21 00:00:00-04:00,29.36656794741865,30.105500919264014,29.36656794741865,29.843297958374023,665000,0.0,0.0
2005-04-22 00:00:00-04:00,29.914804617914097,30.510717060502028,29.5667919696724,30.13409996032715,710800,0.0,0.0
2005-04-25 00:00:00-04:00,30.606063842773438,31.273486554889367,30.224682033822315,30.606063842773438,435700,0.0,2.0
2005-04-26 00:00:00-04:00,30.51072120666504,31.04466013715978,29.84329845283696,30.51072120666504,479200,0.0,0.0
2005-04-27 00:00:00-04:00,30.415370324659154,30.415370324659154,29.27121954038264,29.69074058532715,339500,0.0,0.0
2005-04-28 00:00:00-04:00,29.175871119590937,29.175871119590937,26.982912422609022,27.335693359375,989200,0.0,0.0
2005-04-29 00:00:00-04:00,26.601529963332922,26.7445485798698,25.04739117809288,26.410839080810547,1611600,0.0,0.0
2005-05-02 00:00:00-04:00,26.30595938073912,28.327293395996094,26.30595938073912,28.327293395996094,817800,0.0,0.0
2005-05-03 00:00:00-04:00,28.174737389967234,28.174737389967234,27.17360529089278,27.554988861083984,474300,0.0,0.0
2005-05-04 00:00:00-04:00,27.55499342881193,28.622869420946966,27.12593752319083,28.58473014831543,427200,0.0,0.0
2005-05-05 00:00:00-04:00,28.746816710384582,29.35703230613788,28.289156377504987,28.83262825012207,546500,0.0,0.0
2005-05-06 00:00:00-04:00,28.937507303215217,29.099595553214275,28.27961948632723,28.594261169433594,267300,0.0,0.0
2005-05-09 00:00:00-04:00,28.594265070935524,28.851699706397028,28.17474216335907,28.73728370666504,367900,0.0,0.0
2005-05-10 00:00:00-04:00,28.603797912597656,29.080527877807615,28.374967747526533,28.603797912597656,580800,0.0,0.0
2005-05-11 00:00:00-04:00,28.36543464685216,28.813560186584002,28.03172328729072,28.31776237487793,292400,0.0,0.0
2005-05-12 00:00:00-04:00,28.22241450759631,28.37496795207679,26.019922561651445,26.458513259887695,978500,0.0,0.0
2005-05-13 00:00:00-04:00,26.220146876115066,26.401304763734377,24.370434187288435,24.78995704650879,2261600,0.0,0.0
2005-05-16 00:00:00-04:00,24.694611106636728,25.629001374461044,23.741151204306504,25.276222229003906,1262400,0.0,0.0
2005-05-17 00:00:00-04:00,25.276221328267958,26.6968763138843,25.276221328267958,26.410839080810547,792600,0.0,0.0
2005-05-18 00:00:00-04:00,26.601531755711402,26.70641293024272,26.13433660696904,26.344097137451172,606700,0.0,0.0
2005-05-19 00:00:00-04:00,26.220148662703345,27.06872743747779,26.172476392567006,26.992450714111328,988000,0.0,0.0
2005-05-20 00:00:00-04:00,26.992446532766937,27.125932141915662,26.37269802409584,26.553855895996094,253600,0.0,0.0
2005-05-23 00:00:00-04:00,26.677809256213873,27.507320221958494,26.56339507936806,27.316627502441406,493400,0.0,0.0
2005-05-24 00:00:00-04:00,27.450112370381866,27.450112370381866,26.315494539818395,26.36316680908203,515800,0.0,0.0
2005-05-25 00:00:00-04:00,26.506183574813146,26.88756897647234,25.9341091094851,26.391769409179688,413000,0.0,0.0
2005-05-26 00:00:00-04:00,26.44897552827823,27.497781707465045,26.44897552827823,27.431039810180664,368500,0.0,0.0
2005-05-27 00:00:00-04:00,27.28802391609039,28.498916641488854,27.28802391609039,28.460779190063477,607200,0.0,0.0
2005-05-31 00:00:00-04:00,28.365428478395337,28.413100740002573,27.65986845884303,27.936370849609375,375200,0.0,0.0
2005-06-01 00:00:00-04:00,28.031721626437612,28.880302202230066,28.031721626437612,28.622867584228516,366700,0.0,0.0
2005-06-02 00:00:00-04:00,28.813558014074836,28.985181089970855,28.041255991123208,28.10799789428711,311900,0.0,0.0
2005-06-03 00:00:00-04:00,28.07939490753028,28.308225066320098,27.650337223186582,27.698009490966797,308000,0.0,0.0
2005-06-06 00:00:00-04:00,27.659875431286906,27.89824043657006,27.03059196282583,27.078264236450195,513300,0.0,0.0
2005-06-07 00:00:00-04:00,26.982915439735912,27.31662678078448,26.33456421138331,26.38223648071289,491000,0.0,0.0
2005-06-08 00:00:00-04:00,26.382234383879542,26.89710176232378,26.05805788617821,26.153404235839844,466500,0.0,0.0
2005-06-09 00:00:00-04:00,26.124804458699078,27.545459685191975,25.781560084528486,27.364303588867188,620800,0.0,0.0
2005-06-10 00:00:00-04:00,27.554990861162747,27.621732763468128,26.954311921833863,27.602664947509766,622600,0.0,0.0
2005-06-13 00:00:00-04:00,27.507319428974554,28.889835240586212,27.173608088730187,28.68960952758789,874500,0.0,0.0
2005-06-14 00:00:00-04:00,28.68960958230251,28.823093391222628,28.174740344615486,28.71821403503418,657300,0.0,0.0
2005-06-15 00:00:00-04:00,28.746816632648343,28.975646798469345,28.508451649262234,28.69914436340332,720600,0.0,0.0
2005-06-16 00:00:00-04:00,28.813556496297966,28.918437663505387,28.508449630145883,28.546588897705078,662000,0.0,0.0
2005-06-17 00:00:00-04:00,28.546590825975,28.737281720910687,27.793356608024624,28.603797912597656,1117300,0.0,0.0
2005-06-20 00:00:00-04:00,28.746815234061234,29.938640093007226,28.670538515831907,29.36656379699707,709000,0.0,0.0
2005-06-21 00:00:00-04:00,29.557252079775235,29.776547384553044,28.460773737306056,28.756345748901367,544500,0.0,0.0
2005-06-22 00:00:00-04:00,28.756348685895503,28.756348685895503,27.450109720912113,27.745681762695312,680500,0.0,0.0
2005-06-23 00:00:00-04:00,27.74568673581581,27.74568673581581,20.118006633520363,26.7064151763916,1041200,0.0,0.0
2005-06-24 00:00:00-04:00,26.69687294749032,26.963842331654075,25.905501429290062,26.935237884521484,1397900,0.0,0.0
2005-06-27 00:00:00-04:00,26.935243228534322,27.6026659120718,26.26782054499684,26.458513259887695,947700,0.0,0.0
2005-06-28 00:00:00-04:00,26.33456465548718,27.268954971316248,26.30596020225875,26.944778442382812,506500,0.0,0.0
2005-06-29 00:00:00-04:00,27.154539255393903,27.507320241172778,26.98291617142475,27.37383460998535,623700,0.0,0.0
2005-06-30 00:00:00-04:00,27.60266651083089,30.415372295711094,27.16407398450015,29.652605056762695,3386800,0.0,0.0
2005-07-01 00:00:00-04:00,30.03398731709012,30.51071727450425,29.85282942407022,30.358163833618164,655700,0.0,0.0
2005-07-05 00:00:00-04:00,30.510719118552245,30.510719118552245,30.005384678462217,30.224681854248047,463600,0.0,0.0
2005-07-06 00:00:00-04:00,30.310493179723576,30.72048125590962,29.414240302845755,30.01491928100586,342300,0.0,0.0
2005-07-07 00:00:00-04:00,29.55725884453935,29.98631655519876,29.27122158315345,29.919572830200195,365900,0.0,0.0
2005-07-08 00:00:00-04:00,30.300957243434095,30.98744773864746,30.12933416498563,30.98744773864746,502500,0.0,0.0
2005-07-11 00:00:00-04:00,31.702541541937112,32.73227997545228,31.225811593938058,31.845561981201172,632800,0.0,0.0
2005-07-12 00:00:00-04:00,32.32229606772882,33.08506335475943,32.24601752044509,32.42717361450195,736500,0.0,0.0
2005-07-13 00:00:00-04:00,32.42717697058895,32.551127804172765,31.645339965820312,31.645339965820312,266800,0.0,0.0
2005-07-14 00:00:00-04:00,32.160198754957314,32.179268387498055,30.234209514268542,30.75861167907715,506100,0.0,0.0
2005-07-15 00:00:00-04:00,30.768154108832036,31.035121740362346,30.320026752625143,30.65373992919922,204900,0.0,0.0
2005-07-18 00:00:00-04:00,30.787219393684005,30.796752391822242,30.129331588745117,30.129331588745117,251800,0.0,0.0
2005-07-19 00:00:00-04:00,30.796759125032263,31.559526443481445,30.682344936555253,31.559526443481445,295300,0.0,0.0
2005-07-20 00:00:00-04:00,31.62625713234238,31.874158696083846,30.9588382387927,31.797880172729492,231100,0.0,0.0
2005-07-21 00:00:00-04:00,31.702542486782132,31.702542486782132,30.691873657524813,30.7014102935791,230500,0.0,0.0
2005-07-22 00:00:00-04:00,30.510716715827932,32.884833460629075,30.08165903457943,31.959976196289062,4996800,0.0,0.0
2005-07-25 00:00:00-04:00,32.11253128480986,32.188806189195944,31.540456771850586,31.540456771850586,928200,0.0,0.0
2005-07-26 00:00:00-04:00,31.5213869912239,31.559522624660698,30.672804587646777,31.46417808532715,1204700,0.0,0.0
2005-07-27 00:00:00-04:00,31.464172442784736,31.893230067163877,30.653733092304435,31.50231170654297,751900,0.0,0.0
2005-07-28 00:00:00-04:00,31.673943001957333,32.35089874267578,31.082795171292666,32.35089874267578,606900,0.0,0.0
2005-07-29 00:00:00-04:00,32.512977650718966,32.627395445212635,31.769280172312524,32.40810012817383,556900,0.0,0.0
2005-08-01 00:00:00-04:00,32.40809742320819,33.60945506783567,32.40809742320819,33.59038543701172,1133900,0.0,0.0
2005-08-02 00:00:00-04:00,33.64759424763783,34.2196686223241,33.37109005710339,33.55224609375,1190600,0.0,0.0
2005-08-03 00:00:00-04:00,33.56177976841851,34.515239400264726,33.55224313529054,34.33407974243164,957700,0.0,0.0
2005-08-04 00:00:00-04:00,34.38176763999245,35.00151443481445,34.372231003534246,35.00151443481445,593900,0.0,0.0
2005-08-05 00:00:00-04:00,35.09686246487,35.41150236059627,34.19107477471793,34.73454666137695,659700,0.0,0.0
2005-08-08 00:00:00-04:00,34.92523131178764,35.18266587817352,34.219669503489996,34.29594802856445,443900,0.0,0.0
2005-08-09 00:00:00-04:00,34.3245585124955,34.60106277343149,33.56179127298338,34.55339050292969,394700,0.0,0.0
2005-08-10 00:00:00-04:00,34.658272200831824,35.373367255626114,34.562927648390534,35.19221115112305,609700,0.0,0.0
2005-08-11 00:00:00-04:00,35.23035048069028,35.50685477521783,34.78222308177744,35.37336730957031,491800,0.0,0.0
2005-08-12 00:00:00-04:00,34.32456263012577,35.50685472107007,33.94317714603754,35.19221115112305,1168900,0.0,0.0
2005-08-15 00:00:00-04:00,35.03965366648424,35.27801865741271,34.51525141387385,34.79175567626953,502700,0.0,0.0
2005-08-16 00:00:00-04:00,34.75361573574265,34.75361573574265,33.82875842485355,34.01945114135742,386800,0.0,0.0
2005-08-17 00:00:00-04:00,34.028983414403434,34.35315993439494,32.818088873175206,33.18040466308594,1514200,0.0,0.0
2005-08-18 00:00:00-04:00,32.627396207296805,33.56178639452361,32.33182235369177,33.304351806640625,655200,0.0,0.0
2005-08-19 00:00:00-04:00,33.685730343411024,34.086181640625,33.657124081353004,34.086181640625,469300,0.0,0.0
2005-08-22 00:00:00-04:00,34.17200499462437,34.610595701800676,34.17200499462437,34.562923431396484,834000,0.0,0.0
2005-08-23 00:00:00-04:00,34.84896849650599,35.22081738097147,34.238754569469116,34.89664077758789,483300,0.0,0.0
2005-08-24 00:00:00-04:00,35.07778948044396,35.697536213474805,34.944305680626876,35.344757080078125,577000,0.0,0.0
2005-08-25 00:00:00-04:00,35.373359884918706,35.79288455743218,35.03965038374732,35.611724853515625,326300,0.0,0.0
2005-08-26 00:00:00-04:00,35.649863991163556,35.81195406054088,35.106392155721004,35.4114990234375,373800,0.0,0.0
2005-08-29 00:00:00-04:00,36.231475221188525,36.231475221188525,34.80128540982582,35.56405258178711,505200,0.0,0.0
2005-08-30 00:00:00-04:00,35.707073617864424,36.574721972519335,35.707073617864424,36.231475830078125,731400,0.0,0.0
2005-08-31 00:00:00-04:00,36.26008296459364,38.13840034550119,36.1456687819623,37.23261260986328,869300,0.0,0.0
2005-09-01 00:00:00-04:00,37.23260574883613,38.853488192264564,37.23260574883613,38.052581787109375,1167600,0.0,0.0
2005-09-02 00:00:00-04:00,37.08004801157979,38.05257736460872,37.08004801157979,37.518638610839844,346800,0.0,0.0
2005-09-06 00:00:00-04:00,37.1849325048943,37.499575987311225,36.61285807506783,37.04191207885742,684600,0.0,0.0
2005-09-07 00:00:00-04:00,36.89889598451407,38.043048502863456,36.89889598451407,37.82374954223633,763200,0.0,0.0
2005-09-08 00:00:00-04:00,37.82375324013449,38.109794125557514,37.51864635703348,37.671199798583984,508900,0.0,0.0
2005-09-09 00:00:00-04:00,37.861893295863304,38.557918614710225,37.82375402539363,38.453041076660156,426400,0.0,0.0
2005-09-12 00:00:00-04:00,38.45304828687167,38.615134761018574,37.842830756419986,37.90003967285156,537300,0.0,0.0
2005-09-13 00:00:00-04:00,37.900031369765244,37.95724027366357,36.803551019926545,37.003780364990234,777200,0.0,0.0
2005-09-14 00:00:00-04:00,36.99424396059236,37.52818282216859,36.87029315328412,37.26121520996094,723100,0.0,0.0
2005-09-15 00:00:00-04:00,37.42330145282685,37.63306379683609,36.77494842330818,37.022850036621094,365600,0.0,0.0
2005-09-16 00:00:00-04:00,37.49957726113675,38.32908630371094,37.08958923887535,38.32908630371094,1228300,0.0,0.0
2005-09-19 00:00:00-04:00,38.6627818440201,40.60784008921361,38.615109596641304,39.53042984008789,987000,0.0,0.0
2005-09-20 00:00:00-04:00,39.37789554030819,40.04531823838007,38.99651373938217,39.66393280029297,550400,0.0,0.0
2005-09-21 00:00:00-04:00,40.054846077975,40.188333510123165,38.17653267582643,38.186065673828125,1073200,0.0,0.0
2005-09-22 00:00:00-04:00,38.15746998343764,38.36723234923668,35.182675774792024,37.184940338134766,1051100,0.0,0.0
2005-09-23 00:00:00-04:00,36.946575025032104,37.16587038872132,35.993115024386114,36.82262420654297,357200,0.0,0.0
2005-09-26 00:00:00-04:00,38.63420040849712,38.63420040849712,37.13726846955642,37.74748229980469,538400,0.0,0.0
2005-09-27 00:00:00-04:00,38.42444599841292,38.80583153988664,37.14680916278667,38.13840866088867,441600,0.0,0.0
2005-09-28 00:00:00-04:00,38.13839789219596,39.18720237936693,38.014447080641226,39.10139083862305,434400,0.0,0.0
2005-09-29 00:00:00-04:00,39.56859232934197,40.51251938526045,39.10139530148785,39.91183853149414,1657000,0.0,0.0
2005-09-30 00:00:00-04:00,39.42556391997029,39.806949320419434,38.805817190691336,39.43510055541992,408400,0.0,0.0
2005-10-03 00:00:00-04:00,39.568585409715716,41.26574284893977,39.568585409715716,40.74134063720703,743800,0.0,0.0
2005-10-04 00:00:00-04:00,40.99877403201593,41.00830703027731,39.10138730785796,39.377891540527344,341000,0.0,0.0
2005-10-05 00:00:00-04:00,39.377889316749474,39.7116024316236,36.612858057686786,36.94656753540039,730700,0.0,0.0
2005-10-06 00:00:00-04:00,36.61286303045874,36.61286303045874,32.760884012607775,33.62853240966797,1905500,0.0,0.0
2005-10-07 00:00:00-04:00,35.27801535234425,35.89776572556055,34.72500687936222,35.611724853515625,1416900,0.0,0.0
2005-10-10 00:00:00-04:00,35.37337086273069,35.41151014246097,34.82036585528923,34.89664077758789,661700,0.0,0.0
2005-10-11 00:00:00-04:00,35.621261315219655,36.040782348524885,35.03965021273601,35.344757080078125,452200,0.0,0.0
2005-10-12 00:00:00-04:00,35.344756397208215,35.46870719628392,34.229210117008876,34.5152473449707,570600,0.0,0.0
2005-10-13 00:00:00-04:00,34.515250009939784,34.515250009939784,31.225812541495124,33.13273239135742,1471600,0.0,0.0
2005-10-14 00:00:00-04:00,33.22806934608946,33.94316412659779,32.46530230764594,33.123191833496094,1037500,0.0,0.0
2005-10-17 00:00:00-04:00,33.3710978308719,34.68687356375137,33.3710978308719,33.74294662475586,537300,0.0,0.0
2005-10-18 00:00:00-04:00,33.1804010743223,34.13386089621179,32.92296648595286,33.46643829345703,857500,0.0,0.0
2005-10-19 00:00:00-04:00,33.60945198808828,34.27687445712768,32.360418562273985,34.23873519897461,742000,0.0,0.0
2005-10-20 00:00:00-04:00,34.7059427223582,34.7059427223582,32.369965178844694,33.13273239135742,764600,0.0,0.0
2005-10-21 00:00:00-04:00,33.09458946607365,33.74294243438774,32.675068454818884,33.209007263183594,507600,0.0,0.0
2005-10-24 00:00:00-04:00,33.209019211065694,34.562930896196235,32.980187171677585,34.30549621582031,702900,0.0,0.0
2005-10-25 00:00:00-04:00,35.888236856099844,35.89777349371745,35.09686688043188,35.554527282714844,1137400,0.0,0.0
2005-10-26 00:00:00-04:00,35.52591730204444,36.889365366244,35.18267476399998,35.65940475463867,1123700,0.0,0.0
2005-10-27 00:00:00-04:00,35.80242061178313,36.117064143025004,34.33409140697654,34.59152603149414,631800,0.0,0.0
2005-10-28 00:00:00-04:00,34.65826109784798,35.61172086546043,33.77154322299559,35.3161506652832,1367400,0.0,0.0
2005-10-31 00:00:00-05:00,35.182666990749205,35.89776181871434,34.419896264524745,35.49730682373047,585900,0.0,0.0
2005-11-01 00:00:00-05:00,35.37336777468576,36.422176052737576,35.11593675188449,35.99311828613281,663500,0.0,0.0
2005-11-02 00:00:00-05:00,35.99310685199368,36.231471798033375,35.22080311744732,36.04077911376953,597500,0.0,0.0
2005-11-03 00:00:00-05:00,36.212410184137376,36.3745002746582,35.90730327662183,36.3745002746582,964200,0.0,0.0
2005-11-04 00:00:00-05:00,36.3744952841882,36.3744952841882,34.753612787166254,35.20173645019531,704600,0.0,0.0
2005-11-07 00:00:00-05:00,35.75474557365043,36.37449595179136,35.39242980009908,35.9359016418457,1828000,0.0,0.0
2005-11-08 00:00:00-05:00,35.46871170855954,35.94544169486501,35.106395900562255,35.24941635131836,676700,0.0,0.0
2005-11-09 00:00:00-05:00,35.0491825539314,35.65939991433519,34.03851743874528,34.65826416015625,922800,0.0,0.0
2005-11-10 00:00:00-05:00,34.51524262481841,34.51524262481841,33.37109023227964,33.67619705200195,868300,0.0,0.0
2005-11-11 00:00:00-05:00,33.60946285600844,33.933639380815244,33.57132358552269,33.85736083984375,418200,0.0,0.0
2005-11-14 00:00:00-05:00,34.53431591272888,34.90616466132009,33.1804010743223,33.46643829345703,766700,0.0,0.0
2005-11-15 00:00:00-05:00,33.37110134499161,34.13386864830199,32.72274822788743,33.35203170776367,743600,0.0,0.0
2005-11-16 00:00:00-05:00,33.56178306399808,33.87642288208008,33.418762650313404,33.87642288208008,553600,0.0,0.0
2005-11-17 00:00:00-05:00,34.038524469826875,34.419906307052635,33.47598289554454,33.75248718261719,678700,0.0,0.0
2005-11-18 00:00:00-05:00,34.200610758548905,34.200610758548905,33.180408802481374,33.65713882446289,689200,0.0,0.0
2005-11-21 00:00:00-05:00,33.70481103342103,33.94317604394639,33.09459718842194,33.571327209472656,518400,0.0,0.0
2005-11-22 00:00:00-05:00,33.99084843433912,34.000381433421495,33.352028380988784,33.9813117980957,882600,0.0,0.0
2005-11-23 00:00:00-05:00,34.13387340558862,34.80129625294041,33.75249151936039,34.70595169067383,799400,0.0,0.0
2005-11-25 00:00:00-05:00,34.801284380092646,35.17313313809861,34.419898986816406,34.419898986816406,336600,0.0,0.0
2005-11-28 00:00:00-05:00,34.51525097581139,34.61059551610823,34.04805399917031,34.32455825805664,1209100,0.0,0.0
2005-11-29 00:00:00-05:00,34.18153435317463,35.03964967769679,31.94090514837666,34.763145446777344,1100600,0.0,0.0
2005-11-30 00:00:00-05:00,35.08732936789787,35.258952469119684,34.03852476013031,34.1624755859375,1553800,0.0,0.0
2005-12-01 00:00:00-05:00,34.16247162994499,34.276885805123285,32.942040425119295,34.18153762817383,1708900,0.0,0.0
2005-12-02 00:00:00-05:00,36.56518253627608,37.7760769406297,36.136128528246694,37.30888366699219,4820400,0.0,0.0
2005-12-05 00:00:00-05:00,37.66165872444766,38.023974434378836,36.994236196835544,37.08958435058594,1032800,0.0,0.0
2005-12-06 00:00:00-05:00,39.97858236118641,39.97858236118641,36.9084396693651,36.92750930786133,847700,0.0,0.0
2005-12-07 00:00:00-05:00,37.32796037456125,37.423304919491635,36.55565646684465,36.67007064819336,1143600,0.0,0.0
2005-12-08 00:00:00-05:00,36.70820617675781,37.15633349397594,36.24100922506647,36.70820617675781,787800,0.0,0.0
2005-12-09 00:00:00-05:00,36.51751709165292,36.70820981814044,36.2982217291987,36.3745002746582,807900,0.0,0.0
2005-12-12 00:00:00-05:00,37.175395387721714,37.175395387721714,36.37448909241761,36.660526275634766,479800,0.0,0.0
2005-12-13 00:00:00-05:00,36.75587460647807,37.01330918924488,36.527046291014585,36.612857818603516,456800,0.0,0.0
2005-12-14 00:00:00-05:00,36.70821009298473,37.18494009419232,36.60332891077325,36.95610809326172,394000,0.0,0.0
2005-12-15 00:00:00-05:00,36.755886150068775,36.89890662002099,35.9454465194373,36.74635314941406,571200,0.0,0.0
2005-12-16 00:00:00-05:00,36.24100511067617,36.74634127394382,36.23147211310227,36.36495590209961,1187800,0.0,0.0
2005-12-19 00:00:00-05:00,36.51750506801235,36.584246954733565,35.897758457435295,35.926361083984375,823500,0.0,0.0
2005-12-20 00:00:00-05:00,35.89776232844198,36.18379953625752,35.77381153809641,36.04077911376953,359500,0.0,0.0
2005-12-21 00:00:00-05:00,35.278008041915044,36.37448812510884,35.192196525515875,35.72613525390625,615000,0.0,0.0
2005-12-22 00:00:00-05:00,35.75474940451775,36.23147939657799,35.67847085995074,35.8596305847168,237200,0.0,0.0
2005-12-23 00:00:00-05:00,35.93589773769866,36.01217626580592,35.32568406148225,35.8500862121582,346700,0.0,0.0
2005-12-27 00:00:00-05:00,35.85963398438244,35.85963398438244,35.17314156684134,35.37336730957031,460300,0.0,0.0
2005-12-28 00:00:00-05:00,35.497310831705036,35.97404077084235,35.27801549616117,35.64033126831055,233600,0.0,0.0
2005-12-29 00:00:00-05:00,35.70708051794681,35.98358481247437,35.325695033276965,35.37336730957031,258700,0.0,0.0
2005-12-30 00:00:00-05:00,35.38290034519269,35.83102769848674,35.07779344338091,35.4877815246582,371200,0.0,0.0
2006-01-03 00:00:00-05:00,35.49731853839759,36.231483240520156,35.49731853839759,35.954978942871094,847400,0.0,0.0
2006-01-04 00:00:00-05:00,36.02171001652047,36.80354676016748,35.688000541973764,36.60332107543945,936800,0.0,0.0
2006-01-05 00:00:00-05:00,36.612868956207826,36.994250810383186,36.07892999576839,36.18381118774414,740900,0.0,0.0
2006-01-06 00:00:00-05:00,37.07052936351522,37.07052936351522,35.94544616494893,36.18381118774414,440300,0.0,0.0
2006-01-09 00:00:00-05:00,36.1838077891908,36.69867706298828,35.85963124315104,36.69867706298828,479500,0.0,0.0
2006-01-10 00:00:00-05:00,36.8035505075527,36.8035505075527,35.83102461494686,36.42216873168945,425500,0.0,0.0
2006-01-11 00:00:00-05:00,36.42216128109554,36.68912883330446,36.269607874524716,36.546112060546875,397800,0.0,0.0
2006-01-12 00:00:00-05:00,36.660541113869634,36.717746391370646,35.811962217429816,35.964515686035156,449200,0.0,0.0
2006-01-13 00:00:00-05:00,35.993111051327546,36.460308000424035,35.81195498057957,36.42216873168945,405600,0.0,0.0
2006-01-17 00:00:00-05:00,36.75588236567323,37.13726782150381,36.46984509238093,36.95610809326172,391500,0.0,0.0
2006-01-18 00:00:00-05:00,36.8512303053899,36.87983294138228,36.1552013075112,36.584259033203125,413000,0.0,0.0
2006-01-19 00:00:00-05:00,36.5175137091904,37.17540337277676,36.488911075873055,37.06098556518555,732300,0.0,0.0
2006-01-20 00:00:00-05:00,37.432834429168174,37.757010943733476,37.08005528122269,37.1944694519043,590000,0.0,0.0
2006-01-23 00:00:00-05:00,37.28028101890947,37.43283445899346,36.74634579719595,37.118194580078125,243800,0.0,0.0
2006-01-24 00:00:00-05:00,37.02285405036597,37.661670513234036,36.90843623005065,37.470977783203125,518300,0.0,0.0
2006-01-25 00:00:00-05:00,37.56631786505196,37.938166607978694,36.59378842508022,36.94656753540039,482500,0.0,0.0
2006-01-26 00:00:00-05:00,36.946567918036166,37.38515856104787,36.70820296372626,37.30888366699219,292400,0.0,0.0
2006-01-27 00:00:00-05:00,37.4709777861885,37.795154336118486,37.04192005287508,37.375633239746094,213500,0.0,0.0
2006-01-30 00:00:00-05:00,37.3279607942998,37.64260070583707,36.97517797233572,37.184940338134766,934100,0.0,0.0
2006-01-31 00:00:00-05:00,37.089591943003335,37.17540348036464,36.85122696557314,37.07052230834961,244400,0.0,0.0
2006-02-01 00:00:00-05:00,36.85122672845956,37.32795668025251,36.6605340203102,36.76541519165039,528600,0.0,0.0
2006-02-02 00:00:00-05:00,36.765414959765586,36.88936212769416,35.99311113335411,36.5556526184082,656100,0.0,0.0
2006-02-03 00:00:00-05:00,36.555645017402774,36.803542938875445,36.39355497719518,36.6509895324707,639600,0.0,0.0
2006-02-06 00:00:00-05:00,36.708206524250656,37.17540348036464,36.56518608292817,37.07052230834961,380900,0.0,0.0
2006-02-07 00:00:00-05:00,36.70819818568156,36.94656310896521,36.05984530337724,36.33634948730469,848100,0.0,0.0
2006-02-08 00:00:00-05:00,36.27914837519363,36.717739055158276,35.99311113335411,36.5556526184082,563700,0.0,0.0
2006-02-09 00:00:00-05:00,36.61286554760771,37.01331700278468,36.48891472888859,36.95610809326172,830700,0.0,0.0
2006-02-10 00:00:00-05:00,36.898903230271685,37.518650056420526,36.8226246833948,37.470977783203125,766100,0.0,0.0
2006-02-13 00:00:00-05:00,37.184937612251225,39.47324292017724,37.184937612251225,38.453041076660156,799200,0.0,0.0
2006-02-14 00:00:00-05:00,38.453040702789494,38.453040702789494,37.757011753548895,38.119327545166016,1013100,0.0,0.0
2006-02-15 00:00:00-05:00,39.07278750672674,39.07278750672674,37.35656035964125,38.043052673339844,762100,0.0,0.0
2006-02-16 00:00:00-05:00,38.424434924518714,38.948837165041176,38.28141811555497,38.74861145019531,655000,0.0,0.0
2006-02-17 00:00:00-05:00,38.74860392958824,39.120452652748355,38.453033732799604,38.758140563964844,681900,0.0,0.0
2006-02-21 00:00:00-05:00,39.091854347250084,39.854621509520385,38.57698514878236,39.3969612121582,468500,0.0,0.0
2006-02-22 00:00:00-05:00,39.47323129211111,39.47323129211111,38.29093971595913,38.58651351928711,228400,0.0,0.0
2006-02-23 00:00:00-05:00,38.61513157894737,39.0823285984017,38.357696931961684,38.824893951416016,689700,0.0,0.0
2006-02-24 00:00:00-05:00,39.14906648245662,39.28255029223591,38.65326687673278,38.77721405029297,240000,0.0,0.0
2006-02-27 00:00:00-05:00,38.77720607940674,38.90115686464913,38.329082472570875,38.405357360839844,253100,0.0,0.0
2006-02-28 00:00:00-05:00,38.34816710562165,38.34816710562165,36.860768012327505,37.80469512939453,681200,0.0,0.0
2006-03-01 00:00:00-05:00,37.66166368813465,38.32908630371094,37.62352442160786,38.32908630371094,450400,0.0,0.0
2006-03-02 00:00:00-05:00,38.2814107301538,38.9965055484967,38.23373483253601,38.948829650878906,404800,0.0,0.0
2006-03-03 00:00:00-05:00,38.948829912109,39.56858021369364,38.920227283074745,39.158592224121094,685800,0.0,0.0
2006-03-06 00:00:00-05:00,38.47210711763631,39.09185753339603,38.47210711763631,38.61512756347656,645600,0.0,0.0
2006-03-07 00:00:00-05:00,38.44350028967807,38.491172554037426,37.88095884105216,38.10979080200195,838800,0.0,0.0
2006-03-08 00:00:00-05:00,40.87482619302456,40.87482619302456,37.65213424740836,38.043052673339844,743100,0.0,0.0
2006-03-09 00:00:00-05:00,38.10979846601651,38.34816347290995,38.03351991797315,38.128868103027344,648800,0.0,0.0
2006-03-10 00:00:00-05:00,38.07165945225822,38.834426752099375,37.71888025804944,38.56745910644531,330700,0.0,0.0
2006-03-13 00:00:00-05:00,41.85688426109783,41.85688426109783,38.19559869474724,38.281410217285156,757600,0.0,0.0
2006-03-14 00:00:00-05:00,38.233745650844924,38.414905383867215,37.95724500709115,38.128868103027344,934800,0.0,0.0
2006-03-15 00:00:00-05:00,38.13839306953389,38.290946496325596,37.47097046338492,37.84281921386719,1043800,0.0,0.0
2006-03-16 00:00:00-05:00,37.900028143732335,38.02397893971428,37.690265817787584,37.81421661376953,1255900,0.0,0.0
2006-03-17 00:00:00-05:00,37.81422783987717,37.81422783987717,37.32796478383558,37.58539581298828,1082000,0.0,0.0
2006-03-20 00:00:00-05:00,37.575854549328874,37.6521330872388,36.803550720214844,36.803550720214844,1164300,0.0,0.0
2006-03-21 00:00:00-05:00,36.80355015228974,36.80355015228974,35.65940119858355,36.10752487182617,1160600,0.0,0.0
2006-03-22 00:00:00-05:00,36.07892619138774,36.41263573324802,35.707077376983065,36.279151916503906,1094500,0.0,0.0
2006-03-23 00:00:00-05:00,36.28868923936291,37.375633067301045,36.15520178293362,37.184940338134766,1163700,0.0,0.0
2006-03-24 00:00:00-05:00,37.184933173696585,37.7951468797295,37.184933173696585,37.633060455322266,408500,0.0,0.0
2006-03-27 00:00:00-05:00,37.75701178452477,38.13839721150421,37.32795772562414,38.043052673339844,391500,0.0,0.0
2006-03-28 00:00:00-05:00,38.28140949025923,38.32908174917264,37.69026184082031,37.69026184082031,693400,0.0,0.0
2006-03-29 00:00:00-05:00,38.24328241702453,38.395835876464844,37.46144548274776,38.395835876464844,423700,0.0,0.0
2006-03-30 00:00:00-05:00,39.09185764370409,39.09185764370409,38.45304122804671,38.67233657836914,612300,0.0,0.0
2006-03-31 00:00:00-05:00,38.66279224592749,38.71046450613212,38.3958246790533,38.681861877441406,409200,0.0,0.0
2006-04-03 00:00:00-04:00,38.85349140975473,38.90116367791734,37.251678466796875,37.251678466796875,1787800,0.0,0.0
2006-04-04 00:00:00-04:00,37.18493991925838,37.19447291888673,36.33636110304674,36.717742919921875,1072600,0.0,0.0
2006-04-05 00:00:00-04:00,36.717742711247645,36.89890243760792,36.08845926167683,36.26961898803711,1100800,0.0,0.0
2006-04-06 00:00:00-04:00,36.24100718143575,38.94883329220167,35.802416524766784,38.72953796386719,1652300,0.0,0.0
2006-04-07 00:00:00-04:00,38.567455846640115,39.94997350665209,37.842824245167414,39.28255081176758,2011000,0.0,0.0
2006-04-10 00:00:00-04:00,37.57585337707171,40.350421456671405,37.57585337707171,39.85462188720703,804200,0.0,0.0
2006-04-11 00:00:00-04:00,39.99764633096192,40.99877856857633,39.37789589773527,39.949974060058594,1088300,0.0,0.0
2006-04-12 00:00:00-04:00,40.045322580105704,40.81762653924302,39.85462984038719,40.23601531982422,629400,0.0,0.0
2006-04-13 00:00:00-04:00,40.18833172072132,40.71273387932058,39.76880708411355,40.41716003417969,403300,0.0,0.0
2006-04-17 00:00:00-04:00,40.56972475689671,40.90343795962874,39.95951090147544,40.06439208984375,522900,0.0,0.0
2006-04-18 00:00:00-04:00,40.20740165977928,40.59832370484003,39.90229478713352,40.49344253540039,604700,0.0,0.0
2006-04-19 00:00:00-04:00,40.56018864728244,41.18947209208936,39.96904083764472,41.13226318359375,582400,0.0,0.0
2006-04-20 00:00:00-04:00,42.333617343428784,42.333617343428784,41.02737477495847,41.494571685791016,538200,0.0,0.0
2006-04-21 00:00:00-04:00,40.59832840257817,42.04758439676228,40.59832840257817,41.685272216796875,398500,0.0,0.0
2006-04-24 00:00:00-04:00,41.68526301969306,41.68526301969306,39.8641549734004,40.11205291748047,501600,0.0,0.0
2006-04-25 00:00:00-04:00,40.23600756172686,40.426700264677,39.616257186429095,40.03578186035156,418200,0.0,0.0
2006-04-26 00:00:00-04:00,40.04531494431384,40.76040985403373,40.04531494431384,40.16926574707031,499700,0.0,0.0
2006-04-27 00:00:00-04:00,40.04532245221665,41.04645478608977,39.33022740842706,40.06439208984375,1050600,0.0,0.0
2006-04-28 00:00:00-04:00,40.159725818992804,41.3324809383265,39.73066818090475,40.855751037597656,508500,0.0,0.0
2006-05-01 00:00:00-04:00,40.855747868319206,41.704330081004805,40.80807560937647,41.408756256103516,1783200,0.0,0.0
2006-05-02 00:00:00-04:00,41.61853420143101,42.27642035127692,41.4278414568323,41.885501861572266,465500,0.0,0.0
2006-05-03 00:00:00-04:00,41.885497516679585,41.885497516679585,41.046451709778616,41.2657470703125,365300,0.0,0.0
2006-05-04 00:00:00-04:00,41.27527952249971,41.475505226536804,40.7127380417568,40.76041030883789,591100,0.0,0.0
2006-05-05 00:00:00-04:00,40.80808653738276,41.80921879191444,40.741344629558064,41.027381896972656,534500,0.0,0.0
2006-05-08 00:00:00-04:00,41.03691895565383,41.44690704345703,40.80808695707203,41.44690704345703,381200,0.0,0.0
2006-05-09 00:00:00-04:00,41.4373660900634,41.66619806480708,40.61738999987642,41.00830841064453,495200,0.0,0.0
2006-05-10 00:00:00-04:00,41.008312507741664,41.55178804741087,40.71274223907032,41.30388641357422,372900,0.0,0.0
2006-05-11 00:00:00-04:00,41.70433678484305,41.70433678484305,40.2836799621582,40.2836799621582,464400,0.0,0.0
2006-05-12 00:00:00-04:00,40.14066580047248,40.14066580047248,38.35769656311804,38.472110748291016,983600,0.0,0.0
2006-05-15 00:00:00-04:00,36.70820384792871,38.414897834815896,36.27914619240391,38.32908630371094,812400,0.0,0.0
2006-05-16 00:00:00-04:00,38.42443496454651,39.30162000318093,37.947704993182015,38.8630256652832,1819900,0.0,0.0
2006-05-17 00:00:00-04:00,38.42442702059056,38.662791956992685,37.88095525656653,38.37675476074219,609900,0.0,0.0
2006-05-18 00:00:00-04:00,38.38629877038657,39.034651874377396,37.41377275156165,37.652137756347656,733300,0.0,0.0
2006-05-19 00:00:00-04:00,37.652136919350305,37.652136919350305,36.08845946749877,36.67007064819336,1199400,0.0,0.0
2006-05-22 00:00:00-04:00,36.49844383471343,36.813087347780005,34.84895864297037,36.70820617675781,1966000,0.0,0.0
2006-05-23 00:00:00-04:00,37.04190707955846,38.17652642551238,35.78334059407212,35.888221740722656,726600,0.0,0.0
2006-05-24 00:00:00-04:00,35.411495587022706,36.15519305026641,35.15406101040133,35.8500862121582,1465400,0.0,0.0
2006-05-25 00:00:00-04:00,36.70820317786166,37.54724884033203,35.9835753128831,37.54724884033203,868500,0.0,0.0
2006-05-26 00:00:00-04:00,37.785613952045665,38.11932343653985,37.42329819948013,37.84281921386719,456000,0.0,0.0
2006-05-30 00:00:00-04:00,38.10024888279537,38.11931851332652,36.708198588463,36.72726821899414,346200,0.0,0.0
2006-05-31 00:00:00-04:00,36.80355106400187,37.19446948153967,36.517513818489505,37.118194580078125,439000,0.0,0.0
2006-06-01 00:00:00-04:00,37.11819893330584,37.85236358642578,36.66053855937938,37.85236358642578,420000,0.0,0.0
2006-06-02 00:00:00-04:00,38.08119609685468,38.51979051875576,37.566330393411924,38.443511962890625,564200,0.0,0.0
2006-06-05 00:00:00-04:00,38.75814264265789,38.75814264265789,37.032379081129875,37.04191207885742,645900,0.0,0.0
2006-06-06 00:00:00-04:00,37.04191963896554,37.947707368692214,36.30775863780775,36.95610809326172,729700,0.0,0.0
2006-06-07 00:00:00-04:00,36.99423916983261,37.2802763797505,36.174263167483645,36.298213958740234,595100,0.0,0.0
2006-06-08 00:00:00-04:00,36.14566799437089,36.14566799437089,35.21127764272524,36.1265983581543,1125600,0.0,0.0
2006-06-09 00:00:00-04:00,36.136138372402755,36.41263903048415,35.21128093384056,35.52592086791992,893900,0.0,0.0
2006-06-12 00:00:00-04:00,35.48778056291566,35.54498583222934,34.03852100000505,34.32455825805664,1163700,0.0,0.0
2006-06-13 00:00:00-04:00,34.0099129643136,34.076658503653015,31.769283649095126,32.17927169799805,3195100,0.0,0.0
2006-06-14 00:00:00-04:00,32.369964360199006,32.732280140914845,31.17813948417666,32.064857482910156,1760400,0.0,0.0
2006-06-15 00:00:00-04:00,32.89436037181851,33.933631613110194,32.818081848307834,33.67619705200195,1729200,0.0,0.0
2006-06-16 00:00:00-04:00,33.676208401973405,33.676208401973405,33.10413383147648,33.475982666015625,1662200,0.0,0.0
2006-06-19 00:00:00-04:00,33.70480641493653,33.70480641493653,32.46530925748212,32.5701904296875,875600,0.0,0.0
2006-06-20 00:00:00-04:00,32.455777527269824,32.932507501628685,31.607198754856825,31.72161293029785,834300,0.0,0.0
2006-06-21 00:00:00-04:00,31.712067706674134,32.98970383747061,31.654862453024787,32.60832214355469,1452900,0.0,0.0
2006-06-22 00:00:00-04:00,32.46529954846402,34.086181640625,32.34134877863881,34.086181640625,1624400,0.0,0.0
2006-06-23 00:00:00-04:00,34.18154197958736,35.26848951221657,34.143406341113845,34.934776306152344,969300,0.0,0.0
2006-06-26 00:00:00-04:00,34.98244435675868,35.1349978037111,34.32455829874407,34.48664474487305,688300,0.0,0.0
2006-06-27 00:00:00-04:00,35.39243574439993,35.39243574439993,33.542724572101264,33.571327209472656,1077700,0.0,0.0
2006-06-28 00:00:00-04:00,33.67619695713941,33.71433621878731,33.09458594706953,33.59038543701172,639700,0.0,0.0
2006-06-29 00:00:00-04:00,33.819233200688295,34.50572204589844,33.49505659925283,34.50572204589844,796300,0.0,0.0
2006-06-30 00:00:00-04:00,34.70595186668901,35.525924562961144,34.286427061399806,35.23988723754883,2616900,0.0,0.0
2006-07-03 00:00:00-04:00,36.469844572027,36.469844572027,35.468712311207526,36.050323486328125,683200,0.0,0.0
2006-07-05 00:00:00-04:00,35.94543813838557,35.94543813838557,35.096859428666875,35.64033126831055,788900,0.0,0.0
2006-07-06 00:00:00-04:00,35.46870815652158,36.02171299393108,35.115929020389956,35.57358932495117,622900,0.0,0.0
2006-07-07 00:00:00-04:00,35.783347664801525,36.002642997875924,35.10639203176828,35.25894546508789,402700,0.0,0.0
2006-07-10 00:00:00-04:00,35.2112736379128,35.754745478208704,34.99197830210575,35.70707321166992,419300,0.0,0.0
2006-07-11 00:00:00-04:00,35.70706606987204,36.47936608995011,35.65939381286822,36.13612365722656,720100,0.0,0.0
2006-07-12 00:00:00-04:00,36.1361349948432,36.4507748995139,35.85009408875556,36.1265983581543,392600,0.0,0.0
2006-07-13 00:00:00-04:00,36.18379839784848,36.34588481021892,34.67733024043687,34.86802291870117,445400,0.0,0.0
2006-07-14 00:00:00-04:00,34.96336708469813,35.37335506580267,33.990841346016964,34.44850158691406,1170000,0.0,0.0
2006-07-17 00:00:00-04:00,34.44849677018471,34.53430828067692,33.209000003088185,33.60945129394531,624100,0.0,0.0
2006-07-18 00:00:00-04:00,33.6094626625654,34.12433189967653,33.104130061601325,33.523651123046875,573100,0.0,0.0
2006-07-19 00:00:00-04:00,33.52365189676834,34.76314911174031,33.52365189676834,34.49618148803711,636400,0.0,0.0
2006-07-20 00:00:00-04:00,34.56292324436653,34.7440793257866,34.2101440806912,34.276885986328125,429500,0.0,0.0
2006-07-21 00:00:00-04:00,34.324561345205495,34.3436309824122,33.38063430786133,33.38063430786133,369300,0.0,0.0
2006-07-24 00:00:00-04:00,33.59039294641017,33.75248302607019,33.085060346664996,33.34249496459961,670100,0.0,0.0
2006-07-25 00:00:00-04:00,33.228077681645566,34.286418804237705,33.180405411751366,34.18153762817383,638600,0.0,0.0
2006-07-26 00:00:00-04:00,34.19107437133789,34.31502518317915,33.86689784301839,34.19107437133789,666700,0.0,0.0
2006-07-27 00:00:00-04:00,34.27689317725956,34.27689317725956,33.189949186387565,33.542728424072266,321800,0.0,0.0
2006-07-28 00:00:00-04:00,33.46643782484566,33.97177399664036,32.76087960333689,32.8466911315918,480800,0.0,0.0
2006-07-31 00:00:00-04:00,32.89437143026284,33.64760573593252,32.86576879291078,33.361568450927734,652100,0.0,0.0
2006-08-01 00:00:00-04:00,33.35202750553472,33.95270827246626,32.76088337459626,32.87529754638672,507600,0.0,0.0
2006-08-02 00:00:00-04:00,32.93250617706866,33.38062986167274,32.44623958597029,32.55112075805664,451200,0.0,0.0
2006-08-03 00:00:00-04:00,32.55112559319864,32.55112559319864,31.006521327370276,31.063730239868164,778800,0.0,0.0
2006-08-04 00:00:00-04:00,31.178146388799206,31.406974778861084,30.74908861098109,31.244888305664062,796600,0.0,0.0
2006-08-07 00:00:00-04:00,31.178142192774263,31.273486736274744,30.5107194767873,30.65373992919922,515600,0.0,0.0
2006-08-08 00:00:00-04:00,30.663271330027023,31.626264262955676,30.606062424612656,31.14000129699707,1180500,0.0,0.0
2006-08-09 00:00:00-04:00,31.17814083016547,31.778821612017715,31.17814083016547,31.46417808532715,628000,0.0,0.0
2006-08-10 00:00:00-04:00,31.47371267530621,31.47371267530621,30.701412411048118,31.101863861083984,613100,0.0,0.0
2006-08-11 00:00:00-04:00,31.08278978955344,31.130465691988164,30.22467810313894,30.300954818725586,317400,0.0,0.0
2006-08-14 00:00:00-04:00,30.396301013359533,30.405835830652403,29.814691707138017,30.0816593170166,537100,0.0,0.0
2006-08-15 00:00:00-04:00,29.98631680854025,30.415372704244007,29.938642718852783,30.243749618530273,407900,0.0,0.0
2006-08-16 00:00:00-04:00,30.51071750826251,30.71094321899185,30.329559613854666,30.663270950317383,466400,0.0,0.0
2006-08-17 00:00:00-04:00,30.7967529296875,30.7967529296875,30.453508614725774,30.7967529296875,218000,0.0,0.0
2006-08-18 00:00:00-04:00,30.70140891489144,31.340225289724994,30.596527745969922,31.330692291259766,278200,0.0,0.0
2006-08-21 00:00:00-04:00,31.559521143825414,32.131599264466765,31.23534463327691,31.912303924560547,788600,0.0,0.0
2006-08-22 00:00:00-04:00,31.750219182384107,32.12206802280549,31.46418189261085,31.559526443481445,361900,0.0,0.0
2006-08-23 00:00:00-04:00,31.464177893678208,32.007649766323404,30.682341036989996,31.17814064025879,1100200,0.0,0.0
2006-08-24 00:00:00-04:00,31.273487637684156,32.16020573900945,30.97791736201659,32.007652282714844,935000,0.0,0.0
2006-08-25 00:00:00-04:00,32.10300071331615,32.39857466190844,31.8646356816919,32.093467712402344,330200,0.0,0.0
2006-08-28 00:00:00-04:00,32.036262398941545,32.036262398941545,31.321167223633367,31.52139663696289,517000,0.0,0.0
2006-08-29 00:00:00-04:00,31.46417649865595,31.979045714279835,31.092327721981206,31.85509490966797,350800,0.0,0.0
2006-08-30 00:00:00-04:00,31.855090915344977,31.959972072468474,31.368828030780136,31.683467864990234,311500,0.0,0.0
2006-08-31 00:00:00-04:00,31.68347535783827,31.712077993941516,31.330696176306912,31.36883544921875,724900,0.0,0.0
2006-09-01 00:00:00-04:00,31.368826208921895,31.797880172729492,31.21627279937337,31.797880172729492,299100,0.0,0.0
2006-09-05 00:00:00-04:00,31.7978935827775,31.931381054942964,31.27349124362204,31.883705139160156,295300,0.0,0.0
2006-09-06 00:00:00-04:00,31.874164132797826,31.874164132797826,31.03511841858646,31.330692291259766,966400,0.0,0.0
2006-09-07 00:00:00-04:00,31.17813607446973,31.263947601645242,30.41536714608519,30.424901962280273,547300,0.0,0.0
2006-09-08 00:00:00-04:00,30.43443834585519,30.51071506076389,29.747947911676924,30.033985137939453,671800,0.0,0.0
2006-09-11 00:00:00-04:00,29.986315836488316,29.986315836488316,28.98518180847168,28.98518180847168,782300,0.0,0.0
2006-09-12 00:00:00-04:00,28.947044143399847,29.032855682843167,28.603797985626567,28.641937255859375,468300,0.0,0.0
2006-09-13 00:00:00-04:00,28.661005339374245,29.5572581938084,28.603798252072647,29.061458587646484,821900,0.0,0.0
2006-09-14 00:00:00-04:00,29.156803565315276,29.18540801690226,27.221279320526296,27.402437210083008,1006000,0.0,0.0
2006-09-15 00:00:00-04:00,27.173609879189186,28.632404327392578,27.173609879189186,28.632404327392578,1797900,0.0,0.0
2006-09-18 00:00:00-04:00,28.74681698723528,29.86236519598557,28.74681698723528,29.118667602539062,1004100,0.0,0.0
2006-09-19 00:00:00-04:00,29.24261418281767,29.500048783271748,28.384500666551126,28.556123733520508,903600,0.0,0.0
2006-09-20 00:00:00-04:00,28.784953787772174,28.784953787772174,28.231947139694906,28.50844955444336,1194700,0.0,0.0
2006-09-21 00:00:00-04:00,28.508449649039918,29.15680264933298,28.394035483447244,28.556123733520508,408800,0.0,0.0
2006-09-22 00:00:00-04:00,28.413102594841497,28.556123026160158,27.783819243928576,27.850561141967773,457900,0.0,0.0
2006-09-25 00:00:00-04:00,27.821960097043192,27.821960097043192,26.849430565238045,27.459644317626953,1743100,0.0,0.0
2006-09-26 00:00:00-04:00,27.268955449374637,27.98405042539715,27.18314390676549,27.621734619140625,544100,0.0,0.0
2006-09-27 00:00:00-04:00,27.7647538796808,28.603797815424503,27.7647538796808,28.460779190063477,997500,0.0,0.0
2006-09-28 00:00:00-04:00,28.508449504367523,28.670537753618238,28.12706592336007,28.39403533935547,837900,0.0,0.0
2006-09-29 00:00:00-04:00,28.40357193555645,28.546590560071156,28.222414041261562,28.327293395996094,1051000,0.0,0.0
2006-10-02 00:00:00-04:00,27.669405912663187,27.74568262965451,26.553857790052344,26.591995239257812,1697300,0.0,0.0
2006-10-03 00:00:00-04:00,26.50618583496507,26.50618583496507,24.256021593640924,24.39904022216797,3474000,0.0,0.0
2006-10-04 00:00:00-04:00,24.322763969230113,25.362035478440216,24.227417608842106,24.98065185546875,2972500,0.0,0.0
2006-10-05 00:00:00-04:00,24.980648199375793,25.2666854200957,24.78042069000762,25.19040870666504,1950900,0.0,0.0
2006-10-06 00:00:00-04:00,25.190409853507326,25.190409853507326,23.98905019834495,24.3132266998291,996100,0.0,0.0
2006-10-09 00:00:00-04:00,24.31322446583605,24.58019385975764,23.607664444664945,23.941375732421875,908600,0.0,0.0
2006-10-10 00:00:00-04:00,24.265558069797432,24.532525709672502,23.569530877855836,24.12253761291504,821600,0.0,0.0
2006-10-11 00:00:00-04:00,24.122535413753663,24.122535413753663,23.59813318159486,23.693479537963867,671900,0.0,0.0
2006-10-12 00:00:00-04:00,23.741150136007775,24.07486145052318,23.712547504116408,24.03672218322754,785900,0.0,0.0
2006-10-13 00:00:00-04:00,24.15114052916575,24.64694014102945,23.903240723233903,24.599266052246094,636500,0.0,0.0
2006-10-16 00:00:00-04:00,24.93297626101405,25.72434791287986,24.89483881030919,25.552724838256836,972900,0.0,0.0
2006-10-17 00:00:00-04:00,25.638536050806234,25.638536050806234,24.809026958742916,25.114133834838867,883200,0.0,0.0
2006-10-18 00:00:00-04:00,25.123665178608533,25.552720981832405,25.075991099196873,25.44784164428711,968100,0.0,0.0
2006-10-19 00:00:00-04:00,25.447843997143295,26.325027135038457,25.43830918037939,25.981781005859375,1667800,0.0,0.0
2006-10-20 00:00:00-04:00,25.981781005859375,26.058057721390245,25.552723344385523,25.981781005859375,958300,0.0,0.0
2006-10-23 00:00:00-04:00,25.981782012148535,25.991316829281725,24.92344095190978,24.93297576904297,545400,0.0,0.0
2006-10-24 00:00:00-04:00,24.932978379568027,25.991319550616897,24.932978379568027,25.886438369750977,707100,0.0,0.0
2006-10-25 00:00:00-04:00,25.886438192323094,26.11526837016891,25.55272683433023,25.648073196411133,586100,0.0,0.0
2006-10-26 00:00:00-04:00,25.819693859199678,25.9341098466658,25.028322219848633,25.028322219848633,987600,0.0,0.0
2006-10-27 00:00:00-04:00,25.25715428203153,25.676677176289388,24.942512565983275,24.97111701965332,500500,0.0,0.0
2006-10-30 00:00:00-05:00,24.98064776160433,24.98064776160433,24.522985670460326,24.71367835998535,336200,0.0,0.0
2006-10-31 00:00:00-05:00,24.723217264926568,25.505054147831117,24.45624781915746,25.09506607055664,683900,0.0,0.0
2006-11-01 00:00:00-05:00,25.15227290059871,25.219016625289548,24.551593927025564,24.723217010498047,717000,0.0,0.0
2006-11-02 00:00:00-05:00,24.694612557059116,24.770889280982384,24.437177931850393,24.723217010498047,731400,0.0,0.0
2006-11-03 00:00:00-05:00,24.742285079449843,25.342964014988176,24.732750262240607,25.171340942382812,360200,0.0,0.0
2006-11-06 00:00:00-05:00,25.0759945888709,25.342964014988176,24.217881044424523,25.171340942382812,598800,0.0,0.0
2006-11-07 00:00:00-05:00,25.171342757664203,25.22854984646478,24.828098406280162,24.98065185546875,875400,0.0,0.0
2006-11-08 00:00:00-05:00,24.990181074080656,25.171338949552876,24.952043626843516,25.085527420043945,556300,0.0,0.0
2006-11-09 00:00:00-05:00,25.09506583179241,25.447846816824356,24.704147394059486,24.780424118041992,828000,0.0,0.0
2006-11-10 00:00:00-05:00,24.98064939479467,24.98064939479467,24.3036919394448,24.34183120727539,375900,0.0,0.0
2006-11-13 00:00:00-05:00,24.33229410810994,24.33229410810994,23.84602940036065,23.98904800415039,503200,0.0,0.0
2006-11-14 00:00:00-05:00,24.71367656560267,24.837625531788202,24.36089566116977,24.809022903442383,1744300,0.0,0.0
2006-11-15 00:00:00-05:00,24.79949315306079,26.55385958074982,24.68507716056781,26.439443588256836,1326200,0.0,0.0
2006-11-16 00:00:00-05:00,26.64920636825252,27.183143431817747,26.611067097279022,26.992450714111328,1560500,0.0,0.0
2006-11-17 00:00:00-05:00,26.992448988814044,27.297555862778133,26.69687693198388,27.22127914428711,855600,0.0,0.0
2006-11-20 00:00:00-05:00,27.66940857987603,27.707546032757786,27.011520695795543,27.41197395324707,664500,0.0,0.0
2006-11-21 00:00:00-05:00,27.411969194561134,28.460775336156043,27.307088034827572,28.44170570373535,1051600,0.0,0.0
2006-11-22 00:00:00-05:00,28.59426280385467,28.823092966595343,28.127067660936564,28.222414016723633,786300,0.0,0.0
2006-11-24 00:00:00-05:00,28.58472618852212,28.756349254428155,28.38450049068532,28.422637939453125,391400,0.0,0.0
2006-11-27 00:00:00-05:00,28.498917862471465,28.74681767238894,27.61219980123066,27.621734619140625,550000,0.0,0.0
2006-11-28 00:00:00-05:00,27.411974364922024,28.21288089185315,27.39290472890448,28.012653350830078,1136800,0.0,0.0
2006-11-29 00:00:00-05:00,28.050788104943276,29.423770761201098,27.65033490597559,29.309354782104492,3383700,0.0,0.0
2006-11-30 00:00:00-05:00,29.395166350554618,29.662135756411974,28.82309009147759,29.32842445373535,1014000,0.0,0.0
2006-12-01 00:00:00-05:00,29.46191242814949,29.862365684471467,28.95657981276309,29.74795150756836,557500,0.0,0.0
2006-12-04 00:00:00-05:00,29.700277778249585,30.45351202940752,29.58586359996014,30.224681854248047,3370300,0.0,0.0
2006-12-05 00:00:00-05:00,30.2818849160378,30.482110610705504,29.919569156286244,30.033985137939453,1309900,0.0,0.0
2006-12-06 00:00:00-05:00,30.033985035088232,30.482110506319678,29.881431605793257,29.93863868713379,939500,0.0,0.0
2006-12-07 00:00:00-05:00,30.03398472681829,30.03398472681829,29.37609693312359,29.566789627075195,428400,0.0,0.0
2006-12-08 00:00:00-05:00,29.652602844561518,29.728879562765815,29.080526548739094,29.27121925354004,465000,0.0,0.0
2006-12-11 00:00:00-05:00,29.10913011880417,29.156802384271003,28.212877343100907,28.33682632446289,504100,0.0,0.0
2006-12-12 00:00:00-05:00,28.203345761676182,28.28915730422476,27.469181150351975,27.516855239868164,641900,0.0,0.0
2006-12-13 00:00:00-05:00,27.507318403645105,27.726613743587315,27.173607075839758,27.459644317626953,1396900,0.0,0.0
2006-12-14 00:00:00-05:00,27.383369426717387,27.812427136622897,27.240350796275735,27.326162338256836,612300,0.0,0.0
2006-12-15 00:00:00-05:00,25.743418616331404,27.421508344366373,25.743418616331404,26.906639099121094,410600,0.0,0.0
2006-12-18 00:00:00-05:00,25.743419874014496,26.83989850493232,25.743419874014496,26.058061599731445,600800,0.0,0.0
2006-12-19 00:00:00-05:00,25.772020282577916,26.391768818533617,24.723214088648092,25.74341583251953,826000,0.0,0.0
2006-12-20 00:00:00-05:00,25.924575495693624,25.93411031303563,25.39063663602386,25.581329345703125,811300,0.0,0.0
2006-12-21 00:00:00-05:00,25.581328989477747,25.64807089136196,24.980650053939414,25.171340942382812,1867400,0.0,0.0
2006-12-22 00:00:00-05:00,27.173607263288815,28.46077849737122,26.89710301821744,27.602664947509766,3684500,0.0,0.0
2006-12-26 00:00:00-05:00,27.7933556454323,28.03172061978177,27.268953429295635,27.459644317626953,449800,0.0,0.0
2006-12-27 00:00:00-05:00,27.268957547006462,27.85056693560959,26.70641597710947,27.841033935546875,898400,0.0,0.0
2006-12-28 00:00:00-05:00,27.164072060063948,27.47871375116197,27.078260524438996,27.22127914428711,524700,0.0,0.0
2006-12-29 00:00:00-05:00,27.268951668849223,27.65987005605876,27.07825897424833,27.526386260986328,696000,0.0,0.0
2007-01-03 00:00:00-05:00,27.926842614974653,27.926842614974653,26.25828771403242,26.68734359741211,1893500,0.0,0.0
2007-01-04 00:00:00-05:00,26.13433664317167,26.79222450677677,25.924576112398967,26.36316680908203,658700,0.0,0.0
2007-01-05 00:00:00-05:00,26.37270141072548,26.429908497089563,25.953178534034397,26.019922256469727,485000,0.0,0.0
2007-01-08 00:00:00-05:00,26.229678850329712,26.553855322058006,25.76248377485781,25.934106826782227,577400,0.0,0.0
2007-01-09 00:00:00-05:00,25.934108797607188,26.601529605323776,25.55272340053445,26.010385513305664,803400,0.0,0.0
2007-01-10 00:00:00-05:00,25.838758611252427,26.220142133108904,25.65760075640307,26.029449462890625,660500,0.0,0.0
2007-01-11 00:00:00-05:00,26.01992220143522,26.17247564380377,25.772022402941207,25.991317749023438,714400,0.0,0.0
2007-01-12 00:00:00-05:00,26.13433673572155,27.736149721347093,25.991318108843664,26.458513259887695,521900,0.0,0.0
2007-01-16 00:00:00-05:00,26.42037183259598,26.792222414418305,25.99131598698918,26.153404235839844,409800,0.0,0.0
2007-01-17 00:00:00-05:00,26.26781641564981,26.69687404741536,25.981779206859592,26.077125549316406,351500,0.0,0.0
2007-01-18 00:00:00-05:00,25.838767971386083,26.25829090669108,25.67667968855784,25.819698333740234,593400,0.0,0.0
2007-01-19 00:00:00-05:00,26.08666272662946,26.858964715131403,26.058058275729245,26.6205997467041,751200,0.0,0.0
2007-01-22 00:00:00-05:00,26.858969243591517,27.631271362304688,26.744553239280343,27.631271362304688,751600,0.0,0.0
2007-01-23 00:00:00-05:00,27.640802634126445,28.279620847990003,27.411972473447324,27.907772064208984,1446200,0.0,0.0
2007-01-24 00:00:00-05:00,27.90776983160779,28.06032325985638,26.80175656751539,27.526386260986328,1202700,0.0,0.0
2007-01-25 00:00:00-05:00,27.507318069331493,27.507318069331493,26.649204535818672,26.97338104248047,867200,0.0,0.0
2007-01-26 00:00:00-05:00,27.4596456630413,27.4596456630413,26.429908996141766,26.744550704956055,1103100,0.0,0.0
2007-01-29 00:00:00-05:00,26.56339256362201,27.030587681753506,26.47758102982435,26.525253295898438,314600,0.0,0.0
2007-01-30 00:00:00-05:00,26.525255127981445,26.74455047679745,26.363166866121684,26.439443588256836,725700,0.0,0.0
2007-01-31 00:00:00-05:00,26.439441675096898,26.591995108328426,26.22014634214912,26.391769409179688,1391200,0.0,0.0
2007-02-01 00:00:00-05:00,26.39177334246072,26.601533889770508,26.096201248846782,26.601533889770508,1549800,0.0,0.0
2007-02-02 00:00:00-05:00,26.79222653190888,27.030591533405257,26.391773256651742,26.506187438964844,542500,0.0,0.0
2007-02-05 00:00:00-05:00,27.24034606971273,27.249880885898495,26.220144379378826,26.31549072265625,384500,0.0,0.0
2007-02-06 00:00:00-05:00,26.553857659310733,26.553857659310733,26.248750792847673,26.391769409179688,538200,0.0,0.0
2007-02-07 00:00:00-05:00,26.33456214363709,26.553857475063257,25.743416230031382,26.21061134338379,431700,0.0,0.0
2007-02-08 00:00:00-05:00,26.143871740339875,26.744550704956055,25.943644206414135,26.744550704956055,589900,0.0,0.0
2007-02-09 00:00:00-05:00,26.78269155633413,26.81129601103474,25.934112737936236,26.27735710144043,504600,0.0,0.0
2007-02-12 00:00:00-05:00,25.991319567984288,26.124803384753303,25.83876611493953,25.943645477294922,595500,0.0,0.0
2007-02-13 00:00:00-05:00,26.08666047341372,26.229679078400896,25.89596778771066,26.17247200012207,729600,0.0,0.0
2007-02-14 00:00:00-05:00,26.210611318204677,26.30595766786631,26.029453435705616,26.153404235839844,257200,0.0,0.0
2007-02-15 00:00:00-05:00,26.16293505947545,26.16293505947545,25.86736123877911,26.029449462890625,264500,0.0,0.0
2007-02-16 00:00:00-05:00,25.82922826207303,26.97338084406052,25.82922826207303,26.78268814086914,699900,0.0,0.0
2007-02-20 00:00:00-05:00,26.80175960901813,26.887571149468517,26.267820730975604,26.69687843322754,476200,0.0,0.0
2007-02-21 00:00:00-05:00,26.696880288127623,26.696880288127623,26.23921991964765,26.668275833129883,536300,0.0,0.0
2007-02-22 00:00:00-05:00,26.696880288127623,27.059194291862443,26.50618755863731,26.668275833129883,284800,0.0,0.0
2007-02-23 00:00:00-05:00,26.62059993627414,27.030587975861554,26.46804650088074,26.89710235595703,1168600,0.0,0.0
2007-02-26 00:00:00-05:00,26.897104556262157,27.392904171139566,26.820827832325673,27.2403507232666,404000,0.0,0.0
2007-02-27 00:00:00-05:00,26.74455233799687,26.982917338580016,26.201080427640193,26.258289337158203,861900,0.0,0.0
2007-02-28 00:00:00-05:00,26.305959815407217,26.85896650629408,26.13433673572155,26.458513259887695,487300,0.0,0.0
2007-03-01 00:00:00-05:00,26.69687876454798,27.116401654336283,26.11526760951741,27.10686683654785,1174800,0.0,0.0
2007-03-02 00:00:00-05:00,27.106864774185837,27.268953027095996,26.77315345130252,26.982913970947266,384000,0.0,0.0
2007-03-05 00:00:00-05:00,26.334562282704024,26.744548497221324,26.1724740328417,26.325027465820312,915000,0.0,0.0
2007-03-06 00:00:00-05:00,26.506185604359583,26.630136414963694,26.267820619361455,26.54432487487793,339100,0.0,0.0
2007-03-07 00:00:00-05:00,26.591997144445347,26.84943176470265,26.54432487487793,26.54432487487793,477400,0.0,0.0
2007-03-08 00:00:00-05:00,26.611067854453122,28.823094713600607,26.4013073138721,27.926843643188477,1824200,0.0,0.0
2007-03-09 00:00:00-05:00,29.74795035960192,29.74795035960192,27.64080298166138,28.413105010986328,963400,0.0,0.0
2007-03-12 00:00:00-04:00,28.127067306807433,28.127067306807433,27.354765289958635,27.764753341674805,394800,0.0,0.0
2007-03-13 00:00:00-04:00,27.72661188788922,28.041253560228835,27.345228318171547,27.450109481811523,497800,0.0,0.0
2007-03-14 00:00:00-04:00,27.354765430912323,28.155671903838154,27.078261183044386,28.022186279296875,322000,0.0,0.0
2007-03-15 00:00:00-04:00,28.127067529071216,28.27962097018313,28.00311854013546,28.10799789428711,575800,0.0,0.0
2007-03-16 00:00:00-04:00,28.11753233109597,28.127067148358964,27.440576672647296,27.593130111694336,362200,0.0,0.0
2007-03-19 00:00:00-04:00,27.945910087103762,29.070993097409342,27.602665748348862,28.622867584228516,1662000,0.0,0.0
2007-03-20 00:00:00-04:00,28.632399401594785,29.92910353611542,28.632399401594785,29.50958251953125,1568900,0.0,0.0
2007-03-21 00:00:00-04:00,29.49051575311337,30.758615561260953,29.366564944534414,30.7014102935791,1202900,0.0,0.0
2007-03-22 00:00:00-04:00,30.80629166124563,31.273484990341238,30.682340851885964,30.98744773864746,1075900,0.0,0.0
2007-03-23 00:00:00-04:00,30.987445369067476,30.987445369067476,30.15793449285862,30.443973541259766,317600,0.0,0.0
2007-03-26 00:00:00-04:00,30.44397753359381,30.83489598095029,29.862366362296353,30.586997985839844,439300,0.0,0.0
2007-03-27 00:00:00-04:00,30.177005804783075,30.51071713718715,29.652603581419854,30.196075439453125,729000,0.0,0.0
2007-03-28 00:00:00-04:00,30.186538567756845,30.348626814260367,29.795620176527237,30.033985137939453,395200,0.0,0.0
2007-03-29 00:00:00-04:00,30.21514672802359,30.36770017657348,29.83376310664887,29.919572830200195,205500,0.0,0.0
2007-03-30 00:00:00-04:00,29.938640395338876,30.11979828493058,29.509584532933797,29.700275421142578,339900,0.0,0.0
2007-04-02 00:00:00-04:00,30.300960324546107,30.424909327928866,29.56679566701091,29.986318588256836,277200,0.0,0.0
2007-04-03 00:00:00-04:00,30.03398551774854,30.558387712054866,29.4809788730221,30.49164581298828,527500,0.0,0.0
2007-04-04 00:00:00-04:00,30.54886023081417,30.606065504824706,29.98631866768857,30.17700958251953,583800,0.0,0.0
2007-04-05 00:00:00-04:00,30.081661403515373,30.510719118552245,29.805158957165393,30.224681854248047,382300,0.0,0.0
2007-04-09 00:00:00-04:00,30.348626917531302,30.434438449418128,30.072124507014014,30.129331588745117,182500,0.0,0.0
2007-04-10 00:00:00-04:00,29.81469020551627,30.65373589922572,29.81469020551627,30.50118064880371,237600,0.0,0.0
2007-04-11 00:00:00-04:00,30.68234430168977,30.94931194833264,30.177009827060385,30.558393478393555,589700,0.0,0.0
2007-04-12 00:00:00-04:00,30.720479928526707,30.98744754347126,30.358164138844124,30.7014102935791,449000,0.0,0.0
2007-04-13 00:00:00-04:00,30.701414235671585,30.92070960998535,30.310495761953753,30.92070960998535,215800,0.0,0.0
2007-04-16 00:00:00-04:00,29.490514800965233,31.77882000054285,29.490514800965233,31.759750366210938,752800,0.0,0.0
2007-04-17 00:00:00-04:00,31.931381225585938,32.37950501161307,31.607204637203683,31.931381225585938,515800,0.0,0.0
2007-04-18 00:00:00-04:00,31.931366444518023,32.5225104306932,31.626255999192715,32.43669891357422,865600,0.0,0.0
2007-04-19 00:00:00-04:00,32.53205115312191,32.56065742372855,32.05532119750165,32.47484588623047,864500,0.0,0.0
2007-04-20 00:00:00-04:00,32.84669104462928,33.20900678931971,32.61785909083519,32.76087951660156,338100,0.0,0.0
2007-04-23 00:00:00-04:00,33.1804048485527,33.37109756205377,32.89436759688157,33.32342529296875,492600,0.0,0.0
2007-04-24 00:00:00-04:00,33.3615602127956,33.542716266560554,32.4653056673593,32.76087951660156,374300,0.0,0.0
2007-04-25 00:00:00-04:00,31.38790202218924,32.99925177913303,31.321160111954313,32.21741485595703,316900,0.0,0.0
2007-04-26 00:00:00-04:00,32.16021344007652,35.1350083687447,31.55953247081971,32.141143798828125,2396500,0.0,0.0
2007-04-27 00:00:00-04:00,32.1792756101525,32.665538619021596,31.998119516095645,32.42717361450195,301700,0.0,0.0
2007-04-30 00:00:00-04:00,34.1719964733111,34.1719964733111,31.77881417905109,31.797880172729492,441500,0.0,0.0
2007-05-01 00:00:00-04:00,31.931375208095595,32.274617733614505,31.521387140134646,31.635801315307617,273200,0.0,0.0
2007-05-02 00:00:00-04:00,31.464169173888966,32.36995658966019,31.464169173888966,32.07438278198242,593400,0.0,0.0
2007-05-03 00:00:00-04:00,32.03624532029333,32.10298721010209,31.845556284931277,31.940900802612305,369200,0.0,0.0
2007-05-04 00:00:00-04:00,32.03624725341797,32.08392315229554,31.464172838491386,32.03624725341797,139000,0.0,0.0
2007-05-07 00:00:00-04:00,32.03625491915717,32.25555392241939,31.71207836988598,32.007652282714844,358300,0.0,0.0
2007-05-08 00:00:00-04:00,31.988578945007504,32.20787428573631,31.77882024009697,32.064857482910156,260900,0.0,0.0
2007-05-09 00:00:00-04:00,31.959978139702276,32.303224305573096,31.72161315086544,31.979047775268555,209600,0.0,0.0
2007-05-10 00:00:00-04:00,31.788344805489317,31.797877801617663,31.31161498155406,31.387889862060547,356800,0.0,0.0
2007-05-11 00:00:00-04:00,31.330697264185854,32.98971568468217,31.330697264185854,32.95158004760742,609300,0.0,0.0
2007-05-14 00:00:00-04:00,32.961112573022625,33.466445219310856,32.27462019530176,32.35089874267578,309200,0.0,0.0
2007-05-15 00:00:00-04:00,32.40811181577146,33.2280844823932,32.33183325860007,32.86577224731445,545600,0.0,0.0
2007-05-16 00:00:00-04:00,33.15179812300935,33.228073016699504,32.71320748209949,33.04691696166992,295600,0.0,0.0
2007-05-17 00:00:00-04:00,32.32229263911158,33.180404382060516,32.32229263911158,32.71321105957031,639600,0.0,0.0
2007-05-18 00:00:00-04:00,32.865761906175536,34.324554300035636,32.79902000823165,34.076656341552734,918200,0.0,0.0
2007-05-21 00:00:00-04:00,34.305492864691374,35.087329830720776,34.23875095079824,35.068260192871094,823500,0.0,0.0
2007-05-22 00:00:00-04:00,35.173134130629464,35.754745235065585,34.7536130959159,35.44963836669922,820700,0.0,0.0
2007-05-23 00:00:00-04:00,35.44962677138514,35.55450790504787,35.14452000281697,35.268470764160156,644900,0.0,0.0
2007-05-24 00:00:00-04:00,34.84895417229312,35.8500862121582,34.84895417229312,35.8500862121582,814600,0.0,0.0
2007-05-25 00:00:00-04:00,35.94543789317072,36.012179793221776,35.13499481986955,35.382896423339844,349600,0.0,0.0
2007-05-29 00:00:00-04:00,35.15406382241098,35.49730995202943,34.49617783208276,34.6201286315918,1675500,0.0,0.0
2007-05-30 00:00:00-04:00,34.32455918883099,35.745216155608524,34.14340310249018,35.583126068115234,804400,0.0,0.0
2007-05-31 00:00:00-04:00,37.39469417344603,37.39469417344603,35.70706990662186,36.298213958740234,670800,0.0,0.0
2007-06-01 00:00:00-04:00,36.70821050024077,38.376765522978985,36.52705440715012,37.470977783203125,1699500,0.0,0.0
2007-06-04 00:00:00-04:00,37.47096654227305,37.69979847709502,37.347015759362804,37.566314697265625,922700,0.0,0.0
2007-06-05 00:00:00-04:00,38.18607310596875,38.18607310596875,37.518650363970174,37.785621643066406,1466400,0.0,0.0
2007-06-06 00:00:00-04:00,37.75701529964424,37.795154573325085,37.23261301659721,37.74748229980469,915400,0.0,0.0
2007-06-07 00:00:00-04:00,37.9000273738017,37.91909700642388,36.917964935302734,36.917964935302734,607900,0.0,0.0
2007-06-08 00:00:00-04:00,36.8512194219502,37.156326239631134,36.72726864065476,37.08958435058594,468500,0.0,0.0
2007-06-11 00:00:00-04:00,37.17539635469659,37.66165921509799,37.17539635469659,37.566314697265625,482600,0.0,0.0
2007-06-12 00:00:00-04:00,37.41376881476516,37.96677367635586,37.37562954509382,37.57585525512695,371200,0.0,0.0
2007-06-13 00:00:00-04:00,37.575859793126554,38.8153571098505,37.575859793126554,38.662803649902344,819000,0.0,0.0
2007-06-14 00:00:00-04:00,38.75814856330547,39.32069008133755,38.443505032823985,39.23487854003906,493900,0.0,0.0
2007-06-15 00:00:00-04:00,39.234882154472395,41.26574942369102,37.251683522725216,39.02511978149414,442200,0.0,0.0
2007-06-18 00:00:00-04:00,40.05484712418678,40.092986391511005,35.64986358873881,39.31114959716797,365000,0.0,0.0
2007-06-19 00:00:00-04:00,38.996517169654396,39.33022672946407,38.7390825218749,39.18720626831055,449200,0.0,0.0
2007-06-20 00:00:00-04:00,39.18720594115155,39.18720594115155,38.376766367144725,38.662803649902344,407800,0.0,0.0
2007-06-21 00:00:00-04:00,38.71046471143128,38.948829650878906,38.53884166405615,38.948829650878906,381700,0.0,0.0
2007-06-22 00:00:00-04:00,38.88209111970685,38.89162775491887,38.32908630371094,38.32908630371094,467100,0.0,0.0
2007-06-25 00:00:00-04:00,38.36722919512407,38.37676219407611,37.74747878557273,38.043052673339844,459400,0.0,0.0
2007-06-26 00:00:00-04:00,38.043043995062256,38.043043995062256,36.5651785305144,37.099117279052734,591500,0.0,0.0
2007-06-27 00:00:00-04:00,36.43169713600561,36.507975663855525,35.5926551526189,35.62125778198242,797200,0.0,0.0
2007-06-28 00:00:00-04:00,36.19334461959845,37.041923528915504,35.65940928995805,36.9942512512207,523100,0.0,0.0
2007-06-29 00:00:00-04:00,36.765415351043195,37.10865786260707,36.765415351043195,36.984710693359375,379300,0.0,0.0
2007-07-02 00:00:00-04:00,36.870300419484906,37.041923528915504,35.88823767775775,36.9942512512207,298300,0.0,0.0
2007-07-03 00:00:00-04:00,36.822620354692326,37.356559208579164,36.52705011319356,36.803550720214844,178100,0.0,0.0
2007-07-05 00:00:00-04:00,36.803551060358366,37.07052230834961,36.717739522997064,37.07052230834961,330000,0.0,0.0
2007-07-06 00:00:00-04:00,36.9942511752147,36.9942511752147,36.70821387247192,36.74635314941406,239000,0.0,0.0
2007-07-09 00:00:00-04:00,34.82988630686043,37.9000281128493,34.82988630686043,37.84281921386719,345700,0.0,0.0
2007-07-10 00:00:00-04:00,37.75701563705802,38.3576964728347,37.41377308234699,38.128868103027344,262900,0.0,0.0
2007-07-11 00:00:00-04:00,37.9000310611243,37.9000310611243,36.45077157528364,36.803550720214844,479500,0.0,0.0
2007-07-12 00:00:00-04:00,36.58425157848367,37.64259254048008,36.38402589301422,36.75587463378906,532500,0.0,0.0
2007-07-13 00:00:00-04:00,36.612858719098114,37.94770029122695,36.612858719098114,37.75700759887695,357600,0.0,0.0
2007-07-16 00:00:00-04:00,37.852352167255056,37.957233319940755,37.56631497448693,37.947696685791016,384800,0.0,0.0
2007-07-17 00:00:00-04:00,39.845099199743586,41.47551512842493,36.05032836698158,37.80469512939453,290200,0.0,0.0
2007-07-18 00:00:00-04:00,36.22193739626299,38.50070561011179,36.22193739626299,38.49116897583008,606400,0.0,0.0
2007-07-19 00:00:00-04:00,38.55791921029488,39.368362353069315,38.529316575581326,39.28255081176758,531700,0.0,0.0
2007-07-20 00:00:00-04:00,39.27301436297618,40.035785239150385,39.19673945765541,39.66393280029297,611600,0.0,0.0
2007-07-23 00:00:00-04:00,39.66391750221444,39.99763054112029,39.2062573353227,39.568572998046875,273400,0.0,0.0
2007-07-24 00:00:00-04:00,37.51864750126815,39.37789512741595,37.51864750126815,38.97744369506836,282100,0.0,0.0
2007-07-25 00:00:00-04:00,38.97744354605532,39.55905469409372,38.557918842730025,38.80582046508789,464000,0.0,0.0
2007-07-26 00:00:00-04:00,38.28141575033602,38.50071108692675,35.754745605982286,35.90729904174805,766500,0.0,0.0
2007-07-27 00:00:00-04:00,36.088447027367806,36.088447027367806,34.133855432776684,35.51637268066406,544600,0.0,0.0
2007-07-30 00:00:00-04:00,35.640334976141304,36.202876508333595,34.991981900490494,35.583126068115234,427500,0.0,0.0
2007-07-31 00:00:00-04:00,35.91683578486298,36.07892587316634,35.4210397948039,35.869163513183594,408700,0.0,0.0
2007-08-01 00:00:00-04:00,35.0110506286105,35.56405550987761,33.228077898225315,34.48664474487305,638000,0.0,0.0
2007-08-02 00:00:00-04:00,34.887100109611744,35.3733630892473,33.437840532800664,34.73454666137695,819300,0.0,0.0
2007-08-03 00:00:00-04:00,34.89662911649857,35.878695236994716,33.67620167024397,34.610591888427734,840600,0.0,0.0
2007-08-06 00:00:00-04:00,34.51523793244813,34.60104944115141,32.675060630268696,33.02783966064453,695000,0.0,0.0
2007-08-07 00:00:00-04:00,30.996977969236713,35.74521119936121,30.596526580062246,34.229209899902344,522100,0.0,0.0
2007-08-08 00:00:00-04:00,32.57019329154091,36.85123027047069,32.57019329154091,36.51751708984375,1235000,0.0,0.0
2007-08-09 00:00:00-04:00,36.803551060358366,38.13839638883185,35.75474661452986,37.07052230834961,1656700,0.0,0.0
2007-08-10 00:00:00-04:00,36.99424342782878,37.47097337828317,35.621262479898036,36.803550720214844,1262000,0.0,0.0
2007-08-13 00:00:00-04:00,36.99424281857349,38.05258387309825,35.907299131384,36.08845520019531,404800,0.0,0.0
2007-08-14 00:00:00-04:00,36.51752383387221,36.51752383387221,34.34363580716939,34.70595169067383,470500,0.0,0.0
2007-08-15 00:00:00-04:00,34.515247041711405,35.144530392562665,34.038517120243455,34.14339828491211,506100,0.0,0.0
2007-08-16 00:00:00-04:00,34.06713092286086,34.06713092286086,32.08393569055261,33.943180084228516,658200,0.0,0.0
2007-08-17 00:00:00-04:00,33.8478245069318,35.61172376580905,32.27461430737916,34.229209899902344,541800,0.0,0.0
2007-08-20 00:00:00-04:00,34.03852143391958,35.13499820995513,33.75248417222165,34.88710021972656,403500,0.0,0.0
2007-08-21 00:00:00-04:00,34.70594004266549,34.715473040827916,33.10412720148642,34.5152473449707,442700,0.0,0.0
2007-08-22 00:00:00-04:00,34.37222256872354,34.46757072410194,33.71433666383361,33.92409896850586,303400,0.0,0.0
2007-08-23 00:00:00-04:00,33.84782367707706,33.86689330997412,33.352024133235254,33.46643829345703,413700,0.0,0.0
2007-08-24 00:00:00-04:00,33.800159451075416,33.99085218823207,33.371101701763315,33.84783172607422,283400,0.0,0.0
2007-08-27 00:00:00-04:00,34.13385814898322,34.89662521767218,33.94316547252092,34.543846130371094,232800,0.0,0.0
2007-08-28 00:00:00-04:00,34.543857125108765,34.73454986226542,33.199478602038475,33.84783172607422,215500,0.0,0.0
2007-08-29 00:00:00-04:00,33.88597076920361,34.15293841710036,33.40924074815289,33.571327209472656,145300,0.0,0.0
2007-08-30 00:00:00-04:00,33.48550792635409,33.90503257576824,33.37109376613231,33.46643829345703,265900,0.0,0.0
2007-08-31 00:00:00-04:00,31.750212273918233,34.40083312988281,31.740679275770027,34.40083312988281,544900,0.0,0.0
2007-09-04 00:00:00-04:00,34.32456656917202,35.6975479225606,34.18154608693569,35.64987564086914,365800,0.0,0.0
2007-09-05 00:00:00-04:00,35.57359720764339,36.6510044887809,35.56406056994888,36.17427444458008,350400,0.0,0.0
2007-09-06 00:00:00-04:00,36.14567560665543,36.8512377466159,35.94544983995547,36.05986404418945,349100,0.0,0.0
2007-09-07 00:00:00-04:00,35.99311136036789,36.88936236036072,35.83102492259551,36.76541519165039,487500,0.0,0.0
2007-09-10 00:00:00-04:00,36.95610398312022,36.994243251893806,36.164734160453136,36.44123840332031,581600,0.0,0.0
2007-09-11 00:00:00-04:00,34.601064747201086,37.375633239746094,34.601064747201086,37.375633239746094,467300,0.0,0.0
2007-09-12 00:00:00-04:00,37.49958439682522,38.28142132359475,37.4900477597985,37.85236358642578,1104800,0.0,0.0
2007-09-13 00:00:00-04:00,37.94770064700812,38.28141377103952,37.232605771861635,37.9763069152832,425400,0.0,0.0
2007-09-14 00:00:00-04:00,37.90004360675812,38.58653612654598,37.85237132336442,38.13840866088867,344400,0.0,0.0
2007-09-17 00:00:00-04:00,37.99537244458206,38.472102355491046,37.30888384614231,37.52817916870117,497900,0.0,0.0
2007-09-18 00:00:00-04:00,37.6235200319505,38.138389158508815,37.184929429546095,37.72840118408203,259900,0.0,0.0
2007-09-19 00:00:00-04:00,37.84281523875607,38.09071680447772,37.41376127152127,37.6425895690918,527500,0.0,0.0
2007-09-20 00:00:00-04:00,37.53772366629793,37.94771180625288,37.22308372003115,37.66167449951172,216400,0.0,0.0
2007-09-21 00:00:00-04:00,37.48050678057698,37.98583932057102,37.385158616415474,37.42329788208008,368100,0.0,0.0
2007-09-24 00:00:00-04:00,37.280277252197266,37.91909721855224,37.08958819922973,37.280277252197266,161800,0.0,0.0
2007-09-25 00:00:00-04:00,37.0895814282993,38.128852580753424,36.98470028601753,37.89048767089844,147300,0.0,0.0
2007-09-26 00:00:00-04:00,38.04305631818547,38.30048732332551,37.566326307366914,37.85236358642578,127900,0.0,0.0
2007-09-27 00:00:00-04:00,37.64260128083341,38.119331292450596,37.64260128083341,38.03351974487305,111000,0.0,0.0
2007-09-28 00:00:00-04:00,37.96676565196936,38.28140910451571,37.28027349162109,37.347015380859375,209400,0.0,0.0
2007-10-01 00:00:00-04:00,37.347026792494624,37.46144461228725,36.16473841859441,37.23261260986328,239500,0.0,0.0
2007-10-02 00:00:00-04:00,37.96676985298693,37.96676985298693,36.76541207660757,37.54724884033203,352400,0.0,0.0
2007-10-03 00:00:00-04:00,37.35655591651958,37.74747429595593,37.02284643547412,37.432830810546875,247400,0.0,0.0
2007-10-04 00:00:00-04:00,37.24214968971804,38.233745346252526,36.70821076915229,37.71887969970703,279300,0.0,0.0
2007-10-05 00:00:00-04:00,37.66165648722854,38.58651351928711,37.38515231351784,38.58651351928711,390700,0.0,0.0
2007-10-08 00:00:00-04:00,38.42444173521691,38.557925568774046,37.28028887490172,37.537723541259766,182400,0.0,0.0
2007-10-09 00:00:00-04:00,37.766552102259055,38.16700356618004,37.38516663810077,38.03351974487305,262200,0.0,0.0
2007-10-10 00:00:00-04:00,37.671200142031786,38.615127070779444,37.375629892236006,38.0811882019043,254300,0.0,0.0
2007-10-11 00:00:00-04:00,38.004913143625984,39.02511497109259,37.32795747066421,37.86189270019531,527600,0.0,0.0
2007-10-12 00:00:00-04:00,37.661671014407,38.414905307613864,37.661671014407,38.23374557495117,110100,0.0,0.0
2007-10-15 00:00:00-04:00,38.11932352206505,38.329085848309504,37.490040180492294,37.92863082885742,238600,0.0,0.0
2007-10-16 00:00:00-04:00,37.80468319434682,38.13839267539228,37.347019281540824,37.432830810546875,256800,0.0,0.0
2007-10-17 00:00:00-04:00,37.47097442191046,38.47210661831567,37.375629884028434,37.93817138671875,219300,0.0,0.0
2007-10-18 00:00:00-04:00,37.757011672717525,38.15746673357619,37.70933940377651,37.93817138671875,145200,0.0,0.0
2007-10-19 00:00:00-04:00,37.84281533315269,38.22420067960187,37.184929429546095,37.72840118408203,293600,0.0,0.0
2007-10-22 00:00:00-04:00,38.05257827813062,38.281410217285156,36.71773318024311,38.281410217285156,441500,0.0,0.0
2007-10-23 00:00:00-04:00,39.09185687478398,39.09185687478398,37.43283500706427,37.86189270019531,307300,0.0,0.0
2007-10-24 00:00:00-04:00,37.661671014407,38.271884848897145,37.661671014407,38.23374557495117,246000,0.0,0.0
2007-10-25 00:00:00-04:00,37.99538090620257,38.5197868347168,37.95724526907903,38.5197868347168,311300,0.0,0.0
2007-10-26 00:00:00-04:00,37.85236420279932,38.88209915161133,37.37563418421787,38.88209915161133,241200,0.0,0.0
2007-10-29 00:00:00-04:00,38.758147933953566,39.07278782216488,38.33862323345713,38.52931594848633,289100,0.0,0.0
2007-10-30 00:00:00-04:00,38.07164762815479,38.98696810368849,37.59491775916929,38.14792251586914,420700,0.0,0.0
2007-10-31 00:00:00-04:00,37.88096297334127,38.939304088508244,37.88096297334127,38.61512756347656,254600,0.0,0.0
2007-11-01 00:00:00-04:00,38.329086477636736,38.99650909624158,38.07165188315369,38.54838180541992,213900,0.0,0.0
2007-11-02 00:00:00-04:00,38.71047205942789,38.88209513938039,38.20513945576831,38.453041076660156,101300,0.0,0.0
2007-11-05 00:00:00-05:00,38.63418929996732,38.63418929996732,37.90002485993204,38.405357360839844,120100,0.0,0.0
2007-11-06 00:00:00-05:00,38.32909118128247,39.892764936259944,38.23374300283195,39.78788375854492,496100,0.0,0.0
2007-11-07 00:00:00-05:00,39.349292496406115,39.806952835056414,38.739078711539044,39.07278823852539,265800,0.0,0.0
2007-11-08 00:00:00-05:00,38.85348821629246,39.61625535568326,37.613991160137346,37.9763069152832,480600,0.0,0.0
2007-11-09 00:00:00-05:00,38.090720719779604,38.224204513276426,37.48050701398807,37.75700759887695,591600,0.0,0.0
2007-11-12 00:00:00-05:00,37.99538040737455,39.568590897940325,37.10866229627912,37.85236358642578,394000,0.0,0.0
2007-11-13 00:00:00-05:00,37.871425160737765,38.11932311323657,37.13726066391667,37.42329788208008,241700,0.0,0.0
2007-11-14 00:00:00-05:00,38.13840090046829,38.13840090046829,37.15633824117286,37.87143325805664,230000,0.0,0.0
2007-11-15 00:00:00-05:00,37.94769530549108,37.94769530549108,36.46030050233485,36.6509895324707,407400,0.0,0.0
2007-11-16 00:00:00-05:00,36.85123054821151,37.28028463956933,36.25054972828479,36.95610809326172,274800,0.0,0.0
2007-11-19 00:00:00-05:00,36.44124047786856,37.05145426434103,34.08619323586286,34.3531608581543,816400,0.0,0.0
2007-11-20 00:00:00-05:00,34.12433607858709,35.05872649157044,33.26622057831593,33.93364334106445,468900,0.0,0.0
2007-11-21 00:00:00-05:00,33.8478306818583,33.90503959238881,31.92184100660024,32.35089874267578,647600,0.0,0.0
2007-11-23 00:00:00-05:00,32.37950141230934,32.60833341750293,31.988582949523014,32.417640686035156,202600,0.0,0.0
2007-11-26 00:00:00-05:00,32.79901476746541,34.1529257804627,32.03624410628151,32.58925247192383,536100,0.0,0.0
2007-11-27 00:00:00-05:00,32.54159216900747,33.80969213031469,32.37950207095625,33.2757568359375,371500,0.0,0.0
2007-11-28 00:00:00-05:00,33.27575278912584,34.114794903153616,32.31275622946171,32.970645904541016,401900,0.0,0.0
2007-11-29 00:00:00-05:00,32.5701904296875,33.83829385775487,32.03625156989688,32.5701904296875,317100,0.0,0.0
2007-11-30 00:00:00-05:00,32.322292912869116,33.657134625593386,32.28415364294989,33.18040466308594,444400,0.0,0.0
2007-12-03 00:00:00-05:00,32.85622832674916,33.62853217970608,32.69414188442789,33.32342529296875,324100,0.0,0.0
2007-12-04 00:00:00-05:00,32.85622050683657,33.3520199890727,32.74180636083135,33.14225769042969,163200,0.0,0.0
2007-12-05 00:00:00-05:00,33.046921379803294,34.23874630497964,33.046921379803294,33.828758239746094,304900,0.0,0.0
2007-12-06 00:00:00-05:00,34.56291917528924,34.56291917528924,33.638061967259056,33.9908447265625,268600,0.0,0.0
2007-12-07 00:00:00-05:00,34.05759393118216,34.12433584328065,33.56179427190669,33.704811096191406,209500,0.0,0.0
2007-12-10 00:00:00-05:00,33.57131551956504,33.80968044708906,33.18993381782269,33.332950592041016,368700,0.0,0.0
2007-12-11 00:00:00-05:00,33.62853151334411,33.62853151334411,32.33182545182469,32.5701904296875,362700,0.0,0.0
2007-12-12 00:00:00-05:00,34.20060997249791,34.92524162606561,32.45578002347185,32.59879684448242,342100,0.0,0.0
2007-12-13 00:00:00-05:00,32.160201859954185,32.70367370977455,31.569057742759572,31.893234252929688,355700,0.0,0.0
2007-12-14 00:00:00-05:00,31.473707627153168,32.50344599721639,30.39629881124007,31.950437545776367,352300,0.0,0.0
2007-12-17 00:00:00-05:00,31.56905308951669,31.950434809456326,30.987442056661394,31.006511688232422,317600,0.0,0.0
2007-12-18 00:00:00-05:00,31.063730071875884,31.549993095413114,30.92070960998535,30.92070960998535,297100,0.0,0.0
2007-12-19 00:00:00-05:00,30.92070926686437,31.035123452810307,30.12933750951232,30.38677215576172,451200,0.0,0.0
2007-12-20 00:00:00-05:00,30.396297454833984,30.98744332772277,30.272348481698398,30.396297454833984,273300,0.0,0.0
2007-12-21 00:00:00-05:00,30.45351456995581,31.712079729036926,30.45351456995581,31.063730239868164,394900,0.0,0.0
2007-12-24 00:00:00-05:00,31.17814083016547,31.616731530557445,30.825361670038106,31.46417808532715,114700,0.0,0.0
2007-12-26 00:00:00-05:00,31.044647953334135,32.30321441819741,31.044647953334135,31.864620208740234,273000,0.0,0.0
2007-12-27 00:00:00-05:00,32.05532223094942,32.19834267711077,31.445108450028233,31.46417808532715,378700,0.0,0.0
2007-12-28 00:00:00-05:00,31.893231482518342,31.893231482518342,30.749078979119012,31.03511619567871,223100,0.0,0.0
2007-12-31 00:00:00-05:00,30.710939798837515,31.45464092854785,30.710939798837515,31.120927810668945,161400,0.0,0.0
2008-01-02 00:00:00-05:00,31.120933248416932,31.654872148021774,30.463047169836926,30.777687072753906,262300,0.0,0.0
2008-01-03 00:00:00-05:00,31.11139847172682,31.311624183705444,30.41537134210565,30.901636123657227,115600,0.0,0.0
2008-01-04 00:00:00-05:00,30.70140839799725,31.044654531539347,30.405834530300275,30.7967529296875,418300,0.0,0.0
2008-01-07 00:00:00-05:00,31.178138695272438,31.46417593084799,30.758614021744897,31.159069061279297,219600,0.0,0.0
2008-01-08 00:00:00-05:00,31.111395841317684,31.72160956175212,29.99584592845543,30.062589645385742,383500,0.0,0.0
2008-01-09 00:00:00-05:00,30.043523019863404,30.100730107236483,28.44171002477295,29.080528259277344,786700,0.0,0.0
2008-01-10 00:00:00-05:00,29.03285388625966,29.452374921377153,28.346361613193967,28.889833450317383,555900,0.0,0.0
2008-01-11 00:00:00-05:00,28.804020166758637,29.1758707316115,28.06985749060254,29.05191993713379,329300,0.0,0.0
2008-01-14 00:00:00-05:00,29.41423864324194,30.73001252137272,29.175873665287924,30.2628173828125,530800,0.0,0.0
2008-01-15 00:00:00-05:00,30.262818271123844,30.262818271123844,28.908905083860084,28.937509536743164,513000,0.0,0.0
2008-01-16 00:00:00-05:00,28.603798122089067,29.137735177832187,28.34636350253094,28.899370193481445,405600,0.0,0.0
2008-01-17 00:00:00-05:00,29.156803461286174,29.433307703232526,27.307090759277344,27.307090759277344,644200,0.0,0.0
2008-01-18 00:00:00-05:00,27.41197164588016,27.554990264664326,26.77315345130252,26.982913970947266,670700,0.0,0.0
2008-01-22 00:00:00-05:00,25.8006258079589,27.745684984166893,25.8006258079589,26.963848114013672,1469000,0.0,0.0
2008-01-23 00:00:00-05:00,26.34409576658365,27.297555649564433,26.34409576658365,26.887569427490234,818900,0.0,0.0
2008-01-24 00:00:00-05:00,27.154537900012848,28.517985867290328,26.22014762124243,27.97451400756836,599600,0.0,0.0
2008-01-25 00:00:00-05:00,27.974514106288968,28.603797505933056,27.50731896525505,28.11753273010254,432300,0.0,0.0
2008-01-28 00:00:00-05:00,27.974518064573633,28.336832084072725,27.5549951325899,28.308229446411133,591100,0.0,0.0
2008-01-29 00:00:00-05:00,28.31776033560423,28.31776033560423,27.574060943730945,28.203344345092773,292300,0.0,0.0
2008-01-30 00:00:00-05:00,27.96497897106082,28.346362569755968,27.545456103205932,27.67894172668457,327700,0.0,0.0
2008-01-31 00:00:00-05:00,27.421509235170117,28.708680571517306,27.402439599116242,28.041257858276367,345100,0.0,0.0
2008-02-01 00:00:00-05:00,28.27961778013241,28.851694029059903,28.050787644277467,28.813554763793945,317000,0.0,0.0
2008-02-04 00:00:00-05:00,28.603798099447133,29.3379626871256,28.603798099447133,28.794490814208984,408200,0.0,0.0
2008-02-05 00:00:00-05:00,28.60379496738414,28.66100204811642,27.431039810180664,27.431039810180664,368200,0.0,0.0
2008-02-06 00:00:00-05:00,27.421506166683532,27.5835944178425,26.458511476689683,26.611064910888672,642000,0.0,0.0
2008-02-07 00:00:00-05:00,26.286888198285475,26.763618130988746,26.115265131539438,26.325027465820312,306300,0.0,0.0
2008-02-08 00:00:00-05:00,26.010387928204963,27.05919241178877,26.010387928204963,26.69687843322754,206400,0.0,0.0
2008-02-11 00:00:00-05:00,26.553856967084712,27.793354034423828,26.52525251713184,27.793354034423828,342100,0.0,0.0
2008-02-12 00:00:00-05:00,28.15566948113829,28.15566948113829,26.963844691667862,27.421504974365234,636400,0.0,0.0
2008-02-13 00:00:00-05:00,27.249883887076454,27.850562824293867,27.078260813991353,27.5073184967041,308600,0.0,0.0
2008-02-14 00:00:00-05:00,27.55499119422403,28.20334422773667,27.535921559454724,28.050790786743164,456900,0.0,0.0
2008-02-15 00:00:00-05:00,27.621738395549173,28.2891611918516,27.38337337095271,27.49778938293457,351200,0.0,0.0
2008-02-19 00:00:00-05:00,27.678942062615665,28.270086193122573,27.650337610398697,28.174739837646484,262200,0.0,0.0
2008-02-20 00:00:00-05:00,27.774286596271725,28.32729327567198,27.774286596271725,28.12706756591797,208100,0.0,0.0
2008-02-21 00:00:00-05:00,28.079396465322702,28.584729078717466,26.954313424919906,27.12593650817871,440000,0.0,0.0
2008-02-22 00:00:00-05:00,27.059183478102874,27.278480574952436,25.39062912690532,25.609926223754883,1011100,0.0,0.0
2008-02-25 00:00:00-05:00,27.14500087178455,28.327290850001244,26.506182709025982,27.526386260986328,2280600,0.0,0.0
2008-02-26 00:00:00-05:00,27.640804126279292,28.03172256586524,26.353632811715055,27.41197395324707,1326900,0.0,0.0
2008-02-27 00:00:00-05:00,26.763620111976365,27.411973159415417,26.439443588256836,26.439443588256836,502000,0.0,0.0
2008-02-28 00:00:00-05:00,26.420374683568397,27.545457730104427,26.3917720485897,27.39290428161621,431100,0.0,0.0
2008-02-29 00:00:00-05:00,27.268953871816667,28.2605512355403,26.83989618359269,27.96497917175293,890700,0.0,0.0
2008-03-03 00:00:00-05:00,28.003118992379992,28.661005035832172,27.841030731258336,28.622867584228516,796100,0.0,0.0
2008-03-04 00:00:00-05:00,28.441709262617366,28.603797521314704,27.650337603937544,28.079395294189453,672600,0.0,0.0
2008-03-05 00:00:00-05:00,28.146133511030467,28.374963643000605,28.031717535755284,28.231945037841797,654500,0.0,0.0
2008-03-06 00:00:00-05:00,28.136601151090293,28.365431303036402,26.62059980318948,26.64920425415039,609900,0.0,0.0
2008-03-07 00:00:00-05:00,26.28688736805243,26.8684984495268,24.95204396235843,25.428773880004883,711700,0.0,0.0
2008-03-10 00:00:00-04:00,25.42877384151029,25.981780472399805,25.17133924991164,25.409704208374023,490800,0.0,0.0
2008-03-11 00:00:00-04:00,25.600397193467646,26.630133752982598,24.78995596177062,25.686208724975586,256400,0.0,0.0
2008-03-12 00:00:00-04:00,26.05806085661096,26.05806085661096,25.018789345848408,25.09506607055664,406400,0.0,0.0
2008-03-13 00:00:00-04:00,24.799487595140885,25.2571478253836,23.96044202111581,24.37042999267578,686600,0.0,0.0
2008-03-14 00:00:00-04:00,24.418105140864895,24.646935266022254,23.445575745010977,23.502782821655273,2663100,0.0,0.0
2008-03-17 00:00:00-04:00,23.188143774901924,23.216748225724753,18.640139753153868,22.101200103759766,2346300,0.0,0.0
2008-03-18 00:00:00-04:00,22.33956597930348,23.169075082488167,21.05239473725848,23.159542083740234,876000,0.0,0.0
2008-03-19 00:00:00-04:00,22.940249613168703,24.503925421735875,20.98565712568577,21.56726837158203,968000,0.0,0.0
2008-03-20 00:00:00-04:00,21.46238134378574,21.481450977157994,20.651940111268132,21.45284652709961,665300,0.0,0.0
2008-03-24 00:00:00-04:00,21.300291539938545,22.444443998496073,21.166807753252904,21.786556243896484,382700,0.0,0.0
2008-03-25 00:00:00-04:00,21.95818233274454,22.21561512574606,20.6424066414903,20.87123680114746,699700,0.0,0.0
2008-03-26 00:00:00-04:00,21.17634429672705,22.120271233320544,20.69008132992259,21.653074264526367,485500,0.0,0.0
2008-03-27 00:00:00-04:00,22.091665923110615,22.091665923110615,20.404041466144175,20.5851993560791,747300,0.0,0.0
2008-03-28 00:00:00-04:00,20.604270312927163,20.78542639590856,19.593601446175715,19.851036071777344,615300,0.0,0.0
2008-03-31 00:00:00-04:00,19.75568691080396,20.30869353632261,18.26829009364694,18.878503799438477,1208000,0.0,0.0
2008-04-01 00:00:00-04:00,18.86897247124352,19.031058909929538,18.315963978209293,18.57339859008789,788200,0.0,0.0
2008-04-02 00:00:00-04:00,18.50665857160258,19.536395305374352,18.11574011461574,18.516193389892578,650800,0.0,0.0
2008-04-03 00:00:00-04:00,18.506660665539417,19.08827191697142,18.30643491453677,18.83083724975586,612300,0.0,0.0
2008-04-04 00:00:00-04:00,19.641276843378694,19.641276843378694,18.525728543392496,18.992923736572266,781000,0.0,0.0
2008-04-07 00:00:00-04:00,19.06919643635949,19.202680229468317,18.611536158346134,18.764089584350586,818900,0.0,0.0
2008-04-08 00:00:00-04:00,18.3922407050015,18.973849955540096,18.3922407050015,18.611536026000977,237200,0.0,0.0
2008-04-09 00:00:00-04:00,18.592467311496993,20.232417619668308,18.58293249464607,19.6984806060791,1501400,0.0,0.0
2008-04-10 00:00:00-04:00,19.1740826804037,19.54593152751795,17.54366500732435,17.686683654785156,1572400,0.0,0.0
2008-04-11 00:00:00-04:00,17.25762347357131,17.486453617019308,14.8644390561297,14.931180953979492,3029100,0.0,0.0
2008-04-14 00:00:00-04:00,15.245824867333967,15.627208495752024,14.959786691375276,15.322101593017578,1137600,0.0,0.0
2008-04-15 00:00:00-04:00,15.398378977575634,15.808367077635566,13.176817201079862,13.539132118225098,2388800,0.0,0.0
2008-04-16 00:00:00-04:00,13.834704161550782,13.834704161550782,10.24969451348739,12.290099143981934,6264700,0.0,0.0
2008-04-17 00:00:00-04:00,12.480790256779178,12.967055024799457,9.525064198257322,10.354574203491211,4967400,0.0,0.0
2008-04-18 00:00:00-04:00,10.430852116442756,10.72642511983255,10.011330111843714,10.650148391723633,3087200,0.0,0.0
2008-04-21 00:00:00-04:00,10.697819461695504,10.755026541835774,6.44538861751281,6.779099464416504,6662400,0.0,0.0
2008-04-22 00:00:00-04:00,7.0556030879669445,9.010195537332288,6.426319268261656,8.800434112548828,9143600,0.0,0.0
2008-04-23 00:00:00-04:00,8.590674132117853,9.629945594600754,8.581139314649695,9.477391242980957,4008600,0.0,0.0
2008-04-24 00:00:00-04:00,9.877844928189353,10.488059634254093,9.391581036207278,10.011329650878906,3806600,0.0,0.0
2008-04-25 00:00:00-04:00,10.07807264492945,10.240160929508386,9.486927510878784,10.182953834533691,1787800,0.0,0.0
2008-04-28 00:00:00-04:00,10.182952872056825,10.249694779649088,9.639480065423149,10.202021598815918,1596800,0.0,0.0
2008-04-29 00:00:00-04:00,10.287833878894196,10.287833878894196,9.649015574155777,9.83017349243164,1400100,0.0,0.0
2008-04-30 00:00:00-04:00,9.753894432204852,9.963655866777387,8.771830980576977,9.286699295043945,2339700,0.0,0.0
2008-05-01 00:00:00-04:00,9.296236517026944,9.296236517026944,8.314172811367992,8.485795021057129,2181600,0.0,0.0
2008-05-02 00:00:00-04:00,8.6574131904666,8.6574131904666,8.209286918937156,8.409513473510742,1191100,0.0,0.0
2008-05-05 00:00:00-04:00,8.399982365583796,8.399982365583796,6.912584477848653,7.141414642333984,2655600,0.0,0.0
2008-05-06 00:00:00-04:00,7.1509497881288535,7.494195505259678,6.15935145387993,6.93165397644043,3717400,0.0,0.0
2008-05-07 00:00:00-04:00,7.026999661477682,8.047201508162058,7.026999661477682,7.265364646911621,1810400,0.0,0.0
2008-05-08 00:00:00-04:00,7.389314760274484,7.799302837946476,7.074673043225374,7.541868209838867,1346200,0.0,0.0
2008-05-09 00:00:00-04:00,7.484661455602052,7.589542190561104,4.5289353307035265,5.091476917266846,9338200,0.0,0.0
2008-05-12 00:00:00-04:00,4.576609221164745,4.795905089150665,3.4801298812351433,4.767301082611084,9635600,0.0,0.0
2008-05-13 00:00:00-04:00,4.767299194459324,4.938921801787631,4.3382424488160165,4.776834011077881,2621300,0.0,0.0
2008-05-14 00:00:00-04:00,4.776834695767569,4.862645784408952,4.414519795941277,4.4431233406066895,2312600,0.0,0.0
2008-05-15 00:00:00-04:00,4.500329161448529,4.576606312189158,3.975926648468399,4.204756736755371,2942200,0.0,0.0
2008-05-16 00:00:00-04:00,4.2047589067264175,4.996130719093546,4.109412987401198,4.624281406402588,3862100,0.0,0.0
2008-05-19 00:00:00-04:00,4.805437914723189,5.844709363124969,4.624280477088789,5.816105365753174,4490200,0.0,0.0
2008-05-20 00:00:00-04:00,5.8923824997016325,7.198623014944277,5.863778954966148,6.979327201843262,5443100,0.0,0.0
2008-05-21 00:00:00-04:00,7.141414322867422,7.570471544051504,5.501463520149323,5.634947776794434,6012800,0.0,0.0
2008-05-22 00:00:00-04:00,5.692155877584513,5.787502239250855,5.005664892386764,5.101010799407959,2219300,0.0,0.0
2008-05-23 00:00:00-04:00,5.1486835703687355,6.283300910210086,5.1486835703687355,5.75889778137207,2695200,0.0,0.0
2008-05-27 00:00:00-04:00,5.720758316420977,6.016330774878659,5.043801879272894,5.129613399505615,1818500,0.0,0.0
2008-05-28 00:00:00-04:00,5.1963565455954575,5.215425726409481,4.776834567686928,4.900784015655518,1277200,0.0,0.0
2008-05-29 00:00:00-04:00,4.957992469929873,5.062873211018356,4.75776580723605,4.805438995361328,1236100,0.0,0.0
2008-05-30 00:00:00-04:00,4.977061068177512,4.977061068177512,4.633815790817105,4.671954154968262,1062700,0.0,0.0
2008-06-02 00:00:00-04:00,4.767299084000162,5.339374883151168,4.633814836948776,5.196355819702148,1730900,0.0,0.0
2008-06-03 00:00:00-04:00,5.434721731193752,6.28330144496214,5.339375823648189,5.77796745300293,3452200,0.0,0.0
2008-06-04 00:00:00-04:00,5.806571036543604,6.04493601565104,5.101010461970129,5.253564357757568,2920200,0.0,0.0
2008-06-05 00:00:00-04:00,5.568206178157606,5.577740541113153,5.148683751275652,5.406117916107178,1668600,0.0,0.0
2008-06-06 00:00:00-04:00,5.444256538281851,5.5300680822222255,4.929388183929903,5.110545635223389,1569800,0.0,0.0
2008-06-09 00:00:00-04:00,5.2726336822312625,5.2726336822312625,4.767299712646841,4.834042072296143,974200,0.0,0.0
2008-06-10 00:00:00-04:00,4.767300194931774,5.05333838848575,4.767300194931774,4.853111743927002,692600,0.0,0.0
2008-06-11 00:00:00-04:00,4.881714175659888,4.957990888616281,4.576607323834315,4.700556755065918,1812800,0.0,0.0
2008-06-12 00:00:00-04:00,4.643350004344955,4.767299911149683,4.385915827328678,4.47172737121582,661800,0.0,0.0
2008-06-13 00:00:00-04:00,4.528934231902249,4.795903186668743,4.2905692723284465,4.786368370056152,674900,0.0,0.0
2008-06-16 00:00:00-04:00,4.891247640202814,4.891247640202814,4.567071245092664,4.795901775360107,636300,0.0,0.0
2008-06-17 00:00:00-04:00,4.776833611323151,5.530066784640947,4.671952910521484,5.358443737030029,1897900,0.0,0.0
2008-06-18 00:00:00-04:00,5.291703113903203,5.673086745289435,5.053338116964233,5.148684024810791,1333400,0.0,0.0
2008-06-19 00:00:00-04:00,5.28216956316146,5.28216956316146,4.767301082611084,4.767301082611084,726800,0.0,0.0
2008-06-20 00:00:00-04:00,4.776833615487526,4.910317854577355,4.376380443572998,4.376380443572998,1579500,0.0,0.0
2008-06-23 00:00:00-04:00,4.729161127219358,4.853111022989467,4.404984616634489,4.5575385093688965,924600,0.0,0.0
2008-06-24 00:00:00-04:00,4.605211790381157,4.671954154968262,4.4240543333405835,4.671954154968262,718800,0.0,0.0
2008-06-25 00:00:00-04:00,4.662418368235189,4.872179782144786,4.528934121430488,4.652884006500244,816400,0.0,0.0
2008-06-26 00:00:00-04:00,4.6910232084003844,4.748230753058297,4.395450667011924,4.519400119781494,1004100,0.0,0.0
2008-06-27 00:00:00-04:00,5.005664871671451,5.062872415647422,4.414519795941277,4.4431233406066895,4117000,0.0,0.0
2008-06-30 00:00:00-04:00,4.366845399496908,4.528933622956447,3.8329080164004976,4.166618824005127,1935100,0.0,0.0
2008-07-01 00:00:00-04:00,4.061739546933642,4.118947088555156,3.813839745261954,3.9091856479644775,1388500,0.0,0.0
2008-07-02 00:00:00-04:00,4.080808905422542,4.080808905422542,3.2512986064485774,3.489663600921631,1746200,0.0,0.0
2008-07-03 00:00:00-04:00,3.403852070445356,3.527801977160314,3.2417640281630073,3.508732795715332,593200,0.0,0.0
2008-07-07 00:00:00-04:00,3.565939663083647,3.7947700243042966,3.2322288238263597,3.3085055351257324,800000,0.0,0.0
2008-07-08 00:00:00-04:00,3.2894367167630376,3.327575076580397,2.9557256137160306,3.1750214099884033,1134300,0.0,0.0
2008-07-09 00:00:00-04:00,3.0796756028749757,3.318040586210051,2.9366565219449057,2.9843297004699707,719100,0.0,0.0
2008-07-10 00:00:00-04:00,2.984329855345843,3.041537399757709,2.402719138524142,2.5552728176116943,1569500,0.0,0.0
2008-07-11 00:00:00-04:00,2.4885299337760247,3.4324551281026254,2.3550456914476317,3.2417633533477783,1773100,0.0,0.0
2008-07-14 00:00:00-04:00,3.2417633533477783,3.527801242802576,3.0320021737949197,3.2417633533477783,1238800,0.0,0.0
2008-07-15 00:00:00-04:00,3.2417637593694897,3.4133863781440983,2.9557256067666984,3.1654868125915527,869300,0.0,0.0
2008-07-16 00:00:00-04:00,3.117813884791923,3.1940906047821045,2.8794489075000476,3.1940906047821045,804000,0.0,0.0
2008-07-17 00:00:00-04:00,3.251298245564655,3.38478250035259,3.032002456804786,3.041537046432495,1083800,0.0,0.0
2008-07-18 00:00:00-04:00,3.232229377911108,3.2703677400986613,2.8794490730311018,3.117814064025879,621100,0.0,0.0
2008-07-21 00:00:00-04:00,3.165486590441084,3.213159536755061,2.9175870422858643,3.184555768966675,760800,0.0,0.0
2008-07-22 00:00:00-04:00,3.222694268485126,3.222694268485126,2.8127064863350433,3.089209794998169,1103800,0.0,0.0
2008-07-23 00:00:00-04:00,2.993864346712813,3.146417793414441,2.9557257577148395,3.0606064796447754,804400,0.0,0.0
2008-07-24 00:00:00-04:00,3.1368833206310396,3.346644545034546,2.7554994622522258,2.8985183238983154,824600,0.0,0.0
2008-07-25 00:00:00-04:00,2.888983922962688,2.955726062783286,2.574342179342992,2.82224178314209,755900,0.0,0.0
2008-07-28 00:00:00-04:00,2.8127069404810303,2.9461912081981243,2.7173608076462505,2.8031723499298096,274000,0.0,0.0
2008-07-29 00:00:00-04:00,2.8127065599796026,2.984329394007106,2.7745682029340553,2.9175870418548584,482300,0.0,0.0
2008-07-30 00:00:00-04:00,2.9557260373297054,3.070141360502306,2.679222661702921,2.7841033935546875,960400,0.0,0.0
2008-07-31 00:00:00-04:00,2.8413107727286833,2.888983726501465,2.6696879118240946,2.888983726501465,444200,0.0,0.0
2008-08-01 00:00:00-04:00,2.9080536016051775,2.9080536016051775,2.745965520118385,2.8317768573760986,545300,0.0,0.0
2008-08-04 00:00:00-04:00,2.8985181626329295,2.8985181626329295,2.698291540145874,2.698291540145874,1010800,0.0,0.0
2008-08-05 00:00:00-04:00,2.850845241202952,2.8603798315485447,2.6696877973141286,2.7364299297332764,1006900,0.0,0.0
2008-08-06 00:00:00-04:00,2.784102924400237,2.860379642113378,2.717360569078689,2.79363751411438,692000,0.0,0.0
2008-08-07 00:00:00-04:00,2.7173602225074314,2.9366559852863494,2.6696872800169102,2.6792218685150146,782100,0.0,0.0
2008-08-08 00:00:00-04:00,2.8413101940055223,2.8508447828180565,2.707825723307516,2.765033483505249,601500,0.0,0.0
2008-08-11 00:00:00-04:00,2.7173604171366312,4.385915115071677,2.7173604171366312,4.195223331451416,3393400,0.0,0.0
2008-08-12 00:00:00-04:00,4.118946824088434,4.281034620952931,3.489663224688731,3.6136128902435303,2096700,0.0,0.0
2008-08-13 00:00:00-04:00,3.5754748034559967,4.300104581852742,3.5754748034559967,4.28103494644165,1479200,0.0,0.0
2008-08-14 00:00:00-04:00,4.290571190137599,4.576609451338219,4.023602116040668,4.261967182159424,1136900,0.0,0.0
2008-08-15 00:00:00-04:00,4.195223274615761,4.662418365478516,4.099877384097348,4.662418365478516,844200,0.0,0.0
2008-08-18 00:00:00-04:00,4.767300116422952,5.57774104528582,4.443123563019737,4.748230934143066,2242600,0.0,0.0
2008-08-19 00:00:00-04:00,4.79590313182285,4.862645028767405,3.880581661155448,4.195223331451416,1528300,0.0,0.0
2008-08-20 00:00:00-04:00,4.509865941357003,4.509865941357003,3.861513287321777,4.090343475341797,1183600,0.0,0.0
2008-08-21 00:00:00-04:00,4.0998783241413514,4.242896965388583,3.7184942199766624,3.785236358642578,920500,0.0,0.0
2008-08-22 00:00:00-04:00,3.7852357314111855,3.9187202139465946,3.3943171007855675,3.6136128902435303,707600,0.0,0.0
2008-08-25 00:00:00-04:00,3.4801288719016883,3.5564055943578685,3.1559523468177937,3.318040609359741,1003900,0.0,0.0
2008-08-26 00:00:00-04:00,3.3180408668282504,3.604078825557048,3.022468317052579,3.346644639968872,1702000,0.0,0.0
2008-08-27 00:00:00-04:00,3.413386648110904,3.575474917095804,3.365713694680808,3.489663600921631,916000,0.0,0.0
2008-08-28 00:00:00-04:00,3.5468709612936884,3.5659401416778564,3.1559523087731196,3.5659401416778564,686000,0.0,0.0
2008-08-29 00:00:00-04:00,3.5468705037855015,3.5850088596343994,3.222694251747336,3.5850088596343994,601200,0.0,0.0
2008-09-02 00:00:00-04:00,3.5182669885443625,3.5182669885443625,3.1178137688432828,3.3275749683380127,880100,0.0,0.0
2008-09-03 00:00:00-04:00,3.3657135003303957,3.3657135003303957,2.888983538912676,2.95572566986084,1369800,0.0,0.0
2008-09-04 00:00:00-04:00,2.9938640009876067,2.9938640009876067,2.669687509536743,2.669687509536743,1338800,0.0,0.0
2008-09-05 00:00:00-04:00,2.7268952859651168,3.012933445374254,2.4313227637197397,2.9652602672576904,994200,0.0,0.0
2008-09-08 00:00:00-04:00,2.7936373174651266,2.946190742152893,2.536203185981987,2.8413102626800537,1102100,0.0,0.0
2008-09-09 00:00:00-04:00,2.8413106445583547,2.8413106445583547,2.421788215637207,2.421788215637207,1138000,0.0,0.0
2008-09-10 00:00:00-04:00,2.488530143283788,2.5362033183086004,2.3359767106365337,2.469460964202881,711900,0.0,0.0
2008-09-11 00:00:00-04:00,2.5934112394245954,2.6410841941833496,2.4217883749705016,2.6410841941833496,566500,0.0,0.0
2008-09-12 00:00:00-04:00,2.6124802552405733,2.8127068798205817,2.555272713167018,2.7364299297332764,532500,0.0,0.0
2008-09-15 00:00:00-04:00,2.6792225110366092,2.736430055744544,2.488530468020918,2.5743420124053955,583000,0.0,0.0
2008-09-16 00:00:00-04:00,2.4217881676304076,2.95572566986084,2.3931843972240516,2.95572566986084,504800,0.0,0.0
2008-09-17 00:00:00-04:00,2.7459648738517752,2.9271220987602353,2.5266690584821165,2.5743420124053955,748100,0.0,0.0
2008-09-18 00:00:00-04:00,2.60294557502882,2.908052682876587,2.431322727410833,2.908052682876587,1161900,0.0,0.0
2008-09-19 00:00:00-04:00,2.8794487018512607,2.888983291169078,2.526668669769486,2.669687509536743,1190800,0.0,0.0
2008-09-22 00:00:00-04:00,2.6982919242864494,2.7650342928322433,2.5266692754267948,2.545738458633423,909300,0.0,0.0
2008-09-23 00:00:00-04:00,2.526668728768147,2.631549213713134,2.469460964202881,2.469460964202881,544000,0.0,0.0
2008-09-24 00:00:00-04:00,2.5171343892915345,2.5743419322175183,2.431322847579991,2.4789958000183105,474500,0.0,0.0
2008-09-25 00:00:00-04:00,2.4789957790487946,2.669687814511602,2.4217882366067225,2.450392007827759,396400,0.0,0.0
2008-09-26 00:00:00-04:00,2.4694608993484803,2.4694608993484803,2.202492171904526,2.393184185028076,554100,0.0,0.0
2008-09-29 00:00:00-04:00,2.3550462871965867,2.374115469495945,1.9736621865642532,2.030869960784912,762400,0.0,0.0
2008-09-30 00:00:00-04:00,2.25969997620723,2.316907746069142,2.0022658074576105,2.14528489112854,565000,0.0,0.0
2008-10-01 00:00:00-04:00,2.14528480836358,2.14528480836358,1.7162278012263523,1.8973852396011353,612600,0.0,0.0
2008-10-02 00:00:00-04:00,1.9069197947957726,1.9069197947957726,1.668554820446301,1.7162277698516846,493200,0.0,0.0
2008-10-03 00:00:00-04:00,1.7257625120289057,2.0118004610262123,1.7257625120289057,1.754366397857666,550300,0.0,0.0
2008-10-06 00:00:00-04:00,1.7543660888283164,1.7543660888283164,1.3062399491629353,1.4206551313400269,1043900,0.0,0.0
2008-10-07 00:00:00-04:00,1.4778626742302663,1.5732086788783117,1.4301897287368774,1.4301897287368774,716300,0.0,0.0
2008-10-08 00:00:00-04:00,1.439724230011882,1.6208816391586307,1.0964787024137745,1.220428466796875,724700,0.0,0.0
2008-10-09 00:00:00-04:00,1.2776362005297046,1.382516795182117,1.048805832862854,1.048805832862854,572200,0.0,0.0
2008-10-10 00:00:00-04:00,1.0774096158647684,1.3348437547683716,0.924856073118424,1.3348437547683716,844900,0.0,0.0
2008-10-13 00:00:00-04:00,1.4206552220815287,1.5255358219146729,1.1536864845033115,1.5255358219146729,751400,0.0,0.0
2008-10-14 00:00:00-04:00,1.5350702288437887,1.6685545817439538,1.2013592897627459,1.220428466796875,539900,0.0,0.0
2008-10-15 00:00:00-04:00,1.1918249248432475,1.2871709415629637,0.90578693151474,0.90578693151474,556800,0.0,0.0
2008-10-16 00:00:00-04:00,1.1155480762696979,1.1918249115253834,0.9820636998182086,1.039271354675293,1329400,0.0,0.0
2008-10-17 00:00:00-04:00,1.0678750276565552,1.1346172666118957,0.982063610045766,1.0678750276565552,3782200,0.0,0.0
2008-10-20 00:00:00-04:00,1.1346171701432937,1.2871707000775878,1.0583403483455163,1.220428466796875,825000,0.0,0.0
2008-10-21 00:00:00-04:00,1.2204285181792736,1.2871707542699635,1.1250825153331159,1.1441518068313599,551300,0.0,0.0
2008-10-22 00:00:00-04:00,1.0964788664260414,1.2108940594064017,0.9534599036159104,1.0106674432754517,263500,0.0,0.0
2008-10-23 00:00:00-04:00,1.0392710566384082,1.1727553948099356,1.0106671805821001,1.0964785814285278,398900,0.0,0.0
2008-10-24 00:00:00-04:00,0.9534597746577547,1.1155478954315186,0.9153213632124173,1.1155478954315186,315400,0.0,0.0
2008-10-27 00:00:00-04:00,1.1822901400926868,1.6208816766738892,1.039271195365288,1.6208816766738892,1322200,0.0,0.0
2008-10-28 00:00:00-04:00,1.668554858279205,1.7066932186682628,1.4301898785250327,1.6113473176956177,652700,0.0,0.0
2008-10-29 00:00:00-04:00,1.5350704765128484,1.9927311401549377,1.5255358864574682,1.8973852396011353,1029300,0.0,0.0
2008-10-30 00:00:00-04:00,1.906919965642816,2.8127069947876686,1.906919965642816,2.5552728176116943,1981300,0.0,0.0
2008-10-31 00:00:00-04:00,2.679222344523794,3.5659401416778564,2.5266689014504493,3.5659401416778564,1650300,0.0,0.0
2008-11-03 00:00:00-05:00,4.099879319100707,4.48126306117449,3.5278030240221097,4.261967182159424,2012500,0.0,0.0
2008-11-04 00:00:00-05:00,4.767299574141289,4.767299574141289,2.879448924595534,3.7947704792022705,2775700,0.0,0.0
2008-11-05 00:00:00-05:00,3.61361293310025,3.61361293310025,2.6696876364672057,3.0987446308135986,968100,0.0,0.0
2008-11-06 00:00:00-05:00,3.0510716819579,3.451524679668322,2.6220146876115065,3.0987446308135986,1093500,0.0,0.0
2008-11-07 00:00:00-05:00,2.9461909152835917,3.2417636476303167,2.73642971668892,3.0320024490356445,791500,0.0,0.0
2008-11-10 00:00:00-05:00,3.165487181410212,3.1940909545386758,2.7554995392463173,3.003399133682251,483900,0.0,0.0
2008-11-11 00:00:00-05:00,3.0033997592141546,3.070141910414599,2.6410847694807726,2.8317768573760986,512600,0.0,0.0
2008-11-12 00:00:00-05:00,2.7650333978189887,2.8127063404043118,2.431322345076685,2.44085693359375,363100,0.0,0.0
2008-11-13 00:00:00-05:00,2.383649811562801,3.5468709468841553,2.383649811562801,3.5468709468841553,634000,0.0,0.0
2008-11-14 00:00:00-05:00,3.289436302273094,3.3371092460376985,2.688756528871495,2.745964288711548,612200,0.0,0.0
2008-11-17 00:00:00-05:00,2.8317759336158486,2.9652601924725244,2.5743417784982765,2.8699142932891846,421200,0.0,0.0
2008-11-18 00:00:00-05:00,2.908052565146246,2.908052565146246,2.4789955771326087,2.4980647563934326,409300,0.0,0.0
2008-11-19 00:00:00-05:00,2.6601530307938335,2.79363751411438,2.4503918297601466,2.79363751411438,581800,0.0,0.0
2008-11-20 00:00:00-05:00,2.6506187039998106,2.7459648379213584,2.393184528860005,2.5266690254211426,394000,0.0,0.0
2008-11-21 00:00:00-05:00,2.488530293844713,2.650618553161621,2.383649802554252,2.650618553161621,369600,0.0,0.0
2008-11-24 00:00:00-05:00,2.564806968092209,3.03200228857249,2.564806968092209,2.860379457473755,529300,0.0,0.0
2008-11-25 00:00:00-05:00,2.8603799632676448,2.9557258711142027,2.5266690584821165,2.5743420124053955,698500,0.0,0.0
2008-11-26 00:00:00-05:00,2.5457380791420077,2.993864272341101,2.526668898778009,2.974794864654541,479800,0.0,0.0
2008-11-28 00:00:00-05:00,2.869914168573732,3.0033986489522393,2.6696875616672435,2.993864059448242,151700,0.0,0.0
2008-12-01 00:00:00-05:00,2.9080529610326495,3.041537461352815,2.5457382784309077,2.631549596786499,473200,0.0,0.0
2008-12-02 00:00:00-05:00,2.669687783459025,2.8222414555193502,2.4789957502142594,2.717360734939575,357500,0.0,0.0
2008-12-03 00:00:00-05:00,2.8031718212290735,2.8031718212290735,2.5743414638364444,2.745964288711548,230400,0.0,0.0
2008-12-04 00:00:00-05:00,2.726895045443646,2.8508449338978092,2.5743416163585717,2.669687509536743,482700,0.0,0.0
2008-12-05 00:00:00-05:00,2.6315493248429513,2.879448890686035,2.517134245525784,2.879448890686035,426600,0.0,0.0
2008-12-08 00:00:00-05:00,2.9747948354203393,2.9747948354203393,2.7078260856253773,2.9366564750671387,755000,0.0,0.0
2008-12-09 00:00:00-05:00,2.793638008933262,2.955726062783286,2.765034234724434,2.82224178314209,491600,0.0,0.0
2008-12-10 00:00:00-05:00,2.8413104369280453,3.3180403729586225,2.774568309534078,3.041537046432495,782400,0.0,0.0
2008-12-11 00:00:00-05:00,2.869914544992352,3.1273487226879477,2.860379954237796,2.888983726501465,379200,0.0,0.0
2008-12-12 00:00:00-05:00,2.8127064425251436,3.2894363403320312,2.6696873822540654,3.2894363403320312,284900,0.0,0.0
2008-12-15 00:00:00-05:00,2.9175872331949595,3.1940905672312554,2.860379693874875,3.1464176177978516,215500,0.0,0.0
2008-12-16 00:00:00-05:00,3.527801752090454,3.527801752090454,3.0701409719639865,3.527801752090454,440400,0.0,0.0
2008-12-17 00:00:00-05:00,3.012933425928857,3.33710971655841,3.012933425928857,3.2226946353912354,227900,0.0,0.0
2008-12-18 00:00:00-05:00,3.1559525903673906,3.2226949549897212,2.955725951145563,3.003399133682251,204700,0.0,0.0
2008-12-19 00:00:00-05:00,3.0224679671550496,3.279902122941231,2.879448890686035,2.879448890686035,481400,0.0,0.0
2008-12-22 00:00:00-05:00,2.946190759361855,3.0987444122632346,2.7841027446843327,2.860379457473755,348200,0.0,0.0
2008-12-23 00:00:00-05:00,2.8889832078949804,2.9843293256473684,2.7650335503361707,2.8413102626800537,221100,0.0,0.0
2008-12-24 00:00:00-05:00,2.8603806364620032,2.8603806364620032,2.688757734623947,2.8317768573760986,120400,0.0,0.0
2008-12-26 00:00:00-05:00,2.860379754360738,2.9366564750671387,2.7173606757136777,2.9366564750671387,114400,0.0,0.0
2008-12-29 00:00:00-05:00,2.936656789938497,2.946191381049106,2.6315496470764335,2.7078263759613037,226100,0.0,0.0
2008-12-30 00:00:00-05:00,2.7268953108836587,2.803172260173647,2.593411047440664,2.698291540145874,373000,0.0,0.0
2008-12-31 00:00:00-05:00,2.6315494222745848,2.81270686522324,2.6220148319784746,2.717360734939575,345100,0.0,0.0
2009-01-02 00:00:00-05:00,2.7078260373549523,2.9938641895500813,2.6506184978449485,2.8699142932891846,244800,0.0,0.0
2009-01-05 00:00:00-05:00,2.9080531431166246,3.3275756248791954,2.8127072278626732,3.232229709625244,466100,0.0,0.0
2009-01-06 00:00:00-05:00,3.2703673918222536,3.3847824662003276,3.0796753738695846,3.2799019813537598,540700,0.0,0.0
2009-01-07 00:00:00-05:00,3.241763821342052,3.527801752090454,2.9366564830427,3.527801752090454,445600,0.0,0.0
2009-01-08 00:00:00-05:00,3.5278016279446454,3.6994244712831827,3.289436656155447,3.670820474624634,391600,0.0,0.0
2009-01-09 00:00:00-05:00,3.7184935220126745,3.8043048270477198,3.508732326826686,3.5182669162750244,375900,0.0,0.0
2009-01-12 00:00:00-05:00,3.565939663083647,3.5754742519960687,3.2322288238263597,3.3085055351257324,339400,0.0,0.0
2009-01-13 00:00:00-05:00,3.2894371882040843,3.5182676072266967,3.2417642315999124,3.4801292419433594,253600,0.0,0.0
2009-01-14 00:00:00-05:00,3.403852186250115,3.4801291419476876,3.2989716847345028,3.346644639968872,266100,0.0,0.0
2009-01-15 00:00:00-05:00,3.3466444085595546,3.4610597205331852,3.1654869638728034,3.3561789989471436,239300,0.0,0.0
2009-01-16 00:00:00-05:00,3.4038524402141808,3.4705948098445796,3.194091194209925,3.3657140731811523,258200,0.0,0.0
2009-01-20 00:00:00-05:00,3.308505474511975,3.3752475956761714,3.0033984075816926,3.2417633533477783,997400,0.0,0.0
2009-01-21 00:00:00-05:00,3.2894366770015084,3.480128701105845,3.2894366770015084,3.413386344909668,296200,0.0,0.0
2009-01-22 00:00:00-05:00,3.327575406186685,3.718494087681395,3.1940909062813323,3.2703678607940674,451200,0.0,0.0
2009-01-23 00:00:00-05:00,3.1464175155933853,3.5468707324712416,3.1178137468624736,3.298971176147461,355600,0.0,0.0
2009-01-26 00:00:00-05:00,3.298971298961026,3.518267094717803,3.1559522226596304,3.1654868125915527,212800,0.0,0.0
2009-01-27 00:00:00-05:00,3.108279659799429,3.3847830295562744,3.108279659799429,3.3847830295562744,342000,0.0,0.0
2009-01-28 00:00:00-05:00,3.4419902487939904,3.575474739074707,3.2989713956245392,3.575474739074707,286600,0.0,0.0
2009-01-29 00:00:00-05:00,3.5278017737627008,3.737562984886165,3.4324556447124563,3.556405544281006,319800,0.0,0.0
2009-01-30 00:00:00-05:00,3.6612861186725474,3.737563069095823,3.3561789989471436,3.3561789989471436,186000,0.0,0.0
2009-02-02 00:00:00-05:00,3.241763821342052,3.575474702661428,3.241763821342052,3.527801752090454,248100,0.0,0.0
2009-02-03 00:00:00-05:00,3.480128961034209,3.9091857631617235,3.480128961034209,3.737563133239746,544400,0.0,0.0
2009-02-04 00:00:00-05:00,3.8901163340096967,4.328707926044625,3.7661666647473573,4.042669773101807,701700,0.0,0.0
2009-02-05 00:00:00-05:00,4.118947236921367,4.6242807667696315,4.042670057366686,4.395450592041016,757600,0.0,0.0
2009-02-06 00:00:00-05:00,4.395449872026961,4.767299072371303,4.319173159612231,4.662418365478516,616800,0.0,0.0
2009-02-09 00:00:00-05:00,4.614745815630946,4.900783497604919,4.204757789500624,4.309638500213623,585000,0.0,0.0
2009-02-10 00:00:00-05:00,4.281034472631404,4.853110741585025,4.233361753315323,4.271500110626221,411700,0.0,0.0
2009-02-11 00:00:00-05:00,4.414518988388592,4.643349122432332,4.30963828296268,4.5766072273254395,679000,0.0,0.0
2009-02-12 00:00:00-05:00,4.567072803639315,4.567072803639315,4.338242649926871,4.500330448150635,327400,0.0,0.0
2009-02-13 00:00:00-05:00,4.519400292139277,4.748230934143066,4.519400292139277,4.748230934143066,344500,0.0,0.0
2009-02-17 00:00:00-05:00,4.700557798696678,4.700557798696678,3.9759284100816616,4.118947505950928,415400,0.0,0.0
2009-02-18 00:00:00-05:00,4.185688824229486,4.185688824229486,3.6708205157659557,3.7089591026306152,414500,0.0,0.0
2009-02-19 00:00:00-05:00,3.756632314342188,4.0617396666264,3.623147819302524,3.737563133239746,284000,0.0,0.0
2009-02-20 00:00:00-05:00,3.6612858385338374,3.851977859017616,3.575474531611284,3.6136128902435303,358900,0.0,0.0
2009-02-23 00:00:00-05:00,3.613612824846475,3.642216593303005,3.2608327865600586,3.2608327865600586,246900,0.0,0.0
2009-02-24 00:00:00-05:00,3.24176370051685,3.737562822620949,3.1464175756060304,3.661285877227783,335600,0.0,0.0
2009-02-25 00:00:00-05:00,3.632682396478439,3.899651385574803,3.356179044188528,3.718493938446045,230000,0.0,0.0
2009-02-26 00:00:00-05:00,3.75663220364044,4.166619812583854,3.7184938425594307,3.9091856479644775,259700,0.0,0.0
2009-02-27 00:00:00-05:00,3.8138402335166086,4.30963944568796,3.546871444449157,3.947324514389038,281800,0.0,0.0
2009-03-02 00:00:00-05:00,3.8519768674423087,3.947322739479003,3.4038508142248634,3.422919988632202,316600,0.0,0.0
2009-03-03 00:00:00-05:00,3.499197890721698,3.8615127602811623,3.4419901242021407,3.6994245052337646,325000,0.0,0.0
2009-03-04 00:00:00-05:00,3.775701312823764,4.14755055365857,3.7089591821933605,4.10941219329834,525100,0.0,0.0
2009-03-05 00:00:00-05:00,3.985462207450926,4.052204563941016,3.3847825902979856,3.432455539703369,322200,0.0,0.0
2009-03-06 00:00:00-05:00,3.7470976594834116,3.7470976594834116,3.1464177830976263,3.3561789989471436,257400,0.0,0.0
2009-03-09 00:00:00-04:00,3.318040378693823,3.6231474746304535,3.2417636615403023,3.3275749683380127,218600,0.0,0.0
2009-03-10 00:00:00-04:00,3.451524682392767,3.8043049588485074,3.298971245934113,3.670820474624634,369500,0.0,0.0
2009-03-11 00:00:00-04:00,3.689889513921327,3.909185297817289,3.50873231501285,3.7757010459899902,249500,0.0,0.0
2009-03-12 00:00:00-04:00,3.7566315813677287,4.481260776519775,3.7375624039859656,4.481260776519775,325200,0.0,0.0
2009-03-13 00:00:00-04:00,4.195223793959205,4.7291613016056315,3.9568588108324905,4.176154613494873,378600,0.0,0.0
2009-03-16 00:00:00-04:00,4.214293194199543,4.481261734622643,4.004531743507674,4.47172737121582,248800,0.0,0.0
2009-03-17 00:00:00-04:00,4.443123515416162,4.671954154968262,4.290570058811537,4.671954154968262,253800,0.0,0.0
2009-03-18 00:00:00-04:00,4.605210863870426,4.700556755065918,4.443122621515554,4.700556755065918,478700,0.0,0.0
2009-03-19 00:00:00-04:00,4.719626933400655,4.853111664005018,4.586142657441459,4.748230934143066,483100,0.0,0.0
2009-03-20 00:00:00-04:00,4.814972627697371,4.814972627697371,4.395450221423265,4.528934478759766,454600,0.0,0.0
2009-03-23 00:00:00-04:00,4.691022717064333,4.767299435285687,4.290569491757118,4.5098652839660645,394700,0.0,0.0
2009-03-24 00:00:00-04:00,4.4049836722950335,4.4049836722950335,4.061738510178934,4.080807685852051,382400,0.0,0.0
2009-03-25 00:00:00-04:00,4.138016811174999,4.357312643441074,3.8043056533549477,3.9663937091827393,414000,0.0,0.0
2009-03-26 00:00:00-04:00,4.0712749339704954,4.55753984203621,4.004532557967777,4.4049859046936035,375400,0.0,0.0
2009-03-27 00:00:00-04:00,4.290570305579744,4.595677690982128,4.176155206545797,4.366847038269043,333200,0.0,0.0
2009-03-30 00:00:00-04:00,4.1856890602790475,4.481261590721563,4.1856890602790475,4.29056978225708,236300,0.0,0.0
2009-03-31 00:00:00-04:00,4.309639291461481,4.614746662896382,4.061739921569824,4.061739921569824,358800,0.0,0.0
2009-04-01 00:00:00-04:00,3.9759277852370674,4.767299415460253,3.9282546092244246,4.500330448150635,653700,0.0,0.0
2009-04-02 00:00:00-04:00,4.538469384880818,4.662418827515375,4.395450307607746,4.643349647521973,802900,0.0,0.0
2009-04-03 00:00:00-04:00,4.614746180672022,4.729161262512207,4.443123103266623,4.729161262512207,568500,0.0,0.0
2009-04-06 00:00:00-04:00,4.643350590267632,4.719627325727807,4.519400667822244,4.624281406402588,413900,0.0,0.0
2009-04-07 00:00:00-04:00,4.54800372191896,4.757764700664009,4.300104383402082,4.595676898956299,479300,0.0,0.0
2009-04-08 00:00:00-04:00,4.652885018011227,4.757765293121338,4.490796741474478,4.757765293121338,387900,0.0,0.0
2009-04-09 00:00:00-04:00,4.786369436526561,5.186822730580387,4.567073606670665,4.948457717895508,1165200,0.0,0.0
2009-04-13 00:00:00-04:00,4.8817152101022625,5.024734304523984,4.605211839721345,4.748230934143066,449100,0.0,0.0
2009-04-14 00:00:00-04:00,4.719626882834626,4.996130250253089,4.59567742666595,4.671954154968262,329500,0.0,0.0
2009-04-15 00:00:00-04:00,4.6719538054342244,4.843576431274414,4.538469540891855,4.843576431274414,304700,0.0,0.0
2009-04-16 00:00:00-04:00,4.900783881288192,4.900783881288192,4.433588736831367,4.7386956214904785,629400,0.0,0.0
2009-04-17 00:00:00-04:00,4.738695610768015,4.814972786405318,4.605211349031695,4.710092067718506,313500,0.0,0.0
2009-04-20 00:00:00-04:00,4.576608064529099,4.652884789830393,4.3287082526547485,4.4431233406066895,427400,0.0,0.0
2009-04-21 00:00:00-04:00,4.39545028283165,4.834041874852775,4.300104383402082,4.595676898956299,303000,0.0,0.0
2009-04-22 00:00:00-04:00,4.4335890301172,4.652884845295109,4.4335890301172,4.519400119781494,234400,0.0,0.0
2009-04-23 00:00:00-04:00,4.500331308446172,4.6242812260575645,4.3096394772326345,4.347777843475342,175900,0.0,0.0
2009-04-24 00:00:00-04:00,4.481262623315053,4.5098666284983615,4.195224844708165,4.3382439613342285,436000,0.0,0.0
2009-04-27 00:00:00-04:00,4.366846878098506,4.366846878098506,4.042670321414192,4.118947505950928,258700,0.0,0.0
2009-04-28 00:00:00-04:00,4.0712739484941824,4.328708115555122,4.042669950089576,4.252431392669678,109400,0.0,0.0
2009-04-29 00:00:00-04:00,4.300104657729494,4.300104657729494,3.670820772058629,3.737563133239746,961600,0.0,0.0
2009-04-30 00:00:00-04:00,3.775701509205388,3.890116596237032,3.6422170136792325,3.7566323280334473,448100,0.0,0.0
2009-05-01 00:00:00-04:00,3.775701224163103,3.8329087633601064,3.6994245052337646,3.6994245052337646,250200,0.0,0.0
2009-05-04 00:00:00-04:00,3.728028436624407,3.899651288986206,3.6994246657845347,3.899651288986206,888500,0.0,0.0
2009-05-05 00:00:00-04:00,3.909185837500214,3.909185837500214,3.7375632043145983,3.8233747482299805,411000,0.0,0.0
2009-05-06 00:00:00-04:00,3.794771300039359,4.052205514542107,3.794771300039359,3.9854631423950195,406200,0.0,0.0
2009-05-07 00:00:00-04:00,4.099877439641285,4.195223331451416,3.861512482793422,4.195223331451416,586100,0.0,0.0
2009-05-08 00:00:00-04:00,4.147550395363878,4.195223571317239,3.7661665789948433,3.9282546043395996,559300,0.0,0.0
2009-05-11 00:00:00-04:00,3.71849402284953,3.909185837500214,3.71849402284953,3.8233747482299805,251900,0.0,0.0
2009-05-12 00:00:00-04:00,3.947323944437583,3.947323944437583,3.4801288015194802,3.527801752090454,441800,0.0,0.0
2009-05-13 00:00:00-04:00,3.537336460891243,3.82337462855951,3.441990329227632,3.689889907836914,349200,0.0,0.0
2009-05-14 00:00:00-04:00,3.71849402284953,3.8233747482299805,3.604078706736545,3.8233747482299805,268400,0.0,0.0
2009-05-15 00:00:00-04:00,3.8519784973084934,3.909186044736421,3.623148080274197,3.785236358642578,363100,0.0,0.0
2009-05-18 00:00:00-04:00,3.785235844633871,4.042669773101807,3.699424535144559,4.042669773101807,287200,0.0,0.0
2009-05-19 00:00:00-04:00,4.1380157467103045,4.1380157467103045,3.8233740801899483,3.890115976333618,290900,0.0,0.0
2009-05-20 00:00:00-04:00,3.928255115606847,3.928255115606847,3.6231479773370383,3.6422171592712402,314300,0.0,0.0
2009-05-21 00:00:00-04:00,3.5945437489159953,3.680355056745437,3.4801286718100726,3.661285877227783,164300,0.0,0.0
2009-05-22 00:00:00-04:00,3.699424463585642,3.7947703611739105,3.5754745693983416,3.661285877227783,194900,0.0,0.0
2009-05-26 00:00:00-04:00,3.75663222499629,3.8043051766185645,3.594543962157991,3.6326823234558105,257600,0.0,0.0
2009-05-27 00:00:00-04:00,3.6136133863699373,3.74709788723193,3.6136133863699373,3.6422171592712402,197100,0.0,0.0
2009-05-28 00:00:00-04:00,3.8519788527460572,4.042670695101718,3.6803559673033552,3.9854631423950195,1066200,0.0,0.0
2009-05-29 00:00:00-04:00,4.042670203079498,4.080809021554074,3.861513202212346,3.9568591117858887,1490000,0.0,0.0
2009-06-01 00:00:00-04:00,4.042670284625298,4.176155015365974,3.9568591916007696,4.061739921569824,319900,0.0,0.0
2009-06-02 00:00:00-04:00,4.0426699117480105,4.061739546933642,3.7661667939106924,3.9091856479644775,365200,0.0,0.0
2009-06-03 00:00:00-04:00,3.8519782931050086,3.909185837500214,3.680355432596819,3.8233747482299805,243500,0.0,0.0
2009-06-04 00:00:00-04:00,3.8233745628547697,3.9568588266383027,3.623147712534344,3.9091856479644775,500300,0.0,0.0
2009-06-05 00:00:00-04:00,3.832908868789673,3.956858767781818,3.804305098404384,3.832908868789673,181900,0.0,0.0
2009-06-08 00:00:00-04:00,3.8615128369124903,3.9091855598668337,3.737562938869989,3.7947704792022705,503900,0.0,0.0
2009-06-09 00:00:00-04:00,3.8233742122918715,3.8424433910839344,3.7470972698010767,3.7661664485931396,454600,0.0,0.0
2009-06-10 00:00:00-04:00,3.8615127602811623,3.8710471228247756,3.6803550981788766,3.6994245052337646,219500,0.0,0.0
2009-06-11 00:00:00-04:00,3.7184937223320853,3.8329088018758144,3.689889725123597,3.7470974922180176,194400,0.0,0.0
2009-06-12 00:00:00-04:00,3.699424424488632,3.7280281934628166,3.5850091212693456,3.6136128902435303,303200,0.0,0.0
2009-06-15 00:00:00-04:00,3.6231476076157683,3.6517513775982215,3.2417637805271675,3.4705941677093506,398100,0.0,0.0
2009-06-16 00:00:00-04:00,3.3943175937605035,3.6136134150679733,2.9938645426394297,3.003399133682251,413100,0.0,0.0
2009-06-17 00:00:00-04:00,3.1178141028761313,3.1178141028761313,2.698291658940349,2.8508453369140625,449600,0.0,0.0
2009-06-18 00:00:00-04:00,2.84131063611157,2.8603798167037904,2.6315494222745848,2.717360734939575,293800,0.0,0.0
2009-06-19 00:00:00-04:00,2.6601527626127326,2.7936372324761525,2.6601527626127326,2.745964288711548,428500,0.0,0.0
2009-06-22 00:00:00-04:00,2.755499271774642,2.7650338618919563,2.622014782809677,2.650618553161621,298400,0.0,0.0
2009-06-23 00:00:00-04:00,2.6696876807472094,2.7364298102521873,2.5743417814543843,2.583876371383667,206500,0.0,0.0
2009-06-24 00:00:00-04:00,2.5934112394245954,2.6982917398938544,2.5934112394245954,2.6410841941833496,125700,0.0,0.0
2009-06-25 00:00:00-04:00,2.6029455067284983,2.8222412986743097,2.6029455067284983,2.812706708908081,224900,0.0,0.0
2009-06-26 00:00:00-04:00,2.9175869920658215,2.9175869920658215,2.68875662637502,2.860379457473755,1332800,0.0,0.0
2009-06-29 00:00:00-04:00,2.8699144069999005,2.9938643081718954,2.6982915543473553,2.717360734939575,313500,0.0,0.0
2009-06-30 00:00:00-04:00,2.70782621709503,2.8031723499298096,2.6506186737877035,2.8031723499298096,418100,0.0,0.0
2009-07-01 00:00:00-04:00,2.841310582830473,2.8603797630651027,2.650618553161621,2.650618553161621,355800,0.0,0.0
2009-07-02 00:00:00-04:00,2.650619121177158,2.650619121177158,2.402719497680664,2.402719497680664,326600,0.0,0.0
2009-07-06 00:00:00-04:00,2.4027185747474715,2.7268948110055358,2.3550456322569504,2.6792218685150146,646400,0.0,0.0
2009-07-07 00:00:00-04:00,2.6887565103312094,2.6887565103312094,2.431322388454951,2.488529920578003,434400,0.0,0.0
2009-07-08 00:00:00-04:00,2.4980647751841802,2.526668771613127,2.345511339950062,2.5075995922088623,333600,0.0,0.0
2009-07-09 00:00:00-04:00,2.5266696647129265,2.5266696647129265,2.383650541305542,2.383650541305542,142000,0.0,0.0
2009-07-10 00:00:00-04:00,2.3073728814176215,2.4313225421882785,2.297838292127571,2.393184185028076,202900,0.0,0.0
2009-07-13 00:00:00-04:00,2.3550461970357364,2.5743420124053955,2.3455116062510806,2.5743420124053955,153200,0.0,0.0
2009-07-14 00:00:00-04:00,2.5648070869299606,2.631549213713134,2.440857195581521,2.469460964202881,181800,0.0,0.0
2009-07-15 00:00:00-04:00,2.526668152009566,2.602944850921631,2.4789949878670323,2.602944850921631,184100,0.0,0.0
2009-07-16 00:00:00-04:00,2.6029456307638905,2.7173607134107347,2.536203499219898,2.6887569427490234,182500,0.0,0.0
2009-07-17 00:00:00-04:00,2.698291540145874,2.7268953108836587,2.6315494084243767,2.698291540145874,168600,0.0,0.0
2009-07-20 00:00:00-04:00,2.7173610269862585,2.7841033935546875,2.6315497050987497,2.7841033935546875,165200,0.0,0.0
2009-07-21 00:00:00-04:00,2.8317763007778423,2.8413108919324106,2.6601534326730256,2.726895570755005,123900,0.0,0.0
2009-07-22 00:00:00-04:00,2.698291994805623,2.736430362215616,2.6506190355431314,2.66015362739563,134400,0.0,0.0
2009-07-23 00:00:00-04:00,2.7078264589841883,2.8508455573509175,2.574342179342992,2.82224178314209,481500,0.0,0.0
2009-07-24 00:00:00-04:00,2.8127065832802036,2.984329418729439,2.7841028152590876,2.94619083404541,190100,0.0,0.0
2009-07-27 00:00:00-04:00,2.9461908846057105,3.022467827960234,2.9080525265897212,2.993864059448242,131600,0.0,0.0
2009-07-28 00:00:00-04:00,2.9747952199713743,2.984330038614797,2.7173610269862585,2.7841033935546875,299400,0.0,0.0
2009-07-29 00:00:00-04:00,2.7841025693166817,2.8031717463128905,2.622014337526389,2.6792218685150146,235600,0.0,0.0
2009-07-30 00:00:00-04:00,2.7078264356654245,2.9461914460088714,2.6601534790612527,2.7841033935546875,186300,0.0,0.0
2009-07-31 00:00:00-04:00,2.7650347061756544,2.9557265667483517,2.726896106738486,2.8317768573760986,201800,0.0,0.0
2009-08-03 00:00:00-04:00,2.7841030267028812,2.927121877670288,2.7841030267028812,2.927121877670288,316700,0.0,0.0
2009-08-04 00:00:00-04:00,2.908052778765192,3.07014104171138,2.869914417441987,3.022468090057373,1831600,0.0,0.0
2009-08-05 00:00:00-04:00,3.022468035533054,3.0606063961682564,2.793637644399281,2.9652602672576904,882700,0.0,0.0
2009-08-06 00:00:00-04:00,2.898518290242544,3.0606065588819535,2.8222415649169736,2.8508453369140625,194100,0.0,0.0
2009-08-07 00:00:00-04:00,2.9557255554015116,2.9557255554015116,2.784102939609395,2.812706708908081,285600,0.0,0.0
2009-08-10 00:00:00-04:00,2.774568611588492,2.965260424902418,2.774568611588492,2.8508453369140625,298600,0.0,0.0
2009-08-11 00:00:00-04:00,2.8413109414796933,2.8794493067630307,2.7173610269862585,2.7841033935546875,161000,0.0,0.0
2009-08-12 00:00:00-04:00,2.7936370185289734,2.860379134688059,2.717360087024652,2.7745678424835205,226400,0.0,0.0
2009-08-13 00:00:00-04:00,2.8031722276936075,3.0796755689442756,2.7650338671517996,2.95572566986084,494800,0.0,0.0
2009-08-14 00:00:00-04:00,2.955725655243739,3.1464176843323,2.860379754360738,2.9366564750671387,345400,0.0,0.0
2009-08-17 00:00:00-04:00,2.8603793627195357,2.8699139515023666,2.726894892437379,2.7554988861083984,230300,0.0,0.0
2009-08-18 00:00:00-04:00,2.7841026524568906,2.803171830022552,2.688756537306056,2.7554988861083984,302900,0.0,0.0
2009-08-19 00:00:00-04:00,2.726894900932584,2.765033483505249,2.669687368057379,2.765033483505249,157700,0.0,0.0
2009-08-20 00:00:00-04:00,2.7650341499475393,2.784103332168757,2.669688011518869,2.7078263759613037,243000,0.0,0.0
2009-08-21 00:00:00-04:00,2.688756528871495,2.841310176240757,2.688756528871495,2.745964288711548,448400,0.0,0.0
2009-08-24 00:00:00-04:00,2.745964718698078,2.803172260173647,2.6410839986703047,2.698291540145874,365700,0.0,0.0
2009-08-25 00:00:00-04:00,2.831775587487836,2.831775587487836,2.698291117624416,2.745964288711548,235000,0.0,0.0
2009-08-26 00:00:00-04:00,2.8222415310322515,2.8222415310322515,2.7173608076462505,2.8031723499298096,299100,0.0,0.0
2009-08-27 00:00:00-04:00,2.7936372499428517,2.831775605192988,2.71736031212005,2.765033483505249,209800,0.0,0.0
2009-08-28 00:00:00-04:00,2.7936373979909064,2.8031719873087235,2.669687509536743,2.669687509536743,358200,0.0,0.0
2009-08-31 00:00:00-04:00,2.669687468407119,2.7268950034326735,2.5743415766978615,2.6220145225524902,523200,0.0,0.0
2009-09-01 00:00:00-04:00,2.669687304599776,2.7268948361151764,2.431322362629751,2.459926128387451,437700,0.0,0.0
2009-09-02 00:00:00-04:00,2.440857131478329,2.5171340731212726,2.345511238577824,2.393184185028076,323600,0.0,0.0
2009-09-03 00:00:00-04:00,2.4027188600893123,2.622014648911337,2.4027188600893123,2.4980647563934326,436400,0.0,0.0
2009-09-04 00:00:00-04:00,2.4980650964663336,2.631549596786499,2.478995914609536,2.631549596786499,258600,0.0,0.0
2009-09-08 00:00:00-04:00,2.7173602225074314,2.7173602225074314,2.574341395035868,2.6792218685150146,579800,0.0,0.0
2009-09-09 00:00:00-04:00,2.6887569780053138,2.745964747401434,2.6506186166229435,2.7364299297332764,523500,0.0,0.0
2009-09-10 00:00:00-04:00,2.745964718698078,2.7554993089440063,2.6315494084243767,2.698291540145874,664200,0.0,0.0
2009-09-11 00:00:00-04:00,2.7078259478790847,3.2989711852499872,2.641083820656136,3.0320024490356445,1558800,0.0,0.0
2009-09-14 00:00:00-04:00,2.9843299515966084,3.032002906810715,2.822241676546066,3.003399133682251,1117900,0.0,0.0
2009-09-15 00:00:00-04:00,2.9557255422863635,3.194090512706959,2.946190952562442,3.0796754360198975,1019300,0.0,0.0
2009-09-16 00:00:00-04:00,3.1178135295547693,3.3847822464251056,3.0892097628175046,3.3085055351257324,1170600,0.0,0.0
2009-09-17 00:00:00-04:00,3.2417640464940805,3.308506181928922,2.8889837331219095,2.8985183238983154,979300,0.0,0.0
2009-09-18 00:00:00-04:00,2.869914168573732,3.0033986489522393,2.8603795790697344,2.993864059448242,506900,0.0,0.0
2009-09-21 00:00:00-04:00,3.0224677760909264,3.0320023654312984,2.8985178873435506,2.94619083404541,444600,0.0,0.0
2009-09-22 00:00:00-04:00,2.9557254741097077,3.194090439032186,2.9557254741097077,2.993864059448242,966100,0.0,0.0
2009-09-23 00:00:00-04:00,3.00339818935981,3.184555362214338,3.00339818935981,3.012932777404785,937100,0.0,0.0
2009-09-24 00:00:00-04:00,3.041537215850655,3.0987447568034585,2.9080527263048874,2.9652602672576904,402700,0.0,0.0
2009-09-25 00:00:00-04:00,2.946190809639019,2.946190809639019,2.8127065599796026,2.9175870418548584,560100,0.0,0.0
2009-09-28 00:00:00-04:00,2.9271218849788387,3.0033988330077985,2.917587294890539,2.9366564750671387,1297800,0.0,0.0
2009-09-29 00:00:00-04:00,2.9366573806910816,2.9747957528056213,2.8127076713188286,2.8317768573760986,387900,0.0,0.0
2009-09-30 00:00:00-04:00,2.841310462685093,2.908052590684091,2.7268951587928316,2.79363751411438,277300,0.0,0.0
2009-10-01 00:00:00-04:00,2.7936379232793658,2.8317762877218007,2.669688011518869,2.7078263759613037,1029300,0.0,0.0
2009-10-02 00:00:00-04:00,2.679221549833695,2.679221549833695,2.5552719141015907,2.602944850921631,504800,0.0,0.0
2009-10-05 00:00:00-04:00,2.622014228359615,2.6506179926630185,2.5171337592471352,2.5648066997528076,499700,0.0,0.0
2009-10-06 00:00:00-04:00,2.5934111131928463,2.641084065631166,2.4503920285553185,2.4789958000183105,632900,0.0,0.0
2009-10-07 00:00:00-04:00,2.4789955771326087,2.555272521498453,2.4789955771326087,2.4980647563934326,1382300,0.0,0.0
2009-10-08 00:00:00-04:00,2.536203342237629,2.574341700759277,2.4980647563934326,2.4980647563934326,669500,0.0,0.0
2009-10-09 00:00:00-04:00,2.5743415766978615,2.7268950034326735,2.507599452501381,2.6220145225524902,1022900,0.0,0.0
2009-10-12 00:00:00-04:00,2.6887570666394005,2.7364300199388882,2.4980650261188777,2.5266690254211426,666000,0.0,0.0
2009-10-13 00:00:00-04:00,2.5266690254211426,2.5743419787206303,2.507599844101348,2.5266690254211426,637100,0.0,0.0
2009-10-14 00:00:00-04:00,2.56480810999842,2.56480810999842,2.507600549936351,2.5171351432800293,448300,0.0,0.0
2009-10-15 00:00:00-04:00,2.5171346838234805,2.5838768250466795,2.478996090087629,2.545738458633423,631500,0.0,0.0
2009-10-16 00:00:00-04:00,2.526669341460654,2.6887574029531245,2.5076001577556575,2.66015362739563,733200,0.0,0.0
2009-10-19 00:00:00-04:00,2.660153369571696,2.6982917332852923,2.602945824001302,2.631549596786499,399300,0.0,0.0
2009-10-20 00:00:00-04:00,2.6315497830632504,2.6315497830632504,2.4980652732942574,2.545738458633423,387800,0.0,0.0
2009-10-21 00:00:00-04:00,2.526668788598669,2.9938641417889778,2.5171341988324403,2.812706708908081,1642000,0.0,0.0
2009-10-22 00:00:00-04:00,2.831776350158859,2.8985184894046996,2.679222661702921,2.7841033935546875,522000,0.0,0.0
2009-10-23 00:00:00-04:00,2.7841024534014127,2.803171629603682,2.5266683473482696,2.5648066997528076,715900,0.0,0.0
2009-10-26 00:00:00-04:00,2.5934111669293394,2.6887570737815834,2.5266690321327685,2.536203622817993,340200,0.0,0.0
2009-10-27 00:00:00-04:00,2.536203342237629,2.641083828172161,2.4789955771326087,2.4980647563934326,351400,0.0,0.0
2009-10-28 00:00:00-04:00,2.498064930908864,2.545738109713932,2.3836498473508536,2.4122536182403564,357300,0.0,0.0
2009-10-29 00:00:00-04:00,2.4313223361968994,2.4789952786081093,2.38364939378569,2.4313223361968994,282600,0.0,0.0
2009-10-30 00:00:00-04:00,2.402719120216491,2.4217883015418145,2.1357503543393888,2.2215616703033447,777400,0.0,0.0
2009-11-02 00:00:00-05:00,2.2597000329539916,2.2883040322645494,2.08807740102608,2.2215616703033447,464200,0.0,0.0
2009-11-03 00:00:00-05:00,2.2215616145143335,2.2310962049375576,2.097611939012419,2.14528489112854,503600,0.0,0.0
2009-11-04 00:00:00-05:00,2.1929577917421934,2.1929577917421934,2.049938938752684,2.078542709350586,446100,0.0,0.0
2009-11-05 00:00:00-05:00,2.0976118969796027,2.1166810774439346,1.9069198650137182,2.0880773067474365,320400,0.0,0.0
2009-11-06 00:00:00-05:00,2.0499386243458737,2.1071461567675427,1.9164541547061198,2.002265453338623,749200,0.0,0.0
2009-11-09 00:00:00-05:00,2.0976118256479936,2.192957724727312,2.002265699246121,2.0118002891540527,509900,0.0,0.0
2009-11-10 00:00:00-05:00,2.0499388370278093,2.0499388370278093,1.9450581227174755,1.9641273021697998,543900,0.0,0.0
2009-11-11 00:00:00-05:00,2.0022657455507034,2.0022657455507034,1.8878506640095476,1.9164544343948364,498600,0.0,0.0
2009-11-12 00:00:00-05:00,1.9069197947957726,1.925988974557926,1.6876240002084544,1.7162277698516846,847400,0.0,0.0
2009-11-13 00:00:00-05:00,1.744831807135175,1.7925047607476303,1.6971587398614325,1.754366397857666,517500,0.0,0.0
2009-11-16 00:00:00-05:00,1.840177331149298,2.0213346308125124,1.7734352099906843,2.002265453338623,689600,0.0,0.0
2009-11-17 00:00:00-05:00,2.0880771959324576,2.0880771959324576,1.9545927124436377,1.9641273021697998,285600,0.0,0.0
2009-11-18 00:00:00-05:00,1.9736622144058202,1.992731396974179,1.8878508928482063,1.906920075416565,277500,0.0,0.0
2009-11-19 00:00:00-05:00,1.8973852396011353,2.0976118580866787,1.8020392253860538,1.8973852396011353,465200,0.0,0.0
2009-11-20 00:00:00-05:00,1.887850649545755,1.8973852396011353,1.8401775856075746,1.8973852396011353,219800,0.0,0.0
2009-11-23 00:00:00-05:00,1.9069197018274664,2.0499387703935437,1.8211082834200745,1.8878505229949951,230500,0.0,0.0
2009-11-24 00:00:00-05:00,1.9164544197118958,1.9164544197118958,1.8306429955521943,1.8973852396011353,277000,0.0,0.0
2009-11-25 00:00:00-05:00,1.9259889125823975,1.9736618604537346,1.8878505542853277,1.9259889125823975,231400,0.0,0.0
2009-11-27 00:00:00-05:00,1.8306430840133923,1.8973853312874833,1.8306430840133923,1.8592469692230225,135500,0.0,0.0
2009-11-30 00:00:00-05:00,1.8306430436411667,1.859246928219979,1.7448317308885761,1.81157386302948,369600,0.0,0.0
2009-12-01 00:00:00-05:00,1.859246898483497,1.859246898483497,1.7257624090140535,1.7734354734420776,579800,0.0,0.0
2009-12-02 00:00:00-05:00,1.7925047607476303,1.8115739421926125,1.7162279213064147,1.754366397857666,366000,0.0,0.0
2009-12-03 00:00:00-05:00,1.7543663911468348,1.763900981832854,1.7162279147414712,1.7448318004608154,362100,0.0,0.0
2009-12-04 00:00:00-05:00,1.7352968960438526,1.8115736077416489,1.7162276044581377,1.7925044298171997,296600,0.0,0.0
2009-12-07 00:00:00-05:00,1.840177681304925,1.887850747722315,1.79250472854882,1.868781566619873,213400,0.0,0.0
2009-12-08 00:00:00-05:00,1.89738528197716,1.89738528197716,1.7734354948276547,1.8020392656326294,436400,0.0,0.0
2009-12-09 00:00:00-05:00,1.8020393977014182,1.8592470571653137,1.7925048067343174,1.8211085796356201,211500,0.0,0.0
2009-12-10 00:00:00-05:00,1.8306427856660978,1.8592466662140374,1.7639006629305263,1.7925044298171997,534200,0.0,0.0
2009-12-11 00:00:00-05:00,1.7639008103021034,1.849712231792821,1.7543662205432766,1.8306429386138916,496200,0.0,0.0
2009-12-14 00:00:00-05:00,1.8592471152233738,2.173888854285491,1.840177819032412,2.0690083503723145,1440200,0.0,0.0
2009-12-15 00:00:00-05:00,2.0308695414586166,2.1357500224497605,2.00226554659304,2.097611665725708,587000,0.0,0.0
2009-12-16 00:00:00-05:00,2.1071466899823452,2.1357504634313824,1.9831967777139323,2.030869960784912,433200,0.0,0.0
2009-12-17 00:00:00-05:00,1.9355236357102166,2.1166810774439346,1.9164544552458844,2.0880773067474365,479500,0.0,0.0
2009-12-18 00:00:00-05:00,1.9736625845506524,2.402719727450176,1.9736625845506524,2.383650541305542,1775600,0.0,0.0
2009-12-21 00:00:00-05:00,2.374115304654007,2.69829160855715,2.364580714166343,2.4789958000183105,1241200,0.0,0.0
2009-12-22 00:00:00-05:00,2.51713433882443,2.51713433882443,2.316907715275348,2.4122536182403564,734200,0.0,0.0
2009-12-23 00:00:00-05:00,2.3931844856293347,2.5266689797791986,2.355046123678679,2.4789958000183105,506500,0.0,0.0
2009-12-24 00:00:00-05:00,2.5266685026492297,2.5266685026492297,2.4122532110806008,2.488529920578003,146900,0.0,0.0
2009-12-28 00:00:00-05:00,2.5075992805357235,2.564806811638111,2.412253168042556,2.44085693359375,362100,0.0,0.0
2009-12-29 00:00:00-05:00,2.431322362629751,2.507599298639475,2.421787774043851,2.459926128387451,207400,0.0,0.0
2009-12-30 00:00:00-05:00,2.440858099739444,2.4789964720287117,2.345512169016274,2.383650541305542,491300,0.0,0.0
2009-12-31 00:00:00-05:00,2.3741149313763286,2.383649520364887,2.259699636191097,2.307372808456421,484700,0.0,0.0
2010-01-04 00:00:00-05:00,2.383650058211476,2.421788422771246,2.269234964532165,2.374115467071533,453300,0.0,0.0
2010-01-05 00:00:00-05:00,2.374115257054353,2.51713433882443,2.374115257054353,2.4122536182403564,527200,0.0,0.0
2010-01-06 00:00:00-05:00,2.469461323681137,2.8127070517486596,2.4217883690391417,2.631549596786499,1604500,0.0,0.0
2010-01-07 00:00:00-05:00,2.7364297485069744,2.860379642113378,2.6696876205079763,2.79363751411438,1463700,0.0,0.0
2010-01-08 00:00:00-05:00,2.8603800407173505,3.051072088896357,2.7650341302891386,3.003399133682251,1167800,0.0,0.0
2010-01-11 00:00:00-05:00,2.9271222012268114,3.5182675325367776,2.9271222012268114,3.3847830295562744,2099400,0.0,0.0
2010-01-12 00:00:00-05:00,3.375247961499204,3.3847825512703436,3.0510716819579,3.0987446308135986,1138900,0.0,0.0
2010-01-13 00:00:00-05:00,3.2226946353912354,3.308505946266616,3.108279326901502,3.2226946353912354,735500,0.0,0.0
2010-01-14 00:00:00-05:00,3.289436391567338,3.3943168706965277,3.0701406169746797,3.089209794998169,846300,0.0,0.0
2010-01-15 00:00:00-05:00,3.108278657854537,3.108278657854537,2.8603791413626722,3.012932777404785,916100,0.0,0.0
2010-01-19 00:00:00-05:00,3.0129335811686984,3.13688325881958,2.9271220385493635,3.13688325881958,552800,0.0,0.0
2010-01-20 00:00:00-05:00,3.165486820034064,3.2036251798514233,2.984329610901606,3.1750214099884033,602500,0.0,0.0
2010-01-21 00:00:00-05:00,3.184555719269582,3.203624897497586,3.079675239015562,3.1273481845855713,516900,0.0,0.0
2010-01-22 00:00:00-05:00,3.070140920490665,3.3847826163064365,3.070140920490665,3.1750214099884033,1379300,0.0,0.0
2010-01-25 00:00:00-05:00,3.2036253119653764,3.461059705993973,3.1940907216178402,3.3371098041534424,823700,0.0,0.0
2010-01-26 00:00:00-05:00,3.375248049875747,3.384782639896538,3.1750214321165826,3.203625202178955,692500,0.0,0.0
2010-01-27 00:00:00-05:00,3.2036251798514233,3.251298356945678,3.0415371506276454,3.1750214099884033,527800,0.0,0.0
2010-01-28 00:00:00-05:00,3.1082790544051355,3.1845557684962307,2.8985178633320845,2.9175870418548584,779000,0.0,0.0
2010-01-29 00:00:00-05:00,2.917587358480451,2.9557257196648914,2.669687783459025,2.717360734939575,954600,0.0,0.0
2010-02-01 00:00:00-05:00,2.688757099494809,2.9080529146747214,2.4980650566441143,2.8985183238983154,892400,0.0,0.0
2010-02-02 00:00:00-05:00,2.908052682876587,2.9747948129914765,2.8127067827124588,2.908052682876587,615600,0.0,0.0
2010-02-03 00:00:00-05:00,2.8699139515023666,2.9652598393306735,2.688756537306056,2.7554988861083984,391200,0.0,0.0
2010-02-04 00:00:00-05:00,2.707826199044814,2.7268953800201414,2.412253666604663,2.4789958000183105,978600,0.0,0.0
2010-02-05 00:00:00-05:00,2.4789949878670323,2.622014025649647,2.3931837015909596,2.602944850921631,506400,0.0,0.0
2010-02-08 00:00:00-05:00,2.602945824001302,2.660153369571696,2.5457382784309077,2.631549596786499,385500,0.0,0.0
2010-02-09 00:00:00-05:00,2.6696871469110195,2.7745678424835205,2.612479618774661,2.7745678424835205,321000,0.0,0.0
2010-02-10 00:00:00-05:00,2.765033630037455,2.765033630037455,2.5552724377229374,2.669687509536743,277600,0.0,0.0
2010-02-11 00:00:00-05:00,2.6506188415184573,2.726895570755005,2.6506188415184573,2.726895570755005,130800,0.0,0.0
2010-02-12 00:00:00-05:00,2.717360734939575,2.7268953252356853,2.583876470794034,2.717360734939575,139900,0.0,0.0
2010-02-16 00:00:00-05:00,2.7268953393876836,2.7554993377470263,2.660153206968536,2.7364299297332764,167100,0.0,0.0
2010-02-17 00:00:00-05:00,2.7554988861083984,2.7650334748912293,2.6982911260888867,2.7554988861083984,142000,0.0,0.0
2010-02-18 00:00:00-05:00,2.7554993971737045,2.8127069404810303,2.688757035992588,2.8031723499298096,189800,0.0,0.0
2010-02-19 00:00:00-05:00,2.8222422643474636,2.8508460434333682,2.7650347061756544,2.8317768573760986,245500,0.0,0.0
2010-02-22 00:00:00-05:00,2.9461914713803434,2.9461914713803434,2.793638008933262,2.82224178314209,243100,0.0,0.0
2010-02-23 00:00:00-05:00,2.841310965947975,2.86038014875386,2.8031726003362047,2.82224178314209,339700,0.0,0.0
2010-02-24 00:00:00-05:00,2.8031716065517,2.860379134688059,2.6696871469110195,2.7745678424835205,160600,0.0,0.0
2010-02-25 00:00:00-05:00,2.7650335503361707,2.850844851723039,2.698291199712739,2.8413102626800537,189300,0.0,0.0
2010-02-26 00:00:00-05:00,2.898517796937966,2.898517796937966,2.822241084594083,2.8413102626800537,328700,0.0,0.0
2010-03-01 00:00:00-05:00,2.822241075346788,3.098744384009913,2.822241075346788,3.089209794998169,574500,0.0,0.0
2010-03-02 00:00:00-05:00,3.0987448964654627,3.241763982615974,3.051071943522816,3.13688325881958,581100,0.0,0.0
2010-03-03 00:00:00-05:00,3.146417862983614,3.289436949751194,3.108279500464945,3.1559524536132812,473000,0.0,0.0
2010-03-04 00:00:00-05:00,3.155953126253667,3.1750223115772895,3.022468828988306,3.0701417922973633,344500,0.0,0.0
2010-03-05 00:00:00-05:00,3.0224679707189654,3.2036251798514233,3.0033987908102855,3.1750214099884033,263200,0.0,0.0
2010-03-08 00:00:00-05:00,3.184556211762227,3.184556211762227,3.0892103058769336,3.13688325881958,238400,0.0,0.0
2010-03-09 00:00:00-05:00,3.0892101003993444,3.1845559999427433,3.051071740581985,3.1750214099884033,219000,0.0,0.0
2010-03-10 00:00:00-05:00,3.19409035822947,3.251298121128782,3.0606061085503344,3.184555768966675,275900,0.0,0.0
2010-03-11 00:00:00-05:00,3.1464176327277076,3.1750214025234755,3.0510717334084805,3.1654868125915527,407500,0.0,0.0
2010-03-12 00:00:00-05:00,3.194091116201071,3.2799026672522196,3.1654873416248854,3.232229709625244,523900,0.0,0.0
2010-03-15 00:00:00-04:00,3.270367754381562,3.2894369355586206,3.127348668231051,3.13688325881958,294300,0.0,0.0
2010-03-16 00:00:00-04:00,3.1368839409300437,3.184556904239101,3.0606071996355517,3.0701417922973633,399600,0.0,0.0
2010-03-17 00:00:00-04:00,3.0892100410424588,3.165486759211577,3.0892100410424588,3.0987446308135986,118800,0.0,0.0
2010-03-18 00:00:00-04:00,3.0892103058769336,3.1750216211736975,3.0892103058769336,3.13688325881958,257300,0.0,0.0
2010-03-19 00:00:00-04:00,2.993864059448242,3.1654866705201936,2.9557254741097077,2.993864059448242,376100,0.0,0.0
2010-03-22 00:00:00-04:00,2.9271219066224883,3.0987447568034585,2.9080527263048874,2.9652602672576904,294000,0.0,0.0
2010-03-23 00:00:00-04:00,2.965260012726154,2.993864008069811,2.8794487086628067,2.94619083404541,234500,0.0,0.0
2010-03-24 00:00:00-04:00,2.8985183238983154,2.974795050109563,2.8508453700162857,2.8985183238983154,254500,0.0,0.0
2010-03-25 00:00:00-04:00,2.9080536016051775,2.927122787662447,2.669688548566677,2.8317768573760986,499500,0.0,0.0
2010-03-26 00:00:00-04:00,2.8413107792398797,2.974795050109563,2.812707006910662,2.8985183238983154,195500,0.0,0.0
2010-03-29 00:00:00-04:00,2.9557256478637695,2.965260237928263,2.9080526975413004,2.927121877670288,131900,0.0,0.0
2010-03-30 00:00:00-04:00,2.9080527048022384,2.946191065155439,2.9080527048022384,2.9366564750671387,129800,0.0,0.0
2010-03-31 00:00:00-04:00,2.955725423385782,2.9747946020665257,2.9080524766839226,2.94619083404541,357200,0.0,0.0
2010-04-01 00:00:00-04:00,3.089210477562583,3.6898901726683886,3.089210477562583,3.3847830295562744,3782700,0.0,0.0
2010-04-05 00:00:00-04:00,3.5659399106142247,3.899651000358679,3.50873237316862,3.851977825164795,2268300,0.0,0.0
2010-04-06 00:00:00-04:00,3.7375631769245734,4.6052116091945114,3.68035540562603,4.4431233406066895,4038500,0.0,0.0
2010-04-07 00:00:00-04:00,4.567072474960103,4.9293873135751385,4.443122589963632,4.662418365478516,4023200,0.0,0.0
2010-04-08 00:00:00-04:00,4.586141622624635,4.929387280857797,4.223826786414356,4.614745616912842,2591700,0.0,0.0
2010-04-09 00:00:00-04:00,4.69102388943492,4.862646548324532,4.624281516988573,4.805438995361328,1282500,0.0,0.0
2010-04-12 00:00:00-04:00,4.862644894880115,4.881714072717094,4.4431225278215285,4.5766072273254395,1139700,0.0,0.0
2010-04-13 00:00:00-04:00,4.52893456756156,4.814972722107704,4.490796207574756,4.643349647521973,818000,0.0,0.0
2010-04-14 00:00:00-04:00,4.719626610522454,5.148683864435037,4.624280705645814,4.957991600036621,1917900,0.0,0.0
2010-04-15 00:00:00-04:00,5.043803099083265,5.1486838208829635,4.862645654027469,4.900784015655518,936300,0.0,0.0
2010-04-16 00:00:00-04:00,4.900783881288192,4.919853061579387,4.5384694557554965,4.7386956214904785,1129300,0.0,0.0
2010-04-19 00:00:00-04:00,4.643349855238942,4.681488216931838,4.261965783664841,4.29056978225708,1269600,0.0,0.0
2010-04-20 00:00:00-04:00,4.319172765153831,4.4335878233267065,4.080807833304492,4.23336124420166,1282500,0.0,0.0
2010-04-21 00:00:00-04:00,4.233363215189084,4.414520702296065,4.195224844708165,4.3382439613342285,663400,0.0,0.0
2010-04-22 00:00:00-04:00,4.424053853803862,4.662418831234062,4.204758056382275,4.633815288543701,215000,0.0,0.0
2010-04-23 00:00:00-04:00,4.767299544801642,4.910318622074715,4.52893456756156,4.643349647521973,1330700,0.0,0.0
2010-04-26 00:00:00-04:00,4.6433508486206545,4.729162408110454,4.2428975105285645,4.2428975105285645,893300,0.0,0.0
2010-04-27 00:00:00-04:00,4.242896840506518,4.281035204335935,3.9568591117858887,3.9568591117858887,1094600,0.0,0.0
2010-04-28 00:00:00-04:00,3.9854619148240547,4.290569223261547,3.880581661155448,4.195223331451416,930200,0.0,0.0
2010-04-29 00:00:00-04:00,4.23336124420166,4.671952755176045,4.176153715115222,4.23336124420166,1413700,0.0,0.0
2010-04-30 00:00:00-04:00,4.2238276585918095,4.319174022810512,3.9377899298711805,3.9568591117858887,766400,0.0,0.0
2010-05-03 00:00:00-04:00,4.061738529121653,4.138015232169851,3.9568578351078743,4.099876880645752,455000,0.0,0.0
2010-05-04 00:00:00-04:00,3.9759276510534813,3.985462013147174,3.66128574567262,3.7757010459899902,1335700,0.0,0.0
2010-05-05 00:00:00-04:00,3.651751248875776,3.794770321069247,3.575474531611284,3.6136128902435303,649300,0.0,0.0
2010-05-06 00:00:00-04:00,3.6422167638327982,3.6422167638327982,2.9557256067666984,3.1654868125915527,1138900,0.0,0.0
2010-05-07 00:00:00-04:00,3.384782639896538,3.384782639896538,2.7078260664527187,3.203625202178955,1378700,0.0,0.0
2010-05-10 00:00:00-04:00,3.6708206188776895,3.718493796966994,3.279902195267829,3.5468709468841553,1040200,0.0,0.0
2010-05-11 00:00:00-04:00,3.4229204831010245,3.54687036197679,3.1082788326048854,3.4419896602630615,750300,0.0,0.0
2010-05-12 00:00:00-04:00,3.5182675325367776,3.5754750792473144,3.33711007396416,3.3847830295562744,481300,0.0,0.0
2010-05-13 00:00:00-04:00,3.413386576417154,3.6136132039406306,3.3371098525310936,3.4038519859313965,697100,0.0,0.0
2010-05-14 00:00:00-04:00,3.337110192684667,3.4133869243456587,3.175021910582468,3.213160276412964,429200,0.0,0.0
2010-05-17 00:00:00-04:00,3.2894367396886297,3.2894367396886297,2.9747948143574185,3.203625202178955,461700,0.0,0.0
2010-05-18 00:00:00-04:00,3.2131591263492636,3.5754739267033404,2.9843290132698597,3.012932777404785,495300,0.0,0.0
2010-05-19 00:00:00-04:00,2.9652597507806617,2.9652597507806617,2.574341395035868,2.6792218685150146,1829300,0.0,0.0
2010-05-20 00:00:00-04:00,2.5362029354494044,2.622014228359615,2.4027184747110097,2.5648066997528076,972900,0.0,0.0
2010-05-21 00:00:00-04:00,2.5648073417298543,2.641084065631166,2.3931844856293347,2.4789958000183105,711800,0.0,0.0
2010-05-24 00:00:00-04:00,2.4789952786081093,2.6696872755754684,2.4313223361968994,2.4313223361968994,526100,0.0,0.0
2010-05-25 00:00:00-04:00,2.3836495432750313,2.717360388404522,2.1738883561881246,2.5934107303619385,1109000,0.0,0.0
2010-05-26 00:00:00-04:00,2.679221549833695,2.7459638887042455,2.536202739373574,2.602944850921631,684700,0.0,0.0
2010-05-27 00:00:00-04:00,2.688757276178303,2.82224178314209,2.669688093372418,2.82224178314209,475200,0.0,0.0
2010-05-28 00:00:00-04:00,2.84131062115736,2.84131062115736,2.602945637686592,2.698291540145874,591700,0.0,0.0
2010-06-01 00:00:00-04:00,2.6982916572992983,2.793637791220846,2.5266690254211426,2.5266690254211426,271400,0.0,0.0
2010-06-02 00:00:00-04:00,2.526669045405761,2.564807408347005,2.3359770033769642,2.5552728176116943,935500,0.0,0.0
2010-06-03 00:00:00-04:00,2.593410965070562,2.993864197325758,2.5648071952412703,2.879448890686035,1187100,0.0,0.0
2010-06-04 00:00:00-04:00,2.8127065603951147,3.5182668478095924,2.7554990248183424,3.184555768966675,3507400,0.0,0.0
2010-06-07 00:00:00-04:00,3.251297698264864,3.375247342560308,2.7554986664380676,2.7745678424835205,1691600,0.0,0.0
2010-06-08 00:00:00-04:00,2.8413108919324106,2.8985184388598215,2.622015068054752,2.726895570755005,889000,0.0,0.0
2010-06-09 00:00:00-04:00,2.745964980386726,2.9271222123235265,2.688757206136731,2.726895570755005,1210600,0.0,0.0
2010-06-10 00:00:00-04:00,2.879448454297724,2.9080522197920367,2.574341395035868,2.6792218685150146,1034300,0.0,0.0
2010-06-11 00:00:00-04:00,2.6696871469110195,2.8222407825971527,2.6696871469110195,2.7745678424835205,540000,0.0,0.0
2010-06-14 00:00:00-04:00,2.8317759840958376,3.0129334230960985,2.774568443566037,2.9366564750671387,831600,0.0,0.0
2010-06-15 00:00:00-04:00,2.9271217435774317,3.051071636060205,2.917587153949722,3.041537046432495,641500,0.0,0.0
2010-06-16 00:00:00-04:00,3.012933285221393,3.136882950697239,2.9080525717269747,3.0510716438293457,478000,0.0,0.0
2010-06-17 00:00:00-04:00,3.079675510445005,3.337109666534737,3.0224679707189654,3.1750214099884033,1097800,0.0,0.0
2010-06-18 00:00:00-04:00,3.1464175403492276,3.241763664191658,3.0320024645253696,3.0510716438293457,848300,0.0,0.0
2010-06-21 00:00:00-04:00,3.0987447338907996,3.2131598149504006,2.888983524625638,2.9366564750671387,718100,0.0,0.0
2010-06-22 00:00:00-04:00,2.917587358480451,2.9557257196648914,2.679222373755135,2.717360734939575,513300,0.0,0.0
2010-06-23 00:00:00-04:00,2.7745685184382114,2.8603798315485447,2.6506186166229435,2.7364299297332764,363200,0.0,0.0
2010-06-24 00:00:00-04:00,2.726895618307093,2.9461914460088714,2.669688070382087,2.7841033935546875,408900,0.0,0.0
2010-06-25 00:00:00-04:00,2.8508453634832396,2.888983726501465,2.774568637446789,2.888983726501465,680200,0.0,0.0
2010-06-28 00:00:00-04:00,2.8699140465724327,2.9080524029671437,2.774568155585655,2.860379457473755,244300,0.0,0.0
2010-06-29 00:00:00-04:00,2.765033630037455,2.8127065766265407,2.6410837415832917,2.669687509536743,460200,0.0,0.0
2010-06-30 00:00:00-04:00,2.755499301615578,2.8031722527184297,2.6696877623078827,2.6887569427490234,331300,0.0,0.0
2010-07-01 00:00:00-04:00,2.6696874430035282,2.7650335611280505,2.4503916668364227,2.5934107303619385,502100,0.0,0.0
2010-07-02 00:00:00-04:00,2.622014952758872,2.622014952758872,2.478995864406631,2.5552728176116943,267500,0.0,0.0
2010-07-06 00:00:00-04:00,2.6220146241726807,2.6696875718749475,2.4599263746624276,2.469460964202881,261200,0.0,0.0
2010-07-07 00:00:00-04:00,2.478995457666067,2.6220145225524902,2.478995457666067,2.6220145225524902,368000,0.0,0.0
2010-07-08 00:00:00-04:00,2.6124803755440187,2.726895464959888,2.5266690584821165,2.5743420124053955,466800,0.0,0.0
2010-07-09 00:00:00-04:00,2.5552731170181486,2.6792228111006264,2.536203933313152,2.66015362739563,416200,0.0,0.0
2010-07-12 00:00:00-04:00,2.6982916644668076,2.6982916644668076,2.5266690321327685,2.536203622817993,219700,0.0,0.0
2010-07-13 00:00:00-04:00,2.5552724377229374,2.669687509536743,2.5552724377229374,2.669687509536743,374700,0.0,0.0
2010-07-14 00:00:00-04:00,2.6696877623078827,2.7173607134107347,2.564807269881609,2.6887569427490234,311700,0.0,0.0
2010-07-15 00:00:00-04:00,2.707826269376672,2.8127069947876686,2.536203636141072,2.5552728176116943,525100,0.0,0.0
2010-07-16 00:00:00-04:00,2.526668771613127,2.593410899528054,2.4789955957799155,2.5075995922088623,383900,0.0,0.0
2010-07-19 00:00:00-04:00,2.526668728768147,2.555272497389507,2.3931842478792538,2.469460964202881,250200,0.0,0.0
2010-07-20 00:00:00-04:00,2.48853043545898,2.5457382067409378,2.4027191195199022,2.5266690254211426,233700,0.0,0.0
2010-07-21 00:00:00-04:00,2.564806802270807,2.574341390753049,2.4122531592324155,2.4313223361968994,223900,0.0,0.0
2010-07-22 00:00:00-04:00,2.5266697366237074,2.5362043299673855,2.459927355895324,2.5171351432800293,292100,0.0,0.0
2010-07-23 00:00:00-04:00,2.507599701401902,2.660153143278936,2.459926523492769,2.650618553161621,408600,0.0,0.0
2010-07-26 00:00:00-04:00,2.755498877464469,2.76503346621739,2.5743414638364444,2.745964288711548,493300,0.0,0.0
2010-07-27 00:00:00-04:00,2.7650341499475393,2.7936379232793658,2.6315496470764335,2.7078263759613037,242900,0.0,0.0
2010-07-28 00:00:00-04:00,2.7459647113950076,2.8031722527184297,2.6601531720873126,2.6887569427490234,249100,0.0,0.0
2010-07-29 00:00:00-04:00,2.774568482056719,2.7936376624978596,2.622014811205031,2.6887569427490234,259800,0.0,0.0
2010-07-30 00:00:00-04:00,2.6601534326730256,2.7841033450049997,2.641084250363889,2.726895570755005,246400,0.0,0.0
2010-08-02 00:00:00-04:00,2.774568643805038,2.8985183238983154,2.74596487147582,2.8985183238983154,702900,0.0,0.0
2010-08-03 00:00:00-04:00,2.9080523859809513,2.993863914690354,2.822241084594083,2.8413102626800537,600900,0.0,0.0
2010-08-04 00:00:00-04:00,2.8222412986743097,2.8889834270379104,2.7936375293756237,2.812706708908081,500900,0.0,0.0
2010-08-05 00:00:00-04:00,2.8127070004650143,2.92712208951969,2.774568637446789,2.888983726501465,417500,0.0,0.0
2010-08-06 00:00:00-04:00,2.9175869920658215,2.946190759361855,2.7841027446843327,2.860379457473755,374700,0.0,0.0
2010-08-09 00:00:00-04:00,2.8699142318275204,2.8699142318275204,2.765033744971952,2.79363751411438,285400,0.0,0.0
2010-08-10 00:00:00-04:00,2.7650340971066645,2.7650340971066645,2.574342051216105,2.631549596786499,345300,0.0,0.0
2010-08-11 00:00:00-04:00,2.6124803413602202,2.6315495226800154,2.5266690254211426,2.5266690254211426,410500,0.0,0.0
2010-08-12 00:00:00-04:00,2.517134139227694,2.526668728768147,2.4599263746624276,2.469460964202881,312500,0.0,0.0
2010-08-13 00:00:00-04:00,2.4885308271254707,2.517134830929681,2.39318490552013,2.402719497680664,364700,0.0,0.0
2010-08-16 00:00:00-04:00,2.393183991008427,2.4789952876620083,2.383649402491362,2.44085693359375,184800,0.0,0.0
2010-08-17 00:00:00-04:00,2.469461323681137,2.660153369571696,2.469461323681137,2.631549596786499,303100,0.0,0.0
2010-08-18 00:00:00-04:00,2.641084856747845,2.641084856747845,2.4980657292700363,2.5171351432800293,319900,0.0,0.0
2010-08-19 00:00:00-04:00,2.5171341629768045,2.555272521498453,2.4027188600893123,2.4980647563934326,362000,0.0,0.0
2010-08-20 00:00:00-04:00,2.4789955771326087,2.5171341629768045,2.3836496808284884,2.4980647563934326,351900,0.0,0.0
2010-08-23 00:00:00-04:00,2.526669423090215,2.574342383892885,2.39318490552013,2.402719497680664,250300,0.0,0.0
2010-08-24 00:00:00-04:00,2.3836499673054674,2.3836499673054674,2.250165469114428,2.259700059890747,631100,0.0,0.0
2010-08-25 00:00:00-04:00,2.269234694250322,2.3264422342761564,2.19295774689332,2.3169076442718506,291400,0.0,0.0
2010-08-26 00:00:00-04:00,2.3359767939679354,2.3741151534902603,2.2406306678395693,2.2787692546844482,255200,0.0,0.0
2010-08-27 00:00:00-04:00,2.3169078954085527,2.374115441635287,2.2692349402196075,2.335977077484131,206000,0.0,0.0
2010-08-30 00:00:00-04:00,2.3931845580817863,2.3931845580817863,2.259700059890747,2.259700059890747,227700,0.0,0.0
2010-08-31 00:00:00-04:00,2.2024921022597477,2.3741149313763286,2.2024921022597477,2.307372808456421,330400,0.0,0.0
2010-09-01 00:00:00-04:00,2.34551144373523,2.355046033859253,2.2883039029910925,2.355046033859253,209000,0.0,0.0
2010-09-02 00:00:00-04:00,2.2215612639107643,2.3741149139291227,2.2215612639107643,2.2883036136627197,275100,0.0,0.0
2010-09-03 00:00:00-04:00,2.335976809249977,2.3741151690218043,2.259699862383767,2.2978384494781494,261800,0.0,0.0
2010-09-07 00:00:00-04:00,2.29783840008796,2.307372989825979,2.240630634337299,2.2501652240753174,209600,0.0,0.0
2010-09-08 00:00:00-04:00,2.278769057962729,2.335976592307601,2.250165063467759,2.326442003250122,339700,0.0,0.0
2010-09-09 00:00:00-04:00,2.3741150064479752,2.412253363608177,2.3645804171579248,2.393184185028076,247200,0.0,0.0
2010-09-10 00:00:00-04:00,2.440857488643176,2.631549529670237,2.440857488643176,2.536203622817993,1579100,0.0,0.0
2010-09-13 00:00:00-04:00,2.8127064188053823,2.8603793627195357,2.6696873597403945,2.7554988861083984,1714200,0.0,0.0
2010-09-14 00:00:00-04:00,2.84131062115736,2.84131062115736,2.6696877694080894,2.698291540145874,628900,0.0,0.0
2010-09-15 00:00:00-04:00,2.7173606839828235,2.7173606839828235,2.622014782809677,2.650618553161621,346000,0.0,0.0
2010-09-16 00:00:00-04:00,2.650618581866742,2.6887569427490234,2.622014811205031,2.6887569427490234,161100,0.0,0.0
2010-09-17 00:00:00-04:00,2.726895512749107,2.7650341038786896,2.6029458303763464,2.6410841941833496,385300,0.0,0.0
2010-09-20 00:00:00-04:00,2.669687468407119,2.6982912359198963,2.545737809185084,2.6220145225524902,644800,0.0,0.0
2010-09-21 00:00:00-04:00,2.6220149663286745,2.6220149663286745,2.5362036492667723,2.5743420124053955,243800,0.0,0.0
2010-09-22 00:00:00-04:00,2.564806811638111,2.5838759886722404,2.412253168042556,2.44085693359375,429200,0.0,0.0
2010-09-23 00:00:00-04:00,2.5075995733463925,2.5075995733463925,2.3931842704589004,2.4980647563934326,411400,0.0,0.0
2010-09-24 00:00:00-04:00,2.488529876179073,2.5362030460869174,2.421787756559621,2.44085693359375,419300,0.0,0.0
2010-09-27 00:00:00-04:00,2.450391539801551,2.4980644827310514,2.3741148311143503,2.459926128387451,454800,0.0,0.0
2010-09-28 00:00:00-04:00,2.431322805961662,2.498064938232847,2.402719034988297,2.421788215637207,422100,0.0,0.0
2010-09-29 00:00:00-04:00,2.4027190279438555,2.440857389129859,2.3550460764613512,2.4122536182403564,419700,0.0,0.0
2010-09-30 00:00:00-04:00,2.431323274162266,2.4408578663228004,2.355046536877994,2.402719497680664,485200,0.0,0.0
2010-10-01 00:00:00-04:00,2.383649938200107,2.5838765693805277,2.383649938200107,2.5266690254211426,374800,0.0,0.0
2010-10-04 00:00:00-04:00,2.5171341819109947,2.5838763098259214,2.4313226472692535,2.5075995922088623,421200,0.0,0.0
2010-10-05 00:00:00-04:00,2.5552728176116943,2.5838765898176277,2.478995864406631,2.5552728176116943,447600,0.0,0.0
2010-10-06 00:00:00-04:00,2.5552728041884416,2.5743419855588905,2.4789958513840737,2.536203622817993,342900,0.0,0.0
2010-10-07 00:00:00-04:00,2.555272797400835,2.5743419787206303,2.4980650261188777,2.5266690254211426,362400,0.0,0.0
2010-10-08 00:00:00-04:00,2.5171347496081555,2.707826586658121,2.4980653385805582,2.66015362739563,567500,0.0,0.0
2010-10-11 00:00:00-04:00,2.669688023827594,2.765034162695863,2.622015068054752,2.726895570755005,634300,0.0,0.0
2010-10-12 00:00:00-04:00,2.726895641790074,2.86038014875386,2.631549727760648,2.82224178314209,592000,0.0,0.0
2010-10-13 00:00:00-04:00,2.8413101940055223,2.936656082130864,2.7459643058801806,2.765033483505249,801800,0.0,0.0
2010-10-14 00:00:00-04:00,2.7268953393876836,2.831776060511767,2.698291568350906,2.7364299297332764,294800,0.0,0.0
2010-10-15 00:00:00-04:00,2.76503346621739,2.831775587487836,2.7173602951302582,2.745964288711548,373200,0.0,0.0
2010-10-18 00:00:00-04:00,2.77456895694821,2.812707324358203,2.6410844436906333,2.66015362739563,339100,0.0,0.0
2010-10-19 00:00:00-04:00,2.6410836757629323,2.6410836757629323,2.498064612237416,2.5934107303619385,496500,0.0,0.0
2010-10-20 00:00:00-04:00,2.612479749028285,2.6792218685150146,2.5838759835339724,2.6792218685150146,364500,0.0,0.0
2010-10-21 00:00:00-04:00,2.6887569780053138,2.7554993377470263,2.6696877973141286,2.7364299297332764,661900,0.0,0.0
2010-10-22 00:00:00-04:00,2.7650337600769377,2.8317758884405384,2.755499170310709,2.812706708908081,632800,0.0,0.0
2010-10-25 00:00:00-04:00,2.8413107792398797,2.9080529146747214,2.784103234581444,2.8985183238983154,978200,0.0,0.0
2010-10-26 00:00:00-04:00,2.8603798677741255,3.480128930054213,2.803172324976059,3.394317388534546,2627900,0.0,0.0
2010-10-27 00:00:00-04:00,3.4515251414844843,3.7184941454421163,3.0892104543806957,3.346644639968872,2423200,0.0,0.0
2010-10-28 00:00:00-04:00,3.375248190789449,3.422921142883708,3.041537298807072,3.0606064796447754,973600,0.0,0.0
2010-10-29 00:00:00-04:00,3.07014064990156,3.203624897497586,3.051071471673556,3.1273481845855713,694500,0.0,0.0
2010-11-01 00:00:00-04:00,3.203625061894656,3.422920850092606,2.974794684093427,3.0320024490356445,813700,0.0,0.0
2010-11-02 00:00:00-04:00,3.07014069781313,3.19409035822947,3.022467751499153,3.184555768966675,531000,0.0,0.0
2010-11-03 00:00:00-04:00,3.203625169186908,3.4515247344970703,3.165486809496507,3.4515247344970703,1151200,0.0,0.0
2010-11-04 00:00:00-04:00,3.4610594557145467,3.718493603804755,3.4610594557145467,3.6136128902435303,1739200,0.0,0.0
2010-11-05 00:00:00-04:00,3.5850092927756227,3.7566321421536877,3.13688310276335,3.527801752090454,1522100,0.0,0.0
2010-11-08 00:00:00-05:00,3.470594111266756,3.527801650301291,3.3371096261969546,3.413386344909668,505500,0.0,0.0
2010-11-09 00:00:00-05:00,3.4801287164313064,3.5754746152420736,3.346644230773679,3.432455539703369,636800,0.0,0.0
2010-11-10 00:00:00-05:00,3.4705931519730395,3.4705931519730395,3.3466432910028465,3.422919988632202,448900,0.0,0.0
2010-11-11 00:00:00-05:00,3.4324557569956284,4.519399981537798,3.4324557569956284,4.328708171844482,4613500,0.0,0.0
2010-11-12 00:00:00-05:00,4.290568695432423,4.8149717178432825,4.033134591892279,4.166618824005127,3132200,0.0,0.0
2010-11-15 00:00:00-05:00,4.242897274456506,4.814973699698232,4.195224542116499,4.624281406402588,3265800,0.0,0.0
2010-11-16 00:00:00-05:00,4.595677300637195,4.671954026847747,4.2524315780445665,4.519400119781494,1634900,0.0,0.0
2010-11-17 00:00:00-05:00,4.5193996276266715,4.710091877032142,4.4621920891985605,4.500330448150635,958800,0.0,0.0
2010-11-18 00:00:00-05:00,4.538470306332494,4.710092961117888,4.538470306332494,4.624281406402588,906700,0.0,0.0
2010-11-19 00:00:00-05:00,4.633815329365029,6.1116779296643395,4.443123072953909,5.873312950134277,6517000,0.0,0.0
2010-11-22 00:00:00-05:00,6.025865980534905,6.883979419853107,5.425186209296123,5.482393741607666,10095400,0.0,0.0
2010-11-23 00:00:00-05:00,5.530067132973954,5.911450696921065,5.329840534579186,5.72075891494751,4041500,0.0,0.0
2010-11-24 00:00:00-05:00,5.930519995837443,6.064004700581158,5.720759031396732,5.8447089195251465,2176000,0.0,0.0
2010-11-26 00:00:00-05:00,5.91145133972168,6.350042940597591,5.76843271501246,5.91145133972168,2477500,0.0,0.0
2010-11-29 00:00:00-05:00,5.835174389084652,6.006797459416325,5.482394340628593,5.634947776794434,2392300,0.0,0.0
2010-11-30 00:00:00-05:00,5.558671785141841,5.673086877218462,5.282168418634094,5.31077241897583,1811800,0.0,0.0
2010-12-01 00:00:00-05:00,5.530069412351309,5.7207612729240065,5.501465405942776,5.663553714752197,2508300,0.0,0.0
2010-12-02 00:00:00-05:00,5.701690673828125,5.787502217141964,5.558671586520108,5.701690673828125,1527600,0.0,0.0
2010-12-03 00:00:00-05:00,5.720759498578489,5.75889785886407,5.1582180023985,5.253564357757568,1925300,0.0,0.0
2010-12-06 00:00:00-05:00,5.32984099515232,5.339375357752365,4.834041864531995,5.1772871017456055,4285200,0.0,0.0
2010-12-07 00:00:00-05:00,5.234495563993963,5.434722214986155,4.967526999101167,5.091476917266846,2324300,0.0,0.0
2010-12-08 00:00:00-05:00,5.062871276334248,5.110544446242093,4.814971974890569,4.8817138671875,1715100,0.0,0.0
2010-12-09 00:00:00-05:00,4.986595342048322,5.043802882028529,4.633815284847828,4.643349647521973,2174800,0.0,0.0
2010-12-10 00:00:00-05:00,4.76729943763632,5.253564198504874,4.738695440966656,5.0819411277771,3557300,0.0,0.0
2010-12-13 00:00:00-05:00,5.081941450412728,5.081941450412728,4.710092197970247,4.872180461883545,1439300,0.0,0.0
2010-12-14 00:00:00-05:00,4.919852509201744,5.453789952052355,4.919852509201744,5.196355819702148,3194500,0.0,0.0
2010-12-15 00:00:00-05:00,5.205891454828643,5.310772178471823,5.005664825439453,5.005664825439453,1598300,0.0,0.0
2010-12-16 00:00:00-05:00,5.177287364781433,5.177287364781433,4.872180471757048,4.900784015655518,1248900,0.0,0.0
2010-12-17 00:00:00-05:00,4.910318358811108,5.005664253666208,4.814972463956008,4.891249179840088,1108000,0.0,0.0
2010-12-20 00:00:00-05:00,4.977060587689426,5.301237106323242,4.853111143486895,5.301237106323242,1575200,0.0,0.0
2010-12-21 00:00:00-05:00,5.329841659249712,5.434721934143825,5.205891747489215,5.415652751922607,1460400,0.0,0.0
2010-12-22 00:00:00-05:00,5.463325285386791,5.596809545068382,5.158217951469469,5.215425491333008,1268200,0.0,0.0
2010-12-23 00:00:00-05:00,5.167753188573342,5.234495096513381,5.024734099973737,5.139149188995361,578700,0.0,0.0
2010-12-27 00:00:00-05:00,5.053338193148219,5.320306739143392,4.97706101107587,5.263099193572998,686600,0.0,0.0
2010-12-28 00:00:00-05:00,5.282168268458988,5.310772267987496,5.005664909812392,5.110545635223389,1022100,0.0,0.0
2010-12-29 00:00:00-05:00,5.148684200825562,5.482395117019452,5.053338289719474,5.415652751922607,1667300,0.0,0.0
2010-12-30 00:00:00-05:00,5.453790668699994,5.634948112254146,5.425187125038624,5.44425630569458,1962400,0.0,0.0
2010-12-31 00:00:00-05:00,5.434721830284181,5.463325830391956,5.253564829967178,5.263099193572998,947200,0.0,0.0
2011-01-03 00:00:00-05:00,5.3584448164911445,6.340508766245708,5.3107720917194525,6.121212959289551,6805100,0.0,0.0
2011-01-04 00:00:00-05:00,6.2642324212422,6.3119051488932305,5.654017688289653,5.978194236755371,4339000,0.0,0.0
2011-01-05 00:00:00-05:00,5.8923809201152455,6.18795337946951,5.873311743855132,6.092607498168945,2157100,0.0,0.0
2011-01-06 00:00:00-05:00,6.207023650923668,6.512130502571728,6.092608126910575,6.254696369171143,4221400,0.0,0.0
2011-01-07 00:00:00-05:00,6.464458304401516,6.912584256134675,6.3023700491006585,6.864911079406738,6561800,0.0,0.0
2011-01-10 00:00:00-05:00,6.93165249075374,6.950721667915777,6.6837531876472545,6.883979320526123,3277600,0.0,0.0
2011-01-11 00:00:00-05:00,6.893515161466834,6.90304952414305,6.321439306895357,6.388181209564209,3182700,0.0,0.0
2011-01-12 00:00:00-05:00,6.521665314610942,6.826772166053279,6.454922963535395,6.760030269622803,1990600,0.0,0.0
2011-01-13 00:00:00-05:00,6.750495766145168,6.750495766145168,6.493061620983533,6.588407516479492,1518700,0.0,0.0
2011-01-14 00:00:00-05:00,6.5502695996709015,7.265364546044889,6.512131238902565,7.131880283355713,4603300,0.0,0.0
2011-01-18 00:00:00-05:00,7.1223453142004995,7.1223453142004995,6.750496077303635,6.950722694396973,2149500,0.0,0.0
2011-01-19 00:00:00-05:00,6.950723101036089,7.017465462186877,6.207024583733663,6.235628128051758,3646600,0.0,0.0
2011-01-20 00:00:00-05:00,6.254696769279013,6.378646663012547,5.959124260514886,6.159350872039795,2570800,0.0,0.0
2011-01-21 00:00:00-05:00,6.311904792012205,6.512131418902952,6.092608984210204,6.168885707855225,1906400,0.0,0.0
2011-01-24 00:00:00-05:00,6.111678151325106,6.350043139500283,5.997263066115853,6.149816513061523,1050100,0.0,0.0
2011-01-25 00:00:00-05:00,6.1498154208906834,6.1498154208906834,5.816104587639532,5.997262001037598,1541900,0.0,0.0
2011-01-26 00:00:00-05:00,5.882848528019497,6.340509366064722,5.835175344092736,6.264232635498047,1467600,0.0,0.0
2011-01-27 00:00:00-05:00,6.187955001718317,6.578873899502388,6.064005550855215,6.3119049072265625,1894000,0.0,0.0
2011-01-28 00:00:00-05:00,6.378647069015359,6.378647069015359,6.016332181799777,6.044936180114746,1333700,0.0,0.0
2011-01-31 00:00:00-05:00,6.5979431029005315,6.969792366027832,6.340508927713148,6.969792366027832,4772900,0.0,0.0
2011-02-01 00:00:00-05:00,7.131879118057166,7.475124763533407,7.0079292384900445,7.408382415771484,4361600,0.0,0.0
2011-02-02 00:00:00-05:00,7.3130373558331305,8.094874166833373,7.26536417995234,7.827905654907227,5240900,0.0,0.0
2011-02-03 00:00:00-05:00,7.846975123080218,8.009063390856456,7.179553780035703,7.560937404632568,3140200,0.0,0.0
2011-02-04 00:00:00-05:00,7.551401702490418,7.799301469171345,7.341640291507316,7.637213230133057,1492200,0.0,0.0
2011-02-07 00:00:00-05:00,7.7993033994266625,7.7993033994266625,7.494196023687749,7.62768030166626,1566100,0.0,0.0
2011-02-08 00:00:00-05:00,7.723025520562325,7.723025520562325,7.293968294617136,7.398849010467529,2122900,0.0,0.0
2011-02-09 00:00:00-05:00,7.303503466161251,7.5418684665413975,7.0460692839364985,7.2176923751831055,1931400,0.0,0.0
2011-02-10 00:00:00-05:00,7.179552996422333,7.7134904672264035,7.074672283782845,7.70395565032959,2029100,0.0,0.0
2011-02-11 00:00:00-05:00,7.751627046302072,8.047199027939543,7.7134886967588505,7.846972465515137,2432200,0.0,0.0
2011-02-14 00:00:00-05:00,7.780232046027848,8.438119836130435,7.293967770473644,8.390446662902832,3341600,0.0,0.0
2011-02-15 00:00:00-05:00,8.390447671278626,8.60974302147461,7.818371342374755,7.866044521331787,3301100,0.0,0.0
2011-02-16 00:00:00-05:00,8.009061434484156,8.609741178463977,7.932784728196884,8.552534103393555,2782400,0.0,0.0
2011-02-17 00:00:00-05:00,8.762297022107836,9.439253660194233,8.628813203715511,9.23902702331543,5673400,0.0,0.0
2011-02-18 00:00:00-05:00,9.277164156759703,9.277164156759703,8.590673700747956,8.87671184539795,3797600,0.0,0.0
2011-02-22 00:00:00-05:00,8.867180641475818,8.981595764097952,8.123481889786659,8.523934364318848,3349500,0.0,0.0
2011-02-23 00:00:00-05:00,8.57160316047301,9.200886466593241,8.523929989856912,8.905314445495605,3172500,0.0,0.0
2011-02-24 00:00:00-05:00,9.124611513598833,9.124611513598833,8.390447818245844,8.638347625732422,2735700,0.0,0.0
2011-02-25 00:00:00-05:00,8.838575106814684,10.001795714027832,8.76229746620839,9.896915435791016,6038400,0.0,0.0
2011-02-28 00:00:00-05:00,9.98272698584403,10.039934079685798,9.324839041631162,9.896915435791016,2985700,0.0,0.0
2011-03-01 00:00:00-05:00,9.801566883073518,10.001793485487118,9.448786852019108,9.572736740112305,2018900,0.0,0.0
2011-03-02 00:00:00-05:00,9.44878969667097,9.954123308501883,9.362978139903554,9.610877990722656,1761000,0.0,0.0
2011-03-03 00:00:00-05:00,9.858775456222835,9.858775456222835,8.80043439120965,9.124610900878906,3963000,0.0,0.0
2011-03-04 00:00:00-05:00,9.286697518702175,9.59180524952641,9.057867402551537,9.41064739227295,1955000,0.0,0.0
2011-03-07 00:00:00-05:00,9.544135850130607,9.725292869629355,8.905317508319081,9.277166366577148,1708000,0.0,0.0
2011-03-08 00:00:00-05:00,9.191354792066194,9.191354792066194,5.730294858580018,5.95912504196167,17226500,0.0,0.0
2011-03-09 00:00:00-05:00,6.636081098173561,8.371377866464988,6.483527656032368,7.074672698974609,20206800,0.0,0.0
2011-03-10 00:00:00-05:00,7.150949815921939,7.580006623019197,6.807704097457045,6.969792366027832,6091500,0.0,0.0
2011-03-11 00:00:00-05:00,6.922118167090581,7.427451591951655,6.864910180648716,6.912583351135254,4111100,0.0,0.0
2011-03-14 00:00:00-04:00,7.446523001383756,7.98046057951866,7.150950437843641,7.894649028778076,8413800,0.0,0.0
2011-03-15 00:00:00-04:00,7.999527805979706,8.228357932788517,7.627678167947815,7.875577926635742,7038000,0.0,0.0
2011-03-16 00:00:00-04:00,8.104409188054541,8.476258878145053,7.904182571742762,8.06627082824707,5910900,0.0,0.0
2011-03-17 00:00:00-04:00,8.342772129440256,8.390445294895057,7.8279039429664,8.018595695495605,3822700,0.0,0.0
2011-03-18 00:00:00-04:00,8.056735142809135,8.066269959056124,7.580005241941256,7.637213230133057,3309600,0.0,0.0
2011-03-21 00:00:00-04:00,7.913718689972101,7.9613918748911034,7.646750127432209,7.9327874183654785,2302600,0.0,0.0
2011-03-22 00:00:00-04:00,7.808836603620168,8.58113956451416,7.808836603620168,8.58113956451416,5433700,0.0,0.0
2011-03-23 00:00:00-04:00,9.010195646088468,9.105541997401865,8.724157501438476,8.87671184539795,4805600,0.0,0.0
2011-03-24 00:00:00-04:00,8.933919695066841,8.981592874812737,8.571604802004405,8.657416343688965,2596300,0.0,0.0
2011-03-25 00:00:00-04:00,8.733694070181187,8.8290404406186,8.390448773329178,8.705090522766113,2187500,0.0,0.0
2011-03-28 00:00:00-04:00,8.848108134957137,9.010196400181492,8.609743146014292,8.647881507873535,2110100,0.0,0.0
2011-03-29 00:00:00-04:00,8.638347689791098,8.838574318970403,8.58113969175832,8.7432279586792,1179500,0.0,0.0
2011-03-30 00:00:00-04:00,8.809970017574942,9.01019665021484,8.724158473687801,8.94345474243164,1712900,0.0,0.0
2011-03-31 00:00:00-04:00,8.952988562732587,9.076938455723923,8.695553959760536,8.87671184539795,1484100,0.0,0.0
2011-04-01 00:00:00-04:00,8.943454679834494,9.048334949801202,8.819504773897318,8.886246681213379,1155700,0.0,0.0
2011-04-04 00:00:00-04:00,8.952988666810995,9.019730567932129,8.829038772378743,9.019730567932129,969600,0.0,0.0
2011-04-05 00:00:00-04:00,8.962524362266729,9.59180877704392,8.771832528678361,8.857644081115723,4358200,0.0,0.0
2011-04-06 00:00:00-04:00,8.867178635759181,8.981593732501127,7.846975765218707,8.438121795654297,5404200,0.0,0.0
2011-04-07 00:00:00-04:00,8.666950063426455,8.666950063426455,8.199754961547114,8.476258277893066,2094800,0.0,0.0
2011-04-08 00:00:00-04:00,8.619278633009001,8.619278633009001,8.06627188846896,8.247428894042969,1571400,0.0,0.0
2011-04-11 00:00:00-04:00,8.31416972573705,8.31416972573705,7.580005241941256,7.637213230133057,3533300,0.0,0.0
2011-04-12 00:00:00-04:00,7.2939685399693275,7.560937065202214,7.036534377600769,7.141414642333984,3872500,0.0,0.0
2011-04-13 00:00:00-04:00,7.427453059053406,7.59907568834348,7.227226430892417,7.43698787689209,2042100,0.0,0.0
2011-04-14 00:00:00-04:00,7.427452135797832,7.541867207769063,7.19862199185537,7.484659671783447,1958100,0.0,0.0
2011-04-15 00:00:00-04:00,7.560936840060504,8.152082323335339,7.370245042000949,7.999528884887695,2567300,0.0,0.0
2011-04-18 00:00:00-04:00,7.904181337466025,7.904181337466025,7.62767804471665,7.7516279220581055,1037600,0.0,0.0
2011-04-19 00:00:00-04:00,7.703956767864824,7.942321769121261,7.627680040205989,7.913718223571777,1232900,0.0,0.0
2011-04-20 00:00:00-04:00,8.304636945339299,8.352310128971006,8.133013847981292,8.323705673217773,2354300,0.0,0.0
2011-04-21 00:00:00-04:00,8.485792119577049,8.485792119577049,8.152081724796917,8.399981498718262,1253000,0.0,0.0
2011-04-25 00:00:00-04:00,8.409517199512697,8.409517199512697,8.14254864489223,8.237895011901855,1044600,0.0,0.0
2011-04-26 00:00:00-04:00,8.27603059492789,8.37137602059759,8.075804018944472,8.342772483825684,1200000,0.0,0.0
2011-04-27 00:00:00-04:00,8.37137885684948,8.380913675433892,8.104410301518406,8.323705673217773,1214100,0.0,0.0
2011-04-28 00:00:00-04:00,8.266497697833774,8.380912780761719,8.133012979772712,8.380912780761719,886300,0.0,0.0
2011-04-29 00:00:00-04:00,8.390447810118324,8.867177788996749,8.276032724302334,8.657416343688965,2100000,0.0,0.0
2011-05-02 00:00:00-04:00,8.657417052082627,8.657417052082627,8.199756671370583,8.276033401489258,1500100,0.0,0.0
2011-05-03 00:00:00-04:00,8.171150896965099,8.247427614774397,7.7897673079186145,7.856509208679199,2095400,0.0,0.0
2011-05-04 00:00:00-04:00,7.9137171896346095,8.00906263210599,7.26536417995234,7.827905654907227,2496200,0.0,0.0
2011-05-05 00:00:00-04:00,7.713490719035101,7.846974522787362,7.370245028511045,7.4179182052612305,1600000,0.0,0.0
2011-05-06 00:00:00-04:00,7.436987003225964,8.085339082156109,7.303502297036437,7.532332897186279,2370800,0.0,0.0
2011-05-09 00:00:00-04:00,7.76116447555538,7.76116447555538,7.265364855180852,7.541868209838867,1279800,0.0,0.0
2011-05-10 00:00:00-04:00,7.436987931379132,7.541868200502235,7.3035032085304055,7.5132646560668945,965800,0.0,0.0
2011-05-11 00:00:00-04:00,7.398849398876957,7.475126121810511,7.227226317631326,7.293968677520752,1447800,0.0,0.0
2011-05-12 00:00:00-04:00,7.2176909211801155,7.732558727264404,7.007929508500711,7.732558727264404,2015500,0.0,0.0
2011-05-13 00:00:00-04:00,7.513264678880532,7.694421673241472,7.427453136023666,7.560937404632568,1034000,0.0,0.0
2011-05-16 00:00:00-04:00,7.484660523611554,7.675352786578012,7.29396871529023,7.360710620880127,1205400,0.0,0.0
2011-05-17 00:00:00-04:00,7.313037772323788,7.522798757926311,7.150949510672001,7.179553508758545,896400,0.0,0.0
2011-05-18 00:00:00-04:00,7.170018399034407,7.484660091940481,7.170018399034407,7.398849010467529,831400,0.0,0.0
2011-05-19 00:00:00-04:00,7.446521183391214,7.475125178203095,7.246294583643269,7.332106113433838,609600,0.0,0.0
2011-05-20 00:00:00-04:00,7.341640573015088,10.592938476115329,7.160483603826668,9.572736740112305,13056400,0.0,0.0
2011-05-23 00:00:00-04:00,9.181819566406038,12.213822544210291,8.857643033019384,11.212689399719238,21900000,0.0,0.0
2011-05-24 00:00:00-04:00,11.212685651553175,11.527327261887935,10.306899170004929,10.411779403686523,6174000,0.0,0.0
2011-05-25 00:00:00-04:00,10.364108868306534,10.697820192657158,9.973190459906789,10.1638822555542,4207700,0.0,0.0
2011-05-26 00:00:00-04:00,10.039933912297627,11.107809042207172,10.01133036585363,11.069670677185059,5059000,0.0,0.0
2011-05-27 00:00:00-04:00,11.279429214247495,11.527328977246148,10.707352977987542,11.021995544433594,3029800,0.0,0.0
2011-05-31 00:00:00-04:00,11.222223213475827,11.327103472832444,10.707354005842799,11.16501522064209,3645300,0.0,0.0
2011-06-01 00:00:00-04:00,10.345039295105858,10.726422855127678,10.030397630765323,10.28783130645752,16902000,0.0,0.0
2011-06-02 00:00:00-04:00,10.249692897328345,10.373642781015501,9.992258313680372,10.240158081054688,3307600,0.0,0.0
2011-06-03 00:00:00-04:00,10.001793129954027,10.345039241484658,9.868309339283341,10.240158081054688,2888200,0.0,0.0
2011-06-06 00:00:00-04:00,10.22109377571951,10.240162507218884,9.267633559197293,9.534602165222168,5583700,0.0,0.0
2011-06-07 00:00:00-04:00,9.715755358220433,9.782498165260172,9.439252041313397,9.553668022155762,2714600,0.0,0.0
2011-06-08 00:00:00-04:00,9.6585516341079,9.6585516341079,8.666953093382503,8.724160194396973,4884100,0.0,0.0
2011-06-09 00:00:00-04:00,8.991127878491678,9.0960081486686,8.276032895391033,8.895781517028809,5213100,0.0,0.0
2011-06-10 00:00:00-04:00,8.64788346283991,8.876714595015898,8.361846138878262,8.676487922668457,2673600,0.0,0.0
2011-06-13 00:00:00-04:00,8.676485462271872,8.676485462271872,7.95185571932767,8.028132438659668,3482200,0.0,0.0
2011-06-14 00:00:00-04:00,8.171152174142557,8.438121637493486,7.8851148922942444,8.228360176086426,2584800,0.0,0.0
2011-06-15 00:00:00-04:00,8.00906369622557,8.29510188022441,7.837441513258524,7.923253059387207,2185000,0.0,0.0
2011-06-16 00:00:00-04:00,8.037667801081898,8.171151614321795,7.150949742089865,7.503729820251465,4245600,0.0,0.0
2011-06-17 00:00:00-04:00,7.65628384819621,7.732560578469645,7.351176927102472,7.62768030166626,2875400,0.0,0.0
2011-06-20 00:00:00-04:00,7.484659941106033,8.028132234492915,7.246294971932942,7.789767265319824,4803000,0.0,0.0
2011-06-21 00:00:00-04:00,7.694422296343029,7.904183761503129,7.5418688341503595,7.723026752471924,2813400,0.0,0.0
2011-06-22 00:00:00-04:00,7.761162227923641,8.809967344590067,7.637212358725878,8.161615371704102,8513900,0.0,0.0
2011-06-23 00:00:00-04:00,7.98999407899367,8.161617152135774,7.694421109614512,8.028132438659668,2751300,0.0,0.0
2011-06-24 00:00:00-04:00,7.723025732995043,7.980459439140084,7.627679377065627,7.665817737579346,3579400,0.0,0.0
2011-06-27 00:00:00-04:00,7.665816769583894,7.7134899415287075,7.379778647205142,7.637213230133057,2109700,0.0,0.0
2011-06-28 00:00:00-04:00,7.7516290927651665,8.085339512046831,7.723025550378788,7.999528884887695,1742200,0.0,0.0
2011-06-29 00:00:00-04:00,8.113943933173557,8.390447266641399,7.942320860921028,7.961390495300293,1692600,0.0,0.0
2011-06-30 00:00:00-04:00,8.104410577206185,8.819505628136142,7.961391930736344,8.733694076538086,5707600,0.0,0.0
2011-07-01 00:00:00-04:00,8.857642072782493,8.867176889622638,8.523930757698936,8.762295722961426,2328200,0.0,0.0
2011-07-05 00:00:00-04:00,8.972058224499907,9.000661769165319,8.724158412625556,8.886246681213379,2054100,0.0,0.0
2011-07-06 00:00:00-04:00,8.933920038095605,9.076939582824707,8.733693402907111,9.076939582824707,2278800,0.0,0.0
2011-07-07 00:00:00-04:00,9.239026172772036,9.429718883132184,9.096007549292157,9.315303802490234,1737000,0.0,0.0
2011-07-08 00:00:00-04:00,9.115077000106009,9.153215359550376,8.676485411850674,9.105542182922363,2219000,0.0,0.0
2011-07-11 00:00:00-04:00,8.829039332897004,8.99112759673023,8.552535984468019,8.5620698928833,2216300,0.0,0.0
2011-07-12 00:00:00-04:00,8.476256492091887,8.895778331879319,8.190218419410018,8.59067153930664,2467100,0.0,0.0
2011-07-13 00:00:00-04:00,8.73369405319339,9.010197435775614,8.57160576933929,8.695555686950684,2100900,0.0,0.0
2011-07-14 00:00:00-04:00,8.695554475347725,8.85764273661711,8.33323959188029,8.352309226989746,2106300,0.0,0.0
2011-07-15 00:00:00-04:00,8.705090137594022,9.534600250251021,8.628813408335242,9.505996704101562,5199000,0.0,0.0
2011-07-18 00:00:00-04:00,9.820637096808229,10.011328893881258,9.07693863357831,9.124610900878906,4538300,0.0,0.0
2011-07-19 00:00:00-04:00,9.362975893648924,9.477390972126218,9.115077011593227,9.134145736694336,4816600,0.0,0.0
2011-07-20 00:00:00-04:00,9.439252228911636,9.915982157832227,9.210422081259395,9.782498359680176,5485500,0.0,0.0
2011-07-21 00:00:00-04:00,9.954120716553568,10.249693678533859,9.792033373998153,10.039932250976562,3842600,0.0,0.0
2011-07-22 00:00:00-04:00,10.202022499200458,10.316437597723652,9.83017365632267,10.097142219543457,2370500,0.0,0.0
2011-07-25 00:00:00-04:00,10.020864585041481,10.821771111890623,9.677618411083111,10.144814491271973,7096700,0.0,0.0
2011-07-26 00:00:00-04:00,10.287832843001008,10.354574748650558,9.772964505428112,9.811102867126465,3530400,0.0,0.0
2011-07-27 00:00:00-04:00,9.858775056389987,9.915982138546696,9.076938265453663,9.772963523864746,4279800,0.0,0.0
2011-07-28 00:00:00-04:00,9.601342301619681,10.059003593164114,9.601342301619681,9.706223487854004,1957400,0.0,0.0
2011-07-29 00:00:00-04:00,9.620411076334594,9.896914426478936,9.305769364421732,9.820637702941895,3277400,0.0,0.0
2011-08-01 00:00:00-04:00,10.116208918091635,10.202020452087892,9.725290515922193,9.99225902557373,2441000,0.0,0.0
2011-08-02 00:00:00-04:00,9.954122136355023,10.087606865529231,9.343908309936523,9.343908309936523,2378200,0.0,0.0
2011-08-03 00:00:00-04:00,9.782497920519488,9.782497920519488,8.409515277662294,9.305768013000488,4709500,0.0,0.0
2011-08-04 00:00:00-04:00,9.162746888691244,9.248558402485985,7.751627046302072,7.846972465515137,5685200,0.0,0.0
2011-08-05 00:00:00-04:00,7.970923937759953,8.533465389037241,7.170017981046873,7.465590476989746,6232500,0.0,0.0
2011-08-08 00:00:00-04:00,7.055604191365164,7.198623284330065,5.997263448999099,6.006798267364502,6881400,0.0,0.0
2011-08-09 00:00:00-04:00,6.502596663925823,7.093741691197687,6.092608617071863,6.864911079406738,6135200,0.0,0.0
2011-08-10 00:00:00-04:00,6.855374791790564,7.427450478655713,6.435852500184127,6.845839977264404,5329200,0.0,0.0
2011-08-11 00:00:00-04:00,6.988861262888363,7.36071051088054,6.702823554680967,7.198622703552246,5169900,0.0,0.0
2011-08-12 00:00:00-04:00,7.3797799556264865,7.6562833107817845,7.265364868247427,7.560937404632568,3119700,0.0,0.0
2011-08-15 00:00:00-04:00,7.799302477594669,8.342774343880277,7.742094482006069,8.295101165771484,3460300,0.0,0.0
2011-08-16 00:00:00-04:00,8.152082172157876,8.21882407291846,7.703955773060605,7.856509208679199,2993200,0.0,0.0
2011-08-17 00:00:00-04:00,7.923252452379807,8.152082618331868,7.723025829849191,7.808836460113525,1686000,0.0,0.0
2011-08-18 00:00:00-04:00,7.265364452631704,7.303502812909682,6.912584392737841,7.026999473571777,3125100,0.0,0.0
2011-08-19 00:00:00-04:00,6.855376177463626,7.379778806985125,6.779099464416504,6.779099464416504,2312900,0.0,0.0
2011-08-22 00:00:00-04:00,7.2081564531824185,7.2081564531824185,6.483527199401797,6.502596378326416,3477100,0.0,0.0
2011-08-23 00:00:00-04:00,6.683754276165243,7.093741879242258,6.44538929549707,7.074672698974609,3480300,0.0,0.0
2011-08-24 00:00:00-04:00,7.141414660615555,7.255830197796239,6.855376954276653,7.150949478149414,1783200,0.0,0.0
2011-08-25 00:00:00-04:00,7.1700188503680025,7.284433935964135,6.750496415203714,6.788634777069092,2009800,0.0,0.0
2011-08-26 00:00:00-04:00,6.817238524003479,7.112811044866077,6.512131185704128,7.055603504180908,2225100,0.0,0.0
2011-08-29 00:00:00-04:00,7.170017965474373,7.465590460775295,7.150948786895122,7.446521282196045,2152000,0.0,0.0
2011-08-30 00:00:00-04:00,7.351176334924483,7.608610506182164,7.236761248731101,7.43698787689209,2217300,0.0,0.0
2011-08-31 00:00:00-04:00,7.436987351185317,7.5800059714947565,7.160484018440911,7.3893141746521,2494800,0.0,0.0
2011-09-01 00:00:00-04:00,7.389314031996654,7.456056386925633,7.189087421854814,7.2272257804870605,2272300,0.0,0.0
2011-09-02 00:00:00-04:00,7.179554216981238,7.179554216981238,6.683755020185978,6.836308479309082,2755500,0.0,0.0
2011-09-06 00:00:00-04:00,6.44538861751281,6.817237820940065,6.435853801059384,6.779099464416504,2271900,0.0,0.0
2011-09-07 00:00:00-04:00,6.864911398639384,7.322572188858351,6.864911398639384,7.265364646911621,2775000,0.0,0.0
2011-09-08 00:00:00-04:00,7.055603456348416,7.3225719777359926,6.960257555852852,7.007930278778076,2356000,0.0,0.0
2011-09-09 00:00:00-04:00,6.931653793831253,7.141414782046508,6.578873722692121,6.6837544441223145,2524400,0.0,0.0
2011-09-12 00:00:00-04:00,6.597942913243222,6.90304980564606,6.483527828592158,6.712357997894287,2262700,0.0,0.0
2011-09-13 00:00:00-04:00,6.760031345197588,6.988861520188043,6.5693390780604,6.93165397644043,2765000,0.0,0.0
2011-09-14 00:00:00-04:00,6.836308070194407,7.036534700633626,6.68375462020077,6.93165397644043,2376300,0.0,0.0
2011-09-15 00:00:00-04:00,6.960257627846478,7.141414613339292,6.931653630079385,7.103276252746582,1579500,0.0,0.0
2011-09-16 00:00:00-04:00,7.084206017594599,7.2081558983870275,6.845841072060722,6.988860130310059,2054400,0.0,0.0
2011-09-19 00:00:00-04:00,6.75049553481729,6.950722135819928,6.683753637579795,6.855376243591309,2531400,0.0,0.0
2011-09-20 00:00:00-04:00,6.864910381974427,6.941187547918862,6.617011070251465,6.617011070251465,2454800,0.0,0.0
2011-09-21 00:00:00-04:00,6.6170136723305415,6.674221228301411,6.130748764610295,6.140283584594727,3189200,0.0,0.0
2011-09-22 00:00:00-04:00,5.739828136638194,5.901916379866469,4.967525731825597,5.2440290451049805,4351400,0.0,0.0
2011-09-23 00:00:00-04:00,5.2344948662565685,5.339375587235435,4.776834530301796,4.834042072296143,3238300,0.0,0.0
2011-09-26 00:00:00-04:00,4.91985334002725,5.19635669722133,4.652884800840966,5.072407245635986,3070100,0.0,0.0
2011-09-27 00:00:00-04:00,5.263098275390195,5.482394055808332,5.177286744682423,5.2917022705078125,2676600,0.0,0.0
2011-09-28 00:00:00-04:00,5.291702639170562,5.520532797473342,5.148683562908769,5.167752742767334,2956900,0.0,0.0
2011-09-29 00:00:00-04:00,5.415650961066331,5.4251857763465345,4.786367701213399,5.062870979309082,2443700,0.0,0.0
2011-09-30 00:00:00-04:00,4.891249670586687,5.005664755892249,4.824507310169208,4.910318851470947,1619500,0.0,0.0
2011-10-03 00:00:00-04:00,4.795904189716538,4.853111737421614,3.81384015083313,3.81384015083313,3685200,0.0,0.0
2011-10-04 00:00:00-04:00,3.7280274812543825,4.1284803977123365,3.0224672993815522,4.080807685852051,4143900,0.0,0.0
2011-10-05 00:00:00-04:00,4.138016318019516,4.3573121241506225,4.033135596484169,4.28103494644165,1805600,0.0,0.0
2011-10-06 00:00:00-04:00,4.2905694144922535,4.519399565035528,4.223827059927917,4.42405366897583,1896800,0.0,0.0
2011-10-07 00:00:00-04:00,4.509864190081867,4.614744879519583,4.347775975854032,4.385914325714111,1493600,0.0,0.0
2011-10-10 00:00:00-04:00,4.50986372618704,4.872178467234273,4.50986372618704,4.795901775360107,1585200,0.0,0.0
2011-10-11 00:00:00-04:00,4.786368050596127,4.80543722790348,4.347776517881956,4.462191581726074,2179500,0.0,0.0
2011-10-12 00:00:00-04:00,4.605212904126633,5.091477846622127,4.528936157377208,5.034270286560059,3593100,0.0,0.0
2011-10-13 00:00:00-04:00,4.919852509201744,5.387048055849196,4.73869508945233,5.196355819702148,3100900,0.0,0.0
2011-10-14 00:00:00-04:00,5.5205330385170805,5.5205330385170805,5.120079789357064,5.472859859466553,2142400,0.0,0.0
2011-10-17 00:00:00-04:00,5.844709761136142,5.959124849124498,5.530068041845592,5.701690673828125,4156100,0.0,0.0
2011-10-18 00:00:00-04:00,5.701690245325556,5.768432602292074,5.253564290393538,5.749363422393799,2380600,0.0,0.0
2011-10-19 00:00:00-04:00,5.749364299039138,5.90191776148622,5.577741199140991,5.64448356628418,2154600,0.0,0.0
2011-10-20 00:00:00-04:00,5.777967852938411,5.777967852938411,5.329841829133604,5.673087120056152,1220200,0.0,0.0
2011-10-21 00:00:00-04:00,5.777966964918655,5.844709321885174,5.587275165935906,5.749363422393799,1350100,0.0,0.0
2011-10-24 00:00:00-04:00,5.816105553659079,6.130747261688658,5.816105553659079,6.054470539093018,2515800,0.0,0.0
2011-10-25 00:00:00-04:00,5.987727966536985,6.111677399612476,5.7302938291570005,5.835174083709717,1757000,0.0,0.0
2011-10-26 00:00:00-04:00,10.1829506119323,10.440384276429079,8.152081197232876,9.839704513549805,32573600,0.0,0.0
2011-10-27 00:00:00-04:00,9.763428874443841,10.45945505407666,9.315303389137025,9.99225902557373,10858300,0.0,0.0
2011-10-28 00:00:00-04:00,9.753894291008883,11.47012228415165,9.753894291008883,11.374776840209961,10783900,0.0,0.0
2011-10-31 00:00:00-04:00,11.365241619889218,11.975456258489846,10.392712124865424,10.926650047302246,8808000,0.0,0.0
2011-11-01 00:00:00-04:00,10.373642288128307,11.565466987003937,10.230622778689181,10.716887474060059,9329200,0.0,0.0
2011-11-02 00:00:00-04:00,11.288965107181731,11.288965107181731,10.802700350906086,11.184083938598633,3832700,0.0,0.0
2011-11-03 00:00:00-04:00,11.384312261159332,11.441520262559878,10.69782170009478,10.840840339660645,4796500,0.0,0.0
2011-11-04 00:00:00-04:00,10.583407579740895,11.021999266506327,10.583407579740895,10.917118072509766,2628600,0.0,0.0
2011-11-07 00:00:00-05:00,10.774097806137261,11.431984783107293,9.973191288580503,10.011329650878906,4985800,0.0,0.0
2011-11-08 00:00:00-05:00,10.049467372791566,10.488058965919823,9.61087577966331,10.402247428894043,3488400,0.0,0.0
2011-11-09 00:00:00-05:00,9.887380704736826,10.402249100330485,9.820638791566097,10.020865440368652,3665500,0.0,0.0
2011-11-10 00:00:00-05:00,10.345040731549044,10.449920997795484,9.553669052651587,9.687152862548828,3468700,0.0,0.0
2011-11-11 00:00:00-05:00,9.849244244247611,10.116212857870599,9.658552377374049,10.068540573120117,2463400,0.0,0.0
2011-11-14 00:00:00-05:00,9.925517799737333,11.365242522989845,9.896914256225568,10.812235832214355,11076600,0.0,0.0
2011-11-15 00:00:00-05:00,10.793165050201118,10.793165050201118,10.173416520651891,10.583404541015625,4018200,0.0,0.0
2011-11-16 00:00:00-05:00,10.48805814219931,11.38430998335413,10.345039531249018,10.535731315612793,4830200,0.0,0.0
2011-11-17 00:00:00-05:00,10.659685124952093,11.241295508584912,10.36411206846593,10.707357406616211,5557700,0.0,0.0
2011-11-18 00:00:00-05:00,10.888512804580841,11.193619700489567,10.793166444964227,11.155481338500977,5005900,0.0,0.0
2011-11-21 00:00:00-05:00,10.85037427012231,11.145946343513113,10.583405740445718,10.945719718933105,4079100,0.0,0.0
2011-11-22 00:00:00-05:00,11.965922392478449,12.261494463777288,10.774097471101916,10.812235832214355,11684500,0.0,0.0
2011-11-23 00:00:00-05:00,10.917113085116194,11.088736117403874,9.725288492651762,9.792031288146973,7729800,0.0,0.0
2011-11-25 00:00:00-05:00,9.792033125537825,10.221089877475832,9.687151959775305,9.734825134277344,1877200,0.0,0.0
2011-11-28 00:00:00-05:00,10.278298760761349,10.287833579190808,9.229493284359767,9.429719924926758,6484300,0.0,0.0
2011-11-29 00:00:00-05:00,9.40111740756447,9.78250203974767,9.229495186908025,9.534602165222168,4744000,0.0,0.0
2011-11-30 00:00:00-05:00,9.677618982954659,9.992260721482502,9.315304970151356,9.6299467086792,5079700,0.0,0.0
2011-12-01 00:00:00-05:00,9.563202692738042,9.620410687725082,9.248560993534902,9.36297607421875,3064000,0.0,0.0
2011-12-02 00:00:00-05:00,9.69668841391454,9.715757141361193,9.343908317893353,9.372511863708496,2234700,0.0,0.0
2011-12-05 00:00:00-05:00,9.439254777175499,9.668085895894201,9.32483967246136,9.448789596557617,2022700,0.0,0.0
2011-12-06 00:00:00-05:00,9.343906301688383,9.486924909194224,8.762295236773667,9.229491233825684,3931000,0.0,0.0
2011-12-07 00:00:00-05:00,9.096009100423778,9.153217105145481,8.695555795243015,8.857644081115723,2333900,0.0,0.0
2011-12-08 00:00:00-05:00,8.86717760608265,8.962523054317364,8.409516362969157,8.447654724121094,2615700,0.0,0.0
2011-12-09 00:00:00-05:00,8.476259677259222,9.153216309630771,8.457190040912552,9.076939582824707,2519600,0.0,0.0
2011-12-12 00:00:00-05:00,9.915981954554123,9.944586404391895,9.429718128084087,9.572736740112305,8097300,0.0,0.0
2011-12-13 00:00:00-05:00,9.639477999539173,9.73482434077137,8.809968104263406,8.905314445495605,3610600,0.0,0.0
2011-12-14 00:00:00-05:00,8.066270786885985,8.342774121394893,7.8755789888264305,7.999528884887695,23372300,0.0,0.0
2011-12-15 00:00:00-05:00,8.15208324287015,8.15208324287015,7.494195783388949,7.923253059387207,6502500,0.0,0.0
2011-12-16 00:00:00-05:00,7.99953074311121,8.047203021732303,7.7706996229939875,7.970926284790039,3949100,0.0,0.0
2011-12-19 00:00:00-05:00,7.989994195375628,8.047201281062794,7.560936960915842,7.589540958404541,3002500,0.0,0.0
2011-12-20 00:00:00-05:00,7.694420109735245,8.02813139541508,7.675351387025309,7.942319869995117,2827700,0.0,0.0
2011-12-21 00:00:00-05:00,7.913717330025913,8.03766722579879,7.694421080799987,7.989994049072266,1906200,0.0,0.0
2011-12-22 00:00:00-05:00,8.056734203119674,8.190218887138268,7.846972816601891,8.152080535888672,3022800,0.0,0.0
2011-12-23 00:00:00-05:00,8.228360075332025,8.228360075332025,7.961391524540409,8.075806617736816,1248400,0.0,0.0
2011-12-27 00:00:00-05:00,8.075806642807022,8.123479825776101,7.951856730803546,8.113945007324219,1496800,0.0,0.0
2011-12-28 00:00:00-05:00,8.047203313112957,8.571606580546929,7.932788203556712,8.485795021057129,6459700,0.0,0.0
2011-12-29 00:00:00-05:00,8.476259079441395,8.514397440154585,8.276032458374582,8.304636001586914,2795600,0.0,0.0
2011-12-30 00:00:00-05:00,8.342772404900066,8.390445571928929,8.104407479045777,8.285564422607422,3937700,0.0,0.0
2012-01-03 00:00:00-05:00,8.476257170911309,8.552533875163084,8.295099316345814,8.342772483825684,2716100,0.0,0.0
2012-01-04 00:00:00-05:00,8.314170866061081,8.438120766401802,8.228359326649024,8.352309226989746,2358200,0.0,0.0
2012-01-05 00:00:00-05:00,8.390448877411094,8.876713735951247,8.295102505790927,8.867178916931152,4555600,0.0,0.0
2012-01-06 00:00:00-05:00,8.895781275803126,9.32483807217078,8.571604746768369,8.58113956451416,4081300,0.0,0.0
2012-01-09 00:00:00-05:00,8.600209038341303,8.724158029545556,8.333239602219178,8.380912780761719,2127100,0.0,0.0
2012-01-10 00:00:00-05:00,8.457189425767234,8.514397421355834,8.133012905775734,8.295101165771484,4155400,0.0,0.0
2012-01-11 00:00:00-05:00,8.199755983349982,8.68601986973278,8.1330131681286,8.647881507873535,2849800,0.0,0.0
2012-01-12 00:00:00-05:00,8.69555406084627,9.248560722596192,8.590673800614457,9.019730567932129,7327600,0.0,0.0
2012-01-13 00:00:00-05:00,8.905316667553064,9.515530493971564,8.819505120890382,9.343908309936523,7070800,0.0,0.0
2012-01-17 00:00:00-05:00,9.496458641595574,9.563200529575141,9.12460903151649,9.162747383117676,4829200,0.0,0.0
2012-01-18 00:00:00-05:00,9.448788234637727,10.221091216753766,9.439253416629928,10.144814491271973,11486700,0.0,0.0
2012-01-19 00:00:00-05:00,10.421317866932386,10.497594592549342,10.011329784773528,10.202021598815918,6883200,0.0,0.0
2012-01-20 00:00:00-05:00,10.173418236844308,10.68828659865588,10.030399601065103,10.421318054199219,5021200,0.0,0.0
2012-01-23 00:00:00-05:00,10.65014647837526,10.869441804968389,10.459454692361636,10.669215202331543,6519300,0.0,0.0
2012-01-24 00:00:00-05:00,10.621543998580382,11.012462426272283,10.535732458981624,10.774097442626953,6564300,0.0,0.0
2012-01-25 00:00:00-05:00,10.936183453282167,11.575001550708567,10.77409522502233,11.41291332244873,6534100,0.0,0.0
2012-01-26 00:00:00-05:00,11.546400537622157,11.718023632533463,10.650148517142714,10.840840339660645,8003400,0.0,0.0
2012-01-27 00:00:00-05:00,10.831305479391544,12.271030325101105,10.802701933446878,12.118476867675781,10970400,0.0,0.0
2012-01-30 00:00:00-05:00,12.299632884675134,12.299632884675134,11.498727297420917,12.108941078186035,7669300,0.0,0.0
2012-01-31 00:00:00-05:00,12.280563273559816,12.356839990657875,11.584537093427297,12.194751739501953,11029300,0.0,0.0
2012-02-01 00:00:00-05:00,12.232888221740723,12.28056138993733,11.85150469474797,12.232888221740723,5943500,0.0,0.0
2012-02-02 00:00:00-05:00,12.128010674795608,12.490325560614357,11.632211070215133,12.04219913482666,6474900,0.0,0.0
2012-02-03 00:00:00-05:00,12.03266447471923,12.299633006447078,11.822903030859358,12.242425918579102,5150900,0.0,0.0
2012-02-06 00:00:00-05:00,12.213823530085971,12.661949094842598,11.984992429095595,12.528465270996094,3776700,0.0,0.0
2012-02-07 00:00:00-05:00,12.604740692737895,12.604740692737895,12.051733998906288,12.089872360229492,6646000,0.0,0.0
2012-02-08 00:00:00-05:00,12.099406020694026,12.280563915235295,11.765695593275767,11.82290267944336,4843100,0.0,0.0
2012-02-09 00:00:00-05:00,12.023128921919383,13.958653159162312,11.99452537973413,13.605873107910156,23297000,0.0,0.0
2012-02-10 00:00:00-05:00,13.32936762869237,13.500990684452573,13.024260782265461,13.281695365905762,6291900,0.0,0.0
2012-02-13 00:00:00-05:00,13.75842440423594,14.721418055129455,13.58680135925152,14.378172874450684,11358700,0.0,0.0
2012-02-14 00:00:00-05:00,14.368640616712295,14.616540412645874,13.920515111705704,14.015860557556152,7959400,0.0,0.0
2012-02-15 00:00:00-05:00,13.996789676286786,14.04446193722431,13.453316990556107,13.767958641052246,5825500,0.0,0.0
2012-02-16 00:00:00-05:00,13.605869351663253,14.092133071727906,13.491453395929259,13.691679954528809,6356400,0.0,0.0
2012-02-17 00:00:00-05:00,13.777496009575446,13.806099553295489,13.205420588723298,13.34843921661377,3916300,0.0,0.0
2012-02-21 00:00:00-05:00,13.539131136672134,13.806099668633427,13.386577689837111,13.500992774963379,5754100,0.0,0.0
2012-02-22 00:00:00-05:00,13.491458641748263,13.5009934599818,12.804968096159243,13.138678550720215,4793600,0.0,0.0
2012-02-23 00:00:00-05:00,13.205421489550893,13.338905308877063,12.881244940975357,13.300766944885254,4423500,0.0,0.0
2012-02-24 00:00:00-05:00,13.51052752658284,13.634477428852163,13.110074275955876,13.396112442016602,3130200,0.0,0.0
2012-02-27 00:00:00-05:00,15.31256555399045,15.49372344501157,14.730955339706803,14.97885513305664,19365400,0.0,0.0
2012-02-28 00:00:00-05:00,15.055131581834159,15.055131581834159,14.225621589122573,14.683281898498535,5243600,0.0,0.0
2012-02-29 00:00:00-05:00,14.702350273747195,14.75002344588085,14.120740119728966,14.340035438537598,4109000,0.0,0.0
2012-03-01 00:00:00-05:00,14.530729226009074,15.951384314335561,14.416314142649583,15.598605155944824,9490700,0.0,0.0
2012-03-02 00:00:00-05:00,15.693947076716055,16.27555812338086,15.016991507092602,15.894174575805664,9878100,0.0,0.0
2012-03-05 00:00:00-05:00,15.903713642899689,16.037197465586345,15.036065158275031,15.140945434570312,5563000,0.0,0.0
2012-03-06 00:00:00-05:00,14.778630023569109,14.78816484181399,14.225623295430392,14.435384750366211,5924300,0.0,0.0
2012-03-07 00:00:00-05:00,14.940715802896628,15.407910907435028,14.521192963045285,14.969319343566895,4473000,0.0,0.0
2012-03-08 00:00:00-05:00,15.407912516904066,15.951384392859561,14.788163918333423,15.732089042663574,5349400,0.0,0.0
2012-03-09 00:00:00-05:00,15.598606967136517,15.732090791909922,15.016995755914017,15.446053504943848,4846400,0.0,0.0
2012-03-12 00:00:00-04:00,15.522328019054633,15.5986047392567,14.893043713452231,15.13140869140625,3935400,0.0,0.0
2012-03-13 00:00:00-04:00,15.169545280683286,15.407910230811659,14.797696540428701,15.264891624450684,4935600,0.0,0.0
2012-03-14 00:00:00-04:00,14.549798193093011,14.7786283493042,14.063533429176577,14.7786283493042,26668200,0.0,0.0
2012-03-15 00:00:00-04:00,14.654678620105347,15.560465347340287,14.654678620105347,14.97885513305664,10738400,0.0,0.0
2012-03-16 00:00:00-04:00,15.083737432497212,15.217222164474215,14.683284145856547,15.140945434570312,5903500,0.0,0.0
2012-03-19 00:00:00-04:00,15.150478077760859,15.24582352180546,14.759558756520281,14.845370292663574,4646800,0.0,0.0
2012-03-20 00:00:00-04:00,14.711886264398723,14.711886264398723,14.311433041374311,14.549798011779785,4425700,0.0,0.0
2012-03-21 00:00:00-04:00,14.559333611143243,14.683282602238872,14.311433810371486,14.320968627929688,2728900,0.0,0.0
2012-03-22 00:00:00-04:00,14.22562090025401,14.301897614789675,13.729821346482023,13.844237327575684,4067100,0.0,0.0
2012-03-23 00:00:00-04:00,13.77749823437323,13.920517794648838,13.63447958338803,13.720291137695312,3758900,0.0,0.0
2012-03-26 00:00:00-04:00,13.901445099709074,14.721420276363842,13.748891663056112,14.692816734313965,5176200,0.0,0.0
2012-03-27 00:00:00-04:00,14.607003978092582,14.75955740199588,14.359105118894792,14.406777381896973,3346600,0.0,0.0
2012-03-28 00:00:00-04:00,14.387709285687821,14.416312826593932,13.729821479816078,14.044463157653809,4246000,0.0,0.0
2012-03-29 00:00:00-04:00,13.882375613683344,13.89190952098381,13.510525950260432,13.787029266357422,3523600,0.0,0.0
2012-03-30 00:00:00-04:00,13.968187581178077,14.282829284667969,13.71075387345464,14.282829284667969,6344600,0.0,0.0
2012-04-02 00:00:00-04:00,14.14934593102333,15.064667527645305,13.968188029687893,14.85490608215332,4940300,0.0,0.0
2012-04-03 00:00:00-04:00,14.902576700262717,15.39837532067542,14.883507067909477,15.198148727416992,4843900,0.0,0.0
2012-04-04 00:00:00-04:00,14.959786496064284,15.198151488036114,14.78816432016196,15.026529312133789,4029600,0.0,0.0
2012-04-05 00:00:00-04:00,15.007457330169776,15.732087010710945,14.883507444606934,15.627205848693848,4976300,0.0,0.0
2012-04-09 00:00:00-04:00,15.27442855778779,15.960919054619191,15.112340296491148,15.51279354095459,6451400,0.0,0.0
2012-04-10 00:00:00-04:00,15.53186209031026,15.894176039220767,14.21608645680393,14.273294448852539,7204500,0.0,0.0
2012-04-11 00:00:00-04:00,14.607005198874122,15.16001186138621,14.540263297661003,14.692816734313965,5389200,0.0,0.0
2012-04-12 00:00:00-04:00,14.931180986243152,15.21721912081631,14.7690927402947,14.969319343566895,4288000,0.0,0.0
2012-04-13 00:00:00-04:00,15.636743903151572,16.66648064798256,15.636743903151572,16.075336456298828,17114000,0.0,0.0
2012-04-16 00:00:00-04:00,16.685546405994934,17.152741487133166,16.075332719378512,16.199281692504883,10704900,0.0,0.0
2012-04-17 00:00:00-04:00,17.171811709549736,17.171811709549736,16.31369822861349,16.780893325805664,14700300,0.0,0.0
2012-04-18 00:00:00-04:00,16.79043399230131,17.343440812119468,16.780899172475713,17.066936492919922,7271200,0.0,0.0
2012-04-19 00:00:00-04:00,17.171813797481818,17.34343687825289,16.704618643483077,16.99065589904785,6168100,0.0,0.0
2012-04-20 00:00:00-04:00,17.438785197411445,17.438785197411445,16.895311440992216,16.94298553466797,4621000,0.0,0.0
2012-04-23 00:00:00-04:00,16.761825561523438,17.019260180079005,16.399511586896736,16.761825561523438,4738900,0.0,0.0
2012-04-24 00:00:00-04:00,16.914380766035023,16.914380766035023,16.323236564020586,16.47579002380371,3310700,0.0,0.0
2012-04-25 00:00:00-04:00,16.67601255635348,17.24808883000379,16.47578686079506,17.200416564941406,4732200,0.0,0.0
2012-04-26 00:00:00-04:00,17.36250320353054,17.667611886792287,17.190881956082535,17.43878173828125,6688700,0.0,0.0
2012-04-27 00:00:00-04:00,17.629478581956377,18.039466752003428,17.229025231977975,17.867843627929688,3956400,0.0,0.0
2012-04-30 00:00:00-04:00,17.93458335075237,17.953652988551415,17.200420481296636,17.457853317260742,3546800,0.0,0.0
2012-05-01 00:00:00-04:00,17.372039663694117,17.629474287088872,17.16227912902832,17.16227912902832,3052600,0.0,0.0
2012-05-02 00:00:00-04:00,16.971584461282028,17.15274234047641,16.68554723609538,17.086000442504883,2953000,0.0,0.0
2012-05-03 00:00:00-04:00,17.14320864603724,17.14320864603724,15.817899960759947,16.13254165649414,5877900,0.0,0.0
2012-05-04 00:00:00-04:00,15.970449101831102,16.123002500003988,15.474649648479245,15.693944931030273,4301300,0.0,0.0
2012-05-07 00:00:00-04:00,15.39837705815118,16.237422790565095,15.264893253777329,16.11347198486328,5214400,0.0,0.0
2012-05-08 00:00:00-04:00,16.12301150819616,16.313704271745436,15.36024409116101,15.913250923156738,5223200,0.0,0.0
2012-05-09 00:00:00-04:00,15.512789984533844,15.941845764721602,15.39837401866906,15.798827171325684,3847800,0.0,0.0
2012-05-10 00:00:00-04:00,15.979986556650667,16.55206280360375,15.87510539611153,16.418577194213867,3157700,0.0,0.0
2012-05-11 00:00:00-04:00,16.20881872525311,17.000190390272248,16.132542003995137,16.59020233154297,3695700,0.0,0.0
2012-05-14 00:00:00-04:00,16.3423026254517,16.418579347142074,15.22675534340742,15.49372386932373,7023900,0.0,0.0
2012-05-15 00:00:00-04:00,15.493722452270811,15.951382740555532,14.807231110553566,14.997922897338867,6566900,0.0,0.0
2012-05-16 00:00:00-04:00,15.007459435723158,15.579535771000364,14.64514454461963,14.71188735961914,4405700,0.0,0.0
2012-05-17 00:00:00-04:00,14.769092220274857,14.921645644198424,13.16728035978727,13.37704086303711,8056600,0.0,0.0
2012-05-18 00:00:00-04:00,13.644011057501912,13.729821681480637,12.9098465255703,13.176815032958984,5023100,0.0,0.0
2012-05-21 00:00:00-04:00,13.319835394390084,14.311433679090799,13.205420312611952,14.206552505493164,5260400,0.0,0.0
2012-05-22 00:00:00-04:00,14.378175434084408,14.702351950414439,13.7870303963668,14.015860557556152,3733000,0.0,0.0
2012-05-23 00:00:00-04:00,13.796565392026887,14.30189889850617,13.281697068052274,14.225622177124023,4259300,0.0,0.0
2012-05-24 00:00:00-04:00,14.359106988872247,14.511660432642483,13.834703843944377,14.320968627929688,3683900,0.0,0.0
2012-05-25 00:00:00-04:00,14.263760613674314,14.435383692342013,14.06353399165875,14.311433792114258,1728000,0.0,0.0
2012-05-29 00:00:00-04:00,14.616539285315692,14.96931931726296,14.168412905581524,14.91211223602295,3210000,0.0,0.0
2012-05-30 00:00:00-04:00,14.683281042559607,14.683281042559607,13.558199059616827,13.710752487182617,3935100,0.0,0.0
2012-05-31 00:00:00-04:00,13.691685473375452,13.891912112682384,12.776363823585234,13.386578559875488,6928400,0.0,0.0
2012-06-01 00:00:00-04:00,12.785898636520105,12.938452093205246,11.689419984627918,12.013596534729004,9024200,0.0,0.0
2012-06-04 00:00:00-04:00,12.042200465456267,12.204288745687858,10.0208652811868,11.203155517578125,16047300,0.0,0.0
2012-06-05 00:00:00-04:00,11.069670350603483,11.994526811717224,11.069670350603483,11.91825008392334,7878900,0.0,0.0
2012-06-06 00:00:00-04:00,12.194752786198604,12.709621125447628,12.004060977086052,12.33777141571045,7081800,0.0,0.0
2012-06-07 00:00:00-04:00,12.566602312521557,13.110074187882722,12.061267889136001,12.080337524414062,5721000,0.0,0.0
2012-06-08 00:00:00-04:00,12.051731969303075,12.061265876060599,11.460587013701561,11.984989166259766,4820800,0.0,0.0
2012-06-11 00:00:00-04:00,12.537995047389588,12.55706467839042,11.308032035827637,11.308032035827637,6094400,0.0,0.0
2012-06-12 00:00:00-04:00,11.575004196169282,12.40451424898835,11.422449839366115,12.347306251525879,7181600,0.0,0.0
2012-06-13 00:00:00-04:00,12.280564031745696,12.356840753552978,11.74662606980447,11.927783966064453,5390300,0.0,0.0
2012-06-14 00:00:00-04:00,11.861038796292561,12.537995249820911,11.55593196967361,12.433115005493164,5412500,0.0,0.0
2012-06-15 00:00:00-04:00,13.100538573926308,13.443784713745117,12.633343449495372,13.443784713745117,11869300,0.0,0.0
2012-06-18 00:00:00-04:00,13.348437356813289,13.453317608700944,12.947984163365678,13.415179252624512,5966600,0.0,0.0
2012-06-19 00:00:00-04:00,13.491454588410928,14.04446114974784,13.00519082536643,13.014724731445312,6810500,0.0,0.0
2012-06-20 00:00:00-04:00,13.386576367718597,13.500991441544716,12.795431364971884,13.043331146240234,5915500,0.0,0.0
2012-06-21 00:00:00-04:00,12.900312352521397,13.04333188487073,11.555934022320992,11.66081428527832,10619300,0.0,0.0
2012-06-22 00:00:00-04:00,12.080336495014393,12.080336495014393,11.679883281201416,11.975456237792969,16761200,0.0,0.0
2012-06-25 00:00:00-04:00,11.660816266176827,11.80383582282182,11.403382519080454,11.727559089660645,3194300,0.0,0.0
2012-06-26 00:00:00-04:00,11.603608235731349,12.051734688903252,11.603608235731349,11.7561616897583,3303900,0.0,0.0
2012-06-27 00:00:00-04:00,11.794300398342617,12.290100047726625,11.651281758330489,12.213823318481445,4956700,0.0,0.0
2012-06-28 00:00:00-04:00,11.918248280509989,13.176815007958984,11.918248280509989,13.119607925415039,8927400,0.0,0.0
2012-06-29 00:00:00-04:00,13.653545709579662,14.101672124813588,13.377042370241757,14.053998947143555,8587200,0.0,0.0
2012-07-02 00:00:00-04:00,14.053999013031529,14.225622089732154,13.634477048006959,14.111207008361816,4650900,0.0,0.0
2012-07-03 00:00:00-04:00,14.206552114142397,14.873974770064565,14.02539513363995,14.835836410522461,3760100,0.0,0.0
2012-07-05 00:00:00-04:00,14.73095617842125,15.4174476032103,14.58793754834824,14.85490608215332,4892200,0.0,0.0
2012-07-06 00:00:00-04:00,14.578402801987105,15.05513278362081,14.359107446894933,14.940717697143555,3849500,0.0,0.0
2012-07-09 00:00:00-04:00,14.921647517287786,15.045597417107441,14.177949027660109,14.263760566711426,4464500,0.0,0.0
2012-07-10 00:00:00-04:00,14.80723224460131,14.80723224460131,13.739357247527673,14.053998947143555,5986200,0.0,0.0
2012-07-11 00:00:00-04:00,14.073069109884987,14.158880651052256,13.234024243002088,13.500992774963379,6111000,0.0,0.0
2012-07-12 00:00:00-04:00,13.377040405935986,15.255356419714571,13.014725581852954,14.8644380569458,15498300,0.0,0.0
2012-07-13 00:00:00-04:00,14.931182608242503,15.045597692642836,14.444917817573392,14.587937355041504,6224300,0.0,0.0
2012-07-16 00:00:00-04:00,14.683283296102985,14.854906383099738,13.920516041206954,14.006326675415039,4988600,0.0,0.0
2012-07-17 00:00:00-04:00,13.39611131302877,13.424714854437136,13.11007317107456,13.195884704589844,24416300,0.0,0.0
2012-07-18 00:00:00-04:00,13.186349638582305,13.338903068931893,12.871707961163738,12.93844985961914,9785000,0.0,0.0
2012-07-19 00:00:00-04:00,13.129142786039749,13.338903301787104,13.014726801990046,13.186349868774414,7633700,0.0,0.0
2012-07-20 00:00:00-04:00,13.091005368842843,13.30076682352909,13.014728641555175,13.138678550720215,4160500,0.0,0.0
2012-07-23 00:00:00-04:00,12.757294482871108,12.757294482871108,12.2805644987995,12.54753303527832,8232000,0.0,0.0
2012-07-24 00:00:00-04:00,12.595208954351852,12.661950875661914,11.975460204011485,12.280567169189453,6645200,0.0,0.0
2012-07-25 00:00:00-04:00,12.394980323116163,12.471257052361343,11.622677302895793,12.213823318481445,6845500,0.0,0.0
2012-07-26 00:00:00-04:00,12.499858923506336,12.700085538266858,12.280563583634923,12.557066917419434,4081800,0.0,0.0
2012-07-27 00:00:00-04:00,12.871708197945637,13.367507764992462,12.871708197945637,13.214953422546387,8677800,0.0,0.0
2012-07-30 00:00:00-04:00,13.357973824771948,13.63447716783626,12.986124125082599,13.100539207458496,5342400,0.0,0.0
2012-07-31 00:00:00-04:00,13.272162216127278,13.40564693284488,12.900312518386254,12.995658874511719,6772200,0.0,0.0
2012-08-01 00:00:00-04:00,13.014727872482322,14.502125785278428,12.967055602712337,13.34843921661377,11395700,0.0,0.0
2012-08-02 00:00:00-04:00,13.224490123238171,13.5391318512647,12.833571667768261,13.129144668579102,3984600,0.0,0.0
2012-08-03 00:00:00-04:00,13.367507707879291,13.61540658105336,12.96705449291094,13.119607925415039,5546300,0.0,0.0
2012-08-06 00:00:00-04:00,13.091002469291082,13.234021983245526,12.747757272522623,13.07193374633789,5034500,0.0,0.0
2012-08-07 00:00:00-04:00,13.119607862124315,13.453318266794621,12.871708080855965,13.043331146240234,4549200,0.0,0.0
2012-08-08 00:00:00-04:00,12.938449910527606,13.06239980049689,12.766827755354129,12.986123085021973,3289700,0.0,0.0
2012-08-09 00:00:00-04:00,12.938449371066287,13.65354423079579,12.938449371066287,13.405645370483398,4676700,0.0,0.0
2012-08-10 00:00:00-04:00,13.500990369552364,13.987255076671097,13.491455553501384,13.977720260620117,5515700,0.0,0.0
2012-08-13 00:00:00-04:00,14.063532515751046,14.063532515751046,13.443783988942485,13.710752487182617,3163300,0.0,0.0
2012-08-14 00:00:00-04:00,13.825166627183405,13.872839797411022,13.605871317142498,13.767958641052246,1909900,0.0,0.0
2012-08-15 00:00:00-04:00,13.71075354861908,13.87284180527855,13.64401164621467,13.83470344543457,2510100,0.0,0.0
2012-08-16 00:00:00-04:00,13.882376471246857,13.958653190103416,13.462853608245572,13.644011497497559,4060100,0.0,0.0
2012-08-17 00:00:00-04:00,13.710752487182617,13.748890844074065,13.443783988942485,13.710752487182617,3258700,0.0,0.0
2012-08-20 00:00:00-04:00,13.61540685535543,13.61540685535543,13.19588490751728,13.434249877929688,3710400,0.0,0.0
2012-08-21 00:00:00-04:00,13.81563454311936,14.130276255831292,13.424716106676673,13.577269554138184,6918900,0.0,0.0
2012-08-22 00:00:00-04:00,13.577269017262283,14.149345331912027,13.405646850299549,14.092137336730957,5725600,0.0,0.0
2012-08-23 00:00:00-04:00,14.177946831178925,14.473519763310353,13.920513163197452,13.968185424804688,5006200,0.0,0.0
2012-08-24 00:00:00-04:00,13.872841103064989,14.3495710316288,13.777494753636155,14.139809608459473,3092700,0.0,0.0
2012-08-27 00:00:00-04:00,14.292364832129614,14.292364832129614,13.79656611708953,13.949119567871094,3231100,0.0,0.0
2012-08-28 00:00:00-04:00,13.939584037939973,14.37817564118198,13.853772498935411,14.282829284667969,3808900,0.0,0.0
2012-08-29 00:00:00-04:00,14.330501468385252,14.530728075736711,14.168413219134539,14.197017669677734,2789300,0.0,0.0
2012-08-30 00:00:00-04:00,14.20655417500248,14.282830905151702,13.710755429032544,13.853774070739746,2397400,0.0,0.0
2012-08-31 00:00:00-04:00,13.9109794171558,14.158879197457686,13.72982153566974,14.073067665100098,3272300,0.0,0.0
2012-09-04 00:00:00-04:00,14.07306760785009,14.33050129458543,13.920514177297271,14.044463157653809,2652500,0.0,0.0
2012-09-05 00:00:00-04:00,14.130275715529132,14.149345350377788,13.891910735662364,14.101672172546387,2535800,0.0,0.0
2012-09-06 00:00:00-04:00,14.254223910555046,14.673746734183053,14.11120530344421,14.340035438537598,4149500,0.0,0.0
2012-09-07 00:00:00-04:00,14.41631272032116,15.179080776752524,14.387709179625906,14.997922897338867,6352600,0.0,0.0
2012-09-10 00:00:00-04:00,15.169546950827085,15.598604635728849,14.807232077626832,14.98838996887207,5017100,0.0,0.0
2012-09-11 00:00:00-04:00,15.160014463020735,15.970455870933506,14.77863080593847,15.531865119934082,14893900,0.0,0.0
2012-09-12 00:00:00-04:00,15.76069250260196,16.06579937383915,15.550930164691092,15.713018417358398,6350000,0.0,0.0
2012-09-13 00:00:00-04:00,15.579539496235993,16.22789271000636,15.35070927112545,15.913250923156738,5181100,0.0,0.0
2012-09-14 00:00:00-04:00,16.132539600842428,16.68554620223028,15.932312100753954,16.018123626708984,7058400,0.0,0.0
2012-09-17 00:00:00-04:00,16.437644380720368,16.485318455043966,15.808361148288727,15.932310104370117,3537200,0.0,0.0
2012-09-18 00:00:00-04:00,16.189749530493685,16.199284348232744,15.646277649431045,15.903712272644043,4248800,0.0,0.0
2012-09-19 00:00:00-04:00,15.913246196301527,16.07533445159758,15.741623123802126,15.979988098144531,3374300,0.0,0.0
2012-09-20 00:00:00-04:00,15.665347044636357,15.82743530655321,15.4365168781503,15.63674259185791,3604000,0.0,0.0
2012-09-21 00:00:00-04:00,15.760690710061624,15.856035232543945,15.446049057561456,15.856035232543945,3528000,0.0,0.0
2012-09-24 00:00:00-04:00,15.732090785352591,15.884644247481674,15.322102673912912,15.541398048400879,3343300,0.0,0.0
2012-09-25 00:00:00-04:00,15.589070838673752,15.779761741102876,14.997924858408165,15.026529312133789,3672900,0.0,0.0
2012-09-26 00:00:00-04:00,14.95025035640619,14.95025035640619,14.425847270467271,14.664212226867676,4647300,0.0,0.0
2012-09-27 00:00:00-04:00,14.845369575103165,15.350703950345736,14.778627676568934,15.074200630187988,3295100,0.0,0.0
2012-09-28 00:00:00-04:00,14.883508621872826,15.188616406349654,14.75955872650571,14.807231903076172,3821800,0.0,0.0
2012-10-01 00:00:00-04:00,15.026528120868921,15.055131663036645,14.463986638925814,14.76909351348877,3795800,0.0,0.0
2012-10-02 00:00:00-04:00,14.854903240953856,15.026526291648477,14.616538296895817,14.8644380569458,1864900,0.0,0.0
2012-10-03 00:00:00-04:00,14.95025075330019,15.131407724886126,14.607004625025537,15.102804183959961,2299800,0.0,0.0
2012-10-04 00:00:00-04:00,15.074201605899814,15.541395835169805,15.045597153856367,15.13140869140625,2702000,0.0,0.0
2012-10-05 00:00:00-04:00,15.188616375303043,15.369774264042457,14.730955154168399,14.76909351348877,3128500,0.0,0.0
2012-10-08 00:00:00-04:00,14.769093532139513,14.81676670867273,14.616540094665387,14.7786283493042,2478800,0.0,0.0
2012-10-09 00:00:00-04:00,14.864440246344069,15.541395914259885,14.730955530666034,15.217220306396484,5442300,0.0,0.0
2012-10-10 00:00:00-04:00,15.264894295410446,15.398378108892855,14.959786487542909,15.045598030090332,2260200,0.0,0.0
2012-10-11 00:00:00-04:00,15.074202538158243,15.293498804269156,15.055132902283257,15.121874809265137,1819800,0.0,0.0
2012-10-12 00:00:00-04:00,15.160011143428912,15.274427124790257,14.730954395839447,14.997922897338867,2237200,0.0,0.0
2012-10-15 00:00:00-04:00,15.093269283878422,15.093269283878422,14.626074177740117,15.016992568969727,1778800,0.0,0.0
2012-10-16 00:00:00-04:00,15.112341069473159,15.322101610700015,15.007459889569434,15.283964157104492,2437500,0.0,0.0
2012-10-17 00:00:00-04:00,15.360240683626031,15.379308500886154,14.950252605954041,15.083736419677734,3964100,0.0,0.0
2012-10-18 00:00:00-04:00,14.912114454328256,15.598605896361017,14.788164547482738,15.293498992919922,3025600,0.0,0.0
2012-10-19 00:00:00-04:00,15.388841274128074,15.388841274128074,14.778627556948177,14.969319343566895,5242500,0.0,0.0
2012-10-22 00:00:00-04:00,14.82630181059798,15.207685411608317,14.788163450496945,15.13140869140625,3043500,0.0,0.0
2012-10-23 00:00:00-04:00,14.845368597078544,15.121871899020036,14.502123400999832,15.055130004882812,3910700,0.0,0.0
2012-10-24 00:00:00-04:00,15.188617570766134,15.245824659604228,14.969321305446018,15.045598030090332,2768400,0.0,0.0
2012-10-25 00:00:00-04:00,15.1314106893156,15.293499877759587,14.902580498495297,15.25536060333252,2749600,0.0,0.0
2012-10-26 00:00:00-04:00,15.274430240546053,15.398379245272622,14.969322410161965,15.25536060333252,5909200,0.0,0.0
2012-10-31 00:00:00-04:00,15.255358772392972,15.350705128436525,15.13140887325245,15.341170310974121,2368900,0.0,0.0
2012-11-01 00:00:00-04:00,15.331634646029148,15.71301823054124,15.24582311219138,15.484188079833984,3514300,0.0,0.0
2012-11-02 00:00:00-04:00,15.598603075409068,15.655810154813427,15.31256404122674,15.426980018615723,3915200,0.0,0.0
2012-11-05 00:00:00-05:00,15.045598038660588,15.350705846701922,14.711887595474197,15.026529312133789,8055900,0.0,0.0
2012-11-06 00:00:00-05:00,15.179080899289847,15.41744586201828,15.00745783515252,15.102804183959961,4090400,0.0,0.0
2012-11-07 00:00:00-05:00,14.883508480204355,15.007458374391655,14.301898277593367,14.645143508911133,4691600,0.0,0.0
2012-11-08 00:00:00-05:00,14.597470948784222,14.778627923239476,14.14934455715571,14.273294448852539,3429100,0.0,0.0
2012-11-09 00:00:00-05:00,14.168414005938438,14.359106716321941,13.9205151191623,13.99679183959961,5303100,0.0,0.0
2012-11-12 00:00:00-05:00,14.025393963354562,14.082601952539367,13.405645445184899,13.529594421386719,4724200,0.0,0.0
2012-11-13 00:00:00-05:00,13.758427351478892,13.80609962148433,13.205420653945364,13.453319549560547,2752700,0.0,0.0
2012-11-14 00:00:00-05:00,13.634475675036716,13.853770998257943,13.567732868990571,13.59633731842041,4176800,0.0,0.0
2012-11-15 00:00:00-05:00,13.605872297586355,13.930047878056149,13.39611087904342,13.787029266357422,4760400,0.0,0.0
2012-11-16 00:00:00-05:00,13.701217938909966,14.139809506394405,13.615406406901464,14.044463157653809,7069100,0.0,0.0
2012-11-19 00:00:00-05:00,14.368640203764778,14.68328189368005,14.30189830265857,14.63560962677002,3234100,0.0,0.0
2012-11-20 00:00:00-05:00,14.730956095629095,14.750025731153132,14.511660742844278,14.740490913391113,1803700,0.0,0.0
2012-11-21 00:00:00-05:00,14.778629266861,14.864440808090505,14.635610637672,14.759559631347656,1608300,0.0,0.0
2012-11-23 00:00:00-05:00,14.931179985285944,14.931179985285944,14.778626566217854,14.902576446533203,985300,0.0,0.0
2012-11-26 00:00:00-05:00,14.854906820743148,14.921648730190274,14.521195454926875,14.568868637084961,3223300,0.0,0.0
2012-11-27 00:00:00-05:00,14.54979734996558,15.398376024064767,14.540262533353415,14.89304256439209,6865800,0.0,0.0
2012-11-28 00:00:00-05:00,14.959786726023205,15.34117126461487,14.854906455287903,15.293498992919922,2821500,0.0,0.0
2012-11-29 00:00:00-05:00,15.426982078524693,15.80836568977897,15.388842808109011,15.64627742767334,6160100,0.0,0.0
2012-11-30 00:00:00-05:00,15.751156051364635,16.075332523065814,15.598602631573518,16.018123626708984,4513800,0.0,0.0
2012-12-03 00:00:00-05:00,16.123004784782957,16.189746678619045,15.836967577319665,16.018123626708984,3661800,0.0,0.0
2012-12-04 00:00:00-05:00,15.760691526618254,16.16114472496403,15.531861387360712,15.703482627868652,3300600,0.0,0.0
2012-12-05 00:00:00-05:00,15.836970440265146,16.370907506057105,15.64627772176346,15.989523887634277,6132000,0.0,0.0
2012-12-06 00:00:00-05:00,16.46625380081039,17.190883582265695,16.142077271775634,17.16227912902832,12634800,0.0,0.0
2012-12-07 00:00:00-05:00,17.381578127110807,17.42925222583909,16.704622292397456,16.771364212036133,6124200,0.0,0.0
2012-12-10 00:00:00-05:00,16.81903470969174,17.000192628498148,16.723690159501682,16.94298553466797,4074500,0.0,0.0
2012-12-11 00:00:00-05:00,17.05739771046048,17.219485972678775,16.857171996380508,16.895309448242188,4469500,0.0,0.0
2012-12-12 00:00:00-05:00,17.133672443535538,17.133672443535538,16.609270265902357,16.780893325805664,3201300,0.0,0.0
2012-12-13 00:00:00-05:00,16.942985152927392,16.942985152927392,16.151613401547465,16.389978408813477,4262500,0.0,0.0
2012-12-14 00:00:00-05:00,16.380437753487097,16.542525973414666,16.11346838578874,16.294626235961914,2681900,0.0,0.0
2012-12-17 00:00:00-05:00,16.59020448230333,17.21948796890727,16.37090910757969,16.92391586303711,6356700,0.0,0.0
2012-12-18 00:00:00-05:00,17.238555779652625,17.362504772663666,17.038330063577742,17.1241397857666,4528800,0.0,0.0
2012-12-19 00:00:00-05:00,17.276689405937226,17.4006383584524,16.971580794784614,17.18134307861328,4582100,0.0,0.0
2012-12-20 00:00:00-05:00,17.391113306527355,17.457855227546343,17.171817903584696,17.352975845336914,6486500,0.0,0.0
2012-12-21 00:00:00-05:00,16.942985676377038,17.286230060809686,16.828569669178997,17.171815872192383,4743400,0.0,0.0
2012-12-24 00:00:00-05:00,17.047868728637695,17.38158018492018,16.895315231808183,17.047868728637695,1485900,0.0,0.0
2012-12-26 00:00:00-05:00,17.05740003290341,17.762960264924608,17.028797394757895,17.467388153076172,5085800,0.0,0.0
2012-12-27 00:00:00-05:00,17.648542428667003,17.877372579454374,17.181347310153573,17.70574951171875,4061400,0.0,0.0
2012-12-28 00:00:00-05:00,17.820167194751104,18.039462549499696,17.257625671818236,17.400644302368164,3758800,0.0,0.0
2012-12-31 00:00:00-05:00,17.534124790573827,18.001319865032325,17.362501739021685,17.905975341796875,3602200,0.0,0.0
2013-01-02 00:00:00-05:00,18.115740164732323,18.754558443284527,18.087135709783187,18.592470169067383,7044900,0.0,0.0
2013-01-03 00:00:00-05:00,18.62107292837666,19.1550099754089,18.3541034955703,18.88804054260254,5551600,0.0,0.0
2013-01-04 00:00:00-05:00,19.46011324800322,19.507785507816365,18.954778928515278,19.202678680419922,7428900,0.0,0.0
2013-01-07 00:00:00-05:00,19.469651970748668,19.469651970748668,18.87850601010491,19.269424438476562,3766300,0.0,0.0
2013-01-08 00:00:00-05:00,19.298027012432513,19.298027012432513,18.926178255447475,19.240819931030273,2390700,0.0,0.0
2013-01-09 00:00:00-05:00,19.336168327407837,19.450582502332445,19.22175233390271,19.402910232543945,4608700,0.0,0.0
2013-01-10 00:00:00-05:00,19.564992946355314,19.612665202621887,19.155004995574746,19.584062576293945,3002900,0.0,0.0
2013-01-11 00:00:00-05:00,19.4410475730478,19.64127510588714,18.945249786920012,19.29802894592285,4606700,0.0,0.0
2013-01-14 00:00:00-05:00,19.326631462423794,19.345701095751316,19.12640394964547,19.240819931030273,2039300,0.0,0.0
2013-01-15 00:00:00-05:00,19.155010354885263,19.402910157706447,19.04059436182144,19.31709861755371,2013600,0.0,0.0
2013-01-16 00:00:00-05:00,19.231281317952433,19.34569727675058,19.11686535915429,19.288488388061523,1663100,0.0,0.0
2013-01-17 00:00:00-05:00,19.450582447693296,19.545928805582975,19.26942454956096,19.374305725097656,1908600,0.0,0.0
2013-01-18 00:00:00-05:00,19.269424623576068,19.498256610822462,19.183614901584328,19.46011734008789,3316000,0.0,0.0
2013-01-22 00:00:00-05:00,19.47918928380116,20.21335396521784,19.27896172587809,20.032196044921875,3667200,0.0,0.0
2013-01-23 00:00:00-05:00,20.05126177765205,20.165675943971507,19.555462207386732,19.89870834350586,3548300,0.0,0.0
2013-01-24 00:00:00-05:00,19.81289673422217,20.070329516753343,19.77475746654029,19.86056900024414,3413000,0.0,0.0
2013-01-25 00:00:00-05:00,19.965454084538045,20.137077185614135,19.860572896418052,19.95591926574707,2643100,0.0,0.0
2013-01-28 00:00:00-05:00,20.022659119190035,20.098935843091347,19.603136228442548,19.831966400146484,2823800,0.0,0.0
2013-01-29 00:00:00-05:00,19.669876384577957,20.442180191272858,19.65080856923443,19.99405288696289,2852200,0.0,0.0
2013-01-30 00:00:00-05:00,19.955917503585532,20.55659648572952,19.765224781766175,20.222885131835938,5583500,0.0,0.0
2013-01-31 00:00:00-05:00,20.17521289628638,20.547061704051906,20.108470989105957,20.241954803466797,2398400,0.0,0.0
2013-02-01 00:00:00-05:00,20.49938968379926,20.74728949820511,20.35637104972143,20.566131591796875,2585600,0.0,0.0
2013-02-04 00:00:00-05:00,20.442178559978043,20.594731982034723,20.28962513792136,20.318227767944336,2217400,0.0,0.0
2013-02-05 00:00:00-05:00,20.499388019027133,20.94751352103318,20.365904213872234,20.87123680114746,2053300,0.0,0.0
2013-02-06 00:00:00-05:00,20.80449121685096,20.928442001342773,20.642402988455597,20.928442001342773,1767800,0.0,0.0
2013-02-07 00:00:00-05:00,21.00472430992941,21.10006885440782,20.58520140361809,20.756824493408203,1795200,0.0,0.0
2013-02-08 00:00:00-05:00,21.033321452978644,21.195409682275375,20.718679810059122,21.10959815979004,2080200,0.0,0.0
2013-02-11 00:00:00-05:00,21.071462526774255,21.281223033889546,20.96658136392646,20.976116180419922,1946700,0.0,0.0
2013-02-12 00:00:00-05:00,20.899841129372117,21.090533837247985,20.508922714948977,20.671010971069336,2996300,0.0,0.0
2013-02-13 00:00:00-05:00,20.69961358564655,20.747287671862903,20.42311115991345,20.661476135253906,2484000,0.0,0.0
2013-02-14 00:00:00-05:00,20.489853161553707,20.928445663972187,20.423111259107092,20.804494857788086,1831500,0.0,0.0
2013-02-15 00:00:00-05:00,21.033324956683177,21.033324956683177,20.423111200543385,20.72821807861328,2378300,0.0,0.0
2013-02-19 00:00:00-05:00,20.737752779918853,20.804494681800897,20.480318171019178,20.623336791992188,1679300,0.0,0.0
2013-02-20 00:00:00-05:00,20.36590707749377,20.575667632028523,19.412447035567368,19.593603134155273,5043900,0.0,0.0
2013-02-21 00:00:00-05:00,19.59360096228435,19.641275050244612,18.725952565793072,19.269424438476562,4985000,0.0,0.0
2013-02-22 00:00:00-05:00,19.555464118771294,20.346835817722347,19.30756430940848,20.013124465942383,6904700,0.0,0.0
2013-02-25 00:00:00-05:00,20.02265890924483,20.57566560637599,19.412445124432658,19.48872184753418,4949700,0.0,0.0
2013-02-26 00:00:00-05:00,19.80336028930392,20.451713237952944,19.755686208620773,20.165674209594727,5906400,0.0,0.0
2013-02-27 00:00:00-05:00,20.04172932731797,20.699615407792102,19.974987419320357,20.566131591796875,3643500,0.0,0.0
2013-02-28 00:00:00-05:00,20.470783092801724,20.69008024865003,20.261022572621183,20.30869483947754,3010900,0.0,0.0
2013-03-01 00:00:00-05:00,20.04173094071513,20.375442326148193,19.80336592520305,20.175214767456055,3739100,0.0,0.0
2013-03-04 00:00:00-05:00,20.02265965661337,20.56613155631998,20.02265965661337,20.4993896484375,2888100,0.0,0.0
2013-03-05 00:00:00-05:00,20.728219915583193,20.880773368137685,20.58520128113593,20.594736099243164,3228700,0.0,0.0
2013-03-06 00:00:00-05:00,20.823568473431155,21.281228879344177,20.594738270474647,21.10007095336914,4352700,0.0,0.0
2013-03-07 00:00:00-05:00,21.252622494067186,21.48145265668435,21.138206503468364,21.19541358947754,2408900,0.0,0.0
2013-03-08 00:00:00-05:00,21.834230289283926,21.843765106051997,21.28122364679832,21.634004592895508,2994500,0.0,0.0
2013-03-11 00:00:00-04:00,21.757956115190776,22.530258177810854,21.452849217295462,22.482585906982422,4072500,0.0,0.0
2013-03-12 00:00:00-04:00,22.740026305923784,23.216756409534007,22.263296202313562,22.47305679321289,3914200,0.0,0.0
2013-03-13 00:00:00-04:00,22.4635126989467,22.816293630149833,22.129801400474612,22.73048210144043,2064700,0.0,0.0
2013-03-14 00:00:00-04:00,22.78769396066543,24.16067688941234,22.749556505784472,24.027193069458008,7257500,0.0,0.0
2013-03-15 00:00:00-04:00,24.074865134109213,24.265557862603718,23.579065494888006,23.81743049621582,5080600,0.0,0.0
2013-03-18 00:00:00-04:00,23.22628993112617,23.9413850465566,22.883043693773672,23.5981388092041,3371300,0.0,0.0
2013-03-19 00:00:00-04:00,23.79835504171276,23.91277101455454,23.407436680588646,23.683940887451172,3026300,0.0,0.0
2013-03-20 00:00:00-04:00,24.17974082697218,24.17974082697218,23.674406484197174,24.1416015625,2854400,0.0,0.0
2013-03-21 00:00:00-04:00,24.19881279936857,24.78995877021845,24.027191535490097,24.599266052246094,4451900,0.0,0.0
2013-03-22 00:00:00-04:00,24.656473117161788,25.037856706039925,24.46578041343252,24.589731216430664,4223900,0.0,0.0
2013-03-25 00:00:00-04:00,25.04738965736401,25.362031322074113,24.341829615849846,24.71367835998535,3240400,0.0,0.0
2013-03-26 00:00:00-04:00,24.98065008667661,25.304826597893697,24.656473575459522,25.142738342285156,2862800,0.0,0.0
2013-03-27 00:00:00-04:00,25.314365782747203,26.096204618767466,24.952051732682932,25.962718963623047,6791100,0.0,0.0
2013-03-28 00:00:00-04:00,26.286890366315806,27.39290375592022,26.20107882586542,26.69687843322754,10785000,0.0,0.0
2013-04-01 00:00:00-04:00,26.89710412825996,26.906638945922868,26.248752894407072,26.639671325683594,4540900,0.0,0.0
2013-04-02 00:00:00-04:00,26.401301770868862,26.878031660028604,25.791086276109855,25.829225540161133,4882400,0.0,0.0
2013-04-03 00:00:00-04:00,25.257157795136784,25.600404012598386,23.9699862982366,24.418113708496094,12259300,0.0,0.0
2013-04-04 00:00:00-04:00,24.065330656610072,25.257155680126303,23.912777199086445,24.294160842895508,6780700,0.0,0.0
2013-04-05 00:00:00-04:00,23.53139589107089,25.45738575671173,23.14047739004033,25.15227699279785,5310600,0.0,0.0
2013-04-08 00:00:00-04:00,25.42877985490401,25.848302790209008,25.381107579370127,25.819698333740234,3120600,0.0,0.0
2013-04-09 00:00:00-04:00,26.067592908917593,26.849429708874272,25.791088674572716,26.391769409179688,4070300,0.0,0.0
2013-04-10 00:00:00-04:00,26.696877955650802,26.820826945983768,26.029455279327337,26.124801635742188,3137800,0.0,0.0
2013-04-11 00:00:00-04:00,26.124799407063012,26.3536295517891,25.657604300924707,25.74341583251953,2926800,0.0,0.0
2013-04-12 00:00:00-04:00,25.362030150583553,25.762483325224668,24.789953927013364,25.505048751831055,3221200,0.0,0.0
2013-04-15 00:00:00-04:00,24.913907437755963,25.314360685391307,23.989051950432188,24.151140213012695,5105000,0.0,0.0
2013-04-16 00:00:00-04:00,24.74228301678615,25.26668518951376,24.570659958488307,24.99018096923828,4819800,0.0,0.0
2013-04-17 00:00:00-04:00,25.009250706989373,25.19994339891595,24.236948759989282,25.085527420043945,3425500,0.0,0.0
2013-04-18 00:00:00-04:00,25.238080528308767,25.247615344643044,24.494383040037757,24.71367835998535,3131100,0.0,0.0
2013-04-19 00:00:00-04:00,25.066461590242096,25.276222113103962,24.427643385866823,25.171340942382812,3297400,0.0,0.0
2013-04-22 00:00:00-04:00,25.514589327539095,25.65760796107247,25.07599679031208,25.571796417236328,2988600,0.0,0.0
2013-04-23 00:00:00-04:00,25.78156107581732,26.315498203952846,25.600403153946413,26.1820125579834,3247900,0.0,0.0
2013-04-24 00:00:00-04:00,26.2201483339877,26.830362113269288,26.2201483339877,26.582462310791016,3230400,0.0,0.0
2013-04-25 00:00:00-04:00,26.858964487244414,27.307089969396646,26.277353387270804,26.372699737548828,3463200,0.0,0.0
2013-04-26 00:00:00-04:00,26.258285293970804,26.372699458228343,25.457378869846618,26.010385513305664,2949900,0.0,0.0
2013-04-29 00:00:00-04:00,26.30595442301332,27.45010684066039,26.058054671903783,26.72547721862793,3938300,0.0,0.0
2013-04-30 00:00:00-04:00,26.98291602523703,27.27848992095168,26.55386013621924,27.154539108276367,3652200,0.0,0.0
2013-05-01 00:00:00-04:00,27.373832043063974,27.3929016769569,26.51571852226649,26.591995239257812,2950900,0.0,0.0
2013-05-02 00:00:00-04:00,27.04012678126684,27.240352512785964,26.315496946976367,27.078264236450195,2533300,0.0,0.0
2013-05-03 00:00:00-04:00,26.267819253859116,27.936374062108108,26.267819253859116,27.22127914428711,4902100,0.0,0.0
2013-05-06 00:00:00-04:00,27.9077722943253,28.546590513456295,27.79335630375208,28.165206909179688,4067900,0.0,0.0
2013-05-07 00:00:00-04:00,28.59426453699024,28.59426453699024,27.726616102041536,27.926843643188477,2656400,0.0,0.0
2013-05-08 00:00:00-04:00,28.241483475265586,28.241483475265586,27.478714452312037,27.99358367919922,3469700,0.0,0.0
2013-05-09 00:00:00-04:00,27.68847462394309,28.11753046075499,27.402435580821503,27.717077255249023,3453800,0.0,0.0
2013-05-10 00:00:00-04:00,27.650337873193283,28.498916625976562,27.45964516042872,28.498916625976562,3317200,0.0,0.0
2013-05-13 00:00:00-04:00,28.40357208817477,28.956578772895416,28.146137471516756,28.498916625976562,3851300,0.0,0.0
2013-05-14 00:00:00-04:00,28.784950431422008,28.99471092224121,28.498911414581105,28.99471092224121,2723700,0.0,0.0
2013-05-15 00:00:00-04:00,29.1282023190217,29.44284404678027,28.575195590882984,28.870769500732422,3186000,0.0,0.0
2013-05-16 00:00:00-04:00,29.204471340617626,29.50957998820712,28.83262262008501,28.918434143066406,3356700,0.0,0.0
2013-05-17 00:00:00-04:00,29.070993534081673,29.44284233106019,28.842163365281007,29.175874710083008,4148300,0.0,0.0
2013-05-20 00:00:00-04:00,30.043519138933977,30.053053955361232,29.061454869890092,29.109128952026367,6642400,0.0,0.0
2013-05-21 00:00:00-04:00,29.366567337268236,29.50958779244784,28.727749063117564,28.88030433654785,4615100,0.0,0.0
2013-05-22 00:00:00-04:00,28.889833066069595,29.643067229313793,27.86963130558876,28.38450050354004,6365200,0.0,0.0
2013-05-23 00:00:00-04:00,26.98291524907962,28.57519340241559,26.71594763299151,28.52752113342285,6240100,0.0,0.0
2013-05-24 00:00:00-04:00,28.432174392652865,28.489381478387205,27.698009821170352,28.09846305847168,3061100,0.0,0.0
2013-05-28 00:00:00-04:00,28.832628153812475,28.832628153812475,28.21287956111894,28.68960952758789,4533100,0.0,0.0
2013-05-29 00:00:00-04:00,28.508451555839564,28.689609451821887,28.079395678298894,28.603797912597656,2860600,0.0,0.0
2013-05-30 00:00:00-04:00,28.260555352673933,28.7658898348039,28.0984670711289,28.308229446411133,3558300,0.0,0.0
2013-05-31 00:00:00-04:00,27.964977302593034,28.556123209236453,27.936372852429848,27.984046936035156,9697500,0.0,0.0
2013-06-03 00:00:00-04:00,28.127069275959627,28.18427636528444,27.1831441184876,27.879169464111328,4323000,0.0,0.0
2013-06-04 00:00:00-04:00,27.678941569789203,28.16520633733684,27.049658180864128,27.5073184967041,4326200,0.0,0.0
2013-06-05 00:00:00-04:00,26.99244828045667,27.230813246808307,25.657604832603585,26.325027465820312,7500900,0.0,0.0
2013-06-06 00:00:00-04:00,25.90550675241437,26.70641325089764,25.571795408282924,26.69687843322754,5676800,0.0,0.0
2013-06-07 00:00:00-04:00,26.839903020835234,27.373840198856335,26.658745082038802,27.030595779418945,3956700,0.0,0.0
2013-06-10 00:00:00-04:00,27.183139687782273,27.183139687782273,26.553856352037382,27.04012107849121,3268400,0.0,0.0
2013-06-11 00:00:00-04:00,26.6015280711347,26.887567102442535,26.220144514637838,26.46804428100586,2892200,0.0,0.0
2013-06-12 00:00:00-04:00,26.69687791818951,26.71594755316182,25.876901800185077,26.105731964111328,2726600,0.0,0.0
2013-06-13 00:00:00-04:00,25.962713620267003,26.439443588256836,25.40970693014202,26.439443588256836,4341300,0.0,0.0
2013-06-14 00:00:00-04:00,26.220150010619836,26.506187283303436,26.019924283457442,26.27735710144043,3277300,0.0,0.0
2013-06-17 00:00:00-04:00,25.419239811351336,26.696876173723084,25.266686378702204,26.296422958374023,4291600,0.0,0.0
2013-06-18 00:00:00-04:00,26.077127928119992,26.792222833908035,26.04852347719953,26.63013458251953,3279900,0.0,0.0
2013-06-19 00:00:00-04:00,26.506187423655376,26.696880152174593,26.12480378519758,26.401308059692383,2526600,0.0,0.0
2013-06-20 00:00:00-04:00,25.819692086676216,25.819692086676216,24.69460919791478,25.2094783782959,5595700,0.0,0.0
2013-06-21 00:00:00-04:00,25.362033489750733,25.495517292678862,24.084397089043005,24.999717712402344,11021500,0.0,0.0
2013-06-24 00:00:00-04:00,24.151140345595454,24.95204684526289,23.855568271707398,24.36090087890625,5383600,0.0,0.0
2013-06-25 00:00:00-04:00,24.561125563958903,25.50505058223051,24.40857213586937,25.46691131591797,4032100,0.0,0.0
2013-06-26 00:00:00-04:00,25.705279414525393,27.13546934149743,25.705279414525393,26.944778442382812,4857200,0.0,0.0
2013-06-27 00:00:00-04:00,27.173606079562774,27.335694328920923,26.229681033976025,26.239215850830078,3767100,0.0,0.0
2013-06-28 00:00:00-04:00,25.876898404500533,26.792220758673256,25.772019063076552,26.46804428100586,3940300,0.0,0.0
2013-07-01 00:00:00-04:00,26.50618815248038,27.6312712808021,26.315497237298487,27.488252639770508,5728000,0.0,0.0
2013-07-02 00:00:00-04:00,27.650340835482538,27.659875654000317,27.011522543436783,27.345233917236328,2863900,0.0,0.0
2013-07-03 00:00:00-04:00,27.030586030875106,27.2117439043372,26.715944365693716,26.839893341064453,1352200,0.0,0.0
2013-07-05 00:00:00-04:00,26.96384552862389,28.441707586007837,26.935241078099807,28.38450050354004,3263300,0.0,0.0
2013-07-08 00:00:00-04:00,28.556121512777885,28.584724142661507,28.022182719600664,28.231945037841797,2360200,0.0,0.0
2013-07-09 00:00:00-04:00,28.460778956586303,28.52752085996857,28.098463168824768,28.155672073364258,1938400,0.0,0.0
2013-07-10 00:00:00-04:00,28.098463113704337,28.317760276847906,27.726614327829477,28.12706756591797,2278600,0.0,0.0
2013-07-11 00:00:00-04:00,28.508451053471877,28.508451053471877,27.659872312297313,28.022186279296875,2615400,0.0,0.0
2013-07-12 00:00:00-04:00,27.888704891900034,28.74681852485776,27.67894434740212,28.73728370666504,3051600,0.0,0.0
2013-07-15 00:00:00-04:00,28.794488617748744,28.794488617748744,28.231947152550834,28.470312118530273,2186800,0.0,0.0
2013-07-16 00:00:00-04:00,28.537052144063587,28.5751895904541,28.079391875895933,28.5751895904541,5838900,0.0,0.0
2013-07-17 00:00:00-04:00,28.60379798813704,29.032855685391294,28.4226400916763,28.68960952758789,2401700,0.0,0.0
2013-07-18 00:00:00-04:00,28.851699724084035,29.137736995718416,28.66100699727403,28.74681854248047,1840800,0.0,0.0
2013-07-19 00:00:00-04:00,28.718213941108406,28.92797447137976,28.37496778377301,28.622867584228516,3337700,0.0,0.0
2013-07-22 00:00:00-04:00,28.50845352578169,28.889837160587277,28.460781253398725,28.73728370666504,2987800,0.0,0.0
2013-07-23 00:00:00-04:00,29.09006257779121,29.09006257779121,28.394037267856557,28.451244354248047,2166600,0.0,0.0
2013-07-24 00:00:00-04:00,28.470310846007298,28.58472500615851,27.106863010573363,27.145000457763672,2811300,0.0,0.0
2013-07-25 00:00:00-04:00,26.792229128358734,27.650342853189844,26.75408985150451,27.49778938293457,3823300,0.0,0.0
2013-07-26 00:00:00-04:00,27.411974061513114,27.783822866836555,27.07826270922206,27.516855239868164,3817100,0.0,0.0
2013-07-29 00:00:00-04:00,27.602662652433725,27.79335352622511,27.183139820364207,27.19267463684082,1263100,0.0,0.0
2013-07-30 00:00:00-04:00,27.26895074875049,27.574057594952862,26.4775791844455,26.553855895996094,2137300,0.0,0.0
2013-07-31 00:00:00-04:00,26.55386020783826,27.593131708085675,26.55386020783826,27.2403507232666,2023000,0.0,0.0
2013-08-01 00:00:00-04:00,27.58359928791658,27.9840525780368,27.278492365649882,27.841033935546875,1842300,0.0,0.0
2013-08-02 00:00:00-04:00,26.239215291924452,27.93637264702752,26.239215291924452,27.793354034423828,2423400,0.0,0.0
2013-08-05 00:00:00-04:00,27.650337223186582,27.984048553389407,27.41197224712463,27.698009490966797,1456700,0.0,0.0
2013-08-06 00:00:00-04:00,27.68848019207929,27.72661764768339,27.25942245040382,27.488252639770508,1398200,0.0,0.0
2013-08-07 00:00:00-04:00,27.17360282155265,27.364295498609636,26.65873368464686,26.935237884521484,2440400,0.0,0.0
2013-08-08 00:00:00-04:00,27.0210518628163,27.974511697584468,26.84942880158518,27.554988861083984,2301600,0.0,0.0
2013-08-09 00:00:00-04:00,27.53592658366628,27.53592658366628,26.925712708352485,27.097335815429688,1736900,0.0,0.0
2013-08-12 00:00:00-04:00,26.96384607519949,27.05919060838507,26.792223005736815,26.89710235595703,1138600,0.0,0.0
2013-08-13 00:00:00-04:00,26.839896947073065,26.87803621759141,26.27735543699104,26.54432487487793,1685800,0.0,0.0
2013-08-14 00:00:00-04:00,26.45851310861164,26.658738821379792,26.220148125651175,26.286890029907227,1928700,0.0,0.0
2013-08-15 00:00:00-04:00,25.819690684528464,26.220143863551364,25.47644458291449,25.810155868530273,2141300,0.0,0.0
2013-08-16 00:00:00-04:00,25.81015783315331,26.153403960894565,25.657604402730605,25.838762283325195,1716700,0.0,0.0
2013-08-19 00:00:00-04:00,26.07712936682501,26.229682809656573,25.886436653995307,26.124801635742188,2367500,0.0,0.0
2013-08-20 00:00:00-04:00,26.2106133081031,26.630136187316054,25.934110873530816,26.286890029907227,5119600,0.0,0.0
2013-08-21 00:00:00-04:00,26.229681058912572,26.563392374800184,25.94364200876018,26.296422958374023,1508600,0.0,0.0
2013-08-22 00:00:00-04:00,26.31549163372085,27.392900439889917,26.31549163372085,27.335693359375,1739900,0.0,0.0
2013-08-23 00:00:00-04:00,27.431039913685883,27.650335239470685,27.183140138136853,27.526386260986328,1284100,0.0,0.0
2013-08-26 00:00:00-04:00,27.51685901048812,27.93638014423393,27.24988952835648,27.440582275390625,1648800,0.0,0.0
2013-08-27 00:00:00-04:00,26.96384798374957,27.12593624765051,26.754085631300985,26.801759719848633,1640800,0.0,0.0
2013-08-28 00:00:00-04:00,26.7445547821509,27.659877413702397,26.706417324234188,27.097335815429688,1362300,0.0,0.0
2013-08-29 00:00:00-04:00,26.76361698829469,27.478711856818048,26.76361698829469,27.19267463684082,1261400,0.0,0.0
2013-08-30 00:00:00-04:00,27.02105494131666,27.4119733726224,26.525255334291643,26.68734359741211,2107800,0.0,0.0
2013-09-03 00:00:00-04:00,26.973381242599377,27.297555933085857,26.858965255277944,27.211746215820312,2230500,0.0,0.0
2013-09-04 00:00:00-04:00,27.316629543100323,27.6408060993483,27.040127079583336,27.488252639770508,2576200,0.0,0.0
2013-09-05 00:00:00-04:00,27.593130966003635,29.051923499379072,27.554991695770827,28.641937255859375,6361600,0.0,0.0
2013-09-06 00:00:00-04:00,28.98518171039033,29.128200337171464,28.42264020228143,28.794490814208984,2969800,0.0,0.0
2013-09-09 00:00:00-04:00,28.794487842663155,29.91956892419385,28.775418209438822,29.78608512878418,4841800,0.0,0.0
2013-09-10 00:00:00-04:00,30.033984593445705,30.291419183563082,29.33795935519973,29.414236068725586,3350200,0.0,0.0
2013-09-11 00:00:00-04:00,29.137734547358978,30.510717336713622,28.79449021395567,30.482112884521484,4748800,0.0,0.0
2013-09-12 00:00:00-04:00,30.482117378849384,32.25555548605039,30.42491028461088,31.559526443481445,10294000,0.0,0.0
2013-09-13 00:00:00-04:00,31.464170277171416,31.68346557294703,31.130460835156377,31.216272354125977,3314700,0.0,0.0
2013-09-16 00:00:00-04:00,31.387902695519188,31.607201704894123,30.463048932211905,30.51072120666504,3779100,0.0,0.0
2013-09-17 00:00:00-04:00,30.510713876448232,30.873029622136002,30.510713876448232,30.78721809387207,2208000,0.0,0.0
2013-09-18 00:00:00-04:00,30.691875564302695,30.89210492511162,29.89097085113118,30.65373992919922,4029700,0.0,0.0
2013-09-19 00:00:00-04:00,30.83489776497231,31.178143960493117,30.463048932211905,30.51072120666504,2773200,0.0,0.0
2013-09-20 00:00:00-04:00,30.510716427878826,30.71094213151818,29.32842638452817,29.38563346862793,7345000,0.0,0.0
2013-09-23 00:00:00-04:00,29.88143170812206,30.081657402789762,29.461908866834065,30.033985137939453,3520600,0.0,0.0
2013-09-24 00:00:00-04:00,30.17700745659584,30.377234994430417,29.871900559496066,29.919572830200195,3677100,0.0,0.0
2013-09-25 00:00:00-04:00,29.910048332732426,31.702552771995922,29.910048332732426,31.52139663696289,4940500,0.0,0.0
2013-09-26 00:00:00-04:00,31.645330452337138,31.902765042929072,31.406965494806897,31.569055557250977,2138000,0.0,0.0
2013-09-27 00:00:00-04:00,31.58812752843663,32.255550186355435,31.23534474642358,32.01718521118164,2557800,0.0,0.0
2013-09-30 00:00:00-04:00,31.006516721663694,32.94203917582155,30.987447086997,32.55112075805664,4874800,0.0,0.0
2013-10-01 00:00:00-04:00,32.94203940282566,33.07552320925143,31.683472603438464,32.71321105957031,3486300,0.0,0.0
2013-10-02 00:00:00-04:00,32.41763732771234,32.970645827963516,32.17927234736152,32.88483428955078,2443300,0.0,0.0
2013-10-03 00:00:00-04:00,32.436710722910654,33.09459683556817,32.05532525527184,32.93251037597656,2933200,0.0,0.0
2013-10-04 00:00:00-04:00,32.875298186626424,34.08619274290358,32.846695552412015,33.62853240966797,5905100,0.0,0.0
2013-10-07 00:00:00-04:00,32.61786717310883,33.71434767658291,32.61786717310883,33.475982666015625,3619600,0.0,0.0
2013-10-08 00:00:00-04:00,32.922973669721216,34.21014689242862,32.865768395708464,32.894371032714844,3437700,0.0,0.0
2013-10-09 00:00:00-04:00,32.89437132577744,33.64760562905456,32.512985855541544,33.35203170776367,3389400,0.0,0.0
2013-10-10 00:00:00-04:00,33.98130446039262,34.62965737282419,32.91343057286542,34.28641128540039,4130600,0.0,0.0
2013-10-11 00:00:00-04:00,34.41990330874392,35.41150254604355,34.27688649617796,34.9729118347168,3532000,0.0,0.0
2013-10-14 00:00:00-04:00,34.6201250624896,35.45916702932322,34.49617427575905,34.90616226196289,2363000,0.0,0.0
2013-10-15 00:00:00-04:00,34.86803073026619,36.31729031773136,34.73454691672459,35.15406799316406,4222800,0.0,0.0
2013-10-16 00:00:00-04:00,35.87870050039781,36.54612322191443,35.688007774655745,36.3935661315918,9797400,0.0,0.0
2013-10-17 00:00:00-04:00,36.99424023625469,37.42329788208008,36.39355953209915,37.42329788208008,5626000,0.0,0.0
2013-10-18 00:00:00-04:00,37.9667694334463,38.11932285792239,37.02284625611319,37.21353530883789,3535500,0.0,0.0
2013-10-21 00:00:00-04:00,37.1849366341304,37.737945129911125,36.99424392395909,37.24214553833008,2463200,0.0,0.0
2013-10-22 00:00:00-04:00,37.54724816568785,37.67119532166937,36.5461160971665,36.784481048583984,3191000,0.0,0.0
2013-10-23 00:00:00-04:00,36.27915229800744,36.80355457094291,35.087327297171704,36.77495193481445,3305900,0.0,0.0
2013-10-24 00:00:00-04:00,36.660530700296384,37.44236745946005,36.422165745986476,37.30888366699219,3168900,0.0,0.0
2013-10-25 00:00:00-04:00,37.566325796467325,37.852363071636105,36.813091516699224,37.184940338134766,8955300,0.0,0.0
2013-10-28 00:00:00-04:00,36.89889923727994,37.36609255627927,36.879829602624326,37.118194580078125,1421300,0.0,0.0
2013-10-29 00:00:00-04:00,36.99424824354169,38.11933136404422,36.94657596972271,38.02398681640625,2843000,0.0,0.0
2013-10-30 00:00:00-04:00,38.10025782855039,38.94883658204776,37.6616671348355,37.93817138671875,3848100,0.0,0.0
2013-10-31 00:00:00-04:00,38.17652862230166,38.21466788458014,37.413761562533246,37.947696685791016,2459600,0.0,0.0
2013-11-01 00:00:00-04:00,37.48050673339435,38.19560159648294,37.118190984357845,37.3565559387207,2259700,0.0,0.0
2013-11-04 00:00:00-05:00,37.74747453020183,37.80468342894773,37.28981425171633,37.54724884033203,2467600,0.0,0.0
2013-11-05 00:00:00-05:00,37.928630705016104,38.0239788698889,37.38515889530325,37.82374954223633,2165200,0.0,0.0
2013-11-06 00:00:00-05:00,38.13838045930609,38.13838045930609,36.870277563197654,36.97515869140625,2971900,0.0,0.0
2013-11-07 00:00:00-05:00,36.95609924373548,37.11818929665575,34.18153144659314,35.60218811035156,5054600,0.0,0.0
2013-11-08 00:00:00-05:00,35.27802005844721,37.022853607175385,35.17313887632765,36.79402160644531,5990000,0.0,0.0
2013-11-11 00:00:00-05:00,37.08959976248392,37.90003940174461,36.80355881953386,37.537723541259766,1694500,0.0,0.0
2013-11-12 00:00:00-05:00,37.1849327257135,37.757007158937185,36.99424003558543,37.280277252197266,1824700,0.0,0.0
2013-11-13 00:00:00-05:00,36.95610470125104,37.5281828324888,36.87982979938256,37.404232025146484,1609600,0.0,0.0
2013-11-14 00:00:00-05:00,37.66166419505875,39.33021893787781,37.423299231798886,38.98697280883789,4019300,0.0,0.0
2013-11-15 00:00:00-05:00,39.03464969358805,40.522048549732716,39.03464969358805,39.97857666015625,5280400,0.0,0.0
2013-11-18 00:00:00-05:00,40.1788013962418,40.62692873312214,38.37676268680706,38.67233657836914,5807100,0.0,0.0
2013-11-19 00:00:00-05:00,38.376761691479814,39.08232363100318,37.37562950522123,37.50911331176758,2992700,0.0,0.0
2013-11-20 00:00:00-05:00,37.84282643473909,38.37676534897242,37.07052615549951,37.184940338134766,3807000,0.0,0.0
2013-11-21 00:00:00-05:00,37.4423714052254,37.72840865310846,37.204006425796024,37.46144104003906,3067600,0.0,0.0
2013-11-22 00:00:00-05:00,37.728409119555245,38.23374171830159,37.19447024965427,38.119327545166016,2680900,0.0,0.0
2013-11-25 00:00:00-05:00,38.186061143760895,38.61511874615016,36.946564232427626,37.518638610839844,2591700,0.0,0.0
2013-11-26 00:00:00-05:00,37.51864717779739,38.939304088508244,37.251679558534015,38.61512756347656,2828700,0.0,0.0
2013-11-27 00:00:00-05:00,38.76767687959683,38.901160675012456,38.233738060773675,38.29094696044922,1803000,0.0,0.0
2013-11-29 00:00:00-05:00,38.29095421969214,38.605597771817145,37.73794929996514,37.74748229980469,654100,0.0,0.0
2013-12-02 00:00:00-05:00,37.623536246512295,39.79742783869521,37.24215437285973,39.41604232788086,3348700,0.0,0.0
2013-12-03 00:00:00-05:00,39.22534198137599,40.30275274933271,39.05371889843913,39.463706970214844,2991400,0.0,0.0
2013-12-04 00:00:00-05:00,39.54951108509131,40.293208546725765,39.33974877041066,39.65439224243164,1801400,0.0,0.0
2013-12-05 00:00:00-05:00,40.28367798187971,42.762672095131144,40.07391565453238,42.247806549072266,6498000,0.0,0.0
2013-12-06 00:00:00-05:00,42.86755759347456,42.90569686360529,42.37175799325802,42.81035232543945,2554800,0.0,0.0
2013-12-09 00:00:00-05:00,43.32522544277587,44.23101326119733,42.52431881683585,42.69594192504883,3865500,0.0,0.0
2013-12-10 00:00:00-05:00,42.61965479306197,42.848483113651405,41.62805570474623,41.780609130859375,6931500,0.0,0.0
2013-12-11 00:00:00-05:00,41.713874103223034,41.79968564686468,40.483909856746465,40.80808639526367,3126000,0.0,0.0
2013-12-12 00:00:00-05:00,41.06551698915863,41.11318925601499,40.36949170900554,40.61738967895508,1666700,0.0,0.0
2013-12-13 00:00:00-05:00,40.52205175536653,40.674605216488516,38.86302968314874,39.02511978149414,5387900,0.0,0.0
2013-12-16 00:00:00-05:00,39.05371454110119,39.396960668677934,38.48164008658041,38.81534957885742,3993600,0.0,0.0
2013-12-17 00:00:00-05:00,38.61512822452028,39.75928089934568,38.538849682190076,39.38743209838867,4091500,0.0,0.0
2013-12-18 00:00:00-05:00,39.3874281256434,39.63532608889058,36.631926075051794,39.26347732543945,2501300,0.0,0.0
2013-12-19 00:00:00-05:00,39.1871990350367,39.606723703830674,38.834419903046005,39.520912170410156,2015000,0.0,0.0
2013-12-20 00:00:00-05:00,39.568578355245094,41.09411245142662,39.568578355245094,41.03690719604492,5962900,0.0,0.0
2013-12-23 00:00:00-05:00,41.69480121153895,42.22874006774695,41.18946862575198,41.5422477722168,3756200,0.0,0.0
2013-12-24 00:00:00-05:00,41.90456789193634,42.2287444386954,41.33248970739378,42.09526062011719,1271800,0.0,0.0
2013-12-26 00:00:00-05:00,42.42896689845412,42.81035232543945,41.95223693330295,42.81035232543945,2034700,0.0,0.0
2013-12-27 00:00:00-05:00,42.858031458633484,43.33476150013739,41.54225552567746,41.7138786315918,10132200,0.0,0.0
2013-12-30 00:00:00-05:00,41.71387041233958,42.24780926299543,40.674598981151426,41.094120025634766,9254200,0.0,0.0
2013-12-31 00:00:00-05:00,40.83669288070895,41.17993541990293,40.43623779590752,41.11319351196289,2299500,0.0,0.0
2014-01-02 00:00:00-05:00,40.684124826397195,41.71386307792927,40.07391118274569,41.408756256103516,3647200,0.0,0.0
2014-01-03 00:00:00-05:00,40.9987827369642,41.284820028626996,40.092994949064085,40.38856887817383,4208700,0.0,0.0
2014-01-06 00:00:00-05:00,40.41716456405453,41.45643600015527,40.32182002895427,41.284812927246094,3595300,0.0,0.0
2014-01-07 00:00:00-05:00,42.90570078293688,43.76381625346015,42.81988923588456,43.105926513671875,6739400,0.0,0.0
2014-01-08 00:00:00-05:00,43.45871007367214,44.526584292809176,43.30615297663403,44.09752655029297,6118600,0.0,0.0
2014-01-09 00:00:00-05:00,44.61238816106459,44.62192115940762,43.63032202233704,44.1165885925293,2797700,0.0,0.0
2014-01-10 00:00:00-05:00,43.55404337739124,44.44076127060508,43.38242032469434,44.21192932128906,2148600,0.0,0.0
2014-01-13 00:00:00-05:00,44.27867010932135,44.545641316380994,42.743602945240056,42.96289825439453,3496100,0.0,0.0
2014-01-14 00:00:00-05:00,43.10591982161189,44.21193312460269,43.10591982161189,44.1165885925293,2258200,0.0,0.0
2014-01-15 00:00:00-05:00,43.87822337533356,44.23100250658921,43.592186143581394,43.81148147583008,2570600,0.0,0.0
2014-01-16 00:00:00-05:00,44.231006731936375,44.71727334581233,43.658932213782286,44.33588790893555,2614300,0.0,0.0
2014-01-17 00:00:00-05:00,43.62080393685393,44.18334559759164,43.430111170353314,43.79242706298828,3745900,0.0,0.0
2014-01-21 00:00:00-05:00,44.1451984620241,44.61239547496329,43.029651977804015,43.458709716796875,2519700,0.0,0.0
2014-01-22 00:00:00-05:00,43.61125942612679,43.81148514138945,43.30614889794808,43.639862060546875,2176300,0.0,0.0
2014-01-23 00:00:00-05:00,43.62079177405773,43.66846404309991,42.26688042002261,42.791282653808594,4201400,0.0,0.0
2014-01-24 00:00:00-05:00,42.276408675017244,42.390822835311965,40.359956032148304,41.780609130859375,5715300,0.0,0.0
2014-01-27 00:00:00-05:00,41.82828452976598,42.16199767494965,40.112057448064164,40.93203353881836,3361700,0.0,0.0
2014-01-28 00:00:00-05:00,40.93203491543666,42.71500395870751,40.93203491543666,42.57198715209961,2080700,0.0,0.0
2014-01-29 00:00:00-05:00,41.99991201770203,42.505248287905175,41.370628567007124,41.6280632019043,5416700,0.0,0.0
2014-01-30 00:00:00-05:00,42.047584431574776,42.09526034117502,41.33248943350608,41.75201416015625,2739500,0.0,0.0
2014-01-31 00:00:00-05:00,40.58879179734125,42.43850288287346,40.474377616061226,41.8950309753418,2888300,0.0,0.0
2014-02-03 00:00:00-05:00,42.19059258360471,42.371748620913706,40.52203807464859,41.03690719604492,3348400,0.0,0.0
2014-02-04 00:00:00-05:00,40.87482837386292,41.88549726326904,40.56018847140441,40.75088119506836,2497400,0.0,0.0
2014-02-05 00:00:00-05:00,40.42669982696374,40.884360126792366,39.01557602270787,39.68299865722656,4288700,0.0,0.0
2014-02-06 00:00:00-05:00,39.46370666822772,40.207404263822426,38.548385991009475,38.97744369506836,5176100,0.0,0.0
2014-02-07 00:00:00-05:00,38.863030287455665,40.197875820900464,38.863030287455665,39.91183853149414,3483700,0.0,0.0
2014-02-10 00:00:00-05:00,41.04643939424917,41.04643939424917,40.23600010338897,40.3790168762207,2524500,0.0,0.0
2014-02-11 00:00:00-05:00,40.43623182313883,43.04871339505362,40.10252233273032,42.77220916748047,5376100,0.0,0.0
2014-02-12 00:00:00-05:00,43.20126762659141,43.99263742017816,43.048714194263795,43.706600189208984,3562300,0.0,0.0
2014-02-13 00:00:00-05:00,43.268010404773385,45.16539353056521,43.01057580052389,44.69820022583008,2792800,0.0,0.0
2014-02-14 00:00:00-05:00,44.335880707832104,44.97469702810792,44.2023969177542,44.71726608276367,1913800,0.0,0.0
2014-02-18 00:00:00-05:00,45.48004178943258,46.14746450309962,45.031914434783346,45.966304779052734,3952600,0.0,0.0
2014-02-19 00:00:00-05:00,46.185591981751514,46.338145406177986,45.06050911267106,45.42282485961914,2867400,0.0,0.0
2014-02-20 00:00:00-05:00,45.4228219079403,46.33814239501953,45.4228219079403,46.33814239501953,2383000,0.0,0.0
2014-02-21 00:00:00-05:00,46.34768657444196,46.68139608640281,45.41329630379066,46.1569938659668,2085100,0.0,0.0
2014-02-24 00:00:00-05:00,46.462105690707396,48.33088643094787,46.462105690707396,47.67300033569336,4414900,0.0,0.0
2014-02-25 00:00:00-05:00,46.85301663709267,47.98763619097758,46.652790940699106,47.5776481628418,2119700,0.0,0.0
2014-02-26 00:00:00-05:00,47.758811604593916,47.768344604254764,46.71954005782124,47.282081604003906,1732300,0.0,0.0
2014-02-27 00:00:00-05:00,47.18673702365922,47.64439738742593,46.814884568260084,47.26301193237305,1584000,0.0,0.0
2014-02-28 00:00:00-05:00,47.243934579223065,47.8160126683609,46.328614001195334,47.129520416259766,1912800,0.0,0.0
2014-03-03 00:00:00-05:00,46.50976982803756,47.09138091234236,46.195129972183224,46.967430114746094,1909600,0.0,0.0
2014-03-04 00:00:00-05:00,48.35948963511111,49.274810310543614,47.54904649854522,48.788543701171875,3412800,0.0,0.0
2014-03-05 00:00:00-05:00,49.23666826201288,52.76447059135533,48.46436807694519,49.87548828125,5029300,0.0,0.0
2014-03-06 00:00:00-05:00,50.7145309368134,50.95289591258982,49.43689452116535,50.61918640136719,5402100,0.0,0.0
2014-03-07 00:00:00-05:00,50.81941893919899,50.924300124584384,49.12226124743202,49.379695892333984,3181200,0.0,0.0
2014-03-10 00:00:00-04:00,49.57991723732967,50.05664721076553,48.49297347984167,48.75994110107422,2170500,0.0,0.0
2014-03-11 00:00:00-04:00,48.75994423174519,48.817153141608614,47.68253340419903,47.758811950683594,2170800,0.0,0.0
2014-03-12 00:00:00-04:00,47.672988205621316,47.75879972987784,46.30000745467715,47.00556564331055,3284400,0.0,0.0
2014-03-13 00:00:00-04:00,48.14019005470489,48.445296919711296,46.481168293716884,48.149723052978516,3342700,0.0,0.0
2014-03-14 00:00:00-04:00,48.302277344929486,49.246204225886466,48.14972390971188,49.169925689697266,2611700,0.0,0.0
2014-03-17 00:00:00-04:00,49.47503263570739,49.67525833776871,48.38808895347651,49.208065032958984,2405900,0.0,0.0
2014-03-18 00:00:00-04:00,49.33202010013595,49.865955351786155,49.14132738004898,49.81828308105469,2820700,0.0,0.0
2014-03-19 00:00:00-04:00,50.295006915327384,52.0017009139035,49.91362152176869,51.64891815185547,4243900,0.0,0.0
2014-03-20 00:00:00-04:00,51.486835243879824,51.582179780207824,50.18059618294941,51.18172836303711,1874500,0.0,0.0
2014-03-21 00:00:00-04:00,50.399888097791454,51.9063527648303,50.18059276942583,51.52497100830078,5025400,0.0,0.0
2014-03-24 00:00:00-04:00,51.86821719404791,52.10658215608459,50.49523268493374,51.68705749511719,2612000,0.0,0.0
2014-03-25 00:00:00-04:00,52.211463692286046,52.6691276552314,51.420093848896656,51.85868453979492,3685500,0.0,0.0
2014-03-26 00:00:00-04:00,52.71679616225442,53.4223544168915,51.77286930712993,51.915889739990234,6948200,0.0,0.0
2014-03-27 00:00:00-04:00,51.915889483871155,52.00170101573186,51.00056890213074,51.610782623291016,3300800,0.0,0.0
2014-03-28 00:00:00-04:00,51.78240998311121,52.59284946679723,51.67752880911775,52.31634521484375,2177900,0.0,0.0
2014-03-31 00:00:00-04:00,52.87889088685254,53.679797434758896,52.36402161237818,52.774009704589844,2684200,0.0,0.0
2014-04-01 00:00:00-04:00,53.241204582988175,54.91929252078204,52.16379380429694,54.909759521484375,4642000,0.0,0.0
2014-04-02 00:00:00-04:00,55.77740017028883,56.492495044266896,54.39488268649912,54.986026763916016,6076700,0.0,0.0
2014-04-03 00:00:00-04:00,54.452097945196755,54.91929128061548,53.20306411006395,53.27934265136719,3283600,0.0,0.0
2014-04-04 00:00:00-04:00,53.393755911301604,54.32814620329007,52.03984456081658,52.249603271484375,4938200,0.0,0.0
2014-04-07 00:00:00-04:00,52.90748925856049,53.07910868725959,48.54064135171053,52.468894958496094,8879200,0.0,0.0
2014-04-08 00:00:00-04:00,53.39375385485197,54.375816377933674,51.70612941262325,54.34721374511719,5400200,0.0,0.0
2014-04-09 00:00:00-04:00,55.205323449872964,56.58783723950146,54.34720818161486,56.51156234741211,4840700,0.0,0.0
2014-04-10 00:00:00-04:00,56.44483004169425,56.62598612369649,53.63212244809526,54.2232666015625,6222200,0.0,0.0
2014-04-11 00:00:00-04:00,53.06004733895612,55.13859030786826,52.01123921824978,53.34608459472656,6469800,0.0,0.0
2014-04-14 00:00:00-04:00,53.47002655287441,53.63211297068212,50.77173361224575,52.16378402709961,6768300,0.0,0.0
2014-04-15 00:00:00-04:00,51.40102031276077,53.08864468190596,51.12451608363943,51.75379943847656,4397200,0.0,0.0
2014-04-16 00:00:00-04:00,52.44028464890176,53.09817054693759,51.610775710133076,52.2781982421875,3182200,0.0,0.0
2014-04-17 00:00:00-04:00,51.96356260161255,52.94562509789838,51.96356260161255,52.70726013183594,3004200,0.0,0.0
2014-04-21 00:00:00-04:00,52.9170276214914,54.56651291089117,52.449830642139965,54.25187301635742,3427500,0.0,0.0
2014-04-22 00:00:00-04:00,54.1088531475085,55.300678106704716,53.92769706308868,55.03371047973633,2632300,0.0,0.0
2014-04-23 00:00:00-04:00,55.22439941856273,55.30067796158847,54.251873455112445,54.909759521484375,2002800,0.0,0.0
2014-04-24 00:00:00-04:00,55.33881350925688,55.38648577685945,54.15652163204428,55.06230926513672,1378400,0.0,0.0
2014-04-25 00:00:00-04:00,54.881151932881934,54.91928756379158,53.15538824288309,53.56537628173828,3570100,0.0,0.0
2014-04-28 00:00:00-04:00,53.39375264513721,54.10884754663459,51.23893494230919,52.96469497680664,3466400,0.0,0.0
2014-04-29 00:00:00-04:00,52.058911488018005,53.670261121176004,52.058911488018005,53.34608459472656,1539300,0.0,0.0
2014-04-30 00:00:00-04:00,53.136322613049494,54.00397102265103,52.34495274533696,53.82281494140625,1585600,0.0,0.0
2014-05-01 00:00:00-04:00,54.04211088338632,54.852550395415875,53.37468818321788,54.65232467651367,1846300,0.0,0.0
2014-05-02 00:00:00-04:00,54.2327994973523,54.7285990760242,53.498634946462815,54.26140213012695,1973700,0.0,0.0
2014-05-05 00:00:00-04:00,53.86095494361792,55.54857587847256,53.498639139048144,54.82394790649414,1500800,0.0,0.0
2014-05-06 00:00:00-04:00,54.42349557691149,54.87161927919567,53.279342911895384,53.603519439697266,1511100,0.0,0.0
2014-05-07 00:00:00-04:00,54.00397087555713,54.166060958049236,52.44029714270232,53.6988639831543,2035000,0.0,0.0
2014-05-08 00:00:00-04:00,53.25072054495475,54.02302417877017,52.678646203938854,52.812129974365234,1388600,0.0,0.0
2014-05-09 00:00:00-04:00,52.55471065279415,52.93609608205042,52.097050319983225,52.87888717651367,1521100,0.0,0.0
2014-05-12 00:00:00-04:00,52.69774324513285,54.29955659777707,52.64053432640918,54.06119155883789,1399200,0.0,0.0
2014-05-13 00:00:00-04:00,54.25186598581285,55.39601487638556,54.11837855389612,54.90021896362305,1931900,0.0,0.0
2014-05-14 00:00:00-04:00,54.82394522293652,56.48296707872924,54.61418287732248,56.282737731933594,2766800,0.0,0.0
2014-05-15 00:00:00-04:00,55.5581082040011,55.5581082040011,54.32814407348633,54.32814407348633,2501500,0.0,0.0
2014-05-16 00:00:00-04:00,54.232800243082195,55.10044860839844,53.50816868076657,55.10044860839844,1455100,0.0,0.0
2014-05-19 00:00:00-04:00,55.18626378236255,55.72019903488034,54.23280381753951,54.814414978027344,2237100,0.0,0.0
2014-05-20 00:00:00-04:00,54.96697218523816,54.96697218523816,54.347221710863764,54.728607177734375,1319300,0.0,0.0
2014-05-21 00:00:00-04:00,55.386486636861584,56.10158157348633,54.82394514123035,56.10158157348633,2579000,0.0,0.0
2014-05-22 00:00:00-04:00,56.101581800577996,56.44482795349304,55.68206074543792,56.311344146728516,1792700,0.0,0.0
2014-05-23 00:00:00-04:00,55.68206387629908,56.244605405837696,55.157657981436785,55.44369888305664,1557900,0.0,0.0
2014-05-27 00:00:00-04:00,55.44369473001126,56.254134191464615,55.06230931452681,55.224395751953125,1900200,0.0,0.0
2014-05-28 00:00:00-04:00,55.129047926066605,55.720192011337936,54.089776549923435,55.61531448364258,1929200,0.0,0.0
2014-05-29 00:00:00-04:00,55.40554830858563,59.791461834663544,55.31020014844282,59.61030578613281,10576500,0.0,0.0
2014-05-30 00:00:00-04:00,61.16445465993814,65.15944673489983,59.69612552613388,64.94015502929688,10341500,0.0,0.0
2014-06-02 00:00:00-04:00,65.12129980210304,66.1701040072919,63.262049040144454,65.3119888305664,6378900,0.0,0.0
2014-06-03 00:00:00-04:00,64.73037714439816,65.78871797197996,64.4729462312956,64.78758239746094,4965400,0.0,0.0
2014-06-04 00:00:00-04:00,64.5206213664202,64.5206213664202,62.50882065492137,63.53855895996094,4355500,0.0,0.0
2014-06-05 00:00:00-04:00,63.595779425488416,64.11064870112102,62.632790057924645,63.30974578857422,4891000,0.0,0.0
2014-06-06 00:00:00-04:00,63.12857802609147,63.61484460358262,62.642311448600324,62.95695495605469,2858700,0.0,0.0
2014-06-09 00:00:00-04:00,62.976044037758605,65.02597748287612,62.87116284227627,63.58625793457031,2456000,0.0,0.0
2014-06-10 00:00:00-04:00,63.090438973250244,63.48136101857169,62.49929849891079,62.97602844238281,1575500,0.0,0.0
2014-06-11 00:00:00-04:00,62.68999546682428,63.71973402032968,62.49930637513331,63.48136901855469,1722900,0.0,0.0
2014-06-12 00:00:00-04:00,63.76739418607519,64.2441241263027,62.213257199689295,62.62324523925781,1771100,0.0,0.0
2014-06-13 00:00:00-04:00,62.82347525402766,63.605312118700525,62.23232746880785,63.20486068725586,1863700,0.0,0.0
2014-06-16 00:00:00-04:00,63.85321847994699,65.11178541097189,62.99510301008395,64.55877685546875,3003400,0.0,0.0
2014-06-17 00:00:00-04:00,64.57785100555557,66.14152487215486,64.46343318324732,65.53131103515625,2153600,0.0,0.0
2014-06-18 00:00:00-04:00,65.78871912008245,66.0652233052447,64.60643113212541,65.59803009033203,1579900,0.0,0.0
2014-06-19 00:00:00-04:00,65.93174680457574,65.93174680457574,64.93061110211853,65.40734100341797,1636200,0.0,0.0
2014-06-20 00:00:00-04:00,64.65412204225461,65.59805270560884,64.24413394005745,65.35015106201172,1730200,0.0,0.0
2014-06-23 00:00:00-04:00,65.3119888305664,65.66477153497581,65.12129980210304,65.3119888305664,1403100,0.0,0.0
2014-06-24 00:00:00-04:00,64.98783024759167,66.35127092065363,63.54810376240373,63.99623107910156,2057600,0.0,0.0
2014-06-25 00:00:00-04:00,63.881798019713955,64.79711843185414,63.595757208405146,64.14876556396484,1308800,0.0,0.0
2014-06-26 00:00:00-04:00,64.64459324167883,66.0271073818218,63.605318021540945,66.00804138183594,2096900,0.0,0.0
2014-06-27 00:00:00-04:00,66.56102762089142,66.73265067924375,65.55989917577048,66.69451141357422,2459800,0.0,0.0
2014-06-30 00:00:00-04:00,66.92335597460189,69.37374774620665,66.92335597460189,68.36307525634766,4152100,0.0,0.0
2014-07-01 00:00:00-04:00,69.7360532828976,70.3844062759226,68.47748656400455,69.6883773803711,3200500,0.0,0.0
2014-07-02 00:00:00-04:00,69.73605334637244,70.33673043741767,68.82073275673721,69.63117218017578,2131400,0.0,0.0
2014-07-03 00:00:00-04:00,68.94468700214205,69.61211333507924,68.55377220333101,69.14491271972656,784800,0.0,0.0
2014-07-07 00:00:00-04:00,69.22119140360135,69.88861773790438,68.91608450842122,69.12584686279297,1436000,0.0,0.0
2014-07-08 00:00:00-04:00,68.95423036881982,69.0972508308604,67.16172809763675,67.46683502197266,3860400,0.0,0.0
2014-07-09 00:00:00-04:00,67.14264097079283,69.15444183862449,67.12357497447161,68.93515014648438,1728200,0.0,0.0
2014-07-10 00:00:00-04:00,67.73378725960308,68.0770333806705,66.93287721900539,67.33333587646484,2737500,0.0,0.0
2014-07-11 00:00:00-04:00,67.21891850547547,67.95307937923108,66.87567238222522,67.81006622314453,945600,0.0,0.0
2014-07-14 00:00:00-04:00,68.17238654030695,69.40235075080597,68.12471063299745,68.64911651611328,2073800,0.0,0.0
2014-07-15 00:00:00-04:00,67.96263095223519,68.34401642570877,67.06637618072068,67.26660919189453,2221400,0.0,0.0
2014-07-16 00:00:00-04:00,67.21893309939405,67.73380239605282,67.13312518711234,67.31427764892578,2249300,0.0,0.0
2014-07-17 00:00:00-04:00,67.21892529103674,67.64797935125073,66.93288440134607,67.0759048461914,2629700,0.0,0.0
2014-07-18 00:00:00-04:00,67.07591408557931,69.60258471147698,66.88522498240036,69.43096160888672,2868000,0.0,0.0
2014-07-21 00:00:00-04:00,69.6025771353142,69.96488930164615,68.7539983521856,69.4690933227539,1449000,0.0,0.0
2014-07-22 00:00:00-04:00,69.10676003008419,71.70970085359822,69.02094487720262,71.03274536132812,2712800,0.0,0.0
2014-07-23 00:00:00-04:00,71.50949176989104,72.90154233675965,70.7848602164794,72.46295166015625,2440300,0.0,0.0
2014-07-24 00:00:00-04:00,72.71085265803033,72.79666055575944,71.50949116957148,71.74785614013672,2341700,0.0,0.0
2014-07-25 00:00:00-04:00,71.88133996188199,72.4248118039504,70.82299891032956,71.93854522705078,2207000,0.0,0.0
2014-07-28 00:00:00-04:00,71.70017938226972,71.92901498879824,70.61323571138462,70.822998046875,1990200,0.0,0.0
2014-07-29 00:00:00-04:00,70.82299059777647,71.81458963213996,70.08882977510005,70.99461364746094,1440000,0.0,0.0
2014-07-30 00:00:00-04:00,71.87180967319617,71.96716148932677,69.88861847088697,69.98396301269531,1505900,0.0,0.0
2014-07-31 00:00:00-04:00,69.60258349232397,69.64072276715632,66.02710831292377,67.46683502197266,4291900,0.0,0.0
2014-08-01 00:00:00-04:00,66.80892942882404,67.70518398918294,63.996225863978495,66.93287658691406,4281500,0.0,0.0
2014-08-04 00:00:00-04:00,67.03776687010476,69.2974695741828,66.9328856934816,68.64911651611328,2615200,0.0,0.0
2014-08-05 00:00:00-04:00,68.64910773001168,68.69678363121933,66.90427449603679,67.1998519897461,3319000,0.0,0.0
2014-08-06 00:00:00-04:00,66.83754001299954,68.55377080635397,66.5038304904923,67.24752807617188,2323900,0.0,0.0
2014-08-07 00:00:00-04:00,67.6956631651063,67.79100771469962,66.98056813167207,67.1903305053711,2443200,0.0,0.0
2014-08-08 00:00:00-04:00,67.60030348049435,67.66704537769914,66.79939343971573,67.42868041992188,1527800,0.0,0.0
2014-08-11 00:00:00-04:00,68.12470992520583,69.26886621984697,67.73379513175362,67.76239776611328,1449200,0.0,0.0
2014-08-12 00:00:00-04:00,68.17238537735054,68.34400845668597,66.95195782399718,67.24752807617188,2179000,0.0,0.0
2014-08-13 00:00:00-04:00,67.9340140296329,68.83979797363281,67.6003045383867,68.83979797363281,1859400,0.0,0.0
2014-08-14 00:00:00-04:00,69.12583942447898,70.02209401514473,68.66817549379482,69.48815155029297,1788700,0.0,0.0
2014-08-15 00:00:00-04:00,70.12696043589142,70.31764945689403,69.13536152317413,69.82185363769531,1742300,0.0,0.0
2014-08-18 00:00:00-04:00,70.2699900975935,71.49042485184144,69.71698889684797,71.40460968017578,2354400,0.0,0.0
2014-08-19 00:00:00-04:00,71.50948322881194,71.64296701556007,70.92787218327194,71.49994659423828,1236200,0.0,0.0
2014-08-20 00:00:00-04:00,71.57624032555967,71.86228122896064,70.9469605221288,71.3664779663086,1138600,0.0,0.0
2014-08-21 00:00:00-04:00,71.31879465627141,72.16737328093568,70.65136844378344,71.7287826538086,2364000,0.0,0.0
2014-08-22 00:00:00-04:00,71.13765764880526,72.16739628825236,70.84208734971926,71.91949462890625,1973300,0.0,0.0
2014-08-25 00:00:00-04:00,72.27225593711611,74.13149964220838,72.0815596120291,73.5784912109375,2202700,0.0,0.0
2014-08-26 00:00:00-04:00,74.1315000353514,74.65590583922057,73.63570413613776,73.7691879272461,2305000,0.0,0.0
2014-08-27 00:00:00-04:00,73.59758036114958,74.50336445921558,73.27340017571204,74.39848327636719,2909400,0.0,0.0
2014-08-28 00:00:00-04:00,73.75010842584047,75.38052368603131,73.75010842584047,75.13262939453125,3457400,0.0,0.0
2014-08-29 00:00:00-04:00,75.39962085407666,76.8870161718277,75.24706375773157,76.52470397949219,4279700,0.0,0.0
2014-09-02 00:00:00-04:00,76.56281465281786,79.11808686747037,76.48653613313986,78.42205810546875,4569800,0.0,0.0
2014-09-03 00:00:00-04:00,79.13716940350581,80.97734724807826,78.51741903162609,79.93807220458984,8633000,0.0,0.0
2014-09-04 00:00:00-04:00,79.91901262956483,80.03343044219415,77.02049351185454,77.99302673339844,5129800,0.0,0.0
2014-09-05 00:00:00-04:00,77.70699421896005,79.4994964975246,77.42095329370098,79.47089385986328,2470600,0.0,0.0
2014-09-08 00:00:00-04:00,79.65203130028917,80.30992087962662,79.34692446010617,79.99527740478516,2071300,0.0,0.0
2014-09-09 00:00:00-04:00,79.73785356352384,80.28132544789352,78.90834805672505,79.22298431396484,2786500,0.0,0.0
2014-09-10 00:00:00-04:00,79.61391478486163,80.3385464652229,79.14672139359324,79.92855834960938,1991000,0.0,0.0
2014-09-11 00:00:00-04:00,78.89881177837805,80.28132581219778,78.67951278663064,79.41368103027344,2116500,0.0,0.0
2014-09-12 00:00:00-04:00,79.46134141807747,79.81412418582056,77.62117086751893,78.7939224243164,2036800,0.0,0.0
2014-09-15 00:00:00-04:00,78.33627218790262,78.71765034457073,76.7821278296241,77.2969970703125,2128200,0.0,0.0
2014-09-16 00:00:00-04:00,76.79166617732385,80.28132585400239,76.79166617732385,79.67111206054688,2223100,0.0,0.0
2014-09-17 00:00:00-04:00,79.92855859822217,81.01550248498346,79.3755500174284,80.36714935302734,1493400,0.0,0.0
2014-09-18 00:00:00-04:00,80.81526911123912,81.04409746727765,79.7569279623677,80.52922821044922,829800,0.0,0.0
2014-09-19 00:00:00-04:00,80.8343274204099,81.03455312218703,79.76645701093187,80.2431869506836,1732800,0.0,0.0
2014-09-22 00:00:00-04:00,80.17644237446773,80.32899945561289,76.3721392738548,76.62004089355469,3211000,0.0,0.0
2014-09-23 00:00:00-04:00,76.27679499594974,77.74512417254043,74.56056419881206,76.89654541015625,2249300,0.0,0.0
2014-09-24 00:00:00-04:00,77.21118982867844,78.47928603167313,75.99075498419242,77.92628479003906,1633400,0.0,0.0
2014-09-25 00:00:00-04:00,78.18370606325333,78.30765322240285,75.80959312326448,75.9907455444336,2029800,0.0,0.0
2014-09-26 00:00:00-04:00,75.80960875170577,76.9918971478783,75.44728928603156,76.41028594970703,1532600,0.0,0.0
2014-09-29 00:00:00-04:00,75.55214163332676,77.87858553802904,75.37098924395661,77.79277038574219,1750800,0.0,0.0
2014-09-30 00:00:00-04:00,78.40298972690186,78.40298972690186,75.80957833132801,76.30537414550781,2744700,0.0,0.0
2014-10-01 00:00:00-04:00,76.0479413222759,76.08608057999139,73.16848919647403,74.41752624511719,3482300,0.0,0.0
2014-10-02 00:00:00-04:00,74.25544567543443,74.82752736772774,68.04842769266843,72.48200988769531,8569200,0.0,0.0
2014-10-03 00:00:00-04:00,73.2447972040048,74.33174102643643,72.18645601779676,73.73106384277344,1689200,0.0,0.0
2014-10-06 00:00:00-04:00,73.89314208652918,74.24592486750457,71.69065205018462,72.98735809326172,3313600,0.0,0.0
2014-10-07 00:00:00-04:00,71.74785480096,73.17804459765686,70.06976340269232,70.40347290039062,2636800,0.0,0.0
2014-10-08 00:00:00-04:00,69.77418444114238,70.45113998728131,65.88406693508828,69.08769226074219,8212300,0.0,0.0
2014-10-09 00:00:00-04:00,68.25818238230913,68.97327721965357,63.4813541063594,63.94854736328125,8805300,0.0,0.0
2014-10-10 00:00:00-04:00,62.54696121336693,68.29632262400962,61.555362151805724,64.99735260009766,9667600,0.0,0.0
2014-10-13 00:00:00-04:00,64.33947021024748,66.32266105668734,60.23005354451623,60.735389709472656,6050300,0.0,0.0
2014-10-14 00:00:00-04:00,60.78306427290208,63.10950859011046,57.8368732473644,59.0191650390625,8946300,0.0,0.0
2014-10-15 00:00:00-04:00,57.522222301864836,63.97714091724749,55.39600408641287,62.775779724121094,9889600,0.0,0.0
2014-10-16 00:00:00-04:00,60.87842082654827,65.96990111636511,60.56378091124935,65.02597045898438,6829500,0.0,0.0
2014-10-17 00:00:00-04:00,66.7421783370932,69.47861026766927,64.73991444184443,65.21664428710938,8064500,0.0,0.0
2014-10-20 00:00:00-04:00,65.67431735520195,67.31426959858254,65.21666066245322,66.77079772949219,3001600,0.0,0.0
2014-10-21 00:00:00-04:00,68.5060889010979,70.63230757144154,68.0388956104977,69.3165283203125,4591300,0.0,0.0
2014-10-22 00:00:00-04:00,69.94579765779883,71.35691380872001,66.35125085004731,67.21890258789062,4872400,0.0,0.0
2014-10-23 00:00:00-04:00,68.17237893649644,69.74558913604909,67.5526285822095,68.45841979980469,2831800,0.0,0.0
2014-10-24 00:00:00-04:00,68.76353505974672,69.5167693024433,67.27613257288668,69.50723266601562,2086200,0.0,0.0
2014-10-27 00:00:00-04:00,69.2974528076038,69.42139995256835,66.74218046455928,67.3523941040039,2489300,0.0,0.0
2014-10-28 00:00:00-04:00,67.31427251193816,70.67998504638672,67.08544415566011,70.67998504638672,3799200,0.0,0.0
2014-10-29 00:00:00-04:00,71.56669585431693,72.65363952933356,70.04116150993585,71.00415802001953,2974200,0.0,0.0
2014-10-30 00:00:00-04:00,70.4416275495766,71.5095054497153,69.89815559913168,70.31768035888672,1588000,0.0,0.0
2014-10-31 00:00:00-04:00,70.76579342463364,73.19711175291178,69.54536594269176,71.50949096679688,3979700,0.0,0.0
2014-11-03 00:00:00-05:00,72.08156493902791,73.18758188330695,69.86953832479138,70.89927673339844,3810200,0.0,0.0
2014-11-04 00:00:00-05:00,69.83138797777274,69.98394502491256,66.26545065556363,67.54308319091797,5417000,0.0,0.0
2014-11-05 00:00:00-05:00,68.12470992520583,68.84934151771301,66.74219591946013,67.76239776611328,2286600,0.0,0.0
2014-11-06 00:00:00-05:00,67.73378710432412,68.07703322460463,66.69451210838554,67.47634887695312,2477800,0.0,0.0
2014-11-07 00:00:00-05:00,67.37146851150814,69.83138910460923,66.99961252168444,68.60142517089844,2890300,0.0,0.0
2014-11-10 00:00:00-05:00,68.65864549061354,70.50835264378867,68.25818682713977,68.6777114868164,2414200,0.0,0.0
2014-11-11 00:00:00-05:00,69.7456051760227,71.45229956446946,68.90655566366009,69.43096160888672,2833900,0.0,0.0
2014-11-12 00:00:00-05:00,68.85889423400909,69.91723559839518,68.18193839023196,68.52518463134766,2487400,0.0,0.0
2014-11-13 00:00:00-05:00,68.8493403124065,68.8493403124065,65.5599064808339,66.36080932617188,4366400,0.0,0.0
2014-11-14 00:00:00-05:00,66.37036252165096,68.6014558111695,65.82689051976898,68.5156478881836,2455100,0.0,0.0
2014-11-17 00:00:00-05:00,67.88632989162971,69.192572340973,67.33332877650669,68.12469482421875,3279500,0.0,0.0
2014-11-18 00:00:00-05:00,67.00914921438357,68.97327394663581,66.83752617059218,68.42027282714844,1765300,0.0,0.0
2014-11-19 00:00:00-05:00,68.81119608373501,69.65024541284961,68.17237972584742,69.34513854980469,2804000,0.0,0.0
2014-11-20 00:00:00-05:00,69.21164907228075,72.08156534269743,69.09723854245361,71.2806625366211,3560500,0.0,0.0
2014-11-21 00:00:00-05:00,72.89198863499172,73.56895139998716,70.65135987232672,70.95646667480469,3326300,0.0,0.0
2014-11-24 00:00:00-05:00,70.43208258181427,71.40460843976072,69.41188082106827,69.755126953125,3249300,0.0,0.0
2014-11-25 00:00:00-05:00,70.32720039018777,70.49882345371496,68.25818699257624,68.84933471679688,2366800,0.0,0.0
2014-11-26 00:00:00-05:00,68.38216288311699,68.65866719857034,66.40850067048152,66.82801818847656,3653500,0.0,0.0
2014-11-28 00:00:00-05:00,63.309737656313644,63.309737656313644,60.0679726007727,62.91881561279297,8542800,0.0,0.0
2014-12-01 00:00:00-05:00,60.5542251513277,63.88180117087763,60.5446921544885,63.595760345458984,9502900,0.0,0.0
2014-12-02 00:00:00-05:00,62.451615785490475,65.76012239633833,62.451615785490475,64.07249450683594,3897100,0.0,0.0
2014-12-03 00:00:00-05:00,64.61598314930116,66.6849969466297,64.40622805275277,66.15105438232422,4104000,0.0,0.0
2014-12-04 00:00:00-05:00,65.09270650057476,66.92335510253906,64.83527551906838,66.92335510253906,3700900,0.0,0.0
2014-12-05 00:00:00-05:00,66.98056836076383,68.17239342056389,66.46569906201145,67.46683502197266,2199400,0.0,0.0
2014-12-08 00:00:00-05:00,66.47522844414978,67.15218413131407,62.709057301630246,63.22392654418945,5991400,0.0,0.0
2014-12-09 00:00:00-05:00,62.07023830232715,65.34060606437785,62.07023830232715,64.65411376953125,3056100,0.0,0.0
2014-12-10 00:00:00-05:00,63.55763800545211,65.03549642958343,61.14537843987869,61.488624572753906,3937000,0.0,0.0
2014-12-11 00:00:00-05:00,61.02143478069726,63.366945307161686,60.70679126177204,60.97376251220703,2737400,0.0,0.0
2014-12-12 00:00:00-05:00,60.182382153840514,64.05343028956996,57.56990431276777,61.860469818115234,7614700,0.0,0.0
2014-12-15 00:00:00-05:00,62.394422170365914,62.9092914221812,58.981033764436184,59.543575286865234,5823600,0.0,0.0
2014-12-16 00:00:00-05:00,58.113381400048816,61.765130911122576,57.64618445056625,59.3814811706543,4376700,0.0,0.0
2014-12-17 00:00:00-05:00,59.572161954985326,62.95694318161265,59.50542006658232,62.43254470825195,3473800,0.0,0.0
2014-12-18 00:00:00-05:00,67.38102014142875,69.6502597211739,65.62665713710021,68.1342544555664,7182200,0.0,0.0
2014-12-19 00:00:00-05:00,67.40960688684738,68.45841851643493,66.10337157888665,67.12357330322266,3959000,0.0,0.0
2014-12-22 00:00:00-05:00,67.21891744320938,67.5717001960641,65.45501822757804,66.93287658691406,2444100,0.0,0.0
2014-12-23 00:00:00-05:00,66.78985754829044,68.72537965229753,66.3417303075951,68.42027282714844,2906600,0.0,0.0
2014-12-24 00:00:00-05:00,67.8768084080397,68.78259234725407,67.45728375022018,68.30586242675781,737800,0.0,0.0
2014-12-26 00:00:00-05:00,68.64910976649166,69.94581575513777,68.3630688994027,69.6693115234375,1258000,0.0,0.0
2014-12-29 00:00:00-05:00,69.6693191486336,70.0983732219049,68.41075228947264,69.47863006591797,1925500,0.0,0.0
2014-12-30 00:00:00-05:00,69.45956322743683,69.53584177731804,67.66706095116595,67.77194213867188,1754000,0.0,0.0
2014-12-31 00:00:00-05:00,67.38100425591703,68.36306671423884,66.36080253158102,67.12357330322266,2846300,0.0,0.0
2015-01-02 00:00:00-05:00,66.56102145096074,68.50608017388113,66.56102145096074,68.00074768066406,1936600,0.0,0.0
2015-01-05 00:00:00-05:00,66.6277845150792,66.97103070904821,64.91156081955688,65.96990203857422,5462500,0.0,0.0
2015-01-06 00:00:00-05:00,65.39782658475355,66.33222070942293,62.623261399295494,64.18693542480469,4801400,0.0,0.0
2015-01-07 00:00:00-05:00,65.00689182414325,65.63617153243038,63.04276689234361,63.50996017456055,3796700,0.0,0.0
2015-01-08 00:00:00-05:00,63.347871378084626,66.25591940065972,62.92834673871051,65.0736312866211,1948600,0.0,0.0
2015-01-09 00:00:00-05:00,65.10224970255187,66.36081665152778,64.38715467985368,66.04617309570312,2495300,0.0,0.0
2015-01-12 00:00:00-05:00,65.4073334812214,66.43707169543977,64.43480779511751,65.29292297363281,2666500,0.0,0.0
2015-01-13 00:00:00-05:00,65.55036985051422,67.17124881345269,65.11177915788758,66.4561538696289,3597400,0.0,0.0
2015-01-14 00:00:00-05:00,65.1499137331556,70.71811580281513,65.02595929625883,69.65977478027344,4323200,0.0,0.0
2015-01-15 00:00:00-05:00,70.7943943371637,71.01369330483546,68.55376512950495,69.65977478027344,3464400,0.0,0.0
2015-01-16 00:00:00-05:00,69.65975996809124,70.79437928372043,68.94466522785164,69.82185363769531,3858500,0.0,0.0
2015-01-20 00:00:00-05:00,69.81232557645464,71.95761006058831,69.12583337764055,70.87066650390625,4780000,0.0,0.0
2015-01-21 00:00:00-05:00,71.28068480571123,72.14832978335843,69.75514997873758,70.47977447509766,1618600,0.0,0.0
2015-01-22 00:00:00-05:00,70.55603743210082,72.04343265018362,69.56443819527155,70.06977081298828,2385200,0.0,0.0
2015-01-23 00:00:00-05:00,70.39392748144006,70.92786255595946,69.34512332463987,69.44046783447266,1530400,0.0,0.0
2015-01-26 00:00:00-05:00,69.27840467412686,70.30813590970813,68.74446214622009,69.98396301269531,3186400,0.0,0.0
2015-01-27 00:00:00-05:00,68.87794564243032,70.54650057652044,68.77306446462744,69.8600082397461,2535000,0.0,0.0
2015-01-28 00:00:00-05:00,69.76467827474382,69.96490403575038,67.76241339035448,68.08659362792969,2126000,0.0,0.0
2015-01-29 00:00:00-05:00,68.17237832588062,68.49655117869312,66.83753309960052,67.93401336669922,4199100,0.0,0.0
2015-01-30 00:00:00-05:00,67.66705334551045,69.58350986851275,66.75173267278511,68.05796813964844,2099900,0.0,0.0
2015-02-02 00:00:00-05:00,68.58237445915401,69.11630970309596,67.40008615857307,68.38214874267578,3070700,0.0,0.0
2015-02-03 00:00:00-05:00,69.20214043863987,70.39396564346217,68.0579838774162,68.71587371826172,3244400,0.0,0.0
2015-02-04 00:00:00-05:00,68.07702620493242,69.21163833756232,67.08542721240512,68.00074768066406,2442200,0.0,0.0
2015-02-05 00:00:00-05:00,68.55377197581645,70.08884307985863,68.01982945637428,68.64911651611328,2325400,0.0,0.0
2015-02-06 00:00:00-05:00,69.12582361576982,69.8409183428295,68.39166289668921,68.72537231445312,2079100,0.0,0.0
2015-02-09 00:00:00-05:00,69.14488889938677,69.51674484602222,68.09608476530839,68.17236328125,3812400,0.0,0.0
2015-02-10 00:00:00-05:00,68.94469499825813,69.67886332220472,67.69566464042244,69.56444549560547,2169100,0.0,0.0
2015-02-11 00:00:00-05:00,68.96376202016532,71.50949841800909,68.96376202016532,71.3664779663086,3054600,0.0,0.0
2015-02-12 00:00:00-05:00,72.06249834330147,72.29132667409388,70.15557861328125,70.15557861328125,2054000,0.0,0.0
2015-02-13 00:00:00-05:00,70.83253505896579,71.68111376663619,70.0316249805011,71.0136947631836,1929200,0.0,0.0
2015-02-17 00:00:00-05:00,71.17577468185456,73.63570268255609,70.88019720081714,72.54875183105469,2855600,0.0,0.0
2015-02-18 00:00:00-05:00,72.16737355865492,73.32105902725253,71.88133271301348,72.03388977050781,1926400,0.0,0.0
2015-02-19 00:00:00-05:00,71.0137024301075,72.13878549619719,70.54650180292828,71.46182250976562,1611900,0.0,0.0
2015-02-20 00:00:00-05:00,70.90881304356043,71.93854417312085,69.52629186955558,70.5560302734375,3704600,0.0,0.0
2015-02-23 00:00:00-05:00,69.49768917168373,71.13764130794782,69.49768917168373,70.29859924316406,2143900,0.0,0.0
2015-02-24 00:00:00-05:00,71.02322531224209,74.11244059957151,70.39394556622277,72.66317749023438,4588800,0.0,0.0
2015-02-25 00:00:00-05:00,72.93968482655197,77.99302537785887,72.51063076671281,76.54376220703125,6150700,0.0,0.0
2015-02-26 00:00:00-05:00,76.37212987760881,76.80119115979964,74.1601033934089,74.86566162109375,2865100,0.0,0.0
2015-02-27 00:00:00-05:00,75.02776459686328,77.46861970215744,74.76079697901197,76.87747192382812,1979400,0.0,0.0
2015-03-02 00:00:00-05:00,76.87746400514348,77.95487827605085,75.6188973118233,76.38166809082031,2736100,0.0,0.0
2015-03-03 00:00:00-05:00,76.31493482382677,78.4888223331995,76.21959028424978,77.61164093017578,3094000,0.0,0.0
2015-03-04 00:00:00-05:00,75.64749847258123,76.18144091722878,74.1315008535525,74.77985382080078,5402800,0.0,0.0
2015-03-05 00:00:00-05:00,74.84661113227955,75.70472660012561,74.25546330458056,74.76080322265625,2180800,0.0,0.0
2015-03-06 00:00:00-05:00,75.03728356940985,75.37100031984123,72.95874090836686,73.33059692382812,1950000,0.0,0.0
2015-03-09 00:00:00-04:00,72.9110715033007,73.61662971300795,71.9862143405964,72.60596466064453,2589100,0.0,0.0
2015-03-10 00:00:00-04:00,71.63343882129269,73.30199362656468,71.528557651587,72.35807037353516,1501300,0.0,0.0
2015-03-11 00:00:00-04:00,72.58689823814306,72.89200510957934,71.52855718659065,71.93854522705078,1520700,0.0,0.0
2015-03-12 00:00:00-04:00,71.5190281003496,72.7203823194446,71.5190281003496,72.21504974365234,1756500,0.0,0.0
2015-03-13 00:00:00-04:00,71.51902814585439,72.31993095909398,70.4034745498112,71.96715545654297,2189900,0.0,0.0
2015-03-16 00:00:00-04:00,71.43319846380635,72.90152726415202,70.27951310803192,72.67269897460938,2287200,0.0,0.0
2015-03-17 00:00:00-04:00,72.07201566542308,74.31265179337483,71.31878889928812,73.7787094116211,1343600,0.0,0.0
2015-03-18 00:00:00-04:00,72.69179711126762,76.21960390041424,72.69179711126762,75.6189193725586,2480500,0.0,0.0
2015-03-19 00:00:00-04:00,75.97167884777919,76.08609664508421,74.78939070624524,75.20890808105469,1640300,0.0,0.0
2015-03-20 00:00:00-04:00,75.89541636193026,76.27680182592441,74.69405469636159,76.00029754638672,1569100,0.0,0.0
2015-03-23 00:00:00-04:00,75.89540775046433,76.27679317118462,74.44615188091345,74.52243041992188,1901900,0.0,0.0
2015-03-24 00:00:00-04:00,75.1135465084303,75.15168576554379,73.24476655578695,73.4259262084961,1816000,0.0,0.0
2015-03-25 00:00:00-04:00,73.09224693885459,74.36987984450852,72.31993939393,73.05410766601562,1969900,0.0,0.0
2015-03-26 00:00:00-04:00,73.05408652813868,76.41026154932533,73.05408652813868,75.03727722167969,4497500,0.0,0.0
2015-03-27 00:00:00-04:00,75.23753273915429,75.8382099255675,74.16011827431586,74.39848327636719,1355800,0.0,0.0
2015-03-30 00:00:00-04:00,74.0456859129593,75.77144569157036,74.0456859129593,75.22797393798828,2040600,0.0,0.0
2015-03-31 00:00:00-04:00,74.21733091424191,74.96103590489722,73.46410383439418,73.79781341552734,2039000,0.0,0.0
2015-04-01 00:00:00-04:00,73.75012255471924,77.3446704876301,73.07316689180328,74.04570007324219,1971600,0.0,0.0
2015-04-02 00:00:00-04:00,74.03617225901306,76.27680185874928,73.95035707427417,76.0670394897461,2110300,0.0,0.0
2015-04-06 00:00:00-04:00,76.19097826162746,77.14443808855718,75.30426033160998,75.56169128417969,2233800,0.0,0.0
2015-04-07 00:00:00-04:00,76.22910948129703,76.36259327376965,74.58916470601615,74.8370590209961,1557700,0.0,0.0
2015-04-08 00:00:00-04:00,75.75238015291932,76.72491324760779,74.8942721302569,75.29472351074219,2430200,0.0,0.0
2015-04-09 00:00:00-04:00,75.29473869649732,75.88587925139323,74.24593413279953,75.35194396972656,1633400,0.0,0.0
2015-04-10 00:00:00-04:00,76.27680131977108,76.27680131977108,74.41755719733071,75.18985748291016,862300,0.0,0.0
2015-04-13 00:00:00-04:00,75.24706192792505,75.72379193092658,74.11244946732072,74.16011810302734,1484100,0.0,0.0
2015-04-14 00:00:00-04:00,74.33174133300781,75.03729970194897,73.51176514437785,74.33174133300781,1201400,0.0,0.0
2015-04-15 00:00:00-04:00,74.465217804766,74.86566922268094,73.76919614138842,74.48429107666016,1771300,0.0,0.0
2015-04-16 00:00:00-04:00,74.77033213407356,75.34240668441112,73.65478566976694,74.36988067626953,1767900,0.0,0.0
2015-04-17 00:00:00-04:00,74.09336027359664,74.20777806848889,72.74898573663751,73.22571563720703,2021400,0.0,0.0
2015-04-20 00:00:00-04:00,73.01595366931399,74.98961517622045,72.78711807842554,73.78825378417969,2384000,0.0,0.0
2015-04-21 00:00:00-04:00,73.51175688872077,73.99802347488531,73.09223947895376,73.41641235351562,2398600,0.0,0.0
2015-04-22 00:00:00-04:00,73.21619537443615,75.07543949267897,73.14945346440494,74.95149230957031,1447700,0.0,0.0
2015-04-23 00:00:00-04:00,75.87634965049948,76.25773511091647,74.85614772661955,74.98009490966797,1773200,0.0,0.0
2015-04-24 00:00:00-04:00,74.77986057898276,75.22798789785786,73.3687367200349,73.69291687011719,2006400,0.0,0.0
2015-04-27 00:00:00-04:00,73.874044663832,74.26495927302786,72.07199953101849,72.57733917236328,3087300,0.0,0.0
2015-04-28 00:00:00-04:00,72.5773535625992,73.0350101360247,71.64295987418204,71.85272216796875,1274300,0.0,0.0
2015-04-29 00:00:00-04:00,71.80505402682455,72.37713571685306,70.61322929646657,71.95761108398438,1630700,0.0,0.0
2015-04-30 00:00:00-04:00,71.95761937238112,73.22572277738476,71.61437322855573,72.93014526367188,3513500,0.0,0.0
2015-05-01 00:00:00-04:00,72.65365694550036,74.37942467862769,71.60485228696932,74.21733093261719,2687300,0.0,0.0
2015-05-04 00:00:00-04:00,73.5975795694535,73.89314984103444,72.92062384382854,73.34014129638672,1355400,0.0,0.0
2015-05-05 00:00:00-04:00,73.17804602731489,73.89314093963392,71.79553210656006,72.00528717041016,1917700,0.0,0.0
2015-05-06 00:00:00-04:00,71.85273741680543,72.71085276699053,71.0518273318588,71.75739288330078,1542900,0.0,0.0
2015-05-07 00:00:00-04:00,70.57509841759968,73.30199430660217,70.57509841759968,73.1113052368164,1411800,0.0,0.0
2015-05-08 00:00:00-04:00,73.39735466812793,74.60824567843706,72.45342402203227,74.36988067626953,1414200,0.0,0.0
2015-05-11 00:00:00-04:00,74.36988043869952,74.36988043869952,72.69178879199035,73.9026870727539,1694400,0.0,0.0
2015-05-12 00:00:00-04:00,73.65476862771153,73.65476862771153,72.13877105636858,72.48200988769531,1368500,0.0,0.0
2015-05-13 00:00:00-04:00,72.39620891297179,73.063627918631,71.04229763045078,71.53809356689453,2748100,0.0,0.0
2015-05-14 00:00:00-04:00,72.05297060188593,72.26273296197216,71.03276871136671,71.51903533935547,1580500,0.0,0.0
2015-05-15 00:00:00-04:00,71.65249700907728,72.44387029596531,71.32831693250623,72.32945251464844,1758500,0.0,0.0
2015-05-18 00:00:00-04:00,71.11857799304829,73.52130126953125,71.11857799304829,73.52130126953125,2879700,0.0,0.0
2015-05-19 00:00:00-04:00,72.93967387629208,73.86453103573902,72.39620208740234,72.39620208740234,2172400,0.0,0.0
2015-05-20 00:00:00-04:00,72.11970586478753,72.86340341888194,71.49995547826829,72.77759552001953,1566600,0.0,0.0
2015-05-21 00:00:00-04:00,72.94921903898516,73.51175688872077,72.7585226942531,73.41641235351562,1360900,0.0,0.0
2015-05-22 00:00:00-04:00,72.36761417795044,72.87294680514233,71.49996210158521,71.68112182617188,2626300,0.0,0.0
2015-05-26 00:00:00-04:00,71.2711336718835,72.11971247412468,70.88021158749342,71.73832702636719,3152700,0.0,0.0
2015-05-27 00:00:00-04:00,71.7478415230146,72.75850646452646,70.93740224306717,72.32945251464844,1800600,0.0,0.0
2015-05-28 00:00:00-04:00,71.99575816011597,72.55829600220864,71.32833187410444,72.31993103027344,2776700,0.0,0.0
2015-05-29 00:00:00-04:00,71.69063629594282,73.3973300110345,71.50947662737104,72.30084991455078,1715700,0.0,0.0
2015-06-01 00:00:00-04:00,72.22460121013219,72.58691342252901,71.3188170419786,71.56671142578125,1751700,0.0,0.0
2015-06-02 00:00:00-04:00,71.41416117067253,71.6048502762058,70.13652088576575,70.4702377319336,1965100,0.0,0.0
2015-06-03 00:00:00-04:00,70.79437800476887,70.79437800476887,67.85772057873432,68.69676971435547,4453600,0.0,0.0
2015-06-04 00:00:00-04:00,67.43820866138557,68.1914354328091,65.76011753068637,66.74217987060547,8033600,0.0,0.0
2015-06-05 00:00:00-04:00,66.55150727801265,69.31653530766702,66.55150727801265,68.27726745605469,3974500,0.0,0.0
2015-06-08 00:00:00-04:00,68.07702596528799,68.87792864432505,67.38099716385017,67.63843536376953,2208500,0.0,0.0
2015-06-09 00:00:00-04:00,67.7814629274408,68.42981597076982,66.57057201712436,66.77079772949219,1851100,0.0,0.0
2015-06-10 00:00:00-04:00,68.15331922628049,68.15331922628049,66.65638742211964,67.0759048461914,1772900,0.0,0.0
2015-06-11 00:00:00-04:00,67.88634575962703,69.31653568945897,67.17125079471106,68.94468688964844,3769000,0.0,0.0
2015-06-12 00:00:00-04:00,68.72538697842839,69.36420332506958,67.92447693058463,68.07703399658203,1547500,0.0,0.0
2015-06-15 00:00:00-04:00,67.2189332113669,68.36308235629933,66.9519655625042,67.22846984863281,2035300,0.0,0.0
2015-06-16 00:00:00-04:00,67.38101247500988,68.18192261036023,67.38101247500988,67.74333190917969,1072500,0.0,0.0
2015-06-17 00:00:00-04:00,68.06750442359568,68.47749248809963,67.0663685785003,67.36194610595703,1379700,0.0,0.0
2015-06-18 00:00:00-04:00,67.65750841613773,67.6861110470416,66.74218785560794,66.96148681640625,2093900,0.0,0.0
2015-06-19 00:00:00-04:00,66.79940050968573,67.50496609689392,66.4084857202041,66.84707641601562,3323100,0.0,0.0
2015-06-22 00:00:00-04:00,67.35238635150967,68.60141611436765,66.75170941522397,67.21890258789062,2591000,0.0,0.0
2015-06-23 00:00:00-04:00,67.09498750385868,71.01370895944059,66.94243040153113,69.7646713256836,5896800,0.0,0.0
2015-06-24 00:00:00-04:00,69.78373618309857,69.99349853633524,68.4202881613824,68.55377197265625,2688200,0.0,0.0
2015-06-25 00:00:00-04:00,67.99122566185144,69.41188620303117,67.08544163300007,67.24752807617188,1670400,0.0,0.0
2015-06-26 00:00:00-04:00,67.00915519601402,67.7528526940567,66.02709274222323,66.97101593017578,6670600,0.0,0.0
2015-06-29 00:00:00-04:00,66.53243927887394,66.96150065406148,64.6636585056502,65.30247497558594,4140000,0.0,0.0
2015-06-30 00:00:00-04:00,65.26432132763232,66.64684242186956,64.2441196181088,66.03662872314453,2785800,0.0,0.0
2015-07-01 00:00:00-04:00,65.53131103515625,66.4370951535478,64.4920358202437,65.53131103515625,3169200,0.0,0.0
2015-07-02 00:00:00-04:00,64.99735306296158,66.25591971269013,64.99735306296158,65.56942749023438,1438700,0.0,0.0
2015-07-06 00:00:00-04:00,64.73039166620651,65.54083112179921,63.55764006940057,63.872276306152344,3521300,0.0,0.0
2015-07-07 00:00:00-04:00,64.50155612100991,64.57783464989632,61.60303749221434,64.19644927978516,4721300,0.0,0.0
2015-07-08 00:00:00-04:00,63.6529792216768,63.8818075402349,61.526760635681136,62.1369743347168,2760400,0.0,0.0
2015-07-09 00:00:00-04:00,63.061830970525584,63.67204466426151,61.507694105904555,61.52676010131836,2181000,0.0,0.0
2015-07-10 00:00:00-04:00,61.66978904368309,63.11904494786884,60.26820177177542,62.58510971069336,4650400,0.0,0.0
2015-07-13 00:00:00-04:00,62.68998106872257,64.8924708514912,62.28952970355025,64.19644927978516,4170400,0.0,0.0
2015-07-14 00:00:00-04:00,64.39668355080818,65.78873415419572,64.18692120555548,65.32154083251953,2424400,0.0,0.0
2015-07-15 00:00:00-04:00,65.27387541766078,65.56944571111725,63.63392293592222,63.9867057800293,2055900,0.0,0.0
2015-07-16 00:00:00-04:00,64.94014641065068,64.94968304529178,63.40507557787232,63.94854736328125,1574300,0.0,0.0
2015-07-17 00:00:00-04:00,63.5576433320225,63.94855812625085,62.0988435078846,62.93789291381836,1938600,0.0,0.0
2015-07-20 00:00:00-04:00,62.68997996390506,63.30973027012341,61.52675787901048,63.09996795654297,2777200,0.0,0.0
2015-07-21 00:00:00-04:00,63.166704144294606,65.06408688102681,62.92833922299538,64.84479522705078,2790700,0.0,0.0
2015-07-22 00:00:00-04:00,64.88294117171655,65.2166506410507,63.872268854749166,64.04389190673828,3478100,0.0,0.0
2015-07-23 00:00:00-04:00,64.3108697850771,64.8162096616788,62.11791629647456,62.35628128051758,4953300,0.0,0.0
2015-07-24 00:00:00-04:00,62.16557619404589,62.47068303977869,59.68658216317676,61.0691032409668,3916600,0.0,0.0
2015-07-27 00:00:00-04:00,59.61985873225061,60.964237324227135,58.45663988658091,60.92610168457031,3232100,0.0,0.0
2015-07-28 00:00:00-04:00,60.62098485690094,63.30974160231056,60.487497409808526,62.9283561706543,3430300,0.0,0.0
2015-07-29 00:00:00-04:00,63.166726229879984,65.28340863498418,62.48023385262211,64.92108917236328,5241000,0.0,0.0
2015-07-30 00:00:00-04:00,64.83528294656423,67.11405186818146,63.843683628580386,66.89476013183594,5277500,0.0,0.0
2015-07-31 00:00:00-04:00,65.59803778481077,66.89474370731041,64.85433302318103,65.76012420654297,5443500,0.0,0.0
2015-08-03 00:00:00-04:00,66.2654661163204,66.28453211450108,62.34674516404259,62.9092903137207,4320700,0.0,0.0
2015-08-04 00:00:00-04:00,62.8330117157911,64.16785709122149,62.451626283622126,63.25252914428711,3117900,0.0,0.0
2015-08-05 00:00:00-04:00,64.01529535060564,64.67318499136829,61.72699019842046,61.95582580566406,4185100,0.0,0.0
2015-08-06 00:00:00-04:00,62.451605904617146,62.98554097082852,59.9344730577354,61.79371643066406,3947500,0.0,0.0
2015-08-07 00:00:00-04:00,64.83527395267747,67.67658768836405,63.82460877472754,65.26432800292969,9999800,0.0,0.0
2015-08-10 00:00:00-04:00,66.08430600579416,67.80053680472278,65.3120057834373,67.36194610595703,3681100,0.0,0.0
2015-08-11 00:00:00-04:00,65.78874206542969,66.98056710284689,65.50270114672045,65.78874206542969,3382300,0.0,0.0
2015-08-12 00:00:00-04:00,65.47411302981301,66.20828148929822,64.4253082191585,64.58739471435547,3227500,0.0,0.0
2015-08-13 00:00:00-04:00,64.8257450774802,65.46456882285874,63.652993320087866,65.12132263183594,2149400,0.0,0.0
2015-08-14 00:00:00-04:00,64.7017979575412,65.66479462077879,64.27274385549579,65.25480651855469,1956500,0.0,0.0
2015-08-17 00:00:00-04:00,64.86386881049528,65.73152071723169,64.45388080691056,64.99735260009766,2471700,0.0,0.0
2015-08-18 00:00:00-04:00,64.80668572819374,65.24527651188194,63.45277409928797,63.58625793457031,1881200,0.0,0.0
2015-08-19 00:00:00-04:00,63.64344998965878,63.767397161144906,61.30747608328772,61.37421798706055,2040900,0.0,0.0
2015-08-20 00:00:00-04:00,61.36467455822294,61.517224346679185,57.72245833910599,58.294532775878906,5871700,0.0,0.0
2015-08-21 00:00:00-04:00,57.2647987731616,59.801001778751846,57.207589873909875,59.047767639160156,5352600,0.0,0.0
2015-08-24 00:00:00-04:00,54.45209720822749,57.97036304209905,51.96356620788574,57.20759582519531,6354300,0.0,0.0
2015-08-25 00:00:00-04:00,59.772408573630216,59.772408573630216,54.91929682654043,55.62485885620117,3608300,0.0,0.0
2015-08-26 00:00:00-04:00,56.7308648976289,56.7308648976289,53.65118981107407,56.06344223022461,5995000,0.0,0.0
2015-08-27 00:00:00-04:00,57.53177790673612,60.363555337629926,57.01690862163518,59.56264877319336,3592000,0.0,0.0
2015-08-28 00:00:00-04:00,59.28613760769629,61.450488406817165,59.28613760769629,60.525634765625,1902400,0.0,0.0
2015-08-31 00:00:00-04:00,60.201457287900354,60.83074067415447,58.77126744303546,59.25753402709961,2986900,0.0,0.0
2015-09-01 00:00:00-04:00,57.9608296594442,58.81894140884482,56.45436123351629,56.826210021972656,2600700,0.0,0.0
2015-09-02 00:00:00-04:00,58.1324452495226,58.361273565026174,55.40554963584155,57.1503791809082,2488000,0.0,0.0
2015-09-03 00:00:00-04:00,56.988298752117615,57.72246331277061,54.69999353353267,55.224395751953125,3371600,0.0,0.0
2015-09-04 00:00:00-04:00,54.34721681447882,54.76673788051086,53.327014965250086,53.48910140991211,3390400,0.0,0.0
2015-09-08 00:00:00-04:00,54.32814773942302,54.7858080808581,53.35561814993807,54.10885238647461,1731700,0.0,0.0
2015-09-09 00:00:00-04:00,52.15425899151676,53.04097701897226,51.21033205878122,52.430763244628906,8920500,0.0,0.0
2015-09-10 00:00:00-04:00,51.725199713793664,53.39375454327087,50.69546127319336,50.69546127319336,7545000,0.0,0.0
2015-09-11 00:00:00-04:00,50.50477199181668,51.42009262153746,48.24506941341988,50.31407928466797,16050400,0.0,0.0
2015-09-14 00:00:00-04:00,50.19965870635432,51.83007405186029,49.35107644973737,51.62031173706055,3344800,0.0,0.0
2015-09-15 00:00:00-04:00,51.72520492078536,53.77514537251047,51.4868399211504,52.2591438293457,3939000,0.0,0.0
2015-09-16 00:00:00-04:00,52.802612043807336,53.33654727785574,51.40102478010829,52.57378005981445,3074100,0.0,0.0
2015-09-17 00:00:00-04:00,52.220996097922196,52.907488349567,50.676392168882046,51.40102005004883,3895000,0.0,0.0
2015-09-18 00:00:00-04:00,50.60965006781774,51.2103271484375,50.104313879200916,51.2103271484375,2684500,0.0,0.0
2015-09-21 00:00:00-04:00,51.12452239706505,51.420096296125934,49.78014398947778,49.9613037109375,2814400,0.0,0.0
2015-09-22 00:00:00-04:00,49.16993647264791,49.722945069811836,47.48231167955465,48.08299255371094,6137100,0.0,0.0
2015-09-23 00:00:00-04:00,47.79694953394174,48.149728706056244,45.10819269717051,45.6230583190918,6577200,0.0,0.0
2015-09-24 00:00:00-04:00,45.584916034007925,47.129519948752936,44.07844774843195,46.63372039794922,9466500,0.0,0.0
2015-09-25 00:00:00-04:00,47.14859700929007,48.13065963044022,45.8709604832639,46.2428092956543,4290400,0.0,0.0
2015-09-28 00:00:00-04:00,45.93769396540616,45.93769396540616,44.13565550532862,45.260738372802734,6303000,0.0,0.0
2015-09-29 00:00:00-04:00,45.91863275510553,47.587187729690996,45.26074667450415,46.2428092956543,5056500,0.0,0.0
2015-09-30 00:00:00-04:00,46.97697763159852,47.7874172284057,44.85076213249548,46.052120208740234,5348300,0.0,0.0
2015-10-01 00:00:00-04:00,46.71954032897949,47.67300033569336,46.14746577981568,47.67300033569336,3752900,0.0,0.0
2015-10-02 00:00:00-04:00,47.1962631905433,48.502502183674544,46.528840559406504,48.149723052978516,2711700,0.0,0.0
2015-10-05 00:00:00-04:00,48.14972724353707,49.351085174411104,47.86368998734431,48.674129486083984,1914000,0.0,0.0
2015-10-06 00:00:00-04:00,48.67412229218448,49.76106588736638,48.512035871256884,49.103179931640625,2094800,0.0,0.0
2015-10-07 00:00:00-04:00,50.037576006309386,52.39262316512541,49.59898531742021,51.50590515136719,6321100,0.0,0.0
2015-10-08 00:00:00-04:00,51.677519912946615,52.00169637804696,50.2187240014149,50.809871673583984,2294200,0.0,0.0
2015-10-09 00:00:00-04:00,51.35335095915054,51.72519973938656,49.7610710297665,50.57151412963867,2432300,0.0,0.0
2015-10-12 00:00:00-04:00,50.29501196216019,50.53337694776285,47.56811594492005,48.407161712646484,2484000,0.0,0.0
2015-10-13 00:00:00-04:00,47.84462701507514,48.540652435702135,47.03418740346932,47.234413146972656,2223000,0.0,0.0
2015-10-14 00:00:00-04:00,47.64439314996424,47.663462784736964,46.36675671747885,46.786277770996094,2951000,0.0,0.0
2015-10-15 00:00:00-04:00,46.64326506470731,47.5013805859965,46.0616574749019,46.91023635864258,3312500,0.0,0.0
2015-10-16 00:00:00-04:00,46.95789596542191,47.29160544635256,45.25120202086672,45.661190032958984,3196500,0.0,0.0
2015-10-19 00:00:00-04:00,45.03190655933385,45.670726525761744,43.3824215182847,45.46096420288086,2527100,0.0,0.0
2015-10-20 00:00:00-04:00,45.851890239420456,46.44303440417689,44.679134909285104,45.394229888916016,1639200,0.0,0.0
2015-10-21 00:00:00-04:00,44.89842163238339,45.64211910429115,43.82101105185925,44.17379379272461,2200300,0.0,0.0
2015-10-22 00:00:00-04:00,44.2405390715483,44.81261353414113,42.52430840944835,43.821014404296875,2984000,0.0,0.0
2015-10-23 00:00:00-04:00,43.60171575581726,45.00330281086641,43.0487109689968,44.26913833618164,2580900,0.0,0.0
2015-10-26 00:00:00-04:00,43.98310392775314,44.33588305407954,42.98197181202865,43.239402770996094,3307800,0.0,0.0
2015-10-27 00:00:00-04:00,42.90568935920453,43.201263195279,42.19059453655112,42.96289825439453,3666400,0.0,0.0
2015-10-28 00:00:00-04:00,43.01056892127401,46.195124558965176,42.83894587922428,45.29887008666992,5117100,0.0,0.0
2015-10-29 00:00:00-04:00,45.813740699619714,47.987631423745725,45.36561708608927,46.71952819824219,2469700,0.0,0.0
2015-10-30 00:00:00-04:00,46.957901230155116,47.911361153610045,46.004441306700194,47.215335845947266,3320100,0.0,0.0
2015-11-02 00:00:00-05:00,46.98650537870891,47.21533736806596,43.68753481012194,44.221473693847656,5307900,0.0,0.0
2015-11-03 00:00:00-05:00,44.05938792764824,45.94723838547847,43.8019532783312,44.95564270019531,2424400,0.0,0.0
2015-11-04 00:00:00-05:00,45.42282476434852,46.84348148153329,44.81261106792249,45.28934097290039,2642300,0.0,0.0
2015-11-05 00:00:00-05:00,45.67073252823493,45.75654406822248,42.905697250556855,43.4777717590332,4035300,0.0,0.0
2015-11-06 00:00:00-05:00,42.90569057445886,44.28820799817907,41.91409151937508,44.240535736083984,3213500,0.0,0.0
2015-11-09 00:00:00-05:00,44.5170436950491,44.993773669395075,43.306149123751,44.040313720703125,2776400,0.0,0.0
2015-11-10 00:00:00-05:00,44.3930970744544,44.755409240722656,43.210805122971756,44.755409240722656,2565100,0.0,0.0
2015-11-11 00:00:00-05:00,44.34541583496481,44.65052633185787,42.40036051346098,43.00103759765625,2285900,0.0,0.0
2015-11-12 00:00:00-05:00,42.11432333963005,43.8782263914787,42.06665107058786,42.791282653808594,2767000,0.0,0.0
2015-11-13 00:00:00-05:00,43.14406638383978,44.12612905144769,42.114327804973655,43.973575592041016,2255700,0.0,0.0
2015-11-16 00:00:00-05:00,44.15473068467718,47.73973842250655,44.01171024025773,47.62532424926758,4334200,0.0,0.0
2015-11-17 00:00:00-05:00,47.434629822956985,47.434629822956985,45.1844638865956,45.5181770324707,3085100,0.0,0.0
2015-11-18 00:00:00-05:00,46.0616536610813,47.1390608365174,45.77561275289421,46.77674865722656,3524600,0.0,0.0
2015-11-19 00:00:00-05:00,46.643261951034276,48.26414469573313,46.242810492605834,47.86369323730469,1901300,0.0,0.0
2015-11-20 00:00:00-05:00,47.501369918778536,49.54177343656923,47.463230651472365,47.901824951171875,2502800,0.0,0.0
2015-11-23 00:00:00-05:00,48.111589883449014,48.40716378764421,46.17606728127983,46.18560028076172,2753200,0.0,0.0
2015-11-24 00:00:00-05:00,46.566982957166964,47.86368903919227,46.21420380275627,47.386959075927734,3087600,0.0,0.0
2015-11-25 00:00:00-05:00,47.00556564331055,47.82554162239289,46.6813891780259,47.00556564331055,1244900,0.0,0.0
2015-11-27 00:00:00-05:00,46.25234546113788,46.996046773986336,44.81262238486867,45.38469696044922,1132500,0.0,0.0
2015-11-30 00:00:00-05:00,45.451431227764694,46.08071824707864,43.97356912513428,45.33701705932617,3186900,0.0,0.0
2015-12-01 00:00:00-05:00,45.8995658097883,45.8995658097883,44.29775264930742,44.545654296875,2409400,0.0,0.0
2015-12-02 00:00:00-05:00,44.27867440050157,45.02237556140448,43.22033701562255,43.44916534423828,2475200,0.0,0.0
2015-12-03 00:00:00-05:00,43.38241864322276,43.84961552126954,41.66619181993393,42.428958892822266,4767100,0.0,0.0
2015-12-04 00:00:00-05:00,42.02851136025364,42.88662303124617,41.60898670419626,42.44803237915039,4829400,0.0,0.0
2015-12-07 00:00:00-05:00,41.113181154834365,41.34201308267964,36.90842403260312,40.19786071777344,12436900,0.0,0.0
2015-12-08 00:00:00-05:00,39.28255922990664,42.15247270461483,38.81536215222017,40.59833526611328,3057800,0.0,0.0
2015-12-09 00:00:00-05:00,40.89389761437319,41.370627600341,39.4827772923678,40.445770263671875,3220000,0.0,0.0
2015-12-10 00:00:00-05:00,40.85575167039999,41.99990417730274,39.84508659298367,41.42782974243164,3269000,0.0,0.0
2015-12-11 00:00:00-05:00,41.189470795871344,41.189470795871344,39.15860007270292,39.36836242675781,3374100,0.0,0.0
2015-12-14 00:00:00-05:00,40.264612507662115,40.932035187755574,37.928634945915505,38.271881103515625,4870900,0.0,0.0
2015-12-15 00:00:00-05:00,38.948836072434794,39.301618859736585,36.80355126370963,37.451904296875,6818700,0.0,0.0
2015-12-16 00:00:00-05:00,37.21353149472121,37.63305609690262,35.697530403111465,37.08958435058594,5937500,0.0,0.0
2015-12-17 00:00:00-05:00,36.75588133026957,37.18493904670221,35.37336363828046,35.544986724853516,4892700,0.0,0.0
2015-12-18 00:00:00-05:00,35.36381804767815,36.088445770748294,33.895489335197226,34.36268615722656,7766800,0.0,0.0
2015-12-21 00:00:00-05:00,34.3245542828672,34.5247799765987,33.45690597287004,34.20060348510742,3213600,0.0,0.0
2015-12-22 00:00:00-05:00,34.16246823789175,35.373359049049384,34.16246823789175,34.65826416015625,3067800,0.0,0.0
2015-12-23 00:00:00-05:00,35.3256819773794,37.518638610839844,35.278009718705086,37.518638610839844,4857900,0.0,0.0
2015-12-24 00:00:00-05:00,38.04304778679453,38.12885931498455,36.927497920324235,37.04191207885742,997400,0.0,0.0
2015-12-28 00:00:00-05:00,36.336364115649765,36.841696792557414,35.10639974342693,35.52592086791992,1955700,0.0,0.0
2015-12-29 00:00:00-05:00,36.10752417116578,36.231474972371004,35.24941247253765,35.306617736816406,2020000,0.0,0.0
2015-12-30 00:00:00-05:00,34.61059584807334,35.659403987203504,34.5247843061187,34.73454666137695,2128800,0.0,0.0
2015-12-31 00:00:00-05:00,34.77267530251719,36.11705329071499,34.70593341664043,35.51637268066406,1722400,0.0,0.0
2016-01-04 00:00:00-05:00,35.287544709171186,36.221938490346034,34.71547029843921,35.76427459716797,2246200,0.0,0.0
2016-01-05 00:00:00-05:00,35.81195148727138,37.18493229334,35.63079179703392,36.67959976196289,2902600,0.0,0.0
2016-01-06 00:00:00-05:00,35.764285906145275,36.898905726136896,35.03965784760707,35.33523178100586,2098200,0.0,0.0
2016-01-07 00:00:00-05:00,34.67733668624901,34.99198020944498,32.57019111079576,33.34249496459961,3473600,0.0,0.0
2016-01-08 00:00:00-05:00,33.76201977767261,34.1624748846906,32.894371289155266,33.38063430786133,1920900,0.0,0.0
2016-01-11 00:00:00-05:00,33.733416428878556,34.32456062117134,31.75021784715122,32.21741485595703,4837800,0.0,0.0
2016-01-12 00:00:00-05:00,32.474845409419395,32.751346015377145,31.3020901722718,31.912303924560547,4641500,0.0,0.0
2016-01-13 00:00:00-05:00,33.132728595352155,33.82875382434921,30.091191274087134,31.07325553894043,6059500,0.0,0.0
2016-01-14 00:00:00-05:00,30.75861605038404,31.8074241662147,29.986315827110204,31.283021926879883,3658200,0.0,0.0
2016-01-15 00:00:00-05:00,29.194947154803117,31.16860732330565,29.194947154803117,30.51072120666504,3534000,0.0,0.0
2016-01-19 00:00:00-05:00,30.510717792931345,30.777685409727976,28.069860878699377,28.613332748413086,4561800,0.0,0.0
2016-01-20 00:00:00-05:00,26.849428518003915,27.7838187097485,25.524119943619652,27.19267463684082,5135400,0.0,0.0
2016-01-21 00:00:00-05:00,27.202209913167664,28.289153549752132,26.334561603511585,27.77428436279297,4484300,0.0,0.0
2016-01-22 00:00:00-05:00,29.032853163014334,31.39743315480608,28.632399953228607,30.148401260375977,4138700,0.0,0.0
2016-01-25 00:00:00-05:00,29.29028789166603,29.957710558631042,27.583595591951067,28.022186279296875,3313600,0.0,0.0
2016-01-26 00:00:00-05:00,28.718211178304095,28.718211178304095,26.69687551751677,27.717077255249023,3647000,0.0,0.0
2016-01-27 00:00:00-05:00,27.650341148624044,28.222417536104818,26.830364932615574,27.812429428100586,2960600,0.0,0.0
2016-01-28 00:00:00-05:00,28.603799518405722,29.185410690559095,27.70754662429311,28.251018524169922,3490200,0.0,0.0
2016-01-29 00:00:00-05:00,28.374967750140776,29.185409054788476,28.050791228281696,28.651470184326172,3032800,0.0,0.0
2016-02-01 00:00:00-05:00,27.964981078835425,28.54659224729546,27.698011630336595,27.917308807373047,2543700,0.0,0.0
2016-02-02 00:00:00-05:00,27.17360972021408,27.650339715305556,25.69574746286275,25.886438369750977,4153700,0.0,0.0
2016-02-03 00:00:00-05:00,26.39176627068121,27.26894931673842,25.047388163588547,27.13546371459961,5030800,0.0,0.0
2016-02-04 00:00:00-05:00,27.10686810195188,27.373835738168406,24.990185737202967,26.27735710144043,7004000,0.0,0.0
2016-02-05 00:00:00-05:00,26.0580578029033,26.086662253284484,22.86396692021848,23.865100860595703,8917000,0.0,0.0
2016-02-08 00:00:00-05:00,22.92117653521417,23.00698625187088,21.738884676076115,22.549325942993164,6207100,0.0,0.0
2016-02-09 00:00:00-05:00,22.263289305054904,23.731616623618407,22.06306177790779,23.32162857055664,8171500,0.0,0.0
2016-02-10 00:00:00-05:00,22.98791576810007,24.55158921789614,22.63513485100744,23.807889938354492,3679000,0.0,0.0
2016-02-11 00:00:00-05:00,23.188150652051043,24.12254116642071,22.711420575097424,23.5981388092041,5665400,0.0,0.0
2016-02-12 00:00:00-05:00,24.351368246434355,25.075996215538126,23.350234197486827,24.837631225585938,2835000,0.0,0.0
2016-02-16 00:00:00-05:00,25.714814888264904,25.829230885516907,24.704147823291304,25.342966079711914,3458000,0.0,0.0
2016-02-17 00:00:00-05:00,25.791089241937982,27.993582892507934,25.514586820090837,27.049657821655273,6689300,0.0,0.0
2016-02-18 00:00:00-05:00,27.936376589147287,28.155673765903796,26.506186624134685,27.898239135742188,4135900,0.0,0.0
2016-02-19 00:00:00-05:00,27.03058896486327,29.051922967073097,26.868500706504708,28.00311851501465,3869500,0.0,0.0
2016-02-22 00:00:00-05:00,28.746814870438648,29.948174531289684,28.584726618929054,28.908903121948242,3519400,0.0,0.0
2016-02-23 00:00:00-05:00,30.119799742554353,30.78722243003555,28.537056382781763,29.080528259277344,4738300,0.0,0.0
2016-02-24 00:00:00-05:00,28.603800332702427,32.87530074592664,28.203347055301368,32.05532455444336,9730600,0.0,0.0
2016-02-25 00:00:00-05:00,32.79902279380216,33.72387644549694,31.24488210148812,32.99924850463867,4616700,0.0,0.0
2016-02-26 00:00:00-05:00,34.324554075020885,35.82148572565311,33.781082259805906,34.009910583496094,6123200,0.0,0.0
2016-02-29 00:00:00-05:00,34.61058370766419,34.8775548763,33.0564434983722,34.086181640625,4480400,0.0,0.0
2016-03-01 00:00:00-05:00,34.33408653778081,34.887094979538915,33.008777969157144,33.399696350097656,6742000,0.0,0.0
2016-03-02 00:00:00-05:00,32.732282233524955,34.82035824043113,32.29368788686666,34.80128860473633,5597800,0.0,0.0
2016-03-03 00:00:00-05:00,34.801292724224155,35.91683926571106,34.47711615336136,35.3256950378418,4439000,0.0,0.0
2016-03-04 00:00:00-05:00,36.231479715417976,36.92750507349166,35.32569199510028,36.26961898803711,5209900,0.0,0.0
2016-03-07 00:00:00-05:00,36.231472490946665,37.03237887044349,35.373357213928465,36.67959976196289,4354600,0.0,0.0
2016-03-08 00:00:00-05:00,36.60332647830588,36.689138018307105,33.23761405733968,33.76201629638672,5389700,0.0,0.0
2016-03-09 00:00:00-05:00,34.32455825963454,35.03965322337693,32.90390133131547,34.372230529785156,4843500,0.0,0.0
2016-03-10 00:00:00-05:00,34.51524691805094,34.629661080388345,33.285282852151774,34.038516998291016,2807500,0.0,0.0
2016-03-11 00:00:00-05:00,34.810818163453696,35.640330866967304,34.448506032545076,35.25894546508789,2849800,0.0,0.0
2016-03-14 00:00:00-04:00,34.610589227698554,36.19333231432004,34.56291696621172,35.8500862121582,1983100,0.0,0.0
2016-03-15 00:00:00-04:00,35.344759926829845,35.6689364541359,33.46644266827763,34.18153762817383,3642000,0.0,0.0
2016-03-16 00:00:00-04:00,34.41990750468352,35.79289235052092,33.76202135749415,35.783355712890625,2657300,0.0,0.0
2016-03-17 00:00:00-04:00,36.25053706246853,36.34588157453249,35.29707739318896,35.51637268066406,2445600,0.0,0.0
2016-03-18 00:00:00-04:00,36.078920465291795,36.20287126280816,33.78108239802106,33.9908447265625,3952800,0.0,0.0
2016-03-21 00:00:00-04:00,33.781090033826814,34.81082500172617,33.57132765787114,34.21968078613281,1907800,0.0,0.0
2016-03-22 00:00:00-04:00,33.59992276327604,34.37222282317706,33.46643534475809,34.21013641357422,2072600,0.0,0.0
2016-03-23 00:00:00-04:00,33.800158990261636,34.41990583111964,33.132736237893376,33.19947814941406,2353500,0.0,0.0
2016-03-24 00:00:00-04:00,32.675067696215216,33.390162544327765,31.95997284810267,32.532047271728516,3575700,0.0,0.0
2016-03-28 00:00:00-04:00,32.465312443694486,32.53205435307339,31.197212528334106,31.65487289428711,2181400,0.0,0.0
2016-03-29 00:00:00-04:00,31.559528409825624,32.045795106182766,30.281893526464266,31.645339965820312,2394900,0.0,0.0
2016-03-30 00:00:00-04:00,32.08393851224511,33.21855488780826,31.51186018627981,32.141143798828125,1933200,0.0,0.0
2016-03-31 00:00:00-04:00,32.141132576979295,32.62739916613137,31.902767600341072,32.255550384521484,2158000,0.0,0.0
2016-04-01 00:00:00-04:00,31.540455345755802,32.41763671091994,31.37836527087754,32.198341369628906,1687100,0.0,0.0
2016-04-04 00:00:00-04:00,32.15066877711302,32.83715742725763,31.702541463215198,31.759750366210938,1996500,0.0,0.0
2016-04-05 00:00:00-04:00,31.349767831271386,32.71321600978684,31.244886642591506,31.731149673461914,1525900,0.0,0.0
2016-04-06 00:00:00-04:00,32.21741119665468,32.8943668590972,31.654869704882234,32.389034271240234,2584200,0.0,0.0
2016-04-07 00:00:00-04:00,32.15066192855954,32.85622006274203,31.826485488292974,32.60832214355469,1293700,0.0,0.0
2016-04-08 00:00:00-04:00,33.38062658414768,33.79061459632402,32.82762178175483,33.24714279174805,1544400,0.0,0.0
2016-04-11 00:00:00-04:00,33.45690937301775,34.5915253899653,33.28528629318891,33.790618896484375,2185300,0.0,0.0
2016-04-12 00:00:00-04:00,33.95269924486181,36.08844685716574,33.876420725842394,35.440093994140625,2901400,0.0,0.0
2016-04-13 00:00:00-04:00,35.27801951612092,36.19334023064753,34.90617070316706,36.15520095825195,2538000,0.0,0.0
2016-04-14 00:00:00-04:00,36.13612833973327,37.48050652954145,36.040780176210376,37.21353530883789,2842000,0.0,0.0
2016-04-15 00:00:00-04:00,36.62239356824608,36.8512255380656,34.90616652466239,35.4019660949707,4293700,0.0,0.0
2016-04-18 00:00:00-04:00,34.00037875628192,35.611724624245284,33.466439920684465,35.18267059326172,3445900,0.0,0.0
2016-04-19 00:00:00-04:00,35.47824088558291,35.67846658534064,34.0766573501181,35.39242935180664,3748200,0.0,0.0
2016-04-20 00:00:00-04:00,35.31615130712437,36.49843940364107,35.00150783225691,36.012176513671875,2470500,0.0,0.0
2016-04-21 00:00:00-04:00,36.14565583175787,36.3649511187164,35.44963071128253,35.478233337402344,2044100,0.0,0.0
2016-04-22 00:00:00-04:00,35.27801930726324,35.78335193344868,35.27801930726324,35.65940475463867,2786600,0.0,0.0
2016-04-25 00:00:00-04:00,35.82149065983859,35.92637183812691,34.658268336511576,35.03965377807617,1830400,0.0,0.0
2016-04-26 00:00:00-04:00,35.2207988738098,35.792876857673534,34.62965489726126,35.51637268066406,2384800,0.0,0.0
2016-04-27 00:00:00-04:00,36.0884599736796,37.51864999066285,35.85009497084906,37.28982162475586,2559800,0.0,0.0
2016-04-28 00:00:00-04:00,37.2802845703937,37.83329311660577,36.40310311563679,36.82262420654297,2245100,0.0,0.0
2016-04-29 00:00:00-04:00,36.64146462154307,37.90003141140165,36.30775510800515,37.07052230834961,2287000,0.0,0.0
2016-05-02 00:00:00-04:00,37.432842252913645,37.56632972329646,36.651005255051196,37.175411224365234,2050900,0.0,0.0
2016-05-03 00:00:00-04:00,36.64146330244421,37.08005397220782,35.07778968874036,35.630794525146484,1581700,0.0,0.0
2016-05-04 00:00:00-04:00,35.75474799480988,35.983579982327534,33.4283070346589,34.18153762817383,2824500,0.0,0.0
2016-05-05 00:00:00-04:00,34.858497251706446,35.726145664959574,34.295955732971265,34.429439544677734,1690200,0.0,0.0
2016-05-06 00:00:00-04:00,34.057588912644825,34.54385186301812,31.683472152876462,32.24601364135742,3384200,0.0,0.0
2016-05-09 00:00:00-04:00,31.95044245174728,32.04579063240895,30.23421520861023,30.65373992919922,3633100,0.0,0.0
2016-05-10 00:00:00-04:00,30.672810512860565,32.026725783337646,30.672810512860565,31.931381225585938,2129600,0.0,0.0
2016-05-11 00:00:00-04:00,31.836026724033985,32.25555142422288,31.0351202312273,31.19721031188965,1677400,0.0,0.0
2016-05-12 00:00:00-04:00,32.46530971647343,33.92410587488754,32.46530971647343,33.13273239135742,4960300,0.0,0.0
2016-05-13 00:00:00-04:00,32.94203528716902,33.30435102874468,32.24601007122137,32.40810012817383,2152900,0.0,0.0
2016-05-16 00:00:00-04:00,32.799023133100356,33.742946429471985,32.61786341814101,33.409236907958984,1676600,0.0,0.0
2016-05-17 00:00:00-04:00,33.666671795759406,34.27688557550393,32.951576840653594,33.828758239746094,2751700,0.0,0.0
2016-05-18 00:00:00-04:00,33.81922404932248,33.82875704803722,32.0553210399031,32.255550384521484,3036300,0.0,0.0
2016-05-19 00:00:00-04:00,31.47370912889102,31.883697169442012,30.539318880265284,31.349761962890625,2897600,0.0,0.0
2016-05-20 00:00:00-04:00,31.464176779277437,32.56065712190449,31.082791363452145,32.27461624145508,1865900,0.0,0.0
2016-05-23 00:00:00-04:00,31.797881979654573,32.207869973081465,31.35929135692453,31.664398193359375,1200900,0.0,0.0
2016-05-24 00:00:00-04:00,31.95044288553827,32.11253297628322,30.79675716257735,31.359298706054688,1595400,0.0,0.0
2016-05-25 00:00:00-04:00,31.64533283541461,32.39856703085163,31.426037494431846,32.083927154541016,1145500,0.0,0.0
2016-05-26 00:00:00-04:00,32.446240890972454,32.88483523162501,31.69301029572786,31.72161293029785,976000,0.0,0.0
2016-05-27 00:00:00-04:00,31.14954011217021,31.902774473544056,31.082798195305358,31.244888305664062,1769100,0.0,0.0
2016-05-31 00:00:00-04:00,31.588124339976787,31.702538498106364,30.63466453552246,30.63466453552246,2705600,0.0,0.0
2016-06-01 00:00:00-04:00,30.63466466127736,30.86349297847585,29.5763236920429,30.739545822143555,1991500,0.0,0.0
2016-06-02 00:00:00-04:00,30.386771576340237,32.45577988831401,30.367701939519307,32.42717361450195,1848900,0.0,0.0
2016-06-03 00:00:00-04:00,32.713212226112844,32.894368307413366,31.740682639695205,31.807424545288086,1789800,0.0,0.0
2016-06-06 00:00:00-04:00,32.1029854082493,32.27460844017059,31.58811994964545,32.07438278198242,1727500,0.0,0.0
2016-06-07 00:00:00-04:00,32.4176417153597,34.095729803803756,32.150674065124875,33.93364334106445,2612400,0.0,0.0
2016-06-08 00:00:00-04:00,34.324548094064596,35.92636062942708,33.990838664680744,35.51637268066406,3484100,0.0,0.0
2016-06-09 00:00:00-04:00,35.278018586708384,36.37449899764619,34.848960876464844,34.848960876464844,2809400,0.0,0.0
2016-06-10 00:00:00-04:00,34.40083948989112,34.477114400660454,32.627403259277344,32.627403259277344,1778000,0.0,0.0
2016-06-13 00:00:00-04:00,32.16020560423511,32.99925142891988,31.645336327463006,31.693012237548828,1979100,0.0,0.0
2016-06-14 00:00:00-04:00,31.931374670114018,32.274617189849955,30.386768782658326,30.98744773864746,2944700,0.0,0.0
2016-06-15 00:00:00-04:00,30.77768948742585,31.92184228368036,30.520254835481474,31.559526443481445,2249100,0.0,0.0
2016-06-16 00:00:00-04:00,30.987442567709724,31.62625886865322,30.36769408007157,31.549983978271484,1494400,0.0,0.0
2016-06-17 00:00:00-04:00,31.816956422681294,32.903900146484375,31.816956422681294,32.903900146484375,2858000,0.0,0.0
2016-06-20 00:00:00-04:00,33.23761016481181,34.36269305210658,33.20900753388146,33.56178665161133,3447300,0.0,0.0
2016-06-21 00:00:00-04:00,33.7524833337067,33.914569777683056,32.83715902698724,33.78108596801758,3846400,0.0,0.0
2016-06-22 00:00:00-04:00,33.94316478684137,34.801279995007,33.800148010253906,33.800148010253906,3905400,0.0,0.0
2016-06-23 00:00:00-04:00,34.27687980770012,35.97403705167741,33.971772969168484,35.91682815551758,3675700,0.0,0.0
2016-06-24 00:00:00-04:00,33.45690891425889,34.96337370445871,32.77041660435666,33.18040466308594,5027500,0.0,0.0
2016-06-27 00:00:00-04:00,32.427169672209615,33.32342430802571,31.82649255260282,32.17927169799805,3222400,0.0,0.0
2016-06-28 00:00:00-04:00,32.70367855424962,33.69527786602985,32.70367855424962,33.38063430786133,2580900,0.0,0.0
2016-06-29 00:00:00-04:00,34.05758763792018,35.9835770071213,33.733411137417804,35.306617736816406,3907600,0.0,0.0
2016-06-30 00:00:00-04:00,35.27801178990374,35.85008620190288,34.58198658834597,35.80241394042969,2212700,0.0,0.0
2016-07-01 00:00:00-04:00,35.60219302091531,37.18493631873931,35.52591448262938,36.851226806640625,2833100,0.0,0.0
2016-07-05 00:00:00-04:00,36.002643124993114,36.412631160454794,34.19107155257153,35.4114990234375,3322700,0.0,0.0
2016-07-06 00:00:00-04:00,35.106388312912905,35.754741245130774,34.80128147859395,35.297080993652344,4054700,0.0,0.0
2016-07-07 00:00:00-04:00,35.83103134603874,36.10753200340476,34.963379186556764,35.37336730957031,3115400,0.0,0.0
2016-07-08 00:00:00-04:00,35.73567597186646,36.30775408385867,35.33522456691665,35.90729904174805,2057400,0.0,0.0
2016-07-11 00:00:00-04:00,36.5556598829787,36.603332159898876,35.59266679540943,35.99311828613281,1718300,0.0,0.0
2016-07-12 00:00:00-04:00,36.8321536733228,37.728404590080714,36.53657982128322,37.22307205200195,2987200,0.0,0.0
2016-07-13 00:00:00-04:00,37.232616503081914,37.66167427926538,36.27915639474608,37.175411224365234,1837600,0.0,0.0
2016-07-14 00:00:00-04:00,37.62351996591654,37.709331486858986,36.9465644324596,37.61398696899414,1512000,0.0,0.0
2016-07-15 00:00:00-04:00,37.947700616038006,38.138393310020234,37.45190106654847,38.00490951538086,2506300,0.0,0.0
2016-07-18 00:00:00-04:00,37.900024864414355,38.44349662810106,37.556778774262696,38.281410217285156,2279800,0.0,0.0
2016-07-19 00:00:00-04:00,37.90956477509313,37.99537631328052,36.994244125868235,37.62352752685547,2056500,0.0,0.0
2016-07-20 00:00:00-04:00,37.35657157431342,38.5102575633864,37.35657157431342,38.13840866088867,1992200,0.0,0.0
2016-07-21 00:00:00-04:00,38.24327080542777,39.864153093067245,38.13838965193929,38.252803802490234,2982200,0.0,0.0
2016-07-22 00:00:00-04:00,38.47209638988785,39.311141921387616,38.290940361210865,39.16812515258789,2606500,0.0,0.0
2016-07-25 00:00:00-04:00,39.09184986208981,39.09184986208981,38.56744772551823,38.681861877441406,2398600,0.0,0.0
2016-07-26 00:00:00-04:00,38.605591523458685,39.702068185607146,38.53884598673938,39.406497955322266,1985100,0.0,0.0
2016-07-27 00:00:00-04:00,39.692542563801304,39.92137093705325,38.35769705023977,39.18720626831055,2437200,0.0,0.0
2016-07-28 00:00:00-04:00,39.2825358483845,39.62578188284323,38.78673642496186,39.568572998046875,1440800,0.0,0.0
2016-07-29 00:00:00-04:00,39.27301092701771,40.11205663510537,38.76767835735029,39.88322830200195,1928400,0.0,0.0
2016-08-01 00:00:00-04:00,39.749750707193684,39.749750707193684,37.537723541259766,37.537723541259766,3125200,0.0,0.0
2016-08-02 00:00:00-04:00,37.79514280317517,37.95723284726009,36.946564232427626,37.518638610839844,2824000,0.0,0.0
2016-08-03 00:00:00-04:00,37.73795001674497,38.98698033764507,37.5377206446981,38.88209915161133,1800100,0.0,0.0
2016-08-04 00:00:00-04:00,38.63420157145201,39.644870531449385,38.63420157145201,39.32069396972656,2139100,0.0,0.0
2016-08-05 00:00:00-04:00,39.5781180029461,40.6650653209354,39.368359302697606,40.16926574707031,1841800,0.0,0.0
2016-08-08 00:00:00-04:00,40.79854590330734,41.723399440308754,40.4457631569228,40.96063232421875,3375700,0.0,0.0
2016-08-09 00:00:00-04:00,40.34089650852748,42.095263167047136,39.95951102909044,40.23601531982422,3014700,0.0,0.0
2016-08-10 00:00:00-04:00,40.741347858379136,40.89390132223445,39.93090826361553,40.06439208984375,1939300,0.0,0.0
2016-08-11 00:00:00-04:00,40.24554457802323,41.06552073655774,39.692539685136026,40.464839935302734,1491500,0.0,0.0
2016-08-12 00:00:00-04:00,40.76041816498605,41.20854556367408,40.21694621375916,40.98925018310547,1677900,0.0,0.0
2016-08-15 00:00:00-04:00,41.25621075923543,41.9140967880298,41.25621075923543,41.7996826171875,2240100,0.0,0.0
2016-08-16 00:00:00-04:00,41.19901327502651,42.47665005458489,40.998787511262464,42.15247344970703,2289200,0.0,0.0
2016-08-17 00:00:00-04:00,42.42896304182561,43.04871339505362,42.219200712334164,42.77220916748047,2986400,0.0,0.0
2016-08-18 00:00:00-04:00,42.905693592412696,43.80194454918746,42.772209794293126,43.4873046875,2297800,0.0,0.0
2016-08-19 00:00:00-04:00,43.144058015611435,43.449164875246225,42.68639772615926,42.90569305419922,1764300,0.0,0.0
2016-08-22 00:00:00-04:00,42.07618703002965,42.3336216433106,41.54224816872537,42.114322662353516,1229000,0.0,0.0
2016-08-23 00:00:00-04:00,42.428958892822266,42.915221765175986,42.15245469228765,42.428958892822266,915100,0.0,0.0
2016-08-24 00:00:00-04:00,42.285949002108865,42.58152290769122,40.85575902047504,41.18947219848633,1716200,0.0,0.0
2016-08-25 00:00:00-04:00,41.04645178020287,41.828288679851596,41.03691878066818,41.30388641357422,984900,0.0,0.0
2016-08-26 00:00:00-04:00,41.40876815160768,42.34315851651655,41.33248960565858,41.94270706176758,1724500,0.0,0.0
2016-08-29 00:00:00-04:00,41.91409701657377,42.42896624391291,41.61852677052277,42.00944519042969,816400,0.0,0.0
2016-08-30 00:00:00-04:00,42.04758038766856,42.34315426782165,41.389694362095284,41.465972900390625,1369800,0.0,0.0
2016-08-31 00:00:00-04:00,41.342025472977944,41.46597628925748,40.28368430918147,40.90343475341797,1853600,0.0,0.0
2016-09-01 00:00:00-04:00,40.65553661363379,41.37063166280557,40.39810195947257,40.684139251708984,1469500,0.0,0.0
2016-09-02 00:00:00-04:00,41.065521730010815,41.80921936287723,40.87482900340985,41.6185302734375,1313600,0.0,0.0
2016-09-06 00:00:00-04:00,41.58992114138299,42.85802459452237,41.485039967103965,42.81035232543945,1502400,0.0,0.0
2016-09-07 00:00:00-04:00,42.90569296364388,43.38242288546214,42.65779500464907,42.77220916748047,1908300,0.0,0.0
2016-09-08 00:00:00-04:00,42.85802523709106,43.82101818078371,42.676865519834465,43.754276275634766,1740000,0.0,0.0
2016-09-09 00:00:00-04:00,42.95336531904953,43.85915289984809,42.74360662627603,42.90569305419922,2261900,0.0,0.0
2016-09-12 00:00:00-04:00,42.12386369209134,43.68753753245957,41.1894733152167,42.91523361206055,2911400,0.0,0.0
2016-09-13 00:00:00-04:00,42.04758801218894,42.75315007071734,40.80809063741786,41.50411605834961,2258300,0.0,0.0
2016-09-14 00:00:00-04:00,41.351550570814915,41.99990352677898,40.66506198703452,40.855751037597656,1598500,0.0,0.0
2016-09-15 00:00:00-04:00,41.9522356682109,41.9522356682109,40.89389459554438,41.418296813964844,1161100,0.0,0.0
2016-09-16 00:00:00-04:00,40.7127381996661,41.41829648438888,40.52204549344126,40.93203353881836,1353700,0.0,0.0
2016-09-19 00:00:00-04:00,40.76994733567004,41.3706281442925,40.45530743211811,41.065521240234375,2694800,0.0,0.0
2016-09-20 00:00:00-04:00,40.655525477782746,41.36108733339132,40.655525477782746,40.96063232421875,1102700,0.0,0.0
2016-09-21 00:00:00-04:00,41.62805609572438,42.32408133622534,41.24667070827918,42.2382698059082,1579900,0.0,0.0
2016-09-22 00:00:00-04:00,42.87709777639084,43.85916042194717,42.29548658884965,42.419437408447266,2249500,0.0,0.0
2016-09-23 00:00:00-04:00,41.99991212436275,43.31568793812493,41.41830094446928,41.685272216796875,2308500,0.0,0.0
2016-09-26 00:00:00-04:00,41.68527164903747,41.99037855283234,40.57925821349077,40.90343475341797,1506500,0.0,0.0
2016-09-27 00:00:00-04:00,40.56971723164162,40.89389373684803,39.77834742129588,40.25507736206055,1460100,0.0,0.0
2016-09-28 00:00:00-04:00,40.731805148869086,42.238269790697835,39.797414950841514,42.14292526245117,2702600,0.0,0.0
2016-09-29 00:00:00-04:00,42.14293610934403,42.715010700387715,41.16086975726492,41.3515625,1745600,0.0,0.0
2016-09-30 00:00:00-04:00,41.09411664921717,41.942698941384066,40.283677259801365,41.57084655761719,6175600,0.0,0.0
2016-10-03 00:00:00-04:00,40.474380270690475,42.381300390514184,39.96904396566738,40.150203704833984,3126700,0.0,0.0
2016-10-04 00:00:00-04:00,40.56018786014315,40.77948321604539,39.81648661277779,40.140663146972656,2719800,0.0,0.0
2016-10-05 00:00:00-04:00,40.49344224640241,40.86529101746302,39.94997040605831,40.1215934753418,1951300,0.0,0.0
2016-10-06 00:00:00-04:00,40.1120564888805,40.455302624445125,39.74020772107241,39.85462188720703,1703200,0.0,0.0
2016-10-07 00:00:00-04:00,39.72114578199034,40.293220360646785,39.702076144413596,40.05485534667969,1690000,0.0,0.0
2016-10-10 00:00:00-04:00,40.712741381966936,40.951106374089505,39.94997413460695,40.178802490234375,1411500,0.0,0.0
2016-10-11 00:00:00-04:00,40.18833905339263,40.22647468782019,39.501846713440806,40.045318603515625,1858000,0.0,0.0
2016-10-12 00:00:00-04:00,40.08344993001787,40.14065518890091,39.20626504315375,39.76880645751953,1449200,0.0,0.0
2016-10-13 00:00:00-04:00,39.473247487298885,39.8641659619404,39.13000128767971,39.549522399902344,2455600,0.0,0.0
2016-10-14 00:00:00-04:00,39.51137479325392,39.76880938868305,38.53884531179743,38.79627990722656,2340700,0.0,0.0
2016-10-17 00:00:00-04:00,38.7200016055143,39.263473380127145,38.3004769814901,39.158592224121094,1697800,0.0,0.0
2016-10-18 00:00:00-04:00,38.73908294335954,40.14066674697094,38.73908294335954,39.6734733581543,1549100,0.0,0.0
2016-10-19 00:00:00-04:00,40.04531442519284,40.27414639368753,39.66392902342194,39.68299865722656,1633900,0.0,0.0
2016-10-20 00:00:00-04:00,39.14905972487596,39.91182681849597,39.120453458317435,39.65439224243164,1296900,0.0,0.0
2016-10-21 00:00:00-04:00,39.55905514804704,39.88323167835432,39.3492927939773,39.463706970214844,906600,0.0,0.0
2016-10-24 00:00:00-04:00,39.282542931763736,39.969031487308264,38.90115757200317,39.120452880859375,1183000,0.0,0.0
2016-10-25 00:00:00-04:00,38.96791419293075,39.7306815635916,37.98585143052752,38.22421646118164,2301400,0.0,0.0
2016-10-26 00:00:00-04:00,37.69027318483031,38.17653982872003,37.089595994841325,37.490047454833984,3148000,0.0,0.0
2016-10-27 00:00:00-04:00,37.66166308617987,38.08118409978736,37.11819127692177,37.633060455322266,2326700,0.0,0.0
2016-10-28 00:00:00-04:00,37.49003933462569,37.871424712435974,36.72727221616566,36.94656753540039,1810000,0.0,0.0
2016-10-31 00:00:00-04:00,36.422172192708025,36.61286491734066,35.430572934347275,35.94544219970703,3040800,0.0,0.0
2016-11-01 00:00:00-04:00,36.23147527052546,36.23147527052546,35.03011742769562,35.678466796875,2931200,0.0,0.0
2016-11-02 00:00:00-04:00,35.23034223345562,35.63079362517004,34.438968811028516,34.5152473449707,2741800,0.0,0.0
2016-11-03 00:00:00-04:00,35.48778485700834,36.927507957801986,34.79175944456995,34.915706634521484,2885600,0.0,0.0
2016-11-04 00:00:00-04:00,34.6105998958213,35.64033851970605,34.44851342937363,35.12546920776367,3413500,0.0,0.0
2016-11-07 00:00:00-05:00,35.125473320113606,36.183814706181025,35.125473320113606,35.735687255859375,3091900,0.0,0.0
2016-11-08 00:00:00-05:00,37.118189514751265,37.118189514751265,35.42103227077398,35.91682815551758,2439100,0.0,0.0
2016-11-09 00:00:00-05:00,35.28754854206461,36.23147542317708,35.27801554361979,35.75474548339844,3289900,0.0,0.0
2016-11-10 00:00:00-05:00,35.735679661817045,36.117065109192474,35.12546585574531,35.65940475463867,2383500,0.0,0.0
2016-11-11 00:00:00-05:00,35.26848509355188,35.592661621511645,33.84782817000908,34.124332427978516,3333800,0.0,0.0
2016-11-14 00:00:00-05:00,34.02897697155484,34.620124631895514,33.43783294837446,34.44850158691406,2318100,0.0,0.0
2016-11-15 00:00:00-05:00,35.05871669997733,36.05984874591196,34.71547059573451,36.04077911376953,3229200,0.0,0.0
2016-11-16 00:00:00-05:00,35.95497861009873,36.14567135282151,35.11593636157699,35.363834381103516,1926700,0.0,0.0
2016-11-17 00:00:00-05:00,36.040782970765335,36.44123801429116,35.5831226618507,36.10752487182617,1954600,0.0,0.0
2016-11-18 00:00:00-05:00,36.6128540179586,37.375621052257706,36.088448272040345,36.660526275634766,4206100,0.0,0.0
2016-11-21 00:00:00-05:00,37.337486935495484,38.02397917952751,36.898896284990855,37.9763069152832,2868700,0.0,0.0
2016-11-22 00:00:00-05:00,38.10025407488628,38.56745099366599,37.59492152700749,37.9763069152832,3128200,0.0,0.0
2016-11-23 00:00:00-05:00,37.585385487730555,38.80581656726483,37.585385487730555,38.72000503540039,1770500,0.0,0.0
2016-11-25 00:00:00-05:00,38.24327080542777,38.52930800038526,37.575848259086776,38.252803802490234,779100,0.0,0.0
2016-11-28 00:00:00-05:00,38.29095445952164,38.7676844720342,37.9572449056274,38.02398681640625,1804800,0.0,0.0
2016-11-29 00:00:00-05:00,37.32795316610388,37.71887154428561,36.94656778570975,37.15633010864258,2359600,0.0,0.0
2016-11-30 00:00:00-05:00,39.04418556416952,40.20740422645115,38.66280013043587,38.9583740234375,3732400,0.0,0.0
2016-12-01 00:00:00-05:00,39.806953133271605,40.22647420422031,39.015579624545296,39.36836242675781,3893300,0.0,0.0
2016-12-02 00:00:00-05:00,39.33021168103363,39.635318486737944,39.015568241748554,39.349281311035156,1512000,0.0,0.0
2016-12-05 00:00:00-05:00,39.69253545494638,40.083453856637036,39.37789195162522,39.85462188720703,2081100,0.0,0.0
2016-12-06 00:00:00-05:00,39.8355562848909,40.55065126063496,39.71160910785128,40.20740509033203,2922600,0.0,0.0
2016-12-07 00:00:00-05:00,40.2646062782626,40.350417804386595,39.61625333358361,39.99763870239258,2001200,0.0,0.0
2016-12-08 00:00:00-05:00,40.23601186187576,40.665069580078125,39.92136832280696,40.665069580078125,2151700,0.0,0.0
2016-12-09 00:00:00-05:00,40.90343087759623,41.60898916183095,40.8462219746201,41.00830841064453,3465700,0.0,0.0
2016-12-12 00:00:00-05:00,41.980841916141124,41.980841916141124,40.8938981167279,40.998779296875,3692500,0.0,0.0
2016-12-13 00:00:00-05:00,41.13225929435894,41.58991960756644,40.90343095633561,41.094120025634766,2563300,0.0,0.0
2016-12-14 00:00:00-05:00,40.97970465865472,41.09411882432169,39.66392902342194,39.68299865722656,3323400,0.0,0.0
2016-12-15 00:00:00-05:00,39.35883415120863,40.703212828258295,38.92977998991595,40.59833526611328,2430900,0.0,0.0
2016-12-16 00:00:00-05:00,40.70320521557264,41.32295565711357,40.01671650360063,40.80808639526367,2386600,0.0,0.0
2016-12-19 00:00:00-05:00,40.57925326023995,40.8938931251143,39.625793392973456,39.68299865722656,2032100,0.0,0.0
2016-12-20 00:00:00-05:00,39.56857994830688,39.84508415098461,38.74860397466138,38.948829650878906,2721100,0.0,0.0
2016-12-21 00:00:00-05:00,39.01557204522807,39.74973650463746,38.90115789122516,39.44462966918945,3191800,0.0,0.0
2016-12-22 00:00:00-05:00,39.616264112420225,39.8069568487086,39.2348822770049,39.339759826660156,1822800,0.0,0.0
2016-12-23 00:00:00-05:00,39.14906718594173,39.654399799804175,38.94883783051376,39.61626052856445,722700,0.0,0.0
2016-12-27 00:00:00-05:00,39.70207239799344,40.19787201671907,39.35882622832484,40.026248931884766,1042400,0.0,0.0
2016-12-28 00:00:00-05:00,40.0643922476482,40.398101814533156,39.57812557914556,40.302757263183594,1401100,0.0,0.0
2016-12-29 00:00:00-05:00,40.43623326310215,40.522044797571674,39.635326820440184,40.03578186035156,1059000,0.0,0.0
2016-12-30 00:00:00-05:00,39.86416981495058,40.159740130953864,39.47325130252543,39.501853942871094,2087200,0.0,0.0
2017-01-03 00:00:00-05:00,39.53043832440799,40.836680733330596,39.53043832440799,40.3790168762207,1978000,0.0,0.0
2017-01-04 00:00:00-05:00,40.560188577315486,41.570853832199475,40.207405764609575,40.998779296875,2197200,0.0,0.0
2017-01-05 00:00:00-05:00,41.246674615788805,42.52431105645849,41.00830963534417,42.38129425048828,3020600,0.0,0.0
2017-01-06 00:00:00-05:00,42.59105334076824,43.268012655525254,42.17153228081317,42.81035232543945,3089700,0.0,0.0
2017-01-09 00:00:00-05:00,42.295482207052025,42.648261355492984,41.72340407851869,41.7996826171875,2062900,0.0,0.0
2017-01-10 00:00:00-05:00,41.79015300848902,41.79015300848902,41.04645174478206,41.332489013671875,1802400,0.0,0.0
2017-01-11 00:00:00-05:00,41.666202191677655,41.78061637180134,41.189472197807575,41.332489013671875,1217400,0.0,0.0
2017-01-12 00:00:00-05:00,41.65666186399226,41.761543035296455,41.11319001010771,41.45643615722656,1219800,0.0,0.0
2017-01-13 00:00:00-05:00,41.26573968234981,41.570846532569135,41.14179252499609,41.42782974243164,782400,0.0,0.0
2017-01-17 00:00:00-05:00,41.504097213028516,41.99036366914036,41.44689196206941,41.647117614746094,1884800,0.0,0.0
2017-01-18 00:00:00-05:00,41.237136443401454,41.570845919293106,40.72226727731677,40.8271484375,2467300,0.0,0.0
2017-01-19 00:00:00-05:00,40.674598656426646,40.99877516367235,40.46483631727918,40.6555290222168,2135700,0.0,0.0
2017-01-20 00:00:00-05:00,40.82715253827428,41.61852599939115,40.82715253827428,41.246673583984375,2384700,0.0,0.0
2017-01-23 00:00:00-05:00,40.989242595216,41.19900129940347,40.49344301204048,41.05598449707031,1680900,0.0,0.0
2017-01-24 00:00:00-05:00,41.43735734778316,43.55403902824037,41.42782435121213,43.52543640136719,3703100,0.0,0.0
2017-01-25 00:00:00-05:00,43.69707267840549,46.69093643702841,43.525449590839486,45.985374450683594,6611900,0.0,0.0
2017-01-26 00:00:00-05:00,46.242803182193036,48.17832553293773,45.4895690203274,48.07344436645508,7140900,0.0,0.0
2017-01-27 00:00:00-05:00,47.69206541831559,48.102053473026935,46.65279396474792,46.786277770996094,2861500,0.0,0.0
2017-01-30 00:00:00-05:00,46.72906761674715,46.72906761674715,44.94609864053939,45.24167251586914,2591800,0.0,0.0
2017-01-31 00:00:00-05:00,45.289352583850885,45.76608261104931,44.288220254166475,45.432373046875,2137400,0.0,0.0
2017-02-01 00:00:00-05:00,45.58492600919544,45.890032932276945,44.269150130180584,44.90796661376953,2051600,0.0,0.0
2017-02-02 00:00:00-05:00,44.83168959486277,47.148597683685956,44.62192723116579,47.034183502197266,3080900,0.0,0.0
2017-02-03 00:00:00-05:00,47.28207384593106,47.67299223678628,46.48116743086662,47.129520416259766,4158100,0.0,0.0
2017-02-06 00:00:00-05:00,47.329753097152754,47.329753097152754,45.9949112997811,46.2428092956543,2090700,0.0,0.0
2017-02-07 00:00:00-05:00,45.890025851836185,45.96630075225728,44.94609895364421,45.58491897583008,2522600,0.0,0.0
2017-02-08 00:00:00-05:00,45.499103665152155,45.994903206822144,45.19399681445686,45.775604248046875,1521300,0.0,0.0
2017-02-09 00:00:00-05:00,46.31908449219912,47.02464279364152,45.68026445678192,46.900691986083984,1717800,0.0,0.0
2017-02-10 00:00:00-05:00,47.110461910788935,47.568122307906,46.40489985867418,46.652801513671875,1748000,0.0,0.0
2017-02-13 00:00:00-05:00,46.357223189438976,46.69093636459347,45.508644389546404,45.89956283569336,2322000,0.0,0.0
2017-02-14 00:00:00-05:00,46.29046956864119,46.29046956864119,45.31794019908217,45.65165328979492,1554400,0.0,0.0
2017-02-15 00:00:00-05:00,45.48957439664381,46.05211592567756,45.384693217765474,45.47050476074219,1260300,0.0,0.0
2017-02-16 00:00:00-05:00,46.18559523426534,46.242804136389275,44.526577081439974,44.66006088256836,1604400,0.0,0.0
2017-02-17 00:00:00-05:00,44.31681458934851,44.98423722981994,44.259605687424404,44.536109924316406,1099300,0.0,0.0
2017-02-21 00:00:00-05:00,44.81262233047714,45.33702463031639,44.65053586788525,45.15586853027344,2023600,0.0,0.0
2017-02-22 00:00:00-05:00,45.00330737996673,45.451431053449305,43.859154788487075,45.022377014160156,1905200,0.0,0.0
2017-02-23 00:00:00-05:00,45.43236503330989,45.61352110231405,44.78401201970654,45.146324157714844,1448100,0.0,0.0
2017-02-24 00:00:00-05:00,44.65053209727658,45.289348530714584,44.25961001828414,45.2512092590332,2321400,0.0,0.0
2017-02-27 00:00:00-05:00,46.38582244112767,47.19626184624953,45.44189560385201,46.63372039794922,2985000,0.0,0.0
2017-02-28 00:00:00-05:00,46.0139731118182,46.84348584245937,45.51817716518599,45.81374740600586,2480800,0.0,0.0
2017-03-01 00:00:00-05:00,46.07117817073777,46.49069918178945,45.613517894001234,45.76607131958008,2255700,0.0,0.0
2017-03-02 00:00:00-05:00,45.40375818893568,45.66119279141728,44.38355641456091,44.49797058105469,1892500,0.0,0.0
2017-03-03 00:00:00-05:00,44.469364954392724,45.66118971683747,44.469364954392724,45.28934097290039,1239500,0.0,0.0
2017-03-06 00:00:00-05:00,44.879356748411254,45.44189822921183,44.63145877726766,45.33701705932617,690800,0.0,0.0
2017-03-07 00:00:00-05:00,45.21306211499801,45.35608254032035,44.86028300627286,44.86981964111328,1185200,0.0,0.0
2017-03-08 00:00:00-05:00,44.62192013549316,44.83168246583423,42.92476277083742,42.99150466918945,2118700,0.0,0.0
2017-03-09 00:00:00-05:00,42.7436217017666,43.31569635605992,41.7138829594443,42.829429626464844,1903300,0.0,0.0
2017-03-10 00:00:00-05:00,43.010582201435994,43.5731237602565,42.42897100570412,43.43010330200195,1436400,0.0,0.0
2017-03-13 00:00:00-04:00,43.49683790558475,44.183330170424725,43.49683790558475,43.821014404296875,1168100,0.0,0.0
2017-03-14 00:00:00-04:00,43.05824603891432,43.24893873350499,41.91409350853089,42.3336181640625,1595600,0.0,0.0
2017-03-15 00:00:00-04:00,43.07731990522267,43.07731990522267,42.33362232411386,42.791282653808594,1542600,0.0,0.0
2017-03-16 00:00:00-04:00,42.82942244275889,43.40150063826046,42.352692431754924,43.22034454345703,1155600,0.0,0.0
2017-03-17 00:00:00-04:00,43.477768090108306,43.78287495383701,43.248939760892135,43.50637435913086,1553400,0.0,0.0
2017-03-20 00:00:00-04:00,43.28707806155193,43.45870112321209,42.314548591197905,42.495704650878906,2054500,0.0,0.0
2017-03-21 00:00:00-04:00,42.67686788511583,43.248946065877284,41.5899240699787,41.704341888427734,1196300,0.0,0.0
2017-03-22 00:00:00-04:00,41.303879311764085,42.161994608790444,41.1894651512141,41.914093017578125,1136900,0.0,0.0
2017-03-23 00:00:00-04:00,41.95223282745752,43.00103719327971,41.95223282745752,42.44803237915039,1888200,0.0,0.0
2017-03-24 00:00:00-04:00,42.8675537874547,43.620787938435875,42.50524166486381,42.90569305419922,1454100,0.0,0.0
2017-03-27 00:00:00-04:00,42.84848815070651,43.28708248485628,41.961770120573,43.09638977050781,1588600,0.0,0.0
2017-03-28 00:00:00-04:00,43.38243116890421,43.99264500340012,43.07732425165625,43.458709716796875,1454300,0.0,0.0
2017-03-29 00:00:00-04:00,43.620792945429365,44.793548253732396,43.23940750852839,44.43123245239258,2398300,0.0,0.0
2017-03-30 00:00:00-04:00,44.45030553972507,44.793551732158384,43.706607880893806,43.88776397705078,1071600,0.0,0.0
2017-03-31 00:00:00-04:00,44.13566650449808,45.24168001493368,43.477776743450775,45.0700569152832,3112700,0.0,0.0
2017-04-03 00:00:00-04:00,44.91749561493415,45.8804884952312,44.49797093914624,44.860286712646484,2011100,0.0,0.0
2017-04-04 00:00:00-04:00,44.75540593507377,45.66119355816484,44.65052840237047,45.24167251586914,2088900,0.0,0.0
2017-04-05 00:00:00-04:00,45.699336161728304,46.22373841215787,44.25960958569754,44.59332275390625,1718000,0.0,0.0
2017-04-06 00:00:00-04:00,45.0986559513522,45.43236912387245,44.841221322434684,45.279815673828125,1045500,0.0,0.0
2017-04-07 00:00:00-04:00,45.02238093819467,45.52771355830101,44.87936048785912,45.22260665893555,776600,0.0,0.0
2017-04-10 00:00:00-04:00,45.69932984750662,46.33814618643643,45.28934183048934,46.19512939453125,1164100,0.0,0.0
2017-04-11 00:00:00-04:00,45.86141626471926,46.147457122802734,45.32748108890606,46.147457122802734,939600,0.0,0.0
2017-04-12 00:00:00-04:00,46.47163311567861,46.91022375890802,45.32748060699098,45.775604248046875,2148000,0.0,0.0
2017-04-13 00:00:00-04:00,45.99490616817381,46.00443916661407,44.507507447398666,44.66006088256836,1924500,0.0,0.0
2017-04-17 00:00:00-04:00,44.66006458799329,44.76494576534205,44.03078116106183,44.55518341064453,1576100,0.0,0.0
2017-04-18 00:00:00-04:00,44.49797078476414,44.79354465648371,44.049847115128344,44.73633575439453,2183800,0.0,0.0
2017-04-19 00:00:00-04:00,44.75541225225466,44.75541225225466,43.23941066742019,43.63032913208008,3782400,0.0,0.0
2017-04-20 00:00:00-04:00,43.439628938533446,44.59331440080543,43.334747780661374,43.85914993286133,1508000,0.0,0.0
2017-04-21 00:00:00-04:00,43.99264489192029,44.20240726093222,43.17266868995877,43.544517517089844,1570800,0.0,0.0
2017-04-24 00:00:00-04:00,43.83055103973117,43.88775630369402,43.16312840859905,43.821014404296875,1850800,0.0,0.0
2017-04-25 00:00:00-04:00,44.08800122958313,44.37403856202896,43.63987377188205,44.183345794677734,1141600,0.0,0.0
2017-04-26 00:00:00-04:00,43.78287912902199,44.459838457313836,43.66846495350324,43.91636657714844,915700,0.0,0.0
2017-04-27 00:00:00-04:00,43.66845676869147,43.99263323620151,43.048710100060184,43.28707504272461,1393900,0.0,0.0
2017-04-28 00:00:00-04:00,43.420562470397755,43.620788166110515,43.05824670875512,43.239402770996094,1278300,0.0,0.0
2017-05-01 00:00:00-04:00,43.04871395687846,43.611255417452114,42.90569352360217,43.4968376159668,1501100,0.0,0.0
2017-05-02 00:00:00-04:00,43.74474729021212,44.24054694335282,43.515915282162034,44.011714935302734,1719800,0.0,0.0
2017-05-03 00:00:00-04:00,43.63032531319061,43.95450183871648,43.1631319787675,43.53498077392578,2332300,0.0,0.0
2017-05-04 00:00:00-04:00,44.58378470248937,44.66959624162969,41.75201118518067,42.791282653808594,2776300,0.0,0.0
2017-05-05 00:00:00-04:00,42.800820669747445,44.803088938668395,42.6768698459798,44.64099884033203,1742200,0.0,0.0
2017-05-08 00:00:00-04:00,44.81261429051344,45.12725779626273,44.21193354863983,44.73633575439453,1989900,0.0,0.0
2017-05-09 00:00:00-04:00,44.81261353414113,45.00330623405898,43.353821108516904,43.821014404296875,1258500,0.0,0.0
2017-05-10 00:00:00-04:00,43.88774978679962,45.03190217925076,43.668454487463514,44.80307388305664,1530000,0.0,0.0
2017-05-11 00:00:00-04:00,45.050994791165955,45.050994791165955,44.20241578868569,44.94611358642578,2406500,0.0,0.0
2017-05-12 00:00:00-04:00,45.50864106898259,47.16766291277502,45.317948359545625,46.4144287109375,4053000,0.0,0.0
2017-05-15 00:00:00-04:00,47.282073692078995,47.55857791907119,46.62418771072989,47.05324172973633,2732900,0.0,0.0
2017-05-16 00:00:00-04:00,47.31069176258311,47.5204541600867,46.767219766470944,47.11046600341797,1744100,0.0,0.0
2017-05-17 00:00:00-04:00,47.00557288149114,47.2820771285799,46.052112970559634,46.52884292602539,1361200,0.0,0.0
2017-05-18 00:00:00-04:00,46.528846670107775,46.70046975885848,45.78514904362885,46.44303512573242,1373700,0.0,0.0
2017-05-19 00:00:00-04:00,46.519318173226466,48.349959780875096,46.519318173226466,47.43463897705078,3701600,0.0,0.0
2017-05-22 00:00:00-04:00,47.67299984793806,47.67299984793806,46.42396594254404,47.0246467590332,2074900,0.0,0.0
2017-05-23 00:00:00-04:00,47.31068367678242,47.52997903798315,46.45257186823536,46.547916412353516,1975300,0.0,0.0
2017-05-24 00:00:00-04:00,46.51930397050696,48.31180575477391,46.48116470603479,48.283203125,4692600,0.0,0.0
2017-05-25 00:00:00-04:00,48.08298090694888,49.01737113088334,46.96743098229808,47.89228820800781,2437500,0.0,0.0
2017-05-26 00:00:00-04:00,47.739738762689946,48.635989794243535,47.58718531823059,48.03531265258789,1526200,0.0,0.0
2017-05-30 00:00:00-04:00,47.67299202834422,47.84461509061911,46.85301598351099,46.93882751464844,1580900,0.0,0.0
2017-05-31 00:00:00-04:00,46.64325329642211,47.08184758395607,45.10818602011541,46.45256423950195,3010900,0.0,0.0
2017-06-01 00:00:00-04:00,46.719532156714216,47.816012427501356,46.43349493216646,46.967430114746094,1434900,0.0,0.0
2017-06-02 00:00:00-04:00,46.71953946656747,46.805351011074144,45.97584183895043,46.433502197265625,1480900,0.0,0.0
2017-06-05 00:00:00-04:00,46.32861376782813,47.23440134319656,46.24280223674774,46.967430114746094,1171300,0.0,0.0
2017-06-06 00:00:00-04:00,46.576512331907466,47.78740678083758,46.41442590284692,47.53950881958008,1655200,0.0,0.0
2017-06-07 00:00:00-04:00,47.49183534257096,47.75880293052245,46.01396969942651,46.19512939453125,1577000,0.0,0.0
2017-06-08 00:00:00-04:00,46.28095606520804,46.73861649591588,45.651672518339524,46.004451751708984,1224400,0.0,0.0
2017-06-09 00:00:00-04:00,46.22374018209633,47.19626981473816,46.099789364177724,46.95790481567383,1187900,0.0,0.0
2017-06-12 00:00:00-04:00,47.33928274599304,47.51090580901832,46.7862742902092,47.129520416259766,1087500,0.0,0.0
2017-06-13 00:00:00-04:00,46.39535883441411,46.96743332258182,46.03304305208876,46.061649322509766,1804700,0.0,0.0
2017-06-14 00:00:00-04:00,46.28094747032657,46.50024282532591,44.202404460310646,44.76494598388672,2621700,0.0,0.0
2017-06-15 00:00:00-04:00,44.621917578111976,44.81261026411477,43.56357662609891,44.42169189453125,1710800,0.0,0.0
2017-06-16 00:00:00-04:00,44.784011977687115,45.17493038518463,44.42169620285794,45.07958221435547,1914700,0.0,0.0
2017-06-19 00:00:00-04:00,44.936558154361734,45.54677180044522,44.717262852623,45.45142364501953,1247500,0.0,0.0
2017-06-20 00:00:00-04:00,44.77447467533305,44.95563437863059,43.97356823809766,44.20240020751953,1330600,0.0,0.0
2017-06-21 00:00:00-04:00,44.05938005039022,44.907958759111985,43.85915434910637,44.478904724121094,1507400,0.0,0.0
2017-06-22 00:00:00-04:00,44.52657737218961,45.61352105951632,44.30728203502376,45.07958221435547,1149700,0.0,0.0
2017-06-23 00:00:00-04:00,44.917499832344134,45.68980008135622,44.85075792532238,45.40376281738281,3471000,0.0,0.0
2017-06-26 00:00:00-04:00,45.44189121563098,46.185588651439055,45.29887079928622,46.01396560668945,1367500,0.0,0.0
2017-06-27 00:00:00-04:00,46.28094802919531,46.96743673747741,45.6230583190918,45.6230583190918,1379300,0.0,0.0
2017-06-28 00:00:00-04:00,45.93769468917774,46.71953145521045,45.77560462749942,46.13792037963867,982300,0.0,0.0
2017-06-29 00:00:00-04:00,46.147460985850586,46.60512130507048,46.033043178174935,46.309547424316406,1239900,0.0,0.0
2017-06-30 00:00:00-04:00,46.366760218043886,47.19626938889817,46.271412036981715,46.44303512573242,1705300,0.0,0.0
2017-07-03 00:00:00-04:00,46.52883954427018,47.282073692078995,46.38582275032158,47.05324172973633,872700,0.0,0.0
2017-07-05 00:00:00-04:00,46.73862003624858,46.986518091057306,45.098667307451834,45.30842971801758,1629400,0.0,0.0
2017-07-06 00:00:00-04:00,45.65166786058643,46.30955398063825,44.70774081800985,44.726810455322266,1690300,0.0,0.0
2017-07-07 00:00:00-04:00,44.81261850775734,45.06051649915148,43.95450308146775,45.04145050048828,1669500,0.0,0.0
2017-07-10 00:00:00-04:00,45.21307002309676,45.33702083757868,44.82215158095641,45.27027893066406,1251100,0.0,0.0
2017-07-11 00:00:00-04:00,45.213058565645056,45.737464325885995,44.984230267685575,45.29887008666992,1272000,0.0,0.0
2017-07-12 00:00:00-04:00,45.67073060349456,46.37628889173639,45.51817716518599,45.81374740600586,2050200,0.0,0.0
2017-07-13 00:00:00-04:00,46.00444350679545,46.21420586387862,45.19400398796506,45.20353698730469,1181600,0.0,0.0
2017-07-14 00:00:00-04:00,45.16538311765667,46.03303126357444,45.146313487979796,45.86140823364258,806700,0.0,0.0
2017-07-17 00:00:00-04:00,45.861419072380826,46.00443951017836,45.07004925814077,45.146324157714844,1360900,0.0,0.0
2017-07-18 00:00:00-04:00,45.2226099893121,45.28935190114087,44.1547357628904,44.41217041015625,1735900,0.0,0.0
2017-07-19 00:00:00-04:00,44.12611818497124,44.97469682127292,44.0403066578643,44.57424545288086,1921300,0.0,0.0
2017-07-20 00:00:00-04:00,44.81262106220436,45.27028143659304,43.296619480783754,43.43010330200195,1981400,0.0,0.0
2017-07-21 00:00:00-04:00,43.66845653469515,43.79240732262138,42.858017188842965,43.048709869384766,2288900,0.0,0.0
2017-07-24 00:00:00-04:00,43.0487218402932,43.94497295975902,42.877098743796985,43.878231048583984,1692900,0.0,0.0
2017-07-25 00:00:00-04:00,44.19285941156833,44.583777776443014,43.573112735975016,43.906822204589844,1579400,0.0,0.0
2017-07-26 00:00:00-04:00,44.09751891515956,44.45029804807583,43.382424013832654,44.04984664916992,1369100,0.0,0.0
2017-07-27 00:00:00-04:00,43.91635835664263,44.09751440373429,43.23939915506774,43.334747314453125,1366800,0.0,0.0
2017-07-28 00:00:00-04:00,43.1917380607242,43.601726159178504,43.048721240411204,43.105926513671875,1751600,0.0,0.0
2017-07-31 00:00:00-04:00,43.14406203980468,43.449168927897816,42.571987533920286,43.09638977050781,1646000,0.0,0.0
2017-08-01 00:00:00-04:00,43.26800525160782,44.002169708771476,43.06777593626474,43.21079635620117,1907700,0.0,0.0
2017-08-02 00:00:00-04:00,43.1249999514472,43.258483783702246,42.476646791498446,42.943843841552734,987000,0.0,0.0
2017-08-03 00:00:00-04:00,42.867557441108055,43.22034023282192,42.562450555468644,42.638729095458984,1596800,0.0,0.0
2017-08-04 00:00:00-04:00,42.667335476667255,43.2394100281938,42.29548665445886,42.60059356689453,1817100,0.0,0.0
2017-08-07 00:00:00-04:00,42.46711266538086,42.64826877047437,40.8843690844307,41.14180374145508,4342600,0.0,0.0
2017-08-08 00:00:00-04:00,41.122725891682755,41.647128101424315,40.14065973606988,40.61738967895508,3029900,0.0,0.0
2017-08-09 00:00:00-04:00,40.73181166534507,41.094123840375346,40.207405764609575,40.998779296875,2314400,0.0,0.0
2017-08-10 00:00:00-04:00,40.989244924398776,41.265745546152495,39.02511611449651,39.196739196777344,3503600,0.0,0.0
2017-08-11 00:00:00-04:00,38.85348676226608,41.017840939838074,38.85348676226608,40.607852935791016,3173300,0.0,0.0
2017-08-14 00:00:00-04:00,39.949966946056875,41.0941157926395,39.949966946056875,40.588783264160156,1525100,0.0,0.0
2017-08-15 00:00:00-04:00,40.522048697625635,40.62692987620056,39.89276526333719,40.24554443359375,1926500,0.0,0.0
2017-08-16 00:00:00-04:00,40.045322486188056,40.23601522545934,39.835560109273494,40.08346176147461,1351500,0.0,0.0
2017-08-17 00:00:00-04:00,39.88322752176517,40.09298621681299,39.091854095458984,39.091854095458984,1206800,0.0,0.0
2017-08-18 00:00:00-04:00,39.29208414101395,40.06438801921712,38.92977197439517,39.740211486816406,2174700,0.0,0.0
2017-08-21 00:00:00-04:00,39.5209076763988,39.82601450783054,38.48163639522183,38.90115737915039,2571000,0.0,0.0
2017-08-22 00:00:00-04:00,39.17766963345304,39.51137916230213,39.00604655085606,39.23487854003906,1396600,0.0,0.0
2017-08-23 00:00:00-04:00,39.20627245564022,39.68300243465342,38.96790746613362,39.61626052856445,1152500,0.0,0.0
2017-08-24 00:00:00-04:00,39.79740951391545,40.502967655736306,39.511368693931736,40.3790168762207,1852600,0.0,0.0
2017-08-25 00:00:00-04:00,40.46483911882987,40.46483911882987,39.14906700170162,39.330223083496094,2126800,0.0,0.0
2017-08-28 00:00:00-04:00,39.702072505989236,40.2455443970558,39.5304494206881,40.178802490234375,1994300,0.0,0.0
2017-08-29 00:00:00-04:00,39.864158253935635,39.95950278554481,38.796280586677035,39.406497955322266,1912100,0.0,0.0
2017-08-30 00:00:00-04:00,39.101383570020346,39.46369930105,38.853485630153976,39.44462966918945,1229900,0.0,0.0
2017-08-31 00:00:00-04:00,39.42556139349771,40.90342699766289,39.377889130786684,40.798545837402344,1758700,0.0,0.0
2017-09-01 00:00:00-04:00,41.14180020520601,41.88549783680147,40.70320584362496,41.6280632019043,1870200,0.0,0.0
2017-09-05 00:00:00-04:00,41.82828899861958,42.39083054164522,41.18947254725144,41.666202545166016,1960100,0.0,0.0
2017-09-06 00:00:00-04:00,41.761550716035856,42.06665765022069,41.28482067672686,41.50411605834961,2502000,0.0,0.0
2017-09-07 00:00:00-04:00,41.4278293382467,41.4278293382467,40.62692295494477,40.97016906738281,1382500,0.0,0.0
2017-09-08 00:00:00-04:00,40.951110998789446,41.322959846548585,40.216946303681745,41.14180374145508,1589000,0.0,0.0
2017-09-11 00:00:00-04:00,40.94156239144044,41.02737391869383,39.82601617430688,40.512508392333984,2288900,0.0,0.0
2017-09-12 00:00:00-04:00,40.90342246716484,40.932025094191296,40.05484028139213,40.226463317871094,1827900,0.0,0.0
2017-09-13 00:00:00-04:00,40.52204894940182,40.731811307855004,40.07392159712863,40.42670440673828,1287800,0.0,0.0
2017-09-14 00:00:00-04:00,40.53158652831102,42.247817587454335,40.53158652831102,41.7138786315918,3455600,0.0,0.0
2017-09-15 00:00:00-04:00,41.54224015547096,41.666190938806686,40.97016577219261,41.58991241455078,2978200,0.0,0.0
2017-09-18 00:00:00-04:00,41.32296016134282,42.314559521028805,41.19900933209168,41.8759651184082,1783800,0.0,0.0
2017-09-19 00:00:00-04:00,41.80921223055572,42.40035994588971,41.61852317364604,42.27640914916992,1518700,0.0,0.0
2017-09-20 00:00:00-04:00,42.64826524618787,42.81988833668852,41.8664283393121,41.8950309753418,2814400,0.0,0.0
2017-09-21 00:00:00-04:00,41.713871120222215,41.952236098052055,41.28481343269632,41.866424560546875,1928600,0.0,0.0
2017-09-22 00:00:00-04:00,41.685268134359426,41.77107967113914,41.29434971950982,41.45643615722656,2582200,0.0,0.0
2017-09-25 00:00:00-04:00,41.79967898808719,42.457564959763076,41.48503549913745,42.066646575927734,3597000,0.0,0.0
2017-09-26 00:00:00-04:00,42.50525226514712,42.552924541886306,41.79969020305782,41.8759651184082,2560300,0.0,0.0
2017-09-27 00:00:00-04:00,41.8759536662898,42.42896210928156,41.437363020775315,41.82828140258789,2822500,0.0,0.0
2017-09-28 00:00:00-04:00,42.0475736797671,42.7436025006106,41.90455689902032,42.581512451171875,1763000,0.0,0.0
2017-09-29 00:00:00-04:00,42.34316295924341,43.582660363676624,42.31456032009208,42.943843841552734,3516500,0.0,0.0
2017-10-02 00:00:00-04:00,42.476636163011214,44.10705165558441,42.476636163011214,43.69706726074219,2156400,0.0,0.0
2017-10-03 00:00:00-04:00,44.01170794783141,44.70773322428637,43.80194561018497,44.69820022583008,2248500,0.0,0.0
2017-10-04 00:00:00-04:00,44.81261348287435,45.15585961490165,43.182197992905365,43.706600189208984,3176700,0.0,0.0
2017-10-05 00:00:00-04:00,43.677998096673385,44.564716069641115,43.353821594328615,44.3835563659668,3446800,0.0,0.0
2017-10-06 00:00:00-04:00,44.259601701472754,44.56471218042942,44.09751528302621,44.26913833618164,1183400,0.0,0.0
2017-10-09 00:00:00-04:00,44.488437168715414,44.574248702077504,43.9544983347779,44.021240234375,969300,0.0,0.0
2017-10-10 00:00:00-04:00,44.650523687467626,44.90795462992765,43.92589221064839,44.17379379272461,1813300,0.0,0.0
2017-10-11 00:00:00-04:00,44.54565026293388,44.54565026293388,43.735207118861,44.33588790893555,3816400,0.0,0.0
2017-10-12 00:00:00-04:00,44.10705243885612,44.803081351806235,43.69706803673322,44.6314582824707,1813900,0.0,0.0
2017-10-13 00:00:00-04:00,44.74586856516778,45.089114674041014,44.43122508631382,44.68865966796875,1810600,0.0,0.0
2017-10-16 00:00:00-04:00,44.621922365970676,45.80421423631759,44.33588512485539,45.499107360839844,3727800,0.0,0.0
2017-10-17 00:00:00-04:00,45.29888563396391,46.23327968900465,45.29888563396391,45.7088737487793,2049000,0.0,0.0
2017-10-18 00:00:00-04:00,45.708865636071856,46.12839031379215,45.05097962395704,45.146324157714844,1609000,0.0,0.0
2017-10-19 00:00:00-04:00,44.76494208369594,45.10818822236701,44.183330975076714,44.6314582824707,1643300,0.0,0.0
2017-10-20 00:00:00-04:00,44.48843342318846,44.717265371942005,43.92589200454477,44.0307731628418,1269800,0.0,0.0
2017-10-23 00:00:00-04:00,43.639858036459955,43.964034532918646,43.21080037391747,43.401493072509766,2031300,0.0,0.0
2017-10-24 00:00:00-04:00,43.33475844811973,43.93543927651462,42.867561439998966,43.067787170410156,2186200,0.0,0.0
2017-10-25 00:00:00-04:00,42.962901510199295,43.096385305264576,41.866421244173374,42.3336181640625,2036900,0.0,0.0
2017-10-26 00:00:00-04:00,42.2001386376919,43.2203441993052,41.790154177681515,42.88663101196289,1572200,0.0,0.0
2017-10-27 00:00:00-04:00,43.00104948592048,44.297755816856764,42.4575775144489,43.66847229003906,2182100,0.0,0.0
2017-10-30 00:00:00-04:00,43.001035098649034,44.822143153100754,43.001035098649034,44.240535736083984,1383100,0.0,0.0
2017-10-31 00:00:00-04:00,44.4312327041242,44.81261814318597,43.95450272387754,44.564720153808594,952700,0.0,0.0
2017-11-01 00:00:00-04:00,44.98423791829691,46.02350934427896,44.82214784561158,45.33701705932617,2056000,0.0,0.0
2017-11-02 00:00:00-04:00,45.30841430000708,45.68026307426471,44.56471675149182,45.13679122924805,920600,0.0,0.0
2017-11-03 00:00:00-04:00,45.232133283366615,46.83394609785993,45.222600285363,46.681392669677734,2725700,0.0,0.0
2017-11-06 00:00:00-05:00,46.93883585960965,48.292750965242234,46.70047085709051,48.006710052490234,3162200,0.0,0.0
2017-11-07 00:00:00-05:00,48.14973040601103,48.20693931587149,47.577655856051656,47.854156494140625,2202500,0.0,0.0
2017-11-08 00:00:00-05:00,47.825557893358244,48.32135757583436,47.49184831725008,48.08299255371094,1993700,0.0,0.0
2017-11-09 00:00:00-05:00,48.54064858669744,49.11272313339079,47.16766749233665,47.320220947265625,3532600,0.0,0.0
2017-11-10 00:00:00-05:00,47.1962739570656,47.911369017021144,46.73861355515344,47.43463897705078,1584600,0.0,0.0
2017-11-13 00:00:00-05:00,47.291610483899824,47.49183983094739,46.86255643047447,46.98650360107422,1767300,0.0,0.0
2017-11-14 00:00:00-05:00,45.76607930291559,47.196269281131705,45.632595486894544,46.2428092956543,3948800,0.0,0.0
2017-11-15 00:00:00-05:00,45.708867090387145,47.02464279364152,45.108189961711815,46.900691986083984,2539400,0.0,0.0
2017-11-16 00:00:00-05:00,46.910232543293205,47.6634668132552,46.81488436137073,46.95790481567383,2897600,0.0,0.0
2017-11-17 00:00:00-05:00,47.301150641872574,47.33928991435581,46.1856005632858,46.433502197265625,2007500,0.0,0.0
2017-11-20 00:00:00-05:00,45.92816543513555,46.25234197342935,45.53724698929546,45.78514862060547,1740600,0.0,0.0
2017-11-21 00:00:00-05:00,45.68979277179806,46.10931741985961,45.13678796820861,45.67072677612305,1099500,0.0,0.0
2017-11-22 00:00:00-05:00,45.78514082751632,45.91862461988858,45.34655018481873,45.661190032958984,1590400,0.0,0.0
2017-11-24 00:00:00-05:00,45.30840718627824,46.1569857711537,45.30840718627824,45.727928161621094,697300,0.0,0.0
2017-11-27 00:00:00-05:00,45.766082174838274,45.96630791143445,44.77448285479804,44.993778228759766,1069200,0.0,0.0
2017-11-28 00:00:00-05:00,45.308422047713826,45.42283623539765,44.77448310992025,45.38469696044922,1210500,0.0,0.0
2017-11-29 00:00:00-05:00,45.5277063647906,45.89002211447557,44.7077303383691,45.76607131958008,1401300,0.0,0.0
2017-11-30 00:00:00-05:00,46.347686495939165,46.61465410505566,45.76607537279745,46.07118225097656,1888200,0.0,0.0
2017-12-01 00:00:00-05:00,46.50024389251845,46.76721152435572,46.05211653579627,46.22373962402344,1780700,0.0,0.0
2017-12-04 00:00:00-05:00,46.509772971151165,46.52884260569782,45.74700577508941,46.09025192260742,2352900,0.0,0.0
2017-12-05 00:00:00-05:00,45.870952038919114,46.01396882811616,45.222599077176326,45.28934097290039,1005200,0.0,0.0
2017-12-06 00:00:00-05:00,45.05097131592281,45.21305772085222,44.29773727179635,44.32634353637695,1860000,0.0,0.0
2017-12-07 00:00:00-05:00,44.536110149674386,45.43236476521661,44.09751947751927,44.65052795410156,1731900,0.0,0.0
2017-12-08 00:00:00-05:00,45.23213205758497,45.57537817098316,44.86028331379045,45.19399642944336,1217800,0.0,0.0
2017-12-11 00:00:00-05:00,45.298874181992176,45.71839882811277,45.136787759380525,45.48003387451172,2079500,0.0,0.0
2017-12-12 00:00:00-05:00,45.6230583190918,46.07118567094072,43.85915882135816,45.6230583190918,1933100,0.0,0.0
2017-12-13 00:00:00-05:00,45.50864463546399,46.700469616396404,45.327488547740295,46.22373962402344,2609300,0.0,0.0
2017-12-14 00:00:00-05:00,46.14745815981176,47.997168958028915,46.071179626032574,47.46323013305664,4129800,0.0,0.0
2017-12-15 00:00:00-05:00,47.672996141771996,47.83508258281676,47.29161071777344,47.29161071777344,2809200,0.0,0.0
2017-12-18 00:00:00-05:00,47.49183256369595,47.67298861104017,46.44302463195684,47.367881774902344,2009500,0.0,0.0
2017-12-19 00:00:00-05:00,47.23440521659561,47.95903315401618,46.98650360107422,46.98650360107422,1670400,0.0,0.0
2017-12-20 00:00:00-05:00,47.196266094606344,47.549045247009445,46.586052327046076,47.062782287597656,1442500,0.0,0.0
2017-12-21 00:00:00-05:00,46.79581266745446,49.41782733808297,46.79581266745446,49.23666763305664,2958000,0.0,0.0
2017-12-22 00:00:00-05:00,49.2366650214041,51.06730978566393,49.19852575529938,50.53337097167969,3694000,0.0,0.0
2017-12-26 00:00:00-05:00,50.53337197596451,51.69659415515172,50.11385095195699,51.610782623291016,1771300,0.0,0.0
2017-12-27 00:00:00-05:00,51.74427385609231,52.15426194088209,51.20080195526143,51.448699951171875,2016200,0.0,0.0
2017-12-28 00:00:00-05:00,51.42963049077176,51.81101594118796,50.93383086009517,51.734737396240234,1716100,0.0,0.0
2017-12-29 00:00:00-05:00,51.82054872806599,52.27821272155177,50.84802274410198,51.334285736083984,2793900,0.0,0.0
2018-01-02 00:00:00-05:00,51.44868925560052,52.22099299277851,51.37241436393134,52.15425109863281,3022100,0.0,0.0
2018-01-03 00:00:00-05:00,52.38307990999189,53.52723239321655,52.07797306608671,52.697723388671875,2414400,0.0,0.0
2018-01-04 00:00:00-05:00,52.85028416312442,53.040976876384335,52.08751694724575,52.4498291015625,2300100,0.0,0.0
2018-01-05 00:00:00-05:00,52.58330918296391,52.70725633763816,51.86821433625357,52.6309814453125,1652400,0.0,0.0
2018-01-08 00:00:00-05:00,52.774005380955494,52.7835420170133,51.706131283622206,52.001705169677734,2919500,0.0,0.0
2018-01-09 00:00:00-05:00,51.9254222052367,51.954028473811576,50.771736667494814,51.429622650146484,1764400,0.0,0.0
2018-01-10 00:00:00-05:00,51.42962271284936,51.65845467592409,51.000568692470324,51.37241744995117,2373500,0.0,0.0
2018-01-11 00:00:00-05:00,51.56311050556368,52.507033721566735,51.362881172543034,51.90635299682617,2334500,0.0,0.0
2018-01-12 00:00:00-05:00,52.16379169314035,52.54517711851147,51.85868480770783,52.182861328125,1316600,0.0,0.0
2018-01-16 00:00:00-05:00,52.40216133106718,54.156527896774406,52.335419421270814,53.21260452270508,3572700,0.0,0.0
2018-01-17 00:00:00-05:00,53.822814340009415,54.070712324056615,52.640522414067846,53.08864974975586,1832600,0.0,0.0
2018-01-18 00:00:00-05:00,52.75494381258116,53.241206814688894,52.52611181107317,52.73587417602539,1240100,0.0,0.0
2018-01-19 00:00:00-05:00,52.96469871623828,53.01237098560507,52.516575019597326,52.87888717651367,953600,0.0,0.0
2018-01-22 00:00:00-05:00,52.60236768531809,53.136306404183564,52.20191637403896,52.812129974365234,1214200,0.0,0.0
2018-01-23 00:00:00-05:00,53.12678636780459,55.50089946304304,52.96469629477483,54.4997673034668,2552700,0.0,0.0
2018-01-24 00:00:00-05:00,54.36628416111644,55.52950640785748,54.36628416111644,55.20532989501953,3566500,0.0,0.0
2018-01-25 00:00:00-05:00,55.77740505336099,56.72133196999945,55.548573073304084,56.05390930175781,2546400,0.0,0.0
2018-01-26 00:00:00-05:00,56.54016567450344,57.41735058589066,56.13017766763124,57.198055267333984,2148300,0.0,0.0
2018-01-29 00:00:00-05:00,57.207591247440874,57.39828394569782,56.19692249269157,56.29227066040039,1354000,0.0,0.0
2018-01-30 00:00:00-05:00,55.59624367939781,55.68205520909452,54.175586940454636,54.337677001953125,2130100,0.0,0.0
2018-01-31 00:00:00-05:00,53.95629886271359,54.57604928676334,53.59398306232322,53.927696228027344,1737400,0.0,0.0
2018-02-01 00:00:00-05:00,53.39375455080325,55.28160472167591,53.39375455080325,55.16719055175781,1793800,0.0,0.0
2018-02-02 00:00:00-05:00,54.95743052006316,55.25300441170385,53.25073634956304,53.403289794921875,2084700,0.0,0.0
2018-02-05 00:00:00-05:00,52.3068124351026,54.30907683681183,51.830082469251735,52.430763244628906,2912000,0.0,0.0
2018-02-06 00:00:00-05:00,51.06731555080445,53.22213340873635,50.75267202566039,52.91702651977539,2387300,0.0,0.0
2018-02-07 00:00:00-05:00,53.04096189306757,54.40440949755408,52.72631845949685,52.812129974365234,2136000,0.0,0.0
2018-02-08 00:00:00-05:00,53.25073425057183,53.660722300780826,50.50477234235084,50.676395416259766,1572600,0.0,0.0
2018-02-09 00:00:00-05:00,53.39375652744337,54.34721646543343,50.88615587212443,52.983768463134766,3907400,0.0,0.0
2018-02-12 00:00:00-05:00,53.460499141755626,55.17672632548644,53.31747869429428,53.82281494140625,2852100,0.0,0.0
2018-02-13 00:00:00-05:00,53.96583624399316,55.16719791862262,53.46050359197676,54.728607177734375,2170700,0.0,0.0
2018-02-14 00:00:00-05:00,53.2793442741476,55.710666476245486,53.25073800170707,55.4723014831543,1492800,0.0,0.0
2018-02-15 00:00:00-05:00,55.710670107284464,55.77741201872713,54.70000116132772,55.21487045288086,1156000,0.0,0.0
2018-02-16 00:00:00-05:00,55.033698876264204,55.32926907604282,54.299534419733455,54.957420349121094,1645500,0.0,0.0
2018-02-20 00:00:00-05:00,54.8048672619747,55.51996209102525,54.614174580129145,55.32926940917969,2429600,0.0,0.0
2018-02-21 00:00:00-05:00,55.06230065382419,56.1492441886813,53.77513144405346,54.08977127075195,2742000,0.0,0.0
2018-02-22 00:00:00-05:00,53.93722132889109,54.91928377236157,53.479561055123476,53.622581481933594,1894400,0.0,0.0
2018-02-23 00:00:00-05:00,54.03257301873816,54.03257301873816,52.73587055639876,53.117252349853516,1740700,0.0,0.0
2018-02-26 00:00:00-05:00,53.58444980603741,53.7751425230732,52.51657568266248,53.65119171142578,1558700,0.0,0.0
2018-02-27 00:00:00-05:00,53.651186447998136,53.851412144520175,51.78240600613767,52.125648498535156,2915100,0.0,0.0
2018-02-28 00:00:00-05:00,51.87775273055341,52.40215494526095,50.075714111328125,50.075714111328125,2533300,0.0,0.0
2018-03-01 00:00:00-05:00,50.314082474213514,50.45709928577062,48.779011358237334,49.46550369262695,3313000,0.0,0.0
2018-03-02 00:00:00-05:00,48.8457571910709,49.770614589565405,47.74928033234373,49.75154495239258,2545600,0.0,0.0
2018-03-05 00:00:00-05:00,49.53223544491326,50.98149472199948,49.42735428897487,50.809871673583984,3136400,0.0,0.0
2018-03-06 00:00:00-05:00,51.48682852001534,52.48796056936133,51.2579965706869,52.15425109863281,1912400,0.0,0.0
2018-03-07 00:00:00-05:00,51.57264320351718,52.11611502463672,51.02917138239764,51.53450393676758,1955700,0.0,0.0
2018-03-08 00:00:00-05:00,52.02077812484099,52.02077812484099,50.36175614951012,51.448699951171875,1296100,0.0,0.0
2018-03-09 00:00:00-05:00,51.52497100830078,52.34494705872222,51.238933781613476,51.52497100830078,1444000,0.0,0.0
2018-03-12 00:00:00-04:00,51.85867628645753,51.85867628645753,50.80987199476453,51.13404846191406,2007200,0.0,0.0
2018-03-13 00:00:00-04:00,51.1721995516974,51.43917084112726,50.63826424716065,51.39149856567383,3499700,0.0,0.0
2018-03-14 00:00:00-04:00,51.70613054983757,51.70613054983757,50.838482176099774,51.16265869140625,1153300,0.0,0.0
2018-03-15 00:00:00-04:00,51.515441645375546,51.75380664079137,49.29388177942391,51.143592834472656,3268300,0.0,0.0
2018-03-16 00:00:00-04:00,51.70612344134066,52.03983654669112,50.905217080524125,51.791934967041016,2594200,0.0,0.0
2018-03-19 00:00:00-04:00,51.16265784304099,51.29614164645481,49.94223034078794,50.04711151123047,1190900,0.0,0.0
2018-03-20 00:00:00-04:00,50.190124812727504,51.21032653870565,50.047108020684945,50.51430130004883,1257700,0.0,0.0
2018-03-21 00:00:00-04:00,50.54290117080789,52.06843899607439,50.418954018572045,51.62031173706055,2206600,0.0,0.0
2018-03-22 00:00:00-04:00,51.07684193389762,51.42962104659593,49.15085267357727,49.59897994995117,1998200,0.0,0.0
2018-03-23 00:00:00-04:00,50.03757818052254,50.57151706660613,49.38922511783571,49.58945083618164,1428100,0.0,0.0
2018-03-26 00:00:00-04:00,50.056644439697266,50.29500941321963,49.141323814289976,50.056644439697266,2003500,0.0,0.0
2018-03-27 00:00:00-04:00,50.933826311397034,52.0875155591521,50.35221882533713,50.59058380126953,1907300,0.0,0.0
2018-03-28 00:00:00-04:00,50.3331484847102,51.14358793664683,49.8182792710004,49.86595153808594,1272500,0.0,0.0
2018-03-29 00:00:00-04:00,50.295013962362745,51.15312939952346,49.47503779733389,50.96243667602539,2753400,0.0,0.0
2018-04-02 00:00:00-04:00,51.191268610428295,52.24007684435092,49.970840914246345,50.52384948730469,2298300,0.0,0.0
2018-04-03 00:00:00-04:00,51.20079440071638,51.620315423112196,49.99943295928186,51.4677619934082,2230300,0.0,0.0
2018-04-04 00:00:00-04:00,50.31408411841363,51.992172100784686,49.93269866747596,51.77287673950195,1816800,0.0,0.0
2018-04-05 00:00:00-04:00,52.00170633240814,53.984901128941715,51.992169696137104,53.5939826965332,2533400,0.0,0.0
2018-04-06 00:00:00-04:00,53.508173740200874,53.80374764714071,51.46776993897816,51.83008575439453,1754400,0.0,0.0
2018-04-09 00:00:00-04:00,52.02077434898662,52.411692769230385,51.467765851628606,51.58218002319336,1204000,0.0,0.0
2018-04-10 00:00:00-04:00,52.449825924318105,53.41282243122295,52.392620659818135,53.04097366333008,3145000,0.0,0.0
2018-04-11 00:00:00-04:00,53.088646384722864,54.90022161074603,52.92655631387451,53.632118225097656,2875500,0.0,0.0
2018-04-12 00:00:00-04:00,53.49863822731916,53.689330944219826,53.126789429801455,53.584449768066406,1539900,0.0,0.0
2018-04-13 00:00:00-04:00,54.10885182250142,54.10885182250142,53.021908068277114,53.34608459472656,1358200,0.0,0.0
2018-04-16 00:00:00-04:00,53.55584404694055,54.42349609961623,53.02190879872302,54.25187301635742,1949400,0.0,0.0
2018-04-17 00:00:00-04:00,54.69998955755596,55.17671947367903,54.261398907641286,54.86207962036133,2703500,0.0,0.0
2018-04-18 00:00:00-04:00,54.92882983819651,56.30181089523059,54.90976020220367,55.796478271484375,3859000,0.0,0.0
2018-04-19 00:00:00-04:00,55.4532359543973,56.16833098663445,55.04324784494175,55.882293701171875,1855300,0.0,0.0
2018-04-20 00:00:00-04:00,55.75833455618477,55.9394906279389,55.01463699753414,55.06230926513672,1315100,0.0,0.0
2018-04-23 00:00:00-04:00,55.13859208994973,55.75833889128909,54.79534591706705,55.59625244140625,1591900,0.0,0.0
2018-04-24 00:00:00-04:00,55.748800537323206,56.01576814074081,53.68932733499687,53.918155670166016,1939200,0.0,0.0
2018-04-25 00:00:00-04:00,54.01350109448095,55.157649986474254,53.31747221439884,55.10997772216797,1342100,0.0,0.0
2018-04-26 00:00:00-04:00,55.57718309118915,56.13972462471436,55.00510492105641,56.082515716552734,1532900,0.0,0.0
2018-04-27 00:00:00-04:00,55.79647805465033,56.368552583567734,55.319748068165445,55.44369888305664,1062800,0.0,0.0
2018-04-30 00:00:00-04:00,55.67252716856672,55.8346172550881,55.319747997424145,55.45323181152344,2250300,0.0,0.0
2018-05-01 00:00:00-04:00,55.42462201786867,56.12064727089173,54.76673239454773,55.99669647216797,1618200,0.0,0.0
2018-05-02 00:00:00-04:00,56.25413197114832,57.34107563406886,56.034836638906526,56.94062423706055,3071500,0.0,0.0
2018-05-03 00:00:00-04:00,56.64505351542966,57.15038610747631,55.70112659738305,56.23506546020508,2417600,0.0,0.0
2018-05-04 00:00:00-04:00,58.16105382143381,59.70565783894225,57.08364311748417,59.553104400634766,4831600,0.0,0.0
2018-05-07 00:00:00-04:00,60.35400714333382,60.992827127444286,59.28613314096063,59.58170700073242,3685100,0.0,0.0
2018-05-08 00:00:00-04:00,59.41009527463655,60.44936684400571,58.85708671609087,59.68659591674805,2919000,0.0,0.0
2018-05-09 00:00:00-04:00,60.41122370468378,60.85935105019918,59.286140659846765,59.49590301513672,2825300,0.0,0.0
2018-05-10 00:00:00-04:00,59.81054643919468,60.17286226411585,58.97150060569984,59.08591842651367,2666100,0.0,0.0
2018-05-11 00:00:00-04:00,59.0001032931362,59.6961286268862,58.56150894766596,59.486366271972656,1958600,0.0,0.0
2018-05-14 00:00:00-04:00,59.32427247397319,60.2777323150224,59.32427247397319,59.791465759277344,2107200,0.0,0.0
2018-05-15 00:00:00-04:00,59.9249569802818,59.9249569802818,59.32427982474754,59.486366271972656,1941700,0.0,0.0
2018-05-16 00:00:00-04:00,59.543567877289725,59.848674735843765,59.257530652040394,59.82960510253906,1421400,0.0,0.0
2018-05-17 00:00:00-04:00,59.68659568534706,60.05844814766613,58.85708648790584,59.21940231323242,2011600,0.0,0.0
2018-05-18 00:00:00-04:00,59.248001501914715,59.88682156826564,57.43642975502994,59.83914566040039,2602300,0.0,0.0
2018-05-21 00:00:00-04:00,62.54697228928157,63.5576447993694,59.972633291858116,60.02983856201172,3404000,0.0,0.0
2018-05-22 00:00:00-04:00,60.47796154405746,60.97376112684506,59.324275941865984,59.400550842285156,2315200,0.0,0.0
2018-05-23 00:00:00-04:00,59.228931973678556,60.02983848930908,58.87615280523449,59.944026947021484,2001100,0.0,0.0
2018-05-24 00:00:00-04:00,59.486365679725026,59.734267303456754,58.73313144654479,58.79987335205078,1657000,0.0,0.0
2018-05-25 00:00:00-04:00,58.1610461353146,59.79146147373034,57.922681192137084,59.267059326171875,1973400,0.0,0.0
2018-05-29 00:00:00-04:00,58.67592750781407,61.05957743610849,58.67592750781407,60.36355209350586,3761600,0.0,0.0
2018-05-30 00:00:00-04:00,60.897497239694,64.03438556485435,60.35402525875342,63.862762451171875,5086600,0.0,0.0
2018-05-31 00:00:00-04:00,63.35740702202019,64.87341203554003,63.03323414986023,63.519500732421875,3324000,0.0,0.0
2018-06-01 00:00:00-04:00,63.919955383231745,64.27273818052014,62.68045454892942,62.9283561706543,3257100,0.0,0.0
2018-06-04 00:00:00-04:00,63.36695053565757,63.586249535697,62.40395390175637,62.78533935546875,1402000,0.0,0.0
2018-06-05 00:00:00-04:00,62.871143094109506,63.576701326742736,61.9367492663078,62.880672454833984,2388400,0.0,0.0
2018-06-06 00:00:00-04:00,62.928355640046284,63.30974106848672,62.28000259399414,62.28000259399414,1667200,0.0,0.0
2018-06-07 00:00:00-04:00,62.90927041028048,63.10949606227893,62.15603641981788,62.375328063964844,2505200,0.0,0.0
2018-06-08 00:00:00-04:00,62.62324879128755,62.937892315521665,61.99396174281932,62.346744537353516,1067700,0.0,0.0
2018-06-11 00:00:00-04:00,63.042777593599276,63.090446228835525,61.76513741551465,62.718597412109375,1392800,0.0,0.0
2018-06-12 00:00:00-04:00,62.804408047143774,63.328806642708685,61.6793250416499,61.83187484741211,1228100,0.0,0.0
2018-06-13 00:00:00-04:00,61.92721121300912,62.16557616344306,60.82120162564256,61.09770584106445,1666800,0.0,0.0
2018-06-14 00:00:00-04:00,61.05003438041527,62.16558068372442,60.887947948171345,61.90814971923828,2969300,0.0,0.0
2018-06-15 00:00:00-04:00,61.87954256347671,61.96535045392552,60.95468539226094,61.34560012817383,3068700,0.0,0.0
2018-06-18 00:00:00-04:00,60.83074678566291,62.55651068122751,60.18239369987959,62.089317321777344,2168100,0.0,0.0
2018-06-19 00:00:00-04:00,60.44936466084214,62.29907209000632,60.106118483405,61.870018005371094,3035400,0.0,0.0
2018-06-20 00:00:00-04:00,62.27045533674419,63.376472163142566,61.82232808033522,63.09996795654297,2209400,0.0,0.0
2018-06-21 00:00:00-04:00,63.15718060598161,64.10111112755663,62.79486846923828,62.79486846923828,3007600,0.0,0.0
2018-06-22 00:00:00-04:00,63.99622479844424,66.26545651800302,63.586236790885195,65.52175903320312,4149900,0.0,0.0
2018-06-25 00:00:00-04:00,64.8924851893382,65.00690300794817,62.60418701171875,62.60418701171875,2587800,0.0,0.0
2018-06-26 00:00:00-04:00,63.1476525937671,64.50156391056241,62.5565048349886,64.39668273925781,3473700,0.0,0.0
2018-06-27 00:00:00-04:00,64.73990581095742,65.016409957267,64.00573787350669,64.32991790771484,2140300,0.0,0.0
2018-06-28 00:00:00-04:00,62.451633068002295,63.32881456525736,61.231205371939105,61.8414192199707,3590600,0.0,0.0
2018-06-29 00:00:00-04:00,61.946285497335815,62.51835993288358,61.221653999337384,62.15604782104492,2437500,0.0,0.0
2018-07-02 00:00:00-04:00,61.3646810569335,61.87001365083788,60.68772538638971,61.22166061401367,1602600,0.0,0.0
2018-07-03 00:00:00-04:00,61.831875032867536,62.66138779108878,61.583973414148204,61.97489547729492,985200,0.0,0.0
2018-07-05 00:00:00-04:00,62.766268811487606,63.12858096540293,61.45048945516813,61.80327224731445,2944300,0.0,0.0
2018-07-06 00:00:00-04:00,61.52677651382679,63.19533161898729,61.52677651382679,63.07138442993164,1886100,0.0,0.0
2018-07-09 00:00:00-04:00,63.09044569710113,63.57671232807642,61.87955471233327,62.003501892089844,3161900,0.0,0.0
2018-07-10 00:00:00-04:00,62.04164853833734,62.48977595011251,61.12632771345165,61.240745544433594,1889400,0.0,0.0
2018-07-11 00:00:00-04:00,60.754458156433635,60.84026968185302,58.84753860236765,59.52449417114258,4216000,0.0,0.0
2018-07-12 00:00:00-04:00,59.78193660028828,59.905887405989525,58.65685362462689,59.66752243041992,2730500,0.0,0.0
2018-07-13 00:00:00-04:00,59.97263273598371,60.02030500639022,59.04777541402084,59.17172622680664,1915600,0.0,0.0
2018-07-16 00:00:00-04:00,58.94289731896515,59.01917586533306,57.798744583575505,58.151527404785156,1936600,0.0,0.0
2018-07-17 00:00:00-04:00,57.79873336459451,59.27659536058122,57.627110305740764,58.447086334228516,2123600,0.0,0.0
2018-07-18 00:00:00-04:00,58.027566098576486,59.64844854435025,58.027566098576486,59.36240768432617,1643900,0.0,0.0
2018-07-19 00:00:00-04:00,59.44821971776276,60.51609735998824,59.391014455002555,59.87727737426758,2064000,0.0,0.0
2018-07-20 00:00:00-04:00,59.84868605252899,60.46843288489596,59.18126330930496,59.56264877319336,2049200,0.0,0.0
2018-07-23 00:00:00-04:00,59.84868199859869,60.16332189340693,58.84754977015635,59.30521011352539,1422200,0.0,0.0
2018-07-24 00:00:00-04:00,59.1621936321294,59.820083375031075,59.1621936321294,59.68659591674805,1135800,0.0,0.0
2018-07-25 00:00:00-04:00,59.52449949619979,61.469558488270415,59.51496286076648,61.355140686035156,2105700,0.0,0.0
2018-07-26 00:00:00-04:00,62.27998725139141,62.62323332499733,61.498150589137964,62.11790084838867,4172200,0.0,0.0
2018-07-27 00:00:00-04:00,62.41347733979667,62.45161660453475,60.57329964352991,60.68771743774414,1391600,0.0,0.0
2018-07-30 00:00:00-04:00,61.06911832494461,61.43143052051755,60.64959358056967,61.02144241333008,1025600,0.0,0.0
2018-07-31 00:00:00-04:00,60.926093695806266,61.45049231607232,60.35401553002656,60.544708251953125,1603600,0.0,0.0
2018-08-01 00:00:00-04:00,59.89634711552197,60.30633513945873,58.9142846399882,59.88681411743164,1458800,0.0,0.0
2018-08-02 00:00:00-04:00,59.41961754286948,60.43028629293848,59.143113313535416,60.373077392578125,1037800,0.0,0.0
2018-08-03 00:00:00-04:00,60.13471918279806,60.230063723611075,55.729735200904734,59.17172622680664,6018100,0.0,0.0
2018-08-06 00:00:00-04:00,58.36127967286978,60.27773611087305,58.16105396655925,59.6293830871582,1730500,0.0,0.0
2018-08-07 00:00:00-04:00,60.06797701391536,60.36355090859992,58.83801280214034,58.84754943847656,1294100,0.0,0.0
2018-08-08 00:00:00-04:00,58.866618089013045,59.19079461295989,57.58898162841797,57.58898162841797,1786800,0.0,0.0
2018-08-09 00:00:00-04:00,57.341078134100464,60.811671608130915,57.10271315772847,59.95355987548828,3058900,0.0,0.0
2018-08-10 00:00:00-04:00,59.88681786190931,60.18238810427894,58.55197254183967,59.8963508605957,2206100,0.0,0.0
2018-08-13 00:00:00-04:00,59.75333103696455,61.16445490973489,59.75333103696455,60.58284378051758,2421600,0.0,0.0
2018-08-14 00:00:00-04:00,60.80214288097982,61.55537349498999,60.42075743712668,60.544708251953125,1690100,0.0,0.0
2018-08-15 00:00:00-04:00,59.84868440447867,60.067979767169305,57.47456741333008,57.47456741333008,2574400,0.0,0.0
2018-08-16 00:00:00-04:00,57.86547521472085,58.91428319989261,57.86547521472085,58.38034439086914,1435300,0.0,0.0
2018-08-17 00:00:00-04:00,58.46615614571669,58.89521379416169,58.037098497271685,58.6663818359375,1890200,0.0,0.0
2018-08-20 00:00:00-04:00,58.57103747041315,59.26706270774505,58.3612751445573,58.79033279418945,1685900,0.0,0.0
2018-08-21 00:00:00-04:00,59.190799838989165,60.18239549641017,59.12405429134261,59.60078430175781,950300,0.0,0.0
2018-08-22 00:00:00-04:00,59.7437907060542,61.33607045760862,59.6103069164835,60.84980392456055,1707800,0.0,0.0
2018-08-23 00:00:00-04:00,61.00236797881898,61.04050361308562,59.448227221168736,59.83914566040039,1278000,0.0,0.0
2018-08-24 00:00:00-04:00,60.28727107307807,62.12745267025207,60.28727107307807,62.079776763916016,2555300,0.0,0.0
2018-08-27 00:00:00-04:00,62.070255952144606,63.98671294115327,62.070255952144606,63.490909576416016,2945600,0.0,0.0
2018-08-28 00:00:00-04:00,63.64345105788269,64.98783306628559,62.6613884826039,62.98556137084961,2062400,0.0,0.0
2018-08-29 00:00:00-04:00,62.98555094551425,64.31085946211358,62.57556294779728,63.94854736328125,1393600,0.0,0.0
2018-08-30 00:00:00-04:00,64.13923997536244,64.45388346712048,63.48135763497531,63.6434440612793,1206100,0.0,0.0
2018-08-31 00:00:00-04:00,63.405079269671,63.82460392645614,62.852070817421726,63.815067291259766,1455800,0.0,0.0
2018-09-04 00:00:00-04:00,63.61484573827443,64.8352732472728,63.61484573827443,64.03437042236328,2160900,0.0,0.0
2018-09-05 00:00:00-04:00,63.64344016735033,63.92948101041506,61.269327357467986,63.60530090332031,2002300,0.0,0.0
2018-09-06 00:00:00-04:00,63.86274931077042,64.16785619739117,61.87955091057449,62.09884262084961,1860700,0.0,0.0
2018-09-07 00:00:00-04:00,61.793751492418565,62.823490225230806,60.17287210783636,62.76628494262695,1611700,0.0,0.0
2018-09-10 00:00:00-04:00,62.699534691891486,63.43369572696212,61.460033721766884,61.6793327331543,1878800,0.0,0.0
2018-09-11 00:00:00-04:00,61.51721293088595,62.480209206581144,61.06909300935787,62.375328063964844,1945200,0.0,0.0
2018-09-12 00:00:00-04:00,62.45162232945129,63.53856601400288,61.46955981396359,62.79486846923828,2109400,0.0,0.0
2018-09-13 00:00:00-04:00,62.585121443768905,63.538581559943715,62.4325716078291,62.804420471191406,1032400,0.0,0.0
2018-09-14 00:00:00-04:00,62.71859333964064,63.138118038684766,61.917690486180405,62.53743362426758,1603400,0.0,0.0
2018-09-17 00:00:00-04:00,62.556498552446534,63.462282459849284,61.68884663594152,61.75558853149414,1428900,0.0,0.0
2018-09-18 00:00:00-04:00,62.56603323720536,63.73878469026497,61.88907766789436,63.60530090332031,2139300,0.0,0.0
2018-09-19 00:00:00-04:00,63.55764055379767,64.86387596386494,63.44322274681119,64.16785430908203,3706300,0.0,0.0
2018-09-20 00:00:00-04:00,64.81619260038609,65.49314810395748,63.92947480218017,64.84479522705078,2622900,0.0,0.0
2018-09-21 00:00:00-04:00,65.7506094273556,66.00804773504103,63.46230366969712,63.862762451171875,4738800,0.0,0.0
2018-09-24 00:00:00-04:00,64.45389601848146,65.00690457696004,63.71019836537294,64.74947357177734,1834300,0.0,0.0
2018-09-25 00:00:00-04:00,64.74948883691695,66.15106928895692,64.74948883691695,65.36923217773438,2173600,0.0,0.0
2018-09-26 00:00:00-04:00,66.74219431480057,66.94242002482635,65.72199249267578,65.72199249267578,2538400,0.0,0.0
2018-09-27 00:00:00-04:00,66.30360405263072,66.67545284140812,65.35968076375903,66.26546478271484,1688400,0.0,0.0
2018-09-28 00:00:00-04:00,65.85546903428191,66.77078958241802,65.34059986202014,66.25592041015625,2081700,0.0,0.0
2018-10-01 00:00:00-04:00,66.75173959607348,67.24753561735139,65.98896865252902,66.95196533203125,2436100,0.0,0.0
2018-10-02 00:00:00-04:00,67.0186832561003,67.7242413980295,65.64569895888005,65.83639526367188,1904100,0.0,0.0
2018-10-03 00:00:00-04:00,65.94129147469746,66.17965645439318,65.39781233764222,65.72199249267578,2018500,0.0,0.0
2018-10-04 00:00:00-04:00,65.35014264252017,65.62664688738485,62.985558881727954,64.39668273925781,3307100,0.0,0.0
2018-10-05 00:00:00-04:00,64.12972211435557,64.53017357150016,62.270470735917065,63.48136901855469,2728100,0.0,0.0
2018-10-08 00:00:00-04:00,63.26205844224026,63.767390989659575,62.17511481495161,63.52902603149414,2162200,0.0,0.0
2018-10-09 00:00:00-04:00,63.68157884609244,63.919943788348675,62.57556202234959,62.899742126464844,1493200,0.0,0.0
2018-10-10 00:00:00-04:00,62.81392874680335,63.11903559057518,60.706783470391485,60.8784065246582,2785100,0.0,0.0
2018-10-11 00:00:00-04:00,60.039383502930306,62.44209974790661,59.810551479181235,60.92610168457031,2195400,0.0,0.0
2018-10-12 00:00:00-04:00,61.879546880725,62.375342811324735,60.75446394564558,61.66978454589844,2850100,0.0,0.0
2018-10-15 00:00:00-04:00,61.73653418907025,62.10838300224009,60.096581846719964,61.870018005371094,1628600,0.0,0.0
2018-10-16 00:00:00-04:00,61.86047396665549,62.6709206784925,61.86047396665549,61.98442840576172,1565500,0.0,0.0
2018-10-17 00:00:00-04:00,61.67932406799514,61.95582831554139,60.14425302690978,60.64004898071289,1841100,0.0,0.0
2018-10-18 00:00:00-04:00,59.75331279950323,61.60302679503658,59.352861503868056,61.278846740722656,1664300,0.0,0.0
2018-10-19 00:00:00-04:00,61.72699332209345,62.175120649387566,60.611446959034865,61.326541900634766,1328500,0.0,0.0
2018-10-22 00:00:00-04:00,61.5744466589679,61.5744466589679,60.430293966596736,60.48749923706055,1494700,0.0,0.0
2018-10-23 00:00:00-04:00,59.11450504444575,59.82006686629452,57.12177400310624,58.3040657043457,4010400,0.0,0.0
2018-10-24 00:00:00-04:00,58.170583440957856,58.685452629272355,55.50089660707768,55.57717514038086,3016300,0.0,0.0
2018-10-25 00:00:00-04:00,56.015767145612514,58.09430994513747,56.015767145612514,57.2361946105957,3481400,0.0,0.0
2018-10-26 00:00:00-04:00,56.0634426923659,57.283873865930275,54.785806251258215,56.62598419189453,2196600,0.0,0.0
2018-10-29 00:00:00-04:00,56.93108908161593,57.6175813653745,53.8514140775603,54.16605758666992,3995200,0.0,0.0
2018-10-30 00:00:00-04:00,54.09932067689433,55.83461754347006,53.45096760178239,55.796478271484375,2597100,0.0,0.0
2018-10-31 00:00:00-04:00,56.84527657012536,58.12291294453883,56.254132467683526,57.5985107421875,2978500,0.0,0.0
2018-11-01 00:00:00-04:00,57.97036479254237,59.7724035335037,57.770139074026915,59.53403854370117,4137900,0.0,0.0
2018-11-02 00:00:00-04:00,60.02983658376252,60.17285702875561,56.95969806893618,57.465030670166016,2033200,0.0,0.0
2018-11-05 00:00:00-05:00,58.1610487336983,58.28499952809311,57.20758891839177,58.08477020263672,1638400,0.0,0.0
2018-11-06 00:00:00-05:00,58.294543485321704,58.63778966530833,57.13132112806952,57.369686126708984,1451000,0.0,0.0
2018-11-07 00:00:00-05:00,58.551967914307255,59.40054657960494,58.103840631085085,58.82847213745117,2154400,0.0,0.0
2018-11-08 00:00:00-05:00,59.63892420854412,62.96650131691363,59.600784934387356,60.4398307800293,4634600,0.0,0.0
2018-11-09 00:00:00-05:00,59.505428198834586,60.40167913498892,58.39941493494091,59.448219299316406,2688000,0.0,0.0
2018-11-12 00:00:00-05:00,59.18126266139013,60.01077185353041,58.590118472280146,58.818946838378906,1626600,0.0,0.0
2018-11-13 00:00:00-05:00,59.0763760248133,59.0763760248133,56.826210021972656,56.826210021972656,2209600,0.0,0.0
2018-11-14 00:00:00-05:00,57.64618545924085,58.61871500682822,55.30067494649767,55.92995834350586,3160900,0.0,0.0
2018-11-15 00:00:00-05:00,56.25413267776123,58.02756862887027,55.167189001187495,57.932220458984375,2980600,0.0,0.0
2018-11-16 00:00:00-05:00,58.16104982631568,59.448219146296125,57.722459175953816,59.15264892578125,2620600,0.0,0.0
2018-11-19 00:00:00-05:00,58.38988746864455,59.50543383622831,56.74993523203153,56.93109130859375,2129900,0.0,0.0
2018-11-20 00:00:00-05:00,55.77740834740506,56.540175597373235,54.38535766156798,55.45323181152344,2827600,0.0,0.0
2018-11-21 00:00:00-05:00,56.01576697966109,57.951289338641345,55.92042244817702,57.01689910888672,2169600,0.0,0.0
2018-11-23 00:00:00-05:00,55.72973640055927,56.36855283951225,55.12905559645577,55.95856475830078,876100,0.0,0.0
2018-11-26 00:00:00-05:00,56.62598144741426,58.1991916975041,56.62598144741426,57.932220458984375,3451500,0.0,0.0
2018-11-27 00:00:00-05:00,57.84641291927095,59.257536833741575,57.32201067874849,58.12291717529297,2015100,0.0,0.0
2018-11-28 00:00:00-05:00,58.40894726960814,59.362407094452394,57.875012095478134,58.59010696411133,1454200,0.0,0.0
2018-11-29 00:00:00-05:00,58.39941447956331,59.41008320687316,58.39941447956331,58.780799865722656,2319500,0.0,0.0
2018-11-30 00:00:00-05:00,58.16106036602495,58.87615537052526,57.90362572794549,58.275474548339844,2149300,0.0,0.0
2018-12-03 00:00:00-05:00,61.66024668209416,63.14764899290627,59.96308931495546,60.258663177490234,3060200,0.0,0.0
2018-12-04 00:00:00-05:00,60.28727549636571,60.916558952265696,57.636657854417464,57.7606086730957,2426000,0.0,0.0
2018-12-06 00:00:00-05:00,56.51157811246252,57.407829258212494,54.65233027066873,57.29341506958008,3091200,0.0,0.0
2018-12-07 00:00:00-05:00,58.59011750032993,59.11451977086503,57.302944323022416,57.47456741333008,2014400,0.0,0.0
2018-12-10 00:00:00-05:00,56.759465200593816,58.113380114554225,55.13858632265866,57.817806243896484,1416300,0.0,0.0
2018-12-11 00:00:00-05:00,58.03710604138673,59.13358643692407,57.703396514307215,58.571044921875,1715000,0.0,0.0
2018-12-12 00:00:00-05:00,59.35287452530439,60.763994639808175,58.8952142425324,59.0191650390625,2201300,0.0,0.0
2018-12-13 00:00:00-05:00,59.43868990649442,59.68658787845455,58.69499235345316,59.1145133972168,1501300,0.0,0.0
2018-12-14 00:00:00-05:00,58.77127003132865,59.63891842993825,57.722465553769275,57.789207458496094,1851400,0.0,0.0
2018-12-17 00:00:00-05:00,57.016902216003494,57.89408722953388,55.42462590305249,56.05390930175781,2498000,0.0,0.0
2018-12-18 00:00:00-05:00,56.47342617556858,57.426886020444954,55.243462102759494,55.71065902709961,2239100,0.0,0.0
2018-12-19 00:00:00-05:00,56.94062011922017,58.4947569662581,55.777398005471134,56.66411590576172,2786400,0.0,0.0
2018-12-20 00:00:00-05:00,56.015766201910665,57.074107217628644,55.13858488552213,56.177852630615234,3083900,0.0,0.0
2018-12-21 00:00:00-05:00,56.26366270322095,56.349474233003626,53.956291671314546,54.452091217041016,3791800,0.0,0.0
2018-12-24 00:00:00-05:00,53.822813997032725,54.537908947470285,52.526107904960185,52.72633361816406,1422800,0.0,0.0
2018-12-26 00:00:00-05:00,52.88842268303032,56.32087692437831,52.61191843458348,56.19692611694336,2243500,0.0,0.0
2018-12-27 00:00:00-05:00,55.510444798140796,56.10158900565856,53.422364978790924,55.844154357910156,2448400,0.0,0.0
2018-12-28 00:00:00-05:00,55.93949454060565,56.158793533805856,53.803746250474816,55.12905502319336,2270500,0.0,0.0
2018-12-31 00:00:00-05:00,55.99670817061024,56.76901211870326,55.500908509296856,56.435298919677734,2296100,0.0,0.0
2019-01-02 00:00:00-05:00,55.01463889294558,58.208728215455004,54.69046237005403,57.39828872680664,1817500,0.0,0.0
2019-01-03 00:00:00-05:00,58.14198635052316,58.35174869993676,55.69159461062453,57.465030670166016,1628300,0.0,0.0
2019-01-04 00:00:00-05:00,58.323143520552726,59.314742743594735,57.70339673402227,58.87615203857422,2030600,0.0,0.0
2019-01-07 00:00:00-05:00,59.10498086899026,60.78306869455987,58.35174667420965,59.6293830871582,1946700,0.0,0.0
2019-01-08 00:00:00-05:00,59.95356109855104,62.46116171954492,59.95356109855104,61.37421798706055,2886300,0.0,0.0
2019-01-09 00:00:00-05:00,61.97489932704917,63.49089721891299,61.73653432963744,62.04164123535156,2322300,0.0,0.0
2019-01-10 00:00:00-05:00,61.8318717606428,62.65184783935547,60.659116544749374,62.65184783935547,1527300,0.0,0.0
2019-01-11 00:00:00-05:00,61.87955055528189,62.365817153589916,61.21212424353476,61.498165130615234,1473200,0.0,0.0
2019-01-14 00:00:00-05:00,60.74493091733713,61.746066747796846,60.11564751264983,61.498165130615234,1826900,0.0,0.0
2019-01-15 00:00:00-05:00,61.66979228091982,62.92835917341523,61.164459651449135,61.870018005371094,1300000,0.0,0.0
2019-01-16 00:00:00-05:00,61.536311613098654,62.11792281716269,60.71633539996977,60.77354431152344,1477400,0.0,0.0
2019-01-17 00:00:00-05:00,60.67819228348549,62.089316248499664,60.41122465412877,61.040504455566406,1080900,0.0,0.0
2019-01-18 00:00:00-05:00,61.9844397569355,62.13698958196673,60.849819972038674,61.78421401977539,2005500,0.0,0.0
2019-01-22 00:00:00-05:00,61.107241934335875,61.58397188772962,59.47683000380878,60.08704376220703,1809000,0.0,0.0
2019-01-23 00:00:00-05:00,60.38262122056939,60.38262122056939,58.78080819128054,59.810543060302734,1376800,0.0,0.0
2019-01-24 00:00:00-05:00,59.99169957773345,60.97376582028589,59.48636695743092,60.277740478515625,1099200,0.0,0.0
2019-01-25 00:00:00-05:00,60.74492632518896,61.36467668413062,60.3826142000225,60.59237289428711,1365500,0.0,0.0
2019-01-28 00:00:00-05:00,60.0107559611977,62.30859383639904,59.26705851258426,62.22278594970703,2644100,0.0,0.0
2019-01-29 00:00:00-05:00,62.3467446443457,63.71019264404463,61.91769058279707,62.35628128051758,1841600,0.0,0.0
2019-01-30 00:00:00-05:00,62.556515124563354,63.881824026145004,62.19420292048477,63.07138442993164,2082000,0.0,0.0
2019-01-31 00:00:00-05:00,63.08090152659066,63.605300032602884,61.936745444315335,62.594635009765625,1867000,0.0,0.0
2019-02-01 00:00:00-05:00,62.337201706610834,64.24412138618766,61.96535295103906,63.853206634521484,2549100,0.0,0.0
2019-02-04 00:00:00-05:00,63.691109025914244,64.31085199351693,62.7567153462634,64.24411010742188,1569700,0.0,0.0
2019-02-05 00:00:00-05:00,64.23460359948078,64.50157123883398,63.70066104645179,64.1773910522461,1480300,0.0,0.0
2019-02-06 00:00:00-05:00,63.59577146393409,63.748328537314414,62.70905347929546,62.84254455566406,1285000,0.0,0.0
2019-02-07 00:00:00-05:00,62.17511804833907,62.775795155398235,61.49816240486305,62.728126525878906,1075200,0.0,0.0
2019-02-08 00:00:00-05:00,61.917690486180405,62.53743362426758,61.278866801457205,62.53743362426758,1111900,0.0,0.0
2019-02-11 00:00:00-05:00,62.299076080322266,62.52791172948579,61.89862460577043,62.299076080322266,989300,0.0,0.0
2019-02-12 00:00:00-05:00,62.60417171669449,63.2048487504179,62.49929056050649,62.75672149658203,1100700,0.0,0.0
2019-02-13 00:00:00-05:00,63.23346671800661,63.88181980702092,62.72813408342476,62.78533935546875,1264000,0.0,0.0
2019-02-14 00:00:00-05:00,62.289539755365254,63.242999697344864,62.289539755365254,62.9283561706543,1116800,0.0,0.0
2019-02-15 00:00:00-05:00,63.271594908773196,63.643443660574675,62.937885423095096,63.13811111450195,1554500,0.0,0.0
2019-02-19 00:00:00-05:00,62.69952491176556,64.31086719239642,62.308602862020386,63.79600524902344,1008000,0.0,0.0
2019-02-20 00:00:00-05:00,63.519507732914214,63.910422549738215,62.842552006747766,62.890220642089844,1092300,0.0,0.0
2019-02-21 00:00:00-05:00,62.49929782691304,63.12857756288279,61.974891985003616,62.318138122558594,1357500,0.0,0.0
2019-02-22 00:00:00-05:00,63.04278096587826,63.04278096587826,61.90816118145435,62.165592193603516,1318700,0.0,0.0
2019-02-25 00:00:00-05:00,62.165584139919424,62.95695762273841,61.04050113853881,61.62211227416992,3102600,0.0,0.0
2019-02-26 00:00:00-05:00,61.34561110152112,63.643453125517894,60.354015494969005,60.57331085205078,2779700,0.0,0.0
2019-02-27 00:00:00-05:00,60.68773758165371,62.632797082988056,60.11565933217565,62.489776611328125,2198200,0.0,0.0
2019-02-28 00:00:00-05:00,62.451620994863625,62.80440376275064,61.06910710394256,61.45048522949219,2910400,0.0,0.0
2019-03-01 00:00:00-05:00,61.421893883330085,61.965365813850894,59.734272817288456,61.02144241333008,2564800,0.0,0.0
2019-03-04 00:00:00-05:00,63.881815338134764,63.977159876312356,61.355145067657574,61.97489547729492,5551200,0.0,0.0
2019-03-05 00:00:00-05:00,62.39443252335196,63.53858175657311,62.175133495250805,63.43370056152344,2166200,0.0,0.0
2019-03-06 00:00:00-05:00,63.595767006297,63.71972143831055,62.27045844006765,62.50882339477539,1588300,0.0,0.0
2019-03-07 00:00:00-05:00,62.60419894884886,63.98671330096672,62.07025630118134,63.65300369262695,1753300,0.0,0.0
2019-03-08 00:00:00-05:00,61.87001530811821,63.41462303924747,61.77467076839169,63.20486068725586,1530800,0.0,0.0
2019-03-11 00:00:00-04:00,63.33834943136454,64.92108928221141,62.92836133171531,64.83528137207031,2367100,0.0,0.0
2019-03-12 00:00:00-04:00,65.6933977360964,66.4943006722333,65.09271325967096,66.35128021240234,2295100,0.0,0.0
2019-03-13 00:00:00-04:00,66.74219448297119,67.31426898081799,65.83641046757391,66.08430480957031,1768900,0.0,0.0
2019-03-14 00:00:00-04:00,66.66592378933383,66.66592378933383,65.72200039308044,65.96990203857422,1227900,0.0,0.0
2019-03-15 00:00:00-04:00,65.93175476482999,66.02709930173708,64.92108230551362,65.68385314941406,1380900,0.0,0.0
2019-03-18 00:00:00-04:00,65.55036985051422,66.72312875908688,65.55036985051422,66.4561538696289,1593500,0.0,0.0
2019-03-19 00:00:00-04:00,66.98055135978862,66.98055135978862,65.33106269499578,65.64570617675781,1266800,0.0,0.0
2019-03-20 00:00:00-04:00,65.3501507841676,66.00804052716477,64.75900295174095,65.19759368896484,1299200,0.0,0.0
2019-03-21 00:00:00-04:00,64.76853287511561,66.14151749233135,64.76853287511561,66.06523895263672,1253100,0.0,0.0
2019-03-22 00:00:00-04:00,65.7887332575134,66.40848364886158,64.07250252367565,64.45388793945312,1819300,0.0,0.0
2019-03-25 00:00:00-04:00,64.10110439069345,64.3776013262701,63.233452496775016,63.977149963378906,994100,0.0,0.0
2019-03-26 00:00:00-04:00,64.73992076950475,65.25478992563247,63.5957646644473,64.13923645019531,1002500,0.0,0.0
2019-03-27 00:00:00-04:00,64.01531165718727,64.2918159639659,62.97604362159627,63.290679931640625,1158600,0.0,0.0
2019-03-28 00:00:00-04:00,64.06298375754916,64.19646758399992,62.365826014684124,63.16672897338867,1786600,0.0,0.0
2019-03-29 00:00:00-04:00,64.1678400009511,65.65523478850756,63.529016480623525,65.17850494384766,3518600,0.0,0.0
2019-04-01 00:00:00-04:00,65.77918919459532,66.24638973147425,64.73992151012453,64.79712677001953,1815400,0.0,0.0
2019-04-02 00:00:00-04:00,64.50157144600254,65.05458000033754,63.853218345066985,64.38715362548828,1244500,0.0,0.0
2019-04-03 00:00:00-04:00,64.38714573005231,64.77806777979747,63.30973866436926,63.79600524902344,1236100,0.0,0.0
2019-04-04 00:00:00-04:00,63.881820981614894,64.55877671909836,63.481369521298916,64.38715362548828,1330900,0.0,0.0
2019-04-05 00:00:00-04:00,64.45388797254715,65.01643309783016,64.29180153491308,64.42528533935547,1233200,0.0,0.0
2019-04-08 00:00:00-04:00,64.65412164045334,64.87342064579613,64.00576853575973,64.83528137207031,1245000,0.0,0.0
2019-04-09 00:00:00-04:00,64.816199387662,64.816199387662,63.88180559762246,64.05342864990234,1499400,0.0,0.0
2019-04-10 00:00:00-04:00,63.9008982932933,64.2441445412768,63.43370484021951,63.929508209228516,1447600,0.0,0.0
2019-04-11 00:00:00-04:00,64.2155341596626,64.32995198664076,63.586254297090264,63.9867057800293,1100900,0.0,0.0
2019-04-12 00:00:00-04:00,65.07364614414979,65.33107714797413,64.12972276436366,64.36808776855469,1609400,0.0,0.0
2019-04-15 00:00:00-04:00,63.89134151559796,64.20597771264767,62.766258690899264,63.36693572998047,1455200,0.0,0.0
2019-04-16 00:00:00-04:00,63.19532345424955,63.63391415230774,62.270466151559035,62.613712310791016,1369700,0.0,0.0
2019-04-17 00:00:00-04:00,62.880691699424084,62.937904252886646,61.8032843878038,62.670936584472656,2389500,0.0,0.0
2019-04-18 00:00:00-04:00,62.62324852095335,63.00463394798571,61.80327239884645,61.97489547729492,1244400,0.0,0.0
2019-04-22 00:00:00-04:00,62.11790569609434,63.53855872174704,61.97488527521047,63.42414093017578,1860600,0.0,0.0
2019-04-23 00:00:00-04:00,63.72925604851117,64.33947707520372,63.54810361454971,63.919952392578125,1411400,0.0,0.0
2019-04-24 00:00:00-04:00,63.719729507728566,64.23459874801847,62.51836794705212,62.566043853759766,899200,0.0,0.0
2019-04-25 00:00:00-04:00,62.689982550051155,62.7185851804792,61.79372800026008,61.89860916137695,1079600,0.0,0.0
2019-04-26 00:00:00-04:00,61.58396635758088,62.39441302503077,60.94515002323524,62.36581039428711,1363300,0.0,0.0
2019-04-29 00:00:00-04:00,62.127440976478795,62.31813001728709,61.67931372882663,61.96534729003906,1425600,0.0,0.0
2019-04-30 00:00:00-04:00,61.98442768684689,62.10837485019399,61.21212025182145,61.355140686035156,1337800,0.0,0.0
2019-05-01 00:00:00-04:00,61.43141923294329,62.165580126379936,61.25025953128219,61.45048522949219,1424100,0.0,0.0
2019-05-02 00:00:00-04:00,61.050030007380414,61.831866754677804,60.392144052847875,61.25979232788086,1646200,0.0,0.0
2019-05-03 00:00:00-04:00,61.40282062673842,61.746066781694644,61.03097183792282,61.46956253051758,1449800,0.0,0.0
2019-05-06 00:00:00-04:00,60.06797509439181,61.63164878474451,59.91542165233694,61.326541900634766,1207800,0.0,0.0
2019-05-07 00:00:00-04:00,61.11678391531494,62.451629356423595,60.62098792112612,62.20372772216797,2769500,0.0,0.0
2019-05-08 00:00:00-04:00,61.97489458343464,62.09884175384564,60.840278591977395,60.86888122558594,2272100,0.0,0.0
2019-05-09 00:00:00-04:00,59.97263480427784,62.13698578009692,57.21713237895423,61.94629669189453,3685200,0.0,0.0
2019-05-10 00:00:00-04:00,61.62211852370375,65.02597050688497,61.50770797677768,64.71133422851562,4207400,0.0,0.0
2019-05-13 00:00:00-04:00,62.00349856691777,63.28113866571599,61.82233885102379,62.58510971069336,2736000,0.0,0.0
2019-05-14 00:00:00-04:00,62.833019970044155,64.43483317612332,62.709065505570386,63.9867057800293,2366800,0.0,0.0
2019-05-15 00:00:00-04:00,63.8627430994656,64.8829448343464,63.204853483982774,63.900875091552734,1485800,0.0,0.0
2019-05-16 00:00:00-04:00,63.94855547730415,65.05457245773962,63.7769324035925,64.65411376953125,1668800,0.0,0.0
2019-05-17 00:00:00-04:00,64.45388765771366,65.14991658403922,63.98669434444737,64.08203887939453,1721000,0.0,0.0
2019-05-20 00:00:00-04:00,63.50997151671093,64.19646388422107,63.033241514198046,63.30974578857422,1436900,0.0,0.0
2019-05-21 00:00:00-04:00,63.834144835531454,64.63505502752975,63.5195085603432,64.01530456542969,1802300,0.0,0.0
2019-05-22 00:00:00-04:00,63.30974951977681,63.78647955038608,62.30861354576813,63.46229934692383,1440100,0.0,0.0
2019-05-23 00:00:00-04:00,62.78533872042935,62.92835917341523,60.687729657711145,61.870018005371094,2214600,0.0,0.0
2019-05-24 00:00:00-04:00,62.42302622130112,62.861616940354466,61.40282433094779,61.55537414550781,1687700,0.0,0.0
2019-05-28 00:00:00-04:00,61.53630296596699,61.87001247690008,59.20985847662471,59.66752243041992,5598200,0.0,0.0
2019-05-29 00:00:00-04:00,59.46729409522131,61.02143478069726,59.11451494380047,60.97376251220703,2252300,0.0,0.0
2019-05-30 00:00:00-04:00,60.9451592569734,61.4886311464073,60.020305563585794,60.077510833740234,1343600,0.0,0.0
2019-05-31 00:00:00-04:00,58.44709167385755,60.86888071479046,58.23733296722021,60.23959732055664,1842600,0.0,0.0
2019-06-03 00:00:00-04:00,60.3540200366833,62.670931870928236,60.3540200366833,61.72700119018555,2691500,0.0,0.0
2019-06-04 00:00:00-04:00,62.785324407030195,63.233451662874295,62.02256095553282,63.06182861328125,1613200,0.0,0.0
2019-06-05 00:00:00-04:00,63.44322136160829,63.44322136160829,62.318138410932185,62.68998718261719,1568700,0.0,0.0
2019-06-06 00:00:00-04:00,62.489769999762615,64.3680873855017,62.2514049969901,64.11064910888672,2094100,0.0,0.0
2019-06-07 00:00:00-04:00,64.5397031133059,64.8352733552306,64.04389989049865,64.45388793945312,1533400,0.0,0.0
2019-06-10 00:00:00-04:00,64.95922752364814,64.95922752364814,63.271606515454486,63.30974578857422,1467400,0.0,0.0
2019-06-11 00:00:00-04:00,63.5957830983883,63.843684750822575,62.413494660685004,63.07138442993164,1078100,0.0,0.0
2019-06-12 00:00:00-04:00,62.88068340813765,62.93789595405631,61.64118978617725,61.94629669189453,2110000,0.0,0.0
2019-06-13 00:00:00-04:00,62.64232667057968,62.89022833738841,62.23233852999437,62.670936584472656,1267300,0.0,0.0
2019-06-14 00:00:00-04:00,62.670917246088095,62.89020893133694,61.936749110168726,62.36581039428711,1529300,0.0,0.0
2019-06-17 00:00:00-04:00,62.10837599875024,63.19531967996069,61.803269128135405,62.65184783935547,978900,0.0,0.0
2019-06-18 00:00:00-04:00,63.30973063837079,64.12016999383766,62.17511117612468,63.31926727294922,1435600,0.0,0.0
2019-06-19 00:00:00-04:00,63.16672553263824,64.04390699419746,62.909294531169415,63.8055419921875,1134300,0.0,0.0
2019-06-20 00:00:00-04:00,64.61597488467045,65.50269289173298,64.37760990722698,65.0354995727539,1801100,0.0,0.0
2019-06-21 00:00:00-04:00,65.12132306395114,65.70293426513672,64.74947423359613,65.70293426513672,2419700,0.0,0.0
2019-06-24 00:00:00-04:00,65.75060246582927,65.75060246582927,64.62551934510401,65.12132263183594,1361600,0.0,0.0
2019-06-25 00:00:00-04:00,64.83527336335956,65.47408975213192,64.42528531435369,64.54923248291016,2485700,0.0,0.0
2019-06-26 00:00:00-04:00,65.18806459913984,65.64572133801852,64.94016295555896,65.44549560546875,2288300,0.0,0.0
2019-06-27 00:00:00-04:00,65.48361164054133,65.86499697047563,64.82572212826264,65.0450210571289,1929400,0.0,0.0
2019-06-28 00:00:00-04:00,65.04503629700409,65.42642171629598,64.19645755809861,65.26432800292969,2689400,0.0,0.0
2019-07-01 00:00:00-04:00,66.26545781968842,67.20938100937478,66.10337139531907,66.85660552978516,3992600,0.0,0.0
2019-07-02 00:00:00-04:00,66.84706066386389,67.17123347268725,65.77918317288281,66.24638366699219,2045400,0.0,0.0
2019-07-03 00:00:00-04:00,65.81734484062724,66.41802931631328,65.73153692942796,65.86502075195312,1090000,0.0,0.0
2019-07-05 00:00:00-04:00,65.59803739477087,65.7887264457548,64.9210745328396,65.56942749023438,1242300,0.0,0.0
2019-07-08 00:00:00-04:00,65.17852044388454,65.94129128646219,65.15944717194307,65.57897186279297,1335400,0.0,0.0
2019-07-09 00:00:00-04:00,65.56941974642397,65.67430089437488,64.73037783713693,65.3119888305664,1687000,0.0,0.0
2019-07-10 00:00:00-04:00,65.78872642770341,66.40847675471264,65.1117708402789,65.47408294677734,1320800,0.0,0.0
2019-07-11 00:00:00-04:00,65.68383797471341,66.14150183018562,65.21664475977734,65.8459243774414,1225100,0.0,0.0
2019-07-12 00:00:00-04:00,65.84594008796212,66.46569049403175,65.84594008796212,66.26546478271484,986100,0.0,0.0
2019-07-15 00:00:00-04:00,66.1319648846699,66.1319648846699,64.86386174721508,65.29292297363281,1257000,0.0,0.0
2019-07-16 00:00:00-04:00,65.14040340019444,65.33109253874095,64.5778653494552,64.58739471435547,1017000,0.0,0.0
2019-07-17 00:00:00-04:00,64.35853448257963,64.68270731274384,63.02368934955827,63.06182861328125,1654900,0.0,0.0
2019-07-18 00:00:00-04:00,62.97603678233337,64.10111988889557,62.623253958689055,64.09158325195312,1500200,0.0,0.0
2019-07-19 00:00:00-04:00,64.39668237445535,64.51110018095451,63.38601721050558,63.89134979248047,1238800,0.0,0.0
2019-07-22 00:00:00-04:00,63.97715785707289,64.85433921953644,63.023697956745956,64.15831756591797,1390900,0.0,0.0
2019-07-23 00:00:00-04:00,64.39666996185268,64.39666996185268,62.489750533693545,63.195308685302734,2173000,0.0,0.0
2019-07-24 00:00:00-04:00,63.119050200054325,64.53017422556715,62.985566379653164,64.36808776855469,1410000,0.0,0.0
2019-07-25 00:00:00-04:00,64.9878454793584,64.9878454793584,63.43370082320566,63.58625793457031,1519800,0.0,0.0
2019-07-26 00:00:00-04:00,64.12972583093014,64.42529612247739,63.328815595902455,63.405094146728516,842000,0.0,0.0
2019-07-29 00:00:00-04:00,62.54696247146911,63.281130603370585,61.6793178216014,62.24185562133789,1851300,0.0,0.0
2019-07-30 00:00:00-04:00,61.61257976547924,62.42301920468356,61.61257976547924,62.184654235839844,2070600,0.0,0.0
2019-07-31 00:00:00-04:00,62.48974954907505,62.57555743031642,61.479084595857735,62.11790084838867,2033400,0.0,0.0
2019-08-01 00:00:00-04:00,61.65071388703826,62.39441136385807,60.458885505148345,60.78306198120117,3059200,0.0,0.0
2019-08-02 00:00:00-04:00,60.783073316268435,61.30747921147105,59.410092263678976,60.53517532348633,1517400,0.0,0.0
2019-08-05 00:00:00-04:00,58.70452407579247,59.68658658085941,57.03596929843597,57.52223587036133,3874900,0.0,0.0
2019-08-06 00:00:00-04:00,57.922684290659326,58.609176527625195,57.27433131956058,58.599639892578125,2342600,0.0,0.0
2019-08-07 00:00:00-04:00,57.770138087441005,58.5329053143505,57.093182400881396,58.16105651855469,2407600,0.0,0.0
2019-08-08 00:00:00-04:00,58.28500128836723,60.43981893568733,58.28500128836723,59.88681411743164,3140500,0.0,0.0
2019-08-09 00:00:00-04:00,60.067973572727105,60.306338547222055,58.5901114582906,59.438690185546875,2218600,0.0,0.0
2019-08-12 00:00:00-04:00,58.87614781905194,59.03823425344533,56.34947767235785,58.399417877197266,1949600,0.0,0.0
2019-08-13 00:00:00-04:00,58.237331003297996,59.20985687664054,57.49362982634793,57.951290130615234,2322700,0.0,0.0
2019-08-14 00:00:00-04:00,57.20759156170749,57.40781725925489,56.02529973574815,56.759464263916016,2007600,0.0,0.0
2019-08-15 00:00:00-04:00,56.99782891564217,57.064570814457994,55.9394878956188,56.29227066040039,1996100,0.0,0.0
2019-08-16 00:00:00-04:00,56.86434583886907,57.445956939203406,56.406685539547155,57.18852233886719,1849800,0.0,0.0
2019-08-19 00:00:00-04:00,57.779667497921864,58.54243831461799,57.560372161128015,58.399417877197266,1499600,0.0,0.0
2019-08-20 00:00:00-04:00,58.275474204420604,58.275474204420604,57.56037920414051,57.65572738647461,1281600,0.0,0.0
2019-08-21 00:00:00-04:00,58.180122582668204,58.961959396904966,58.180122582668204,58.46615982055664,1145300,0.0,0.0
2019-08-22 00:00:00-04:00,58.35174881814404,58.55197453181117,57.36968261066812,57.66525650024414,1403700,0.0,0.0
2019-08-23 00:00:00-04:00,57.102717458491824,57.40782436025461,55.84415057943002,55.95856475830078,2116400,0.0,0.0
2019-08-26 00:00:00-04:00,56.25413478506146,56.71179510617553,55.52950685258774,55.89181900024414,1643900,0.0,0.0
2019-08-27 00:00:00-04:00,55.97763025902058,56.73086445836113,55.36741650057387,55.51996994018555,1158300,0.0,0.0
2019-08-28 00:00:00-04:00,55.491364080552984,56.26366423242698,55.20532685255667,56.16831970214844,1017400,0.0,0.0
2019-08-29 00:00:00-04:00,56.349476638196634,57.8464083371748,55.78693517164581,57.18852233886719,1657200,0.0,0.0
2019-08-30 00:00:00-04:00,57.11225102231694,57.65572288916456,56.77853786592004,56.93109130859375,1441300,0.0,0.0
2019-09-03 00:00:00-04:00,57.02643901169441,57.11225054981098,55.45322869194418,56.2732048034668,1865000,0.0,0.0
2019-09-04 00:00:00-04:00,57.140854294301775,58.551974564081846,56.330414803015174,57.58898162841797,2252800,0.0,0.0
2019-09-05 00:00:00-04:00,58.28500415642056,60.1633176684594,58.161053352183,58.990562438964844,1967800,0.0,0.0
2019-09-06 00:00:00-04:00,58.77127490964951,59.19079964522481,57.97990498627476,59.10498809814453,1278000,0.0,0.0
2019-09-09 00:00:00-04:00,58.60918496162329,59.667526100189896,58.60918496162329,59.543575286865234,1170400,0.0,0.0
2019-09-10 00:00:00-04:00,59.54356876690447,61.65071781404867,59.44822059895637,60.945152282714844,1869000,0.0,0.0
2019-09-11 00:00:00-04:00,60.840282261745855,61.736533328096186,60.258671095550824,60.74493408203125,1299000,0.0,0.0
2019-09-12 00:00:00-04:00,60.554245389102924,61.29794669171882,59.87728963530913,61.11678695678711,1306500,0.0,0.0
2019-09-13 00:00:00-04:00,61.593521544409576,62.670936122409636,61.00237729563915,62.403961181640625,2028900,0.0,0.0
2019-09-16 00:00:00-04:00,63.872294960803046,64.34902504736532,62.299084220282765,62.76628494262695,2790300,0.0,0.0
2019-09-17 00:00:00-04:00,62.49929429841382,63.15717662965107,61.44095331308993,62.81393051147461,2794500,0.0,0.0
2019-09-18 00:00:00-04:00,62.72813057412619,63.60531197656539,62.28000323665862,63.22392654418945,3203600,0.0,0.0
2019-09-19 00:00:00-04:00,63.69113082365517,64.07250900368176,62.289543461657715,62.890220642089844,2262000,0.0,0.0
2019-09-20 00:00:00-04:00,63.099976069186525,64.22505903495983,62.70905402101366,63.71018981933594,3025800,0.0,0.0
2019-09-23 00:00:00-04:00,63.36692732455595,63.776915264113065,62.66136922194132,62.775779724121094,1132900,0.0,0.0
2019-09-24 00:00:00-04:00,63.033240498157504,63.06184313395562,61.35514887955124,61.94629669189453,1432000,0.0,0.0
2019-09-25 00:00:00-04:00,61.77464981806874,62.02255135674178,60.6781697972699,61.278846740722656,1802300,0.0,0.0
2019-09-26 00:00:00-04:00,60.98329852851711,61.14538497683618,59.78194057217931,60.077510833740234,2135400,0.0,0.0
2019-09-27 00:00:00-04:00,60.153789521028834,60.51610532724036,59.648456901927254,60.20146179199219,990200,0.0,0.0
2019-09-30 00:00:00-04:00,60.067970390545504,60.28726571900409,59.8105357952696,60.125179290771484,1437600,0.0,0.0
2019-10-01 00:00:00-04:00,60.80213479348782,61.12631128649486,59.42915392513128,60.067970275878906,1449000,0.0,0.0
2019-10-02 00:00:00-04:00,60.06797300078535,60.582842213710684,58.52336899917019,58.7426643371582,2091700,0.0,0.0
2019-10-03 00:00:00-04:00,58.675926724801414,59.62938668339554,57.64618822368242,59.41962432861328,1111400,0.0,0.0
2019-10-04 00:00:00-04:00,59.514969196095116,60.02983844947907,58.93336167337744,59.73426818847656,945600,0.0,0.0
2019-10-07 00:00:00-04:00,59.934496876913336,59.934496876913336,58.63779067993164,58.63779067993164,924700,0.0,0.0
2019-10-08 00:00:00-04:00,57.94176405905147,58.40895741758544,56.67366052585112,56.80714797973633,1799000,0.0,0.0
2019-10-09 00:00:00-04:00,57.093182400881396,58.418491139604335,56.931092319260046,58.16105651855469,1215500,0.0,0.0
2019-10-10 00:00:00-04:00,58.2182618882753,59.09544323665013,58.113380718978135,58.4852294921875,1731800,0.0,0.0
2019-10-11 00:00:00-04:00,58.95242371089568,60.36354383902134,58.876145177783705,59.74379348754883,1719300,0.0,0.0
2019-10-14 00:00:00-04:00,58.99057452351955,60.18239963144594,58.952438884308705,59.963104248046875,1657500,0.0,0.0
2019-10-15 00:00:00-04:00,59.83913831257249,61.53629931109673,59.73426078476607,60.067970275878906,1113500,0.0,0.0
2019-10-16 00:00:00-04:00,60.09657625192775,60.09657625192775,59.0573048168452,59.553104400634766,1295500,0.0,0.0
2019-10-17 00:00:00-04:00,59.87728851267659,60.29681324914851,59.314746955539434,59.51497268676758,677700,0.0,0.0
2019-10-18 00:00:00-04:00,59.46729294265772,59.963092527100876,58.85707918862334,59.638916015625,1019000,0.0,0.0
2019-10-21 00:00:00-04:00,59.89635521653464,60.792606281831205,59.74380176633179,60.70679473876953,1663700,0.0,0.0
2019-10-22 00:00:00-04:00,60.96422197979674,61.345603740504224,60.37307788654568,60.88794708251953,1108400,0.0,0.0
2019-10-23 00:00:00-04:00,61.2598034496164,61.27886944843196,60.54470846771426,60.89748764038086,1341900,0.0,0.0
2019-10-24 00:00:00-04:00,61.24072624239896,61.87954256347671,60.90701312962477,61.34560012817383,1043900,0.0,0.0
2019-10-25 00:00:00-04:00,61.32654585736958,61.75559994028295,60.840282866059205,61.30747985839844,920100,0.0,0.0
2019-10-28 00:00:00-04:00,61.59351596056953,61.96536478716891,59.62939064321666,59.68659591674805,2018000,0.0,0.0
2019-10-29 00:00:00-04:00,59.619850085516525,60.23006387746522,59.25753791977267,59.53403854370117,1510800,0.0,0.0
2019-10-30 00:00:00-04:00,59.495902868668956,59.92495694028963,59.00010325376125,59.32427978515625,1519500,0.0,0.0
2019-10-31 00:00:00-04:00,59.3052095587137,59.64845572231962,57.99897044691211,58.68545913696289,1669800,0.0,0.0
2019-11-01 00:00:00-04:00,58.42802517066112,60.93562588325477,58.323143993140924,59.505435943603516,2230000,0.0,0.0
2019-11-04 00:00:00-05:00,59.80100984050944,59.87728474596707,58.952431058262135,59.505435943603516,1798400,0.0,0.0
2019-11-05 00:00:00-05:00,59.64844847551404,60.06796949275226,58.122910560068405,59.15264892578125,2125500,0.0,0.0
2019-11-06 00:00:00-05:00,59.02870112572516,59.09544302646583,57.39828560107031,58.19919204711914,1625100,0.0,0.0
2019-11-07 00:00:00-05:00,58.92382056570265,59.07637400285216,58.06570884567194,58.91428756713867,2749500,0.0,0.0
2019-11-08 00:00:00-05:00,58.6377871209917,58.94289401503861,57.69386016698584,58.86661911010742,1303100,0.0,0.0
2019-11-11 00:00:00-05:00,58.2659341648611,58.6377829381328,57.79873722077563,58.58057403564453,973600,0.0,0.0
2019-11-12 00:00:00-05:00,58.65685668606396,58.97149657891396,58.35174979238351,58.87615203857422,1722900,0.0,0.0
2019-11-13 00:00:00-05:00,58.41848373413086,59.42915245489323,57.98942608677134,58.41848373413086,1187300,0.0,0.0
2019-11-14 00:00:00-05:00,58.685455034398004,58.95242627473985,58.141983192401845,58.31360626220703,996000,0.0,0.0
2019-11-15 00:00:00-05:00,58.59011455730255,58.84754917983291,58.19919612394039,58.571044921875,1118000,0.0,0.0
2019-11-18 00:00:00-05:00,58.22779804483548,58.27547031423954,57.59851463208329,57.684326171875,1215400,0.0,0.0
2019-11-19 00:00:00-05:00,57.5603709400995,57.684321740757376,56.68318961153175,57.01689910888672,1696000,0.0,0.0
2019-11-20 00:00:00-05:00,57.58898140431364,58.06571137078259,57.083645166587075,57.37921905517578,2322600,0.0,0.0
2019-11-21 00:00:00-05:00,57.36015381437772,58.42802800267216,56.80714890223214,58.32314682006836,1823500,0.0,0.0
2019-11-22 00:00:00-05:00,58.51383171715238,59.00963129036399,58.00849914550781,58.00849914550781,1510400,0.0,0.0
2019-11-25 00:00:00-05:00,58.18965554878827,58.91428709734069,57.85594604429755,58.4947624206543,1214600,0.0,0.0
2019-11-26 00:00:00-05:00,58.31360232281332,58.63777880641651,57.93221694075289,58.20872116088867,3915000,0.0,0.0
2019-11-27 00:00:00-05:00,58.494758628572235,59.05730006907459,57.89408155942948,58.41848373413086,1273600,0.0,0.0
2019-11-29 00:00:00-05:00,58.00849510188205,58.323134948487734,57.379211771510136,57.72245788574219,694200,0.0,0.0
2019-12-02 00:00:00-05:00,57.54130956426017,58.19919929226203,57.54130956426017,57.84641647338867,1291800,0.0,0.0
2019-12-03 00:00:00-05:00,57.26481210832311,57.72247249742973,56.8357543569227,56.864356994628906,1498500,0.0,0.0
2019-12-04 00:00:00-05:00,57.01690258058196,57.82734569618643,56.59738152448288,56.65458679199219,1701500,0.0,0.0
2019-12-05 00:00:00-05:00,56.597377739083406,57.31247263240977,56.09204517835753,56.57830810546875,1286500,0.0,0.0
2019-12-06 00:00:00-05:00,56.721333197974836,57.77013767280259,56.406689673229906,57.617584228515625,1631200,0.0,0.0
2019-12-09 00:00:00-05:00,57.264804766985975,57.37921894030439,56.5973820878334,57.22666549682617,1397300,0.0,0.0
2019-12-10 00:00:00-05:00,57.2075959787783,57.7987401188206,56.78807491764522,57.4268913269043,1228800,0.0,0.0
2019-12-11 00:00:00-05:00,57.20759932269112,57.445964319869,55.92042979279505,56.797611236572266,2188000,0.0,0.0
2019-12-12 00:00:00-05:00,56.511570059304695,57.75106723147937,56.282738077487984,56.692726135253906,1832900,0.0,0.0
2019-12-13 00:00:00-05:00,56.93109612302761,58.59011813491678,56.74040339426912,58.151527404785156,2733100,0.0,0.0
2019-12-16 00:00:00-05:00,58.237335281225384,58.78080715978707,58.01803629281673,58.370819091796875,1338200,0.0,0.0
2019-12-17 00:00:00-05:00,58.6568489074707,59.505427570310445,58.447086581946955,58.6568489074707,1607300,0.0,0.0
2019-12-18 00:00:00-05:00,58.580577960620964,59.21939801781222,58.208729162434906,58.68545913696289,1181100,0.0,0.0
2019-12-19 00:00:00-05:00,58.752193357671445,59.06683684554204,58.36127497517684,58.618709564208984,1390800,0.0,0.0
2019-12-20 00:00:00-05:00,59.00010240297632,59.09544694259246,58.351749349535616,58.36128234863281,2502300,0.0,0.0
2019-12-23 00:00:00-05:00,58.36128706823792,59.75333782730889,58.170594336423505,59.68659591674805,1911400,0.0,0.0
2019-12-24 00:00:00-05:00,59.476832867875366,59.619849678483824,58.68545936129646,59.038238525390625,988800,0.0,0.0
2019-12-26 00:00:00-05:00,59.27660354680838,59.43869363018216,58.81894320571471,58.96196365356445,701700,0.0,0.0
2019-12-27 00:00:00-05:00,58.876147786280335,59.228926924651404,58.39941784469102,58.42802047729492,1296000,0.0,0.0
2019-12-30 00:00:00-05:00,58.05617534288694,58.77127030008228,57.770138087441005,58.16105651855469,1824600,0.0,0.0
2019-12-31 00:00:00-05:00,57.69385958414544,58.25640109632917,57.68432658506075,58.22779846191406,1599700,0.0,0.0
2020-01-02 00:00:00-05:00,58.275471650868106,59.448226963479556,58.237336016766776,59.41962432861328,1712700,0.0,0.0
2020-01-03 00:00:00-05:00,59.41962461885974,60.010768777670556,59.32428007739904,59.7151985168457,1580900,0.0,0.0
2020-01-06 00:00:00-05:00,59.82961284215187,60.17285901171796,59.24800168118278,60.02983856201172,1558700,0.0,0.0
2020-01-07 00:00:00-05:00,60.06797448807181,60.649585616648096,59.76286760704178,60.64004898071289,1710600,0.0,0.0
2020-01-08 00:00:00-05:00,60.96423222294842,61.002371496575506,59.0477791877039,59.10498809814453,1955900,0.0,0.0
2020-01-09 00:00:00-05:00,59.33380596677998,60.49702814645079,59.11451063796937,60.30633544921875,2483700,0.0,0.0
2020-01-10 00:00:00-05:00,60.44936385332201,60.98329911139275,60.25867113094196,60.76400375366211,1743200,0.0,0.0
2020-01-13 00:00:00-05:00,60.65911899328181,61.36468093328443,60.325409476689245,60.97376251220703,1571700,0.0,0.0
2020-01-14 00:00:00-05:00,61.193057893914236,61.8509475658236,60.89748400963895,60.99283218383789,1574900,0.0,0.0
2020-01-15 00:00:00-05:00,61.259800793928406,62.74719596402129,60.33494349353711,62.346744537353516,2680000,0.0,0.0
2020-01-16 00:00:00-05:00,62.87114682279372,63.98669313669513,62.508827412782885,62.7471923828125,2108400,0.0,0.0
2020-01-17 00:00:00-05:00,62.09884340237609,62.99509807561999,61.50770289391486,62.9283561706543,1831400,0.0,0.0
2020-01-21 00:00:00-05:00,62.50883793789301,62.7090636735129,60.77354459202595,61.42189407348633,2417100,0.0,0.0
2020-01-22 00:00:00-05:00,61.53630349898295,61.59350876583219,60.30633934147148,60.39215087890625,1088300,0.0,0.0
2020-01-23 00:00:00-05:00,59.70565811941873,60.11564616876375,58.923821289774935,59.92495346069336,2164200,0.0,0.0
2020-01-24 00:00:00-05:00,60.03936217435499,60.16330932424113,58.28499607271084,58.3040657043457,1547800,0.0,0.0
2020-01-27 00:00:00-05:00,56.473419482922864,57.61757188861353,55.97761998588489,56.778526306152344,2537800,0.0,0.0
2020-01-28 00:00:00-05:00,57.24573107045797,57.58897720322171,56.86434567024031,56.9692268371582,1590100,0.0,0.0
2020-01-29 00:00:00-05:00,56.997836532534066,57.598517339309026,56.07298282371045,56.13972473144531,1590000,0.0,0.0
2020-01-30 00:00:00-05:00,55.6820612791856,57.18852607488976,55.53904083504641,57.0550422668457,2280700,0.0,0.0
2020-01-31 00:00:00-05:00,56.616451183836325,56.93109106675635,56.41622183598436,56.482967376708984,1336800,0.0,0.0
2020-02-03 00:00:00-05:00,56.33041354674643,56.94062731064668,55.834613954287235,56.0062370300293,1251900,0.0,0.0
2020-02-04 00:00:00-05:00,56.66411575918988,57.50316139499395,56.10157433612904,56.463890075683594,1668400,0.0,0.0
2020-02-05 00:00:00-05:00,57.00736988236423,57.560374748449426,56.511570284090034,56.902488708496094,1621100,0.0,0.0
2020-02-06 00:00:00-05:00,56.72132714773159,56.778532410011714,53.3270088279541,54.96696090698242,4074100,0.0,0.0
2020-02-07 00:00:00-05:00,54.41395551980042,54.92882473226374,53.908622943027616,54.14698791503906,2270400,0.0,0.0
2020-02-10 00:00:00-05:00,53.87048574930123,53.87048574930123,51.92542662985916,52.001705169677734,3292600,0.0,0.0
2020-02-11 00:00:00-05:00,52.163784360809935,53.0791048884467,52.106579101057925,52.411685943603516,2346400,0.0,0.0
2020-02-12 00:00:00-05:00,53.00284167322915,53.3270182194969,52.46890276256424,52.61192321777344,1555100,0.0,0.0
2020-02-13 00:00:00-05:00,52.278209469206224,53.069579316171705,51.934963314026604,52.211463928222656,1694400,0.0,0.0
2020-02-14 00:00:00-05:00,52.516570855101165,52.907489252367064,52.07797655508811,52.42122268676758,1338600,0.0,0.0
2020-02-18 00:00:00-05:00,52.39261646668113,53.212592472389396,52.01123109378783,52.659584045410156,2037000,0.0,0.0
2020-02-19 00:00:00-05:00,53.145862160928836,53.145862160928836,52.40216088541212,52.774009704589844,1548300,0.0,0.0
2020-02-20 00:00:00-05:00,52.80261181478415,53.32701404759046,52.259139946964396,52.31634521484375,2153800,0.0,0.0
2020-02-21 00:00:00-05:00,52.135192088400174,52.221003632236446,50.71453511536881,51.19126510620117,2629200,0.0,0.0
2020-02-24 00:00:00-05:00,49.3892213087461,49.885020885336914,48.49297032634779,49.494102478027344,2789700,0.0,0.0
2020-02-25 00:00:00-05:00,51.48683202631881,51.58217655668846,46.46209816803175,47.53950881958008,4452000,0.0,0.0
2020-02-26 00:00:00-05:00,47.41556056546495,48.369020468982434,45.4132962229426,46.02350997924805,4472600,0.0,0.0
2020-02-27 00:00:00-05:00,44.412156357393904,47.66345391962346,43.07731126886343,45.65165328979492,6057000,0.0,0.0
2020-02-28 00:00:00-05:00,44.24054660625722,48.9315681825071,44.13566542158181,48.9029655456543,7483400,0.0,0.0
2020-03-02 00:00:00-05:00,49.312950425782816,50.30454602256835,48.38809309824017,49.65619659423828,4743000,0.0,0.0
2020-03-03 00:00:00-05:00,49.42737123038363,50.35222868193642,47.43463949601917,48.18787384033203,3187000,0.0,0.0
2020-03-04 00:00:00-05:00,48.55971022278582,48.79807518416326,46.5193067353406,47.148590087890625,3454100,0.0,0.0
2020-03-05 00:00:00-05:00,45.909089875781085,46.09977892211056,43.32521110695589,43.84008026123047,3594000,0.0,0.0
2020-03-06 00:00:00-05:00,43.77334183432635,43.77334183432635,41.027376431215174,43.401493072509766,6739500,0.0,0.0
2020-03-09 00:00:00-04:00,36.33636025040274,38.043054479567495,34.66780529317892,35.544986724853516,8265300,0.0,0.0
2020-03-10 00:00:00-04:00,37.59492500943194,39.08232379689246,35.03965212790694,37.77608108520508,5063900,0.0,0.0
2020-03-11 00:00:00-04:00,37.16586715941356,37.5377159454101,35.47824266844694,37.50911331176758,5178000,0.0,0.0
2020-03-12 00:00:00-04:00,33.6285286796747,35.57358760805567,32.34135572538115,33.71434020996094,6771400,0.0,0.0
2020-03-13 00:00:00-04:00,36.183809579641654,36.66053960404494,31.80742781013304,33.75248718261719,4145400,0.0,0.0
2020-03-16 00:00:00-04:00,27.70754525607796,34.51525044192478,27.1259359312254,33.62853240966797,4896600,0.0,0.0
2020-03-17 00:00:00-04:00,33.990843687502704,35.97403820133738,32.131596330234835,32.96110534667969,3319400,0.0,0.0
2020-03-18 00:00:00-04:00,30.70141444248438,31.330697932151164,25.800628532080303,28.432178497314453,5958700,0.0,0.0
2020-03-19 00:00:00-04:00,28.165206688436736,31.874165166151297,27.25941904412093,30.320024490356445,3381900,0.0,0.0
2020-03-20 00:00:00-04:00,30.98744780647292,34.372229839440074,30.443975935916892,33.409236907958984,7196600,0.0,0.0
2020-03-23 00:00:00-04:00,33.027849089125944,33.22807478753892,27.888701006895097,28.50844955444336,4358400,0.0,0.0
2020-03-24 00:00:00-04:00,31.445107088468,32.0267182098378,29.14726887327903,32.01718521118164,3010500,0.0,0.0
2020-03-25 00:00:00-04:00,33.18040357091036,33.18040357091036,30.14840263677282,31.759750366210938,3377000,0.0,0.0
2020-03-26 00:00:00-04:00,31.50232045488418,35.5926648812724,31.464181180534496,33.10413360595703,6652000,0.0,0.0
2020-03-27 00:00:00-04:00,32.713208325302,32.77041358775398,30.61559595592778,31.950437545776367,2397100,0.0,0.0
2020-03-30 00:00:00-04:00,31.18767352462532,31.492780412105944,29.156804668219618,31.02558708190918,2813600,0.0,0.0
2020-03-31 00:00:00-04:00,32.398561034369614,33.19946734923496,30.520244211339655,31.940900802612305,4021100,0.0,0.0
2020-04-01 00:00:00-04:00,30.463048932211905,31.82649707710766,29.36656843398282,30.51072120666504,2742200,0.0,0.0
2020-04-02 00:00:00-04:00,32.102993208910476,35.487778776475665,31.073258404328953,32.34135818481445,4952200,0.0,0.0
2020-04-03 00:00:00-04:00,33.63806496945206,33.88596658660997,30.472578311368796,30.7014102935791,2292500,0.0,0.0
2020-04-06 00:00:00-04:00,31.540462934612144,33.0564610538846,30.968384672712162,32.57973098754883,2714100,0.0,0.0
2020-04-07 00:00:00-04:00,34.56293367994157,34.74408981605806,32.00765994725154,32.141143798828125,2999300,0.0,0.0
2020-04-08 00:00:00-04:00,32.97064354386672,34.83942398743566,32.32229055125534,34.81081771850586,1910100,0.0,0.0
2020-04-09 00:00:00-04:00,36.002640661746945,37.81421574738407,35.22080391207042,36.784481048583984,3034100,0.0,0.0
2020-04-13 00:00:00-04:00,37.24213696763578,37.54724377882996,35.287541684650435,36.479366302490234,1723100,0.0,0.0
2020-04-14 00:00:00-04:00,36.69868143599966,38.109801970097806,36.403107490896566,37.79515838623047,2540400,0.0,0.0
2020-04-15 00:00:00-04:00,36.16473154862737,38.03351193763878,36.16473154862737,37.81421661376953,3478200,0.0,0.0
2020-04-16 00:00:00-04:00,37.83328508818675,37.890493985463536,35.37335706269216,36.60332107543945,2693000,0.0,0.0
2020-04-17 00:00:00-04:00,36.593790626922754,39.79741635437706,36.593790626922754,39.406497955322266,2983600,0.0,0.0
2020-04-20 00:00:00-04:00,38.205136663160765,40.33135173475533,37.89049679768715,39.72113800048828,3164800,0.0,0.0
2020-04-21 00:00:00-04:00,38.75814481303749,39.63532613951324,38.10025518101995,39.377891540527344,3584600,0.0,0.0
2020-04-22 00:00:00-04:00,39.911833784581724,40.42670302657403,38.11932807384611,38.8630256652832,1622900,0.0,0.0
2020-04-23 00:00:00-04:00,40.31228567022737,40.31228567022737,38.805820835015936,39.28255081176758,1715400,0.0,0.0
2020-04-24 00:00:00-04:00,39.044182493980514,40.054847630728545,38.56745255788102,39.921363830566406,2914800,0.0,0.0
2020-04-27 00:00:00-04:00,39.56858914934299,41.15133256983027,38.78675225712405,40.80808639526367,3425800,0.0,0.0
2020-04-28 00:00:00-04:00,41.761542822276304,42.24780940726793,40.52204568179476,41.07505416870117,3369000,0.0,0.0
2020-04-29 00:00:00-04:00,42.2954909517344,43.8019560302991,41.62806814903489,43.56359100341797,3668800,0.0,0.0
2020-04-30 00:00:00-04:00,44.45030216138905,46.40489434512323,43.35382539351917,44.51704406738281,4733400,0.0,0.0
2020-05-01 00:00:00-04:00,42.84849054013538,43.658933712020136,41.151332925830836,41.237144470214844,3477700,0.0,0.0
2020-05-04 00:00:00-04:00,40.64600026110662,42.17153478532547,40.150200631445195,41.2657470703125,4033000,0.0,0.0
2020-05-05 00:00:00-04:00,42.495706543981136,42.72453851544225,39.902294507505545,40.16926574707031,2211600,0.0,0.0
2020-05-06 00:00:00-04:00,40.45531085131156,40.78902041921666,39.90230226774138,40.52205276489258,2473900,0.0,0.0
2020-05-07 00:00:00-04:00,41.53271061319597,42.04757614610874,40.85575138417639,41.198997497558594,2898100,0.0,0.0
2020-05-08 00:00:00-04:00,42.038040540644474,42.95336102811048,41.99036828055651,42.428958892822266,2158800,0.0,0.0
2020-05-11 00:00:00-04:00,42.142929270043645,42.657798500722684,41.446903963604626,42.38129425048828,1760900,0.0,0.0
2020-05-12 00:00:00-04:00,42.48618642875972,42.71501483244842,41.50411998167987,41.675743103027344,2209000,0.0,0.0
2020-05-13 00:00:00-04:00,41.59945811268947,42.085721080710954,37.67120054943544,38.52931594848633,2381000,0.0,0.0
2020-05-14 00:00:00-04:00,37.99537801348106,40.33135564674632,37.6902711167533,39.83555603027344,1821900,0.0,0.0
2020-05-15 00:00:00-04:00,39.00603524532781,40.25506873172733,38.35768237391615,39.349281311035156,1973600,0.0,0.0
2020-05-18 00:00:00-04:00,40.80807945343643,41.837817801968306,40.53157523349799,41.494571685791016,1754600,0.0,0.0
2020-05-19 00:00:00-04:00,41.46597643237114,41.9903786977559,40.836692986477196,41.12273025512695,1285400,0.0,0.0
2020-05-20 00:00:00-04:00,43.144066119810006,44.040317233694275,42.085724910394816,43.63032913208008,2937800,0.0,0.0
2020-05-21 00:00:00-04:00,43.27754922913321,43.53498386803784,41.91410112520937,42.61012649536133,1886200,0.0,0.0
2020-05-22 00:00:00-04:00,42.2954800675921,43.725669860839844,41.96176693353786,43.725669860839844,1373900,0.0,0.0
2020-05-26 00:00:00-04:00,44.81261368299261,44.90795821468787,43.182198185742735,43.8496208190918,1894500,0.0,0.0
2020-05-27 00:00:00-04:00,44.45983358851647,44.45983358851647,41.51364252212838,42.934295654296875,2038000,0.0,0.0
2020-05-28 00:00:00-04:00,42.59104503796311,43.430090631468595,41.9140894923345,42.21919631958008,1667200,0.0,0.0
2020-05-29 00:00:00-04:00,42.571990617855384,42.571990617855384,40.83669370218454,42.28594970703125,2708200,0.0,0.0
2020-06-01 00:00:00-04:00,42.22874103591334,43.16313132782916,40.81762078054082,42.638729095458984,2241300,0.0,0.0
2020-06-02 00:00:00-04:00,42.90569494199708,45.27981166247169,42.734071871256226,45.08911895751953,1959500,0.0,0.0
2020-06-03 00:00:00-04:00,45.403756801223984,47.463229920970626,45.403756801223984,47.2248649597168,2271200,0.0,0.0
2020-06-04 00:00:00-04:00,47.13905258745151,47.186728488580506,45.62305131542871,46.19512939453125,1309000,0.0,0.0
2020-06-05 00:00:00-04:00,48.49296173425806,50.33313927698005,47.97809261473623,48.34040832519531,3390500,0.0,0.0
2020-06-08 00:00:00-04:00,49.10318354164682,49.39875741214917,48.187862934954126,48.86481857299805,2433400,0.0,0.0
2020-06-09 00:00:00-04:00,48.14971961862,48.750400307514646,47.31067398111832,48.635982513427734,1414700,0.0,0.0
2020-06-10 00:00:00-04:00,48.08297956170715,48.48343094483513,46.35721595845606,46.395355224609375,1715200,0.0,0.0
2020-06-11 00:00:00-04:00,44.364498046966034,45.48958127515823,43.39196829189337,44.0021858215332,3013000,0.0,0.0
2020-06-12 00:00:00-04:00,45.18446238892737,45.48956925454196,43.10591959370249,43.954498291015625,2518900,0.0,0.0
2020-06-15 00:00:00-04:00,42.581518177019674,45.289344386901924,41.48503785805141,44.860286712646484,2351200,0.0,0.0
2020-06-16 00:00:00-04:00,46.05210528871941,46.729060839640844,44.4026203544138,46.423954010009766,2611700,0.0,0.0
2020-06-17 00:00:00-04:00,46.56698551250762,47.11045740947908,45.661197805168136,45.832820892333984,1805500,0.0,0.0
2020-06-18 00:00:00-04:00,45.727936181187914,46.45256774596134,45.37515703466345,46.1569938659668,1460900,0.0,0.0
2020-06-19 00:00:00-04:00,46.681396551279285,47.15812650863425,45.89002671339373,46.62419128417969,2772200,0.0,0.0
2020-06-22 00:00:00-04:00,46.24280201097176,46.881618354770765,45.79467472449981,46.63372039794922,1559400,0.0,0.0
2020-06-23 00:00:00-04:00,47.158125430263084,47.66346164677318,45.38468944751027,45.48957061767578,2072900,0.0,0.0
2020-06-24 00:00:00-04:00,45.28934401688613,45.3274832847663,43.60171960337655,44.45029830932617,3071100,0.0,0.0
2020-06-25 00:00:00-04:00,43.97356544620411,45.27027137055804,43.73520049355554,45.260738372802734,1422500,0.0,0.0
2020-06-26 00:00:00-04:00,44.94610449761455,45.19400613817299,42.88663101196289,42.88663101196289,5358900,0.0,0.0
2020-06-29 00:00:00-04:00,43.30614191156948,44.9174912842887,43.134522495574515,44.26913833618164,1266300,0.0,0.0
2020-06-30 00:00:00-04:00,43.91636446919147,46.195133056849606,43.69706912782279,46.07118225097656,2225500,0.0,0.0
2020-07-01 00:00:00-04:00,45.63259516969422,46.404895424779355,45.15586518026935,45.832820892333984,1699700,0.0,0.0
2020-07-02 00:00:00-04:00,46.80534717311414,47.2820771285799,46.3381502164069,46.52884292602539,1456200,0.0,0.0
2020-07-06 00:00:00-04:00,47.577652541348904,48.96970318318512,47.52044363547416,48.292747497558594,2297000,0.0,0.0
2020-07-07 00:00:00-04:00,47.78740729283566,48.67412525598437,47.3297469952687,48.19739532470703,3234500,0.0,0.0
2020-07-08 00:00:00-04:00,48.42621954412135,49.47502377026385,47.9113504277997,48.15924835205078,2532000,0.0,0.0
2020-07-09 00:00:00-04:00,47.88275494177036,48.15925553466851,47.04370925342244,47.49183654785156,1250900,0.0,0.0
2020-07-10 00:00:00-04:00,46.98650312338387,47.196265467129265,46.02351021622355,46.328617095947266,1739700,0.0,0.0
2020-07-13 00:00:00-04:00,46.29047813173465,47.26300768119809,46.1665273244173,46.62419128417969,1158400,0.0,0.0
2020-07-14 00:00:00-04:00,46.38582282585057,47.46322982989478,46.14745786505413,47.09138107299805,1726700,0.0,0.0
2020-07-15 00:00:00-04:00,47.67299324012437,48.407157772481575,47.36788637436044,48.25460433959961,1137900,0.0,0.0
2020-07-16 00:00:00-04:00,48.283218394504615,48.62646460898448,47.43463949601917,48.18787384033203,769300,0.0,0.0
2020-07-17 00:00:00-04:00,48.321349447747984,48.473902890759646,47.310680614570074,47.520442962646484,1115300,0.0,0.0
2020-07-20 00:00:00-04:00,47.32974879045518,47.672994935939684,45.775608137138505,45.81374740600586,1906000,0.0,0.0
2020-07-21 00:00:00-04:00,46.185594432770934,48.369018390939736,46.185594432770934,48.19739532470703,1999300,0.0,0.0
2020-07-22 00:00:00-04:00,48.12111956676988,48.12111956676988,46.48116746860165,47.148590087890625,1089800,0.0,0.0
2020-07-23 00:00:00-04:00,47.12952458196053,47.71113572060268,46.94836850482649,47.68252944946289,908500,0.0,0.0
2020-07-24 00:00:00-04:00,47.2534747604797,47.76834035103147,46.681396628411925,46.71000289916992,1306100,0.0,0.0
2020-07-27 00:00:00-04:00,46.50977313957941,46.89115855757186,46.00444055232617,46.40489196777344,1252700,0.0,0.0
2020-07-28 00:00:00-04:00,46.46210078971475,47.16766272060872,46.27140808105469,46.27140808105469,949700,0.0,0.0
2020-07-29 00:00:00-04:00,46.35722389619156,46.80535125732422,45.56585399238757,46.80535125732422,1365900,0.0,0.0
2020-07-30 00:00:00-04:00,46.01396644835841,46.97696284341926,45.480031310180046,46.881614685058594,1029300,0.0,0.0
2020-07-31 00:00:00-04:00,46.20465947369626,47.291603027019704,46.08071232264034,47.177188873291016,1204000,0.0,0.0
2020-08-03 00:00:00-04:00,46.862560784851084,48.34042306782533,46.7481429652893,47.67300033569336,1657400,0.0,0.0
2020-08-04 00:00:00-04:00,47.85415417624591,50.02804536255039,47.79694890631758,49.68479919433594,1044300,0.0,0.0
2020-08-05 00:00:00-04:00,50.19966467264035,50.85755068748402,49.39875821940593,49.770606994628906,1466000,0.0,0.0
2020-08-06 00:00:00-04:00,50.695461269156795,51.05777705050519,49.96130034494686,50.647789001464844,1507800,0.0,0.0
2020-08-07 00:00:00-04:00,50.77173622934698,50.971961921839934,49.49409990456807,50.857547760009766,1035000,0.0,0.0
2020-08-10 00:00:00-04:00,50.91475790674333,52.43075922748234,50.73359820581709,52.24006652832031,954800,0.0,0.0
2020-08-11 00:00:00-04:00,52.44029504215269,54.4902353032103,50.99103554271025,51.12451934814453,1932400,0.0,0.0
2020-08-12 00:00:00-04:00,51.77286452678663,52.41168446084163,50.71452360539009,50.89568328857422,1218900,0.0,0.0
2020-08-13 00:00:00-04:00,50.447563754427755,51.40102366559604,50.371288852857965,51.114986419677734,663900,0.0,0.0
2020-08-14 00:00:00-04:00,50.90522829426478,52.077983645738364,50.54291247958768,51.72520446777344,1108100,0.0,0.0
2020-08-17 00:00:00-04:00,51.71567132744564,51.9349666881329,50.68593279500682,51.45823669433594,1236400,0.0,0.0
2020-08-18 00:00:00-04:00,51.47729774832167,51.70612607038399,50.361747857495914,50.4189567565918,1040200,0.0,0.0
2020-08-19 00:00:00-04:00,50.171057955721906,50.45709519279446,49.13178653920168,49.27480697631836,1062800,0.0,0.0
2020-08-20 00:00:00-04:00,49.08412154243942,49.51317928017674,48.70273971557617,48.70273971557617,985300,0.0,0.0
2020-08-21 00:00:00-04:00,48.71228062609843,49.36063383793293,48.06392741426394,49.246219635009766,1718500,0.0,0.0
2020-08-24 00:00:00-04:00,49.303407135440864,51.20079380515211,49.303407135440864,50.81940841674805,1622900,0.0,0.0
2020-08-25 00:00:00-04:00,51.2389402883675,51.2389402883675,49.5799183434474,50.19013214111328,1182400,0.0,0.0
2020-08-26 00:00:00-04:00,50.15199556872963,50.40943021044318,47.91136597786324,48.65506362915039,1887900,0.0,0.0
2020-08-27 00:00:00-04:00,48.57877812574686,50.066173103977285,48.57877812574686,49.541770935058594,1231500,0.0,0.0
2020-08-28 00:00:00-04:00,49.961303675086675,50.04711521751625,49.20806942900053,49.94223403930664,810400,0.0,0.0
2020-08-31 00:00:00-04:00,49.87548413829283,50.40941930590662,49.35107833129995,49.62758255004883,1389800,0.0,0.0
2020-09-01 00:00:00-04:00,50.295014207155944,52.106589633463,49.961304667281,51.23894119262695,1242700,0.0,0.0
2020-09-02 00:00:00-04:00,51.105446450200645,52.03984030289763,50.48569973066324,51.75379943847656,1327200,0.0,0.0
2020-09-03 00:00:00-04:00,51.89682658148444,52.08751930337014,49.780144279159366,50.542911529541016,1394800,0.0,0.0
2020-09-04 00:00:00-04:00,50.10431245665287,50.43802557357203,48.55970857766072,49.62758255004883,843700,0.0,0.0
2020-09-08 00:00:00-04:00,48.66459556344567,49.017374718149824,47.31068057532438,47.45370101928711,1729900,0.0,0.0
2020-09-09 00:00:00-04:00,47.701602591849,48.87435795430152,46.99604422931395,47.034183502197266,2084400,0.0,0.0
2020-09-10 00:00:00-04:00,47.18672901098805,47.43462696866457,46.73860172297057,46.75767135620117,1799400,0.0,0.0
2020-09-11 00:00:00-04:00,46.65279389118201,46.93883113800003,45.90909632202296,46.748138427734375,1757000,0.0,0.0
2020-09-14 00:00:00-04:00,47.177192840837414,48.04484115699893,46.70999955214465,47.25347137451172,1728300,0.0,0.0
2020-09-15 00:00:00-04:00,47.406027566780566,47.86368788400965,45.93769844244503,46.02350997924805,1656000,0.0,0.0
2020-09-16 00:00:00-04:00,46.49070129199052,48.874350948078565,46.290475593797694,48.149723052978516,1537000,0.0,0.0
2020-09-17 00:00:00-04:00,47.91135467152178,48.683658414410644,47.21532945802659,48.46436309814453,1267700,0.0,0.0
2020-09-18 00:00:00-04:00,48.55017833248783,49.36062146267479,47.806480744197636,48.16879653930664,3120900,0.0,0.0
2020-09-21 00:00:00-04:00,47.28208160310658,47.88276242224375,45.756547056112,47.32975387573242,1277000,0.0,0.0
2020-09-22 00:00:00-04:00,47.148598398589925,48.08298877543157,47.148598398589925,48.054386138916016,867100,0.0,0.0
2020-09-23 00:00:00-04:00,47.96857317874644,48.47390580715788,46.2428092956543,46.2428092956543,1660900,0.0,0.0
2020-09-24 00:00:00-04:00,46.18560070211543,47.33929005665331,45.88049379565484,46.700469970703125,1692600,0.0,0.0
2020-09-25 00:00:00-04:00,46.338143503627485,47.35834516955972,46.32861050624997,47.33927917480469,1201400,0.0,0.0
2020-09-28 00:00:00-04:00,47.67299995576714,47.81602041049894,47.034183502197266,47.034183502197266,817200,0.0,0.0
2020-09-29 00:00:00-04:00,47.043715901034616,47.80648316315322,46.09025591409606,46.280948638916016,1119000,0.0,0.0
2020-09-30 00:00:00-04:00,46.36675446620454,46.85301739923604,43.754272823761056,44.1165885925293,2407500,0.0,0.0
2020-10-01 00:00:00-04:00,43.85916918132926,46.05212691296331,43.85916918132926,44.183345794677734,2176800,0.0,0.0
2020-10-02 00:00:00-04:00,42.66733327171608,45.15586435286139,42.57198873044261,44.82215118408203,1325300,0.0,0.0
2020-10-05 00:00:00-04:00,44.98423409460092,45.813743110302724,44.8698199358877,45.31794357299805,683000,0.0,0.0
2020-10-06 00:00:00-04:00,45.460970949728555,46.24280782193058,44.26914600586437,44.43123245239258,1018200,0.0,0.0
2020-10-07 00:00:00-04:00,44.39308910784714,44.89842163238339,44.13565452822666,44.17379379272461,899000,0.0,0.0
2020-10-08 00:00:00-04:00,44.51704162553683,46.40489179972501,44.47890599360441,46.09025192260742,791300,0.0,0.0
2020-10-09 00:00:00-04:00,46.252330692400186,46.557441157401925,44.88888660138638,46.042572021484375,1131800,0.0,0.0
2020-10-12 00:00:00-04:00,45.94723195434735,46.89115886972385,45.575383169767825,46.748138427734375,990800,0.0,0.0
2020-10-13 00:00:00-04:00,46.71953276462263,47.99716911224363,46.557446335562084,47.53950881958008,1541600,0.0,0.0
2020-10-14 00:00:00-04:00,47.84461914137209,49.04597704184835,47.07231529574817,47.2057991027832,1519700,0.0,0.0
2020-10-15 00:00:00-04:00,46.69093091184406,49.1222528484364,46.519307844587125,48.52157211303711,1297700,0.0,0.0
2020-10-16 00:00:00-04:00,48.53111198762147,48.70273506633298,47.50137351535241,47.71113586425781,1638700,0.0,0.0
2020-10-19 00:00:00-04:00,47.82554137336722,48.50249692944368,46.652786306074674,46.71952819824219,1085300,0.0,0.0
2020-10-20 00:00:00-04:00,47.47277838735002,48.08299225829101,47.21534372857899,47.51091766357422,1149500,0.0,0.0
2020-10-21 00:00:00-04:00,47.310676637606775,47.606250499853694,46.56697912008567,47.25347137451172,4427900,0.0,0.0
2020-10-22 00:00:00-04:00,47.14859802702739,48.64552994556641,46.805351842900514,47.55858612060547,1201900,0.0,0.0
2020-10-23 00:00:00-04:00,47.87322518047626,48.20693835896276,46.061653383457106,46.433502197265625,882400,0.0,0.0
2020-10-26 00:00:00-04:00,46.00443986141509,46.14746030030455,44.37402431644727,45.41329574584961,1152500,0.0,0.0
2020-10-27 00:00:00-04:00,45.42282507881979,47.04370749439844,45.41329208100486,45.661190032958984,1915700,0.0,0.0
2020-10-28 00:00:00-04:00,44.74587667403187,45.49911092309835,43.81148634008,45.22260665893555,1354200,0.0,0.0
2020-10-29 00:00:00-04:00,44.68865328721481,45.95675638202693,43.391947566467366,45.86140823364258,1333700,0.0,0.0
2020-10-30 00:00:00-04:00,45.32748430185578,45.8995587842519,44.640992013251754,45.64212417602539,1116000,0.0,0.0
2020-11-02 00:00:00-05:00,45.909094764955434,46.80534574449729,44.679130644476764,44.860286712646484,1037000,0.0,0.0
2020-11-03 00:00:00-05:00,45.4800417183479,46.70046932737817,45.337021266656656,45.78514862060547,833300,0.0,0.0
2020-11-04 00:00:00-05:00,46.004444157801565,47.663466127780985,45.61352571044452,45.9758415222168,1350300,0.0,0.0
2020-11-05 00:00:00-05:00,46.27142010522639,47.70161033608725,46.10933362489985,47.1962776184082,1057500,0.0,0.0
2020-11-06 00:00:00-05:00,46.35721705214737,48.14972259487647,46.01397092299065,47.65392303466797,2109600,0.0,0.0
2020-11-09 00:00:00-05:00,49.11272074587355,52.22100224004528,48.91249502798058,49.389225006103516,2407900,0.0,0.0
2020-11-10 00:00:00-05:00,49.713393624573584,50.11384863378616,48.40715471081644,49.103179931640625,2121900,0.0,0.0
2020-11-11 00:00:00-05:00,50.57151100408513,51.50590121484574,48.96016153977004,51.40102005004883,2771800,0.0,0.0
2020-11-12 00:00:00-05:00,50.800337219755484,51.21032522666241,48.72179455497727,49.103179931640625,1069700,0.0,0.0
2020-11-13 00:00:00-05:00,49.38922143036927,50.0661770773742,49.10318419163656,49.64665603637695,1101300,0.0,0.0
2020-11-16 00:00:00-05:00,50.304546606099635,51.277076215617726,49.436898175621906,50.43803405761719,2270900,0.0,0.0
2020-11-17 00:00:00-05:00,50.323609645380415,51.66798788642436,49.818277089512186,51.610782623291016,1475400,0.0,0.0
2020-11-18 00:00:00-05:00,51.65845807951797,51.89682305639388,50.66685890279561,50.87662124633789,1557100,0.0,0.0
2020-11-19 00:00:00-05:00,50.68592263612427,52.8121375458462,50.523836216557356,52.697723388671875,1887900,0.0,0.0
2020-11-20 00:00:00-05:00,52.44029182294675,52.86934948347572,51.30567590924629,51.90635299682617,2017700,0.0,0.0
2020-11-23 00:00:00-05:00,52.316338965616815,53.87047948054,52.201924806363984,53.68932342529297,1550900,0.0,0.0
2020-11-24 00:00:00-05:00,55.272080113697825,56.35902398582788,54.490243165774054,56.22554016113281,2280800,0.0,0.0
2020-11-25 00:00:00-05:00,56.47343079248285,56.94062775501806,55.615319044236664,56.74039840698242,1327200,0.0,0.0
2020-11-27 00:00:00-05:00,55.39601952636041,57.14085291411919,55.39601952636041,56.04437255859375,907800,0.0,0.0
2020-11-30 00:00:00-05:00,56.04436295082202,56.96922007237361,54.051631927490234,54.051631927490234,4120800,0.0,0.0
2020-12-01 00:00:00-05:00,54.82394355781085,55.41508766994221,53.47956526127096,54.09931564331055,1256600,0.0,0.0
2020-12-02 00:00:00-05:00,53.708386478192764,55.129039389922255,53.47955455056084,54.70951843261719,1625600,0.0,0.0
2020-12-03 00:00:00-05:00,55.14812123569971,56.73086453782313,54.81441172269452,55.60578155517578,1180100,0.0,0.0
2020-12-04 00:00:00-05:00,55.99669734593213,58.08477313758333,55.99669734593213,57.01689910888672,3313000,0.0,0.0
2020-12-07 00:00:00-05:00,56.87389002759674,57.55084574959237,56.3113484863364,57.07411575317383,2248000,0.0,0.0
2020-12-08 00:00:00-05:00,57.11225218235674,58.380352018371305,56.835747925281616,58.332679748535156,1354300,0.0,0.0
2020-12-09 00:00:00-05:00,58.27546645491182,59.03823362634507,56.81667401222318,57.63665008544922,1331800,0.0,0.0
2020-12-10 00:00:00-05:00,57.27433870556917,58.56150817871094,57.27433870556917,58.56150817871094,1407600,0.0,0.0
2020-12-11 00:00:00-05:00,58.161059950177645,58.809413040595146,57.55084613264617,57.71293258666992,987100,0.0,0.0
2020-12-14 00:00:00-05:00,58.60919037635586,58.60919037635586,55.69160131701613,56.42576599121094,1904400,0.0,0.0
2020-12-15 00:00:00-05:00,56.730858816852034,57.97989248001262,56.330407441628964,57.7701301574707,1631700,0.0,0.0
2020-12-16 00:00:00-05:00,58.30406751198464,58.30406751198464,56.0252955626322,56.30179977416992,1500900,0.0,0.0
2020-12-17 00:00:00-05:00,57.07411116805433,57.09318080283843,55.758335465238474,56.21599578857422,1212200,0.0,0.0
2020-12-18 00:00:00-05:00,56.435294490702724,56.50203639783772,55.100452710841736,55.44369888305664,2240000,0.0,0.0
2020-12-21 00:00:00-05:00,54.60465276777949,55.37695665072777,53.74653734228141,55.081382751464844,1377400,0.0,0.0
2020-12-22 00:00:00-05:00,55.30067034789137,56.01576522307962,54.862079697361125,54.90021896362305,1403200,0.0,0.0
2020-12-23 00:00:00-05:00,54.976498047562025,55.977630221668186,54.976498047562025,55.50090026855469,1571000,0.0,0.0
2020-12-24 00:00:00-05:00,55.38648596739687,55.89181855261216,54.61418213579916,55.20532989501953,433900,0.0,0.0
2020-12-28 00:00:00-05:00,55.634384661033515,56.4638974069673,55.17672433767053,56.263668060302734,2001500,0.0,0.0
2020-12-29 00:00:00-05:00,56.42575501193189,57.23619444102865,56.25413194553199,57.01689910888672,1702100,0.0,0.0
2020-12-30 00:00:00-05:00,57.31247756780785,58.25640087147353,57.207596392475885,57.97036361694336,2434900,0.0,0.0
2020-12-31 00:00:00-05:00,57.97035914411238,58.62824877964798,57.169452710926976,57.2361946105957,1576100,0.0,0.0
2021-01-04 00:00:00-05:00,58.15151793895621,59.26706421929006,56.025299269569935,56.16831970214844,1936100,0.0,0.0
2021-01-05 00:00:00-05:00,56.59737576266799,59.77239508683985,56.43528570118406,58.6663818359375,1909300,0.0,0.0
2021-01-06 00:00:00-05:00,58.78080443032813,60.22052728241774,57.71292672102048,59.66752243041992,1752700,0.0,0.0
2021-01-07 00:00:00-05:00,59.97263826811894,62.07024745678662,59.88682671860716,61.765140533447266,1915100,0.0,0.0
2021-01-08 00:00:00-05:00,62.38488691263576,63.17626044352556,60.46843031202384,61.202598571777344,2568000,0.0,0.0
2021-01-11 00:00:00-05:00,61.81279948588907,64.68270819558701,61.20258580663416,63.94854736328125,2063700,0.0,0.0
2021-01-12 00:00:00-05:00,63.071362293455245,66.12243050517064,62.937878513837724,63.88180160522461,2212100,0.0,0.0
2021-01-13 00:00:00-05:00,64.28226720037682,64.33947974313017,62.051174439690946,62.613712310791016,2140700,0.0,0.0
2021-01-14 00:00:00-05:00,62.623249280193704,63.02370070998785,62.289539755365254,62.9283561706543,1258700,0.0,0.0
2021-01-15 00:00:00-05:00,62.45162624576322,63.51950400032458,62.09884344821441,63.185787200927734,1423300,0.0,0.0
2021-01-19 00:00:00-05:00,63.38602497160825,64.50157144285808,63.309746424602466,64.48249816894531,1368300,0.0,0.0
2021-01-20 00:00:00-05:00,64.69224850230435,65.16897842092756,63.900875091552734,63.900875091552734,876400,0.0,0.0
2021-01-21 00:00:00-05:00,63.939025673147306,64.18692731151208,62.56604821107734,63.63391876220703,831600,0.0,0.0
2021-01-22 00:00:00-05:00,63.033237346217824,63.5195039534376,62.289539755365254,62.9283561706543,1419600,0.0,0.0
2021-01-25 00:00:00-05:00,62.86160959030351,63.09043792254914,60.563771446522736,61.90814971923828,1278100,0.0,0.0
2021-01-26 00:00:00-05:00,61.974883746377344,62.222785318172626,57.79872902321657,57.83686828613281,2606800,0.0,0.0
2021-01-27 00:00:00-05:00,56.86434921535478,57.58898079351214,55.548573503450804,56.74039840698242,3237500,0.0,0.0
2021-01-28 00:00:00-05:00,56.997821335885305,60.439811533491586,56.73085377612422,60.19191360473633,1967500,0.0,0.0
2021-01-29 00:00:00-05:00,60.306343221548794,62.48023079354863,59.81054359971071,60.38262176513672,1924800,0.0,0.0
2021-02-01 00:00:00-05:00,60.716323545418646,61.21211946676988,58.694989681609044,60.29680252075195,1845200,0.0,0.0
2021-02-02 00:00:00-05:00,60.325402511919506,62.02256344408418,60.325402511919506,61.47909164428711,967900,0.0,0.0
2021-02-03 00:00:00-05:00,61.498176988439454,63.004645705466736,61.44097170972205,62.403961181640625,849900,0.0,0.0
2021-02-04 00:00:00-05:00,62.48975315036323,63.06182754790171,61.33606772093645,61.879539489746094,879600,0.0,0.0
2021-02-05 00:00:00-05:00,62.403946793036376,63.34787732016962,62.21325772506369,63.300201416015625,1011700,0.0,0.0
2021-02-08 00:00:00-05:00,63.700668503209094,64.34902167795804,62.909302129438906,64.00577545166016,1124100,0.0,0.0
2021-02-09 00:00:00-05:00,64.5683129476221,64.5683129476221,63.40509057321437,63.68159484863281,866600,0.0,0.0
2021-02-10 00:00:00-05:00,63.73879307822382,64.40621937510053,62.432557666320335,64.39668273925781,784400,0.0,0.0
2021-02-11 00:00:00-05:00,64.15831830029406,65.38828245871296,63.57670717249158,64.94969177246094,1009000,0.0,0.0
2021-02-12 00:00:00-05:00,64.92108147091591,65.37874542623702,63.91041629891409,64.47296142578125,598100,0.0,0.0
2021-02-16 00:00:00-05:00,65.59803732853034,66.46568196624838,64.07249582491535,65.40734100341797,1393100,0.0,0.0
2021-02-17 00:00:00-05:00,65.55990635722313,66.22732539374637,64.63504906781095,66.06523895263672,889900,0.0,0.0
2021-02-18 00:00:00-05:00,66.02710580251123,66.02710580251123,64.1773910522461,64.1773910522461,1269200,0.0,0.0
2021-02-19 00:00:00-05:00,64.93062657902057,66.06524634234457,64.35855201596543,65.88408660888672,964400,0.0,0.0
2021-02-22 00:00:00-05:00,65.42642960137495,66.65639390780545,64.90202367735789,65.54084014892578,1392200,0.0,0.0
2021-02-23 00:00:00-05:00,65.5503621849032,66.4752193679852,62.194186841737434,66.25592041015625,1339800,0.0,0.0
2021-02-24 00:00:00-05:00,66.74219530944191,68.17238520892995,65.33107140791203,66.78987121582031,2502500,0.0,0.0
2021-02-25 00:00:00-05:00,67.29520233053776,67.69565374771518,64.453888592256,65.11177825927734,1143900,0.0,0.0
2021-02-26 00:00:00-05:00,64.87340479654894,65.4931551131174,62.71858364058264,64.25365447998047,2556700,0.0,0.0
2021-03-01 00:00:00-05:00,64.02483433066124,65.83640961224211,64.02483433066124,65.09270477294922,1360700,0.0,0.0
2021-03-02 00:00:00-05:00,64.92109754759132,66.47524223391189,64.32042027716088,65.98897552490234,1490700,0.0,0.0
2021-03-03 00:00:00-05:00,65.5313111956402,67.16172697733145,65.37875409885557,65.86502075195312,1309000,0.0,0.0
2021-03-04 00:00:00-05:00,66.58011091584518,70.48929530656332,65.94129448691658,69.8600082397461,4938700,0.0,0.0
2021-03-05 00:00:00-05:00,70.60369733762394,71.70970686404353,68.48701553051957,69.26885223388672,2528800,0.0,0.0
2021-03-08 00:00:00-05:00,69.57398978963143,71.13766388695389,68.49657514164147,69.79328155517578,1366800,0.0,0.0
2021-03-09 00:00:00-05:00,70.05071109537467,70.95649523389525,67.97216789368129,68.02937316894531,1104300,0.0,0.0
2021-03-10 00:00:00-05:00,69.21164836709363,70.5560302734375,68.65864717181319,70.5560302734375,1468000,0.0,0.0
2021-03-11 00:00:00-05:00,70.55602269474501,71.65250288067614,69.86953049922914,70.62276458740234,1536600,0.0,0.0
2021-03-12 00:00:00-05:00,70.30812207843321,71.78598764585922,69.73604766580151,71.6429672241211,1115700,0.0,0.0
2021-03-15 00:00:00-04:00,70.99462999535415,72.75852952230949,70.88974881448932,72.58690643310547,988300,0.0,0.0
2021-03-16 00:00:00-04:00,72.05297031544744,73.52129955589143,71.27113342371206,71.46182250976562,1504600,0.0,0.0
2021-03-17 00:00:00-04:00,71.83367874611312,72.00530185103351,70.31768071458562,70.67046356201172,1230300,0.0,0.0
2021-03-18 00:00:00-04:00,70.26998742117777,70.5369622872746,67.84820582474467,68.15331268310547,1662200,0.0,0.0
2021-03-19 00:00:00-04:00,68.1533124381677,69.35466659684005,67.41914428910222,67.94355010986328,3253800,0.0,0.0
2021-03-22 00:00:00-04:00,67.76238408432154,69.48814390258205,67.50495315273993,69.26885223388672,1386100,0.0,0.0
2021-03-23 00:00:00-04:00,67.97217531172409,69.29748434501089,66.66593228083173,67.59078979492188,1615300,0.0,0.0
2021-03-24 00:00:00-04:00,68.39167013917702,68.83979010516052,67.30471934656708,68.60142517089844,1280700,0.0,0.0
2021-03-25 00:00:00-04:00,67.73379623291618,69.17352280510922,66.32267229554779,69.09724426269531,1272500,0.0,0.0
2021-03-26 00:00:00-04:00,69.02095948227101,70.63230899210288,68.65864735003349,70.60370635986328,913800,0.0,0.0
2021-03-29 00:00:00-04:00,70.65137436534764,70.88020269556665,68.85887244237598,69.88861083984375,1044800,0.0,0.0
2021-03-30 00:00:00-04:00,69.53582686193604,69.53582686193604,68.37260468588812,68.83979797363281,923300,0.0,0.0
2021-03-31 00:00:00-04:00,68.22005497311365,68.90653995262973,67.87680884619493,68.65864562988281,1418700,0.0,0.0
2021-04-01 00:00:00-04:00,68.2391208346922,68.8397979184539,67.30472698563044,68.45841979980469,1334900,0.0,0.0
2021-04-05 00:00:00-04:00,68.68724761979986,68.69678425499222,67.74332441675124,67.94355010986328,649000,0.0,0.0
2021-04-06 00:00:00-04:00,67.94355739705554,69.17352159322309,67.22846244167827,67.43822479248047,922300,0.0,0.0
2021-04-07 00:00:00-04:00,67.57172541902389,70.81348420406472,67.22847917307212,70.23188018798828,1280900,0.0,0.0
2021-04-08 00:00:00-04:00,69.75511881319301,69.91720522488284,68.5632941254962,69.55488586425781,1201600,0.0,0.0
2021-04-09 00:00:00-04:00,69.79325887020951,70.30812806773419,68.40120834697086,69.71698760986328,1761600,0.0,0.0
2021-04-12 00:00:00-04:00,70.51788933945546,70.51788933945546,68.66817491037456,68.83979797363281,862000,0.0,0.0
2021-04-13 00:00:00-04:00,68.89701850998841,70.2318639042723,68.59191161480828,69.12584686279297,865900,0.0,0.0
2021-04-14 00:00:00-04:00,69.80281104673,71.2616037940125,69.51677738952498,70.31768035888672,707200,0.0,0.0
2021-04-15 00:00:00-04:00,71.40462486266739,71.40462486266739,69.86955355077325,71.10905456542969,672300,0.0,0.0
2021-04-16 00:00:00-04:00,71.39506464822362,71.53808506796554,70.52742004394531,70.52742004394531,634300,0.0,0.0
2021-04-19 00:00:00-04:00,70.88018854626385,71.87178747836244,70.55601574935932,71.17576599121094,691100,0.0,0.0
2021-04-20 00:00:00-04:00,70.96600995619225,71.25205079282587,69.48814442411964,69.81232452392578,902100,0.0,0.0
2021-04-21 00:00:00-04:00,69.74559050501298,70.55602993453182,69.59303343510186,70.11743927001953,559400,0.0,0.0
2021-04-22 00:00:00-04:00,70.00301309245388,70.38439844728146,69.31652090862839,69.3355941772461,1140000,0.0,0.0
2021-04-23 00:00:00-04:00,69.19258263485614,70.79439551113137,68.55376626631677,70.73719024658203,1291800,0.0,0.0
2021-04-26 00:00:00-04:00,70.87067419823042,71.66204763968828,70.5655673294459,71.12810516357422,495000,0.0,0.0
2021-04-27 00:00:00-04:00,71.50949834505322,72.35807714346872,70.75626408956664,71.04230499267578,669200,0.0,0.0
2021-04-28 00:00:00-04:00,71.04230614595701,73.52130067396438,71.04230614595701,72.76806640625,984400,0.0,0.0
2021-04-29 00:00:00-04:00,73.57849879079656,74.11244128172454,73.0445635741903,73.41641235351562,749200,0.0,0.0
2021-04-30 00:00:00-04:00,72.71086182099252,74.55103991662673,72.71086182099252,73.91221618652344,972300,0.0,0.0
2021-05-03 00:00:00-04:00,74.5605477388962,75.37099432627238,74.39846133114914,75.13262939453125,956200,0.0,0.0
2021-05-04 00:00:00-04:00,75.74285899932624,77.00142581316753,74.56056345123143,75.84774017333984,2075600,0.0,0.0
2021-05-05 00:00:00-04:00,76.2767951871142,77.43048084140065,76.18145064799472,77.23025512695312,1309900,0.0,0.0
2021-05-06 00:00:00-04:00,77.54490584049432,77.59257447731139,75.81913824288725,76.67725372314453,1079400,0.0,0.0
2021-05-07 00:00:00-04:00,76.79165827369421,78.81299580292479,76.33399433854564,78.80345916748047,1162400,0.0,0.0
2021-05-10 00:00:00-04:00,79.13716778904761,79.47087728269136,77.61163347930375,77.87860107421875,1422300,0.0,0.0
2021-05-11 00:00:00-04:00,77.6116488365553,78.40302241687439,76.32447923533532,78.30767059326172,1088500,0.0,0.0
2021-05-12 00:00:00-04:00,78.03115110957249,78.98461096540395,77.43047401915437,78.08836364746094,1734100,0.0,0.0
2021-05-13 00:00:00-04:00,77.9929966147128,79.69968286284632,77.52579618263758,78.51739501953125,1192400,0.0,0.0
2021-05-14 00:00:00-04:00,78.5841761771361,80.0906448135135,78.5841761771361,79.92855834960938,1339600,0.0,0.0
2021-05-17 00:00:00-04:00,79.89994052287115,80.8438637633524,79.28019014857315,80.18597412109375,1010000,0.0,0.0
2021-05-18 00:00:00-04:00,80.7675925461495,81.02503080963122,79.59484086595748,79.80459594726562,949800,0.0,0.0
2021-05-19 00:00:00-04:00,78.4697727354773,79.7092665576811,78.18373178264065,79.6997299194336,1033900,0.0,0.0
2021-05-20 00:00:00-04:00,79.6997076760672,80.15737161801187,79.18484574357163,80.07156372070312,1126600,0.0,0.0
2021-05-21 00:00:00-04:00,80.7389823115395,80.76758494382918,79.49948156729582,79.59483337402344,786100,0.0,0.0
2021-05-24 00:00:00-04:00,80.18598235954082,80.99642188258652,79.52809992401174,80.74852752685547,1184200,0.0,0.0
2021-05-25 00:00:00-04:00,80.52922838961888,81.36827054650851,80.09063767526823,80.67224884033203,1320400,0.0,0.0
2021-05-26 00:00:00-04:00,81.0154872321656,81.31105746741864,80.17643788152996,80.5673599243164,1196300,0.0,0.0
2021-05-27 00:00:00-04:00,81.20616833074968,81.53034844104758,79.61389223194773,80.26224517822266,3233900,0.0,0.0
2021-05-28 00:00:00-04:00,81.08223717152832,81.29199952998356,80.45295009616261,80.9487533569336,848600,0.0,0.0
2021-06-01 00:00:00-04:00,81.27291885078576,81.9975504027832,80.86293080779897,81.34919738769531,1300300,0.0,0.0
2021-06-02 00:00:00-04:00,81.52082175334255,83.0272901467854,81.04409180156861,82.78892517089844,916800,0.0,0.0
2021-06-03 00:00:00-04:00,82.75080136364227,83.4372937863578,81.83548055812925,83.1607894897461,892300,0.0,0.0
2021-06-04 00:00:00-04:00,83.85679586352401,84.04749220940931,82.82706469303061,83.28472137451172,659200,0.0,0.0
2021-06-07 00:00:00-04:00,83.28472256797913,84.76258835390031,83.13217276340666,84.68630981445312,1110300,0.0,0.0
2021-06-08 00:00:00-04:00,84.33352015661268,85.81138582216742,83.68516717276123,85.31558990478516,1494400,0.0,0.0
2021-06-09 00:00:00-04:00,84.14282992590614,85.792318631104,84.03794876274969,84.11422729492188,1604800,0.0,0.0
2021-06-10 00:00:00-04:00,84.35259200397095,84.6290962265405,83.57075523730997,83.90446472167969,1625600,0.0,0.0
2021-06-11 00:00:00-04:00,83.95215630290743,84.8674770342755,83.90448039295514,84.51469421386719,1145200,0.0,0.0
2021-06-14 00:00:00-04:00,84.85793289104835,85.67790900430086,84.52422337386928,84.68630981445312,1358100,0.0,0.0
2021-06-15 00:00:00-04:00,84.724441220652,85.02954807580099,83.72330548771124,84.35259246826172,1474100,0.0,0.0
2021-06-16 00:00:00-04:00,83.68518142702823,84.52423088688317,82.87474187775042,84.48609161376953,1209600,0.0,0.0
2021-06-17 00:00:00-04:00,84.27632773579658,84.47655346030662,80.9106151429099,82.37894439697266,1719100,0.0,0.0
2021-06-18 00:00:00-04:00,81.94986491616642,82.09288533756792,78.93693580375998,79.37552642822266,2333100,0.0,0.0
2021-06-21 00:00:00-04:00,79.6234296963373,81.98800591963564,79.4232040118555,81.27291107177734,1412000,0.0,0.0
2021-06-22 00:00:00-04:00,81.63523956052413,82.79845453242224,81.01548916835365,82.78892517089844,1890800,0.0,0.0
2021-06-23 00:00:00-04:00,83.33239732805218,84.14283679415131,83.03681981033843,83.44680786132812,1064500,0.0,0.0
2021-06-24 00:00:00-04:00,83.98076585716568,84.0951764115598,82.97009322263766,83.4277572631836,820500,0.0,0.0
2021-06-25 00:00:00-04:00,83.83773779513486,83.84727443191152,82.95101970729092,83.37054443359375,1615500,0.0,0.0
2021-06-28 00:00:00-04:00,83.22752313215838,83.22752313215838,81.24432461350375,82.43614959716797,835800,0.0,0.0
2021-06-29 00:00:00-04:00,82.7889170827421,83.34192551861031,82.12149085087049,82.21684265136719,857500,0.0,0.0
2021-06-30 00:00:00-04:00,82.703125,83.3038095037705,82.092911132977,82.703125,1116600,0.0,0.0
2021-07-01 00:00:00-04:00,83.40867572028255,83.55168888662686,82.36940064080916,82.9605484008789,959300,0.0,0.0
2021-07-02 00:00:00-04:00,82.8079765405936,83.86631742852609,82.36938593535534,83.58981323242188,809700,0.0,0.0
2021-07-06 00:00:00-04:00,84.3335338929274,84.3335338929274,82.94148316910355,83.85680389404297,982200,0.0,0.0
2021-07-07 00:00:00-04:00,83.92354577264017,84.6863166803091,82.47428977725617,83.5040283203125,1211600,0.0,0.0
2021-07-08 00:00:00-04:00,82.3121803623844,84.36212023987765,81.67336408814616,83.31330871582031,821200,0.0,0.0
2021-07-09 00:00:00-04:00,84.07607260143791,84.08560923478983,83.03679779567516,83.91398620605469,812400,0.0,0.0
2021-07-12 00:00:00-04:00,83.2656624751864,83.66611392419989,82.11197676293949,82.66497802734375,1310800,0.0,0.0
2021-07-13 00:00:00-04:00,82.50288166677774,82.74124663508546,79.84272774754497,79.97621154785156,1359800,0.0,0.0
2021-07-14 00:00:00-04:00,80.61504269313932,81.61617128860016,79.22298474727947,79.54716491699219,1575100,0.0,0.0
2021-07-15 00:00:00-04:00,79.137176550913,80.06203387449595,78.78439374753246,79.20391845703125,872800,0.0,0.0
2021-07-16 00:00:00-04:00,79.34693916528961,79.74739060330937,78.89881181946274,79.67111206054688,797700,0.0,0.0
2021-07-19 00:00:00-04:00,78.13603911659604,78.66044499294449,76.33400041324889,77.06816864013672,1084300,0.0,0.0
2021-07-20 00:00:00-04:00,77.47815116756553,79.99528464549176,77.02048722870552,79.70924377441406,1530500,0.0,0.0
2021-07-21 00:00:00-04:00,80.49107366777908,81.1966391493801,79.90946261435383,80.43386840820312,886700,0.0,0.0
2021-07-22 00:00:00-04:00,81.48266485461598,81.51126748164243,79.9475941600875,80.45292663574219,853900,0.0,0.0
2021-07-23 00:00:00-04:00,80.06201155347327,80.51013877289746,79.07041260022658,79.98573303222656,756100,0.0,0.0
2021-07-26 00:00:00-04:00,80.22412933447232,81.48269633004173,79.98576431808173,81.36827850341797,821800,0.0,0.0
2021-07-27 00:00:00-04:00,81.34919671319828,81.46361451761393,80.08109332629748,80.6913070678711,753200,0.0,0.0
2021-07-28 00:00:00-04:00,80.71038081771447,81.59709880280961,79.25158835579187,81.2061767578125,1011000,0.0,0.0
2021-07-29 00:00:00-04:00,81.75919412333688,83.10357620059655,81.2538614926469,82.80799865722656,949500,0.0,0.0
2021-07-30 00:00:00-04:00,82.2835909889008,83.06542780366283,80.95828233063739,80.97734832763672,1118400,0.0,0.0
2021-08-02 00:00:00-04:00,80.9010774484402,81.74012688226115,80.17644583041002,80.9487533569336,1113200,0.0,0.0
2021-08-03 00:00:00-04:00,80.58642741165826,82.4456785781219,79.93807438977669,82.15010833740234,654900,0.0,0.0
2021-08-04 00:00:00-04:00,81.04407531288554,82.43612561592961,80.74850513070339,81.47312927246094,986700,0.0,0.0
2021-08-05 00:00:00-04:00,81.09177462450702,82.63637514446027,79.6329747371966,81.91175079345703,1021000,0.0,0.0
2021-08-06 00:00:00-04:00,81.9212867853544,82.42661945434833,80.14785048799868,80.70085906982422,1081700,0.0,0.0
2021-08-09 00:00:00-04:00,79.61389941477958,80.8724661564715,79.20391137831744,79.97621154785156,1182100,0.0,0.0
2021-08-10 00:00:00-04:00,80.59595024608039,83.58981323242188,80.28130678765278,83.58981323242188,1651500,0.0,0.0
2021-08-11 00:00:00-04:00,83.72332704871845,84.2000570873046,82.3408128465478,82.48383331298828,1471500,0.0,0.0
2021-08-12 00:00:00-04:00,82.42660655018405,84.11423466942655,82.04522840452914,84.0284194946289,962000,0.0,0.0
2021-08-13 00:00:00-04:00,84.45748778276653,84.72445541646289,82.95101925054003,83.07496643066406,550600,0.0,0.0
2021-08-16 00:00:00-04:00,82.30267252468656,82.93195965929874,80.60551477277802,81.04410552978516,1439900,0.0,0.0
2021-08-17 00:00:00-04:00,80.42435567756446,82.10244744233076,80.32901112515886,82.0643081665039,1147900,0.0,0.0
2021-08-18 00:00:00-04:00,81.96895574491761,82.90334245284187,81.5589676620424,81.88314056396484,1280400,0.0,0.0
2021-08-19 00:00:00-04:00,80.28133336253806,80.96782576296218,78.32674462311579,79.17532348632812,1516400,0.0,0.0
2021-08-20 00:00:00-04:00,79.01322959685865,79.85227174388919,78.83206987646254,79.6043701171875,864500,0.0,0.0
2021-08-23 00:00:00-04:00,81.36827151295357,82.0070952304836,81.0631646091587,81.80686950683594,1067000,0.0,0.0
2021-08-24 00:00:00-04:00,82.38846631929214,83.33238950177793,82.02614693308787,82.86519622802734,1118600,0.0,0.0
2021-08-25 00:00:00-04:00,82.86520488769946,84.7244488163351,82.47428283000988,84.40980529785156,791100,0.0,0.0
2021-08-26 00:00:00-04:00,84.2191080549265,84.77211649904582,83.73284150755802,83.82818603515625,1312100,0.0,0.0
2021-08-27 00:00:00-04:00,84.38119594888492,85.62069665221289,84.04748645931856,85.52534484863281,964700,0.0,0.0
2021-08-30 00:00:00-04:00,85.8114082224548,85.91628941445032,84.77214021454687,84.81027221679688,801000,0.0,0.0
2021-08-31 00:00:00-04:00,84.24770261718653,84.99140004527679,83.170295737302,83.38958740234375,1238000,0.0,0.0
2021-09-01 00:00:00-04:00,83.43727929698908,84.36213657952271,82.02615542042109,84.18097686767578,988300,0.0,0.0
2021-09-02 00:00:00-04:00,84.84839698213898,87.00321845689524,84.71491317412347,85.57302856445312,992400,0.0,0.0
2021-09-03 00:00:00-04:00,85.57301337927034,86.27857156419492,85.2297672840485,85.73509979248047,747300,0.0,0.0
2021-09-07 00:00:00-04:00,82.95103582792352,86.25954382311298,82.95103582792352,85.65885925292969,1577100,0.0,0.0
2021-09-08 00:00:00-04:00,86.86019834911833,87.83273155336502,85.01049102760321,85.79232788085938,2054500,0.0,0.0
2021-09-09 00:00:00-04:00,85.81139170755543,85.96394878448778,83.13217169424696,83.48494720458984,1710000,0.0,0.0
2021-09-10 00:00:00-04:00,84.56237757094057,84.58144357200705,83.42775773792143,83.95216369628906,1283500,0.0,0.0
2021-09-13 00:00:00-04:00,85.01048410404174,87.1462321409386,84.86746367102745,86.6027603149414,1368100,0.0,0.0
2021-09-14 00:00:00-04:00,87.60388675933325,87.71830455794708,84.17143281845173,84.4193344116211,1018000,0.0,0.0
2021-09-15 00:00:00-04:00,85.34419437725882,87.96620900061077,85.34419437725882,87.80411529541016,1893100,0.0,0.0
2021-09-16 00:00:00-04:00,86.92693283567753,87.71830625753371,86.39299764711016,86.47880554199219,1653500,0.0,0.0
2021-09-17 00:00:00-04:00,86.3930342601979,86.62186268451475,82.68407445136579,82.8843002319336,3238600,0.0,0.0
2021-09-20 00:00:00-04:00,80.59596302224215,82.85566557145029,80.27179015258582,81.30152130126953,1529600,0.0,0.0
2021-09-21 00:00:00-04:00,81.99754475052167,83.97120629249741,81.62569600162196,83.65656280517578,1693800,0.0,0.0
2021-09-22 00:00:00-04:00,84.94372644659008,86.08788252210309,84.85791855994496,85.73509979248047,1607100,0.0,0.0
2021-09-23 00:00:00-04:00,86.62182867572042,89.84452772689853,85.8685944973185,89.42500305175781,2169100,0.0,0.0
2021-09-24 00:00:00-04:00,89.34873264917644,90.57869687972506,88.53829313195914,90.26405334472656,1916600,0.0,0.0
2021-09-27 00:00:00-04:00,92.63815963051562,93.61068544650449,91.43679822014722,91.54167938232422,2762200,0.0,0.0
2021-09-28 00:00:00-04:00,92.45700828772941,93.64883317073236,91.69423745287878,92.41886901855469,2221800,0.0,0.0
2021-09-29 00:00:00-04:00,93.2007061861344,93.9634770237292,91.86586085750443,93.04814910888672,1932100,0.0,0.0
2021-09-30 00:00:00-04:00,93.34372677572154,95.35552777060916,92.80025491722671,93.12442779541016,3113800,0.0,0.0
2021-10-01 00:00:00-04:00,93.91579473771728,94.30671676586323,91.78957608254778,94.23043823242188,1780000,0.0,0.0
2021-10-04 00:00:00-04:00,96.30898394820971,99.66515950533545,95.16482773435752,97.53894805908203,3187200,0.0,0.0
2021-10-05 00:00:00-04:00,99.0740095404985,99.17888342425044,94.62134682552623,95.7655029296875,2279300,0.0,0.0
2021-10-06 00:00:00-04:00,94.63088965301237,95.02181168128847,92.48560500092897,94.20183563232422,1620200,0.0,0.0
2021-10-07 00:00:00-04:00,93.9920665866948,96.18501970976689,93.9443906881042,95.40318298339844,1732200,0.0,0.0
2021-10-08 00:00:00-04:00,96.08969799744908,96.96687945491027,95.00275417530747,95.03135681152344,1365300,0.0,0.0
2021-10-11 00:00:00-04:00,96.08015509403735,97.78684926205953,95.72737957128598,96.90013122558594,1120400,0.0,0.0
2021-10-12 00:00:00-04:00,97.25291466024821,99.11215864843588,96.9764104025112,97.74871063232422,1242600,0.0,0.0
2021-10-13 00:00:00-04:00,97.74871269470292,100.3611982438947,96.77618672828305,100.12283325195312,1278600,0.0,0.0
2021-10-14 00:00:00-04:00,101.4481426818168,101.72464694717736,100.39933816534999,101.03815460205078,2007300,0.0,0.0
2021-10-15 00:00:00-04:00,102.02021282068368,105.95799972481957,101.81045047155337,105.34778594970703,2483900,0.0,0.0
2021-10-18 00:00:00-04:00,106.86377666837143,108.12234331974108,105.61473937753871,106.32030487060547,2050000,0.0,0.0
2021-10-19 00:00:00-04:00,106.28219401559502,106.54916166841168,102.99275244513082,103.25019073486328,2491600,0.0,0.0
2021-10-20 00:00:00-04:00,102.49694586148024,103.01181511361006,99.12169672484399,99.3028564453125,3668800,0.0,0.0
2021-10-21 00:00:00-04:00,99.62701554862001,101.29557025026133,98.80703951329629,100.97139739990234,1924000,0.0,0.0
2021-10-22 00:00:00-04:00,101.06675651576911,102.4588071948601,99.4172675719326,100.3707275390625,1131900,0.0,0.0
2021-10-25 00:00:00-04:00,103.27877018971292,104.1082828741831,101.41952640042615,102.97366333007812,1961500,0.0,0.0
2021-10-26 00:00:00-04:00,102.97367033171352,103.80318307258595,101.70556690493943,102.19183349609375,1096700,0.0,0.0
2021-10-27 00:00:00-04:00,101.82949722919484,102.68760512591405,100.25628729467614,100.93324279785156,1801500,0.0,0.0
2021-10-28 00:00:00-04:00,100.62815773391267,101.56254435314618,98.99774219379071,99.70330047607422,1070800,0.0,0.0
2021-10-29 00:00:00-04:00,99.46493464187702,99.82724677843646,98.01567882131768,98.58775329589844,1147800,0.0,0.0
2021-11-01 00:00:00-04:00,99.15982908533306,100.88558916759293,98.88332484284958,100.43746185302734,1281800,0.0,0.0
2021-11-02 00:00:00-04:00,100.38963702909561,101.0974125397103,99.33753671933188,100.97307586669922,828000,0.33,0.0
2021-11-03 00:00:00-04:00,100.5235518047008,101.3843639010328,99.48101798044141,101.0400390625,1330800,0.0,0.0
2021-11-04 00:00:00-04:00,102.34080845854649,103.20162045641914,100.21747462952109,100.97307586669922,2088300,0.0,0.0
2021-11-05 00:00:00-04:00,102.08256550775232,103.53637560807131,101.38434932522456,103.1250991821289,2232700,0.0,0.0
2021-11-08 00:00:00-05:00,105.52581814033395,105.52581814033395,102.63731622471953,103.32596588134766,1696400,0.0,0.0
2021-11-09 00:00:00-05:00,103.84245171078601,104.33024642712361,101.9964909107919,102.26429748535156,1792500,0.0,0.0
2021-11-10 00:00:00-05:00,102.34081430786895,102.36950682657441,98.11327961768995,100.03575134277344,1759200,0.0,0.0
2021-11-11 00:00:00-05:00,100.94438371314058,101.12611271811848,99.6818618774414,99.6818618774414,1241800,0.0,0.0
2021-11-12 00:00:00-05:00,99.6053409155687,100.13139470658096,98.2567415651627,99.76793670654297,1625200,0.0,0.0
2021-11-15 00:00:00-05:00,99.50012482297188,100.73395404168627,98.34281384197175,98.8975601196289,1271900,0.0,0.0
2021-11-16 00:00:00-05:00,99.97836009175785,102.62774771102431,99.08885558126201,101.61389923095703,1558300,0.0,0.0
2021-11-17 00:00:00-05:00,101.38434444450748,102.28341549449058,99.53838391886647,100.32267761230469,1104800,0.0,0.0
2021-11-18 00:00:00-05:00,99.9305280207379,102.685118726953,99.6627142059342,102.5416488647461,1407400,0.0,0.0
2021-11-19 00:00:00-05:00,99.51927435307522,100.26530905019384,97.03248229977052,99.69143676757812,1939700,0.0,0.0
2021-11-22 00:00:00-05:00,98.76366389004353,100.32268478436697,98.03675517432072,98.37151336669922,1303200,0.0,0.0
2021-11-23 00:00:00-05:00,98.85932127877496,101.07829954737916,98.85932127877496,100.28443908691406,1494500,0.0,0.0
2021-11-24 00:00:00-05:00,100.35138670387775,104.52153648384635,99.29928630188905,104.11026000976562,1616600,0.0,0.0
2021-11-26 00:00:00-05:00,99.13668726656405,104.23460059870766,99.13668726656405,102.23560333251953,1404600,0.0,0.0
2021-11-29 00:00:00-05:00,104.39719528435032,105.16235586307229,101.49913417714455,101.9582290649414,1604600,0.0,0.0
2021-11-30 00:00:00-05:00,99.7488160403449,100.88700123138291,98.63932336720171,100.24617004394531,2818100,0.0,0.0
2021-12-01 00:00:00-05:00,101.40347844226271,101.95822476403288,97.34810638427734,97.34810638427734,1468600,0.0,0.0
2021-12-02 00:00:00-05:00,96.94639577610798,100.98264188950985,95.66474074284315,100.447021484375,2038000,0.0,0.0
2021-12-03 00:00:00-05:00,100.86787142695368,101.75737599763322,97.31941974958399,99.0027847290039,1543600,0.0,0.0
2021-12-06 00:00:00-05:00,99.50969566585772,101.62346281678512,97.87415657524461,100.78178405761719,1805200,0.0,0.0
2021-12-07 00:00:00-05:00,102.29297731844646,104.25371524888037,101.01132964280434,101.91996002197266,2275000,0.0,0.0
2021-12-08 00:00:00-05:00,101.1930590706502,101.83388291121419,100.08356648354147,100.88699340820312,2377300,0.0,0.0
2021-12-09 00:00:00-05:00,100.7722280518953,100.83917969549368,97.64461212207222,97.72113037109375,1270100,0.0,0.0
2021-12-10 00:00:00-05:00,98.22803144065075,98.73495926658754,96.78378808816613,98.55323028564453,1535600,0.0,0.0
2021-12-13 00:00:00-05:00,98.05589874059802,98.46717525019001,96.85076903106277,97.89330291748047,1322700,0.0,0.0
2021-12-14 00:00:00-05:00,97.85502109943005,98.51497814247267,97.05160147936158,97.63504028320312,1502800,0.0,0.0
2021-12-15 00:00:00-05:00,97.30986680790649,98.13241985100844,93.82836628476085,97.0324935913086,1995800,0.0,0.0
2021-12-16 00:00:00-05:00,99.34711314624579,100.15053289223783,96.01864219112228,96.46817779541016,1952900,0.0,0.0
2021-12-17 00:00:00-05:00,96.10470950681437,97.68285619085013,94.8421877812773,96.03775787353516,2639600,0.0,0.0
2021-12-20 00:00:00-05:00,94.4500539874714,96.94640536524395,93.58924190941501,96.71685791015625,1299300,0.0,0.0
2021-12-21 00:00:00-05:00,97.673305054899,101.95822453758294,97.673305054899,100.97307586669922,2387600,0.0,0.0
2021-12-22 00:00:00-05:00,101.41304526778049,101.46087099455426,98.58193591568997,99.16537475585938,1961000,0.0,0.0
2021-12-23 00:00:00-05:00,99.72013617670488,100.38965266981583,99.33755219613471,99.42362976074219,917500,0.0,0.0
2021-12-27 00:00:00-05:00,100.16965011577248,100.23660175058582,97.57764767484544,98.92625427246094,1096100,0.0,0.0
2021-12-28 00:00:00-05:00,99.34711827493221,100.06446049824943,98.67759448819334,99.28016662597656,723800,0.0,0.0
2021-12-29 00:00:00-05:00,99.12711780304471,99.47144261124276,97.30029029577648,98.94538879394531,795800,0.0,0.0
2021-12-30 00:00:00-05:00,98.75411840094456,99.16539492442902,96.74556152002295,96.90815734863281,941200,0.0,0.0
2021-12-31 00:00:00-05:00,97.0324690659332,97.6350410831022,96.38207862175747,97.00377655029297,634000,0.0,0.0
2022-01-03 00:00:00-05:00,97.49157804013868,98.534111766429,96.01863465753775,98.02719116210938,1852700,0.0,0.0
2022-01-04 00:00:00-05:00,99.08883996446221,100.97305944866238,98.96450331166805,100.17919921875,1844800,0.0,0.0
2022-01-05 00:00:00-05:00,100.90612147822799,103.88070061932275,100.42789341435014,100.66700744628906,2115100,0.0,0.0
2022-01-06 00:00:00-05:00,101.41302584633007,105.02842826373329,101.0208826911731,104.78931427001953,1886200,0.0,0.0
2022-01-07 00:00:00-05:00,105.11454629032113,105.4301786130206,103.15380800381115,103.79463195800781,1320800,0.0,0.0
2022-01-10 00:00:00-05:00,104.68412734284773,104.94237460122619,101.92953613562797,103.24944305419922,1518000,0.0,0.0
2022-01-11 00:00:00-05:00,103.48854782830318,106.45356759688202,103.05814549915128,106.3292236328125,1408100,0.0,0.0
2022-01-12 00:00:00-05:00,106.67355692765217,109.74378039957037,106.32923211798082,109.32294464111328,1995300,0.0,0.0
2022-01-13 00:00:00-05:00,110.59504343605099,110.6906949073378,107.6109043397801,107.80219268798828,1565200,0.0,0.0
2022-01-14 00:00:00-05:00,106.89355558562669,110.48982593401303,106.56835665683616,108.07955932617188,1749300,0.0,0.0
2022-01-18 00:00:00-05:00,109.74379113933534,110.49939247354882,106.75965222639147,107.42916870117188,1530800,0.0,0.0
2022-01-19 00:00:00-05:00,107.9552117152118,108.1273741195814,103.29726748939892,103.61289978027344,1847200,0.0,0.0
2022-01-20 00:00:00-05:00,103.34508506388572,104.47370355967038,101.43217285389011,101.6617202758789,1462700,0.0,0.0
2022-01-21 00:00:00-05:00,100.31311490188209,101.91996146997545,98.543672545258,99.99748992919922,1759400,0.0,0.0
2022-01-24 00:00:00-05:00,98.51498189461101,100.87742971536088,95.76995016046526,100.55223083496094,1989100,0.0,0.0
2022-01-25 00:00:00-05:00,100.37052415639621,105.69798533339238,100.24618017004967,105.09541320800781,2240600,0.0,0.0
2022-01-26 00:00:00-05:00,108.90211891079636,108.90211891079636,103.83289741530974,105.45887756347656,2007400,0.0,0.0
2022-01-27 00:00:00-05:00,106.7500788086134,108.73950948841714,104.26329410744962,105.36322021484375,2362300,0.0,0.0
2022-01-28 00:00:00-05:00,105.87968431516192,108.14648783414934,105.29624552711681,107.94563293457031,1990600,0.0,0.0
2022-01-31 00:00:00-05:00,109.39944226127638,109.39944226127638,105.8988168523566,107.02743530273438,1653900,0.0,0.0
2022-02-01 00:00:00-05:00,107.1230890207412,110.70023298590161,105.83187467501675,110.040283203125,1885300,0.0,0.0
2022-02-02 00:00:00-05:00,109.87767563504995,112.77574378708772,108.79688285433927,112.03926849365234,1890200,0.0,0.0
2022-02-03 00:00:00-05:00,110.83412701707437,111.66624642685484,108.60558991475551,109.88723754882812,1189000,0.0,0.0
2022-02-04 00:00:00-05:00,110.60666476077549,112.18936504255218,108.58272811091477,109.39806365966797,1378400,0.33,0.0
2022-02-07 00:00:00-05:00,108.92803199870248,113.44591630670959,108.87048166299583,111.74811553955078,1654400,0.0,0.0
2022-02-08 00:00:00-05:00,111.76729213500764,113.41713666337456,109.25416333230083,110.0982666015625,990100,0.0,0.0
2022-02-09 00:00:00-05:00,109.7721391711203,113.13896543181998,109.7721391711203,111.22054290771484,897900,0.0,0.0
2022-02-10 00:00:00-05:00,111.34524435189047,113.80082282540499,110.46277175274633,111.11502838134766,1059800,0.0,0.0
2022-02-11 00:00:00-05:00,111.3932046655041,116.36191944901225,111.3932046655041,115.33556365966797,2255900,0.0,0.0
2022-02-14 00:00:00-05:00,114.5969901336476,115.46986872506935,110.58748608379024,112.12222290039062,1826000,0.0,0.0
2022-02-15 00:00:00-05:00,109.35968057241395,111.86322260989934,107.5179893447203,109.34049224853516,2120500,0.0,0.0
2022-02-16 00:00:00-05:00,110.05030351295207,112.38118700721286,109.78171823133054,110.20377349853516,1346300,0.0,0.0
2022-02-17 00:00:00-05:00,111.66179237865302,112.94713202441064,109.5994865935479,111.15340423583984,2026200,0.0,0.0
2022-02-18 00:00:00-05:00,110.93278571991533,111.62341901071095,109.47478047974649,111.28768920898438,1634800,0.0,0.0
2022-02-22 00:00:00-05:00,116.36191092068992,116.4002802477282,109.55151271271315,110.99992370605469,2487100,0.0,0.0
2022-02-23 00:00:00-05:00,111.31647288939403,115.143723879064,111.16299557059158,114.06940460205078,2902900,0.0,0.0
2022-02-24 00:00:00-05:00,130.51030197922591,133.80999156832695,116.86072772604075,122.77906036376953,7843200,0.0,0.0
2022-02-25 00:00:00-05:00,123.7382474268428,124.40010551071764,120.92775825845082,123.9780502319336,3511000,0.0,0.0
2022-02-28 00:00:00-05:00,129.08108290218848,129.8388534551305,126.63509094699936,127.47918701171875,5815100,0.0,0.0
2022-03-01 00:00:00-05:00,129.92516181733617,130.11700114143204,123.79580247131865,123.94927978515625,3581600,0.0,0.0
2022-03-02 00:00:00-05:00,125.75261797595739,128.11226977818765,124.95647077290118,128.016357421875,3032600,0.0,0.0
2022-03-03 00:00:00-05:00,127.57508264082917,130.04984915819978,127.22017919983745,128.1602020263672,3167400,0.0,0.0
2022-03-04 00:00:00-05:00,129.42635760613533,134.22241351036743,129.10983079648895,133.93466186523438,3455000,0.0,0.0
2022-03-07 00:00:00-05:00,136.207981880448,137.5508716218922,129.32085292069755,133.33993530273438,4198800,0.0,0.0
2022-03-08 00:00:00-05:00,134.76919205951813,134.99940804815563,126.63508406757077,128.74534606933594,3916300,0.0,0.0
2022-03-09 00:00:00-05:00,124.69744914543611,131.83398242296823,123.01882963770909,128.55348205566406,2626900,0.0,0.0
2022-03-10 00:00:00-05:00,127.57510821736074,129.29209007590768,126.64467204666771,127.1722412109375,1809400,0.0,0.0
2022-03-11 00:00:00-05:00,126.30892454700637,128.41920090876616,124.1506993340805,124.17948913574219,1768000,0.0,0.0
2022-03-14 00:00:00-04:00,120.91817806814274,125.59913404800504,119.69038873513021,123.24906921386719,2764500,0.0,0.0
2022-03-15 00:00:00-04:00,119.9014140663468,121.83901769765029,117.89666593589422,121.39778137207031,2079600,0.0,0.0
2022-03-16 00:00:00-04:00,120.7071598403734,122.18434628406776,118.94221436574777,120.74552917480469,1599800,0.0,0.0
2022-03-17 00:00:00-04:00,124.28501677497076,126.25138825629723,122.49128166800226,123.05721282958984,1707400,0.0,0.0
2022-03-18 00:00:00-04:00,122.64476763896965,127.08592101226208,121.62800591793867,126.48161315917969,4624600,0.0,0.0
2022-03-21 00:00:00-04:00,129.6661738289268,130.500697595435,126.28976066091171,130.26089477539062,2102600,0.0,0.0
2022-03-22 00:00:00-04:00,129.92517341122104,130.65418339880176,126.78854822312844,128.81248474121094,1676300,0.0,0.0
2022-03-23 00:00:00-04:00,130.9323538107291,134.96103869300916,130.3376474367766,134.2608184814453,2733800,0.0,0.0
2022-03-24 00:00:00-04:00,137.01373526870736,138.8650206439057,134.49101956341573,135.79554748535156,2690200,0.0,0.0
2022-03-25 00:00:00-04:00,139.08565413241828,143.32536679856898,137.4358093400731,143.21026611328125,4218400,0.0,0.0
2022-03-28 00:00:00-04:00,139.6611855119766,139.75709787000858,133.89631563821445,134.4334716796875,2750700,0.0,0.0
2022-03-29 00:00:00-04:00,129.11944603046695,132.96587844232488,126.76938104793221,132.93710327148438,2760900,0.0,0.0
2022-03-30 00:00:00-04:00,134.15530138600255,135.98739859621583,133.86753505074122,135.5173797607422,1918600,0.0,0.0
2022-03-31 00:00:00-04:00,136.43823959437233,136.50537678379868,132.55343036072654,132.99465942382812,2228800,0.0,0.0
2022-04-01 00:00:00-04:00,133.6564808080495,137.98253254858238,133.04258624519707,136.2943115234375,2104500,0.0,0.0
2022-04-04 00:00:00-04:00,137.96338266769285,138.81708026071874,135.37351471643268,135.67086791992188,1550100,0.0,0.0
2022-04-05 00:00:00-04:00,137.9058051689312,138.1168328143204,134.0209966887782,135.01856994628906,1933100,0.0,0.0
2022-04-06 00:00:00-04:00,136.19842487456188,137.57009007977905,134.88429537212448,135.3063507080078,1491400,0.0,0.0
2022-04-07 00:00:00-04:00,137.4549793242055,138.7307320827225,134.82673514841827,137.6851806640625,2110600,0.0,0.0
2022-04-08 00:00:00-04:00,137.77151778241705,139.04727051296456,135.72839311756402,138.299072265625,1940900,0.0,0.0
2022-04-11 00:00:00-04:00,136.15046853388554,136.91784058159513,133.0905818243514,133.54141235351562,1449500,0.0,0.0
2022-04-12 00:00:00-04:00,132.86998080409822,135.24882122099729,131.7860671276843,132.33282470703125,1926500,0.0,0.0
2022-04-13 00:00:00-04:00,132.89874931345287,133.36875355661348,128.6590364611829,130.8843994140625,2285200,0.0,0.0
2022-04-14 00:00:00-04:00,130.77887378463873,135.96821077382282,130.1362039274731,133.83876037597656,3416400,0.0,0.0
2022-04-18 00:00:00-04:00,134.26085449937779,134.81719900726858,130.74054953491037,133.57022094726562,2413500,0.0,0.0
2022-04-19 00:00:00-04:00,134.5965265696197,136.81230216498884,132.42869982654025,133.45506286621094,2405500,0.0,0.0
2022-04-20 00:00:00-04:00,135.0089746147236,135.28713941902873,132.22726802606775,132.36155700683594,1722500,0.0,0.0
2022-04-21 00:00:00-04:00,132.48625791744846,136.51495702104356,130.6733491753917,131.0090789794922,1584000,0.0,0.0
2022-04-22 00:00:00-04:00,130.70211872289593,135.6708405733565,128.850848049084,130.1649627685547,2294700,0.0,0.0
2022-04-25 00:00:00-04:00,126.17466816017885,127.40247228621791,122.2994603278481,125.78140258789062,2383000,0.0,0.0
2022-04-26 00:00:00-04:00,126.00201411936749,132.08341107713122,124.9852523446732,129.96356201171875,2535700,0.0,0.0
2022-04-27 00:00:00-04:00,131.5270402214408,134.76917888830997,129.50310392456598,134.5581512451172,2272900,0.0,0.0
2022-04-28 00:00:00-04:00,134.7691953483294,136.71639322764563,130.06906556440822,135.6612548828125,1816900,0.0,0.0
2022-04-29 00:00:00-04:00,136.208013218217,137.50295440971226,129.810075198772,130.27049255371094,1931500,0.0,0.0
2022-05-02 00:00:00-04:00,129.38801326981564,131.96829404051314,126.53915450271273,130.50070190429688,1580900,0.0,0.0
2022-05-03 00:00:00-04:00,130.73091068312166,135.66125652082889,130.54867281808984,134.7308349609375,2464700,0.0,0.0
2022-05-04 00:00:00-04:00,143.31578987175567,143.88172112879158,133.9922531716975,140.3326416015625,3644500,0.0,0.0
2022-05-05 00:00:00-04:00,142.44288949527495,143.32536220581324,135.00900132296263,136.9753875732422,3241500,0.0,0.0
2022-05-06 00:00:00-04:00,138.97056196254366,142.02084740081065,134.05938930087066,141.26307678222656,2749100,0.0,0.0
2022-05-09 00:00:00-04:00,139.8402359383145,140.29206424003485,128.4096004150704,129.14984130859375,2910400,0.33,0.0
2022-05-10 00:00:00-04:00,131.29369716040034,132.7549622006401,124.2372630383719,126.03502655029297,2362500,0.0,0.0
2022-05-11 00:00:00-04:00,126.66953527889171,132.91841212800298,126.17924406859309,127.48670196533203,1713900,0.0,0.0
2022-05-12 00:00:00-04:00,126.60225219384327,127.92894156253926,122.82408467517288,126.90988159179688,1795900,0.0,0.0
2022-05-13 00:00:00-04:00,128.90948521254955,132.34156679162874,128.48648208209218,130.29385375976562,1102100,0.0,0.0
2022-05-16 00:00:00-04:00,130.736113178659,134.37968234688825,130.6784189204885,131.48597717285156,1124900,0.0,0.0
2022-05-17 00:00:00-04:00,133.4279242143929,133.7451766204349,129.78435507095588,131.75515747070312,2749500,0.0,0.0
2022-05-18 00:00:00-04:00,132.6684227413217,133.37983840507525,125.70813209337545,127.83275604248047,1679600,0.0,0.0
2022-05-19 00:00:00-04:00,126.0446051731819,128.16922894240398,125.0640084589817,125.390869140625,1796200,0.0,0.0
2022-05-20 00:00:00-04:00,125.88120615326257,127.33286283770754,122.57410634861607,125.362060546875,1817500,0.0,0.0
2022-05-23 00:00:00-04:00,125.7081405544925,126.0734641184782,122.81443584028955,126.04462432861328,2523000,0.0,0.0
2022-05-24 00:00:00-04:00,125.25630829846081,126.5637660044581,123.5354704563125,125.44859313964844,1337200,0.0,0.0
2022-05-25 00:00:00-04:00,126.67914112581775,131.46673740053942,126.41956832300498,131.16871643066406,1732900,0.0,0.0
2022-05-26 00:00:00-04:00,132.66845674426386,133.0722285479551,129.46710744077402,130.83224487304688,1486900,0.0,0.0
2022-05-27 00:00:00-04:00,131.2168084229285,133.77403001189805,129.32291683844258,132.9857177734375,1715900,0.0,0.0
2022-05-31 00:00:00-04:00,134.59118395235535,135.55254955201505,128.92874115713084,131.48597717285156,4034400,0.0,0.0
2022-06-01 00:00:00-04:00,131.37059615792248,135.667901327473,130.2169604351307,134.5719451904297,2329800,0.0,0.0
2022-06-02 00:00:00-04:00,134.3412461886719,137.85022507345337,133.91824293991746,137.83099365234375,1541800,0.0,0.0
2022-06-03 00:00:00-04:00,137.8309781831198,138.52316257261802,136.20626800969416,136.4754638671875,2267800,0.0,0.0
2022-06-06 00:00:00-04:00,137.10994895403007,137.54257518350124,132.72612442805416,134.6007843017578,1924200,0.0,0.0
2022-06-07 00:00:00-04:00,133.51447104032223,140.6958738815326,133.18759555873962,140.5997314453125,1777200,0.0,0.0
2022-06-08 00:00:00-04:00,139.397998446971,140.20554195183126,135.00455104087382,136.69656372070312,2378700,0.0,0.0
2022-06-09 00:00:00-04:00,135.64868464660663,137.87904508922225,131.89935020905565,132.04356384277344,2046300,0.0,0.0
2022-06-10 00:00:00-04:00,130.9379688729871,131.72629556828784,128.45764429871224,130.20733642578125,1112800,0.0,0.0
2022-06-13 00:00:00-04:00,126.15038293570768,126.78488769061947,121.0263030257809,122.90096282958984,2562400,0.0,0.0
2022-06-14 00:00:00-04:00,124.20841516630466,130.39000273537937,123.72773243371891,125.47742462158203,2641100,0.0,0.0
2022-06-15 00:00:00-04:00,127.14058113916853,128.56339790198746,123.87194446719386,125.42935180664062,2425300,0.0,0.0
2022-06-16 00:00:00-04:00,123.1028500130747,124.25648563052874,119.06511068271283,119.35352325439453,2660900,0.0,0.0
2022-06-17 00:00:00-04:00,119.62271162981881,122.1511003002458,115.45038147007014,121.11283111572266,5660600,0.0,0.0
2022-06-21 00:00:00-04:00,121.62232660722047,129.61127726736567,121.62232660722047,127.60201263427734,3122800,0.0,0.0
2022-06-22 00:00:00-04:00,123.9873345918069,125.75624394618723,121.65121566458107,121.93962097167969,2801900,0.0,0.0
2022-06-23 00:00:00-04:00,121.68003290042412,123.77581001582513,119.23816361296522,120.31489562988281,2443000,0.0,0.0
2022-06-24 00:00:00-04:00,121.5838930706042,122.76636850012075,119.36314116543666,121.68964385986328,5287900,0.0,0.0
2022-06-27 00:00:00-04:00,123.53546940456835,126.83294609917432,122.77598976309201,125.95811462402344,2067600,0.0,0.0
2022-06-28 00:00:00-04:00,128.8133664789671,130.0535214988168,125.96771819191609,129.64974975585938,2064800,0.0,0.0
2022-06-29 00:00:00-04:00,131.3033382346504,132.17818460336343,127.861647028019,129.30369567871094,1996600,0.0,0.0
2022-06-30 00:00:00-04:00,126.98675604384708,129.0633088918951,125.62161889446523,127.89044189453125,1824800,0.0,0.0
2022-07-01 00:00:00-04:00,126.81373994079487,128.29423651176353,122.48759473655896,126.85218811035156,1897900,0.0,0.0
2022-07-05 00:00:00-04:00,124.89100055673478,127.49629294980724,122.7375364707705,126.88101959228516,1968800,0.0,0.0
2022-07-06 00:00:00-04:00,124.82371350916132,125.6889514028926,117.37312965995574,119.61311340332031,3540100,0.0,0.0
2022-07-07 00:00:00-04:00,120.47833681658014,127.7174259527637,120.47833681658014,126.85218811035156,2423900,0.0,0.0
2022-07-08 00:00:00-04:00,127.45785089282586,127.73664045771768,122.82406907112076,122.92020416259766,2934400,0.0,0.0
2022-07-11 00:00:00-04:00,121.61273213949156,121.94920858757472,118.24795298938706,119.16124725341797,2242600,0.0,0.0
2022-07-12 00:00:00-04:00,117.50770291109492,120.29565686571408,115.84453744501775,119.48811340332031,1753000,0.0,0.0
2022-07-13 00:00:00-04:00,116.94050537567662,120.57446599544323,116.65209277568619,117.66152954101562,1432000,0.0,0.0
2022-07-14 00:00:00-04:00,117.39234227883247,119.21893820333838,115.64265735495849,119.09395599365234,1888300,0.0,0.0
2022-07-15 00:00:00-04:00,120.17070747474226,120.48795990278867,117.45965660749759,119.37277221679688,1508200,0.0,0.0
2022-07-18 00:00:00-04:00,120.0072635247894,124.01615611325377,120.0072635247894,121.6031265258789,1701200,0.0,0.0
2022-07-19 00:00:00-04:00,121.87227916061134,127.01558218824137,121.51657868412637,127.00597381591797,1561800,0.0,0.0
2022-07-20 00:00:00-04:00,128.81337763867919,132.13008591188606,126.80411245444829,130.51498413085938,2252400,0.0,0.0
2022-07-21 00:00:00-04:00,127.72699525920504,132.10121033937537,125.56392331871898,131.91854858398438,2015900,0.0,0.0
2022-07-22 00:00:00-04:00,132.5049865094892,133.14909952667034,127.90003831828774,128.91909790039062,1332000,0.0,0.0
2022-07-25 00:00:00-04:00,130.67840660163202,135.51408860780066,130.0342934708926,134.59117126464844,1872700,0.0,0.0
2022-07-26 00:00:00-04:00,137.06188647607485,139.08074522598116,134.60077847209277,138.5904541015625,4201000,0.0,0.0
2022-07-27 00:00:00-04:00,141.32075685009585,141.80143969652474,137.19650448221748,140.7823944091797,2721700,0.0,0.0
2022-07-28 00:00:00-04:00,141.32074918480694,142.10907605144382,137.7540762032806,140.43629455566406,1970600,0.0,0.0
2022-07-29 00:00:00-04:00,141.97443755791036,144.79124585410318,140.3593507006873,143.80104064941406,2732400,0.0,0.0
2022-08-01 00:00:00-04:00,142.12828399619593,142.75318042550646,139.8979234759569,141.29190063476562,1686400,0.0,0.0
2022-08-02 00:00:00-04:00,141.29190147553993,142.5705194663874,139.5518321103927,140.33053588867188,1416500,0.0,0.0
2022-08-03 00:00:00-04:00,140.79199444573464,141.41689091064396,139.1672841739561,139.77294921875,1404100,0.0,0.0
2022-08-04 00:00:00-04:00,139.57105240545516,142.2532706757411,137.2637808060754,138.56163024902344,2375900,0.0,0.0
2022-08-05 00:00:00-04:00,136.78310286349242,142.53206531598747,136.51392165630372,141.09963989257812,1468300,0.0,0.0
2022-08-08 00:00:00-04:00,141.74519339932488,145.4547974878793,141.74519339932488,142.3233184814453,1838000,0.33,0.0
2022-08-09 00:00:00-04:00,143.69150687858752,144.16362806699934,141.880062328829,143.53733825683594,2484000,0.0,0.0
2022-08-10 00:00:00-04:00,143.41207392257058,147.11203261795907,142.36182775735278,145.27169799804688,2782400,0.0,0.0
2022-08-11 00:00:00-04:00,147.35294440589362,150.56150778903066,146.3026980351877,149.1258544921875,3621000,0.0,0.0
2022-08-12 00:00:00-04:00,150.31098967413942,152.9125230934179,147.95996927814525,152.90289306640625,2417500,0.0,0.0
2022-08-15 00:00:00-04:00,149.37632115271725,153.62549956014095,146.96749185630844,151.82369995117188,2358500,0.0,0.0
2022-08-16 00:00:00-04:00,152.78727405168064,156.81483069537052,152.78727405168064,155.3984375,2137500,0.0,0.0
2022-08-17 00:00:00-04:00,156.98825918418888,157.2098821263119,153.54845764458886,155.5911407470703,1748400,0.0,0.0
2022-08-18 00:00:00-04:00,155.92839769179685,161.78667448072798,155.77422903100936,161.44943237304688,3488000,0.0,0.0
2022-08-19 00:00:00-04:00,159.83069311393666,160.92911900755595,158.37575038217608,159.80178833007812,1580800,0.0,0.0
2022-08-22 00:00:00-04:00,161.2663173122073,164.11837799148583,159.1465502315385,159.21400451660156,3215500,0.0,0.0
2022-08-23 00:00:00-04:00,161.39161210057097,165.19756060964048,159.80179016081146,164.7832489013672,2748900,0.0,0.0
2022-08-24 00:00:00-04:00,165.63113714177985,165.96837920687713,162.59601736522794,165.41915893554688,2863500,0.0,0.0
2022-08-25 00:00:00-04:00,164.9663014599391,165.8238442544866,162.44183790896307,163.7618865966797,2363700,0.0,0.0
2022-08-26 00:00:00-04:00,164.27258877072504,164.3978379428973,160.42809049837464,161.6421356201172,1965500,0.0,0.0
2022-08-29 00:00:00-04:00,159.4934617519167,161.97937624714874,157.92289977916562,159.25257873535156,2089500,0.0,0.0
2022-08-30 00:00:00-04:00,156.50648406632135,157.0557043226049,151.57320529786625,155.45623779296875,4002000,0.0,0.0
2022-08-31 00:00:00-04:00,153.31722035602002,156.02474315712058,151.27453704462258,154.33856201171875,3038300,0.0,0.0
2022-09-01 00:00:00-04:00,152.40185934754513,152.52712321613114,148.48029163254327,151.0336456298828,2634400,0.0,0.0
2022-09-02 00:00:00-04:00,153.29793241112233,156.6221145525492,150.61931488363857,156.4390411376953,3100700,0.0,0.0
2022-09-06 00:00:00-04:00,159.80177127892918,161.6421060316593,151.42867672692662,152.79689025878906,4684400,0.0,0.0
2022-09-07 00:00:00-04:00,149.16438861393752,151.64067294502755,148.08523746387928,149.99302673339844,3100300,0.0,0.0
2022-09-08 00:00:00-04:00,149.99302326347134,154.23257284495307,149.63652113157406,153.37501525878906,2113100,0.0,0.0
2022-09-09 00:00:00-04:00,154.1651374757752,156.94974468333805,152.27660807267034,155.3695526123047,2106900,0.0,0.0
2022-09-12 00:00:00-04:00,155.73567206389487,156.5739401463944,153.9242273131477,154.8684844970703,1795300,0.0,0.0
2022-09-13 00:00:00-04:00,159.2814543476007,163.05849759126917,156.38122865219358,159.62832641601562,5023400,0.0,0.0
2022-09-14 00:00:00-04:00,163.18377300899473,172.10607364800225,162.4225892311349,167.818359375,6069300,0.0,0.0
2022-09-15 00:00:00-04:00,164.5230785408236,169.9381233318285,164.15693169935446,165.8238525390625,3583600,0.0,0.0
2022-09-16 00:00:00-04:00,162.41293550234272,163.51136128559725,158.06741190502512,161.1507110595703,6480300,0.0,0.0
2022-09-19 00:00:00-04:00,157.20989076384464,163.92571024126886,156.82446912745323,162.3551483154297,2715100,0.0,0.0
2022-09-20 00:00:00-04:00,161.4397885683307,163.06815999089827,157.7879940770149,161.9215545654297,2533400,0.0,0.0
2022-09-21 00:00:00-04:00,163.80043415029184,164.2822001330868,159.32001639123095,159.4549102783203,1846100,0.0,0.0
2022-09-22 00:00:00-04:00,160.909833152092,162.49965496397985,157.74944958133915,160.1582794189453,2410800,0.0,0.0
2022-09-23 00:00:00-04:00,155.87056045381917,155.87056045381917,147.08313947895238,149.5208740234375,3607500,0.0,0.0
2022-09-26 00:00:00-04:00,148.8753169790415,149.69432502120026,142.313666722059,143.51808166503906,3404400,0.0,0.0
2022-09-27 00:00:00-04:00,146.20635491101476,148.20085855952578,144.84777122586073,147.00608825683594,2926300,0.0,0.0
2022-09-28 00:00:00-04:00,148.5573694803667,157.68201948136843,148.2105120447716,157.2195281982422,3754500,0.0,0.0
2022-09-29 00:00:00-04:00,156.28487912917953,159.04058109038735,152.71981385967226,158.31793212890625,3206900,0.0,0.0
2022-09-30 00:00:00-04:00,158.96348109517098,163.92567896276137,158.81895719805826,159.8595733642578,4114700,0.0,0.0
2022-10-03 00:00:00-04:00,164.61945052776784,166.04547379231082,159.5801675071873,161.22781372070312,4012800,0.0,0.0
2022-10-04 00:00:00-04:00,163.88715657277766,165.54443281142701,162.1720707657178,164.2051239013672,2879200,0.0,0.0
2022-10-05 00:00:00-04:00,164.97591855301323,165.8238312550228,159.85956696734732,165.18789672851562,2482500,0.0,0.0
2022-10-06 00:00:00-04:00,166.09363817625524,168.42538367384503,164.42671735791862,166.21888732910156,1902100,0.0,0.0
2022-10-07 00:00:00-04:00,166.40197696633928,170.64152667708373,165.27464626686134,167.65457153320312,2303800,0.0,0.0
2022-10-10 00:00:00-04:00,167.7219990829944,169.35035558765776,161.00618079633318,161.76736450195312,2167600,0.0,0.0
2022-10-11 00:00:00-04:00,159.42601155486543,166.70066640969355,159.021315175885,162.00827026367188,2678100,0.0,0.0
2022-10-12 00:00:00-04:00,161.60354664263826,166.44048015495895,159.81137699559213,165.3516845703125,2182100,0.0,0.0
2022-10-13 00:00:00-04:00,163.42466875760124,172.07718230006142,162.75982930224504,171.67250061035156,3752600,0.0,0.0
2022-10-14 00:00:00-04:00,171.02692766904667,171.09438196524647,163.31867177410373,164.33038330078125,3883400,0.0,0.0
2022-10-17 00:00:00-04:00,166.3345542148026,168.13635457049622,164.9085160946565,165.3421173095703,1893300,0.0,0.0
2022-10-18 00:00:00-04:00,165.8335045899712,166.38271022278434,159.94632307426488,161.844482421875,2717500,0.0,0.0
2022-10-19 00:00:00-04:00,161.39160759452494,165.44808372309072,161.1507245981152,164.52308654785156,1903100,0.0,0.0
2022-10-20 00:00:00-04:00,165.24571121841302,168.56026311359236,164.4748828028759,167.5581817626953,2156100,0.0,0.0
2022-10-21 00:00:00-04:00,167.32694436214427,170.0248364787822,164.85066045403977,169.37925720214844,1634300,0.0,0.0
2022-10-24 00:00:00-04:00,169.03238792046437,169.0420326485996,161.4879463599994,162.73089599609375,2559200,0.0,0.0
2022-10-25 00:00:00-04:00,163.8004489660746,164.90850494579453,161.42052361961623,163.10670471191406,2826800,0.0,0.0
2022-10-26 00:00:00-04:00,163.55952488538566,165.72747145971329,162.91396033642084,163.1741180419922,2063100,0.0,0.0
2022-10-27 00:00:00-04:00,164.38822409547836,168.4061514796995,163.55958584126722,167.7798614501953,2202600,0.0,0.0
2022-10-28 00:00:00-04:00,168.61810620477755,170.3042872668253,165.73714012592492,168.1170654296875,1204800,0.0,0.0
2022-10-31 00:00:00-04:00,167.84722716684334,172.43364768603908,167.84722716684334,169.9766387939453,2225800,0.0,0.0
2022-11-01 00:00:00-04:00,171.23888467669815,173.40683137867964,169.19620182224324,173.30084228515625,2078900,0.0,0.0
2022-11-02 00:00:00-04:00,173.30087942500143,175.7000795822018,170.68970103532553,172.10609436035156,2346200,0.0,0.0
2022-11-03 00:00:00-04:00,166.21887977362042,174.12948299875023,164.93738060548952,170.59332275390625,3659700,0.0,0.0
2022-11-04 00:00:00-04:00,171.0269063848679,173.23338789117446,159.38743966774777,165.5155029296875,3716400,0.0,0.0
2022-11-07 00:00:00-05:00,166.59232117538681,166.98828327255325,162.68102025272168,164.6221923828125,1889400,0.395,0.0
2022-11-08 00:00:00-05:00,164.00413059732037,169.5475416644775,163.21220630988836,167.4325408935547,1838200,0.0,0.0
2022-11-09 00:00:00-05:00,166.94001999763213,167.06557257000213,156.19118723614946,157.29214477539062,3572100,0.0,0.0
2022-11-10 00:00:00-05:00,160.2473115055326,163.08662632413572,158.8083496555515,161.5897216796875,2468600,0.0,0.0
2022-11-11 00:00:00-05:00,162.05329262851495,162.93213104965218,153.19734286898677,156.2201385498047,4439700,0.0,0.0
2022-11-14 00:00:00-05:00,155.48616839469747,160.9330124620569,155.32199222126007,158.86630249023438,2625900,0.0,0.0
2022-11-15 00:00:00-05:00,158.76007897180094,160.0252125968839,155.3702924448539,159.70651245117188,2522500,0.0,0.0
2022-11-16 00:00:00-05:00,159.19465787723476,162.24643968417647,158.3834292155056,161.8697967529297,2089800,0.0,0.0
2022-11-17 00:00:00-05:00,160.51775418407453,162.24644494087866,158.1419961849338,159.812744140625,1399500,0.0,0.0
2022-11-18 00:00:00-05:00,157.28246026258392,162.0146418444482,157.05067434646023,162.00498962402344,2129800,0.0,0.0
2022-11-21 00:00:00-05:00,159.1270648667495,160.27631285348934,156.76097387204632,158.89527893066406,2054900,0.0,0.0
2022-11-22 00:00:00-05:00,159.59063406120538,166.84343155071892,159.59063406120538,166.56336975097656,2029900,0.0,0.0
2022-11-23 00:00:00-05:00,165.597596854726,167.4711592265818,164.46766809912756,166.88204956054688,1125600,0.0,0.0
2022-11-25 00:00:00-05:00,167.36491729816555,170.28149408062282,166.62128371991818,167.15245056152344,701300,0.0,0.0
2022-11-28 00:00:00-05:00,164.37111219873705,167.0752227982058,163.22186408874654,164.59323120117188,1249100,0.0,0.0
2022-11-29 00:00:00-05:00,165.90663478117045,167.15246390330373,164.9022585483248,166.7371826171875,1439500,0.0,0.0
2022-11-30 00:00:00-05:00,167.31664669403492,170.43602362891454,166.8337703687996,169.35438537597656,3008800,0.0,0.0
2022-12-01 00:00:00-05:00,170.66780265277472,172.01985041414773,169.10328813801235,169.5185546875,1303300,0.0,0.0
2022-12-02 00:00:00-05:00,165.29823561316064,170.51329429692197,164.69945891873442,168.73631286621094,1435600,0.0,0.0
2022-12-05 00:00:00-05:00,168.6879951131381,170.16559532674492,165.22094701643786,166.4377899169922,1417400,0.0,0.0
2022-12-06 00:00:00-05:00,165.6555384578424,166.94964337514276,157.9584892354262,158.12266540527344,2487800,0.0,0.0
2022-12-07 00:00:00-05:00,158.07439948497688,163.79166860403015,158.04542808202703,162.6134490966797,1662500,0.0,0.0
2022-12-08 00:00:00-05:00,162.9224415331268,164.25518468014909,157.1762171854187,157.5142364501953,2283300,0.0,0.0
2022-12-09 00:00:00-05:00,156.93477702609442,158.08402482795657,152.308829159536,153.10073852539062,2187200,0.0,0.0
2022-12-12 00:00:00-05:00,153.87338864751584,157.11831850272748,152.8400261234271,156.9251708984375,1242100,0.0,0.0
2022-12-13 00:00:00-05:00,159.17535191047685,160.93301399405618,158.14198954662092,159.54232788085938,1511400,0.0,0.0
2022-12-14 00:00:00-05:00,160.72054919923622,161.1937732879183,155.1578194149019,157.61082458496094,1596200,0.0,0.0
2022-12-15 00:00:00-05:00,156.72229518325966,156.72229518325966,153.52565716048457,155.09983825683594,1695200,0.0,0.0
2022-12-16 00:00:00-05:00,153.40980352117842,153.8443892357674,149.81720273780343,152.21226501464844,2162700,0.0,0.0
2022-12-19 00:00:00-05:00,152.10602698601997,152.1832889585491,146.80404016889864,147.05514526367188,1759800,0.0,0.0
2022-12-20 00:00:00-05:00,146.63985697593452,149.02526684467742,145.73204726249048,148.4361572265625,1486400,0.0,0.0
2022-12-21 00:00:00-05:00,149.33435835963908,152.0481213367713,147.87606221823177,151.93223571777344,1714100,0.0,0.0
2022-12-22 00:00:00-05:00,150.57049930271558,151.01473726974302,142.57406853406187,147.22898864746094,2267600,0.0,0.0
2022-12-23 00:00:00-05:00,146.4660533530374,150.8698831669594,145.96385783889409,150.5801544189453,1172700,0.0,0.0
2022-12-27 00:00:00-05:00,151.55557123140542,153.68023905982713,148.7355749837572,150.1842041015625,1318200,0.0,0.0
2022-12-28 00:00:00-05:00,148.72591077233093,149.38261551274704,144.13858560240516,144.34140014648438,1576200,0.0,0.0
2022-12-29 00:00:00-05:00,142.88310056581147,145.60653009209682,142.54509598253543,144.72769165039062,1642200,0.0,0.0
2022-12-30 00:00:00-05:00,143.70400312876959,145.5872179258406,142.06222650404652,144.82427978515625,1817400,0.0,0.0
2023-01-03 00:00:00-05:00,143.65571239858872,144.2834457515581,135.20537637514232,135.71722412109375,4363700,0.0,0.0
2023-01-04 00:00:00-05:00,132.67509230730067,140.03412214877156,130.37659648333903,139.7347412109375,3734900,0.0,0.0
2023-01-05 00:00:00-05:00,138.25714735133855,140.16933339530863,137.72598046795372,139.83131408691406,2699000,0.0,0.0
2023-01-06 00:00:00-05:00,139.14560954400542,140.71012373872125,137.436223645497,137.98670959472656,2228800,0.0,0.0
2023-01-09 00:00:00-05:00,139.0973360652119,140.29487451044685,137.14651182358836,138.57583618164062,2304300,0.0,0.0
2023-01-10 00:00:00-05:00,138.34405310779502,141.65657728858125,138.00603382002663,141.49240112304688,1706900,0.0,0.0
2023-01-11 00:00:00-05:00,142.0911946632064,146.06043871547507,142.0911946632064,144.34140014648438,2469800,0.0,0.0
2023-01-12 00:00:00-05:00,144.43795415162464,149.45021242198848,144.0806304110187,148.21405029296875,2065700,0.0,0.0
2023-01-13 00:00:00-05:00,147.9050184941308,151.34311044697958,144.428317653856,151.1499481201172,1909300,0.0,0.0
2023-01-17 00:00:00-05:00,150.17452697446925,151.02439396489748,143.34664912481918,144.73733520507812,2770600,0.0,0.0
2023-01-18 00:00:00-05:00,145.39404943367902,149.16047848636762,144.9691159536394,146.1859588623047,2442000,0.0,0.0
2023-01-19 00:00:00-05:00,144.9498019302087,145.7900166996936,141.74351101118887,145.43267822265625,2552200,0.0,0.0
2023-01-20 00:00:00-05:00,146.25359907461578,147.44147083306078,144.380036378531,146.53366088867188,1584700,0.0,0.0
2023-01-23 00:00:00-05:00,146.43706903141765,150.48357471628006,145.11397797067616,149.604736328125,1875700,0.0,0.0
2023-01-24 00:00:00-05:00,149.18947276980828,149.18947276980828,145.40372395923066,145.8479766845703,1429100,0.0,0.0
2023-01-25 00:00:00-05:00,144.080618758963,144.5538280558281,142.20705653912532,143.7425994873047,1790200,0.0,0.0
2023-01-26 00:00:00-05:00,144.08064533439278,146.72679825830423,143.6074212140285,146.5626220703125,1993500,0.0,0.0
2023-01-27 00:00:00-05:00,145.7900064463609,146.79438258007997,144.2254773482372,145.1139678955078,981700,0.0,0.0
2023-01-30 00:00:00-05:00,144.03236255062959,146.0314777888252,143.43360056951235,143.61709594726562,1271300,0.0,0.0
2023-01-31 00:00:00-05:00,143.67502744375633,147.64427146827524,142.44851743865252,147.55734252929688,1959200,0.0,0.0
2023-02-01 00:00:00-05:00,146.35981892403512,149.0639293258149,145.82865201250792,148.68728637695312,1831200,0.0,0.0
2023-02-02 00:00:00-05:00,148.85146308601838,148.89973893033238,142.93139452944607,144.1675567626953,1951600,0.0,0.0
2023-02-03 00:00:00-05:00,144.6504265801871,146.6302224030219,142.53542597968735,142.7672119140625,1373900,0.0,0.0
2023-02-06 00:00:00-05:00,142.94634518444178,144.1083649977852,142.83014911338572,143.6532440185547,1629700,0.395,0.0
2023-02-07 00:00:00-05:00,143.60484318615556,145.59962147528663,142.34599807120267,145.1832275390625,1044000,0.0,0.0
2023-02-08 00:00:00-05:00,145.86104563119287,145.86104563119287,143.3143069351368,144.0308837890625,1158800,0.0,0.0
2023-02-09 00:00:00-05:00,144.7280995509522,144.91207173510892,142.81077575683594,142.81077575683594,1588500,0.0,0.0
2023-02-10 00:00:00-05:00,142.75268043424688,147.16830845180309,142.54933730948076,147.15863037109375,1134200,0.0,0.0
2023-02-13 00:00:00-05:00,146.66479473605787,146.8875088168344,142.9947775655253,143.12066650390625,1218500,0.0,0.0
2023-02-14 00:00:00-05:00,142.91731003514008,146.209675199606,141.63910880240172,144.07931518554688,1259300,0.0,0.0
2023-02-15 00:00:00-05:00,142.27819767772695,146.34523774325987,140.4286793958509,146.24839782714844,1262400,0.0,0.0
2023-02-16 00:00:00-05:00,144.89271319911649,146.29680318845914,143.7113372637728,144.0889892578125,1103300,0.0,0.0
2023-02-17 00:00:00-05:00,143.2562277606693,143.27559869864794,139.40223854192067,140.28341674804688,2153600,0.0,0.0
2023-02-21 00:00:00-05:00,138.675997207954,141.2711416769193,137.75606225932285,139.3247833251953,1889500,0.0,0.0
2023-02-22 00:00:00-05:00,139.16981476910627,143.28525943752376,138.17242583152182,143.17874145507812,2094400,0.0,0.0
2023-02-23 00:00:00-05:00,148.45622384954757,158.31393411496677,147.6718707036921,156.69680786132812,5727700,0.0,0.0
2023-02-24 00:00:00-05:00,154.76010915222707,155.86401618445214,150.74148920216072,152.77500915527344,3040900,0.0,0.0
2023-02-27 00:00:00-05:00,151.5161437640313,156.1351291763329,151.5161437640313,153.48187255859375,1828400,0.0,0.0
2023-02-28 00:00:00-05:00,152.9106035810416,155.9414983407931,152.0875085058603,152.358642578125,2180600,0.0,0.0
2023-03-01 00:00:00-05:00,152.74594636256643,156.23196125622107,152.29082541196541,155.69937133789062,1448600,0.0,0.0
2023-03-02 00:00:00-05:00,154.0822522719288,159.5824310196498,153.7239712089871,158.1492919921875,1779200,0.0,0.0
2023-03-03 00:00:00-05:00,157.6651274230779,161.98391559061864,157.17126456183775,159.1757354736328,2063600,0.0,0.0
2023-03-06 00:00:00-05:00,154.02417148139858,155.90275360950037,150.760870124752,151.59364318847656,3084500,0.0,0.0
2023-03-07 00:00:00-05:00,151.56458069577212,151.56458069577212,148.73702967335953,150.7802276611328,1666300,0.0,0.0
2023-03-08 00:00:00-05:00,149.60853416501834,152.0197061513945,147.9623590743289,150.26699829101562,1411200,0.0,0.0
2023-03-09 00:00:00-05:00,149.62789002316777,150.88673488648539,147.24576729561633,148.30125427246094,1743600,0.0,0.0
2023-03-10 00:00:00-05:00,148.30126742645368,151.23533649062912,146.21934230392782,149.34707641601562,2818100,0.0,0.0
2023-03-13 00:00:00-04:00,145.4737169398665,153.7142999592874,144.28266285350563,149.07594299316406,2779700,0.0,0.0
2023-03-14 00:00:00-04:00,149.9958548779123,150.81894975959108,143.73069411354814,145.55117797851562,2622500,0.0,0.0
2023-03-15 00:00:00-04:00,140.0510185624772,142.21041261964308,136.95231875001284,139.52810668945312,3592600,0.0,0.0
2023-03-16 00:00:00-04:00,136.1679789342352,142.88826153314594,135.08344276001233,142.22979736328125,2566700,0.0,0.0
2023-03-17 00:00:00-04:00,140.58360184102034,142.11358089826635,137.45586760616183,139.31507873535156,2680400,0.0,0.0
2023-03-20 00:00:00-04:00,138.4726048299711,142.58804937911358,137.3977469566967,141.37762451171875,1986400,0.0,0.0
2023-03-21 00:00:00-04:00,142.74301220821343,145.49309444048873,142.684914168555,144.2439422607422,2100800,0.0,0.0
2023-03-22 00:00:00-04:00,144.30201603083268,146.62602588048472,142.76234436035156,142.76234436035156,1881100,0.0,0.0
2023-03-23 00:00:00-04:00,144.2633144482288,146.70353581481936,141.62942800269894,142.007080078125,1983400,0.0,0.0
2023-03-24 00:00:00-04:00,139.6636675729611,143.07222835176808,138.4822916458012,142.66552734375,1210900,0.0,0.0
2023-03-27 00:00:00-04:00,142.67519885444008,145.00890158470787,142.5783737288152,143.9921417236328,1047900,0.0,0.0
2023-03-28 00:00:00-04:00,144.15675648853303,149.03719786920547,144.15675648853303,148.6595458984375,1293000,0.0,0.0
2023-03-29 00:00:00-04:00,150.4219398341005,150.97390075498353,149.36645272567458,150.56719970703125,1250700,0.0,0.0
2023-03-30 00:00:00-04:00,152.0778047723639,152.0778047723639,149.81189264675572,151.92286682128906,975700,0.0,0.0
2023-03-31 00:00:00-04:00,152.76532051687954,152.99772744744286,150.7608643026708,152.6103973388672,1370300,0.0,0.0
2023-04-03 00:00:00-04:00,154.84726281861964,154.8569408999862,151.42902358274182,153.14297485351562,1567900,0.0,0.0
2023-04-04 00:00:00-04:00,153.16234401672327,153.95638995047915,147.1295896392158,148.64019775390625,1660400,0.0,0.0
2023-04-05 00:00:00-04:00,149.61821758001267,151.77762655561457,147.31357828116424,151.48712158203125,1128300,0.0,0.0
2023-04-06 00:00:00-04:00,151.73886397685698,151.73886397685698,147.81708430777684,148.30125427246094,1396000,0.0,0.0
2023-04-10 00:00:00-04:00,148.0688390607206,150.07329471864054,148.0688390607206,148.63047790527344,1104200,0.0,0.0
2023-04-11 00:00:00-04:00,148.9113189456293,149.01783693302883,147.18767498639684,147.47817993164062,1148100,0.0,0.0
2023-04-12 00:00:00-04:00,148.65958865653974,149.68602688382,147.65250659436768,148.1657257080078,1275500,0.0,0.0
2023-04-13 00:00:00-04:00,148.9210195221943,149.6472746071649,147.34263518499924,147.65249633789062,1305700,0.0,0.0
2023-04-14 00:00:00-04:00,148.6886115752963,148.98879461445586,147.45881562470126,147.9623565673828,899600,0.0,0.0
2023-04-17 00:00:00-04:00,145.84171019420796,147.54598353441884,144.92179000929696,145.4059600830078,1116800,0.0,0.0
2023-04-18 00:00:00-04:00,145.70611943939448,146.49047246697882,144.99923538407342,145.73516845703125,1344100,0.0,0.0
2023-04-19 00:00:00-04:00,145.18321835543662,146.09346037752786,144.45696330917616,146.0547332763672,965100,0.0,0.0
2023-04-20 00:00:00-04:00,144.98953388751949,146.47109280148882,144.9314358557081,146.2967987060547,1189200,0.0,0.0
2023-04-21 00:00:00-04:00,146.21934257659575,146.69383450420747,144.66999263901565,145.6480255126953,909200,0.0,0.0
2023-04-24 00:00:00-04:00,145.13480550965645,148.76608054922394,145.13480550965645,147.9623565673828,1765700,0.0,0.0
2023-04-25 00:00:00-04:00,147.44912871726413,147.7008917856859,143.80816103910087,144.78619384765625,1118500,0.0,0.0
2023-04-26 00:00:00-04:00,144.52473590322194,146.5485628296698,144.23423096636793,145.63832092285156,1057000,0.0,0.0
2023-04-27 00:00:00-04:00,145.17351602241268,147.4007007473597,145.17351602241268,146.8100128173828,1285800,0.0,0.0
2023-04-28 00:00:00-04:00,146.95527418985128,149.36644612729938,146.51952414170177,148.15602111816406,1513200,0.0,0.0
2023-05-01 00:00:00-04:00,148.15602111816406,149.72472720178075,147.913936116337,148.15602111816406,1946300,0.0,0.0
2023-05-02 00:00:00-04:00,148.35938248232165,149.12436460463647,140.91284528827742,144.5634765625,2766300,0.0,0.0
2023-05-03 00:00:00-04:00,143.27562521209356,145.19293470728059,138.80188335572498,138.98587036132812,1746300,0.0,0.0
2023-05-04 00:00:00-04:00,140.2156284137247,143.23684434455464,139.3731626055547,140.6610565185547,1631900,0.0,0.0
2023-05-05 00:00:00-04:00,142.57840139494468,144.60222865425274,142.3556725338305,143.49832153320312,1365800,0.0,0.0
2023-05-08 00:00:00-04:00,144.3504472399133,145.5705502897912,143.70164645371725,144.85397338867188,1194200,0.0,0.0
2023-05-09 00:00:00-04:00,143.4801535082083,146.12101286612346,143.35393128127072,145.227783203125,1134400,0.395,0.0
2023-05-10 00:00:00-04:00,145.6258731582842,145.89772504991055,143.69376917189555,143.95591735839844,913600,0.0,0.0
2023-05-11 00:00:00-04:00,143.35396679322596,144.27633742654544,142.34423317203812,142.72288513183594,853700,0.0,0.0
2023-05-12 00:00:00-04:00,143.5675398291376,144.72291771880322,142.46071009232153,143.60638427734375,1022100,0.0,0.0
2023-05-15 00:00:00-04:00,144.05299086507398,145.88799843919287,143.60638341709205,145.44139099121094,1076700,0.0,0.0
2023-05-16 00:00:00-04:00,144.53843513960675,145.38313146810387,138.53825713309504,138.7130126953125,1817700,0.0,0.0
2023-05-17 00:00:00-04:00,139.3149778743728,141.266488986837,138.14988157726867,138.23727416992188,1511300,0.0,0.0
2023-05-18 00:00:00-04:00,137.7712433338722,138.55768785654507,136.61588025598414,137.8003692626953,1365000,0.0,0.0
2023-05-19 00:00:00-04:00,138.14020479875037,139.35383466577258,136.3440266696304,137.07220458984375,1241400,0.0,0.0
2023-05-22 00:00:00-04:00,137.61589040675298,140.73248286596487,137.61589040675298,139.74215698242188,1647900,0.0,0.0
2023-05-23 00:00:00-04:00,139.25672736459043,141.72283135612778,138.5965198801263,141.3636016845703,1458400,0.0,0.0
2023-05-24 00:00:00-04:00,140.79075024520557,141.4703947355313,138.7518612186759,139.3149871826172,1230700,0.0,0.0
2023-05-25 00:00:00-04:00,139.02373247073513,139.08198433464057,135.58672435213606,137.22755432128906,1468700,0.0,0.0
2023-05-26 00:00:00-04:00,137.0527568849704,137.14983835689947,133.79052016892336,134.85850524902344,1904700,0.0,0.0
2023-05-30 00:00:00-04:00,133.98471506883791,135.53816696657663,133.0914854128235,133.7419891357422,3058600,0.0,0.0
2023-05-31 00:00:00-04:00,131.65454983421736,136.34400174612594,131.36327575641303,135.70321655273438,4954500,0.0,0.0
2023-06-01 00:00:00-04:00,133.9750068240236,139.74216235446653,133.83908089868956,138.0916290283203,1961400,0.0,0.0
2023-06-02 00:00:00-04:00,139.2567297754314,143.56754516801678,139.15964828093828,141.52865600585938,2696300,0.0,0.0
2023-06-05 00:00:00-04:00,142.4704291688416,142.4704291688416,137.74211758134874,139.2178955078125,1633400,0.0,0.0
2023-06-06 00:00:00-04:00,137.57709800706672,139.37327638743753,136.94601631386607,137.6741943359375,1222300,0.0,0.0
2023-06-07 00:00:00-04:00,137.6256389039853,142.39278099230071,137.6256389039853,141.01409912109375,1841000,0.0,0.0
2023-06-08 00:00:00-04:00,141.0625614756839,143.35389430357347,140.94605779767969,143.043212890625,1432600,0.0,0.0
2023-06-09 00:00:00-04:00,143.4316248950699,144.00446943894153,142.09178762548063,142.85879516601562,1752000,0.0,0.0
2023-06-12 00:00:00-04:00,141.67426478539727,142.2956425549239,139.22758333640488,140.34413146972656,1440700,0.0,0.0
2023-06-13 00:00:00-04:00,141.05292588114122,143.7811636336803,140.73252579711374,141.13059997558594,1484900,0.0,0.0
2023-06-14 00:00:00-04:00,141.73255892358816,143.43164088944334,141.31507732309117,142.72288513183594,1567900,0.0,0.0
2023-06-15 00:00:00-04:00,143.208294559129,145.48992416108166,142.75196863873848,142.89759826660156,1797700,0.0,0.0
2023-06-16 00:00:00-04:00,143.69375071070164,145.12098036578368,142.96557291993796,144.3539581298828,1987600,0.0,0.0
2023-06-20 00:00:00-04:00,143.19862103846404,144.76177690453468,142.15004305239017,144.59671020507812,1139300,0.0,0.0
2023-06-21 00:00:00-04:00,145.10157362444008,148.0434110278117,144.56757355794332,145.77149963378906,1917200,0.0,0.0
2023-06-22 00:00:00-04:00,144.8297159397277,145.52876785063935,142.9170342966522,145.15011596679688,1823500,0.0,0.0
2023-06-23 00:00:00-04:00,144.73262766438012,146.52879069488145,143.81025725932727,144.23745727539062,3923900,0.0,0.0
2023-06-26 00:00:00-04:00,144.14039495682186,146.09190640080803,142.96559475643275,143.14035034179688,1397500,0.0,0.0
2023-06-27 00:00:00-04:00,143.20831427814522,145.2083737885405,142.31508453635786,145.062744140625,1212000,0.0,0.0
2023-06-28 00:00:00-04:00,144.48019641401245,146.26665590370385,144.13067044300183,145.6355743408203,1167100,0.0,0.0
2023-06-29 00:00:00-04:00,145.8297263355759,147.42200774065049,145.10154859274033,146.8103485107422,1217600,0.0,0.0
2023-06-30 00:00:00-04:00,147.87834699140134,148.87837666330114,146.37344322408694,147.92689514160156,1733000,0.0,0.0
2023-07-03 00:00:00-04:00,148.57740373574438,151.0046631770456,147.59679625479242,149.24732971191406,715700,0.0,0.0
2023-07-05 00:00:00-04:00,149.35414691776725,149.56774695838268,147.20844280606428,147.4220428466797,966500,0.0,0.0
2023-07-06 00:00:00-04:00,146.21811597512416,147.70359758127535,145.31516775119567,146.14044189453125,1303600,0.0,0.0
2023-07-07 00:00:00-04:00,144.97536683111792,148.19875983910904,144.24718895949988,147.76185607910156,1197000,0.0,0.0
2023-07-10 00:00:00-04:00,147.52883960253786,149.01432133360925,146.84920985871716,148.38323974609375,1324000,0.0,0.0
2023-07-11 00:00:00-04:00,148.48030637808913,153.8494178537622,148.20845450777858,153.77174377441406,1852000,0.0,0.0
2023-07-12 00:00:00-04:00,155.25721590263598,155.25721590263598,152.18915662188013,152.41246032714844,1999700,0.0,0.0
2023-07-13 00:00:00-04:00,153.66494294232106,154.93682450333594,151.86876505222457,152.77171325683594,1063000,0.0,0.0
2023-07-14 00:00:00-04:00,153.26684287976514,153.26684287976514,149.25700627125585,149.42205810546875,1035200,0.0,0.0
2023-07-17 00:00:00-04:00,149.37354751742205,152.15033282858263,149.34442159017476,150.48037719726562,1637300,0.0,0.0
2023-07-18 00:00:00-04:00,151.0240665498507,153.97560714354168,150.84929618818762,153.8882293701172,1197500,0.0,0.0
2023-07-19 00:00:00-04:00,154.11153811514777,154.49018996054852,150.62599743379005,152.8008270263672,1316500,0.0,0.0
2023-07-20 00:00:00-04:00,152.89792102451182,153.96592109375746,151.4706913023453,152.20858764648438,1184800,0.0,0.0
2023-07-21 00:00:00-04:00,152.97560479209636,154.8591605890676,152.34452322972905,153.5775604248047,792200,0.0,0.0
2023-07-24 00:00:00-04:00,154.36399584371557,156.79125527057232,153.53872171265795,154.90769958496094,1057400,0.0,0.0
2023-07-25 00:00:00-04:00,155.2863578399836,156.47086167411805,154.92712817079766,156.38348388671875,1051700,0.0,0.0
2023-07-26 00:00:00-04:00,155.65527796822468,157.8398111482927,154.82030024902835,155.276611328125,1188800,0.0,0.0
2023-07-27 00:00:00-04:00,155.81061408988708,156.67471774849,153.72317716180115,154.16978454589844,977900,0.0,0.0
2023-07-28 00:00:00-04:00,154.16981401779674,154.91741412169182,152.2668507903762,154.86886596679688,1203100,0.0,0.0
2023-07-31 00:00:00-04:00,155.49024533785368,157.71362344616531,155.35431939172062,157.15049743652344,1315900,0.0,0.0
2023-08-01 00:00:00-04:00,156.51938481879668,156.88831813380634,155.09215526005278,155.58731079101562,996900,0.0,0.0
2023-08-02 00:00:00-04:00,153.84942083088742,155.31548021806148,152.33479847651324,154.50962829589844,1216300,0.0,0.0
2023-08-03 00:00:00-04:00,151.75227923304269,160.38361412375775,150.80079757988204,160.03408813476562,2310400,0.0,0.0
2023-08-04 00:00:00-04:00,159.69425419719707,161.74286182474037,158.29615034325826,158.50975036621094,1218500,0.0,0.0
2023-08-07 00:00:00-04:00,159.22820804786258,159.52918582685098,156.89804507552714,157.36407470703125,1059900,0.0,0.0
2023-08-08 00:00:00-04:00,156.44432703995176,159.35441161185204,155.23745993609225,158.81910705566406,1262500,0.395,0.0
2023-08-09 00:00:00-04:00,160.60022562248184,166.02137866028374,160.60022562248184,162.95555114746094,2474800,0.0,0.0
2023-08-10 00:00:00-04:00,163.2669874943751,163.89961071564923,160.9505867346809,162.439697265625,1615500,0.0,0.0
2023-08-11 00:00:00-04:00,161.3204461613057,162.81928419451452,161.16471848613872,162.54676818847656,986600,0.0,0.0
2023-08-14 00:00:00-04:00,162.52732273548708,162.61491398868912,158.77047774883627,160.1914520263672,1314700,0.0,0.0
2023-08-15 00:00:00-04:00,159.60747058764755,159.86051689664652,157.02828134355101,158.02102661132812,1079900,0.0,0.0
2023-08-16 00:00:00-04:00,157.86532123929214,159.987070064016,155.72411759259577,155.90904235839844,1070800,0.0,0.0
2023-08-17 00:00:00-04:00,157.22294783384814,159.73400088667728,157.02829566678562,159.0235137939453,1277300,0.0,0.0
2023-08-18 00:00:00-04:00,158.02102903459942,159.72426135642118,158.02102903459942,159.51986694335938,1001300,0.0,0.0
2023-08-21 00:00:00-04:00,160.24983656301595,160.5904889952274,158.33248226390134,159.74374389648438,1026800,0.0,0.0
2023-08-22 00:00:00-04:00,159.36415741745435,163.73415550288644,159.36415741745435,162.4202423095703,1716100,0.0,0.0
2023-08-23 00:00:00-04:00,161.56376772604347,162.09907233630136,159.15004812552718,161.9628143310547,1220400,0.0,0.0
2023-08-24 00:00:00-04:00,161.04790710722418,161.48587813631954,156.62922777553453,156.6681671142578,1835600,0.0,0.0
2023-08-25 00:00:00-04:00,156.75578605977762,158.9748535270672,156.55140647387435,156.8920440673828,1093400,0.0,0.0
2023-08-28 00:00:00-04:00,157.37868805382848,159.188981568739,156.50274580671453,158.2059783935547,1023100,0.0,0.0
2023-08-29 00:00:00-04:00,158.11838863484974,160.06494018108148,157.8556000178257,159.3252410888672,991700,0.0,0.0
2023-08-30 00:00:00-04:00,160.54181732254557,161.42750173835705,160.01625500001373,160.57101440429688,885500,0.0,0.0
2023-08-31 00:00:00-04:00,161.56376748110767,161.56376748110767,158.83859252929688,158.83859252929688,1870600,0.0,0.0
2023-09-01 00:00:00-04:00,160.84353522164616,163.25726962615164,160.60021629908775,162.86795043945312,1446900,0.0,0.0
2023-09-05 00:00:00-04:00,160.65860052663692,163.31563859272643,160.59046411034956,161.73892211914062,1374200,0.0,0.0
2023-09-06 00:00:00-04:00,162.47866437765336,162.47866437765336,156.9017982036698,157.4370880126953,1772400,0.0,0.0
2023-09-07 00:00:00-04:00,156.9407205523592,158.24490654185428,154.86763837506533,155.59759521484375,1875700,0.0,0.0
2023-09-08 00:00:00-04:00,156.8044387248442,159.948114879159,156.23020966232684,158.3324737548828,1310100,0.0,0.0
2023-09-11 00:00:00-04:00,159.79240159434798,159.79240159434798,156.64872515709664,157.23269653320312,935100,0.0,0.0
2023-09-12 00:00:00-04:00,157.7193125362507,160.00650126514185,157.1937354003985,159.7047882080078,935900,0.0,0.0
2023-09-13 00:00:00-04:00,160.27902613271294,160.5710117964921,156.98936455042394,158.3714141845703,967000,0.0,0.0
2023-09-14 00:00:00-04:00,160.5321023601248,162.60518443126574,159.9286761557965,161.13552856445312,1479700,0.0,0.0
2023-09-15 00:00:00-04:00,160.59048225370046,161.8070768162285,158.21568729148447,159.09164428710938,2359700,0.0,0.0
2023-09-18 00:00:00-04:00,159.28630170835856,160.13304679952472,157.82638818510196,158.98458862304688,1003800,0.0,0.0
2023-09-19 00:00:00-04:00,160.07466111139684,160.5223596323384,156.39568002605301,157.2910919189453,1016800,0.0,0.0
2023-09-20 00:00:00-04:00,156.57082915887415,158.99429056565077,156.57082915887415,157.15480041503906,1031900,0.0,0.0
2023-09-21 00:00:00-04:00,158.079429492046,158.32274840485564,154.4783125526649,154.60484313964844,1083500,0.0,0.0
2023-09-22 00:00:00-04:00,155.14014794704286,156.8433805022689,154.58538849443693,155.64625549316406,1190200,0.0,0.0
2023-09-25 00:00:00-04:00,155.41264783481998,159.87025207017194,155.41264783481998,159.7534637451172,1377200,0.0,0.0
2023-09-26 00:00:00-04:00,158.63421027451602,158.94565077321383,156.81417463306292,157.68038940429688,945100,0.0,0.0
2023-09-27 00:00:00-04:00,159.56855215828105,163.0139565416642,159.19871748143302,161.0382080078125,1810700,0.0,0.0
2023-09-28 00:00:00-04:00,161.03820609129411,164.91183927276907,161.03820609129411,164.42520141601562,1613600,0.0,0.0
2023-09-29 00:00:00-04:00,164.5614878240904,164.68801844100744,160.15254926903125,161.52487182617188,2060800,0.0,0.0
2023-10-02 00:00:00-04:00,161.58323034305172,162.32291450337732,157.7777189220308,158.18649291992188,1404900,0.0,0.0
2023-10-03 00:00:00-04:00,157.67064456161316,159.13055793718365,156.45405008197108,158.26434326171875,1222600,0.0,0.0
2023-10-04 00:00:00-04:00,158.4395386787557,158.61473602065684,151.92833696675865,154.70216369628906,1732400,0.0,0.0
2023-10-05 00:00:00-04:00,152.83350359981534,157.16457810720433,152.83350359981534,156.30810546875,1336700,0.0,0.0
2023-10-06 00:00:00-04:00,157.17429526016835,160.99926156261665,155.5294569811379,158.98458862304688,1498800,0.0,0.0
2023-10-09 00:00:00-04:00,162.7998136033425,164.65875871067092,162.48835828317848,164.24998474121094,1803800,0.0,0.0
2023-10-10 00:00:00-04:00,164.43492710171267,168.58109110240056,164.25000234192498,166.43014526367188,2059200,0.0,0.0
2023-10-11 00:00:00-04:00,166.2257425141946,167.90952008937327,164.67823778762713,167.78298950195312,1481900,0.0,0.0
2023-10-12 00:00:00-04:00,168.82441795000113,169.787951436831,166.67347201034326,169.56410217285156,1647100,0.0,0.0
2023-10-13 00:00:00-04:00,170.80987874223925,172.80509682025618,169.64195091762213,171.987548828125,2079700,0.0,0.0
2023-10-16 00:00:00-04:00,169.84633259340495,170.9072143652686,167.1990215709528,169.32077026367188,2292700,0.0,0.0
2023-10-17 00:00:00-04:00,168.5226768682567,171.38410972352548,168.3766914576851,168.62001037597656,1927800,0.0,0.0
2023-10-18 00:00:00-04:00,169.5835716270109,171.0921371551509,167.91926356398608,170.94615173339844,1543600,0.0,0.0
2023-10-19 00:00:00-04:00,171.44249939830436,171.96807656461556,169.01905254022793,170.8488006591797,1503700,0.0,0.0
2023-10-20 00:00:00-04:00,170.05072691874292,171.1602605928628,166.87785356843716,167.2379608154297,1686800,0.0,0.0
2023-10-23 00:00:00-04:00,166.43013884885198,166.43013884885198,163.3253870988437,164.756103515625,1122700,0.0,0.0
2023-10-24 00:00:00-04:00,164.94103138522422,165.8851099869547,162.92634359049788,163.51031494140625,1165500,0.0,0.0
2023-10-25 00:00:00-04:00,163.5395185030258,164.94103791992515,162.63437920936684,163.46165466308594,867400,0.0,0.0
2023-10-26 00:00:00-04:00,162.1185272414486,164.2305335558945,160.1622337395231,163.36431884765625,1029800,0.0,0.0
2023-10-27 00:00:00-04:00,162.67333393602476,162.67333393602476,160.27906867868887,162.40081787109375,1079000,0.0,0.0
2023-10-30 00:00:00-04:00,163.50057055804396,164.74636211638256,160.76565369457495,162.3910369873047,900500,0.0,0.0
2023-10-31 00:00:00-04:00,162.70250625505778,163.481129829613,161.43724480278178,161.97254943847656,902800,0.0,0.0
2023-11-01 00:00:00-04:00,162.89713732353158,166.10894987042138,162.05039227836346,164.12347412109375,1399600,0.0,0.0
2023-11-02 00:00:00-04:00,164.27921843083894,172.75645732174786,160.9408895107966,172.19195556640625,2232900,0.0,0.0
2023-11-03 00:00:00-04:00,173.13601627738657,174.26501967057274,168.57135079971866,168.950927734375,1749700,0.0,0.0
2023-11-06 00:00:00-05:00,169.16504885308723,169.41811004244377,166.2938884775305,166.48854064941406,1536600,0.0,0.0
2023-11-07 00:00:00-05:00,163.52004727992963,166.68319334882702,163.04315168495688,164.42520141601562,1645400,0.0,0.0
2023-11-08 00:00:00-05:00,164.77157568769394,167.3379031011784,164.15682443306443,166.09864807128906,1282600,0.435,0.0
2023-11-09 00:00:00-05:00,167.00613965640088,169.2504554295252,166.15720871148199,166.5377655029297,1313600,0.0,0.0
2023-11-10 00:00:00-05:00,165.92300518271685,167.53306451247275,165.30826879257833,167.46475219726562,1104400,0.0,0.0
2023-11-13 00:00:00-05:00,167.0451747315337,168.1965975944154,166.00107427070617,166.78170776367188,1005300,0.0,0.0
2023-11-14 00:00:00-05:00,167.8355573551314,169.52366664090766,167.0549238779362,168.05023193359375,887700,0.0,0.0
2023-11-15 00:00:00-05:00,167.42575381127148,169.60175749290548,167.3574414852163,167.6306610107422,1409100,0.0,0.0
2023-11-16 00:00:00-05:00,167.24033604843888,169.6212615966797,166.08891313966282,169.6212615966797,1242100,0.0,0.0
2023-11-17 00:00:00-05:00,170.76295308489622,171.25084723656735,169.15290834012063,169.2992706298828,1162600,0.0,0.0
2023-11-20 00:00:00-05:00,170.10914737359192,171.87532151577457,168.93820458937617,169.513916015625,1253600,0.0,0.0
2023-11-21 00:00:00-05:00,169.18217032696592,172.20710494649745,169.18217032696592,171.7777557373047,1060600,0.0,0.0
2023-11-22 00:00:00-05:00,170.76291156373836,173.96349522932832,169.31874939495856,173.47560119628906,912600,0.0,0.0
2023-11-24 00:00:00-05:00,172.7145038186138,176.100489915132,172.6266864579117,174.87100219726562,730600,0.0,0.0
2023-11-27 00:00:00-05:00,173.22194121694562,175.01738809510306,171.8753486136537,174.3148193359375,1243500,0.0,0.0
2023-11-28 00:00:00-05:00,174.73441292928814,176.39325001301515,173.82692209430706,175.06617736816406,1693900,0.0,0.0
2023-11-29 00:00:00-05:00,175.4564766868474,177.21289845301803,174.50020840445595,176.07122802734375,1835600,0.0,0.0
2023-11-30 00:00:00-05:00,175.7687106793377,178.80341218755714,174.66606539021706,177.7397918701172,2903500,0.0,0.0
2023-12-01 00:00:00-05:00,176.61768965920245,179.01813552853588,176.20786034284768,177.21292114257812,1604300,0.0,0.0
2023-12-04 00:00:00-05:00,174.51971441623172,175.39791778458886,169.01626991414165,169.95301818847656,2761000,0.0,0.0
2023-12-05 00:00:00-05:00,168.9674984297593,169.96279173318447,165.41562976408932,165.9523162841797,2066700,0.0,0.0
2023-12-06 00:00:00-05:00,165.47419644770915,168.84066340485762,164.3130058849287,168.56744384765625,1853200,0.0,0.0
2023-12-07 00:00:00-05:00,168.71377865459652,170.68487504404666,167.28913617984244,167.66969299316406,1490400,0.0,0.0
2023-12-08 00:00:00-05:00,168.59668794530666,172.060739114138,168.59668794530666,171.9436492919922,1360100,0.0,0.0
2023-12-11 00:00:00-05:00,171.9436564532817,172.09001873705984,167.54284185595418,168.74305725097656,1204700,0.0,0.0
2023-12-12 00:00:00-05:00,166.98663501811777,168.74304182022922,165.95230193574452,166.68414306640625,1102100,0.0,0.0
2023-12-13 00:00:00-05:00,166.6743839417036,167.72823700897035,165.06433932994273,165.98158264160156,1732600,0.0,0.0
2023-12-14 00:00:00-05:00,166.11819072590558,168.24540188316232,165.1716749682355,167.38670349121094,1706300,0.0,0.0
2023-12-15 00:00:00-05:00,166.9281085276459,167.9429217894854,165.45465869282864,166.07916259765625,1925400,0.0,0.0
2023-12-18 00:00:00-05:00,168.28442832560026,172.5681376429867,167.65992451472883,169.513916015625,1371200,0.0,0.0
2023-12-19 00:00:00-05:00,170.06037816814148,170.26530025574908,168.33322876463984,169.1821746826172,1213800,0.0,0.0
2023-12-20 00:00:00-05:00,168.87967487578763,171.24108058836654,166.7719687409853,166.93785095214844,1238500,0.0,0.0
2023-12-21 00:00:00-05:00,167.2403659850125,167.65019530841286,165.21072441482826,167.5623779296875,1319400,0.0,0.0
2023-12-22 00:00:00-05:00,168.3039502551431,170.13843689773395,167.76726374913545,168.4015350341797,731400,0.0,0.0
2023-12-26 00:00:00-05:00,168.81134230407267,169.582208356346,167.093960598022,167.18177795410156,903800,0.0,0.0
2023-12-27 00:00:00-05:00,166.80124555152534,168.7333021141981,166.21576664678958,167.21107482910156,1138100,0.0,0.0
2023-12-28 00:00:00-05:00,167.33792462598694,168.24540050969847,166.46947371916076,166.87930297851562,714800,0.0,0.0
2023-12-29 00:00:00-05:00,166.937834327261,167.98191987927413,166.1864733014743,166.57679748535156,864600,0.0,0.0
2024-01-02 00:00:00-05:00,166.56706422186835,167.29890546615542,164.80088973461793,165.3083038330078,1311700,0.0,0.0
2024-01-03 00:00:00-05:00,164.03001833413438,167.03543317990489,163.01519016936834,165.25950622558594,1555900,0.0,0.0
2024-01-04 00:00:00-05:00,165.58149715535134,169.03578073013156,164.49837168973158,164.77159118652344,1323000,0.0,0.0
2024-01-05 00:00:00-05:00,165.327768936382,165.73761303679183,161.8149407461042,163.5128173828125,1778100,0.0,0.0
2024-01-08 00:00:00-05:00,162.11746603959114,163.01518948041456,160.8294332381828,162.90785217285156,1353400,0.0,0.0
2024-01-09 00:00:00-05:00,163.55187337534892,163.55187337534892,160.47814626470588,163.2884063720703,2059900,0.0,0.0
2024-01-10 00:00:00-05:00,163.77631057539048,164.60573661589217,161.08314013091587,163.09326171875,1599900,0.0,0.0
2024-01-11 00:00:00-05:00,163.93240762483507,165.35706486145813,160.5756940387932,160.67327880859375,1271600,0.0,0.0
2024-01-12 00:00:00-05:00,162.37115125323976,163.02494245279976,160.4488472994617,161.0635986328125,1126500,0.0,0.0
2024-01-16 00:00:00-05:00,160.75134358379842,161.61979443304088,159.64869822073328,159.86337280273438,1121100,0.0,0.0
2024-01-17 00:00:00-05:00,159.541379690085,160.36103825082927,157.84350276624573,158.59486389160156,1258900,0.0,0.0
2024-01-18 00:00:00-05:00,158.97540105941866,159.69748963899215,157.78493834438024,158.46798706054688,1413000,0.0,0.0
2024-01-19 00:00:00-05:00,159.19008960703312,159.6291913281412,156.61400930193955,157.15069580078125,1615200,0.0,0.0
2024-01-22 00:00:00-05:00,157.09215738339296,159.89266492581882,156.23345894975134,158.3704376220703,1718000,0.0,0.0
2024-01-23 00:00:00-05:00,158.4192260942221,160.85869668458986,158.33139383706524,158.53631591796875,1461300,0.0,0.0
2024-01-24 00:00:00-05:00,159.92191956421846,161.96131322754388,159.4535454204846,161.32705688476562,2113900,0.0,0.0
2024-01-25 00:00:00-05:00,161.68810067635232,162.65413634802982,159.79506919876914,160.26345825195312,1651500,0.0,0.0
2024-01-26 00:00:00-05:00,161.31732430752928,164.3812988866736,160.6245080829521,163.65921020507812,2102300,0.0,0.0
2024-01-29 00:00:00-05:00,161.902784049979,163.1322718802326,161.37586494825516,162.57608032226562,1416400,0.0,0.0
2024-01-30 00:00:00-05:00,161.6978586287381,163.10298103805692,161.27826198764058,162.51751708984375,1339800,0.0,0.0
2024-01-31 00:00:00-05:00,162.67364563606745,162.80048796816,159.59990409423656,160.01950073242188,1476000,0.0,0.0
2024-02-01 00:00:00-05:00,159.09250703369028,162.37115609372447,158.42897818181694,159.05348205566406,2070200,0.0,0.0
2024-02-02 00:00:00-05:00,157.4727216419571,158.89736423118063,156.21394638874193,157.89230346679688,1834100,0.0,0.0
2024-02-05 00:00:00-05:00,157.04595240097302,157.76998748559794,155.2652384450863,156.40020751953125,1571500,0.435,0.0
2024-02-06 00:00:00-05:00,156.95789637065684,157.76998552957167,156.02840176738673,156.8013458251953,1371400,0.0,0.0
2024-02-07 00:00:00-05:00,156.76222214120227,157.58409014466594,155.58812286061382,156.625244140625,1699000,0.0,0.0
2024-02-08 00:00:00-05:00,155.91101470515179,156.66438630123076,155.20655209699945,155.588134765625,1940300,0.0,0.0
2024-02-09 00:00:00-05:00,154.59011633437908,156.5371744400391,154.41400817812362,154.58033752441406,2239700,0.0,0.0
2024-02-12 00:00:00-05:00,154.6586419765313,156.27302676476265,154.57057295230416,155.4609375,2506700,0.0,0.0
2024-02-13 00:00:00-05:00,155.4609183030523,155.64682021087722,153.28882799069694,154.0813446044922,1969200,0.0,0.0
2024-02-14 00:00:00-05:00,154.17920561597373,154.53143691106393,151.72338029126456,152.23214721679688,2061600,0.0,0.0
2024-02-15 00:00:00-05:00,152.2321233514987,156.04796427168372,152.22234454159258,155.52940368652344,1862900,0.0,0.0
2024-02-16 00:00:00-05:00,155.49027738236947,158.17114963929194,154.84451754297112,156.9089813232422,1731800,0.0,0.0
2024-02-20 00:00:00-05:00,157.01661554440452,157.8287047884068,155.93057028188142,157.6232452392578,2509800,0.0,0.0
2024-02-21 00:00:00-05:00,158.16135411551988,161.3803595356481,157.64279347352664,160.98898315429688,2460800,0.0,0.0
2024-02-22 00:00:00-05:00,157.76020574783828,159.4822169488691,153.9443646054831,154.2770233154297,4450900,0.0,0.0
2024-02-23 00:00:00-05:00,154.96192396418397,156.86983701828115,154.09113211234055,154.32594299316406,4181700,0.0,0.0
2024-02-26 00:00:00-05:00,154.325968615015,154.8347504904048,151.31243739845044,151.64511108398438,2695600,0.0,0.0
2024-02-27 00:00:00-05:00,152.62351415912616,153.376885689302,149.63933461195808,149.8741455078125,2962300,0.0,0.0
2024-02-28 00:00:00-05:00,150.3829402847218,151.69401766444753,149.36539147957976,149.59042358398438,2409700,0.0,0.0
2024-02-29 00:00:00-05:00,150.21661333352287,153.45517665891535,150.0307114023037,151.85057067871094,3705500,0.0,0.0
2024-03-01 00:00:00-05:00,151.87990782621816,154.1498460356926,151.17544527358694,152.8094024658203,2705200,0.0,0.0
2024-03-04 00:00:00-05:00,153.03445296799043,153.1225070567044,149.5219338652288,149.96221923828125,3221000,0.0,0.0
2024-03-05 00:00:00-05:00,149.11097633105294,151.77227589722082,149.0229222474143,150.197021484375,2331700,0.0,0.0
2024-03-06 00:00:00-05:00,152.29084783838215,152.81920223845245,150.2851016688245,150.3829345703125,2535900,0.0,0.0
2024-03-07 00:00:00-05:00,150.43183318595013,151.74291029535726,150.2655038448594,150.8819122314453,1447300,0.0,0.0
2024-03-08 00:00:00-05:00,151.28306187979211,153.26925021663376,150.8819216460048,151.60594177246094,1665200,0.0,0.0
2024-03-11 00:00:00-04:00,151.68423603002623,153.27906314298139,151.17545417218156,153.05401611328125,1663700,0.0,0.0
2024-03-12 00:00:00-04:00,153.0833782608122,155.09891815565106,152.48654232724007,153.03445434570312,1923000,0.0,0.0
2024-03-13 00:00:00-04:00,153.6215122497587,154.72713014047017,153.03446999686,153.44540405273438,1460300,0.0,0.0
2024-03-14 00:00:00-04:00,153.76824841289195,154.7270943212936,152.92680794199396,154.58033752441406,1896300,0.0,0.0
2024-03-15 00:00:00-04:00,154.36510512014328,158.2494281166909,154.36510512014328,157.8091278076172,3822000,0.0,0.0
2024-03-18 00:00:00-04:00,157.48623383024605,158.57227886244027,156.72305373538404,157.20248413085938,1887300,0.0,0.0
2024-03-19 00:00:00-04:00,157.6525796456479,158.74840360185988,156.53718313893737,158.09286499023438,1837800,0.0,0.0
2024-03-20 00:00:00-04:00,157.38841458879978,160.00079042599256,156.65460064814508,159.2376251220703,1649300,0.0,0.0
2024-03-21 00:00:00-04:00,159.051721743678,159.23762366232359,156.16538992279203,156.23387145996094,1692400,0.0,0.0
2024-03-22 00:00:00-04:00,156.30234635406467,156.90896101162002,155.95989392703657,156.2729949951172,1491300,0.0,0.0
2024-03-25 00:00:00-04:00,156.77201415126228,157.48627050607,156.22410210282277,156.615478515625,1321300,0.0,0.0
2024-03-26 00:00:00-04:00,156.93831686630784,157.15357012440936,155.88163805496723,156.29257202148438,1608200,0.0,0.0
2024-03-27 00:00:00-04:00,156.2827949988724,157.76999541497725,155.8131582625434,157.66236877441406,1155900,0.0,0.0
2024-03-28 00:00:00-04:00,158.25917424292166,158.65053562628998,156.39039153895638,157.79931640625,1903000,0.0,0.0
2024-04-01 00:00:00-04:00,157.7993315101591,158.2298380307585,155.72508910670535,155.89141845703125,1765700,0.0,0.0
2024-04-02 00:00:00-04:00,156.20454329263814,156.5469958177835,154.34555368909594,155.17721557617188,1976900,0.0,0.0
2024-04-03 00:00:00-04:00,156.09689407769218,157.34928359837312,154.53143330343585,154.87387084960938,1291700,0.0,0.0
2024-04-04 00:00:00-04:00,155.47069419039167,156.42955507277725,151.1265285768447,151.68421936035156,2198600,0.0,0.0
2024-04-05 00:00:00-04:00,151.9092339860171,153.59211481260715,151.34174952779676,153.37686157226562,1506500,0.0,0.0
2024-04-08 00:00:00-04:00,153.25948634747726,154.0911481153822,152.55502377288272,153.10293579101562,1353900,0.0,0.0
2024-04-09 00:00:00-04:00,153.2301507792714,154.04224007895803,152.23215954080922,153.65086364746094,1149800,0.0,0.0
2024-04-10 00:00:00-04:00,152.46696503374582,155.20653997034614,152.15386393037102,154.64883422851562,1374300,0.0,0.0
2024-04-11 00:00:00-04:00,155.26523290544867,155.85227504304018,153.59213071492783,155.42178344726562,1111800,0.0,0.0
2024-04-12 00:00:00-04:00,156.06753433702173,157.67214012895337,152.69199339460553,153.40623474121094,1875400,0.0,0.0
2024-04-15 00:00:00-04:00,154.59012932276386,154.64883204644778,150.47098070031808,151.09716796875,1578500,0.0,0.0
2024-04-16 00:00:00-04:00,150.0209274274206,151.3613561471565,149.5806420383342,150.94064331054688,1803700,0.0,0.0
2024-04-17 00:00:00-04:00,151.69400673880165,154.26725232505595,150.98955911181503,153.42581176757812,1692500,0.0,0.0
2024-04-18 00:00:00-04:00,153.55301067676143,157.46668490354986,153.55301067676143,156.96768188476562,2172300,0.0,0.0
2024-04-19 00:00:00-04:00,156.97746245651246,159.4822113628189,156.61545239833757,158.4744415283203,1994600,0.0,0.0
2024-04-22 00:00:00-04:00,157.9363131986956,158.50379772282125,155.66639003167447,156.99703979492188,1624200,0.0,0.0
2024-04-23 00:00:00-04:00,156.84046727946387,157.74061038593058,155.19671665890937,155.47067260742188,1788000,0.0,0.0
2024-04-24 00:00:00-04:00,154.59011326999962,154.9521233147804,152.41802314235383,154.0226287841797,2128700,0.0,0.0
2024-04-25 00:00:00-04:00,153.74870109876193,156.55675775614557,153.74870109876193,155.92079162597656,1466100,0.0,0.0
2024-04-26 00:00:00-04:00,155.3239227878807,156.42954037004066,154.57053643095432,155.70550537109375,1286900,0.0,0.0
2024-04-29 00:00:00-04:00,156.04796962092013,158.50379464481605,155.83271635976004,158.21026611328125,1872300,0.0,0.0
2024-04-30 00:00:00-04:00,158.18091903698868,158.3081182209776,154.30639009013797,154.4140167236328,2885800,0.0,0.0
2024-05-01 00:00:00-04:00,154.41401120341882,155.8522726294594,152.96594110825933,153.64105224609375,2388600,0.0,0.0
2024-05-02 00:00:00-04:00,154.96194917058278,157.80913607006522,154.22813518968331,157.16339111328125,3159300,0.0,0.0
2024-05-03 00:00:00-04:00,158.50379828023347,160.09862522554897,151.9581760736475,154.14004516601562,3959100,0.0,0.0
2024-05-06 00:00:00-04:00,155.22610076227357,155.9990597960893,152.69200023919603,153.43560791015625,2686900,0.0,0.0
2024-05-07 00:00:00-04:00,153.72910102295612,155.56853247366342,152.2908247170487,152.93658447265625,1863500,0.0,0.0
2024-05-08 00:00:00-04:00,152.19300380685863,154.44336938927194,152.183210066788,153.73890686035156,1240400,0.0,0.0
2024-05-09 00:00:00-04:00,154.1656743022271,155.78454029689047,154.0381220219588,154.80340576171875,1420600,0.435,0.0
2024-05-10 00:00:00-04:00,155.0192748213963,155.50984214678047,152.5566322375014,154.10682678222656,1805900,0.0,0.0
2024-05-13 00:00:00-04:00,154.106815631055,154.88190536186875,151.70302393386967,151.82077026367188,1852200,0.0,0.0
2024-05-14 00:00:00-04:00,152.56644896413835,154.45022583007812,152.56644896413835,154.45022583007812,1701000,0.0,0.0
2024-05-15 00:00:00-04:00,154.30307290430443,154.6464610988906,152.97853494695087,153.1747589111328,1646000,0.0,0.0
2024-05-16 00:00:00-04:00,153.73400031202232,156.1672102042353,153.53777636394392,154.96041870117188,1264400,0.0,0.0
2024-05-17 00:00:00-04:00,155.50984737781488,157.5898481167142,155.078145721607,157.13853454589844,1509700,0.0,0.0
2024-05-20 00:00:00-04:00,157.13851788543687,158.04115990229383,155.81398021440705,156.78530883789062,966100,0.0,0.0
2024-05-21 00:00:00-04:00,156.38305257353045,157.82532171877583,155.50984332655906,156.83438110351562,1336400,0.0,0.0
2024-05-22 00:00:00-04:00,156.0102332118699,158.32571185044864,155.0487253363795,155.8925018310547,1382800,0.0,0.0
2024-05-23 00:00:00-04:00,155.85325214494995,157.65853638905742,154.05777385824956,154.1460723876953,1393500,0.0,0.0
2024-05-24 00:00:00-04:00,154.29325597988205,154.78382338853467,152.92947918266498,154.01853942871094,1038000,0.0,0.0
2024-05-28 00:00:00-04:00,154.4305976062864,155.89249371599848,152.47814911173745,153.23361206054688,1776800,0.0,0.0
2024-05-29 00:00:00-04:00,152.74306047821185,154.02835965862388,150.14305921253492,150.9672088623047,1565700,0.0,0.0
2024-05-30 00:00:00-04:00,150.947584348784,152.71361488779561,150.6826737795611,152.53701782226562,1290800,0.0,0.0
2024-05-31 00:00:00-04:00,152.70381392839326,154.8917402582226,151.91890312373607,154.81324768066406,3980700,0.0,0.0
2024-06-03 00:00:00-04:00,154.1656880535406,157.68795775596547,153.82228494722958,157.5800323486328,1851100,0.0,0.0
2024-06-04 00:00:00-04:00,157.06003898595733,158.52193502649226,156.16720284769255,157.8351287841797,1693200,0.0,0.0
2024-06-05 00:00:00-04:00,157.61929901193363,159.3166729883291,156.42231336296535,156.9815673828125,1623900,0.0,0.0
2024-06-06 00:00:00-04:00,156.56946894084763,157.67815588390096,155.80418511300113,157.56040954589844,1235200,0.0,0.0
2024-06-07 00:00:00-04:00,157.2072102830989,159.53250972442714,156.26532934586746,156.57928466796875,1351700,0.0,0.0
2024-06-10 00:00:00-04:00,156.56948040320046,156.78533123925965,154.61701692100254,154.98985290527344,1880000,0.0,0.0
2024-06-11 00:00:00-04:00,154.55815397423802,155.66684101812015,153.75363127450834,154.4011688232422,1231100,0.0,0.0
2024-06-12 00:00:00-04:00,155.01925259284332,156.9618947309454,154.78377492089098,155.4705810546875,1277700,0.0,0.0
2024-06-13 00:00:00-04:00,155.47060586028306,156.96191977448257,154.52870999311716,156.2162628173828,1242200,0.0,0.0
2024-06-14 00:00:00-04:00,156.21627165725468,156.67740617433603,152.32116561267344,152.9392852783203,1378700,0.0,0.0
2024-06-17 00:00:00-04:00,152.12493051272187,152.90984122709315,151.8992737350279,152.16416931152344,1233400,0.0,0.0
2024-06-18 00:00:00-04:00,154.51889981161318,160.37627480889245,154.28342210852767,158.0706024169922,2933300,0.0,0.0
2024-06-20 00:00:00-04:00,157.77626690548948,162.62307466335346,157.71740121951174,160.83740234375,2369100,0.0,0.0
2024-06-21 00:00:00-04:00,160.79819387430203,162.73103077343524,159.92498443542434,161.8087615966797,4375300,0.0,0.0
2024-06-24 00:00:00-04:00,162.62307195287391,165.25250568890257,162.5642062678773,162.82911682128906,2140700,0.0,0.0
2024-06-25 00:00:00-04:00,162.82912991953097,167.08725114732212,162.13251765887142,166.57705688476562,3161200,0.0,0.0
2024-06-26 00:00:00-04:00,167.60724993329262,168.21554868321968,165.3212041857264,167.8427276611328,2759000,0.0,0.0
2024-06-27 00:00:00-04:00,168.50989311404155,169.91290861884366,167.96046005003714,168.95140075683594,2292700,0.0,0.0
2024-06-28 00:00:00-04:00,171.4238586401064,172.24800820786467,169.49102205345787,171.5317840576172,7051100,0.0,0.0
2024-07-01 00:00:00-04:00,172.0518055659838,172.12047721967082,168.82387854038535,169.8148193359375,2103600,0.0,0.0
2024-07-02 00:00:00-04:00,171.67895101534964,172.16951838078344,169.68724870936268,171.15895080566406,1674600,0.0,0.0
2024-07-03 00:00:00-04:00,171.12953628129662,171.83595456081952,170.03067005578524,170.78614807128906,983400,0.0,0.0
2024-07-05 00:00:00-04:00,170.11895310618064,171.36499842616422,169.62838573290358,170.89404296875,1388700,0.0,0.0
2024-07-08 00:00:00-04:00,170.75665975874048,172.62082448743087,170.60949555662654,172.09100341796875,1347500,0.0,0.0
2024-07-09 00:00:00-04:00,172.67970684187367,174.73027476759833,171.86536324605126,172.6600799560547,1622900,0.0,0.0
2024-07-10 00:00:00-04:00,172.26763919038484,172.4148034127955,170.74687735145324,171.62008666992188,2097900,0.0,0.0
2024-07-11 00:00:00-04:00,171.50234280198745,173.77856744476048,171.3355517050929,173.08197021484375,1389700,0.0,0.0
2024-07-12 00:00:00-04:00,173.6608635257875,175.08350602376203,173.31746034965292,174.21029663085938,1411100,0.0,0.0
2024-07-15 00:00:00-04:00,175.35821708651483,175.94690394976482,173.59217146769373,174.30841064453125,1529900,0.0,0.0
2024-07-16 00:00:00-04:00,174.64199384934483,176.38841259016397,173.4646350872429,175.3091583251953,1420800,0.0,0.0
2024-07-17 00:00:00-04:00,176.11368200775638,178.90992194444001,175.6034877621694,178.14463806152344,1731200,0.0,0.0
2024-07-18 00:00:00-04:00,176.60424503320252,181.1370825316913,176.60424503320252,178.595947265625,2371800,0.0,0.0
2024-07-19 00:00:00-04:00,178.22313196205747,178.95898306837634,177.44804205061038,178.4978485107422,1275300,0.0,0.0
2024-07-22 00:00:00-04:00,178.17408048669125,178.65482694331558,176.39821397475689,177.48727416992188,1364400,0.0,0.0
2024-07-23 00:00:00-04:00,177.57558580493765,177.95822776293795,172.9642404509233,173.54312133789062,1456800,0.0,0.0
2024-07-24 00:00:00-04:00,173.3174246674966,173.93554426891018,171.55139432790264,171.61026000976562,1427700,0.0,0.0
2024-07-25 00:00:00-04:00,171.76726579824066,173.76877407690816,171.37480292041408,173.0231170654297,1232900,0.0,0.0
2024-07-26 00:00:00-04:00,173.41555650025964,174.53404944829833,172.18913813745723,173.38612365722656,1231700,0.0,0.0
2024-07-29 00:00:00-04:00,173.6804654181483,175.34839138162124,173.34686824871198,174.3280029296875,1658200,0.0,0.0
2024-07-30 00:00:00-04:00,174.4653719321691,179.6555676816332,174.4653719321691,178.4487762451172,2223900,0.0,0.0
2024-07-31 00:00:00-04:00,179.60654811826933,180.61711584351107,178.01711440884648,179.19447326660156,1529500,0.0,0.0
2024-08-01 00:00:00-04:00,179.19446274225203,179.65559730485361,175.79972968132344,176.36878967285156,1150900,0.0,0.0
2024-08-02 00:00:00-04:00,174.57327012694992,175.73101672613655,171.98307541242605,173.2193145751953,1926600,0.0,0.0
2024-08-05 00:00:00-04:00,167.4698845809165,171.84573696553522,164.49704763328475,168.9906463623047,2000700,0.0,0.0
2024-08-06 00:00:00-04:00,171.32571837317778,174.36724160933193,171.16874821571193,173.1408233642578,1395500,0.0,0.0
2024-08-07 00:00:00-04:00,174.74991830650433,177.4382330246503,174.08273886342576,174.30841064453125,2036400,0.0,0.0
2024-08-08 00:00:00-04:00,175.82917202032257,177.34011300728386,172.48349879878052,176.8986053466797,2305600,0.0,0.0
2024-08-09 00:00:00-04:00,178.48693306985916,181.29976505981557,177.0313462030756,180.14906311035156,1645200,0.435,0.0
2024-08-12 00:00:00-04:00,180.9653680028564,181.5948121608419,179.73598370935875,180.2277374267578,1358200,0.0,0.0
2024-08-13 00:00:00-04:00,179.8835138845717,180.64081885372767,178.27056220155808,178.90985107421875,1083900,0.0,0.0
2024-08-14 00:00:00-04:00,178.92952061444603,181.32928142748003,178.31975073829727,181.08340454101562,1451800,0.0,0.0
2024-08-15 00:00:00-04:00,181.94888140365654,182.74552005082316,181.38827494401605,181.59481811523438,1050700,0.0,0.0
2024-08-16 00:00:00-04:00,180.8276757053699,182.68650413776496,180.71948928836775,181.92919921875,1397500,0.0,0.0
2024-08-19 00:00:00-04:00,182.23411074366655,184.260148940541,182.23411074366655,183.0209197998047,1015700,0.0,0.0
2024-08-20 00:00:00-04:00,182.43080649771332,183.3749652674281,179.8835107382223,180.05072021484375,1079600,0.0,0.0
2024-08-21 00:00:00-04:00,180.79818598991497,180.9457061124402,177.700128352683,178.85084533691406,1359500,0.0,0.0
2024-08-22 00:00:00-04:00,178.65412952230116,180.44412035719105,178.48693504988836,178.90985107421875,917200,0.0,0.0
2024-08-23 00:00:00-04:00,179.74583483984037,181.3784609782258,179.46062425283773,180.92605590820312,914300,0.0,0.0
2024-08-26 00:00:00-04:00,182.13578295621988,184.3486751547669,180.96540645895774,181.28013610839844,1052200,0.0,0.0
2024-08-27 00:00:00-04:00,181.74236301246071,182.58818014973087,180.3261246728052,181.1522674560547,1005700,0.0,0.0
2024-08-28 00:00:00-04:00,180.59164540662266,180.98505741756648,178.604971028108,179.50979614257812,933500,0.0,0.0
2024-08-29 00:00:00-04:00,179.745824719455,181.3292723896487,179.41143577224224,180.85719299316406,936800,0.0,0.0
2024-08-30 00:00:00-04:00,179.90318594855825,182.4209626893287,179.45078091299052,182.20458984375,1785900,0.0,0.0
2024-09-03 00:00:00-04:00,181.25059528965843,181.8407058078719,178.22140531708868,179.86386108398438,1289000,0.0,0.0
2024-09-04 00:00:00-04:00,179.86383743288377,182.30293157364653,177.39522426367145,178.09352111816406,1485800,0.0,0.0
2024-09-05 00:00:00-04:00,178.9688599991969,179.2639152490139,177.72964595852557,178.2902374267578,1077300,0.0,0.0
2024-09-06 00:00:00-04:00,178.7623207349588,180.3851171409056,176.72646798021387,177.66079711914062,1509800,0.0,0.0
2024-09-09 00:00:00-04:00,177.52310938360358,177.9558550984779,172.66457977827932,175.5462646484375,2199600,0.0,0.0
2024-09-10 00:00:00-04:00,176.04786016882775,176.67730443171584,173.6087655260284,174.83815002441406,1081700,0.0,0.0
2024-09-11 00:00:00-04:00,174.08084825423333,175.26105439351292,172.25152348585257,173.69728088378906,964500,0.0,0.0
2024-09-12 00:00:00-04:00,174.5725946269191,175.69379266254748,173.64809510493643,174.28738403320312,924100,0.0,0.0
2024-09-13 00:00:00-04:00,175.11352308512053,176.51010201169404,174.6217693078566,176.09703063964844,1083000,0.0,0.0
2024-09-16 00:00:00-04:00,177.277236269326,180.27693730471373,177.13954581231482,179.539306640625,1705500,0.0,0.0
2024-09-17 00:00:00-04:00,179.76548904512214,179.76548904512214,176.96248683261695,177.8083038330078,1135700,0.0,0.0
2024-09-18 00:00:00-04:00,178.49678985392208,179.5589798040286,176.19537079179082,177.1297149658203,1331400,0.0,0.0
2024-09-19 00:00:00-04:00,179.70648882810437,180.49329781739237,177.70996983447682,179.0672149658203,1935000,0.0,0.0
2024-09-20 00:00:00-04:00,177.27723925216563,177.87717946933768,175.98884673835383,177.68048095703125,5874600,0.0,0.0
2024-09-23 00:00:00-04:00,177.68048117092437,179.40161941816294,177.27723946557333,179.32293701171875,1758900,0.0,0.0
2024-09-24 00:00:00-04:00,180.6703187844539,180.6703187844539,176.41172964917845,177.69029235839844,1809400,0.0,0.0
2024-09-25 00:00:00-04:00,178.0148822650214,179.49014372025638,176.10687504844248,176.7658233642578,1140700,0.0,0.0
2024-09-26 00:00:00-04:00,175.79216006730127,176.500286765011,174.68079163756377,175.3299102783203,1007900,0.0,0.0
2024-09-27 00:00:00-04:00,175.43809593062673,177.18873831234345,174.63161247019283,176.66748046875,685700,0.0,0.0
2024-09-30 00:00:00-04:00,176.53960395703578,176.99202402992543,174.9168225140448,176.87399291992188,1155600,0.0,0.0
2024-10-01 00:00:00-04:00,175.11352173703966,178.65413990180272,174.85780017026508,178.30992126464844,1280000,0.0,0.0
2024-10-02 00:00:00-04:00,179.63764015829693,181.8603767287765,179.24424315833375,181.4669647216797,1187800,0.0,0.0
2024-10-03 00:00:00-04:00,181.5161261411594,184.53550110913022,180.66047949225074,184.09291076660156,1254900,0.0,0.0
2024-10-04 00:00:00-04:00,185.21415247318382,185.6173791707809,183.74872079378903,185.33216857910156,1227100,0.0,0.0
2024-10-07 00:00:00-04:00,185.61738442766674,187.90895892765457,185.16497933741311,186.90577697753906,1193600,0.0,0.0
2024-10-08 00:00:00-04:00,185.784567153759,186.01078469169605,183.1782781917369,184.8404083251953,1240500,0.0,0.0
2024-10-09 00:00:00-04:00,185.10595621589653,188.20399888888485,184.59452810550616,187.83026123046875,1148800,0.0,0.0
2024-10-10 00:00:00-04:00,188.34171199657192,189.97433827146622,187.80077979619904,188.62692260742188,1167300,0.0,0.0
2024-10-11 00:00:00-04:00,188.46954826440384,188.78426286276024,187.00411667721664,187.6827392578125,1164000,0.0,0.0
2024-10-14 00:00:00-04:00,187.849940640507,188.14499590471996,185.25348132827435,185.65672302246094,991100,0.0,0.0
2024-10-15 00:00:00-04:00,182.93239299316113,183.4143170654423,180.3752675183604,180.7588348388672,1636800,0.0,0.0
2024-10-16 00:00:00-04:00,180.58182875329416,181.55550666755312,179.04755931783265,179.56881713867188,1344900,0.0,0.0
2024-10-17 00:00:00-04:00,180.69983997669578,182.42097820840925,179.17540025575127,179.43112182617188,1530400,0.0,0.0
2024-10-18 00:00:00-04:00,179.43111858502215,180.64082866117724,178.0541990202427,179.18524169921875,1278900,0.0,0.0
2024-10-21 00:00:00-04:00,179.99171707759515,181.16209350065571,177.64113455822812,178.08372497558594,1086900,0.0,0.0
2024-10-22 00:00:00-04:00,177.9066662799938,179.45078021680283,177.83782856055842,179.38192749023438,1217700,0.0,0.0
2024-10-23 00:00:00-04:00,178.26072961310717,179.91301496554547,177.78865022771524,179.84417724609375,1510000,0.0,0.0
2024-10-24 00:00:00-04:00,179.8441741366958,184.30929138708086,179.8441741366958,183.29627990722656,1838000,0.0,0.0
2024-10-25 00:00:00-04:00,182.94220995701767,183.95522139996288,181.48662317609882,181.88002014160156,1849900,0.0,0.0
2024-10-28 00:00:00-04:00,179.4901172370039,181.32927144421816,178.9295107633054,180.55230712890625,2242800,0.0,0.0
2024-10-29 00:00:00-04:00,180.55232402588908,180.74902254121236,178.99838024270613,179.51963806152344,1378400,0.0,0.0
2024-10-30 00:00:00-04:00,179.53929224481058,181.10306552558006,178.59511846734364,178.919677734375,1792500,0.0,0.0
2024-10-31 00:00:00-04:00,179.27373940161652,189.65957582403843,179.27373940161652,188.22366333007812,3706000,0.0,0.0
2024-11-01 00:00:00-04:00,187.51555729397717,189.33503729803948,183.9159159784618,184.45684814453125,2041100,0.0,0.0
2024-11-04 00:00:00-05:00,185.8435918567003,186.32550094801846,182.37179642468666,185.65672302246094,1675100,0.0,0.0
2024-11-05 00:00:00-05:00,186.21733004020894,190.4169117992524,185.75508025607573,189.40390014648438,1669100,0.0,0.0
2024-11-06 00:00:00-05:00,192.22652764008328,197.0162191149471,192.22652764008328,194.65579223632812,3282500,0.0,0.0
2024-11-07 00:00:00-05:00,196.23925627907988,199.4356557518853,195.37376485031433,198.65869140625,2225800,0.0,0.0
2024-11-08 00:00:00-05:00,199.4080271603035,203.28279643709945,199.39817309409537,202.77996826171875,2087100,0.5,0.0
2024-11-11 00:00:00-05:00,205.57019571839297,212.80705175557506,204.64340202124356,211.8605499267578,2646900,0.0,0.0
2024-11-12 00:00:00-05:00,212.59999995316937,214.88739179026442,210.58865734437725,211.07177734375,2320000,0.0,0.0
2024-11-13 00:00:00-05:00,212.32394682890734,212.72817414945456,206.84206230442504,207.0491180419922,2148000,0.0,0.0
2024-11-14 00:00:00-05:00,207.20686272521735,208.50830643445715,204.50535943155924,207.81814575195312,1911600,0.0,0.0
2024-11-15 00:00:00-05:00,207.19699024690163,209.54355157363946,206.80261701884663,209.31678771972656,1598800,0.0,0.0
2024-11-18 00:00:00-05:00,210.7562667755269,212.14645724896693,208.6562074895718,211.73236083984375,1483000,0.0,0.0
2024-11-19 00:00:00-05:00,211.23939528343632,217.20438471688448,210.2534471140854,216.94802856445312,2163300,0.0,0.0
2024-11-20 00:00:00-05:00,217.0071911826439,217.68748276056127,214.98599449095192,217.5395965576172,1525600,0.0,0.0
2024-11-21 00:00:00-05:00,218.38752657266608,222.10455550373212,215.48883645394685,221.8284912109375,1981700,0.0,0.0
2024-11-22 00:00:00-05:00,220.35940846214308,222.27215025365714,217.95369260248103,219.47206115722656,1504000,0.0,0.0
2024-11-25 00:00:00-05:00,220.97068272632993,221.0495603794294,213.8225590217572,215.15359497070312,2542500,0.0,0.0
2024-11-26 00:00:00-05:00,216.7804021870198,219.12696346032212,215.44938128936326,218.78187561035156,1314100,0.0,0.0
2024-11-27 00:00:00-05:00,219.32416984154472,221.63128497429756,216.9480311148258,218.6537322998047,1174600,0.0,0.0
2024-11-29 00:00:00-05:00,219.57065395962903,221.91721541318714,219.37346733494456,220.86224365234375,860300,0.0,0.0
2024-12-02 00:00:00-05:00,220.95098910823984,221.3946627722373,217.15508266702537,219.44248962402344,1172700,0.0,0.0
2024-12-03 00:00:00-05:00,220.31011806292372,221.56227646537425,218.4466766023774,219.9748992919922,928300,0.0,0.0
2024-12-04 00:00:00-05:00,220.61575576992726,221.34536282729292,218.47625005928245,220.57632446289062,1175600,0.0,0.0
2024-12-05 00:00:00-05:00,221.5326950768363,224.89478192218212,220.99042057849422,222.7454071044922,1634000,0.0,0.0
2024-12-06 00:00:00-05:00,222.88343301452338,224.61871136070627,218.41708916605197,218.81146240234375,1286300,0.0,0.0
2024-12-09 00:00:00-05:00,217.5494390184585,218.5353871038254,210.8745813124737,211.27880859375,2079900,0.0,0.0
2024-12-10 00:00:00-05:00,212.05773890032782,212.99438667367446,209.4745594519796,209.83935546875,1432600,0.0,0.0
2024-12-11 00:00:00-05:00,210.00694260731157,213.26057430446866,209.81961006361368,212.176025390625,1942600,0.0,0.0
2024-12-12 00:00:00-05:00,211.7717844507391,213.37888465785525,210.65767333490382,211.61404418945312,1235000,0.0,0.0
2024-12-13 00:00:00-05:00,212.2647765568469,212.42253187592846,209.43511010105678,210.0661163330078,1202500,0.0,0.0
2024-12-16 00:00:00-05:00,209.5041387382538,210.726704879629,206.9406673967804,207.58152770996094,1618900,0.0,0.0
2024-12-17 00:00:00-05:00,206.06315783069667,207.8674447021947,204.39690309472655,207.71954345703125,1571700,0.0,0.0
2024-12-18 00:00:00-05:00,207.54209181205897,208.92241324579047,202.59262773789263,203.74618530273438,1853000,0.0,0.0
2024-12-19 00:00:00-05:00,205.7279379215415,206.35894411531416,200.54184119223473,203.04615783691406,2335200,0.0,0.0
2024-12-20 00:00:00-05:00,202.77008852560294,207.2758634899511,201.89259532413806,205.95469665527344,2600500,0.0,0.0
2024-12-23 00:00:00-05:00,205.7180522755168,206.53639095303623,203.46023788621483,206.43780517578125,1377600,0.0,0.0
2024-12-24 00:00:00-05:00,207.23642387863444,207.98573898370464,205.27438183518797,207.53221130371094,557500,0.0,0.0
2024-12-26 00:00:00-05:00,207.60124122155565,207.9167518526256,206.0631645060269,207.31532287597656,1039800,0.0,0.0
2024-12-27 00:00:00-05:00,206.8617859073554,208.4886094362391,206.07302435193077,207.52236938476562,686500,0.0,0.0
2024-12-30 00:00:00-05:00,209.79989419584328,211.9788461643128,207.4040474814254,210.0759735107422,1186500,0.0,0.0
2024-12-31 00:00:00-05:00,210.16472968956677,212.81693285268256,210.16472968956677,211.85069274902344,1167000,0.0,0.0
2025-01-02 00:00:00-05:00,214.4437075204247,219.07766049015225,213.40845902696861,217.50015258789062,2126200,0.0,0.0
2025-01-03 00:00:00-05:00,218.8804783720995,221.60168971426444,218.34807301720548,219.35372924804688,1417400,0.0,0.0
2025-01-06 00:00:00-05:00,220.60590129960366,222.35103375918084,219.6199531373708,220.76365661621094,1458900,0.0,0.0
2025-01-07 00:00:00-05:00,221.17774738899055,222.7848476665764,218.51569042783964,220.3692626953125,1074300,0.0,0.0
2025-01-08 00:00:00-05:00,219.03822855253227,222.36086876018243,217.6283149783466,222.02565002441406,1373700,0.0,0.0
2025-01-10 00:00:00-05:00,224.77644821195568,226.40327163677415,220.5270142213493,222.05523681640625,1634900,0.0,0.0
2025-01-13 00:00:00-05:00,222.50875276002623,226.87651052424403,220.96082211637466,226.21592712402344,1788800,0.0,0.0
2025-01-14 00:00:00-05:00,226.55115134630432,239.99948271763412,226.55115134630432,239.6741180419922,3168000,0.0,0.0
2025-01-15 00:00:00-05:00,240.8868501091452,245.11656089298026,239.8220243421353,242.4249267578125,2478700,0.0,0.0
2025-01-16 00:00:00-05:00,242.05025628220446,250.6280016629638,241.0643081914419,250.09559631347656,2807800,0.0,0.0
2025-01-17 00:00:00-05:00,251.39702729019015,254.0295067544237,247.85747743353096,249.20822143554688,2503800,0.0,0.0
2025-01-21 00:00:00-05:00,248.93218132192797,250.95337801087823,244.85035663808736,246.1222381591797,3401500,0.0,0.0
2025-01-22 00:00:00-05:00,240.57134382943948,241.557291959888,229.52872777729095,230.0808563232422,4850500,0.0,0.0
2025-01-23 00:00:00-05:00,232.6541882052288,233.42322656544246,229.48928799636877,230.99778747558594,3085300,0.0,0.0
2025-01-24 00:00:00-05:00,232.3386654172721,235.54299676530442,227.70471232283862,228.6019287109375,2583900,0.0,0.0
2025-01-27 00:00:00-05:00,227.33992119193334,227.50753056839224,218.76217548598694,221.30592346191406,3318700,0.0,0.0
2025-01-28 00:00:00-05:00,223.1989422292463,224.6187099419283,219.86643273944415,223.2876739501953,2410800,0.0,0.0
2025-01-29 00:00:00-05:00,222.8341283342341,226.90609886848327,222.03551276718386,224.83560180664062,1439900,0.0,0.0
2025-01-30 00:00:00-05:00,226.5610133947437,228.03993558466235,225.04265989928535,226.9652557373047,1503900,0.0,0.0
2025-01-31 00:00:00-05:00,228.08923724325285,228.58221130924642,220.25095260283007,220.50729370117188,2094900,0.0,0.0
2025-02-03 00:00:00-05:00,219.7678406238407,226.98498843471654,218.54527452395197,226.33425903320312,1765700,0.0,0.0
2025-02-04 00:00:00-05:00,225.3680432321922,226.71878746320508,222.3707522544602,224.80604553222656,1568000,0.0,0.0
2025-02-05 00:00:00-05:00,226.34412095423667,228.7991221861192,225.34830370781071,227.3497772216797,1465800,0.0,0.0
2025-02-06 00:00:00-05:00,227.75401619824282,230.01183077825908,211.2098079134529,215.5479736328125,3594700,0.0,0.0
2025-02-07 00:00:00-05:00,215.95316859993866,216.84255007960772,210.92319173877695,214.90567016601562,2709500,0.5,0.0
2025-02-10 00:00:00-05:00,216.07173397538105,220.91396358539615,213.20593600043094,218.89801025390625,2321800,0.0,0.0
2025-02-11 00:00:00-05:00,221.34877568831374,221.34877568831374,214.2040190438677,216.61524963378906,1680100,0.0,0.0
2025-02-12 00:00:00-05:00,215.706114369173,216.6152642288017,204.1638482429001,206.85177612304688,4443500,0.0,0.0
2025-02-13 00:00:00-05:00,206.53552338865876,209.104870859488,205.4188432455802,207.51385498046875,2578400,0.0,0.0
2025-02-14 00:00:00-05:00,207.8597027051312,214.09529384060147,207.48419385443376,211.00221252441406,2744300,0.0,0.0
2025-02-18 00:00:00-05:00,211.47656387202628,213.9569611320418,210.5476457115594,213.1071014404297,2025100,0.0,0.0
2025-02-19 00:00:00-05:00,213.11699320716184,218.77942221488962,213.11699320716184,216.22984313964844,2886900,0.0,0.0
2025-02-20 00:00:00-05:00,215.5578729339426,225.60794914522629,211.01210889891365,224.2442169189453,3634300,0.0,0.0
2025-02-21 00:00:00-05:00,222.979323569662,223.33507916617853,217.44535097470737,218.55215454101562,2488000,0.0,0.0
2025-02-24 00:00:00-05:00,218.54225605166255,221.39817739026918,216.05198203189008,217.18841552734375,1542500,0.0,0.0
2025-02-25 00:00:00-05:00,216.52631456016528,217.34652923341542,209.3222829093155,213.4925079345703,2706700,0.0,0.0
2025-02-26 00:00:00-05:00,213.71981752541234,216.66467409606187,213.2355900203648,216.40774536132812,1800900,0.0,0.0
2025-02-27 00:00:00-05:00,216.7832604010142,220.44952000553366,214.9649606602462,217.33665466308594,2027700,0.0,0.0
2025-02-28 00:00:00-05:00,216.81289190467334,227.04085369574338,216.35832453730148,225.86488342285156,4031400,0.0,0.0
2025-03-03 00:00:00-05:00,226.17123916434886,227.28791941977775,216.822796661942,218.24581909179688,2261000,0.0,0.0
2025-03-04 00:00:00-05:00,214.13484884425787,220.97324814839897,212.2572441154601,217.38604736328125,2486600,0.0,0.0
2025-03-05 00:00:00-05:00,215.2119901498493,217.27734176066997,212.47464909217007,214.9945831298828,2075500,0.0,0.0
2025-03-06 00:00:00-05:00,212.71183239699909,216.52631696323098,210.24131169552408,212.8699493408203,1831000,0.0,0.0
2025-03-07 00:00:00-05:00,213.89767363606964,219.550226057202,211.13068750814602,217.60345458984375,2749100,0.0,0.0
2025-03-10 00:00:00-04:00,217.40582928460617,217.83075162217222,208.2451339831234,211.87185668945312,2409700,0.0,0.0
2025-03-11 00:00:00-04:00,211.9113853843373,214.75743004802925,208.23524938668908,208.87757873535156,2394700,0.0,0.0
2025-03-12 00:00:00-04:00,210.56741928286155,214.88588458320666,209.2432238243791,212.62289428710938,1579000,0.0,0.0
2025-03-13 00:00:00-04:00,212.7513550335066,215.715979888375,207.23716607284973,209.0554656982422,2600000,0.0,0.0
2025-03-14 00:00:00-04:00,211.61492174550784,217.1982925294574,211.12081760254375,215.95315551757812,1585700,0.0,0.0
2025-03-17 00:00:00-04:00,216.01243666131333,220.72619421216862,215.55786931276361,219.89610290527344,1313400,0.0,0.0
2025-03-18 00:00:00-04:00,221.9713296469049,225.47947190840813,219.8565646202384,221.38829040527344,2189600,0.0,0.0
2025-03-19 00:00:00-04:00,221.38828780792045,225.3806574877094,221.38828780792045,224.590087890625,1365500,0.0,0.0
2025-03-20 00:00:00-04:00,223.8489383105135,228.33539715683816,222.00097861866877,227.5151824951172,1439700,0.0,0.0
2025-03-21 00:00:00-04:00,227.28789170060594,227.3867185546288,224.1552734375,224.1552734375,2394700,0.0,0.0
2025-03-24 00:00:00-04:00,227.0606084457066,231.63600228119375,225.80557977585605,230.83555603027344,1551200,0.0,0.0
2025-03-25 00:00:00-04:00,230.10429578358386,233.55313290672072,226.92226402970545,229.26431274414062,1770000,0.0,0.0
2025-03-26 00:00:00-04:00,231.98189698423437,232.79223502305538,227.57448135890814,229.70901489257812,1191600,0.0,0.0
2025-03-27 00:00:00-04:00,227.68317022957652,230.2525176599009,221.72427580717635,224.11573791503906,2259500,0.0,0.0
2025-03-28 00:00:00-04:00,223.36469353325677,223.95762447230754,220.7459478899796,223.5623321533203,1330600,0.0,0.0
2025-03-31 00:00:00-04:00,221.19065798620684,229.52124643065662,219.81704909963395,228.67138671875,2180700,0.0,0.0
2025-04-01 00:00:00-04:00,227.57446352853762,228.8887822658619,222.85082946027848,228.2266845703125,1451000,0.0,0.0
2025-04-02 00:00:00-04:00,226.07239974730547,232.84161703800436,225.95380450673676,231.85340881347656,1403900,0.0,0.0
2025-04-03 00:00:00-04:00,222.34686574623498,229.21491036129075,217.09948212724174,217.47500610351562,2911400,0.0,0.0
2025-04-04 00:00:00-04:00,206.53551890248733,209.25309151962531,192.13731783492483,194.924072265625,4977400,0.0,0.0
2025-04-07 00:00:00-04:00,188.26356191278967,207.1679919295472,186.4749072633766,199.8157196044922,4590500,0.0,0.0
2025-04-08 00:00:00-04:00,211.72362384928755,215.77528382613946,200.68533917848703,202.74081420898438,4298800,0.0,0.0
2025-04-09 00:00:00-04:00,200.40864418499783,219.0857748304667,196.76215318305822,215.26141357421875,4325300,0.0,0.0
2025-04-10 00:00:00-04:00,210.81444286776528,215.9037087222678,204.21320469689636,210.33021545410156,2874400,0.0,0.0
2025-04-11 00:00:00-04:00,210.48835827312976,218.7300114992636,209.90531902172245,217.712158203125,2731700,0.0,0.0
2025-04-14 00:00:00-04:00,222.4555690162968,222.47533740420047,215.57763267542964,219.03636169433594,1643100,0.0,0.0
2025-04-15 00:00:00-04:00,220.63725052462317,225.99333719529508,219.9059710232998,224.2738494873047,1749300,0.0,0.0
2025-04-16 00:00:00-04:00,224.38255898698588,228.31562353250115,222.92989167807232,224.76795959472656,1395100,0.0,0.0
2025-04-17 00:00:00-04:00,226.2898108456986,231.70518779173335,225.72652490970182,228.72079467773438,2011300,0.0,0.0
2025-04-21 00:00:00-04:00,226.9222590650596,227.28789128232177,219.19446352360745,220.7064208984375,2097700,0.0,0.0
2025-04-22 00:00:00-04:00,224.28376303510717,230.95416907891558,222.83109562370217,227.09027099609375,2303300,0.0,0.0
2025-04-23 00:00:00-04:00,230.1141788221208,231.9324784236823,221.1511225571865,225.40042114257812,2182100,0.0,0.0
2025-04-24 00:00:00-04:00,227.93022035653607,231.50754437354686,226.92225882694757,229.5311279296875,1365300,0.0,0.0
2025-04-25 00:00:00-04:00,228.45398805873788,230.63793504124178,227.94013059838807,230.43040466308594,1169700,0.0,0.0
2025-04-28 00:00:00-04:00,229.89675940885223,235.91494384216568,229.34336521896512,234.79827880859375,1416800,0.0,0.0
2025-04-29 00:00:00-04:00,232.13011566985625,235.96436856746925,230.93439211206595,235.02557373046875,1170400,0.0,0.0
2025-04-30 00:00:00-04:00,228.0389172434004,231.09249202044222,222.99906450519862,228.38479614257812,2663500,0.0,0.0
2025-05-01 00:00:00-04:00,225.80557026884372,231.6162392217849,225.80557026884372,227.77210998535156,1288800,0.0,0.0
2025-05-02 00:00:00-04:00,230.33159224851394,233.26657210423073,228.5528142937065,233.00962829589844,1707400,0.0,0.0
2025-05-05 00:00:00-04:00,231.24073634819092,233.68161199373077,229.23467475626555,232.73292541503906,1305600,0.0,0.0
2025-05-06 00:00:00-04:00,233.72111195345053,235.19354757463944,229.59040898600097,231.69529724121094,1718500,0.0,0.0
2025-05-07 00:00:00-04:00,231.74469530511993,236.6462145219608,231.74469530511993,235.944580078125,1956100,0.0,0.0
2025-05-08 00:00:00-04:00,233.46420513159813,241.17223269774703,232.8119840507164,234.51170349121094,2495500,0.0,0.0
2025-05-09 00:00:00-04:00,236.68044395635465,236.9082075166141,229.87712389646376,231.53091430664062,2580000,0.5,0.0
2025-05-12 00:00:00-04:00,236.1853018030039,236.33383997369478,225.49011530299225,228.24313354492188,2022100,0.0,0.0
2025-05-13 00:00:00-04:00,229.63944880847717,233.49169477878812,228.91653787249095,230.46139526367188,1770400,0.0,0.0
2025-05-14 00:00:00-04:00,231.13480526877274,232.40238143129937,228.61946307114323,230.98626708984375,1729600,0.0,0.0
2025-05-15 00:00:00-04:00,229.55032785723645,233.74916795904156,229.47110246333654,233.43228149414062,1323700,0.0,0.0
2025-05-16 00:00:00-04:00,233.10546065407456,234.30372384776118,231.41205012775166,232.78857421875,1460400,0.0,0.0
2025-05-19 00:00:00-04:00,230.9367426546621,232.0656781140058,228.97596319594922,230.9466552734375,1275400,0.0,0.0
2025-05-20 00:00:00-04:00,230.33264125185377,232.0161392241392,230.0355498189333,230.68914794921875,1404800,0.0,0.0
2025-05-21 00:00:00-04:00,229.6493631357739,230.10490540251902,226.33188454909686,227.08450317382812,1556900,0.0,0.0
2025-05-22 00:00:00-04:00,225.77729396412113,227.09438772765392,222.84601500508535,226.292236328125,1506000,0.0,0.0
2025-05-23 00:00:00-04:00,225.78720648541173,227.25283850704062,223.01437812046865,226.89633178710938,1351400,0.0,0.0
2025-05-27 00:00:00-04:00,227.7678043903104,230.94665735246556,226.619058793774,229.4116973876953,1648000,0.0,0.0
2025-05-28 00:00:00-04:00,229.74837327536883,232.34294058641726,229.74837327536883,231.35264587402344,1452000,0.0,0.0
2025-05-29 00:00:00-04:00,230.04547631382812,231.3922777950391,227.14390480260715,229.5602264404297,2069400,0.0,0.0
2025-05-30 00:00:00-04:00,229.17400769147548,234.92761773259463,228.75808571255467,234.68995666503906,3961000,0.0,0.0
2025-06-02 00:00:00-04:00,237.47269611282485,241.08726608931653,232.82821108212164,240.86940002441406,3009600,0.0,0.0
2025-06-03 00:00:00-04:00,242.1864885435806,243.2857163518319,238.50259075974918,241.95872497558594,2038000,0.0,0.0
2025-06-04 00:00:00-04:00,241.42394213765564,243.84026366213433,237.4627632741032,238.55209350585938,1875700,0.0,0.0
2025-06-05 00:00:00-04:00,240.76046377813736,244.0284395973517,238.4629877298789,241.5229949951172,1991500,0.0,0.0
2025-06-06 00:00:00-04:00,241.9290066857807,243.56298695359715,239.15617840675117,240.73074340820312,2183500,0.0,0.0
2025-06-09 00:00:00-04:00,234.18489788878753,236.1852975117062,226.47050844686103,226.55963134765625,4602100,0.0,0.0
2025-06-10 00:00:00-04:00,227.33206576981712,231.56062868333922,225.5594447740933,227.9163360595703,2219200,0.0,0.0
2025-06-11 00:00:00-04:00,228.13419922068715,233.4124721092806,228.13419922068715,232.71926879882812,1738600,0.0,0.0
2025-06-12 00:00:00-04:00,232.07558990364333,233.1550075973516,229.62956056535438,232.75888061523438,1331700,0.0,0.0
2025-06-13 00:00:00-04:00,235.6109334722662,236.68045365352418,230.80801283065398,236.02685546875,1482700,0.0,0.0
2025-06-16 00:00:00-04:00,236.43288820639503,240.05737087311127,230.07519727712378,231.3427734375,1582200,0.0,0.0
2025-06-17 00:00:00-04:00,233.2144266192831,236.49230000670846,231.88743520691324,233.69967651367188,1523600,0.0,0.0
2025-06-18 00:00:00-04:00,234.1155905089685,235.19500818311482,229.84742246238886,232.7786865234375,1569200,0.0,0.0
2025-06-20 00:00:00-04:00,233.5907360253047,235.00685029837538,232.13500149929968,232.6697540283203,2349100,0.0,0.0
2025-06-23 00:00:00-04:00,233.84820382069307,236.06646952103534,229.63945109431566,230.2732391357422,1413300,0.0,0.0
2025-06-24 00:00:00-04:00,230.27323078712413,238.63132066901713,227.12410082034268,237.6212158203125,1639300,0.0,0.0
2025-06-25 00:00:00-04:00,237.76978712792754,237.77968463605924,233.4124809487713,234.02647399902344,1604600,0.0,0.0
2025-06-26 00:00:00-04:00,233.7095715828134,240.82979357544238,233.42239274101684,239.74046325683594,2030700,0.0,0.0
2025-06-27 00:00:00-04:00,239.7008531592146,240.1563802934349,236.18530368804932,237.67074584960938,2473400,0.0,0.0
2025-06-30 00:00:00-04:00,237.57170836447963,241.47347216097643,236.18530173609452,241.15658569335938,1664600,0.0,0.0
2025-07-01 00:00:00-04:00,243.01833588176555,243.6125188011701,233.3233565180202,233.74917602539062,1755400,0.0,0.0
2025-07-02 00:00:00-04:00,234.54140673463698,238.86900510009315,233.382763681671,237.93812561035156,1864100,0.0,0.0
2025-07-03 00:00:00-04:00,237.0963624111275,238.23521041689193,233.81848927298427,237.29441833496094,1049800,0.0,0.0
2025-07-07 00:00:00-04:00,237.14589233596212,239.13637940525763,234.49189446620227,236.24472045898438,1098400,0.0,0.0
2025-07-08 00:00:00-04:00,234.62063529239487,236.92802392171888,231.5111103164082,234.48199462890625,1510100,0.0,0.0
2025-07-09 00:00:00-04:00,235.2544302649113,235.43269118647095,230.80801628386058,233.6699676513672,1579400,0.0,0.0
2025-07-10 00:00:00-04:00,232.7192725421203,234.28394010270867,229.8870288761159,231.9567413330078,1324500,0.0,0.0
2025-07-11 00:00:00-04:00,232.77868844393848,234.07597218732914,229.35227696897215,232.94703674316406,1706100,0.0,0.0
2025-07-14 00:00:00-04:00,233.21442149206737,239.78997824945395,233.1748163494388,239.18589782714844,1446500,0.0,0.0
2025-07-15 00:00:00-04:00,237.720243167324,239.18587507636144,232.86779012376974,233.04605102539062,1337000,0.0,0.0
2025-07-16 00:00:00-04:00,232.2241400890139,233.2243324380314,228.10450992611197,229.26315307617188,1539700,0.0,0.0
2025-07-17 00:00:00-04:00,227.85693270469008,232.0062704400081,227.76780979698967,229.42160034179688,1710300,0.0,0.0
2025-07-18 00:00:00-04:00,238.16589710598961,243.18669894676506,236.68045492029736,241.90921020507812,5499200,0.0,0.0
2025-07-21 00:00:00-04:00,232.3528563084586,236.77947494085137,223.71748509216604,224.24234008789062,4584200,0.0,0.0
2025-07-22 00:00:00-04:00,223.4600059843172,226.51011565068362,220.42970644409635,220.51882934570312,2676600,0.0,0.0
2025-07-23 00:00:00-04:00,219.360186088059,223.53923116964202,218.85514120205968,221.12290954589844,1849100,0.0,0.0
2025-07-24 00:00:00-04:00,221.13281422287454,225.9159395386194,220.98426094830464,223.60855102539062,1979600,0.0,0.0
2025-07-25 00:00:00-04:00,224.21262367655038,224.79689391522513,222.7370791532909,223.18270874023438,1360200,0.0,0.0
2025-07-28 00:00:00-04:00,231.01596059875766,233.6798559231159,225.00487925805197,226.26254272460938,2798300,0.0,0.0
2025-07-29 00:00:00-04:00,227.5301188121431,233.5907330237963,227.5301188121431,232.71926879882812,2490400,0.0,0.0
2025-07-30 00:00:00-04:00,233.21442177010462,234.84840212039254,229.0254790622998,231.02586364746094,1475900,0.0,0.0
2025-07-31 00:00:00-04:00,232.26373749242964,235.09598124618674,231.02586898310747,233.5907440185547,1771500,0.0,0.0
2025-08-01 00:00:00-04:00,232.03596748640575,238.09656670464256,229.74838896229477,235.9971466064453,2022400,0.0,0.0
2025-08-04 00:00:00-04:00,236.39326381482462,240.95852316641776,236.19519277844952,239.66122436523438,1766500,0.0,0.0
2025-08-05 00:00:00-04:00,239.41365409692008,239.8790938397861,232.9569431856745,237.30433654785156,1921500,0.0,0.0
2025-08-06 00:00:00-04:00,237.2746276598211,238.1856970146771,232.07558023293632,233.6204376220703,2078200,0.0,0.0
2025-08-07 00:00:00-04:00,230.4217887803055,236.64085407930406,229.3819913199778,232.98666381835938,2148900,0.0,0.0
2025-08-08 00:00:00-04:00,233.5126303093712,238.504420492851,227.24063067183533,229.0765838623047,2357000,0.5,0.0
2025-08-11 00:00:00-04:00,229.91019486171143,232.1530220795635,227.73682803807915,228.30250549316406,2114500,0.0,0.0
2025-08-12 00:00:00-04:00,227.9154626607212,229.7117111341324,225.20618935628784,228.02462768554688,1828700,0.0,0.0
2025-08-13 00:00:00-04:00,227.92537650273295,230.23767914926557,226.09935716446103,229.53306579589844,1498300,0.0,0.0
2025-08-14 00:00:00-04:00,230.30717129974204,232.0736489609597,229.59263930836394,230.8629150390625,1067200,0.0,0.0
2025-08-15 00:00:00-04:00,231.31940343438546,232.62938374913338,228.3025024757815,228.39181518554688,1268800,0.0,0.0
2025-08-18 00:00:00-04:00,227.94522791105047,230.00942960200615,226.31768630856928,228.19332885742188,1355700,0.0,0.0
2025-08-19 00:00:00-04:00,227.27040056084377,229.2651419936294,226.724590556871,228.64984130859375,1326200,0.0,0.0
2025-08-20 00:00:00-04:00,229.68194646025992,236.3012782359653,229.23536776218197,234.21722412109375,2089200,0.0,0.0
2025-08-21 00:00:00-04:00,235.71576337855376,240.5586838013178,235.3485636620564,238.78228759765625,2126700,0.0,0.0
2025-08-22 00:00:00-04:00,238.87159475472444,239.7349963691722,235.10045723683993,235.7554473876953,1434100,0.0,0.0
2025-08-25 00:00:00-04:00,235.5272003953466,239.41742155223096,235.3981830530371,237.5318603515625,1441300,0.0,0.0
2025-08-26 00:00:00-04:00,237.9288179990547,240.6976180190542,236.68831321282397,239.7449188232422,1817300,0.0,0.0
2025-08-27 00:00:00-04:00,238.6234970217602,243.0595433370584,238.6234970217602,239.7647705078125,1657900,0.0,0.0
2025-08-28 00:00:00-04:00,240.75717159749536,240.75717159749536,237.47230224953455,240.3006591796875,1649400,0.0,0.0
2025-08-29 00:00:00-04:00,240.1716372629743,241.89842531977075,239.0402975410401,239.98309326171875,1655500,0.0,0.0
2025-09-02 00:00:00-04:00,238.81206544610194,240.58846170142215,237.30360733143277,239.0303955078125,1719400,0.0,0.0
2025-09-03 00:00:00-04:00,239.76476755403692,241.65032874375592,236.98603384586116,237.57154846191406,1350100,0.0,0.0
2025-09-04 00:00:00-04:00,237.8196535464307,240.4693699590723,233.6912499735943,235.16993713378906,1799000,0.0,0.0
2025-09-05 00:00:00-04:00,234.63402431150655,236.1722532375962,229.92010623848103,233.9889678955078,1822900,0.0,0.0
2025-09-08 00:00:00-04:00,234.0187418871289,236.05317274249555,230.10866842155838,231.61712646484375,1796900,0.0,0.0
2025-09-09 00:00:00-04:00,232.73855956253865,235.52721201114412,232.18281581884406,232.62939453125,1264900,0.0,0.0
2025-09-10 00:00:00-04:00,232.87748434403102,236.58906494430497,232.6293833887023,235.23939514160156,1133100,0.0,0.0
2025-09-11 00:00:00-04:00,234.08823251428836,236.52953758381122,233.21491225247192,235.26919555664062,1571200,0.0,0.0
2025-09-12 00:00:00-04:00,235.95391280581555,238.32575718931147,233.8500216778435,234.29660034179688,1095900,0.0,0.0
2025-09-15 00:00:00-04:00,234.61419402520002,236.6386911836491,230.93236913827144,231.0514678955078,1461400,0.0,0.0
2025-09-16 00:00:00-04:00,233.19504048338203,233.62178199131264,231.12092017745758,233.1156463623047,1217900,0.0,0.0
2025-09-17 00:00:00-04:00,233.5026999143626,235.05086267161562,232.76833074199115,233.53248596191406,1081300,0.0,0.0
2025-09-18 00:00:00-04:00,232.5698397354372,235.7653812261255,231.16061299462598,232.55990600585938,2083300,0.0,0.0
2025-09-19 00:00:00-04:00,233.88972631757414,234.38592823030785,226.76427411930092,229.74148559570312,3066900,0.0,0.0
2025-09-22 00:00:00-04:00,229.44376945177495,230.8629148461722,228.35213429127361,229.04681396484375,1725300,0.0,0.0
2025-09-23 00:00:00-04:00,229.3544423728221,235.48749057618247,229.2452773493215,233.12557983398438,1564300,0.0,0.0
2025-09-24 00:00:00-04:00,233.39352251346386,237.81965020204746,233.39352251346386,234.8126678466797,2084800,0.0,0.0
2025-09-25 00:00:00-04:00,234.445495399721,238.0677634634254,232.71870721669714,235.81500244140625,1390700,0.0,0.0
2025-09-26 00:00:00-04:00,236.291355514471,238.5639535985891,235.4180353074622,236.61883544921875,1171500,0.0,0.0
2025-09-29 00:00:00-04:00,236.66845050662974,236.66845050662974,231.99423715732078,233.67140197753906,1173000,0.0,0.0
2025-09-30 00:00:00-04:00,232.4805211151099,233.98897921143498,230.9919153358483,233.19505310058594,1588000,0.0,0.0
2025-10-01 00:00:00-04:00,233.0164161895922,234.2072977257232,230.19799302074344,230.3468475341797,1279600,0.0,0.0
2025-10-02 00:00:00-04:00,230.3468428367834,233.80040376399995,229.3246681510185,230.02926635742188,1286700,0.0,0.0
2025-10-03 00:00:00-04:00,230.7934358300852,232.2224997901161,229.35445328303888,230.51556396484375,1090000,0.0,0.0
2025-10-06 00:00:00-04:00,231.06138702229518,233.53247802611307,229.06666076277426,231.4881134033203,1178100,0.0,0.0
2025-10-07 00:00:00-04:00,232.43091631532604,234.83253185593165,231.69653200242763,233.5523223876953,1889900,0.0,0.0
2025-10-08 00:00:00-04:00,233.21489551380347,235.65621555098556,232.1728684839955,233.94927978515625,1974300,0.0,0.0
2025-10-09 00:00:00-04:00,234.69359024857133,236.4997573682721,228.21319436614883,229.62240600585938,1246200,0.0,0.0
2025-10-10 00:00:00-04:00,228.80862340695364,231.8652290042686,225.51385058314702,225.64285278320312,1383600,0.0,0.0
2025-10-13 00:00:00-04:00,226.2680690950234,227.95515254654177,225.02756433024805,225.27566528320312,1323300,0.0,0.0
2025-10-14 00:00:00-04:00,223.38018096656728,225.5932524747992,221.65340794351704,224.50160217285156,2036500,0.0,0.0
2025-10-15 00:00:00-04:00,226.26808222091228,228.73917330713059,223.43972513599837,223.5191192626953,2110300,0.0,0.0
2025-10-16 00:00:00-04:00,223.30077756910285,224.5214451677471,216.24478581954497,218.3983154296875,2389000,0.0,0.0
2025-10-17 00:00:00-04:00,217.82272575699204,219.1922327682373,215.55011246810486,217.2967529296875,1473600,0.0,0.0
2025-10-20 00:00:00-04:00,218.74565192390497,220.30373321650305,216.84023837410203,219.63882446289062,1621700,0.0,0.0
2025-10-21 00:00:00-04:00,220.45257304427474,222.5266932909977,219.85712472463072,220.53196716308594,1293100,0.0,0.0
2025-10-22 00:00:00-04:00,221.73278447043432,223.64813177120294,219.82737089958866,222.75497436523438,1318700,0.0,0.0
2025-10-23 00:00:00-04:00,225.99019533775385,225.99019533775385,219.35101146967472,219.8571319580078,1904100,0.0,0.0
2025-10-24 00:00:00-04:00,220.31364813547307,221.80225386611818,217.44560170014543,217.9219512939453,1116600,0.0,0.0
2025-10-27 00:00:00-04:00,218.84488777441953,219.32123735309855,217.21734616629274,218.13035583496094,1494900,0.0,0.0
2025-10-28 00:00:00-04:00,217.06849601812104,218.32885318332248,214.001971669065,214.35923767089844,1964900,0.0,0.0
2025-10-29 00:00:00-04:00,214.35923176591731,214.9844510376232,208.55366318177133,209.52622985839844,3246100,0.0,0.0
2025-10-30 00:00:00-04:00,207.9482984941513,214.4584805461847,206.33069049692307,209.91326904296875,3057300,0.0,0.0
2025-10-31 00:00:00-04:00,210.88580455420154,211.38200644727024,207.41239130272058,210.3896026611328,3048800,0.0,0.0
2025-11-03 00:00:00-05:00,209.9231901088584,212.60267753820668,206.5490229967726,208.0177764892578,1926900,0.0,0.0
2025-11-04 00:00:00-05:00,206.1222850620846,208.0177801275421,204.43520147653416,205.17950439453125,2080000,0.0,0.0
2025-11-05 00:00:00-05:00,206.74749578798372,207.1841559046342,203.9886142977441,204.06800842285156,1642300,0.0,0.0
2025-11-06 00:00:00-05:00,205.84440112285762,208.65290578601724,205.56652926118423,206.44976806640625,1575600,0.0,0.0
2025-11-07 00:00:00-05:00,206.16618234111274,207.63886473617268,204.05666308467104,206.87266540527344,2492400,0.555,0.0
2025-11-10 00:00:00-05:00,206.4746485195152,210.74344300580606,205.85771707900867,210.504638671875,1607300,0.0,0.0
2025-11-11 00:00:00-05:00,210.50463453620202,213.19128952386245,210.11656231779983,210.95240783691406,1455300,0.0,0.0
2025-11-12 00:00:00-05:00,210.9524223747077,214.4848834275658,210.2260338508985,212.49476623535156,2367500,0.0,0.0
2025-11-13 00:00:00-05:00,212.93259505989812,215.46003722059407,210.9026670152986,212.24600219726562,1467700,0.0,0.0
2025-11-14 00:00:00-05:00,212.1663814263356,215.8680003803716,211.26087451812293,214.12664794921875,1820200,0.0,0.0
2025-11-17 00:00:00-05:00,214.16645090822536,216.73370383050474,213.0519901729929,214.1465606689453,2144900,0.0,0.0
2025-11-18 00:00:00-05:00,214.54456927292551,215.71873104489362,211.2608731023652,211.41014099121094,1612000,0.0,0.0
2025-11-19 00:00:00-05:00,207.42992628124043,209.33047670308977,204.48454608995885,208.5841827392578,1909600,0.0,0.0
2025-11-20 00:00:00-05:00,209.12151419744112,214.56448582859136,206.8129710106518,207.14134216308594,1663800,0.0,0.0
2025-11-21 00:00:00-05:00,207.77816888757974,208.40506061916113,203.5292647199279,204.48452758789062,1778300,0.0,0.0
2025-11-24 00:00:00-05:00,202.7829717941836,203.98699930001106,199.64854348805093,203.56907653808594,3986900,0.0,0.0
2025-11-25 00:00:00-05:00,202.63371710261447,204.02679296205207,199.5191790656149,203.89744567871094,2404000,0.0,0.0
2025-11-26 00:00:00-05:00,204.66362950310344,206.31543029352494,202.41480270955512,204.77308654785156,1486800,0.0,0.0
2025-11-28 00:00:00-05:00,204.85270314368864,209.06181183086554,203.98700704564277,207.42991638183594,839000,0.0,0.0
2025-12-01 00:00:00-05:00,206.93238958366328,210.16632997813653,205.97712666337384,209.64889526367188,1505900,0.0,0.0
2025-12-02 00:00:00-05:00,209.86779988493234,210.3553688511637,207.4597600450783,208.245849609375,1257500,0.0,0.0
2025-12-03 00:00:00-05:00,208.41501464971188,208.83293742750607,205.3203818867083,207.42991638183594,1485600,0.0,0.0
2025-12-04 00:00:00-05:00,207.42991094444736,208.3055521392295,205.55919602140605,206.87266540527344,2261200,0.0,0.0
2025-12-05 00:00:00-05:00,207.2408367199504,208.45480929685166,202.07648070866168,204.673583984375,2280400,0.0,0.0
2025-12-08 00:00:00-05:00,202.2058492017831,203.64868102389977,199.3002649523469,199.80775451660156,3188800,0.0,0.0
2025-12-09 00:00:00-05:00,199.3599874114388,201.30034855549113,197.2006969873983,197.738037109375,2187900,0.0,0.0
2025-12-10 00:00:00-05:00,198.01664403146518,198.91219061955883,190.40445248250523,191.9567413330078,2966900,0.0,0.0
2025-12-11 00:00:00-05:00,191.63832703018144,193.47919146454876,190.06613266201336,190.65322875976562,1780600,0.0,0.0
2025-12-12 00:00:00-05:00,191.33981562000938,192.7528122237189,188.1556310683455,188.42430114746094,2959900,0.0,0.0
2025-12-15 00:00:00-05:00,188.0760148756919,188.15562138330955,185.7774320080162,187.89691162109375,2716300,0.0,0.0
2025-12-16 00:00:00-05:00,187.15061356498632,189.1705812031345,185.27989863571074,188.3446807861328,3029000,0.0,0.0
2025-12-17 00:00:00-05:00,188.06607340026412,190.94179211635057,187.2899289151881,189.40940856933594,4220400,0.0,0.0
2025-12-18 00:00:00-05:00,188.30489414236743,192.11597038643293,187.8173099643868,188.91188049316406,1983000,0.0,0.0
2025-12-19 00:00:00-05:00,189.55864490112705,190.40445070238746,188.00635606513703,188.82229614257812,2402000,0.0,0.0
2025-12-22 00:00:00-05:00,189.06112637052726,189.86712137465943,187.86705913539114,188.43423461914062,1428400,0.0,0.0
2025-12-23 00:00:00-05:00,188.64319685170074,191.15074858419104,187.60832748377032,190.75271606445312,1254700,0.0,0.0
2025-12-24 00:00:00-05:00,190.76268150878806,191.2602107843295,188.83226549034512,189.38949584960938,520700,0.0,0.0
2025-12-26 00:00:00-05:00,189.47904254785402,189.61835013404743,187.20036520582144,188.37452697753906,728300,0.0,0.0
2025-12-29 00:00:00-05:00,189.0014254959721,191.74778165817105,188.3745337438899,191.64828491210938,1944500,0.0,0.0
2025-12-30 00:00:00-05:00,192.04630266230527,193.60855189426874,191.5985293456253,192.484130859375,1079300,0.0,0.0
2025-12-31 00:00:00-05:00,192.48414071279566,193.77771994761505,191.91695001481435,193.429443359375,1256600,0.0,0.0
2026-01-02 00:00:00-05:00,193.49909411563382,198.8027428751417,192.87220236461164,196.8225860595703,1928900,0.0,0.0
2026-01-05 00:00:00-05:00,198.73309566359552,199.81770584368263,190.693020723487,197.738037109375,2146700,0.0,0.0
2026-01-06 00:00:00-05:00,197.419603748917,197.92709331008254,191.7477732372733,193.62843322753906,1945800,0.0,0.0
2026-01-07 00:00:00-05:00,194.23542399927754,198.24550870138364,194.0364153279266,195.10113525390625,1901200,0.0,0.0
2026-01-08 00:00:00-05:00,195.3399434023449,198.05644901865693,194.46428701122773,195.5290069580078,2153300,0.0,0.0
2026-01-09 00:00:00-05:00,196.9519284895841,198.33507442890104,193.04135573615133,193.220458984375,1792900,0.0,0.0
2026-01-12 00:00:00-05:00,193.2204644786389,195.02153323174642,191.9069950708184,192.484130859375,1479000,0.0,0.0
2026-01-13 00:00:00-05:00,193.37967688804412,194.37473544794975,191.0611886214574,192.73289489746094,1989400,0.0,0.0
2026-01-14 00:00:00-05:00,194.97177318689532,202.73323285268864,194.4244879520108,198.73309326171875,3324200,0.0,0.0
2026-01-15 00:00:00-05:00,200.1560198160087,202.8128394867348,195.50909824301988,201.73817443847656,2405200,0.0,0.0
2026-01-16 00:00:00-05:00,202.4446637617839,207.4697125951303,202.3252615916366,205.67860412597656,2110200,0.0,0.0
2026-01-20 00:00:00-05:00,206.26568098352007,207.8776861657477,201.21079689044598,202.03668212890625,2099200,0.0,0.0
2026-01-21 00:00:00-05:00,204.47458126911377,206.52439939626774,203.37006570172454,206.275634765625,1756100,0.0,0.0
2026-01-22 00:00:00-05:00,206.97217017855934,208.4647579442701,203.88748272273526,205.7681427001953,1716400,0.0,0.0
2026-01-23 00:00:00-05:00,207.22095561153267,208.3155261563059,205.1711373034932,206.32540893554688,1302200,0.0,0.0
2026-01-26 00:00:00-05:00,208.76328355154118,209.2508525160234,204.3253158074743,205.48953247070312,1658300,0.0,0.0
2026-01-27 00:00:00-05:00,205.68856249001175,206.73336183572872,203.6785399389443,204.71339416503906,1520500,0.0,0.0
2026-01-28 00:00:00-05:00,205.5890365289348,209.88768133761127,204.444725331539,207.011962890625,2020700,0.0,0.0
2026-01-29 00:00:00-05:00,209.95734337891147,212.5942423290356,209.6787282137432,211.93751525878906,2113300,0.0,0.0
2026-01-30 00:00:00-05:00,211.69869491980876,212.98231369832644,208.28565156823464,210.4747772216797,1484600,0.0,0.0
2026-02-02 00:00:00-05:00,208.32546774288048,209.40013284586917,205.48954467804458,206.73336791992188,1271100,0.0,0.0
2026-02-03 00:00:00-05:00,207.55925769275822,209.9374470015015,206.06666987931962,209.9175567626953,1716700,0.0,0.0
2026-02-04 00:00:00-05:00,209.99715025002496,212.81316777575563,205.1711253801776,212.80322265625,2209300,0.0,0.0
2026-02-05 00:00:00-05:00,211.74847597276428,211.83802760395872,206.3254095662952,209.4996337890625,1773500,0.0,0.0
2026-02-06 00:00:00-05:00,209.48465977893852,213.11624538308655,209.2851251196264,212.61740112304688,1423600,0.555,0.0
2026-02-09 00:00:00-05:00,212.6173976738473,215.26126611975974,212.42783442234446,215.15151977539062,1413600,0.0,0.0
2026-02-10 00:00:00-05:00,216.09933667876265,218.17451537636862,216.09933667876265,217.865234375,1284200,0.0,0.0
2026-02-11 00:00:00-05:00,219.39170493398763,220.3893934788871,217.33646896725773,218.90284729003906,1680900,0.0,0.0
2026-02-12 00:00:00-05:00,219.3617669907599,222.40471997943033,217.02717953985277,217.1868133544922,2153100,0.0,0.0
2026-02-13 00:00:00-05:00,218.3241867981275,221.26736497019172,217.02718864094962,220.27964782714844,1845600,0.0,0.0
2026-02-17 00:00:00-05:00,221.9757206150803,223.0232813648976,217.04713697222942,218.50375366210938,1283800,0.0,0.0
2026-02-18 00:00:00-05:00,220.4891668191045,223.7416259713539,220.0601680552071,223.202880859375,1311500,0.0,0.0
2026-02-19 00:00:00-05:00,224.33027629119684,227.5128899741711,223.522135778898,225.66717529296875,1679500,0.0,0.0
2026-02-20 00:00:00-05:00,225.85672963213335,226.62493882344697,223.4822261082077,225.94651794433594,1377200,0.0,0.0
2026-02-23 00:00:00-05:00,226.22587516172538,228.97949003603858,222.53443062936904,222.833740234375,1873600,0.0,0.0
2026-02-24 00:00:00-05:00,219.78079981384525,221.65645912380663,216.22903107895408,220.4492645263672,2483500,0.0,0.0
2026-02-25 00:00:00-05:00,220.30958236230703,221.4369600177965,216.0993356651566,220.16989135742188,2398200,0.0,0.0
2026-02-26 00:00:00-05:00,221.23742657638664,236.02317756738262,215.92971640827983,231.97254943847656,3473100,0.0,0.0
2026-02-27 00:00:00-05:00,230.5658319551173,236.08304846565363,230.45608560474324,235.18511962890625,3058800,0.0,0.0
2026-03-02 00:00:00-05:00,247.29705159071509,251.91635436606236,243.87498723275425,248.35459899902344,4987400,0.0,0.0
2026-03-03 00:00:00-05:00,251.41750630207133,255.1887676787209,243.59563198187357,245.501220703125,5118000,0.0,0.0
2026-03-04 00:00:00-05:00,244.7329935853942,249.09288748542485,240.58260574646943,248.40447998046875,2897100,0.0,0.0
2026-03-05 00:00:00-05:00,249.92098351379337,252.5249512563509,245.77059546327297,248.96319580078125,4281200,0.0,0.0
2026-03-06 00:00:00-05:00,251.91635788275104,258.64076894021264,249.92098079061043,254.5602264404297,4691900,0.0,0.0
2026-03-09 00:00:00-04:00,253.79201796999175,257.872560481819,248.55415308766237,250.2202911376953,5274100,0.0,0.0
2026-03-10 00:00:00-04:00,249.4221298515776,249.4221298515776,242.4183521827601,245.19192504882812,3505700,0.0,0.0
2026-03-11 00:00:00-04:00,245.93021664407595,250.53953266867836,244.50352938827746,249.74139404296875,2159500,0.0,0.0
2026-03-12 00:00:00-04:00,250.79894488940806,257.7528350878156,250.09057934225444,253.2532501220703,3111600,0.0,0.0
2026-03-13 00:00:00-04:00,254.31080012953936,258.5908924470963,249.22259776221233,251.6868896484375,2339900,0.0,0.0
2026-03-16 00:00:00-04:00,252.07598056258857,253.00382356213626,247.5763956756306,250.70913696289062,1857900,0.0,0.0
2026-03-17 00:00:00-04:00,251.41751492995155,254.5003688998528,249.92098210298755,250.91867065429688,1201800,0.0,0.0
2026-03-18 00:00:00-04:00,252.0261031146217,266.6322627554065,247.72606793588218,265.6046447753906,5087400,0.0,0.0
2026-03-19 00:00:00-04:00,272.98754455185855,298.7977432604177,270.48333647150355,281.2184753417969,12185200,0.0,0.0
2026-03-20 00:00:00-04:00,282.46557916811486,289.1201752348612,279.7518650772896,280.2407531738281,7311300,0.0,0.0
2026-03-23 00:00:00-04:00,273.31679006143526,287.2943859230105,270.8225686899932,286.5361633300781,5709400,0.0,0.0
2026-03-24 00:00:00-04:00,289.3296782269429,297.84994693162423,287.3841733841879,293.8990783691406,4691200,0.0,0.0
2026-03-25 00:00:00-04:00,286.29670249154657,288.8208533466797,281.5477256194263,283.732666015625,3787500,0.0,0.0
2026-03-26 00:00:00-04:00,286.89532001115185,291.7041861798757,285.63822268191535,290.7264404296875,2847300,0.0,0.0
2026-03-27 00:00:00-04:00,292.57215031286916,298.1791547670324,292.1331649405754,296.22369384765625,3340400,0.0,0.0
2026-03-30 00:00:00-04:00,300.1945150020236,300.1945150020236,291.58445815687384,292.9612731933594,3404000,0.0,0.0
2026-03-31 00:00:00-04:00,288.701113269225,293.7993172818658,278.0158780742879,283.1040954589844,5987000,0.0,0.0
2026-04-01 00:00:00-04:00,279.31286433245066,283.1040989060698,271.89005944612086,275.202392578125,4057700,0.0,0.0
2026-04-02 00:00:00-04:00,284.07185655801067,286.13704860593515,276.6789811455971,280.5101013183594,3280200,0.0,0.0
2026-04-06 00:00:00-04:00,280.5100982092566,284.15165509156645,279.40264815800157,283.3934020996094,2362800,0.0,0.0
2026-04-07 00:00:00-04:00,284.0319576295541,290.21763885962343,281.80710118728206,283.6129150390625,2786200,0.0,0.0
2026-04-08 00:00:00-04:00,260.3967070156056,275.7710909570298,259.518736235368,274.5738525390625,4585400,0.0,0.0
2026-04-09 00:00:00-04:00,276.88849704438366,279.98133758272655,261.6438174946097,265.1556701660156,3388700,0.0,0.0
2026-04-10 00:00:00-04:00,262.5317622245376,267.161020956608,261.89322698037,264.92620849609375,2322700,0.0,0.0
2026-04-13 00:00:00-04:00,268.13878448331747,271.3214133940822,258.0920534759446,260.9953308105469,2332700,0.0,0.0
2026-04-14 00:00:00-04:00,259.96769981142023,259.9976292485456,255.1987347746986,259.0797424316406,2501600,0.0,0.0
2026-04-15 00:00:00-04:00,257.5931985467716,260.54634800792365,255.49804658868948,256.1565246582031,2201100,0.0,0.0
2026-04-16 00:00:00-04:00,257.20407641485417,264.9062326519099,256.10664345109797,262.1326599121094,1793900,0.0,0.0
2026-04-17 00:00:00-04:00,252.8541867752028,254.4105784665291,245.87036697416082,250.4896697998047,4369100,0.0,0.0
2026-04-20 00:00:00-04:00,249.15275405537437,256.26626297141917,249.15275405537437,251.76670837402344,2003400,0.0,0.0
2026-04-21 00:00:00-04:00,253.50267002621695,257.8126916996635,251.22794143973744,257.18414306640625,2256900,0.0,0.0
2026-04-22 00:00:00-04:00,258.4013328031357,259.728245169482,255.01916924913192,256.8848571777344,1672500,0.0,0.0
2026-04-23 00:00:00-04:00,257.62313800578397,259.8380077995664,254.45048050785806,256.59552001953125,2026100,0.0,0.0
2026-04-24 00:00:00-04:00,255.75744780728965,256.595502476419,252.67457883578436,256.4957275390625,1290100,0.0,0.0
2026-04-27 00:00:00-04:00,257.3736973084431,260.7658320366035,256.13657334155823,258.8003845214844,1614200,0.0,0.0
2026-04-28 00:00:00-04:00,263.3897774524883,265.78422388537604,260.50644292564596,264.3675231933594,2538800,0.0,0.0
2026-04-29 00:00:00-04:00,267.61001478249733,272.98754031602243,267.60002815379374,271.60076904296875,3304400,0.0,0.0
2026-04-30 00:00:00-04:00,268.54784494389105,274.8133279260183,266.43271960659206,274.3144836425781,2270800,0.0,0.0
2026-05-01 00:00:00-04:00,273.54623234757287,274.33441480711986,263.6491792346042,269.4357604980469,2000400,0.0,0.0
2026-05-04 00:00:00-04:00,270.2838115907649,274.20472032641567,270.2239527128953,272.2193298339844,2451500,0.0,0.0
2026-05-05 00:00:00-04:00,270.83252136879804,273.1272232690701,267.3505981223491,268.8970031738281,1609700,0.0,0.0
2026-05-06 00:00:00-04:00,260.1572568152985,265.993710043851,259.30921552106156,260.81573486328125,2427800,0.0,0.0
2026-05-07 00:00:00-04:00,239.60488612980512,249.5318841703686,235.45449810282264,246.20957946777344,5014900,0.0,0.0
2026-05-08 00:00:00-04:00,243.44597183921903,246.25946079087308,237.59951646574666,239.55499267578125,2661700,0.0,0.0
2026-05-11 00:00:00-04:00,240.92999267578125,243.88999938964844,240.44000244140625,240.6999969482422,2117700,0.555,0.0
2026-05-12 00:00:00-04:00,241.80999755859375,246.6300048828125,241.5,244.30999755859375,2130200,0.0,0.0
2026-05-13 00:00:00-04:00,244.25,245.0,238.61000061035156,239.3800048828125,2120800,0.0,0.0
2026-05-14 00:00:00-04:00,239.05999755859375,242.2100067138672,238.5,241.0800018310547,2055700,0.0,0.0
2026-05-15 00:00:00-04:00,244.0,248.16000366210938,241.07000732421875,241.83999633789062,2682100,0.0,0.0
2026-05-18 00:00:00-04:00,240.89999389648438,248.72999572753906,240.89999389648438,247.74000549316406,2461000,0.0,0.0
2026-05-19 00:00:00-04:00,247.83999633789062,248.44000244140625,245.10000610351562,246.77000427246094,2224200,0.0,0.0
2026-05-20 00:00:00-04:00,246.75999450683594,251.72999572753906,242.5,243.66000366210938,2008500,0.0,0.0
2026-05-21 00:00:00-04:00,246.0,246.75999450683594,238.14999389648438,240.4499969482422,2047600,0.0,0.0
2026-05-22 00:00:00-04:00,239.4499969482422,241.16000366210938,234.6699981689453,240.85000610351562,1978400,0.0,0.0
2026-05-26 00:00:00-04:00,235.99000549316406,238.0,233.6300048828125,234.0500030517578,2126000,0.0,0.0
2026-05-27 00:00:00-04:00,230.74000549316406,233.8300018310547,228.88999938964844,230.97000122070312,2116300,0.0,0.0
2026-05-28 00:00:00-04:00,231.9600067138672,234.27000427246094,229.11000061035156,229.57000732421875,1353500,0.0,0.0
2026-05-29 00:00:00-04:00,228.42999267578125,228.77000427246094,223.8300018310547,224.86000061035156,3503100,0.0,0.0
