Date,Open,High,Low,Close,Volume,Dividends,Stock Splits
2017-08-18 00:00:00-04:00,900.0,900.0,900.0,900.0,10,0.0,0.0
2017-08-21 00:00:00-04:00,900.0,900.0,900.0,900.0,0,0.0,0.0
2017-08-22 00:00:00-04:00,900.0,900.0,900.0,900.0,0,0.0,0.0
2017-08-23 00:00:00-04:00,900.0,900.0,900.0,900.0,0,0.0,0.0
2017-08-24 00:00:00-04:00,900.0,900.0,900.0,900.0,0,0.0,0.0
2017-08-25 00:00:00-04:00,900.0,900.0,900.0,900.0,0,0.0,0.0
2017-08-28 00:00:00-04:00,900.0,900.0,900.0,900.0,0,0.0,0.0
2017-08-29 00:00:00-04:00,900.0,900.0,900.0,900.0,0,0.0,0.0
2017-08-30 00:00:00-04:00,900.0,900.0,900.0,900.0,0,0.0,0.0
2017-08-31 00:00:00-04:00,900.0,900.0,900.0,900.0,0,0.0,0.0
2017-09-01 00:00:00-04:00,900.0,900.0,900.0,900.0,0,0.0,0.0
2017-09-05 00:00:00-04:00,900.0,900.0,900.0,900.0,0,0.0,0.0
2017-09-06 00:00:00-04:00,900.0,900.0,900.0,900.0,0,0.0,0.0
2017-09-07 00:00:00-04:00,900.0,900.0,900.0,900.0,0,0.0,0.0
2017-09-08 00:00:00-04:00,900.0,900.0,900.0,900.0,0,0.0,0.0
2017-09-11 00:00:00-04:00,900.0,900.0,900.0,900.0,0,0.0,0.0
2017-09-12 00:00:00-04:00,900.0,900.0,900.0,900.0,0,0.0,0.0
2017-09-13 00:00:00-04:00,900.0,900.0,900.0,900.0,0,0.0,0.0
2017-09-14 00:00:00-04:00,900.0,900.0,900.0,900.0,0,0.0,0.0
2017-09-15 00:00:00-04:00,900.0,900.0,900.0,900.0,0,0.0,0.0
2017-09-18 00:00:00-04:00,900.0,900.0,900.0,900.0,0,0.0,0.0
2017-09-19 00:00:00-04:00,900.0,900.0,900.0,900.0,0,0.0,0.0
2017-09-20 00:00:00-04:00,900.0,900.0,900.0,900.0,0,0.0,0.0
2017-09-21 00:00:00-04:00,900.0,900.0,900.0,900.0,0,0.0,0.0
2017-09-22 00:00:00-04:00,900.0,900.0,900.0,900.0,0,0.0,0.0
2017-09-25 00:00:00-04:00,900.0,900.0,900.0,900.0,0,0.0,0.0
2017-09-26 00:00:00-04:00,900.0,900.0,900.0,900.0,0,0.0,0.0
2017-09-27 00:00:00-04:00,900.0,900.0,900.0,900.0,0,0.0,0.0
2017-09-28 00:00:00-04:00,900.0,900.0,900.0,900.0,0,0.0,0.0
2017-09-29 00:00:00-04:00,900.0,900.0,900.0,900.0,0,0.0,0.0
2017-10-02 00:00:00-04:00,900.0,900.0,900.0,900.0,0,0.0,0.0
2017-10-03 00:00:00-04:00,900.0,900.0,900.0,900.0,0,0.0,0.0
2017-10-04 00:00:00-04:00,900.0,900.0,900.0,900.0,0,0.0,0.0
2017-10-05 00:00:00-04:00,900.0,900.0,900.0,900.0,0,0.0,0.0
2017-10-06 00:00:00-04:00,900.0,900.0,900.0,900.0,0,0.0,0.0
2017-10-09 00:00:00-04:00,900.0,900.0,900.0,900.0,0,0.0,0.0
2017-10-10 00:00:00-04:00,900.0,900.0,900.0,900.0,0,0.0,0.0
2017-10-11 00:00:00-04:00,900.0,900.0,900.0,900.0,0,0.0,0.0
2017-10-12 00:00:00-04:00,900.0,900.0,900.0,900.0,0,0.0,0.0
2017-10-13 00:00:00-04:00,900.0,900.0,900.0,900.0,0,0.0,0.0
2017-10-16 00:00:00-04:00,900.0,900.0,900.0,900.0,0,0.0,0.0
2017-10-17 00:00:00-04:00,900.0,900.0,900.0,900.0,0,0.0,0.3333333333333333
2017-10-18 00:00:00-04:00,900.0,900.0,900.0,900.0,0,0.0,0.0
2017-10-19 00:00:00-04:00,900.0,900.0,900.0,900.0,0,0.0,0.0
2017-10-20 00:00:00-04:00,900.0,900.0,900.0,900.0,0,0.0,0.0
2017-10-23 00:00:00-04:00,900.0,900.0,900.0,900.0,0,0.0,0.0
2017-10-24 00:00:00-04:00,900.0,900.0,900.0,900.0,0,0.0,0.0
2017-10-25 00:00:00-04:00,900.0,900.0,900.0,900.0,0,0.0,0.0
2017-10-26 00:00:00-04:00,900.0,900.0,900.0,900.0,0,0.0,0.0
2017-10-27 00:00:00-04:00,900.0,900.0,900.0,900.0,0,0.0,0.0
2017-10-30 00:00:00-04:00,900.0,900.0,900.0,900.0,0,0.0,0.0
2017-10-31 00:00:00-04:00,900.0,900.0,900.0,900.0,0,0.0,0.0
2017-11-01 00:00:00-04:00,300.0,300.0,300.0,300.0,0,0.0,0.0
2017-11-02 00:00:00-04:00,300.0,300.0,300.0,300.0,0,0.0,0.0
2017-11-03 00:00:00-04:00,300.0,300.0,300.0,300.0,0,0.0,0.0
2017-11-06 00:00:00-05:00,300.0,300.0,300.0,300.0,0,0.0,0.0
2017-11-07 00:00:00-05:00,300.0,300.0,300.0,300.0,0,0.0,0.0
2017-11-08 00:00:00-05:00,300.0,300.0,300.0,300.0,0,0.0,0.0
2017-11-09 00:00:00-05:00,300.0,300.0,300.0,300.0,0,0.0,0.0
2017-11-10 00:00:00-05:00,300.0,300.0,300.0,300.0,0,0.0,0.0
2017-11-13 00:00:00-05:00,300.0,300.0,300.0,300.0,0,0.0,0.0
2017-11-14 00:00:00-05:00,300.0,300.0,300.0,300.0,0,0.0,0.0
2017-11-15 00:00:00-05:00,300.0,300.0,300.0,300.0,0,0.0,0.0
2017-11-16 00:00:00-05:00,300.0,300.0,300.0,300.0,0,0.0,0.0
2017-11-17 00:00:00-05:00,300.0,300.0,300.0,300.0,0,0.0,0.0
2017-11-20 00:00:00-05:00,300.0,300.0,300.0,300.0,0,0.0,0.0
2017-11-21 00:00:00-05:00,300.0,300.0,300.0,300.0,0,0.0,0.0
2017-11-22 00:00:00-05:00,300.0,300.0,300.0,300.0,0,0.0,0.0
2017-11-24 00:00:00-05:00,300.0,300.0,300.0,300.0,0,0.0,0.0
2017-11-27 00:00:00-05:00,300.0,300.0,300.0,300.0,0,0.0,0.0
2017-11-28 00:00:00-05:00,300.0,300.0,300.0,300.0,0,0.0,0.0
2017-11-29 00:00:00-05:00,300.0,300.0,300.0,300.0,0,0.0,0.0
2017-11-30 00:00:00-05:00,300.0,300.0,300.0,300.0,0,0.0,0.0
2017-12-01 00:00:00-05:00,300.0,300.0,300.0,300.0,0,0.0,0.0
2017-12-04 00:00:00-05:00,300.0,300.0,300.0,300.0,0,0.0,0.0
2017-12-05 00:00:00-05:00,300.0,300.0,300.0,300.0,0,0.0,0.0
2017-12-06 00:00:00-05:00,300.0,300.0,300.0,300.0,0,0.0,0.0
2017-12-07 00:00:00-05:00,300.0,300.0,300.0,300.0,0,0.0,0.0
2017-12-08 00:00:00-05:00,300.0,300.0,300.0,300.0,0,0.0,0.0
2017-12-11 00:00:00-05:00,300.0,300.0,300.0,300.0,0,0.0,0.0
2017-12-12 00:00:00-05:00,300.0,300.0,300.0,300.0,0,0.0,0.0
2017-12-13 00:00:00-05:00,300.0,300.0,300.0,300.0,0,0.0,0.0
2017-12-14 00:00:00-05:00,75.0,75.0,70.0,70.0,260,0.0,0.0
2017-12-15 00:00:00-05:00,70.0,75.0,70.0,72.5,290,0.0,0.0
2017-12-18 00:00:00-05:00,70.0,75.0,70.0,75.0,270,0.0,0.0
2017-12-19 00:00:00-05:00,70.0,70.0,70.0,70.0,10,0.0,0.0
2017-12-20 00:00:00-05:00,70.0,70.0,70.0,70.0,10,0.0,0.0
2017-12-21 00:00:00-05:00,71.19999694824219,71.19999694824219,70.0,70.0,300,0.0,0.0
2017-12-22 00:00:00-05:00,50.0,55.0,39.900001525878906,40.0,5560,0.0,0.0
2017-12-26 00:00:00-05:00,40.04999923706055,43.5,40.0,41.0,2910,0.0,0.0
2017-12-27 00:00:00-05:00,40.0,40.5,40.0,40.0,8550,0.0,0.0
2017-12-28 00:00:00-05:00,40.5,45.0,40.0,44.0,3500,0.0,0.0
2017-12-29 00:00:00-05:00,44.0,44.0,44.0,44.0,0,0.0,0.0
2018-01-02 00:00:00-05:00,40.0,42.0,40.0,42.0,1140,0.0,0.0
2018-01-03 00:00:00-05:00,40.5,40.5,40.0,40.0,510,0.0,0.0
2018-01-04 00:00:00-05:00,40.099998474121094,40.099998474121094,40.0,40.0,1360,0.0,0.0
2018-01-05 00:00:00-05:00,40.0,40.0,40.0,40.0,2200,0.0,0.0
2018-01-08 00:00:00-05:00,41.5,41.5,41.400001525878906,41.5,510,0.0,0.0
2018-01-09 00:00:00-05:00,41.0,42.5,40.0,42.0,3190,0.0,0.0
2018-01-10 00:00:00-05:00,41.0,45.22999954223633,40.5,42.0,2390,0.0,0.0
2018-01-11 00:00:00-05:00,41.400001525878906,41.400001525878906,40.29999923706055,40.5,810,0.0,0.0
2018-01-12 00:00:00-05:00,43.0,43.0,40.0,42.400001525878906,960,0.0,0.0
2018-01-16 00:00:00-05:00,40.5,40.5,39.93000030517578,40.5,10370,0.0,0.0
2018-01-17 00:00:00-05:00,40.25,41.0,40.20000076293945,41.0,2130,0.0,0.0
2018-01-18 00:00:00-05:00,40.79999923706055,41.0,40.0,40.5,34700,0.0,0.0
2018-01-19 00:00:00-05:00,43.5,43.5,40.95000076293945,42.38999938964844,4350,0.0,0.0
2018-01-22 00:00:00-05:00,42.0,42.79999923706055,40.5,40.5,2190,0.0,0.0
2018-01-23 00:00:00-05:00,40.5,41.0,40.5,41.0,360,0.0,0.0
2018-01-24 00:00:00-05:00,40.5,40.5,40.0,40.0,400,0.0,0.0
2018-01-25 00:00:00-05:00,40.5,40.5,40.0,40.0,1390,0.0,0.0
2018-01-26 00:00:00-05:00,41.0,41.0,40.0,40.0,1560,0.0,0.0
2018-01-29 00:00:00-05:00,40.0,40.0099983215332,39.900001525878906,40.0,2970,0.0,0.0
2018-01-30 00:00:00-05:00,40.0,40.0,38.099998474121094,40.0,1350,0.0,0.0
2018-01-31 00:00:00-05:00,38.099998474121094,40.0,37.5,40.0,580,0.0,0.0
2018-02-01 00:00:00-05:00,40.0,40.5,39.0,40.5,930,0.0,0.0
2018-02-02 00:00:00-05:00,39.20000076293945,41.0,39.20000076293945,40.0,2360,0.0,0.0
2018-02-05 00:00:00-05:00,40.79999923706055,40.79999923706055,40.79999923706055,40.79999923706055,150,0.0,0.0
2018-02-06 00:00:00-05:00,38.20000076293945,40.0,38.20000076293945,38.599998474121094,160,0.0,0.0
2018-02-07 00:00:00-05:00,40.0,40.0,38.599998474121094,39.79999923706055,760,0.0,0.0
2018-02-08 00:00:00-05:00,39.79999923706055,39.79999923706055,39.79999923706055,39.79999923706055,0,0.0,0.0
2018-02-09 00:00:00-05:00,39.79999923706055,39.79999923706055,39.79999923706055,39.79999923706055,0,0.0,0.0
2018-02-12 00:00:00-05:00,39.0,40.0,37.5,40.0,430,0.0,0.0
2018-02-13 00:00:00-05:00,36.70000076293945,39.5,36.70000076293945,39.5,70,0.0,0.0
2018-02-14 00:00:00-05:00,37.25,39.0,37.0,39.0,1430,0.0,0.0
2018-02-15 00:00:00-05:00,40.0,40.0,37.0,39.0,2160,0.0,0.0
2018-02-16 00:00:00-05:00,39.900001525878906,40.5,39.5,40.5,800,0.0,0.0
2018-02-20 00:00:00-05:00,40.0,40.5,40.0,40.5,510,0.0,0.0
2018-02-21 00:00:00-05:00,40.5,40.5,40.5,40.5,0,0.0,0.0
2018-02-22 00:00:00-05:00,40.900001525878906,41.900001525878906,38.099998474121094,38.25,610,0.0,0.0
2018-02-23 00:00:00-05:00,38.29999923706055,40.0,38.29999923706055,40.0,160,0.0,0.0
2018-02-26 00:00:00-05:00,39.099998474121094,40.20000076293945,39.0,39.70000076293945,1790,0.0,0.0
2018-02-27 00:00:00-05:00,40.0,40.900001525878906,39.5,40.79999923706055,4060,0.0,0.0
2018-02-28 00:00:00-05:00,42.400001525878906,44.0,40.0,40.0,3540,0.0,0.0
2018-03-01 00:00:00-05:00,40.20000076293945,42.79999923706055,40.0,40.400001525878906,1500,0.0,0.0
2018-03-02 00:00:00-05:00,41.400001525878906,41.400001525878906,40.20000076293945,40.20000076293945,1560,0.0,0.0
2018-03-05 00:00:00-05:00,40.0,41.0,37.5,40.099998474121094,870,0.0,0.0
2018-03-06 00:00:00-05:00,40.099998474121094,42.400001525878906,39.400001525878906,41.79999923706055,5490,0.0,0.0
2018-03-07 00:00:00-05:00,40.060001373291016,40.5,38.900001525878906,38.900001525878906,460,0.0,0.0
2018-03-08 00:00:00-05:00,41.0,41.0,39.5,39.5,810,0.0,0.0
2018-03-09 00:00:00-05:00,38.599998474121094,40.0,38.599998474121094,39.0,2240,0.0,0.0
2018-03-12 00:00:00-04:00,40.29999923706055,40.29999923706055,38.599998474121094,38.70000076293945,440,0.0,0.0
2018-03-13 00:00:00-04:00,40.20000076293945,40.20000076293945,38.939998626708984,40.0,550,0.0,0.0
2018-03-14 00:00:00-04:00,40.0,40.29999923706055,38.79999923706055,40.0,1640,0.0,0.0
2018-03-15 00:00:00-04:00,39.0,39.0,39.0,39.0,10,0.0,0.0
2018-03-16 00:00:00-04:00,39.0,39.0,38.599998474121094,38.599998474121094,1040,0.0,0.0
2018-03-19 00:00:00-04:00,39.400001525878906,40.0,38.79999923706055,40.0,680,0.0,0.0
2018-03-20 00:00:00-04:00,38.900001525878906,38.900001525878906,38.5,38.79999923706055,530,0.0,0.0
2018-03-21 00:00:00-04:00,37.900001525878906,37.900001525878906,34.29999923706055,34.599998474121094,850,0.0,0.0
2018-03-22 00:00:00-04:00,38.0,39.900001525878906,38.0,39.70000076293945,730,0.0,0.0
2018-03-23 00:00:00-04:00,38.0,39.900001525878906,38.0,39.5,440,0.0,0.0
2018-03-26 00:00:00-04:00,39.599998474121094,39.599998474121094,38.5,39.0,590,0.0,0.0
2018-03-27 00:00:00-04:00,39.0,39.0,38.20000076293945,39.0,540,0.0,0.0
2018-03-28 00:00:00-04:00,38.5,38.5,38.0,38.5,660,0.0,0.0
2018-03-29 00:00:00-04:00,37.9900016784668,38.5,37.5099983215332,38.0,1190,0.0,0.0
2018-04-02 00:00:00-04:00,34.5099983215332,37.5,34.5099983215332,37.5,630,0.0,0.0
2018-04-03 00:00:00-04:00,37.0,39.0,34.40999984741211,39.0,530,0.0,0.0
2018-04-04 00:00:00-04:00,36.5,38.599998474121094,36.5,38.599998474121094,700,0.0,0.0
2018-04-05 00:00:00-04:00,37.5,37.5,37.0,37.5,970,0.0,0.0
2018-04-06 00:00:00-04:00,36.0,38.20000076293945,34.5,38.20000076293945,1100,0.0,0.0
2018-04-09 00:00:00-04:00,34.70000076293945,38.20000076293945,34.400001525878906,38.20000076293945,690,0.0,0.0
2018-04-10 00:00:00-04:00,37.400001525878906,37.5,37.20000076293945,37.20000076293945,1120,0.0,0.0
2018-04-11 00:00:00-04:00,37.900001525878906,37.900001525878906,37.0,37.0,490,0.0,0.0
2018-04-12 00:00:00-04:00,37.5,37.70000076293945,37.5,37.70000076293945,470,0.0,0.0
2018-04-13 00:00:00-04:00,37.5,38.20000076293945,37.5,38.20000076293945,1070,0.0,0.0
2018-04-16 00:00:00-04:00,38.0,38.29999923706055,38.0,38.29999923706055,510,0.0,0.0
2018-04-17 00:00:00-04:00,37.70000076293945,38.0,37.70000076293945,38.0,970,0.0,0.0
2018-04-18 00:00:00-04:00,38.0,38.29999923706055,38.0,38.29999923706055,880,0.0,0.0
2018-04-19 00:00:00-04:00,38.0,38.0,37.900001525878906,38.0,400,0.0,0.0
2018-04-20 00:00:00-04:00,38.0,38.0,37.0,37.0,410,0.0,0.0
2018-04-23 00:00:00-04:00,37.0,37.0,35.790000915527344,37.0,550,0.0,0.0
2018-04-24 00:00:00-04:00,37.0,37.0,35.099998474121094,37.0,910,0.0,0.0
2018-04-25 00:00:00-04:00,36.0,37.0,36.0,37.0,680,0.0,0.0
2018-04-26 00:00:00-04:00,37.0,37.0,37.0,37.0,370,0.0,0.0
2018-04-27 00:00:00-04:00,37.099998474121094,38.0,37.099998474121094,38.0,370,0.0,0.0
2018-04-30 00:00:00-04:00,38.0,38.5,36.720001220703125,38.5,1680,0.0,0.0
2018-05-01 00:00:00-04:00,36.599998474121094,38.0,36.29999923706055,38.0,2090,0.0,0.0
2018-05-02 00:00:00-04:00,36.11000061035156,38.0,36.11000061035156,38.0,370,0.0,0.0
2018-05-03 00:00:00-04:00,38.0,38.0,35.79999923706055,38.0,660,0.0,0.0
2018-05-04 00:00:00-04:00,37.5,38.5,37.5,38.5,400,0.0,0.0
2018-05-07 00:00:00-04:00,36.0,38.5,35.0,38.5,550,0.0,0.0
2018-05-08 00:00:00-04:00,38.5,39.0,35.06999969482422,39.0,710,0.0,0.0
2018-05-09 00:00:00-04:00,39.5,39.5,35.63999938964844,36.29999923706055,750,0.0,0.0
2018-05-10 00:00:00-04:00,37.29999923706055,40.0,36.599998474121094,36.70000076293945,3500,0.0,0.0
2018-05-11 00:00:00-04:00,37.099998474121094,39.599998474121094,36.5,38.29999923706055,230,0.0,0.0
2018-05-14 00:00:00-04:00,38.599998474121094,39.0,36.0,39.0,600,0.0,0.0
2018-05-15 00:00:00-04:00,39.0,41.5,39.0,41.5,2210,0.0,0.0
2018-05-16 00:00:00-04:00,41.0,42.25,39.79999923706055,42.25,890,0.0,0.0
2018-05-17 00:00:00-04:00,38.0,70.19999694824219,38.0,69.5,1470,0.0,0.0
2018-05-18 00:00:00-04:00,69.80000305175781,102.5,46.79999923706055,49.400001525878906,146150,0.0,0.0
2018-05-21 00:00:00-04:00,50.20000076293945,57.5,38.0,42.0,31330,0.0,0.0
2018-05-22 00:00:00-04:00,42.29999923706055,50.0,37.0,40.70000076293945,23700,0.0,0.0
2018-05-23 00:00:00-04:00,40.400001525878906,42.0,35.310001373291016,40.900001525878906,8880,0.0,0.0
2018-05-24 00:00:00-04:00,41.20000076293945,41.439998626708984,35.70000076293945,39.5,5600,0.0,0.0
2018-05-25 00:00:00-04:00,36.900001525878906,39.5,36.599998474121094,38.45000076293945,4410,0.0,0.0
2018-05-29 00:00:00-04:00,37.900001525878906,45.0,37.79999923706055,41.79999923706055,12430,0.0,0.0
2018-05-30 00:00:00-04:00,40.0,43.0,38.189998626708984,40.099998474121094,6240,0.0,0.0
2018-05-31 00:00:00-04:00,42.099998474121094,43.900001525878906,40.11000061035156,42.099998474121094,9840,0.0,0.0
2018-06-01 00:00:00-04:00,43.79999923706055,44.79999923706055,42.29999923706055,44.5,3420,0.0,0.0
2018-06-04 00:00:00-04:00,44.5,57.400001525878906,42.400001525878906,55.599998474121094,17240,0.0,0.0
2018-06-05 00:00:00-04:00,55.0,57.70000076293945,47.70000076293945,48.099998474121094,10810,0.0,0.0
2018-06-06 00:00:00-04:00,48.470001220703125,56.20000076293945,48.400001525878906,53.400001525878906,8190,0.0,0.0
2018-06-07 00:00:00-04:00,53.0,58.0,52.29999923706055,54.5,9660,0.0,0.0
2018-06-08 00:00:00-04:00,54.20000076293945,55.70000076293945,48.79999923706055,52.20000076293945,2550,0.0,0.0
2018-06-11 00:00:00-04:00,53.099998474121094,81.0,53.099998474121094,74.0,67460,0.0,0.0
2018-06-12 00:00:00-04:00,71.0,86.9000015258789,62.900001525878906,70.5,49010,0.0,0.0
2018-06-13 00:00:00-04:00,69.69999694824219,74.0,66.55000305175781,71.4000015258789,36240,0.0,0.0
2018-06-14 00:00:00-04:00,75.0999984741211,83.69999694824219,74.9000015258789,77.0,38140,0.0,0.0
2018-06-15 00:00:00-04:00,77.69999694824219,86.0,77.0999984741211,83.19999694824219,75950,0.0,0.0
2018-06-18 00:00:00-04:00,82.9000015258789,90.0,79.88999938964844,86.80000305175781,26310,0.0,0.0
2018-06-19 00:00:00-04:00,88.19999694824219,95.19999694824219,84.1500015258789,95.19999694824219,35890,0.0,0.0
2018-06-20 00:00:00-04:00,94.5999984741211,111.0999984741211,92.5999984741211,104.30000305175781,31350,0.0,0.0
2018-06-21 00:00:00-04:00,104.5,107.9000015258789,83.19999694824219,91.9000015258789,37170,0.0,0.0
2018-06-22 00:00:00-04:00,91.19999694824219,105.0999984741211,72.5,79.0,215540,0.0,0.0
2018-06-25 00:00:00-04:00,78.9000015258789,80.30000305175781,60.0,61.900001525878906,50550,0.0,0.0
2018-06-26 00:00:00-04:00,62.400001525878906,71.0,61.65999984741211,63.400001525878906,32510,0.0,0.0
2018-06-27 00:00:00-04:00,63.0,70.0,58.5,60.099998474121094,23050,0.0,0.0
2018-06-28 00:00:00-04:00,60.20000076293945,60.20000076293945,53.5,57.599998474121094,24490,0.0,0.0
2018-06-29 00:00:00-04:00,58.099998474121094,59.75,56.70000076293945,57.70000076293945,14820,0.0,0.0
2018-07-02 00:00:00-04:00,57.79999923706055,60.099998474121094,57.0,57.70000076293945,8300,0.0,0.0
2018-07-03 00:00:00-04:00,56.599998474121094,62.099998474121094,56.56999969482422,60.29999923706055,8200,0.0,0.0
2018-07-05 00:00:00-04:00,60.20000076293945,61.9900016784668,58.0,58.79999923706055,10940,0.0,0.0
2018-07-06 00:00:00-04:00,57.0,60.0,57.0,59.5,2930,0.0,0.0
2018-07-09 00:00:00-04:00,58.0099983215332,60.0,58.0099983215332,59.900001525878906,5610,0.0,0.0
2018-07-10 00:00:00-04:00,60.099998474121094,60.099998474121094,58.0,59.29999923706055,8550,0.0,0.0
2018-07-11 00:00:00-04:00,59.29999923706055,60.0,58.20000076293945,58.599998474121094,6870,0.0,0.0
2018-07-12 00:00:00-04:00,58.400001525878906,58.400001525878906,53.79999923706055,54.099998474121094,6780,0.0,0.0
2018-07-13 00:00:00-04:00,54.0,57.099998474121094,54.0,55.400001525878906,3630,0.0,0.0
2018-07-16 00:00:00-04:00,55.29999923706055,55.400001525878906,52.0,52.900001525878906,5560,0.0,0.0
2018-07-17 00:00:00-04:00,52.5,52.5,49.900001525878906,50.599998474121094,4180,0.0,0.0
2018-07-18 00:00:00-04:00,52.099998474121094,52.29999923706055,50.900001525878906,51.29999923706055,1920,0.0,0.0
2018-07-19 00:00:00-04:00,51.20000076293945,54.5,51.150001525878906,51.20000076293945,4760,0.0,0.0
2018-07-20 00:00:00-04:00,51.29999923706055,51.29999923706055,49.099998474121094,49.70000076293945,5010,0.0,0.0
2018-07-23 00:00:00-04:00,51.099998474121094,51.099998474121094,47.599998474121094,50.400001525878906,6210,0.0,0.0
2018-07-24 00:00:00-04:00,50.29999923706055,56.20000076293945,49.79999923706055,53.79999923706055,9150,0.0,0.0
2018-07-25 00:00:00-04:00,53.599998474121094,55.5,51.150001525878906,54.79999923706055,3040,0.0,0.0
2018-07-26 00:00:00-04:00,54.70000076293945,58.5,52.5,53.599998474121094,3510,0.0,0.0
2018-07-27 00:00:00-04:00,53.599998474121094,55.79999923706055,49.08000183105469,49.599998474121094,4310,0.0,0.0
2018-07-30 00:00:00-04:00,59.599998474121094,59.599998474121094,46.70000076293945,47.099998474121094,5110,0.0,0.0
2018-07-31 00:00:00-04:00,46.900001525878906,48.5,45.5099983215332,47.79999923706055,2050,0.0,0.0
2018-08-01 00:00:00-04:00,47.099998474121094,51.400001525878906,46.0,46.5,3220,0.0,0.0
2018-08-02 00:00:00-04:00,46.599998474121094,48.79999923706055,45.70000076293945,48.29999923706055,5350,0.0,0.0
2018-08-03 00:00:00-04:00,47.79999923706055,48.29999923706055,45.599998474121094,47.099998474121094,4880,0.0,0.0
2018-08-06 00:00:00-04:00,49.400001525878906,50.29999923706055,44.79999923706055,45.0,4930,0.0,0.0
2018-08-07 00:00:00-04:00,48.290000915527344,50.20000076293945,45.29999923706055,49.79999923706055,3980,0.0,0.0
2018-08-08 00:00:00-04:00,50.20000076293945,50.5,48.45000076293945,50.0,960,0.0,0.0
2018-08-09 00:00:00-04:00,48.529998779296875,50.0,47.95000076293945,49.5,860,0.0,0.0
2018-08-10 00:00:00-04:00,48.5,48.5,46.5,46.5,1670,0.0,0.0
2018-08-13 00:00:00-04:00,46.0,49.400001525878906,46.0,46.29999923706055,3530,0.0,0.0
2018-08-14 00:00:00-04:00,46.90999984741211,49.599998474121094,46.0,46.20000076293945,2740,0.0,0.0
2018-08-15 00:00:00-04:00,46.0,46.5,44.20000076293945,44.70000076293945,1960,0.0,0.0
2018-08-16 00:00:00-04:00,44.599998474121094,44.599998474121094,41.61000061035156,43.70000076293945,4480,0.0,0.0
2018-08-17 00:00:00-04:00,43.900001525878906,46.65999984741211,43.900001525878906,44.599998474121094,3760,0.0,0.0
2018-08-20 00:00:00-04:00,44.400001525878906,44.79999923706055,42.5,43.900001525878906,4010,0.0,0.0
2018-08-21 00:00:00-04:00,43.5,43.5,42.099998474121094,42.099998474121094,5260,0.0,0.0
2018-08-22 00:00:00-04:00,42.099998474121094,45.970001220703125,42.099998474121094,44.599998474121094,7830,0.0,0.0
2018-08-23 00:00:00-04:00,44.79999923706055,46.20000076293945,43.099998474121094,43.79999923706055,1000,0.0,0.0
2018-08-24 00:00:00-04:00,44.70000076293945,46.0,44.29999923706055,44.599998474121094,3630,0.0,0.0
2018-08-27 00:00:00-04:00,45.5,46.0,42.5,43.599998474121094,3870,0.0,0.0
2018-08-28 00:00:00-04:00,44.099998474121094,45.349998474121094,44.0,44.599998474121094,1930,0.0,0.0
2018-08-29 00:00:00-04:00,46.0,46.0,43.29999923706055,44.0,3140,0.0,0.0
2018-08-30 00:00:00-04:00,45.5,45.5,44.599998474121094,44.900001525878906,2880,0.0,0.0
2018-08-31 00:00:00-04:00,44.400001525878906,51.099998474121094,44.400001525878906,50.70000076293945,6840,0.0,0.0
2018-09-04 00:00:00-04:00,52.599998474121094,55.5,51.599998474121094,54.400001525878906,12360,0.0,0.0
2018-09-05 00:00:00-04:00,56.29999923706055,56.29999923706055,50.400001525878906,54.20000076293945,6970,0.0,0.0
2018-09-06 00:00:00-04:00,55.400001525878906,55.79999923706055,50.099998474121094,51.70000076293945,4260,0.0,0.0
2018-09-07 00:00:00-04:00,51.5,51.65999984741211,48.20000076293945,48.900001525878906,3730,0.0,0.0
2018-09-10 00:00:00-04:00,50.0,52.099998474121094,48.099998474121094,49.29999923706055,1730,0.0,0.0
2018-09-11 00:00:00-04:00,51.099998474121094,51.099998474121094,49.70000076293945,49.900001525878906,710,0.0,0.0
2018-09-12 00:00:00-04:00,50.0,52.04999923706055,49.099998474121094,50.0,1850,0.0,0.0
2018-09-13 00:00:00-04:00,50.0,50.0,47.20000076293945,48.0,2000,0.0,0.0
2018-09-14 00:00:00-04:00,48.400001525878906,51.099998474121094,48.20000076293945,48.5,5910,0.0,0.0
2018-09-17 00:00:00-04:00,48.20000076293945,49.099998474121094,46.20000076293945,46.599998474121094,4040,0.0,0.0
2018-09-18 00:00:00-04:00,47.29999923706055,47.29999923706055,42.5,45.20000076293945,2820,0.0,0.0
2018-09-19 00:00:00-04:00,45.29999923706055,49.400001525878906,45.29999923706055,47.5,1070,0.0,0.0
2018-09-20 00:00:00-04:00,47.79999923706055,49.0,47.400001525878906,47.79999923706055,1220,0.0,0.0
2018-09-21 00:00:00-04:00,47.900001525878906,48.20000076293945,35.099998474121094,35.099998474121094,35410,0.0,0.0
2018-09-24 00:00:00-04:00,36.900001525878906,41.70000076293945,34.5,40.5,24540,0.0,0.0
2018-09-25 00:00:00-04:00,41.099998474121094,41.099998474121094,38.400001525878906,39.599998474121094,6850,0.0,0.0
2018-09-26 00:00:00-04:00,40.79999923706055,42.29999923706055,40.0,41.5,5330,0.0,0.0
2018-09-27 00:00:00-04:00,41.400001525878906,42.29999923706055,38.599998474121094,40.70000076293945,4440,0.0,0.0
2018-09-28 00:00:00-04:00,40.38999938964844,41.29999923706055,39.0,39.20000076293945,4700,0.0,0.0
2018-10-01 00:00:00-04:00,39.400001525878906,39.900001525878906,36.29999923706055,37.79999923706055,5370,0.0,0.0
2018-10-02 00:00:00-04:00,37.400001525878906,39.29999923706055,36.439998626708984,36.900001525878906,3210,0.0,0.0
2018-10-03 00:00:00-04:00,37.099998474121094,38.29999923706055,36.0,37.900001525878906,5860,0.0,0.0
2018-10-04 00:00:00-04:00,37.5,38.70000076293945,35.599998474121094,36.29999923706055,5330,0.0,0.0
2018-10-05 00:00:00-04:00,36.099998474121094,37.20000076293945,33.599998474121094,34.5,10710,0.0,0.0
2018-10-08 00:00:00-04:00,34.5,36.79999923706055,28.899999618530273,32.5,10270,0.0,0.0
2018-10-09 00:00:00-04:00,30.5,32.599998474121094,26.399999618530273,28.399999618530273,10270,0.0,0.0
2018-10-10 00:00:00-04:00,28.600000381469727,31.0,27.299999237060547,27.700000762939453,11530,0.0,0.0
2018-10-11 00:00:00-04:00,27.700000762939453,28.700000762939453,27.600000381469727,28.0,2510,0.0,0.0
2018-10-12 00:00:00-04:00,28.399999618530273,29.899999618530273,27.600000381469727,28.299999237060547,6120,0.0,0.0
2018-10-15 00:00:00-04:00,29.399999618530273,31.350000381469727,28.299999237060547,28.600000381469727,7910,0.0,0.0
2018-10-16 00:00:00-04:00,28.700000762939453,32.0,28.700000762939453,30.700000762939453,4110,0.0,0.0
2018-10-17 00:00:00-04:00,30.200000762939453,31.200000762939453,29.700000762939453,30.799999237060547,1440,0.0,0.0
2018-10-18 00:00:00-04:00,30.399999618530273,30.600000381469727,29.399999618530273,29.799999237060547,1000,0.0,0.0
2018-10-19 00:00:00-04:00,30.100000381469727,30.299999237060547,27.600000381469727,27.700000762939453,4680,0.0,0.0
2018-10-22 00:00:00-04:00,27.899999618530273,30.0,26.100000381469727,26.600000381469727,3320,0.0,0.0
2018-10-23 00:00:00-04:00,26.0,27.299999237060547,25.200000762939453,26.600000381469727,2810,0.0,0.0
2018-10-24 00:00:00-04:00,26.600000381469727,28.299999237060547,25.649999618530273,28.200000762939453,3630,0.0,0.0
2018-10-25 00:00:00-04:00,28.200000762939453,29.0,26.399999618530273,28.5,3240,0.0,0.0
2018-10-26 00:00:00-04:00,28.200000762939453,29.5,26.899999618530273,29.399999618530273,5450,0.0,0.0
2018-10-29 00:00:00-04:00,29.700000762939453,31.700000762939453,27.899999618530273,29.100000381469727,2060,0.0,0.0
2018-10-30 00:00:00-04:00,29.100000381469727,31.850000381469727,28.600000381469727,29.299999237060547,2300,0.0,0.0
2018-10-31 00:00:00-04:00,29.700000762939453,30.700000762939453,28.799999237060547,29.600000381469727,2130,0.0,0.0
2018-11-01 00:00:00-04:00,30.100000381469727,31.5,29.799999237060547,30.5,2680,0.0,0.0
2018-11-02 00:00:00-04:00,30.899999618530273,31.700000762939453,30.200000762939453,31.100000381469727,2190,0.0,0.0
2018-11-05 00:00:00-05:00,31.299999237060547,31.299999237060547,30.5,30.5,1450,0.0,0.0
2018-11-06 00:00:00-05:00,30.600000381469727,32.599998474121094,30.600000381469727,32.0,2910,0.0,0.0
2018-11-07 00:00:00-05:00,31.899999618530273,36.0,31.899999618530273,32.5,3530,0.0,0.0
2018-11-08 00:00:00-05:00,33.0,37.400001525878906,33.0,36.599998474121094,4740,0.0,0.0
2018-11-09 00:00:00-05:00,39.0,40.5,37.70000076293945,40.5,11360,0.0,0.0
2018-11-12 00:00:00-05:00,40.900001525878906,43.599998474121094,38.29999923706055,42.20000076293945,5400,0.0,0.0
2018-11-13 00:00:00-05:00,43.0,46.040000915527344,40.0,42.0,11030,0.0,0.0
2018-11-14 00:00:00-05:00,42.900001525878906,43.29999923706055,34.0,37.5,5910,0.0,0.0
2018-11-15 00:00:00-05:00,37.5,40.900001525878906,37.5,38.900001525878906,1710,0.0,0.0
2018-11-16 00:00:00-05:00,38.79999923706055,41.45000076293945,38.0,40.5,4040,0.0,0.0
2018-11-19 00:00:00-05:00,40.70000076293945,42.0,38.0,38.79999923706055,2170,0.0,0.0
2018-11-20 00:00:00-05:00,37.900001525878906,39.20000076293945,37.900001525878906,38.70000076293945,990,0.0,0.0
2018-11-21 00:00:00-05:00,39.900001525878906,43.400001525878906,39.900001525878906,42.20000076293945,4860,0.0,0.0
2018-11-23 00:00:00-05:00,42.20000076293945,43.5,40.29999923706055,43.5,990,0.0,0.0
2018-11-26 00:00:00-05:00,43.5,53.20000076293945,43.0,50.0,14630,0.0,0.0
2018-11-27 00:00:00-05:00,49.900001525878906,49.900001525878906,45.59000015258789,46.0,11440,0.0,0.0
2018-11-28 00:00:00-05:00,46.599998474121094,50.5,46.29999923706055,48.400001525878906,9800,0.0,0.0
2018-11-29 00:00:00-05:00,48.0,50.04999923706055,48.0,49.70000076293945,10040,0.0,0.0
2018-11-30 00:00:00-05:00,49.5,54.79999923706055,48.54999923706055,50.900001525878906,20010,0.0,0.0
2018-12-03 00:00:00-05:00,51.599998474121094,55.400001525878906,50.04999923706055,54.70000076293945,11960,0.0,0.0
2018-12-04 00:00:00-05:00,55.20000076293945,57.5,50.29999923706055,52.099998474121094,8510,0.0,0.0
2018-12-06 00:00:00-05:00,49.70000076293945,53.349998474121094,46.29999923706055,46.29999923706055,10380,0.0,0.0
2018-12-07 00:00:00-05:00,46.400001525878906,51.5,45.02000045776367,48.5,7920,0.0,0.0
2018-12-10 00:00:00-05:00,48.400001525878906,49.099998474121094,44.5,49.0,7450,0.0,0.0
2018-12-11 00:00:00-05:00,49.0,50.5,49.0,49.79999923706055,9050,0.0,0.0
2018-12-12 00:00:00-05:00,49.900001525878906,55.900001525878906,49.900001525878906,53.099998474121094,7910,0.0,0.0
2018-12-13 00:00:00-05:00,52.900001525878906,55.0,44.45000076293945,47.400001525878906,8390,0.0,0.0
2018-12-14 00:00:00-05:00,47.400001525878906,57.400001525878906,44.65999984741211,54.599998474121094,8900,0.0,0.0
2018-12-17 00:00:00-05:00,54.599998474121094,56.0,40.75,46.400001525878906,24050,0.0,0.0
2018-12-18 00:00:00-05:00,44.099998474121094,48.900001525878906,41.79999923706055,43.099998474121094,12370,0.0,0.0
2018-12-19 00:00:00-05:00,42.900001525878906,46.599998474121094,40.0,41.0,10950,0.0,0.0
2018-12-20 00:00:00-05:00,42.5,44.20000076293945,37.099998474121094,41.400001525878906,16440,0.0,0.0
2018-12-21 00:00:00-05:00,41.400001525878906,47.29999923706055,40.150001525878906,46.29999923706055,217440,0.0,0.0
2018-12-24 00:00:00-05:00,45.0,47.400001525878906,40.29999923706055,43.79999923706055,14410,0.0,0.0
2018-12-26 00:00:00-05:00,44.400001525878906,44.400001525878906,39.5,41.5,17950,0.0,0.0
2018-12-27 00:00:00-05:00,41.5,56.29999923706055,41.20000076293945,49.099998474121094,75750,0.0,0.0
2018-12-28 00:00:00-05:00,49.599998474121094,50.09000015258789,48.400001525878906,49.0,19700,0.0,0.0
2018-12-31 00:00:00-05:00,48.900001525878906,52.029998779296875,47.0,49.5,12090,0.0,0.0
2019-01-02 00:00:00-05:00,49.29999923706055,57.29999923706055,48.0,57.29999923706055,10320,0.0,0.0
2019-01-03 00:00:00-05:00,56.29999923706055,58.0,51.20000076293945,55.400001525878906,11290,0.0,0.0
2019-01-04 00:00:00-05:00,56.5,60.0,52.4900016784668,60.0,6530,0.0,0.0
2019-01-07 00:00:00-05:00,60.0,63.599998474121094,56.599998474121094,58.599998474121094,12370,0.0,0.0
2019-01-08 00:00:00-05:00,59.20000076293945,60.0,56.099998474121094,59.400001525878906,5380,0.0,0.0
2019-01-09 00:00:00-05:00,59.5,70.0,59.5,62.400001525878906,22770,0.0,0.0
2019-01-10 00:00:00-05:00,62.400001525878906,62.599998474121094,59.0,60.400001525878906,5620,0.0,0.0
2019-01-11 00:00:00-05:00,60.099998474121094,62.5,59.099998474121094,62.099998474121094,2120,0.0,0.0
2019-01-14 00:00:00-05:00,61.900001525878906,64.80000305175781,60.5,64.30000305175781,9130,0.0,0.0
2019-01-15 00:00:00-05:00,65.0,71.5,63.20000076293945,69.5,15920,0.0,0.0
2019-01-16 00:00:00-05:00,69.0999984741211,69.5,64.5,65.9000015258789,5340,0.0,0.0
2019-01-17 00:00:00-05:00,65.0,69.19999694824219,65.0,69.19999694824219,6470,0.0,0.0
2019-01-18 00:00:00-05:00,68.0,68.0,65.5,65.9000015258789,4020,0.0,0.0
2019-01-22 00:00:00-05:00,65.69999694824219,68.4000015258789,60.5,63.099998474121094,4810,0.0,0.0
2019-01-23 00:00:00-05:00,63.099998474121094,63.900001525878906,60.119998931884766,62.5,3590,0.0,0.0
2019-01-24 00:00:00-05:00,62.5,62.5,60.20000076293945,60.70000076293945,8260,0.0,0.0
2019-01-25 00:00:00-05:00,60.900001525878906,64.80000305175781,60.79999923706055,64.30000305175781,4420,0.0,0.0
2019-01-28 00:00:00-05:00,63.400001525878906,67.5,62.20000076293945,62.70000076293945,5700,0.0,0.0
2019-01-29 00:00:00-05:00,63.099998474121094,63.099998474121094,59.900001525878906,60.0,6460,0.0,0.0
2019-01-30 00:00:00-05:00,60.400001525878906,63.400001525878906,58.29999923706055,58.70000076293945,3700,0.0,0.0
2019-01-31 00:00:00-05:00,58.70000076293945,68.0,55.29999923706055,60.900001525878906,10120,0.0,0.0
2019-02-01 00:00:00-05:00,60.900001525878906,64.19999694824219,56.400001525878906,58.20000076293945,5520,0.0,0.0
2019-02-04 00:00:00-05:00,58.099998474121094,58.099998474121094,51.099998474121094,52.099998474121094,6060,0.0,0.0
2019-02-05 00:00:00-05:00,53.29999923706055,58.5,51.29999923706055,58.400001525878906,5350,0.0,0.0
2019-02-06 00:00:00-05:00,58.400001525878906,61.5,55.599998474121094,55.79999923706055,2010,0.0,0.0
2019-02-07 00:00:00-05:00,55.099998474121094,58.599998474121094,52.5,53.29999923706055,2600,0.0,0.0
2019-02-08 00:00:00-05:00,53.5,56.40999984741211,52.599998474121094,55.400001525878906,4040,0.0,0.0
2019-02-11 00:00:00-05:00,55.20000076293945,56.75,53.29999923706055,54.599998474121094,2640,0.0,0.0
2019-02-12 00:00:00-05:00,55.400001525878906,59.900001525878906,55.099998474121094,56.400001525878906,6750,0.0,0.0
2019-02-13 00:00:00-05:00,58.0,61.29999923706055,54.77000045776367,56.900001525878906,5570,0.0,0.0
2019-02-14 00:00:00-05:00,56.79999923706055,59.099998474121094,56.70000076293945,56.79999923706055,4990,0.0,0.0
2019-02-15 00:00:00-05:00,57.0,60.0,57.0,57.79999923706055,8080,0.0,0.0
2019-02-19 00:00:00-05:00,57.70000076293945,59.599998474121094,57.599998474121094,57.900001525878906,4600,0.0,0.0
2019-02-20 00:00:00-05:00,58.29999923706055,59.5,56.0,57.0,6580,0.0,0.0
2019-02-21 00:00:00-05:00,57.599998474121094,60.599998474121094,57.20000076293945,59.70000076293945,8210,0.0,0.0
2019-02-22 00:00:00-05:00,60.79999923706055,64.30000305175781,60.70000076293945,61.79999923706055,18960,0.0,0.0
2019-02-25 00:00:00-05:00,63.599998474121094,66.0999984741211,61.0,63.599998474121094,14100,0.0,0.0
2019-02-26 00:00:00-05:00,65.0,72.33000183105469,65.0,67.19999694824219,44380,0.0,0.0
2019-02-27 00:00:00-05:00,67.4000015258789,67.4000015258789,57.900001525878906,60.29999923706055,15770,0.0,0.0
2019-02-28 00:00:00-05:00,64.5999984741211,64.5999984741211,59.22999954223633,59.5,5190,0.0,0.0
2019-03-01 00:00:00-05:00,60.5,62.0,57.02000045776367,59.900001525878906,3840,0.0,0.0
2019-03-04 00:00:00-05:00,61.0,61.84000015258789,57.099998474121094,57.79999923706055,6380,0.0,0.0
2019-03-05 00:00:00-05:00,60.0,62.20000076293945,56.29999923706055,61.5,7620,0.0,0.0
2019-03-06 00:00:00-05:00,62.400001525878906,62.400001525878906,50.0,52.599998474121094,11100,0.0,0.0
2019-03-07 00:00:00-05:00,52.5,55.70000076293945,50.5,53.20000076293945,10930,0.0,0.0
2019-03-08 00:00:00-05:00,53.400001525878906,54.400001525878906,51.70000076293945,52.900001525878906,4570,0.0,0.0
2019-03-11 00:00:00-04:00,53.0,58.900001525878906,51.79999923706055,57.400001525878906,7620,0.0,0.0
2019-03-12 00:00:00-04:00,57.70000076293945,62.599998474121094,56.599998474121094,57.400001525878906,5610,0.0,0.0
2019-03-13 00:00:00-04:00,57.70000076293945,62.13999938964844,57.70000076293945,61.0,6790,0.0,0.0
2019-03-14 00:00:00-04:00,60.70000076293945,62.29999923706055,57.099998474121094,57.5,4430,0.0,0.0
2019-03-15 00:00:00-04:00,57.70000076293945,63.400001525878906,57.20000076293945,62.20000076293945,45320,0.0,0.0
2019-03-18 00:00:00-04:00,62.79999923706055,64.9000015258789,59.099998474121094,63.099998474121094,6270,0.0,0.0
2019-03-19 00:00:00-04:00,66.0,66.0,60.29999923706055,62.79999923706055,9070,0.0,0.0
2019-03-20 00:00:00-04:00,60.5099983215332,63.29999923706055,60.29999923706055,61.79999923706055,4680,0.0,0.0
2019-03-21 00:00:00-04:00,62.0,64.80000305175781,59.5,61.70000076293945,4850,0.0,0.0
2019-03-22 00:00:00-04:00,60.70000076293945,60.70000076293945,55.5,57.29999923706055,6100,0.0,0.0
2019-03-25 00:00:00-04:00,57.29999923706055,59.599998474121094,54.70000076293945,57.599998474121094,5930,0.0,0.0
2019-03-26 00:00:00-04:00,58.599998474121094,58.599998474121094,52.599998474121094,53.29999923706055,6960,0.0,0.0
2019-03-27 00:00:00-04:00,55.279998779296875,55.529998779296875,50.20000076293945,52.400001525878906,9910,0.0,0.0
2019-03-28 00:00:00-04:00,52.2599983215332,54.70000076293945,51.5,53.900001525878906,3520,0.0,0.0
2019-03-29 00:00:00-04:00,54.599998474121094,57.20000076293945,53.5,53.79999923706055,10140,0.0,0.0
2019-04-01 00:00:00-04:00,54.599998474121094,54.79999923706055,52.31999969482422,54.70000076293945,3710,0.0,0.0
2019-04-02 00:00:00-04:00,55.20000076293945,55.20000076293945,52.29999923706055,54.5,3320,0.0,0.0
2019-04-03 00:00:00-04:00,55.20000076293945,55.20000076293945,51.70000076293945,53.5,3640,0.0,0.0
2019-04-04 00:00:00-04:00,53.29999923706055,53.29999923706055,50.0,52.0,10030,0.0,0.0
2019-04-05 00:00:00-04:00,52.29999923706055,53.29999923706055,49.70000076293945,51.79999923706055,5440,0.0,0.0
2019-04-08 00:00:00-04:00,51.599998474121094,52.20000076293945,45.70000076293945,51.599998474121094,3370,0.0,0.0
2019-04-09 00:00:00-04:00,50.7400016784668,51.25,49.099998474121094,50.0,4080,0.0,0.0
2019-04-10 00:00:00-04:00,49.900001525878906,51.0,45.29999923706055,50.29999923706055,4790,0.0,0.0
2019-04-11 00:00:00-04:00,50.29999923706055,52.20000076293945,46.79999923706055,47.400001525878906,3690,0.0,0.0
2019-04-12 00:00:00-04:00,48.0,48.0,44.70000076293945,47.20000076293945,4890,0.0,0.0
2019-04-15 00:00:00-04:00,49.560001373291016,49.79999923706055,46.599998474121094,48.70000076293945,5890,0.0,0.0
2019-04-16 00:00:00-04:00,49.20000076293945,51.79999923706055,48.70000076293945,51.099998474121094,3890,0.0,0.0
2019-04-17 00:00:00-04:00,50.849998474121094,51.900001525878906,48.099998474121094,50.0,3910,0.0,0.0
2019-04-18 00:00:00-04:00,49.29999923706055,51.900001525878906,49.29999923706055,50.0,5580,0.0,0.0
2019-04-22 00:00:00-04:00,50.29999923706055,51.20000076293945,45.5,46.20000076293945,3300,0.0,0.0
2019-04-23 00:00:00-04:00,46.29999923706055,47.34000015258789,44.79999923706055,45.79999923706055,3100,0.0,0.0
2019-04-24 00:00:00-04:00,50.0,50.0,45.20000076293945,46.099998474121094,3940,0.0,0.0
2019-04-25 00:00:00-04:00,46.0,48.099998474121094,44.400001525878906,45.20000076293945,3560,0.0,0.0
2019-04-26 00:00:00-04:00,45.5,47.900001525878906,44.79999923706055,47.79999923706055,6320,0.0,0.0
2019-04-29 00:00:00-04:00,47.900001525878906,49.900001525878906,47.400001525878906,49.099998474121094,2940,0.0,0.0
2019-04-30 00:00:00-04:00,49.29999923706055,50.0,48.20000076293945,49.70000076293945,11500,0.0,0.0
2019-05-01 00:00:00-04:00,50.20000076293945,50.29999923706055,46.5,46.599998474121094,3650,0.0,0.0
2019-05-02 00:00:00-04:00,49.599998474121094,50.2599983215332,46.5,47.099998474121094,8570,0.0,0.0
2019-05-03 00:00:00-04:00,47.70000076293945,49.5,47.5,48.79999923706055,2210,0.0,0.0
2019-05-06 00:00:00-04:00,47.599998474121094,51.0,47.20000076293945,49.29999923706055,2910,0.0,0.0
2019-05-07 00:00:00-04:00,48.70000076293945,51.0,47.0,48.0,9310,0.0,0.0
2019-05-08 00:00:00-04:00,48.599998474121094,51.900001525878906,48.599998474121094,50.099998474121094,7410,0.0,0.0
2019-05-09 00:00:00-04:00,50.099998474121094,51.900001525878906,48.099998474121094,48.099998474121094,4910,0.0,0.0
2019-05-10 00:00:00-04:00,48.130001068115234,50.400001525878906,47.099998474121094,49.70000076293945,4250,0.0,0.0
2019-05-13 00:00:00-04:00,48.099998474121094,49.400001525878906,46.5,47.0,6290,0.0,0.0
2019-05-14 00:00:00-04:00,47.040000915527344,48.400001525878906,46.5,47.5,4660,0.0,0.0
2019-05-15 00:00:00-04:00,46.70000076293945,46.70000076293945,44.599998474121094,45.79999923706055,9720,0.0,0.0
2019-05-16 00:00:00-04:00,46.29999923706055,46.900001525878906,42.0,43.599998474121094,5980,0.0,0.0
2019-05-17 00:00:00-04:00,43.599998474121094,44.380001068115234,41.400001525878906,42.5,4570,0.0,0.0
2019-05-20 00:00:00-04:00,42.29999923706055,42.900001525878906,40.5,42.29999923706055,2770,0.0,0.0
2019-05-21 00:00:00-04:00,42.20000076293945,42.5,41.119998931884766,42.400001525878906,3090,0.0,0.0
2019-05-22 00:00:00-04:00,42.400001525878906,43.099998474121094,41.79999923706055,42.599998474121094,3670,0.0,0.0
2019-05-23 00:00:00-04:00,42.400001525878906,42.400001525878906,39.900001525878906,40.0,4210,0.0,0.0
2019-05-24 00:00:00-04:00,40.88999938964844,42.0,40.5,41.099998474121094,3880,0.0,0.0
2019-05-28 00:00:00-04:00,41.099998474121094,41.29999923706055,40.79999923706055,41.0,1490,0.0,0.0
2019-05-29 00:00:00-04:00,40.79999923706055,40.79999923706055,36.70000076293945,38.20000076293945,2660,0.0,0.0
2019-05-30 00:00:00-04:00,37.91999816894531,38.20000076293945,37.5,37.599998474121094,4100,0.0,0.0
2019-05-31 00:00:00-04:00,37.5,38.099998474121094,36.0,37.79999923706055,3620,0.0,0.0
2019-06-03 00:00:00-04:00,37.5,38.5,35.79999923706055,37.099998474121094,4240,0.0,0.0
2019-06-04 00:00:00-04:00,37.400001525878906,37.400001525878906,35.29999923706055,35.400001525878906,3150,0.0,0.0
2019-06-05 00:00:00-04:00,35.5,35.5,31.399999618530273,33.599998474121094,5360,0.0,0.0
2019-06-06 00:00:00-04:00,33.0,36.70000076293945,33.0,36.400001525878906,9480,0.0,0.0
2019-06-07 00:00:00-04:00,35.0,37.20000076293945,35.0,35.099998474121094,10260,0.0,0.0
2019-06-10 00:00:00-04:00,35.29999923706055,37.0,35.0,35.599998474121094,7380,0.0,0.0
2019-06-11 00:00:00-04:00,36.15999984741211,36.15999984741211,35.0,35.29999923706055,10060,0.0,0.0
2019-06-12 00:00:00-04:00,35.599998474121094,37.20000076293945,33.0,37.20000076293945,4550,0.0,0.0
2019-06-13 00:00:00-04:00,37.70000076293945,37.70000076293945,32.900001525878906,36.5,3670,0.0,0.0
2019-06-14 00:00:00-04:00,37.099998474121094,37.099998474121094,34.630001068115234,36.099998474121094,2820,0.0,0.0
2019-06-17 00:00:00-04:00,36.0,37.29999923706055,34.599998474121094,37.29999923706055,3590,0.0,0.0
2019-06-18 00:00:00-04:00,37.29999923706055,37.29999923706055,35.400001525878906,37.20000076293945,2050,0.0,0.0
2019-06-19 00:00:00-04:00,36.900001525878906,38.79999923706055,35.61000061035156,38.5,2980,0.0,0.0
2019-06-20 00:00:00-04:00,38.099998474121094,39.5,38.099998474121094,38.70000076293945,2350,0.0,0.0
2019-06-21 00:00:00-04:00,38.400001525878906,40.79999923706055,35.5,40.099998474121094,8080,0.0,0.0
2019-06-24 00:00:00-04:00,40.099998474121094,43.0,39.099998474121094,41.70000076293945,4840,0.0,0.0
2019-06-25 00:00:00-04:00,42.20000076293945,44.75,41.29999923706055,43.5,8510,0.0,0.0
2019-06-26 00:00:00-04:00,42.0,46.0,41.900001525878906,44.900001525878906,15740,0.0,0.0
2019-06-27 00:00:00-04:00,44.900001525878906,44.900001525878906,40.099998474121094,41.5,8580,0.0,0.0
2019-06-28 00:00:00-04:00,41.0,42.900001525878906,40.099998474121094,41.5,34520,0.0,0.0
2019-07-01 00:00:00-04:00,42.0,42.0,37.25,37.900001525878906,9830,0.0,0.0
2019-07-02 00:00:00-04:00,40.0,40.099998474121094,36.0,36.400001525878906,6790,0.0,0.0
2019-07-03 00:00:00-04:00,36.599998474121094,36.599998474121094,34.70000076293945,36.29999923706055,2750,0.0,0.0
2019-07-05 00:00:00-04:00,35.5,36.0,30.600000381469727,33.79999923706055,8650,0.0,0.0
2019-07-08 00:00:00-04:00,34.099998474121094,34.099998474121094,31.100000381469727,31.799999237060547,9920,0.0,0.0
2019-07-09 00:00:00-04:00,31.799999237060547,31.799999237060547,29.0,29.299999237060547,8840,0.0,0.0
2019-07-10 00:00:00-04:00,29.5,30.84000015258789,28.0,30.200000762939453,8420,0.0,0.0
2019-07-11 00:00:00-04:00,30.200000762939453,30.5,28.600000381469727,28.899999618530273,4290,0.0,0.0
2019-07-12 00:00:00-04:00,28.700000762939453,28.899999618530273,27.5,27.5,8530,0.0,0.0
2019-07-15 00:00:00-04:00,27.799999237060547,29.299999237060547,26.5,29.200000762939453,5810,0.0,0.0
2019-07-16 00:00:00-04:00,29.200000762939453,29.399999618530273,28.200000762939453,29.0,3550,0.0,0.0
2019-07-17 00:00:00-04:00,29.0,30.100000381469727,27.100000381469727,27.299999237060547,13800,0.0,0.0
2019-07-18 00:00:00-04:00,27.5,27.600000381469727,22.600000381469727,24.5,16140,0.0,0.0
2019-07-19 00:00:00-04:00,24.299999237060547,26.200000762939453,23.75,25.299999237060547,5770,0.0,0.0
2019-07-22 00:00:00-04:00,25.299999237060547,26.700000762939453,24.809999465942383,26.0,20460,0.0,0.0
2019-07-23 00:00:00-04:00,26.100000381469727,26.100000381469727,23.700000762939453,23.799999237060547,8030,0.0,0.0
2019-07-24 00:00:00-04:00,24.0,24.600000381469727,22.200000762939453,23.5,11170,0.0,0.0
2019-07-25 00:00:00-04:00,23.5,24.139999389648438,21.200000762939453,21.700000762939453,9850,0.0,0.0
2019-07-26 00:00:00-04:00,21.700000762939453,28.799999237060547,21.700000762939453,27.600000381469727,26450,0.0,0.0
2019-07-29 00:00:00-04:00,27.799999237060547,28.200000762939453,25.5,26.899999618530273,18110,0.0,0.0
2019-07-30 00:00:00-04:00,26.5,27.799999237060547,26.200000762939453,26.799999237060547,7180,0.0,0.0
2019-07-31 00:00:00-04:00,27.299999237060547,30.200000762939453,27.299999237060547,29.5,10500,0.0,0.0
2019-08-01 00:00:00-04:00,29.600000381469727,29.899999618530273,26.5,26.700000762939453,5040,0.0,0.0
2019-08-02 00:00:00-04:00,26.299999237060547,26.350000381469727,25.0,25.899999618530273,2190,0.0,0.0
2019-08-05 00:00:00-04:00,25.5,29.100000381469727,25.5,28.600000381469727,16710,0.0,0.0
2019-08-06 00:00:00-04:00,29.0,29.860000610351562,27.0,27.899999618530273,16880,0.0,0.0
2019-08-07 00:00:00-04:00,27.299999237060547,28.299999237060547,26.649999618530273,26.799999237060547,8950,0.0,0.0
2019-08-08 00:00:00-04:00,29.100000381469727,30.5,27.600000381469727,29.5,18540,0.0,0.0
2019-08-09 00:00:00-04:00,30.0,30.5,28.450000762939453,29.399999618530273,51890,0.0,0.0
2019-08-12 00:00:00-04:00,29.0,29.0,27.200000762939453,27.5,1530,0.0,0.0
2019-08-13 00:00:00-04:00,27.799999237060547,29.0,26.899999618530273,27.200000762939453,3840,0.0,0.0
2019-08-14 00:00:00-04:00,27.100000381469727,27.100000381469727,22.700000762939453,23.600000381469727,12130,0.0,0.0
2019-08-15 00:00:00-04:00,25.0,27.700000762939453,25.0,26.799999237060547,5770,0.0,0.0
2019-08-16 00:00:00-04:00,27.0,27.700000762939453,23.0,23.799999237060547,12370,0.0,0.0
2019-08-19 00:00:00-04:00,24.100000381469727,26.100000381469727,24.0,25.0,5200,0.0,0.0
2019-08-20 00:00:00-04:00,25.200000762939453,27.899999618530273,25.200000762939453,27.200000762939453,10260,0.0,0.0
2019-08-21 00:00:00-04:00,29.0,29.0,24.299999237060547,26.600000381469727,9500,0.0,0.0
2019-08-22 00:00:00-04:00,29.0,29.0,26.200000762939453,26.299999237060547,5800,0.0,0.0
2019-08-23 00:00:00-04:00,27.100000381469727,27.649999618530273,23.0,23.600000381469727,14160,0.0,0.0
2019-08-26 00:00:00-04:00,24.799999237060547,25.600000381469727,24.700000762939453,25.0,5850,0.0,0.0
2019-08-27 00:00:00-04:00,25.100000381469727,26.049999237060547,22.5,23.200000762939453,13640,0.0,0.0
2019-08-28 00:00:00-04:00,23.600000381469727,24.399999618530273,23.200000762939453,23.299999237060547,5860,0.0,0.0
2019-08-29 00:00:00-04:00,23.600000381469727,24.100000381469727,21.049999237060547,21.899999618530273,10700,0.0,0.0
2019-08-30 00:00:00-04:00,22.200000762939453,22.5,21.100000381469727,22.200000762939453,4390,0.0,0.0
2019-09-03 00:00:00-04:00,22.200000762939453,22.690000534057617,19.899999618530273,20.100000381469727,14180,0.0,0.0
2019-09-04 00:00:00-04:00,20.299999237060547,20.899999618530273,19.299999237060547,19.799999237060547,7770,0.0,0.0
2019-09-05 00:00:00-04:00,20.399999618530273,21.200000762939453,19.700000762939453,20.299999237060547,10220,0.0,0.0
2019-09-06 00:00:00-04:00,21.0,21.450000762939453,19.200000762939453,19.299999237060547,9990,0.0,0.0
2019-09-09 00:00:00-04:00,19.700000762939453,20.0,18.440000534057617,20.0,8150,0.0,0.0
2019-09-10 00:00:00-04:00,20.399999618530273,23.0,20.0,22.399999618530273,13870,0.0,0.0
2019-09-11 00:00:00-04:00,23.200000762939453,26.399999618530273,22.5,26.399999618530273,14520,0.0,0.0
2019-09-12 00:00:00-04:00,26.399999618530273,27.5,25.600000381469727,27.200000762939453,28100,0.0,0.0
2019-09-13 00:00:00-04:00,27.700000762939453,27.700000762939453,21.899999618530273,23.399999618530273,20180,0.0,0.0
2019-09-16 00:00:00-04:00,23.0,23.299999237060547,21.700000762939453,22.600000381469727,12640,0.0,0.0
2019-09-17 00:00:00-04:00,22.399999618530273,22.399999618530273,21.0,22.0,5930,0.0,0.0
2019-09-18 00:00:00-04:00,22.200000762939453,22.200000762939453,20.920000076293945,21.100000381469727,7640,0.0,0.0
2019-09-19 00:00:00-04:00,21.100000381469727,22.600000381469727,20.399999618530273,21.399999618530273,15500,0.0,0.0
2019-09-20 00:00:00-04:00,21.299999237060547,21.899999618530273,19.899999618530273,21.600000381469727,45800,0.0,0.0
2019-09-23 00:00:00-04:00,21.600000381469727,22.600000381469727,20.5,21.950000762939453,6650,0.0,0.0
2019-09-24 00:00:00-04:00,22.299999237060547,22.399999618530273,20.0,20.5,8120,0.0,0.0
2019-09-25 00:00:00-04:00,20.600000381469727,22.700000762939453,19.799999237060547,22.299999237060547,23260,0.0,0.0
2019-09-26 00:00:00-04:00,22.200000762939453,22.5,20.399999618530273,20.799999237060547,11090,0.0,0.0
2019-09-27 00:00:00-04:00,20.899999618530273,21.100000381469727,20.299999237060547,20.799999237060547,3090,0.0,0.0
2019-09-30 00:00:00-04:00,20.799999237060547,21.0,20.0,20.049999237060547,10890,0.0,0.0
2019-10-01 00:00:00-04:00,20.399999618530273,20.399999618530273,18.799999237060547,19.0,8450,0.0,0.0
2019-10-02 00:00:00-04:00,19.5,19.5,18.799999237060547,19.0,5720,0.0,0.0
2019-10-03 00:00:00-04:00,18.799999237060547,22.0,17.0,18.100000381469727,30750,0.0,0.0
2019-10-04 00:00:00-04:00,18.100000381469727,18.700000762939453,18.100000381469727,18.299999237060547,5640,0.0,0.0
2019-10-07 00:00:00-04:00,17.700000762939453,19.700000762939453,15.0,15.100000381469727,39010,0.0,0.0
2019-10-08 00:00:00-04:00,15.100000381469727,16.299999237060547,14.0,14.100000381469727,19810,0.0,0.0
2019-10-09 00:00:00-04:00,14.100000381469727,16.0,13.619999885559082,14.899999618530273,12480,0.0,0.0
2019-10-10 00:00:00-04:00,15.100000381469727,16.600000381469727,14.399999618530273,15.899999618530273,10530,0.0,0.0
2019-10-11 00:00:00-04:00,16.399999618530273,17.0,16.299999237060547,16.5,6790,0.0,0.0
2019-10-14 00:00:00-04:00,16.200000762939453,16.799999237060547,15.300000190734863,15.300000190734863,10040,0.0,0.0
2019-10-15 00:00:00-04:00,15.199999809265137,16.100000381469727,14.300000190734863,15.600000381469727,14340,0.0,0.0
2019-10-16 00:00:00-04:00,15.300000190734863,15.899999618530273,15.119999885559082,15.699999809265137,4140,0.0,0.0
2019-10-17 00:00:00-04:00,15.699999809265137,16.600000381469727,15.300000190734863,15.899999618530273,6730,0.0,0.0
2019-10-18 00:00:00-04:00,15.800000190734863,16.149999618530273,15.699999809265137,15.899999618530273,7790,0.0,0.0
2019-10-21 00:00:00-04:00,16.100000381469727,16.200000762939453,15.0,16.100000381469727,5800,0.0,0.0
2019-10-22 00:00:00-04:00,15.800000190734863,16.799999237060547,15.800000190734863,16.100000381469727,3530,0.0,0.0
2019-10-23 00:00:00-04:00,16.299999237060547,18.200000762939453,16.0,17.600000381469727,12680,0.0,0.0
2019-10-24 00:00:00-04:00,17.700000762939453,18.700000762939453,16.549999237060547,17.399999618530273,12780,0.0,0.0
2019-10-25 00:00:00-04:00,17.600000381469727,17.600000381469727,16.5,16.600000381469727,3930,0.0,0.0
2019-10-28 00:00:00-04:00,16.700000762939453,20.100000381469727,16.700000762939453,19.5,12280,0.0,0.0
2019-10-29 00:00:00-04:00,19.799999237060547,19.799999237060547,17.0,17.600000381469727,6500,0.0,0.0
2019-10-30 00:00:00-04:00,17.5,17.610000610351562,16.0,16.100000381469727,8240,0.0,0.0
2019-10-31 00:00:00-04:00,16.0,17.200000762939453,15.0,17.0,8160,0.0,0.0
2019-11-01 00:00:00-04:00,17.0,17.799999237060547,16.600000381469727,16.799999237060547,3190,0.0,0.0
2019-11-04 00:00:00-05:00,17.200000762939453,17.399999618530273,15.520000457763672,16.0,16060,0.0,0.0
2019-11-05 00:00:00-05:00,16.299999237060547,16.299999237060547,15.800000190734863,16.0,3930,0.0,0.0
2019-11-06 00:00:00-05:00,15.800000190734863,16.149999618530273,14.800000190734863,14.899999618530273,6960,0.0,0.0
2019-11-07 00:00:00-05:00,15.0,15.5,12.899999618530273,12.949999809265137,10810,0.0,0.0
2019-11-08 00:00:00-05:00,14.399999618530273,14.699999809265137,13.0,14.199999809265137,14630,0.0,0.0
2019-11-11 00:00:00-05:00,14.5,14.899999618530273,13.399999618530273,13.699999809265137,4700,0.0,0.0
2019-11-12 00:00:00-05:00,13.899999618530273,15.0,12.949999809265137,14.800000190734863,13800,0.0,0.0
2019-11-13 00:00:00-05:00,14.800000190734863,15.229999542236328,13.0,13.600000381469727,8890,0.0,0.0
2019-11-14 00:00:00-05:00,13.5,14.100000381469727,12.300000190734863,12.350000381469727,10930,0.0,0.0
2019-11-15 00:00:00-05:00,12.300000190734863,12.800000190734863,11.100000381469727,12.75,13780,0.0,0.0
2019-11-18 00:00:00-05:00,12.699999809265137,14.0,11.899999618530273,12.5,9680,0.0,0.0
2019-11-19 00:00:00-05:00,12.800000190734863,14.300000190734863,12.300000190734863,13.600000381469727,14700,0.0,0.0
2019-11-20 00:00:00-05:00,14.0,14.699999809265137,13.100000381469727,14.0,15600,0.0,0.0
2019-11-21 00:00:00-05:00,14.399999618530273,15.800000190734863,14.220000267028809,14.899999618530273,7890,0.0,0.0
2019-11-22 00:00:00-05:00,15.199999809265137,16.350000381469727,14.399999618530273,15.5,15140,0.0,0.0
2019-11-25 00:00:00-05:00,16.899999618530273,18.700000762939453,16.579999923706055,17.399999618530273,29950,0.0,0.0
2019-11-26 00:00:00-05:00,17.700000762939453,18.100000381469727,16.799999237060547,17.899999618530273,10740,0.0,0.0
2019-11-27 00:00:00-05:00,17.399999618530273,19.0,16.799999237060547,18.700000762939453,8250,0.0,0.0
2019-11-29 00:00:00-05:00,19.200000762939453,19.700000762939453,17.90999984741211,19.200000762939453,7820,0.0,0.0
2019-12-02 00:00:00-05:00,19.5,19.5,17.600000381469727,19.399999618530273,8320,0.0,0.0
2019-12-03 00:00:00-05:00,19.5,21.399999618530273,18.600000381469727,19.700000762939453,7820,0.0,0.0
2019-12-04 00:00:00-05:00,21.200000762939453,21.350000381469727,19.899999618530273,20.100000381469727,14360,0.0,0.0
2019-12-05 00:00:00-05:00,20.600000381469727,21.0,20.0,20.399999618530273,7440,0.0,0.0
2019-12-06 00:00:00-05:00,20.5,23.299999237060547,20.5,23.0,19910,0.0,0.0
2019-12-09 00:00:00-05:00,23.799999237060547,27.399999618530273,23.799999237060547,25.899999618530273,25690,0.0,0.0
2019-12-10 00:00:00-05:00,26.299999237060547,27.399999618530273,23.399999618530273,24.299999237060547,24300,0.0,0.0
2019-12-11 00:00:00-05:00,24.600000381469727,24.600000381469727,23.0,23.399999618530273,13280,0.0,0.0
2019-12-12 00:00:00-05:00,23.700000762939453,23.700000762939453,22.100000381469727,22.200000762939453,13300,0.0,0.0
2019-12-13 00:00:00-05:00,22.5,23.299999237060547,20.399999618530273,22.5,64570,0.0,0.0
2019-12-16 00:00:00-05:00,22.899999618530273,23.0,20.200000762939453,20.600000381469727,16750,0.0,0.0
2019-12-17 00:00:00-05:00,21.600000381469727,21.68000030517578,20.299999237060547,20.350000381469727,17790,0.0,0.0
2019-12-18 00:00:00-05:00,20.399999618530273,20.700000762939453,18.700000762939453,18.899999618530273,18400,0.0,0.0
2019-12-19 00:00:00-05:00,18.899999618530273,20.899999618530273,18.5,19.799999237060547,14410,0.0,0.0
2019-12-20 00:00:00-05:00,19.799999237060547,20.899999618530273,19.0,19.0,41420,0.0,0.0
2019-12-23 00:00:00-05:00,19.899999618530273,20.799999237060547,17.799999237060547,18.200000762939453,14940,0.0,0.0
2019-12-24 00:00:00-05:00,18.200000762939453,18.5,17.0,17.0,6290,0.0,0.0
2019-12-26 00:00:00-05:00,17.0,17.5,15.25,16.100000381469727,17870,0.0,0.0
2019-12-27 00:00:00-05:00,15.5,16.299999237060547,15.5,16.299999237060547,12890,0.0,0.0
2019-12-30 00:00:00-05:00,16.600000381469727,17.299999237060547,14.5,14.600000381469727,29180,0.0,0.0
2019-12-31 00:00:00-05:00,15.300000190734863,15.5,14.800000190734863,15.449999809265137,51770,0.0,0.0
2020-01-02 00:00:00-05:00,15.899999618530273,16.899999618530273,15.199999809265137,16.799999237060547,9330,0.0,0.0
2020-01-03 00:00:00-05:00,17.100000381469727,17.100000381469727,16.0,16.399999618530273,6420,0.0,0.0
2020-01-06 00:00:00-05:00,16.399999618530273,18.299999237060547,16.200000762939453,17.899999618530273,11500,0.0,0.0
2020-01-07 00:00:00-05:00,18.399999618530273,19.600000381469727,18.149999618530273,18.799999237060547,11560,0.0,0.0
2020-01-08 00:00:00-05:00,20.0,20.0,17.200000762939453,17.5,15720,0.0,0.0
2020-01-09 00:00:00-05:00,19.0,19.0,16.600000381469727,16.600000381469727,9380,0.0,0.0
2020-01-10 00:00:00-05:00,16.799999237060547,17.899999618530273,15.399999618530273,16.149999618530273,18390,0.0,0.0
2020-01-13 00:00:00-05:00,16.600000381469727,16.600000381469727,14.149999618530273,14.899999618530273,11430,0.0,0.0
2020-01-14 00:00:00-05:00,14.899999618530273,15.800000190734863,14.699999809265137,14.899999618530273,7500,0.0,0.0
2020-01-15 00:00:00-05:00,15.5,15.5,14.399999618530273,15.0,15240,0.0,0.0
2020-01-16 00:00:00-05:00,15.199999809265137,17.59000015258789,15.199999809265137,17.299999237060547,13810,0.0,0.0
2020-01-17 00:00:00-05:00,17.299999237060547,17.299999237060547,16.299999237060547,16.5,28700,0.0,0.0
2020-01-21 00:00:00-05:00,16.899999618530273,16.950000762939453,15.699999809265137,16.399999618530273,21790,0.0,0.0
2020-01-22 00:00:00-05:00,17.100000381469727,17.200000762939453,15.399999618530273,15.600000381469727,12060,0.0,0.0
2020-01-23 00:00:00-05:00,15.699999809265137,16.399999618530273,15.399999618530273,15.600000381469727,9770,0.0,0.0
2020-01-24 00:00:00-05:00,15.800000190734863,16.200000762939453,15.0,15.199999809265137,11230,0.0,0.0
2020-01-27 00:00:00-05:00,15.100000381469727,15.300000190734863,14.800000190734863,15.0,15900,0.0,0.0
2020-01-28 00:00:00-05:00,15.5,15.5,14.199999809265137,14.800000190734863,7140,0.0,0.0
2020-01-29 00:00:00-05:00,14.699999809265137,14.899999618530273,12.899999618530273,13.300000190734863,13310,0.0,0.0
2020-01-30 00:00:00-05:00,13.100000381469727,13.550000190734863,11.899999618530273,12.300000190734863,37420,0.0,0.0
2020-01-31 00:00:00-05:00,12.300000190734863,14.199999809265137,12.300000190734863,14.0,12410,0.0,0.0
2020-02-03 00:00:00-05:00,14.399999618530273,14.699999809265137,12.5,13.100000381469727,14400,0.0,0.0
2020-02-04 00:00:00-05:00,13.0,14.699999809265137,12.350000381469727,14.5,30740,0.0,0.0
2020-02-05 00:00:00-05:00,14.399999618530273,16.200000762939453,13.800000190734863,15.699999809265137,17090,0.0,0.0
2020-02-06 00:00:00-05:00,15.600000381469727,18.700000762939453,15.0,18.700000762939453,74720,0.0,0.0
2020-02-07 00:00:00-05:00,18.399999618530273,18.399999618530273,12.699999809265137,12.899999618530273,66240,0.0,0.0
2020-02-10 00:00:00-05:00,13.300000190734863,14.0,12.300000190734863,13.699999809265137,20080,0.0,0.0
2020-02-11 00:00:00-05:00,13.800000190734863,13.800000190734863,12.399999618530273,13.699999809265137,20610,0.0,0.0
2020-02-12 00:00:00-05:00,13.899999618530273,13.899999618530273,12.800000190734863,13.699999809265137,17200,0.0,0.0
2020-02-13 00:00:00-05:00,13.699999809265137,14.699999809265137,13.0,14.600000381469727,19490,0.0,0.0
2020-02-14 00:00:00-05:00,14.800000190734863,15.0,14.199999809265137,14.399999618530273,17220,0.0,0.0
2020-02-18 00:00:00-05:00,14.5,15.100000381469727,14.399999618530273,15.0,21870,0.0,0.0
2020-02-19 00:00:00-05:00,15.0,15.100000381469727,14.199999809265137,14.699999809265137,11640,0.0,0.0
2020-02-20 00:00:00-05:00,14.600000381469727,15.300000190734863,14.199999809265137,14.699999809265137,24490,0.0,0.0
2020-02-21 00:00:00-05:00,14.800000190734863,15.100000381469727,13.5,14.5,18940,0.0,0.0
2020-02-24 00:00:00-05:00,14.300000190734863,14.5,12.9399995803833,13.300000190734863,15650,0.0,0.0
2020-02-25 00:00:00-05:00,13.399999618530273,13.470000267028809,11.430000305175781,11.800000190734863,22730,0.0,0.0
2020-02-26 00:00:00-05:00,11.600000381469727,12.300000190734863,11.5,12.199999809265137,26540,0.0,0.0
2020-02-27 00:00:00-05:00,12.199999809265137,12.899999618530273,11.5,12.0,23670,0.0,0.0
2020-02-28 00:00:00-05:00,11.899999618530273,12.600000381469727,10.600000381469727,12.600000381469727,30160,0.0,0.0
2020-03-02 00:00:00-05:00,13.199999809265137,13.430000305175781,12.0,13.399999618530273,15040,0.0,0.0
2020-03-03 00:00:00-05:00,13.5,13.5,12.0,12.399999618530273,11130,0.0,0.0
2020-03-04 00:00:00-05:00,12.600000381469727,13.899999618530273,12.300000190734863,13.800000190734863,18030,0.0,0.0
2020-03-05 00:00:00-05:00,13.600000381469727,13.600000381469727,12.5,13.5,17890,0.0,0.0
2020-03-06 00:00:00-05:00,13.199999809265137,13.850000381469727,12.899999618530273,13.100000381469727,11850,0.0,0.0
2020-03-09 00:00:00-04:00,12.100000381469727,12.9399995803833,11.0,11.600000381469727,22540,0.0,0.0
2020-03-10 00:00:00-04:00,11.600000381469727,12.0,11.5,11.699999809265137,13660,0.0,0.0
2020-03-11 00:00:00-04:00,11.399999618530273,12.100000381469727,11.399999618530273,11.5,21950,0.0,0.0
2020-03-12 00:00:00-04:00,11.5,11.649999618530273,10.100000381469727,10.800000190734863,21480,0.0,0.0
2020-03-13 00:00:00-04:00,10.699999809265137,13.100000381469727,9.5,13.100000381469727,27820,0.0,0.0
2020-03-16 00:00:00-04:00,7.199999809265137,12.699999809265137,7.199999809265137,12.600000381469727,40530,0.0,0.0
2020-03-17 00:00:00-04:00,12.600000381469727,13.600000381469727,10.970000267028809,13.5,27910,0.0,0.0
2020-03-18 00:00:00-04:00,12.800000190734863,13.300000190734863,11.899999618530273,13.199999809265137,21640,0.0,0.0
2020-03-19 00:00:00-04:00,12.899999618530273,13.300000190734863,11.5,13.199999809265137,24060,0.0,0.0
2020-03-20 00:00:00-04:00,13.0,13.899999618530273,12.399999618530273,13.300000190734863,29860,0.0,0.0
2020-03-23 00:00:00-04:00,13.600000381469727,14.5,12.0600004196167,14.5,26700,0.0,0.0
2020-03-24 00:00:00-04:00,14.5,16.100000381469727,13.0,16.100000381469727,41180,0.0,0.0
2020-03-25 00:00:00-04:00,15.800000190734863,16.200000762939453,15.300000190734863,15.800000190734863,41630,0.0,0.0
2020-03-26 00:00:00-04:00,16.0,16.399999618530273,14.800000190734863,15.899999618530273,20160,0.0,0.0
2020-03-27 00:00:00-04:00,15.899999618530273,15.899999618530273,14.199999809265137,15.100000381469727,11360,0.0,0.0
2020-03-30 00:00:00-04:00,15.300000190734863,15.5,13.899999618530273,14.300000190734863,5370,0.0,0.0
2020-03-31 00:00:00-04:00,14.699999809265137,15.800000190734863,14.649999618530273,15.800000190734863,21750,0.0,0.0
2020-04-01 00:00:00-04:00,15.399999618530273,15.399999618530273,14.300000190734863,14.300000190734863,12480,0.0,0.0
2020-04-02 00:00:00-04:00,14.399999618530273,15.5,14.100000381469727,14.899999618530273,15980,0.0,0.0
2020-04-03 00:00:00-04:00,15.100000381469727,15.699999809265137,14.899999618530273,15.300000190734863,14730,0.0,0.0
2020-04-06 00:00:00-04:00,15.800000190734863,16.100000381469727,15.300000190734863,16.0,22880,0.0,0.0
2020-04-07 00:00:00-04:00,16.600000381469727,16.899999618530273,15.800000190734863,15.899999618530273,21960,0.0,0.0
2020-04-08 00:00:00-04:00,16.600000381469727,17.0,16.200000762939453,17.0,28650,0.0,0.0
2020-04-09 00:00:00-04:00,16.799999237060547,17.200000762939453,16.200000762939453,16.399999618530273,24960,0.0,0.0
2020-04-13 00:00:00-04:00,16.799999237060547,19.5,16.5,18.600000381469727,29520,0.0,0.0
2020-04-14 00:00:00-04:00,19.700000762939453,19.700000762939453,18.299999237060547,18.5,19190,0.0,0.0
2020-04-15 00:00:00-04:00,18.5,18.5,17.5,17.600000381469727,11210,0.0,0.0
2020-04-16 00:00:00-04:00,18.100000381469727,19.200000762939453,16.399999618530273,19.0,31670,0.0,0.0
2020-04-17 00:00:00-04:00,19.200000762939453,25.0,18.700000762939453,22.799999237060547,57960,0.0,0.0
2020-04-20 00:00:00-04:00,22.799999237060547,24.399999618530273,22.200000762939453,22.799999237060547,40830,0.0,0.0
2020-04-21 00:00:00-04:00,22.700000762939453,23.5,19.520000457763672,21.549999237060547,21080,0.0,0.0
2020-04-22 00:00:00-04:00,22.0,22.200000762939453,20.799999237060547,22.0,13510,0.0,0.0
2020-04-23 00:00:00-04:00,21.799999237060547,21.850000381469727,20.399999618530273,21.299999237060547,17590,0.0,0.0
2020-04-24 00:00:00-04:00,21.399999618530273,21.399999618530273,20.399999618530273,20.600000381469727,17590,0.0,0.0
2020-04-27 00:00:00-04:00,20.5,20.5,19.0,19.649999618530273,31130,0.0,0.0
2020-04-28 00:00:00-04:00,20.0,20.0,16.899999618530273,17.399999618530273,39390,0.0,0.0
2020-04-29 00:00:00-04:00,18.100000381469727,23.5,17.899999618530273,22.399999618530273,120170,0.0,0.0
2020-04-30 00:00:00-04:00,23.5,28.0,23.5,25.5,221030,0.0,0.0
2020-05-01 00:00:00-04:00,25.600000381469727,31.299999237060547,25.5,30.299999237060547,239210,0.0,0.0
2020-05-04 00:00:00-04:00,31.100000381469727,31.399999618530273,25.299999237060547,28.399999618530273,102380,0.0,0.0
2020-05-05 00:00:00-04:00,29.700000762939453,30.0,26.399999618530273,26.5,39190,0.0,0.0
2020-05-06 00:00:00-04:00,26.899999618530273,30.200000762939453,25.700000762939453,30.100000381469727,73010,0.0,0.0
2020-05-07 00:00:00-04:00,30.899999618530273,37.0,30.899999618530273,33.20000076293945,156800,0.0,0.0
2020-05-08 00:00:00-04:00,35.099998474121094,37.0,31.299999237060547,33.79999923706055,131810,0.0,0.0
2020-05-11 00:00:00-04:00,33.79999923706055,34.900001525878906,33.099998474121094,33.650001525878906,73790,0.0,0.0
2020-05-12 00:00:00-04:00,34.0,34.29999923706055,30.200000762939453,33.099998474121094,53160,0.0,0.0
2020-05-13 00:00:00-04:00,34.0,34.0,30.5,32.0,32820,0.0,0.0
2020-05-14 00:00:00-04:00,31.899999618530273,36.29999923706055,30.100000381469727,33.79999923706055,82120,0.0,0.0
2020-05-15 00:00:00-04:00,33.0,35.0,32.20000076293945,34.0,66230,0.0,0.0
2020-05-18 00:00:00-04:00,35.79999923706055,35.79999923706055,33.0,33.5,70420,0.0,0.0
2020-05-19 00:00:00-04:00,33.70000076293945,34.70000076293945,32.0,33.099998474121094,47960,0.0,0.0
2020-05-20 00:00:00-04:00,33.79999923706055,34.5,32.5,33.70000076293945,44800,0.0,0.0
2020-05-21 00:00:00-04:00,33.5,34.20000076293945,32.79999923706055,33.29999923706055,28670,0.0,0.0
2020-05-22 00:00:00-04:00,33.5,33.599998474121094,31.299999237060547,32.79999923706055,39360,0.0,0.0
2020-05-26 00:00:00-04:00,32.5,32.849998474121094,31.200000762939453,31.799999237060547,43610,0.0,0.0
2020-05-27 00:00:00-04:00,32.400001525878906,32.400001525878906,28.200000762939453,30.100000381469727,68790,0.0,0.0
2020-05-28 00:00:00-04:00,30.600000381469727,31.100000381469727,28.899999618530273,29.399999618530273,47960,0.0,0.0
2020-05-29 00:00:00-04:00,29.299999237060547,29.799999237060547,27.0,28.600000381469727,44510,0.0,0.0
2020-06-01 00:00:00-04:00,29.0,30.0,28.600000381469727,29.0,58730,0.0,0.0
2020-06-02 00:00:00-04:00,29.399999618530273,30.0,28.5,29.200000762939453,32880,0.0,0.0
2020-06-03 00:00:00-04:00,29.700000762939453,31.5,28.799999237060547,30.700000762939453,57110,0.0,0.0
2020-06-04 00:00:00-04:00,39.20000076293945,41.5,32.900001525878906,34.70000076293945,515070,0.0,0.0
2020-06-05 00:00:00-04:00,34.400001525878906,34.400001525878906,30.799999237060547,33.0,98220,0.0,0.0
2020-06-08 00:00:00-04:00,33.900001525878906,33.900001525878906,31.0,32.20000076293945,63710,0.0,0.0
2020-06-09 00:00:00-04:00,32.20000076293945,33.0,29.700000762939453,31.600000381469727,61940,0.0,0.0
2020-06-10 00:00:00-04:00,31.700000762939453,31.700000762939453,29.520000457763672,29.899999618530273,78810,0.0,0.0
2020-06-11 00:00:00-04:00,28.899999618530273,28.899999618530273,26.799999237060547,27.799999237060547,72880,0.0,0.0
2020-06-12 00:00:00-04:00,29.200000762939453,30.899999618530273,28.100000381469727,30.899999618530273,58780,0.0,0.0
2020-06-15 00:00:00-04:00,31.0,31.950000762939453,29.200000762939453,30.600000381469727,61930,0.0,0.0
2020-06-16 00:00:00-04:00,31.299999237060547,31.700000762939453,30.5,30.899999618530273,42720,0.0,0.0
2020-06-17 00:00:00-04:00,31.0,38.0,30.299999237060547,35.599998474121094,135870,0.0,0.0
2020-06-18 00:00:00-04:00,35.900001525878906,39.400001525878906,33.5,37.5,318810,0.0,0.0
2020-06-19 00:00:00-04:00,38.5,39.0,33.099998474121094,38.099998474121094,349640,0.0,0.0
2020-06-22 00:00:00-04:00,37.79999923706055,37.79999923706055,34.099998474121094,36.29999923706055,106610,0.0,0.0
2020-06-23 00:00:00-04:00,35.79999923706055,37.79999923706055,35.099998474121094,35.900001525878906,82590,0.0,0.0
2020-06-24 00:00:00-04:00,36.20000076293945,36.900001525878906,32.29999923706055,34.400001525878906,95320,0.0,0.0
2020-06-25 00:00:00-04:00,34.5,34.599998474121094,33.099998474121094,33.900001525878906,38450,0.0,0.0
2020-06-26 00:00:00-04:00,33.900001525878906,34.27000045776367,31.0,33.29999923706055,172050,0.0,0.0
2020-06-29 00:00:00-04:00,33.79999923706055,34.20000076293945,31.889999389648438,32.79999923706055,58050,0.0,0.0
2020-06-30 00:00:00-04:00,33.099998474121094,36.59000015258789,32.79999923706055,36.20000076293945,91760,0.0,0.0
2020-07-01 00:00:00-04:00,37.099998474121094,38.29999923706055,33.70000076293945,35.70000076293945,84540,0.0,0.0
2020-07-02 00:00:00-04:00,35.900001525878906,38.75,34.5,37.70000076293945,100720,0.0,0.0
2020-07-06 00:00:00-04:00,39.099998474121094,48.900001525878906,38.099998474121094,45.900001525878906,357630,0.0,0.0
2020-07-07 00:00:00-04:00,45.5,47.900001525878906,42.599998474121094,45.099998474121094,124890,0.0,0.0
2020-07-08 00:00:00-04:00,45.0,45.0,40.70000076293945,42.5,106680,0.0,0.0
2020-07-09 00:00:00-04:00,43.70000076293945,44.29999923706055,40.779998779296875,41.29999923706055,39740,0.0,0.0
2020-07-10 00:00:00-04:00,41.400001525878906,44.70000076293945,40.29999923706055,43.20000076293945,111930,0.0,0.0
2020-07-13 00:00:00-04:00,44.0,44.099998474121094,35.79999923706055,37.099998474121094,206920,0.0,0.0
2020-07-14 00:00:00-04:00,36.900001525878906,37.70000076293945,35.5,36.599998474121094,78240,0.0,0.0
2020-07-15 00:00:00-04:00,37.20000076293945,38.29999923706055,36.150001525878906,37.650001525878906,71100,0.0,0.0
2020-07-16 00:00:00-04:00,37.70000076293945,41.599998474121094,36.400001525878906,39.95000076293945,105060,0.0,0.0
2020-07-17 00:00:00-04:00,40.5,42.900001525878906,40.099998474121094,42.29999923706055,115580,0.0,0.0
2020-07-20 00:00:00-04:00,42.0,42.099998474121094,40.599998474121094,41.29999923706055,65690,0.0,0.0
2020-07-21 00:00:00-04:00,41.29999923706055,43.099998474121094,41.29999923706055,42.20000076293945,46400,0.0,0.0
2020-07-22 00:00:00-04:00,42.400001525878906,42.52000045776367,39.20000076293945,40.0,60440,0.0,0.0
2020-07-23 00:00:00-04:00,40.79999923706055,42.650001525878906,38.0,39.099998474121094,142250,0.0,0.0
2020-07-24 00:00:00-04:00,38.79999923706055,38.79999923706055,35.29999923706055,35.70000076293945,84730,0.0,0.0
2020-07-27 00:00:00-04:00,36.0,36.599998474121094,32.099998474121094,32.79999923706055,100320,0.0,0.0
2020-07-28 00:00:00-04:00,33.099998474121094,33.599998474121094,31.899999618530273,32.099998474121094,51560,0.0,0.0
2020-07-29 00:00:00-04:00,32.5,32.79999923706055,29.950000762939453,30.200000762939453,132840,0.0,0.0
2020-07-30 00:00:00-04:00,31.0,33.0,27.0,31.399999618530273,106400,0.0,0.0
2020-07-31 00:00:00-04:00,31.600000381469727,32.279998779296875,30.299999237060547,30.299999237060547,49230,0.0,0.0
2020-08-03 00:00:00-04:00,30.700000762939453,32.45000076293945,29.5,32.400001525878906,86970,0.0,0.0
2020-08-04 00:00:00-04:00,33.0,34.400001525878906,30.799999237060547,31.399999618530273,80770,0.0,0.0
2020-08-05 00:00:00-04:00,32.20000076293945,33.0,30.399999618530273,31.5,86820,0.0,0.0
2020-08-06 00:00:00-04:00,31.299999237060547,31.299999237060547,27.950000762939453,29.399999618530273,155810,0.0,0.0
2020-08-07 00:00:00-04:00,30.399999618530273,30.799999237060547,29.59000015258789,30.100000381469727,82220,0.0,0.0
2020-08-10 00:00:00-04:00,30.299999237060547,32.20000076293945,30.200000762939453,31.600000381469727,127520,0.0,0.0
2020-08-11 00:00:00-04:00,31.5,31.700000762939453,28.100000381469727,28.399999618530273,71530,0.0,0.0
2020-08-12 00:00:00-04:00,29.299999237060547,29.5,27.799999237060547,27.899999618530273,79890,0.0,0.0
2020-08-13 00:00:00-04:00,27.799999237060547,28.0,25.5,26.399999618530273,93470,0.0,0.0
2020-08-14 00:00:00-04:00,27.100000381469727,28.200000762939453,26.530000686645508,27.200000762939453,107900,0.0,0.0
2020-08-17 00:00:00-04:00,28.299999237060547,29.399999618530273,27.299999237060547,28.700000762939453,98030,0.0,0.0
2020-08-18 00:00:00-04:00,29.200000762939453,30.0,28.0,29.600000381469727,112360,0.0,0.0
2020-08-19 00:00:00-04:00,29.299999237060547,30.299999237060547,27.799999237060547,28.600000381469727,164970,0.0,0.0
2020-08-20 00:00:00-04:00,28.5,29.700000762939453,27.799999237060547,29.299999237060547,114970,0.0,0.0
2020-08-21 00:00:00-04:00,28.299999237060547,29.5,27.799999237060547,28.0,86890,0.0,0.0
2020-08-24 00:00:00-04:00,28.5,28.899999618530273,26.700000762939453,27.0,70440,0.0,0.0
2020-08-25 00:00:00-04:00,27.799999237060547,29.5,27.0,29.200000762939453,95490,0.0,0.0
2020-08-26 00:00:00-04:00,29.399999618530273,29.899999618530273,27.799999237060547,28.0,89660,0.0,0.0
2020-08-27 00:00:00-04:00,28.299999237060547,28.34000015258789,26.600000381469727,26.799999237060547,82690,0.0,0.0
2020-08-28 00:00:00-04:00,27.200000762939453,27.899999618530273,26.5,27.700000762939453,61430,0.0,0.0
2020-08-31 00:00:00-04:00,27.799999237060547,28.600000381469727,26.850000381469727,27.0,72030,0.0,0.0
2020-09-01 00:00:00-04:00,27.299999237060547,27.700000762939453,26.200000762939453,26.700000762939453,80560,0.0,0.0
2020-09-02 00:00:00-04:00,27.200000762939453,27.200000762939453,24.600000381469727,25.299999237060547,77800,0.0,0.0
2020-09-03 00:00:00-04:00,25.5,25.600000381469727,23.0,23.399999618530273,82720,0.0,0.0
2020-09-04 00:00:00-04:00,24.0,24.100000381469727,21.700000762939453,23.200000762939453,60200,0.0,0.0
2020-09-08 00:00:00-04:00,23.799999237060547,26.0,22.399999618530273,24.700000762939453,84980,0.0,0.0
2020-09-09 00:00:00-04:00,25.0,26.399999618530273,24.600000381469727,25.799999237060547,45950,0.0,0.0
2020-09-10 00:00:00-04:00,25.899999618530273,26.75,25.0,25.600000381469727,58520,0.0,0.0
2020-09-11 00:00:00-04:00,25.600000381469727,26.350000381469727,24.600000381469727,24.899999618530273,34860,0.0,0.0
2020-09-14 00:00:00-04:00,26.0,27.200000762939453,24.700000762939453,27.0,63500,0.0,0.0
2020-09-15 00:00:00-04:00,26.799999237060547,27.299999237060547,25.899999618530273,26.549999237060547,43900,0.0,0.0
2020-09-16 00:00:00-04:00,27.0,27.5,25.25,27.5,71680,0.0,0.0
2020-09-17 00:00:00-04:00,27.200000762939453,29.5,26.200000762939453,28.399999618530273,125430,0.0,0.0
2020-09-18 00:00:00-04:00,28.700000762939453,32.650001525878906,27.5,30.149999618530273,344580,0.0,0.0
2020-09-21 00:00:00-04:00,29.200000762939453,30.149999618530273,26.579999923706055,27.799999237060547,94700,0.0,0.0
2020-09-22 00:00:00-04:00,27.739999771118164,28.700000762939453,26.790000915527344,28.600000381469727,68950,0.0,0.0
2020-09-23 00:00:00-04:00,28.5,28.5,25.100000381469727,26.0,57480,0.0,0.0
2020-09-24 00:00:00-04:00,25.899999618530273,26.799999237060547,24.5,26.399999618530273,29690,0.0,0.0
2020-09-25 00:00:00-04:00,26.600000381469727,27.200000762939453,25.5,26.5,54750,0.0,0.0
2020-09-28 00:00:00-04:00,27.0,27.5,25.209999084472656,27.299999237060547,71520,0.0,0.0
2020-09-29 00:00:00-04:00,27.299999237060547,27.350000381469727,25.700000762939453,26.5,29300,0.0,0.0
2020-09-30 00:00:00-04:00,26.100000381469727,27.200000762939453,25.399999618530273,25.950000762939453,50820,0.0,0.0
2020-10-01 00:00:00-04:00,26.100000381469727,26.100000381469727,24.799999237060547,25.100000381469727,59770,0.0,0.0
2020-10-02 00:00:00-04:00,24.700000762939453,25.299999237060547,23.799999237060547,24.0,59030,0.0,0.0
2020-10-05 00:00:00-04:00,24.200000762939453,24.200000762939453,22.899999618530273,23.100000381469727,66700,0.0,0.0
2020-10-06 00:00:00-04:00,23.5,24.200000762939453,22.600000381469727,22.700000762939453,79100,0.0,0.0
2020-10-07 00:00:00-04:00,23.5,23.780000686645508,21.899999618530273,22.0,65920,0.0,0.0
2020-10-08 00:00:00-04:00,22.799999237060547,22.799999237060547,21.899999618530273,21.899999618530273,79570,0.0,0.0
2020-10-09 00:00:00-04:00,22.0,24.200000762939453,22.0,23.200000762939453,81050,0.0,0.0
2020-10-12 00:00:00-04:00,23.600000381469727,23.600000381469727,22.100000381469727,22.399999618530273,55000,0.0,0.0
2020-10-13 00:00:00-04:00,22.399999618530273,23.100000381469727,22.030000686645508,23.0,37130,0.0,0.0
2020-10-14 00:00:00-04:00,23.399999618530273,23.399999618530273,22.299999237060547,22.600000381469727,32520,0.0,0.0
2020-10-15 00:00:00-04:00,22.600000381469727,23.200000762939453,22.100000381469727,23.200000762939453,43060,0.0,0.0
2020-10-16 00:00:00-04:00,23.200000762939453,23.399999618530273,22.299999237060547,22.399999618530273,35400,0.0,0.0
2020-10-19 00:00:00-04:00,22.399999618530273,22.5,20.899999618530273,21.100000381469727,64010,0.0,0.0
2020-10-20 00:00:00-04:00,21.100000381469727,21.5,20.299999237060547,21.399999618530273,45090,0.0,0.0
2020-10-21 00:00:00-04:00,21.5,21.700000762939453,20.399999618530273,20.899999618530273,48180,0.0,0.0
2020-10-22 00:00:00-04:00,20.799999237060547,21.280000686645508,20.399999618530273,20.899999618530273,42970,0.0,0.0
2020-10-23 00:00:00-04:00,21.100000381469727,21.399999618530273,20.600000381469727,21.299999237060547,30030,0.0,0.0
2020-10-26 00:00:00-04:00,21.299999237060547,22.5,19.899999618530273,21.399999618530273,97090,0.0,0.0
2020-10-27 00:00:00-04:00,21.5,22.899999618530273,21.440000534057617,22.299999237060547,91070,0.0,0.0
2020-10-28 00:00:00-04:00,22.200000762939453,22.290000915527344,20.600000381469727,20.899999618530273,65350,0.0,0.0
2020-10-29 00:00:00-04:00,20.799999237060547,21.799999237060547,20.100000381469727,21.700000762939453,48440,0.0,0.0
2020-10-30 00:00:00-04:00,21.5,21.600000381469727,20.0,20.100000381469727,41070,0.0,0.0
2020-11-02 00:00:00-05:00,20.5,20.600000381469727,18.010000228881836,19.200000762939453,81840,0.0,0.0
2020-11-03 00:00:00-05:00,19.5,21.0,19.399999618530273,20.700000762939453,38040,0.0,0.0
2020-11-04 00:00:00-05:00,20.700000762939453,21.100000381469727,19.979999542236328,20.700000762939453,36060,0.0,0.0
2020-11-05 00:00:00-05:00,21.0,21.5,20.5,21.299999237060547,31390,0.0,0.0
2020-11-06 00:00:00-05:00,21.200000762939453,21.799999237060547,20.299999237060547,21.700000762939453,24780,0.0,0.0
2020-11-09 00:00:00-05:00,22.399999618530273,22.899999618530273,19.700000762939453,19.899999618530273,63590,0.0,0.0
2020-11-10 00:00:00-05:00,20.0,20.299999237060547,19.399999618530273,19.700000762939453,46740,0.0,0.0
2020-11-11 00:00:00-05:00,20.0,20.399999618530273,19.5,20.100000381469727,55370,0.0,0.0
2020-11-12 00:00:00-05:00,20.299999237060547,20.5,18.899999618530273,19.200000762939453,74370,0.0,0.0
2020-11-13 00:00:00-05:00,19.299999237060547,20.399999618530273,19.0,20.0,51190,0.0,0.0
2020-11-16 00:00:00-05:00,20.100000381469727,20.5,19.200000762939453,20.5,91470,0.0,0.0
2020-11-17 00:00:00-05:00,19.0,19.200000762939453,17.799999237060547,18.799999237060547,88820,0.0,0.0
2020-11-18 00:00:00-05:00,18.799999237060547,19.0,18.299999237060547,18.399999618530273,64600,0.0,0.0
2020-11-19 00:00:00-05:00,19.0,20.0,18.200000762939453,19.5,83140,0.0,0.0
2020-11-20 00:00:00-05:00,19.399999618530273,21.200000762939453,19.100000381469727,21.200000762939453,83960,0.0,0.0
2020-11-23 00:00:00-05:00,21.100000381469727,22.700000762939453,20.799999237060547,22.399999618530273,138660,0.0,0.0
2020-11-24 00:00:00-05:00,22.600000381469727,23.5,21.799999237060547,22.100000381469727,87380,0.0,0.0
2020-11-25 00:00:00-05:00,22.700000762939453,24.5,21.700000762939453,23.899999618530273,104520,0.0,0.0
2020-11-27 00:00:00-05:00,24.799999237060547,25.399999618530273,23.5,24.899999618530273,52480,0.0,0.0
2020-11-30 00:00:00-05:00,26.700000762939453,26.700000762939453,24.5,25.0,76340,0.0,0.0
2020-12-01 00:00:00-05:00,25.700000762939453,25.799999237060547,23.700000762939453,23.899999618530273,57540,0.0,0.0
2020-12-02 00:00:00-05:00,24.100000381469727,24.799999237060547,23.299999237060547,24.5,34320,0.0,0.0
2020-12-03 00:00:00-05:00,24.399999618530273,24.399999618530273,23.200000762939453,23.5,42650,0.0,0.0
2020-12-04 00:00:00-05:00,24.0,25.100000381469727,23.799999237060547,25.0,44590,0.0,0.0
2020-12-07 00:00:00-05:00,25.299999237060547,26.100000381469727,23.700000762939453,25.299999237060547,72690,0.0,0.0
2020-12-08 00:00:00-05:00,25.5,25.5,24.299999237060547,25.299999237060547,37430,0.0,0.0
2020-12-09 00:00:00-05:00,25.899999618530273,26.0,23.799999237060547,23.899999618530273,52450,0.0,0.0
2020-12-10 00:00:00-05:00,24.799999237060547,26.399999618530273,23.950000762939453,26.0,82280,0.0,0.0
2020-12-11 00:00:00-05:00,26.299999237060547,31.5,25.770000457763672,28.399999618530273,256650,0.0,0.0
2020-12-14 00:00:00-05:00,28.899999618530273,30.5,27.5,27.5,87790,0.0,0.0
2020-12-15 00:00:00-05:00,28.0,29.899999618530273,26.5,29.600000381469727,78430,0.0,0.0
2020-12-16 00:00:00-05:00,29.5,29.5,27.799999237060547,28.899999618530273,53890,0.0,0.0
2020-12-17 00:00:00-05:00,29.600000381469727,34.79999923706055,29.600000381469727,34.0,230790,0.0,0.0
2020-12-18 00:00:00-05:00,33.84000015258789,34.90999984741211,31.0,31.0,127260,0.0,0.0
2020-12-21 00:00:00-05:00,31.299999237060547,36.900001525878906,30.899999618530273,36.0,185820,0.0,0.0
2020-12-22 00:00:00-05:00,36.20000076293945,39.5,36.20000076293945,38.20000076293945,150910,0.0,0.0
2020-12-23 00:00:00-05:00,38.5,38.79999923706055,33.599998474121094,34.599998474121094,150010,0.0,0.0
2020-12-24 00:00:00-05:00,37.400001525878906,37.400001525878906,33.599998474121094,34.400001525878906,52640,0.0,0.0
2020-12-28 00:00:00-05:00,34.95000076293945,35.79999923706055,33.20000076293945,33.20000076293945,58960,0.0,0.0
2020-12-29 00:00:00-05:00,34.29999923706055,34.599998474121094,32.0,33.04999923706055,61600,0.0,0.0
2020-12-30 00:00:00-05:00,33.099998474121094,35.5,33.099998474121094,33.70000076293945,52420,0.0,0.0
2020-12-31 00:00:00-05:00,34.099998474121094,34.97999954223633,31.399999618530273,32.79999923706055,105870,0.0,0.0
2021-01-04 00:00:00-05:00,33.0,34.70000076293945,31.229999542236328,34.099998474121094,81160,0.0,0.0
2021-01-05 00:00:00-05:00,33.79999923706055,35.95000076293945,33.61000061035156,34.70000076293945,77140,0.0,0.0
2021-01-06 00:00:00-05:00,34.70000076293945,35.0,33.0,33.20000076293945,49430,0.0,0.0
2021-01-07 00:00:00-05:00,35.720001220703125,39.0,35.599998474121094,37.29999923706055,141100,0.0,0.0
2021-01-08 00:00:00-05:00,37.0,39.400001525878906,35.900001525878906,38.900001525878906,92830,0.0,0.0
2021-01-11 00:00:00-05:00,38.79999923706055,39.20000076293945,36.75,37.0,58820,0.0,0.0
2021-01-12 00:00:00-05:00,37.5,39.0,36.79999923706055,38.70000076293945,64530,0.0,0.0
2021-01-13 00:00:00-05:00,39.0,39.0,36.0,37.099998474121094,77150,0.0,0.0
2021-01-14 00:00:00-05:00,37.099998474121094,38.900001525878906,35.400001525878906,38.70000076293945,79980,0.0,0.0
2021-01-15 00:00:00-05:00,38.29999923706055,38.900001525878906,36.20000076293945,37.099998474121094,64210,0.0,0.0
2021-01-19 00:00:00-05:00,38.099998474121094,41.099998474121094,37.209999084472656,40.70000076293945,224880,0.0,0.0
2021-01-20 00:00:00-05:00,40.599998474121094,41.0,38.29999923706055,39.20000076293945,90840,0.0,0.0
2021-01-21 00:00:00-05:00,39.400001525878906,43.0,37.5,42.0,105760,0.0,0.0
2021-01-22 00:00:00-05:00,41.79999923706055,44.5,40.95000076293945,43.900001525878906,131080,0.0,0.0
2021-01-25 00:00:00-05:00,45.56999969482422,45.56999969482422,41.599998474121094,43.0,119450,0.0,0.0
2021-01-26 00:00:00-05:00,42.70000076293945,43.900001525878906,41.400001525878906,43.20000076293945,119590,0.0,0.0
2021-01-27 00:00:00-05:00,42.0,43.5,39.599998474121094,40.20000076293945,120340,0.0,0.0
2021-01-28 00:00:00-05:00,40.79999923706055,45.79999923706055,38.5,39.400001525878906,188580,0.0,0.0
2021-01-29 00:00:00-05:00,40.20000076293945,41.0,37.400001525878906,38.099998474121094,91010,0.0,0.0
2021-02-01 00:00:00-05:00,39.70000076293945,40.29999923706055,37.5,40.0,65710,0.0,0.0
2021-02-02 00:00:00-05:00,40.20000076293945,41.650001525878906,39.70000076293945,41.099998474121094,62650,0.0,0.0
2021-02-03 00:00:00-05:00,41.599998474121094,43.400001525878906,41.20000076293945,42.0,76070,0.0,0.0
2021-02-04 00:00:00-05:00,42.0,43.0,40.599998474121094,42.599998474121094,69830,0.0,0.0
2021-02-05 00:00:00-05:00,43.5,44.5,42.599998474121094,43.70000076293945,56780,0.0,0.0
2021-02-08 00:00:00-05:00,44.439998626708984,45.20000076293945,43.099998474121094,45.0,101850,0.0,0.0
2021-02-09 00:00:00-05:00,45.099998474121094,45.79999923706055,43.29999923706055,44.400001525878906,61700,0.0,0.0
2021-02-10 00:00:00-05:00,44.70000076293945,49.04999923706055,44.400001525878906,48.20000076293945,227890,0.0,0.0
2021-02-11 00:00:00-05:00,47.599998474121094,51.70000076293945,42.29999923706055,44.70000076293945,366790,0.0,0.0
2021-02-12 00:00:00-05:00,45.099998474121094,49.099998474121094,45.09000015258789,48.0,113170,0.0,0.0
2021-02-16 00:00:00-05:00,48.95000076293945,51.400001525878906,47.5,48.599998474121094,135700,0.0,0.0
2021-02-17 00:00:00-05:00,49.0,49.5,45.099998474121094,47.29999923706055,67620,0.0,0.0
2021-02-18 00:00:00-05:00,46.0,46.25,39.79999923706055,40.45000076293945,148890,0.0,0.0
2021-02-19 00:00:00-05:00,42.900001525878906,46.599998474121094,42.900001525878906,45.29999923706055,109860,0.0,0.0
2021-02-22 00:00:00-05:00,44.5,47.20000076293945,43.5,45.29999923706055,76670,0.0,0.0
2021-02-23 00:00:00-05:00,43.0,43.849998474121094,37.099998474121094,41.400001525878906,129820,0.0,0.0
2021-02-24 00:00:00-05:00,41.79999923706055,42.29999923706055,38.20000076293945,38.900001525878906,117530,0.0,0.0
2021-02-25 00:00:00-05:00,39.70000076293945,40.400001525878906,34.900001525878906,35.400001525878906,155200,0.0,0.0
2021-02-26 00:00:00-05:00,38.20000076293945,39.70000076293945,36.54999923706055,39.70000076293945,98930,0.0,0.0
2021-03-01 00:00:00-05:00,40.400001525878906,42.70000076293945,39.900001525878906,41.29999923706055,125880,0.0,0.0
2021-03-02 00:00:00-05:00,41.900001525878906,43.79999923706055,41.0,42.70000076293945,93820,0.0,0.0
2021-03-03 00:00:00-05:00,43.5,43.900001525878906,41.20000076293945,41.29999923706055,76350,0.0,0.0
2021-03-04 00:00:00-05:00,41.0,41.20000076293945,36.099998474121094,38.20000076293945,110790,0.0,0.0
2021-03-05 00:00:00-05:00,38.400001525878906,38.9900016784668,33.70000076293945,38.0,98080,0.0,0.0
2021-03-08 00:00:00-05:00,37.29999923706055,39.400001525878906,37.209999084472656,38.0,43070,0.0,0.0
2021-03-09 00:00:00-05:00,39.70000076293945,41.0,38.79999923706055,41.0,49060,0.0,0.0
2021-03-10 00:00:00-05:00,42.20000076293945,42.79999923706055,40.400001525878906,41.70000076293945,41650,0.0,0.0
2021-03-11 00:00:00-05:00,42.400001525878906,42.79999923706055,41.099998474121094,41.900001525878906,70830,0.0,0.0
2021-03-12 00:00:00-05:00,41.29999923706055,42.79999923706055,40.400001525878906,41.599998474121094,37920,0.0,0.0
2021-03-15 00:00:00-04:00,42.0,42.0,40.5,40.900001525878906,46610,0.0,0.0
2021-03-16 00:00:00-04:00,41.0,41.79999923706055,40.0,41.099998474121094,39700,0.0,0.0
2021-03-17 00:00:00-04:00,41.20000076293945,46.59000015258789,40.70000076293945,45.29999923706055,139420,0.0,0.0
2021-03-18 00:00:00-04:00,45.599998474121094,54.0,44.099998474121094,45.29999923706055,593650,0.0,0.0
2021-03-19 00:00:00-04:00,46.20000076293945,51.400001525878906,46.20000076293945,47.29999923706055,198690,0.0,0.0
2021-03-22 00:00:00-04:00,50.70000076293945,54.70000076293945,49.599998474121094,53.099998474121094,364600,0.0,0.0
2021-03-23 00:00:00-04:00,53.79999923706055,63.29999923706055,52.900001525878906,57.099998474121094,720930,0.0,0.0
2021-03-24 00:00:00-04:00,62.90999984741211,67.5999984741211,57.79999923706055,60.70000076293945,1103830,0.0,0.0
2021-03-25 00:00:00-04:00,54.29999923706055,61.20000076293945,51.599998474121094,59.70000076293945,618230,0.0,0.0
2021-03-26 00:00:00-04:00,59.79999923706055,69.5,48.599998474121094,55.70000076293945,1467690,0.0,0.0
2021-03-29 00:00:00-04:00,55.0,56.5,44.0,44.29999923706055,454080,0.0,0.0
2021-03-30 00:00:00-04:00,45.20000076293945,45.70000076293945,38.79999923706055,41.099998474121094,327560,0.0,0.0
2021-03-31 00:00:00-04:00,42.0,45.400001525878906,41.20000076293945,43.400001525878906,227830,0.0,0.0
2021-04-01 00:00:00-04:00,42.70000076293945,43.79999923706055,40.0,42.20000076293945,297410,0.0,0.0
2021-04-05 00:00:00-04:00,43.0,44.400001525878906,41.0,42.099998474121094,186410,0.0,0.0
2021-04-06 00:00:00-04:00,41.70000076293945,47.0,41.5,44.79999923706055,257010,0.0,0.0
2021-04-07 00:00:00-04:00,44.099998474121094,44.70000076293945,41.20000076293945,41.599998474121094,135410,0.0,0.0
2021-04-08 00:00:00-04:00,42.20000076293945,42.869998931884766,40.5,41.900001525878906,93440,0.0,0.0
2021-04-09 00:00:00-04:00,41.900001525878906,42.29999923706055,40.20000076293945,40.70000076293945,126960,0.0,0.0
2021-04-12 00:00:00-04:00,40.29999923706055,41.0,37.099998474121094,37.900001525878906,185160,0.0,0.0
2021-04-13 00:00:00-04:00,38.43000030517578,38.5,36.20000076293945,38.400001525878906,121420,0.0,0.0
2021-04-14 00:00:00-04:00,37.70000076293945,39.29999923706055,37.29999923706055,38.400001525878906,114250,0.0,0.0
2021-04-15 00:00:00-04:00,37.63999938964844,39.099998474121094,37.0,37.400001525878906,84090,0.0,0.0
2021-04-16 00:00:00-04:00,37.0,37.29999923706055,35.099998474121094,36.099998474121094,133590,0.0,0.0
2021-04-19 00:00:00-04:00,35.29999923706055,36.20000076293945,34.0,35.70000076293945,125220,0.0,0.0
2021-04-20 00:00:00-04:00,35.599998474121094,36.29999923706055,33.599998474121094,34.599998474121094,107090,0.0,0.0
2021-04-21 00:00:00-04:00,34.29999923706055,36.29999923706055,33.70000076293945,35.900001525878906,73610,0.0,0.0
2021-04-22 00:00:00-04:00,36.70000076293945,39.099998474121094,35.900001525878906,38.0,147720,0.0,0.0
2021-04-23 00:00:00-04:00,38.0,40.099998474121094,37.599998474121094,39.900001525878906,107930,0.0,0.0
2021-04-26 00:00:00-04:00,40.20000076293945,41.599998474121094,38.900001525878906,41.400001525878906,83120,0.0,0.0
2021-04-27 00:00:00-04:00,41.599998474121094,42.0,40.20000076293945,41.400001525878906,84470,0.0,0.0
2021-04-28 00:00:00-04:00,41.70000076293945,43.79999923706055,41.0,43.20000076293945,148010,0.0,0.0
2021-04-29 00:00:00-04:00,43.79999923706055,46.0,41.599998474121094,43.20000076293945,190030,0.0,0.0
2021-04-30 00:00:00-04:00,42.70000076293945,45.20000076293945,42.0,42.900001525878906,105300,0.0,0.0
2021-05-03 00:00:00-04:00,42.5,43.0,41.189998626708984,42.400001525878906,70710,0.0,0.0
2021-05-04 00:00:00-04:00,41.599998474121094,41.79999923706055,37.81999969482422,38.400001525878906,159720,0.0,0.0
2021-05-05 00:00:00-04:00,38.70000076293945,41.099998474121094,38.0,40.900001525878906,85300,0.0,0.0
2021-05-06 00:00:00-04:00,40.11000061035156,40.79999923706055,38.5,40.0,91310,0.0,0.0
2021-05-07 00:00:00-04:00,40.70000076293945,43.0,39.79999923706055,42.0,105190,0.0,0.0
2021-05-10 00:00:00-04:00,41.599998474121094,42.29999923706055,38.20000076293945,38.400001525878906,82800,0.0,0.0
2021-05-11 00:00:00-04:00,36.79999923706055,40.0,36.099998474121094,39.599998474121094,83720,0.0,0.0
2021-05-12 00:00:00-04:00,39.0,40.5,38.29999923706055,38.5,61830,0.0,0.0
2021-05-13 00:00:00-04:00,39.0,40.20000076293945,35.900001525878906,37.29999923706055,78770,0.0,0.0
2021-05-14 00:00:00-04:00,38.0,39.900001525878906,37.29999923706055,39.5,50320,0.0,0.0
2021-05-17 00:00:00-04:00,39.5,40.349998474121094,38.349998474121094,39.400001525878906,39540,0.0,0.0
2021-05-18 00:00:00-04:00,39.400001525878906,41.70000076293945,38.79999923706055,40.400001525878906,61510,0.0,0.0
2021-05-19 00:00:00-04:00,39.70000076293945,42.459999084472656,38.95000076293945,41.400001525878906,69190,0.0,0.0
2021-05-20 00:00:00-04:00,41.599998474121094,42.70000076293945,41.0,42.5,54710,0.0,0.0
2021-05-21 00:00:00-04:00,42.79999923706055,44.5,41.5,42.29999923706055,92620,0.0,0.0
2021-05-24 00:00:00-04:00,42.5,45.29999923706055,42.369998931884766,45.0,90140,0.0,0.0
2021-05-25 00:00:00-04:00,45.0,47.5,44.400001525878906,46.29999923706055,156800,0.0,0.0
2021-05-26 00:00:00-04:00,48.20000076293945,48.79999923706055,46.5,47.400001525878906,109450,0.0,0.0
2021-05-27 00:00:00-04:00,47.5,50.0,46.29999923706055,49.0,89870,0.0,0.0
2021-05-28 00:00:00-04:00,49.79999923706055,51.0,47.599998474121094,49.400001525878906,87240,0.0,0.0
2021-06-01 00:00:00-04:00,50.41999816894531,51.599998474121094,49.0,51.099998474121094,78310,0.0,0.0
2021-06-02 00:00:00-04:00,51.5,53.45000076293945,51.099998474121094,51.70000076293945,76190,0.0,0.0
2021-06-03 00:00:00-04:00,51.70000076293945,55.900001525878906,50.20000076293945,53.29999923706055,121970,0.0,0.0
2021-06-04 00:00:00-04:00,54.20000076293945,57.400001525878906,51.25,52.900001525878906,257480,0.0,0.0
2021-06-07 00:00:00-04:00,54.099998474121094,54.099998474121094,50.349998474121094,51.400001525878906,98630,0.0,0.0
2021-06-08 00:00:00-04:00,52.29999923706055,53.5,50.5,52.900001525878906,84660,0.0,0.0
2021-06-09 00:00:00-04:00,53.29999923706055,53.79999923706055,49.70000076293945,50.599998474121094,94640,0.0,0.0
2021-06-10 00:00:00-04:00,50.900001525878906,51.20000076293945,46.0,46.29999923706055,112140,0.0,0.0
2021-06-11 00:00:00-04:00,46.5,48.5,45.650001525878906,48.099998474121094,72370,0.0,0.0
2021-06-14 00:00:00-04:00,48.900001525878906,48.9900016784668,46.400001525878906,47.79999923706055,78980,0.0,0.0
2021-06-15 00:00:00-04:00,47.79999923706055,48.5,46.900001525878906,48.0,59940,0.0,0.0
2021-06-16 00:00:00-04:00,48.0,48.380001068115234,46.70000076293945,47.900001525878906,58330,0.0,0.0
2021-06-17 00:00:00-04:00,47.70000076293945,47.849998474121094,44.79999923706055,45.29999923706055,95830,0.0,0.0
2021-06-18 00:00:00-04:00,45.0,46.0,44.45000076293945,44.5,130780,0.0,0.0
2021-06-21 00:00:00-04:00,45.0,45.79999923706055,43.849998474121094,45.29999923706055,57670,0.0,0.0
2021-06-22 00:00:00-04:00,44.900001525878906,45.29999923706055,42.70000076293945,43.900001525878906,53370,0.0,0.0
2021-06-23 00:00:00-04:00,43.7599983215332,45.70000076293945,43.70000076293945,45.29999923706055,44460,0.0,0.0
2021-06-24 00:00:00-04:00,45.400001525878906,46.0,43.599998474121094,44.29999923706055,70900,0.0,0.0
2021-06-25 00:00:00-04:00,44.400001525878906,46.400001525878906,44.20000076293945,45.599998474121094,273900,0.0,0.0
2021-06-28 00:00:00-04:00,45.599998474121094,46.70000076293945,43.599998474121094,45.79999923706055,124450,0.0,0.0
2021-06-29 00:00:00-04:00,46.5,48.56999969482422,43.5,47.400001525878906,133170,0.0,0.0
2021-06-30 00:00:00-04:00,46.900001525878906,48.0,45.29999923706055,47.20000076293945,123590,0.0,0.0
2021-07-01 00:00:00-04:00,47.2599983215332,48.70000076293945,46.400001525878906,47.099998474121094,58760,0.0,0.0
2021-07-02 00:00:00-04:00,47.099998474121094,47.5,43.599998474121094,44.5,66060,0.0,0.0
2021-07-06 00:00:00-04:00,44.79999923706055,46.79999923706055,43.29999923706055,45.0,65300,0.0,0.0
2021-07-07 00:00:00-04:00,44.70000076293945,44.779998779296875,41.70000076293945,42.20000076293945,50440,0.0,0.0
2021-07-08 00:00:00-04:00,42.400001525878906,42.400001525878906,40.400001525878906,41.29999923706055,46230,0.0,0.0
2021-07-09 00:00:00-04:00,41.70000076293945,42.29999923706055,40.83000183105469,42.20000076293945,31850,0.0,0.0
2021-07-12 00:00:00-04:00,41.900001525878906,42.5,40.20000076293945,41.099998474121094,33540,0.0,0.0
2021-07-13 00:00:00-04:00,40.599998474121094,41.849998474121094,39.29999923706055,39.29999923706055,56720,0.0,0.0
2021-07-14 00:00:00-04:00,39.650001525878906,40.400001525878906,38.0,38.5,58140,0.0,0.0
2021-07-15 00:00:00-04:00,38.5,39.900001525878906,37.900001525878906,39.400001525878906,49750,0.0,0.0
2021-07-16 00:00:00-04:00,39.189998626708984,39.70000076293945,36.20000076293945,36.599998474121094,79010,0.0,0.0
2021-07-19 00:00:00-04:00,35.9900016784668,36.599998474121094,35.099998474121094,35.900001525878906,68120,0.0,0.0
2021-07-20 00:00:00-04:00,35.900001525878906,36.54999923706055,34.599998474121094,36.20000076293945,54800,0.0,0.0
2021-07-21 00:00:00-04:00,36.5,37.79999923706055,36.20000076293945,37.70000076293945,32780,0.0,0.0
2021-07-22 00:00:00-04:00,37.79999923706055,37.79999923706055,35.79999923706055,36.0,27430,0.0,0.0
2021-07-23 00:00:00-04:00,36.0,36.0,34.29999923706055,35.0,38940,0.0,0.0
2021-07-26 00:00:00-04:00,35.099998474121094,36.599998474121094,34.599998474121094,35.400001525878906,47320,0.0,0.0
2021-07-27 00:00:00-04:00,35.0,35.29999923706055,33.40999984741211,34.70000076293945,43690,0.0,0.0
2021-07-28 00:00:00-04:00,34.900001525878906,36.400001525878906,34.599998474121094,35.599998474121094,28830,0.0,0.0
2021-07-29 00:00:00-04:00,35.599998474121094,37.20000076293945,35.400001525878906,36.29999923706055,41960,0.0,0.0
2021-07-30 00:00:00-04:00,35.70000076293945,36.5,35.0,35.400001525878906,26440,0.0,0.0
2021-08-02 00:00:00-04:00,35.34000015258789,37.20000076293945,35.34000015258789,36.70000076293945,32430,0.0,0.0
2021-08-03 00:00:00-04:00,36.70000076293945,36.70000076293945,34.0,34.29999923706055,32980,0.0,0.0
2021-08-04 00:00:00-04:00,34.0,35.38999938964844,33.0,33.099998474121094,35680,0.0,0.0
2021-08-05 00:00:00-04:00,33.20000076293945,35.95000076293945,33.099998474121094,35.099998474121094,37640,0.0,0.0
2021-08-06 00:00:00-04:00,35.20000076293945,35.5,34.20000076293945,34.70000076293945,22640,0.0,0.0
2021-08-09 00:00:00-04:00,34.599998474121094,35.79999923706055,34.20000076293945,35.29999923706055,20380,0.0,0.0
2021-08-10 00:00:00-04:00,35.099998474121094,35.45000076293945,33.400001525878906,33.79999923706055,61720,0.0,0.0
2021-08-11 00:00:00-04:00,34.400001525878906,37.099998474121094,33.5,36.29999923706055,73140,0.0,0.0
2021-08-12 00:00:00-04:00,36.0,36.099998474121094,34.099998474121094,34.70000076293945,49690,0.0,0.0
2021-08-13 00:00:00-04:00,34.599998474121094,34.86000061035156,29.950000762939453,31.299999237060547,163560,0.0,0.0
2021-08-16 00:00:00-04:00,30.899999618530273,31.299999237060547,29.299999237060547,29.399999618530273,77630,0.0,0.0
2021-08-17 00:00:00-04:00,29.299999237060547,29.299999237060547,26.799999237060547,27.200000762939453,75850,0.0,0.0
2021-08-18 00:00:00-04:00,28.399999618530273,30.0,27.299999237060547,28.899999618530273,76400,0.0,0.0
2021-08-19 00:00:00-04:00,28.700000762939453,29.600000381469727,28.100000381469727,28.299999237060547,66340,0.0,0.0
2021-08-20 00:00:00-04:00,28.200000762939453,30.299999237060547,28.200000762939453,30.0,80430,0.0,0.0
2021-08-23 00:00:00-04:00,30.399999618530273,32.04999923706055,30.3799991607666,31.600000381469727,47430,0.0,0.0
2021-08-24 00:00:00-04:00,31.700000762939453,31.799999237060547,30.450000762939453,31.5,51770,0.0,0.0
2021-08-25 00:00:00-04:00,31.299999237060547,32.70000076293945,31.100000381469727,32.29999923706055,49230,0.0,0.0
2021-08-26 00:00:00-04:00,32.599998474121094,33.5,31.899999618530273,32.099998474121094,37760,0.0,0.0
2021-08-27 00:00:00-04:00,32.20000076293945,33.5099983215332,32.0,33.0,26070,0.0,0.0
2021-08-30 00:00:00-04:00,33.400001525878906,34.400001525878906,32.400001525878906,33.70000076293945,53910,0.0,0.0
2021-08-31 00:00:00-04:00,34.099998474121094,34.5,33.20000076293945,34.29999923706055,30530,0.0,0.0
2021-09-01 00:00:00-04:00,34.29999923706055,35.0,33.599998474121094,34.0,35800,0.0,0.0
2021-09-02 00:00:00-04:00,33.900001525878906,35.20000076293945,33.599998474121094,33.79999923706055,33210,0.0,0.0
2021-09-03 00:00:00-04:00,33.75,33.900001525878906,32.5,33.0,26510,0.0,0.0
2021-09-07 00:00:00-04:00,33.20000076293945,35.45000076293945,33.20000076293945,34.79999923706055,50950,0.0,0.0
2021-09-08 00:00:00-04:00,35.0,35.099998474121094,32.900001525878906,33.099998474121094,25790,0.0,0.0
2021-09-09 00:00:00-04:00,33.0,33.95000076293945,32.849998474121094,33.599998474121094,28660,0.0,0.0
2021-09-10 00:00:00-04:00,33.79999923706055,34.2400016784668,32.400001525878906,32.5,29960,0.0,0.0
2021-09-13 00:00:00-04:00,32.5,35.20000076293945,31.690000534057617,33.900001525878906,58670,0.0,0.0
2021-09-14 00:00:00-04:00,34.0,34.29999923706055,32.099998474121094,32.5,40990,0.0,0.0
2021-09-15 00:00:00-04:00,33.29999923706055,34.77000045776367,32.29999923706055,33.599998474121094,45350,0.0,0.0
2021-09-16 00:00:00-04:00,33.400001525878906,34.5,32.0,33.900001525878906,43200,0.0,0.0
2021-09-17 00:00:00-04:00,34.29999923706055,35.70000076293945,33.0,33.70000076293945,115270,0.0,0.0
2021-09-20 00:00:00-04:00,32.900001525878906,33.540000915527344,30.399999618530273,30.399999618530273,74390,0.0,0.0
2021-09-21 00:00:00-04:00,31.0,31.700000762939453,30.200000762939453,31.0,42000,0.0,0.0
2021-09-22 00:00:00-04:00,31.0,31.899999618530273,30.200000762939453,30.799999237060547,31920,0.0,0.0
2021-09-23 00:00:00-04:00,31.0,33.0,30.299999237060547,31.600000381469727,57930,0.0,0.0
2021-09-24 00:00:00-04:00,31.200000762939453,33.400001525878906,31.200000762939453,32.900001525878906,51200,0.0,0.0
2021-09-27 00:00:00-04:00,32.59000015258789,33.20000076293945,32.20000076293945,32.599998474121094,49560,0.0,0.0
2021-09-28 00:00:00-04:00,32.400001525878906,32.5,30.399999618530273,30.700000762939453,45210,0.0,0.0
2021-09-29 00:00:00-04:00,30.799999237060547,30.899999618530273,29.700000762939453,29.799999237060547,30670,0.0,0.0
2021-09-30 00:00:00-04:00,30.299999237060547,30.5,29.5,29.899999618530273,32020,0.0,0.0
2021-10-01 00:00:00-04:00,30.0,31.799999237060547,29.700000762939453,31.600000381469727,49540,0.0,0.0
2021-10-04 00:00:00-04:00,31.600000381469727,31.790000915527344,30.100000381469727,30.100000381469727,26250,0.0,0.0
2021-10-05 00:00:00-04:00,30.100000381469727,30.700000762939453,29.850000381469727,30.700000762939453,23670,0.0,0.0
2021-10-06 00:00:00-04:00,29.200000762939453,31.0,29.200000762939453,30.100000381469727,12070,0.0,0.0
2021-10-07 00:00:00-04:00,30.799999237060547,30.950000762939453,27.799999237060547,28.399999618530273,44310,0.0,0.0
2021-10-08 00:00:00-04:00,28.399999618530273,29.25,26.799999237060547,27.799999237060547,32690,0.0,0.0
2021-10-11 00:00:00-04:00,26.899999618530273,28.5,26.5,26.899999618530273,30230,0.0,0.0
2021-10-12 00:00:00-04:00,26.899999618530273,27.850000381469727,26.899999618530273,27.299999237060547,20120,0.0,0.0
2021-10-13 00:00:00-04:00,27.0,29.5,26.299999237060547,29.100000381469727,40280,0.0,0.0
2021-10-14 00:00:00-04:00,29.100000381469727,29.5,28.200000762939453,28.399999618530273,22600,0.0,0.0
2021-10-15 00:00:00-04:00,29.100000381469727,29.899999618530273,28.299999237060547,29.100000381469727,35250,0.0,0.0
2021-10-18 00:00:00-04:00,29.0,30.200000762939453,28.0,29.799999237060547,37470,0.0,0.0
2021-10-19 00:00:00-04:00,29.5,31.600000381469727,29.0,30.700000762939453,43020,0.0,0.0
2021-10-20 00:00:00-04:00,30.700000762939453,31.0,29.600000381469727,30.299999237060547,13790,0.0,0.0
2021-10-21 00:00:00-04:00,30.0,30.100000381469727,28.899999618530273,28.899999618530273,16950,0.0,0.0
2021-10-22 00:00:00-04:00,28.799999237060547,29.299999237060547,27.5,28.0,30040,0.0,0.0
2021-10-25 00:00:00-04:00,28.0,29.399999618530273,27.600000381469727,28.0,40360,0.0,0.0
2021-10-26 00:00:00-04:00,28.899999618530273,29.100000381469727,27.299999237060547,27.899999618530273,42170,0.0,0.0
2021-10-27 00:00:00-04:00,27.299999237060547,27.799999237060547,26.799999237060547,26.899999618530273,21150,0.0,0.0
2021-10-28 00:00:00-04:00,26.899999618530273,28.350000381469727,26.0,28.100000381469727,118640,0.0,0.0
2021-10-29 00:00:00-04:00,24.5,26.450000762939453,22.450000762939453,22.899999618530273,211220,0.0,0.0
2021-11-01 00:00:00-04:00,23.100000381469727,24.899999618530273,23.100000381469727,24.399999618530273,60510,0.0,0.0
2021-11-02 00:00:00-04:00,24.200000762939453,25.0,23.5,24.200000762939453,33500,0.0,0.0
2021-11-03 00:00:00-04:00,23.799999237060547,24.700000762939453,23.600000381469727,23.899999618530273,44130,0.0,0.0
2021-11-04 00:00:00-04:00,23.799999237060547,24.399999618530273,23.399999618530273,24.0,31460,0.0,0.0
2021-11-05 00:00:00-04:00,24.399999618530273,24.399999618530273,23.399999618530273,23.899999618530273,48070,0.0,0.0
2021-11-08 00:00:00-05:00,23.799999237060547,24.200000762939453,23.299999237060547,23.700000762939453,38940,0.0,0.0
2021-11-09 00:00:00-05:00,23.5,23.700000762939453,21.5,22.399999618530273,61880,0.0,0.0
2021-11-10 00:00:00-05:00,23.799999237060547,24.0,22.600000381469727,23.0,51330,0.0,0.0
2021-11-11 00:00:00-05:00,23.700000762939453,23.799999237060547,22.299999237060547,22.600000381469727,33120,0.0,0.0
2021-11-12 00:00:00-05:00,22.899999618530273,23.149999618530273,22.0,22.200000762939453,21020,0.0,0.0
2021-11-15 00:00:00-05:00,22.200000762939453,22.799999237060547,21.5,22.799999237060547,38190,0.0,0.0
2021-11-16 00:00:00-05:00,22.700000762939453,22.700000762939453,21.5,22.200000762939453,29490,0.0,0.0
2021-11-17 00:00:00-05:00,22.200000762939453,22.799999237060547,21.399999618530273,22.100000381469727,42300,0.0,0.0
2021-11-18 00:00:00-05:00,22.5,22.5,20.700000762939453,21.700000762939453,49580,0.0,0.0
2021-11-19 00:00:00-05:00,21.299999237060547,21.5,20.5,20.799999237060547,48010,0.0,0.0
2021-11-22 00:00:00-05:00,21.0,21.200000762939453,19.600000381469727,20.0,75310,0.0,0.0
2021-11-23 00:00:00-05:00,20.0,21.0,19.5,20.899999618530273,36870,0.0,0.0
2021-11-24 00:00:00-05:00,20.700000762939453,21.799999237060547,20.399999618530273,21.5,12520,0.0,0.0
2021-11-26 00:00:00-05:00,21.799999237060547,21.799999237060547,19.700000762939453,20.399999618530273,27390,0.0,0.0
2021-11-29 00:00:00-05:00,20.399999618530273,20.399999618530273,18.799999237060547,19.0,54470,0.0,0.0
2021-11-30 00:00:00-05:00,18.299999237060547,18.899999618530273,17.299999237060547,18.299999237060547,64870,0.0,0.0
2021-12-01 00:00:00-05:00,18.5,19.56999969482422,17.100000381469727,17.100000381469727,50810,0.0,0.0
2021-12-02 00:00:00-05:00,17.200000762939453,17.600000381469727,16.600000381469727,17.5,40150,0.0,0.0
2021-12-03 00:00:00-05:00,17.700000762939453,17.850000381469727,16.100000381469727,17.0,42390,0.0,0.0
2021-12-06 00:00:00-05:00,17.0,17.799999237060547,16.100000381469727,17.600000381469727,40520,0.0,0.0
2021-12-07 00:00:00-05:00,17.899999618530273,19.200000762939453,17.700000762939453,18.5,32380,0.0,0.0
2021-12-08 00:00:00-05:00,17.600000381469727,19.100000381469727,17.600000381469727,18.5,28110,0.0,0.0
2021-12-09 00:00:00-05:00,19.0,19.0,17.5,17.5,32140,0.0,0.0
2021-12-10 00:00:00-05:00,17.600000381469727,17.899999618530273,16.5,16.600000381469727,30820,0.0,0.0
2021-12-13 00:00:00-05:00,16.5,16.600000381469727,15.5,16.0,33020,0.0,0.0
2021-12-14 00:00:00-05:00,15.699999809265137,16.100000381469727,15.199999809265137,15.5,31070,0.0,0.0
2021-12-15 00:00:00-05:00,15.399999618530273,16.200000762939453,14.600000381469727,15.699999809265137,37810,0.0,0.0
2021-12-16 00:00:00-05:00,15.800000190734863,16.5,14.800000190734863,15.100000381469727,35950,0.0,0.0
2021-12-17 00:00:00-05:00,15.0,15.699999809265137,14.300000190734863,15.300000190734863,63190,0.0,0.0
2021-12-20 00:00:00-05:00,14.300000190734863,14.5,13.199999809265137,13.300000190734863,57720,0.0,0.0
2021-12-21 00:00:00-05:00,13.600000381469727,13.899999618530273,13.40999984741211,13.800000190734863,28870,0.0,0.0
2021-12-22 00:00:00-05:00,13.800000190734863,13.800000190734863,13.100000381469727,13.600000381469727,42400,0.0,0.0
2021-12-23 00:00:00-05:00,13.5,13.949999809265137,13.399999618530273,13.899999618530273,31920,0.0,0.0
2021-12-27 00:00:00-05:00,13.899999618530273,14.0,13.5,13.699999809265137,43760,0.0,0.0
2021-12-28 00:00:00-05:00,14.899999618530273,15.699999809265137,12.899999618530273,14.100000381469727,1741060,0.0,0.0
2021-12-29 00:00:00-05:00,13.600000381469727,13.899999618530273,11.899999618530273,12.199999809265137,272690,0.0,0.0
2021-12-30 00:00:00-05:00,12.0,12.319999694824219,11.600000381469727,11.800000190734863,110630,0.0,0.0
2021-12-31 00:00:00-05:00,11.600000381469727,12.899999618530273,11.399999618530273,12.800000190734863,176630,0.0,0.0
2022-01-03 00:00:00-05:00,13.0,13.199999809265137,12.0,12.600000381469727,109780,0.0,0.0
2022-01-04 00:00:00-05:00,12.5,12.800000190734863,11.199999809265137,11.800000190734863,63130,0.0,0.0
2022-01-05 00:00:00-05:00,11.5,11.800000190734863,10.550000190734863,10.699999809265137,81670,0.0,0.0
2022-01-06 00:00:00-05:00,10.100000381469727,10.600000381469727,9.3100004196167,10.149999618530273,132450,0.0,0.0
2022-01-07 00:00:00-05:00,10.0,10.699999809265137,10.0,10.100000381469727,44620,0.0,0.0
2022-01-10 00:00:00-05:00,10.199999809265137,10.199999809265137,9.359999656677246,9.75,97160,0.0,0.0
2022-01-11 00:00:00-05:00,10.199999809265137,10.600000381469727,9.5,10.199999809265137,68010,0.0,0.0
2022-01-12 00:00:00-05:00,10.5,10.5,9.899999618530273,10.100000381469727,49770,0.0,0.0
2022-01-13 00:00:00-05:00,10.0,10.100000381469727,9.300000190734863,9.350000381469727,37280,0.0,0.0
2022-01-14 00:00:00-05:00,9.5,9.5,8.8100004196167,8.949999809265137,51650,0.0,0.0
2022-01-18 00:00:00-05:00,9.3100004196167,9.600000381469727,8.399999618530273,8.569999694824219,63730,0.0,0.0
2022-01-19 00:00:00-05:00,8.800000190734863,9.069999694824219,8.0,8.069999694824219,77790,0.0,0.0
2022-01-20 00:00:00-05:00,8.199999809265137,9.34000015258789,8.149999618530273,8.350000381469727,132960,0.0,0.0
2022-01-21 00:00:00-05:00,8.289999961853027,8.300000190734863,7.75,7.78000020980835,57770,0.0,0.0
2022-01-24 00:00:00-05:00,8.15999984741211,8.199999809265137,7.099999904632568,8.010000228881836,71860,0.0,0.0
2022-01-25 00:00:00-05:00,7.900000095367432,8.649999618530273,7.670000076293945,8.229999542236328,37140,0.0,0.0
2022-01-26 00:00:00-05:00,8.430000305175781,9.449999809265137,8.020000457763672,8.430000305175781,86760,0.0,0.0
2022-01-27 00:00:00-05:00,8.630000114440918,9.170000076293945,7.889999866485596,7.929999828338623,155710,0.0,0.0
2022-01-28 00:00:00-05:00,7.860000133514404,9.100000381469727,7.579999923706055,8.329999923706055,36810,0.0,0.0
2022-01-31 00:00:00-05:00,8.6899995803833,9.399999618530273,8.329999923706055,9.380000114440918,38490,0.0,0.0
2022-02-01 00:00:00-05:00,9.550000190734863,10.300000190734863,9.199999809265137,10.0,50550,0.0,0.0
2022-02-02 00:00:00-05:00,10.100000381469727,10.199999809265137,8.779999732971191,9.09000015258789,44080,0.0,0.0
2022-02-03 00:00:00-05:00,9.100000381469727,9.350000381469727,8.600000381469727,8.970000267028809,36430,0.0,0.0
2022-02-04 00:00:00-05:00,8.829999923706055,9.399999618530273,8.550000190734863,9.279999732971191,14540,0.0,0.0
2022-02-07 00:00:00-05:00,9.0,9.300000190734863,8.5,8.710000038146973,31260,0.0,0.0
2022-02-08 00:00:00-05:00,8.760000228881836,9.0,8.350000381469727,8.569999694824219,25880,0.0,0.0
2022-02-09 00:00:00-05:00,8.619999885559082,8.970000267028809,8.369999885559082,8.539999961853027,47450,0.0,0.0
2022-02-10 00:00:00-05:00,8.300000190734863,8.8100004196167,8.0,8.010000228881836,62890,0.0,0.0
2022-02-11 00:00:00-05:00,8.5,10.199999809265137,8.25,9.699999809265137,366580,0.0,0.0
2022-02-14 00:00:00-05:00,9.800000190734863,9.800000190734863,8.789999961853027,8.8100004196167,89800,0.0,0.0
2022-02-15 00:00:00-05:00,8.800000190734863,9.5,8.800000190734863,9.210000038146973,62280,0.0,0.0
2022-02-16 00:00:00-05:00,9.5,10.149999618530273,9.350000381469727,10.100000381469727,88070,0.0,0.0
2022-02-17 00:00:00-05:00,10.0,10.300000190734863,8.899999618530273,9.079999923706055,93380,0.0,0.0
2022-02-18 00:00:00-05:00,9.100000381469727,9.5,8.739999771118164,8.979999542236328,33970,0.0,0.0
2022-02-22 00:00:00-05:00,8.600000381469727,8.890000343322754,8.199999809265137,8.279999732971191,44680,0.0,0.0
2022-02-23 00:00:00-05:00,8.300000190734863,8.899999618530273,8.100000381469727,8.220000267028809,48840,0.0,0.0
2022-02-24 00:00:00-05:00,8.100000381469727,8.40999984741211,7.800000190734863,8.359999656677246,68680,0.0,0.0
2022-02-25 00:00:00-05:00,8.270000457763672,9.0,8.0600004196167,8.670000076293945,30880,0.0,0.0
2022-02-28 00:00:00-05:00,8.539999961853027,8.859999656677246,8.130000114440918,8.550000190734863,27190,0.0,0.0
2022-03-01 00:00:00-05:00,8.899999618530273,9.0,8.300000190734863,8.380000114440918,27420,0.0,0.0
2022-03-02 00:00:00-05:00,8.300000190734863,8.989999771118164,8.15999984741211,8.789999961853027,35140,0.0,0.0
2022-03-03 00:00:00-05:00,8.899999618530273,9.100000381469727,7.900000095367432,8.010000228881836,35470,0.0,0.0
2022-03-04 00:00:00-05:00,8.050000190734863,8.199999809265137,7.75,7.800000190734863,22060,0.0,0.0
2022-03-07 00:00:00-05:00,7.730000019073486,8.850000381469727,7.5,8.40999984741211,48300,0.0,0.0
2022-03-08 00:00:00-05:00,8.380000114440918,9.699999809265137,8.300000190734863,9.40999984741211,46640,0.0,0.0
2022-03-09 00:00:00-05:00,9.449999809265137,10.199999809265137,8.960000038146973,8.960000038146973,44480,0.0,0.0
2022-03-10 00:00:00-05:00,9.050000190734863,9.4399995803833,8.4399995803833,8.630000114440918,19560,0.0,0.0
2022-03-11 00:00:00-05:00,8.529999732971191,9.0,8.0,8.199999809265137,21400,0.0,0.0
2022-03-14 00:00:00-04:00,8.420000076293945,8.420000076293945,7.300000190734863,7.429999828338623,28180,0.0,0.0
2022-03-15 00:00:00-04:00,7.639999866485596,7.929999828338623,7.5,7.789999961853027,14910,0.0,0.0
2022-03-16 00:00:00-04:00,8.0,8.699999809265137,7.599999904632568,7.909999847412109,48470,0.0,0.0
2022-03-17 00:00:00-04:00,8.0,8.0,7.5,7.71999979019165,37880,0.0,0.0
2022-03-18 00:00:00-04:00,7.710000038146973,8.390000343322754,7.599999904632568,8.069999694824219,66800,0.0,0.0
2022-03-21 00:00:00-04:00,8.09000015258789,8.100000381469727,7.400000095367432,7.480000019073486,40200,0.0,0.0
2022-03-22 00:00:00-04:00,7.460000038146973,7.940000057220459,7.329999923706055,7.480000019073486,56680,0.0,0.0
2022-03-23 00:00:00-04:00,7.53000020980835,7.71999979019165,7.309999942779541,7.349999904632568,41540,0.0,0.0
2022-03-24 00:00:00-04:00,7.349999904632568,7.78000020980835,7.150000095367432,7.5,32690,0.0,0.0
2022-03-25 00:00:00-04:00,7.5,7.800000190734863,7.210000038146973,7.260000228881836,31280,0.0,0.0
2022-03-28 00:00:00-04:00,7.349999904632568,7.730000019073486,7.150000095367432,7.590000152587891,37090,0.0,0.0
2022-03-29 00:00:00-04:00,7.699999809265137,8.5,7.300000190734863,8.15999984741211,53500,0.0,0.0
2022-03-30 00:00:00-04:00,8.300000190734863,8.479999542236328,7.900000095367432,7.949999809265137,33580,0.0,0.0
2022-03-31 00:00:00-04:00,8.0600004196167,8.390000343322754,7.800000190734863,8.15999984741211,25440,0.0,0.0
2022-04-01 00:00:00-04:00,8.399999618530273,9.399999618530273,8.100000381469727,8.930000305175781,166920,0.0,0.0
2022-04-04 00:00:00-04:00,8.720000267028809,9.0,8.399999618530273,8.859999656677246,38780,0.0,0.0
2022-04-05 00:00:00-04:00,9.0,9.9399995803833,8.850000381469727,9.510000228881836,128060,0.0,0.0
2022-04-06 00:00:00-04:00,9.199999809265137,10.899999618530273,9.100000381469727,9.699999809265137,84050,0.0,0.0
2022-04-07 00:00:00-04:00,9.899999618530273,11.0,9.600000381469727,10.0,70450,0.0,0.0
2022-04-08 00:00:00-04:00,10.399999618530273,10.600000381469727,9.0,9.100000381469727,46410,0.0,0.0
2022-04-11 00:00:00-04:00,8.75,9.25,8.510000228881836,9.0600004196167,34120,0.0,0.0
2022-04-12 00:00:00-04:00,9.020000457763672,9.0600004196167,8.399999618530273,8.600000381469727,47100,0.0,0.0
2022-04-13 00:00:00-04:00,8.399999618530273,8.899999618530273,8.399999618530273,8.609999656677246,25460,0.0,0.0
2022-04-14 00:00:00-04:00,8.600000381469727,8.899999618530273,8.09000015258789,8.399999618530273,32360,0.0,0.0
2022-04-18 00:00:00-04:00,8.380000114440918,8.380000114440918,7.800000190734863,7.800000190734863,52750,0.0,0.0
2022-04-19 00:00:00-04:00,8.0,8.100000381469727,7.800000190734863,7.880000114440918,29310,0.0,0.0
2022-04-20 00:00:00-04:00,8.1899995803833,8.5,7.800000190734863,8.100000381469727,25980,0.0,0.0
2022-04-21 00:00:00-04:00,8.5,8.5,7.800000190734863,7.800000190734863,37820,0.0,0.0
2022-04-22 00:00:00-04:00,7.800000190734863,7.940000057220459,7.329999923706055,7.400000095367432,42530,0.0,0.0
2022-04-25 00:00:00-04:00,7.539999961853027,7.929999828338623,7.400000095367432,7.800000190734863,37950,0.0,0.0
2022-04-26 00:00:00-04:00,7.949999809265137,8.199999809265137,7.440000057220459,7.599999904632568,30130,0.0,0.0
2022-04-27 00:00:00-04:00,7.5,7.699999809265137,7.199999809265137,7.300000190734863,43760,0.0,0.0
2022-04-28 00:00:00-04:00,7.340000152587891,7.699999809265137,6.679999828338623,7.21999979019165,53130,0.0,0.0
2022-04-29 00:00:00-04:00,7.199999809265137,7.849999904632568,6.800000190734863,6.800000190734863,44340,0.0,0.0
2022-05-02 00:00:00-04:00,7.0,7.400000095367432,6.900000095367432,7.349999904632568,29790,0.0,0.0
2022-05-03 00:00:00-04:00,7.789999961853027,7.800000190734863,7.380000114440918,7.510000228881836,30110,0.0,0.0
2022-05-04 00:00:00-04:00,7.539999961853027,7.679999828338623,7.199999809265137,7.599999904632568,19000,0.0,0.0
2022-05-05 00:00:00-04:00,7.559999942779541,7.800000190734863,7.210000038146973,7.300000190734863,24300,0.0,0.0
2022-05-06 00:00:00-04:00,7.360000133514404,7.659999847412109,7.199999809265137,7.300000190734863,28740,0.0,0.0
2022-05-09 00:00:00-04:00,7.110000133514404,7.210000038146973,6.300000190734863,6.519999980926514,54840,0.0,0.0
2022-05-10 00:00:00-04:00,6.599999904632568,6.699999809265137,6.019999980926514,6.5,47630,0.0,0.0
2022-05-11 00:00:00-04:00,5.869999885559082,6.199999809265137,5.809999942779541,5.949999809265137,67570,0.0,0.0
2022-05-12 00:00:00-04:00,6.199999809265137,6.230000019073486,5.599999904632568,5.739999771118164,37020,0.0,0.0
2022-05-13 00:00:00-04:00,5.960000038146973,6.289999961853027,5.800000190734863,6.019999980926514,46900,0.0,0.0
2022-05-16 00:00:00-04:00,6.0,6.619999885559082,6.0,6.300000190734863,40270,0.0,0.0
2022-05-17 00:00:00-04:00,6.619999885559082,6.71999979019165,6.420000076293945,6.679999828338623,21230,0.0,0.0
2022-05-18 00:00:00-04:00,6.710000038146973,7.0,6.480000019073486,6.5,34440,0.0,0.0
2022-05-19 00:00:00-04:00,6.489999771118164,8.199999809265137,6.489999771118164,7.400000095367432,92840,0.0,0.0
2022-05-20 00:00:00-04:00,7.5,8.199999809265137,6.699999809265137,7.0,46380,0.0,0.0
2022-05-23 00:00:00-04:00,6.699999809265137,7.5,6.670000076293945,6.929999828338623,63320,0.0,0.0
2022-05-24 00:00:00-04:00,7.059999942779541,7.420000076293945,6.150000095367432,6.300000190734863,46820,0.0,0.0
2022-05-25 00:00:00-04:00,6.489999771118164,7.949999809265137,6.409999847412109,6.980000019073486,84590,0.0,0.0
2022-05-26 00:00:00-04:00,6.630000114440918,7.800000190734863,6.5,7.289999961853027,25030,0.0,0.0
2022-05-27 00:00:00-04:00,7.300000190734863,7.800000190734863,7.300000190734863,7.590000152587891,22270,0.0,0.0
2022-05-31 00:00:00-04:00,7.690000057220459,8.699999809265137,7.599999904632568,8.399999618530273,37100,0.0,0.0
2022-06-01 00:00:00-04:00,8.399999618530273,8.800000190734863,7.75,7.960000038146973,26430,0.0,0.0
2022-06-02 00:00:00-04:00,7.860000133514404,8.930000305175781,7.75,8.75,34940,0.0,0.0
2022-06-03 00:00:00-04:00,8.609999656677246,9.140000343322754,8.329999923706055,8.800000190734863,22930,0.0,0.0
2022-06-06 00:00:00-04:00,8.800000190734863,9.399999618530273,8.800000190734863,9.300000190734863,40410,0.0,0.0
2022-06-07 00:00:00-04:00,9.050000190734863,11.199999809265137,8.800000190734863,10.800000190734863,75000,0.0,0.0
2022-06-08 00:00:00-04:00,10.699999809265137,11.399999618530273,10.199999809265137,10.800000190734863,44650,0.0,0.0
2022-06-09 00:00:00-04:00,10.5,12.5,10.5,11.899999618530273,81270,0.0,0.0
2022-06-10 00:00:00-04:00,11.899999618530273,12.199999809265137,10.300000190734863,10.899999618530273,44790,0.0,0.0
2022-06-13 00:00:00-04:00,10.600000381469727,10.600000381469727,9.720000267028809,10.050000190734863,47250,0.0,0.0
2022-06-14 00:00:00-04:00,10.100000381469727,10.300000190734863,9.890000343322754,9.989999771118164,21810,0.0,0.0
2022-06-15 00:00:00-04:00,10.0,11.0,9.800000190734863,10.199999809265137,36580,0.0,0.0
2022-06-16 00:00:00-04:00,10.199999809265137,10.199999809265137,9.109999656677246,9.479999542236328,25110,0.0,0.0
2022-06-17 00:00:00-04:00,9.5,9.819999694824219,9.0,9.65999984741211,43640,0.0,0.0
2022-06-21 00:00:00-04:00,9.789999961853027,10.100000381469727,8.5,8.670000076293945,66400,0.0,0.0
2022-06-22 00:00:00-04:00,8.789999961853027,9.149999618530273,8.670000076293945,9.0,41070,0.0,0.0
2022-06-23 00:00:00-04:00,8.899999618530273,10.100000381469727,8.800000190734863,10.0,37760,0.0,0.0
2022-06-24 00:00:00-04:00,10.0,10.300000190734863,8.670000076293945,8.670000076293945,746430,0.0,0.0
2022-06-27 00:00:00-04:00,8.579999923706055,9.0,7.5,7.699999809265137,88940,0.0,0.0
2022-06-28 00:00:00-04:00,7.800000190734863,8.300000190734863,7.5,7.599999904632568,43000,0.0,0.0
2022-06-29 00:00:00-04:00,8.199999809265137,8.899999618530273,7.510000228881836,8.0,202580,0.0,0.0
2022-06-30 00:00:00-04:00,8.0,8.699999809265137,7.880000114440918,8.5600004196167,39770,0.0,0.0
2022-07-01 00:00:00-04:00,8.3100004196167,9.100000381469727,8.25,8.800000190734863,30280,0.0,0.0
2022-07-05 00:00:00-04:00,8.800000190734863,9.890000343322754,8.800000190734863,9.609999656677246,49450,0.0,0.0
2022-07-06 00:00:00-04:00,9.899999618530273,10.199999809265137,9.300000190734863,9.739999771118164,33010,0.0,0.0
2022-07-07 00:00:00-04:00,9.899999618530273,10.899999618530273,9.899999618530273,10.800000190734863,35010,0.0,0.0
2022-07-08 00:00:00-04:00,10.5,11.5,10.5,11.300000190734863,28680,0.0,0.0
2022-07-11 00:00:00-04:00,11.399999618530273,11.5,10.5,11.0,23040,0.0,0.0
2022-07-12 00:00:00-04:00,10.899999618530273,11.600000381469727,10.5,11.399999618530273,39020,0.0,0.0
2022-07-13 00:00:00-04:00,11.300000190734863,11.600000381469727,10.850000381469727,11.5,18560,0.0,0.0
2022-07-14 00:00:00-04:00,11.199999809265137,12.399999618530273,11.199999809265137,12.100000381469727,27080,0.0,0.0
2022-07-15 00:00:00-04:00,11.600000381469727,14.300000190734863,10.699999809265137,11.100000381469727,130280,0.0,0.0
2022-07-18 00:00:00-04:00,11.199999809265137,12.300000190734863,11.0,11.100000381469727,29530,0.0,0.0
2022-07-19 00:00:00-04:00,11.100000381469727,12.199999809265137,11.0,11.0,38600,0.0,0.0
2022-07-20 00:00:00-04:00,10.699999809265137,11.600000381469727,10.600000381469727,11.5,86930,0.0,0.0
2022-07-21 00:00:00-04:00,11.399999618530273,12.0,11.100000381469727,11.899999618530273,21770,0.0,0.0
2022-07-22 00:00:00-04:00,11.800000190734863,12.399999618530273,11.800000190734863,12.0,23950,0.0,0.0
2022-07-25 00:00:00-04:00,12.199999809265137,12.199999809265137,11.789999961853027,12.0,21920,0.0,0.0
2022-07-26 00:00:00-04:00,11.800000190734863,12.199999809265137,11.399999618530273,11.5,12340,0.0,0.0
2022-07-27 00:00:00-04:00,11.5,12.149999618530273,11.300000190734863,11.899999618530273,23510,0.0,0.0
2022-07-28 00:00:00-04:00,12.100000381469727,12.199999809265137,11.600000381469727,11.600000381469727,27330,0.0,0.0
2022-07-29 00:00:00-04:00,11.800000190734863,12.100000381469727,11.399999618530273,11.600000381469727,37160,0.0,0.0
2022-08-01 00:00:00-04:00,11.5,12.199999809265137,11.5,11.800000190734863,22080,0.0,0.0
2022-08-02 00:00:00-04:00,11.699999809265137,12.899999618530273,11.699999809265137,12.899999618530273,59180,0.0,0.0
2022-08-03 00:00:00-04:00,12.800000190734863,13.84000015258789,12.800000190734863,13.5,32890,0.0,0.0
2022-08-04 00:00:00-04:00,13.199999809265137,13.300000190734863,12.899999618530273,13.0,14480,0.0,0.0
2022-08-05 00:00:00-04:00,12.899999618530273,13.199999809265137,12.699999809265137,13.100000381469727,14670,0.0,0.0
2022-08-08 00:00:00-04:00,13.199999809265137,14.100000381469727,12.899999618530273,14.0,29910,0.0,0.0
2022-08-09 00:00:00-04:00,13.699999809265137,13.899999618530273,12.699999809265137,12.699999809265137,31100,0.0,0.0
2022-08-10 00:00:00-04:00,12.899999618530273,14.199999809265137,12.899999618530273,13.800000190734863,26670,0.0,0.0
2022-08-11 00:00:00-04:00,13.699999809265137,14.100000381469727,12.600000381469727,12.800000190734863,39740,0.0,0.0
2022-08-12 00:00:00-04:00,13.0,13.300000190734863,11.899999618530273,12.699999809265137,27520,0.0,0.0
2022-08-15 00:00:00-04:00,12.300000190734863,12.800000190734863,11.899999618530273,12.100000381469727,34050,0.0,0.0
2022-08-16 00:00:00-04:00,11.699999809265137,12.100000381469727,9.800000190734863,10.600000381469727,96900,0.0,0.0
2022-08-17 00:00:00-04:00,10.399999618530273,10.600000381469727,10.199999809265137,10.399999618530273,36580,0.0,0.0
2022-08-18 00:00:00-04:00,10.5,11.0,10.100000381469727,10.600000381469727,23930,0.0,0.0
2022-08-19 00:00:00-04:00,10.199999809265137,11.0,10.100000381469727,10.100000381469727,11680,0.0,0.0
2022-08-22 00:00:00-04:00,10.199999809265137,10.399999618530273,9.5,9.670000076293945,19350,0.0,0.0
2022-08-23 00:00:00-04:00,9.699999809265137,9.899999618530273,9.5,9.619999885559082,13870,0.0,0.0
2022-08-24 00:00:00-04:00,9.5,9.789999961853027,9.100000381469727,9.180000305175781,14900,0.0,0.0
2022-08-25 00:00:00-04:00,9.199999809265137,9.600000381469727,9.119999885559082,9.220000267028809,19420,0.0,0.0
2022-08-26 00:00:00-04:00,9.109999656677246,9.5,8.699999809265137,9.100000381469727,29440,0.0,0.0
2022-08-29 00:00:00-04:00,9.0,9.779999732971191,9.0,9.65999984741211,7010,0.0,0.0
2022-08-30 00:00:00-04:00,9.640000343322754,9.899999618530273,9.0,9.010000228881836,10200,0.0,0.0
2022-08-31 00:00:00-04:00,8.84000015258789,10.5,8.84000015258789,10.0,17860,0.0,0.0
2022-09-01 00:00:00-04:00,9.699999809265137,10.0,9.010000228881836,9.140000343322754,13250,0.0,0.0
2022-09-02 00:00:00-04:00,9.300000190734863,10.199999809265137,9.25,9.979999542236328,23520,0.0,0.0
2022-09-06 00:00:00-04:00,10.100000381469727,10.800000190734863,9.680000305175781,10.699999809265137,21460,0.0,0.0
2022-09-07 00:00:00-04:00,10.899999618530273,11.5,10.199999809265137,11.5,24050,0.0,0.0
2022-09-08 00:00:00-04:00,11.199999809265137,11.600000381469727,9.899999618530273,10.699999809265137,21570,0.0,0.0
2022-09-09 00:00:00-04:00,10.699999809265137,11.800000190734863,10.399999618530273,10.600000381469727,28330,0.0,0.0
2022-09-12 00:00:00-04:00,11.0,11.800000190734863,10.600000381469727,10.899999618530273,28760,0.0,0.0
2022-09-13 00:00:00-04:00,10.899999618530273,11.600000381469727,10.199999809265137,11.300000190734863,44230,0.0,0.0
2022-09-14 00:00:00-04:00,11.199999809265137,11.199999809265137,10.300000190734863,10.300000190734863,35850,0.0,0.0
2022-09-15 00:00:00-04:00,10.300000190734863,10.800000190734863,10.0,10.100000381469727,13490,0.0,0.0
2022-09-16 00:00:00-04:00,9.850000381469727,10.399999618530273,9.5,9.5,10030,0.0,0.0
2022-09-19 00:00:00-04:00,9.510000228881836,9.510000228881836,8.5,9.0,23700,0.0,0.0
2022-09-20 00:00:00-04:00,8.84000015258789,9.180000305175781,8.0,8.300000190734863,15050,0.0,0.0
2022-09-21 00:00:00-04:00,8.399999618530273,9.020000457763672,8.199999809265137,8.229999542236328,12880,0.0,0.0
2022-09-22 00:00:00-04:00,8.1899995803833,8.4399995803833,7.880000114440918,8.170000076293945,12950,0.0,0.0
2022-09-23 00:00:00-04:00,7.800000190734863,7.900000095367432,7.329999923706055,7.5,25990,0.0,0.0
2022-09-26 00:00:00-04:00,7.5,7.800000190734863,6.650000095367432,7.099999904632568,30680,0.0,0.0
2022-09-27 00:00:00-04:00,7.300000190734863,7.5,6.539999961853027,7.409999847412109,29160,0.0,0.0
2022-09-28 00:00:00-04:00,7.179999828338623,7.699999809265137,6.570000171661377,7.650000095367432,15950,0.0,0.0
2022-09-29 00:00:00-04:00,6.829999923706055,7.400000095367432,6.829999923706055,7.309999942779541,12350,0.0,0.0
2022-09-30 00:00:00-04:00,7.28000020980835,7.800000190734863,7.099999904632568,7.099999904632568,13150,0.0,0.0
2022-10-03 00:00:00-04:00,7.400000095367432,7.599999904632568,7.199999809265137,7.429999828338623,10560,0.0,0.0
2022-10-04 00:00:00-04:00,7.429999828338623,8.300000190734863,7.429999828338623,7.909999847412109,13340,0.0,0.0
2022-10-05 00:00:00-04:00,8.020000457763672,8.699999809265137,7.900000095367432,8.380000114440918,7420,0.0,0.0
2022-10-06 00:00:00-04:00,8.399999618530273,8.399999618530273,7.699999809265137,7.900000095367432,4030,0.0,0.0
2022-10-07 00:00:00-04:00,7.699999809265137,8.300000190734863,7.400000095367432,7.599999904632568,9940,0.0,0.0
2022-10-10 00:00:00-04:00,7.599999904632568,7.800000190734863,7.5,7.75,6040,0.0,0.0
2022-10-11 00:00:00-04:00,7.699999809265137,7.900000095367432,7.409999847412109,7.510000228881836,6890,0.0,0.0
2022-10-12 00:00:00-04:00,7.510000228881836,7.800000190734863,7.5,7.599999904632568,2130,0.0,0.0
2022-10-13 00:00:00-04:00,7.269999980926514,7.53000020980835,7.099999904632568,7.269999980926514,12260,0.0,0.0
2022-10-14 00:00:00-04:00,7.269999980926514,7.5,7.099999904632568,7.260000228881836,7900,0.0,0.0
2022-10-17 00:00:00-04:00,7.5,7.800000190734863,7.199999809265137,7.5,3610,0.0,0.0
2022-10-18 00:00:00-04:00,7.739999771118164,8.010000228881836,7.5,7.699999809265137,10480,0.0,0.0
2022-10-19 00:00:00-04:00,7.730000019073486,8.0,7.119999885559082,7.75,14150,0.0,0.0
2022-10-20 00:00:00-04:00,7.800000190734863,8.0,7.409999847412109,7.449999809265137,15460,0.0,0.0
2022-10-21 00:00:00-04:00,7.579999923706055,8.0,7.510000228881836,7.75,16320,0.0,0.0
2022-10-24 00:00:00-04:00,8.0,8.100000381469727,7.550000190734863,7.900000095367432,35920,0.0,0.0
2022-10-25 00:00:00-04:00,8.0,8.699999809265137,7.900000095367432,8.199999809265137,43100,0.0,0.0
2022-10-26 00:00:00-04:00,8.199999809265137,8.5,7.599999904632568,7.800000190734863,20440,0.0,0.0
2022-10-27 00:00:00-04:00,7.579999923706055,8.470000267028809,7.5,7.849999904632568,14930,0.0,0.0
2022-10-28 00:00:00-04:00,7.909999847412109,7.929999828338623,7.550000190734863,7.71999979019165,12980,0.0,0.0
2022-10-31 00:00:00-04:00,8.0,8.0,7.0,7.139999866485596,53340,0.0,0.0
2022-11-01 00:00:00-04:00,7.199999809265137,7.5,6.989999771118164,7.099999904632568,37020,0.0,0.0
2022-11-02 00:00:00-04:00,7.099999904632568,7.300000190734863,6.849999904632568,7.0,31600,0.0,0.0
2022-11-03 00:00:00-04:00,7.0,7.400000095367432,6.849999904632568,7.099999904632568,42890,0.0,0.0
2022-11-04 00:00:00-04:00,7.289999961853027,7.300000190734863,6.849999904632568,6.96999979019165,21790,0.0,0.0
2022-11-07 00:00:00-05:00,6.949999809265137,7.099999904632568,6.800000190734863,7.0,28560,0.0,0.0
2022-11-08 00:00:00-05:00,6.800000190734863,7.190000057220459,6.800000190734863,6.949999809265137,7320,0.0,0.0
2022-11-09 00:00:00-05:00,7.099999904632568,7.099999904632568,6.800000190734863,6.960000038146973,9290,0.0,0.0
2022-11-10 00:00:00-05:00,6.989999771118164,7.5,6.989999771118164,7.300000190734863,34050,0.0,0.0
2022-11-11 00:00:00-05:00,7.099999904632568,7.900000095367432,7.099999904632568,7.599999904632568,21960,0.0,0.0
2022-11-14 00:00:00-05:00,7.429999828338623,7.769999980926514,7.190000057220459,7.5,11140,0.0,0.0
2022-11-15 00:00:00-05:00,7.5,8.0,7.340000152587891,7.75,13630,0.0,0.0
2022-11-16 00:00:00-05:00,7.5,7.699999809265137,7.010000228881836,7.059999942779541,12390,0.0,0.0
2022-11-17 00:00:00-05:00,7.380000114440918,7.380000114440918,6.849999904632568,6.900000095367432,26410,0.0,0.0
2022-11-18 00:00:00-05:00,6.949999809265137,6.949999809265137,6.5,6.699999809265137,35430,0.0,0.0
2022-11-21 00:00:00-05:00,6.599999904632568,6.920000076293945,6.5,6.800000190734863,23750,0.0,0.0
2022-11-22 00:00:00-05:00,7.099999904632568,7.099999904632568,6.699999809265137,6.800000190734863,15760,0.0,0.0
2022-11-23 00:00:00-05:00,6.980000019073486,7.320000171661377,6.75,7.300000190734863,18390,0.0,0.0
2022-11-25 00:00:00-05:00,7.090000152587891,7.369999885559082,7.019999980926514,7.099999904632568,3520,0.0,0.0
2022-11-28 00:00:00-05:00,7.010000228881836,7.300000190734863,6.829999923706055,7.099999904632568,14860,0.0,0.0
2022-11-29 00:00:00-05:00,7.099999904632568,7.289999961853027,6.829999923706055,6.900000095367432,28640,0.0,0.0
2022-11-30 00:00:00-05:00,7.099999904632568,7.170000076293945,6.5,6.800000190734863,28900,0.0,0.0
2022-12-01 00:00:00-05:00,6.800000190734863,6.929999828338623,6.5,6.800000190734863,14760,0.0,0.0
2022-12-02 00:00:00-05:00,6.550000190734863,6.550000190734863,6.099999904632568,6.360000133514404,24090,0.0,0.0
2022-12-05 00:00:00-05:00,6.5,6.570000171661377,5.880000114440918,6.050000190734863,46990,0.0,0.0
2022-12-06 00:00:00-05:00,6.389999866485596,6.449999809265137,5.909999847412109,6.110000133514404,2650,0.0,0.0
2022-12-07 00:00:00-05:00,6.800000190734863,6.800000190734863,6.0,6.050000190734863,21540,0.0,0.0
2022-12-08 00:00:00-05:00,6.5,6.5,5.699999809265137,6.019999980926514,51560,0.0,0.0
2022-12-09 00:00:00-05:00,5.920000076293945,6.150000095367432,5.800000190734863,5.96999979019165,7700,0.0,0.0
2022-12-12 00:00:00-05:00,5.96999979019165,6.099999904632568,5.619999885559082,5.829999923706055,21580,0.0,0.0
2022-12-13 00:00:00-05:00,5.900000095367432,6.0,5.599999904632568,5.800000190734863,85100,0.0,0.0
2022-12-14 00:00:00-05:00,5.869999885559082,6.0,5.599999904632568,5.71999979019165,37430,0.0,0.0
2022-12-15 00:00:00-05:00,5.800000190734863,5.869999885559082,5.5,5.579999923706055,46680,0.0,0.0
2022-12-16 00:00:00-05:00,5.670000076293945,6.0,5.329999923706055,5.400000095367432,21940,0.0,0.0
2022-12-19 00:00:00-05:00,5.329999923706055,5.400000095367432,5.0,5.010000228881836,40270,0.0,0.0
2022-12-20 00:00:00-05:00,5.0,5.199999809265137,4.829999923706055,5.010000228881836,33480,0.0,0.0
2022-12-21 00:00:00-05:00,5.03000020980835,5.349999904632568,5.0,5.099999904632568,19660,0.0,0.0
2022-12-22 00:00:00-05:00,5.099999904632568,5.360000133514404,5.050000190734863,5.230000019073486,15510,0.0,0.0
2022-12-23 00:00:00-05:00,5.230000019073486,6.0,5.199999809265137,5.789999961853027,47910,0.0,0.0
2022-12-27 00:00:00-05:00,5.599999904632568,5.75,5.010000228881836,5.349999904632568,17110,0.0,0.0
2022-12-28 00:00:00-05:00,5.389999866485596,5.659999847412109,5.050000190734863,5.210000038146973,19960,0.0,0.0
2022-12-29 00:00:00-05:00,5.050000190734863,6.0,5.050000190734863,5.75,35070,0.0,0.0
2022-12-30 00:00:00-05:00,5.570000171661377,6.599999904632568,5.5,6.440000057220459,78530,0.0,0.0
2023-01-03 00:00:00-05:00,6.659999847412109,7.0,6.300000190734863,6.420000076293945,13600,0.0,0.0
2023-01-04 00:00:00-05:00,6.559999942779541,7.0,6.400000095367432,6.800000190734863,17760,0.0,0.0
2023-01-05 00:00:00-05:00,6.590000152587891,7.099999904632568,6.460000038146973,6.949999809265137,7920,0.0,0.0
2023-01-06 00:00:00-05:00,7.099999904632568,7.400000095367432,6.800000190734863,7.090000152587891,11530,0.0,0.0
2023-01-09 00:00:00-05:00,7.0,7.300000190734863,6.860000133514404,7.099999904632568,10770,0.0,0.0
2023-01-10 00:00:00-05:00,7.090000152587891,7.699999809265137,7.090000152587891,7.599999904632568,14160,0.0,0.0
2023-01-11 00:00:00-05:00,8.100000381469727,8.300000190734863,7.599999904632568,8.199999809265137,24010,0.0,0.0
2023-01-12 00:00:00-05:00,8.199999809265137,8.199999809265137,7.599999904632568,7.829999923706055,17320,0.0,0.0
2023-01-13 00:00:00-05:00,8.0,8.399999618530273,8.0,8.119999885559082,24880,0.0,0.0
2023-01-17 00:00:00-05:00,8.0,8.199999809265137,7.699999809265137,7.71999979019165,13750,0.0,0.0
2023-01-18 00:00:00-05:00,7.800000190734863,8.199999809265137,7.599999904632568,7.860000133514404,7080,0.0,0.0
2023-01-19 00:00:00-05:00,7.619999885559082,8.0,7.400000095367432,7.5,20690,0.0,0.0
2023-01-20 00:00:00-05:00,7.400000095367432,7.800000190734863,7.400000095367432,7.75,5910,0.0,0.0
2023-01-23 00:00:00-05:00,7.699999809265137,7.980000019073486,7.699999809265137,7.75,12250,0.0,0.0
2023-01-24 00:00:00-05:00,7.679999828338623,7.869999885559082,7.300000190734863,7.800000190734863,10960,0.0,0.0
2023-01-25 00:00:00-05:00,7.800000190734863,7.800000190734863,7.199999809265137,7.400000095367432,15800,0.0,0.0
2023-01-26 00:00:00-05:00,7.409999847412109,7.699999809265137,7.300000190734863,7.400000095367432,9470,0.0,0.0
2023-01-27 00:00:00-05:00,7.179999828338623,7.929999828338623,7.099999904632568,7.829999923706055,5660,0.0,0.0
2023-01-30 00:00:00-05:00,7.829999923706055,7.849999904632568,7.480000019073486,7.5,8810,0.0,0.0
2023-01-31 00:00:00-05:00,7.400000095367432,7.78000020980835,7.389999866485596,7.699999809265137,7140,0.0,0.0
2023-02-01 00:00:00-05:00,7.800000190734863,7.800000190734863,7.400000095367432,7.449999809265137,11800,0.0,0.0
2023-02-02 00:00:00-05:00,8.399999618530273,8.399999618530273,7.610000133514404,8.09000015258789,25380,0.0,0.0
2023-02-03 00:00:00-05:00,7.900000095367432,8.199999809265137,7.449999809265137,7.900000095367432,19530,0.0,0.0
2023-02-06 00:00:00-05:00,8.199999809265137,8.199999809265137,7.659999847412109,7.900000095367432,5030,0.0,0.0
2023-02-07 00:00:00-05:00,8.300000190734863,11.800000190734863,8.300000190734863,10.0,70390,0.0,0.0
2023-02-08 00:00:00-05:00,9.800000190734863,10.0,7.599999904632568,9.5,41240,0.0,0.0
2023-02-09 00:00:00-05:00,9.5,10.899999618530273,9.399999618530273,9.699999809265137,34890,0.0,0.0
2023-02-10 00:00:00-05:00,9.600000381469727,10.399999618530273,9.5,10.199999809265137,9500,0.0,0.0
2023-02-13 00:00:00-05:00,10.5,10.5,9.920000076293945,10.449999809265137,5700,0.0,0.0
2023-02-14 00:00:00-05:00,10.300000190734863,11.100000381469727,10.199999809265137,11.0,15340,0.0,0.0
2023-02-15 00:00:00-05:00,11.199999809265137,11.600000381469727,10.829999923706055,11.300000190734863,38890,0.0,0.0
2023-02-16 00:00:00-05:00,11.600000381469727,11.800000190734863,10.899999618530273,11.0,21380,0.0,0.0
2023-02-17 00:00:00-05:00,11.0,11.5,10.699999809265137,11.300000190734863,16390,0.0,0.0
2023-02-21 00:00:00-05:00,10.699999809265137,11.600000381469727,10.399999618530273,10.699999809265137,31270,0.0,0.0
2023-02-22 00:00:00-05:00,10.600000381469727,11.0,10.399999618530273,10.399999618530273,18020,0.0,0.0
2023-02-23 00:00:00-05:00,10.600000381469727,10.800000190734863,10.420000076293945,10.5,10230,0.0,0.0
2023-02-24 00:00:00-05:00,10.399999618530273,10.819999694824219,10.199999809265137,10.399999618530273,8180,0.0,0.0
2023-02-27 00:00:00-05:00,10.600000381469727,10.800000190734863,9.850000381469727,9.899999618530273,10080,0.0,0.0
2023-02-28 00:00:00-05:00,10.0,10.0,9.300000190734863,9.6899995803833,18250,0.0,0.0
2023-03-01 00:00:00-05:00,9.5,11.5,9.5,10.600000381469727,48440,0.0,0.0
2023-03-02 00:00:00-05:00,10.899999618530273,11.800000190734863,10.600000381469727,11.600000381469727,24620,0.0,0.0
2023-03-03 00:00:00-05:00,11.699999809265137,11.899999618530273,11.0,11.199999809265137,34380,0.0,0.0
2023-03-06 00:00:00-05:00,11.399999618530273,14.0,11.0,13.300000190734863,142160,0.0,0.0
2023-03-07 00:00:00-05:00,13.100000381469727,13.300000190734863,12.399999618530273,12.699999809265137,65420,0.0,0.0
2023-03-08 00:00:00-05:00,13.199999809265137,13.199999809265137,12.300000190734863,12.5,13720,0.0,0.0
2023-03-09 00:00:00-05:00,12.5,13.100000381469727,11.699999809265137,12.0,26520,0.0,0.0
2023-03-10 00:00:00-05:00,12.0,12.300000190734863,11.199999809265137,11.199999809265137,27580,0.0,0.0
2023-03-13 00:00:00-04:00,11.0,11.100000381469727,8.199999809265137,8.779999732971191,48710,0.0,0.0
2023-03-14 00:00:00-04:00,8.800000190734863,10.5,8.800000190734863,9.300000190734863,15230,0.0,0.0
2023-03-15 00:00:00-04:00,9.300000190734863,9.5,7.800000190734863,8.399999618530273,25900,0.0,0.0
2023-03-16 00:00:00-04:00,8.199999809265137,10.25,8.100000381469727,9.40999984741211,59770,0.0,0.0
2023-03-17 00:00:00-04:00,9.899999618530273,10.399999618530273,9.680000305175781,9.859999656677246,38480,0.0,0.0
2023-03-20 00:00:00-04:00,9.899999618530273,11.0,9.859999656677246,10.899999618530273,51430,0.0,0.0
2023-03-21 00:00:00-04:00,11.100000381469727,12.010000228881836,11.100000381469727,11.399999618530273,68050,0.0,0.0
2023-03-22 00:00:00-04:00,11.699999809265137,11.800000190734863,10.5,11.100000381469727,52560,0.0,0.0
2023-03-23 00:00:00-04:00,11.399999618530273,11.899999618530273,11.100000381469727,11.300000190734863,31680,0.0,0.0
2023-03-24 00:00:00-04:00,11.199999809265137,12.0,11.0,11.199999809265137,29120,0.0,0.0
2023-03-27 00:00:00-04:00,11.5,11.800000190734863,10.729999542236328,11.300000190734863,27800,0.0,0.0
2023-03-28 00:00:00-04:00,11.300000190734863,11.5,10.600000381469727,11.100000381469727,22400,0.0,0.0
2023-03-29 00:00:00-04:00,11.0,11.100000381469727,10.399999618530273,10.399999618530273,11640,0.0,0.0
2023-03-30 00:00:00-04:00,10.5,11.0,10.0,10.199999809265137,79310,0.0,0.0
2023-03-31 00:00:00-04:00,10.100000381469727,12.199999809265137,10.100000381469727,11.399999618530273,70170,0.0,0.0
2023-04-03 00:00:00-04:00,11.5,13.5,11.399999618530273,12.300000190734863,48990,0.0,0.0
2023-04-04 00:00:00-04:00,12.800000190734863,12.800000190734863,11.399999618530273,11.600000381469727,61380,0.0,0.0
2023-04-05 00:00:00-04:00,11.600000381469727,12.100000381469727,11.199999809265137,11.699999809265137,26030,0.0,0.0
2023-04-06 00:00:00-04:00,11.399999618530273,12.0,11.300000190734863,11.800000190734863,14860,0.0,0.0
2023-04-10 00:00:00-04:00,11.800000190734863,15.600000381469727,11.699999809265137,14.0,281610,0.0,0.0
2023-04-11 00:00:00-04:00,13.899999618530273,14.510000228881836,13.5,13.699999809265137,65610,0.0,0.0
2023-04-12 00:00:00-04:00,13.699999809265137,14.600000381469727,13.600000381469727,13.699999809265137,58940,0.0,0.0
2023-04-13 00:00:00-04:00,14.300000190734863,14.300000190734863,13.300000190734863,14.100000381469727,44890,0.0,0.0
2023-04-14 00:00:00-04:00,14.5,14.5,13.5,14.199999809265137,60960,0.0,0.0
2023-04-17 00:00:00-04:00,14.100000381469727,15.100000381469727,13.699999809265137,14.0,64020,0.0,0.0
2023-04-18 00:00:00-04:00,14.100000381469727,14.899999618530273,14.0,14.149999618530273,40620,0.0,0.0
2023-04-19 00:00:00-04:00,14.0,14.5,13.800000190734863,13.949999809265137,29030,0.0,0.0
2023-04-20 00:00:00-04:00,14.100000381469727,14.399999618530273,13.600000381469727,14.0,47700,0.0,0.0
2023-04-21 00:00:00-04:00,14.0,14.300000190734863,13.199999809265137,13.899999618530273,44070,0.0,0.0
2023-04-24 00:00:00-04:00,13.899999618530273,14.100000381469727,13.0,13.100000381469727,20590,0.0,0.0
2023-04-25 00:00:00-04:00,13.399999618530273,13.399999618530273,12.5,12.899999618530273,27360,0.0,0.0
2023-04-26 00:00:00-04:00,13.100000381469727,13.489999771118164,11.699999809265137,12.399999618530273,49010,0.0,0.0
2023-04-27 00:00:00-04:00,12.5,13.699999809265137,12.300000190734863,13.300000190734863,62420,0.0,0.0
2023-04-28 00:00:00-04:00,13.399999618530273,17.0,13.399999618530273,17.0,267140,0.0,0.0
2023-05-01 00:00:00-04:00,16.200000762939453,17.299999237060547,15.5,15.600000381469727,77200,0.0,0.0
2023-05-02 00:00:00-04:00,15.600000381469727,16.899999618530273,14.399999618530273,14.5,88400,0.0,0.0
2023-05-03 00:00:00-04:00,14.5,16.049999237060547,14.199999809265137,15.899999618530273,46460,0.0,0.0
2023-05-04 00:00:00-04:00,15.899999618530273,15.899999618530273,14.5,15.300000190734863,24240,0.0,0.0
2023-05-05 00:00:00-04:00,15.300000190734863,16.0,15.0,15.300000190734863,35480,0.0,0.0
2023-05-08 00:00:00-04:00,15.399999618530273,15.600000381469727,14.100000381469727,14.399999618530273,30050,0.0,0.0
2023-05-09 00:00:00-04:00,15.100000381469727,15.100000381469727,13.899999618530273,14.0,24480,0.0,0.0
2023-05-10 00:00:00-04:00,14.300000190734863,14.699999809265137,14.0,14.600000381469727,12700,0.0,0.0
2023-05-11 00:00:00-04:00,14.199999809265137,15.699999809265137,14.199999809265137,15.5,25560,0.0,0.0
2023-05-12 00:00:00-04:00,15.5,16.100000381469727,15.399999618530273,15.600000381469727,22350,0.0,0.0
2023-05-15 00:00:00-04:00,15.899999618530273,16.0,15.399999618530273,15.5,16890,0.0,0.0
2023-05-16 00:00:00-04:00,15.5,15.899999618530273,14.899999618530273,15.100000381469727,6510,0.0,0.0
2023-05-17 00:00:00-04:00,15.100000381469727,16.0,15.100000381469727,15.649999618530273,18060,0.0,0.0
2023-05-18 00:00:00-04:00,15.699999809265137,15.899999618530273,15.300000190734863,15.800000190734863,11410,0.0,0.0
2023-05-19 00:00:00-04:00,15.699999809265137,15.699999809265137,14.5,15.050000190734863,28540,0.0,0.0
2023-05-22 00:00:00-04:00,15.0,15.300000190734863,14.210000038146973,14.5,24470,0.0,0.0
2023-05-23 00:00:00-04:00,14.600000381469727,14.600000381469727,12.800000190734863,12.899999618530273,29580,0.0,0.0
2023-05-24 00:00:00-04:00,12.699999809265137,13.199999809265137,11.800000190734863,12.25,21060,0.0,0.0
2023-05-25 00:00:00-04:00,11.899999618530273,12.5,11.800000190734863,12.100000381469727,25090,0.0,0.0
2023-05-26 00:00:00-04:00,12.0,13.300000190734863,11.899999618530273,12.800000190734863,21570,0.0,0.0
2023-05-30 00:00:00-04:00,12.800000190734863,12.800000190734863,11.899999618530273,12.300000190734863,11930,0.0,0.0
2023-05-31 00:00:00-04:00,12.300000190734863,12.479999542236328,11.100000381469727,11.199999809265137,20560,0.0,0.0
2023-06-01 00:00:00-04:00,11.399999618530273,12.399999618530273,11.199999809265137,12.0,8580,0.0,0.0
2023-06-02 00:00:00-04:00,12.0,12.800000190734863,11.800000190734863,12.300000190734863,12410,0.0,0.0
2023-06-05 00:00:00-04:00,12.100000381469727,12.699999809265137,11.600000381469727,12.300000190734863,12430,0.0,0.0
2023-06-06 00:00:00-04:00,11.899999618530273,13.100000381469727,11.800000190734863,12.399999618530273,17740,0.0,0.0
2023-06-07 00:00:00-04:00,12.699999809265137,13.0,12.100000381469727,12.600000381469727,8630,0.0,0.0
2023-06-08 00:00:00-04:00,12.5,12.699999809265137,12.109999656677246,12.399999618530273,5140,0.0,0.0
2023-06-09 00:00:00-04:00,12.300000190734863,13.899999618530273,12.0,13.5,27130,0.0,0.0
2023-06-12 00:00:00-04:00,13.399999618530273,14.300000190734863,13.210000038146973,13.699999809265137,16710,0.0,0.0
2023-06-13 00:00:00-04:00,13.800000190734863,15.0,13.0,13.0,38550,0.0,0.0
2023-06-14 00:00:00-04:00,12.800000190734863,15.0,12.5,14.399999618530273,52460,0.0,0.0
2023-06-15 00:00:00-04:00,14.600000381469727,15.399999618530273,13.800000190734863,14.600000381469727,31380,0.0,0.0
2023-06-16 00:00:00-04:00,14.0,15.600000381469727,14.0,15.300000190734863,38470,0.0,0.0
2023-06-20 00:00:00-04:00,15.300000190734863,15.899999618530273,14.5,15.899999618530273,19210,0.0,0.0
2023-06-21 00:00:00-04:00,15.199999809265137,16.100000381469727,15.100000381469727,15.600000381469727,22500,0.0,0.0
2023-06-22 00:00:00-04:00,16.0,16.0,14.600000381469727,15.0,16540,0.0,0.0
2023-06-23 00:00:00-04:00,14.800000190734863,15.800000190734863,14.699999809265137,15.800000190734863,40520,0.0,0.0
2023-06-26 00:00:00-04:00,16.299999237060547,16.5,15.199999809265137,16.299999237060547,65750,0.0,0.0
2023-06-27 00:00:00-04:00,17.0,17.0,14.600000381469727,16.0,52980,0.0,0.0
2023-06-28 00:00:00-04:00,15.600000381469727,16.899999618530273,15.600000381469727,16.0,37290,0.0,0.0
2023-06-29 00:00:00-04:00,16.399999618530273,17.0,16.0,16.799999237060547,16520,0.0,0.0
2023-06-30 00:00:00-04:00,17.0,17.600000381469727,16.700000762939453,17.600000381469727,32100,0.0,0.0
2023-07-03 00:00:00-04:00,17.299999237060547,17.399999618530273,16.799999237060547,17.399999618530273,8640,0.0,0.0
2023-07-05 00:00:00-04:00,17.5,18.100000381469727,16.399999618530273,16.899999618530273,25820,0.0,0.0
2023-07-06 00:00:00-04:00,16.299999237060547,16.850000381469727,15.199999809265137,15.699999809265137,26490,0.0,0.0
2023-07-07 00:00:00-04:00,15.899999618530273,17.200000762939453,15.899999618530273,16.899999618530273,15390,0.0,0.0
2023-07-10 00:00:00-04:00,17.100000381469727,17.5,16.600000381469727,16.799999237060547,14840,0.0,0.0
2023-07-11 00:00:00-04:00,16.799999237060547,17.5,16.799999237060547,16.899999618530273,41690,0.0,0.0
2023-07-12 00:00:00-04:00,17.100000381469727,18.0,16.899999618530273,17.850000381469727,32200,0.0,0.0
2023-07-13 00:00:00-04:00,17.799999237060547,18.0,17.5,17.700000762939453,17220,0.0,0.0
2023-07-14 00:00:00-04:00,17.899999618530273,18.299999237060547,16.700000762939453,16.799999237060547,22680,0.0,0.0
2023-07-17 00:00:00-04:00,16.799999237060547,17.5,16.5,17.200000762939453,29960,0.0,0.0
2023-07-18 00:00:00-04:00,17.0,17.229999542236328,16.100000381469727,16.399999618530273,17700,0.0,0.0
2023-07-19 00:00:00-04:00,16.5,16.899999618530273,15.899999618530273,16.0,23700,0.0,0.0
2023-07-20 00:00:00-04:00,15.899999618530273,16.5,15.699999809265137,15.800000190734863,14550,0.0,0.0
2023-07-21 00:00:00-04:00,15.800000190734863,16.5,15.5,16.100000381469727,15790,0.0,0.0
2023-07-24 00:00:00-04:00,16.200000762939453,16.200000762939453,15.5,16.100000381469727,15430,0.0,0.0
2023-07-25 00:00:00-04:00,16.0,17.510000228881836,15.699999809265137,17.0,20320,0.0,0.0
2023-07-26 00:00:00-04:00,17.200000762939453,17.979999542236328,16.600000381469727,17.799999237060547,20750,0.0,0.0
2023-07-27 00:00:00-04:00,18.100000381469727,18.5,17.549999237060547,18.299999237060547,20750,0.0,0.0
2023-07-28 00:00:00-04:00,18.399999618530273,19.899999618530273,18.309999465942383,19.100000381469727,38300,0.0,0.0
2023-07-31 00:00:00-04:00,19.0,19.799999237060547,19.0,19.299999237060547,21410,0.0,0.0
2023-08-01 00:00:00-04:00,19.299999237060547,20.100000381469727,18.799999237060547,19.399999618530273,54810,0.0,0.0
2023-08-02 00:00:00-04:00,19.200000762939453,19.700000762939453,18.600000381469727,18.799999237060547,20250,0.0,0.0
2023-08-03 00:00:00-04:00,18.700000762939453,19.299999237060547,18.299999237060547,18.5,19220,0.0,0.0
2023-08-04 00:00:00-04:00,18.399999618530273,18.75,17.600000381469727,17.600000381469727,23300,0.0,0.0
2023-08-07 00:00:00-04:00,17.799999237060547,18.399999618530273,17.100000381469727,17.299999237060547,13010,0.0,0.0
2023-08-08 00:00:00-04:00,17.299999237060547,17.700000762939453,16.600000381469727,16.600000381469727,15390,0.0,0.0
2023-08-09 00:00:00-04:00,16.5,16.600000381469727,15.199999809265137,15.300000190734863,24230,0.0,0.0
2023-08-10 00:00:00-04:00,14.800000190734863,18.0,14.800000190734863,16.899999618530273,40220,0.0,0.0
2023-08-11 00:00:00-04:00,16.899999618530273,17.600000381469727,16.5,16.899999618530273,17420,0.0,0.0
2023-08-14 00:00:00-04:00,17.100000381469727,19.100000381469727,16.799999237060547,18.899999618530273,33300,0.0,0.0
2023-08-15 00:00:00-04:00,18.799999237060547,18.860000610351562,17.3799991607666,17.700000762939453,21030,0.0,0.0
2023-08-16 00:00:00-04:00,17.899999618530273,18.399999618530273,17.600000381469727,17.700000762939453,15280,0.0,0.0
2023-08-17 00:00:00-04:00,17.600000381469727,17.600000381469727,16.899999618530273,16.899999618530273,31670,0.0,0.0
2023-08-18 00:00:00-04:00,16.600000381469727,16.799999237060547,16.0,16.100000381469727,25260,0.0,0.0
2023-08-21 00:00:00-04:00,16.399999618530273,18.0,16.399999618530273,17.600000381469727,27460,0.0,0.0
2023-08-22 00:00:00-04:00,18.0,18.100000381469727,17.399999618530273,17.700000762939453,16320,0.0,0.0
2023-08-23 00:00:00-04:00,17.700000762939453,17.899999618530273,16.700000762939453,17.0,10550,0.0,0.0
2023-08-24 00:00:00-04:00,17.100000381469727,17.799999237060547,17.100000381469727,17.299999237060547,11080,0.0,0.0
2023-08-25 00:00:00-04:00,16.700000762939453,17.799999237060547,16.700000762939453,16.799999237060547,14170,0.0,0.0
2023-08-28 00:00:00-04:00,17.100000381469727,17.399999618530273,16.209999084472656,16.700000762939453,10080,0.0,0.0
2023-08-29 00:00:00-04:00,16.600000381469727,17.899999618530273,16.200000762939453,17.5,25620,0.0,0.0
2023-08-30 00:00:00-04:00,17.899999618530273,20.690000534057617,17.299999237060547,20.100000381469727,73650,0.0,0.0
2023-08-31 00:00:00-04:00,20.299999237060547,21.799999237060547,20.0,21.399999618530273,42060,0.0,0.0
2023-09-01 00:00:00-04:00,21.899999618530273,21.899999618530273,18.5,18.75,85860,0.0,0.0
2023-09-05 00:00:00-04:00,17.399999618530273,18.799999237060547,16.299999237060547,17.5,42640,0.0,0.0
2023-09-06 00:00:00-04:00,17.600000381469727,18.200000762939453,16.200000762939453,16.399999618530273,42860,0.0,0.0
2023-09-07 00:00:00-04:00,16.299999237060547,16.450000762939453,15.699999809265137,16.399999618530273,18910,0.0,0.0
2023-09-08 00:00:00-04:00,16.700000762939453,17.5,14.5,14.699999809265137,90980,0.0,0.0
2023-09-11 00:00:00-04:00,15.100000381469727,15.100000381469727,13.699999809265137,14.199999809265137,36050,0.0,0.0
2023-09-12 00:00:00-04:00,13.699999809265137,13.699999809265137,11.25,11.399999618530273,73260,0.0,0.0
2023-09-13 00:00:00-04:00,11.399999618530273,11.800000190734863,10.699999809265137,10.800000190734863,53260,0.0,0.0
2023-09-14 00:00:00-04:00,11.0,12.699999809265137,10.699999809265137,12.5,48160,0.0,0.0
2023-09-15 00:00:00-04:00,12.0,13.899999618530273,12.0,13.699999809265137,65680,0.0,0.0
2023-09-18 00:00:00-04:00,13.699999809265137,14.5,12.800000190734863,13.0,52660,0.0,0.0
2023-09-19 00:00:00-04:00,12.899999618530273,12.899999618530273,11.5,12.300000190734863,24150,0.0,0.0
2023-09-20 00:00:00-04:00,12.300000190734863,12.300000190734863,10.699999809265137,10.75,38280,0.0,0.0
2023-09-21 00:00:00-04:00,10.800000190734863,10.800000190734863,10.0,10.100000381469727,43280,0.0,0.0
2023-09-22 00:00:00-04:00,10.199999809265137,10.75,10.199999809265137,10.5,15800,0.0,0.0
2023-09-25 00:00:00-04:00,10.600000381469727,10.600000381469727,10.100000381469727,10.199999809265137,14100,0.0,0.0
2023-09-26 00:00:00-04:00,10.199999809265137,10.899999618530273,10.100000381469727,10.100000381469727,15660,0.0,0.0
2023-09-27 00:00:00-04:00,10.0,10.789999961853027,9.600000381469727,9.699999809265137,65610,0.0,0.0
2023-09-28 00:00:00-04:00,9.899999618530273,10.100000381469727,9.600000381469727,9.699999809265137,16850,0.0,0.0
2023-09-29 00:00:00-04:00,9.699999809265137,9.899999618530273,9.25,9.5600004196167,22700,0.0,0.0
2023-10-02 00:00:00-04:00,9.600000381469727,9.739999771118164,9.100000381469727,9.210000038146973,22600,0.0,0.0
2023-10-03 00:00:00-04:00,9.210000038146973,9.210000038146973,8.920000076293945,9.170000076293945,25530,0.0,0.0
2023-10-04 00:00:00-04:00,9.100000381469727,10.0,8.399999618530273,9.199999809265137,44470,0.0,0.0
2023-10-05 00:00:00-04:00,9.100000381469727,10.399999618530273,9.0,9.600000381469727,21230,0.0,0.0
2023-10-06 00:00:00-04:00,9.600000381469727,10.399999618530273,9.520000457763672,10.100000381469727,14880,0.0,0.0
2023-10-09 00:00:00-04:00,9.970000267028809,10.59000015258789,9.75,10.0,4430,0.0,0.0
2023-10-10 00:00:00-04:00,10.100000381469727,10.399999618530273,9.800000190734863,10.100000381469727,9180,0.0,0.0
2023-10-11 00:00:00-04:00,10.0,10.699999809265137,9.199999809265137,9.399999618530273,20990,0.0,0.0
2023-10-12 00:00:00-04:00,9.399999618530273,9.65999984741211,9.100000381469727,9.420000076293945,4020,0.0,0.0
2023-10-13 00:00:00-04:00,9.420000076293945,9.800000190734863,9.180000305175781,9.229999542236328,3230,0.0,0.0
2023-10-16 00:00:00-04:00,9.229999542236328,10.0,9.229999542236328,9.699999809265137,8180,0.0,0.0
2023-10-17 00:00:00-04:00,9.40999984741211,10.699999809265137,9.40999984741211,10.5,20050,0.0,0.0
2023-10-18 00:00:00-04:00,10.100000381469727,11.300000190734863,10.100000381469727,10.399999618530273,30340,0.0,0.0
2023-10-19 00:00:00-04:00,10.399999618530273,10.5,9.670000076293945,10.0,29450,0.0,0.0
2023-10-20 00:00:00-04:00,10.149999618530273,10.300000190734863,9.699999809265137,9.899999618530273,7050,0.0,0.0
2023-10-23 00:00:00-04:00,9.899999618530273,10.199999809265137,9.5,9.800000190734863,6190,0.0,0.0
2023-10-24 00:00:00-04:00,9.850000381469727,10.899999618530273,9.75,10.5,19980,0.0,0.0
2023-10-25 00:00:00-04:00,10.600000381469727,10.600000381469727,10.0,10.399999618530273,19970,0.0,0.0
2023-10-26 00:00:00-04:00,10.100000381469727,10.800000190734863,10.0,10.699999809265137,24680,0.0,0.0
2023-10-27 00:00:00-04:00,10.800000190734863,10.800000190734863,10.0,10.0,13660,0.0,0.0
2023-10-30 00:00:00-04:00,9.609999656677246,10.399999618530273,9.5,9.989999771118164,29510,0.0,0.0
2023-10-31 00:00:00-04:00,10.300000190734863,10.300000190734863,9.529999732971191,9.5600004196167,7690,0.0,0.0
2023-11-01 00:00:00-04:00,9.699999809265137,11.199999809265137,9.5,10.199999809265137,33740,0.0,0.0
2023-11-02 00:00:00-04:00,10.100000381469727,11.0,10.100000381469727,10.699999809265137,14820,0.0,0.0
2023-11-03 00:00:00-04:00,10.100000381469727,10.899999618530273,10.100000381469727,10.699999809265137,16860,0.0,0.0
2023-11-06 00:00:00-05:00,10.699999809265137,11.199999809265137,10.600000381469727,10.699999809265137,11470,0.0,0.0
2023-11-07 00:00:00-05:00,10.720000267028809,12.899999618530273,10.600000381469727,11.199999809265137,72310,0.0,0.0
2023-11-08 00:00:00-05:00,11.5,12.399999618530273,10.899999618530273,12.199999809265137,46640,0.0,0.0
2023-11-09 00:00:00-05:00,11.199999809265137,11.899999618530273,11.0,11.399999618530273,18540,0.0,0.0
2023-11-10 00:00:00-05:00,12.100000381469727,12.100000381469727,11.0,11.199999809265137,10360,0.0,0.0
2023-11-13 00:00:00-05:00,10.899999618530273,11.199999809265137,10.300000190734863,10.699999809265137,13040,0.0,0.0
2023-11-14 00:00:00-05:00,10.800000190734863,11.399999618530273,10.5,11.199999809265137,13300,0.0,0.0
2023-11-15 00:00:00-05:00,11.0,11.800000190734863,10.84000015258789,11.699999809265137,10030,0.0,0.0
2023-11-16 00:00:00-05:00,11.5,11.800000190734863,10.5,10.800000190734863,8500,0.0,0.0
2023-11-17 00:00:00-05:00,10.600000381469727,11.899999618530273,10.600000381469727,11.800000190734863,9190,0.0,0.0
2023-11-20 00:00:00-05:00,11.5,11.800000190734863,11.0,11.300000190734863,11500,0.0,0.0
2023-11-21 00:00:00-05:00,10.899999618530273,11.300000190734863,10.0,10.5,7940,0.0,0.0
2023-11-22 00:00:00-05:00,11.0,11.0,10.100000381469727,10.199999809265137,5870,0.0,0.0
2023-11-24 00:00:00-05:00,10.100000381469727,10.699999809265137,10.100000381469727,10.100000381469727,3680,0.0,0.0
2023-11-27 00:00:00-05:00,10.0,10.399999618530273,10.0,10.100000381469727,10980,0.0,0.0
2023-11-28 00:00:00-05:00,10.300000190734863,10.600000381469727,10.100000381469727,10.100000381469727,5900,0.0,0.0
2023-11-29 00:00:00-05:00,10.399999618530273,10.600000381469727,10.199999809265137,10.5,4590,0.0,0.0
2023-11-30 00:00:00-05:00,10.300000190734863,11.0,10.0,10.100000381469727,21130,0.0,0.0
2023-12-01 00:00:00-05:00,10.399999618530273,10.699999809265137,10.100000381469727,10.600000381469727,13680,0.0,0.0
2023-12-04 00:00:00-05:00,10.5,10.699999809265137,10.199999809265137,10.600000381469727,9160,0.0,0.0
2023-12-05 00:00:00-05:00,10.399999618530273,10.699999809265137,10.199999809265137,10.300000190734863,4280,0.0,0.0
2023-12-06 00:00:00-05:00,10.199999809265137,10.800000190734863,10.199999809265137,10.399999618530273,10430,0.0,0.0
2023-12-07 00:00:00-05:00,10.399999618530273,10.600000381469727,10.199999809265137,10.5,10780,0.0,0.0
2023-12-08 00:00:00-05:00,10.600000381469727,11.0,10.5,10.699999809265137,11010,0.0,0.0
2023-12-11 00:00:00-05:00,10.5,10.65999984741211,9.800000190734863,10.300000190734863,12770,0.0,0.0
2023-12-12 00:00:00-05:00,10.300000190734863,10.300000190734863,9.569999694824219,9.600000381469727,11080,0.0,0.0
2023-12-13 00:00:00-05:00,9.619999885559082,10.600000381469727,9.600000381469727,10.300000190734863,24220,0.0,0.0
2023-12-14 00:00:00-05:00,10.300000190734863,11.199999809265137,10.300000190734863,11.149999618530273,18780,0.0,0.0
2023-12-15 00:00:00-05:00,11.399999618530273,11.899999618530273,10.699999809265137,11.0,57750,0.0,0.0
2023-12-18 00:00:00-05:00,10.899999618530273,11.800000190734863,10.800000190734863,11.199999809265137,25330,0.0,0.0
2023-12-19 00:00:00-05:00,11.300000190734863,11.800000190734863,10.699999809265137,10.800000190734863,22650,0.0,0.0
2023-12-20 00:00:00-05:00,10.699999809265137,11.899999618530273,10.699999809265137,11.199999809265137,22870,0.0,0.0
2023-12-21 00:00:00-05:00,11.399999618530273,11.600000381469727,10.800000190734863,11.399999618530273,9260,0.0,0.0
2023-12-22 00:00:00-05:00,11.300000190734863,12.270000457763672,11.199999809265137,12.100000381469727,18390,0.0,0.0
2023-12-26 00:00:00-05:00,11.899999618530273,12.0,11.199999809265137,11.300000190734863,28730,0.0,0.0
2023-12-27 00:00:00-05:00,11.300000190734863,12.399999618530273,11.300000190734863,12.100000381469727,53740,0.0,0.0
2023-12-28 00:00:00-05:00,12.100000381469727,13.800000190734863,12.100000381469727,13.199999809265137,43500,0.0,0.0
2023-12-29 00:00:00-05:00,13.0,14.699999809265137,13.0,13.899999618530273,44700,0.0,0.0
2024-01-02 00:00:00-05:00,13.100000381469727,13.899999618530273,12.199999809265137,12.5,32860,0.0,0.0
2024-01-03 00:00:00-05:00,12.0,12.699999809265137,11.800000190734863,12.5,22320,0.0,0.0
2024-01-04 00:00:00-05:00,12.399999618530273,13.699999809265137,12.399999618530273,12.699999809265137,14920,0.0,0.0
2024-01-05 00:00:00-05:00,12.5,13.199999809265137,12.300000190734863,12.899999618530273,15810,0.0,0.0
2024-01-08 00:00:00-05:00,12.800000190734863,13.699999809265137,12.619999885559082,13.600000381469727,8880,0.0,0.0
2024-01-09 00:00:00-05:00,13.199999809265137,14.699999809265137,12.899999618530273,14.0,27890,0.0,0.0
2024-01-10 00:00:00-05:00,14.0,14.300000190734863,13.199999809265137,13.5,11260,0.0,0.0
2024-01-11 00:00:00-05:00,13.199999809265137,13.5,12.800000190734863,12.899999618530273,13900,0.0,0.0
2024-01-12 00:00:00-05:00,13.300000190734863,13.300000190734863,12.600000381469727,13.0,5620,0.0,0.0
2024-01-16 00:00:00-05:00,12.800000190734863,13.289999961853027,12.600000381469727,12.800000190734863,7390,0.0,0.0
2024-01-17 00:00:00-05:00,12.600000381469727,13.100000381469727,12.5,13.0,2870,0.0,0.0
2024-01-18 00:00:00-05:00,12.800000190734863,13.5,12.399999618530273,13.399999618530273,15680,0.0,0.0
2024-01-19 00:00:00-05:00,13.399999618530273,13.899999618530273,13.0,13.300000190734863,20910,0.0,0.0
2024-01-22 00:00:00-05:00,13.399999618530273,13.899999618530273,13.300000190734863,13.5,19210,0.0,0.0
2024-01-23 00:00:00-05:00,13.5,13.800000190734863,13.0,13.199999809265137,16590,0.0,0.0
2024-01-24 00:00:00-05:00,13.300000190734863,15.300000190734863,13.199999809265137,15.149999618530273,71480,0.0,0.0
2024-01-25 00:00:00-05:00,15.100000381469727,15.199999809265137,13.600000381469727,13.899999618530273,30190,0.0,0.0
2024-01-26 00:00:00-05:00,13.899999618530273,15.399999618530273,13.899999618530273,15.100000381469727,32270,0.0,0.0
2024-01-29 00:00:00-05:00,14.800000190734863,15.100000381469727,14.300000190734863,14.699999809265137,15600,0.0,0.0
2024-01-30 00:00:00-05:00,14.600000381469727,15.399999618530273,14.199999809265137,14.399999618530273,23840,0.0,0.0
2024-01-31 00:00:00-05:00,14.100000381469727,14.699999809265137,14.100000381469727,14.300000190734863,16220,0.0,0.0
2024-02-01 00:00:00-05:00,14.300000190734863,14.300000190734863,13.899999618530273,14.300000190734863,10620,0.0,0.0
2024-02-02 00:00:00-05:00,13.899999618530273,14.800000190734863,13.899999618530273,14.300000190734863,10770,0.0,0.0
2024-02-05 00:00:00-05:00,14.300000190734863,15.5,14.300000190734863,15.5,32020,0.0,0.0
2024-02-06 00:00:00-05:00,15.5,15.899999618530273,15.199999809265137,15.899999618530273,21250,0.0,0.0
2024-02-07 00:00:00-05:00,15.899999618530273,15.899999618530273,14.300000190734863,14.699999809265137,23390,0.0,0.0
2024-02-08 00:00:00-05:00,14.0,15.65999984741211,10.199999809265137,14.899999618530273,67500,0.0,0.0
2024-02-09 00:00:00-05:00,14.600000381469727,15.0,13.800000190734863,14.0,7020,0.0,0.0
2024-02-12 00:00:00-05:00,14.0,15.300000190734863,14.0,15.0,15730,0.0,0.0
2024-02-13 00:00:00-05:00,14.5,15.300000190734863,14.199999809265137,14.600000381469727,11870,0.0,0.0
2024-02-14 00:00:00-05:00,14.300000190734863,14.399999618530273,13.600000381469727,14.100000381469727,23370,0.0,0.0
2024-02-15 00:00:00-05:00,14.399999618530273,14.699999809265137,13.5,14.399999618530273,15150,0.0,0.0
2024-02-16 00:00:00-05:00,14.300000190734863,15.350000381469727,14.300000190734863,14.5,17860,0.0,0.0
2024-02-20 00:00:00-05:00,14.199999809265137,15.899999618530273,14.0,15.699999809265137,40190,0.0,0.0
2024-02-21 00:00:00-05:00,15.699999809265137,16.649999618530273,15.5,16.0,33950,0.0,0.0
2024-02-22 00:00:00-05:00,16.25,17.299999237060547,16.25,16.799999237060547,32300,0.0,0.0
2024-02-23 00:00:00-05:00,16.700000762939453,17.399999618530273,16.5,17.100000381469727,26090,0.0,0.0
2024-02-26 00:00:00-05:00,17.0,17.5,16.0,16.899999618530273,27760,0.0,0.0
2024-02-27 00:00:00-05:00,16.799999237060547,17.5,16.600000381469727,16.799999237060547,20210,0.0,0.0
2024-02-28 00:00:00-05:00,17.0,17.5,16.350000381469727,16.5,33450,0.0,0.0
2024-02-29 00:00:00-05:00,16.700000762939453,17.100000381469727,15.300000190734863,16.200000762939453,63330,0.0,0.0
2024-03-01 00:00:00-05:00,16.200000762939453,16.5,15.5,15.800000190734863,16220,0.0,0.0
2024-03-04 00:00:00-05:00,15.600000381469727,17.399999618530273,14.949999809265137,17.200000762939453,52170,0.0,0.0
2024-03-05 00:00:00-05:00,16.299999237060547,17.799999237060547,16.200000762939453,17.200000762939453,24370,0.0,0.0
2024-03-06 00:00:00-05:00,17.799999237060547,19.299999237060547,17.399999618530273,19.0,53150,0.0,0.0
2024-03-07 00:00:00-05:00,19.299999237060547,20.299999237060547,18.299999237060547,19.299999237060547,53380,0.0,0.0
2024-03-08 00:00:00-05:00,19.5,19.799999237060547,18.100000381469727,18.700000762939453,35920,0.0,0.0
2024-03-11 00:00:00-04:00,18.5,19.799999237060547,18.0,18.200000762939453,33270,0.0,0.0
2024-03-12 00:00:00-04:00,18.5,19.100000381469727,17.100000381469727,18.549999237060547,31060,0.0,0.0
2024-03-13 00:00:00-04:00,18.700000762939453,19.299999237060547,17.600000381469727,18.700000762939453,31400,0.0,0.0
2024-03-14 00:00:00-04:00,18.5,19.420000076293945,18.200000762939453,18.200000762939453,30210,0.0,0.0
2024-03-15 00:00:00-04:00,18.700000762939453,19.200000762939453,18.299999237060547,18.399999618530273,40980,0.0,0.0
2024-03-18 00:00:00-04:00,18.399999618530273,19.399999618530273,18.399999618530273,18.799999237060547,20840,0.0,0.0
2024-03-19 00:00:00-04:00,19.100000381469727,21.5,18.899999618530273,20.600000381469727,64830,0.0,0.0
2024-03-20 00:00:00-04:00,20.899999618530273,21.100000381469727,19.299999237060547,19.799999237060547,54170,0.0,0.0
2024-03-21 00:00:00-04:00,19.899999618530273,20.799999237060547,19.5,20.5,51480,0.0,0.0
2024-03-22 00:00:00-04:00,20.399999618530273,21.0,20.110000610351562,20.399999618530273,55880,0.0,0.0
2024-03-25 00:00:00-04:00,20.5,20.5,17.799999237060547,19.5,53170,0.0,0.0
2024-03-26 00:00:00-04:00,19.0,19.700000762939453,19.0,19.200000762939453,31850,0.0,0.0
2024-03-27 00:00:00-04:00,19.5,19.700000762939453,18.799999237060547,19.299999237060547,25430,0.0,0.0
2024-03-28 00:00:00-04:00,19.399999618530273,19.700000762939453,19.25,19.5,54910,0.0,0.0
2024-04-01 00:00:00-04:00,19.5,19.600000381469727,18.299999237060547,18.5,43150,0.0,0.0
2024-04-02 00:00:00-04:00,18.700000762939453,18.950000762939453,18.399999618530273,18.700000762939453,23180,0.0,0.0
2024-04-03 00:00:00-04:00,18.700000762939453,20.0,18.600000381469727,18.600000381469727,32710,0.0,0.0
2024-04-04 00:00:00-04:00,18.700000762939453,19.25,18.200000762939453,19.0,34340,0.0,0.0
2024-04-05 00:00:00-04:00,18.799999237060547,19.700000762939453,18.799999237060547,19.5,19780,0.0,0.0
2024-04-08 00:00:00-04:00,19.799999237060547,19.799999237060547,19.100000381469727,19.5,25780,0.0,0.0
2024-04-09 00:00:00-04:00,19.5,19.700000762939453,18.299999237060547,18.299999237060547,39300,0.0,0.0
2024-04-10 00:00:00-04:00,18.600000381469727,18.899999618530273,17.799999237060547,18.200000762939453,21810,0.0,0.0
2024-04-11 00:00:00-04:00,18.100000381469727,18.600000381469727,17.700000762939453,18.299999237060547,23660,0.0,0.0
2024-04-12 00:00:00-04:00,18.399999618530273,18.600000381469727,17.100000381469727,17.5,29600,0.0,0.0
2024-04-15 00:00:00-04:00,17.5,18.0,16.799999237060547,17.299999237060547,41170,0.0,0.0
2024-04-16 00:00:00-04:00,17.100000381469727,17.299999237060547,16.399999618530273,16.600000381469727,19060,0.0,0.0
2024-04-17 00:00:00-04:00,16.700000762939453,16.899999618530273,15.399999618530273,16.700000762939453,38540,0.0,0.0
2024-04-18 00:00:00-04:00,16.700000762939453,17.389999389648438,15.800000190734863,17.0,52400,0.0,0.0
2024-04-19 00:00:00-04:00,16.899999618530273,17.399999618530273,16.0,16.600000381469727,29190,0.0,0.0
2024-04-22 00:00:00-04:00,16.700000762939453,17.399999618530273,16.200000762939453,17.200000762939453,28940,0.0,0.0
2024-04-23 00:00:00-04:00,17.0,18.200000762939453,17.0,17.399999618530273,23300,0.0,0.0
2024-04-24 00:00:00-04:00,17.399999618530273,18.899999618530273,17.399999618530273,18.799999237060547,29210,0.0,0.0
2024-04-25 00:00:00-04:00,19.0,19.0,17.700000762939453,18.5,29610,0.0,0.0
2024-04-26 00:00:00-04:00,18.600000381469727,19.399999618530273,18.299999237060547,18.950000762939453,31380,0.0,0.0
2024-04-29 00:00:00-04:00,19.799999237060547,19.850000381469727,18.799999237060547,19.299999237060547,42380,0.0,0.0
2024-04-30 00:00:00-04:00,19.200000762939453,19.600000381469727,18.399999618530273,19.0,34650,0.0,0.0
2024-05-01 00:00:00-04:00,19.299999237060547,19.299999237060547,18.399999618530273,18.399999618530273,14390,0.0,0.0
2024-05-02 00:00:00-04:00,18.700000762939453,19.100000381469727,18.510000228881836,19.100000381469727,26440,0.0,0.0
2024-05-03 00:00:00-04:00,19.200000762939453,19.700000762939453,18.950000762939453,19.299999237060547,21140,0.0,0.0
2024-05-06 00:00:00-04:00,18.700000762939453,19.799999237060547,18.700000762939453,19.5,24650,0.0,0.0
2024-05-07 00:00:00-04:00,19.700000762939453,19.799999237060547,18.799999237060547,18.899999618530273,28630,0.0,0.0
2024-05-08 00:00:00-04:00,18.899999618530273,19.5,17.899999618530273,18.200000762939453,21810,0.0,0.0
2024-05-09 00:00:00-04:00,18.299999237060547,19.200000762939453,18.299999237060547,18.75,21720,0.0,0.0
2024-05-10 00:00:00-04:00,18.899999618530273,19.0,17.899999618530273,18.0,17240,0.0,0.0
2024-05-13 00:00:00-04:00,17.899999618530273,19.0,17.600000381469727,18.0,34750,0.0,0.0
2024-05-14 00:00:00-04:00,18.0,18.5,17.600000381469727,18.0,19350,0.0,0.0
2024-05-15 00:00:00-04:00,18.0,18.799999237060547,18.0,18.399999618530273,24580,0.0,0.0
2024-05-16 00:00:00-04:00,18.5,18.799999237060547,18.0,18.100000381469727,13550,0.0,0.0
2024-05-17 00:00:00-04:00,18.100000381469727,18.700000762939453,18.0,18.299999237060547,18180,0.0,0.0
2024-05-20 00:00:00-04:00,18.100000381469727,18.600000381469727,17.600000381469727,17.700000762939453,13150,0.0,0.0
2024-05-21 00:00:00-04:00,17.600000381469727,18.100000381469727,17.149999618530273,18.0,16620,0.0,0.0
2024-05-22 00:00:00-04:00,17.700000762939453,18.100000381469727,17.200000762939453,17.399999618530273,23820,0.0,0.0
2024-05-23 00:00:00-04:00,17.700000762939453,17.799999237060547,16.600000381469727,16.899999618530273,24420,0.0,0.0
2024-05-24 00:00:00-04:00,16.700000762939453,18.200000762939453,16.600000381469727,17.600000381469727,26610,0.0,0.0
2024-05-28 00:00:00-04:00,18.0,18.0,16.899999618530273,17.0,22450,0.0,0.0
2024-05-29 00:00:00-04:00,17.0,17.299999237060547,16.899999618530273,17.200000762939453,23580,0.0,0.0
2024-05-30 00:00:00-04:00,16.899999618530273,17.5,16.5,16.799999237060547,19020,0.0,0.0
2024-05-31 00:00:00-04:00,16.600000381469727,17.0,15.899999618530273,16.5,20070,0.0,0.0
2024-06-03 00:00:00-04:00,16.799999237060547,17.100000381469727,15.899999618530273,16.399999618530273,28080,0.0,0.0
2024-06-04 00:00:00-04:00,16.5,17.350000381469727,16.5,17.299999237060547,23550,0.0,0.0
2024-06-05 00:00:00-04:00,17.200000762939453,17.899999618530273,17.0,17.799999237060547,34260,0.0,0.0
2024-06-06 00:00:00-04:00,17.799999237060547,18.799999237060547,17.600000381469727,18.299999237060547,45750,0.0,0.0
2024-06-07 00:00:00-04:00,18.0,18.299999237060547,16.700000762939453,17.100000381469727,36200,0.0,0.0
2024-06-10 00:00:00-04:00,17.0,17.5,16.5,16.799999237060547,31800,0.0,0.0
2024-06-11 00:00:00-04:00,16.600000381469727,17.100000381469727,16.299999237060547,16.799999237060547,21760,0.0,0.0
2024-06-12 00:00:00-04:00,17.399999618530273,18.299999237060547,17.100000381469727,17.799999237060547,58970,0.0,0.0
2024-06-13 00:00:00-04:00,17.799999237060547,18.799999237060547,17.399999618530273,18.5,23710,0.0,0.0
2024-06-14 00:00:00-04:00,18.299999237060547,18.899999618530273,18.200000762939453,18.200000762939453,26710,0.0,0.0
2024-06-17 00:00:00-04:00,18.100000381469727,18.200000762939453,17.299999237060547,17.399999618530273,20770,0.0,0.0
2024-06-18 00:00:00-04:00,17.299999237060547,17.600000381469727,16.5,16.5,29990,0.0,0.0
2024-06-20 00:00:00-04:00,16.600000381469727,17.0,16.100000381469727,16.399999618530273,25500,0.0,0.0
2024-06-21 00:00:00-04:00,16.299999237060547,16.600000381469727,15.300000190734863,15.899999618530273,62310,0.0,0.0
2024-06-24 00:00:00-04:00,15.600000381469727,15.800000190734863,14.800000190734863,15.399999618530273,57500,0.0,0.0
2024-06-25 00:00:00-04:00,15.5,15.800000190734863,15.100000381469727,15.100000381469727,39530,0.0,0.0
2024-06-26 00:00:00-04:00,14.800000190734863,15.600000381469727,13.800000190734863,15.0,58310,0.0,0.0
2024-06-27 00:00:00-04:00,14.5,16.299999237060547,14.5,15.449999809265137,52690,0.0,0.0
2024-06-28 00:00:00-04:00,15.300000190734863,16.299999237060547,15.100000381469727,15.699999809265137,809490,0.0,0.0
2024-07-01 00:00:00-04:00,15.399999618530273,15.600000381469727,14.300000190734863,14.800000190734863,52710,0.0,0.0
2024-07-02 00:00:00-04:00,14.5,14.899999618530273,14.199999809265137,14.399999618530273,24950,0.0,0.0
2024-07-03 00:00:00-04:00,14.600000381469727,14.800000190734863,14.300000190734863,14.699999809265137,16200,0.0,0.0
2024-07-05 00:00:00-04:00,14.5,14.699999809265137,13.300000190734863,13.399999618530273,34150,0.0,0.0
2024-07-08 00:00:00-04:00,13.0,13.899999618530273,12.100000381469727,13.800000190734863,64480,0.0,0.0
2024-07-09 00:00:00-04:00,13.699999809265137,14.100000381469727,13.399999618530273,13.5,29380,0.0,0.0
2024-07-10 00:00:00-04:00,13.600000381469727,13.600000381469727,13.199999809265137,13.399999618530273,14250,0.0,0.0
2024-07-11 00:00:00-04:00,13.300000190734863,14.600000381469727,13.300000190734863,14.399999618530273,37840,0.0,0.0
2024-07-12 00:00:00-04:00,14.600000381469727,14.699999809265137,13.899999618530273,14.100000381469727,25350,0.0,0.0
2024-07-15 00:00:00-04:00,13.899999618530273,14.300000190734863,13.699999809265137,14.199999809265137,34280,0.0,0.0
2024-07-16 00:00:00-04:00,14.399999618530273,15.300000190734863,14.399999618530273,15.300000190734863,42050,0.0,0.0
2024-07-17 00:00:00-04:00,15.199999809265137,16.0,14.649999618530273,15.300000190734863,47140,0.0,0.0
2024-07-18 00:00:00-04:00,15.399999618530273,16.700000762939453,15.0,15.399999618530273,56460,0.0,0.0
2024-07-19 00:00:00-04:00,16.0,16.100000381469727,14.800000190734863,14.899999618530273,29460,0.0,0.0
2024-07-22 00:00:00-04:00,15.100000381469727,15.350000381469727,14.5,14.899999618530273,22650,0.0,0.0
2024-07-23 00:00:00-04:00,15.0,15.899999618530273,14.850000381469727,15.5,27620,0.0,0.0
2024-07-24 00:00:00-04:00,15.399999618530273,15.399999618530273,14.800000190734863,14.800000190734863,22960,0.0,0.0
2024-07-25 00:00:00-04:00,15.0,16.299999237060547,14.800000190734863,16.100000381469727,71890,0.0,0.0
2024-07-26 00:00:00-04:00,16.299999237060547,16.700000762939453,16.0,16.399999618530273,26500,0.0,0.0
2024-07-29 00:00:00-04:00,16.299999237060547,16.899999618530273,15.819999694824219,16.0,19770,0.0,0.0
2024-07-30 00:00:00-04:00,16.0,16.799999237060547,15.800000190734863,16.450000762939453,26740,0.0,0.0
2024-07-31 00:00:00-04:00,16.600000381469727,17.600000381469727,16.549999237060547,17.0,45290,0.0,0.0
2024-08-01 00:00:00-04:00,17.299999237060547,17.399999618530273,15.0,16.149999618530273,44420,0.0,0.0
2024-08-02 00:00:00-04:00,15.5,15.899999618530273,14.899999618530273,15.600000381469727,25100,0.0,0.0
2024-08-05 00:00:00-04:00,14.300000190734863,15.5,14.100000381469727,14.800000190734863,37400,0.0,0.0
2024-08-06 00:00:00-04:00,15.0,15.800000190734863,14.699999809265137,15.100000381469727,20620,0.0,0.0
2024-08-07 00:00:00-04:00,15.199999809265137,15.699999809265137,14.100000381469727,14.199999809265137,27120,0.0,0.0
2024-08-08 00:00:00-04:00,14.399999618530273,15.199999809265137,14.100000381469727,15.199999809265137,20490,0.0,0.0
2024-08-09 00:00:00-04:00,15.100000381469727,15.300000190734863,14.399999618530273,14.699999809265137,13040,0.0,0.0
2024-08-12 00:00:00-04:00,14.600000381469727,15.100000381469727,14.399999618530273,14.899999618530273,25760,0.0,0.0
2024-08-13 00:00:00-04:00,16.299999237060547,17.299999237060547,14.5,15.800000190734863,47760,0.0,0.0
2024-08-14 00:00:00-04:00,16.100000381469727,16.5,15.600000381469727,15.800000190734863,14390,0.0,0.0
2024-08-15 00:00:00-04:00,16.0,17.0,16.0,16.600000381469727,26090,0.0,0.0
2024-08-16 00:00:00-04:00,16.600000381469727,17.299999237060547,16.209999084472656,17.100000381469727,20930,0.0,0.0
2024-08-19 00:00:00-04:00,17.0,17.600000381469727,16.399999618530273,16.600000381469727,23400,0.0,0.0
2024-08-20 00:00:00-04:00,16.700000762939453,17.5,16.399999618530273,17.450000762939453,17320,0.0,0.0
2024-08-21 00:00:00-04:00,17.5,18.0,17.149999618530273,17.5,25600,0.0,0.0
2024-08-22 00:00:00-04:00,17.700000762939453,17.700000762939453,16.700000762939453,16.700000762939453,14550,0.0,0.0
2024-08-23 00:00:00-04:00,17.0,17.799999237060547,16.799999237060547,17.5,34130,0.0,0.0
2024-08-26 00:00:00-04:00,17.799999237060547,18.0,17.200000762939453,18.0,45110,0.0,0.0
2024-08-27 00:00:00-04:00,17.899999618530273,17.950000762939453,17.100000381469727,17.899999618530273,22760,0.0,0.0
2024-08-28 00:00:00-04:00,17.799999237060547,18.149999618530273,17.200000762939453,17.399999618530273,15320,0.0,0.0
2024-08-29 00:00:00-04:00,17.700000762939453,17.700000762939453,17.200000762939453,17.5,20580,0.0,0.0
2024-08-30 00:00:00-04:00,17.5,17.600000381469727,17.0,17.399999618530273,11330,0.0,0.0
2024-09-03 00:00:00-04:00,17.299999237060547,17.299999237060547,15.0,15.800000190734863,38760,0.0,0.0
2024-09-04 00:00:00-04:00,15.899999618530273,16.399999618530273,15.899999618530273,16.0,14140,0.0,0.0
2024-09-05 00:00:00-04:00,16.0,16.149999618530273,15.649999618530273,15.800000190734863,8320,0.0,0.0
2024-09-06 00:00:00-04:00,16.100000381469727,16.399999618530273,15.0,15.199999809265137,15090,0.0,0.0
2024-09-09 00:00:00-04:00,15.5,15.699999809265137,15.0,15.300000190734863,13410,0.0,0.0
2024-09-10 00:00:00-04:00,15.300000190734863,15.5,14.300000190734863,14.300000190734863,17450,0.0,0.0
2024-09-11 00:00:00-04:00,14.100000381469727,15.0,14.100000381469727,15.0,15370,0.0,0.0
2024-09-12 00:00:00-04:00,15.199999809265137,15.300000190734863,14.600000381469727,15.0,15250,0.0,0.0
2024-09-13 00:00:00-04:00,15.300000190734863,15.390000343322754,14.550000190734863,14.699999809265137,21840,0.0,0.0
2024-09-16 00:00:00-04:00,14.899999618530273,14.899999618530273,14.5,14.699999809265137,10040,0.0,0.0
2024-09-17 00:00:00-04:00,14.899999618530273,15.199999809265137,14.5,14.800000190734863,11680,0.0,0.0
2024-09-18 00:00:00-04:00,14.699999809265137,14.899999618530273,14.300000190734863,14.300000190734863,13690,0.0,0.0
2024-09-19 00:00:00-04:00,14.699999809265137,14.899999618530273,13.399999618530273,14.5,48780,0.0,0.0
2024-09-20 00:00:00-04:00,14.5,14.899999618530273,13.800000190734863,13.800000190734863,139860,0.0,0.0
2024-09-23 00:00:00-04:00,13.699999809265137,14.020000457763672,11.899999618530273,12.0,60920,0.0,0.0
2024-09-24 00:00:00-04:00,12.100000381469727,12.399999618530273,10.329999923706055,10.949999809265137,86090,0.0,0.0
2024-09-25 00:00:00-04:00,10.699999809265137,11.800000190734863,10.699999809265137,11.800000190734863,56590,0.0,0.0
2024-09-26 00:00:00-04:00,11.899999618530273,12.100000381469727,10.949999809265137,11.5,36280,0.0,0.0
2024-09-27 00:00:00-04:00,11.550000190734863,11.550000190734863,10.5,10.600000381469727,48030,0.0,0.0
2024-09-30 00:00:00-04:00,10.600000381469727,10.899999618530273,9.460000038146973,9.489999771118164,80120,0.0,0.0
2024-10-01 00:00:00-04:00,9.609999656677246,12.0,6.400000095367432,7.300000190734863,709670,0.0,0.0
2024-10-02 00:00:00-04:00,7.440000057220459,7.730000019073486,6.789999961853027,7.5,165170,0.0,0.0
2024-10-03 00:00:00-04:00,7.300000190734863,7.300000190734863,6.619999885559082,6.920000076293945,116250,0.0,0.0
2024-10-04 00:00:00-04:00,7.099999904632568,7.099999904632568,6.610000133514404,6.800000190734863,50630,0.0,0.0
2024-10-07 00:00:00-04:00,6.800000190734863,6.900000095367432,6.199999809265137,6.260000228881836,65790,0.0,0.0
2024-10-08 00:00:00-04:00,6.260000228881836,6.730000019073486,6.0,6.440000057220459,71190,0.0,0.0
2024-10-09 00:00:00-04:00,6.5,7.550000190734863,6.400000095367432,7.440000057220459,140970,0.0,0.0
2024-10-10 00:00:00-04:00,7.5,7.5,6.659999847412109,7.059999942779541,98830,0.0,0.0
2024-10-11 00:00:00-04:00,7.25,7.25,6.849999904632568,7.079999923706055,43840,0.0,0.0
2024-10-14 00:00:00-04:00,7.0,7.03000020980835,6.5,6.550000190734863,37390,0.0,0.0
2024-10-15 00:00:00-04:00,6.739999771118164,6.800000190734863,5.699999809265137,6.130000114440918,93380,0.0,0.0
2024-10-16 00:00:00-04:00,6.199999809265137,6.730000019073486,5.900000095367432,6.730000019073486,45960,0.0,0.0
2024-10-17 00:00:00-04:00,6.619999885559082,6.900000095367432,6.269999980926514,6.639999866485596,19040,0.0,0.0
2024-10-18 00:00:00-04:00,6.800000190734863,6.840000152587891,6.420000076293945,6.489999771118164,61200,0.0,0.0
2024-10-21 00:00:00-04:00,6.920000076293945,6.980000019073486,6.059999942779541,6.130000114440918,98510,0.0,0.0
2024-10-22 00:00:00-04:00,6.130000114440918,6.460000038146973,5.929999828338623,6.230000019073486,34090,0.0,0.0
2024-10-23 00:00:00-04:00,6.190000057220459,6.199999809265137,5.989999771118164,6.130000114440918,27970,0.0,0.0
2024-10-24 00:00:00-04:00,6.349999904632568,6.489999771118164,5.619999885559082,5.619999885559082,82550,0.0,0.0
2024-10-25 00:00:00-04:00,5.730000019073486,6.150000095367432,5.619999885559082,5.849999904632568,29500,0.0,0.0
2024-10-28 00:00:00-04:00,6.070000171661377,6.75,5.909999847412109,6.610000133514404,84140,0.0,0.0
2024-10-29 00:00:00-04:00,6.670000076293945,6.739999771118164,6.099999904632568,6.21999979019165,34670,0.0,0.0
2024-10-30 00:00:00-04:00,6.199999809265137,6.980000019073486,6.150000095367432,6.71999979019165,88060,0.0,0.0
2024-10-31 00:00:00-04:00,6.699999809265137,7.190000057220459,6.199999809265137,6.900000095367432,103560,0.0,0.0
2024-11-01 00:00:00-04:00,6.809999942779541,7.900000095367432,6.809999942779541,7.739999771118164,132960,0.0,0.0
2024-11-04 00:00:00-05:00,7.78000020980835,7.820000171661377,7.210000038146973,7.309999942779541,25010,0.0,0.0
2024-11-05 00:00:00-05:00,7.460000038146973,7.5,6.849999904632568,7.059999942779541,35110,0.0,0.0
2024-11-06 00:00:00-05:00,7.489999771118164,9.100000381469727,7.059999942779541,9.069999694824219,125600,0.0,0.0
2024-11-07 00:00:00-05:00,8.5,9.5,8.100000381469727,8.510000228881836,78470,0.0,0.0
2024-11-08 00:00:00-05:00,8.399999618530273,8.970000267028809,8.239999771118164,8.859999656677246,21180,0.0,0.0
2024-11-11 00:00:00-05:00,8.899999618530273,9.5,8.859999656677246,9.079999923706055,72150,0.0,0.0
2024-11-12 00:00:00-05:00,9.0,9.199999809265137,8.880000114440918,8.899999618530273,35550,0.0,0.0
2024-11-13 00:00:00-05:00,8.899999618530273,9.130000114440918,8.859999656677246,8.90999984741211,37780,0.0,0.0
2024-11-14 00:00:00-05:00,9.119999885559082,9.119999885559082,8.180000305175781,8.260000228881836,33050,0.0,0.0
2024-11-15 00:00:00-05:00,8.5,8.59000015258789,7.389999866485596,7.800000190734863,29200,0.0,0.0
2024-11-18 00:00:00-05:00,8.0,8.609999656677246,7.920000076293945,8.0,17110,0.0,0.0
2024-11-19 00:00:00-05:00,8.0,8.170000076293945,7.559999942779541,7.699999809265137,16190,0.0,0.0
2024-11-20 00:00:00-05:00,7.599999904632568,8.020000457763672,7.139999866485596,7.96999979019165,31340,0.0,0.0
2024-11-21 00:00:00-05:00,7.559999942779541,8.5,7.559999942779541,8.3100004196167,17450,0.0,0.0
2024-11-22 00:00:00-05:00,8.279999732971191,8.800000190734863,8.109999656677246,8.779999732971191,24980,0.0,0.0
2024-11-25 00:00:00-05:00,8.850000381469727,9.199999809265137,8.699999809265137,9.050000190734863,23180,0.0,0.0
2024-11-26 00:00:00-05:00,9.149999618530273,9.800000190734863,8.600000381469727,9.399999618530273,65870,0.0,0.0
2024-11-27 00:00:00-05:00,9.489999771118164,9.890000343322754,8.800000190734863,9.699999809265137,49580,0.0,0.0
2024-11-29 00:00:00-05:00,9.899999618530273,10.199999809265137,9.319999694824219,10.0,26040,0.0,0.0
2024-12-02 00:00:00-05:00,9.899999618530273,10.300000190734863,9.3100004196167,9.5,28530,0.0,0.0
2024-12-03 00:00:00-05:00,9.619999885559082,10.600000381469727,9.619999885559082,10.5,25140,0.0,0.0
2024-12-04 00:00:00-05:00,10.699999809265137,10.699999809265137,10.0,10.300000190734863,16860,0.0,0.0
2024-12-05 00:00:00-05:00,10.399999618530273,11.0,10.0,10.600000381469727,31570,0.0,0.0
2024-12-06 00:00:00-05:00,10.800000190734863,10.899999618530273,10.199999809265137,10.600000381469727,16950,0.0,0.0
2024-12-09 00:00:00-05:00,10.600000381469727,11.0,10.100000381469727,10.399999618530273,21910,0.0,0.0
2024-12-10 00:00:00-05:00,10.300000190734863,11.5,10.300000190734863,11.399999618530273,50760,0.0,0.0
2024-12-11 00:00:00-05:00,11.399999618530273,12.100000381469727,11.0,11.600000381469727,50190,0.0,0.0
2024-12-12 00:00:00-05:00,11.699999809265137,11.699999809265137,10.199999809265137,10.5,35900,0.0,0.0
2024-12-13 00:00:00-05:00,10.699999809265137,10.699999809265137,10.100000381469727,10.199999809265137,28280,0.0,0.0
2024-12-16 00:00:00-05:00,10.100000381469727,10.600000381469727,9.640000343322754,10.300000190734863,37040,0.0,0.0
2024-12-17 00:00:00-05:00,10.100000381469727,10.350000381469727,9.800000190734863,10.199999809265137,18140,0.0,0.0
2024-12-18 00:00:00-05:00,10.699999809265137,11.5,10.199999809265137,10.5,74520,0.0,0.0
2024-12-19 00:00:00-05:00,10.699999809265137,11.149999618530273,10.600000381469727,10.899999618530273,36750,0.0,0.0
2024-12-20 00:00:00-05:00,10.699999809265137,12.199999809265137,10.619999885559082,12.199999809265137,131750,0.0,0.0
2024-12-23 00:00:00-05:00,11.899999618530273,12.199999809265137,11.300000190734863,11.800000190734863,33100,0.0,0.0
2024-12-24 00:00:00-05:00,11.800000190734863,11.949999809265137,11.229999542236328,11.5,10500,0.0,0.0
2024-12-26 00:00:00-05:00,11.399999618530273,11.989999771118164,11.199999809265137,11.800000190734863,15600,0.0,0.0
2024-12-27 00:00:00-05:00,11.600000381469727,12.0,11.420000076293945,11.899999618530273,32190,0.0,0.0
2024-12-30 00:00:00-05:00,12.0,15.199999809265137,11.5,14.699999809265137,262710,0.0,0.0
2024-12-31 00:00:00-05:00,16.0,16.0,13.300000190734863,14.699999809265137,154730,0.0,0.0
2025-01-02 00:00:00-05:00,15.300000190734863,15.300000190734863,12.100000381469727,12.399999618530273,92060,0.0,0.0
2025-01-03 00:00:00-05:00,12.699999809265137,13.800000190734863,12.199999809265137,13.699999809265137,35960,0.0,0.0
2025-01-06 00:00:00-05:00,14.0,14.0,12.649999618530273,12.800000190734863,43040,0.0,0.0
2025-01-07 00:00:00-05:00,13.0,13.300000190734863,12.399999618530273,13.0,32180,0.0,0.0
2025-01-08 00:00:00-05:00,12.600000381469727,12.699999809265137,11.699999809265137,11.899999618530273,30230,0.0,0.0
2025-01-10 00:00:00-05:00,12.199999809265137,12.600000381469727,11.600000381469727,12.0,28820,0.0,0.0
2025-01-13 00:00:00-05:00,11.5,12.0,11.0,11.399999618530273,27310,0.0,0.0
2025-01-14 00:00:00-05:00,11.5,12.0,11.25,11.800000190734863,27120,0.0,0.0
2025-01-15 00:00:00-05:00,12.100000381469727,12.289999961853027,11.199999809265137,11.5,20440,0.0,0.0
2025-01-16 00:00:00-05:00,11.5,12.800000190734863,11.5,11.699999809265137,46610,0.0,0.0
2025-01-17 00:00:00-05:00,11.899999618530273,11.949999809265137,11.399999618530273,11.800000190734863,29140,0.0,0.0
2025-01-21 00:00:00-05:00,12.100000381469727,12.5,11.800000190734863,12.0,28880,0.0,0.0
2025-01-22 00:00:00-05:00,11.920000076293945,12.210000038146973,11.5,11.5,15650,0.0,0.0
2025-01-23 00:00:00-05:00,11.600000381469727,13.199999809265137,11.600000381469727,12.600000381469727,65970,0.0,0.0
2025-01-24 00:00:00-05:00,12.5,12.649999618530273,11.800000190734863,12.0,28000,0.0,0.0
2025-01-27 00:00:00-05:00,11.699999809265137,12.100000381469727,11.40999984741211,11.600000381469727,25010,0.0,0.0
2025-01-28 00:00:00-05:00,11.600000381469727,11.899999618530273,11.100000381469727,11.699999809265137,22580,0.0,0.0
2025-01-29 00:00:00-05:00,11.5,11.850000381469727,11.050000190734863,11.5,19180,0.0,0.0
2025-01-30 00:00:00-05:00,11.600000381469727,12.300000190734863,11.199999809265137,12.0,22590,0.0,0.0
2025-01-31 00:00:00-05:00,13.600000381469727,16.0,13.199999809265137,14.5,666620,0.0,0.0
2025-02-03 00:00:00-05:00,14.399999618530273,15.300000190734863,12.850000381469727,13.100000381469727,112580,0.0,0.0
2025-02-04 00:00:00-05:00,12.800000190734863,13.25,11.600000381469727,12.350000381469727,84430,0.0,0.0
2025-02-05 00:00:00-05:00,12.600000381469727,12.850000381469727,11.899999618530273,12.449999809265137,65730,0.0,0.0
2025-02-06 00:00:00-05:00,12.5,13.149999618530273,11.399999618530273,11.399999618530273,37210,0.0,0.0
2025-02-07 00:00:00-05:00,11.600000381469727,12.600000381469727,11.5,11.699999809265137,55860,0.0,0.0
2025-02-10 00:00:00-05:00,12.199999809265137,12.300000190734863,11.5,12.0,26320,0.0,0.0
2025-02-11 00:00:00-05:00,12.0,12.300000190734863,11.600000381469727,11.800000190734863,32520,0.0,0.0
2025-02-12 00:00:00-05:00,11.600000381469727,12.399999618530273,11.300000190734863,11.800000190734863,47810,0.0,0.0
2025-02-13 00:00:00-05:00,10.100000381469727,10.649999618530273,8.699999809265137,9.600000381469727,200630,0.0,0.0
2025-02-14 00:00:00-05:00,10.0,10.300000190734863,9.050000190734863,9.25,50030,0.0,0.0
2025-02-18 00:00:00-05:00,9.100000381469727,9.5,8.199999809265137,8.430000305175781,83140,0.0,0.0
2025-02-19 00:00:00-05:00,8.5,9.529999732971191,8.5,8.8100004196167,43520,0.0,0.0
2025-02-20 00:00:00-05:00,8.710000038146973,9.300000190734863,8.5,8.960000038146973,30990,0.0,0.0
2025-02-21 00:00:00-05:00,9.100000381469727,9.210000038146973,8.399999618530273,8.420000076293945,59750,0.0,0.0
2025-02-24 00:00:00-05:00,8.5,8.949999809265137,7.75,8.260000228881836,41390,0.0,0.0
2025-02-25 00:00:00-05:00,8.289999961853027,8.680000305175781,7.949999809265137,7.989999771118164,21010,0.0,0.0
2025-02-26 00:00:00-05:00,7.96999979019165,8.239999771118164,7.5,7.579999923706055,43780,0.0,0.0
2025-02-27 00:00:00-05:00,7.599999904632568,8.40999984741211,7.599999904632568,7.659999847412109,54940,0.0,0.0
2025-02-28 00:00:00-05:00,7.5,7.820000171661377,7.5,7.739999771118164,21780,0.0,0.0
2025-03-03 00:00:00-05:00,7.800000190734863,7.960000038146973,7.309999942779541,7.389999866485596,33520,0.0,0.0
2025-03-04 00:00:00-05:00,7.28000020980835,7.400000095367432,7.0,7.199999809265137,25450,0.0,0.0
2025-03-05 00:00:00-05:00,7.199999809265137,7.96999979019165,7.0,7.369999885559082,16660,0.0,0.0
2025-03-06 00:00:00-05:00,7.300000190734863,8.300000190734863,7.099999904632568,7.920000076293945,32350,0.0,0.0
2025-03-07 00:00:00-05:00,7.809999942779541,7.949999809265137,7.110000133514404,7.300000190734863,27690,0.0,0.0
2025-03-10 00:00:00-04:00,7.199999809265137,7.349999904632568,6.860000133514404,6.869999885559082,39670,0.0,0.0
2025-03-11 00:00:00-04:00,7.170000076293945,7.300000190734863,6.510000228881836,6.889999866485596,24060,0.0,0.0
2025-03-12 00:00:00-04:00,6.78000020980835,7.420000076293945,6.75,7.300000190734863,23850,0.0,0.0
2025-03-13 00:00:00-04:00,7.5,7.5,6.699999809265137,6.820000171661377,15410,0.0,0.0
2025-03-14 00:00:00-04:00,7.0,7.590000152587891,7.0,7.550000190734863,50400,0.0,0.0
2025-03-17 00:00:00-04:00,7.5,8.100000381469727,7.429999828338623,7.800000190734863,26590,0.0,0.0
2025-03-18 00:00:00-04:00,7.690000057220459,7.960000038146973,6.949999809265137,6.949999809265137,31760,0.0,0.0
2025-03-19 00:00:00-04:00,7.010000228881836,7.320000171661377,7.010000228881836,7.199999809265137,11540,0.0,0.0
2025-03-20 00:00:00-04:00,7.400000095367432,8.6899995803833,7.199999809265137,8.15999984741211,89920,0.0,0.0
2025-03-21 00:00:00-04:00,8.010000228881836,8.460000038146973,7.599999904632568,8.460000038146973,48230,0.0,0.0
2025-03-24 00:00:00-04:00,8.5,8.579999923706055,7.739999771118164,8.550000190734863,36390,0.0,0.0
2025-03-25 00:00:00-04:00,8.550000190734863,8.550000190734863,7.949999809265137,8.180000305175781,33260,0.0,0.0
2025-03-26 00:00:00-04:00,8.260000228881836,8.3100004196167,7.900000095367432,8.119999885559082,8640,0.0,0.0
2025-03-27 00:00:00-04:00,8.199999809265137,8.199999809265137,7.710000038146973,7.71999979019165,12450,0.0,0.0
2025-03-28 00:00:00-04:00,7.829999923706055,7.880000114440918,7.099999904632568,7.260000228881836,14900,0.0,0.0
2025-03-31 00:00:00-04:00,7.199999809265137,7.389999866485596,6.989999771118164,6.989999771118164,24710,0.0,0.0
2025-04-01 00:00:00-04:00,7.0,7.380000114440918,6.71999979019165,7.0,16180,0.0,0.0
2025-04-02 00:00:00-04:00,6.860000133514404,7.320000171661377,6.800000190734863,7.159999847412109,19760,0.0,0.0
2025-04-03 00:00:00-04:00,6.71999979019165,6.769999980926514,6.159999847412109,6.230000019073486,32840,0.0,0.0
2025-04-04 00:00:00-04:00,6.199999809265137,7.269999980926514,6.0,6.130000114440918,69290,0.0,0.0
2025-04-07 00:00:00-04:00,6.0,6.460000038146973,5.519999980926514,5.880000114440918,59700,0.0,0.0
2025-04-08 00:00:00-04:00,5.599999904632568,6.539999961853027,5.599999904632568,6.0,44410,0.0,0.0
2025-04-09 00:00:00-04:00,6.03000020980835,7.0,5.699999809265137,6.900000095367432,37950,0.0,0.0
2025-04-10 00:00:00-04:00,6.789999961853027,6.96999979019165,6.53000020980835,6.840000152587891,15710,0.0,0.0
2025-04-11 00:00:00-04:00,6.800000190734863,7.300000190734863,6.599999904632568,7.25,37880,0.0,0.0
2025-04-14 00:00:00-04:00,6.809999942779541,7.239999771118164,6.599999904632568,6.599999904632568,40180,0.0,0.0
2025-04-15 00:00:00-04:00,6.599999904632568,6.78000020980835,6.190000057220459,6.199999809265137,31590,0.0,0.0
2025-04-16 00:00:00-04:00,6.170000076293945,6.909999847412109,6.170000076293945,6.570000171661377,41240,0.0,0.0
2025-04-17 00:00:00-04:00,6.53000020980835,6.820000171661377,6.380000114440918,6.420000076293945,35570,0.0,0.0
2025-04-21 00:00:00-04:00,6.300000190734863,6.440000057220459,6.050000190734863,6.139999866485596,16840,0.0,0.0
2025-04-22 00:00:00-04:00,6.300000190734863,6.5,6.110000133514404,6.380000114440918,17200,0.0,0.0
2025-04-23 00:00:00-04:00,6.429999828338623,6.840000152587891,6.210000038146973,6.449999809265137,15970,0.0,0.0
2025-04-24 00:00:00-04:00,6.400000095367432,6.800000190734863,6.210000038146973,6.349999904632568,29670,0.0,0.0
2025-04-25 00:00:00-04:00,6.210000038146973,6.429999828338623,6.059999942779541,6.099999904632568,29330,0.0,0.0
2025-04-28 00:00:00-04:00,6.099999904632568,6.610000133514404,5.929999828338623,6.550000190734863,32170,0.0,0.0
2025-04-29 00:00:00-04:00,6.429999828338623,7.699999809265137,6.429999828338623,7.539999961853027,48590,0.0,0.0
2025-04-30 00:00:00-04:00,7.690000057220459,9.739999771118164,7.059999942779541,8.779999732971191,199630,0.0,0.0
2025-05-01 00:00:00-04:00,8.789999961853027,8.789999961853027,7.079999923706055,7.179999828338623,66150,0.0,0.0
2025-05-02 00:00:00-04:00,7.21999979019165,7.329999923706055,6.800000190734863,7.210000038146973,24850,0.0,0.0
2025-05-05 00:00:00-04:00,7.099999904632568,7.460000038146973,6.039999961853027,6.900000095367432,57150,0.0,0.0
2025-05-06 00:00:00-04:00,7.599999904632568,7.599999904632568,6.900000095367432,6.940000057220459,19820,0.0,0.0
2025-05-07 00:00:00-04:00,6.900000095367432,7.230000019073486,6.710000038146973,7.019999980926514,11880,0.0,0.0
2025-05-08 00:00:00-04:00,7.010000228881836,7.159999847412109,6.699999809265137,7.079999923706055,13600,0.0,0.0
2025-05-09 00:00:00-04:00,7.179999828338623,7.690000057220459,6.980000019073486,7.190000057220459,12610,0.0,0.0
2025-05-12 00:00:00-04:00,7.239999771118164,7.679999828338623,6.989999771118164,7.559999942779541,16890,0.0,0.0
2025-05-13 00:00:00-04:00,7.699999809265137,7.699999809265137,7.21999979019165,7.489999771118164,12150,0.0,0.0
2025-05-14 00:00:00-04:00,7.460000038146973,7.699999809265137,7.159999847412109,7.340000152587891,22350,0.0,0.0
2025-05-15 00:00:00-04:00,7.409999847412109,9.539999961853027,7.21999979019165,9.0,139300,0.0,0.0
2025-05-16 00:00:00-04:00,8.800000190734863,9.800000190734863,8.300000190734863,9.5600004196167,57090,0.0,0.0
2025-05-19 00:00:00-04:00,9.100000381469727,9.199999809265137,8.710000038146973,8.899999618530273,14880,0.0,0.0
2025-05-20 00:00:00-04:00,8.800000190734863,8.899999618530273,8.260000228881836,8.369999885559082,7750,0.0,0.0
2025-05-21 00:00:00-04:00,8.199999809265137,8.380000114440918,8.0,8.1899995803833,11820,0.0,0.0
2025-05-22 00:00:00-04:00,8.399999618530273,8.399999618530273,7.800000190734863,7.889999866485596,20900,0.0,0.0
2025-05-23 00:00:00-04:00,7.699999809265137,8.1899995803833,7.599999904632568,7.650000095367432,15970,0.0,0.0
2025-05-27 00:00:00-04:00,7.699999809265137,7.699999809265137,7.360000133514404,7.599999904632568,23740,0.0,0.0
2025-05-28 00:00:00-04:00,7.590000152587891,7.880000114440918,7.050000190734863,7.840000152587891,42610,0.0,0.0
2025-05-29 00:00:00-04:00,7.860000133514404,7.929999828338623,7.360000133514404,7.400000095367432,32350,0.0,0.0
2025-05-30 00:00:00-04:00,7.429999828338623,7.5,7.199999809265137,7.389999866485596,24630,0.0,0.0
2025-06-02 00:00:00-04:00,7.300000190734863,7.489999771118164,7.199999809265137,7.380000114440918,18170,0.0,0.0
2025-06-03 00:00:00-04:00,7.400000095367432,7.579999923706055,7.25,7.570000171661377,16940,0.0,0.0
2025-06-04 00:00:00-04:00,7.480000019073486,8.100000381469727,7.25,8.100000381469727,28160,0.0,0.0
2025-06-05 00:00:00-04:00,8.010000228881836,9.0,7.920000076293945,8.399999618530273,29290,0.0,0.0
2025-06-06 00:00:00-04:00,8.600000381469727,9.0,8.300000190734863,8.640000343322754,29820,0.0,0.0
2025-06-09 00:00:00-04:00,8.600000381469727,9.199999809265137,8.0,8.199999809265137,20990,0.0,0.0
2025-06-10 00:00:00-04:00,8.390000343322754,8.5,7.980000019073486,8.40999984741211,20430,0.0,0.0
2025-06-11 00:00:00-04:00,8.5,8.949999809265137,8.170000076293945,8.65999984741211,45270,0.0,0.0
2025-06-12 00:00:00-04:00,8.699999809265137,8.829999923706055,7.940000057220459,8.210000038146973,22720,0.0,0.0
2025-06-13 00:00:00-04:00,7.900000095367432,8.449999809265137,7.710000038146973,7.96999979019165,32280,0.0,0.0
2025-06-16 00:00:00-04:00,8.15999984741211,9.149999618530273,7.900000095367432,8.640000343322754,60610,0.0,0.0
2025-06-17 00:00:00-04:00,8.460000038146973,9.199999809265137,8.199999809265137,8.630000114440918,71960,0.0,0.0
2025-06-18 00:00:00-04:00,8.329999923706055,8.609999656677246,7.460000038146973,7.679999828338623,69680,0.0,0.0
2025-06-20 00:00:00-04:00,7.599999904632568,7.75,6.900000095367432,7.179999828338623,47340,0.0,0.0
2025-06-23 00:00:00-04:00,7.179999828338623,7.630000114440918,7.179999828338623,7.550000190734863,39210,0.0,0.0
2025-06-24 00:00:00-04:00,7.670000076293945,7.840000152587891,7.230000019073486,7.369999885559082,58140,0.0,0.0
2025-06-25 00:00:00-04:00,7.400000095367432,8.34000015258789,7.400000095367432,8.199999809265137,69460,0.0,0.0
2025-06-26 00:00:00-04:00,8.25,8.40999984741211,7.900000095367432,8.020000457763672,27920,0.0,0.0
2025-06-27 00:00:00-04:00,8.039999961853027,8.170000076293945,7.320000171661377,7.320000171661377,948250,0.0,0.0
2025-06-30 00:00:00-04:00,7.300000190734863,7.699999809265137,7.300000190734863,7.550000190734863,36550,0.0,0.0
2025-07-01 00:00:00-04:00,7.5,8.859999656677246,7.400000095367432,8.609999656677246,63500,0.0,0.0
2025-07-02 00:00:00-04:00,8.899999618530273,9.199999809265137,8.800000190734863,9.050000190734863,50040,0.0,0.0
2025-07-03 00:00:00-04:00,9.0,9.119999885559082,8.520000457763672,8.850000381469727,51410,0.0,0.0
2025-07-07 00:00:00-04:00,8.970000267028809,8.970000267028809,8.289999961853027,8.5,44380,0.0,0.0
2025-07-08 00:00:00-04:00,8.300000190734863,8.600000381469727,7.599999904632568,7.670000076293945,68790,0.0,0.0
2025-07-09 00:00:00-04:00,8.199999809265137,8.199999809265137,7.71999979019165,7.96999979019165,38030,0.0,0.0
2025-07-10 00:00:00-04:00,7.800000190734863,8.199999809265137,7.699999809265137,7.699999809265137,31990,0.0,0.0
2025-07-11 00:00:00-04:00,7.739999771118164,8.050000190734863,7.5,7.559999942779541,41850,0.0,0.0
2025-07-14 00:00:00-04:00,7.699999809265137,7.800000190734863,7.5,7.730000019073486,28740,0.0,0.0
2025-07-15 00:00:00-04:00,7.809999942779541,8.0,7.5,7.5,40410,0.0,0.0
2025-07-16 00:00:00-04:00,7.199999809265137,8.0,6.510000228881836,7.699999809265137,412880,0.0,0.0
2025-07-17 00:00:00-04:00,7.900000095367432,7.920000076293945,7.199999809265137,7.199999809265137,85030,0.0,0.0
2025-07-18 00:00:00-04:00,7.059999942779541,7.190000057220459,6.659999847412109,6.860000133514404,117850,0.0,0.0
2025-07-21 00:00:00-04:00,7.019999980926514,7.199999809265137,6.599999904632568,6.630000114440918,95970,0.0,0.0
2025-07-22 00:00:00-04:00,6.699999809265137,6.900000095367432,6.400000095367432,6.800000190734863,46360,0.0,0.0
2025-07-23 00:00:00-04:00,6.900000095367432,7.170000076293945,6.699999809265137,7.110000133514404,50580,0.0,0.0
2025-07-24 00:00:00-04:00,7.199999809265137,7.5,6.900000095367432,7.349999904632568,84950,0.0,0.0
2025-07-25 00:00:00-04:00,7.400000095367432,7.5,7.21999979019165,7.260000228881836,26190,0.0,0.0
2025-07-28 00:00:00-04:00,7.21999979019165,7.400000095367432,6.909999847412109,7.28000020980835,73190,0.0,0.0
2025-07-29 00:00:00-04:00,7.28000020980835,7.300000190734863,6.849999904632568,6.900000095367432,61280,0.0,0.0
2025-07-30 00:00:00-04:00,6.889999866485596,6.909999847412109,6.619999885559082,6.679999828338623,38360,0.0,0.0
2025-07-31 00:00:00-04:00,6.900000095367432,6.900000095367432,6.53000020980835,6.539999961853027,46840,0.0,0.0
2025-08-01 00:00:00-04:00,6.400000095367432,6.769999980926514,6.300000190734863,6.480000019073486,69970,0.0,0.0
2025-08-04 00:00:00-04:00,6.400000095367432,6.699999809265137,6.369999885559082,6.519999980926514,37680,0.0,0.0
2025-08-05 00:00:00-04:00,6.400000095367432,6.599999904632568,6.349999904632568,6.5,39960,0.0,0.0
2025-08-06 00:00:00-04:00,6.460000038146973,6.5,6.300000190734863,6.389999866485596,23660,0.0,0.0
2025-08-07 00:00:00-04:00,6.300000190734863,6.5,6.300000190734863,6.340000152587891,20280,0.0,0.0
2025-08-08 00:00:00-04:00,6.400000095367432,6.409999847412109,5.920000076293945,6.050000190734863,95230,0.0,0.0
2025-08-11 00:00:00-04:00,6.300000190734863,6.300000190734863,5.900000095367432,6.010000228881836,23160,0.0,0.0
2025-08-12 00:00:00-04:00,6.010000228881836,6.300000190734863,5.849999904632568,6.199999809265137,28580,0.0,0.0
2025-08-13 00:00:00-04:00,6.159999847412109,6.849999904632568,5.920000076293945,6.539999961853027,82910,0.0,0.0
2025-08-14 00:00:00-04:00,6.599999904632568,7.199999809265137,6.199999809265137,6.489999771118164,165030,0.0,0.0
2025-08-15 00:00:00-04:00,6.300000190734863,6.519999980926514,6.090000152587891,6.380000114440918,94420,0.0,0.0
2025-08-18 00:00:00-04:00,6.349999904632568,6.5,6.099999904632568,6.260000228881836,44530,0.0,0.0
2025-08-19 00:00:00-04:00,6.300000190734863,6.380000114440918,5.920000076293945,6.110000133514404,65620,0.0,0.0
2025-08-20 00:00:00-04:00,6.099999904632568,6.110000133514404,5.710000038146973,5.869999885559082,61590,0.0,0.0
2025-08-21 00:00:00-04:00,5.900000095367432,6.099999904632568,5.599999904632568,5.900000095367432,92880,0.0,0.0
2025-08-22 00:00:00-04:00,5.829999923706055,6.300000190734863,5.829999923706055,6.010000228881836,63490,0.0,0.0
2025-08-25 00:00:00-04:00,6.010000228881836,6.199999809265137,5.940000057220459,5.949999809265137,58080,0.0,0.0
2025-08-26 00:00:00-04:00,5.800000190734863,6.0,5.349999904632568,5.400000095367432,117580,0.0,0.0
2025-08-27 00:00:00-04:00,5.809999942779541,6.019999980926514,5.519999980926514,5.900000095367432,68300,0.0,0.0
2025-08-28 00:00:00-04:00,6.0,6.0,5.610000133514404,5.659999847412109,75450,0.0,0.0
2025-08-29 00:00:00-04:00,5.599999904632568,5.659999847412109,5.300000190734863,5.5,101880,0.0,0.0
2025-09-02 00:00:00-04:00,5.599999904632568,5.599999904632568,5.0,5.039999961853027,112260,0.0,0.0
2025-09-03 00:00:00-04:00,5.099999904632568,5.179999828338623,4.809999942779541,4.960000038146973,79870,0.0,0.0
2025-09-04 00:00:00-04:00,5.0,5.0,4.409999847412109,4.480000019073486,65040,0.0,0.0
2025-09-05 00:00:00-04:00,4.5,4.650000095367432,4.300000190734863,4.440000057220459,88190,0.0,0.0
2025-09-08 00:00:00-04:00,4.5,4.699999809265137,4.300000190734863,4.519999980926514,75370,0.0,0.0
2025-09-09 00:00:00-04:00,4.539999961853027,5.090000152587891,4.539999961853027,4.929999828338623,93370,0.0,0.0
2025-09-10 00:00:00-04:00,5.099999904632568,5.199999809265137,4.949999809265137,5.079999923706055,78480,0.0,0.0
2025-09-11 00:00:00-04:00,5.300000190734863,5.5,5.179999828338623,5.320000171661377,164430,0.0,0.0
2025-09-12 00:00:00-04:00,5.349999904632568,5.789999961853027,5.199999809265137,5.739999771118164,131390,0.0,0.0
2025-09-15 00:00:00-04:00,5.900000095367432,5.900000095367432,5.150000095367432,5.25,104720,0.0,0.0
2025-09-16 00:00:00-04:00,5.400000095367432,5.5,5.199999809265137,5.320000171661377,36000,0.0,0.0
2025-09-17 00:00:00-04:00,5.46999979019165,5.539999961853027,4.78000020980835,4.78000020980835,93630,0.0,0.0
2025-09-18 00:00:00-04:00,4.949999809265137,5.309999942779541,4.710000038146973,5.230000019073486,108910,0.0,0.0
2025-09-19 00:00:00-04:00,5.179999828338623,5.210000038146973,5.03000020980835,5.150000095367432,62220,0.0,0.0
2025-09-22 00:00:00-04:00,5.199999809265137,5.360000133514404,5.0,5.050000190734863,39310,0.0,0.0
2025-09-23 00:00:00-04:00,5.400000095367432,5.400000095367432,4.949999809265137,4.949999809265137,23950,0.0,0.0
2025-09-24 00:00:00-04:00,5.150000095367432,5.150000095367432,4.599999904632568,4.639999866485596,78990,0.0,0.0
2025-09-25 00:00:00-04:00,4.5,4.619999885559082,4.309999942779541,4.53000020980835,54800,0.0,0.0
2025-09-26 00:00:00-04:00,4.53000020980835,5.0,4.460000038146973,4.820000171661377,295400,0.0,0.1
2025-09-29 00:00:00-04:00,4.829999923706055,4.857999801635742,4.5,4.5,128600,0.0,0.0
2025-09-30 00:00:00-04:00,4.539999961853027,4.635000228881836,4.019999980926514,4.130000114440918,153100,0.0,0.0
2025-10-01 00:00:00-04:00,4.199999809265137,4.3470001220703125,4.010000228881836,4.28000020980835,123900,0.0,0.0
2025-10-02 00:00:00-04:00,4.28000020980835,4.559999942779541,4.159999847412109,4.289999961853027,129300,0.0,0.0
2025-10-03 00:00:00-04:00,4.320000171661377,4.429999828338623,4.170000076293945,4.289999961853027,202600,0.0,0.0
2025-10-06 00:00:00-04:00,4.289999961853027,4.34499979019165,4.130000114440918,4.130000114440918,79000,0.0,0.0
2025-10-07 00:00:00-04:00,4.150000095367432,4.289999961853027,4.050000190734863,4.119999885559082,78000,0.0,0.0
2025-10-08 00:00:00-04:00,4.130000114440918,4.340000152587891,4.119999885559082,4.25,145200,0.0,0.0
2025-10-09 00:00:00-04:00,4.25,4.320000171661377,4.159999847412109,4.190000057220459,111700,0.0,0.0
2025-10-10 00:00:00-04:00,4.190000057220459,4.265999794006348,3.930000066757202,3.9800000190734863,210400,0.0,0.0
2025-10-13 00:00:00-04:00,4.0,4.300000190734863,3.9200000762939453,4.199999809265137,239000,0.0,0.0
2025-10-14 00:00:00-04:00,4.150000095367432,4.560999870300293,4.059999942779541,4.460000038146973,115700,0.0,0.0
2025-10-15 00:00:00-04:00,4.53000020980835,4.869999885559082,4.511000156402588,4.840000152587891,119800,0.0,0.0
2025-10-16 00:00:00-04:00,4.880000114440918,4.934999942779541,4.550000190734863,4.599999904632568,73400,0.0,0.0
2025-10-17 00:00:00-04:00,4.590000152587891,4.670000076293945,4.3379998207092285,4.5,66700,0.0,0.0
2025-10-20 00:00:00-04:00,4.519999980926514,4.679999828338623,4.460000038146973,4.650000095367432,71300,0.0,0.0
2025-10-21 00:00:00-04:00,4.659999847412109,5.349999904632568,4.5,5.269999980926514,199400,0.0,0.0
2025-10-22 00:00:00-04:00,5.269999980926514,5.369999885559082,5.0,5.159999847412109,221500,0.0,0.0
2025-10-23 00:00:00-04:00,5.210000038146973,5.730000019073486,5.150000095367432,5.639999866485596,92200,0.0,0.0
2025-10-24 00:00:00-04:00,5.610000133514404,6.039999961853027,5.53000020980835,5.550000190734863,166400,0.0,0.0
2025-10-27 00:00:00-04:00,5.630000114440918,5.789999961853027,5.130000114440918,5.380000114440918,110200,0.0,0.0
2025-10-28 00:00:00-04:00,5.349999904632568,5.550000190734863,5.28000020980835,5.309999942779541,115600,0.0,0.0
2025-10-29 00:00:00-04:00,5.21999979019165,5.519999980926514,5.13100004196167,5.260000228881836,109700,0.0,0.0
2025-10-30 00:00:00-04:00,5.199999809265137,5.53000020980835,5.079999923706055,5.369999885559082,65800,0.0,0.0
2025-10-31 00:00:00-04:00,5.409999847412109,5.800000190734863,5.300000190734863,5.599999904632568,114600,0.0,0.0
2025-11-03 00:00:00-05:00,5.550000190734863,5.747000217437744,5.159999847412109,5.190000057220459,130700,0.0,0.0
2025-11-04 00:00:00-05:00,5.150000095367432,5.320000171661377,5.079999923706055,5.170000076293945,39700,0.0,0.0
2025-11-05 00:00:00-05:00,5.110000133514404,5.360000133514404,5.110000133514404,5.21999979019165,23600,0.0,0.0
2025-11-06 00:00:00-05:00,5.230000019073486,5.315000057220459,5.110000133514404,5.159999847412109,33500,0.0,0.0
2025-11-07 00:00:00-05:00,5.119999885559082,5.119999885559082,4.949999809265137,5.010000228881836,86800,0.0,0.0
2025-11-10 00:00:00-05:00,5.070000171661377,5.190000057220459,4.789999961853027,4.840000152587891,48500,0.0,0.0
2025-11-11 00:00:00-05:00,4.809999942779541,4.980000019073486,4.630000114440918,4.929999828338623,100700,0.0,0.0
2025-11-12 00:00:00-05:00,4.739999771118164,5.510000228881836,4.360000133514404,5.090000152587891,172400,0.0,0.0
2025-11-13 00:00:00-05:00,4.880000114440918,5.0,4.179999828338623,4.289999961853027,468800,0.0,0.0
2025-11-14 00:00:00-05:00,4.340000152587891,4.710000038146973,4.21999979019165,4.510000228881836,160800,0.0,0.0
2025-11-17 00:00:00-05:00,4.480000019073486,4.627999782562256,4.179999828338623,4.360000133514404,65000,0.0,0.0
2025-11-18 00:00:00-05:00,4.260000228881836,4.539999961853027,4.090000152587891,4.409999847412109,118000,0.0,0.0
2025-11-19 00:00:00-05:00,4.360000133514404,4.710000038146973,4.360000133514404,4.579999923706055,66800,0.0,0.0
2025-11-20 00:00:00-05:00,4.639999866485596,4.739999771118164,4.239999771118164,4.329999923706055,51600,0.0,0.0
2025-11-21 00:00:00-05:00,4.380000114440918,4.559999942779541,4.179999828338623,4.349999904632568,67900,0.0,0.0
2025-11-24 00:00:00-05:00,4.320000171661377,4.590000152587891,4.320000171661377,4.46999979019165,53800,0.0,0.0
2025-11-25 00:00:00-05:00,4.46999979019165,4.639999866485596,4.230000019073486,4.570000171661377,52700,0.0,0.0
2025-11-26 00:00:00-05:00,4.510000228881836,4.690000057220459,4.340000152587891,4.53000020980835,90400,0.0,0.0
2025-11-28 00:00:00-05:00,4.619999885559082,4.820000171661377,4.449999809265137,4.699999809265137,44900,0.0,0.0
2025-12-01 00:00:00-05:00,4.650000095367432,4.800000190734863,4.550000190734863,4.639999866485596,56100,0.0,0.0
2025-12-02 00:00:00-05:00,4.639999866485596,4.809999942779541,4.550000190734863,4.760000228881836,120700,0.0,0.0
2025-12-03 00:00:00-05:00,4.739999771118164,4.860000133514404,4.570000171661377,4.690000057220459,143200,0.0,0.0
2025-12-04 00:00:00-05:00,4.690000057220459,4.960000038146973,4.489999771118164,4.610000133514404,252800,0.0,0.0
2025-12-05 00:00:00-05:00,4.860000133514404,5.090000152587891,4.632999897003174,4.900000095367432,172700,0.0,0.0
2025-12-08 00:00:00-05:00,4.869999885559082,5.199999809265137,4.776000022888184,5.010000228881836,78700,0.0,0.0
2025-12-09 00:00:00-05:00,5.059999942779541,5.269999980926514,5.019999980926514,5.130000114440918,81700,0.0,0.0
2025-12-10 00:00:00-05:00,5.070000171661377,5.429999828338623,4.989999771118164,5.320000171661377,160600,0.0,0.0
2025-12-11 00:00:00-05:00,5.289999961853027,5.489999771118164,5.090000152587891,5.139999866485596,109900,0.0,0.0
2025-12-12 00:00:00-05:00,5.269999980926514,5.380000114440918,5.070000171661377,5.150000095367432,90400,0.0,0.0
2025-12-15 00:00:00-05:00,5.190000057220459,5.389999866485596,4.710000038146973,4.889999866485596,107500,0.0,0.0
2025-12-16 00:00:00-05:00,4.920000076293945,5.159999847412109,4.800000190734863,5.099999904632568,51400,0.0,0.0
2025-12-17 00:00:00-05:00,5.110000133514404,5.2870001792907715,4.650000095367432,4.710000038146973,206600,0.0,0.0
2025-12-18 00:00:00-05:00,4.78000020980835,5.0,4.519999980926514,4.690000057220459,380900,0.0,0.0
2025-12-19 00:00:00-05:00,4.744999885559082,4.84499979019165,4.619999885559082,4.760000228881836,48800,0.0,0.0
2025-12-22 00:00:00-05:00,4.789999961853027,4.829999923706055,3.940000057220459,4.300000190734863,218000,0.0,0.0
2025-12-23 00:00:00-05:00,4.269999980926514,4.40500020980835,4.039999961853027,4.25,62600,0.0,0.0
2025-12-24 00:00:00-05:00,4.230000019073486,4.440000057220459,4.199999809265137,4.389999866485596,22800,0.0,0.0
2025-12-26 00:00:00-05:00,4.360000133514404,4.485000133514404,4.295000076293945,4.409999847412109,56400,0.0,0.0
2025-12-29 00:00:00-05:00,4.380000114440918,4.5,4.079999923706055,4.21999979019165,98100,0.0,0.0
2025-12-30 00:00:00-05:00,4.170000076293945,4.400000095367432,3.9700000286102295,4.190000057220459,85400,0.0,0.0
2025-12-31 00:00:00-05:00,4.199999809265137,4.760000228881836,4.010000228881836,4.71999979019165,276700,0.0,0.0
2026-01-02 00:00:00-05:00,4.71999979019165,4.760000228881836,4.510000228881836,4.539999961853027,28400,0.0,0.0
2026-01-05 00:00:00-05:00,4.579999923706055,4.695000171661377,4.449999809265137,4.480000019073486,24100,0.0,0.0
2026-01-06 00:00:00-05:00,4.510000228881836,4.619999885559082,4.35099983215332,4.460000038146973,19300,0.0,0.0
2026-01-07 00:00:00-05:00,4.440000057220459,4.559999942779541,4.190000057220459,4.210000038146973,42100,0.0,0.0
2026-01-08 00:00:00-05:00,4.190000057220459,4.309999942779541,3.819999933242798,4.03000020980835,122800,0.0,0.0
2026-01-09 00:00:00-05:00,4.070000171661377,4.320000171661377,3.700000047683716,4.110000133514404,119800,0.0,0.0
2026-01-12 00:00:00-05:00,4.099999904632568,4.239999771118164,3.9600000381469727,3.990000009536743,27800,0.0,0.0
2026-01-13 00:00:00-05:00,4.03000020980835,4.045000076293945,3.799999952316284,3.9600000381469727,42300,0.0,0.0
2026-01-14 00:00:00-05:00,3.9700000286102295,4.199999809265137,3.9700000286102295,4.110000133514404,25400,0.0,0.0
2026-01-15 00:00:00-05:00,4.289999961853027,4.59499979019165,4.170000076293945,4.309999942779541,29300,0.0,0.0
2026-01-16 00:00:00-05:00,4.389999866485596,4.489999771118164,4.230000019073486,4.269999980926514,26100,0.0,0.0
2026-01-20 00:00:00-05:00,4.21999979019165,4.400000095367432,4.0,4.110000133514404,51700,0.0,0.0
2026-01-21 00:00:00-05:00,4.300000190734863,4.449999809265137,4.010000228881836,4.28000020980835,46100,0.0,0.0
2026-01-22 00:00:00-05:00,4.289999961853027,4.670000076293945,4.289999961853027,4.570000171661377,41900,0.0,0.0
2026-01-23 00:00:00-05:00,4.539999961853027,4.755000114440918,4.519999980926514,4.519999980926514,21000,0.0,0.0
2026-01-26 00:00:00-05:00,4.46999979019165,4.610000133514404,4.0,4.380000114440918,68900,0.0,0.0
2026-01-27 00:00:00-05:00,4.289999961853027,4.590000152587891,4.25,4.46999979019165,40100,0.0,0.0
2026-01-28 00:00:00-05:00,4.394999980926514,4.75,4.394999980926514,4.630000114440918,39800,0.0,0.0
2026-01-29 00:00:00-05:00,4.550000190734863,4.78000020980835,4.150000095367432,4.650000095367432,68000,0.0,0.0
2026-01-30 00:00:00-05:00,4.789999961853027,4.809999942779541,4.510000228881836,4.809999942779541,64000,0.0,0.0
2026-02-02 00:00:00-05:00,4.730000019073486,4.809999942779541,4.28000020980835,4.579999923706055,132300,0.0,0.0
2026-02-03 00:00:00-05:00,4.590000152587891,4.820000171661377,4.385000228881836,4.409999847412109,14700,0.0,0.0
2026-02-04 00:00:00-05:00,4.389999866485596,4.53000020980835,4.079999923706055,4.429999828338623,78600,0.0,0.0
2026-02-05 00:00:00-05:00,4.300000190734863,4.699999809265137,4.0,4.179999828338623,94500,0.0,0.0
2026-02-06 00:00:00-05:00,4.090000152587891,5.199999809265137,4.010000228881836,5.079999923706055,141400,0.0,0.0
2026-02-09 00:00:00-05:00,5.0,5.210000038146973,4.690000057220459,5.130000114440918,53600,0.0,0.0
2026-02-10 00:00:00-05:00,5.159999847412109,5.5,4.639999866485596,4.690000057220459,81200,0.0,0.0
2026-02-11 00:00:00-05:00,4.730000019073486,5.099999904632568,4.570000171661377,4.954999923706055,44100,0.0,0.0
2026-02-12 00:00:00-05:00,5.210000038146973,5.210000038146973,4.21999979019165,4.800000190734863,237500,0.0,0.0
2026-02-13 00:00:00-05:00,4.869999885559082,5.349999904632568,4.730000019073486,5.190000057220459,58800,0.0,0.0
2026-02-17 00:00:00-05:00,5.099999904632568,5.199999809265137,4.909999847412109,4.954999923706055,18100,0.0,0.0
2026-02-18 00:00:00-05:00,5.349999904632568,5.550000190734863,5.059999942779541,5.199999809265137,49900,0.0,0.0
2026-02-19 00:00:00-05:00,5.0320000648498535,5.25,4.869999885559082,4.989999771118164,73700,0.0,0.0
2026-02-20 00:00:00-05:00,5.059999942779541,5.300000190734863,4.809999942779541,4.960000038146973,56700,0.0,0.0
2026-02-23 00:00:00-05:00,4.829999923706055,5.25,4.800000190734863,5.139999866485596,133900,0.0,0.0
2026-02-24 00:00:00-05:00,5.099999904632568,5.804999828338623,5.079999923706055,5.429999828338623,205100,0.0,0.0
2026-02-25 00:00:00-05:00,5.5,5.75,5.230000019073486,5.429999828338623,80600,0.0,0.0
2026-02-26 00:00:00-05:00,5.75,5.75,5.309999942779541,5.489999771118164,57600,0.0,0.0
2026-02-27 00:00:00-05:00,5.449999809265137,5.630000114440918,5.25,5.489999771118164,91100,0.0,0.0
2026-03-02 00:00:00-05:00,5.340000152587891,5.449999809265137,5.224999904632568,5.269999980926514,38500,0.0,0.0
2026-03-03 00:00:00-05:00,5.150000095367432,5.409999847412109,4.869999885559082,5.179999828338623,64900,0.0,0.0
2026-03-04 00:00:00-05:00,5.179999828338623,5.400000095367432,5.1579999923706055,5.269999980926514,21800,0.0,0.0
2026-03-05 00:00:00-05:00,5.389999866485596,5.480000019073486,5.210000038146973,5.264999866485596,57300,0.0,0.0
2026-03-06 00:00:00-05:00,5.159999847412109,5.364999771118164,4.769999980926514,5.070000171661377,189800,0.0,0.0
2026-03-09 00:00:00-04:00,4.949999809265137,5.179999828338623,4.9120001792907715,5.159999847412109,53800,0.0,0.0
2026-03-10 00:00:00-04:00,5.449999809265137,5.460000038146973,4.699999809265137,5.099999904632568,110600,0.0,0.0
2026-03-11 00:00:00-04:00,5.139999866485596,5.199999809265137,4.900000095367432,5.190000057220459,54900,0.0,0.0
2026-03-12 00:00:00-04:00,5.199999809265137,5.349999904632568,4.900000095367432,5.050000190734863,89500,0.0,0.0
2026-03-13 00:00:00-04:00,5.386000156402588,5.5,4.849999904632568,5.110000133514404,72500,0.0,0.0
2026-03-16 00:00:00-04:00,5.224999904632568,5.929999828338623,5.210000038146973,5.289999961853027,93800,0.0,0.0
2026-03-17 00:00:00-04:00,5.329999923706055,5.619999885559082,5.199999809265137,5.349999904632568,40100,0.0,0.0
2026-03-18 00:00:00-04:00,5.409999847412109,5.610000133514404,5.190000057220459,5.570000171661377,80000,0.0,0.0
2026-03-19 00:00:00-04:00,5.539999961853027,5.75,5.329999923706055,5.480000019073486,129500,0.0,0.0
2026-03-20 00:00:00-04:00,5.579999923706055,5.679999828338623,5.255000114440918,5.460000038146973,71500,0.0,0.0
2026-03-23 00:00:00-04:00,5.559999942779541,5.75,5.53000020980835,5.690000057220459,34900,0.0,0.0
2026-03-24 00:00:00-04:00,5.690000057220459,5.75,4.960000038146973,4.980000019073486,117600,0.0,0.0
2026-03-25 00:00:00-04:00,5.110000133514404,5.289999961853027,4.920000076293945,5.130000114440918,38800,0.0,0.0
2026-03-26 00:00:00-04:00,4.96999979019165,5.150000095367432,4.710000038146973,4.889999866485596,80100,0.0,0.0
2026-03-27 00:00:00-04:00,4.989999771118164,5.010000228881836,4.599999904632568,4.769999980926514,71900,0.0,0.0
2026-03-30 00:00:00-04:00,4.840000152587891,5.079999923706055,4.5,4.659999847412109,72100,0.0,0.0
2026-03-31 00:00:00-04:00,4.75,5.25,4.71999979019165,5.099999904632568,94000,0.0,0.0
2026-04-01 00:00:00-04:00,5.239999771118164,5.239999771118164,4.639999866485596,4.679999828338623,60400,0.0,0.0
2026-04-02 00:00:00-04:00,4.679999828338623,4.869999885559082,4.639999866485596,4.829999923706055,14000,0.0,0.0
2026-04-06 00:00:00-04:00,4.78000020980835,4.980000019073486,4.695000171661377,4.900000095367432,12700,0.0,0.0
2026-04-07 00:00:00-04:00,4.820000171661377,5.039999961853027,4.71999979019165,4.820000171661377,19900,0.0,0.0
2026-04-08 00:00:00-04:00,4.900000095367432,5.0,4.489999771118164,4.639999866485596,271500,0.0,0.0
2026-04-09 00:00:00-04:00,4.610000133514404,4.849999904632568,4.5,4.679999828338623,55200,0.0,0.0
2026-04-10 00:00:00-04:00,4.679999828338623,4.820000171661377,4.53000020980835,4.619999885559082,38800,0.0,0.0
2026-04-13 00:00:00-04:00,4.559999942779541,4.699999809265137,4.539999961853027,4.579999923706055,19900,0.0,0.0
2026-04-14 00:00:00-04:00,4.619999885559082,4.849999904632568,4.244999885559082,4.309999942779541,296400,0.0,0.0
2026-04-15 00:00:00-04:00,4.269999980926514,4.485000133514404,4.230000019073486,4.340000152587891,123400,0.0,0.0
2026-04-16 00:00:00-04:00,4.360000133514404,4.489999771118164,4.308000087738037,4.380000114440918,21400,0.0,0.0
2026-04-17 00:00:00-04:00,4.46999979019165,4.545000076293945,4.389999866485596,4.440000057220459,29200,0.0,0.0
2026-04-20 00:00:00-04:00,4.360000133514404,4.900000095367432,4.360000133514404,4.809999942779541,87400,0.0,0.0
2026-04-21 00:00:00-04:00,4.820000171661377,5.139999866485596,4.764999866485596,4.940000057220459,67900,0.0,0.0
2026-04-22 00:00:00-04:00,4.940000057220459,5.284999847412109,4.78000020980835,5.050000190734863,71900,0.0,0.0
2026-04-23 00:00:00-04:00,5.0,5.099999904632568,4.809999942779541,5.03000020980835,59400,0.0,0.0
2026-04-24 00:00:00-04:00,5.349999904632568,5.349999904632568,4.909999847412109,5.079999923706055,60500,0.0,0.0
2026-04-27 00:00:00-04:00,5.090000152587891,5.885000228881836,5.019999980926514,5.840000152587891,309800,0.0,0.0
2026-04-28 00:00:00-04:00,5.699999809265137,5.85699987411499,5.239999771118164,5.239999771118164,48600,0.0,0.0
2026-04-29 00:00:00-04:00,5.230000019073486,5.730000019073486,5.010000228881836,5.130000114440918,101500,0.0,0.0
2026-04-30 00:00:00-04:00,5.130000114440918,5.46999979019165,5.019999980926514,5.349999904632568,113900,0.0,0.0
2026-05-01 00:00:00-04:00,5.400000095367432,5.699999809265137,5.295000076293945,5.380000114440918,53500,0.0,0.0
2026-05-04 00:00:00-04:00,5.289999961853027,5.309999942779541,5.014999866485596,5.179999828338623,39600,0.0,0.0
2026-05-05 00:00:00-04:00,5.170000076293945,5.489999771118164,5.150000095367432,5.400000095367432,24800,0.0,0.0
2026-05-06 00:00:00-04:00,5.329999923706055,5.539999961853027,5.260000228881836,5.269999980926514,36200,0.0,0.0
2026-05-07 00:00:00-04:00,5.061999797821045,5.480000019073486,5.061999797821045,5.389999866485596,60500,0.0,0.0
2026-05-08 00:00:00-04:00,5.300000190734863,5.485000133514404,5.269999980926514,5.269999980926514,5300,0.0,0.0
2026-05-11 00:00:00-04:00,5.260000228881836,5.400000095367432,4.96999979019165,5.039999961853027,45400,0.0,0.0
2026-05-12 00:00:00-04:00,5.039999961853027,5.369999885559082,5.0,5.059999942779541,36800,0.0,0.0
2026-05-13 00:00:00-04:00,4.989999771118164,5.679999828338623,4.989999771118164,5.53000020980835,90700,0.0,0.0
2026-05-14 00:00:00-04:00,5.53000020980835,5.739999771118164,5.409999847412109,5.440000057220459,41000,0.0,0.0
2026-05-15 00:00:00-04:00,5.400000095367432,5.440000057220459,5.130000114440918,5.28000020980835,49400,0.0,0.0
2026-05-18 00:00:00-04:00,5.179999828338623,6.25,5.019999980926514,6.21999979019165,154300,0.0,0.0
2026-05-19 00:00:00-04:00,6.210000038146973,6.574999809265137,5.97599983215332,6.510000228881836,110100,0.0,0.0
2026-05-20 00:00:00-04:00,6.394999980926514,6.659999847412109,6.15500020980835,6.320000171661377,37600,0.0,0.0
2026-05-21 00:00:00-04:00,6.230000019073486,6.869999885559082,6.199999809265137,6.460000038146973,87400,0.0,0.0
2026-05-22 00:00:00-04:00,6.5,7.079999923706055,6.394999980926514,6.940000057220459,253100,0.0,0.0
2026-05-26 00:00:00-04:00,7.019999980926514,7.190000057220459,6.730000019073486,7.019999980926514,135200,0.0,0.0
2026-05-27 00:00:00-04:00,7.019999980926514,7.123000144958496,6.829999923706055,6.920000076293945,77700,0.0,0.0
2026-05-28 00:00:00-04:00,7.059999942779541,7.059999942779541,6.210000038146973,6.599999904632568,184000,0.0,0.0
2026-05-29 00:00:00-04:00,6.639999866485596,6.71999979019165,6.420000076293945,6.619999885559082,68700,0.0,0.0
