Date,Open,High,Low,Close,Volume,Dividends,Stock Splits
2019-07-18 00:00:00-04:00,7.426138785042299,7.598616682658609,7.196168254887218,7.421347618103027,3258000,0.0,0.0
2019-07-19 00:00:00-04:00,7.421347618103027,7.421347618103027,7.421347618103027,7.421347618103027,0,0.0,0.0
2019-07-22 00:00:00-04:00,7.421347618103027,7.421347618103027,7.421347618103027,7.421347618103027,0,0.0,0.0
2019-07-23 00:00:00-04:00,7.521958907225604,7.521958907225604,7.450093239684742,7.474048614501953,172500,0.0,0.0
2019-07-24 00:00:00-04:00,7.454883958569004,7.477401890748798,7.435719751247675,7.450092792510986,186800,0.0,0.0
2019-07-25 00:00:00-04:00,7.478839042956693,7.478839042956693,7.450092959784648,7.459674835205078,147400,0.0,0.0
2019-07-26 00:00:00-04:00,7.459675022164984,7.526749979432096,7.459675022164984,7.469257354736328,227900,0.0,0.0
2019-07-29 00:00:00-04:00,7.555496520235362,7.555496520235362,7.459675022164984,7.469257354736328,202000,0.0,0.0
2019-07-30 00:00:00-04:00,7.498003099677986,7.512376597885241,7.464465851015881,7.50279426574707,150000,0.0,0.0
2019-07-31 00:00:00-04:00,7.617781694174963,7.66090128733885,7.545916010175734,7.593826770782471,279800,0.0,0.0
2019-08-01 00:00:00-04:00,7.589032223207091,7.881286910299229,7.474046997258055,7.617778301239014,277900,0.0,0.0
2019-08-02 00:00:00-04:00,7.64173481561364,7.652754131946228,7.587595918863132,7.62736177444458,124000,0.0,0.0
2019-08-05 00:00:00-04:00,7.5698700569763835,7.636944561716968,7.454884800068986,7.52195930480957,251600,0.0,0.0
2019-08-06 00:00:00-04:00,7.545914867582141,7.615864256776926,7.526750657623444,7.53154182434082,97300,0.0,0.0
2019-08-07 00:00:00-04:00,7.536331270609347,7.5554959342657115,7.445301402795266,7.5411224365234375,246300,0.0,0.0
2019-08-08 00:00:00-04:00,7.550706269831287,7.665691533170244,7.483631304428152,7.62257194519043,165400,0.0,0.0
2019-08-09 00:00:00-04:00,7.521957279614817,7.66089787519757,7.521957279614817,7.617778301239014,108000,0.0,0.0
2019-08-12 00:00:00-04:00,7.593826770782471,7.727975803895229,7.545916010175734,7.593826770782471,172000,0.0,0.0
2019-08-13 00:00:00-04:00,7.7519285258060115,7.7519285258060115,7.569868348341009,7.660898208618164,241100,0.0,0.0
2019-08-14 00:00:00-04:00,7.6177801326211885,7.675273216328227,7.507586045489391,7.536332130432129,260300,0.0,0.0
2019-08-15 00:00:00-04:00,7.608198864262007,7.608198864262007,7.45009401371709,7.5171685218811035,224300,0.0,0.0
2019-08-16 00:00:00-04:00,7.550703763155601,7.636942453574967,7.498001858938061,7.512375354766846,136600,0.0,0.0
2019-08-19 00:00:00-04:00,7.5411226136087395,7.670481354862501,7.512376531270619,7.62736177444458,90800,0.0,0.0
2019-08-20 00:00:00-04:00,7.665690886012635,7.708810470352182,7.598615926272143,7.61298942565918,376300,0.0,0.0
2019-08-21 00:00:00-04:00,7.612987949618678,7.689644313599816,7.5938237443957215,7.6369428634643555,222100,0.0,0.0
2019-08-22 00:00:00-04:00,7.651316360064594,7.665689399754139,7.612987949618678,7.6369428634643555,109300,0.0,0.0
2019-08-23 00:00:00-04:00,7.612990983642989,7.64173707447833,7.593826770782471,7.593826770782471,115600,0.0,0.0
2019-08-26 00:00:00-04:00,7.632152986072209,7.723183313478543,7.603406446651592,7.6561079025268555,154400,0.0,0.0
2019-08-27 00:00:00-04:00,7.646527322613751,7.660900366303415,7.62257194519043,7.62257194519043,56500,0.0,0.0
2019-08-28 00:00:00-04:00,7.612988778762046,7.670481400692536,7.612988778762046,7.6561079025268555,85200,0.0,0.0
2019-08-29 00:00:00-04:00,7.646528500258147,7.7183946435962385,7.593827027338925,7.6082000732421875,242700,0.0,0.0
2019-08-30 00:00:00-04:00,7.646524836181608,7.6656890405064475,7.617778301239014,7.617778301239014,167200,0.0,0.0
2019-09-03 00:00:00-04:00,7.627361271119771,7.68485434582356,7.627361271119771,7.6513166427612305,135000,0.0,0.0
2019-09-04 00:00:00-04:00,7.665689274478165,7.683895337679048,7.617778533748402,7.680062770843506,159500,0.0,0.0
2019-09-05 00:00:00-04:00,7.713600717706829,7.751929131017039,7.63215272519495,7.641734600067139,154700,0.0,0.0
2019-09-06 00:00:00-04:00,7.6561087747360945,7.871706702675493,7.6561087747360945,7.780676364898682,216200,0.0,0.0
2019-09-09 00:00:00-04:00,7.804630482205005,7.809420733931421,7.670480588330605,7.6896443367004395,183200,0.0,0.0
2019-09-10 00:00:00-04:00,7.675271730820964,7.76151088277962,7.617778658241398,7.6369428634643555,173700,0.0,0.0
2019-09-11 00:00:00-04:00,7.6369425055638525,7.7083297720805195,7.608196427531929,7.617778301239014,143400,0.0,0.0
2019-09-12 00:00:00-04:00,7.627361431650275,7.852540741851428,7.617779100027731,7.737555503845215,201700,0.0,0.0
2019-09-13 00:00:00-04:00,7.761512500874747,7.962736926121768,7.761512500874747,7.852541923522949,331300,0.0,0.0
2019-09-16 00:00:00-04:00,7.919617782564197,8.187916726573723,7.90524428216629,8.135214805603027,626800,0.0,0.0
2019-09-17 00:00:00-04:00,8.240615501751458,8.264570412781733,8.068137218105377,8.12083911895752,200600,0.0,0.0
2019-09-18 00:00:00-04:00,8.111256860994262,8.528078165076023,8.100237090082633,8.480168342590332,476600,0.0,0.0
2019-09-19 00:00:00-04:00,8.59036543993256,8.667022279654237,8.461006680219127,8.643067359924316,624500,0.0,0.0
2019-09-20 00:00:00-04:00,8.657439254530985,8.695767671329502,8.068139503570723,8.092094421386719,1377500,0.0,0.0
2019-09-23 00:00:00-04:00,8.10646734999955,8.269363338387294,7.727973461151123,7.727973461151123,284300,0.0,0.0
2019-09-24 00:00:00-04:00,7.747137728689063,7.895660211505657,7.747137728689063,7.833376884460449,150800,0.0,0.0
2019-09-25 00:00:00-04:00,7.8956633731094925,8.061434301751683,7.876499616276372,7.953156471252441,130200,0.0,0.0
2019-09-26 00:00:00-04:00,7.93399002964914,8.008251741128262,7.785467520512485,7.804632186889648,203600,0.0,0.0
2019-09-27 00:00:00-04:00,7.868203385063857,8.003170245851223,7.7508406135524615,7.794851303100586,537500,0.33,0.0
2019-09-30 00:00:00-04:00,7.804629658004581,7.829080345384435,7.662816230831111,7.71171760559082,468500,0.0,0.0
2019-10-01 00:00:00-04:00,7.956224152711302,7.956224152711302,7.662816814519894,7.69215726852417,189300,0.0,0.0
2019-10-02 00:00:00-04:00,7.687267792643774,7.829081235948635,7.613915722160353,7.799740314483643,291600,0.0,0.0
2019-10-03 00:00:00-04:00,7.799740238876662,7.902432763471498,7.736168631617181,7.887762069702148,106900,0.0,0.0
2019-10-04 00:00:00-04:00,7.8730921663769635,7.985564685094123,7.838861480916631,7.951333999633789,258000,0.0,0.0
2019-10-07 00:00:00-04:00,7.970895386055098,8.034467469645504,7.7752907686930595,7.995346546173096,135600,0.0,0.0
2019-10-08 00:00:00-04:00,7.970895734954343,8.029577589089751,7.87309388835057,7.902434349060059,107100,0.0,0.0
2019-10-09 00:00:00-04:00,7.966004772041012,8.063806598222657,7.87798247557617,7.9757843017578125,106800,0.0,0.0
2019-10-10 00:00:00-04:00,8.010013277368431,8.23495920171967,7.9953435195672,8.181167602539062,122200,0.0,0.0
2019-10-11 00:00:00-04:00,8.425676028297989,8.484357875156197,8.161610049226843,8.17138957977295,150700,0.0,0.0
2019-10-14 00:00:00-04:00,8.415896890467549,8.415896890467549,8.153298032800315,8.269193649291992,117000,0.0,0.0
2019-10-15 00:00:00-04:00,8.288752555847168,8.406115306685972,8.17138887229213,8.288752555847168,150100,0.0,0.0
2019-10-16 00:00:00-04:00,8.352326018839324,8.411007876935855,8.220292537659502,8.298534393310547,152100,0.0,0.0
2019-10-17 00:00:00-04:00,8.322984064825517,8.43545659558135,8.288753375701248,8.308313369750977,250100,0.0,0.0
2019-10-18 00:00:00-04:00,8.308313693387712,8.357215079491395,8.239852312472374,8.2936429977417,139500,0.0,0.0
2019-10-21 00:00:00-04:00,8.337653999402573,8.354769344318234,8.239852161701128,8.244742393493652,85400,0.0,0.0
2019-10-22 00:00:00-04:00,8.234963327339214,8.41100797087856,8.088748822981382,8.322985649108887,203300,0.0,0.0
2019-10-23 00:00:00-04:00,8.322983320479526,8.450126534939152,8.278972171908261,8.313202857971191,156000,0.0,0.0
2019-10-24 00:00:00-04:00,8.288755069848493,8.360639531701999,8.269194139084362,8.303424835205078,159600,0.0,0.0
2019-10-25 00:00:00-04:00,8.26919281083448,8.30831373336238,8.132269115628647,8.13715934753418,99700,0.0,0.0
2019-10-28 00:00:00-04:00,8.142047699203932,8.190949074250147,8.073586333768919,8.093146324157715,139700,0.0,0.0
2019-10-29 00:00:00-04:00,8.068696955408864,8.357214072674118,8.068696955408864,8.225180625915527,61800,0.0,0.0
2019-10-30 00:00:00-04:00,8.210512517778751,8.435457606241297,8.210512517778751,8.264303207397461,133200,0.0,0.0
2019-10-31 00:00:00-04:00,8.47457693898613,8.47457693898613,8.149384481746074,8.362104415893555,151100,0.0,0.0
2019-11-01 00:00:00-04:00,8.239851190754512,8.459905999189761,8.231537890958458,8.401225090026855,169500,0.0,0.0
2019-11-04 00:00:00-05:00,8.469686885918495,8.55770918678864,8.332764135868295,8.411005973815918,158600,0.0,0.0
2019-11-05 00:00:00-05:00,8.332765227947533,8.802216317158795,8.264302911233589,8.459907531738281,179500,0.0,0.0
2019-11-06 00:00:00-05:00,8.587050075133943,8.601720770256287,8.344989668271387,8.533259391784668,156600,0.0,0.0
2019-11-07 00:00:00-05:00,8.52347900436767,8.572380389161845,8.425676234779322,8.557709693908691,127800,0.0,0.0
2019-11-08 00:00:00-05:00,8.562598381325023,8.704411345663027,8.495114501134658,8.655510902404785,156100,0.0,0.0
2019-11-11 00:00:00-05:00,8.626172023868149,8.753315265261678,8.530326082588031,8.670183181762695,107300,0.0,0.0
2019-11-12 00:00:00-05:00,8.767982932156524,8.802213613641664,8.626169042899674,8.733752250671387,248800,0.0,0.0
2019-11-13 00:00:00-05:00,8.792434790624581,8.997819850518335,8.704412488853501,8.816885948181152,309800,0.0,0.0
2019-11-14 00:00:00-05:00,8.802217806209613,8.924470831295858,8.782656874491865,8.900020599365234,109900,0.0,0.0
2019-11-15 00:00:00-05:00,8.94892007844785,8.992931237253043,8.601721973114076,8.606612205505371,182700,0.0,0.0
2019-11-18 00:00:00-05:00,8.611500270812638,8.948917826452696,8.606610039651969,8.802214622497559,155600,0.0,0.0
2019-11-19 00:00:00-05:00,8.875566796579106,8.875566796579106,8.675071969649292,8.74842357635498,108300,0.0,0.0
2019-11-20 00:00:00-05:00,8.802216911904157,8.802216911904157,8.606612278182913,8.631062507629395,93500,0.0,0.0
2019-11-21 00:00:00-05:00,8.655512101602191,8.748423702838434,8.606610718852629,8.6163911819458,86900,0.0,0.0
2019-11-22 00:00:00-05:00,8.611502999165264,8.714195087926193,8.611502999165264,8.66529369354248,76600,0.0,0.0
2019-11-25 00:00:00-05:00,8.699522047510138,8.792433635873733,8.631059748059496,8.655510902404785,106400,0.0,0.0
2019-11-26 00:00:00-05:00,8.660401337967963,8.851116636044063,8.660401337967963,8.816885948181152,91400,0.0,0.0
2019-11-27 00:00:00-05:00,8.895128363249711,8.900018595077865,8.67996282639264,8.763094902038574,60000,0.0,0.0
2019-11-29 00:00:00-05:00,8.76798621137186,8.879481272236275,8.76798621137186,8.856008529663086,46800,0.0,0.0
2019-12-02 00:00:00-05:00,8.880456455635795,8.895127149117798,8.797324391336891,8.802214622497559,137100,0.0,0.0
2019-12-03 00:00:00-05:00,8.753315899031785,8.814442408009263,8.665293576869573,8.684854507446289,116800,0.0,0.0
2019-12-04 00:00:00-05:00,8.802219446692108,8.831559917020396,8.709306869149671,8.758208274841309,62000,0.0,0.0
2019-12-05 00:00:00-05:00,8.787543929015555,8.846225770227345,8.751357337686084,8.802214622497559,62700,0.0,0.0
2019-12-06 00:00:00-05:00,8.802216948729157,8.86529936175548,8.767007834697093,8.811997413635254,101400,0.0,0.0
2019-12-09 00:00:00-05:00,8.80221525364721,8.885347323906974,8.797325022135896,8.816885948181152,147700,0.0,0.0
2019-12-10 00:00:00-05:00,8.802213245825845,8.846224386672262,8.753311874583597,8.79243278503418,61700,0.0,0.0
2019-12-11 00:00:00-05:00,8.82177554714023,8.831555076745342,8.738643482841326,8.802214622497559,103500,0.0,0.0
2019-12-12 00:00:00-05:00,8.802217185179618,8.919579969056032,8.782656254841967,8.88534927368164,162100,0.0,0.0
2019-12-13 00:00:00-05:00,8.860899668646299,8.900020599365234,8.802217806209613,8.900020599365234,127800,0.0,0.0
2019-12-16 00:00:00-05:00,8.90490667872291,8.924467603365581,8.74353278128577,8.802214622497559,285900,0.0,0.0
2019-12-17 00:00:00-05:00,8.753313243607106,8.860896463709349,8.74353278128577,8.802214622497559,238800,0.0,0.0
2019-12-18 00:00:00-05:00,8.82666346508893,8.870674605935346,8.781186094568236,8.79243278503418,101000,0.0,0.0
2019-12-19 00:00:00-05:00,8.875564738085316,9.133762930744318,8.80221314839193,8.968477249145508,310400,0.0,0.0
2019-12-20 00:00:00-05:00,9.046720060583663,9.061390753216486,8.89512663424252,8.924467086791992,120500,0.0,0.0
2019-12-23 00:00:00-05:00,8.963590345425567,8.963590345425567,8.7533150262741,8.82177734375,110300,0.0,0.0
2019-12-24 00:00:00-05:00,8.856007328710717,8.963589629412853,8.80221571200148,8.89512825012207,58800,0.0,0.0
2019-12-26 00:00:00-05:00,8.939137537146072,9.129851872622947,8.939137537146072,9.120071411132812,107400,0.0,0.0
2019-12-27 00:00:00-05:00,9.227659791913833,9.359692365137667,9.105406752942999,9.354802131652832,99400,0.0,0.0
2019-12-30 00:00:00-05:00,9.52914355717526,9.55903178115858,8.99614924743034,9.050943374633789,175500,0.35,0.0
2019-12-31 00:00:00-05:00,9.021053872170429,9.065885246970872,8.8865597477691,8.911465644836426,154400,0.0,0.0
2020-01-02 00:00:00-05:00,8.926408295448764,8.99116418730858,8.791914193010399,8.846708297729492,200200,0.0,0.0
2020-01-03 00:00:00-05:00,8.622554377373177,8.717198512970356,8.38345430332695,8.65742301940918,599000,0.0,0.0
2020-01-06 00:00:00-05:00,8.597650978509938,8.677351026390717,8.517950930629157,8.54783821105957,210800,0.0,0.0
2020-01-07 00:00:00-05:00,8.547836778951929,8.717199589848361,8.542855408031523,8.612593650817871,179000,0.0,0.0
2020-01-08 00:00:00-05:00,8.617573334356079,8.661906866685168,8.423304635577768,8.522930145263672,176500,0.0,0.0
2020-01-09 00:00:00-05:00,8.592668901216403,8.602631643908346,8.493043374495858,8.57274341583252,267000,0.0,0.0
2020-01-10 00:00:00-05:00,8.547835034598519,8.577722303922526,8.39839773787933,8.40835952758789,130400,0.0,0.0
2020-01-13 00:00:00-05:00,8.438248199621604,8.504498617708089,8.408359978595293,8.48806095123291,218300,0.0,0.0
2020-01-14 00:00:00-05:00,8.493043372623184,8.498024743968056,8.293793269325466,8.328661918640137,324700,0.0,0.0
2020-01-15 00:00:00-05:00,8.278847615523986,8.278847615523986,7.989934815108061,8.034765243530273,1774300,0.0,0.0
2020-01-16 00:00:00-05:00,8.019825101136384,8.08059631596982,7.95506869391643,7.974993705749512,1601500,0.0,0.0
2020-01-17 00:00:00-05:00,8.024806527944941,8.064656551884664,7.85046231692134,7.895293712615967,1146000,0.0,0.0
2020-01-21 00:00:00-05:00,7.895292720305794,7.999898663712977,7.895292720305794,7.910236358642578,1170200,0.0,0.0
2020-01-22 00:00:00-05:00,7.970010499984245,8.04472915840174,7.945104122161865,7.945104122161865,916900,0.0,0.0
2020-01-23 00:00:00-05:00,7.96502909241406,8.084579135346626,7.940122714707365,7.960047721862793,1225900,0.0,0.0
2020-01-24 00:00:00-05:00,7.97499175962102,8.027792576796495,7.910235368203496,7.9251790046691895,842800,0.0,0.0
2020-01-27 00:00:00-05:00,7.930162364800784,7.950087376770645,7.85046231692134,7.895293712615967,658300,0.0,0.0
2020-01-28 00:00:00-05:00,7.950087003820562,7.970012014855713,7.901270893051853,7.915218353271484,602900,0.0,0.0
2020-01-29 00:00:00-05:00,7.935143364306634,7.945105632299342,7.905255610229042,7.915218353271484,372300,0.0,0.0
2020-01-30 00:00:00-05:00,7.915218724585828,7.926675499582302,7.845480945166436,7.895293712615967,466500,0.0,0.0
2020-01-31 00:00:00-05:00,7.9201997421094665,7.92667562049958,7.8205746807404335,7.850462436676025,418800,0.0,0.0
2020-02-03 00:00:00-05:00,7.865404055589662,7.970010461904139,7.820572670733508,7.830535411834717,778200,0.0,0.0
2020-02-04 00:00:00-05:00,7.840496426549666,7.885327804250768,7.803137103481935,7.820571422576904,801700,0.0,0.0
2020-02-05 00:00:00-05:00,7.835514612779557,7.870383724043138,7.790683712668449,7.805627346038818,548000,0.0,0.0
2020-02-06 00:00:00-05:00,7.830532952782988,7.9724981684962,7.8255515837967025,7.940120220184326,1487000,0.0,0.0
2020-02-07 00:00:00-05:00,7.925179409530522,7.987942970922523,7.850460748335379,7.890310764312744,684000,0.0,0.0
2020-02-10 00:00:00-05:00,7.97001061007798,7.974991980721195,7.8977821609003165,7.900272846221924,551200,0.0,0.0
2020-02-11 00:00:00-05:00,7.930157957261247,7.977479537482486,7.9052515873793086,7.940120220184326,1029500,0.0,0.0
2020-02-12 00:00:00-05:00,7.979973351364411,7.999897883837968,7.895291950628359,7.900272846221924,906500,0.0,0.0
2020-02-13 00:00:00-05:00,7.8903078393129045,7.925176471604604,7.855439207021206,7.92019510269165,468000,0.0,0.0
2020-02-14 00:00:00-05:00,7.92019510269165,7.955064210032836,7.8703828387105785,7.92019510269165,679400,0.0,0.0
2020-02-18 00:00:00-05:00,7.905253628203871,7.940122270010596,7.88034725189209,7.88034725189209,711300,0.0,0.0
2020-02-19 00:00:00-05:00,7.9002730307822535,7.925179409530522,7.8629137001846825,7.890310764312744,880600,0.0,0.0
2020-02-20 00:00:00-05:00,7.9052532121657855,7.945103222147561,7.755815437209332,7.785703182220459,804900,0.0,0.0
2020-02-21 00:00:00-05:00,7.925178634243373,7.965028646322377,7.790684962239139,7.88034725189209,778100,0.0,0.0
2020-02-24 00:00:00-05:00,7.76079786766831,7.8355165278314285,7.725929222932142,7.740872859954834,796500,0.0,0.0
2020-02-25 00:00:00-05:00,7.730911398281398,7.745855036859473,7.3174666138572055,7.427054405212402,1942900,0.0,0.0
2020-02-26 00:00:00-05:00,7.496790963737813,7.676116022802475,7.48334135865939,7.596415996551514,762400,0.0,0.0
2020-02-27 00:00:00-05:00,7.581472652517207,7.66615405243416,7.347353460096831,7.476866245269775,996500,0.0,0.0
2020-02-28 00:00:00-05:00,7.36229652708455,7.596415701387092,7.36229652708455,7.586452960968018,1393100,0.0,0.0
2020-03-02 00:00:00-05:00,7.606378884842941,7.656191164690822,7.559056815195262,7.601397514343262,1342100,0.0,0.0
2020-03-03 00:00:00-05:00,7.621322370136264,7.641247376690164,7.459431632504617,7.5316596031188965,904300,0.0,0.0
2020-03-04 00:00:00-05:00,7.561546732060871,7.603887426906321,7.432033962527777,7.591434001922607,563000,0.0,0.0
2020-03-05 00:00:00-05:00,7.566529498404839,7.6013986219336935,7.496792201446544,7.541623592376709,724900,0.0,0.0
2020-03-06 00:00:00-05:00,7.471884274377352,7.476865644572176,7.3025214881501945,7.327427864074707,1378100,0.0,0.0
2020-03-09 00:00:00-04:00,6.983722724351417,6.983722724351417,6.520465659241032,6.595184326171875,1599100,0.0,0.0
2020-03-10 00:00:00-04:00,6.844246731075063,6.9090031264988765,6.380990171581115,6.450727462768555,1120200,0.0,0.0
2020-03-11 00:00:00-04:00,6.311252484956313,6.4407652774376585,6.121964667110424,6.291327476501465,1203700,0.0,0.0
2020-03-12 00:00:00-04:00,5.962563725255106,6.141888775056533,5.768294565016356,5.87290096282959,1983900,0.0,0.0
2020-03-13 00:00:00-04:00,5.9775067774841375,6.326194577827468,5.92769403098528,6.126944541931152,1896000,0.0,0.0
2020-03-16 00:00:00-04:00,5.603912762834867,6.092075602151354,5.215374944292195,5.633800506591797,1452900,0.0,0.0
2020-03-17 00:00:00-04:00,5.588968670981041,5.658705942289394,5.225336781110718,5.409643173217773,1523000,0.0,0.0
2020-03-18 00:00:00-04:00,5.30005668437424,5.310018949591597,4.6275869179416995,4.6624555587768555,1651900,0.0,0.0
2020-03-19 00:00:00-04:00,4.597699240119361,5.793201011990256,4.458224199668454,5.4395318031311035,2378900,0.0,0.0
2020-03-20 00:00:00-04:00,5.459458035264282,5.728445911224121,4.886613634161756,5.090845108032227,2526900,0.0,0.0
2020-03-23 00:00:00-04:00,4.921479808130464,4.961329808597149,4.029835216351785,4.109535217285156,1554800,0.0,0.0
2020-03-24 00:00:00-04:00,4.303805965519654,4.981256706599279,4.234566527701102,4.826837539672852,1181800,0.0,0.0
2020-03-25 00:00:00-04:00,4.782005685108403,5.337415584328149,4.6425301827993,5.0360493659973145,1719500,0.0,0.0
2020-03-26 00:00:00-04:00,5.1306944261925205,5.852976542853926,5.1306944261925205,5.569045066833496,1944000,0.0,0.0
2020-03-27 00:00:00-04:00,5.499307125791157,6.107020548356471,5.409644357284081,5.70851993560791,1299300,0.0,0.0
2020-03-30 00:00:00-04:00,5.770400749685528,6.141686740430355,5.512563351737749,5.966357231140137,1319600,0.39,0.0
2020-03-31 00:00:00-04:00,5.981827428446509,6.234507943482472,5.775557228832554,5.9508867263793945,1168100,0.0,0.0
2020-04-01 00:00:00-04:00,5.672422151577177,5.986983566576312,5.636325077074946,5.811654567718506,873100,0.0,0.0
2020-04-02 00:00:00-04:00,5.620854694113111,5.8529087298235964,5.208315279040636,5.3166069984436035,1034700,0.0,0.0
2020-04-03 00:00:00-04:00,5.31144979518936,5.5017335022337495,5.038142327130041,5.228941917419434,1268500,0.0,0.0
2020-04-06 00:00:00-04:00,5.414584362441919,5.914788960291316,5.3527034573140115,5.682735443115234,1306500,0.0,0.0
2020-04-07 00:00:00-04:00,5.88900637715337,6.360848809241711,5.88900637715337,6.141686916351318,1365200,0.0,0.0
2020-04-08 00:00:00-04:00,6.311859280744548,6.564539808581873,6.177783717970774,6.373740196228027,1158800,0.0,0.0
2020-04-09 00:00:00-04:00,6.445933151600286,7.353520657374167,6.445933151600286,6.956450939178467,2821700,0.0,0.0
2020-04-13 00:00:00-04:00,7.193663702913607,7.219447542493968,6.353113680023224,6.672832012176514,1769100,0.0,0.0
2020-04-14 00:00:00-04:00,6.600637285156382,6.781123163161447,6.249978277236219,6.538756370544434,1712200,0.0,0.0
2020-04-15 00:00:00-04:00,6.317014755741805,6.440776559458384,5.9921396521465145,6.023080348968506,1385400,0.0,0.0
2020-04-16 00:00:00-04:00,6.27576077979756,6.291230882213725,5.8116537730271,6.095274448394775,1581100,0.0,0.0
2020-04-17 00:00:00-04:00,6.296388469279406,6.533598864611743,6.208723725887951,6.2345075607299805,1207300,0.0,0.0
2020-04-20 00:00:00-04:00,6.34795653745685,6.440777660214967,6.05917845431239,6.100432395935059,1181200,0.0,0.0
2020-04-21 00:00:00-04:00,6.054021781543569,6.190675774888551,5.7858711524529705,5.883849143981934,1257700,0.0,0.0
2020-04-22 00:00:00-04:00,5.868378290793346,6.121058782041725,5.868378290793346,6.059177875518799,1252100,0.0,0.0
2020-04-23 00:00:00-04:00,6.084960919375119,6.239663411486946,5.94057215623739,6.121057987213135,1232700,0.0,0.0
2020-04-24 00:00:00-04:00,6.2602914754658014,6.358269458973016,6.131372791396137,6.311858654022217,1466300,0.0,0.0
2020-04-27 00:00:00-04:00,6.445936128204945,6.698616706401963,6.342801248510845,6.574854850769043,1884500,0.0,0.0
2020-04-28 00:00:00-04:00,6.698615093642936,6.894571563776181,6.317015884755671,6.512972354888916,1853600,0.0,0.0
2020-04-29 00:00:00-04:00,6.641891937957625,6.7811238877658395,6.507816362745383,6.528443336486816,1406900,0.0,0.0
2020-04-30 00:00:00-04:00,6.420150499020022,6.743478490497943,6.399523528820361,6.6522040367126465,2239700,0.0,0.0
2020-05-01 00:00:00-04:00,6.451091212710571,6.621263840133901,6.270604854274548,6.466561317443848,973200,0.0,0.0
2020-05-04 00:00:00-04:00,6.40467964920817,6.476874282400874,6.21903693900855,6.306701183319092,1200200,0.0,0.0
2020-05-05 00:00:00-04:00,6.265447951655749,6.6315770400796685,6.265447951655749,6.353112697601318,1256100,0.0,0.0
2020-05-06 00:00:00-04:00,6.368584072407587,6.750183312112837,6.311859528812334,6.533599853515625,1125900,0.0,0.0
2020-05-07 00:00:00-04:00,6.62642158667982,6.889415369255852,6.577432341427515,6.781123638153076,2038400,0.0,0.0
2020-05-08 00:00:00-04:00,6.863631483930528,6.904885426661564,6.497502373353252,6.610950469970703,1944000,0.0,0.0
2020-05-11 00:00:00-04:00,6.636734941874539,6.654783482072341,6.42015147592924,6.52328634262085,780100,0.0,0.0
2020-05-12 00:00:00-04:00,6.533600377848478,6.657362223611612,6.4717194549669115,6.554227352142334,972500,0.0,0.0
2020-05-13 00:00:00-04:00,6.554227669822556,6.631578704227216,6.224195573338511,6.265449523925781,912800,0.0,0.0
2020-05-14 00:00:00-04:00,6.1880968861678625,6.399523451092877,5.997297291191978,6.332485675811768,902800,0.0,0.0
2020-05-15 00:00:00-04:00,6.394365605944508,6.40467933523173,6.177782208769663,6.239663600921631,1038800,0.0,0.0
2020-05-18 00:00:00-04:00,6.569695526284033,6.621263192733896,6.507814621615625,6.590322494506836,860900,0.0,0.0
2020-05-19 00:00:00-04:00,6.512970846318306,6.616105677292987,6.404679150848476,6.435619354248047,741300,0.0,0.0
2020-05-20 00:00:00-04:00,6.533600202868636,6.647048804339445,6.507816362745383,6.528443336486816,618700,0.0,0.0
2020-05-21 00:00:00-04:00,6.497502774344697,6.574853798792636,6.471718935600111,6.533599853515625,732900,0.0,0.0
2020-05-22 00:00:00-04:00,6.600638589365039,6.621265564978003,6.471719868837542,6.476876735687256,993600,0.0,0.0
2020-05-26 00:00:00-04:00,6.569697155578534,6.677988888551184,6.502659369282528,6.52328634262085,1466700,0.0,0.0
2020-05-27 00:00:00-04:00,6.647049111405604,6.677989327554141,6.497503421925357,6.559384346008301,1506100,0.0,0.0
2020-05-28 00:00:00-04:00,6.574856469361203,6.7037752236624035,6.456251451461388,6.487191677093506,2809500,0.0,0.0
2020-05-29 00:00:00-04:00,6.451091918222546,6.4820321310728195,6.322173217179501,6.36342716217041,954300,0.0,0.0
2020-06-01 00:00:00-04:00,6.36342716217041,6.487188997143138,6.327330083249819,6.36342716217041,583000,0.0,0.0
2020-06-02 00:00:00-04:00,6.363425705086165,6.600636080360851,6.291231071990146,6.585165977478027,1651600,0.0,0.0
2020-06-03 00:00:00-04:00,6.662518525578739,6.698615604587812,6.523286092053769,6.56969690322876,736800,0.0,0.0
2020-06-04 00:00:00-04:00,6.5387563705444345,6.569696581957511,6.448513185649005,6.538756370544434,793300,0.0,0.0
2020-06-05 00:00:00-04:00,6.703772087008427,6.708928952796254,6.580010258815322,6.610950469970703,1356700,0.0,0.0
2020-06-08 00:00:00-04:00,6.585167640715508,6.837848182693376,6.564540175947524,6.781123638153076,1249200,0.0,0.0
2020-06-09 00:00:00-04:00,6.7037738855924465,6.739870972220296,6.580012024194746,6.662519931793213,898600,0.0,0.0
2020-06-10 00:00:00-04:00,6.739869220086815,6.755339817579147,6.461404858440154,6.538756370544434,952500,0.0,0.0
2020-06-11 00:00:00-04:00,6.317013755212833,6.384051511221202,6.074646559149593,6.151998043060303,1221600,0.0,0.0
2020-06-12 00:00:00-04:00,6.373738806048474,6.420149605484849,6.1313720628807005,6.301544666290283,1287000,0.0,0.0
2020-06-15 00:00:00-04:00,6.146843799694493,6.4614052580387185,6.136530067395097,6.404681205749512,1148700,0.0,0.0
2020-06-16 00:00:00-04:00,6.605792781672434,6.66767368345709,6.36342554750993,6.4304633140563965,939700,0.0,0.0
2020-06-17 00:00:00-04:00,6.44593315731084,6.482030225620366,6.296387527732656,6.420149326324463,578600,0.0,0.0
2020-06-18 00:00:00-04:00,6.384052603864384,6.476874203729589,6.327328566049925,6.414992809295654,563200,0.0,0.0
2020-06-19 00:00:00-04:00,6.518128988935786,6.533599093669062,6.363426466245732,6.466561317443848,1555800,0.0,0.0
2020-06-22 00:00:00-04:00,6.528441616686956,6.528441616686956,6.342798901918268,6.461403846740723,1029000,0.0,0.0
2020-06-23 00:00:00-04:00,6.569697347848594,6.569697347848594,6.421182938751889,6.456249237060547,910000,0.0,0.0
2020-06-24 00:00:00-04:00,6.409837259677577,6.440777469083533,6.198410692189082,6.317015647888184,713200,0.0,0.0
2020-06-25 00:00:00-04:00,6.353112140179226,6.476874441810734,6.291231235256331,6.461403846740723,1104800,0.0,0.0
2020-06-26 00:00:00-04:00,6.384053385430307,6.456248026584508,6.292263048937312,6.445934295654297,922100,0.0,0.0
2020-06-29 00:00:00-04:00,6.5204543914151385,6.637556571599669,6.451257671652628,6.568359851837158,789500,0.39,0.0
2020-06-30 00:00:00-04:00,6.5630364418029785,6.637556097989317,6.525776867521622,6.5630364418029785,538400,0.0,0.0
2020-07-01 00:00:00-04:00,6.536421279375818,6.610940924580514,6.413996691850482,6.594972610473633,551200,0.0,0.0
2020-07-02 00:00:00-04:00,6.674815195584638,6.674815195584638,6.509807578536018,6.536421775817871,672300,0.0,0.0
2020-07-06 00:00:00-04:00,6.653522972559228,6.663103858834259,6.5896492129374815,6.626908779144287,691500,0.0,0.0
2020-07-07 00:00:00-04:00,6.547069585385678,6.637557578211542,6.419322009969309,6.4565815925598145,939600,0.0,0.0
2020-07-08 00:00:00-04:00,6.451256256885819,6.6215862942562005,6.413996688116936,6.53109884262085,629500,0.0,0.0
2020-07-09 00:00:00-04:00,6.637556585420053,6.674816162437575,6.440612309204531,6.579005241394043,682500,0.0,0.0
2020-07-10 00:00:00-04:00,6.579004741921404,6.653524397922643,6.515130968616182,6.5736823081970215,523300,0.0,0.0
2020-07-13 00:00:00-04:00,6.653525871306424,6.6801400763163965,6.525778296407037,6.541746616363525,550800,0.0,0.0
2020-07-14 00:00:00-04:00,6.5523910432749215,6.690783964806663,6.504485586442399,6.658847332000732,579600,0.0,0.0
2020-07-15 00:00:00-04:00,6.733366954434082,6.850469134090161,6.637556541646075,6.759981155395508,1199400,0.0,0.0
2020-07-16 00:00:00-04:00,6.744012853046956,6.762642641474787,6.648201932419644,6.712075710296631,595500,0.0,0.0
2020-07-17 00:00:00-04:00,6.728043580500601,6.728043580500601,6.610941417202519,6.648200988769531,478200,0.0,0.0
2020-07-20 00:00:00-04:00,6.525777369162502,6.568359888078434,6.387383928873888,6.4885172843933105,1660800,0.0,0.0
2020-07-21 00:00:00-04:00,6.525776402894797,6.589650171810946,6.419320121367882,6.45125675201416,1413700,0.0,0.0
2020-07-22 00:00:00-04:00,6.429965003470242,6.573681353247233,6.42464206289549,6.552390098571777,1262300,0.0,0.0
2020-07-23 00:00:00-04:00,6.5470676674949635,6.5790042981817045,6.392705932179471,6.424642562866211,1139200,0.0,0.0
2020-07-24 00:00:00-04:00,6.392707851806442,6.42464449208324,6.30754280090332,6.30754280090332,1139800,0.0,0.0
2020-07-27 00:00:00-04:00,6.280926705139844,6.33415459212175,6.238344192504884,6.238344192504883,1136500,0.0,0.0
2020-07-28 00:00:00-04:00,6.243665207303572,6.296893589815562,6.185114392639165,6.227696895599365,833100,0.0,0.0
2020-07-29 00:00:00-04:00,6.254313449625406,6.339478487719668,6.190439671054711,6.32351016998291,964500,0.0,0.0
2020-07-30 00:00:00-04:00,6.264958845093209,6.413997650146484,6.222375821740073,6.413997650146484,765400,0.0,0.0
2020-07-31 00:00:00-04:00,6.264957919593144,6.536421290360522,6.264957919593144,6.520452976226807,1000300,0.0,0.0
2020-08-03 00:00:00-04:00,6.56303645519976,6.579004771692418,6.376737568165444,6.413997650146484,1459900,0.0,0.0
2020-08-04 00:00:00-04:00,6.3660903107846085,6.568357454507308,6.33947611941677,6.504483699798584,1279000,0.0,0.0
2020-08-05 00:00:00-04:00,6.59497262647462,6.669491764236564,6.547067176414196,6.605618000030518,1458300,0.0,0.0
2020-08-06 00:00:00-04:00,6.589647759279459,6.616261946823384,6.4672226996267685,6.515128135681152,1102400,0.0,0.0
2020-08-07 00:00:00-04:00,6.46722458320698,6.6322321879390795,6.46722458320698,6.610940933227539,895800,0.0,0.0
2020-08-10 00:00:00-04:00,6.616262912750244,6.6588454159879005,6.547066218083182,6.616262912750244,1458000,0.0,0.0
2020-08-11 00:00:00-04:00,6.6535234451293945,6.680137640434623,6.51513003564105,6.520452976226807,1116400,0.0,0.0
2020-08-12 00:00:00-04:00,6.605618000030518,6.6482005095012155,6.536421295234745,6.605618000030518,972200,0.0,0.0
2020-08-13 00:00:00-04:00,6.616265319132304,6.664170779604089,6.520454398188734,6.525777339935303,914800,0.0,0.0
2020-08-14 00:00:00-04:00,6.579003804705443,6.605618000030518,6.488515845174322,6.605618000030518,1431100,0.0,0.0
2020-08-17 00:00:00-04:00,6.600295544720165,6.632232682983108,6.3554458434495755,6.536421775817871,1089700,0.0,0.0
2020-08-18 00:00:00-04:00,6.5736832998971835,6.600296995404892,6.4725494295225605,6.477872371673584,557500,0.0,0.0
2020-08-19 00:00:00-04:00,6.461903596288677,6.497034199805405,6.360769733059506,6.408675193786621,1142100,0.0,0.0
2020-08-20 00:00:00-04:00,6.392707356848101,6.408675675750145,6.334156008167762,6.387384414672852,981000,0.0,0.0
2020-08-21 00:00:00-04:00,6.360771162578902,6.435290841304594,6.31818863405673,6.403353691101074,1285200,0.0,0.0
2020-08-24 00:00:00-04:00,6.445935659471195,6.6056203813646235,6.435290282077627,6.589652061462402,1398800,0.0,0.0
2020-08-25 00:00:00-04:00,6.600295543670654,6.61094142563114,6.488516321203516,6.600295543670654,1002700,0.0,0.0
2020-08-26 00:00:00-04:00,6.579005752642027,6.581135234082555,6.451258186405958,6.467226505279541,614400,0.0,0.0
2020-08-27 00:00:00-04:00,6.408674708774389,6.47254848236865,6.350123876552224,6.413997650146484,930100,0.0,0.0
2020-08-28 00:00:00-04:00,6.461903555134705,6.573682793578197,6.403352211230608,6.568359851837158,914800,0.0,0.0
2020-08-31 00:00:00-04:00,6.56303691009612,6.605619428777101,6.461903555134705,6.568359851837158,1245700,0.0,0.0
2020-09-01 00:00:00-04:00,6.520454398188734,6.573682800407087,6.445934736607772,6.525777339935303,894000,0.0,0.0
2020-09-02 00:00:00-04:00,6.56303547081602,6.592311136347886,6.467224570983404,6.53109884262085,1022200,0.0,0.0
2020-09-03 00:00:00-04:00,6.5364212778627735,6.547067159013931,6.371414181008251,6.440610885620117,1098100,0.0,0.0
2020-09-04 00:00:00-04:00,6.461904071951578,6.541746173958196,6.334155998067802,6.429966926574707,911000,0.0,0.0
2020-09-08 00:00:00-04:00,6.408673751273671,6.610940924580514,6.355445360752666,6.594972610473633,1784300,0.0,0.0
2020-09-09 00:00:00-04:00,6.584327683269413,6.637556081502244,6.499162652195783,6.5736823081970215,1087500,0.0,0.0
2020-09-10 00:00:00-04:00,6.573681863275618,6.573681863275618,6.4565796996632985,6.509807586669922,979600,0.0,0.0
2020-09-11 00:00:00-04:00,6.520452976226807,6.594972621556735,6.51513003564105,6.520452976226807,813300,0.0,0.0
2020-09-14 00:00:00-04:00,6.552392014854864,6.610942855429994,6.499163608787509,6.547069072723389,1510600,0.0,0.0
2020-09-15 00:00:00-04:00,6.600294093318513,6.642876596556169,6.5577115900808565,6.616262912750244,1020800,0.0,0.0
2020-09-16 00:00:00-04:00,6.621586306771532,6.672153227070273,6.547067169092919,6.610940933227539,1549600,0.0,0.0
2020-09-17 00:00:00-04:00,6.547067656739002,6.640217093398883,6.520453459461381,6.600295543670654,1338000,0.0,0.0
2020-09-18 00:00:00-04:00,6.594974059810223,6.6694932137679785,6.563036916954282,6.621587753295898,3356600,0.0,0.0
2020-09-21 00:00:00-04:00,6.5470671579970245,6.589649667347936,6.429965003470242,6.552390098571777,1516500,0.0,0.0
2020-09-22 00:00:00-04:00,6.579005241394043,6.653524903052753,6.552391547880764,6.579005241394043,786000,0.0,0.0
2020-09-23 00:00:00-04:00,6.5790062254279,6.62158875056669,6.440613272538704,6.4565815925598145,971500,0.0,0.0
2020-09-24 00:00:00-04:00,6.461902158781146,6.520452982409322,6.392705453971363,6.493838787078857,824600,0.0,0.0
2020-09-25 00:00:00-04:00,6.467225996010122,6.6668317428946775,6.429966419031245,6.621587753295898,1154700,0.0,0.0
2020-09-28 00:00:00-04:00,6.674813727796152,6.7865929257008695,6.610939972939667,6.616262912750244,2262800,0.0,0.0
2020-09-29 00:00:00-04:00,6.632750172612372,6.645389610440948,6.558564879441305,6.5832929611206055,870500,0.39,0.0
2020-09-30 00:00:00-04:00,6.555818717567637,6.654732639406464,6.555818717567637,6.627256870269775,919800,0.0,0.0
2020-10-01 00:00:00-04:00,6.671217452012337,6.772879036106658,6.616264876130767,6.764636516571045,900800,0.0,0.0
2020-10-02 00:00:00-04:00,6.693198765461409,6.709684329554673,6.5997796954885235,6.654731750488281,797900,0.0,0.0
2020-10-05 00:00:00-04:00,6.70418881656673,6.715179541760315,6.572303258643439,6.610769748687744,975400,0.0,0.0
2020-10-06 00:00:00-04:00,6.627255985021719,6.7316652563679025,6.621760622301753,6.654731750488281,895900,0.0,0.0
2020-10-07 00:00:00-04:00,6.693197514314933,6.706386172750867,6.605273823497419,6.660225868225098,1100800,0.0,0.0
2020-10-08 00:00:00-04:00,6.660225890415807,6.753644943237306,6.6481361994648305,6.753644943237305,801600,0.0,0.0
2020-10-09 00:00:00-04:00,6.7591423988342285,6.803104258008215,6.676713519832979,6.7591423988342285,764200,0.0,0.0
2020-10-12 00:00:00-04:00,6.759139959356078,6.770130158149692,6.676711110104675,6.704187393188477,736600,0.0,0.0
2020-10-13 00:00:00-04:00,6.676710309028882,6.731662868603243,6.597029674119152,6.616262912750244,1085100,0.0,0.0
2020-10-14 00:00:00-04:00,6.5942840485514544,6.627255699383521,6.50086498260498,6.5008649826049805,1014500,0.0,0.0
2020-10-15 00:00:00-04:00,6.4898747906275585,6.6107696210225795,6.4898747906275585,6.5942840576171875,900100,0.0,0.0
2020-10-16 00:00:00-04:00,6.566807010912298,6.566807010912298,6.489874041193419,6.5338358879089355,766500,0.0,0.0
2020-10-19 00:00:00-04:00,6.577798644135297,6.577798644135297,6.379969782495165,6.385465145111084,952700,0.0,0.0
2020-10-20 00:00:00-04:00,6.396454940781367,6.456902348572127,6.390959578964058,6.412940502166748,974100,0.0,0.0
2020-10-21 00:00:00-04:00,6.445912291044938,6.4514076534301275,6.385464877007665,6.418436527252197,657300,0.0,0.0
2020-10-22 00:00:00-04:00,6.4184369243571915,6.4184369243571915,6.314027128845235,6.401950836181641,1034100,0.0,0.0
2020-10-23 00:00:00-04:00,6.401949330099422,6.517349299846844,6.401949330099422,6.44041633605957,696800,0.0,0.0
2020-10-26 00:00:00-04:00,6.500864351430674,6.517349913212804,6.379969008873075,6.456902503967285,1011500,0.0,0.0
2020-10-27 00:00:00-04:00,6.42942561319481,6.489873540817966,6.379968408436413,6.44041633605957,845800,0.0,0.0
2020-10-28 00:00:00-04:00,6.374474784979456,6.4019505492406195,6.193132015709403,6.24808406829834,1650300,0.0,0.0
2020-10-29 00:00:00-04:00,6.215112325205637,6.407445276293175,6.1107025447277366,6.363483428955078,1343200,0.0,0.0
2020-10-30 00:00:00-04:00,6.2975395487933135,6.319520468590971,6.193130310771055,6.253577709197998,824900,0.0,0.0
2020-11-02 00:00:00-05:00,6.3085316406880745,6.410743498704343,6.275560513125802,6.385465145111084,753300,0.0,0.0
2020-11-03 00:00:00-05:00,6.445913167969179,6.531089724327514,6.423932239504664,6.495370388031006,887500,0.0,0.0
2020-11-04 00:00:00-05:00,6.5118568580688905,6.665723366314502,6.41294241216336,6.627256870269775,1224100,0.0,0.0
2020-11-05 00:00:00-05:00,6.6217602942277205,6.90751232864217,6.50086494071138,6.858055114746094,2704000,0.0,0.0
2020-11-06 00:00:00-05:00,7.033903054388602,7.033903054388602,6.830579360140434,6.951474189758301,1558700,0.0,0.0
2020-11-09 00:00:00-05:00,7.264703580600979,7.451541725534334,7.022912855134289,7.099846363067627,2041300,0.0,0.0
2020-11-10 00:00:00-05:00,7.099845766714216,7.382850641776511,7.094350404309138,7.336141109466553,1347000,0.0,0.0
2020-11-11 00:00:00-05:00,7.363615541492268,7.413072746059379,7.2262346506131845,7.259206295013428,1065900,0.0,0.0
2020-11-12 00:00:00-05:00,7.303170184119093,7.363617604376015,7.187770182489221,7.275693893432617,1019300,0.0,0.0
2020-11-13 00:00:00-05:00,7.336139707203902,7.511987078021328,7.297672701787713,7.429558753967285,1398500,0.0,0.0
2020-11-16 00:00:00-05:00,7.555949375052105,7.555949375052105,7.418568477323885,7.4680256843566895,1396000,0.0,0.0
2020-11-17 00:00:00-05:00,7.473520830161892,7.546057925296958,7.437801504307083,7.5009965896606445,1476900,0.0,0.0
2020-11-18 00:00:00-05:00,7.5229777290080575,7.539463814063349,7.462530322671593,7.4680256843566895,1410400,0.0,0.0
2020-11-19 00:00:00-05:00,7.528473749392544,7.588371939241177,7.47901653803251,7.539464473724365,1508300,0.0,0.0
2020-11-20 00:00:00-05:00,7.5559504333157665,7.5559504333157665,7.479016931148936,7.522978782653809,784000,0.0,0.0
2020-11-23 00:00:00-05:00,7.53946569954723,7.561446627718116,7.49000848014607,7.506494045257568,1633400,0.0,0.0
2020-11-24 00:00:00-05:00,7.539463623482998,7.577930106173264,7.50099661672621,7.528472900390625,1555800,0.0,0.0
2020-11-25 00:00:00-05:00,7.544959311823695,7.566940760487339,7.495502624530242,7.539464473724365,1034000,0.0,0.0
2020-11-27 00:00:00-05:00,7.583426744144101,7.583426744144101,7.487259997165353,7.550455093383789,877500,0.0,0.0
2020-11-30 00:00:00-05:00,7.566939643435025,7.566939643435025,7.429558753967285,7.429558753967285,797700,0.0,0.0
2020-12-01 00:00:00-05:00,7.468027425537364,7.511989281134837,7.377356032859242,7.396589279174805,2198800,0.0,0.0
2020-12-02 00:00:00-05:00,7.391092605841968,7.429559615719936,7.21524521462805,7.253711700439453,1993300,0.0,0.0
2020-12-03 00:00:00-05:00,7.253712945638066,7.5339701665451395,7.22348949762651,7.248217582702637,2864800,0.0,0.0
2020-12-04 00:00:00-05:00,7.297674096697607,7.391093161317526,7.264702970400344,7.336141109466553,2104400,0.0,0.0
2020-12-07 00:00:00-05:00,7.352627402541417,7.363617604376015,7.127322762232299,7.275693893432617,2259000,0.0,0.0
2020-12-08 00:00:00-05:00,7.253709995783967,7.275690914520089,6.956967330813101,7.154796123504639,3011700,0.0,0.0
2020-12-09 00:00:00-05:00,7.149303206809476,7.211948558386336,6.902017655476369,7.088855266571045,4118200,0.0,0.0
2020-12-10 00:00:00-05:00,7.011921502964782,7.0778642743450275,6.940483369619542,7.066873550415039,1535700,0.0,0.0
2020-12-11 00:00:00-05:00,6.989942033747722,7.066875021000813,6.9514750160545065,7.028408527374268,963200,0.0,0.0
2020-12-14 00:00:00-05:00,7.116331651073752,7.220741445216588,7.022912582237163,7.039398670196533,1705600,0.0,0.0
2020-12-15 00:00:00-05:00,7.077863377442872,7.226234463230299,7.039396896695483,7.18776798248291,1181100,0.0,0.0
2020-12-16 00:00:00-05:00,7.198760578024888,7.259207995507756,7.149303361872255,7.226236343383789,2628600,0.0,0.0
2020-12-17 00:00:00-05:00,7.2372286708362505,7.248218874599311,7.171285876057646,7.204257011413574,1239200,0.0,0.0
2020-12-18 00:00:00-05:00,7.209750233151436,7.253712083275129,7.165788383027742,7.198760032653809,1744200,0.0,0.0
2020-12-21 00:00:00-05:00,7.182273044056443,7.226234888660626,7.099844716440233,7.132815837860107,1053200,0.0,0.0
2020-12-22 00:00:00-05:00,7.143805763509545,7.176777405314988,7.075115323475799,7.110834121704102,1238400,0.0,0.0
2020-12-23 00:00:00-05:00,7.132817348012418,7.198760652946662,7.072369929900438,7.149303436279297,1547800,0.0,0.0
2020-12-24 00:00:00-05:00,7.209750185947647,7.221839878075816,7.091602517988787,7.143807411193848,831800,0.0,0.0
2020-12-28 00:00:00-05:00,7.176779060604042,7.215245548193778,7.121826486275915,7.143807411193848,1761300,0.0,0.0
2020-12-29 00:00:00-05:00,7.1438074111938485,7.220740910439908,7.127321848522046,7.143807411193848,2215600,0.0,0.0
2020-12-30 00:00:00-05:00,7.20612344916396,7.223118871702804,7.024836961075575,7.04183292388916,2611900,0.39,0.0
2020-12-31 00:00:00-05:00,6.996510924381054,7.20612292125338,6.996510924381054,7.172131538391113,2826100,0.0,0.0
2021-01-04 00:00:00-05:00,7.177798400918946,7.1891285041239446,6.95685571553589,6.973851680755615,3023700,0.0,0.0
2021-01-05 00:00:00-05:00,7.019172624274603,7.172132517346202,6.99651187936493,7.1268110275268555,1399700,0.0,0.0
2021-01-06 00:00:00-05:00,7.149470796574502,7.2457790843637735,7.115479953986936,7.172131538391113,1864400,0.0,0.0
2021-01-07 00:00:00-05:00,7.21179149436402,7.2622121171500815,7.172135310397442,7.200461387634277,2600100,0.0,0.0
2021-01-08 00:00:00-05:00,7.200458984113824,7.223119730284115,7.138142067214224,7.206124305725098,1131100,0.0,0.0
2021-01-11 00:00:00-05:00,7.138142574468979,7.223120243577601,7.138142574468979,7.177798748016357,1169900,0.0,0.0
2021-01-12 00:00:00-05:00,7.223122141368748,7.228787464871113,7.126813802928499,7.200461387634277,1046900,0.0,0.0
2021-01-13 00:00:00-05:00,7.234452788373477,7.234452788373477,7.138144449933228,7.200461387634277,1446000,0.0,0.0
2021-01-14 00:00:00-05:00,7.28543652417896,7.444062284967623,7.2457803541191925,7.410070896148682,2935300,0.0,0.0
2021-01-15 00:00:00-05:00,7.410071784878069,7.557366920301376,7.370415610062125,7.5007147789001465,1722300,0.0,0.0
2021-01-19 00:00:00-05:00,7.517708301880307,7.608351266439203,7.438395437753932,7.557364463806152,1777500,0.0,0.0
2021-01-20 00:00:00-05:00,7.619682342586352,7.653673728785941,7.574360854503403,7.59135627746582,1200200,0.0,0.0
2021-01-21 00:00:00-05:00,7.5913591378623275,7.650843951056581,7.5460376327024,7.574363708496094,1045200,0.0,0.0
2021-01-22 00:00:00-05:00,7.56303274117299,7.591358273466417,7.466724418605627,7.478054523468018,1114500,0.0,0.0
2021-01-25 00:00:00-05:00,7.5063806705315645,7.540372066005872,7.404407024383545,7.404407024383545,1013300,0.0,0.0
2021-01-26 00:00:00-05:00,7.427067703438419,7.512045921172435,7.415737598572155,7.495049953460693,1225100,0.0,0.0
2021-01-27 00:00:00-05:00,7.4610576571245515,7.568696063795556,7.427066268543039,7.444062232971191,1148900,0.0,0.0
2021-01-28 00:00:00-05:00,7.4553928628117125,7.512045001028451,7.370415195761435,7.393075942993164,1116800,0.0,0.0
2021-01-29 00:00:00-05:00,7.398741369843268,7.438397542992729,7.245780918652768,7.308097839355469,1077400,0.0,0.0
2021-02-01 00:00:00-05:00,7.308096786188583,7.387409661332597,7.285436041900973,7.376079559326172,1201100,0.0,0.0
2021-02-02 00:00:00-05:00,7.432731518416092,7.580026633725696,7.393075349015347,7.540370464324951,925500,0.0,0.0
2021-02-03 00:00:00-05:00,7.568694564573535,7.608351266775821,7.489382240718336,7.597020626068115,673800,0.0,0.0
2021-02-04 00:00:00-05:00,7.648008407706884,7.648008407706884,7.551700110461929,7.59135627746582,1163200,0.0,0.0
2021-02-05 00:00:00-05:00,7.619682270149605,7.7040937164909336,7.619682270149605,7.670669078826904,1121900,0.0,0.0
2021-02-08 00:00:00-05:00,7.676336274403226,7.7726445942509885,7.670670951994563,7.715992450714111,1054000,0.0,0.0
2021-02-09 00:00:00-05:00,7.704659975590133,7.73298549836845,7.6253471070965855,7.693329334259033,1017100,0.0,0.0
2021-02-10 00:00:00-05:00,7.738650242767039,7.84628916629817,7.699560289470225,7.8236284255981445,1119200,0.0,0.0
2021-02-11 00:00:00-05:00,7.857622639360255,7.863287962035744,7.761314314976556,7.817966461181641,1019500,0.0,0.0
2021-02-12 00:00:00-05:00,7.8292951725099975,7.891612630297003,7.7913387059459085,7.806634426116943,774200,0.0,0.0
2021-02-16 00:00:00-05:00,7.868950396495005,7.874615176816389,7.795302849569923,7.800968170166016,1000800,0.0,0.0
2021-02-17 00:00:00-05:00,7.81230113850615,7.846292534284182,7.761314314976556,7.817966461181641,927600,0.0,0.0
2021-02-18 00:00:00-05:00,7.7896390013908565,7.857621240570017,7.772643576664769,7.806634426116943,972700,0.0,0.0
2021-02-19 00:00:00-05:00,7.806635286504508,7.919939030957248,7.795305182196669,7.868952751159668,984700,0.0,0.0
2021-02-22 00:00:00-05:00,7.840628147338061,7.914275730084079,7.834962823986451,7.85762357711792,1364800,0.0,0.0
2021-02-23 00:00:00-05:00,7.880283389787307,7.883116051125051,7.74715154856274,7.817966461181641,1294100,0.0,0.0
2021-02-24 00:00:00-05:00,7.931270138068488,8.100659286424229,7.8632878874323175,7.891613960266113,1691800,0.0,0.0
2021-02-25 00:00:00-05:00,7.902941239522145,7.919936661035714,7.749981365350598,7.800968170166016,1285300,0.0,0.0
2021-02-26 00:00:00-05:00,7.931269208215625,7.968092720389983,7.840626217994278,7.919938564300537,1126000,0.0,0.0
2021-03-01 00:00:00-05:00,8.06723260766592,8.11255409667614,7.993585052955621,8.010581016540527,1252900,0.0,0.0
2021-03-02 00:00:00-05:00,8.061567261982097,8.072897904337616,7.976589605414764,8.055902481079102,1426500,0.0,0.0
2021-03-03 00:00:00-05:00,8.02757740020752,8.07289889463965,7.976590583902664,8.02757740020752,1343800,0.0,0.0
2021-03-04 00:00:00-05:00,8.004917244502955,8.016247348810793,7.766979111014766,7.868952751159668,1529900,0.0,0.0
2021-03-05 00:00:00-05:00,7.868951827611516,7.902942676820529,7.6706698928846455,7.897277355194092,1221300,0.0,0.0
2021-03-08 00:00:00-05:00,7.925604254509141,8.112555565595786,7.891613401734222,8.00491714477539,1537700,0.0,0.0
2021-03-09 00:00:00-05:00,8.010581520701725,8.089893861323901,7.936933961356277,7.965260028839111,1241500,0.0,0.0
2021-03-10 00:00:00-05:00,8.01624536857442,8.050236753650857,7.956761120034079,7.976589202880859,897100,0.0,0.0
2021-03-11 00:00:00-05:00,7.993585066235981,8.08422858468178,7.9425987962208495,8.044571876525879,1087000,0.0,0.0
2021-03-12 00:00:00-05:00,8.061569213867188,8.084230504065026,8.027578359120218,8.061569213867188,685300,0.0,0.0
2021-03-15 00:00:00-04:00,8.101224435925241,8.11255453865769,7.99925080995922,8.078563690185547,1402300,0.0,0.0
2021-03-16 00:00:00-04:00,8.072898401471383,8.083662296262066,8.004916163976178,8.050237655639648,1094500,0.0,0.0
2021-03-17 00:00:00-04:00,8.055904431592623,8.095560608889052,8.004917609197275,8.061569213867188,1240400,0.0,0.0
2021-03-18 00:00:00-04:00,8.067233115392595,8.095559182875428,7.953929385736058,7.965260028839111,1352700,0.0,0.0
2021-03-19 00:00:00-04:00,7.959593736974639,8.095558195987758,7.9086069297760355,8.067232131958008,1630600,0.0,0.0
2021-03-22 00:00:00-04:00,8.106891213271554,8.106891213271554,8.044573746090272,8.07289981842041,1095400,0.0,0.0
2021-03-23 00:00:00-04:00,8.078565181515566,8.129552003910915,8.038908463944244,8.061569213867188,859000,0.0,0.0
2021-03-24 00:00:00-04:00,8.072899552908387,8.157877226829052,7.846292062270032,7.851956844329834,1343700,0.0,0.0
2021-03-25 00:00:00-04:00,7.868949473446546,7.891610212898044,7.761310555845943,7.8292927742004395,1418200,0.0,0.0
2021-03-26 00:00:00-04:00,7.868950735640674,8.095558166503906,7.868950735640674,8.095558166503906,1323600,0.0,0.0
2021-03-29 00:00:00-04:00,8.055904350785362,8.123886599872277,8.024745617350774,8.084230422973633,1701800,0.0,0.0
2021-03-30 00:00:00-04:00,8.107392675684737,8.118974930312133,7.979990636144877,8.026318550109863,1092700,0.31,0.0
2021-03-31 00:00:00-04:00,7.997363728023445,8.05527334224316,7.962617517673793,7.9741997718811035,1225300,0.0,0.0
2021-04-01 00:00:00-04:00,8.072646101048836,8.145033532397909,8.003154233226399,8.107392311096191,1007000,0.0,0.0
2021-04-05 00:00:00-04:00,8.124766023813585,8.205840154561987,8.08422923457555,8.171093940734863,1244400,0.0,0.0
2021-04-06 00:00:00-04:00,8.20583969386991,8.229003651030078,8.185571300388801,8.211630821228027,1743400,0.0,0.0
2021-04-07 00:00:00-04:00,8.217421651174545,8.327450865302092,8.217421651174545,8.22900390625,1639700,0.0,0.0
2021-04-08 00:00:00-04:00,8.234793760850733,8.257957715148633,8.092914471742068,8.136346817016602,1855100,0.0,0.0
2021-04-09 00:00:00-04:00,8.142139272208093,8.173989369394524,8.095810803780665,8.165303230285645,886500,0.0,0.0
2021-04-12 00:00:00-04:00,8.171095546641261,8.286915913979545,8.153722712449495,8.188468933105469,1383500,0.0,0.0
2021-04-13 00:00:00-04:00,8.194257763678342,8.257959062595852,8.118975314130541,8.165303230285645,1122500,0.0,0.0
2021-04-14 00:00:00-04:00,8.171092375258246,8.240584237326411,8.171092375258246,8.234793663024902,705100,0.0,0.0
2021-04-15 00:00:00-04:00,8.292705401227785,8.327451617319618,8.24058635322622,8.286914825439453,1616400,0.0,0.0
2021-04-16 00:00:00-04:00,8.298496782224214,8.350615831814352,8.257959989108501,8.304287910461426,1628900,0.0,0.0
2021-04-19 00:00:00-04:00,8.333240964027118,8.350613792223152,8.252166845325211,8.292703628540039,1259700,0.0,0.0
2021-04-20 00:00:00-04:00,8.281123041947858,8.286914169550204,8.20584003993433,8.269540786743164,1254200,0.0,0.0
2021-04-21 00:00:00-04:00,8.25216860934762,8.304287657349185,8.24637748128692,8.286914825439453,740800,0.0,0.0
2021-04-22 00:00:00-04:00,8.281123041947858,8.304287000084917,8.217421742866696,8.269540786743164,1138700,0.0,0.0
2021-04-23 00:00:00-04:00,8.269540048908524,8.350614171290708,8.205839307783272,8.321659088134766,1684300,0.0,0.0
2021-04-26 00:00:00-04:00,8.37956918933075,8.425897101111342,8.350614106399812,8.385359764099121,2093300,0.0,0.0
2021-04-27 00:00:00-04:00,8.391152173618007,8.391152173618007,8.32745142325193,8.339033126831055,1219500,0.0,0.0
2021-04-28 00:00:00-04:00,8.339032504907806,8.46064342091686,8.339032504907806,8.40273380279541,1659500,0.0,0.0
2021-04-29 00:00:00-04:00,8.460642880216191,8.478016261587417,8.391151011548132,8.396942138671875,1054000,0.0,0.0
2021-04-30 00:00:00-04:00,8.396944632044395,8.414317466301995,8.356407834685845,8.367989540100098,1203500,0.0,0.0
2021-05-03 00:00:00-04:00,8.414314270019531,8.437478224321362,8.362195234772352,8.414314270019531,1560400,0.0,0.0
2021-05-04 00:00:00-04:00,8.42589642416027,8.42589642416027,8.298494400863202,8.373777389526367,1300200,0.0,0.0
2021-05-05 00:00:00-04:00,8.367988078829532,8.373779206661597,8.31586903288564,8.333242416381836,1067200,0.0,0.0
2021-05-06 00:00:00-04:00,8.310077559901753,8.339032091390518,8.107392525846672,8.15951156616211,2154800,0.0,0.0
2021-05-07 00:00:00-04:00,8.130555473729432,8.256799380266076,8.124764347241207,8.223211288452148,1249200,0.0,0.0
2021-05-10 00:00:00-04:00,8.229002571936471,8.246375399460371,8.061063766479492,8.061063766479492,1663300,0.0,0.0
2021-05-11 00:00:00-04:00,8.026317755654048,8.049481710343741,7.904706855465097,8.003153800964355,1617700,0.0,0.0
2021-05-12 00:00:00-04:00,8.014736767627415,8.072646383368548,7.800470029613412,7.846797943115234,1541500,0.0,0.0
2021-05-13 00:00:00-04:00,7.869962345210898,8.090020222933319,7.858380090043881,8.05527400970459,1455500,0.0,0.0
2021-05-14 00:00:00-04:00,8.07843643987985,8.234793541428598,8.07843643987985,8.223211288452148,1334400,0.0,0.0
2021-05-17 00:00:00-04:00,8.240586280822754,8.263750792862027,8.136348738007847,8.240586280822754,1044800,0.0,0.0
2021-05-18 00:00:00-04:00,8.269540694469455,8.298495779885773,8.22900390625,8.22900390625,839800,0.0,0.0
2021-05-19 00:00:00-04:00,8.147930513344493,8.292705401227785,8.13924437352581,8.286914825439453,823700,0.0,0.0
2021-05-20 00:00:00-04:00,8.31007887383802,8.33903340990489,8.260855389343016,8.327451705932617,853500,0.0,0.0
2021-05-21 00:00:00-04:00,8.339030803619279,8.34482192993164,8.289807334508607,8.34482192993164,720400,0.0,0.0
2021-05-24 00:00:00-04:00,8.356405298376352,8.373778127361007,8.281122303079812,8.321659088134766,1620600,0.0,0.0
2021-05-25 00:00:00-04:00,8.344822023245543,8.344822023245543,8.229002257064188,8.24637508392334,956100,0.0,0.0
2021-05-26 00:00:00-04:00,8.269541529254127,8.327451705932617,8.246377569037206,8.327451705932617,723300,0.0,0.0
2021-05-27 00:00:00-04:00,8.327451705932617,8.344824538027215,8.298496617593372,8.327451705932617,809200,0.0,0.0
2021-05-28 00:00:00-04:00,8.310078591747065,8.344824254756794,8.304287463821325,8.339033126831055,1111400,0.0,0.0
2021-06-01 00:00:00-04:00,8.443270051117247,8.478016261587417,8.373778182449188,8.396942138671875,1157100,0.0,0.0
2021-06-02 00:00:00-04:00,8.402732689957022,8.460642300409058,8.315867445870607,8.425896644592285,1104900,0.0,0.0
2021-06-03 00:00:00-04:00,8.425897852888877,8.495389726759987,8.39983833115317,8.443270683288574,1284400,0.0,0.0
2021-06-04 00:00:00-04:00,8.45485347533722,8.478017434765308,8.428793951946577,8.44906234741211,1373700,0.0,0.0
2021-06-07 00:00:00-04:00,8.489597857628695,8.535925769495986,8.47222502874653,8.495388984680176,1567300,0.0,0.0
2021-06-08 00:00:00-04:00,8.501179695129395,8.527239213311727,8.483806314826344,8.501179695129395,1716100,0.0,0.0
2021-06-09 00:00:00-04:00,8.518553036096446,8.563143499893641,8.49538907990316,8.53592586517334,1218300,0.0,0.0
2021-06-10 00:00:00-04:00,8.541716896547465,8.570671979532587,8.47801615579801,8.495388984680176,1234200,0.0,0.0
2021-06-11 00:00:00-04:00,8.51276064418639,8.593834754953342,8.48380556517875,8.582252502441406,1055000,0.0,0.0
2021-06-14 00:00:00-04:00,8.58804349204764,8.616998570594559,8.561983976582635,8.576461791992188,1569500,0.0,0.0
2021-06-15 00:00:00-04:00,8.576461791992188,8.593834618211462,8.541715587281448,8.576461791992188,1320900,0.0,0.0
2021-06-16 00:00:00-04:00,8.57646353771394,8.66911936610623,8.570672410371346,8.599627494812012,1992400,0.0,0.0
2021-06-17 00:00:00-04:00,8.564880852481108,8.593835935466233,8.460642774643572,8.495388984680176,1248900,0.0,0.0
2021-06-18 00:00:00-04:00,8.44906263992433,8.472226600154368,8.211631909498333,8.217422485351562,2559100,0.0,0.0
2021-06-21 00:00:00-04:00,8.310078590843586,8.472226306840197,8.286914631415499,8.44906234741211,1490000,0.0,0.0
2021-06-22 00:00:00-04:00,8.42589642416027,8.42589642416027,8.275330446833937,8.373777389526367,1421300,0.0,0.0
2021-06-23 00:00:00-04:00,8.396941563230145,8.460642300409058,8.365090918504569,8.425896644592285,1097600,0.0,0.0
2021-06-24 00:00:00-04:00,8.47801689636029,8.483807471645308,8.431688980446216,8.443270683288574,1016000,0.0,0.0
2021-06-25 00:00:00-04:00,8.454851920653267,8.5214482227292,8.443269666932798,8.506970405578613,1537800,0.0,0.0
2021-06-28 00:00:00-04:00,8.512759332524633,8.530132156343502,8.449058610340709,8.524341583251953,1521400,0.0,0.0
2021-06-29 00:00:00-04:00,8.548007177317034,8.607163162771759,8.465189474664365,8.471104621887207,1340000,0.31,0.0
2021-06-30 00:00:00-04:00,8.471104795819555,8.471104795819555,8.40603366180592,8.441527366638184,1432800,0.0,0.0
2021-07-01 00:00:00-04:00,8.45335623429607,8.559836759558127,8.438567523188858,8.51251220703125,1346600,0.0,0.0
2021-07-02 00:00:00-04:00,8.524343693428271,8.636739937105741,8.482934847943522,8.618992805480957,2095300,0.0,0.0
2021-07-06 00:00:00-04:00,8.636741492965939,8.660403775241736,8.542091799709436,8.601247787475586,1451200,0.0,0.0
2021-07-07 00:00:00-04:00,8.589417917482342,8.613080202482841,8.506599637903902,8.536177635192871,875900,0.0,0.0
2021-07-08 00:00:00-04:00,8.459271354867742,8.553920453325336,8.370537401948903,8.530258178710938,1143100,0.0,0.0
2021-07-09 00:00:00-04:00,8.542089616569212,8.589414733179026,8.471102787884242,8.577583312988281,1151400,0.0,0.0
2021-07-12 00:00:00-04:00,8.553920080374063,8.672231448287674,8.54208866150615,8.642653465270996,1098000,0.0,0.0
2021-07-13 00:00:00-04:00,8.624908685874058,8.624908685874058,8.56575270759956,8.589415550231934,775400,0.0,0.0
2021-07-14 00:00:00-04:00,8.583501672462427,8.61307966791565,8.52434568155598,8.54800796508789,713100,0.0,0.0
2021-07-15 00:00:00-04:00,8.54209108278008,8.580542640846868,8.494766522200388,8.518428802490234,815500,0.0,0.0
2021-07-16 00:00:00-04:00,8.518430677334162,8.565164015580399,8.453359533253721,8.459275245666504,757900,0.0,0.0
2021-07-19 00:00:00-04:00,8.429696182852773,8.429696182852773,8.26997535280513,8.358709335327148,1851600,0.0,0.0
2021-07-20 00:00:00-04:00,8.370540519624157,8.524345643980267,8.340963088454652,8.488852500915527,850900,0.0,0.0
2021-07-21 00:00:00-04:00,8.536174470627007,8.589414733179026,8.518427340340889,8.577583312988281,741000,0.0,0.0
2021-07-22 00:00:00-04:00,8.571670318999303,8.571670318999303,8.500683467820718,8.542092323303223,677100,0.0,0.0
2021-07-23 00:00:00-04:00,8.571668693941618,8.577584404789974,8.5302598463096,8.565752983093262,547900,0.0,0.0
2021-07-26 00:00:00-04:00,8.56575482010952,8.589417668577692,8.542092535794705,8.571670532226562,713200,0.0,0.0
2021-07-27 00:00:00-04:00,8.56575482010952,8.589417668577692,8.518430251479892,8.571670532226562,806200,0.0,0.0
2021-07-28 00:00:00-04:00,8.577584485220047,8.636740465951828,8.49180836957429,8.607162475585938,854500,0.0,0.0
2021-07-29 00:00:00-04:00,8.672233312417786,8.672233312417786,8.559837629778244,8.583499908447266,538700,0.0,0.0
2021-07-30 00:00:00-04:00,8.577583325717415,8.607161312085005,8.497722931770872,8.51251220703125,570200,0.0,0.0
2021-08-02 00:00:00-04:00,8.548005339349825,8.577583325717415,8.477018510559509,8.51251220703125,725900,0.0,0.0
2021-08-03 00:00:00-04:00,8.518430039577028,8.548008035273108,8.450401044383385,8.542092323303223,728800,0.0,0.0
2021-08-04 00:00:00-04:00,8.518430819777418,8.518430819777418,8.423781676203753,8.447443962097168,802000,0.0,0.0
2021-08-05 00:00:00-04:00,8.530261393477293,8.577585960541114,8.512514821866695,8.54800796508789,928900,0.0,0.0
2021-08-06 00:00:00-04:00,8.577583312988281,8.61307700940735,8.548005326664585,8.577583312988281,1058800,0.0,0.0
2021-08-09 00:00:00-04:00,8.577584404789974,8.607162394878518,8.565752983093262,8.565752983093262,808800,0.0,0.0
2021-08-10 00:00:00-04:00,8.553922205757983,8.660402745413892,8.548006494854157,8.607162475585938,647800,0.0,0.0
2021-08-11 00:00:00-04:00,8.630824755048002,8.636740465951828,8.586458051575788,8.607162475585938,667800,0.0,0.0
2021-08-12 00:00:00-04:00,8.583499889248342,8.713642139560251,8.583499889248342,8.648571014404297,1010400,0.0,0.0
2021-08-13 00:00:00-04:00,8.695897032454518,8.755053021008942,8.654488178958413,8.701812744140625,1717700,0.0,0.0
2021-08-16 00:00:00-04:00,8.695895552476664,8.771615069542621,8.648570995348747,8.713642120361328,1087600,0.0,0.0
2021-08-17 00:00:00-04:00,8.695896172375878,8.716600597076134,8.595331340271843,8.63082504272461,951400,0.0,0.0
2021-08-18 00:00:00-04:00,8.618993044374184,8.660402455159888,8.583499908447266,8.583499908447266,1176000,0.0,0.0
2021-08-19 00:00:00-04:00,8.577583929060092,8.577583929060092,8.311383161333696,8.382369995117188,2239400,0.0,0.0
2021-08-20 00:00:00-04:00,8.382372049189742,8.548008035273108,8.352794053493662,8.542092323303223,1254000,0.0,0.0
2021-08-23 00:00:00-04:00,8.542092535794705,8.619586897729237,8.459274822769537,8.571670532226562,1738100,0.0,0.0
2021-08-24 00:00:00-04:00,8.58941588570793,8.695895860946301,8.577584463929643,8.672233581542969,1642600,0.0,0.0
2021-08-25 00:00:00-04:00,8.73139176617148,8.760969763930255,8.67815148303636,8.695898056030273,1329200,0.0,0.0
2021-08-26 00:00:00-04:00,8.707726942627714,8.725473510448776,8.58349983957384,8.589415550231934,1081000,0.0,0.0
2021-08-27 00:00:00-04:00,8.601246438220828,8.73730496307851,8.601246438220828,8.713642120361328,1141600,0.0,0.0
2021-08-30 00:00:00-04:00,8.743219989735453,8.749135700333643,8.660402297973633,8.660402297973633,987500,0.0,0.0
2021-08-31 00:00:00-04:00,8.660402964570128,8.678149533577452,8.618993551348696,8.636740684509277,998700,0.0,0.0
2021-09-01 00:00:00-04:00,8.672234889380785,8.737306590668176,8.630826035218501,8.689981460571289,1145500,0.0,0.0
2021-09-02 00:00:00-04:00,8.695894329049736,8.766881154754465,8.67814776366184,8.737303733825684,1533500,0.0,0.0
2021-09-03 00:00:00-04:00,8.749134589366568,8.75505029921358,8.701810038896749,8.737303733825684,819500,0.0,0.0
2021-09-07 00:00:00-04:00,8.731389804752679,8.737305515806206,8.601246982341372,8.636740684509277,1896700,0.0,0.0
2021-09-08 00:00:00-04:00,8.618993471859225,8.65744502919927,8.553922343330324,8.595331192016602,1133300,0.0,0.0
2021-09-09 00:00:00-04:00,8.577584771122089,8.67223389212512,8.56575334892008,8.63082504272461,1060100,0.0,0.0
2021-09-10 00:00:00-04:00,8.648571462700817,8.66631803154447,8.589416045170886,8.595331192016602,897800,0.0,0.0
2021-09-13 00:00:00-04:00,8.630824396532152,8.642655253695121,8.539133137944575,8.589415550231934,1333300,0.0,0.0
2021-09-14 00:00:00-04:00,8.583499908447266,8.654486744454326,8.565752776330582,8.583499908447266,1323200,0.0,0.0
2021-09-15 00:00:00-04:00,8.589414733179026,8.61307700940735,8.565751892797536,8.577583312988281,1553500,0.0,0.0
2021-09-16 00:00:00-04:00,8.583499688139346,8.624908533709009,8.542090278416476,8.553921699523926,1593400,0.0,0.0
2021-09-17 00:00:00-04:00,8.548008495616434,8.571670780616936,8.494768213326964,8.536177635192871,1792100,0.0,0.0
2021-09-20 00:00:00-04:00,8.429697598058418,8.477022171020508,8.364626451273896,8.477022171020508,1958000,0.0,0.0
2021-09-21 00:00:00-04:00,8.512512853954265,8.583499688139346,8.512512853954265,8.553921699523926,1221800,0.0,0.0
2021-09-22 00:00:00-04:00,8.61307966791565,8.624910527604936,8.54800796508789,8.54800796508789,1318100,0.0,0.0
2021-09-23 00:00:00-04:00,8.571667018247853,8.59237143801631,8.524342469019055,8.530258178710938,1491000,0.0,0.0
2021-09-24 00:00:00-04:00,8.518426759327175,8.577582727939735,8.494764484712777,8.530258178710938,1212400,0.0,0.0
2021-09-27 00:00:00-04:00,8.530261463516798,8.577586030969188,8.506599179790603,8.542092323303223,2059700,0.0,0.0
2021-09-28 00:00:00-04:00,8.518429184589673,8.540908436496336,8.420822203496678,8.471104621887207,1787900,0.0,0.0
2021-09-29 00:00:00-04:00,8.537616102529759,8.567848569739912,8.506174428893015,8.54970932006836,1400500,0.31,0.0
2021-09-30 00:00:00-04:00,8.555755025039941,8.610173348610058,8.519476527084082,8.537615776062012,2649100,0.0,0.0
2021-10-01 00:00:00-04:00,8.622267211879443,8.62831382087069,8.483198088262615,8.543663024902344,1794600,0.0,0.0
2021-10-04 00:00:00-04:00,8.543662106794695,8.567847963524285,8.47110453660593,8.513429641723633,1856800,0.0,0.0
2021-10-05 00:00:00-04:00,8.525521481451033,8.643427441885267,8.519474874086145,8.592032432556152,1522100,0.0,0.0
2021-10-06 00:00:00-04:00,8.537617233413792,8.61622142791748,8.519477981339534,8.61622142791748,943700,0.0,0.0
2021-10-07 00:00:00-04:00,8.64645142389359,8.697846437254714,8.56784725189209,8.56784725189209,1124600,0.0,0.0
2021-10-08 00:00:00-04:00,8.585986986743004,8.688777019307144,8.567847738830595,8.676684379577637,1237100,0.0,0.0
2021-10-11 00:00:00-04:00,8.670638485584114,8.694824343671582,8.610173552047275,8.62226676940918,985700,0.0,0.0
2021-10-12 00:00:00-04:00,8.610173189412109,8.6827307606186,8.573894692127022,8.640405654907227,1354100,0.0,0.0
2021-10-13 00:00:00-04:00,8.634358615579531,8.73714864715136,8.634358615579531,8.719009399414062,945100,0.0,0.0
2021-10-14 00:00:00-04:00,8.73714864715136,8.749241863400416,8.700870151676765,8.719009399414062,781900,0.0,0.0
2021-10-15 00:00:00-04:00,8.761334503013185,8.761334503013185,8.706916183165006,8.719009399414062,1092700,0.0,0.0
2021-10-18 00:00:00-04:00,8.70691590430115,8.725055728093755,8.688776657144814,8.694823265075684,758300,0.0,0.0
2021-10-19 00:00:00-04:00,8.700871377862894,8.773428955673678,8.694824768886237,8.743196487426758,1036600,0.0,0.0
2021-10-20 00:00:00-04:00,8.761336052399683,8.773429270787348,8.715987636718719,8.737150192260742,1052300,0.0,0.0
2021-10-21 00:00:00-04:00,8.7371498784501,8.767382346697019,8.706917410203182,8.743196487426758,1311600,0.0,0.0
2021-10-22 00:00:00-04:00,8.761336052399683,8.767382661593516,8.73110358306691,8.737150192260742,888000,0.0,0.0
2021-10-25 00:00:00-04:00,8.749243057767693,8.809707417358156,8.719010589654278,8.773428916931152,959000,0.0,0.0
2021-10-26 00:00:00-04:00,8.797614499398339,8.80366110815812,8.74319617383299,8.749242782592773,866200,0.0,0.0
2021-10-27 00:00:00-04:00,8.731102123314862,8.737148731497763,8.664591163211835,8.676684379577637,872100,0.0,0.0
2021-10-28 00:00:00-04:00,8.676686382144553,8.809708333051885,8.643430606099505,8.803662300109863,1252600,0.0,0.0
2021-10-29 00:00:00-04:00,8.78552007749363,8.803659901286235,8.667614106023045,8.694823265075684,1641000,0.0,0.0
2021-11-01 00:00:00-04:00,8.755288726870853,8.797614411128313,8.740172781759409,8.7915678024292,1201900,0.0,0.0
2021-11-02 00:00:00-04:00,8.791567525489066,8.827846599904598,8.682730878878797,8.76738166809082,1730300,0.0,0.0
2021-11-03 00:00:00-04:00,8.749243174482016,8.803661502484827,8.670638986993108,8.682731628417969,1342400,0.0,0.0
2021-11-04 00:00:00-04:00,8.767382307981196,8.806684112883179,8.640406403213944,8.773428916931152,1888100,0.0,0.0
2021-11-05 00:00:00-04:00,8.797614336877922,8.852032661437988,8.761335261625765,8.852032661437988,1876600,0.0,0.0
2021-11-08 00:00:00-05:00,8.882265365109106,8.939706999255435,8.845986863169818,8.906451225280762,1989000,0.0,0.0
2021-11-09 00:00:00-05:00,8.88831095508205,8.918543420988938,8.731102593675288,8.76738166809082,2351700,0.0,0.0
2021-11-10 00:00:00-05:00,8.737151065103607,8.76738353745661,8.561803417419933,8.628314971923828,2749300,0.0,0.0
2021-11-11 00:00:00-05:00,8.80970677437867,8.80970677437867,8.72505656180297,8.76738166809082,1456700,0.0,0.0
2021-11-12 00:00:00-05:00,8.767380385658528,8.773426993282715,8.719008677937518,8.755287170410156,1037600,0.0,0.0
2021-11-15 00:00:00-05:00,8.767381754961619,8.773428363530174,8.71901003968584,8.725056648254395,1288900,0.0,0.0
2021-11-16 00:00:00-05:00,8.725055728093755,8.767380830337295,8.694823265075684,8.694823265075684,1506300,0.0,0.0
2021-11-17 00:00:00-05:00,8.706916267219553,8.731102123314862,8.652498523482327,8.676684379577637,1467800,0.0,0.0
2021-11-18 00:00:00-05:00,8.658545268222209,8.670638485584114,8.56180183587234,8.62226676940918,1756500,0.0,0.0
2021-11-19 00:00:00-05:00,8.598081708951037,8.63375589618721,8.480175135279842,8.507384300231934,1925300,0.0,0.0
2021-11-22 00:00:00-05:00,8.537616769804968,8.579941881225379,8.495291658384557,8.507384300231934,1474500,0.0,0.0
2021-11-23 00:00:00-05:00,8.507383635319606,8.604127069083015,8.489244385648053,8.54970932006836,1733500,0.0,0.0
2021-11-24 00:00:00-05:00,8.54366072690948,8.628311500109264,8.513428266721256,8.592032432556152,908200,0.0,0.0
2021-11-26 00:00:00-05:00,8.495290443014767,8.537615548379982,8.399756221878775,8.501337051391602,1506300,0.0,0.0
2021-11-29 00:00:00-05:00,8.598081708951037,8.6162209600403,8.48924504914267,8.507384300231934,1775800,0.0,0.0
2021-11-30 00:00:00-05:00,8.507383787549166,8.522500309742911,8.362268634307389,8.428779602050781,2856300,0.0,0.0
2021-12-01 00:00:00-05:00,8.525524313360922,8.61017453804262,8.422734260559082,8.422734260559082,1913800,0.0,0.0
2021-12-02 00:00:00-05:00,8.465058527207201,8.622266895390917,8.4590119184379,8.54970932006836,2040900,0.0,0.0
2021-12-03 00:00:00-05:00,8.55575533930038,8.585987806464946,8.459011905682846,8.531569480895996,1296300,0.0,0.0
2021-12-06 00:00:00-05:00,8.555754522464794,8.697846931581495,8.525522634822877,8.676684379577637,1547200,0.0,0.0
2021-12-07 00:00:00-05:00,8.688777961636621,8.700871179313976,8.640406244199914,8.65854549407959,1230100,0.0,0.0
2021-12-08 00:00:00-05:00,8.646452614302554,8.694824330403677,8.604126930236816,8.604126930236816,1151700,0.0,0.0
2021-12-09 00:00:00-05:00,8.610173538908542,8.646452614302554,8.585987680857981,8.604126930236816,855600,0.0,0.0
2021-12-10 00:00:00-05:00,8.658544903549771,8.676684728828631,8.616219797838395,8.640405654907227,1300300,0.0,0.0
2021-12-13 00:00:00-05:00,8.640406687791035,8.646453296940141,8.579941749572754,8.579941749572754,1051600,0.0,0.0
2021-12-14 00:00:00-05:00,8.561803316100908,8.58598917836981,8.452966647572635,8.483199119567871,1666000,0.0,0.0
2021-12-15 00:00:00-05:00,8.501336295569095,8.592033106612838,8.416685515728341,8.56784725189209,1647800,0.0,0.0
2021-12-16 00:00:00-05:00,8.592033870498865,8.610173118993055,8.495290443014767,8.501337051391602,1361800,0.0,0.0
2021-12-17 00:00:00-05:00,8.495289192490883,8.54970750659928,8.410638417584908,8.459010124206543,2469600,0.0,0.0
2021-12-20 00:00:00-05:00,8.40459351817527,8.425756648679947,8.283664227044556,8.392500877380371,1953000,0.0,0.0
2021-12-21 00:00:00-05:00,8.465058837925245,8.585988134568332,8.45296561994275,8.543663024902344,1300800,0.0,0.0
2021-12-22 00:00:00-05:00,8.543662859432633,8.646452903747559,8.525523609446575,8.646452903747559,1166400,0.0,0.0
2021-12-23 00:00:00-05:00,8.66459044240714,8.731101396977142,8.64645119600373,8.71296215057373,1087000,0.0,0.0
2021-12-27 00:00:00-05:00,8.7371498784501,8.776452260162007,8.682731550932921,8.743196487426758,1432600,0.0,0.0
2021-12-28 00:00:00-05:00,8.73110203902683,8.791566966999538,8.706916183165006,8.719009399414062,1631700,0.0,0.0
2021-12-29 00:00:00-05:00,8.71901026512323,8.79761444863783,8.70691704767344,8.761335372924805,1720300,0.0,0.0
2021-12-30 00:00:00-05:00,8.767512582387447,8.829299377926992,8.71190517349292,8.718083381652832,1243600,0.31,0.0
2021-12-31 00:00:00-05:00,8.71190700110046,8.79222902721247,8.681013596849786,8.748978614807129,1432700,0.0,0.0
2022-01-03 00:00:00-05:00,8.748977454420814,8.813853653666898,8.748977454420814,8.804585456848145,1608100,0.0,0.0
2022-01-04 00:00:00-05:00,8.84783626717477,8.974498683263374,8.835479260095276,8.940516471862793,1632900,0.0,0.0
2022-01-05 00:00:00-05:00,8.989944940595619,8.989944940595619,8.841657332360278,8.847835540771484,1409000,0.0,0.0
2022-01-06 00:00:00-05:00,8.878730012195373,8.949784426068302,8.847836609437643,8.860194206237793,1050200,0.0,0.0
2022-01-07 00:00:00-05:00,8.847835963866926,8.986855971511979,8.847835963866926,8.946694374084473,1792800,0.0,0.0
2022-01-10 00:00:00-05:00,8.989943513426686,9.014658110875759,8.912710322743026,8.952871322631836,1368600,0.0,0.0
2022-01-11 00:00:00-05:00,8.977588290084965,9.101161309952513,8.965231282719529,9.094983100891113,1487400,0.0,0.0
2022-01-12 00:00:00-05:00,9.082626285713076,9.149973778839035,9.054822280195411,9.076447486877441,1177900,0.0,0.0
2022-01-13 00:00:00-05:00,9.138234572484587,9.138234572484587,8.946695927499281,9.027018547058105,1304200,0.0,0.0
2022-01-14 00:00:00-05:00,9.020838045125577,9.057909651352876,8.959051249090002,8.97140884399414,1902600,0.0,0.0
2022-01-18 00:00:00-05:00,8.971412350288945,9.057913191454782,8.946697150821235,8.977590560913086,1897400,0.0,0.0
2022-01-19 00:00:00-05:00,9.00848129162465,9.017749488668414,8.943605680046137,8.959052085876465,1254900,0.0,0.0
2022-01-20 00:00:00-05:00,9.002302377142495,9.051731582251268,8.94051616537783,8.946694374084473,1833800,0.0,0.0
2022-01-21 00:00:00-05:00,8.92815858571583,8.971409582196614,8.786049768080321,8.816943168640137,1715900,0.0,0.0
2022-01-24 00:00:00-05:00,8.7304421048141,8.767513715535065,8.45858087639476,8.736620903015137,3131500,0.0,0.0
2022-01-25 00:00:00-05:00,8.681016011419047,8.921983335263949,8.613050385314821,8.823124885559082,1859000,0.0,0.0
2022-01-26 00:00:00-05:00,8.866373902067066,8.977589338312102,8.804587090297717,8.854016304016113,1432900,0.0,0.0
2022-01-27 00:00:00-05:00,8.909620470853106,9.033193451807858,8.878727078303806,8.891084671020508,2266500,0.0,0.0
2022-01-28 00:00:00-05:00,8.835481008279324,8.97758985864554,8.810766399987688,8.965232849121094,1679500,0.0,0.0
2022-01-31 00:00:00-05:00,8.977589366708589,9.082626593503091,8.940517750923886,9.070269584655762,2113100,0.0,0.0
2022-02-01 00:00:00-05:00,9.070269255319776,9.156770081838427,9.011571845008772,9.113519668579102,2141700,0.0,0.0
2022-02-02 00:00:00-05:00,9.150591872260444,9.156770081838427,9.085715663128767,9.113519668579102,1454400,0.0,0.0
2022-02-03 00:00:00-05:00,9.082625446730233,9.156769258180944,9.045553835626194,9.088804244995117,1250200,0.0,0.0
2022-02-04 00:00:00-05:00,9.091894269593464,9.187663292316952,9.039375659214262,9.132055282592773,1880100,0.0,0.0
2022-02-07 00:00:00-05:00,9.212375582109921,9.24326897855128,9.150589378469732,9.206196784973145,1876100,0.0,0.0
2022-02-08 00:00:00-05:00,9.237092267831917,9.24944986489673,9.16603785243723,9.224735260009766,1687500,0.0,0.0
2022-02-09 00:00:00-05:00,9.237092267831917,9.246360465630527,9.159859053904825,9.224735260009766,1291700,0.0,0.0
2022-02-10 00:00:00-05:00,9.181484145183138,9.24327095125241,9.138233734480238,9.212377548217773,1841700,0.0,0.0
2022-02-11 00:00:00-05:00,9.200019836425781,9.24635964280979,9.144411833067927,9.200019836425781,2134100,0.0,0.0
2022-02-14 00:00:00-05:00,9.193842285519768,9.20002108434044,9.07335865473011,9.113519668579102,1160200,0.0,0.0
2022-02-15 00:00:00-05:00,9.175305652975597,9.187662660262731,9.076446648465348,9.088804244995117,966700,0.0,0.0
2022-02-16 00:00:00-05:00,9.09498163976741,9.190750641123982,9.09498163976741,9.156767845153809,1294300,0.0,0.0
2022-02-17 00:00:00-05:00,9.113519999485483,9.150592204512893,9.070269584655762,9.070269584655762,1285000,0.0,0.0
2022-02-18 00:00:00-05:00,9.064091487120834,9.101163105774672,9.033198078747466,9.082627296447754,1254600,0.0,0.0
2022-02-22 00:00:00-05:00,9.057908303872146,9.098069892093482,8.989943309737729,9.045551300048828,2118400,0.0,0.0
2022-02-23 00:00:00-05:00,9.070265905247767,9.122784497340536,8.983764521435422,9.008479118347168,1629600,0.0,0.0
2022-02-24 00:00:00-05:00,8.786050289064546,9.25253895637548,8.730442282608022,9.230913162231445,3843300,0.0,0.0
2022-02-25 00:00:00-05:00,9.26798501965569,9.353250194286124,9.237091618408314,9.311235427856445,2561200,0.0,0.0
2022-02-28 00:00:00-05:00,9.224732966166016,9.311233767139568,9.181481976436729,9.298876762390137,1483700,0.0,0.0
2022-03-01 00:00:00-05:00,9.292700789816468,9.342130002322724,9.193842364803956,9.25562858581543,1808400,0.0,0.0
2022-03-02 00:00:00-05:00,9.25562858581543,9.345219401759701,9.243271577310212,9.25562858581543,3249400,0.0,0.0
2022-03-03 00:00:00-05:00,9.280342882864431,9.317414494033807,9.230913085900871,9.26180648803711,2421400,0.0,0.0
2022-03-04 00:00:00-05:00,9.267985886134372,9.267985886134372,9.132055261483119,9.169127464294434,2094400,0.0,0.0
2022-03-07 00:00:00-05:00,9.169125947857301,9.192604907547617,8.841657332360278,8.847835540771484,2727100,0.0,0.0
2022-03-08 00:00:00-05:00,8.85401325555504,8.952871648954615,8.798405261957155,8.872549057006836,2192900,0.0,0.0
2022-03-09 00:00:00-05:00,8.965230866734029,9.073357475067063,8.951637628944399,8.996124267578125,1718200,0.0,0.0
2022-03-10 00:00:00-05:00,8.983768658029135,9.014662065704364,8.940518240829459,8.965232849121094,1420900,0.0,0.0
2022-03-11 00:00:00-05:00,8.983766840406002,9.002302645563823,8.847836227682535,8.897265434265137,1926000,0.0,0.0
2022-03-14 00:00:00-04:00,8.918890726934878,8.971409329635291,8.79222772928116,8.829299926757812,2923700,0.0,0.0
2022-03-15 00:00:00-04:00,8.847835540771484,8.872550142144041,8.795316939199479,8.847835540771484,2290200,0.0,0.0
2022-03-16 00:00:00-04:00,8.928160124593706,8.940517722644659,8.730443269720125,8.854016304016113,2384300,0.0,0.0
2022-03-17 00:00:00-04:00,8.835478246261411,9.00848045022144,8.798406050791554,8.97140884399414,3125300,0.0,0.0
2022-03-18 00:00:00-04:00,8.928156725182765,9.033193911651942,8.884906326957509,8.952871322631836,5415800,0.0,0.0
2022-03-21 00:00:00-04:00,9.00848017502118,9.218554568033497,9.002301377757867,9.187661170959473,2911900,0.0,0.0
2022-03-22 00:00:00-04:00,9.206198807125855,9.246360408093922,9.147501989161226,9.21855640411377,2166300,0.0,0.0
2022-03-23 00:00:00-04:00,9.21855546668905,9.261805873263356,9.147501058961952,9.181483268737793,2051300,0.0,0.0
2022-03-24 00:00:00-04:00,9.181484202392681,9.243271008846945,9.162948396153464,9.21855640411377,1622600,0.0,0.0
2022-03-25 00:00:00-04:00,9.21855708449293,9.292700904164667,9.212378285542945,9.267986297607422,2315600,0.0,0.0
2022-03-28 00:00:00-04:00,9.267986297607422,9.280343895507393,9.206199486592958,9.267986297607422,2980900,0.0,0.0
2022-03-29 00:00:00-04:00,9.292700904164667,9.311236711771926,9.243271691050175,9.267986297607422,2236600,0.0,0.0
2022-03-30 00:00:00-04:00,9.343693702583403,9.400474588761668,9.261676064756207,9.35000228881836,3359300,0.31,0.0
2022-03-31 00:00:00-04:00,9.343691811615138,9.40047268630214,9.318455666750753,9.324764251708984,2901200,0.0,0.0
2022-04-01 00:00:00-04:00,9.343694952348768,9.41940341239011,9.324767386080415,9.381548881530762,3015100,0.0,0.0
2022-04-04 00:00:00-04:00,9.394165758064952,9.394165758064952,9.230130486679206,9.242748260498047,2664400,0.0,0.0
2022-04-05 00:00:00-04:00,9.249057739395928,9.350002339833313,9.236439965179896,9.31845760345459,2784200,0.0,0.0
2022-04-06 00:00:00-04:00,9.305837293479984,9.337382624979753,9.280601148615599,9.324764251708984,1926600,0.0,0.0
2022-04-07 00:00:00-04:00,9.36261872471567,9.413091014201159,9.32160961346049,9.400472640991211,2094300,0.0,0.0
2022-04-08 00:00:00-04:00,9.406784645425939,9.469875327020375,9.406784645425939,9.450947761535645,2918400,0.0,0.0
2022-04-11 00:00:00-04:00,9.444640210223824,9.501421709548847,9.362622555829615,9.39416790008545,2649600,0.0,0.0
2022-04-12 00:00:00-04:00,9.400475524737757,9.46987539532769,9.368930785390335,9.375239372253418,2325200,0.0,0.0
2022-04-13 00:00:00-04:00,9.39416711958525,9.545584037420129,9.362621777950311,9.532965660095215,2014700,0.0,0.0
2022-04-14 00:00:00-04:00,9.551893179811916,9.596056296880487,9.523502432645737,9.5834379196167,2059600,0.0,0.0
2022-04-18 00:00:00-04:00,9.60867407246693,9.671764755431186,9.56451095539836,9.5834379196167,3874700,0.0,0.0
2022-04-19 00:00:00-04:00,9.469872797138347,9.507726714640446,9.383438863216417,9.476181983947754,4214400,0.0,0.0
2022-04-20 00:00:00-04:00,9.583439855151685,9.614985203004919,9.539276729163635,9.55820369720459,3700200,0.0,0.0
2022-04-21 00:00:00-04:00,9.570819001445741,9.592900557343883,9.4446382522583,9.4446382522583,2238400,0.0,0.0
2022-04-22 00:00:00-04:00,9.43202000908843,9.441483791039497,9.24905776977539,9.24905776977539,2351000,0.0,0.0
2022-04-25 00:00:00-04:00,9.211202537221702,9.356310229800668,9.085021202502537,9.337383270263672,3516000,0.0,0.0
2022-04-26 00:00:00-04:00,9.305839778854194,9.31845815549504,9.028242111206055,9.028242111206055,3381200,0.0,0.0
2022-04-27 00:00:00-04:00,9.04716706549993,9.255365420423388,9.04716706549993,9.179656982421875,2982700,0.0,0.0
2022-04-28 00:00:00-04:00,9.211205114226212,9.293222162391379,9.129187464383683,9.25536823272705,1856400,0.0,0.0
2022-04-29 00:00:00-04:00,9.286912815570242,9.312148967174618,9.021932922885632,9.028242111206055,2153900,0.0,0.0
2022-05-02 00:00:00-04:00,9.034550799575802,9.072405328247255,8.811841744117602,8.883133888244629,2550700,0.0,0.0
2022-05-03 00:00:00-04:00,8.91467657850397,9.09763877572689,8.908367391988007,9.066093444824219,1664300,0.0,0.0
2022-05-04 00:00:00-04:00,9.053479962250222,9.236442246145353,9.040861583240765,9.230133056640625,1631600,0.0,0.0
2022-05-05 00:00:00-04:00,9.047170072284901,9.072406226672525,8.460428730675938,8.62446403503418,6538100,0.0,0.0
2022-05-06 00:00:00-04:00,8.624462449106819,8.690707116563772,8.498281700371715,8.63077163696289,2933200,0.0,0.0
2022-05-09 00:00:00-04:00,8.517209248550381,8.53613621174418,8.233302393934165,8.290083885192871,4741900,0.0,0.0
2022-05-10 00:00:00-04:00,8.378409131750514,8.520362843245923,8.208065279633264,8.315319061279297,2831000,0.0,0.0
2022-05-11 00:00:00-04:00,8.327939008158884,8.510901283126891,8.233303576915134,8.353175163269043,2671400,0.0,0.0
2022-05-12 00:00:00-04:00,8.296391562957059,8.302700750556273,8.107120748398598,8.195446968078613,4671600,0.0,0.0
2022-05-13 00:00:00-04:00,8.277465105948892,8.438345789463298,8.220683617452362,8.384718894958496,3581900,0.0,0.0
2022-05-16 00:00:00-04:00,8.422574020980981,8.542445592816659,8.36263793422448,8.447810173034668,4259100,0.0,0.0
2022-05-17 00:00:00-04:00,8.605534267164375,8.624461226371949,8.466735162395398,8.504589080810547,2300600,0.0,0.0
2022-05-18 00:00:00-04:00,8.479357022930479,8.491975402937555,8.233304629567252,8.25223159790039,2673800,0.0,0.0
2022-05-19 00:00:00-04:00,8.233298627986049,8.271152537059095,8.157590208162919,8.170207977294922,2678300,0.0,0.0
2022-05-20 00:00:00-04:00,8.201755962248013,8.255382852222109,7.905230770527884,8.012484550476074,3403400,0.0,0.0
2022-05-23 00:00:00-04:00,8.094504331320596,8.208067328869198,8.025105055972778,8.11974048614502,2400300,0.0,0.0
2022-05-24 00:00:00-04:00,8.081885057284229,8.129202763603026,7.924158968436722,8.025103569030762,3007700,0.0,0.0
2022-05-25 00:00:00-04:00,8.031412622732544,8.391028535374804,8.006176471115309,8.239611625671387,4237700,0.0,0.0
2022-05-26 00:00:00-04:00,8.32793549741874,8.485661550785295,8.31531772602153,8.409953117370605,2044400,0.0,0.0
2022-05-27 00:00:00-04:00,8.435191948905036,8.637081168990129,8.422574173488385,8.611845016479492,3107000,0.0,0.0
2022-05-31 00:00:00-04:00,8.611845093755418,8.674935776436804,8.504591294203466,8.55506420135498,2336300,0.0,0.0
2022-06-01 00:00:00-04:00,8.53613567352295,8.624462498987002,8.431405922221874,8.53613567352295,1515800,0.0,0.0
2022-06-02 00:00:00-04:00,8.580301158084906,8.70648193359375,8.520365064089182,8.70648193359375,1747300,0.0,0.0
2022-06-03 00:00:00-04:00,8.637081200371371,8.671781135828573,8.577145713989179,8.605536460876465,1393000,0.0,0.0
2022-06-06 00:00:00-04:00,8.656009033046582,8.687554375191736,8.567682195375623,8.643390655517578,2014500,0.0,0.0
2022-06-07 00:00:00-04:00,8.643387793363209,8.700169270086509,8.605533876665781,8.687551498413086,1378300,0.0,0.0
2022-06-08 00:00:00-04:00,8.643390357537122,8.66862651004776,8.555064124588561,8.611845016479492,1782400,0.0,0.0
2022-06-09 00:00:00-04:00,8.5676804701156,8.630771141701443,8.409954392828235,8.416263580322266,1481100,0.0,0.0
2022-06-10 00:00:00-04:00,8.36263863366919,8.384720193353385,8.19860333076178,8.365793228149414,2340000,0.0,0.0
2022-06-13 00:00:00-04:00,8.201755943509543,8.25853742707912,7.993557571539247,8.037720680236816,4755500,0.0,0.0
2022-06-14 00:00:00-04:00,8.044029784861985,8.100811267847014,7.93677600626298,7.943085193634033,5164200,0.0,0.0
2022-06-15 00:00:00-04:00,8.056649135011172,8.20806604018493,7.99986764515169,8.11343002319336,2983400,0.0,0.0
2022-06-16 00:00:00-04:00,7.980939744073419,7.996712713745285,7.69072372056108,7.722269058227539,3196900,0.0,0.0
2022-06-17 00:00:00-04:00,7.703342017378756,7.867377290222008,7.62763356876124,7.823213577270508,6486100,0.0,0.0
2022-06-21 00:00:00-04:00,7.936775886855097,8.012484329137035,7.861067444573158,7.898921966552734,2557800,0.0,0.0
2022-06-22 00:00:00-04:00,7.848449396833922,7.917849256406785,7.797977099877606,7.861067771911621,1805400,0.0,0.0
2022-06-23 00:00:00-04:00,7.898922295467477,7.955703178285402,7.738041623290257,7.861067771911621,2374300,0.0,0.0
2022-06-24 00:00:00-04:00,7.917849145428721,8.056648260951773,7.857282510265503,8.012484550476074,1964400,0.0,0.0
2022-06-27 00:00:00-04:00,8.044031783865295,8.091349497552557,7.980941097830696,8.056650161743164,2895200,0.0,0.0
2022-06-28 00:00:00-04:00,8.126047191229217,8.179674079047654,7.987248081285519,8.00617504119873,2658400,0.0,0.0
2022-06-29 00:00:00-04:00,8.012644395678599,8.051446201264184,7.896237745434683,7.954441070556641,1380700,0.31,0.0
2022-06-30 00:00:00-04:00,7.863903605119824,8.032046431015582,7.8412691125461,7.973843097686768,1650700,0.0,0.0
2022-07-01 00:00:00-04:00,7.954441262659596,8.187253952026367,7.954441262659596,8.187253952026367,1730900,0.0,0.0
2022-07-05 00:00:00-04:00,8.090246675827911,8.258389437533822,8.038510536340468,8.238987922668457,2232200,0.0,0.0
2022-07-06 00:00:00-04:00,8.206653170457257,8.238988413750096,8.032043843465468,8.103180885314941,1754800,0.0,0.0
2022-07-07 00:00:00-04:00,8.167853048765036,8.209888441955187,8.138751385501239,8.187253952026367,1341000,0.0,0.0
2022-07-08 00:00:00-04:00,8.17431866139593,8.232521360067416,8.122582518081177,8.213120460510254,1067700,0.0,0.0
2022-07-11 00:00:00-04:00,8.20665544385062,8.258392217497274,8.096716572989438,8.129051208496094,1473600,0.0,0.0
2022-07-12 00:00:00-04:00,8.10964843433642,8.202773618642548,8.077313189540327,8.14845085144043,1279900,0.0,0.0
2022-07-13 00:00:00-04:00,8.083779375543186,8.171084340817474,8.057911306211185,8.116114616394043,1233300,0.0,0.0
2022-07-14 00:00:00-04:00,8.044977831718688,8.061145762261337,7.9609070598708715,8.038511276245117,1421700,0.0,0.0
2022-07-15 00:00:00-04:00,8.103180885314941,8.164617785896992,8.015876530190782,8.103180885314941,1176800,0.0,0.0
2022-07-18 00:00:00-04:00,8.161384157468206,8.193719400592958,8.044977528916482,8.05791187286377,2350300,0.0,0.0
2022-07-19 00:00:00-04:00,8.122581872994994,8.232520706250016,8.116114701408396,8.193718910217285,2007000,0.0,0.0
2022-07-20 00:00:00-04:00,8.20018612642459,8.284257507277545,8.148449986937145,8.238987922668457,1847500,0.0,0.0
2022-07-21 00:00:00-04:00,8.23252200819932,8.238989180808682,8.148451231251713,8.219588279724121,1751000,0.0,0.0
2022-07-22 00:00:00-04:00,8.232521318504288,8.287491047591622,8.148450548599868,8.167851448059082,970400,0.0,0.0
2022-07-25 00:00:00-04:00,8.083780248277556,8.122582664836422,8.00294244579478,8.038511276245117,1857500,0.0,0.0
2022-07-26 00:00:00-04:00,8.032045365736668,8.090248691346055,8.006177289548448,8.044979095458984,1009200,0.0,0.0
2022-07-27 00:00:00-04:00,8.077312293208296,8.226054156067171,8.074078707413165,8.206652641296387,1280000,0.0,0.0
2022-07-28 00:00:00-04:00,8.245456123675693,8.34246124313918,8.196953563943948,8.316593170166016,1515300,0.0,0.0
2022-07-29 00:00:00-04:00,8.316593203094662,8.387730866610156,8.268090643170877,8.335994720458984,1185600,0.0,0.0
2022-08-01 00:00:00-04:00,8.316592561245052,8.390963805248184,8.310772353182347,8.342460632324219,1821900,0.0,0.0
2022-08-02 00:00:00-04:00,8.310127778416526,8.342462411604215,8.180786778691392,8.187253952026367,2311300,0.0,0.0
2022-08-03 00:00:00-04:00,8.245457311198699,8.281026147938292,8.174320254463112,8.232522964477539,1723500,0.0,0.0
2022-08-04 00:00:00-04:00,8.27132545032771,8.374797757903588,8.216355709835074,8.29719352722168,1226000,0.0,0.0
2022-08-05 00:00:00-04:00,8.28425842054662,8.530004801831716,8.258390347951163,8.49767017364502,1532300,0.0,0.0
2022-08-08 00:00:00-04:00,8.5364727965165,8.769286089046885,8.530005623558756,8.704615592956543,2396700,0.0,0.0
2022-08-09 00:00:00-04:00,8.698147773742676,8.717548674430905,8.607609826035269,8.698147773742676,1529300,0.0,0.0
2022-08-10 00:00:00-04:00,8.769286089046885,8.788686991176563,8.678747517869118,8.704615592956543,1649900,0.0,0.0
2022-08-11 00:00:00-04:00,8.74988346445492,8.885690995687856,8.730482564776922,8.879223823547363,1818200,0.0,0.0
2022-08-12 00:00:00-04:00,8.89215973801472,8.943895890787319,8.824256268779532,8.853357315063477,2086100,0.0,0.0
2022-08-15 00:00:00-04:00,8.827488899230957,8.940661960347983,8.775752748447786,8.827488899230957,2194700,0.0,0.0
2022-08-16 00:00:00-04:00,8.827486464194308,8.950360250967636,8.795151841431913,8.905091285705566,1715300,0.0,0.0
2022-08-17 00:00:00-04:00,8.821019692807601,8.840420589336713,8.698145909055341,8.730481147766113,1297900,0.0,0.0
2022-08-18 00:00:00-04:00,8.71108219247626,8.801620140950485,8.698147847412217,8.775752067565918,1256300,0.0,0.0
2022-08-19 00:00:00-04:00,8.717549322128475,8.749884570173647,8.639945096866201,8.704615592956543,1107800,0.0,0.0
2022-08-22 00:00:00-04:00,8.620543714089173,8.659346132928622,8.52353859210584,8.53647232055664,1156200,0.0,0.0
2022-08-23 00:00:00-04:00,8.594675101245295,8.65029179530206,8.565573443127324,8.627010345458984,786600,0.0,0.0
2022-08-24 00:00:00-04:00,8.639942905331377,8.743415796178578,8.594673939596815,8.724014282226562,1291900,0.0,0.0
2022-08-25 00:00:00-04:00,8.730481489831096,8.761523418888618,8.711080592541846,8.743415832519531,871400,0.0,0.0
2022-08-26 00:00:00-04:00,8.743415354418428,8.743415354418428,8.601140676342418,8.6205415725708,1406500,0.0,0.0
2022-08-29 00:00:00-04:00,8.562341074919956,8.646412475136284,8.510604923516611,8.575275421142578,1178800,0.0,0.0
2022-08-30 00:00:00-04:00,8.601142077074371,8.607609249118163,8.426532132352849,8.43946647644043,1106800,0.0,0.0
2022-08-31 00:00:00-04:00,8.471802101049562,8.58820811935737,8.426532511449887,8.49767017364502,957100,0.0,0.0
2022-09-01 00:00:00-04:00,8.445933529418433,8.452400084627591,8.242221930115129,8.329526901245117,1850600,0.0,0.0
2022-09-02 00:00:00-04:00,8.452402332791154,8.484737584411299,8.29137365549878,8.3230619430542,1120600,0.0,0.0
2022-09-06 00:00:00-04:00,8.335995888016027,8.348929617993589,8.174966601753011,8.232522964477539,1653000,0.0,0.0
2022-09-07 00:00:00-04:00,8.219589234499976,8.310127811317304,8.187253984440675,8.232522964477539,1854100,0.0,0.0
2022-09-08 00:00:00-04:00,8.206653702914549,8.313359580983695,8.14909734849992,8.303659439086914,1240900,0.0,0.0
2022-09-09 00:00:00-04:00,8.37479305267334,8.426529177394247,8.290721695816051,8.37479305267334,1769700,0.0,0.0
2022-09-12 00:00:00-04:00,8.458868947185502,8.517072272904786,8.378031131851738,8.413599967956543,1550000,0.0,0.0
2022-09-13 00:00:00-04:00,8.39419996606389,8.39419996606389,8.266152873025371,8.310129165649414,1910500,0.0,0.0
2022-09-14 00:00:00-04:00,8.310126149828092,8.310126149828092,8.1167616521662,8.167851448059082,1495500,0.0,0.0
2022-09-15 00:00:00-04:00,8.245455972325006,8.264856872512885,8.135516510021192,8.161384582519531,1844700,0.0,0.0
2022-09-16 00:00:00-04:00,8.116116112893794,8.116116112893794,7.993242298352985,8.025577545166016,3544700,0.0,0.0
2022-09-19 00:00:00-04:00,7.980308264480693,8.080546970698448,7.9738410920167055,8.032044410705566,1836100,0.0,0.0
2022-09-20 00:00:00-04:00,7.993241361581412,8.035277362534984,7.880068936114403,7.889769077301025,1566800,0.0,0.0
2022-09-21 00:00:00-04:00,7.954441283177219,8.01264460985494,7.838034629821777,7.838034629821777,1719300,0.0,0.0
2022-09-22 00:00:00-04:00,7.844500546593291,7.928571936466973,7.534083059617887,7.540550231933594,3236400,0.0,0.0
2022-09-23 00:00:00-04:00,7.456477771870582,7.462944943258088,7.288335632999279,7.430609703063965,3927300,0.0,0.0
2022-09-26 00:00:00-04:00,7.372408252577945,7.4273779897422845,7.191331725283941,7.20426607131958,4008100,0.0,0.0
2022-09-27 00:00:00-04:00,7.28833784630616,7.514683362914326,7.21720017292747,7.2754034996032715,3566400,0.0,0.0
2022-09-28 00:00:00-04:00,7.275402279273215,7.385341740832823,7.21396537622673,7.327138423919678,3530500,0.0,0.0
2022-09-29 00:00:00-04:00,7.273947387522248,7.273947387522248,6.835117008181394,6.875010967254639,4209400,0.31,0.0
2022-09-30 00:00:00-04:00,6.901606163899265,7.014638298916427,6.855063743866169,6.894957065582275,2294100,0.0,0.0
2022-10-03 00:00:00-04:00,6.9282011727467365,7.154265418298191,6.765302086180035,7.0744781494140625,3134100,0.0,0.0
2022-10-04 00:00:00-04:00,7.200809607273228,7.466767235741314,7.1808629436613725,7.460118770599365,2305300,0.0,0.0
2022-10-05 00:00:00-04:00,7.340437889099122,7.446820945824857,7.234054832373387,7.340437889099121,2546100,0.0,0.0
2022-10-06 00:00:00-04:00,7.3138396062009905,7.360382018967114,7.200807488832277,7.220754146575928,1777600,0.0,0.0
2022-10-07 00:00:00-04:00,7.1542655645452085,7.214106175954775,7.0944249531356425,7.14096736907959,1886100,0.0,0.0
2022-10-10 00:00:00-04:00,7.154265511841136,7.180861268483589,6.97474367893494,7.001339435577393,1565600,0.0,0.0
2022-10-11 00:00:00-04:00,6.968096092671961,7.0678306772838155,6.835117280615815,6.981394290924072,2305000,0.0,0.0
2022-10-12 00:00:00-04:00,6.981394171608013,7.130995728922521,6.92487809818842,7.081128120422363,2574400,0.0,0.0
2022-10-13 00:00:00-04:00,6.981394360029869,7.2240807736962065,6.865037660544105,7.194160461425781,3404300,0.0,0.0
2022-10-14 00:00:00-04:00,7.220752953917195,7.311843542494527,7.137641153938022,7.160912990570068,1706300,0.0,0.0
2022-10-17 00:00:00-04:00,7.254000576839473,7.38166060917291,7.247351478114272,7.273947238922119,2016400,0.0,0.0
2022-10-18 00:00:00-04:00,7.380329619800912,7.460116888208838,7.290568705057178,7.313839912414551,3057300,0.0,0.0
2022-10-19 00:00:00-04:00,7.260648167804145,7.300541483685112,7.187509999293821,7.280594825744629,2616800,0.0,0.0
2022-10-20 00:00:00-04:00,7.287244421027558,7.370356241233578,7.147616537717729,7.1875104904174805,2019000,0.0,0.0
2022-10-21 00:00:00-04:00,7.167562009374543,7.174211106071574,6.988040837204028,7.154264450073242,2811400,0.0,0.0
2022-10-24 00:00:00-04:00,7.207458153948979,7.29721908446032,7.134319336157684,7.273947238922119,2882900,0.0,0.0
2022-10-25 00:00:00-04:00,7.30054311509508,7.632990447493063,7.24735159263884,7.613043785095215,2807800,0.0,0.0
2022-10-26 00:00:00-04:00,7.63299079461936,7.692831418627249,7.519959279829228,7.546555042266846,1623300,0.0,0.0
2022-10-27 00:00:00-04:00,7.606394943576864,7.6994804280706965,7.53325675624863,7.566501617431641,2372100,0.0,0.0
2022-10-28 00:00:00-04:00,7.579799717654745,7.802539479016958,7.516635174440961,7.779268264770508,3347400,0.0,0.0
2022-10-31 00:00:00-04:00,7.779266567523658,7.912245358557083,7.746021711242078,7.892298698425293,1777600,0.0,0.0
2022-11-01 00:00:00-04:00,7.985384739065739,8.045225357824481,7.842432290718285,7.872352600097656,2119100,0.0,0.0
2022-11-02 00:00:00-04:00,7.812510019525313,7.905595473563271,7.729398210806959,7.732722759246826,2439800,0.0,0.0
2022-11-03 00:00:00-04:00,8.038577164196903,8.424216046173381,7.945491676305233,8.390971183776855,5112000,0.0,0.0
2022-11-04 00:00:00-04:00,8.53724751226263,8.789242394941995,8.414241721501648,8.497353553771973,3067300,0.0,0.0
2022-11-07 00:00:00-05:00,8.577139854431152,8.61370925935202,8.457459260850571,8.577139854431152,3235300,0.0,0.0
2022-11-08 00:00:00-05:00,8.60373617698971,8.723417412517554,8.527273447221555,8.557193756103516,2521600,0.0,0.0
2022-11-09 00:00:00-05:00,8.517300433656187,8.70679530051332,8.470757378677066,8.557193756103516,2178800,0.0,0.0
2022-11-10 00:00:00-05:00,8.776609952062248,8.879668453472764,8.683525099469398,8.836450576782227,2379600,0.0,0.0
2022-11-11 00:00:00-05:00,8.85639698246605,8.962780030385055,8.84974851754085,8.8829927444458,1727200,0.0,0.0
2022-11-14 00:00:00-05:00,8.86969484845069,8.909588172880353,8.686848436853698,8.703471183776855,1827800,0.0,0.0
2022-11-15 00:00:00-05:00,8.776607746486267,9.002671990132306,8.753336539186146,8.809852600097656,2510300,0.0,0.0
2022-11-16 00:00:00-05:00,8.796556359488363,8.926211253971012,8.683524846644156,8.8829927444458,2473800,0.0,0.0
2022-11-17 00:00:00-05:00,8.803204708633348,8.836449566799425,8.723417429490521,8.763311386108398,1759400,0.0,0.0
2022-11-18 00:00:00-05:00,8.82315147879941,8.82315147879941,8.597087217637853,8.623682975769043,1867900,0.0,0.0
2022-11-21 00:00:00-05:00,8.597087768877111,8.656263223547041,8.590438670394756,8.630331993103027,1413600,0.0,0.0
2022-11-22 00:00:00-05:00,8.630333392696757,8.756663747976967,8.622355234135618,8.696823120117188,1702800,0.0,0.0
2022-11-23 00:00:00-05:00,8.696821603659675,8.759986770285723,8.643630084635506,8.716768264770508,1444000,0.0,0.0
2022-11-25 00:00:00-05:00,8.716766036989643,8.776606639121347,8.6569260689507,8.769957542419434,820000,0.0,0.0
2022-11-28 00:00:00-05:00,8.730066276860873,8.736715375121442,8.517300205265935,8.523948669433594,1860200,0.0,0.0
2022-11-29 00:00:00-05:00,8.543942737593387,8.583930269702583,8.497291146449545,8.503955841064453,1288700,0.03,0.0
2022-11-30 00:00:00-05:00,8.490626530426296,8.617253186960621,8.397323347274968,8.603923797607422,1551300,0.0,0.0
2022-12-01 00:00:00-05:00,8.603924390211482,8.663905375271597,8.51728526018913,8.543943405151367,1517500,0.0,0.0
2022-12-02 00:00:00-05:00,8.49729130927036,8.623917331478676,8.47729786062279,8.577265739440918,1448200,0.0,0.0
2022-12-05 00:00:00-05:00,8.570598849489814,8.577263542525385,8.290688097796949,8.29735279083252,1901200,0.0,0.0
2022-12-06 00:00:00-05:00,8.290690148295019,8.290690148295019,8.054099207238309,8.077425003051758,2379500,0.0,0.0
2022-12-07 00:00:00-05:00,8.077423551814642,8.217378937130396,8.04410071996229,8.110746383666992,1624700,0.0,0.0
2022-12-08 00:00:00-05:00,8.13740584619685,8.190722131604474,8.130741151625832,8.17072868347168,1322400,0.0,0.0
2022-12-09 00:00:00-05:00,8.150736233458062,8.287359957227174,8.117414025084525,8.250704765319824,1358200,0.0,0.0
2022-12-12 00:00:00-05:00,8.264033279775639,8.270697975487513,8.170730082130856,8.204052925109863,1875300,0.0,0.0
2022-12-13 00:00:00-05:00,8.377328532542618,8.383993226637898,8.200718588079187,8.230709075927734,1452900,0.0,0.0
2022-12-14 00:00:00-05:00,8.197385750475446,8.22404388968105,8.04076862650987,8.157398223876953,2473700,0.0,0.0
2022-12-15 00:00:00-05:00,8.070757943082002,8.137403599228906,8.017441672396512,8.044099807739258,2443000,0.0,0.0
2022-12-16 00:00:00-05:00,7.997450720962417,8.00744776317252,7.790849631015565,7.857495307922363,4382700,0.0,0.0
2022-12-19 00:00:00-05:00,7.87748759028058,7.87748759028058,7.677551860326804,7.744196891784668,3151200,0.0,0.0
2022-12-20 00:00:00-05:00,7.764191429857194,7.960795476137636,7.7575273706801,7.850830554962158,2037900,0.0,0.0
2022-12-21 00:00:00-05:00,7.904145799387619,8.0540982337499,7.857494213399439,7.877487659454346,1813500,0.0,0.0
2022-12-22 00:00:00-05:00,7.830838292751952,7.847499396589489,7.687550511659802,7.804180145263672,2072300,0.0,0.0
2022-12-23 00:00:00-05:00,7.797512805887626,7.93080349813918,7.7775193609449325,7.917474746704102,2352400,0.0,0.0
2022-12-27 00:00:00-05:00,7.924140976177539,8.010780101829672,7.884153442961063,7.984121322631836,2743600,0.0,0.0
2022-12-28 00:00:00-05:00,7.957463128758953,8.040769906485233,7.850830554962157,7.850830554962158,2445600,0.0,0.0
2022-12-29 00:00:00-05:00,7.9193966647701215,8.042815386882783,7.905683110147451,7.9468231201171875,2808500,0.33,0.0
2022-12-30 00:00:00-05:00,7.885111744618738,8.042813665640008,7.816545293975843,7.9193949699401855,3666000,0.0,0.0
2023-01-03 00:00:00-05:00,7.9673926040195235,8.14566488638081,7.953679703629256,8.131951332092285,1967000,0.0,0.0
2023-01-04 00:00:00-05:00,8.173090119098312,8.368503661205658,8.145663668520056,8.269083023071289,2639600,0.0,0.0
2023-01-05 00:00:00-05:00,8.241658602320271,8.303367640895965,8.200518589371487,8.214231491088867,2064500,0.0,0.0
2023-01-06 00:00:00-05:00,8.296508771531782,8.32393521978899,8.221085548400879,8.221085548400879,2022700,0.0,0.0
2023-01-09 00:00:00-05:00,8.269083541601825,8.385645473445058,8.221086759656515,8.33764934539795,2254500,0.0,0.0
2023-01-10 00:00:00-05:00,8.351362904867239,8.440499038378583,8.31707967599392,8.41307258605957,1879000,0.0,0.0
2023-01-11 00:00:00-05:00,8.467926357806075,8.769617364208129,8.447356026036777,8.707907676696777,3434000,0.0,0.0
2023-01-12 00:00:00-05:00,8.714763202799485,8.872465133666992,8.65991030041964,8.872465133666992,2113400,0.0,0.0
2023-01-13 00:00:00-05:00,8.817613883241249,8.920463584895678,8.776474525698116,8.831327438354492,2367900,0.0,0.0
2023-01-17 00:00:00-05:00,8.851897354999855,9.07816578926241,8.851897354999855,8.947890281677246,2333700,0.0,0.0
2023-01-18 00:00:00-05:00,8.982173399471415,9.006171467353559,8.783331424864409,8.851897239685059,1924800,0.0,0.0
2023-01-19 00:00:00-05:00,8.77647385772323,8.845039666376028,8.70105061813743,8.769617080688477,1625700,0.0,0.0
2023-01-20 00:00:00-05:00,8.776475731406268,8.86561189019294,8.653056334024972,8.858755111694336,1806800,0.0,0.0
2023-01-23 00:00:00-05:00,8.845039230827751,8.920462466699552,8.831326331331743,8.913605690002441,1726300,0.0,0.0
2023-01-24 00:00:00-05:00,8.9136074763359,8.947890712793784,8.838184879247232,8.893037796020508,993300,0.0,0.0
2023-01-25 00:00:00-05:00,8.845038965287538,8.886178970336914,8.76961638557824,8.886178970336914,1549500,0.0,0.0
2023-01-26 00:00:00-05:00,8.920463014644676,8.978744312353664,8.899892683289794,8.95474624633789,1503700,0.0,0.0
2023-01-27 00:00:00-05:00,8.954747293866898,9.095307971743477,8.954747293866898,9.064453125,1450900,0.0,0.0
2023-01-30 00:00:00-05:00,9.043881039968293,9.09530621051493,8.975315235736455,8.982172012329102,1116000,0.0,0.0
2023-01-31 00:00:00-05:00,9.023312856416156,9.030169634142815,8.903321861792877,8.961603164672852,1234400,0.0,0.0
2023-02-01 00:00:00-05:00,8.961603417888968,9.119306040566551,8.954747293866898,9.064453125,2311700,0.0,0.0
2023-02-02 00:00:00-05:00,9.126161024518948,9.146730700338354,9.023311337625513,9.085021018981934,1578500,0.0,0.0
2023-02-03 00:00:00-05:00,9.037025979598363,9.146731802384059,9.00959952390194,9.091878890991211,1885300,0.0,0.0
2023-02-06 00:00:00-05:00,9.07130801171297,9.091878342668423,8.975315749513834,9.050738334655762,1551300,0.0,0.0
2023-02-07 00:00:00-05:00,9.064451888626063,9.109019631233055,8.967773687169116,9.050738334655762,2164900,0.0,0.0
2023-02-08 00:00:00-05:00,8.99588668126893,9.030169917078082,8.923206535224729,8.975317001342773,1408200,0.0,0.0
2023-02-09 00:00:00-05:00,9.002738522118515,9.028793740888883,8.824466316793876,8.865606307983398,2080400,0.0,0.0
2023-02-10 00:00:00-05:00,8.845037598733905,9.05416467212001,8.817611150904423,9.043879508972168,2873200,0.0,0.0
2023-02-13 00:00:00-05:00,9.057594861770133,9.085021315055883,8.978743890310882,9.009598731994629,1615100,0.0,0.0
2023-02-14 00:00:00-05:00,9.030169917078082,9.08502283281339,8.954747321416615,8.975317001342773,1487300,0.0,0.0
2023-02-15 00:00:00-05:00,8.941032271831142,9.030168408484384,8.899892264953406,9.009598731994629,1437800,0.0,0.0
2023-02-16 00:00:00-05:00,8.961604222529752,9.091880399121242,8.954748097892088,9.057597160339355,1274500,0.0,0.0
2023-02-17 00:00:00-05:00,9.057595128756233,9.095992033708443,9.009598997565972,9.037025451660156,1118500,0.0,0.0
2023-02-21 00:00:00-05:00,8.975314268735858,9.037023943624655,8.88617814432961,8.906747817993164,1492200,0.0,0.0
2023-02-22 00:00:00-05:00,8.934174695282081,8.982171474659323,8.913605020633645,8.927318572998047,1410000,0.0,0.0
2023-02-23 00:00:00-05:00,9.126160979186345,9.516988087304702,9.023311292803797,9.366142272949219,4064400,0.0,0.0
2023-02-24 00:00:00-05:00,9.359287017421918,9.42099670850047,9.2701515235288,9.318147659301758,1691900,0.0,0.0
2023-02-27 00:00:00-05:00,9.427853751420978,9.44705220627034,9.321576310405582,9.345574378967285,1814500,0.0,0.0
2023-02-28 00:00:00-05:00,9.352428690511482,9.414137713154902,9.290719013969909,9.39356803894043,1932500,0.0,0.0
2023-03-01 00:00:00-05:00,9.352432288403715,9.393571652659027,9.229012887840973,9.263296127319336,1421600,0.0,0.0
2023-03-02 00:00:00-05:00,9.228908308715392,9.297678379220155,9.167015376429104,9.283924102783203,1518800,0.04,0.0
2023-03-03 00:00:00-05:00,9.304555892944336,9.311433031925095,9.256417231759162,9.304555892944336,1238100,0.0,0.0
2023-03-06 00:00:00-05:00,9.297676819227844,9.40083125183743,9.283922545098626,9.352692604064941,1326000,0.0,0.0
2023-03-07 00:00:00-05:00,9.35269653647768,9.35269653647768,9.17045626268055,9.222033500671387,1369000,0.0,0.0
2023-03-08 00:00:00-05:00,9.22890690395746,9.283922689651165,9.187644736767234,9.242660522460938,1138200,0.0,0.0
2023-03-09 00:00:00-05:00,9.235784700027883,9.270169076659574,8.788780589576529,8.809412002563477,2652400,0.0,0.0
2023-03-10 00:00:00-05:00,8.802533240421768,8.816286857368269,8.35552921246358,8.376160621643066,4577500,0.0,0.0
2023-03-13 00:00:00-04:00,8.224869784080775,8.585911045396072,8.032314488435288,8.396794319152832,4481100,0.0,0.0
2023-03-14 00:00:00-04:00,8.616857570483205,8.692504786146863,8.489633780968969,8.568718910217285,2636800,0.0,0.0
2023-03-15 00:00:00-04:00,8.314269184715657,8.503385878288684,8.307392047099198,8.438055038452148,1933400,0.0,0.0
2023-03-16 00:00:00-04:00,8.383040096322917,8.644365470040883,8.286762775791075,8.568718910217285,2083400,0.0,0.0
2023-03-17 00:00:00-04:00,8.493071837832716,8.541210495193445,8.29707732749256,8.355531692504883,2108200,0.0,0.0
2023-03-20 00:00:00-04:00,8.44493369740255,8.658120427594488,8.376164271028458,8.451810836791992,1875400,0.0,0.0
2023-03-21 00:00:00-04:00,8.609981889845841,8.836922246305473,8.609981889845841,8.74752140045166,2046000,0.0,0.0
2023-03-22 00:00:00-04:00,8.768151710415639,8.788782471981392,8.479318425134739,8.48619556427002,2605600,0.0,0.0
2023-03-23 00:00:00-04:00,8.499947309480454,8.689064658893422,8.383038593360421,8.438055038452148,2506100,0.0,0.0
2023-03-24 00:00:00-04:00,8.355532544060045,8.4930727034053,8.293640259362782,8.48619556427002,1972900,0.0,0.0
2023-03-27 00:00:00-04:00,8.609979821859532,8.644364199372294,8.513701859639903,8.603102684020996,1563000,0.0,0.0
2023-03-28 00:00:00-04:00,8.603102840890966,8.685626528938267,8.58247142699916,8.644364356994629,1311700,0.0,0.0
2023-03-29 00:00:00-04:00,8.706258387129035,8.740643425453696,8.651242588145601,8.720012664794922,1554800,0.0,0.0
2023-03-30 00:00:00-04:00,8.804741890812585,8.864758200400974,8.734134230109339,8.825923919677734,1790700,0.33,0.0
2023-03-31 00:00:00-04:00,8.896530929143998,8.977729261653723,8.825923273609321,8.90359115600586,1854100,0.0,0.0
2023-04-03 00:00:00-04:00,8.889472832995276,9.023626612790956,8.840047862549191,8.86122989654541,1670300,0.0,0.0
2023-04-04 00:00:00-04:00,8.903591460008641,8.931834388513932,8.702360510237872,8.78355884552002,1659000,0.0,0.0
2023-04-05 00:00:00-04:00,8.705889946501374,8.804740521439088,8.698829046856298,8.741193771362305,1308600,0.0,0.0
2023-04-06 00:00:00-04:00,8.804742097773616,8.847106156499711,8.734134435410693,8.840045928955078,1127700,0.0,0.0
2023-04-10 00:00:00-04:00,8.832984652699881,8.90359163869788,8.635283475830578,8.776498794555664,1319200,0.0,0.0
2023-04-11 00:00:00-04:00,8.790619445841982,8.9600770110878,8.783558545615612,8.90359115600586,1618200,0.0,0.0
2023-04-12 00:00:00-04:00,9.002441439881093,9.118943596286151,8.974198513278791,9.0236234664917,1934600,0.0,0.0
2023-04-13 00:00:00-04:00,8.988320152135909,9.140126143786285,8.988320152135909,9.115413665771484,879400,0.0,0.0
2023-04-14 00:00:00-04:00,9.171898527675298,9.284870228273032,9.058926827077563,9.094230651855469,2388100,0.0,0.0
2023-04-17 00:00:00-04:00,9.080110919930698,9.14718813494421,9.044807760479529,9.143657684326172,1860900,0.0,0.0
2023-04-18 00:00:00-04:00,9.037745337713593,9.080109391268733,8.981259484063749,9.009502410888672,1529600,0.0,0.0
2023-04-19 00:00:00-04:00,8.931832213187533,9.065986595938087,8.931832213187533,9.044804573059082,1084300,0.0,0.0
2023-04-20 00:00:00-04:00,9.002441510841319,9.048336014420133,8.956547007262502,9.009502410888672,1085200,0.0,0.0
2023-04-21 00:00:00-04:00,9.030683552995235,9.108351425814087,9.002440628937068,9.051865577697754,1794400,0.0,0.0
2023-04-24 00:00:00-04:00,9.051866170108122,9.150716747463315,9.037745043837077,9.129534721374512,1014600,0.0,0.0
2023-04-25 00:00:00-04:00,9.05186646444381,9.115413218141008,9.002441510841319,9.009502410888672,888700,0.0,0.0
2023-04-26 00:00:00-04:00,9.009502272399088,9.073049025119476,8.910651693349095,8.9812593460083,1113800,0.0,0.0
2023-04-27 00:00:00-04:00,8.981258881949051,9.122473506606461,8.981258881949051,9.108351707458496,1144800,0.0,0.0
2023-04-28 00:00:00-04:00,9.06598793362236,9.193081436377737,9.06598793362236,9.164837837219238,947900,0.0,0.0
2023-05-01 00:00:00-04:00,9.16483848396446,9.20367276218339,9.058927673104032,9.087170600891113,932700,0.0,0.0
2023-05-02 00:00:00-04:00,9.01656178472226,9.044804706766564,8.81179975819558,8.896529197692871,1811200,0.0,0.0
2023-05-03 00:00:00-04:00,8.93183408354683,9.04127601696203,8.896530929143998,8.90359115600586,923500,0.0,0.0
2023-05-04 00:00:00-04:00,8.896529657773499,8.896529657773499,8.61409974936032,8.64940357208252,3028500,0.0,0.0
2023-05-05 00:00:00-04:00,8.755313526090438,8.904295387792546,8.748253300915538,8.832982063293457,1705800,0.0,0.0
2023-05-08 00:00:00-04:00,8.861228019928154,8.938895910375718,8.825924188501235,8.882410049438477,1631000,0.0,0.0
2023-05-09 00:00:00-04:00,8.88240916731076,8.917712995231597,8.822392861854695,8.868288040161133,1554200,0.0,0.0
2023-05-10 00:00:00-04:00,8.953017607704634,8.953017607704634,8.818863184522423,8.875349044799805,1629200,0.0,0.0
2023-05-11 00:00:00-04:00,9.04480616646679,9.09564316500514,8.931833786693094,9.0236234664917,2091100,0.0,0.0
2023-05-12 00:00:00-04:00,9.108351425814087,9.157777047939197,8.99537972958142,9.051865577697754,1693500,0.0,0.0
2023-05-15 00:00:00-04:00,9.073047050338792,9.193079629715239,9.058925253534817,9.171896934509277,1323700,0.0,0.0
2023-05-16 00:00:00-04:00,9.10835177774796,9.182489877118005,9.065987726706034,9.094230651855469,1473800,0.0,0.0
2023-05-17 00:00:00-04:00,9.122473959994814,9.189551162552497,9.034214731026879,9.157777786254883,1548000,0.0,0.0
2023-05-18 00:00:00-04:00,9.17189915543868,9.214263882744676,9.101292174414683,9.193081855773926,1185200,0.0,0.0
2023-05-19 00:00:00-04:00,9.235444635684642,9.369599025843266,9.214262611635954,9.348416328430176,1940900,0.0,0.0
2023-05-22 00:00:00-04:00,9.348417142871048,9.387251418147248,9.281340615312384,9.320174217224121,1258100,0.0,0.0
2023-05-23 00:00:00-04:00,9.362537490014349,9.47550917507734,9.35547659135682,9.369598388671875,1970700,0.0,0.0
2023-05-24 00:00:00-04:00,9.320174564649994,9.383721318065513,9.235445784550796,9.362539291381836,1212000,0.0,0.0
2023-05-25 00:00:00-04:00,9.355480811298504,9.411966679308868,9.270752009282955,9.313116073608398,1566200,0.0,0.0
2023-05-26 00:00:00-04:00,9.355477614122908,9.433145487753489,9.316643340625403,9.41196346282959,1248100,0.0,0.0
2023-05-30 00:00:00-04:00,9.475797536003236,9.532538785959437,9.454519736371925,9.511260986328125,1236400,0.06,0.0
2023-05-31 00:00:00-04:00,9.504167463631253,9.553816561006812,9.4545190426647,9.525445938110352,1287600,0.0,0.0
2023-06-01 00:00:00-04:00,9.546726751219236,9.702765564634309,9.539633924152819,9.681487083435059,1642000,0.0,0.0
2023-06-02 00:00:00-04:00,9.752414001280789,9.766599655413621,9.660209278645027,9.681487083435059,1854300,0.0,0.0
2023-06-05 00:00:00-04:00,9.667301071560583,9.681486047766773,9.564457119326837,9.603466987609863,1445700,0.0,0.0
2023-06-06 00:00:00-04:00,9.582188002128802,9.624743601902823,9.560909525832729,9.575095176696777,1993600,0.0,0.0
2023-06-07 00:00:00-04:00,9.603467666841821,9.6956723861355,9.568004209204375,9.688579559326172,2013300,0.0,0.0
2023-06-08 00:00:00-04:00,9.681486732516845,9.6956723861355,9.560911382395048,9.688579559326172,1555600,0.0,0.0
2023-06-09 00:00:00-04:00,9.67439316940678,9.709855945456555,9.624744065400725,9.631836891174316,1158200,0.0,0.0
2023-06-12 00:00:00-04:00,9.60346606301511,9.631836689105192,9.447427281315123,9.489983558654785,2323700,0.0,0.0
2023-06-13 00:00:00-04:00,9.511261700288319,9.61055923336994,9.489983899059796,9.582188606262207,1757100,0.0,0.0
2023-06-14 00:00:00-04:00,9.603465334028751,9.610558159115136,9.507714224589662,9.518353462219238,1446300,0.0,0.0
2023-06-15 00:00:00-04:00,9.518354407547935,9.635383327460037,9.468705979830405,9.61765193939209,1462300,0.0,0.0
2023-06-16 00:00:00-04:00,9.638930853820936,9.794969657198655,9.603467397179294,9.773691177368164,4171600,0.0,0.0
2023-06-20 00:00:00-04:00,9.787876726059753,9.787876726059753,9.69212559707264,9.709856986999512,1414600,0.0,0.0
2023-06-21 00:00:00-04:00,9.702762233947146,9.745317828919063,9.631835340448639,9.724040031433105,1460700,0.0,0.0
2023-06-22 00:00:00-04:00,9.702763328836967,9.702763328836967,9.553817376809768,9.575095176696777,1369800,0.0,0.0
2023-06-23 00:00:00-04:00,9.504169150362426,9.525447628617876,9.38359381255138,9.39777946472168,1522200,0.0,0.0
2023-06-26 00:00:00-04:00,9.404871680384542,9.536085572397763,9.397778854759752,9.489983558654785,1364100,0.0,0.0
2023-06-27 00:00:00-04:00,9.589282011403675,9.6176526402252,9.532540077351477,9.603466987609863,1756800,0.0,0.0
2023-06-28 00:00:00-04:00,9.63893089856731,9.674394355373582,9.589282464884036,9.660208702087402,1691200,0.0,0.0
2023-06-29 00:00:00-04:00,9.66747412422838,9.776505508438115,9.660205180426496,9.76923656463623,1615400,0.33,0.0
2023-06-30 00:00:00-04:00,9.827388721931193,9.878269948866294,9.754700660705566,9.754700660705566,1952400,0.0,0.0
2023-07-03 00:00:00-04:00,9.769238925675651,9.820120851381406,9.74016383664585,9.812851905822754,854600,0.0,0.0
2023-07-05 00:00:00-04:00,9.776506047790797,9.849194103410449,9.732893768982745,9.798312187194824,1636000,0.0,0.0
2023-07-06 00:00:00-04:00,9.718357239221742,10.358009861203438,9.652938118659273,9.84919548034668,1502500,0.0,0.0
2023-07-07 00:00:00-04:00,9.820120392675001,9.961861358423839,9.7765074145651,9.84919548034668,2106000,0.0,0.0
2023-07-10 00:00:00-04:00,9.871001702250707,9.90007679015641,9.791045383811216,9.834657669067383,1297000,0.0,0.0
2023-07-11 00:00:00-04:00,9.849194885506805,10.03818329056119,9.834656995946593,10.023645401000977,1640000,0.0,0.0
2023-07-12 00:00:00-04:00,10.081797772909356,10.24898007331112,10.027282061571453,10.205367088317871,2474400,0.0,0.0
2023-07-13 00:00:00-04:00,10.212635350897509,10.299860621838963,10.096334989642237,10.125410079956055,1449300,0.0,0.0
2023-07-14 00:00:00-04:00,10.205366526953778,10.212635472920292,10.08179721834241,10.10360336303711,2200000,0.0,0.0
2023-07-17 00:00:00-04:00,10.096332873488358,10.24897723894342,10.03091376069266,10.198095321655273,1379800,0.0,0.0
2023-07-18 00:00:00-04:00,10.248976947644163,10.379814476312166,10.198095031802197,10.285320281982422,1329300,0.0,0.0
2023-07-19 00:00:00-04:00,10.336204416635288,10.372548451979972,10.248979147730939,10.278054237365723,1443600,0.0,0.0
2023-07-20 00:00:00-04:00,10.256247832701927,10.26351677871833,10.13267852324246,10.169022560119629,1260800,0.0,0.0
2023-07-21 00:00:00-04:00,10.176291012700219,10.176291012700219,10.089065744347366,10.132678031921387,1088500,0.0,0.0
2023-07-24 00:00:00-04:00,10.169021720965242,10.270784877182784,10.074527510164264,10.227171897888184,1368400,0.0,0.0
2023-07-25 00:00:00-04:00,10.241710593237647,10.285322882753333,10.161753573784154,10.176291465759277,1322200,0.0,0.0
2023-07-26 00:00:00-04:00,10.14721459293601,10.299858965842825,10.14721459293601,10.234439849853516,859800,0.0,0.0
2023-07-27 00:00:00-04:00,10.270785219142219,10.314397506684074,10.190828896512276,10.212635040283203,971500,0.0,0.0
2023-07-28 00:00:00-04:00,10.314398577469841,10.314398577469841,10.23444224653926,10.27078628540039,1069800,0.0,0.0
2023-07-31 00:00:00-04:00,10.343472326846571,10.408891449661139,10.234440917625486,10.292591094970703,2657700,0.0,0.0
2023-08-01 00:00:00-04:00,10.292591787960992,10.314397932632437,10.16175353352264,10.183560371398926,2305500,0.0,0.0
2023-08-02 00:00:00-04:00,10.190829740613093,10.190829740613093,10.110872718155541,10.154485702514648,1747600,0.0,0.0
2023-08-03 00:00:00-04:00,10.125409779462258,10.17992548553219,10.081796798683426,10.132678031921387,1376900,0.0,0.0
2023-08-04 00:00:00-04:00,10.139947957430435,10.230807707395233,10.103603918803541,10.205367088317871,1556400,0.0,0.0
2023-08-07 00:00:00-04:00,10.219903985941784,10.277326992953016,10.176291005195115,10.212635040283203,1023000,0.0,0.0
2023-08-08 00:00:00-04:00,10.190829317357688,10.20536651607037,10.096335099508305,10.183560371398926,1208500,0.0,0.0
2023-08-09 00:00:00-04:00,10.14721534805718,10.190828326363825,10.078161754573651,10.110871315002441,1833800,0.0,0.0
2023-08-10 00:00:00-04:00,10.212634468914759,10.29259078707137,10.045452194144863,10.110871315002441,2388500,0.0,0.0
2023-08-11 00:00:00-04:00,10.096334918812047,10.103603171435887,10.016377901106356,10.059990882873535,1508000,0.0,0.0
2023-08-14 00:00:00-04:00,10.089065437447973,10.089065437447973,10.009109117191253,10.030915260314941,909800,0.0,0.0
2023-08-15 00:00:00-04:00,10.001838221190914,10.038182248112447,9.936419111373084,9.95822525024414,1363900,0.0,0.0
2023-08-16 00:00:00-04:00,9.907346999416713,9.965497182646939,9.761971541341147,9.827390670776367,1868900,0.0,0.0
2023-08-17 00:00:00-04:00,9.812851636140755,9.834657779012618,9.674745140345916,9.70382022857666,1738900,0.0,0.0
2023-08-18 00:00:00-04:00,9.660207515115097,9.849195940411207,9.609326282614147,9.812851905822754,1182300,0.0,0.0
2023-08-21 00:00:00-04:00,9.820122059224804,9.950959629349109,9.776509073713443,9.921884536743164,1106400,0.0,0.0
2023-08-22 00:00:00-04:00,9.921884668109037,9.958228707648884,9.783778149703492,9.791047096252441,1283400,0.0,0.0
2023-08-23 00:00:00-04:00,9.776507493255977,9.871001702250707,9.754701350627894,9.834657669067383,1643000,0.0,0.0
2023-08-24 00:00:00-04:00,9.87827114290777,9.972765356641233,9.860098778802406,9.871002197265625,837300,0.0,0.0
2023-08-25 00:00:00-04:00,9.907344240534087,9.940053796143118,9.849194073496847,9.885538101196289,759900,0.0,0.0
2023-08-28 00:00:00-04:00,9.95822525024414,10.02364436006197,9.921881223322607,9.95822525024414,1313600,0.0,0.0
2023-08-29 00:00:00-04:00,9.972763387056798,10.118138805164543,9.965494442850241,10.074525833129883,1379800,0.0,0.0
2023-08-30 00:00:00-04:00,10.11836077500985,10.20602879678631,10.103749089685353,10.13297176361084,1110700,0.07,0.0
2023-08-31 00:00:00-04:00,10.154888665525993,10.220639856496673,10.132971834110268,10.169500350952148,1183700,0.0,0.0
2023-09-01 00:00:00-04:00,10.227946281433105,10.286391633017697,10.220640438304144,10.227946281433105,1357000,0.0,0.0
2023-09-05 00:00:00-04:00,10.242559242826752,10.341185350451877,9.979554431230062,9.986860275268555,2675800,0.0,0.0
2023-09-06 00:00:00-04:00,9.95033020179107,9.95033020179107,9.734812713293103,9.782299995422363,3859700,0.0,0.0
2023-09-07 00:00:00-04:00,9.767688239902379,9.818827746393309,9.738465565232772,9.745771408081055,2252600,0.0,0.0
2023-09-08 00:00:00-04:00,9.745771177616705,9.957635738142134,9.731159492265673,9.884578704833984,2802300,0.0,0.0
2023-09-11 00:00:00-04:00,9.935721142781544,9.972248970932364,9.884580929267804,9.928415298461914,1974000,0.0,0.0
2023-09-12 00:00:00-04:00,9.979554688743935,9.979554688743935,9.833441287821906,9.855358123779297,2736900,0.0,0.0
2023-09-13 00:00:00-04:00,9.862665095700697,10.001472668266931,9.84805340557597,9.972249984741211,2183400,0.0,0.0
2023-09-14 00:00:00-04:00,10.045304298400879,10.074526973945467,9.986858947311703,10.045304298400879,1839100,0.0,0.0
2023-09-15 00:00:00-04:00,10.074528441490061,10.074528441490061,10.023388926018486,10.059917449951172,2109900,0.0,0.0
2023-09-18 00:00:00-04:00,10.089139493531745,10.147584849449025,10.059916815573104,10.111056327819824,1677900,0.0,0.0
2023-09-19 00:00:00-04:00,10.154890315462684,10.206030526039829,10.132973480485976,10.162196159362793,1462600,0.0,0.0
2023-09-20 00:00:00-04:00,10.19872468213972,10.249864195993243,10.140279324386087,10.162196159362793,1733700,0.0,0.0
2023-09-21 00:00:00-04:00,10.111054976715256,10.118360819409562,10.023386954554104,10.030692100524902,1854000,0.0,0.0
2023-09-22 00:00:00-04:00,10.037998523764706,10.132972394112958,10.023387534254578,10.081832885742188,1542400,0.0,0.0
2023-09-25 00:00:00-04:00,10.081832328565742,10.227945699209751,10.059915497150017,10.169500350952148,2508000,0.0,0.0
2023-09-26 00:00:00-04:00,10.191416668433497,10.242556868122625,10.140277165467841,10.1475830078125,2497600,0.0,0.0
2023-09-27 00:00:00-04:00,10.242557339344907,10.436157293320834,10.227945653983362,10.279085159301758,3752600,0.0,0.0
2023-09-28 00:00:00-04:00,10.256642061596015,10.421227326810573,10.249160751027842,10.383821487426758,1818700,0.33,0.0
2023-09-29 00:00:00-04:00,10.398781882877318,10.533442599693382,10.353895452909924,10.361376762390137,2315300,0.0,0.0
2023-10-02 00:00:00-04:00,10.361380793054577,10.383824016768877,10.017248271120694,10.129465103149414,3049200,0.0,0.0
2023-10-03 00:00:00-04:00,10.099541440411024,10.12198466606612,9.878847700006942,9.949918746948242,2372200,0.0,0.0
2023-10-04 00:00:00-04:00,9.949916023727525,9.987321865219828,9.755406218733208,9.919991493225098,1808000,0.0,0.0
2023-10-05 00:00:00-04:00,9.882584982410616,10.009764406796664,9.86762236144424,10.002283096313477,1951900,0.0,0.0
2023-10-06 00:00:00-04:00,9.927472941212702,10.12946334652725,9.927472941212702,10.032208442687988,1723600,0.0,0.0
2023-10-09 00:00:00-04:00,9.97984110098253,10.14442638449134,9.94243525744092,10.084576606750488,1805800,0.0,0.0
2023-10-10 00:00:00-04:00,10.107022715129517,10.226720869445929,10.062135550532226,10.092060089111328,1595800,0.0,0.0
2023-10-11 00:00:00-04:00,10.099540567044608,10.211757399073326,10.032210182444489,10.129465103149414,1814100,0.0,0.0
2023-10-12 00:00:00-04:00,10.211757809307148,10.234201747380299,10.027722225925132,10.107022285461426,1606800,0.0,0.0
2023-10-13 00:00:00-04:00,10.181833007541611,10.226720169064787,10.054653548926042,10.099540710449219,1994500,0.0,0.0
2023-10-16 00:00:00-04:00,10.159389169656185,10.447413262262353,10.146671081871636,10.353899002075195,1956400,0.0,0.0
2023-10-17 00:00:00-04:00,10.249163318050558,10.331456327997605,10.234201406623873,10.301531791687012,1620400,0.0,0.0
2023-10-18 00:00:00-04:00,10.249162959074784,10.331455966139528,10.166870665467238,10.189313888549805,1039500,0.0,0.0
2023-10-19 00:00:00-04:00,10.151907123224397,10.204275590291767,10.032208992996926,10.054652214050293,1129600,0.0,0.0
2023-10-20 00:00:00-04:00,10.054651373815298,10.073354651011076,9.867622882599964,10.01724624633789,1696100,0.0,0.0
2023-10-23 00:00:00-04:00,9.927473216398836,10.064377788603807,9.875104750752463,9.972359657287598,1146500,0.0,0.0
2023-10-24 00:00:00-04:00,10.02472713159487,10.12946334652725,10.000787792245402,10.032208442687988,1155400,0.0,0.0
2023-10-25 00:00:00-04:00,10.002283369499134,10.092056957378205,9.87510394163952,9.942434310913086,1100700,0.0,0.0
2023-10-26 00:00:00-04:00,9.949916023727525,10.032208304244927,9.897547560255465,9.919991493225098,1313700,0.0,0.0
2023-10-27 00:00:00-04:00,9.953656573991621,9.96487782690072,9.718000274501438,9.7479248046875,1305300,0.0,0.0
2023-10-30 00:00:00-04:00,9.830219531401454,9.994804119721591,9.785332371477743,9.912511825561523,1032200,0.0,0.0
2023-10-31 00:00:00-04:00,9.905031204223633,10.002286129627697,9.841441472746254,9.905031204223633,1445200,0.0,0.0
2023-11-01 00:00:00-04:00,9.927472534535182,10.144425553148517,9.919991223748534,10.121981620788574,1159800,0.0,0.0
2023-11-02 00:00:00-04:00,10.189312382320617,10.331454438898273,10.174350473629708,10.30901050567627,1396200,0.0,0.0
2023-11-03 00:00:00-04:00,10.398784621722179,10.488558932215719,10.38382271227801,10.46611499786377,1472900,0.0,0.0
2023-11-06 00:00:00-05:00,10.47359671367657,10.490803159911664,10.335195300324695,10.443672180175781,1187800,0.0,0.0
2023-11-07 00:00:00-05:00,10.413747236991654,10.436190457870026,10.346416860899406,10.391304016113281,1317700,0.0,0.0
2023-11-08 00:00:00-05:00,10.391303488219076,10.428708616630416,10.353897646350644,10.376340866088867,1368400,0.0,0.0
2023-11-09 00:00:00-05:00,10.436191254207083,10.712993377685587,10.39878540758411,10.563370704650879,3304500,0.0,0.0
2023-11-10 00:00:00-05:00,10.698030333067159,10.765360707159724,10.653143179186413,10.727954864501953,2661200,0.0,0.0
2023-11-13 00:00:00-05:00,10.675588867940379,10.810248924806745,10.660626243034548,10.757881164550781,2029100,0.0,0.0
2023-11-14 00:00:00-05:00,10.840172345912434,10.98231441406521,10.813988468478279,10.929945945739746,2006700,0.0,0.0
2023-11-15 00:00:00-05:00,10.922466158098757,10.96735260461498,10.870097685886893,10.88506031036377,1843000,0.0,0.0
2023-11-16 00:00:00-05:00,10.885058552928244,10.90750177256281,10.757879119237227,10.787803649902344,1702500,0.0,0.0
2023-11-17 00:00:00-05:00,10.832690238952637,10.862615483488613,10.757879267983995,10.832690238952637,2220700,0.0,0.0
2023-11-20 00:00:00-05:00,10.847654440028055,10.967352581764867,10.810248592371002,10.952390670776367,1978200,0.0,0.0
2023-11-21 00:00:00-05:00,10.959870051415415,11.001016550610696,10.937426830698497,10.944908142089844,1827900,0.0,0.0
2023-11-22 00:00:00-05:00,10.974830782793603,11.0197172164917,10.94490625584254,11.0197172164917,1862200,0.0,0.0
2023-11-24 00:00:00-05:00,11.064604360062518,11.09452888700389,11.027198523021555,11.087047576904297,1143800,0.0,0.0
2023-11-27 00:00:00-05:00,11.079566983850828,11.102010200699876,10.974830782793603,11.0197172164917,2809800,0.0,0.0
2023-11-28 00:00:00-05:00,11.01971883643673,11.049644081243931,10.989046602040718,11.004756927490234,1609100,0.0,0.0
2023-11-29 00:00:00-05:00,11.064933257477675,11.083738091589336,11.004756927490234,11.004756927490234,1741800,0.08,0.0
2023-11-30 00:00:00-05:00,11.042369120151768,11.08750101634895,10.997236506596034,11.027324676513672,1472200,0.0,0.0
2023-12-01 00:00:00-05:00,11.027323058435616,11.132631996374279,11.012279334363495,11.102543830871582,1687000,0.0,0.0
2023-12-04 00:00:00-05:00,11.057411223938313,11.125109775658991,11.057411223938313,11.102543830871582,1760800,0.0,0.0
2023-12-05 00:00:00-05:00,11.095020954145646,11.12510911786933,10.974668299250903,11.019800186157227,1578200,0.0,0.0
2023-12-06 00:00:00-05:00,11.049891326867936,11.079979498697773,10.978432367121197,10.997237205505371,1484900,0.0,0.0
2023-12-07 00:00:00-05:00,11.027322925865361,11.079977035522461,11.00475698134924,11.079977035522461,1441200,0.0,0.0
2023-12-08 00:00:00-05:00,11.049889310958445,11.222896805435981,11.042367807392138,11.207852363586426,1943700,0.0,0.0
2023-12-11 00:00:00-05:00,11.200332873814766,11.249225883899733,11.179271225325328,11.185288429260254,1278300,0.0,0.0
2023-12-12 00:00:00-05:00,11.222896862719502,11.328205804128494,11.207852420793158,11.298117637634277,2024400,0.0,0.0
2023-12-13 00:00:00-05:00,11.29811789513692,11.365815733272994,11.26050750682233,11.328206062316895,2228400,0.0,0.0
2023-12-14 00:00:00-05:00,11.395904496186299,11.425992664939166,11.290596264230532,11.320684432983398,2392600,0.0,0.0
2023-12-15 00:00:00-05:00,11.35077138568528,11.358293606407244,11.207852061401757,11.290595054626465,2412500,0.0,0.0
2023-12-18 00:00:00-05:00,11.245462808250545,11.350771749659536,11.196569806706872,11.298117637634277,1808200,0.0,0.0
2023-12-19 00:00:00-05:00,11.320683147315817,11.373337257313878,11.275550540632874,11.358293533325195,1940100,0.0,0.0
2023-12-20 00:00:00-05:00,11.365815733272994,11.441036509902176,11.328206062316895,11.328206062316895,2183300,0.0,0.0
2023-12-21 00:00:00-05:00,11.328206034631876,11.347010870063968,11.222897091080085,11.283073425292969,2195300,0.0,0.0
2023-12-22 00:00:00-05:00,11.283074042702683,11.365816327433434,11.268029599646987,11.320684432983398,1967200,0.0,0.0
2023-12-26 00:00:00-05:00,11.403425682339085,11.482407566493272,11.36581529547321,11.388381958007812,2033000,0.0,0.0
2023-12-27 00:00:00-05:00,11.410947799682617,11.425991523877437,11.320683302438324,11.410947799682617,2035500,0.0,0.0
2023-12-28 00:00:00-05:00,11.441744927495934,11.526442030765779,11.391697239991055,11.434045791625977,2485000,0.35,0.0
2023-12-29 00:00:00-05:00,11.457145198189794,11.484094010732198,11.36474895477295,11.36474895477295,1641500,0.0,0.0
2024-01-02 00:00:00-05:00,11.310850335594813,11.380147700140807,11.256952711747951,11.326250076293945,2365700,0.0,0.0
2024-01-03 00:00:00-05:00,11.2569523820732,11.29930093345553,11.164556143484505,11.264652252197266,1630400,0.0,0.0
2024-01-04 00:00:00-05:00,11.310852087778715,11.526444085163998,11.29776318731689,11.480245590209961,2030900,0.0,0.0
2024-01-05 00:00:00-05:00,11.52644338609002,11.568791208404331,11.48409482947559,11.518743515014648,1791600,0.0,0.0
2024-01-08 00:00:00-05:00,11.518745889457868,11.626541903833509,11.48024726044512,11.6111421585083,3201400,0.0,0.0
2024-01-09 00:00:00-05:00,11.580340576730435,11.66503695245363,11.541841957110767,11.59574031829834,1522300,0.0,0.0
2024-01-10 00:00:00-05:00,11.611141140879406,11.672738648181136,11.576492451234655,11.588042259216309,2229100,0.0,0.0
2024-01-11 00:00:00-05:00,11.588041276359764,11.611140156063696,11.418647778497254,11.603440284729004,2057600,0.0,0.0
2024-01-12 00:00:00-05:00,11.665037116206685,11.688136728882812,11.603439617670551,11.62653923034668,2273800,0.0,0.0
2024-01-16 00:00:00-05:00,11.603440056746573,11.65733842073029,11.476395119420886,11.549542427062988,1951300,0.0,0.0
2024-01-17 00:00:00-05:00,11.511044532110073,11.537993348653078,11.441747155685102,11.495645523071289,1699300,0.0,0.0
2024-01-18 00:00:00-05:00,11.53414291131706,11.630389100100281,11.480245280574504,11.603440284729004,2064800,0.0,0.0
2024-01-19 00:00:00-05:00,11.641938074401866,11.649637945185818,11.564941569462624,11.59574031829834,1683900,0.0,0.0
2024-01-22 00:00:00-05:00,11.59574244653336,11.688138709998537,11.57649276604047,11.649640083312988,1712400,0.0,0.0
2024-01-23 00:00:00-05:00,11.62653910659304,11.676586798258397,11.580340616032627,11.634238243103027,1315900,0.0,0.0
2024-01-24 00:00:00-05:00,11.649637945185818,11.66503695245363,11.580340576730435,11.59574031829834,1194900,0.0,0.0
2024-01-25 00:00:00-05:00,11.634238011434165,11.649637752747685,11.534141895796536,11.580340385437012,1078500,0.0,0.0
2024-01-26 00:00:00-05:00,11.588040610186571,11.64193823783066,11.572640868402486,11.62653923034668,1146700,0.0,0.0
2024-01-29 00:00:00-05:00,11.61883960722004,11.641938486088636,11.48794473646447,11.53414249420166,1520200,0.0,0.0
2024-01-30 00:00:00-05:00,11.534143889602138,11.595742131204076,11.526444751914578,11.588042259216309,1740700,0.0,0.0
2024-01-31 00:00:00-05:00,11.564941321180946,11.59574006935546,11.403247709689731,11.4109468460083,1377300,0.0,0.0
2024-02-01 00:00:00-05:00,11.426348432750451,11.464847057761643,11.303153420154791,11.387849807739258,1815300,0.0,0.0
2024-02-02 00:00:00-05:00,11.357050132403824,11.410947762462918,11.303922048888355,11.37244987487793,1390600,0.0,0.0
2024-02-05 00:00:00-05:00,11.349351598191666,11.349351598191666,11.176108880749727,11.272355079650879,1583300,0.0,0.0
2024-02-06 00:00:00-05:00,11.28005361414921,11.318552238510508,11.126059851004205,11.187657356262207,1501000,0.0,0.0
2024-02-07 00:00:00-05:00,11.210756687584185,11.310852080368718,11.168408128429075,11.295453071594238,2225400,0.0,0.0
2024-02-08 00:00:00-05:00,11.326251632879393,11.333951504287166,11.226155507478808,11.28005313873291,1421800,0.0,0.0
2024-02-09 00:00:00-05:00,11.256954671877017,11.380149681721333,11.256954671877017,11.349350929260254,1642800,0.0,0.0
2024-02-12 00:00:00-05:00,11.34935045818281,11.468696261528464,11.341650586812094,11.441746711730957,1434700,0.0,0.0
2024-02-13 00:00:00-05:00,11.333951252992804,11.403248625526002,11.280052888633575,11.37244987487793,1430400,0.0,0.0
2024-02-14 00:00:00-05:00,11.434046581760192,11.476394402021468,11.303151717025154,11.403247833251953,2210600,0.0,0.0
2024-02-15 00:00:00-05:00,11.410947494502329,11.553392171842255,11.410947494502329,11.53414249420166,2732600,0.0,0.0
2024-02-16 00:00:00-05:00,11.526444435119629,11.561093123812087,11.476396002874884,11.526444435119629,1663700,0.0,0.0
2024-02-20 00:00:00-05:00,11.518743515014648,11.549542265016019,11.44174627286116,11.518743515014648,1845100,0.0,0.0
2024-02-21 00:00:00-05:00,11.518743676629493,11.603440056746573,11.472545183829181,11.549542427062988,2599000,0.0,0.0
2024-02-22 00:00:00-05:00,11.703535938224555,11.819031800696907,11.580340939027472,11.695836067199707,4520700,0.0,0.0
2024-02-23 00:00:00-05:00,11.745886992902781,11.757436801896688,11.591893211152062,11.6111421585083,2993100,0.0,0.0
2024-02-26 00:00:00-05:00,11.618839196350104,11.641938074401866,11.54954182789472,11.59574031829834,1920500,0.0,0.0
2024-02-27 00:00:00-05:00,11.626540089051067,11.626540089051067,11.487945339958488,11.618840217590332,2021500,0.0,0.0
2024-02-28 00:00:00-05:00,11.634238011434165,11.638858227548255,11.549541637110055,11.580340385437012,1849800,0.0,0.0
2024-02-29 00:00:00-05:00,11.619048122455334,11.680975034457962,11.603566025341165,11.673233985900879,1840900,0.08,0.0
2024-03-01 00:00:00-05:00,11.657751156528398,11.688714608624045,11.557119752660814,11.650010108947754,1887400,0.0,0.0
2024-03-04 00:00:00-05:00,11.611305609271463,11.704195965558403,11.564860062014528,11.650010108947754,2077800,0.0,0.0
2024-03-05 00:00:00-05:00,11.650009285961746,11.688713782903854,11.580341339111328,11.580341339111328,1930800,0.0,0.0
2024-03-06 00:00:00-05:00,11.650010553375981,11.727418817454629,11.634528457624079,11.680974006652832,2163400,0.0,0.0
2024-03-07 00:00:00-05:00,11.696455364177778,11.73515986533058,11.657751601251935,11.680974006652832,2035000,0.0,0.0
2024-03-08 00:00:00-05:00,11.71193549296336,11.781603435692597,11.680972044886678,11.742898941040039,2288600,0.0,0.0
2024-03-11 00:00:00-04:00,11.742901728076136,11.812569687340224,11.692585651617847,11.750642776489258,2055800,0.0,0.0
2024-03-12 00:00:00-04:00,11.766120910644531,11.789343311292914,11.727416417412691,11.766120910644531,1344500,0.0,0.0
2024-03-13 00:00:00-04:00,11.797086135091693,11.897717537366233,11.789345087633594,11.835790634155273,1572400,0.0,0.0
2024-03-14 00:00:00-04:00,11.843530973360568,11.855141805626463,11.63452713385199,11.642268180847168,1623900,0.0,0.0
2024-03-15 00:00:00-04:00,11.650008970072534,11.797085168592329,11.603563427355997,11.781603813171387,2736900,0.0,0.0
2024-03-18 00:00:00-04:00,11.758381191683675,11.859012590155395,11.711936385144044,11.804826736450195,3760100,0.0,0.0
2024-03-19 00:00:00-04:00,11.78160250097861,11.84352939221889,11.73515696343501,11.797083854675293,1983200,0.0,0.0
2024-03-20 00:00:00-04:00,11.804827626321412,11.925585313590428,11.766123125802837,11.866754531860352,3077500,0.0,0.0
2024-03-21 00:00:00-04:00,11.866752570941713,11.982865315083469,11.851271216228664,11.928679466247559,1741300,0.0,0.0
2024-03-22 00:00:00-04:00,11.95964394294873,11.967384990084733,11.882235686269366,11.920939445495605,1268000,0.0,0.0
2024-03-25 00:00:00-04:00,11.936420512717495,12.017699285971359,11.91319811153451,11.928679466247559,2125000,0.0,0.0
2024-03-26 00:00:00-04:00,11.998346851907518,12.033180821180876,11.936419959471944,12.02156925201416,2518500,0.0,0.0
2024-03-27 00:00:00-04:00,12.08500999977067,12.147655768852134,12.061220821398477,12.108799934387207,2189600,0.37,0.0
2024-03-28 00:00:00-04:00,12.132589440866305,12.227746913172803,12.132589440866305,12.196027755737305,2798500,0.0,0.0
2024-04-01 00:00:00-04:00,12.21188721061605,12.235677146371318,12.10087053540233,12.116729736328125,1882000,0.0,0.0
2024-04-02 00:00:00-04:00,12.069149412017705,12.219815199378717,12.053289457430093,12.188096046447754,2605100,0.0,0.0
2024-04-03 00:00:00-04:00,12.17223656215466,12.235674866526299,12.12862244430757,12.132587432861328,2399300,0.0,0.0
2024-04-04 00:00:00-04:00,12.211887083059777,12.267396176331212,12.148448767530455,12.156378746032715,2699000,0.0,0.0
2024-04-05 00:00:00-04:00,12.203956709984082,12.27532424104142,12.164307577456027,12.26739501953125,1374700,0.0,0.0
2024-04-08 00:00:00-04:00,12.28325282922125,12.370481062163913,12.263428643322037,12.346691131591797,1730400,0.0,0.0
2024-04-09 00:00:00-04:00,12.370481062163913,12.425989387677086,12.330831934121269,12.346691131591797,1699300,0.0,0.0
2024-04-10 00:00:00-04:00,12.291182692848771,12.330831820526159,12.255498553563545,12.283252716064453,1606800,0.0,0.0
2024-04-11 00:00:00-04:00,12.28325354907709,12.354621832487522,12.231710208971922,12.32290267944336,2662500,0.0,0.0
2024-04-12 00:00:00-04:00,12.291182227318373,12.55286540133594,12.164305628551576,12.235673904418945,2088500,0.0,0.0
2024-04-15 00:00:00-04:00,12.338762300191268,12.354621498162057,12.116727478646299,12.132587432861328,3094200,0.0,0.0
2024-04-16 00:00:00-04:00,12.172238400701408,12.227746736349745,12.092940130137192,12.203957557678223,2046700,0.0,0.0
2024-04-17 00:00:00-04:00,12.251535863903554,12.283255020748026,12.108800036225606,12.17223834991455,1424900,0.0,0.0
2024-04-18 00:00:00-04:00,12.227745286125,12.275323637825197,12.156377002330437,12.251534461975098,1738000,0.0,0.0
2024-04-19 00:00:00-04:00,12.259464373355033,12.354621832487522,12.247569407371873,12.32290267944336,2232900,0.0,0.0
2024-04-22 00:00:00-04:00,12.370481938227336,12.54493690397893,12.354621983389407,12.521147727966309,2439700,0.0,0.0
2024-04-23 00:00:00-04:00,12.521149762904685,12.52907974161243,12.473570646902607,12.481500625610352,1999400,0.0,0.0
2024-04-24 00:00:00-04:00,12.497359152765773,12.568727440478952,12.481499197165375,12.537008285522461,1861700,0.0,0.0
2024-04-25 00:00:00-04:00,12.48942756652832,12.544935891492521,12.457708415656747,12.48942756652832,1183200,0.0,0.0
2024-04-26 00:00:00-04:00,12.513218509051676,12.64802510836846,12.489429331597043,12.632165908813477,1546900,0.0,0.0
2024-04-29 00:00:00-04:00,12.648024559020996,12.702739589165759,12.616305405044386,12.648024559020996,1796300,0.0,0.0
2024-04-30 00:00:00-04:00,12.60837459564209,12.6599186901061,12.580620432274193,12.60837459564209,1530100,0.0,0.0
2024-05-01 00:00:00-04:00,12.608374610399263,12.743181195124745,12.608374610399263,12.719392776489258,2009400,0.0,0.0
2024-05-02 00:00:00-04:00,12.790759544884189,12.814549476008144,12.671812914241345,12.719392776489258,1509000,0.0,0.0
2024-05-03 00:00:00-04:00,12.743182503069324,12.782832392345533,12.679744192716013,12.703534126281738,1325400,0.0,0.0
2024-05-06 00:00:00-04:00,12.774903003063153,12.957287964670792,12.766973024842557,12.949357986450195,3067800,0.0,0.0
2024-05-07 00:00:00-04:00,12.96521620864025,13.020724536270835,12.929532067665088,12.941426277160645,2204700,0.0,0.0
2024-05-08 00:00:00-04:00,12.92556632284091,12.953320486656201,12.862128018050454,12.941426277160645,2018500,0.0,0.0
2024-05-09 00:00:00-04:00,12.766972821225313,13.020726070282581,12.719394465149243,12.822481155395508,2836400,0.0,0.0
2024-05-10 00:00:00-04:00,12.925568701142144,13.131743607769373,12.90971025639295,13.12381362915039,2293600,0.0,0.0
2024-05-13 00:00:00-04:00,13.139672568975172,13.159496757743243,12.965217590332031,12.965217590332031,2662600,0.0,0.0
2024-05-14 00:00:00-04:00,13.012796152566223,13.1634627120763,13.004866174435305,13.092094421386719,2655900,0.0,0.0
2024-05-15 00:00:00-04:00,13.11588581572351,13.167428410578722,13.036587538076231,13.044517517089844,2573300,0.0,0.0
2024-05-16 00:00:00-04:00,13.068303350731828,13.131741657774661,12.949356714087585,12.989005088806152,2844300,0.0,0.0
2024-05-17 00:00:00-04:00,13.052445206068287,13.060375184609503,12.949358510009986,13.03658676147461,2142400,0.0,0.0
2024-05-20 00:00:00-04:00,13.052443055657239,13.179321178924567,13.052443055657239,13.115882873535156,1910500,0.0,0.0
2024-05-21 00:00:00-04:00,13.131741775131498,13.195180082741272,13.123811797619208,13.163461685180664,1393900,0.0,0.0
2024-05-22 00:00:00-04:00,13.147601127624512,13.184077812518543,13.100022777219754,13.147601127624512,1251000,0.0,0.0
2024-05-23 00:00:00-04:00,13.052445206068287,13.123813500450478,13.028656782933393,13.03658676147461,1609900,0.0,0.0
2024-05-24 00:00:00-04:00,13.0920934000586,13.163461685180664,13.08416342254631,13.163461685180664,1254400,0.0,0.0
2024-05-28 00:00:00-04:00,13.16346108192226,13.242759340922516,13.147601127624512,13.147601127624512,1438800,0.0,0.0
2024-05-29 00:00:00-04:00,13.100024181931197,13.211040848942742,13.076234247933586,13.195180892944336,1230500,0.0,0.0
2024-05-30 00:00:00-04:00,13.187249786569597,13.242759627814285,13.17139134441678,13.203109741210938,1468700,0.0,0.0
2024-05-31 00:00:00-04:00,13.211065305778787,13.417861204457724,13.211065305778787,13.409907341003418,1604100,0.05,0.0
2024-06-03 00:00:00-04:00,13.433765862965346,13.449673588036903,13.346276409160104,13.3621826171875,1383500,0.0,0.0
2024-06-04 00:00:00-04:00,13.306509604976615,13.314463469011827,13.123575283300069,13.155390739440918,2136500,0.0,0.0
2024-06-05 00:00:00-04:00,13.139483432928222,13.14743729721862,12.908825919640151,12.996316909790039,2550200,0.0,0.0
2024-06-06 00:00:00-04:00,12.996316152989719,13.06789941039038,12.98836228916249,13.044037818908691,1845100,0.0,0.0
2024-06-07 00:00:00-04:00,13.012223903841122,13.115621099690621,12.980408448475485,12.988362312316895,1626000,0.0,0.0
2024-06-10 00:00:00-04:00,12.956547586244875,13.00426924934747,12.884964333068824,12.892916679382324,1762200,0.0,0.0
2024-06-11 00:00:00-04:00,12.845192523262172,12.87700797051865,12.630443563935032,12.686119079589844,2958900,0.0,0.0
2024-06-12 00:00:00-04:00,12.805426758168045,12.805426758168045,12.654306393867438,12.709981918334961,1681600,0.0,0.0
2024-06-13 00:00:00-04:00,12.694074986733163,12.713958885950237,12.558862348195085,12.598630905151367,1639600,0.0,0.0
2024-06-14 00:00:00-04:00,12.558862448319374,12.654306530662089,12.503186923249991,12.622491836547852,1575600,0.0,0.0
2024-06-17 00:00:00-04:00,12.558862785957082,12.654306870865756,12.495233396017966,12.582723617553711,2014500,0.0,0.0
2024-06-18 00:00:00-04:00,12.566817184847311,12.61453885007416,12.503187792196718,12.542956352233887,1785200,0.0,0.0
2024-06-20 00:00:00-04:00,12.550909195143625,12.709982673445905,12.550909195143625,12.662261009216309,2056900,0.0,0.0
2024-06-21 00:00:00-04:00,12.638400909572606,12.670215607076916,12.439558860540124,12.471373558044434,5286800,0.0,0.0
2024-06-24 00:00:00-04:00,12.503186606071365,12.646352346692565,12.48727888015672,12.606584548950195,2067400,0.0,0.0
2024-06-25 00:00:00-04:00,12.582724718632688,12.604994931207967,12.495234489440918,12.495234489440918,1526800,0.0,0.0
2024-06-26 00:00:00-04:00,12.487280111910842,12.550909504801629,12.455465415465449,12.479326248168945,1857100,0.0,0.0
2024-06-27 00:00:00-04:00,12.503187022250108,12.606584968570623,12.37592824478552,12.39183521270752,2720000,0.0,0.0
2024-06-28 00:00:00-04:00,12.505895328257175,12.611807761931834,12.448864659770052,12.514041900634766,2268300,0.37,0.0
2024-07-01 00:00:00-04:00,12.497748601550823,12.624029414895839,12.481453902035835,12.538484573364258,1978900,0.0,0.0
2024-07-02 00:00:00-04:00,12.554779326561166,12.701428524002598,12.54663197626462,12.693281173706055,1807500,0.0,0.0
2024-07-03 00:00:00-04:00,12.725868392807309,12.786971959336535,12.636249880362708,12.668838500976562,1246200,0.0,0.0
2024-07-05 00:00:00-04:00,12.676987029431324,12.717722226256827,12.636251055631744,12.709575653076172,1537900,0.0,0.0
2024-07-08 00:00:00-04:00,12.750310396302666,12.791046368653042,12.58736728387521,12.628103256225586,1766400,0.0,0.0
2024-07-09 00:00:00-04:00,12.611807541172688,12.640323263404106,12.489600410933987,12.530336380004883,2045100,0.0,0.0
2024-07-10 00:00:00-04:00,12.538485071643045,12.68513348823556,12.530337721561775,12.66069221496582,1325500,0.0,0.0
2024-07-11 00:00:00-04:00,12.660690582107101,12.697352875770383,12.53848345454547,12.595513343811035,2028900,0.0,0.0
2024-07-12 00:00:00-04:00,12.628103534340125,12.839929973647994,12.628103534340125,12.766605377197266,2441800,0.0,0.0
2024-07-15 00:00:00-04:00,12.839928275162906,12.856222196122092,12.73401506951933,12.750308990478516,2570900,0.0,0.0
2024-07-16 00:00:00-04:00,12.758458597819606,12.789417907793526,12.595515474515379,12.636251449584961,1997700,0.0,0.0
2024-07-17 00:00:00-04:00,12.579220994430452,12.664766621275087,12.579220994430452,12.619956970214844,1986400,0.0,0.0
2024-07-18 00:00:00-04:00,12.61995636263436,12.660692336457542,12.440719320970878,12.50589656829834,1787500,0.0,0.0
2024-07-19 00:00:00-04:00,12.522189418254207,12.603661358916883,12.440718254565542,12.457012176513672,1174900,0.0,0.0
2024-07-22 00:00:00-04:00,12.473307051845735,12.628102808925282,12.473307051845735,12.60366153717041,1548400,0.0,0.0
2024-07-23 00:00:00-04:00,12.595513453227252,12.636249421759654,12.546630135593574,12.587366104125977,1584800,0.0,0.0
2024-07-24 00:00:00-04:00,12.571072738046615,12.603661358916883,12.424423555643402,12.457012176513672,1278000,0.0,0.0
2024-07-25 00:00:00-04:00,12.457012848736419,12.603662039053319,12.44886549883569,12.52219009399414,1283800,0.0,0.0
2024-07-26 00:00:00-04:00,12.562927070301162,12.628104320766544,12.533597074499507,12.619956970214844,1460900,0.0,0.0
2024-07-29 00:00:00-04:00,12.628101962959068,12.6525432330766,12.579218645750036,12.595513343811035,1637200,0.0,0.0
2024-07-30 00:00:00-04:00,12.65254375364437,12.8562228259431,12.615881458472678,12.774751663208008,2501500,0.0,0.0
2024-07-31 00:00:00-04:00,12.872520030778112,12.925476258017076,12.644399642944336,12.644399642944336,2229000,0.0,0.0
2024-08-01 00:00:00-04:00,12.652543342988231,12.689205636969996,12.5710721828974,12.587366104125977,1390500,0.0,0.0
2024-08-02 00:00:00-04:00,12.538484965024866,12.538484965024866,12.184083009243889,12.204450607299805,3778700,0.0,0.0
2024-08-05 00:00:00-04:00,11.63414960553639,12.033361219377985,11.389734537891803,11.788946151733398,6236700,0.0,0.0
2024-08-06 00:00:00-04:00,11.854123003325103,12.13112668559946,11.83782830343882,12.065949440002441,2668800,0.0,0.0
2024-08-07 00:00:00-04:00,12.20445056141939,12.285922507284894,11.947815252798952,11.960036277770996,2493200,0.0,0.0
2024-08-08 00:00:00-04:00,12.008917403637025,12.008917403637025,11.544529387250842,11.878562927246094,4115900,0.0,0.0
2024-08-09 00:00:00-04:00,11.821533312647105,11.878563203149278,11.691178833228433,11.813385963439941,2951600,0.0,0.0
2024-08-12 00:00:00-04:00,11.862271149161868,11.964110699361845,11.69932724726262,11.715621948242188,1999000,0.0,0.0
2024-08-13 00:00:00-04:00,11.691179605693955,11.764503422481159,11.59341296269628,11.66673755645752,2656200,0.0,0.0
2024-08-14 00:00:00-04:00,11.715620428349627,11.723767777782438,11.507867679656991,11.642295837402344,2223800,0.0,0.0
2024-08-15 00:00:00-04:00,11.780798068397393,11.87856393397643,11.683032202818357,11.772650718688965,2419100,0.0,0.0
2024-08-16 00:00:00-04:00,11.772650835039661,11.87856405137388,11.73598853796343,11.821534156799316,2552600,0.0,0.0
2024-08-19 00:00:00-04:00,11.903003856048265,11.91929855361692,11.805238001558166,11.84597396850586,2276900,0.0,0.0
2024-08-20 00:00:00-04:00,11.854123336513718,11.911153233770557,11.829682062971369,11.837828636169434,1204100,0.0,0.0
2024-08-21 00:00:00-04:00,11.894859141638229,11.976330311281519,11.870417091468582,11.951889038085938,1344000,0.0,0.0
2024-08-22 00:00:00-04:00,11.976330139422545,12.057802084870788,11.964109891487148,12.008918762207031,1446300,0.0,0.0
2024-08-23 00:00:00-04:00,12.155568233306074,12.188156856841449,12.033361089291935,12.147420883178711,1859800,0.0,0.0
2024-08-26 00:00:00-04:00,12.204450167167357,12.334805431735985,12.202006583831134,12.237039566040039,1831200,0.0,0.0
2024-08-27 00:00:00-04:00,12.237039950685041,12.395909390312916,12.228892600710775,12.31036376953125,1695800,0.0,0.0
2024-08-28 00:00:00-04:00,12.277776274278054,12.375542152026505,12.237041074613463,12.253334999084473,1489400,0.0,0.0
2024-08-29 00:00:00-04:00,12.269628859837269,12.367394730886984,12.261481509672942,12.302217483520508,1999500,0.0,0.0
2024-08-30 00:00:00-04:00,12.416731255337298,12.514887138058217,12.32675444445458,12.400371551513672,4019100,0.06,0.0
2024-09-03 00:00:00-04:00,12.318575564008004,12.384012820171971,12.154981643524462,12.187700271606445,1638500,0.0,0.0
2024-09-04 00:00:00-04:00,12.220418337030587,12.31039514516851,12.187699710455048,12.212239265441895,1188900,0.0,0.0
2024-09-05 00:00:00-04:00,12.236778227907092,12.294035630273465,12.159071196071583,12.204059600830078,1153400,0.0,0.0
2024-09-06 00:00:00-04:00,12.220420465720007,12.233508542688922,11.975031113695605,11.9995698928833,1811900,0.0,0.0
2024-09-09 00:00:00-04:00,12.06500663234216,12.122264041312743,11.991389517909298,12.048646926879883,1511500,0.0,0.0
2024-09-10 00:00:00-04:00,12.024105924751433,12.056824549550576,11.868692651973891,11.925950050354004,1772700,0.0,0.0
2024-09-11 00:00:00-04:00,11.885053717884857,11.999569315372277,11.770538900471125,11.983209609985352,1552300,0.0,0.0
2024-09-12 00:00:00-04:00,11.975030003783482,12.089544816094676,11.962760225290005,12.040467262268066,1328900,0.0,0.0
2024-09-13 00:00:00-04:00,12.097723773764217,12.208149431818294,12.07318499866562,12.105903625488281,1564200,0.0,0.0
2024-09-16 00:00:00-04:00,12.146801454777796,12.159070451634507,11.987297474978558,12.0241060256958,2133000,0.0,0.0
2024-09-17 00:00:00-04:00,12.032285876982645,12.065004502056466,11.994659029107295,12.0241060256958,1503100,0.0,0.0
2024-09-18 00:00:00-04:00,11.999568078890333,12.163161215533885,11.983208375189173,12.097723960876465,1443200,0.0,0.0
2024-09-19 00:00:00-04:00,12.236778634172166,12.261317410276222,12.167251451815988,12.220418930053711,1421500,0.0,0.0
2024-09-20 00:00:00-04:00,12.228598594665527,12.23677844659937,12.179521043209709,12.228598594665527,1799200,0.0,0.0
2024-09-23 00:00:00-04:00,12.228598594665527,12.310395553856715,12.204059818937617,12.228598594665527,1864400,0.0,0.0
2024-09-24 00:00:00-04:00,12.244960182647946,12.276860517995326,12.17543299065947,12.195881843566895,1735700,0.0,0.0
2024-09-25 00:00:00-04:00,12.228598690464041,12.26131731838211,12.109993956788651,12.122262954711914,1681500,0.0,0.0
2024-09-26 00:00:00-04:00,12.146802571559185,12.244958455805135,12.114083943477201,12.187700271606445,1783500,0.0,0.0
2024-09-27 00:00:00-04:00,12.187699959577003,12.32675432038377,12.174612664693996,12.26949691772461,2223000,0.0,0.0
2024-09-30 00:00:00-04:00,12.378522773023333,12.462387622282117,12.168859450173217,12.219178199768066,2900200,0.37,0.0
2024-10-01 00:00:00-04:00,12.168860082886608,12.189826096340894,12.026288951951452,12.076607704162598,2342100,0.0,0.0
2024-10-02 00:00:00-04:00,12.118539584761999,12.21498451880556,12.047254024859782,12.135313034057617,1810300,0.0,0.0
2024-10-03 00:00:00-04:00,12.244336457813535,12.412066929879067,12.219176287152221,12.328201293945312,2205300,0.0,0.0
2024-10-04 00:00:00-04:00,12.37852405741014,12.454002989436159,12.277885747976178,12.420456886291504,1681500,0.0,0.0
2024-10-07 00:00:00-04:00,12.403681152174327,12.479160070309995,12.391101065884369,12.437227249145508,1750600,0.0,0.0
2024-10-08 00:00:00-04:00,12.412070504003742,12.462389260211976,12.319818117951627,12.45400333404541,1660500,0.0,0.0
2024-10-09 00:00:00-04:00,12.454001302869536,12.479160676870304,12.39529503046497,12.403681755065918,1902200,0.0,0.0
2024-10-10 00:00:00-04:00,12.428842282956904,12.49593448638916,12.378523530283788,12.49593448638916,1057400,0.0,0.0
2024-10-11 00:00:00-04:00,12.53786819432654,12.53786819432654,12.428843156139083,12.45400333404541,1240800,0.0,0.0
2024-10-14 00:00:00-04:00,12.445615474562121,12.563026428222656,12.445615474562121,12.563026428222656,1264600,0.0,0.0
2024-10-15 00:00:00-04:00,12.604957116295918,12.734948935515785,12.563024297186347,12.579797744750977,2401800,0.0,0.0
2024-10-16 00:00:00-04:00,12.680438768052776,12.772690350166533,12.640183125049303,12.697212219238281,1745100,0.0,0.0
2024-10-17 00:00:00-04:00,12.722369797777926,12.726563159981527,12.66366432653162,12.688823699951172,1178900,0.0,0.0
2024-10-18 00:00:00-04:00,12.705595885036551,12.718175971188012,12.646890415933793,12.663663864135742,1242200,0.0,0.0
2024-10-21 00:00:00-04:00,12.68043824105614,12.789463269824342,12.655278865125675,12.772689819335938,1311100,0.0,0.0
2024-10-22 00:00:00-04:00,12.755916482604318,12.898487604879351,12.747529757811176,12.764303207397461,1378000,0.0,0.0
2024-10-23 00:00:00-04:00,12.7475297793457,12.806236053194773,12.599088109425121,12.655278205871582,1307900,0.0,0.0
2024-10-24 00:00:00-04:00,12.663665133510452,12.747529983520508,12.621732308604368,12.747529983520508,955800,0.0,0.0
2024-10-25 00:00:00-04:00,12.764304155613429,12.76849751832151,12.66366585002594,12.705597877502441,1101600,0.0,0.0
2024-10-28 00:00:00-04:00,12.74752939070576,12.86074777274641,12.713983292301352,12.839781761169434,1107900,0.0,0.0
2024-10-29 00:00:00-04:00,12.78946271772138,12.860748279615517,12.625925581529813,12.646891593933105,1528400,0.0,0.0
2024-10-30 00:00:00-04:00,12.680436975543968,12.78107526902423,12.655277602124418,12.688823699951172,1182800,0.0,0.0
2024-10-31 00:00:00-04:00,12.663665651760523,12.701405115740243,12.546253897178934,12.613346099853516,1500100,0.0,0.0
2024-11-01 00:00:00-04:00,12.588185811692089,12.613345185921535,12.395295143127441,12.395295143127441,1932800,0.0,0.0
2024-11-04 00:00:00-05:00,12.386910349592384,12.386910349592384,12.18982630068877,12.22756576538086,1848100,0.0,0.0
2024-11-05 00:00:00-05:00,12.227563607763479,12.328201895916846,12.219176883800193,12.294655799865723,1755300,0.0,0.0
2024-11-06 00:00:00-05:00,12.479160499266955,12.722369910618575,12.428840952179486,12.680437088012695,2199700,0.0,0.0
2024-11-07 00:00:00-05:00,12.588185085416843,12.66366400355251,12.403681152174327,12.437227249145508,2528100,0.0,0.0
2024-11-08 00:00:00-05:00,12.395295143127441,12.437227966711243,12.31981622063702,12.395295143127441,1766700,0.0,0.0
2024-11-11 00:00:00-05:00,12.487548214075353,12.583993153856008,12.428841937850585,12.462388038635254,1893200,0.0,0.0
2024-11-12 00:00:00-05:00,12.428842923485375,12.512708581998844,12.324011250244634,12.353363990783691,1737700,0.0,0.0
2024-11-13 00:00:00-05:00,12.37013733167343,12.512708469988755,12.353363880200009,12.420456886291504,1173800,0.0,0.0
2024-11-14 00:00:00-05:00,12.4707744156421,12.53786661533846,12.424648228425061,12.428841590881348,1650400,0.0,0.0
2024-11-15 00:00:00-05:00,12.47077358448428,12.512706406450276,12.445614211225505,12.47916030883789,1206600,0.0,0.0
2024-11-18 00:00:00-05:00,12.546252855142898,12.579798953693999,12.487547382628991,12.512706756591797,1300500,0.0,0.0
2024-11-19 00:00:00-05:00,12.462387413111411,12.66366480751885,12.462387413111411,12.604958534240723,1842300,0.0,0.0
2024-11-20 00:00:00-05:00,12.655277743757276,12.663664468258341,12.53786600014858,12.630118370056152,1720500,0.0,0.0
2024-11-21 00:00:00-05:00,12.680438763816525,12.680438763816525,12.563027004963736,12.638505935668945,1646900,0.0,0.0
2024-11-22 00:00:00-05:00,12.688824283863372,12.772689132388505,12.596572710545095,12.764303207397461,1865700,0.0,0.0
2024-11-25 00:00:00-05:00,12.8146203784725,12.848166473711878,12.70559536899402,12.739141464233398,2033700,0.0,0.0
2024-11-26 00:00:00-05:00,12.739142446790272,12.789461993431434,12.684630337747569,12.688823699951172,1754200,0.0,0.0
2024-11-27 00:00:00-05:00,12.755917430197265,12.764304155613429,12.66366585002594,12.705597877502441,3948300,0.0,0.0
2024-11-29 00:00:00-05:00,12.814982792372563,12.86546896230256,12.730840245756497,12.80656909942627,1044200,0.05,0.0
2024-12-02 00:00:00-05:00,12.873882519991366,12.89491795450059,12.732522056934233,12.86546802520752,2581000,0.0,0.0
2024-12-03 00:00:00-05:00,12.87388316092651,13.00851187436907,12.852846922919591,12.966440200805664,2546100,0.0,0.0
2024-12-04 00:00:00-05:00,12.974853515625,13.01271793814232,12.915953659464884,12.974853515625,1490500,0.0,0.0
2024-12-05 00:00:00-05:00,13.008513046673125,13.050584724027958,12.890712510569696,12.899127006530762,1737400,0.0,0.0
2024-12-06 00:00:00-05:00,12.949613179846661,13.008513046673125,12.865469825136996,12.899127006530762,1942500,0.0,0.0
2024-12-09 00:00:00-05:00,12.983269903934605,13.037962520854114,12.890712056524011,12.915955543518066,1905500,0.0,0.0
2024-12-10 00:00:00-05:00,12.932783022445022,12.983269191211198,12.87388316092651,12.966440200805664,1749700,0.0,0.0
2024-12-11 00:00:00-05:00,12.966440305463356,13.000097484095658,12.89071145292807,12.932783126831055,1262900,0.0,0.0
2024-12-12 00:00:00-05:00,12.865468582685926,12.974854612264602,12.798154226399115,12.814982414245605,1593000,0.0,0.0
2024-12-13 00:00:00-05:00,12.899125201892513,12.899125201892513,12.751874752976768,12.86546802520752,1429000,0.0,0.0
2024-12-16 00:00:00-05:00,12.739255285339231,12.768705218035398,12.64669743692216,12.697183609008789,2161400,0.0,0.0
2024-12-17 00:00:00-05:00,12.722425111325897,12.79815396119189,12.655110756433993,12.705596923828125,2296700,0.0,0.0
2024-12-18 00:00:00-05:00,12.76449909842476,12.873885145572467,12.520484317080044,12.537312507629395,2260100,0.0,0.0
2024-12-19 00:00:00-05:00,12.62986926178436,12.840226841218009,12.604625774487975,12.756083488464355,1946400,0.0,0.0
2024-12-20 00:00:00-05:00,12.76449524744998,13.008509955176862,12.697180900659827,12.781323432922363,8363900,0.0,0.0
2024-12-23 00:00:00-05:00,12.899125703641024,12.931100143103064,12.718218071003362,12.88229751586914,1576100,0.0,0.0
2024-12-24 00:00:00-05:00,12.890712310450501,13.025341033935547,12.857055129579239,13.025341033935547,840600,0.0,0.0
2024-12-26 00:00:00-05:00,13.000097880070795,13.021134118888257,12.873883656967864,12.983269691467285,1562800,0.0,0.0
2024-12-27 00:00:00-05:00,12.983269586057673,13.109483808135886,12.983269586057673,13.016926765441895,1271600,0.0,0.0
2024-12-30 00:00:00-05:00,13.016926161069328,13.134725882219461,12.958025498043844,13.033754348754883,2219700,0.0,0.0
2024-12-31 00:00:00-05:00,13.042374754023646,13.137196745718759,12.9561723455102,13.033754348754883,2044600,0.37,0.0
2025-01-02 00:00:00-05:00,12.999273865212244,13.244949666724,12.956172659909612,13.163058280944824,2681300,0.0,0.0
2025-01-03 00:00:00-05:00,13.180297457878188,13.214778255578778,13.119956267423923,13.154437065124512,1675800,0.0,0.0
2025-01-06 00:00:00-05:00,13.18891928486707,13.21477968040904,12.887211655891205,12.895832061767578,1940800,0.0,0.0
2025-01-07 00:00:00-05:00,12.887211696321536,12.982034517084827,12.844110488891602,12.844110488891602,1594400,0.0,0.0
2025-01-08 00:00:00-05:00,12.757908573175673,12.766528978860881,12.645845765529367,12.723427772521973,1955200,0.0,0.0
2025-01-10 00:00:00-05:00,12.654466027504034,12.66308561100422,12.51740437376202,12.542403221130371,2309100,0.0,0.0
2025-01-13 00:00:00-05:00,12.542402914701018,12.809628904681924,12.482060899151213,12.792388916015625,2179500,0.0,0.0
2025-01-14 00:00:00-05:00,12.887211615783885,13.042375632727106,12.869971626171944,12.947553634643555,3026800,0.0,0.0
2025-01-15 00:00:00-05:00,13.05961541200709,13.11133702418421,12.835490618138602,12.861351013183594,3813600,0.0,0.0
2025-01-16 00:00:00-05:00,12.930312903751473,12.973414111181409,12.801010103548819,12.844110488891602,2381800,0.0,0.0
2025-01-17 00:00:00-05:00,12.783768510638923,12.87428112292008,12.762218319284274,12.792388916015625,2832700,0.0,0.0
2025-01-21 00:00:00-05:00,12.762218813771844,12.878591002517876,12.732048215871497,12.861351013183594,3614600,0.0,0.0
2025-01-22 00:00:00-05:00,12.792390187803962,12.792390187803962,12.650156773296306,12.732048988342285,3153200,0.0,0.0
2025-01-23 00:00:00-05:00,12.740669106039553,12.792390723520679,12.706188301747876,12.749289512634277,2978100,0.0,0.0
2025-01-24 00:00:00-05:00,12.749287958876462,12.86997117023326,12.740667553332306,12.82686996459961,2558700,0.0,0.0
2025-01-27 00:00:00-05:00,12.809628904681924,12.878590503521325,12.744977508530873,12.792388916015625,2307000,0.0,0.0
2025-01-28 00:00:00-05:00,12.775147453411613,12.97341265652376,12.757907465624983,12.964792251586914,2298800,0.0,0.0
2025-01-29 00:00:00-05:00,12.973413399361862,12.990653388135627,12.723427396488942,12.87859058380127,3433300,0.0,0.0
2025-01-30 00:00:00-05:00,12.97341251373291,12.982032918574877,12.861349717048508,12.97341251373291,4273100,0.0,0.0
2025-01-31 00:00:00-05:00,12.973413298602178,13.059614885975728,12.904451699868495,13.025134086608887,8693400,0.0,0.0
2025-02-03 00:00:00-05:00,12.766528116992834,13.03289255123872,12.723426913563689,12.999273300170898,3225200,0.0,0.0
2025-02-04 00:00:00-05:00,12.990653561500766,13.050995578232007,12.964793166951447,13.016514778137207,4092100,0.0,0.0
2025-02-05 00:00:00-05:00,13.016515237265619,13.057030158253903,12.83549082486091,12.947553634643555,2930700,0.0,0.0
2025-02-06 00:00:00-05:00,13.033753703452566,13.0509945131365,12.930311311610133,12.97341251373291,2494200,0.0,0.0
2025-02-07 00:00:00-05:00,13.033754555280211,13.033754555280211,12.91393371524191,12.930312156677246,2580600,0.0,0.0
2025-02-10 00:00:00-05:00,12.930310896567786,13.042373689655149,12.895830100393752,12.990652084350586,2654000,0.0,0.0
2025-02-11 00:00:00-05:00,12.982034121156806,13.033754910825616,12.95617290423527,13.007894515991211,3200600,0.0,0.0
2025-02-12 00:00:00-05:00,12.973414240725065,13.2147798538208,12.956173428746073,13.2147798538208,2948000,0.0,0.0
2025-02-13 00:00:00-05:00,13.188919067382812,13.266501074816551,13.137197455064607,13.188919067382812,2664000,0.0,0.0
2025-02-14 00:00:00-05:00,13.180299011242385,13.309601812336814,13.171678605279514,13.266501426696777,2584000,0.0,0.0
2025-02-18 00:00:00-05:00,13.249261175531949,13.42166519165039,13.240640769204228,13.42166519165039,2278100,0.0,0.0
2025-02-19 00:00:00-05:00,13.344082049687351,13.499246062107431,13.318221654979713,13.482006072998047,3155100,0.0,0.0
2025-02-20 00:00:00-05:00,13.447525206194356,13.542347201044887,13.29236119454156,13.38718318939209,3618500,0.0,0.0
2025-02-21 00:00:00-05:00,13.447524162657416,13.559586137835993,13.292360163045451,13.300980567932129,2696700,0.0,0.0
2025-02-24 00:00:00-05:00,13.326842624262556,13.335463030225426,13.050996210147957,13.266501426696777,4453700,0.0,0.0
2025-02-25 00:00:00-05:00,13.266501179233941,13.36132317679531,13.22339997231072,13.232020378112793,4261400,0.0,0.0
2025-02-26 00:00:00-05:00,13.232020777851917,13.236330158795996,12.999274746687561,13.068236351013184,4060300,0.0,0.0
2025-02-27 00:00:00-05:00,13.10271686496378,13.145818072241015,13.050996073900816,13.085476875305176,3872400,0.0,0.0
2025-02-28 00:00:00-05:00,13.076829080743323,13.370884895324707,13.059532116546524,13.370884895324707,4915200,0.05,0.0
2025-03-03 00:00:00-05:00,13.37088288295494,13.474667126927734,13.180611356602887,13.232503890991211,3004200,0.0,0.0
2025-03-04 00:00:00-05:00,13.085476626746217,13.1200713763787,12.908178431779252,12.955745697021484,3657700,0.0,0.0
2025-03-05 00:00:00-05:00,12.973043363179118,12.973043363179118,12.77412376084957,12.82601547241211,2889000,0.0,0.0
2025-03-06 00:00:00-05:00,12.817366070582478,12.860609711705596,12.696284865202372,12.748176574707031,3219600,0.0,0.0
2025-03-07 00:00:00-05:00,12.82601557109368,13.050881855738474,12.82601557109368,12.964394569396973,4039300,0.0,0.0
2025-03-10 00:00:00-04:00,12.877907435139452,12.912502182908105,12.687635910009941,12.774123191833496,2693300,0.0,0.0
2025-03-11 00:00:00-04:00,12.800069434601467,12.834664183419152,12.480067801836913,12.540608406066895,7734600,0.0,0.0
2025-03-12 00:00:00-04:00,12.635743439376881,12.730879614821072,12.402229096967377,12.436823844909668,5671300,0.0,0.0
2025-03-13 00:00:00-04:00,12.480068073026276,12.622771518100627,12.16871450209759,12.177363395690918,4215400,0.0,0.0
2025-03-14 00:00:00-04:00,12.367634179716495,12.493039829989097,12.255201044242254,12.454120635986328,2760000,0.0,0.0
2025-03-17 00:00:00-04:00,12.57520386834236,12.951422504782942,12.570879421394316,12.886556625366211,7520800,0.0,0.0
2025-03-18 00:00:00-04:00,12.89520547624995,12.964394977580023,12.800070118122079,12.903854370117188,4207300,0.0,0.0
2025-03-19 00:00:00-04:00,12.903853963840255,13.07682771171937,12.895205070245327,12.964394569396973,6683700,0.0,0.0
2025-03-20 00:00:00-04:00,13.03358268737793,13.150340264124972,12.990339873593516,13.03358268737793,3817100,0.0,0.0
2025-03-21 00:00:00-04:00,12.955745697021484,13.076827733137122,12.938448734607189,12.955745697021484,10922900,0.0,0.0
2025-03-24 00:00:00-04:00,12.998988953074912,13.197909376139563,12.998988953074912,13.189260482788086,5589800,0.0,0.0
2025-03-25 00:00:00-04:00,13.22385566030518,13.284396266121421,13.033584124420559,13.120071411132812,3740200,0.0,0.0
2025-03-26 00:00:00-04:00,13.163315600908788,13.214342920730346,13.120071955757583,13.180612564086914,2454300,0.0,0.0
2025-03-27 00:00:00-04:00,13.197909122245077,13.2411527633667,13.059530130498965,13.2411527633667,3031300,0.0,0.0
2025-03-28 00:00:00-04:00,13.232504258182948,13.242017546083188,12.938448479698279,13.007637977600098,3048500,0.0,0.0
2025-03-31 00:00:00-04:00,12.945570215248608,13.016504777063119,12.732765684198394,12.998770713806152,3267500,0.37,0.0
2025-04-01 00:00:00-04:00,13.007637809953495,13.176107183696912,12.985471076379016,13.122906684875488,3009400,0.0,0.0
2025-04-02 00:00:00-04:00,13.025369618408616,13.145071996215613,13.008522598296373,13.105171203613281,2053700,0.0,0.0
2025-04-03 00:00:00-04:00,12.768232345581055,12.96330280390933,12.746065613192071,12.768232345581055,5956600,0.0,0.0
2025-04-04 00:00:00-04:00,12.45789409701968,12.46676112838371,11.734360911605256,11.792881965637207,11211700,0.0,0.0
2025-04-07 00:00:00-04:00,11.393875612061684,11.899284594858731,11.048068976375612,11.376141548156738,8918800,0.0,0.0
2025-04-08 00:00:00-04:00,11.79288111999578,11.933863187905066,10.923931557584337,11.065800666809082,9177300,0.0,0.0
2025-04-09 00:00:00-04:00,10.915066803233305,12.27169139503244,10.737729547850032,12.112088203430176,9267700,0.0,0.0
2025-04-10 00:00:00-04:00,11.925883513212607,12.058886440825654,11.442641318659097,11.606678009033203,5417000,0.0,0.0
2025-04-11 00:00:00-04:00,11.748547190614007,11.943617644888395,11.429341684570424,11.775147438049316,7451500,0.0,0.0
2025-04-14 00:00:00-04:00,11.970218925815935,12.050020520618446,11.76628226852658,11.899284362792969,5567500,0.0,0.0
2025-04-15 00:00:00-04:00,11.854949363179239,12.183021909568915,11.810615052454875,12.156421661376953,4417800,0.0,0.0
2025-04-16 00:00:00-04:00,12.120954444023404,12.22735628294307,11.956917747184763,11.996818542480469,3625300,0.0,0.0
2025-04-17 00:00:00-04:00,12.041153795613713,12.378093401360426,12.041153795613713,12.280558586120605,2907800,0.0,0.0
2025-04-21 00:00:00-04:00,12.183021134899029,12.227355442804352,11.849628898312707,11.961350440979004,2388100,0.0,0.0
2025-04-22 00:00:00-04:00,12.09435481662921,12.33375875508799,12.067753721328584,12.227356910705566,2798600,0.0,0.0
2025-04-23 00:00:00-04:00,12.55542903449402,12.750499498478153,12.360358570509886,12.413559913635254,2901500,0.0,0.0
2025-04-24 00:00:00-04:00,12.413560298451205,12.65739775178525,12.360358953676615,12.635231018066406,1661600,0.0,0.0
2025-04-25 00:00:00-04:00,12.599763968002284,12.706165813897625,12.599763968002284,12.644098281860352,1515700,0.0,0.0
2025-04-28 00:00:00-04:00,12.679564345283723,12.777099149912743,12.621929489125096,12.715031623840332,1859200,0.0,0.0
2025-04-29 00:00:00-04:00,12.679565958974399,12.697299177706247,12.443708484275739,12.582030296325684,1988600,0.0,0.0
2025-04-30 00:00:00-04:00,12.440160395064881,12.484494707564101,12.19632294472918,12.4224271774292,1856200,0.0,0.0
2025-05-01 00:00:00-04:00,12.48449440547839,12.521734922658228,12.28055775676595,12.289423942565918,1910500,0.0,0.0
2025-05-02 00:00:00-04:00,12.4490276494371,12.506661664792661,12.333758773119284,12.475627899169922,2635000,0.0,0.0
2025-05-05 00:00:00-04:00,12.351492917654994,12.429520430130374,12.25395725865072,12.27169132232666,1723700,0.0,0.0
2025-05-06 00:00:00-04:00,12.19189012963089,12.286765513095656,12.094355313012263,12.165289878845215,2841300,0.0,0.0
2025-05-07 00:00:00-04:00,12.200755972101318,12.289423747943406,12.094354133726828,12.156421661376953,3041100,0.0,0.0
2025-05-08 00:00:00-04:00,12.236223907435306,12.364792485260084,12.010119671667573,12.307158470153809,3119700,0.0,0.0
2025-05-09 00:00:00-04:00,12.280558451920244,12.369226234185662,12.222923590121354,12.316025733947754,2160900,0.0,0.0
2025-05-12 00:00:00-04:00,12.635230620949496,13.04310476604652,12.626363589497968,12.741632461547852,5431900,0.0,0.0
2025-05-13 00:00:00-04:00,12.750500009964547,13.069705544701701,12.687545437076881,12.927836418151855,3273000,0.0,0.0
2025-05-14 00:00:00-04:00,12.927834971817965,13.041330598602913,12.87463447811706,12.98990249633789,2324400,0.0,0.0
2025-05-15 00:00:00-04:00,12.945569038391113,13.034236809795294,12.865767452202732,12.945569038391113,3253700,0.0,0.0
2025-05-16 00:00:00-04:00,13.007637844250553,13.047538641275167,12.923402734353402,13.043105125427246,2425700,0.0,0.0
2025-05-19 00:00:00-04:00,12.998770093919722,13.074138167954317,12.874635039467428,13.051971435546875,2907900,0.0,0.0
2025-05-20 00:00:00-04:00,13.043103835645397,13.078571113314869,12.954435218668419,12.98990249633789,1834900,0.0,0.0
2025-05-21 00:00:00-04:00,12.856900870624612,12.918968397336954,12.648530712657013,12.679564476013184,3332500,0.0,0.0
2025-05-22 00:00:00-04:00,12.679564140376613,12.706164387462543,12.546561213733746,12.626362800598145,1510600,0.0,0.0
2025-05-23 00:00:00-04:00,12.50222866185092,12.750499625833555,12.44459380242221,12.706165313720703,2099000,0.0,0.0
2025-05-27 00:00:00-04:00,12.85690162400856,12.936703217661544,12.70705250976226,12.91896915435791,1632900,0.0,0.0
2025-05-28 00:00:00-04:00,12.936702728271484,13.003203771931037,12.883501385979852,12.936702728271484,1735500,0.0,0.0
2025-05-29 00:00:00-04:00,13.043103835645397,13.051970866464416,12.87463447811706,12.98990249633789,1679800,0.0,0.0
2025-05-30 00:00:00-04:00,12.945538648925595,13.025394744988011,12.847936377656326,12.998775482177734,3717100,0.01,0.0
2025-06-02 00:00:00-04:00,12.945540600391299,12.945540600391299,12.768969853676616,12.803574562072754,2030200,0.0,0.0
2025-06-03 00:00:00-04:00,12.865683453218496,12.892301871707353,12.7592089330788,12.874556541442871,2189700,0.0,0.0
2025-06-04 00:00:00-04:00,12.883429753627423,12.998776516917056,12.883429753627423,12.927793502807617,1713100,0.0,0.0
2025-06-05 00:00:00-04:00,12.92779210900214,12.960622362971774,12.830190686670594,12.892300605773926,1982500,0.0,0.0
2025-06-06 00:00:00-04:00,12.981031186481834,12.989904274791582,12.865683577007927,12.927793502807617,2305000,0.0,0.0
2025-06-09 00:00:00-04:00,12.989904526529623,13.180670851780528,12.981031438047918,13.04314136505127,2622800,0.0,0.0
2025-06-10 00:00:00-04:00,13.043141902213739,13.114124920622125,12.954413552295419,13.0697603225708,2547400,0.0,0.0
2025-06-11 00:00:00-04:00,13.052013834516893,13.192205410378676,13.03426765839513,13.087505340576172,2002600,0.0,0.0
2025-06-12 00:00:00-04:00,13.069759164454407,13.09282868570215,12.936666228278181,13.087505340576172,1994900,0.0,0.0
2025-06-13 00:00:00-04:00,12.989903112206864,13.060886119963389,12.905610473176917,12.945538520812988,1495800,0.0,0.0
2025-06-16 00:00:00-04:00,13.043142162017073,13.052015251040944,12.830193102550231,12.8568115234375,2030900,0.0,0.0
2025-06-17 00:00:00-04:00,12.803573092577302,12.918920697018494,12.741462323303281,12.839064598083496,1839200,0.0,0.0
2025-06-18 00:00:00-04:00,12.87455751243539,13.012087005548533,12.803574493655422,12.936667442321777,1993300,0.0,0.0
2025-06-20 00:00:00-04:00,12.910047609095887,12.94553911460208,12.785826916732086,12.839064598083496,2729400,0.0,0.0
2025-06-23 00:00:00-04:00,12.821318786371643,12.855923491778915,12.532062542879768,12.679352760314941,2712300,0.0,0.0
2025-06-24 00:00:00-04:00,12.768081016423336,12.865682440657181,12.710406793688273,12.741461753845215,2028400,0.0,0.0
2025-06-25 00:00:00-04:00,12.750335614261093,12.839064802531615,12.705971020125832,12.821318626403809,2186700,0.0,0.0
2025-06-26 00:00:00-04:00,12.883429036748835,13.074195347687883,12.883429036748835,12.981030464172363,2290700,0.0,0.0
2025-06-27 00:00:00-04:00,12.998775974066499,13.043140567578227,12.847936863837162,12.901174545288086,2512200,0.0,0.0
2025-06-30 00:00:00-04:00,12.928488738051431,13.101476047754415,12.847458297337626,13.055953025817871,3352600,0.37,0.0
2025-07-01 00:00:00-04:00,13.037744088265006,13.14608886824846,12.942146519114427,13.101476669311523,2836800,0.0,0.0
2025-07-02 00:00:00-04:00,13.146998073781269,13.219835429140295,13.065057677026271,13.192521095275879,2949500,0.0,0.0
2025-07-03 00:00:00-04:00,13.24714890258664,13.360956022250992,13.210730659025222,13.319985389709473,1443300,0.0,0.0
2025-07-07 00:00:00-04:00,13.283567659925719,13.308149519433751,13.083266878451049,13.128789901733398,3179300,0.0,0.0
2025-07-08 00:00:00-04:00,13.128789901733398,13.233492247487188,13.110580345108678,13.128789901733398,1996000,0.0,0.0
2025-07-09 00:00:00-04:00,13.19252171320845,13.210731269970989,12.992221798497262,13.110580444335938,2483200,0.0,0.0
2025-07-10 00:00:00-04:00,13.092372136852513,13.392822885942135,13.0878197475294,13.310881614685059,4009300,0.0,0.0
2025-07-11 00:00:00-04:00,13.283566962983441,13.37461213649187,13.219835254699602,13.338193893432617,2955000,0.0,0.0
2025-07-14 00:00:00-04:00,13.329090888119827,13.492972558864453,13.319986109667497,13.474763870239258,3450200,0.0,0.0
2025-07-15 00:00:00-04:00,13.474763920026499,13.556705189841304,13.433793285119096,13.465659141540527,3584000,0.0,0.0
2025-07-16 00:00:00-04:00,13.474763737376742,13.620436718059821,13.374612911947533,13.611331939697266,2661500,0.0,0.0
2025-07-17 00:00:00-04:00,13.565808869324998,13.784319207874619,13.56125734843889,13.74790096282959,2974500,0.0,0.0
2025-07-18 00:00:00-04:00,13.784319257671461,13.825289892030058,13.702377988954266,13.73879623413086,1896900,0.0,0.0
2025-07-21 00:00:00-04:00,13.793422137626367,13.793422137626367,13.465657955515349,13.492971420288086,4104000,0.0,0.0
2025-07-22 00:00:00-04:00,13.55670552486576,13.593123771430177,13.474764253025954,13.547600746154785,1937900,0.0,0.0
2025-07-23 00:00:00-04:00,13.63864540650548,13.665959741593149,13.556705006080838,13.611331939697266,1997900,0.0,0.0
2025-07-24 00:00:00-04:00,13.61133246057264,13.63864592842608,13.479316642381443,13.547600746154785,3311400,0.0,0.0
2025-07-25 00:00:00-04:00,13.529389515689978,13.556703848445217,13.44289673346986,13.520285606384277,2347300,0.0,0.0
2025-07-28 00:00:00-04:00,13.456554650435434,13.520287232918852,13.292672975585399,13.301776885986328,2154700,0.0,0.0
2025-07-29 00:00:00-04:00,13.301776401000067,13.33819464611442,13.05595346354804,13.247149467468262,2634200,0.0,0.0
2025-07-30 00:00:00-04:00,13.247150427991118,13.33819561323877,13.042297241694746,13.119686126708984,2181100,0.0,0.0
2025-07-31 00:00:00-04:00,13.083265915848996,13.183415865078066,12.983115966619923,13.001324653625488,2337700,0.0,0.0
2025-08-01 00:00:00-04:00,12.92848766327124,12.92848766327124,12.664455199924324,12.819232940673828,3045400,0.0,0.0
2025-08-04 00:00:00-04:00,12.87386260146934,12.919384757938008,12.783727377145388,12.828339576721191,2434200,0.0,0.0
2025-08-05 00:00:00-04:00,12.828338826791127,12.946698336905357,12.673561072663245,12.919384002685547,2499300,0.0,0.0
2025-08-06 00:00:00-04:00,12.992221931194125,13.010430619863182,12.846548080444336,12.846548080444336,2461800,0.0,0.0
2025-08-07 00:00:00-04:00,13.128788422172835,13.228938367483957,12.805575774744394,12.819232940673828,3174800,0.0,0.0
2025-08-08 00:00:00-04:00,12.837443788098696,12.992221544435788,12.819234231692244,12.901175498962402,2548200,0.0,0.0
2025-08-11 00:00:00-04:00,12.919384757938008,12.964907782686156,12.782816551973045,12.828339576721191,1854300,0.0,0.0
2025-08-12 00:00:00-04:00,12.84654690682095,13.037742895916004,12.828338219815386,13.001324653625488,2629300,0.0,0.0
2025-08-13 00:00:00-04:00,13.074161431245384,13.128789230045255,13.024086889648192,13.092370986938477,3125700,0.0,0.0
2025-08-14 00:00:00-04:00,12.996773119094911,13.06505808762253,12.96490726353106,13.019535064697266,2644800,0.0,0.0
2025-08-15 00:00:00-04:00,13.055953542924435,13.092371788260202,12.85565275943799,12.864757537841797,3039600,0.0,0.0
2025-08-18 00:00:00-04:00,12.855652525590362,12.92848901493698,12.855652525590362,12.892070770263672,2292500,0.0,0.0
2025-08-19 00:00:00-04:00,13.019534824932663,13.079624970969162,12.882965758671894,12.919384002685547,2605900,0.0,0.0
2025-08-20 00:00:00-04:00,12.919384286378293,13.001325554278191,12.805577162801642,12.882966041564941,2655400,0.0,0.0
2025-08-21 00:00:00-04:00,12.791921430250282,12.882966612176501,12.77826426223558,12.81013011932373,3173400,0.0,0.0
2025-08-22 00:00:00-04:00,12.837443178683818,13.033190691084087,12.837443178683818,12.983116149902344,2593700,0.0,0.0
2025-08-25 00:00:00-04:00,13.019535398337444,13.046848865480763,12.755502900540115,12.846548080444336,2399000,0.0,0.0
2025-08-26 00:00:00-04:00,12.901175498962402,12.928488965292642,12.82833900989547,12.901175498962402,2033200,0.0,0.0
2025-08-27 00:00:00-04:00,12.864757920916931,12.992222217527361,12.846548363567091,12.937594413757324,2009200,0.0,0.0
2025-08-28 00:00:00-04:00,12.946698188781738,12.98311643237873,12.828338680021664,12.946698188781738,2468500,0.0,0.0
2025-08-29 00:00:00-04:00,12.964933161717338,13.083459375718196,12.95581555998596,13.074341773986816,1572500,0.02,0.0
2025-09-02 00:00:00-04:00,12.974050521850586,13.092576741587749,12.919346647819527,12.974050521850586,3064600,0.0,0.0
2025-09-03 00:00:00-04:00,12.946698191594328,13.05610680583569,12.933022658253142,12.964933395385742,3049900,0.0,0.0
2025-09-04 00:00:00-04:00,12.96949188231409,13.101693628591454,12.946697878126715,13.092576026916504,2297200,0.0,0.0
2025-09-05 00:00:00-04:00,13.129045645370375,13.165515182793534,12.992285097409118,13.074341773986816,1996600,0.0,0.0
2025-09-08 00:00:00-04:00,13.074342331450296,13.074342331450296,12.937580908155448,13.046990394592285,2159400,0.0,0.0
2025-09-09 00:00:00-04:00,13.037872550758124,13.037872550758124,12.910228731949848,12.92846393585205,1985000,0.0,0.0
2025-09-10 00:00:00-04:00,12.946698744706952,12.983168284345467,12.837290125791403,12.901111602783203,1756500,0.0,0.0
2025-09-11 00:00:00-04:00,12.901111447953685,13.015078866644098,12.896553516368181,13.010520935058594,1787000,0.0,0.0
2025-09-12 00:00:00-04:00,13.001403488915932,13.046990630839678,12.896553671143,12.901111602783203,2055900,0.0,0.0
2025-09-15 00:00:00-04:00,12.819054738330207,12.837289071901294,12.463476103919453,12.499945640563965,6662000,0.0,0.0
2025-09-16 00:00:00-04:00,12.490829467773438,12.600238090221529,12.408772783561759,12.490829467773438,5478000,0.0,0.0
2025-09-17 00:00:00-04:00,12.509063639482468,12.664059392521061,12.454358898026694,12.527297973632812,3851600,0.0,0.0
2025-09-18 00:00:00-04:00,12.527298767938687,12.69141213320941,12.46347729011226,12.618473052978516,3243800,0.0,0.0
2025-09-19 00:00:00-04:00,12.636707542028798,12.7917033067808,12.582003665941288,12.773468971252441,6940500,0.0,0.0
2025-09-22 00:00:00-04:00,12.69141107944666,12.709645413239182,12.390537181100056,12.408771514892578,4868400,0.0,0.0
2025-09-23 00:00:00-04:00,12.436124397788653,12.518180204622883,12.281128646820068,12.372302055358887,2845200,0.0,0.0
2025-09-24 00:00:00-04:00,12.399654772724997,12.425183361715305,12.135250411679506,12.199071884155273,4396600,0.0,0.0
2025-09-25 00:00:00-04:00,12.14436761721542,12.235541898165442,12.08966374424731,12.18995475769043,3828500,0.0,0.0
2025-09-26 00:00:00-04:00,12.18995451401495,12.2446592553919,12.044076363012902,12.071428298950195,3286200,0.0,0.0
2025-09-29 00:00:00-04:00,12.126133600661651,12.135251202896185,11.92555069901395,12.044076919555664,4064900,0.0,0.0
2025-09-30 00:00:00-04:00,12.00655655891043,12.147258033665278,11.864916692645735,11.978416442871094,6815300,0.37,0.0
2025-10-01 00:00:00-04:00,11.875233822678391,11.912754273359914,11.69232173742573,11.734532356262207,7577500,0.0,0.0
2025-10-02 00:00:00-04:00,11.734533037123539,11.99717620713329,11.666058188292759,11.940895080566406,5609500,0.0,0.0
2025-10-03 00:00:00-04:00,11.959654886654375,11.978415559001718,11.828332863897256,11.87523365020752,4236700,0.0,0.0
2025-10-06 00:00:00-04:00,11.931514898997468,11.987795127519087,11.734532310055597,11.762672424316406,5223300,0.0,0.0
2025-10-07 00:00:00-04:00,11.818953547396129,11.903373890178557,11.607900454044799,11.762672424316406,6221700,0.0,0.0
2025-10-08 00:00:00-04:00,11.772052891857962,11.86585357195932,11.631350529868755,11.659491539001465,5324000,0.0,0.0
2025-10-09 00:00:00-04:00,11.69701214543891,11.69701214543891,11.392158365580457,11.471888542175293,5892500,0.0,0.0
2025-10-10 00:00:00-04:00,11.434368228009555,11.54693047827189,11.29366675701884,11.378087997436523,9139700,0.0,0.0
2025-10-13 00:00:00-04:00,11.453128524704443,11.781433138966895,11.429678578496315,11.725152015686035,5295100,0.0,0.0
2025-10-14 00:00:00-04:00,11.612591221221546,12.10973744007915,11.604149275963632,12.072216987609863,7920300,0.0,0.0
2025-10-15 00:00:00-04:00,12.12849811359287,12.269199586713164,11.990610025853115,12.072216987609863,6750100,0.0,0.0
2025-10-16 00:00:00-04:00,12.09097703740556,12.11911715166637,11.725151973782626,11.762672424316406,5524600,0.0,0.0
2025-10-17 00:00:00-04:00,11.762672391177956,11.898684583078543,11.706391268256793,11.818953514099121,6804400,0.0,0.0
2025-10-20 00:00:00-04:00,11.893995233286509,11.997176255423257,11.837714106493088,11.912755012512207,4882900,0.0,0.0
2025-10-21 00:00:00-04:00,11.92213509549183,12.269199502078175,11.912754758799677,12.156638145446777,4879200,0.0,0.0
2025-10-22 00:00:00-04:00,12.081597241025845,12.222298713175556,12.06283656764154,12.156638145446777,4898800,0.0,0.0
2025-10-23 00:00:00-04:00,12.194157600402832,12.250438721394858,12.067525749089327,12.194157600402832,5949500,0.0,0.0
2025-10-24 00:00:00-04:00,12.297339525993298,12.325480535860132,12.156638054891676,12.222298622131348,4241400,0.0,0.0
2025-10-27 00:00:00-04:00,12.194158340138499,12.415529271872732,12.175397667150385,12.381760597229004,4564000,0.0,0.0
2025-10-28 00:00:00-04:00,12.409900669397636,12.559983369111091,12.34424010328171,12.419281005859375,4403000,0.0,0.0
2025-10-29 00:00:00-04:00,12.353620663130418,12.415529453604377,12.189468350314158,12.250439643859863,3624200,0.0,0.0
2025-10-30 00:00:00-04:00,12.194157810685455,12.203538146772232,11.91275398998879,12.015935897827148,5570400,0.0,0.0
2025-10-31 00:00:00-04:00,12.006556301397978,12.306719918201532,11.950275175968242,12.212919235229492,3507700,0.0,0.0
2025-11-03 00:00:00-05:00,12.19415851470014,12.278579755238905,12.048766875193456,12.241059303283691,3503000,0.0,0.0
2025-11-04 00:00:00-05:00,12.231679089963512,12.231679089963512,12.001866207601308,12.109737396240234,3971000,0.0,0.0
2025-11-05 00:00:00-05:00,12.100357187968216,12.100357187968216,11.847094355668403,11.98779582977295,5003900,0.0,0.0
2025-11-06 00:00:00-05:00,11.462509285554942,11.707330168138524,11.195175952825208,11.349947929382324,12653300,0.0,0.0
2025-11-07 00:00:00-05:00,11.368707664776402,11.453128905223451,11.232696362045816,11.387468338012695,6286800,0.0,0.0
2025-11-10 00:00:00-05:00,11.44374764117678,11.490648425908425,11.190484834918786,11.331186294555664,5098500,0.0,0.0
2025-11-11 00:00:00-05:00,11.34994696154159,11.383714739323208,11.202678551219075,11.321805953979492,5456400,0.0,0.0
2025-11-12 00:00:00-05:00,11.293666804016945,11.392158549766823,11.256146351959407,11.349947929382324,4338700,0.0,0.0
2025-11-13 00:00:00-05:00,11.331187379739948,11.42498895818659,11.157655622539254,11.218626022338867,6738300,0.0,0.0
2025-11-14 00:00:00-05:00,11.152964537454626,11.190484986837697,11.059162966717906,11.162343978881836,3534300,0.0,0.0
2025-11-17 00:00:00-05:00,11.162344976662736,11.359327577171285,11.115445081660159,11.124824523925781,7466800,0.0,0.0
2025-11-18 00:00:00-05:00,11.012262348808594,11.084489863523947,10.927841112773402,11.021642684936523,10352600,0.0,0.0
2025-11-19 00:00:00-05:00,11.115445005475664,11.459695134613801,10.923152574696962,11.228006362915039,13059500,0.0,0.0
2025-11-20 00:00:00-05:00,11.368707740029297,11.443748644354919,11.162344805854769,11.284286499023438,10220000,0.0,0.0
2025-11-21 00:00:00-05:00,11.331187001001464,11.692321903024713,11.284286213345775,11.57507038116455,12195300,0.0,0.0
2025-11-24 00:00:00-05:00,11.612590494942841,11.893994318141921,11.60321015877265,11.865853309631348,9688900,0.0,0.0
2025-11-25 00:00:00-05:00,11.893995065780288,12.09097766494586,11.80019348729834,12.081597328186035,7157400,0.0,0.0
2025-11-26 00:00:00-05:00,12.072216737272315,12.339550067392159,12.05345695870576,12.316100120544434,7800200,0.0,0.0
2025-11-28 00:00:00-05:00,12.34424019264516,12.423971264030891,12.325480414143996,12.353620529174805,3491400,0.0,0.0
2025-12-01 00:00:00-05:00,12.316099988454614,12.541222696187614,12.316099988454614,12.419281005859375,5592700,0.0,0.0
2025-12-02 00:00:00-05:00,12.447422066324384,12.49901212795941,12.316100038995508,12.400521278381348,3940600,0.0,0.0
2025-12-03 00:00:00-05:00,12.400521063333935,12.606883095411604,12.400521063333935,12.578742980957031,2949800,0.0,0.0
2025-12-04 00:00:00-05:00,12.58812327522687,12.67254451286657,12.550602824560128,12.616263389587402,3120800,0.0,0.0
2025-12-05 00:00:00-05:00,12.578743841576813,12.733515823503398,12.541223388217585,12.644404411315918,3418800,0.0,0.0
2025-12-08 00:00:00-05:00,12.625643900383233,12.653784015132667,12.409900635149251,12.47556209564209,4189600,0.0,0.0
2025-12-09 00:00:00-05:00,12.49432183146456,12.592813574589805,12.489631663262585,12.513082504272461,4162400,0.0,0.0
2025-12-10 00:00:00-05:00,12.550602912902832,12.59750370020592,12.484942347413378,12.550602912902832,3920500,0.0,0.0
2025-12-11 00:00:00-05:00,12.5928137350697,12.6162636818203,12.316100069533606,12.334859848022461,4087300,0.0,0.0
2025-12-12 00:00:00-05:00,12.381760774476207,12.461491846700802,12.217608461712848,12.241059303283691,3334300,0.0,0.0
2025-12-15 00:00:00-05:00,12.353620703006992,12.423971438853009,12.119117653814845,12.20353889465332,4314900,0.0,0.0
2025-12-16 00:00:00-05:00,12.194157591086187,12.278578825230689,12.137876470137162,12.175396919250488,3384600,0.0,0.0
2025-12-17 00:00:00-05:00,12.212919311075856,12.334860110240989,12.109737396240234,12.109737396240234,4758700,0.0,0.0
2025-12-18 00:00:00-05:00,12.175398183579125,12.222298973480616,11.85647478027695,11.912755012512207,5008300,0.0,0.0
2025-12-19 00:00:00-05:00,11.903373759754018,11.931514768264591,11.790812409386005,11.865853309631348,6630900,0.0,0.0
2025-12-22 00:00:00-05:00,11.828332863897256,11.922134436517782,11.790812413760664,11.87523365020752,5565000,0.0,0.0
2025-12-23 00:00:00-05:00,11.828333951668444,11.882739190832543,11.725152927943485,11.772053718566895,4184200,0.0,0.0
2025-12-24 00:00:00-05:00,11.725152883308139,11.851784749141828,11.725152883308139,11.809574127197266,2665300,0.0,0.0
2025-12-26 00:00:00-05:00,11.828333721990798,11.9784164279831,11.764549041587104,11.940895080566406,3565800,0.0,0.0
2025-12-29 00:00:00-05:00,11.94089421873038,12.034695791385655,11.875233654606545,11.884613990783691,5297000,0.0,0.0
2025-12-30 00:00:00-05:00,11.893995196507845,12.044077008082,11.865854185919071,11.969036102294922,5007200,0.0,0.0
2025-12-31 00:00:00-05:00,11.96903616004264,12.113939372991217,11.949715240304343,12.00767707824707,6011700,0.37,0.0
2026-01-02 00:00:00-05:00,12.075297937793254,12.210541606354502,11.911073812137497,12.133259773254395,3214300,0.0,0.0
2026-01-05 00:00:00-05:00,12.191221034390313,12.326464706800426,12.133260118551798,12.22020149230957,4076200,0.0,0.0
2026-01-06 00:00:00-05:00,12.17190106430964,12.220201520529226,11.940054636603744,12.075298309326172,4163400,0.0,0.0
2026-01-07 00:00:00-05:00,12.075297953209596,12.09461887214535,11.775830158610265,11.843452453613281,4950700,0.0,0.0
2026-01-08 00:00:00-05:00,11.785491134475391,12.27816353365876,11.785491134475391,12.191221237182617,3686300,0.0,0.0
2026-01-09 00:00:00-05:00,12.268502520543523,12.307143437093575,12.11876908407108,12.133259773254395,2775400,0.0,0.0
2026-01-12 00:00:00-05:00,12.084958741171603,12.239522411770507,12.055977361980199,12.22020149230957,3022000,0.0,0.0
2026-01-13 00:00:00-05:00,12.268503279139686,12.355445577071226,12.00767730661725,12.01733684539795,3581700,0.0,0.0
2026-01-14 00:00:00-05:00,12.046317655953661,12.257876746238464,12.0028465090434,12.24918270111084,4322000,0.0,0.0
2026-01-15 00:00:00-05:00,12.239522527825766,12.345784822052055,12.176730460254475,12.297483444213867,4192500,0.0,0.0
2026-01-16 00:00:00-05:00,12.316804188120244,12.326464647804475,12.104278681427852,12.181560516357422,3973000,0.0,0.0
2026-01-20 00:00:00-05:00,12.007676817080908,12.092686282518411,11.896583373546303,11.998016357421875,4138000,0.0,0.0
2026-01-21 00:00:00-05:00,12.065637595732035,12.254012871859475,12.065637595732035,12.210541725158691,2861300,0.0,0.0
2026-01-22 00:00:00-05:00,12.316804188120244,12.333226785329009,12.171900977945333,12.181560516357422,2181200,0.0,0.0
2026-01-23 00:00:00-05:00,12.200881959011973,12.200881959011973,11.998016903303093,12.055977821350098,2659200,0.0,0.0
2026-01-26 00:00:00-05:00,12.05597709449518,12.05597709449518,11.78549067694836,11.88209342956543,5760900,0.0,0.0
2026-01-27 00:00:00-05:00,11.848282944598033,11.978695465201438,11.795151337625297,11.853113174438477,2885800,0.0,0.0
2026-01-28 00:00:00-05:00,11.882093301111846,11.93039467689821,11.64541757315799,11.659907341003418,4204000,0.0,0.0
2026-01-29 00:00:00-05:00,11.65990745937382,11.746849752417482,11.592286085349693,11.737189292907715,3570500,0.0,0.0
2026-01-30 00:00:00-05:00,11.679228403152289,11.727529779531398,11.515004276226591,11.592286109924316,4232900,0.0,0.0
2026-02-02 00:00:00-05:00,11.515004705952832,11.553645624243726,10.964371389989529,11.099614143371582,14522300,0.0,0.0
2026-02-03 00:00:00-05:00,11.012671254168412,11.022331713539225,10.548980259634721,10.713204383850098,13167700,0.0,0.0
2026-02-04 00:00:00-05:00,10.829127110053197,10.901578712640003,10.655242526827172,10.858107566833496,9362300,0.0,0.0
2026-02-05 00:00:00-05:00,10.62626228544076,10.684224121448354,10.33645494794704,10.53931999206543,12079900,0.0,0.0
2026-02-06 00:00:00-05:00,10.655243318036195,11.18655664524583,10.635923319172086,11.070633888244629,9928600,0.0,0.0
2026-02-09 00:00:00-05:00,10.945050135546076,11.360440685426113,10.930559446153005,11.341119766235352,5569700,0.0,0.0
2026-02-10 00:00:00-05:00,11.350780290230347,11.626096941355796,11.25417753627272,11.524664878845215,3856300,0.0,0.0
2026-02-11 00:00:00-05:00,11.543985366821289,11.601947205910298,11.331459851857828,11.543985366821289,3480000,0.0,0.0
2026-02-12 00:00:00-05:00,11.601946826438768,11.645417974015643,11.331459481233281,11.457042694091797,9008800,0.0,0.0
2026-02-13 00:00:00-05:00,11.418401445187053,11.418401445187053,11.070633195931489,11.080293655395508,4921500,0.0,0.0
2026-02-17 00:00:00-05:00,11.109274052783661,11.184623977908046,10.949880157572867,11.04165267944336,6003200,0.0,0.0
2026-02-18 00:00:00-05:00,11.041652856314327,11.273498358285282,10.954710562757185,11.157575607299805,6363800,0.0,0.0
2026-02-19 00:00:00-05:00,11.597116197828118,11.68888871969861,10.80980625991411,11.04165267944336,13575400,0.0,0.0
2026-02-20 00:00:00-05:00,10.896748610667647,11.230027091999304,10.771165401451775,11.080293655395508,8879800,0.0,0.0
2026-02-23 00:00:00-05:00,10.964370964186577,11.312139215299005,10.964370964186577,11.118934631347656,11807300,0.0,0.0
2026-02-24 00:00:00-05:00,11.022332365182013,11.379761091584363,10.928627930543945,11.283159255981445,11438600,0.0,0.0
2026-02-25 00:00:00-05:00,11.331459795735507,11.572965768411255,11.167236581886396,11.50534439086914,7670600,0.0,0.0
2026-02-26 00:00:00-05:00,11.534324824101848,11.548815514088298,11.15274586718035,11.321800231933594,7158300,0.0,0.0
2026-02-27 00:00:00-05:00,11.157575686498264,11.225197061401749,10.800146971437915,10.90640926361084,7094500,0.0,0.0
2026-03-02 00:00:00-05:00,10.722865475864227,11.230027646216762,10.606941799119257,11.13825511932373,6501500,0.0,0.0
2026-03-03 00:00:00-05:00,10.86776888888815,11.28798969128492,10.848447968652813,11.109274864196777,6411900,0.0,0.0
2026-03-04 00:00:00-05:00,11.176895605161318,11.26383789871846,10.964371022324007,11.157575607299805,6848000,0.0,0.0
2026-03-05 00:00:00-05:00,11.118934950433003,11.461872981629089,11.109274490640173,11.167236328125,6780400,0.0,0.0
2026-03-06 00:00:00-05:00,11.070633195931489,11.230027091999304,10.935389527251598,11.080293655395508,7773300,0.0,0.0
2026-03-09 00:00:00-04:00,10.925730357386836,11.041653111046667,10.829127602034234,11.022332191467285,8489000,0.0,0.0
2026-03-10 00:00:00-04:00,11.012671411452958,11.147915080759576,10.867768203909678,10.974030494689941,7393900,0.0,0.0
2026-03-11 00:00:00-04:00,10.964370921265992,11.128595047299807,10.602111982298245,10.790486335754395,9104100,0.0,0.0
2026-03-12 00:00:00-04:00,10.645583322931914,10.800146992308354,10.500679191937397,10.616601943969727,10256200,0.0,0.0
2026-03-13 00:00:00-04:00,10.713204638608705,10.833957619799024,10.524830282758888,10.577960968017578,5884200,0.0,0.0
2026-03-16 00:00:00-04:00,10.645583497331724,10.742185331638495,10.500679363963334,10.732524871826172,6057100,0.0,0.0
2026-03-17 00:00:00-04:00,10.809806739201871,11.099614085508893,10.79048674079322,11.060973167419434,5267300,0.0,0.0
2026-03-18 00:00:00-04:00,11.003011932353514,11.287989040489453,10.9836910132321,11.01267147064209,5813700,0.0,0.0
2026-03-19 00:00:00-04:00,10.964371073900256,11.109274282995694,10.920899926917198,11.051312446594238,5260800,0.0,0.0
2026-03-20 00:00:00-04:00,11.051312734938492,11.118935032716573,10.732524929593199,10.77116584777832,6664500,0.0,0.0
2026-03-23 00:00:00-04:00,10.896748602183926,11.046482959943267,10.771165393065827,10.935389518737793,4482300,0.0,0.0
2026-03-24 00:00:00-04:00,10.80014705657959,10.940220037308505,10.684224303857409,10.80014705657959,5770800,0.0,0.0
2026-03-25 00:00:00-04:00,10.887088944885909,11.051312147489018,10.727694129413978,10.858107566833496,3771800,0.0,0.0
2026-03-26 00:00:00-04:00,10.800147169240281,10.935389921524193,10.693883953849031,10.732524871826172,5543400,0.0,0.0
2026-03-27 00:00:00-04:00,10.674563541427561,10.742184914946467,10.413736664245292,10.462038040161133,6984100,0.0,0.0
2026-03-30 00:00:00-04:00,10.558641376380574,10.606941833697576,10.404077701912964,10.520000457763672,7651800,0.0,0.0
2026-03-31 00:00:00-04:00,10.630000114440918,11.09000015258789,10.619999885559082,11.0600004196167,9788700,0.37,0.0
2026-04-01 00:00:00-04:00,11.079999923706055,11.079999923706055,10.704999923706055,10.760000228881836,6911700,0.0,0.0
2026-04-02 00:00:00-04:00,10.5600004196167,10.9350004196167,10.520000457763672,10.859999656677246,7865300,0.0,0.0
2026-04-06 00:00:00-04:00,10.84000015258789,11.0600004196167,10.8100004196167,11.039999961853027,3751200,0.0,0.0
2026-04-07 00:00:00-04:00,10.970000267028809,11.09000015258789,10.850000381469727,10.899999618530273,5048100,0.0,0.0
2026-04-08 00:00:00-04:00,11.140000343322754,11.289999961853027,10.729999542236328,10.75,5417700,0.0,0.0
2026-04-09 00:00:00-04:00,10.670000076293945,10.850000381469727,10.649999618530273,10.760000228881836,6221400,0.0,0.0
2026-04-10 00:00:00-04:00,10.84000015258789,10.989999771118164,10.75,10.869999885559082,4283300,0.0,0.0
2026-04-13 00:00:00-04:00,10.710000038146973,10.949999809265137,10.699999809265137,10.930000305175781,5222000,0.0,0.0
2026-04-14 00:00:00-04:00,11.0600004196167,11.380000114440918,11.029999732971191,11.34000015258789,5303700,0.0,0.0
2026-04-15 00:00:00-04:00,11.390000343322754,11.65999984741211,11.380000114440918,11.630000114440918,6326600,0.0,0.0
2026-04-16 00:00:00-04:00,11.680000305175781,11.739999771118164,11.555000305175781,11.600000381469727,4994300,0.0,0.0
2026-04-17 00:00:00-04:00,11.600000381469727,11.880000114440918,11.600000381469727,11.789999961853027,4371400,0.0,0.0
2026-04-20 00:00:00-04:00,11.699999809265137,11.838000297546387,11.66100025177002,11.779999732971191,3774900,0.0,0.0
2026-04-21 00:00:00-04:00,11.819999694824219,11.850000381469727,11.479999542236328,11.510000228881836,3733700,0.0,0.0
2026-04-22 00:00:00-04:00,11.670000076293945,11.725000381469727,11.5,11.609999656677246,2662000,0.0,0.0
2026-04-23 00:00:00-04:00,11.579999923706055,11.585000038146973,11.279999732971191,11.350000381469727,2734800,0.0,0.0
2026-04-24 00:00:00-04:00,11.40999984741211,11.529999732971191,11.234999656677246,11.270000457763672,3508100,0.0,0.0
2026-04-27 00:00:00-04:00,11.319999694824219,11.375,11.074999809265137,11.1899995803833,3645500,0.0,0.0
2026-04-28 00:00:00-04:00,11.239999771118164,11.359999656677246,11.079999923706055,11.359999656677246,2843300,0.0,0.0
2026-04-29 00:00:00-04:00,11.350000381469727,11.40999984741211,11.15999984741211,11.270000457763672,2292500,0.0,0.0
2026-04-30 00:00:00-04:00,11.279999732971191,11.779999732971191,11.239999771118164,11.720000267028809,3366600,0.0,0.0
2026-05-01 00:00:00-04:00,11.850000381469727,11.949999809265137,11.75,11.859999656677246,3425500,0.0,0.0
2026-05-04 00:00:00-04:00,11.800000190734863,11.965999603271484,11.739999771118164,11.800000190734863,2986500,0.0,0.0
2026-05-05 00:00:00-04:00,11.8100004196167,11.958000183105469,11.640000343322754,11.90999984741211,2734200,0.0,0.0
2026-05-06 00:00:00-04:00,11.960000038146973,11.979999542236328,11.664999961853027,11.760000228881836,4421300,0.0,0.0
2026-05-07 00:00:00-04:00,11.100000381469727,11.574999809265137,11.020999908447266,11.390000343322754,8583900,0.0,0.0
2026-05-08 00:00:00-04:00,11.390000343322754,11.390000343322754,11.164999961853027,11.350000381469727,4313300,0.0,0.0
2026-05-11 00:00:00-04:00,11.25,11.300000190734863,11.109999656677246,11.119999885559082,3994600,0.0,0.0
2026-05-12 00:00:00-04:00,11.140000343322754,11.239999771118164,11.024999618530273,11.170000076293945,3252600,0.0,0.0
2026-05-13 00:00:00-04:00,11.130000114440918,11.270000457763672,11.055000305175781,11.170000076293945,3980600,0.0,0.0
2026-05-14 00:00:00-04:00,11.229999542236328,11.354999542236328,11.1899995803833,11.260000228881836,2797700,0.0,0.0
2026-05-15 00:00:00-04:00,11.25,11.3100004196167,11.100000381469727,11.210000038146973,3347000,0.0,0.0
2026-05-18 00:00:00-04:00,11.15999984741211,11.170999526977539,10.975000381469727,11.010000228881836,4759900,0.0,0.0
2026-05-19 00:00:00-04:00,11.010000228881836,11.170000076293945,10.91100025177002,11.050000190734863,3544200,0.0,0.0
2026-05-20 00:00:00-04:00,11.0600004196167,11.25,10.960000038146973,11.119999885559082,2918500,0.0,0.0
2026-05-21 00:00:00-04:00,11.15999984741211,11.295000076293945,11.0600004196167,11.180000305175781,2641800,0.0,0.0
2026-05-22 00:00:00-04:00,11.220000267028809,11.279999732971191,11.005000114440918,11.029999732971191,2484400,0.0,0.0
2026-05-26 00:00:00-04:00,11.050000190734863,11.324999809265137,11.039999961853027,11.1899995803833,2540300,0.0,0.0
2026-05-27 00:00:00-04:00,11.1899995803833,11.350000381469727,11.170000076293945,11.170000076293945,2341900,0.0,0.0
2026-05-28 00:00:00-04:00,11.100000381469727,11.3149995803833,11.074999809265137,11.109999656677246,3086000,0.0,0.0
2026-05-29 00:00:00-04:00,11.109999656677246,11.369999885559082,11.074999809265137,11.260000228881836,5594000,0.0,0.0
