Date,Open,High,Low,Close,Volume,Dividends,Stock Splits
2020-08-13 00:00:00-04:00,2.124000072479248,2.24399995803833,2.115999937057495,2.180000066757202,5600,0.0,0.0
2020-08-14 00:00:00-04:00,2.180000066757202,2.299999952316284,2.180000066757202,2.299999952316284,7700,0.0,0.0
2020-08-17 00:00:00-04:00,2.3480000495910645,2.3480000495910645,2.2309999465942383,2.2309999465942383,9900,0.0,0.0
2020-08-18 00:00:00-04:00,2.200000047683716,2.200000047683716,2.0840001106262207,2.1089999675750732,6700,0.0,0.0
2020-08-19 00:00:00-04:00,2.121000051498413,2.180000066757202,1.9850000143051147,2.049999952316284,12500,0.0,0.0
2020-08-20 00:00:00-04:00,2.0290000438690186,2.0299999713897705,1.9800000190734863,2.0,5700,0.0,0.0
2020-08-21 00:00:00-04:00,1.9930000305175781,2.0999999046325684,1.968000054359436,1.9759999513626099,10700,0.0,0.0
2020-08-24 00:00:00-04:00,2.003000020980835,2.063999891281128,1.9900000095367432,2.000999927520752,35100,0.0,0.0
2020-08-25 00:00:00-04:00,2.0,2.0,2.0,2.0,4700,0.0,0.0
2020-08-26 00:00:00-04:00,2.0299999713897705,2.061000108718872,2.0,2.061000108718872,15900,0.0,0.0
2020-08-27 00:00:00-04:00,2.062000036239624,2.062000036239624,2.062000036239624,2.062000036239624,400,0.0,0.0
2020-08-28 00:00:00-04:00,2.058000087738037,2.1500000953674316,2.049999952316284,2.1500000953674316,3600,0.0,0.0
2020-08-31 00:00:00-04:00,2.1449999809265137,2.200000047683716,2.1449999809265137,2.1600000858306885,24600,0.0,0.0
2020-09-01 00:00:00-04:00,2.1649999618530273,2.200000047683716,2.1549999713897705,2.180000066757202,4000,0.0,0.0
2020-09-02 00:00:00-04:00,2.187999963760376,2.187999963760376,2.118000030517578,2.118000030517578,2300,0.0,0.0
2020-09-03 00:00:00-04:00,2.125,2.1500000953674316,2.049999952316284,2.109999895095825,12400,0.0,0.0
2020-09-04 00:00:00-04:00,2.053999900817871,2.1500000953674316,2.053999900817871,2.1500000953674316,6500,0.0,0.0
2020-09-08 00:00:00-04:00,2.1500000953674316,2.1500000953674316,2.0969998836517334,2.130000114440918,12900,0.0,0.0
2020-09-09 00:00:00-04:00,2.130000114440918,2.444000005722046,2.1089999675750732,2.444000005722046,10700,0.0,0.0
2020-09-10 00:00:00-04:00,2.444000005722046,2.4800000190734863,2.384999990463257,2.430000066757202,50900,0.0,0.0
2020-09-11 00:00:00-04:00,2.492000102996826,2.805000066757202,2.492000102996826,2.759000062942505,59400,0.0,0.0
2020-09-14 00:00:00-04:00,2.8369998931884766,2.9749999046325684,2.740000009536743,2.869999885559082,38500,0.0,0.0
2020-09-15 00:00:00-04:00,2.8949999809265137,2.9660000801086426,2.8949999809265137,2.9230000972747803,6800,0.0,0.0
2020-09-16 00:00:00-04:00,2.950000047683716,2.986999988555908,2.930999994277954,2.9579999446868896,8600,0.0,0.0
2020-09-17 00:00:00-04:00,2.9170000553131104,2.9600000381469727,2.878000020980835,2.930000066757202,30400,0.0,0.0
2020-09-18 00:00:00-04:00,2.9100000858306885,2.921999931335449,2.9000000953674316,2.9000000953674316,2300,0.0,0.0
2020-09-21 00:00:00-04:00,2.8519999980926514,2.874000072479248,2.759999990463257,2.759999990463257,5200,0.0,0.0
2020-09-22 00:00:00-04:00,2.75,2.8299999237060547,2.509999990463257,2.8299999237060547,9000,0.0,0.0
2020-09-23 00:00:00-04:00,2.6700000762939453,2.7300000190734863,2.494999885559082,2.559999942779541,36800,0.0,0.0
2020-09-24 00:00:00-04:00,2.4790000915527344,2.7260000705718994,2.4639999866485596,2.7260000705718994,26300,0.0,0.0
2020-09-25 00:00:00-04:00,2.674999952316284,2.9000000953674316,2.674999952316284,2.9000000953674316,10600,0.0,0.0
2020-09-28 00:00:00-04:00,3.1500000953674316,3.444999933242798,3.1040000915527344,3.188999891281128,19900,0.0,0.0
2020-09-29 00:00:00-04:00,3.2090001106262207,3.252000093460083,3.1570000648498535,3.252000093460083,3800,0.0,0.0
2020-09-30 00:00:00-04:00,3.2899999618530273,3.299999952316284,3.2060000896453857,3.2699999809265137,2500,0.0,0.0
2020-10-01 00:00:00-04:00,3.2699999809265137,3.359999895095825,3.2639999389648438,3.3499999046325684,18000,0.0,0.0
2020-10-02 00:00:00-04:00,3.309999942779541,3.365000009536743,3.25,3.25,13300,0.0,0.0
2020-10-05 00:00:00-04:00,3.3550000190734863,3.380000114440918,3.3299999237060547,3.3499999046325684,7900,0.0,0.0
2020-10-06 00:00:00-04:00,3.369999885559082,3.4600000381469727,3.240000009536743,3.240000009536743,39000,0.0,0.0
2020-10-07 00:00:00-04:00,3.3399999141693115,3.3399999141693115,3.180000066757202,3.240000009536743,7400,0.0,0.0
2020-10-08 00:00:00-04:00,3.2139999866485596,3.377000093460083,3.200000047683716,3.3499999046325684,9800,0.0,0.0
2020-10-09 00:00:00-04:00,3.2939999103546143,3.2960000038146973,3.2200000286102295,3.259999990463257,6800,0.0,0.0
2020-10-12 00:00:00-04:00,3.2200000286102295,3.2799999713897705,3.009999990463257,3.2799999713897705,3300,0.0,0.0
2020-10-13 00:00:00-04:00,3.2679998874664307,3.378000020980835,3.2100000381469727,3.2950000762939453,5900,0.0,0.0
2020-10-14 00:00:00-04:00,3.3389999866485596,3.369999885559082,3.309999942779541,3.3550000190734863,7200,0.0,0.0
2020-10-15 00:00:00-04:00,3.309999942779541,3.9000000953674316,3.309999942779541,3.7799999713897705,4900,0.0,0.0
2020-10-16 00:00:00-04:00,4.0370001792907715,4.150000095367432,3.8499999046325684,3.88100004196167,28100,0.0,0.0
2020-10-19 00:00:00-04:00,3.8329999446868896,3.890000104904175,3.828000068664551,3.890000104904175,7000,0.0,0.0
2020-10-20 00:00:00-04:00,3.8299999237060547,3.8299999237060547,3.7190001010894775,3.75,3600,0.0,0.0
2020-10-21 00:00:00-04:00,3.880000114440918,3.9660000801086426,3.7209999561309814,3.8970000743865967,48000,0.0,0.0
2020-10-22 00:00:00-04:00,3.8499999046325684,3.8499999046325684,3.6110000610351562,3.6110000610351562,3100,0.0,0.0
2020-10-23 00:00:00-04:00,3.6500000953674316,3.6500000953674316,3.6500000953674316,3.6500000953674316,100,0.0,0.0
2020-10-26 00:00:00-04:00,3.5,3.5439999103546143,3.4570000171661377,3.510999917984009,25100,0.0,0.0
2020-10-27 00:00:00-04:00,3.5799999237060547,3.6110000610351562,3.549999952316284,3.6110000610351562,600,0.0,0.0
2020-10-28 00:00:00-04:00,3.3550000190734863,3.680000066757202,3.3499999046325684,3.440000057220459,23800,0.0,0.0
2020-10-29 00:00:00-04:00,3.450000047683716,3.502000093460083,3.364000082015991,3.502000093460083,6900,0.0,0.0
2020-10-30 00:00:00-04:00,3.4000000953674316,3.61299991607666,3.385999917984009,3.61299991607666,12700,0.0,0.0
2020-11-02 00:00:00-05:00,3.5329999923706055,3.5329999923706055,3.4010000228881836,3.440000057220459,40300,0.0,0.0
2020-11-03 00:00:00-05:00,3.614000082015991,3.614000082015991,3.5999999046325684,3.5999999046325684,4800,0.0,0.0
2020-11-04 00:00:00-05:00,3.5369999408721924,3.5899999141693115,3.4130001068115234,3.496000051498413,11500,0.0,0.0
2020-11-05 00:00:00-05:00,3.5999999046325684,3.9079999923706055,3.5999999046325684,3.869999885559082,4800,0.0,0.0
2020-11-06 00:00:00-05:00,3.9000000953674316,4.192999839782715,3.9000000953674316,4.170000076293945,2000,0.0,0.0
2020-11-09 00:00:00-05:00,4.230000019073486,4.257999897003174,3.9570000171661377,4.091000080108643,9300,0.0,0.0
2020-11-10 00:00:00-05:00,3.9749999046325684,3.9800000190734863,3.9200000762939453,3.950000047683716,8100,0.0,0.0
2020-11-11 00:00:00-05:00,4.130000114440918,4.199999809265137,4.130000114440918,4.199999809265137,6000,0.0,0.0
2020-11-12 00:00:00-05:00,4.144999980926514,4.164000034332275,3.9079999923706055,3.9079999923706055,5500,0.0,0.0
2020-11-13 00:00:00-05:00,4.163000106811523,4.163000106811523,3.9700000286102295,3.9700000286102295,8900,0.0,0.0
2020-11-16 00:00:00-05:00,4.050000190734863,4.13700008392334,4.031000137329102,4.031000137329102,2000,0.0,0.0
2020-11-17 00:00:00-05:00,4.050000190734863,4.050000190734863,3.8499999046325684,3.9600000381469727,3900,0.0,0.0
2020-11-18 00:00:00-05:00,4.073999881744385,4.099999904632568,3.9809999465942383,3.9809999465942383,1400,0.0,0.0
2020-11-19 00:00:00-05:00,3.933000087738037,3.937000036239624,3.7330000400543213,3.937000036239624,1400,0.0,0.0
2020-11-20 00:00:00-05:00,4.050000190734863,4.050000190734863,3.9800000190734863,4.050000190734863,13700,0.0,0.0
2020-11-23 00:00:00-05:00,3.930000066757202,4.210000038146973,3.930000066757202,4.210000038146973,4500,0.0,0.0
2020-11-24 00:00:00-05:00,4.486999988555908,4.552000045776367,4.021999835968018,4.2789998054504395,16800,0.0,0.0
2020-11-25 00:00:00-05:00,4.539999961853027,4.580999851226807,4.460000038146973,4.580999851226807,9900,0.0,0.0
2020-11-27 00:00:00-05:00,4.579999923706055,4.579999923706055,4.380000114440918,4.466000080108643,7500,0.0,0.0
2020-11-30 00:00:00-05:00,4.593999862670898,4.599999904632568,4.190000057220459,4.449999809265137,16400,0.0,0.0
2020-12-01 00:00:00-05:00,4.5,4.570000171661377,4.445000171661377,4.445000171661377,3500,0.0,0.0
2020-12-02 00:00:00-05:00,4.510000228881836,4.550000190734863,4.400000095367432,4.400000095367432,13300,0.0,0.0
2020-12-03 00:00:00-05:00,4.21999979019165,4.290999889373779,4.050000190734863,4.210000038146973,73600,0.0,0.0
2020-12-04 00:00:00-05:00,4.156000137329102,4.230000019073486,4.050000190734863,4.136000156402588,15200,0.0,0.0
2020-12-07 00:00:00-05:00,4.0,4.119999885559082,3.9679999351501465,4.090000152587891,19100,0.0,0.0
2020-12-08 00:00:00-05:00,4.119999885559082,4.119999885559082,3.9670000076293945,3.9800000190734863,6600,0.0,0.0
2020-12-09 00:00:00-05:00,3.940000057220459,4.079999923706055,3.871999979019165,4.0,17200,0.0,0.0
2020-12-10 00:00:00-05:00,4.044000148773193,4.072000026702881,3.9140000343322754,3.9739999771118164,24100,0.0,0.0
2020-12-11 00:00:00-05:00,3.9700000286102295,3.9820001125335693,3.9200000762939453,3.9820001125335693,1600,0.0,0.0
2020-12-14 00:00:00-05:00,3.9000000953674316,4.329999923706055,3.9000000953674316,4.323999881744385,12200,0.0,0.0
2020-12-15 00:00:00-05:00,4.320000171661377,4.320000171661377,4.199999809265137,4.255000114440918,12500,0.0,0.0
2020-12-16 00:00:00-05:00,4.25,4.300000190734863,4.25,4.28000020980835,3500,0.0,0.0
2020-12-17 00:00:00-05:00,4.519999980926514,4.599999904632568,4.340000152587891,4.599999904632568,2600,0.0,0.0
2020-12-18 00:00:00-05:00,4.644999980926514,4.644999980926514,4.579999923706055,4.639999866485596,1900,0.0,0.0
2020-12-21 00:00:00-05:00,4.40500020980835,4.498000144958496,4.40500020980835,4.478000164031982,2300,0.0,0.0
2020-12-22 00:00:00-05:00,4.409999847412109,4.632999897003174,4.300000190734863,4.300000190734863,7300,0.0,0.0
2020-12-23 00:00:00-05:00,4.53000020980835,4.570000171661377,4.5,4.570000171661377,7500,0.0,0.0
2020-12-24 00:00:00-05:00,4.5,4.510000228881836,4.304999828338623,4.304999828338623,7600,0.0,0.0
2020-12-28 00:00:00-05:00,4.309999942779541,4.599999904632568,4.300000190734863,4.599999904632568,2000,0.0,0.0
2020-12-29 00:00:00-05:00,4.60699987411499,4.650000095367432,4.599999904632568,4.599999904632568,15200,0.0,0.0
2020-12-30 00:00:00-05:00,4.650000095367432,4.6539998054504395,4.599999904632568,4.599999904632568,2000,0.0,0.0
2020-12-31 00:00:00-05:00,4.728000164031982,4.728000164031982,4.590000152587891,4.703000068664551,16200,0.0,0.0
2021-01-04 00:00:00-05:00,4.789999961853027,4.910999774932861,4.789999961853027,4.800000190734863,21600,0.0,0.0
2021-01-05 00:00:00-05:00,4.800000190734863,5.25,4.800000190734863,5.210000038146973,40600,0.0,0.0
2021-01-06 00:00:00-05:00,5.340000152587891,5.340000152587891,5.114999771118164,5.300000190734863,46700,0.0,0.0
2021-01-07 00:00:00-05:00,5.34499979019165,5.4670000076293945,5.199999809265137,5.4670000076293945,14800,0.0,0.0
2021-01-08 00:00:00-05:00,5.5,5.501999855041504,5.296000003814697,5.474999904632568,9400,0.0,0.0
2021-01-11 00:00:00-05:00,5.333000183105469,5.35699987411499,4.676000118255615,5.135000228881836,3400,0.0,0.0
2021-01-12 00:00:00-05:00,5.260000228881836,5.260000228881836,5.091000080108643,5.150000095367432,7200,0.0,0.0
2021-01-13 00:00:00-05:00,5.25,5.300000190734863,5.211999893188477,5.300000190734863,5000,0.0,0.0
2021-01-14 00:00:00-05:00,5.199999809265137,5.419000148773193,5.0929999351501465,5.419000148773193,31000,0.0,0.0
2021-01-15 00:00:00-05:00,5.150000095367432,5.24399995803833,5.0,5.2270002365112305,36200,0.0,0.0
2021-01-19 00:00:00-05:00,5.144999980926514,5.190000057220459,5.070000171661377,5.190000057220459,3500,0.0,0.0
2021-01-20 00:00:00-05:00,5.130000114440918,5.21999979019165,5.119999885559082,5.164999961853027,2400,0.0,0.0
2021-01-21 00:00:00-05:00,5.420000076293945,5.420000076293945,5.264999866485596,5.264999866485596,2200,0.0,0.0
2021-01-22 00:00:00-05:00,5.150000095367432,5.224999904632568,5.150000095367432,5.190000057220459,2300,0.0,0.0
2021-01-25 00:00:00-05:00,5.25,5.25,5.010000228881836,5.059999942779541,4700,0.0,0.0
2021-01-26 00:00:00-05:00,5.110000133514404,5.110000133514404,4.659999847412109,4.849999904632568,18700,0.0,0.0
2021-01-27 00:00:00-05:00,4.71999979019165,4.75,4.599999904632568,4.619999885559082,9200,0.0,0.0
2021-01-28 00:00:00-05:00,4.599999904632568,4.679999828338623,4.579999923706055,4.679999828338623,4200,0.0,0.0
2021-01-29 00:00:00-05:00,4.824999809265137,5.0,4.824999809265137,4.840000152587891,8800,0.0,0.0
2021-02-01 00:00:00-05:00,4.699999809265137,4.730000019073486,4.579999923706055,4.659999847412109,8600,0.0,0.0
2021-02-02 00:00:00-05:00,4.659999847412109,4.659999847412109,4.60699987411499,4.60699987411499,700,0.0,0.0
2021-02-03 00:00:00-05:00,4.730000019073486,5.0,4.730000019073486,5.0,3900,0.0,0.0
2021-02-04 00:00:00-05:00,4.659999847412109,4.880000114440918,4.659999847412109,4.775000095367432,2500,0.0,0.0
2021-02-05 00:00:00-05:00,4.7210001945495605,5.159999847412109,4.71999979019165,5.098999977111816,17400,0.0,0.0
2021-02-08 00:00:00-05:00,4.980000019073486,4.980000019073486,4.656000137329102,4.800000190734863,15200,0.0,0.0
2021-02-09 00:00:00-05:00,4.75,4.75,4.565000057220459,4.675000190734863,8000,0.0,0.0
2021-02-10 00:00:00-05:00,4.53000020980835,4.656000137329102,4.53000020980835,4.656000137329102,6500,0.0,0.0
2021-02-11 00:00:00-05:00,4.659999847412109,4.739999771118164,4.624000072479248,4.665999889373779,5200,0.0,0.0
2021-02-12 00:00:00-05:00,4.599999904632568,4.75,4.599999904632568,4.75,8900,0.0,0.0
2021-02-16 00:00:00-05:00,4.849999904632568,5.349999904632568,4.650000095367432,5.349999904632568,17300,0.0,0.0
2021-02-17 00:00:00-05:00,5.400000095367432,5.550000190734863,5.0,5.400000095367432,10600,0.0,0.0
2021-02-18 00:00:00-05:00,5.349999904632568,5.349999904632568,5.25,5.25,3000,0.0,0.0
2021-02-19 00:00:00-05:00,5.429999828338623,5.900000095367432,5.25,5.75,9300,0.0,0.0
2021-02-22 00:00:00-05:00,5.800000190734863,5.900000095367432,5.739999771118164,5.75,5700,0.0,0.0
2021-02-23 00:00:00-05:00,5.650000095367432,5.78000020980835,5.550000190734863,5.7729997634887695,9700,0.0,0.0
2021-02-24 00:00:00-05:00,5.78000020980835,5.900000095367432,5.724999904632568,5.885000228881836,10900,0.0,0.0
2021-02-25 00:00:00-05:00,5.860000133514404,5.880000114440918,5.650000095367432,5.676000118255615,5300,0.0,0.0
2021-02-26 00:00:00-05:00,5.710000038146973,5.710000038146973,5.409999847412109,5.669000148773193,3300,0.0,0.0
2021-03-01 00:00:00-05:00,5.710000038146973,5.710000038146973,5.539999961853027,5.539999961853027,4600,0.0,0.0
2021-03-02 00:00:00-05:00,5.539999961853027,5.599999904632568,5.539999961853027,5.574999809265137,3700,0.0,0.0
2021-03-03 00:00:00-05:00,5.514999866485596,5.521999835968018,5.5,5.510000228881836,7900,0.0,0.0
2021-03-04 00:00:00-05:00,5.335000038146973,5.420000076293945,5.25,5.25,3300,0.0,0.0
2021-03-05 00:00:00-05:00,5.360000133514404,5.388999938964844,5.170000076293945,5.300000190734863,5300,0.0,0.0
2021-03-08 00:00:00-05:00,5.341000080108643,5.427000045776367,5.300000190734863,5.300000190734863,3400,0.0,0.0
2021-03-09 00:00:00-05:00,5.370999813079834,5.415999889373779,5.369999885559082,5.415999889373779,1300,0.0,0.0
2021-03-10 00:00:00-05:00,5.550000190734863,5.650000095367432,5.5,5.5,2800,0.0,0.0
2021-03-11 00:00:00-05:00,5.5,5.73199987411499,5.5,5.730000019073486,2400,0.0,0.0
2021-03-12 00:00:00-05:00,5.699999809265137,5.7789998054504395,5.624000072479248,5.758999824523926,1600,0.0,0.0
2021-03-15 00:00:00-04:00,5.620999813079834,5.848999977111816,5.620999813079834,5.771999835968018,5000,0.0,0.0
2021-03-16 00:00:00-04:00,5.929999828338623,6.170000076293945,5.929999828338623,6.046999931335449,6700,0.0,0.0
2021-03-17 00:00:00-04:00,6.119999885559082,6.599999904632568,5.909999847412109,6.599999904632568,1600,0.0,0.0
2021-03-18 00:00:00-04:00,6.579999923706055,6.579999923706055,6.489999771118164,6.53000020980835,4200,0.0,0.0
2021-03-19 00:00:00-04:00,6.415999889373779,6.638000011444092,6.349999904632568,6.599999904632568,4800,0.0,0.0
2021-03-22 00:00:00-04:00,6.800000190734863,6.949999809265137,6.710000038146973,6.940000057220459,34600,0.0,0.0
2021-03-23 00:00:00-04:00,6.855999946594238,6.855999946594238,6.630000114440918,6.710000038146973,7500,0.0,0.0
2021-03-24 00:00:00-04:00,6.769999980926514,6.809999942779541,6.599999904632568,6.599999904632568,3500,0.0,0.0
2021-03-25 00:00:00-04:00,6.590000152587891,6.590000152587891,6.289999961853027,6.449999809265137,8200,0.0,0.0
2021-03-26 00:00:00-04:00,6.440000057220459,6.46999979019165,6.440000057220459,6.46999979019165,700,0.0,0.0
2021-03-29 00:00:00-04:00,6.566999912261963,6.78000020980835,6.558000087738037,6.78000020980835,1600,0.0,0.0
2021-03-30 00:00:00-04:00,7.230000019073486,7.230000019073486,6.710000038146973,6.820000171661377,9600,0.0,0.0
2021-03-31 00:00:00-04:00,6.980000019073486,7.170000076293945,6.829999923706055,6.909999847412109,5100,0.0,0.0
2021-04-01 00:00:00-04:00,6.980000019073486,7.579999923706055,6.980000019073486,7.510000228881836,16500,0.0,0.0
2021-04-05 00:00:00-04:00,7.579999923706055,7.579999923706055,7.519999980926514,7.559999942779541,14000,0.0,0.0
2021-04-06 00:00:00-04:00,7.46999979019165,7.46999979019165,7.229000091552734,7.25,10600,0.0,0.0
2021-04-07 00:00:00-04:00,7.255000114440918,7.360000133514404,7.210000038146973,7.210000038146973,1500,0.0,0.0
2021-04-08 00:00:00-04:00,7.2220001220703125,7.300000190734863,7.179999828338623,7.190000057220459,5700,0.0,0.0
2021-04-09 00:00:00-04:00,7.230000019073486,7.25,7.110000133514404,7.110000133514404,23400,0.0,0.0
2021-04-12 00:00:00-04:00,7.059999942779541,7.059999942779541,6.749000072479248,6.880000114440918,14000,0.0,0.0
2021-04-13 00:00:00-04:00,7.03000020980835,7.139999866485596,6.980000019073486,6.980000019073486,5300,0.0,0.0
2021-04-14 00:00:00-04:00,6.816999912261963,7.260000228881836,6.816999912261963,7.260000228881836,5900,0.0,0.0
2021-04-15 00:00:00-04:00,7.510000228881836,7.607999801635742,7.322999954223633,7.590000152587891,16000,0.0,0.0
2021-04-16 00:00:00-04:00,7.460000038146973,7.603000164031982,7.388999938964844,7.388999938964844,3300,0.0,0.0
2021-04-19 00:00:00-04:00,7.71999979019165,7.920000076293945,7.326000213623047,7.420000076293945,15100,0.0,0.0
2021-04-20 00:00:00-04:00,7.452000141143799,7.452000141143799,7.010000228881836,7.010000228881836,9200,0.0,0.0
2021-04-21 00:00:00-04:00,7.03000020980835,7.340000152587891,7.03000020980835,7.269999980926514,23700,0.0,0.0
2021-04-22 00:00:00-04:00,7.193999767303467,7.289999961853027,7.1579999923706055,7.25,11100,0.0,0.0
2021-04-23 00:00:00-04:00,7.25,7.28000020980835,7.130000114440918,7.28000020980835,2800,0.0,0.0
2021-04-26 00:00:00-04:00,7.300000190734863,7.5,7.300000190734863,7.5,44300,0.0,0.0
2021-04-27 00:00:00-04:00,7.478000164031982,7.478000164031982,7.361999988555908,7.40500020980835,3000,0.0,0.0
2021-04-28 00:00:00-04:00,7.400000095367432,7.708000183105469,7.400000095367432,7.708000183105469,33300,0.0,0.0
2021-04-29 00:00:00-04:00,7.75,7.872000217437744,7.690000057220459,7.869999885559082,7600,0.0,0.0
2021-04-30 00:00:00-04:00,7.849999904632568,8.098999977111816,7.849999904632568,8.098999977111816,17900,0.0,0.0
2021-05-03 00:00:00-04:00,8.109999656677246,8.49899959564209,8.072999954223633,8.25,19300,0.0,0.0
2021-05-04 00:00:00-04:00,8.333999633789062,8.5600004196167,8.25,8.302000045776367,21900,0.0,0.0
2021-05-05 00:00:00-04:00,8.399999618530273,8.739999771118164,8.34000015258789,8.739999771118164,51300,0.0,0.0
2021-05-06 00:00:00-04:00,8.986000061035156,9.420000076293945,8.986000061035156,9.420000076293945,71000,0.0,0.0
2021-05-07 00:00:00-04:00,9.380000114440918,9.760000228881836,9.15999984741211,9.394000053405762,11000,0.0,0.0
2021-05-10 00:00:00-04:00,9.539999961853027,9.539999961853027,9.206999778747559,9.279999732971191,13200,0.0,0.0
2021-05-11 00:00:00-04:00,9.300000190734863,9.300000190734863,8.800000190734863,9.069000244140625,4500,0.0,0.0
2021-05-12 00:00:00-04:00,9.020000457763672,9.100000381469727,8.600000381469727,8.600000381469727,7500,0.0,0.0
2021-05-13 00:00:00-04:00,8.5,9.0,8.5,8.579999923706055,8300,0.0,0.0
2021-05-14 00:00:00-04:00,8.550000190734863,8.770000457763672,8.520000457763672,8.758999824523926,2300,0.0,0.0
2021-05-17 00:00:00-04:00,8.640000343322754,9.149999618530273,8.640000343322754,8.949999809265137,8100,0.0,0.0
2021-05-18 00:00:00-04:00,8.949999809265137,9.239999771118164,8.949999809265137,9.119999885559082,5100,0.0,0.0
2021-05-19 00:00:00-04:00,8.960000038146973,8.989999771118164,8.510000228881836,8.619999885559082,10400,0.0,0.0
2021-05-20 00:00:00-04:00,9.098999977111816,9.574999809265137,9.095999717712402,9.095999717712402,8300,0.0,0.0
2021-05-21 00:00:00-04:00,9.4399995803833,9.5,9.244000434875488,9.5,3100,0.0,0.0
2021-05-24 00:00:00-04:00,9.569999694824219,9.6899995803833,9.399999618530273,9.520000457763672,2800,0.0,0.0
2021-05-25 00:00:00-04:00,9.600000381469727,10.0600004196167,9.4399995803833,9.932000160217285,14400,0.0,0.0
2021-05-26 00:00:00-04:00,9.8100004196167,10.199999809265137,9.8100004196167,10.100000381469727,11800,0.0,0.0
2021-05-27 00:00:00-04:00,10.170000076293945,10.75,10.170000076293945,10.75,62200,0.0,0.0
2021-05-28 00:00:00-04:00,10.437000274658203,10.510000228881836,10.350000381469727,10.350000381469727,13600,0.0,0.0
2021-06-01 00:00:00-04:00,10.359999656677246,10.359999656677246,10.17300033569336,10.17300033569336,800,0.0,0.0
2021-06-02 00:00:00-04:00,10.140000343322754,10.140000343322754,10.0,10.0,4500,0.0,0.0
2021-06-03 00:00:00-04:00,9.868000030517578,9.868000030517578,9.430000305175781,9.430000305175781,7700,0.0,0.0
2021-06-04 00:00:00-04:00,9.732000350952148,9.732000350952148,9.366000175476074,9.366000175476074,1700,0.0,0.0
2021-06-07 00:00:00-04:00,9.109999656677246,9.199999809265137,8.508000373840332,9.199999809265137,22600,0.0,0.0
2021-06-08 00:00:00-04:00,9.210000038146973,9.22599983215332,9.140000343322754,9.220000267028809,2700,0.0,0.0
2021-06-09 00:00:00-04:00,9.25,10.0,9.180000305175781,9.75,18100,0.0,0.0
2021-06-10 00:00:00-04:00,9.918000221252441,9.989999771118164,9.800000190734863,9.909000396728516,2500,0.0,0.0
2021-06-11 00:00:00-04:00,9.767000198364258,9.8100004196167,9.767000198364258,9.791999816894531,1700,0.0,0.0
2021-06-14 00:00:00-04:00,9.850000381469727,10.079000473022461,9.800000190734863,10.0,3400,0.0,0.0
2021-06-15 00:00:00-04:00,9.842000007629395,9.842000007629395,9.637999534606934,9.710000038146973,11200,0.0,0.0
2021-06-16 00:00:00-04:00,9.710000038146973,9.947999954223633,9.600000381469727,9.890000343322754,37100,0.0,0.0
2021-06-17 00:00:00-04:00,9.59000015258789,9.59000015258789,9.232999801635742,9.300000190734863,16800,0.0,0.0
2021-06-18 00:00:00-04:00,9.149999618530273,9.149999618530273,8.979999542236328,8.989999771118164,17900,0.0,0.0
2021-06-21 00:00:00-04:00,9.390000343322754,9.390000343322754,8.760000228881836,9.083999633789062,12700,0.0,0.0
2021-06-22 00:00:00-04:00,9.079999923706055,9.135000228881836,8.9399995803833,9.100000381469727,13200,0.0,0.0
2021-06-23 00:00:00-04:00,9.401000022888184,9.430000305175781,9.12399959564209,9.34000015258789,7100,0.0,0.0
2021-06-24 00:00:00-04:00,9.520000457763672,9.699999809265137,9.470000267028809,9.647000312805176,10400,0.0,0.0
2021-06-25 00:00:00-04:00,9.4399995803833,9.670000076293945,9.180000305175781,9.600000381469727,6600,0.0,0.0
2021-06-28 00:00:00-04:00,9.3100004196167,9.4399995803833,9.140999794006348,9.4399995803833,7400,0.0,0.0
2021-06-29 00:00:00-04:00,9.399999618530273,9.531000137329102,9.399999618530273,9.505000114440918,7300,0.0,0.0
2021-06-30 00:00:00-04:00,9.619999885559082,9.760000228881836,9.449999809265137,9.760000228881836,11800,0.0,0.0
2021-07-01 00:00:00-04:00,9.989999771118164,9.989999771118164,9.529999732971191,9.529999732971191,800,0.0,0.0
2021-07-02 00:00:00-04:00,9.609999656677246,9.609999656677246,9.607000350952148,9.607000350952148,2600,0.0,0.0
2021-07-06 00:00:00-04:00,9.619999885559082,9.675999641418457,9.529999732971191,9.600000381469727,6500,0.0,0.0
2021-07-07 00:00:00-04:00,9.800000190734863,10.194999694824219,9.600000381469727,10.109999656677246,9700,0.0,0.0
2021-07-08 00:00:00-04:00,10.071999549865723,10.100000381469727,10.045000076293945,10.045000076293945,6600,0.0,0.0
2021-07-09 00:00:00-04:00,10.147000312805176,10.539999961853027,10.147000312805176,10.539999961853027,5000,0.0,0.0
2021-07-12 00:00:00-04:00,10.699999809265137,10.90999984741211,10.604999542236328,10.609999656677246,7600,0.0,0.0
2021-07-13 00:00:00-04:00,10.482000350952148,10.619999885559082,10.1899995803833,10.1899995803833,3400,0.0,0.0
2021-07-14 00:00:00-04:00,10.15999984741211,10.539999961853027,10.010000228881836,10.079999923706055,8700,0.0,0.0
2021-07-15 00:00:00-04:00,9.927000045776367,10.42300033569336,9.927000045776367,10.42300033569336,900,0.0,0.0
2021-07-16 00:00:00-04:00,10.27299976348877,10.300999641418457,9.883000373840332,10.199999809265137,42300,0.0,0.0
2021-07-19 00:00:00-04:00,9.869999885559082,9.869999885559082,8.920000076293945,9.312999725341797,20300,0.0,0.0
2021-07-20 00:00:00-04:00,9.25,9.869999885559082,9.25,9.6899995803833,3200,0.0,0.0
2021-07-21 00:00:00-04:00,10.34000015258789,10.357000350952148,10.34000015258789,10.357000350952148,700,0.0,0.0
2021-07-22 00:00:00-04:00,10.140000343322754,10.300000190734863,9.88599967956543,10.210000038146973,5600,0.0,0.0
2021-07-23 00:00:00-04:00,10.196999549865723,10.678000450134277,10.196999549865723,10.5,3500,0.0,0.0
2021-07-26 00:00:00-04:00,10.574000358581543,10.930000305175781,10.574000358581543,10.930000305175781,4100,0.0,0.0
2021-07-27 00:00:00-04:00,10.930000305175781,11.239999771118164,10.829000473022461,11.239999771118164,6200,0.0,0.0
2021-07-28 00:00:00-04:00,11.102999687194824,11.199999809265137,10.973999977111816,11.175000190734863,1500,0.0,0.0
2021-07-29 00:00:00-04:00,11.300000190734863,11.699999809265137,11.262999534606934,11.64900016784668,9500,0.0,0.0
2021-07-30 00:00:00-04:00,11.699999809265137,11.979999542236328,11.321000099182129,11.979999542236328,6900,0.0,0.0
2021-08-02 00:00:00-04:00,11.989999771118164,12.729999542236328,11.989999771118164,12.020999908447266,11500,0.0,0.0
2021-08-03 00:00:00-04:00,11.779999732971191,11.779999732971191,11.470000267028809,11.680000305175781,1900,0.0,0.0
2021-08-04 00:00:00-04:00,11.406000137329102,11.503999710083008,11.0,11.5,7500,0.0,0.0
2021-08-05 00:00:00-04:00,11.529999732971191,11.680000305175781,11.529999732971191,11.680000305175781,700,0.0,0.0
2021-08-06 00:00:00-04:00,11.6899995803833,12.079999923706055,11.6899995803833,11.6899995803833,5600,0.0,0.0
2021-08-09 00:00:00-04:00,11.0,11.0,10.5,10.5,9500,0.0,0.0
2021-08-10 00:00:00-04:00,10.65999984741211,10.75,10.600000381469727,10.75,8300,0.0,0.0
2021-08-11 00:00:00-04:00,10.635000228881836,10.640000343322754,10.45300006866455,10.5,6700,0.0,0.0
2021-08-12 00:00:00-04:00,10.310999870300293,10.619999885559082,10.199999809265137,10.619999885559082,3000,0.0,0.0
2021-08-13 00:00:00-04:00,10.545000076293945,10.545000076293945,10.545000076293945,10.545000076293945,600,0.0,0.0
2021-08-16 00:00:00-04:00,10.541999816894531,10.541999816894531,10.225000381469727,10.295000076293945,1100,0.0,0.0
2021-08-17 00:00:00-04:00,10.0,10.0,9.498000144958496,10.0,7900,0.0,0.0
2021-08-18 00:00:00-04:00,9.9399995803833,9.9399995803833,9.699999809265137,9.710000038146973,1500,0.0,0.0
2021-08-19 00:00:00-04:00,8.989999771118164,9.199999809265137,8.640000343322754,9.119999885559082,7700,0.0,0.0
2021-08-20 00:00:00-04:00,9.0,9.119999885559082,8.746999740600586,8.90999984741211,15700,0.0,0.0
2021-08-23 00:00:00-04:00,8.899999618530273,9.329999923706055,8.899999618530273,8.960000038146973,5100,0.0,0.0
2021-08-24 00:00:00-04:00,9.34000015258789,9.399999618530273,9.34000015258789,9.378000259399414,700,0.0,0.0
2021-08-25 00:00:00-04:00,9.302000045776367,9.343999862670898,9.069999694824219,9.119999885559082,6800,0.0,0.0
2021-08-26 00:00:00-04:00,9.0,9.130000114440918,8.972999572753906,9.003999710083008,4600,0.0,0.0
2021-08-27 00:00:00-04:00,9.020000457763672,9.25,9.020000457763672,9.199999809265137,1600,0.0,0.0
2021-08-30 00:00:00-04:00,10.40999984741211,10.40999984741211,9.269000053405762,9.319999694824219,2400,0.0,0.0
2021-08-31 00:00:00-04:00,9.269000053405762,9.350000381469727,9.020000457763672,9.350000381469727,7900,0.0,0.0
2021-09-01 00:00:00-04:00,9.399999618530273,9.399999618530273,9.100000381469727,9.109999656677246,4600,0.0,0.0
2021-09-02 00:00:00-04:00,9.100000381469727,10.0,9.100000381469727,10.0,8300,0.0,0.0
2021-09-03 00:00:00-04:00,9.699999809265137,9.989999771118164,9.699999809265137,9.77299976348877,2000,0.0,0.0
2021-09-07 00:00:00-04:00,9.78499984741211,9.78499984741211,9.600000381469727,9.729999542236328,1100,0.0,0.0
2021-09-08 00:00:00-04:00,9.616000175476074,9.649999618530273,9.616000175476074,9.649999618530273,400,0.0,0.0
2021-09-09 00:00:00-04:00,9.543999671936035,9.779999732971191,9.543999671936035,9.690999984741211,3100,0.0,0.0
2021-09-10 00:00:00-04:00,9.906000137329102,9.906000137329102,9.824000358581543,9.824000358581543,1300,0.0,0.0
2021-09-13 00:00:00-04:00,9.897000312805176,9.897000312805176,9.5600004196167,9.649999618530273,4300,0.0,0.0
2021-09-14 00:00:00-04:00,9.739999771118164,10.390000343322754,9.59000015258789,10.390000343322754,19000,0.0,0.0
2021-09-15 00:00:00-04:00,10.28499984741211,10.28499984741211,10.119999885559082,10.119999885559082,2100,0.0,0.0
2021-09-16 00:00:00-04:00,10.008000373840332,10.008000373840332,9.706999778747559,9.793999671936035,2300,0.0,0.0
2021-09-17 00:00:00-04:00,9.91100025177002,10.390000343322754,9.390000343322754,10.390000343322754,1900,0.0,0.0
2021-09-20 00:00:00-04:00,9.75,9.75,9.225000381469727,9.40999984741211,8600,0.0,0.0
2021-09-21 00:00:00-04:00,9.064000129699707,9.270000457763672,8.850000381469727,9.100000381469727,10600,0.0,0.0
2021-09-22 00:00:00-04:00,9.0,9.0,9.0,9.0,300,0.0,0.0
2021-09-23 00:00:00-04:00,9.151000022888184,9.1899995803833,9.045999526977539,9.045999526977539,3200,0.0,0.0
2021-09-24 00:00:00-04:00,8.899999618530273,8.899999618530273,8.569999694824219,8.600000381469727,18300,0.0,0.0
2021-09-27 00:00:00-04:00,8.869999885559082,9.319999694824219,8.869999885559082,9.29800033569336,7600,0.0,0.0
2021-09-28 00:00:00-04:00,9.199999809265137,9.199999809265137,8.539999961853027,8.609999656677246,18800,0.0,0.0
2021-09-29 00:00:00-04:00,8.6899995803833,9.010000228881836,8.33899974822998,8.5,7600,0.0,0.0
2021-09-30 00:00:00-04:00,8.329999923706055,8.595999717712402,8.109999656677246,8.420000076293945,5600,0.0,0.0
2021-10-01 00:00:00-04:00,8.586999893188477,9.550000190734863,8.586999893188477,9.550000190734863,7600,0.0,0.0
2021-10-04 00:00:00-04:00,9.494000434875488,9.680000305175781,9.494000434875488,9.680000305175781,600,0.0,0.0
2021-10-05 00:00:00-04:00,9.520000457763672,9.970000267028809,9.520000457763672,9.779999732971191,11100,0.0,0.0
2021-10-06 00:00:00-04:00,9.699999809265137,10.0,9.625,9.899999618530273,7000,0.0,0.0
2021-10-07 00:00:00-04:00,10.140000343322754,10.609999656677246,10.140000343322754,10.529000282287598,4200,0.0,0.0
2021-10-08 00:00:00-04:00,10.925999641418457,10.925999641418457,10.515000343322754,10.579000473022461,700,0.0,0.0
2021-10-11 00:00:00-04:00,10.585000038146973,10.585000038146973,10.354999542236328,10.53499984741211,2400,0.0,0.0
2021-10-12 00:00:00-04:00,10.590999603271484,10.590999603271484,10.265999794006348,10.515000343322754,2600,0.0,0.0
2021-10-13 00:00:00-04:00,10.600000381469727,10.668000221252441,10.529999732971191,10.668000221252441,2800,0.0,0.0
2021-10-14 00:00:00-04:00,10.699999809265137,11.489999771118164,10.699999809265137,11.001999855041504,3900,0.0,0.0
2021-10-15 00:00:00-04:00,10.899999618530273,11.270000457763672,10.899999618530273,10.920000076293945,5900,0.0,0.0
2021-10-18 00:00:00-04:00,11.149999618530273,11.239999771118164,10.770000457763672,10.930000305175781,4000,0.0,0.0
2021-10-19 00:00:00-04:00,10.9399995803833,10.970000267028809,10.770000457763672,10.789999961853027,2100,0.0,0.0
2021-10-20 00:00:00-04:00,11.064000129699707,11.09000015258789,10.75,11.050000190734863,1800,0.0,0.0
2021-10-21 00:00:00-04:00,10.880000114440918,10.880000114440918,10.699999809265137,10.850000381469727,7400,0.0,0.0
2021-10-22 00:00:00-04:00,11.1899995803833,11.1899995803833,10.470000267028809,10.529999732971191,15500,0.0,0.0
2021-10-25 00:00:00-04:00,11.0,11.003999710083008,10.59000015258789,11.003999710083008,15200,0.0,0.0
2021-10-26 00:00:00-04:00,11.0,11.050000190734863,10.803999900817871,10.869999885559082,37100,0.0,0.0
2021-10-27 00:00:00-04:00,10.982000350952148,11.050000190734863,10.899999618530273,10.9399995803833,7500,0.0,0.0
2021-10-28 00:00:00-04:00,11.1899995803833,11.59000015258789,11.1899995803833,11.59000015258789,3800,0.0,0.0
2021-10-29 00:00:00-04:00,11.270000457763672,11.649999618530273,11.270000457763672,11.569999694824219,8200,0.0,0.0
2021-11-01 00:00:00-04:00,11.739999771118164,11.739999771118164,11.300000190734863,11.359999656677246,5400,0.0,0.0
2021-11-02 00:00:00-04:00,11.3100004196167,11.401000022888184,11.003999710083008,11.21500015258789,3200,0.0,0.0
2021-11-03 00:00:00-04:00,11.149999618530273,11.149999618530273,10.539999961853027,10.949999809265137,5300,0.0,0.0
2021-11-04 00:00:00-04:00,10.890000343322754,11.069999694824219,10.699999809265137,10.699999809265137,1500,0.0,0.0
2021-11-05 00:00:00-04:00,10.61299991607666,10.61299991607666,10.26099967956543,10.300000190734863,9100,0.0,0.0
2021-11-08 00:00:00-05:00,10.317000389099121,10.5,10.149999618530273,10.329999923706055,7800,0.0,0.0
2021-11-09 00:00:00-05:00,10.350000381469727,10.350000381469727,10.041999816894531,10.0600004196167,2700,0.0,0.0
2021-11-10 00:00:00-05:00,9.934000015258789,10.050000190734863,9.913000106811523,10.0,2100,0.0,0.0
2021-11-11 00:00:00-05:00,9.934000015258789,9.946000099182129,9.859999656677246,9.930000305175781,6000,0.0,0.0
2021-11-12 00:00:00-05:00,10.149999618530273,10.300000190734863,10.149999618530273,10.159000396728516,10700,0.0,0.0
2021-11-15 00:00:00-05:00,9.670000076293945,10.270000457763672,9.670000076293945,10.210000038146973,3000,0.0,0.0
2021-11-16 00:00:00-05:00,10.220000267028809,10.824000358581543,10.166000366210938,10.824000358581543,3200,0.0,0.0
2021-11-17 00:00:00-05:00,10.60099983215332,10.894000053405762,10.60099983215332,10.88599967956543,10200,0.0,0.0
2021-11-18 00:00:00-05:00,11.260000228881836,11.260000228881836,11.119999885559082,11.119999885559082,500,0.0,0.0
2021-11-19 00:00:00-05:00,10.925000190734863,11.029999732971191,10.454999923706055,10.5600004196167,2200,0.0,0.0
2021-11-22 00:00:00-05:00,10.369999885559082,10.819999694824219,10.3100004196167,10.395999908447266,5300,0.0,0.0
2021-11-23 00:00:00-05:00,10.359000205993652,10.359000205993652,10.210000038146973,10.210000038146973,1500,0.0,0.0
2021-11-24 00:00:00-05:00,10.239999771118164,10.260000228881836,10.149999618530273,10.149999618530273,1200,0.0,0.0
2021-11-26 00:00:00-05:00,10.0,10.267000198364258,9.920000076293945,10.267000198364258,800,0.0,0.0
2021-11-29 00:00:00-05:00,10.545999526977539,10.576000213623047,10.402999877929688,10.529999732971191,2800,0.0,0.0
2021-11-30 00:00:00-05:00,10.28600025177002,10.428999900817871,10.239999771118164,10.428999900817871,4200,0.0,0.0
2021-12-01 00:00:00-05:00,10.539999961853027,10.539999961853027,10.029999732971191,10.029999732971191,600,0.0,0.0
2021-12-02 00:00:00-05:00,9.529999732971191,10.069999694824219,9.40999984741211,10.069999694824219,12600,0.0,0.0
2021-12-03 00:00:00-05:00,9.84000015258789,10.0,9.512999534606934,10.0,7700,0.0,0.0
2021-12-06 00:00:00-05:00,9.5,9.920000076293945,9.5,9.920000076293945,1800,0.0,0.0
2021-12-07 00:00:00-05:00,10.100000381469727,10.5,10.100000381469727,10.5,2000,0.0,0.0
2021-12-08 00:00:00-05:00,10.75,10.75,10.560999870300293,10.560999870300293,2100,0.0,0.0
2021-12-09 00:00:00-05:00,10.5,10.859999656677246,10.380000114440918,10.859999656677246,4400,0.0,0.0
2021-12-10 00:00:00-05:00,10.569999694824219,10.899999618530273,10.569999694824219,10.84000015258789,5600,0.0,0.0
2021-12-13 00:00:00-05:00,11.164999961853027,11.59000015258789,11.09000015258789,11.59000015258789,7300,0.0,0.0
2021-12-14 00:00:00-05:00,11.619999885559082,11.619999885559082,10.970000267028809,10.970000267028809,1400,0.0,0.0
2021-12-15 00:00:00-05:00,10.670000076293945,10.857999801635742,10.604000091552734,10.857999801635742,2500,0.0,0.0
2021-12-16 00:00:00-05:00,11.800000190734863,11.930000305175781,11.40999984741211,11.40999984741211,7100,0.0,0.0
2021-12-17 00:00:00-05:00,11.75,11.800000190734863,11.569000244140625,11.800000190734863,1900,0.0,0.0
2021-12-20 00:00:00-05:00,11.571000099182129,12.0,11.571000099182129,11.75,2000,0.0,0.0
2021-12-21 00:00:00-05:00,11.614999771118164,11.65999984741211,11.614999771118164,11.625,1600,0.0,0.0
2021-12-22 00:00:00-05:00,11.800000190734863,11.800000190734863,11.789999961853027,11.789999961853027,2300,0.0,0.0
2021-12-23 00:00:00-05:00,11.979000091552734,12.010000228881836,11.821000099182129,11.821000099182129,3000,0.0,0.0
2021-12-27 00:00:00-05:00,11.899999618530273,11.899999618530273,10.789999961853027,11.699999809265137,4600,0.0,0.0
2021-12-28 00:00:00-05:00,11.899999618530273,11.899999618530273,11.899999618530273,11.899999618530273,500,0.0,0.0
2021-12-29 00:00:00-05:00,12.319999694824219,12.5,12.12600040435791,12.5,7000,0.0,0.0
2021-12-30 00:00:00-05:00,12.619999885559082,12.800000190734863,12.600000381469727,12.800000190734863,10200,0.0,0.0
2021-12-31 00:00:00-05:00,12.843999862670898,13.40999984741211,12.600000381469727,13.40999984741211,16000,0.0,0.0
2022-01-03 00:00:00-05:00,12.0,12.0,12.0,12.0,300,0.0,0.0
2022-01-04 00:00:00-05:00,13.329999923706055,13.329999923706055,12.699999809265137,12.699999809265137,7300,0.0,0.0
2022-01-05 00:00:00-05:00,12.199999809265137,12.449999809265137,11.5,11.503000259399414,13500,0.0,0.0
2022-01-06 00:00:00-05:00,11.23799991607666,11.539999961853027,11.225000381469727,11.539999961853027,23000,0.0,0.0
2022-01-07 00:00:00-05:00,11.607000350952148,11.694999694824219,11.255000114440918,11.694999694824219,30000,0.0,0.0
2022-01-10 00:00:00-05:00,11.612000465393066,11.612000465393066,11.612000465393066,11.612000465393066,500,0.0,0.0
2022-01-11 00:00:00-05:00,11.609000205993652,11.96500015258789,11.609000205993652,11.96500015258789,2700,0.0,0.0
2022-01-12 00:00:00-05:00,12.239999771118164,12.524999618530273,12.227999687194824,12.227999687194824,13100,0.0,0.0
2022-01-13 00:00:00-05:00,11.982000350952148,11.984999656677246,11.5,11.640000343322754,7900,0.0,0.0
2022-01-14 00:00:00-05:00,11.368000030517578,11.470000267028809,11.140000343322754,11.345999717712402,10900,0.0,0.0
2022-01-18 00:00:00-05:00,12.286999702453613,12.289999961853027,12.029999732971191,12.170000076293945,8700,0.0,0.0
2022-01-19 00:00:00-05:00,12.32800006866455,12.5,12.25,12.449999809265137,4000,0.0,0.0
2022-01-20 00:00:00-05:00,12.5,12.5,12.229999542236328,12.281000137329102,6900,0.0,0.0
2022-01-21 00:00:00-05:00,12.307999610900879,12.307999610900879,11.5,11.67199993133545,5500,0.0,0.0
2022-01-24 00:00:00-05:00,11.3100004196167,11.600000381469727,10.930000305175781,11.600000381469727,11500,0.0,0.0
2022-01-25 00:00:00-05:00,11.57800006866455,11.57800006866455,11.0,11.09000015258789,1100,0.0,0.0
2022-01-26 00:00:00-05:00,11.0,11.279999732971191,10.75,10.8149995803833,4100,0.0,0.0
2022-01-27 00:00:00-05:00,10.970000267028809,10.970000267028809,10.748000144958496,10.875,2500,0.0,0.0
2022-01-28 00:00:00-05:00,10.765000343322754,10.84000015258789,10.345000267028809,10.47599983215332,18400,0.0,0.0
2022-01-31 00:00:00-05:00,10.53499984741211,11.0600004196167,10.53499984741211,11.0600004196167,3300,0.0,0.0
2022-02-01 00:00:00-05:00,11.081999778747559,11.25,11.081999778747559,11.149999618530273,22200,0.0,0.0
2022-02-02 00:00:00-05:00,11.609999656677246,11.609999656677246,11.239999771118164,11.5,5200,0.0,0.0
2022-02-03 00:00:00-05:00,11.1899995803833,11.1899995803833,11.036999702453613,11.12600040435791,1700,0.0,0.0
2022-02-04 00:00:00-05:00,11.25,11.25,11.13700008392334,11.149999618530273,43100,0.0,0.0
2022-02-07 00:00:00-05:00,11.0600004196167,11.199999809265137,11.039999961853027,11.039999961853027,5300,0.0,0.0
2022-02-08 00:00:00-05:00,11.10200023651123,11.350000381469727,11.10200023651123,11.206999778747559,2300,0.0,0.0
2022-02-09 00:00:00-05:00,11.149999618530273,11.600000381469727,11.149999618530273,11.600000381469727,2000,0.0,0.0
2022-02-10 00:00:00-05:00,12.40999984741211,12.53600025177002,12.319999694824219,12.399999618530273,1800,0.0,0.0
2022-02-11 00:00:00-05:00,11.949999809265137,12.079999923706055,11.550000190734863,11.550000190734863,6300,0.0,0.0
2022-02-14 00:00:00-05:00,11.640000343322754,11.720000267028809,11.5600004196167,11.5600004196167,1300,0.0,0.0
2022-02-15 00:00:00-05:00,11.439000129699707,11.439000129699707,11.369999885559082,11.369999885559082,600,0.0,0.0
2022-02-16 00:00:00-05:00,11.331999778747559,11.331999778747559,11.140000343322754,11.140000343322754,27300,0.0,0.0
2022-02-17 00:00:00-05:00,11.006999969482422,11.128999710083008,10.847999572753906,10.847999572753906,5500,0.0,0.0
2022-02-18 00:00:00-05:00,10.819999694824219,10.819999694824219,10.819999694824219,10.819999694824219,2000,0.0,0.0
2022-02-22 00:00:00-05:00,10.699999809265137,10.75,10.529999732971191,10.529999732971191,2800,0.0,0.0
2022-02-23 00:00:00-05:00,10.550000190734863,10.550000190734863,10.5,10.5,400,0.0,0.0
2022-02-24 00:00:00-05:00,10.256999969482422,10.3100004196167,9.0600004196167,10.3100004196167,4700,0.0,0.0
2022-02-25 00:00:00-05:00,10.32699966430664,10.621999740600586,10.32699966430664,10.359999656677246,5200,0.0,0.0
2022-02-28 00:00:00-05:00,10.760000228881836,11.0,10.515000343322754,10.75,3200,0.0,0.0
2022-03-01 00:00:00-05:00,10.967000007629395,11.020000457763672,10.967000007629395,11.020000457763672,1200,0.0,0.0
2022-03-02 00:00:00-05:00,10.739999771118164,10.776000022888184,10.739999771118164,10.776000022888184,600,0.0,0.0
2022-03-03 00:00:00-05:00,11.109999656677246,11.109999656677246,10.942000389099121,11.0,3000,0.0,0.0
2022-03-04 00:00:00-05:00,10.814000129699707,11.63599967956543,10.814000129699707,11.630000114440918,1000,0.0,0.0
2022-03-07 00:00:00-05:00,11.529999732971191,11.529999732971191,11.13700008392334,11.13700008392334,300,0.0,0.0
2022-03-08 00:00:00-05:00,10.880000114440918,10.880000114440918,10.32699966430664,10.32699966430664,1400,0.0,0.0
2022-03-09 00:00:00-05:00,10.291000366210938,10.38700008392334,10.291000366210938,10.319999694824219,7000,0.0,0.0
2022-03-10 00:00:00-05:00,10.5,10.819999694824219,10.5,10.819999694824219,400,0.0,0.0
2022-03-11 00:00:00-05:00,10.630000114440918,10.630000114440918,10.630000114440918,10.630000114440918,200,0.0,0.0
2022-03-14 00:00:00-04:00,10.600000381469727,10.600000381469727,9.699999809265137,9.699999809265137,10000,0.0,0.0
2022-03-15 00:00:00-04:00,9.300000190734863,9.569999694824219,9.187000274658203,9.449000358581543,10100,0.0,0.0
2022-03-16 00:00:00-04:00,9.5,9.930000305175781,9.5,9.914999961853027,1500,0.0,0.0
2022-03-17 00:00:00-04:00,10.149999618530273,10.369999885559082,10.09000015258789,10.369999885559082,8300,0.0,0.0
2022-03-18 00:00:00-04:00,10.333000183105469,10.618000030517578,10.333000183105469,10.40999984741211,800,0.0,0.0
2022-03-21 00:00:00-04:00,10.647000312805176,10.649999618530273,10.319999694824219,10.520000457763672,1900,0.0,0.0
2022-03-22 00:00:00-04:00,10.774999618530273,10.774999618530273,10.11299991607666,10.434000015258789,2300,0.0,0.0
2022-03-23 00:00:00-04:00,10.399999618530273,10.430000305175781,10.154999732971191,10.22700023651123,1400,0.0,0.0
2022-03-24 00:00:00-04:00,10.220000267028809,10.284000396728516,10.220000267028809,10.284000396728516,1100,0.0,0.0
2022-03-25 00:00:00-04:00,9.930000305175781,10.149999618530273,9.869999885559082,10.149999618530273,2800,0.0,0.0
2022-03-28 00:00:00-04:00,10.239999771118164,10.239999771118164,9.510000228881836,9.510000228881836,12800,0.0,0.0
2022-03-29 00:00:00-04:00,9.5,9.649999618530273,9.4399995803833,9.649999618530273,3500,0.0,0.0
2022-03-30 00:00:00-04:00,9.859000205993652,9.859000205993652,9.649999618530273,9.649999618530273,1500,0.0,0.0
2022-03-31 00:00:00-04:00,9.75,9.979999542236328,9.744000434875488,9.744000434875488,2500,0.0,0.0
2022-04-01 00:00:00-04:00,9.979999542236328,10.239999771118164,9.979999542236328,10.013999938964844,7000,0.0,0.0
2022-04-04 00:00:00-04:00,10.545000076293945,10.859999656677246,10.5,10.5,7700,0.0,0.0
2022-04-05 00:00:00-04:00,11.126999855041504,11.170000076293945,10.609999656677246,10.626999855041504,4600,0.0,0.0
2022-04-06 00:00:00-04:00,10.270000457763672,10.456000328063965,10.270000457763672,10.456000328063965,1000,0.0,0.0
2022-04-07 00:00:00-04:00,10.760000228881836,11.180000305175781,10.720000267028809,10.977999687194824,1800,0.0,0.0
2022-04-08 00:00:00-04:00,10.800000190734863,11.199999809265137,10.800000190734863,11.199999809265137,2400,0.0,0.0
2022-04-11 00:00:00-04:00,11.199999809265137,11.199999809265137,11.0,11.0,1000,0.0,0.0
2022-04-12 00:00:00-04:00,10.782999992370605,11.050999641418457,10.734000205993652,11.050999641418457,11200,0.0,0.0
2022-04-13 00:00:00-04:00,11.270000457763672,11.270000457763672,11.196000099182129,11.196000099182129,1000,0.0,0.0
2022-04-14 00:00:00-04:00,11.50100040435791,11.880000114440918,11.50100040435791,11.880000114440918,1700,0.0,0.0
2022-04-18 00:00:00-04:00,11.489999771118164,12.350000381469727,11.399999618530273,11.899999618530273,24700,0.0,0.0
2022-04-19 00:00:00-04:00,11.890000343322754,12.109999656677246,11.5,11.649999618530273,16600,0.0,0.0
2022-04-20 00:00:00-04:00,11.416000366210938,11.46500015258789,11.182000160217285,11.293000221252441,11500,0.0,0.0
2022-04-21 00:00:00-04:00,11.236000061035156,11.236000061035156,10.473999977111816,10.65999984741211,8600,0.0,0.0
2022-04-22 00:00:00-04:00,10.109999656677246,10.21500015258789,10.0,10.164999961853027,10500,0.0,0.0
2022-04-25 00:00:00-04:00,9.842000007629395,9.842000007629395,9.449999809265137,9.699999809265137,6300,0.0,0.0
2022-04-26 00:00:00-04:00,9.470000267028809,9.470000267028809,9.347999572753906,9.359999656677246,4100,0.0,0.0
2022-04-27 00:00:00-04:00,9.229999542236328,9.302000045776367,9.069999694824219,9.25,15900,0.0,0.0
2022-04-28 00:00:00-04:00,9.414999961853027,9.869999885559082,9.399999618530273,9.869999885559082,3700,0.0,0.0
2022-04-29 00:00:00-04:00,9.869999885559082,10.043999671936035,9.869999885559082,10.043999671936035,400,0.0,0.0
2022-05-02 00:00:00-04:00,9.616999626159668,9.699999809265137,9.350000381469727,9.699999809265137,15300,0.0,0.0
2022-05-03 00:00:00-04:00,9.800000190734863,9.800000190734863,9.800000190734863,9.800000190734863,300,0.0,0.0
2022-05-04 00:00:00-04:00,9.800000190734863,10.199999809265137,9.800000190734863,10.199999809265137,1900,0.0,0.0
2022-05-05 00:00:00-04:00,10.5,10.5,9.079999923706055,9.079999923706055,3300,0.0,0.0
2022-05-06 00:00:00-04:00,9.0,9.350000381469727,8.845000267028809,9.28499984741211,2600,0.0,0.0
2022-05-09 00:00:00-04:00,8.880000114440918,9.0,8.579999923706055,8.75,4800,0.0,0.0
2022-05-10 00:00:00-04:00,8.770000457763672,8.859999656677246,8.628999710083008,8.859999656677246,1800,0.0,0.0
2022-05-11 00:00:00-04:00,8.899999618530273,9.140000343322754,8.899999618530273,8.925999641418457,1300,0.0,0.0
2022-05-12 00:00:00-04:00,8.206000328063965,8.206000328063965,7.650000095367432,8.0,5400,0.0,0.0
2022-05-13 00:00:00-04:00,8.123000144958496,8.859999656677246,8.123000144958496,8.859999656677246,8100,0.0,0.0
2022-05-16 00:00:00-04:00,8.923999786376953,8.979999542236328,8.850000381469727,8.850000381469727,1000,0.0,0.0
2022-05-17 00:00:00-04:00,9.25,9.25,9.166000366210938,9.243000030517578,3200,0.0,0.0
2022-05-18 00:00:00-04:00,9.470000267028809,9.470000267028809,9.090999603271484,9.119999885559082,2400,0.0,0.0
2022-05-19 00:00:00-04:00,9.239999771118164,9.279999732971191,9.15999984741211,9.279999732971191,3700,0.0,0.0
2022-05-20 00:00:00-04:00,9.319999694824219,9.319999694824219,9.109999656677246,9.300000190734863,2100,0.0,0.0
2022-05-23 00:00:00-04:00,9.199999809265137,9.199999809265137,9.199999809265137,9.199999809265137,200,0.0,0.0
2022-05-24 00:00:00-04:00,9.25,9.25,8.960000038146973,8.960000038146973,10400,0.0,0.0
2022-05-25 00:00:00-04:00,8.71500015258789,8.779999732971191,8.59000015258789,8.619999885559082,1700,0.0,0.0
2022-05-26 00:00:00-04:00,9.038000106811523,9.0600004196167,8.850000381469727,8.850000381469727,1900,0.0,0.0
2022-05-27 00:00:00-04:00,8.880000114440918,8.979999542236328,8.880000114440918,8.949999809265137,1500,0.0,0.0
2022-05-31 00:00:00-04:00,8.619999885559082,9.09000015258789,8.619999885559082,8.859999656677246,16800,0.0,0.0
2022-06-01 00:00:00-04:00,8.869999885559082,8.869999885559082,8.619999885559082,8.789999961853027,2300,0.0,0.0
2022-06-02 00:00:00-04:00,8.812000274658203,9.289999961853027,8.760000228881836,9.289999961853027,5100,0.0,0.0
2022-06-03 00:00:00-04:00,9.119999885559082,9.130000114440918,8.848999977111816,8.86400032043457,2000,0.0,0.0
2022-06-06 00:00:00-04:00,9.0,9.0,8.510000228881836,8.510000228881836,3800,0.0,0.0
2022-06-07 00:00:00-04:00,8.619999885559082,8.729999542236328,8.600000381469727,8.710000038146973,7000,0.0,0.0
2022-06-08 00:00:00-04:00,8.739999771118164,8.880000114440918,8.739999771118164,8.880000114440918,700,0.0,0.0
2022-06-09 00:00:00-04:00,8.6899995803833,8.92199993133545,8.6899995803833,8.70199966430664,900,0.0,0.0
2022-06-10 00:00:00-04:00,8.8100004196167,9.100000381469727,8.649999618530273,9.100000381469727,2800,0.0,0.0
2022-06-13 00:00:00-04:00,8.5,8.53600025177002,8.199999809265137,8.5,17200,0.0,0.0
2022-06-14 00:00:00-04:00,8.272000312805176,8.272000312805176,7.7220001220703125,7.889999866485596,5900,0.0,0.0
2022-06-15 00:00:00-04:00,7.696000099182129,7.920000076293945,7.696000099182129,7.909999847412109,1700,0.0,0.0
2022-06-16 00:00:00-04:00,7.260000228881836,7.53000020980835,7.050000190734863,7.389999866485596,6400,0.0,0.0
2022-06-17 00:00:00-04:00,7.114999771118164,7.339000225067139,7.114999771118164,7.320000171661377,4200,0.0,0.0
2022-06-21 00:00:00-04:00,7.539999961853027,7.75,7.320000171661377,7.373000144958496,3900,0.0,0.0
2022-06-22 00:00:00-04:00,7.0,7.0,6.760000228881836,6.826000213623047,3500,0.0,0.0
2022-06-23 00:00:00-04:00,6.449999809265137,6.559999942779541,6.250999927520752,6.400000095367432,22600,0.0,0.0
2022-06-24 00:00:00-04:00,6.489999771118164,6.695000171661377,6.434000015258789,6.695000171661377,1400,0.0,0.0
2022-06-27 00:00:00-04:00,6.699999809265137,6.699999809265137,6.570000171661377,6.644999980926514,2100,0.0,0.0
2022-06-28 00:00:00-04:00,6.789999961853027,6.789999961853027,6.409999847412109,6.409999847412109,800,0.0,0.0
2022-06-29 00:00:00-04:00,6.223999977111816,6.223999977111816,6.195000171661377,6.195000171661377,200,0.0,0.0
2022-06-30 00:00:00-04:00,6.0,6.0,5.630000114440918,5.840000152587891,12700,0.0,0.0
2022-07-01 00:00:00-04:00,5.5,5.900000095367432,5.190000057220459,5.900000095367432,700,0.0,0.0
2022-07-05 00:00:00-04:00,5.329999923706055,5.590000152587891,5.239999771118164,5.460000038146973,5800,0.0,0.0
2022-07-06 00:00:00-04:00,5.0,5.25,4.98799991607666,5.229000091552734,106000,0.0,0.0
2022-07-07 00:00:00-04:00,5.386000156402588,6.010000228881836,5.386000156402588,5.78000020980835,5800,0.0,0.0
2022-07-08 00:00:00-04:00,5.610000133514404,5.624000072479248,5.489999771118164,5.590000152587891,6800,0.0,0.0
2022-07-11 00:00:00-04:00,5.269999980926514,5.349999904632568,5.050000190734863,5.050000190734863,16100,0.0,0.0
2022-07-12 00:00:00-04:00,5.0,5.059999942779541,4.809999942779541,4.880000114440918,21000,0.0,0.0
2022-07-13 00:00:00-04:00,4.880000114440918,4.880000114440918,4.690000057220459,4.760000228881836,7200,0.0,0.0
2022-07-14 00:00:00-04:00,4.75,4.75,4.480000019073486,4.550000190734863,3600,0.0,0.0
2022-07-15 00:00:00-04:00,4.639999866485596,4.724999904632568,4.639999866485596,4.724999904632568,3100,0.0,0.0
2022-07-18 00:00:00-04:00,5.061999797821045,5.099999904632568,5.061999797821045,5.079999923706055,1200,0.0,0.0
2022-07-19 00:00:00-04:00,5.179999828338623,5.179999828338623,5.079999923706055,5.159999847412109,1200,0.0,0.0
2022-07-20 00:00:00-04:00,5.21999979019165,5.330999851226807,4.980000019073486,5.090000152587891,4500,0.0,0.0
2022-07-21 00:00:00-04:00,4.882999897003174,4.882999897003174,4.869999885559082,4.869999885559082,600,0.0,0.0
2022-07-22 00:00:00-04:00,4.715000152587891,4.715000152587891,4.715000152587891,4.715000152587891,500,0.0,0.0
2022-07-25 00:00:00-04:00,4.755000114440918,4.755000114440918,4.659999847412109,4.659999847412109,900,0.0,0.0
2022-07-26 00:00:00-04:00,4.63700008392334,4.769999980926514,4.630000114440918,4.690000057220459,2000,0.0,0.0
2022-07-27 00:00:00-04:00,4.690000057220459,5.034999847412109,4.690000057220459,5.034999847412109,1400,0.0,0.0
2022-07-28 00:00:00-04:00,5.28000020980835,5.309999942779541,5.269999980926514,5.269999980926514,2600,0.0,0.0
2022-07-29 00:00:00-04:00,5.573999881744385,5.65500020980835,5.570000171661377,5.639999866485596,1600,0.0,0.0
2022-08-01 00:00:00-04:00,6.179999828338623,6.230000019073486,5.659999847412109,5.659999847412109,1900,0.0,0.0
2022-08-02 00:00:00-04:00,5.699999809265137,5.699999809265137,5.349999904632568,5.349999904632568,4300,0.0,0.0
2022-08-03 00:00:00-04:00,5.349999904632568,5.440000057220459,5.170000076293945,5.425000190734863,2700,0.0,0.0
2022-08-04 00:00:00-04:00,5.579999923706055,5.579999923706055,5.460000038146973,5.460000038146973,300,0.0,0.0
2022-08-05 00:00:00-04:00,5.318999767303467,5.318999767303467,5.318999767303467,5.318999767303467,200,0.0,0.0
2022-08-08 00:00:00-04:00,5.699999809265137,5.71999979019165,5.675000190734863,5.684999942779541,2500,0.0,0.0
2022-08-09 00:00:00-04:00,5.610000133514404,5.699999809265137,5.610000133514404,5.699999809265137,900,0.0,0.0
2022-08-10 00:00:00-04:00,5.888000011444092,6.03000020980835,5.888000011444092,6.0,1700,0.0,0.0
2022-08-11 00:00:00-04:00,6.0,6.0,5.909999847412109,5.920000076293945,1200,0.0,0.0
2022-08-12 00:00:00-04:00,5.849999904632568,6.085000038146973,5.849999904632568,5.909999847412109,5800,0.0,0.0
2022-08-15 00:00:00-04:00,5.909999847412109,5.909999847412109,5.610000133514404,5.659999847412109,5000,0.0,0.0
2022-08-16 00:00:00-04:00,5.590000152587891,5.639999866485596,5.505000114440918,5.639999866485596,2100,0.0,0.0
2022-08-17 00:00:00-04:00,5.409999847412109,5.5320000648498535,5.400000095367432,5.5320000648498535,1600,0.0,0.0
2022-08-18 00:00:00-04:00,5.53000020980835,5.579999923706055,5.5,5.579999923706055,1500,0.0,0.0
2022-08-19 00:00:00-04:00,5.48199987411499,5.510000228881836,5.48199987411499,5.5,2300,0.0,0.0
2022-08-22 00:00:00-04:00,5.349999904632568,5.389999866485596,5.25,5.389999866485596,1500,0.0,0.0
2022-08-23 00:00:00-04:00,5.5,5.6579999923706055,5.389999866485596,5.624000072479248,5300,0.0,0.0
2022-08-24 00:00:00-04:00,5.710000038146973,5.869999885559082,5.710000038146973,5.869999885559082,400,0.0,0.0
2022-08-25 00:00:00-04:00,5.980000019073486,6.085000038146973,5.96999979019165,6.079999923706055,5400,0.0,0.0
2022-08-26 00:00:00-04:00,5.760000228881836,5.790999889373779,5.71999979019165,5.7829999923706055,1500,0.0,0.0
2022-08-29 00:00:00-04:00,5.699999809265137,5.699999809265137,5.579999923706055,5.579999923706055,1900,0.0,0.0
2022-08-30 00:00:00-04:00,5.590000152587891,5.590000152587891,5.25,5.255000114440918,3800,0.0,0.0
2022-08-31 00:00:00-04:00,5.429999828338623,5.486999988555908,5.420000076293945,5.420000076293945,900,0.0,0.0
2022-09-01 00:00:00-04:00,5.239999771118164,5.239999771118164,5.110000133514404,5.110000133514404,1400,0.0,0.0
2022-09-02 00:00:00-04:00,5.159999847412109,5.2220001220703125,5.139999866485596,5.159999847412109,1500,0.0,0.0
2022-09-06 00:00:00-04:00,5.159999847412109,5.275000095367432,5.119999885559082,5.119999885559082,1300,0.0,0.0
2022-09-07 00:00:00-04:00,5.0,5.0,4.900000095367432,4.900000095367432,3700,0.0,0.0
2022-09-08 00:00:00-04:00,4.900000095367432,5.114999771118164,4.900000095367432,5.114999771118164,2400,0.0,0.0
2022-09-09 00:00:00-04:00,5.385000228881836,5.5,5.376999855041504,5.5,2700,0.0,0.0
2022-09-12 00:00:00-04:00,5.485000133514404,5.639999866485596,5.460000038146973,5.639999866485596,3000,0.0,0.0
2022-09-13 00:00:00-04:00,5.420000076293945,5.420000076293945,5.309999942779541,5.320000171661377,1000,0.0,0.0
2022-09-14 00:00:00-04:00,5.269999980926514,5.2769999504089355,5.269999980926514,5.269999980926514,900,0.0,0.0
2022-09-15 00:00:00-04:00,5.15500020980835,5.15500020980835,5.15500020980835,5.15500020980835,600,0.0,0.0
2022-09-16 00:00:00-04:00,5.28000020980835,5.28000020980835,5.28000020980835,5.28000020980835,100,0.0,0.0
2022-09-19 00:00:00-04:00,5.25,5.25,5.230000019073486,5.239999771118164,2200,0.0,0.0
2022-09-20 00:00:00-04:00,5.059999942779541,5.059999942779541,4.894000053405762,4.894000053405762,900,0.0,0.0
2022-09-21 00:00:00-04:00,4.760000228881836,4.900000095367432,4.699999809265137,4.849999904632568,8400,0.0,0.0
2022-09-22 00:00:00-04:00,4.699999809265137,4.699999809265137,4.619999885559082,4.679999828338623,24900,0.0,0.0
2022-09-23 00:00:00-04:00,4.550000190734863,4.550000190734863,4.2220001220703125,4.289999961853027,28000,0.0,0.0
2022-09-26 00:00:00-04:00,4.25,4.25,4.0,4.0,4300,0.0,0.0
2022-09-27 00:00:00-04:00,4.14300012588501,4.179999828338623,4.14300012588501,4.150000095367432,8100,0.0,0.0
2022-09-28 00:00:00-04:00,4.190000057220459,4.260000228881836,4.170000076293945,4.257999897003174,2000,0.0,0.0
2022-09-29 00:00:00-04:00,4.139999866485596,4.260000228881836,4.070000171661377,4.260000228881836,8700,0.0,0.0
2022-09-30 00:00:00-04:00,4.300000190734863,4.300000190734863,4.300000190734863,4.300000190734863,100,0.0,0.0
2022-10-03 00:00:00-04:00,4.441999912261963,4.456999778747559,4.441999912261963,4.456999778747559,1200,0.0,0.0
2022-10-04 00:00:00-04:00,4.5,4.550000190734863,4.5,4.547999858856201,4000,0.0,0.0
2022-10-05 00:00:00-04:00,4.46999979019165,4.46999979019165,4.447999954223633,4.447999954223633,1400,0.0,0.0
2022-10-06 00:00:00-04:00,4.360000133514404,4.360000133514404,4.28000020980835,4.28000020980835,1200,0.0,0.0
2022-10-07 00:00:00-04:00,4.019999980926514,4.170000076293945,4.019999980926514,4.085000038146973,1900,0.0,0.0
2022-10-10 00:00:00-04:00,4.033999919891357,4.033999919891357,3.9200000762939453,3.9200000762939453,6800,0.0,0.0
2022-10-11 00:00:00-04:00,3.930000066757202,4.130000114440918,3.930000066757202,4.089000225067139,17100,0.0,0.0
2022-10-12 00:00:00-04:00,4.0,4.0,3.680000066757202,3.759999990463257,5500,0.0,0.0
2022-10-13 00:00:00-04:00,3.7219998836517334,3.9600000381469727,3.7219998836517334,3.9600000381469727,2900,0.0,0.0
2022-10-14 00:00:00-04:00,3.75,3.809000015258789,3.75,3.7809998989105225,7000,0.0,0.0
2022-10-17 00:00:00-04:00,3.9079999923706055,3.9079999923706055,3.75,3.805999994277954,2800,0.0,0.0
2022-10-18 00:00:00-04:00,3.8380000591278076,3.8380000591278076,3.700000047683716,3.763000011444092,11400,0.0,0.0
2022-10-19 00:00:00-04:00,3.7100000381469727,3.7300000190734863,3.5899999141693115,3.5899999141693115,5300,0.0,0.0
2022-10-20 00:00:00-04:00,3.5929999351501465,3.5929999351501465,3.319999933242798,3.3399999141693115,21600,0.0,0.0
2022-10-21 00:00:00-04:00,3.621999979019165,3.7249999046325684,3.621999979019165,3.7249999046325684,700,0.0,0.0
2022-10-24 00:00:00-04:00,3.5199999809265137,3.6510000228881836,3.5199999809265137,3.6510000228881836,4800,0.0,0.0
2022-10-25 00:00:00-04:00,3.7300000190734863,3.7300000190734863,3.7039999961853027,3.7039999961853027,2000,0.0,0.0
2022-10-26 00:00:00-04:00,3.7939999103546143,3.7939999103546143,3.7799999713897705,3.7799999713897705,1900,0.0,0.0
2022-10-27 00:00:00-04:00,3.680000066757202,3.680000066757202,3.6500000953674316,3.6500000953674316,500,0.0,0.0
2022-10-28 00:00:00-04:00,3.5199999809265137,3.609999895095825,3.430000066757202,3.6089999675750732,19000,0.0,0.0
2022-10-31 00:00:00-04:00,3.5999999046325684,3.6040000915527344,3.5399999618530273,3.5399999618530273,2000,0.0,0.0
2022-11-01 00:00:00-04:00,3.6500000953674316,3.6500000953674316,3.5850000381469727,3.609999895095825,3700,0.0,0.0
2022-11-02 00:00:00-04:00,3.619999885559082,3.75,3.5850000381469727,3.75,2100,0.0,0.0
2022-11-03 00:00:00-04:00,3.5,3.5299999713897705,3.5,3.509999990463257,2900,0.0,0.0
2022-11-04 00:00:00-04:00,3.8499999046325684,3.930000066757202,3.7699999809265137,3.7699999809265137,2100,0.0,0.0
2022-11-07 00:00:00-05:00,3.6500000953674316,3.6700000762939453,3.635999917984009,3.6700000762939453,1000,0.0,0.0
2022-11-08 00:00:00-05:00,3.609999895095825,4.099999904632568,3.5989999771118164,4.099999904632568,2200,0.0,0.0
2022-11-09 00:00:00-05:00,4.150000095367432,4.166999816894531,3.7799999713897705,3.7799999713897705,12700,0.0,0.0
2022-11-10 00:00:00-05:00,4.400000095367432,4.590000152587891,4.400000095367432,4.474999904632568,7700,0.0,0.0
2022-11-11 00:00:00-05:00,4.40500020980835,4.75,4.330999851226807,4.75,10400,0.0,0.0
2022-11-14 00:00:00-05:00,4.550000190734863,4.755000114440918,4.545000076293945,4.645999908447266,2800,0.0,0.0
2022-11-15 00:00:00-05:00,4.900000095367432,4.900000095367432,4.78000020980835,4.78000020980835,18000,0.0,0.0
2022-11-16 00:00:00-05:00,4.770999908447266,4.770999908447266,4.769999980926514,4.769999980926514,5500,0.0,0.0
2022-11-17 00:00:00-05:00,4.900000095367432,4.900000095367432,4.809999942779541,4.820000171661377,8100,0.0,0.0
2022-11-18 00:00:00-05:00,4.8460001945495605,4.8460001945495605,4.78000020980835,4.836999893188477,4200,0.0,0.0
2022-11-21 00:00:00-05:00,4.75,4.849999904632568,4.75,4.849999904632568,5700,0.0,0.0
2022-11-22 00:00:00-05:00,5.03000020980835,5.03000020980835,4.989999771118164,4.989999771118164,3600,0.0,0.0
2022-11-23 00:00:00-05:00,4.922999858856201,4.96999979019165,4.920000076293945,4.96999979019165,2900,0.0,0.0
2022-11-25 00:00:00-05:00,5.050000190734863,5.050000190734863,5.050000190734863,5.050000190734863,300,0.0,0.0
2022-11-28 00:00:00-05:00,4.929999828338623,4.929999828338623,4.75,4.75,4200,0.0,0.0
2022-11-29 00:00:00-05:00,4.804999828338623,4.804999828338623,4.783999919891357,4.783999919891357,7500,0.0,0.0
2022-11-30 00:00:00-05:00,5.099999904632568,5.502999782562256,5.099999904632568,5.329999923706055,5500,0.0,0.0
2022-12-01 00:00:00-05:00,5.480000019073486,5.659999847412109,5.389999866485596,5.389999866485596,6200,0.0,0.0
2022-12-02 00:00:00-05:00,5.429999828338623,5.590000152587891,5.420000076293945,5.590000152587891,3700,0.0,0.0
2022-12-05 00:00:00-05:00,5.349999904632568,5.427000045776367,5.175000190734863,5.175000190734863,14900,0.0,0.0
2022-12-06 00:00:00-05:00,5.090000152587891,5.090000152587891,4.650000095367432,4.71999979019165,22700,0.0,0.0
2022-12-07 00:00:00-05:00,4.760000228881836,4.760000228881836,4.5,4.559999942779541,10700,0.0,0.0
2022-12-08 00:00:00-05:00,4.751999855041504,4.820000171661377,4.675000190734863,4.699999809265137,12500,0.0,0.0
2022-12-09 00:00:00-05:00,4.685999870300293,4.685999870300293,4.5,4.5,16700,0.0,0.0
2022-12-12 00:00:00-05:00,4.382999897003174,4.5,4.369999885559082,4.449999809265137,10900,0.0,0.0
2022-12-13 00:00:00-05:00,4.53000020980835,4.579999923706055,4.5,4.579999923706055,11600,0.0,0.0
2022-12-14 00:00:00-05:00,4.639999866485596,4.690000057220459,4.429999828338623,4.429999828338623,6900,0.0,0.0
2022-12-15 00:00:00-05:00,4.300000190734863,4.309999942779541,4.210000038146973,4.260000228881836,4900,0.0,0.0
2022-12-16 00:00:00-05:00,4.127999782562256,4.269999980926514,4.127999782562256,4.25,1300,0.0,0.0
2022-12-19 00:00:00-05:00,4.285999774932861,4.559999942779541,4.285999774932861,4.559999942779541,2200,0.0,0.0
2022-12-20 00:00:00-05:00,4.619999885559082,4.699999809265137,4.610000133514404,4.699999809265137,2100,0.0,0.0
2022-12-21 00:00:00-05:00,4.800000190734863,4.8429999351501465,4.765999794006348,4.829999923706055,4600,0.0,0.0
2022-12-22 00:00:00-05:00,4.639999866485596,4.7829999923706055,4.60699987411499,4.7829999923706055,1500,0.0,0.0
2022-12-23 00:00:00-05:00,4.730000019073486,4.800000190734863,4.689000129699707,4.800000190734863,1000,0.0,0.0
2022-12-27 00:00:00-05:00,4.885000228881836,4.929999828338623,4.875,4.929999828338623,500,0.0,0.0
2022-12-28 00:00:00-05:00,4.849999904632568,4.849999904632568,4.570000171661377,4.570000171661377,9400,0.0,0.0
2022-12-29 00:00:00-05:00,4.590000152587891,4.590000152587891,4.517000198364258,4.53000020980835,6300,0.0,0.0
2022-12-30 00:00:00-05:00,4.5269999504089355,4.599999904632568,4.429999828338623,4.599999904632568,8500,0.0,0.0
2023-01-03 00:00:00-05:00,4.480000019073486,4.730000019073486,4.440999984741211,4.440999984741211,4500,0.0,0.0
2023-01-04 00:00:00-05:00,4.677000045776367,4.677000045776367,4.599999904632568,4.599999904632568,600,0.0,0.0
2023-01-05 00:00:00-05:00,4.650000095367432,4.730000019073486,4.650000095367432,4.730000019073486,1700,0.0,0.0
2023-01-06 00:00:00-05:00,4.795000076293945,5.0,4.764999866485596,4.949999809265137,49400,0.0,0.0
2023-01-09 00:00:00-05:00,5.039999961853027,5.090000152587891,4.920000076293945,4.920000076293945,4400,0.0,0.0
2023-01-10 00:00:00-05:00,5.050000190734863,5.065000057220459,4.815000057220459,4.829999923706055,7300,0.0,0.0
2023-01-11 00:00:00-05:00,5.0,5.019999980926514,4.894000053405762,4.960999965667725,1600,0.0,0.0
2023-01-12 00:00:00-05:00,4.980000019073486,4.980000019073486,4.679999828338623,4.849999904632568,26000,0.0,0.0
2023-01-13 00:00:00-05:00,4.820000171661377,4.989999771118164,4.820000171661377,4.989999771118164,11400,0.0,0.0
2023-01-17 00:00:00-05:00,5.25,5.349999904632568,5.110000133514404,5.119999885559082,18400,0.0,0.0
2023-01-18 00:00:00-05:00,5.169000148773193,5.5,5.169000148773193,5.440000057220459,4400,0.0,0.0
2023-01-19 00:00:00-05:00,5.420000076293945,5.599999904632568,5.420000076293945,5.539999961853027,8000,0.0,0.0
2023-01-20 00:00:00-05:00,5.5,5.533999919891357,5.5,5.533999919891357,700,0.0,0.0
2023-01-23 00:00:00-05:00,5.506999969482422,5.570000171661377,5.474999904632568,5.5,33800,0.0,0.0
2023-01-24 00:00:00-05:00,5.53000020980835,5.53000020980835,5.400000095367432,5.449999809265137,3000,0.0,0.0
2023-01-25 00:00:00-05:00,5.300000190734863,5.360000133514404,5.269999980926514,5.340000152587891,5200,0.0,0.0
2023-01-26 00:00:00-05:00,5.406000137329102,5.406000137329102,5.289999961853027,5.289999961853027,4200,0.0,0.0
2023-01-27 00:00:00-05:00,5.383999824523926,5.383999824523926,5.322999954223633,5.34499979019165,1800,0.0,0.0
2023-01-30 00:00:00-05:00,5.329999923706055,5.329999923706055,5.179999828338623,5.199999809265137,3200,0.0,0.0
2023-01-31 00:00:00-05:00,5.179999828338623,5.179999828338623,5.099999904632568,5.119999885559082,50500,0.0,0.0
2023-02-01 00:00:00-05:00,5.130000114440918,5.230000019073486,5.050000190734863,5.230000019073486,2000,0.0,0.0
2023-02-02 00:00:00-05:00,5.110000133514404,5.135000228881836,5.0,5.135000228881836,2700,0.0,0.0
2023-02-03 00:00:00-05:00,5.1570000648498535,5.1570000648498535,5.114999771118164,5.119999885559082,7900,0.0,0.0
2023-02-06 00:00:00-05:00,5.019999980926514,5.019999980926514,4.849999904632568,4.855000019073486,2300,0.0,0.0
2023-02-07 00:00:00-05:00,4.690000057220459,4.913000106811523,4.630000114440918,4.840000152587891,2500,0.0,0.0
2023-02-08 00:00:00-05:00,4.98799991607666,5.0,4.849999904632568,4.849999904632568,900,0.0,0.0
2023-02-09 00:00:00-05:00,4.72599983215332,4.75,4.679999828338623,4.697000026702881,2900,0.0,0.0
2023-02-10 00:00:00-05:00,4.626999855041504,4.63700008392334,4.626999855041504,4.630000114440918,2000,0.0,0.0
2023-02-13 00:00:00-05:00,4.630000114440918,4.670000076293945,4.630000114440918,4.630000114440918,4200,0.0,0.0
2023-02-14 00:00:00-05:00,4.630000114440918,4.691999912261963,4.590000152587891,4.679999828338623,8000,0.0,0.0
2023-02-15 00:00:00-05:00,4.679999828338623,4.679999828338623,4.679999828338623,4.679999828338623,100,0.0,0.0
2023-02-16 00:00:00-05:00,4.579999923706055,4.676000118255615,4.579999923706055,4.659999847412109,4000,0.0,0.0
2023-02-17 00:00:00-05:00,4.619999885559082,4.619999885559082,4.552999973297119,4.552999973297119,700,0.0,0.0
2023-02-21 00:00:00-05:00,4.505000114440918,4.505000114440918,4.49399995803833,4.499000072479248,900,0.0,0.0
2023-02-22 00:00:00-05:00,4.389999866485596,4.389999866485596,4.300000190734863,4.300000190734863,4500,0.0,0.0
2023-02-23 00:00:00-05:00,4.300000190734863,4.300000190734863,4.300000190734863,4.300000190734863,0,0.0,0.0
2023-02-24 00:00:00-05:00,4.25,4.25,4.110000133514404,4.197999954223633,13000,0.0,0.0
2023-02-27 00:00:00-05:00,4.25,4.25,4.2220001220703125,4.245999813079834,400,0.0,0.0
2023-02-28 00:00:00-05:00,4.210000038146973,4.210000038146973,4.179999828338623,4.190000057220459,43400,0.0,0.0
2023-03-01 00:00:00-05:00,4.300000190734863,4.465000152587891,4.300000190734863,4.465000152587891,1300,0.0,0.0
2023-03-02 00:00:00-05:00,4.5,4.5,4.335000038146973,4.349999904632568,1600,0.0,0.0
2023-03-03 00:00:00-05:00,4.545000076293945,4.545000076293945,4.449999809265137,4.449999809265137,1100,0.0,0.0
2023-03-06 00:00:00-05:00,4.300000190734863,4.300000190734863,4.228000164031982,4.260000228881836,900,0.0,0.0
2023-03-07 00:00:00-05:00,4.068999767303467,4.119999885559082,4.059999942779541,4.059999942779541,4400,0.0,0.0
2023-03-08 00:00:00-05:00,4.0,4.0,3.9630000591278076,3.996999979019165,500,0.0,0.0
2023-03-09 00:00:00-05:00,4.039999961853027,4.039999961853027,3.9560000896453857,3.9560000896453857,6000,0.0,0.0
2023-03-10 00:00:00-05:00,3.9200000762939453,3.930000066757202,3.7730000019073486,3.7730000019073486,8300,0.0,0.0
2023-03-13 00:00:00-04:00,3.9200000762939453,4.019999980926514,3.9200000762939453,4.019999980926514,1800,0.0,0.0
2023-03-14 00:00:00-04:00,3.819999933242798,3.8340001106262207,3.7699999809265137,3.8340001106262207,4800,0.0,0.0
2023-03-15 00:00:00-04:00,3.694999933242798,3.7049999237060547,3.694999933242798,3.7049999237060547,34300,0.0,0.0
2023-03-16 00:00:00-04:00,3.7850000858306885,3.7850000858306885,3.7850000858306885,3.7850000858306885,700,0.0,0.0
2023-03-17 00:00:00-04:00,3.75,3.7899999618530273,3.7170000076293945,3.7899999618530273,5500,0.0,0.0
2023-03-20 00:00:00-04:00,3.819999933242798,3.8469998836517334,3.7899999618530273,3.7899999618530273,1600,0.0,0.0
2023-03-21 00:00:00-04:00,3.75,3.75,3.75,3.75,300,0.0,0.0
2023-03-22 00:00:00-04:00,3.7300000190734863,3.799999952316284,3.6700000762939453,3.7300000190734863,6600,0.0,0.0
2023-03-23 00:00:00-04:00,3.865000009536743,3.865000009536743,3.865000009536743,3.865000009536743,200,0.0,0.0
2023-03-24 00:00:00-04:00,3.7200000286102295,3.9000000953674316,3.7200000286102295,3.9000000953674316,700,0.0,0.0
2023-03-27 00:00:00-04:00,4.079999923706055,4.150000095367432,4.079999923706055,4.150000095367432,500,0.0,0.0
2023-03-28 00:00:00-04:00,4.073999881744385,4.119999885559082,4.03000020980835,4.090000152587891,3600,0.0,0.0
2023-03-29 00:00:00-04:00,4.139999866485596,4.519999980926514,4.139999866485596,4.474999904632568,4400,0.0,0.0
2023-03-30 00:00:00-04:00,4.684999942779541,4.829999923706055,4.684999942779541,4.699999809265137,4000,0.0,0.0
2023-03-31 00:00:00-04:00,4.889999866485596,4.949999809265137,4.820000171661377,4.840000152587891,5400,0.0,0.0
2023-04-03 00:00:00-04:00,4.849999904632568,4.88100004196167,4.699999809265137,4.829999923706055,103800,0.0,0.0
2023-04-04 00:00:00-04:00,4.849999904632568,4.849999904632568,4.579999923706055,4.59499979019165,2200,0.0,0.0
2023-04-05 00:00:00-04:00,4.639999866485596,4.639999866485596,4.489999771118164,4.550000190734863,3100,0.0,0.0
2023-04-06 00:00:00-04:00,4.478000164031982,4.78000020980835,4.460000038146973,4.78000020980835,3000,0.0,0.0
2023-04-10 00:00:00-04:00,4.525000095367432,4.570000171661377,4.511000156402588,4.539999961853027,3300,0.0,0.0
2023-04-11 00:00:00-04:00,4.553999900817871,4.710000038146973,4.553999900817871,4.570000171661377,3600,0.0,0.0
2023-04-12 00:00:00-04:00,4.769999980926514,4.769999980926514,4.619999885559082,4.699999809265137,7000,0.0,0.0
2023-04-13 00:00:00-04:00,4.869999885559082,5.139999866485596,4.869999885559082,5.118000030517578,10800,0.0,0.0
2023-04-14 00:00:00-04:00,5.329999923706055,5.376999855041504,5.269999980926514,5.376999855041504,9300,0.0,0.0
2023-04-17 00:00:00-04:00,5.388000011444092,5.485000133514404,5.25,5.485000133514404,16300,0.0,0.0
2023-04-18 00:00:00-04:00,5.451000213623047,5.565000057220459,5.451000213623047,5.565000057220459,2600,0.0,0.0
2023-04-19 00:00:00-04:00,5.389999866485596,5.389999866485596,5.389999866485596,5.389999866485596,300,0.0,0.0
2023-04-20 00:00:00-04:00,5.449999809265137,5.449999809265137,5.396999835968018,5.409999847412109,4600,0.0,0.0
2023-04-21 00:00:00-04:00,5.281000137329102,5.289999961853027,5.242000102996826,5.269999980926514,2200,0.0,0.0
2023-04-24 00:00:00-04:00,5.269999980926514,5.269999980926514,5.23199987411499,5.232999801635742,2500,0.0,0.0
2023-04-25 00:00:00-04:00,5.119999885559082,5.144999980926514,5.065999984741211,5.130000114440918,7800,0.0,0.0
2023-04-26 00:00:00-04:00,5.139999866485596,5.239999771118164,5.139999866485596,5.239999771118164,1800,0.0,0.0
2023-04-27 00:00:00-04:00,5.215000152587891,5.215000152587891,5.1479997634887695,5.175000190734863,900,0.0,0.0
2023-04-28 00:00:00-04:00,5.170000076293945,5.199999809265137,5.114999771118164,5.195000171661377,14500,0.0,0.0
2023-05-01 00:00:00-04:00,5.190000057220459,5.190000057220459,5.050000190734863,5.059999942779541,7500,0.0,0.0
2023-05-02 00:00:00-04:00,5.059999942779541,5.059999942779541,5.059999942779541,5.059999942779541,0,0.0,0.0
2023-05-03 00:00:00-04:00,5.004000186920166,5.03000020980835,5.0,5.005000114440918,6400,0.0,0.0
2023-05-04 00:00:00-04:00,4.800000190734863,4.829999923706055,4.739999771118164,4.739999771118164,2100,0.0,0.0
2023-05-05 00:00:00-04:00,4.78000020980835,4.989999771118164,4.78000020980835,4.989999771118164,1800,0.0,0.0
2023-05-08 00:00:00-04:00,4.9679999351501465,4.9679999351501465,4.9679999351501465,4.9679999351501465,300,0.0,0.0
2023-05-09 00:00:00-04:00,4.920000076293945,5.039999961853027,4.920000076293945,4.989999771118164,1000,0.0,0.0
2023-05-10 00:00:00-04:00,4.949999809265137,4.949999809265137,4.800000190734863,4.800000190734863,2100,0.0,0.0
2023-05-11 00:00:00-04:00,4.760000228881836,4.760000228881836,4.650000095367432,4.650000095367432,1600,0.0,0.0
2023-05-12 00:00:00-04:00,4.730999946594238,4.730999946594238,4.673999786376953,4.673999786376953,2400,0.0,0.0
2023-05-15 00:00:00-04:00,4.934000015258789,4.949999809265137,4.889999866485596,4.889999866485596,6800,0.0,0.0
2023-05-16 00:00:00-04:00,4.744999885559082,4.744999885559082,4.670000076293945,4.686999797821045,2100,0.0,0.0
2023-05-17 00:00:00-04:00,4.709000110626221,4.709000110626221,4.579999923706055,4.5970001220703125,61400,0.0,0.0
2023-05-18 00:00:00-04:00,4.482999801635742,4.510000228881836,4.482999801635742,4.510000228881836,14200,0.0,0.0
2023-05-19 00:00:00-04:00,4.550000190734863,4.550000190734863,4.5,4.539999961853027,8800,0.0,0.0
2023-05-22 00:00:00-04:00,4.460000038146973,4.699999809265137,4.380000114440918,4.380000114440918,1200,0.0,0.0
2023-05-23 00:00:00-04:00,4.400000095367432,4.454999923706055,4.309999942779541,4.309999942779541,5700,0.0,0.0
2023-05-24 00:00:00-04:00,4.138000011444092,4.138000011444092,4.099999904632568,4.130000114440918,1500,0.0,0.0
2023-05-25 00:00:00-04:00,4.059999942779541,4.086999893188477,4.059999942779541,4.086999893188477,300,0.0,0.0
2023-05-26 00:00:00-04:00,4.090000152587891,4.170000076293945,4.090000152587891,4.145999908447266,25700,0.0,0.0
2023-05-30 00:00:00-04:00,4.176000118255615,4.176000118255615,4.111999988555908,4.111999988555908,1000,0.0,0.0
2023-05-31 00:00:00-04:00,3.9739999771118164,4.014999866485596,3.9560000896453857,4.014999866485596,800,0.0,0.0
2023-06-01 00:00:00-04:00,4.210000038146973,4.360000133514404,4.210000038146973,4.320000171661377,12800,0.0,0.0
2023-06-02 00:00:00-04:00,4.349999904632568,4.349999904632568,4.327000141143799,4.327000141143799,1200,0.0,0.0
2023-06-05 00:00:00-04:00,4.369999885559082,4.434999942779541,4.360000133514404,4.360000133514404,3600,0.0,0.0
2023-06-06 00:00:00-04:00,4.420000076293945,4.420000076293945,4.380000114440918,4.380000114440918,1000,0.0,0.0
2023-06-07 00:00:00-04:00,4.300000190734863,4.563000202178955,4.300000190734863,4.563000202178955,400,0.0,0.0
2023-06-08 00:00:00-04:00,4.349999904632568,4.349999904632568,4.349999904632568,4.349999904632568,1300,0.0,0.0
2023-06-09 00:00:00-04:00,4.420000076293945,4.48799991607666,4.389999866485596,4.389999866485596,3900,0.0,0.0
2023-06-12 00:00:00-04:00,4.349999904632568,4.349999904632568,4.270999908447266,4.270999908447266,2500,0.0,0.0
2023-06-13 00:00:00-04:00,4.4039998054504395,4.429999828338623,4.4039998054504395,4.429999828338623,1000,0.0,0.0
2023-06-14 00:00:00-04:00,4.420000076293945,4.420000076293945,4.360000133514404,4.4039998054504395,3100,0.0,0.0
2023-06-15 00:00:00-04:00,4.389999866485596,4.560999870300293,4.389999866485596,4.510000228881836,4100,0.0,0.0
2023-06-16 00:00:00-04:00,4.420000076293945,4.539999961853027,4.420000076293945,4.539999961853027,1100,0.0,0.0
2023-06-20 00:00:00-04:00,4.539999961853027,4.539999961853027,4.539999961853027,4.539999961853027,0,0.0,0.0
2023-06-21 00:00:00-04:00,4.315000057220459,4.315000057220459,4.2779998779296875,4.311999797821045,1900,0.0,0.0
2023-06-22 00:00:00-04:00,4.309999942779541,4.309999942779541,4.309999942779541,4.309999942779541,192300,0.0,0.0
2023-06-23 00:00:00-04:00,4.15500020980835,4.15500020980835,4.15500020980835,4.15500020980835,200,0.0,0.0
2023-06-26 00:00:00-04:00,4.211999893188477,4.211999893188477,4.090000152587891,4.119999885559082,4100,0.0,0.0
2023-06-27 00:00:00-04:00,4.144999980926514,4.179999828338623,4.14300012588501,4.179999828338623,1200,0.0,0.0
2023-06-28 00:00:00-04:00,4.179999828338623,4.179999828338623,4.179999828338623,4.179999828338623,0,0.0,0.0
2023-06-29 00:00:00-04:00,4.144999980926514,4.230000019073486,4.144999980926514,4.230000019073486,13100,0.0,0.0
2023-06-30 00:00:00-04:00,4.367000102996826,4.46999979019165,4.320000171661377,4.46999979019165,18500,0.0,0.0
2023-07-03 00:00:00-04:00,4.46999979019165,4.46999979019165,4.46999979019165,4.46999979019165,200,0.0,0.0
2023-07-05 00:00:00-04:00,4.5,4.53000020980835,4.5,4.53000020980835,13700,0.0,0.0
2023-07-06 00:00:00-04:00,4.400000095367432,4.400000095367432,4.328000068664551,4.329999923706055,12100,0.0,0.0
2023-07-07 00:00:00-04:00,4.329999923706055,4.385000228881836,4.329999923706055,4.340000152587891,8800,0.0,0.0
2023-07-10 00:00:00-04:00,4.340000152587891,4.3470001220703125,4.320000171661377,4.3470001220703125,1400,0.0,0.0
2023-07-11 00:00:00-04:00,4.360000133514404,4.409999847412109,4.349999904632568,4.369999885559082,24100,0.0,0.0
2023-07-12 00:00:00-04:00,4.559999942779541,4.559999942779541,4.480000019073486,4.480000019073486,400,0.0,0.0
2023-07-13 00:00:00-04:00,4.618000030517578,4.760000228881836,4.618000030517578,4.760000228881836,3500,0.0,0.0
2023-07-14 00:00:00-04:00,4.739999771118164,4.739999771118164,4.494999885559082,4.494999885559082,1200,0.0,0.0
2023-07-17 00:00:00-04:00,4.460000038146973,4.460000038146973,4.460000038146973,4.460000038146973,300,0.0,0.0
2023-07-18 00:00:00-04:00,4.599999904632568,4.607999801635742,4.539999961853027,4.607999801635742,4500,0.0,0.0
2023-07-19 00:00:00-04:00,4.49399995803833,4.49399995803833,4.49399995803833,4.49399995803833,3600,0.0,0.0
2023-07-20 00:00:00-04:00,4.49399995803833,4.49399995803833,4.49399995803833,4.49399995803833,1000,0.0,0.0
2023-07-21 00:00:00-04:00,4.49399995803833,4.49399995803833,4.49399995803833,4.49399995803833,0,0.0,0.0
2023-07-24 00:00:00-04:00,4.260000228881836,4.269999980926514,4.199999809265137,4.269999980926514,16800,0.0,0.0
2023-07-25 00:00:00-04:00,4.409999847412109,4.429999828338623,4.409999847412109,4.429999828338623,7300,0.0,0.0
2023-07-26 00:00:00-04:00,4.485000133514404,4.485000133514404,4.3979997634887695,4.3979997634887695,500,0.0,0.0
2023-07-27 00:00:00-04:00,4.340000152587891,4.340000152587891,4.300000190734863,4.309999942779541,21500,0.0,0.0
2023-07-28 00:00:00-04:00,4.420000076293945,4.650000095367432,4.420000076293945,4.650000095367432,3100,0.0,0.0
2023-07-31 00:00:00-04:00,4.679999828338623,5.0,4.679999828338623,4.927999973297119,800,0.0,0.0
2023-08-01 00:00:00-04:00,4.71999979019165,4.71999979019165,4.71999979019165,4.71999979019165,600,0.0,0.0
2023-08-02 00:00:00-04:00,4.699999809265137,4.730000019073486,4.671999931335449,4.703999996185303,2500,0.0,0.0
2023-08-03 00:00:00-04:00,4.679999828338623,4.699999809265137,4.679999828338623,4.699999809265137,1500,0.0,0.0
2023-08-04 00:00:00-04:00,4.927000045776367,4.949999809265137,4.927000045776367,4.949999809265137,800,0.0,0.0
2023-08-07 00:00:00-04:00,4.75,4.75,4.75,4.75,1600,0.0,0.0
2023-08-08 00:00:00-04:00,4.579999923706055,4.739999771118164,4.579999923706055,4.739999771118164,4500,0.0,0.0
2023-08-09 00:00:00-04:00,4.739999771118164,4.739999771118164,4.739999771118164,4.739999771118164,0,0.0,0.0
2023-08-10 00:00:00-04:00,4.75,4.840000152587891,4.659999847412109,4.659999847412109,1100,0.0,0.0
2023-08-11 00:00:00-04:00,4.659999847412109,4.659999847412109,4.659999847412109,4.659999847412109,0,0.0,0.0
2023-08-14 00:00:00-04:00,4.659999847412109,4.659999847412109,4.659999847412109,4.659999847412109,0,0.0,0.0
2023-08-15 00:00:00-04:00,4.360000133514404,4.360000133514404,4.285999774932861,4.285999774932861,2500,0.0,0.0
2023-08-16 00:00:00-04:00,4.210000038146973,4.289999961853027,4.210000038146973,4.289999961853027,1300,0.0,0.0
2023-08-17 00:00:00-04:00,4.26200008392334,4.26200008392334,4.26200008392334,4.26200008392334,200,0.0,0.0
2023-08-18 00:00:00-04:00,4.2129998207092285,4.230000019073486,4.203999996185303,4.203999996185303,20300,0.0,0.0
2023-08-21 00:00:00-04:00,4.24399995803833,4.369999885559082,4.24399995803833,4.369999885559082,4100,0.0,0.0
2023-08-22 00:00:00-04:00,4.260000228881836,4.260000228881836,4.260000228881836,4.260000228881836,1700,0.0,0.0
2023-08-23 00:00:00-04:00,4.260000228881836,4.296000003814697,4.260000228881836,4.296000003814697,20600,0.0,0.0
2023-08-24 00:00:00-04:00,4.296000003814697,4.296000003814697,4.296000003814697,4.296000003814697,0,0.0,0.0
2023-08-25 00:00:00-04:00,4.21999979019165,4.21999979019165,4.110000133514404,4.204999923706055,12200,0.0,0.0
2023-08-28 00:00:00-04:00,4.260000228881836,4.260000228881836,4.21999979019165,4.21999979019165,800,0.0,0.0
2023-08-29 00:00:00-04:00,4.199999809265137,4.203999996185303,4.199999809265137,4.199999809265137,11600,0.0,0.0
2023-08-30 00:00:00-04:00,4.250999927520752,4.320000171661377,4.250999927520752,4.320000171661377,300,0.0,0.0
2023-08-31 00:00:00-04:00,4.389999866485596,4.389999866485596,4.389999866485596,4.389999866485596,27100,0.0,0.0
2023-09-01 00:00:00-04:00,4.389999866485596,4.389999866485596,4.389999866485596,4.389999866485596,0,0.0,0.0
2023-09-05 00:00:00-04:00,4.190000057220459,4.196000099182129,4.15500020980835,4.159999847412109,8300,0.0,0.0
2023-09-06 00:00:00-04:00,4.070000171661377,4.070000171661377,4.044000148773193,4.050000190734863,25100,0.0,0.0
2023-09-07 00:00:00-04:00,4.076000213623047,4.119999885559082,4.03000020980835,4.050000190734863,4200,0.0,0.0
2023-09-08 00:00:00-04:00,3.990000009536743,4.010000228881836,3.950000047683716,3.950000047683716,4100,0.0,0.0
2023-09-11 00:00:00-04:00,3.986999988555908,3.986999988555908,3.947999954223633,3.947999954223633,32500,0.0,0.0
2023-09-12 00:00:00-04:00,3.9590001106262207,3.9760000705718994,3.890000104904175,3.9200000762939453,21300,0.0,0.0
2023-09-13 00:00:00-04:00,3.9000000953674316,3.9000000953674316,3.890000104904175,3.890000104904175,41300,0.0,0.0
2023-09-14 00:00:00-04:00,3.759999990463257,3.944000005722046,3.759999990463257,3.8299999237060547,10000,0.0,0.0
2023-09-15 00:00:00-04:00,3.9000000953674316,3.9100000858306885,3.880000114440918,3.9049999713897705,15900,0.0,0.0
2023-09-18 00:00:00-04:00,3.799999952316284,3.799999952316284,3.799999952316284,3.799999952316284,4000,0.0,0.0
2023-09-19 00:00:00-04:00,3.75,3.75,3.747999906539917,3.747999906539917,6800,0.0,0.0
2023-09-20 00:00:00-04:00,3.736999988555908,3.736999988555908,3.6600000858306885,3.6600000858306885,1000,0.0,0.0
2023-09-21 00:00:00-04:00,3.6500000953674316,3.6500000953674316,3.5999999046325684,3.6110000610351562,5500,0.0,0.0
2023-09-22 00:00:00-04:00,3.609999895095825,3.615999937057495,3.5899999141693115,3.615999937057495,4100,0.0,0.0
2023-09-25 00:00:00-04:00,3.5850000381469727,3.5850000381469727,3.559999942779541,3.559999942779541,16000,0.0,0.0
2023-09-26 00:00:00-04:00,3.3299999237060547,3.549999952316284,3.3299999237060547,3.5199999809265137,11400,0.0,0.0
2023-09-27 00:00:00-04:00,3.75,3.9000000953674316,3.75,3.8269999027252197,25500,0.0,0.0
2023-09-28 00:00:00-04:00,3.869999885559082,3.9200000762939453,3.869999885559082,3.9200000762939453,19600,0.0,0.0
2023-09-29 00:00:00-04:00,3.990000009536743,3.990000009536743,3.812000036239624,3.812000036239624,7100,0.0,0.0
2023-10-02 00:00:00-04:00,3.812000036239624,3.812000036239624,3.812000036239624,3.812000036239624,3000,0.0,0.0
2023-10-03 00:00:00-04:00,4.070000171661377,4.400000095367432,4.070000171661377,4.400000095367432,115300,0.0,0.0
2023-10-04 00:00:00-04:00,4.119999885559082,4.151000022888184,4.119999885559082,4.151000022888184,22900,0.0,0.0
2023-10-05 00:00:00-04:00,4.210000038146973,4.210000038146973,4.170000076293945,4.170000076293945,16200,0.0,0.0
2023-10-06 00:00:00-04:00,4.239999771118164,4.320000171661377,4.239999771118164,4.300000190734863,11800,0.0,0.0
2023-10-09 00:00:00-04:00,4.260000228881836,4.260000228881836,4.150000095367432,4.195000171661377,8200,0.0,0.0
2023-10-10 00:00:00-04:00,4.260000228881836,4.519999980926514,4.239999771118164,4.394999980926514,15600,0.0,0.0
2023-10-11 00:00:00-04:00,4.23799991607666,4.23799991607666,4.23799991607666,4.23799991607666,19000,0.0,0.0
2023-10-12 00:00:00-04:00,4.224999904632568,4.224999904632568,4.224999904632568,4.224999904632568,14500,0.0,0.0
2023-10-13 00:00:00-04:00,4.309999942779541,4.309999942779541,4.271999835968018,4.271999835968018,4200,0.0,0.0
2023-10-16 00:00:00-04:00,4.429999828338623,4.480000019073486,4.428999900817871,4.480000019073486,10200,0.0,0.0
2023-10-17 00:00:00-04:00,4.480000019073486,4.480000019073486,4.480000019073486,4.480000019073486,2500,0.0,0.0
2023-10-18 00:00:00-04:00,4.300000190734863,4.300000190734863,4.25,4.300000190734863,5200,0.0,0.0
2023-10-19 00:00:00-04:00,4.110000133514404,4.110000133514404,4.110000133514404,4.110000133514404,5700,0.0,0.0
2023-10-20 00:00:00-04:00,4.110000133514404,4.110000133514404,4.110000133514404,4.110000133514404,2300,0.0,0.0
2023-10-23 00:00:00-04:00,4.110000133514404,4.110000133514404,4.110000133514404,4.110000133514404,2400,0.0,0.0
2023-10-24 00:00:00-04:00,4.159999847412109,4.159999847412109,4.159999847412109,4.159999847412109,2400,0.0,0.0
2023-10-25 00:00:00-04:00,4.159999847412109,4.159999847412109,4.159999847412109,4.159999847412109,14800,0.0,0.0
2023-10-26 00:00:00-04:00,4.01800012588501,4.01800012588501,3.9600000381469727,3.9800000190734863,3800,0.0,0.0
2023-10-27 00:00:00-04:00,3.9800000190734863,3.9800000190734863,3.9800000190734863,3.9800000190734863,10600,0.0,0.0
2023-10-30 00:00:00-04:00,3.9800000190734863,3.9800000190734863,3.9800000190734863,3.9800000190734863,21700,0.0,0.0
2023-10-31 00:00:00-04:00,3.9800000190734863,3.9800000190734863,3.9800000190734863,3.9800000190734863,101700,0.0,0.0
2023-11-01 00:00:00-04:00,3.861999988555908,3.861999988555908,3.7799999713897705,3.7799999713897705,52400,0.0,0.0
2023-11-02 00:00:00-04:00,3.8499999046325684,3.8499999046325684,3.809999942779541,3.819999933242798,15100,0.0,0.0
2023-11-03 00:00:00-04:00,3.8550000190734863,3.8550000190734863,3.799999952316284,3.799999952316284,8400,0.0,0.0
2023-11-06 00:00:00-05:00,3.674999952316284,3.674999952316284,3.611999988555908,3.630000114440918,62400,0.0,0.0
2023-11-07 00:00:00-05:00,3.6500000953674316,3.6640000343322754,3.6500000953674316,3.6640000343322754,300,0.0,0.0
2023-11-08 00:00:00-05:00,3.619999885559082,3.690000057220459,3.619999885559082,3.690000057220459,7200,0.0,0.0
2023-11-09 00:00:00-05:00,3.434999942779541,3.4800000190734863,3.434999942779541,3.4800000190734863,5500,0.0,0.0
2023-11-10 00:00:00-05:00,3.450000047683716,3.450000047683716,3.450000047683716,3.450000047683716,2000,0.0,0.0
2023-11-13 00:00:00-05:00,3.450000047683716,3.450000047683716,3.450000047683716,3.450000047683716,3800,0.0,0.0
2023-11-14 00:00:00-05:00,3.546999931335449,3.546999931335449,3.5390000343322754,3.5390000343322754,14800,0.0,0.0
2023-11-15 00:00:00-05:00,3.609999895095825,3.609999895095825,3.609999895095825,3.609999895095825,2000,0.0,0.0
2023-11-16 00:00:00-05:00,3.569999933242798,3.755000114440918,3.569999933242798,3.743000030517578,16800,0.0,0.0
2023-11-17 00:00:00-05:00,3.7780001163482666,3.7950000762939453,3.7780001163482666,3.7950000762939453,3200,0.0,0.0
2023-11-20 00:00:00-05:00,3.75,3.759000062942505,3.680000066757202,3.759000062942505,15900,0.0,0.0
2023-11-21 00:00:00-05:00,3.8329999446868896,3.8329999446868896,3.799999952316284,3.799999952316284,3700,0.0,0.0
2023-11-22 00:00:00-05:00,3.799999952316284,3.799999952316284,3.799999952316284,3.799999952316284,100,0.0,0.0
2023-11-24 00:00:00-05:00,3.799999952316284,3.799999952316284,3.799999952316284,3.799999952316284,400,0.0,0.0
2023-11-27 00:00:00-05:00,3.5799999237060547,3.5799999237060547,3.5799999237060547,3.5799999237060547,3300,0.0,0.0
2023-11-28 00:00:00-05:00,3.7699999809265137,3.7960000038146973,3.7699999809265137,3.7960000038146973,4100,0.0,0.0
2023-11-29 00:00:00-05:00,3.7899999618530273,3.799999952316284,3.700000047683716,3.700000047683716,11200,0.0,0.0
2023-11-30 00:00:00-05:00,3.6700000762939453,3.7799999713897705,3.6600000858306885,3.7799999713897705,26400,0.0,0.0
2023-12-01 00:00:00-05:00,3.815999984741211,4.010000228881836,3.815999984741211,4.010000228881836,9000,0.0,0.0
2023-12-04 00:00:00-05:00,3.940000057220459,3.9549999237060547,3.940000057220459,3.950000047683716,5000,0.0,0.0
2023-12-05 00:00:00-05:00,3.740000009536743,3.740000009536743,3.690000057220459,3.690000057220459,2300,0.0,0.0
2023-12-06 00:00:00-05:00,3.615000009536743,3.615000009536743,3.615000009536743,3.615000009536743,1200,0.0,0.0
2023-12-07 00:00:00-05:00,3.609999895095825,3.619999885559082,3.609999895095825,3.619999885559082,4400,0.0,0.0
2023-12-08 00:00:00-05:00,3.75,3.75,3.75,3.75,1500,0.0,0.0
2023-12-11 00:00:00-05:00,3.5799999237060547,3.5799999237060547,3.372999906539917,3.372999906539917,27600,0.0,0.0
2023-12-12 00:00:00-05:00,3.2200000286102295,3.2200000286102295,2.950000047683716,2.950000047683716,58600,0.0,0.0
2023-12-13 00:00:00-05:00,2.950000047683716,3.1570000648498535,2.950000047683716,3.1540000438690186,28500,0.0,0.0
2023-12-14 00:00:00-05:00,3.299999952316284,3.3299999237060547,3.299999952316284,3.3299999237060547,4400,0.0,0.0
2023-12-15 00:00:00-05:00,3.190000057220459,3.193000078201294,3.119999885559082,3.119999885559082,42500,0.0,0.0
2023-12-18 00:00:00-05:00,3.109999895095825,3.109999895095825,3.0,3.0199999809265137,26400,0.0,0.0
2023-12-19 00:00:00-05:00,3.0199999809265137,3.119999885559082,3.0199999809265137,3.0799999237060547,71800,0.0,0.0
2023-12-20 00:00:00-05:00,3.0989999771118164,3.0989999771118164,3.0299999713897705,3.0299999713897705,6300,0.0,0.0
2023-12-21 00:00:00-05:00,3.109999895095825,3.130000114440918,3.109999895095825,3.130000114440918,15400,0.0,0.0
2023-12-22 00:00:00-05:00,3.1500000953674316,3.1500000953674316,3.1470000743865967,3.1470000743865967,4900,0.0,0.0
2023-12-26 00:00:00-05:00,3.119999885559082,3.2899999618530273,3.119999885559082,3.200000047683716,2400,0.0,0.0
2023-12-27 00:00:00-05:00,3.109999895095825,3.125,3.109999895095825,3.115000009536743,8000,0.0,0.0
2023-12-28 00:00:00-05:00,3.0999999046325684,3.0999999046325684,3.0280001163482666,3.0280001163482666,6000,0.0,0.0
2023-12-29 00:00:00-05:00,3.0199999809265137,3.061000108718872,3.009999990463257,3.049999952316284,3600,0.0,0.0
2024-01-02 00:00:00-05:00,3.309000015258789,3.309999942779541,3.255000114440918,3.255000114440918,7200,0.0,0.0
2024-01-03 00:00:00-05:00,3.075000047683716,3.075000047683716,3.055000066757202,3.055000066757202,14900,0.0,0.0
2024-01-04 00:00:00-05:00,3.0390000343322754,3.0390000343322754,3.015000104904175,3.0199999809265137,41800,0.0,0.0
2024-01-05 00:00:00-05:00,3.0,3.0,2.996999979019165,2.996999979019165,3200,0.0,0.0
2024-01-08 00:00:00-05:00,3.049999952316284,3.049999952316284,3.046999931335449,3.046999931335449,5400,0.0,0.0
2024-01-09 00:00:00-05:00,3.0,3.1429998874664307,3.0,3.1429998874664307,4000,0.0,0.0
2024-01-10 00:00:00-05:00,3.0299999713897705,3.0299999713897705,2.990000009536743,3.01200008392334,37100,0.0,0.0
2024-01-11 00:00:00-05:00,3.240000009536743,3.240000009536743,3.049999952316284,3.1480000019073486,14400,0.0,0.0
2024-01-12 00:00:00-05:00,3.2809998989105225,3.3259999752044678,3.2799999713897705,3.2820000648498535,5400,0.0,0.0
2024-01-16 00:00:00-05:00,3.009999990463257,3.009999990463257,3.009999990463257,3.009999990463257,3900,0.0,0.0
2024-01-17 00:00:00-05:00,2.9100000858306885,2.9130001068115234,2.875,2.9130001068115234,12000,0.0,0.0
2024-01-18 00:00:00-05:00,2.9760000705718994,2.990000009536743,2.8959999084472656,2.9000000953674316,6700,0.0,0.0
2024-01-19 00:00:00-05:00,2.8499999046325684,2.9609999656677246,2.8399999141693115,2.9609999656677246,3500,0.0,0.0
2024-01-22 00:00:00-05:00,2.9579999446868896,3.0,2.9579999446868896,2.9809999465942383,15100,0.0,0.0
2024-01-23 00:00:00-05:00,2.950000047683716,2.950000047683716,2.950000047683716,2.950000047683716,2800,0.0,0.0
2024-01-24 00:00:00-05:00,3.0799999237060547,3.0999999046325684,2.9100000858306885,2.940000057220459,129300,0.0,0.0
2024-01-25 00:00:00-05:00,2.9800000190734863,3.049999952316284,2.950000047683716,2.950000047683716,18200,0.0,0.0
2024-01-26 00:00:00-05:00,2.921999931335449,2.921999931335449,2.9000000953674316,2.9000000953674316,83200,0.0,0.0
2024-01-29 00:00:00-05:00,2.950000047683716,3.0,2.950000047683716,2.990000009536743,34800,0.0,0.0
2024-01-30 00:00:00-05:00,3.0,3.0,2.9200000762939453,2.930000066757202,3400,0.0,0.0
2024-01-31 00:00:00-05:00,2.950000047683716,2.950000047683716,2.950000047683716,2.950000047683716,100,0.0,0.0
2024-02-01 00:00:00-05:00,3.0,3.0,2.950000047683716,2.950000047683716,15000,0.0,0.0
2024-02-02 00:00:00-05:00,2.9600000381469727,2.9600000381469727,2.880000114440918,2.940000057220459,11600,0.0,0.0
2024-02-05 00:00:00-05:00,2.9170000553131104,2.9170000553131104,2.7200000286102295,2.75,35400,0.0,0.0
2024-02-06 00:00:00-05:00,2.7699999809265137,2.8299999237060547,2.7699999809265137,2.8299999237060547,25900,0.0,0.0
2024-02-07 00:00:00-05:00,2.740000009536743,2.812999963760376,2.740000009536743,2.812999963760376,18500,0.0,0.0
2024-02-08 00:00:00-05:00,2.7799999713897705,2.7899999618530273,2.7799999713897705,2.7899999618530273,3800,0.0,0.0
2024-02-09 00:00:00-05:00,2.7699999809265137,2.7699999809265137,2.7679998874664307,2.7679998874664307,4100,0.0,0.0
2024-02-12 00:00:00-05:00,2.7049999237060547,2.759999990463257,2.7049999237060547,2.759999990463257,2800,0.0,0.0
2024-02-13 00:00:00-05:00,2.7269999980926514,2.7269999980926514,2.680000066757202,2.680000066757202,14600,0.0,0.0
2024-02-14 00:00:00-05:00,2.6500000953674316,2.7100000381469727,2.6500000953674316,2.7060000896453857,9900,0.0,0.0
2024-02-15 00:00:00-05:00,2.7839999198913574,2.799999952316284,2.7799999713897705,2.799999952316284,8200,0.0,0.0
2024-02-16 00:00:00-05:00,2.869999885559082,2.9509999752044678,2.869999885559082,2.944000005722046,1700,0.0,0.0
2024-02-20 00:00:00-05:00,2.878999948501587,2.878999948501587,2.809999942779541,2.809999942779541,9000,0.0,0.0
2024-02-21 00:00:00-05:00,2.765000104904175,2.888000011444092,2.7249999046325684,2.880000114440918,38400,0.0,0.0
2024-02-22 00:00:00-05:00,2.8910000324249268,2.8910000324249268,2.8429999351501465,2.88700008392334,5200,0.0,0.0
2024-02-23 00:00:00-05:00,2.809999942779541,2.816999912261963,2.809999942779541,2.815000057220459,2400,0.0,0.0
2024-02-26 00:00:00-05:00,2.7869999408721924,2.7869999408721924,2.75,2.75,61600,0.0,0.0
2024-02-27 00:00:00-05:00,2.7890000343322754,2.7890000343322754,2.7720000743865967,2.7780001163482666,2500,0.0,0.0
2024-02-28 00:00:00-05:00,2.7850000858306885,2.7850000858306885,2.740000009536743,2.740000009536743,31500,0.0,0.0
2024-02-29 00:00:00-05:00,2.7100000381469727,2.7869999408721924,2.7100000381469727,2.75,12100,0.0,0.0
2024-03-01 00:00:00-05:00,2.749000072479248,2.9200000762939453,2.749000072479248,2.9200000762939453,1500,0.0,0.0
2024-03-04 00:00:00-05:00,2.880000114440918,2.9200000762939453,2.880000114440918,2.9000000953674316,7700,0.0,0.0
2024-03-05 00:00:00-05:00,2.819999933242798,2.8499999046325684,2.7890000343322754,2.8499999046325684,8600,0.0,0.0
2024-03-06 00:00:00-05:00,2.9149999618530273,2.921999931335449,2.878000020980835,2.9200000762939453,7200,0.0,0.0
2024-03-07 00:00:00-05:00,3.069999933242798,3.130000114440918,3.069999933242798,3.0950000286102295,3300,0.0,0.0
2024-03-08 00:00:00-05:00,2.950000047683716,3.049999952316284,2.950000047683716,3.0230000019073486,800,0.0,0.0
2024-03-11 00:00:00-04:00,3.0,3.0230000019073486,3.0,3.0230000019073486,6500,0.0,0.0
2024-03-12 00:00:00-04:00,3.052000045776367,3.052000045776367,3.052000045776367,3.052000045776367,2800,0.0,0.0
2024-03-13 00:00:00-04:00,3.0,3.365000009536743,3.0,3.328000068664551,25600,0.0,0.0
2024-03-14 00:00:00-04:00,3.3239998817443848,3.3299999237060547,3.200000047683716,3.200000047683716,6500,0.0,0.0
2024-03-15 00:00:00-04:00,3.2239999771118164,3.2780001163482666,3.1700000762939453,3.2750000953674316,15900,0.0,0.0
2024-03-18 00:00:00-04:00,3.197999954223633,3.2100000381469727,3.174999952316284,3.194999933242798,15200,0.0,0.0
2024-03-19 00:00:00-04:00,3.180000066757202,3.180000066757202,3.0399999618530273,3.0799999237060547,26900,0.0,0.0
2024-03-20 00:00:00-04:00,3.059999942779541,3.2799999713897705,3.059999942779541,3.2799999713897705,3700,0.0,0.0
2024-03-21 00:00:00-04:00,3.299999952316284,3.299999952316284,3.2100000381469727,3.240000009536743,11000,0.0,0.0
2024-03-22 00:00:00-04:00,3.183000087738037,3.183000087738037,3.1470000743865967,3.1470000743865967,500,0.0,0.0
2024-03-25 00:00:00-04:00,3.180000066757202,3.190000057220459,3.180000066757202,3.187999963760376,5100,0.0,0.0
2024-03-26 00:00:00-04:00,3.1760001182556152,3.3239998817443848,3.1689999103546143,3.257999897003174,12500,0.0,0.0
2024-03-27 00:00:00-04:00,3.3399999141693115,3.4700000286102295,3.3399999141693115,3.4700000286102295,10400,0.0,0.0
2024-03-28 00:00:00-04:00,3.4800000190734863,3.549999952316284,3.4800000190734863,3.5299999713897705,8600,0.0,0.0
2024-04-01 00:00:00-04:00,3.490000009536743,3.490000009536743,3.424999952316284,3.427000045776367,13100,0.0,0.0
2024-04-02 00:00:00-04:00,3.490000009536743,3.490000009536743,3.4700000286102295,3.4700000286102295,10400,0.0,0.0
2024-04-03 00:00:00-04:00,3.619999885559082,3.6600000858306885,3.559999942779541,3.559999942779541,27300,0.0,0.0
2024-04-04 00:00:00-04:00,3.619999885559082,3.680000066757202,3.552000045776367,3.552000045776367,26800,0.0,0.0
2024-04-05 00:00:00-04:00,3.5299999713897705,3.5350000858306885,3.5239999294281006,3.5239999294281006,4800,0.0,0.0
2024-04-08 00:00:00-04:00,3.4800000190734863,3.5799999237060547,3.4800000190734863,3.5799999237060547,1600,0.0,0.0
2024-04-09 00:00:00-04:00,3.6070001125335693,3.609999895095825,3.6070001125335693,3.609999895095825,8100,0.0,0.0
2024-04-10 00:00:00-04:00,3.549999952316284,3.549999952316284,3.5199999809265137,3.5199999809265137,5900,0.0,0.0
2024-04-11 00:00:00-04:00,3.631999969482422,3.631999969482422,3.5399999618530273,3.5399999618530273,21300,0.0,0.0
2024-04-12 00:00:00-04:00,3.6760001182556152,3.740000009536743,3.630000114440918,3.630000114440918,23100,0.0,0.0
2024-04-15 00:00:00-04:00,3.869999885559082,3.869999885559082,3.5,3.509999990463257,136100,0.0,0.0
2024-04-16 00:00:00-04:00,3.509999990463257,3.5280001163482666,3.309999942779541,3.3550000190734863,50500,0.0,0.0
2024-04-17 00:00:00-04:00,3.3299999237060547,3.4200000762939453,3.309999942779541,3.328000068664551,15200,0.0,0.0
2024-04-18 00:00:00-04:00,3.369999885559082,3.369999885559082,3.2980000972747803,3.2980000972747803,26100,0.0,0.0
2024-04-19 00:00:00-04:00,3.369999885559082,3.369999885559082,3.2160000801086426,3.2799999713897705,25500,0.0,0.0
2024-04-22 00:00:00-04:00,3.390000104904175,3.390000104904175,3.1700000762939453,3.200000047683716,20500,0.0,0.0
2024-04-23 00:00:00-04:00,3.369999885559082,3.700000047683716,3.190000057220459,3.309999942779541,46300,0.0,0.0
2024-04-24 00:00:00-04:00,3.390000104904175,3.4600000381469727,3.309999942779541,3.3550000190734863,16100,0.0,0.0
2024-04-25 00:00:00-04:00,3.3499999046325684,3.6600000858306885,3.3399999141693115,3.6600000858306885,27900,0.0,0.0
2024-04-26 00:00:00-04:00,3.799999952316284,4.142000198364258,3.640000104904175,4.059999942779541,106000,0.0,0.0
2024-04-29 00:00:00-04:00,4.25,4.449999809265137,3.9000000953674316,3.990000009536743,56100,0.0,0.0
2024-04-30 00:00:00-04:00,3.9000000953674316,3.9000000953674316,3.700000047683716,3.7100000381469727,170800,0.0,0.0
2024-05-01 00:00:00-04:00,3.2100000381469727,3.8499999046325684,3.2100000381469727,3.700000047683716,28000,0.0,0.0
2024-05-02 00:00:00-04:00,3.809999942779541,3.9000000953674316,3.7100000381469727,3.8410000801086426,12400,0.0,0.0
2024-05-03 00:00:00-04:00,3.7750000953674316,3.809999942779541,3.759999990463257,3.7699999809265137,18000,0.0,0.0
2024-05-06 00:00:00-04:00,3.9000000953674316,4.110000133514404,3.7899999618530273,4.019999980926514,17000,0.0,0.0
2024-05-07 00:00:00-04:00,4.090000152587891,4.090000152587891,3.9700000286102295,3.994999885559082,3900,0.0,0.0
2024-05-08 00:00:00-04:00,3.9000000953674316,3.940000057220459,3.619999885559082,3.736999988555908,14200,0.0,0.0
2024-05-09 00:00:00-04:00,3.799999952316284,3.8399999141693115,3.7850000858306885,3.8399999141693115,10900,0.0,0.0
2024-05-10 00:00:00-04:00,3.8399999141693115,4.050000190734863,3.75,3.7799999713897705,24200,0.0,0.0
2024-05-13 00:00:00-04:00,3.75,3.9700000286102295,3.75,3.7899999618530273,3800,0.0,0.0
2024-05-14 00:00:00-04:00,3.8399999141693115,4.0,3.799999952316284,3.859999895095825,32200,0.0,0.0
2024-05-15 00:00:00-04:00,3.880000114440918,3.8949999809265137,3.7799999713897705,3.8499999046325684,16700,0.0,0.0
2024-05-16 00:00:00-04:00,3.880000114440918,3.9000000953674316,3.809999942779541,3.819999933242798,64000,0.0,0.0
2024-05-17 00:00:00-04:00,3.8499999046325684,3.9839999675750732,3.799999952316284,3.9700000286102295,22400,0.0,0.0
2024-05-20 00:00:00-04:00,3.950000047683716,4.145999908447266,3.819999933242798,3.9549999237060547,7200,0.0,0.0
2024-05-21 00:00:00-04:00,4.179999828338623,4.179999828338623,3.7899999618530273,3.799999952316284,58000,0.0,0.0
2024-05-22 00:00:00-04:00,3.759999990463257,3.759999990463257,3.4600000381469727,3.509999990463257,159800,0.0,0.0
2024-05-23 00:00:00-04:00,3.5,3.509999990463257,3.25,3.25,64300,0.0,0.0
2024-05-24 00:00:00-04:00,3.1500000953674316,3.319999933242798,3.1500000953674316,3.200000047683716,50300,0.0,0.0
2024-05-28 00:00:00-04:00,3.2100000381469727,3.4700000286102295,3.2100000381469727,3.390000104904175,44200,0.0,0.0
2024-05-29 00:00:00-04:00,3.369999885559082,3.369999885559082,3.2200000286102295,3.2950000762939453,33300,0.0,0.0
2024-05-30 00:00:00-04:00,3.359999895095825,3.430000066757202,3.2130000591278076,3.3399999141693115,13700,0.0,0.0
2024-05-31 00:00:00-04:00,3.3450000286102295,3.3450000286102295,3.180000066757202,3.2799999713897705,43100,0.0,0.0
2024-06-03 00:00:00-04:00,3.25,3.2799999713897705,3.2200000286102295,3.2200000286102295,34200,0.0,0.0
2024-06-04 00:00:00-04:00,3.2200000286102295,3.246999979019165,3.0899999141693115,3.119999885559082,32400,0.0,0.0
2024-06-05 00:00:00-04:00,3.1519999504089355,3.240000009536743,3.140000104904175,3.2300000190734863,29000,0.0,0.0
2024-06-06 00:00:00-04:00,3.3299999237060547,3.5899999141693115,3.309999942779541,3.5350000858306885,45100,0.0,0.0
2024-06-07 00:00:00-04:00,3.430000066757202,3.5329999923706055,3.3299999237060547,3.5199999809265137,60200,0.0,0.0
2024-06-10 00:00:00-04:00,3.4649999141693115,3.568000078201294,3.3499999046325684,3.430000066757202,21900,0.0,0.0
2024-06-11 00:00:00-04:00,3.359999895095825,3.4040000438690186,3.240000009536743,3.2850000858306885,26000,0.0,0.0
2024-06-12 00:00:00-04:00,3.4100000858306885,3.5199999809265137,3.240000009536743,3.2950000762939453,41700,0.0,0.0
2024-06-13 00:00:00-04:00,3.1600000858306885,3.490000009536743,3.1600000858306885,3.319999933242798,19100,0.0,0.0
2024-06-14 00:00:00-04:00,3.3350000381469727,3.3350000381469727,3.0799999237060547,3.0799999237060547,31500,0.0,0.0
2024-06-17 00:00:00-04:00,3.069999933242798,3.069999933242798,2.9100000858306885,2.9100000858306885,41900,0.0,0.0
2024-06-18 00:00:00-04:00,2.9549999237060547,3.0199999809265137,2.9200000762939453,3.0199999809265137,26100,0.0,0.0
2024-06-20 00:00:00-04:00,2.9600000381469727,3.0,2.799999952316284,2.880000114440918,80300,0.0,0.0
2024-06-21 00:00:00-04:00,2.8399999141693115,2.9000000953674316,2.75,2.8499999046325684,38400,0.0,0.0
2024-06-24 00:00:00-04:00,2.8499999046325684,2.984999895095825,2.8299999237060547,2.9749999046325684,19500,0.0,0.0
2024-06-25 00:00:00-04:00,2.9700000286102295,2.990000009536743,2.859999895095825,2.9000000953674316,5700,0.0,0.0
2024-06-26 00:00:00-04:00,2.9000000953674316,2.9200000762939453,2.8399999141693115,2.9200000762939453,39200,0.0,0.0
2024-06-27 00:00:00-04:00,2.8499999046325684,2.88700008392334,2.7699999809265137,2.7699999809265137,18200,0.0,0.0
2024-06-28 00:00:00-04:00,2.7760000228881836,2.8499999046325684,2.7100000381469727,2.7899999618530273,60300,0.0,0.0
2024-07-01 00:00:00-04:00,2.8499999046325684,2.874000072479248,2.8499999046325684,2.869999885559082,1800,0.0,0.0
2024-07-02 00:00:00-04:00,2.799999952316284,2.8299999237060547,2.6500000953674316,2.6700000762939453,65500,0.0,0.0
2024-07-03 00:00:00-04:00,2.7899999618530273,2.9600000381469727,2.7899999618530273,2.890000104904175,22400,0.0,0.0
2024-07-05 00:00:00-04:00,2.890000104904175,3.0,2.880000114440918,2.944999933242798,14400,0.0,0.0
2024-07-08 00:00:00-04:00,2.9600000381469727,2.9700000286102295,2.9200000762939453,2.930000066757202,41600,0.0,0.0
2024-07-09 00:00:00-04:00,2.9200000762939453,2.9200000762939453,2.869999885559082,2.890000104904175,8900,0.0,0.0
2024-07-10 00:00:00-04:00,2.9010000228881836,2.950000047683716,2.859999895095825,2.859999895095825,43500,0.0,0.0
2024-07-11 00:00:00-04:00,2.9200000762939453,2.9200000762939453,2.809999942779541,2.859999895095825,25900,0.0,0.0
2024-07-12 00:00:00-04:00,2.859999895095825,2.9230000972747803,2.819999933242798,2.8299999237060547,48800,0.0,0.0
2024-07-15 00:00:00-04:00,2.799999952316284,2.809999942779541,2.740000009536743,2.755000114440918,22500,0.0,0.0
2024-07-16 00:00:00-04:00,2.7300000190734863,2.759999990463257,2.6700000762939453,2.7249999046325684,35800,0.0,0.0
2024-07-17 00:00:00-04:00,2.759000062942505,2.759000062942505,2.5799999237060547,2.6600000858306885,77000,0.0,0.0
2024-07-18 00:00:00-04:00,2.7899999618530273,2.8299999237060547,2.5199999809265137,2.559999942779541,34000,0.0,0.0
2024-07-19 00:00:00-04:00,2.559999942779541,2.569999933242798,2.4800000190734863,2.490000009536743,55300,0.0,0.0
2024-07-22 00:00:00-04:00,2.450000047683716,2.5299999713897705,2.4000000953674316,2.5,21500,0.0,0.0
2024-07-23 00:00:00-04:00,2.4800000190734863,2.5999999046325684,2.4700000286102295,2.549999952316284,44800,0.0,0.0
2024-07-24 00:00:00-04:00,2.5299999713897705,2.569999933242798,2.4549999237060547,2.4600000381469727,27700,0.0,0.0
2024-07-25 00:00:00-04:00,2.5,2.5199999809265137,2.450000047683716,2.4749999046325684,62200,0.0,0.0
2024-07-26 00:00:00-04:00,2.4590001106262207,2.4800000190734863,2.440000057220459,2.440000057220459,41400,0.0,0.0
2024-07-29 00:00:00-04:00,2.4800000190734863,2.4800000190734863,2.3380000591278076,2.359999895095825,136700,0.0,0.0
2024-07-30 00:00:00-04:00,2.4000000953674316,2.4600000381469727,2.3949999809265137,2.450000047683716,43100,0.0,0.0
2024-07-31 00:00:00-04:00,2.5,2.509999990463257,2.4200000762939453,2.4800000190734863,37800,0.0,0.0
2024-08-01 00:00:00-04:00,2.4800000190734863,2.4800000190734863,2.3399999141693115,2.3949999809265137,46000,0.0,0.0
2024-08-02 00:00:00-04:00,2.3499999046325684,2.3499999046325684,2.2300000190734863,2.299999952316284,123100,0.0,0.0
2024-08-05 00:00:00-04:00,2.2699999809265137,2.299999952316284,2.0999999046325684,2.2699999809265137,9100,0.0,0.0
2024-08-06 00:00:00-04:00,2.2300000190734863,2.2699999809265137,2.119999885559082,2.25,61000,0.0,0.0
2024-08-07 00:00:00-04:00,2.259999990463257,2.2699999809265137,2.0999999046325684,2.140000104904175,43700,0.0,0.0
2024-08-08 00:00:00-04:00,2.0999999046325684,2.2929999828338623,2.0999999046325684,2.2750000953674316,30700,0.0,0.0
2024-08-09 00:00:00-04:00,2.2699999809265137,2.309999942779541,2.2300000190734863,2.25,36500,0.0,0.0
2024-08-12 00:00:00-04:00,2.2899999618530273,2.369999885559082,2.2699999809265137,2.3399999141693115,66300,0.0,0.0
2024-08-13 00:00:00-04:00,2.2699999809265137,2.3499999046325684,2.1459999084472656,2.200000047683716,34600,0.0,0.0
2024-08-14 00:00:00-04:00,2.1600000858306885,2.184999942779541,2.059999942779541,2.174999952316284,31200,0.0,0.0
2024-08-15 00:00:00-04:00,2.240000009536743,2.3399999141693115,2.2100000381469727,2.3350000381469727,123200,0.0,0.0
2024-08-16 00:00:00-04:00,2.309999942779541,2.309999942779541,2.25,2.259999990463257,41700,0.0,0.0
2024-08-19 00:00:00-04:00,2.2699999809265137,2.313999891281128,2.240000009536743,2.299999952316284,19600,0.0,0.0
2024-08-20 00:00:00-04:00,2.2799999713897705,2.2799999713897705,2.180000066757202,2.2100000381469727,46900,0.0,0.0
2024-08-21 00:00:00-04:00,2.200000047683716,2.299999952316284,2.190000057220459,2.2899999618530273,34500,0.0,0.0
2024-08-22 00:00:00-04:00,2.240000009536743,2.259999990463257,2.190999984741211,2.200000047683716,28600,0.0,0.0
2024-08-23 00:00:00-04:00,2.25,2.3499999046325684,2.25,2.3410000801086426,24700,0.0,0.0
2024-08-26 00:00:00-04:00,2.3399999141693115,2.4700000286102295,2.3399999141693115,2.440000057220459,40600,0.0,0.0
2024-08-27 00:00:00-04:00,2.5199999809265137,2.5199999809265137,2.319999933242798,2.430000066757202,24700,0.0,0.0
2024-08-28 00:00:00-04:00,2.380000114440918,2.380000114440918,2.25,2.265000104904175,32000,0.0,0.0
2024-08-29 00:00:00-04:00,2.369999885559082,2.369999885559082,2.2799999713897705,2.309999942779541,39100,0.0,0.0
2024-08-30 00:00:00-04:00,2.2799999713897705,2.4200000762939453,2.2799999713897705,2.4100000858306885,110900,0.0,0.0
2024-09-03 00:00:00-04:00,2.3399999141693115,2.3399999141693115,2.109999895095825,2.1500000953674316,24200,0.0,0.0
2024-09-04 00:00:00-04:00,2.180000066757202,2.194000005722046,2.119999885559082,2.1600000858306885,4900,0.0,0.0
2024-09-05 00:00:00-04:00,2.1500000953674316,2.1500000953674316,2.0299999713897705,2.0450000762939453,114200,0.0,0.0
2024-09-06 00:00:00-04:00,2.059999942779541,2.059999942779541,1.899999976158142,1.9299999475479126,116800,0.0,0.0
2024-09-09 00:00:00-04:00,1.9299999475479126,2.0299999713897705,1.9199999570846558,2.0,57300,0.0,0.0
2024-09-10 00:00:00-04:00,1.9500000476837158,2.0350000858306885,1.9500000476837158,2.0199999809265137,77200,0.0,0.0
2024-09-11 00:00:00-04:00,2.0299999713897705,2.1700000762939453,2.0,2.1600000858306885,98200,0.0,0.0
2024-09-12 00:00:00-04:00,2.200000047683716,2.2750000953674316,2.200000047683716,2.25,43200,0.0,0.0
2024-09-13 00:00:00-04:00,2.299999952316284,2.3399999141693115,2.2950000762939453,2.309999942779541,20800,0.0,0.0
2024-09-16 00:00:00-04:00,2.2699999809265137,2.315000057220459,2.2300000190734863,2.259999990463257,13700,0.0,0.0
2024-09-17 00:00:00-04:00,2.2899999618530273,2.3499999046325684,2.2899999618530273,2.3350000381469727,28300,0.0,0.0
2024-09-18 00:00:00-04:00,2.3499999046325684,2.4660000801086426,2.3399999141693115,2.359999895095825,48900,0.0,0.0
2024-09-19 00:00:00-04:00,2.430000066757202,2.609999895095825,2.430000066757202,2.569999933242798,107100,0.0,0.0
2024-09-20 00:00:00-04:00,2.5299999713897705,2.615000009536743,2.450000047683716,2.549999952316284,81200,0.0,0.0
2024-09-23 00:00:00-04:00,2.5299999713897705,2.619999885559082,2.5199999809265137,2.559999942779541,46700,0.0,0.0
2024-09-24 00:00:00-04:00,2.619999885559082,2.6700000762939453,2.5950000286102295,2.640000104904175,40700,0.0,0.0
2024-09-25 00:00:00-04:00,2.6579999923706055,2.6579999923706055,2.5850000381469727,2.5950000286102295,18800,0.0,0.0
2024-09-26 00:00:00-04:00,2.640000104904175,2.7899999618530273,2.640000104904175,2.7300000190734863,24800,0.0,0.0
2024-09-27 00:00:00-04:00,2.869999885559082,2.869999885559082,2.690000057220459,2.700000047683716,42000,0.0,0.0
2024-09-30 00:00:00-04:00,2.700000047683716,2.700000047683716,2.5799999237060547,2.6050000190734863,27900,0.0,0.0
2024-10-01 00:00:00-04:00,2.5899999141693115,2.5999999046325684,2.5739998817443848,2.5950000286102295,32300,0.0,0.0
2024-10-02 00:00:00-04:00,2.559999942779541,2.640000104904175,2.559999942779541,2.5999999046325684,15300,0.0,0.0
2024-10-03 00:00:00-04:00,2.559999942779541,2.565000057220459,2.444999933242798,2.4600000381469727,60600,0.0,0.0
2024-10-04 00:00:00-04:00,2.5239999294281006,2.5239999294281006,2.4800000190734863,2.494999885559082,6400,0.0,0.0
2024-10-07 00:00:00-04:00,2.549999952316284,2.549999952316284,2.380000114440918,2.424999952316284,44100,0.0,0.0
2024-10-08 00:00:00-04:00,2.4000000953674316,2.4000000953674316,2.25,2.255000114440918,46100,0.0,0.0
2024-10-09 00:00:00-04:00,2.190000057220459,2.2990000247955322,2.190000057220459,2.2799999713897705,63400,0.0,0.0
2024-10-10 00:00:00-04:00,2.2799999713897705,2.359999895095825,2.25,2.359999895095825,18600,0.0,0.0
2024-10-11 00:00:00-04:00,2.390000104904175,2.4600000381469727,2.3450000286102295,2.359999895095825,39200,0.0,0.0
2024-10-14 00:00:00-04:00,2.3399999141693115,2.440000057220459,2.3399999141693115,2.4200000762939453,10300,0.0,0.0
2024-10-15 00:00:00-04:00,2.450000047683716,2.450000047683716,2.25,2.3299999237060547,28300,0.0,0.0
2024-10-16 00:00:00-04:00,2.359999895095825,2.4159998893737793,2.319999933242798,2.319999933242798,48500,0.0,0.0
2024-10-17 00:00:00-04:00,2.2799999713897705,2.3299999237060547,2.2799999713897705,2.315000057220459,34300,0.0,0.0
2024-10-18 00:00:00-04:00,2.3499999046325684,2.369999885559082,2.3450000286102295,2.369999885559082,14600,0.0,0.0
2024-10-21 00:00:00-04:00,2.3499999046325684,2.369999885559082,2.255000114440918,2.2799999713897705,58300,0.0,0.0
2024-10-22 00:00:00-04:00,2.309999942779541,2.321000099182129,2.2799999713897705,2.309999942779541,13800,0.0,0.0
2024-10-23 00:00:00-04:00,2.299999952316284,2.299999952316284,2.190000057220459,2.2200000286102295,32500,0.0,0.0
2024-10-24 00:00:00-04:00,2.240000009536743,2.3450000286102295,2.1700000762939453,2.319999933242798,103800,0.0,0.0
2024-10-25 00:00:00-04:00,2.2899999618530273,2.369999885559082,2.2699999809265137,2.315000057220459,33900,0.0,0.0
2024-10-28 00:00:00-04:00,2.3299999237060547,2.3399999141693115,2.259999990463257,2.2799999713897705,34700,0.0,0.0
2024-10-29 00:00:00-04:00,2.2850000858306885,2.305000066757202,2.2750000953674316,2.2850000858306885,27700,0.0,0.0
2024-10-30 00:00:00-04:00,2.3299999237060547,2.3299999237060547,2.187999963760376,2.2799999713897705,39100,0.0,0.0
2024-10-31 00:00:00-04:00,2.2899999618530273,2.2899999618530273,2.180000066757202,2.2149999141693115,104800,0.0,0.0
2024-11-01 00:00:00-04:00,2.2699999809265137,2.3499999046325684,2.2699999809265137,2.2850000858306885,19800,0.0,0.0
2024-11-04 00:00:00-05:00,2.3299999237060547,2.4700000286102295,2.309999942779541,2.380000114440918,23900,0.0,0.0
2024-11-05 00:00:00-05:00,2.430000066757202,2.4700000286102295,2.390000104904175,2.4200000762939453,20200,0.0,0.0
2024-11-06 00:00:00-05:00,2.4200000762939453,2.4200000762939453,2.190000057220459,2.2699999809265137,59100,0.0,0.0
2024-11-07 00:00:00-05:00,2.2899999618530273,2.440000057220459,2.2899999618530273,2.440000057220459,24400,0.0,0.0
2024-11-08 00:00:00-05:00,2.319999933242798,2.4200000762939453,2.2699999809265137,2.369999885559082,47100,0.0,0.0
2024-11-11 00:00:00-05:00,2.440000057220459,2.440000057220459,2.3299999237060547,2.3399999141693115,5900,0.0,0.0
2024-11-12 00:00:00-05:00,2.2850000858306885,2.299999952316284,2.240000009536743,2.2750000953674316,49000,0.0,0.0
2024-11-13 00:00:00-05:00,2.309999942779541,2.309999942779541,2.244999885559082,2.299999952316284,39500,0.0,0.0
2024-11-14 00:00:00-05:00,2.2799999713897705,2.3299999237060547,2.2300000190734863,2.2750000953674316,15200,0.0,0.0
2024-11-15 00:00:00-05:00,2.25,2.4000000953674316,2.25,2.3259999752044678,11800,0.0,0.0
2024-11-18 00:00:00-05:00,2.4100000858306885,2.450000047683716,2.3399999141693115,2.450000047683716,50200,0.0,0.0
2024-11-19 00:00:00-05:00,2.430000066757202,2.509999990463257,2.4200000762939453,2.430000066757202,38400,0.0,0.0
2024-11-20 00:00:00-05:00,2.509999990463257,3.130000114440918,2.509999990463257,3.0199999809265137,126600,0.0,0.0
2024-11-21 00:00:00-05:00,3.059999942779541,3.1600000858306885,2.990000009536743,3.009999990463257,139600,0.0,0.0
2024-11-22 00:00:00-05:00,2.930000066757202,3.3299999237060547,2.930000066757202,3.2799999713897705,252300,0.0,0.0
2024-11-25 00:00:00-05:00,3.299999952316284,3.3350000381469727,3.0999999046325684,3.1600000858306885,122400,0.0,0.0
2024-11-26 00:00:00-05:00,3.190000057220459,3.190000057220459,2.990000009536743,3.109999895095825,62700,0.0,0.0
2024-11-27 00:00:00-05:00,3.119999885559082,3.25,3.0799999237060547,3.25,51000,0.0,0.0
2024-11-29 00:00:00-05:00,3.180000066757202,3.2699999809265137,3.109999895095825,3.190000057220459,35000,0.0,0.0
2024-12-02 00:00:00-05:00,3.1500000953674316,3.200000047683716,3.0350000858306885,3.059999942779541,72900,0.0,0.0
2024-12-03 00:00:00-05:00,3.1419999599456787,3.1419999599456787,3.049999952316284,3.0850000381469727,29300,0.0,0.0
2024-12-04 00:00:00-05:00,3.0999999046325684,3.1500000953674316,3.009999990463257,3.0999999046325684,24000,0.0,0.0
2024-12-05 00:00:00-05:00,3.0399999618530273,3.25,3.0399999618530273,3.2200000286102295,60400,0.0,0.0
2024-12-06 00:00:00-05:00,3.200000047683716,3.2200000286102295,3.1600000858306885,3.2100000381469727,32300,0.0,0.0
2024-12-09 00:00:00-05:00,3.25,3.430000066757202,3.25,3.2850000858306885,97400,0.0,0.0
2024-12-10 00:00:00-05:00,3.3399999141693115,3.4000000953674316,3.2100000381469727,3.380000114440918,114300,0.0,0.0
2024-12-11 00:00:00-05:00,3.369999885559082,3.380000114440918,3.299999952316284,3.359999895095825,58500,0.0,0.0
2024-12-12 00:00:00-05:00,3.299999952316284,3.299999952316284,3.1689999103546143,3.2100000381469727,41100,0.0,0.0
2024-12-13 00:00:00-05:00,3.140000104904175,3.1500000953674316,3.0399999618530273,3.119999885559082,63700,0.0,0.0
2024-12-16 00:00:00-05:00,3.130000114440918,3.1500000953674316,3.0309998989105225,3.109999895095825,65500,0.0,0.0
2024-12-17 00:00:00-05:00,3.25,3.25,3.0299999713897705,3.0920000076293945,15700,0.0,0.0
2024-12-18 00:00:00-05:00,3.119999885559082,3.125,2.9000000953674316,2.9100000858306885,40900,0.0,0.0
2024-12-19 00:00:00-05:00,2.9800000190734863,3.0,2.9000000953674316,2.9600000381469727,58400,0.0,0.0
2024-12-20 00:00:00-05:00,3.049999952316284,3.1500000953674316,2.9700000286102295,3.0899999141693115,12000,0.0,0.0
2024-12-23 00:00:00-05:00,3.119999885559082,3.180000066757202,3.0899999141693115,3.1649999618530273,44200,0.0,0.0
2024-12-24 00:00:00-05:00,3.190000057220459,3.2100000381469727,3.190000057220459,3.2100000381469727,1100,0.0,0.0
2024-12-26 00:00:00-05:00,3.2300000190734863,3.259000062942505,3.0999999046325684,3.0999999046325684,6700,0.0,0.0
2024-12-27 00:00:00-05:00,3.130000114440918,3.180000066757202,3.0820000171661377,3.180000066757202,37300,0.0,0.0
2024-12-30 00:00:00-05:00,3.119999885559082,3.1600000858306885,3.049999952316284,3.059999942779541,62000,0.0,0.0
2024-12-31 00:00:00-05:00,3.0799999237060547,3.1530001163482666,3.0799999237060547,3.1050000190734863,69500,0.0,0.0
2025-01-02 00:00:00-05:00,3.049999952316284,3.240000009536743,3.049999952316284,3.2149999141693115,159300,0.0,0.0
2025-01-03 00:00:00-05:00,3.2149999141693115,3.3299999237060547,3.200000047683716,3.299999952316284,71200,0.0,0.0
2025-01-06 00:00:00-05:00,3.2799999713897705,3.5299999713897705,3.2799999713897705,3.4600000381469727,103700,0.0,0.0
2025-01-07 00:00:00-05:00,3.619999885559082,3.619999885559082,3.4600000381469727,3.4600000381469727,66500,0.0,0.0
2025-01-08 00:00:00-05:00,3.4700000286102295,3.506999969482422,3.369999885559082,3.4100000858306885,88900,0.0,0.0
2025-01-10 00:00:00-05:00,3.3499999046325684,3.3499999046325684,3.130000114440918,3.130000114440918,39400,0.0,0.0
2025-01-13 00:00:00-05:00,3.0950000286102295,3.259999990463257,3.0950000286102295,3.259999990463257,63200,0.0,0.0
2025-01-14 00:00:00-05:00,3.2799999713897705,3.3399999141693115,3.240000009536743,3.3399999141693115,51800,0.0,0.0
2025-01-15 00:00:00-05:00,3.509999990463257,3.609999895095825,3.369999885559082,3.5899999141693115,97600,0.0,0.0
2025-01-16 00:00:00-05:00,3.4700000286102295,3.6089999675750732,3.4700000286102295,3.4800000190734863,57800,0.0,0.0
2025-01-17 00:00:00-05:00,3.4800000190734863,3.5899999141693115,3.4600000381469727,3.5899999141693115,37700,0.0,0.0
2025-01-21 00:00:00-05:00,3.690000057220459,3.7100000381469727,3.5,3.640000104904175,67600,0.0,0.0
2025-01-22 00:00:00-05:00,3.5399999618530273,3.630000114440918,3.5,3.619999885559082,49300,0.0,0.0
2025-01-23 00:00:00-05:00,3.630000114440918,3.630000114440918,3.3499999046325684,3.380000114440918,155700,0.0,0.0
2025-01-24 00:00:00-05:00,3.380000114440918,3.5199999809265137,3.380000114440918,3.4600000381469727,59300,0.0,0.0
2025-01-27 00:00:00-05:00,3.4200000762939453,3.4200000762939453,3.2300000190734863,3.4049999713897705,29000,0.0,0.0
2025-01-28 00:00:00-05:00,3.3399999141693115,3.3450000286102295,3.255000114440918,3.299999952316284,73100,0.0,0.0
2025-01-29 00:00:00-05:00,3.319999933242798,3.4100000858306885,3.240000009536743,3.319999933242798,70100,0.0,0.0
2025-01-30 00:00:00-05:00,3.3550000190734863,3.390000104904175,3.2100000381469727,3.259999990463257,75700,0.0,0.0
2025-01-31 00:00:00-05:00,3.2300000190734863,3.319999933242798,3.194999933242798,3.259999990463257,84000,0.0,0.0
2025-02-03 00:00:00-05:00,3.119999885559082,3.2750000953674316,3.119999885559082,3.259999990463257,81800,0.0,0.0
2025-02-04 00:00:00-05:00,3.200000047683716,3.5,3.200000047683716,3.5,38800,0.0,0.0
2025-02-05 00:00:00-05:00,3.5,3.630000114440918,3.490000009536743,3.630000114440918,41400,0.0,0.0
2025-02-06 00:00:00-05:00,3.630000114440918,3.700000047683716,3.609999895095825,3.6700000762939453,21600,0.0,0.0
2025-02-07 00:00:00-05:00,3.680000066757202,3.8299999237060547,3.640000104904175,3.7799999713897705,28300,0.0,0.0
2025-02-10 00:00:00-05:00,3.8399999141693115,3.890000104904175,3.7200000286102295,3.890000104904175,33300,0.0,0.0
2025-02-11 00:00:00-05:00,3.930000066757202,3.930000066757202,3.6519999504089355,3.9200000762939453,33900,0.0,0.0
2025-02-12 00:00:00-05:00,3.859999895095825,4.039000034332275,3.859999895095825,4.03000020980835,51000,0.0,0.0
2025-02-13 00:00:00-05:00,4.0,4.150000095367432,3.950000047683716,4.150000095367432,45600,0.0,0.0
2025-02-14 00:00:00-05:00,4.190000057220459,4.197000026702881,3.869999885559082,3.9600000381469727,191500,0.0,0.0
2025-02-18 00:00:00-05:00,3.9700000286102295,4.03000020980835,3.890000104904175,3.9000000953674316,42900,0.0,0.0
2025-02-19 00:00:00-05:00,3.890000104904175,3.890000104904175,3.700000047683716,3.819999933242798,56600,0.0,0.0
2025-02-20 00:00:00-05:00,3.869999885559082,3.869999885559082,3.7119998931884766,3.7899999618530273,25200,0.0,0.0
2025-02-21 00:00:00-05:00,3.7699999809265137,3.7699999809265137,3.5,3.640000104904175,28700,0.0,0.0
2025-02-24 00:00:00-05:00,3.5999999046325684,3.609999895095825,3.5199999809265137,3.5899999141693115,105800,0.0,0.0
2025-02-25 00:00:00-05:00,3.509999990463257,3.509999990463257,3.299999952316284,3.359999895095825,54400,0.0,0.0
2025-02-26 00:00:00-05:00,3.4000000953674316,3.509999990463257,3.3399999141693115,3.4000000953674316,42800,0.0,0.0
2025-02-27 00:00:00-05:00,3.4000000953674316,3.4100000858306885,3.180000066757202,3.180000066757202,26300,0.0,0.0
2025-02-28 00:00:00-05:00,3.1700000762939453,3.200000047683716,3.049999952316284,3.1500000953674316,82700,0.0,0.0
2025-03-03 00:00:00-05:00,3.25,3.3499999046325684,2.9600000381469727,3.0299999713897705,37100,0.0,0.0
2025-03-04 00:00:00-05:00,3.0199999809265137,3.309999942779541,2.880000114440918,3.259999990463257,52400,0.0,0.0
2025-03-05 00:00:00-05:00,3.2699999809265137,3.440000057220459,3.259999990463257,3.4100000858306885,28200,0.0,0.0
2025-03-06 00:00:00-05:00,3.3550000190734863,3.4100000858306885,3.299999952316284,3.359999895095825,18800,0.0,0.0
2025-03-07 00:00:00-05:00,3.319999933242798,3.3350000381469727,3.0799999237060547,3.309999942779541,32600,0.0,0.0
2025-03-10 00:00:00-04:00,3.2100000381469727,3.2300000190734863,3.0,3.1600000858306885,93000,0.0,0.0
2025-03-11 00:00:00-04:00,3.200000047683716,3.200000047683716,3.009999990463257,3.140000104904175,36100,0.0,0.0
2025-03-12 00:00:00-04:00,3.190000057220459,3.369999885559082,3.190000057220459,3.3499999046325684,72200,0.0,0.0
2025-03-13 00:00:00-04:00,3.299999952316284,3.450000047683716,3.299999952316284,3.4000000953674316,41800,0.0,0.0
2025-03-14 00:00:00-04:00,3.450000047683716,3.5299999713897705,3.4200000762939453,3.450000047683716,17400,0.0,0.0
2025-03-17 00:00:00-04:00,3.5199999809265137,3.630000114440918,3.5,3.630000114440918,53000,0.0,0.0
2025-03-18 00:00:00-04:00,3.5799999237060547,3.7300000190734863,3.559999942779541,3.5999999046325684,47400,0.0,0.0
2025-03-19 00:00:00-04:00,3.619999885559082,3.759999990463257,3.549999952316284,3.680000066757202,52000,0.0,0.0
2025-03-20 00:00:00-04:00,3.680000066757202,3.7200000286102295,3.5199999809265137,3.630000114440918,23400,0.0,0.0
2025-03-21 00:00:00-04:00,3.549999952316284,3.5799999237060547,3.430000066757202,3.5299999713897705,36600,0.0,0.0
2025-03-24 00:00:00-04:00,3.630000114440918,3.640000104904175,3.5250000953674316,3.5799999237060547,16200,0.0,0.0
2025-03-25 00:00:00-04:00,3.549999952316284,3.690000057220459,3.5399999618530273,3.609999895095825,54100,0.0,0.0
2025-03-26 00:00:00-04:00,3.5899999141693115,3.680000066757202,3.5399999618530273,3.609999895095825,67800,0.0,0.0
2025-03-27 00:00:00-04:00,3.5199999809265137,3.609999895095825,3.450000047683716,3.509999990463257,63900,0.0,0.0
2025-03-28 00:00:00-04:00,3.619999885559082,3.619999885559082,3.309999942779541,3.440000057220459,98500,0.0,0.0
2025-03-31 00:00:00-04:00,3.430000066757202,3.430000066757202,3.2699999809265137,3.390000104904175,60200,0.0,0.0
2025-04-01 00:00:00-04:00,3.299999952316284,3.4000000953674316,3.130000114440918,3.240000009536743,124300,0.0,0.0
2025-04-02 00:00:00-04:00,3.140000104904175,3.4000000953674316,3.0799999237060547,3.390000104904175,219600,0.0,0.0
2025-04-03 00:00:00-04:00,3.2200000286102295,3.430000066757202,3.2200000286102295,3.259999990463257,64300,0.0,0.0
2025-04-04 00:00:00-04:00,3.0299999713897705,3.0299999713897705,2.809999942779541,2.950000047683716,114200,0.0,0.0
2025-04-07 00:00:00-04:00,2.7699999809265137,2.9800000190734863,2.680000066757202,2.7799999713897705,109800,0.0,0.0
2025-04-08 00:00:00-04:00,3.130000114440918,3.130000114440918,2.5399999618530273,2.5899999141693115,48000,0.0,0.0
2025-04-09 00:00:00-04:00,2.75,2.930000066757202,2.5,2.8499999046325684,31100,0.0,0.0
2025-04-10 00:00:00-04:00,2.700000047683716,2.8499999046325684,2.700000047683716,2.8299999237060547,23800,0.0,0.0
2025-04-11 00:00:00-04:00,2.7899999618530273,3.1500000953674316,2.7899999618530273,3.049999952316284,50200,0.0,0.0
2025-04-14 00:00:00-04:00,2.990000009536743,3.359999895095825,2.990000009536743,3.299999952316284,74700,0.0,0.0
2025-04-15 00:00:00-04:00,3.3499999046325684,3.359999895095825,3.2090001106262207,3.244999885559082,50900,0.0,0.0
2025-04-16 00:00:00-04:00,3.240000009536743,3.5190000534057617,3.240000009536743,3.4790000915527344,96100,0.0,0.0
2025-04-17 00:00:00-04:00,3.4800000190734863,3.5799999237060547,3.4100000858306885,3.450000047683716,121500,0.0,0.0
2025-04-21 00:00:00-04:00,3.4000000953674316,3.5199999809265137,3.319999933242798,3.390000104904175,74500,0.0,0.0
2025-04-22 00:00:00-04:00,3.490000009536743,3.630000114440918,3.4000000953674316,3.6050000190734863,134600,0.0,0.0
2025-04-23 00:00:00-04:00,3.7300000190734863,3.990000009536743,3.7049999237060547,3.930000066757202,101100,0.0,0.0
2025-04-24 00:00:00-04:00,3.940000057220459,4.291999816894531,3.9000000953674316,4.159999847412109,66300,0.0,0.0
2025-04-25 00:00:00-04:00,4.099999904632568,4.420000076293945,4.099999904632568,4.360000133514404,58600,0.0,0.0
2025-04-28 00:00:00-04:00,4.349999904632568,4.519999980926514,4.210000038146973,4.489999771118164,58000,0.0,0.0
2025-04-29 00:00:00-04:00,4.46999979019165,4.619999885559082,4.369999885559082,4.480000019073486,23600,0.0,0.0
2025-04-30 00:00:00-04:00,4.440000057220459,4.5,4.218999862670898,4.449999809265137,63600,0.0,0.0
2025-05-01 00:00:00-04:00,4.570000171661377,4.570000171661377,4.170000076293945,4.170000076293945,40200,0.0,0.0
2025-05-02 00:00:00-04:00,4.230000019073486,4.480000019073486,4.199999809265137,4.460000038146973,51600,0.0,0.0
2025-05-05 00:00:00-04:00,4.380000114440918,4.480000019073486,4.269999980926514,4.329999923706055,68100,0.0,0.0
2025-05-06 00:00:00-04:00,4.340000152587891,4.409999847412109,4.289999961853027,4.349999904632568,46400,0.0,0.0
2025-05-07 00:00:00-04:00,4.349999904632568,4.370999813079834,4.21999979019165,4.329999923706055,42000,0.0,0.0
2025-05-08 00:00:00-04:00,4.309999942779541,4.335999965667725,4.090000152587891,4.090000152587891,23500,0.0,0.0
2025-05-09 00:00:00-04:00,4.210000038146973,4.289999961853027,4.113999843597412,4.21999979019165,23900,0.0,0.0
2025-05-12 00:00:00-04:00,4.21999979019165,4.400000095367432,4.179999828338623,4.179999828338623,24200,0.0,0.0
2025-05-13 00:00:00-04:00,4.139999866485596,4.239999771118164,3.9700000286102295,4.119999885559082,34900,0.0,0.0
2025-05-14 00:00:00-04:00,4.199999809265137,4.199999809265137,3.9000000953674316,3.9100000858306885,73700,0.0,0.0
2025-05-15 00:00:00-04:00,3.7799999713897705,3.950000047683716,3.7699999809265137,3.859999895095825,17200,0.0,0.0
2025-05-16 00:00:00-04:00,3.7699999809265137,3.861999988555908,3.684999942779541,3.819999933242798,10600,0.0,0.0
2025-05-19 00:00:00-04:00,3.7899999618530273,3.877000093460083,3.765000104904175,3.8399999141693115,9700,0.0,0.0
2025-05-20 00:00:00-04:00,3.8550000190734863,3.990000009536743,3.742000102996826,3.950000047683716,16500,0.0,0.0
2025-05-21 00:00:00-04:00,4.118000030517578,4.28000020980835,4.010000228881836,4.28000020980835,59800,0.0,0.0
2025-05-22 00:00:00-04:00,4.21999979019165,4.440000057220459,4.119999885559082,4.139999866485596,44300,0.0,0.0
2025-05-23 00:00:00-04:00,4.105000019073486,4.550000190734863,4.105000019073486,4.519999980926514,74200,0.0,0.0
2025-05-27 00:00:00-04:00,4.510000228881836,4.510000228881836,4.307000160217285,4.392000198364258,81600,0.0,0.0
2025-05-28 00:00:00-04:00,4.409999847412109,4.409999847412109,4.289999961853027,4.389999866485596,41400,0.0,0.0
2025-05-29 00:00:00-04:00,4.420000076293945,4.557000160217285,4.420000076293945,4.46999979019165,28200,0.0,0.0
2025-05-30 00:00:00-04:00,4.468999862670898,4.468999862670898,4.389999866485596,4.449999809265137,20200,0.0,0.0
2025-06-02 00:00:00-04:00,4.53000020980835,4.538000106811523,4.25,4.375,40300,0.0,0.0
2025-06-03 00:00:00-04:00,4.28000020980835,4.46999979019165,4.28000020980835,4.409999847412109,20300,0.0,0.0
2025-06-04 00:00:00-04:00,4.489999771118164,4.639999866485596,4.380000114440918,4.559999942779541,35200,0.0,0.0
2025-06-05 00:00:00-04:00,4.559999942779541,4.757999897003174,4.510000228881836,4.559999942779541,40400,0.0,0.0
2025-06-06 00:00:00-04:00,4.579999923706055,4.579999923706055,4.420000076293945,4.445000171661377,40300,0.0,0.0
2025-06-09 00:00:00-04:00,4.46999979019165,4.619999885559082,4.46999979019165,4.46999979019165,44000,0.0,0.0
2025-06-10 00:00:00-04:00,4.5,4.5,4.369999885559082,4.400000095367432,19300,0.0,0.0
2025-06-11 00:00:00-04:00,4.389999866485596,4.610000133514404,4.329999923706055,4.505000114440918,31900,0.0,0.0
2025-06-12 00:00:00-04:00,4.619999885559082,4.619999885559082,4.409999847412109,4.480000019073486,32200,0.0,0.0
2025-06-13 00:00:00-04:00,4.515999794006348,4.679999828338623,4.480000019073486,4.630000114440918,57300,0.0,0.0
2025-06-16 00:00:00-04:00,4.699999809265137,4.699999809265137,4.510000228881836,4.639999866485596,61600,0.0,0.0
2025-06-17 00:00:00-04:00,4.579999923706055,4.679999828338623,4.511000156402588,4.605000019073486,20200,0.0,0.0
2025-06-18 00:00:00-04:00,4.539999961853027,4.61899995803833,4.519999980926514,4.559999942779541,39400,0.0,0.0
2025-06-20 00:00:00-04:00,4.519999980926514,4.639999866485596,4.429999828338623,4.429999828338623,19200,0.0,0.0
2025-06-23 00:00:00-04:00,4.465000152587891,4.590000152587891,4.289999961853027,4.40500020980835,12400,0.0,0.0
2025-06-24 00:00:00-04:00,4.449999809265137,4.488999843597412,4.400000095367432,4.400000095367432,28400,0.0,0.0
2025-06-25 00:00:00-04:00,4.385000228881836,4.480000019073486,4.359000205993652,4.456999778747559,9200,0.0,0.0
2025-06-26 00:00:00-04:00,4.449999809265137,4.71999979019165,4.429999828338623,4.679999828338623,94300,0.0,0.0
2025-06-27 00:00:00-04:00,4.710000038146973,4.710000038146973,4.429999828338623,4.53000020980835,60700,0.0,0.0
2025-06-30 00:00:00-04:00,4.550000190734863,4.630000114440918,4.539999961853027,4.579999923706055,20900,0.0,0.0
2025-07-01 00:00:00-04:00,4.559999942779541,4.75,4.510000228881836,4.75,37300,0.0,0.0
2025-07-02 00:00:00-04:00,4.75,4.849999904632568,4.675000190734863,4.699999809265137,99100,0.0,0.0
2025-07-03 00:00:00-04:00,4.730000019073486,5.170000076293945,4.730000019073486,5.170000076293945,53300,0.0,0.0
2025-07-07 00:00:00-04:00,5.269999980926514,5.829999923706055,5.199999809265137,5.829999923706055,253300,0.0,0.0
2025-07-08 00:00:00-04:00,5.880000114440918,5.880000114440918,5.369999885559082,5.420000076293945,192100,0.0,0.0
2025-07-09 00:00:00-04:00,5.420000076293945,5.474999904632568,5.329999923706055,5.385000228881836,67400,0.0,0.0
2025-07-10 00:00:00-04:00,5.440000057220459,5.630000114440918,5.400000095367432,5.565000057220459,53500,0.0,0.0
2025-07-11 00:00:00-04:00,5.5,5.5,5.349999904632568,5.449999809265137,57500,0.0,0.0
2025-07-14 00:00:00-04:00,5.519999980926514,5.519999980926514,5.159999847412109,5.349999904632568,54900,0.0,0.0
2025-07-15 00:00:00-04:00,5.360000133514404,5.390999794006348,5.170000076293945,5.199999809265137,36800,0.0,0.0
2025-07-16 00:00:00-04:00,5.170000076293945,5.170000076293945,5.010000228881836,5.050000190734863,30100,0.0,0.0
2025-07-17 00:00:00-04:00,5.010000228881836,5.130000114440918,5.010000228881836,5.039999961853027,24300,0.0,0.0
2025-07-18 00:00:00-04:00,5.099999904632568,5.190000057220459,5.0,5.039999961853027,27900,0.0,0.0
2025-07-21 00:00:00-04:00,5.110000133514404,5.223999977111816,5.050000190734863,5.09499979019165,18600,0.0,0.0
2025-07-22 00:00:00-04:00,5.184999942779541,5.25,5.039999961853027,5.039999961853027,78300,0.0,0.0
2025-07-23 00:00:00-04:00,5.230000019073486,5.313000202178955,5.090000152587891,5.130000114440918,70700,0.0,0.0
2025-07-24 00:00:00-04:00,5.139999866485596,5.139999866485596,4.960000038146973,4.96999979019165,31200,0.0,0.0
2025-07-25 00:00:00-04:00,4.900000095367432,5.019000053405762,4.699999809265137,4.900000095367432,32200,0.0,0.0
2025-07-28 00:00:00-04:00,4.96999979019165,4.980000019073486,4.760000228881836,4.849999904632568,17000,0.0,0.0
2025-07-29 00:00:00-04:00,4.849999904632568,5.065000057220459,4.809999942779541,5.059999942779541,34800,0.0,0.0
2025-07-30 00:00:00-04:00,5.0,5.0,4.630000114440918,4.710000038146973,44000,0.0,0.0
2025-07-31 00:00:00-04:00,4.670000076293945,4.989999771118164,4.639999866485596,4.909999847412109,57900,0.0,0.0
2025-08-01 00:00:00-04:00,4.809999942779541,4.869999885559082,4.75,4.840000152587891,26900,0.0,0.0
2025-08-04 00:00:00-04:00,4.869999885559082,4.920000076293945,4.829999923706055,4.900000095367432,3700,0.0,0.0
2025-08-05 00:00:00-04:00,4.53000020980835,5.03000020980835,4.508999824523926,4.960000038146973,23300,0.0,0.0
2025-08-06 00:00:00-04:00,5.019999980926514,5.179999828338623,5.019999980926514,5.179999828338623,42100,0.0,0.0
2025-08-07 00:00:00-04:00,5.190000057220459,5.230000019073486,5.019999980926514,5.230000019073486,32500,0.0,0.0
2025-08-08 00:00:00-04:00,5.239999771118164,5.28000020980835,5.170000076293945,5.25,15900,0.0,0.0
2025-08-11 00:00:00-04:00,5.304999828338623,5.408999919891357,5.211999893188477,5.329999923706055,31200,0.0,0.0
2025-08-12 00:00:00-04:00,5.289999961853027,5.400000095367432,5.03000020980835,5.230000019073486,53600,0.0,0.0
2025-08-13 00:00:00-04:00,5.289999961853027,5.489999771118164,5.28000020980835,5.46999979019165,72900,0.0,0.0
2025-08-14 00:00:00-04:00,5.320000171661377,5.388999938964844,5.25,5.320000171661377,23600,0.0,0.0
2025-08-15 00:00:00-04:00,5.260000228881836,5.650000095367432,5.25,5.650000095367432,36400,0.0,0.0
2025-08-18 00:00:00-04:00,5.690000057220459,5.690000057220459,5.420000076293945,5.429999828338623,58000,0.0,0.0
2025-08-19 00:00:00-04:00,5.440000057220459,5.440000057220459,5.329999923706055,5.360000133514404,46000,0.0,0.0
2025-08-20 00:00:00-04:00,5.360000133514404,5.360000133514404,5.210000038146973,5.25,40500,0.0,0.0
2025-08-21 00:00:00-04:00,5.300000190734863,5.409999847412109,5.289999961853027,5.409999847412109,18900,0.0,0.0
2025-08-22 00:00:00-04:00,5.519999980926514,5.554999828338623,5.46999979019165,5.480000019073486,10800,0.0,0.0
2025-08-25 00:00:00-04:00,5.420000076293945,5.570000171661377,5.420000076293945,5.525000095367432,21900,0.0,0.0
2025-08-26 00:00:00-04:00,5.539999961853027,5.579999923706055,5.260000228881836,5.360000133514404,71400,0.0,0.0
2025-08-27 00:00:00-04:00,5.269999980926514,5.579999923706055,5.25,5.579999923706055,22600,0.0,0.0
2025-08-28 00:00:00-04:00,5.539999961853027,5.630000114440918,5.53000020980835,5.539999961853027,25700,0.0,0.0
2025-08-29 00:00:00-04:00,5.590000152587891,5.590000152587891,5.380000114440918,5.440000057220459,21100,0.0,0.0
2025-09-02 00:00:00-04:00,5.480000019073486,5.480000019073486,5.309999942779541,5.340000152587891,28800,0.0,0.0
2025-09-03 00:00:00-04:00,5.389999866485596,5.5,5.300000190734863,5.309999942779541,34600,0.0,0.0
2025-09-04 00:00:00-04:00,5.239999771118164,5.269000053405762,5.059999942779541,5.21999979019165,42900,0.0,0.0
2025-09-05 00:00:00-04:00,5.300000190734863,5.340000152587891,5.119999885559082,5.170000076293945,17000,0.0,0.0
2025-09-08 00:00:00-04:00,5.199999809265137,5.199999809265137,5.079999923706055,5.150000095367432,12800,0.0,0.0
2025-09-09 00:00:00-04:00,5.199999809265137,5.460000038146973,5.170000076293945,5.199999809265137,83400,0.0,0.0
2025-09-10 00:00:00-04:00,5.210000038146973,5.309999942779541,5.090000152587891,5.260000228881836,118400,0.0,0.0
2025-09-11 00:00:00-04:00,5.260000228881836,5.329999923706055,5.199999809265137,5.199999809265137,21200,0.0,0.0
2025-09-12 00:00:00-04:00,5.369999885559082,5.510000228881836,5.199999809265137,5.340000152587891,118700,0.0,0.0
2025-09-15 00:00:00-04:00,5.5,5.638999938964844,5.320000171661377,5.360000133514404,108400,0.0,0.0
2025-09-16 00:00:00-04:00,5.360000133514404,5.489999771118164,5.289999961853027,5.349999904632568,34200,0.0,0.0
2025-09-17 00:00:00-04:00,5.380000114440918,5.380000114440918,5.03000020980835,5.079999923706055,107600,0.0,0.0
2025-09-18 00:00:00-04:00,5.019999980926514,5.130000114440918,4.889999866485596,5.09499979019165,28800,0.0,0.0
2025-09-19 00:00:00-04:00,5.199999809265137,5.21999979019165,5.090000152587891,5.170000076293945,39800,0.0,0.0
2025-09-22 00:00:00-04:00,5.159999847412109,5.599999904632568,5.159999847412109,5.545000076293945,107400,0.0,0.0
2025-09-23 00:00:00-04:00,5.489999771118164,5.599999904632568,5.409999847412109,5.53000020980835,62400,0.0,0.0
2025-09-24 00:00:00-04:00,5.559999942779541,6.190000057220459,5.559999942779541,6.190000057220459,101900,0.0,0.0
2025-09-25 00:00:00-04:00,6.070000171661377,6.260000228881836,6.0,6.159999847412109,198800,0.0,0.0
2025-09-26 00:00:00-04:00,6.15500020980835,6.28000020980835,5.940000057220459,6.010000228881836,69400,0.0,0.0
2025-09-29 00:00:00-04:00,6.059999942779541,6.449999809265137,5.920000076293945,6.355000019073486,129200,0.0,0.0
2025-09-30 00:00:00-04:00,6.349999904632568,6.409999847412109,6.199999809265137,6.369999885559082,76600,0.0,0.0
2025-10-01 00:00:00-04:00,6.400000095367432,6.559999942779541,6.300000190734863,6.400000095367432,74700,0.0,0.0
2025-10-02 00:00:00-04:00,6.489999771118164,6.590000152587891,6.289999961853027,6.590000152587891,167600,0.0,0.0
2025-10-03 00:00:00-04:00,6.53000020980835,6.559999942779541,6.170000076293945,6.21999979019165,105400,0.0,0.0
2025-10-06 00:00:00-04:00,6.360000133514404,6.360000133514404,6.170000076293945,6.199999809265137,119900,0.0,0.0
2025-10-07 00:00:00-04:00,6.380000114440918,6.389999866485596,6.059999942779541,6.099999904632568,90400,0.0,0.0
2025-10-08 00:00:00-04:00,6.159999847412109,6.320000171661377,6.138999938964844,6.309999942779541,41800,0.0,0.0
2025-10-09 00:00:00-04:00,6.289999961853027,6.429999828338623,5.96999979019165,6.03000020980835,33100,0.0,0.0
2025-10-10 00:00:00-04:00,6.0,6.190000057220459,5.860000133514404,5.889999866485596,60500,0.0,0.0
2025-10-13 00:00:00-04:00,5.989999771118164,6.085000038146973,5.888999938964844,5.929999828338623,14300,0.0,0.0
2025-10-14 00:00:00-04:00,5.880000114440918,6.010000228881836,5.755000114440918,5.909999847412109,173200,0.0,0.0
2025-10-15 00:00:00-04:00,5.980000019073486,6.03000020980835,5.849999904632568,5.989999771118164,46600,0.0,0.0
2025-10-16 00:00:00-04:00,6.014999866485596,6.059999942779541,5.809999942779541,5.820000171661377,40100,0.0,0.0
2025-10-17 00:00:00-04:00,5.769999980926514,5.769999980926514,5.260000228881836,5.389999866485596,87800,0.0,0.0
2025-10-20 00:00:00-04:00,5.340000152587891,5.639999866485596,5.340000152587891,5.550000190734863,70900,0.0,0.0
2025-10-21 00:00:00-04:00,5.440000057220459,5.440000057220459,5.190000057220459,5.340000152587891,64800,0.0,0.0
2025-10-22 00:00:00-04:00,5.289999961853027,5.630000114440918,5.289999961853027,5.570000171661377,66100,0.0,0.0
2025-10-23 00:00:00-04:00,5.650000095367432,6.03000020980835,5.579999923706055,6.019999980926514,62600,0.0,0.0
2025-10-24 00:00:00-04:00,5.960000038146973,6.300000190734863,5.960000038146973,6.199999809265137,69000,0.0,0.0
2025-10-27 00:00:00-04:00,6.139999866485596,6.25,5.909999847412109,6.150000095367432,71700,0.0,0.0
2025-10-28 00:00:00-04:00,6.110000133514404,6.630000114440918,6.110000133514404,6.420000076293945,144500,0.0,0.0
2025-10-29 00:00:00-04:00,6.489999771118164,6.702000141143799,6.349999904632568,6.420000076293945,101200,0.0,0.0
2025-10-30 00:00:00-04:00,6.429999828338623,6.429999828338623,6.269999980926514,6.360000133514404,20000,0.0,0.0
2025-10-31 00:00:00-04:00,6.420000076293945,6.619999885559082,6.309999942779541,6.619999885559082,62900,0.0,0.0
2025-11-03 00:00:00-05:00,6.599999904632568,6.599999904632568,6.230000019073486,6.449999809265137,57700,0.0,0.0
2025-11-04 00:00:00-05:00,6.360000133514404,6.400000095367432,6.059999942779541,6.21999979019165,62300,0.0,0.0
2025-11-05 00:00:00-05:00,6.440000057220459,6.440000057220459,6.269999980926514,6.340000152587891,47500,0.0,0.0
2025-11-06 00:00:00-05:00,6.420000076293945,6.769999980926514,6.420000076293945,6.630000114440918,125100,0.0,0.0
2025-11-07 00:00:00-05:00,6.659999847412109,7.034999847412109,6.659999847412109,6.96999979019165,100600,0.0,0.0
2025-11-10 00:00:00-05:00,7.400000095367432,7.400000095367432,7.010000228881836,7.170000076293945,129900,0.0,0.0
2025-11-11 00:00:00-05:00,7.28000020980835,7.5,6.909999847412109,6.949999809265137,75700,0.0,0.0
2025-11-12 00:00:00-05:00,7.050000190734863,7.050000190734863,6.800000190734863,6.909999847412109,26600,0.0,0.0
2025-11-13 00:00:00-05:00,6.71999979019165,6.980000019073486,6.710000038146973,6.980000019073486,44400,0.0,0.0
2025-11-14 00:00:00-05:00,6.900000095367432,6.920000076293945,6.570000171661377,6.71999979019165,38400,0.0,0.0
2025-11-17 00:00:00-05:00,6.860000133514404,6.860000133514404,6.550000190734863,6.690000057220459,39700,0.0,0.0
2025-11-18 00:00:00-05:00,6.650000095367432,6.849999904632568,6.610000133514404,6.78000020980835,34700,0.0,0.0
2025-11-19 00:00:00-05:00,6.800000190734863,7.170000076293945,6.679999828338623,7.039999961853027,38100,0.0,0.0
2025-11-20 00:00:00-05:00,7.199999809265137,7.199999809265137,6.820000171661377,6.855999946594238,72100,0.0,0.0
2025-11-21 00:00:00-05:00,6.849999904632568,6.942999839782715,6.741000175476074,6.894999980926514,47600,0.0,0.0
2025-11-24 00:00:00-05:00,7.010000228881836,7.5,6.980000019073486,7.447999954223633,94000,0.0,0.0
2025-11-25 00:00:00-05:00,7.5,7.690000057220459,7.329999923706055,7.329999923706055,95300,0.0,0.0
2025-11-26 00:00:00-05:00,7.535999774932861,7.900000095367432,7.535999774932861,7.710000038146973,108800,0.0,0.0
2025-11-28 00:00:00-05:00,7.880000114440918,7.933000087738037,7.75,7.900000095367432,65800,0.0,0.0
2025-12-01 00:00:00-05:00,7.960000038146973,7.96999979019165,7.420000076293945,7.4629998207092285,60400,0.0,0.0
2025-12-02 00:00:00-05:00,7.610000133514404,7.610000133514404,7.300000190734863,7.420000076293945,54900,0.0,0.0
2025-12-03 00:00:00-05:00,7.429999828338623,7.804999828338623,7.309999942779541,7.769999980926514,55500,0.0,0.0
2025-12-04 00:00:00-05:00,7.659999847412109,7.664999961853027,7.550000190734863,7.579999923706055,31900,0.0,0.0
2025-12-05 00:00:00-05:00,7.670000076293945,7.769999980926514,7.558000087738037,7.699999809265137,50800,0.0,0.0
2025-12-08 00:00:00-05:00,7.78000020980835,7.909999847412109,7.618000030517578,7.739999771118164,138900,0.0,0.0
2025-12-09 00:00:00-05:00,7.769999980926514,7.769999980926514,7.559999942779541,7.619999885559082,105000,0.0,0.0
2025-12-10 00:00:00-05:00,7.650000095367432,7.929999828338623,7.550000190734863,7.889999866485596,66900,0.0,0.0
2025-12-11 00:00:00-05:00,8.050000190734863,8.050000190734863,7.880000114440918,7.980000019073486,144500,0.0,0.0
2025-12-12 00:00:00-05:00,8.010000228881836,8.069999694824219,7.670000076293945,7.940000057220459,81100,0.0,0.0
2025-12-15 00:00:00-05:00,7.949999809265137,8.050000190734863,7.690000057220459,7.75,91300,0.0,0.0
2025-12-16 00:00:00-05:00,7.789999961853027,7.789999961853027,7.400000095367432,7.489999771118164,87600,0.0,0.0
2025-12-17 00:00:00-05:00,7.5,7.75,7.5,7.590000152587891,88000,0.0,0.0
2025-12-18 00:00:00-05:00,7.699999809265137,7.800000190734863,7.610000133514404,7.789999961853027,90200,0.0,0.0
2025-12-19 00:00:00-05:00,7.78000020980835,8.0600004196167,7.78000020980835,7.989999771118164,145300,0.0,0.0
2025-12-22 00:00:00-05:00,8.100000381469727,8.194999694824219,8.015000343322754,8.119999885559082,243700,0.0,0.0
2025-12-23 00:00:00-05:00,8.149999618530273,8.270000457763672,8.010000228881836,8.09000015258789,185200,0.0,0.0
2025-12-24 00:00:00-05:00,8.100000381469727,8.15999984741211,8.010000228881836,8.154999732971191,64900,0.0,0.0
2025-12-26 00:00:00-05:00,8.229999542236328,8.390000343322754,8.149999618530273,8.380000114440918,97600,0.0,0.0
2025-12-29 00:00:00-05:00,8.199999809265137,8.229999542236328,7.880000114440918,7.909999847412109,155900,0.0,0.0
2025-12-30 00:00:00-05:00,8.069999694824219,8.359999656677246,7.954999923706055,8.050000190734863,122900,0.0,0.0
2025-12-31 00:00:00-05:00,8.020000457763672,8.15999984741211,7.900000095367432,7.96999979019165,134400,0.0,0.0
2026-01-02 00:00:00-05:00,8.109999656677246,8.125,7.808000087738037,7.840000152587891,207700,0.0,0.0
2026-01-05 00:00:00-05:00,7.96999979019165,8.15999984741211,7.900000095367432,8.100000381469727,106500,0.0,0.0
2026-01-06 00:00:00-05:00,8.100000381469727,8.460000038146973,8.0600004196167,8.369999885559082,135400,0.0,0.0
2026-01-07 00:00:00-05:00,8.300000190734863,8.369999885559082,7.974999904632568,8.25,124800,0.0,0.0
2026-01-08 00:00:00-05:00,8.3100004196167,8.3100004196167,7.889999866485596,8.020000457763672,133300,0.0,0.0
2026-01-09 00:00:00-05:00,8.0,8.03499984741211,7.900000095367432,7.940000057220459,65400,0.0,0.0
2026-01-12 00:00:00-05:00,8.0,8.239999771118164,7.951000213623047,8.229999542236328,134300,0.0,0.0
2026-01-13 00:00:00-05:00,8.239999771118164,8.520000457763672,8.149999618530273,8.329999923706055,121200,0.0,0.0
2026-01-14 00:00:00-05:00,8.4399995803833,8.97700023651123,8.199999809265137,8.890000343322754,157400,0.0,0.0
2026-01-15 00:00:00-05:00,8.890000343322754,9.420000076293945,8.5,9.010000228881836,226600,0.0,0.0
2026-01-16 00:00:00-05:00,8.970000267028809,8.970000267028809,8.420000076293945,8.8100004196167,164300,0.0,0.0
2026-01-20 00:00:00-05:00,8.880000114440918,9.069999694824219,8.710000038146973,9.010000228881836,149500,0.0,0.0
2026-01-21 00:00:00-05:00,9.359999656677246,9.399999618530273,8.890000343322754,9.029999732971191,286500,0.0,0.0
2026-01-22 00:00:00-05:00,9.130000114440918,9.25,8.800000190734863,9.239999771118164,105500,0.0,0.0
2026-01-23 00:00:00-05:00,9.289999961853027,9.789999961853027,9.105999946594238,9.789999961853027,134000,0.0,0.0
2026-01-26 00:00:00-05:00,10.130000114440918,10.279999732971191,9.574999809265137,9.699999809265137,403500,0.0,0.0
2026-01-27 00:00:00-05:00,9.729999542236328,10.359999656677246,9.729999542236328,10.34000015258789,204000,0.0,0.0
2026-01-28 00:00:00-05:00,10.569999694824219,10.805000305175781,10.40999984741211,10.789999961853027,191200,0.0,0.0
2026-01-29 00:00:00-05:00,11.0,11.430000305175781,10.25,10.760000228881836,543700,0.0,0.0
2026-01-30 00:00:00-05:00,9.890000343322754,10.15999984741211,9.15999984741211,9.260000228881836,343800,0.0,0.0
2026-02-02 00:00:00-05:00,9.130000114440918,9.59000015258789,9.100000381469727,9.5,114800,0.0,0.0
2026-02-03 00:00:00-05:00,10.010000228881836,10.3100004196167,9.720000267028809,10.3100004196167,206500,0.0,0.0
2026-02-04 00:00:00-05:00,10.5600004196167,10.5600004196167,9.670000076293945,10.039999961853027,264800,0.0,0.0
2026-02-05 00:00:00-05:00,9.75,9.920000076293945,9.229999542236328,9.449999809265137,196300,0.0,0.0
2026-02-06 00:00:00-05:00,9.600000381469727,10.199999809265137,9.600000381469727,10.039999961853027,156600,0.0,0.0
2026-02-09 00:00:00-05:00,10.020000457763672,10.6899995803833,10.020000457763672,10.460000038146973,201800,0.0,0.0
2026-02-10 00:00:00-05:00,10.460000038146973,10.460000038146973,10.020000457763672,10.100000381469727,126100,0.0,0.0
2026-02-11 00:00:00-05:00,10.329999923706055,10.399999618530273,9.9399995803833,10.270000457763672,147200,0.0,0.0
2026-02-12 00:00:00-05:00,10.369999885559082,10.399999618530273,9.869999885559082,9.899999618530273,153500,0.0,0.0
2026-02-13 00:00:00-05:00,9.960000038146973,10.0,9.638999938964844,9.699999809265137,84500,0.0,0.0
2026-02-17 00:00:00-05:00,9.5600004196167,9.604999542236328,8.960000038146973,9.289999961853027,264800,0.0,0.0
2026-02-18 00:00:00-05:00,9.5,9.600000381469727,9.329999923706055,9.369999885559082,97500,0.0,0.0
2026-02-19 00:00:00-05:00,9.220000267028809,9.550000190734863,9.050000190734863,9.34000015258789,108500,0.0,0.0
2026-02-20 00:00:00-05:00,9.350000381469727,9.399999618530273,9.069999694824219,9.359999656677246,176800,0.0,0.0
2026-02-23 00:00:00-05:00,9.300000190734863,9.899999618530273,9.295000076293945,9.800000190734863,125100,0.0,0.0
2026-02-24 00:00:00-05:00,9.8100004196167,10.489999771118164,9.78499984741211,10.3100004196167,224900,0.0,0.0
2026-02-25 00:00:00-05:00,10.40999984741211,10.597999572753906,10.199999809265137,10.25,100000,0.0,0.0
2026-02-26 00:00:00-05:00,10.210000038146973,10.430000305175781,9.989999771118164,10.420000076293945,96400,0.0,0.0
2026-02-27 00:00:00-05:00,10.4399995803833,10.989999771118164,10.218999862670898,10.829999923706055,289600,0.0,0.0
2026-03-02 00:00:00-05:00,10.729999542236328,10.90999984741211,10.359999656677246,10.859999656677246,142700,0.0,0.0
2026-03-03 00:00:00-05:00,10.600000381469727,10.600000381469727,9.670000076293945,9.84000015258789,219400,0.0,0.0
2026-03-04 00:00:00-05:00,10.039999961853027,10.3149995803833,9.770000457763672,10.239999771118164,85600,0.0,0.0
2026-03-05 00:00:00-05:00,9.989999771118164,10.3100004196167,9.329999923706055,9.550000190734863,242500,0.0,0.0
2026-03-06 00:00:00-05:00,9.399999618530273,9.5600004196167,9.0,9.34000015258789,199000,0.0,0.0
2026-03-09 00:00:00-04:00,9.079999923706055,9.270000457763672,8.644000053405762,9.229999542236328,126500,0.0,0.0
2026-03-10 00:00:00-04:00,9.3100004196167,9.699999809265137,9.270000457763672,9.4399995803833,99600,0.0,0.0
2026-03-11 00:00:00-04:00,9.225000381469727,9.486000061035156,9.100000381469727,9.430000305175781,69400,0.0,0.0
2026-03-12 00:00:00-04:00,9.220000267028809,9.479999542236328,9.055000305175781,9.079999923706055,59300,0.0,0.0
2026-03-13 00:00:00-04:00,8.970000267028809,9.095000267028809,8.449999809265137,8.449999809265137,146500,0.0,0.0
2026-03-16 00:00:00-04:00,8.5,8.895000457763672,8.5,8.760000228881836,206100,0.0,0.0
2026-03-17 00:00:00-04:00,8.819999694824219,9.0,8.65999984741211,8.760000228881836,92800,0.0,0.0
2026-03-18 00:00:00-04:00,8.5,8.710000038146973,8.170000076293945,8.5,264000,0.0,0.0
2026-03-19 00:00:00-04:00,8.0,8.239999771118164,7.447999954223633,8.079999923706055,116200,0.0,0.0
2026-03-20 00:00:00-04:00,7.96999979019165,8.199999809265137,7.75,7.800000190734863,129300,0.0,0.0
2026-03-23 00:00:00-04:00,8.1899995803833,8.449999809265137,7.849999904632568,8.069999694824219,156200,0.0,0.0
2026-03-24 00:00:00-04:00,7.820000171661377,8.069999694824219,7.820000171661377,8.0,165600,0.0,0.0
2026-03-25 00:00:00-04:00,8.319999694824219,8.6899995803833,8.1899995803833,8.239999771118164,166600,0.0,0.0
2026-03-26 00:00:00-04:00,8.0600004196167,8.244999885559082,7.860000133514404,7.860000133514404,131600,0.0,0.0
2026-03-27 00:00:00-04:00,8.029999732971191,8.1899995803833,7.840000152587891,8.039999961853027,98100,0.0,0.0
2026-03-30 00:00:00-04:00,8.109999656677246,8.140000343322754,7.829999923706055,7.980000019073486,133500,0.0,0.0
2026-03-31 00:00:00-04:00,8.149999618530273,8.680000305175781,8.149999618530273,8.579999923706055,116700,0.0,0.0
2026-04-01 00:00:00-04:00,8.869999885559082,8.989999771118164,8.699999809265137,8.829999923706055,102400,0.0,0.0
2026-04-02 00:00:00-04:00,8.449999809265137,8.869999885559082,8.449999809265137,8.779999732971191,77100,0.0,0.0
2026-04-06 00:00:00-04:00,8.90999984741211,8.989999771118164,8.630000114440918,8.630000114440918,60700,0.0,0.0
2026-04-07 00:00:00-04:00,8.529999732971191,8.720000267028809,8.369999885559082,8.640000343322754,76200,0.0,0.0
2026-04-08 00:00:00-04:00,9.069999694824219,9.170000076293945,8.779999732971191,9.020000457763672,106900,0.0,0.0
2026-04-09 00:00:00-04:00,8.579999923706055,9.640000343322754,8.579999923706055,9.380000114440918,125000,0.0,0.0
2026-04-10 00:00:00-04:00,9.479999542236328,9.949999809265137,9.479999542236328,9.8100004196167,74300,0.0,0.0
2026-04-13 00:00:00-04:00,9.829999923706055,10.260000228881836,9.6850004196167,10.119999885559082,95800,0.0,0.0
2026-04-14 00:00:00-04:00,10.529999732971191,10.529999732971191,10.170000076293945,10.260000228881836,109500,0.0,0.0
2026-04-15 00:00:00-04:00,10.220000267028809,10.260000228881836,9.970000267028809,10.170000076293945,76800,0.0,0.0
2026-04-16 00:00:00-04:00,10.229999542236328,10.229999542236328,9.920000076293945,10.199999809265137,120100,0.0,0.0
2026-04-17 00:00:00-04:00,10.279999732971191,10.375,10.0,10.09000015258789,108100,0.0,0.0
2026-04-20 00:00:00-04:00,10.050000190734863,10.489999771118164,9.954999923706055,10.460000038146973,74000,0.0,0.0
2026-04-21 00:00:00-04:00,10.449999809265137,10.600000381469727,10.154999732971191,10.15999984741211,135600,0.0,0.0
2026-04-22 00:00:00-04:00,10.380000114440918,10.960000038146973,10.350000381469727,10.760000228881836,198200,0.0,0.0
2026-04-23 00:00:00-04:00,10.84000015258789,10.989999771118164,10.265999794006348,10.460000038146973,128100,0.0,0.0
2026-04-24 00:00:00-04:00,10.399999618530273,10.550000190734863,10.350000381469727,10.520000457763672,91100,0.0,0.0
2026-04-27 00:00:00-04:00,10.539999961853027,10.699999809265137,10.420000076293945,10.600000381469727,172900,0.0,0.0
2026-04-28 00:00:00-04:00,10.199999809265137,10.359999656677246,10.010000228881836,10.109999656677246,88100,0.0,0.0
2026-04-29 00:00:00-04:00,10.029999732971191,10.149999618530273,9.829999923706055,9.84000015258789,125600,0.0,0.0
2026-04-30 00:00:00-04:00,9.930000305175781,10.385000228881836,9.930000305175781,10.1899995803833,218600,0.0,0.0
2026-05-01 00:00:00-04:00,10.239999771118164,10.390000343322754,10.0600004196167,10.0600004196167,156100,0.0,0.0
2026-05-04 00:00:00-04:00,10.109999656677246,10.109999656677246,9.630000114440918,9.699999809265137,89400,0.0,0.0
2026-05-05 00:00:00-04:00,9.880000114440918,10.170000076293945,9.539999961853027,9.680000305175781,97100,0.0,0.0
2026-05-06 00:00:00-04:00,10.010000228881836,10.319999694824219,9.960000038146973,10.140000343322754,165500,0.0,0.0
2026-05-07 00:00:00-04:00,10.279999732971191,10.595000267028809,10.039999961853027,10.09000015258789,104100,0.0,0.0
2026-05-08 00:00:00-04:00,10.1899995803833,10.430000305175781,10.140000343322754,10.1899995803833,122100,0.0,0.0
2026-05-11 00:00:00-04:00,10.270000457763672,10.770000457763672,10.239999771118164,10.430000305175781,123300,0.0,0.0
2026-05-12 00:00:00-04:00,10.319999694824219,11.0,10.23799991607666,10.930000305175781,91400,0.0,0.0
2026-05-13 00:00:00-04:00,10.869999885559082,11.479999542236328,10.729999542236328,11.130000114440918,310100,0.0,0.0
2026-05-14 00:00:00-04:00,11.029999732971191,11.029999732971191,10.625,10.680000305175781,129400,0.0,0.0
2026-05-15 00:00:00-04:00,10.300000190734863,10.300000190734863,9.75,9.859999656677246,159700,0.0,0.0
2026-05-18 00:00:00-04:00,9.859999656677246,9.859999656677246,9.600000381469727,9.680000305175781,60200,0.0,0.0
2026-05-19 00:00:00-04:00,9.619999885559082,9.630000114440918,9.279999732971191,9.399999618530273,145700,0.0,0.0
2026-05-20 00:00:00-04:00,9.470000267028809,10.119999885559082,9.460000038146973,9.829999923706055,111900,0.0,0.0
2026-05-21 00:00:00-04:00,9.640000343322754,9.9350004196167,9.595999717712402,9.6899995803833,80800,0.0,0.0
2026-05-22 00:00:00-04:00,9.699999809265137,10.079999923706055,9.5,9.649999618530273,70400,0.0,0.0
2026-05-26 00:00:00-04:00,9.800000190734863,10.1899995803833,9.800000190734863,9.930000305175781,126600,0.0,0.0
2026-05-27 00:00:00-04:00,9.789999961853027,9.875,9.5600004196167,9.779999732971191,95900,0.0,0.0
2026-05-28 00:00:00-04:00,9.789999961853027,10.604999542236328,9.569999694824219,10.289999961853027,270700,0.0,0.0
2026-05-29 00:00:00-04:00,10.319999694824219,10.369999885559082,10.069999694824219,10.199999809265137,154300,0.0,0.0
