Date,Open,High,Low,Close,Volume,Dividends,Stock Splits,Capital Gains
2014-02-04 00:00:00-05:00,40.00844284373479,40.00844284373479,39.99247741699219,39.99247741699219,16500,0.0,0.0,0.0
2014-02-05 00:00:00-05:00,40.00844284373479,40.00844284373479,39.99247741699219,39.99247741699219,3600,0.0,0.0,0.0
2014-02-06 00:00:00-05:00,39.99247741699219,40.00844284373479,39.99247741699219,39.99247741699219,4600,0.0,0.0,0.0
2014-02-07 00:00:00-05:00,39.99247741699219,39.99247741699219,39.99247741699219,39.99247741699219,8900,0.0,0.0,0.0
2014-02-10 00:00:00-05:00,40.00844284373479,40.00844284373479,39.99247741699219,39.99247741699219,800,0.0,0.0,0.0
2014-02-11 00:00:00-05:00,40.00046920776367,40.008450400095484,39.9924849703375,40.00046920776367,10100,0.0,0.0,0.0
2014-02-12 00:00:00-05:00,39.99247741699219,40.00046165291039,39.99247741699219,39.99247741699219,7600,0.0,0.0,0.0
2014-02-13 00:00:00-05:00,40.00844284373479,40.00844284373479,39.99247741699219,39.99247741699219,3300,0.0,0.0,0.0
2014-02-14 00:00:00-05:00,39.99247741699219,40.00046165291039,39.99247741699219,39.99247741699219,1300,0.0,0.0,0.0
2014-02-18 00:00:00-05:00,39.9924849703375,40.00046920776367,39.9924849703375,40.00046920776367,5500,0.0,0.0,0.0
2014-02-19 00:00:00-05:00,39.99247741699219,39.99247741699219,39.99247741699219,39.99247741699219,2700,0.0,0.0,0.0
2014-02-20 00:00:00-05:00,39.99247741699219,39.99247741699219,39.99247741699219,39.99247741699219,200,0.0,0.0,0.0
2014-02-21 00:00:00-05:00,39.99246681492928,40.000451048730845,39.9844856262207,39.9844856262207,2200,0.0,0.0,0.0
2014-02-24 00:00:00-05:00,40.000451048730845,40.000451048730845,39.9844856262207,39.9844856262207,700,0.0,0.0,0.0
2014-02-25 00:00:00-05:00,39.98449791479428,39.98449791479428,39.97651672363281,39.97651672363281,2700,0.0,0.0,0.0
2014-02-26 00:00:00-05:00,39.97650443751212,39.9844856262207,39.97650443751212,39.9844856262207,3400,0.0,0.0,0.0
2014-02-27 00:00:00-05:00,39.97651672363281,40.00046334221114,39.97651672363281,39.97651672363281,4900,0.0,0.0,0.0
2014-02-28 00:00:00-05:00,39.97650443751212,39.9844856262207,39.97650443751212,39.9844856262207,8000,0.0,0.0,0.0
2014-03-03 00:00:00-05:00,39.994895935058594,39.994895935058594,39.978932588095525,39.994895935058594,2300,0.003,0.0,0.0
2014-03-04 00:00:00-05:00,39.994895935058594,39.994895935058594,39.994895935058594,39.994895935058594,3200,0.0,0.0,0.0
2014-03-05 00:00:00-05:00,39.97892379760742,39.97892379760742,39.97892379760742,39.97892379760742,2000,0.0,0.0,0.0
2014-03-06 00:00:00-05:00,39.978903403145935,39.98688507080078,39.978903403145935,39.98688507080078,15700,0.0,0.0,0.0
2014-03-07 00:00:00-05:00,39.978903403145935,39.99486673845563,39.978903403145935,39.98688507080078,1400,0.0,0.0,0.0
2014-03-10 00:00:00-04:00,39.98688507080078,39.98688507080078,39.98688507080078,39.98688507080078,0,0.0,0.0,0.0
2014-03-11 00:00:00-04:00,39.98688507080078,39.98688507080078,39.98688507080078,39.98688507080078,300,0.0,0.0,0.0
2014-03-12 00:00:00-04:00,39.994895935058594,39.994895935058594,39.994895935058594,39.994895935058594,2000,0.0,0.0,0.0
2014-03-13 00:00:00-04:00,39.97091293334961,39.97091293334961,39.97091293334961,39.97091293334961,1000,0.0,0.0,0.0
2014-03-14 00:00:00-04:00,39.97091293334961,39.986879311635434,39.97091293334961,39.97091293334961,20800,0.0,0.0,0.0
2014-03-17 00:00:00-04:00,39.98688507080078,39.98688507080078,39.98688507080078,39.98688507080078,100,0.0,0.0,0.0
2014-03-18 00:00:00-04:00,39.99486673845563,39.99486673845563,39.98688507080078,39.98688507080078,1100,0.0,0.0,0.0
2014-03-19 00:00:00-04:00,39.994895935058594,39.994895935058594,39.994895935058594,39.994895935058594,500,0.0,0.0,0.0
2014-03-20 00:00:00-04:00,39.994895935058594,39.994895935058594,39.994895935058594,39.994895935058594,900,0.0,0.0,0.0
2014-03-21 00:00:00-04:00,39.994895935058594,39.994895935058594,39.994895935058594,39.994895935058594,500,0.0,0.0,0.0
2014-03-24 00:00:00-04:00,39.9948871410605,39.9948871410605,39.97892379760742,39.97892379760742,500,0.0,0.0,0.0
2014-03-25 00:00:00-04:00,39.98688507080078,39.98688507080078,39.98688507080078,39.98688507080078,200,0.0,0.0,0.0
2014-03-26 00:00:00-04:00,39.98688507080078,39.98688507080078,39.98688507080078,39.98688507080078,0,0.0,0.0,0.0
2014-03-27 00:00:00-04:00,39.98688507080078,39.98688507080078,39.98688507080078,39.98688507080078,0,0.0,0.0,0.0
2014-03-28 00:00:00-04:00,39.994895935058594,39.994895935058594,39.994895935058594,39.994895935058594,1400,0.0,0.0,0.0
2014-03-31 00:00:00-04:00,39.994895935058594,39.994895935058594,39.994895935058594,39.994895935058594,1200,0.0,0.0,0.0
2014-04-01 00:00:00-04:00,39.998058420255504,39.998058420255504,39.982093811035156,39.982093811035156,700,0.004,0.0,0.0
2014-04-02 00:00:00-04:00,39.982093811035156,39.982093811035156,39.982093811035156,39.982093811035156,0,0.0,0.0,0.0
2014-04-03 00:00:00-04:00,39.982093811035156,39.982093811035156,39.982093811035156,39.982093811035156,0,0.0,0.0,0.0
2014-04-04 00:00:00-04:00,39.99806790831032,39.99806790831032,39.99008560180664,39.99008560180664,1700,0.0,0.0,0.0
2014-04-07 00:00:00-04:00,39.99008560180664,39.99008560180664,39.99008560180664,39.99008560180664,0,0.0,0.0,0.0
2014-04-08 00:00:00-04:00,39.99808120727539,39.99808120727539,39.98211658895996,39.99808120727539,2000,0.0,0.0,0.0
2014-04-09 00:00:00-04:00,39.99808120727539,39.99808120727539,39.99808120727539,39.99808120727539,0,0.0,0.0,0.0
2014-04-10 00:00:00-04:00,39.99808120727539,39.99808120727539,39.99808120727539,39.99808120727539,400,0.0,0.0,0.0
2014-04-11 00:00:00-04:00,39.99808120727539,39.99808120727539,39.98211658895996,39.99808120727539,5300,0.0,0.0,0.0
2014-04-14 00:00:00-04:00,39.99806790831032,39.99806790831032,39.99008560180664,39.99008560180664,1100,0.0,0.0,0.0
2014-04-15 00:00:00-04:00,39.97413123428177,39.99808120727539,39.97413123428177,39.99808120727539,500,0.0,0.0,0.0
2014-04-16 00:00:00-04:00,39.982114077321086,39.982114077321086,39.97412872314453,39.97412872314453,8000,0.0,0.0,0.0
2014-04-17 00:00:00-04:00,39.97412872314453,39.97412872314453,39.97412872314453,39.97412872314453,0,0.0,0.0,0.0
2014-04-21 00:00:00-04:00,39.99808120727539,39.99808120727539,39.99808120727539,39.99808120727539,2600,0.0,0.0,0.0
2014-04-22 00:00:00-04:00,39.99808120727539,39.99808120727539,39.99808120727539,39.99808120727539,100,0.0,0.0,0.0
2014-04-23 00:00:00-04:00,39.99808120727539,39.99808120727539,39.99808120727539,39.99808120727539,0,0.0,0.0,0.0
2014-04-24 00:00:00-04:00,39.998058420255504,39.998058420255504,39.982093811035156,39.982093811035156,400,0.0,0.0,0.0
2014-04-25 00:00:00-04:00,39.99808120727539,39.99808120727539,39.99808120727539,39.99808120727539,300,0.0,0.0,0.0
2014-04-28 00:00:00-04:00,39.99807238634067,40.06992533499597,39.99807238634067,40.00605773925781,3700,0.0,0.0,0.0
2014-04-29 00:00:00-04:00,39.982093811035156,39.982093811035156,39.982093811035156,39.982093811035156,200,0.0,0.0,0.0
2014-04-30 00:00:00-04:00,39.982093811035156,39.982093811035156,39.982093811035156,39.982093811035156,0,0.0,0.0,0.0
2014-05-01 00:00:00-04:00,39.985286712646484,39.985286712646484,39.985286712646484,39.985286712646484,600,0.004,0.0,0.0
2014-05-02 00:00:00-04:00,40.00125259677321,40.00125259677321,39.985286712646484,39.985286712646484,4900,0.0,0.0,0.0
2014-05-05 00:00:00-04:00,39.985286712646484,39.985286712646484,39.985286712646484,39.985286712646484,400,0.0,0.0,0.0
2014-05-06 00:00:00-04:00,40.001277923583984,40.001277923583984,40.001277923583984,40.001277923583984,2100,0.0,0.0,0.0
2014-05-07 00:00:00-04:00,40.001277923583984,40.001277923583984,40.001277923583984,40.001277923583984,100,0.0,0.0,0.0
2014-05-08 00:00:00-04:00,40.001277923583984,40.001277923583984,40.001277923583984,40.001277923583984,800,0.0,0.0,0.0
2014-05-09 00:00:00-04:00,39.97732603646681,40.001277923583984,39.97732603646681,40.001277923583984,2100,0.0,0.0,0.0
2014-05-12 00:00:00-04:00,39.97732162475586,39.97732162475586,39.97732162475586,39.97732162475586,100,0.0,0.0,0.0
2014-05-13 00:00:00-04:00,39.97732162475586,39.97732162475586,39.97732162475586,39.97732162475586,0,0.0,0.0,0.0
2014-05-14 00:00:00-04:00,40.009254455566406,40.009254455566406,40.009254455566406,40.009254455566406,800,0.0,0.0,0.0
2014-05-15 00:00:00-04:00,39.985302574113085,40.009254455566406,39.985302574113085,40.009254455566406,700,0.0,0.0,0.0
2014-05-16 00:00:00-04:00,40.009254455566406,40.009254455566406,40.009254455566406,40.009254455566406,3000,0.0,0.0,0.0
2014-05-19 00:00:00-04:00,39.99327850341797,39.99327850341797,39.99327850341797,39.99327850341797,100,0.0,0.0,0.0
2014-05-20 00:00:00-04:00,39.98531202934846,40.001277923583984,39.98531202934846,40.001277923583984,1600,0.0,0.0,0.0
2014-05-21 00:00:00-04:00,39.99327850341797,39.99327850341797,39.99327850341797,39.99327850341797,300,0.0,0.0,0.0
2014-05-22 00:00:00-04:00,39.99327850341797,39.99327850341797,39.99327850341797,39.99327850341797,0,0.0,0.0,0.0
2014-05-23 00:00:00-04:00,40.001277923583984,40.001277923583984,40.001277923583984,40.001277923583984,4400,0.0,0.0,0.0
2014-05-27 00:00:00-04:00,39.993290562993,39.993290562993,39.97732162475586,39.97732162475586,5200,0.0,0.0,0.0
2014-05-28 00:00:00-04:00,40.0012614472476,40.0012614472476,39.99327850341797,39.99327850341797,4700,0.0,0.0,0.0
2014-05-29 00:00:00-04:00,39.98531202934846,40.001277923583984,39.98531202934846,40.001277923583984,1000,0.0,0.0,0.0
2014-05-30 00:00:00-04:00,40.00125259677321,40.00125259677321,39.985286712646484,39.985286712646484,4200,0.0,0.0,0.0
2014-06-02 00:00:00-04:00,39.988494873046875,39.988494873046875,39.988494873046875,39.988494873046875,500,0.004,0.0,0.0
2014-06-03 00:00:00-04:00,39.988494873046875,39.988494873046875,39.988494873046875,39.988494873046875,600,0.0,0.0,0.0
2014-06-04 00:00:00-04:00,40.00446832382599,40.00446832382599,39.98051452636719,39.98051452636719,900,0.0,0.0,0.0
2014-06-05 00:00:00-04:00,39.988494873046875,39.988494873046875,39.988494873046875,39.988494873046875,300,0.0,0.0,0.0
2014-06-06 00:00:00-04:00,40.00448226928711,40.00448226928711,39.988515096086324,40.00448226928711,1500,0.0,0.0,0.0
2014-06-09 00:00:00-04:00,39.96453803334547,39.988494873046875,39.96453803334547,39.988494873046875,20200,0.0,0.0,0.0
2014-06-10 00:00:00-04:00,39.988494873046875,39.988494873046875,39.988494873046875,39.988494873046875,0,0.0,0.0,0.0
2014-06-11 00:00:00-04:00,40.00448226928711,40.00448226928711,40.00448226928711,40.00448226928711,200,0.0,0.0,0.0
2014-06-12 00:00:00-04:00,40.00448226928711,40.00448226928711,40.00448226928711,40.00448226928711,0,0.0,0.0,0.0
2014-06-13 00:00:00-04:00,40.00448226928711,40.00448226928711,40.00448226928711,40.00448226928711,400,0.0,0.0,0.0
2014-06-16 00:00:00-04:00,40.00448226928711,40.00448226928711,40.00448226928711,40.00448226928711,0,0.0,0.0,0.0
2014-06-17 00:00:00-04:00,39.94855880737305,39.94855880737305,39.94855880737305,39.94855880737305,300,0.0,0.0,0.0
2014-06-18 00:00:00-04:00,39.94855880737305,39.94855880737305,39.94855880737305,39.94855880737305,0,0.0,0.0,0.0
2014-06-19 00:00:00-04:00,39.97251892089844,39.97251892089844,39.97251892089844,39.97251892089844,100,0.0,0.0,0.0
2014-06-20 00:00:00-04:00,40.00448226928711,40.00448226928711,40.00448226928711,40.00448226928711,1700,0.0,0.0,0.0
2014-06-23 00:00:00-04:00,39.956546783447266,39.956546783447266,39.956546783447266,39.956546783447266,200,0.0,0.0,0.0
2014-06-24 00:00:00-04:00,39.94855880737305,39.94855880737305,39.94855880737305,39.94855880737305,200,0.0,0.0,0.0
2014-06-25 00:00:00-04:00,39.94855880737305,39.94855880737305,39.94855880737305,39.94855880737305,0,0.0,0.0,0.0
2014-06-26 00:00:00-04:00,39.98849541424438,39.98849541424438,39.96453857421875,39.96453857421875,700,0.0,0.0,0.0
2014-06-27 00:00:00-04:00,39.996463775634766,39.996463775634766,39.988480196002065,39.996463775634766,300,0.0,0.0,0.0
2014-06-30 00:00:00-04:00,40.00445436164437,40.00445436164437,39.956546783447266,39.956546783447266,2400,0.0,0.0,0.0
2014-07-01 00:00:00-04:00,39.95975112915039,39.95975112915039,39.95975112915039,39.95975112915039,0,0.004,0.0,0.0
2014-07-02 00:00:00-04:00,39.95975112915039,39.95975112915039,39.95975112915039,39.95975112915039,0,0.0,0.0,0.0
2014-07-03 00:00:00-04:00,39.98370426295091,39.99967575073242,39.98370426295091,39.99967575073242,2900,0.0,0.0,0.0
2014-07-07 00:00:00-04:00,39.99967575073242,39.99967575073242,39.95974855440354,39.99967575073242,500,0.0,0.0,0.0
2014-07-08 00:00:00-04:00,39.95974855440354,39.99967575073242,39.95974855440354,39.99967575073242,700,0.0,0.0,0.0
2014-07-09 00:00:00-04:00,39.975727020516175,39.98371124267578,39.96773975210622,39.98371124267578,5000,0.0,0.0,0.0
2014-07-10 00:00:00-04:00,39.98371124267578,39.98371124267578,39.98371124267578,39.98371124267578,0,0.0,0.0,0.0
2014-07-11 00:00:00-04:00,40.00767135620117,40.00767135620117,40.00767135620117,40.00767135620117,1000,0.0,0.0,0.0
2014-07-14 00:00:00-04:00,39.97572326660156,39.97572326660156,39.97572326660156,39.97572326660156,1300,0.0,0.0,0.0
2014-07-15 00:00:00-04:00,39.97572326660156,39.97572326660156,39.97572326660156,39.97572326660156,0,0.0,0.0,0.0
2014-07-16 00:00:00-04:00,40.00766695540496,40.00766695540496,39.975727020516175,39.98371124267578,1000,0.0,0.0,0.0
2014-07-17 00:00:00-04:00,40.007644766029074,40.007644766029074,39.991676330566406,39.991676330566406,1900,0.0,0.0,0.0
2014-07-18 00:00:00-04:00,39.991676330566406,39.991676330566406,39.991676330566406,39.991676330566406,0,0.0,0.0,0.0
2014-07-21 00:00:00-04:00,39.991676330566406,39.991676330566406,39.991676330566406,39.991676330566406,0,0.0,0.0,0.0
2014-07-22 00:00:00-04:00,39.991676330566406,39.991676330566406,39.991676330566406,39.991676330566406,0,0.0,0.0,0.0
2014-07-23 00:00:00-04:00,40.00765997149827,40.00765997149827,39.99967575073242,39.99967575073242,2000,0.0,0.0,0.0
2014-07-24 00:00:00-04:00,39.999687133163306,40.00767135620117,39.999687133163306,40.00767135620117,3800,0.0,0.0,0.0
2014-07-25 00:00:00-04:00,40.00767135620117,40.00767135620117,40.00767135620117,40.00767135620117,0,0.0,0.0,0.0
2014-07-28 00:00:00-04:00,40.00767135620117,40.00767135620117,40.00767135620117,40.00767135620117,3300,0.0,0.0,0.0
2014-07-29 00:00:00-04:00,40.00767135620117,40.00767135620117,40.00767135620117,40.00767135620117,0,0.0,0.0,0.0
2014-07-30 00:00:00-04:00,40.00767135620117,40.00767135620117,40.00767135620117,40.00767135620117,0,0.0,0.0,0.0
2014-07-31 00:00:00-04:00,40.231246901605495,40.231246901605495,40.0156364440918,40.0156364440918,9800,0.0,0.0,0.0
2014-08-01 00:00:00-04:00,40.01883316040039,40.01883316040039,40.01883316040039,40.01883316040039,0,0.004,0.0,0.0
2014-08-04 00:00:00-04:00,40.01883316040039,40.01883316040039,40.01883316040039,40.01883316040039,900,0.0,0.0,0.0
2014-08-05 00:00:00-04:00,40.02681801684517,40.02681801684517,40.01883316040039,40.01883316040039,600,0.0,0.0,0.0
2014-08-06 00:00:00-04:00,40.01883316040039,40.01883316040039,40.01883316040039,40.01883316040039,0,0.0,0.0,0.0
2014-08-07 00:00:00-04:00,40.01883316040039,40.01883316040039,40.01883316040039,40.01883316040039,0,0.0,0.0,0.0
2014-08-08 00:00:00-04:00,40.01883316040039,40.01883316040039,40.01883316040039,40.01883316040039,0,0.0,0.0,0.0
2014-08-11 00:00:00-04:00,40.01883316040039,40.01883316040039,40.01883316040039,40.01883316040039,0,0.0,0.0,0.0
2014-08-12 00:00:00-04:00,40.01883316040039,40.01883316040039,40.01883316040039,40.01883316040039,0,0.0,0.0,0.0
2014-08-13 00:00:00-04:00,40.01883316040039,40.01883316040039,40.01883316040039,40.01883316040039,0,0.0,0.0,0.0
2014-08-14 00:00:00-04:00,40.0188362794075,40.02682113647461,40.0188362794075,40.02682113647461,200,0.0,0.0,0.0
2014-08-15 00:00:00-04:00,39.97890853881836,39.97890853881836,39.97890853881836,39.97890853881836,100,0.0,0.0,0.0
2014-08-18 00:00:00-04:00,40.01883316040039,40.01883316040039,40.01883316040039,40.01883316040039,600,0.0,0.0,0.0
2014-08-19 00:00:00-04:00,40.0108642578125,40.0108642578125,40.0108642578125,40.0108642578125,2200,0.0,0.0,0.0
2014-08-20 00:00:00-04:00,40.0108642578125,40.0108642578125,40.0108642578125,40.0108642578125,0,0.0,0.0,0.0
2014-08-21 00:00:00-04:00,40.0108642578125,40.0108642578125,40.0108642578125,40.0108642578125,0,0.0,0.0,0.0
2014-08-22 00:00:00-04:00,40.01883316040039,40.01883316040039,40.01883316040039,40.01883316040039,100,0.0,0.0,0.0
2014-08-25 00:00:00-04:00,40.01883316040039,40.01883316040039,40.01883316040039,40.01883316040039,0,0.0,0.0,0.0
2014-08-26 00:00:00-04:00,40.01883316040039,40.01883316040039,40.01883316040039,40.01883316040039,300,0.0,0.0,0.0
2014-08-27 00:00:00-04:00,40.01883316040039,40.01883316040039,39.994875544573716,40.01883316040039,5100,0.0,0.0,0.0
2014-08-28 00:00:00-04:00,40.01883316040039,40.01883316040039,40.01883316040039,40.01883316040039,1500,0.0,0.0,0.0
2014-08-29 00:00:00-04:00,40.01883316040039,40.01883316040039,40.01883316040039,40.01883316040039,600,0.0,0.0,0.0
2014-09-02 00:00:00-04:00,40.0300178527832,40.0300178527832,40.0300178527832,40.0300178527832,1400,0.004,0.0,0.0
2014-09-03 00:00:00-04:00,40.0300178527832,40.0300178527832,40.0300178527832,40.0300178527832,200,0.0,0.0,0.0
2014-09-04 00:00:00-04:00,40.030019186444875,40.030019186444875,39.99807415955439,40.02203369140625,1000,0.0,0.0,0.0
2014-09-05 00:00:00-04:00,40.02203369140625,40.02203369140625,40.02203369140625,40.02203369140625,0,0.0,0.0,0.0
2014-09-08 00:00:00-04:00,40.022032358010634,40.0300178527832,40.022032358010634,40.0300178527832,600,0.0,0.0,0.0
2014-09-09 00:00:00-04:00,40.0300178527832,40.0300178527832,40.0300178527832,40.0300178527832,1600,0.0,0.0,0.0
2014-09-10 00:00:00-04:00,40.0300178527832,40.0300178527832,40.0300178527832,40.0300178527832,0,0.0,0.0,0.0
2014-09-11 00:00:00-04:00,40.0300178527832,40.0300178527832,40.0300178527832,40.0300178527832,0,0.0,0.0,0.0
2014-09-12 00:00:00-04:00,40.00605832172959,40.0300178527832,40.00605832172959,40.0300178527832,2700,0.0,0.0,0.0
2014-09-15 00:00:00-04:00,40.0300178527832,40.0300178527832,40.0300178527832,40.0300178527832,0,0.0,0.0,0.0
2014-09-16 00:00:00-04:00,40.0300178527832,40.0300178527832,40.0300178527832,40.0300178527832,2000,0.0,0.0,0.0
2014-09-17 00:00:00-04:00,40.0300178527832,40.0300178527832,40.0300178527832,40.0300178527832,100,0.0,0.0,0.0
2014-09-18 00:00:00-04:00,40.0300178527832,40.0300178527832,40.0300178527832,40.0300178527832,1900,0.0,0.0,0.0
2014-09-19 00:00:00-04:00,40.03000197230549,40.03000197230549,39.97409439086914,39.97409439086914,5000,0.0,0.0,0.0
2014-09-22 00:00:00-04:00,40.0300178527832,40.0300178527832,39.99008428544855,40.0300178527832,3900,0.0,0.0,0.0
2014-09-23 00:00:00-04:00,40.0300178527832,40.0300178527832,40.0300178527832,40.0300178527832,1000,0.0,0.0,0.0
2014-09-24 00:00:00-04:00,40.01403749968335,40.01403749968335,39.99007797241211,39.99007797241211,800,0.0,0.0,0.0
2014-09-25 00:00:00-04:00,40.014043816502166,40.0300178527832,40.014043816502166,40.0300178527832,600,0.0,0.0,0.0
2014-09-26 00:00:00-04:00,40.0300178527832,40.0300178527832,40.0300178527832,40.0300178527832,400,0.0,0.0,0.0
2014-09-29 00:00:00-04:00,40.0300178527832,40.0300178527832,40.0300178527832,40.0300178527832,0,0.0,0.0,0.0
2014-09-30 00:00:00-04:00,40.0300178527832,40.0300178527832,40.0300178527832,40.0300178527832,500,0.0,0.0,0.0
2014-10-01 00:00:00-04:00,40.03241729736328,40.03241729736328,40.03241729736328,40.03241729736328,0,0.003,0.0,0.0
2014-10-02 00:00:00-04:00,40.03241729736328,40.03241729736328,40.03241729736328,40.03241729736328,1800,0.0,0.0,0.0
2014-10-03 00:00:00-04:00,39.984493255615234,39.984493255615234,39.984493255615234,39.984493255615234,600,0.0,0.0,0.0
2014-10-06 00:00:00-04:00,40.06434320939596,40.072329178029186,40.00044631958008,40.00044631958008,900,0.0,0.0,0.0
2014-10-07 00:00:00-04:00,40.00044631958008,40.00044631958008,40.00044631958008,40.00044631958008,0,0.0,0.0,0.0
2014-10-08 00:00:00-04:00,40.00846767409364,40.00846767409364,39.99249267578125,39.99249267578125,1900,0.0,0.0,0.0
2014-10-09 00:00:00-04:00,40.06437683105469,40.06437683105469,40.06437683105469,40.06437683105469,700,0.0,0.0,0.0
2014-10-10 00:00:00-04:00,40.11229705810547,40.11229705810547,40.11229705810547,40.11229705810547,11200,0.0,0.0,0.0
2014-10-13 00:00:00-04:00,40.13626480102539,40.13626480102539,40.13626480102539,40.13626480102539,400,0.0,0.0,0.0
2014-10-14 00:00:00-04:00,40.13626480102539,40.13626480102539,40.13626480102539,40.13626480102539,0,0.0,0.0,0.0
2014-10-15 00:00:00-04:00,40.16019006757812,40.16019006757812,40.00044631958008,40.00044631958008,1000,0.0,0.0,0.0
2014-10-16 00:00:00-04:00,40.016454787119,40.168215751940245,40.016454787119,40.15224075317383,1000,0.0,0.0,0.0
2014-10-17 00:00:00-04:00,40.15224075317383,40.15224075317383,40.15224075317383,40.15224075317383,0,0.0,0.0,0.0
2014-10-20 00:00:00-04:00,40.15224075317383,40.15224075317383,40.15224075317383,40.15224075317383,600,0.0,0.0,0.0
2014-10-21 00:00:00-04:00,40.15224075317383,40.15224075317383,40.15224075317383,40.15224075317383,0,0.0,0.0,0.0
2014-10-22 00:00:00-04:00,40.000463693669694,40.04838562011719,40.000463693669694,40.04838562011719,800,0.0,0.0,0.0
2014-10-23 00:00:00-04:00,40.04838562011719,40.04838562011719,40.04838562011719,40.04838562011719,0,0.0,0.0,0.0
2014-10-24 00:00:00-04:00,40.04838562011719,40.04838562011719,40.04838562011719,40.04838562011719,0,0.0,0.0,0.0
2014-10-27 00:00:00-04:00,40.04838562011719,40.04838562011719,40.04838562011719,40.04838562011719,0,0.0,0.0,0.0
2014-10-28 00:00:00-04:00,40.080337768708816,40.2241096496582,40.05637680418997,40.2241096496582,2800,0.0,0.0,0.0
2014-10-29 00:00:00-04:00,40.06437683105469,40.06437683105469,40.040415858130494,40.06437683105469,1900,0.0,0.0,0.0
2014-10-30 00:00:00-04:00,40.06437683105469,40.06437683105469,40.06437683105469,40.06437683105469,1300,0.0,0.0,0.0
2014-10-31 00:00:00-04:00,40.14424514770508,40.14424514770508,40.14424514770508,40.14424514770508,200,0.0,0.0,0.0
2014-11-03 00:00:00-05:00,40.066749572753906,40.066749572753906,40.066749572753906,40.066749572753906,200,0.003,0.0,0.0
2014-11-04 00:00:00-05:00,40.066749572753906,40.066749572753906,40.066749572753906,40.066749572753906,900,0.0,0.0,0.0
2014-11-05 00:00:00-05:00,40.07472229003906,40.08271178269149,40.07472229003906,40.07472229003906,2300,0.0,0.0,0.0
2014-11-06 00:00:00-05:00,40.06676102074932,40.08273696899414,40.05078507250449,40.08273696899414,600,0.0,0.0,0.0
2014-11-07 00:00:00-05:00,40.06673811562546,40.06673811562546,40.05076217651367,40.05076217651367,3500,0.0,0.0,0.0
2014-11-10 00:00:00-05:00,40.08273696899414,40.08273696899414,40.08273696899414,40.08273696899414,3500,0.0,0.0,0.0
2014-11-11 00:00:00-05:00,40.08273696899414,40.08273696899414,40.08273696899414,40.08273696899414,0,0.0,0.0,0.0
2014-11-12 00:00:00-05:00,40.1066780090332,40.1066780090332,40.1066780090332,40.1066780090332,2000,0.0,0.0,0.0
2014-11-13 00:00:00-05:00,40.106704710138494,40.106704710138494,40.090728759765625,40.090728759765625,800,0.0,0.0,0.0
2014-11-14 00:00:00-05:00,40.1066780090332,40.1066780090332,40.1066780090332,40.1066780090332,1500,0.0,0.0,0.0
2014-11-17 00:00:00-05:00,40.1066780090332,40.1066780090332,40.082715622977396,40.1066780090332,4100,0.0,0.0,0.0
2014-11-18 00:00:00-05:00,40.09870529174805,40.09870529174805,40.09870529174805,40.09870529174805,800,0.0,0.0,0.0
2014-11-19 00:00:00-05:00,40.066749572753906,40.066749572753906,40.066749572753906,40.066749572753906,400,0.0,0.0,0.0
2014-11-20 00:00:00-05:00,40.066749572753906,40.066749572753906,40.066749572753906,40.066749572753906,0,0.0,0.0,0.0
2014-11-21 00:00:00-05:00,40.05875166961898,40.05875166961898,40.05076217651367,40.05076217651367,400,0.0,0.0,0.0
2014-11-24 00:00:00-05:00,40.01880874183845,40.0587501116139,40.01082229614258,40.01082229614258,3300,0.0,0.0,0.0
2014-11-25 00:00:00-05:00,40.01082229614258,40.01082229614258,40.01082229614258,40.01082229614258,0,0.0,0.0,0.0
2014-11-26 00:00:00-05:00,40.01082229614258,40.01082229614258,40.01082229614258,40.01082229614258,0,0.0,0.0,0.0
2014-11-28 00:00:00-05:00,40.01082229614258,40.01082229614258,40.01082229614258,40.01082229614258,0,0.0,0.0,0.0
2014-12-01 00:00:00-05:00,40.00445556640625,40.00445556640625,40.00445556640625,40.00445556640625,0,0.002,0.0,0.0
2014-12-02 00:00:00-05:00,40.00445556640625,40.05238227525409,40.00445556640625,40.00445556640625,15800,0.0,0.0,0.0
2014-12-03 00:00:00-05:00,40.012447357177734,40.012447357177734,40.012447357177734,40.012447357177734,1100,0.0,0.0,0.0
2014-12-04 00:00:00-05:00,40.00445556640625,40.00445556640625,40.00445556640625,40.00445556640625,1100,0.0,0.0,0.0
2014-12-05 00:00:00-05:00,40.00445556640625,40.00445556640625,40.00445556640625,40.00445556640625,1200,0.0,0.0,0.0
2014-12-08 00:00:00-05:00,40.00445556640625,40.00445556640625,40.00445556640625,40.00445556640625,17100,0.0,0.0,0.0
2014-12-09 00:00:00-05:00,39.99646575011689,40.00445556640625,39.99646575011689,40.00445556640625,4500,0.0,0.0,0.0
2014-12-10 00:00:00-05:00,40.00445556640625,40.06037209154345,39.98048916476024,40.00445556640625,12700,0.0,0.0,0.0
2014-12-11 00:00:00-05:00,40.00445556640625,40.00445556640625,40.00445556640625,40.00445556640625,300,0.0,0.0,0.0
2014-12-12 00:00:00-05:00,39.97248458862305,39.97248458862305,39.97248458862305,39.97248458862305,300,0.0,0.0,0.0
2014-12-15 00:00:00-05:00,39.97248458862305,39.97248458862305,39.97248458862305,39.97248458862305,0,0.0,0.0,0.0
2014-12-16 00:00:00-05:00,40.00445556640625,40.01244233547353,40.00445556640625,40.00445556640625,26300,0.0,0.0,0.0
2014-12-17 00:00:00-05:00,39.99646638345156,39.99646638345156,39.98847961425781,39.98847961425781,200,0.0,0.0,0.0
2014-12-18 00:00:00-05:00,39.98847961425781,39.98847961425781,39.98847961425781,39.98847961425781,0,0.0,0.0,0.0
2014-12-19 00:00:00-05:00,39.98849451256038,39.98849451256038,38.20714569091797,38.20714569091797,15900,0.0,0.0,0.0
2014-12-22 00:00:00-05:00,39.940549857428934,39.98847961425781,39.940549857428934,39.98847961425781,500,0.0,0.0,0.0
2014-12-23 00:00:00-05:00,40.00445556640625,40.00445556640625,40.00445556640625,40.00445556640625,2800,0.0,0.0,0.0
2014-12-24 00:00:00-05:00,40.007652282714844,40.007652282714844,40.007652282714844,40.007652282714844,0,0.004,0.0,0.0
2014-12-26 00:00:00-05:00,40.007652282714844,40.007652282714844,40.007652282714844,40.007652282714844,0,0.0,0.0,0.0
2014-12-29 00:00:00-05:00,39.98368588863839,39.98368588863839,39.927764892578125,39.927764892578125,400,0.0,0.0,0.0
2014-12-30 00:00:00-05:00,39.927764892578125,39.927764892578125,39.927764892578125,39.927764892578125,100,0.0,0.0,0.0
2014-12-31 00:00:00-05:00,40.01564407348633,40.01564407348633,40.01564407348633,40.01564407348633,100,0.0,0.0,0.0
2015-01-02 00:00:00-05:00,39.95173261836636,40.01564407348633,39.95173261836636,40.01564407348633,2000,0.0,0.0,0.0
2015-01-05 00:00:00-05:00,40.01564407348633,40.01564407348633,40.01564407348633,40.01564407348633,0,0.0,0.0,0.0
2015-01-06 00:00:00-05:00,40.01564407348633,40.01564407348633,40.01564407348633,40.01564407348633,0,0.0,0.0,0.0
2015-01-07 00:00:00-05:00,39.93574905395508,39.93574905395508,39.93574905395508,39.93574905395508,0,0.0,0.0,0.0
2015-01-08 00:00:00-05:00,39.99168014526367,39.99168014526367,39.99168014526367,39.99168014526367,700,0.0,0.0,0.0
2015-01-09 00:00:00-05:00,39.99168014526367,39.99168014526367,39.99168014526367,39.99168014526367,0,0.0,0.0,0.0
2015-01-12 00:00:00-05:00,39.99168014526367,39.99168014526367,39.99168014526367,39.99168014526367,0,0.0,0.0,0.0
2015-01-13 00:00:00-05:00,40.01564407348633,40.01564407348633,39.99167880154929,40.01564407348633,12900,0.0,0.0,0.0
2015-01-14 00:00:00-05:00,40.01564407348633,40.01564407348633,40.01564407348633,40.01564407348633,0,0.0,0.0,0.0
2015-01-15 00:00:00-05:00,40.01564407348633,40.01564407348633,40.01564407348633,40.01564407348633,0,0.0,0.0,0.0
2015-01-16 00:00:00-05:00,39.935759143887715,39.99168014526367,39.935759143887715,39.99168014526367,500,0.0,0.0,0.0
2015-01-20 00:00:00-05:00,39.99167880154929,40.01564407348633,39.99167880154929,40.01564407348633,18700,0.0,0.0,0.0
2015-01-21 00:00:00-05:00,40.01564407348633,40.01564407348633,40.01564407348633,40.01564407348633,0,0.0,0.0,0.0
2015-01-22 00:00:00-05:00,40.047602272522326,40.05558968117229,40.03961181640625,40.03961181640625,2700,0.0,0.0,0.0
2015-01-23 00:00:00-05:00,40.10352325439453,40.10352325439453,40.10352325439453,40.10352325439453,400,0.0,0.0,0.0
2015-01-26 00:00:00-05:00,39.97568246055862,40.05556869506836,39.97568246055862,40.05556869506836,5800,0.0,0.0,0.0
2015-01-27 00:00:00-05:00,40.10352327547042,40.10352327547042,40.03961181640625,40.03961181640625,1300,0.0,0.0,0.0
2015-01-28 00:00:00-05:00,40.1035022642529,40.1035022642529,40.05556869506836,40.05556869506836,500,0.0,0.0,0.0
2015-01-29 00:00:00-05:00,40.103522148015585,40.103522148015585,39.99168014526367,39.99168014526367,300,0.0,0.0,0.0
2015-01-30 00:00:00-05:00,39.99168014526367,39.99168014526367,39.99168014526367,39.99168014526367,0,0.0,0.0,0.0
2015-02-02 00:00:00-05:00,39.994869232177734,39.994869232177734,39.994869232177734,39.994869232177734,200,0.004,0.0,0.0
2015-02-03 00:00:00-05:00,39.994869232177734,39.994869232177734,39.994869232177734,39.994869232177734,800,0.0,0.0,0.0
2015-02-04 00:00:00-05:00,40.042775479670006,40.106691988591706,40.042775479670006,40.07473373413086,3000,0.0,0.0,0.0
2015-02-05 00:00:00-05:00,40.10671745282339,40.10671745282339,40.02682176594455,40.04280090332031,1300,0.0,0.0,0.0
2015-02-06 00:00:00-05:00,40.09074101517958,40.09074101517958,39.994869232177734,39.994869232177734,12400,0.0,0.0,0.0
2015-02-09 00:00:00-05:00,40.10669841396284,40.10669841396284,40.034793853759766,40.034793853759766,19200,0.0,0.0,0.0
2015-02-10 00:00:00-05:00,40.106706625259925,40.106706625259925,39.978876608472724,40.05876922607422,32500,0.0,0.0,0.0
2015-02-11 00:00:00-05:00,40.0507698059082,40.0507698059082,40.0507698059082,40.0507698059082,200,0.0,0.0,0.0
2015-02-12 00:00:00-05:00,40.0507698059082,40.0507698059082,40.0507698059082,40.0507698059082,0,0.0,0.0,0.0
2015-02-13 00:00:00-05:00,40.002845764160156,40.002845764160156,40.002845764160156,40.002845764160156,500,0.0,0.0,0.0
2015-02-17 00:00:00-05:00,39.994844379932665,40.0507698059082,39.97886525141006,40.0507698059082,32600,0.0,0.0,0.0
2015-02-18 00:00:00-05:00,40.05078316571853,40.05078316571853,40.002845764160156,40.002845764160156,3800,0.0,0.0,0.0
2015-02-19 00:00:00-05:00,40.0507698059082,40.0507698059082,40.0507698059082,40.0507698059082,100,0.0,0.0,0.0
2015-02-20 00:00:00-05:00,39.9788818359375,39.9788818359375,39.9788818359375,39.9788818359375,200,0.0,0.0,0.0
2015-02-23 00:00:00-05:00,39.9788818359375,39.9788818359375,39.9788818359375,39.9788818359375,0,0.0,0.0,0.0
2015-02-24 00:00:00-05:00,40.04278189480127,40.04278189480127,40.01881472396937,40.034793853759766,700,0.0,0.0,0.0
2015-02-25 00:00:00-05:00,40.09870414376887,40.09870414376887,40.0507698059082,40.0507698059082,500,0.0,0.0,0.0
2015-02-26 00:00:00-05:00,40.0507698059082,40.0507698059082,40.0507698059082,40.0507698059082,0,0.0,0.0,0.0
2015-02-27 00:00:00-05:00,40.002845764160156,40.002845764160156,40.002845764160156,40.002845764160156,100,0.0,0.0,0.0
2015-03-02 00:00:00-05:00,40.00603485107422,40.00603485107422,40.00603485107422,40.00603485107422,0,0.004,0.0,0.0
2015-03-03 00:00:00-05:00,39.99806594848633,39.99806594848633,39.99806594848633,39.99806594848633,200,0.0,0.0,0.0
2015-03-04 00:00:00-05:00,39.99806594848633,39.99806594848633,39.99806594848633,39.99806594848633,200,0.0,0.0,0.0
2015-03-05 00:00:00-05:00,39.99806594848633,39.99806594848633,39.99806594848633,39.99806594848633,0,0.0,0.0,0.0
2015-03-06 00:00:00-05:00,40.03002979775142,40.1019401550293,40.03002979775142,40.1019401550293,2500,0.0,0.0,0.0
2015-03-09 00:00:00-04:00,40.02201891118465,40.133878727575066,40.02201891118465,40.0859375,14400,0.0,0.0,0.0
2015-03-10 00:00:00-04:00,40.0859375,40.0859375,40.0859375,40.0859375,0,0.0,0.0,0.0
2015-03-11 00:00:00-04:00,39.982078552246094,39.982078552246094,39.982078552246094,39.982078552246094,0,0.0,0.0,0.0
2015-03-12 00:00:00-04:00,39.982078552246094,39.982078552246094,39.982078552246094,39.982078552246094,0,0.0,0.0,0.0
2015-03-13 00:00:00-04:00,40.11790084838867,40.11790084838867,40.11790084838867,40.11790084838867,1000,0.0,0.0,0.0
2015-03-16 00:00:00-04:00,40.11790084838867,40.11790084838867,40.11790084838867,40.11790084838867,0,0.0,0.0,0.0
2015-03-17 00:00:00-04:00,39.982078552246094,39.982078552246094,39.982078552246094,39.982078552246094,0,0.0,0.0,0.0
2015-03-18 00:00:00-04:00,40.053993225097656,40.053993225097656,40.053993225097656,40.053993225097656,400,0.0,0.0,0.0
2015-03-19 00:00:00-04:00,40.053993225097656,40.053993225097656,40.053993225097656,40.053993225097656,0,0.0,0.0,0.0
2015-03-20 00:00:00-04:00,39.982078552246094,39.982078552246094,39.982078552246094,39.982078552246094,200,0.0,0.0,0.0
2015-03-23 00:00:00-04:00,39.982066404209384,40.109906620173675,39.982066404209384,39.990055084228516,2800,0.0,0.0,0.0
2015-03-24 00:00:00-04:00,39.990055084228516,39.990055084228516,39.990055084228516,39.990055084228516,0,0.0,0.0,0.0
2015-03-25 00:00:00-04:00,39.982078552246094,39.982078552246094,39.982078552246094,39.982078552246094,200,0.0,0.0,0.0
2015-03-26 00:00:00-04:00,39.982078552246094,39.982078552246094,39.982078552246094,39.982078552246094,0,0.0,0.0,0.0
2015-03-27 00:00:00-04:00,39.982078552246094,39.982078552246094,39.982078552246094,39.982078552246094,0,0.0,0.0,0.0
2015-03-30 00:00:00-04:00,39.982078552246094,39.982078552246094,39.982078552246094,39.982078552246094,0,0.0,0.0,0.0
2015-03-31 00:00:00-04:00,40.11790084838867,40.11790084838867,40.11790084838867,40.11790084838867,100,0.0,0.0,0.0
2015-04-01 00:00:00-04:00,40.121097564697266,40.121097564697266,40.121097564697266,40.121097564697266,0,0.004,0.0,0.0
2015-04-02 00:00:00-04:00,40.05716952717569,40.097122207656234,40.05716952717569,40.06515884399414,1500,0.0,0.0,0.0
2015-04-06 00:00:00-04:00,40.113121032714844,40.113121032714844,40.113121032714844,40.113121032714844,200,0.0,0.0,0.0
2015-04-07 00:00:00-04:00,40.017229644249596,40.0332082829965,40.017229644249596,40.02521896362305,500,0.0,0.0,0.0
2015-04-08 00:00:00-04:00,40.113121032714844,40.113121032714844,40.113121032714844,40.113121032714844,300,0.0,0.0,0.0
2015-04-09 00:00:00-04:00,40.113121032714844,40.113121032714844,40.113121032714844,40.113121032714844,0,0.0,0.0,0.0
2015-04-10 00:00:00-04:00,40.04919104554439,40.113117795029304,40.04919104554439,40.105125427246094,1200,0.0,0.0,0.0
2015-04-13 00:00:00-04:00,40.105125427246094,40.105125427246094,40.105125427246094,40.105125427246094,0,0.0,0.0,0.0
2015-04-14 00:00:00-04:00,40.105125427246094,40.105125427246094,40.105125427246094,40.105125427246094,0,0.0,0.0,0.0
2015-04-15 00:00:00-04:00,40.105125427246094,40.105125427246094,40.105125427246094,40.105125427246094,0,0.0,0.0,0.0
2015-04-16 00:00:00-04:00,40.105125427246094,40.105125427246094,40.105125427246094,40.105125427246094,0,0.0,0.0,0.0
2015-04-17 00:00:00-04:00,40.105125427246094,40.105125427246094,40.105125427246094,40.105125427246094,0,0.0,0.0,0.0
2015-04-20 00:00:00-04:00,40.105125427246094,40.105125427246094,40.105125427246094,40.105125427246094,0,0.0,0.0,0.0
2015-04-21 00:00:00-04:00,40.105125427246094,40.105125427246094,40.105125427246094,40.105125427246094,0,0.0,0.0,0.0
2015-04-22 00:00:00-04:00,40.105125427246094,40.105125427246094,40.105125427246094,40.105125427246094,0,0.0,0.0,0.0
2015-04-23 00:00:00-04:00,40.105125427246094,40.105125427246094,40.105125427246094,40.105125427246094,0,0.0,0.0,0.0
2015-04-24 00:00:00-04:00,40.105125427246094,40.105125427246094,40.105125427246094,40.105125427246094,0,0.0,0.0,0.0
2015-04-27 00:00:00-04:00,40.105125427246094,40.105125427246094,40.105125427246094,40.105125427246094,0,0.0,0.0,0.0
2015-04-28 00:00:00-04:00,40.105125427246094,40.105125427246094,40.105125427246094,40.105125427246094,0,0.0,0.0,0.0
2015-04-29 00:00:00-04:00,40.105125427246094,40.105125427246094,40.105125427246094,40.105125427246094,0,0.0,0.0,0.0
2015-04-30 00:00:00-04:00,40.057173322813796,40.09712600708008,40.057173322813796,40.09712600708008,12100,0.0,0.0,0.0
2015-05-01 00:00:00-04:00,40.100317656515045,40.116300611969834,40.06835174560547,40.06835174560547,2600,0.004,0.0,0.0
2015-05-04 00:00:00-04:00,40.06835174560547,40.06835174560547,40.06835174560547,40.06835174560547,0,0.0,0.0,0.0
2015-05-05 00:00:00-04:00,40.116300611969834,40.116300611969834,40.06835174560547,40.06835174560547,1000,0.0,0.0,0.0
2015-05-06 00:00:00-04:00,40.06835174560547,40.06835174560547,40.06835174560547,40.06835174560547,0,0.0,0.0,0.0
2015-05-07 00:00:00-04:00,40.11630432675712,40.12429428100586,40.06835545595266,40.12429428100586,6500,0.0,0.0,0.0
2015-05-08 00:00:00-04:00,40.12429428100586,40.12429428100586,40.12429428100586,40.12429428100586,100,0.0,0.0,0.0
2015-05-11 00:00:00-04:00,40.12430658781851,41.05129703530051,40.028411865234375,40.028411865234375,142300,0.0,0.0,0.0
2015-05-12 00:00:00-04:00,40.124300666271054,40.124300666271054,40.06836183231591,40.09233474731445,2300,0.0,0.0,0.0
2015-05-13 00:00:00-04:00,40.09233474731445,40.09233474731445,40.09233474731445,40.09233474731445,0,0.0,0.0,0.0
2015-05-14 00:00:00-04:00,40.09233474731445,40.09233474731445,40.09233474731445,40.09233474731445,0,0.0,0.0,0.0
2015-05-15 00:00:00-04:00,40.09233474731445,40.09233474731445,40.09233474731445,40.09233474731445,0,0.0,0.0,0.0
2015-05-18 00:00:00-04:00,40.09233474731445,40.09233474731445,40.09233474731445,40.09233474731445,0,0.0,0.0,0.0
2015-05-19 00:00:00-04:00,40.10032775127251,40.10032775127251,40.09233474731445,40.09233474731445,1600,0.0,0.0,0.0
2015-05-20 00:00:00-04:00,40.10032653808594,40.10032653808594,40.0923335343697,40.10032653808594,1700,0.0,0.0,0.0
2015-05-21 00:00:00-04:00,40.10032653808594,40.10032653808594,40.10032653808594,40.10032653808594,0,0.0,0.0,0.0
2015-05-22 00:00:00-04:00,40.10032653808594,40.10032653808594,40.10032653808594,40.10032653808594,0,0.0,0.0,0.0
2015-05-26 00:00:00-04:00,40.09233474731445,40.09233474731445,40.09233474731445,40.09233474731445,1600,0.0,0.0,0.0
2015-05-27 00:00:00-04:00,40.060367584228516,40.060367584228516,40.060367584228516,40.060367584228516,100,0.0,0.0,0.0
2015-05-28 00:00:00-04:00,40.10032653808594,40.10032653808594,40.10032653808594,40.10032653808594,1000,0.0,0.0,0.0
2015-05-29 00:00:00-04:00,40.10032653808594,40.10032653808594,40.10032653808594,40.10032653808594,0,0.0,0.0,0.0
2015-06-01 00:00:00-04:00,40.103515625,40.103515625,40.103515625,40.103515625,0,0.004,0.0,0.0
2015-06-02 00:00:00-04:00,40.07956314086914,40.07956314086914,40.07956314086914,40.07956314086914,200,0.0,0.0,0.0
2015-06-03 00:00:00-04:00,40.087547302246094,40.087547302246094,40.087547302246094,40.087547302246094,1100,0.0,0.0,0.0
2015-06-04 00:00:00-04:00,40.087547302246094,40.087547302246094,40.087547302246094,40.087547302246094,0,0.0,0.0,0.0
2015-06-05 00:00:00-04:00,40.087547302246094,40.087547302246094,40.087547302246094,40.087547302246094,0,0.0,0.0,0.0
2015-06-08 00:00:00-04:00,40.087547302246094,40.087547302246094,40.087547302246094,40.087547302246094,0,0.0,0.0,0.0
2015-06-09 00:00:00-04:00,40.023624420166016,40.023624420166016,40.023624420166016,40.023624420166016,400,0.0,0.0,0.0
2015-06-10 00:00:00-04:00,40.05557632446289,40.05557632446289,40.05557632446289,40.05557632446289,200,0.0,0.0,0.0
2015-06-11 00:00:00-04:00,40.05557632446289,40.05557632446289,40.05557632446289,40.05557632446289,0,0.0,0.0,0.0
2015-06-12 00:00:00-04:00,40.103515625,40.103515625,40.103515625,40.103515625,500,0.0,0.0,0.0
2015-06-15 00:00:00-04:00,40.103515625,40.103515625,40.103515625,40.103515625,2000,0.0,0.0,0.0
2015-06-16 00:00:00-04:00,40.07155303034939,40.07155303034939,40.01560974121094,40.01560974121094,1900,0.0,0.0,0.0
2015-06-17 00:00:00-04:00,40.01560974121094,40.01560974121094,40.01560974121094,40.01560974121094,0,0.0,0.0,0.0
2015-06-18 00:00:00-04:00,40.06357192993164,40.06357192993164,40.06357192993164,40.06357192993164,2200,0.0,0.0,0.0
2015-06-19 00:00:00-04:00,40.06357192993164,40.06357192993164,40.06357192993164,40.06357192993164,0,0.0,0.0,0.0
2015-06-22 00:00:00-04:00,40.06357192993164,40.06357192993164,40.06357192993164,40.06357192993164,800,0.0,0.0,0.0
2015-06-23 00:00:00-04:00,40.06356243847844,40.06356243847844,40.01560974121094,40.01560974121094,600,0.0,0.0,0.0
2015-06-24 00:00:00-04:00,40.06356243847844,40.06356243847844,40.01560974121094,40.01560974121094,600,0.0,0.0,0.0
2015-06-25 00:00:00-04:00,40.063576401079125,40.063576401079125,40.023617330437,40.04759216308594,9300,0.0,0.0,0.0
2015-06-26 00:00:00-04:00,40.06358349788644,40.06358349788644,40.023624420166016,40.023624420166016,5700,0.0,0.0,0.0
2015-06-29 00:00:00-04:00,40.07156252369564,40.07156252369564,40.06357192993164,40.06357192993164,110000,0.0,0.0,0.0
2015-06-30 00:00:00-04:00,40.10353797501461,40.10353797501461,40.07956314086914,40.07956314086914,400,0.0,0.0,0.0
2015-07-01 00:00:00-04:00,40.083560943603516,40.083560943603516,40.083560943603516,40.083560943603516,0,0.005,0.0,0.0
2015-07-02 00:00:00-04:00,40.09154550492379,40.09953689575195,40.09154550492379,40.09953689575195,800,0.0,0.0,0.0
2015-07-06 00:00:00-04:00,40.05957344401588,40.09154510498047,40.05957344401588,40.09154510498047,3100,0.0,0.0,0.0
2015-07-07 00:00:00-04:00,40.067569732666016,40.067569732666016,40.067569732666016,40.067569732666016,6000,0.0,0.0,0.0
2015-07-08 00:00:00-04:00,40.075557708740234,40.075557708740234,40.075557708740234,40.075557708740234,400,0.0,0.0,0.0
2015-07-09 00:00:00-04:00,40.075557708740234,40.075557708740234,40.075557708740234,40.075557708740234,0,0.0,0.0,0.0
2015-07-10 00:00:00-04:00,40.075557708740234,40.075557708740234,40.075557708740234,40.075557708740234,100,0.0,0.0,0.0
2015-07-13 00:00:00-04:00,40.067569732666016,40.067569732666016,40.067569732666016,40.067569732666016,1000,0.0,0.0,0.0
2015-07-14 00:00:00-04:00,40.067569732666016,40.067569732666016,40.067569732666016,40.067569732666016,0,0.0,0.0,0.0
2015-07-15 00:00:00-04:00,40.067581473470426,40.067581473470426,40.027618408203125,40.027618408203125,600,0.0,0.0,0.0
2015-07-16 00:00:00-04:00,40.027618408203125,40.027618408203125,40.027618408203125,40.027618408203125,0,0.0,0.0,0.0
2015-07-17 00:00:00-04:00,40.083560943603516,40.083560943603516,40.083560943603516,40.083560943603516,100,0.0,0.0,0.0
2015-07-20 00:00:00-04:00,40.075557708740234,40.075557708740234,40.075557708740234,40.075557708740234,7800,0.0,0.0,0.0
2015-07-21 00:00:00-04:00,40.09953689575195,40.09953689575195,40.09953689575195,40.09953689575195,200,0.0,0.0,0.0
2015-07-22 00:00:00-04:00,40.083560943603516,40.083560943603516,40.083560943603516,40.083560943603516,100,0.0,0.0,0.0
2015-07-23 00:00:00-04:00,40.01960372924805,40.01960372924805,40.01960372924805,40.01960372924805,100,0.0,0.0,0.0
2015-07-24 00:00:00-04:00,40.01960372924805,40.01960372924805,40.01960372924805,40.01960372924805,0,0.0,0.0,0.0
2015-07-27 00:00:00-04:00,40.01960372924805,40.01960372924805,40.01960372924805,40.01960372924805,113700,0.0,0.0,0.0
2015-07-28 00:00:00-04:00,40.06757198324092,40.06757198324092,40.05158615112305,40.05158615112305,300,0.0,0.0,0.0
2015-07-29 00:00:00-04:00,40.019608828730846,40.10752936845568,40.019608828730846,40.075557708740234,800,0.0,0.0,0.0
2015-07-30 00:00:00-04:00,40.10753278622314,40.10753278622314,40.067569732666016,40.067569732666016,7600,0.0,0.0,0.0
2015-07-31 00:00:00-04:00,40.01959452775848,40.01959452775848,40.00360870361328,40.00360870361328,2900,0.0,0.0,0.0
2015-08-03 00:00:00-04:00,40.0068244934082,40.0068244934082,40.0068244934082,40.0068244934082,0,0.004,0.0,0.0
2015-08-04 00:00:00-04:00,40.0068244934082,40.0068244934082,40.0068244934082,40.0068244934082,0,0.0,0.0,0.0
2015-08-05 00:00:00-04:00,40.0068244934082,40.0068244934082,40.0068244934082,40.0068244934082,0,0.0,0.0,0.0
2015-08-06 00:00:00-04:00,40.1107292175293,40.1107292175293,40.1107292175293,40.1107292175293,300,0.0,0.0,0.0
2015-08-07 00:00:00-04:00,40.1107292175293,40.1107292175293,40.1107292175293,40.1107292175293,0,0.0,0.0,0.0
2015-08-10 00:00:00-04:00,40.1107292175293,40.1107292175293,40.1107292175293,40.1107292175293,0,0.0,0.0,0.0
2015-08-11 00:00:00-04:00,40.07876968383789,40.07876968383789,40.07077765290785,40.07876968383789,6700,0.0,0.0,0.0
2015-08-12 00:00:00-04:00,40.07077765290785,40.07876968383789,40.054790541818114,40.07876968383789,3900,0.0,0.0,0.0
2015-08-13 00:00:00-04:00,40.054778762882535,40.054778762882535,40.03879165649414,40.03879165649414,400,0.0,0.0,0.0
2015-08-14 00:00:00-04:00,40.08674621582031,40.08674621582031,40.08674621582031,40.08674621582031,700,0.0,0.0,0.0
2015-08-17 00:00:00-04:00,40.08674621582031,40.08674621582031,40.08674621582031,40.08674621582031,0,0.0,0.0,0.0
2015-08-18 00:00:00-04:00,39.9908235936654,40.08674621582031,39.9908235936654,40.08674621582031,6200,0.0,0.0,0.0
2015-08-19 00:00:00-04:00,40.11074013556049,40.11074013556049,40.102745056152344,40.102745056152344,500,0.0,0.0,0.0
2015-08-20 00:00:00-04:00,40.110752467198864,40.17469787597656,40.06279112369286,40.17469787597656,11700,0.0,0.0,0.0
2015-08-21 00:00:00-04:00,40.12671661376953,40.12671661376953,40.078755297715865,40.12671661376953,4900,0.0,0.0,0.0
2015-08-24 00:00:00-04:00,40.286593480428635,41.05395641072289,40.17468371835181,40.21465301513672,11300,0.0,0.0,0.0
2015-08-25 00:00:00-04:00,40.09475326538086,40.09475326538086,40.09475326538086,40.09475326538086,600,0.0,0.0,0.0
2015-08-26 00:00:00-04:00,40.070762634277344,40.070762634277344,39.99082710878872,40.070762634277344,6400,0.0,0.0,0.0
2015-08-27 00:00:00-04:00,40.01479632172094,40.01479632172094,39.966835021972656,39.966835021972656,9700,0.0,0.0,0.0
2015-08-28 00:00:00-04:00,40.06277847290039,40.06277847290039,39.998833084314995,40.06277847290039,1900,0.0,0.0,0.0
2015-08-31 00:00:00-04:00,40.0627701584522,40.0627701584522,39.98283767700195,39.98283767700195,2500,0.0,0.0,0.0
2015-09-01 00:00:00-04:00,40.06517791748047,40.06517791748047,40.06517791748047,40.06517791748047,2400,0.003,0.0,0.0
2015-09-02 00:00:00-04:00,40.06516022211832,40.073155776770705,40.01719909184652,40.04117965698242,1300,0.0,0.0,0.0
2015-09-03 00:00:00-04:00,40.06517372954781,40.06517372954781,40.001224517822266,40.001224517822266,1900,0.0,0.0,0.0
2015-09-04 00:00:00-04:00,40.04117965698242,40.04117965698242,40.04117965698242,40.04117965698242,200,0.0,0.0,0.0
2015-09-08 00:00:00-04:00,40.02520751953125,40.02520751953125,40.02520751953125,40.02520751953125,400,0.0,0.0,0.0
2015-09-09 00:00:00-04:00,40.02520751953125,40.02520751953125,40.02520751953125,40.02520751953125,0,0.0,0.0,0.0
2015-09-10 00:00:00-04:00,40.04917907714844,40.04917907714844,40.04917907714844,40.04917907714844,100,0.0,0.0,0.0
2015-09-11 00:00:00-04:00,40.04917907714844,40.04917907714844,40.04917907714844,40.04917907714844,0,0.0,0.0,0.0
2015-09-14 00:00:00-04:00,40.04917907714844,40.04917907714844,40.04917907714844,40.04917907714844,0,0.0,0.0,0.0
2015-09-15 00:00:00-04:00,40.07317352294922,40.07317352294922,40.07317352294922,40.07317352294922,300,0.0,0.0,0.0
2015-09-16 00:00:00-04:00,40.06517791748047,40.06517791748047,40.06517791748047,40.06517791748047,800,0.0,0.0,0.0
2015-09-17 00:00:00-04:00,40.06517791748047,40.06517791748047,40.06517791748047,40.06517791748047,0,0.0,0.0,0.0
2015-09-18 00:00:00-04:00,40.04117965698242,40.04117965698242,40.03318715174066,40.04117965698242,700,0.0,0.0,0.0
2015-09-21 00:00:00-04:00,40.04917907714844,40.04917907714844,40.04917907714844,40.04917907714844,5400,0.0,0.0,0.0
2015-09-22 00:00:00-04:00,40.05716771687656,40.05716771687656,40.02519159708828,40.04117965698242,2600,0.0,0.0,0.0
2015-09-23 00:00:00-04:00,41.16831906768492,41.16831906768492,40.04917907714844,40.04917907714844,3700,0.0,0.0,0.0
2015-09-24 00:00:00-04:00,40.04917907714844,40.04917907714844,40.04917907714844,40.04917907714844,200,0.0,0.0,0.0
2015-09-25 00:00:00-04:00,40.04117965698242,40.04117965698242,40.04117965698242,40.04117965698242,1000,0.0,0.0,0.0
2015-09-28 00:00:00-04:00,40.01720428466797,40.01720428466797,40.01720428466797,40.01720428466797,700,0.0,0.0,0.0
2015-09-29 00:00:00-04:00,40.01720428466797,40.01720428466797,40.01720428466797,40.01720428466797,0,0.0,0.0,0.0
2015-09-30 00:00:00-04:00,40.01720428466797,40.01720428466797,40.01720428466797,40.01720428466797,0,0.0,0.0,0.0
2015-10-01 00:00:00-04:00,40.03800582885742,40.03800582885742,40.03800582885742,40.03800582885742,500,0.006,0.0,0.0
2015-10-02 00:00:00-04:00,40.04598617553711,40.04598617553711,40.04598617553711,40.04598617553711,500,0.0,0.0,0.0
2015-10-05 00:00:00-04:00,40.03799271087994,40.04598617553711,40.03799271087994,40.04598617553711,3600,0.0,0.0,0.0
2015-10-06 00:00:00-04:00,40.03799315309574,40.03799315309574,40.022003173828125,40.022003173828125,1000,0.0,0.0,0.0
2015-10-07 00:00:00-04:00,40.022003173828125,40.022003173828125,40.022003173828125,40.022003173828125,0,0.0,0.0,0.0
2015-10-08 00:00:00-04:00,40.04599929613355,40.04599929613355,40.02201584452749,40.03800582885742,9400,0.0,0.0,0.0
2015-10-09 00:00:00-04:00,40.03800582885742,40.03800582885742,40.03800582885742,40.03800582885742,400,0.0,0.0,0.0
2015-10-12 00:00:00-04:00,40.04599929613355,40.04599929613355,40.03800582885742,40.03800582885742,1000,0.0,0.0,0.0
2015-10-13 00:00:00-04:00,40.04598617553711,40.04598617553711,40.04598617553711,40.04598617553711,1800,0.0,0.0,0.0
2015-10-14 00:00:00-04:00,40.04598617553711,40.04598617553711,40.04598617553711,40.04598617553711,500,0.0,0.0,0.0
2015-10-15 00:00:00-04:00,40.04598617553711,40.04598617553711,40.04598617553711,40.04598617553711,600,0.0,0.0,0.0
2015-10-16 00:00:00-04:00,40.04598617553711,40.04598617553711,40.04598617553711,40.04598617553711,0,0.0,0.0,0.0
2015-10-19 00:00:00-04:00,40.02200273178893,40.04598617553711,40.02200273178893,40.04598617553711,900,0.0,0.0,0.0
2015-10-20 00:00:00-04:00,40.03001403808594,40.046004024303784,40.02202056986603,40.03001403808594,800,0.0,0.0,0.0
2015-10-21 00:00:00-04:00,40.04598617553711,40.04598617553711,40.04598617553711,40.04598617553711,400,0.0,0.0,0.0
2015-10-22 00:00:00-04:00,40.04598617553711,40.04598617553711,40.04598617553711,40.04598617553711,200,0.0,0.0,0.0
2015-10-23 00:00:00-04:00,40.045986617841194,40.045986617841194,40.022003173828125,40.022003173828125,2100,0.0,0.0,0.0
2015-10-26 00:00:00-04:00,40.04598617553711,40.04598617553711,40.04598617553711,40.04598617553711,2400,0.0,0.0,0.0
2015-10-27 00:00:00-04:00,40.04598617553711,40.04598617553711,40.04598617553711,40.04598617553711,100,0.0,0.0,0.0
2015-10-28 00:00:00-04:00,40.03799315309574,40.03799315309574,40.022003173828125,40.022003173828125,400,0.0,0.0,0.0
2015-10-29 00:00:00-04:00,40.04598617553711,40.05397964019428,40.04598617553711,40.04598617553711,6200,0.0,0.0,0.0
2015-10-30 00:00:00-04:00,40.04598617553711,40.04598617553711,40.04598617553711,40.04598617553711,0,0.0,0.0,0.0
2015-11-02 00:00:00-05:00,40.03242492675781,40.03242492675781,40.03242492675781,40.03242492675781,800,0.003,0.0,0.0
2015-11-03 00:00:00-05:00,40.04039764404297,40.0483915888378,40.03240064928828,40.04039764404297,8500,0.0,0.0,0.0
2015-11-04 00:00:00-05:00,40.04039764404297,40.0483915888378,40.04039764404297,40.04039764404297,700,0.0,0.0,0.0
2015-11-05 00:00:00-05:00,40.04039764404297,40.04039764404297,40.04039764404297,40.04039764404297,0,0.0,0.0,0.0
2015-11-06 00:00:00-05:00,40.04039764404297,40.04039764404297,40.04039764404297,40.04039764404297,0,0.0,0.0,0.0
2015-11-09 00:00:00-05:00,40.024383544921875,40.04037447521846,40.024383544921875,40.024383544921875,1400,0.0,0.0,0.0
2015-11-10 00:00:00-05:00,40.02443097711509,40.03242492675781,40.02443097711509,40.03242492675781,700,0.0,0.0,0.0
2015-11-11 00:00:00-05:00,40.03242492675781,40.03242492675781,40.03242492675781,40.03242492675781,500,0.0,0.0,0.0
2015-11-12 00:00:00-05:00,40.024383544921875,40.024383544921875,40.024383544921875,40.024383544921875,400,0.0,0.0,0.0
2015-11-13 00:00:00-05:00,40.024383544921875,40.024383544921875,40.024383544921875,40.024383544921875,0,0.0,0.0,0.0
2015-11-16 00:00:00-05:00,40.03242492675781,40.04841587600497,40.02443097711509,40.03242492675781,1300,0.0,0.0,0.0
2015-11-17 00:00:00-05:00,40.0483915888378,40.0483915888378,40.02440670449345,40.04039764404297,1800,0.0,0.0,0.0
2015-11-18 00:00:00-05:00,40.03242492675781,40.03242492675781,40.03242492675781,40.03242492675781,200,0.0,0.0,0.0
2015-11-19 00:00:00-05:00,40.03242492675781,40.03242492675781,40.03242492675781,40.03242492675781,0,0.0,0.0,0.0
2015-11-20 00:00:00-05:00,40.04039764404297,40.0483915888378,40.04039764404297,40.04039764404297,900,0.0,0.0,0.0
2015-11-23 00:00:00-05:00,40.02440836417279,40.04839324951172,40.02440836417279,40.04839324951172,400,0.0,0.0,0.0
2015-11-24 00:00:00-05:00,40.04042192636224,40.04042192636224,40.03242492675781,40.03242492675781,1400,0.0,0.0,0.0
2015-11-25 00:00:00-05:00,40.04039764404297,40.04039764404297,40.03240064928828,40.04039764404297,2300,0.0,0.0,0.0
2015-11-27 00:00:00-05:00,40.04039764404297,40.04039764404297,40.04039764404297,40.04039764404297,0,0.0,0.0,0.0
2015-11-30 00:00:00-05:00,40.04039764404297,40.04039764404297,40.04039764404297,40.04039764404297,0,0.0,0.0,0.0
2015-12-01 00:00:00-05:00,40.04360580444336,40.04360580444336,40.04360580444336,40.04360580444336,0,0.004,0.0,0.0
2015-12-02 00:00:00-05:00,40.04358394079914,40.051578521728516,40.04358394079914,40.051578521728516,1000,0.0,0.0,0.0
2015-12-03 00:00:00-05:00,40.04360580444336,40.04360580444336,40.04360580444336,40.04360580444336,3100,0.0,0.0,0.0
2015-12-04 00:00:00-05:00,40.00362114466064,40.00362114466064,39.96364212036133,39.96364212036133,3100,0.0,0.0,0.0
2015-12-07 00:00:00-05:00,40.05160038973775,40.05160038973775,40.035608168944734,40.04360580444336,5000,0.0,0.0,0.0
2015-12-08 00:00:00-05:00,40.04360580444336,40.04360580444336,40.04360580444336,40.04360580444336,600,0.0,0.0,0.0
2015-12-09 00:00:00-05:00,40.04360580444336,40.04360580444336,40.04360580444336,40.04360580444336,0,0.0,0.0,0.0
2015-12-10 00:00:00-05:00,40.04360580444336,40.04360580444336,40.04360580444336,40.04360580444336,0,0.0,0.0,0.0
2015-12-11 00:00:00-05:00,40.03559494018555,40.03559494018555,40.03559494018555,40.03559494018555,1400,0.0,0.0,0.0
2015-12-14 00:00:00-05:00,40.03559494018555,40.03559494018555,40.03559494018555,40.03559494018555,0,0.0,0.0,0.0
2015-12-15 00:00:00-05:00,40.01960754394531,40.01960754394531,40.01960754394531,40.01960754394531,400,0.0,0.0,0.0
2015-12-16 00:00:00-05:00,39.93967056274414,39.93967056274414,39.93967056274414,39.93967056274414,600,0.0,0.0,0.0
2015-12-17 00:00:00-05:00,39.971643580378284,39.987632751464844,39.971643580378284,39.987632751464844,700,0.0,0.0,0.0
2015-12-18 00:00:00-05:00,39.995606493451504,40.02759091692548,39.93963527747331,40.00360107421875,63800,0.0,0.0,0.0
2015-12-21 00:00:00-05:00,40.09157943725586,40.115566243355616,40.09157943725586,40.09157943725586,13600,0.0,0.0,0.0
2015-12-22 00:00:00-05:00,40.147529411189495,40.21149826049805,40.147529411189495,40.21149826049805,400,0.0,0.0,0.0
2015-12-23 00:00:00-05:00,40.21149826049805,40.21149826049805,40.21149826049805,40.21149826049805,300,0.0,0.0,0.0
2015-12-24 00:00:00-05:00,40.97875074875727,40.97875074875727,40.14669418334961,40.14669418334961,700,0.029,0.0,0.0
2015-12-28 00:00:00-05:00,40.226712556464314,40.35472106933594,40.226712556464314,40.35472106933594,3300,0.0,0.0,0.0
2015-12-29 00:00:00-05:00,40.23471714792293,40.27471923828125,40.23471714792293,40.27471923828125,12900,0.0,0.0,0.0
2015-12-30 00:00:00-05:00,40.27471923828125,40.27471923828125,40.27471923828125,40.27471923828125,0,0.0,0.0,0.0
2015-12-31 00:00:00-05:00,40.27471923828125,40.27471923828125,40.27471923828125,40.27471923828125,0,0.0,0.0,0.0
2016-01-04 00:00:00-05:00,40.01869072749118,40.17069984806957,40.01869072749118,40.16270065307617,5700,0.0,0.0,0.0
2016-01-05 00:00:00-05:00,40.16270065307617,40.16270065307617,40.16270065307617,40.16270065307617,0,0.0,0.0,0.0
2016-01-06 00:00:00-05:00,40.170699974165935,40.170699974165935,40.05069373711041,40.058692932128906,2000,0.0,0.0,0.0
2016-01-07 00:00:00-05:00,40.002699444489956,40.09070587158203,40.002699444489956,40.09070587158203,2000,0.0,0.0,0.0
2016-01-08 00:00:00-05:00,40.090706094678694,40.09870529174805,40.090706094678694,40.09870529174805,2100,0.0,0.0,0.0
2016-01-11 00:00:00-05:00,40.090706094678694,40.09870529174805,40.090706094678694,40.09870529174805,2100,0.0,0.0,0.0
2016-01-12 00:00:00-05:00,40.09870529174805,40.09870529174805,40.09870529174805,40.09870529174805,500,0.0,0.0,0.0
2016-01-13 00:00:00-05:00,40.09070587158203,40.09070587158203,40.09070587158203,40.09070587158203,1500,0.0,0.0,0.0
2016-01-14 00:00:00-05:00,40.09070587158203,40.09070587158203,40.09070587158203,40.09070587158203,0,0.0,0.0,0.0
2016-01-15 00:00:00-05:00,40.06670258631564,40.06670258631564,40.04269889289653,40.05070114135742,7700,0.0,0.0,0.0
2016-01-19 00:00:00-05:00,40.058692932128906,40.058692932128906,40.002689411110396,40.058692932128906,3100,0.0,0.0,0.0
2016-01-20 00:00:00-05:00,40.058692932128906,40.058692932128906,40.010688606128895,40.058692932128906,12100,0.0,0.0,0.0
2016-01-21 00:00:00-05:00,40.05069373711041,40.058692932128906,40.05069373711041,40.058692932128906,400,0.0,0.0,0.0
2016-01-22 00:00:00-05:00,40.05070114135742,40.05070114135742,40.05070114135742,40.05070114135742,200,0.0,0.0,0.0
2016-01-25 00:00:00-05:00,40.05070114135742,40.05070114135742,40.05070114135742,40.05070114135742,0,0.0,0.0,0.0
2016-01-26 00:00:00-05:00,40.058692932128906,40.058692932128906,40.05069373711041,40.058692932128906,2400,0.0,0.0,0.0
2016-01-27 00:00:00-05:00,40.058692932128906,40.058692932128906,40.058692932128906,40.058692932128906,0,0.0,0.0,0.0
2016-01-28 00:00:00-05:00,40.06671142578125,40.06671142578125,40.05070997729281,40.06671142578125,1100,0.0,0.0,0.0
2016-01-29 00:00:00-05:00,40.06668876402592,40.07468795776367,40.06668876402592,40.07468795776367,200,0.0,0.0,0.0
2016-02-01 00:00:00-05:00,40.0843103185312,40.0843103185312,40.07630920410156,40.07630920410156,800,0.012,0.0,0.0
2016-02-02 00:00:00-05:00,40.07630920410156,40.07630920410156,40.07630920410156,40.07630920410156,0,0.0,0.0,0.0
2016-02-03 00:00:00-05:00,40.09230210744162,40.09230210744162,40.08430099487305,40.08430099487305,1100,0.0,0.0,0.0
2016-02-04 00:00:00-05:00,40.08430099487305,40.08430099487305,40.08430099487305,40.08430099487305,0,0.0,0.0,0.0
2016-02-05 00:00:00-05:00,40.08430099487305,40.08430099487305,40.08430099487305,40.08430099487305,0,0.0,0.0,0.0
2016-02-08 00:00:00-05:00,40.08430099487305,40.08430099487305,40.04428932664099,40.08430099487305,1200,0.0,0.0,0.0
2016-02-09 00:00:00-05:00,40.08430099487305,40.08430099487305,40.08430099487305,40.08430099487305,1500,0.0,0.0,0.0
2016-02-10 00:00:00-05:00,40.07629988230448,40.08430099487305,40.03628516137782,40.08430099487305,1100,0.0,0.0,0.0
2016-02-11 00:00:00-05:00,40.08430099487305,40.08430099487305,40.08430099487305,40.08430099487305,0,0.0,0.0,0.0
2016-02-12 00:00:00-05:00,40.08430099487305,40.08430099487305,40.08430099487305,40.08430099487305,900,0.0,0.0,0.0
2016-02-16 00:00:00-05:00,40.04429626464844,40.04429626464844,40.04429626464844,40.04429626464844,200,0.0,0.0,0.0
2016-02-17 00:00:00-05:00,40.06029460447274,40.08430099487305,40.06029460447274,40.08430099487305,2300,0.0,0.0,0.0
2016-02-18 00:00:00-05:00,40.076310136549466,40.076310136549466,40.06830596923828,40.06830596923828,1500,0.0,0.0,0.0
2016-02-19 00:00:00-05:00,40.09230422973633,40.09230422973633,40.084303116744216,40.09230422973633,6000,0.0,0.0,0.0
2016-02-22 00:00:00-05:00,40.100318908691406,40.340392046427645,40.100318908691406,40.100318908691406,5900,0.0,0.0,0.0
2016-02-23 00:00:00-05:00,40.084303116744216,40.09230422973633,40.084303116744216,40.09230422973633,3000,0.0,0.0,0.0
2016-02-24 00:00:00-05:00,40.100308395423205,40.132318952781176,40.04429144639413,40.09230422973633,20500,0.0,0.0,0.0
2016-02-25 00:00:00-05:00,40.100318908691406,40.212352836121944,40.08431362581624,40.100318908691406,40100,0.0,0.0,0.0
2016-02-26 00:00:00-05:00,40.10030627270479,40.10030627270479,40.08430099487305,40.08430099487305,3500,0.0,0.0,0.0
2016-02-29 00:00:00-05:00,40.100318908691406,40.11632419156656,40.08431362581624,40.100318908691406,5900,0.0,0.0,0.0
2016-03-01 00:00:00-05:00,40.100318908691406,40.100318908691406,40.100318908691406,40.100318908691406,0,0.0,0.0,0.0
2016-03-02 00:00:00-05:00,40.08430099487305,40.09230210744162,40.07629988230448,40.08430099487305,7900,0.0,0.0,0.0
2016-03-03 00:00:00-05:00,40.084303116744216,40.09230422973633,40.036287280707256,40.09230422973633,5400,0.0,0.0,0.0
2016-03-04 00:00:00-05:00,40.09230210744162,40.09230210744162,40.052290439209564,40.08430099487305,1200,0.0,0.0,0.0
2016-03-07 00:00:00-05:00,40.09230422973633,40.09230422973633,40.084303116744216,40.09230422973633,3400,0.0,0.0,0.0
2016-03-08 00:00:00-05:00,40.13230776445132,40.13230776445132,40.044280282605115,40.116302490234375,1400,0.0,0.0,0.0
2016-03-09 00:00:00-05:00,40.124332427978516,40.124332427978516,40.124332427978516,40.124332427978516,1200,0.0,0.0,0.0
2016-03-10 00:00:00-05:00,40.132328033447266,40.132328033447266,40.1243238659493,40.132328033447266,1100,0.0,0.0,0.0
2016-03-11 00:00:00-05:00,40.09230422973633,40.132318952781176,40.09230422973633,40.09230422973633,1800,0.0,0.0,0.0
2016-03-14 00:00:00-04:00,40.09229305256201,40.148309985974336,40.044280282605115,40.116302490234375,4600,0.0,0.0,0.0
2016-03-15 00:00:00-04:00,40.1323017664643,40.1483039855957,40.12429760420514,40.1483039855957,2700,0.0,0.0,0.0
2016-03-16 00:00:00-04:00,40.14833026305228,40.14833026305228,40.132328033447266,40.132328033447266,500,0.0,0.0,0.0
2016-03-17 00:00:00-04:00,40.14833238353564,40.21235351611888,40.14033126831055,40.14033126831055,3300,0.0,0.0,0.0
2016-03-18 00:00:00-04:00,40.1483039855957,40.1483039855957,40.1483039855957,40.1483039855957,200,0.0,0.0,0.0
2016-03-21 00:00:00-04:00,40.14832019544582,40.21234130859375,40.14832019544582,40.21234130859375,900,0.0,0.0,0.0
2016-03-22 00:00:00-04:00,40.180330752019785,40.220342421389894,40.180330752019785,40.21234130859375,1800,0.0,0.0,0.0
2016-03-23 00:00:00-04:00,40.10829542594617,40.22032928466797,40.10829542594617,40.22032928466797,1100,0.0,0.0,0.0
2016-03-24 00:00:00-04:00,40.10830852607571,40.21234130859375,40.100307413279566,40.21234130859375,3200,0.0,0.0,0.0
2016-03-28 00:00:00-04:00,40.22032928466797,40.22032928466797,40.22032928466797,40.22032928466797,100,0.0,0.0,0.0
2016-03-29 00:00:00-04:00,40.22032928466797,40.22032928466797,40.22032928466797,40.22032928466797,0,0.0,0.0,0.0
2016-03-30 00:00:00-04:00,40.10832214355469,40.220356076906356,40.10832214355469,40.10832214355469,2800,0.0,0.0,0.0
2016-03-31 00:00:00-04:00,40.10832214355469,40.10832214355469,40.10832214355469,40.10832214355469,0,0.0,0.0,0.0
2016-04-01 00:00:00-04:00,40.14832662571042,40.19634246826172,40.14832662571042,40.19634246826172,600,0.0,0.0,0.0
2016-04-04 00:00:00-04:00,40.2043547759463,40.2043547759463,40.17234420776367,40.17234420776367,2900,0.0,0.0,0.0
2016-04-05 00:00:00-04:00,39.18802908041296,40.22834777832031,39.18802908041296,40.22834777832031,2700,0.0,0.0,0.0
2016-04-06 00:00:00-04:00,40.22834777832031,40.22834777832031,40.22834777832031,40.22834777832031,0,0.0,0.0,0.0
2016-04-07 00:00:00-04:00,40.22035454608093,40.25236511230469,40.180342864649035,40.25236511230469,45200,0.0,0.0,0.0
2016-04-08 00:00:00-04:00,40.25236511230469,40.25236511230469,40.25236511230469,40.25236511230469,0,0.0,0.0,0.0
2016-04-11 00:00:00-04:00,40.1563323026042,40.1563323026042,40.05229949951172,40.05229949951172,1400,0.0,0.0,0.0
2016-04-12 00:00:00-04:00,40.22835667455464,40.22835667455464,40.132328033447266,40.132328033447266,700,0.0,0.0,0.0
2016-04-13 00:00:00-04:00,40.14033126831055,40.14033126831055,40.13233015308545,40.14033126831055,8300,0.0,0.0,0.0
2016-04-14 00:00:00-04:00,40.10829832677895,40.116302490234375,40.09229305256201,40.116302490234375,1700,0.0,0.0,0.0
2016-04-15 00:00:00-04:00,40.09229305256201,40.116302490234375,40.09229305256201,40.116302490234375,1000,0.0,0.0,0.0
2016-04-18 00:00:00-04:00,40.116302490234375,40.116302490234375,40.116302490234375,40.116302490234375,0,0.0,0.0,0.0
2016-04-19 00:00:00-04:00,40.124332427978516,40.124332427978516,40.124332427978516,40.124332427978516,500,0.0,0.0,0.0
2016-04-20 00:00:00-04:00,40.100318908691406,40.12432530665636,40.100318908691406,40.100318908691406,1500,0.0,0.0,0.0
2016-04-21 00:00:00-04:00,40.100318908691406,40.100318908691406,40.100318908691406,40.100318908691406,0,0.0,0.0,0.0
2016-04-22 00:00:00-04:00,40.100318908691406,40.100318908691406,40.100318908691406,40.100318908691406,0,0.0,0.0,0.0
2016-04-25 00:00:00-04:00,40.100318908691406,40.100318908691406,40.100318908691406,40.100318908691406,0,0.0,0.0,0.0
2016-04-26 00:00:00-04:00,40.100318908691406,40.100318908691406,40.100318908691406,40.100318908691406,400,0.0,0.0,0.0
2016-04-27 00:00:00-04:00,40.10832214355469,40.13233159548414,40.10832214355469,40.10832214355469,300,0.0,0.0,0.0
2016-04-28 00:00:00-04:00,40.116302490234375,40.116302490234375,40.116302490234375,40.116302490234375,200,0.0,0.0,0.0
2016-04-29 00:00:00-04:00,40.116302490234375,40.116302490234375,40.116302490234375,40.116302490234375,0,0.0,0.0,0.0
2016-05-02 00:00:00-04:00,40.12590408325195,40.12590408325195,40.12590408325195,40.12590408325195,0,0.012,0.0,0.0
2016-05-03 00:00:00-04:00,40.06988684105174,40.11791111827187,40.06988684105174,40.10190200805664,900,0.0,0.0,0.0
2016-05-04 00:00:00-04:00,40.06989288330078,40.07789591290241,40.06989288330078,40.06989288330078,400,0.0,0.0,0.0
2016-05-05 00:00:00-04:00,40.06989288330078,40.06989288330078,40.06989288330078,40.06989288330078,0,0.0,0.0,0.0
2016-05-06 00:00:00-04:00,40.07788203671239,40.12590935797172,40.069879009881646,40.09389114379883,2500,0.0,0.0,0.0
2016-05-09 00:00:00-04:00,40.12590408325195,40.12590408325195,40.11789800404868,40.12590408325195,700,0.0,0.0,0.0
2016-05-10 00:00:00-04:00,40.08589553833008,40.08589553833008,40.08589553833008,40.08589553833008,200,0.0,0.0,0.0
2016-05-11 00:00:00-04:00,40.06987374252731,40.12590408325195,40.06987374252731,40.12590408325195,1000,0.0,0.0,0.0
2016-05-12 00:00:00-04:00,40.12590408325195,40.12590408325195,40.06987374252731,40.12590408325195,6500,0.0,0.0,0.0
2016-05-13 00:00:00-04:00,40.11791229248047,40.125918374535196,40.06988801385472,40.11791229248047,2900,0.0,0.0,0.0
2016-05-16 00:00:00-04:00,40.07789611816406,40.07789611816406,40.07789611816406,40.07789611816406,200,0.0,0.0,0.0
2016-05-17 00:00:00-04:00,40.07787676830601,40.12590408325195,40.06987374252731,40.12590408325195,2900,0.0,0.0,0.0
2016-05-18 00:00:00-04:00,40.12590408325195,40.12590408325195,40.12590408325195,40.12590408325195,4300,0.0,0.0,0.0
2016-05-19 00:00:00-04:00,40.08589553833008,40.125916786743105,40.08589553833008,40.08589553833008,1300,0.0,0.0,0.0
2016-05-20 00:00:00-04:00,40.10190318179667,40.125918374535196,40.06988801385472,40.11791229248047,13300,0.0,0.0,0.0
2016-05-23 00:00:00-04:00,40.06989288330078,40.07789591290241,40.06989288330078,40.06989288330078,20800,0.0,0.0,0.0
2016-05-24 00:00:00-04:00,40.12590408325195,40.12590408325195,40.12590408325195,40.12590408325195,200,0.0,0.0,0.0
2016-05-25 00:00:00-04:00,40.12590408325195,40.12590408325195,40.12590408325195,40.12590408325195,200,0.0,0.0,0.0
2016-05-26 00:00:00-04:00,40.12590408325195,40.12590408325195,40.12590408325195,40.12590408325195,0,0.0,0.0,0.0
2016-05-27 00:00:00-04:00,40.133921403164265,40.133921403164265,40.11791229248047,40.11791229248047,400,0.0,0.0,0.0
2016-05-31 00:00:00-04:00,40.11791229248047,40.11791229248047,40.11791229248047,40.11791229248047,0,0.0,0.0,0.0
2016-06-01 00:00:00-04:00,40.134724452847856,40.134724452847856,40.12671661376953,40.12671661376953,3500,0.011,0.0,0.0
2016-06-02 00:00:00-04:00,40.12671661376953,40.12671661376953,40.12671661376953,40.12671661376953,0,0.0,0.0,0.0
2016-06-03 00:00:00-04:00,40.078704833984375,40.078704833984375,40.078704833984375,40.078704833984375,100,0.0,0.0,0.0
2016-06-06 00:00:00-04:00,40.11070251464844,40.11070251464844,40.11070251464844,40.11070251464844,500,0.0,0.0,0.0
2016-06-07 00:00:00-04:00,40.13471984863281,40.13471984863281,40.13471984863281,40.13471984863281,1600,0.0,0.0,0.0
2016-06-08 00:00:00-04:00,40.13471984863281,40.13471984863281,40.13471984863281,40.13471984863281,2000,0.0,0.0,0.0
2016-06-09 00:00:00-04:00,40.10269460418494,40.13471984863281,40.10269460418494,40.13471984863281,18200,0.0,0.0,0.0
2016-06-10 00:00:00-04:00,40.110707880241414,40.13472834571049,40.10270309448242,40.10270309448242,2400,0.0,0.0,0.0
2016-06-13 00:00:00-04:00,40.10270309448242,40.10270309448242,40.10270309448242,40.10270309448242,0,0.0,0.0,0.0
2016-06-14 00:00:00-04:00,40.13472218736601,40.13472218736601,40.118709564208984,40.118709564208984,1200,0.0,0.0,0.0
2016-06-15 00:00:00-04:00,40.118711828786964,40.12671661376953,40.118711828786964,40.12671661376953,600,0.0,0.0,0.0
2016-06-16 00:00:00-04:00,40.13471984863281,40.13471984863281,40.11870722640887,40.13471984863281,4000,0.0,0.0,0.0
2016-06-17 00:00:00-04:00,40.13471984863281,40.13471984863281,40.13471984863281,40.13471984863281,200,0.0,0.0,0.0
2016-06-20 00:00:00-04:00,40.118711828786964,40.134724452847856,40.118711828786964,40.12671661376953,5700,0.0,0.0,0.0
2016-06-21 00:00:00-04:00,40.134724452847856,40.134724452847856,40.12671661376953,40.12671661376953,600,0.0,0.0,0.0
2016-06-22 00:00:00-04:00,40.118709564208984,40.118709564208984,40.118709564208984,40.118709564208984,300,0.0,0.0,0.0
2016-06-23 00:00:00-04:00,40.118711828786964,40.12671661376953,40.118711828786964,40.12671661376953,1600,0.0,0.0,0.0
2016-06-24 00:00:00-04:00,40.118709564208984,40.118709564208984,40.118709564208984,40.118709564208984,2100,0.0,0.0,0.0
2016-06-27 00:00:00-04:00,40.118709564208984,40.118709564208984,40.118709564208984,40.118709564208984,700,0.0,0.0,0.0
2016-06-28 00:00:00-04:00,40.11870722640887,40.13471984863281,40.11870722640887,40.13471984863281,1300,0.0,0.0,0.0
2016-06-29 00:00:00-04:00,40.13471984863281,40.13471984863281,40.13471984863281,40.13471984863281,800,0.0,0.0,0.0
2016-06-30 00:00:00-04:00,40.13471984863281,40.13471984863281,40.13471984863281,40.13471984863281,0,0.0,0.0,0.0
2016-07-01 00:00:00-04:00,40.135520935058594,40.135520935058594,40.135520935058594,40.135520935058594,300,0.011,0.0,0.0
2016-07-05 00:00:00-04:00,40.11951446533203,40.11951446533203,40.11951446533203,40.11951446533203,2200,0.0,0.0,0.0
2016-07-06 00:00:00-04:00,40.135520935058594,40.135520935058594,40.135520935058594,40.135520935058594,700,0.0,0.0,0.0
2016-07-07 00:00:00-04:00,40.135520935058594,40.135520935058594,40.135520935058594,40.135520935058594,0,0.0,0.0,0.0
2016-07-08 00:00:00-04:00,40.135520935058594,40.135520935058594,40.135520935058594,40.135520935058594,300,0.0,0.0,0.0
2016-07-11 00:00:00-04:00,40.11951446533203,40.11951446533203,40.11951446533203,40.11951446533203,100,0.0,0.0,0.0
2016-07-12 00:00:00-04:00,40.119504797620614,40.135520935058594,40.119504797620614,40.135520935058594,2700,0.0,0.0,0.0
2016-07-13 00:00:00-04:00,40.127514393722535,40.135520935058594,40.127514393722535,40.135520935058594,700,0.0,0.0,0.0
2016-07-14 00:00:00-04:00,40.127514393722535,40.135520935058594,40.127514393722535,40.135520935058594,3200,0.0,0.0,0.0
2016-07-15 00:00:00-04:00,40.135520935058594,40.135520935058594,40.135520935058594,40.135520935058594,1200,0.0,0.0,0.0
2016-07-18 00:00:00-04:00,40.12752151489258,40.12752151489258,40.12752151489258,40.12752151489258,200,0.0,0.0,0.0
2016-07-19 00:00:00-04:00,40.12752151489258,40.12752151489258,40.12752151489258,40.12752151489258,0,0.0,0.0,0.0
2016-07-20 00:00:00-04:00,40.12752151489258,40.12752151489258,40.12752151489258,40.12752151489258,200,0.0,0.0,0.0
2016-07-21 00:00:00-04:00,40.12751184819716,40.14352798461914,40.12751184819716,40.14352798461914,8200,0.0,0.0,0.0
2016-07-22 00:00:00-04:00,40.135520935058594,40.135520935058594,40.135520935058594,40.135520935058594,500,0.0,0.0,0.0
2016-07-25 00:00:00-04:00,40.135520935058594,40.135520935058594,40.135520935058594,40.135520935058594,0,0.0,0.0,0.0
2016-07-26 00:00:00-04:00,40.135512540528154,40.15953826904297,40.135512540528154,40.15953826904297,15700,0.0,0.0,0.0
2016-07-27 00:00:00-04:00,40.15953826904297,40.15953826904297,40.15152867461629,40.15953826904297,1400,0.0,0.0,0.0
2016-07-28 00:00:00-04:00,40.167554987023514,40.1755615287138,40.15153884887695,40.15153884887695,16000,0.0,0.0,0.0
2016-07-29 00:00:00-04:00,40.167572021484375,40.167572021484375,40.15956547639864,40.167572021484375,2700,0.0,0.0,0.0
2016-08-01 00:00:00-04:00,40.16836929321289,40.16836929321289,40.16836929321289,40.16836929321289,200,0.011,0.0,0.0
2016-08-02 00:00:00-04:00,40.16035793748802,40.16836929321289,40.16035793748802,40.16836929321289,1700,0.0,0.0,0.0
2016-08-03 00:00:00-04:00,40.16836929321289,40.16836929321289,40.16035793748802,40.16836929321289,7500,0.0,0.0,0.0
2016-08-04 00:00:00-04:00,40.136314392089844,40.136314392089844,40.136314392089844,40.136314392089844,100,0.0,0.0,0.0
2016-08-05 00:00:00-04:00,40.136314392089844,40.136314392089844,40.136314392089844,40.136314392089844,0,0.0,0.0,0.0
2016-08-08 00:00:00-04:00,40.16836929321289,40.16836929321289,40.16836929321289,40.16836929321289,200,0.0,0.0,0.0
2016-08-09 00:00:00-04:00,40.16836929321289,40.16836929321289,40.16836929321289,40.16836929321289,600,0.0,0.0,0.0
2016-08-10 00:00:00-04:00,40.14433828147525,40.16836929321289,40.14433828147525,40.16836929321289,24800,0.0,0.0,0.0
2016-08-11 00:00:00-04:00,40.14434051513672,40.16036017204083,40.14434051513672,40.14434051513672,1700,0.0,0.0,0.0
2016-08-12 00:00:00-04:00,40.14433828147525,40.16836929321289,40.14433828147525,40.16836929321289,7500,0.0,0.0,0.0
2016-08-15 00:00:00-04:00,40.16837152821146,40.16837152821146,40.14434051513672,40.14434051513672,400,0.0,0.0,0.0
2016-08-16 00:00:00-04:00,40.16836929321289,40.16836929321289,40.16035793748802,40.16836929321289,500,0.0,0.0,0.0
2016-08-17 00:00:00-04:00,40.17637634277344,40.17637634277344,40.17637634277344,40.17637634277344,300,0.0,0.0,0.0
2016-08-18 00:00:00-04:00,40.17637634277344,40.17637634277344,40.17637634277344,40.17637634277344,300,0.0,0.0,0.0
2016-08-19 00:00:00-04:00,40.152348387220776,40.17637634277344,40.152348387220776,40.17637634277344,1900,0.0,0.0,0.0
2016-08-22 00:00:00-04:00,40.17637634277344,40.17637634277344,40.17637634277344,40.17637634277344,300,0.0,0.0,0.0
2016-08-23 00:00:00-04:00,40.17637634277344,40.17637634277344,40.17637634277344,40.17637634277344,700,0.0,0.0,0.0
2016-08-24 00:00:00-04:00,40.17637634277344,40.17637634277344,40.17637634277344,40.17637634277344,300,0.0,0.0,0.0
2016-08-25 00:00:00-04:00,40.14432268926729,40.1683536916712,40.136314392089844,40.136314392089844,12000,0.0,0.0,0.0
2016-08-26 00:00:00-04:00,40.16836929321289,40.16836929321289,40.16836929321289,40.16836929321289,31200,0.0,0.0,0.0
2016-08-29 00:00:00-04:00,40.16836929321289,40.16836929321289,40.16836929321289,40.16836929321289,0,0.0,0.0,0.0
2016-08-30 00:00:00-04:00,40.16836929321289,40.16836929321289,40.16836929321289,40.16836929321289,0,0.0,0.0,0.0
2016-08-31 00:00:00-04:00,40.16838886206917,40.16838886206917,40.14435783862432,40.160377502441406,6500,0.0,0.0,0.0
2016-09-01 00:00:00-04:00,40.13791415778923,40.14592742919922,40.13791415778923,40.14592742919922,300,0.012,0.0,0.0
2016-09-02 00:00:00-04:00,40.169986724853516,40.169986724853516,40.169986724853516,40.169986724853516,400,0.0,0.0,0.0
2016-09-06 00:00:00-04:00,40.13791275024414,40.169959722425105,40.13791275024414,40.13791275024414,17000,0.0,0.0,0.0
2016-09-07 00:00:00-04:00,40.169986724853516,40.169986724853516,40.169986724853516,40.169986724853516,300,0.0,0.0,0.0
2016-09-08 00:00:00-04:00,40.169986724853516,40.169986724853516,40.169986724853516,40.169986724853516,100,0.0,0.0,0.0
2016-09-09 00:00:00-04:00,40.16196060180664,40.16196060180664,40.16196060180664,40.16196060180664,200,0.0,0.0,0.0
2016-09-12 00:00:00-04:00,40.169965596587936,40.169965596587936,40.14593189202144,40.1539421081543,1700,0.0,0.0,0.0
2016-09-13 00:00:00-04:00,40.13792383794726,40.169970818980886,40.13792383794726,40.16196060180664,9400,0.0,0.0,0.0
2016-09-14 00:00:00-04:00,40.14593189202144,40.169965596587936,40.14593189202144,40.1539421081543,3000,0.0,0.0,0.0
2016-09-15 00:00:00-04:00,40.145937111289825,40.16196060180664,40.145937111289825,40.16196060180664,1100,0.0,0.0,0.0
2016-09-16 00:00:00-04:00,40.16196060180664,40.16196060180664,40.16196060180664,40.16196060180664,600,0.0,0.0,0.0
2016-09-19 00:00:00-04:00,40.16196060180664,40.16196060180664,40.16196060180664,40.16196060180664,0,0.0,0.0,0.0
2016-09-20 00:00:00-04:00,40.16196060180664,40.16196060180664,40.16196060180664,40.16196060180664,0,0.0,0.0,0.0
2016-09-21 00:00:00-04:00,40.169986724853516,40.169986724853516,40.169986724853516,40.169986724853516,400,0.0,0.0,0.0
2016-09-22 00:00:00-04:00,40.169986724853516,40.169986724853516,40.169986724853516,40.169986724853516,0,0.0,0.0,0.0
2016-09-23 00:00:00-04:00,40.14593189202144,40.169965596587936,40.14593189202144,40.1539421081543,1500,0.0,0.0,0.0
2016-09-26 00:00:00-04:00,40.1539421081543,40.1539421081543,40.1539421081543,40.1539421081543,0,0.0,0.0,0.0
2016-09-27 00:00:00-04:00,40.1539421081543,40.1539421081543,40.1539421081543,40.1539421081543,0,0.0,0.0,0.0
2016-09-28 00:00:00-04:00,40.14592742919922,40.14592742919922,40.14592742919922,40.14592742919922,100,0.0,0.0,0.0
2016-09-29 00:00:00-04:00,40.169986724853516,40.169986724853516,40.169986724853516,40.169986724853516,700,0.0,0.0,0.0
2016-09-30 00:00:00-04:00,40.169986724853516,40.169986724853516,40.169986724853516,40.169986724853516,1900,0.0,0.0,0.0
2016-10-03 00:00:00-04:00,40.17155685043539,40.17155685043539,40.14751434326172,40.14751434326172,3900,0.012,0.0,0.0
2016-10-04 00:00:00-04:00,40.14752730928033,40.17156982421875,40.14752730928033,40.17156982421875,700,0.0,0.0,0.0
2016-10-05 00:00:00-04:00,40.1635546336061,40.17156982421875,40.1635546336061,40.17156982421875,700,0.0,0.0,0.0
2016-10-06 00:00:00-04:00,40.17958450317383,40.17958450317383,40.163557177832786,40.17958450317383,4600,0.0,0.0,0.0
2016-10-07 00:00:00-04:00,40.17156982421875,40.17156982421875,40.17156982421875,40.17156982421875,200,0.0,0.0,0.0
2016-10-10 00:00:00-04:00,40.16355895996094,40.16355895996094,40.16355895996094,40.16355895996094,700,0.0,0.0,0.0
2016-10-11 00:00:00-04:00,40.17155252494337,40.17155252494337,40.15552520751953,40.15552520751953,10800,0.0,0.0,0.0
2016-10-12 00:00:00-04:00,40.1635546336061,40.17156982421875,40.15554249989298,40.17156982421875,31300,0.0,0.0,0.0
2016-10-13 00:00:00-04:00,40.17156982421875,40.17156982421875,40.17156982421875,40.17156982421875,300,0.0,0.0,0.0
2016-10-14 00:00:00-04:00,40.17956465520618,40.17956465520618,40.15552520751953,40.15552520751953,6000,0.0,0.0,0.0
2016-10-17 00:00:00-04:00,40.17958450317383,40.17958450317383,40.17958450317383,40.17958450317383,600,0.0,0.0,0.0
2016-10-18 00:00:00-04:00,40.17956465520618,40.17956465520618,40.15552520751953,40.15552520751953,5700,0.0,0.0,0.0
2016-10-19 00:00:00-04:00,40.15552520751953,40.15552520751953,40.15552520751953,40.15552520751953,0,0.0,0.0,0.0
2016-10-20 00:00:00-04:00,40.15554249989298,40.17156982421875,40.15554249989298,40.17156982421875,1200,0.0,0.0,0.0
2016-10-21 00:00:00-04:00,40.15554504361213,40.17958450317383,40.15554504361213,40.17958450317383,2300,0.0,0.0,0.0
2016-10-24 00:00:00-04:00,40.17958450317383,40.17958450317383,40.17157236895317,40.17958450317383,1500,0.0,0.0,0.0
2016-10-25 00:00:00-04:00,40.17958195793186,40.17958195793186,40.15554249989298,40.17156982421875,8400,0.0,0.0,0.0
2016-10-26 00:00:00-04:00,40.17956465520618,40.17956465520618,40.15552520751953,40.15552520751953,1000,0.0,0.0,0.0
2016-10-27 00:00:00-04:00,40.16355895996094,40.17958628601314,40.16355895996094,40.16355895996094,800,0.0,0.0,0.0
2016-10-28 00:00:00-04:00,40.17156982421875,40.17958195793186,40.15554249989298,40.17156982421875,2200,0.0,0.0,0.0
2016-10-31 00:00:00-04:00,40.17958628601314,40.17958628601314,40.16355895996094,40.16355895996094,300,0.0,0.0,0.0
2016-11-01 00:00:00-04:00,40.197208188684804,40.197208188684804,40.16514587402344,40.16514587402344,300,0.012,0.0,0.0
2016-11-02 00:00:00-04:00,40.165142689066705,40.18117384512617,40.165142689066705,40.17315673828125,6100,0.0,0.0,0.0
2016-11-03 00:00:00-04:00,40.165167578897744,40.189212799072266,40.165167578897744,40.189212799072266,400,0.0,0.0,0.0
2016-11-04 00:00:00-04:00,40.16515551484675,40.18920072779903,40.16515551484675,40.18118667602539,8100,0.0,0.0,0.0
2016-11-07 00:00:00-05:00,40.18118667602539,40.18118667602539,40.18118667602539,40.18118667602539,0,0.0,0.0,0.0
2016-11-08 00:00:00-05:00,40.17318163307849,40.189212799072266,40.17318163307849,40.189212799072266,1400,0.0,0.0,0.0
2016-11-09 00:00:00-05:00,40.19721221923828,40.19721221923828,40.19721221923828,40.19721221923828,500,0.0,0.0,0.0
2016-11-10 00:00:00-05:00,40.18118106030016,40.19721221923828,40.17316395201564,40.19721221923828,4600,0.0,0.0,0.0
2016-11-11 00:00:00-05:00,40.17316395201564,40.19721221923828,40.17316395201564,40.19721221923828,2000,0.0,0.0,0.0
2016-11-14 00:00:00-05:00,40.173169566620395,40.18920072779903,40.173169566620395,40.18118667602539,3600,0.0,0.0,0.0
2016-11-15 00:00:00-05:00,40.19721783720402,40.19721783720402,40.18118667602539,40.18118667602539,500,0.0,0.0,0.0
2016-11-16 00:00:00-05:00,40.18118667602539,40.18118667602539,40.18118667602539,40.18118667602539,0,0.0,0.0,0.0
2016-11-17 00:00:00-05:00,40.19721221923828,40.19721221923828,40.19721221923828,40.19721221923828,600,0.0,0.0,0.0
2016-11-18 00:00:00-05:00,40.197229910885284,40.197229910885284,40.17318163307849,40.189212799072266,5100,0.0,0.0,0.0
2016-11-21 00:00:00-05:00,40.18118667602539,40.18118667602539,40.18118667602539,40.18118667602539,800,0.0,0.0,0.0
2016-11-22 00:00:00-05:00,40.18119874489152,40.189212799072266,40.18119874489152,40.189212799072266,900,0.0,0.0,0.0
2016-11-23 00:00:00-05:00,40.18118667602539,40.18118667602539,40.18118667602539,40.18118667602539,2400,0.0,0.0,0.0
2016-11-25 00:00:00-05:00,40.205231888977664,40.205231888977664,40.18118667602539,40.18118667602539,1700,0.0,0.0,0.0
2016-11-28 00:00:00-05:00,40.189212799072266,40.189212799072266,40.189212799072266,40.189212799072266,200,0.0,0.0,0.0
2016-11-29 00:00:00-05:00,40.18118667602539,40.19721783720402,40.18118667602539,40.18118667602539,700,0.0,0.0,0.0
2016-11-30 00:00:00-05:00,40.205231888977664,40.205231888977664,40.18118667602539,40.18118667602539,7200,0.0,0.0,0.0
2016-12-01 00:00:00-05:00,40.19160079956055,40.19160079956055,40.19160079956055,40.19160079956055,100,0.013,0.0,0.0
2016-12-02 00:00:00-05:00,40.19162057061147,40.20765589462002,40.18360137939453,40.18360137939453,4400,0.0,0.0,0.0
2016-12-05 00:00:00-05:00,40.207636115681005,40.207636115681005,40.19160079956055,40.19160079956055,900,0.0,0.0,0.0
2016-12-06 00:00:00-05:00,40.18358709488793,40.2076416015625,40.18358709488793,40.2076416015625,500,0.0,0.0,0.0
2016-12-07 00:00:00-05:00,40.19962241319623,40.2076416015625,40.19962241319623,40.2076416015625,2100,0.0,0.0,0.0
2016-12-08 00:00:00-05:00,40.19962692260742,40.19962692260742,40.19962692260742,40.19962692260742,400,0.0,0.0,0.0
2016-12-09 00:00:00-05:00,40.2076416015625,40.2076416015625,40.2076416015625,40.2076416015625,300,0.0,0.0,0.0
2016-12-12 00:00:00-05:00,40.19160079956055,40.19160079956055,40.19160079956055,40.19160079956055,500,0.0,0.0,0.0
2016-12-13 00:00:00-05:00,40.19160079956055,40.207636115681005,40.19160079956055,40.19160079956055,2800,0.0,0.0,0.0
2016-12-14 00:00:00-05:00,40.19962858914028,40.21566390991211,40.19962858914028,40.21566390991211,700,0.0,0.0,0.0
2016-12-15 00:00:00-05:00,40.19160079956055,40.199616928408865,40.19160079956055,40.19160079956055,1000,0.0,0.0,0.0
2016-12-16 00:00:00-05:00,40.19160079956055,40.19160079956055,40.19160079956055,40.19160079956055,100,0.0,0.0,0.0
2016-12-19 00:00:00-05:00,40.19160079956055,40.19160079956055,40.19160079956055,40.19160079956055,0,0.0,0.0,0.0
2016-12-20 00:00:00-05:00,40.19160079956055,40.19160079956055,40.18358161228841,40.19160079956055,10900,0.0,0.0,0.0
2016-12-21 00:00:00-05:00,40.2076416015625,40.2076416015625,40.2076416015625,40.2076416015625,200,0.0,0.0,0.0
2016-12-22 00:00:00-05:00,40.201229095458984,40.201229095458984,40.19320944615547,40.201229095458984,3200,0.022,0.0,0.0
2016-12-23 00:00:00-05:00,40.21726879319506,40.21726879319506,40.193206787109375,40.193206787109375,14200,0.0,0.0,0.0
2016-12-27 00:00:00-05:00,40.2092491444221,40.2092491444221,40.193206787109375,40.193206787109375,6700,0.0,0.0,0.0
2016-12-28 00:00:00-05:00,40.225282313365085,40.225282313365085,40.2092399597168,40.2092399597168,500,0.0,0.0,0.0
2016-12-29 00:00:00-05:00,40.2092518045295,40.2092518045295,40.201229095458984,40.201229095458984,2100,0.0,0.0,0.0
2016-12-30 00:00:00-05:00,40.20122713953685,40.22529220581055,40.20122713953685,40.22529220581055,400,0.0,0.0,0.0
2017-01-03 00:00:00-05:00,40.2012199133565,40.217262268066406,40.2012199133565,40.217262268066406,1000,0.0,0.0,0.0
2017-01-04 00:00:00-05:00,40.20122713953685,40.22529220581055,40.20122713953685,40.22529220581055,2000,0.0,0.0,0.0
2017-01-05 00:00:00-05:00,40.225282313365085,40.27340631454385,40.2092399597168,40.2092399597168,30000,0.0,0.0,0.0
2017-01-06 00:00:00-05:00,40.22528497530451,40.22528497530451,40.217262268066406,40.217262268066406,500,0.0,0.0,0.0
2017-01-09 00:00:00-05:00,40.225282313365085,40.225282313365085,40.2092399597168,40.2092399597168,11000,0.0,0.0,0.0
2017-01-10 00:00:00-05:00,40.2092399597168,40.2092399597168,40.2092399597168,40.2092399597168,900,0.0,0.0,0.0
2017-01-11 00:00:00-05:00,40.21725960665789,40.21725960665789,40.2092399597168,40.2092399597168,800,0.0,0.0,0.0
2017-01-12 00:00:00-05:00,40.2092399597168,40.2092399597168,40.2092399597168,40.2092399597168,1000,0.0,0.0,0.0
2017-01-13 00:00:00-05:00,40.2092399597168,40.2092399597168,40.2092399597168,40.2092399597168,400,0.0,0.0,0.0
2017-01-17 00:00:00-05:00,40.2092399597168,40.2092399597168,40.2092399597168,40.2092399597168,200,0.0,0.0,0.0
2017-01-18 00:00:00-05:00,40.2092399597168,40.21725960665789,40.2092399597168,40.2092399597168,1600,0.0,0.0,0.0
2017-01-19 00:00:00-05:00,40.23330196030618,40.23330196030618,40.2092399597168,40.2092399597168,2100,0.0,0.0,0.0
2017-01-20 00:00:00-05:00,40.2092399597168,40.2092399597168,40.2092399597168,40.2092399597168,300,0.0,0.0,0.0
2017-01-23 00:00:00-05:00,40.23331185472388,40.23331185472388,40.21726949713037,40.22529220581055,4300,0.0,0.0,0.0
2017-01-24 00:00:00-05:00,40.23330307006836,40.23330307006836,40.23330307006836,40.23330307006836,300,0.0,0.0,0.0
2017-01-25 00:00:00-05:00,40.23330307006836,40.23330307006836,40.23330307006836,40.23330307006836,600,0.0,0.0,0.0
2017-01-26 00:00:00-05:00,40.201229095458984,40.201229095458984,40.201229095458984,40.201229095458984,1000,0.0,0.0,0.0
2017-01-27 00:00:00-05:00,40.20121725300961,40.2092399597168,40.20121725300961,40.2092399597168,900,0.0,0.0,0.0
2017-01-30 00:00:00-05:00,40.20121725300961,40.2092399597168,40.20121725300961,40.2092399597168,1000,0.0,0.0,0.0
2017-01-31 00:00:00-05:00,40.23330307006836,40.23330307006836,40.23330307006836,40.23330307006836,2700,0.0,0.0,0.0
2017-02-01 00:00:00-05:00,40.22850258789822,40.23652753740221,40.21245574951172,40.21245574951172,1200,0.014,0.0,0.0
2017-02-02 00:00:00-05:00,40.21245574951172,40.21245574951172,40.21245574951172,40.21245574951172,0,0.0,0.0,0.0
2017-02-03 00:00:00-05:00,40.22047084989828,40.228492736816406,40.22047084989828,40.228492736816406,900,0.0,0.0,0.0
2017-02-06 00:00:00-05:00,40.228492736816406,40.228492736816406,40.228492736816406,40.228492736816406,0,0.0,0.0,0.0
2017-02-07 00:00:00-05:00,40.23651344653642,40.23651344653642,40.212441667075886,40.22046661376953,10700,0.0,0.0,0.0
2017-02-08 00:00:00-05:00,40.236517684355256,40.236517684355256,40.228492736816406,40.228492736816406,600,0.0,0.0,0.0
2017-02-09 00:00:00-05:00,40.220487277641155,40.244556008846956,40.220487277641155,40.236534118652344,5800,0.0,0.0,0.0
2017-02-10 00:00:00-05:00,40.228492736816406,40.236517684355256,40.22047084989828,40.228492736816406,1200,0.0,0.0,0.0
2017-02-13 00:00:00-05:00,40.22046661376953,40.22046661376953,40.22046661376953,40.22046661376953,100,0.0,0.0,0.0
2017-02-14 00:00:00-05:00,40.24454879760742,40.24454879760742,40.220480070714395,40.24454879760742,1700,0.0,0.0,0.0
2017-02-15 00:00:00-05:00,40.22046661376953,40.228488499842776,40.22046661376953,40.22046661376953,2100,0.0,0.0,0.0
2017-02-16 00:00:00-05:00,40.22046661376953,40.22046661376953,40.22046661376953,40.22046661376953,100,0.0,0.0,0.0
2017-02-17 00:00:00-05:00,40.23651344653642,40.23651344653642,40.22046661376953,40.22046661376953,800,0.0,0.0,0.0
2017-02-21 00:00:00-05:00,40.24454879760742,40.24454879760742,40.24454879760742,40.24454879760742,2000,0.0,0.0,0.0
2017-02-22 00:00:00-05:00,40.220480070714395,40.24454879760742,40.220480070714395,40.24454879760742,400,0.0,0.0,0.0
2017-02-23 00:00:00-05:00,40.244539571273386,40.244539571273386,40.228492736816406,40.228492736816406,500,0.0,0.0,0.0
2017-02-24 00:00:00-05:00,40.22850916783577,40.236534118652344,40.22850916783577,40.236534118652344,800,0.0,0.0,0.0
2017-02-27 00:00:00-05:00,40.236534118652344,40.236534118652344,40.236534118652344,40.236534118652344,300,0.0,0.0,0.0
2017-02-28 00:00:00-05:00,40.24454879760742,40.24454879760742,40.23652690885022,40.24454879760742,2000,0.0,0.0,0.0
2017-03-01 00:00:00-05:00,40.22447204589844,40.24052367940532,40.22447204589844,40.22447204589844,900,0.015,0.0,0.0
2017-03-02 00:00:00-05:00,40.24856948852539,40.24856948852539,40.24856948852539,40.24856948852539,2600,0.0,0.0,0.0
2017-03-03 00:00:00-05:00,40.248551639635856,40.248551639635856,40.23250000588462,40.24052429199219,7700,0.0,0.0,0.0
2017-03-06 00:00:00-05:00,40.23250000588462,40.24052429199219,40.23250000588462,40.24052429199219,300,0.0,0.0,0.0
2017-03-07 00:00:00-05:00,40.23250443027675,40.2565803527832,40.23250443027675,40.2565803527832,1300,0.0,0.0,0.0
2017-03-08 00:00:00-05:00,40.248556065793196,40.2565803527832,40.248556065793196,40.2565803527832,2200,0.0,0.0,0.0
2017-03-09 00:00:00-05:00,40.2565803527832,40.2565803527832,40.248556065793196,40.2565803527832,11600,0.0,0.0,0.0
2017-03-10 00:00:00-05:00,40.24054213732186,40.256593778191466,40.24054213732186,40.24856948852539,2100,0.0,0.0,0.0
2017-03-13 00:00:00-04:00,40.2565803527832,40.2565803527832,40.2565803527832,40.2565803527832,3900,0.0,0.0,0.0
2017-03-14 00:00:00-04:00,40.240526270144606,40.240526270144606,40.23250198364258,40.23250198364258,1200,0.0,0.0,0.0
2017-03-15 00:00:00-04:00,40.23250198364258,40.23250198364258,40.23250198364258,40.23250198364258,0,0.0,0.0,0.0
2017-03-16 00:00:00-04:00,40.24052429199219,40.24052429199219,40.24052429199219,40.24052429199219,700,0.0,0.0,0.0
2017-03-17 00:00:00-04:00,40.26460463977321,40.26460463977321,40.240528717266756,40.2565803527832,2700,0.0,0.0,0.0
2017-03-20 00:00:00-04:00,40.26460266113281,40.26460266113281,40.26460266113281,40.26460266113281,1000,0.0,0.0,0.0
2017-03-21 00:00:00-04:00,40.26460266113281,40.26460266113281,40.26460266113281,40.26460266113281,200,0.0,0.0,0.0
2017-03-22 00:00:00-04:00,40.26460266113281,40.26460266113281,40.26460266113281,40.26460266113281,0,0.0,0.0,0.0
2017-03-23 00:00:00-04:00,40.27263198829965,40.27263198829965,40.2565803527832,40.2565803527832,600,0.0,0.0,0.0
2017-03-24 00:00:00-04:00,40.2565803527832,40.2565803527832,40.2565803527832,40.2565803527832,0,0.0,0.0,0.0
2017-03-27 00:00:00-04:00,40.27262878417969,40.27262878417969,40.27262878417969,40.27262878417969,1800,0.0,0.0,0.0
2017-03-28 00:00:00-04:00,40.26460266113281,40.27263000926478,40.26460266113281,40.26460266113281,41200,0.0,0.0,0.0
2017-03-29 00:00:00-04:00,40.248552863588735,40.27262878417969,40.248552863588735,40.27262878417969,600,0.0,0.0,0.0
2017-03-30 00:00:00-04:00,40.27262878417969,40.27262878417969,40.27262878417969,40.27262878417969,400,0.0,0.0,0.0
2017-03-31 00:00:00-04:00,40.2565803527832,40.2565803527832,40.2565803527832,40.2565803527832,500,0.0,0.0,0.0
2017-04-03 00:00:00-04:00,40.25416743390341,40.28628158569336,40.25416743390341,40.28628158569336,20900,0.017,0.0,0.0
2017-04-04 00:00:00-04:00,40.27022450979839,40.28628158569336,40.27022450979839,40.28628158569336,700,0.0,0.0,0.0
2017-04-05 00:00:00-04:00,40.28628158569336,40.28628158569336,40.28628158569336,40.28628158569336,1600,0.0,0.0,0.0
2017-04-06 00:00:00-04:00,40.27023125154736,40.294315338134766,40.27023125154736,40.294315338134766,10400,0.0,0.0,0.0
2017-04-07 00:00:00-04:00,40.28628158569336,40.28628158569336,40.28628158569336,40.28628158569336,500,0.0,0.0,0.0
2017-04-10 00:00:00-04:00,40.294315338134766,40.294315338134766,40.27825825955163,40.294315338134766,900,0.0,0.0,0.0
2017-04-11 00:00:00-04:00,40.27022933959961,40.29431342504355,40.27022933959961,40.27022933959961,3100,0.0,0.0,0.0
2017-04-12 00:00:00-04:00,40.278255462646484,40.278255462646484,40.278255462646484,40.278255462646484,100,0.0,0.0,0.0
2017-04-13 00:00:00-04:00,40.286288330130496,40.294315338134766,40.27825825955163,40.294315338134766,1300,0.0,0.0,0.0
2017-04-17 00:00:00-04:00,40.28628158569336,40.28628158569336,40.27825151645884,40.28628158569336,4800,0.0,0.0,0.0
2017-04-18 00:00:00-04:00,40.28628553266774,40.28628553266774,40.278255462646484,40.278255462646484,1200,0.0,0.0,0.0
2017-04-19 00:00:00-04:00,40.30234261013588,40.30234261013588,40.278255462646484,40.278255462646484,1500,0.0,0.0,0.0
2017-04-20 00:00:00-04:00,40.30235290527344,40.30235290527344,40.294322833200916,40.30235290527344,1500,0.0,0.0,0.0
2017-04-21 00:00:00-04:00,40.30235290527344,40.30235290527344,40.30235290527344,40.30235290527344,0,0.0,0.0,0.0
2017-04-24 00:00:00-04:00,40.278255462646484,40.278255462646484,40.278255462646484,40.278255462646484,700,0.0,0.0,0.0
2017-04-25 00:00:00-04:00,40.29430859235381,40.29430859235381,40.28628158569336,40.28628158569336,12500,0.0,0.0,0.0
2017-04-26 00:00:00-04:00,40.278255462646484,40.278255462646484,40.278255462646484,40.278255462646484,200,0.0,0.0,0.0
2017-04-27 00:00:00-04:00,40.3103724167179,40.3103724167179,40.294315338134766,40.294315338134766,1700,0.0,0.0,0.0
2017-04-28 00:00:00-04:00,40.294315338134766,40.294315338134766,40.294315338134766,40.294315338134766,0,0.0,0.0,0.0
2017-05-01 00:00:00-04:00,40.24695182000629,40.29514018202243,40.24695182000629,40.27907943725586,1400,0.021,0.0,0.0
2017-05-02 00:00:00-04:00,40.279055689263174,40.29511642456055,40.279055689263174,40.29511642456055,1900,0.0,0.0,0.0
2017-05-03 00:00:00-04:00,40.29514018202243,40.311203990647215,40.27907943725586,40.27907943725586,18300,0.0,0.0,0.0
2017-05-04 00:00:00-04:00,40.31921365521943,40.31921365521943,40.28708605691186,40.29511642456055,2600,0.0,0.0,0.0
2017-05-05 00:00:00-04:00,40.29511642456055,40.29511642456055,40.29511642456055,40.29511642456055,1000,0.0,0.0,0.0
2017-05-08 00:00:00-04:00,40.29511642456055,40.29511642456055,40.29511642456055,40.29511642456055,0,0.0,0.0,0.0
2017-05-09 00:00:00-04:00,40.31920623779297,40.31920623779297,40.31920623779297,40.31920623779297,900,0.0,0.0,0.0
2017-05-10 00:00:00-04:00,40.31920623779297,40.31920623779297,40.279048279224476,40.31920623779297,12300,0.0,0.0,0.0
2017-05-11 00:00:00-04:00,40.2951200184559,40.327247619628906,40.2951200184559,40.327247619628906,800,0.0,0.0,0.0
2017-05-12 00:00:00-04:00,40.327247619628906,40.327247619628906,40.327247619628906,40.327247619628906,0,0.0,0.0,0.0
2017-05-15 00:00:00-04:00,40.31119580654395,40.31119580654395,40.303165435791016,40.303165435791016,1500,0.0,0.0,0.0
2017-05-16 00:00:00-04:00,40.31920623779297,40.31920623779297,40.311172807765765,40.31920623779297,2800,0.0,0.0,0.0
2017-05-17 00:00:00-04:00,40.287086486816406,40.287086486816406,40.287086486816406,40.287086486816406,200,0.0,0.0,0.0
2017-05-18 00:00:00-04:00,40.2951200184559,40.327247619628906,40.2951200184559,40.327247619628906,900,0.0,0.0,0.0
2017-05-19 00:00:00-04:00,40.327247619628906,40.327247619628906,40.31921725126399,40.327247619628906,3300,0.0,0.0,0.0
2017-05-22 00:00:00-04:00,40.33528518676758,40.33528518676758,40.33528518676758,40.33528518676758,400,0.0,0.0,0.0
2017-05-23 00:00:00-04:00,40.33528518676758,40.33528518676758,40.33528518676758,40.33528518676758,0,0.0,0.0,0.0
2017-05-24 00:00:00-04:00,40.31120300292969,40.31120300292969,40.31120300292969,40.31120300292969,200,0.0,0.0,0.0
2017-05-25 00:00:00-04:00,40.327247619628906,40.327247619628906,40.31921725126399,40.327247619628906,7700,0.0,0.0,0.0
2017-05-26 00:00:00-04:00,40.327247619628906,40.327247619628906,40.327247619628906,40.327247619628906,0,0.0,0.0,0.0
2017-05-30 00:00:00-04:00,40.327247619628906,40.327247619628906,40.327247619628906,40.327247619628906,0,0.0,0.0,0.0
2017-05-31 00:00:00-04:00,40.327247619628906,40.327247619628906,40.327247619628906,40.327247619628906,0,0.0,0.0,0.0
2017-06-01 00:00:00-04:00,40.34573745727539,40.34573745727539,40.31359512576087,40.34573745727539,12500,0.023,0.0,0.0
2017-06-02 00:00:00-04:00,40.31359512576087,40.34573745727539,40.31359512576087,40.34573745727539,1700,0.0,0.0,0.0
2017-06-05 00:00:00-04:00,40.337707367286264,40.337707367286264,40.32163619995117,40.32163619995117,400,0.0,0.0,0.0
2017-06-06 00:00:00-04:00,40.34573745727539,40.34573745727539,40.34573745727539,40.34573745727539,400,0.0,0.0,0.0
2017-06-07 00:00:00-04:00,40.313602598353604,40.329673767089844,40.313602598353604,40.329673767089844,400,0.0,0.0,0.0
2017-06-08 00:00:00-04:00,40.34573745727539,40.34573745727539,40.34573745727539,40.34573745727539,600,0.0,0.0,0.0
2017-06-09 00:00:00-04:00,40.34573745727539,40.34573745727539,40.34573745727539,40.34573745727539,200,0.0,0.0,0.0
2017-06-12 00:00:00-04:00,40.337677001953125,40.34571104694194,40.321605846716054,40.337677001953125,2100,0.0,0.0,0.0
2017-06-13 00:00:00-04:00,40.32163224127022,40.34573745727539,40.32163224127022,40.34573745727539,26600,0.0,0.0,0.0
2017-06-14 00:00:00-04:00,40.313602598353604,40.345744935826076,40.313602598353604,40.329673767089844,6300,0.0,0.0,0.0
2017-06-15 00:00:00-04:00,40.32163619995117,40.32163619995117,40.32163619995117,40.32163619995117,100,0.0,0.0,0.0
2017-06-16 00:00:00-04:00,40.32163619995117,40.32163619995117,40.32163619995117,40.32163619995117,0,0.0,0.0,0.0
2017-06-19 00:00:00-04:00,40.34573409487726,40.3537712097168,40.34573409487726,40.3537712097168,300,0.0,0.0,0.0
2017-06-20 00:00:00-04:00,40.3537712097168,40.3537712097168,40.32966293045936,40.3537712097168,900,0.0,0.0,0.0
2017-06-21 00:00:00-04:00,40.32967406853728,40.36181640625,40.32967406853728,40.36181640625,4700,0.0,0.0,0.0
2017-06-22 00:00:00-04:00,40.36181640625,40.36181640625,40.32967406853728,40.36181640625,1600,0.0,0.0,0.0
2017-06-23 00:00:00-04:00,40.36181640625,40.36181640625,40.36181640625,40.36181640625,0,0.0,0.0,0.0
2017-06-26 00:00:00-04:00,40.35378235445284,40.36181640625,40.32967406853728,40.36181640625,4400,0.0,0.0,0.0
2017-06-27 00:00:00-04:00,40.32967406853728,40.36181640625,40.32967406853728,40.36181640625,4500,0.0,0.0,0.0
2017-06-28 00:00:00-04:00,40.36181640625,40.36181640625,40.337711185596476,40.36181640625,4000,0.0,0.0,0.0
2017-06-29 00:00:00-04:00,40.329673767089844,40.329673767089844,40.329673767089844,40.329673767089844,400,0.0,0.0,0.0
2017-06-30 00:00:00-04:00,40.36181640625,40.36181640625,40.36181640625,40.36181640625,1500,0.0,0.0,0.0
2017-07-03 00:00:00-04:00,40.336875915527344,40.36904321957524,40.336875915527344,40.336875915527344,5800,0.039,0.0,0.0
2017-07-05 00:00:00-04:00,40.33688374153481,40.36100769042969,40.33688374153481,40.36100769042969,1200,0.0,0.0,0.0
2017-07-06 00:00:00-04:00,40.35296630859375,40.369049963304505,40.35296630859375,40.35296630859375,2300,0.0,0.0,0.0
2017-07-07 00:00:00-04:00,40.208216483840445,40.36100660212739,40.208216483840445,40.35296630859375,2100,0.0,0.0,0.0
2017-07-10 00:00:00-04:00,40.34489440917969,40.34489440917969,40.34489440917969,40.34489440917969,1100,0.0,0.0,0.0
2017-07-11 00:00:00-04:00,40.35296630859375,40.35296630859375,40.34492294741664,40.35296630859375,2400,0.0,0.0,0.0
2017-07-12 00:00:00-04:00,40.38513361801525,40.3931739115489,40.35296630859375,40.35296630859375,4200,0.0,0.0,0.0
2017-07-13 00:00:00-04:00,40.35296739667925,40.36100769042969,40.35296739667925,40.36100769042969,2100,0.0,0.0,0.0
2017-07-14 00:00:00-04:00,40.35296630859375,40.369049963304505,40.35296630859375,40.35296630859375,600,0.0,0.0,0.0
2017-07-17 00:00:00-04:00,40.35296630859375,40.36100660212739,40.35296630859375,40.35296630859375,800,0.0,0.0,0.0
2017-07-18 00:00:00-04:00,40.38513361801525,40.38513361801525,40.35296630859375,40.35296630859375,2600,0.0,0.0,0.0
2017-07-19 00:00:00-04:00,40.3609915466013,40.385118553489264,40.3609915466013,40.3770751953125,3800,0.0,0.0,0.0
2017-07-20 00:00:00-04:00,40.36099045551723,40.36903381347656,40.36099045551723,40.36903381347656,800,0.0,0.0,0.0
2017-07-21 00:00:00-04:00,40.36903381347656,40.36903381347656,40.36903381347656,40.36903381347656,700,0.0,0.0,0.0
2017-07-24 00:00:00-04:00,40.36903381347656,40.36903381347656,40.36903381347656,40.36903381347656,0,0.0,0.0,0.0
2017-07-25 00:00:00-04:00,40.369049963304505,40.377090256838144,40.35296630859375,40.35296630859375,41000,0.0,0.0,0.0
2017-07-26 00:00:00-04:00,40.36100769042969,40.37709134557412,40.36100769042969,40.36100769042969,2100,0.0,0.0,0.0
2017-07-27 00:00:00-04:00,40.36903381347656,40.36903381347656,40.36903381347656,40.36903381347656,300,0.0,0.0,0.0
2017-07-28 00:00:00-04:00,40.36903490477806,40.409242492734904,40.36903490477806,40.3770751953125,2900,0.0,0.0,0.0
2017-07-31 00:00:00-04:00,40.36903381347656,40.36903381347656,40.36903381347656,40.36903381347656,100,0.0,0.0,0.0
2017-08-01 00:00:00-04:00,40.369850158691406,40.385946958641185,40.369850158691406,40.369850158691406,8500,0.041,0.0,0.0
2017-08-02 00:00:00-04:00,40.37788391113281,40.418127433013765,40.37788391113281,40.37788391113281,600,0.0,0.0,0.0
2017-08-03 00:00:00-04:00,40.37790068747275,40.41814422607422,40.37790068747275,40.41814422607422,3800,0.0,0.0,0.0
2017-08-04 00:00:00-04:00,40.426173373176674,40.426173373176674,40.38593292236328,40.38593292236328,3100,0.0,0.0,0.0
2017-08-07 00:00:00-04:00,40.393985748291016,40.393985748291016,40.393985748291016,40.393985748291016,200,0.0,0.0,0.0
2017-08-08 00:00:00-04:00,40.38593888500013,40.393985748291016,40.38593888500013,40.393985748291016,200,0.0,0.0,0.0
2017-08-09 00:00:00-04:00,40.393985748291016,40.40203568173196,40.393985748291016,40.393985748291016,500,0.0,0.0,0.0
2017-08-10 00:00:00-04:00,40.393985748291016,40.393985748291016,40.393985748291016,40.393985748291016,0,0.0,0.0,0.0
2017-08-11 00:00:00-04:00,40.3939796542156,40.43422317504883,40.3939796542156,40.43422317504883,1000,0.0,0.0,0.0
2017-08-14 00:00:00-04:00,40.39398482626429,40.410081622628695,40.39398482626429,40.402034759521484,1400,0.0,0.0,0.0
2017-08-15 00:00:00-04:00,40.39398482626429,40.410081622628695,40.39398482626429,40.402034759521484,1900,0.0,0.0,0.0
2017-08-16 00:00:00-04:00,40.40203568173196,40.410082545022846,40.393985748291016,40.393985748291016,3200,0.0,0.0,0.0
2017-08-17 00:00:00-04:00,40.41007736914827,40.42617416381836,40.41007736914827,40.42617416381836,800,0.0,0.0,0.0
2017-08-18 00:00:00-04:00,40.42617416381836,40.42617416381836,40.42617416381836,40.42617416381836,200,0.0,0.0,0.0
2017-08-21 00:00:00-04:00,40.393985748291016,40.410082545022846,40.393985748291016,40.393985748291016,900,0.0,0.0,0.0
2017-08-22 00:00:00-04:00,40.402029586442076,40.442270037125716,40.402029586442076,40.43422317504883,800,0.0,0.0,0.0
2017-08-23 00:00:00-04:00,40.402034759521484,40.410081622628695,40.402034759521484,40.402034759521484,700,0.0,0.0,0.0
2017-08-24 00:00:00-04:00,40.402034759521484,40.402034759521484,40.402034759521484,40.402034759521484,200,0.0,0.0,0.0
2017-08-25 00:00:00-04:00,40.402034759521484,40.41813155588589,40.402034759521484,40.402034759521484,2400,0.0,0.0,0.0
2017-08-28 00:00:00-04:00,40.41007614135742,40.41007614135742,40.41007614135742,40.41007614135742,1200,0.0,0.0,0.0
2017-08-29 00:00:00-04:00,40.402034759521484,40.410081622628695,40.402034759521484,40.402034759521484,2300,0.0,0.0,0.0
2017-08-30 00:00:00-04:00,40.41007614135742,40.41007614135742,40.41007614135742,40.41007614135742,1400,0.0,0.0,0.0
2017-08-31 00:00:00-04:00,40.4020292793417,40.41812607352272,40.4020292793417,40.41007614135742,1900,0.0,0.0,0.0
2017-09-01 00:00:00-04:00,40.39557871556278,40.419742584228516,40.39557871556278,40.419742584228516,200,0.042,0.0,0.0
2017-09-05 00:00:00-04:00,40.419742584228516,40.419742584228516,40.419742584228516,40.419742584228516,0,0.0,0.0,0.0
2017-09-06 00:00:00-04:00,40.4519799827354,40.4519799827354,40.39559555053711,40.39559555053711,16700,0.0,0.0,0.0
2017-09-07 00:00:00-04:00,40.403648376464844,40.403648376464844,40.403648376464844,40.403648376464844,1300,0.0,0.0,0.0
2017-09-08 00:00:00-04:00,40.39559555053711,40.39559555053711,40.39559555053711,40.39559555053711,200,0.0,0.0,0.0
2017-09-11 00:00:00-04:00,40.419759429273206,40.419759429273206,40.39559555053711,40.39559555053711,900,0.0,0.0,0.0
2017-09-12 00:00:00-04:00,40.39560758591476,40.45199203491211,40.39560758591476,40.45199203491211,3300,0.0,0.0,0.0
2017-09-13 00:00:00-04:00,40.403648376464844,40.403648376464844,40.403648376464844,40.403648376464844,300,0.0,0.0,0.0
2017-09-14 00:00:00-04:00,40.403638361392886,40.45196917867781,40.39558476153887,40.443912506103516,19200,0.0,0.0,0.0
2017-09-15 00:00:00-04:00,40.443912506103516,40.443912506103516,40.443912506103516,40.443912506103516,0,0.0,0.0,0.0
2017-09-18 00:00:00-04:00,40.443912506103516,40.443912506103516,40.443912506103516,40.443912506103516,0,0.0,0.0,0.0
2017-09-19 00:00:00-04:00,40.45196315503681,40.45196315503681,40.411685943603516,40.411685943603516,800,0.0,0.0,0.0
2017-09-20 00:00:00-04:00,40.43586892930814,40.45197920572979,40.403648376464844,40.403648376464844,3400,0.0,0.0,0.0
2017-09-21 00:00:00-04:00,40.403648376464844,40.403648376464844,40.403648376464844,40.403648376464844,0,0.0,0.0,0.0
2017-09-22 00:00:00-04:00,40.403648376464844,40.403648376464844,40.403648376464844,40.403648376464844,0,0.0,0.0,0.0
2017-09-25 00:00:00-04:00,40.403648376464844,40.403648376464844,40.403648376464844,40.403648376464844,0,0.0,0.0,0.0
2017-09-26 00:00:00-04:00,40.403648376464844,40.43586892930814,40.403648376464844,40.403648376464844,5100,0.0,0.0,0.0
2017-09-27 00:00:00-04:00,40.46003341674805,40.46003341674805,40.42781286341963,40.46003341674805,1300,0.0,0.0,0.0
2017-09-28 00:00:00-04:00,40.46003341674805,40.46003341674805,40.46003341674805,40.46003341674805,0,0.0,0.0,0.0
2017-09-29 00:00:00-04:00,40.43586352774315,40.43586352774315,40.41169657997846,40.42780685424805,1000,0.0,0.0,0.0
2017-10-02 00:00:00-04:00,40.42619922808224,40.47456359863281,40.42619922808224,40.47456359863281,3100,0.038,0.0,0.0
2017-10-03 00:00:00-04:00,40.47455296749776,40.47455296749776,40.45037078857422,40.45037078857422,2900,0.0,0.0,0.0
2017-10-04 00:00:00-04:00,40.44231264173348,40.47455760068812,40.42619323730469,40.42619323730469,1100,0.0,0.0,0.0
2017-10-05 00:00:00-04:00,40.44231264173348,40.44231264173348,40.42619323730469,40.42619323730469,900,0.0,0.0,0.0
2017-10-06 00:00:00-04:00,40.42619323730469,40.42619323730469,40.42619323730469,40.42619323730469,0,0.0,0.0,0.0
2017-10-09 00:00:00-04:00,40.434268951416016,40.442328656822035,40.434268951416016,40.434268951416016,400,0.0,0.0,0.0
2017-10-10 00:00:00-04:00,40.434268951416016,40.434268951416016,40.434268951416016,40.434268951416016,3400,0.0,0.0,0.0
2017-10-11 00:00:00-04:00,40.474573628545635,40.474573628545635,40.434268951416016,40.434268951416016,2100,0.0,0.0,0.0
2017-10-12 00:00:00-04:00,40.49068069458008,40.49068069458008,40.49068069458008,40.49068069458008,600,0.0,0.0,0.0
2017-10-13 00:00:00-04:00,40.49068608049934,40.49068608049934,40.47456359863281,40.47456359863281,3400,0.0,0.0,0.0
2017-10-16 00:00:00-04:00,40.49068608049934,40.49068608049934,40.47456359863281,40.47456359863281,2300,0.0,0.0,0.0
2017-10-17 00:00:00-04:00,40.498741149902344,40.498741149902344,40.4745558941818,40.498741149902344,2900,0.0,0.0,0.0
2017-10-18 00:00:00-04:00,40.498741149902344,40.498741149902344,40.498741149902344,40.498741149902344,0,0.0,0.0,0.0
2017-10-19 00:00:00-04:00,40.498741149902344,40.498741149902344,40.48261867110478,40.498741149902344,1200,0.0,0.0,0.0
2017-10-20 00:00:00-04:00,40.50679792276127,40.50679792276127,40.45037078857422,40.45037078857422,6700,0.0,0.0,0.0
2017-10-23 00:00:00-04:00,40.50678634643555,40.50678634643555,40.4664817013988,40.50678634643555,3100,0.0,0.0,0.0
2017-10-24 00:00:00-04:00,40.50679635421333,40.50679635421333,40.46649169921875,40.46649169921875,5000,0.0,0.0,0.0
2017-10-25 00:00:00-04:00,40.45037371350966,40.498741149902344,40.45037371350966,40.498741149902344,15400,0.0,0.0,0.0
2017-10-26 00:00:00-04:00,40.49872664744712,40.50678634643555,40.49872664744712,40.50678634643555,1100,0.0,0.0,0.0
2017-10-27 00:00:00-04:00,40.49872664744712,40.50678634643555,40.4664817013988,40.50678634643555,10300,0.0,0.0,0.0
2017-10-30 00:00:00-04:00,40.48261867110478,40.50680085177692,40.45843341538424,40.498741149902344,6800,0.0,0.0,0.0
2017-10-31 00:00:00-04:00,40.514860553651495,40.514860553651495,40.498741149902344,40.498741149902344,1900,0.0,0.0,0.0
2017-11-01 00:00:00-04:00,40.49229688173642,40.516502380371094,40.49229688173642,40.516502380371094,8300,0.042,0.0,0.0
2017-11-02 00:00:00-04:00,40.524566650390625,40.524566650390625,40.524566650390625,40.524566650390625,100,0.0,0.0,0.0
2017-11-03 00:00:00-04:00,40.524566650390625,40.524566650390625,40.500364230678784,40.524566650390625,2100,0.0,0.0,0.0
2017-11-06 00:00:00-05:00,40.52455862043135,40.52455862043135,40.492286682128906,40.492286682128906,2300,0.0,0.0,0.0
2017-11-07 00:00:00-05:00,40.49227761587162,40.50034713745117,40.49227761587162,40.50034713745117,300,0.0,0.0,0.0
2017-11-08 00:00:00-05:00,40.52454314287146,40.52454314287146,40.47613525390625,40.47613525390625,5900,0.0,0.0,0.0
2017-11-09 00:00:00-05:00,40.53263617537593,40.53263617537593,40.524566650390625,40.524566650390625,10400,0.0,0.0,0.0
2017-11-10 00:00:00-05:00,40.532638353586805,40.532638353586805,40.50036640715538,40.516502380371094,1600,0.0,0.0,0.0
2017-11-13 00:00:00-05:00,40.54068374633789,40.54068374633789,40.51648133789509,40.54068374633789,7100,0.0,0.0,0.0
2017-11-14 00:00:00-05:00,40.53261730273049,40.54068374633789,40.53261730273049,40.54068374633789,4200,0.0,0.0,0.0
2017-11-15 00:00:00-05:00,40.54069860776083,40.54069860776083,40.50036021969537,40.508426666259766,2900,0.0,0.0,0.0
2017-11-16 00:00:00-05:00,40.50034537305969,40.54068374633789,40.50034537305969,40.54068374633789,4200,0.0,0.0,0.0
2017-11-17 00:00:00-05:00,40.508411816667085,40.54068374633789,40.49227585183168,40.54068374633789,1400,0.0,0.0,0.0
2017-11-20 00:00:00-05:00,40.548744201660156,40.548744201660156,40.54067775924402,40.548744201660156,900,0.0,0.0,0.0
2017-11-21 00:00:00-05:00,40.500358979897,40.5487638130451,40.500358979897,40.532630920410156,8300,0.0,0.0,0.0
2017-11-22 00:00:00-05:00,40.548744201660156,40.548744201660156,40.548744201660156,40.548744201660156,400,0.0,0.0,0.0
2017-11-24 00:00:00-05:00,40.50034713745117,40.50034713745117,40.50034713745117,40.50034713745117,400,0.0,0.0,0.0
2017-11-27 00:00:00-05:00,40.508426666259766,40.508426666259766,40.508426666259766,40.508426666259766,200,0.0,0.0,0.0
2017-11-28 00:00:00-05:00,40.508426666259766,40.508426666259766,40.508426666259766,40.508426666259766,0,0.0,0.0,0.0
2017-11-29 00:00:00-05:00,40.55681372169644,40.55681372169644,40.50033939192303,40.548744201660156,7400,0.0,0.0,0.0
2017-11-30 00:00:00-05:00,40.548744201660156,40.548744201660156,40.548744201660156,40.548744201660156,200,0.0,0.0,0.0
2017-12-01 00:00:00-05:00,40.568956333573844,40.568956333573844,40.512428283691406,40.512428283691406,2000,0.045,0.0,0.0
2017-12-04 00:00:00-05:00,40.512428283691406,40.512428283691406,40.512428283691406,40.512428283691406,300,0.0,0.0,0.0
2017-12-05 00:00:00-05:00,40.54473009819817,40.55280685424805,40.512429234758436,40.55280685424805,700,0.0,0.0,0.0
2017-12-06 00:00:00-05:00,40.560880529918045,40.560880529918045,40.55280685424805,40.55280685424805,600,0.0,0.0,0.0
2017-12-07 00:00:00-05:00,40.55280685424805,40.55280685424805,40.55280685424805,40.55280685424805,0,0.0,0.0,0.0
2017-12-08 00:00:00-05:00,40.52051846937867,40.544742584228516,40.52051846937867,40.544742584228516,1200,0.0,0.0,0.0
2017-12-11 00:00:00-05:00,40.5285796664783,40.55280685424805,40.5285796664783,40.55280685424805,300,0.0,0.0,0.0
2017-12-12 00:00:00-05:00,40.55279722417746,40.55279722417746,40.5204963684082,40.5204963684082,3200,0.0,0.0,0.0
2017-12-13 00:00:00-05:00,40.5204963684082,40.55279722417746,40.5204963684082,40.5204963684082,5300,0.0,0.0,0.0
2017-12-14 00:00:00-05:00,40.58511734008789,40.58511734008789,40.58511734008789,40.58511734008789,200,0.0,0.0,0.0
2017-12-15 00:00:00-05:00,40.58511734008789,40.58511734008789,40.57704366189091,40.58511734008789,3600,0.0,0.0,0.0
2017-12-18 00:00:00-05:00,40.58511734008789,40.58511734008789,40.58511734008789,40.58511734008789,2000,0.0,0.0,0.0
2017-12-19 00:00:00-05:00,40.58511734008789,40.58511734008789,40.58511734008789,40.58511734008789,0,0.0,0.0,0.0
2017-12-20 00:00:00-05:00,40.577030181884766,40.577030181884766,40.577030181884766,40.577030181884766,800,0.0,0.0,0.0
2017-12-21 00:00:00-05:00,40.58916184352835,40.605342864990234,40.56489185444267,40.605342864990234,180900,0.095,0.0,0.0
2017-12-22 00:00:00-05:00,40.60534575650085,40.60534575650085,40.58916473388672,40.58916473388672,600,0.0,0.0,0.0
2017-12-26 00:00:00-05:00,40.605342864990234,40.605342864990234,40.605342864990234,40.605342864990234,2200,0.0,0.0,0.0
2017-12-27 00:00:00-05:00,40.605342864990234,40.605342864990234,40.605342864990234,40.605342864990234,0,0.0,0.0,0.0
2017-12-28 00:00:00-05:00,40.61344347085844,40.62153244018555,40.61344347085844,40.62153244018555,400,0.0,0.0,0.0
2017-12-29 00:00:00-05:00,40.61343857546993,40.62961959838867,40.605346520903275,40.62961959838867,37600,0.0,0.0,0.0
2018-01-02 00:00:00-05:00,40.54870971345614,40.62152276491715,40.54870971345614,40.57298278808594,35900,0.0,0.0,0.0
2018-01-03 00:00:00-05:00,40.61344347085844,40.62153244018555,40.597262445989294,40.62153244018555,33000,0.0,0.0,0.0
2018-01-04 00:00:00-05:00,40.613441467285156,40.613441467285156,40.613441467285156,40.613441467285156,500,0.0,0.0,0.0
2018-01-05 00:00:00-05:00,40.62961959838867,40.62961959838867,40.58107652963243,40.62961959838867,13300,0.0,0.0,0.0
2018-01-08 00:00:00-05:00,40.62961959838867,40.62961959838867,40.58916549798453,40.62961959838867,3500,0.0,0.0,0.0
2018-01-09 00:00:00-05:00,40.63770856674076,40.63770856674076,40.62152754382202,40.62961959838867,2500,0.0,0.0,0.0
2018-01-10 00:00:00-05:00,40.62962449572758,40.637713465054695,40.61344347085844,40.62153244018555,5800,0.0,0.0,0.0
2018-01-11 00:00:00-05:00,40.605336010165104,40.645790100097656,40.59724704390685,40.645790100097656,2700,0.0,0.0,0.0
2018-01-12 00:00:00-05:00,40.59724704390685,40.645790100097656,40.59724704390685,40.645790100097656,2200,0.0,0.0,0.0
2018-01-16 00:00:00-05:00,40.63770856674076,40.645800621307416,40.61343857546993,40.62961959838867,1700,0.0,0.0,0.0
2018-01-17 00:00:00-05:00,40.645790100097656,40.65387906635591,40.605336010165104,40.645790100097656,24100,0.0,0.0,0.0
2018-01-18 00:00:00-05:00,40.637704907914,40.65388592937588,40.605342864990234,40.605342864990234,13400,0.0,0.0,0.0
2018-01-19 00:00:00-05:00,40.65388870239258,40.65388870239258,40.63770767982698,40.65388870239258,1600,0.0,0.0,0.0
2018-01-22 00:00:00-05:00,40.61342806263712,40.65387906635591,40.61342806263712,40.645790100097656,1900,0.0,0.0,0.0
2018-01-23 00:00:00-05:00,40.653894489923836,40.653894489923836,40.62153244018555,40.62153244018555,2600,0.0,0.0,0.0
2018-01-24 00:00:00-05:00,40.65389070671861,40.66197967529297,40.637709683355254,40.66197967529297,4100,0.0,0.0,0.0
2018-01-25 00:00:00-05:00,40.670069724958175,40.670069724958175,40.62961871165143,40.65388870239258,219300,0.0,0.0,0.0
2018-01-26 00:00:00-05:00,40.629610205681686,40.67815017700195,40.629610205681686,40.67815017700195,1800,0.0,0.0,0.0
2018-01-29 00:00:00-05:00,40.66196803261417,40.670060085086185,40.621517028895376,40.645790100097656,15800,0.0,0.0,0.0
2018-01-30 00:00:00-05:00,40.670061210519854,40.67815017700195,40.629610205681686,40.67815017700195,14700,0.0,0.0,0.0
2018-01-31 00:00:00-05:00,40.67815017700195,40.67815017700195,40.629610205681686,40.67815017700195,2900,0.0,0.0,0.0
2018-02-01 00:00:00-05:00,40.67005546721504,40.68625259399414,40.661955359182464,40.68625259399414,3500,0.05,0.0,0.0
2018-02-02 00:00:00-05:00,40.66196823120117,40.67006834179793,40.637674077984954,40.66196823120117,2600,0.0,0.0,0.0
2018-02-05 00:00:00-05:00,40.67005546721504,40.68625259399414,40.63766121365685,40.68625259399414,12500,0.0,0.0,0.0
2018-02-06 00:00:00-05:00,40.65386962890625,40.65386962890625,40.6457695186245,40.65386962890625,4100,0.0,0.0,0.0
2018-02-07 00:00:00-05:00,40.670068487077856,40.69436264038086,40.65387135511351,40.69436264038086,4900,0.0,0.0,0.0
2018-02-08 00:00:00-05:00,40.69435478372855,40.69435478372855,40.6457633972168,40.6457633972168,3000,0.0,0.0,0.0
2018-02-09 00:00:00-05:00,40.670060635115895,40.710551912565805,40.6457633972168,40.6457633972168,119100,0.0,0.0,0.0
2018-02-12 00:00:00-05:00,40.6862656190422,40.69436264038086,40.65387135511351,40.69436264038086,25500,0.0,0.0,0.0
2018-02-13 00:00:00-05:00,40.65386962890625,40.6943609124543,40.65386962890625,40.65386962890625,6600,0.0,0.0,0.0
2018-02-14 00:00:00-05:00,40.68625259399414,40.702446631487184,40.653858340435946,40.68625259399414,7100,0.0,0.0,0.0
2018-02-15 00:00:00-05:00,40.6943609124543,40.6943609124543,40.65386962890625,40.65386962890625,12900,0.0,0.0,0.0
2018-02-16 00:00:00-05:00,40.69436264038086,40.70245966171951,40.67816550841651,40.69436264038086,18500,0.0,0.0,0.0
2018-02-20 00:00:00-05:00,40.6862481334718,40.70244216918945,40.653853883465054,40.70244216918945,7100,0.0,0.0,0.0
2018-02-21 00:00:00-05:00,40.661955359182464,40.702446631487184,40.661955359182464,40.68625259399414,33900,0.0,0.0,0.0
2018-02-22 00:00:00-05:00,40.70245951632388,40.70245951632388,40.66196823120117,40.66196823120117,3300,0.0,0.0,0.0
2018-02-23 00:00:00-05:00,40.68626547370442,40.71055962692064,40.66196823120117,40.66196823120117,700,0.0,0.0,0.0
2018-02-26 00:00:00-05:00,40.66194367467734,40.71053504105155,40.63764953613281,40.63764953613281,120400,0.0,0.0,0.0
2018-02-27 00:00:00-05:00,40.71054458618164,40.75103585634462,40.66195320841453,40.71054458618164,35200,0.0,0.0,0.0
2018-02-28 00:00:00-05:00,40.686250441941034,40.71054458618164,40.66195320841453,40.71054458618164,19000,0.0,0.0,0.0
2018-03-01 00:00:00-05:00,40.704058166359744,40.720272064208984,40.687844268510496,40.720272064208984,38800,0.052,0.0,0.0
2018-03-02 00:00:00-05:00,40.68785487725336,40.72028268140691,40.68785487725336,40.71217727661133,53500,0.0,0.0,0.0
2018-03-05 00:00:00-05:00,40.72028268140691,40.72028268140691,40.69596337453455,40.71217727661133,21100,0.0,0.0,0.0
2018-03-06 00:00:00-05:00,40.720272064208984,40.720272064208984,40.687844268510496,40.720272064208984,6900,0.0,0.0,0.0
2018-03-07 00:00:00-05:00,40.70406877933013,40.7283911786881,40.68785487725336,40.71217727661133,33900,0.0,0.0,0.0
2018-03-08 00:00:00-05:00,40.7283821105957,40.7283821105957,40.72027361511985,40.7283821105957,7500,0.0,0.0,0.0
2018-03-09 00:00:00-05:00,40.7283821105957,40.7283821105957,40.70405971665306,40.7283821105957,3200,0.0,0.0,0.0
2018-03-12 00:00:00-04:00,40.73648596205823,40.73648596205823,40.704058166359744,40.720272064208984,7500,0.0,0.0,0.0
2018-03-13 00:00:00-04:00,40.73648751358663,40.73648751358663,40.71216821212892,40.7283821105957,27500,0.0,0.0,0.0
2018-03-14 00:00:00-04:00,40.73648751358663,40.73648751358663,40.71216821212892,40.7283821105957,58300,0.0,0.0,0.0
2018-03-15 00:00:00-04:00,40.744601988279264,40.744601988279264,40.71217727661133,40.71217727661133,15400,0.0,0.0,0.0
2018-03-16 00:00:00-04:00,40.712169868207006,40.7527030697803,40.712169868207006,40.74459457397461,13300,0.0,0.0,0.0
2018-03-19 00:00:00-04:00,40.74459457397461,40.74459457397461,40.736489170653975,40.74459457397461,7500,0.0,0.0,0.0
2018-03-20 00:00:00-04:00,40.74459457397461,40.74459457397461,40.72027527152765,40.74459457397461,6200,0.0,0.0,0.0
2018-03-21 00:00:00-04:00,40.744601376353536,40.744601376353536,40.72028206984642,40.73649597167969,7100,0.0,0.0,0.0
2018-03-22 00:00:00-04:00,40.75270080566406,40.75270080566406,40.69595370811717,40.75270080566406,50300,0.0,0.0,0.0
2018-03-23 00:00:00-04:00,40.74459231030886,40.75270080566406,40.73648690743854,40.75270080566406,2100,0.0,0.0,0.0
2018-03-26 00:00:00-04:00,40.75270080566406,40.75270080566406,40.72838150456822,40.75270080566406,16600,0.0,0.0,0.0
2018-03-27 00:00:00-04:00,40.76081848144531,40.76081848144531,40.7283937677162,40.76081848144531,6400,0.0,0.0,0.0
2018-03-28 00:00:00-04:00,40.76080620853439,40.76891470388959,40.75270080566406,40.75270080566406,5700,0.0,0.0,0.0
2018-03-29 00:00:00-04:00,40.768926979241954,40.768926979241954,40.76081848144531,40.76081848144531,2600,0.0,0.0,0.0
2018-04-02 00:00:00-04:00,40.76649856567383,40.76649856567383,40.75026626146985,40.76649856567383,11100,0.057,0.0,0.0
2018-04-03 00:00:00-04:00,40.76649856567383,40.76649856567383,40.75838396156957,40.76649856567383,27300,0.0,0.0,0.0
2018-04-04 00:00:00-04:00,40.774600982666016,40.774600982666016,40.75025098748916,40.774600982666016,11100,0.0,0.0,0.0
2018-04-05 00:00:00-04:00,40.75837326049805,40.77460556044026,40.75837326049805,40.75837326049805,14400,0.0,0.0,0.0
2018-04-06 00:00:00-04:00,40.78273086987781,40.78273086987781,40.76649856567383,40.76649856567383,18900,0.0,0.0,0.0
2018-04-09 00:00:00-04:00,40.782745361328125,40.782745361328125,40.75028074138441,40.782745361328125,36600,0.0,0.0,0.0
2018-04-10 00:00:00-04:00,40.782717918004046,40.79083251953125,40.76648561895515,40.79083251953125,139000,0.0,0.0,0.0
2018-04-11 00:00:00-04:00,40.782717918004046,40.81518251610183,40.75837101742795,40.79083251953125,299500,0.0,0.0,0.0
2018-04-12 00:00:00-04:00,40.79085996831577,40.79085996831577,40.74216613439676,40.782745361328125,39500,0.0,0.0,0.0
2018-04-13 00:00:00-04:00,40.79085996831577,40.79085996831577,40.75839844436862,40.782745361328125,13800,0.0,0.0,0.0
2018-04-16 00:00:00-04:00,40.7989501953125,40.7989501953125,40.75025329819177,40.7989501953125,31500,0.0,0.0,0.0
2018-04-17 00:00:00-04:00,40.7989501953125,40.7989501953125,40.758370995709136,40.7989501953125,28500,0.0,0.0,0.0
2018-04-18 00:00:00-04:00,40.79895021705293,40.79895021705293,40.76648561895515,40.79083251953125,23700,0.0,0.0,0.0
2018-04-19 00:00:00-04:00,40.807064796835384,40.807064796835384,40.774603294749376,40.7989501953125,40900,0.0,0.0,0.0
2018-04-20 00:00:00-04:00,40.79896852471435,40.80708312988281,40.78273621838156,40.80708312988281,21400,0.0,0.0,0.0
2018-04-23 00:00:00-04:00,40.807064796835384,40.807064796835384,40.790832497795144,40.7989501953125,21100,0.0,0.0,0.0
2018-04-24 00:00:00-04:00,40.80708312988281,40.80708312988281,40.7746216132131,40.80708312988281,34600,0.0,0.0,0.0
2018-04-25 00:00:00-04:00,40.815181732177734,40.815181732177734,40.78271713470349,40.815181732177734,38500,0.0,0.0,0.0
2018-04-26 00:00:00-04:00,40.7989501953125,40.7989501953125,40.790832497795144,40.7989501953125,32200,0.0,0.0,0.0
2018-04-27 00:00:00-04:00,40.79896852471435,41.099258451881305,40.790850823550024,40.80708312988281,90100,0.0,0.0,0.0
2018-04-30 00:00:00-04:00,40.80708312988281,40.80708312988281,40.79896852471435,40.80708312988281,23000,0.0,0.0,0.0
2018-05-01 00:00:00-04:00,40.80871060921852,40.80871060921852,40.80058288574219,40.80058288574219,550200,0.062,0.0,0.0
2018-05-02 00:00:00-04:00,40.82493728633858,40.8411865234375,40.80055723105759,40.8411865234375,209600,0.0,0.0,0.0
2018-05-03 00:00:00-04:00,40.82495566954013,40.83308029174805,40.816827947514504,40.83308029174805,27200,0.0,0.0,0.0
2018-05-04 00:00:00-04:00,40.833085160265895,40.833085160265895,40.80870819091797,40.80870819091797,26800,0.0,0.0,0.0
2018-05-07 00:00:00-04:00,40.83308029174805,40.83308029174805,40.80870332530658,40.83308029174805,18600,0.0,0.0,0.0
2018-05-08 00:00:00-04:00,40.8411865234375,40.8411865234375,40.83306190488804,40.8411865234375,65200,0.0,0.0,0.0
2018-05-09 00:00:00-04:00,40.8411865234375,40.8411865234375,40.81680956797282,40.8411865234375,135100,0.0,0.0,0.0
2018-05-10 00:00:00-04:00,40.82495774911368,40.849334716796875,40.81683002667403,40.849334716796875,54700,0.0,0.0,0.0
2018-05-11 00:00:00-04:00,40.84931424180327,41.22310869140454,40.83306190488804,40.8411865234375,85700,0.0,0.0,0.0
2018-05-14 00:00:00-04:00,40.849331585276445,40.86558392909196,40.849331585276445,40.85745620727539,46600,0.0,0.0,0.0
2018-05-15 00:00:00-04:00,40.849334716796875,40.849334716796875,40.83308237173546,40.849334716796875,66900,0.0,0.0,0.0
2018-05-16 00:00:00-04:00,40.849334716796875,40.849334716796875,40.83308237173546,40.849334716796875,31400,0.0,0.0,0.0
2018-05-17 00:00:00-04:00,40.85745620727539,41.320637156655806,40.85745620727539,40.85745620727539,31000,0.0,0.0,0.0
2018-05-18 00:00:00-04:00,40.85745620727539,40.86558392909196,40.84120386345988,40.85745620727539,61400,0.0,0.0,0.0
2018-05-21 00:00:00-04:00,40.8655870618583,40.8655870618583,40.841206994357236,40.849334716796875,48100,0.0,0.0,0.0
2018-05-22 00:00:00-04:00,40.865562438964844,40.865562438964844,40.85743472142243,40.865562438964844,33100,0.0,0.0,0.0
2018-05-23 00:00:00-04:00,40.857443034959346,40.873695373535156,40.84931841557976,40.873695373535156,59200,0.0,0.0,0.0
2018-05-24 00:00:00-04:00,40.873695373535156,40.873695373535156,40.84931841557976,40.873695373535156,11800,0.0,0.0,0.0
2018-05-25 00:00:00-04:00,40.84932362680717,40.88182830810547,40.84932362680717,40.88182830810547,28200,0.0,0.0,0.0
2018-05-29 00:00:00-04:00,40.88182830810547,40.88995292852153,40.865575967456316,40.88182830810547,62200,0.0,0.0,0.0
2018-05-30 00:00:00-04:00,40.88182309273137,41.32062383501167,40.873695373535156,40.873695373535156,90100,0.0,0.0,0.0
2018-05-31 00:00:00-04:00,40.88995292852153,40.88995292852153,40.865575967456316,40.88182830810547,66000,0.0,0.0,0.0
2018-06-01 00:00:00-04:00,40.90461928261812,40.90461928261812,40.87207060138274,40.896480560302734,48000,0.068,0.0,0.0
2018-06-04 00:00:00-04:00,40.888350310532594,40.888350310532594,40.88021469116211,40.88021469116211,51400,0.0,0.0,0.0
2018-06-05 00:00:00-04:00,40.88020056508139,40.96156914672346,40.863926227950486,40.888336181640625,580500,0.0,0.0,0.0
2018-06-06 00:00:00-04:00,40.888336181640625,40.89647179819987,40.88020056508139,40.888336181640625,51200,0.0,0.0,0.0
2018-06-07 00:00:00-04:00,40.89647729555745,40.89647729555745,40.85579299926758,40.85579299926758,231300,0.0,0.0,0.0
2018-06-08 00:00:00-04:00,40.8720648182431,40.90461349487305,40.863929201091935,40.90461349487305,61300,0.0,0.0,0.0
2018-06-11 00:00:00-04:00,40.90461349487305,40.90461349487305,40.880203539406914,40.90461349487305,16300,0.0,0.0,0.0
2018-06-12 00:00:00-04:00,40.90461928261812,40.90461928261812,40.88020932369813,40.896480560302734,20500,0.0,0.0,0.0
2018-06-13 00:00:00-04:00,40.90461928261812,40.90461928261812,40.88834494200043,40.896480560302734,17800,0.0,0.0,0.0
2018-06-14 00:00:00-04:00,40.91274642944336,40.92088515007353,40.888336475577745,40.91274642944336,74000,0.0,0.0,0.0
2018-06-15 00:00:00-04:00,40.89647209219547,40.93715948732142,40.89647209219547,40.91274642944336,32400,0.0,0.0,0.0
2018-06-18 00:00:00-04:00,40.9208984375,40.9208984375,40.904624094967666,40.9208984375,13300,0.0,0.0,0.0
2018-06-19 00:00:00-04:00,40.896475065813355,40.92902374267578,40.888339448604086,40.92902374267578,103300,0.0,0.0,0.0
2018-06-20 00:00:00-04:00,40.937172780032334,40.937172780032334,40.91275971422711,40.9208984375,55500,0.0,0.0,0.0
2018-06-21 00:00:00-04:00,40.92902374267578,40.93716246389773,40.91274940424457,40.92902374267578,24700,0.0,0.0,0.0
2018-06-22 00:00:00-04:00,40.92088515007353,40.92902076669125,40.91274642944336,40.91274642944336,15400,0.0,0.0,0.0
2018-06-25 00:00:00-04:00,40.92902374267578,40.92902374267578,40.904613787035295,40.92902374267578,23600,0.0,0.0,0.0
2018-06-26 00:00:00-04:00,40.92088515007353,40.93715948732142,40.91274642944336,40.91274642944336,62700,0.0,0.0,0.0
2018-06-27 00:00:00-04:00,40.92088783318802,40.937162171503,40.90461349487305,40.90461349487305,24300,0.0,0.0,0.0
2018-06-28 00:00:00-04:00,40.920886154296085,40.93716049194336,40.920886154296085,40.93716049194336,14600,0.0,0.0,0.0
2018-06-29 00:00:00-04:00,40.93716049194336,40.93716049194336,40.91274743346619,40.93716049194336,170900,0.0,0.0,0.0
2018-07-02 00:00:00-04:00,40.94694519042969,40.94694519042969,40.92250024771031,40.94694519042969,112400,0.072,0.0,0.0
2018-07-03 00:00:00-04:00,40.946944274974065,40.946944274974065,40.9224993328012,40.93879699707031,4600,0.0,0.0,0.0
2018-07-05 00:00:00-04:00,40.94694519042969,40.94694519042969,40.938797912343794,40.94694519042969,9500,0.0,0.0,0.0
2018-07-06 00:00:00-04:00,40.93878738771451,40.955081939697266,40.93063700326224,40.955081939697266,16000,0.0,0.0,0.0
2018-07-09 00:00:00-04:00,40.955081939697266,40.96323232414954,40.93878738771451,40.955081939697266,20900,0.0,0.0,0.0
2018-07-10 00:00:00-04:00,40.95509155287781,40.95509155287781,40.91434894643583,40.93879699707031,100800,0.0,0.0,0.0
2018-07-11 00:00:00-04:00,40.955081939697266,40.955081939697266,40.93878738771451,40.955081939697266,23400,0.0,0.0,0.0
2018-07-12 00:00:00-04:00,40.938797912343794,40.96324285506317,40.938797912343794,40.94694519042969,18900,0.0,0.0,0.0
2018-07-13 00:00:00-04:00,40.95508737691685,40.971385039524186,40.95508737691685,40.96323776245117,22300,0.0,0.0,0.0
2018-07-16 00:00:00-04:00,40.96323232414954,40.96323232414954,40.94693466370589,40.955081939697266,22700,0.0,0.0,0.0
2018-07-17 00:00:00-04:00,40.97139358520508,40.97139358520508,40.95509591919843,40.97139358520508,23800,0.0,0.0,0.0
2018-07-18 00:00:00-04:00,40.97139358520508,40.97139358520508,40.95509591919843,40.97139358520508,29400,0.0,0.0,0.0
2018-07-19 00:00:00-04:00,40.97954177856445,40.97954177856445,40.971391391766495,40.97954177856445,22400,0.0,0.0,0.0
2018-07-20 00:00:00-04:00,40.987689056900635,40.987689056900635,40.971391391766495,40.97954177856445,32800,0.0,0.0,0.0
2018-07-23 00:00:00-04:00,41.01213710883273,41.01213710883273,40.971391391766495,40.97954177856445,53400,0.0,0.0,0.0
2018-07-24 00:00:00-04:00,40.987667083740234,40.987667083740234,40.971369427343134,40.987667083740234,68100,0.0,0.0,0.0
2018-07-25 00:00:00-04:00,41.00398891721837,41.00398891721837,40.97139358520508,40.97139358520508,33300,0.0,0.0,0.0
2018-07-26 00:00:00-04:00,40.97954050065729,40.9958381652832,40.97139011411349,40.9958381652832,26100,0.0,0.0,0.0
2018-07-27 00:00:00-04:00,41.00396474013733,41.00396474013733,40.979519809771745,40.987667083740234,7000,0.0,0.0,0.0
2018-07-30 00:00:00-04:00,40.97139358520508,40.97139358520508,40.96324630643273,40.97139358520508,35600,0.0,0.0,0.0
2018-07-31 00:00:00-04:00,40.98768777873941,40.9958381652832,40.97139011411349,40.9958381652832,26300,0.0,0.0,0.0
2018-08-01 00:00:00-04:00,40.999903732348,41.008063171174655,40.99174118041992,40.99174118041992,42800,0.075,0.0,0.0
2018-08-02 00:00:00-04:00,41.00806427001953,41.016223709064825,40.99174227882744,41.00806427001953,180600,0.0,0.0,0.0
2018-08-03 00:00:00-04:00,41.00806427001953,41.016223709064825,40.99990483097424,41.00806427001953,21900,0.0,0.0,0.0
2018-08-06 00:00:00-04:00,41.02440172148266,41.02440172148266,41.00807972413954,41.016239166259766,95500,0.0,0.0,0.0
2018-08-07 00:00:00-04:00,41.016223709064825,41.02438626121162,40.99990483097424,41.00806427001953,87600,0.0,0.0,0.0
2018-08-08 00:00:00-04:00,41.016239166259766,41.02440172148266,41.00807972413954,41.016239166259766,47200,0.0,0.0,0.0
2018-08-09 00:00:00-04:00,41.024410247802734,41.024410247802734,41.00808824706732,41.024410247802734,32000,0.0,0.0,0.0
2018-08-10 00:00:00-04:00,41.024410247802734,41.032569691618775,41.00808824706732,41.024410247802734,28700,0.0,0.0,0.0
2018-08-13 00:00:00-04:00,41.032562255859375,41.032562255859375,41.00808081574435,41.032562255859375,23300,0.0,0.0,0.0
2018-08-14 00:00:00-04:00,41.032561163602885,41.032561163602885,41.016239166259766,41.016239166259766,26400,0.0,0.0,0.0
2018-08-15 00:00:00-04:00,41.040724811299555,41.040724811299555,40.99175881796675,41.032562255859375,150500,0.0,0.0,0.0
2018-08-16 00:00:00-04:00,41.03255171057359,41.040714263916016,41.016229716990715,41.040714263916016,20100,0.0,0.0,0.0
2018-08-17 00:00:00-04:00,41.02440281352195,41.032562255859375,41.01624025808177,41.032562255859375,98100,0.0,0.0,0.0
2018-08-20 00:00:00-04:00,41.040714263916016,41.040714263916016,41.016229716990715,41.040714263916016,88300,0.0,0.0,0.0
2018-08-21 00:00:00-04:00,41.03255171057359,41.040714263916016,41.02439227033314,41.040714263916016,55500,0.0,0.0,0.0
2018-08-22 00:00:00-04:00,41.04070683320952,41.048866271972656,41.03254428134498,41.048866271972656,30300,0.0,0.0,0.0
2018-08-23 00:00:00-04:00,41.048866271972656,41.05702882383719,41.04070683320952,41.048866271972656,38500,0.0,0.0,0.0
2018-08-24 00:00:00-04:00,41.05703353881836,41.05703353881836,41.040711546316274,41.05703353881836,43500,0.0,0.0,0.0
2018-08-27 00:00:00-04:00,41.05703353881836,41.05703353881836,41.040711546316274,41.05703353881836,88900,0.0,0.0,0.0
2018-08-28 00:00:00-04:00,41.065192978518525,41.065192978518525,41.04887098601644,41.05703353881836,20700,0.0,0.0,0.0
2018-08-29 00:00:00-04:00,41.05703353881836,41.065192978518525,41.040711546316274,41.05703353881836,345000,0.0,0.0,0.0
2018-08-30 00:00:00-04:00,41.05704136440868,41.06520080566406,41.04887881005096,41.06520080566406,37200,0.0,0.0,0.0
2018-08-31 00:00:00-04:00,41.08152751470131,41.08152751470131,41.05704607502398,41.073368072509766,85500,0.0,0.0,0.0
2018-09-04 00:00:00-04:00,41.07336560842483,41.07336560842483,41.06519317626953,41.06519317626953,18700,0.08,0.0,0.0
2018-09-05 00:00:00-04:00,41.07335662841797,41.07335662841797,41.06518419804944,41.07335662841797,32300,0.0,0.0,0.0
2018-09-06 00:00:00-04:00,41.081539154052734,41.081539154052734,41.06519428929913,41.081539154052734,61300,0.0,0.0,0.0
2018-09-07 00:00:00-04:00,41.081539154052734,41.081539154052734,41.07336672167593,41.081539154052734,44900,0.0,0.0,0.0
2018-09-10 00:00:00-04:00,41.08971470448844,41.08971470448844,41.06519428929913,41.081539154052734,61700,0.0,0.0,0.0
2018-09-11 00:00:00-04:00,41.089725494384766,41.089725494384766,41.07337750727938,41.089725494384766,32900,0.0,0.0,0.0
2018-09-12 00:00:00-04:00,41.08971470448844,41.08971470448844,41.07336672167593,41.081539154052734,35100,0.0,0.0,0.0
2018-09-13 00:00:00-04:00,41.08971651379654,41.0978889465332,41.08154096300084,41.0978889465332,93500,0.0,0.0,0.0
2018-09-14 00:00:00-04:00,41.10606384277344,41.10606384277344,41.081540308835876,41.10606384277344,9500,0.0,0.0,0.0
2018-09-17 00:00:00-04:00,41.081549941802216,41.089725494384766,41.081549941802216,41.089725494384766,51000,0.0,0.0,0.0
2018-09-18 00:00:00-04:00,41.097888292107925,41.10606384277344,41.081540308835876,41.10606384277344,222000,0.0,0.0,0.0
2018-09-19 00:00:00-04:00,41.10606384277344,41.10606384277344,41.097888292107925,41.10606384277344,45300,0.0,0.0,0.0
2018-09-20 00:00:00-04:00,41.114236275379966,41.114236275379966,41.089715859501396,41.10606384277344,98800,0.0,0.0,0.0
2018-09-21 00:00:00-04:00,41.10606384277344,41.114236275379966,41.097888292107925,41.10606384277344,42000,0.0,0.0,0.0
2018-09-24 00:00:00-04:00,41.122412480861264,41.122412480861264,41.0978889465332,41.0978889465332,98000,0.0,0.0,0.0
2018-09-25 00:00:00-04:00,41.10605486410042,41.12240284380163,41.10605486410042,41.114227294921875,101600,0.0,0.0,0.0
2018-09-26 00:00:00-04:00,41.12240284380163,41.12240284380163,41.10605486410042,41.114227294921875,464700,0.0,0.0,0.0
2018-09-27 00:00:00-04:00,41.13057080639848,41.13057080639848,41.11422282847324,41.122398376464844,57600,0.0,0.0,0.0
2018-09-28 00:00:00-04:00,41.13875263664243,41.13875263664243,41.12240465622071,41.130577087402344,23900,0.0,0.0,0.0
2018-10-01 00:00:00-04:00,41.1379508972168,41.1379508972168,41.12157720867145,41.1379508972168,22400,0.079,0.0,0.0
2018-10-02 00:00:00-04:00,41.1379508972168,41.1379508972168,41.12157720867145,41.1379508972168,18300,0.0,0.0,0.0
2018-10-03 00:00:00-04:00,41.12975141882635,41.146121978759766,41.12156301589896,41.146121978759766,47500,0.0,0.0,0.0
2018-10-04 00:00:00-04:00,41.14613893826302,41.16251262790599,41.12976837158203,41.12976837158203,123700,0.0,0.0,0.0
2018-10-05 00:00:00-04:00,41.13795370291606,41.154327392578125,41.12976841956601,41.154327392578125,85000,0.0,0.0,0.0
2018-10-08 00:00:00-04:00,41.15431038168717,41.15431038168717,41.146121978759766,41.146121978759766,32600,0.0,0.0,0.0
2018-10-09 00:00:00-04:00,41.154327344565495,41.154327344565495,41.12976837158203,41.12976837158203,102300,0.0,0.0,0.0
2018-10-10 00:00:00-04:00,41.14611716374854,41.16249084472656,41.13793188473969,41.16249084472656,170500,0.0,0.0,0.0
2018-10-11 00:00:00-04:00,41.170684814453125,41.170684814453125,41.14612272818425,41.170684814453125,341500,0.0,0.0,0.0
2018-10-12 00:00:00-04:00,41.170684814453125,41.170684814453125,41.15431113126079,41.170684814453125,166300,0.0,0.0,0.0
2018-10-15 00:00:00-04:00,41.170679246695734,41.170679246695734,41.15430556571771,41.16249084472656,43800,0.0,0.0,0.0
2018-10-16 00:00:00-04:00,41.170679246695734,41.170679246695734,41.14611716374854,41.16249084472656,133800,0.0,0.0,0.0
2018-10-17 00:00:00-04:00,41.15431113126079,41.170684814453125,41.14612272818425,41.170684814453125,202000,0.0,0.0,0.0
2018-10-18 00:00:00-04:00,41.154302506201134,41.187049865722656,41.154302506201134,41.187049865722656,39800,0.0,0.0,0.0
2018-10-19 00:00:00-04:00,41.18706337352833,41.18706337352833,41.17068968839762,41.17887496948242,63600,0.0,0.0,0.0
2018-10-22 00:00:00-04:00,41.19523514412299,41.19523514412299,41.17886146436223,41.187049865722656,150100,0.0,0.0,0.0
2018-10-23 00:00:00-04:00,41.187049865722656,41.19523514412299,41.17886146436223,41.187049865722656,179400,0.0,0.0,0.0
2018-10-24 00:00:00-04:00,41.18706236926127,41.195247650146484,41.178873965415015,41.195247650146484,30100,0.0,0.0,0.0
2018-10-25 00:00:00-04:00,41.178873965415015,41.20343605399274,41.178873965415015,41.195247650146484,54100,0.0,0.0,0.0
2018-10-26 00:00:00-04:00,41.20343605399274,41.20343605399274,41.178873965415015,41.195247650146484,52300,0.0,0.0,0.0
2018-10-29 00:00:00-04:00,41.19523514412299,41.19523514412299,41.17886146436223,41.187049865722656,127900,0.0,0.0,0.0
2018-10-30 00:00:00-04:00,41.203426361083984,41.203426361083984,41.19523795916401,41.203426361083984,40700,0.0,0.0,0.0
2018-10-31 00:00:00-04:00,41.21161164004365,41.21161164004365,41.187052680204346,41.203426361083984,320100,0.0,0.0,0.0
2018-11-01 00:00:00-04:00,41.22148895263672,41.229687593911294,41.205088542029095,41.22148895263672,309300,0.082,0.0,0.0
2018-11-02 00:00:00-04:00,41.19688990075452,41.22148895263672,41.19688990075452,41.22148895263672,98500,0.0,0.0,0.0
2018-11-05 00:00:00-05:00,41.22147284020155,41.229671478271484,41.22147284020155,41.229671478271484,66100,0.0,0.0,0.0
2018-11-06 00:00:00-05:00,41.229687593911294,41.229687593911294,41.22148895263672,41.22148895263672,80500,0.0,0.0,0.0
2018-11-07 00:00:00-05:00,41.229671478271484,41.229671478271484,41.22147284020155,41.229671478271484,48000,0.0,0.0,0.0
2018-11-08 00:00:00-05:00,41.23787307739258,41.23787307739258,41.2132709071679,41.23787307739258,207700,0.0,0.0,0.0
2018-11-09 00:00:00-05:00,41.22147284020155,41.23787324439867,41.22147284020155,41.229671478271484,121800,0.0,0.0,0.0
2018-11-12 00:00:00-05:00,41.24607171542931,41.24607171542931,41.23787307739258,41.23787307739258,135000,0.0,0.0,0.0
2018-11-13 00:00:00-05:00,41.23788366576636,41.25428407410809,41.23788366576636,41.2460823059082,364100,0.0,0.0,0.0
2018-11-14 00:00:00-05:00,41.2460823059082,41.2460823059082,41.23788366576636,41.2460823059082,99000,0.0,0.0,0.0
2018-11-15 00:00:00-05:00,41.2542610168457,41.2542610168457,41.24605925322984,41.2542610168457,125500,0.0,0.0,0.0
2018-11-16 00:00:00-05:00,41.2542610168457,41.2542610168457,41.24605925322984,41.2542610168457,51300,0.0,0.0,0.0
2018-11-19 00:00:00-05:00,41.262459652405276,41.262459652405276,41.237860617670265,41.2542610168457,137500,0.0,0.0,0.0
2018-11-20 00:00:00-05:00,41.26247024536133,41.26247024536133,41.25427160769699,41.26247024536133,113600,0.0,0.0,0.0
2018-11-21 00:00:00-05:00,41.26248066547064,41.27888107299805,41.26248066547064,41.27888107299805,271900,0.0,0.0,0.0
2018-11-23 00:00:00-05:00,41.27888107299805,41.27888107299805,41.26248066547064,41.27888107299805,168900,0.0,0.0,0.0
2018-11-26 00:00:00-05:00,41.27888107299805,41.27888107299805,41.26248066547064,41.27888107299805,149800,0.0,0.0,0.0
2018-11-27 00:00:00-05:00,41.27888107299805,41.27888107299805,41.27068243326329,41.27888107299805,167600,0.0,0.0,0.0
2018-11-28 00:00:00-05:00,41.27888107299805,41.27888107299805,41.27068243326329,41.27888107299805,143800,0.0,0.0,0.0
2018-11-29 00:00:00-05:00,41.28706359863281,41.28706359863281,41.270666325563056,41.28706359863281,125500,0.0,0.0,0.0
2018-11-30 00:00:00-05:00,41.270666325563056,41.29526536322436,41.270666325563056,41.28706359863281,183700,0.0,0.0,0.0
2018-12-03 00:00:00-05:00,41.290348052978516,41.298560389805495,41.28213258286774,41.290348052978516,221300,0.084,0.0,0.0
2018-12-04 00:00:00-05:00,41.28213258286774,41.30677585991627,41.28213258286774,41.290348052978516,252700,0.0,0.0,0.0
2018-12-06 00:00:00-05:00,41.315013184078964,41.315013184078964,41.28215755033236,41.306800842285156,480300,0.0,0.0,0.0
2018-12-07 00:00:00-05:00,41.28215755033236,41.306800842285156,41.28215755033236,41.306800842285156,168900,0.0,0.0,0.0
2018-12-10 00:00:00-05:00,41.29036228914604,41.31500244140625,41.29036228914604,41.31500244140625,252900,0.0,0.0,0.0
2018-12-11 00:00:00-05:00,41.31500244140625,41.31500244140625,41.29857462880448,41.31500244140625,137600,0.0,0.0,0.0
2018-12-12 00:00:00-05:00,41.31500244140625,41.31500244140625,41.29857462880448,41.31500244140625,319400,0.0,0.0,0.0
2018-12-13 00:00:00-05:00,41.32321618851657,41.33142852783203,41.29857290400069,41.33142852783203,637000,0.0,0.0,0.0
2018-12-14 00:00:00-05:00,41.32320785522461,41.32320785522461,41.31499238428114,41.32320785522461,182700,0.0,0.0,0.0
2018-12-17 00:00:00-05:00,41.33142019288396,41.33142019288396,41.30678004662179,41.32320785522461,212900,0.0,0.0,0.0
2018-12-18 00:00:00-05:00,41.303485450383626,41.3199348449707,41.29525918438948,41.3199348449707,571000,0.066,0.0,0.0
2018-12-19 00:00:00-05:00,41.3199348449707,41.3199348449707,41.31170857897656,41.3199348449707,197600,0.0,0.0,0.0
2018-12-20 00:00:00-05:00,41.31170857897656,41.328157973563634,41.31170857897656,41.3199348449707,358300,0.0,0.0,0.0
2018-12-21 00:00:00-05:00,41.32815170288086,41.32815170288086,41.311702310789634,41.32815170288086,99300,0.0,0.0,0.0
2018-12-24 00:00:00-05:00,41.33636474609375,41.33636474609375,41.311692232676215,41.33636474609375,102300,0.0,0.0,0.0
2018-12-26 00:00:00-05:00,41.32815170288086,41.32815170288086,41.303479183444395,41.32815170288086,391500,0.0,0.0,0.0
2018-12-27 00:00:00-05:00,41.33636474609375,41.33636474609375,41.30346910733703,41.33636474609375,267400,0.0,0.0,0.0
2018-12-28 00:00:00-05:00,41.34459686279297,41.34459686279297,41.32814747238557,41.34459686279297,195800,0.0,0.0,0.0
2018-12-31 00:00:00-05:00,41.34459686279297,41.34459686279297,41.31992434588207,41.34459686279297,142800,0.0,0.0,0.0
2019-01-02 00:00:00-05:00,41.34459686279297,41.34459686279297,41.31992434588207,41.34459686279297,1473200,0.0,0.0,0.0
2019-01-03 00:00:00-05:00,41.35282897949219,41.35282897949219,41.336379585508645,41.35282897949219,192400,0.0,0.0,0.0
2019-01-04 00:00:00-05:00,41.35282897949219,41.35282897949219,41.336379585508645,41.35282897949219,158400,0.0,0.0,0.0
2019-01-07 00:00:00-05:00,41.34460585120097,41.36105524518451,41.34460585120097,41.35282897949219,166500,0.0,0.0,0.0
2019-01-08 00:00:00-05:00,41.336370598889054,41.36104625320038,41.336370598889054,41.34459686279297,190800,0.0,0.0,0.0
2019-01-09 00:00:00-05:00,41.3528141341721,41.3528141341721,41.33636474609375,41.33636474609375,195200,0.0,0.0,0.0
2019-01-10 00:00:00-05:00,41.35282856028478,41.36927795410156,41.35282856028478,41.36927795410156,51100,0.0,0.0,0.0
2019-01-11 00:00:00-05:00,41.352831015396816,41.36928041019021,41.352831015396816,41.36105728149414,50800,0.0,0.0,0.0
2019-01-14 00:00:00-05:00,41.3610548258937,41.377504219710495,41.3610548258937,41.36927795410156,81400,0.0,0.0,0.0
2019-01-15 00:00:00-05:00,41.36927999008973,41.377506256103516,41.36927999008973,41.377506256103516,38100,0.0,0.0,0.0
2019-01-16 00:00:00-05:00,41.36927999008973,41.377506256103516,41.36105686147717,41.377506256103516,127300,0.0,0.0,0.0
2019-01-17 00:00:00-05:00,41.385725150843406,41.393951416015625,41.385725150843406,41.393951416015625,185000,0.0,0.0,0.0
2019-01-18 00:00:00-05:00,41.39395658921858,41.40217971801758,41.38573032301829,41.40217971801758,171300,0.0,0.0,0.0
2019-01-22 00:00:00-05:00,41.39395658921858,41.40217971801758,41.38573032301829,41.40217971801758,135200,0.0,0.0,0.0
2019-01-23 00:00:00-05:00,41.38573032301829,41.40217971801758,41.38573032301829,41.40217971801758,92900,0.0,0.0,0.0
2019-01-24 00:00:00-05:00,41.4103889465332,41.4103889465332,41.39394269445575,41.4103889465332,82800,0.0,0.0,0.0
2019-01-25 00:00:00-05:00,41.418615209972174,41.418615209972174,41.38571643101678,41.4103889465332,628000,0.0,0.0,0.0
2019-01-28 00:00:00-05:00,41.418615209972174,41.418615209972174,41.402165820494474,41.4103889465332,65200,0.0,0.0,0.0
2019-01-29 00:00:00-05:00,41.410402846816574,41.410402846816574,41.39395658921858,41.40217971801758,336400,0.0,0.0,0.0
2019-01-30 00:00:00-05:00,41.39394269445575,41.418615209972174,41.39394269445575,41.4103889465332,58200,0.0,0.0,0.0
2019-01-31 00:00:00-05:00,41.418618609126256,41.43506799995393,41.418618609126256,41.426841735839844,117000,0.0,0.0,0.0
2019-02-01 00:00:00-05:00,41.43672561645508,41.44496378902326,41.428484300745886,41.43672561645508,441100,0.092,0.0,0.0
2019-02-04 00:00:00-05:00,41.420255325358426,41.436734817295,41.420255325358426,41.42849349975586,211100,0.0,0.0,0.0
2019-02-05 00:00:00-05:00,41.436734817295,41.44497299169244,41.420255325358426,41.42849349975586,136900,0.0,0.0,0.0
2019-02-06 00:00:00-05:00,41.444969177246094,41.444969177246094,41.436731003606866,41.444969177246094,55100,0.0,0.0,0.0
2019-02-07 00:00:00-05:00,41.42849349975586,41.453214309231576,41.42849349975586,41.42849349975586,1190700,0.0,0.0,0.0
2019-02-08 00:00:00-05:00,41.428491929498385,41.45321273803711,41.428491929498385,41.45321273803711,218300,0.0,0.0,0.0
2019-02-11 00:00:00-05:00,41.461448667665955,41.461448667665955,41.42848968682623,41.444969177246094,107900,0.0,0.0,0.0
2019-02-12 00:00:00-05:00,41.45321273803711,41.461450912122295,41.44497142081034,41.45321273803711,165200,0.0,0.0,0.0
2019-02-13 00:00:00-05:00,41.444969177246094,41.461448667665955,41.436731003606866,41.444969177246094,107600,0.0,0.0,0.0
2019-02-14 00:00:00-05:00,41.45321273803711,41.45321273803711,41.44497142081034,41.45321273803711,53000,0.0,0.0,0.0
2019-02-15 00:00:00-05:00,41.46143341064453,41.469674724392526,41.4531952400368,41.46143341064453,70200,0.0,0.0,0.0
2019-02-19 00:00:00-05:00,41.45321273803711,41.469692229349064,41.45321273803711,41.45321273803711,171100,0.0,0.0,0.0
2019-02-20 00:00:00-05:00,41.453212738912306,41.47793040430997,41.453212738912306,41.46969223022461,60600,0.0,0.0,0.0
2019-02-21 00:00:00-05:00,41.46143341064453,41.48615106560799,41.46143341064453,41.46143341064453,111900,0.0,0.0,0.0
2019-02-22 00:00:00-05:00,41.46145091299767,41.48616857839533,41.46145091299767,41.46969223022461,142400,0.0,0.0,0.0
2019-02-25 00:00:00-05:00,41.48616857839533,41.48616857839533,41.46145091299767,41.46969223022461,119000,0.0,0.0,0.0
2019-02-26 00:00:00-05:00,41.46969223022461,41.48616857839533,41.46969223022461,41.46969223022461,169200,0.0,0.0,0.0
2019-02-27 00:00:00-05:00,41.494409895622276,41.494409895622276,41.46969223022461,41.46969223022461,163500,0.0,0.0,0.0
2019-02-28 00:00:00-05:00,41.50265345962335,41.50265345962335,41.477935791015625,41.477935791015625,358500,0.0,0.0,0.0
2019-03-01 00:00:00-05:00,41.50103759765625,41.509293346300545,41.4927849976575,41.50103759765625,94100,0.088,0.0,0.0
2019-03-04 00:00:00-05:00,41.50929094045967,41.50929094045967,41.484526844607636,41.49278259277344,131400,0.0,0.0,0.0
2019-03-05 00:00:00-05:00,41.48452924901321,41.509293346300545,41.48452924901321,41.50103759765625,119000,0.0,0.0,0.0
2019-03-06 00:00:00-05:00,41.4927849976575,41.51754594629929,41.4927849976575,41.50103759765625,200600,0.0,0.0,0.0
2019-03-07 00:00:00-05:00,41.50103759765625,41.51754594629929,41.50103759765625,41.50103759765625,49200,0.0,0.0,0.0
2019-03-08 00:00:00-05:00,41.4927849976575,41.51754594629929,41.4927849976575,41.50103759765625,53800,0.0,0.0,0.0
2019-03-11 00:00:00-04:00,41.50104232689263,41.52580642700195,41.50104232689263,41.52580642700195,127200,0.0,0.0,0.0
2019-03-12 00:00:00-04:00,41.50928497314453,41.52579331845755,41.50928497314453,41.50928497314453,46200,0.0,0.0,0.0
2019-03-13 00:00:00-04:00,41.509298076477705,41.52580642700195,41.509298076477705,41.52580642700195,104600,0.0,0.0,0.0
2019-03-14 00:00:00-04:00,41.517540898399375,41.54230499267578,41.517540898399375,41.54230499267578,322700,0.0,0.0,0.0
2019-03-15 00:00:00-04:00,41.517540898399375,41.54230499267578,41.517540898399375,41.54230499267578,175300,0.0,0.0,0.0
2019-03-18 00:00:00-04:00,41.54230499267578,41.55055759167114,41.5257966460399,41.54230499267578,86700,0.0,0.0,0.0
2019-03-19 00:00:00-04:00,41.54230499267578,41.54230499267578,41.517540898399375,41.54230499267578,109600,0.0,0.0,0.0
2019-03-20 00:00:00-04:00,41.53405902794112,41.5423147775262,41.51755067741688,41.52580642700195,163100,0.0,0.0,0.0
2019-03-21 00:00:00-04:00,41.53405902794112,41.53405902794112,41.51755067741688,41.52580642700195,222700,0.0,0.0,0.0
2019-03-22 00:00:00-04:00,41.51755067741688,41.53405902794112,41.51755067741688,41.52580642700195,208100,0.0,0.0,0.0
2019-03-25 00:00:00-04:00,41.5257966460399,41.54230499267578,41.5257966460399,41.54230499267578,163000,0.0,0.0,0.0
2019-03-26 00:00:00-04:00,41.542311212025,41.55056381225586,41.5340554631485,41.55056381225586,33800,0.0,0.0,0.0
2019-03-27 00:00:00-04:00,41.534049245035256,41.55055759167114,41.534049245035256,41.54230499267578,197400,0.0,0.0,0.0
2019-03-28 00:00:00-04:00,41.542311212025,41.55881641248672,41.542311212025,41.55056381225586,52200,0.0,0.0,0.0
2019-03-29 00:00:00-04:00,41.567054748535156,41.567054748535156,41.55054640634329,41.567054748535156,279200,0.0,0.0,0.0
2019-04-01 00:00:00-04:00,41.57286039792785,41.57286039792785,41.539779982931535,41.55632019042969,512000,0.097,0.0,0.0
2019-04-02 00:00:00-04:00,41.564579010009766,41.57285068918812,41.55631048555269,41.564579010009766,180700,0.0,0.0,0.0
2019-04-03 00:00:00-04:00,41.56459285053798,41.58940474161383,41.56459285053798,41.5728645324707,123100,0.0,0.0,0.0
2019-04-04 00:00:00-04:00,41.59767326882423,41.59767326882423,41.5728645324707,41.5728645324707,91600,0.0,0.0,0.0
2019-04-05 00:00:00-04:00,41.58112193600275,41.589393615722656,41.58112193600275,41.589393615722656,141100,0.0,0.0,0.0
2019-04-08 00:00:00-04:00,41.58111986080441,41.597660064697266,41.58111986080441,41.597660064697266,105400,0.0,0.0,0.0
2019-04-09 00:00:00-04:00,41.589393615722656,41.597662140721084,41.589393615722656,41.589393615722656,88400,0.0,0.0,0.0
2019-04-10 00:00:00-04:00,41.589393615722656,41.605933820440995,41.589393615722656,41.589393615722656,139000,0.0,0.0,0.0
2019-04-11 00:00:00-04:00,41.59767390509895,41.61421411449508,41.59767390509895,41.6059455871582,130000,0.0,0.0,0.0
2019-04-12 00:00:00-04:00,41.62248992919922,41.62248992919922,41.605949718160836,41.62248992919922,286100,0.0,0.0,0.0
2019-04-15 00:00:00-04:00,41.6059455871582,41.62248579655433,41.6059455871582,41.6059455871582,66400,0.0,0.0,0.0
2019-04-16 00:00:00-04:00,41.6059455871582,41.62248579655433,41.6059455871582,41.6059455871582,73000,0.0,0.0,0.0
2019-04-17 00:00:00-04:00,41.61420646558088,41.639015197753906,41.61420646558088,41.639015197753906,43800,0.0,0.0,0.0
2019-04-18 00:00:00-04:00,41.63902872137364,41.63902872137364,41.622491664368546,41.630760192871094,57300,0.0,0.0,0.0
2019-04-22 00:00:00-04:00,41.622491664368546,41.63902872137364,41.622491664368546,41.630760192871094,71700,0.0,0.0,0.0
2019-04-23 00:00:00-04:00,41.63902872137364,41.64730040459901,41.622491664368546,41.630760192871094,117800,0.0,0.0,0.0
2019-04-24 00:00:00-04:00,41.630760192871094,41.63902872137364,41.622491664368546,41.630760192871094,95700,0.0,0.0,0.0
2019-04-25 00:00:00-04:00,41.63900233934947,41.647274017333984,41.630733816085765,41.647274017333984,89500,0.0,0.0,0.0
2019-04-26 00:00:00-04:00,41.63902872137364,41.655568933101556,41.630760192871094,41.630760192871094,66000,0.0,0.0,0.0
2019-04-29 00:00:00-04:00,41.630733816085765,41.647274017333984,41.630733816085765,41.647274017333984,70500,0.0,0.0,0.0
2019-04-30 00:00:00-04:00,41.639015197753906,41.647286878292775,41.639015197753906,41.639015197753906,57300,0.0,0.0,0.0
2019-05-01 00:00:00-04:00,41.644823890337754,41.66968367515402,41.644823890337754,41.66139602661133,34800,0.097,0.0,0.0
2019-05-02 00:00:00-04:00,41.644823890337754,41.66139602661133,41.644823890337754,41.66139602661133,81700,0.0,0.0,0.0
2019-05-03 00:00:00-04:00,41.67796816288491,41.67796816288491,41.65311153888044,41.66139602661133,58900,0.0,0.0,0.0
2019-05-06 00:00:00-04:00,41.677978515625,41.677978515625,41.66140637523493,41.677978515625,34900,0.0,0.0,0.0
2019-05-07 00:00:00-04:00,41.66968367515402,41.67796816288491,41.66139602661133,41.66139602661133,68200,0.0,0.0,0.0
2019-05-08 00:00:00-04:00,41.66140637523493,41.677978515625,41.66140637523493,41.677978515625,44500,0.0,0.0,0.0
2019-05-09 00:00:00-04:00,41.66969402583626,41.677978515625,41.66969402583626,41.677978515625,38900,0.0,0.0,0.0
2019-05-10 00:00:00-04:00,41.66968427218039,41.69454089654099,41.66968427218039,41.686256408691406,30000,0.0,0.0,0.0
2019-05-13 00:00:00-04:00,41.70283721093046,41.70283721093046,41.67797742059222,41.694549560546875,56600,0.0,0.0,0.0
2019-05-14 00:00:00-04:00,41.67797742059222,41.694549560546875,41.67797742059222,41.694549560546875,20600,0.0,0.0,0.0
2019-05-15 00:00:00-04:00,41.686256408691406,41.69454089654099,41.686256408691406,41.686256408691406,43300,0.0,0.0,0.0
2019-05-16 00:00:00-04:00,41.70283721093046,41.70283721093046,41.694549560546875,41.694549560546875,23700,0.0,0.0,0.0
2019-05-17 00:00:00-04:00,41.69453217729045,41.71110431033586,41.69453217729045,41.70281982421875,23800,0.0,0.0,0.0
2019-05-20 00:00:00-04:00,41.71938879645298,41.71938879645298,41.69453217729045,41.70281982421875,118900,0.0,0.0,0.0
2019-05-21 00:00:00-04:00,41.71110916137695,41.72768129634973,41.71110916137695,41.71110916137695,69300,0.0,0.0,0.0
2019-05-22 00:00:00-04:00,41.72766707011548,41.72766707011548,41.71109494079265,41.71937942504883,30100,0.0,0.0,0.0
2019-05-23 00:00:00-04:00,41.7276611328125,41.7276611328125,41.71937348892507,41.7276611328125,129100,0.0,0.0,0.0
2019-05-24 00:00:00-04:00,41.7276611328125,41.7276611328125,41.71937348892507,41.7276611328125,40600,0.0,0.0,0.0
2019-05-28 00:00:00-04:00,41.7276611328125,41.7276611328125,41.71937348892507,41.7276611328125,33000,0.0,0.0,0.0
2019-05-29 00:00:00-04:00,41.744241930276786,41.744241930276786,41.72766979986984,41.73595428466797,109900,0.0,0.0,0.0
2019-05-30 00:00:00-04:00,41.72766979986984,41.73595428466797,41.72766979986984,41.73595428466797,30600,0.0,0.0,0.0
2019-05-31 00:00:00-04:00,41.75252810696001,41.75252810696001,41.735955975881524,41.74424362182617,158700,0.0,0.0,0.0
2019-06-03 00:00:00-04:00,41.76085634577711,41.76085634577711,41.73595028749148,41.7442512512207,51900,0.1,0.0,0.0
2019-06-04 00:00:00-04:00,41.76085634577711,41.76085634577711,41.73595028749148,41.7442512512207,82800,0.0,0.0,0.0
2019-06-05 00:00:00-04:00,41.760841549166955,41.760841549166955,41.74423646049403,41.752540588378906,70600,0.0,0.0,0.0
2019-06-06 00:00:00-04:00,41.76914567705183,41.76914567705183,41.752540588378906,41.752540588378906,55200,0.0,0.0,0.0
2019-06-07 00:00:00-04:00,41.74423646049403,41.76914567705183,41.74423646049403,41.752540588378906,21000,0.0,0.0,0.0
2019-06-10 00:00:00-04:00,41.7608528137207,41.7608528137207,41.75255185069356,41.7608528137207,98600,0.0,0.0,0.0
2019-06-11 00:00:00-04:00,41.76915694384554,41.76915694384554,41.75255185069356,41.7608528137207,58900,0.0,0.0,0.0
2019-06-12 00:00:00-04:00,41.74423646049403,41.760841549166955,41.74423646049403,41.752540588378906,41900,0.0,0.0,0.0
2019-06-13 00:00:00-04:00,41.74423646049403,41.760841549166955,41.74423646049403,41.752540588378906,93800,0.0,0.0,0.0
2019-06-14 00:00:00-04:00,41.74423646049403,41.752540588378906,41.74423646049403,41.752540588378906,52500,0.0,0.0,0.0
2019-06-17 00:00:00-04:00,41.75255185069356,41.7608528137207,41.75255185069356,41.7608528137207,49900,0.0,0.0,0.0
2019-06-18 00:00:00-04:00,41.752540588378906,41.76914567705183,41.74423646049403,41.752540588378906,173300,0.0,0.0,0.0
2019-06-19 00:00:00-04:00,41.75255185069356,41.7608528137207,41.75255185069356,41.7608528137207,35200,0.0,0.0,0.0
2019-06-20 00:00:00-04:00,41.752540588378906,41.760841549166955,41.752540588378906,41.752540588378906,80100,0.0,0.0,0.0
2019-06-21 00:00:00-04:00,41.75255185069356,41.76915694384554,41.75255185069356,41.7608528137207,170600,0.0,0.0,0.0
2019-06-24 00:00:00-04:00,41.752559942692315,41.7691650390625,41.752559942692315,41.7691650390625,69300,0.0,0.0,0.0
2019-06-25 00:00:00-04:00,41.7608528137207,41.777457906872684,41.7608528137207,41.7608528137207,113100,0.0,0.0,0.0
2019-06-26 00:00:00-04:00,41.777457906872684,41.78576203699751,41.7608528137207,41.7608528137207,35100,0.0,0.0,0.0
2019-06-27 00:00:00-04:00,41.76085356314142,41.785762786865234,41.76085356314142,41.785762786865234,34600,0.0,0.0,0.0
2019-06-28 00:00:00-04:00,41.7691650390625,41.785770135432685,41.7691650390625,41.7691650390625,80600,0.0,0.0,0.0
2019-07-01 00:00:00-04:00,41.79911899326622,41.79911899326622,41.77416531076905,41.7824821472168,16000,0.096,0.0,0.0
2019-07-02 00:00:00-04:00,41.77414321899414,41.807413720344336,41.77414321899414,41.77414321899414,29600,0.0,0.0,0.0
2019-07-03 00:00:00-04:00,41.80742343188181,41.80742343188181,41.78246975678456,41.79910659790039,13800,0.0,0.0,0.0
2019-07-05 00:00:00-04:00,41.79079659665156,41.8157502758287,41.79079659665156,41.807430267333984,86600,0.0,0.0,0.0
2019-07-08 00:00:00-04:00,41.8157502758287,41.8157502758287,41.79911343199277,41.807430267333984,66900,0.0,0.0,0.0
2019-07-09 00:00:00-04:00,41.81573659948254,41.81573659948254,41.7907829284668,41.7907829284668,38300,0.0,0.0,0.0
2019-07-10 00:00:00-04:00,41.79910659790039,41.81574343901622,41.79910659790039,41.79910659790039,60500,0.0,0.0,0.0
2019-07-11 00:00:00-04:00,41.79911343199277,41.8157502758287,41.79911343199277,41.807430267333984,44100,0.0,0.0,0.0
2019-07-12 00:00:00-04:00,41.83236788477015,41.83236788477015,41.807411043914875,41.815731048583984,32500,0.0,0.0,0.0
2019-07-15 00:00:00-04:00,41.83238711966463,41.83238711966463,41.807430267333984,41.807430267333984,56100,0.0,0.0,0.0
2019-07-16 00:00:00-04:00,41.815731048583984,41.83236788477015,41.815731048583984,41.815731048583984,87200,0.0,0.0,0.0
2019-07-17 00:00:00-04:00,41.815731048583984,41.82404788010104,41.815731048583984,41.815731048583984,44900,0.0,0.0,0.0
2019-07-18 00:00:00-04:00,41.82405075281606,41.83237075805664,41.82405075281606,41.83237075805664,30000,0.0,0.0,0.0
2019-07-19 00:00:00-04:00,41.824058532714844,41.83237853950306,41.824058532714844,41.824058532714844,24800,0.0,0.0,0.0
2019-07-22 00:00:00-04:00,41.824058532714844,41.84069537313842,41.824058532714844,41.824058532714844,33000,0.0,0.0,0.0
2019-07-23 00:00:00-04:00,41.824058532714844,41.84069537313842,41.824058532714844,41.824058532714844,82800,0.0,0.0,0.0
2019-07-24 00:00:00-04:00,41.824058532714844,41.83237853950306,41.824058532714844,41.824058532714844,39700,0.0,0.0,0.0
2019-07-25 00:00:00-04:00,41.832373780103836,41.849010618634594,41.832373780103836,41.84069061279297,19400,0.0,0.0,0.0
2019-07-26 00:00:00-04:00,41.85732745132372,41.85732745132372,41.84069061279297,41.84069061279297,30600,0.0,0.0,0.0
2019-07-29 00:00:00-04:00,41.857330322265625,41.857330322265625,41.849013489006055,41.857330322265625,64200,0.0,0.0,0.0
2019-07-30 00:00:00-04:00,41.857338746554525,41.857338746554525,41.84070190353431,41.849021911621094,71000,0.0,0.0,0.0
2019-07-31 00:00:00-04:00,41.84070190353431,41.857338746554525,41.84070190353431,41.849021911621094,56500,0.0,0.0,0.0
2019-08-01 00:00:00-04:00,41.84568405151367,41.870688614188374,41.84568405151367,41.84568405151367,33900,0.096,0.0,0.0
2019-08-02 00:00:00-04:00,41.854025357443106,41.87069400830041,41.854025357443106,41.86235809326172,46000,0.0,0.0,0.0
2019-08-05 00:00:00-04:00,41.879026744119024,41.879026744119024,41.854025357443106,41.86235809326172,36200,0.0,0.0,0.0
2019-08-06 00:00:00-04:00,41.86235347797018,41.879022126989774,41.86235347797018,41.870689392089844,58300,0.0,0.0,0.0
2019-08-07 00:00:00-04:00,41.88736105644473,41.88736105644473,41.87069558418027,41.8790283203125,66800,0.0,0.0,0.0
2019-08-08 00:00:00-04:00,41.86235347797018,41.88735486188971,41.86235347797018,41.870689392089844,54900,0.0,0.0,0.0
2019-08-09 00:00:00-04:00,41.88736105644473,41.88736105644473,41.87069558418027,41.8790283203125,18100,0.0,0.0,0.0
2019-08-12 00:00:00-04:00,41.87068652108894,41.887351989746094,41.87068652108894,41.887351989746094,237400,0.0,0.0,0.0
2019-08-13 00:00:00-04:00,41.87068652108894,41.895687903294174,41.87068652108894,41.887351989746094,35500,0.0,0.0,0.0
2019-08-14 00:00:00-04:00,41.870689392089844,41.879022126989774,41.870689392089844,41.870689392089844,38200,0.0,0.0,0.0
2019-08-15 00:00:00-04:00,41.87901925541752,41.887351989746094,41.87901925541752,41.887351989746094,45900,0.0,0.0,0.0
2019-08-16 00:00:00-04:00,41.88736105644473,41.88736105644473,41.87069558418027,41.8790283203125,151200,0.0,0.0,0.0
2019-08-19 00:00:00-04:00,41.88736105644473,41.88736105644473,41.8790283203125,41.8790283203125,68800,0.0,0.0,0.0
2019-08-20 00:00:00-04:00,41.90402970792939,41.90402970792939,41.8790283203125,41.8790283203125,31100,0.0,0.0,0.0
2019-08-21 00:00:00-04:00,41.89568328857422,41.89568328857422,41.87901464253358,41.89568328857422,29300,0.0,0.0,0.0
2019-08-22 00:00:00-04:00,41.88734737594432,41.89568328857422,41.88734737594432,41.89568328857422,42100,0.0,0.0,0.0
2019-08-23 00:00:00-04:00,41.89568328857422,41.904016021984965,41.89568328857422,41.89568328857422,78000,0.0,0.0,0.0
2019-08-26 00:00:00-04:00,41.90402603149414,41.90402603149414,41.89569329609298,41.90402603149414,91200,0.0,0.0,0.0
2019-08-27 00:00:00-04:00,41.89568328857422,41.904016021984965,41.88734737594432,41.89568328857422,91300,0.0,0.0,0.0
2019-08-28 00:00:00-04:00,41.904016021984965,41.904016021984965,41.88734737594432,41.89568328857422,33500,0.0,0.0,0.0
2019-08-29 00:00:00-04:00,41.9123420715332,41.92067480298304,41.9123420715332,41.9123420715332,21400,0.0,0.0,0.0
2019-08-30 00:00:00-04:00,41.920684814453125,41.920684814453125,41.912352081013275,41.920684814453125,30600,0.0,0.0,0.0
2019-09-03 00:00:00-04:00,41.92067066488291,41.92067066488291,41.90397214629407,41.912322998046875,37700,0.09,0.0,0.0
2019-09-04 00:00:00-04:00,41.912333330861834,41.92068099975586,41.912333330861834,41.92068099975586,29200,0.0,0.0,0.0
2019-09-05 00:00:00-04:00,41.929046630859375,41.929046630859375,41.920695774104665,41.929046630859375,77100,0.0,0.0,0.0
2019-09-06 00:00:00-04:00,41.929046630859375,41.93739430269542,41.929046630859375,41.929046630859375,17300,0.0,0.0,0.0
2019-09-09 00:00:00-04:00,41.937379522461455,41.937379522461455,41.92068099975586,41.92068099975586,48900,0.0,0.0,0.0
2019-09-10 00:00:00-04:00,41.93739430269542,41.93739430269542,41.929046630859375,41.929046630859375,66700,0.0,0.0,0.0
2019-09-11 00:00:00-04:00,41.92904551686231,41.93739318847656,41.92069466032947,41.93739318847656,63100,0.0,0.0,0.0
2019-09-12 00:00:00-04:00,41.945744045009405,41.945744045009405,41.92904551686231,41.93739318847656,26400,0.0,0.0,0.0
2019-09-13 00:00:00-04:00,41.92904503283669,41.945743560791016,41.92904503283669,41.945743560791016,43900,0.0,0.0,0.0
2019-09-16 00:00:00-04:00,41.93739270435458,41.945743560791016,41.92904503283669,41.945743560791016,121100,0.0,0.0,0.0
2019-09-17 00:00:00-04:00,41.954097747802734,41.96244542061702,41.945750074988446,41.954097747802734,25400,0.0,0.0,0.0
2019-09-18 00:00:00-04:00,41.945743560791016,41.96243890382679,41.93739270435458,41.945743560791016,80800,0.0,0.0,0.0
2019-09-19 00:00:00-04:00,41.945743560791016,41.96243890382679,41.945743560791016,41.945743560791016,25500,0.0,0.0,0.0
2019-09-20 00:00:00-04:00,41.945750074988446,41.954097747802734,41.945750074988446,41.954097747802734,11300,0.0,0.0,0.0
2019-09-23 00:00:00-04:00,41.970796278350356,41.970796278350356,41.93739921725511,41.954097747802734,176900,0.0,0.0,0.0
2019-09-24 00:00:00-04:00,41.954091232308905,41.96243890382679,41.945743560791016,41.945743560791016,452800,0.0,0.0,0.0
2019-09-25 00:00:00-04:00,41.954097747802734,41.954097747802734,41.945750074988446,41.954097747802734,43600,0.0,0.0,0.0
2019-09-26 00:00:00-04:00,41.954081377073884,41.96242904663086,41.954081377073884,41.96242904663086,26800,0.0,0.0,0.0
2019-09-27 00:00:00-04:00,41.97911834716797,41.97911834716797,41.95407215908229,41.97911834716797,118600,0.0,0.0,0.0
2019-09-30 00:00:00-04:00,41.97911834716797,41.97911834716797,41.962419826805146,41.97911834716797,29900,0.0,0.0,0.0
2019-10-01 00:00:00-04:00,41.980793511582824,41.98915481567383,41.96406771328097,41.98915481567383,27300,0.082,0.0,0.0
2019-10-02 00:00:00-04:00,41.98916739415259,42.0058931974649,41.98080608755682,41.99753189086914,630400,0.0,0.0,0.0
2019-10-03 00:00:00-04:00,41.98915481567383,41.99751930988467,41.980793511582824,41.98915481567383,557200,0.0,0.0,0.0
2019-10-04 00:00:00-04:00,41.98080608755682,41.99753189086914,41.98080608755682,41.99753189086914,31500,0.0,0.0,0.0
2019-10-07 00:00:00-04:00,42.00589155228491,42.00589155228491,41.980804443359375,41.980804443359375,26900,0.0,0.0,0.0
2019-10-08 00:00:00-04:00,41.98916739415259,42.0058931974649,41.98080608755682,41.99753189086914,52300,0.0,0.0,0.0
2019-10-09 00:00:00-04:00,42.01424510818653,42.01424510818653,41.98915481567383,41.98915481567383,158700,0.0,0.0,0.0
2019-10-10 00:00:00-04:00,42.0058931974649,42.0058931974649,41.99753189086914,41.99753189086914,76700,0.0,0.0,0.0
2019-10-11 00:00:00-04:00,42.0058931974649,42.0058931974649,41.98916739415259,41.99753189086914,55900,0.0,0.0,0.0
2019-10-14 00:00:00-04:00,42.01424510818653,42.01424510818653,41.98915481567383,41.98915481567383,85500,0.0,0.0,0.0
2019-10-15 00:00:00-04:00,41.98916409058174,42.005889892578125,41.98916409058174,42.005889892578125,149400,0.0,0.0,0.0
2019-10-16 00:00:00-04:00,41.98916409058174,42.005889892578125,41.98916409058174,42.005889892578125,79900,0.0,0.0,0.0
2019-10-17 00:00:00-04:00,41.9975285866402,42.01425438863659,41.9975285866402,42.005889892578125,28000,0.0,0.0,0.0
2019-10-18 00:00:00-04:00,42.005902469210625,42.01426696777344,42.005902469210625,42.01426696777344,52500,0.0,0.0,0.0
2019-10-21 00:00:00-04:00,42.005902469210625,42.022628276214746,42.005902469210625,42.01426696777344,51200,0.0,0.0,0.0
2019-10-22 00:00:00-04:00,42.022628276214746,42.022628276214746,42.01426696777344,42.01426696777344,28200,0.0,0.0,0.0
2019-10-23 00:00:00-04:00,42.005902469210625,42.01426696777344,42.005902469210625,42.01426696777344,66600,0.0,0.0,0.0
2019-10-24 00:00:00-04:00,42.01426696777344,42.01426696777344,42.005902469210625,42.01426696777344,80000,0.0,0.0,0.0
2019-10-25 00:00:00-04:00,42.01426035694004,42.030982971191406,42.01426035694004,42.030982971191406,58400,0.0,0.0,0.0
2019-10-28 00:00:00-04:00,42.022621664065724,42.030982971191406,42.01426035694004,42.030982971191406,28900,0.0,0.0,0.0
2019-10-29 00:00:00-04:00,42.03097266300786,42.039337158203125,42.03097266300786,42.039337158203125,47700,0.0,0.0,0.0
2019-10-30 00:00:00-04:00,42.04770877556376,42.04770877556376,42.022621664065724,42.030982971191406,54700,0.0,0.0,0.0
2019-10-31 00:00:00-04:00,42.03096936095581,42.04769515991211,42.03096936095581,42.04769515991211,26700,0.0,0.0,0.0
2019-11-01 00:00:00-04:00,42.04685853946298,42.055233001708984,42.04685853946298,42.055233001708984,40200,0.079,0.0,0.0
2019-11-04 00:00:00-05:00,42.04685853946298,42.063610659095104,42.04685853946298,42.055233001708984,35400,0.0,0.0,0.0
2019-11-05 00:00:00-05:00,42.063629150390625,42.063629150390625,42.04687702339421,42.063629150390625,42700,0.0,0.0,0.0
2019-11-06 00:00:00-05:00,42.063620317325274,42.07199478149414,42.05524265801556,42.07199478149414,55100,0.0,0.0,0.0
2019-11-07 00:00:00-05:00,42.063620317325274,42.080372440803856,42.063620317325274,42.07199478149414,59700,0.0,0.0,0.0
2019-11-08 00:00:00-05:00,42.07200182537164,42.080379486083984,42.07200182537164,42.080379486083984,25900,0.0,0.0,0.0
2019-11-11 00:00:00-05:00,42.07199478149414,42.09712136914159,42.07199478149414,42.07199478149414,45200,0.0,0.0,0.0
2019-11-12 00:00:00-05:00,42.097128417225896,42.097128417225896,42.07200182537164,42.080379486083984,40800,0.0,0.0,0.0
2019-11-13 00:00:00-05:00,42.07198918124154,42.088741302490234,42.07198918124154,42.088741302490234,75100,0.0,0.0,0.0
2019-11-14 00:00:00-05:00,42.088740100173375,42.10549222094352,42.088740100173375,42.09711456298828,74900,0.0,0.0,0.0
2019-11-15 00:00:00-05:00,42.10549222094352,42.10549222094352,42.088740100173375,42.09711456298828,41500,0.0,0.0,0.0
2019-11-18 00:00:00-05:00,42.08873831616163,42.11386489868164,42.08873831616163,42.11386489868164,124200,0.0,0.0,0.0
2019-11-19 00:00:00-05:00,42.09711277862157,42.11386489868164,42.09711277862157,42.11386489868164,47500,0.0,0.0,0.0
2019-11-20 00:00:00-05:00,42.10549545288086,42.122247574936864,42.10549545288086,42.10549545288086,50200,0.0,0.0,0.0
2019-11-21 00:00:00-05:00,42.122242556281776,42.122242556281776,42.11386489868164,42.11386489868164,24600,0.0,0.0,0.0
2019-11-22 00:00:00-05:00,42.11387194426978,42.122249603271484,42.11387194426978,42.122249603271484,59800,0.0,0.0,0.0
2019-11-25 00:00:00-05:00,42.11387194426978,42.13062406713246,42.11387194426978,42.122249603271484,19200,0.0,0.0,0.0
2019-11-26 00:00:00-05:00,42.13062406713246,42.13062406713246,42.11387194426978,42.122249603271484,32600,0.0,0.0,0.0
2019-11-27 00:00:00-05:00,42.13900172613416,42.13900172613416,42.11387194426978,42.122249603271484,23700,0.0,0.0,0.0
2019-11-29 00:00:00-05:00,42.122249603271484,42.122249603271484,42.11387194426978,42.122249603271484,50800,0.0,0.0,0.0
2019-12-02 00:00:00-05:00,42.11553282073101,42.13230895996094,42.11553282073101,42.13230895996094,32800,0.072,0.0,0.0
2019-12-03 00:00:00-05:00,42.12392249020667,42.13230895996094,42.12392249020667,42.13230895996094,21600,0.0,0.0,0.0
2019-12-04 00:00:00-05:00,42.13230895996094,42.13230895996094,42.12392249020667,42.13230895996094,22800,0.0,0.0,0.0
2019-12-05 00:00:00-05:00,42.12393659319058,42.14071273803711,42.12393659319058,42.14071273803711,22100,0.0,0.0,0.0
2019-12-06 00:00:00-05:00,42.14071273803711,42.14071273803711,42.132323065752615,42.14071273803711,37800,0.0,0.0,0.0
2019-12-09 00:00:00-05:00,42.13230604576833,42.15746865301209,42.13230604576833,42.14908218383789,50000,0.0,0.0,0.0
2019-12-10 00:00:00-05:00,42.149099210599154,42.149099210599154,42.14071273803711,42.14071273803711,23400,0.0,0.0,0.0
2019-12-11 00:00:00-05:00,42.14071273803711,42.149099210599154,42.132323065752615,42.14071273803711,34100,0.0,0.0,0.0
2019-12-12 00:00:00-05:00,42.132323065752615,42.149099210599154,42.132323065752615,42.14071273803711,59000,0.0,0.0,0.0
2019-12-13 00:00:00-05:00,42.14069571466369,42.14908218383789,42.14069571466369,42.14908218383789,10500,0.0,0.0,0.0
2019-12-16 00:00:00-05:00,42.15746865301209,42.15746865301209,42.14069571466369,42.14908218383789,104700,0.0,0.0,0.0
2019-12-17 00:00:00-05:00,42.14069571466369,42.15746865301209,42.14069571466369,42.14908218383789,37300,0.0,0.0,0.0
2019-12-18 00:00:00-05:00,42.14069571466369,42.15746865301209,42.14069571466369,42.14908218383789,76400,0.0,0.0,0.0
2019-12-19 00:00:00-05:00,42.17259919334034,42.17259919334034,42.155803668281635,42.16419982910156,61300,0.058,0.0,0.0
2019-12-20 00:00:00-05:00,42.16419982910156,42.16419982910156,42.155803668281635,42.16419982910156,45300,0.0,0.0,0.0
2019-12-23 00:00:00-05:00,42.18099535416027,42.18099535416027,42.16419982910156,42.16419982910156,32000,0.0,0.0,0.0
2019-12-24 00:00:00-05:00,42.16420041586967,42.18099594116211,42.16420041586967,42.18099594116211,28300,0.0,0.0,0.0
2019-12-26 00:00:00-05:00,42.206187627391316,42.206187627391316,42.18099594116211,42.18099594116211,61600,0.0,0.0,0.0
2019-12-27 00:00:00-05:00,42.1810003540039,42.18939971923828,42.17260419218875,42.18939971923828,58200,0.0,0.0,0.0
2019-12-30 00:00:00-05:00,42.17260419218875,42.18939971923828,42.17260419218875,42.18939971923828,18600,0.0,0.0,0.0
2019-12-31 00:00:00-05:00,42.17260419218875,42.18939971923828,42.17260419218875,42.18939971923828,40400,0.0,0.0,0.0
2020-01-02 00:00:00-05:00,42.18939971923828,42.19779588105343,42.1810003540039,42.18939971923828,68000,0.0,0.0,0.0
2020-01-03 00:00:00-05:00,42.21458757874864,42.21458757874864,42.18939589216914,42.197792053222656,228000,0.0,0.0,0.0
2020-01-06 00:00:00-05:00,42.197800265882954,42.214595794677734,42.197800265882954,42.214595794677734,76200,0.0,0.0,0.0
2020-01-07 00:00:00-05:00,42.197796439464064,42.22298812866211,42.197796439464064,42.22298812866211,49900,0.0,0.0,0.0
2020-01-08 00:00:00-05:00,42.23138749400765,42.23138749400765,42.21459196673585,42.22298812866211,34000,0.0,0.0,0.0
2020-01-09 00:00:00-05:00,42.222984912637976,42.23138427734375,42.222984912637976,42.23138427734375,69500,0.0,0.0,0.0
2020-01-10 00:00:00-05:00,42.21459196673585,42.23138749400765,42.21459196673585,42.22298812866211,67500,0.0,0.0,0.0
2020-01-13 00:00:00-05:00,42.21459196673585,42.22298812866211,42.21459196673585,42.22298812866211,109800,0.0,0.0,0.0
2020-01-14 00:00:00-05:00,42.21459196673585,42.23138749400765,42.21459196673585,42.22298812866211,42000,0.0,0.0,0.0
2020-01-15 00:00:00-05:00,42.23138427734375,42.23138427734375,42.222984912637976,42.23138427734375,19500,0.0,0.0,0.0
2020-01-16 00:00:00-05:00,42.23138426474115,42.23978042602539,42.23138426474115,42.23978042602539,27900,0.0,0.0,0.0
2020-01-17 00:00:00-05:00,42.23138867635954,42.24818420410156,42.23138867635954,42.24818420410156,28300,0.0,0.0,0.0
2020-01-21 00:00:00-05:00,42.23978482504655,42.2565803527832,42.23978482504655,42.2565803527832,100700,0.0,0.0,0.0
2020-01-22 00:00:00-05:00,42.248184190624556,42.2565803527832,42.23978482504655,42.2565803527832,45200,0.0,0.0,0.0
2020-01-23 00:00:00-05:00,42.256573322586966,42.26497268676758,42.24817716182518,42.26497268676758,41100,0.0,0.0,0.0
2020-01-24 00:00:00-05:00,42.256573322586966,42.26497268676758,42.256573322586966,42.26497268676758,14900,0.0,0.0,0.0
2020-01-27 00:00:00-05:00,42.26497268676758,42.27336884752936,42.256573322586966,42.26497268676758,44300,0.0,0.0,0.0
2020-01-28 00:00:00-05:00,42.26497268676758,42.27336884752936,42.256573322586966,42.26497268676758,164100,0.0,0.0,0.0
2020-01-29 00:00:00-05:00,42.26498030256905,42.27337646484375,42.25658093687493,42.27337646484375,87800,0.0,0.0,0.0
2020-01-30 00:00:00-05:00,42.26496884943464,42.281761169433594,42.26496884943464,42.281761169433594,23300,0.0,0.0,0.0
2020-01-31 00:00:00-05:00,42.273365009434116,42.29016053285161,42.273365009434116,42.281761169433594,32000,0.0,0.0,0.0
2020-02-03 00:00:00-05:00,42.28681564331055,42.303633214494425,42.27840525390675,42.28681564331055,100800,0.066,0.0,0.0
2020-02-04 00:00:00-05:00,42.29522806780564,42.30363845825195,42.28682088498345,42.30363845825195,134400,0.0,0.0,0.0
2020-02-05 00:00:00-05:00,42.32045644155319,42.32045644155319,42.303638868121745,42.31204605102539,52700,0.0,0.0,0.0
2020-02-06 00:00:00-05:00,42.31204564107414,42.31204564107414,42.30363845825195,42.30363845825195,24100,0.0,0.0,0.0
2020-02-07 00:00:00-05:00,42.32045603152046,42.32045603152046,42.30363845825195,42.30363845825195,18300,0.0,0.0,0.0
2020-02-10 00:00:00-05:00,42.31204605102539,42.31204605102539,42.303638868121745,42.31204605102539,34800,0.0,0.0,0.0
2020-02-11 00:00:00-05:00,42.303638868121745,42.31204605102539,42.303638868121745,42.31204605102539,23500,0.0,0.0,0.0
2020-02-12 00:00:00-05:00,42.303638868121745,42.31204605102539,42.303638868121745,42.31204605102539,28400,0.0,0.0,0.0
2020-02-13 00:00:00-05:00,42.30363225829782,42.328857010691614,42.30363225829782,42.32044982910156,98900,0.0,0.0,0.0
2020-02-14 00:00:00-05:00,42.328857010691614,42.328857010691614,42.31203943988786,42.32044982910156,36800,0.0,0.0,0.0
2020-02-18 00:00:00-05:00,42.31203943988786,42.33726419228166,42.31203943988786,42.32044982910156,42600,0.0,0.0,0.0
2020-02-19 00:00:00-05:00,42.32044982910156,42.328857010691614,42.31203943988786,42.32044982910156,45600,0.0,0.0,0.0
2020-02-20 00:00:00-05:00,42.328861236572266,42.33726841900164,42.32045405414289,42.328861236572266,46800,0.0,0.0,0.0
2020-02-21 00:00:00-05:00,42.32885020501557,42.34566777311537,42.32044302477724,42.337257385253906,140500,0.0,0.0,0.0
2020-02-24 00:00:00-05:00,42.32885020501557,42.34566777311537,42.32885020501557,42.337257385253906,62500,0.0,0.0,0.0
2020-02-25 00:00:00-05:00,42.32887791649569,42.34569549560547,42.32887791649569,42.34569549560547,55400,0.0,0.0,0.0
2020-02-26 00:00:00-05:00,42.34566777311537,42.34566777311537,42.32885020501557,42.337257385253906,77400,0.0,0.0,0.0
2020-02-27 00:00:00-05:00,42.32885020501557,42.34566777311537,42.32885020501557,42.337257385253906,122000,0.0,0.0,0.0
2020-02-28 00:00:00-05:00,42.34567880905499,42.35408599148436,42.328861236572266,42.328861236572266,103300,0.0,0.0,0.0
2020-03-02 00:00:00-05:00,42.33894520198822,42.347362747818394,42.3221068987499,42.33052444458008,212100,0.062,0.0,0.0
2020-03-03 00:00:00-05:00,42.31368614134176,42.33894520198822,42.31368614134176,42.33052444458008,96000,0.0,0.0,0.0
2020-03-04 00:00:00-05:00,42.330551387686256,42.330551387686256,42.30529552254258,42.31371307373047,52400,0.0,0.0,0.0
2020-03-05 00:00:00-05:00,42.32213383649836,42.32213383649836,42.29687797135468,42.31371307373047,64600,0.0,0.0,0.0
2020-03-06 00:00:00-05:00,42.32213383649836,42.32213383649836,42.29687797135468,42.31371307373047,59800,0.0,0.0,0.0
2020-03-09 00:00:00-04:00,42.29685695265835,42.34736865784478,42.28001864707007,42.338951110839844,90300,0.0,0.0,0.0
2020-03-10 00:00:00-04:00,42.31370628497751,42.3221270463944,42.296871185302734,42.296871185302734,59400,0.0,0.0,0.0
2020-03-11 00:00:00-04:00,42.296871185302734,42.3221270463944,42.288450423885855,42.296871185302734,128500,0.0,0.0,0.0
2020-03-12 00:00:00-04:00,42.305274499663284,42.39788357460962,42.187409572123734,42.338951110839844,561400,0.0,0.0,0.0
2020-03-13 00:00:00-04:00,42.280029296875,42.33054101478469,42.25477022634094,42.280029296875,171600,0.0,0.0,0.0
2020-03-16 00:00:00-04:00,42.23793549012304,42.35580366890294,42.23793549012304,42.296871185302734,1007500,0.0,0.0,0.0
2020-03-17 00:00:00-04:00,42.364216086313924,42.37263684671063,42.28002775182147,42.34737777709961,216800,0.0,0.0,0.0
2020-03-18 00:00:00-04:00,42.330545845984346,42.364222469487146,42.28003412230973,42.32212829589844,736300,0.0,0.0,0.0
2020-03-19 00:00:00-04:00,42.27161817553046,42.389483159635915,42.27161817553046,42.364227294921875,356300,0.0,0.0,0.0
2020-03-20 00:00:00-04:00,42.288452443423665,42.38106155395508,42.288452443423665,42.38106155395508,205300,0.0,0.0,0.0
2020-03-23 00:00:00-04:00,42.35579853749632,42.38105439552823,42.3305394678853,42.34737777709961,73100,0.0,0.0,0.0
2020-03-24 00:00:00-04:00,42.33896613179722,42.364221993350675,42.28845119711077,42.355804443359375,185300,0.0,0.0,0.0
2020-03-25 00:00:00-04:00,42.364221993350675,42.37264275492153,42.29687195868161,42.355804443359375,614600,0.0,0.0,0.0
2020-03-26 00:00:00-04:00,42.3221068987499,42.389456900125204,42.3221068987499,42.33052444458008,244300,0.0,0.0,0.0
2020-03-27 00:00:00-04:00,42.35579853749632,42.38105439552823,42.34737777709961,42.34737777709961,134000,0.0,0.0,0.0
2020-03-30 00:00:00-04:00,42.38106030491283,42.38106030491283,42.34738368178853,42.355804443359375,127900,0.0,0.0,0.0
2020-03-31 00:00:00-04:00,42.33055066758319,42.381065608591214,42.33055066758319,42.364227294921875,227100,0.0,0.0,0.0
2020-04-01 00:00:00-04:00,42.34316820685526,42.376861572265625,42.34316820685526,42.376861572265625,101100,0.025,0.0,0.0
2020-04-02 00:00:00-04:00,42.402133069364346,42.402133069364346,42.343171282201965,42.351593017578125,72100,0.0,0.0,0.0
2020-04-03 00:00:00-04:00,42.35159092100512,42.36843760409988,42.35159092100512,42.360015869140625,202600,0.0,0.0,0.0
2020-04-06 00:00:00-04:00,42.34316918604586,42.36843760409988,42.34316918604586,42.360015869140625,572200,0.0,0.0,0.0
2020-04-07 00:00:00-04:00,42.38528526813909,42.38528526813909,42.343170166015625,42.343170166015625,95000,0.0,0.0,0.0
2020-04-08 00:00:00-04:00,42.334726295307426,42.3684196472168,42.334726295307426,42.3684196472168,723800,0.0,0.0,0.0
2020-04-09 00:00:00-04:00,42.39370923533015,42.39370923533015,42.3263225029511,42.360015869140625,178600,0.0,0.0,0.0
2020-04-13 00:00:00-04:00,42.376861572265625,42.376861572265625,42.351589941619764,42.376861572265625,180400,0.0,0.0,0.0
2020-04-14 00:00:00-04:00,42.35159092100512,42.36843760409988,42.35159092100512,42.360015869140625,66800,0.0,0.0,0.0
2020-04-15 00:00:00-04:00,42.368439701506865,42.376864650059446,42.351593017578125,42.351593017578125,65200,0.0,0.0,0.0
2020-04-16 00:00:00-04:00,42.359997915826895,42.3684196472168,42.359997915826895,42.3684196472168,68600,0.0,0.0,0.0
2020-04-17 00:00:00-04:00,42.38528330703013,42.38528330703013,42.360014889560446,42.376861572265625,55900,0.0,0.0,0.0
2020-04-20 00:00:00-04:00,42.360015869140625,42.37686255223539,42.34316918604586,42.360015869140625,426000,0.0,0.0,0.0
2020-04-21 00:00:00-04:00,42.351589941619764,42.376861572265625,42.351589941619764,42.376861572265625,99700,0.0,0.0,0.0
2020-04-22 00:00:00-04:00,42.360014889560446,42.376861572265625,42.360014889560446,42.376861572265625,40500,0.0,0.0,0.0
2020-04-23 00:00:00-04:00,42.35157297126211,42.376844591781584,42.35157297126211,42.3684196472168,42100,0.0,0.0,0.0
2020-04-24 00:00:00-04:00,42.359997915826895,42.376844591781584,42.35157297126211,42.3684196472168,31700,0.0,0.0,0.0
2020-04-27 00:00:00-04:00,42.360014889560446,42.376861572265625,42.360014889560446,42.376861572265625,139900,0.0,0.0,0.0
2020-04-28 00:00:00-04:00,42.360015869140625,42.385284287194644,42.360015869140625,42.360015869140625,77000,0.0,0.0,0.0
2020-04-29 00:00:00-04:00,42.360014889560446,42.376861572265625,42.360014889560446,42.376861572265625,214000,0.0,0.0,0.0
2020-04-30 00:00:00-04:00,42.359997915826895,42.376844591781584,42.359997915826895,42.3684196472168,339100,0.0,0.0,0.0
2020-05-01 00:00:00-04:00,42.37264986716863,42.37264986716863,42.364227294921875,42.364227294921875,83400,0.005,0.0,0.0
2020-05-04 00:00:00-04:00,42.38107565291109,42.38107565291109,42.364227294921875,42.364227294921875,96800,0.0,0.0,0.0
2020-05-05 00:00:00-04:00,42.364228454293844,42.38107681274414,42.3558026683208,42.38107681274414,96200,0.0,0.0,0.0
2020-05-06 00:00:00-04:00,42.3642237602431,42.38107211682656,42.3642237602431,42.37264633178711,60300,0.0,0.0,0.0
2020-05-07 00:00:00-04:00,42.372651026771095,42.38107681274414,42.364228454293844,42.38107681274414,83000,0.0,0.0,0.0
2020-05-08 00:00:00-04:00,42.37264749256436,42.389495849609375,42.36422492078962,42.389495849609375,254500,0.0,0.0,0.0
2020-05-11 00:00:00-04:00,42.364227294921875,42.38107565291109,42.364227294921875,42.364227294921875,66800,0.0,0.0,0.0
2020-05-12 00:00:00-04:00,42.3642237602431,42.38107211682656,42.3642237602431,42.37264633178711,61000,0.0,0.0,0.0
2020-05-13 00:00:00-04:00,42.37264749256436,42.389495849609375,42.37264749256436,42.389495849609375,356000,0.0,0.0,0.0
2020-05-14 00:00:00-04:00,42.37264633178711,42.38107211682656,42.3642237602431,42.37264633178711,72900,0.0,0.0,0.0
2020-05-15 00:00:00-04:00,42.372651026771095,42.38107681274414,42.372651026771095,42.38107681274414,20600,0.0,0.0,0.0
2020-05-18 00:00:00-04:00,42.37264633178711,42.38107211682656,42.35579797520365,42.37264633178711,91700,0.0,0.0,0.0
2020-05-19 00:00:00-04:00,42.38107681274414,42.38107681274414,42.3558026683208,42.38107681274414,291600,0.0,0.0,0.0
2020-05-20 00:00:00-04:00,42.37264633178711,42.38107211682656,42.3642237602431,42.37264633178711,32300,0.0,0.0,0.0
2020-05-21 00:00:00-04:00,42.37264986716863,42.38107565291109,42.364227294921875,42.364227294921875,103300,0.0,0.0,0.0
2020-05-22 00:00:00-04:00,42.355801509179415,42.37264986716863,42.355801509179415,42.364227294921875,181600,0.0,0.0,0.0
2020-05-26 00:00:00-04:00,42.364228454293844,42.38107681274414,42.364228454293844,42.38107681274414,110200,0.0,0.0,0.0
2020-05-27 00:00:00-04:00,42.38107565291109,42.389498225157844,42.364227294921875,42.364227294921875,817700,0.0,0.0,0.0
2020-05-28 00:00:00-04:00,42.37264633178711,42.38107211682656,42.3642237602431,42.37264633178711,125700,0.0,0.0,0.0
2020-05-29 00:00:00-04:00,42.38107211682656,42.38107211682656,42.3642237602431,42.37264633178711,118300,0.0,0.0,0.0
2020-06-01 00:00:00-04:00,42.389498225157844,42.389498225157844,42.364227294921875,42.364227294921875,191600,0.0,0.0,0.0
2020-06-02 00:00:00-04:00,42.3642237602431,42.38107211682656,42.35579797520365,42.37264633178711,276900,0.0,0.0,0.0
2020-06-03 00:00:00-04:00,42.389498225157844,42.389498225157844,42.364227294921875,42.364227294921875,50500,0.0,0.0,0.0
2020-06-04 00:00:00-04:00,42.3642237602431,42.38107211682656,42.35579797520365,42.37264633178711,166300,0.0,0.0,0.0
2020-06-05 00:00:00-04:00,42.37264986716863,42.37264986716863,42.364227294921875,42.364227294921875,79400,0.0,0.0,0.0
2020-06-08 00:00:00-04:00,42.355801509179415,42.364227294921875,42.347378936932664,42.364227294921875,132300,0.0,0.0,0.0
2020-06-09 00:00:00-04:00,42.36422641422941,42.36422641422941,42.34737805659045,42.35580062866211,1640700,0.0,0.0,0.0
2020-06-10 00:00:00-04:00,42.355801509179415,42.364227294921875,42.355801509179415,42.364227294921875,37600,0.0,0.0,0.0
2020-06-11 00:00:00-04:00,42.364227294921875,42.364227294921875,42.355801509179415,42.364227294921875,50500,0.0,0.0,0.0
2020-06-12 00:00:00-04:00,42.35579797520365,42.38107211682656,42.35579797520365,42.37264633178711,84700,0.0,0.0,0.0
2020-06-15 00:00:00-04:00,42.34737540365963,42.38107211682656,42.34737540365963,42.37264633178711,238800,0.0,0.0,0.0
2020-06-16 00:00:00-04:00,42.37264633178711,42.38107211682656,42.3642237602431,42.37264633178711,129200,0.0,0.0,0.0
2020-06-17 00:00:00-04:00,42.37264986716863,42.37264986716863,42.364227294921875,42.364227294921875,114500,0.0,0.0,0.0
2020-06-18 00:00:00-04:00,42.37264633178711,42.37264633178711,42.35579797520365,42.37264633178711,36600,0.0,0.0,0.0
2020-06-19 00:00:00-04:00,42.36422641422941,42.372648986301066,42.35580062866211,42.35580062866211,45000,0.0,0.0,0.0
2020-06-22 00:00:00-04:00,42.35579797520365,42.37264633178711,42.35579797520365,42.37264633178711,25900,0.0,0.0,0.0
2020-06-23 00:00:00-04:00,42.3642237602431,42.37264633178711,42.3642237602431,42.37264633178711,128500,0.0,0.0,0.0
2020-06-24 00:00:00-04:00,42.35579797520365,42.389494688370576,42.35579797520365,42.37264633178711,299900,0.0,0.0,0.0
2020-06-25 00:00:00-04:00,42.406343044954035,42.406343044954035,42.3642237602431,42.37264633178711,63500,0.0,0.0,0.0
2020-06-26 00:00:00-04:00,42.38107211682656,42.38107211682656,42.3642237602431,42.37264633178711,221800,0.0,0.0,0.0
2020-06-29 00:00:00-04:00,42.3642237602431,42.38107211682656,42.3642237602431,42.37264633178711,36700,0.0,0.0,0.0
2020-06-30 00:00:00-04:00,42.3642237602431,42.38107211682656,42.3642237602431,42.37264633178711,111600,0.0,0.0,0.0
2020-07-01 00:00:00-04:00,42.37601089477539,42.38443734885695,42.367587654444435,42.37601089477539,96600,0.004,0.0,0.0
2020-07-02 00:00:00-04:00,42.367591857910156,42.38444155399439,42.367591857910156,42.367591857910156,20200,0.0,0.0,0.0
2020-07-06 00:00:00-04:00,42.3928605891879,42.3928605891879,42.367587654444435,42.37601089477539,45500,0.0,0.0,0.0
2020-07-07 00:00:00-04:00,42.367587654444435,42.3928605891879,42.367587654444435,42.37601089477539,67800,0.0,0.0,0.0
2020-07-08 00:00:00-04:00,42.35916903725927,42.38444519042969,42.35916903725927,42.38444519042969,21300,0.0,0.0,0.0
2020-07-09 00:00:00-04:00,42.38443734885695,42.38443734885695,42.367587654444435,42.37601089477539,45900,0.0,0.0,0.0
2020-07-10 00:00:00-04:00,42.359161200362884,42.37601089477539,42.359161200362884,42.37601089477539,15400,0.0,0.0,0.0
2020-07-13 00:00:00-04:00,42.37601089477539,42.37601089477539,42.367587654444435,42.37601089477539,23500,0.0,0.0,0.0
2020-07-14 00:00:00-04:00,42.38443734885695,42.38443734885695,42.367587654444435,42.37601089477539,54600,0.0,0.0,0.0
2020-07-15 00:00:00-04:00,42.35916903725927,42.38444519042969,42.35916903725927,42.38444519042969,61300,0.0,0.0,0.0
2020-07-16 00:00:00-04:00,42.36759549289981,42.38444519042969,42.35916903725927,42.38444519042969,200500,0.0,0.0,0.0
2020-07-17 00:00:00-04:00,42.367587654444435,42.38443734885695,42.367587654444435,42.37601089477539,44500,0.0,0.0,0.0
2020-07-20 00:00:00-04:00,42.37601089477539,42.38443734885695,42.367587654444435,42.37601089477539,73100,0.0,0.0,0.0
2020-07-21 00:00:00-04:00,42.35916540299258,42.38444155399439,42.35916540299258,42.367591857910156,48200,0.0,0.0,0.0
2020-07-22 00:00:00-04:00,42.36759549289981,42.38444519042969,42.36759549289981,42.38444519042969,35900,0.0,0.0,0.0
2020-07-23 00:00:00-04:00,42.367587654444435,42.37601089477539,42.367587654444435,42.37601089477539,100000,0.0,0.0,0.0
2020-07-24 00:00:00-04:00,42.367587654444435,42.37601089477539,42.367587654444435,42.37601089477539,40100,0.0,0.0,0.0
2020-07-27 00:00:00-04:00,42.367587654444435,42.37601089477539,42.367587654444435,42.37601089477539,18400,0.0,0.0,0.0
2020-07-28 00:00:00-04:00,42.38443734885695,42.38443734885695,42.367587654444435,42.37601089477539,48900,0.0,0.0,0.0
2020-07-29 00:00:00-04:00,42.38444155399439,42.38444155399439,42.367591857910156,42.367591857910156,18200,0.0,0.0,0.0
2020-07-30 00:00:00-04:00,42.35916540299258,42.367591857910156,42.35916540299258,42.367591857910156,26600,0.0,0.0,0.0
2020-07-31 00:00:00-04:00,42.35916540299258,42.367591857910156,42.35916540299258,42.367591857910156,20700,0.0,0.0,0.0
2020-08-03 00:00:00-04:00,42.37179946899414,42.380223546689884,42.36337217722831,42.37179946899414,27800,0.005,0.0,0.0
2020-08-04 00:00:00-04:00,42.38865083845571,42.38865083845571,42.37179946899414,42.37179946899414,35600,0.0,0.0,0.0
2020-08-05 00:00:00-04:00,42.37179946899414,42.37179946899414,42.36337217722831,42.37179946899414,56100,0.0,0.0,0.0
2020-08-06 00:00:00-04:00,42.371802057043624,42.380226135253906,42.371802057043624,42.380226135253906,28600,0.0,0.0,0.0
2020-08-07 00:00:00-04:00,42.38865083845571,42.38865083845571,42.37179946899414,42.37179946899414,25800,0.0,0.0,0.0
2020-08-10 00:00:00-04:00,42.37179946899414,42.380223546689884,42.37179946899414,42.37179946899414,56400,0.0,0.0,0.0
2020-08-11 00:00:00-04:00,42.380226135253906,42.380226135253906,42.371802057043624,42.380226135253906,59300,0.0,0.0,0.0
2020-08-12 00:00:00-04:00,42.380226135253906,42.380226135253906,42.371802057043624,42.380226135253906,47900,0.0,0.0,0.0
2020-08-13 00:00:00-04:00,42.380226135253906,42.380226135253906,42.371802057043624,42.380226135253906,41700,0.0,0.0,0.0
2020-08-14 00:00:00-04:00,42.36337217722831,42.37179946899414,42.36337217722831,42.37179946899414,40700,0.0,0.0,0.0
2020-08-17 00:00:00-04:00,42.36338424682617,42.38023562108881,42.36338424682617,42.36338424682617,25400,0.0,0.0,0.0
2020-08-18 00:00:00-04:00,42.380223546689884,42.380223546689884,42.37179946899414,42.37179946899414,25000,0.0,0.0,0.0
2020-08-19 00:00:00-04:00,42.371802057043624,42.380226135253906,42.371802057043624,42.380226135253906,33800,0.0,0.0,0.0
2020-08-20 00:00:00-04:00,42.36337476476306,42.380226135253906,42.36337476476306,42.380226135253906,17100,0.0,0.0,0.0
2020-08-21 00:00:00-04:00,42.36337476476306,42.380226135253906,42.36337476476306,42.380226135253906,26300,0.0,0.0,0.0
2020-08-24 00:00:00-04:00,42.38023695117416,42.38866424560547,42.36338557638265,42.38866424560547,18100,0.0,0.0,0.0
2020-08-25 00:00:00-04:00,42.38023562108881,42.38866291525563,42.36338424682617,42.36338424682617,22200,0.0,0.0,0.0
2020-08-26 00:00:00-04:00,42.36337217722831,42.38865083845571,42.36337217722831,42.37179946899414,16700,0.0,0.0,0.0
2020-08-27 00:00:00-04:00,42.371802057043624,42.38865342753447,42.371802057043624,42.380226135253906,268300,0.0,0.0,0.0
2020-08-28 00:00:00-04:00,42.38023695117416,42.38866424560547,42.36338557638265,42.38866424560547,48700,0.0,0.0,0.0
2020-08-31 00:00:00-04:00,42.36337476476306,42.38865342753447,42.36337476476306,42.380226135253906,33000,0.0,0.0,0.0
2020-09-01 00:00:00-04:00,42.38273620605469,42.38273620605469,42.37431162890812,42.38273620605469,49600,0.003,0.0,0.0
2020-09-02 00:00:00-04:00,42.37431162890812,42.38273620605469,42.37431162890812,42.38273620605469,47800,0.0,0.0,0.0
2020-09-03 00:00:00-04:00,42.3658838375009,42.38273620605469,42.3658838375009,42.38273620605469,34200,0.0,0.0,0.0
2020-09-04 00:00:00-04:00,42.37431716918945,42.391169539946624,42.37431716918945,42.37431716918945,269800,0.0,0.0,0.0
2020-09-08 00:00:00-04:00,42.3658838375009,42.38273620605469,42.3658838375009,42.38273620605469,53400,0.0,0.0,0.0
2020-09-09 00:00:00-04:00,42.37431716918945,42.38274174743751,42.37431716918945,42.37431716918945,57000,0.0,0.0,0.0
2020-09-10 00:00:00-04:00,42.37432957011173,42.39118194580078,42.37432957011173,42.39118194580078,28500,0.0,0.0,0.0
2020-09-11 00:00:00-04:00,42.37431162890812,42.38273620605469,42.37431162890812,42.38273620605469,30000,0.0,0.0,0.0
2020-09-14 00:00:00-04:00,42.37431162890812,42.3911639974619,42.37431162890812,42.38273620605469,66200,0.0,0.0,0.0
2020-09-15 00:00:00-04:00,42.3658838375009,42.38273620605469,42.3658838375009,42.38273620605469,18700,0.0,0.0,0.0
2020-09-16 00:00:00-04:00,42.38274174743751,42.38274174743751,42.37431716918945,42.37431716918945,69900,0.0,0.0,0.0
2020-09-17 00:00:00-04:00,42.3658838375009,42.38273620605469,42.3658838375009,42.38273620605469,21300,0.0,0.0,0.0
2020-09-18 00:00:00-04:00,42.38275050656422,42.38275050656422,42.36589813232422,42.36589813232422,59000,0.0,0.0,0.0
2020-09-21 00:00:00-04:00,42.365889376680336,42.38274174743751,42.365889376680336,42.37431716918945,64000,0.0,0.0,0.0
2020-09-22 00:00:00-04:00,42.37431162890812,42.38273620605469,42.37431162890812,42.38273620605469,25400,0.0,0.0,0.0
2020-09-23 00:00:00-04:00,42.37431716918945,42.38274174743751,42.37431716918945,42.37431716918945,46000,0.0,0.0,0.0
2020-09-24 00:00:00-04:00,42.37431716918945,42.38274174743751,42.37431716918945,42.37431716918945,35100,0.0,0.0,0.0
2020-09-25 00:00:00-04:00,42.38273620605469,42.38273620605469,42.37431162890812,42.38273620605469,22800,0.0,0.0,0.0
2020-09-28 00:00:00-04:00,42.38273620605469,42.38273620605469,42.37431162890812,42.38273620605469,14400,0.0,0.0,0.0
2020-09-29 00:00:00-04:00,42.38273620605469,42.38273620605469,42.37431162890812,42.38273620605469,31900,0.0,0.0,0.0
2020-09-30 00:00:00-04:00,42.38274174743751,42.391169539946624,42.37431716918945,42.37431716918945,35100,0.0,0.0,0.0
2020-10-01 00:00:00-04:00,42.3776969909668,42.38612224116841,42.36926852624776,42.3776969909668,47200,0.004,0.0,0.0
2020-10-02 00:00:00-04:00,42.377694592804474,42.3861198425293,42.377694592804474,42.3861198425293,17400,0.0,0.0,0.0
2020-10-05 00:00:00-04:00,42.36926852624776,42.38612224116841,42.36926852624776,42.3776969909668,47900,0.0,0.0,0.0
2020-10-06 00:00:00-04:00,42.3776969909668,42.38612224116841,42.36084327604615,42.3776969909668,165900,0.0,0.0,0.0
2020-10-07 00:00:00-04:00,42.3692661285624,42.3861198425293,42.36084087883758,42.3861198425293,27400,0.0,0.0,0.0
2020-10-08 00:00:00-04:00,42.36926852624776,42.38612224116841,42.36926852624776,42.3776969909668,26000,0.0,0.0,0.0
2020-10-09 00:00:00-04:00,42.3692661285624,42.3861198425293,42.3692661285624,42.3861198425293,24000,0.0,0.0,0.0
2020-10-12 00:00:00-04:00,42.3692661285624,42.3861198425293,42.3692661285624,42.3861198425293,31900,0.0,0.0,0.0
2020-10-13 00:00:00-04:00,42.3692661285624,42.3861198425293,42.3692661285624,42.3861198425293,20400,0.0,0.0,0.0
2020-10-14 00:00:00-04:00,42.36927795410156,42.38613167277244,42.36927795410156,42.36927795410156,65100,0.0,0.0,0.0
2020-10-15 00:00:00-04:00,42.3692661285624,42.3861198425293,42.3692661285624,42.3861198425293,37500,0.0,0.0,0.0
2020-10-16 00:00:00-04:00,42.3692661285624,42.3861198425293,42.3692661285624,42.3861198425293,28600,0.0,0.0,0.0
2020-10-19 00:00:00-04:00,42.3776969909668,42.38612224116841,42.36926852624776,42.3776969909668,72800,0.0,0.0,0.0
2020-10-20 00:00:00-04:00,42.3692661285624,42.3861198425293,42.3692661285624,42.3861198425293,25500,0.0,0.0,0.0
2020-10-21 00:00:00-04:00,42.3692661285624,42.3861198425293,42.3692661285624,42.3861198425293,21900,0.0,0.0,0.0
2020-10-22 00:00:00-04:00,42.3776969909668,42.38612224116841,42.3776969909668,42.3776969909668,18000,0.0,0.0,0.0
2020-10-23 00:00:00-04:00,42.38612224116841,42.38612224116841,42.36926852624776,42.3776969909668,23000,0.0,0.0,0.0
2020-10-26 00:00:00-04:00,42.36926852624776,42.38612224116841,42.36926852624776,42.3776969909668,42700,0.0,0.0,0.0
2020-10-27 00:00:00-04:00,42.36926852624776,42.38612224116841,42.36926852624776,42.3776969909668,45600,0.0,0.0,0.0
2020-10-28 00:00:00-04:00,42.36926852624776,42.38612224116841,42.36926852624776,42.3776969909668,52600,0.0,0.0,0.0
2020-10-29 00:00:00-04:00,42.36927795410156,42.37770642069608,42.36927795410156,42.36927795410156,32400,0.0,0.0,0.0
2020-10-30 00:00:00-04:00,42.36926852624776,42.3776969909668,42.36926852624776,42.3776969909668,35200,0.0,0.0,0.0
2020-11-02 00:00:00-05:00,42.38865188828306,42.38865188828306,42.371797167515474,42.380226135253906,15200,0.003,0.0,0.0
2020-11-03 00:00:00-05:00,42.380226135253906,42.380226135253906,42.371797167515474,42.380226135253906,20600,0.0,0.0,0.0
2020-11-04 00:00:00-05:00,42.380226135253906,42.380226135253906,42.371797167515474,42.380226135253906,57800,0.0,0.0,0.0
2020-11-05 00:00:00-05:00,42.371797167515474,42.380226135253906,42.371797167515474,42.380226135253906,121900,0.0,0.0,0.0
2020-11-06 00:00:00-05:00,42.37179946899414,42.380228437190404,42.37179946899414,42.37179946899414,221400,0.0,0.0,0.0
2020-11-09 00:00:00-05:00,42.36337371550733,42.388654190677215,42.36337371550733,42.37179946899414,81700,0.0,0.0,0.0
2020-11-10 00:00:00-05:00,42.36338424682617,42.37181000240758,42.36338424682617,42.36338424682617,20900,0.0,0.0,0.0
2020-11-11 00:00:00-05:00,42.36337371550733,42.37179946899414,42.36337371550733,42.37179946899414,24700,0.0,0.0,0.0
2020-11-12 00:00:00-05:00,42.371797167515474,42.380226135253906,42.371797167515474,42.380226135253906,66100,0.0,0.0,0.0
2020-11-13 00:00:00-05:00,42.380228437190404,42.380228437190404,42.37179946899414,42.37179946899414,20300,0.0,0.0,0.0
2020-11-16 00:00:00-05:00,42.36337371550733,42.380228437190404,42.36337371550733,42.37179946899414,39300,0.0,0.0,0.0
2020-11-17 00:00:00-05:00,42.36337371550733,42.380228437190404,42.36337371550733,42.37179946899414,48900,0.0,0.0,0.0
2020-11-18 00:00:00-05:00,42.363371414486316,42.380226135253906,42.363371414486316,42.380226135253906,22300,0.0,0.0,0.0
2020-11-19 00:00:00-05:00,42.363371414486316,42.380226135253906,42.363371414486316,42.380226135253906,49700,0.0,0.0,0.0
2020-11-20 00:00:00-05:00,42.371797167515474,42.380226135253906,42.371797167515474,42.380226135253906,88200,0.0,0.0,0.0
2020-11-23 00:00:00-05:00,42.363371414486316,42.380226135253906,42.363371414486316,42.380226135253906,19900,0.0,0.0,0.0
2020-11-24 00:00:00-05:00,42.380226135253906,42.380226135253906,42.371797167515474,42.380226135253906,57800,0.0,0.0,0.0
2020-11-25 00:00:00-05:00,42.380226135253906,42.380226135253906,42.371797167515474,42.380226135253906,29000,0.0,0.0,0.0
2020-11-27 00:00:00-05:00,42.380226135253906,42.380226135253906,42.371797167515474,42.380226135253906,80300,0.0,0.0,0.0
2020-11-30 00:00:00-05:00,42.363371414486316,42.380226135253906,42.363371414486316,42.380226135253906,102400,0.0,0.0,0.0
2020-12-01 00:00:00-05:00,42.37432962272175,42.38275909423828,42.37432962272175,42.38275909423828,17800,0.003,0.0,0.0
2020-12-02 00:00:00-05:00,42.365903366106636,42.38275909423828,42.365903366106636,42.38275909423828,27800,0.0,0.0,0.0
2020-12-03 00:00:00-05:00,42.365903366106636,42.38275909423828,42.365903366106636,42.38275909423828,26400,0.0,0.0,0.0
2020-12-04 00:00:00-05:00,42.38275909423828,42.38275909423828,42.37432962272175,42.38275909423828,38800,0.0,0.0,0.0
2020-12-07 00:00:00-05:00,42.365903366106636,42.38275909423828,42.365903366106636,42.38275909423828,73000,0.0,0.0,0.0
2020-12-08 00:00:00-05:00,42.365898542928164,42.374324798583984,42.365898542928164,42.374324798583984,43000,0.0,0.0,0.0
2020-12-09 00:00:00-05:00,42.38275909423828,42.38275909423828,42.37432962272175,42.38275909423828,39300,0.0,0.0,0.0
2020-12-10 00:00:00-05:00,42.365903366106636,42.38275909423828,42.365903366106636,42.38275909423828,27600,0.0,0.0,0.0
2020-12-11 00:00:00-05:00,42.382754269140854,42.382754269140854,42.365898542928164,42.374324798583984,114900,0.0,0.0,0.0
2020-12-14 00:00:00-05:00,42.365898542928164,42.374324798583984,42.365898542928164,42.374324798583984,29800,0.0,0.0,0.0
2020-12-15 00:00:00-05:00,42.365898542928164,42.374324798583984,42.365898542928164,42.374324798583984,44800,0.0,0.0,0.0
2020-12-16 00:00:00-05:00,42.365898542928164,42.374324798583984,42.365898542928164,42.374324798583984,67000,0.0,0.0,0.0
2020-12-17 00:00:00-05:00,42.368423370349,42.37685012817383,42.368423370349,42.37685012817383,28000,0.003,0.0,0.0
2020-12-18 00:00:00-05:00,42.37685012817383,42.385280101091304,42.368423370349,42.37685012817383,25000,0.0,0.0,0.0
2020-12-21 00:00:00-05:00,42.360001116854896,42.37685785066906,42.360001116854896,42.368431091308594,35700,0.0,0.0,0.0
2020-12-22 00:00:00-05:00,42.360001116854896,42.37685785066906,42.360001116854896,42.368431091308594,39600,0.0,0.0,0.0
2020-12-23 00:00:00-05:00,42.368423370349,42.385280101091304,42.368423370349,42.37685012817383,30800,0.0,0.0,0.0
2020-12-24 00:00:00-05:00,42.368423370349,42.37685012817383,42.368423370349,42.37685012817383,8300,0.0,0.0,0.0
2020-12-28 00:00:00-05:00,42.35999339743152,42.37685012817383,42.35999339743152,42.37685012817383,18000,0.0,0.0,0.0
2020-12-29 00:00:00-05:00,42.37685012817383,42.37685012817383,42.368423370349,42.37685012817383,37100,0.0,0.0,0.0
2020-12-30 00:00:00-05:00,42.37685012817383,42.37685012817383,42.368423370349,42.37685012817383,9900,0.0,0.0,0.0
2020-12-31 00:00:00-05:00,42.368423370349,42.37685012817383,42.368423370349,42.37685012817383,10500,0.0,0.0,0.0
2021-01-04 00:00:00-05:00,42.360001116854896,42.37685785066906,42.360001116854896,42.368431091308594,40200,0.0,0.0,0.0
2021-01-05 00:00:00-05:00,42.36843531772696,42.385292053222656,42.36000534243234,42.385292053222656,46500,0.0,0.0,0.0
2021-01-06 00:00:00-05:00,42.385280101091304,42.385280101091304,42.37685012817383,42.37685012817383,39400,0.0,0.0,0.0
2021-01-07 00:00:00-05:00,42.37686207792803,42.385292053222656,42.37686207792803,42.385292053222656,31700,0.0,0.0,0.0
2021-01-08 00:00:00-05:00,42.368431091308594,42.38528782512277,42.368431091308594,42.368431091308594,21700,0.0,0.0,0.0
2021-01-11 00:00:00-05:00,42.385280101091304,42.385280101091304,42.368423370349,42.37685012817383,46700,0.0,0.0,0.0
2021-01-12 00:00:00-05:00,42.368423370349,42.37685012817383,42.368423370349,42.37685012817383,74200,0.0,0.0,0.0
2021-01-13 00:00:00-05:00,42.36843531772696,42.385292053222656,42.36843531772696,42.385292053222656,140800,0.0,0.0,0.0
2021-01-14 00:00:00-05:00,42.385280101091304,42.385280101091304,42.37685012817383,42.37685012817383,79100,0.0,0.0,0.0
2021-01-15 00:00:00-05:00,42.368423370349,42.385280101091304,42.368423370349,42.37685012817383,47800,0.0,0.0,0.0
2021-01-19 00:00:00-05:00,42.385292053222656,42.385292053222656,42.36843531772696,42.385292053222656,39900,0.0,0.0,0.0
2021-01-20 00:00:00-05:00,42.385292053222656,42.385292053222656,42.36843531772696,42.385292053222656,58300,0.0,0.0,0.0
2021-01-21 00:00:00-05:00,42.36843531772696,42.385292053222656,42.36843531772696,42.385292053222656,88300,0.0,0.0,0.0
2021-01-22 00:00:00-05:00,42.37686207792803,42.385292053222656,42.37686207792803,42.385292053222656,40400,0.0,0.0,0.0
2021-01-25 00:00:00-05:00,42.385292053222656,42.385292053222656,42.37686207792803,42.385292053222656,76300,0.0,0.0,0.0
2021-01-26 00:00:00-05:00,42.385292053222656,42.385292053222656,42.37686207792803,42.385292053222656,39300,0.0,0.0,0.0
2021-01-27 00:00:00-05:00,42.385292053222656,42.385292053222656,42.37686207792803,42.385292053222656,54600,0.0,0.0,0.0
2021-01-28 00:00:00-05:00,42.385280101091304,42.385280101091304,42.37685012817383,42.37685012817383,14500,0.0,0.0,0.0
2021-01-29 00:00:00-05:00,42.37686207792803,42.385292053222656,42.37686207792803,42.385292053222656,45000,0.0,0.0,0.0
2021-02-01 00:00:00-05:00,42.37770877228917,42.386138916015625,42.37770877228917,42.386138916015625,55300,0.001,0.0,0.0
2021-02-02 00:00:00-05:00,42.38611577012484,42.3945426940918,42.38611577012484,42.3945426940918,25300,0.0,0.0,0.0
2021-02-03 00:00:00-05:00,42.386138916015625,42.39456584458429,42.37770877228917,42.386138916015625,46800,0.0,0.0,0.0
2021-02-04 00:00:00-05:00,42.38613094780573,42.38613094780573,42.37770080566406,42.37770080566406,16600,0.0,0.0,0.0
2021-02-05 00:00:00-05:00,42.38611577012484,42.3945426940918,42.377685631001846,42.3945426940918,37000,0.0,0.0,0.0
2021-02-08 00:00:00-05:00,42.37770877228917,42.39456584458429,42.37770877228917,42.386138916015625,38800,0.0,0.0,0.0
2021-02-09 00:00:00-05:00,42.37770877228917,42.386138916015625,42.37770877228917,42.386138916015625,39000,0.0,0.0,0.0
2021-02-10 00:00:00-05:00,42.37770877228917,42.386138916015625,42.37770877228917,42.386138916015625,77900,0.0,0.0,0.0
2021-02-11 00:00:00-05:00,42.386138916015625,42.386138916015625,42.37770877228917,42.386138916015625,97100,0.0,0.0,0.0
2021-02-12 00:00:00-05:00,42.37770877228917,42.386138916015625,42.37770877228917,42.386138916015625,125200,0.0,0.0,0.0
2021-02-16 00:00:00-05:00,42.38613094780573,42.39455787479021,42.37770080566406,42.37770080566406,23000,0.0,0.0,0.0
2021-02-17 00:00:00-05:00,42.37770877228917,42.386138916015625,42.37770877228917,42.386138916015625,23800,0.0,0.0,0.0
2021-02-18 00:00:00-05:00,42.37770877228917,42.386138916015625,42.37770877228917,42.386138916015625,16600,0.0,0.0,0.0
2021-02-19 00:00:00-05:00,42.38613094780573,42.38613094780573,42.37770080566406,42.37770080566406,30400,0.0,0.0,0.0
2021-02-22 00:00:00-05:00,42.38613094780573,42.38613094780573,42.37770080566406,42.37770080566406,24500,0.0,0.0,0.0
2021-02-23 00:00:00-05:00,42.37770877228917,42.386138916015625,42.3692818437205,42.386138916015625,84400,0.0,0.0,0.0
2021-02-24 00:00:00-05:00,42.37770080566406,42.38613094780573,42.369273878679586,42.37770080566406,26000,0.0,0.0,0.0
2021-02-25 00:00:00-05:00,42.37770877228917,42.386138916015625,42.37770877228917,42.386138916015625,124600,0.0,0.0,0.0
2021-02-26 00:00:00-05:00,42.37770877228917,42.386138916015625,42.37770877228917,42.386138916015625,111300,0.0,0.0,0.0
2021-03-01 00:00:00-05:00,42.39456584458429,42.39456584458429,42.37770877228917,42.386138916015625,62400,0.0,0.0,0.0
2021-03-02 00:00:00-05:00,42.37770877228917,42.386138916015625,42.37770877228917,42.386138916015625,37700,0.0,0.0,0.0
2021-03-03 00:00:00-05:00,42.38613094780573,42.38613094780573,42.37770080566406,42.37770080566406,66200,0.0,0.0,0.0
2021-03-04 00:00:00-05:00,42.3692818437205,42.39456584458429,42.3692818437205,42.386138916015625,51200,0.0,0.0,0.0
2021-03-05 00:00:00-05:00,42.386138916015625,42.39456584458429,42.37770877228917,42.386138916015625,480000,0.0,0.0,0.0
2021-03-08 00:00:00-05:00,42.37770877228917,42.39456584458429,42.37770877228917,42.386138916015625,339600,0.0,0.0,0.0
2021-03-09 00:00:00-05:00,42.38613094780573,42.38613094780573,42.369273878679586,42.37770080566406,461500,0.0,0.0,0.0
2021-03-10 00:00:00-05:00,42.3692818437205,42.386138916015625,42.3692818437205,42.386138916015625,51100,0.0,0.0,0.0
2021-03-11 00:00:00-05:00,42.386138916015625,42.386138916015625,42.37770877228917,42.386138916015625,41200,0.0,0.0,0.0
2021-03-12 00:00:00-05:00,42.37770877228917,42.386138916015625,42.37770877228917,42.386138916015625,35500,0.0,0.0,0.0
2021-03-15 00:00:00-04:00,42.3692818437205,42.386138916015625,42.3692818437205,42.386138916015625,29000,0.0,0.0,0.0
2021-03-16 00:00:00-04:00,42.37770080566406,42.38613094780573,42.369273878679586,42.37770080566406,38100,0.0,0.0,0.0
2021-03-17 00:00:00-04:00,42.3692818437205,42.386138916015625,42.3692818437205,42.386138916015625,20700,0.0,0.0,0.0
2021-03-18 00:00:00-04:00,42.39456584458429,42.39456584458429,42.37770877228917,42.386138916015625,133200,0.0,0.0,0.0
2021-03-19 00:00:00-04:00,42.37770877228917,42.39456584458429,42.37770877228917,42.386138916015625,20300,0.0,0.0,0.0
2021-03-22 00:00:00-04:00,42.37770877228917,42.386138916015625,42.37770877228917,42.386138916015625,15600,0.0,0.0,0.0
2021-03-23 00:00:00-04:00,42.386138916015625,42.386138916015625,42.37770877228917,42.386138916015625,35200,0.0,0.0,0.0
2021-03-24 00:00:00-04:00,42.39456584458429,42.39456584458429,42.37770877228917,42.386138916015625,120400,0.0,0.0,0.0
2021-03-25 00:00:00-04:00,42.39456584458429,42.39456584458429,42.37770877228917,42.386138916015625,26200,0.0,0.0,0.0
2021-03-26 00:00:00-04:00,42.386138916015625,42.386138916015625,42.37770877228917,42.386138916015625,207600,0.0,0.0,0.0
2021-03-29 00:00:00-04:00,42.386138916015625,42.386138916015625,42.37770877228917,42.386138916015625,14500,0.0,0.0,0.0
2021-03-30 00:00:00-04:00,42.3692818437205,42.386138916015625,42.3692818437205,42.386138916015625,10600,0.0,0.0,0.0
2021-03-31 00:00:00-04:00,42.377685631001846,42.3945426940918,42.377685631001846,42.3945426940918,40100,0.0,0.0,0.0
2021-04-01 00:00:00-04:00,42.3945426940918,42.3945426940918,42.377685631001846,42.3945426940918,59500,0.0,0.0,0.0
2021-04-05 00:00:00-04:00,42.3945426940918,42.3945426940918,42.377685631001846,42.3945426940918,57700,0.0,0.0,0.0
2021-04-06 00:00:00-04:00,42.377685631001846,42.3945426940918,42.377685631001846,42.3945426940918,35600,0.0,0.0,0.0
2021-04-07 00:00:00-04:00,42.37770877228917,42.39456584458429,42.37770877228917,42.386138916015625,62600,0.0,0.0,0.0
2021-04-08 00:00:00-04:00,42.39456584458429,42.39456584458429,42.37770877228917,42.386138916015625,33400,0.0,0.0,0.0
2021-04-09 00:00:00-04:00,42.38611577012484,42.3945426940918,42.377685631001846,42.3945426940918,26700,0.0,0.0,0.0
2021-04-12 00:00:00-04:00,42.39456584458429,42.39456584458429,42.37770877228917,42.386138916015625,31600,0.0,0.0,0.0
2021-04-13 00:00:00-04:00,42.39456584458429,42.39456584458429,42.37770877228917,42.386138916015625,15800,0.0,0.0,0.0
2021-04-14 00:00:00-04:00,42.377685631001846,42.3945426940918,42.377685631001846,42.3945426940918,27600,0.0,0.0,0.0
2021-04-15 00:00:00-04:00,42.37770080566406,42.38613094780573,42.369273878679586,42.37770080566406,22300,0.0,0.0,0.0
2021-04-16 00:00:00-04:00,42.37770080566406,42.38613094780573,42.37770080566406,42.37770080566406,21000,0.0,0.0,0.0
2021-04-19 00:00:00-04:00,42.37770877228917,42.386138916015625,42.37770877228917,42.386138916015625,119200,0.0,0.0,0.0
2021-04-20 00:00:00-04:00,42.37770877228917,42.386138916015625,42.37770877228917,42.386138916015625,10400,0.0,0.0,0.0
2021-04-21 00:00:00-04:00,42.37770877228917,42.39456584458429,42.37770877228917,42.386138916015625,24300,0.0,0.0,0.0
2021-04-22 00:00:00-04:00,42.37770877228917,42.386138916015625,42.37770877228917,42.386138916015625,13800,0.0,0.0,0.0
2021-04-23 00:00:00-04:00,42.37770877228917,42.39456584458429,42.37770877228917,42.386138916015625,14700,0.0,0.0,0.0
2021-04-26 00:00:00-04:00,42.39456584458429,42.39456584458429,42.37770877228917,42.386138916015625,12200,0.0,0.0,0.0
2021-04-27 00:00:00-04:00,42.386138916015625,42.39456584458429,42.37770877228917,42.386138916015625,12100,0.0,0.0,0.0
2021-04-28 00:00:00-04:00,42.37770877228917,42.386138916015625,42.37770877228917,42.386138916015625,11900,0.0,0.0,0.0
2021-04-29 00:00:00-04:00,42.386138916015625,42.386138916015625,42.37770877228917,42.386138916015625,10800,0.0,0.0,0.0
2021-04-30 00:00:00-04:00,42.386138916015625,42.386138916015625,42.37770877228917,42.386138916015625,7800,0.0,0.0,0.0
2021-05-03 00:00:00-04:00,42.37770080566406,42.38613094780573,42.37770080566406,42.37770080566406,37600,0.0,0.0,0.0
2021-05-04 00:00:00-04:00,42.37770080566406,42.38613094780573,42.37770080566406,42.37770080566406,20300,0.0,0.0,0.0
2021-05-05 00:00:00-04:00,42.377685631001846,42.3945426940918,42.377685631001846,42.3945426940918,62500,0.0,0.0,0.0
2021-05-06 00:00:00-04:00,42.37770877228917,42.386138916015625,42.37770877228917,42.386138916015625,10600,0.0,0.0,0.0
2021-05-07 00:00:00-04:00,42.37770877228917,42.386138916015625,42.37770877228917,42.386138916015625,10100,0.0,0.0,0.0
2021-05-10 00:00:00-04:00,42.38613094780573,42.38613094780573,42.369273878679586,42.37770080566406,83000,0.0,0.0,0.0
2021-05-11 00:00:00-04:00,42.386138916015625,42.386138916015625,42.3692818437205,42.386138916015625,43700,0.0,0.0,0.0
2021-05-12 00:00:00-04:00,42.39455787479021,42.39455787479021,42.37770080566406,42.37770080566406,18400,0.0,0.0,0.0
2021-05-13 00:00:00-04:00,42.369273878679586,42.38613094780573,42.369273878679586,42.37770080566406,792500,0.0,0.0,0.0
2021-05-14 00:00:00-04:00,42.386138916015625,42.386138916015625,42.37770877228917,42.386138916015625,32300,0.0,0.0,0.0
2021-05-17 00:00:00-04:00,42.37770877228917,42.386138916015625,42.37770877228917,42.386138916015625,94700,0.0,0.0,0.0
2021-05-18 00:00:00-04:00,42.37770877228917,42.386138916015625,42.3692818437205,42.386138916015625,37600,0.0,0.0,0.0
2021-05-19 00:00:00-04:00,42.37770877228917,42.386138916015625,42.37770877228917,42.386138916015625,20500,0.0,0.0,0.0
2021-05-20 00:00:00-04:00,42.37770877228917,42.386138916015625,42.37770877228917,42.386138916015625,6000,0.0,0.0,0.0
2021-05-21 00:00:00-04:00,42.37770877228917,42.386138916015625,42.37770877228917,42.386138916015625,21200,0.0,0.0,0.0
2021-05-24 00:00:00-04:00,42.37770080566406,42.38613094780573,42.369273878679586,42.37770080566406,152300,0.0,0.0,0.0
2021-05-25 00:00:00-04:00,42.369273878679586,42.38613094780573,42.369273878679586,42.37770080566406,9000,0.0,0.0,0.0
2021-05-26 00:00:00-04:00,42.369273878679586,42.38613094780573,42.369273878679586,42.37770080566406,64500,0.0,0.0,0.0
2021-05-27 00:00:00-04:00,42.377701066440636,42.386131208634175,42.3692741394043,42.3692741394043,30300,0.0,0.0,0.0
2021-05-28 00:00:00-04:00,42.38613094780573,42.38613094780573,42.369273878679586,42.37770080566406,37600,0.0,0.0,0.0
2021-06-01 00:00:00-04:00,42.3692818437205,42.386138916015625,42.3692818437205,42.386138916015625,14400,0.0,0.0,0.0
2021-06-02 00:00:00-04:00,42.3692741394043,42.386131208634175,42.3692741394043,42.3692741394043,40000,0.0,0.0,0.0
2021-06-03 00:00:00-04:00,42.369273878679586,42.37770080566406,42.369273878679586,42.37770080566406,69100,0.0,0.0,0.0
2021-06-04 00:00:00-04:00,42.37770080566406,42.37770080566406,42.369273878679586,42.37770080566406,23600,0.0,0.0,0.0
2021-06-07 00:00:00-04:00,42.37770080566406,42.38613094780573,42.369273878679586,42.37770080566406,13100,0.0,0.0,0.0
2021-06-08 00:00:00-04:00,42.369273878679586,42.38613094780573,42.369273878679586,42.37770080566406,106800,0.0,0.0,0.0
2021-06-09 00:00:00-04:00,42.369273878679586,42.38613094780573,42.369273878679586,42.37770080566406,29300,0.0,0.0,0.0
2021-06-10 00:00:00-04:00,42.369273878679586,42.37770080566406,42.369273878679586,42.37770080566406,10900,0.0,0.0,0.0
2021-06-11 00:00:00-04:00,42.369273878679586,42.37770080566406,42.369273878679586,42.37770080566406,22100,0.0,0.0,0.0
2021-06-14 00:00:00-04:00,42.3692741394043,42.377701066440636,42.3692741394043,42.3692741394043,12500,0.0,0.0,0.0
2021-06-15 00:00:00-04:00,42.377701066440636,42.377701066440636,42.3692741394043,42.3692741394043,10900,0.0,0.0,0.0
2021-06-16 00:00:00-04:00,42.369273878679586,42.37770080566406,42.369273878679586,42.37770080566406,19800,0.0,0.0,0.0
2021-06-17 00:00:00-04:00,42.3692741394043,42.377701066440636,42.3692741394043,42.3692741394043,16600,0.0,0.0,0.0
2021-06-18 00:00:00-04:00,42.369273878679586,42.38613094780573,42.369273878679586,42.37770080566406,24000,0.0,0.0,0.0
2021-06-21 00:00:00-04:00,42.369273878679586,42.37770080566406,42.369273878679586,42.37770080566406,4900,0.0,0.0,0.0
2021-06-22 00:00:00-04:00,42.37770080566406,42.37770080566406,42.369273878679586,42.37770080566406,54300,0.0,0.0,0.0
2021-06-23 00:00:00-04:00,42.37770080566406,42.37770080566406,42.369273878679586,42.37770080566406,4500,0.0,0.0,0.0
2021-06-24 00:00:00-04:00,42.369273878679586,42.37770080566406,42.369273878679586,42.37770080566406,13500,0.0,0.0,0.0
2021-06-25 00:00:00-04:00,42.369273878679586,42.37770080566406,42.369273878679586,42.37770080566406,5000,0.0,0.0,0.0
2021-06-28 00:00:00-04:00,42.360843736537916,42.38613094780573,42.360843736537916,42.37770080566406,53000,0.0,0.0,0.0
2021-06-29 00:00:00-04:00,42.369273878679586,42.38613094780573,42.369273878679586,42.37770080566406,50100,0.0,0.0,0.0
2021-06-30 00:00:00-04:00,42.386131208634175,42.386131208634175,42.3692741394043,42.3692741394043,17000,0.0,0.0,0.0
2021-07-01 00:00:00-04:00,42.36085169999404,42.386138916015625,42.36085169999404,42.386138916015625,32500,0.0,0.0,0.0
2021-07-02 00:00:00-04:00,42.37770080566406,42.38613094780573,42.369273878679586,42.37770080566406,10500,0.0,0.0,0.0
2021-07-06 00:00:00-04:00,42.38613094780573,42.38613094780573,42.369273878679586,42.37770080566406,22000,0.0,0.0,0.0
2021-07-07 00:00:00-04:00,42.369273878679586,42.37770080566406,42.369273878679586,42.37770080566406,8000,0.0,0.0,0.0
2021-07-08 00:00:00-04:00,42.3692741394043,42.386131208634175,42.3692741394043,42.3692741394043,37800,0.0,0.0,0.0
2021-07-09 00:00:00-04:00,42.369273878679586,42.37770080566406,42.369273878679586,42.37770080566406,17200,0.0,0.0,0.0
2021-07-12 00:00:00-04:00,42.386131208634175,42.386131208634175,42.3692741394043,42.3692741394043,19600,0.0,0.0,0.0
2021-07-13 00:00:00-04:00,42.38613094780573,42.38613094780573,42.369273878679586,42.37770080566406,13400,0.0,0.0,0.0
2021-07-14 00:00:00-04:00,42.360843736537916,42.37770080566406,42.360843736537916,42.37770080566406,28200,0.0,0.0,0.0
2021-07-15 00:00:00-04:00,42.37770080566406,42.37770080566406,42.369273878679586,42.37770080566406,13200,0.0,0.0,0.0
2021-07-16 00:00:00-04:00,42.3692818437205,42.386138916015625,42.3692818437205,42.386138916015625,40900,0.0,0.0,0.0
2021-07-19 00:00:00-04:00,42.369273878679586,42.37770080566406,42.369273878679586,42.37770080566406,39000,0.0,0.0,0.0
2021-07-20 00:00:00-04:00,42.369273878679586,42.37770080566406,42.369273878679586,42.37770080566406,26100,0.0,0.0,0.0
2021-07-21 00:00:00-04:00,42.37770080566406,42.37770080566406,42.369273878679586,42.37770080566406,10400,0.0,0.0,0.0
2021-07-22 00:00:00-04:00,42.37770080566406,42.37770080566406,42.369273878679586,42.37770080566406,13600,0.0,0.0,0.0
2021-07-23 00:00:00-04:00,42.3692818437205,42.386138916015625,42.3692818437205,42.386138916015625,21400,0.0,0.0,0.0
2021-07-26 00:00:00-04:00,42.37770080566406,42.38613094780573,42.369273878679586,42.37770080566406,11400,0.0,0.0,0.0
2021-07-27 00:00:00-04:00,42.37770080566406,42.38613094780573,42.369273878679586,42.37770080566406,13300,0.0,0.0,0.0
2021-07-28 00:00:00-04:00,42.37770080566406,42.37770080566406,42.369273878679586,42.37770080566406,45300,0.0,0.0,0.0
2021-07-29 00:00:00-04:00,42.3692818437205,42.386138916015625,42.3692818437205,42.386138916015625,166400,0.0,0.0,0.0
2021-07-30 00:00:00-04:00,42.38613094780573,42.38613094780573,42.369273878679586,42.37770080566406,34200,0.0,0.0,0.0
2021-08-02 00:00:00-04:00,42.369273878679586,42.38613094780573,42.369273878679586,42.37770080566406,2600,0.0,0.0,0.0
2021-08-03 00:00:00-04:00,42.38613094780573,42.38613094780573,42.369273878679586,42.37770080566406,32900,0.0,0.0,0.0
2021-08-04 00:00:00-04:00,42.38613094780573,42.38613094780573,42.369273878679586,42.37770080566406,17600,0.0,0.0,0.0
2021-08-05 00:00:00-04:00,42.38613094780573,42.38613094780573,42.369273878679586,42.37770080566406,14500,0.0,0.0,0.0
2021-08-06 00:00:00-04:00,42.369273878679586,42.38613094780573,42.369273878679586,42.37770080566406,7500,0.0,0.0,0.0
2021-08-09 00:00:00-04:00,42.369273878679586,42.39455787479021,42.369273878679586,42.37770080566406,1354800,0.0,0.0,0.0
2021-08-10 00:00:00-04:00,42.38613094780573,42.38613094780573,42.369273878679586,42.37770080566406,23400,0.0,0.0,0.0
2021-08-11 00:00:00-04:00,42.369273878679586,42.37770080566406,42.369273878679586,42.37770080566406,25200,0.0,0.0,0.0
2021-08-12 00:00:00-04:00,42.37770080566406,42.37770080566406,42.369273878679586,42.37770080566406,27000,0.0,0.0,0.0
2021-08-13 00:00:00-04:00,42.37770080566406,42.37770080566406,42.369273878679586,42.37770080566406,15300,0.0,0.0,0.0
2021-08-16 00:00:00-04:00,42.3692741394043,42.377701066440636,42.36084399721076,42.3692741394043,2217200,0.0,0.0,0.0
2021-08-17 00:00:00-04:00,42.360843736537916,42.37770080566406,42.360843736537916,42.37770080566406,10100,0.0,0.0,0.0
2021-08-18 00:00:00-04:00,42.360843736537916,42.37770080566406,42.360843736537916,42.37770080566406,14900,0.0,0.0,0.0
2021-08-19 00:00:00-04:00,42.37770080566406,42.37770080566406,42.369273878679586,42.37770080566406,197000,0.0,0.0,0.0
2021-08-20 00:00:00-04:00,42.377701066440636,42.377701066440636,42.3692741394043,42.3692741394043,33200,0.0,0.0,0.0
2021-08-23 00:00:00-04:00,42.369273878679586,42.37770080566406,42.369273878679586,42.37770080566406,39100,0.0,0.0,0.0
2021-08-24 00:00:00-04:00,42.369273878679586,42.37770080566406,42.369273878679586,42.37770080566406,13000,0.0,0.0,0.0
2021-08-25 00:00:00-04:00,42.37770080566406,42.37770080566406,42.360843736537916,42.37770080566406,50700,0.0,0.0,0.0
2021-08-26 00:00:00-04:00,42.37770080566406,42.37770080566406,42.369273878679586,42.37770080566406,122100,0.0,0.0,0.0
2021-08-27 00:00:00-04:00,42.369273878679586,42.37770080566406,42.360843736537916,42.37770080566406,208400,0.0,0.0,0.0
2021-08-30 00:00:00-04:00,42.37770080566406,42.37770080566406,42.369273878679586,42.37770080566406,87500,0.0,0.0,0.0
2021-08-31 00:00:00-04:00,42.369273878679586,42.37770080566406,42.369273878679586,42.37770080566406,12600,0.0,0.0,0.0
2021-09-01 00:00:00-04:00,42.37770080566406,42.37770080566406,42.369273878679586,42.37770080566406,29700,0.0,0.0,0.0
2021-09-02 00:00:00-04:00,42.37770080566406,42.37770080566406,42.369273878679586,42.37770080566406,11900,0.0,0.0,0.0
2021-09-03 00:00:00-04:00,42.37770080566406,42.37770080566406,42.369273878679586,42.37770080566406,8700,0.0,0.0,0.0
2021-09-07 00:00:00-04:00,42.37770080566406,42.37770080566406,42.369273878679586,42.37770080566406,833500,0.0,0.0,0.0
2021-09-08 00:00:00-04:00,42.37770080566406,42.37770080566406,42.369273878679586,42.37770080566406,108900,0.0,0.0,0.0
2021-09-09 00:00:00-04:00,42.377701066440636,42.377701066440636,42.3692741394043,42.3692741394043,25000,0.0,0.0,0.0
2021-09-10 00:00:00-04:00,42.37770080566406,42.37770080566406,42.369273878679586,42.37770080566406,8400,0.0,0.0,0.0
2021-09-13 00:00:00-04:00,42.37770080566406,42.37770080566406,42.369273878679586,42.37770080566406,75000,0.0,0.0,0.0
2021-09-14 00:00:00-04:00,42.3692741394043,42.377701066440636,42.3692741394043,42.3692741394043,11400,0.0,0.0,0.0
2021-09-15 00:00:00-04:00,42.369273878679586,42.37770080566406,42.369273878679586,42.37770080566406,45400,0.0,0.0,0.0
2021-09-16 00:00:00-04:00,42.369273878679586,42.37770080566406,42.369273878679586,42.37770080566406,11100,0.0,0.0,0.0
2021-09-17 00:00:00-04:00,42.369273878679586,42.37770080566406,42.369273878679586,42.37770080566406,211000,0.0,0.0,0.0
2021-09-20 00:00:00-04:00,42.37770080566406,42.37770080566406,42.369273878679586,42.37770080566406,45400,0.0,0.0,0.0
2021-09-21 00:00:00-04:00,42.37770080566406,42.37770080566406,42.369273878679586,42.37770080566406,24100,0.0,0.0,0.0
2021-09-22 00:00:00-04:00,42.37770080566406,42.37770080566406,42.369273878679586,42.37770080566406,173200,0.0,0.0,0.0
2021-09-23 00:00:00-04:00,42.369273878679586,42.37770080566406,42.369273878679586,42.37770080566406,11700,0.0,0.0,0.0
2021-09-24 00:00:00-04:00,42.377701066440636,42.377701066440636,42.36084399721076,42.3692741394043,359200,0.0,0.0,0.0
2021-09-27 00:00:00-04:00,42.3692741394043,42.377701066440636,42.3692741394043,42.3692741394043,788300,0.0,0.0,0.0
2021-09-28 00:00:00-04:00,42.37770080566406,42.37770080566406,42.369273878679586,42.37770080566406,18000,0.0,0.0,0.0
2021-09-29 00:00:00-04:00,42.36084399721076,42.377701066440636,42.36084399721076,42.3692741394043,29500,0.0,0.0,0.0
2021-09-30 00:00:00-04:00,42.36084399721076,42.377701066440636,42.36084399721076,42.3692741394043,111400,0.0,0.0,0.0
2021-10-01 00:00:00-04:00,42.36084399721076,42.377701066440636,42.36084399721076,42.3692741394043,11000,0.0,0.0,0.0
2021-10-04 00:00:00-04:00,42.36084399721076,42.3692741394043,42.36084399721076,42.3692741394043,9200,0.0,0.0,0.0
2021-10-05 00:00:00-04:00,42.3692741394043,42.3692741394043,42.36084399721076,42.3692741394043,30800,0.0,0.0,0.0
2021-10-06 00:00:00-04:00,42.36084399721076,42.377701066440636,42.36084399721076,42.3692741394043,418100,0.0,0.0,0.0
2021-10-07 00:00:00-04:00,42.36084399721076,42.3692741394043,42.35241707017442,42.3692741394043,401900,0.0,0.0,0.0
2021-10-08 00:00:00-04:00,42.36085510253906,42.36928524694265,42.36085510253906,42.36085510253906,27700,0.0,0.0,0.0
2021-10-11 00:00:00-04:00,42.3692741394043,42.377701066440636,42.35241707017442,42.3692741394043,146100,0.0,0.0,0.0
2021-10-12 00:00:00-04:00,42.36928524694265,42.36928524694265,42.36085510253906,42.36085510253906,6100,0.0,0.0,0.0
2021-10-13 00:00:00-04:00,42.36085510253906,42.36928524694265,42.36085510253906,42.36085510253906,17700,0.0,0.0,0.0
2021-10-14 00:00:00-04:00,42.36928524694265,42.36928524694265,42.36085510253906,42.36085510253906,29000,0.0,0.0,0.0
2021-10-15 00:00:00-04:00,42.3692741394043,42.3692741394043,42.36084399721076,42.3692741394043,5900,0.0,0.0,0.0
2021-10-18 00:00:00-04:00,42.36928524694265,42.36928524694265,42.36085510253906,42.36085510253906,14600,0.0,0.0,0.0
2021-10-19 00:00:00-04:00,42.3692741394043,42.3692741394043,42.36084399721076,42.3692741394043,49700,0.0,0.0,0.0
2021-10-20 00:00:00-04:00,42.3692741394043,42.3692741394043,42.36084399721076,42.3692741394043,65000,0.0,0.0,0.0
2021-10-21 00:00:00-04:00,42.3692741394043,42.3692741394043,42.36084399721076,42.3692741394043,20100,0.0,0.0,0.0
2021-10-22 00:00:00-04:00,42.3692741394043,42.3692741394043,42.36084399721076,42.3692741394043,20800,0.0,0.0,0.0
2021-10-25 00:00:00-04:00,42.36928524694265,42.36928524694265,42.36085510253906,42.36085510253906,35100,0.0,0.0,0.0
2021-10-26 00:00:00-04:00,42.3692741394043,42.3692741394043,42.36084399721076,42.3692741394043,10100,0.0,0.0,0.0
2021-10-27 00:00:00-04:00,42.36084399721076,42.3692741394043,42.36084399721076,42.3692741394043,6900,0.0,0.0,0.0
2021-10-28 00:00:00-04:00,42.36084399721076,42.3692741394043,42.36084399721076,42.3692741394043,16500,0.0,0.0,0.0
2021-10-29 00:00:00-04:00,42.36084399721076,42.3692741394043,42.36084399721076,42.3692741394043,51400,0.0,0.0,0.0
2021-11-01 00:00:00-04:00,42.36085510253906,42.36928524694265,42.36085510253906,42.36085510253906,46600,0.0,0.0,0.0
2021-11-02 00:00:00-04:00,42.36928524694265,42.36928524694265,42.36085510253906,42.36085510253906,15100,0.0,0.0,0.0
2021-11-03 00:00:00-04:00,42.36928524694265,42.36928524694265,42.36085510253906,42.36085510253906,8800,0.0,0.0,0.0
2021-11-04 00:00:00-04:00,42.3692741394043,42.3692741394043,42.36084399721076,42.3692741394043,13600,0.0,0.0,0.0
2021-11-05 00:00:00-04:00,42.3692741394043,42.3692741394043,42.36084399721076,42.3692741394043,4800,0.0,0.0,0.0
2021-11-08 00:00:00-05:00,42.3692741394043,42.3692741394043,42.36084399721076,42.3692741394043,47400,0.0,0.0,0.0
2021-11-09 00:00:00-05:00,42.3692741394043,42.3692741394043,42.36084399721076,42.3692741394043,10600,0.0,0.0,0.0
2021-11-10 00:00:00-05:00,42.3692741394043,42.3692741394043,42.36084399721076,42.3692741394043,11600,0.0,0.0,0.0
2021-11-11 00:00:00-05:00,42.36084399721076,42.3692741394043,42.36084399721076,42.3692741394043,14600,0.0,0.0,0.0
2021-11-12 00:00:00-05:00,42.3692741394043,42.3692741394043,42.36084399721076,42.3692741394043,2400,0.0,0.0,0.0
2021-11-15 00:00:00-05:00,42.3692741394043,42.3692741394043,42.36084399721076,42.3692741394043,46800,0.0,0.0,0.0
2021-11-16 00:00:00-05:00,42.36085510253906,42.36928524694265,42.36085510253906,42.36085510253906,7000,0.0,0.0,0.0
2021-11-17 00:00:00-05:00,42.36084399721076,42.3692741394043,42.36084399721076,42.3692741394043,20100,0.0,0.0,0.0
2021-11-18 00:00:00-05:00,42.3692741394043,42.3692741394043,42.36084399721076,42.3692741394043,55400,0.0,0.0,0.0
2021-11-19 00:00:00-05:00,42.36084399721076,42.3692741394043,42.36084399721076,42.3692741394043,9900,0.0,0.0,0.0
2021-11-22 00:00:00-05:00,42.36084399721076,42.3692741394043,42.36084399721076,42.3692741394043,6800,0.0,0.0,0.0
2021-11-23 00:00:00-05:00,42.3692741394043,42.3692741394043,42.36084399721076,42.3692741394043,7000,0.0,0.0,0.0
2021-11-24 00:00:00-05:00,42.369274061386335,42.369274061386335,42.3524169921875,42.3524169921875,9500,0.0,0.0,0.0
2021-11-26 00:00:00-05:00,42.35241707017442,42.3692741394043,42.35241707017442,42.3692741394043,2800,0.0,0.0,0.0
2021-11-29 00:00:00-05:00,42.36085510253906,42.36928524694265,42.35242817329352,42.36085510253906,13200,0.0,0.0,0.0
2021-11-30 00:00:00-05:00,42.3692741394043,42.377701066440636,42.36084399721076,42.3692741394043,197300,0.0,0.0,0.0
2021-12-01 00:00:00-05:00,42.36928524694265,42.36928524694265,42.36085510253906,42.36085510253906,23700,0.0,0.0,0.0
2021-12-02 00:00:00-05:00,42.377701066440636,42.377701066440636,42.36084399721076,42.3692741394043,225700,0.0,0.0,0.0
2021-12-03 00:00:00-05:00,42.3692741394043,42.3692741394043,42.36084399721076,42.3692741394043,6200,0.0,0.0,0.0
2021-12-06 00:00:00-05:00,42.36084399721076,42.3692741394043,42.35241707017442,42.3692741394043,396500,0.0,0.0,0.0
2021-12-07 00:00:00-05:00,42.36928524694265,42.36928524694265,42.35242817329352,42.36085510253906,187300,0.0,0.0,0.0
2021-12-08 00:00:00-05:00,42.36085510253906,42.36928524694265,42.35242817329352,42.36085510253906,30900,0.0,0.0,0.0
2021-12-09 00:00:00-05:00,42.36085510253906,42.36085510253906,42.35242817329352,42.36085510253906,16100,0.0,0.0,0.0
2021-12-10 00:00:00-05:00,42.36085510253906,42.36928524694265,42.35242817329352,42.36085510253906,34500,0.0,0.0,0.0
2021-12-13 00:00:00-05:00,42.36928524694265,42.36928524694265,42.35242817329352,42.36085510253906,44700,0.0,0.0,0.0
2021-12-14 00:00:00-05:00,42.35242817329352,42.36928524694265,42.35242817329352,42.36085510253906,12300,0.0,0.0,0.0
2021-12-15 00:00:00-05:00,42.35242817329352,42.36928524694265,42.35242817329352,42.36085510253906,23100,0.0,0.0,0.0
2021-12-16 00:00:00-05:00,42.36928524694265,42.36928524694265,42.36085510253906,42.36085510253906,1017200,0.0,0.0,0.0
2021-12-17 00:00:00-05:00,42.3692741394043,42.3692741394043,42.36084399721076,42.3692741394043,204900,0.0,0.0,0.0
2021-12-20 00:00:00-05:00,42.36928524694265,42.36928524694265,42.36085510253906,42.36085510253906,22200,0.0,0.0,0.0
2021-12-21 00:00:00-05:00,42.386131208634175,42.386131208634175,42.36084399721076,42.3692741394043,1054800,0.0,0.0,0.0
2021-12-22 00:00:00-05:00,42.377701066440636,42.377701066440636,42.36084399721076,42.3692741394043,150000,0.0,0.0,0.0
2021-12-23 00:00:00-05:00,42.3692741394043,42.3692741394043,42.36084399721076,42.3692741394043,102300,0.0,0.0,0.0
2021-12-27 00:00:00-05:00,42.3692741394043,42.3692741394043,42.36084399721076,42.3692741394043,24200,0.0,0.0,0.0
2021-12-28 00:00:00-05:00,42.3692741394043,42.3692741394043,42.36084399721076,42.3692741394043,25400,0.0,0.0,0.0
2021-12-29 00:00:00-05:00,42.3692741394043,42.3692741394043,42.36084399721076,42.3692741394043,24700,0.0,0.0,0.0
2021-12-30 00:00:00-05:00,42.3692741394043,42.3692741394043,42.36084399721076,42.3692741394043,33400,0.0,0.0,0.0
2021-12-31 00:00:00-05:00,42.36084399721076,42.3692741394043,42.36084399721076,42.3692741394043,3500,0.0,0.0,0.0
2022-01-03 00:00:00-05:00,42.36085510253906,42.36928524694265,42.36085510253906,42.36085510253906,21100,0.0,0.0,0.0
2022-01-04 00:00:00-05:00,42.36928524694265,42.36928524694265,42.36085510253906,42.36085510253906,222400,0.0,0.0,0.0
2022-01-05 00:00:00-05:00,42.360843736537916,42.37770080566406,42.360843736537916,42.37770080566406,50200,0.0,0.0,0.0
2022-01-06 00:00:00-05:00,42.36085510253906,42.36928524694265,42.36085510253906,42.36085510253906,93200,0.0,0.0,0.0
2022-01-07 00:00:00-05:00,42.3692741394043,42.3692741394043,42.36084399721076,42.3692741394043,15300,0.0,0.0,0.0
2022-01-10 00:00:00-05:00,42.360843736537916,42.37770080566406,42.360843736537916,42.37770080566406,79000,0.0,0.0,0.0
2022-01-11 00:00:00-05:00,42.37770080566406,42.37770080566406,42.369273878679586,42.37770080566406,44900,0.0,0.0,0.0
2022-01-12 00:00:00-05:00,42.369273878679586,42.38613094780573,42.369273878679586,42.37770080566406,122700,0.0,0.0,0.0
2022-01-13 00:00:00-05:00,42.369273878679586,42.38613094780573,42.369273878679586,42.37770080566406,277000,0.0,0.0,0.0
2022-01-14 00:00:00-05:00,42.369273878679586,42.37770080566406,42.369273878679586,42.37770080566406,65400,0.0,0.0,0.0
2022-01-18 00:00:00-05:00,42.369273878679586,42.37770080566406,42.369273878679586,42.37770080566406,70400,0.0,0.0,0.0
2022-01-19 00:00:00-05:00,42.37770877228917,42.386138916015625,42.3692818437205,42.386138916015625,83600,0.0,0.0,0.0
2022-01-20 00:00:00-05:00,42.3692741394043,42.386131208634175,42.3692741394043,42.3692741394043,12400,0.0,0.0,0.0
2022-01-21 00:00:00-05:00,42.37770080566406,42.38613094780573,42.369273878679586,42.37770080566406,34000,0.0,0.0,0.0
2022-01-24 00:00:00-05:00,42.369273878679586,42.38613094780573,42.369273878679586,42.37770080566406,45300,0.0,0.0,0.0
2022-01-25 00:00:00-05:00,42.37770877228917,42.386138916015625,42.37770877228917,42.386138916015625,30700,0.0,0.0,0.0
2022-01-26 00:00:00-05:00,42.386138916015625,42.386138916015625,42.37770877228917,42.386138916015625,30700,0.0,0.0,0.0
2022-01-27 00:00:00-05:00,42.377685631001846,42.3945426940918,42.377685631001846,42.3945426940918,61300,0.0,0.0,0.0
2022-01-28 00:00:00-05:00,42.3945426940918,42.3945426940918,42.377685631001846,42.3945426940918,41000,0.0,0.0,0.0
2022-01-31 00:00:00-05:00,42.3945426940918,42.3945426940918,42.377685631001846,42.3945426940918,74600,0.0,0.0,0.0
2022-02-01 00:00:00-05:00,42.38611577012484,42.40297283321478,42.38611577012484,42.3945426940918,1275100,0.0,0.0,0.0
2022-02-02 00:00:00-05:00,42.40299606323242,42.40299606323242,42.39456591949107,42.40299606323242,126400,0.0,0.0,0.0
2022-02-03 00:00:00-05:00,42.40297283321478,42.40297283321478,42.38611577012484,42.3945426940918,130600,0.0,0.0,0.0
2022-02-04 00:00:00-05:00,42.40299606323242,42.41142299181598,42.39456591949107,42.40299606323242,56000,0.0,0.0,0.0
2022-02-07 00:00:00-05:00,42.40299606323242,42.40299606323242,42.39456591949107,42.40299606323242,94900,0.0,0.0,0.0
2022-02-08 00:00:00-05:00,42.41142299181598,42.41142299181598,42.39456591949107,42.40299606323242,87700,0.0,0.0,0.0
2022-02-09 00:00:00-05:00,42.3945426940918,42.3945426940918,42.38611577012484,42.3945426940918,100300,0.0,0.0,0.0
2022-02-10 00:00:00-05:00,42.3945426940918,42.40297283321478,42.3945426940918,42.3945426940918,113800,0.0,0.0,0.0
2022-02-11 00:00:00-05:00,42.40298054520353,42.411407470703125,42.394550404547324,42.411407470703125,148600,0.0,0.0,0.0
2022-02-14 00:00:00-05:00,42.40299606323242,42.41142299181598,42.39456591949107,42.40299606323242,156500,0.0,0.0,0.0
2022-02-15 00:00:00-05:00,42.41142299181598,42.41985313555733,42.39456591949107,42.40299606323242,869100,0.0,0.0,0.0
2022-02-16 00:00:00-05:00,42.41141543881465,42.41984558105469,42.402988511731834,42.41984558105469,45500,0.0,0.0,0.0
2022-02-17 00:00:00-05:00,42.41141543881465,42.41984558105469,42.402988511731834,42.41984558105469,210300,0.0,0.0,0.0
2022-02-18 00:00:00-05:00,42.41141543881465,42.41984558105469,42.41141543881465,42.41984558105469,338100,0.0,0.0,0.0
2022-02-22 00:00:00-05:00,42.41984558105469,42.41984558105469,42.402988511731834,42.41984558105469,352000,0.0,0.0,0.0
2022-02-23 00:00:00-05:00,42.41141543881465,42.41984558105469,42.41141543881465,42.41984558105469,72800,0.0,0.0,0.0
2022-02-24 00:00:00-05:00,42.41141543881465,42.41984558105469,42.402988511731834,42.41984558105469,171800,0.0,0.0,0.0
2022-02-25 00:00:00-05:00,42.40299606323242,42.41142299181598,42.39456591949107,42.40299606323242,1774600,0.0,0.0,0.0
2022-02-28 00:00:00-05:00,42.3945583694918,42.41984558105469,42.3945583694918,42.41984558105469,190300,0.0,0.0,0.0
2022-03-01 00:00:00-05:00,42.39201510244974,42.41730260855149,42.39201510244974,42.40887451171875,206200,0.007,0.0,0.0
2022-03-02 00:00:00-05:00,42.42573392098775,42.42573392098775,42.400443199282485,42.40887451171875,1008500,0.0,0.0,0.0
2022-03-03 00:00:00-05:00,42.400443199282485,42.42573392098775,42.400443199282485,42.40887451171875,248500,0.0,0.0,0.0
2022-03-04 00:00:00-05:00,42.400456188271754,42.42574691772461,42.400456188271754,42.42574691772461,1198000,0.0,0.0,0.0
2022-03-07 00:00:00-05:00,42.41730260855149,42.41730260855149,42.40887451171875,42.40887451171875,225800,0.0,0.0,0.0
2022-03-08 00:00:00-05:00,42.41731643676758,42.41731643676758,42.40888833718724,42.41731643676758,135400,0.0,0.0,0.0
2022-03-09 00:00:00-05:00,42.400456188271754,42.42574691772461,42.400456188271754,42.42574691772461,197600,0.0,0.0,0.0
2022-03-10 00:00:00-05:00,42.41731643676758,42.41731643676758,42.40888833718724,42.41731643676758,82100,0.0,0.0,0.0
2022-03-11 00:00:00-05:00,42.41731643676758,42.41731643676758,42.40888833718724,42.41731643676758,29900,0.0,0.0,0.0
2022-03-14 00:00:00-04:00,42.41731643676758,42.41731643676758,42.40888833718724,42.41731643676758,42500,0.0,0.0,0.0
2022-03-15 00:00:00-04:00,42.41731643676758,42.41731643676758,42.40888833718724,42.41731643676758,137500,0.0,0.0,0.0
2022-03-16 00:00:00-04:00,42.41731643676758,42.41731643676758,42.400457022002335,42.41731643676758,805700,0.0,0.0,0.0
2022-03-17 00:00:00-04:00,42.40888833718724,42.425747751952485,42.40888833718724,42.41731643676758,819200,0.0,0.0,0.0
2022-03-18 00:00:00-04:00,42.40888833718724,42.425747751952485,42.40888833718724,42.41731643676758,488100,0.0,0.0,0.0
2022-03-21 00:00:00-04:00,42.41731643676758,42.425747751952485,42.40888833718724,42.41731643676758,74400,0.0,0.0,0.0
2022-03-22 00:00:00-04:00,42.41731643676758,42.425747751952485,42.40888833718724,42.41731643676758,169700,0.0,0.0,0.0
2022-03-23 00:00:00-04:00,42.42574691772461,42.42574691772461,42.40888750329088,42.42574691772461,113800,0.0,0.0,0.0
2022-03-24 00:00:00-04:00,42.42574691772461,42.42574691772461,42.417315602705486,42.42574691772461,213000,0.0,0.0,0.0
2022-03-25 00:00:00-04:00,42.42574691772461,42.42574691772461,42.40888750329088,42.42574691772461,292800,0.0,0.0,0.0
2022-03-28 00:00:00-04:00,42.41731643676758,42.425747751952485,42.40888833718724,42.41731643676758,285300,0.0,0.0,0.0
2022-03-29 00:00:00-04:00,42.41731643676758,42.425747751952485,42.41731643676758,42.41731643676758,76300,0.0,0.0,0.0
2022-03-30 00:00:00-04:00,42.43417585153282,42.43417585153282,42.41731643676758,42.41731643676758,144900,0.0,0.0,0.0
2022-03-31 00:00:00-04:00,42.42574548485441,42.434173583984375,42.42574548485441,42.434173583984375,542000,0.0,0.0,0.0
2022-04-01 00:00:00-04:00,42.42320051083966,42.43163299560547,42.42320051083966,42.43163299560547,789600,0.007,0.0,0.0
2022-04-04 00:00:00-04:00,42.43163299560547,42.43163299560547,42.42320051083966,42.43163299560547,398300,0.0,0.0,0.0
2022-04-05 00:00:00-04:00,42.43164183548578,42.44850037642829,42.43164183548578,42.44007110595703,322800,0.0,0.0,0.0
2022-04-06 00:00:00-04:00,42.43164485330453,42.46536515363913,42.43164485330453,42.45693588256836,525900,0.0,0.0,0.0
2022-04-07 00:00:00-04:00,42.46536515363913,42.46536515363913,42.44850339544606,42.45693588256836,296900,0.0,0.0,0.0
2022-04-08 00:00:00-04:00,42.46536515363913,42.46536515363913,42.44850339544606,42.45693588256836,144400,0.0,0.0,0.0
2022-04-11 00:00:00-04:00,42.47379684448242,42.47379684448242,42.46536435751821,42.47379684448242,328000,0.0,0.0,0.0
2022-04-12 00:00:00-04:00,42.47379684448242,42.47379684448242,42.456935086605476,42.47379684448242,312200,0.0,0.0,0.0
2022-04-13 00:00:00-04:00,42.47379684448242,42.48222611539516,42.46536435751821,42.47379684448242,298600,0.0,0.0,0.0
2022-04-14 00:00:00-04:00,42.46536556708222,42.48222732543945,42.44850380872499,42.48222732543945,230600,0.0,0.0,0.0
2022-04-18 00:00:00-04:00,42.47379805428662,42.48222732543945,42.47379805428662,42.48222732543945,489800,0.0,0.0,0.0
2022-04-19 00:00:00-04:00,42.49065981264385,42.49065981264385,42.47379805428662,42.48222732543945,692200,0.0,0.0,0.0
2022-04-20 00:00:00-04:00,42.49065399169922,42.499083261697294,42.47379223565194,42.49065399169922,507500,0.0,0.0,0.0
2022-04-21 00:00:00-04:00,42.49065981264385,42.49908908379668,42.47379805428662,42.48222732543945,420400,0.0,0.0,0.0
2022-04-22 00:00:00-04:00,42.49907302856445,42.49907302856445,42.490643760596015,42.49907302856445,795600,0.0,0.0,0.0
2022-04-25 00:00:00-04:00,42.499085683134936,42.50751495361328,42.4906564126566,42.50751495361328,241100,0.0,0.0,0.0
2022-04-26 00:00:00-04:00,42.499085683134936,42.50751495361328,42.499085683134936,42.50751495361328,801000,0.0,0.0,0.0
2022-04-27 00:00:00-04:00,42.51594744014294,42.51594744014294,42.4906564126566,42.50751495361328,628300,0.0,0.0,0.0
2022-04-28 00:00:00-04:00,42.4906564126566,42.50751495361328,42.4906564126566,42.50751495361328,1305800,0.0,0.0,0.0
2022-04-29 00:00:00-04:00,42.52437210083008,42.52437210083008,42.5159428312655,42.52437210083008,470300,0.0,0.0,0.0
2022-05-02 00:00:00-04:00,42.53364733130193,42.53364733130193,42.5167785545453,42.525211334228516,604400,0.021,0.0,0.0
2022-05-03 00:00:00-04:00,42.525211334228516,42.525211334228516,42.5167785545453,42.525211334228516,391500,0.0,0.0,0.0
2022-05-04 00:00:00-04:00,42.52521211729419,42.52521211729419,42.499910560388436,42.50834655761719,388900,0.0,0.0,0.0
2022-05-05 00:00:00-04:00,42.499910560388436,42.51677933745569,42.499910560388436,42.50834655761719,209000,0.0,0.0,0.0
2022-05-06 00:00:00-04:00,42.50834655761719,42.51677933745569,42.499910560388436,42.50834655761719,469400,0.0,0.0,0.0
2022-05-09 00:00:00-04:00,42.50835951495431,42.51679229736328,42.49992351515411,42.51679229736328,1915900,0.0,0.0,0.0
2022-05-10 00:00:00-04:00,42.50834577486208,42.525211334228516,42.49990977778867,42.525211334228516,1670300,0.0,0.0,0.0
2022-05-11 00:00:00-04:00,42.52522507977225,42.52522507977225,42.50835951495431,42.51679229736328,655400,0.0,0.0,0.0
2022-05-12 00:00:00-04:00,42.52522507977225,42.52522507977225,42.50835951495431,42.51679229736328,625400,0.0,0.0,0.0
2022-05-13 00:00:00-04:00,42.52522507977225,42.52522507977225,42.50835951495431,42.51679229736328,972200,0.0,0.0,0.0
2022-05-16 00:00:00-04:00,42.50834655761719,42.50834655761719,42.491477780549936,42.50834655761719,507300,0.0,0.0,0.0
2022-05-17 00:00:00-04:00,42.53364811452294,42.53364811452294,42.499910560388436,42.50834655761719,480700,0.0,0.0,0.0
2022-05-18 00:00:00-04:00,42.51677933745569,42.51677933745569,42.499910560388436,42.50834655761719,537400,0.0,0.0,0.0
2022-05-19 00:00:00-04:00,42.51679229736328,42.51679229736328,42.50835951495431,42.51679229736328,486200,0.0,0.0,0.0
2022-05-20 00:00:00-04:00,42.499910560388436,42.50834655761719,42.491477780549936,42.50834655761719,320700,0.0,0.0,0.0
2022-05-23 00:00:00-04:00,42.51677933745569,42.51677933745569,42.499910560388436,42.50834655761719,588600,0.0,0.0,0.0
2022-05-24 00:00:00-04:00,42.51677933745569,42.51677933745569,42.499910560388436,42.50834655761719,386500,0.0,0.0,0.0
2022-05-25 00:00:00-04:00,42.50835589043832,42.50835589043832,42.49148710966748,42.49991989135742,266500,0.0,0.0,0.0
2022-05-26 00:00:00-04:00,42.50836753092182,42.50836753092182,42.483062744140625,42.483062744140625,616100,0.0,0.0,0.0
2022-05-27 00:00:00-04:00,42.50835589043832,42.50835589043832,42.49148710966748,42.49991989135742,576900,0.0,0.0,0.0
2022-05-31 00:00:00-04:00,42.48305111058659,42.49991989135742,42.48305111058659,42.49991989135742,254600,0.0,0.0,0.0
2022-06-01 00:00:00-04:00,42.53283430520941,42.53283430520941,42.49907731591036,42.50751495361328,220000,0.029,0.0,0.0
2022-06-02 00:00:00-04:00,42.50751495361328,42.50751495361328,42.490636458963756,42.50751495361328,277300,0.0,0.0,0.0
2022-06-03 00:00:00-04:00,42.490636458963756,42.50751495361328,42.490636458963756,42.50751495361328,437900,0.0,0.0,0.0
2022-06-06 00:00:00-04:00,42.50751495361328,42.50751495361328,42.490636458963756,42.50751495361328,298700,0.0,0.0,0.0
2022-06-07 00:00:00-04:00,42.51595581055989,42.51595581055989,42.49907731591036,42.50751495361328,494500,0.0,0.0,0.0
2022-06-08 00:00:00-04:00,42.50751722846295,42.50751722846295,42.490638732910156,42.490638732910156,242400,0.0,0.0,0.0
2022-06-09 00:00:00-04:00,42.50749540359768,42.50749540359768,42.49061691671089,42.49905776977539,283200,0.0,0.0,0.0
2022-06-10 00:00:00-04:00,42.515960693359375,42.515960693359375,42.49908219677142,42.515960693359375,445900,0.0,0.0,0.0
2022-06-13 00:00:00-04:00,42.515961164945395,42.52439880371094,42.50752030693577,42.52439880371094,1142100,0.0,0.0,0.0
2022-06-14 00:00:00-04:00,42.524398332031325,42.524398332031325,42.50751983544337,42.515960693359375,1139500,0.0,0.0,0.0
2022-06-15 00:00:00-04:00,42.524398332031325,42.54127682861928,42.515960693359375,42.515960693359375,761900,0.0,0.0,0.0
2022-06-16 00:00:00-04:00,42.52439224265793,42.532833099365234,42.51595460519423,42.532833099365234,464300,0.0,0.0,0.0
2022-06-17 00:00:00-04:00,42.532841200040615,42.54127883911133,42.524400341725695,42.54127883911133,427300,0.0,0.0,0.0
2022-06-21 00:00:00-04:00,42.532833099365234,42.54127073682894,42.52439224265793,42.532833099365234,767300,0.0,0.0,0.0
2022-06-22 00:00:00-04:00,42.532833099365234,42.532833099365234,42.51595460519423,42.532833099365234,926900,0.0,0.0,0.0
2022-06-23 00:00:00-04:00,42.54127883911133,42.54127883911133,42.524400341725695,42.54127883911133,4051100,0.0,0.0,0.0
2022-06-24 00:00:00-04:00,42.54971647818204,42.54971647818204,42.532841200040615,42.54127883911133,403300,0.0,0.0,0.0
2022-06-27 00:00:00-04:00,42.54127883911133,42.54127883911133,42.532841200040615,42.54127883911133,275400,0.0,0.0,0.0
2022-06-28 00:00:00-04:00,42.541277300486115,42.541277300486115,42.52439880371094,42.52439880371094,662600,0.0,0.0,0.0
2022-06-29 00:00:00-04:00,42.54127883911133,42.54127883911133,42.532841200040615,42.54127883911133,241500,0.0,0.0,0.0
2022-06-30 00:00:00-04:00,42.532833099365234,42.54970837429264,42.532833099365234,42.532833099365234,1235800,0.0,0.0,0.0
2022-07-01 00:00:00-04:00,42.55309092394328,42.62065046417323,42.54464759212263,42.595314025878906,518700,0.034,0.0,0.0
2022-07-05 00:00:00-04:00,42.561550956546654,42.561550956546654,42.52777117573352,42.553104400634766,747000,0.0,0.0,0.0
2022-07-06 00:00:00-04:00,42.53621973333415,42.553109625814656,42.5277763978027,42.5446662902832,561800,0.0,0.0,0.0
2022-07-07 00:00:00-04:00,42.553104400634766,42.553104400634766,42.5362145102282,42.553104400634766,889400,0.0,0.0,0.0
2022-07-08 00:00:00-04:00,42.5362145102282,42.553104400634766,42.5362145102282,42.553104400634766,524800,0.0,0.0,0.0
2022-07-11 00:00:00-04:00,42.53621973333415,42.553109625814656,42.53621973333415,42.5446662902832,347500,0.0,0.0,0.0
2022-07-12 00:00:00-04:00,42.53621973333415,42.553109625814656,42.53621973333415,42.5446662902832,750800,0.0,0.0,0.0
2022-07-13 00:00:00-04:00,42.56155618276371,42.56155618276371,42.5446662902832,42.5446662902832,284400,0.0,0.0,0.0
2022-07-14 00:00:00-04:00,42.544652623931256,42.56154251098633,42.544652623931256,42.56154251098633,987800,0.0,0.0,0.0
2022-07-15 00:00:00-04:00,42.56998825073242,42.56998825073242,42.54465502942574,42.56998825073242,2215000,0.0,0.0,0.0
2022-07-18 00:00:00-04:00,42.56998825073242,42.56998825073242,42.561544917435775,42.56998825073242,461600,0.0,0.0,0.0
2022-07-19 00:00:00-04:00,42.57843158402907,42.57843158402907,42.55309836272239,42.56998825073242,312700,0.0,0.0,0.0
2022-07-20 00:00:00-04:00,42.57842917662484,42.57842917662484,42.55309595675051,42.56154251098633,512400,0.0,0.0,0.0
2022-07-21 00:00:00-04:00,42.5784293612549,42.586875915527344,42.56998602839903,42.586875915527344,366900,0.0,0.0,0.0
2022-07-22 00:00:00-04:00,42.56998602839903,42.586875915527344,42.56154269554316,42.586875915527344,729600,0.0,0.0,0.0
2022-07-25 00:00:00-04:00,42.56998825073242,42.57843158402907,42.55309836272239,42.56998825073242,261400,0.0,0.0,0.0
2022-07-26 00:00:00-04:00,42.586875915527344,42.586875915527344,42.56154269554316,42.586875915527344,362300,0.0,0.0,0.0
2022-07-27 00:00:00-04:00,42.586870694058256,42.595314025878906,42.56153747718012,42.595314025878906,563900,0.0,0.0,0.0
2022-07-28 00:00:00-04:00,42.59532006323267,42.59532006323267,42.57843017578125,42.57843017578125,835000,0.0,0.0,0.0
2022-07-29 00:00:00-04:00,42.56998318061562,42.637542724609375,42.56998318061562,42.637542724609375,353600,0.0,0.0,0.0
2022-08-01 00:00:00-04:00,42.61556479763384,42.61556479763384,42.5901943880593,42.60710906982422,968300,0.074,0.0,0.0
2022-08-02 00:00:00-04:00,42.607107024838356,42.62402170579143,42.58173339033599,42.59864807128906,519600,0.0,0.0,0.0
2022-08-03 00:00:00-04:00,42.58173370361328,42.5986483846908,42.58173370361328,42.58173370361328,579100,0.0,0.0,0.0
2022-08-04 00:00:00-04:00,42.590192343885285,42.615562752242134,42.590192343885285,42.59864807128906,258400,0.0,0.0,0.0
2022-08-05 00:00:00-04:00,42.607106711623224,42.615562438964844,42.5901920307945,42.615562438964844,756100,0.0,0.0,0.0
2022-08-08 00:00:00-04:00,42.615562438964844,42.615562438964844,42.5901920307945,42.615562438964844,349300,0.0,0.0,0.0
2022-08-09 00:00:00-04:00,42.59865011586893,42.61556479763384,42.59865011586893,42.60710906982422,358200,0.0,0.0,0.0
2022-08-10 00:00:00-04:00,42.624023751589135,42.624023751589135,42.59865011586893,42.60710906982422,813700,0.0,0.0,0.0
2022-08-11 00:00:00-04:00,42.607097316309336,42.63246771888524,42.59863836468752,42.6240119934082,2370100,0.0,0.0,0.0
2022-08-12 00:00:00-04:00,42.63246300714694,42.64091873168945,42.60709260737497,42.64091873168945,1850800,0.0,0.0,0.0
2022-08-15 00:00:00-04:00,42.64092108755851,42.64092108755851,42.624009637539146,42.63246536254883,205800,0.0,0.0,0.0
2022-08-16 00:00:00-04:00,42.649382395984105,42.649382395984105,42.6240119934082,42.6240119934082,260700,0.0,0.0,0.0
2022-08-17 00:00:00-04:00,42.62400728260443,42.64091873168945,42.62400728260443,42.64091873168945,695600,0.0,0.0,0.0
2022-08-18 00:00:00-04:00,42.6493776823764,42.6493776823764,42.63246300714694,42.64091873168945,247800,0.0,0.0,0.0
2022-08-19 00:00:00-04:00,42.64091873168945,42.6493776823764,42.63246300714694,42.64091873168945,253300,0.0,0.0,0.0
2022-08-22 00:00:00-04:00,42.657835455173135,42.657835455173135,42.640920779131505,42.64937973022461,423900,0.0,0.0,0.0
2022-08-23 00:00:00-04:00,42.66629204999119,42.66629204999119,42.640918424257734,42.657833099365234,380100,0.0,0.0,0.0
2022-08-24 00:00:00-04:00,42.66629204999119,42.66629204999119,42.649377374883684,42.657833099365234,442500,0.0,0.0,0.0
2022-08-25 00:00:00-04:00,42.66630554199219,42.66630554199219,42.649390861535906,42.66630554199219,296000,0.0,0.0,0.0
2022-08-26 00:00:00-04:00,42.66630554199219,42.66630554199219,42.649390861535906,42.66630554199219,1402600,0.0,0.0,0.0
2022-08-29 00:00:00-04:00,42.66630554199219,42.67476126914762,42.657846588691335,42.66630554199219,1212800,0.0,0.0,0.0
2022-08-30 00:00:00-04:00,42.67475128173828,42.67475128173828,42.66629555656179,42.67475128173828,523800,0.0,0.0,0.0
2022-08-31 00:00:00-04:00,42.683223724365234,42.683223724365234,42.66630904252119,42.683223724365234,450000,0.0,0.0,0.0
2022-09-01 00:00:00-04:00,42.67897627462229,42.6959228515625,42.67897627462229,42.6959228515625,863400,0.095,0.0,0.0
2022-09-02 00:00:00-04:00,42.69591276221297,42.70438766479492,42.68744109185931,42.70438766479492,359100,0.0,0.0,0.0
2022-09-06 00:00:00-04:00,42.70439775614713,42.70439775614713,42.687451179206924,42.6959228515625,672900,0.0,0.0,0.0
2022-09-07 00:00:00-04:00,42.70439775614713,42.70439775614713,42.6959228515625,42.6959228515625,840500,0.0,0.0,0.0
2022-09-08 00:00:00-04:00,42.71285629272461,42.71285629272461,42.70438462297438,42.71285629272461,3645000,0.0,0.0,0.0
2022-09-09 00:00:00-04:00,42.71287613515212,42.72134780883789,42.704404461466346,42.72134780883789,4287700,0.0,0.0,0.0
2022-09-12 00:00:00-04:00,42.72134780883789,42.729822714753226,42.71287613515212,42.72134780883789,1399300,0.0,0.0,0.0
2022-09-13 00:00:00-04:00,42.72134780883789,42.729822714753226,42.71287613515212,42.72134780883789,1234800,0.0,0.0,0.0
2022-09-14 00:00:00-04:00,42.72981262207031,42.72981262207031,42.712866046471945,42.72981262207031,1447900,0.0,0.0,0.0
2022-09-15 00:00:00-04:00,42.72982102074188,42.7382926940918,42.72134611516253,42.7382926940918,961600,0.0,0.0,0.0
2022-09-16 00:00:00-04:00,42.72982618513583,42.74677276611328,42.72982618513583,42.74677276611328,1343300,0.0,0.0,0.0
2022-09-19 00:00:00-04:00,42.75524139404297,42.75524139404297,42.72134823450305,42.75524139404297,3412300,0.0,0.0,0.0
2022-09-20 00:00:00-04:00,42.738294814273004,42.75524139404297,42.738294814273004,42.75524139404297,844800,0.0,0.0,0.0
2022-09-21 00:00:00-04:00,42.74676972027279,42.763716300042745,42.74676972027279,42.75524139404297,453600,0.0,0.0,0.0
2022-09-22 00:00:00-04:00,42.76371460586232,42.772186279296875,42.74676802676373,42.772186279296875,4730300,0.0,0.0,0.0
2022-09-23 00:00:00-04:00,42.76371460586232,42.780661184960906,42.76371460586232,42.772186279296875,2441500,0.0,0.0,0.0
2022-09-26 00:00:00-04:00,42.7806510925293,42.7806510925293,42.7721761888646,42.7806510925293,1493400,0.0,0.0,0.0
2022-09-27 00:00:00-04:00,42.7806510925293,42.789122763965295,42.7637045174286,42.7806510925293,1405200,0.0,0.0,0.0
2022-09-28 00:00:00-04:00,42.789122763965295,42.789122763965295,42.7637045174286,42.7806510925293,1298900,0.0,0.0,0.0
2022-09-29 00:00:00-04:00,42.789135747868364,42.80608232811132,42.78066407386173,42.797607421875,1384400,0.0,0.0,0.0
2022-09-30 00:00:00-04:00,42.79759139129241,42.79759139129241,42.78064804962556,42.789119720458984,818200,0.0,0.0,0.0
2022-10-03 00:00:00-04:00,42.796771391115406,42.805259704589844,42.78828307764096,42.805259704589844,780900,0.099,0.0,0.0
2022-10-04 00:00:00-04:00,42.796771391115406,42.805259704589844,42.78828307764096,42.805259704589844,1345900,0.0,0.0,0.0
2022-10-05 00:00:00-04:00,42.80524887040805,42.80524887040805,42.79676055908203,42.79676055908203,912500,0.0,0.0,0.0
2022-10-06 00:00:00-04:00,42.81374298089093,42.82223129272461,42.80525143047967,42.82223129272461,359400,0.0,0.0,0.0
2022-10-07 00:00:00-04:00,42.82223129272461,42.82223129272461,42.80525143047967,42.82223129272461,1225400,0.0,0.0,0.0
2022-10-10 00:00:00-04:00,42.8392219543457,42.8392219543457,42.8222420878203,42.8392219543457,818800,0.0,0.0,0.0
2022-10-11 00:00:00-04:00,42.83072284313587,42.83072284313587,42.81374298089093,42.82223129272461,1141500,0.0,0.0,0.0
2022-10-12 00:00:00-04:00,42.83074188232422,42.83074188232422,42.81376201253136,42.83074188232422,794300,0.0,0.0,0.0
2022-10-13 00:00:00-04:00,42.8392219543457,42.8392219543457,42.8222420878203,42.8392219543457,1200900,0.0,0.0,0.0
2022-10-14 00:00:00-04:00,42.847713506897605,42.847713506897605,42.8307336403722,42.8392219543457,664900,0.0,0.0,0.0
2022-10-17 00:00:00-04:00,42.83922954579685,42.847721099853516,42.83074123031914,42.847721099853516,1471100,0.0,0.0,0.0
2022-10-18 00:00:00-04:00,42.83922954579685,42.856209415331215,42.83922954579685,42.847721099853516,806700,0.0,0.0,0.0
2022-10-19 00:00:00-04:00,42.864688908845196,42.864688908845196,42.83921749242087,42.856197357177734,838700,0.0,0.0,0.0
2022-10-20 00:00:00-04:00,42.85618969374746,42.87316955546803,42.85618969374746,42.864681243896484,816900,0.0,0.0,0.0
2022-10-21 00:00:00-04:00,42.87316955546803,42.87316955546803,42.85618969374746,42.864681243896484,542700,0.0,0.0,0.0
2022-10-24 00:00:00-04:00,42.873179777225,42.88166809082031,42.864691463629676,42.88166809082031,657800,0.0,0.0,0.0
2022-10-25 00:00:00-04:00,42.873179777225,42.88166809082031,42.864691463629676,42.88166809082031,1218400,0.0,0.0,0.0
2022-10-26 00:00:00-04:00,42.88166809082031,42.88166809082031,42.873179777225,42.88166809082031,913300,0.0,0.0,0.0
2022-10-27 00:00:00-04:00,42.87317912937026,42.89864730834961,42.87317912937026,42.89864730834961,976400,0.0,0.0,0.0
2022-10-28 00:00:00-04:00,42.898647920521775,42.898647920521775,42.890159606933594,42.890159606933594,991400,0.0,0.0,0.0
2022-10-31 00:00:00-04:00,42.89864730834961,42.89864730834961,42.87317912937026,42.89864730834961,1530300,0.0,0.0,0.0
2022-11-01 00:00:00-04:00,42.90629196166992,42.914803685674734,42.88926526615019,42.90629196166992,1125600,0.139,0.0,0.0
2022-11-02 00:00:00-04:00,42.906302269311695,42.92332572141096,42.897787295751165,42.91481399536133,1001900,0.0,0.0,0.0
2022-11-03 00:00:00-04:00,42.923336029052734,42.93185100465806,42.91482430095909,42.923336029052734,1191400,0.0,0.0,0.0
2022-11-04 00:00:00-04:00,42.93184280395508,42.940354530422844,42.923327829976266,42.93184280395508,1176400,0.0,0.0,0.0
2022-11-07 00:00:00-05:00,42.931834039430065,42.94886073640065,42.923319067189574,42.940345764160156,1676500,0.0,0.0,0.0
2022-11-08 00:00:00-05:00,42.940360452093024,42.948875427246094,42.931848724451456,42.948875427246094,1336000,0.0,0.0,0.0
2022-11-09 00:00:00-05:00,42.957393074210714,42.96590805053711,42.94888134539627,42.96590805053711,1725900,0.0,0.0,0.0
2022-11-10 00:00:00-05:00,42.9659030976062,42.97441482543945,42.94887639442813,42.97441482543945,1157200,0.0,0.0,0.0
2022-11-11 00:00:00-05:00,42.9744138576823,42.9744138576823,42.931848724451456,42.948875427246094,1643600,0.0,0.0,0.0
2022-11-14 00:00:00-05:00,42.957393074210714,42.97441977935155,42.957393074210714,42.96590805053711,720000,0.0,0.0,0.0
2022-11-15 00:00:00-05:00,42.96590805053711,42.982934755677945,42.96590805053711,42.96590805053711,1287500,0.0,0.0,0.0
2022-11-16 00:00:00-05:00,42.982934755677945,42.982934755677945,42.96590805053711,42.96590805053711,4672300,0.0,0.0,0.0
2022-11-17 00:00:00-05:00,42.99143714200382,42.99143714200382,42.96589871359831,42.98292541503906,2421000,0.0,0.0,0.0
2022-11-18 00:00:00-05:00,42.9829280918411,42.99143981933594,42.974413116834825,42.99143981933594,610300,0.0,0.0,0.0
2022-11-21 00:00:00-05:00,42.99143981933594,42.99995154683077,42.9829280918411,42.99143981933594,888700,0.0,0.0,0.0
2022-11-22 00:00:00-05:00,42.99143981933594,42.99995154683077,42.974413116834825,42.99143981933594,1011000,0.0,0.0,0.0
2022-11-23 00:00:00-05:00,42.99994886896858,42.99994886896858,42.98292541503906,42.98292541503906,1291500,0.0,0.0,0.0
2022-11-25 00:00:00-05:00,42.991434298220675,43.008460998535156,42.991434298220675,43.008460998535156,309000,0.0,0.0,0.0
2022-11-28 00:00:00-05:00,43.008456048015525,43.0169677734375,42.999941075082894,43.0169677734375,494700,0.0,0.0,0.0
2022-11-29 00:00:00-05:00,43.02548274637013,43.02548274637013,43.008456048015525,43.0169677734375,921100,0.0,0.0,0.0
2022-11-30 00:00:00-05:00,43.02548274637013,43.02548274637013,43.0169677734375,43.0169677734375,788300,0.0,0.0,0.0
2022-12-01 00:00:00-05:00,43.01783521958831,43.04346036909072,43.01783521958831,43.03491973876953,1075200,0.171,0.0,0.0
2022-12-02 00:00:00-05:00,43.034909808491484,43.05199432373047,43.034909808491484,43.05199432373047,1277400,0.0,0.0,0.0
2022-12-05 00:00:00-05:00,43.0605354309082,43.0605354309082,43.03491028703383,43.0605354309082,1353700,0.0,0.0,0.0
2022-12-06 00:00:00-05:00,43.05199480246279,43.0605354309082,43.04345091547924,43.0605354309082,2364000,0.0,0.0,0.0
2022-12-07 00:00:00-05:00,43.05199480246279,43.0605354309082,43.05199480246279,43.0605354309082,1219000,0.0,0.0,0.0
2022-12-08 00:00:00-05:00,43.06054075711604,43.0776252746582,43.06054075711604,43.0776252746582,747100,0.0,0.0,0.0
2022-12-09 00:00:00-05:00,43.0776252746582,43.08616590416002,43.06908138661785,43.0776252746582,899600,0.0,0.0,0.0
2022-12-12 00:00:00-05:00,43.086158752441406,43.09470263906359,43.069074237735045,43.086158752441406,570700,0.0,0.0,0.0
2022-12-13 00:00:00-05:00,43.086158752441406,43.09470263906359,43.086158752441406,43.086158752441406,2072600,0.0,0.0,0.0
2022-12-14 00:00:00-05:00,43.08616741537092,43.09471130371094,43.08616741537092,43.09471130371094,865500,0.0,0.0,0.0
2022-12-15 00:00:00-05:00,43.10155733208945,43.118698928058336,43.09298489939244,43.11012649536133,714700,0.168,0.0,0.0
2022-12-16 00:00:00-05:00,43.11014094333626,43.11871337890625,43.10157177719251,43.11871337890625,926300,0.0,0.0,0.0
2022-12-19 00:00:00-05:00,43.110120521884824,43.127262115478516,43.110120521884824,43.127262115478516,2515400,0.0,0.0,0.0
2022-12-20 00:00:00-05:00,43.127262115478516,43.127262115478516,43.11869295339401,43.127262115478516,711300,0.0,0.0,0.0
2022-12-21 00:00:00-05:00,43.12728254505001,43.12728254505001,43.11871337890625,43.11871337890625,823600,0.0,0.0,0.0
2022-12-22 00:00:00-05:00,43.12727902346527,43.152989789223334,43.12727902346527,43.1444206237793,1201400,0.0,0.0,0.0
2022-12-23 00:00:00-05:00,43.144415454723244,43.161557052983575,43.144415454723244,43.152984619140625,1524900,0.0,0.0,0.0
2022-12-27 00:00:00-05:00,43.152987624153845,43.16156005859375,43.14441845913974,43.16156005859375,951000,0.0,0.0,0.0
2022-12-28 00:00:00-05:00,43.144428542267256,43.17013931274414,43.144428542267256,43.17013931274414,1527100,0.0,0.0,0.0
2022-12-29 00:00:00-05:00,43.170138501217814,43.187280104355686,43.170138501217814,43.1787109375,1064300,0.0,0.0,0.0
2022-12-30 00:00:00-05:00,43.1872651410825,43.20440673828125,43.1872651410825,43.20440673828125,1164600,0.0,0.0,0.0
2023-01-03 00:00:00-05:00,43.20440673828125,43.20440673828125,43.1872651410825,43.20440673828125,1544300,0.0,0.0,0.0
2023-01-04 00:00:00-05:00,43.20440508531246,43.212974248871305,43.18726348876953,43.18726348876953,2416900,0.0,0.0,0.0
2023-01-05 00:00:00-05:00,43.212992809915875,43.230134413821546,43.20442364267636,43.22156524658203,1377700,0.0,0.0,0.0
2023-01-06 00:00:00-05:00,43.23011749936669,43.23011749936669,43.20440673828125,43.20440673828125,1529300,0.0,0.0,0.0
2023-01-09 00:00:00-05:00,43.22156524658203,43.230134413821546,43.212992809915875,43.22156524658203,2179900,0.0,0.0,0.0
2023-01-10 00:00:00-05:00,43.230134413821546,43.2387068504877,43.22156524658203,43.22156524658203,1182700,0.0,0.0,0.0
2023-01-11 00:00:00-05:00,43.238704681396484,43.24727384820612,43.23013224516037,43.238704681396484,981100,0.0,0.0,0.0
2023-01-12 00:00:00-05:00,43.25584030151367,43.264409467138066,43.247267866463254,43.25584030151367,886500,0.0,0.0,0.0
2023-01-13 00:00:00-05:00,43.264411115648336,43.28155271697629,43.25584194969743,43.27298355102539,1363900,0.0,0.0,0.0
2023-01-17 00:00:00-05:00,43.27298355102539,43.27298355102539,43.264411115648336,43.27298355102539,1438100,0.0,0.0,0.0
2023-01-18 00:00:00-05:00,43.27298219540153,43.281551361083984,43.27298219540153,43.281551361083984,611400,0.0,0.0,0.0
2023-01-19 00:00:00-05:00,43.290120526766444,43.29869296187495,43.281551361083984,43.281551361083984,1512600,0.0,0.0,0.0
2023-01-20 00:00:00-05:00,43.29011836121876,43.29869079589844,43.29011836121876,43.29869079589844,960900,0.0,0.0,0.0
2023-01-23 00:00:00-05:00,43.29869079589844,43.307259961152226,43.29011836121876,43.29869079589844,894000,0.0,0.0,0.0
2023-01-24 00:00:00-05:00,43.307253982519384,43.315826416015625,43.29868481844858,43.315826416015625,1900300,0.0,0.0,0.0
2023-01-25 00:00:00-05:00,43.307253982519384,43.315826416015625,43.307253982519384,43.315826416015625,1048200,0.0,0.0,0.0
2023-01-26 00:00:00-05:00,43.324405670166016,43.33297810565874,43.324405670166016,43.324405670166016,836800,0.0,0.0,0.0
2023-01-27 00:00:00-05:00,43.34152738356994,43.34152738356994,43.32438578987646,43.33295822143555,1207000,0.0,0.0,0.0
2023-01-30 00:00:00-05:00,43.33295822143555,43.34152738356994,43.32438578987646,43.33295822143555,1288500,0.0,0.0,0.0
2023-01-31 00:00:00-05:00,43.33295822143555,43.34152738356994,43.33295822143555,43.33295822143555,1438400,0.0,0.0,0.0
2023-02-01 00:00:00-05:00,43.3441551740979,43.3699644578873,43.3441551740979,43.36136245727539,1806500,0.193,0.0,0.0
2023-02-02 00:00:00-05:00,43.36136245727539,43.3785664584992,43.36136245727539,43.36136245727539,2805700,0.0,0.0,0.0
2023-02-03 00:00:00-05:00,43.369969228601576,43.387176513671875,43.369969228601576,43.387176513671875,2855200,0.0,0.0,0.0
2023-02-06 00:00:00-05:00,43.38718728638123,43.38718728638123,43.37858200073242,43.37858200073242,1908500,0.0,0.0,0.0
2023-02-07 00:00:00-05:00,43.387176513671875,43.395778515230006,43.3785712301597,43.387176513671875,1442200,0.0,0.0,0.0
2023-02-08 00:00:00-05:00,43.39575958251953,43.40436486227739,43.38715758471428,43.39575958251953,1356600,0.0,0.0,0.0
2023-02-09 00:00:00-05:00,43.40439224243164,43.412994245663164,43.40439224243164,43.40439224243164,1004900,0.0,0.0,0.0
2023-02-10 00:00:00-05:00,43.41298742856742,43.421592712402344,43.40438542668666,43.421592712402344,1337700,0.0,0.0,0.0
2023-02-13 00:00:00-05:00,43.42159666676946,43.430198669433594,43.41299138215086,43.430198669433594,1995000,0.0,0.0,0.0
2023-02-14 00:00:00-05:00,43.421588223619175,43.43019022461068,43.41298294067383,43.41298294067383,1104700,0.0,0.0,0.0
2023-02-15 00:00:00-05:00,43.430198669433594,43.430198669433594,43.42159666676946,43.430198669433594,1759700,0.0,0.0,0.0
2023-02-16 00:00:00-05:00,43.45600509643555,43.45600509643555,43.44740309433812,43.45600509643555,1393100,0.0,0.0,0.0
2023-02-17 00:00:00-05:00,43.45599814139785,43.464603424072266,43.44739614067716,43.464603424072266,1764300,0.0,0.0,0.0
2023-02-21 00:00:00-05:00,43.455998282955086,43.47320556640625,43.455998282955086,43.47320556640625,2807800,0.0,0.0,0.0
2023-02-22 00:00:00-05:00,43.464603424072266,43.47320542479296,43.464603424072266,43.464603424072266,1282400,0.0,0.0,0.0
2023-02-23 00:00:00-05:00,43.48180389404297,43.49040589341576,43.48180389404297,43.48180389404297,891300,0.0,0.0,0.0
2023-02-24 00:00:00-05:00,43.490413665771484,43.49901894863538,43.490413665771484,43.490413665771484,1093800,0.0,0.0,0.0
2023-02-27 00:00:00-05:00,43.499000549316406,43.507602546588004,43.499000549316406,43.499000549316406,1091500,0.0,0.0,0.0
2023-02-28 00:00:00-05:00,43.507602546588004,43.51620782581201,43.499000549316406,43.499000549316406,1588200,0.0,0.0,0.0
2023-03-01 00:00:00-05:00,43.51455490354062,43.51455490354062,43.505924224853516,43.505924224853516,3143500,0.168,0.0,0.0
2023-03-02 00:00:00-05:00,43.53183114795425,43.53183114795425,43.523197174072266,43.523197174072266,2519500,0.0,0.0,0.0
2023-03-03 00:00:00-05:00,43.540435791015625,43.540435791015625,43.53180511519115,43.540435791015625,1936800,0.0,0.0,0.0
2023-03-06 00:00:00-05:00,43.540452883802494,43.540452883802494,43.531822204589844,43.531822204589844,1547200,0.0,0.0,0.0
2023-03-07 00:00:00-05:00,43.540435791015625,43.54906975973435,43.53180511519115,43.540435791015625,1961400,0.0,0.0,0.0
2023-03-08 00:00:00-05:00,43.549085690647196,43.557716369628906,43.54045171877003,43.557716369628906,1047000,0.0,0.0,0.0
2023-03-09 00:00:00-05:00,43.574981689453125,43.574981689453125,43.56635101033891,43.574981689453125,1077500,0.0,0.0,0.0
2023-03-10 00:00:00-05:00,43.583614349365234,43.592245028219615,43.57498037761545,43.583614349365234,1212500,0.0,0.0,0.0
2023-03-13 00:00:00-04:00,43.583614349365234,43.583614349365234,43.57498037761545,43.583614349365234,3336100,0.0,0.0,0.0
2023-03-14 00:00:00-04:00,43.583614349365234,43.592245028219615,43.57498037761545,43.583614349365234,1665600,0.0,0.0,0.0
2023-03-15 00:00:00-04:00,43.583612516088735,43.59224319458008,43.57497854470212,43.59224319458008,2195200,0.0,0.0,0.0
2023-03-16 00:00:00-04:00,43.600875707074,43.600875707074,43.583614349365234,43.583614349365234,2173800,0.0,0.0,0.0
2023-03-17 00:00:00-04:00,43.592245175608625,43.60087585449219,43.592245175608625,43.60087585449219,1559300,0.0,0.0,0.0
2023-03-20 00:00:00-04:00,43.60087387307143,43.60087387307143,43.59224319458008,43.59224319458008,1570800,0.0,0.0,0.0
2023-03-21 00:00:00-04:00,43.60087701969126,43.60087701969126,43.574981689453125,43.574981689453125,3874200,0.0,0.0,0.0
2023-03-22 00:00:00-04:00,43.58361318563718,43.6095085144043,43.58361318563718,43.6095085144043,1366500,0.0,0.0,0.0
2023-03-23 00:00:00-04:00,43.609509826271164,43.626774476933704,43.60087585449219,43.60087585449219,3958400,0.0,0.0,0.0
2023-03-24 00:00:00-04:00,43.609509183820315,43.626773834228516,43.609509183820315,43.626773834228516,1697500,0.0,0.0,0.0
2023-03-27 00:00:00-04:00,43.635404512984934,43.635404512984934,43.626773834228516,43.626773834228516,1534400,0.0,0.0,0.0
2023-03-28 00:00:00-04:00,43.635406494140625,43.644040466184414,43.62677581499236,43.635406494140625,1461900,0.0,0.0,0.0
2023-03-29 00:00:00-04:00,43.63539953613124,43.65266418457031,43.63539953613124,43.65266418457031,1721000,0.0,0.0,0.0
2023-03-30 00:00:00-04:00,43.66130065917969,43.68719598687588,43.652666688017504,43.66130065917969,5282200,0.0,0.0,0.0
2023-03-31 00:00:00-04:00,43.678567813201624,43.678567813201624,43.6613064543765,43.66993713378906,3393600,0.0,0.0,0.0
2023-04-03 00:00:00-04:00,43.682071685791016,43.69073717662198,43.673409499876456,43.682071685791016,1451000,0.184,0.0,0.0
2023-04-04 00:00:00-04:00,43.68206174502777,43.69072723388672,43.68206174502777,43.69072723388672,1262500,0.0,0.0,0.0
2023-04-05 00:00:00-04:00,43.699395728151444,43.70806121826172,43.699395728151444,43.70806121826172,1427800,0.0,0.0,0.0
2023-04-06 00:00:00-04:00,43.725388893566134,43.725388893566134,43.70806121826172,43.70806121826172,1057300,0.0,0.0,0.0
2023-04-10 00:00:00-04:00,43.71671676635742,43.74270992782582,43.71671676635742,43.71671676635742,3728700,0.0,0.0,0.0
2023-04-11 00:00:00-04:00,43.72538757324219,43.73404975817477,43.72538757324219,43.72538757324219,1424400,0.0,0.0,0.0
2023-04-12 00:00:00-04:00,43.72538757324219,43.73404975817477,43.72538757324219,43.72538757324219,1179300,0.0,0.0,0.0
2023-04-13 00:00:00-04:00,43.74270828670048,43.760032653808594,43.74270828670048,43.760032653808594,1214900,0.0,0.0,0.0
2023-04-14 00:00:00-04:00,43.760032653808594,43.76869814227816,43.751370470254535,43.760032653808594,1563100,0.0,0.0,0.0
2023-04-17 00:00:00-04:00,43.768699645996094,43.768699645996094,43.760034157228816,43.768699645996094,1044800,0.0,0.0,0.0
2023-04-18 00:00:00-04:00,43.768699645996094,43.77736182984775,43.760034157228816,43.768699645996094,941200,0.0,0.0,0.0
2023-04-19 00:00:00-04:00,43.777360512470054,43.78602600097656,43.76869832887907,43.78602600097656,896100,0.0,0.0,0.0
2023-04-20 00:00:00-04:00,43.79469299316406,43.80335848262204,43.79469299316406,43.79469299316406,1094900,0.0,0.0,0.0
2023-04-21 00:00:00-04:00,43.81201171875,43.81201171875,43.80334953597713,43.81201171875,1400000,0.0,0.0,0.0
2023-04-24 00:00:00-04:00,43.81200309293267,43.81200309293267,43.803340911865234,43.803340911865234,976400,0.0,0.0,0.0
2023-04-25 00:00:00-04:00,43.812013222951904,43.8206787109375,43.812013222951904,43.8206787109375,1093400,0.0,0.0,0.0
2023-04-26 00:00:00-04:00,43.82934089400777,43.82934089400777,43.8206787109375,43.8206787109375,921600,0.0,0.0,0.0
2023-04-27 00:00:00-04:00,43.83800374957676,43.85533142089844,43.83800374957676,43.85533142089844,1091600,0.0,0.0,0.0
2023-04-28 00:00:00-04:00,43.85534055255759,43.87266822748728,43.85534055255759,43.86400604248047,1656500,0.0,0.0,0.0
2023-05-01 00:00:00-04:00,43.882258070532394,43.882258070532394,43.873558044433594,43.873558044433594,1463100,0.201,0.0,0.0
2023-05-02 00:00:00-04:00,43.882258070532394,43.882258070532394,43.873558044433594,43.873558044433594,853300,0.0,0.0,0.0
2023-05-03 00:00:00-04:00,43.87357078436318,43.89096752352466,43.87357078436318,43.88227081298828,1376300,0.0,0.0,0.0
2023-05-04 00:00:00-04:00,43.908366358168216,43.908366358168216,43.8996696472168,43.8996696472168,1612700,0.0,0.0,0.0
2023-05-05 00:00:00-04:00,43.908363342285156,43.91706337072789,43.908363342285156,43.908363342285156,1834900,0.0,0.0,0.0
2023-05-08 00:00:00-04:00,43.917057037353516,43.917057037353516,43.90835701016544,43.917057037353516,837300,0.0,0.0,0.0
2023-05-09 00:00:00-04:00,43.92575454711914,43.92575454711914,43.91705783786071,43.92575454711914,1213200,0.0,0.0,0.0
2023-05-10 00:00:00-04:00,43.92575454711914,43.93445125637757,43.92575454711914,43.92575454711914,1476300,0.0,0.0,0.0
2023-05-11 00:00:00-04:00,43.951846275569,43.951846275569,43.94314956665039,43.94314956665039,1616600,0.0,0.0,0.0
2023-05-12 00:00:00-04:00,43.96055091903361,43.96055091903361,43.9431541812814,43.95185089111328,2247600,0.0,0.0,0.0
2023-05-15 00:00:00-04:00,43.9605463025757,43.9605463025757,43.94314956665039,43.94314956665039,815400,0.0,0.0,0.0
2023-05-16 00:00:00-04:00,43.95184837345693,43.960548400878906,43.95184837345693,43.960548400878906,1225400,0.0,0.0,0.0
2023-05-17 00:00:00-04:00,43.96055301509525,43.9692497253418,43.96055301509525,43.9692497253418,987500,0.0,0.0,0.0
2023-05-18 00:00:00-04:00,43.97794803496638,43.98664474487305,43.969248006971235,43.98664474487305,1219600,0.0,0.0,0.0
2023-05-19 00:00:00-04:00,43.98664474487305,43.98664474487305,43.97794803496638,43.98664474487305,1275000,0.0,0.0,0.0
2023-05-22 00:00:00-04:00,43.9866422271415,43.99534225463867,43.9866422271415,43.99534225463867,1089700,0.0,0.0,0.0
2023-05-23 00:00:00-04:00,44.0040397644043,44.0040397644043,43.99534305483724,44.0040397644043,677800,0.0,0.0,0.0
2023-05-24 00:00:00-04:00,44.00403896404755,44.012735673456426,43.99534225463867,43.99534225463867,1045000,0.0,0.0,0.0
2023-05-25 00:00:00-04:00,44.03013149316326,44.0388315204792,44.02143478393555,44.02143478393555,1027200,0.0,0.0,0.0
2023-05-26 00:00:00-04:00,44.038832321175285,44.038832321175285,44.03013229370117,44.03013229370117,1369900,0.0,0.0,0.0
2023-05-30 00:00:00-04:00,44.03884334057415,44.05624008178711,44.03884334057415,44.05624008178711,877600,0.0,0.0,0.0
2023-05-31 00:00:00-04:00,44.06493679334904,44.06493679334904,44.05624008178711,44.05624008178711,1112300,0.0,0.0,0.0
2023-06-01 00:00:00-04:00,44.09030366579117,44.09030366579117,44.072831380573675,44.081565856933594,2257300,0.219,0.0,0.0
2023-06-02 00:00:00-04:00,44.09030366579117,44.09030366579117,44.081565856933594,44.081565856933594,1985100,0.0,0.0,0.0
2023-06-05 00:00:00-04:00,44.09030532836914,44.09903980505842,44.09030532836914,44.09030532836914,1736600,0.0,0.0,0.0
2023-06-06 00:00:00-04:00,44.107771163622076,44.107771163622076,44.09903335571289,44.09903335571289,1426000,0.0,0.0,0.0
2023-06-07 00:00:00-04:00,44.1077766418457,44.12524559483914,44.09903883285128,44.1077766418457,1398600,0.0,0.0,0.0
2023-06-08 00:00:00-04:00,44.125240325927734,44.1339781338788,44.125240325927734,44.125240325927734,1019200,0.0,0.0,0.0
2023-06-09 00:00:00-04:00,44.13397335020001,44.14270782470703,44.125235543196034,44.14270782470703,2125800,0.0,0.0,0.0
2023-06-12 00:00:00-04:00,44.14271045769402,44.14271045769402,44.133975982666016,44.133975982666016,927400,0.0,0.0,0.0
2023-06-13 00:00:00-04:00,44.14270782470703,44.151445631711006,44.14270782470703,44.14270782470703,1339900,0.0,0.0,0.0
2023-06-14 00:00:00-04:00,44.14270567486689,44.15144348144531,44.14270567486689,44.15144348144531,946500,0.0,0.0,0.0
2023-06-15 00:00:00-04:00,44.168928391352225,44.17766286793131,44.16019058227539,44.16019058227539,1222600,0.0,0.0,0.0
2023-06-16 00:00:00-04:00,44.16891979147897,44.17765426635742,44.16891979147897,44.17765426635742,904000,0.0,0.0,0.0
2023-06-20 00:00:00-04:00,44.177655930088356,44.18639373779297,44.177655930088356,44.18639373779297,1032400,0.0,0.0,0.0
2023-06-21 00:00:00-04:00,44.1863987330337,44.195133209228516,44.1863987330337,44.195133209228516,807300,0.0,0.0,0.0
2023-06-22 00:00:00-04:00,44.19512079863251,44.21259307861328,44.19512079863251,44.21259307861328,760300,0.0,0.0,0.0
2023-06-23 00:00:00-04:00,44.20387649536133,44.212614305795206,44.20387649536133,44.20387649536133,1295300,0.0,0.0,0.0
2023-06-26 00:00:00-04:00,44.21259426137584,44.23006654182403,44.21259426137584,44.22132873535156,1354900,0.0,0.0,0.0
2023-06-27 00:00:00-04:00,44.2213418418167,44.230079650878906,44.2213418418167,44.230079650878906,1510600,0.0,0.0,0.0
2023-06-28 00:00:00-04:00,44.23881412744338,44.23881412744338,44.2213418418167,44.230079650878906,1294200,0.0,0.0,0.0
2023-06-29 00:00:00-04:00,44.247554779052734,44.25628925617833,44.247554779052734,44.247554779052734,938600,0.0,0.0,0.0
2023-06-30 00:00:00-04:00,44.265018463134766,44.265018463134766,44.256283987049095,44.265018463134766,1272900,0.0,0.0,0.0
2023-07-03 00:00:00-04:00,44.27027751925922,44.279052734375,44.2615056509074,44.279052734375,1294800,0.216,0.0,0.0
2023-07-05 00:00:00-04:00,44.27905796151302,44.28782983090035,44.27028274536133,44.27028274536133,1191400,0.0,0.0,0.0
2023-07-06 00:00:00-04:00,44.30537796020508,44.30537796020508,44.29660609061109,44.30537796020508,1160700,0.0,0.0,0.0
2023-07-07 00:00:00-04:00,44.30537796020508,44.314149829799064,44.30537796020508,44.30537796020508,610100,0.0,0.0,0.0
2023-07-10 00:00:00-04:00,44.30537607999702,44.32292316520478,44.30537607999702,44.31414794921875,857300,0.0,0.0,0.0
2023-07-11 00:00:00-04:00,44.32291605943065,44.331687927246094,44.31414084485146,44.331687927246094,2255400,0.0,0.0,0.0
2023-07-12 00:00:00-04:00,44.32291793823242,44.33168980641969,44.32291793823242,44.32291793823242,1470400,0.0,0.0,0.0
2023-07-13 00:00:00-04:00,44.35802219570725,44.35802219570725,44.340475108576946,44.349246978759766,1578400,0.0,0.0,0.0
2023-07-14 00:00:00-04:00,44.349237937917565,44.35801315307617,44.349237937917565,44.35801315307617,1193600,0.0,0.0,0.0
2023-07-17 00:00:00-04:00,44.366790771484375,44.366790771484375,44.3580189019529,44.366790771484375,923000,0.0,0.0,0.0
2023-07-18 00:00:00-04:00,44.366790771484375,44.37556598778026,44.3580189019529,44.366790771484375,1240100,0.0,0.0,0.0
2023-07-19 00:00:00-04:00,44.37556598778026,44.37556598778026,44.366790771484375,44.366790771484375,1018000,0.0,0.0,0.0
2023-07-20 00:00:00-04:00,44.41064640971304,44.41064640971304,44.393099327995984,44.40187454223633,74721700,0.0,0.0,0.0
2023-07-21 00:00:00-04:00,44.41064453125,44.41064453125,44.40187266414432,44.41064453125,7992400,0.0,0.0,0.0
2023-07-24 00:00:00-04:00,44.419429779052734,44.419429779052734,44.41065456320133,44.419429779052734,2647000,0.0,0.0,0.0
2023-07-25 00:00:00-04:00,44.419429779052734,44.428201648139904,44.41065456320133,44.419429779052734,4950700,0.0,0.0,0.0
2023-07-26 00:00:00-04:00,44.428201648139904,44.428201648139904,44.419429779052734,44.419429779052734,2136100,0.0,0.0,0.0
2023-07-27 00:00:00-04:00,44.445745496053654,44.45451736450195,44.43697362760535,44.45451736450195,1666400,0.0,0.0,0.0
2023-07-28 00:00:00-04:00,44.45451736450195,44.45451736450195,44.445745496053654,44.45451736450195,2092800,0.0,0.0,0.0
2023-07-31 00:00:00-04:00,44.463292579714256,44.463292579714256,44.445745496053654,44.45451736450195,2246700,0.0,0.0,0.0
2023-08-01 00:00:00-04:00,44.468597412109375,44.47739811145672,44.45099265565071,44.468597412109375,6229900,0.166,0.0,0.0
2023-08-02 00:00:00-04:00,44.47740936279297,44.48621342213142,44.46860866121932,44.47740936279297,2334900,0.0,0.0,0.0
2023-08-03 00:00:00-04:00,44.49500675480364,44.49500675480364,44.4862060546875,44.4862060546875,1709200,0.0,0.0,0.0
2023-08-04 00:00:00-04:00,44.49501445255937,44.50381851196289,44.49501445255937,44.50381851196289,1759800,0.0,0.0,0.0
2023-08-07 00:00:00-04:00,44.50381851196289,44.512619213601575,44.50381851196289,44.50381851196289,1713600,0.0,0.0,0.0
2023-08-08 00:00:00-04:00,44.512619213601575,44.5214232730051,44.50381851196289,44.50381851196289,1506800,0.0,0.0,0.0
2023-08-09 00:00:00-04:00,44.512607838598264,44.52141189575195,44.512607838598264,44.52141189575195,4082500,0.0,0.0,0.0
2023-08-10 00:00:00-04:00,44.53022766113281,44.53902836350008,44.53022766113281,44.53022766113281,1434300,0.0,0.0,0.0
2023-08-11 00:00:00-04:00,44.547821044921875,44.547821044921875,44.53901698703829,44.547821044921875,1605100,0.0,0.0,0.0
2023-08-14 00:00:00-04:00,44.54783229326396,44.55663299560547,44.54783229326396,44.55663299560547,1424000,0.0,0.0,0.0
2023-08-15 00:00:00-04:00,44.55663299560547,44.56543705571208,44.54783229326396,44.55663299560547,1899800,0.0,0.0,0.0
2023-08-16 00:00:00-04:00,44.55662944279266,44.565433502197266,44.55662944279266,44.565433502197266,2443000,0.0,0.0,0.0
2023-08-17 00:00:00-04:00,44.583030700683594,44.583030700683594,44.565425942625495,44.583030700683594,3169000,0.0,0.0,0.0
2023-08-18 00:00:00-04:00,44.591827392578125,44.60062809193397,44.58302669322229,44.591827392578125,1679600,0.0,0.0,0.0
2023-08-21 00:00:00-04:00,44.59183140083051,44.60063210097743,44.583030700683594,44.583030700683594,1420000,0.0,0.0,0.0
2023-08-22 00:00:00-04:00,44.60062809193397,44.60062809193397,44.591827392578125,44.591827392578125,1611900,0.0,0.0,0.0
2023-08-23 00:00:00-04:00,44.60064341910269,44.60944747924805,44.591842716722454,44.60944747924805,1311100,0.0,0.0,0.0
2023-08-24 00:00:00-04:00,44.62704849243164,44.62704849243164,44.61824443302596,44.62704849243164,1253700,0.0,0.0,0.0
2023-08-25 00:00:00-04:00,44.62704849243164,44.62704849243164,44.61824443302596,44.62704849243164,1490900,0.0,0.0,0.0
2023-08-28 00:00:00-04:00,44.627040669530786,44.635841369628906,44.627040669530786,44.635841369628906,1341100,0.0,0.0,0.0
2023-08-29 00:00:00-04:00,44.635853074838636,44.644657135009766,44.635853074838636,44.644657135009766,1583800,0.0,0.0,0.0
2023-08-30 00:00:00-04:00,44.64464542749128,44.653446127589405,44.635841369628906,44.635841369628906,2074100,0.0,0.0,0.0
2023-08-31 00:00:00-04:00,44.66224670410156,44.67104740351368,44.66224670410156,44.66224670410156,1927400,0.0,0.0,0.0
2023-09-01 00:00:00-04:00,44.67374801635742,44.67374801635742,44.664908465446054,44.67374801635742,3150000,0.223,0.0,0.0
2023-09-05 00:00:00-04:00,44.67374756121072,44.69143003544045,44.67374756121072,44.68259048461914,1164800,0.0,0.0,0.0
2023-09-06 00:00:00-04:00,44.68259048461914,44.69143003544045,44.68259048461914,44.68259048461914,1660800,0.0,0.0,0.0
2023-09-07 00:00:00-04:00,44.7091064453125,44.7091064453125,44.7002668956902,44.7091064453125,1007900,0.0,0.0,0.0
2023-09-08 00:00:00-04:00,44.717952728271484,44.717952728271484,44.709109805397944,44.717952728271484,869800,0.0,0.0,0.0
2023-09-11 00:00:00-04:00,44.726802825927734,44.726802825927734,44.71796327355658,44.726802825927734,1234800,0.0,0.0,0.0
2023-09-12 00:00:00-04:00,44.73563766479492,44.73563766479492,44.72679811335513,44.73563766479492,1244100,0.0,0.0,0.0
2023-09-13 00:00:00-04:00,44.73563766479492,44.744480588822064,44.73563766479492,44.73563766479492,1739500,0.0,0.0,0.0
2023-09-14 00:00:00-04:00,44.75331070332581,44.76215362548828,44.75331070332581,44.76215362548828,1399700,0.0,0.0,0.0
2023-09-15 00:00:00-04:00,44.76215362548828,44.76215362548828,44.75331070332581,44.76215362548828,1899300,0.0,0.0,0.0
2023-09-18 00:00:00-04:00,44.77099317506412,44.77099317506412,44.76215362548828,44.76215362548828,1123900,0.0,0.0,0.0
2023-09-19 00:00:00-04:00,44.77100372314453,44.7798466473904,44.77100372314453,44.77100372314453,906900,0.0,0.0,0.0
2023-09-20 00:00:00-04:00,44.77983856201172,44.78867811207411,44.77983856201172,44.77983856201172,1470400,0.0,0.0,0.0
2023-09-21 00:00:00-04:00,44.79752685702989,44.80636978149414,44.78868730515314,44.80636978149414,1742900,0.0,0.0,0.0
2023-09-22 00:00:00-04:00,44.80637023778674,44.80637023778674,44.79752731323242,44.79752731323242,2080400,0.0,0.0,0.0
2023-09-25 00:00:00-04:00,44.815208435058594,44.815208435058594,44.80636888335904,44.815208435058594,2139900,0.0,0.0,0.0
2023-09-26 00:00:00-04:00,44.82404708862305,44.82404708862305,44.81520416517858,44.82404708862305,1394100,0.0,0.0,0.0
2023-09-27 00:00:00-04:00,44.832881927490234,44.832881927490234,44.82404237756193,44.832881927490234,2329400,0.0,0.0,0.0
2023-09-28 00:00:00-04:00,44.85057067871094,44.85057067871094,44.84173112754516,44.85057067871094,2763500,0.0,0.0,0.0
2023-09-29 00:00:00-04:00,44.85940170288086,44.85940170288086,44.85055878147355,44.85940170288086,1897800,0.0,0.0,0.0
2023-10-02 00:00:00-04:00,44.86207200482482,44.86207200482482,44.85319519042969,44.85319519042969,2755000,0.213,0.0,0.0
2023-10-03 00:00:00-04:00,44.862072404922415,44.87095260620117,44.862072404922415,44.87095260620117,3459100,0.0,0.0,0.0
2023-10-04 00:00:00-04:00,44.87982942067546,44.87982942067546,44.87095260620117,44.87095260620117,1704400,0.0,0.0,0.0
2023-10-05 00:00:00-04:00,44.88870660848589,44.906463623046875,44.88870660848589,44.906463623046875,1417700,0.0,0.0,0.0
2023-10-06 00:00:00-04:00,44.906463623046875,44.91534043692525,44.89758342236427,44.906463623046875,2498100,0.0,0.0,0.0
2023-10-09 00:00:00-04:00,44.91534043692525,44.91534043692525,44.906463623046875,44.906463623046875,1689600,0.0,0.0,0.0
2023-10-10 00:00:00-04:00,44.91534043692525,44.91534043692525,44.906463623046875,44.906463623046875,1835600,0.0,0.0,0.0
2023-10-11 00:00:00-04:00,44.92422105291091,44.92422105291091,44.91534423828125,44.91534423828125,2306600,0.0,0.0,0.0
2023-10-12 00:00:00-04:00,44.94197463989258,44.94197463989258,44.93309782594022,44.94197463989258,1091600,0.0,0.0,0.0
2023-10-13 00:00:00-04:00,44.94197463989258,44.950854840649185,44.94197463989258,44.94197463989258,1380400,0.0,0.0,0.0
2023-10-16 00:00:00-04:00,44.95085144042969,44.95972825371057,44.95085144042969,44.95085144042969,1431400,0.0,0.0,0.0
2023-10-17 00:00:00-04:00,44.9597282409668,44.9597282409668,44.95085142768843,44.9597282409668,1477500,0.0,0.0,0.0
2023-10-18 00:00:00-04:00,44.9597282409668,44.96860844104916,44.9597282409668,44.9597282409668,2020700,0.0,0.0,0.0
2023-10-19 00:00:00-04:00,44.986358654645926,44.986358654645926,44.977481842041016,44.977481842041016,4573600,0.0,0.0,0.0
2023-10-20 00:00:00-04:00,44.99524688720703,44.99524688720703,44.98636668621296,44.99524688720703,2182000,0.0,0.0,0.0
2023-10-23 00:00:00-04:00,45.00413131713867,45.00413131713867,44.99525450144679,45.00413131713867,1970200,0.0,0.0,0.0
2023-10-24 00:00:00-04:00,45.01301151963548,45.01301151963548,45.00413131713867,45.00413131713867,1499500,0.0,0.0,0.0
2023-10-25 00:00:00-04:00,45.01301151963548,45.01301151963548,45.00413131713867,45.00413131713867,1841600,0.0,0.0,0.0
2023-10-26 00:00:00-04:00,45.03076171875,45.03963853309766,45.02188151759793,45.03076171875,2268700,0.0,0.0,0.0
2023-10-27 00:00:00-04:00,45.04850769042969,45.04850769042969,45.039627491454645,45.04850769042969,1947400,0.0,0.0,0.0
2023-10-30 00:00:00-04:00,45.04850769042969,45.04850769042969,45.039627491454645,45.04850769042969,2644500,0.0,0.0,0.0
2023-10-31 00:00:00-04:00,45.04853056247198,45.0662841958288,45.04853056247198,45.05740737915039,2335000,0.0,0.0,0.0
2023-11-01 00:00:00-04:00,45.063631628472905,45.07255172729492,45.063631628472905,45.07255172729492,2895000,0.227,0.0,0.0
2023-11-02 00:00:00-04:00,45.09038852291804,45.09038852291804,45.07255172729492,45.07255172729492,1805100,0.0,0.0,0.0
2023-11-03 00:00:00-04:00,45.090398219636775,45.090398219636775,45.081478118896484,45.081478118896484,3577500,0.0,0.0,0.0
2023-11-06 00:00:00-05:00,45.090398944448566,45.09931564331055,45.090398944448566,45.09931564331055,2141100,0.0,0.0,0.0
2023-11-07 00:00:00-05:00,45.108235744194225,45.108235744194225,45.09931564331055,45.09931564331055,2247900,0.0,0.0,0.0
2023-11-08 00:00:00-05:00,45.108238220214844,45.108238220214844,45.09931811884154,45.108238220214844,1409000,0.0,0.0,0.0
2023-11-09 00:00:00-05:00,45.12605914913848,45.134979248046875,45.117142452251024,45.134979248046875,2067200,0.0,0.0,0.0
2023-11-10 00:00:00-05:00,45.134993783962145,45.134993783962145,45.117156982421875,45.117156982421875,2505900,0.0,0.0,0.0
2023-11-13 00:00:00-05:00,45.134981312958516,45.143898010253906,45.134981312958516,45.143898010253906,1571000,0.0,0.0,0.0
2023-11-14 00:00:00-05:00,45.152816043842726,45.152816043842726,45.134979248046875,45.134979248046875,2352200,0.0,0.0,0.0
2023-11-15 00:00:00-05:00,45.143898010253906,45.1528181095704,45.143898010253906,45.143898010253906,2938400,0.0,0.0,0.0
2023-11-16 00:00:00-05:00,45.161739349365234,45.17065944957893,45.161739349365234,45.161739349365234,1593200,0.0,0.0,0.0
2023-11-17 00:00:00-05:00,45.17065944957893,45.179576147771186,45.161739349365234,45.161739349365234,1939600,0.0,0.0,0.0
2023-11-20 00:00:00-05:00,45.17957099405012,45.17957099405012,45.170654296875,45.170654296875,2495900,0.0,0.0,0.0
2023-11-21 00:00:00-05:00,45.1795654296875,45.18848212576442,45.1795654296875,45.1795654296875,1324700,0.0,0.0,0.0
2023-11-22 00:00:00-05:00,45.20632419407464,45.21524429321289,45.20632419407464,45.21524429321289,1391000,0.0,0.0,0.0
2023-11-24 00:00:00-05:00,45.21524429321289,45.21524429321289,45.20632419407464,45.21524429321289,1339200,0.0,0.0,0.0
2023-11-27 00:00:00-05:00,45.22416305541992,45.22416305541992,45.21524635789554,45.22416305541992,1657000,0.0,0.0,0.0
2023-11-28 00:00:00-05:00,45.22416305541992,45.23308315496549,45.22416305541992,45.22416305541992,1356300,0.0,0.0,0.0
2023-11-29 00:00:00-05:00,45.23309532400254,45.24201202392578,45.23309532400254,45.24201202392578,1967100,0.0,0.0,0.0
2023-11-30 00:00:00-05:00,45.25092903432852,45.25984573364258,45.242008932992604,45.25984573364258,2708400,0.0,0.0,0.0
2023-12-01 00:00:00-05:00,45.25446319580078,45.263419424418046,45.25446319580078,45.25446319580078,3468400,0.224,0.0,0.0
2023-12-04 00:00:00-05:00,45.263419424418046,45.272379070138946,45.25446319580078,45.25446319580078,1967900,0.0,0.0,0.0
2023-12-05 00:00:00-05:00,45.27238082885742,45.27238082885742,45.26342118278846,45.27238082885742,1935000,0.0,0.0,0.0
2023-12-06 00:00:00-05:00,45.28133705782261,45.28133705782261,45.27238082885742,45.27238082885742,1756000,0.0,0.0,0.0
2023-12-07 00:00:00-05:00,45.29030501514479,45.29030501514479,45.28134536743164,45.28134536743164,2066900,0.0,0.0,0.0
2023-12-08 00:00:00-05:00,45.28133500155471,45.2902946472168,45.28133500155471,45.2902946472168,1701400,0.0,0.0,0.0
2023-12-11 00:00:00-05:00,45.2902946472168,45.29925087577528,45.2902946472168,45.2902946472168,1505700,0.0,0.0,0.0
2023-12-12 00:00:00-05:00,45.30820846557617,45.30820846557617,45.29924882032063,45.30820846557617,1195200,0.0,0.0,0.0
2023-12-13 00:00:00-05:00,45.30820846557617,45.317164693728266,45.30820846557617,45.30820846557617,2016000,0.0,0.0,0.0
2023-12-14 00:00:00-05:00,45.32801055908203,45.33701149111066,45.32801055908203,45.32801055908203,5622200,0.232,0.0,0.0
2023-12-15 00:00:00-05:00,45.33700942993164,45.34600692870147,45.33700942993164,45.33700942993164,2360000,0.0,0.0,0.0
2023-12-18 00:00:00-05:00,45.336999359918096,45.34599685668945,45.336999359918096,45.34599685668945,2009500,0.0,0.0,0.0
2023-12-19 00:00:00-05:00,45.34599685668945,45.35499778630963,45.34599685668945,45.34599685668945,2413400,0.0,0.0,0.0
2023-12-20 00:00:00-05:00,45.346002426207896,45.355003356933594,45.346002426207896,45.355003356933594,1562000,0.0,0.0,0.0
2023-12-21 00:00:00-05:00,45.3640022277832,45.37299972593197,45.3640022277832,45.3640022277832,2605900,0.0,0.0,0.0
2023-12-22 00:00:00-05:00,45.37300285256132,45.38200378417969,45.37300285256132,45.38200378417969,2167600,0.0,0.0,0.0
2023-12-26 00:00:00-05:00,45.38200378417969,45.391001282948466,45.38200378417969,45.38200378417969,1581100,0.0,0.0,0.0
2023-12-27 00:00:00-05:00,45.3910026550293,45.3910026550293,45.382005155988544,45.3910026550293,1836100,0.0,0.0,0.0
2023-12-28 00:00:00-05:00,45.40899833623273,45.417999267578125,45.40899833623273,45.417999267578125,1498900,0.0,0.0,0.0
2023-12-29 00:00:00-05:00,45.417999267578125,45.417999267578125,45.40899833623273,45.417999267578125,1614600,0.0,0.0,0.0
2024-01-02 00:00:00-05:00,45.417999267578125,45.43599769741944,45.417999267578125,45.417999267578125,2076300,0.0,0.0,0.0
2024-01-03 00:00:00-05:00,45.435997009277344,45.435997009277344,45.42699607806827,45.435997009277344,1616000,0.0,0.0,0.0
2024-01-04 00:00:00-05:00,45.45399856567383,45.45399856567383,45.44500106601571,45.45399856567383,1387900,0.0,0.0,0.0
2024-01-05 00:00:00-05:00,45.46299362182617,45.46299362182617,45.453992690481556,45.46299362182617,1360000,0.0,0.0,0.0
2024-01-08 00:00:00-05:00,45.45399856567383,45.47199699783999,45.45399856567383,45.45399856567383,1595000,0.0,0.0,0.0
2024-01-09 00:00:00-05:00,45.47199249267578,45.47199249267578,45.4629949939091,45.47199249267578,999500,0.0,0.0,0.0
2024-01-10 00:00:00-05:00,45.480993424292045,45.480993424292045,45.47199249267578,45.47199249267578,1199800,0.0,0.0,0.0
2024-01-11 00:00:00-05:00,45.49898910522461,45.507986603447584,45.49898910522461,45.49898910522461,1369200,0.0,0.0,0.0
2024-01-12 00:00:00-05:00,45.5169792175293,45.5169792175293,45.49898079152269,45.5169792175293,1772100,0.0,0.0,0.0
2024-01-16 00:00:00-05:00,45.525997161865234,45.525997161865234,45.50799872777473,45.525997161865234,1927000,0.0,0.0,0.0
2024-01-17 00:00:00-05:00,45.52597671410822,45.52597671410822,45.5169792175293,45.5169792175293,1334600,0.0,0.0,0.0
2024-01-18 00:00:00-05:00,45.54399315100478,45.54399315100478,45.53499221801758,45.53499221801758,1213200,0.0,0.0,0.0
2024-01-19 00:00:00-05:00,45.55298614501953,45.55298614501953,45.54398864577248,45.55298614501953,1246500,0.0,0.0,0.0
2024-01-22 00:00:00-05:00,45.55297645629221,45.56197738647461,45.55297645629221,45.56197738647461,1651700,0.0,0.0,0.0
2024-01-23 00:00:00-05:00,45.56197738647461,45.57097488380797,45.56197738647461,45.56197738647461,1732100,0.0,0.0,0.0
2024-01-24 00:00:00-05:00,45.57098563995873,45.579986572265625,45.561988140501676,45.579986572265625,2084900,0.0,0.0,0.0
2024-01-25 00:00:00-05:00,45.58898407172267,45.59798157117972,45.579986572265625,45.579986572265625,20798300,0.0,0.0,0.0
2024-01-26 00:00:00-05:00,45.588975372132964,45.59797286987305,45.588975372132964,45.59797286987305,3674700,0.0,0.0,0.0
2024-01-29 00:00:00-05:00,45.59797843842869,45.60697937011719,45.59797843842869,45.60697937011719,1951400,0.0,0.0,0.0
2024-01-30 00:00:00-05:00,45.60698455580213,45.61598205566406,45.60698455580213,45.61598205566406,1811000,0.0,0.0,0.0
2024-01-31 00:00:00-05:00,45.615983808153196,45.62498474121094,45.615983808153196,45.62498474121094,2025900,0.0,0.0,0.0
2024-02-01 00:00:00-05:00,45.64667147101468,45.65571592883284,45.637630462646484,45.637630462646484,2775100,0.244,0.0,0.0
2024-02-02 00:00:00-05:00,45.65572738647461,45.65572738647461,45.646682926386674,45.65572738647461,2821700,0.0,0.0,0.0
2024-02-05 00:00:00-05:00,45.66476422700493,45.673805236816406,45.655723217193454,45.673805236816406,3716200,0.0,0.0,0.0
2024-02-06 00:00:00-05:00,45.67380143428769,45.69188690185547,45.67380143428769,45.69188690185547,2171800,0.0,0.0,0.0
2024-02-07 00:00:00-05:00,45.691890893881876,45.691890893881876,45.6828498840332,45.6828498840332,2154200,0.0,0.0,0.0
2024-02-08 00:00:00-05:00,45.70093156116135,45.719017028808594,45.70093156116135,45.719017028808594,4788100,0.0,0.0,0.0
2024-02-09 00:00:00-05:00,45.719024471007344,45.728065481577545,45.70998001098633,45.70998001098633,6272700,0.0,0.0,0.0
2024-02-12 00:00:00-05:00,45.72805803790709,45.72805803790709,45.719017028808594,45.719017028808594,3193300,0.0,0.0,0.0
2024-02-13 00:00:00-05:00,45.73710250854492,45.73710250854492,45.728058049993784,45.73710250854492,1424200,0.0,0.0,0.0
2024-02-14 00:00:00-05:00,45.746150970458984,45.746150970458984,45.73710995988516,45.746150970458984,1375300,0.0,0.0,0.0
2024-02-15 00:00:00-05:00,45.76422882080078,45.76422882080078,45.75518436228216,45.76422882080078,1740600,0.0,0.0,0.0
2024-02-16 00:00:00-05:00,45.773269842016084,45.78231430053711,45.773269842016084,45.78231430053711,1834700,0.0,0.0,0.0
2024-02-20 00:00:00-05:00,45.78231430053711,45.78231430053711,45.773269842016084,45.78231430053711,1214100,0.0,0.0,0.0
2024-02-21 00:00:00-05:00,45.78231412402071,45.79135513305664,45.78231412402071,45.79135513305664,1818300,0.0,0.0,0.0
2024-02-22 00:00:00-05:00,45.809444604796916,45.809444604796916,45.8004035949707,45.8004035949707,1919900,0.0,0.0,0.0
2024-02-23 00:00:00-05:00,45.800403417699016,45.809444427490234,45.800403417699016,45.809444427490234,1290000,0.0,0.0,0.0
2024-02-26 00:00:00-05:00,45.80942899447537,45.8184700012207,45.80942899447537,45.8184700012207,1624600,0.0,0.0,0.0
2024-02-27 00:00:00-05:00,45.82752227783203,45.82752227783203,45.81847782009392,45.82752227783203,1292800,0.0,0.0,0.0
2024-02-28 00:00:00-05:00,45.82752227783203,45.8365632861202,45.82752227783203,45.82752227783203,1907900,0.0,0.0,0.0
2024-02-29 00:00:00-05:00,45.845619201660156,45.854660212207875,45.845619201660156,45.845619201660156,1532500,0.0,0.0,0.0
2024-03-01 00:00:00-05:00,45.8528889404347,45.861968994140625,45.8528889404347,45.861968994140625,2786300,0.218,0.0,0.0
2024-03-04 00:00:00-05:00,45.871049047846554,45.871049047846554,45.861968994140625,45.861968994140625,2132800,0.0,0.0,0.0
2024-03-05 00:00:00-05:00,45.87103580829919,45.88011932373047,45.87103580829919,45.88011932373047,1182500,0.0,0.0,0.0
2024-03-06 00:00:00-05:00,45.88011932373047,45.88919937481566,45.88011932373047,45.88011932373047,1349100,0.0,0.0,0.0
2024-03-07 00:00:00-05:00,45.907371520996094,45.907371520996094,45.89829146821393,45.907371520996094,1933100,0.0,0.0,0.0
2024-03-08 00:00:00-05:00,45.90736698425705,45.91645050048828,45.90736698425705,45.91645050048828,1326700,0.0,0.0,0.0
2024-03-11 00:00:00-04:00,45.91645050048828,45.91645050048828,45.90736698425705,45.91645050048828,1386100,0.0,0.0,0.0
2024-03-12 00:00:00-04:00,45.92552947998047,45.92552947998047,45.916449428307644,45.92552947998047,839000,0.0,0.0,0.0
2024-03-13 00:00:00-04:00,45.92552947998047,45.93461299599959,45.92552947998047,45.92552947998047,1315300,0.0,0.0,0.0
2024-03-14 00:00:00-04:00,45.943702697753906,45.95278275133391,45.9346226441739,45.943702697753906,47744300,0.0,0.0,0.0
2024-03-15 00:00:00-04:00,45.952781677246094,45.952781677246094,45.943701623878326,45.952781677246094,5677200,0.0,0.0,0.0
2024-03-18 00:00:00-04:00,45.952781677246094,45.96186519496082,45.952781677246094,45.952781677246094,15363500,0.0,0.0,0.0
2024-03-19 00:00:00-04:00,45.9709407092095,45.9709407092095,45.96186065673828,45.96186065673828,2341700,0.0,0.0,0.0
2024-03-20 00:00:00-04:00,45.9709358215332,45.980019337385265,45.9709358215332,45.9709358215332,2144600,0.0,0.0,0.0
2024-03-21 00:00:00-04:00,45.98910831588083,45.998191833496094,45.98910831588083,45.998191833496094,1915200,0.0,0.0,0.0
2024-03-22 00:00:00-04:00,45.998191833496094,46.00727188676445,45.998191833496094,45.998191833496094,1639300,0.0,0.0,0.0
2024-03-25 00:00:00-04:00,46.00726973963587,46.01634979248047,46.00726973963587,46.01634979248047,1735300,0.0,0.0,0.0
2024-03-26 00:00:00-04:00,46.01635468149485,46.01635468149485,46.00727462768555,46.00727462768555,2326800,0.0,0.0,0.0
2024-03-27 00:00:00-04:00,46.03451156616211,46.043595082999005,46.03451156616211,46.03451156616211,1371100,0.0,0.0,0.0
2024-03-28 00:00:00-04:00,46.043595082999005,46.043595082999005,46.03451156616211,46.03451156616211,2805400,0.0,0.0,0.0
2024-04-01 00:00:00-04:00,46.05368423461914,46.06281657474941,46.04455537745612,46.05368423461914,2935900,0.271,0.0,0.0
2024-04-02 00:00:00-04:00,46.06282014725592,46.07194900512695,46.06282014725592,46.07194900512695,1864900,0.0,0.0,0.0
2024-04-03 00:00:00-04:00,46.08107376098633,46.08107376098633,46.07194142165097,46.08107376098633,1515800,0.0,0.0,0.0
2024-04-04 00:00:00-04:00,46.090206191450605,46.09933853149414,46.090206191450605,46.09933853149414,2068800,0.0,0.0,0.0
2024-04-05 00:00:00-04:00,46.10846738857046,46.10846738857046,46.09933853149414,46.09933853149414,1461700,0.0,0.0,0.0
2024-04-08 00:00:00-04:00,46.10847854614258,46.11760740542795,46.10847854614258,46.10847854614258,1148800,0.0,0.0,0.0
2024-04-09 00:00:00-04:00,46.11759571792229,46.12672805786133,46.108466860950436,46.12672805786133,1176000,0.0,0.0,0.0
2024-04-10 00:00:00-04:00,46.126727771502786,46.13585662841797,46.126727771502786,46.13585662841797,2067400,0.0,0.0,0.0
2024-04-11 00:00:00-04:00,46.144988727360996,46.154117584228516,46.144988727360996,46.154117584228516,2189100,0.0,0.0,0.0
2024-04-12 00:00:00-04:00,46.154117584228516,46.16324992406317,46.144988727360996,46.154117584228516,1611700,0.0,0.0,0.0
2024-04-15 00:00:00-04:00,46.154113815696164,46.163246154785156,46.154113815696164,46.163246154785156,2307300,0.0,0.0,0.0
2024-04-16 00:00:00-04:00,46.16324968321917,46.17237854003906,46.16324968321917,46.17237854003906,2138800,0.0,0.0,0.0
2024-04-17 00:00:00-04:00,46.172374771554054,46.1815071105957,46.172374771554054,46.1815071105957,1320000,0.0,0.0,0.0
2024-04-18 00:00:00-04:00,46.199775983524276,46.199775983524276,46.19064712524414,46.19064712524414,2068300,0.0,0.0,0.0
2024-04-19 00:00:00-04:00,46.2089042215404,46.2089042215404,46.199771881103516,46.199771881103516,1769300,0.0,0.0,0.0
2024-04-22 00:00:00-04:00,46.20890397949237,46.21803283691406,46.20890397949237,46.21803283691406,1600300,0.0,0.0,0.0
2024-04-23 00:00:00-04:00,46.21803288177006,46.22716522216797,46.21803288177006,46.22716522216797,1757800,0.0,0.0,0.0
2024-04-24 00:00:00-04:00,46.23629407959852,46.23629407959852,46.22716522216797,46.22716522216797,1465300,0.0,0.0,0.0
2024-04-25 00:00:00-04:00,46.24542999267578,46.254558850811584,46.24542999267578,46.24542999267578,3481500,0.0,0.0,0.0
2024-04-26 00:00:00-04:00,46.254558275766755,46.26368713378906,46.254558275766755,46.26368713378906,1523900,0.0,0.0,0.0
2024-04-29 00:00:00-04:00,46.263675736211134,46.27280807495117,46.25454688043782,46.27280807495117,1367300,0.0,0.0,0.0
2024-04-30 00:00:00-04:00,46.27280807495117,46.281936930724484,46.263675736211134,46.27280807495117,3943600,0.0,0.0,0.0
2024-05-01 00:00:00-04:00,46.28657531738281,46.28657531738281,46.27740756645392,46.28657531738281,2426600,0.215,0.0,0.0
2024-05-02 00:00:00-04:00,46.304900092463555,46.31406784057617,46.29573234435093,46.31406784057617,2685000,0.0,0.0,0.0
2024-05-03 00:00:00-04:00,46.31407268681606,46.31407268681606,46.30490493774414,46.30490493774414,1511900,0.0,0.0,0.0
2024-05-06 00:00:00-04:00,46.3232536315918,46.3232536315918,46.31408238279403,46.3232536315918,2833100,0.0,0.0,0.0
2024-05-07 00:00:00-04:00,46.323248784391915,46.33241653442383,46.323248784391915,46.33241653442383,2265300,0.0,0.0,0.0
2024-05-08 00:00:00-04:00,46.33241653442383,46.33241653442383,46.323248784391915,46.33241653442383,1955500,0.0,0.0,0.0
2024-05-09 00:00:00-04:00,46.35074925511292,46.359920501708984,46.341581506322576,46.359920501708984,1724700,0.0,0.0,0.0
2024-05-10 00:00:00-04:00,46.35075759887695,46.35992884712397,46.35075759887695,46.35075759887695,1347100,0.0,0.0,0.0
2024-05-13 00:00:00-04:00,46.35991565670878,46.369083404541016,46.35991565670878,46.369083404541016,936500,0.0,0.0,0.0
2024-05-14 00:00:00-04:00,46.37825465017861,46.37825465017861,46.369083404541016,46.369083404541016,1547600,0.0,0.0,0.0
2024-05-15 00:00:00-04:00,46.37827197652601,46.3874397277832,46.37827197652601,46.3874397277832,1708800,0.0,0.0,0.0
2024-05-16 00:00:00-04:00,46.396602630615234,46.396602630615234,46.387434880316064,46.396602630615234,1666600,0.0,0.0,0.0
2024-05-17 00:00:00-04:00,46.405765533447266,46.405765533447266,46.39659428699109,46.405765533447266,779900,0.0,0.0,0.0
2024-05-20 00:00:00-04:00,46.405765533447266,46.41493328209778,46.405765533447266,46.405765533447266,964800,0.0,0.0,0.0
2024-05-21 00:00:00-04:00,46.41493535103541,46.42410659790039,46.41493535103541,46.42410659790039,1410900,0.0,0.0,0.0
2024-05-22 00:00:00-04:00,46.42410659790039,46.43327434695955,46.42410659790039,46.42410659790039,1376700,0.0,0.0,0.0
2024-05-23 00:00:00-04:00,46.45160572046279,46.46077346801758,46.442437972907996,46.46077346801758,1626700,0.0,0.0,0.0
2024-05-24 00:00:00-04:00,46.46078594459677,46.46078594459677,46.45161819458008,46.45161819458008,1306600,0.0,0.0,0.0
2024-05-28 00:00:00-04:00,46.45161819458008,46.46078594459677,46.45161819458008,46.45161819458008,1702200,0.0,0.0,0.0
2024-05-29 00:00:00-04:00,46.460768941080445,46.469940185546875,46.460768941080445,46.469940185546875,1651800,0.0,0.0,0.0
2024-05-30 00:00:00-04:00,46.46995822634183,46.4791259765625,46.46995822634183,46.4791259765625,1135800,0.0,0.0,0.0
2024-05-31 00:00:00-04:00,46.48828887939453,46.497456627969484,46.48828887939453,46.48828887939453,1679700,0.0,0.0,0.0
2024-06-03 00:00:00-04:00,46.50764083862305,46.50764083862305,46.498427613351474,46.50764083862305,2518300,0.231,0.0,0.0
2024-06-04 00:00:00-04:00,46.507633939236825,46.507633939236825,46.49842071533203,46.49842071533203,1819300,0.0,0.0,0.0
2024-06-05 00:00:00-04:00,46.51685055007872,46.51685055007872,46.50764083862305,46.50764083862305,1793800,0.0,0.0,0.0
2024-06-06 00:00:00-04:00,46.526043967263476,46.526043967263476,46.5168342590332,46.5168342590332,3082700,0.0,0.0,0.0
2024-06-07 00:00:00-04:00,46.544471740722656,46.544471740722656,46.535262031534074,46.544471740722656,1302700,0.0,0.0,0.0
2024-06-10 00:00:00-04:00,46.544471740722656,46.55368496372627,46.535262031534074,46.544471740722656,2206500,0.0,0.0,0.0
2024-06-11 00:00:00-04:00,46.56290157456734,46.56290157456734,46.54447863964446,46.55369186401367,1366500,0.0,0.0,0.0
2024-06-12 00:00:00-04:00,46.55369186401367,46.56290157456734,46.55369186401367,46.55369186401367,1176000,0.0,0.0,0.0
2024-06-13 00:00:00-04:00,46.56289981308869,46.572113037109375,46.55369010288343,46.572113037109375,1286100,0.0,0.0,0.0
2024-06-14 00:00:00-04:00,46.58132553100586,46.590538755577114,46.58132553100586,46.58132553100586,1087000,0.0,0.0,0.0
2024-06-17 00:00:00-04:00,46.5905369936942,46.59974670410156,46.581323769471354,46.59974670410156,1750100,0.0,0.0,0.0
2024-06-18 00:00:00-04:00,46.59974670410156,46.60895641450892,46.59974670410156,46.59974670410156,1563400,0.0,0.0,0.0
2024-06-20 00:00:00-04:00,46.618164791868466,46.62737450131829,46.608951568603516,46.608951568603516,7306500,0.0,0.0,0.0
2024-06-21 00:00:00-04:00,46.62738345465343,46.6365966796875,46.62738345465343,46.6365966796875,1153200,0.0,0.0,0.0
2024-06-24 00:00:00-04:00,46.636591833928115,46.64580154418945,46.636591833928115,46.64580154418945,1503900,0.0,0.0,0.0
2024-06-25 00:00:00-04:00,46.64580639090577,46.64580639090577,46.6365966796875,46.6365966796875,1701100,0.0,0.0,0.0
2024-06-26 00:00:00-04:00,46.64580154418945,46.65501476826623,46.64580154418945,46.64580154418945,2494800,0.0,0.0,0.0
2024-06-27 00:00:00-04:00,46.6550178527832,46.6550178527832,46.645804628097316,46.6550178527832,1177200,0.0,0.0,0.0
2024-06-28 00:00:00-04:00,46.66423034667969,46.67344005809917,46.66423034667969,46.66423034667969,1991700,0.0,0.0,0.0
2024-07-01 00:00:00-04:00,46.67163198634876,46.69013454314139,46.67163198634876,46.68088150024414,2954000,0.218,0.0,0.0
2024-07-02 00:00:00-04:00,46.69013214111328,46.699381654532814,46.68087909869207,46.69013214111328,1179200,0.0,0.0,0.0
2024-07-03 00:00:00-04:00,46.699384194624315,46.70863723754883,46.699384194624315,46.70863723754883,1235000,0.0,0.0,0.0
2024-07-05 00:00:00-04:00,46.727137392563726,46.727137392563726,46.71788787841797,46.71788787841797,1519300,0.0,0.0,0.0
2024-07-08 00:00:00-04:00,46.73638774720528,46.73638774720528,46.727134704589844,46.727134704589844,1678800,0.0,0.0,0.0
2024-07-09 00:00:00-04:00,46.74563867404956,46.74563867404956,46.73638916015625,46.73638916015625,1565000,0.0,0.0,0.0
2024-07-10 00:00:00-04:00,46.74563867404956,46.74563867404956,46.73638916015625,46.73638916015625,1121900,0.0,0.0,0.0
2024-07-11 00:00:00-04:00,46.745635986328125,46.75488902869129,46.745635986328125,46.745635986328125,1423400,0.0,0.0,0.0
2024-07-12 00:00:00-04:00,46.76414108276367,46.77339412562955,46.76414108276367,46.76414108276367,1011400,0.0,0.0,0.0
2024-07-15 00:00:00-04:00,46.76414108276367,46.77339412562955,46.76414108276367,46.76414108276367,1548700,0.0,0.0,0.0
2024-07-16 00:00:00-04:00,46.77339553833008,46.78264505247346,46.77339553833008,46.77339553833008,1524300,0.0,0.0,0.0
2024-07-17 00:00:00-04:00,46.78265380859375,46.78265380859375,46.77340429271917,46.78265380859375,1173600,0.0,0.0,0.0
2024-07-18 00:00:00-04:00,46.78265380859375,46.791906853470955,46.78265380859375,46.78265380859375,1295600,0.0,0.0,0.0
2024-07-19 00:00:00-04:00,46.81039047241211,46.81039047241211,46.80114095958302,46.81039047241211,753400,0.0,0.0,0.0
2024-07-22 00:00:00-04:00,46.81039047241211,46.81964351424265,46.80114095958302,46.81039047241211,1774100,0.0,0.0,0.0
2024-07-23 00:00:00-04:00,46.81039047241211,46.81964351424265,46.81039047241211,46.81039047241211,1215100,0.0,0.0,0.0
2024-07-24 00:00:00-04:00,46.828895568847656,46.828895568847656,46.81964605551653,46.828895568847656,1453900,0.0,0.0,0.0
2024-07-25 00:00:00-04:00,46.81964605551653,46.828895568847656,46.81964605551653,46.828895568847656,1766800,0.0,0.0,0.0
2024-07-26 00:00:00-04:00,46.84739826379205,46.856651306152344,46.84739826379205,46.856651306152344,1185700,0.0,0.0,0.0
2024-07-29 00:00:00-04:00,46.856651306152344,46.86590081951097,46.856651306152344,46.856651306152344,1073200,0.0,0.0,0.0
2024-07-30 00:00:00-04:00,46.85665243344033,46.865901947021484,46.85665243344033,46.865901947021484,1084500,0.0,0.0,0.0
2024-07-31 00:00:00-04:00,46.86590081951097,46.86590081951097,46.856651306152344,46.856651306152344,2241000,0.0,0.0,0.0
2024-08-01 00:00:00-04:00,46.872457965278464,46.872457965278464,46.86316680908203,46.86316680908203,2434300,0.227,0.0,0.0
2024-08-02 00:00:00-04:00,46.88173568132456,46.89102683415484,46.85385513305664,46.85385513305664,3370700,0.0,0.0,0.0
2024-08-05 00:00:00-04:00,46.85387210799579,46.872457965278464,46.85387210799579,46.86316680908203,4343000,0.0,0.0,0.0
2024-08-06 00:00:00-04:00,46.86316444119686,46.8910414532674,46.86316444119686,46.87245559692383,2256000,0.0,0.0,0.0
2024-08-07 00:00:00-04:00,46.90033103766939,46.90962219238281,46.89103633806672,46.90962219238281,2902100,0.0,0.0,0.0
2024-08-08 00:00:00-04:00,46.90032958984375,46.909620744270356,46.90032958984375,46.90032958984375,1377800,0.0,0.0,0.0
2024-08-09 00:00:00-04:00,46.91891860961914,46.9282097646727,46.91891860961914,46.91891860961914,1245300,0.0,0.0,0.0
2024-08-12 00:00:00-04:00,46.9282097646727,46.9282097646727,46.91891860961914,46.91891860961914,2522300,0.0,0.0,0.0
2024-08-13 00:00:00-04:00,46.92820358276367,46.9374947365933,46.92820358276367,46.92820358276367,1463200,0.0,0.0,0.0
2024-08-14 00:00:00-04:00,46.937497903193474,46.94679260253906,46.937497903193474,46.94679260253906,1035800,0.0,0.0,0.0
2024-08-15 00:00:00-04:00,46.946788140884216,46.96537399291992,46.946788140884216,46.96537399291992,1380000,0.0,0.0,0.0
2024-08-16 00:00:00-04:00,46.974674224853516,46.98396892511207,46.96538306948445,46.974674224853516,1088900,0.0,0.0,0.0
2024-08-19 00:00:00-04:00,46.98395919799805,46.98395919799805,46.974664499663774,46.98395919799805,1325500,0.0,0.0,0.0
2024-08-20 00:00:00-04:00,46.97466594818421,46.99325180053711,46.97466594818421,46.99325180053711,1869100,0.0,0.0,0.0
2024-08-21 00:00:00-04:00,46.99325180053711,47.002546499158,46.983960646805095,46.99325180053711,1671400,0.0,0.0,0.0
2024-08-22 00:00:00-04:00,47.00255584716797,47.00255584716797,46.99326114669852,47.00255584716797,975500,0.0,0.0,0.0
2024-08-23 00:00:00-04:00,47.0118384542639,47.0211296081543,47.0118384542639,47.0211296081543,1432400,0.0,0.0,0.0
2024-08-26 00:00:00-04:00,47.0211296081543,47.030424306933625,47.0211296081543,47.0211296081543,1302700,0.0,0.0,0.0
2024-08-27 00:00:00-04:00,47.03042365946994,47.03971481323242,47.02112896081857,47.03971481323242,1243200,0.0,0.0,0.0
2024-08-28 00:00:00-04:00,47.03971481323242,47.03971481323242,47.03042365946994,47.03971481323242,981100,0.0,0.0,0.0
2024-08-29 00:00:00-04:00,47.03972099507139,47.03972099507139,47.03042984008789,47.03042984008789,839500,0.0,0.0,0.0
2024-08-30 00:00:00-04:00,47.04902267456055,47.05831383092237,47.04902267456055,47.04902267456055,1738500,0.0,0.0,0.0
2024-09-03 00:00:00-04:00,47.07047653198242,47.07047653198242,47.06114071370249,47.07047653198242,1948400,0.223,0.0,0.0
2024-09-04 00:00:00-04:00,47.07047121014349,47.079803466796875,47.07047121014349,47.079803466796875,2350600,0.0,0.0,0.0
2024-09-05 00:00:00-04:00,47.079803466796875,47.079803466796875,47.07047121014349,47.079803466796875,3807400,0.0,0.0,0.0
2024-09-06 00:00:00-04:00,47.09847640991211,47.09847640991211,47.08914415229391,47.09847640991211,1401900,0.0,0.0,0.0
2024-09-09 00:00:00-04:00,47.09847640991211,47.09847640991211,47.08914415229391,47.09847640991211,2263300,0.0,0.0,0.0
2024-09-10 00:00:00-04:00,47.10780715942383,47.10780715942383,47.09847134223875,47.10780715942383,1163600,0.0,0.0,0.0
2024-09-11 00:00:00-04:00,47.11715316772461,47.11715316772461,47.107820908386806,47.11715316772461,950800,0.0,0.0,0.0
2024-09-12 00:00:00-04:00,47.12648391723633,47.12648391723633,47.11714809833094,47.12648391723633,1137900,0.0,0.0,0.0
2024-09-13 00:00:00-04:00,47.13581697246553,47.14514923095703,47.13581697246553,47.14514923095703,1516100,0.0,0.0,0.0
2024-09-16 00:00:00-04:00,47.14514034846719,47.154476165771484,47.14514034846719,47.154476165771484,1267600,0.0,0.0,0.0
2024-09-17 00:00:00-04:00,47.14514034846719,47.154476165771484,47.14514034846719,47.154476165771484,1106000,0.0,0.0,0.0
2024-09-18 00:00:00-04:00,47.154476165771484,47.16380842250472,47.154476165771484,47.154476165771484,2492500,0.0,0.0,0.0
2024-09-19 00:00:00-04:00,47.163818359375,47.163818359375,47.15448610067556,47.163818359375,1087100,0.0,0.0,0.0
2024-09-20 00:00:00-04:00,47.17314760100026,47.19181567636793,47.17314760100026,47.18247985839844,2697700,0.0,0.0,0.0
2024-09-23 00:00:00-04:00,47.18249004671381,47.19182586669922,47.18249004671381,47.19182586669922,1797400,0.0,0.0,0.0
2024-09-24 00:00:00-04:00,47.191816729210025,47.201148986816406,47.191816729210025,47.201148986816406,1876900,0.0,0.0,0.0
2024-09-25 00:00:00-04:00,47.201147733095596,47.21048355102539,47.201147733095596,47.21048355102539,975800,0.0,0.0,0.0
2024-09-26 00:00:00-04:00,47.201148986816406,47.21048480499418,47.201148986816406,47.201148986816406,1301200,0.0,0.0,0.0
2024-09-27 00:00:00-04:00,47.21982192993164,47.229154188499976,47.21982192993164,47.21982192993164,2162400,0.0,0.0,0.0
2024-09-30 00:00:00-04:00,47.22914123535156,47.2384770519312,47.22914123535156,47.22914123535156,4868800,0.0,0.0,0.0
2024-10-01 00:00:00-04:00,47.23945999145508,47.24882946797718,47.22071746363922,47.23945999145508,4310200,0.201,0.0,0.0
2024-10-02 00:00:00-04:00,47.24883270263672,47.24883270263672,47.23946322547318,47.24883270263672,1362400,0.0,0.0,0.0
2024-10-03 00:00:00-04:00,47.24883270263672,47.24883270263672,47.23946322547318,47.24883270263672,1298800,0.0,0.0,0.0
2024-10-04 00:00:00-04:00,47.27694736205546,47.27694736205546,47.267574310302734,47.267574310302734,1068100,0.0,0.0,0.0
2024-10-07 00:00:00-04:00,47.276947021484375,47.28631649839777,47.276947021484375,47.276947021484375,1718200,0.0,0.0,0.0
2024-10-08 00:00:00-04:00,47.28630828857422,47.28630828857422,47.27693881328755,47.28630828857422,1181500,0.0,0.0,0.0
2024-10-09 00:00:00-04:00,47.28630828857422,47.29568133863208,47.28630828857422,47.28630828857422,1518400,0.0,0.0,0.0
2024-10-10 00:00:00-04:00,47.295684814453125,47.295684814453125,47.28631176370643,47.295684814453125,1281900,0.0,0.0,0.0
2024-10-11 00:00:00-04:00,47.31443405151367,47.323803528817734,47.31443405151367,47.31443405151367,1466800,0.0,0.0,0.0
2024-10-14 00:00:00-04:00,47.31443405151367,47.323803528817734,47.31443405151367,47.31443405151367,1190800,0.0,0.0,0.0
2024-10-15 00:00:00-04:00,47.323806181350456,47.33317565917969,47.323806181350456,47.33317565917969,1364800,0.0,0.0,0.0
2024-10-16 00:00:00-04:00,47.33316387600148,47.34253692626953,47.33316387600148,47.34253692626953,1196400,0.0,0.0,0.0
2024-10-17 00:00:00-04:00,47.34253692626953,47.34253692626953,47.33316387600148,47.34253692626953,3347200,0.0,0.0,0.0
2024-10-18 00:00:00-04:00,47.36128650381207,47.36128650381207,47.35191345214844,47.35191345214844,1046800,0.0,0.0,0.0
2024-10-21 00:00:00-04:00,47.36127853393555,47.3706480092507,47.36127853393555,47.36127853393555,1350600,0.0,0.0,0.0
2024-10-22 00:00:00-04:00,47.37065471958199,47.380027770996094,47.37065471958199,47.380027770996094,1047600,0.0,0.0,0.0
2024-10-23 00:00:00-04:00,47.3893928527832,47.3893928527832,47.38002337700973,47.3893928527832,902300,0.0,0.0,0.0
2024-10-24 00:00:00-04:00,47.389392513487095,47.398765563964844,47.3800230377807,47.398765563964844,1353200,0.0,0.0,0.0
2024-10-25 00:00:00-04:00,47.40813446044922,47.40813446044922,47.3987649848573,47.40813446044922,812600,0.0,0.0,0.0
2024-10-28 00:00:00-04:00,47.417503936041136,47.417503936041136,47.40813446044922,47.40813446044922,1163400,0.0,0.0,0.0
2024-10-29 00:00:00-04:00,47.417503356933594,47.417503356933594,47.4081338814561,47.417503356933594,1090100,0.0,0.0,0.0
2024-10-30 00:00:00-04:00,47.42688751220703,47.43625698987839,47.417514459763574,47.42688751220703,1878200,0.0,0.0,0.0
2024-10-31 00:00:00-04:00,47.42688751220703,47.43625698987839,47.42688751220703,47.42688751220703,2159500,0.0,0.0,0.0
2024-11-01 00:00:00-04:00,47.45228862927953,47.45228862927953,47.4428825378418,47.4428825378418,2029700,0.197,0.0,0.0
2024-11-04 00:00:00-05:00,47.461683999851985,47.461683999851985,47.452274322509766,47.452274322509766,2447900,0.0,0.0,0.0
2024-11-05 00:00:00-05:00,47.461697576920336,47.47110366821289,47.452287896886354,47.47110366821289,2122300,0.0,0.0,0.0
2024-11-06 00:00:00-05:00,47.47110366821289,47.48051334824688,47.47110366821289,47.47110366821289,4561600,0.0,0.0,0.0
2024-11-07 00:00:00-05:00,47.48051547810973,47.48992156982422,47.47110579765365,47.48992156982422,1219900,0.0,0.0,0.0
2024-11-08 00:00:00-05:00,47.49931716918945,47.50872325811552,47.48990749152286,47.49931716918945,1658100,0.0,0.0,0.0
2024-11-11 00:00:00-05:00,47.50872325811552,47.50872325811552,47.49931716918945,47.49931716918945,1309000,0.0,0.0,0.0
2024-11-12 00:00:00-05:00,47.508731842041016,47.51813793266659,47.508731842041016,47.508731842041016,1664600,0.0,0.0,0.0
2024-11-13 00:00:00-05:00,47.527549743652344,47.527549743652344,47.51814006386357,47.527549743652344,1323200,0.0,0.0,0.0
2024-11-14 00:00:00-05:00,47.527549743652344,47.53695583469978,47.527549743652344,47.527549743652344,975000,0.0,0.0,0.0
2024-11-15 00:00:00-05:00,47.54635238647461,47.55575847492493,47.54635238647461,47.54635238647461,3273200,0.0,0.0,0.0
2024-11-18 00:00:00-05:00,47.55576705932617,47.565176738215406,47.54636096917793,47.55576705932617,1262200,0.0,0.0,0.0
2024-11-19 00:00:00-05:00,47.565178870367625,47.5745849609375,47.55576919105659,47.5745849609375,2254300,0.0,0.0,0.0
2024-11-20 00:00:00-05:00,47.5745849609375,47.5745849609375,47.565178870367625,47.5745849609375,1979200,0.0,0.0,0.0
2024-11-21 00:00:00-05:00,47.58399200439453,47.58399200439453,47.57458232560474,47.58399200439453,1518800,0.0,0.0,0.0
2024-11-22 00:00:00-05:00,47.59339618693948,47.612211955023994,47.59339618693948,47.60280227661133,1889800,0.0,0.0,0.0
2024-11-25 00:00:00-05:00,47.612211955023994,47.612211955023994,47.60280227661133,47.60280227661133,1603300,0.0,0.0,0.0
2024-11-26 00:00:00-05:00,47.62162685557231,47.62162685557231,47.612220764160156,47.612220764160156,1463800,0.0,0.0,0.0
2024-11-27 00:00:00-05:00,47.62162135730974,47.63103103637695,47.6122152669836,47.63103103637695,1180600,0.0,0.0,0.0
2024-11-29 00:00:00-05:00,47.63103103637695,47.6404371267031,47.63103103637695,47.63103103637695,1002800,0.0,0.0,0.0
2024-12-02 00:00:00-05:00,47.6404684525424,47.65935509600558,47.631023329681355,47.64990997314453,2572300,0.19,0.0,0.0
2024-12-03 00:00:00-05:00,47.65936279296875,47.65936279296875,47.63103102206897,47.65936279296875,7538300,0.0,0.0,0.0
2024-12-04 00:00:00-05:00,47.65935509600558,47.65935509600558,47.64990997314453,47.64990997314453,1321900,0.0,0.0,0.0
2024-12-05 00:00:00-05:00,47.66880416870117,47.66880416870117,47.659362646603235,47.66880416870117,1062600,0.0,0.0,0.0
2024-12-06 00:00:00-05:00,47.67824539883923,47.687686920166016,47.67824539883923,47.687686920166016,881600,0.0,0.0,0.0
2024-12-09 00:00:00-05:00,47.68769440248479,47.69713592529297,47.68769440248479,47.69713592529297,1551300,0.0,0.0,0.0
2024-12-10 00:00:00-05:00,47.7065810503609,47.7065810503609,47.69713592529297,47.69713592529297,1069300,0.0,0.0,0.0
2024-12-11 00:00:00-05:00,47.7065810503609,47.7065810503609,47.69713592529297,47.69713592529297,1277300,0.0,0.0,0.0
2024-12-12 00:00:00-05:00,47.706577154720605,47.71601867675781,47.69713203042395,47.71601867675781,1524000,0.0,0.0,0.0
2024-12-13 00:00:00-05:00,47.73490524291992,47.73490524291992,47.725463720898574,47.73490524291992,814000,0.0,0.0,0.0
2024-12-16 00:00:00-05:00,47.73490524291992,47.74435036720072,47.73490524291992,47.73490524291992,2068600,0.0,0.0,0.0
2024-12-17 00:00:00-05:00,47.744346473133476,47.753787994384766,47.73490134962303,47.753787994384766,1600800,0.0,0.0,0.0
2024-12-18 00:00:00-05:00,47.75852419528644,47.75852419528644,47.739564442889225,47.74904251098633,4604500,0.195,0.0,0.0
2024-12-19 00:00:00-05:00,47.74905560558012,47.768015363176815,47.74905560558012,47.75853729248047,2959400,0.0,0.0,0.0
2024-12-20 00:00:00-05:00,47.777490161871306,47.78696823120117,47.777490161871306,47.78696823120117,2262100,0.0,0.0,0.0
2024-12-23 00:00:00-05:00,47.786970592991665,47.79644866278998,47.77749252319336,47.77749252319336,3201800,0.0,0.0,0.0
2024-12-24 00:00:00-05:00,47.79644940515935,47.805931091308594,47.786971335213835,47.805931091308594,1675900,0.0,0.0,0.0
2024-12-26 00:00:00-05:00,47.805925624273904,47.805925624273904,47.796443939208984,47.796443939208984,1476400,0.0,0.0,0.0
2024-12-27 00:00:00-05:00,47.824888484997274,47.824888484997274,47.815406799316406,47.815406799316406,1274500,0.0,0.0,0.0
2024-12-30 00:00:00-05:00,47.834373474121094,47.834373474121094,47.82489540327268,47.834373474121094,1721200,0.0,0.0,0.0
2024-12-31 00:00:00-05:00,47.83436749626135,47.843849182128906,47.83436749626135,47.843849182128906,1380200,0.0,0.0,0.0
2025-01-02 00:00:00-05:00,47.843854448823954,47.85333251953125,47.82489469120536,47.85333251953125,4585200,0.0,0.0,0.0
2025-01-03 00:00:00-05:00,47.87228248160971,47.87228248160971,47.8628044128418,47.8628044128418,1545500,0.0,0.0,0.0
2025-01-06 00:00:00-05:00,47.86280968043311,47.87228775024414,47.86280968043311,47.87228775024414,3778300,0.0,0.0,0.0
2025-01-07 00:00:00-05:00,47.87228157496628,47.88175964355469,47.87228157496628,47.88175964355469,1370700,0.0,0.0,0.0
2025-01-08 00:00:00-05:00,47.8912467956543,47.900724865324726,47.881765109780254,47.8912467956543,2482700,0.0,0.0,0.0
2025-01-10 00:00:00-05:00,47.910208004521046,47.91968607447899,47.900726318359375,47.900726318359375,2014300,0.0,0.0,0.0
2025-01-13 00:00:00-05:00,47.91968701482415,47.929168701171875,47.91968701482415,47.929168701171875,2224400,0.0,0.0,0.0
2025-01-14 00:00:00-05:00,47.92917086524264,47.92917086524264,47.9196891784668,47.9196891784668,1600900,0.0,0.0,0.0
2025-01-15 00:00:00-05:00,47.92915871161667,47.938636779785156,47.92915871161667,47.938636779785156,2040400,0.0,0.0,0.0
2025-01-16 00:00:00-05:00,47.93864606037492,47.94812774658203,47.929167990371546,47.94812774658203,3204500,0.0,0.0,0.0
2025-01-17 00:00:00-05:00,47.96708533957758,47.96708533957758,47.95760726928711,47.95760726928711,2645000,0.0,0.0,0.0
2025-01-21 00:00:00-05:00,47.96708297729492,47.97656466332229,47.96708297729492,47.96708297729492,1620400,0.0,0.0,0.0
2025-01-22 00:00:00-05:00,47.96708081440017,47.9765625,47.96708081440017,47.9765625,1283800,0.0,0.0,0.0
2025-01-23 00:00:00-05:00,47.98604056939632,47.98604056939632,47.9765625,47.9765625,944500,0.0,0.0,0.0
2025-01-24 00:00:00-05:00,47.995521545410156,48.00499961466635,47.995521545410156,47.995521545410156,992900,0.0,0.0,0.0
2025-01-27 00:00:00-05:00,48.004998905500734,48.01448059082031,48.004998905500734,48.01448059082031,1611000,0.0,0.0,0.0
2025-01-28 00:00:00-05:00,48.01448059082031,48.01448059082031,48.004998905500734,48.01448059082031,1235400,0.0,0.0,0.0
2025-01-29 00:00:00-05:00,48.00500035851576,48.02396011352539,48.00500035851576,48.02396011352539,1396500,0.0,0.0,0.0
2025-01-30 00:00:00-05:00,48.02395865993649,48.02395865993649,48.01448059082031,48.01448059082031,2388400,0.0,0.0,0.0
2025-01-31 00:00:00-05:00,48.04291915893555,48.052397228198615,48.03343747346902,48.04291915893555,3237500,0.0,0.0,0.0
2025-02-03 00:00:00-05:00,48.04956817626953,48.04956817626953,48.040056890422726,48.04956817626953,2120500,0.177,0.0,0.0
2025-02-04 00:00:00-05:00,48.04957474462034,48.05908966064453,48.04957474462034,48.05908966064453,1961300,0.0,0.0,0.0
2025-02-05 00:00:00-05:00,48.05908309099305,48.05908309099305,48.04956817626953,48.04956817626953,1756100,0.0,0.0,0.0
2025-02-06 00:00:00-05:00,48.068603515625,48.068603515625,48.05909222796991,48.068603515625,2053000,0.0,0.0,0.0
2025-02-07 00:00:00-05:00,48.08763122558594,48.08763122558594,48.07811993763302,48.08763122558594,1633200,0.0,0.0,0.0
2025-02-10 00:00:00-05:00,48.087630163946045,48.097145080566406,48.078118876203106,48.097145080566406,1411700,0.0,0.0,0.0
2025-02-11 00:00:00-05:00,48.09714614241636,48.09714614241636,48.08763122558594,48.08763122558594,1678100,0.0,0.0,0.0
2025-02-12 00:00:00-05:00,48.10664749145508,48.10664749145508,48.09713620546721,48.10664749145508,1052500,0.0,0.0,0.0
2025-02-13 00:00:00-05:00,48.10664749145508,48.10664749145508,48.09713620546721,48.10664749145508,1670300,0.0,0.0,0.0
2025-02-14 00:00:00-05:00,48.135196685791016,48.135196685791016,48.1256853974898,48.135196685791016,1154300,0.0,0.0,0.0
2025-02-18 00:00:00-05:00,48.12568433571117,48.144710540771484,48.12568433571117,48.144710540771484,1241100,0.0,0.0,0.0
2025-02-19 00:00:00-05:00,48.144710540771484,48.144710540771484,48.135195623802545,48.144710540771484,1393600,0.0,0.0,0.0
2025-02-20 00:00:00-05:00,48.15422439575195,48.15422439575195,48.14471310715358,48.15422439575195,1268000,0.0,0.0,0.0
2025-02-21 00:00:00-05:00,48.1637331889294,48.17324447631836,48.154218272663144,48.17324447631836,1867300,0.0,0.0,0.0
2025-02-24 00:00:00-05:00,48.17324447631836,48.17324447631836,48.1637331889294,48.17324447631836,2286700,0.0,0.0,0.0
2025-02-25 00:00:00-05:00,48.1732472291861,48.182762145996094,48.1732472291861,48.182762145996094,1566700,0.0,0.0,0.0
2025-02-26 00:00:00-05:00,48.182762145996094,48.182762145996094,48.1732472291861,48.182762145996094,1035200,0.0,0.0,0.0
2025-02-27 00:00:00-05:00,48.182762145996094,48.19227343392858,48.1732472291861,48.182762145996094,2272900,0.0,0.0,0.0
2025-02-28 00:00:00-05:00,48.192270939122395,48.2017822265625,48.192270939122395,48.2017822265625,2077200,0.0,0.0,0.0
2025-03-03 00:00:00-05:00,48.20655822753906,48.20655822753906,48.197015865923845,48.20655822753906,2383500,0.165,0.0,0.0
2025-03-04 00:00:00-05:00,48.21610422988744,48.21610422988744,48.20655822753906,48.20655822753906,1727000,0.0,0.0,0.0
2025-03-05 00:00:00-05:00,48.21610422988744,48.21610422988744,48.20655822753906,48.20655822753906,1897800,0.0,0.0,0.0
2025-03-06 00:00:00-05:00,48.22563934326172,48.22563934326172,48.2160969830807,48.22563934326172,3520900,0.0,0.0,0.0
2025-03-07 00:00:00-05:00,48.23518371582031,48.23518371582031,48.22563771522895,48.23518371582031,1928100,0.0,0.0,0.0
2025-03-10 00:00:00-04:00,48.24473571777344,48.24473571777344,48.23519335600744,48.24473571777344,2287000,0.0,0.0,0.0
2025-03-11 00:00:00-04:00,48.24473571777344,48.24473571777344,48.23519335600744,48.24473571777344,2454300,0.0,0.0,0.0
2025-03-12 00:00:00-04:00,48.2542839050293,48.2542839050293,48.24473790209788,48.2542839050293,2073300,0.0,0.0,0.0
2025-03-13 00:00:00-04:00,48.26382626722733,48.26382626722733,48.2542839050293,48.2542839050293,1856700,0.0,0.0,0.0
2025-03-14 00:00:00-04:00,48.27337646484375,48.27337646484375,48.26383046108284,48.27337646484375,1696200,0.0,0.0,0.0
2025-03-17 00:00:00-04:00,48.27336703214793,48.28290939331055,48.27336703214793,48.28290939331055,1133300,0.0,0.0,0.0
2025-03-18 00:00:00-04:00,48.28291882787096,48.28291882787096,48.27337646484375,48.27337646484375,3484500,0.0,0.0,0.0
2025-03-19 00:00:00-04:00,48.28290759036558,48.292449951171875,48.28290759036558,48.292449951171875,1499900,0.0,0.0,0.0
2025-03-20 00:00:00-04:00,48.292449951171875,48.292449951171875,48.28290759036558,48.292449951171875,1657000,0.0,0.0,0.0
2025-03-21 00:00:00-04:00,48.31154049966583,48.31154049966583,48.301998138427734,48.301998138427734,1736100,0.0,0.0,0.0
2025-03-24 00:00:00-04:00,48.31154049966583,48.31154049966583,48.301998138427734,48.301998138427734,1188800,0.0,0.0,0.0
2025-03-25 00:00:00-04:00,48.31154088149836,48.32108688354492,48.31154088149836,48.32108688354492,1005100,0.0,0.0,0.0
2025-03-26 00:00:00-04:00,48.33062744140625,48.33062744140625,48.32108508044881,48.33062744140625,1284200,0.0,0.0,0.0
2025-03-27 00:00:00-04:00,48.33062744140625,48.33062744140625,48.32108508044881,48.33062744140625,1369800,0.0,0.0,0.0
2025-03-28 00:00:00-04:00,48.34016418457031,48.34970654370012,48.34016418457031,48.34016418457031,2700000,0.0,0.0,0.0
2025-03-31 00:00:00-04:00,48.3497200012207,48.35926236300651,48.3497200012207,48.3497200012207,1509600,0.0,0.0,0.0
2025-04-01 00:00:00-04:00,48.36217498779297,48.36217498779297,48.35259437684924,48.36217498779297,1532900,0.183,0.0,0.0
2025-04-02 00:00:00-04:00,48.36216926337417,48.36216926337417,48.35258865356445,48.35258865356445,1586400,0.0,0.0,0.0
2025-04-03 00:00:00-04:00,48.35259437684924,48.36217498779297,48.35259437684924,48.36217498779297,2655400,0.0,0.0,0.0
2025-04-04 00:00:00-04:00,48.37174606323242,48.38132301907921,48.37174606323242,48.37174606323242,3007200,0.0,0.0,0.0
2025-04-07 00:00:00-04:00,48.37174606323242,48.39090362885802,48.37174606323242,48.37174606323242,5236600,0.0,0.0,0.0
2025-04-08 00:00:00-04:00,48.39090919364423,48.39090919364423,48.37175162581557,48.38132858276367,3146700,0.0,0.0,0.0
2025-04-09 00:00:00-04:00,48.38132858276367,48.39090919364423,48.38132858276367,48.38132858276367,7164800,0.0,0.0,0.0
2025-04-10 00:00:00-04:00,48.39091491699219,48.40049187507299,48.39091491699219,48.39091491699219,2603700,0.0,0.0,0.0
2025-04-11 00:00:00-04:00,48.400480272851276,48.41006088256836,48.3909033170662,48.41006088256836,5150900,0.0,0.0,0.0
2025-04-14 00:00:00-04:00,48.40048599243164,48.41006660328088,48.40048599243164,48.40048599243164,1946700,0.0,0.0,0.0
2025-04-15 00:00:00-04:00,48.400485834396115,48.41964340209961,48.400485834396115,48.41964340209961,2764700,0.0,0.0,0.0
2025-04-16 00:00:00-04:00,48.42922592163086,48.42922592163086,48.4196453104353,48.42922592163086,1916800,0.0,0.0,0.0
2025-04-17 00:00:00-04:00,48.438806534077585,48.448387145996094,48.42922957609193,48.448387145996094,1461500,0.0,0.0,0.0
2025-04-21 00:00:00-04:00,48.448377607102515,48.45795456320259,48.43879699707031,48.43879699707031,2607100,0.0,0.0,0.0
2025-04-22 00:00:00-04:00,48.45795440673828,48.45795440673828,48.44837745066913,48.45795440673828,2307900,0.0,0.0,0.0
2025-04-23 00:00:00-04:00,48.467533111572266,48.467533111572266,48.448379198742856,48.467533111572266,1630800,0.0,0.0,0.0
2025-04-24 00:00:00-04:00,48.46753502037925,48.477115631103516,48.457958063587384,48.477115631103516,2745800,0.0,0.0,0.0
2025-04-25 00:00:00-04:00,48.48669624402206,48.49627685546875,48.47711928650804,48.49627685546875,3233800,0.0,0.0,0.0
2025-04-28 00:00:00-04:00,48.49626716061144,48.50584411621094,48.49626716061144,48.50584411621094,1660800,0.0,0.0,0.0
2025-04-29 00:00:00-04:00,48.49626716061144,48.50584411621094,48.49626716061144,48.50584411621094,3018500,0.0,0.0,0.0
2025-04-30 00:00:00-04:00,48.50585381298277,48.50585381298277,48.49627685546875,48.49627685546875,1461600,0.0,0.0,0.0
2025-05-01 00:00:00-04:00,48.511653900146484,48.511653900146484,48.502039868853856,48.511653900146484,2333200,0.176,0.0,0.0
2025-05-02 00:00:00-04:00,48.5308723449707,48.5308723449707,48.521258314857,48.5308723449707,2589900,0.0,0.0,0.0
2025-05-05 00:00:00-04:00,48.54048538208008,48.54048538208008,48.53087501811517,48.54048538208008,1844200,0.0,0.0,0.0
2025-05-06 00:00:00-04:00,48.55009574604498,48.55009574604498,48.53087501811517,48.54048538208008,1383400,0.0,0.0,0.0
2025-05-07 00:00:00-04:00,48.54048538208008,48.55009574604498,48.54048538208008,48.54048538208008,1164900,0.0,0.0,0.0
2025-05-08 00:00:00-04:00,48.55009574604498,48.55009574604498,48.54048538208008,48.54048538208008,1249300,0.0,0.0,0.0
2025-05-09 00:00:00-04:00,48.55971031463957,48.578934709460704,48.55971031463957,48.56932067871094,1769900,0.0,0.0,0.0
2025-05-12 00:00:00-04:00,48.56932067871094,48.578934709460704,48.56932067871094,48.56932067871094,2029500,0.0,0.0,0.0
2025-05-13 00:00:00-04:00,48.58854675292969,48.58854675292969,48.578936388526145,48.58854675292969,4755300,0.0,0.0,0.0
2025-05-14 00:00:00-04:00,48.58854957309625,48.59816360473633,48.58854957309625,48.59816360473633,2044900,0.0,0.0,0.0
2025-05-15 00:00:00-04:00,48.59816078401175,48.59816078401175,48.58854675292969,48.58854675292969,989900,0.0,0.0,0.0
2025-05-16 00:00:00-04:00,48.607765197753906,48.617379227659,48.607765197753906,48.607765197753906,2034600,0.0,0.0,0.0
2025-05-19 00:00:00-04:00,48.62699890136719,48.62699890136719,48.6173885363001,48.62699890136719,2677900,0.0,0.0,0.0
2025-05-20 00:00:00-04:00,48.63660926643428,48.63660926643428,48.62699890136719,48.62699890136719,1960400,0.0,0.0,0.0
2025-05-21 00:00:00-04:00,48.6366081237793,48.64622215529929,48.6366081237793,48.6366081237793,1973500,0.0,0.0,0.0
2025-05-22 00:00:00-04:00,48.646217346191406,48.646217346191406,48.63660331562184,48.646217346191406,2688900,0.0,0.0,0.0
2025-05-23 00:00:00-04:00,48.66544227882475,48.675052642822266,48.66544227882475,48.675052642822266,1155000,0.0,0.0,0.0
2025-05-27 00:00:00-04:00,48.675052642822266,48.675052642822266,48.66544227882475,48.675052642822266,3506000,0.0,0.0,0.0
2025-05-28 00:00:00-04:00,48.675051649451966,48.68466567993164,48.675051649451966,48.68466567993164,1211600,0.0,0.0,0.0
2025-05-29 00:00:00-04:00,48.68466567993164,48.68466567993164,48.675051649451966,48.68466567993164,1584100,0.0,0.0,0.0
2025-05-30 00:00:00-04:00,48.69428253173828,48.70389289682015,48.69428253173828,48.69428253173828,1468700,0.0,0.0,0.0
2025-06-02 00:00:00-04:00,48.70296096801758,48.712611000799804,48.6933146156445,48.70296096801758,2804800,0.189,0.0,0.0
2025-06-03 00:00:00-04:00,48.712609354739996,48.72225570678711,48.70295932228385,48.72225570678711,1682200,0.0,0.0,0.0
2025-06-04 00:00:00-04:00,48.72225570678711,48.72225570678711,48.712609354739996,48.72225570678711,1539300,0.0,0.0,0.0
2025-06-05 00:00:00-04:00,48.731903076171875,48.731903076171875,48.72225672392338,48.731903076171875,1299700,0.0,0.0,0.0
2025-06-06 00:00:00-04:00,48.731903076171875,48.74155310882947,48.731903076171875,48.731903076171875,1491600,0.0,0.0,0.0
2025-06-09 00:00:00-04:00,48.751197814941406,48.751197814941406,48.74155146301863,48.751197814941406,1923400,0.0,0.0,0.0
2025-06-10 00:00:00-04:00,48.75119515252143,48.76084518432617,48.74154880112547,48.76084518432617,1815300,0.0,0.0,0.0
2025-06-11 00:00:00-04:00,48.76084518432617,48.76084518432617,48.75119515252143,48.76084518432617,1081400,0.0,0.0,0.0
2025-06-12 00:00:00-04:00,48.75119515252143,48.76084518432617,48.75119515252143,48.76084518432617,2758300,0.0,0.0,0.0
2025-06-13 00:00:00-04:00,48.77050018310547,48.78015021662124,48.77050018310547,48.77050018310547,1871700,0.0,0.0,0.0
2025-06-16 00:00:00-04:00,48.78978729248047,48.78978729248047,48.78014094120836,48.78978729248047,987400,0.0,0.0,0.0
2025-06-17 00:00:00-04:00,48.79945373535156,48.79945373535156,48.78980370042543,48.79945373535156,1273800,0.0,0.0,0.0
2025-06-18 00:00:00-04:00,48.79944330818954,48.80908966064453,48.79944330818954,48.80908966064453,2046200,0.0,0.0,0.0
2025-06-20 00:00:00-04:00,48.82838439941406,48.82838439941406,48.8187343668753,48.82838439941406,2329800,0.0,0.0,0.0
2025-06-23 00:00:00-04:00,48.82838324764317,48.82838324764317,48.81873321533203,48.81873321533203,2614200,0.0,0.0,0.0
2025-06-24 00:00:00-04:00,48.83802795410156,48.83802795410156,48.8283816025244,48.83802795410156,1750000,0.0,0.0,0.0
2025-06-25 00:00:00-04:00,48.83802795410156,48.83802795410156,48.8283816025244,48.83802795410156,2121200,0.0,0.0,0.0
2025-06-26 00:00:00-04:00,48.83803075154377,48.83803075154377,48.82838439941406,48.82838439941406,1621700,0.0,0.0,0.0
2025-06-27 00:00:00-04:00,48.847686767578125,48.85733312088944,48.847686767578125,48.847686767578125,916800,0.0,0.0,0.0
2025-06-30 00:00:00-04:00,48.857323845064414,48.866973876953125,48.857323845064414,48.866973876953125,2114700,0.0,0.0,0.0
2025-07-01 00:00:00-04:00,48.86891555786133,48.86891555786133,48.85923072451434,48.86891555786133,2848200,0.182,0.0,0.0
2025-07-02 00:00:00-04:00,48.86891230580315,48.87859344482422,48.86891230580315,48.87859344482422,1311300,0.0,0.0,0.0
2025-07-03 00:00:00-04:00,48.888275146484375,48.89795628488542,48.888275146484375,48.888275146484375,830800,0.0,0.0,0.0
2025-07-07 00:00:00-04:00,48.897965039064964,48.90764617919922,48.88828389893071,48.90764617919922,1811000,0.0,0.0,0.0
2025-07-08 00:00:00-04:00,48.90764617919922,48.90764617919922,48.897965039064964,48.90764617919922,1666900,0.0,0.0,0.0
2025-07-09 00:00:00-04:00,48.917327880859375,48.917327880859375,48.90764304766338,48.917327880859375,1046700,0.0,0.0,0.0
2025-07-10 00:00:00-04:00,48.917328442893925,48.92700958251953,48.917328442893925,48.92700958251953,1230500,0.0,0.0,0.0
2025-07-11 00:00:00-04:00,48.93669566066524,48.94637680053711,48.93669566066524,48.94637680053711,958500,0.0,0.0,0.0
2025-07-14 00:00:00-04:00,48.94637366926322,48.956058502197266,48.94637366926322,48.956058502197266,1295100,0.0,0.0,0.0
2025-07-15 00:00:00-04:00,48.956058502197266,48.956058502197266,48.94637366926322,48.956058502197266,1589500,0.0,0.0,0.0
2025-07-16 00:00:00-04:00,48.956058502197266,48.9657396414498,48.956058502197266,48.956058502197266,1117900,0.0,0.0,0.0
2025-07-17 00:00:00-04:00,48.96574020385742,48.97542503690271,48.96574020385742,48.96574020385742,938900,0.0,0.0,0.0
2025-07-18 00:00:00-04:00,48.97542628226509,48.985107421875,48.97542628226509,48.985107421875,942800,0.0,0.0,0.0
2025-07-21 00:00:00-04:00,48.98511179775769,48.99479293823242,48.98511179775769,48.99479293823242,1083300,0.0,0.0,0.0
2025-07-22 00:00:00-04:00,49.00447777238914,49.00447777238914,48.99479293823242,48.99479293823242,745200,0.0,0.0,0.0
2025-07-23 00:00:00-04:00,48.994785992411586,49.00447082519531,48.994785992411586,49.00447082519531,1340700,0.0,0.0,0.0
2025-07-24 00:00:00-04:00,49.01415196429758,49.01415196429758,49.00447082519531,49.00447082519531,933400,0.0,0.0,0.0
2025-07-25 00:00:00-04:00,49.02383804321289,49.03351918256124,49.02383804321289,49.02383804321289,972400,0.0,0.0,0.0
2025-07-28 00:00:00-04:00,49.02383804321289,49.03351918256124,49.02383804321289,49.02383804321289,1084800,0.0,0.0,0.0
2025-07-29 00:00:00-04:00,49.033512115478516,49.04319694711257,49.033512115478516,49.033512115478516,771700,0.0,0.0,0.0
2025-07-30 00:00:00-04:00,49.04319694711257,49.04319694711257,49.033512115478516,49.033512115478516,1017300,0.0,0.0,0.0
2025-07-31 00:00:00-04:00,49.04320526123047,49.05288640082471,49.04320526123047,49.04320526123047,1463700,0.0,0.0,0.0
2025-08-01 00:00:00-04:00,49.0674934387207,49.0674934387207,49.05777310325732,49.0674934387207,2090500,0.185,0.0,0.0
2025-08-04 00:00:00-04:00,49.07721710205078,49.07721710205078,49.067500472416306,49.07721710205078,3495700,0.0,0.0,0.0
2025-08-05 00:00:00-04:00,49.07721710205078,49.086933731685264,49.067500472416306,49.07721710205078,2649000,0.0,0.0,0.0
2025-08-06 00:00:00-04:00,49.086936950683594,49.086936950683594,49.077220320411925,49.086936950683594,1738200,0.0,0.0,0.0
2025-08-07 00:00:00-04:00,49.0966572881778,49.0966572881778,49.086936950683594,49.086936950683594,1248400,0.0,0.0,0.0
2025-08-08 00:00:00-04:00,49.10637283325195,49.10637283325195,49.09665620319501,49.10637283325195,1134100,0.0,0.0,0.0
2025-08-11 00:00:00-04:00,49.11609317053135,49.11609317053135,49.10637283325195,49.10637283325195,882200,0.0,0.0,0.0
2025-08-12 00:00:00-04:00,49.10637234470207,49.116092681884766,49.10637234470207,49.116092681884766,1593200,0.0,0.0,0.0
2025-08-13 00:00:00-04:00,49.116092085977925,49.12580871582031,49.116092085977925,49.12580871582031,2595200,0.0,0.0,0.0
2025-08-14 00:00:00-04:00,49.116092681884766,49.12580931184504,49.116092681884766,49.116092681884766,1254500,0.0,0.0,0.0
2025-08-15 00:00:00-04:00,49.13552474975586,49.14524137874729,49.13552474975586,49.13552474975586,2342700,0.0,0.0,0.0
2025-08-18 00:00:00-04:00,49.14524459838867,49.14524459838867,49.13552796876068,49.14524459838867,1798700,0.0,0.0,0.0
2025-08-19 00:00:00-04:00,49.14524459838867,49.154964935238965,49.14524459838867,49.14524459838867,985000,0.0,0.0,0.0
2025-08-20 00:00:00-04:00,49.154964447021484,49.154964447021484,49.14524411026774,49.154964447021484,981000,0.0,0.0,0.0
2025-08-21 00:00:00-04:00,49.16468048095703,49.16468048095703,49.15496385154325,49.16468048095703,915200,0.0,0.0,0.0
2025-08-22 00:00:00-04:00,49.16468751348346,49.17440414428711,49.16468751348346,49.17440414428711,765600,0.0,0.0,0.0
2025-08-25 00:00:00-04:00,49.17440414428711,49.17440414428711,49.16468751348346,49.17440414428711,890300,0.0,0.0,0.0
2025-08-26 00:00:00-04:00,49.16468751348346,49.17440414428711,49.16468751348346,49.17440414428711,1661200,0.0,0.0,0.0
2025-08-27 00:00:00-04:00,49.17440414428711,49.1841244823135,49.17440414428711,49.17440414428711,1734900,0.0,0.0,0.0
2025-08-28 00:00:00-04:00,49.184112548828125,49.184112548828125,49.17439221316017,49.184112548828125,959300,0.0,0.0,0.0
2025-08-29 00:00:00-04:00,49.19383239746094,49.20355273376518,49.19383239746094,49.19383239746094,1452400,0.0,0.0,0.0
2025-09-02 00:00:00-04:00,49.20846939086914,49.20846939086914,49.198713398657105,49.20846939086914,1732000,0.185,0.0,0.0
2025-09-03 00:00:00-04:00,49.208463672124964,49.21821594238281,49.19870768104672,49.21821594238281,1661400,0.0,0.0,0.0
2025-09-04 00:00:00-04:00,49.21822166226035,49.21822166226035,49.20846939086914,49.20846939086914,1332800,0.0,0.0,0.0
2025-09-05 00:00:00-04:00,49.23772430419922,49.23772430419922,49.22797203392147,49.23772430419922,1118800,0.0,0.0,0.0
2025-09-08 00:00:00-04:00,49.23772620864323,49.23772620864323,49.22797393798828,49.22797393798828,807700,0.0,0.0,0.0
2025-09-09 00:00:00-04:00,49.23772630830943,49.24748229980469,49.23772630830943,49.24748229980469,1050800,0.0,0.0,0.0
2025-09-10 00:00:00-04:00,49.23772430419922,49.24748029529737,49.23772430419922,49.23772430419922,791700,0.0,0.0,0.0
2025-09-11 00:00:00-04:00,49.24748229980469,49.24748229980469,49.23772630830943,49.24748229980469,1490100,0.0,0.0,0.0
2025-09-12 00:00:00-04:00,49.25723457047938,49.26698684115407,49.24748229980469,49.24748229980469,1442700,0.0,0.0,0.0
2025-09-15 00:00:00-04:00,49.25722885131836,49.26698112086074,49.25722885131836,49.25722885131836,1245400,0.0,0.0,0.0
2025-09-16 00:00:00-04:00,49.26698684692383,49.26698684692383,49.257234576247996,49.26698684692383,1392000,0.0,0.0,0.0
2025-09-17 00:00:00-04:00,49.27674283842022,49.27674283842022,49.26698684692383,49.26698684692383,923600,0.0,0.0,0.0
2025-09-18 00:00:00-04:00,49.2767448425293,49.28649711360176,49.2767448425293,49.2767448425293,1124100,0.0,0.0,0.0
2025-09-19 00:00:00-04:00,49.28649721243297,49.2962532043457,49.28649721243297,49.2962532043457,1020100,0.0,0.0,0.0
2025-09-22 00:00:00-04:00,49.30600547543772,49.30600547543772,49.2962532043457,49.2962532043457,1236100,0.0,0.0,0.0
2025-09-23 00:00:00-04:00,49.29625129984139,49.30600357055664,49.29625129984139,49.30600357055664,828900,0.0,0.0,0.0
2025-09-24 00:00:00-04:00,49.30600357055664,49.31575956209247,49.30600357055664,49.30600357055664,896400,0.0,0.0,0.0
2025-09-25 00:00:00-04:00,49.315757751464844,49.315757751464844,49.30600176028721,49.315757751464844,1900800,0.0,0.0,0.0
2025-09-26 00:00:00-04:00,49.33526611328125,49.34501838365827,49.33526611328125,49.33526611328125,896400,0.0,0.0,0.0
2025-09-29 00:00:00-04:00,49.34501838365827,49.34501838365827,49.33526611328125,49.33526611328125,886200,0.0,0.0,0.0
2025-09-30 00:00:00-04:00,49.34502410888672,49.35477638039524,49.34502410888672,49.34502410888672,1327300,0.0,0.0,0.0
2025-10-01 00:00:00-04:00,49.362632800685354,49.362632800685354,49.34305953979492,49.34305953979492,1326700,0.168,0.0,0.0
2025-10-02 00:00:00-04:00,49.36262900136446,49.36262900136446,49.35284423828125,49.35284423828125,1004100,0.0,0.0,0.0
2025-10-03 00:00:00-04:00,49.37242126464844,49.37242126464844,49.362632767600886,49.37242126464844,1271200,0.0,0.0,0.0
2025-10-06 00:00:00-04:00,49.382205963134766,49.382205963134766,49.37242119931795,49.382205963134766,1320400,0.0,0.0,0.0
2025-10-07 00:00:00-04:00,49.382205963134766,49.391994460169364,49.382205963134766,49.382205963134766,987000,0.0,0.0,0.0
2025-10-08 00:00:00-04:00,49.382209793221826,49.391998291015625,49.382209793221826,49.391998291015625,1182000,0.0,0.0,0.0
2025-10-09 00:00:00-04:00,49.391998291015625,49.401783055591345,49.391998291015625,49.391998291015625,1320800,0.0,0.0,0.0
2025-10-10 00:00:00-04:00,49.41156768798828,49.421352451798555,49.41156768798828,49.41156768798828,1444300,0.0,0.0,0.0
2025-10-13 00:00:00-04:00,49.41156768798828,49.421352451798555,49.41156768798828,49.41156768798828,2281500,0.0,0.0,0.0
2025-10-14 00:00:00-04:00,49.41156768798828,49.421352451798555,49.41156768798828,49.41156768798828,1017200,0.0,0.0,0.0
2025-10-15 00:00:00-04:00,49.42135613511868,49.4311408996582,49.42135613511868,49.4311408996582,1236100,0.0,0.0,0.0
2025-10-16 00:00:00-04:00,49.44092946349514,49.44092946349514,49.421356201171875,49.421356201171875,1162300,0.0,0.0,0.0
2025-10-17 00:00:00-04:00,49.45071417738437,49.45071417738437,49.4409294128418,49.4409294128418,1195900,0.0,0.0,0.0
2025-10-20 00:00:00-04:00,49.45071029663086,49.46049879362332,49.45071029663086,49.45071029663086,1809000,0.0,0.0,0.0
2025-10-21 00:00:00-04:00,49.46050262451172,49.46050262451172,49.450714126761106,49.46050262451172,1202900,0.0,0.0,0.0
2025-10-22 00:00:00-04:00,49.46049493059304,49.470279693603516,49.46049493059304,49.470279693603516,1160700,0.0,0.0,0.0
2025-10-23 00:00:00-04:00,49.47028738904428,49.47028738904428,49.46050262451172,49.46050262451172,1279400,0.0,0.0,0.0
2025-10-24 00:00:00-04:00,49.48007583618164,49.48986060070419,49.47028733844104,49.48007583618164,1145300,0.0,0.0,0.0
2025-10-27 00:00:00-04:00,49.48007958410153,49.489864349365234,49.48007958410153,49.489864349365234,947700,0.0,0.0,0.0
2025-10-28 00:00:00-04:00,49.489864349365234,49.49965284784728,49.489864349365234,49.489864349365234,1266000,0.0,0.0,0.0
2025-10-29 00:00:00-04:00,49.49964904785156,49.49964904785156,49.48986055012096,49.49964904785156,890000,0.0,0.0,0.0
2025-10-30 00:00:00-04:00,49.50943381236411,49.51921857687665,49.49964904785156,49.49964904785156,1624000,0.0,0.0,0.0
2025-10-31 00:00:00-04:00,49.51921846030025,49.52900695800781,49.51921846030025,49.52900695800781,1432400,0.0,0.0,0.0
2025-11-03 00:00:00-05:00,49.536861419677734,49.536861419677734,49.5270403209888,49.536861419677734,1845300,0.168,0.0,0.0
2025-11-04 00:00:00-05:00,49.536861419677734,49.536861419677734,49.5270403209888,49.536861419677734,1036800,0.0,0.0,0.0
2025-11-05 00:00:00-05:00,49.54668045043945,49.54668045043945,49.53686309706976,49.54668045043945,1367900,0.0,0.0,0.0
2025-11-06 00:00:00-05:00,49.54667838258957,49.55649948120117,49.54667838258957,49.55649948120117,1598000,0.0,0.0,0.0
2025-11-07 00:00:00-05:00,49.566314697265625,49.566314697265625,49.55649734472892,49.566314697265625,1153000,0.0,0.0,0.0
2025-11-10 00:00:00-05:00,49.566314697265625,49.57613579545382,49.566314697265625,49.566314697265625,1196300,0.0,0.0,0.0
2025-11-11 00:00:00-05:00,49.57613754272461,49.57613754272461,49.56631644419028,49.57613754272461,712600,0.0,0.0,0.0
2025-11-12 00:00:00-05:00,49.576139220271415,49.58595657348633,49.566318121404755,49.58595657348633,1243900,0.0,0.0,0.0
2025-11-13 00:00:00-05:00,49.58595657348633,49.58595657348633,49.576139220271415,49.58595657348633,1164600,0.0,0.0,0.0
2025-11-14 00:00:00-05:00,49.60558907254157,49.60558907254157,49.595767974853516,49.595767974853516,1734200,0.0,0.0,0.0
2025-11-17 00:00:00-05:00,49.61540985107422,49.61540985107422,49.60559249835946,49.61540985107422,1151900,0.0,0.0,0.0
2025-11-18 00:00:00-05:00,49.62523094944053,49.62523094944053,49.61540985107422,49.61540985107422,1431700,0.0,0.0,0.0
2025-11-19 00:00:00-05:00,49.62523094944053,49.62523094944053,49.61540985107422,49.61540985107422,1796800,0.0,0.0,0.0
2025-11-20 00:00:00-05:00,49.635047912597656,49.635047912597656,49.625230559959945,49.635047912597656,1158800,0.0,0.0,0.0
2025-11-21 00:00:00-05:00,49.65469192649149,49.65469192649149,49.644874572753906,49.644874572753906,2106300,0.0,0.0,0.0
2025-11-24 00:00:00-05:00,49.64486862156038,49.654685974121094,49.64486862156038,49.654685974121094,856400,0.0,0.0,0.0
2025-11-25 00:00:00-05:00,49.66450707233331,49.66450707233331,49.654685974121094,49.654685974121094,1072200,0.0,0.0,0.0
2025-11-26 00:00:00-05:00,49.66451049710409,49.6743278503418,49.66451049710409,49.6743278503418,987700,0.0,0.0,0.0
2025-11-28 00:00:00-05:00,49.68414306640625,49.69396416487325,49.68414306640625,49.68414306640625,927100,0.0,0.0,0.0
2025-12-01 00:00:00-05:00,49.68512725830078,49.69497970526739,49.68512725830078,49.68512725830078,1458100,0.161,0.0,0.0
2025-12-02 00:00:00-05:00,49.70482549542524,49.70482549542524,49.685124360248686,49.694976806640625,1514900,0.0,0.0,0.0
2025-12-03 00:00:00-05:00,49.704830169677734,49.704830169677734,49.69498147996694,49.704830169677734,1056100,0.0,0.0,0.0
2025-12-04 00:00:00-05:00,49.71468261699619,49.71468261699619,49.704830169677734,49.704830169677734,1000700,0.0,0.0,0.0
2025-12-05 00:00:00-05:00,49.714681492810776,49.73438262939453,49.714681492810776,49.73438262939453,1166600,0.0,0.0,0.0
2025-12-08 00:00:00-05:00,49.73438262939453,49.73438262939453,49.72453018229886,49.73438262939453,964100,0.0,0.0,0.0
2025-12-09 00:00:00-05:00,49.73438262939453,49.74423131888261,49.73438262939453,49.73438262939453,820700,0.0,0.0,0.0
2025-12-10 00:00:00-05:00,49.73438262939453,49.74423131888261,49.73438262939453,49.73438262939453,1453800,0.0,0.0,0.0
2025-12-11 00:00:00-05:00,49.74422836303711,49.75407705193998,49.74422836303711,49.74422836303711,853700,0.0,0.0,0.0
2025-12-12 00:00:00-05:00,49.763932133329575,49.773780822753906,49.763932133329575,49.773780822753906,1071200,0.0,0.0,0.0
2025-12-15 00:00:00-05:00,49.773780822753906,49.773780822753906,49.763932133329575,49.773780822753906,968100,0.0,0.0,0.0
2025-12-16 00:00:00-05:00,49.77378173857784,49.783634185791016,49.77378173857784,49.783634185791016,1029400,0.0,0.0,0.0
2025-12-17 00:00:00-05:00,49.783634185791016,49.793482875396556,49.77378173857784,49.783634185791016,1576300,0.0,0.0,0.0
2025-12-18 00:00:00-05:00,49.783635044355464,49.79348373413086,49.783635044355464,49.79348373413086,1659000,0.0,0.0,0.0
2025-12-19 00:00:00-05:00,49.806331634521484,49.81621218418408,49.79644731509557,49.806331634521484,1434900,0.163,0.0,0.0
2025-12-22 00:00:00-05:00,49.806331634521484,49.81621218418408,49.806331634521484,49.806331634521484,1653300,0.0,0.0,0.0
2025-12-23 00:00:00-05:00,49.82609606545997,49.82609606545997,49.81621551513672,49.81621551513672,1297500,0.0,0.0,0.0
2025-12-24 00:00:00-05:00,49.83597608559141,49.83597608559141,49.82609176635742,49.82609176635742,886800,0.0,0.0,0.0
2025-12-26 00:00:00-05:00,49.83597897754379,49.84585952758789,49.83597897754379,49.84585952758789,1246700,0.0,0.0,0.0
2025-12-29 00:00:00-05:00,49.84585952758789,49.85574384739546,49.84585952758789,49.84585952758789,1530200,0.0,0.0,0.0
2025-12-30 00:00:00-05:00,49.85573959350586,49.85573959350586,49.84585527454166,49.85573959350586,1121300,0.0,0.0,0.0
2025-12-31 00:00:00-05:00,49.85574292425994,49.865623474121094,49.85574292425994,49.865623474121094,892200,0.0,0.0,0.0
2026-01-02 00:00:00-05:00,49.87550687097595,49.8853874206543,49.87550687097595,49.8853874206543,1172300,0.0,0.0,0.0
2026-01-05 00:00:00-05:00,49.88539171996348,49.88539171996348,49.875511169433594,49.875511169433594,1488100,0.0,0.0,0.0
2026-01-06 00:00:00-05:00,49.8853874206543,49.89527174009597,49.8853874206543,49.8853874206543,2357900,0.0,0.0,0.0
2026-01-07 00:00:00-05:00,49.88538698191479,49.89527130126953,49.88538698191479,49.89527130126953,1248400,0.0,0.0,0.0
2026-01-08 00:00:00-05:00,49.90515185086098,49.90515185086098,49.89527130126953,49.89527130126953,1340800,0.0,0.0,0.0
2026-01-09 00:00:00-05:00,49.91503480858636,49.92491912841797,49.91503480858636,49.92491912841797,1264500,0.0,0.0,0.0
2026-01-12 00:00:00-05:00,49.92491575226866,49.93479630166863,49.91503143310547,49.91503143310547,1549000,0.0,0.0,0.0
2026-01-13 00:00:00-05:00,49.9249186443636,49.93479919433594,49.915034324627825,49.93479919433594,1985400,0.0,0.0,0.0
2026-01-14 00:00:00-05:00,49.92491912841797,49.9347996784861,49.92491912841797,49.92491912841797,1173300,0.0,0.0,0.0
2026-01-15 00:00:00-05:00,49.94468351407171,49.94468351407171,49.93479919433594,49.93479919433594,1102300,0.0,0.0,0.0
2026-01-16 00:00:00-05:00,49.954566515960714,49.974331386638944,49.954566515960714,49.96445083618164,2690500,0.0,0.0,0.0
2026-01-20 00:00:00-05:00,49.96445035173811,49.97433090209961,49.96445035173811,49.97433090209961,2038200,0.0,0.0,0.0
2026-01-21 00:00:00-05:00,49.9842152222247,49.9842152222247,49.97433090209961,49.97433090209961,3424800,0.0,0.0,0.0
2026-01-22 00:00:00-05:00,49.98421048451056,49.99409103393555,49.98421048451056,49.99409103393555,1084200,0.0,0.0,0.0
2026-01-23 00:00:00-05:00,50.0039782893495,50.01386260986328,50.0039782893495,50.01386260986328,1184400,0.0,0.0,0.0
2026-01-26 00:00:00-05:00,50.01385541894615,50.01385541894615,50.003971099853516,50.003971099853516,1352200,0.0,0.0,0.0
2026-01-27 00:00:00-05:00,50.01386260986328,50.023743160613336,50.01386260986328,50.01386260986328,1317800,0.0,0.0,0.0
2026-01-28 00:00:00-05:00,50.01386260986328,50.023743160613336,50.01386260986328,50.01386260986328,1716300,0.0,0.0,0.0
2026-01-29 00:00:00-05:00,50.01385831118316,50.023738861083984,50.01385831118316,50.023738861083984,1441700,0.0,0.0,0.0
2026-01-30 00:00:00-05:00,50.03362274169922,50.04350329151334,50.03362274169922,50.03362274169922,1802100,0.0,0.0,0.0
2026-02-02 00:00:00-05:00,50.04452463492891,50.04452463492891,50.034610748291016,50.034610748291016,1887700,0.151,0.0,0.0
2026-02-03 00:00:00-05:00,50.054435252183666,50.054435252183666,50.044525146484375,50.044525146484375,1485200,0.0,0.0,0.0
2026-02-04 00:00:00-05:00,50.04452610169967,50.06434631347656,50.04452610169967,50.06434631347656,2005300,0.0,0.0,0.0
2026-02-05 00:00:00-05:00,50.06434631347656,50.06434631347656,50.05443620758811,50.06434631347656,1210800,0.0,0.0,0.0
2026-02-06 00:00:00-05:00,50.06434730195769,50.084171295166016,50.06434730195769,50.084171295166016,1737100,0.0,0.0,0.0
2026-02-09 00:00:00-05:00,50.084171295166016,50.09408518229023,50.0742611890819,50.084171295166016,1587900,0.0,0.0,0.0
2026-02-10 00:00:00-05:00,50.08417180613402,50.094085693359375,50.08417180613402,50.094085693359375,1313000,0.0,0.0,0.0
2026-02-11 00:00:00-05:00,50.08417180613402,50.094085693359375,50.08417180613402,50.094085693359375,1076700,0.0,0.0,0.0
2026-02-12 00:00:00-05:00,50.09408617057584,50.10399627685547,50.084172283256045,50.10399627685547,2268000,0.0,0.0,0.0
2026-02-13 00:00:00-05:00,50.11391115206993,50.12382125854492,50.11391115206993,50.12382125854492,1076200,0.0,0.0,0.0
2026-02-17 00:00:00-05:00,50.11391067504883,50.12382078142948,50.11391067504883,50.11391067504883,1520300,0.0,0.0,0.0
2026-02-18 00:00:00-05:00,50.13373565673828,50.13373565673828,50.12382176912207,50.13373565673828,2323000,0.0,0.0,0.0
2026-02-19 00:00:00-05:00,50.12382125854492,50.13373514606015,50.12382125854492,50.12382125854492,2194600,0.0,0.0,0.0
2026-02-20 00:00:00-05:00,50.153552531453386,50.153552531453386,50.14364242553711,50.14364242553711,1907800,0.0,0.0,0.0
2026-02-23 00:00:00-05:00,50.153552531453386,50.153552531453386,50.14364242553711,50.14364242553711,1256300,0.0,0.0,0.0
2026-02-24 00:00:00-05:00,50.1535530090332,50.16346689608391,50.1535530090332,50.1535530090332,945100,0.0,0.0,0.0
2026-02-25 00:00:00-05:00,50.1535530090332,50.16346689608391,50.1535530090332,50.1535530090332,1009600,0.0,0.0,0.0
2026-02-26 00:00:00-05:00,50.16346740722656,50.16346740722656,50.16346740722656,50.16346740722656,971000,0.0,0.0,0.0
2026-02-27 00:00:00-05:00,50.183291877968706,50.183291877968706,50.173377990722656,50.173377990722656,1447600,0.0,0.0,0.0
2026-03-02 00:00:00-05:00,50.175364773350644,50.185306549072266,50.175364773350644,50.185306549072266,1835000,0.142,0.0,0.0
2026-03-03 00:00:00-05:00,50.185306549072266,50.19524453311741,50.175364773350644,50.185306549072266,1538400,0.0,0.0,0.0
2026-03-04 00:00:00-05:00,50.1853058515422,50.19524383544922,50.1853058515422,50.19524383544922,1153700,0.0,0.0,0.0
2026-03-05 00:00:00-05:00,50.19524695199939,50.20518493652344,50.185308967475336,50.20518493652344,2142500,0.0,0.0,0.0
2026-03-06 00:00:00-05:00,50.20518426153061,50.215126037597656,50.20518426153061,50.215126037597656,1538300,0.0,0.0,0.0
2026-03-09 00:00:00-04:00,50.225064021988096,50.225064021988096,50.215126037597656,50.215126037597656,1855100,0.0,0.0,0.0
2026-03-10 00:00:00-04:00,50.22506332397461,50.22506332397461,50.215125339722285,50.22506332397461,2436000,0.0,0.0,0.0
2026-03-11 00:00:00-04:00,50.2250626492535,50.23500442504883,50.2250626492535,50.23500442504883,2522000,0.0,0.0,0.0
2026-03-12 00:00:00-04:00,50.23500372744497,50.24494171142578,50.22506195178771,50.24494171142578,3492800,0.0,0.0,0.0
2026-03-13 00:00:00-04:00,50.254886627197266,50.254886627197266,50.2449448509188,50.254886627197266,2039000,0.0,0.0,0.0
2026-03-16 00:00:00-04:00,50.25488592911049,50.26482391357422,50.244944152970135,50.26482391357422,1539100,0.0,0.0,0.0
2026-03-17 00:00:00-04:00,50.26482391357422,50.27476568971458,50.26482391357422,50.26482391357422,1328900,0.0,0.0,0.0
2026-03-18 00:00:00-04:00,50.26482391357422,50.27476568971458,50.26482391357422,50.26482391357422,1326700,0.0,0.0,0.0
2026-03-19 00:00:00-04:00,50.2747688293457,50.2747688293457,50.26482705258449,50.2747688293457,1810800,0.0,0.0,0.0
2026-03-20 00:00:00-04:00,50.284705417291384,50.29464340209961,50.27476743248316,50.29464340209961,2393100,0.0,0.0,0.0
2026-03-23 00:00:00-04:00,50.29464340209961,50.29464340209961,50.284705417291384,50.29464340209961,2337100,0.0,0.0,0.0
2026-03-24 00:00:00-04:00,50.29464272682232,50.30458450317383,50.29464272682232,50.30458450317383,2248600,0.0,0.0,0.0
2026-03-25 00:00:00-04:00,50.3045851785846,50.3045851785846,50.29464340209961,50.29464340209961,1315600,0.0,0.0,0.0
2026-03-26 00:00:00-04:00,50.29464272682232,50.30458450317383,50.29464272682232,50.30458450317383,1562200,0.0,0.0,0.0
2026-03-27 00:00:00-04:00,50.3045831301413,50.324462890625,50.3045831301413,50.324462890625,2745300,0.0,0.0,0.0
2026-03-30 00:00:00-04:00,50.33440087502854,50.33440087502854,50.324462890625,50.324462890625,2122400,0.0,0.0,0.0
2026-03-31 00:00:00-04:00,50.33440087502854,50.33440087502854,50.324462890625,50.324462890625,2786700,0.0,0.0,0.0
2026-04-01 00:00:00-04:00,50.33642578125,50.33642578125,50.32645406860825,50.33642578125,2208100,0.152,0.0,0.0
2026-04-02 00:00:00-04:00,50.356361389160156,50.356361389160156,50.34639347965428,50.356361389160156,1986800,0.0,0.0,0.0
2026-04-06 00:00:00-04:00,50.34639347965428,50.356361389160156,50.34639347965428,50.356361389160156,1262000,0.0,0.0,0.0
2026-04-07 00:00:00-04:00,50.366333101760084,50.366333101760084,50.356361389160156,50.356361389160156,1215200,0.0,0.0,0.0
2026-04-08 00:00:00-04:00,50.356361295231174,50.3663330078125,50.356361295231174,50.3663330078125,1733000,0.0,0.0,0.0
2026-04-09 00:00:00-04:00,50.37630091729978,50.37630091729978,50.3663330078125,50.3663330078125,1843900,0.0,0.0,0.0
2026-04-10 00:00:00-04:00,50.37630071787807,50.396240339867745,50.37630071787807,50.38627243041992,1726400,0.0,0.0,0.0
2026-04-13 00:00:00-04:00,50.38627243041992,50.396240339867745,50.38627243041992,50.38627243041992,2164100,0.0,0.0,0.0
2026-04-14 00:00:00-04:00,50.38627232494804,50.396240234375,50.38627232494804,50.396240234375,2672300,0.0,0.0,0.0
2026-04-15 00:00:00-04:00,50.396240234375,50.40621194689598,50.396240234375,50.396240234375,1590300,0.0,0.0,0.0
2026-04-16 00:00:00-04:00,50.396240234375,50.40621194689598,50.396240234375,50.396240234375,1432800,0.0,0.0,0.0
2026-04-17 00:00:00-04:00,50.406215561537934,50.41618347167969,50.406215561537934,50.41618347167969,2119100,0.0,0.0,0.0
2026-04-20 00:00:00-04:00,50.41618347167969,50.42615518491574,50.41618347167969,50.41618347167969,1805300,0.0,0.0,0.0
2026-04-21 00:00:00-04:00,50.42615498418503,50.43612289428711,50.416183270988675,50.43612289428711,1836500,0.0,0.0,0.0
2026-04-22 00:00:00-04:00,50.43612289428711,50.43612289428711,50.42615498418503,50.43612289428711,1712200,0.0,0.0,0.0
2026-04-23 00:00:00-04:00,50.43612289428711,50.43612289428711,50.42615498418503,50.43612289428711,1704400,0.0,0.0,0.0
2026-04-24 00:00:00-04:00,50.44609060373784,50.45606231689453,50.44609060373784,50.45606231689453,1741300,0.0,0.0,0.0
2026-04-27 00:00:00-04:00,50.45606231689453,50.45606231689453,50.44609060373784,50.45606231689453,1312100,0.0,0.0,0.0
2026-04-28 00:00:00-04:00,50.46603022695696,50.46603022695696,50.45606231689453,50.45606231689453,1267300,0.0,0.0,0.0
2026-04-29 00:00:00-04:00,50.466030026384885,50.47600173950195,50.466030026384885,50.47600173950195,1111300,0.0,0.0,0.0
2026-04-30 00:00:00-04:00,50.48596964952477,50.48596964952477,50.47600173950195,50.47600173950195,1288200,0.0,0.0,0.0
2026-05-01 00:00:00-04:00,50.5,50.5,50.4900016784668,50.4900016784668,1630000,0.154,0.0,0.0
2026-05-04 00:00:00-04:00,50.5,50.5099983215332,50.5,50.5,1586100,0.0,0.0,0.0
2026-05-05 00:00:00-04:00,50.5099983215332,50.5099983215332,50.5,50.5099983215332,1372200,0.0,0.0,0.0
2026-05-06 00:00:00-04:00,50.52000045776367,50.52000045776367,50.5099983215332,50.52000045776367,3679700,0.0,0.0,0.0
2026-05-07 00:00:00-04:00,50.52000045776367,50.52000045776367,50.5099983215332,50.52000045776367,1384100,0.0,0.0,0.0
2026-05-08 00:00:00-04:00,50.540000915527344,50.540000915527344,50.529998779296875,50.540000915527344,789000,0.0,0.0,0.0
2026-05-11 00:00:00-04:00,50.540000915527344,50.540000915527344,50.529998779296875,50.540000915527344,1180200,0.0,0.0,0.0
2026-05-12 00:00:00-04:00,50.54999923706055,50.54999923706055,50.540000915527344,50.54999923706055,954000,0.0,0.0,0.0
2026-05-13 00:00:00-04:00,50.54999923706055,50.54999923706055,50.540000915527344,50.54999923706055,1479100,0.0,0.0,0.0
2026-05-14 00:00:00-04:00,50.560001373291016,50.560001373291016,50.54999923706055,50.560001373291016,1065100,0.0,0.0,0.0
2026-05-15 00:00:00-04:00,50.560001373291016,50.56999969482422,50.560001373291016,50.560001373291016,1266100,0.0,0.0,0.0
2026-05-18 00:00:00-04:00,50.58000183105469,50.58000183105469,50.56999969482422,50.58000183105469,1777200,0.0,0.0,0.0
2026-05-19 00:00:00-04:00,50.58000183105469,50.59000015258789,50.58000183105469,50.58000183105469,1624600,0.0,0.0,0.0
2026-05-20 00:00:00-04:00,50.59000015258789,50.59000015258789,50.58000183105469,50.59000015258789,1216900,0.0,0.0,0.0
2026-05-21 00:00:00-04:00,50.599998474121094,50.599998474121094,50.59000015258789,50.59000015258789,1043100,0.0,0.0,0.0
2026-05-22 00:00:00-04:00,50.61000061035156,50.61000061035156,50.599998474121094,50.61000061035156,1135500,0.0,0.0,0.0
2026-05-26 00:00:00-04:00,50.619998931884766,50.619998931884766,50.61000061035156,50.61000061035156,1487500,0.0,0.0,0.0
2026-05-27 00:00:00-04:00,50.619998931884766,50.619998931884766,50.61000061035156,50.619998931884766,1158700,0.0,0.0,0.0
2026-05-28 00:00:00-04:00,50.619998931884766,50.630001068115234,50.619998931884766,50.619998931884766,1832300,0.0,0.0,0.0
2026-05-29 00:00:00-04:00,50.630001068115234,50.63999938964844,50.630001068115234,50.630001068115234,1676900,0.0,0.0,0.0
